WORDCOUNTS,WEIGHT
the,805
of,424
to,316
and,280
in,220
a,152
s,126
was,120
league,115
that,100
as,90
by,87
for,84
free,81
cobden,72
british,71
on,70
with,69
trade,66
pp,63
from,59
it,49
this,45
sturge,45
were,43
at,42
slavery,42
an,42
law,42
american,41
his,41
p,35
which,35
corn,35
their,33
bfass,31
be,31
papers,29
is,28
between,28
laws,27
would,27
sugar,27
states,27
society,26
he,26
over,26
had,25
also,25
not,25
movement,24
such,22
moral,22
green,22
may,21
gobden,21
britain,21
united,21
peace,21
slave,20
however,20
its,20
london,19
but,19
calhoun,19
vol,18
richard,18
manchester,18
morgan,18
see,18
while,18
both,18
when,17
these,17
against,16
southern,16
éd,16
campaign,16
fos,15
traders,15
letters,15
more,15
reform,15
west,14
repeal,14
economic,14
party,14
john,14
been,14
joseph,14
although,14
d,14
abolition,13
into,13
all,13
apr,13
leavitt,13
slaves,13
passim,13
thompson,13
question,13
ms,12
abolitionists,12
other,12
howe,12
support,12
tyrrell,12
circular,12
emancipation,12
ch,12
duties,12
who,12
j,11
system,11
june,11
two,11
simon,11
campaigns,11
women,10
political,10
america,10
has,10
oct,10
july,10
indian,10
tariff,10
labour,10
sept,10
george,10
movements,10
have,10
market,9
they,9
history,9
there,9
issue,9
most,9
could,9
war,9
religious,9
relationship,9
are,9
particularly,9
them,9
cause,9
add,9
much,9
letter,8
relations,8
duff,8
influence,8
policy,8
societies,8
supporters,8
people,8
or,8
oregon,8
latter,8
despite,8
if,7
one,7
h,7
england,7
government,7
i,7
tyler,7
g,7
convention,7
similar,7
means,7
w,7
committee,7
m,7
friends,7
r,7
abolitionist,7
apparent,7
make,7
oxford,7
only,7
many,7
pressure,7
new,7
causes,7
article,7
tactics,7
james,7
bright,7
natural,7
printed,7
ashworth,7
economy,7
feb,7
produce,7
popular,7
arguments,7
our,7
c,7
early,7
meeting,7
common,6
e,6
liberty,6
principles,6
brit,6
politics,6
immediate,6
cambridge,6
aclc,6
even,6
than,6
aim,6
b,6
white,6
rice,6
important,6
opinion,6
international,6
public,6
well,6
example,6
during,6
own,6
reporter,6
world,6
appeal,6
south,6
bread,6
under,6
same,6
transatlantic,6
garrison,6
open,6
language,6
countries,6
him,6
after,6
thomas,6
liberalism,6
wilson,6
meant,6
pickering,6
historical,6
evangelical,6
conference,6
colonial,6
nov,6
did,6
fiscal,6
position,5
total,5
before,5
t,5
interests,5
context,5
case,5
key,5
some,5
interest,5
apprenticeship,5
effective,5
no,5
humanity,5
organization,5
n,5
ministers,5
cotton,5
radical,5
markets,5
library,5
failure,5
colonies,5
used,5
published,5
up,5
correspondence,5
provided,5
seemed,5
antislavery,5
us,5
social,5
members,5
factory,5
foreign,5
time,5
pease,5
eds,5
controversy,5
temperley,5
made,5
upon,5
black,5
martin,5
combe,5
we,5
mcduffie,5
itself,5
experiment,5
any,5
following,5
suffering,5
extent,5
argument,5
need,5
you,5
views,5
taylor,5
should,5
major,5
order,4
way,4
groups,4
commitment,4
measures,4
mar,4
english,4
former,4
prentice,4
plantations,4
arguing,4
reprinted,4
first,4
fielden,4
vols,4
might,4
advantage,4
great,4
able,4
those,4
planters,4
october,4
very,4
himself,4
conflict,4
review,4
leaguers,4
agitation,4
response,4
journal,4
apparently,4
william,4
drescher,4
whose,4
links,4
developed,4
how,4
protectionist,4
earlier,4
meardon,4
university,4
argued,4
beyond,4
view,4
came,4
opposition,4
because,4
civil,4
year,4
partly,4
stimulate,4
prices,4
militant,4
decline,4
therefore,4
polk,4
led,4
second,4
emp,4
about,4
cheap,4
brewin,4
put,4
towards,4
debates,4
aug,4
rhetoric,4
men,4
leeds,4
establish,4
metropolitan,4
remained,4
demonstrated,4
lecture,4
sold,4
chs,4
ties,4
allowed,4
become,4
grain,4
saw,4
connections,4
attention,4
mss,4
walvin,4
each,4
different,4
global,4
leaders,4
propaganda,4
domestic,4
goods,4
idem,4
particular,4
abolitionism,4
dissenters,4
scoble,4
city,4
became,4
role,4
tried,4
jan,4
come,4
formation,4
until,4
instead,4
usa,4
association,4
broader,4
close,4
difficult,3
now,3
evangelicalism,3
extend,3
minutes,3
church,3
just,3
basingstoke,3
large,3
complex,3
birmingham,3
ma,3
authority,3
walker,3
protection,3
source,3
being,3
later,3
attempt,3
nature,3
fully,3
greatly,3
henry,3
hostile,3
curtis,3
rethinking,3
encouraging,3
draw,3
determined,3
wsro,3
central,3
thus,3
development,3
inevitable,3
since,3
anticorn,3
developments,3
let,3
poor,3
york,3
main,3
across,3
forced,3
active,3
opportunity,3
direct,3
india,3
villiers,3
elsewhere,3
impact,3
house,3
frequently,3
age,3
followed,3
spiritual,3
hereafter,3
helped,3
preference,3
tariffs,3
result,3
columbia,3
out,3
mantle,3
brought,3
heavily,3
irish,3
place,3
whilst,3
commerce,3
successful,3
texas,3
always,3
appropriate,3
nations,3
will,3
nonetheless,3
acknowledged,3
spencer,3
birney,3
competition,3
joshua,3
lloyd,3
thought,3
counterparts,3
liberator,3
haughton,3
forge,3
power,3
mighty,3
l,3
smith,3
lack,3
pamphlet,3
associates,3
charges,3
took,3
necessary,3
ibid,3
another,3
understanding,3
divided,3
churches,3
alliance,3
encouraged,3
significant,3
largely,3
congress,3
clear,3
try,3
held,3
controversies,3
so,3
dissenting,3
high,3
played,3
manufacturers,3
keen,3
least,3
promote,3
claiming,3
probably,3
attracted,3
carried,3
continued,3
practical,3
dec,3
force,3
began,3
returned,3
effectively,3
anxious,3
class,3
often,3
hope,3
chamber,3
articles,3
supply,3
anstey,3
believed,3
whig,3
founded,3
demonstrate,3
dissident,3
reciprocity,3
spring,3
peel,3
dimension,3
blair,3
principle,3
far,3
primary,3
ritchie,3
disputes,3
turned,3
what,3
making,3
agricultural,3
edinburgh,3
her,3
through,3
press,3
convinced,3
buy,3
obtain,3
energies,3
suffrage,3
radicalism,3
north,3
negro,3
years,3
finally,3
aware,3
crisis,3
charles,3
potential,3
point,3
valley,3
among,3
ending,2
archives,2
heroic,2
concerned,2
opponent,2
concern,2
peaceful,2
personnel,2
distress,2
announced,2
told,2
designed,2
formed,2
strictly,2
approaches,2
candidate,2
atonement,2
wiltse,2
western,2
gladstonian,2
amongst,2
experience,2
anti,2
undermine,2
electoral,2
long,2
every,2
production,2
fundraising,2
memorial,2
tour,2
pragmatic,2
agrarian,2
conditions,2
differences,2
transferred,2
scheme,2
mississippi,2
take,2
subsequent,2
pelham,2
mind,2
robert,2
midgley,2
complicated,2
within,2
existence,2
firm,2
right,2
negotiating,2
account,2
possible,2
stance,2
radicals,2
buxton,2
human,2
upheld,2
explained,2
due,2
anstie,2
divine,2
regarded,2
mccord,2
price,2
progressive,2
elements,2
keep,2
approval,2
allowing,2
drawn,2
communication,2
repudiated,2
though,2
denominations,2
aristocracy,2
century,2
revivals,2
bring,2
aimed,2
notable,2
edward,2
importance,2
k,2
danger,2
factors,2
moreover,2
addressing,2
understand,2
tensions,2
evil,2
established,2
benefits,2
emergence,2
liberal,2
upper,2
putting,2
victorian,2
pious,2
providing,2
quietist,2
opponents,2
distribution,2
based,2
whom,2
found,2
sectionalists,2
henceforth,2
events,2
fo,2
initial,2
efforts,2
culture,2
term,2
late,2
left,2
outset,2
setting,2
viewed,2
priorities,2
explored,2
your,2
tack,2
gained,2
provincial,2
having,2
participation,2
basis,2
line,2
work,2
deputies,2
organize,2
part,2
reduction,2
revealed,2
gender,2
elizabeth,2
securing,2
lyrrell,2
broad,2
away,2
reflect,2
il,2
monopoly,2
president,2
status,2
wheat,2
good,2
supplying,2
legacy,2
sense,2
caused,2
allegiance,2
box,2
around,2
feelings,2
telling,2
core,2
parliament,2
annual,2
quakers,2
majority,2
newly,2
hypocrisy,2
business,2
io,2
demand,2
various,2
contended,2
short,2
wrote,2
limited,2
female,2
object,2
april,2
converted,2
above,2
comments,2
initially,2
quaker,2
single,2
once,2
meanwhile,2
treaty,2
suited,2
mission,2
borrowed,2
tax,2
complete,2
lord,2
reply,2
moments,2
act,2
organizations,2
leader,2
successfully,2
death,2
financial,2
endorse,2
chartism,2
indies,2
plan,2
beliefs,2
enable,2
demonstrating,2
end,2
doubt,2
succeeding,2
convert,2
man,2
discussed,2
audiences,2
forms,2
do,2
fladeland,2
ground,2
where,2
developing,2
competitors,2
aiming,2
council,2
rancor,2
sir,2
local,2
recognizing,2
vast,2
atlantic,2
preferential,2
range,2
represented,2
sides,2
including,2
manufactured,2
use,2
food,2
assumption,2
engaging,2
questions,2
sic,2
nevertheless,2
rejected,2
low,2
three,2
express,2
agreement,2
invincible,2
workers,2
august,2
divisions,2
change,2
reformers,2
ended,2
presidential,2
exchange,2
why,2
slaveholders,2
interpretations,2
can,2
northern,2
institution,2
engagement,2
remarkable,2
controversial,2
competed,2
division,2
attended,2
culmination,2
increasing,2
suggestion,2
emulation,2
me,2
veneration,2
africa,2
independent,2
vision,2
erstwhile,2
attitude,2
favour,2
primarily,2
success,2
seen,2
contribution,2
lucas,2
life,2
efficiency,2
blood,2
sympathy,2
face,2
niger,2
reciprocal,2
contained,2
eventually,2
must,2
simply,2
committees,2
rival,2
willingness,2
supported,2
emancipator,2
here,2
set,2
patriot,2
belko,2
country,2
connection,2
unknown,2
down,2
expense,2
universal,2
then,2
perfectly,2
benefit,2
past,2
masters,2
subordinate,2
burritt,2
helping,2
hall,2
proceedings,2
whether,2
involvement,2
manufactures,2
too,2
gatherings,2
thereby,2
ohio,2
concessions,2
measure,2
using,2
aims,2
webb,2
moderate,2
commercial,2
national,2
contributed,2
offer,2
land,2
already,2
seeks,2
off,2
increased,2
moved,2
galhoun,2
territories,2
themselves,2
reached,2
freetrade,2
import,2
evangelicals,2
hilton,2
race,2
sufficiently,1
final,1
repay,1
dominant,1
supremely,1
donations,1
confessor,1
stoddart,1
thwarted,1
agitations,1
o,1
done,1
personally,1
discourage,1
admonished,1
sussex,1
limits,1
prefer,1
discouraging,1
mancunian,1
appealed,1
conflicting,1
declared,1
anthony,1
adopt,1
productions,1
cent,1
cataclysm,1
privately,1
toned,1
guaranteeing,1
ready,1
expending,1
boycott,1
tory,1
engendered,1
iowa,1
expedition,1
schism,1
discredited,1
college,1
heights,1
mire,1
ump,1
eclipsed,1
fissiparous,1
adoption,1
proselytizing,1
introduction,1
federation,1
notably,1
quandary,1
per,1
passing,1
connect,1
forcing,1
conversion,1
group,1
needed,1
languished,1
reverence,1
denied,1
agency,1
diplomatic,1
essays,1
hull,1
likely,1
regulations,1
specialist,1
true,1
federal,1
mexican,1
studies,1
sublime,1
intermittent,1
sustainment,1
ordained,1
considerations,1
station,1
contention,1
unnatural,1
darlington,1
necessarily,1
francis,1
occurred,1
subjection,1
ambitious,1
cit,1
harvests,1
fragile,1
contested,1
civic,1
palpable,1
precursors,1
my,1
proclamation,1
prosperous,1
intentions,1
consistent,1
member,1
december,1
lxxvii,1
provision,1
davis,1
labor,1
parliamentary,1
creation,1
upholding,1
ii,1
fund,1
military,1
feeling,1
investments,1
acutely,1
secretary,1
capitalists,1
promoting,1
xxi,1
emerged,1
advanced,1
freely,1
historiography,1
affirmed,1
unjust,1
immense,1
reach,1
attractive,1
available,1
route,1
elihu,1
interwoven,1
paramount,1
secondary,1
assertion,1
suggesting,1
together,1
accompanied,1
tours,1
desire,1
reasons,1
confusion,1
wither,1
embittered,1
defections,1
tactic,1
germination,1
abtc,1
liverpool,1
achievement,1
follows,1
unholy,1
link,1
quintessential,1
closer,1
reveal,1
report,1
room,1
tx,1
providence,1
argue,1
resulting,1
kingdom,1
debt,1
demoralization,1
help,1
inadvertently,1
achieved,1
xx,1
damage,1
folks,1
spall,1
strength,1
hansard,1
faithful,1
meantime,1
state,1
date,1
emphasized,1
secondly,1
prohibiting,1
gifts,1
platforms,1
cawley,1
signs,1
dd,1
lecturer,1
citizenship,1
retrenchment,1
less,1
growing,1
side,1
cue,1
corresponded,1
alfred,1
lemperley,1
attacked,1
tie,1
mooting,1
righteous,1
money,1
draws,1
advice,1
motion,1
propensity,1
bones,1
iv,1
masked,1
agriculture,1
discuss,1
accursed,1
weston,1
pacifism,1
retain,1
untrammelled,1
indirectly,1
opened,1
felt,1
prior,1
cooperation,1
activity,1
shared,1
proslavery,1
adopting,1
election,1
prove,1
move,1
countered,1
cabin,1
fractures,1
whatever,1
apart,1
smooth,1
bell,1
say,1
brooked,1
resources,1
uncertain,1
household,1
still,1
carolina,1
undoubtedly,1
economies,1
safely,1
urging,1
warfare,1
audience,1
pursuing,1
vindication,1
mid,1
modelled,1
winning,1
learned,1
regarding,1
resonated,1
disreputable,1
amendment,1
throughout,1
denying,1
collapse,1
differential,1
enslave,1
bewlay,1
merchants,1
facts,1
reject,1
run,1
scottish,1
coached,1
september,1
author,1
supportive,1
revd,1
scarce,1
millennium,1
oppressor,1
civilizing,1
relatively,1
ability,1
biddle,1
moment,1
brother,1
excerpted,1
consumer,1
reproduced,1
february,1
mild,1
extensively,1
industrial,1
vanished,1
ferguson,1
affairs,1
exhausted,1
funds,1
vitriol,1
attracting,1
priority,1
turn,1
decisions,1
old,1
blame,1
truism,1
lax,1
perspective,1
veto,1
inclinations,1
intercourse,1
profound,1
averring,1
back,1
subjects,1
encompass,1
body,1
highest,1
lancashire,1
inception,1
served,1
egypt,1
ally,1
honour,1
kinship,1
intervening,1
witnessed,1
jacob,1
employers,1
enlightened,1
publications,1
like,1
warned,1
committing,1
obscure,1
ioi,1
sin,1
mad,1
look,1
practically,1
critique,1
scarcity,1
strengthening,1
vitriolic,1
leadership,1
general,1
abil,1
sisterhood,1
southall,1
acknowledge,1
join,1
adjust,1
compromise,1
evenly,1
businessmen,1
loans,1
gillespie,1
realization,1
pusillanimous,1
coherence,1
incentive,1
perfect,1
militarily,1
cheapest,1
contiguity,1
civilization,1
operation,1
underlay,1
alive,1
enhancing,1
jiffy,1
wishes,1
recognized,1
adequate,1
màà,1
subordination,1
criticism,1
monopolies,1
favourably,1
hopes,1
without,1
testimony,1
rather,1
temau,1
subjected,1
disquiet,1
destroy,1
traffic,1
leading,1
impetus,1
remain,1
shibboleth,1
possession,1
anglican,1
influential,1
decades,1
crash,1
gradualist,1
biggest,1
conundrum,1
hansen,1
stack,1
lasting,1
politicians,1
deliberately,1
fixated,1
edwin,1
coffee,1
supplement,1
lamented,1
lsijhe,1
leave,1
fetters,1
electorate,1
hearing,1
benjamin,1
contributions,1
generating,1
references,1
possess,1
believing,1
echoed,1
distant,1
lay,1
gentlemanly,1
summarized,1
cannonical,1
feel,1
congressional,1
respectability,1
consequences,1
scattered,1
front,1
absorbed,1
enlisted,1
accounts,1
voluntarily,1
utterly,1
insistence,1
subordinated,1
andjnends,1
proving,1
bad,1
facilitated,1
soon,1
vastly,1
consider,1
delegation,1
auspicious,1
intercept,1
triumphant,1
frederick,1
image,1
gladstone,1
linked,1
vindicated,1
endeavoured,1
volte,1
section,1
quoted,1
imitation,1
record,1
promotion,1
welfare,1
decade,1
contemporaries,1
excitement,1
restricted,1
witnessing,1
advancing,1
leicester,1
gloucester,1
additional,1
origins,1
powerful,1
surface,1
passed,1
efficient,1
testament,1
uncle,1
requires,1
oppression,1
exploitation,1
slaveholding,1
willing,1
plight,1
shifted,1
restriction,1
growers,1
erroneous,1
devastate,1
chartists,1
projected,1
negroes,1
suggested,1
admiration,1
drawing,1
constitution,1
secuonalist,1
rouse,1
paragraph,1
wrentham,1
greater,1
talking,1
opening,1
closely,1
advance,1
cnwilson,1
lead,1
concentration,1
arrival,1
abandoning,1
declined,1
future,1
fortunes,1
cloak,1
preaching,1
search,1
behalf,1
traditionally,1
attack,1
archibald,1
baton,1
embracing,1
conspicuous,1
economics,1
scotland,1
internationalist,1
facilitate,1
pass,1
boycotts,1
agendas,1
centrally,1
entreat,1
ewing,1
restating,1
almost,1
flirtations,1
struggles,1
attained,1
representative,1
evaluate,1
embedded,1
woo,1
accurately,1
further,1
pioneered,1
prompt,1
vile,1
informed,1
shall,1
cultural,1
weeded,1
focused,1
mainly,1
michigan,1
newfound,1
appears,1
recently,1
philanthropists,1
scale,1
energy,1
wealth,1
placed,1
nothing,1
xvii,1
encounters,1
fox,1
congratulated,1
triumph,1
princeton,1
shelved,1
communicate,1
undersell,1
possibility,1
affair,1
briefly,1
aspects,1
torn,1
representatives,1
keeping,1
offensive,1
network,1
mobilisation,1
episode,1
journals,1
deputation,1
publish,1
contexts,1
foes,1
millenarianism,1
clarkson,1
start,1
carry,1
peases,1
hints,1
voted,1
heart,1
compared,1
protected,1
garnett,1
prominent,1
prompted,1
ceadel,1
purpose,1
competing,1
bazaars,1
knowledge,1
eacn,1
esp,1
anathema,1
thoughts,1
feared,1
reminded,1
englishmen,1
got,1
whole,1
wholesome,1
gave,1
consistently,1
abel,1
dear,1
editorial,1
reynolds,1
issues,1
fruitful,1
vociferous,1
misinformed,1
thereafter,1
bankrupt,1
device,1
et,1
personal,1
employed,1
believes,1
xviii,1
favourite,1
fought,1
won,1
meddling,1
hostility,1
monroe,1
memoirs,1
famine,1
eastern,1
kindle,1
contradictions,1
interested,1
approach,1
launching,1
boston,1
citing,1
petticoat,1
solution,1
brougham,1
unhallowed,1
field,1
recanted,1
coup,1
hardly,1
staunch,1
wellbeing,1
coupled,1
protest,1
politically,1
exhorted,1
precedents,1
mediterranean,1
discourse,1
standpoint,1
reaches,1
phrase,1
quite,1
ward,1
métropole,1
settlement,1
bondsmen,1
parkes,1
event,1
involved,1
veteran,1
inextricably,1
outbreak,1
mnerst,1
calling,1
rylands,1
sufficient,1
driving,1
few,1
wider,1
rhetorics,1
governments,1
industry,1
mi,1
facility,1
research,1
choosing,1
protect,1
equalization,1
differing,1
impossible,1
enquire,1
coast,1
occasions,1
incurred,1
managed,1
dependent,1
productivity,1
results,1
proper,1
describes,1
paid,1
engraft,1
wounds,1
peculiar,1
annexation,1
clauses,1
substituted,1
lincoln,1
visit,1
ub,1
am,1
actions,1
geographical,1
activities,1
slavegrown,1
capturing,1
avoid,1
champion,1
contacted,1
subsequently,1
survived,1
believers,1
renounce,1
imports,1
threatened,1
f,1
critical,1
defended,1
deflect,1
republican,1
highlights,1
unofficial,1
blight,1
situation,1
abdy,1
xxin,1
stronger,1
hegemony,1
discriminatory,1
matter,1
gurney,1
bringing,1
interference,1
indicative,1
subverted,1
waning,1
glasgow,1
tune,1
happy,1
launch,1
retarding,1
subject,1
play,1
successes,1
minority,1
motivated,1
adopted,1
commit,1
nearly,1
remoulded,1
deviation,1
reduce,1
andj,1
community,1
cole,1
petitioning,1
intervention,1
bill,1
bankers,1
charm,1
strife,1
collapsed,1
hitherto,1
backed,1
zeal,1
sectional,1
supplier,1
bodleian,1
politks,1
aborigines,1
effectually,1
relied,1
portrayed,1
sympathies,1
interpretation,1
reference,1
fruition,1
intense,1
salvation,1
rules,1
rhodes,1
message,1
phrenological,1
god,1
challenged,1
official,1
easing,1
boundary,1
thesis,1
northwest,1
marshall,1
symptomatic,1
included,1
collectively,1
abandon,1
friendship,1
naval,1
exalt,1
switch,1
al,1
nwkol,1
upholder,1
appeals,1
wisconsin,1
odds,1
gay,1
reports,1
boost,1
noted,1
situates,1
suffragist,1
chose,1
blacksmith,1
persuade,1
constituency,1
stemmed,1
uncontested,1
name,1
pinning,1
nereaner,1
seduced,1
seamier,1
temporarily,1
upset,1
stated,1
humanitarian,1
strike,1
tarif,1
others,1
crucial,1
preserve,1
procured,1
campaigning,1
towns,1
cooption,1
lowering,1
addition,1
winter,1
water,1
hail,1
lobby,1
naive,1
twenty,1
lett,1
aldershot,1
scholars,1
areas,1
revenue,1
britons,1
instability,1
polluted,1
unidentified,1
appeared,1
afraid,1
abstract,1
exclusion,1
attempting,1
philanthropy,1
reasoning,1
suppressed,1
inconsistency,1
break,1
mclaren,1
importation,1
connell,1
hear,1
gray,1
clause,1
palliative,1
shoulder,1
prejudicial,1
hmp,1
seize,1
navy,1
agitator,1
considerable,1
tfrit,1
entertained,1
removal,1
external,1
bradford,1
aggressive,1
brotherhood,1
contradistinction,1
disseminate,1
outside,1
greeted,1
gtaylor,1
v,1
present,1
mcgord,1
model,1
advising,1
equitable,1
ensured,1
hated,1
flesh,1
answer,1
forth,1
spoke,1
material,1
embroil,1
colony,1
focusing,1
gash,1
perhaps,1
woman,1
lean,1
distance,1
revenues,1
number,1
wood,1
compete,1
remarkably,1
violent,1
attacking,1
charleston,1
meetings,1
credit,1
excerpt,1
classes,1
private,1
bond,1
greatest,1
ignored,1
gleadle,1
father,1
survive,1
excluding,1
examples,1
effectiveness,1
restrictions,1
prevention,1
reversed,1
eighteenth,1
aylesbury,1
formal,1
trader,1
lake,1
scorned,1
utters,1
previously,1
hollis,1
strongest,1
elite,1
endeavour,1
elections,1
mmerrill,1
entirely,1
expression,1
emphasize,1
bazaar,1
assume,1
maria,1
ideas,1
submitted,1
shorn,1
hopeful,1
recovery,1
unanimity,1
services,1
individuals,1
ameliorate,1
archive,1
sees,1
previous,1
office,1
junior,1
advantages,1
theories,1
rouge,1
students,1
platform,1
aristocratic,1
significance,1
exports,1
groove,1
discovered,1
urbana,1
biblical,1
diplomacy,1
emphasizing,1
authors,1
polarized,1
turbulent,1
peripheral,1
publication,1
reputation,1
dominated,1
oldfield,1
essay,1
peter,1
ireland,1
urge,1
recipient,1
bcoble,1
emissary,1
jtfritish,1
uawara,1
individual,1
times,1
sliding,1
helpful,1
period,1
spread,1
fellow,1
summer,1
mask,1
farms,1
editonal,1
cirencester,1
kept,1
losing,1
commons,1
enriched,1
standard,1
abundant,1
palmerston,1
fowell,1
imagination,1
never,1
quick,1
proclaim,1
accused,1
faith,1
shackles,1
conclusions,1
especially,1
facing,1
lukewarm,1
enough,1
admonitory,1
rancour,1
hand,1
successors,1
kicking,1
garrisonians,1
stand,1
xvi,1
biographer,1
banking,1
incompatible,1
effect,1
organizers,1
structure,1
enthusiastically,1
dragged,1
consumption,1
capitalism,1
rhetorical,1
dominance,1
looked,1
prohibitive,1
forefront,1
sales,1
versus,1
unwonted,1
destruction,1
reforms,1
attend,1
ago,1
quarter,1
outright,1
achieve,1
vain,1
la,1
pastor,1
convincingly,1
dissentient,1
justice,1
examines,1
decision,1
separate,1
overlapping,1
bee,1
ranging,1
farm,1
lull,1
accepting,1
christian,1
chances,1
alex,1
courting,1
raise,1
interdependent,1
she,1
replied,1
provide,1
recast,1
overture,1
sometimes,1
figure,1
opportunism,1
gathering,1
usually,1
reassesses,1
relieved,1
naturally,1
fcmp,1
bound,1
claimed,1
imperatives,1
exacerbated,1
wing,1
secure,1
bulletin,1
disagreements,1
cuba,1
directions,1
detailed,1
armed,1
mbs,1
render,1
credited,1
overlap,1
remaining,1
peril,1
rapidly,1
executive,1
expert,1
caernarfon,1
remembrance,1
successor,1
satisfaction,1
nonintervention,1
infidelity,1
recantation,1
remonstrated,1
education,1
supporting,1
exists,1
get,1
problematic,1
cols,1
unacceptable,1
sandon,1
earliest,1
vehemence,1
striving,1
stephen,1
stipulation,1
squadron,1
tyrant,1
school,1
proof,1
neglected,1
duncan,1
dissipation,1
eschewed,1
exercised,1
loaf,1
ioo,1
actually,1
reliant,1
senior,1
underpinned,1
impulse,1
ameliorating,1
conclusion,1
exemplified,1
changing,1
injected,1
peoples,1
dalliance,1
economically,1
geadel,1
forwarded,1
pletcher,1
extension,1
eng,1
theme,1
honoured,1
precise,1
physical,1
temporal,1
fraught,1
doi,1
cooled,1
text,1
organizational,1
clement,1
poorest,1
quickly,1
know,1
legislature,1
outcome,1
christy,1
disgruntled,1
mutually,1
mbb,1
refused,1
leedsmet,1
secured,1
cm,1
guaranteed,1
chapman,1
publicly,1
dismantled,1
abandonment,1
expanding,1
auxiliary,1
confident,1
resentment,1
board,1
believe,1
circumvented,1
amoral,1
best,1
ubiquitous,1
straightforward,1
pretence,1
print,1
ph,1
wealthy,1
loyalty,1
capacity,1
followers,1
ideological,1
carlisle,1
brothers,1
boasted,1
parvenu,1
sc,1
brazil,1
enemy,1
privileged,1
dumped,1
uphold,1
proved,1
build,1
associations,1
cities,1
tracts,1
fears,1
ambivalent,1
collaborators,1
richardson,1
consciousness,1
places,1
tottering,1
outlook,1
southerner,1
activism,1
according,1
defending,1
purchase,1
return,1
strained,1
bowring,1
combined,1
bristol,1
rose,1
terms,1
form,1
list,1
overriding,1
trope,1
phillipics,1
nascent,1
delegate,1
erupted,1
mere,1
firmly,1
unnecessary,1
leaving,1
problem,1
underestimate,1
correspondent,1
endorsing,1
divinely,1
extract,1
vehicle,1
shepperson,1
uewiay,1
divide,1
noticed,1
influenced,1
precedent,1
generally,1
don,1
emphasis,1
rally,1
praying,1
prevent,1
port,1
freedom,1
art,1
remunerative,1
portraits,1
providential,1
level,1
occasionally,1
careful,1
code,1
ill,1
reported,1
given,1
decisive,1
introduced,1
prospect,1
confirm,1
november,1
duty,1
african,1
ac,1
techniques,1
withdrawal,1
lies,1
administration,1
step,1
reserves,1
territory,1
rationale,1
impulses,1
turley,1
resistance,1
merchant,1
manufacturing,1
discussion,1
trigger,1
appointed,1
justified,1
mention,1
exploit,1
secede,1
phrenologist,1
accorded,1
refutation,1
remarks,1
diaries,1
campus,1
indiana,1
promoted,1
shown,1
hurriedly,1
survival,1
drafts,1
editor,1
injured,1
difference,1
reveals,1
generate,1
lands,1
bicentenary,1
biagini,1
sensibilities,1
copies,1
quest,1
illinois,1
numerous,1
leverage,1
overrate,1
samuel,1
washington,1
eulogizing,1
explanation,1
documentation,1
course,1
actively,1
americas,1
bondage,1
grown,1
evidence,1
files,1
guiding,1
opinions,1
product,1
transgressed,1
constituencies,1
busts,1
colleagues,1
upshur,1
attempted,1
voluntary,1
philosophy,1
organ,1
grapple,1
outcry,1
objections,1
oastler,1
roles,1
repealed,1
maintaining,1
overtaking,1
dissent,1
holier,1
admitting,1
news,1
cosy,1
assumed,1
root,1
ser,1
third,1
ensuring,1
ascendancy,1
charged,1
succeeded,1
chicago,1
westons,1
debate,1
sharing,1
texts,1
reversing,1
persuaded,1
little,1
develop,1
auxiliaries,1
token,1
immediately,1
strong,1
uk,1
ends,1
drew,1
recent,1
either,1
observed,1
crimean,1
tract,1
sent,1
built,1
dumond,1
termed,1
workings,1
predicated,1
confrontations,1
evidently,1
chartist,1
illuminated,1
depriving,1
