WORDCOUNTS,WEIGHT
the,215
of,176
and,108
a,96
in,81
to,71
that,62
is,56
this,43
s,42
as,33
mofokeng,33
with,26
an,26
for,26
are,25
photography,23
was,22
by,22
documentary,22
it,21
not,19
images,19
from,17
be,17
at,16
work,16
about,15
photojournalism,15
hayes,14
his,13
on,13
but,12
economy,12
photo,12
which,12
world,12
we,12
their,11
one,11
more,11
practice,11
hetherington,11
part,11
or,10
image,10
understanding,10
both,10
things,10
press,9
visual,9
these,9
there,9
can,9
they,9
way,8
if,8
how,8
photographs,8
chanarin,8
http,8
broomberg,8
black,8
south,7
process,7
santu,7
tensions,7
then,7
being,7
real,7
i,7
see,7
through,7
photographic,7
were,7
much,7
he,6
africa,6
photograph,6
who,6
july,6
university,6
most,6
here,6
any,6
reading,6
what,6
conventional,6
questions,6
question,6
accessed,6
www,6
news,6
single,6
than,6
jury,5
rather,5
life,5
blood,5
yet,5
itself,5
afghanistan,5
skin,5
positivist,5
many,5
paper,5
international,5
everyday,5
photographer,5
terms,5
photographers,5
particular,5
tim,5
perhaps,5
some,5
apartheid,5
issues,5
representation,5
com,5
between,5
do,5
visible,5
up,5
even,5
critique,5
so,5
content,5
european,4
does,4
winner,4
landscape,4
struggle,4
technology,4
home,4
our,4
same,4
something,4
view,4
all,4
fact,4
global,4
out,4
pictures,4
those,4
political,4
though,4
where,4
them,4
nature,4
however,4
problem,4
possibility,4
connolly,4
soldier,4
made,4
africapix,4
its,4
went,4
photojournalist,4
campbell,4
have,4
david,4
order,4
realist,4
pho,4
hiv,4
debate,4
enough,3
meaning,3
commentary,3
indeed,3
lies,3
notion,3
army,3
make,3
violence,3
exposure,3
consider,3
us,3
graphs,3
series,3
too,3
highlight,3
beyond,3
picture,3
concerned,3
poole,3
different,3
idea,3
other,3
aids,3
desire,3
events,3
contemporary,3
noting,3
ethos,3
william,3
war,3
visibility,3
issue,3
necessary,3
controversy,3
number,3
because,3
another,3
politics,3
condition,3
new,3
invisible,3
patricia,3
conceptual,3
still,3
concern,3
rendering,3
organization,3
central,3
such,3
status,3
famine,3
visualization,3
like,3
would,3
need,3
comprised,3
create,3
working,3
notes,3
time,3
awards,3
dealing,2
impossibility,2
committed,2
going,2
imaging,2
whose,2
german,2
award,2
nonetheless,2
ethics,2
secular,2
mentary,2
faith,2
main,2
limited,2
per,2
exhausted,2
deborah,2
means,2
dimensions,2
riddled,2
seen,2
establishes,2
assumptions,2
appears,2
certain,2
large,2
american,2
complex,2
could,2
religious,2
why,2
positive,2
often,2
expectations,2
hi,2
analysis,2
factors,2
ways,2
get,2
coverage,2
easily,2
nor,2
cliches,2
t,2
old,2
cause,2
march,2
objects,2
history,2
presents,2
pose,2
considerations,2
light,2
just,2
material,2
princeton,2
must,2
supernatural,2
exposed,2
member,2
social,2
coalesced,2
every,2
set,2
belief,2
metaphysical,2
important,2
chasing,2
over,2
beautiful,2
into,2
masking,2
had,2
opening,2
horror,2
worth,2
did,2
critic,2
minnesota,2
remark,2
indifferent,2
enable,2
aesthetic,2
cloaking,2
end,2
debates,2
scene,2
christoph,2
conclusion,2
discussed,2
simple,2
oliver,2
circulation,2
hand,2
raised,2
cultural,2
manner,2
bangert,2
context,2
produced,2
british,2
want,2
placed,2
minneapolis,2
despite,2
writes,2
video,2
has,2
task,2
draws,2
insightful,2
argues,2
suggests,2
possible,2
vast,2
you,2
unconcerned,2
org,2
entire,2
concept,2
very,2
resources,2
conception,2
looking,2
role,2
african,2
realm,2
target,2
demonstrates,2
partly,2
challenges,2
people,2
submitted,2
conflict,2
icons,2
nothing,2
understandings,2
reveals,2
quotation,2
truths,2
overlooks,2
readings,2
frame,2
language,2
mode,2
essay,2
reproduced,2
although,2
sense,2
club,2
highlighting,2
length,2
involve,2
distinction,2
contributed,2
contrast,2
after,2
bbc,2
objectivist,2
adam,2
demand,2
repeated,2
am,2
back,2
race,2
response,2
brought,2
africans,2
craft,2
pro,2
challenge,2
materialized,2
also,2
develop,2
uk,2
avoid,2
intelligent,2
secularist,2
bang,2
analytical,1
final,1
may,1
space,1
media,1
spirituality,1
literal,1
go,1
uncommon,1
late,1
unstable,1
archive,1
now,1
pictorial,1
quoting,1
online,1
highlights,1
topic,1
currently,1
mostly,1
alleged,1
recognized,1
power,1
docu,1
seriti,1
governed,1
observa,1
reduced,1
hegemony,1
footage,1
prac,1
elimination,1
without,1
fokeng,1
common,1
quite,1
documen,1
nihilistic,1
mediation,1
military,1
bring,1
l,1
action,1
responds,1
foreign,1
tion,1
relative,1
predictably,1
short,1
vision,1
declaring,1
prize,1
practical,1
inevitably,1
overall,1
created,1
debated,1
praised,1
site,1
pieces,1
truth,1
critical,1
deserialization,1
deserve,1
return,1
inescapably,1
andean,1
resulted,1
levels,1
dimension,1
ordinary,1
trans,1
capture,1
presentation,1
complicate,1
becomes,1
lost,1
tary,1
collide,1
concluding,1
ducing,1
barren,1
visceral,1
conceives,1
yale,1
week,1
capacity,1
hocine,1
starts,1
parcel,1
determined,1
hears,1
locks,1
linguistic,1
connect,1
endlessly,1
permissible,1
theorization,1
humanity,1
privileges,1
constituted,1
se,1
offers,1
bentalha,1
interesting,1
direct,1
recently,1
significant,1
pleasure,1
judged,1
inhabited,1
worlds,1
unavoidably,1
tionship,1
selection,1
conveys,1
sion,1
answering,1
putative,1
silva,1
remain,1
illustrations,1
relationship,1
continually,1
white,1
repeats,1
fended,1
juxtaposition,1
remarked,1
repression,1
second,1
live,1
dead,1
uncanny,1
valuation,1
ing,1
constitutes,1
mother,1
psychological,1
lar,1
interpretation,1
indispensable,1
when,1
reference,1
arid,1
foreclosed,1
category,1
makes,1
paragraphs,1
unusual,1
read,1
win,1
modern,1
exactly,1
mission,1
figuratively,1
soon,1
purchased,1
operates,1
sounds,1
seeing,1
under,1
diffuse,1
conceptualization,1
signifying,1
detail,1
visualizations,1
respond,1
neither,1
photojour,1
approached,1
character,1
necessarily,1
benefits,1
wiping,1
inequality,1
metaphysics,1
thinking,1
discus,1
intersects,1
unverified,1
machine,1
driven,1
traneous,1
culture,1
following,1
sharp,1
shifting,1
york,1
construe,1
result,1
resituates,1
communicate,1
literally,1
meaningless,1
aren,1
collectives,1
w,1
practices,1
desirably,1
show,1
two,1
experience,1
agents,1
article,1
begins,1
superior,1
ner,1
graphic,1
commented,1
tod,1
e,1
first,1
powerful,1
theme,1
embedded,1
known,1
vietnam,1
connecting,1
else,1
either,1
tagg,1
disciplinary,1
observation,1
stm,1
shuffle,1
regime,1
guerrilla,1
notions,1
subjective,1
lack,1
comprising,1
highlighted,1
continent,1
preferably,1
members,1
subjects,1
expands,1
shooting,1
painted,1
opposites,1
critiques,1
algerian,1
majority,1
posed,1
tice,1
production,1
alternative,1
interests,1
derives,1
book,1
insofar,1
essays,1
dominant,1
mo,1
unsustainable,1
helped,1
nationality,1
seven,1
humanitarian,1
projected,1
taken,1
bunker,1
meters,1
quickly,1
volves,1
again,1
might,1
others,1
drawing,1
death,1
objectivity,1
brow,1
chance,1
trying,1
conflicts,1
shortage,1
joao,1
towards,1
been,1
readily,1
burrows,1
wanting,1
chemicals,1
sustainable,1
engagement,1
drawn,1
definition,1
my,1
tions,1
december,1
based,1
expose,1
lead,1
fore,1
questioned,1
fundamental,1
modernity,1
rituals,1
best,1
twenty,1
contextual,1
refugee,1
similar,1
restrictive,1
negotiated,1
stems,1
daily,1
found,1
materialist,1
conservative,1
argue,1
called,1
color,1
public,1
abstract,1
strategy,1
assignments,1
saic,1
forces,1
analyses,1
merely,1
papa,1
narrative,1
uninten,1
particularly,1
larger,1
able,1
diverse,1
understandable,1
obviously,1
vaids,1
transforms,1
john,1
onto,1
far,1
goods,1
religion,1
near,1
know,1
audience,1
rightly,1
pean,1
imaged,1
purview,1
away,1
unsurprisingly,1
junior,1
captured,1
particu,1
reportage,1
serious,1
mantra,1
living,1
february,1
bargaining,1
wesleyan,1
forms,1
never,1
person,1
feels,1
behind,1
say,1
manipulating,1
charged,1
knocked,1
drove,1
difficult,1
prompt,1
staff,1
library,1
wit,1
capa,1
ambiguous,1
ity,1
automatically,1
tight,1
heads,1
within,1
continuing,1
beating,1
keywords,1
activist,1
poses,1
depicts,1
establish,1
digital,1
implicit,1
whether,1
youths,1
worthwhile,1
form,1
commitments,1
intersubjectivity,1
cannot,1
making,1
case,1
received,1
side,1
con,1
proceed,1
vanish,1
norms,1
tography,1
contrasting,1
tension,1
your,1
woman,1
theory,1
recording,1
recorded,1
meta,1
premise,1
distance,1
formulation,1
style,1
play,1
lament,1
always,1
expository,1
getting,1
while,1
shot,1
explicitly,1
u,1
tic,1
underplays,1
consisting,1
draw,1
day,1
aspects,1
require,1
ibid,1
exception,1
anc,1
sites,1
regurgitate,1
produce,1
responded,1
marinovich,1
chapter,1
indifference,1
account,1
refiguring,1
durham,1
don,1
differ,1
mats,1
nalism,1
brings,1
duo,1
genre,1
greg,1
technologies,1
exploring,1
regurgitating,1
click,1
open,1
policemen,1
spaces,1
mccullin,1
identify,1
preconditions,1
reaction,1
heinemann,1
bodies,1
disappear,1
move,1
consumers,1
strict,1
upon,1
presented,1
alterations,1
vote,1
bear,1
helps,1
professor,1
internet,1
photojournalistic,1
slightly,1
transport,1
striking,1
four,1
george,1
downloaded,1
story,1
point,1
since,1
anytime,1
rela,1
sea,1
delivers,1
vated,1
example,1
selecting,1
calls,1
dynamic,1
snapshots,1
indigenous,1
lush,1
himself,1
identity,1
against,1
disengaged,1
manent,1
demonstrate,1
tographic,1
simply,1
overheard,1
unrecorded,1
rationale,1
hidden,1
year,1
engage,1
photographed,1
unit,1
contribute,1
largely,1
tional,1
fail,1
assumption,1
during,1
place,1
photojournalists,1
editorial,1
photos,1
aesthetics,1
interestingly,1
mention,1
allows,1
ideas,1
massacre,1
exist,1
relies,1
think,1
recursive,1
resolved,1
assignment,1
photojoumalists,1
evident,1
individuals,1
relates,1
includes,1
township,1
propped,1
proceeds,1
personal,1
false,1
ruptures,1
darkroom,1
reflect,1
reflective,1
tographer,1
constructed,1
painterly,1
ultimately,1
synonymous,1
ex,1
philosophically,1
tragedy,1
commercial,1
legitimacy,1
argument,1
interpreted,1
invisibility,1
dif,1
own,1
ethnicity,1
patient,1
clear,1
cameras,1
aware,1
three,1
objective,1
demanded,1
contradictions,1
reality,1
info,1
camps,1
conditions,1
anxiety,1
trap,1
comprehensive,1
publication,1
chemical,1
de,1
sharpness,1
charge,1
agent,1
imperative,1
clue,1
depicting,1
contests,1
thus,1
crisis,1
good,1
wish,1
co,1
published,1
stylized,1
issn,1
representing,1
nolly,1
least,1
instead,1
raises,1
suffers,1
materializes,1
tographers,1
conjoin,1
responsibility,1
physical,1
aroused,1
strange,1
him,1
magnifies,1
employing,1
empathetic,1
features,1
observes,1
high,1
register,1
mystified,1
partisanship,1
given,1
kunduz,1
piece,1
colleagues,1
derive,1
off,1
collusion,1
exclude,1
standard,1
heid,1
embodies,1
competition,1
decisions,1
elements,1
viewers,1
involved,1
fast,1
around,1
ww,1
portrayed,1
historicity,1
worried,1
honourable,1
coping,1
anonymous,1
valued,1
each,1
moti,1
recognition,1
especially,1
shutter,1
comparing,1
state,1
pain,1
internal,1
systems,1
textures,1
removed,1
oft,1
web,1
inhumanity,1
certainly,1
editors,1
recalls,1
relation,1
themselves,1
shadows,1
background,1
choppedliver,1
interpretations,1
ally,1
began,1
unlikely,1
left,1
challenging,1
nobody,1
ness,1
blurring,1
impossible,1
ent,1
publications,1
korengal,1
larry,1
died,1
loading,1
equally,1
seeking,1
shouldn,1
london,1
probably,1
impoverished,1
valley,1
homogeniza,1
little,1
sniper,1
northern,1
grieving,1
focus,1
eliminating,1
green,1
among,1
technological,1
tegral,1
tendency,1
french,1
recent,1
observed,1
vulgar,1
famous,1
fers,1
conceptions,1
professionally,1
temporality,1
caution,1
should,1
prizes,1
controversial,1
transparencies,1
representational,1
attention,1
diseased,1
humanistic,1
portrait,1
preconceptions,1
overlooked,1
major,1
complicates,1
healers,1
conjure,1
characteris,1
product,1
