WORDCOUNTS,WEIGHT
the,701
of,486
and,362
in,342
to,263
a,165
clubs,154
football,153
their,148
that,125
as,116
s,114
for,110
with,73
barrio,71
club,67
they,60
was,58
from,57
miguel,54
women,50
this,49
san,49
sports,48
amateur,47
la,47
de,46
el,45
political,45
were,43
on,42
professional,40
directors,37
santiago,37
players,35
by,35
these,35
his,34
at,33
social,32
one,30
had,30
workers,30
n,29
which,29
national,29
history,28
he,28
members,28
neighborhood,27
an,27
or,27
amateurs,27
see,27
not,27
between,26
politics,25
local,25
footballers,24
its,23
would,23
who,23
it,21
palestro,21
men,21
latin,21
professionals,21
public,21
party,21
them,21
have,21
journal,20
chile,20
be,20
parties,19
union,19
community,19
class,19
could,18
but,18
popular,18
among,18
estadio,17
support,17
associations,17
independent,16
over,16
labor,15
state,15
chilean,15
most,15
residents,15
civic,15
communities,15
many,15
often,15
is,15
through,15
created,14
first,14
republic,14
organized,14
participation,14
part,14
when,14
more,14
city,14
spring,14
other,13
america,13
explained,13
director,13
journalists,13
ibid,13
physical,13
matches,13
into,12
has,12
young,12
y,12
without,12
important,12
example,12
organizations,12
new,12
colo,12
relationship,12
victoria,12
such,11
during,11
provided,11
newspapers,11
been,11
life,11
leftist,11
f,10
american,10
neighborhoods,10
within,10
relationships,10
fans,10
than,10
poor,10
mercurio,10
unions,10
work,10
working,10
activities,10
housing,10
orrego,10
attention,10
leaders,10
las,10
urban,10
association,10
government,9
mademsa,9
october,9
process,9
conservative,9
masculinity,9
criticized,9
tbol,9
communist,9
economic,9
culture,9
siglo,9
described,9
team,9
ing,9
february,9
despite,9
years,9
tion,8
federation,8
recreation,8
experience,8
stadium,8
carlos,8
radio,8
publications,8
leadership,8
may,8
politicians,8
m,8
however,8
sport,8
del,8
sportsmen,8
icon,8
shantytowns,8
power,8
mainstream,8
also,8
factory,8
addition,8
where,8
time,8
upon,8
including,8
article,8
statutes,8
began,8
membership,8
role,8
programs,8
land,8
democracy,7
o,7
encouraged,7
settlements,7
are,7
i,7
central,7
september,7
even,7
squatter,7
en,7
importance,7
space,7
out,7
president,7
socialist,7
play,7
about,7
honor,7
model,7
after,7
claimed,7
male,7
mario,7
drew,7
barrios,7
spaces,7
resources,7
create,7
way,6
if,6
january,6
nature,6
gol,6
con,6
since,6
police,6
focused,6
york,6
rather,6
how,6
means,6
recalled,6
organization,6
character,6
blamed,6
ctch,6
well,6
sense,6
around,6
few,6
june,6
only,6
popularity,6
end,6
ojeda,6
readers,6
cisterna,6
agencies,6
campaigns,6
identity,6
played,6
figure,6
success,6
fields,6
nacional,6
november,6
include,6
market,5
group,5
center,5
formed,5
ways,5
solidarity,5
page,5
electoral,5
military,5
number,5
papers,5
sought,5
mass,5
klubock,5
media,5
talent,5
shantytown,5
growth,5
district,5
studies,5
rules,5
just,5
athletic,5
greater,5
access,5
archivo,5
because,5
used,5
writers,5
dozens,5
connections,5
field,5
research,5
world,5
south,5
violence,5
j,5
projects,5
skills,5
practice,5
belief,5
eds,5
values,5
elections,5
services,5
ties,5
held,5
like,5
municipal,5
communists,5
we,5
los,5
any,5
delegates,5
known,5
country,5
paper,5
december,5
did,5
reflected,5
hoped,5
became,5
youth,5
contributed,5
evidence,5
supported,5
miller,4
decade,4
worked,4
emerged,4
all,4
shaped,4
analyses,4
emphasized,4
creativity,4
sexual,4
right,4
march,4
ball,4
player,4
bello,4
sent,4
politician,4
review,4
development,4
tomando,4
cases,4
served,4
warned,4
publicity,4
ers,4
ochagavia,4
soviet,4
population,4
moreover,4
win,4
university,4
established,4
argued,4
show,4
helped,4
cut,4
conflicts,4
based,4
strength,4
lived,4
demands,4
shared,4
events,4
radical,4
struggles,4
furthermore,4
su,4
positions,4
literature,4
people,4
participated,4
talented,4
project,4
cooperative,4
corvi,4
teams,4
sitio,4
practices,4
garc,4
july,4
experiences,4
positive,4
year,4
sportsman,4
participants,4
two,4
business,4
experienced,4
financial,4
efforts,4
lack,4
areas,4
contemporary,4
less,4
gender,4
free,4
day,4
meetings,4
own,4
elite,4
barrabases,4
open,4
mines,4
problems,4
sculo,4
acquire,4
hard,4
pobladores,4
masculinities,4
meat,4
natural,4
capital,4
build,4
beginning,4
according,4
teniente,4
while,4
w,4
edwards,4
press,4
com,4
copper,4
although,4
d,4
writer,4
inequalities,4
increased,4
thousand,4
marxist,4
little,4
traditional,4
strong,4
recent,4
building,4
broader,4
difficult,3
metal,3
common,3
declared,3
corruption,3
commitment,3
praised,3
magnetic,3
sphere,3
sympathetic,3
star,3
use,3
schools,3
h,3
socialists,3
position,3
western,3
committee,3
contested,3
file,3
came,3
beneficial,3
humble,3
every,3
contrasted,3
official,3
historiography,3
company,3
cial,3
scientists,3
amateurism,3
poblaci,3
wealthy,3
help,3
there,3
robert,3
ity,3
british,3
key,3
international,3
owners,3
cited,3
interviews,3
letter,3
pushed,3
sociability,3
neighbor,3
illustrates,3
barrier,3
forced,3
channels,3
houses,3
left,3
ny,3
general,3
adult,3
influence,3
hero,3
portrayed,3
ama,3
connected,3
archetti,3
similar,3
spectators,3
utilities,3
thomas,3
emergence,3
lima,3
linked,3
frequently,3
powerful,3
beyond,3
toro,3
notions,3
drawing,3
leftists,3
found,3
changed,3
featured,3
burghley,3
further,3
cultural,3
durham,3
poverty,3
elsey,3
facilities,3
sites,3
eduardo,3
reader,3
prompted,3
ten,3
ez,3
place,3
records,3
newspaper,3
asociaci,3
status,3
strengthened,3
voz,3
attributed,3
creating,3
officials,3
macho,3
level,3
independiente,3
footballer,3
event,3
profes,3
industry,3
reported,3
petitions,3
machos,3
up,3
resistance,3
chileans,3
appeal,3
threatened,3
gonz,3
transform,3
identified,3
wrote,3
service,3
movement,3
authoritarian,3
competition,3
criticism,3
vila,3
opportunities,3
coverage,3
same,3
department,3
sector,3
leader,3
toward,3
pointed,3
scholars,3
shows,3
idea,3
plan,3
appeared,3
match,3
children,3
man,3
never,3
took,3
do,3
performances,3
road,3
foot,3
council,3
duties,3
necessary,3
yarur,3
impoverished,3
made,3
formal,3
region,3
neigh,3
lez,3
honorable,3
confidence,3
ethnic,3
rejected,3
moral,3
profession,3
reputation,3
defense,3
divisions,3
characterized,3
so,3
vida,3
him,3
high,3
uni,3
become,3
ib,3
structure,3
belonged,3
education,3
provide,3
broadened,3
crucial,3
clubhouses,3
movimiento,3
toma,3
institutions,3
lives,3
salaries,3
construction,3
analysis,3
oldest,3
types,3
articles,3
meant,3
claims,3
borhoods,3
authorities,3
following,3
rep,3
municipality,3
symbol,3
alternative,3
control,3
each,3
jorge,3
tribuna,3
very,3
liberal,3
works,3
better,3
feminist,3
believed,3
what,3
numbers,3
making,3
involvement,3
almost,3
deportivo,3
introduced,3
families,3
lucerno,3
until,3
joined,3
blica,3
integration,3
playing,3
area,3
mobilized,3
c,3
early,3
re,3
should,3
frequent,2
does,2
superiority,2
transportation,2
poblador,2
struggle,2
huaso,2
estimated,2
protests,2
later,2
militants,2
soccer,2
groups,2
suggested,2
resulted,2
trans,2
utility,2
needed,2
achievements,2
asserted,2
coalition,2
walker,2
modern,2
candidate,2
biographical,2
po,2
slaughterhouse,2
barrancas,2
being,2
marches,2
passion,2
decidedly,2
stressed,2
long,2
embraced,2
creation,2
address,2
attempt,2
refusal,2
liberty,2
als,2
crolley,2
leading,2
accompanied,2
great,2
differences,2
torres,2
confront,2
launched,2
take,2
improved,2
those,2
ber,2
discipline,2
guards,2
teur,2
system,2
magazines,2
resilience,2
merchandising,2
attacked,2
money,2
capacity,2
design,2
piccato,2
format,2
opened,2
some,2
marked,2
condition,2
cap,2
election,2
magazine,2
arenas,2
invited,2
radicals,2
disparities,2
promises,2
demanded,2
controlled,2
repeatedly,2
conflict,2
identities,2
ronald,2
medical,2
due,2
categorized,2
scarce,2
interest,2
relations,2
santa,2
jr,2
insisted,2
bus,2
rank,2
candidates,2
distinct,2
ation,2
campe,2
pablo,2
disproportionately,2
serving,2
columbia,2
libraries,2
effective,2
estimate,2
packing,2
obrera,2
argentina,2
ital,2
boom,2
deporte,2
ment,2
celebrating,2
jean,2
higher,2
chiles,2
essential,2
una,2
polarization,2
l,2
micas,2
destroy,2
main,2
developed,2
allende,2
basic,2
na,2
fair,2
responded,2
funds,2
levine,2
represented,2
opportunity,2
earlier,2
legal,2
ex,2
grew,2
pressured,2
hardships,2
aficionados,2
calera,2
offering,2
front,2
escape,2
nor,2
female,2
consider,2
proved,2
butcher,2
house,2
profile,2
benefited,2
age,2
democratic,2
migrants,2
textile,2
votes,2
exploitation,2
instance,2
counterpublics,2
prowess,2
strategy,2
faced,2
effervescence,2
advocated,2
stands,2
naci,2
nected,2
friends,2
expressed,2
closely,2
lead,2
directorates,2
affiliated,2
tra,2
histories,2
demise,2
called,2
peter,2
agendas,2
attained,2
fines,2
urbanization,2
afternoon,2
equally,2
bitter,2
districts,2
understood,2
cannot,2
makeshift,2
truly,2
bla,2
franco,2
vehicles,2
dwellers,2
athletes,2
carrascal,2
voice,2
failure,2
hierarchies,2
femininity,2
mobilization,2
future,2
bolster,2
received,2
leisure,2
reporters,2
knowledge,2
related,2
nation,2
pepe,2
ple,2
realm,2
older,2
discussions,2
abel,2
editorial,2
issues,2
officers,2
personal,2
weekly,2
member,2
surrounding,2
lazy,2
participate,2
won,2
hoods,2
prices,2
good,2
change,2
published,2
running,2
least,2
squatters,2
love,2
shaping,2
things,2
contrast,2
quite,2
governments,2
decline,2
schedules,2
protect,2
boundaries,2
delinquency,2
dedicated,2
barely,2
wife,2
proper,2
games,2
moved,2
battles,2
nava,2
led,2
units,2
situation,2
saw,2
guarded,2
gabriel,2
indeed,2
rights,2
limited,2
ened,2
alessandri,2
nearly,2
death,2
prevailing,2
april,2
above,2
standing,2
once,2
estatutos,2
yet,2
reference,2
athleticism,2
under,2
us,2
arguments,2
home,2
perspectives,2
gov,2
generally,2
ed,2
organize,2
odds,2
angel,2
fan,2
shops,2
paul,2
challenge,2
others,2
renewed,2
dictatorship,2
water,2
ban,2
twenty,2
consideration,2
stories,2
abilities,2
occupations,2
unionists,2
teachers,2
debates,2
oc,2
forms,2
outside,2
v,2
everyday,2
electricity,2
demonstrations,2
celebrated,2
michael,2
stadiums,2
style,2
cachup,2
waged,2
recreational,2
remained,2
notion,2
argues,2
another,2
thousands,2
demonstrated,2
understanding,2
considering,2
prohibition,2
futebol,2
forment,2
expression,2
juan,2
congress,2
engaged,2
continue,2
previous,2
cultura,2
significance,2
tional,2
modernization,2
health,2
congreso,2
anfa,2
times,2
conversation,2
accused,2
trabajadores,2
sionals,2
promote,2
qualities,2
mining,2
can,2
cooperatives,2
conveyed,2
cruz,2
justice,2
attended,2
demonstrators,2
brenda,2
militancy,2
sigh,2
bolet,2
oxford,2
lo,2
condelps,2
stars,2
continued,2
bars,2
hostile,2
science,2
suggestive,2
celebration,2
lines,2
widespread,2
un,2
requests,2
nica,2
executive,2
length,2
dinamitas,2
responsible,2
hope,2
respect,2
citizens,2
itself,2
face,2
case,2
yearbooks,2
founders,2
school,2
publicly,2
elected,2
historian,2
material,2
founded,2
constituted,2
society,2
brazilian,2
forty,2
legislature,2
ran,2
dominated,2
par,2
commission,2
connection,2
setting,2
no,2
deprivation,2
losses,2
mcdonald,2
goods,2
plazas,2
historical,2
dribbling,2
proposed,2
activism,2
regulations,2
cartoon,2
plants,2
particular,2
gallegos,2
talca,2
radicalization,2
prestige,2
vehicle,2
healthy,2
migrations,2
agreed,2
ideal,2
freedom,2
felt,2
preserved,2
litical,2
met,2
given,2
collaborated,2
duty,2
convinced,2
ac,2
mayor,2
intended,2
went,2
obtain,2
officially,2
battle,2
challenges,2
dominant,2
our,2
named,2
promoted,2
enthusiasm,2
interested,2
generate,2
conditions,2
aristocratic,2
publicized,2
crisis,2
instead,2
americas,2
typically,2
sional,2
constructed,2
intergenerational,2
defined,2
off,2
campaign,2
needs,2
am,2
materialism,2
themselves,2
charged,2
sectors,2
chicago,2
exclusively,2
ownership,2
develop,2
north,2
attendance,2
showed,2
major,2
tournaments,1
juventud,1
countryside,1
resolve,1
intimately,1
entities,1
defeats,1
founding,1
erties,1
formulated,1
sario,1
respected,1
rate,1
stain,1
stubbornly,1
deny,1
rebeld,1
phrased,1
mara,1
punch,1
edge,1
car,1
names,1
corporate,1
generous,1
comandante,1
sonable,1
know,1
suc,1
designated,1
go,1
migrated,1
personnel,1
surfaced,1
extend,1
rowdy,1
profitability,1
conducted,1
legitimate,1
determine,1
announced,1
e,1
alone,1
seizure,1
nato,1
poorer,1
ultimate,1
introduction,1
notably,1
distributed,1
lapsed,1
church,1
clung,1
large,1
rewrote,1
portivo,1
complex,1
replaced,1
torate,1
judged,1
factories,1
saved,1
telling,1
illegal,1
sociales,1
mobility,1
certificates,1
identify,1
prevented,1
shan,1
advised,1
merged,1
hefty,1
ma,1
songs,1
live,1
authority,1
ditional,1
true,1
gootenberg,1
memoria,1
di,1
grupos,1
cowboys,1
munic,1
favor,1
conscious,1
estampas,1
trasted,1
transcendent,1
conclusive,1
theatre,1
justified,1
fixed,1
equated,1
harmony,1
organic,1
harsh,1
unlike,1
comunistas,1
incredible,1
laid,1
occurred,1
admonished,1
inequality,1
total,1
carvajal,1
incentive,1
jos,1
condell,1
exceptions,1
something,1
agrupaci,1
edu,1
ploiting,1
lib,1
rangers,1
princeton,1
chief,1
meaningless,1
guilianotti,1
yvie,1
agitated,1
contact,1
landowners,1
limestone,1
cottage,1
rego,1
marticorena,1
atenas,1
lower,1
cartoons,1
notre,1
highlighted,1
deserved,1
decen,1
pastoral,1
anarchic,1
explaining,1
porters,1
rougher,1
permanence,1
sibility,1
modest,1
torical,1
ilustrado,1
inten,1
antofagasta,1
production,1
itable,1
human,1
terrains,1
interests,1
unimaginable,1
exaggerated,1
hood,1
civically,1
ii,1
steady,1
ingenuity,1
ernment,1
asia,1
expand,1
asso,1
rapid,1
delinquents,1
season,1
secretary,1
carabineros,1
recuerdo,1
cathy,1
caricatures,1
barras,1
referees,1
seems,1
words,1
handling,1
spearheaded,1
jsh,1
height,1
nothing,1
fulfills,1
tradition,1
associa,1
textiles,1
messner,1
mushrooms,1
broadly,1
championships,1
together,1
tours,1
prop,1
borders,1
desire,1
simple,1
disproportionate,1
repulsed,1
monitor,1
critic,1
wave,1
sprawling,1
pinto,1
rich,1
producing,1
opposing,1
didate,1
studied,1
joking,1
able,1
recruit,1
councilman,1
ph,1
exalted,1
functional,1
entering,1
real,1
lasting,1
resisted,1
octo,1
mouths,1
feature,1
impo,1
carta,1
salary,1
affiliation,1
medals,1
requiere,1
date,1
tributed,1
buenos,1
raised,1
classified,1
normal,1
regiment,1
nal,1
activi,1
growing,1
reading,1
ingenu,1
dimeo,1
surveys,1
hostility,1
segregated,1
voces,1
daniel,1
racial,1
luis,1
context,1
agile,1
bluntly,1
ballers,1
speech,1
lawmakers,1
paying,1
shuts,1
issue,1
forum,1
staunch,1
obligation,1
lest,1
heaped,1
collaborate,1
reglamentos,1
fernando,1
tie,1
anthropologists,1
autonomous,1
albeit,1
task,1
finan,1
chants,1
repre,1
primary,1
politicized,1
draw,1
rests,1
diario,1
toulis,1
exception,1
trophy,1
account,1
restoring,1
cares,1
pockets,1
eas,1
activity,1
cared,1
reaction,1
powers,1
consciousness,1
bibliography,1
inflated,1
richard,1
concurso,1
countered,1
transcend,1
calculated,1
inhabited,1
estranged,1
diss,1
troupes,1
whatever,1
mental,1
interdisciplinary,1
point,1
surrounded,1
intermediary,1
establishment,1
drury,1
representing,1
correlation,1
himself,1
mentally,1
futuro,1
valdes,1
forged,1
dignity,1
proce,1
janet,1
temma,1
split,1
behavior,1
attract,1
pillar,1
framework,1
itant,1
complained,1
penalty,1
thus,1
icons,1
lationships,1
centralized,1
throughout,1
culo,1
bracketed,1
professionalism,1
hazards,1
cluded,1
carnival,1
histori,1
encuentro,1
desfile,1
influx,1
mine,1
dynamics,1
attest,1
quality,1
points,1
unruliness,1
corner,1
interior,1
against,1
visited,1
analyzing,1
choral,1
executives,1
author,1
unionized,1
cramped,1
animosity,1
neighbors,1
dures,1
boxers,1
characteristic,1
madness,1
exam,1
comisi,1
moment,1
num,1
ern,1
borja,1
scratch,1
dame,1
heightened,1
alist,1
admission,1
ability,1
dele,1
rooted,1
century,1
tripartite,1
expected,1
thank,1
admitted,1
pdf,1
tisanship,1
asymmetrical,1
objected,1
taste,1
thing,1
unity,1
installation,1
recibidas,1
bulls,1
elements,1
developments,1
adopted,1
ct,1
constitutions,1
clashes,1
immigrants,1
lenge,1
gary,1
filiation,1
profound,1
polo,1
contrary,1
italiano,1
allocating,1
body,1
ha,1
agility,1
response,1
completing,1
bemoaned,1
races,1
centeno,1
afford,1
stipulated,1
siasm,1
argentine,1
arranged,1
iturriaga,1
avidly,1
ipality,1
caribbean,1
employers,1
centrist,1
romanticized,1
thermore,1
cosas,1
drawn,1
beat,1
skirmishes,1
vice,1
critique,1
patrons,1
defend,1
citizen,1
supporters,1
deeply,1
bailers,1
indigenous,1
subservience,1
lens,1
nomi,1
abil,1
marx,1
conceded,1
invites,1
generation,1
lacomuna,1
collabo,1
warnings,1
tralizaci,1
handful,1
fierce,1
adjust,1
abled,1
titions,1
guido,1
warner,1
ica,1
unused,1
parks,1
mentoring,1
crossroads,1
revitalize,1
industries,1
forts,1
threatens,1
site,1
peo,1
late,1
offices,1
opposed,1
cachupin,1
cember,1
profoundly,1
r,1
rectors,1
transcribed,1
recognized,1
adequate,1
town,1
contest,1
tance,1
agitation,1
floor,1
generals,1
inclu,1
mak,1
frustration,1
sages,1
subjected,1
observers,1
devastating,1
bring,1
stricter,1
mes,1
absent,1
across,1
notable,1
nist,1
compatible,1
stop,1
interpretation,1
aggressive,1
organizing,1
thou,1
calles,1
tities,1
af,1
levels,1
realistically,1
islators,1
capture,1
midwest,1
communism,1
filled,1
mean,1
broaden,1
feder,1
knew,1
guardino,1
parents,1
explicitly,1
suffer,1
populism,1
arm,1
reforma,1
activ,1
lasted,1
recomposici,1
developers,1
legendary,1
talk,1
connec,1
piola,1
leave,1
sociologists,1
disintegration,1
liber,1
employees,1
produced,1
empowered,1
stein,1
echoed,1
popularization,1
gentlemanly,1
tadio,1
govern,1
feel,1
tence,1
intensity,1
healthier,1
bach,1
supposed,1
moves,1
faivovich,1
rosters,1
replete,1
ram,1
references,1
bosses,1
voluntarily,1
ciation,1
suffered,1
provinces,1
circulated,1
aniver,1
old,1
soon,1
praise,1
cause,1
fundaci,1
actualidades,1
andraca,1
tailored,1
sabo,1
improvement,1
pampa,1
udg,1
discouraged,1
physically,1
basketball,1
image,1
literary,1
combative,1
slowly,1
workplace,1
consolidate,1
photographs,1
section,1
vidual,1
accrued,1
attain,1
impact,1
dominate,1
northeastern,1
quarters,1
too,1
threat,1
intendent,1
situations,1
chal,1
four,1
outspoken,1
commonly,1
historia,1
superior,1
commented,1
tried,1
encouragement,1
connecting,1
peru,1
imag,1
indications,1
isolation,1
followed,1
idealized,1
arrests,1
testament,1
cultured,1
preen,1
explore,1
undisciplined,1
boundary,1
moreira,1
stoic,1
overcame,1
permanent,1
injustice,1
labour,1
care,1
approval,1
photos,1
required,1
symbolized,1
joyment,1
decades,1
strengthen,1
view,1
pany,1
upsurge,1
candidacy,1
isan,1
blest,1
vallejos,1
narra,1
hours,1
districting,1
result,1
confederation,1
assets,1
yashar,1
laziness,1
whom,1
encourage,1
pursuits,1
http,1
introduce,1
location,1
municipalities,1
declined,1
martinez,1
tural,1
fortunes,1
train,1
begun,1
hands,1
speeches,1
hav,1
postliberal,1
typical,1
palestino,1
docile,1
politicization,1
effort,1
centers,1
patrick,1
businesses,1
mckay,1
criticisms,1
census,1
advantages,1
sindicales,1
worker,1
postponed,1
sesiones,1
luxury,1
amer,1
insulted,1
publics,1
tennis,1
base,1
popu,1
lent,1
liz,1
diplomas,1
julio,1
density,1
rebellious,1
neighboring,1
standardized,1
lord,1
urgent,1
war,1
youthful,1
gorizations,1
permits,1
bailouts,1
wesport,1
harassment,1
sharpened,1
pageant,1
comics,1
quiere,1
storehouses,1
schneider,1
nating,1
symbols,1
tile,1
feminine,1
excellent,1
younger,1
chastisement,1
scale,1
cover,1
otherwise,1
tal,1
steele,1
representatives,1
nez,1
outlined,1
rogues,1
olympic,1
your,1
chatter,1
audax,1
weekends,1
approached,1
callampas,1
brooklyn,1
ator,1
highest,1
recre,1
directorship,1
gesti,1
influenced,1
improve,1
jim,1
hempstead,1
domingos,1
contracted,1
militarized,1
spheres,1
stances,1
relief,1
figuras,1
closed,1
effeminate,1
mandatory,1
eugenio,1
abroad,1
scope,1
benevolence,1
appeals,1
mem,1
responding,1
start,1
fanaloza,1
vote,1
framed,1
voted,1
imagined,1
grandest,1
persistence,1
concept,1
brought,1
stake,1
london,1
cordillera,1
training,1
bato,1
apparent,1
mentation,1
layered,1
actors,1
forge,1
domi,1
marketplace,1
routinely,1
feared,1
dec,1
revista,1
surprise,1
loss,1
whole,1
gave,1
describe,1
demonstrates,1
collective,1
beginnings,1
relevance,1
noted,1
oaks,1
earn,1
statistics,1
uncritically,1
past,1
outdoors,1
lettered,1
contentious,1
away,1
oaxaca,1
employed,1
orchestras,1
viejo,1
endorsed,1
idyllic,1
astute,1
ter,1
includ,1
rendered,1
assembly,1
enthusiastic,1
memoirs,1
grassroots,1
nomic,1
escalated,1
william,1
workstation,1
tioned,1
annotated,1
regions,1
numerically,1
near,1
solidaridades,1
diputados,1
www,1
glected,1
ist,1
strict,1
ducted,1
ensued,1
correct,1
exasperated,1
respon,1
below,1
cold,1
accu,1
coup,1
fostered,1
revolution,1
stage,1
seedbeds,1
driv,1
next,1
deadlock,1
matta,1
catholic,1
order,1
imposition,1
militant,1
weakness,1
discourse,1
sponsors,1
exclude,1
settlement,1
acted,1
family,1
troubles,1
talents,1
small,1
mercurios,1
underscore,1
resoluciones,1
eco,1
interrupts,1
consensus,1
applauding,1
cervantes,1
tony,1
ists,1
knives,1
erected,1
ship,1
choose,1
alleviate,1
rated,1
notorious,1
protipo,1
impossible,1
ent,1
always,1
managed,1
progress,1
majority,1
sented,1
milestones,1
arnit,1
sticas,1
pa,1
paid,1
unrea,1
roots,1
undergoing,1
lore,1
alienated,1
ernance,1
passive,1
actions,1
questioning,1
massive,1
manuel,1
impor,1
rang,1
championed,1
behalf,1
invest,1
avoid,1
alejandro,1
budget,1
tytowns,1
subsequently,1
circum,1
seats,1
ateur,1
domesticity,1
flourished,1
sanctions,1
increasing,1
deprav,1
critical,1
happen,1
therefore,1
estimaciones,1
rory,1
questioned,1
posada,1
likely,1
critics,1
demand,1
implications,1
bohemi,1
binds,1
attempts,1
variety,1
prac,1
antiquated,1
various,1
commu,1
joan,1
bringing,1
steadily,1
stores,1
flounders,1
relax,1
separation,1
ans,1
criticize,1
located,1
didactic,1
exile,1
arduousness,1
anomalies,1
agricul,1
deportes,1
plans,1
corporation,1
oiga,1
crippled,1
low,1
classic,1
brief,1
interdependence,1
mediating,1
tilly,1
alianza,1
mart,1
prove,1
hofstra,1
estado,1
technically,1
make,1
expanded,1
indicates,1
domination,1
cracks,1
study,1
strip,1
negotiations,1
siveness,1
escaping,1
prattle,1
hitherto,1
cultivate,1
hold,1
ography,1
improprieties,1
improper,1
marginaliza,1
roberto,1
vie,1
single,1
sponsorship,1
purposefully,1
perimented,1
ubiquity,1
fotonovelas,1
pivotal,1
norte,1
edited,1
urged,1
vs,1
prof,1
democrats,1
intense,1
enthu,1
compa,1
proyecciones,1
sportsmanship,1
me,1
alongside,1
joke,1
mission,1
counterparts,1
hos,1
repair,1
parishes,1
mujer,1
tica,1
ne,1
neither,1
trabajadora,1
perceived,1
salient,1
included,1
victories,1
planned,1
informal,1
sified,1
assistance,1
castells,1
liberties,1
cried,1
teaching,1
dedicates,1
sharply,1
friendship,1
warmth,1
popularized,1
comunicaciones,1
al,1
excellence,1
safeguards,1
aggres,1
largest,1
contempt,1
steve,1
reports,1
erage,1
begins,1
disagreed,1
heroes,1
eration,1
havens,1
increasingly,1
affirmed,1
regional,1
pol,1
arranging,1
monopolized,1
journalist,1
picture,1
charismatic,1
elect,1
routes,1
resolution,1
birthplace,1
fire,1
dilemma,1
attacks,1
temporarily,1
naivete,1
stronger,1
stream,1
ordinarias,1
locating,1
preferences,1
vigorated,1
backed,1
towns,1
decorative,1
supris,1
sup,1
performance,1
headquarters,1
artists,1
communal,1
ticiano,1
barra,1
nicipality,1
preserve,1
head,1
lobby,1
nominated,1
occurrence,1
pressure,1
creative,1
lieutenant,1
instituto,1
cepal,1
aprobado,1
leiva,1
imple,1
remarked,1
ganas,1
practical,1
reacted,1
moneda,1
diverse,1
antonio,1
john,1
partidos,1
memorias,1
aires,1
remain,1
donald,1
fashion,1
dramas,1
dirigente,1
cessor,1
minister,1
reasons,1
rough,1
planners,1
rhetoric,1
legislation,1
channel,1
feminism,1
sportswoman,1
cept,1
jaime,1
setback,1
hand,1
drinking,1
descriptions,1
accusations,1
present,1
tales,1
intervene,1
remarkable,1
begin,1
niversaries,1
topped,1
ur,1
manner,1
influential,1
branding,1
mu,1
sergio,1
developing,1
competitors,1
armaments,1
refrain,1
affiliate,1
hilda,1
plained,1
accepted,1
armed,1
clar,1
vulnerable,1
weavers,1
interview,1
creole,1
borrowing,1
spoke,1
aunque,1
cuando,1
disparity,1
jordi,1
decorations,1
frightening,1
woman,1
contention,1
spectatorship,1
metropolitan,1
frequency,1
socialization,1
sell,1
threats,1
reconciled,1
streets,1
characters,1
ero,1
lauded,1
nicole,1
editorials,1
teurism,1
commemorate,1
violent,1
clude,1
original,1
ephemeral,1
simon,1
becomes,1
entirety,1
private,1
ine,1
pitched,1
ence,1
investigated,1
discussion,1
recognizes,1
father,1
survive,1
invested,1
examples,1
background,1
treated,1
completed,1
preferential,1
conchal,1
active,1
impart,1
trajectory,1
unionization,1
fictional,1
analyzes,1
demonstration,1
enormous,1
previously,1
participatory,1
delinquent,1
mapuche,1
versa,1
concern,1
significant,1
hosted,1
affection,1
unfortunately,1
radicalism,1
operated,1
assumption,1
osvaldo,1
exciting,1
kick,1
numerous,1
barahona,1
ideas,1
pleasure,1
inflicted,1
quinta,1
processes,1
injustices,1
direc,1
full,1
raising,1
partisan,1
opini,1
recruitment,1
lector,1
pinochet,1
lucrative,1
shelter,1
underwent,1
peach,1
versions,1
cul,1
metalworkers,1
crises,1
nicknaming,1
clear,1
accessed,1
directed,1
authors,1
welcomed,1
restraint,1
publication,1
disguised,1
movies,1
damage,1
offing,1
victory,1
supportive,1
interpret,1
construc,1
historias,1
pride,1
allowed,1
someone,1
democratizing,1
perverse,1
ef,1
geographically,1
handlers,1
period,1
atives,1
fellow,1
gates,1
responses,1
features,1
housed,1
ongoing,1
antecedentes,1
sands,1
miseducation,1
serial,1
provin,1
addi,1
tranquility,1
kept,1
greens,1
misunderstanding,1
last,1
believing,1
intrinsic,1
lose,1
contributions,1
tango,1
leg,1
neutral,1
spent,1
pages,1
faith,1
valued,1
fabella,1
firefighters,1
especially,1
facing,1
queen,1
internal,1
inspired,1
indi,1
methods,1
nalists,1
feet,1
exaggeration,1
editors,1
relation,1
let,1
arbena,1
enabled,1
assessing,1
overcome,1
tactics,1
pro,1
charles,1
examine,1
effect,1
masculine,1
heighten,1
transmission,1
enjoyed,1
james,1
enemies,1
enthusiasts,1
claiming,1
seeking,1
congres,1
confederaci,1
capitalism,1
norton,1
story,1
dominance,1
northern,1
attracted,1
workshop,1
figures,1
save,1
versus,1
pierdas,1
dismissive,1
summarized,1
ballrooms,1
engagement,1
brava,1
asamblea,1
responsibility,1
embodied,1
standout,1
mil,1
vocero,1
unrelated,1
competed,1
potential,1
senatorial,1
decision,1
modernized,1
product,1
shocked,1
tore,1
contributes,1
estad,1
teresa,1
infuriated,1
carried,1
accepting,1
unstable,1
dictatorships,1
alty,1
kaplan,1
fraternal,1
christian,1
granja,1
surpassed,1
violation,1
today,1
stony,1
publishing,1
feminizing,1
movements,1
sportswriter,1
convened,1
lar,1
impressive,1
ideology,1
ership,1
tech,1
pieces,1
fear,1
here,1
employment,1
demonstra,1
trabajos,1
intimidating,1
nical,1
primarily,1
binary,1
multi,1
juventudes,1
independence,1
deborah,1
exceptional,1
publi,1
seen,1
tive,1
nickname,1
establish,1
worse,1
shanty,1
credited,1
importantly,1
suggestions,1
originated,1
anxious,1
countries,1
jobs,1
volumes,1
representations,1
changes,1
es,1
insistence,1
expectations,1
lever,1
counterpublic,1
fall,1
understand,1
dailies,1
neurosis,1
wheeler,1
presidents,1
toons,1
entertainment,1
scholarship,1
drafted,1
tivated,1
dissuaded,1
curring,1
centuries,1
mirror,1
problematic,1
beaming,1
gathered,1
ities,1
joseph,1
blurred,1
comic,1
attachment,1
earliest,1
considered,1
donoso,1
announces,1
detail,1
sections,1
bates,1
vigor,1
contained,1
fuzz,1
ily,1
sketches,1
flagging,1
then,1
fifteen,1
thinking,1
apportionment,1
constant,1
blocked,1
calling,1
nieto,1
elaborate,1
series,1
conclusion,1
changing,1
subercaseaux,1
incorporated,1
grand,1
forget,1
must,1
manual,1
rituals,1
simply,1
wear,1
ever,1
accounts,1
economically,1
turn,1
cate,1
theme,1
implied,1
scrutiny,1
shop,1
irrepressible,1
offered,1
skillful,1
masses,1
willingness,1
penitentiary,1
endangered,1
cov,1
organizational,1
set,1
poorest,1
repository,1
differentiated,1
terprises,1
quickly,1
mis,1
tice,1
identidad,1
patriot,1
mouat,1
hardship,1
mutually,1
partner,1
refused,1
monthly,1
armando,1
governance,1
endurance,1
environment,1
indecisiveness,1
migration,1
europeans,1
spontaneous,1
neglected,1
novel,1
assumed,1
resentment,1
trons,1
organiza,1
unscathed,1
dur,1
sensational,1
expense,1
half,1
chronicled,1
propaganda,1
constructions,1
universal,1
wolfe,1
inquiry,1
nitrate,1
foundation,1
ideological,1
golygol,1
particularly,1
papa,1
brothers,1
complishments,1
boasted,1
job,1
basket,1
dition,1
circuitous,1
cowboy,1
audience,1
precarious,1
cities,1
differed,1
bases,1
distinctive,1
producers,1
ps,1
essentially,1
rural,1
ethos,1
patricio,1
humorous,1
advances,1
terial,1
merely,1
places,1
segmented,1
turned,1
redefined,1
qualitatively,1
ticket,1
insistent,1
cal,1
specter,1
born,1
compe,1
game,1
sater,1
economy,1
ransacking,1
exposing,1
strained,1
carefully,1
circles,1
indiffer,1
whether,1
curs,1
commemorating,1
bers,1
coaches,1
pater,1
rebellion,1
da,1
supports,1
sociation,1
thirty,1
maintain,1
agricultural,1
attitudes,1
erupted,1
map,1
remove,1
theory,1
intendencia,1
distribution,1
serials,1
loved,1
dream,1
avid,1
clinics,1
supporting,1
gestures,1
nostalgic,1
boys,1
tives,1
annual,1
property,1
information,1
minimal,1
evading,1
rally,1
ism,1
hundreds,1
port,1
patriotism,1
strain,1
posi,1
league,1
socioeconomic,1
nj,1
wrangling,1
howard,1
presented,1
necessity,1
attentive,1
unsophisticated,1
recognition,1
altered,1
collier,1
conclude,1
companions,1
daughters,1
origen,1
profesional,1
decisive,1
sindicatos,1
directorships,1
befriended,1
coloc,1
intricacy,1
handelman,1
bourgeois,1
subject,1
transition,1
endures,1
worst,1
assumptions,1
fortitude,1
sion,1
silva,1
kids,1
jour,1
putnam,1
target,1
contribute,1
results,1
contreras,1
memorated,1
startled,1
idol,1
gloss,1
encouraging,1
maintained,1
vocal,1
representation,1
goals,1
shame,1
diffidence,1
childhood,1
sparked,1
tions,1
complaints,1
prepared,1
nov,1
pakistan,1
tomas,1
false,1
fundraising,1
formation,1
devoted,1
ultimately,1
presence,1
lol,1
synopsis,1
difference,1
joel,1
lands,1
vasta,1
formality,1
intensified,1
contract,1
wielded,1
beauty,1
nated,1
boosted,1
kol,1
strikingly,1
hurt,1
informe,1
explanation,1
iden,1
armstrong,1
ended,1
offer,1
approximately,1
lively,1
grown,1
integrated,1
cooper,1
lured,1
winn,1
sur,1
fessionals,1
hern,1
cation,1
peripheries,1
ciudad,1
sesi,1
regular,1
palace,1
you,1
ernesto,1
piece,1
attempted,1
locate,1
cr,1
organ,1
instinct,1
socialism,1
oversaw,1
knowl,1
captain,1
ca,1
recalling,1
francisco,1
shift,1
participa,1
speak,1
macdonald,1
begrudgingly,1
brook,1
roughly,1
proscrip,1
brunt,1
worried,1
anonymous,1
squad,1
kolbach,1
news,1
pioneering,1
removed,1
salitrera,1
distinctions,1
valuable,1
reminisced,1
conscientiously,1
close,1
meaning,1
ergy,1
munities,1
mason,1
endnotes,1
elites,1
terminology,1
rassment,1
hora,1
upbringing,1
creoles,1
era,1
fervor,1
pool,1
lesisure,1
concerns,1
substantial,1
rein,1
loy,1
farmland,1
abandoned,1
focus,1
images,1
much,1
manifests,1
glance,1
clotario,1
seek,1
thieves,1
famous,1
tinker,1
pibe,1
meeting,1
doing,1
conversations,1
relocated,1
fostering,1
built,1
fur,1
race,1
sen,1
outlawed,1
confrontations,1
perception,1
depended,1
increase,1
cambridge,1
