WORDCOUNTS,WEIGHT
the,1225
of,604
to,388
and,294
in,287
news,238
a,179
pa,145
for,117
that,113
provincial,97
london,94
press,92
reuters,88
newspapers,88
was,85
as,84
market,83
from,81
by,76
post,71
on,68
this,68
it,67
office,64
its,62
papers,58
at,53
telegraph,52
were,51
with,49
their,47
ms,44
ga,44
service,43
not,43
association,41
newspaper,39
nationalization,38
an,37
competition,37
but,37
which,37
structure,37
s,36
private,35
between,34
these,33
telegraphy,32
such,32
services,32
britain,31
they,30
could,30
daily,29
publishers,29
among,29
wires,28
than,27
because,27
more,27
foreign,27
during,26
members,26
see,26
british,25
general,25
or,25
also,24
increase,23
would,23
increased,23
had,22
did,22
number,21
minutes,20
manager,20
so,20
control,20
board,20
have,20
all,19
system,19
no,19
revenue,19
ideas,19
jonathan,18
history,18
company,18
government,18
paid,18
new,18
after,18
over,18
cost,17
transmission,17
percent,17
report,17
distribution,17
rates,16
access,16
technology,16
business,16
although,16
supply,15
price,15
use,15
way,14
one,14
century,14
own,14
when,14
provided,14
same,14
reports,14
different,14
each,14
smaller,14
first,13
other,13
competitive,13
arrangement,13
only,13
memoranda,13
pricing,13
co,13
them,13
rate,12
policy,12
before,12
special,12
equal,12
network,12
manchester,12
under,12
reformers,12
bt,12
is,12
charged,12
if,11
per,11
exclusive,11
may,11
pay,11
part,11
monopoly,11
published,11
power,11
oxford,11
john,11
i,11
agreement,11
telephone,11
postmaster,11
united,11
agreed,11
scudamore,11
taylor,11
o,10
attempts,10
might,10
those,10
costs,10
ra,10
victorian,10
public,10
war,10
example,10
change,10
several,10
through,10
marketplace,10
two,10
operators,10
organizations,10
larger,10
metropolitan,10
until,10
states,10
be,10
long,9
political,9
collection,9
throughout,9
relations,9
how,9
established,9
found,9
however,9
nearly,9
management,9
telegraphic,9
free,9
ap,9
exchange,9
enabled,9
transmitted,9
information,9
policymakers,9
nov,9
morning,9
generated,8
american,8
creation,8
million,8
dispatches,8
world,8
telegrams,8
ability,8
consequently,8
messages,8
circulation,8
well,8
received,8
parliament,8
threatened,8
reduced,8
about,8
outside,8
competitors,8
less,8
tariff,8
class,8
paper,8
telegram,8
balance,8
jan,8
commercial,8
newsrooms,8
cambridge,8
created,7
large,7
agency,7
committee,7
nineteenth,7
subscription,7
words,7
there,7
development,7
collusive,7
times,7
tripartite,7
gathering,7
provinces,7
out,7
companies,7
required,7
minute,7
loss,7
officials,7
incurred,7
annual,7
economic,7
leased,7
financial,7
time,7
took,7
postal,7
low,7
james,7
meant,7
stamp,7
domestic,7
obliged,7
profits,7
ownership,7
little,7
much,7
now,6
protection,6
position,6
provision,6
u,6
expenses,6
distributing,6
politics,6
cooperation,6
prevented,6
amount,6
publications,6
via,6
edward,6
repeal,6
certain,6
k,6
means,6
additional,6
important,6
events,6
gained,6
sept,6
year,6
diminished,6
society,6
july,6
frank,6
supplementary,6
j,6
without,6
considerable,6
ch,6
practice,6
offices,6
made,6
upon,6
eitc,6
depended,6
aug,6
allowed,6
period,6
high,6
favored,6
electric,6
mail,6
continued,6
dailies,6
any,6
proprietors,6
telecommunications,6
shares,6
are,6
what,6
became,6
obtain,6
years,6
effects,6
difficult,5
affected,5
mar,5
tge,5
permitted,5
fund,5
emerged,5
advantage,5
achieved,5
state,5
sought,5
some,5
controlled,5
due,5
afford,5
served,5
guardian,5
communication,5
journal,5
york,5
his,5
similar,5
grew,5
support,5
facilitated,5
prevent,5
operate,5
wire,5
circulating,5
international,5
facilitate,5
placed,5
method,5
taxes,5
protected,5
small,5
industry,5
protect,5
industries,5
f,5
led,5
he,5
second,5
gather,5
limited,5
make,5
initially,5
movement,5
distribute,5
communications,5
yet,5
arrangements,5
raise,5
social,5
paul,5
fact,5
regulation,5
charges,5
granted,5
held,5
obtained,5
overcome,5
effect,5
joint,5
provide,5
been,5
lines,5
attempted,5
subscribers,5
existed,5
share,5
associated,5
believed,5
extensive,5
country,5
expense,5
wealthy,5
historical,5
according,5
particular,5
while,5
size,5
instead,5
distributed,4
h,4
monthly,4
modern,4
fixed,4
into,4
source,4
journalism,4
collusion,4
posed,4
interests,4
nature,4
great,4
monopolistic,4
exchanges,4
sent,4
central,4
northcliffe,4
against,4
interest,4
forced,4
exercise,4
concerning,4
reuter,4
even,4
factions,4
collect,4
developed,4
risk,4
specials,4
emergence,4
proved,4
section,4
quoted,4
telegraphs,4
strategy,4
union,4
based,4
hands,4
agreements,4
cover,4
extel,4
vo,4
expensive,4
failure,4
neutrality,4
employed,4
caused,4
contrast,4
bank,4
tended,4
always,4
up,4
productivity,4
results,4
like,4
annum,4
practices,4
department,4
addition,4
reform,4
chadwick,4
question,4
hand,4
income,4
necessary,4
agencies,4
dec,4
compete,4
classes,4
encouraged,4
significant,4
trade,4
three,4
essay,4
isles,4
david,4
problems,4
editors,4
availability,4
robbins,4
widely,4
figure,4
sports,4
began,4
effectively,4
itself,4
exercised,4
then,4
subsidized,4
refused,4
capital,4
economy,4
form,4
secure,4
subscriptions,4
benefited,4
multiple,4
intended,4
disrupted,4
contract,4
numerous,4
national,4
evidence,4
c,4
enterprise,4
abroad,4
charging,4
develop,4
technological,4
should,4
delayed,4
flow,3
introduction,3
favor,3
inequality,3
total,3
jul,3
said,3
ives,3
worked,3
official,3
dramatically,3
available,3
desire,3
reasons,3
court,3
antitrust,3
take,3
subsequent,3
improved,3
principal,3
money,3
vol,3
disadvantage,3
establishment,3
labor,3
review,3
conducted,3
insofar,3
extensively,3
priority,3
turn,3
speed,3
response,3
machines,3
profit,3
william,3
delivered,3
higher,3
opposed,3
simultaneously,3
exact,3
rather,3
managers,3
relied,3
l,3
growth,3
main,3
represented,3
edwin,3
importance,3
derived,3
solutions,3
metropolis,3
university,3
organization,3
director,3
too,3
most,3
hereafter,3
media,3
m,3
preference,3
greater,3
came,3
declined,3
founder,3
expressly,3
population,3
victorians,3
receive,3
improve,3
undermined,3
directly,3
having,3
r,3
work,3
preferred,3
reserve,3
supreme,3
realm,3
gave,3
weekly,3
transmit,3
prices,3
evening,3
viable,3
oct,3
majority,3
macdonald,3
objected,3
demand,3
variety,3
glasgow,3
single,3
chronicle,3
serve,3
neither,3
supplied,3
sectors,3
ed,3
largest,3
increasingly,3
sector,3
statements,3
upset,3
others,3
similarly,3
many,3
enable,3
debates,3
granting,3
fear,3
do,3
present,3
model,3
rapid,3
establish,3
belief,3
sell,3
mill,3
day,3
original,3
pooling,3
discrimination,3
hour,3
advantages,3
individual,3
characterized,3
preservation,3
especially,3
hochfelder,3
often,3
slightly,3
george,3
hill,3
widespread,3
methods,3
face,3
undertook,3
membership,3
june,3
alternative,3
set,3
best,3
particularly,3
rely,3
goods,3
type,3
regulations,3
cause,3
independently,3
feb,3
maintain,3
edinburgh,3
theory,3
extent,3
telephony,3
popular,3
both,3
son,3
scott,3
despite,3
content,3
went,3
jun,3
arguments,3
varied,3
bargaining,3
copies,3
twentieth,3
crisis,3
protested,3
point,3
cheaper,3
showed,3
perception,3
archives,2
abolition,2
customers,2
common,2
stuart,2
later,2
commitment,2
gerben,2
college,2
therefore,2
ultimate,2
considerably,2
employees,2
merged,2
join,2
formed,2
additionally,2
decade,2
retrenchments,2
western,2
unlike,2
suffered,2
fearful,2
test,2
lower,2
being,2
either,2
undermine,2
sources,2
invention,2
parliamentary,2
entailed,2
editions,2
parties,2
copy,2
twenty,2
monitor,2
differences,2
roland,2
closer,2
hannah,2
resulting,2
greatly,2
henry,2
robert,2
complicated,2
diversify,2
somewhat,2
intelligence,2
behind,2
dissemination,2
telecommunication,2
has,2
correspondents,2
right,2
interwar,2
functions,2
taxation,2
richard,2
constrained,2
facto,2
letter,2
behavior,2
harold,2
complained,2
dependence,2
facts,2
difficulties,2
quality,2
calculated,2
since,2
de,2
cases,2
nor,2
depend,2
contrary,2
restrict,2
difficulty,2
ample,2
apr,2
compared,2
twice,2
networks,2
explore,2
jones,2
cooperative,2
stanley,2
implementation,2
incentive,2
promised,2
finances,2
book,2
operation,2
poor,2
town,2
operations,2
cartel,2
act,2
traffic,2
revenues,2
prohibit,2
lasted,2
standard,2
affect,2
wages,2
retained,2
organized,2
edition,2
receiving,2
gradually,2
argued,2
age,2
show,2
nationalize,2
rental,2
depart,2
subsidiary,2
helped,2
providers,2
appear,2
whereas,2
arrived,2
advance,2
geoffrey,2
censorship,2
train,2
users,2
economics,2
demands,2
requirements,2
emerge,2
initial,2
collectively,2
markets,2
lose,2
afforded,2
broadcasting,2
tension,2
lease,2
stations,2
aspects,2
data,2
deputation,2
leasing,2
heavily,2
purpose,2
apparent,2
clearer,2
nation,2
deregulate,2
printers,2
keep,2
transmitting,2
thereafter,2
et,2
advertising,2
divided,2
viability,2
surrounding,2
savings,2
alan,2
president,2
lefferts,2
approach,2
violated,2
least,2
strict,2
working,2
field,2
responsibility,2
dictionary,2
exclusionary,2
order,2
owned,2
night,2
outbreak,2
attention,2
sufficient,2
concerns,2
adversely,2
research,2
differing,2
yielded,2
struck,2
dependent,2
shareholding,2
value,2
grateful,2
am,2
incumbent,2
telegraphed,2
subsequently,2
chains,2
equality,2
various,2
wrote,2
indeed,2
expansion,2
barley,2
return,2
reduce,2
bill,2
railway,2
assigned,2
auspices,2
england,2
restricted,2
tax,2
lord,2
al,2
noted,2
payments,2
subsidize,2
longer,2
lee,2
successfully,2
limit,2
toward,2
reporting,2
put,2
smith,2
herbert,2
efforts,2
faster,2
leading,2
fundamental,2
areas,2
throughput,2
incentives,2
formation,2
covered,2
manner,2
continuing,2
ensured,2
disparity,2
railways,2
ibid,2
remained,2
local,2
success,2
including,2
entirely,2
millward,2
questions,2
exhibited,2
necessitated,2
open,2
crises,2
publication,2
points,2
sustain,2
liberate,2
kieve,2
collected,2
kept,2
deregulated,2
martin,2
latter,2
quick,2
edmund,2
study,2
suited,2
supported,2
story,2
equivalent,2
securing,2
we,2
decision,2
operating,2
limiting,2
relying,2
negotiations,2
publishing,2
independent,2
science,2
five,2
select,2
leslie,2
slow,2
who,2
accepted,2
dispatch,2
seventeenth,2
covering,2
length,2
provider,2
payment,2
respect,2
gathered,2
tantamount,2
viscount,2
founders,2
school,2
contained,2
wars,2
variable,2
heavy,2
series,2
necessity,2
biography,2
agents,2
known,2
regime,2
roderick,2
bright,2
principle,2
expenditures,2
innovations,2
good,2
authorities,2
down,2
tandem,2
cities,2
mass,2
better,2
table,2
purchase,2
nominal,2
month,2
combined,2
terms,2
stability,2
ones,2
together,2
imposed,2
passed,2
supplemented,2
transaction,2
complain,2
payable,2
suggests,2
downgrade,2
contain,2
felt,2
level,2
occasionally,2
prevalent,2
role,2
duty,2
subject,2
exceeded,2
penny,2
conversely,2
disadvantageous,2
maintained,2
firms,2
origins,2
editor,2
difference,2
julius,2
average,2
samuel,2
grant,2
memo,2
approximately,2
integration,2
playing,2
forming,2
ranged,2
anonymous,2
comparison,2
charles,2
removed,2
ascendancy,2
commodity,2
bakker,2
create,2
early,2
uncertainty,2
entire,2
interaction,2
seek,2
meeting,2
doing,2
predicated,2
boswell,2
major,2
unpredictable,1
directors,1
dominant,1
possessed,1
courier,1
accidents,1
horizontal,1
implemented,1
runciman,1
will,1
groups,1
staff,1
expand,1
concern,1
collate,1
go,1
truth,1
nationwide,1
fingers,1
resulted,1
fiction,1
determine,1
illegibly,1
e,1
quadruplex,1
tracked,1
measures,1
alone,1
elections,1
adoption,1
succinct,1
sphere,1
controlling,1
likewise,1
paradoxically,1
told,1
reflection,1
needed,1
operator,1
complex,1
replaced,1
envisioned,1
myth,1
birmingham,1
dundee,1
jubilee,1
sheffield,1
zero,1
usefully,1
true,1
english,1
ostensibly,1
approaches,1
bias,1
patronize,1
easily,1
associationto,1
deregulation,1
duke,1
tied,1
justified,1
necessarily,1
taverns,1
individually,1
exceptions,1
unite,1
litigation,1
contested,1
acquainted,1
chief,1
corresponding,1
β,1
agitated,1
efficacy,1
mitigated,1
inhibited,1
moderated,1
else,1
explaining,1
permit,1
www,1
hike,1
uninformed,1
modest,1
barriers,1
whom,1
subscribed,1
handle,1
steady,1
debating,1
postage,1
rush,1
disturbance,1
attempt,1
utilization,1
prosaically,1
freely,1
neil,1
hotels,1
referees,1
departure,1
liberty,1
mercury,1
containing,1
affirmed,1
comparatively,1
displacement,1
tradition,1
paramount,1
secondary,1
assess,1
undertake,1
boer,1
stood,1
accumulated,1
propped,1
carrying,1
liverpool,1
rule,1
borne,1
inherent,1
able,1
hundred,1
deemed,1
nevertheless,1
alignment,1
half,1
mind,1
catterall,1
raised,1
prohibiting,1
opposite,1
decreased,1
untitled,1
alike,1
profitable,1
unforeseeable,1
lecturer,1
univ,1
circuits,1
seminar,1
retrenchment,1
concealed,1
case,1
measuringworth,1
issue,1
corresponded,1
allor,1
daunton,1
alfred,1
dr,1
adrian,1
bamberg,1
allthe,1
owing,1
historians,1
albeit,1
capacity,1
adverse,1
deprivations,1
march,1
changed,1
chapter,1
indirectly,1
red,1
welcome,1
possible,1
determined,1
marked,1
delivering,1
capitalize,1
activity,1
shared,1
schedule,1
establishing,1
election,1
instigators,1
alter,1
move,1
vital,1
obvious,1
fine,1
edit,1
diss,1
taking,1
desired,1
variations,1
except,1
regards,1
consequent,1
owners,1
conception,1
quantity,1
desirable,1
objective,1
apportioning,1
inexpensive,1
economies,1
minimum,1
ross,1
framework,1
dublin,1
usage,1
expertise,1
repeatedly,1
pushed,1
guildhall,1
otherwise,1
dispatched,1
ronald,1
mckibbin,1
erection,1
proceeded,1
reverse,1
proportionate,1
utopian,1
equalize,1
run,1
converged,1
originprogressand,1
cognizant,1
helen,1
cracks,1
hierarchy,1
unpublished,1
g,1
integral,1
sayantan,1
cooperate,1
neighbors,1
retarded,1
campaigned,1
ιοφνννννοοοοοοοοοοφφο,1
anticompetitive,1
competitor,1
walter,1
unwillingness,1
polling,1
quicker,1
supremacy,1
privilege,1
arena,1
adam,1
decisions,1
items,1
destroyed,1
reluctance,1
reproved,1
legally,1
perspective,1
burgeoning,1
stabilized,1
memorandum,1
approval,1
allocating,1
highest,1
young,1
interfered,1
applying,1
third,1
alliances,1
helpful,1
y,1
dispensable,1
weaver,1
οοοοογιγιγιη,1
practically,1
broadberry,1
apparently,1
innis,1
leadership,1
word,1
subversive,1
jean,1
speeds,1
employ,1
failed,1
mechanisms,1
rights,1
surprisingly,1
cameron,1
steps,1
haymarket,1
downgraded,1
interesting,1
colin,1
alleged,1
manipulated,1
averaged,1
essential,1
german,1
newsbrokers,1
monopolies,1
destroy,1
brethren,1
absent,1
possession,1
affairs,1
basic,1
antagonistic,1
vestige,1
notion,1
process,1
precluded,1
loomed,1
injure,1
mechanics,1
coase,1
proportion,1
connected,1
φο,1
whether,1
publisher,1
wastepaper,1
asia,1
direct,1
ongoing,1
mercer,1
generating,1
irrtfro,1
iteration,1
echoed,1
tolls,1
rules,1
front,1
supposed,1
competing,1
modified,1
directory,1
eighteen,1
send,1
determination,1
changes,1
circulated,1
ensure,1
legitimizing,1
devotes,1
censored,1
consider,1
objects,1
signed,1
julv,1
imposing,1
boon,1
linked,1
accrued,1
ideologies,1
n,1
germane,1
house,1
contemporaries,1
scoops,1
w,1
solid,1
xi,1
four,1
resorted,1
jevons,1
exacting,1
demarcation,1
storm,1
hart,1
requested,1
idealized,1
undertaken,1
hitched,1
comprising,1
consequence,1
votes,1
potentialities,1
overcame,1
curran,1
willing,1
restriction,1
instantaneously,1
founding,1
bb,1
architect,1
opinion,1
faced,1
providing,1
liberalize,1
cut,1
advocated,1
cork,1
restand,1
clements,1
hours,1
toulmin,1
royal,1
tariffs,1
result,1
confronted,1
acceptable,1
herald,1
sociological,1
cumbersome,1
affordable,1
allow,1
lulls,1
fortunes,1
nondaily,1
superfluous,1
correspondent,1
typical,1
item,1
six,1
lived,1
objectives,1
scotland,1
radio,1
replica,1
rebuttal,1
keble,1
base,1
representative,1
late,1
density,1
further,1
equally,1
neighboring,1
supporters,1
supervisors,1
wales,1
effective,1
rent,1
parliaments,1
stock,1
hitch,1
tools,1
appears,1
produced,1
priorities,1
meet,1
analogous,1
applied,1
purchased,1
moss,1
grounds,1
energy,1
wealth,1
outsourcing,1
delays,1
facilities,1
opposition,1
near,1
eliminate,1
silver,1
transcription,1
representatives,1
hierarchies,1
kaul,1
basis,1
distinguish,1
perpetuated,1
used,1
remittances,1
idealistic,1
publish,1
scope,1
obscure,1
sanction,1
already,1
start,1
stiff,1
dissatisfaction,1
women,1
repetition,1
claim,1
imagined,1
significantly,1
brought,1
reporters,1
norm,1
reduction,1
related,1
anew,1
nationalized,1
feared,1
ten,1
wiring,1
kindly,1
describe,1
consistently,1
industrialised,1
policies,1
partly,1
people,1
ι,1
statistics,1
winter,1
call,1
forces,1
optional,1
away,1
rivals,1
reflect,1
shouldered,1
legislation,1
regional,1
plurality,1
walsten,1
systematic,1
ιηιητη,1
status,1
strengthened,1
cornerstone,1
trends,1
priced,1
prospect,1
longterm,1
delay,1
numerically,1
expended,1
multiplicity,1
successful,1
hard,1
seaton,1
trading,1
box,1
byline,1
theater,1
assemble,1
issued,1
titles,1
repeated,1
involved,1
reporter,1
intervals,1
eleven,1
apportioned,1
altered,1
dividend,1
erected,1
governments,1
acts,1
unaltered,1
observe,1
latest,1
carrier,1
impossible,1
managed,1
evanston,1
merger,1
nationalisation,1
using,1
ellen,1
notice,1
joel,1
skill,1
parenthetically,1
gordon,1
activities,1
periods,1
portion,1
churchill,1
film,1
highlights,1
amalgamate,1
transform,1
irrespective,1
io,1
minor,1
advocate,1
absence,1
entitled,1
strike,1
attributable,1
licensing,1
wendell,1
wap,1
comparative,1
londonbased,1
corporation,1
acknowledged,1
inclusive,1
forward,1
female,1
scotsman,1
assurance,1
constraints,1
gaining,1
converted,1
souvenir,1
intervention,1
comments,1
shareholder,1
permissible,1
sending,1
cartels,1
liberalism,1
registered,1
amendmentspeech,1
religious,1
ipso,1
com,1
selection,1
seditious,1
structural,1
reinforced,1
fighting,1
percentage,1
legality,1
confronting,1
once,1
pursuant,1
elapsed,1
permitting,1
trains,1
reference,1
precondition,1
permission,1
coverage,1
pp,1
read,1
marginal,1
paradox,1
happened,1
thought,1
canceling,1
soon,1
counterparts,1
message,1
harmsworth,1
challenged,1
place,1
termination,1
relinquish,1
marshall,1
processing,1
earned,1
participants,1
included,1
home,1
conveying,1
orders,1
pubs,1
accelerated,1
experiment,1
industrial,1
reliance,1
typed,1
rise,1
fawcett,1
sometimes,1
harper,1
double,1
cial,1
street,1
party,1
starting,1
unlimited,1
french,1
unreliable,1
law,1
jeffrey,1
conceal,1
challenge,1
inflexible,1
again,1
spend,1
renewed,1
europe,1
cable,1
lucy,1
towns,1
flat,1
searle,1
added,1
generously,1
succeeded,1
wired,1
joints,1
shows,1
forestalled,1
idea,1
valid,1
stories,1
tooze,1
abilities,1
fearing,1
unidentified,1
beliefs,1
appeared,1
abstract,1
extended,1
tangible,1
casualties,1
break,1
classical,1
incorporation,1
businessprinting,1
forging,1
omitted,1
end,1
chs,1
agree,1
serious,1
newseatherine,1
mcarthur,1
never,1
hit,1
merge,1
likelihood,1
electricity,1
increases,1
handed,1
leeds,1
where,1
inroads,1
existing,1
empire,1
centenary,1
michael,1
strategies,1
coincided,1
laborin,1
wartime,1
rich,1
benn,1
style,1
encountered,1
nonmembers,1
historiographical,1
saunders,1
iqiq,1
meetings,1
week,1
xli,1
crown,1
understanding,1
greatest,1
discussion,1
clients,1
supplies,1
considering,1
restrictions,1
amendments,1
twentynine,1
unquestionably,1
maritime,1
limitations,1
undue,1
unsigned,1
concentration,1
conceivable,1
unfairly,1
sixth,1
sufficiently,1
ruling,1
streams,1
medium,1
ingber,1
tenets,1
varying,1
empirical,1
cripple,1
hidden,1
combining,1
newlands,1
sold,1
unfortunately,1
prevailed,1
largely,1
unfair,1
operated,1
assumption,1
backups,1
refers,1
conditions,1
morality,1
educating,1
harvard,1
yorkshire,1
net,1
satisfactorily,1
rare,1
pamphlets,1
levied,1
triadic,1
archive,1
full,1
schudson,1
vulnerability,1
boyce,1
optimistic,1
contribution,1
initiatives,1
upended,1
passim,1
accessed,1
reality,1
directed,1
frustrated,1
welcomed,1
obtaining,1
peter,1
ireland,1
logic,1
troubleshooting,1
incompletely,1
receipt,1
fellow,1
fr,1
played,1
course,1
telephonic,1
indiscriminately,1
ε,1
managerial,1
legacy,1
forms,1
neutral,1
spent,1
faith,1
margin,1
secretaries,1
beyond,1
outcomes,1
promote,1
constructing,1
assuredany,1
northern,1
correct,1
become,1
businesses,1
exported,1
newcastle,1
respectively,1
topics,1
acquire,1
closures,1
excluded,1
diamond,1
mr,1
contracts,1
admiralty,1
figures,1
forefront,1
save,1
sine,1
né,1
institution,1
tendency,1
quarterly,1
modifications,1
schwarzlose,1
sole,1
brown,1
justice,1
baron,1
reluctant,1
levy,1
separate,1
increasing,1
fails,1
hindered,1
european,1
plus,1
suggestion,1
twelve,1
unstamped,1
relationship,1
aid,1
peers,1
violation,1
perry,1
newsworthy,1
note,1
education,1
processed,1
quo,1
bulk,1
popularity,1
addressing,1
vision,1
practical,1
bound,1
claimed,1
rough,1
arrow,1
employment,1
exacerbated,1
wiener,1
fewer,1
insufficient,1
mediums,1
institutions,1
independence,1
interfere,1
sporting,1
non,1
requests,1
wilson,1
anxiety,1
rapidly,1
owed,1
floud,1
quiet,1
satisfaction,1
responsible,1
construction,1
entertainment,1
holmes,1
ing,1
types,1
ebb,1
get,1
pressures,1
articles,1
arts,1
bigger,1
investigate,1
fought,1
stipulation,1
joseph,1
matters,1
fligstein,1
male,1
regularly,1
contemplated,1
valuing,1
roughly,1
openly,1
blocked,1
prohibited,1
senior,1
intervened,1
conclusion,1
conjunction,1
incorporated,1
telegraphers,1
examiner,1
manual,1
exorbitant,1
demonstrate,1
geographic,1
constituted,1
prorata,1
partnerships,1
speculating,1
extension,1
pace,1
carriers,1
stephen,1
satisfactory,1
contents,1
rival,1
reinforcement,1
willingness,1
few,1
inclusivity,1
starr,1
column,1
franchises,1
disturb,1
why,1
quickly,1
ghosal,1
know,1
outcome,1
ran,1
medill,1
unavailable,1
surrender,1
sure,1
readily,1
proponents,1
rented,1
specialized,1
india,1
global,1
connection,1
setting,1
cricket,1
ubiquitous,1
restrictive,1
printed,1
abortive,1
unloading,1
current,1
regard,1
returns,1
pilfering,1
moments,1
counting,1
eventually,1
underwrite,1
losses,1
collectors,1
basket,1
relocate,1
far,1
extricate,1
gas,1
liberal,1
reflected,1
associations,1
sum,1
disadvantaged,1
hostilities,1
circumvent,1
ethos,1
living,1
oliver,1
risky,1
places,1
turned,1
phd,1
consisted,1
clarity,1
beginning,1
warnings,1
johnson,1
automatic,1
iterated,1
dobbin,1
rose,1
foden,1
making,1
degree,1
ο,1
allowance,1
thirty,1
opportunistic,1
mere,1
erect,1
ruin,1
ceased,1
unnecessary,1
excises,1
occasions,1
extract,1
institute,1
require,1
bandwidth,1
absurdly,1
entry,1
generally,1
threat,1
herd,1
upper,1
art,1
travel,1
qua,1
burden,1
emergent,1
nationalizing,1
inimical,1
economist,1
transport,1
ill,1
reported,1
uniform,1
provincesconflicted,1
plummeted,1
city,1
demanded,1
alderley,1
easy,1
manifold,1
returning,1
circulations,1
commissioned,1
rationale,1
acute,1
pressnamely,1
shareholders,1
censorial,1
ranks,1
impartiality,1
diverged,1
writing,1
gain,1
amalgamated,1
our,1
prepared,1
disadvantages,1
promoted,1
argument,1
differentiation,1
unable,1
disseminating,1
reaction,1
notes,1
generate,1
disappear,1
resist,1
clubs,1
connecting,1
decrease,1
illinois,1
dangerous,1
leverage,1
write,1
charge,1
accept,1
culture,1
wish,1
ended,1
joined,1
actively,1
integrated,1
land,1
attendees,1
canadian,1
gross,1
unified,1
product,1
bear,1
stockholders,1
disintegrated,1
phone,1
constituencies,1
regular,1
france,1
disrupt,1
defined,1
off,1
plentiful,1
exportation,1
grapple,1
posterity,1
lolchandrika,1
telegraphists,1
shift,1
ships,1
customized,1
crawfurd,1
needs,1
thousand,1
potential,1
gazette,1
fellows,1
hotel,1
amalgamation,1
disrupting,1
exclusively,1
winston,1
immediately,1
strong,1
north,1
observed,1
famous,1
laborers,1
built,1
signals,1
scoop,1
close,1
retrospect,1
looking,1
