WORDCOUNTS,WEIGHT
the,635
of,334
and,259
to,216
in,172
a,130
as,112
that,71
for,71
they,66
american,66
s,66
it,62
neoconservatism,61
new,58
on,58
neoconservatives,54
had,52
not,50
with,50
was,49
which,49
this,46
an,46
have,46
has,45
their,43
were,43
york,41
its,41
is,38
be,38
from,36
america,33
by,33
pp,29
intellectuals,27
policy,26
political,26
ny,26
at,25
could,25
kristol,25
such,24
been,24
are,24
party,23
he,23
jews,22
although,22
right,21
neoconservative,21
war,20
them,20
reagan,19
other,18
democratic,18
or,18
movement,17
would,17
liberalism,17
united,17
foreign,16
who,16
both,16
his,15
london,15
irving,15
republican,15
but,15
see,15
group,14
society,14
many,14
historical,14
what,14
states,14
history,13
politics,13
conservative,13
however,13
power,13
between,13
much,13
those,12
richard,12
since,12
soviet,12
part,12
when,12
also,12
ideological,12
administration,12
against,11
journal,11
support,11
liberal,11
union,11
influence,11
about,11
only,11
strauss,11
bush,11
william,11
years,11
one,10
abrams,10
position,10
military,10
friedman,10
than,10
whose,10
how,10
public,10
clarke,10
halper,10
these,10
rise,10
early,10
groups,9
robert,9
daniel,9
left,9
no,9
because,9
cold,9
world,9
more,9
michael,9
so,9
can,9
christian,9
relationship,9
intellectual,9
conservatism,9
if,8
coalition,8
interest,8
important,8
late,8
reviews,8
jewish,8
literature,8
up,8
economic,8
social,8
historiographical,8
ethnic,8
after,8
become,8
ginsberg,8
themselves,8
era,8
democracy,7
now,7
order,7
commentary,7
corporate,7
there,7
state,7
within,7
east,7
bell,7
most,7
wolfowitz,7
p,7
james,7
middle,7
always,7
culture,7
same,7
organizations,7
john,7
present,7
like,7
saw,7
any,7
over,7
dorrien,7
did,7
institute,7
cambridge,7
defence,7
national,7
should,7
way,6
alone,6
ma,6
pipes,6
arms,6
first,6
jackson,6
mind,6
some,6
kirkpatrick,6
détente,6
cultural,6
welfare,6
too,6
origins,6
m,6
view,6
reader,6
policies,6
people,6
own,6
business,6
thought,6
end,6
contemporary,6
significant,6
peter,6
george,6
ideology,6
cia,6
different,6
phenomenon,6
question,6
iraq,6
does,5
revolutionary,5
interests,5
all,5
bloom,5
review,5
grandin,5
ct,5
essential,5
without,5
earlier,5
ledeen,5
viewed,5
cannot,5
kissinger,5
work,5
several,5
two,5
nathan,5
where,5
mccarthyism,5
played,5
class,5
article,5
capitalism,5
we,5
attention,5
standard,5
hofstadter,5
clinton,5
wilson,5
often,5
aei,5
economy,5
role,5
views,5
liberals,4
burnham,4
committee,4
into,4
institutes,4
being,4
might,4
j,4
scientists,4
advantage,4
found,4
take,4
historians,4
leo,4
along,4
human,4
perspective,4
generation,4
rights,4
rather,4
republicans,4
wanted,4
established,4
house,4
helped,4
response,4
called,4
milton,4
failure,4
prominent,4
purpose,4
example,4
weekly,4
haven,4
revolution,4
things,4
senator,4
universities,4
iran,4
security,4
during,4
sociological,4
krauthammer,4
al,4
sector,4
paul,4
time,4
remained,4
glazer,4
partisan,4
significance,4
david,4
éd,4
henry,4
institutions,4
life,4
why,4
stelzer,4
regime,4
funding,4
global,4
assumed,4
domestic,4
very,4
believed,4
scholarly,4
varying,4
attitudes,4
fukuyama,4
popular,4
became,4
moynihan,4
marxist,4
podhoretz,4
given,3
respected,3
affected,3
jonathan,3
unlike,3
before,3
experience,3
either,3
wrong,3
worked,3
gerson,3
words,3
allan,3
capitalist,3
individuals,3
leading,3
carter,3
together,3
great,3
careers,3
differences,3
antipathy,3
i,3
embrace,3
wilford,3
intelligence,3
designs,3
case,3
perle,3
eventual,3
account,3
reaction,3
still,3
hodgson,3
september,3
g,3
century,3
elements,3
abortion,3
even,3
student,3
antagonistic,3
populism,3
benjamin,3
danger,3
signed,3
argued,3
fundamentalists,3
internal,3
opinion,3
export,3
whereas,3
participants,3
asserts,3
patrick,3
out,3
events,3
radical,3
struggles,3
base,3
polemics,3
big,3
bacevich,3
academic,3
absorption,3
younger,3
ford,3
prayer,3
libertarian,3
christianity,3
elliott,3
claim,3
il,3
markedly,3
ida,3
change,3
research,3
civil,3
seemed,3
action,3
strategic,3
containment,3
q,3
hugh,3
mission,3
us,3
home,3
increasingly,3
kagan,3
fact,3
lack,3
uneasy,3
contras,3
rhetoric,3
never,3
hand,3
do,3
model,3
empire,3
answer,3
coherent,3
novick,3
made,3
assume,3
congress,3
straussians,3
zionism,3
washington,3
clear,3
moral,3
high,3
cpd,3
pnac,3
fatal,3
commentators,3
white,3
workshop,3
success,3
provide,3
attitude,3
primarily,3
transformed,3
contribution,3
respect,3
dollinger,3
historian,3
mann,3
extensive,3
sustained,3
school,3
forty,3
rumsfeld,3
idem,3
terms,3
imperial,3
boston,3
subject,3
until,3
crisis,3
speak,3
point,3
chicago,3
enterprise,3
recent,3
virtue,3
concerned,2
career,2
market,2
college,2
connection,2
e,2
sphere,2
asserted,2
studies,2
candidate,2
former,2
scientist,2
something,2
relativism,2
brandon,2
said,2
sources,2
hence,2
long,2
every,2
embraced,2
creation,2
fund,2
taken,2
capitalists,2
brookings,2
nature,2
revival,2
gary,2
reach,2
europe,2
tradition,2
reasons,2
thank,2
arises,2
blumenthal,2
debt,2
wealthy,2
particular,2
saddam,2
context,2
system,2
chua,2
money,2
draw,2
changed,2
strand,2
magazine,2
fundamentalist,2
ideologically,2
resources,2
financed,2
andrew,2
relationships,2
explained,2
development,2
executives,2
regarded,2
kissingerian,2
contributors,2
moment,2
marxism,2
affairs,2
distinct,2
moralistic,2
back,2
inclusion,2
assertive,2
networks,2
drawn,2
bennett,2
details,2
terror,2
general,2
insisted,2
crossroads,2
opposed,2
wattenberg,2
americans,2
russian,2
activists,2
doctrine,2
communism,2
represented,2
thing,2
strands,2
b,2
lay,2
imperialist,2
space,2
means,2
modified,2
win,2
nor,2
totalitarianism,2
university,2
consider,2
organization,2
rightside,2
director,2
just,2
hussein,2
threat,2
vietnam,2
sultan,2
permanent,2
strategy,2
constitution,2
regulatory,2
greater,2
interventionism,2
my,2
came,2
based,2
sunbelt,2
wooldridge,2
jeane,2
inter,2
understood,2
though,2
deficits,2
organizationally,2
aspects,2
activist,2
grounds,2
enjoyed,2
mellon,2
expressions,2
affair,2
well,2
conservatives,2
network,2
line,2
cheney,2
neocon,2
nation,2
positions,2
surprise,2
isolationism,2
issues,2
collective,2
et,2
justification,2
showing,2
won,2
status,2
militarism,2
polity,2
towards,2
legacy,2
closing,2
arise,2
allegiance,2
tom,2
catholic,2
few,2
concerns,2
lind,2
pa,2
paid,2
appropriate,2
value,2
favoured,2
activities,2
nations,2
appeal,2
africanamericans,2
will,2
battle,2
critical,2
defended,2
led,2
fortunate,2
matter,2
various,2
alia,2
letters,2
identified,2
short,2
alliance,2
polemical,2
make,2
experiences,2
religious,2
oxford,2
democrats,2
accident,2
message,2
neither,2
liberties,2
industrial,2
useful,2
corporations,2
members,2
attacks,2
challenge,2
mark,2
projects,2
smith,2
lacked,2
persuasion,2
populists,2
shows,2
idea,2
forming,2
pressure,2
broadly,2
choice,2
diverse,2
conclusions,2
monographs,2
developing,2
existing,2
accepted,2
less,2
agencies,2
micklethwait,2
feith,2
gives,2
free,2
understanding,2
ignored,2
oil,2
encounter,2
libertarians,2
intent,2
explanation,2
politicians,2
israel,2
previously,2
copies,2
elite,2
identity,2
secretary,2
entirely,2
expression,2
use,2
ideas,2
marcos,2
chosen,2
steinfels,2
described,2
open,2
robustly,2
historic,2
modem,2
judaism,2
express,2
points,2
spread,2
stages,2
stalwarts,2
presidential,2
men,2
especially,2
written,2
labour,2
postwar,2
dominance,2
figures,2
institution,2
tendency,2
wi,2
adviser,2
asking,2
dictatorships,2
reliable,2
independent,2
science,2
kenneth,2
claimed,2
fdr,2
force,2
philosopher,2
analysis,2
existed,2
education,2
amy,2
itself,2
partners,2
protean,2
kristops,2
then,2
growing,2
ehrman,2
zuckert,2
version,2
biography,2
known,2
polemicist,2
rival,2
intensely,2
md,2
affirmative,2
wider,2
set,2
godfrey,2
know,2
berkeley,2
seem,2
holocaust,2
republicanism,2
vulcans,2
collins,2
enemy,2
sustaining,2
retired,2
better,2
counterestablishment,2
places,2
turned,2
flavour,2
defend,2
game,2
according,2
heads,2
combined,2
whether,2
form,2
ones,2
making,2
accounts,2
want,2
thirty,2
debate,2
secure,2
produce,2
w,2
freedom,2
anxieties,2
son,2
convinced,2
assumptions,2
rationale,2
aims,2
strong,2
come,2
formation,2
idealism,2
survival,2
argument,2
editor,2
institutional,2
contributed,2
include,2
realism,2
philosophy,2
madison,2
campaign,2
needs,2
specific,2
supported,2
potential,2
scholarship,2
norman,2
evangelicals,2
traditional,2
doing,2
ca,2
close,2
appeasement,1
rieoconsewatisms,1
resolve,1
rostow,1
superiority,1
mostly,1
disobedient,1
done,1
struggle,1
persecuted,1
doubts,1
investigated,1
convergence,1
common,1
conflicting,1
declared,1
adopt,1
treaties,1
created,1
commitment,1
ready,1
proselytize,1
truth,1
dangers,1
personnel,1
extreme,1
cells,1
wa,1
manucher,1
resulted,1
congressman,1
instinctively,1
determine,1
staggering,1
empirical,1
squeamishness,1
introduction,1
revulsion,1
federation,1
notably,1
germany,1
sympathetic,1
told,1
becoming,1
basingstoke,1
large,1
complex,1
ravelstein,1
star,1
appointees,1
tend,1
formed,1
vigour,1
uniquely,1
true,1
candid,1
ways,1
solidarity,1
h,1
materialistic,1
rejoicing,1
expenditure,1
bryan,1
lackeys,1
monetarists,1
modern,1
mcauliffe,1
park,1
conscious,1
pornography,1
proclaims,1
boulder,1
motive,1
overlook,1
oppressive,1
justified,1
character,1
senators,1
stefan,1
encourage,1
leaked,1
princeton,1
pie,1
shulsky,1
pentagon,1
contortions,1
turning,1
women,1
journalism,1
journeys,1
cartoons,1
consistent,1
member,1
sperling,1
failing,1
shorn,1
labor,1
whom,1
posed,1
production,1
questions,1
exclusive,1
colourful,1
guises,1
convert,1
originally,1
individualist,1
implications,1
attempts,1
concentrated,1
pat,1
brains,1
saul,1
rove,1
taskforce,1
advanced,1
neil,1
seems,1
hatred,1
historiography,1
affirmed,1
bellow,1
explores,1
broken,1
antagonize,1
desire,1
confusion,1
ben,1
accumulated,1
analyses,1
narrative,1
able,1
government,1
dealer,1
reed,1
paleoconservatives,1
closer,1
concludes,1
room,1
insanely,1
religion,1
kingdom,1
conclusion,1
achieved,1
feature,1
last,1
loose,1
murray,1
solicited,1
emphasized,1
stand,1
fun,1
precisely,1
influences,1
concepts,1
raised,1
principal,1
classified,1
mail,1
china,1
styan,1
wage,1
reading,1
somewhat,1
committed,1
hostile,1
confused,1
tantalized,1
receptive,1
ad,1
piper,1
issue,1
revolt,1
fortune,1
con,1
advocates,1
abm,1
existence,1
cabinet,1
adrian,1
pax,1
king,1
struggled,1
advice,1
sought,1
u,1
discuss,1
march,1
apple,1
halliburton,1
felt,1
nitze,1
possible,1
probing,1
greg,1
entrepreneurs,1
iggj,1
taunts,1
establishing,1
obviously,1
election,1
powers,1
mutual,1
consciousness,1
thirdly,1
disadvantage,1
invited,1
allying,1
rely,1
scorn,1
far,1
cited,1
relate,1
apply,1
constrained,1
drury,1
irrational,1
globalized,1
permissive,1
marginalized,1
identifies,1
letter,1
engage,1
warfare,1
factional,1
exposed,1
exist,1
winning,1
relies,1
central,1
goal,1
penalty,1
thus,1
hessing,1
includes,1
throughout,1
totalitarian,1
nash,1
historically,1
weakened,1
scornful,1
reject,1
accommodation,1
professor,1
due,1
health,1
overlooks,1
recasting,1
assumes,1
personalities,1
machine,1
de,1
integral,1
author,1
circulation,1
missile,1
exiled,1
fora,1
characteristic,1
relatively,1
gun,1
decided,1
relations,1
portray,1
hostages,1
consumer,1
kirk,1
vanguard,1
jr,1
supranational,1
overt,1
ability,1
assured,1
emigration,1
masters,1
westport,1
funds,1
winik,1
progressive,1
turn,1
hold,1
adam,1
reaganomics,1
sanders,1
developments,1
pushing,1
mentors,1
stored,1
igfô,1
humphrey,1
refer,1
concerning,1
approval,1
contrary,1
body,1
lebanese,1
compulsory,1
serving,1
modernity,1
holds,1
extraordinary,1
young,1
recalls,1
wholly,1
ally,1
misleading,1
converging,1
alliances,1
weakening,1
unequivocally,1
weight,1
equally,1
oligarchs,1
conspiracy,1
apolitical,1
memoir,1
roundtable,1
fatah,1
look,1
iqo,1
critique,1
activism,1
departed,1
cocktail,1
unwelcome,1
urgent,1
savage,1
marx,1
conceded,1
equal,1
compromise,1
adversary,1
buchananite,1
battles,1
critics,1
crow,1
aim,1
prolifically,1
portland,1
inception,1
defection,1
hero,1
philadelphia,1
menace,1
dangerously,1
dovetailed,1
identification,1
condoleezza,1
predicted,1
act,1
ba,1
patron,1
bring,1
l,1
harrington,1
growth,1
destroy,1
abolished,1
aimed,1
untainted,1
watch,1
remain,1
mexican,1
soviets,1
agonizing,1
forced,1
influential,1
thrift,1
irwin,1
walmart,1
knew,1
unique,1
parents,1
killing,1
eastman,1
kelling,1
goes,1
opportunity,1
ignatius,1
keep,1
analysed,1
importance,1
talk,1
hoeveler,1
precocity,1
balanced,1
strange,1
steinberg,1
kazin,1
study,1
adept,1
crusade,1
managerial,1
retail,1
limitation,1
feel,1
congressional,1
front,1
provides,1
paper,1
brunei,1
howe,1
proclaimed,1
mcgovern,1
reason,1
involvement,1
changes,1
inauguration,1
alienate,1
ensure,1
scale,1
familiar,1
benefits,1
breeds,1
descent,1
peasant,1
emergence,1
latin,1
wealth,1
days,1
impact,1
objectivity,1
mary,1
articulated,1
pragmatism,1
benefited,1
age,1
show,1
initiative,1
max,1
ugly,1
powerful,1
hertfordshire,1
defeat,1
oakeshott,1
consequence,1
journalistic,1
rice,1
fronts,1
conditional,1
bourne,1
friars,1
scaife,1
theory,1
publicity,1
architect,1
suggested,1
salutary,1
drawing,1
advocated,1
dependency,1
assessments,1
bureaucracy,1
friends,1
pangle,1
opponents,1
pose,1
standards,1
cloning,1
straussian,1
diggins,1
rivals,1
walk,1
societies,1
fortunes,1
embittered,1
rule,1
inherent,1
demise,1
begun,1
strength,1
attack,1
preoccupy,1
coloured,1
objectives,1
economics,1
served,1
shared,1
her,1
unipolarity,1
strident,1
brokers,1
term,1
congruent,1
unions,1
further,1
impression,1
topics,1
outset,1
embarrassing,1
fusion,1
italians,1
blow,1
gillian,1
earliest,1
effect,1
agreements,1
appears,1
default,1
produced,1
ath,1
meet,1
sovereignty,1
contractarian,1
acquaintance,1
russell,1
productively,1
placed,1
explain,1
instrumental,1
fox,1
brooklyn,1
taught,1
noticed,1
professionals,1
benign,1
near,1
directly,1
randolph,1
memory,1
communitarian,1
distinguishes,1
jim,1
periodical,1
keeping,1
having,1
theological,1
future,1
degrees,1
journals,1
prioritizing,1
idealistic,1
abroad,1
already,1
peele,1
strict,1
quayle,1
comprises,1
gato,1
altruism,1
iind,1
concept,1
brought,1
nc,1
favourable,1
crude,1
freemarket,1
discusses,1
later,1
unconditional,1
proportions,1
apparent,1
calls,1
secret,1
related,1
wald,1
revealed,1
arming,1
feared,1
crossings,1
minority,1
criticized,1
ten,1
predominantly,1
shrink,1
continuation,1
gave,1
tale,1
older,1
corrupt,1
intermediate,1
place,1
ghorbanifar,1
expansionist,1
jo,1
exvietnam,1
vociferous,1
staid,1
lanham,1
forces,1
apparently,1
douglas,1
predominance,1
project,1
confession,1
alan,1
president,1
league,1
conform,1
ethnicity,1
urn,1
efforts,1
minds,1
count,1
refuse,1
unconcealed,1
eccentric,1
delay,1
monetary,1
earth,1
remake,1
causal,1
good,1
exerting,1
lipset,1
least,1
wurlitzer,1
successful,1
caused,1
hard,1
below,1
love,1
mccarthyite,1
ambassador,1
shaping,1
hardly,1
rollback,1
stage,1
socialist,1
oligopoly,1
wing,1
contrast,1
discredit,1
threshold,1
sixty,1
barriers,1
admired,1
bank,1
around,1
small,1
openly,1
calling,1
contingency,1
unpropitious,1
characteristics,1
consensus,1
inescapable,1
tony,1
adversely,1
nativist,1
resolution,1
industry,1
elude,1
breaking,1
notorious,1
manchester,1
decline,1
anticommunism,1
climate,1
distinguished,1
suddenly,1
himmelstein,1
tended,1
impossible,1
brown,1
christians,1
prerogatives,1
orthodox,1
pantiles,1
majority,1
spurious,1
kaufmann,1
restrain,1
peculiar,1
plausible,1
persuasions,1
crime,1
provided,1
displaced,1
zionists,1
moved,1
rest,1
reducing,1
dictated,1
heritage,1
survived,1
transforming,1
sidney,1
liberation,1
threatened,1
toseph,1
san,1
noteworthy,1
second,1
sons,1
investigating,1
may,1
io,1
reduced,1
saga,1
variety,1
academia,1
protecting,1
noble,1
chase,1
strictures,1
demagogic,1
ire,1
wrote,1
indeed,1
motivations,1
service,1
tightrope,1
outspending,1
stalinists,1
braughing,1
eminent,1
coleman,1
canarsie,1
hubert,1
exception,1
gaining,1
gift,1
reduce,1
prove,1
intimidation,1
convince,1
allen,1
ears,1
consolidating,1
intervention,1
americana,1
comments,1
yiddish,1
permissible,1
unprecedented,1
admonition,1
covert,1
perennial,1
ware,1
tends,1
direction,1
parker,1
authoritarian,1
engineering,1
forecast,1
inconvenient,1
spoken,1
coherence,1
racism,1
cooney,1
edited,1
yet,1
reference,1
examined,1
antizionism,1
makes,1
read,1
happened,1
mailings,1
alongside,1
serve,1
tilted,1
evil,1
evolved,1
windows,1
restricted,1
challenged,1
times,1
contractors,1
management,1
jay,1
symptomatic,1
included,1
stonor,1
pontificate,1
light,1
islam,1
assistance,1
baroody,1
watson,1
purity,1
intolerable,1
incompetent,1
baltimore,1
ed,1
iranian,1
robust,1
boldness,1
odds,1
donnelly,1
cheerful,1
department,1
unusually,1
reliance,1
stalin,1
maintained,1
liebowitz,1
munificent,1
avoided,1
grumann,1
double,1
prophecies,1
persuasive,1
lavish,1
gentleman,1
seymour,1
street,1
transformative,1
awakened,1
bolton,1
murdoch,1
fire,1
goals,1
classer,1
sandinistas,1
seduced,1
onwards,1
nomenklatura,1
stronger,1
humanitarian,1
rationalism,1
monitor,1
think,1
mighty,1
coincidence,1
nationalists,1
again,1
polemic,1
death,1
californian,1
pointed,1
available,1
slavery,1
moskowitz,1
intellect,1
experienced,1
tiny,1
equating,1
kennan,1
igyg,1
longer,1
admit,1
sells,1
blur,1
underestimated,1
scholars,1
benevolent,1
agrarian,1
areas,1
tolerate,1
walked,1
instability,1
plan,1
appeared,1
documents,1
abstract,1
reform,1
inconsistency,1
classical,1
sleep,1
brief,1
administrations,1
considerable,1
minimize,1
functionally,1
nuclear,1
discussed,1
anne,1
external,1
embattled,1
terry,1
honor,1
bargaining,1
devil,1
enough,1
took,1
ivy,1
journalists,1
proletariat,1
centre,1
decried,1
vanquished,1
disaffection,1
purposes,1
validity,1
ensured,1
seventeenth,1
income,1
karl,1
axes,1
tell,1
council,1
fibre,1
stirred,1
necessary,1
spell,1
disparity,1
japan,1
incursions,1
perhaps,1
casey,1
eds,1
books,1
controversy,1
threats,1
coined,1
waged,1
boeing,1
observance,1
remarkably,1
deficit,1
obsession,1
saunders,1
geopolitical,1
polities,1
terrorism,1
minded,1
dormant,1
another,1
autobiography,1
local,1
original,1
simon,1
demonstrated,1
fundamentally,1
week,1
northrop,1
displace,1
private,1
largesse,1
banks,1
associates,1
spending,1
uncannily,1
background,1
active,1
exporting,1
writings,1
including,1
conceivable,1
arose,1
depended,1
strongly,1
contacts,1
manifestations,1
concern,1
budget,1
convenience,1
prodigal,1
emphasize,1
francis,1
aesthetics,1
jerome,1
morality,1
academics,1
prominently,1
adelmann,1
kcl,1
actual,1
hoc,1
nothing,1
continue,1
aids,1
unholy,1
overlap,1
spokesmen,1
pinochet,1
lucrative,1
theories,1
involves,1
anthology,1
rejected,1
imperium,1
similar,1
three,1
reality,1
emphasizing,1
stress,1
profession,1
claimants,1
soldiers,1
dominated,1
victory,1
co,1
leave,1
held,1
vested,1
symposium,1
attach,1
divisions,1
started,1
supplying,1
direct,1
dissenting,1
parts,1
remark,1
distinction,1
lie,1
devise,1
commercially,1
pupil,1
lose,1
thomas,1
exchange,1
proclaim,1
communists,1
probe,1
realist,1
guilt,1
distrusted,1
promote,1
qualities,1
parallel,1
chapel,1
viewpoint,1
awakening,1
relation,1
successors,1
unkash,1
pro,1
accordingly,1
dreyfuss,1
seattle,1
corners,1
trades,1
rhetorical,1
contracts,1
attracted,1
assesses,1
staff,1
overthrow,1
destruction,1
engagement,1
joint,1
persuading,1
jerry,1
caution,1
develop,1
counterculture,1
reckless,1
regimes,1
immigration,1
luti,1
prescient,1
jumonville,1
concluded,1
overlooked,1
attended,1
examines,1
increasing,1
israeli,1
hapless,1
entitled,1
implicitly,1
carried,1
hardline,1
devote,1
circle,1
backward,1
tentative,1
covertly,1
decadent,1
bureaucrats,1
sometimes,1
crucial,1
erase,1
five,1
amherst,1
criminal,1
vision,1
defenders,1
bound,1
tech,1
fear,1
hill,1
tocqueville,1
reasonable,1
exacerbated,1
enron,1
inside,1
novak,1
populist,1
antagonism,1
dimensions,1
subsidy,1
lost,1
appeasing,1
soul,1
seen,1
interfere,1
detailed,1
team,1
imperialism,1
letterhead,1
transformation,1
anxiety,1
covering,1
length,1
proletarian,1
accusation,1
responsible,1
fall,1
fictionalized,1
dead,1
enforced,1
citizens,1
multilateralism,1
articles,1
combines,1
problematic,1
eugene,1
premier,1
investigate,1
inheres,1
gid,1
attachment,1
ajournai,1
evaluation,1
door,1
hearts,1
campuswatch,1
environment,1
presidency,1
seriously,1
wars,1
persecution,1
curious,1
slain,1
liked,1
stiffening,1
ordered,1
postmodernism,1
material,1
bellicose,1
senior,1
furthest,1
exemplified,1
complexity,1
changing,1
tanks,1
underpins,1
contradiction,1
ever,1
scarcely,1
committees,1
dubious,1
apparatchiks,1
shadia,1
protagonists,1
ignore,1
claims,1
ralph,1
charles,1
aspire,1
unexpected,1
doi,1
resurrect,1
offers,1
drew,1
agony,1
korean,1
outcome,1
defining,1
blair,1
tendencies,1
each,1
sure,1
quarrels,1
acknowledged,1
officials,1
novel,1
capability,1
key,1
mccain,1
board,1
universalist,1
best,1
alexander,1
leaders,1
accommodate,1
printed,1
expense,1
wall,1
lies,1
domino,1
judgements,1
allied,1
provoke,1
foundation,1
vibrant,1
particularly,1
invaluable,1
grind,1
edicts,1
korea,1
asserting,1
dumped,1
audience,1
number,1
devigne,1
build,1
past,1
ascendancy,1
sgii,1
highbrow,1
works,1
assessment,1
february,1
merely,1
hint,1
hopelessly,1
beginning,1
drop,1
consultants,1
defending,1
poses,1
mobil,1
rieder,1
nationalist,1
cahn,1
evangelical,1
sociology,1
trinity,1
maintain,1
disown,1
pains,1
map,1
sociologist,1
monster,1
extent,1
dream,1
segregationists,1
fascination,1
woodward,1
fully,1
while,1
utopianism,1
foundations,1
kaufman,1
fighters,1
almost,1
observations,1
urban,1
targets,1
patriotism,1
finished,1
bingo,1
nj,1
marc,1
level,1
necessity,1
careful,1
nader,1
altered,1
iqq,1
through,1
city,1
abram,1
collaborated,1
press,1
november,1
ac,1
giving,1
intended,1
entrepreneur,1
went,1
extended,1
manhattan,1
impulses,1
generals,1
entry,1
policymakers,1
arguments,1
protestants,1
clothing,1
ranks,1
sizeable,1
woodrow,1
exploit,1
writing,1
gain,1
childhood,1
despised,1
comprised,1
syndrome,1
aspires,1
our,1
frances,1
unexplored,1
eric,1
kirkpatnck,1
traditions,1
promoted,1
enthusiasm,1
soft,1
peddlers,1
drafts,1
theme,1
lists,1
discourages,1
reveals,1
righteousness,1
vann,1
diplomat,1
donald,1
quotas,1
quest,1
cashes,1
twentieth,1
abused,1
conditions,1
jew,1
write,1
catherine,1
accept,1
defender,1
aware,1
dangerous,1
joined,1
instead,1
alcove,1
dense,1
usa,1
socially,1
need,1
broader,1
opinions,1
ll,1
cautionary,1
manufacturer,1
writer,1
glass,1
centrality,1
defined,1
attempted,1
off,1
buchanan,1
area,1
frum,1
extremely,1
remains,1
francisco,1
anonymous,1
mobilized,1
offered,1
papal,1
news,1
rupert,1
distinctions,1
ensuring,1
mccarthy,1
c,1
orwell,1
rejection,1
enjoy,1
sectors,1
standpoints,1
soldiering,1
irrelevant,1
brink,1
create,1
subverting,1
fears,1
bargain,1
ownership,1
entire,1
surveys,1
participant,1
abandoned,1
heir,1
focus,1
uk,1
among,1
seek,1
north,1
building,1
ga,1
meeting,1
roles,1
scoop,1
fortuitous,1
restriction,1
dorman,1
major,1
martin,1
increase,1
impotent,1
links,1
