WORDCOUNTS,WEIGHT
the,926
of,585
in,404
and,396
to,282
a,183
new,171
york,125
were,117
s,113
was,112
that,108
for,104
life,103
by,100
fire,99
insurance,98
bank,98
barker,95
as,92
notes,84
company,77
at,73
firm,72
banks,71
these,70
post,63
on,63
this,59
from,52
its,51
banking,50
had,47
companies,47
but,44
they,43
their,43
with,42
jacob,41
or,40
which,40
not,40
an,40
financial,34
it,33
directors,32
see,31
note,31
city,31
securities,30
lending,29
other,28
some,28
credit,28
would,28
early,28
he,26
be,26
many,25
borrowers,25
issued,24
operations,24
also,23
exchange,23
trial,22
eckford,22
time,22
capital,22
panic,22
market,21
his,21
stock,21
july,21
began,21
shares,21
transactions,20
who,20
loans,19
no,19
bonds,19
state,18
value,18
borrower,18
are,17
those,17
more,17
hilt,16
when,16
paid,16
trials,16
held,16
been,16
is,16
did,16
them,16
eric,16
large,15
interest,15
conspiracy,15
could,15
only,15
charter,15
mercantile,15
firms,15
money,14
merchants,14
such,14
than,14
percent,14
used,14
issuing,14
sold,14
so,14
criminal,14
form,14
commercial,14
american,13
total,13
all,13
loan,13
may,13
failed,13
testimony,13
after,13
banknotes,13
society,13
business,13
collateral,13
over,13
paper,13
although,13
rate,12
one,12
history,12
there,12
collapse,12
late,12
two,12
then,12
country,12
have,12
attorney,11
politics,11
against,11
canal,11
whose,11
discount,11
well,11
quite,11
about,11
charters,11
corporations,11
v,11
made,11
months,11
incorporated,11
if,10
laws,10
fulton,10
failure,10
make,10
brown,10
henry,10
morris,10
historical,10
economy,10
statute,10
states,10
per,9
into,9
failures,9
political,9
corporation,9
papers,9
restraining,9
cases,9
journal,9
obtained,9
granted,9
legal,9
most,9
because,9
records,9
several,9
up,9
economic,9
banknote,9
amounts,9
payment,9
tradesmen,9
known,9
finance,9
beginning,9
crisis,9
among,9
later,8
manuscript,8
first,8
subsequent,8
issue,8
account,8
million,8
thus,8
pay,8
century,8
amount,8
influence,8
rates,8
proved,8
n,8
events,8
circulation,8
however,8
year,8
prices,8
debts,8
order,8
june,8
part,8
same,8
investors,8
street,8
addition,8
enormous,8
described,8
three,8
period,8
general,8
high,8
institutions,8
often,8
united,8
any,8
series,8
legislature,8
wall,8
very,8
accounts,8
chancery,8
obtain,8
ultimately,8
stockholders,8
obligations,7
nineteenth,7
court,7
i,7
robert,7
u,7
chartered,7
resources,7
letter,7
speculative,7
developed,7
tammany,7
clerk,7
cotton,7
barclay,7
outstanding,7
received,7
utica,7
industry,7
lend,7
therefore,7
iou,7
holders,7
where,7
ch,7
peter,7
founded,7
worth,7
redeem,7
reported,7
november,7
much,7
created,6
red,6
likely,6
mortgages,6
discounting,6
promissory,6
able,6
date,6
somewhat,6
america,6
controlled,6
advertiser,6
response,6
six,6
y,6
even,6
william,6
purchased,6
assets,6
county,6
example,6
boom,6
personal,6
newspaper,6
republican,6
second,6
hammond,6
security,6
wright,6
sales,6
largest,6
suit,6
power,6
runs,6
efforts,6
men,6
significant,6
engaged,6
office,6
kept,6
britain,6
usury,6
jersey,6
detailed,6
effectively,6
case,6
few,6
jay,6
number,6
turned,6
month,6
given,6
through,6
became,6
authorized,6
difficult,5
repay,5
complex,5
formed,5
liabilities,5
discounts,5
committee,5
has,5
powers,5
development,5
due,5
conducted,5
funds,5
old,5
profit,5
denominations,5
rather,5
risk,5
support,5
m,5
important,5
ooo,5
access,5
out,5
scale,5
bm,5
comptroller,5
small,5
oct,5
law,5
fact,5
regulation,5
operating,5
perhaps,5
sell,5
panics,5
another,5
private,5
including,5
finally,5
clear,5
august,5
good,5
never,5
division,5
raise,5
within,5
table,5
face,5
founders,5
redlich,5
quickly,5
half,5
eventually,5
losses,5
senate,5
ref,5
transaction,5
presented,5
cash,5
merchant,5
mention,5
jan,5
national,5
grant,5
course,5
between,5
c,5
center,4
par,4
being,4
came,4
england,4
farmers,4
accumulated,4
found,4
resulting,4
murray,4
system,4
sought,4
march,4
engage,4
redeemed,4
price,4
third,4
offices,4
r,4
without,4
federal,4
checks,4
influential,4
mechanics,4
similar,4
lives,4
clearly,4
w,4
providing,4
newspapers,4
p,4
reply,4
lent,4
required,4
payable,4
future,4
data,4
vermilyea,4
supreme,4
during,4
issues,4
noted,4
president,4
own,4
least,4
specie,4
working,4
trading,4
around,4
research,4
niles,4
describes,4
demand,4
advocate,4
practices,4
spencer,4
albany,4
commenced,4
collapsed,4
hugh,4
management,4
obligated,4
defendants,4
larger,4
associates,4
do,4
books,4
extended,4
lost,4
newyork,4
traded,4
use,4
conditions,4
questions,4
provoked,4
language,4
receiver,4
like,4
him,4
ended,4
prosecution,4
dollars,4
yields,4
dec,4
indicate,4
owed,4
get,4
acquired,4
redemption,4
borrow,4
control,4
different,4
report,4
brothers,4
essentially,4
february,4
risky,4
purchase,4
whether,4
maturing,4
manhattan,4
nov,4
until,4
years,4
initiated,4
register,4
evidence,4
discounted,4
profits,4
offered,4
charles,4
obligation,4
statement,4
riskier,3
mania,3
appealed,3
estimated,3
cent,3
transcribed,3
h,3
reasonably,3
policy,3
presents,3
unlike,3
unincorporated,3
anything,3
sources,3
certainly,3
investments,3
gary,3
available,3
sup,3
revisions,3
molding,3
transferred,3
real,3
profitable,3
circumvent,3
british,3
recorded,3
nber,3
circulate,3
vol,3
jacksonian,3
along,3
guilty,3
upstate,3
run,3
tables,3
author,3
relatively,3
commencing,3
ct,3
instruments,3
bills,3
higher,3
l,3
district,3
institution,3
turn,3
columbian,3
enacted,3
enabled,3
distant,3
just,3
instrument,3
undated,3
four,3
operate,3
followed,3
western,3
founding,3
faced,3
decades,3
brokers,3
markets,3
further,3
war,3
produced,3
meet,3
guarantee,3
receive,3
gorton,3
prominent,3
people,3
actually,3
either,3
evening,3
verdict,3
members,3
enquirer,3
using,3
led,3
various,3
letters,3
wrote,3
indeed,3
initially,3
once,3
yet,3
selling,3
tremendous,3
creditors,3
borrowed,3
under,3
rise,3
riesman,3
hoffman,3
leader,3
name,3
successfully,3
longer,3
dividends,3
incorporation,3
contemporary,3
resolved,3
manner,3
innovative,3
existing,3
accepted,3
maturity,3
eds,3
day,3
thousands,3
original,3
government,3
bear,3
augustus,3
deposits,3
desperate,3
operated,3
individuals,3
franklin,3
low,3
aaron,3
keep,3
thomas,3
can,3
figures,3
decision,3
continued,3
figure,3
ordinary,3
burr,3
statutes,3
temin,3
wilson,3
environment,3
associated,3
mentioned,3
simply,3
ever,3
sums,3
υ,3
evade,3
board,3
speculation,3
peak,3
cities,3
regulations,3
what,3
proceedings,3
rose,3
making,3
orleans,3
particular,3
produce,3
hundreds,3
burden,3
role,3
step,3
maintained,3
unable,3
cambridge,3
washington,3
broker,3
accept,3
mode,3
include,3
need,3
values,3
kindleberger,3
specific,3
redeemable,3
entire,3
little,3
close,3
draft,3
major,3
evidently,3
nicholas,2
archives,2
now,2
jury,2
mostly,2
personally,2
common,2
meaning,2
names,2
corporate,2
corruption,2
distress,2
resulted,2
college,2
mar,2
certificates,2
authority,2
true,2
ways,2
allies,2
occurred,2
cheesebrough,2
before,2
litigation,2
β,2
hoping,2
way,2
else,2
davis,2
every,2
matured,2
fund,2
bodenhorn,2
artificially,2
seems,2
nature,2
dramatically,2
together,2
wealthy,2
mr,2
reserved,2
argus,2
johns,2
matthew,2
hall,2
changed,2
bribes,2
felt,2
fritz,2
fraud,2
inflated,2
whatever,2
supply,2
say,2
issuance,2
owners,2
incorporations,2
enter,2
speculators,2
surplus,2
review,2
proceeded,2
calculated,2
since,2
september,2
stakes,2
adams,2
extensively,2
individual,2
times,2
back,2
houses,2
dates,2
apr,2
compared,2
irresistible,2
apparently,2
crashes,2
niagara,2
ruinous,2
finances,2
van,2
poor,2
managers,2
english,2
destroy,2
borrowing,2
remote,2
bond,2
survives,2
certain,2
floated,2
benjamin,2
moreover,2
suffered,2
honored,2
possibly,2
warren,2
sum,2
listed,2
filed,2
beyond,2
generally,2
willing,2
helped,2
opening,2
legislative,2
my,2
based,2
bearing,2
horatio,2
histories,2
entered,2
begun,2
called,2
relating,2
hough,2
promoters,2
applied,2
windfall,2
excluded,2
opposition,2
public,2
january,2
briefly,2
directly,2
probably,2
purpose,2
civil,2
calls,2
depositors,2
bankrupt,2
away,2
rage,2
status,2
approach,2
monetary,2
published,2
successful,2
below,2
revolution,2
politically,2
owned,2
acted,2
involved,2
characteristics,2
sufficient,2
eleven,2
dividend,2
master,2
met,2
schedules,2
portions,2
managed,2
st,2
maxwell,2
cashier,2
appropriate,2
newly,2
provided,2
massive,2
survived,2
f,2
nonetheless,2
located,2
community,2
still,2
emerged,2
cowen,2
shipping,2
fenstermaker,2
worthless,2
serve,2
kingsland,2
calculations,2
earned,2
acting,2
rockoff,2
pioneered,2
baltimore,2
fellow,2
party,2
elbert,2
statements,2
temporarily,2
fell,2
mentions,2
others,2
put,2
usually,2
pressure,2
prior,2
reform,2
proceeds,2
john,2
man,2
indictments,2
discussed,2
serious,2
rhetoric,2
outside,2
hand,2
present,2
continuing,2
crash,2
herring,2
strategies,2
explicitly,2
deficit,2
remained,2
analyzed,2
investment,2
discussion,2
upon,2
incidents,2
controlling,2
prevailed,2
privileges,2
extraordinarily,2
insure,2
trust,2
raising,2
lucrative,2
pattern,2
crises,2
b,2
co,2
christopher,2
characterized,2
crushing,2
ny,2
earlier,2
abundant,2
especially,2
become,2
effect,2
availability,2
confusing,2
claiming,2
analyze,2
sept,2
story,2
contracts,2
commence,2
hunt,2
enough,2
aid,2
rothbard,2
violation,2
provide,2
five,2
bound,2
claimed,2
rough,2
albion,2
stopped,2
populist,2
sec,2
pintard,2
remaining,2
originated,2
rapidly,2
analysis,2
overdrafts,2
meant,2
claims,2
fifteen,2
following,2
lessons,2
broke,2
mackenzie,2
extensive,2
appears,2
offers,2
here,2
concerns,2
excess,2
spectator,2
guaranteed,2
descriptions,2
december,2
innovations,2
seem,2
printed,2
ordered,2
maturities,2
mass,2
works,2
bristol,2
manias,2
injunction,2
getting,2
contain,2
port,2
subscriptions,2
howard,2
bray,2
despite,2
techniques,2
lenders,2
went,2
shareholders,2
reconstruct,2
schedule,2
named,2
formation,2
difference,2
dubious,2
numerous,2
october,2
charge,2
d,2
opinions,2
smaller,2
effects,2
prosperity,2
attempted,2
calomiris,2
anonymous,2
needs,2
themselves,2
ensued,2
point,2
era,2
traditional,2
immediately,2
unfairly,2
strong,2
costly,2
intimately,1
customers,1
panicked,1
o,1
done,1
aristocracies,1
prefer,1
fraction,1
stuart,1
declared,1
decreasing,1
estate,1
implying,1
effected,1
guaranteeing,1
represent,1
career,1
affected,1
sachem,1
episodes,1
profitability,1
ν,1
e,1
measures,1
alone,1
succession,1
connecticut,1
expect,1
unsuccessful,1
wo,1
likewise,1
needed,1
partially,1
touched,1
neils,1
denied,1
illegal,1
confidence,1
larry,1
hub,1
entries,1
livesay,1
gallman,1
summaries,1
union,1
easily,1
studies,1
specified,1
mechanic,1
halt,1
kerry,1
comparisons,1
justified,1
defaulted,1
bubble,1
gamble,1
replicate,1
tells,1
leaked,1
assisted,1
noah,1
interlocks,1
antebellum,1
chartering,1
something,1
induced,1
chandler,1
kenner,1
source,1
princeton,1
pioneers,1
genesee,1
permitted,1
subscription,1
repaid,1
lower,1
consistent,1
member,1
consortium,1
t,1
complements,1
jesse,1
stricture,1
humble,1
modest,1
long,1
extraordinary,1
subscribed,1
posed,1
trustee,1
interests,1
concerned,1
originally,1
regarding,1
attempts,1
taken,1
might,1
rapid,1
acutely,1
attempt,1
assist,1
benmelech,1
actual,1
mcloskey,1
degree,1
purchaser,1
kent,1
referees,1
j,1
departure,1
nefarious,1
sean,1
containing,1
georgia,1
resemblance,1
immense,1
eruption,1
attractive,1
continue,1
neal,1
great,1
inaccuraciesthey,1
thank,1
indefinite,1
tactic,1
analyses,1
liverpool,1
follows,1
atlantic,1
closer,1
composition,1
take,1
debt,1
prevail,1
farmer,1
help,1
achieved,1
independent,1
chancellor,1
improved,1
mind,1
trouble,1
swiftly,1
raised,1
principal,1
investigations,1
unwanted,1
invalid,1
decreased,1
ruined,1
purchasers,1
sheet,1
hostile,1
possibility,1
deteriorated,1
context,1
proposals,1
sound,1
globe,1
jobbers,1
prodigals,1
alfred,1
attacked,1
key,1
alternatively,1
incorporate,1
reminder,1
jack,1
chapter,1
porter,1
opened,1
repaying,1
marc,1
determined,1
omissions,1
capitalize,1
planters,1
entrepreneurs,1
sale,1
richard,1
information,1
professor,1
suny,1
taking,1
orgy,1
except,1
establishment,1
exchanges,1
uncertain,1
illustrates,1
constrained,1
investing,1
himself,1
financed,1
editorialist,1
lambert,1
tied,1
sign,1
harold,1
defraud,1
exposed,1
apprise,1
optimism,1
fraudulently,1
learned,1
complained,1
indicates,1
verdicts,1
central,1
err,1
includes,1
throughout,1
sylla,1
accuracy,1
doctor,1
severe,1
facts,1
oy,1
quality,1
lombard,1
inevitable,1
analyzing,1
evergrowing,1
g,1
scarce,1
noel,1
intact,1
forgotten,1
perennial,1
janet,1
moment,1
decided,1
establishments,1
furnishing,1
club,1
walter,1
difficulty,1
conrad,1
jr,1
forbade,1
ability,1
legislators,1
meyer,1
sample,1
expected,1
outraged,1
forced,1
initiate,1
surmounting,1
rank,1
inserted,1
nor,1
amended,1
plantation,1
legally,1
displays,1
blank,1
profound,1
highest,1
completing,1
gustavus,1
twelve,1
served,1
suitable,1
minus,1
twice,1
witnessed,1
misleading,1
helpful,1
receipt,1
drawn,1
obscure,1
factions,1
unresolved,1
look,1
details,1
citizen,1
efraim,1
leadership,1
occasion,1
lender,1
coal,1
stanley,1
businessmen,1
poorly,1
contracting,1
traumatic,1
battles,1
promised,1
perfect,1
newer,1
alabama,1
unclearthere,1
employ,1
mimicking,1
via,1
alleged,1
laboring,1
adequate,1
monopolies,1
buffeted,1
exact,1
devastating,1
edward,1
possession,1
repayment,1
afterwards,1
appreciation,1
levels,1
responded,1
process,1
knew,1
represented,1
analyzes,1
dealt,1
deprived,1
bankruptcy,1
supplement,1
eight,1
ex,1
publisher,1
estimates,1
grew,1
parts,1
ongoing,1
doubted,1
pages,1
sandy,1
study,1
empowered,1
lawyer,1
marginal,1
factors,1
risks,1
perilous,1
fulfill,1
reason,1
directory,1
acquisition,1
rumors,1
partnership,1
circulated,1
capitalization,1
signed,1
entry,1
river,1
established,1
emergence,1
branch,1
why,1
frenzied,1
director,1
days,1
numbers,1
mobile,1
perspective,1
likened,1
argued,1
accumulating,1
suspend,1
totaled,1
cunning,1
resorted,1
commonly,1
glaeser,1
recovered,1
gloucester,1
additional,1
origins,1
powerful,1
desperation,1
storm,1
derby,1
circulating,1
transcripts,1
buffalo,1
problems,1
lulsee,1
yes,1
shifted,1
export,1
strategy,1
unrest,1
counsel,1
drawing,1
disclosed,1
widow,1
qui,1
postdated,1
holdings,1
greater,1
uses,1
result,1
closely,1
incomplete,1
whom,1
questioned,1
accommodated,1
hands,1
speeches,1
jealously,1
typical,1
totaling,1
effort,1
economics,1
crowd,1
thurston,1
scenes,1
facilitate,1
requirements,1
vortex,1
accommodations,1
noting,1
captured,1
vigorous,1
approximation,1
initial,1
burst,1
attained,1
celebrated,1
suits,1
tallman,1
david,1
banker,1
outset,1
heirs,1
supporters,1
equal,1
districts,1
protégé,1
prohibit,1
earthquake,1
default,1
viewed,1
recently,1
unemployment,1
analogous,1
grounds,1
vivid,1
procedures,1
entitles,1
facilities,1
wide,1
misrepresented,1
near,1
governing,1
influenced,1
bother,1
undermined,1
lombards,1
none,1
having,1
rioting,1
franchise,1
hagan,1
nyse,1
tremendously,1
hung,1
intense,1
steep,1
start,1
nine,1
heart,1
protected,1
significantly,1
stake,1
guess,1
satirical,1
ot,1
reserve,1
credulous,1
routinely,1
description,1
criticized,1
restructuring,1
booming,1
roll,1
precipitated,1
overview,1
gave,1
describe,1
island,1
fail,1
policies,1
broad,1
subtly,1
constitute,1
officers,1
earn,1
deflation,1
transported,1
lawsuit,1
bishop,1
contentious,1
surrounding,1
hampshire,1
differentially,1
resort,1
assembly,1
wildcat,1
memoirs,1
relative,1
financier,1
refuse,1
violated,1
traders,1
enauirer,1
macroeconomic,1
solution,1
accused,1
normally,1
caused,1
solvency,1
exchanging,1
puppets,1
recurring,1
contrast,1
stimulated,1
sponsors,1
settlement,1
claim,1
soundness,1
attention,1
openly,1
fraught,1
components,1
executed,1
massachusetts,1
protect,1
petition,1
usual,1
impossible,1
widely,1
whatsoever,1
sided,1
always,1
annual,1
visible,1
clearinghouse,1
companiesthe,1
arrogant,1
preliminary,1
notesits,1
valuable,1
enjoy,1
incumbent,1
invest,1
purchasing,1
issuer,1
objected,1
discountsthese,1
nations,1
subsequently,1
periods,1
south,1
threatened,1
battle,1
critical,1
uncommon,1
defended,1
naming,1
heretofore,1
san,1
afloat,1
unsound,1
furnished,1
sovereign,1
rogue,1
arrangement,1
annum,1
reduced,1
authorization,1
attorneys,1
contended,1
guarded,1
certified,1
lesser,1
identified,1
action,1
haven,1
insiders,1
subject,1
play,1
intended,1
return,1
brief,1
indication,1
indicated,1
forbidden,1
april,1
reduce,1
authorizing,1
above,1
emulated,1
tor,1
bill,1
currency,1
bankers,1
comments,1
experiences,1
standing,1
triggering,1
modes,1
southern,1
seemingly,1
hold,1
decisions,1
legality,1
fueled,1
philadelphia,1
meanwhile,1
opportunities,1
soon,1
counterparts,1
clergy,1
disclosure,1
windows,1
unrestrictive,1
assurances,1
included,1
falls,1
mildly,1
eliza,1
complete,1
shock,1
collectively,1
ed,1
nineteenthcentury,1
industrial,1
insights,1
parties,1
reports,1
quotations,1
enforce,1
friend,1
penalties,1
exploit,1
arranging,1
functioned,1
sector,1
picture,1
social,1
jon,1
act,1
volume,1
endured,1
rhode,1
lucid,1
monied,1
attacks,1
hoyt,1
challenge,1
comparison,1
stated,1
stories,1
mark,1
verge,1
again,1
shipbuilder,1
reporting,1
campaigning,1
rel,1
moskowitz,1
smith,1
valid,1
limit,1
forming,1
treatment,1
areas,1
fortiori,1
afraid,1
enact,1
nathan,1
witnesses,1
essence,1
choice,1
eagle,1
angry,1
tounding,1
aug,1
substantially,1
prejudiced,1
considerable,1
pennsylvania,1
arguably,1
orphans,1
ledger,1
besieged,1
offence,1
tarn,1
took,1
fits,1
likelihood,1
model,1
shipowning,1
flooded,1
evaded,1
developing,1
competitors,1
validity,1
vulnerable,1
contracted,1
verbatim,1
heavily,1
forth,1
ports,1
necessary,1
deep,1
banner,1
remarked,1
exceeds,1
governance,1
hamilton,1
distance,1
widespread,1
ink,1
arises,1
amounting,1
waged,1
free,1
recommend,1
aftershocks,1
ibid,1
dragged,1
sir,1
sectorin,1
fundamentally,1
feverish,1
empirically,1
collecting,1
balance,1
theirs,1
relented,1
survive,1
paying,1
worsening,1
easier,1
completed,1
range,1
sides,1
arose,1
increase,1
odell,1
judge,1
bruner,1
recover,1
usurped,1
medium,1
expand,1
louis,1
concern,1
conservatively,1
bust,1
insolvent,1
succumbed,1
longworth,1
equity,1
causes,1
engaging,1
revelations,1
sequence,1
ideas,1
prominently,1
harvard,1
bitter,1
rare,1
nothing,1
check,1
previous,1
charges,1
specimen,1
insurmountable,1
weidenmier,1
negotiating,1
ties,1
open,1
significance,1
dutchess,1
midto,1
comprehensive,1
ponzi,1
reputation,1
utilize,1
defense,1
controversies,1
corr,1
ellis,1
spread,1
tobias,1
features,1
distinction,1
lobbied,1
manufacturers,1
anyone,1
keen,1
renewal,1
managerial,1
provides,1
outcry,1
moen,1
favored,1
witness,1
reputationdetermined,1
systems,1
mining,1
easy,1
glenn,1
relation,1
respectively,1
acquire,1
hoboken,1
structure,1
lendingafter,1
hardy,1
downturn,1
capitalism,1
advertisement,1
equivalent,1
attracted,1
dunham,1
bearer,1
connections,1
joint,1
mobbed,1
louisiana,1
outright,1
xat,1
exemption,1
sole,1
competed,1
claudia,1
rancorous,1
exchanged,1
visit,1
separate,1
increasing,1
depth,1
withstood,1
bankruptcies,1
applications,1
imply,1
modification,1
paige,1
today,1
alex,1
bureau,1
gram,1
creditfueled,1
fairly,1
tailed,1
george,1
sometimes,1
patriotic,1
foreign,1
hill,1
begin,1
vague,1
exacerbated,1
contraction,1
prosecutions,1
attitude,1
insufficient,1
means,1
bothers,1
success,1
off,1
deposit,1
establish,1
merchandise,1
force,1
returned,1
threaten,1
furnish,1
countries,1
class,1
λ,1
vermilya,1
borrowings,1
achieve,1
conspiring,1
erie,1
investigate,1
joseph,1
ash,1
considered,1
detail,1
dissertation,1
ofthat,1
assistant,1
suggestions,1
contained,1
ioo,1
elected,1
mordecai,1
conclusion,1
changing,1
continues,1
scrutiny,1
thousand,1
membership,1
contradicted,1
text,1
sowithout,1
bales,1
set,1
butler,1
crowds,1
refused,1
each,1
monthly,1
facing,1
steven,1
share,1
installments,1
commission,1
gone,1
circumvented,1
best,1
alexander,1
prominence,1
volcano,1
ph,1
regard,1
returns,1
counting,1
vibrant,1
particularly,1
magnified,1
privileged,1
written,1
associations,1
differed,1
unaccountable,1
utilized,1
disputes,1
passage,1
type,1
davidson,1
advances,1
better,1
believed,1
quietly,1
frauds,1
scholarly,1
combined,1
reactions,1
terms,1
stability,1
list,1
reputations,1
less,1
want,1
ο,1
imposed,1
thirty,1
feb,1
plattsburgh,1
passed,1
ruin,1
ceased,1
extent,1
consisting,1
fully,1
while,1
pursued,1
abruptly,1
oo,1
property,1
almost,1
batches,1
too,1
agreed,1
emphasis,1
capitalized,1
size,1
both,1
nj,1
boston,1
owner,1
occasionally,1
ownership,1
ruled,1
thereby,1
ohio,1
introduced,1
marketing,1
justices,1
convinced,1
projecture,1
tried,1
entrepreneur,1
acute,1
pencak,1
manufacturing,1
appointed,1
colonial,1
coins,1
phoenix,1
writing,1
faculty,1
varied,1
question,1
models,1
spring,1
goldin,1
annuities,1
locations,1
lists,1
quashed,1
ancillary,1
contract,1
naomi,1
aware,1
reversed,1
illiquid,1
contributed,1
offer,1
instead,1
typically,1
product,1
reach,1
unauthorized,1
levi,1
area,1
promptly,1
presenting,1
extremely,1
typology,1
francisco,1
association,1
shift,1
increased,1
ships,1
summary,1
flooding,1
carr,1
insider,1
endeavors,1
engerman,1
lamoreaux,1
assumed,1
rest,1
portrait,1
fellows,1
myers,1
bylaws,1
charged,1
succeeded,1
chicago,1
pool,1
wellesley,1
create,1
uncertainty,1
maximum,1
substantial,1
characters,1
persuaded,1
develop,1
noteeither,1
focus,1
north,1
recent,1
should,1
building,1
doing,1
daughter,1
acquitted,1
perception,1
perpetual,1
continuously,1
werner,1
thorough,1
