WORDCOUNTS,WEIGHT
the,696
of,451
and,364
in,308
to,242
a,160
for,108
at,107
ed,101
archery,88
that,85
as,78
were,71
by,69
with,67
was,66
london,66
s,65
or,63
on,63
i,52
from,52
his,50
it,49
but,43
ro,42
records,41
not,41
england,40
their,39
practice,39
more,34
no,32
tudor,32
he,32
have,32
be,31
they,30
butts,30
than,29
lb,29
early,29
kb,28
ascham,27
c,27
had,26
some,26
so,26
one,25
vols,25
j,25
soc,25
accounts,25
fo,24
those,23
is,23
great,22
its,22
company,21
decline,21
men,21
shooting,21
two,20
other,20
present,20
an,20
pro,20
handguns,20
coroners,19
f,19
number,19
shoot,19
been,19
churchwardens,19
english,18
this,18
when,18
past,18
history,17
military,17
w,17
p,17
st,17
about,17
city,17
between,17
ii,16
henry,16
social,16
many,16
bows,16
did,16
e,15
all,15
such,15
m,15
guns,15
oxford,15
viii,15
john,15
which,15
them,15
accidents,14
even,14
may,14
town,14
record,14
towns,14
sir,14
arrow,14
over,14
hen,14
cambridge,14
york,13
bow,13
r,13
only,13
archers,13
bristol,13
toxophilus,12
worshipful,12
n,12
most,12
new,12
made,12
him,12
canterbury,12
who,12
iii,12
proclamations,12
king,11
fos,11
century,11
royal,11
inquests,11
up,11
do,11
borough,11
we,11
through,11
shot,10
court,10
just,10
suffolk,10
englishmen,10
parish,10
games,10
same,10
these,10
hunnisett,10
see,10
perhaps,10
local,10
hardy,10
elizabethan,10
longbow,10
shropshire,10
sussex,9
first,9
boynton,9
there,9
church,9
against,9
though,9
out,9
because,9
well,9
county,9
change,9
thought,9
strickland,9
worcester,9
least,9
statutes,9
iv,9
while,9
off,9
north,9
o,8
medieval,8
might,8
reading,8
recorded,8
southampton,8
hughes,8
mary,8
leicester,8
could,8
larkin,8
revolution,8
civic,8
pp,8
also,8
v,8
three,8
times,8
plumpton,8
sig,8
ludlow,8
sometimes,8
militia,8
set,8
manuscripts,8
went,8
fatal,8
d,8
ser,8
much,8
into,7
before,7
book,7
u,7
activity,7
g,7
warbow,7
six,7
young,7
rather,7
calendar,7
found,7
shrewsbury,7
handgun,7
edn,7
targets,7
people,7
musters,7
et,7
latimer,7
longbows,7
exeter,7
us,7
al,7
others,7
head,7
time,7
use,7
individuals,7
thomas,7
deaths,7
often,7
different,7
report,7
sc,7
au,7
statute,7
years,7
evidence,7
thousand,7
themselves,7
courts,6
fined,6
if,6
h,6
ms,6
t,6
kent,6
seems,6
el,6
ad,6
rolls,6
account,6
sixteenth,6
carpenters,6
x,6
himself,6
jl,6
plymouth,6
communities,6
edward,6
b,6
nos,6
servants,6
too,6
coventry,6
marsh,6
fordwich,6
still,6
tickhill,6
technology,6
under,6
reports,6
smith,6
barnstaple,6
man,6
muster,6
norwich,6
peter,6
held,6
would,6
after,6
elyot,6
five,6
fields,6
middlesex,6
dorset,6
bench,6
then,6
phillips,6
here,6
each,6
are,6
seem,6
best,6
half,6
er,6
suggests,6
com,6
our,6
arrows,6
doing,6
nicholas,5
later,5
decade,5
said,5
fifteenth,5
archer,5
together,5
survey,5
right,5
cks,5
dozen,5
walter,5
fines,5
left,5
l,5
nottinghamshire,5
eight,5
lay,5
days,5
house,5
four,5
hereafter,5
dc,5
bl,5
came,5
war,5
can,5
counties,5
urban,5
year,5
prices,5
bower,5
paid,5
society,5
letters,5
essex,5
yet,5
ancient,5
rise,5
power,5
poole,5
less,5
books,5
crossbows,5
ö,5
yorkshire,5
hmc,5
moral,5
good,5
taunton,5
james,5
elmham,5
authorities,5
worth,5
goods,5
historical,5
whether,5
rose,5
mayor,5
defence,5
national,5
should,5
raine,5
way,4
hull,4
library,4
arms,4
lower,4
being,4
every,4
wardens,4
europe,4
service,4
hundred,4
last,4
papers,4
side,4
east,4
football,4
open,4
richard,4
very,4
worcestershire,4
mid,4
since,4
xxiii,4
stow,4
price,4
hackbutt,4
clark,4
places,4
honourable,4
third,4
artillery,4
apparently,4
general,4
air,4
proportion,4
legal,4
watching,4
old,4
pastime,4
dunmow,4
argued,4
egerton,4
hit,4
david,4
my,4
woodbridge,4
however,4
nottingham,4
enough,4
practise,4
work,4
kingsford,4
part,4
example,4
accidental,4
away,4
legislation,4
eliz,4
won,4
norfolk,4
caused,4
practising,4
june,4
hist,4
somerset,4
using,4
am,4
cont,4
led,4
fa,4
smyth,4
action,4
economic,4
drama,4
corporation,4
nearly,4
hugh,4
orders,4
already,4
bateson,4
devon,4
death,4
longer,4
end,4
yew,4
day,4
ibid,4
another,4
causes,4
soldiers,4
bowyers,4
municipal,4
fowle,4
realm,4
story,4
george,4
next,4
centuries,4
gun,4
edmunds,4
legge,4
commission,4
has,4
wall,4
reign,4
making,4
armies,4
butchers,4
presented,4
enforcement,4
die,4
und,4
come,4
named,4
average,4
need,4
vi,4
charles,4
bury,4
now,3
jury,3
common,3
stood,3
trans,3
per,3
minutes,3
village,3
rogers,3
modern,3
proclamation,3
taken,3
unlawful,3
schnurmann,3
corrie,3
yards,3
twenty,3
wainwright,3
government,3
aldermen,3
hunting,3
boke,3
robert,3
chanter,3
posts,3
pl,3
gaming,3
bowstaves,3
possible,3
october,3
grene,3
west,3
point,3
cumberland,3
warfare,3
londoners,3
repeatedly,3
de,3
seventy,3
jeremy,3
oxfordshire,3
nor,3
back,3
find,3
france,3
jones,3
walls,3
wounds,3
continent,3
across,3
how,3
mean,3
similar,3
shote,3
accident,3
brought,3
changes,3
grounds,3
presumably,3
population,3
contemporaries,3
age,3
curteys,3
problems,3
lu,3
trained,3
protestant,3
view,3
metfield,3
blamed,3
faversham,3
österreichischen,3
late,3
further,3
default,3
inches,3
scale,3
equip,3
near,3
having,3
sundays,3
ten,3
exploitation,3
keep,3
skinners,3
officials,3
rails,3
field,3
commanding,3
gouernour,3
archaeology,3
wrestling,3
involved,3
around,3
inst,3
several,3
members,3
rye,3
villages,3
gunpowder,3
grateful,3
barbara,3
threatened,3
battle,3
second,3
fell,3
indeed,3
warwick,3
suburban,3
frank,3
competition,3
included,3
assistance,3
culture,3
reprint,3
gentlemen,3
surrey,3
picture,3
inhabitants,3
scot,3
french,3
law,3
mark,3
again,3
fact,3
areas,3
arthur,3
clearly,3
sort,3
behind,3
took,3
hand,3
seventeenth,3
archerantiquaries,3
giles,3
concern,3
controlling,3
raven,3
firearms,3
francis,3
trade,3
shoote,3
co,3
christopher,3
spread,3
administrative,3
raised,3
hard,3
kommerz,3
decay,3
suggest,3
foreign,3
inside,3
seen,3
why,3
es,3
klüngel,3
paying,3
regularly,3
jeaffreson,3
fifteen,3
any,3
simply,3
known,3
ran,3
fault,3
welch,3
down,3
lincolnshire,3
appendix,3
guild,3
far,3
works,3
turned,3
william,3
what,3
her,3
des,3
leet,3
bought,3
must,3
jurats,3
extracts,3
show,3
edw,3
cratfield,3
course,3
xxxix,3
green,3
lincoln,3
asked,3
eibenholzmonopole,3
roughly,3
debate,3
calais,3
ownership,3
little,3
showed,3
frequent,2
difficult,2
superiority,2
order,2
complaint,2
rate,2
done,2
cent,2
groups,2
beauchamp,2
scholar,2
market,2
trim,2
likewise,2
illegal,2
instructions,2
effective,2
stem,2
carpenter,2
regis,2
true,2
jonathan,2
studies,2
country,2
clifford,2
duke,2
bowe,2
encourage,2
total,2
something,2
annals,2
verdict,2
prosperous,2
sources,2
long,2
whom,2
worked,2
supplied,2
containing,2
locals,2
advantage,2
rich,2
able,2
take,2
real,2
cc,2
state,2
holidays,2
chagford,2
megson,2
stopped,2
case,2
jurors,2
historians,2
money,2
encouraging,2
sought,2
howard,2
watched,2
ofbeverley,2
fine,2
laws,2
household,2
wyll,2
diiiv,2
lambert,2
lyke,2
witchcraft,2
central,2
thus,2
exercises,2
prince,2
ith,2
inn,2
difficulties,2
roger,2
knave,2
becoming,2
relations,2
expected,2
nr,2
learning,2
armour,2
archaeol,2
subjects,2
body,2
apollo,2
pricks,2
houses,2
suitable,2
clock,2
pewterers,2
profit,2
churchyard,2
like,2
warned,2
compel,2
beat,2
competitive,2
garry,2
cokkes,2
higher,2
grummitt,2
without,2
ba,2
sessions,2
redress,2
main,2
magisterial,2
possession,2
various,2
thou,2
levels,2
process,2
dialogue,2
danger,2
space,2
supposed,2
raymond,2
winchester,2
university,2
discouraged,2
fortifications,2
superior,2
poor,2
beyond,2
unsuitable,2
finsbury,2
appear,2
commanded,2
chester,2
friends,2
greater,2
hours,2
caliver,2
bardwell,2
lead,2
allow,2
declined,2
weapons,2
train,2
called,2
ambitions,2
effort,2
deal,2
scotland,2
pastand,2
none,2
outnumbered,2
afternoon,2
pointing,2
durham,2
shott,2
deepest,2
produced,2
lowick,2
suffered,2
xiv,2
quoits,2
public,2
lament,2
ther,2
failure,2
sites,2
competent,2
future,2
used,2
xxxv,2
knüsel,2
nine,2
lr,2
dover,2
lydd,2
knight,2
feared,2
caught,2
elizabeth,2
gave,2
fit,2
place,2
militaire,2
bishop,2
surrounding,2
hampshire,2
employed,2
monopoly,2
own,2
level,2
mclntosh,2
things,2
quite,2
leland,2
research,2
reported,2
revels,2
corporations,2
generally,2
infantry,2
dayly,2
notes,2
negligence,2
displaced,2
nations,2
appeal,2
south,2
heretofore,2
nonetheless,2
attributable,2
noble,2
hurling,2
coople,2
located,2
harris,2
arquebusiers,2
april,2
make,2
wind,2
dissemination,2
similarly,2
religious,2
unarmoured,2
parker,2
robin,2
once,2
probate,2
fair,2
suited,2
parishes,2
neither,2
bowes,2
victories,2
home,2
discouerie,2
efforts,2
stc,2
involving,2
confirmed,2
councillors,2
foucault,2
ev,2
useful,2
gentleman,2
starting,2
paul,2
learne,2
habsburgs,2
garrison,2
spend,2
put,2
aldershot,2
shotyng,2
communal,2
aimed,2
match,2
lindsay,2
regulation,2
children,2
really,2
prosecutions,2
contemporary,2
doubt,2
wounding,2
drove,2
ground,2
centre,2
pistol,2
where,2
road,2
bets,2
ch,2
michael,2
lancelot,2
council,2
vpon,2
necessary,2
jahrhundert,2
wartime,2
eds,2
distance,2
going,2
stoate,2
reginald,2
father,2
explanation,2
upon,2
elite,2
knights,2
entirely,2
significant,2
itinerary,2
chichester,2
pleasure,2
joules,2
trend,2
office,2
vii,2
berkshire,2
xv,2
clear,2
historic,2
warwickshire,2
wolborn,2
grimsby,2
pride,2
muskett,2
period,2
summer,2
filled,2
black,2
dicing,2
bailiffs,2
martin,2
never,2
lyrence,2
queen,2
outside,2
construct,2
edmund,2
promote,2
study,2
chapel,2
newcastle,2
tactics,2
cooper,2
whitty,2
enemies,2
parsloe,2
working,2
gunn,2
slightly,2
earl,2
walberswick,2
morris,2
westmorland,2
davies,2
quarter,2
reckless,2
bedingfield,2
european,2
factors,2
carried,2
depth,2
twelve,2
kings,2
me,2
proc,2
misbehavior,2
yorks,2
figure,2
apprentices,2
chance,2
usually,2
hill,2
stocks,2
habsburg,2
slow,2
success,2
army,2
trading,2
detailed,2
began,2
worse,2
fortescue,2
lawrence,2
goodly,2
la,2
expert,2
testifies,2
suche,2
life,2
inferior,2
cr,2
get,2
confessed,2
susan,2
founders,2
supply,2
seriously,2
wars,2
xxiv,2
broke,2
gild,2
comparison,2
struck,2
ever,2
excel,2
ralph,2
pt,2
forty,2
turves,2
ship,2
lewes,2
domestic,2
linked,2
impossible,2
warren,2
guerres,2
bands,2
temp,2
id,2
defend,2
according,2
cause,2
add,2
maintain,2
austrian,2
nowe,2
problem,2
shakespeare,2
complain,2
secure,2
boys,2
baltic,2
almost,2
size,2
fourteen,2
bodies,2
liv,2
trees,2
mühlheim,2
severely,2
given,2
tried,2
sitting,2
measure,2
matches,2
gervase,2
stevenson,2
complaints,2
tell,2
spring,2
invasion,2
foreigners,2
butt,2
dangerous,2
register,2
range,2
regular,2
sports,2
michel,2
stroud,2
presenting,2
devizes,2
sociable,2
rest,2
lx,2
ccb,2
say,2
anglian,2
fatally,2
strong,2
recent,2
flye,2
romney,2
close,2
customs,2
inventories,2
increase,2
founde,1
johnes,1
countryside,1
unambitious,1
followed,1
hussey,1
go,1
does,1
wonne,1
archives,1
buttes,1
battlefield,1
possessed,1
mostly,1
shepeherdes,1
struggle,1
bycause,1
limits,1
schnitter,1
imagining,1
sued,1
rued,1
concerned,1
rev,1
berks,1
goldsmiths,1
corporate,1
opponent,1
desyre,1
harmlessly,1
designated,1
wonder,1
expiring,1
tracey,1
dangers,1
chamberlains,1
affected,1
extreme,1
languedociens,1
byrseltoon,1
xivv,1
college,1
fiction,1
huntington,1
northeast,1
red,1
wiltshire,1
knevel,1
widow,1
succession,1
introduction,1
stands,1
utility,1
berlin,1
suckling,1
guy,1
expect,1
angelo,1
betwene,1
group,1
told,1
heal,1
basingstoke,1
large,1
kinder,1
boylston,1
languished,1
judged,1
mounted,1
stimuli,1
san,1
fate,1
fed,1
certificates,1
identify,1
alwaies,1
reassessment,1
northamptonshire,1
stone,1
harrys,1
goring,1
likely,1
vigour,1
riesch,1
jrg,1
philippe,1
injuries,1
ways,1
murder,1
holland,1
wareham,1
walker,1
sudden,1
modernité,1
coroner,1
easily,1
competence,1
fly,1
conscious,1
cement,1
xxxi,1
boulder,1
bretons,1
distractions,1
kerry,1
theatre,1
ipswich,1
justified,1
greate,1
recreation,1
excepte,1
inventory,1
unreasonably,1
evasive,1
hande,1
cit,1
pastimes,1
xcviii,1
diligent,1
connotations,1
eye,1
tyme,1
lib,1
shouting,1
golden,1
stuarts,1
nouvel,1
amongst,1
qualification,1
lure,1
turning,1
baker,1
boouling,1
test,1
round,1
painful,1
consistent,1
romance,1
anything,1
evident,1
doggedly,1
vibrancy,1
renting,1
steadier,1
provision,1
beeif,1
failing,1
jlsoc,1
cheare,1
wrong,1
davis,1
embraced,1
parliamentary,1
registered,1
creation,1
connection,1
memorials,1
devonshire,1
setting,1
hood,1
steady,1
give,1
attempts,1
cxliv,1
madlye,1
rhetorically,1
rapid,1
season,1
encouraged,1
opted,1
sunday,1
bart,1
première,1
yll,1
xxxiv,1
words,1
dramatically,1
soar,1
portmoot,1
informer,1
shoulder,1
estimation,1
ttr,1
inadvertently,1
wade,1
molland,1
nineteen,1
enmas,1
treasurers,1
liverpool,1
admittedly,1
parishioners,1
incident,1
sometime,1
deutschen,1
muses,1
farmer,1
harvey,1
help,1
inland,1
marches,1
xx,1
damage,1
mend,1
ashton,1
tree,1
tippling,1
shillings,1
persistence,1
loose,1
misbehaviour,1
incomers,1
miles,1
fiorato,1
stand,1
monopolistic,1
cantiana,1
geoffrey,1
political,1
bis,1
alike,1
discipline,1
signs,1
checked,1
pomerania,1
hostility,1
within,1
deadly,1
infection,1
context,1
univ,1
cherry,1
hilversum,1
prosperity,1
british,1
respite,1
liuyng,1
governmental,1
fingers,1
gunners,1
blades,1
lest,1
forthcoming,1
dr,1
lxxiii,1
attacked,1
qiffor,1
supplant,1
eventual,1
task,1
capacity,1
advice,1
luton,1
histoire,1
matthew,1
expenses,1
carlisle,1
saying,1
hall,1
victims,1
uproot,1
crowd,1
õ,1
reminder,1
gardens,1
suicide,1
suppress,1
wonders,1
fitting,1
kew,1
marked,1
ordinances,1
forbidden,1
andré,1
ball,1
condition,1
tracing,1
matched,1
hutton,1
drive,1
dared,1
wythin,1
etc,1
solely,1
monopolists,1
tha,1
eleven,1
corvisier,1
alone,1
dutch,1
tottenham,1
laconic,1
arquebus,1
apart,1
taking,1
surrounded,1
fatalities,1
establishment,1
magistrate,1
owners,1
dours,1
equipping,1
bowls,1
plump,1
cunnington,1
holder,1
decreasing,1
unchecked,1
maryfield,1
prosecution,1
ritual,1
lxxiv,1
fiercely,1
letter,1
udall,1
sign,1
feruent,1
monday,1
tons,1
surviving,1
nostalgic,1
closes,1
verdicts,1
mistake,1
phear,1
townsfolk,1
andrew,1
punctured,1
feate,1
wingfield,1
timber,1
ronald,1
nash,1
misfortune,1
proceeded,1
accuracy,1
burrough,1
development,1
quality,1
mm,1
capper,1
ferther,1
run,1
contamine,1
arrested,1
inflation,1
muscle,1
ferianda,1
september,1
agent,1
ease,1
hornsey,1
moment,1
accidentally,1
needed,1
shaft,1
mailing,1
club,1
adams,1
participating,1
hartelye,1
handbooks,1
thoroton,1
kinetic,1
forbade,1
insisted,1
living,1
yir,1
employing,1
alison,1
pay,1
legislators,1
rooted,1
topic,1
sore,1
admitted,1
lyme,1
z,1
forced,1
hat,1
kind,1
exercise,1
sleeve,1
doom,1
wakefield,1
cases,1
bookes,1
clay,1
elements,1
items,1
fletchers,1
humphrey,1
nourished,1
fees,1
viifs,1
vom,1
convincing,1
plaintive,1
contrary,1
structural,1
response,1
amusements,1
serving,1
determination,1
wont,1
dates,1
forbid,1
labouring,1
continuous,1
hasted,1
scoler,1
für,1
liuing,1
thin,1
mulcaster,1
compare,1
withal,1
packing,1
y,1
drawn,1
obscure,1
spite,1
amphlett,1
hatt,1
festivals,1
corbet,1
welbeck,1
graded,1
hougham,1
adult,1
upkeep,1
savage,1
circled,1
popish,1
influence,1
hys,1
leaning,1
waulles,1
parks,1
industries,1
awkward,1
failed,1
opposed,1
sixteen,1
franchman,1
warbozv,1
interesting,1
cuntrye,1
loaded,1
sigs,1
disposed,1
recognized,1
bull,1
german,1
overhalfthecostof,1
overenthusiastic,1
license,1
teaching,1
stockpiled,1
thynke,1
exact,1
testimony,1
observers,1
juratt,1
twice,1
enlivened,1
brethren,1
developed,1
district,1
stop,1
loosing,1
joan,1
keniston,1
reproche,1
preparing,1
gardener,1
remote,1
convicted,1
knew,1
christine,1
players,1
collinson,1
ce,1
killing,1
clopper,1
survives,1
profiteering,1
vs,1
outward,1
ainsty,1
ccii,1
locks,1
earlier,1
scottish,1
ex,1
sarah,1
hanawalt,1
à,1
idiosyncratic,1
citie,1
leave,1
dormer,1
strange,1
executions,1
milton,1
owre,1
losing,1
veronica,1
winters,1
outdated,1
spectators,1
elaborate,1
empowered,1
enabled,1
elwes,1
illustrations,1
white,1
list,1
von,1
complaining,1
consequences,1
front,1
avon,1
onwards,1
howe,1
expired,1
support,1
experimenting,1
cxlvi,1
references,1
wendv,1
recalled,1
tower,1
injury,1
utterly,1
battlefields,1
escape,1
maying,1
comen,1
clerk,1
vastly,1
wages,1
wanted,1
skeleton,1
blame,1
religion,1
heate,1
triumphant,1
sorts,1
river,1
established,1
benefits,1
wearing,1
stowte,1
bursts,1
slowly,1
dated,1
branch,1
energy,1
cecil,1
troops,1
hotter,1
shoting,1
section,1
elsewhere,1
driven,1
edition,1
weather,1
realities,1
numbers,1
impact,1
excitement,1
wyborne,1
document,1
upper,1
periodically,1
xi,1
suspicions,1
ashford,1
initiative,1
filed,1
radnor,1
unfoliated,1
encouragement,1
passed,1
readings,1
policy,1
indications,1
swindon,1
fiir,1
notions,1
vanes,1
distracting,1
cutler,1
cost,1
always,1
christmas,1
parr,1
melcombe,1
depositions,1
anye,1
wheare,1
overtook,1
baildon,1
owning,1
helped,1
flame,1
throwing,1
decades,1
drawing,1
praye,1
heartfelt,1
italie,1
rovai,1
banning,1
opponents,1
whereas,1
toulmin,1
xlix,1
compulsory,1
legislative,1
midlands,1
based,1
suburbs,1
wrastle,1
path,1
location,1
reservyd,1
stonor,1
lain,1
entered,1
handgunner,1
holding,1
lease,1
martyr,1
freeman,1
treason,1
seven,1
patrick,1
faded,1
changed,1
maye,1
shared,1
cartloads,1
province,1
facilitate,1
dispute,1
disingenuous,1
diet,1
extinct,1
stronge,1
worcs,1
buttis,1
tennis,1
wimborne,1
attained,1
townsmen,1
im,1
macabre,1
huntingdonshire,1
big,1
redy,1
leisure,1
burgers,1
wise,1
fourth,1
xxxiii,1
equally,1
shall,1
cultural,1
wales,1
let,1
sentimental,1
aspects,1
leonard,1
awful,1
archaeologia,1
persons,1
tailor,1
facilities,1
stratford,1
ordnance,1
attendant,1
younger,1
intertwined,1
boyes,1
wealth,1
appraising,1
safe,1
presided,1
xvii,1
lowi,1
sport,1
noted,1
confirmation,1
required,1
fox,1
wide,1
revived,1
adolescent,1
possibility,1
prouisions,1
shotes,1
impression,1
pert,1
expensive,1
preparations,1
torn,1
xix,1
nichols,1
directly,1
provincial,1
keeping,1
archary,1
learn,1
artisans,1
correctly,1
minute,1
cheney,1
hung,1
bullets,1
implement,1
trembling,1
lodgers,1
lads,1
weaver,1
ditches,1
rail,1
switched,1
writers,1
cvjo,1
vnder,1
throat,1
clean,1
claim,1
euerye,1
stake,1
horse,1
drew,1
denigrated,1
boy,1
play,1
wallingford,1
lod,1
decorate,1
aged,1
tune,1
carrie,1
reminded,1
got,1
labourer,1
whole,1
literature,1
genuine,1
q,1
brislington,1
repts,1
extensive,1
topographical,1
childs,1
leicestershire,1
falling,1
ü,1
poaching,1
beare,1
thereafter,1
winter,1
operations,1
hither,1
personal,1
sceptic,1
cxxxviii,1
maidstone,1
achieving,1
showing,1
preternatural,1
alan,1
culmination,1
week,1
class,1
traditions,1
scarse,1
assembly,1
maimed,1
feast,1
strongest,1
markedly,1
indexed,1
seashore,1
puttethe,1
vierteljahrschrift,1
misplaced,1
weavers,1
avoided,1
aided,1
contests,1
cardyng,1
evening,1
wholesale,1
statistically,1
offences,1
statutory,1
commons,1
ist,1
lockwood,1
sense,1
plays,1
legions,1
thirteenth,1
diiir,1
breaking,1
holger,1
manners,1
love,1
staves,1
negligible,1
reinforces,1
coopers,1
glove,1
councils,1
healy,1
bedwardine,1
contrast,1
tenn,1
owned,1
exclude,1
hole,1
street,1
sake,1
fast,1
warbozu,1
prized,1
small,1
calling,1
castle,1
het,1
winnings,1
xxviii,1
few,1
licence,1
takon,1
choose,1
ill,1
resolution,1
transfer,1
temporary,1
stones,1
master,1
manchester,1
cto,1
protect,1
priory,1
usual,1
telling,1
tended,1
coast,1
philip,1
credible,1
churches,1
xxvii,1
incurred,1
occasions,1
managed,1
condemned,1
inability,1
acte,1
posed,1
eyes,1
penetrative,1
chest,1
proper,1
doister,1
gould,1
schutterijen,1
schizophrenic,1
lightened,1
hermann,1
newly,1
prizes,1
appoint,1
mardon,1
skill,1
ee,1
guilds,1
defende,1
ninth,1
aboard,1
eileen,1
subsidies,1
philologus,1
suspicious,1
dorchester,1
wirtschaftsgeschichte,1
disruptiveness,1
lyed,1
prescribed,1
trulye,1
will,1
archaeological,1
hosts,1
defended,1
girl,1
therefore,1
perfitelye,1
wadmore,1
sons,1
effectuelly,1
misjudgements,1
euyll,1
justices,1
humanist,1
fortunately,1
underestimated,1
orme,1
bringe,1
irrelevance,1
roughnesse,1
descending,1
windsor,1
shootinge,1
disynge,1
overlapped,1
short,1
wrote,1
revival,1
leased,1
expansion,1
asking,1
confraternity,1
tide,1
released,1
revolt,1
classic,1
fowl,1
göttingen,1
inhibit,1
cordy,1
artchers,1
whatever,1
july,1
dread,1
echoing,1
gillett,1
xl,1
absence,1
vlivs,1
comments,1
assoc,1
argument,1
buck,1
torso,1
mending,1
unfamiliar,1
jesus,1
thereby,1
innovation,1
direction,1
positive,1
bread,1
priest,1
relationship,1
corpus,1
twemlow,1
armoury,1
hoe,1
euery,1
chronicle,1
cheap,1
englandhandel,1
oblivious,1
quenched,1
selling,1
sivr,1
hengrave,1
january,1
meanwhile,1
arrangements,1
doe,1
security,1
makes,1
rules,1
disorderly,1
bet,1
instantly,1
alongside,1
englishness,1
message,1
continuity,1
den,1
repair,1
god,1
assemblies,1
official,1
ne,1
magistrates,1
denounced,1
erskine,1
participants,1
nat,1
ci,1
positively,1
egglesfield,1
kateryn,1
gunnery,1
lord,1
performed,1
enthusiast,1
incompetent,1
hart,1
auncient,1
friedrich,1
flight,1
until,1
confirms,1
intense,1
fearsome,1
disobedience,1
alien,1
armed,1
shallower,1
toronto,1
enforce,1
increasingly,1
williams,1
payments,1
published,1
canst,1
skeletons,1
double,1
crisply,1
offendors,1
morebath,1
bouch,1
birthplace,1
fire,1
lewis,1
idle,1
shots,1
parsonage,1
hagbutte,1
waves,1
mishaps,1
strike,1
pick,1
punish,1
christ,1
available,1
reporting,1
lxxxv,1
chippenham,1
kirby,1
lucy,1
flat,1
bowling,1
addition,1
added,1
observance,1
militias,1
intending,1
arbitrate,1
shaftes,1
generational,1
towards,1
ale,1
leading,1
troubled,1
slater,1
husbandmen,1
scholars,1
xii,1
pressure,1
occupations,1
knowe,1
instability,1
newfanglenes,1
appeared,1
documents,1
attempting,1
lethbridge,1
disturbed,1
casualties,1
grave,1
daily,1
larger,1
classical,1
identity,1
boxford,1
godly,1
aug,1
negated,1
sturdy,1
inherently,1
reckoned,1
ecoles,1
pattern,1
arthures,1
neville,1
habit,1
kölner,1
camden,1
honor,1
offence,1
ages,1
shulde,1
reasonable,1
kitto,1
tallett,1
fame,1
paris,1
tales,1
riding,1
leeds,1
ur,1
manner,1
nurembergers,1
keys,1
pastymes,1
execution,1
renaissance,1
ports,1
forthe,1
beholdyng,1
euripides,1
aux,1
focusing,1
hereford,1
kaufleute,1
woman,1
fewer,1
thousande,1
dunn,1
governance,1
compelled,1
lid,1
germans,1
valiaunt,1
cornwall,1
griffiths,1
civv,1
remained,1
crows,1
produce,1
calculation,1
melchior,1
downwards,1
simon,1
status,1
crown,1
displace,1
andarchaeol,1
private,1
threescore,1
casual,1
finish,1
bowstring,1
hitting,1
misfired,1
rulers,1
decrepit,1
astray,1
worsening,1
birth,1
stumbled,1
vili,1
farming,1
aylesbury,1
rank,1
childerne,1
surety,1
appledore,1
servant,1
bookbinder,1
trader,1
enclose,1
handegonnes,1
manufactured,1
depended,1
castles,1
holt,1
ofpoulters,1
frankpledge,1
contacts,1
judge,1
seeke,1
warming,1
exploits,1
top,1
wound,1
illusion,1
faltered,1
arquebuses,1
largely,1
forsaken,1
fourteenth,1
rivers,1
vc,1
raikes,1
labourers,1
rare,1
kingdom,1
hour,1
schole,1
nothing,1
stay,1
trust,1
tinual,1
raising,1
recruitment,1
pyckyd,1
california,1
pellets,1
optimistic,1
lawes,1
lessened,1
netherlands,1
described,1
finally,1
queries,1
ties,1
artificers,1
giraud,1
danzig,1
thos,1
hurt,1
audited,1
se,1
potting,1
dominated,1
sozialund,1
maintenance,1
logic,1
decayed,1
august,1
counter,1
variously,1
defensive,1
sowerby,1
characterized,1
helpful,1
yews,1
privy,1
function,1
parts,1
parallels,1
high,1
licensed,1
played,1
distinction,1
feare,1
accurate,1
sieges,1
shute,1
keeper,1
readier,1
expounds,1
butmaker,1
transcript,1
forms,1
ap,1
quincentennial,1
spent,1
quick,1
payment,1
promotion,1
margin,1
mayors,1
especially,1
include,1
commentators,1
date,1
incapable,1
ashby,1
parallel,1
woking,1
conduits,1
exix,1
become,1
hastings,1
exactly,1
festa,1
britain,1
bicause,1
herridge,1
plate,1
axe,1
supplying,1
wills,1
enthusiastically,1
enthusiasts,1
probably,1
roses,1
dominance,1
ye,1
relaxed,1
painter,1
nails,1
securing,1
roister,1
versus,1
saw,1
haven,1
cologne,1
pastj,1
professional,1
mens,1
meagre,1
controversial,1
wayte,1
stirland,1
diana,1
arrowe,1
betting,1
attention,1
alias,1
hedge,1
claudia,1
madly,1
paces,1
decision,1
scotts,1
territorien,1
separate,1
colder,1
dietary,1
rarity,1
girdell,1
disused,1
unmaried,1
favershamin,1
fifty,1
whit,1
cgift,1
alderman,1
helmut,1
fryssby,1
afternoons,1
remayne,1
circle,1
stony,1
ryvers,1
education,1
binney,1
seventeen,1
provide,1
cvjoqcd,1
blatantly,1
bye,1
vision,1
godbye,1
staples,1
leren,1
bowmen,1
bound,1
claimed,1
foster,1
fully,1
fear,1
employment,1
cn,1
favour,1
powis,1
stoyle,1
male,1
unseemly,1
puissance,1
accepted,1
merton,1
un,1
collections,1
wyntersall,1
team,1
ordering,1
fs,1
interacting,1
force,1
renown,1
inscribe,1
thirteen,1
backe,1
transformation,1
volksaufgebote,1
rapidly,1
try,1
diagnosis,1
insistence,1
stimulate,1
efficiency,1
encapsulated,1
port,1
gunshots,1
blood,1
fynde,1
puritans,1
fall,1
hath,1
markham,1
lloid,1
populace,1
dead,1
spark,1
citizens,1
landesdefension,1
itself,1
fraternity,1
face,1
investigate,1
vllvs,1
attachment,1
prideaux,1
bowyer,1
marvelously,1
door,1
entertain,1
hearts,1
ships,1
mune,1
meant,1
arte,1
exercised,1
shelley,1
salkeld,1
constant,1
dyscreccion,1
bodye,1
burglars,1
terrible,1
following,1
marjorie,1
whoring,1
comes,1
series,1
conclusion,1
offe,1
unfledged,1
respited,1
pointless,1
grand,1
throw,1
surtees,1
circumstances,1
steel,1
tyne,1
mutton,1
reinforced,1
beside,1
symbolic,1
scolding,1
theme,1
neighbouring,1
dubious,1
daylie,1
viif,1
marino,1
towton,1
glimpse,1
pear,1
doi,1
text,1
symbol,1
interludes,1
sums,1
inherent,1
alternative,1
hawk,1
clement,1
der,1
refresh,1
know,1
fishtoft,1
natural,1
anthea,1
continental,1
birthpangs,1
dismembering,1
intellectual,1
bucks,1
refused,1
control,1
anywhere,1
frequency,1
dare,1
thinges,1
surfaced,1
finance,1
herefordshire,1
cxv,1
eltis,1
paper,1
cleane,1
elites,1
steven,1
novel,1
lying,1
contained,1
falsely,1
shoulde,1
merry,1
board,1
believe,1
albeit,1
capital,1
peasant,1
alexander,1
leaders,1
acts,1
punished,1
yeomen,1
tailors,1
cui,1
regard,1
xliv,1
newington,1
foundation,1
particularly,1
happened,1
reliability,1
bildeston,1
ault,1
yeres,1
attractions,1
exhausting,1
jennifer,1
associations,1
forlorn,1
antiq,1
miir,1
geweer,1
collaborators,1
mass,1
rural,1
adduced,1
instant,1
better,1
table,1
hasler,1
charged,1
believed,1
ditch,1
sie,1
huntingdon,1
keynes,1
born,1
concerninge,1
div,1
catastrophic,1
fuller,1
notable,1
proceedings,1
expences,1
stability,1
reached,1
thee,1
felde,1
particular,1
lane,1
mann,1
nearby,1
forestry,1
thirty,1
conteyned,1
attitudes,1
reiterated,1
ashburton,1
statement,1
myles,1
mannys,1
shortages,1
heather,1
gambling,1
penetration,1
dugdale,1
lxxvii,1
egg,1
eves,1
correspondent,1
incompetence,1
tudors,1
summers,1
hanham,1
pursued,1
osborne,1
minster,1
wanton,1
don,1
agreed,1
incomes,1
vil,1
herons,1
eviii,1
fewe,1
categories,1
art,1
middle,1
popular,1
spaces,1
lunuue,1
welton,1
shoemakers,1
swanson,1
both,1
yeoman,1
boston,1
straytenesse,1
neck,1
atkinson,1
demonic,1
bath,1
careful,1
volk,1
decaye,1
peace,1
politics,1
met,1
mightelye,1
ceive,1
taxed,1
jahrhunderts,1
despite,1
temptations,1
revolutions,1
joining,1
dice,1
prevalent,1
confirm,1
increased,1
became,1
role,1
november,1
duty,1
buy,1
wandsworth,1
unnumbered,1
target,1
emanuel,1
alain,1
results,1
lesson,1
arguments,1
equipped,1
ranks,1
gateshead,1
exii,1
families,1
campaigns,1
crew,1
ho,1
coming,1
amenities,1
prepared,1
nov,1
analysts,1
cornish,1
heaviest,1
false,1
technological,1
veale,1
question,1
promoted,1
necessarily,1
lodged,1
idealism,1
finn,1
powerful,1
mayo,1
landmilizen,1
defensionswerke,1
tawney,1
locations,1
touch,1
educationalist,1
ignored,1
noughtye,1
bartholomew,1
trusted,1
ofpewterers,1
kentish,1
tackled,1
decrease,1
shotynge,1
numerous,1
compeled,1
zum,1
wynketh,1
charge,1
pamela,1
vseth,1
biiiv,1
origines,1
alphamstone,1
deflecting,1
contributed,1
instead,1
grown,1
land,1
hedworth,1
proceeding,1
certificate,1
willing,1
files,1
provided,1
tyrolean,1
smaller,1
theym,1
autumn,1
you,1
nott,1
gentry,1
playing,1
attempted,1
pyttes,1
pigeons,1
enclosure,1
substauncyally,1
peacetime,1
surgeons,1
christi,1
worried,1
moved,1
searching,1
potential,1
admitting,1
cousin,1
occurring,1
spectator,1
portrait,1
contravention,1
petitioned,1
unlaufull,1
caled,1
favoured,1
youngsters,1
rovers,1
improved,1
import,1
predictable,1
evi,1
siueppov,1
testified,1
row,1
antient,1
among,1
prison,1
comparable,1
observed,1
bargaines,1
cross,1
bene,1
building,1
successive,1
householder,1
built,1
teaffreson,1
cited,1
major,1
evidently,1
livock,1
shotinge,1
settillyd,1
xxv,1
truro,1
lxxxix,1
hoode,1
