WORDCOUNTS,WEIGHT
the,981
of,405
in,269
to,265
and,215
naval,191
a,178
was,164
british,127
for,118
this,112
german,110
agreement,110
that,98
it,88
as,87
on,84
be,81
is,78
with,76
s,75
germany,69
not,66
would,63
p,53
which,51
hitler,51
submarine,47
by,46
london,44
had,41
at,39
from,39
britain,38
policy,37
cent,34
per,34
first,34
could,34
navy,34
an,33
war,31
government,28
but,28
no,27
see,27
have,27
between,27
also,26
admiralty,26
i,25
world,25
were,25
tonnage,24
treaty,24
general,23
only,23
there,22
g,22
part,22
para,22
other,22
he,21
ibid,21
if,20
e,20
into,20
vol,20
very,20
therefore,20
been,20
rearmament,20
ser,20
reich,19
fleet,19
because,19
will,19
more,19
one,18
tons,18
than,18
its,18
simon,18
against,17
berlin,16
even,16
his,16
submarines,16
future,16
all,16
or,16
held,16
foreign,16
important,15
however,15
two,15
sir,15
june,15
are,15
ratio,15
did,15
anglogerman,15
die,15
much,15
they,14
reasons,14
powers,14
what,14
cab,14
out,14
versailles,14
we,14
negotiations,14
seen,14
has,14
great,13
some,13
such,13
most,13
hereafter,13
basis,13
second,13
hoerber,13
thomas,13
imperial,13
tna,13
defence,13
dbfp,12
warfare,12
arm,12
their,12
threat,12
adm,12
representatives,12
up,12
about,12
these,12
japan,12
became,12
building,12
c,12
position,11
royal,11
political,11
papers,11
east,11
memorandum,11
delegation,11
too,11
good,11
time,11
after,11
armament,11
article,11
european,11
dec,11
peden,11
conclusion,11
must,11
years,11
might,10
england,10
side,10
fo,10
when,10
und,10
expansion,10
pp,10
us,10
power,10
empire,10
considered,10
far,10
art,10
peace,10
conclude,10
treasury,10
our,10
sources,9
possible,9
apr,9
aim,9
main,9
beyond,9
m,9
further,9
discussions,9
notes,9
under,9
ncm,9
towards,9
made,9
increase,9
weimar,9
continental,9
sea,9
step,9
france,9
ships,9
meeting,9
appeasement,8
way,8
europe,8
last,8
primary,8
point,8
may,8
reference,8
category,8
just,8
nazi,8
strategy,8
agreements,8
concept,8
unrestricted,8
deutsches,8
secondly,8
still,8
battleships,8
j,8
germans,8
so,8
become,8
annex,8
united,8
any,8
terms,8
does,7
acceptance,7
either,7
hence,7
taken,7
marine,7
battleship,7
essential,7
n,7
line,7
planning,7
adap,7
light,7
french,7
limit,7
proposal,7
john,7
never,7
understanding,7
japanese,7
staff,7
particular,7
argument,7
washington,7
d,7
dônitz,6
treaties,6
before,6
military,6
kingdom,6
regarded,6
back,6
how,6
abrogation,6
importance,6
limitation,6
support,6
reason,6
wanted,6
international,6
well,6
work,6
psychological,6
alliance,6
raeder,6
action,6
july,6
security,6
commonwealth,6
larger,6
considerable,6
hand,6
v,6
boats,6
gives,6
background,6
upon,6
full,6
period,6
him,6
decision,6
gleichberechtigung,6
favour,6
analysis,6
achieve,6
meant,6
ribbentrop,6
capital,6
enemy,6
build,6
interwar,6
admiral,6
conference,6
come,6
question,6
course,6
should,6
conversations,6
later,5
ultimate,5
dulffer,5
arms,5
came,5
certainly,5
secretary,5
case,5
reply,5
west,5
fos,5
letter,5
mar,5
cruisers,5
relations,5
weapon,5
shipping,5
without,5
rather,5
l,5
yet,5
view,5
greater,5
phipps,5
third,5
impression,5
claim,5
des,5
kriegsmarine,5
least,5
suez,5
order,5
ship,5
hitlers,5
equality,5
overall,5
fleets,5
home,5
same,5
again,5
put,5
shows,5
serious,5
behind,5
do,5
purposes,5
necessary,5
own,5
limitations,5
actual,5
clauses,5
office,5
clear,5
keep,5
defensive,5
can,5
malta,5
translation,5
then,5
seem,5
them,5
namely,5
her,5
both,5
eric,5
surface,5
accept,5
offer,5
although,5
smaller,5
potential,5
pratt,5
race,5
major,5
final,4
now,4
large,4
allies,4
history,4
total,4
politischem,4
being,4
book,4
context,4
cabinet,4
right,4
politics,4
thirdly,4
resources,4
mine,4
development,4
realized,4
interest,4
left,4
wark,4
parity,4
legal,4
k,4
kampf,4
definite,4
result,4
strength,4
public,4
failure,4
r,4
nc,4
pocket,4
henke,4
mediterranean,4
settlement,4
core,4
eternal,4
tirpitz,4
schmidt,4
strategic,4
mein,4
thought,4
picture,4
available,4
plan,4
documents,4
break,4
present,4
accepted,4
previous,4
definitely,4
function,4
tactics,4
offensive,4
probably,4
saw,4
hope,4
enough,4
circle,4
she,4
who,4
itself,4
matters,4
ever,4
over,4
different,4
particularly,4
past,4
seekriegsleitung,4
level,4
despite,4
plans,4
solely,4
national,4
off,4
programme,4
given,4
strong,4
superiority,3
o,3
struggle,3
limits,3
common,3
concerned,3
akten,3
use,3
encirclement,3
wolf,3
theatre,3
necessarily,3
intentions,3
file,3
programmes,3
every,3
preceding,3
give,3
majesty,3
seems,3
words,3
convoy,3
able,3
take,3
subsequent,3
chancellor,3
system,3
acceptable,3
eastern,3
task,3
economics,3
zur,3
apart,3
desired,3
consequent,3
regarding,3
conflict,3
facts,3
points,3
inevitable,3
due,3
objective,3
perspective,3
document,3
consequently,3
communication,3
details,3
influence,3
hoare,3
december,3
superficial,3
developed,3
stop,3
remain,3
politicians,3
whether,3
similar,3
certain,3
leave,3
direct,3
danger,3
means,3
changes,3
signed,3
marineamt,3
glorious,3
powerful,3
facing,3
dominant,3
fitted,3
diplomatic,3
based,3
rule,3
templewood,3
changed,3
events,3
flottenkonferenz,3
app,3
late,3
fourth,3
shall,3
equal,3
record,3
spheres,3
received,3
fit,3
during,3
angers,3
binding,3
il,3
change,3
richtlinien,3
successful,3
small,3
few,3
implementation,3
am,3
nations,3
battle,3
happen,3
situation,3
hegemony,3
short,3
above,3
make,3
ask,3
guide,3
serve,3
mission,3
den,3
neither,3
thesis,3
planned,3
longer,3
bring,3
financial,3
deutsche,3
faster,3
weinberg,3
idea,3
reasoning,3
new,3
doubt,3
armaments,3
fight,3
another,3
restrictions,3
treated,3
sides,3
additions,3
option,3
comprehensive,3
internal,3
capabilities,3
henderson,3
figures,3
evidence,3
concluded,3
relationship,3
fairly,3
chance,3
bound,3
force,3
effectively,3
respect,3
gab,3
proof,3
heavy,3
series,3
mentioned,3
known,3
country,3
commission,3
believe,3
best,3
down,3
argue,3
historical,3
concrete,3
extent,3
psychology,3
vessels,3
attached,3
duty,3
giving,3
subject,3
vorbesprechungen,3
jan,3
until,3
cambridge,3
deutschland,3
envisaged,3
finally,3
deterrence,3
need,3
effects,3
voluntary,3
remains,3
bigger,3
kalkiil,3
salewski,3
chicago,3
reached,3
permanent,3
previously,3
deeper,3
go,2
flottenbau,2
done,2
meaning,2
generous,2
concern,2
peaceful,2
announced,2
possessed,2
provisions,2
prime,2
likely,2
services,2
true,2
h,2
completely,2
mit,2
modern,2
satisfied,2
motive,2
protection,2
resurgence,2
anything,2
beneficial,2
fast,2
parliamentary,2
frankfurt,2
production,2
ii,2
brien,2
official,2
nature,2
parties,2
maritime,2
analyses,2
aircraft,2
anyway,2
state,2
limited,2
mr,2
ours,2
committed,2
intelligence,2
within,2
issue,2
disarmament,2
key,2
iv,2
felt,2
capable,2
schedule,2
weltmachtflotte,2
vital,2
taking,2
undertakes,2
negotiation,2
protocol,2
mistake,2
since,2
aus,2
relatively,2
type,2
fourthly,2
supremacy,2
kind,2
elements,2
nor,2
concerning,2
contrary,2
races,2
effective,2
like,2
spectre,2
journal,2
leadership,2
paras,2
finances,2
talks,2
commerciales,2
genuinely,2
hopes,2
operations,2
soviet,2
basic,2
stuttgart,2
gesture,2
enabled,2
lay,2
moreover,2
supposed,2
old,2
university,2
consider,2
warren,2
driven,2
impact,2
prevent,2
covers,2
show,2
shed,2
followed,2
consequence,2
guarantee,2
opinion,2
suggested,2
stands,2
opponents,2
sonar,2
herr,2
opposition,2
agenda,2
found,2
called,2
attack,2
deal,2
experts,2
big,2
equally,2
understood,2
fisher,2
guidance,2
preparations,2
having,2
used,2
sept,2
purpose,2
example,2
nation,2
positions,2
whole,2
issues,2
officers,2
concentrate,2
actually,2
interpreted,2
sense,2
fulfilled,2
dangerous,2
quite,2
around,2
oct,2
claims,2
munich,2
essentially,2
progress,2
notice,2
macdonald,2
rest,2
avoid,2
reduced,2
matter,2
bringing,2
revival,2
rekhspolitik,2
play,2
intended,2
surprise,2
initially,2
percentage,2
communications,2
opportunities,2
possessions,2
supérieure,2
rules,2
fail,2
termination,2
perceived,2
falls,2
complete,2
ngm,2
ia,2
mcht,2
members,2
uncontested,2
name,2
stronger,2
stated,2
toward,2
mistrust,2
water,2
troubled,2
striking,2
warning,2
bluff,2
clause,2
end,2
everything,2
contemporary,2
success,2
took,2
ground,2
road,2
less,2
conviction,2
invitation,2
perhaps,2
packs,2
dusseldorf,2
free,2
doctrine,2
realize,2
thoroughly,2
iq,2
greatest,2
pacifist,2
vast,2
examples,2
effectiveness,2
deliberately,2
including,2
raiders,2
expand,2
attributed,2
angle,2
unfortunately,2
alch,2
questions,2
real,2
watt,2
trust,2
sidetrack,2
negotiating,2
low,2
open,2
diplomacy,2
directed,2
stress,2
deals,2
anyone,2
conversation,2
exchange,2
outside,2
trying,2
land,2
exactly,2
mainly,2
deliberate,2
enemies,2
bismarck,2
payson,2
italy,2
école,2
reluctant,2
visit,2
provide,2
quo,2
ideology,2
lost,2
aiming,2
concluding,2
insist,2
waters,2
lawrence,2
threaten,2
importantly,2
anxiety,2
anxious,2
class,2
expansionism,2
answer,2
arts,2
rightful,2
reichstag,2
neglected,2
wars,2
following,2
breach,2
senior,2
haraszti,2
version,2
comparison,2
chamberlain,2
extensive,2
admirals,2
concordance,2
invoked,2
rhein,2
regime,2
palace,2
phillips,2
command,2
alternative,2
set,2
der,2
bottomless,2
outcome,2
partner,2
refused,2
concession,2
specialized,2
grafspee,2
printed,2
abortive,2
regard,2
scenario,2
allied,2
speech,2
obviously,2
embodiment,2
pit,2
absolutely,2
merely,2
places,2
growing,2
circles,2
form,2
cause,2
feb,2
signature,2
problem,2
heavier,2
while,2
indications,2
information,2
agreed,2
w,2
categories,2
freedom,2
through,2
easy,2
arian,2
merchant,2
qualitative,2
coming,2
resource,2
nov,2
cp,2
moderate,2
shown,2
unilateral,2
initiated,2
conditions,2
trauma,2
motives,2
crisis,2
instead,2
include,2
boppard,2
states,2
vi,2
assumed,2
themselves,2
russia,2
early,2
maximum,2
kordt,2
sciences,2
focus,2
immediately,2
recent,2
realpolitiker,2
asked,2
built,2
fur,2
close,2
ammunition,1
teils,1
difficult,1
democracy,1
archives,1
abolition,1
explosion,1
rate,1
doubts,1
asdic,1
pleaded,1
declared,1
destroying,1
fortified,1
geopolitics,1
stood,1
opponent,1
commitment,1
dictators,1
truth,1
represent,1
everyone,1
begegnungen,1
deduced,1
arrive,1
shipbuilding,1
rapprochement,1
adoption,1
considerably,1
introduction,1
aod,1
sphere,1
expect,1
clung,1
told,1
conducted,1
judged,1
achievements,1
approved,1
incorporated,1
enhance,1
rue,1
designed,1
overdue,1
formed,1
informative,1
live,1
library,1
dart,1
reichsmarine,1
english,1
motivation,1
continent,1
coalition,1
bias,1
desperately,1
studies,1
conscious,1
considerations,1
spirit,1
justified,1
western,1
equated,1
gamble,1
essca,1
laid,1
feels,1
bp,1
service,1
something,1
revision,1
disinterested,1
territorial,1
chief,1
persuade,1
é,1
experience,1
lower,1
round,1
statist,1
consistent,1
member,1
provision,1
permit,1
permanence,1
lifelines,1
interests,1
inconceivable,1
entailed,1
thies,1
handle,1
implications,1
moods,1
trend,1
attempt,1
refusal,1
worked,1
precondition,1
kaml,1
discerned,1
definition,1
possibilities,1
quid,1
reach,1
twenty,1
secondary,1
advantage,1
broken,1
desire,1
undertake,1
thank,1
therein,1
differences,1
altruistic,1
assembled,1
diilffer,1
inherent,1
transferred,1
proves,1
link,1
closer,1
scheme,1
procedure,1
cowling,1
atrocities,1
backtrack,1
fresh,1
erich,1
date,1
stand,1
precisely,1
thrity,1
those,1
principal,1
opposite,1
solved,1
dd,1
deteriorated,1
obviate,1
mindset,1
worldwide,1
bluntly,1
protagonists,1
resilience,1
tie,1
nn,1
capacity,1
motion,1
guidelines,1
sought,1
u,1
auswàrtigen,1
america,1
march,1
reminder,1
account,1
replacement,1
marked,1
recommendations,1
strand,1
illustrate,1
drive,1
mutual,1
aufienpolitik,1
move,1
obvious,1
ki,1
say,1
except,1
conception,1
realistic,1
schiffstypen,1
anticipated,1
along,1
correlation,1
himself,1
message,1
holstein,1
withhold,1
ng,1
analyse,1
scrapping,1
sign,1
aggression,1
corresponding,1
interestingly,1
framework,1
succeed,1
expertise,1
nostalgic,1
repeatedly,1
central,1
goal,1
phase,1
chapters,1
accessible,1
comments,1
review,1
weuherrschaft,1
eventual,1
component,1
proportionate,1
reject,1
alarm,1
gp,1
embryonic,1
victory,1
personalities,1
corner,1
agreeing,1
im,1
decided,1
montreux,1
endziele,1
consolation,1
tacit,1
atiantic,1
convention,1
pay,1
expected,1
forced,1
exhausted,1
nazis,1
priority,1
evaluate,1
items,1
times,1
chefdolmetschers,1
amount,1
finished,1
modifying,1
baldwin,1
allowed,1
extraordinary,1
flawed,1
suitable,1
ally,1
trusting,1
architekt,1
find,1
formulate,1
men,1
drawn,1
spite,1
indissoluble,1
peacemaker,1
deeply,1
loos,1
delivered,1
hardly,1
luftwaffe,1
ton,1
lastly,1
neutral,1
realization,1
grasp,1
incentive,1
inhabitant,1
higher,1
incentives,1
steps,1
simultaneously,1
sector,1
menace,1
hamburg,1
polarization,1
air,1
predicted,1
camp,1
purely,1
angeles,1
nonsense,1
smoking,1
soviets,1
affairs,1
influential,1
weighted,1
antagonistic,1
burckhardt,1
coastal,1
myself,1
exercise,1
lasting,1
knew,1
adopted,1
opportunity,1
comply,1
granted,1
whiff,1
earlier,1
supplement,1
eight,1
derived,1
balanced,1
parts,1
contributions,1
special,1
possess,1
earl,1
feel,1
space,1
front,1
schleswig,1
avon,1
onwards,1
geyr,1
understand,1
voluntarily,1
worlds,1
escape,1
win,1
biihne,1
ensure,1
supports,1
cewig,1
talk,1
india,1
slowly,1
otherwise,1
presumably,1
clearly,1
almost,1
section,1
numbers,1
windfall,1
preoccupation,1
restricted,1
indefinitely,1
interpreter,1
experienced,1
superior,1
deprecate,1
additional,1
ugly,1
encouragement,1
follow,1
fiir,1
isolation,1
comprising,1
putting,1
always,1
willing,1
crucially,1
weighed,1
projected,1
symbolized,1
preference,1
bekker,1
mainland,1
conquest,1
whereas,1
hours,1
declarations,1
fuhrer,1
bilateral,1
lead,1
whom,1
europas,1
sooner,1
abandoning,1
cordial,1
conservative,1
demise,1
heer,1
hands,1
speeches,1
critically,1
inclusion,1
access,1
temptation,1
relating,1
desirable,1
effort,1
objectives,1
demands,1
furies,1
ocean,1
facilitate,1
requirements,1
percentages,1
initial,1
blockade,1
fuel,1
base,1
sirj,1
respects,1
punishment,1
tracking,1
furthermore,1
informed,1
expressly,1
silence,1
cannot,1
staatsmànnern,1
hervorgehend,1
grounds,1
vivid,1
fashionable,1
tart,1
tension,1
fetched,1
absolute,1
endziel,1
required,1
ike,1
wide,1
drain,1
governing,1
wants,1
memory,1
biographies,1
gallic,1
verdict,1
nonnegotiable,1
none,1
allocation,1
closed,1
minute,1
fundamental,1
scope,1
pacifistic,1
benevolence,1
sanction,1
folkish,1
tool,1
los,1
torpedoes,1
stiff,1
nine,1
repetition,1
prominent,1
favourable,1
heavily,1
wilhelmstrqfie,1
ot,1
apparent,1
calls,1
twofold,1
negative,1
excessive,1
description,1
got,1
shocking,1
literature,1
genuine,1
stresa,1
place,1
policies,1
contains,1
people,1
relevance,1
friend,1
fulfils,1
scheer,1
forces,1
somewhere,1
legislation,1
newspaper,1
stationary,1
predominance,1
indictor,1
project,1
status,1
currents,1
memoirs,1
relative,1
strongest,1
scheduled,1
announcement,1
sic,1
vertrags,1
tone,1
whilst,1
solution,1
officials,1
closing,1
schamhorst,1
start,1
indicator,1
caused,1
hard,1
working,1
negligible,1
ambassador,1
revolution,1
stage,1
humiliated,1
coupled,1
deadlock,1
contrast,1
rushed,1
consolidation,1
standpoint,1
heart,1
atmosphere,1
event,1
involved,1
kampp,1
troubles,1
cedex,1
several,1
sufficient,1
exemplifies,1
wider,1
revealing,1
routine,1
transfer,1
temporary,1
breaking,1
amounted,1
master,1
realised,1
weapons,1
fully,1
former,1
majority,1
horrendous,1
resistance,1
proper,1
ghatfield,1
peculiar,1
structured,1
diminished,1
appropriate,1
value,1
newly,1
preliminary,1
frontal,1
separate,1
sporadic,1
enjoy,1
rang,1
schweppenburg,1
seemed,1
deficiency,1
chronological,1
contender,1
io,1
opposites,1
deutschlands,1
advocate,1
contest,1
absence,1
protecting,1
various,1
economic,1
concessions,1
seventh,1
wrote,1
comparative,1
techniques,1
erkbnisse,1
successes,1
return,1
april,1
reduce,1
uber,1
carrot,1
tor,1
says,1
domination,1
counterfactual,1
roskill,1
wheels,1
movement,1
relaxed,1
logical,1
paint,1
hold,1
decisions,1
direction,1
schlesien,1
single,1
once,1
sincere,1
contributing,1
cheap,1
denunciation,1
portrayed,1
interpretation,1
victor,1
museum,1
fair,1
makes,1
ring,1
technology,1
god,1
bosporus,1
combat,1
frieden,1
reconciliation,1
constant,1
participants,1
csir,1
betreffend,1
lord,1
deliver,1
largest,1
costs,1
already,1
insights,1
alien,1
department,1
emotional,1
accomplishment,1
increasingly,1
speaking,1
expansionist,1
payments,1
unwisdom,1
considers,1
useful,1
fix,1
eldon,1
worst,1
starting,1
visitor,1
unlimited,1
unreliable,1
attacks,1
challenge,1
devastating,1
fell,1
pointed,1
iqqo,1
similarly,1
responsibilities,1
appointed,1
adequate,1
addition,1
release,1
fact,1
terminating,1
preserve,1
deterioration,1
abstain,1
areas,1
regret,1
call,1
remit,1
beliefs,1
abstract,1
exclusion,1
lacks,1
remarked,1
really,1
incorporation,1
fallen,1
sturdy,1
inherently,1
minimize,1
man,1
roskilts,1
treatv,1
aggressive,1
germanic,1
bargaining,1
match,1
fits,1
meine,1
operating,1
continuing,1
existing,1
establish,1
relevant,1
karl,1
ultimately,1
krieg,1
moderating,1
material,1
deep,1
radius,1
books,1
distance,1
threats,1
reconciled,1
number,1
going,1
ducks,1
polities,1
remained,1
remove,1
original,1
backbone,1
dominions,1
finish,1
divided,1
supplies,1
coherent,1
intent,1
turkey,1
easier,1
prevention,1
explanation,1
stuck,1
prohibition,1
reparations,1
values,1
ogilvie,1
sufficiently,1
judge,1
curt,1
encouraged,1
budget,1
outward,1
entirely,1
confidence,1
food,1
versailler,1
oppose,1
factor,1
worse,1
submitted,1
evolution,1
deutschen,1
pack,1
associate,1
recovery,1
eden,1
auf,1
examination,1
fulfil,1
chosen,1
empathized,1
dull,1
nevertheless,1
dating,1
vii,1
worry,1
quotation,1
upcoming,1
three,1
historic,1
gneisenau,1
reality,1
cunningham,1
achieved,1
publication,1
bonn,1
pd,1
objection,1
diplomats,1
peeded,1
haunted,1
pride,1
hider,1
helpful,1
fellow,1
eines,1
negotiator,1
distinction,1
stages,1
contributed,1
shortly,1
accurate,1
probable,1
marriage,1
uncompromising,1
provides,1
imagination,1
communiqué,1
why,1
decommissioning,1
especially,1
discarded,1
comparing,1
guilt,1
outcomes,1
qualities,1
leaves,1
arise,1
topic,1
craft,1
stufenplan,1
spared,1
greatly,1
pro,1
awful,1
teach,1
ib,1
excluded,1
january,1
improbable,1
slightly,1
dominance,1
looming,1
paymaster,1
connections,1
persuading,1
stick,1
ago,1
arresting,1
sole,1
division,1
justice,1
hunt,1
limiting,1
increasing,1
depth,1
indication,1
suggestion,1
escaping,1
signs,1
imply,1
ami,1
shattered,1
raise,1
jit,1
wisdom,1
replied,1
recall,1
craigie,1
figure,1
irreconcilable,1
holiday,1
missed,1
naturally,1
iooq,1
attention,1
stocks,1
reasonable,1
ballot,1
vague,1
attitude,1
politeness,1
slow,1
antagonism,1
army,1
strongly,1
parcel,1
immensity,1
inadequate,1
vulnerable,1
countries,1
volumes,1
sanity,1
efficiency,1
expectations,1
construction,1
entrusted,1
annoyance,1
endure,1
fields,1
uncertain,1
months,1
face,1
articles,1
proximity,1
association,1
legitimately,1
earliest,1
stable,1
vn,1
cambodge,1
disturb,1
assistant,1
publicly,1
seriously,1
dictator,1
shadow,1
thinking,1
ordered,1
ioo,1
prohibited,1
reckon,1
necessity,1
peoples,1
apprehension,1
mercantile,1
simply,1
allés,1
symbolic,1
carriers,1
satisfactory,1
rival,1
doi,1
flagrant,1
cover,1
mirrors,1
weaponry,1
evade,1
quickly,1
mutually,1
destroyers,1
principle,1
ministerial,1
each,1
endurance,1
budgetary,1
guaranteed,1
paper,1
mollify,1
erinnerungen,1
cypher,1
expanding,1
board,1
threatened,1
bridgehead,1
appendix,1
firepower,1
current,1
report,1
counting,1
eventually,1
foundation,1
reliability,1
mercant,1
equilibrium,1
written,1
longstanding,1
benefit,1
associated,1
fourfold,1
unaccountable,1
utilized,1
thompson,1
proposed,1
crater,1
expenses,1
works,1
ideally,1
destroyed,1
turned,1
beginning,1
chatfield,1
bbc,1
quiet,1
unlikely,1
manisty,1
ohne,1
economy,1
anymore,1
proceedings,1
stability,1
making,1
stance,1
bechhofer,1
maintain,1
proven,1
converting,1
hoped,1
statement,1
edinburgh,1
unnecessary,1
unwise,1
telegram,1
credo,1
brilliant,1
weltanschauung,1
produce,1
baltic,1
voice,1
precedent,1
chaotic,1
suggests,1
emphasis,1
selflimitation,1
italian,1
reparation,1
size,1
thematically,1
welcome,1
translated,1
burden,1
hindsight,1
intention,1
risikoflotte,1
outweighs,1
ill,1
decisive,1
zehnjahre,1
preferable,1
eindriicke,1
joining,1
prospect,1
press,1
republic,1
epitome,1
focal,1
sitting,1
reappraisal,1
commissioned,1
went,1
rationale,1
acute,1
screen,1
target,1
results,1
arguments,1
duped,1
ranks,1
colonial,1
aims,1
definitions,1
weltmaehiflotte,1
gain,1
aspect,1
reaching,1
postversailles,1
sanctioned,1
singapore,1
formation,1
practicable,1
lakanal,1
considering,1
fi,1
injured,1
disposal,1
finding,1
samuel,1
defender,1
tactical,1
wish,1
documentation,1
exceed,1
daraus,1
usa,1
forbes,1
militàratachés,1
fooled,1
negotiable,1
bear,1
disruption,1
exceeding,1
attributes,1
countrymen,1
you,1
settling,1
erlebnisse,1
regain,1
roughly,1
doubtless,1
needs,1
offered,1
politischer,1
supported,1
consisting,1
vessel,1
safeguard,1
certainty,1
danziger,1
bell,1
era,1
tranquillity,1
views,1
exclusively,1
element,1
persuaded,1
duration,1
uk,1
among,1
seek,1
ca,1
preconceptions,1
super,1
occur,1
perception,1
costly,1
cruiser,1
aufhebung,1
thorough,1
