WORDCOUNTS,WEIGHT
the,999
of,833
and,752
in,456
to,295
a,255
pp,216
p,157
was,138
that,134
s,134
for,127
economic,125
history,112
as,112
england,110
trade,105
by,104
it,96
were,87
had,85
on,84
j,77
an,74
be,70
english,68
with,66
from,65
political,64
or,61
which,60
wealth,58
progress,57
its,50
see,50
vol,49
happiness,49
ed,48
but,46
material,46
economy,46
they,44
people,43
society,43
oxford,43
century,41
more,41
their,39
r,39
d,39
at,38
defoe,38
new,37
review,36
state,35
about,35
petty,34
his,34
social,34
some,33
slack,33
could,32
eds,32
is,32
not,32
have,32
cambridge,31
i,30
than,30
discourse,30
also,30
been,30
c,30
national,30
commerce,29
all,27
great,27
luxury,26
thought,26
there,25
g,25
n,25
consumption,25
plenty,24
ease,24
idem,24
h,23
m,23
davenant,23
them,23
between,23
early,23
before,22
no,22
later,21
example,21
works,21
e,20
into,20
ii,20
interest,20
even,20
growth,20
nation,20
after,20
one,19
cf,19
like,19
war,19
this,19
he,19
john,19
t,18
consumer,18
earlier,18
improvement,18
population,18
public,18
moral,18
essay,18
might,17
case,17
since,17
affluence,17
revolution,17
when,17
happy,17
writings,17
present,17
living,17
land,17
much,17
englands,16
world,16
commercial,16
made,16
w,16
locke,15
per,15
modern,15
being,15
vols,15
however,15
riches,15
power,15
man,15
would,15
labour,15
temple,15
are,15
anon,15
historical,15
first,14
money,14
well,14
britain,14
paul,14
life,14
intellectual,14
barbon,14
common,13
human,13
culture,13
french,13
thomas,13
william,13
balance,13
poor,12
similar,12
writers,12
contemporary,12
upon,12
general,12
politics,12
enlightenment,12
virtue,12
way,11
if,11
treatise,11
different,11
british,11
king,11
against,11
hartlib,11
appetites,11
commonwealth,11
these,11
challenge,11
time,11
increase,11
so,11
thirsk,11
evident,11
what,11
capita,11
middle,11
reformation,11
robinson,10
de,10
concerning,10
jones,10
whose,10
l,10
how,10
comfort,10
peace,10
same,10
rise,10
law,10
other,10
towards,10
end,10
v,10
science,10
any,10
years,10
although,10
child,9
true,9
europe,9
agrarian,9
government,9
far,9
tryon,9
pursuit,9
process,9
most,9
union,9
advance,9
bodin,9
out,9
mun,9
london,9
change,9
manners,9
malynes,9
still,9
b,9
already,9
two,9
only,9
idea,9
documents,9
men,9
where,9
never,9
cary,9
foreign,9
ever,9
over,9
iii,9
incomes,9
our,9
prosperity,9
cited,9
mankind,8
standards,8
long,8
principles,8
religion,8
mind,8
has,8
treasure,8
book,8
pocock,8
use,8
greater,8
came,8
shared,8
part,8
things,8
therefore,8
republican,8
may,8
once,8
empire,8
seventeenth,8
perhaps,8
natural,8
while,8
theme,8
now,7
navigation,7
contexts,7
mandeville,7
nature,7
povey,7
papers,7
plattes,7
wrigley,7
moderation,7
dutch,7
lansdowne,7
such,7
clark,7
journal,7
felicity,7
houghton,7
advancement,7
good,7
least,7
finkelstein,7
infinite,7
through,7
soon,7
income,7
another,7
understanding,7
tudor,7
employment,7
who,7
tawney,7
country,7
did,7
past,7
terms,7
art,7
must,7
given,7
crisis,7
cooper,7
increased,7
debate,7
should,7
utility,6
large,6
hull,6
ms,6
interests,6
seems,6
tradition,6
those,6
condition,6
harmony,6
million,6
moment,6
recognized,6
sort,6
parts,6
provinces,6
wages,6
benefits,6
beyond,6
notions,6
opinion,6
view,6
bl,6
title,6
six,6
begun,6
baxter,6
circulation,6
princeton,6
taxes,6
future,6
work,6
knowledge,6
we,6
own,6
commons,6
content,6
sheridan,6
allen,6
alms,6
make,6
year,6
bohun,6
us,6
liberty,6
gentleman,6
doubt,6
necessary,6
original,6
dress,6
real,6
ireland,6
individual,6
article,6
sig,6
united,6
thinking,6
crofts,6
circumstances,6
domestic,6
inquiry,6
very,6
distribution,6
urban,6
miege,6
robertson,6
evidence,6
little,6
north,6
customs,6
along,5
page,5
tion,5
corruption,5
taft,5
kinds,5
confidence,5
better,5
considerations,5
royal,5
organic,5
modest,5
hence,5
parliamentary,5
advanced,5
supple,5
rich,5
advantages,5
alike,5
con,5
historians,5
agriculture,5
bookes,5
account,5
vanity,5
measurement,5
key,5
development,5
nelson,5
profit,5
letter,5
though,5
misselden,5
york,5
betterment,5
rather,5
edward,5
importance,5
certain,5
coke,5
reason,5
changes,5
clearly,5
impact,5
house,5
age,5
found,5
scotland,5
hont,5
triumph,5
leisure,5
civil,5
elizabeth,5
whole,5
earth,5
mcmichael,5
several,5
depression,5
civic,5
f,5
second,5
identified,5
expansion,5
brief,5
god,5
passions,5
without,5
published,5
others,5
towns,5
projects,5
walwyn,5
fact,5
botero,5
jealousy,5
blanch,5
wood,5
calculations,5
nicole,5
sir,5
discovery,5
eighteenth,5
pleasure,5
improvements,5
authors,5
especially,5
enjoyed,5
figures,5
greek,5
widely,5
increasing,5
fable,5
circle,5
continued,5
often,5
fall,5
marquis,5
growing,5
changing,5
scarcely,5
charles,5
beginning,5
according,5
johnson,5
bristol,5
rising,5
add,5
agricultural,5
fully,5
foundations,5
observations,5
miscellanea,5
presented,5
paradise,5
scott,5
became,5
role,5
giving,5
harrison,5
recent,5
defence,5
course,5
need,5
france,5
prospect,5
contours,5
measuring,5
evelyn,5
views,5
among,5
showed,5
stuart,4
italy,4
providence,4
manuscript,4
church,4
essays,4
live,4
sumptuary,4
ways,4
something,4
plantations,4
gregory,4
charity,4
passion,4
either,4
utopia,4
production,4
simple,4
achieved,4
improved,4
context,4
mass,4
iv,4
international,4
taxation,4
directed,4
whiston,4
author,4
roche,4
highest,4
honour,4
unhappiness,4
critics,4
sigs,4
harrington,4
adam,4
consequences,4
metropolis,4
repeated,4
too,4
show,4
cost,4
conspicuous,4
parliaments,4
afforded,4
taught,4
coin,4
literature,4
imports,4
esp,4
comment,4
broad,4
point,4
overseas,4
prices,4
sense,4
below,4
dictionary,4
contrast,4
few,4
industry,4
popery,4
visible,4
up,4
maddison,4
productivity,4
spufford,4
voltaire,4
allestree,4
glanvill,4
religious,4
yet,4
reference,4
under,4
complete,4
diary,4
fire,4
again,4
many,4
smith,4
fundamental,4
together,4
godly,4
debates,4
fashion,4
politeness,4
discussed,4
anne,4
took,4
everyday,4
ch,4
renaissance,4
less,4
answer,4
gdp,4
demonstrated,4
private,4
ideas,4
economists,4
contentment,4
low,4
welcomed,4
language,4
held,4
pride,4
him,4
become,4
tradesman,4
can,4
probably,4
attention,4
usury,4
relationship,4
seen,4
apparel,4
countries,4
inferior,4
forset,4
potter,4
machiavellian,4
plea,4
excess,4
retained,4
image,4
down,4
then,4
schofield,4
implicit,4
whether,4
rose,4
webster,4
popular,4
necessity,4
sea,4
despite,4
commodities,4
arguments,4
bees,4
grandeur,4
come,4
argument,4
conn,4
offer,4
provided,4
bethel,4
measure,4
underlined,4
potential,4
reached,4
arithmetic,4
o,3
done,3
concerned,3
meaning,3
created,3
market,3
determine,3
needed,3
overton,3
identify,3
expenditure,3
inconsistent,3
policy,3
habits,3
origination,3
worth,3
lower,3
anything,3
invention,3
fifteenth,3
greatness,3
taken,3
tax,3
dunton,3
asia,3
shaped,3
broadly,3
half,3
concepts,3
primitive,3
within,3
daniel,3
ad,3
issue,3
streater,3
coining,3
plain,3
motion,3
encouraging,3
america,3
reynell,3
right,3
march,3
addresses,3
drive,3
supply,3
spadafora,3
reality,3
conflict,3
peltonen,3
facts,3
utopian,3
accommodation,3
cobbett,3
mismanagement,3
enjoying,3
kind,3
turn,3
estimates,3
retailing,3
clay,3
dean,3
back,3
subjects,3
body,3
jacob,3
designed,3
mayhew,3
ment,3
civilization,3
late,3
subordination,3
essential,3
middling,3
across,3
affairs,3
shammas,3
thing,3
study,3
feel,3
nor,3
dated,3
just,3
edition,3
welfare,3
glorious,3
campbell,3
bacon,3
queen,3
mcmahon,3
problems,3
care,3
suggested,3
hagthorpe,3
based,3
societies,3
wholly,3
radical,3
fo,3
hatcher,3
term,3
acquiring,3
politique,3
equally,3
equal,3
goodwin,3
raylor,3
cannot,3
nothing,3
explain,3
industrious,3
influenced,3
aspects,3
colonies,3
journals,3
concept,3
prominent,3
purpose,3
calls,3
thoughts,3
gave,3
issues,3
happinesse,3
translated,3
personal,3
merchant,3
claydon,3
caused,3
working,3
buildings,3
around,3
family,3
small,3
wider,3
florentine,3
decline,3
value,3
velocity,3
philips,3
appeal,3
sidney,3
threatened,3
critical,3
indeed,3
terrestriall,3
above,3
vaughan,3
landed,3
competition,3
read,3
requiring,3
saint,3
neither,3
management,3
included,3
home,3
liberties,3
aristotle,3
noted,3
affections,3
comfortable,3
pointed,3
bufton,3
financial,3
pennington,3
coinage,3
head,3
larger,3
richer,3
keymer,3
rhetoric,3
hit,3
providentially,3
hale,3
discourses,3
credit,3
greatest,3
poore,3
atlantic,3
values,3
owe,3
identity,3
food,3
assumption,3
whiggism,3
trend,3
rare,3
ibid,3
full,3
office,3
nevertheless,3
described,3
charge,3
quotation,3
three,3
times,3
high,3
households,3
latter,3
exchange,3
conveniences,3
edmund,3
k,3
interpretations,3
do,3
james,3
henry,3
trades,3
capitalism,3
implication,3
haven,3
accounts,3
decay,3
justice,3
european,3
me,3
grammar,3
george,3
sometimes,3
vision,3
ideology,3
bound,3
novak,3
order,3
referred,3
force,3
why,3
embarrassment,3
expectations,3
mans,3
fenner,3
itself,3
pett,3
considered,3
historian,3
extending,3
vi,3
known,3
sustained,3
set,3
hoppit,3
familiar,3
capital,3
prominence,3
universal,3
ideological,3
written,3
houses,3
studies,3
suffering,3
scholarly,3
investigation,3
reign,3
coaches,3
manufactures,3
firmly,3
tilmouth,3
appetite,3
information,3
generally,3
suggests,3
both,3
inimical,3
determined,3
ill,3
pincus,3
subject,3
transition,3
viner,3
territory,3
inventions,3
pepys,3
representation,3
writing,3
milles,3
trevers,3
burnet,3
moderate,3
models,3
samuel,3
aware,3
building,3
writer,3
philosophy,3
shift,3
want,3
commonwealths,3
divergent,3
fiscal,3
broader,3
intimately,2
go,2
does,2
diligent,2
religions,2
cent,2
goldsmiths,2
dung,2
ments,2
concern,2
deduced,2
profitability,2
goldsmith,2
legitimate,2
poorer,2
introduction,2
barbour,2
distributed,2
told,2
becoming,2
enduring,2
incorporated,2
mobility,2
vickers,2
referring,2
hann,2
easily,2
philalethes,2
spirit,2
ramsay,2
adventurer,2
cycles,2
unlike,2
remedy,2
landowners,2
disputed,2
penovich,2
reconciled,2
accumulation,2
consistent,2
member,2
unreasonableness,2
certainly,2
creation,2
kempshall,2
accommodated,2
restoration,2
spencer,2
encouraged,2
progression,2
xxi,2
alphabit,2
parties,2
company,2
onwards,2
peck,2
scientists,2
uneasy,2
fortunes,2
stood,2
able,2
thanks,2
contemplative,2
liii,2
vices,2
kingdom,2
unto,2
subsequent,2
damage,2
fresh,2
roots,2
customers,2
murray,2
trouble,2
keith,2
indulgence,2
robert,2
signs,2
replie,2
retrenchment,2
system,2
tarlow,2
macaria,2
advocates,2
badly,2
misrepresentation,2
linear,2
roberts,2
coyn,2
rix,2
satisfactions,2
attacked,2
matthew,2
translations,2
crowley,2
firm,2
saying,2
design,2
ultra,2
inevitable,2
greene,2
richard,2
bland,2
obvious,2
radicals,2
conceptual,2
resources,2
laws,2
household,2
fos,2
himself,2
benefit,2
canker,2
fortrey,2
verbum,2
optimism,2
central,2
farmhouses,2
merchants,2
explained,2
immediate,2
riot,2
safety,2
regarded,2
relations,2
price,2
application,2
topic,2
dudley,2
farewell,2
learning,2
forced,2
distinct,2
items,2
flourishing,2
self,2
covetousness,2
usurie,2
custumers,2
marriage,2
vries,2
infinity,2
difficulty,2
bellers,2
compared,2
left,2
labouring,2
libraries,2
ness,2
publications,2
mechanical,2
empiricism,2
gospel,2
sin,2
look,2
compl,2
boom,2
surtz,2
delivered,2
generation,2
influence,2
word,2
hundert,2
higher,2
failed,2
builder,2
reclothing,2
town,2
commutative,2
hirschman,2
boulton,2
prince,2
ostensibly,2
elaboration,2
everett,2
proceedings,2
breadth,2
influential,2
appreciation,2
longest,2
hughes,2
notion,2
secularization,2
britannia,2
baconian,2
legal,2
grew,2
ongoing,2
mercer,2
leng,2
consuming,2
oeuvres,2
lay,2
productive,2
republicans,2
moreover,2
provides,2
supposed,2
pleasures,2
means,2
dyer,2
lives,2
pernicious,2
braddick,2
perceptions,2
acquisition,2
romantic,2
graunt,2
vastly,2
ensure,2
cause,2
trans,2
mcllwain,2
articulated,2
infinitum,2
contemporaries,2
argued,2
threat,2
passed,2
splendor,2
pierre,2
founding,2
eburne,2
yolton,2
important,2
decades,2
reflections,2
behaviour,2
muldrew,2
nehemiah,2
route,2
revived,2
medicine,2
hands,2
uneasiness,2
instauration,2
markets,2
symptoms,2
further,2
montchr,2
examen,2
xvi,2
poverty,2
stock,2
connotations,2
produced,2
companies,2
wherein,2
scale,2
woodbridge,2
camden,2
killerby,2
larkin,2
property,2
wants,2
hartley,2
because,2
provincial,2
poovey,2
unum,2
clarke,2
tool,2
stillingfleet,2
happines,2
prompted,2
heavily,2
apparent,2
edn,2
experience,2
used,2
discussions,2
during,2
place,2
refined,2
policies,2
partly,2
wahnbaeck,2
documented,2
monopoly,2
strengthened,2
connections,2
holy,2
trends,2
goldie,2
payments,2
gresham,2
particulars,2
detailed,2
wholesale,2
creating,2
discussing,2
scholastic,2
hard,2
peterson,2
aroused,2
rostvig,2
trading,2
archaeology,2
clothes,2
quite,2
coffey,2
troubles,2
berg,2
la,2
bastian,2
rates,2
diversified,2
impossible,2
budgets,2
fashions,2
parliament,2
always,2
annual,2
proper,2
correspondence,2
city,2
inquiries,2
breed,2
knolles,2
monarchy,2
beehive,2
parks,2
luxuries,2
nations,2
defended,2
led,2
demand,2
advocate,2
nonetheless,2
various,2
tes,2
rested,2
proposalls,2
revival,2
comparative,2
return,2
forward,2
whatever,2
calculated,2
bankers,2
put,2
direction,2
qualms,2
acquisitive,2
para,2
guide,2
shipping,2
blom,2
examined,2
security,2
roover,2
necessarium,2
paradox,2
alongside,2
englishness,2
evil,2
borrowed,2
morgan,2
digges,2
mortality,2
workers,2
wallis,2
dickey,2
friend,2
zaller,2
persuasive,2
nova,2
gott,2
successfully,2
idle,2
mechanick,2
ended,2
frugality,2
drink,2
insatiable,2
tien,2
recurrent,2
jurdjevic,2
striking,2
plan,2
scottish,2
revenue,2
regulation,2
raised,2
educated,2
associates,2
hobbes,2
resolved,2
dury,2
conferred,2
puritan,2
impiety,2
forms,2
patterns,2
conclusions,2
enough,2
multiplication,2
abstract,2
paris,2
spain,2
molyneux,2
remarkable,2
formation,2
model,2
road,2
developing,2
pagden,2
janse,2
mascuch,2
yarranton,2
invitation,2
controversy,2
compleat,2
threats,2
coined,2
shifts,2
number,2
free,2
leveller,2
degree,2
calculation,2
local,2
dominions,2
extended,2
lost,2
examples,2
worden,2
matthews,2
israel,2
including,2
apology,2
horatian,2
briefe,2
looking,2
top,2
significant,2
fed,2
francis,2
causes,2
morality,2
vocabulary,2
moneylenders,2
evolution,2
engaged,2
services,2
continue,2
deployed,2
previous,2
dismissed,2
theories,2
open,2
significance,2
strands,2
clear,2
styles,2
traict,2
publication,2
virtues,2
health,2
decayed,2
allowed,2
caribbean,2
spread,2
stages,2
comforts,2
last,2
prolonged,2
standard,2
dialogue,2
class,2
finite,2
behind,2
relation,2
successors,2
enabled,2
remonstrance,2
proposal,2
incompatible,2
effect,2
lazy,2
alleine,2
relative,2
shaftesbury,2
imported,2
deplored,2
epicures,2
translator,2
fenton,2
references,2
ethic,2
christian,2
monstrous,2
usurpation,2
inhabitants,2
defenders,2
naturally,2
palliser,2
oeppen,2
interregnum,2
lines,2
favour,2
directory,2
winslow,2
primarily,2
dimensions,2
success,2
army,2
accepted,2
began,2
wilson,2
anxiety,2
battie,2
hi,2
analysis,2
respect,2
conomie,2
ing,2
get,2
arts,2
academiarum,2
plus,2
claims,2
boundless,2
wars,2
authorities,2
absolutism,2
culpepper,2
harness,2
conviction,2
biography,2
stoics,2
moland,2
reinforced,2
echoes,2
pt,2
sciences,2
here,2
clement,2
quickly,2
historie,2
grassby,2
introducing,2
each,2
commonplace,2
readily,2
manifestoes,2
chandaman,2
nobility,2
confident,2
innovations,2
seem,2
board,2
straightforward,2
argue,2
sapienti,2
wealthy,2
berry,2
wolfe,2
learnt,2
particularly,2
grey,2
linked,2
collins,2
speculation,2
grievances,2
goods,2
amid,2
cultivation,2
cities,2
tracts,2
pomp,2
armitage,2
thompson,2
rural,2
person,2
turned,2
answers,2
enjoyment,2
mulier,2
happi,2
form,2
obligation,2
attitudes,2
mere,2
bonheur,2
theory,2
borsay,2
woodward,2
autobiography,2
sprat,2
texts,2
treatises,2
agreed,2
ideal,2
virginia,2
effectively,2
universe,2
schama,2
yeoman,2
careful,2
severely,2
furniture,2
refinement,2
conclude,2
lilburne,2
leicester,2
monarchs,2
entrepreneur,2
assumptions,2
com,2
conventional,2
hexter,2
manufacturing,2
ranks,2
colonial,2
phenomenon,2
using,2
pole,2
remarks,2
whittle,2
question,2
origins,2
vanderlint,2
shown,2
woolf,2
plockhoy,2
reaction,2
proclamations,2
mutual,2
knights,2
frame,2
glaisyer,2
vernacular,2
latham,2
contributed,2
chamberlen,2
davies,2
tract,2
states,2
gentry,2
appleby,2
langford,2
enclosure,2
association,2
anonymous,2
profits,2
observation,2
barry,2
distinctions,2
themselves,2
mystery,2
cook,2
fears,2
abroad,2
persuaded,2
traditional,2
taylor,2
weatherill,2
famous,2
malcolm,2
workings,2
mistaken,2
nicholas,1
foretaste,1
yoked,1
final,1
difficult,1
bernard,1
distempers,1
ammunition,1
complaint,1
wishful,1
crier,1
allegedly,1
publique,1
rate,1
deference,1
struggle,1
transforming,1
foreshadowing,1
grumbling,1
castigated,1
appealed,1
declared,1
popula,1
ayres,1
broken,1
gymnastics,1
wir,1
cupidity,1
suc,1
tyranny,1
teleo,1
till,1
praised,1
dence,1
truth,1
levers,1
terrupted,1
tory,1
berkeley,1
lvii,1
college,1
arrive,1
worthy,1
burke,1
ancienttyre,1
noun,1
enclosing,1
stands,1
notably,1
sphere,1
banished,1
clung,1
reflection,1
methodology,1
american,1
larly,1
partially,1
achievements,1
mounted,1
pondered,1
approved,1
sucked,1
ample,1
nostalgia,1
disentangling,1
uncomfortable,1
chauvinism,1
ma,1
anno,1
formed,1
usefully,1
currency,1
drinks,1
misseiden,1
di,1
interrupting,1
devalue,1
conjectures,1
earthly,1
conscious,1
satisfied,1
contention,1
linens,1
doubts,1
hair,1
trace,1
earnest,1
lation,1
comparisons,1
western,1
resurgence,1
projectors,1
cranfield,1
originality,1
plentifully,1
encourage,1
occurred,1
stan,1
amply,1
malden,1
contented,1
garsington,1
thirtyyears,1
contested,1
beccles,1
eye,1
revision,1
source,1
stuarts,1
corresponding,1
amongst,1
palpable,1
impoverished,1
recog,1
prosperous,1
fires,1
arms,1
fluctuations,1
diaries,1
said,1
urgency,1
minted,1
reassure,1
defeated,1
else,1
decidedly,1
tilist,1
explaining,1
permit,1
beneficial,1
labourers,1
coalesced,1
sources,1
every,1
embraced,1
inexorable,1
heel,1
extraordinary,1
posed,1
coexist,1
medieval,1
implications,1
give,1
military,1
unconstrained,1
concentrated,1
rush,1
lamenting,1
attempt,1
terrain,1
expectation,1
kent,1
official,1
eats,1
editions,1
words,1
containing,1
purse,1
wealthily,1
leiden,1
clothed,1
twenty,1
depravity,1
rudest,1
examination,1
governed,1
rebuilt,1
desire,1
display,1
confusion,1
tackling,1
histories,1
accumulated,1
potentially,1
cattel,1
validated,1
producing,1
achievement,1
confront,1
excessive,1
inherent,1
moderns,1
link,1
closer,1
oppress,1
onto,1
concludes,1
senti,1
court,1
dented,1
canny,1
thomaswilson,1
take,1
tatler,1
help,1
inland,1
cyclical,1
plainly,1
harmondsworth,1
shillings,1
devised,1
glory,1
date,1
innes,1
soberly,1
greatly,1
blackwell,1
precisely,1
reworking,1
current,1
contrasting,1
wage,1
reading,1
item,1
hostility,1
stopped,1
livelihood,1
mercan,1
aristones,1
depends,1
side,1
lic,1
forthcoming,1
rolls,1
unmixed,1
autonomous,1
sought,1
pub,1
whitworth,1
hedonism,1
roger,1
identical,1
tivity,1
struggling,1
restoring,1
italian,1
felt,1
trac,1
oceana,1
recommended,1
possible,1
superfluity,1
logical,1
lifetime,1
delivering,1
upward,1
cooperation,1
sixteenth,1
picion,1
intractable,1
restraints,1
sumption,1
guy,1
conspired,1
holiness,1
cliche,1
vital,1
alone,1
doth,1
fine,1
descartes,1
west,1
taking,1
mental,1
martindale,1
say,1
heaping,1
rela,1
compa,1
rage,1
exchanges,1
grandiose,1
chart,1
reconstruction,1
unrestrained,1
mentally,1
totelian,1
economies,1
accustomed,1
nizing,1
cordant,1
engage,1
holland,1
craftsmen,1
internationally,1
acknowledgement,1
apologies,1
explanatory,1
beggars,1
sign,1
londoners,1
behavior,1
cursory,1
pursuing,1
godden,1
perplexed,1
exposed,1
expanded,1
luck,1
usage,1
endowments,1
egalitarianism,1
distribu,1
comparators,1
regarding,1
throughout,1
debauchery,1
disguised,1
disorder,1
accuracy,1
redeemed,1
losers,1
aspiration,1
eating,1
consumed,1
visualized,1
faced,1
constantly,1
due,1
improvers,1
permitted,1
embryonic,1
endure,1
xxiii,1
machine,1
consumables,1
enlarged,1
millennium,1
savages,1
popularly,1
basingstoke,1
characteristic,1
relatively,1
janet,1
madmen,1
futures,1
subdue,1
centrated,1
brother,1
mixed,1
distri,1
honest,1
condescension,1
walter,1
intel,1
prediction,1
insisted,1
relish,1
pay,1
rooted,1
assured,1
expected,1
arena,1
dis,1
propa,1
progressive,1
rank,1
arithmeticians,1
elements,1
developments,1
urbanization,1
maxims,1
contentation,1
footnotes,1
honourable,1
behaving,1
niques,1
inclinations,1
memorandum,1
profound,1
meliorated,1
pictured,1
response,1
beholding,1
justifiable,1
percep,1
infected,1
fate,1
lengland,1
wont,1
lix,1
continuous,1
third,1
clock,1
truly,1
estimate,1
pressures,1
find,1
reintegrating,1
drawn,1
spectre,1
innovators,1
seal,1
beat,1
unresolved,1
ingredient,1
prime,1
corrected,1
warlike,1
propositions,1
belongs,1
badges,1
consumerism,1
weal,1
coal,1
acknowledge,1
publicity,1
ton,1
essen,1
virtuous,1
chaplain,1
wales,1
purchasing,1
promised,1
suasion,1
immunities,1
rent,1
aim,1
divergence,1
suppressing,1
interesting,1
simultaneously,1
vegetable,1
retainers,1
reflects,1
monopolies,1
costs,1
circular,1
westport,1
atic,1
statements,1
subjected,1
observers,1
links,1
bring,1
aimed,1
main,1
arising,1
cushions,1
stances,1
interpretation,1
presupposed,1
econonic,1
iterations,1
organizing,1
monwealths,1
synonyms,1
levels,1
observer,1
revenues,1
subsistence,1
lasting,1
incidence,1
outports,1
profusion,1
reactions,1
outward,1
waned,1
bankruptcy,1
proportion,1
sectors,1
parasite,1
sarah,1
publisher,1
talk,1
leave,1
milton,1
ix,1
generating,1
beddard,1
tionship,1
nos,1
reconstitution,1
danger,1
inn,1
echoed,1
earl,1
summarized,1
discoveries,1
overstocked,1
extremes,1
necessaries,1
divided,1
presuppositions,1
addressing,1
originals,1
decadence,1
indispensable,1
soul,1
empires,1
tho,1
dering,1
circulated,1
old,1
female,1
wanted,1
praise,1
kaye,1
begets,1
tensions,1
consider,1
recoinage,1
broadside,1
splendours,1
les,1
revising,1
occupational,1
cri,1
established,1
eventually,1
seas,1
rated,1
intellectually,1
spreading,1
languages,1
peasants,1
emergence,1
idiosyncrasy,1
section,1
elsewhere,1
threatening,1
days,1
former,1
numbers,1
humphrey,1
magnificencie,1
lenge,1
restricted,1
instrument,1
upper,1
nowadays,1
tempting,1
four,1
unavoidable,1
sus,1
commonly,1
fashioned,1
commented,1
riots,1
impatience,1
piety,1
rationally,1
powerful,1
follow,1
defeat,1
civilize,1
followed,1
straitjacket,1
obstacles,1
prospering,1
unre,1
monarch,1
rice,1
mies,1
hereafter,1
rable,1
instance,1
amount,1
strained,1
lu,1
destructive,1
ruin,1
caesar,1
export,1
preference,1
ancient,1
drawing,1
footnote,1
advocated,1
appear,1
numerical,1
plaine,1
funda,1
conflicts,1
friends,1
moving,1
skewed,1
industri,1
profiting,1
applause,1
game,1
lead,1
rivals,1
ga,1
questioned,1
agenda,1
competitive,1
dribe,1
cloak,1
consisting,1
called,1
strove,1
attack,1
amsterdam,1
relating,1
allegorically,1
effort,1
seven,1
lived,1
bomb,1
happie,1
her,1
compartments,1
hough,1
corrup,1
misconstrued,1
repub,1
insisting,1
sight,1
scepticism,1
barbados,1
delight,1
initial,1
philosophical,1
poetry,1
fuel,1
finally,1
compromised,1
respects,1
linacre,1
big,1
feels,1
xlviii,1
midlands,1
ofwalwyn,1
criticizing,1
ann,1
buttressed,1
pointing,1
informed,1
shall,1
whichever,1
nobles,1
posited,1
nineteenth,1
silence,1
mate,1
spenser,1
fisher,1
sharpened,1
tools,1
sticks,1
persons,1
undermined,1
revive,1
pins,1
promise,1
applied,1
erations,1
grounds,1
chal,1
mischievous,1
tension,1
explored,1
required,1
zenith,1
hath,1
levant,1
necessities,1
possibility,1
silver,1
expensive,1
pointers,1
reacting,1
gained,1
periodical,1
keeping,1
having,1
degrees,1
relief,1
anglo,1
capabilities,1
gains,1
inferred,1
publish,1
preconditions,1
evading,1
industrial,1
autobi,1
rec,1
characteri,1
delicacies,1
unmasking,1
nine,1
women,1
mented,1
reader,1
brought,1
stake,1
favourable,1
restrain,1
hunger,1
secret,1
clearer,1
confined,1
related,1
perpetuity,1
curtains,1
multiplied,1
supreme,1
flourish,1
criticized,1
got,1
booming,1
collisions,1
proclama,1
ingly,1
continuation,1
realm,1
accord,1
citation,1
follies,1
hazardous,1
older,1
expansive,1
accomplishment,1
relevance,1
enforce,1
fruitful,1
falling,1
anxieties,1
statistics,1
details,1
et,1
mightily,1
horrified,1
forces,1
encrease,1
proliferation,1
fabric,1
contentious,1
reflect,1
squeezed,1
employed,1
splendour,1
achieving,1
inson,1
savings,1
won,1
cornwall,1
interpreted,1
includ,1
status,1
currents,1
blv,1
polity,1
moderated,1
mercantilist,1
declara,1
contradictions,1
gap,1
encounters,1
pollution,1
diagnosing,1
reputation,1
citing,1
analysed,1
bellman,1
staple,1
bywhigs,1
whilst,1
infallible,1
papered,1
correct,1
level,1
tight,1
love,1
responsibility,1
laborious,1
andwilliamwalwyn,1
debts,1
indicators,1
next,1
conjugall,1
cope,1
destiny,1
pinned,1
bengtsson,1
wrong,1
greatnes,1
squarely,1
desires,1
kingdome,1
claim,1
persuade,1
involved,1
divisive,1
agement,1
eco,1
characteristics,1
propelled,1
bridge,1
grow,1
unalloyed,1
governments,1
traffike,1
psychological,1
venice,1
dramatic,1
research,1
distinguished,1
latest,1
urgently,1
blessings,1
tended,1
forraign,1
stato,1
palatable,1
vein,1
managed,1
prichard,1
st,1
majority,1
education,1
degeneration,1
resistance,1
paid,1
dorn,1
peculiar,1
cycle,1
tenaciously,1
excise,1
crime,1
gross,1
commonweal,1
finds,1
academies,1
multiple,1
miserable,1
oftraffike,1
landlords,1
activities,1
dictated,1
promising,1
teleology,1
avoid,1
saxons,1
circum,1
advertised,1
replacing,1
south,1
achilles,1
presence,1
horizons,1
heretofore,1
furnished,1
sovereign,1
republic,1
warfare,1
middlemen,1
rome,1
protecting,1
bringing,1
cherish,1
endlessly,1
gabriel,1
hyperbole,1
scientific,1
employ,1
bred,1
covet,1
penetrating,1
short,1
fantastical,1
essex,1
limited,1
play,1
schemes,1
description,1
fruit,1
thickets,1
nearly,1
lies,1
arithmetical,1
meaner,1
acutely,1
surest,1
esq,1
april,1
reduce,1
prove,1
july,1
sect,1
thinkers,1
civility,1
indicates,1
interactions,1
comments,1
hobbesian,1
standing,1
achieve,1
turbulent,1
cracks,1
greed,1
sinful,1
distribute,1
settings,1
quaker,1
repr,1
spectacular,1
vie,1
single,1
powerfully,1
ragione,1
scarcity,1
meritorious,1
overview,1
simultaneous,1
demolished,1
probate,1
miscellany,1
sympathies,1
push,1
fit,1
salvation,1
east,1
officiions,1
repair,1
mobile,1
hedonic,1
paradoxes,1
chronology,1
index,1
perceived,1
tn,1
constant,1
falls,1
orders,1
symptom,1
light,1
erasmus,1
shifting,1
refine,1
thrice,1
baltimore,1
farm,1
cottages,1
al,1
aforementioned,1
silk,1
collective,1
ferent,1
dispute,1
quotations,1
boost,1
mich,1
bar,1
dalby,1
sector,1
picture,1
declining,1
useful,1
fill,1
generality,1
routes,1
street,1
party,1
needy,1
uncontested,1
attainable,1
houston,1
attacks,1
omission,1
intervention,1
oslo,1
admira,1
stronger,1
stated,1
apothecary,1
respectable,1
sumptuous,1
woollens,1
preferences,1
similarly,1
copy,1
ask,1
amour,1
tators,1
addition,1
analytical,1
signified,1
investigates,1
efforts,1
equating,1
husbandry,1
lighter,1
averages,1
cultivated,1
enlargement,1
shows,1
almighty,1
unparalleled,1
irving,1
consideration,1
contrasts,1
aldershot,1
stimulus,1
reputed,1
xii,1
rents,1
assess,1
indies,1
britons,1
xlv,1
advantage,1
copied,1
rivalled,1
gating,1
appeared,1
ought,1
mathematical,1
prided,1
disturbed,1
viii,1
inevitably,1
classical,1
downwards,1
fallen,1
justification,1
rochester,1
prejudicial,1
seize,1
substantially,1
golden,1
seldom,1
pairing,1
enlarge,1
aggregated,1
bility,1
angels,1
match,1
genealogy,1
ages,1
drinking,1
dominion,1
drove,1
adjacent,1
plate,1
ground,1
manner,1
ancients,1
secular,1
reforming,1
purposes,1
equitable,1
ensured,1
increas,1
aiming,1
theless,1
translation,1
nance,1
calif,1
council,1
reminders,1
lectual,1
paired,1
decade,1
superiors,1
diets,1
hive,1
remarked,1
belief,1
ordinary,1
style,1
harnessed,1
entrepreneurial,1
risks,1
remained,1
civilized,1
institutions,1
irish,1
tame,1
sions,1
mps,1
commercialized,1
victors,1
woolcomber,1
investment,1
vast,1
discussion,1
millenarian,1
coherent,1
disease,1
survive,1
birth,1
facility,1
completed,1
range,1
winners,1
outwards,1
limitations,1
sides,1
transformed,1
ridiculous,1
doi,1
enhanced,1
tive,1
depended,1
cessive,1
collided,1
judge,1
elite,1
sensibilities,1
soc,1
attributed,1
wonder,1
cohesion,1
empirical,1
thriving,1
lesser,1
hidden,1
combining,1
largely,1
brutish,1
equity,1
assume,1
incorpo,1
engaging,1
provi,1
submitted,1
propre,1
underestimates,1
questions,1
roman,1
goal,1
boosted,1
supposition,1
diagnosed,1
voice,1
prelude,1
field,1
lloyd,1
purposeful,1
spokesmen,1
marlborough,1
complicated,1
sciously,1
optimistic,1
students,1
netherlands,1
jollity,1
passim,1
exports,1
crises,1
shewing,1
provoked,1
tis,1
josiah,1
emphasizing,1
tories,1
communicated,1
restraint,1
obtaining,1
points,1
lady,1
workhouse,1
truest,1
serious,1
vested,1
divisions,1
sliding,1
characterized,1
incompletely,1
revised,1
geographically,1
period,1
reformers,1
satis,1
responses,1
remark,1
analysing,1
collaborator,1
miracle,1
obtained,1
worldly,1
sicknesses,1
fragility,1
interacted,1
primer,1
expressing,1
corrupt,1
essais,1
instruction,1
morals,1
imagination,1
spent,1
quick,1
helps,1
readers,1
probe,1
sentiment,1
include,1
somehow,1
conspicuously,1
andfreedome,1
promote,1
eyes,1
muta,1
allusion,1
ornaments,1
emphasized,1
topics,1
acquire,1
mr,1
banking,1
examine,1
epicurus,1
master,1
ousness,1
extravagance,1
expand,1
comfortably,1
augustinian,1
usa,1
looks,1
conscience,1
rhetorical,1
unqualified,1
geration,1
equivalent,1
conquest,1
looked,1
northern,1
worms,1
authorship,1
invented,1
saw,1
nomic,1
persuading,1
sugar,1
ago,1
cold,1
arbor,1
financiers,1
vain,1
smokers,1
product,1
separate,1
luxuriously,1
carried,1
profitable,1
industriously,1
depth,1
fifty,1
bon,1
sufficiency,1
depressed,1
verses,1
emulation,1
today,1
publishing,1
irregular,1
frugal,1
dards,1
window,1
richest,1
perspectives,1
lot,1
mixture,1
assert,1
troublesome,1
moyle,1
usually,1
amherst,1
inculcated,1
sardonically,1
practitioners,1
claimed,1
tech,1
insecure,1
ironically,1
exacerbated,1
anticipating,1
attitude,1
leslie,1
circu,1
defined,1
attacking,1
rob,1
insist,1
collections,1
exag,1
degeneracy,1
obstacle,1
render,1
fortescue,1
contribution,1
oecono,1
commen,1
remaining,1
anxious,1
indicate,1
length,1
consid,1
testifies,1
owed,1
beneficiaries,1
surprising,1
elderly,1
ographies,1
progr,1
centuries,1
citizens,1
tial,1
trasting,1
face,1
propelling,1
worlds,1
legitimately,1
investigate,1
earliest,1
legacies,1
populate,1
perspective,1
epicurean,1
fertility,1
distributive,1
grounded,1
produc,1
reciprocal,1
share,1
freedome,1
magnitude,1
weariness,1
usual,1
rarely,1
coat,1
associated,1
aris,1
lessons,1
underpinned,1
politic,1
worsened,1
vexation,1
naples,1
overriding,1
comes,1
lished,1
conclusion,1
greeks,1
mentioned,1
ofhobbes,1
peoples,1
founded,1
predictions,1
simply,1
instructed,1
struck,1
legiti,1
committees,1
elicited,1
terion,1
recognizable,1
totality,1
unin,1
physical,1
mackworth,1
md,1
potency,1
meat,1
jansenists,1
autobiographers,1
command,1
alternative,1
receipts,1
mirrors,1
propagandist,1
savagely,1
outcome,1
dispel,1
defining,1
exploded,1
secured,1
finance,1
trolled,1
novel,1
attribute,1
global,1
assumed,1
contained,1
temporary,1
setting,1
exploration,1
believe,1
collonies,1
best,1
print,1
manipulations,1
daily,1
entrenched,1
stressed,1
temper,1
classed,1
multiplicity,1
metamorphoses,1
gaiety,1
manchester,1
attractions,1
specify,1
equilibrium,1
fills,1
audience,1
ous,1
cxxii,1
lauded,1
ambivalent,1
bution,1
particu,1
vainly,1
proposed,1
passage,1
ethos,1
sermons,1
merely,1
destroyed,1
table,1
oeconomy,1
bewitching,1
posses,1
believed,1
insistent,1
ladies,1
indulged,1
ideologies,1
xxiv,1
trying,1
purchase,1
notable,1
discover,1
carefully,1
month,1
circles,1
unique,1
jacobite,1
rebellion,1
degenerate,1
particular,1
character,1
allowance,1
whig,1
metaphor,1
disso,1
statement,1
ripe,1
leaving,1
extent,1
tending,1
excises,1
weak,1
estating,1
prestige,1
complain,1
require,1
secure,1
aises,1
produce,1
imperial,1
wanton,1
amelioration,1
queries,1
size,1
panegyric,1
hindsight,1
bodies,1
advancing,1
varieties,1
naked,1
providential,1
aggregation,1
gluttons,1
unaided,1
marked,1
homilies,1
idleness,1
introduced,1
ial,1
revolutions,1
welcoming,1
livres,1
athens,1
antagonism,1
innocent,1
rampant,1
gerard,1
manifold,1
tried,1
preached,1
cash,1
went,1
acute,1
exceeded,1
entering,1
summarizes,1
clothing,1
pound,1
challenges,1
indians,1
mention,1
goals,1
think,1
discontented,1
digesting,1
tions,1
dominant,1
susceptible,1
characteristicks,1
afresh,1
until,1
accelerate,1
stagnant,1
julius,1
average,1
quest,1
lately,1
twentieth,1
epicureanism,1
write,1
inflated,1
motives,1
parallels,1
corrective,1
joined,1
consumers,1
socially,1
opinions,1
aristotelian,1
renders,1
immediacy,1
predestined,1
settling,1
raging,1
attempted,1
tobacco,1
endeavouring,1
measured,1
remains,1
burdens,1
campaign,1
postscript,1
ranged,1
roughly,1
restrained,1
affliction,1
offered,1
narrowly,1
supported,1
preferred,1
removed,1
macar,1
passages,1
ser,1
teenth,1
interrogated,1
headed,1
enjoy,1
commodity,1
chicago,1
standpoints,1
tranquillity,1
partial,1
norman,1
x,1
bounds,1
substantial,1
import,1
element,1
equipment,1
ruinously,1
participant,1
propertied,1
focus,1
immediately,1
uk,1
comparable,1
dif,1
cross,1
assists,1
successive,1
learned,1
termed,1
delayed,1
race,1
close,1
aisance,1
inventories,1
communitive,1
major,1
perception,1
fertilize,1
retrospect,1
harmful,1
gold,1
faction,1
