WORDCOUNTS,WEIGHT
the,879
of,465
and,336
in,274
to,240
gardens,234
a,228
cleveland,192
cultural,131
garden,123
s,120
as,114
for,111
that,90
by,78
on,78
from,73
city,70
see,58
with,57
american,56
was,55
an,50
history,45
collection,45
their,45
park,44
new,42
had,35
were,35
art,34
at,31
place,31
which,31
landscape,30
more,30
identity,30
be,30
public,29
it,28
they,27
national,27
its,26
but,26
folder,25
also,25
ccg,25
league,25
one,24
or,24
is,24
ethnic,23
would,23
not,23
shakespeare,23
container,23
into,22
rockefeller,22
war,21
this,21
america,20
july,20
many,20
world,19
example,18
than,17
nations,17
social,17
journal,16
may,16
ccgf,16
community,16
became,16
minutes,15
first,15
other,15
design,15
http,15
monuments,15
delegation,15
about,15
international,14
january,14
sculpture,14
are,14
have,14
weidenthal,13
most,13
he,13
communities,13
where,13
hungarian,13
historical,13
peace,13
between,13
political,12
immigrants,12
no,12
winter,12
lederer,12
black,12
when,12
over,12
our,12
years,12
october,12
groups,11
racial,11
september,11
york,11
his,11
how,11
university,11
population,11
april,11
all,11
mark,11
been,11
plan,11
figures,11
both,11
united,11
mayor,11
states,11
federation,10
state,10
march,10
such,10
cgl,10
during,10
department,10
john,10
architectural,10
who,10
leaders,10
urban,10
press,10
negro,10
later,9
edu,9
italian,9
even,9
chinese,9
parks,9
india,9
planning,9
part,9
people,9
will,9
only,9
efforts,9
time,9
slovak,9
local,9
bust,9
statues,9
so,9
monument,9
organization,9
through,9
although,9
yugoslav,9
race,9
www,8
there,8
diversity,8
unity,8
americans,8
white,8
drawing,8
could,8
out,8
census,8
memory,8
celebrations,8
cold,8
soil,8
june,8
correspondence,8
culture,8
two,8
credit,8
israel,8
august,8
nationality,8
statue,8
figure,8
commemoration,8
cities,8
washington,8
brook,8
broader,8
way,7
e,7
before,7
suburbs,7
memorial,7
shaped,7
i,7
untitled,7
plain,7
king,7
against,7
century,7
support,7
immigrant,7
hough,7
because,7
well,7
nation,7
change,7
busts,7
economic,7
museum,7
these,7
brotherhood,7
upon,7
including,7
after,7
become,7
vision,7
life,7
arts,7
interview,7
symbolic,7
each,7
just,7
them,7
african,7
d,7
physical,7
being,6
elm,6
sacred,6
those,6
ukrainian,6
some,6
letter,6
conflict,6
doan,6
david,6
earlier,6
connected,6
grew,6
proposed,6
article,6
view,6
however,6
silver,6
directly,6
patriotism,6
has,6
work,6
newspaper,6
president,6
serbian,6
oral,6
using,6
under,6
centenary,6
council,6
wood,6
degree,6
made,6
significance,6
especially,6
we,6
attention,6
began,6
case,6
commission,6
did,6
half,6
luther,6
build,6
planted,6
works,6
number,6
editor,6
create,6
much,6
among,6
building,6
built,6
vandalism,6
martin,6
memorials,5
western,5
zangwill,5
glenville,5
jackson,5
ii,5
liberty,5
wpa,5
take,5
robert,5
wolfram,5
within,5
drive,5
thus,5
bodnar,5
young,5
cuyahoga,5
library,5
whose,5
represented,5
slovenian,5
stokes,5
origins,5
ceremony,5
helped,5
effort,5
czech,5
politics,5
jewish,5
commemorations,5
tercentenary,5
purpose,5
literature,5
small,5
dedicated,5
society,5
led,5
power,5
materials,5
yet,5
baltimore,5
volume,5
heritage,5
projects,5
demographic,5
tradition,5
diverse,5
chain,5
perhaps,5
day,5
formal,5
real,5
dealer,5
essay,5
held,5
pride,5
like,5
plant,5
speir,5
can,5
percent,5
crypt,5
construction,5
founders,5
then,5
symbol,5
cultures,5
december,5
civic,5
eventually,5
living,5
what,5
quote,5
statement,5
dedication,5
atkinson,5
multiple,5
plans,5
offered,5
entire,5
common,4
if,4
meaning,4
group,4
center,4
stone,4
neighborhoods,4
h,4
ideals,4
boulevard,4
long,4
creation,4
roman,4
planting,4
beautiful,4
official,4
stolen,4
sculpted,4
flowers,4
leading,4
broadly,4
emphasized,4
report,4
vol,4
move,4
magazine,4
delegations,4
data,4
melting,4
funded,4
taipei,4
author,4
kirk,4
elements,4
abba,4
traditions,4
morgue,4
act,4
l,4
space,4
jirouch,4
numbers,4
remaking,4
commonly,4
founding,4
suggested,4
opening,4
path,4
editors,4
county,4
rebirth,4
lent,4
viewed,4
grounds,4
used,4
residents,4
received,4
overview,4
collective,4
project,4
creating,4
savage,4
poet,4
hebrew,4
boundaries,4
orthodox,4
up,4
commemorative,4
provided,4
pot,4
bogart,4
hillsides,4
revival,4
located,4
movement,4
same,4
noted,4
increasingly,4
regional,4
members,4
organizations,4
conceived,4
addition,4
artists,4
appeared,4
honor,4
adjacent,4
model,4
another,4
discussion,4
churches,4
significant,4
ceremonies,4
three,4
maintenance,4
gate,4
james,4
hillel,4
italy,4
lithuanian,4
immigration,4
attended,4
european,4
george,4
itself,4
aspirations,4
musil,4
articles,4
any,4
funding,4
special,4
aerial,4
identities,4
distinctive,4
born,4
according,4
trees,4
went,4
colonial,4
come,4
twentieth,4
charles,4
little,4
traditional,4
miller,3
democracy,3
does,3
struggle,3
fatio,3
anthony,3
stood,3
created,3
manuscript,3
likewise,3
complex,3
formed,3
true,3
decade,3
graffiti,3
character,3
organic,3
root,3
t,3
invention,3
petar,3
taken,3
migrant,3
central,3
worked,3
emerged,3
principles,3
continue,3
together,3
rabbi,3
government,3
councilman,3
designs,3
donated,3
east,3
sought,3
hall,3
opened,3
leo,3
cooperation,3
consciousness,3
west,3
cited,3
along,3
forged,3
todd,3
prejudice,3
harold,3
housing,3
andrew,3
iron,3
dying,3
development,3
moment,3
relations,3
co,3
comprised,3
radio,3
explore,3
look,3
njegosh,3
architects,3
william,3
general,3
influence,3
poorly,3
opposed,3
cisoroot,3
online,3
philadelphia,3
heroes,3
rather,3
developed,3
neighborhood,3
tree,3
lives,3
battlefields,3
changes,3
old,3
wanted,3
mumford,3
lister,3
section,3
n,3
record,3
articulated,3
argued,3
weidenthaps,3
too,3
zionist,3
clevelanders,3
beyond,3
m,3
vandals,3
vine,3
dc,3
expressed,3
my,3
came,3
abandoning,3
begun,3
called,3
legion,3
events,3
poetry,3
base,3
inventory,3
pogrebinsky,3
fountains,3
representatives,3
having,3
future,3
steep,3
claim,3
brought,3
reserve,3
esp,3
homeland,3
irish,3
year,3
surrounding,3
trends,3
quarterly,3
least,3
sense,3
whipple,3
around,3
family,3
reporter,3
several,3
depression,3
sculptures,3
seeds,3
generally,3
progress,3
newly,3
f,3
unification,3
wrote,3
nearly,3
veterans,3
prevailing,3
frank,3
once,3
reference,3
message,3
formally,3
j,3
revitalization,3
home,3
property,3
largest,3
visitors,3
love,3
slovaks,3
centerpiece,3
business,3
toward,3
again,3
patriotic,3
missing,3
communal,3
idea,3
children,3
incorporation,3
szekely,3
present,3
developing,3
spoke,3
metropolitan,3
remained,3
understanding,3
reveals,3
restrictions,3
judge,3
elite,3
zionism,3
help,3
express,3
summer,3
conversation,3
thomas,3
promote,3
sentiments,3
ulib,3
structure,3
seeking,3
morris,3
haven,3
greek,3
php,3
today,3
foreign,3
drexler,3
html,3
madeline,3
often,3
get,3
considered,3
pl,3
following,3
kapus,3
complexity,3
changing,3
theme,3
constructed,3
carl,3
alternative,3
country,3
february,3
deal,3
places,3
gardeners,3
id,3
chicago,3
form,3
particular,3
metaphor,3
foundations,3
emphasis,3
freedom,3
howard,3
reported,3
ohio,3
republic,3
images,3
renowned,3
finally,3
joined,3
land,3
define,3
green,3
lincoln,3
csuohio,3
defined,3
ech,3
association,3
respective,3
emptied,3
early,3
michney,3
here,3
recent,3
should,3
taiwan,3
kalish,3
kahn,2
archives,2
now,2
polish,2
estimated,2
europeans,2
already,2
nationalities,2
stands,2
church,2
judged,2
eroded,2
integrity,2
designed,2
renamed,2
unveil,2
english,2
ways,2
completely,2
additionally,2
modern,2
former,2
tied,2
description,2
occurred,2
total,2
moving,2
nineteenth,2
clara,2
nonetheless,2
princeton,2
lower,2
member,2
every,2
statuary,2
contrasted,2
secretary,2
stretch,2
hammack,2
england,2
nature,2
height,2
europe,2
accompanied,2
great,2
fortunes,2
incident,2
onto,2
composition,2
harvard,2
nationalism,2
kollar,2
ronald,2
search,2
slovakia,2
stand,2
embody,2
oversize,2
china,2
context,2
papers,2
issue,2
side,2
forum,2
key,2
money,2
oversight,2
olmsted,2
possible,2
ordinances,2
plantings,2
condition,2
shared,2
fine,2
invited,2
literal,2
ritual,2
copellia,2
celebrate,2
harmony,2
labor,2
regarding,2
cemeteries,2
visited,2
backdrop,2
large,2
highlighting,2
encyclopedia,2
given,2
slovenes,2
sculptor,2
progressive,2
remembering,2
honored,2
constitutions,2
evident,2
perspective,2
veto,2
back,2
pedestal,2
weight,2
parking,2
festivals,2
imperially,2
pronounced,2
dedicate,2
scholarly,2
rights,2
site,2
civilization,2
urged,2
hobsbawm,2
elevating,2
pledged,2
bring,2
growth,2
federal,2
main,2
across,2
centered,2
activists,2
district,2
remain,2
notion,2
lausche,2
mile,2
landscapes,2
importance,2
talk,2
leave,2
balanced,2
petrovich,2
contributions,2
rules,2
moreover,2
eighteen,2
serbs,2
monumental,2
tensions,2
established,2
physically,2
image,2
slowly,2
clearly,2
elsewhere,2
gradually,2
vitality,2
undated,2
four,2
powerful,2
follow,2
gandhi,2
ornament,2
cost,2
problems,2
hereafter,2
instance,2
shifted,2
index,2
mussolini,2
care,2
symbolized,2
providing,2
advocated,2
disappeared,2
artistic,2
greater,2
landscaped,2
harbor,2
yen,2
six,2
found,2
access,2
mahatma,2
lived,2
changed,2
crowd,2
representative,2
late,2
embedded,2
further,2
pointing,2
focused,2
czechoslovakia,2
symbols,2
excellent,2
placed,2
sites,2
tension,2
oh,2
expressions,2
briefly,2
undermined,2
gained,2
storage,2
distinctiveness,2
line,2
revealed,2
artifacts,2
formerly,2
industrial,2
ideal,2
ranger,2
london,2
elizabeth,2
expansive,2
records,2
participated,2
lingering,2
ivan,2
away,2
fought,2
beautification,2
relocated,2
approach,2
uniqueness,2
hungary,2
remake,2
estonia,2
legacy,2
njegos,2
working,2
idiom,2
buildings,2
catholic,2
croatian,2
involved,2
defaced,2
yugoslavia,2
wider,2
governments,2
disparate,2
research,2
redefinition,2
annual,2
st,2
taras,2
roots,2
despite,2
beauty,2
diminished,2
fedynsky,2
preliminary,2
activities,2
behalf,2
avoid,2
battle,2
san,2
november,2
authorization,2
various,2
inaugurated,2
indeed,2
transition,2
gift,2
still,2
above,2
make,2
currency,2
flag,2
sponsored,2
com,2
single,2
celebreeze,2
guide,2
sava,2
auspices,2
violence,2
meanwhile,2
wake,2
serve,2
mission,2
fifth,2
chaim,2
smith,2
riots,2
planned,2
infrastructure,2
complete,2
gov,2
broadcasts,2
speaking,2
goals,2
lewis,2
challenge,2
death,2
academy,2
put,2
added,2
blocks,2
proposal,2
gray,2
end,2
cisoptr,2
audiences,2
vail,2
forms,2
never,2
took,2
drove,2
fame,2
covered,2
renaissance,2
less,2
turnaround,2
bid,2
belief,2
reflected,2
finnish,2
birth,2
cambridge,2
currents,2
region,2
lake,2
collections,2
recover,2
louis,2
hartshorne,2
expression,2
use,2
pedestals,2
recovery,2
engaged,2
nothing,2
individuals,2
full,2
complicated,2
contribution,2
open,2
emphasizing,2
language,2
soldiers,2
gillis,2
fellow,2
him,2
archipenko,2
high,2
renewal,2
different,2
presidential,2
municipal,2
spent,2
lighting,2
migrants,2
shevchenko,2
sentiment,2
pearl,2
narrow,2
michele,2
hedges,2
attracted,2
connections,2
remarkable,2
quarter,2
embodied,2
decay,2
division,2
visit,2
scrapbook,2
garage,2
abundance,2
flower,2
alex,2
note,2
she,2
phillip,2
circulatory,2
sprout,2
parent,2
months,2
deteriorating,2
twain,2
lost,2
seen,2
festival,2
requests,2
kkk,2
emissary,2
executive,2
intend,2
britain,2
hope,2
surprising,2
dead,2
citizens,2
sympathy,2
obstacle,2
virgil,2
unveiled,2
addressed,2
sections,2
regularly,2
deposited,2
thinking,2
associated,2
celebrezze,2
elected,2
must,2
committees,2
delegates,2
organizational,2
drew,2
column,2
removed,2
bridge,2
metaphorically,2
seem,2
flowing,2
funnel,2
speech,2
foundation,2
harvest,2
vibrant,2
welds,2
very,2
embodiment,2
booker,2
rural,2
merely,2
better,2
overgrown,2
growing,2
beginning,2
activism,2
lens,2
polka,2
whether,2
nationalist,2
plants,2
attitudes,2
ukrainians,2
leaving,2
dream,2
thousands,2
divide,2
influenced,2
emblematic,2
apartment,2
agreed,2
virginia,2
popular,2
spaces,2
org,2
entrance,2
unveiling,2
whiteness,2
yearly,2
memorializing,2
administration,2
oil,2
challenges,2
jugoslav,2
jan,2
question,2
promoted,2
enthusiasm,2
background,2
difference,2
cedars,2
samuel,2
vernacular,2
documentation,2
course,2
relics,2
unified,2
ukraine,2
photograph,2
area,2
pluralistic,2
francisco,2
increased,2
campaign,2
lena,2
morning,2
elites,2
charged,2
negotiate,2
era,2
develop,2
focus,2
immediately,2
cross,2
doing,2
constitution,2
tourists,1
resolve,1
carved,1
difficult,1
laura,1
hit,1
donations,1
ending,1
latvians,1
jury,1
czechs,1
appropriation,1
done,1
devotee,1
page,1
alumni,1
clippings,1
liminal,1
conflicting,1
aberbach,1
ernest,1
flourished,1
concerned,1
commemorated,1
pittsburgh,1
tilting,1
commitment,1
negor,1
migrated,1
weeding,1
career,1
affected,1
victor,1
shrines,1
nationwide,1
congressman,1
college,1
heights,1
struggled,1
trans,1
resisting,1
sculpting,1
staggering,1
teich,1
introduction,1
starts,1
distributed,1
pools,1
sympathetic,1
forcing,1
patio,1
told,1
becoming,1
prohibitions,1
inception,1
burton,1
mounted,1
perpetuate,1
approved,1
breakup,1
star,1
jews,1
mobility,1
tifereth,1
entries,1
bialik,1
songs,1
hawthorne,1
schools,1
authority,1
services,1
formalism,1
magyarization,1
nps,1
strictly,1
patriarch,1
burnham,1
jonathan,1
favor,1
boulder,1
install,1
armenians,1
position,1
committee,1
resurgence,1
travertine,1
title,1
ckprofile,1
ambitious,1
voinovich,1
cornell,1
jos,1
accomplishments,1
hungarians,1
something,1
loosened,1
eye,1
lib,1
source,1
controlled,1
rome,1
themes,1
kml,1
northward,1
arms,1
predominantly,1
campanella,1
peaked,1
uprising,1
incomplete,1
island,1
fabric,1
anything,1
vibrancy,1
permanence,1
sources,1
barriers,1
embraced,1
americanism,1
testimonial,1
norbert,1
fertile,1
distanced,1
flavor,1
melissa,1
shrine,1
handle,1
confucius,1
fundraising,1
blackmar,1
give,1
adopt,1
restoration,1
military,1
naacp,1
address,1
dixon,1
attempt,1
dated,1
generated,1
jsp,1
promoting,1
monte,1
advanced,1
seems,1
million,1
bloomington,1
hatred,1
layout,1
reach,1
inaugural,1
manliness,1
blown,1
sobering,1
own,1
desire,1
tural,1
wgar,1
wade,1
wave,1
origin,1
narrative,1
confront,1
inequity,1
able,1
archive,1
link,1
reveal,1
designated,1
litt,1
deployed,1
religion,1
connection,1
schuyler,1
survey,1
lade,1
debt,1
juniper,1
damage,1
integrate,1
roosevelt,1
last,1
browser,1
erich,1
miles,1
replicated,1
precisely,1
marine,1
concepts,1
gifts,1
contrasting,1
federated,1
alike,1
reading,1
gibson,1
signs,1
educate,1
theodore,1
deteriorated,1
intersection,1
citizenship,1
proposals,1
depends,1
system,1
akin,1
nowhere,1
memorialized,1
yassanye,1
partners,1
empty,1
globe,1
milwaukee,1
lennon,1
alfred,1
botanical,1
promulgated,1
roy,1
eastern,1
merits,1
walks,1
task,1
matthew,1
primary,1
dreamers,1
mass,1
facts,1
muddled,1
retain,1
stepped,1
wept,1
account,1
uneven,1
restoring,1
prior,1
marc,1
determined,1
marked,1
watched,1
suburban,1
activity,1
vandal,1
tracing,1
soils,1
establishing,1
election,1
erased,1
legibility,1
mutual,1
alter,1
commonality,1
pruning,1
richard,1
births,1
naturalist,1
vital,1
herzl,1
terence,1
transcend,1
whatever,1
point,1
since,1
x,1
eliminating,1
nara,1
sent,1
advocating,1
dynamic,1
columnist,1
negotiation,1
himself,1
askew,1
financed,1
tantalizing,1
craftsmen,1
internationally,1
separating,1
attract,1
interestingly,1
framework,1
hygiene,1
segregation,1
stains,1
human,1
descendents,1
shamrocks,1
beaux,1
plaques,1
review,1
cessation,1
experiences,1
proceeded,1
spinoza,1
incomprehensible,1
campbell,1
lakes,1
quality,1
intractable,1
run,1
countless,1
calculated,1
whitey,1
throes,1
baruch,1
suffusing,1
creators,1
mihal,1
comparing,1
rooting,1
terraces,1
agent,1
corner,1
millennium,1
interest,1
savages,1
forgotten,1
civilizing,1
characteristic,1
relatively,1
ability,1
bridging,1
allure,1
tremont,1
consumer,1
veneer,1
heightened,1
participating,1
jr,1
witt,1
restore,1
barlow,1
davic,1
employing,1
janet,1
reshape,1
intermingling,1
theaters,1
abrupt,1
sages,1
frustrations,1
poh,1
forced,1
financing,1
nazis,1
dis,1
thing,1
distinct,1
nor,1
bloomed,1
ct,1
curiously,1
kyle,1
stored,1
slovenians,1
zwick,1
burgeoning,1
zweig,1
depend,1
freed,1
memorandum,1
architect,1
ha,1
ithaca,1
marous,1
panorama,1
channels,1
homelands,1
served,1
left,1
twice,1
ess,1
marlowe,1
alliances,1
find,1
incompletely,1
sanguine,1
ira,1
tebeau,1
details,1
sister,1
leadership,1
jones,1
cooperative,1
generation,1
enrich,1
ok,1
handful,1
compromise,1
romania,1
promenade,1
walls,1
poverty,1
rogers,1
revitalize,1
industries,1
ethnically,1
drained,1
freedoms,1
steps,1
poor,1
via,1
geneva,1
adequate,1
reflects,1
observers,1
linenthal,1
generations,1
fusion,1
stop,1
edward,1
crafted,1
excerpts,1
possession,1
organizing,1
basic,1
influential,1
borrowing,1
biggest,1
process,1
holistic,1
mean,1
shrub,1
didactic,1
approaches,1
parents,1
explicitly,1
waggon,1
bequest,1
embarking,1
upward,1
phrases,1
granted,1
pointedly,1
turn,1
publisher,1
certain,1
entrances,1
dancers,1
pressured,1
variant,1
lavender,1
parts,1
plots,1
shannon,1
study,1
produced,1
habicht,1
commemorating,1
offering,1
kovachy,1
roth,1
intensity,1
front,1
bach,1
lutheran,1
addressing,1
kneeling,1
holds,1
soul,1
involvement,1
send,1
accomplishing,1
maintaining,1
inauguration,1
pared,1
soon,1
marks,1
consider,1
sycamore,1
entry,1
river,1
statistical,1
recriminations,1
descent,1
literary,1
triangulated,1
emergence,1
aura,1
lowell,1
energy,1
cutler,1
proved,1
director,1
withers,1
lampe,1
lax,1
spirit,1
crated,1
impact,1
mary,1
quoted,1
jersey,1
house,1
slate,1
ipac,1
desecrated,1
prevent,1
presumed,1
age,1
multicultural,1
show,1
tuskegee,1
jacobson,1
democratic,1
bridges,1
max,1
additional,1
artemus,1
senn,1
surface,1
passed,1
requested,1
tourism,1
civilize,1
jake,1
followed,1
represent,1
always,1
victorian,1
saving,1
media,1
hate,1
believed,1
vehicles,1
important,1
trained,1
jcu,1
appear,1
exits,1
trying,1
conflicts,1
bubna,1
iconography,1
boisterous,1
hours,1
stonework,1
uses,1
slavian,1
theft,1
lock,1
based,1
lead,1
whom,1
walk,1
location,1
allow,1
declined,1
unidentified,1
societies,1
encoding,1
plot,1
hurdles,1
strength,1
critically,1
typical,1
frye,1
livingston,1
carol,1
centers,1
conspicuous,1
patrick,1
slogans,1
dabakis,1
scotland,1
demands,1
fracas,1
radical,1
suhr,1
noting,1
bombing,1
emerge,1
syrian,1
strident,1
initial,1
emotionally,1
quinault,1
featured,1
fuel,1
inter,1
unthinkable,1
big,1
academic,1
traversed,1
handbook,1
abandon,1
cubist,1
though,1
displayed,1
sentimental,1
reviews,1
leonard,1
fisher,1
singing,1
toured,1
appears,1
ethel,1
youths,1
moore,1
iconographical,1
torn,1
pins,1
bzdak,1
camden,1
purchased,1
resedu,1
scale,1
phoebe,1
appearing,1
contiguous,1
vivid,1
frantisek,1
wachtel,1
birthday,1
jessica,1
required,1
granite,1
embed,1
negotiated,1
feuded,1
stats,1
si,1
symbolically,1
franko,1
possibility,1
wants,1
information,1
watershed,1
aging,1
none,1
autocracy,1
lebanon,1
invisible,1
julia,1
salon,1
lithuania,1
figurative,1
accomplishment,1
counterweight,1
amos,1
douglas,1
scope,1
pr,1
statehood,1
tour,1
start,1
protesters,1
locus,1
smoldering,1
r,1
hails,1
concept,1
rally,1
advancement,1
vetoed,1
explains,1
civil,1
unfinished,1
calls,1
transcended,1
related,1
inorganic,1
undivided,1
anew,1
curing,1
recommends,1
tune,1
newest,1
envoys,1
reminded,1
texture,1
surrounds,1
bloom,1
trimming,1
outpouring,1
fit,1
older,1
raider,1
broad,1
icon,1
subtly,1
oak,1
tarpaulin,1
officers,1
moments,1
underscored,1
schoolchildren,1
crane,1
statistics,1
petrash,1
rituals,1
et,1
music,1
horrified,1
bishop,1
weekly,1
reflect,1
rise,1
sensibility,1
endorsed,1
showing,1
manage,1
shakespearean,1
interpreted,1
week,1
viennese,1
miss,1
ethnicity,1
assembly,1
rainy,1
grassroots,1
escalated,1
transmit,1
graduate,1
healing,1
regions,1
circumventing,1
good,1
unprocessed,1
physician,1
parkways,1
jon,1
carriage,1
regardless,1
constituent,1
supremacists,1
plummet,1
stage,1
tested,1
foundry,1
coupled,1
gooch,1
terrence,1
fallow,1
ward,1
settlement,1
prosecuted,1
emerging,1
amidst,1
inextricably,1
affluent,1
blossomed,1
few,1
masaryck,1
concerns,1
serb,1
revealing,1
mini,1
introspective,1
acts,1
presence,1
rates,1
dramatic,1
massachusetts,1
met,1
distinguished,1
codes,1
limbo,1
tended,1
budgets,1
core,1
vein,1
fully,1
visible,1
beacon,1
renewed,1
dim,1
citations,1
stir,1
galen,1
cowslips,1
imperiled,1
moved,1
actress,1
roediger,1
holding,1
prescribed,1
collectivity,1
defended,1
symbolism,1
educator,1
film,1
likely,1
underground,1
situation,1
arrangement,1
antioch,1
nicholson,1
creed,1
onset,1
advocate,1
matter,1
attempts,1
variety,1
architecture,1
balkin,1
sarna,1
action,1
giving,1
drama,1
play,1
might,1
intended,1
return,1
inclusive,1
anniversary,1
relentlessly,1
wetland,1
mediating,1
exception,1
assurance,1
sitting,1
elusive,1
authorizing,1
says,1
expanded,1
interactions,1
woods,1
standing,1
boy,1
percival,1
initially,1
wind,1
roses,1
masons,1
folklorist,1
artist,1
shipped,1
simultaneously,1
seemingly,1
abuts,1
religious,1
direction,1
positive,1
southeast,1
biological,1
confronting,1
basanavicius,1
depicted,1
sloped,1
security,1
greenhouse,1
wisteria,1
read,1
devotion,1
dreams,1
happened,1
me,1
alongside,1
strange,1
financial,1
springtime,1
continuity,1
repair,1
shaker,1
associates,1
combat,1
times,1
us,1
marred,1
reconciliation,1
mazzolini,1
jay,1
included,1
light,1
rosenzweig,1
tebben,1
knocked,1
sharply,1
cajoling,1
colored,1
hay,1
accelerated,1
macbeth,1
balch,1
broached,1
ornamental,1
playwright,1
steve,1
lengthy,1
negroes,1
boost,1
stones,1
avoided,1
subsidize,1
sketch,1
memento,1
lee,1
disappearing,1
resolution,1
birnam,1
leader,1
name,1
museums,1
mazower,1
jfl,1
discussions,1
azerbaijan,1
benches,1
law,1
omission,1
technique,1
andyfedynskyinterview,1
frederick,1
journey,1
neglect,1
kenneth,1
stating,1
pan,1
locating,1
copy,1
wiedenthal,1
notables,1
headquarters,1
herbert,1
fact,1
nationhood,1
longer,1
diminishing,1
shade,1
designing,1
scholars,1
pressure,1
minnesota,1
wortsman,1
weeds,1
lunettes,1
enact,1
reform,1
demonstrations,1
choice,1
teachers,1
scar,1
educated,1
germans,1
daily,1
larger,1
francaise,1
preferring,1
forging,1
grows,1
debates,1
debated,1
pean,1
resolved,1
puerta,1
fashion,1
yew,1
man,1
mischaracterize,1
uprisings,1
minister,1
drueher,1
conclusions,1
outside,1
heart,1
do,1
paris,1
geography,1
jonas,1
manner,1
deceptive,1
novelist,1
celebrated,1
michael,1
magnate,1
answer,1
strategies,1
forth,1
blind,1
material,1
reshaped,1
maturity,1
below,1
native,1
downtown,1
books,1
palacky,1
cul,1
distance,1
grave,1
streets,1
nobody,1
al,1
turf,1
fight,1
entity,1
interpreting,1
dormant,1
territoriality,1
olmstead,1
original,1
demonstrated,1
behnke,1
recognizing,1
singers,1
classes,1
exploring,1
ingress,1
investment,1
mythic,1
extended,1
admits,1
strossmayer,1
vivian,1
uri,1
reed,1
minimizing,1
examples,1
critic,1
completed,1
unquestionably,1
values,1
uplift,1
contours,1
locate,1
slaves,1
inscription,1
thirds,1
writings,1
rosenheim,1
desperate,1
siartinventories,1
misgivings,1
inexorably,1
detailed,1
trimmed,1
litter,1
copies,1
interrelation,1
concern,1
finland,1
holocaust,1
thriving,1
entirely,1
hosted,1
tripp,1
environmentalists,1
sesquicentennial,1
largely,1
unfair,1
additions,1
robinson,1
equity,1
shopping,1
cranz,1
reacquire,1
dances,1
ideas,1
descended,1
tripled,1
energized,1
questions,1
exhibited,1
engineers,1
merit,1
cathedral,1
chosen,1
office,1
congregation,1
dismissed,1
varga,1
attraction,1
flowered,1
rejected,1
ties,1
futile,1
meanings,1
clear,1
earth,1
margaret,1
serbians,1
historic,1
remaining,1
directed,1
grappa,1
adding,1
b,1
welcomed,1
judaism,1
op,1
perpendicular,1
points,1
feature,1
peter,1
evils,1
workers,1
xenophobia,1
malls,1
keep,1
allowed,1
typescript,1
ellis,1
collaboration,1
period,1
direct,1
inventing,1
foundered,1
function,1
features,1
housed,1
barrymore,1
traveled,1
ended,1
paths,1
homogenized,1
shortly,1
primer,1
lose,1
ljml,1
disintegration,1
repeated,1
loveland,1
facing,1
written,1
reconsider,1
guilt,1
elaborate,1
priest,1
typically,1
parade,1
newspapers,1
walt,1
awakening,1
bordered,1
guillaume,1
craft,1
businesses,1
references,1
masaryk,1
exactly,1
supported,1
histcensus,1
nationally,1
henry,1
artisans,1
recommending,1
looks,1
rhetorical,1
superseding,1
differ,1
dominance,1
looked,1
securing,1
editorialized,1
ground,1
save,1
invented,1
expresses,1
saw,1
destruction,1
visualizing,1
balkans,1
governor,1
peterson,1
verona,1
nativist,1
offspring,1
justice,1
motif,1
emily,1
hunt,1
roelif,1
separate,1
draw,1
dogs,1
depth,1
ssf,1
asking,1
topography,1
dedications,1
kolson,1
going,1
circle,1
visits,1
norkunas,1
prevalence,1
transformations,1
education,1
bureau,1
independent,1
continued,1
tilden,1
sometimes,1
usually,1
battled,1
flourish,1
guests,1
ideology,1
maps,1
sunny,1
bound,1
sings,1
ironically,1
meredith,1
exacerbated,1
celebration,1
colleagues,1
deaths,1
insufficient,1
leslie,1
ordinary,1
empire,1
institutions,1
safekeeping,1
reviving,1
watching,1
chubb,1
posthumous,1
transformed,1
strongly,1
yale,1
force,1
embodying,1
enescu,1
joachim,1
oddly,1
transformation,1
anxiety,1
rapidly,1
administering,1
flashpoint,1
linking,1
settled,1
slovenia,1
wheeler,1
scholarship,1
composed,1
erie,1
subdivided,1
dais,1
types,1
exists,1
sandstone,1
cleve,1
face,1
problematic,1
interpretive,1
pressures,1
meant,1
kreinberg,1
poets,1
digital,1
claims,1
goldberg,1
dissertation,1
acquired,1
assistant,1
contemplated,1
neglected,1
wars,1
rolling,1
heavy,1
fifteen,1
blocked,1
historian,1
singular,1
summary,1
ornate,1
comes,1
series,1
satirist,1
tulips,1
mentioned,1
volosin,1
conjunction,1
exhibitions,1
founded,1
contradiction,1
demonstrate,1
simply,1
extensive,1
steel,1
geographic,1
ever,1
celtic,1
invoked,1
htm,1
continues,1
pace,1
kay,1
frieze,1
masses,1
quotes,1
ralph,1
membership,1
cracked,1
blistering,1
temple,1
discontinue,1
dormancy,1
set,1
cover,1
forty,1
resonance,1
quickly,1
culturalgardens,1
raged,1
defining,1
berkeley,1
dimension,1
flow,1
familiar,1
masonry,1
weizman,1
cemetery,1
proponents,1
paper,1
tomb,1
multiculturalism,1
expenditures,1
organized,1
lying,1
folk,1
global,1
dunbar,1
embodiments,1
setting,1
spoil,1
board,1
albeit,1
illnesses,1
celebratory,1
alexander,1
down,1
prominence,1
cassell,1
ph,1
surprised,1
embankments,1
intersected,1
intermingled,1
eugenics,1
exceptional,1
maud,1
ideological,1
newman,1
relocate,1
contradictory,1
ca,1
privileged,1
asserting,1
raphael,1
audience,1
encouraging,1
associations,1
tracts,1
invite,1
past,1
jennie,1
procedural,1
pushing,1
turned,1
hint,1
protege,1
stature,1
cosmopolitanism,1
grabowski,1
ideologies,1
unmoored,1
divisiveness,1
killed,1
delineated,1
champagne,1
ruins,1
economy,1
completion,1
notable,1
expressiveness,1
transmitted,1
poses,1
spatial,1
terms,1
selected,1
personification,1
abraham,1
cause,1
independently,1
maples,1
nearby,1
supremacist,1
sloping,1
delegate,1
map,1
classic,1
sociologist,1
theory,1
unrest,1
problem,1
likes,1
inscriptions,1
tending,1
ukrainel,1
christians,1
occasions,1
while,1
clevelandstyle,1
vehicle,1
explored,1
voice,1
proposing,1
almost,1
profile,1
suggests,1
presides,1
w,1
hundreds,1
lends,1
contain,1
sentry,1
cult,1
martha,1
radically,1
remember,1
demarcated,1
presented,1
gatherings,1
mikulas,1
code,1
grants,1
ancestral,1
estimates,1
altogether,1
ashburton,1
prospect,1
cankar,1
charge,1
ignored,1
die,1
juliet,1
impose,1
rec,1
returning,1
step,1
ellacombe,1
commissioned,1
gang,1
adapted,1
measure,1
impulses,1
substance,1
penny,1
indebted,1
accentuate,1
families,1
phoenix,1
isolated,1
representation,1
erupted,1
writing,1
gain,1
aspect,1
discontented,1
sale,1
amenities,1
nov,1
tomas,1
named,1
eric,1
false,1
layers,1
forgetting,1
until,1
racism,1
north,1
euro,1
architecturally,1
generate,1
julius,1
referenced,1
disappear,1
petersen,1
hero,1
donald,1
quotas,1
illinois,1
steam,1
institutional,1
internally,1
culverts,1
recovering,1
mode,1
crisis,1
hawthorn,1
hunghemu,1
shrunk,1
sat,1
corrective,1
contributed,1
approximately,1
instead,1
americas,1
include,1
salt,1
need,1
meeting,1
integration,1
ruminated,1
seeks,1
off,1
philosophy,1
terribly,1
posterity,1
salience,1
battleground,1
measured,1
imprinting,1
remains,1
folly,1
traveling,1
am,1
flora,1
observation,1
veverka,1
safeguard,1
ambitiously,1
geospatial,1
removing,1
drying,1
endnotes,1
lily,1
ascendancy,1
showcase,1
inasmuch,1
reached,1
sits,1
agrees,1
lilac,1
views,1
import,1
element,1
adopted,1
abandoned,1
duration,1
comer,1
mature,1
prison,1
famous,1
tired,1
eugenicist,1
degrade,1
southeastern,1
swastikas,1
staffing,1
malcolm,1
showed,1
customs,1
major,1
increase,1
werner,1
