WORDCOUNTS,WEIGHT
the,914
of,754
in,438
and,432
measles,293
a,242
to,198
that,126
was,96
for,93
is,89
from,89
infection,73
by,69
an,67
history,66
were,66
as,65
at,61
one,61
which,61
epidemic,59
mortality,59
no,57
osaka,57
with,57
disease,55
this,53
pp,52
japan,52
population,49
tokyo,47
mashin,47
age,47
had,47
prefectures,45
it,44
economie,42
on,42
epidemiological,40
s,40
other,40
society,40
epidemics,38
its,38
family,38
school,38
between,38
cities,37
years,37
have,37
rural,36
large,35
those,35
data,34
k,34
city,34
number,33
or,32
not,32
such,31
children,31
are,30
review,29
two,29
be,29
modern,28
prefecture,28
journal,27
during,27
their,26
has,26
three,26
figure,26
urban,26
regions,25
size,25
diseases,24
more,24
deaths,24
cases,23
been,23
ni,23
while,23
early,23
when,22
infectious,22
duncan,22
into,21
j,21
outbreak,21
primary,20
health,20
endemic,20
see,20
period,20
susceptible,20
some,19
thus,19
historical,19
than,19
economic,19
also,19
case,19
there,18
within,18
century,18
community,18
major,18
diffusion,17
can,17
who,17
likely,16
index,16
ry,16
different,16
susceptibles,16
per,15
village,15
threshold,15
factors,15
akihito,15
r,15
peak,15
bartlett,15
about,15
only,15
suzuki,15
integration,15
rate,14
wave,14
japanese,14
okeru,14
decline,14
but,14
these,14
epidemiology,14
ekigakuteki,14
summer,14
structure,14
epidemiologists,14
smaller,14
schools,13
h,13
studies,13
survey,13
historians,13
endemicity,13
around,13
scott,13
regional,13
patterns,13
where,13
did,13
nihon,13
they,12
all,12
england,12
rhythm,12
study,12
m,12
infected,12
however,12
people,12
geographical,12
exposure,12
many,12
time,12
zasshi,12
pattern,12
another,12
article,12
holiday,12
fertility,12
among,12
area,12
kagawa,11
human,11
outbreaks,11
young,11
impact,11
mcneill,11
p,11
out,11
late,11
virus,11
london,11
periodicity,11
critical,11
death,11
after,11
spatial,11
much,11
being,10
every,10
i,10
mechanism,10
communities,10
black,10
transmission,10
because,10
part,10
place,10
t,10
social,10
small,10
towns,10
shows,10
new,10
end,10
centre,10
less,10
infectives,10
table,10
monthly,10
both,10
through,10
became,10
twentieth,10
cent,9
aaby,9
american,9
nineteenth,9
nenp,9
relatively,9
growth,9
metropolis,9
most,9
show,9
year,9
surrounding,9
still,9
under,9
areas,9
started,9
analysis,9
born,9
them,9
seasonal,9
okinawa,9
until,9
although,9
integrated,9
societal,8
ekigaku,8
central,8
similar,8
b,8
statistical,8
established,8
medicine,8
found,8
well,8
haggett,8
single,8
biological,8
seasonality,8
sh,8
status,8
individuals,8
so,8
high,8
past,8
c,8
reached,8
settlements,7
chi,7
first,7
words,7
surveys,7
since,7
conducted,7
kobe,7
y,7
without,7
earlier,7
connected,7
hyogo,7
intensive,7
n,7
four,7
experienced,7
important,7
districts,7
concept,7
example,7
kenky,7
change,7
edo,7
world,7
cycle,7
f,7
jannetta,7
surveyed,7
infective,7
already,7
chance,7
took,7
birth,7
upon,7
region,7
features,7
countries,7
often,7
any,7
kansatsu,7
each,7
country,7
very,7
person,7
teikoku,7
using,7
contributed,7
evidence,7
observed,7
showed,7
does,6
hub,6
child,6
later,6
use,6
peaks,6
policy,6
before,6
source,6
lower,6
sources,6
system,6
possible,6
exposed,6
l,6
unit,6
cliff,6
w,6
beyond,6
density,6
schoolchildren,6
contrast,6
long,6
reported,6
annual,6
populations,6
april,6
smallpox,6
necessary,6
remained,6
local,6
kyoto,6
weeks,6
eiseikyoku,6
crucial,6
urbanization,6
centuries,6
itself,6
set,6
kanagawa,6
eisei,6
sizes,6
overcrowding,6
namely,6
families,6
cambridge,6
decrease,6
typically,6
d,6
regular,6
peripheries,6
indices,6
rest,6
siin,6
should,6
imported,5
nationwide,5
e,5
likewise,5
prefectural,5
certainly,5
taken,5
reveal,5
emphasized,5
context,5
hirsch,5
biom,5
medical,5
hygiene,5
million,5
severe,5
due,5
september,5
six,5
fever,5
risk,5
eiset,5
came,5
based,5
included,5
could,5
effect,5
fatality,5
brought,5
statistics,5
winter,5
trie,5
scarlet,5
research,5
up,5
various,5
oxford,5
reports,5
published,5
provide,5
members,5
pointed,5
consideration,5
larger,5
contemporary,5
model,5
nutrition,5
explanation,5
increase,5
morbidity,5
host,5
exhibited,5
discussed,5
august,5
fukushima,5
become,5
respectively,5
education,5
ministry,5
regularly,5
then,5
temporal,5
patients,5
over,5
almost,5
suggests,5
role,5
phenomenon,5
waves,5
observation,5
now,4
if,4
unlike,4
interrupted,4
riron,4
kansuru,4
progressed,4
attempts,4
chaos,4
might,4
rapid,4
great,4
simple,4
nenrei,4
synchronization,4
hoken,4
roy,4
iv,4
demography,4
march,4
low,4
obvious,4
far,4
establishment,4
diffused,4
kankei,4
royal,4
dynamics,4
tono,4
distinct,4
old,4
general,4
influence,4
may,4
higher,4
town,4
whose,4
main,4
cohort,4
remote,4
distant,4
yob,4
numbers,4
observations,4
shippei,4
metropolises,4
societies,4
seven,4
rikanritsu,4
percentages,4
wales,4
dairen,4
younger,4
residents,4
tool,4
island,4
mathematical,4
declining,4
le,4
highly,4
villages,4
inte,4
he,4
unification,4
above,4
calculated,4
percentage,4
represents,4
same,4
baltimore,4
aomori,4
kenkyu,4
available,4
longer,4
takahashi,4
appeared,4
substantially,4
v,4
chain,4
sumiya,4
gakud,4
aggregation,4
made,4
eighteenth,4
conditions,4
theoretical,4
sustain,4
ladurie,4
times,4
played,4
provides,4
attention,4
wilson,4
months,4
biology,4
yomiuri,4
mainly,4
nutritional,4
paper,4
report,4
clearly,4
shimane,4
idem,4
terms,4
influenced,4
must,4
shi,4
exceeded,4
isolated,4
jan,4
layers,4
shown,4
argument,4
reveals,4
landers,4
shikine,4
viral,4
wakabayashi,4
igaku,4
joshi,4
nara,4
hypothesis,4
frequent,3
o,3
common,3
tion,3
created,3
affected,3
becoming,3
complex,3
closure,3
tures,3
former,3
eastward,3
contact,3
fabric,3
creation,3
seems,3
europe,3
leading,3
hedrich,3
able,3
providence,3
ogawa,3
take,3
subsequent,3
last,3
kindergarten,3
state,3
globe,3
copenhagen,3
account,3
point,3
yokohama,3
considerably,3
throughout,3
development,3
honda,3
feb,3
progressive,3
estimates,3
profound,3
speed,3
oikawa,3
acted,3
ment,3
failed,3
civilization,3
hoi,3
chiba,3
his,3
traffic,3
developed,3
kei,3
toukeiteki,3
mean,3
importance,3
parts,3
means,3
gakk,3
flexibility,3
just,3
antibodies,3
powerful,3
tsuite,3
concentration,3
lived,3
international,3
further,3
interruption,3
wide,3
malnutrition,3
related,3
nation,3
caught,3
used,3
densely,3
seasonally,3
et,3
employed,3
showing,3
wheat,3
suwa,3
analysed,3
stage,3
order,3
settlement,3
oct,3
soil,3
core,3
epidemiologically,3
provided,3
moved,3
sporadic,3
dictated,3
kunimi,3
will,3
led,3
saitama,3
infections,3
aged,3
indeed,3
limited,3
july,3
plagues,3
shinbun,3
eldest,3
cholera,3
ed,3
al,3
insights,3
noted,3
twin,3
kagoshima,3
childhood,3
tochigi,3
put,3
zai,3
urbanized,3
doubt,3
ages,3
hand,3
dominion,3
establish,3
ch,3
perhaps,3
metropolitan,3
infect,3
prevention,3
virgin,3
aggregated,3
crosby,3
tokusei,3
actual,3
maintains,3
merit,3
eight,3
clear,3
gration,3
prefec,3
like,3
would,3
spread,3
educational,3
fatal,3
labour,3
january,3
figures,3
saw,3
irregular,3
africa,3
centres,3
ecological,3
five,3
kindergartens,3
dec,3
becomes,3
remaining,3
life,3
sakamoto,3
instances,3
stable,3
meant,3
sisters,3
constant,3
series,3
peoples,3
known,3
december,3
capital,3
particularly,3
brothers,3
type,3
outlook,3
according,3
transmitted,3
form,3
cause,3
pathogens,3
extent,3
studying,3
phenomena,3
son,3
transport,3
private,3
despite,3
november,3
com,3
hokkaido,3
difference,3
numerous,3
aware,3
include,3
usa,3
postponement,3
meiji,3
needs,3
ser,3
regularity,3
comparable,3
close,3
precipitously,2
residing,2
modelling,2
transportation,2
morita,2
groups,2
resulted,2
gakko,2
measures,2
sphere,2
distributed,2
jika,2
mostly,2
toukeigakuteki,2
sudden,2
easily,2
conclusive,2
reasonably,2
western,2
total,2
faded,2
siblings,2
experience,2
suehiro,2
schaffer,2
deter,2
either,2
chiriteki,2
ii,2
humans,2
containing,2
route,2
explores,2
borders,2
differences,2
gradual,2
analyses,2
follows,2
lisse,2
composition,2
help,2
feature,2
mind,2
date,2
greatly,2
declines,2
papers,2
con,2
mass,2
determined,2
pediatrics,2
datasets,2
household,2
synchronicity,2
slack,2
uruno,2
mortalities,2
relationships,2
explained,2
rotberg,2
tokei,2
satsu,2
resistance,2
amount,2
subjects,2
handbook,2
find,2
drawn,2
geographically,2
iguchi,2
look,2
smits,2
immunity,2
rates,2
babies,2
capitals,2
site,2
ka,2
reviews,2
links,2
absent,2
saito,2
levels,2
process,2
incidence,2
kept,2
waned,2
supplement,2
certain,2
mercer,2
govern,2
support,2
discernible,2
supports,2
university,2
fujikawa,2
familiar,2
chiry,2
sick,2
driven,2
welfare,2
gradually,2
shorter,2
isolation,2
instance,2
andyamanashi,2
nobechi,2
schooling,2
versey,2
dominant,2
decades,2
whereas,2
greater,2
behaviour,2
expressed,2
complications,2
allow,2
sono,2
philosophical,2
pitfalls,2
mined,2
inter,2
transactions,2
brownlee,2
lethal,2
mediated,2
appears,2
residential,2
recently,2
kubo,2
intensity,2
meet,2
counties,2
public,2
aspects,2
spheres,2
basis,2
closed,2
abroad,2
steep,2
niigata,2
clarkson,2
strict,2
ranger,2
crude,2
reduction,2
experiencing,2
chagnon,2
kansatu,2
records,2
haven,2
own,2
markedly,2
prices,2
fuka,2
sense,2
caused,2
lowest,2
reliable,2
next,2
oyobi,2
penicillin,2
yosano,2
several,2
few,2
wider,2
county,2
presence,2
sha,2
differing,2
corridor,2
visible,2
progress,2
plummeted,2
notes,2
nigerian,2
multiple,2
avoid,2
periods,2
ueki,2
therefore,2
connectivity,2
situation,2
reduced,2
alia,2
schmidt,2
inafuku,2
expansion,2
subject,2
neel,2
classic,2
woodland,2
allen,2
manifest,2
movement,2
hitherto,2
enrolment,2
once,2
populated,2
shiritsu,2
us,2
home,2
reynolds,2
complete,2
olsen,2
ky,2
droplet,2
largest,2
picture,2
fell,2
toward,2
keio,2
morley,2
addition,2
towards,2
tidd,2
usefulness,2
outside,2
multiplication,2
do,2
present,2
chry,2
geography,2
increases,2
jordal,2
kobayashi,2
riley,2
material,2
vaccine,2
casey,2
eds,2
frequency,2
resumed,2
railways,2
worcester,2
day,2
historiographical,2
studied,2
demonstrated,2
extended,2
discussion,2
churches,2
accompanying,2
persisted,2
virtually,2
francis,2
factor,2
moulded,2
pref,2
ideas,2
submitted,2
examination,2
national,2
previous,2
peripheral,2
toukei,2
improved,2
least,2
spreads,2
narabini,2
examine,2
nari,2
probably,2
dividing,2
attracted,2
famine,2
tenuous,2
achieve,2
widely,2
attended,2
product,2
bang,2
increasing,2
european,2
space,2
carried,2
elder,2
reves,2
moreover,2
median,2
note,2
she,2
maps,2
izu,2
reasonable,2
shib,2
pestilence,2
detailed,2
imperialism,2
seventeenth,2
jensen,2
experimental,2
rapidly,2
frames,2
neighbourhood,2
hierarchical,2
dead,2
caufield,2
clinical,2
heavy,2
following,2
changing,2
circumstances,2
respective,2
demonstrate,2
determinants,2
characteristics,2
ketsueki,2
md,2
bukh,2
quickly,2
natural,2
tokugawa,2
sugiyama,2
global,2
anon,2
half,2
universal,2
domestic,2
plague,2
andersen,2
mori,2
differed,2
february,2
better,2
places,2
unlikely,2
what,2
proceedings,2
investigation,2
whether,2
rose,2
ones,2
mathematics,2
her,2
periphery,2
radiated,2
port,2
bennet,2
satomi,2
met,2
given,2
sea,2
confirm,2
transition,2
lies,2
infec,2
went,2
encounter,2
results,2
our,2
epidemiologist,2
question,2
models,2
examples,2
centerwalia,2
october,2
catch,2
crisis,2
instead,2
kai,2
need,2
effects,2
fine,2
speak,2
increased,2
comparison,2
specific,2
potential,2
substitute,2
clarify,2
munities,2
themselves,2
supply,2
ord,2
sciences,2
uk,2
doing,2
martine,2
occur,2
sa,1
ments,1
wakayama,1
possessed,1
corrects,1
dies,1
trast,1
obstacle,1
way,1
concerned,1
indicated,1
develops,1
nagasaki,1
immune,1
designated,1
separated,1
findings,1
heights,1
trans,1
determine,1
mously,1
mountains,1
introduction,1
informa,1
starts,1
notably,1
manuscript,1
connecticut,1
expect,1
rected,1
group,1
elementary,1
mobility,1
slight,1
nigeria,1
designed,1
picked,1
ma,1
bmi,1
ways,1
reintroduction,1
completely,1
dominating,1
specified,1
descriptive,1
unnatural,1
comparisons,1
cycles,1
committee,1
character,1
mainland,1
burn,1
occurred,1
observing,1
garsington,1
something,1
assume,1
laryngitis,1
flared,1
princeton,1
dose,1
gakudo,1
leads,1
underde,1
highlight,1
predominantly,1
oceania,1
pathogen,1
member,1
sulfapyridine,1
programmes,1
perusal,1
stressed,1
singleor,1
hence,1
soci,1
exclusive,1
implications,1
impacts,1
enables,1
vols,1
tabs,1
season,1
attempt,1
vaccinated,1
corridors,1
glimpsed,1
nature,1
asia,1
miyagipref,1
height,1
packed,1
advantage,1
suggesting,1
daily,1
momentum,1
thank,1
kuo,1
bakufu,1
confirming,1
timing,1
accumulated,1
appearances,1
narrative,1
borne,1
vectors,1
parishioners,1
government,1
tomobe,1
farther,1
closer,1
hundred,1
zassi,1
achieved,1
integrate,1
tempted,1
alternated,1
blackwell,1
tributed,1
secondly,1
concepts,1
raised,1
classified,1
decreased,1
china,1
somewhat,1
leunig,1
racial,1
footnote,1
explosive,1
depends,1
british,1
wa,1
sound,1
issue,1
governmental,1
brief,1
sophisticated,1
famously,1
eastern,1
arrival,1
east,1
diarrhoea,1
america,1
tenth,1
right,1
reminder,1
vol,1
second,1
therapeutic,1
opened,1
logical,1
lifetime,1
kanaga,1
sixteenth,1
vaccination,1
vulnerable,1
relational,1
admission,1
schedule,1
itively,1
insight,1
richard,1
thirdly,1
harbour,1
apart,1
taking,1
except,1
sporadically,1
x,1
fatalities,1
familial,1
hiroshima,1
nika,1
resources,1
laws,1
synchronize,1
correlation,1
acquires,1
beneath,1
tionally,1
epide,1
analyse,1
philo,1
collection,1
sign,1
complicating,1
interestingly,1
framework,1
exist,1
repeatedly,1
evans,1
frequencies,1
phase,1
halted,1
differential,1
sweeping,1
histori,1
taipei,1
accuracy,1
author,1
dying,1
immediate,1
sociability,1
quality,1
patient,1
church,1
alternately,1
against,1
visited,1
nansuru,1
tables,1
g,1
erable,1
police,1
corner,1
characteristic,1
regarded,1
moment,1
gun,1
mixed,1
adopted,1
acta,1
issued,1
uniformity,1
concentric,1
tsuho,1
kaaagfrw,1
employing,1
ability,1
privilege,1
kasumigaseki,1
forced,1
kind,1
congregated,1
elements,1
maintaining,1
immigra,1
speculative,1
immigrants,1
shikoku,1
evident,1
perspective,1
clustering,1
depend,1
refer,1
ryukogakuteki,1
fig,1
body,1
simplest,1
compulsory,1
completing,1
elicit,1
suitable,1
compared,1
third,1
consulted,1
witnessed,1
publications,1
died,1
formulate,1
overarching,1
even,1
consequently,1
details,1
apparently,1
kinushima,1
hygienic,1
tained,1
handful,1
fierce,1
christensen,1
contracting,1
formed,1
fitably,1
lesser,1
mechanisms,1
reconstructed,1
philadelphia,1
visitations,1
recognized,1
york,1
essential,1
curve,1
reiterates,1
purely,1
mattered,1
district,1
how,1
remain,1
affairs,1
nurseries,1
square,1
afterwards,1
wakimura,1
swept,1
calculates,1
nihonbashi,1
goes,1
embarking,1
sinica,1
neighborhood,1
probability,1
proportion,1
flexible,1
jikken,1
se,1
witness,1
eluci,1
emergency,1
enabled,1
nishinari,1
lay,1
leftovers,1
tance,1
supplements,1
tious,1
attached,1
lowers,1
chosa,1
gathering,1
reason,1
references,1
category,1
changes,1
nor,1
halves,1
facilitated,1
maiden,1
improvement,1
raged,1
retained,1
severity,1
slowly,1
cthe,1
epidemio,1
linked,1
andwakayama,1
section,1
represented,1
days,1
diffuse,1
articulated,1
glorious,1
house,1
decade,1
ality,1
accessibility,1
argued,1
frequently,1
accumulating,1
solid,1
benefited,1
situations,1
chiryogaku,1
nagoya,1
viruses,1
exploited,1
encouragement,1
connecting,1
generally,1
rai,1
internal,1
essays,1
care,1
helped,1
opening,1
predicting,1
uses,1
result,1
closely,1
lead,1
whom,1
location,1
sei,1
intu,1
appearance,1
stroke,1
rule,1
entered,1
entering,1
search,1
called,1
typical,1
access,1
viduals,1
clarifies,1
changed,1
intermediary,1
centrally,1
illness,1
nenpo,1
term,1
prevented,1
academic,1
intervening,1
irony,1
traced,1
understood,1
war,1
elicits,1
abruptly,1
remoter,1
scale,1
appearing,1
kanazawa,1
confirmation,1
explain,1
doctor,1
creates,1
near,1
briefly,1
synchro,1
improve,1
failure,1
shape,1
ishikawa,1
gained,1
none,1
having,1
line,1
literature,1
alfons,1
industrial,1
nine,1
claim,1
protected,1
sept,1
striking,1
prominent,1
serological,1
cmba,1
injection,1
kitatama,1
apparent,1
correctly,1
confirms,1
multiplied,1
journals,1
excessive,1
northern,1
surrounds,1
ryuko,1
peaked,1
enor,1
intermediate,1
travel,1
climatic,1
transmitting,1
moulding,1
structures,1
thereafter,1
resis,1
intra,1
weekly,1
away,1
we,1
newspaper,1
overseas,1
systematic,1
sanitaire,1
preparation,1
ichi,1
week,1
tigated,1
connections,1
transmit,1
gap,1
miological,1
bypasses,1
concentrates,1
staple,1
sparsely,1
airborne,1
closing,1
ratios,1
commerce,1
indi,1
upheavals,1
schoolboy,1
presented,1
hard,1
working,1
field,1
below,1
sweep,1
negligible,1
minzoku,1
uncorrelated,1
plummet,1
suggest,1
involve,1
wards,1
phrase,1
quite,1
ward,1
heart,1
sake,1
intervals,1
seropositive,1
habitation,1
sufficient,1
june,1
revealing,1
bridge,1
industry,1
ts,1
dramatic,1
suddenly,1
latest,1
closeness,1
mixing,1
nization,1
yielded,1
naika,1
fully,1
managed,1
crux,1
osakafu,1
method,1
dependent,1
nagashima,1
paid,1
inverted,1
veloped,1
structured,1
newly,1
finds,1
settle,1
reducing,1
concomitant,1
accumula,1
chronological,1
south,1
hosts,1
units,1
istic,1
chains,1
pneumonia,1
academia,1
curves,1
commu,1
impres,1
synchronized,1
identified,1
keisho,1
shurai,1
short,1
wrote,1
revival,1
comparative,1
rinsh,1
play,1
onward,1
eminent,1
forward,1
islands,1
nearly,1
suburban,1
poor,1
prove,1
antibiotics,1
sakoku,1
comments,1
southern,1
roads,1
seemingly,1
pts,1
innovation,1
selection,1
sion,1
newborn,1
relationship,1
scarcity,1
labisch,1
calculate,1
cizu,1
biochemist,1
reference,1
revealed,1
intense,1
makes,1
cor,1
sionistic,1
official,1
neither,1
demographic,1
participants,1
chris,1
homogeneous,1
perspectives,1
supplied,1
dropped,1
cyclic,1
implica,1
confirmed,1
departing,1
department,1
reliance,1
increasingly,1
speaking,1
turing,1
kohei,1
centu,1
bordering,1
subpopulations,1
double,1
useful,1
street,1
visitor,1
law,1
hozon,1
neighbour,1
power,1
shortening,1
bring,1
others,1
similarly,1
flat,1
smith,1
enced,1
lacked,1
bronchopneumonia,1
fact,1
lack,1
microbes,1
inves,1
idea,1
response,1
maternal,1
cumulative,1
environs,1
mountainous,1
match,1
regulation,1
insular,1
together,1
vaccinate,1
revelatory,1
decreases,1
incorporation,1
identical,1
distributions,1
considerable,1
imperfect,1
zero,1
hiatus,1
serious,1
reasons,1
rhythms,1
puzzling,1
forms,1
men,1
reproductive,1
furthermost,1
adjacent,1
paris,1
nity,1
covered,1
road,1
empire,1
tensen,1
shared,1
non,1
suburb,1
excep,1
wartime,1
couple,1
admittedly,1
encountered,1
mansh,1
ikadaigaku,1
degree,1
argues,1
calculation,1
apt,1
understanding,1
exhibit,1
cure,1
vast,1
influences,1
observable,1
handwritten,1
pathology,1
trajectory,1
including,1
passes,1
manifestations,1
hoods,1
oscillation,1
confidence,1
masterful,1
toukeigaku,1
largely,1
speedy,1
began,1
affects,1
engulfed,1
resulting,1
munity,1
archive,1
chosen,1
congregation,1
stayed,1
nevertheless,1
dating,1
inversely,1
pline,1
finally,1
trade,1
grated,1
open,1
worry,1
provoked,1
publication,1
accounted,1
tended,1
heightening,1
workers,1
held,1
individual,1
homes,1
allowed,1
revised,1
tim,1
function,1
cally,1
distinction,1
bashi,1
shortly,1
proximity,1
lag,1
misunderstanding,1
enriched,1
pupil,1
abundant,1
latter,1
instruction,1
repeated,1
promotion,1
enough,1
outcomes,1
fits,1
parallel,1
normally,1
evolutionary,1
viewpoint,1
bordered,1
geographers,1
pro,1
accordingly,1
nationally,1
construction,1
enjoyed,1
postwar,1
natu,1
directs,1
kilometres,1
slightly,1
sophical,1
splitting,1
oscillations,1
sanitary,1
accord,1
institution,1
remarkable,1
seibutsu,1
propose,1
fourteenth,1
gleaned,1
manchurian,1
speculate,1
extremes,1
relying,1
states,1
publishing,1
scrutinized,1
bureau,1
fairly,1
continued,1
inhabitants,1
shortest,1
science,1
osamu,1
rise,1
sataiama,1
bulk,1
sometimes,1
foreign,1
demographers,1
naturally,1
impressive,1
pieces,1
kilometre,1
ironically,1
lines,1
primarily,1
institutions,1
exceptional,1
excluding,1
accepted,1
directions,1
seen,1
tive,1
yale,1
divergences,1
expert,1
gakuteki,1
length,1
diagnosis,1
shortened,1
why,1
blood,1
united,1
greenland,1
frontier,1
ing,1
epi,1
measured,1
disci,1
get,1
consid,1
articles,1
problematic,1
investigate,1
promi,1
matters,1
burned,1
proof,1
suggestions,1
immunology,1
iji,1
historian,1
prohibited,1
broke,1
yamanashi,1
exemplified,1
mentioned,1
version,1
underlying,1
officially,1
enquiry,1
demics,1
precise,1
thousand,1
disproof,1
regime,1
besides,1
doi,1
funding,1
linchpin,1
drew,1
sustained,1
routinely,1
restruc,1
coincides,1
kagaku,1
dominated,1
correspond,1
havoc,1
tuberculosis,1
dainihon,1
ratio,1
confident,1
interested,1
nent,1
exploration,1
scandinavica,1
best,1
ft,1
specially,1
etal,1
attending,1
reminiscent,1
observe,1
hospital,1
speculation,1
benefit,1
build,1
takeshi,1
utilized,1
works,1
living,1
girls,1
respect,1
turned,1
shinp,1
believed,1
beginning,1
cal,1
drop,1
suffering,1
experi,1
notable,1
month,1
unique,1
accounts,1
varying,1
sus,1
hoped,1
map,1
theory,1
interval,1
postponing,1
penetration,1
tonomachi,1
supplemented,1
reopened,1
getting,1
higashinari,1
project,1
imperial,1
gakkaishi,1
intake,1
episode,1
die,1
emphasis,1
rally,1
contain,1
mcneil,1
middle,1
saifawia,1
bodies,1
boston,1
outline,1
horiuchi,1
level,1
preserved,1
horiuchij,1
ill,1
affecting,1
leicester,1
ken,1
hy,1
turns,1
techniques,1
tried,1
happens,1
acute,1
reconstruct,1
exceptionally,1
conurbations,1
maintained,1
think,1
comprised,1
reintroduced,1
varied,1
tions,1
multiply,1
prepared,1
cordon,1
come,1
proceeds,1
hubs,1
spring,1
transmis,1
differentiation,1
kkeru,1
neighbouring,1
disappear,1
average,1
institutional,1
opens,1
frame,1
strikingly,1
applicable,1
americas,1
proceeding,1
diatrie,1
facilitates,1
brighton,1
autumn,1
harbored,1
forming,1
extremely,1
association,1
keiteki,1
seventeenthand,1
roughly,1
roles,1
contributory,1
vi,1
ries,1
offered,1
news,1
aggregate,1
assumed,1
teenth,1
kentaro,1
tribes,1
mystery,1
consisted,1
firstly,1
substantial,1
serum,1
entire,1
little,1
develop,1
focus,1
strong,1
here,1
recent,1
sendaicity,1
famous,1
infancy,1
drasti,1
building,1
meeting,1
attendance,1
devastated,1
built,1
delayed,1
customs,1
perception,1
medica,1
continuously,1
