WORDCOUNTS,WEIGHT
the,566
and,318
of,297
in,186
to,161
a,153
as,95
is,68
french,53
france,50
for,46
with,45
that,44
on,43
from,43
et,42
s,39
its,39
diversity,38
al,35
european,35
textbooks,33
an,32
paris,32
education,32
this,29
history,28
their,27
world,27
by,25
civique,25
are,24
republic,23
national,23
not,23
europe,22
rights,22
curriculum,22
human,21
but,21
new,21
at,20
other,20
one,19
countries,19
it,18
cultural,18
into,17
international,16
social,16
histoiregéographie,16
states,16
which,15
citizenship,15
curricular,15
was,15
immigration,15
universalistic,14
éducation,14
curricula,14
nation,14
united,14
have,14
de,13
or,13
also,13
about,12
has,12
teaching,12
these,12
soysal,12
own,12
integration,12
they,11
programmes,11
yasemin,11
szakács,11
immigrant,11
more,11
slavery,11
diverse,11
values,11
ethnic,11
nuhoglu,11
textbook,11
be,11
civic,10
political,10
since,10
even,10
reconceptualizing,10
simona,10
school,10
african,10
i,9
immigrants,9
york,9
changes,9
however,9
only,9
time,9
council,9
decolonization,9
africa,9
different,9
livre,9
between,9
first,8
colonialism,8
perspective,8
origins,8
élève,8
eu,8
public,8
well,8
responsibility,8
identity,8
were,8
individual,8
solidarity,7
policy,7
du,7
state,7
within,7
civics,7
histoire,7
against,7
such,7
citizen,7
cosmopolitan,7
l,7
économique,7
collège,7
though,7
economic,7
still,7
religious,7
initiation,7
europeans,7
after,7
life,7
respect,7
cultures,7
historical,7
through,7
introduced,7
became,7
tf,7
way,6
schools,6
migration,6
racial,6
u,6
some,6
development,6
century,6
civilization,6
civilizations,6
late,6
population,6
place,6
people,6
project,6
géographie,6
society,6
populations,6
toward,6
children,6
contemporary,6
present,6
see,6
students,6
similar,6
educational,6
context,6
analysis,6
citizens,6
country,6
recognition,6
colonial,6
intercultural,6
include,6
you,6
now,5
germany,5
american,5
instructions,5
experience,5
all,5
point,5
along,5
regarding,5
slave,5
active,5
multicultural,5
opening,5
http,5
agenda,5
further,5
part,5
good,5
research,5
community,5
drouillon,5
citoyens,5
asia,5
same,5
two,5
increasingly,5
minorities,5
treatment,5
demain,5
v,5
simon,5
workers,5
instruction,5
article,5
institutions,5
over,5
particularly,5
past,5
city,5
our,5
years,5
although,5
remains,5
discrimination,5
klein,5
recent,5
common,4
later,4
ivernel,4
being,4
www,4
nature,4
liberty,4
principles,4
great,4
rich,4
government,4
take,4
right,4
establishment,4
tourillon,4
labor,4
thus,4
chapters,4
language,4
tolerance,4
no,4
without,4
white,4
developments,4
orientation,4
four,4
most,4
beyond,4
view,4
had,4
based,4
found,4
equal,4
policies,4
collective,4
responses,4
sense,4
revolution,4
unesco,4
provided,4
nations,4
republican,4
equality,4
practices,4
movement,4
under,4
aims,4
organizations,4
heritage,4
stated,4
took,4
geography,4
local,4
understanding,4
asian,4
largely,4
injustices,4
trade,4
open,4
black,4
especially,4
horaires,4
justice,4
foreign,4
néant,4
longuet,4
recognize,4
often,4
peoples,4
universal,4
guidelines,4
identities,4
pictures,4
what,4
making,4
migrations,4
emphasis,4
until,4
religions,3
commitment,3
measures,3
introduction,3
linguistic,3
replaced,3
jews,3
flows,3
ideals,3
title,3
before,3
member,3
derives,3
origin,3
subsequent,3
objectif,3
china,3
system,3
issue,3
east,3
powers,3
framework,3
convention,3
compulsory,3
left,3
journal,3
acknowledge,3
racism,3
his,3
subjected,3
how,3
them,3
legal,3
university,3
organization,3
languages,3
democratic,3
bouvet,3
schooling,3
out,3
beneteau,3
placed,3
taught,3
aspects,3
colonies,3
work,3
pala,3
broad,3
statistics,3
legacy,3
pluralism,3
field,3
order,3
republics,3
up,3
value,3
fredrickson,3
chronological,3
critical,3
second,3
entitled,3
minority,3
positive,3
continuity,3
during,3
allaire,3
islam,3
culture,3
otherness,3
regional,3
law,3
fundamental,3
hand,3
books,3
citoyen,3
free,3
realize,3
fight,3
another,3
use,3
approach,3
evolution,3
services,3
appere,3
migrants,3
problems,3
postwar,3
attention,3
today,3
movements,3
independence,3
un,3
contribution,3
hugonie,3
did,3
clearly,3
places,3
sala,3
form,3
multiculturalism,3
extent,3
estrade,3
despite,3
role,3
subject,3
mention,3
conventions,3
promoted,3
formation,3
d,3
photograph,3
caption,3
lisbon,3
given,3
north,3
should,3
broader,3
major,3
democracy,2
does,2
abolition,2
limits,2
meaning,2
collèges,2
concern,2
college,2
sphere,2
group,2
ways,2
favor,2
spirit,2
position,2
western,2
inequality,2
discriminatory,2
nineteenth,2
contexts,2
women,2
themes,2
footing,2
either,2
long,2
ii,2
give,2
attempt,2
emerged,2
england,2
hong,2
groups,2
centralized,2
accompanied,2
differences,2
follows,2
help,2
feature,2
those,2
cordoba,2
enseigner,2
case,2
historians,2
america,2
chapter,2
cooperation,2
move,2
west,2
invited,2
interdisciplinary,2
reflecting,2
laws,2
spain,2
lambert,2
colonized,2
goal,2
brogini,2
dynamics,2
demanded,2
interest,2
ability,2
adopted,2
topic,2
pdf,2
muslim,2
displays,2
refer,2
subjects,2
third,2
find,2
instruments,2
feuillard,2
tout,2
than,2
traditions,2
poor,2
via,2
played,2
act,2
levels,2
process,2
enseignement,2
connected,2
certain,2
parts,2
ongoing,2
contributions,2
special,2
awareness,2
space,2
support,2
references,2
india,2
linked,2
amid,2
invariably,2
gradually,2
experienced,2
exploitation,2
union,2
response,2
advance,2
migrant,2
included,2
could,2
histories,2
patrick,2
passionate,2
makeup,2
equally,2
technical,2
war,2
tools,2
grounds,2
possibility,2
receive,2
directly,2
basis,2
future,2
line,2
tribulations,2
ideal,2
brought,2
training,2
knowledge,2
related,2
year,2
partly,2
structures,2
away,2
reflect,2
legislation,2
count,2
least,2
level,2
regardless,2
contrast,2
discourse,2
several,2
close,2
characteristics,2
when,2
progress,2
necessity,2
resistance,2
newly,2
dany,2
south,2
herein,2
symbolism,2
dossier,2
various,2
action,2
gradual,2
essex,2
comparative,2
schemes,2
brings,2
deviation,2
southern,2
label,2
yet,2
reference,2
treaty,2
towards,2
technology,2
acting,2
conveying,2
emigrate,2
ensuing,2
transformative,2
degré,2
muslims,2
again,2
others,2
similarly,2
responsibilities,2
added,2
shows,2
longer,2
reform,2
teachers,2
manifested,2
bennafla,2
documents,2
men,2
patrimony,2
remarkable,2
manner,2
where,2
jobs,2
laicity,2
stance,2
remained,2
kong,2
status,2
classes,2
examples,2
treated,2
trajectory,2
sixth,2
individuality,2
cohesion,2
empirical,2
significant,2
ideas,2
trend,2
kingdom,2
maintains,2
sees,2
carnival,2
period,2
so,2
high,2
provides,2
martin,2
study,2
become,2
topics,2
can,2
statue,2
italy,2
northern,2
pupils,2
greek,2
increasing,2
dealing,2
islamic,2
transformations,2
note,2
crucial,2
been,2
program,2
lines,2
who,2
seen,2
itself,2
privileges,2
dans,2
construction,2
grade,2
centuries,2
face,2
grounded,2
photographs,2
campaign,2
share,2
following,2
mentioned,2
incorporated,2
conditions,2
diversifying,2
extensive,2
htm,2
theme,2
exposition,2
exercices,2
affirmative,2
established,2
colonization,2
principle,2
asylum,2
correspond,2
global,2
connection,2
associations,2
placing,2
emerges,2
person,2
beginning,2
outlook,2
according,2
discuss,2
economy,2
migratory,2
ones,2
particular,2
liberalization,2
while,2
vis,2
information,2
wrongs,2
categories,2
des,2
marking,2
economist,2
multiple,2
content,2
contribute,2
programs,2
unitary,2
heading,2
au,2
goals,2
varied,2
turkish,2
question,2
simplement,2
contract,2
jacques,2
frame,2
insight,2
shift,2
speak,2
debate,2
early,2
exclusively,2
develop,2
divergent,2
focus,2
much,2
histoiregeographie,2
building,2
race,2
dynamic,1
resolve,1
bernard,1
superiority,1
divisible,1
currently,1
mostly,1
humanism,1
done,1
struggle,1
child,1
chagnollaud,1
berteaux,1
precepts,1
fathers,1
oriented,1
ambivalence,1
if,1
concerned,1
surroundings,1
adapting,1
ready,1
compensate,1
ethnicities,1
market,1
deserve,1
revolutionary,1
worthy,1
reigning,1
alone,1
extends,1
nationstates,1
celebrate,1
passing,1
church,1
knell,1
becoming,1
center,1
juxtaposition,1
achievements,1
envisioned,1
agency,1
marianne,1
tend,1
photogravure,1
entries,1
authority,1
openness,1
unveil,1
true,1
english,1
completely,1
candidate,1
weaker,1
acceptance,1
earnest,1
purveyors,1
protection,1
justified,1
obligations,1
committee,1
character,1
unlike,1
occurred,1
thematic,1
contested,1
source,1
claire,1
amongst,1
highlight,1
predominantly,1
noir,1
inc,1
sources,1
every,1
venice,1
creation,1
upholding,1
roman,1
universalism,1
production,1
flags,1
dossiers,1
exclusive,1
gouv,1
fund,1
implications,1
attempts,1
taken,1
abound,1
feeling,1
address,1
lamenting,1
arrival,1
progression,1
marginalization,1
retreat,1
freely,1
j,1
scorecard,1
seems,1
departure,1
sustainable,1
editions,1
historiography,1
words,1
definition,1
relativistic,1
delineation,1
book,1
excolonial,1
tradition,1
secondary,1
refugee,1
assess,1
belong,1
broadly,1
uneasy,1
suggesting,1
straightforward,1
borders,1
display,1
reasons,1
indeed,1
normative,1
hachette,1
transferred,1
edouard,1
launched,1
actuel,1
religion,1
hanna,1
scheduled,1
efficiently,1
mandate,1
there,1
maurice,1
last,1
mai,1
ying,1
concepts,1
deriving,1
mohandas,1
decreased,1
favoring,1
educate,1
behind,1
visibility,1
annie,1
fulfilling,1
similarities,1
cathedrals,1
dancing,1
adrian,1
higonnet,1
explained,1
autonomous,1
king,1
conquests,1
capacity,1
primary,1
amplified,1
agriculture,1
hall,1
march,1
offset,1
retain,1
egyptians,1
account,1
italian,1
football,1
installment,1
marc,1
politics,1
lanka,1
illustrate,1
mosque,1
mutual,1
vital,1
obvious,1
amicable,1
apart,1
very,1
familial,1
cited,1
desirable,1
biafra,1
collection,1
sign,1
harmony,1
sarkozy,1
funded,1
bill,1
prerequisite,1
central,1
rescinding,1
million,1
exercises,1
includes,1
denying,1
relationships,1
pied,1
reverse,1
component,1
immediate,1
bordas,1
inevitable,1
incas,1
backgrounds,1
due,1
objective,1
prayers,1
author,1
proliferated,1
struggles,1
valerie,1
regarded,1
large,1
absolved,1
mixed,1
raises,1
predicament,1
living,1
codified,1
rooted,1
expected,1
marseille,1
praising,1
unity,1
refuses,1
transpires,1
pushed,1
distinct,1
nor,1
evident,1
document,1
back,1
modernity,1
difficulty,1
young,1
allowing,1
compared,1
arranged,1
witnessed,1
caribbean,1
employers,1
weakening,1
objectifs,1
unequivocally,1
overarching,1
cosmopolitanism,1
explore,1
would,1
consequently,1
look,1
details,1
deeply,1
pronounced,1
hardly,1
influence,1
exploitive,1
competitive,1
build,1
may,1
aim,1
freedoms,1
underlay,1
conquerors,1
seekers,1
americans,1
adequate,1
town,1
whose,1
essential,1
german,1
genuinely,1
privilege,1
rather,1
card,1
indisputable,1
links,1
bring,1
growth,1
aimed,1
across,1
frenchoriented,1
developed,1
debated,1
anticonstitutional,1
affairs,1
basic,1
appreciation,1
explicit,1
violence,1
biggest,1
culminating,1
preparing,1
animate,1
notion,1
highlighted,1
approaches,1
nehru,1
catholics,1
determining,1
titled,1
whyte,1
earlier,1
à,1
landscapes,1
humanity,1
importance,1
pages,1
enacted,1
k,1
reforms,1
limitation,1
discoveries,1
consequences,1
front,1
moreover,1
precious,1
proclaimed,1
reinterpretation,1
ferry,1
reason,1
soul,1
empires,1
wry,1
proving,1
vastly,1
ensure,1
interdependence,1
marks,1
metropolis,1
greeks,1
jeopardizing,1
flexibility,1
accentuating,1
les,1
signed,1
statistical,1
encourages,1
familiar,1
wong,1
residency,1
anchoring,1
korea,1
section,1
elsewhere,1
driven,1
monde,1
realities,1
traces,1
nonclerical,1
umbrella,1
age,1
show,1
graces,1
dept,1
storm,1
gandhi,1
ethnoracial,1
efficient,1
depart,1
definite,1
putting,1
requires,1
oppression,1
pierre,1
destructive,1
dominant,1
nationality,1
m,1
projected,1
strategy,1
suggested,1
drawing,1
constitution,1
globalization,1
denounce,1
conflicts,1
disappeared,1
artistic,1
whereas,1
greater,1
moving,1
standards,1
result,1
distribution,1
établissements,1
patrice,1
societies,1
entered,1
hands,1
color,1
access,1
discrete,1
mahatma,1
flamenco,1
embracing,1
conspicuous,1
changed,1
î,1
racisme,1
curiosity,1
events,1
agendas,1
worker,1
sowionlinejournal,1
persist,1
negation,1
katinka,1
fans,1
sword,1
neighboring,1
chinese,1
elemental,1
skilled,1
bore,1
teacher,1
returnees,1
europa,1
youths,1
symbols,1
française,1
companies,1
priorities,1
promise,1
scale,1
contiguous,1
wealth,1
productively,1
ignorance,1
abides,1
tension,1
your,1
required,1
valorize,1
duly,1
tracking,1
schema,1
scene,1
memory,1
because,1
commitments,1
tempt,1
sounded,1
invisible,1
closed,1
data,1
literature,1
island,1
reinterpreting,1
abroad,1
scope,1
implement,1
glossary,1
received,1
mobilization,1
instituted,1
mustached,1
favell,1
concept,1
prominent,1
london,1
explains,1
calls,1
confined,1
actors,1
indigenous,1
urban,1
description,1
surprise,1
parameters,1
eurocentric,1
whole,1
instinctive,1
inherited,1
issues,1
constitute,1
beginnings,1
noneuropean,1
ι,1
interiority,1
moments,1
earn,1
call,1
overseas,1
entails,1
showing,1
manage,1
week,1
celebrations,1
ethnicity,1
deadalus,1
trends,1
indexed,1
redistribution,1
encounters,1
manifestation,1
regions,1
massacre,1
change,1
tone,1
suk,1
tolerant,1
describing,1
xxvi,1
working,1
allegiance,1
constituent,1
shaping,1
rosenczveig,1
things,1
socialist,1
protest,1
cer,1
politically,1
le,1
cope,1
mediterranean,1
sharp,1
orient,1
debarking,1
specifically,1
around,1
inextricably,1
encompasses,1
small,1
valdenaire,1
few,1
wider,1
adversely,1
audigier,1
bridge,1
resolution,1
temporary,1
synagogues,1
subsided,1
massachusetts,1
latest,1
boundaries,1
coast,1
philip,1
classrooms,1
christians,1
always,1
richness,1
inability,1
progressed,1
hatier,1
multiracial,1
relevé,1
concerted,1
describes,1
peculiar,1
undergoing,1
appropriate,1
crime,1
passive,1
massive,1
activities,1
lend,1
apparent,1
cite,1
will,1
delve,1
girl,1
responsibly,1
highlights,1
critics,1
mosques,1
observations,1
condemnation,1
matter,1
variety,1
absence,1
architecture,1
taslima,1
gerard,1
scientific,1
sanctity,1
transnational,1
separation,1
located,1
overall,1
expansion,1
resisted,1
play,1
trials,1
motivated,1
onward,1
acknowledged,1
menand,1
nearly,1
purports,1
hubert,1
death,1
etc,1
above,1
expanded,1
antislavery,1
boy,1
alexandria,1
longitudinal,1
turks,1
seemingly,1
latinos,1
structural,1
guarantor,1
percentage,1
sister,1
once,1
meritorious,1
flux,1
hellenistic,1
criticism,1
museum,1
sri,1
externalized,1
inwardly,1
security,1
coverage,1
recommendation,1
rife,1
residence,1
laïcité,1
mission,1
message,1
evolved,1
many,1
official,1
selective,1
classroom,1
oise,1
ancient,1
enshrined,1
assimilation,1
falls,1
eminently,1
light,1
continents,1
checkel,1
choices,1
dropped,1
efforts,1
passionately,1
planet,1
belonging,1
already,1
algeria,1
functions,1
reports,1
violations,1
noted,1
bar,1
frameworks,1
published,1
considers,1
miseries,1
capacities,1
inhabitants,1
cxxxiv,1
starting,1
leader,1
seville,1
jeffrey,1
temporarily,1
lapse,1
power,1
stronger,1
humanitarian,1
mark,1
renewed,1
safety,1
pétanque,1
patriotic,1
projects,1
familiarizing,1
observance,1
imbue,1
demographic,1
analytical,1
erasmus,1
incorporates,1
communal,1
lack,1
discussed,1
stories,1
hollow,1
preserve,1
pointer,1
areas,1
pressure,1
departments,1
potentially,1
predominant,1
milestone,1
beliefs,1
appeared,1
depict,1
nathan,1
abstract,1
choice,1
larger,1
incorporation,1
john,1
forging,1
appropriately,1
patchwork,1
jème,1
serious,1
minister,1
forms,1
patterns,1
cup,1
outside,1
racist,1
do,1
foyer,1
touted,1
secular,1
developing,1
empire,1
accepted,1
establish,1
celebrated,1
renaissance,1
heavily,1
answer,1
achieving,1
foreword,1
meant,1
necessary,1
practice,1
japan,1
couple,1
charter,1
native,1
eds,1
style,1
fundamentals,1
reconciled,1
number,1
explicitly,1
revises,1
boat,1
ingrained,1
original,1
acknowledgment,1
excerpt,1
engagement,1
investment,1
extended,1
divided,1
multiscalar,1
birth,1
apogee,1
made,1
discovery,1
explanation,1
upon,1
regain,1
maximized,1
transformed,1
including,1
distinctly,1
previously,1
strongly,1
exploits,1
thriving,1
curtail,1
expression,1
assumption,1
refers,1
began,1
factor,1
inflicted,1
engaged,1
individuals,1
ibid,1
grounding,1
chosen,1
full,1
previous,1
sirnona,1
advantages,1
nevertheless,1
initiatives,1
netherlands,1
involves,1
described,1
sacrificing,1
attraction,1
quotation,1
clear,1
emphasizing,1
doctors,1
stress,1
welcomed,1
ariette,1
nongovernmental,1
soldiers,1
dominated,1
victory,1
peter,1
dominique,1
xenophobia,1
characterized,1
ellis,1
like,1
wish,1
interlocutors,1
general,1
summer,1
fr,1
creating,1
mexico,1
serves,1
hiring,1
paths,1
administrative,1
keen,1
folding,1
iio,1
municipal,1
onetime,1
imagination,1
exchange,1
why,1
tangential,1
binche,1
facing,1
sentiment,1
enlightenment,1
internal,1
commentators,1
assures,1
relation,1
adept,1
narrates,1
mainly,1
accordingly,1
effect,1
structure,1
learn,1
horse,1
equivalent,1
reserved,1
invented,1
connections,1
école,1
viii,1
professional,1
corps,1
sugar,1
naturalization,1
accompagnement,1
division,1
économie,1
decision,1
separate,1
model,1
fails,1
factors,1
socrates,1
accepting,1
arriving,1
tests,1
christian,1
abstracting,1
relationship,1
aid,1
tilford,1
declaration,1
unicef,1
she,1
independent,1
george,1
provide,1
science,1
sometimes,1
usually,1
linda,1
inculcated,1
plays,1
isabelle,1
ouverture,1
imperatives,1
parent,1
lost,1
detailed,1
team,1
bears,1
force,1
accommodating,1
nasreen,1
covering,1
html,1
class,1
responsible,1
mayans,1
surprising,1
directives,1
exists,1
imperialism,1
articles,1
arts,1
deliverable,1
attachment,1
schoolbook,1
considered,1
legacies,1
affect,1
detail,1
claims,1
emilie,1
environment,1
legitimated,1
authorities,1
resonates,1
sexes,1
then,1
any,1
proficiency,1
citizenry,1
prehistory,1
comes,1
series,1
exemplified,1
tensions,1
complexity,1
conjunction,1
memorialize,1
demonstrate,1
agents,1
instructed,1
constituted,1
ever,1
economically,1
appears,1
symbolic,1
known,1
grandparent,1
regime,1
membership,1
symbol,1
sciences,1
offers,1
drew,1
set,1
cover,1
milieu,1
displaystory,1
defining,1
enters,1
intellectual,1
sure,1
inequities,1
paper,1
deliberative,1
organized,1
xliii,1
interested,1
key,1
seem,1
nets,1
capital,1
cricket,1
best,1
ubiquitous,1
accommodate,1
agglomeration,1
prominence,1
ph,1
skrentny,1
republicanism,1
luther,1
regard,1
domestic,1
report,1
iii,1
vibrant,1
expresses,1
contradictory,1
obviously,1
themselves,1
far,1
goods,1
uphold,1
audience,1
precarious,1
generalized,1
ambivalent,1
deployment,1
sèrne,1
works,1
merely,1
better,1
hint,1
knows,1
lens,1
suffering,1
karine,1
delineated,1
jean,1
chicago,1
postnational,1
transmitted,1
brétillot,1
regrouped,1
whether,1
terms,1
welfare,1
selected,1
immigrations,1
accounts,1
want,1
sociology,1
pillage,1
confines,1
attitudes,1
juxtaposed,1
saint,1
map,1
mere,1
sociologist,1
firmly,1
jawaharlal,1
shortages,1
distancing,1
vein,1
supplied,1
katzenstein,1
her,1
prestige,1
perpetrated,1
create,1
vehicle,1
institute,1
projection,1
diversities,1
orientations,1
voice,1
almost,1
too,1
bosnia,1
dedication,1
contain,1
freedom,1
patriotism,1
millions,1
qua,1
burden,1
both,1
capable,1
remember,1
craftsmanship,1
directive,1
presented,1
owner,1
org,1
attentive,1
commissioner,1
portraying,1
extracts,1
peace,1
thereby,1
outwardly,1
courses,1
belgium,1
ec,1
easy,1
publishers,1
giving,1
apartheid,1
intended,1
transition,1
step,1
territory,1
com,1
measure,1
wwii,1
obtain,1
fashioned,1
protestants,1
discussion,1
appointed,1
families,1
phenomenon,1
allows,1
representation,1
writing,1
think,1
postcolonial,1
contrasts,1
prepared,1
barysch,1
disadvantages,1
devoted,1
renseignement,1
refugees,1
ultimately,1
municipality,1
presence,1
multiethnic,1
argument,1
lists,1
background,1
difference,1
reveals,1
frontiers,1
solely,1
amendments,1
quotas,1
finding,1
twentieth,1
numerous,1
multiculturalist,1
guest,1
grant,1
finally,1
crisis,1
macedonians,1
course,1
contributed,1
offer,1
scadplus,1
françois,1
define,1
usa,1
evidence,1
opinions,1
cfm,1
reflexive,1
autumn,1
incidents,1
effects,1
prosperity,1
attempted,1
inequalities,1
philosophy,1
tobacco,1
transcending,1
increased,1
jules,1
brilliant,1
reformation,1
comparison,1
respective,1
obliges,1
offered,1
specific,1
territories,1
aztecs,1
distinctions,1
root,1
albanian,1
ensuring,1
tackle,1
schissler,1
symcox,1
c,1
elites,1
rejection,1
showcase,1
inasmuch,1
romany,1
array,1
texts,1
voltaire,1
substantial,1
images,1
manifests,1
strong,1
uk,1
among,1
sos,1
virtue,1
meeting,1
successive,1
built,1
martine,1
portrait,1
customs,1
