WORDCOUNTS,WEIGHT
the,2150
of,1757
and,1402
to,804
in,714
a,589
was,487
that,387
it,362
london,336
as,332
for,326
sexual,252
by,229
be,219
not,186
were,178
on,176
s,168
is,151
liberty,146
but,140
his,137
this,137
or,135
had,131
with,128
john,115
from,111
an,108
all,105
he,105
law,105
their,102
i,101
more,101
women,94
cf,92
men,91
they,86
one,85
freedom,85
moral,84
which,83
other,80
between,80
no,78
sex,78
than,76
oxford,76
most,75
its,74
new,72
ed,72
been,70
have,70
see,69
there,68
at,67
about,67
nature,66
bentham,66
public,65
lust,63
only,63
even,62
what,62
did,62
such,61
so,59
century,59
adultery,57
them,57
should,57
cambridge,56
also,55
could,55
are,55
present,54
thomas,54
locke,54
natural,53
early,53
private,53
england,52
toleration,52
god,52
social,51
much,50
ii,49
against,49
william,49
society,48
vols,48
these,48
past,48
conscience,47
religious,46
marriage,46
would,46
d,46
number,46
some,45
love,45
any,44
how,44
man,43
into,42
many,42
life,42
when,40
though,40
yet,40
ch,40
ideas,39
if,39
good,39
modern,39
sodomy,39
her,38
laws,38
political,38
general,38
example,37
own,37
idea,37
morality,36
human,35
religion,35
p,35
people,35
same,35
enlightenment,35
who,34
thus,34
history,33
quoting,33
j,33
eighteenth,32
church,32
hist,32
him,32
intellectual,32
edn,31
may,31
english,31
two,31
amongst,31
thought,31
later,30
very,30
will,30
reformation,30
others,30
now,29
can,29
e,29
well,29
my,29
because,29
personal,29
societies,28
reason,28
mss,28
view,28
before,28
essay,28
rights,27
act,27
punishment,27
thinking,27
over,27
prostitution,27
way,27
after,27
came,27
truth,26
rather,26
she,26
therefore,26
woman,26
c,26
has,26
those,26
quoted,26
up,26
lxxiv,26
do,25
views,25
fornication,25
iii,25
our,25
discipline,25
letter,25
often,25
ways,24
argued,24
practice,24
upon,24
great,24
richard,24
relations,24
behaviour,24
radical,23
concerning,23
sexuality,23
attitudes,23
both,23
york,23
out,23
spiritual,23
female,23
seventeenth,23
james,23
hume,23
common,23
we,23
another,22
et,22
less,22
conventional,22
first,22
chastity,22
true,22
homosexual,22
jnl,22
then,21
time,21
free,21
made,21
h,21
similar,21
ethics,20
every,20
v,20
manners,20
studies,20
divorce,20
n,20
r,20
became,20
you,20
robert,19
lxxii,19
morals,19
never,19
itself,19
growing,19
arguments,19
limits,19
actions,19
increasingly,19
eds,19
sin,19
m,19
fact,19
greater,19
part,19
mandeville,19
david,19
themselves,19
wife,18
world,18
matters,18
himself,18
always,18
philosophy,18
philosophical,18
right,18
jeremy,18
practical,18
might,17
unchastity,17
state,17
found,17
second,17
clxi,17
christian,17
george,17
al,17
remained,17
popular,17
defence,17
civil,17
matter,17
towards,17
why,17
question,17
still,17
without,17
acts,17
different,17
just,16
nothing,16
like,16
principles,16
possible,16
indeed,16
ought,16
norms,16
nor,16
whose,16
further,16
several,16
far,16
works,16
traditional,16
iv,16
grounds,16
christianity,16
stc,16
principle,16
virtue,16
discourse,15
took,15
merely,15
government,15
evil,15
examples,15
said,15
peter,15
earlier,15
ibid,14
me,14
sometimes,14
come,14
although,14
influence,14
main,14
late,14
scripture,14
children,14
period,14
especially,14
bayle,14
argument,14
t,14
vice,14
too,14
opinion,14
rules,14
lord,14
rise,14
turner,14
male,14
down,14
making,14
years,14
nineteenth,14
treatise,14
lawrence,14
ever,14
subject,14
questions,13
de,13
notion,13
w,13
milton,13
under,13
become,13
within,13
case,13
developments,13
whilst,13
crime,13
power,13
smith,13
conduct,13
secular,13
think,13
recent,13
authority,13
things,13
chs,13
force,13
taylor,13
likewise,13
young,13
whole,13
place,13
licence,13
united,13
through,13
rev,12
spirit,12
being,12
obvious,12
biblical,12
legal,12
mark,12
put,12
polygamy,12
transi,12
printed,12
intercourse,12
certain,12
persons,12
tended,12
considered,12
charles,12
set,12
stuart,12
wrong,12
l,12
important,12
generally,12
sermon,12
end,12
times,12
effect,12
justice,12
particular,12
circumstances,12
little,12
historians,12
development,12
having,12
change,12
homosexuality,12
hand,12
increasing,12
criminal,12
terms,12
pierre,11
equally,11
literature,11
justification,11
least,11
cannon,11
persecution,11
sexes,11
changing,11
samuel,11
practices,11
desire,11
account,11
point,11
protestant,11
theological,11
death,11
heterosexual,11
serious,11
mill,11
pleasure,11
despite,11
thing,11
orthodox,11
cont,11
christ,11
held,11
chicago,11
courts,11
library,11
throughout,11
contrary,11
doctrine,11
f,11
beliefs,11
hobbes,11
immorality,11
forms,11
husband,11
com,11
evidence,11
prostitutes,10
taken,10
restoration,10
mass,10
instance,10
presumption,10
unmarried,10
modest,10
family,10
doctrines,10
led,10
viii,10
where,10
use,10
francis,10
ί,10
centuries,10
seriously,10
ultimately,10
medieval,10
politics,10
old,10
developed,10
gender,10
notes,10
various,10
punish,10
vices,10
enquiry,10
harm,10
course,10
instead,10
opinions,10
given,10
unnatural,10
esp,10
around,10
provided,10
primarily,10
happiness,10
better,10
observed,10
boswell,10
mankind,10
take,10
real,10
error,10
lay,10
mary,10
revolution,10
jesus,10
ancient,10
culture,10
fable,10
hill,10
johnson,10
ms,9
advocates,9
derived,9
consequence,9
work,9
community,9
perhaps,9
seduction,9
relationship,9
sinners,9
know,9
bk,9
theory,9
essays,9
system,9
ethical,9
author,9
interest,9
licentiousness,9
scope,9
discourses,9
b,9
european,9
dabhoiwala,9
alexander,9
edinburgh,9
ca,9
certainly,9
rational,9
central,9
divine,9
jones,9
growth,9
population,9
hereafter,9
harmless,9
thinkers,9
light,9
remarkable,9
writings,9
puritans,9
burnet,9
shift,9
broader,9
stone,9
each,9
definition,9
papers,9
roy,9
porter,9
married,9
g,9
earl,9
character,9
let,9
published,9
st,9
action,9
policing,9
reform,9
encouraged,9
latter,9
connection,9
agreed,9
need,9
customs,9
onwards,8
explained,8
influential,8
presumptions,8
basis,8
order,8
seemed,8
striking,8
contemporary,8
anne,8
distinction,8
henry,8
privacy,8
particularly,8
essentially,8
annet,8
commonplace,8
ideals,8
kingdom,8
except,8
aim,8
essential,8
decades,8
standards,8
goldie,8
interpretation,8
answer,8
israel,8
lady,8
necessary,8
simply,8
control,8
historical,8
respect,8
done,8
permitted,8
keith,8
mr,8
plain,8
immoral,8
cases,8
edward,8
moreover,8
holy,8
make,8
reports,8
friend,8
continued,8
greatest,8
individual,8
current,8
adults,8
middle,8
false,8
asked,8
libertine,8
does,8
long,8
advanced,8
issue,8
enforcement,8
magistrate,8
regarded,8
affairs,8
honour,8
clergyman,8
third,8
support,8
benefits,8
helped,8
called,8
war,8
correspondence,8
equality,8
limited,8
salvation,8
commonwealth,8
ages,8
sir,8
understanding,8
widely,8
consenting,8
person,8
vi,8
bernard,7
indulgence,7
godwin,7
emergence,7
cannot,7
heart,7
progress,7
proper,7
defended,7
complete,7
considerable,7
discussion,7
yale,7
shelley,7
here,7
lxxiii,7
anna,7
preached,7
writing,7
campaign,7
concerned,7
leading,7
court,7
matthew,7
mores,7
find,7
victorian,7
understood,7
bible,7
bishop,7
above,7
gentleman,7
paul,7
debates,7
classes,7
expression,7
clear,7
standard,7
faith,7
interregnum,7
degree,7
debate,7
went,7
national,7
difficult,7
contested,7
charity,7
publick,7
felt,7
spread,7
gradually,7
gilbert,7
fundamental,7
commentators,7
fear,7
publicly,7
king,7
notable,7
basingstoke,7
odnb,7
rigby,7
monogamy,7
seiden,7
theorists,7
basic,7
advance,7
lead,7
am,7
execution,7
michael,7
extended,7
evolution,7
restraint,7
dangerous,7
butler,7
novel,7
sc,7
theology,7
form,7
appetite,7
twentieth,7
finally,7
seventeenthand,7
struggle,6
smollett,6
philosophers,6
give,6
taste,6
van,6
direct,6
established,6
impact,6
welfare,6
wollstonecraft,6
purpose,6
corrupt,6
incest,6
byron,6
indictment,6
business,6
offence,6
hutcheson,6
louis,6
christopher,6
artificial,6
usually,6
straightforward,6
bray,6
edwards,6
innocent,6
states,6
evidently,6
police,6
judged,6
passion,6
freely,6
reasons,6
providence,6
nevertheless,6
mind,6
precisely,6
rake,6
vol,6
andrew,6
overt,6
copulation,6
clark,6
pernicious,6
show,6
inherent,6
directly,6
knowledge,6
promiscuity,6
during,6
codes,6
nations,6
already,6
celebrated,6
carnal,6
including,6
causes,6
allowed,6
haven,6
seen,6
methods,6
circles,6
groups,6
introduction,6
adam,6
body,6
lister,6
age,6
hart,6
clarkson,6
approach,6
short,6
noted,6
pointed,6
similarly,6
together,6
treated,6
herself,6
worship,6
worse,6
vii,6
saw,6
meant,6
punished,6
sustained,6
believe,6
report,6
pagination,6
property,6
city,6
breeches,6
texts,6
crompton,6
corruption,6
ν,6
ultimate,6
told,6
considerations,6
tolerated,6
europe,6
daniel,6
taking,6
say,6
feminist,6
lusts,6
consequences,6
proved,6
beyond,6
rule,6
explain,6
secret,6
appetites,6
offences,6
sense,6
philip,6
neither,6
appeared,6
reasoning,6
classical,6
three,6
tis,6
promote,6
naturally,6
favour,6
means,6
lost,6
inspired,6
britain,6
wives,6
asserted,6
house,6
extent,6
unreasonable,6
ohn,6
declared,5
properly,5
western,5
implications,5
continue,5
nonconformity,5
custom,5
brit,5
faramerz,5
profound,5
civilizations,5
intellectually,5
malthus,5
nowadays,5
xi,5
powerful,5
bedford,5
suggested,5
fashionable,5
status,5
greek,5
supposedly,5
double,5
tremendous,5
scholars,5
away,5
controversy,5
depended,5
individuals,5
complicated,5
theories,5
trade,5
xv,5
article,5
eyes,5
parallel,5
interpretations,5
joseph,5
theme,5
half,5
universal,5
believed,5
problem,5
foundations,5
altogether,5
difference,5
bliss,5
precedents,5
grace,5
go,5
justified,5
anything,5
commission,5
emerged,5
bastardy,5
last,5
concepts,5
safely,5
evident,5
reasoned,5
marital,5
supposed,5
pleasures,5
proposed,5
followed,5
xlix,5
atheism,5
fo,5
shall,5
restrain,5
ten,5
uncleanness,5
actually,5
universally,5
openly,5
few,5
irrespective,5
poor,5
us,5
diary,5
frederick,5
again,5
existing,5
accepted,5
belief,5
original,5
tindal,5
described,5
language,5
exactly,5
priests,5
concluded,5
disney,5
cultures,5
outlook,5
commandments,5
occasionally,5
poems,5
reported,5
thousand,5
ser,5
immediately,5
o,5
anthony,5
purser,5
subsequent,5
raised,5
opposite,5
british,5
hell,5
gratification,5
activity,5
illegitimate,5
stress,5
since,5
topic,5
compared,5
urged,5
levels,5
granted,5
importance,5
lives,5
cthe,5
elsewhere,5
notions,5
brothels,5
walwyn,5
line,5
used,5
clarke,5
nation,5
interpreted,5
tom,5
imposition,5
manchester,5
adulterers,5
nonetheless,5
mainstream,5
hold,5
single,5
challenge,5
barber,5
inevitably,5
conclusions,5
leviathan,5
tolerating,5
judge,5
queen,5
sentiments,5
bound,5
pottle,5
philosopher,5
prosecuted,5
extension,5
text,5
alternative,5
walpole,5
argue,5
foundation,5
perfectly,5
whether,5
don,5
analogy,5
moralists,5
product,5
voluntary,5
association,5
among,5
variety,5
kinds,5
tend,5
policy,5
laid,5
stressed,5
please,5
diseases,5
seems,5
puritan,5
gradual,5
able,5
inquiry,5
advice,5
desirable,5
punishing,5
kind,5
self,5
allowing,5
ecclesiastical,5
danger,5
greeks,5
origins,5
deal,5
however,5
writers,5
partly,5
forces,5
xviii,5
tudor,5
notorious,5
economic,5
wrote,5
home,5
williams,5
stud,5
godly,5
arthur,5
outside,5
moderate,5
intimate,5
reformers,5
moses,5
irregular,5
reasonable,5
stephen,5
bisset,5
cause,5
almost,5
role,5
maintained,5
ends,5
showed,5
religions,4
alone,4
systematically,4
acceptance,4
royal,4
necessarily,4
ambitious,4
princeton,4
davis,4
creation,4
loose,4
principal,4
sought,4
draw,4
establishing,4
diversity,4
campos,4
dozen,4
warned,4
deeply,4
bring,4
soul,4
position,4
random,4
punishable,4
preach,4
jurisprudence,4
recently,4
otherwise,4
absolute,4
randolph,4
boralevi,4
apparent,4
memoirs,4
minds,4
sic,4
caused,4
wished,4
stage,4
lye,4
threatened,4
commit,4
oppressed,4
intolerance,4
civility,4
reforming,4
movement,4
libertines,4
conceived,4
concubinage,4
devil,4
enough,4
mercy,4
mosaic,4
wonder,4
previous,4
rejected,4
percy,4
provoked,4
sig,4
soc,4
probably,4
army,4
strongly,4
length,4
comes,4
theologians,4
richardson,4
xxiv,4
hall,4
impulse,4
burns,4
rochester,4
consumption,4
effects,4
prosperity,4
defined,4
minton,4
mason,4
souls,4
major,4
deny,4
estate,4
privately,4
extend,4
sphere,4
murder,4
walker,4
experience,4
attempts,4
narrative,4
illegitimacy,4
survey,4
venereal,4
context,4
roger,4
whores,4
mistress,4
dear,4
according,4
sincerity,4
higher,4
aimed,4
activists,4
leave,4
miscellaneous,4
soon,4
dominant,4
care,4
attack,4
lived,4
heaven,4
brought,4
trends,4
deists,4
trials,4
sinful,4
denunciation,4
renaissance,4
whoredom,4
concern,4
largely,4
open,4
health,4
parts,4
shortly,4
anyone,4
pastand,4
mainly,4
dawn,4
norton,4
punishments,4
implied,4
ideological,4
passage,4
justify,4
proceedings,4
balance,4
peace,4
remains,4
pufendorf,4
daughter,4
nicholas,4
commentary,4
jews,4
respectability,4
decade,4
regulating,4
simple,4
advocated,4
key,4
sects,4
cited,4
repeatedly,4
forced,4
contagious,4
characterized,4
enlightened,4
drawn,4
operation,4
impetus,4
across,4
injury,4
changes,4
literary,4
intrinsically,4
presumed,4
reflections,4
expressed,4
scotland,4
affair,4
method,4
romans,4
concept,4
parameters,4
defoe,4
ingram,4
distinguished,4
impossible,4
barbara,4
likely,4
notoriously,4
prove,4
read,4
bysshe,4
passions,4
gay,4
goodness,4
fashion,4
trend,4
mj,4
vindication,4
eve,4
judgement,4
controversial,4
outright,4
eighteenthand,4
claimed,4
directions,4
middlesex,4
susan,4
physical,4
drew,4
sermons,4
influenced,4
dissenters,4
wootton,4
promoted,4
obliged,4
charge,4
mee,4
x,4
strong,4
close,4
final,4
abolition,4
large,4
word,4
jonathan,4
former,4
source,4
attempt,4
greatly,4
determined,4
logical,4
masturbation,4
sp,4
lxviii,4
perspective,4
left,4
lesser,4
lasting,4
ix,4
revelation,4
kames,4
university,4
clearly,4
articulated,4
testament,4
friends,4
union,4
shared,4
owen,4
preacher,4
consciences,4
cultural,4
obedience,4
xiv,4
judicial,4
information,4
continence,4
ideal,4
thoughts,4
gave,4
issues,4
apparently,4
contentious,4
sensibility,4
tolerance,4
concerns,4
appropriate,4
appeal,4
scientific,4
tends,4
frank,4
challenged,4
friendship,4
innate,4
jnlofthe,4
discussed,4
manner,4
baxter,4
shifts,4
illicit,4
casual,4
values,4
entirely,4
actual,4
points,4
edmund,4
relation,4
enjoyed,4
reasonableness,4
equivalent,4
mens,4
hunt,4
imply,4
boswelvs,4
select,4
whoring,4
roderick,4
couples,4
seem,4
best,4
towne,4
benefit,4
distinctive,4
thompson,4
turned,4
defend,4
references,4
sodomites,4
focus,4
doing,4
radicati,3
sins,3
identity,3
created,3
goldsmith,3
sexualities,3
worked,3
xxxvii,3
parties,3
divinity,3
blown,3
cocks,3
help,3
faithful,3
adventures,3
takes,3
governmental,3
save,3
indulged,3
petronius,3
engage,3
collection,3
penalty,3
debauchery,3
term,3
progressive,3
highest,3
ithaca,3
abortion,3
poem,3
explore,3
tim,3
conceded,3
thinker,3
recognized,3
observers,3
outward,3
xvii,3
follow,3
based,3
whom,3
traditionally,3
patrick,3
none,3
degrees,3
journals,3
laxity,3
lewdness,3
supreme,3
genuine,3
employed,3
matt,3
excuse,3
contrast,3
pregnant,3
boundaries,3
telling,3
rest,3
miserable,3
separation,3
forbidden,3
permissible,3
modes,3
beverland,3
capel,3
once,3
doe,3
sixteenthand,3
members,3
clap,3
lewis,3
bamforth,3
book,3
added,3
lengthy,3
preserve,3
consent,3
advocacy,3
ground,3
jonas,3
conviction,3
local,3
odious,3
martin,3
written,3
infidelity,3
implicitly,3
publishing,3
fairly,3
mother,3
filthiness,3
defenders,3
leslie,3
banishment,3
safeguarding,3
regularly,3
buggery,3
capital,3
differed,3
ethos,3
purchase,3
pursued,3
treatises,3
arbiter,3
intention,3
lma,3
indebted,3
until,3
grant,3
crisis,3
potential,3
passages,3
favoured,3
remonstrance,3
sent,3
penal,3
till,3
adoption,3
gallantry,3
protection,3
committee,3
chief,3
dublin,3
either,3
xx,3
conjugal,3
univ,3
dr,3
suppress,3
opened,3
sixteenth,3
conceptual,3
prejudice,3
li,3
upheld,3
relationships,3
reverse,3
inevitable,3
absolutely,3
turn,3
fielding,3
firth,3
μ,3
heretics,3
deist,3
seventh,3
purely,3
dissenting,3
understand,3
mans,3
les,3
slowly,3
contraception,3
imprisonment,3
closely,3
changed,3
luxury,3
shifting,3
appears,3
wealth,3
stews,3
libertarian,3
wilberforce,3
art,3
call,3
weekly,3
plurality,3
dictionary,3
feelings,3
mendus,3
ill,3
quakers,3
fell,3
overall,3
scriptural,3
guide,3
marshall,3
baltimore,3
gratifying,3
teachers,3
navy,3
reformed,3
sort,3
duties,3
deep,3
como,3
obsession,3
exploring,3
rulers,3
laqueur,3
patricia,3
donald,3
tobias,3
k,3
lesbian,3
connections,3
perverted,3
incontinence,3
attention,3
la,3
brown,3
species,3
lovers,3
attitude,3
whereby,3
construction,3
enforced,3
heathens,3
material,3
underpinned,3
conclusion,3
peoples,3
outcome,3
anabaptists,3
restrictive,3
print,3
tracts,3
consciousness,3
manuscripts,3
mere,3
shakespeare,3
prevent,3
permissiveness,3
trivial,3
administration,3
teachings,3
frances,3
crimes,3
race,3
mistaken,3
magdalen,3
dale,3
humankind,3
jane,3
college,3
completely,3
themes,3
invention,3
esq,3
hitchcock,3
feminism,3
scheme,3
reading,3
u,3
utility,3
lover,3
famously,3
price,3
archbishop,3
wholly,3
journal,3
appreciated,3
conceive,3
debated,3
executions,3
elaborate,3
bad,3
glorious,3
gladfelder,3
strengthen,3
result,3
pastoral,3
strength,3
international,3
furthermore,3
supporters,3
your,3
masculinity,3
keeping,3
strict,3
prominent,3
year,3
fit,3
legislation,3
favourite,3
prevalence,3
condemned,3
spurious,3
moved,3
critical,3
judgment,3
wilmot,3
positive,3
criticism,3
justifying,3
restricted,3
included,3
rape,3
sketch,3
inhabitants,3
head,3
spurr,3
civilized,3
considering,3
birth,3
prohibition,3
discovered,3
transformation,3
virtues,3
ny,3
fidelity,3
division,3
imagination,3
spent,3
allusion,3
commands,3
ago,3
education,3
ordinary,3
independence,3
began,3
contribution,3
philosophies,3
baron,3
confessed,3
claims,3
following,3
series,3
potter,3
continental,3
sure,3
ehrr,3
brilliant,3
mab,3
agreeable,3
presume,3
chaste,3
statute,3
hunter,3
trumbach,3
propertied,3
extreme,3
fiction,3
legitimate,3
berlin,3
everybody,3
live,3
paper,3
highlight,3
upholding,3
pluralist,3
absurd,3
richards,3
deemed,3
attacked,3
america,3
suicide,3
fine,3
leon,3
daughters,3
campbell,3
inner,3
fiddes,3
z,3
offenders,3
amount,3
houses,3
freedoms,3
commissioners,3
bawdy,3
colquhoun,3
sarah,3
michel,3
consensual,3
primer,3
wiltshire,3
opening,3
orders,3
sharpened,3
analogous,3
opposition,3
trial,3
received,3
eighteenthcentury,3
systematic,3
alan,3
radically,3
hard,3
suggest,3
catholic,3
infanticide,3
using,3
und,3
happen,3
critics,3
clarissa,3
whatever,3
expanded,3
sodom,3
clergy,3
gangraena,3
renewed,3
wisest,3
corporal,3
tolerate,3
regulation,3
road,3
coercion,3
compelled,3
going,3
elevation,3
disease,3
clairmont,3
aside,3
engaged,3
margaret,3
revised,3
jurisdiction,3
tendency,3
wisdom,3
vane,3
proposition,3
analysis,3
practised,3
version,3
must,3
cso,3
known,3
scrutiny,3
ran,3
defending,3
imposed,3
hoped,3
unchaste,3
son,3
refinement,3
duty,3
intended,3
promiscuous,3
comparison,3
offered,3
cook,3
norman,3
perception,3
archives,2
gentler,2
teich,2
mar,2
constitution,2
becoming,2
myth,2
hull,2
prince,2
easily,2
cif,2
lower,2
undermine,2
familiarity,2
hc,2
acutely,2
official,2
hatred,2
pickle,2
affirmed,2
company,2
search,2
shew,2
normal,2
concealed,2
capacity,2
impurity,2
prospect,2
epistle,2
priestcraft,2
radicals,2
sectarians,2
resources,2
scandal,2
prevented,2
sign,2
guilty,2
complained,2
review,2
facts,2
reject,2
intractable,2
whoreing,2
honest,2
distinct,2
stokes,2
charron,2
served,2
labouring,2
publications,2
marlowe,2
ips,2
spectre,2
implanted,2
acted,2
virtuous,2
sixteen,2
town,2
incoherent,2
square,2
irwin,2
ov,2
injure,2
connected,2
pages,2
rant,2
perceptions,2
grosse,2
possibly,2
nobler,2
ideologies,2
superior,2
willing,2
strutwell,2
acceptable,2
transmission,2
conservative,2
amsterdam,2
stigmatized,2
governing,2
lent,2
pederasty,2
pro,2
undeniable,2
youths,2
record,2
verse,2
guidance,2
impression,2
briefly,2
aspects,2
abuse,2
participation,2
xlii,2
framed,2
claim,2
knight,2
madam,2
citing,2
momentous,2
physician,2
normally,2
field,2
responsibility,2
sharp,2
het,2
pregnancy,2
popery,2
damnation,2
notice,2
diminished,2
value,2
hooker,2
advocate,2
concede,2
comparative,2
touche,2
scandalous,2
harris,2
allen,2
newton,2
quaker,2
hitherto,2
licentious,2
peregrine,2
makes,2
consuming,2
happened,2
message,2
bowes,2
enshrined,2
rendall,2
liberties,2
cis,2
intense,2
laughter,2
insights,2
bridal,2
enforce,2
sinfulness,2
volume,2
emotions,2
persuasion,2
agree,2
als,2
really,2
hexapla,2
disregarded,2
explicitly,2
saunders,2
charted,2
imagine,2
lap,2
investigated,2
vast,2
worden,2
helps,2
clerical,2
morall,2
minister,2
amnesty,2
affection,2
dworkin,2
disproved,2
friction,2
congregation,2
earth,2
authors,2
agreement,2
bestiality,2
exquisite,2
lie,2
ε,2
instruction,2
cock,2
educational,2
cogent,2
maxim,2
nobody,2
invented,2
isabel,2
deplored,2
molly,2
replies,2
today,2
note,2
foreign,2
ideology,2
suggestive,2
foster,2
spouse,2
celebration,2
widespread,2
dec,2
wilson,2
countries,2
harshly,2
lusting,2
side,2
proof,2
sainsbury,2
hephaestion,2
wilful,2
heathen,2
winstanley,2
regime,2
plea,2
defining,2
choose,2
anthropological,2
roman,2
regard,2
domestic,2
humorous,2
gerrard,2
ones,2
abraham,2
feb,2
dispensation,2
marriages,2
willet,2
priestley,2
stoning,2
conference,2
injunctions,2
burden,2
bodies,2
lillian,2
attached,2
decisive,2
xliv,2
elizabethan,2
lies,2
constituted,2
varied,2
enthusiasm,2
conducive,2
boosted,2
precise,2
catherine,2
pamela,2
sat,2
land,2
ye,2
upside,2
france,2
contemptible,2
instinct,2
wedlock,2
harlow,2
damned,2
pleased,2
predictable,2
develop,2
beings,2
malcolm,2
etherege,2
tainted,2
unlawful,2
dangers,2
scruple,2
czar,2
marian,2
nonconformist,2
ilton,2
needed,2
illegal,2
folger,2
approaches,2
ominous,2
duke,2
aversion,2
arguing,2
contexts,2
clair,2
baker,2
negative,2
else,2
explaining,2
beneficial,2
pervasive,2
inconceivable,2
experimented,2
rested,2
permanently,2
xxi,2
majesty,2
mercury,2
comedy,2
assertion,2
harriet,2
debt,2
graham,2
unto,2
harvey,2
sacred,2
rethinking,2
suspect,2
mortal,2
courtesy,2
albeit,2
march,2
samesex,2
chart,2
uphold,2
unpublished,2
difficulties,2
rowbotham,2
visited,2
pursuit,2
uniformity,2
familists,2
simpson,2
depend,2
subjects,2
effective,2
wortley,2
jacob,2
committing,2
weight,2
consequently,2
traditions,2
regulations,2
jerusalem,2
civilization,2
hughes,2
knew,2
politicians,2
active,2
implicit,2
à,2
strands,2
montesquieu,2
pp,2
lawyer,2
feel,2
von,2
dismiss,2
consider,2
webbe,2
fitzjames,2
berry,2
edition,2
days,2
threat,2
aikenhead,2
heinous,2
adulterous,2
appear,2
constructive,2
whereas,2
harder,2
typical,2
seven,2
lovelace,2
respects,2
intrigue,2
equal,2
promise,2
tension,2
repugnant,2
possibility,2
patriarchal,2
communitarian,2
kathryn,2
gained,2
cohabit,2
future,2
queries,2
surprise,2
binding,2
stanford,2
presbyterian,2
rendered,2
next,2
le,2
night,2
coffey,2
sufficient,2
resolution,2
hugo,2
presence,2
climate,2
concubines,2
immediate,2
hypocrisy,2
avoid,2
prescribed,2
precepts,2
eternal,2
arrangement,2
letters,2
drama,2
undermining,2
legalized,2
bill,2
drink,2
dumont,2
abhorred,2
lisa,2
sister,2
repression,2
axiomatic,2
magistrates,2
whitbread,2
wright,2
sinne,2
forcefully,2
inheritance,2
chast,2
picture,2
journey,2
menstruating,2
unintentional,2
responsibilities,2
amour,2
herbert,2
pennington,2
valid,2
cartwright,2
aldershot,2
benevolent,2
xii,2
abstract,2
superstitions,2
developing,2
evill,2
books,2
liv,2
bond,2
gleadle,2
sides,2
increase,2
commandment,2
full,2
roberts,2
passim,2
imperative,2
counter,2
controversies,2
high,2
worldly,2
repeated,2
problems,2
trying,2
easy,2
enemies,2
italy,2
attracted,2
destruction,2
shaftesbury,2
impermissible,2
provoking,2
marilyn,2
characteristics,2
declaration,2
prophets,2
abiezer,2
lines,2
politeness,2
freedman,2
render,2
sensual,2
flesh,2
carlile,2
types,2
face,2
pmla,2
plus,2
wars,2
sujet,2
wicked,2
blair,2
familiar,2
resentment,2
bush,2
collins,2
davidson,2
enjoyment,2
answered,2
westminster,2
rationality,2
benevolence,2
emphasis,2
hal,2
level,2
tna,2
apostle,2
warden,2
die,2
impose,2
anonymously,2
holbrook,2
models,2
ence,2
utilitarianism,2
liaisons,2
antinomian,2
define,2
writer,2
regular,2
indecent,2
ruth,2
needs,2
irreligion,2
alberto,2
jason,2
grotius,2
conventions,2
famous,2
ga,2
deeper,2
harmful,2
summed,2
hl,2
jury,2
perfection,2
pushed,2
mouth,2
prohibitions,2
burton,2
aretine,2
athenian,2
pornography,2
trace,2
encourage,2
total,2
connexions,2
homoerotic,2
exemplification,2
diffusion,2
consistent,2
specifically,2
spiritually,2
culturally,2
display,2
imaginary,2
senses,2
murray,2
stopped,2
mindset,2
partners,2
sophisticated,2
payne,2
propensity,2
saying,2
libel,2
marked,2
ordinances,2
hanbury,2
doth,2
corrupted,2
heterosexuality,2
harold,2
karen,2
rabble,2
shelleys,2
ryder,2
disorder,2
proceeded,2
spinoza,2
whore,2
countless,2
illustrates,2
sustain,2
offended,2
attained,2
noel,2
savages,2
justifications,2
afford,2
walter,2
admitted,2
knud,2
satan,2
underlying,2
gamaliel,2
fourth,2
obscure,2
preserving,2
critique,2
hundert,2
linton,2
oj,2
subordination,2
sessions,2
destroy,2
excerpts,2
winked,2
conceptions,2
kiss,2
godwins,2
special,2
wollaston,2
claxton,2
tho,2
affect,2
ensure,2
metropolis,2
tensions,2
discouraged,2
reformer,2
lxxxix,2
tyranny,2
independents,2
priori,2
path,2
nairs,2
countenance,2
betwixt,2
produced,2
boyd,2
overpopulation,2
benign,2
improve,2
undermined,2
spheres,2
marsh,2
revealed,2
tremendously,2
sorrows,2
favourable,2
indianapolis,2
discussions,2
refined,2
haakonssen,2
retraction,2
shower,2
strengthened,2
discreet,2
analysed,2
multiplicity,2
trading,2
laur,2
horrible,2
brides,2
industry,2
cto,2
christians,2
ellen,2
interests,2
enjoy,2
influentially,2
tempted,2
etc,2
sect,2
epicurean,2
xl,2
unprecedented,2
premises,2
reception,2
elaboration,2
alongside,2
ashamed,2
demonstrates,2
abroad,2
emotional,2
toronto,2
foucault,2
affections,2
inference,2
fill,2
theorist,2
demographic,2
communal,2
plan,2
documents,2
attempting,2
choice,2
pretty,2
remarked,2
educated,2
diverse,2
churches,2
sceptre,2
townshend,2
depopulation,2
deposed,2
covered,2
heavily,2
horace,2
rich,2
easier,2
limitations,2
contemplate,2
significant,2
mooted,2
feminists,2
yorkshire,2
fitzwilliam,2
nov,2
ά,2
grell,2
summer,2
tangible,2
priest,2
confidently,2
khomeini,2
offensive,2
implication,2
clagett,2
relative,2
xxviii,2
separate,2
twelve,2
bodleian,2
aid,2
coppe,2
seventeen,2
ochino,2
begin,2
fraternity,2
table,2
sheila,2
creatures,2
arts,2
unacceptable,2
earliest,2
meer,2
abhorrent,2
authorities,2
associated,2
broke,2
biography,2
extending,2
cover,2
welch,2
fuelled,2
dennis,2
invaluable,2
cities,2
augustine,2
saviour,2
halyburton,2
fully,2
utilitarian,2
chw,2
transgression,2
cogency,2
coition,2
endlessly,2
inventions,2
colonial,2
aims,2
youth,2
commercial,2
editor,2
strikingly,2
piecemeal,2
aware,2
contributed,2
grown,2
include,2
davies,2
involving,2
mack,2
continually,2
supply,2
tastes,2
scorn,2
dark,2
comparable,2
champion,2
hilton,2
fos,2
affected,2
determine,2
crimmins,2
plainly,2
american,2
complex,2
holcroft,2
slack,2
mikulás,2
oppressive,2
occurred,2
persecute,2
footing,2
lasciviousness,2
highlighted,2
twilight,2
www,2
revisited,2
parliamentary,2
popes,2
belinda,2
address,2
humans,2
archer,2
editions,2
words,2
comparatively,2
immense,2
tradition,2
indulge,2
obeyed,2
xiii,2
brian,2
lxxxii,2
gideon,2
fresh,2
lxx,2
somewhat,2
committed,2
rix,2
task,2
facetious,2
welcome,2
atheists,2
magazine,2
cromwellian,2
advocating,2
apply,2
irrational,2
plenty,2
culpable,2
rigour,2
rous,2
optimism,2
learned,2
mistake,2
divorced,2
proscription,2
surely,2
kb,2
pursue,2
χ,2
objective,2
dryden,2
wrath,2
bodily,2
helena,2
application,2
extensively,2
satirized,2
affectionate,2
maintaining,2
back,2
lancashire,2
twice,2
propagated,2
unbounded,2
look,2
impositions,2
absalom,2
exponents,2
mechanisms,2
german,2
exact,2
abolished,2
remain,2
parents,2
opportunity,2
risk,2
grew,2
perkins,2
doubted,2
dialogue,2
extremes,2
lesley,2
circulated,2
revolutionaries,2
libido,2
commonly,2
thiry,2
permanent,2
shifted,2
pious,2
publicity,2
feds,2
legislative,2
geoffrey,2
introduce,2
allow,2
hands,2
relate,2
wilkes,2
circulation,2
bryson,2
rousseau,2
placed,2
steele,2
minute,2
xxxv,2
paraphrase,2
debatable,2
comment,2
policies,2
penalize,2
breakdown,2
sharper,2
deity,2
betteridge,2
tentations,2
arbitrary,2
oct,2
ignore,2
wider,2
highly,2
compatibility,2
executed,2
texas,2
concurred,2
mischief,2
propriety,2
cleland,2
liberation,2
emilio,2
overlapped,2
return,2
says,2
vaughan,2
everywhere,2
direction,2
illuminating,2
sigs,2
hugh,2
meanwhile,2
charities,2
drunkenness,2
ascetic,2
french,2
muslims,2
blasphemy,2
release,2
longer,2
deviance,2
murphy,2
essence,2
charges,2
empire,2
duffus,2
weaken,2
coherent,2
proscribed,2
ridiculous,2
montagu,2
waste,2
defences,2
confidence,2
duchess,2
office,2
intimacy,2
lusty,2
isaiah,2
truths,2
ireland,2
logic,2
evils,2
helpful,2
kept,2
conversation,2
adequately,2
readers,2
sentiment,2
behind,2
chapel,2
proceeding,2
epicurus,2
enthusiastically,2
decay,2
offspring,2
homosexuals,2
ancients,2
spelling,2
science,2
remaining,2
try,2
hope,2
surprising,2
citizens,2
instances,2
xxix,2
detail,2
penitent,2
liked,2
constant,2
holbach,2
contradiction,2
instructed,2
inadvertent,2
symbolic,2
donna,2
pt,2
excess,2
fitness,2
proast,2
sheep,2
prominence,2
judgements,2
useless,2
wood,2
münster,2
living,2
beginning,2
knows,2
jean,2
dial,2
unique,2
dislike,2
evangelical,2
maintain,2
onne,2
mathew,2
constitutional,2
osborne,2
noticed,2
suggests,2
hundreds,2
providential,2
org,2
conclude,2
emanuel,2
preposterous,2
protestants,2
bees,2
gatrell,2
officer,2
applicable,2
cooper,2
socially,2
attempted,2
contradicted,2
spectator,2
reached,2
partial,2
create,2
whenever,2
frequent,1
fraudulent,1
intricate,1
kirsten,1
rate,1
page,1
scholar,1
passet,1
judging,1
evangelist,1
tory,1
grievous,1
winifred,1
environmental,1
trans,1
measures,1
postures,1
totally,1
disparaging,1
coerce,1
outweighed,1
paradoxically,1
raping,1
mounted,1
hate,1
rethink,1
unlegalized,1
worthier,1
advised,1
beccaria,1
copyist,1
formed,1
cherished,1
carpenter,1
philippe,1
recollect,1
cno,1
eivion,1
conscious,1
socialists,1
atonement,1
yard,1
unlike,1
title,1
underlain,1
vehemently,1
guise,1
fashioning,1
chandler,1
lombards,1
efficacy,1
arms,1
shoemaker,1
sewer,1
sympathizers,1
exclusive,1
adopt,1
waldo,1
nancy,1
hoffmann,1
bloomington,1
chuckles,1
perswaded,1
frugality,1
copy,1
belong,1
broken,1
wainwright,1
correspondingly,1
momentum,1
differences,1
confirming,1
disappearance,1
injurious,1
bedfellow,1
room,1
reiteration,1
loves,1
antipathy,1
exstatick,1
jill,1
chancellor,1
cowan,1
blooming,1
tv,1
dora,1
signs,1
educate,1
checked,1
damrosch,1
hostility,1
replie,1
fuck,1
obviate,1
racial,1
backlash,1
proposals,1
messianic,1
delights,1
tendeth,1
bending,1
classifying,1
adrian,1
catching,1
teleological,1
almond,1
discontent,1
hirsch,1
visigoths,1
acad,1
disseminated,1
cxxiv,1
androgyny,1
abhor,1
howard,1
apostates,1
ball,1
characterize,1
hungry,1
harles,1
bland,1
amazement,1
allegra,1
mental,1
variations,1
artful,1
consequent,1
classics,1
panic,1
diffused,1
politician,1
smalbroke,1
unrestrained,1
heretical,1
wahl,1
probity,1
sketched,1
urging,1
ross,1
wallace,1
hudson,1
mid,1
womankind,1
ligurine,1
heterosexuals,1
fluency,1
hanway,1
ronald,1
sectarian,1
passing,1
faderman,1
professor,1
larkson,1
enny,1
neighbours,1
characteristic,1
janet,1
fright,1
decided,1
labyrinth,1
kennet,1
insisted,1
restore,1
agitation,1
basil,1
weaknesses,1
unity,1
pretensions,1
febrile,1
keep,1
deed,1
response,1
holds,1
forgiven,1
fourier,1
clare,1
unintelligible,1
mossner,1
schematic,1
criterion,1
compare,1
deuteronomy,1
gospel,1
bennett,1
reformulate,1
poured,1
exempted,1
propositions,1
repudiated,1
rewarded,1
generation,1
restricting,1
infinite,1
shave,1
poverty,1
everlasting,1
aristocracy,1
divergence,1
surprisingly,1
messy,1
portland,1
legislates,1
nuttall,1
alexandre,1
uncontested,1
thirsty,1
leneman,1
homo,1
continent,1
declaring,1
novelists,1
entrapment,1
ponderings,1
notices,1
εικών,1
mean,1
christine,1
georges,1
represented,1
heard,1
associate,1
persistent,1
strange,1
macfie,1
congreve,1
nos,1
bête,1
bosom,1
echoed,1
weait,1
white,1
courtezans,1
overlooked,1
xxx,1
risks,1
raymond,1
sovereignty,1
mentality,1
romantic,1
ardent,1
xxxviii,1
bloch,1
linked,1
satisfie,1
warren,1
invite,1
withers,1
air,1
inextricable,1
observations,1
situations,1
askese,1
earnestly,1
curteys,1
additional,1
contemp,1
indications,1
philippa,1
requires,1
bestial,1
lxxi,1
exploitation,1
enormities,1
baits,1
mo,1
laslett,1
upsurge,1
awaited,1
veil,1
pretending,1
root,1
durba,1
applause,1
betrayal,1
mcgill,1
klassik,1
stroke,1
medicine,1
transient,1
disgusting,1
contrivances,1
finnis,1
haller,1
passmore,1
coupland,1
italiana,1
eliot,1
scepticism,1
captured,1
inflamed,1
liver,1
naturalness,1
juries,1
gowing,1
intervening,1
chinese,1
rectification,1
indirect,1
camden,1
exodum,1
russell,1
safe,1
malthusian,1
approached,1
taught,1
premise,1
oysters,1
victorians,1
gods,1
roberton,1
aries,1
ixcvi,1
supplanted,1
invisible,1
conduit,1
utopias,1
inns,1
publish,1
addenda,1
insignificance,1
sanction,1
fraser,1
manorial,1
poligamy,1
nine,1
iain,1
unless,1
prest,1
laura,1
leites,1
multiplied,1
womanizer,1
unbridled,1
modesty,1
rawlinson,1
donoghue,1
describe,1
sensualists,1
collective,1
officers,1
reproof,1
jo,1
thereafter,1
mercenary,1
proscriptions,1
oblige,1
showing,1
assembly,1
cologne,1
whither,1
strongest,1
hutchesonl,1
staple,1
ofmoral,1
arise,1
describing,1
thirteenth,1
cruel,1
cataloguing,1
basinestoke,1
aroused,1
poet,1
ensue,1
oldbaileyonline,1
hole,1
bluet,1
inescapable,1
prompted,1
presuming,1
psychological,1
wakely,1
outhwaite,1
blessings,1
xxvii,1
parliament,1
occasions,1
annual,1
visible,1
necessity,1
itts,1
capp,1
pa,1
marry,1
beverlandus,1
alienated,1
moneylenders,1
macdonald,1
bartlett,1
gordon,1
championed,1
asp,1
blackburne,1
objected,1
reigns,1
believers,1
beauchamp,1
corrosive,1
whitlocke,1
republican,1
churchill,1
ranging,1
situation,1
hadrianus,1
creed,1
spacks,1
mysterious,1
steadily,1
proverbs,1
distorted,1
rabbi,1
happy,1
service,1
secondly,1
aired,1
wait,1
charlottenburg,1
prevailing,1
object,1
willem,1
cole,1
currency,1
layman,1
turks,1
eighty,1
settings,1
surveyed,1
prefigured,1
oneida,1
blythe,1
misapprehension,1
ourselves,1
lloyd,1
interrelationship,1
veiled,1
sett,1
albert,1
disingenuously,1
confin,1
inconsistencies,1
ormerod,1
thesis,1
expediency,1
dictates,1
profane,1
assimilation,1
fringes,1
damn,1
fading,1
poison,1
injoying,1
teaching,1
thare,1
harlots,1
purity,1
enthusiast,1
exactness,1
passionately,1
naval,1
overlapping,1
nineteenthcentury,1
naz,1
achitophep,1
assimilated,1
predominate,1
posturing,1
raids,1
misery,1
alleging,1
balancing,1
abrogated,1
virgines,1
approaching,1
aurence,1
projects,1
missing,1
twenty,1
limit,1
misinterpretation,1
pressure,1
britons,1
xlv,1
boucé,1
unidentified,1
satyricon,1
vallance,1
larger,1
connell,1
hardwick,1
fallen,1
aug,1
prejudicial,1
doubt,1
prejudiced,1
resolved,1
toland,1
warmly,1
habit,1
concubine,1
leviticum,1
α,1
physiological,1
intervene,1
actor,1
innovative,1
discuss,1
orderly,1
purposes,1
apprehending,1
forth,1
emma,1
extolling,1
poles,1
simplicity,1
robson,1
hamilton,1
weakly,1
stigmatize,1
remarkably,1
fled,1
reactionaries,1
casting,1
polities,1
violent,1
fight,1
aturai,1
omnipotent,1
xli,1
father,1
background,1
polemicists,1
discovery,1
moralist,1
range,1
bear,1
restrained,1
alas,1
fictional,1
unfairly,1
safer,1
borough,1
top,1
beds,1
lecture,1
moreham,1
food,1
hypotheses,1
revising,1
mysticism,1
rivers,1
dress,1
spurlock,1
returned,1
prostitute,1
engaging,1
pauline,1
commonplaces,1
labourers,1
fruits,1
profanely,1
shelter,1
sacrificing,1
unjustifiably,1
quotation,1
urbana,1
philology,1
sensitivity,1
aaron,1
utter,1
leaned,1
maintenance,1
espous,1
spawned,1
studie,1
tatler,1
byassed,1
brussels,1
mount,1
vieth,1
joanne,1
easter,1
filled,1
proximity,1
reins,1
ptolemy,1
displaying,1
kaye,1
humour,1
inscribed,1
polygyny,1
glaring,1
decide,1
variably,1
silly,1
systems,1
detained,1
andreadis,1
declare,1
wise,1
ann,1
fanned,1
extravagance,1
marchioness,1
modish,1
ate,1
twofold,1
figures,1
elbridge,1
davidoff,1
plaisirs,1
regimes,1
arresting,1
encompassing,1
tanya,1
smokers,1
performing,1
china,1
genesis,1
incline,1
fornicators,1
consists,1
καταβάπτιςαι,1
proc,1
reformulations,1
enumerated,1
bars,1
crucial,1
chance,1
linda,1
amherst,1
hommes,1
vague,1
slow,1
disagreements,1
unquestioned,1
physiologically,1
gomorrah,1
sensitive,1
streetwalkers,1
interfere,1
sandwich,1
overpowered,1
softer,1
conjugium,1
leachery,1
edns,1
testifies,1
mccalman,1
miami,1
whonng,1
specious,1
unusual,1
ipyrotechnicaloyolana,1
blood,1
aspirations,1
kings,1
nayler,1
humbly,1
get,1
pithily,1
sailors,1
nowhere,1
pleasurable,1
marquis,1
poets,1
echoes,1
torment,1
mathematically,1
empty,1
sav,1
marjorie,1
blanco,1
complexity,1
richter,1
staunch,1
aspersions,1
solitary,1
scrupled,1
partnerships,1
beside,1
continues,1
secondât,1
eng,1
apprehended,1
rightness,1
cudworth,1
doi,1
disdain,1
tony,1
godfrey,1
rolleston,1
consanguinity,1
ry,1
hospitality,1
drafting,1
erected,1
courtesan,1
plagiaries,1
lewes,1
guerre,1
maximilian,1
partner,1
introducing,1
tendencies,1
suitors,1
thinges,1
rait,1
expanding,1
relieve,1
interested,1
stifle,1
leaders,1
luther,1
constructions,1
magistraticall,1
sketches,1
eventually,1
searched,1
hospital,1
contradictory,1
rely,1
goods,1
beales,1
precarious,1
chalked,1
cxxii,1
centlivre,1
inhabiants,1
dost,1
trelawny,1
outrage,1
lxvii,1
type,1
réelles,1
sie,1
purported,1
correspondents,1
born,1
suffering,1
dudgeon,1
delineated,1
denouncing,1
investigation,1
reign,1
bristol,1
physiology,1
rose,1
ffrigg,1
webster,1
trope,1
whig,1
dallas,1
allcomprehensive,1
reiterated,1
validate,1
transactions,1
executing,1
unnecessary,1
leaving,1
henrick,1
jack,1
injunction,1
linger,1
pankhurst,1
institute,1
require,1
explored,1
episode,1
wrongs,1
goodman,1
urban,1
enshrin,1
simester,1
translated,1
adriaan,1
elias,1
multiple,1
thereby,1
responded,1
uniform,1
castamore,1
elucidate,1
underpins,1
strangers,1
regulate,1
steintrager,1
step,1
assumptions,1
adapted,1
measure,1
substance,1
families,1
gain,1
accorded,1
proceeds,1
sanctioned,1
lechery,1
compulsion,1
fining,1
defends,1
underwood,1
authorial,1
argues,1
friendships,1
ignored,1
julius,1
pseud,1
envisaged,1
numerous,1
institutional,1
opens,1
kirkville,1
mode,1
newsletter,1
typescript,1
constructed,1
unbelievable,1
caricaturing,1
maids,1
derive,1
terribly,1
rictor,1
madison,1
eter,1
increased,1
unstoppable,1
dispose,1
critico,1
repealed,1
observation,1
anciently,1
intensely,1
pioneering,1
vertue,1
tillotson,1
clet,1
predicaments,1
virtus,1
supervision,1
virgins,1
asymmetry,1
entire,1
antient,1
uk,1
wickedness,1
resist,1
infancy,1
weil,1
premature,1
fourteenthand,1
tricky,1
proponent,1
arithmetic,1
noe,1
jw,1
kisses,1
vividly,1
rvskamd,1
eagerly,1
horror,1
superiority,1
huntington,1
lorimer,1
forceful,1
apocalypsis,1
along,1
cunningly,1
curtailed,1
generous,1
broadest,1
taft,1
market,1
deduced,1
schism,1
sprats,1
vogue,1
propagation,1
feinberg,1
string,1
evans,1
affidavit,1
phonetic,1
germany,1
buttocks,1
obsolete,1
ligurianj,1
unprocreative,1
banishing,1
pidgeon,1
todd,1
identify,1
alwaies,1
miriam,1
harald,1
sekte,1
injuries,1
solidarity,1
strictly,1
essavs,1
fletcher,1
contend,1
antinomians,1
desperately,1
areopasitica,1
hermaphrodites,1
roget,1
xxxi,1
gardner,1
illogicality,1
sedgwick,1
remarry,1
conquest,1
detrimental,1
rodger,1
remedy,1
something,1
eye,1
gallantries,1
inquisitor,1
controlled,1
cottage,1
invoking,1
lame,1
monogamous,1
cries,1
hence,1
wilfred,1
infringe,1
klibansky,1
finger,1
zaad,1
papist,1
clergymen,1
admonition,1
amatory,1
prestigious,1
parodied,1
haeresie,1
memorial,1
unjust,1
hellmuth,1
paramount,1
artificiality,1
warm,1
bowers,1
dismayed,1
solace,1
confiscation,1
puritanism,1
salvos,1
despotism,1
denying,1
lydia,1
certayne,1
melanchthon,1
prynne,1
maurice,1
rmerod,1
harmondsworth,1
petty,1
himes,1
dependence,1
innes,1
stand,1
reminiscent,1
sleepless,1
titlepage,1
fallibility,1
wagner,1
calamy,1
tragedy,1
stayer,1
ernest,1
geoffrev,1
fortune,1
cue,1
existence,1
manifesto,1
assertions,1
righteous,1
otthein,1
constraint,1
primary,1
bases,1
committ,1
cleared,1
greenland,1
heron,1
gough,1
wilfully,1
penlez,1
machinery,1
strand,1
tracing,1
strictnesse,1
raft,1
powers,1
taxation,1
insight,1
hodgson,1
medical,1
doctrinal,1
surrounded,1
powell,1
infringement,1
reaffirm,1
looseness,1
bello,1
erred,1
bottom,1
erotisme,1
bailey,1
permissive,1
defoel,1
dignity,1
warfare,1
irrelative,1
strier,1
conflict,1
preoccupied,1
associations,1
lansdowne,1
selves,1
passeran,1
filosofia,1
eventual,1
johnbowring,1
spectrum,1
due,1
johnbunyan,1
fbasinestoke,1
curse,1
vanbrugh,1
plato,1
relatively,1
brother,1
spendthrift,1
scotch,1
reproduced,1
pay,1
legislators,1
assured,1
halfadultery,1
campaigner,1
learning,1
zói,1
campaigners,1
bacon,1
complains,1
taint,1
honourable,1
lavatories,1
popple,1
apollo,1
compulsory,1
judg,1
lineage,1
dates,1
fabrications,1
mcelligott,1
libraries,1
truly,1
palladium,1
cather,1
deceased,1
communication,1
details,1
activism,1
adult,1
marx,1
commanding,1
seil,1
handful,1
ethically,1
reasonings,1
hero,1
weapon,1
supremacy,1
erotic,1
dangerously,1
reflects,1
sophister,1
walsham,1
ox,1
assuage,1
lucy,1
stricter,1
tolerantia,1
penitence,1
stop,1
nonsense,1
anglican,1
cii,1
heresy,1
breast,1
capture,1
convicted,1
secularization,1
ce,1
adopted,1
killing,1
undefiled,1
catholics,1
arrangements,1
locks,1
saints,1
lamented,1
variant,1
magistracy,1
ongoing,1
study,1
distant,1
space,1
derek,1
cby,1
unprecedentedly,1
reinterpretation,1
hook,1
bonds,1
send,1
braddick,1
leveller,1
wee,1
biased,1
xlvi,1
counterparts,1
quinlan,1
zekere,1
shaming,1
organization,1
motions,1
straffen,1
specialization,1
abuses,1
unimportant,1
congregate,1
thirty,1
bruce,1
cataloguer,1
weak,1
frequently,1
cunning,1
orientation,1
companions,1
duby,1
stewart,1
cotton,1
tides,1
dooley,1
imminent,1
lascivious,1
equivalence,1
ostracism,1
λεύτερα,1
retirement,1
paragraph,1
injust,1
enacting,1
talking,1
maze,1
moving,1
unfolding,1
roome,1
horatio,1
marion,1
correspondent,1
henceforth,1
relating,1
conventionally,1
tucker,1
crowd,1
reply,1
fishing,1
plump,1
deceitful,1
phallocentrism,1
hospitals,1
vigorous,1
poetry,1
representative,1
inversion,1
sandys,1
unions,1
braun,1
milne,1
complain,1
precipitate,1
publike,1
sticklers,1
intolerable,1
viewed,1
criminalization,1
moderne,1
madonnas,1
younger,1
scale,1
hare,1
ford,1
refuge,1
lyons,1
sodomite,1
practise,1
assignation,1
receive,1
aspiration,1
cato,1
colonies,1
mobilization,1
mutanda,1
ode,1
mandatory,1
inferred,1
swelled,1
weaver,1
industrial,1
instituted,1
romev,1
dissatisfaction,1
spy,1
curbed,1
distinctively,1
alehouse,1
satirical,1
sharon,1
related,1
norah,1
inherited,1
sheehan,1
records,1
emancipation,1
ttitudes,1
ryly,1
exempt,1
depraved,1
flatter,1
buff,1
currents,1
markedly,1
manipulation,1
avoided,1
aspired,1
tone,1
governs,1
tolerant,1
commerce,1
successful,1
xxvi,1
nharmonie,1
peaceableness,1
hardly,1
mclntosh,1
dissolute,1
practising,1
multitude,1
wrestling,1
bosome,1
persuade,1
fantasized,1
christianitv,1
ifs,1
nineteenthand,1
transfer,1
dramatic,1
matrons,1
priestlevl,1
convey,1
decline,1
vacuum,1
suddenly,1
deviant,1
colours,1
redefinition,1
foremost,1
futility,1
crux,1
intirely,1
cattle,1
results,1
protectorate,1
vent,1
heralding,1
negligence,1
travaile,1
censor,1
aggregate,1
questioning,1
small,1
agaynst,1
parks,1
monmouth,1
yarmouth,1
periods,1
seuls,1
void,1
integrating,1
kindness,1
battersby,1
unofficial,1
request,1
retaken,1
tyme,1
protecting,1
bred,1
sanctity,1
tijdschrift,1
imagery,1
synthesis,1
revival,1
toward,1
techniques,1
play,1
acknowledged,1
oversight,1
innocence,1
pidgeons,1
narrowing,1
vulnerable,1
ogg,1
tully,1
comments,1
deserves,1
anabaptist,1
att,1
zeal,1
sincere,1
cheap,1
communities,1
dispassion,1
miscellany,1
valerie,1
fair,1
commending,1
extraneous,1
repressive,1
sonnets,1
intersperse,1
requiring,1
copulations,1
subservient,1
morgan,1
luke,1
palmer,1
initiation,1
adherence,1
ci,1
choices,1
deliver,1
lawful,1
armed,1
aristotle,1
ev,1
useful,1
persuasive,1
samson,1
organizations,1
starting,1
tonnies,1
fanny,1
fleshly,1
houston,1
jeffrey,1
faculty,1
tar,1
garrison,1
trois,1
slavery,1
unenforceable,1
addition,1
wanting,1
almighty,1
insatiable,1
σ,1
professed,1
punctuation,1
wesley,1
superficial,1
recurrent,1
wine,1
philanthropy,1
defiled,1
outdated,1
immoralities,1
break,1
hear,1
schandelyke,1
pattern,1
imperfect,1
enlarge,1
tranquillity,1
concubinacy,1
accusations,1
sprague,1
risked,1
disassociate,1
decried,1
ofsodoma,1
adventurers,1
socinian,1
capricious,1
liking,1
ensured,1
conceiving,1
establish,1
lancelot,1
council,1
chesham,1
spirited,1
metropolitan,1
octavio,1
jacobs,1
prescribe,1
henriques,1
reflected,1
imputed,1
day,1
historiographical,1
desires,1
repudiation,1
vilenesse,1
reveals,1
juglings,1
kathleen,1
uncle,1
intent,1
collated,1
reversed,1
virgin,1
sober,1
churchmen,1
decent,1
defied,1
vexed,1
bigamists,1
conceivable,1
enhanced,1
rehabilitation,1
owe,1
manifestations,1
noblemen,1
finding,1
lowe,1
pillory,1
tenets,1
narrowness,1
controlling,1
denies,1
enduring,1
distrust,1
dye,1
equity,1
bed,1
numbered,1
conflicted,1
philosophe,1
exhibited,1
attic,1
travailes,1
lifestyle,1
obstruct,1
pagan,1
ceremonies,1
immeasurably,1
theoretical,1
maid,1
gleefully,1
banish,1
fracturing,1
reality,1
josiah,1
express,1
objection,1
interpret,1
rammstedt,1
belongs,1
serial,1
congratulatory,1
irregularity,1
geschichtsblätter,1
fancy,1
lstser,1
imprison,1
kans,1
permitting,1
municipal,1
strumpets,1
quick,1
brereley,1
sanity,1
shadwell,1
sensuality,1
conway,1
parochial,1
newcastle,1
xvi,1
eugen,1
accordingly,1
éd,1
patterson,1
femininity,1
muggleton,1
looks,1
dominance,1
kather,1
morris,1
grain,1
forefront,1
lustfully,1
quarterly,1
conveyed,1
walsh,1
hanover,1
diana,1
philosophicall,1
vain,1
pastor,1
vickery,1
uncontroupd,1
maried,1
installs,1
profaneness,1
soziale,1
usury,1
biographer,1
islamic,1
sword,1
browne,1
violation,1
copulate,1
residual,1
masculinities,1
assert,1
figure,1
five,1
willingly,1
plays,1
prudent,1
legislator,1
cthare,1
insufficient,1
outburst,1
statutes,1
rob,1
concluding,1
owenites,1
explainers,1
effectively,1
threaten,1
originated,1
papists,1
antiquity,1
sheriffs,1
boaz,1
touchstone,1
paternal,1
participator,1
informers,1
inferior,1
sheds,1
wheeler,1
kissed,1
capt,1
beasts,1
israelites,1
thinly,1
res,1
rudiments,1
hearts,1
disturb,1
neglected,1
kalogynomia,1
unpunishable,1
beast,1
terrible,1
hanging,1
intervened,1
redemption,1
humane,1
divorcing,1
priapus,1
boundless,1
qu,1
pace,1
inferiority,1
conly,1
palace,1
aspire,1
narrowly,1
traub,1
bernardino,1
sinews,1
benn,1
unrespectable,1
evolved,1
printer,1
feature,1
disinterested,1
worth,1
xliii,1
inclined,1
unchristian,1
dabbler,1
tryalofjohn,1
wherby,1
ph,1
casuistry,1
propaganda,1
lodgings,1
visiting,1
imaginable,1
provoke,1
otley,1
plague,1
dared,1
ferocity,1
longstanding,1
verlichting,1
deflowered,1
idolatry,1
oliver,1
advances,1
womans,1
prescribing,1
reproach,1
blowing,1
lennard,1
quiet,1
wit,1
virtual,1
avoidance,1
laudable,1
economy,1
combined,1
winship,1
stability,1
probation,1
independently,1
males,1
add,1
disown,1
saint,1
remove,1
firmly,1
ruin,1
sunk,1
antinomianism,1
provok,1
égard,1
kitty,1
uncontroll,1
yt,1
studying,1
notebooks,1
proposing,1
huge,1
suspicion,1
scruples,1
des,1
incoherence,1
ivan,1
debaucheries,1
exegesis,1
benefited,1
outline,1
severely,1
pain,1
scott,1
prevalent,1
press,1
practica,1
november,1
predecessors,1
reserves,1
ignorant,1
plainer,1
treasury,1
twin,1
aspect,1
lxxix,1
pravity,1
remarks,1
courtship,1
ucl,1
eric,1
energies,1
suffrage,1
ature,1
wild,1
extralegal,1
devoted,1
understandings,1
acceptability,1
impassioned,1
mayo,1
instructive,1
righteousness,1
knights,1
lately,1
snarling,1
jacques,1
unease,1
betty,1
glorify,1
redrawn,1
wish,1
sectaries,1
interpolations,1
depending,1
unfit,1
xxxix,1
suffers,1
misleadingly,1
guiding,1
unfashionable,1
celibacy,1
centrality,1
piece,1
programme,1
wintemute,1
area,1
tutchin,1
socialism,1
speak,1
folly,1
exploded,1
lawmind,1
morally,1
dissent,1
imaginations,1
safeguard,1
ambitiously,1
lustings,1
mystery,1
hayter,1
weber,1
peutêtre,1
compton,1
houlbrook,1
evangelicals,1
ingrained,1
militantly,1
abandoned,1
heir,1
corns,1
cive,1
clerics,1
cretney,1
workings,1
carnall,1
lucretius,1
gerald,1
mostly,1
corrects,1
surreptitious,1
fathers,1
bride,1
incontestably,1
behavioural,1
hurley,1
nijmegen,1
pity,1
emerson,1
engendered,1
credibility,1
introductions,1
ferdinand,1
thrown,1
dissolution,1
considerably,1
swallow,1
lvi,1
alluded,1
measurable,1
overton,1
jurisdictions,1
fate,1
perus,1
uncomfortable,1
referring,1
rogers,1
schools,1
reprobate,1
inconsistent,1
reassured,1
divers,1
upheaval,1
park,1
abrams,1
conclusive,1
child,1
hazlitt,1
comparisons,1
unassisted,1
harsh,1
charitable,1
tells,1
husbands,1
whigs,1
estelle,1
episcopalian,1
claire,1
societal,1
palpable,1
courtesans,1
tenent,1
unregenerate,1
test,1
immutable,1
cast,1
lxxvii,1
forgive,1
provision,1
permit,1
deriv,1
lightly,1
ghosh,1
progressed,1
ay,1
kempshall,1
playes,1
aftermath,1
schönert,1
refusal,1
bribed,1
glimpsed,1
menny,1
reviled,1
reproached,1
reach,1
peck,1
capitalist,1
selfe,1
carter,1
broadly,1
suggesting,1
daily,1
immodest,1
burglary,1
potentially,1
blind,1
disgust,1
producing,1
assembled,1
swearing,1
onto,1
cohesion,1
enlighten,1
homélies,1
integrate,1
embrace,1
crozier,1
forefathers,1
disputable,1
resorting,1
improving,1
trouble,1
ruined,1
gratified,1
infection,1
nederland,1
akin,1
nationwide,1
sound,1
est,1
proceed,1
winnington,1
tie,1
pub,1
muddled,1
worthy,1
announced,1
prior,1
compelling,1
leo,1
ofwisdome,1
paucity,1
shame,1
oedipus,1
clemency,1
reaction,1
holiness,1
terence,1
enervate,1
mounting,1
vanity,1
combination,1
apostles,1
loosely,1
cumberland,1
trevor,1
keeps,1
condemnations,1
forged,1
leviticus,1
zod,1
tied,1
pursuing,1
exist,1
maynard,1
bleeding,1
accessible,1
fun,1
xlvii,1
utopian,1
eating,1
alarm,1
abstention,1
incessantly,1
immaculate,1
xxiii,1
silent,1
nuptial,1
efectuai,1
rebecca,1
lustig,1
deliberation,1
absolved,1
mutable,1
occurs,1
coalitions,1
kirk,1
ravish,1
scudding,1
acquirable,1
cruising,1
meyer,1
fischer,1
dudley,1
privilege,1
estimates,1
inserted,1
illuminates,1
maxims,1
irregularities,1
menshikov,1
paederasty,1
speed,1
columbia,1
honesty,1
restrict,1
extraordinary,1
apr,1
dined,1
quintessentially,1
huntston,1
unequivocally,1
student,1
cthys,1
crack,1
pointing,1
fellow,1
mather,1
bills,1
popish,1
harborough,1
rates,1
unfortunate,1
adversary,1
jurist,1
suted,1
gaining,1
downright,1
online,1
enthrall,1
philadelphia,1
warre,1
license,1
montaigne,1
statements,1
disquiet,1
tarse,1
keymer,1
possession,1
organizing,1
giornale,1
romantics,1
amputation,1
environments,1
taller,1
determining,1
stench,1
sisns,1
brand,1
sophistry,1
viscountess,1
allegory,1
disturbers,1
augmented,1
antithesis,1
clarification,1
lea,1
guides,1
harmed,1
gavison,1
mrs,1
utterly,1
wanted,1
females,1
abridgment,1
preclude,1
imposing,1
punyshed,1
descent,1
whoremongers,1
india,1
behaviours,1
metaphysics,1
latin,1
sum,1
falshood,1
amenable,1
diffuse,1
invariably,1
contemporaries,1
ecce,1
preventative,1
indefinitely,1
belford,1
hair,1
outspoken,1
cet,1
soules,1
commented,1
exploited,1
shorter,1
swinton,1
scribner,1
shouldbe,1
behn,1
schooling,1
mendacious,1
ciii,1
restriction,1
tu,1
harleian,1
italics,1
jnlofsoc,1
thrust,1
concupiscence,1
moloney,1
explanatory,1
gregory,1
bloudy,1
lawgivers,1
fitted,1
passionlessness,1
contravened,1
complications,1
alienation,1
greedily,1
knott,1
fortunes,1
heavenly,1
ductor,1
das,1
joy,1
economics,1
gallico,1
criticisms,1
disingenuous,1
emerge,1
wunderli,1
equivalents,1
suits,1
unthinkable,1
abomination,1
ceases,1
rent,1
ogle,1
purge,1
gill,1
reinforce,1
revive,1
meet,1
applied,1
thou,1
spur,1
hath,1
fox,1
availability,1
oh,1
throne,1
periodical,1
rioting,1
pagans,1
towill,1
figurative,1
indiscretions,1
artefacts,1
lure,1
bewegung,1
asexual,1
joanna,1
tool,1
qualifications,1
goldstein,1
deranging,1
homily,1
unfinished,1
eskridge,1
calls,1
reduction,1
description,1
englishmen,1
childe,1
lovely,1
q,1
couched,1
printers,1
broad,1
relevance,1
falling,1
rituals,1
matrimonial,1
theologian,1
deserved,1
believes,1
overseas,1
il,1
ives,1
queer,1
nidditch,1
meddling,1
custome,1
monroe,1
weeks,1
count,1
mennonitische,1
nose,1
aided,1
mcmichael,1
cognizance,1
tenfold,1
easton,1
correct,1
below,1
allegiance,1
diminish,1
questionable,1
adherents,1
talked,1
theoretically,1
behold,1
warrant,1
keenly,1
kilcullen,1
colby,1
lords,1
sake,1
pupils,1
menage,1
exile,1
consensus,1
june,1
objectively,1
bottle,1
foxcroft,1
diversified,1
whatsoever,1
offending,1
withyou,1
publicise,1
pays,1
sappho,1
joel,1
fornicate,1
newly,1
waiting,1
kynges,1
incumbent,1
dietary,1
leah,1
sobriety,1
blanket,1
flourished,1
dalton,1
uncommon,1
eckhart,1
transform,1
contrivance,1
excludes,1
disputation,1
bringing,1
bosavern,1
strictures,1
licensing,1
lynn,1
prospectus,1
enjoyable,1
streightlac,1
forman,1
aplin,1
βασιλική,1
hollandy,1
instincts,1
purest,1
prose,1
charm,1
covert,1
healthful,1
betray,1
hatsell,1
sidgwick,1
mcnair,1
convictions,1
artificially,1
ubiquity,1
coherence,1
fragmentary,1
examined,1
βί,1
harriette,1
serve,1
graunt,1
fifth,1
inspiration,1
roper,1
custody,1
puzzle,1
participants,1
torments,1
stocking,1
rightly,1
eros,1
eliza,1
pioneered,1
pseudonym,1
popularized,1
topical,1
dwindled,1
yearning,1
provocative,1
illustrated,1
ferment,1
moments,1
phyllis,1
charismatic,1
subjective,1
bkv,1
worst,1
majority,1
unlimited,1
deterred,1
attacks,1
bulk,1
upset,1
popularity,1
strike,1
mighty,1
towns,1
copp,1
inaction,1
diminishing,1
coincidence,1
treatment,1
endless,1
knowe,1
instability,1
exclusion,1
easie,1
penned,1
coud,1
frvtefvll,1
debauching,1
inherently,1
babylon,1
beckford,1
drinking,1
εκλεκτική,1
kosofsky,1
obscures,1
interview,1
featley,1
rosenblatt,1
blasphemous,1
project,1
mort,1
hale,1
wickliffe,1
clapperton,1
threats,1
gives,1
antony,1
moors,1
campaigns,1
robertson,1
failings,1
chiefly,1
matthews,1
bucer,1
defile,1
hannah,1
mendelson,1
dühren,1
harms,1
apology,1
souldiers,1
thelwair,1
atherton,1
replaces,1
utterance,1
gentium,1
reeve,1
loveworth,1
bondage,1
bridling,1
sprang,1
leonore,1
haestens,1
peevish,1
diaries,1
academics,1
resulting,1
archly,1
comprehensively,1
predomitant,1
prelude,1
taboos,1
stopping,1
ratified,1
california,1
overturned,1
perrenot,1
negotiating,1
deploring,1
whithersoever,1
apophthegms,1
jose,1
publication,1
bertrande,1
reputation,1
soldiers,1
urge,1
cof,1
tierney,1
anxious,1
divisions,1
liberate,1
perverse,1
wholesale,1
innermost,1
acquiescence,1
sabine,1
features,1
brewer,1
collaborator,1
inquiring,1
irresolvable,1
practiced,1
probable,1
believing,1
gangrenous,1
smet,1
transcript,1
construct,1
thornton,1
uglinesse,1
valued,1
caesar,1
editors,1
confinement,1
presbyterians,1
sight,1
compute,1
correction,1
teach,1
preeminently,1
seeking,1
preand,1
differ,1
dividing,1
lollards,1
wells,1
theo,1
institution,1
joint,1
theatrical,1
latitudinarians,1
hague,1
reconsiled,1
canterbury,1
visit,1
arse,1
rachel,1
reproaches,1
indoctrination,1
defensible,1
gibson,1
liberalism,1
iran,1
dual,1
naturali,1
raise,1
delhi,1
replied,1
meets,1
assiduously,1
memorably,1
informing,1
practitioners,1
prosecutions,1
debauchees,1
andmagdalens,1
chernaik,1
pedigree,1
devlin,1
interplay,1
heidelberg,1
maximizing,1
cruwys,1
pretendedly,1
intend,1
responsible,1
profess,1
existed,1
achieve,1
commits,1
dead,1
supporting,1
censured,1
months,1
oriana,1
dissertation,1
vielweiberei,1
meddle,1
ofthat,1
contained,1
heavy,1
rarely,1
celia,1
breach,1
cromwell,1
satirist,1
homosocial,1
gibraltar,1
pointless,1
ogden,1
extensive,1
sodoms,1
scarcely,1
invoked,1
lesserand,1
shop,1
disapproval,1
fallaci,1
controup,1
command,1
extolled,1
barr,1
pastyme,1
quickly,1
uncommonly,1
severities,1
basking,1
tongue,1
vicinus,1
artifice,1
eloquence,1
setting,1
exploration,1
ubiquitous,1
speck,1
skinner,1
sexualité,1
surprised,1
vicious,1
speech,1
profoundest,1
bedfellows,1
metaphorical,1
infer,1
xxii,1
barbarisms,1
examining,1
identities,1
masterpiece,1
pour,1
misdemeanours,1
places,1
decriminalization,1
catalogue,1
redefined,1
appoynted,1
steal,1
automatically,1
declaims,1
reinterpretations,1
accounts,1
want,1
cwe,1
lucca,1
ο,1
sharpies,1
textbook,1
alice,1
loved,1
appropriated,1
prestige,1
freeholder,1
patience,1
levy,1
minimal,1
ascertain,1
gratitude,1
whence,1
unsophisticated,1
epitomizes,1
extracts,1
booke,1
sea,1
delia,1
scoffed,1
lesbianism,1
yearly,1
nernicious,1
rossiaud,1
respectable,1
subculture,1
necessitate,1
rebels,1
multiply,1
rpj,1
propagating,1
shown,1
michèle,1
solely,1
patriarchy,1
formality,1
copies,1
exposition,1
quest,1
decrease,1
foundling,1
materials,1
laskey,1
sufferings,1
jacobean,1
decriminalized,1
parallels,1
commentaries,1
typically,1
brownet,1
bulstrode,1
underworlds,1
incurable,1
ellenzweig,1
anatomical,1
crafty,1
seeks,1
ashley,1
objections,1
southcombe,1
classification,1
deductions,1
diggers,1
anonymous,1
supported,1
charlotte,1
upstate,1
distinctions,1
protested,1
enormity,1
dickens,1
reflecting,1
matrimony,1
bounds,1
persuaded,1
erroneously,1
biller,1
cody,1
unpardonable,1
vulgar,1
punk,1
lxii,1
meeting,1
pillars,1
conception,1
hobbism,1
perpetual,1
impotent,1
gentlewoman,1
miller,1
attendant,1
unabashedly,1
inward,1
handsome,1
currently,1
validation,1
doubts,1
xxxvi,1
prefer,1
ambivalence,1
obey,1
silences,1
pollute,1
implying,1
commitment,1
bedenkingen,1
languens,1
interessante,1
godbeer,1
affirming,1
succession,1
brilliantly,1
thornborough,1
per,1
cochrane,1
connect,1
conversion,1
swedenborg,1
settlements,1
replaced,1
brooke,1
spinozistisch,1
denied,1
elaborated,1
imperfection,1
atalantis,1
etching,1
openness,1
baier,1
tullio,1
marcus,1
κατάπτυςοι,1
sophia,1
ramsay,1
schroer,1
taverns,1
invent,1
exeter,1
subjection,1
observing,1
cit,1
avow,1
othello,1
martyrs,1
relativism,1
jp,1
β,1
pioneers,1
verdict,1
proclamation,1
η,1
avies,1
lyable,1
mandelbrote,1
venice,1
inexperienced,1
disagreement,1
distinguishing,1
contemptuously,1
devonshire,1
θεολογία,1
contrasted,1
neil,1
paternalism,1
regrettable,1
clothed,1
burrell,1
secondary,1
governed,1
grands,1
confusion,1
essayes,1
coming,1
indifferent,1
follows,1
whipping,1
fondled,1
atlantic,1
abolishing,1
closer,1
concludes,1
composition,1
aldermen,1
mischievously,1
damage,1
leigh,1
devised,1
cheshire,1
fullest,1
hostile,1
haue,1
bluntly,1
depends,1
unconscious,1
cursedly,1
annihilating,1
generosity,1
pagitt,1
archœologiœ,1
shaken,1
boldnes,1
owing,1
paved,1
motion,1
eckhardt,1
politicized,1
prescriptions,1
begotten,1
thrusts,1
epistola,1
italian,1
wrigley,1
quality,1
cressy,1
etienne,1
births,1
geslechtsleben,1
dutch,1
disadvantage,1
peggy,1
bell,1
regards,1
chaster,1
establishment,1
honoré,1
enter,1
fiercely,1
sweet,1
grantham,1
exposed,1
muscovy,1
consumer,1
regarding,1
childbirth,1
joan,1
dods,1
advis,1
ith,1
begetting,1
enslave,1
historically,1
republished,1
severe,1
mine,1
cott,1
arrested,1
categorized,1
tables,1
arnot,1
animosity,1
exiled,1
perennial,1
mixed,1
vigilance,1
batter,1
enjoying,1
mating,1
gilman,1
heightened,1
jr,1
writ,1
ranters,1
sages,1
echo,1
susanna,1
exponent,1
rank,1
patristic,1
elements,1
unclean,1
repositioned,1
reluctance,1
inclinations,1
adumbrated,1
yeares,1
cohen,1
theologia,1
destroys,1
declamation,1
sincerely,1
y,1
conspiracy,1
uality,1
huguenot,1
morrill,1
crawford,1
sartorial,1
weakness,1
fierce,1
stanley,1
belliza,1
bauthumley,1
resulted,1
sears,1
haggerty,1
battles,1
entwine,1
odium,1
dodd,1
mansoul,1
connexion,1
objectionable,1
contrivers,1
disposed,1
rebuked,1
deviations,1
sceptics,1
scintillating,1
commune,1
testimony,1
legible,1
troubled,1
compatible,1
rsmalbrokel,1
ironic,1
peacock,1
landscape,1
keniston,1
calculation,1
remote,1
stuttgart,1
levine,1
edwin,1
scottish,1
propagate,1
tolerable,1
interpose,1
pardoned,1
ole,1
dalliaunce,1
gentlemanly,1
govern,1
limitation,1
discoveries,1
productive,1
awareness,1
factors,1
polite,1
valuation,1
exceptional,1
posthumous,1
bainham,1
enjoined,1
category,1
liy,1
conformed,1
dean,1
improvement,1
sorts,1
severity,1
organized,1
vindicated,1
driven,1
mckendrick,1
weather,1
traces,1
desirability,1
sekora,1
surpassing,1
exemplify,1
upper,1
fictitious,1
coventry,1
looser,1
ecc,1
four,1
unavoidable,1
continual,1
encouragement,1
splendor,1
noire,1
hallifax,1
stark,1
inflicting,1
zealous,1
faced,1
stands,1
perceive,1
commanded,1
disappeared,1
atlanta,1
compted,1
theft,1
declined,1
speeches,1
solved,1
cwhy,1
events,1
moorfields,1
initial,1
utler,1
base,1
whitney,1
secretly,1
execute,1
handbook,1
companion,1
pure,1
atrocious,1
parenthood,1
urgent,1
informed,1
cohabitation,1
inadequately,1
anie,1
humean,1
mischievous,1
asperity,1
outlined,1
produce,1
perform,1
volker,1
wide,1
youthe,1
revived,1
jewish,1
triumph,1
cryle,1
payable,1
shape,1
watershed,1
copious,1
payer,1
protected,1
internalization,1
elisa,1
brundage,1
pascoe,1
bounded,1
nameless,1
abolitionist,1
reid,1
seal,1
policed,1
county,1
netta,1
waldron,1
explains,1
flogging,1
confined,1
anathema,1
anew,1
mortels,1
caught,1
minority,1
heresiography,1
sexually,1
laurence,1
instinctive,1
obscured,1
overtly,1
literally,1
inspire,1
contextualizing,1
avowedly,1
laciviousnes,1
martha,1
spouses,1
delay,1
subtle,1
evening,1
phraim,1
swarming,1
halsband,1
prefix,1
catalogues,1
fury,1
stimulated,1
reaches,1
quite,1
atmosphere,1
anarchy,1
involved,1
airy,1
iyy,1
autonomy,1
indiscipline,1
crokatt,1
revealing,1
disaster,1
invoke,1
observe,1
peak,1
met,1
mutilation,1
protect,1
torrent,1
potent,1
miracles,1
core,1
brio,1
reverend,1
enquired,1
maiestie,1
beauty,1
protagonist,1
grateful,1
gross,1
passive,1
valuable,1
puritane,1
promising,1
bolstered,1
supprest,1
laughed,1
langley,1
catalysts,1
misogynist,1
sylvia,1
ramifications,1
misdaad,1
hegemony,1
plucking,1
osmund,1
rome,1
manoower,1
ac,1
penalized,1
successes,1
corporation,1
fucks,1
conveniency,1
matrilineal,1
warner,1
breath,1
reduce,1
dread,1
dubitantium,1
hanged,1
standing,1
boy,1
relaxed,1
spot,1
selection,1
seditious,1
riches,1
vie,1
donne,1
depicted,1
outlets,1
relied,1
felicity,1
reference,1
contribute,1
pee,1
wake,1
venery,1
recommendation,1
complication,1
assemblies,1
loosening,1
denounced,1
pastj,1
elizabeth,1
indefensible,1
intending,1
riots,1
bind,1
propounded,1
yoke,1
freer,1
spluttered,1
lewd,1
immortalities,1
penalties,1
gentlemen,1
jon,1
chow,1
chose,1
street,1
party,1
leader,1
fire,1
visitor,1
successfully,1
tuck,1
seduced,1
miscegenation,1
stronger,1
stories,1
hollow,1
theholy,1
preferences,1
successively,1
shrubbery,1
registration,1
meanes,1
shows,1
holloway,1
abstain,1
maternal,1
verifiable,1
proposal,1
axtell,1
florio,1
witnesses,1
praiseworthy,1
nonconformists,1
sloppy,1
contradict,1
barrell,1
omitted,1
dispassionate,1
variation,1
underpin,1
rhetoric,1
satyr,1
proverbial,1
posit,1
amanda,1
shood,1
lucifer,1
karl,1
marrying,1
anglicans,1
dance,1
matheron,1
wartime,1
misconduct,1
bigamy,1
annette,1
intensify,1
patently,1
tohn,1
entitlement,1
alarmed,1
obituary,1
recommend,1
limborch,1
myself,1
indomitable,1
demonstrated,1
astray,1
abettors,1
worsening,1
brady,1
lawfull,1
discrimination,1
persists,1
previously,1
inmost,1
elite,1
mitigating,1
empirical,1
granting,1
elegy,1
nobleman,1
sold,1
sommerville,1
refers,1
levellers,1
chichester,1
proneness,1
inflicted,1
satisfactorily,1
rhetorically,1
innocuousness,1
freudian,1
aids,1
hobbiari,1
βια,1
franklin,1
trust,1
prints,1
deployed,1
epistles,1
dismissed,1
unwanted,1
rutt,1
attraction,1
defect,1
witcop,1
helpless,1
orphans,1
trump,1
humanity,1
presentments,1
doctors,1
poke,1
divorces,1
safety,1
entertained,1
heightening,1
defensive,1
owne,1
started,1
coherently,1
collected,1
confind,1
grcecce,1
spirits,1
soule,1
intrinsic,1
actively,1
catamite,1
braver,1
partes,1
presentment,1
annually,1
labour,1
apostasy,1
primogeniture,1
narrow,1
birkbeck,1
displayed,1
prisons,1
paley,1
amber,1
euroùe,1
deciphered,1
satirically,1
septennial,1
sanctioning,1
story,1
secures,1
northern,1
thirsk,1
workshop,1
lockean,1
harding,1
imperfectly,1
sandra,1
libertinism,1
liddington,1
improperly,1
jnlbrit,1
tennessee,1
bee,1
lunatics,1
socinians,1
iwan,1
xa,1
socrates,1
ecstasies,1
dolores,1
extream,1
independent,1
provide,1
misbehavior,1
broadened,1
curiosities,1
transvestite,1
employment,1
temporall,1
novak,1
ryan,1
lodowicke,1
burr,1
attacking,1
predatory,1
remarriage,1
georgiana,1
anxiety,1
paradoxical,1
delicacy,1
volumes,1
owed,1
class,1
amusement,1
politicall,1
slogan,1
wadham,1
composed,1
bypass,1
virile,1
wou,1
expounding,1
obstacle,1
mosley,1
reconcilable,1
repressed,1
parkin,1
articles,1
vsed,1
eugene,1
trudgill,1
biology,1
legacies,1
sara,1
concord,1
addressed,1
pitiable,1
fertility,1
produc,1
share,1
jörg,1
spoke,1
grand,1
athens,1
qohn,1
reinforced,1
pregnancies,1
dubious,1
rattray,1
framers,1
ridiculed,1
temporal,1
willingness,1
ralph,1
rotterdam,1
carl,1
sciences,1
prénuptial,1
der,1
concurrence,1
heteronormative,1
scrupulously,1
asylum,1
country,1
innerweltliche,1
scots,1
melt,1
impelling,1
concession,1
descriptions,1
specially,1
equivocal,1
appendix,1
epitomized,1
fundamentals,1
fearless,1
thy,1
followers,1
sermone,1
streets,1
reliability,1
rosie,1
asserting,1
raphael,1
liberal,1
pretended,1
parson,1
jg,1
disadvantaged,1
impinged,1
malignant,1
lx,1
subordinate,1
consisted,1
gratify,1
ladies,1
scholarly,1
inculcating,1
reconcile,1
namely,1
voor,1
varying,1
che,1
statement,1
xcvii,1
ayatollah,1
woodward,1
prepare,1
while,1
minors,1
greedy,1
delicious,1
antisensualist,1
engagements,1
healthy,1
secure,1
uncertainty,1
lenient,1
precedent,1
wanton,1
aphra,1
port,1
ridicule,1
leyden,1
exemplifications,1
bob,1
solid,1
bought,1
ensnare,1
presented,1
undated,1
careful,1
altered,1
surveys,1
introduced,1
bunyan,1
confirm,1
beer,1
convinced,1
mayor,1
lxi,1
reappraisal,1
lyndal,1
kingston,1
tender,1
challenges,1
diocese,1
jan,1
turkish,1
lustful,1
isivh,1
unblinking,1
polynesia,1
priestly,1
radicalism,1
injured,1
mcclain,1
superego,1
camps,1
detestable,1
write,1
seduce,1
hurt,1
π,1
laymen,1
northampton,1
lively,1
pleasing,1
pave,1
steered,1
gentry,1
off,1
amiable,1
familie,1
respective,1
avis,1
proportionably,1
minuteness,1
klein,1
recounted,1
alexandra,1
scratching,1
rejection,1
fornicator,1
opaque,1
inasmuch,1
sheer,1
pat,1
divergent,1
stychin,1
testified,1
seek,1
tring,1
indeterminacy,1
north,1
cavendish,1
tired,1
exclaims,1
successive,1
cin,1
tendentious,1
cvi,1
atheist,1
unbelief,1
irma,1
