WORDCOUNTS,WEIGHT
the,1196
of,767
and,612
in,512
to,363
a,222
that,199
as,146
new,143
on,139
prison,134
american,132
for,132
had,132
by,126
labor,119
s,110
crime,104
state,102
were,101
incarceration,98
york,93
was,89
it,79
mass,75
justice,74
http,73
with,73
postwar,71
more,70
not,70
history,66
see,66
at,63
their,62
than,59
www,58
from,58
century,55
also,55
prisons,54
law,53
urban,51
they,49
this,49
america,46
one,45
or,45
u,45
states,44
twentieth,43
have,43
is,42
such,41
only,40
city,40
pdf,38
so,38
federal,38
did,36
percent,35
cities,35
african,35
but,34
period,34
americans,33
prisoners,33
an,32
after,32
laws,31
when,31
been,31
its,30
workers,30
org,30
h,29
war,29
ed,29
criminal,29
political,28
journal,28
work,28
civil,28
rate,27
enforcement,27
white,27
population,27
private,27
black,27
who,27
united,27
national,27
race,27
later,26
no,26
nation,26
statistics,26
which,26
be,26
carcerai,25
system,25
politics,25
police,25
there,24
out,24
because,24
he,24
rise,24
most,23
act,23
many,23
bureau,23
d,23
historians,22
times,22
punishment,22
public,22
department,22
drug,22
c,22
much,22
democratic,21
detroit,21
could,21
well,21
up,21
social,21
children,21
over,21
those,20
rights,20
however,20
gov,20
com,20
came,19
example,19
people,19
about,19
these,19
party,19
made,19
report,19
inmates,19
them,19
between,19
policy,18
women,18
other,18
even,18
census,18
would,18
rockefeller,18
rates,17
during,17
economic,17
power,17
local,17
december,17
both,17
americas,17
johnson,17
penal,17
ways,16
convict,16
government,16
may,16
across,16
how,16
year,16
south,16
his,16
less,16
we,16
html,16
country,16
institute,16
crisis,16
chicago,16
m,15
decades,15
deal,15
order,15
movement,15
l,15
time,15
men,15
behind,15
jobs,15
clear,15
school,15
economy,15
per,14
all,14
employers,14
imprisonment,14
union,14
working,14
business,14
correctional,14
under,14
are,14
force,14
eventually,14
corrections,14
thompson,14
became,14
close,14
j,13
march,13
world,13
inner,13
just,13
important,13
incarcerated,13
nations,13
april,13
free,13
years,13
began,13
why,13
making,13
major,13
first,12
racial,12
pub,12
some,12
impact,12
poverty,12
communities,12
fact,12
institutions,12
david,12
bars,12
heather,12
spaces,12
little,12
administration,12
way,11
decade,11
drugs,11
i,11
university,11
too,11
officers,11
attica,11
increasingly,11
where,11
california,11
safety,11
class,11
v,11
mauer,11
rural,11
washington,11
although,11
punitive,11
increased,11
into,10
great,10
health,10
wages,10
centers,10
almost,10
records,10
republican,10
competition,10
took,10
use,10
usdoj,10
become,10
ann,10
provide,10
life,10
table,10
must,10
while,10
level,10
ojp,10
created,9
schools,9
studies,9
every,9
dramatically,9
voting,9
right,9
disenfranchisement,9
inmate,9
industries,9
district,9
clearly,9
liberal,9
origins,9
found,9
sentencing,9
companies,9
residents,9
legislation,9
small,9
july,9
put,9
end,9
income,9
congress,9
office,9
sept,9
attention,9
dec,9
any,9
simply,9
homicide,9
control,9
particularly,9
goods,9
number,9
living,9
according,9
effects,9
era,9
early,9
given,9
o,8
affected,8
e,8
center,8
needed,8
significant,8
western,8
ii,8
conditions,8
last,8
robert,8
access,8
committed,8
weiman,8
whites,8
juvenile,8
thus,8
michigan,8
parents,8
study,8
result,8
color,8
p,8
invisible,8
county,8
data,8
president,8
research,8
majority,8
society,8
expansion,8
make,8
us,8
same,8
edsall,8
overwhelmingly,8
do,8
michael,8
can,8
liberalism,8
fear,8
employment,8
commission,8
historical,8
activism,8
extent,8
information,8
crimes,8
news,8
north,8
parole,7
if,7
market,7
group,7
neighborhoods,7
before,7
long,7
scientists,7
thanks,7
likely,7
resources,7
million,7
since,7
nelson,7
without,7
rather,7
process,7
turn,7
special,7
consequences,7
thomas,7
changes,7
age,7
greater,7
late,7
criminalization,7
facilities,7
texas,7
loury,7
annual,7
still,7
southern,7
stoll,7
baltimore,7
scholars,7
areas,7
aug,7
substantially,7
muhammad,7
question,7
possession,7
chain,7
ibid,7
values,7
bjs,7
services,7
students,7
peter,7
latter,7
wage,7
secure,7
fall,7
htm,7
tuberculosis,7
wagner,7
what,7
through,7
content,7
jan,7
nov,7
come,7
jails,6
done,6
illegal,6
locked,6
jonathan,6
modern,6
inequality,6
edu,6
princeton,6
t,6
deindustrialization,6
available,6
court,6
real,6
issue,6
has,6
money,6
sale,6
diss,6
criminality,6
media,6
disproportionately,6
publications,6
higher,6
policing,6
sentences,6
disfranchisement,6
b,6
space,6
welfare,6
mary,6
bruce,6
arrests,6
districts,6
sentence,6
undermined,6
counties,6
directly,6
urbanités,6
gains,6
own,6
specifically,6
several,6
weiss,6
second,6
unprecedented,6
wake,6
lyndon,6
assistance,6
largest,6
already,6
challenge,6
never,6
serious,6
privatization,6
eds,6
food,6
unicor,6
christopher,6
general,6
played,6
earlier,6
arrest,6
vote,6
officials,6
industry,6
down,6
ph,6
then,6
senate,6
rebellion,6
passed,6
problem,6
ohio,6
programs,6
numerous,6
association,6
probation,6
substantial,6
building,6
archives,5
now,5
alone,5
nineteenth,5
source,5
street,5
able,5
hundred,5
take,5
rethinking,5
obvious,5
eroded,5
against,5
offenders,5
response,5
third,5
adult,5
workplaces,5
politicians,5
opportunity,5
wacquant,5
benefits,5
faced,5
though,5
safe,5
record,5
line,5
mandatory,5
los,5
nytimes,5
pdfs,5
murch,5
actually,5
forces,5
least,5
significantly,5
dramatic,5
delinquency,5
paid,5
auto,5
led,5
populations,5
service,5
reconstruction,5
security,5
soon,5
whose,5
index,5
wright,5
two,5
members,5
toward,5
experienced,5
leading,5
blocks,5
sell,5
streets,5
restrictions,5
region,5
including,5
three,5
allowed,5
presidential,5
employees,5
increasing,5
lost,5
transformation,5
education,5
key,5
facility,5
far,5
corporation,5
entire,5
phenomenon,5
felon,5
presence,5
contract,5
finally,5
reentry,5
area,5
impacted,5
go,4
does,4
struggle,4
democracy,4
corporate,4
federation,4
complex,4
message,4
civic,4
strikes,4
practices,4
being,4
inc,4
barriers,4
company,4
growing,4
huling,4
criminalized,4
matthew,4
reaction,4
flamm,4
west,4
supervision,4
bill,4
imprisoning,4
throughout,4
review,4
facts,4
development,4
millennium,4
moment,4
decided,4
progressive,4
brother,4
outbreaks,4
profit,4
look,4
pay,4
failed,4
poor,4
philadelphia,4
mattered,4
angeles,4
sort,4
legal,4
rising,4
understand,4
occupational,4
statistical,4
numbers,4
house,4
w,4
four,4
vietnam,4
columbia,4
conservative,4
called,4
uggen,4
seven,4
culture,4
block,4
brooklyn,4
jim,4
products,4
having,4
y,4
formerly,4
training,4
supreme,4
ten,4
place,4
flight,4
prisoner,4
loïc,4
trends,4
corbis,4
sourcebook,4
hard,4
few,4
bettman,4
minor,4
community,4
lockhart,4
fighting,4
once,4
yet,4
housing,4
reference,4
bushway,4
costs,4
sector,4
strike,4
figure,4
others,4
death,4
similarly,4
financial,4
shows,4
abstract,4
reform,4
golden,4
away,4
program,4
blackness,4
ensured,4
practice,4
cannot,4
technologies,4
prevention,4
safer,4
sold,4
evolution,4
illinois,4
like,4
jail,4
filled,4
systems,4
chapel,4
saw,4
criminalizing,4
today,4
science,4
hill,4
sec,4
transformed,4
often,4
itself,4
meant,4
claims,4
historian,4
feb,4
oct,4
scrutiny,4
convicts,4
bernstein,4
june,4
funding,4
gilmore,4
leaders,4
raphael,4
works,4
william,4
captive,4
day,4
conservatism,4
particular,4
violent,4
mere,4
recycling,4
stat,4
press,4
families,4
garland,4
gain,4
disease,4
our,4
eric,4
ultimately,4
cambridge,4
khalil,4
course,4
need,4
evidence,4
cfm,4
blacks,4
themselves,4
glance,4
among,4
loo,3
scholar,3
fences,3
measures,3
eliminated,3
notably,3
manuscript,3
passing,3
richardson,3
factories,3
fate,3
hull,3
authority,3
position,3
cocaine,3
sugrue,3
negative,3
myriad,3
joe,3
lower,3
lichtenstein,3
interests,3
implications,3
might,3
gary,3
georgia,3
possibilities,3
indeed,3
written,3
barred,3
rg,3
papers,3
citizenship,3
case,3
leaa,3
cents,3
medical,3
very,3
liberals,3
minimum,3
collapse,3
sweeping,3
arrested,3
unpublished,3
friedman,3
employing,3
admitted,3
industrial,3
learning,3
amended,3
ithaca,3
young,3
served,3
disfranchised,3
mclennan,3
weaver,3
boom,3
regulations,3
billion,3
focused,3
crow,3
blues,3
town,3
devastating,3
slavery,3
murder,3
edward,3
suffer,3
risk,3
undercut,3
eight,3
similar,3
electorate,3
lassiter,3
congressional,3
eighteen,3
organized,3
evolved,3
days,3
argued,3
exposure,3
initiative,3
officer,3
cost,3
exploitation,3
senators,3
care,3
opinion,3
sixties,3
whereas,3
standards,3
legislative,3
whom,3
sunbelt,3
effort,3
lived,3
changed,3
carolina,3
possibility,3
compromised,3
recently,3
outside,3
volker,3
dwellers,3
governing,3
receive,3
abuse,3
imprisoned,3
future,3
used,3
nine,3
part,3
related,3
whole,3
leasing,3
policies,3
omnibus,3
issues,3
broad,3
deeply,3
status,3
escalated,3
someone,3
caused,3
responsibility,3
revolution,3
suggest,3
jeff,3
concerns,3
governments,3
decline,3
cowie,3
using,3
roots,3
notes,3
actions,3
massive,3
activities,3
f,3
therefore,3
san,3
reduced,3
condemnation,3
matter,3
rehabilitative,3
short,3
released,3
prevailing,3
suburban,3
argument,3
went,3
percentage,3
cheap,3
violence,3
makes,3
pp,3
happened,3
management,3
riots,3
al,3
aid,3
reports,3
enclaves,3
seventeen,3
worst,3
name,3
solomon,3
lafer,3
paul,3
again,3
pointed,3
ghetto,3
prisonpolicy,3
documents,3
pacific,3
grows,3
konica,3
terry,3
ironically,3
oregon,3
judith,3
agencies,3
ability,3
simon,3
meaningful,3
vast,3
increase,3
concern,3
largely,3
virtually,3
returned,3
hour,3
aids,3
archive,3
full,3
previous,3
nevertheless,3
rightward,3
platform,3
quotation,3
reality,3
grew,3
pens,3
points,3
homes,3
change,3
him,3
counted,3
educational,3
leonhardt,3
enjoyed,3
manza,3
northern,3
institution,3
voters,3
decision,3
unfolded,3
ranging,3
twelve,3
fueled,3
perspectives,3
continued,3
kenneth,3
chance,3
parent,3
lines,3
fewer,3
widespread,3
bulletin,3
lawrence,3
ramirez,3
wilson,3
gulag,3
ncjrs,3
citizens,3
fpi,3
articles,3
joseph,3
perspective,3
following,3
elections,3
series,3
changing,3
potential,3
colorado,3
presidency,3
each,3
interested,3
half,3
speech,3
counting,3
vibrant,3
job,3
jennifer,3
examining,3
past,3
options,3
better,3
whether,3
rose,3
terms,3
adults,3
maryland,3
sexton,3
sociologist,3
baines,3
project,3
resident,3
unions,3
middle,3
marc,3
met,3
introduced,3
despite,3
role,3
mayor,3
giving,3
regulated,3
gang,3
kids,3
manufacturing,3
writing,3
syndrome,3
oakland,3
youth,3
marijuana,3
average,3
nell,3
actively,3
you,3
jefferson,3
upstate,3
cnn,3
debate,3
pool,3
fears,3
severely,3
employer,3
built,3
difficult,2
entities,2
child,2
page,2
lifer,2
threat,2
protests,2
distorted,2
groups,2
shawn,2
sanctions,2
immune,2
commitment,2
deepen,2
represent,2
distress,2
legitimate,2
allwhite,2
expect,2
globalization,2
jews,2
specific,2
zero,2
completely,2
barbaric,2
words,2
teens,2
committee,2
holding,2
beckett,2
something,2
reverberations,2
chief,2
stress,2
uprising,2
estimated,2
gap,2
tracy,2
undermine,2
embraced,2
certainly,2
jackson,2
creation,2
importing,2
production,2
fund,2
give,2
taken,2
degree,2
advanced,2
nature,2
coxsackie,2
shaped,2
stringent,2
together,2
disproportionate,2
train,2
soared,2
uscrime,2
corcoran,2
injurious,2
closer,2
subsequent,2
embrace,2
rucker,2
doc,2
somewhat,2
guards,2
within,2
lens,2
sophisticated,2
resulted,2
forthcoming,2
recorded,2
weakened,2
albeit,2
primary,2
sought,2
draw,2
assails,2
economics,2
determined,2
reduce,2
magazine,2
point,2
experiencing,2
afscme,2
interviews,2
todd,2
holland,2
sand,2
problems,2
lockdown,2
victim,2
regarding,2
central,2
penalty,2
andrew,2
amendment,2
ronald,2
eras,2
riot,2
tables,2
realized,2
unionized,2
large,2
issued,2
anticrime,2
rooted,2
privilege,2
elements,2
items,2
places,2
bay,2
taxpayers,2
stamps,2
amount,2
body,2
determination,2
compared,2
left,2
twice,2
witnessed,2
alliances,2
drawn,2
marable,2
strengthening,2
kentucky,2
pains,2
bills,2
unskilled,2
celling,2
stigma,2
mccarty,2
contracting,2
walls,2
janssen,2
promised,2
online,2
via,2
library,2
folder,2
offenses,2
miroslava,2
operations,2
subjected,2
disastercenter,2
bring,2
growth,2
ironic,2
levels,2
licalzi,2
levine,2
becky,2
neighborhood,2
associate,2
stephanie,2
stein,2
crusade,2
reforms,2
overlooked,2
escape,2
partnership,2
bad,2
warren,2
represented,2
threatening,2
n,2
jersey,2
unemployed,2
solid,2
filed,2
additional,2
powerful,2
fagan,2
beyond,2
isolation,2
followed,2
plates,2
votes,2
shifted,2
hourly,2
strengthen,2
total,2
view,2
virus,2
atlanta,2
closely,2
my,2
based,2
walk,2
declined,2
rule,2
begun,2
cell,2
austin,2
complete,2
markets,2
hispanic,2
microsoft,2
further,2
equal,2
afforded,2
gwen,2
produced,2
suffered,2
younger,2
explain,2
dependents,2
stroller,2
conservatives,2
revealed,2
received,2
claim,2
kruse,2
juveniles,2
secret,2
confined,2
gender,2
elizabeth,2
got,2
irving,2
tumultuous,2
pewcenteronthestates,2
ethnicity,2
weeks,2
count,2
prospect,2
profiteers,2
tough,2
creating,2
running,2
legacy,2
commerce,2
ruinous,2
rehnquist,2
php,2
pippa,2
gonnerman,2
hired,2
senator,2
next,2
box,2
event,2
adversely,2
persico,2
temporary,2
keegan,2
acts,2
hiv,2
rhonda,2
codes,2
classrooms,2
always,2
managed,2
progress,2
aggressively,2
dependent,2
pays,2
resistance,2
florida,2
newly,2
gross,2
criminals,2
enjoy,2
asp,2
herivel,2
will,2
perception,2
highlights,2
inhabitants,2
various,2
architecture,2
indicative,2
constituents,2
located,2
overall,2
dennis,2
resisted,2
ucsb,2
appreciate,2
nearly,2
albany,2
pbs,2
targeted,2
loss,2
structural,2
single,2
convictions,2
pivotal,2
rules,2
barker,2
thought,2
technology,2
grimes,2
achieve,2
included,2
clothing,2
liberties,2
manning,2
lord,2
sick,2
dan,2
colored,2
fallout,2
mich,2
williams,2
bar,2
gibran,2
exact,2
chose,2
disappearing,2
heritage,2
mark,2
towns,2
release,2
negatively,2
lengthy,2
longer,2
idea,2
lives,2
workingclass,2
et,2
casualties,2
really,2
connell,2
lingo,2
contemporary,2
doubt,2
inherently,2
learn,2
present,2
ground,2
journalists,2
armed,2
toxic,2
deep,2
investigative,2
lucrative,2
male,2
compete,2
retaking,2
frontlash,2
casino,2
another,2
fundamentally,2
clout,2
upon,2
mothers,2
decent,2
repatriating,2
collections,2
sufficiently,2
infusions,2
murdered,2
fourteenth,2
ideas,2
questions,2
actual,2
roberts,2
jumped,2
type,2
rebecca,2
defense,2
good,2
housed,2
preservation,2
transcript,2
lose,2
municipal,2
sabol,2
legislatures,2
undergirded,2
article,2
mining,2
dollars,2
glenn,2
effect,2
criminology,2
story,2
contracts,2
tougher,2
governor,2
electronics,2
sentencingproject,2
patrolling,2
vesla,2
ws,2
things,2
me,2
george,2
five,2
begin,2
exacerbated,2
inside,2
slow,2
suburbanization,2
reason,2
worse,2
polls,2
katherine,2
anxiety,2
recognize,2
mother,2
face,2
vanessa,2
eugene,2
shift,2
earliest,2
stable,2
benefitted,2
schwarzenegger,2
matters,2
addressed,2
acquired,2
springfield,2
assistant,2
regularly,2
publicly,2
share,2
unfree,2
citizen,2
greifinger,2
reckon,2
pew,2
ever,2
donna,2
crab,2
temple,2
equipment,2
here,2
pettit,2
forty,2
know,2
berkeley,2
books,2
readily,2
prdi,2
parental,2
paper,2
reciprocal,2
steven,2
expenditures,2
depression,2
king,2
detroiters,2
capital,2
best,2
alexander,2
sent,2
argue,2
workplace,2
foundation,2
hospital,2
benefit,2
passage,2
believed,2
cal,2
id,2
receiving,2
investigation,2
kevin,2
form,2
males,2
slate,2
unrest,2
fully,2
vitality,2
amy,2
lynch,2
proposing,2
suggests,2
virginia,2
bodies,2
misdemeanor,2
apparatus,2
redistricting,2
altered,2
lifetime,2
marketing,2
julilly,2
subject,2
uploadedfiles,2
think,2
remarks,2
analysts,2
nyclu,2
cheryl,2
mumola,2
burger,2
until,2
commercial,2
unemployment,2
unable,2
known,2
biennial,2
quest,2
ushered,2
hedgepeth,2
materials,2
criminologists,2
pamela,2
fordham,2
move,2
instead,2
critics,2
files,2
managing,2
thomson,2
off,2
sexuality,2
blinded,2
francisco,2
speak,2
campaign,2
profits,2
charles,2
archival,2
hotel,2
escalating,2
parenti,2
traditional,2
focus,2
images,2
seek,2
digest,2
deficiency,2
pid,2
prisonersofthecensus,2
buzzflash,2
courts,1
summed,1
precipitously,1
phones,1
guetzkow,1
httpllbjs,1
sereno,1
margins,1
dale,1
abolition,1
transportation,1
possessed,1
mostly,1
fong,1
penitentiaries,1
implemented,1
declared,1
concerned,1
estate,1
generated,1
cent,1
populous,1
tion,1
danny,1
either,1
begging,1
ready,1
accessories,1
historicize,1
tracey,1
everyone,1
personnel,1
cells,1
environmental,1
jane,1
college,1
struggled,1
homeless,1
boroughs,1
bjsdata,1
undercutting,1
reckoning,1
epidemic,1
karin,1
jungle,1
reprivatization,1
hoovers,1
introduction,1
linguistic,1
minutes,1
village,1
likewise,1
told,1
tlie,1
prohibitions,1
boca,1
explosion,1
dunlap,1
protesting,1
deepest,1
flourish,1
hmrttab,1
ppionline,1
star,1
rethink,1
agency,1
effective,1
releases,1
tend,1
designed,1
shichor,1
rewards,1
wastelands,1
reopen,1
coalition,1
walker,1
bias,1
contend,1
easily,1
unraveling,1
competence,1
nieces,1
cox,1
park,1
supervised,1
earnings,1
former,1
ruins,1
simultaneously,1
largesse,1
ian,1
harsh,1
nonarchival,1
title,1
laid,1
occurred,1
precisely,1
scientist,1
blotter,1
mcclellan,1
siblings,1
redirect,1
brennan,1
contested,1
arguing,1
pie,1
impoverished,1
forcible,1
mcdill,1
reddy,1
upwards,1
prosperous,1
different,1
cdc,1
establish,1
experience,1
emp,1
expanding,1
synonymous,1
derrick,1
consortium,1
query,1
earning,1
diluted,1
invention,1
ordinarily,1
commissions,1
hawked,1
subscribed,1
localities,1
connection,1
multidimensional,1
len,1
human,1
americancityandcounty,1
allocations,1
ojjjjact,1
mayors,1
trotter,1
drastic,1
military,1
overcriminalization,1
migrant,1
entangled,1
concentrated,1
feeling,1
undermining,1
diego,1
elses,1
hire,1
metal,1
dominate,1
gildemeister,1
utilization,1
anywhere,1
allow,1
artificially,1
gone,1
omega,1
shortage,1
responds,1
hotels,1
diseases,1
versed,1
hype,1
asia,1
adirondack,1
sean,1
joins,1
administrator,1
dcf,1
blankenship,1
crabgrass,1
reach,1
principles,1
buildup,1
height,1
kwalu,1
attractive,1
twenty,1
laundry,1
secondary,1
professions,1
advantage,1
polystyrene,1
paranoia,1
accompanied,1
anishingblackelectorate,1
addict,1
babylon,1
reasons,1
felony,1
toil,1
hammett,1
ravaged,1
wave,1
rich,1
nineteen,1
narrative,1
shot,1
vanishing,1
transferred,1
atlantic,1
mag,1
entered,1
concludes,1
leased,1
norwood,1
beds,1
inoculate,1
locality,1
contenti,1
resulting,1
farmer,1
analyst,1
uniforms,1
marantz,1
lengthened,1
search,1
maurice,1
failures,1
bricks,1
petty,1
capita,1
pickers,1
mind,1
miles,1
murray,1
blacktop,1
chatleff,1
influences,1
gotv,1
henry,1
shearson,1
fever,1
briefing,1
disfranchising,1
alike,1
discipline,1
nixonland,1
theodore,1
sheet,1
afdc,1
edsalls,1
curtis,1
infection,1
stopped,1
context,1
prosper,1
elliot,1
explosive,1
marketed,1
proposals,1
side,1
canili,1
fortune,1
con,1
politicization,1
forum,1
governmental,1
advocates,1
homelessness,1
cabinet,1
burgers,1
coalfields,1
task,1
capacity,1
prone,1
guidelines,1
crowley,1
masked,1
tenth,1
hirsch,1
killed,1
ventures,1
offset,1
representations,1
concho,1
ionia,1
design,1
canceled,1
chapter,1
indirectly,1
restoring,1
howard,1
recommended,1
addicts,1
probing,1
marked,1
hurrah,1
activity,1
risen,1
skipping,1
automobile,1
election,1
reapportionment,1
functions,1
interest,1
captured,1
memo,1
domestic,1
greene,1
ingley,1
richard,1
vital,1
rid,1
petersburg,1
grievances,1
whatever,1
apart,1
taking,1
rosa,1
contraband,1
x,1
ignores,1
timothy,1
prevenmass,1
household,1
lassen,1
redefining,1
above,1
along,1
representing,1
unchecked,1
reveals,1
himself,1
prosecution,1
unhappy,1
forged,1
letter,1
prevented,1
flocked,1
gimme,1
collection,1
sign,1
criminalities,1
shut,1
surplus,1
hü,1
guilty,1
usage,1
reenter,1
atkins,1
conflict,1
chapters,1
minhyo,1
fairplan,1
hospitals,1
appalachia,1
widened,1
houses,1
tropic,1
percentages,1
beating,1
disorder,1
historically,1
connect,1
targeting,1
eventual,1
severe,1
immediate,1
roger,1
dynamics,1
definitely,1
inevitable,1
mm,1
countless,1
professor,1
vacancy,1
due,1
reforming,1
silent,1
honda,1
g,1
seething,1
raton,1
tina,1
cautions,1
becoming,1
daniel,1
ray,1
janet,1
brotherly,1
hawaii,1
relations,1
hid,1
honest,1
enjoying,1
hostages,1
consumer,1
coalitions,1
walter,1
participating,1
ridding,1
conducted,1
creased,1
mcdonalds,1
burton,1
cjinstitute,1
southerners,1
mexicans,1
alison,1
miners,1
dick,1
pondering,1
forthrightly,1
vengeance,1
subtraction,1
affairs,1
rick,1
earmark,1
thing,1
estimates,1
candidates,1
cases,1
pager,1
saved,1
nor,1
adopted,1
self,1
symptoms,1
handcuffs,1
deeds,1
papania,1
haunted,1
pathbreaking,1
turnmass,1
enhancement,1
birchmeier,1
blank,1
freed,1
density,1
back,1
architectural,1
deterrent,1
highest,1
sciencedaily,1
serving,1
apologists,1
completing,1
honesty,1
six,1
extraordinary,1
agents,1
races,1
myth,1
allowing,1
elena,1
dearly,1
libraries,1
vendors,1
siegel,1
caribbean,1
pdffiles,1
price,1
find,1
rebuild,1
committing,1
antisocial,1
weight,1
outset,1
explore,1
savvy,1
hollywood,1
section,1
resolutions,1
flesh,1
netting,1
irony,1
crack,1
appreciated,1
confronting,1
sun,1
simplistic,1
wounded,1
delivered,1
cockrell,1
deptcor,1
restricting,1
coal,1
cultural,1
acknowledge,1
quiet,1
businessmen,1
murrey,1
ment,1
glad,1
multiply,1
scholarly,1
convention,1
parks,1
book,1
oj,1
mechanisms,1
assessed,1
boarded,1
pitch,1
escaped,1
advances,1
halls,1
revisit,1
menace,1
agitation,1
license,1
generals,1
predicted,1
frustration,1
testimony,1
links,1
drive,1
uploadedpdf,1
abolished,1
maintenance,1
activists,1
stop,1
remain,1
crafted,1
calculates,1
forced,1
protections,1
influential,1
hunter,1
landscape,1
liability,1
official,1
fringe,1
fastest,1
revenues,1
midwest,1
responded,1
convicted,1
active,1
environments,1
waned,1
comply,1
hawescooper,1
granted,1
households,1
probability,1
twentyfirst,1
seligman,1
reflect,1
humanity,1
importance,1
talk,1
certain,1
holloways,1
hazardous,1
gst,1
fueling,1
pressured,1
courted,1
direct,1
parts,1
lowwage,1
losing,1
submits,1
empowered,1
consuming,1
disinvestment,1
reassess,1
list,1
republicans,1
moreover,1
moves,1
leflouria,1
metamorphize,1
segment,1
support,1
httpllwww,1
ordeal,1
means,1
pessimism,1
establishment,1
branded,1
sgp,1
affect,1
ensure,1
immigrant,1
televisions,1
wanted,1
assure,1
anguish,1
sarah,1
sapped,1
consider,1
religion,1
signed,1
improvement,1
struggling,1
postindustrial,1
revolutionaries,1
underminded,1
louise,1
berry,1
branch,1
karlan,1
wins,1
grzeskowiak,1
disadvantaged,1
talitha,1
kusmer,1
articulated,1
northeastern,1
manufacture,1
hathomps,1
prevent,1
shrinking,1
benefited,1
presumed,1
stationed,1
show,1
acceptance,1
commonly,1
lg,1
heading,1
wire,1
tried,1
voluminous,1
oshinsky,1
statement,1
defeat,1
efficient,1
imperial,1
assured,1
natsec,1
discomfort,1
consequence,1
stark,1
truly,1
lengths,1
hutson,1
painted,1
sweatshops,1
asks,1
infractions,1
lyons,1
tyler,1
gebhard,1
erroneous,1
helped,1
contrary,1
providing,1
rainbow,1
counsel,1
drawing,1
cut,1
advocated,1
dropped,1
lor,1
dc,1
conflicts,1
reluctantly,1
bureaucracy,1
draws,1
tilove,1
presents,1
pantheon,1
ncj,1
noncriminal,1
worries,1
moving,1
remembered,1
lead,1
kennedy,1
concentration,1
kennedys,1
agenda,1
blamed,1
dollie,1
folsom,1
discount,1
medicine,1
carrying,1
basin,1
demise,1
speeches,1
critically,1
txt,1
illson,1
inspectors,1
behavioral,1
staughton,1
demands,1
international,1
pass,1
events,1
coddled,1
radical,1
requirements,1
barry,1
disorders,1
near,1
insisting,1
opt,1
jeopardy,1
publics,1
schoenwald,1
interpretations,1
heroin,1
reconciliation,1
term,1
hiring,1
big,1
app,1
panther,1
engel,1
handbook,1
dampening,1
fourth,1
baltimorecityschools,1
pro,1
equally,1
furthermore,1
exempt,1
urgent,1
boxes,1
durham,1
rent,1
profited,1
repair,1
cuts,1
gillian,1
dope,1
anderson,1
advertise,1
cockrel,1
disproportion,1
freund,1
viewed,1
epic,1
moore,1
hawaiian,1
persons,1
aflciofpl,1
hailed,1
meet,1
binghamton,1
applied,1
hhe,1
meda,1
intertwined,1
otherwise,1
wealth,1
hylton,1
metals,1
xiv,1
perform,1
judicial,1
merrill,1
guarantee,1
required,1
zenith,1
reacting,1
opposition,1
abcnews,1
oboroceanu,1
kali,1
ojjdp,1
lease,1
frampton,1
james,1
hicks,1
voice,1
wayne,1
proliferated,1
battles,1
marie,1
huge,1
skew,1
improve,1
examinations,1
sites,1
gained,1
none,1
participation,1
seeking,1
network,1
pnsonersofthecensus,1
mobilization,1
relief,1
theatlantic,1
italians,1
rivera,1
missed,1
mi,1
dog,1
allstate,1
planning,1
viability,1
scope,1
rocks,1
amend,1
listening,1
unfettered,1
haney,1
draconian,1
byron,1
turning,1
writers,1
stafford,1
voted,1
franchise,1
workampr,1
baker,1
prominent,1
heavily,1
tamar,1
twentiethand,1
denial,1
disturbances,1
unfinished,1
sentenced,1
calls,1
actors,1
aged,1
governors,1
bite,1
platt,1
tampons,1
dozens,1
attila,1
ultimate,1
gave,1
koss,1
suppliers,1
bcob,1
stipulates,1
concentrate,1
enforce,1
oaks,1
moments,1
strain,1
friend,1
netted,1
winter,1
midwestern,1
call,1
documented,1
outposts,1
outdoors,1
spends,1
personal,1
proliferation,1
douglas,1
triumphs,1
floors,1
employed,1
shelter,1
il,1
michelle,1
endorsed,1
brownsville,1
couple,1
justicepolicy,1
wil,1
stanford,1
smallest,1
interpreted,1
shapiro,1
assembly,1
challenging,1
grassroots,1
lucasville,1
graduate,1
approach,1
manipulation,1
launching,1
violated,1
rocklawfact,1
descriptor,1
arkansas,1
contests,1
unremarkable,1
nephews,1
proactively,1
upload,1
worked,1
lópez,1
sense,1
successful,1
smith,1
policeman,1
jones,1
breaking,1
below,1
love,1
rim,1
glen,1
peterson,1
lowest,1
buildings,1
shaping,1
louisiana,1
arms,1
enrollment,1
blackmon,1
protest,1
starbucks,1
worthy,1
candidate,1
electoral,1
contrast,1
byrne,1
sporting,1
imposition,1
willingly,1
discourse,1
panel,1
rutgers,1
owned,1
aspx,1
slash,1
bmdrn,1
night,1
emerging,1
economist,1
veteran,1
around,1
overshadowed,1
calling,1
shirts,1
brennancenter,1
leland,1
pressreleases,1
jailed,1
fahey,1
const,1
sufficient,1
grams,1
shapes,1
inescapable,1
tony,1
dorsey,1
replace,1
revealing,1
bottle,1
catmc,1
resolution,1
fight,1
transfer,1
disaster,1
mantle,1
draining,1
remapping,1
invaluable,1
reported,1
protect,1
policed,1
weapons,1
diversified,1
handcuffed,1
workforce,1
tended,1
impossible,1
altogether,1
halts,1
miracles,1
core,1
vicious,1
warehouses,1
struck,1
scott,1
st,1
productivity,1
fullpage,1
concurred,1
citations,1
ellen,1
pritchett,1
notice,1
deepened,1
kid,1
barking,1
value,1
preliminary,1
injury,1
inflated,1
moved,1
manzas,1
reducing,1
tennessee,1
mechanism,1
seemed,1
avoid,1
notion,1
jh,1
subsequently,1
periods,1
garnered,1
overhauling,1
replacing,1
seems,1
battle,1
critical,1
hi,1
casualty,1
transform,1
inch,1
situation,1
arrangement,1
specifications,1
enforcements,1
demand,1
forever,1
steady,1
equality,1
midyear,1
southernautomotive,1
attempts,1
mexico,1
elimination,1
contact,1
protecting,1
requirement,1
chase,1
malley,1
marketplace,1
immunodeficiency,1
evaluate,1
ire,1
wendell,1
wrote,1
socalled,1
limited,1
jeffery,1
bis,1
plans,1
deadly,1
somebody,1
horrors,1
onward,1
classic,1
commit,1
indicated,1
coleman,1
canarsie,1
female,1
operation,1
positioned,1
prove,1
allen,1
telephones,1
harry,1
texaspolicy,1
substance,1
controls,1
eloise,1
expanded,1
harwood,1
beth,1
standing,1
lo,1
labored,1
desegregation,1
seemingly,1
abrupt,1
upjohn,1
ask,1
decisions,1
confronted,1
southeast,1
supplier,1
causative,1
label,1
guide,1
lauren,1
trains,1
untold,1
victor,1
commodities,1
push,1
democrats,1
addition,1
projects,1
handelsman,1
lerman,1
sex,1
array,1
mayberry,1
fifth,1
formally,1
exceptionalism,1
combat,1
lynd,1
gold,1
neither,1
classroom,1
contractors,1
demographic,1
goldwater,1
victories,1
home,1
editorial,1
ban,1
lone,1
bonczar,1
infrastructure,1
transformations,1
light,1
ewing,1
middleton,1
shifting,1
formalized,1
passionately,1
planet,1
deliver,1
blakely,1
acknowledging,1
collective,1
watched,1
steve,1
qualified,1
violations,1
lined,1
mention,1
handling,1
noted,1
baby,1
sealed,1
enterprises,1
journalist,1
raids,1
grimly,1
hallmark,1
double,1
regardless,1
representation,1
fellow,1
defective,1
tomorrow,1
shops,1
needy,1
organizations,1
starting,1
leader,1
fire,1
museums,1
successfully,1
mona,1
displacement,1
rocked,1
barbed,1
frederick,1
stated,1
cusac,1
spend,1
overhaul,1
cable,1
reuther,1
trafficking,1
tremendous,1
richie,1
desiring,1
cellblocks,1
feanny,1
sylvain,1
herbert,1
efforts,1
speaks,1
phantom,1
maternal,1
minority,1
stories,1
hollow,1
treatment,1
preserve,1
fundamental,1
toll,1
antilabor,1
regions,1
matusow,1
sleep,1
plan,1
tolerate,1
armonk,1
saddled,1
murphy,1
sleepy,1
ibül,1
demonstrations,1
teachers,1
chicagos,1
tangible,1
spillane,1
daily,1
larger,1
infectious,1
john,1
demonstrating,1
erlen,1
clause,1
toxins,1
everything,1
arthur,1
curtin,1
lexisnexus,1
workman,1
jump,1
rttab,1
felonies,1
anne,1
excluding,1
doj,1
michigans,1
afraid,1
elkton,1
violators,1
transit,1
patterns,1
ages,1
readers,1
throwing,1
hand,1
precinct,1
ballot,1
el,1
increases,1
bauer,1
handed,1
lawlessness,1
marks,1
shown,1
rca,1
road,1
unit,1
couldn,1
continuing,1
orderly,1
existing,1
empire,1
glickman,1
compromising,1
devah,1
council,1
gula,1
slice,1
crisp,1
spoke,1
spatialinformationdesignlab,1
cir,1
jeans,1
disparity,1
norms,1
volatile,1
subway,1
tableslhm,1
walmart,1
newsroom,1
woman,1
ryan,1
weaken,1
downtown,1
metropolitan,1
clamping,1
jacobs,1
statab,1
threats,1
gives,1
forging,1
reflected,1
mill,1
conscripts,1
won,1
realize,1
circuit,1
custody,1
thoroughly,1
reminds,1
remained,1
ayers,1
predict,1
meetings,1
classes,1
understanding,1
behaviors,1
murders,1
withstand,1
exploring,1
situated,1
stinchcombe,1
extended,1
theirs,1
divided,1
churches,1
vivian,1
damentally,1
link,1
heralded,1
intent,1
gordon,1
rendered,1
easier,1
monroe,1
farming,1
bear,1
randall,1
helps,1
locate,1
golub,1
backed,1
rehabilitation,1
previously,1
inexorably,1
depended,1
strongest,1
myser,1
manifestations,1
borough,1
ö,1
wore,1
computers,1
findings,1
mapping,1
budget,1
entirely,1
waste,1
enduring,1
affection,1
mortar,1
deleterious,1
camps,1
unfair,1
operated,1
assumption,1
desmon,1
privileges,1
tolerance,1
globalizing,1
survey,1
economists,1
inflicted,1
net,1
diaper,1
automotive,1
dirt,1
recovery,1
eligible,1
examination,1
exams,1
unregulated,1
raising,1
stops,1
option,1
hilary,1
jefrery,1
connected,1
accidents,1
prod,1
initiatives,1
nike,1
trade,1
low,1
crises,1
meanings,1
fracturing,1
eddie,1
moral,1
andrews,1
tional,1
endured,1
comprehensive,1
lamented,1
language,1
aaron,1
agreement,1
essay,1
pd,1
amounts,1
co,1
august,1
deals,1
watered,1
symposium,1
pride,1
started,1
salary,1
plant,1
outcells,1
high,1
farms,1
collected,1
dry,1
ended,1
kept,1
proximity,1
anyone,1
conversation,1
dell,1
improved,1
fred,1
abundant,1
accused,1
browse,1
valway,1
forms,1
zachary,1
imagination,1
hh,1
spent,1
retreat,1
fd,1
strongly,1
favored,1
breached,1
necessary,1
especially,1
cs,1
niosh,1
outcomes,1
rouse,1
parallel,1
methods,1
businesses,1
emphasized,1
hits,1
examine,1
accordingly,1
nonhistorians,1
structure,1
january,1
fulfilled,1
usa,1
capitalism,1
wish,1
looks,1
determine,1
lay,1
locales,1
looked,1
figures,1
save,1
versus,1
revisiting,1
industrialization,1
connections,1
constituent,1
joint,1
quarterly,1
feel,1
tenuous,1
urbanité,1
components,1
la,1
counts,1
concluded,1
division,1
senatorial,1
trendsinonevar,1
stagflation,1
anda,1
standard,1
staffed,1
farm,1
dealing,1
boards,1
telephone,1
asking,1
honolulu,1
fifty,1
stage,1
debbie,1
perkinson,1
amanda,1
extracted,1
christian,1
posted,1
beali,1
relationship,1
median,1
solidly,1
vegas,1
touted,1
caretakers,1
surpassed,1
mitigate,1
chances,1
infighting,1
alex,1
prevalence,1
note,1
humanities,1
ing,1
she,1
collateral,1
clinton,1
movements,1
segments,1
usually,1
linda,1
cho,1
ambivalent,1
psychology,1
vision,1
lawbreakers,1
ansehe,1
ideology,1
bound,1
claimed,1
foster,1
purposes,1
reasonable,1
select,1
insufficient,1
primarily,1
amazons,1
statutes,1
deborah,1
merchandizing,1
insist,1
seen,1
dodge,1
detailed,1
gubernatorial,1
nonbiological,1
bears,1
microjet,1
fleshing,1
effectively,1
importantly,1
undoing,1
rapidly,1
elaine,1
try,1
executive,1
expert,1
indicate,1
countries,1
length,1
distort,1
valentine,1
countryman,1
owed,1
boon,1
oversaw,1
furthered,1
responsible,1
implementing,1
construction,1
joel,1
existed,1
waquant,1
grade,1
hope,1
westport,1
win,1
frontier,1
dead,1
scholarship,1
sheila,1
charlottesville,1
drafted,1
fields,1
beneficiaries,1
magazines,1
insurance,1
sinead,1
repeat,1
figured,1
dana,1
paying,1
oigletter,1
susan,1
chen,1
forest,1
anxieties,1
considered,1
res,1
aldrich,1
circumscribed,1
frisked,1
logging,1
legitimated,1
wars,1
authorities,1
dependable,1
eradicate,1
flashbacks,1
rarely,1
fifteen,1
blocked,1
humm,1
elected,1
terrible,1
mukamal,1
citizenry,1
necessity,1
abs,1
urinating,1
louder,1
focusing,1
comparison,1
afoot,1
minneapolis,1
extensive,1
steel,1
economically,1
braithwaite,1
mobilized,1
partnerships,1
drugrelated,1
pace,1
nonviolent,1
ahne,1
shop,1
schlosser,1
physical,1
consensus,1
palace,1
trapped,1
industrializing,1
plea,1
md,1
text,1
rubenstein,1
compensation,1
spatially,1
blindness,1
alternative,1
set,1
abstracts,1
hospitality,1
quickly,1
legislature,1
outcome,1
machinations,1
chadterhune,1
ofthat,1
dominated,1
dairy,1
antidote,1
monthly,1
sure,1
tara,1
anthropology,1
migration,1
global,1
seriously,1
east,1
delinquents,1
variable,1
prominence,1
comfort,1
donaldson,1
hustling,1
temper,1
wall,1
surprisingly,1
coffers,1
regaining,1
frasier,1
grossman,1
iii,1
ideological,1
riveting,1
mcl,1
losses,1
lpdfldcf,1
linked,1
plague,1
crs,1
uphold,1
entrepreneurial,1
choosing,1
narrowed,1
associations,1
isserman,1
adler,1
las,1
meager,1
ethos,1
remarkably,1
scores,1
punishes,1
rathbone,1
merely,1
evident,1
person,1
turned,1
knowingly,1
charged,1
beginning,1
outlook,1
sexual,1
copier,1
suffering,1
alabama,1
identifiable,1
automatic,1
lifeblood,1
heads,1
lehman,1
answered,1
carefully,1
unique,1
spatial,1
rieder,1
stability,1
overcrowded,1
laying,1
sensibly,1
accounts,1
plants,1
want,1
victorias,1
involvement,1
taxes,1
sociology,1
nearby,1
hmos,1
final,1
thirty,1
isenburg,1
hoped,1
forcefully,1
tanf,1
grief,1
dream,1
cbsnews,1
endorsing,1
savers,1
dataonline,1
sleeping,1
iptc,1
mandated,1
priscilla,1
divide,1
complaints,1
produce,1
producers,1
noticed,1
property,1
precedent,1
minimal,1
episode,1
agreed,1
gallows,1
phenomena,1
incomes,1
dedication,1
purloined,1
suspicion,1
hundreds,1
unrelenting,1
ascertain,1
staffer,1
aren,1
redistrict,1
freedom,1
size,1
plata,1
popular,1
bob,1
eligibility,1
head,1
boston,1
reaped,1
atkinson,1
jailers,1
exploitative,1
inspector,1
hardening,1
careful,1
underappreciated,1
code,1
furniture,1
uniform,1
whiteness,1
revolutions,1
josh,1
chip,1
oppose,1
prevalent,1
hiram,1
bandwagon,1
georgetown,1
redwood,1
befell,1
perlstein,1
changetowin,1
assumptions,1
aptly,1
mineworkers,1
everywhere,1
redding,1
sheets,1
target,1
contribute,1
taxpayer,1
filling,1
lab,1
najlah,1
pollsters,1
officially,1
empathize,1
colonial,1
challenges,1
disrupted,1
exploit,1
quantifiable,1
firms,1
eroding,1
parchman,1
coming,1
californias,1
annemarie,1
fas,1
leap,1
precision,1
historicizing,1
frances,1
named,1
jacoby,1
gerstle,1
suffrage,1
bargaining,1
hubs,1
necessarily,1
enthusiasm,1
staffs,1
spring,1
maquiladoras,1
revoked,1
argues,1
cycle,1
ignored,1
electronic,1
lotke,1
deftly,1
advent,1
finding,1
tackled,1
holloway,1
detain,1
crespino,1
disbursement,1
abc,1
byproduct,1
boosted,1
write,1
eulogizing,1
hun,1
harm,1
levin,1
sat,1
bargains,1
approximately,1
grown,1
include,1
typically,1
touches,1
zip,1
socially,1
bernard,1
postcivil,1
green,1
regime,1
provided,1
opinions,1
product,1
undid,1
phone,1
integration,1
piece,1
shtml,1
arenas,1
defined,1
atrophied,1
penney,1
baltimoresun,1
await,1
docs,1
grapple,1
agitating,1
wholesalers,1
rewriting,1
remains,1
nces,1
tasers,1
summary,1
computer,1
ruth,1
needs,1
dissent,1
thousand,1
narrowly,1
liberalisms,1
charlotte,1
distorting,1
assumed,1
valuable,1
decimated,1
representatives,1
griefspeaks,1
stillcounted,1
missing,1
overcrowding,1
supply,1
yesterday,1
cook,1
except,1
scorn,1
enterprise,1
minors,1
beef,1
uniformed,1
meiners,1
peer,1
pat,1
kazin,1
minds,1
johnsons,1
ends,1
whenever,1
recent,1
resist,1
sustained,1
gottshaulk,1
laborers,1
arnold,1
tantrums,1
christina,1
asked,1
twa,1
devastated,1
indicating,1
linen,1
termed,1
draft,1
quantity,1
bury,1
arizona,1
heathcott,1
thorough,1
retention,1
grants,1
