WORDCOUNTS,WEIGHT
the,705
of,508
and,365
in,348
a,278
to,278
that,142
midwives,116
midwife,114
as,110
for,107
was,106
her,103
midwifery,95
s,92
is,88
women,80
this,74
by,69
their,67
she,62
were,61
it,58
but,57
have,56
on,56
from,55
early,54
social,53
not,48
m,46
bihr,46
men,46
medical,46
modern,45
childbirth,45
authority,42
with,42
or,40
be,40
they,37
history,36
work,36
nom,36
also,35
had,33
we,32
male,32
at,31
no,31
see,31
would,31
an,31
who,31
these,30
more,29
mother,28
when,27
birthing,27
one,26
science,26
practice,26
i,24
cody,24
could,24
than,23
language,23
wilson,23
there,22
new,22
woman,22
experience,21
nomination,21
knowledge,21
mothers,21
testimonials,21
london,20
practitioners,20
case,19
mary,19
parish,19
society,19
two,19
anne,19
while,19
england,18
elizabeth,18
female,18
ed,18
been,18
such,17
so,17
harley,17
bodies,17
century,16
most,16
medicine,16
status,16
chamber,16
over,16
very,16
child,15
even,15
journal,15
may,15
poor,15
license,15
which,15
office,15
birth,15
body,14
how,14
because,14
provincial,14
about,14
ing,14
are,14
did,14
if,13
might,13
historians,13
made,13
margaret,13
course,13
art,13
question,13
evidence,13
between,13
other,12
labor,12
public,12
only,12
marland,12
john,12
fall,12
mystery,12
common,11
jane,11
english,11
into,11
adrian,11
has,11
rather,11
sarah,11
came,11
found,11
nation,11
describe,11
pregnancy,11
infanticide,11
business,11
significant,11
can,11
pro,11
what,11
making,11
both,11
much,11
first,10
take,10
some,10
york,10
wife,10
his,10
fissell,10
my,10
assi,10
world,10
same,10
rise,10
nicholson,10
eighteenth,10
thomas,10
knutsford,10
oxford,10
william,10
them,10
martha,10
all,9
changes,9
well,9
during,9
good,9
will,9
community,9
religious,9
death,9
time,9
v,9
another,9
use,9
licensed,9
evenden,9
role,9
cambridge,9
difficult,8
something,8
nature,8
mid,8
thus,8
ability,8
without,8
process,8
just,8
argued,8
fo,8
used,8
its,8
own,8
change,8
he,8
many,8
local,8
hilary,8
described,8
period,8
ann,8
any,8
investigation,8
presented,8
among,8
later,7
natural,7
europe,7
reproduction,7
hall,7
possible,7
births,7
letter,7
church,7
lindemann,7
similar,7
gowing,7
out,7
hath,7
order,7
testimonial,7
power,7
charlesworth,7
smith,7
years,7
david,7
practiced,7
masculine,7
relationship,7
began,7
here,7
fisseli,7
vicar,7
alice,7
became,7
d,7
given,7
archives,6
way,6
stone,6
cheshire,6
capable,6
point,6
cases,6
delivered,6
tatlock,6
provinces,6
signed,6
late,6
focused,6
required,6
undermined,6
part,6
culpepper,6
martindale,6
thought,6
noted,6
skill,6
took,6
less,6
gender,6
upon,6
entirely,6
article,6
probably,6
usually,6
seen,6
seventeenth,6
life,6
claims,6
must,6
gale,6
through,6
cb,6
enlightenment,6
carr,6
done,5
know,5
likely,5
before,5
being,5
occasional,5
roy,5
porter,5
far,5
royal,5
married,5
spectrum,5
neighbors,5
gedney,5
kind,5
adam,5
town,5
whose,5
testimony,5
l,5
grasscroft,5
important,5
opinion,5
shall,5
aspects,5
shape,5
trial,5
claim,5
least,5
working,5
involved,5
presence,5
notes,5
civil,5
scientific,5
licensing,5
wrote,5
indicates,5
lisa,5
place,5
added,5
fact,5
do,5
remarkable,5
unlicensed,5
examples,5
yorkshire,5
questions,5
significance,5
clear,5
profession,5
after,5
hunter,5
coakes,5
engfond,5
print,5
wealthy,5
particularly,5
according,5
whether,5
nominations,5
transition,5
offer,5
surgeons,5
themselves,5
should,5
speculum,4
germany,4
word,4
said,4
www,4
constable,4
help,4
say,4
along,4
childbearing,4
human,4
central,4
patient,4
hodgson,4
gendered,4
old,4
practitioner,4
further,4
failed,4
online,4
german,4
legal,4
ex,4
study,4
deputy,4
lay,4
reason,4
perceptions,4
w,4
cocking,4
helped,4
chester,4
http,4
search,4
lived,4
experts,4
cultural,4
applied,4
record,4
people,4
officials,4
sense,4
small,4
behalf,4
second,4
make,4
single,4
coningham,4
us,4
deliver,4
joyce,4
holme,4
head,4
robilliard,4
booker,4
surgeon,4
number,4
clients,4
range,4
judge,4
identity,4
bridget,4
netherlands,4
obstetric,4
allowed,4
like,4
played,4
become,4
note,4
cca,4
practical,4
edc,4
often,4
different,4
seem,4
best,4
written,4
feminarium,4
thompson,4
terms,4
politics,4
little,4
focus,4
nominated,4
attempted,4
c,4
texts,4
now,3
sawday,3
judging,3
poorer,3
visitation,3
enhance,3
licenses,3
wifery,3
evaluating,3
source,3
sources,3
every,3
jackson,3
clergymen,3
taken,3
restoration,3
cial,3
indeed,3
rich,3
hannah,3
court,3
religion,3
apothecary,3
political,3
investigations,3
daniel,3
british,3
side,3
suspect,3
doreen,3
money,3
sexual,3
right,3
pelling,3
cressy,3
april,3
review,3
representations,3
development,3
against,3
elleray,3
rank,3
perspective,3
fees,3
marriage,3
ally,3
chap,3
find,3
sary,3
main,3
nottinghamshire,3
stopford,3
certain,3
leave,3
parts,3
studies,3
factors,3
support,3
mrs,3
cause,3
university,3
linked,3
elsewhere,3
undated,3
age,3
beyond,3
accoucheur,3
attendants,3
decades,3
view,3
based,3
whom,3
histories,3
term,3
skilled,3
viewed,3
moore,3
however,3
approached,3
received,3
training,3
secret,3
got,3
borthwick,3
call,3
isabel,3
approach,3
level,3
revolution,3
several,3
lynne,3
research,3
grateful,3
valuable,3
led,3
investigating,3
short,3
limited,3
forman,3
trials,3
above,3
topham,3
simultaneously,3
once,3
communities,3
humbledon,3
examined,3
makes,3
towards,3
sex,3
under,3
included,3
light,3
assistance,3
complete,3
matrons,3
lewis,3
addition,3
maternal,3
striking,3
choice,3
children,3
end,3
present,3
establish,3
answer,3
perhaps,3
poore,3
discovery,3
formal,3
including,3
elite,3
ideas,3
three,3
reputation,3
hebdin,3
oed,3
james,3
save,3
connections,3
green,3
attended,3
ranging,3
where,3
dictionary,3
continued,3
sometimes,3
naturally,3
claimed,3
tioners,3
becomes,3
referred,3
analysis,3
wives,3
centuries,3
susan,3
practi,3
changing,3
cp,3
wars,3
believe,3
printed,3
benefit,3
pollock,3
historical,3
past,3
works,3
proceedings,3
attitudes,3
transactions,3
medicalization,3
institute,3
information,3
oath,3
went,3
using,3
think,3
argument,3
touch,3
catherine,3
vernacular,3
mistress,3
you,3
gentry,3
charles,3
nativity,3
traditional,3
re,3
grace,3
nantwich,3
nicholas,2
final,2
ments,2
miraculous,2
sharpe,2
arcane,2
herself,2
tion,2
keller,2
truth,2
e,2
widow,2
sphere,2
connect,2
needed,2
myth,2
referring,2
nichol,2
asserted,2
med,2
true,2
unanswered,2
jonathan,2
necessarily,2
tween,2
enment,2
physicians,2
nineteenth,2
arguing,2
diversity,2
baker,2
laura,2
lower,2
member,2
long,2
witches,2
entailed,2
give,2
dixon,2
attempt,2
bonding,2
worked,2
rational,2
official,2
episcopal,2
seems,2
historiography,2
request,2
scientists,2
tradition,2
skills,2
twenty,2
together,2
accompanied,2
desire,2
display,2
simple,2
able,2
lydia,2
hundred,2
room,2
bowcocke,2
last,2
date,2
emphasized,2
mr,2
those,2
dismissed,2
alike,2
signs,2
within,2
context,2
majority,2
system,2
crowther,2
primary,2
thority,2
saying,2
march,2
uneven,2
felt,2
prior,2
rid,2
disparities,2
household,2
bailey,2
ritual,2
stillborn,2
regarding,2
selves,2
surely,2
expect,2
author,2
roger,2
proudman,2
since,2
due,2
helen,2
bynum,2
integral,2
doctor,2
neighbours,2
group,2
raises,2
expected,2
pdf,2
thing,2
addison,2
concerning,2
six,2
judg,2
firth,2
yeares,2
left,2
ness,2
died,2
nomi,2
generation,2
though,2
influence,2
sisters,2
ment,2
higher,2
justine,2
visitations,2
subordination,2
purely,2
grundy,2
sort,2
secrets,2
enghnd,2
subsistence,2
active,2
deliberately,2
opportunity,2
importance,2
morrice,2
practicing,2
ellow,2
moreover,2
katherine,2
affect,2
established,2
benefits,2
spreading,2
enlight,2
n,2
dominate,2
surgery,2
prevent,2
four,2
piety,2
follow,2
connecting,2
philippa,2
fronts,2
huntsville,2
care,2
j,2
strategy,2
faced,2
dignified,2
conflicts,2
incapable,2
opening,2
norn,2
lead,2
appearance,2
emblazoned,2
called,2
amsterdam,2
gossips,2
base,2
wallis,2
ranking,2
equally,2
understood,2
mate,2
appears,2
sentence,2
cannot,2
wealth,2
perform,2
explain,2
networks,2
professionals,2
hierarchies,2
keeping,2
competent,2
r,2
residents,2
significantly,2
begs,2
uncover,2
example,2
bidall,2
agnes,2
whole,2
literature,2
cited,2
rituals,2
manage,2
trends,2
correct,2
hard,2
field,2
below,2
responsibility,2
donnison,2
bromfield,2
exclude,2
family,2
sufficient,2
stemmed,2
few,2
concerns,2
choose,2
oral,2
up,2
siegemund,2
resistance,2
paid,2
titioners,2
correspondence,2
provided,2
moved,2
f,2
uncommon,2
press,2
tasks,2
ical,2
reduced,2
prac,2
resisted,2
acknowledged,2
reduce,2
still,2
intervention,2
yet,2
fetus,2
wake,2
lloyd,2
counterparts,2
offenses,2
parishes,2
culture,2
ston,2
arrandell,2
lord,2
broad,2
al,2
narratives,2
subjective,2
others,2
stating,2
knowing,2
similarly,2
put,2
efforts,2
idea,2
scholars,2
abilities,2
witnesses,2
defamation,2
larger,2
burnby,2
doubt,2
man,2
reproductive,2
patterns,2
outside,2
leeds,2
manner,2
keys,2
orderly,2
dorothy,2
existing,2
relevant,2
coincided,2
spoke,2
belief,2
assault,2
chaddock,2
encountered,2
answers,2
imagine,2
original,2
private,2
understanding,2
lost,2
background,2
encouraged,2
knock,2
emphasize,2
prospective,2
robinson,2
exhibited,2
trend,2
examination,2
sees,2
finally,2
low,2
discovered,2
moral,2
doctors,2
woodall,2
held,2
spread,2
am,2
never,2
butterworth,2
labour,2
qualities,2
effect,2
attendant,2
enjoyed,2
wills,2
claiming,2
reserved,2
saw,2
haven,2
professional,2
stately,2
widely,2
division,2
anatomy,2
increasing,2
things,2
flesh,2
me,2
perspectives,2
figure,2
churchwardens,2
vision,2
plays,2
elstronwick,2
suspected,2
fear,2
bulletin,2
detailed,2
why,2
doughty,2
oldbaileyonline,2
mortality,2
dead,2
get,2
itself,2
assistant,2
publicly,2
then,2
reformation,2
thinking,2
associated,2
senior,2
mentioned,2
mercantile,2
simply,2
phillips,2
patients,2
december,2
exploration,2
argue,2
mys,2
epistemological,2
post,2
searched,2
vernacuhr,2
guy,2
perfectly,2
physicus,2
anomalous,2
rural,2
better,2
believed,2
preston,2
witch,2
unlikely,2
notable,2
bristol,2
accounts,2
particular,2
character,2
statement,2
helpe,2
emphasis,2
hundreds,2
urban,2
parturient,2
infant,2
travel,2
middle,2
popular,2
yeoman,2
winn,2
howard,2
org,2
son,2
cgi,2
commerce,2
pain,2
city,2
despite,2
mayor,2
subject,2
yales,2
com,2
merchant,2
discussion,2
au,2
aspect,2
frances,2
tell,2
maidservant,2
samuel,2
crimes,2
certificate,2
stancliffe,2
forbes,2
involving,2
philosophy,2
stroud,2
remains,2
shift,2
ruth,2
offered,2
ated,2
mctavish,2
johanna,2
johnson,2
experiential,2
debate,2
participant,2
testified,2
tuxford,2
north,2
recent,2
broader,2
meeting,2
asked,2
courts,1
gentlewoman,1
go,1
amining,1
dale,1
basing,1
complaint,1
explosion,1
possessed,1
currently,1
scandal,1
publique,1
rate,1
entreaties,1
lation,1
fathers,1
oriented,1
gree,1
edge,1
gedling,1
appealed,1
specu,1
stuart,1
car,1
sequently,1
estate,1
rev,1
meaning,1
cliffe,1
names,1
suc,1
till,1
designated,1
created,1
ready,1
trained,1
wonder,1
tory,1
performe,1
market,1
affected,1
discredited,1
heights,1
sandal,1
announced,1
undercutting,1
diane,1
nuptial,1
etchings,1
introduction,1
stands,1
staton,1
customers,1
unevenly,1
per,1
minutes,1
village,1
paradoxically,1
told,1
valerie,1
large,1
american,1
discover,1
genevi,1
judged,1
denied,1
atlases,1
approved,1
mobility,1
identify,1
essays,1
ofpopufotion,1
reflections,1
hull,1
rogers,1
live,1
coul,1
ways,1
situation,1
uterus,1
sudden,1
sensed,1
bod,1
competence,1
checking,1
nl,1
ms,1
realities,1
decade,1
theatre,1
position,1
justified,1
western,1
committee,1
cargo,1
metropole,1
gamble,1
unlike,1
occurred,1
em,1
tells,1
assisted,1
regime,1
examin,1
connotations,1
hereto,1
descriptions,1
eye,1
leipzig,1
permitted,1
humbleton,1
prosperous,1
barrenness,1
par,1
schneid,1
personae,1
painful,1
cast,1
reassure,1
intends,1
eigh,1
passion,1
else,1
upland,1
either,1
noble,1
undermine,1
erlijke,1
ertheless,1
li,1
parliamentary,1
torical,1
rivals,1
tricably,1
blended,1
exercized,1
creation,1
subscribed,1
undersigned,1
pervasive,1
phi,1
medieval,1
ii,1
chaos,1
abberford,1
sub,1
burlington,1
conyers,1
bastardy,1
untrustworthiness,1
editions,1
houres,1
inherently,1
confirmed,1
quickening,1
shaped,1
leiden,1
chapelry,1
attractive,1
route,1
explores,1
christoph,1
ble,1
correspondingly,1
borders,1
goddaughters,1
estimation,1
great,1
feminism,1
ben,1
differences,1
confirming,1
timing,1
analyses,1
nineteen,1
inherent,1
government,1
informt,1
intrusive,1
sterne,1
expense,1
enlighten,1
real,1
shillings,1
julie,1
mind,1
state,1
stand,1
respond,1
precisely,1
keith,1
robert,1
apothecaries,1
baptize,1
nal,1
mail,1
tner,1
discipline,1
sheet,1
wyman,1
longe,1
akin,1
martensen,1
nowhere,1
issue,1
isobel,1
ily,1
takes,1
depending,1
quarrelling,1
resulted,1
dr,1
interrogations,1
eastern,1
gaps,1
handes,1
designe,1
harassing,1
procreation,1
birkby,1
motion,1
earlier,1
inca,1
sought,1
pub,1
mass,1
iv,1
es,1
draw,1
solving,1
skild,1
deal,1
chapter,1
lynette,1
investiga,1
replacement,1
opened,1
determined,1
lifetime,1
delivering,1
ludmilla,1
machinery,1
sixteenth,1
associ,1
garthine,1
magnified,1
conspired,1
alter,1
console,1
insight,1
richard,1
cadre,1
alone,1
doth,1
purges,1
jordanova,1
taking,1
ruled,1
desired,1
conceptual,1
supervision,1
frtkve,1
pairs,1
sent,1
uncertain,1
cumberland,1
dynamic,1
fos,1
apply,1
enter,1
gynocentric,1
himself,1
demanded,1
prosecution,1
cursing,1
walker,1
affluent,1
tate,1
implications,1
holland,1
collection,1
adding,1
gabrielle,1
controlled,1
signal,1
alhe,1
guilty,1
witchcraft,1
usage,1
succeed,1
learned,1
complained,1
includes,1
ployed,1
disregard,1
throughout,1
lon,1
cluded,1
saville,1
prf,1
inventoried,1
heal,1
proceeded,1
overstatement,1
difficulties,1
neighbor,1
attest,1
points,1
direc,1
illustrates,1
sustain,1
analyzing,1
attesting,1
de,1
g,1
offended,1
bonfield,1
reconstituting,1
divine,1
interest,1
becoming,1
ease,1
applicant,1
moment,1
im,1
decided,1
adopted,1
ern,1
afford,1
issued,1
participating,1
reproduced,1
yeomans,1
thurrayly,1
admitted,1
industrial,1
comprised,1
arena,1
brests,1
exercise,1
funds,1
estimates,1
lianne,1
ow,1
lationship,1
developments,1
clark,1
underlying,1
keep,1
calming,1
eventu,1
amount,1
back,1
approval,1
fig,1
owne,1
speed,1
response,1
serving,1
annabell,1
newborn,1
difficulty,1
young,1
served,1
allowing,1
compared,1
applying,1
clergyman,1
effective,1
pmosophical,1
estimate,1
alliances,1
malbis,1
devaluing,1
sci,1
widowed,1
explore,1
reveale,1
deceased,1
critique,1
notts,1
marital,1
knows,1
conducting,1
occasion,1
competently,1
general,1
hardly,1
popish,1
virtuosi,1
businessmen,1
hawksweek,1
babies,1
reimagined,1
traumatic,1
grasp,1
kept,1
massey,1
wham,1
distribution,1
aristocracy,1
book,1
employ,1
usu,1
rights,1
carole,1
barometer,1
betrays,1
burgerlijke,1
laboring,1
assured,1
governed,1
reflects,1
identification,1
tt,1
links,1
mattered,1
portrayed,1
absent,1
cleaned,1
across,1
essence,1
paternity,1
attaches,1
interpretation,1
expectant,1
forced,1
en,1
explicit,1
johnston,1
expedience,1
doctrine,1
susanna,1
bond,1
conceptions,1
neighborhood,1
risk,1
households,1
heard,1
supplement,1
publisher,1
se,1
killingbeck,1
sacrificed,1
geschiedenis,1
tan,1
wapentake,1
roussel,1
popping,1
revelation,1
thereof,1
stability,1
philadel,1
wor,1
appropriateness,1
darrington,1
sanders,1
pearance,1
analy,1
means,1
privy,1
directory,1
send,1
downward,1
category,1
brunswick,1
appli,1
rumors,1
carpentry,1
medicalized,1
dean,1
civill,1
ensure,1
notwithstanding,1
wanted,1
metropolis,1
consider,1
entry,1
key,1
sorts,1
ap,1
imposing,1
mendiola,1
robbillard,1
cess,1
slowly,1
emergence,1
presumably,1
latin,1
proved,1
driven,1
threatening,1
vidual,1
days,1
placed,1
promotion,1
gradually,1
displays,1
contemporaries,1
canal,1
instrument,1
document,1
frequently,1
too,1
incorrectly,1
show,1
monica,1
earnestly,1
infan,1
superior,1
foetus,1
additional,1
tributes,1
ques,1
encouragement,1
exceed,1
sherwin,1
followed,1
obstacles,1
cost,1
harland,1
requires,1
thinke,1
asks,1
untrained,1
yes,1
odd,1
rusnock,1
providing,1
aptitude,1
ulation,1
cut,1
appear,1
lor,1
umbilical,1
oppositional,1
streak,1
friends,1
ei,1
reform,1
informant,1
contention,1
talking,1
arrived,1
result,1
closely,1
isabella,1
sooner,1
questioned,1
arrival,1
nhoed,1
allow,1
bearing,1
uncovering,1
undifferenti,1
critic,1
entered,1
placenta,1
entering,1
sd,1
attack,1
effort,1
seven,1
centers,1
recognize,1
cleanly,1
pass,1
radical,1
monitoring,1
bind,1
jonson,1
boult,1
accompany,1
philosophical,1
popu,1
secretly,1
unthinkable,1
evaluate,1
somwhat,1
density,1
grocer,1
healer,1
sword,1
borliness,1
embarrassing,1
irony,1
poultices,1
informed,1
stadsvroedvrouw,1
unbecoming,1
versity,1
obstetrical,1
fisher,1
recently,1
population,1
produced,1
reinforce,1
promise,1
enlightened,1
scale,1
fox,1
comprehension,1
duly,1
sacrifice,1
pence,1
january,1
testimoni,1
depictions,1
curate,1
briefly,1
ther,1
receive,1
bother,1
failure,1
sounded,1
gained,1
having,1
basis,1
line,1
relief,1
distinc,1
jervas,1
stoppard,1
criticize,1
formerly,1
cnom,1
augus,1
conformable,1
bolster,1
already,1
responding,1
ideal,1
carry,1
icantly,1
nine,1
cord,1
reestablished,1
imagined,1
future,1
prominent,1
county,1
nominees,1
purpose,1
sharon,1
eds,1
apparent,1
esp,1
clearer,1
coded,1
whenever,1
ginzberg,1
positions,1
feared,1
criticized,1
fornication,1
year,1
realm,1
gave,1
kindly,1
fit,1
couched,1
fail,1
registrar,1
fis,1
waived,1
qualitys,1
records,1
johann,1
imputation,1
actually,1
announcing,1
et,1
documented,1
ning,1
personal,1
focuses,1
away,1
highlighted,1
scope,1
wrightson,1
demonologists,1
capacities,1
project,1
smallest,1
presbyterian,1
discreet,1
presentations,1
encapsulates,1
healing,1
nominating,1
shortcomings,1
t,1
unmarried,1
subtle,1
atlas,1
onley,1
published,1
weighton,1
haveing,1
closing,1
physician,1
indi,1
qualifications,1
hire,1
chose,1
wished,1
volume,1
kirbymoorside,1
coupled,1
inee,1
catholic,1
warrant,1
contrast,1
clothes,1
stork,1
bently,1
quite,1
midst,1
acted,1
arbitrary,1
atmosphere,1
event,1
profes,1
summon,1
hibition,1
june,1
pregnant,1
broughton,1
ship,1
revealing,1
bridge,1
cession,1
industry,1
certainly,1
disphy,1
manchester,1
resigne,1
bookkeeping,1
choosing,1
skelton,1
distinguished,1
fetal,1
impossible,1
ent,1
altogether,1
herbal,1
coning,1
dedicated,1
goe,1
interrogation,1
st,1
necessity,1
harvey,1
describes,1
demonolo,1
peculiar,1
childless,1
honorific,1
value,1
crime,1
helmsley,1
compid,1
inform,1
hodson,1
oint,1
concomitant,1
seemed,1
subsequently,1
postmodernity,1
betrayed,1
portion,1
dalton,1
critical,1
calm,1
carolyn,1
uncooperative,1
san,1
clisters,1
devel,1
believ,1
ramifications,1
ventured,1
matter,1
variety,1
various,1
mysterious,1
tes,1
rivalries,1
midlwives,1
implicitly,1
requirement,1
pable,1
letters,1
spectacle,1
gradual,1
service,1
faked,1
archy,1
enquier,1
tery,1
play,1
whim,1
description,1
return,1
nearly,1
aspx,1
godsake,1
hutton,1
gervas,1
assure,1
perimentally,1
skilful,1
armigerous,1
judgment,1
comments,1
experiences,1
standing,1
initially,1
womb,1
degree,1
quaker,1
jesus,1
cultivate,1
selection,1
positive,1
nafferton,1
gilbert,1
nence,1
spoken,1
eral,1
flux,1
inex,1
simultaneous,1
competition,1
loaded,1
demolished,1
edited,1
relied,1
emergencies,1
reference,1
doe,1
kirby,1
disorderly,1
marginal,1
serve,1
soon,1
gins,1
hier,1
east,1
continuity,1
burg,1
formally,1
matron,1
nancy,1
challenged,1
mitting,1
perceived,1
misses,1
home,1
raise,1
cried,1
choices,1
performed,1
lacked,1
passions,1
excellence,1
belonging,1
rape,1
boldness,1
illustrated,1
department,1
qualified,1
reliance,1
moments,1
turing,1
opment,1
baby,1
company,1
declining,1
regardless,1
underway,1
sexe,1
diverged,1
continent,1
party,1
sis,1
starting,1
privat,1
cese,1
name,1
unreliable,1
attacks,1
tuana,1
challenge,1
childrens,1
scan,1
leidenuniv,1
brain,1
locating,1
deserves,1
towns,1
rock,1
gentle,1
hillary,1
augment,1
generational,1
speaks,1
conformity,1
primar,1
communal,1
longer,1
leading,1
insidious,1
marker,1
consideration,1
treatment,1
preserve,1
conduct,1
britons,1
walked,1
slingsby,1
beliefs,1
appeared,1
documents,1
ought,1
husband,1
foetal,1
occupations,1
exclusion,1
possi,1
regulation,1
lubricating,1
perienced,1
layer,1
educated,1
grave,1
daily,1
really,1
enciam,1
reacted,1
cure,1
penned,1
fallen,1
plan,1
almondbury,1
arthur,1
contemporary,1
bedill,1
langagae,1
prejudiced,1
appropriately,1
outgoing,1
zero,1
oc,1
habit,1
minister,1
theakston,1
tier,1
tremity,1
promoted,1
drove,1
adjacent,1
nity,1
begin,1
handed,1
erica,1
cense,1
tay,1
halifax,1
ried,1
renaissance,1
until,1
unveiled,1
judith,1
vernacufor,1
duties,1
necessary,1
epistemologies,1
paired,1
hereunto,1
alchemy,1
norms,1
minneapolis,1
resigned,1
breaks,1
ryan,1
metropolitan,1
begun,1
dergird,1
losophy,1
frequency,1
als,1
ignoring,1
sell,1
cul,1
distance,1
widespread,1
watkin,1
fisselps,1
bas,1
gladly,1
lumping,1
cupied,1
ecology,1
fluidity,1
desires,1
remained,1
sir,1
archdiocese,1
demonstrated,1
virtually,1
fundamentally,1
credit,1
emanating,1
investigators,1
exhibit,1
persona,1
vast,1
divided,1
intimate,1
survive,1
alliance,1
olyn,1
timony,1
virgin,1
bear,1
pathology,1
helps,1
hinder,1
un,1
servant,1
doorstep,1
decent,1
giles,1
transformed,1
ticide,1
fetch,1
clerical,1
depended,1
neigh,1
suffer,1
infusions,1
desirous,1
attributed,1
swaddled,1
imbued,1
controlling,1
paves,1
assumption,1
refers,1
olution,1
variation,1
preternaturally,1
band,1
smoothly,1
occupied,1
services,1
continue,1
schiebinger,1
stay,1
bloomington,1
swearing,1
chosen,1
previous,1
ratified,1
complicated,1
overturned,1
subsequent,1
sprung,1
ties,1
open,1
crises,1
trump,1
accessed,1
directed,1
modem,1
emphasizing,1
cervix,1
discussed,1
publication,1
health,1
signing,1
ciety,1
homes,1
occa,1
slander,1
acaster,1
him,1
cooperated,1
remark,1
high,1
risen,1
uni,1
stages,1
lie,1
magna,1
provin,1
filled,1
anyone,1
standard,1
martin,1
ingstoke,1
latter,1
sensible,1
alive,1
craven,1
signif,1
ture,1
faith,1
barske,1
witness,1
enough,1
sionals,1
qualli,1
trying,1
miles,1
fied,1
arise,1
denise,1
ril,1
craft,1
viable,1
epistemology,1
let,1
anderson,1
yle,1
sig,1
structure,1
judgement,1
vide,1
rhetorical,1
slightly,1
differ,1
blood,1
vaine,1
splitting,1
willen,1
amateur,1
nomic,1
insignificant,1
caution,1
crumble,1
sandra,1
fee,1
pqo,1
competed,1
applies,1
performing,1
visit,1
perils,1
arse,1
suspects,1
clive,1
space,1
carried,1
rachel,1
ellison,1
arrogated,1
indication,1
lo,1
ity,1
rejected,1
cation,1
declaration,1
violation,1
cance,1
tentative,1
education,1
lot,1
independent,1
provide,1
bold,1
linda,1
golstropp,1
france,1
lum,1
consent,1
bretton,1
guildford,1
employment,1
ironically,1
inside,1
interregnum,1
lines,1
deaths,1
fewer,1
signifi,1
ordinary,1
saddlers,1
slow,1
success,1
leake,1
imployed,1
underem,1
pop,1
relations,1
tive,1
team,1
render,1
effectively,1
whoe,1
tenta,1
transformation,1
peril,1
reservations,1
anxious,1
uncivill,1
delicacy,1
neighbourhood,1
successor,1
phrase,1
spectacularly,1
existed,1
mans,1
mistery,1
phia,1
table,1
holmes,1
supporting,1
extremely,1
quicken,1
ellin,1
unusual,1
problematic,1
illegitimately,1
beasts,1
promi,1
council,1
moorside,1
dialing,1
considered,1
tatham,1
rite,1
hasten,1
obstetrics,1
containers,1
dissection,1
suggestions,1
kilton,1
magnitude,1
dependable,1
con,1
rarely,1
growing,1
url,1
teries,1
comes,1
lished,1
nighbours,1
ve,1
contradiction,1
instructed,1
extensive,1
eco,1
fildes,1
ever,1
miscarryed,1
economically,1
pregnancies,1
ingenious,1
extension,1
tiered,1
known,1
nated,1
precise,1
thousand,1
skillful,1
divisions,1
constructed,1
temporal,1
alludes,1
rotterdam,1
eleven,1
robbed,1
eccle,1
sustained,1
alternative,1
wipe,1
quickly,1
tice,1
surgeoness,1
ran,1
smellie,1
unavailable,1
continental,1
brooke,1
intellectual,1
tat,1
each,1
sure,1
dare,1
acomb,1
spontaneous,1
worth,1
inclined,1
coupling,1
assumed,1
connection,1
interested,1
commu,1
vari,1
capital,1
administer,1
prominence,1
patri,1
dur,1
task,1
gap,1
abdomen,1
report,1
tudor,1
eventually,1
foundation,1
iii,1
peiecf,1
replyed,1
stretching,1
clearly,1
contradictory,1
obviously,1
asserting,1
enforcing,1
houses,1
uphold,1
jennifer,1
build,1
reemphasizes,1
examining,1
pharmacist,1
spinsters,1
hogley,1
londa,1
schofield,1
living,1
assessment,1
smuggle,1
archival,1
places,1
person,1
pri,1
hint,1
qualitatively,1
beginning,1
cal,1
imagin,1
born,1
ruse,1
alabama,1
jean,1
explanations,1
heads,1
carefully,1
androcentric,1
combined,1
rose,1
monials,1
form,1
want,1
supports,1
mony,1
ma,1
maintain,1
labia,1
hoped,1
validate,1
signature,1
lengths,1
ies,1
theory,1
excitement,1
ironmongers,1
angela,1
penetration,1
wiseman,1
extent,1
supplemented,1
appropriated,1
incompetence,1
prepare,1
prudence,1
busi,1
foundations,1
tadcaster,1
require,1
explored,1
obstitricandi,1
ori,1
almost,1
u,1
don,1
suggests,1
upper,1
conveniently,1
eve,1
radically,1
whence,1
andrea,1
mod,1
extracts,1
fudge,1
rotherton,1
cooter,1
confirm,1
testi,1
docu,1
duty,1
convinced,1
ac,1
giving,1
die,1
undermining,1
regulated,1
therefore,1
irritation,1
substance,1
panicky,1
prevale,1
pic,1
obtain,1
lesson,1
bridges,1
plague,1
ranks,1
families,1
phenomenon,1
vocal,1
definitions,1
fine,1
gain,1
voyage,1
pr,1
ellen,1
varied,1
tions,1
precision,1
our,1
uk,1
uninitiated,1
named,1
montague,1
sickness,1
tantalizing,1
origins,1
layers,1
understandings,1
pace,1
siastical,1
ultimately,1
powerful,1
survival,1
drafts,1
distinguish,1
instructive,1
herstorians,1
masculinization,1
argues,1
difference,1
surface,1
wielded,1
conditions,1
hus,1
gynecology,1
opens,1
balla,1
charge,1
unease,1
aware,1
failings,1
gists,1
topics,1
crisis,1
iiai,1
ended,1
instead,1
asset,1
although,1
salt,1
sional,1
unloaded,1
socially,1
harboring,1
need,1
bissaness,1
physical,1
opinions,1
gen,1
notions,1
maids,1
states,1
fanticide,1
manually,1
archdio,1
doing,1
baptism,1
harbored,1
colleagues,1
playing,1
fittly,1
haphazard,1
sexuality,1
knowl,1
rawcliffe,1
liniments,1
fylingdales,1
association,1
definitive,1
ranged,1
palpating,1
requesting,1
uneventful,1
evelyn,1
ceremony,1
holderness,1
marino,1
distinctions,1
teenth,1
executing,1
endnotes,1
elites,1
charged,1
ham,1
mater,1
reached,1
uncertainty,1
bentley,1
substantial,1
thinkable,1
braunschweig,1
entire,1
heroics,1
unregulated,1
immediately,1
banned,1
mature,1
dalous,1
taylor,1
resist,1
weil,1
building,1
poppleton,1
daughter,1
built,1
shifted,1
roles,1
acquitted,1
termed,1
conception,1
close,1
draft,1
interrogated,1
eties,1
ploy,1
