WORDCOUNTS,WEIGHT
the,824
of,594
and,363
in,360
to,349
s,168
was,161
a,150
his,149
james,120
scottish,99
pp,92
that,89
as,85
he,71
from,71
for,70
by,62
patronage,59
scotland,59
at,58
their,58
borders,52
government,52
english,51
with,51
were,47
on,45
p,42
this,41
these,41
somerset,41
within,40
networks,38
it,37
ker,36
council,36
not,35
court,34
union,34
had,34
elibank,32
power,32
such,31
london,31
also,31
between,31
courtiers,30
which,30
could,29
be,28
i,27
fo,26
england,26
ancrum,26
through,25
earl,24
pacification,24
him,24
elites,24
one,23
lochmaben,23
influence,23
whitehall,23
they,22
into,22
king,21
vol,21
an,21
when,21
early,21
state,20
but,20
oxnam,19
privy,19
cuddy,19
offices,18
however,18
whilst,18
tudor,18
lord,18
more,18
edinburgh,18
modern,17
welsh,17
or,17
bedchamber,17
new,17
have,17
those,16
both,16
ireland,16
after,16
is,16
buccleuch,16
dunbar,16
there,15
british,15
some,15
groundwater,15
composite,15
elite,15
anna,15
ms,14
policy,14
able,14
relationships,14
authority,14
annandale,14
chamberlain,14
john,14
denmilne,14
favour,14
ferniehirst,14
over,14
adv,14
middle,14
nls,14
fos,13
roxburgh,13
access,13
its,13
society,13
ed,13
crown,13
charles,13
political,12
communication,12
border,12
no,12
councillors,12
shires,12
elliott,12
letters,12
own,12
kingdoms,12
stuart,11
j,11
service,11
robert,11
dunfermline,11
braddick,11
network,11
monarchy,11
two,11
only,11
sir,11
local,11
rpcs,11
held,11
connections,11
continued,11
been,11
did,11
formation,11
lothian,11
royal,10
entourage,10
all,10
europe,10
thus,10
wales,10
how,10
your,10
family,10
crime,10
see,10
them,10
secure,10
appointed,10
until,10
vi,10
kers,9
interests,9
great,9
murray,9
himself,9
against,9
salisbury,9
scott,9
guard,9
my,9
used,9
though,9
good,9
absence,9
revival,9
many,9
eds,9
ibid,9
so,9
can,9
brown,9
william,9
what,9
terms,9
became,9
lands,9
much,9
allies,8
vols,8
wrote,8
papers,8
household,8
nas,8
than,8
links,8
too,8
m,8
out,8
scotsmen,8
cambridge,8
son,8
provided,8
make,8
home,8
patron,8
another,8
national,8
kindred,8
britain,8
here,8
meant,8
any,8
historical,8
despite,8
needed,7
history,7
being,7
other,7
peck,7
chancellor,7
has,7
relations,7
old,7
granted,7
benefits,7
most,7
helped,7
further,7
beik,7
irish,7
correspondence,7
will,7
contact,7
under,7
increasingly,7
councillor,7
remained,7
significance,7
would,7
appointment,7
successful,7
force,7
very,7
maintain,7
given,7
maintained,7
d,7
now,6
if,6
created,6
amongst,6
client,6
henry,6
brother,6
kinsman,6
may,6
commissioners,6
support,6
suppression,6
house,6
treasurer,6
monarchies,6
near,6
part,6
policies,6
personal,6
favourite,6
regions,6
level,6
spanish,6
parliament,6
made,6
region,6
use,6
ellis,6
article,6
conduits,6
relationship,6
me,6
lines,6
success,6
seen,6
loyalty,6
careful,6
soft,6
integration,6
gentry,6
regnal,6
focus,6
way,5
pale,5
jurisdictions,5
prince,5
attempts,5
marches,5
replicated,5
retain,5
julian,5
interest,5
exercise,5
ane,5
look,5
distribution,5
aristocracy,5
tensions,5
marriage,5
croft,5
conquest,5
alienation,5
buckingham,5
judicial,5
information,5
provincial,5
having,5
gave,5
kings,5
alliance,5
towards,5
newly,5
oxford,5
regional,5
gentleman,5
members,5
death,5
similarly,5
xii,5
observes,5
where,5
murrays,5
intimate,5
purse,5
office,5
jedburgh,5
quotation,5
administrative,5
jurisdiction,5
who,5
achieve,5
chamber,5
extensive,5
nobility,5
commission,5
linked,5
writing,5
years,5
land,5
c,5
close,5
kettering,5
grants,5
introduction,4
position,4
obligations,4
chief,4
kinsmen,4
first,4
titles,4
certainly,4
kingdom,4
coalescence,4
iv,4
powers,4
mutuality,4
monopolizing,4
g,4
walter,4
affairs,4
better,4
back,4
highest,4
kinship,4
journal,4
jones,4
function,4
blackbarony,4
melrose,4
levels,4
lithuanian,4
ix,4
show,4
powerful,4
important,4
bl,4
achieved,4
found,4
facilitate,4
well,4
exert,4
r,4
work,4
status,4
nephew,4
officials,4
least,4
borderer,4
hard,4
roxburghshire,4
order,4
contrast,4
presence,4
nithsdale,4
world,4
south,4
second,4
landed,4
acting,4
same,4
others,4
demonstrated,4
secured,4
clients,4
including,4
encouraged,4
significant,4
three,4
rewarded,4
dominance,4
securing,4
figures,4
hes,4
george,4
figure,4
crucial,4
linda,4
france,4
goodare,4
absolutism,4
constant,4
following,4
yow,4
mutually,4
are,4
steven,4
down,4
then,4
particularly,4
person,4
particular,4
almost,4
tna,4
commissioner,4
levy,4
cousin,4
themselves,4
cohesive,4
little,4
asked,4
archives,3
portuguese,3
sharpe,3
o,3
done,3
triumvir,3
career,3
jane,3
american,3
referring,3
formed,3
true,3
rewards,3
h,3
keepership,3
duke,3
borderers,3
before,3
fragile,3
experience,3
beneficial,3
languedoc,3
give,3
secretary,3
neil,3
majesty,3
together,3
viceroys,3
thanks,3
concludes,3
keith,3
link,3
case,3
side,3
dr,3
vii,3
historians,3
advice,3
sought,3
march,3
felt,3
politics,3
cooperation,3
hmc,3
point,3
x,3
familial,3
letter,3
attract,3
wormald,3
central,3
widened,3
since,3
agent,3
opalinski,3
century,3
maintaining,3
perspective,3
died,3
patrons,3
hopes,3
act,3
influential,3
burgesses,3
moreover,3
means,3
nor,3
facilitated,3
university,3
established,3
suffolk,3
exemplify,3
bacon,3
providing,3
result,3
closely,3
path,3
hands,3
brokers,3
late,3
sovereignty,3
bradshaw,3
basis,3
heart,3
prominent,3
brought,3
knowledge,3
elizabeth,3
year,3
partly,3
clientage,3
working,3
voiced,3
imposition,3
wider,3
concerns,3
philip,3
generally,3
behalf,3
drumlanrig,3
tyme,3
about,3
included,3
commonwealth,3
gentlemen,3
lee,3
bureaucrat,3
longer,3
lack,3
shire,3
viii,3
uncle,3
considerable,3
man,3
enough,3
do,3
v,3
present,3
anglicization,3
existing,3
execution,3
jenny,3
less,3
duties,3
necessary,3
governance,3
pauline,3
connected,3
courtier,3
ties,3
alienating,3
like,3
keeper,3
thomas,3
systems,3
we,3
reforms,3
embodied,3
councils,3
scotts,3
separate,3
reinventing,3
asking,3
provide,3
usually,3
institutions,3
area,3
life,3
directives,3
addressed,3
lordships,3
demonstrate,3
rival,3
know,3
retained,3
ph,3
benefit,3
associated,3
richelieu,3
evident,3
fuller,3
making,3
greengrass,3
manuscripts,3
problem,3
her,3
huge,3
xi,3
macinnes,3
maxwell,3
role,3
administration,3
canny,3
seddon,3
defence,3
finally,3
need,3
unified,3
captain,3
underlined,3
needs,3
ser,3
headed,3
obligation,3
heir,3
grace,3
north,3
doing,3
nicholas,2
subsequently,2
frequent,2
does,2
nras,2
indicated,2
concern,2
represent,2
basingstoke,2
mike,2
landowner,2
library,2
services,2
additionally,2
easily,2
former,2
title,2
observing,2
something,2
jp,2
caerlaverock,2
long,2
connection,2
rested,2
promoting,2
hoskins,2
seems,2
nature,2
allan,2
attractive,2
harder,2
potentially,2
peeblesshire,2
xiii,2
rechristened,2
help,2
integrate,2
lairds,2
principal,2
context,2
fulfilling,2
system,2
fortune,2
jerkin,2
governmental,2
crossborder,2
eastern,2
stretched,2
draw,2
distributing,2
facilitating,2
assure,2
move,2
cumberland,2
signet,2
andrew,2
marcher,2
points,2
initially,2
elton,2
large,2
moment,2
participating,2
conducted,2
convention,2
distinct,2
keep,2
villiers,2
channels,2
inclusion,2
allowing,2
ally,2
obscure,2
even,2
preserving,2
helping,2
transactions,2
master,2
implementation,2
employ,2
failed,2
wishes,2
monopolies,2
rather,2
performance,2
forced,2
centralization,2
legal,2
rowland,2
b,2
viewed,2
nos,2
study,2
enabled,2
deputy,2
feel,2
brendan,2
understand,2
key,2
holyrood,2
mistakes,2
cecil,2
disgrace,2
just,2
represented,2
n,2
receiving,2
bruce,2
venetian,2
w,2
benefited,2
peninsula,2
queen,2
monarch,2
channelled,2
instance,2
willing,2
crucially,2
protestant,2
view,2
brockliss,2
greater,2
arrived,2
came,2
based,2
cordial,2
earls,2
strength,2
objectives,2
changed,2
events,2
dispute,2
noting,2
suits,2
bussines,2
unions,2
shall,2
nobles,2
war,2
parliaments,2
woodbridge,2
placed,2
skelmurlie,2
xn,2
governing,2
undermined,2
failure,2
directly,2
ofjames,2
mazarin,2
lithuania,2
douglas,2
instituted,2
future,2
significantly,2
sharon,2
watts,2
example,2
apparent,2
related,2
homeland,2
positions,2
place,2
pyramid,2
records,2
people,2
relevance,2
structures,2
binding,2
et,2
surname,2
achieving,2
morrill,2
count,2
caused,2
allegiance,2
ambassador,2
shaping,2
suggest,2
catholic,2
phrase,2
involved,2
around,2
several,2
freind,2
governments,2
protect,2
progress,2
csp,2
dependent,2
resistance,2
notes,2
regal,2
activities,2
f,2
happen,2
eglinton,2
poland,2
situation,2
business,2
io,2
action,2
indeed,2
grooms,2
earldom,2
favours,2
burghs,2
elizabethan,2
intended,2
portland,2
positioned,2
july,2
still,2
says,2
kinnisman,2
direction,2
yet,2
doe,2
happened,2
during,2
official,2
patronclient,2
thesis,2
orders,2
xenophobic,2
locality,2
al,2
maiesteis,2
rpc,2
avoided,2
social,2
useful,2
representation,2
persuade,2
law,2
olivares,2
mark,2
procured,2
put,2
harmonious,2
financial,2
efforts,2
lieutenant,2
gaelic,2
daily,2
doubt,2
underpin,2
utilize,2
removal,2
intervene,2
tne,2
establish,2
conduit,2
groom,2
style,2
gwynfor,2
number,2
degree,2
private,2
extended,2
sizer,2
brady,2
northampton,2
upon,2
sides,2
galloway,2
writings,2
previously,2
identity,2
louis,2
nothing,2
guid,2
full,2
patents,2
roberts,2
open,2
similar,2
modem,2
sustain,2
peter,2
allowed,2
characterized,2
responses,2
played,2
filled,2
kept,2
households,2
keen,2
pension,2
accused,2
especially,2
k,2
become,2
let,2
excluded,2
structure,2
seeking,2
dumfriesshire,2
attend,2
attended,2
staffed,2
things,2
archipelago,2
teinds,2
bound,2
coercion,2
colbert,2
successor,2
often,2
fall,2
united,2
joseph,2
warrants,2
regularly,2
senior,2
extension,2
reciprocity,2
membership,2
affiliates,2
downfall,2
imposing,2
forfeiture,2
each,2
seem,2
northumberland,2
enemy,2
elsewhere,2
contemporarily,2
past,2
closest,2
elevated,2
thanked,2
nye,2
elevation,2
reign,2
idem,2
whether,2
kevin,2
involvement,2
add,2
signature,2
yt,2
majestie,2
holies,2
presented,2
occasionally,2
multiple,2
ruled,2
kin,2
frend,2
giving,2
plans,2
returning,2
clothing,2
rewarding,2
our,2
iberian,2
question,2
rms,2
frontiers,2
solely,2
exerted,2
jared,2
register,2
states,2
regular,2
you,2
attempted,2
sheriffs,2
dispose,2
reformation,2
potential,2
seventeenth,2
beseeched,2
re,2
observed,2
should,2
customs,2
courts,1
intimately,1
entities,1
superiority,1
formulated,1
forceful,1
deference,1
accidents,1
personally,1
flow,1
polish,1
xvm,1
horizontal,1
implemented,1
concerned,1
medieval,1
later,1
montgomerie,1
generous,1
officeholders,1
angus,1
begging,1
slaughter,1
culminated,1
engendered,1
credibility,1
levack,1
drawing,1
simmering,1
uplands,1
dynastic,1
resisting,1
implies,1
alone,1
kindreds,1
ultimate,1
succession,1
preferment,1
per,1
everybody,1
reminding,1
feuding,1
replaced,1
mounted,1
spaire,1
denied,1
archbishop,1
lordjedburgh,1
opinions,1
prime,1
advised,1
merged,1
word,1
remind,1
ways,1
alwayis,1
selkirk,1
studies,1
park,1
hannay,1
advisory,1
wasser,1
earnest,1
western,1
greate,1
equated,1
registrum,1
unlike,1
encourage,1
inequality,1
replicate,1
holding,1
apiece,1
assisted,1
fashioning,1
lowlands,1
induced,1
gossipy,1
beleive,1
properties,1
onsatled,1
forcible,1
negative,1
predominantly,1
member,1
anything,1
discretion,1
t,1
correspondency,1
oversie,1
failing,1
please,1
handwriting,1
embraced,1
swedish,1
whom,1
vesperae,1
commissions,1
creation,1
upholding,1
ii,1
exile,1
maxwellhaugh,1
implications,1
military,1
estate,1
might,1
cavers,1
attempt,1
turbulent,1
expectation,1
forcibly,1
emerged,1
freely,1
departure,1
damaged,1
unworkable,1
effecting,1
exoneration,1
tradition,1
selfe,1
ulster,1
accompanied,1
desire,1
landholders,1
thank,1
obstruct,1
intercede,1
summonses,1
accumulated,1
happy,1
rich,1
supplicants,1
displays,1
nicol,1
composition,1
cohesion,1
naturall,1
resulting,1
majeste,1
deemed,1
unto,1
subsequent,1
masques,1
maurice,1
damage,1
bounteousness,1
unthankfull,1
last,1
ambition,1
faithful,1
haert,1
mind,1
miles,1
alert,1
acquayant,1
greatly,1
sacred,1
investigations,1
publicize,1
alike,1
manipulate,1
guards,1
minimized,1
seminar,1
similarities,1
anglowelsh,1
appreciate,1
gln,1
twixt,1
wardrobe,1
cuntrie,1
dolorously,1
resilience,1
trust,1
principality,1
langshaw,1
preoccupations,1
portugal,1
tie,1
component,1
robes,1
encouraging,1
u,1
firm,1
foothold,1
discontent,1
killed,1
right,1
magni,1
clienteles,1
ferniehirsts,1
stepped,1
account,1
indirectly,1
placement,1
prior,1
e,1
outlying,1
concentrating,1
treu,1
reaction,1
functions,1
reduce,1
advantageous,1
vital,1
obvious,1
unsuccessfully,1
grievances,1
diss,1
apart,1
combination,1
say,1
except,1
owners,1
staffing,1
laws,1
experiencing,1
parke,1
spain,1
facto,1
fiercely,1
ancram,1
dignity,1
eurotoe,1
caus,1
acknowledgement,1
reward,1
prejudice,1
aggression,1
dublin,1
civility,1
worrying,1
oblige,1
repeatedly,1
complained,1
liddesdale,1
goal,1
retaining,1
centralized,1
apex,1
review,1
southampton,1
disorder,1
madrid,1
kyndes,1
explained,1
sigill,1
severe,1
mine,1
surmises,1
wrak,1
longevity,1
borderlands,1
due,1
moaned,1
hierarchy,1
de,1
hawick,1
integral,1
neighbours,1
recipient,1
relatively,1
ability,1
ousted,1
insisted,1
complex,1
janet,1
rooted,1
sore,1
douglases,1
exhausted,1
turn,1
estimates,1
thereof,1
underlying,1
viifs,1
subjects,1
approval,1
encompass,1
body,1
xvn,1
extraordinary,1
young,1
served,1
suitable,1
attests,1
honour,1
appoynt,1
effective,1
gladder,1
thairfoir,1
cardinal,1
external,1
berwick,1
alliances,1
powerfull,1
ioii,1
deputies,1
lublin,1
factions,1
bumptious,1
seal,1
details,1
pyramidical,1
welbeck,1
deeply,1
clientele,1
channelling,1
ven,1
fellow,1
marquess,1
scottes,1
baronies,1
petitioner,1
linton,1
promised,1
perfect,1
immunities,1
awkward,1
mechanisms,1
rights,1
neapolitan,1
operation,1
dignitaries,1
starving,1
mcclure,1
disposed,1
recognized,1
york,1
legitimation,1
governed,1
whose,1
subordination,1
costs,1
dilemma,1
bring,1
l,1
hamelie,1
murder,1
developed,1
declaring,1
denmark,1
debated,1
edward,1
basic,1
stumbling,1
afterwards,1
antagonistic,1
appreciation,1
lieutenancy,1
remunerated,1
neerness,1
precluded,1
suffer,1
phrases,1
risk,1
anyone,1
heard,1
eight,1
sarah,1
importance,1
lamented,1
certain,1
yeir,1
absorption,1
direct,1
balanced,1
parts,1
yeirle,1
extraordinarie,1
institutionalized,1
muscovite,1
signatures,1
distant,1
govern,1
unrivalled,1
sute,1
moves,1
divided,1
troublesome,1
provinces,1
discernible,1
posthumously,1
alienate,1
consultation,1
ensure,1
consider,1
prophesied,1
physically,1
consaittis,1
branch,1
kittill,1
diffusing,1
underlines,1
fueros,1
attain,1
iioo,1
masson,1
unenviable,1
instrument,1
egregious,1
drummond,1
frequently,1
calendar,1
councillorship,1
age,1
afectione,1
milan,1
ministers,1
bemoaning,1
exploited,1
stewart,1
additional,1
origins,1
vn,1
xiv,1
beyond,1
derby,1
civilize,1
linkage,1
comparisons,1
circulating,1
cost,1
always,1
problems,1
imprisonment,1
puts,1
founding,1
ruyne,1
cruikshanks,1
cut,1
grange,1
thinks,1
hopefully,1
exacerbate,1
ertman,1
geoffrey,1
participants,1
concentration,1
transmission,1
societies,1
appearance,1
fortunes,1
kingship,1
speeches,1
typical,1
inappropriate,1
amsterdam,1
patrick,1
abbey,1
betwixt,1
deir,1
pass,1
wreittin,1
bind,1
depletion,1
harme,1
meikle,1
quene,1
skaithe,1
griersons,1
vigorous,1
shoes,1
philosophical,1
gilforde,1
term,1
app,1
outnumbered,1
helpfully,1
regraitt,1
posting,1
pointing,1
informed,1
durham,1
focused,1
block,1
attendentis,1
stratus,1
reinforce,1
obedience,1
northwards,1
younger,1
grounds,1
wealth,1
anie,1
representatives,1
burgess,1
absolute,1
required,1
zenith,1
hath,1
coercing,1
find,1
opposition,1
wants,1
because,1
grit,1
distinguishes,1
commitments,1
xix,1
tack,1
lost,1
throne,1
promissis,1
unequal,1
degrees,1
tyre,1
newton,1
journals,1
militarized,1
invigorate,1
received,1
relatives,1
disputed,1
nine,1
hmg,1
advancement,1
halfbrother,1
civil,1
confined,1
wald,1
tenure,1
indemnities,1
reminded,1
englishmen,1
barren,1
got,1
northern,1
overcrailing,1
counterbalance,1
whole,1
continuation,1
sorrow,1
q,1
citation,1
fail,1
triumvirate,1
instinctive,1
inherited,1
princely,1
johann,1
officers,1
centred,1
desyres,1
winter,1
recounting,1
fears,1
surrounding,1
legislation,1
vasa,1
employed,1
countess,1
il,1
marvaylous,1
manage,1
monopoly,1
alan,1
withstand,1
seik,1
eveline,1
enthusiastic,1
assiduous,1
transmit,1
landholder,1
redistributed,1
exchequer,1
thread,1
creating,1
commons,1
gud,1
roses,1
quarter,1
discerns,1
constituent,1
carry,1
adherents,1
fostered,1
talked,1
wished,1
commanding,1
resolving,1
lacked,1
diana,1
politically,1
warrant,1
pinned,1
keenly,1
stimulated,1
marwick,1
prosecuting,1
arbitrary,1
specifically,1
overshadowed,1
calling,1
castle,1
selkirkshire,1
sufficient,1
fraught,1
feelings,1
bailie,1
buron,1
ill,1
leather,1
executed,1
transfer,1
temporary,1
venice,1
prerogative,1
reams,1
manchester,1
peak,1
secrecy,1
impossible,1
spence,1
fount,1
managed,1
visible,1
up,1
coordinate,1
st,1
news,1
warden,1
pays,1
wife,1
filling,1
describes,1
paid,1
surrendered,1
enquired,1
tames,1
maiestie,1
diminished,1
value,1
alienated,1
macdonald,1
moved,1
settle,1
actions,1
sporadic,1
massive,1
landlords,1
admittance,1
nations,1
favourites,1
laing,1
persuasione,1
transforming,1
affaris,1
threatened,1
therefore,1
symbolism,1
kindness,1
led,1
fails,1
sovereign,1
fortunate,1
nation,1
proxy,1
chains,1
reduced,1
earty,1
attending,1
condemnation,1
protecting,1
various,1
noble,1
economic,1
mutinous,1
doublet,1
lag,1
brian,1
frendschip,1
comparative,1
oiled,1
resisted,1
limited,1
cannier,1
successes,1
return,1
flowery,1
revolt,1
sho,1
nearly,1
exception,1
benefiting,1
buccleuchs,1
etc,1
prove,1
expanded,1
surviving,1
comments,1
holders,1
standing,1
sending,1
targeted,1
underwritten,1
rebellions,1
cultivate,1
ask,1
hold,1
reception,1
decisions,1
provost,1
majesties,1
seton,1
assuring,1
akngg,1
ofancram,1
reference,1
push,1
opportunities,1
prof,1
etat,1
suited,1
read,1
thought,1
serve,1
soon,1
traquair,1
evil,1
message,1
administratt,1
god,1
disastrous,1
us,1
ancient,1
beams,1
processing,1
eminently,1
informal,1
culture,1
friendship,1
formalized,1
philiphaugh,1
penurious,1
acknowledging,1
fearsome,1
illustrated,1
department,1
reports,1
quotations,1
resented,1
disseminate,1
memorable,1
strata,1
surrey,1
fairly,1
flee,1
considers,1
administrators,1
jnot,1
routes,1
doling,1
ordinance,1
leader,1
solomon,1
neice,1
impediment,1
comfortable,1
onwards,1
temporarily,1
challenge,1
request,1
fell,1
festering,1
again,1
lett,1
academy,1
conceived,1
exceiding,1
lucky,1
added,1
wanting,1
burgundy,1
barber,1
persuasion,1
lighter,1
conformity,1
fact,1
meanes,1
shows,1
leap,1
treatment,1
complaints,1
allow,1
conduct,1
areas,1
ambassadors,1
pressure,1
knowe,1
appeared,1
abstract,1
yee,1
reform,1
time,1
layer,1
debates,1
everything,1
remain,1
feasting,1
distrust,1
contemporary,1
clearly,1
administrations,1
identical,1
foster,1
discussed,1
starkey,1
lasour,1
minister,1
sustenit,1
rhetoric,1
honor,1
captained,1
men,1
readers,1
leviathan,1
paris,1
crashing,1
chain,1
pleis,1
shown,1
reversion,1
burgh,1
continuing,1
ch,1
vulnerable,1
celebrated,1
renaissance,1
strategies,1
dales,1
sicilianae,1
eg,1
material,1
scotorum,1
perhaps,1
native,1
belief,1
impoverished,1
wood,1
gladly,1
remarkably,1
custody,1
insensitive,1
valuably,1
principaliter,1
entity,1
rase,1
original,1
manoeuvring,1
disappearance,1
occasione,1
derectione,1
atlantic,1
guildford,1
haddington,1
effectiveness,1
background,1
treated,1
temperamental,1
trusted,1
reversed,1
implicated,1
bear,1
values,1
gracious,1
active,1
enhanced,1
sixth,1
depended,1
looking,1
proved,1
contacts,1
judge,1
ruthless,1
varying,1
conversely,1
caustic,1
deprived,1
largely,1
operated,1
accession,1
honours,1
emphasize,1
sommerville,1
francis,1
beneficially,1
alsace,1
questions,1
processes,1
credited,1
viceroyship,1
continue,1
friction,1
examination,1
fulfil,1
envious,1
previous,1
option,1
shortly,1
intimacy,1
nevertheless,1
attraction,1
versions,1
negotiating,1
clear,1
findinge,1
loosely,1
sloane,1
andrews,1
frustrated,1
communicated,1
assignment,1
se,1
peripheral,1
outlast,1
language,1
denbigh,1
reputation,1
gideon,1
lady,1
amounts,1
august,1
lynnes,1
vested,1
david,1
divisions,1
mutualities,1
ny,1
spread,1
stymied,1
high,1
risen,1
course,1
mountain,1
preservation,1
enriched,1
overbury,1
loreign,1
yester,1
humour,1
never,1
thair,1
artificial,1
antagonistically,1
preponderance,1
conclusions,1
sentiment,1
outside,1
internal,1
diversions,1
outcomes,1
institutionally,1
unpopular,1
knaw,1
glenn,1
stand,1
respectively,1
xvi,1
effect,1
veri,1
aeque,1
attendant,1
enemies,1
mr,1
enthusiastically,1
probably,1
twofold,1
sanquahr,1
save,1
revolution,1
institution,1
persuading,1
naturalization,1
fee,1
middest,1
comptroller,1
regimes,1
attention,1
thence,1
widely,1
chamberlaincy,1
justice,1
annuity,1
readie,1
reluctant,1
hunt,1
visit,1
heiress,1
landholdings,1
farm,1
letting,1
consists,1
yr,1
negotiations,1
shold,1
applications,1
basilikon,1
remayne,1
daughter,1
declaration,1
motivators,1
chances,1
armet,1
ing,1
independent,1
ciaran,1
mediation,1
milanese,1
foreign,1
naturally,1
practical,1
ohlmeyer,1
exacerbated,1
attitude,1
playing,1
unhappie,1
remotely,1
ordinary,1
sway,1
slow,1
stringer,1
referred,1
antagonism,1
directions,1
privileges,1
returned,1
effectively,1
determination,1
blockage,1
peril,1
straunge,1
brokerage,1
linking,1
detects,1
why,1
implementing,1
extra,1
analysis,1
cease,1
existed,1
interconnected,1
michael,1
incisive,1
frontier,1
education,1
centres,1
types,1
exists,1
itself,1
face,1
maureen,1
problematic,1
tushielaw,1
sheldon,1
susan,1
influencing,1
viscount,1
supply,1
burned,1
acquired,1
undertook,1
reciprocal,1
suggestions,1
seriously,1
wars,1
personnes,1
thinking,1
blocked,1
reliant,1
forum,1
naples,1
intervened,1
pithy,1
exemplified,1
kindnes,1
changing,1
intensification,1
corresponded,1
heritable,1
boyling,1
finest,1
lace,1
circumstances,1
extending,1
ourselfe,1
constituted,1
ever,1
offisers,1
daylie,1
doi,1
coopting,1
dining,1
kingis,1
hoppit,1
mcgill,1
bright,1
replace,1
berkeley,1
ran,1
disgruntled,1
continental,1
ordered,1
surrender,1
intellectual,1
control,1
bridge,1
introducing,1
stamp,1
sure,1
suitors,1
interpersonal,1
presidency,1
different,1
novel,1
december,1
global,1
east,1
harked,1
accustomed,1
innovations,1
laird,1
best,1
alexander,1
leaders,1
epitomized,1
half,1
abortive,1
current,1
particulers,1
intrusion,1
domestic,1
seconded,1
report,1
speech,1
post,1
foundation,1
harvest,1
stretching,1
notorious,1
privileged,1
stridently,1
cultivation,1
build,1
sum,1
differed,1
utilized,1
scottis,1
lauderdale,1
works,1
living,1
propitious,1
merely,1
plantation,1
turned,1
sie,1
stature,1
wilds,1
cranstoun,1
pardon,1
realities,1
trouble,1
defending,1
numbers,1
communicate,1
proceedings,1
condemns,1
reconcile,1
stability,1
form,1
staff,1
coerced,1
ancrams,1
protective,1
spynie,1
microcosm,1
kildare,1
tightly,1
leaving,1
conjunct,1
cessford,1
instigation,1
tudors,1
obstructive,1
abruptly,1
cloth,1
advise,1
property,1
don,1
agreed,1
apparently,1
suggests,1
bounds,1
radiated,1
impecunious,1
discussion,1
freedom,1
art,1
engineer,1
travel,1
huxtable,1
conference,1
league,1
aragon,1
uniting,1
lois,1
preserved,1
wrestle,1
recognition,1
extracts,1
peace,1
reported,1
exercising,1
affecting,1
leicester,1
undertaken,1
press,1
november,1
duty,1
justices,1
monarchs,1
ac,1
appointing,1
salbe,1
impose,1
thankful,1
went,1
left,1
escapade,1
irritation,1
substance,1
rochester,1
obtain,1
summarizes,1
kelso,1
officially,1
pound,1
colonial,1
families,1
monopolise,1
using,1
quantifiable,1
gain,1
neglect,1
resident,1
nominated,1
subsumed,1
mentor,1
distribute,1
friendes,1
superseded,1
greiff,1
promoted,1
ultimately,1
councilors,1
birth,1
editor,1
marry,1
sever,1
resist,1
intensified,1
thame,1
execrable,1
institutional,1
sonne,1
write,1
grant,1
broker,1
disputatious,1
aware,1
isles,1
wish,1
ended,1
actively,1
instead,1
although,1
typically,1
building,1
ye,1
canadian,1
writer,1
thomson,1
helpes,1
attributes,1
uddert,1
centrality,1
effects,1
jps,1
off,1
endeavouring,1
stroud,1
speak,1
increased,1
want,1
proceedeth,1
servant,1
anonymous,1
carr,1
thousand,1
marylebone,1
territories,1
removed,1
raid,1
third,1
protege,1
enduring,1
chicago,1
upbringing,1
cheaper,1
th,1
debate,1
vacillated,1
bargain,1
interaction,1
develop,1
immediately,1
brave,1
uk,1
among,1
unluckely,1
permanent,1
recent,1
personall,1
fiscal,1
loyalties,1
broader,1
himselfe,1
meeting,1
successive,1
sent,1
ca,1
workings,1
major,1
costly,1
regum,1
harmful,1
cooperating,1
gold,1
faction,1
