WORDCOUNTS,WEIGHT
the,802
of,557
and,510
in,311
a,197
to,189
floyer,184
s,156
pp,135
he,120
that,105
pulse,98
p,95
his,93
by,87
was,76
with,69
on,68
physician,61
for,59
which,56
r,55
this,49
as,44
tastes,43
an,42
history,41
had,41
or,41
ibid,41
is,41
from,41
it,40
i,40
medicine,40
their,39
also,39
early,39
senses,38
taste,36
j,35
medical,35
london,34
d,33
at,31
oxford,31
but,31
m,30
were,30
more,28
one,27
not,26
society,25
john,25
be,25
c,24
e,23
chinese,23
lichfield,23
plants,23
all,22
watch,22
modern,21
g,21
these,21
sir,21
have,21
ms,20
l,20
qcl,19
new,19
pulses,19
we,19
between,19
perception,19
royal,18
first,18
t,18
jenner,18
how,18
could,18
place,18
about,18
eds,18
sig,18
science,18
see,18
work,17
are,17
touch,17
cambridge,17
into,16
england,16
great,16
some,16
w,16
information,16
many,16
practice,16
such,15
body,15
ed,15
sensory,15
what,15
pharmakobásanos,14
physicians,14
gustatory,14
feeling,14
b,14
n,14
instance,14
out,14
its,14
heart,14
grew,14
like,14
who,14
through,14
world,14
they,13
journal,13
most,13
medicines,13
cultural,13
social,13
small,13
only,13
other,13
blood,13
when,13
different,13
nature,12
there,12
explained,12
fo,12
il,12
sense,12
galen,12
two,12
our,12
made,12
know,12
art,12
english,11
york,11
them,11
study,11
circulation,11
because,11
knowledge,11
culture,11
mark,11
ch,11
upon,11
would,11
k,11
natural,11
each,11
fingers,10
h,10
ray,10
century,10
however,10
ancient,10
after,10
life,10
particular,10
observations,10
ways,9
felt,9
de,9
than,9
may,9
aci,9
research,9
fri,9
f,9
published,9
smith,9
time,9
renaissance,9
very,9
works,9
years,9
ca,9
way,8
might,8
diseases,8
book,8
state,8
robert,8
british,8
described,8
ct,8
staffordshire,8
hippocrates,8
my,8
came,8
minute,8
known,8
several,8
us,8
tasting,8
haven,8
began,8
considered,8
idem,8
both,8
common,7
historiography,7
harvey,7
investigations,7
less,7
u,7
right,7
human,7
turn,7
late,7
clark,7
left,7
even,7
no,7
beats,7
smell,7
part,7
example,7
volume,7
second,7
various,7
make,7
v,7
bathing,7
use,7
three,7
ny,7
relation,7
anatomy,7
analysis,7
did,7
according,7
aft,7
although,7
little,7
much,7
should,7
now,6
medieval,6
affected,6
trans,6
studies,6
experience,6
ii,6
copy,6
apothecaries,6
signs,6
system,6
case,6
fos,6
thus,6
smells,6
young,6
developed,6
active,6
arm,6
listed,6
important,6
strength,6
well,6
revealed,6
has,6
people,6
own,6
towards,6
approach,6
things,6
up,6
gibbs,6
günther,6
letters,6
sanctorius,6
galenic,6
men,6
seventeenth,6
number,6
eighteenth,6
cathedral,6
health,6
chair,6
sensible,6
been,6
haptic,6
practitioners,6
preface,6
wear,6
physical,6
sciences,6
preternatural,6
historical,6
william,6
healthy,6
cleyer,6
pu,6
recent,6
willis,6
rate,5
if,5
substances,5
american,5
bark,5
properties,5
long,5
finger,5
later,5
vols,5
europe,5
together,5
simple,5
emphasized,5
advice,5
taking,5
bodily,5
fluids,5
old,5
rates,5
fr,5
edward,5
produced,5
feel,5
moreover,5
argued,5
hot,5
kuriyama,5
virtues,5
cold,5
order,5
wrist,5
cool,5
generally,5
notes,5
therefore,5
european,5
birmingham,5
wrote,5
garden,5
thought,5
artery,5
same,5
noted,5
dispensatory,5
contemporary,5
native,5
disease,5
asthma,5
judge,5
him,5
arteries,5
thomas,5
latter,5
article,5
qualities,5
differently,5
can,5
revolution,5
continued,5
within,5
five,5
seen,5
often,5
too,5
set,5
counting,5
ar,5
whether,5
while,5
philosophy,5
chicago,5
frequent,4
medicinae,4
tasted,4
nehemiah,4
before,4
something,4
being,4
drugs,4
digby,4
experiments,4
words,4
shaped,4
motion,4
iv,4
point,4
himself,4
celerity,4
nn,4
patient,4
against,4
kind,4
died,4
beat,4
facs,4
oj,4
whose,4
boyle,4
animals,4
perceptions,4
coventry,4
age,4
aston,4
loyer,4
pox,4
bl,4
histories,4
found,4
millipedes,4
philosophical,4
further,4
furthermore,4
seventeenthcentury,4
record,4
provincial,4
therapeutics,4
county,4
edn,4
esp,4
during,4
pun,4
good,4
describing,4
next,4
augustan,4
around,4
using,4
warwickshire,4
practices,4
harris,4
read,4
simpling,4
complete,4
french,4
technique,4
power,4
others,4
aldershot,4
man,4
forms,4
where,4
another,4
discourses,4
holt,4
contacts,4
chymical,4
bitter,4
individuals,4
examination,4
specimen,4
so,4
aorta,4
quick,4
fal,4
probably,4
vision,4
translation,4
detect,4
dedicatory,4
country,4
mal,4
phamakobásanos,4
bynum,4
animal,4
cal,4
sphygmology,4
bodies,4
city,4
ac,4
techniques,4
substance,4
epistle,4
johnson,4
expressiveness,4
palate,4
inward,3
medicinal,3
declared,3
complex,3
fed,3
library,3
physic,3
katz,3
sensed,3
decade,3
du,3
women,3
every,3
frankfurt,3
culturally,3
regimen,3
repr,3
worked,3
baynard,3
reveal,3
listing,3
miles,3
those,3
classified,3
titlepage,3
china,3
reading,3
context,3
papers,3
botanical,3
recorded,3
catalogus,3
hall,3
account,3
porter,3
possible,3
politics,3
dutch,3
malpighi,3
sweet,3
expertise,3
quality,3
points,3
since,3
herbs,3
interest,3
medicaments,3
sinicae,3
fig,3
compared,3
student,3
discovering,3
general,3
catalogues,3
acid,3
angeles,3
vegetables,3
notion,3
earlier,3
parts,3
university,3
latin,3
just,3
respiration,3
four,3
commented,3
problems,3
lu,3
uses,3
combinations,3
lived,3
diet,3
wallis,3
midlands,3
third,3
persons,3
otherwise,3
near,3
impression,3
los,3
carry,3
reader,3
must,3
used,3
gave,3
records,3
anatomist,3
project,3
least,3
working,3
diagnostic,3
family,3
few,3
urine,3
correspondence,3
hooke,3
will,3
tasts,3
give,3
rules,3
relied,3
technology,3
touching,3
fire,3
merrett,3
towns,3
head,3
foods,3
call,3
healths,3
never,3
discussed,3
external,3
monographs,3
model,3
manner,3
systematic,3
flesh,3
perhaps,3
style,3
tactual,3
vanities,3
cure,3
writings,3
discrimination,3
virtually,3
usefull,3
individual,3
plant,3
features,3
diagnosis,3
vascular,3
plate,3
hunter,3
greek,3
species,3
soot,3
circle,3
george,3
movements,3
figure,3
bound,3
commended,3
visual,3
tobacco,3
wilson,3
volumes,3
types,3
examine,3
matters,3
quantitative,3
contained,3
curious,3
fifteen,3
theme,3
claims,3
estes,3
md,3
text,3
berkeley,3
over,3
intellectual,3
tongue,3
setting,3
appendix,3
allied,3
section,3
living,3
catalogue,3
combined,3
physiology,3
making,3
theory,3
influenced,3
reported,3
went,3
measure,3
sickness,3
chemical,3
ye,3
need,3
green,3
regular,3
gentry,3
marcello,3
observation,3
specific,3
distinctions,3
attending,3
strong,3
termed,3
cited,3
surroundings,2
knew,2
archives,2
o,2
done,2
accidents,2
along,2
stuart,2
phil,2
commentary,2
groups,2
college,2
advocated,2
per,2
mouth,2
entirely,2
basingstoke,2
properly,2
identify,2
essays,2
ma,2
likely,2
live,2
statica,2
environment,2
plantaram,2
esdras,2
reiser,2
eye,2
detected,2
maclean,2
materials,2
root,2
lower,2
fitted,2
passion,2
stressed,2
experimented,2
originally,2
concentrated,2
location,2
possibilities,2
tradition,2
twenty,2
suggesting,2
emotion,2
thanks,2
sibylline,2
religion,2
take,2
comparative,2
feature,2
improved,2
odnb,2
greatly,2
precisely,2
cowan,2
market,2
depends,2
bitterish,2
nul,2
sophisticated,2
key,2
anthoni,2
recommended,2
sixteenth,2
condition,2
pelling,2
adopting,2
coleshill,2
dinner,2
eating,2
bobart,2
x,2
far,2
classifications,2
household,2
apply,2
above,2
savours,2
letter,2
treatise,2
sanctorii,2
authors,2
central,2
author,2
lhis,2
immediate,2
professor,2
aß,2
unpublished,2
characteristic,2
expeditions,2
logic,2
ability,2
visuality,2
moffett,2
rooted,2
admitted,2
learning,2
hs,2
diagnostics,2
constitutions,2
concerning,2
herbes,2
ithaca,2
difficulty,2
flood,2
single,2
jacob,2
mechanical,2
find,2
weight,2
y,2
skins,2
impressions,2
bryson,2
palpation,2
van,2
poor,2
acrid,2
authority,2
sigs,2
philadelphia,2
exact,2
rather,2
soe,2
sensing,2
process,2
baconian,2
scottish,2
eight,2
chelsea,2
idiosyncratic,2
derived,2
strange,2
hearing,2
keeper,2
intemperance,2
pages,2
oracles,2
newdigate,2
lay,2
inserted,2
posthumous,2
understand,2
nor,2
ensure,2
wanted,2
marks,2
improvement,2
sorts,2
assent,2
foul,2
sick,2
days,2
graaf,2
frequently,2
upper,2
companions,2
fiom,2
stewart,2
pulsilogium,2
especially,2
birch,2
suggested,2
hath,2
drawing,2
therapies,2
friends,2
whereas,2
greater,2
based,2
lead,2
gowing,2
unanimous,2
rule,2
plot,2
hands,2
called,2
amsterdam,2
changed,2
melancholy,2
im,2
rloyer,2
skilled,2
appears,2
experimental,2
nice,2
simples,2
xn,2
aanctono,2
memory,2
sites,2
pigs,2
having,2
almost,2
degrees,2
overviews,2
basis,2
dulled,2
eh,2
heavily,2
apparent,2
nation,2
data,2
aro,2
describe,2
mn,2
highlighted,2
moray,2
engagement,2
healing,2
count,2
sprang,2
positioning,2
sic,2
responses,2
field,2
cataloguing,2
practising,2
wrestling,2
sixty,2
owned,2
overheating,2
wider,2
annotation,2
flavour,2
impossible,2
always,2
results,2
pa,2
grateful,2
sum,2
passive,2
moved,2
rest,2
sensorial,2
astringent,2
scientific,2
habitus,2
descending,2
distension,2
tast,2
indeed,2
prognosis,2
excessive,2
warwick,2
kincardine,2
brief,2
betts,2
movement,2
sensation,2
surveyed,2
tends,2
frank,2
once,2
fevers,2
examined,2
wise,2
upwards,2
differentiate,2
temperate,2
thesis,2
specimens,2
ci,2
assistance,2
watson,2
lord,2
baltimore,2
experiment,2
qualitative,2
foucault,2
prophecies,2
gentleman,2
nova,2
critiques,2
skill,2
again,2
death,2
water,2
temperaments,2
herbert,2
idea,2
scholars,2
areas,2
eadem,2
bourdieu,2
compound,2
appeared,2
match,2
hear,2
chs,2
convulsions,2
took,2
drinking,2
breadth,2
do,2
innovative,2
reckoned,2
developing,2
pancreas,2
sensual,2
michael,2
ontological,2
medicina,2
necessary,2
acids,2
metropolitan,2
frequency,2
distance,2
gives,2
wood,2
lunar,2
outlines,2
simon,2
fundamentally,2
apt,2
understanding,2
greatest,2
exploring,2
discussion,2
considering,2
treated,2
paster,2
range,2
salamanca,2
reinier,2
samples,2
food,2
philosophers,2
engaging,2
dacome,2
full,2
importantly,2
filth,2
versions,2
passim,2
clear,2
discovered,2
woolgar,2
sloane,2
tis,2
david,2
period,2
collected,2
distinction,2
diligence,2
last,2
imagination,2
why,2
padua,2
comparing,2
written,2
internal,2
trying,2
effect,2
james,2
physiological,2
earl,2
attend,2
embodied,2
andreas,2
bitters,2
reinventing,2
dogs,2
suggest,2
sirjohn,2
suggestion,2
respect,2
cow,2
neighbour,2
sometimes,2
usually,2
anatomical,2
hsu,2
slow,2
reason,2
force,2
transformation,2
whereby,2
length,2
frames,2
quacks,2
class,2
jesuits,2
table,2
centuries,2
turkeys,2
get,2
worlds,2
clinical,2
sensorium,2
magnitude,2
any,2
historian,2
material,2
humane,2
grand,2
measurements,2
underpins,2
ever,2
dr,2
lympha,2
patients,2
locke,2
milieu,2
blair,2
chewing,2
books,2
henry,2
embassy,2
worth,2
lying,2
branches,2
historians,2
seem,2
best,2
argue,2
ju,2
milk,2
particularly,2
er,2
researches,2
build,2
passage,2
merely,2
better,2
places,2
person,2
knows,2
carefully,2
reign,2
ones,2
mosses,2
wfc,2
unnecessary,2
dugdale,2
problem,2
supplemented,2
vermicular,2
stages,2
explored,2
laennec,2
treatises,2
agreed,2
holies,2
urban,2
presented,2
trees,2
attentive,2
altered,2
surveys,2
particles,2
beer,2
convinced,2
resistance,2
botany,2
faculty,2
categorization,2
relates,2
come,2
acoustics,2
coles,2
comparable,2
enthusiasm,2
soft,2
recording,2
national,2
temperature,2
samuel,2
finally,2
discovery,2
cherbury,2
richard,2
correlated,2
leeuwenhoek,2
resembled,2
evidence,2
effects,2
countrey,2
promptly,2
corbin,2
classification,2
morning,2
am,2
charles,2
cantor,2
humours,2
vertue,2
ift,2
scholarship,2
cook,2
informants,2
abercromby,2
texts,2
including,2
develop,2
abandoned,2
among,2
observed,2
jütte,2
famous,2
showed,2
close,2
discern,2
medica,2
florence,1
tangible,1
distempers,1
does,1
librarian,1
odorum,1
basing,1
sharpe,1
stimuli,1
respected,1
currently,1
mostly,1
jankovic,1
colet,1
struggle,1
refinement,1
revered,1
juices,1
medics,1
oriented,1
prefer,1
ofphysick,1
humankind,1
fj,1
odjvb,1
dioscorides,1
concerned,1
indicated,1
conjoined,1
names,1
gabbay,1
adapting,1
cmprthbedit,1
till,1
freezing,1
created,1
trained,1
mystical,1
endpaper,1
truth,1
career,1
rlaxton,1
mayerne,1
sirjohnfloyer,1
revealingly,1
wa,1
fiction,1
struggled,1
worthy,1
burke,1
extends,1
ditchfield,1
succession,1
introduction,1
commentaria,1
celebrate,1
utility,1
ironish,1
notably,1
berlin,1
linguistic,1
start,1
church,1
wo,1
police,1
fora,1
large,1
watchmaker,1
bestimmung,1
elementary,1
replaced,1
summarizing,1
mike,1
approved,1
anatomists,1
tend,1
designed,1
prime,1
stone,1
proiessionai,1
sheffield,1
schiff,1
asserted,1
transcribed,1
savouring,1
approaches,1
walker,1
sudden,1
actions,1
easily,1
medullary,1
discriminate,1
ly,1
expos,1
lua,1
pulsifick,1
monolithic,1
perfect,1
saporir,1
ti,1
broadland,1
tomes,1
missionaries,1
anthropology,1
trace,1
pulsilogia,1
justified,1
western,1
necessarily,1
painters,1
differentiis,1
laid,1
ordinarily,1
schroder,1
ambitious,1
cit,1
paper,1
liilupu,1
sweetish,1
expressed,1
promote,1
advocate,1
arrived,1
enumeration,1
assume,1
lenses,1
princeton,1
annals,1
amongst,1
chastity,1
ferrando,1
laura,1
squire,1
petals,1
journeys,1
arms,1
myriad,1
appealed,1
round,1
townsend,1
member,1
schaffer,1
invoking,1
inhibited,1
lnglish,1
decidedly,1
test,1
beginners,1
primam,1
davis,1
defects,1
venice,1
barometric,1
mouldy,1
subscribed,1
production,1
greatness,1
anthony,1
reoriented,1
spontaneous,1
path,1
implications,1
ingenuity,1
rerum,1
rested,1
prachcae,1
attempt,1
gourds,1
rare,1
archer,1
permanently,1
artificially,1
kent,1
ourselves,1
advanced,1
seems,1
furnace,1
damaged,1
spedmen,1
resemblance,1
thereupon,1
company,1
comparatively,1
principles,1
summation,1
cantabrigiam,1
height,1
bred,1
forcefulness,1
skills,1
professions,1
pungent,1
correspondingly,1
accompanied,1
thro,1
tunes,1
taxonomist,1
thumb,1
witnessing,1
lonie,1
imported,1
puritanism,1
producing,1
follows,1
acoustic,1
able,1
status,1
lisse,1
thefiagrant,1
link,1
indicating,1
scheme,1
located,1
concludes,1
errorum,1
procedure,1
apothecary,1
debt,1
unto,1
britannicarum,1
allpun,1
devised,1
nascentium,1
biomedicai,1
scents,1
skull,1
mind,1
improving,1
cordis,1
keith,1
burnett,1
hypotheses,1
pitt,1
ours,1
alike,1
ambiguous,1
everyone,1
springing,1
revise,1
mollmn,1
hostility,1
formicant,1
johns,1
imaginable,1
stopped,1
rethinking,1
sheriffhales,1
cures,1
uu,1
contents,1
similarities,1
muui,1
southern,1
weir,1
acknowledged,1
involves,1
thermometers,1
forum,1
refute,1
tyson,1
forthcoming,1
roy,1
attacked,1
sfl,1
east,1
king,1
fever,1
primary,1
sought,1
carlisle,1
mutation,1
america,1
originates,1
gough,1
sensitivities,1
gardens,1
vol,1
therapeutic,1
opened,1
drawers,1
spitting,1
upward,1
fl,1
burning,1
ih,1
echoes,1
evan,1
reaction,1
powers,1
greene,1
naturalist,1
ecclesiastes,1
mastery,1
foregrounded,1
sauces,1
west,1
mental,1
variations,1
except,1
classics,1
astrologers,1
sent,1
dynamic,1
disconcerted,1
equilibrium,1
adpu,1
unhappy,1
havers,1
measurement,1
spleen,1
downwards,1
philo,1
inventory,1
cheese,1
pittsburg,1
karen,1
learned,1
segregation,1
oldenburg,1
tacs,1
írí,1
retaining,1
chapters,1
fetid,1
constitutive,1
throughout,1
essayed,1
review,1
collapse,1
vvx,1
ù,1
elucidates,1
surely,1
beating,1
disorder,1
oily,1
obtaining,1
massage,1
proceeded,1
accuracy,1
hitchin,1
peculiarities,1
mine,1
consequently,1
difficulties,1
fragrant,1
longevity,1
taxonomic,1
visited,1
regimens,1
tables,1
helen,1
magic,1
knoledge,1
doctor,1
neighbours,1
neighbors,1
uglow,1
healthful,1
forgotten,1
gerontology,1
authoritative,1
reflection,1
richardson,1
brother,1
relations,1
needed,1
llbw,1
afford,1
patriarchs,1
chorographer,1
dame,1
discerning,1
cf,1
jr,1
insisted,1
flaccid,1
restore,1
aberdeen,1
bravus,1
blistered,1
cremona,1
qiemo,1
dealings,1
lli,1
expected,1
contributors,1
tabulated,1
guided,1
bacon,1
maladies,1
cases,1
humidwn,1
religious,1
developments,1
pretensions,1
self,1
meteorology,1
reluctance,1
clocks,1
rejecting,1
embedded,1
vanetate,1
humphrey,1
perspective,1
behaving,1
recess,1
vom,1
irj,1
amount,1
kev,1
marriage,1
mover,1
iro,1
lifecycle,1
cjiz,1
practitioner,1
six,1
pharmacology,1
fllt,1
unmediated,1
ri,1
wholly,1
bone,1
trusting,1
clergyman,1
hurtful,1
durée,1
fourth,1
truly,1
publications,1
diverse,1
compare,1
undertaking,1
methodi,1
slenderest,1
bloy,1
extent,1
baroque,1
diutumi,1
instruments,1
preserving,1
dry,1
nasu,1
drank,1
gleashill,1
yi,1
apparently,1
deeply,1
vitriolic,1
herbáis,1
decline,1
delivered,1
hardly,1
botanique,1
cephalic,1
though,1
wl,1
coal,1
influence,1
cites,1
rwr,1
kept,1
osteologia,1
monarchist,1
fasting,1
phases,1
puii,1
saporum,1
aim,1
divergence,1
vm,1
civilization,1
sixteen,1
exhaustively,1
via,1
interesting,1
livers,1
vegetable,1
gizzards,1
americans,1
ú,1
understands,1
air,1
mild,1
lt,1
without,1
overly,1
prognosticate,1
resists,1
act,1
ml,1
sets,1
ba,1
observers,1
patron,1
purely,1
growth,1
howes,1
aimed,1
shares,1
main,1
ruptured,1
perspiration,1
remain,1
ra,1
iiu,1
anglican,1
basic,1
kei,1
radius,1
breast,1
ai,1
roos,1
organize,1
lankester,1
sherman,1
lfi,1
depicts,1
mti,1
deliberately,1
mechanics,1
survives,1
accurate,1
excessively,1
leamington,1
stench,1
ingested,1
associate,1
emery,1
tense,1
supplement,1
interwar,1
sentire,1
convert,1
importance,1
certain,1
beastly,1
plots,1
contributions,1
rorter,1
signatures,1
liber,1
matched,1
gratefully,1
piin,1
scales,1
vivisected,1
zwicker,1
ama,1
cail,1
uncertainties,1
summarized,1
canonis,1
arbor,1
almshouses,1
factors,1
mediate,1
front,1
expressing,1
precious,1
tn,1
moves,1
düälf,1
onwards,1
perilous,1
fn,1
causis,1
ofr,1
bonds,1
experimenting,1
dyer,1
tractatus,1
empires,1
settled,1
provinces,1
bì,1
acquisition,1
romantic,1
hartlib,1
nram,1
unequall,1
experimentally,1
dilation,1
wrists,1
possibly,1
acupuncture,1
coffeehouse,1
lister,1
occlude,1
benefits,1
radicale,1
coráis,1
lucmhinaci,1
emergence,1
dated,1
wilbert,1
clearly,1
secondwatch,1
imperceptible,1
edition,1
ideologies,1
placed,1
quoted,1
colder,1
contemporaries,1
instrument,1
weak,1
watery,1
nowadays,1
xi,1
orientation,1
aubrey,1
commonly,1
grumosity,1
ìi,1
harlem,1
superior,1
discusses,1
prima,1
additional,1
exotics,1
voluminous,1
fasted,1
follow,1
latitude,1
map,1
boring,1
followed,1
ki,1
cost,1
bedford,1
requires,1
baths,1
suuu,1
terminology,1
falcai,1
victorian,1
shifted,1
restriction,1
crucially,1
pious,1
helped,1
projected,1
contrary,1
providing,1
tory,1
hopton,1
cut,1
wiltshire,1
view,1
laslett,1
perceive,1
intersensorial,1
ogilby,1
reflections,1
speed,1
draws,1
raw,1
munching,1
naturae,1
borsay,1
response,1
result,1
closely,1
advance,1
divines,1
antiquaries,1
whom,1
encourage,1
kennedy,1
mauss,1
krueger,1
dixon,1
habits,1
declined,1
portable,1
future,1
critic,1
listened,1
begun,1
anthropologia,1
access,1
cant,1
ambitions,1
exhaustingly,1
cadaver,1
exundancy,1
stink,1
holmes,1
patrick,1
adjusted,1
omnivorous,1
warburg,1
circa,1
curiosity,1
intermediary,1
discribed,1
fifteenthand,1
monitoring,1
disorders,1
aio,1
fjl,1
repeli,1
noting,1
compendious,1
primigenius,1
minutely,1
illness,1
raal,1
stomach,1
shuttleworth,1
base,1
rbo,1
liver,1
inter,1
stepping,1
affluence,1
mealy,1
iiwiiiim,1
bookseller,1
alsoj,1
pure,1
equally,1
informed,1
transactions,1
depicted,1
ijiujft,1
knighthood,1
schröder,1
reviews,1
stressing,1
hemlock,1
bore,1
fascinations,1
ot,1
viewed,1
symbols,1
unites,1
cannot,1
clavis,1
woodbridge,1
deodonzation,1
metals,1
tradesmen,1
xiv,1
monosensual,1
outlined,1
abuse,1
explain,1
instrumental,1
required,1
diaphragm,1
gauging,1
courtauld,1
henbane,1
method,1
triumph,1
dietetics,1
bedevilled,1
gained,1
chief,1
fundamentalism,1
alt,1
marie,1
meli,1
overlapping,1
omnium,1
heartbeat,1
specifically,1
colonies,1
nichols,1
institutes,1
none,1
sounded,1
participation,1
anna,1
rq,1
cambridgeshire,1
bivins,1
schoolmaster,1
distinguish,1
literature,1
publish,1
cinque,1
contexts,1
listening,1
received,1
obscure,1
materia,1
excreted,1
nine,1
subscription,1
petiver,1
admired,1
popped,1
concept,1
simplification,1
unless,1
prominent,1
nc,1
ewen,1
boughs,1
civilisation,1
compass,1
watts,1
uiim,1
coolness,1
related,1
actors,1
comment,1
contraries,1
marketplace,1
thoughts,1
gender,1
kablitz,1
description,1
astonishing,1
ten,1
texture,1
cabinets,1
midand,1
awi,1
bible,1
realm,1
reasoned,1
private,1
q,1
discussions,1
issues,1
demonstrates,1
collective,1
subtly,1
inflected,1
gerocomica,1
sanitary,1
recte,1
avowedly,1
runs,1
ü,1
whims,1
pan,1
et,1
music,1
mathematical,1
mortification,1
spaces,1
border,1
novels,1
ztt,1
employed,1
folklore,1
sutton,1
shakespearean,1
verbs,1
president,1
interpreted,1
rowe,1
oio,1
symbolical,1
ethnicity,1
cider,1
chuse,1
hidden,1
chemistry,1
sourcebook,1
either,1
researchers,1
caj,1
earth,1
highvictorian,1
sociable,1
mî,1
occasion,1
stool,1
discussing,1
running,1
iustinopolitani,1
hee,1
commerce,1
normally,1
hard,1
msrji,1
below,1
anger,1
hatton,1
cham,1
fostered,1
unexpected,1
wished,1
stage,1
reliable,1
dictionary,1
apprehend,1
del,1
bath,1
generation,1
lowly,1
wyld,1
contrast,1
inflamations,1
sharp,1
ward,1
pinax,1
involved,1
corporeal,1
quantification,1
heat,1
buds,1
mitchell,1
leaves,1
soil,1
mineral,1
consensus,1
gradations,1
highly,1
ûl,1
revealing,1
botanizing,1
significantly,1
competitive,1
psychological,1
mi,1
manchester,1
cto,1
met,1
dui,1
styled,1
attached,1
cl,1
bladders,1
colours,1
seeds,1
enquire,1
yielded,1
albala,1
core,1
dedicated,1
xxvii,1
vein,1
annual,1
visible,1
smellscapes,1
synaesthetic,1
seed,1
st,1
necessity,1
dependent,1
equation,1
paid,1
estates,1
faeces,1
earths,1
cj,1
organs,1
notice,1
inquiries,1
lore,1
value,1
newly,1
civil,1
provided,1
paul,1
visit,1
inform,1
rotten,1
plaxton,1
interruptions,1
szczesniak,1
longue,1
plover,1
content,1
vigana,1
leaf,1
jh,1
periods,1
tci,1
south,1
tea,1
soundscapes,1
threatened,1
critical,1
tjie,1
highlights,1
led,1
ana,1
fa,1
investigating,1
business,1
io,1
temperament,1
equality,1
saw,1
indigeneity,1
disputation,1
taken,1
savor,1
opening,1
alia,1
uro,1
buttress,1
sanctity,1
moresby,1
britain,1
effectionibus,1
alphabetical,1
short,1
gooder,1
depth,1
cai,1
subject,1
gentlewomen,1
limited,1
fu,1
differs,1
guts,1
intensität,1
approval,1
object,1
gift,1
april,1
haley,1
andj,1
calves,1
stubbe,1
skilful,1
reconstruction,1
echoing,1
thinkers,1
expanded,1
xl,1
wines,1
reporting,1
ignorant,1
comments,1
uruft,1
stroke,1
registered,1
eighty,1
mo,1
seemingly,1
echo,1
reception,1
inflammation,1
direction,1
inspirations,1
ofj,1
chorographic,1
speculativae,1
consulted,1
cinchona,1
herbarium,1
biological,1
bodleian,1
guide,1
contributing,1
coherence,1
psychrolousia,1
distinguishing,1
inferr,1
yet,1
muscles,1
interpretation,1
buckle,1
fringe,1
unäuas,1
makes,1
botanizers,1
fermentation,1
suspicious,1
soon,1
safaris,1
sounds,1
fail,1
gizerne,1
expounded,1
god,1
chronology,1
singer,1
ne,1
fairclough,1
pharmacy,1
perceived,1
imitate,1
alberti,1
sixteenthand,1
sociological,1
included,1
nutton,1
home,1
planned,1
light,1
emotions,1
rocket,1
passions,1
locality,1
cis,1
wright,1
musei,1
palates,1
judiciously,1
certainly,1
vers,1
hewett,1
insights,1
illustrated,1
treacher,1
armed,1
department,1
reports,1
emotional,1
begins,1
professionalizing,1
countrygardens,1
increasingly,1
íil,1
sttl,1
jennens,1
affections,1
sketch,1
useful,1
fill,1
management,1
diary,1
shops,1
complaining,1
libri,1
mixture,1
name,1
greatorix,1
unmistakably,1
harrison,1
comfortable,1
jnr,1
heritage,1
antrobus,1
preenlightenment,1
ingold,1
distends,1
challenge,1
stated,1
uook,1
fell,1
links,1
lcc,1
encounters,1
mucilaginous,1
approaching,1
preserve,1
drink,1
defineable,1
flowers,1
ask,1
uli,1
slavery,1
obstinate,1
lowering,1
pulsific,1
jvova,1
experienced,1
projects,1
galangal,1
greenslade,1
erasmus,1
artists,1
lengthy,1
seconds,1
joints,1
shows,1
faster,1
ale,1
carp,1
treatment,1
wg,1
fundamental,1
foodstuffs,1
deficient,1
gouk,1
pressure,1
striking,1
wedded,1
agree,1
intimidated,1
occupations,1
exclusion,1
retina,1
neglects,1
regulation,1
musicians,1
arterial,1
sensi,1
insensible,1
gilmour,1
educated,1
catalogued,1
surviving,1
grids,1
physiologists,1
richer,1
grows,1
omitted,1
end,1
prophetick,1
everything,1
brutes,1
arsenic,1
hares,1
golden,1
junior,1
fashion,1
yew,1
pattern,1
zero,1
beliefs,1
conferred,1
audiences,1
reasons,1
fear,1
acma,1
maker,1
question,1
anthropologist,1
ages,1
pump,1
iií,1
hand,1
evoke,1
paris,1
monitor,1
phaenomena,1
remarkable,1
qwuimt,1
leeds,1
savoured,1
mu,1
cjl,1
accepted,1
booka,1
income,1
orthodoxy,1
nance,1
jenny,1
contracted,1
flavours,1
until,1
riaxton,1
coincided,1
taccibus,1
blind,1
focusing,1
deep,1
theßve,1
fay,1
populist,1
remarked,1
naturalium,1
controversy,1
preparing,1
reconciled,1
streets,1
encountered,1
ror,1
horses,1
recommend,1
recreational,1
degree,1
remained,1
regurgitate,1
fc,1
responded,1
produce,1
ït,1
local,1
grounds,1
demonstrated,1
meetings,1
week,1
feverish,1
originary,1
ingenious,1
corbould,1
gout,1
gooseberries,1
examples,1
effectiveness,1
incommensurability,1
network,1
genres,1
chiefly,1
ic,1
directions,1
refining,1
chewed,1
desert,1
rapidity,1
odo,1
patricia,1
affinity,1
ragland,1
desperate,1
jjbylebyl,1
coffin,1
previously,1
cephalick,1
pulsewatch,1
duro,1
sufficiently,1
strongest,1
manifestations,1
phcenomena,1
identity,1
europeans,1
conceived,1
findings,1
autnonty,1
eany,1
asrtunotns,1
licensed,1
refers,1
juan,1
conditions,1
aesthetics,1
causes,1
variation,1
morality,1
diaries,1
revelations,1
ideas,1
prominently,1
tips,1
quuj,1
heard,1
statical,1
iliac,1
lifestyle,1
fui,1
real,1
engaged,1
services,1
frame,1
check,1
raising,1
office,1
sro,1
advantages,1
mj,1
nevertheless,1
countrypractice,1
chyrurgeons,1
exceedingly,1
trade,1
vibrates,1
open,1
significance,1
tartar,1
quotation,1
corrupted,1
immagini,1
margaret,1
loosely,1
misses,1
emphasizing,1
frustrated,1
doctors,1
politicoreligious,1
cunningham,1
sensitivity,1
publication,1
recognize,1
profession,1
agreement,1
reputation,1
ottoman,1
maintenance,1
medkinae,1
faces,1
aberrant,1
piindpw,1
subtitle,1
advocating,1
nightshade,1
eve,1
christopher,1
percussion,1
blend,1
gustation,1
started,1
wonders,1
exquisite,1
ellis,1
revised,1
unexamined,1
brussels,1
optimum,1
analysing,1
high,1
obtained,1
inquiring,1
counted,1
sensatus,1
shortly,1
spirits,1
keen,1
prolonged,1
spa,1
standard,1
shift,1
claim,1
commentaries,1
provides,1
martin,1
distended,1
stagnating,1
exchange,1
repeated,1
spent,1
sojourn,1
exhausted,1
micrologies,1
catriona,1
queen,1
revelation,1
realist,1
bouts,1
commentators,1
edmund,1
eyes,1
methods,1
chapel,1
craft,1
successors,1
commands,1
tree,1
assessing,1
fil,1
tactics,1
ann,1
discerne,1
mr,1
displayed,1
pristine,1
seattle,1
echoed,1
confusing,1
learn,1
judgement,1
galens,1
improbable,1
claiming,1
seeking,1
harley,1
rhetorical,1
advertisement,1
modish,1
divides,1
iiun,1
pressing,1
authorship,1
figures,1
inventions,1
relative,1
hawks,1
momas,1
compkat,1
inferior,1
regimes,1
attention,1
thence,1
permit,1
pleas,1
gleaned,1
widely,1
brown,1
attended,1
pulsus,1
mss,1
diseased,1
bee,1
cil,1
necks,1
flyleaf,1
bravo,1
entitled,1
neltarte,1
mansion,1
foulke,1
odours,1
monstrous,1
primi,1
change,1
me,1
declaration,1
floy,1
camporesi,1
flower,1
additives,1
publishing,1
note,1
dissected,1
humanities,1
hubbub,1
lujv,1
wisdom,1
rariora,1
overflowing,1
duffin,1
enquiry,1
dm,1
osiris,1
foreign,1
curiosities,1
rarefication,1
bewailed,1
ïh,1
practical,1
claimed,1
rough,1
hill,1
averse,1
vttandorum,1
support,1
begin,1
excrement,1
contraction,1
explicates,1
lines,1
favour,1
archaeology,1
puppies,1
ordinary,1
trie,1
possess,1
frogs,1
investigators,1
anglicae,1
frs,1
concluding,1
soul,1
collections,1
ordering,1
render,1
lives,1
proposition,1
teigen,1
thirteen,1
petivenani,1
jt,1
inadequate,1
farnborough,1
indicate,1
compiling,1
antiquity,1
laraminie,1
pansies,1
neighbourhood,1
reconsider,1
inspired,1
sanctorian,1
sowre,1
expectations,1
hi,1
jsrt,1
fall,1
united,1
achieve,1
matless,1
humoring,1
baron,1
dead,1
hildesheim,1
education,1
drafted,1
censured,1
mediane,1
puise,1
rath,1
months,1
phenomenological,1
metanarratives,1
itself,1
nordenfalk,1
fen,1
mirror,1
arts,1
cckio,1
sound,1
grounded,1
microscope,1
excerpting,1
attachment,1
exchanged,1
earliest,1
definitive,1
mortimer,1
faculties,1
circumscribed,1
sections,1
anstey,1
ofthat,1
venous,1
regularly,1
dissection,1
rolling,1
sunt,1
victoria,1
then,1
pumped,1
ordered,1
til,1
elected,1
growing,1
lessons,1
impulse,1
exemplified,1
taxonomies,1
charting,1
abs,1
changing,1
tamworth,1
regime,1
comparison,1
apprehension,1
biography,1
nervous,1
watches,1
arbury,1
monsieur,1
wootton,1
demonstrate,1
bad,1
cabinet,1
vertues,1
damaging,1
saracen,1
âo,1
eng,1
adulteration,1
neighbouring,1
exposition,1
uninterested,1
thousand,1
grazing,1
ralph,1
darwin,1
woman,1
contains,1
doi,1
meat,1
ngiisn,1
contextuares,1
continens,1
dilated,1
minerals,1
xt,1
receipts,1
der,1
forty,1
drake,1
acquired,1
ni,1
dimension,1
uliñ,1
mutually,1
hyperbolic,1
accomodated,1
sure,1
merrettj,1
meu,1
aei,1
specialized,1
sapores,1
ocularcentric,1
global,1
diminution,1
roman,1
sampling,1
authorities,1
believe,1
deceive,1
ft,1
alexander,1
print,1
tryals,1
printed,1
half,1
enable,1
surprised,1
booksellers,1
excreta,1
judgements,1
arcy,1
report,1
feed,1
exploiting,1
linked,1
contradictory,1
themes,1
rely,1
asserting,1
exotic,1
phamakobasanos,1
spices,1
associated,1
bones,1
examining,1
going,1
nailed,1
past,1
admixture,1
disputes,1
renou,1
rural,1
proposed,1
malignant,1
sermons,1
davidson,1
ì,1
ius,1
following,1
beginning,1
noise,1
hardness,1
vehement,1
drop,1
born,1
frauds,1
game,1
liquid,1
inmates,1
explanations,1
siziness,1
philosophicus,1
discover,1
investigation,1
burns,1
coffee,1
rose,1
terms,1
selected,1
list,1
accounts,1
induction,1
delineate,1
character,1
cuttings,1
desirability,1
sus,1
hoped,1
edinburgh,1
mere,1
elford,1
rusnock,1
recapturing,1
therapy,1
travellers,1
systematize,1
immersed,1
her,1
complexity,1
implied,1
shakespeare,1
remedies,1
version,1
rcmilh,1
pursued,1
mystificatory,1
raa,1
calhoun,1
uncení,1
diversities,1
heroically,1
balance,1
emblematic,1
refiguring,1
psychology,1
clopton,1
suggests,1
marriages,1
royalist,1
suspicion,1
dispensatories,1
cockayne,1
contain,1
categories,1
fourteen,1
incoherence,1
middle,1
finished,1
popular,1
bedside,1
exegesis,1
thorax,1
nj,1
bought,1
outline,1
rarus,1
rfiti,1
emergent,1
tna,1
son,1
circumstances,1
unsophisticated,1
ill,1
screens,1
urged,1
thereby,1
conclude,1
herbal,1
excesses,1
fragments,1
emperor,1
outwardly,1
revolutions,1
atmospheric,1
popedom,1
procure,1
press,1
publishers,1
matriculating,1
tried,1
impose,1
iun,1
circulations,1
assumptions,1
rigid,1
collegiate,1
dus,1
acute,1
strand,1
europaean,1
screen,1
alain,1
immaterial,1
clarified,1
constituted,1
divided,1
germs,1
stopt,1
stevenson,1
indians,1
mention,1
helmontians,1
botanists,1
writing,1
enabled,1
shame,1
exundant,1
baronet,1
invoked,1
think,1
shewing,1
calibrated,1
varied,1
refutation,1
precision,1
harig,1
mrt,1
prepared,1
selfweighing,1
examinations,1
fleeman,1
false,1
diagram,1
promoted,1
motu,1
devoted,1
moderate,1
avicennae,1
shown,1
annotations,1
models,1
obliged,1
drafts,1
argument,1
unable,1
lists,1
fi,1
background,1
microhistory,1
mentalities,1
reveals,1
longed,1
generate,1
trusted,1
resist,1
autochthonous,1
advent,1
similarity,1
copies,1
akíjmaticus,1
lrooa,1
axes,1
slack,1
teaching,1
burnt,1
harm,1
crisis,1
sat,1
parallels,1
register,1
course,1
offer,1
joined,1
scnlitiomi,1
mediana,1
rn,1
itemization,1
proceeding,1
turquet,1
constructed,1
opinions,1
barnes,1
states,1
glass,1
thoughtful,1
already,1
nominajacú,1
you,1
vividness,1
baptism,1
attempted,1
off,1
pigeons,1
limitations,1
organ,1
extremely,1
fine,1
aurality,1
dryed,1
seventeenthand,1
particularities,1
reformation,1
doubtless,1
flora,1
restored,1
evelyn,1
offered,1
centuria,1
oft,1
region,1
valuable,1
harlow,1
aru,1
regularity,1
fol,1
medizinischen,1
say,1
geographical,1
nieuhof,1
enterprise,1
incorruptible,1
recognized,1
partial,1
norman,1
calor,1
import,1
shropshire,1
equipment,1
entire,1
adopted,1
divergent,1
hampstead,1
treating,1
insipid,1
transhistorical,1
complementarity,1
gainsville,1
immediately,1
seemed,1
uk,1
qgl,1
intelligent,1
here,1
colefield,1
beings,1
profiles,1
pope,1
compounding,1
virtue,1
ogilvie,1
hexis,1
tract,1
oí,1
doing,1
attendance,1
noe,1
resources,1
signals,1
undulled,1
delayed,1
workings,1
race,1
evidently,1
íl,1
barks,1
pulsibus,1
