WORDCOUNTS,WEIGHT
the,1294
of,1028
and,719
in,603
to,435
a,373
that,228
by,172
angels,163
was,155
with,136
as,134
which,120
his,117
were,117
an,111
it,107
for,102
on,102
had,97
this,97
see,96
from,96
their,90
be,88
they,86
or,80
london,78
s,75
also,66
not,65
early,63
he,61
is,60
england,52
these,52
who,52
modern,51
but,48
her,48
at,46
protestant,45
i,44
apparitions,44
more,44
angelic,44
about,41
have,40
reformation,38
angel,36
invisible,35
world,35
been,34
one,33
into,33
such,33
no,33
stc,33
god,33
ed,33
john,33
present,33
spirits,33
other,32
visions,32
him,29
them,29
against,28
oxford,28
most,28
she,28
all,26
helpers,26
some,26
appeared,25
creatures,25
are,25
themselves,25
those,24
number,24
apparition,24
between,24
celestial,24
now,23
europe,23
human,23
good,23
may,22
how,22
religion,22
many,22
eds,22
witchcraft,21
than,21
could,21
people,21
ch,21
we,21
church,20
divine,20
walsham,20
p,20
stories,20
reformed,20
beings,20
past,20
both,20
should,20
true,19
english,19
there,19
new,19
devil,19
peter,19
like,19
cambridge,19
medieval,18
history,18
strange,18
miracles,18
marshall,18
men,18
thomas,18
william,18
century,17
n,17
edn,17
its,17
when,17
culture,17
upon,17
after,17
case,17
c,17
way,16
supernatural,16
saints,16
intervention,16
would,16
so,16
vision,16
popular,16
o,15
might,15
henry,15
white,15
heavenly,15
out,15
did,15
protestants,15
our,15
eye,14
less,14
catholic,14
visible,14
only,14
belief,14
made,14
perkins,14
seen,14
hist,14
later,13
j,13
clark,13
fairies,13
well,13
f,13
religious,13
godly,13
man,13
examples,13
over,13
trans,12
germany,12
communion,12
long,12
nature,12
within,12
wonders,12
richard,12
r,12
too,12
age,12
spirit,12
theological,12
yet,12
us,12
two,12
beliefs,12
d,12
story,12
very,12
if,11
first,11
cases,11
times,11
even,11
however,11
work,11
workes,11
own,11
discourse,11
society,11
lord,11
do,11
seventeenth,11
saw,11
calvin,11
christian,11
visual,11
has,11
demonic,11
miraculous,10
possession,10
being,10
robert,10
hall,10
demons,10
ministers,10
m,10
though,10
can,10
esp,10
t,10
v,10
messengers,10
wonderful,10
itself,10
then,10
form,10
phenomena,10
com,10
alexandra,10
stuart,9
library,9
h,9
said,9
ii,9
vols,9
political,9
treatise,9
since,9
whose,9
heard,9
satan,9
lutheran,9
during,9
appear,9
found,9
late,9
war,9
spiritual,9
bible,9
place,9
st,9
experiences,9
under,9
rather,9
power,9
time,9
ages,9
local,9
revelations,9
period,9
relation,9
james,9
ghosts,9
continued,9
dead,9
any,9
living,9
while,9
years,9
samuel,9
much,9
page,8
declared,8
women,8
dreams,8
signs,8
sent,8
magic,8
ministration,8
extraordinary,8
gospel,8
york,8
doctrine,8
nor,8
just,8
example,8
several,8
various,8
indeed,8
glanvill,8
still,8
thought,8
light,8
christ,8
benevolent,8
end,8
great,8
anne,8
minister,8
tales,8
remarkable,8
woman,8
clerical,8
david,8
why,8
eyes,8
pastand,8
ambrose,8
sometimes,8
raymond,8
often,8
joseph,8
physical,8
here,8
accounts,8
unseen,8
through,8
subject,8
course,8
evidence,8
dutch,8
news,8
truth,7
episodes,7
view,7
told,7
studies,7
title,7
before,7
taken,7
providence,7
context,7
account,7
german,7
l,7
b,7
prodigies,7
í,7
mary,7
frequently,7
w,7
instance,7
closely,7
hands,7
scepticism,7
further,7
cultural,7
ecclesiastical,7
gods,7
possibility,7
literature,7
writers,7
protestantism,7
presence,7
evil,7
sixteenthand,7
same,7
death,7
turner,7
manifested,7
took,7
vanities,7
fed,7
described,7
margaret,7
three,7
providences,7
instances,7
claims,7
believed,7
plate,7
natural,7
intellectual,7
iii,7
theology,7
u,7
what,7
particular,7
incorporated,7
role,7
convinced,7
enlightenment,7
green,7
assumed,7
ca,7
ainsworth,6
ways,6
scribner,6
witches,6
puritan,6
faithful,6
sacred,6
beard,6
surrounded,6
clergy,6
g,6
kind,6
laity,6
similar,6
space,6
days,6
martyr,6
events,6
illness,6
fo,6
episode,6
county,6
part,6
away,6
holy,6
things,6
order,6
small,6
christians,6
provided,6
matter,6
bullinger,6
wings,6
sermon,6
dressed,6
above,6
permission,6
reports,6
social,6
fact,6
longer,6
contemporary,6
forms,6
where,6
another,6
warning,6
manifestations,6
dismissed,6
nevertheless,6
quotation,6
interpret,6
reformers,6
latter,6
wise,6
effect,6
attention,6
beyer,6
life,6
thinking,6
radical,6
folger,6
down,6
sermons,6
witch,6
whether,6
ceased,6
shakespeare,6
middle,6
souls,6
became,6
diabolical,6
e,5
scottish,5
essays,5
walker,5
whom,5
reveal,5
unto,5
existence,5
sixteenth,5
medical,5
cited,5
himself,5
muschamp,5
de,5
errours,5
jl,5
places,5
godliness,5
concerning,5
find,5
communication,5
departed,5
postreformation,5
came,5
mysterie,5
miraculously,5
process,5
cult,5
dialogue,5
lay,5
prophecy,5
former,5
impact,5
four,5
opinion,5
decades,5
appearance,5
histories,5
called,5
equally,5
heaven,5
precept,5
christianity,5
y,5
revealed,5
deliverance,5
elizabeth,5
fairy,5
moments,5
bishop,5
ursinus,5
status,5
harding,5
night,5
manchester,5
scott,5
battle,5
prophet,5
hanged,5
theologians,5
experienced,5
alongside,5
neither,5
increasingly,5
corporeal,5
scot,5
book,5
others,5
idea,5
children,5
compleat,5
sightings,5
incidents,5
cripple,5
passim,5
reality,5
imagination,5
mr,5
tendency,5
widely,5
ministry,5
intercession,5
greenham,5
centuries,5
pp,5
merely,5
problem,5
saincts,5
occasionally,5
foxe,5
camfield,5
philosophy,5
charles,5
mental,5
joad,5
thing,5
johnson,5
era,5
traditional,5
conversations,5
close,5
goulart,5
pious,5
child,4
common,4
threat,4
rev,4
likewise,4
basingstoke,4
complex,4
mankind,4
delusions,4
theatre,4
assume,4
experience,4
give,4
restoration,4
emerged,4
shaped,4
origin,4
room,4
last,4
rhegius,4
climate,4
guide,4
recorded,4
king,4
iv,4
possible,4
far,4
letter,4
thus,4
shelfmark,4
health,4
regarded,4
old,4
body,4
young,4
jürgen,4
guardian,4
wonderfull,4
patrons,4
general,4
hardly,4
popish,4
discernment,4
alive,4
geneva,4
without,4
operations,4
act,4
bring,4
certain,4
echoed,4
webster,4
soul,4
determination,4
soon,4
tensions,4
bruce,4
newes,4
actes,4
handley,4
character,4
pastoral,4
cure,4
included,4
six,4
amsterdam,4
atheism,4
near,4
because,4
hath,4
shape,4
clarke,4
claim,4
realm,4
music,4
forces,4
folklore,4
presbyterian,4
healing,4
subtle,4
published,4
least,4
deity,4
midst,4
around,4
revealing,4
decline,4
illusions,4
boundaries,4
telling,4
optical,4
up,4
ghost,4
cont,4
incident,4
will,4
gabriel,4
appearances,4
cornwall,4
make,4
countenance,4
wodrow,4
idols,4
narratives,4
rise,4
admirable,4
put,4
inquisition,4
smith,4
claimed,4
reasons,4
creature,4
evill,4
baxter,4
renaissance,4
michael,4
narrative,4
youth,4
idolatry,4
reginald,4
simon,4
discussion,4
explanation,4
wonder,4
bed,4
engaged,4
individuals,4
dating,4
clear,4
discovered,4
biblical,4
stress,4
discussed,4
august,4
faith,4
sig,4
carried,4
science,4
prophets,4
pieces,4
monuments,4
anxiety,4
memorable,4
elizabethan,4
surprising,4
face,4
isaac,4
family,4
salkeld,4
terrible,4
irreligion,4
theme,4
spectacles,4
tendencies,4
print,4
printed,4
half,4
judgements,4
sought,4
bodies,4
little,4
providential,4
circumstances,4
reported,4
simply,4
preached,4
went,4
divided,4
come,4
question,4
although,4
need,4
enterprise,4
images,4
grace,4
famous,4
final,3
bernard,3
ayre,3
discoverie,3
meaning,3
interventions,3
expect,3
saved,3
denied,3
agency,3
rogers,3
likely,3
freeman,3
analecta,3
guise,3
village,3
service,3
institutes,3
sources,3
inflicted,3
certainly,3
roman,3
discerned,3
gerson,3
company,3
leiden,3
clothed,3
accompanied,3
jesch,3
revival,3
satanic,3
delusion,3
harvey,3
help,3
fresh,3
persistence,3
mind,3
emphasized,3
vermigli,3
traces,3
accused,3
similarities,3
british,3
plain,3
right,3
victims,3
representations,3
suppress,3
greene,3
insight,3
aldeburgh,3
epistle,3
triumphatus,3
divels,3
sweet,3
collection,3
hierarchy,3
conflict,3
involve,3
central,3
andrew,3
explained,3
roger,3
visited,3
author,3
sadduceeism,3
bodily,3
insisted,3
plague,3
reluctance,3
hacket,3
summe,3
left,3
mechanical,3
teate,3
swiss,3
stephen,3
occasion,3
generation,3
function,3
perfect,3
homely,3
angelology,3
alexandria,3
sigs,3
alleged,3
likeness,3
troubled,3
württemberg,3
remain,3
edward,3
keil,3
notion,3
preachers,3
earlier,3
connected,3
humanity,3
leave,3
benjamin,3
special,3
read,3
means,3
insistence,3
key,3
retained,3
sick,3
linked,3
primrose,3
house,3
venetian,3
vitality,3
suffolk,3
commented,3
piety,3
readings,3
calvinist,3
confessional,3
visibly,3
care,3
cut,3
divines,3
beheld,3
carrying,3
relating,3
torments,3
philosophical,3
punishment,3
tobit,3
purge,3
cannot,3
priorities,3
wherein,3
pastors,3
appearing,3
series,3
january,3
impression,3
stamford,3
scripture,3
having,3
sinne,3
carry,3
preferred,3
reader,3
civil,3
comment,3
deceptive,3
whole,3
merciful,3
observed,3
surrounding,3
exorcism,3
providentialism,3
interpreted,3
attributed,3
change,3
tudor,3
angeli,3
purkiss,3
prophecies,3
gentleman,3
clothes,3
ministries,3
repeated,3
woodcut,3
brought,3
acts,3
wife,3
passive,3
actions,3
gordon,3
claes,3
girl,3
second,3
mysterious,3
deathbed,3
cessation,3
suggestion,3
polemical,3
judgment,3
manifest,3
initially,3
backdrop,3
confronted,3
corpus,3
once,3
reference,3
doe,3
thesis,3
merchant,3
home,3
commonwealth,3
antwerp,3
scriptures,3
spirites,3
familiars,3
quotations,3
scotland,3
double,3
elect,3
challenge,3
efforts,3
aldershot,3
ministrie,3
striking,3
pages,3
across,3
tangible,3
educated,3
ideology,3
pamphlet,3
personal,3
golden,3
impiety,3
disenchantment,3
manner,3
lucifer,3
necessary,3
leishman,3
real,3
mercy,3
remained,3
autobiography,3
superstition,3
encounter,3
virgin,3
escape,3
churchmen,3
including,3
otherworldly,3
minds,3
entirely,3
significant,3
food,3
waking,3
emphasize,3
perception,3
yorkshire,3
processes,3
rare,3
pamphlets,3
full,3
continuities,3
truths,3
transformation,3
express,3
essay,3
ireland,3
sadducees,3
christopher,3
prodigious,3
played,3
collected,3
scandinavia,3
written,3
qualities,3
sense,3
declare,3
stand,3
ann,3
soc,3
probably,3
harley,3
spain,3
saducismus,3
pastor,3
pictorial,3
transformations,3
george,3
earth,3
batman,3
faces,3
credited,3
countries,3
settled,3
sinners,3
blood,3
chamber,3
populace,3
ms,3
proving,3
infidelity,3
shaw,3
environment,3
occasions,3
defend,3
conjunction,3
grand,3
must,3
predictions,3
struck,3
ever,3
precise,3
temporal,3
ralph,3
occurrences,3
beautiful,3
controversialists,3
set,3
suggestions,3
comfort,3
ph,3
recounted,3
particularly,3
wentworth,3
figure,3
section,3
following,3
aspiring,3
according,3
circles,3
armies,3
hagar,3
pagination,3
almost,3
emphasis,3
angelical,3
universe,3
art,3
bob,3
son,3
removed,3
content,3
innocent,3
assumptions,3
snow,3
representation,3
coming,3
father,3
disease,3
prepared,3
north,3
recent,3
tridentine,3
instead,3
cooper,3
hunter,3
gen,3
france,3
effects,3
walking,3
remains,3
shift,3
magical,3
vi,3
passages,3
certainty,3
chicago,3
reached,3
debate,3
uncertainty,3
spectral,3
given,3
ingrained,3
xiii,3
asked,3
subsequently,2
erik,2
difficult,2
does,2
superstitious,2
deference,2
done,2
fathers,2
alley,2
conflicting,2
ambivalence,2
observations,2
concerned,2
created,2
encouraged,2
darling,2
dangers,2
engendered,2
extreme,2
instinctively,2
diane,2
introduction,2
large,2
lavater,2
touched,2
fate,2
use,2
advised,2
live,2
completely,2
wallace,2
jonathan,2
easily,2
divers,2
compilation,2
moshe,2
realities,2
weaker,2
credulity,2
occurred,2
tells,2
hakewill,2
regime,2
result,2
princeton,2
palpable,2
interestingly,2
insanity,2
evident,2
either,2
wrong,2
collusion,2
mandelbrote,2
distinguishing,2
colourful,2
coexist,2
macculloch,2
military,2
questioned,2
elusive,2
identified,2
nancy,2
apocalypticism,2
divinity,2
killed,2
clapham,2
tradition,2
assertion,2
complexities,2
together,2
desire,2
convert,2
senses,2
follows,2
hundred,2
footsteps,2
launched,2
melanchthon,2
take,2
feature,2
harmondsworth,2
state,2
reading,2
hostile,2
trials,2
grievous,2
univ,2
legend,2
asserting,2
growing,2
sound,2
inside,2
side,2
tryon,2
apostles,2
refute,2
sophisticated,2
catastrophes,2
mortal,2
east,2
task,2
perfection,2
urton,2
capacity,2
advice,2
propensity,2
dialogicall,2
mass,2
saying,2
ethereal,2
opened,2
felt,2
politics,2
compelling,2
activity,2
ar,2
precursors,2
establishing,2
powers,2
october,2
ferrazzi,2
caesarius,2
cromwellian,2
trevor,2
x,2
medicine,2
holland,2
suspicion,2
fos,2
hallucinations,2
anticipated,2
message,2
beneath,2
prevented,2
confusing,2
forme,2
wittie,2
ministering,2
framework,2
mid,2
li,2
learned,2
taets,2
throughout,2
liquor,2
houses,2
proceeded,2
spectrum,2
invisibility,2
unwary,2
points,2
utterances,2
helen,2
winged,2
neighbours,2
struggles,2
relatively,2
ability,2
walter,2
pay,2
topic,2
goossens,2
jesus,2
exercise,2
turn,2
patristic,2
developments,2
seeing,2
frequent,2
simpson,2
catalogue,2
profound,2
back,2
birds,2
editing,2
response,2
practitioner,2
wholly,2
occult,2
attests,2
clergyman,2
third,2
ness,2
seventeenthcentury,2
deputies,2
sin,2
preserving,2
weakness,2
acted,2
influence,2
acknowledge,2
infinite,2
van,2
depicted,2
weapon,2
cuthbert,2
warre,2
recognized,2
fearefull,2
scriptural,2
emissary,2
perched,2
rapids,2
vocation,2
stranger,2
parents,2
probable,2
ex,2
madron,2
ongoing,2
partially,2
fancy,2
matched,2
ole,2
danger,2
dismiss,2
allegorical,2
absorbed,2
supposed,2
gathering,2
underline,2
proclaimed,2
shining,2
category,2
changes,2
applied,2
circulated,2
facilitated,2
thornton,2
university,2
nyght,2
melodious,2
sorts,2
familiar,2
image,2
elsewhere,2
gradually,2
articulated,2
show,2
jacobus,2
jacobson,2
superior,2
yea,2
recovered,2
powerful,2
beyond,2
edinburgh,2
defeat,2
bishops,2
caciola,2
consequence,2
filtered,2
requires,2
admonishing,2
guidance,2
aston,2
strategy,2
cured,2
greater,2
behaviour,2
authority,2
expressed,2
uses,2
gregory,2
cranmer,2
advance,2
extent,2
dixon,2
allow,2
bearing,2
rule,2
entered,2
difficulty,2
strength,2
temptation,2
sasha,2
ambiguity,2
sacrifice,2
kate,2
changed,2
î,2
betwixt,2
symptoms,2
owen,2
amer,2
horse,2
appeare,2
burghley,2
fourth,2
grew,2
traced,2
contrived,2
stressing,2
experimental,2
viewed,2
milton,2
skin,2
sluhovsky,2
failure,2
grounds,2
explain,2
enough,2
triumph,2
communicate,2
meditation,2
memory,2
aspects,2
garments,2
elliott,2
animated,2
keeping,2
physick,2
cambridgeshire,2
deputation,2
assumption,2
horsemen,2
already,2
blue,2
hints,2
prominent,2
prompted,2
accretions,2
preaching,2
instruments,2
secret,2
italy,2
spirituali,2
fruitfull,2
worden,2
dove,2
year,2
gave,2
older,2
discussions,2
davies,2
antidote,2
collective,2
fruitful,2
falling,2
vociferous,2
occupied,2
employed,2
anything,2
il,2
christendome,2
ptochomuseion,2
received,2
judging,2
blv,2
hidden,2
latimer,2
related,2
pettibone,2
hallmark,2
legacy,2
authorities,2
concluded,2
love,2
wi,2
magician,2
humble,2
guardians,2
next,2
behold,2
theater,2
settlement,2
fast,2
trapnel,2
axiom,2
began,2
shapes,2
few,2
research,2
peak,2
popery,2
philip,2
westmoreland,2
renewed,2
raised,2
deacon,2
reverend,2
campaign,2
notice,2
mouths,2
sad,2
displaced,2
behalf,2
seemed,2
best,2
rarity,2
survived,2
charisma,2
fairfax,2
highlights,2
accomplices,2
demonstrate,2
apparent,2
reduced,2
radmore,2
exeter,2
anthologies,2
letters,2
short,2
wrote,2
happy,2
resisted,2
intrusions,2
wondrous,2
caught,2
return,2
pocket,2
purgatory,2
beatas,2
female,2
hapned,2
poor,2
willem,2
garden,2
interactions,2
comments,2
malice,2
simultaneously,2
suppose,2
bread,2
archangel,2
fighting,2
relationship,2
apocalypse,2
ubiquity,2
relied,2
hugh,2
paradox,2
mission,2
sounds,2
fifth,2
inspiration,2
combat,2
challenged,2
official,2
selective,2
index,2
denounced,2
sky,2
ancient,2
luke,2
illuminated,2
frightened,2
tricks,2
exact,2
chose,2
recycled,2
actually,2
name,2
successfully,2
psychological,2
intensified,2
wicked,2
mark,2
demoniac,2
deserves,2
towns,2
towards,2
admit,2
head,2
ambassadors,2
papacy,2
plan,2
healths,2
schutte,2
witnesses,2
reform,2
governed,2
certaine,2
obliged,2
hobbes,2
laypeople,2
distrust,2
modified,2
whitmore,2
persons,2
pordage,2
leviathan,2
intervene,2
fry,2
developing,2
dorothy,2
orthodoxy,2
flesh,2
venerate,2
tell,2
forth,2
nocturnal,2
strauss,2
ordinary,2
harnessed,2
free,2
day,2
degree,2
discourses,2
xli,2
ignored,2
angells,2
investigated,2
ichard,2
northumberland,2
ess,2
intent,2
rendered,2
bear,2
represented,2
israel,2
servant,2
catholicism,2
communities,2
colours,2
desperate,2
donned,2
medium,2
identity,2
alliance,2
tenets,2
imbued,2
icars,2
illusion,2
bridget,2
largely,2
doubt,2
ideas,2
trend,2
ibid,2
multiple,2
office,2
french,2
pattern,2
low,2
moral,2
emphasizing,2
adding,2
language,2
highlight,2
victory,2
lady,2
grell,2
try,2
counter,2
held,2
empirical,2
divisions,2
philipp,2
athéisme,2
toleration,2
responses,2
brain,2
prescription,2
preservation,2
diagnosis,2
commentaries,2
humour,2
jesuit,2
never,2
witness,2
especially,2
edmund,2
fits,2
k,2
parallel,2
become,2
hand,2
sight,2
contact,2
deceiving,2
consciously,2
cowan,2
priests,2
dcemonologie,2
henderson,2
figures,2
brown,2
species,2
folk,2
visit,2
bee,2
revolution,2
attested,2
european,2
elder,2
physician,2
lip,2
aid,2
me,2
today,2
metaphors,2
independent,2
mercies,2
troublesome,2
usually,2
five,2
curiosities,2
arabia,2
suspected,2
wore,2
fear,2
support,2
mirrour,2
interregnum,2
months,2
class,2
translation,2
detailed,2
papers,2
lawrence,2
lives,2
zacharius,2
earlymodern,2
colour,2
anxious,2
owed,2
displaying,2
uncouth,2
calvinists,2
kill,2
perceptions,2
inferior,2
mother,2
event,2
unusual,2
unorthodox,2
gathered,2
confessed,2
door,2
matters,2
detail,2
exist,2
anthropomorphic,2
cherubim,2
voragine,2
eradicate,2
featley,2
coat,2
punishments,2
wear,2
detect,2
word,2
known,2
exposition,2
trelille,2
friends,2
record,2
sceptical,2
dyan,2
pt,2
sustained,2
seers,2
wider,2
signe,2
bright,2
lewes,2
blair,2
chartier,2
bk,2
jeffries,2
scientist,2
december,2
persecution,2
gumbleden,2
prominence,2
current,2
midelfort,2
report,2
cures,2
ministrations,2
epistemological,2
ideological,2
anglo,2
historical,2
works,2
glory,2
turned,2
stood,2
charged,2
noise,2
scholarly,2
carefully,2
investigation,2
impulse,2
implicit,2
selected,2
making,2
abraham,2
admonish,2
saviour,2
tussles,2
mere,2
alice,2
waters,2
chapter,2
sir,2
rublack,2
thousands,2
impeccable,2
yield,2
treatises,2
bonner,2
anna,2
gallows,2
italian,2
infant,2
categories,2
cecilia,2
fourteen,2
insights,2
neck,2
presented,2
josselin,2
sydney,2
despite,2
wootton,2
ohn,2
step,2
agents,2
conventional,2
substance,2
tender,2
appointed,2
ranks,2
ghostes,2
credentials,2
mention,2
think,2
cornish,2
deliverances,2
incorporeal,2
percipient,2
instruct,2
ultimately,2
until,2
mentalities,2
reveals,2
dingley,2
washington,2
seduce,2
heisterbach,2
crisis,2
jacobean,2
diarmaid,2
offer,2
typically,2
delineate,2
crimes,2
consumption,2
involving,2
punitive,2
approach,2
posterity,2
extremely,2
spectres,2
tonken,2
potential,2
ser,2
disturbing,2
mystery,2
th,2
infirmity,2
views,2
cheshire,2
token,2
fabricated,2
lübeck,2
prison,2
aim,2
haroutunian,2
oí,2
daughter,2
roles,2
workings,2
occur,2
urbanus,2
hovered,2
broadest,1
schaffer,1
deception,1
bottom,1
distempers,1
impossibility,1
institutionalized,1
fleming,1
huntington,1
formulated,1
description,1
jury,1
clad,1
thwarted,1
awake,1
mostly,1
colet,1
materialist,1
robe,1
accidents,1
triple,1
along,1
deny,1
ferber,1
launceston,1
liminal,1
tall,1
uncorrupted,1
converge,1
sins,1
castigated,1
tainted,1
tiiik,1
drunken,1
silences,1
wand,1
darren,1
addressing,1
miles,1
concern,1
groups,1
operandi,1
corruption,1
eternal,1
waxed,1
imported,1
vienna,1
consort,1
cogitations,1
fled,1
hatfield,1
harlow,1
mystical,1
represent,1
prêterand,1
cradle,1
loophole,1
deserve,1
affected,1
clashing,1
levack,1
freist,1
counsel,1
schism,1
jane,1
asleep,1
fiction,1
legitimate,1
ogitlicrin,1
tortured,1
intriguing,1
busy,1
affirming,1
beauvais,1
ministery,1
noticing,1
wayes,1
peripatetico,1
possessions,1
imperceptibly,1
appareil,1
annexed,1
celebrate,1
served,1
notably,1
plainly,1
resolved,1
crouch,1
per,1
breeches,1
evacuated,1
passing,1
conversion,1
fuyston,1
unfolded,1
theosophically,1
group,1
becoming,1
enlightening,1
needed,1
bekker,1
dc,1
fruite,1
rho,1
margo,1
severus,1
perpetuate,1
shoulders,1
archbishop,1
kinds,1
jews,1
imprint,1
marianne,1
identify,1
revered,1
insertion,1
terminated,1
spears,1
chester,1
ma,1
catastrophe,1
anno,1
asserted,1
nota,1
circumspect,1
continent,1
murder,1
slack,1
severall,1
di,1
cno,1
earthly,1
masquerade,1
gnosis,1
struggle,1
propagandists,1
anges,1
lùig,1
park,1
conscious,1
satisfied,1
decrees,1
kcïvcs,1
haloes,1
blows,1
imagining,1
ominous,1
physiek,1
duke,1
sangha,1
doubts,1
hair,1
protection,1
devices,1
zc,1
filters,1
resurgence,1
branded,1
dignified,1
tolerance,1
organic,1
dayes,1
laid,1
afforded,1
nuanced,1
ventured,1
holding,1
stirs,1
assisted,1
beams,1
defiant,1
limits,1
something,1
contested,1
arguing,1
martyrs,1
lib,1
eager,1
absence,1
hesitations,1
descriptions,1
annals,1
strikes,1
theft,1
terrifying,1
practices,1
contexts,1
mcshane,1
steven,1
laura,1
porous,1
wilby,1
negative,1
beleved,1
emanations,1
vanitie,1
parish,1
brandon,1
shoemaker,1
band,1
iconophobic,1
rising,1
round,1
doves,1
sainas,1
member,1
seeped,1
grimeston,1
plantes,1
direction,1
platonists,1
subvert,1
decidedly,1
fragrance,1
explaining,1
stressed,1
withdrawn,1
foresee,1
giglia,1
herald,1
failing,1
hence,1
every,1
embraced,1
destroying,1
chasm,1
camouflaged,1
jackson,1
ointment,1
quakerism,1
creation,1
fifteenth,1
bishopshatfield,1
voices,1
murdered,1
unexpected,1
derives,1
guises,1
transgressor,1
sooner,1
eyther,1
reticence,1
fathom,1
culturally,1
temporarily,1
evaporated,1
cavalry,1
lê,1
cives,1
ears,1
ironically,1
assist,1
plantagenet,1
shrouded,1
repr,1
preoccupied,1
xxi,1
action,1
fragmentary,1
glimpsed,1
diseases,1
majesty,1
active,1
seems,1
souldier,1
impostors,1
poison,1
editions,1
altering,1
verily,1
corrie,1
hedged,1
reproached,1
able,1
wind,1
cvii,1
principles,1
publishing,1
muskets,1
jeanne,1
oldwives,1
scientists,1
interwoven,1
explores,1
agenda,1
lyghte,1
supernaturalism,1
íuppo,1
tours,1
vaeck,1
inferiours,1
enduring,1
bavaria,1
momentum,1
refutations,1
doublet,1
converse,1
katharine,1
cloak,1
greek,1
babes,1
rearguard,1
imaginary,1
cheerful,1
fully,1
pretense,1
enrolled,1
purple,1
achievement,1
vines,1
borne,1
cavalier,1
vintner,1
ephemeral,1
idolatrous,1
sometime,1
thanks,1
vicars,1
imbecility,1
impious,1
designated,1
court,1
abscision,1
immortal,1
greatly,1
kingdom,1
debt,1
cemi,1
evolving,1
emblem,1
judgemental,1
inadvertently,1
distempred,1
achieved,1
gideon,1
confirmations,1
oilicarcit,1
fon,1
focus,1
putrefaction,1
petty,1
johnstone,1
iconoclasm,1
relatives,1
carnali,1
say,1
replicated,1
soberly,1
parson,1
stopping,1
keith,1
discharging,1
confidently,1
principal,1
reminiscent,1
wilfulness,1
normal,1
regard,1
pitt,1
surely,1
temporary,1
regular,1
somewhat,1
tulsa,1
unravels,1
domestic,1
conflate,1
cloud,1
superficially,1
stupor,1
sanctify,1
symptomize,1
inconveniencies,1
daniel,1
stopped,1
mindset,1
warily,1
fulfilling,1
distress,1
arthington,1
ad,1
tide,1
traits,1
sweeping,1
akin,1
concealed,1
broadsides,1
issue,1
titillating,1
rrç,1
empty,1
atrickt,1
husband,1
ascribed,1
dearth,1
hell,1
lens,1
resulted,1
forthcoming,1
prefaced,1
resilience,1
ír,1
bewitchment,1
roy,1
lxxii,1
reassessed,1
handes,1
anthology,1
farnham,1
historians,1
pretending,1
ingeniously,1
revolutionary,1
almond,1
alternatively,1
robes,1
bones,1
arabian,1
orator,1
zö,1
firm,1
sexual,1
credibly,1
watkins,1
trance,1
tug,1
twist,1
censor,1
neutralize,1
unsetforth,1
receptivity,1
stereotype,1
intermediaries,1
wept,1
egyptians,1
hyperactivity,1
knife,1
red,1
nonscriptural,1
recommended,1
accorded,1
marked,1
delivering,1
authentic,1
captivity,1
condition,1
pelling,1
rutherford,1
ih,1
disentangle,1
echoes,1
sieved,1
dared,1
reaction,1
renowned,1
alter,1
pronouncements,1
pruning,1
prove,1
holiness,1
wilkinson,1
bland,1
vital,1
crossed,1
confessors,1
apocalyptic,1
stubborn,1
estranged,1
barry,1
whatever,1
invited,1
restless,1
cornishwoman,1
doctrinal,1
variations,1
drunk,1
conceptual,1
reflecting,1
waite,1
benefactors,1
sort,1
ideologically,1
conception,1
laws,1
anomalous,1
dynamic,1
literal,1
apply,1
persecuted,1
provoked,1
constrained,1
buxton,1
heretical,1
trio,1
portent,1
cursing,1
dagmar,1
helping,1
worcestershire,1
todd,1
replacement,1
psalms,1
sign,1
joyfull,1
descend,1
cheese,1
pursuing,1
complicating,1
vassals,1
diversity,1
signal,1
magisterial,1
ottavia,1
ecstatic,1
isabel,1
expanded,1
modelled,1
expertise,1
overcome,1
bizarre,1
entation,1
guardianship,1
perceiving,1
lorraine,1
cunningham,1
prey,1
lansdowne,1
level,1
fit,1
selves,1
silent,1
timber,1
linguistic,1
melancholy,1
sectarian,1
ù,1
abrode,1
provident,1
speculation,1
strife,1
aua,1
beating,1
decree,1
heal,1
veracity,1
doctor,1
sulpicius,1
dying,1
modify,1
severe,1
difficulties,1
immediate,1
abominable,1
attest,1
quality,1
extinguished,1
realignment,1
pursue,1
platonist,1
patient,1
utter,1
debus,1
illustrates,1
daylight,1
due,1
worse,1
precipitating,1
crossroads,1
theophany,1
soteriology,1
prayers,1
wrath,1
embellishments,1
integral,1
paradoxically,1
millennium,1
exiled,1
visitation,1
correcting,1
prophetess,1
valerie,1
wrathful,1
moment,1
decided,1
adopted,1
honest,1
consolation,1
consumer,1
specters,1
faithfull,1
inscrutable,1
afford,1
henoch,1
issued,1
jeremy,1
discerning,1
adams,1
lucidity,1
immense,1
undisclosed,1
relevant,1
jr,1
encyclopedia,1
indeede,1
ranters,1
respects,1
ease,1
struggled,1
assessment,1
employing,1
reproduced,1
ícenefor,1
nt,1
milkywhite,1
diabolized,1
expected,1
vengeance,1
cix,1
backside,1
affairs,1
hat,1
filed,1
guided,1
exponent,1
keitt,1
mecare,1
librarie,1
feathers,1
perverted,1
acquiring,1
comforted,1
iy,1
plaine,1
impending,1
distinct,1
venerable,1
daves,1
treason,1
ccont,1
amended,1
curiously,1
perspective,1
dreamcoat,1
inspirations,1
gary,1
contrary,1
modifying,1
deed,1
pricks,1
speed,1
props,1
scotch,1
confirmed,1
ukìuft,1
monk,1
nearness,1
androgynous,1
bibliographical,1
cant,1
beleving,1
recalls,1
hristopher,1
displeasure,1
fabrications,1
apr,1
compared,1
characterized,1
single,1
witnessed,1
jacob,1
pure,1
berwick,1
publications,1
thereunto,1
compare,1
beginning,1
warned,1
homiletic,1
coinciding,1
swords,1
conspiracy,1
spectre,1
student,1
hose,1
misogyny,1
look,1
corrected,1
drank,1
ciods,1
details,1
lì,1
paisley,1
sun,1
tacit,1
regulations,1
inventing,1
messages,1
guard,1
dastardly,1
metamorphosis,1
jones,1
restated,1
delivered,1
commanding,1
progressed,1
salve,1
impressions,1
master,1
sussex,1
tedworth,1
restore,1
tempering,1
error,1
incredulity,1
proviso,1
chaplain,1
healers,1
virtual,1
gillespie,1
repression,1
hutchins,1
iood,1
walls,1
linton,1
appeal,1
uui,1
everlasting,1
usurp,1
jean,1
distribution,1
yeeld,1
loudon,1
nails,1
sliver,1
oj,1
employ,1
messy,1
civilization,1
steps,1
angelicali,1
definitively,1
roadside,1
interesting,1
high,1
demure,1
wrestled,1
ú,1
raptures,1
natures,1
essential,1
sceptics,1
patently,1
air,1
teaching,1
bürdet,1
rviln,1
whkh,1
edited,1
examine,1
ordinance,1
multifarious,1
subjected,1
nether,1
devastating,1
distinction,1
abolished,1
jrr,1
brethren,1
absent,1
feare,1
superficial,1
ruptured,1
counterbalanced,1
generations,1
essence,1
physic,1
sublimely,1
compatible,1
convent,1
watch,1
anteroom,1
aggressive,1
seraphic,1
qhtífirnà,1
anglican,1
reverted,1
thou,1
square,1
landscape,1
na,1
testaments,1
afterwards,1
appeareth,1
explicit,1
heresy,1
leapt,1
culminating,1
threesome,1
breast,1
ofaffectuous,1
succour,1
gardener,1
mean,1
convicted,1
pyrrhonian,1
js,1
indundation,1
catholics,1
topos,1
outward,1
waned,1
cherubs,1
determining,1
risk,1
onslaughts,1
usefull,1
bodleian,1
sarah,1
disguises,1
distrusted,1
archdeacon,1
republic,1
derived,1
direct,1
cannons,1
extraordinarie,1
shrift,1
intemperance,1
criteria,1
salvation,1
study,1
adversaries,1
adept,1
pilse,1
blurring,1
manipulative,1
singular,1
dürrmenz,1
vjicars,1
undercut,1
rays,1
raritie,1
proactive,1
augmented,1
sentence,1
personage,1
miscellaneous,1
upheaval,1
moreover,1
counterfeiting,1
cby,1
emma,1
neighbourhoods,1
lose,1
reinterpretation,1
firing,1
fantasy,1
suspicious,1
squared,1
send,1
noose,1
mrs,1
rebellion,1
injury,1
unimpressed,1
elements,1
presently,1
bif,1
mans,1
ravished,1
pretensions,1
horeb,1
worshipped,1
evert,1
degenerate,1
unclean,1
ardent,1
servants,1
marks,1
tidier,1
semes,1
xlvi,1
forget,1
exhortations,1
baltimore,1
carve,1
revere,1
physically,1
cartesian,1
sä,1
childhoods,1
attired,1
illuminates,1
louise,1
intertwined,1
elisabeth,1
caveat,1
dated,1
reformer,1
latin,1
transformed,1
warren,1
tenacity,1
driven,1
transactions,1
thirty,1
shelters,1
monarchist,1
invariably,1
glorious,1
contemporaries,1
tangled,1
instrument,1
emblems,1
haunt,1
argued,1
veines,1
calendar,1
mhis,1
prevent,1
peremptorily,1
coventry,1
xi,1
cunning,1
sodain,1
commonly,1
rawlinson,1
politicus,1
legends,1
subliminal,1
dismembring,1
unjustly,1
daston,1
depart,1
surface,1
storm,1
aside,1
shed,1
followed,1
henrie,1
heinous,1
perjury,1
philosophica,1
surge,1
aquinas,1
xcvii,1
explosion,1
cheeks,1
oppression,1
thinke,1
begin,1
blatant,1
pierre,1
conviction,1
feeble,1
mysteries,1
penance,1
mo,1
helped,1
tu,1
eighteenth,1
important,1
psychoanalytical,1
bloody,1
justified,1
providing,1
rainbow,1
disclosed,1
preach,1
wytts,1
weaned,1
compiled,1
foretold,1
pharao,1
ear,1
fluid,1
brod,1
incapable,1
disappeared,1
artistic,1
iucmg,1
conquest,1
aggrieved,1
ithaca,1
fierce,1
thrown,1
fraudulent,1
disempowered,1
ordinarily,1
againe,1
root,1
narration,1
serving,1
remembered,1
urgency,1
forerunners,1
featured,1
beveridge,1
disbelief,1
comprises,1
monarch,1
cd,1
abated,1
modernity,1
stiffened,1
declined,1
widow,1
feet,1
scientifically,1
burton,1
conservative,1
gelderblom,1
plot,1
superfluous,1
nathaniel,1
britain,1
demonism,1
cell,1
iconographically,1
attack,1
adhered,1
flanders,1
moses,1
prying,1
lived,1
conspicuous,1
wiped,1
wrongly,1
deal,1
tis,1
coalhouse,1
condensing,1
scenes,1
teeming,1
propbcois,1
pass,1
franciscus,1
holily,1
suitable,1
accommodations,1
insisting,1
perpetuating,1
measure,1
emerge,1
scaffold,1
strident,1
dazeling,1
suarez,1
shoes,1
halle,1
xxiii,1
interpretations,1
revd,1
fallacious,1
disruptive,1
secretly,1
emanated,1
huntingdonshire,1
bí,1
run,1
app,1
amalgam,1
academic,1
remedy,1
graúna,1
companion,1
technicolor,1
criticizing,1
fancies,1
fables,1
embarrassing,1
furthermore,1
arc,1
pretension,1
informed,1
dispenser,1
durham,1
boehmenist,1
blow,1
vouchsafed,1
engraved,1
performed,1
incarcerated,1
onlookers,1
jong,1
skilled,1
wellfavoured,1
bade,1
bore,1
interruption,1
singing,1
perdition,1
appears,1
selfdenying,1
recently,1
moore,1
produced,1
elwes,1
iconographical,1
intensity,1
pins,1
eue,1
ordnance,1
highlighted,1
ious,1
woodbridge,1
handled,1
safe,1
placed,1
outside,1
fashionable,1
yeare,1
xvii,1
pitted,1
gentilcore,1
tension,1
expedient,1
saving,1
calvd,1
perish,1
required,1
taught,1
overwhelmed,1
comprehension,1
romhall,1
source,1
wide,1
prayer,1
revived,1
duly,1
harrogate,1
benign,1
lxxviii,1
depictions,1
cast,1
sustenance,1
lieburg,1
briefly,1
silver,1
receive,1
inconstant,1
undercurrent,1
emblematic,1
torn,1
intellects,1
representatives,1
verdict,1
conventionally,1
lost,1
directly,1
hybrid,1
feeding,1
refracted,1
network,1
commonplaces,1
supplanted,1
crushed,1
future,1
line,1
seene,1
internalization,1
scenarios,1
trances,1
mydle,1
bc,1
delivery,1
intense,1
scope,1
knitting,1
bolster,1
detract,1
obscure,1
hee,1
satire,1
ensue,1
genre,1
imagined,1
protected,1
spinster,1
heavily,1
crude,1
dil,1
ot,1
damnation,1
uncorruptible,1
explains,1
denial,1
dover,1
hunger,1
repentance,1
ilu,1
anathema,1
indigenous,1
imposture,1
perpetuity,1
huet,1
brushed,1
îjoucnnga,1
hertford,1
sly,1
experiencing,1
feared,1
liable,1
protectively,1
ten,1
willemsz,1
bennett,1
percolated,1
tempest,1
balthasar,1
insert,1
used,1
nu,1
sorcery,1
kindly,1
tale,1
describe,1
genti,1
discoursing,1
instinctive,1
pamphleteering,1
materialism,1
jefferies,1
overtly,1
inherited,1
broad,1
subtly,1
oak,1
faint,1
records,1
envoy,1
keep,1
deputed,1
elijah,1
noted,1
strenuous,1
strain,1
talle,1
conveyed,1
claiming,1
speaking,1
anecdotes,1
winter,1
actij,1
rdcrüminvisible,1
demon,1
thuringia,1
feigned,1
revenants,1
unwell,1
translated,1
swift,1
princes,1
imprimatur,1
reflect,1
ocular,1
impeccably,1
walnut,1
sensibility,1
frictions,1
rector,1
yardley,1
favourite,1
showing,1
wil,1
deeply,1
harmless,1
stanford,1
gently,1
alan,1
politely,1
conform,1
diabolicall,1
cillmiof,1
theires,1
enthusiastic,1
connections,1
assiduous,1
litter,1
fine,1
thither,1
misguided,1
manipulation,1
homas,1
personally,1
errors,1
washing,1
aire,1
ambiguities,1
thread,1
analysed,1
critical,1
reacted,1
cmeer,1
imperfectly,1
tone,1
sadducean,1
offences,1
solution,1
nurture,1
drums,1
normally,1
arise,1
demonology,1
suns,1
describing,1
resembles,1
paralipomena,1
fulfilled,1
beneficent,1
breaking,1
handprint,1
constituent,1
ego,1
comming,1
pronounced,1
drummer,1
shaping,1
recast,1
gallant,1
ligóme,1
conceded,1
dissolute,1
dœmonologia,1
excuse,1
alcoholic,1
ílrange,1
box,1
rarer,1
contrast,1
interacting,1
hallowed,1
modest,1
posthumously,1
disposed,1
technical,1
disembodied,1
jora,1
quite,1
apparently,1
heart,1
lizanne,1
insurance,1
bank,1
involved,1
advanced,1
inextricably,1
prescience,1
troubles,1
reporter,1
overshadowed,1
airy,1
tuned,1
populating,1
njcrdcs,1
allison,1
spanish,1
interdisciplinary,1
inhibition,1
june,1
convoys,1
altered,1
cleverly,1
highly,1
nnu,1
choose,1
bottle,1
grow,1
executed,1
significantly,1
lawyers,1
stigma,1
mi,1
hagiography,1
notorious,1
shadows,1
cto,1
vacuum,1
essentially,1
isis,1
success,1
villages,1
visitor,1
clyde,1
emmanuel,1
junctures,1
seeds,1
hermeticism,1
bethesda,1
raiment,1
queen,1
churches,1
preceding,1
xxvii,1
stereotypes,1
iiv,1
always,1
managed,1
condemned,1
spirited,1
offspring,1
ulinka,1
decisive,1
capp,1
resistance,1
paid,1
protectorate,1
transmuted,1
correspondence,1
repeat,1
cj,1
nigel,1
roots,1
mischief,1
reporters,1
inebriated,1
breed,1
reflected,1
appropriate,1
blind,1
seville,1
unbelieving,1
grateful,1
finds,1
criminals,1
originali,1
se,1
onto,1
inform,1
moved,1
hypocrisy,1
invidious,1
sporadic,1
suggest,1
landlords,1
activities,1
dictated,1
niccoli,1
pensam,1
casts,1
avoid,1
erwurs,1
distemper,1
tormented,1
periods,1
covetousness,1
enshrines,1
optics,1
spiritt,1
believers,1
chronological,1
precepts,1
íiur,1
spirituality,1
corrosive,1
hosts,1
tenet,1
town,1
transcended,1
tasks,1
poland,1
shellmark,1
quarry,1
fa,1
unclear,1
transform,1
eclectic,1
scarce,1
dwell,1
proxy,1
io,1
chains,1
rapture,1
holds,1
unimpeachable,1
dross,1
cottage,1
materials,1
wight,1
inventors,1
lookingglass,1
privities,1
bringing,1
lliam,1
godless,1
scientific,1
primitive,1
irish,1
preconditioned,1
unpredictably,1
concede,1
indicative,1
gratitude,1
modus,1
genitals,1
spectacle,1
lightning,1
lxi,1
drama,1
upside,1
feisal,1
brian,1
feeling,1
blessed,1
exile,1
subversive,1
techniques,1
heresies,1
limited,1
warwick,1
contours,1
whim,1
acknowledged,1
classic,1
provoking,1
feathery,1
unconsciously,1
flock,1
terrified,1
scotsman,1
administration,1
prevailing,1
visionary,1
april,1
englishmen,1
retreat,1
prism,1
attempt,1
community,1
allen,1
competing,1
irreligious,1
influences,1
plagues,1
imposters,1
lyndal,1
mordane,1
iconography,1
haliczer,1
svc,1
upbeat,1
standing,1
recited,1
avenging,1
wallas,1
rapts,1
earthquakes,1
uncertain,1
sinful,1
movement,1
collapsed,1
modes,1
newton,1
turks,1
southern,1
hester,1
spate,1
resurrection,1
quantitie,1
billington,1
inhabited,1
reception,1
cards,1
defendants,1
parker,1
exceeded,1
rede,1
newborn,1
extraordinarilie,1
consulted,1
label,1
matches,1
scarcity,1
convictions,1
declaring,1
robin,1
spoken,1
brow,1
releasing,1
communications,1
cheap,1
externall,1
envoys,1
mainy,1
esteemed,1
misapprehension,1
turmoil,1
dedicated,1
interpretation,1
untrustworthy,1
examined,1
wake,1
seraph,1
suited,1
makes,1
rules,1
devotion,1
veiled,1
reinterpreted,1
frowned,1
sex,1
borrowed,1
evolved,1
entitled,1
technology,1
parishes,1
matron,1
roper,1
repudiation,1
saint,1
differentiate,1
blécourt,1
corrects,1
ands,1
bo,1
profane,1
constant,1
acting,1
assimilation,1
tackle,1
nuns,1
falls,1
ci,1
opponent,1
symptom,1
hazy,1
wandered,1
cried,1
knocked,1
worcester,1
lacked,1
oucr,1
strangulation,1
formalized,1
hobbists,1
secrete,1
pseudonym,1
corporal,1
deliver,1
si,1
al,1
unsullied,1
gracious,1
mould,1
contempt,1
disobedience,1
watched,1
alien,1
gay,1
containing,1
departing,1
patterning,1
touching,1
phrensie,1
fornication,1
ji,1
toronto,1
badge,1
leicestershire,1
oldridge,1
friend,1
echo,1
lppariliojis,1
glimmer,1
awe,1
gospels,1
avoided,1
picture,1
flee,1
densely,1
declining,1
fill,1
testimony,1
volume,1
persuasive,1
grynaeus,1
street,1
party,1
diary,1
members,1
quietly,1
hebrew,1
ballad,1
angela,1
insidious,1
idle,1
eclipsed,1
comfortable,1
paul,1
holden,1
reiterating,1
omission,1
afterlife,1
comparison,1
request,1
camp,1
rationalism,1
comely,1
matthew,1
mighty,1
lest,1
again,1
punish,1
drink,1
outlooks,1
aaaq,1
addition,1
tiny,1
triiunpliatm,1
patients,1
marvellous,1
conformity,1
hearing,1
gneissen,1
almighty,1
therby,1
hollow,1
preserve,1
fundamental,1
venice,1
scholars,1
abstain,1
percipients,1
areas,1
perceptible,1
sleep,1
predictably,1
silently,1
wine,1
exclusion,1
developed,1
bedridden,1
certame,1
wrest,1
transcendental,1
casualties,1
contradict,1
easilyer,1
larger,1
easie,1
connell,1
diverse,1
penned,1
emphatic,1
beloved,1
omitted,1
debates,1
chs,1
descended,1
reformatorum,1
darke,1
foster,1
considerable,1
mohamed,1
seldom,1
speyer,1
habit,1
privileged,1
worn,1
scribbled,1
camden,1
ought,1
puzzling,1
patterns,1
cup,1
behind,1
nathan,1
reinterpret,1
averse,1
greeted,1
drinking,1
sweat,1
bulky,1
accusations,1
everyday,1
ground,1
hooves,1
whereupon,1
jobe,1
shown,1
vomited,1
en,1
redefine,1
evaded,1
anticipating,1
parishioner,1
tertiary,1
lehmann,1
embassage,1
devoted,1
refrain,1
capricious,1
bets,1
accepted,1
udéf,1
deceivers,1
ontological,1
coexisted,1
coincided,1
council,1
fibre,1
shouted,1
grainge,1
seem,1
emotion,1
practice,1
reshaped,1
betoverde,1
mundo,1
processe,1
superiors,1
wiles,1
hartmut,1
fivedayes,1
blasphemous,1
counterfeit,1
legats,1
jostling,1
books,1
flint,1
grave,1
theologicall,1
eclectically,1
impaginateci,1
coppinger,1
corrupt,1
sow,1
persisted,1
league,1
touch,1
recommend,1
toan,1
meddling,1
replaced,1
reminds,1
violent,1
cosmologies,1
portfolio,1
constance,1
scripturally,1
fight,1
emissaries,1
interpreting,1
mosaicall,1
original,1
von,1
rtnc,1
predominering,1
omnipotent,1
prophesies,1
vanishing,1
classes,1
thirteenth,1
inveighed,1
exhibit,1
balance,1
similitude,1
simple,1
swinow,1
wilderness,1
poore,1
intimate,1
technicality,1
parrie,1
crank,1
thirst,1
birth,1
invoking,1
treated,1
fake,1
directing,1
metaphysical,1
diligent,1
refreshes,1
accompanying,1
toa,1
randall,1
legitimation,1
cjood,1
writings,1
formal,1
region,1
reputedly,1
dupe,1
persecutions,1
excesse,1
woe,1
forsaking,1
killing,1
delicate,1
garthine,1
seing,1
depended,1
strongly,1
clause,1
unpredictable,1
trends,1
judge,1
commanded,1
ruling,1
arbitrarily,1
millenarian,1
hangover,1
herself,1
worship,1
waies,1
ageing,1
host,1
contradictions,1
size,1
constantly,1
amused,1
knock,1
weeks,1
bromhall,1
philosophers,1
disclosing,1
coroner,1
convenience,1
operated,1
residues,1
mysticism,1
francis,1
thé,1
robinson,1
schreiner,1
manifestation,1
typical,1
chimeras,1
obsessed,1
resulting,1
ursuline,1
mojt,1
sword,1
conflicted,1
bitter,1
disproved,1
club,1
pack,1
commandment,1
hour,1
services,1
examination,1
newsbooks,1
pagan,1
swearing,1
ln,1
imagery,1
regions,1
epistles,1
braine,1
incremental,1
reinforcing,1
eight,1
shelfmarkc,1
blizzard,1
constancy,1
accoutrements,1
netherlands,1
underwent,1
roberts,1
maid,1
finally,1
versions,1
theses,1
saducism,1
rejected,1
trade,1
harmon,1
significance,1
erasure,1
strands,1
edification,1
mircea,1
solemn,1
extinct,1
directed,1
reward,1
communicated,1
clouds,1
sensitivity,1
accounted,1
unconnected,1
safety,1
logic,1
co,1
supernature,1
isles,1
retiring,1
pride,1
attach,1
gillian,1
allowed,1
someone,1
langstein,1
mod,1
collaboration,1
driffield,1
remembrance,1
affirmed,1
faintest,1
strong,1
resuscitation,1
salem,1
appointment,1
mount,1
features,1
escaped,1
plots,1
indisputable,1
uni,1
salves,1
intercessory,1
lie,1
pq,1
stool,1
filled,1
unsettled,1
underestimating,1
smock,1
unheard,1
marriage,1
miracle,1
divergent,1
martin,1
different,1
enry,1
disconcertingly,1
instruction,1
thickning,1
promotion,1
strangely,1
ventriloquist,1
prrgi,1
coudert,1
carlson,1
discarded,1
jurisdiction,1
là,1
comparing,1
pleasing,1
spectators,1
outcomes,1
isle,1
textbooks,1
looke,1
methods,1
conduits,1
juncture,1
indicator,1
editors,1
usual,1
hastily,1
sensible,1
trouble,1
references,1
cíàycs,1
exactly,1
womanish,1
displayed,1
onely,1
unruly,1
illustrations,1
rupture,1
construction,1
enemies,1
saducisnius,1
judgement,1
enthusiasts,1
hard,1
adapted,1
unwitting,1
looks,1
conscience,1
unqualified,1
doome,1
vaine,1
adaptations,1
earl,1
northern,1
attracted,1
marshal,1
idly,1
weereld,1
partridge,1
macmillan,1
whit,1
visionaries,1
haven,1
ludwig,1
literally,1
destruction,1
relative,1
famine,1
chiefe,1
responsibility,1
pastj,1
caution,1
controversial,1
embodied,1
rehabilitated,1
diana,1
cnctian,1
hope,1
theodorus,1
storie,1
arose,1
owls,1
xxviii,1
scourges,1
taking,1
pive,1
hedge,1
canterbury,1
zl,1
çííjana,1
justice,1
restores,1
concerted,1
evicted,1
performing,1
perils,1
cuna,1
sences,1
gibbet,1
september,1
circumspection,1
lunatics,1
mend,1
implicitly,1
openness,1
maids,1
profaneness,1
consists,1
refused,1
yields,1
twelve,1
unlicensed,1
excused,1
ecstasies,1
committed,1
seer,1
assigned,1
cr,1
appended,1
yellow,1
circle,1
backward,1
tested,1
declaration,1
absorbing,1
perry,1
creating,1
exorcized,1
vin,1
mysteriously,1
astonished,1
complexion,1
raise,1
suckling,1
bold,1
assert,1
kenneth,1
phantasied,1
invasion,1
foreign,1
enchanted,1
ceaseth,1
conservatism,1
babling,1
defenders,1
naturally,1
practical,1
testing,1
suggestive,1
xii,1
flowed,1
reasonable,1
handing,1
pleasaunt,1
celebration,1
foregoing,1
ryan,1
unbelievers,1
vulgar,1
colde,1
male,1
wash,1
substitution,1
pestilence,1
beasts,1
geason,1
aske,1
opportunity,1
reason,1
reflections,1
imployed,1
insist,1
relations,1
younge,1
steeple,1
stupid,1
force,1
distorting,1
subconscious,1
web,1
proposition,1
overlap,1
perticuler,1
monopolize,1
wilson,1
heidelberg,1
inu,1
rapidly,1
shells,1
whereby,1
expert,1
length,1
macfarlane,1
utterly,1
jilotiii,1
recipients,1
midianites,1
fervent,1
mirror,1
perhaps,1
implementing,1
arts,1
hi,1
analysis,1
entrusted,1
annoyance,1
needeth,1
philosophies,1
united,1
catechism,1
kings,1
madeley,1
composed,1
education,1
nitic,1
turkies,1
bayly,1
frantick,1
grievously,1
ozment,1
fatherly,1
strategically,1
frijhoff,1
expediente,1
hcr,1
arme,1
worlds,1
presences,1
proclivity,1
israelites,1
iri,1
susan,1
kirksville,1
bodyed,1
ostensibly,1
misinterpreted,1
frowardness,1
create,1
anglicans,1
freeing,1
virgil,1
increased,1
articulations,1
legacies,1
xxxv,1
addressed,1
ottoman,1
wel,1
contradictory,1
faculties,1
rarities,1
sections,1
sweden,1
densitie,1
recipient,1
dissection,1
publicly,1
neglected,1
seriously,1
variable,1
eyewitnesses,1
exercised,1
heavy,1
spiritualities,1
elliot,1
aerial,1
hzekiel,1
historian,1
relates,1
harness,1
hindereth,1
prohibited,1
calling,1
lessons,1
underpinned,1
broke,1
discoursive,1
prehistory,1
studiously,1
protect,1
arrest,1
vocal,1
mentioned,1
tuu,1
verie,1
returned,1
humane,1
oracles,1
tempting,1
keck,1
apprehension,1
surtees,1
bashfullie,1
murley,1
devilish,1
needs,1
underpins,1
theism,1
oct,1
signes,1
chosen,1
instructed,1
granger,1
outface,1
sheils,1
eng,1
dubious,1
scrutiny,1
lígorae,1
optimistically,1
unrighteous,1
catericke,1
rival,1
wholely,1
hearts,1
trapped,1
spots,1
cudworth,1
territories,1
shepherds,1
efts,1
preserves,1
contradicted,1
doi,1
text,1
dissipated,1
ayr,1
flagrant,1
ladi,1
sabean,1
utrecht,1
exemplum,1
transact,1
partake,1
heltzel,1
unperceivable,1
derogatory,1
downfall,1
interference,1
manuscript,1
sprites,1
know,1
possessed,1
ni,1
machinations,1
berkeley,1
cunfelt,1
ibly,1
bokes,1
pioneering,1
safeguard,1
dominated,1
control,1
ministerial,1
ingrid,1
frequency,1
causes,1
sure,1
cox,1
illuminate,1
readily,1
halt,1
languages,1
tie,1
martyred,1
compelled,1
havoc,1
cultures,1
unforeseen,1
prototypes,1
concession,1
reversal,1
conceding,1
artifice,1
iritíon,1
madern,1
novel,1
substitute,1
inclined,1
distinctions,1
connection,1
seasonable,1
credible,1
falsely,1
ui,1
resentment,1
posture,1
board,1
believe,1
forebears,1
walke,1
unknown,1
ft,1
alexander,1
specially,1
lincolnshire,1
threatened,1
wreak,1
tree,1
unscathed,1
expense,1
suspensions,1
luther,1
propaganda,1
eclipse,1
intrusion,1
vicious,1
hilversum,1
post,1
indocility,1
atalborow,1
milk,1
gareth,1
deliberately,1
nuotimi,1
motion,1
worldof,1
deconstruction,1
intro,1
impossible,1
ff,1
bretschneider,1
reconfiguring,1
cautious,1
infiltrate,1
exotic,1
raphael,1
uphold,1
benefit,1
naphy,1
separating,1
visits,1
snatched,1
factors,1
narrowed,1
spasms,1
mylke,1
feverishly,1
wood,1
invite,1
ambivalent,1
impinged,1
playing,1
rural,1
absurdities,1
passage,1
encountered,1
fino,1
masters,1
apparel,1
infecting,1
elders,1
better,1
respect,1
person,1
spaine,1
subordinate,1
clarity,1
quart,1
outlook,1
cur,1
distortions,1
diabolism,1
augustine,1
elmer,1
suffering,1
wit,1
horns,1
bewildered,1
demoniacal,1
merkel,1
avowed,1
denouncing,1
reign,1
catterick,1
burns,1
intercourses,1
medicines,1
terms,1
reconcile,1
weston,1
ones,1
greengrass,1
supports,1
cliristcndoinc,1
quartet,1
mcdougal,1
imposed,1
nearby,1
flames,1
englands,1
metaphor,1
ezekiel,1
attitudes,1
reiterated,1
watchfulness,1
pains,1
lengths,1
firmly,1
canonization,1
theory,1
warn,1
whitewashed,1
droppes,1
malevolent,1
pleased,1
leaving,1
adaptation,1
unease,1
censorship,1
dream,1
dispensation,1
avid,1
pool,1
greedy,1
sleeping,1
leicester,1
binge,1
dismissing,1
brightnes,1
pursued,1
project,1
require,1
secure,1
gender,1
boys,1
migrations,1
physicians,1
explored,1
advise,1
voice,1
influenced,1
counteracted,1
encounters,1
transmutation,1
licorne,1
psychology,1
counterreformation,1
benevolence,1
sifting,1
executioner,1
incomparable,1
permeated,1
meetings,1
queries,1
ushered,1
cheerfully,1
travel,1
des,1
sweetest,1
bedside,1
movements,1
conference,1
crown,1
dissenters,1
mercurius,1
naked,1
alterations,1
displace,1
similitudes,1
preserved,1
careful,1
rescued,1
suor,1
determined,1
persuaded,1
recognition,1
apt,1
babylonian,1
thereby,1
humanoid,1
herbal,1
proprieties,1
profoundly,1
timely,1
introduced,1
outwardly,1
drowning,1
ailly,1
relics,1
beer,1
press,1
popularity,1
riddle,1
publishers,1
wrought,1
concessions,1
prophetic,1
predecessors,1
die,1
hobbesian,1
portraicted,1
begins,1
judgemente,1
transition,1
befell,1
sitting,1
bndcrfull,1
rash,1
ignorant,1
fostering,1
acute,1
irritation,1
testified,1
rcrnjik,1
vast,1
infanticide,1
guile,1
spoke,1
illustrated,1
predestination,1
apocrypha,1
atheistical,1
underestimate,1
inquisitions,1
pordages,1
curly,1
smacked,1
extasies,1
disguised,1
rebels,1
watering,1
exceptionally,1
maintained,1
heading,1
writing,1
enabled,1
behaved,1
invoked,1
iconoclastic,1
discontented,1
keynote,1
jan,1
devon,1
rashe,1
internalized,1
denham,1
leap,1
culcü,1
shortned,1
mentor,1
named,1
eric,1
pray,1
false,1
afflicted,1
superseded,1
sickness,1
vincent,1
promoted,1
fred,1
origins,1
layers,1
adopting,1
oscillated,1
spring,1
conducive,1
survival,1
recording,1
chained,1
shepherd,1
argument,1
swinton,1
fi,1
hermeneutic,1
difference,1
notes,1
ofthemindeofman,1
deformed,1
disposal,1
encouragement,1
rediscovery,1
inflame,1
functions,1
encumbrances,1
quest,1
beauty,1
sorcerers,1
boy,1
abused,1
paradigm,1
prevailed,1
rhc,1
institutional,1
defence,1
enthusiasm,1
thanking,1
hart,1
sprung,1
iconoclasts,1
accept,1
hurt,1
entrust,1
battalion,1
harm,1
lifelong,1
twisting,1
orchestra,1
prolonged,1
barefooted,1
papistes,1
sweetly,1
judges,1
naturalist,1
optician,1
marc,1
affinity,1
constructed,1
willing,1
guiding,1
opinions,1
righteously,1
product,1
smaller,1
gentiles,1
barnes,1
iconophobes,1
dogma,1
functionalist,1
madely,1
prosperities,1
sample,1
defiance,1
decenti,1
defined,1
helps,1
forming,1
off,1
portentous,1
kindes,1
organ,1
area,1
stroud,1
gloucestershire,1
summoned,1
mellowing,1
brilliant,1
surgeons,1
underlined,1
showed,1
morning,1
eliade,1
davenport,1
stil,1
heavenlie,1
morally,1
restored,1
cemented,1
papal,1
drift,1
abounding,1
dunlop,1
defied,1
artisan,1
hans,1
substaunces,1
spectator,1
dissimulation,1
clever,1
mediations,1
nativity,1
window,1
detected,1
mcrclatjonofgc,1
streamed,1
thei,1
seraphim,1
automaton,1
potency,1
damned,1
straw,1
invasions,1
rejection,1
point,1
muggletonians,1
palatine,1
progressive,1
hagiographical,1
obligation,1
formes,1
hertfordshire,1
disquietnesse,1
array,1
norman,1
averred,1
texts,1
preservations,1
substantial,1
evidently,1
stream,1
big,1
interaction,1
sectarians,1
litle,1
fellowship,1
calamity,1
bonny,1
pair,1
occasionner,1
discern,1
brave,1
dreames,1
drew,1
annunciation,1
resist,1
riga,1
tokens,1
infancy,1
soergel,1
command,1
statement,1
lxii,1
tricky,1
broader,1
monitions,1
olland,1
tract,1
hesitation,1
built,1
cxi,1
race,1
interrogated,1
household,1
major,1
minions,1
loft,1
increase,1
perpetual,1
faction,1
refuting,1
