WORDCOUNTS,WEIGHT
the,522
of,293
and,261
to,214
in,174
a,157
as,94
i,82
that,79
this,78
students,71
world,71
on,65
for,61
is,59
an,53
with,53
or,49
have,47
their,44
one,43
they,42
from,42
course,41
class,39
it,38
was,38
global,38
my,36
all,35
who,35
not,34
history,33
student,33
some,31
about,30
but,28
are,28
s,27
had,27
by,27
be,26
we,24
research,24
teaching,24
at,23
other,23
its,23
more,23
were,22
learning,21
what,19
civilization,18
has,18
historical,18
such,17
received,17
country,17
years,17
also,16
another,16
them,16
even,15
how,15
awareness,15
part,15
these,15
which,15
consciousness,15
grades,15
group,14
those,14
since,14
than,14
test,14
many,14
see,14
essay,14
would,14
may,13
globalization,13
up,13
others,13
been,13
different,13
experience,12
two,12
each,12
into,11
journal,11
process,11
most,11
used,11
whole,11
during,11
project,11
approach,11
new,11
southernization,11
so,11
james,11
peoples,11
did,11
question,11
d,11
last,10
goal,10
knowledge,10
people,10
quirin,10
same,10
ed,10
only,10
degree,10
three,10
like,10
cultures,10
almost,10
final,9
semester,9
there,9
b,9
university,9
own,9
few,9
comments,9
our,9
do,9
scores,9
scholarship,9
increased,9
way,8
groups,8
comparisons,8
carnegie,8
exam,8
fisk,8
based,8
read,8
culture,8
significance,8
general,8
me,8
africa,8
countries,8
grade,8
over,8
very,8
past,8
both,8
results,8
goals,8
you,8
texts,8
essays,7
east,7
activity,7
rather,7
castl,7
civilizations,7
just,7
readings,7
information,7
well,7
work,7
issues,7
t,7
sense,7
several,7
core,7
he,7
ancient,7
time,7
personal,7
including,7
questions,7
points,7
problems,7
can,7
united,7
small,7
following,7
calendars,7
through,7
egyptian,7
much,7
should,7
if,6
later,6
ways,6
diversity,6
development,6
old,6
highest,6
higher,6
india,6
out,6
though,6
concept,6
example,6
change,6
when,6
using,6
press,6
useful,6
present,6
dunn,6
discussion,6
epic,6
tests,6
maps,6
according,6
particular,6
african,6
unity,6
writing,6
think,6
spacecraft,6
comparison,6
c,6
does,5
now,5
common,5
before,5
sources,5
together,5
differences,5
influences,5
china,5
context,5
discuss,5
felt,5
iron,5
topic,5
thank,5
perspective,5
sotl,5
his,5
developed,5
similar,5
four,5
view,5
relating,5
overview,5
least,5
activities,5
various,5
still,5
included,5
oral,5
fact,5
idea,5
end,5
outside,5
learn,5
less,5
identity,5
high,5
especially,5
mali,5
connections,5
ago,5
relationship,5
today,5
theme,5
connection,5
particularly,5
making,5
video,5
presented,5
meaning,5
among,5
done,4
college,4
e,4
american,4
live,4
something,4
first,4
either,4
long,4
nature,4
asia,4
europe,4
able,4
take,4
political,4
discipline,4
portugal,4
u,4
agriculture,4
far,4
ross,4
learned,4
interest,4
exercise,4
compare,4
look,4
interesting,4
main,4
tree,4
lives,4
changes,4
too,4
commented,4
testament,4
terminology,4
answers,4
important,4
projections,4
teacher,4
however,4
your,4
near,4
because,4
advancement,4
around,4
will,4
materials,4
make,4
reference,4
again,4
man,4
discussed,4
answer,4
understanding,4
examples,4
made,4
use,4
actual,4
previous,4
versions,4
why,4
become,4
topics,4
structure,4
preand,4
story,4
need,4
she,4
provide,4
often,4
any,4
know,4
foundation,4
written,4
better,4
map,4
while,4
score,4
write,4
finally,4
states,4
potential,4
early,4
go,3
suggested,3
likewise,3
needed,3
modern,3
western,3
total,3
paper,3
every,3
creation,3
follows,3
concepts,3
decreased,3
somewhat,3
within,3
draw,3
west,3
taking,3
say,3
apply,3
framework,3
thus,3
due,3
realized,3
century,3
mesopotamian,3
egypt,3
flood,3
york,3
essential,3
no,3
without,3
basic,3
explicit,3
myself,3
approaches,3
opportunity,3
after,3
feel,3
means,3
proved,3
section,3
impact,3
origins,3
maquet,3
david,3
could,3
six,3
called,3
changed,3
international,3
academic,3
required,3
taught,3
criteria,3
improve,3
having,3
journals,3
actually,3
participated,3
reflect,3
presentations,3
good,3
social,3
responses,3
mesopotamia,3
regardless,3
revolution,3
things,3
contrast,3
specifically,3
influence,3
always,3
therefore,3
economic,3
comparative,3
above,3
initially,3
selection,3
indus,3
under,3
begins,3
stated,3
added,3
projects,3
lack,3
children,3
everything,3
hand,3
day,3
analyzed,3
classes,3
mercator,3
survive,3
significant,3
assumption,3
virtually,3
ideas,3
nevertheless,3
low,3
assignment,3
individual,3
spread,3
earlier,3
black,3
article,3
trying,3
enjoyed,3
depth,3
lot,3
seen,3
life,3
analysis,3
fall,3
education,3
extremely,3
centuries,3
get,3
meant,3
thinking,3
comes,3
simply,3
pace,3
cover,3
believe,3
assignments,3
then,3
cities,3
terms,3
distribution,3
extent,3
her,3
middle,3
code,3
given,3
come,3
evidence,3
colleagues,3
measured,3
specific,3
point,3
valley,3
documentary,3
interaction,3
here,3
asked,3
showed,3
humankind,2
indicated,2
names,2
goudsblom,2
everyone,2
enlightening,2
instructions,2
ma,2
completely,2
westernization,2
additionally,2
conscious,2
former,2
unnatural,2
emphasize,2
noah,2
jerome,2
princeton,2
du,2
said,2
hutchings,2
failing,2
give,2
taken,2
agenda,2
acronym,2
analyses,2
room,2
religion,2
real,2
achieved,2
state,2
reading,2
case,2
existence,2
sophisticated,2
eastern,2
king,2
move,2
syllabus,2
except,2
uses,2
grading,2
along,2
interviews,2
collection,2
human,2
includes,2
throughout,2
review,2
mixed,2
expected,2
shulman,2
cases,2
keep,2
back,2
body,2
africans,2
compared,2
truly,2
publications,2
outlook,2
hammurabi,2
cultural,2
let,2
failed,2
alexandria,2
americans,2
slavery,2
wanting,2
levels,2
cohort,2
afrocentric,2
eight,2
humanity,2
study,2
summarized,2
sundiata,2
monumental,2
consider,2
entry,2
elsewhere,2
w,2
show,2
m,2
wiggins,2
reflections,2
found,2
effort,2
deal,2
term,2
late,2
chinese,2
focused,2
scale,2
eye,2
perform,2
enough,2
future,2
degrees,2
industrial,2
reader,2
bois,2
curriculum,2
got,2
eurocentric,2
literature,2
versus,2
divided,2
focuses,2
weekly,2
showing,2
president,2
challenging,2
johan,2
level,2
chose,2
quite,2
hebrew,2
usual,2
st,2
resistance,2
rest,2
society,2
south,2
instructors,2
matter,2
architecture,2
identified,2
schmidt,2
overall,2
resisted,2
return,2
whatever,2
va,2
religious,2
positive,2
single,2
forecast,2
fit,2
rubric,2
thought,2
perspectives,2
dropped,2
lee,2
fire,2
law,2
power,2
academy,2
pointed,2
put,2
flat,2
reform,2
break,2
diverse,2
john,2
cudse,2
contemporary,2
variation,2
sumerian,2
conclusions,2
took,2
fits,2
geography,2
available,2
operating,2
model,2
material,2
rich,2
gives,2
number,2
explicitly,2
recommend,2
remained,2
original,2
demonstrated,2
excerpt,2
upon,2
region,2
bruner,2
exciting,2
processes,2
eden,2
examination,2
biblical,2
peter,2
logic,2
caribbean,2
curve,2
serves,2
kept,2
standard,2
epistemology,2
analyze,2
herding,2
concluded,2
genesis,2
foreign,2
pieces,2
team,2
understand,2
suggestions,2
try,2
types,2
school,2
share,2
eventually,2
ahead,2
conclusion,2
version,2
demonstrate,2
besides,2
alternative,2
organized,2
historians,2
down,2
current,2
iii,2
obviously,2
goods,2
type,2
ideally,2
beginning,2
researching,2
didn,2
whether,2
professors,2
form,2
accounts,2
want,2
ny,2
don,2
suggests,2
remember,2
majors,2
courses,2
pat,2
assumptions,2
went,2
sinking,2
allows,2
analogy,2
until,2
spring,2
touch,2
finding,2
kingdom,2
jacques,2
frame,2
grant,2
accept,2
completed,2
ended,2
contributed,2
although,2
provided,2
piece,2
area,2
remains,2
association,2
between,2
themselves,2
russia,2
vary,2
develop,2
traditional,2
focus,2
recent,2
doing,2
ca,2
customs,2
major,2
summed,1
frequent,1
difficult,1
ending,1
zero,1
wineburg,1
flow,1
evaluations,1
enter,1
religions,1
generated,1
pittsburgh,1
stood,1
scholar,1
created,1
concern,1
represent,1
judging,1
lifeboat,1
affected,1
environmental,1
resulted,1
grudgingly,1
math,1
dissolution,1
combine,1
reflective,1
passing,1
connect,1
told,1
large,1
measurable,1
replaced,1
achievements,1
kinds,1
agency,1
myth,1
enhance,1
tend,1
entries,1
anchor,1
miriam,1
true,1
continent,1
situation,1
overused,1
studies,1
nieces,1
park,1
expects,1
monolithic,1
hip,1
decade,1
ideals,1
acceptance,1
prentice,1
powerpoint,1
habits,1
exceptions,1
siblings,1
thematic,1
arguing,1
lenses,1
source,1
contact,1
contexts,1
turning,1
women,1
themes,1
myriad,1
ud,1
reprinted,1
member,1
anything,1
sit,1
else,1
problem,1
container,1
pervasive,1
concerned,1
phi,1
researched,1
implications,1
quiz,1
culturally,1
feeling,1
vols,1
might,1
spencer,1
thrive,1
astronomical,1
humans,1
navigating,1
advanced,1
england,1
bloomington,1
hour,1
definition,1
ofgilgamesh,1
menlo,1
tradition,1
skills,1
leading,1
canaan,1
advantage,1
desire,1
great,1
reasons,1
confusion,1
monitor,1
portrayal,1
exotic,1
fully,1
narrative,1
pagan,1
atlantic,1
substantive,1
hunting,1
help,1
faculty,1
failures,1
interviewed,1
exercises,1
trouble,1
greatly,1
keith,1
opposite,1
livelihood,1
rethinking,1
papers,1
seminar,1
similarities,1
ad,1
system,1
british,1
nowhere,1
documenting,1
issue,1
globe,1
takes,1
tripling,1
tie,1
key,1
unaware,1
knowledgeable,1
translations,1
encouraging,1
march,1
jumping,1
retain,1
design,1
account,1
placement,1
possible,1
illustrate,1
cap,1
slight,1
reaction,1
powers,1
october,1
fundamentalist,1
community,1
desired,1
variations,1
bell,1
ignores,1
whites,1
indicating,1
laws,1
cited,1
requirements,1
academically,1
correlation,1
plenty,1
crammed,1
cretan,1
internationally,1
prejudice,1
evaluating,1
garden,1
controlled,1
interestingly,1
usage,1
regarding,1
million,1
appreciably,1
resonated,1
professionalism,1
accuracy,1
facts,1
quality,1
tanzania,1
backgrounds,1
illustrates,1
analyzing,1
hierarchy,1
swimming,1
savages,1
assessment,1
ability,1
admitted,1
yourself,1
funds,1
buddhism,1
remembering,1
elements,1
developments,1
orig,1
underlying,1
document,1
response,1
slave,1
oxford,1
races,1
allowing,1
dates,1
third,1
find,1
arab,1
identifications,1
critique,1
elemenworld,1
book,1
employ,1
site,1
poor,1
adequate,1
whose,1
hesitant,1
act,1
statements,1
bring,1
growth,1
across,1
centered,1
angeles,1
mall,1
result,1
excerpts,1
sort,1
premodern,1
lichtheim,1
breadth,1
unit,1
appreciation,1
habituation,1
biggest,1
presentation,1
mean,1
olmec,1
tary,1
goes,1
dealt,1
abstraction,1
granted,1
probability,1
heard,1
certain,1
derived,1
japanese,1
strange,1
huge,1
makes,1
possess,1
packaging,1
echoed,1
space,1
gathering,1
actions,1
cutler,1
reason,1
references,1
empires,1
voll,1
affect,1
genocide,1
wanted,1
servants,1
rib,1
marks,1
females,1
signed,1
specialization,1
languages,1
dated,1
clearly,1
korea,1
specify,1
days,1
numbers,1
receiving,1
mary,1
excitement,1
situations,1
age,1
anonymously,1
delta,1
additional,1
beyond,1
followed,1
cotton,1
generally,1
bedford,1
asks,1
dominant,1
care,1
helped,1
faced,1
providing,1
decades,1
erekson,1
greater,1
opening,1
expressed,1
moving,1
standards,1
advance,1
ethnoarcheaologist,1
remembered,1
came,1
jay,1
lead,1
chunks,1
unfold,1
allow,1
societies,1
histories,1
conservative,1
color,1
seven,1
patrick,1
agendas,1
twoness,1
noting,1
captured,1
philosophical,1
patriarchs,1
manning,1
paraphrased,1
jokingly,1
evaluate,1
acquiring,1
battuta,1
embedded,1
companion,1
understood,1
whichever,1
welcome,1
omitting,1
hall,1
recently,1
cannot,1
promise,1
excellent,1
younger,1
record,1
explain,1
conferences,1
wide,1
method,1
expressions,1
tially,1
receive,1
aspects,1
globally,1
failure,1
directly,1
none,1
correctly,1
island,1
bc,1
horticulture,1
start,1
comprises,1
writers,1
significantly,1
characterization,1
london,1
ot,1
related,1
data,1
ten,1
year,1
bible,1
gave,1
fluent,1
describe,1
older,1
discussions,1
easiest,1
broad,1
contains,1
aztec,1
stimulate,1
music,1
smelting,1
away,1
employed,1
overseas,1
systematic,1
teenagers,1
week,1
universally,1
wheat,1
graduate,1
weeks,1
sink,1
bodies,1
regions,1
messier,1
earth,1
aided,1
computer,1
interregional,1
los,1
correct,1
hard,1
cataloguing,1
inc,1
aroused,1
involve,1
arabic,1
atmosphere,1
hemisphere,1
lunchmeat,1
spanish,1
characteristics,1
ignore,1
june,1
niane,1
grow,1
starting,1
prompted,1
crystallization,1
acts,1
hiv,1
choosing,1
longman,1
essentially,1
diversified,1
managed,1
tracks,1
majority,1
quizzes,1
games,1
roots,1
notes,1
plausible,1
purporting,1
gross,1
latest,1
huber,1
am,1
directional,1
geographical,1
input,1
nations,1
survived,1
transforming,1
chronological,1
span,1
flourished,1
f,1
darfur,1
responsibly,1
tasks,1
underlies,1
irrespective,1
variety,1
numerals,1
inadequacy,1
action,1
proverbs,1
indeed,1
labeled,1
essex,1
play,1
appreciate,1
classic,1
yugoslavia,1
female,1
exception,1
brings,1
sitting,1
etc,1
presently,1
indicates,1
experiences,1
movement,1
adjusting,1
southern,1
seemingly,1
ask,1
bread,1
southeast,1
once,1
donne,1
communities,1
cohorts,1
yet,1
permission,1
opportunities,1
moses,1
happened,1
aten,1
serve,1
technology,1
god,1
chronology,1
largerscale,1
specifics,1
inconsistencies,1
classroom,1
perceived,1
northwest,1
bo,1
southernized,1
earned,1
seniors,1
xenophobic,1
assistance,1
complete,1
choices,1
scriptures,1
indian,1
already,1
exodus,1
insights,1
department,1
reports,1
gregorian,1
quotations,1
rise,1
fawcett,1
published,1
volume,1
sam,1
mansa,1
deconstruct,1
worst,1
members,1
valid,1
challenge,1
subcontinent,1
toward,1
pick,1
stating,1
death,1
knowing,1
l,1
motifs,1
addition,1
financial,1
water,1
performance,1
efforts,1
shows,1
musa,1
unparalleled,1
mctighe,1
consideration,1
treatment,1
overwhelming,1
fundamental,1
conduct,1
scholars,1
blocks,1
departments,1
documents,1
ought,1
really,1
hear,1
overwhelmingly,1
substantially,1
administrations,1
rwanda,1
fashion,1
succeeding,1
mcmillan,1
external,1
ruler,1
anthropologist,1
ages,1
likelihood,1
everyday,1
performances,1
chain,1
increases,1
handed,1
swahili,1
where,1
purposes,1
existing,1
forth,1
psalms,1
focusing,1
perhaps,1
chronologically,1
native,1
books,1
controversy,1
identifiable,1
civilized,1
palestine,1
meetings,1
credit,1
extended,1
vast,1
neatly,1
session,1
intent,1
gilgamesh,1
considering,1
background,1
treated,1
explanation,1
eighteenth,1
values,1
hinder,1
israel,1
hindu,1
pop,1
mycenaean,1
enhanced,1
previously,1
increase,1
contacts,1
astounded,1
minds,1
europeans,1
wound,1
varying,1
entirely,1
religiously,1
largely,1
causes,1
collaborative,1
harvard,1
trend,1
swim,1
continue,1
aids,1
ibid,1
national,1
raising,1
sees,1
stayed,1
california,1
described,1
trade,1
knew,1
meanings,1
clear,1
mayan,1
waffled,1
archaeological,1
adding,1
language,1
movies,1
agreement,1
health,1
times,1
started,1
revised,1
geographically,1
summer,1
mexico,1
collected,1
obtained,1
kramer,1
probable,1
stimulation,1
connects,1
martin,1
construct,1
latter,1
instruction,1
educational,1
internal,1
zimbabwean,1
matched,1
parallel,1
reads,1
parochial,1
overcome,1
tactics,1
mainly,1
effect,1
teach,1
assigning,1
mellon,1
confusing,1
judgement,1
seeking,1
looks,1
dominance,1
travelers,1
parameters,1
workshop,1
invented,1
saw,1
amateur,1
industrialization,1
engagement,1
attend,1
insignificant,1
sugar,1
recurring,1
hope,1
nashville,1
supplemental,1
motif,1
tennessee,1
grumpy,1
entitled,1
carried,1
suggest,1
asking,1
accepting,1
christian,1
penguin,1
assigned,1
islamic,1
modification,1
circle,1
raise,1
reviewer,1
ecological,1
usually,1
linda,1
five,1
selections,1
arabia,1
program,1
begin,1
category,1
inside,1
lines,1
institutions,1
lost,1
acton,1
venues,1
detailed,1
sandwich,1
effectively,1
millennia,1
originated,1
inadequate,1
successor,1
responsible,1
hierarchical,1
existed,1
philosophies,1
achieve,1
supporting,1
exists,1
itself,1
examine,1
articles,1
unusual,1
commenting,1
bad,1
investigate,1
stairstep,1
tribe,1
evaluation,1
matters,1
detail,1
sections,1
acquired,1
exchanged,1
resonates,1
liked,1
associated,1
historian,1
hinduism,1
disavows,1
reviewing,1
lessons,1
series,1
russians,1
changing,1
conjunction,1
incorporated,1
tapestry,1
must,1
ve,1
respective,1
struck,1
ever,1
masses,1
organization,1
narrowly,1
amenemope,1
offers,1
drew,1
quickly,1
intellectual,1
incan,1
unfamiliarity,1
deconstructed,1
perceptive,1
specialized,1
worth,1
folk,1
sampling,1
seem,1
print,1
surprised,1
regard,1
semesters,1
sudan,1
job,1
pritchard,1
brazil,1
doubling,1
researches,1
uphold,1
build,1
going,1
prospects,1
ethos,1
february,1
merely,1
evident,1
musings,1
shoguns,1
william,1
scholarly,1
sinai,1
economy,1
shaffer,1
communicate,1
selected,1
list,1
independently,1
males,1
metaphor,1
orally,1
proven,1
statement,1
leaving,1
listen,1
getting,1
require,1
cloth,1
orientations,1
voice,1
influenced,1
juniors,1
phenomena,1
palgrave,1
travel,1
finished,1
conference,1
nj,1
amazed,1
boston,1
kappan,1
cousins,1
circumstances,1
preserved,1
inaccuracies,1
haya,1
thereby,1
city,1
despite,1
marketing,1
welcoming,1
wording,1
content,1
became,1
easy,1
convinced,1
giving,1
apartheid,1
techniques,1
impose,1
disciplines,1
controls,1
happens,1
extensive,1
measure,1
souls,1
manufacturing,1
stole,1
inventions,1
qualitative,1
phenomenon,1
indians,1
mention,1
definitions,1
coming,1
varied,1
ibn,1
internalized,1
tions,1
relates,1
indiana,1
mythologies,1
survival,1
covenant,1
electronic,1
copies,1
web,1
numerous,1
samuel,1
aware,1
newsletter,1
ecosystem,1
parallels,1
insight,1
instead,1
americas,1
grown,1
land,1
shorthand,1
ll,1
regular,1
off,1
philosophy,1
presenting,1
stubborn,1
blinded,1
speak,1
ranged,1
nephews,1
anonymous,1
needs,1
cudsie,1
offered,1
blacks,1
assumed,1
valuable,1
attending,1
arrived,1
consisted,1
greenwich,1
correlate,1
sharing,1
create,1
views,1
puts,1
element,1
hymn,1
entire,1
little,1
observed,1
famous,1
assists,1
building,1
broader,1
meeting,1
mock,1
close,1
occur,1
bce,1
