WORDCOUNTS,WEIGHT
the,975
of,711
and,534
in,432
to,299
a,191
india,138
ireland,137
irish,123
that,118
was,104
british,98
as,97
for,96
survey,96
s,87
on,82
empire,80
an,75
by,74
with,64
colonial,64
history,60
this,58
imperial,52
were,51
oldham,50
indian,50
science,48
scientific,47
from,47
at,39
pp,39
his,38
ordnance,36
during,36
company,35
new,35
be,35
its,34
geological,33
their,32
important,32
everest,30
knowledge,29
century,28
p,28
colby,26
is,26
nineteenth,25
he,25
see,25
had,24
london,24
has,24
larcom,24
they,23
who,23
have,23
between,23
work,22
national,22
such,21
museum,21
while,21
within,20
dublin,20
time,20
which,20
thomas,20
not,20
through,20
it,19
military,19
government,19
rule,19
example,19
research,19
blacker,19
early,19
where,18
ideas,18
gts,18
role,18
one,17
barry,17
article,17
historical,17
surveys,17
development,16
crosbie,16
out,16
geographical,16
these,16
calcutta,16
both,16
into,15
nature,15
court,15
most,15
mapping,15
also,15
played,15
britain,15
been,15
all,14
gsi,14
part,14
people,14
world,14
economic,14
upon,14
began,14
information,14
personnel,13
scottish,13
attempts,13
could,13
great,13
state,13
political,13
east,13
late,13
geology,13
south,13
would,13
different,13
first,12
other,12
system,12
throughout,12
networks,12
cultural,12
working,12
oxford,12
or,12
but,12
only,12
social,12
more,12
institutions,12
global,12
involvement,12
c,12
college,11
being,11
well,11
civil,11
ed,11
period,11
particular,11
modern,10
account,10
organization,10
however,10
used,10
various,10
culture,10
centre,10
english,10
ibid,10
another,10
construction,10
particularly,10
much,10
o,9
triangulation,9
are,9
there,9
edney,9
relations,9
how,9
similar,9
nation,9
order,9
under,9
same,9
power,9
towards,9
scholars,9
metropolitan,9
connections,9
cambridge,9
after,9
exchange,9
george,9
bayly,9
what,9
although,9
directors,8
ramsay,8
establish,8
experience,8
long,8
england,8
j,8
asia,8
trigonometrical,8
raj,8
welsh,8
papers,8
historians,8
some,8
activity,8
point,8
collection,8
act,8
l,8
process,8
origins,8
based,8
war,8
prominent,8
practices,8
expansion,8
jeffery,8
collecting,8
eighteenth,8
following,8
intellectual,8
report,8
them,8
trinity,8
years,8
land,8
ways,7
together,7
own,7
context,7
andrew,7
memoir,7
jervis,7
developed,7
m,7
future,7
overseas,7
involved,7
society,7
antiquarian,7
many,7
eds,7
sir,7
significant,7
engineers,7
systems,7
keith,7
practice,7
inquiry,7
surveying,7
became,7
recent,7
now,6
way,6
large,6
studies,6
metropole,6
before,6
central,6
investigations,6
con,6
sought,6
relationships,6
g,6
integral,6
journal,6
no,6
moreover,6
university,6
clearly,6
argued,6
view,6
globalization,6
bl,6
informed,6
viewed,6
aspects,6
whole,6
officers,6
status,6
encounters,6
officials,6
several,6
when,6
indigenous,6
indeed,6
oioc,6
madras,6
department,6
reports,6
surveyors,6
geologists,6
crown,6
meteorites,6
co,6
european,6
carried,6
any,6
wider,6
ballantyne,6
reflected,6
peoples,6
son,6
themselves,6
roles,6
close,6
given,5
later,5
authority,5
contact,5
attempt,5
very,5
iron,5
interest,5
turn,5
times,5
instruments,5
than,5
influence,5
across,5
study,5
director,5
scientist,5
protestant,5
graduates,5
union,5
societies,5
almost,5
because,5
colonies,5
legislation,5
employed,5
memoirs,5
field,5
lambton,5
around,5
activities,5
service,5
techniques,5
poor,5
community,5
experiences,5
reference,5
ethnographic,5
idea,5
john,5
number,5
range,5
approach,5
david,5
him,5
structure,5
separate,5
states,5
maps,5
employment,5
valentine,5
responsible,5
centuries,5
natural,5
control,5
believed,5
william,5
according,5
formation,5
course,5
provided,5
superintendent,5
views,5
re,5
among,5
col,5
maskelyne,4
notably,4
sphere,4
h,4
ms,4
t,4
worked,4
medlicott,4
europe,4
leading,4
desire,4
simple,4
able,4
emphasized,4
greatly,4
career,4
intelligence,4
right,4
politics,4
resources,4
conflict,4
royal,4
professor,4
against,4
concerning,4
peasantry,4
communities,4
whose,4
rather,4
links,4
possession,4
levels,4
earlier,4
ex,4
importance,4
direct,4
parts,4
means,4
improvement,4
statistical,4
emergence,4
fashioned,4
galway,4
specimens,4
found,4
scotland,4
international,4
fo,4
further,4
recently,4
hopkins,4
network,4
r,4
carry,4
famine,4
emerging,4
family,4
tony,4
boundaries,4
annual,4
second,4
bentinck,4
once,4
thought,4
supplied,4
two,4
increasingly,4
operations,4
rise,4
challenge,4
subcontinent,4
fact,4
areas,4
end,4
contemporary,4
local,4
technologies,4
made,4
processes,4
full,4
general,4
so,4
especially,4
labour,4
improving,4
persuading,4
mil,4
examines,4
crucial,4
bound,4
nli,4
compiling,4
itself,4
investigate,4
sections,4
series,4
instructed,4
extensive,4
sciences,4
over,4
exploration,4
half,4
far,4
identities,4
places,4
making,4
accounts,4
map,4
periphery,4
bodies,4
apparatus,4
level,4
territory,4
web,4
institutional,4
d,4
need,4
orientalism,4
geologist,4
cook,4
salmond,4
traditional,4
strong,4
should,4
broader,4
race,4
generated,3
created,3
introduction,3
american,3
policy,3
undertaken,3
western,3
irishman,3
bengal,3
came,3
australia,3
problems,3
parliamentary,3
taken,3
historiography,3
copy,3
tradition,3
skills,3
principal,3
issue,3
task,3
draw,3
condition,3
richard,3
perceived,3
exchanges,3
fos,3
donovan,3
key,3
thus,3
ability,3
conducted,3
affairs,3
clare,3
publications,3
heads,3
landscape,3
catholics,3
certain,3
ongoing,3
barrow,3
impressed,3
gathering,3
support,3
space,3
colonialism,3
languages,3
ideologies,3
n,3
meteorite,3
frequently,3
w,3
four,3
initiative,3
beyond,3
hereafter,3
helped,3
drawing,3
trajectories,3
search,3
mineralogy,3
im,3
apr,3
inter,3
circulation,3
library,3
wales,3
technical,3
improve,3
shape,3
unequal,3
narratives,3
compass,3
talcher,3
place,3
centred,3
structures,3
institution,3
regions,3
responses,3
parish,3
catholic,3
members,3
highly,3
county,3
manchester,3
core,3
parliament,3
always,3
up,3
universities,3
inform,3
bartlett,3
clive,3
letters,3
cartography,3
receptive,3
southern,3
about,3
dewey,3
recruited,3
already,3
functioned,3
irishmen,3
administrators,3
lack,3
head,3
debates,3
careers,3
behind,3
present,3
geography,3
colonizer,3
coincided,3
colony,3
focusing,3
belief,3
thoroughly,3
greatest,3
extended,3
expand,3
encouraged,3
asian,3
use,3
largely,3
examination,3
described,3
b,3
language,3
cartographic,3
spread,3
appointment,3
keen,3
men,3
pro,3
accordingly,3
can,3
james,3
assistants,3
looked,3
relative,3
professional,3
evidence,3
attention,3
informing,3
independence,3
dimensions,3
army,3
detailed,3
imperialism,3
contribution,3
caste,3
antiquities,3
education,3
shift,3
assistant,3
authorities,3
grand,3
mackenzie,3
set,3
dimension,3
scots,3
expanding,3
capital,3
did,3
best,3
domestic,3
ideological,3
past,3
livingstone,3
terms,3
staff,3
hoped,3
theory,3
utilitarian,3
little,3
convinced,3
administration,3
measure,3
possessions,3
obtain,3
indians,3
recording,3
conditions,3
contributed,3
joined,3
enlightenment,3
physical,3
increased,3
observation,3
specific,3
focus,3
technological,3
north,3
customs,3
countryside,2
workable,2
archives,2
concerned,2
identity,2
vienna,2
ments,2
engendered,2
mccoy,2
legitimate,2
irishness,2
e,2
considerably,2
per,2
group,2
burton,2
complex,2
designed,2
ma,2
formed,2
tuathaigh,2
spirit,2
em,2
paper,2
something,2
examin,2
contested,2
nonetheless,2
landowners,2
contexts,2
stressed,2
whom,2
learned,2
certainly,2
creation,2
production,2
hc,2
interests,2
give,2
vols,2
might,2
secretary,2
beautiful,2
seems,2
experiments,2
containing,2
shaped,2
scientists,2
agrarian,2
scheme,2
nevertheless,2
salary,2
henry,2
alike,2
embroiled,2
prosper,2
epistemological,2
case,2
albeit,2
march,2
changed,2
occupying,2
possible,2
establishing,2
bibliography,2
measuring,2
taking,2
establishment,2
along,2
himself,2
warfare,2
colonized,2
framework,2
expertise,2
soldiers,2
pursuit,2
de,2
brother,2
intel,2
application,2
basalla,2
replaced,2
arena,2
distinct,2
developments,2
ct,2
ation,2
concrete,2
subjects,2
contrary,2
body,2
response,2
effective,2
engineering,2
like,2
outset,2
gearoid,2
look,2
deeply,2
jones,2
pronounced,2
letter,2
coal,2
competitive,2
poverty,2
may,2
site,2
opposed,2
adequate,2
york,2
lt,2
growth,2
proceedings,2
en,2
pire,2
revenues,2
notion,2
connected,2
witness,2
overlooked,2
factors,2
mation,2
valuation,2
modified,2
rising,2
understand,2
soon,2
adopt,2
wanted,2
legitimizing,2
consider,2
publicly,2
branch,2
elsewhere,2
days,2
impact,2
lester,2
profile,2
gsfs,2
powerful,2
linkage,2
position,2
moving,2
arrival,2
bearing,2
uncovering,2
histories,2
interconnectedness,2
carrying,2
begun,2
relating,2
demands,2
zone,2
mcdowell,2
equally,2
traced,2
population,2
reinforce,2
placed,2
procedures,2
colleges,2
required,2
wide,2
negotiated,2
method,2
influenced,2
participation,2
mapped,2
abroad,2
bounded,2
meridian,2
emphasis,2
curry,2
significantly,2
brought,2
purpose,2
training,2
communication,2
literature,2
gave,2
partly,2
actually,2
forces,2
personal,2
focuses,2
away,2
volume,2
interpreted,2
persistently,2
oriental,2
aided,2
least,2
sense,2
administrator,2
applicability,2
quite,2
small,2
londonderry,2
extracts,2
villages,2
tended,2
correspondence,2
appropriate,2
newly,2
passive,2
invest,2
subsequently,2
critical,2
variety,2
territorial,2
bringing,2
melded,2
wrote,2
resisted,2
intended,2
mysore,2
still,2
make,2
interactions,2
wherever,2
initially,2
hydrographic,2
strategic,2
direction,2
communications,2
yet,2
arrangements,2
alongside,2
manpower,2
technology,2
mobile,2
challenged,2
official,2
then,2
earned,2
home,2
infrastructure,2
complete,2
lord,2
shifting,2
departing,2
kapil,2
friend,2
museums,2
successfully,2
frederick,2
responsibilities,2
towns,2
perfected,2
efforts,2
benevolent,2
lieutenant,2
ideology,2
classical,2
forging,2
forms,2
never,2
patterns,2
decisively,2
model,2
manner,2
icla,2
council,2
necessary,2
lectual,2
agencies,2
perhaps,2
nigel,2
native,2
books,2
cuttack,2
pluralize,2
locations,2
poona,2
argues,2
demonstrated,2
understanding,2
secured,2
represented,2
including,2
arose,2
host,2
entirely,2
unfair,2
labourers,2
ethnic,2
engaged,2
laboratory,2
office,2
i,2
initiatives,2
ties,2
open,2
explorations,2
andrews,2
doctors,2
publication,2
reputation,2
ny,2
function,2
creating,2
high,2
interacted,2
imagination,2
spent,2
queen,2
somehow,2
promote,2
metrologist,2
geographies,2
methods,2
relation,2
sept,2
story,2
forefront,2
haven,2
amateur,2
antoinette,2
modernized,2
increasing,2
implicitly,2
mahajans,2
relationship,2
delhi,2
regular,2
provide,2
obscuring,2
instrumentation,2
alternate,2
dec,2
binary,2
seen,2
armed,2
economists,2
denison,2
recognize,2
class,2
analysis,2
existed,2
surprising,2
fields,2
worlds,2
gathered,2
joseph,2
considered,2
having,2
coterie,2
matters,2
detail,2
charting,2
anglocentric,2
bombay,2
demonstrate,2
celtic,2
precise,2
reciprocity,2
constructed,2
charles,2
organizational,2
sustained,2
established,2
poorest,2
scien,2
defining,2
each,2
literary,2
cultures,2
interested,2
board,2
expense,2
regard,2
matthew,2
rural,2
proposed,2
person,2
charged,2
beginning,2
economy,2
multilateral,2
unique,2
westminster,2
kga,2
supplemented,2
review,2
institute,2
pursued,2
precedent,2
ideal,2
uni,2
engineer,2
middle,2
popular,2
ownership,2
multiple,2
thereby,2
despite,2
plans,2
agents,2
rationale,2
botany,2
appointed,2
using,2
botanists,2
webb,2
ian,2
ultimately,2
until,2
models,2
commercial,2
background,2
disseminating,2
ignored,2
solely,2
lands,2
frame,2
public,2
offer,2
endeavours,2
colleagues,2
impacted,2
requesting,2
needs,2
potential,2
infor,2
deployment,2
scholarship,2
supply,2
succeeded,2
create,2
substantial,2
exclusively,2
entire,2
images,2
colonel,2
arnold,2
building,2
sent,2
ca,2
major,2
woven,1
resolve,1
entities,1
does,1
undertakings,1
possessed,1
thwarted,1
mostly,1
gladstone,1
lation,1
flow,1
acknowl,1
common,1
if,1
inaccurate,1
anthony,1
religions,1
rev,1
milieu,1
names,1
groups,1
operandi,1
f,1
europeans,1
ethnicities,1
affected,1
mindset,1
civilians,1
extend,1
admiration,1
jane,1
trans,1
math,1
magnetic,1
propagation,1
adoption,1
obsessed,1
mar,1
utility,1
manuscript,1
linguistic,1
former,1
minutes,1
employees,1
articulating,1
counters,1
basingstoke,1
needed,1
enduring,1
partially,1
denied,1
instructions,1
landowner,1
reodering,1
ample,1
mobility,1
nostalgia,1
properly,1
cork,1
insertion,1
advised,1
linkages,1
ment,1
lecting,1
confines,1
sets,1
thomond,1
completely,1
done,1
tense,1
respectability,1
dehra,1
notwithstanding,1
ore,1
considerations,1
decade,1
missionaries,1
earnest,1
fixed,1
committee,1
equated,1
necessarily,1
virtually,1
presents,1
amply,1
eastward,1
observing,1
fragile,1
naturalness,1
arrived,1
village,1
arguing,1
underplayed,1
consultations,1
women,1
conscientious,1
credence,1
themes,1
footing,1
prosperous,1
par,1
disturbances,1
myriad,1
anti,1
mahratta,1
lower,1
concepts,1
justify,1
gineer,1
provision,1
assets,1
sources,1
aryanism,1
barriers,1
every,1
embraced,1
alarmingly,1
localities,1
setting,1
ii,1
deploy,1
severely,1
implications,1
rested,1
cavalry,1
address,1
rapid,1
questioned,1
astronomical,1
terrain,1
straightforwardly,1
agenda,1
unfolding,1
analogies,1
sponsible,1
parties,1
handling,1
reach,1
interrogating,1
accommodate,1
advantage,1
adjoining,1
accompanied,1
dismayed,1
momentum,1
rennell,1
constituents,1
farmers,1
timing,1
analyses,1
fully,1
producing,1
narrative,1
differendy,1
borne,1
consign,1
transferred,1
dealer,1
revival,1
closer,1
beds,1
religion,1
donnell,1
kingdom,1
nationalism,1
insley,1
wealthy,1
help,1
feature,1
integrate,1
embrace,1
persistence,1
date,1
manipulating,1
precisely,1
marine,1
raised,1
those,1
kenny,1
robert,1
deriving,1
ber,1
china,1
discrete,1
committed,1
dressed,1
dissolved,1
motivated,1
rethinking,1
insti,1
ennis,1
contents,1
disposition,1
ad,1
posts,1
margarette,1
donated,1
procured,1
forum,1
dissemination,1
sophisticated,1
resulted,1
forthcoming,1
dr,1
inquire,1
inadequate,1
rigby,1
anthropologists,1
formulation,1
capacity,1
circulate,1
guidelines,1
chants,1
primary,1
iv,1
bunking,1
firm,1
coveted,1
incorporate,1
agriculture,1
hall,1
representations,1
custom,1
nevil,1
backing,1
uneven,1
porter,1
soldier,1
determined,1
logical,1
machinery,1
ball,1
tracing,1
labs,1
shared,1
develop,1
evan,1
adopting,1
powers,1
taxation,1
insight,1
vital,1
obvious,1
fine,1
stratigraphy,1
plemented,1
combination,1
combine,1
reflecting,1
sonnel,1
timothy,1
medicine,1
conception,1
laws,1
cited,1
tenurial,1
dynamic,1
cole,1
apply,1
struments,1
negotiation,1
forged,1
prototype,1
plenty,1
measurement,1
engage,1
denoting,1
haidinger,1
evaluating,1
encroachments,1
mid,1
gration,1
tribute,1
complained,1
regarding,1
mc,1
exercises,1
lationships,1
draughtsmen,1
ruptures,1
affiliation,1
talcheer,1
dependence,1
geographer,1
accuracy,1
facts,1
quickest,1
equalize,1
points,1
run,1
since,1
backgrounds,1
due,1
september,1
author,1
kohlstedt,1
domain,1
deliberation,1
num,1
adopted,1
heterogeneity,1
condescension,1
issued,1
highlighting,1
participating,1
uniformity,1
ference,1
eurasian,1
realization,1
rooted,1
learning,1
kind,1
exercise,1
fortify,1
priority,1
cerns,1
candidates,1
cases,1
individual,1
arbuthnot,1
reluctance,1
overseers,1
illuminates,1
evident,1
perspective,1
canal,1
unwavering,1
memorandum,1
uniformly,1
profound,1
back,1
differently,1
serving,1
determination,1
six,1
commendation,1
flawed,1
elicit,1
young,1
served,1
putative,1
correspondent,1
libraries,1
witnessed,1
undertaking,1
even,1
student,1
stimulating,1
patrons,1
impositions,1
furthermore,1
casement,1
helping,1
educators,1
truck,1
gorackpore,1
gest,1
tists,1
resultant,1
sition,1
tained,1
enniskillen,1
nuanced,1
join,1
rates,1
evenly,1
implementation,1
aero,1
less,1
worst,1
industries,1
newer,1
toriography,1
failed,1
presbyterianism,1
rights,1
loyal,1
operation,1
via,1
herries,1
simultaneously,1
fort,1
weapon,1
profoundly,1
colin,1
recognized,1
costs,1
elevating,1
foun,1
twinned,1
exact,1
subjected,1
angeles,1
district,1
debated,1
organizing,1
influential,1
afterwards,1
antagonistic,1
levelling,1
patronage,1
coastal,1
neglected,1
neatly,1
conceptions,1
active,1
resonated,1
mechanics,1
onial,1
persistent,1
supplement,1
grew,1
hazardous,1
tidal,1
inventor,1
institutionalized,1
enabled,1
promoting,1
lay,1
gentlemanly,1
geologi,1
list,1
xxx,1
consequences,1
absorbed,1
howe,1
involve,1
hook,1
asa,1
empires,1
brunswick,1
kater,1
provinces,1
nor,1
circulated,1
tinued,1
bad,1
ensure,1
deccan,1
underdeveloped,1
maiden,1
possibly,1
tailored,1
familiar,1
image,1
workmen,1
residency,1
consolidate,1
liberal,1
diffusing,1
just,1
numbers,1
tying,1
invariably,1
gradually,1
orissa,1
preoccupation,1
plications,1
shore,1
ignorance,1
too,1
age,1
burgeoning,1
superior,1
exploited,1
officer,1
requested,1
shed,1
efficient,1
followed,1
generally,1
stark,1
putting,1
preferably,1
neither,1
prosecution,1
instance,1
sultan,1
blatant,1
plight,1
crucially,1
fectively,1
strategy,1
trained,1
decades,1
mer,1
retirement,1
advocated,1
appear,1
satisfy,1
conflicts,1
incapable,1
greater,1
tween,1
opening,1
expressed,1
standards,1
result,1
distribution,1
incomplete,1
bilateral,1
rivals,1
introduce,1
path,1
meridional,1
dixon,1
professionals,1
protest,1
locals,1
fitzpatrick,1
ambition,1
typical,1
commonwealth,1
nair,1
mcdonough,1
civilising,1
effort,1
seven,1
patrick,1
economics,1
balancing,1
coalmines,1
pass,1
events,1
primacy,1
relate,1
requirements,1
dispute,1
oh,1
noting,1
persist,1
accompany,1
topo,1
constantly,1
fuel,1
base,1
longitude,1
mined,1
markets,1
lent,1
academic,1
companion,1
fourth,1
loughrea,1
memory,1
though,1
durham,1
focused,1
receive,1
nel,1
studying,1
honed,1
mediated,1
bore,1
treat,1
province,1
newfound,1
symbols,1
devoid,1
unemployment,1
scale,1
intertwined,1
otherwise,1
woodbridge,1
troops,1
prescriptions,1
tension,1
produce,1
counties,1
explain,1
fox,1
find,1
duly,1
acqui,1
benign,1
possibility,1
foregrounds,1
aries,1
briefly,1
globally,1
undermined,1
failure,1
sites,1
xix,1
taxes,1
gained,1
products,1
directly,1
keeping,1
knowledges,1
artefacts,1
degrees,1
data,1
mirrored,1
cisive,1
lites,1
planning,1
bolster,1
fraser,1
los,1
scrutinized,1
competent,1
admired,1
nc,1
tributary,1
curriculum,1
quickly,1
globa,1
pasts,1
tenure,1
gender,1
newest,1
methodical,1
restructuring,1
formities,1
year,1
island,1
older,1
discussions,1
topographical,1
readmits,1
issues,1
literally,1
records,1
concentrate,1
statistics,1
dispense,1
williams,1
limerick,1
augment,1
binding,1
smelting,1
mathematical,1
practical,1
gions,1
il,1
systematic,1
rector,1
showing,1
missions,1
generating,1
president,1
telescopes,1
rendered,1
currents,1
trends,1
deter,1
dissolving,1
belfast,1
earth,1
good,1
supplying,1
multiplicity,1
published,1
untried,1
independently,1
domineering,1
solution,1
transplanted,1
tudor,1
correct,1
successful,1
caused,1
presented,1
constituent,1
fests,1
laborious,1
shaping,1
tempts,1
wished,1
stage,1
astro,1
dictionary,1
tested,1
cedures,1
impacting,1
mani,1
cer,1
terrence,1
contrast,1
precedents,1
discourse,1
emphasizes,1
zoologists,1
instru,1
bmc,1
specifically,1
inextricably,1
perial,1
entrance,1
historicist,1
objec,1
autonomy,1
oct,1
separately,1
legislatively,1
ship,1
components,1
mini,1
legitimize,1
scientistic,1
executed,1
transfer,1
keegan,1
acts,1
mi,1
modalities,1
seismology,1
legislated,1
essentially,1
distinguished,1
workforce,1
impossible,1
foremost,1
contention,1
scott,1
progress,1
st,1
infantry,1
results,1
decolonization,1
estates,1
maintained,1
geodesy,1
ofindia,1
notice,1
computations,1
inquiries,1
inaugurating,1
devising,1
negligence,1
breed,1
value,1
posing,1
grateful,1
fellowship,1
preliminary,1
lincoln,1
finds,1
visit,1
valuable,1
gordon,1
landlords,1
seemed,1
avoid,1
collaborated,1
nations,1
periods,1
cite,1
embarked,1
konkan,1
pertaining,1
related,1
imprint,1
transform,1
business,1
io,1
november,1
demand,1
reduced,1
hegemony,1
onset,1
mehals,1
agreed,1
domination,1
certified,1
interference,1
modus,1
happy,1
located,1
limited,1
return,1
onward,1
notoriously,1
impose,1
forward,1
commit,1
ten,1
interdependence,1
panded,1
emulated,1
bill,1
rare,1
landed,1
comments,1
earthquakes,1
movement,1
degree,1
zoology,1
preetha,1
religious,1
gelical,1
onized,1
single,1
coeval,1
supplier,1
ineffective,1
pacific,1
indus,1
criticism,1
sort,1
asiatic,1
vignettes,1
hugh,1
sociologists,1
move,1
read,1
projects,1
serve,1
mission,1
counterparts,1
gins,1
borrowed,1
collect,1
ning,1
latitude,1
us,1
boundary,1
tific,1
ancient,1
protractors,1
tain,1
mortality,1
tax,1
acting,1
homogeneous,1
informal,1
perspectives,1
liberties,1
outlined,1
demonstrates,1
viously,1
excisable,1
without,1
solvent,1
odds,1
lization,1
strata,1
enterprises,1
payments,1
doherty,1
declining,1
useful,1
routes,1
diary,1
inhabitants,1
reconfigure,1
policing,1
scodand,1
unreliable,1
skill,1
law,1
suit,1
confound,1
technique,1
stated,1
affinities,1
others,1
spend,1
pointed,1
available,1
similarly,1
hydrographical,1
slavery,1
addition,1
overthrown,1
financial,1
water,1
lobby,1
persuasion,1
cultivated,1
unifying,1
expose,1
twenty,1
treatment,1
preserve,1
fundamental,1
britons,1
copied,1
ellenborough,1
conference,1
appeared,1
abstract,1
gaelic,1
disturbed,1
mclaren,1
wexford,1
diverse,1
uncle,1
cadets,1
aug,1
seize,1
arthur,1
navy,1
doubt,1
formulating,1
virulently,1
venture,1
reilly,1
unsurprisingly,1
considerable,1
drayton,1
convert,1
serious,1
starvation,1
do,1
v,1
imperatives,1
innovative,1
developing,1
purposes,1
entity,1
existing,1
ensured,1
seventeenth,1
centenary,1
relevant,1
heavily,1
strategies,1
journalfor,1
waugh,1
origin,1
material,1
reshaped,1
laden,1
deep,1
fieldwork,1
governance,1
ignoring,1
cartographers,1
ordinary,1
counterpart,1
harnessed,1
wood,1
compete,1
encountered,1
veying,1
moot,1
utilitarians,1
alan,1
volvement,1
cadastral,1
organize,1
mps,1
mills,1
simon,1
subdivision,1
classes,1
private,1
encounter,1
campaigns,1
churches,1
knew,1
intent,1
crudely,1
birth,1
treated,1
recentiy,1
ethnicity,1
discovery,1
explanation,1
disposal,1
exporting,1
wretched,1
writings,1
omics,1
region,1
collections,1
distinctly,1
previously,1
increase,1
periences,1
sufficiently,1
contacts,1
transplantation,1
ruling,1
recover,1
opportunity,1
endeavour,1
findings,1
varying,1
era,1
controlling,1
expression,1
food,1
steady,1
sardesai,1
emphasize,1
factor,1
globalizing,1
causes,1
collaborative,1
fermor,1
briggs,1
bengali,1
acquiesced,1
actual,1
individuals,1
edinburgh,1
hunted,1
archive,1
raising,1
previous,1
recruitment,1
improvements,1
shortly,1
theories,1
sound,1
kearney,1
theoretical,1
rejected,1
trade,1
passim,1
significance,1
reassessing,1
communicated,1
mode,1
comprehensive,1
catalysts,1
obtaining,1
unconnected,1
brass,1
america,1
recendy,1
ganization,1
counter,1
held,1
arc,1
christopher,1
allowed,1
characterized,1
ellis,1
helpful,1
ef,1
fellow,1
savithri,1
features,1
mines,1
collected,1
distinction,1
static,1
sideration,1
obtained,1
stages,1
paths,1
administrative,1
furlough,1
accurate,1
dustry,1
believing,1
graphical,1
quick,1
artificial,1
accused,1
decide,1
migrants,1
special,1
fermanagh,1
written,1
commerce,1
mining,1
edged,1
replicated,1
lunt,1
leerson,1
become,1
exported,1
airing,1
references,1
confidently,1
relocating,1
dense,1
vocates,1
torians,1
diffusionist,1
enjoyed,1
learn,1
dations,1
sug,1
dominance,1
ate,1
admiralty,1
equivalent,1
securing,1
figures,1
versus,1
we,1
engagement,1
conveyed,1
governor,1
quarter,1
achieve,1
opposite,1
thence,1
vinced,1
competed,1
concluded,1
division,1
species,1
justice,1
attended,1
buildings,1
fails,1
hindered,1
discipline,1
suggest,1
accepting,1
topography,1
christian,1
posted,1
oa,1
aid,1
me,1
raise,1
africa,1
humanities,1
ing,1
spelling,1
processed,1
supporting,1
voyages,1
decoloniz,1
punjab,1
patriotic,1
linda,1
variously,1
bowen,1
testing,1
idioms,1
foster,1
begin,1
select,1
tably,1
lines,1
attitude,1
recognizes,1
widespread,1
multi,1
pestilence,1
referred,1
monuments,1
frs,1
success,1
colonizers,1
publi,1
transformed,1
force,1
returned,1
aled,1
circuits,1
ch,1
whereby,1
executive,1
plains,1
countries,1
amassing,1
remembrance,1
owed,1
provider,1
life,1
travel,1
often,1
expectations,1
continually,1
allowance,1
interconnected,1
united,1
hope,1
akron,1
table,1
ology,1
drafted,1
types,1
quicken,1
instances,1
armagh,1
appointments,1
face,1
canada,1
eugene,1
gillian,1
dharamsala,1
meant,1
influencing,1
legacies,1
structions,1
stephen,1
claims,1
school,1
environment,1
reciprocal,1
suggestions,1
contained,1
victoria,1
eventually,1
associated,1
proprietors,1
regiments,1
recruiting,1
terrible,1
dordrecht,1
underpinned,1
sangwan,1
conclusion,1
changing,1
comparison,1
volving,1
measurements,1
simply,1
constituted,1
tipu,1
reinforced,1
forwarded,1
continues,1
potter,1
elicited,1
theme,1
known,1
anglophonic,1
rival,1
record,1
reconnaissance,1
darwin,1
besides,1
kumar,1
doi,1
text,1
dun,1
compensation,1
repository,1
integrative,1
drafting,1
berkeley,1
colonization,1
unwarranted,1
sure,1
country,1
carrickblacker,1
routine,1
finance,1
proponents,1
presidency,1
migration,1
steven,1
organized,1
commission,1
connection,1
innovations,1
king,1
down,1
appendix,1
acquiesce,1
printed,1
dated,1
universal,1
satpal,1
current,1
visiting,1
post,1
foundation,1
iii,1
brothers,1
collectors,1
entitlement,1
disperse,1
grievances,1
goods,1
researches,1
benefit,1
build,1
castie,1
distinctive,1
free,1
hostilities,1
utilized,1
mismanagement,1
disputes,1
ethos,1
emerges,1
structed,1
advances,1
respect,1
catalogue,1
subordinate,1
transmitting,1
discontent,1
cal,1
outlook,1
scholarly,1
hotrnail,1
purchase,1
triangu,1
fuller,1
notable,1
denouncing,1
investigation,1
devine,1
whether,1
kevin,1
welfare,1
stability,1
form,1
laying,1
rebellion,1
gorey,1
plants,1
apace,1
sociology,1
versities,1
sappers,1
nascent,1
converting,1
pains,1
geo,1
remove,1
firmly,1
executing,1
debate,1
landowning,1
problem,1
ethnography,1
tutions,1
appropriated,1
repetitive,1
occasions,1
remedies,1
extract,1
secure,1
deepak,1
oftemplemore,1
explored,1
orthography,1
property,1
limitations,1
resident,1
observations,1
civilian,1
engravers,1
asians,1
church,1
gratitude,1
martha,1
marking,1
boston,1
biography,1
foley,1
northwestern,1
commissioner,1
recognition,1
ruled,1
himalayas,1
reported,1
blyth,1
sea,1
city,1
exacdy,1
joining,1
pre,1
econ,1
press,1
epitome,1
regulate,1
buy,1
subject,1
fessional,1
transition,1
disciplines,1
assumptions,1
com,1
cb,1
commodities,1
contribute,1
entry,1
arguments,1
manufacturing,1
conversely,1
officially,1
phenomenon,1
challenges,1
encouraging,1
ized,1
representation,1
writing,1
gain,1
aspect,1
varied,1
jan,1
tions,1
precision,1
petrie,1
prepared,1
come,1
mformation,1
spells,1
question,1
historiogra,1
drafts,1
argument,1
bicentenary,1
unilateral,1
initiated,1
utilitarianism,1
advent,1
finding,1
twentieth,1
steam,1
efficacy,1
catherine,1
finally,1
broker,1
latham,1
mative,1
isles,1
sat,1
manufactories,1
register,1
phy,1
instead,1
integrated,1
dalziel,1
consolidated,1
cooper,1
define,1
socially,1
davies,1
sur,1
leagues,1
zo,1
nomical,1
cation,1
involving,1
france,1
defined,1
attempted,1
locate,1
enclosures,1
membership,1
objections,1
captain,1
permeable,1
association,1
campaign,1
ships,1
portrait,1
offered,1
supported,1
west,1
territories,1
mum,1
intensely,1
assumed,1
actions,1
harlow,1
certainty,1
teenth,1
third,1
plethora,1
petitioned,1
protested,1
elites,1
barrycrosbie,1
chicago,1
negotiate,1
furnaces,1
mp,1
ations,1
injeffery,1
wellesley,1
boylan,1
equipment,1
enfant,1
participant,1
colley,1
immediately,1
comparable,1
observed,1
meeting,1
doing,1
workings,1
terconnections,1
thorough,1
