WORDCOUNTS,WEIGHT
the,678
of,503
and,312
in,297
history,262
a,213
american,187
to,172
historical,113
that,108
as,94
world,89
on,80
writing,71
for,70
transnational,65
an,65
see,56
is,54
s,49
states,48
historians,47
new,47
not,45
united,44
was,42
national,41
by,40
with,40
civilization,39
it,36
its,35
nation,34
global,34
be,31
or,28
such,27
at,26
from,26
have,26
but,25
more,25
ed,24
der,24
america,23
this,23
also,23
are,22
has,21
york,21
western,20
may,20
his,20
their,20
university,20
journal,20
age,19
social,19
european,19
europe,17
war,17
disposition,17
research,17
bender,17
into,16
no,16
turner,16
we,16
than,15
only,15
i,15
been,15
und,15
german,14
which,14
perspectives,14
one,13
state,13
review,13
international,13
well,13
r,13
they,12
could,12
own,12
perspective,12
all,12
profession,12
thomas,12
can,12
geschichte,12
course,12
studies,11
century,11
view,11
had,11
mcneill,11
culture,11
significance,11
des,11
die,11
between,11
democracy,10
h,10
j,10
those,10
development,10
g,10
even,10
esp,10
universities,10
transnationalization,10
conrad,10
william,10
years,10
march,9
west,9
interest,9
m,9
cultural,9
robinson,9
beckert,9
dec,9
universal,9
making,9
our,9
early,9
among,9
political,8
within,8
context,8
beard,8
geschichtswissenschaft,8
since,8
ttingen,8
influence,8
b,8
most,8
however,8
explain,8
nations,8
he,8
light,8
other,8
scholars,8
john,8
ibid,8
so,8
who,8
past,8
instead,8
usa,8
tion,7
historiography,7
sloane,7
chakrabarty,7
without,7
rather,7
main,7
how,7
beyond,7
histories,7
im,7
term,7
work,7
field,7
society,7
will,7
ameri,7
noble,7
comparative,7
about,7
interpretation,7
man,7
empire,7
karl,7
local,7
novick,7
made,7
were,7
three,7
tional,7
essay,7
would,7
after,7
u,7
what,7
particular,7
dream,7
cambridge,7
twentieth,7
if,6
e,6
germany,6
essays,6
gr,6
nineteenth,6
first,6
ii,6
tradition,6
there,6
zu,6
rethinking,6
politics,6
progressive,6
process,6
study,6
tory,6
academic,6
used,6
june,6
when,6
am,6
higham,6
synthesis,6
thought,6
den,6
us,6
these,6
rise,6
where,6
practice,6
provincializing,6
does,6
conversation,6
tendency,6
institutions,6
frontier,6
axel,6
sciences,6
bright,6
historicism,6
according,6
both,6
origins,6
charles,6
ser,6
chicago,6
much,6
recent,6
modern,5
position,5
academia,5
being,5
frankfurt,5
jackson,5
questions,5
vols,5
attempt,5
borders,5
iv,5
conception,5
histori,5
immigrants,5
networks,5
americans,5
von,5
support,5
geyer,5
orientation,5
globalization,5
historiographies,5
weltgeschichte,5
during,5
frederick,5
exceptionalism,5
teaching,5
friedrich,5
toward,5
fragmentation,5
reform,5
sebastian,5
do,5
michael,5
einer,5
significant,5
introduction,5
james,5
professional,5
sven,5
transformation,5
why,5
each,5
country,5
did,5
report,5
problem,5
role,5
jameson,5
postcolonial,5
land,5
cotton,5
debate,5
traditional,5
should,5
archives,4
now,4
large,4
marcus,4
ojamerican,4
du,4
transnationalism,4
thus,4
leading,4
atlantic,4
histo,4
harvey,4
tyrrell,4
robert,4
case,4
mass,4
some,4
possible,4
september,4
explained,4
works,4
rgen,4
general,4
understood,4
whose,4
na,4
stuttgart,4
lingelbach,4
means,4
n,4
w,4
search,4
late,4
topics,4
though,4
europa,4
public,4
future,4
bois,4
knowledge,4
place,4
trends,4
approach,4
t,4
regions,4
change,4
oct,4
munich,4
up,4
rn,4
rodgers,4
demand,4
movement,4
criticism,4
yet,4
two,4
sometimes,4
many,4
idea,4
outside,4
present,4
macht,4
relevant,4
narrative,4
another,4
globalizing,4
ideas,4
canon,4
modernization,4
peter,4
martin,4
sept,4
relationship,4
patel,4
centuries,4
establish,4
dipesh,4
education,4
any,4
changing,4
north,4
over,4
very,4
audience,4
merely,4
cal,4
whether,4
grand,4
circumstances,4
through,4
jan,4
devoted,4
internationalization,4
jaeger,4
france,4
klio,4
area,4
association,4
comparison,4
focus,4
cosmopolitan,4
sen,4
fernand,3
doubts,3
way,3
concerned,3
later,3
commitment,3
market,3
extreme,3
spengler,3
thelen,3
true,3
former,3
necessarily,3
certainly,3
colleges,3
book,3
conditions,3
reasons,3
indeed,3
origin,3
jansen,3
task,3
transnationalen,3
shared,3
solely,3
jenseits,3
ross,3
learned,3
conflict,3
sch,3
relations,3
adams,3
turn,3
developments,3
columbia,3
critique,3
generation,3
connected,3
similar,3
humanity,3
certain,3
parts,3
space,3
nor,3
randeria,3
objects,3
organization,3
established,3
teaches,3
section,3
edition,3
mary,3
important,3
klaus,3
gesellschaft,3
method,3
found,3
called,3
strength,3
internationalizing,3
rians,3
cannot,3
promise,3
lamprecht,3
globally,3
eurocentrism,3
interna,3
homeland,3
issues,3
project,3
interpreted,3
published,3
eine,3
sense,3
progress,3
kiran,3
wolfgang,3
seemed,3
f,3
internationalen,3
wrote,3
expansion,3
april,3
community,3
decisions,3
reference,3
opportunities,3
baxter,3
al,3
oswald,3
transatlantic,3
perspec,3
others,3
conceived,3
ernst,3
herbert,3
efforts,3
longer,3
departments,3
debates,3
never,3
number,3
examples,3
braudel,3
tive,3
expression,3
use,3
harvard,3
trend,3
story,3
franklin,3
individual,3
david,3
pietra,3
problems,3
zeitalter,3
become,3
la,3
karriere,3
ing,3
provide,3
lost,3
mckeown,3
countries,3
worlds,3
analysis,3
fall,3
sachsenmaier,3
thinking,3
historian,3
growing,3
conclusion,3
peoples,3
must,3
transna,3
supported,3
intellectual,3
tendencies,3
cultures,3
particularly,3
clearly,3
written,3
raphael,3
type,3
places,3
them,3
statement,3
conference,3
private,3
jahrhunderts,3
courses,3
subject,3
com,3
conventional,3
representation,3
question,3
reveals,3
numerous,3
write,3
washington,3
mode,3
explanation,3
crisis,3
although,3
need,3
provided,3
remains,3
themselves,3
c,3
create,3
re,3
race,3
interconnectivity,2
done,2
faculties,2
stu,2
common,2
declared,2
meaning,2
groups,2
vienna,2
resulted,2
benedict,2
junker,2
conflicts,2
civiliza,2
continent,2
ways,2
sudden,2
considerations,2
policy,2
committee,2
em,2
before,2
arrived,2
interpretative,2
princeton,2
reich,2
townsend,2
anything,2
long,2
every,2
torical,2
transnationalizing,2
might,2
address,2
promoting,2
emerged,2
advanced,2
seems,2
nature,2
reach,2
principles,2
christoph,2
together,2
accompanied,2
differences,2
admittedly,2
survey,2
styles,2
nevertheless,2
ancestry,2
concepts,2
daniel,2
worldwide,2
issue,2
con,2
globe,2
provincialization,2
key,2
histoire,2
eckhardt,2
discuss,2
vol,2
cooperation,2
condition,2
arif,2
taking,2
fixation,2
tied,2
sign,2
labor,2
human,2
zeitschrift,2
phase,2
historically,2
stuchtey,2
reputation,2
aha,2
transnationaliza,2
author,2
moment,2
mixed,2
ern,2
assessment,2
forced,2
cases,2
adam,2
distinct,2
ranke,2
third,2
compare,2
like,2
conceive,2
marx,2
leopold,2
festschrift,2
simultaneously,2
heroes,2
underway,2
steams,2
generations,2
lasting,2
completely,2
ongoing,2
easily,2
consequences,2
changes,2
escape,2
vergleicht,2
specialization,2
consciousness,2
bruce,2
weinstein,2
instrument,2
argued,2
too,2
democratic,2
generally,2
progressives,2
dominic,2
bourne,2
dominant,2
ian,2
appear,2
whereas,2
uses,2
came,2
example,2
migrant,2
das,2
p,2
schulin,2
effort,2
out,2
events,2
primacy,2
radical,2
beginn,2
inter,2
collectively,2
further,2
chinese,2
reviews,2
schwentker,2
persons,2
hopkins,2
uahr,2
randolph,2
because,2
aspects,2
gained,2
allardyce,2
participation,2
betrayed,2
journals,2
abroad,2
scope,2
received,2
already,2
preferred,2
concept,2
part,2
training,2
civil,2
related,2
irish,2
whole,2
genuine,2
older,2
sheehan,2
relevance,2
moments,2
historische,2
emancipation,2
et,2
regional,2
alliance,2
capitol,2
cologne,2
good,2
joanne,2
construct,2
correct,2
responsibility,2
cold,2
suggest,2
weakness,2
perspektiven,2
ignore,2
few,2
transfer,2
decline,2
amerikanischen,2
ent,2
roots,2
heidegger,2
eurozentrismus,2
crois,2
therefore,2
fuchs,2
led,2
likely,2
irrespective,2
entitled,2
economic,2
gradual,2
limited,2
crossings,2
return,2
above,2
make,2
reception,2
structural,2
label,2
security,2
makes,2
read,2
mission,2
under,2
restricted,2
erdmann,2
today,2
same,2
dialectical,2
narratives,2
increasingly,2
sketch,2
considers,2
tries,2
party,2
organizations,2
challenge,2
power,2
pointed,2
detlef,2
consideration,2
areas,2
wie,2
wehler,2
inherently,2
pattern,2
puritan,2
took,2
model,2
lehmann,2
dorothy,2
less,2
answer,2
necessary,2
perhaps,2
eds,2
discourses,2
mythic,2
discussion,2
considering,2
craig,2
historiographien,2
identity,2
histor,2
assume,2
products,2
ethnic,2
processes,2
fer,2
students,2
open,2
reality,2
emphasizing,2
points,2
dents,2
osterhammel,2
diasporas,2
ge,2
distinction,2
hrung,2
preservation,2
frankreich,2
enlightenment,2
nationality,2
k,2
textbooks,2
often,2
britain,2
effect,2
capitalism,2
equivalent,2
corps,2
immigration,2
entanglement,2
transnation,2
toynbee,2
shalini,2
independent,2
george,2
movements,2
foreign,2
hill,2
ecumenism,2
nexus,2
slow,2
contrast,2
army,2
force,2
philosophy,2
civili,2
dietrich,2
introductory,2
methods,2
settlement,2
respect,2
dirlik,2
stable,2
sections,2
then,2
considered,2
hanging,2
mann,2
constituted,2
continues,2
eng,2
bush,2
inferiority,2
precise,2
totality,2
vergleich,2
welt,2
set,2
kumene,2
migration,2
different,2
geschichts,2
domestic,2
inquiry,2
ideological,2
er,2
ethnically,2
investigation,2
theory,2
woodward,2
imperial,2
information,2
kulturgeschichte,2
emphasis,2
freedom,2
recognition,2
met,2
conclude,2
city,2
despite,2
pre,2
became,2
african,2
intended,2
kulturwissenschaften,2
programs,2
families,2
historiker,2
wholes,2
argument,2
vann,2
deutschland,2
paradigm,2
web,2
aware,2
include,2
integrated,2
define,2
d,2
transcending,2
endeavors,2
assumed,2
close,2
scholarship,2
inasmuch,2
era,2
views,2
exclusively,2
arnold,2
otto,2
major,2
nificance,1
jeopardized,1
ments,1
founding,1
hofmeyr,1
donations,1
individuelle,1
freyer,1
undergraduate,1
forceful,1
mostly,1
produces,1
o,1
paralleled,1
owes,1
krug,1
polish,1
perspek,1
ethics,1
memorials,1
responds,1
commentary,1
privately,1
keller,1
prize,1
deepen,1
historiques,1
separated,1
feld,1
represent,1
dangers,1
culminated,1
morphologie,1
personnel,1
globale,1
extend,1
college,1
meye,1
quent,1
alone,1
empirical,1
clio,1
nato,1
mar,1
compensated,1
federation,1
yond,1
berlin,1
venturesome,1
disconnect,1
becoming,1
needed,1
belts,1
larly,1
burton,1
complex,1
replaced,1
chi,1
bor,1
offerings,1
fed,1
mobility,1
identify,1
designed,1
word,1
referring,1
second,1
live,1
postkoloniale,1
contextualization,1
sets,1
investigating,1
di,1
approaches,1
safekeep,1
westernization,1
apologia,1
jonathan,1
favor,1
satisfied,1
ordained,1
ideals,1
overlook,1
devices,1
character,1
stefan,1
unlike,1
cornell,1
something,1
legungen,1
arguing,1
distilled,1
permitted,1
women,1
par,1
test,1
experience,1
congress,1
indexes,1
diffusion,1
personae,1
consistent,1
inces,1
romance,1
either,1
morton,1
explaining,1
familiarity,1
wrong,1
revisited,1
embraced,1
dicte,1
creation,1
connection,1
universalism,1
production,1
roxann,1
interests,1
originally,1
path,1
togo,1
evolution,1
give,1
attempts,1
class,1
luminously,1
rapid,1
lutz,1
wolle,1
pluralist,1
stretch,1
england,1
asia,1
words,1
definition,1
containing,1
possibilities,1
shaped,1
fulfills,1
explores,1
refugee,1
desire,1
great,1
thank,1
tautological,1
derts,1
normative,1
enrolled,1
scholar,1
subdiscipline,1
able,1
government,1
reveal,1
cohesion,1
religion,1
herausforderung,1
carnegie,1
evolving,1
help,1
achieved,1
integrate,1
togeth,1
skowronek,1
tiven,1
abendlandes,1
greatly,1
precisely,1
valorization,1
raised,1
opposite,1
ber,1
discipline,1
reading,1
pertains,1
committed,1
hostile,1
immi,1
notion,1
racial,1
designs,1
seminar,1
explosive,1
system,1
british,1
takes,1
inseparable,1
advocates,1
dissemination,1
existence,1
suspect,1
devoutness,1
badly,1
inquire,1
promulgated,1
inadequate,1
clusively,1
capacity,1
primary,1
disseminated,1
design,1
zur,1
account,1
anticipation,1
baum,1
replacement,1
prior,1
implies,1
marked,1
subaltern,1
verflechtung,1
establishing,1
adopting,1
erased,1
foreigners,1
reaction,1
insight,1
richard,1
obvious,1
apart,1
combination,1
say,1
adoption,1
supervision,1
far,1
ideologically,1
household,1
geschichtsden,1
ders,1
apply,1
reconstruction,1
resembling,1
monly,1
himself,1
financed,1
uninterested,1
globalized,1
formula,1
frankel,1
liberalismus,1
achille,1
einf,1
hegel,1
mainstream,1
diversity,1
swaths,1
framework,1
goal,1
comprehensive,1
ty,1
subsume,1
singularity,1
per,1
plato,1
responded,1
cluded,1
surely,1
massachu,1
ismus,1
trustees,1
weakened,1
component,1
proportionate,1
neighbor,1
quality,1
lammert,1
unconnected,1
mores,1
sustain,1
sensitized,1
hierarchy,1
sozialund,1
de,1
paradoxically,1
struggles,1
sozialgeschichte,1
interchangeably,1
hawaii,1
afford,1
interpret,1
application,1
jr,1
ference,1
insisted,1
realization,1
preparation,1
rooted,1
opportu,1
bachelors,1
learning,1
achievements,1
unity,1
adjustment,1
elements,1
old,1
speculative,1
pathbreaking,1
bay,1
times,1
depend,1
back,1
body,1
response,1
iantyrrell,1
extraordinary,1
inclusion,1
young,1
races,1
served,1
tionality,1
suitable,1
cization,1
diplomatic,1
compared,1
ally,1
zweiten,1
enlightened,1
publications,1
vanish,1
oftmpire,1
profit,1
waller,1
designating,1
universalistic,1
explore,1
student,1
mankind,1
pasts,1
loria,1
apparently,1
tgart,1
postkolonialit,1
traditions,1
correctness,1
tran,1
repudiated,1
leadership,1
robin,1
amerikanische,1
enrich,1
acknowledge,1
implementation,1
catastrophe,1
ica,1
react,1
cused,1
focused,1
revitalize,1
newer,1
longing,1
phases,1
exten,1
aim,1
henri,1
deemphasized,1
bahl,1
historismuskritik,1
oxford,1
saldern,1
colin,1
adequate,1
saxon,1
expected,1
exact,1
programmatic,1
multifarious,1
english,1
transatlantische,1
links,1
bring,1
federal,1
ements,1
inwardness,1
developed,1
kanischen,1
shy,1
debated,1
riere,1
wissenschaft,1
aggressive,1
possession,1
affairs,1
basic,1
en,1
culminating,1
zierer,1
subdivision,1
trite,1
outward,1
granted,1
earlier,1
persistent,1
katastrophenerfahrungen,1
ex,1
interwar,1
cago,1
georg,1
importance,1
ethnicities,1
recently,1
institutionalized,1
pages,1
special,1
historismus,1
danger,1
believing,1
fred,1
uncertainties,1
feel,1
awareness,1
front,1
extremes,1
valuation,1
ordeal,1
pessimism,1
relinquishment,1
understand,1
voluntarily,1
empires,1
provinces,1
gener,1
romantic,1
beitr,1
facilitated,1
visas,1
immigrant,1
marks,1
tensions,1
consider,1
counterposing,1
benefits,1
image,1
evolved,1
bit,1
internationale,1
linked,1
wealth,1
artificial,1
director,1
typifies,1
realities,1
numbers,1
impact,1
objectivity,1
welfare,1
articulated,1
additive,1
morph,1
compromises,1
frag,1
shrinking,1
advancing,1
umbrella,1
four,1
misconceptions,1
tuskegee,1
initiative,1
historikerkongresse,1
preponderance,1
zimmerman,1
schaftsgeschichte,1
ques,1
albuquerque,1
continual,1
encouragement,1
connecting,1
peru,1
isolation,1
followed,1
defines,1
comparisons,1
bancroft,1
stark,1
sentiment,1
requires,1
posal,1
vergleichenden,1
mo,1
helped,1
unfathomably,1
strategy,1
noto,1
suggested,1
tze,1
mer,1
fluid,1
regulatory,1
assessments,1
bureaucracy,1
aliens,1
declarations,1
opening,1
sive,1
entwicklung,1
legislative,1
buzzword,1
pluralized,1
multiculturalism,1
based,1
lead,1
whom,1
participants,1
ga,1
aftermath,1
questioned,1
arrival,1
societies,1
route,1
meyerowitz,1
conservative,1
color,1
nagging,1
recognize,1
deal,1
demands,1
intellectuals,1
circa,1
facilitate,1
pass,1
zone,1
globalgeschichte,1
eu,1
amer,1
fo,1
initial,1
negation,1
attained,1
arrogance,1
situation,1
circulation,1
left,1
sword,1
ger,1
lose,1
prompt,1
occupation,1
irony,1
eased,1
hartmann,1
durham,1
effective,1
posited,1
approv,1
zwischen,1
michigan,1
career,1
tools,1
viewed,1
produced,1
excellent,1
vivid,1
safe,1
dan,1
patent,1
refuge,1
dwelling,1
approached,1
required,1
conferences,1
valorize,1
taught,1
find,1
wide,1
tially,1
influenced,1
shape,1
sites,1
tack,1
colonies,1
provincial,1
nition,1
having,1
basis,1
degrees,1
line,1
correctly,1
literature,1
probably,1
paradigmatic,1
innovationen,1
justice,1
waechter,1
ponents,1
responding,1
strict,1
ideal,1
mented,1
reader,1
prominent,1
brought,1
fosters,1
mension,1
characterization,1
discusses,1
wellsprings,1
denial,1
curriculum,1
inevitability,1
data,1
thoughts,1
eva,1
caught,1
criticized,1
reminded,1
mmen,1
grants,1
discussions,1
refined,1
policies,1
expansive,1
rez,1
broad,1
collective,1
constitute,1
baumwolle,1
people,1
johann,1
formerly,1
surpass,1
subse,1
neue,1
lanham,1
dispo,1
call,1
petersson,1
kelley,1
justification,1
reflect,1
accord,1
institution,1
cans,1
kritik,1
entails,1
terly,1
tte,1
capacities,1
wil,1
indianapolis,1
alan,1
president,1
status,1
industrialization,1
polity,1
refuse,1
ttin,1
depicting,1
aided,1
intellec,1
creating,1
lipset,1
solution,1
closing,1
pluralism,1
commerce,1
successful,1
glob,1
working,1
sweep,1
diminish,1
parrington,1
hardly,1
decentered,1
involve,1
hired,1
politically,1
multitude,1
seymour,1
insecurities,1
provinzialisieren,1
immigrate,1
phrase,1
plex,1
liam,1
claim,1
institutionalisierung,1
emerging,1
departmentalization,1
around,1
inextricably,1
berg,1
small,1
westliches,1
several,1
endowed,1
ropean,1
majestic,1
revealing,1
routine,1
governments,1
acts,1
supposedly,1
massachusetts,1
bew,1
latest,1
boundaries,1
diversified,1
impossible,1
philip,1
germans,1
umrisse,1
dedicated,1
caesuras,1
annual,1
bursting,1
inability,1
interpreta,1
majority,1
hayden,1
morey,1
pa,1
paid,1
using,1
gunboat,1
bara,1
performing,1
regulating,1
value,1
compels,1
inform,1
humanistic,1
rest,1
discontents,1
institu,1
exclusive,1
activities,1
setts,1
jeffrey,1
apparent,1
conceal,1
barbara,1
threatened,1
critical,1
approximated,1
republican,1
pilgrims,1
noteworthy,1
matter,1
contest,1
absence,1
contact,1
various,1
dispositions,1
audi,1
employ,1
compara,1
plenitude,1
nationalized,1
lynn,1
cabbalistic,1
short,1
predecessors,1
rights,1
play,1
bis,1
ternational,1
plans,1
notoriously,1
classic,1
postulation,1
commit,1
kulturelle,1
interdependence,1
constraints,1
vinay,1
plagues,1
illustrating,1
garden,1
domination,1
comments,1
experiences,1
standing,1
covert,1
amerikastudienlamerican,1
iel,1
confounded,1
southeast,1
single,1
supplier,1
gilbert,1
lfte,1
guide,1
eral,1
inception,1
historicize,1
gress,1
archiv,1
geschichtskonzepte,1
repressive,1
marginal,1
paradox,1
emigrants,1
serve,1
geschichten,1
professionalized,1
counterparts,1
schreiben,1
plu,1
ingly,1
challenged,1
canoniza,1
neither,1
ancient,1
palmer,1
europas,1
aufs,1
transformations,1
continents,1
baltimore,1
margarete,1
demonstrates,1
evades,1
beards,1
largest,1
wisconsin,1
einsch,1
odds,1
verwestlichung,1
destination,1
department,1
congresses,1
volunteers,1
noted,1
bar,1
opment,1
picture,1
volume,1
lack,1
endured,1
members,1
leader,1
lewis,1
museums,1
successfully,1
french,1
skill,1
rung,1
attacks,1
stronger,1
maier,1
stories,1
mark,1
consequence,1
responsibilities,1
put,1
added,1
projects,1
scends,1
banization,1
deutsche,1
analytical,1
dissertations,1
generational,1
fact,1
shows,1
ale,1
twenty,1
limit,1
villa,1
herder,1
tendenzen,1
wedded,1
appeared,1
documents,1
ought,1
matthias,1
regulation,1
choice,1
inevitably,1
time,1
als,1
educated,1
parting,1
ideology,1
larger,1
benninghaus,1
end,1
prioritize,1
remain,1
descended,1
ltnis,1
unsurprisingly,1
discussed,1
display,1
audiences,1
removal,1
external,1
germanic,1
forms,1
patterns,1
readers,1
hand,1
consciously,1
monographs,1
v,1
ralism,1
nity,1
remarkable,1
increases,1
ur,1
select,1
continuing,1
conceiving,1
florence,1
until,1
aufkl,1
colony,1
gabriele,1
rebuilding,1
hartmut,1
woman,1
native,1
progressivism,1
metropolitan,1
sung,1
distance,1
style,1
achievement,1
gives,1
instructive,1
graeser,1
locations,1
compete,1
chair,1
differentiation,1
gestions,1
nicole,1
levering,1
violent,1
monkkonen,1
bulletin,1
rothberg,1
fight,1
doubtful,1
minded,1
matrix,1
remote,1
zation,1
apt,1
exhibit,1
ence,1
diverse,1
extended,1
influences,1
spective,1
success,1
restrictions,1
treated,1
ethnicity,1
completed,1
upon,1
accompanying,1
uplift,1
trajectory,1
alization,1
including,1
reframed,1
depended,1
merge,1
jahrhun,1
individuality,1
louis,1
encouraged,1
top,1
entirely,1
asian,1
emphasize,1
dietmar,1
prov,1
reconstructing,1
collaborative,1
educating,1
comprehensively,1
kanischer,1
rare,1
tual,1
individuals,1
stay,1
trust,1
grandner,1
sitions,1
salaries,1
enlighten,1
delay,1
sozialer,1
relegated,1
dismissed,1
theories,1
optimistic,1
bellagio,1
initiatives,1
described,1
finally,1
versions,1
rejected,1
ties,1
inscribing,1
urbana,1
enlargement,1
heidelberg,1
moral,1
ansatz,1
institutionalization,1
ceasing,1
ah,1
soldiers,1
health,1
victory,1
gassert,1
advocacy,1
divisions,1
historicization,1
philipp,1
characterized,1
momentous,1
helpful,1
period,1
function,1
ofcotton,1
high,1
played,1
collected,1
serves,1
engle,1
administrative,1
contributed,1
proximity,1
epoch,1
black,1
standard,1
timore,1
presidential,1
instruction,1
dawley,1
men,1
overestimation,1
migrants,1
especially,1
stut,1
louisiana,1
internal,1
rowitz,1
promote,1
narrow,1
sight,1
confidently,1
grundlagenprobleme,1
pro,1
sig,1
teach,1
excluded,1
construction,1
structure,1
riously,1
internationalism,1
bal,1
sug,1
differ,1
cording,1
italy,1
tioning,1
corresponds,1
versus,1
haven,1
amateur,1
globality,1
isabel,1
positioning,1
quarterly,1
ago,1
particularist,1
sociopolitical,1
propose,1
congressional,1
attention,1
geteilte,1
antoinette,1
hunt,1
overlapping,1
vironment,1
genesis,1
implicitly,1
universi,1
rupted,1
asking,1
stage,1
withstood,1
speculate,1
luise,1
liberalism,1
christian,1
deck,1
imply,1
nihe,1
pres,1
africa,1
humanities,1
gram,1
hofstadter,1
secular,1
erd,1
popularity,1
figure,1
crucial,1
johns,1
naturally,1
geschichtsund,1
practical,1
theorien,1
bound,1
claimed,1
sociologies,1
reasonable,1
ironically,1
eller,1
lines,1
widespread,1
independence,1
referred,1
dimensions,1
sensitive,1
reason,1
colonizers,1
seen,1
transformed,1
uncompleted,1
translation,1
unterwegs,1
el,1
ofthe,1
circumstance,1
proposition,1
overlap,1
contribution,1
oexle,1
whereby,1
try,1
indicate,1
gegenwart,1
wilhelm,1
life,1
insecurity,1
worldliness,1
hi,1
quite,1
puritans,1
pires,1
achieve,1
impeded,1
surprising,1
epi,1
types,1
bayly,1
canonical,1
citizens,1
itself,1
mirror,1
grounded,1
verh,1
vigor,1
berger,1
transnationality,1
addressed,1
stephen,1
claims,1
school,1
ofthat,1
share,1
wars,1
sexes,1
contextualize,1
broke,1
exemplified,1
biography,1
merges,1
reverberated,1
locally,1
athens,1
demonstrate,1
kocka,1
ever,1
reinforced,1
wasserstrom,1
ridiculed,1
constructed,1
consensus,1
willingness,1
disguise,1
gerhard,1
contains,1
refigurations,1
symbol,1
neuen,1
offers,1
here,1
simi,1
prazniak,1
gran,1
ry,1
quickly,1
know,1
berkeley,1
dimension,1
natural,1
tribute,1
control,1
katz,1
sure,1
illuminate,1
interrupted,1
proponents,1
scientist,1
attribute,1
distinctions,1
sizes,1
rothermund,1
exploration,1
innovations,1
seem,1
best,1
unknown,1
down,1
slowly,1
epitomized,1
expense,1
emergence,1
intrusion,1
returns,1
foundation,1
iii,1
berlegungen,1
gregg,1
contradictory,1
transnationaler,1
debatte,1
rely,1
cautious,1
uphold,1
liberal,1
comit,1
cities,1
examining,1
aufbruch,1
engrained,1
free,1
ambivalent,1
kaiserreich,1
just,1
ethos,1
following,1
einem,1
dismissing,1
jacqueline,1
outlook,1
schichtswissenschaft,1
terpretation,1
scholarly,1
purchase,1
reproduce,1
postnational,1
award,1
transfers,1
unique,1
reactions,1
winthrop,1
professors,1
selected,1
form,1
reputations,1
involvement,1
lane,1
pertinent,1
noticeable,1
feb,1
proven,1
attitudes,1
defi,1
ttler,1
mere,1
ies,1
warn,1
ceased,1
supporter,1
adaptation,1
erweiterung,1
her,1
while,1
periphery,1
divinely,1
institute,1
pursued,1
divide,1
tives,1
produce,1
almost,1
suggests,1
dedication,1
gottfried,1
italian,1
lampooned,1
patrons,1
tzungen,1
art,1
popular,1
chy,1
intense,1
level,1
emergent,1
occasionally,1
nationalizing,1
modernizing,1
ill,1
thereby,1
attached,1
prerequisite,1
affecting,1
timely,1
untergang,1
postcoloniality,1
devel,1
methoden,1
poststructuralism,1
curtius,1
ken,1
ac,1
infamous,1
transition,1
disciplines,1
administration,1
step,1
territory,1
sion,1
substance,1
commodities,1
lesson,1
indebted,1
sizeable,1
colonial,1
challenges,1
credentials,1
mention,1
faculty,1
tions,1
hierar,1
remarks,1
historicizing,1
nov,1
named,1
eric,1
white,1
intercultural,1
promoted,1
nationalstaat,1
ultimately,1
krieg,1
models,1
zimmermann,1
carefully,1
amerikaner,1
zivile,1
unable,1
euro,1
difference,1
adelheid,1
generate,1
resist,1
autochthonous,1
initiated,1
intensified,1
frame,1
quasi,1
unease,1
ralee,1
newsletter,1
motives,1
diskurs,1
zations,1
berr,1
americas,1
detached,1
grown,1
resembled,1
shirley,1
jahrhundertwende,1
nonprofessional,1
gen,1
goggin,1
christina,1
integration,1
crossed,1
niels,1
konzeption,1
derive,1
forming,1
inequalities,1
puhle,1
organ,1
diaspora,1
modernisierung,1
testament,1
madison,1
roughly,1
postkolonialen,1
needs,1
settler,1
vi,1
offered,1
specific,1
conceptualizing,1
potential,1
ated,1
invited,1
certainty,1
seventeenth,1
gesell,1
deployment,1
ascendancy,1
succeeded,1
jahren,1
canonization,1
uncertainty,1
texts,1
embraces,1
bounds,1
majors,1
krisenbewusstsein,1
entire,1
abandoned,1
heir,1
immediately,1
kar,1
dif,1
observed,1
fers,1
cross,1
building,1
broader,1
alternative,1
proponent,1
fostering,1
built,1
hans,1
cited,1
occur,1
perception,1
werner,1
