WORDCOUNTS,WEIGHT
the,1108
of,710
in,617
and,492
to,312
poor,244
for,229
a,216
relief,188
elderly,186
that,171
on,167
p,147
unions,147
pauperism,145
per,142
aged,129
was,119
were,112
cent,108
pp,104
from,104
law,100
by,89
or,85
than,78
economic,77
is,76
are,75
those,73
history,72
as,72
age,69
over,69
rates,66
paupers,65
booth,64
share,61
not,60
old,58
had,58
with,57
s,56
population,56
data,53
workers,52
england,51
rural,51
society,49
persons,48
who,47
some,45
received,45
london,43
number,43
commission,42
their,40
it,39
outdoor,39
poverty,38
royal,37
assistance,37
more,37
an,37
other,36
rate,35
relieved,35
at,34
benefits,34
savings,33
workhouses,33
wages,32
trade,32
among,32
workhouse,31
table,31
be,31
north,31
large,30
review,30
receiving,30
charity,30
this,30
all,29
wage,29
earnings,28
union,28
r,28
see,28
report,28
increased,28
they,27
differences,27
medical,27
decline,27
south,27
but,27
pension,27
effect,27
only,26
males,26
friendly,25
weekly,25
after,25
pensions,25
there,24
these,24
we,24
urban,24
boyer,23
relatives,23
which,23
living,23
average,23
english,22
estimates,22
count,22
local,22
agricultural,22
support,21
societies,21
work,21
regional,21
ibid,21
northern,21
have,21
mackinnon,20
older,20
industrial,20
members,20
many,20
less,20
regressions,20
weeks,19
two,19
income,19
increase,19
did,19
maintained,19
government,18
east,18
vol,18
year,18
during,18
working,18
led,18
high,18
while,18
duration,18
sources,17
state,17
across,17
most,17
southern,17
george,17
given,17
one,16
timothy,16
century,16
found,16
however,16
schmidle,16
evidence,16
administration,16
years,16
ii,15
able,15
people,15
also,15
period,15
johnson,15
reported,15
estimated,14
higher,14
females,14
victorian,14
wales,14
xiv,14
week,14
return,14
about,14
would,14
provide,14
board,14
indoor,14
much,14
policy,13
into,13
total,13
thus,13
b,13
welfare,13
contemporaries,13
retirement,13
saving,13
results,13
britain,13
qq,13
hunt,13
employment,13
themselves,13
character,13
incomes,13
our,13
between,13
if,12
nineteenth,12
lower,12
regression,12
deterrent,12
even,12
no,12
numbers,12
density,12
statistics,12
paid,12
spending,12
labour,12
concluded,12
crowded,12
very,12
role,12
offered,12
before,11
real,11
whose,11
mean,11
equal,11
districts,11
because,11
social,11
small,11
located,11
opportunities,11
day,11
use,11
low,11
been,11
c,11
early,11
likely,10
available,10
help,10
variations,10
similar,10
m,10
result,10
late,10
level,10
several,10
he,10
time,10
enough,10
half,10
benefit,10
march,10
accounts,10
extent,10
when,10
manufacturing,10
should,10
might,9
j,9
little,9
estimate,9
declined,9
rateable,9
midlands,9
unemployment,9
explain,9
few,9
value,9
nearly,9
included,9
towns,9
children,9
new,9
three,9
played,9
class,9
often,9
constant,9
membership,9
ritchie,9
capita,9
information,9
both,9
through,9
varied,9
offer,9
although,9
greater,8
committee,8
great,8
xv,8
spender,8
minus,8
journal,8
act,8
decades,8
burt,8
residential,8
outside,8
test,8
below,8
majority,8
financial,8
smith,8
longer,8
contends,8
ages,8
do,8
remained,8
thomson,8
made,8
food,8
variables,8
can,8
note,8
months,8
variable,8
each,8
deserving,8
person,8
them,8
recipients,8
webb,8
sickness,8
cambridge,8
measure,8
major,8
columns,7
being,7
laws,7
adult,7
his,7
elasticity,7
earlier,7
crusade,7
n,7
standards,7
thane,7
significantly,7
part,7
whole,7
annual,7
second,7
positive,7
williams,7
stated,7
fact,7
necessary,7
another,7
private,7
ageing,7
characterized,7
men,7
mining,7
assisting,7
continued,7
macnicol,7
analysis,7
manual,7
column,7
digby,7
iii,7
idem,7
adults,7
form,7
presented,7
despite,7
conditions,7
testified,7
e,6
adoption,6
h,6
different,6
i,6
british,6
historians,6
agriculture,6
account,6
possible,6
politics,6
point,6
apply,6
due,6
relatively,6
turn,6
oxford,6
outrelief,6
town,6
l,6
stricter,6
study,6
moreover,6
means,6
four,6
app,6
couple,6
own,6
either,6
quite,6
provided,6
above,6
percentage,6
official,6
independent,6
others,6
growth,6
larger,6
man,6
increases,6
classes,6
casual,6
labourers,6
eligible,6
maintenance,6
standard,6
especially,6
charles,6
probably,6
parish,6
applicants,6
then,6
ratio,6
associated,6
what,6
combined,6
suggests,6
d,6
acre,5
determine,5
largely,5
first,5
vols,5
system,5
king,5
minimum,5
historical,5
throughout,5
against,5
forced,5
compared,5
shipping,5
eight,5
argued,5
show,5
important,5
friends,5
based,5
could,5
out,5
base,5
rent,5
younger,5
its,5
used,5
gave,5
has,5
employed,5
regions,5
least,5
caused,5
order,5
sharp,5
insurance,5
bank,5
chamberlain,5
structured,5
therefore,5
still,5
relied,5
under,5
tax,5
dummies,5
ed,5
shows,5
lack,5
areas,5
where,5
spell,5
region,5
including,5
entirely,5
assume,5
national,5
rowntree,5
so,5
mainly,5
availability,5
january,5
save,5
male,5
life,5
existed,5
cols,5
quantitative,5
set,5
country,5
job,5
section,5
nominal,5
interval,5
sundries,5
balances,5
unable,5
include,5
effects,5
difficult,4
does,4
ending,4
groups,4
generous,4
distress,4
needed,4
studies,4
superannuation,4
source,4
women,4
negative,4
t,4
provision,4
taken,4
individuals,4
greatly,4
calculated,4
enter,4
includes,4
such,4
g,4
lxviii,4
better,4
keep,4
amount,4
highest,4
find,4
gilbert,4
stigma,4
pauper,4
thrift,4
changes,4
metropolis,4
sick,4
feinstein,4
cost,4
permanent,4
census,4
worker,4
northerners,4
example,4
minority,4
q,4
refuse,4
errors,4
officials,4
suggest,4
panel,4
things,4
os,4
dependent,4
using,4
reduced,4
indeed,4
make,4
examined,4
earned,4
home,4
same,4
again,4
put,4
idea,4
hand,4
jobs,4
eds,4
upon,4
causes,4
evolution,4
kingdom,4
continue,4
optimistic,4
times,4
change,4
like,4
excluded,4
versus,4
farm,4
fairly,4
detailed,4
force,4
united,4
measured,4
centuries,4
any,4
known,4
precise,4
assumed,4
particularly,4
past,4
agreed,4
categories,4
size,4
ill,4
spells,4
bowley,4
finally,4
typically,4
strong,4
now,3
indicated,3
liii,3
view,3
minutes,3
becoming,3
determinant,3
expenditure,3
presents,3
charitable,3
various,3
townsend,3
stressed,3
subsist,3
long,3
worked,3
nature,3
political,3
somewhat,3
tab,3
rolls,3
west,3
combination,3
x,3
along,3
regarding,3
married,3
provident,3
since,3
ability,3
lancashire,3
afford,3
sample,3
kind,3
nor,3
single,3
adequate,3
york,3
without,3
rather,3
observers,3
levels,3
parents,3
granted,3
proportion,3
importance,3
enabled,3
offering,3
parentheses,3
occupational,3
clearly,3
sum,3
house,3
organisation,3
contention,3
whom,3
typical,3
cannot,3
public,3
participation,3
literature,3
future,3
loch,3
winter,3
allotments,3
attributed,3
good,3
contrast,3
sixty,3
manchester,3
up,3
st,3
rest,3
will,3
demand,3
crowding,3
movement,3
surveyed,3
once,3
housing,3
parishes,3
sharply,3
al,3
noted,3
declining,3
testimony,3
death,3
pressure,3
witnesses,3
present,3
seventeenth,3
perhaps,3
gives,3
discussion,3
significant,3
virtually,3
trend,3
full,3
improvements,3
safety,3
august,3
divisions,3
receipt,3
counted,3
latter,3
why,3
article,3
k,3
departmental,3
slightly,3
aid,3
five,3
reasonable,3
select,3
excluding,3
inadequate,3
length,3
insecurity,3
fall,3
get,3
case,3
joseph,3
ism,3
circumstances,3
alternative,3
refused,3
paper,3
expenditures,3
nets,3
down,3
rochdale,3
examining,3
turned,3
according,3
economy,3
whether,3
rose,3
balance,3
went,3
southerners,3
obtain,3
question,3
finding,3
twentieth,3
accept,3
smaller,3
exceeding,3
regular,3
defined,3
roughly,3
third,3
overcrowding,3
sectors,3
counts,3
willing,3
col,3
xxv,3
mostly,2
o,2
xxxvi,2
agedpoor,2
representing,2
later,2
tion,2
market,2
measures,2
sphere,2
group,2
perism,2
mobility,2
ways,2
strictly,2
conjectures,2
modern,2
lindert,2
pau,2
occurred,2
equations,2
experience,2
submitted,2
every,2
attempts,2
rapid,2
capital,2
seems,2
words,2
assertion,2
reasons,2
scheme,2
concludes,2
take,2
deemed,2
differential,2
lees,2
mr,2
gifts,2
welsh,2
context,2
crowther,2
generosity,2
mass,2
determined,2
marked,2
condition,2
except,2
july,2
bottom,2
exist,2
labor,2
million,2
dependence,2
tables,2
september,2
neighbours,2
adopted,2
mccord,2
grouped,2
pay,2
ransom,2
six,2
houses,2
olds,2
look,2
stagnation,2
descriptive,2
jones,2
poorly,2
may,2
surprisingly,2
interesting,2
commissioners,2
purely,2
main,2
district,2
how,2
remain,2
parts,2
assuming,2
extremes,2
reason,2
lives,2
downward,2
category,2
statistical,2
expectancy,2
impact,2
listed,2
additional,2
position,2
instance,2
restriction,2
odd,2
dependency,2
came,2
lead,2
seven,2
owen,2
percentages,2
receive,2
skilled,2
viewed,2
excellent,2
grounds,2
industrious,2
aging,2
provincial,2
having,2
pugh,2
line,2
los,2
revealed,2
gender,2
ten,2
brabrook,2
policies,2
falling,2
earn,2
destitution,2
outdoors,2
rise,2
solidarities,2
towards,2
prices,2
strict,2
hatton,2
lowest,2
guardians,2
repeated,2
mitchell,2
sufficient,2
attached,2
kefitz,2
peculiar,2
schoen,2
sutch,2
proxy,2
populations,2
seventh,2
wrote,2
overall,2
agricul,2
forward,2
exception,2
reduce,2
surviving,2
exceeded,2
misuse,2
hugh,2
represents,2
clothing,2
costs,2
insights,2
reports,2
reliance,2
useful,2
administrators,2
power,2
reporting,2
similarly,2
experienced,2
abstract,2
viii,2
forms,2
never,2
v,2
centre,2
riley,2
woman,2
wood,2
free,2
sir,2
original,2
vast,2
averaged,2
eighteenth,2
limitations,2
previously,2
sufficiently,2
encouraged,2
resulting,2
pleasure,2
previous,2
office,2
deskilling,2
explorations,2
authors,2
resorts,2
abolished,2
collected,2
households,2
last,2
provides,2
construct,2
retire,2
comparing,2
problems,2
date,2
methods,2
preston,2
structure,2
relative,2
quarter,2
examines,2
separate,2
increasing,2
carried,2
relationship,2
sometimes,2
begin,2
slow,2
independence,2
began,2
remaining,2
exclude,2
dead,2
quadagno,2
outcast,2
believed,2
conclusion,2
simply,2
constructed,2
quotes,2
pt,2
here,2
couples,2
control,2
readily,2
finance,2
albeit,2
best,2
appendix,2
post,2
edwardian,2
iv,2
type,2
survivors,2
making,2
maintain,2
undeserving,2
distribution,2
supplemented,2
consisting,2
her,2
middle,2
burden,2
introduced,2
city,2
strangers,2
prevalent,2
andwales,2
respectable,2
underestimate,2
families,2
goose,2
definitions,2
jan,2
shown,2
until,2
argument,2
difference,2
notes,2
clubs,2
xxxix,2
meagre,2
gen,2
prosperity,2
attempted,2
off,2
ranged,2
coefficient,2
removed,2
inrelief,2
partial,2
create,2
entire,2
recent,2
occur,2
countryside,1
baldwyn,1
ments,1
go,1
done,1
common,1
way,1
curtailed,1
wantage,1
depen,1
differentials,1
praised,1
snapshot,1
career,1
administered,1
affected,1
extreme,1
fleming,1
alone,1
informa,1
distributed,1
webbs,1
expect,1
forcing,1
reflection,1
conducted,1
unsatisfactory,1
approved,1
systematically,1
provisions,1
birmingham,1
prime,1
sheffield,1
ma,1
formed,1
live,1
middlesbor,1
true,1
respectability,1
fault,1
blameless,1
former,1
undertaken,1
fixed,1
description,1
malden,1
cornell,1
assisted,1
onset,1
garsington,1
migration,1
qualification,1
canvassed,1
leads,1
said,1
member,1
programmes,1
smiles,1
defects,1
suburbs,1
creation,1
connection,1
trustee,1
finger,1
exaggerated,1
originally,1
implications,1
attempt,1
secretary,1
assist,1
compositors,1
chemicals,1
book,1
tradition,1
twenty,1
agrarian,1
broken,1
together,1
thank,1
follows,1
quintessential,1
closer,1
created,1
room,1
survey,1
ough,1
improved,1
authori,1
improving,1
cheshire,1
thriftiness,1
sokoloff,1
blackwell,1
principal,1
indoors,1
decreased,1
declines,1
regressed,1
within,1
leunig,1
deteriorated,1
obviate,1
reconsidered,1
depends,1
growing,1
paying,1
issue,1
est,1
con,1
occasional,1
depending,1
governmental,1
slowing,1
existence,1
forthcoming,1
eastern,1
money,1
revieew,1
continuum,1
severe,1
expenses,1
america,1
draw,1
right,1
victims,1
changed,1
gardens,1
upward,1
bricklayers,1
reaction,1
mutual,1
alter,1
move,1
richard,1
countered,1
apart,1
combine,1
far,1
uncertain,1
cumberland,1
liberal,1
anticipated,1
undoubtedly,1
sign,1
londoners,1
doctors,1
optimism,1
human,1
pen,1
whiston,1
cluded,1
xlvii,1
explained,1
peculiarities,1
development,1
seventy,1
run,1
contempo,1
riot,1
sunderland,1
health,1
amounts,1
bonfield,1
scarce,1
regarded,1
distri,1
price,1
pig,1
extensively,1
expected,1
admitted,1
understates,1
cases,1
distinct,1
immigrants,1
lax,1
perspective,1
bution,1
serving,1
inclusion,1
wholly,1
club,1
pauperized,1
guardian,1
applying,1
labouring,1
effective,1
twice,1
witnessed,1
employers,1
publications,1
compare,1
weight,1
revised,1
drawn,1
geographically,1
corrected,1
pos,1
spasmodic,1
general,1
cooperative,1
reformers,1
unmeasured,1
restricting,1
coal,1
unskilled,1
join,1
focused,1
deplorable,1
aristocracy,1
ued,1
vigour,1
premiums,1
opposed,1
acter,1
overestimated,1
evinced,1
ably,1
favourably,1
hopes,1
overly,1
deirdre,1
contin,1
impetus,1
notion,1
calculation,1
subsistence,1
represented,1
determining,1
probability,1
supplement,1
certain,1
magnet,1
dissenting,1
hardships,1
appraises,1
echoed,1
factors,1
supposed,1
divided,1
addressing,1
wash,1
rising,1
straits,1
funeral,1
brixworth,1
bad,1
plus,1
university,1
consider,1
improvement,1
organized,1
coefficients,1
proved,1
elsewhere,1
just,1
mary,1
decade,1
unemployed,1
weak,1
ignorance,1
anuary,1
w,1
prevent,1
totaled,1
communities,1
commented,1
origins,1
hertfordshire,1
derby,1
followed,1
cotton,1
refuge,1
fre,1
poplar,1
feeble,1
care,1
helped,1
footnote,1
italics,1
widow,1
adop,1
tunities,1
logarithms,1
hours,1
uses,1
tural,1
histories,1
medicine,1
rule,1
called,1
strength,1
young,1
lived,1
economics,1
shared,1
criticisms,1
portsmouth,1
captured,1
fuel,1
representative,1
pre,1
term,1
durham,1
adopt,1
rejected,1
raries,1
hemsworth,1
treat,1
burial,1
appears,1
recently,1
ooos,1
reinforce,1
meet,1
suffered,1
applied,1
scale,1
priva,1
woodbridge,1
wealth,1
metals,1
perform,1
counties,1
facilities,1
acceleration,1
wide,1
disqualification,1
neighbourliness,1
tant,1
briefly,1
coped,1
improve,1
char,1
well,1
gained,1
none,1
franchise,1
liable,1
penurious,1
fraser,1
preferred,1
nine,1
sept,1
quently,1
reduction,1
related,1
thoughts,1
got,1
dividing,1
loss,1
place,1
blackly,1
issues,1
calculating,1
actually,1
speaking,1
somewhere,1
mated,1
cat,1
wrightson,1
achieving,1
operative,1
president,1
sions,1
famine,1
concurrent,1
strongest,1
fulham,1
supported,1
norfolk,1
occa,1
hardship,1
solution,1
hard,1
retired,1
wards,1
adequacy,1
bath,1
family,1
june,1
highly,1
ls,1
grow,1
transfer,1
stanley,1
iron,1
research,1
essentially,1
workforce,1
oppor,1
parliament,1
fully,1
generally,1
dropping,1
altogether,1
finds,1
dency,1
heyday,1
stalybridge,1
geographical,1
impor,1
culminate,1
periods,1
midpoint,1
f,1
testifying,1
noteworthy,1
annum,1
reductions,1
inhabitants,1
absence,1
myriad,1
exhaust,1
boards,1
demoralizing,1
shields,1
short,1
relieving,1
thrifty,1
limited,1
schemes,1
brief,1
merits,1
female,1
constraints,1
deviation,1
denominator,1
community,1
latevictorian,1
slower,1
indicates,1
comments,1
experiences,1
standing,1
infirm,1
qualms,1
ineligible,1
engineering,1
poraries,1
guide,1
calculate,1
competition,1
criticism,1
widows,1
pressuring,1
reference,1
americans,1
dential,1
rules,1
accident,1
emigrants,1
charities,1
counterparts,1
sex,1
continuity,1
upwards,1
pensioners,1
easing,1
neither,1
temperate,1
glance,1
demographic,1
salutary,1
arguments,1
mortality,1
property,1
light,1
culture,1
shifting,1
disqualified,1
baltimore,1
begins,1
disagreed,1
increasingly,1
truncated,1
payments,1
picture,1
published,1
street,1
party,1
worst,1
needy,1
lewis,1
growingpublic,1
destitute,1
multiplying,1
nys,1
stronger,1
humanitarian,1
fell,1
mark,1
underesti,1
preferences,1
europe,1
addition,1
tailoring,1
efforts,1
negatively,1
leading,1
ailing,1
unionism,1
limit,1
fundamental,1
aldershot,1
conduct,1
occupations,1
appeared,1
exclusion,1
unionists,1
regulation,1
break,1
personal,1
clause,1
end,1
contemporary,1
doubt,1
donajgrodzki,1
considerable,1
seldom,1
discussed,1
bradford,1
fear,1
docks,1
conclusions,1
took,1
riding,1
hopelessness,1
pancras,1
enquiring,1
road,1
philanthropy,1
existing,1
accepted,1
theless,1
surprises,1
tures,1
thriftless,1
por,1
native,1
belief,1
metropolitan,1
compelled,1
cul,1
coined,1
streets,1
entitlement,1
degree,1
camberwell,1
doubled,1
empirically,1
aggregation,1
lasting,1
greatest,1
vagrancy,1
memoranda,1
explanation,1
values,1
helps,1
endowment,1
deposits,1
distinctly,1
depended,1
oqos,1
trends,1
tenance,1
findings,1
empirical,1
unfortunately,1
intermittent,1
unfair,1
assumption,1
unfavourably,1
affects,1
morality,1
yorkshire,1
underestimates,1
actual,1
engineers,1
maintains,1
canon,1
nothing,1
sible,1
bodied,1
dummy,1
lessened,1
shelter,1
described,1
vii,1
genevi,1
ties,1
maintenanceforpersons,1
reward,1
frustrated,1
accounted,1
blankets,1
objection,1
contend,1
co,1
eve,1
individual,1
allowed,1
sliding,1
tim,1
spread,1
shipbuilders,1
summer,1
analysing,1
obtained,1
adequately,1
spent,1
resi,1
ture,1
margin,1
understate,1
chapel,1
constructing,1
references,1
practicable,1
trades,1
recommending,1
ate,1
attracted,1
figures,1
institution,1
westmorland,1
remarkable,1
hope,1
irresponsible,1
immigration,1
division,1
leeds,1
ethic,1
accepting,1
yields,1
speculate,1
supplements,1
groupings,1
median,1
publishing,1
bulk,1
chance,1
quist,1
husband,1
ridings,1
impressive,1
testing,1
claimed,1
rough,1
prudent,1
fewer,1
insufficient,1
patients,1
institutions,1
referred,1
determination,1
overlap,1
indicate,1
pontypridd,1
antiquity,1
neighbourhood,1
penuriousness,1
construction,1
achieve,1
surprising,1
harshly,1
endure,1
ing,1
types,1
exists,1
sympathy,1
examine,1
egories,1
detail,1
claims,1
magnitude,1
erous,1
barest,1
series,1
version,1
ve,1
predictions,1
extensive,1
steel,1
officially,1
determinants,1
extension,1
subsidized,1
sceptical,1
besides,1
prob,1
doi,1
text,1
compensation,1
offers,1
ran,1
adminis,1
overestimate,1
tration,1
eltis,1
cultures,1
zamagni,1
relieve,1
referees,1
leaders,1
lincolnshire,1
argue,1
northumberland,1
universal,1
current,1
regard,1
returns,1
frome,1
eventually,1
hospital,1
decile,1
collins,1
wilkinson,1
workingmen,1
longstanding,1
build,1
associations,1
cities,1
differed,1
going,1
february,1
absolutely,1
respect,1
places,1
proxies,1
charged,1
following,1
unlikely,1
explanations,1
commis,1
mccloskey,1
migratory,1
supports,1
varying,1
inyork,1
quote,1
nearby,1
saviour,1
add,1
sents,1
attitudes,1
seasonal,1
passed,1
remove,1
bradfield,1
require,1
yield,1
too,1
severn,1
upper,1
bought,1
alterations,1
inspector,1
doles,1
conclude,1
erally,1
confirm,1
intended,1
preached,1
returning,1
step,1
cash,1
everywhere,1
sion,1
conversely,1
ever,1
qualitative,1
phenomenon,1
world,1
writing,1
amalgamated,1
behaved,1
categorization,1
friday,1
tions,1
devoted,1
urbanization,1
prescot,1
halving,1
samuel,1
course,1
joined,1
instead,1
sional,1
land,1
enabling,1
usa,1
need,1
manufacture,1
opinions,1
brighton,1
boilermakers,1
colleagues,1
programme,1
plentiful,1
area,1
extremely,1
remains,1
financially,1
thoughtlessness,1
anonymous,1
mounting,1
engerman,1
removing,1
doubling,1
vary,1
debate,1
views,1
maximum,1
scholliers,1
substantial,1
surveys,1
censuses,1
uk,1
seek,1
prison,1
employer,1
building,1
arithmetic,1
close,1
draft,1
contem,1
hypothesis,1
