WORDCOUNTS,WEIGHT
the,707
in,383
of,358
and,322
to,241
a,194
alcan,183
s,133
its,98
company,81
for,81
by,69
was,68
aluminum,67
as,66
it,64
on,63
had,62
from,61
that,55
which,55
no,54
with,52
at,49
strategies,46
european,46
alcoa,44
were,40
anon,40
compass,39
more,38
strategy,37
this,37
an,36
also,35
mintzberg,35
aluminium,32
new,32
industry,31
europe,29
emergent,29
production,28
most,28
or,28
british,27
after,27
deliberate,27
percent,26
united,26
be,26
u,25
activities,24
during,23
time,23
see,23
pechiney,22
these,22
we,21
over,21
their,20
history,20
business,20
but,20
two,20
control,20
into,19
de,19
cailluet,19
co,19
global,19
became,19
market,18
first,18
government,18
kingdom,18
ludovic,18
world,18
kipping,18
matthias,17
companies,17
k,17
they,16
firm,16
operations,16
downstream,16
is,16
not,16
com,16
all,15
primary,15
international,15
limited,15
smelter,15
both,15
power,14
until,14
made,14
d,14
one,13
investments,13
i,13
within,13
capacity,13
than,13
cartel,13
his,13
important,13
alumina,13
energy,13
end,13
structure,13
countries,13
bauxite,13
are,13
have,13
canadian,13
davis,12
since,12
even,12
war,12
ingots,12
annual,12
products,12
canada,12
rolling,12
while,12
through,12
re,12
major,12
other,11
subsidiary,11
he,11
competition,11
management,11
ed,11
outside,11
period,11
can,11
been,11
who,11
share,11
following,11
our,11
france,11
between,11
rolled,10
case,10
producers,10
metals,10
order,10
ingot,10
merger,10
cartels,10
mission,10
under,10
same,10
largest,10
rio,10
would,10
states,10
continued,10
then,10
years,10
o,9
sources,9
ii,9
expansion,9
mill,9
montreal,9
campbell,9
g,9
tinto,9
en,9
changes,9
established,9
pany,9
part,9
partly,9
only,9
toward,9
external,9
took,9
spain,9
acquisitions,9
eventually,9
rta,9
terms,9
form,9
producer,9
former,8
thus,8
sheet,8
developed,8
study,8
gradually,8
norway,8
result,8
however,8
president,8
alliance,8
extrusion,8
oct,8
governments,8
when,8
f,8
economic,8
expanded,8
strategic,8
al,8
paris,8
aug,8
evolution,8
acquired,8
report,8
jan,8
baco,8
booth,8
decades,7
h,7
interests,7
leading,7
continuum,7
some,7
leadership,7
rather,7
process,7
bougie,7
metal,7
stock,7
tracking,7
well,7
forces,7
monopoly,7
subsequently,7
initially,7
j,7
us,7
v,7
including,7
ceo,7
plant,7
itself,7
environment,7
organization,7
organizational,7
country,7
technal,7
agreed,7
presented,7
fabricator,7
corporate,6
mergers,6
studies,6
henry,6
ltd,6
supply,6
tons,6
build,6
price,6
century,6
apr,6
influence,6
may,6
managers,6
l,6
interwar,6
packaging,6
changed,6
scale,6
scope,6
et,6
stage,6
small,6
june,6
up,6
once,6
cheap,6
stocking,6
growth,6
where,6
remained,6
own,6
sold,6
exchange,6
mining,6
become,6
sept,6
decision,6
foil,6
proposed,6
what,6
feb,6
conference,6
bought,6
nathanael,6
integration,6
c,6
early,6
ownership,6
built,6
valuminium,6
e,5
germany,5
group,5
merged,5
occurred,5
could,5
advantage,5
there,5
endasa,5
strat,5
mass,5
watkins,5
october,5
move,5
framework,5
regarding,5
development,5
interest,5
general,5
competitive,5
edward,5
certain,5
university,5
quebec,5
origins,5
out,5
initial,5
markets,5
late,5
stake,5
london,5
reduction,5
year,5
reynolds,5
prices,5
billion,5
cold,5
several,5
moved,5
ini,5
formally,5
smith,5
subsidiaries,5
nuclear,5
kaiser,5
significant,5
largely,5
operated,5
three,5
held,5
david,5
stages,5
aluminio,5
latter,5
internal,5
do,5
james,5
la,5
increasing,5
sometimes,5
five,5
dec,5
began,5
ing,5
con,5
paper,5
shares,5
different,5
chairman,5
namely,5
imposed,5
role,5
focus,5
cambridge,5
national,5
finally,5
integrated,5
shift,5
now,4
created,4
per,4
decentralized,4
complex,4
holding,4
chandler,4
morton,4
aircraft,4
take,4
help,4
system,4
has,4
vol,4
along,4
wallace,4
elton,4
little,4
forced,4
times,4
response,4
http,4
left,4
ment,4
industries,4
york,4
main,4
similar,4
b,4
upstream,4
support,4
developments,4
plants,4
beyond,4
cost,4
based,4
concentration,4
called,4
access,4
p,4
deal,4
acquiring,4
wales,4
january,4
sales,4
technical,4
r,4
imports,4
rogerstone,4
egy,4
least,4
alu,4
divestments,4
family,4
spanish,4
highly,4
research,4
will,4
located,4
constraints,4
july,4
decisions,4
oxford,4
participants,4
increasingly,4
leader,4
name,4
heritage,4
many,4
idea,4
choice,4
never,4
smelters,4
entity,4
ibid,4
previous,4
agreement,4
so,4
ap,4
article,4
pro,4
contracts,4
italy,4
independent,4
vision,4
parent,4
executive,4
construction,4
table,4
conclusion,4
here,4
domestic,4
historical,4
works,4
combined,4
whether,4
making,4
w,4
ac,4
step,4
went,4
nov,4
ores,4
although,4
association,4
increased,4
actions,4
invergordon,4
given,4
north,4
recent,4
broader,4
close,4
periods,3
about,3
common,3
profitability,3
large,3
birmingham,3
formed,3
di,3
position,3
riod,3
source,3
either,3
www,3
originally,3
secondary,3
antitrust,3
state,3
those,3
decreased,3
histoire,3
america,3
west,3
controlled,3
throughout,3
algroup,3
professor,3
num,3
adopted,3
learning,3
cases,3
perspective,3
drawn,3
journal,3
vice,3
details,3
jones,3
came,3
coal,3
german,3
divested,3
how,3
remain,3
opportunity,3
nos,3
acquisition,3
entry,3
organized,3
umbrella,3
delta,3
additional,3
mckinsey,3
back,3
faced,3
hot,3
union,3
geoffrey,3
cd,3
critically,3
im,3
inter,3
particularly,3
though,3
agreements,3
bergen,3
wide,3
because,3
shape,3
gained,3
fabricating,3
closed,3
probably,3
future,3
heavily,3
example,3
actually,3
overseas,3
foundry,3
owned,3
characteristics,3
few,3
divestment,3
prompted,3
value,3
behalf,3
invest,3
seemed,3
therefore,3
led,3
situation,3
materials,3
action,3
forward,3
culver,3
reorganization,3
make,3
direction,3
structural,3
home,3
planned,3
culture,3
cahiers,3
industrial,3
toronto,3
noted,3
rise,3
french,3
again,3
shows,3
head,3
arthur,3
venture,3
vaw,3
competitors,3
existing,3
empire,3
florence,3
ch,3
michael,3
investment,3
original,3
invested,3
deposits,3
detailed,3
top,3
automotive,3
norsk,3
full,3
trade,3
played,3
especially,3
often,3
businesses,3
story,3
northern,3
joint,3
quarter,3
division,3
success,3
applications,3
crucial,3
usually,3
foreign,3
pe,3
analysis,3
types,3
stockpiling,3
pressures,3
considered,3
detail,3
school,3
any,3
series,3
focusing,3
known,3
sell,3
board,3
losses,3
born,3
according,3
them,3
waters,3
fully,3
suggests,3
targets,3
alumi,3
norf,3
careful,3
economist,3
introduced,3
despite,3
hydroelectric,3
shareholders,3
challenges,3
takeover,3
tions,3
buying,3
twentieth,3
chemical,3
course,3
offer,3
insight,3
philosophy,3
potential,3
third,3
point,3
hydro,3
vis,3
fabricated,3
among,3
ca,3
tube,3
increase,3
sa,2
final,2
archives,2
paralleled,2
m,2
dies,2
way,2
if,2
later,2
tion,2
pittsburgh,2
scholar,2
go,2
represent,2
extreme,2
cut,2
concurrence,2
notably,2
controlling,2
forcing,2
center,2
american,2
replaced,2
partially,2
conducting,2
library,2
managing,2
approaches,2
struggle,2
policy,2
western,2
total,2
before,2
nineteenth,2
chief,2
helm,2
du,2
buys,2
practices,2
par,2
australia,2
jointly,2
exclusive,2
sbm,2
give,2
address,2
emerged,2
official,2
seems,2
historiography,2
strip,2
announced,2
available,2
peck,2
industrie,2
morning,2
producing,2
transferred,2
closer,2
subsequent,2
last,2
interviewed,2
remainder,2
political,2
discipline,2
majority,2
alfred,2
albeit,2
formulation,2
advice,2
design,2
opened,2
welcome,2
determined,2
mmm,2
player,2
magazine,2
obvious,2
constrained,2
plied,2
central,2
centralized,2
coun,2
review,2
retained,2
shareholder,2
such,2
seventy,2
brother,2
adams,2
jr,2
nor,2
approval,2
marriage,2
six,2
compared,2
profit,2
geographically,2
crafting,2
acted,2
rates,2
thaure,2
loans,2
rights,2
escaped,2
whose,2
costs,2
performance,2
across,2
adds,2
kind,2
signaled,2
granted,2
proportion,2
earlier,2
gratefully,2
factors,2
moreover,2
parts,2
benefits,2
proved,2
legally,2
benefited,2
trol,2
wire,2
officer,2
generally,2
eec,2
hereafter,2
founding,2
facilities,2
drawing,2
raw,2
opening,2
moving,2
route,2
found,2
search,2
radical,2
eu,2
delib,2
term,2
big,2
further,2
rtz,2
engen,2
effective,2
mainly,2
portant,2
applied,2
industria,2
erate,2
aspects,2
improve,2
swiss,2
literature,2
work,2
planning,2
already,2
del,2
significantly,2
apparent,2
aliberico,2
approve,2
overview,2
gave,2
place,2
policies,2
issues,2
formerly,2
survey,2
personal,2
participate,2
capacities,2
mina,2
change,2
creating,2
giant,2
next,2
contrast,2
around,2
menage,2
consensus,2
concerns,2
decline,2
protect,2
petition,2
tended,2
impossible,2
dedicated,2
provided,2
finds,2
divisional,2
lanthier,2
second,2
units,2
communist,2
demand,2
reduced,2
giving,2
corporation,2
onward,2
community,2
barham,2
shipped,2
single,2
relied,2
ropean,2
examined,2
opportunities,2
alugasa,2
castings,2
typed,2
bar,2
concentrate,2
present,2
outbreak,2
members,2
monitor,2
figure,2
fin,2
death,2
trois,2
financial,2
efforts,2
fact,2
alindustries,2
proposal,2
regulation,2
tariff,2
together,2
personality,2
granting,2
considerable,2
man,2
deci,2
bradford,2
patterns,2
davises,2
creature,2
developing,2
execution,2
less,2
answer,2
vertical,2
necessary,2
material,2
cir,2
asv,2
entrepreneurial,2
number,2
free,2
another,2
local,2
discussion,2
preferential,2
range,2
formal,2
previously,2
expand,2
pendent,2
entirely,2
harvard,2
lynemouth,2
office,2
ties,2
open,2
exports,2
crises,2
accessed,2
op,2
publication,2
christopher,2
started,2
interventionist,2
alusuisse,2
dustry,2
provides,2
favored,2
problems,2
electricity,2
inde,2
govern,2
quarterly,2
tivities,2
espanol,2
enough,2
africa,2
tentative,2
george,2
stream,2
independence,2
referred,2
ergas,2
lost,2
transformed,2
team,2
wilson,2
transformation,2
try,2
html,2
successor,2
hope,2
surprising,2
coordination,2
competi,2
examine,2
stephen,2
nacional,2
sections,2
ahead,2
changing,2
vendu,2
officially,2
theme,2
mained,2
intensely,2
hec,2
set,2
perchard,2
aiag,2
expanding,2
seem,2
did,2
half,2
very,2
written,2
constant,2
examining,2
turned,2
growing,2
beginning,2
cated,2
senior,2
unique,2
lished,2
nascent,2
tric,2
leaving,2
secure,2
produce,2
imperial,2
tant,2
information,2
opportunistic,2
des,2
middle,2
met,2
banbury,2
rod,2
inaugurated,2
transition,2
sion,2
manufacturing,2
divided,2
appointed,2
galicia,2
question,2
entrants,2
cartelization,2
commercial,2
reveals,2
embarked,2
inespal,2
wish,2
contributed,2
manufacture,2
involving,2
you,2
colleagues,2
needs,2
specific,2
removed,2
revenues,2
novelis,2
enterprise,2
create,2
develop,2
much,2
strong,2
uk,2
unilever,2
statement,2
should,2
meeting,2
asked,2
scandinavian,1
difficult,1
tokyo,1
ments,1
morel,1
chart,1
formulated,1
transportation,1
hub,1
techni,1
doubts,1
latched,1
limits,1
trast,1
grate,1
implemented,1
car,1
hindalco,1
manufacturas,1
cent,1
poration,1
suggested,1
impose,1
britishness,1
evolv,1
affected,1
winifred,1
extend,1
college,1
repre,1
pruitt,1
frangais,1
semi,1
combine,1
considerably,1
memoire,1
introduction,1
mar,1
utility,1
evans,1
distributed,1
tailed,1
dictatefd,1
scottish,1
becoming,1
troduced,1
judged,1
integrity,1
kinds,1
tend,1
prime,1
ma,1
renamed,1
isting,1
tors,1
philippe,1
true,1
continent,1
pressing,1
arrangement,1
fletcher,1
jonathan,1
ceos,1
smelt,1
definefd,1
ore,1
considerations,1
loca,1
decade,1
tied,1
acceptance,1
trace,1
protection,1
organic,1
nected,1
pose,1
deliveries,1
em,1
ucts,1
assisted,1
sys,1
unite,1
tariffs,1
attractiveness,1
flexpac,1
turning,1
baker,1
laura,1
experience,1
anti,1
cautious,1
being,1
fitted,1
member,1
december,1
cast,1
ideas,1
prominently,1
stressed,1
capability,1
invention,1
long,1
letting,1
winning,1
oppor,1
rivals,1
spond,1
riggle,1
posed,1
importing,1
chronicles,1
prospecting,1
gouv,1
fund,1
processes,1
attempts,1
taken,1
rested,1
bunker,1
egies,1
droelectric,1
concentrated,1
rennie,1
vols,1
might,1
asso,1
conflict,1
opted,1
retreat,1
gooding,1
nature,1
departure,1
supplied,1
dramatically,1
cial,1
shaped,1
keener,1
sup,1
tradition,1
chapters,1
assess,1
ottawa,1
great,1
thank,1
jacques,1
rections,1
wave,1
pressed,1
rich,1
studied,1
able,1
link,1
launched,1
strategie,1
room,1
cohesion,1
resulting,1
histo,1
graham,1
evolving,1
integrate,1
devised,1
date,1
stand,1
influences,1
raised,1
industrialisation,1
prohibiting,1
staff,1
opposite,1
lucrative,1
nal,1
activi,1
grad,1
ity,1
ous,1
revise,1
hostile,1
dissolved,1
return,1
worldwide,1
ducing,1
digital,1
seminar,1
galician,1
changements,1
voting,1
partners,1
issue,1
side,1
est,1
ily,1
takes,1
existence,1
forthcoming,1
hydroelec,1
eastern,1
nience,1
unproved,1
key,1
elec,1
finan,1
sought,1
compagnie,1
ventures,1
cryolite,1
red,1
italian,1
brings,1
howard,1
possible,1
logical,1
structurels,1
tracked,1
reaching,1
chartered,1
establishing,1
assure,1
bidder,1
mutual,1
richard,1
nadian,1
purchases,1
fine,1
taking,1
combination,1
rela,1
ide,1
owners,1
sent,1
uncertain,1
laws,1
cited,1
painfully,1
dynamic,1
bottom,1
still,1
quota,1
istics,1
monly,1
holder,1
facto,1
acquires,1
interviews,1
inexpensive,1
minimum,1
cided,1
eroded,1
mainder,1
benefit,1
collection,1
distributor,1
behavior,1
pursuing,1
consolidates,1
succeed,1
labor,1
relies,1
ends,1
coating,1
andrew,1
executives,1
emerge,1
royal,1
polyfoil,1
sumer,1
preparations,1
announce,1
histori,1
tonnage,1
decree,1
historically,1
proceeded,1
explained,1
used,1
dynamics,1
pursue,1
run,1
direc,1
portfolio,1
retrospectively,1
due,1
resembling,1
spun,1
hierarchy,1
stakes,1
author,1
multinationals,1
canadians,1
ability,1
deliberation,1
diocre,1
concentrations,1
anticompetitive,1
amounts,1
occurs,1
eighty,1
highlighting,1
application,1
conducted,1
reluc,1
hesi,1
assessment,1
media,1
barrier,1
dealings,1
february,1
manager,1
agers,1
expected,1
ag,1
arena,1
financing,1
dis,1
priority,1
turn,1
accidentally,1
oxfordshire,1
elements,1
utensils,1
daunt,1
ern,1
freed,1
fond,1
hemmed,1
pierre,1
extri,1
highest,1
restrict,1
output,1
fabrications,1
hydrocarbons,1
hebert,1
consulted,1
clock,1
converging,1
find,1
acqui,1
identify,1
geological,1
wat,1
consequently,1
look,1
closure,1
preserving,1
rest,1
ternationaux,1
border,1
ada,1
regulations,1
occasion,1
consultants,1
delivered,1
generation,1
acknowledge,1
join,1
ica,1
hrcorpreports,1
book,1
higher,1
site,1
steps,1
communities,1
geneva,1
rectors,1
slowed,1
assured,1
uncon,1
reflects,1
act,1
etudes,1
contin,1
automobile,1
soviet,1
centered,1
highlands,1
generations,1
midi,1
sort,1
basic,1
posits,1
unit,1
culminating,1
preparing,1
centralization,1
responded,1
stoffaes,1
cently,1
lasting,1
christine,1
ambiance,1
represented,1
bhp,1
deliberately,1
goes,1
dealt,1
billiton,1
arm,1
iae,1
bankruptcy,1
associate,1
legal,1
flexible,1
eight,1
ex,1
sseldorf,1
entre,1
direct,1
strange,1
contributions,1
special,1
enabled,1
sire,1
white,1
accident,1
strate,1
consequences,1
kins,1
efta,1
unfavorably,1
bonds,1
reason,1
lives,1
ciation,1
tern,1
escape,1
facilitated,1
consultation,1
soon,1
affect,1
wanted,1
claiming,1
auspicious,1
flexibility,1
erences,1
signed,1
licas,1
gressing,1
metallurgy,1
conve,1
scarred,1
slowly,1
entrenched,1
dated,1
spirit,1
air,1
ilkley,1
archrival,1
house,1
fore,1
frequently,1
observations,1
profile,1
threat,1
four,1
milan,1
hammered,1
operate,1
powerful,1
desperation,1
larg,1
refer,1
efficient,1
termi,1
litvak,1
barring,1
notions,1
organi,1
always,1
intentional,1
tugendhat,1
belgian,1
billing,1
instance,1
yes,1
og,1
vereinigte,1
perused,1
opinion,1
export,1
mon,1
providing,1
retirement,1
advocated,1
appear,1
foretold,1
regulatory,1
tunities,1
whereas,1
ranges,1
declarations,1
character,1
sive,1
expressed,1
marriott,1
closely,1
reprinted,1
acceptable,1
assets,1
lead,1
societe,1
path,1
location,1
mcgill,1
tra,1
decartelization,1
declined,1
entered,1
demise,1
hands,1
sights,1
treatments,1
struc,1
ambitious,1
centers,1
lived,1
patrick,1
users,1
consulting,1
relation,1
shared,1
hindalcoxom,1
just,1
events,1
amer,1
italiana,1
possibility,1
fo,1
tires,1
base,1
mined,1
maule,1
academic,1
handbook,1
banker,1
topics,1
outset,1
thorizations,1
founder,1
cultural,1
offered,1
stressing,1
duced,1
appears,1
viewed,1
recently,1
produced,1
purchased,1
erations,1
younger,1
presided,1
occidentale,1
toulouse,1
required,1
conferences,1
andre,1
reluctantly,1
public,1
oh,1
near,1
vo,1
zeitlin,1
huge,1
impression,1
scribe,1
ther,1
expensive,1
char,1
failure,1
sites,1
offensive,1
participation,1
differ,1
followed,1
implic,1
basis,1
accounting,1
line,1
revealed,1
makers,1
clarke,1
douglas,1
correlation,1
pr,1
strengths,1
received,1
tool,1
proached,1
strict,1
instituted,1
preferred,1
commoditization,1
claim,1
brought,1
modular,1
drew,1
ate,1
seminal,1
esp,1
actors,1
confirms,1
positions,1
bennett,1
incremental,1
context,1
currencies,1
gies,1
preheated,1
refined,1
inherited,1
valladolid,1
joyed,1
records,1
people,1
jo,1
brisbane,1
structures,1
ontario,1
impositions,1
director,1
thereafter,1
proach,1
call,1
translated,1
rene,1
scrap,1
reflect,1
legislation,1
econo,1
ultimately,1
sunndal,1
manu,1
project,1
ter,1
patented,1
strengthened,1
takeovers,1
transmit,1
attributed,1
graduate,1
chemistry,1
approach,1
absorb,1
pyrenees,1
citing,1
monitorclipper,1
terest,1
signing,1
good,1
legacy,1
ist,1
unsold,1
correct,1
successful,1
societ,1
caused,1
level,1
hard,1
responsibility,1
questionable,1
php,1
distances,1
couannier,1
mani,1
trading,1
mellons,1
warrant,1
relevant,1
imposition,1
mediterranean,1
rushed,1
quite,1
ological,1
emerging,1
involved,1
renewing,1
eco,1
propelled,1
ship,1
multinational,1
yves,1
bridge,1
grow,1
breaking,1
presence,1
ton,1
tightened,1
sulting,1
latest,1
boundaries,1
diversified,1
bounding,1
ent,1
coast,1
inte,1
core,1
prehensive,1
managed,1
progress,1
aggressively,1
proper,1
paid,1
cycle,1
grateful,1
swings,1
aac,1
francais,1
alicante,1
valuable,1
gordon,1
reducing,1
impor,1
fores,1
avoid,1
contacted,1
society,1
reigns,1
nations,1
south,1
secret,1
battle,1
critical,1
ugd,1
naming,1
press,1
bauxites,1
hatch,1
ducted,1
xixe,1
fortunate,1
annum,1
implications,1
saw,1
variety,1
territorial,1
backpid,1
carried,1
identified,1
reminiscences,1
kenneth,1
separation,1
glasgow,1
short,1
gradual,1
ers,1
knight,1
overall,1
comparative,1
myron,1
ually,1
play,1
motivated,1
acknowledged,1
portunistically,1
commit,1
yugoslavia,1
nearly,1
exception,1
belgium,1
privatized,1
rized,1
reduce,1
convince,1
added,1
consolidating,1
jeunemaitre,1
tor,1
controls,1
technically,1
comments,1
herited,1
southern,1
hold,1
ography,1
innovation,1
whole,1
supplier,1
forecast,1
restructures,1
scarcity,1
waseda,1
deutschland,1
retrieved,1
metric,1
kitchenware,1
selling,1
wharton,1
outlining,1
intense,1
electrolytic,1
cor,1
marginal,1
instantly,1
me,1
qc,1
gins,1
east,1
predecessor,1
evolved,1
technology,1
restricted,1
uphusen,1
saint,1
mies,1
favorable,1
thesis,1
index,1
compiled,1
pres,1
bo,1
autho,1
falls,1
facturers,1
light,1
assistance,1
complete,1
abandon,1
choices,1
gov,1
usefulness,1
indian,1
imitating,1
insights,1
heated,1
department,1
reports,1
denis,1
reliance,1
boost,1
friend,1
payments,1
sector,1
evolve,1
picture,1
social,1
protagonists,1
fix,1
volume,1
investors,1
tries,1
au,1
provide,1
organizations,1
lewis,1
permis,1
successfully,1
extracted,1
paul,1
law,1
jeffrey,1
technique,1
stronger,1
factory,1
perlmutter,1
preferences,1
conceived,1
cable,1
ask,1
stud,1
flat,1
addition,1
compa,1
projects,1
missing,1
headquarters,1
release,1
powder,1
ident,1
longer,1
twenty,1
doorway,1
fundamental,1
holloway,1
rents,1
pressure,1
plan,1
jours,1
instituto,1
appeared,1
documents,1
alcanac,1
maneuver,1
practical,1
sponse,1
reacted,1
banks,1
deiralluminio,1
forging,1
ecm,1
discussed,1
carmine,1
pled,1
angels,1
cou,1
bonfils,1
hand,1
fledged,1
plate,1
decisively,1
centre,1
handed,1
covered,1
threads,1
shown,1
road,1
mu,1
sister,1
ensured,1
vulnerable,1
rinternationalisation,1
norwegian,1
linard,1
fend,1
recount,1
strategizing,1
explicit,1
ished,1
spring,1
reroll,1
wartime,1
resigned,1
simplicity,1
intensify,1
miniumwerke,1
chronologically,1
vest,1
governance,1
hamilton,1
guarantees,1
fundamentals,1
gives,1
coined,1
compete,1
chair,1
league,1
obsession,1
nicole,1
thoroughly,1
degree,1
bos,1
plane,1
alumax,1
hunts,1
mills,1
disagreements,1
reorganize,1
proudly,1
understanding,1
parently,1
balance,1
mcmaster,1
offices,1
situated,1
spending,1
investigated,1
vast,1
northumberland,1
birth,1
upon,1
values,1
limitations,1
maximized,1
opera,1
disintegrate,1
clients,1
manufactured,1
unpredictable,1
inver,1
judge,1
encouraged,1
imbued,1
host,1
waned,1
traded,1
combining,1
use,1
pecially,1
prevailed,1
convenience,1
spects,1
pref,1
consortium,1
tual,1
aardal,1
continue,1
laboratory,1
amplitude,1
golf,1
trust,1
frame,1
trip,1
sitions,1
mdeie,1
stayed,1
bayer,1
nevertheless,1
prod,1
leaner,1
patents,1
underwent,1
described,1
pattern,1
versions,1
isaiah,1
margaret,1
loosely,1
diplomacy,1
remaining,1
reality,1
comprehensive,1
scandinavia,1
peripheral,1
tail,1
reputation,1
unconnected,1
iea,1
grenoble,1
subsidies,1
august,1
rationalized,1
energetiques,1
individual,1
blend,1
allowed,1
minister,1
reviewers,1
helpful,1
ny,1
unpub,1
summer,1
him,1
features,1
high,1
risen,1
cally,1
ge,1
mines,1
distinction,1
lobbied,1
nachterstedt,1
obtained,1
proximity,1
keen,1
improved,1
preservation,1
abundant,1
individ,1
repeated,1
ture,1
gets,1
retire,1
sentiment,1
oecd,1
satisfy,1
remy,1
dollars,1
constructing,1
indicator,1
chash,1
exported,1
sight,1
assessing,1
niall,1
acquire,1
britain,1
drove,1
effect,1
closures,1
rationalisation,1
availability,1
seeking,1
activites,1
internationalism,1
capitalism,1
ponents,1
looks,1
cording,1
figures,1
occupied,1
institution,1
y,1
nomic,1
regimes,1
sole,1
importer,1
specialty,1
concluded,1
widely,1
applies,1
anodizing,1
justice,1
expropriation,1
operating,1
unfolded,1
ws,1
dumez,1
analytical,1
profitable,1
midcentury,1
speculate,1
relying,1
negotiations,1
christian,1
untenable,1
circle,1
abundance,1
backward,1
today,1
transformations,1
interdependent,1
seventeen,1
deliber,1
outsiders,1
iberico,1
consent,1
naturally,1
ideology,1
erstwhile,1
oxide,1
fear,1
employment,1
begin,1
zational,1
fixing,1
inside,1
fewer,1
multi,1
lobbying,1
merton,1
off,1
un,1
tive,1
strongly,1
establish,1
venergie,1
tering,1
sonal,1
fested,1
minum,1
whereby,1
indicate,1
tee,1
ducers,1
volumes,1
es,1
methods,1
implementing,1
expectations,1
fall,1
stockpil,1
expe,1
nationalization,1
transferring,1
capac,1
interview,1
grinberg,1
centuries,1
months,1
get,1
tial,1
face,1
tems,1
seat,1
meant,1
cam,1
nappi,1
diiistoire,1
complacent,1
produc,1
undertook,1
historique,1
duncan,1
heavy,1
ordered,1
historian,1
schulich,1
ual,1
maturity,1
industrielles,1
mentioned,1
incorporated,1
convergefd,1
extending,1
mackenzie,1
suppl,1
demonstrate,1
simply,1
geographic,1
constituted,1
scarcely,1
htm,1
ticipating,1
founders,1
subsidized,1
subjecting,1
rival,1
perhaps,1
equipment,1
alternative,1
innova,1
equation,1
cover,1
bright,1
erected,1
know,1
adversely,1
ran,1
mutually,1
plourde,1
partner,1
components,1
refused,1
introducing,1
each,1
surfaced,1
guaranteed,1
freland,1
india,1
commission,1
chapge,1
continu,1
cautiously,1
gone,1
capital,1
fabrication,1
best,1
molten,1
accommodate,1
boom,1
argue,1
regard,1
returns,1
speech,1
pigment,1
hearn,1
foundation,1
ideological,1
fabri,1
job,1
brazil,1
rely,1
goods,1
gimme,1
reflected,1
rodier,1
past,1
type,1
masters,1
oliver,1
better,1
verk,1
empresa,1
id,1
helping,1
bid,1
clipper,1
purchase,1
extrusions,1
economy,1
protections,1
cooking,1
itly,1
ones,1
involvement,1
marche,1
particular,1
independently,1
quote,1
comer,1
attitudes,1
hoped,1
liberalization,1
contrasting,1
inputs,1
protective,1
preempting,1
ernments,1
ies,1
theory,1
quired,1
unrest,1
tightly,1
extent,1
surveying,1
estab,1
burdening,1
cusing,1
extract,1
healthy,1
bureaucratic,1
uncertainty,1
fruitfully,1
siede,1
ori,1
almost,1
listed,1
apparently,1
duo,1
ideal,1
espagne,1
freedom,1
finished,1
ivan,1
burden,1
hindsight,1
researchers,1
boston,1
intention,1
owner,1
necessity,1
son,1
modernizing,1
multiple,1
ployees,1
conclude,1
affecting,1
show,1
pat,1
november,1
duty,1
concessions,1
hy,1
subject,1
durable,1
returning,1
vertically,1
substance,1
jour,1
contribute,1
alain,1
programs,1
bettye,1
riencing,1
merchant,1
indebted,1
equipped,1
quartered,1
colonial,1
families,1
maintained,1
isolated,1
diverged,1
writing,1
firms,1
goals,1
varied,1
prepared,1
espouse,1
named,1
fortier,1
formation,1
turin,1
remelted,1
survival,1
locations,1
initiated,1
misgivings,1
donald,1
quotas,1
rationalization,1
envisaged,1
conditions,1
internally,1
washington,1
etsocietes,1
harm,1
isles,1
joined,1
enabling,1
need,1
forbes,1
sur,1
multidivisional,1
unified,1
temporal,1
product,1
smaller,1
heav,1
ways,1
schr,1
plentiful,1
area,1
electrolysis,1
wholesalers,1
bliss,1
madison,1
remains,1
uum,1
campaign,1
summary,1
anonymous,1
tations,1
profits,1
ries,1
inceptions,1
supported,1
hans,1
race,1
madrilenas,1
assumed,1
ergy,1
fellows,1
themselves,1
nology,1
archival,1
terminology,1
commodity,1
reached,1
pleased,1
monopole,1
reversing,1
substantial,1
majors,1
divergent,1
espanola,1
technological,1
jor,1
rush,1
ufacturer,1
observed,1
building,1
doing,1
resources,1
roles,1
fur,1
otto,1
