WORDCOUNTS,WEIGHT
the,629
and,430
of,430
to,265
in,249
his,182
a,179
s,157
arlington,156
was,134
he,120
for,114
that,105
as,101
at,84
by,68
with,68
from,67
charles,58
court,52
it,48
had,48
not,47
house,46
p,46
london,43
which,42
tna,42
political,39
is,39
sp,38
an,38
fo,38
royal,36
were,35
also,35
have,35
england,32
but,32
on,32
french,31
king,30
this,29
lord,29
ii,28
art,28
been,26
cultural,25
pp,25
new,25
him,25
patronage,24
diplomatic,23
english,23
politics,23
other,22
n,22
who,22
euston,22
chamberlain,22
bennet,22
through,22
o,21
i,21
artistic,21
both,21
position,20
power,20
be,20
verrio,20
éd,19
first,19
italian,19
john,18
state,18
paris,18
after,18
evelyn,18
such,17
than,17
their,17
finch,17
more,17
years,17
restoration,16
himself,16
or,16
goring,15
secretary,15
may,15
most,15
when,15
foreign,15
country,15
hall,14
earl,14
world,14
all,14
any,14
henry,13
has,13
used,13
its,13
ambassador,13
montagu,13
gascoigne,13
consumption,13
later,12
duke,12
helen,12
taste,12
would,12
influence,12
no,12
well,12
r,12
j,12
see,12
they,11
one,11
being,11
great,11
however,11
during,11
st,11
jacobsen,11
over,11
did,11
paintings,11
windsor,11
early,11
stuart,10
display,10
sent,10
work,10
oxford,10
two,10
social,10
diary,10
personal,10
made,10
life,10
career,9
into,9
there,9
helped,9
important,9
came,9
rivals,9
correspondence,9
architecture,9
wrote,9
interiors,9
these,9
department,9
only,9
patron,9
sir,9
elite,9
aesthetic,9
office,9
pictures,9
bray,9
d,9
c,9
mar,8
dutch,8
even,8
masque,8
support,8
music,8
monarchy,8
included,8
eds,8
gennari,8
louis,8
italy,8
material,8
palace,8
works,8
marble,8
cambridge,8
close,8
way,7
apr,7
painted,7
luxury,7
late,7
value,7
cpa,7
client,7
under,7
culture,7
decorative,7
artists,7
clarendon,7
wine,7
minister,7
own,7
three,7
period,7
haven,7
pieces,7
arts,7
grand,7
control,7
are,7
idem,7
while,7
commissioned,7
appointed,7
until,7
sharpe,6
source,6
historians,6
household,6
since,6
ct,6
xtv,6
without,6
rather,6
importance,6
image,6
could,6
access,6
further,6
buckingham,6
sept,6
part,6
ten,6
palaces,6
love,6
involved,6
oct,6
managed,6
role,6
artist,6
direction,6
abroad,6
many,6
end,6
contemporary,6
where,6
florence,6
perhaps,6
ibid,6
local,6
completed,6
including,6
identity,6
use,6
reputation,6
george,6
seen,6
visual,6
international,6
just,6
making,6
furniture,6
evidenced,6
france,6
programme,6
vertue,6
much,6
if,5
war,5
likely,5
library,5
policy,5
history,5
experience,5
member,5
vols,5
worked,5
europe,5
able,5
subsequent,5
help,5
displayed,5
intelligence,5
fine,5
fos,5
de,5
cabal,5
old,5
find,5
journal,5
offices,5
recognized,5
moreover,5
thomas,5
four,5
ministers,5
beyond,5
suggested,5
understood,5
informed,5
produced,5
wealth,5
fashionable,5
james,5
network,5
example,5
busts,5
society,5
exile,5
about,5
time,5
fashion,5
man,5
ensured,5
less,5
clients,5
held,5
so,5
took,5
statesman,5
relationship,5
collections,5
chimney,5
responsible,5
acquired,5
set,5
continental,5
particularly,5
william,5
notable,5
reign,5
resident,5
became,5
nov,5
evidence,5
mae,5
building,5
expenditure,4
decade,4
rome,4
anything,4
whom,4
musical,4
government,4
those,4
allegories,4
furnishings,4
visited,4
g,4
interest,4
marriage,4
six,4
effective,4
ips,4
look,4
similar,4
accounts,4
developments,4
days,4
w,4
monarch,4
m,4
architect,4
barbour,4
found,4
lived,4
out,4
scale,4
public,4
received,4
dover,4
knowledge,4
people,4
status,4
good,4
whilst,4
painting,4
next,4
event,4
long,4
spanish,4
provided,4
second,4
return,4
harris,4
experiences,4
paint,4
treaty,4
marshall,4
royalist,4
noted,4
lavish,4
members,4
shows,4
underestimated,4
ambassadors,4
musicians,4
behind,4
do,4
style,4
another,4
dodington,4
sic,4
significance,4
clear,4
appointment,4
high,4
k,4
become,4
negotiations,4
continued,4
favour,4
colbert,4
entertainment,4
domestic,4
them,4
des,4
some,4
thereby,4
despite,4
went,4
representation,4
burnet,4
aware,4
given,4
built,4
courts,3
now,3
personally,3
complex,3
judicious,3
absolutist,3
prince,3
supervised,3
refurbished,3
before,3
du,3
sources,3
caroline,3
interests,3
official,3
closer,3
beds,3
masques,3
last,3
within,3
wardrobe,3
money,3
advice,3
caesars,3
shared,3
far,3
spain,3
collection,3
controlled,3
apartments,3
married,3
sunderland,3
brother,3
highest,3
ven,3
jones,3
simultaneously,3
town,3
savile,3
appreciation,3
opportunity,3
unrivalled,3
overlooked,3
allegorical,3
means,3
university,3
residency,3
clearly,3
impact,3
venetian,3
age,3
show,3
followed,3
cost,3
authority,3
rule,3
houses,3
appears,3
recently,3
your,3
instrumental,3
required,3
expensive,3
having,3
sculpture,3
nine,3
claim,3
secret,3
decorate,3
envoys,3
year,3
gave,3
envoy,3
calisto,3
bishop,3
employed,3
project,3
alan,3
working,3
things,3
order,3
whitehall,3
several,3
ill,3
csp,3
newmarket,3
luxuries,3
will,3
ceremonial,3
imagery,3
object,3
wines,3
bastard,3
southern,3
put,3
od,3
soon,3
technology,3
home,3
choices,3
friendship,3
increasingly,3
friend,3
act,3
party,3
leader,3
decoration,3
addition,3
towards,3
financial,3
fact,3
choice,3
antonio,3
aug,3
entertained,3
men,3
hand,3
diplomat,3
necessary,3
distance,3
extended,3
vast,3
courtiers,3
previously,3
lely,3
significant,3
described,3
trade,3
diplomacy,3
started,3
characterized,3
like,3
obtained,3
wren,3
queen,3
article,3
britain,3
figures,3
we,3
la,3
gibson,3
provide,3
mediation,3
figure,3
dec,3
referred,3
force,3
contribution,3
considered,3
entertain,3
environment,3
servants,3
known,3
ralph,3
officials,3
dolci,3
contained,3
expense,3
half,3
post,3
goods,3
closest,3
lauderdale,3
senate,3
whether,3
involvement,3
feb,3
novelty,3
design,3
her,3
notebooks,3
bought,3
son,3
national,3
aristocratic,3
although,3
cooper,3
fashions,3
you,3
piece,3
ashley,3
portrait,3
themselves,3
supply,3
preferment,3
impress,3
should,3
daughter,3
faction,3
carved,2
difficult,2
does,2
antoine,2
common,2
generous,2
created,2
concern,2
market,2
personnel,2
consume,2
college,2
worthy,2
sphere,2
likewise,2
told,2
large,2
needed,2
residences,2
commanded,2
h,2
twenty,2
modern,2
park,2
notwithstanding,2
overlook,2
ormrod,2
fashioning,2
entertaining,2
according,2
establish,2
schnapper,2
various,2
diaries,2
ooo,2
specifically,2
every,2
embraced,2
venice,2
taken,2
rapid,2
monte,2
departure,2
reach,2
desire,2
sometime,2
exiles,2
daniel,2
report,2
designs,2
contents,2
british,2
side,2
enchantment,2
gardens,2
howard,2
haley,2
october,2
purchases,2
combination,2
point,2
negotiation,2
undoubtedly,2
macleod,2
thus,2
throughout,2
regularly,2
campbell,2
agreement,2
development,2
boy,2
quality,2
illustrates,2
interior,2
against,2
september,2
integral,2
agent,2
relations,2
furnishing,2
price,2
diplomats,2
media,2
siècle,2
century,2
affairs,2
times,2
westrup,2
back,2
approval,2
fig,2
speed,2
monarchical,2
cliveden,2
died,2
ladies,2
drawn,2
factions,2
consequently,2
patrons,2
details,2
wounded,2
impressions,2
master,2
depiction,2
york,2
added,2
links,2
l,2
developed,2
mortlake,2
edward,2
influential,2
afterwards,2
hugh,2
knew,2
politicians,2
shortly,2
unmatched,2
sponsor,2
certain,2
derived,2
direct,2
parts,2
contributions,2
matched,2
reconstitution,2
impressed,2
awareness,2
gathering,2
send,2
wanted,2
visit,2
objects,2
transformed,2
quoted,2
numbers,2
contemporaries,2
plaster,2
origins,2
magnificent,2
testament,2
points,2
carlo,2
strategy,2
appear,2
treasurer,2
result,2
closely,2
arrival,2
appearance,2
destined,2
hocquet,2
walkling,2
equally,2
trappings,2
appadurai,2
dynasty,2
kunst,2
braganza,2
yeare,2
networks,2
huge,2
espionage,2
significantly,2
brought,2
policies,2
operas,2
il,2
achieving,2
rendered,2
approach,2
portraits,2
monetary,2
least,2
ist,2
correct,2
carriage,2
wished,2
del,2
catholic,2
warrant,2
clothes,2
lords,2
castle,2
driving,2
few,2
highly,2
certainly,2
peace,2
constantinople,2
florentine,2
distinguished,2
commission,2
wife,2
paid,2
estates,2
appropriate,2
activities,2
f,2
unofficial,2
business,2
exterior,2
chianti,2
letters,2
indeed,2
service,2
ancien,2
acknowledged,2
hutton,2
april,2
july,2
still,2
above,2
harry,2
make,2
initially,2
att,2
decisions,2
bodleian,2
qq,2
yet,2
shipping,2
restricted,2
place,2
acting,2
buckholz,2
complete,2
hispania,2
performed,2
sales,2
oswald,2
largest,2
picture,2
livorno,2
comfortable,2
lacked,2
longer,2
abstract,2
doubt,2
crowne,2
versailles,2
giavarina,2
present,2
performances,2
halifax,2
renaissance,2
woman,2
books,2
going,2
arrant,2
remained,2
benedetto,2
compose,2
crown,2
singers,2
private,2
understanding,2
discussion,2
palma,2
enhanced,2
looking,2
sufficiently,2
dress,2
aesthetics,2
duchess,2
submitted,2
real,2
previous,2
excited,2
reality,2
express,2
peter,2
lady,2
whinney,2
painter,2
régime,2
objets,2
architectural,2
allowed,2
receipt,2
edgehill,2
summer,2
staggins,2
brewer,2
distinction,2
pension,2
never,2
spent,2
payment,2
promotion,2
include,2
catherine,2
chapel,2
ornaments,2
acquire,2
accordingly,2
fop,2
enjoyed,2
dominance,2
northern,2
attracted,2
workshop,2
marbles,2
cologne,2
doge,2
professional,2
shaftesbury,2
centre,2
attention,2
hague,2
suggest,2
twelve,2
transformations,2
excepted,2
guests,2
claimed,2
hill,2
connoisseurship,2
detailed,2
seventeenth,2
began,2
returned,2
effectively,2
transformation,2
garter,2
displaying,2
often,2
analysis,2
travelled,2
fall,2
table,2
holmes,2
joseph,2
meant,2
dorset,2
viscount,2
chests,2
matters,2
differentiated,2
then,2
senior,2
francesco,2
biography,2
whose,2
text,2
drew,2
diarist,2
natural,2
embassy,2
worth,2
interested,2
seem,2
believe,2
entertainments,2
alexander,2
wall,2
absolutism,2
linked,2
very,2
raphael,2
audience,2
ordered,2
historical,2
type,2
masters,2
brotton,2
better,2
glory,2
id,2
implicit,2
terms,2
millar,2
coaches,2
bermingham,2
particular,2
firmly,2
extent,2
prestige,2
boughton,2
information,2
suggests,2
sainty,2
carrara,2
marciari,2
tapestry,2
intention,2
level,2
prerogative,2
pas,2
frescoes,2
williamson,2
intended,2
obtain,2
cleverly,2
using,2
maintained,2
jan,2
frances,2
come,2
shown,2
models,2
authorized,2
trusted,2
copies,2
finding,2
quest,2
cannadine,2
approximately,2
increased,2
needs,2
potential,2
between,2
scholarship,2
persuaded,2
traditional,2
north,2
distinctly,2
virtue,2
showed,2
increase,2
sa,1
nicholas,1
final,1
exhibiting,1
bernard,1
intricate,1
ending,1
archives,1
dictating,1
forceful,1
thwarted,1
letzten,1
aulica,1
done,1
struggle,1
sussex,1
propagandist,1
appealed,1
ciamber,1
brouncker,1
concerned,1
anthony,1
indicated,1
meaning,1
cent,1
corruption,1
imported,1
till,1
série,1
ready,1
unpleasant,1
accessories,1
modernize,1
inexpensive,1
jane,1
goldsmith,1
perfection,1
spectacles,1
connection,1
red,1
e,1
vogue,1
hats,1
alone,1
retired,1
considerably,1
introduction,1
croft,1
voracious,1
per,1
vinegar,1
church,1
alluded,1
group,1
becoming,1
basingstoke,1
replaced,1
integrity,1
instructions,1
enhance,1
howarth,1
advised,1
referring,1
live,1
confines,1
managing,1
severall,1
di,1
thetford,1
unquestionable,1
drawings,1
easily,1
studies,1
bathroom,1
outshone,1
fault,1
cement,1
ms,1
tempered,1
theatre,1
earnest,1
adventurer,1
committee,1
dycks,1
painters,1
unlike,1
smyrna,1
habits,1
amply,1
total,1
holding,1
paper,1
assisted,1
uses,1
descriptions,1
eye,1
attuned,1
princeton,1
verdict,1
women,1
comédieballet,1
accumulation,1
gelt,1
olive,1
t,1
programmes,1
familiarity,1
hence,1
revisited,1
parliamentary,1
commissions,1
entitling,1
extraordinary,1
digby,1
inconceivable,1
exclusive,1
setting,1
entailed,1
handle,1
papist,1
steady,1
proud,1
xdc,1
hinds,1
refusal,1
unrealistically,1
permanently,1
princesses,1
publick,1
prosaically,1
discerned,1
xxxvii,1
mercury,1
confirmed,1
ministère,1
oval,1
attractive,1
copy,1
tradition,1
secondary,1
perrin,1
albans,1
room,1
dismayed,1
reasons,1
ben,1
confirming,1
timing,1
maiolica,1
oyster,1
vecchio,1
geoffrey,1
aping,1
wore,1
naturall,1
begun,1
take,1
kingdom,1
fitt,1
wealthy,1
beuckelaer,1
medals,1
devised,1
written,1
odnb,1
precisely,1
robert,1
gifts,1
libretto,1
powers,1
necessitated,1
guards,1
confused,1
visibility,1
papers,1
prosperity,1
essences,1
growing,1
roosen,1
issue,1
appreciate,1
est,1
indelible,1
procured,1
crystal,1
flowers,1
forthcoming,1
iii,1
plain,1
vii,1
worke,1
owing,1
anthropologists,1
walks,1
conspicuous,1
circulate,1
fulsomely,1
sought,1
planted,1
u,1
castrato,1
saying,1
draw,1
march,1
representations,1
pisa,1
carriages,1
reminder,1
zur,1
account,1
porter,1
quantities,1
burke,1
occupying,1
welcome,1
damningly,1
chest,1
marked,1
constraints,1
strand,1
illustrate,1
mart,1
sale,1
chateau,1
etc,1
reaction,1
solely,1
folio,1
lavishly,1
illegitimate,1
apart,1
invited,1
mental,1
surrounded,1
rosa,1
events,1
paving,1
establishment,1
politician,1
case,1
experiencing,1
geertz,1
ritual,1
gastronomy,1
forged,1
letter,1
differentiating,1
mais,1
smuts,1
attract,1
courtin,1
adorning,1
brosse,1
notably,1
tintoretto,1
learned,1
dispatched,1
andrew,1
grinling,1
preparations,1
surely,1
historically,1
protégés,1
madrid,1
proceeded,1
difficulties,1
intractable,1
due,1
targeted,1
consumables,1
overhaul,1
corner,1
colvin,1
exiled,1
douze,1
relatively,1
ability,1
edifice,1
decided,1
knighted,1
attested,1
club,1
plymouth,1
emerges,1
restore,1
materially,1
realization,1
fabrics,1
markets,1
employing,1
assured,1
finery,1
jewel,1
extensively,1
heart,1
hitherto,1
ollard,1
learning,1
funds,1
turn,1
background,1
thereof,1
distinct,1
cellar,1
maintaining,1
destroyed,1
clark,1
illuminates,1
recollection,1
aviary,1
legally,1
evident,1
perspective,1
frequented,1
fees,1
rabadania,1
body,1
difficulty,1
flemish,1
young,1
served,1
wholly,1
allowing,1
suitable,1
yeares,1
dates,1
compared,1
honour,1
arranged,1
left,1
clock,1
dined,1
cardinal,1
estimate,1
giacomo,1
inigo,1
baroque,1
obliging,1
ingredient,1
vanguard,1
critique,1
delivered,1
talent,1
infinite,1
competitive,1
guido,1
ubiquity,1
petitioner,1
kept,1
discernment,1
ideals,1
van,1
employ,1
site,1
attribution,1
dignitaries,1
bronzino,1
vied,1
colin,1
philadelphia,1
essential,1
reflects,1
played,1
incomparable,1
ably,1
yachts,1
mercy,1
ox,1
managers,1
purely,1
performance,1
gloire,1
ostensibly,1
absent,1
impetus,1
lavishness,1
how,1
possession,1
museum,1
basic,1
en,1
landscape,1
etrangères,1
institution,1
bruges,1
quirini,1
bond,1
georges,1
veronese,1
adopted,1
outward,1
substantiate,1
barock,1
heard,1
proportion,1
earlier,1
legendary,1
à,1
chambers,1
b,1
travels,1
study,1
enabled,1
blurring,1
white,1
procuring,1
savoy,1
augmented,1
factors,1
polite,1
escape,1
discernible,1
acquisition,1
winchester,1
shelton,1
tensions,1
locally,1
signed,1
jbn,1
katharine,1
familiar,1
languages,1
hospitably,1
louise,1
midsomer,1
proved,1
elsewhere,1
represented,1
elevated,1
aertsen,1
domed,1
parmesan,1
mary,1
bst,1
jersey,1
insinuate,1
frequently,1
suffolk,1
calendar,1
met,1
solid,1
benefited,1
vinci,1
commonly,1
crate,1
tassaet,1
commented,1
additional,1
continual,1
povey,1
xiv,1
paraded,1
notions,1
enhancement,1
persona,1
royalists,1
ofarundel,1
willing,1
greate,1
erroneous,1
care,1
believed,1
david,1
bandage,1
providing,1
decades,1
secretaire,1
management,1
strengthen,1
cut,1
apollo,1
dc,1
qui,1
beaver,1
assessments,1
iconography,1
friends,1
whereas,1
greater,1
affaires,1
expressed,1
advance,1
my,1
formidable,1
acceptable,1
pounds,1
location,1
agenda,1
train,1
conservative,1
ambition,1
search,1
ambitious,1
relating,1
politicization,1
strongly,1
incumbrances,1
gildinge,1
croissy,1
reply,1
staircases,1
facilitate,1
italianate,1
intermediary,1
carleton,1
domenico,1
gallants,1
carmignano,1
jonson,1
shoes,1
brill,1
initial,1
bali,1
wimborne,1
interpretations,1
glorifying,1
sourced,1
suits,1
representative,1
shrewsbury,1
marot,1
intrigue,1
acquiring,1
assertive,1
politique,1
exceptional,1
xxxiii,1
pro,1
skilfully,1
posting,1
founder,1
wales,1
gell,1
alabaster,1
pursued,1
curieux,1
persons,1
reinforce,1
cannot,1
priorities,1
camden,1
suffered,1
failure,1
younger,1
placed,1
hypothetical,1
patronizing,1
explain,1
negotiated,1
duly,1
lease,1
ods,1
mccorquodale,1
al,1
impression,1
silver,1
aspects,1
kathryn,1
representatives,1
taxes,1
almost,1
directly,1
none,1
swords,1
carte,1
learn,1
spheres,1
distinguish,1
revealed,1
tool,1
start,1
delicacies,1
instituted,1
locus,1
hints,1
prized,1
concept,1
prominent,1
seal,1
donatello,1
adroit,1
purpose,1
training,1
civil,1
bedstead,1
comment,1
confirms,1
handselected,1
positions,1
treate,1
whole,1
equalled,1
dobson,1
issues,1
broad,1
partly,1
constitute,1
princely,1
records,1
lockyer,1
eighteenthcentury,1
boom,1
thereafter,1
augment,1
rituals,1
et,1
colchester,1
afaires,1
away,1
complemented,1
appreciated,1
believes,1
overseas,1
participate,1
showing,1
missions,1
triumphal,1
allino,1
interpreted,1
affable,1
visions,1
connections,1
feast,1
litter,1
toadying,1
betraying,1
manipulation,1
nose,1
norfolk,1
unmarried,1
bassano,1
prices,1
subtle,1
aided,1
poet,1
choristers,1
change,1
creating,1
running,1
accused,1
physician,1
successful,1
onely,1
replenished,1
contextualized,1
negligible,1
pronounced,1
administrator,1
debts,1
dictionary,1
politically,1
le,1
unquestioned,1
incipient,1
mediterranean,1
sixty,1
owned,1
hervey,1
ignorantly,1
prologue,1
emerging,1
family,1
rarities,1
grandest,1
airy,1
herself,1
dealers,1
june,1
ifs,1
munich,1
ship,1
temporary,1
industry,1
civic,1
ton,1
murdoch,1
research,1
grandee,1
favourable,1
decline,1
popery,1
revels,1
latest,1
colours,1
giambologna,1
sculptures,1
differing,1
da,1
tiberius,1
kunsthistorisches,1
whatsoever,1
lordship,1
always,1
michelmas,1
annual,1
visible,1
sculptors,1
necessity,1
henrietta,1
hen,1
filling,1
wedding,1
honorific,1
frizell,1
valuable,1
classicism,1
favoured,1
incumbent,1
behalf,1
monmouth,1
subsequently,1
leonardo,1
battle,1
critical,1
therefore,1
supplicant,1
led,1
noteworthy,1
transform,1
situation,1
georg,1
anew,1
exeter,1
attempts,1
factory,1
myriad,1
logistical,1
participation,1
gather,1
interference,1
identified,1
economic,1
spectacle,1
appointing,1
signor,1
overall,1
composer,1
earldom,1
horses,1
diirer,1
limited,1
play,1
guernica,1
corneille,1
kenelm,1
glasses,1
gift,1
positioned,1
andj,1
projecting,1
allen,1
emulated,1
presently,1
cerceau,1
collectionneurs,1
chinns,1
studien,1
builders,1
relaxed,1
modes,1
procession,1
ceilings,1
strategic,1
gent,1
campaigning,1
promoting,1
fighting,1
gilbert,1
scarcity,1
chamberlainship,1
angleterre,1
contributing,1
simultaneous,1
disposed,1
benet,1
toutes,1
meanwhile,1
arundel,1
suited,1
abundance,1
residence,1
sex,1
palciano,1
wearing,1
den,1
fifth,1
formally,1
peers,1
amidst,1
evidences,1
ancient,1
constant,1
earls,1
enigmatic,1
assistance,1
peece,1
keeping,1
acuity,1
biographer,1
ed,1
medici,1
beards,1
already,1
dukedom,1
beginnings,1
warranted,1
disagreed,1
rise,1
awe,1
payments,1
engravings,1
insolent,1
lee,1
maîtresse,1
street,1
starting,1
fitzroy,1
castello,1
skill,1
francophile,1
technique,1
prompting,1
tongh,1
refurbishment,1
mark,1
bring,1
again,1
others,1
reni,1
preserve,1
similarly,1
peck,1
ask,1
madonna,1
dranke,1
projects,1
generously,1
water,1
head,1
tête,1
leading,1
mutual,1
admit,1
consideration,1
coincidence,1
insinuated,1
aldershot,1
scholars,1
villa,1
departments,1
relife,1
plan,1
bourdieu,1
appeared,1
documents,1
ought,1
lc,1
scar,1
pretty,1
children,1
vilification,1
keroualle,1
perfumed,1
conservatory,1
majesty,1
charges,1
discussed,1
conferred,1
audiences,1
sebastian,1
patterns,1
oporto,1
conspicuously,1
decorating,1
consciously,1
v,1
immortalize,1
jaarboek,1
deploy,1
upholsterers,1
covered,1
model,1
manner,1
innovative,1
discuss,1
occupied,1
existing,1
flattered,1
accepted,1
vander,1
advisers,1
contracted,1
michael,1
garavaggio,1
coincided,1
dance,1
practice,1
conviction,1
manetti,1
resigned,1
ambassadorial,1
talented,1
native,1
february,1
greeting,1
impoverished,1
cecils,1
stunning,1
reflected,1
free,1
alleged,1
bottega,1
score,1
day,1
guicciardini,1
poli,1
elevation,1
countess,1
editor,1
godolphin,1
recognizing,1
instrumentality,1
collecting,1
architecturally,1
xiii,1
situated,1
spending,1
father,1
birth,1
upon,1
cult,1
genres,1
perwich,1
giles,1
obedient,1
clerical,1
guercino,1
recover,1
medium,1
encouraged,1
top,1
entirely,1
copyist,1
sold,1
prevailed,1
virtually,1
factor,1
maria,1
chichester,1
educating,1
poussin,1
distanced,1
exhibited,1
rare,1
gilt,1
trust,1
trip,1
full,1
guest,1
luxembourg,1
stayed,1
intimacy,1
accoutrements,1
acclaim,1
errands,1
reattributed,1
harvey,1
holmby,1
low,1
tiles,1
compositions,1
landscapes,1
callington,1
hmc,1
urbana,1
royalty,1
accessed,1
archaeological,1
directed,1
modem,1
obtaining,1
costumes,1
passe,1
sustain,1
ireland,1
co,1
august,1
modena,1
vested,1
christopher,1
keep,1
gelded,1
supplying,1
esye,1
lionne,1
gibbons,1
general,1
function,1
brussels,1
vintage,1
analysing,1
negara,1
features,1
collected,1
stages,1
felt,1
easter,1
filled,1
tuscany,1
anyone,1
bap,1
keen,1
verneuil,1
black,1
ural,1
expressing,1
legacy,1
short,1
instruction,1
titre,1
quick,1
rubens,1
padua,1
sojourn,1
procurement,1
roofs,1
especially,1
xviie,1
enough,1
commentators,1
systems,1
satisfy,1
promote,1
unpopular,1
eyes,1
conduits,1
allusion,1
relation,1
wise,1
contact,1
topics,1
effect,1
teach,1
barbarino,1
structure,1
january,1
balsamic,1
probably,1
conscience,1
rhetorical,1
slightly,1
greece,1
modish,1
acceded,1
roomes,1
commissioning,1
corners,1
dismissive,1
bagni,1
quarterly,1
nothing,1
hope,1
etiquette,1
opulence,1
justice,1
joiners,1
concerted,1
piombo,1
buildings,1
toskana,1
suspects,1
ranging,1
european,1
space,1
carried,1
suggestion,1
relying,1
states,1
laureate,1
availability,1
circle,1
me,1
singer,1
pavilions,1
note,1
epitomize,1
crucial,1
patriotic,1
plays,1
ideology,1
ministry,1
reasonable,1
albion,1
postmaster,1
deeming,1
rumours,1
primarily,1
dragged,1
nexus,1
consul,1
dnb,1
off,1
team,1
fs,1
importantly,1
originated,1
marrying,1
countries,1
length,1
frames,1
gallery,1
dans,1
expectations,1
construction,1
continually,1
entrusted,1
united,1
achieve,1
baron,1
antiquities,1
supporting,1
urged,1
ld,1
appointments,1
face,1
césars,1
leave,1
erudite,1
princes,1
paying,1
safeguarding,1
hoschett,1
fought,1
courtly,1
warrants,1
neglected,1
seriously,1
wars,1
curious,1
rarely,1
fifteen,1
liked,1
associated,1
mainly,1
protracted,1
following,1
suite,1
series,1
dishes,1
version,1
corresponded,1
must,1
pompously,1
halt,1
athens,1
demonstrate,1
simply,1
extensive,1
wear,1
ever,1
restored,1
vi,1
offered,1
tics,1
bronze,1
rival,1
constructed,1
alludes,1
marylebone,1
eleven,1
temple,1
doi,1
loving,1
acquisitions,1
helenjacobsen,1
jagobsen,1
command,1
moscatelli,1
der,1
novelties,1
concurs,1
hospitality,1
defining,1
ran,1
intellectually,1
xxxn,1
dominated,1
deficiencies,1
ministerial,1
tendencies,1
each,1
bravery,1
clifford,1
equipage,1
anthropology,1
different,1
affirming,1
dunbar,1
walpole,1
roman,1
gone,1
capital,1
fabrication,1
best,1
unknown,1
ft,1
pragmatic,1
prominence,1
denoted,1
appendix,1
printed,1
heemskerck,1
presence,1
simmeps,1
thy,1
visiting,1
judgements,1
loyalty,1
capacity,1
chillingworth,1
paintwork,1
potency,1
brothers,1
collectors,1
entering,1
unter,1
manchester,1
magnified,1
sciall,1
samwell,1
choosing,1
build,1
fauconberg,1
wood,1
past,1
breughel,1
blérancourt,1
living,1
merely,1
salomon,1
illustrata,1
beginning,1
quietly,1
born,1
suffering,1
roles,1
wit,1
virtual,1
muskadine,1
salvator,1
attain,1
heads,1
accurate,1
carefully,1
investigation,1
magnificence,1
circles,1
unique,1
spatial,1
kevin,1
ones,1
want,1
cause,1
era,1
character,1
anc,1
erudition,1
suspicions,1
hoped,1
statement,1
lengths,1
writes,1
problem,1
toe,1
getting,1
customary,1
appetite,1
collector,1
studying,1
glorification,1
secure,1
osborne,1
hyde,1
danby,1
agreed,1
remodelling,1
shqftesbury,1
rehearsals,1
transgression,1
incorporated,1
replacement,1
impecunious,1
adorned,1
port,1
pc,1
popular,1
conference,1
heading,1
nj,1
miscellanea,1
capable,1
fulfilment,1
poems,1
circumstances,1
gt,1
crathorne,1
little,1
reim,1
sea,1
resignation,1
balditio,1
musician,1
press,1
arlingtons,1
republic,1
yearly,1
memorializing,1
ac,1
giving,1
focal,1
subject,1
rationale,1
oil,1
connoisseur,1
commodities,1
lully,1
merchant,1
indebted,1
pepys,1
coins,1
cognoissance,1
voyage,1
frivolous,1
decked,1
rewarding,1
our,1
antique,1
buying,1
montague,1
modells,1
promoted,1
enthusiasm,1
devoted,1
titian,1
scinne,1
commercial,1
cosmopolitan,1
unable,1
geld,1
friendships,1
reveals,1
cas,1
pageantry,1
follow,1
functions,1
reconsiders,1
contract,1
eunuch,1
boosted,1
materials,1
scathing,1
write,1
washington,1
workemanshipp,1
motives,1
explanation,1
harm,1
isles,1
retiring,1
jacobean,1
ended,1
contributed,1
offer,1
instead,1
sciortly,1
pleasing,1
land,1
define,1
need,1
werff,1
opinions,1
levy,1
autumn,1
cornforth,1
involving,1
effects,1
nott,1
gentry,1
attempted,1
philosophy,1
area,1
underlined,1
doubtless,1
share,1
profits,1
thousand,1
specific,1
besides,1
vanity,1
taking,1
ceiling,1
assumed,1
actions,1
resources,1
pensions,1
arrived,1
mason,1
putt,1
supervise,1
ascendancy,1
ham,1
commodity,1
cerch,1
drinkes,1
kingly,1
mp,1
foure,1
create,1
views,1
occur,1
ownership,1
lisbon,1
coote,1
images,1
immediately,1
strong,1
uk,1
ends,1
palate,1
recent,1
test,1
darling,1
broader,1
christina,1
asked,1
doing,1
ca,1
schiavone,1
admired,1
otto,1
cited,1
major,1
perception,1
sculptor,1
saragosa,1
gold,1
grants,1
