WORDCOUNTS,WEIGHT
the,654
and,334
of,325
in,255
to,202
a,136
cartels,113
was,92
that,82
were,80
dutch,73
for,66
on,60
as,55
economic,54
market,50
agreements,49
cartel,46
not,46
competition,45
had,44
their,43
with,40
be,40
business,39
this,37
by,36
netherlands,36
it,35
european,35
they,34
government,33
industry,33
or,33
an,32
act,31
policy,30
de,29
firms,28
during,27
s,25
other,25
which,23
van,22
could,22
more,22
no,21
law,21
collusion,20
only,20
from,20
did,20
economy,19
such,18
trade,18
number,17
when,17
became,17
at,16
general,16
industries,16
after,16
its,16
national,16
agreement,16
countries,16
also,15
toward,15
all,14
bouwens,14
even,14
example,14
prices,14
these,14
regulation,14
new,14
see,14
system,13
en,13
companies,13
however,13
been,13
both,13
cartelization,13
one,12
international,12
markets,12
war,12
but,12
sector,12
dankers,12
many,12
time,12
ministry,12
have,12
between,12
bram,11
first,11
joost,11
production,11
interest,11
century,11
most,11
legislation,11
forms,11
mergers,10
cooperation,10
against,10
than,10
under,10
same,10
history,9
europe,9
laws,9
price,9
based,9
public,9
practices,9
j,9
industrial,9
hand,9
began,9
considered,9
jong,9
among,9
way,8
tion,8
into,8
businessmen,8
how,8
out,8
small,8
several,8
situation,8
community,8
arrangements,8
ed,8
end,8
made,8
register,8
continued,8
is,8
restrictive,8
passed,8
years,8
twentieth,8
illegal,7
position,7
there,7
within,7
affairs,7
instruments,7
legal,7
numbers,7
eec,7
m,7
view,7
changed,7
decline,7
world,7
fact,7
free,7
success,7
would,7
period,7
become,7
percent,7
we,7
figure,7
attitude,7
lost,7
any,7
acquisitions,7
until,7
although,7
enterprise,7
re,7
strong,7
ments,6
common,6
long,6
textiles,6
nevertheless,6
political,6
coordinated,6
less,6
some,6
decree,6
since,6
collusive,6
kind,6
ment,6
german,6
gradually,6
w,6
important,6
decades,6
came,6
eu,6
though,6
invisible,6
role,6
part,6
policies,6
own,6
up,6
nma,6
registered,6
com,6
oxford,6
enforce,6
others,6
longer,6
state,6
existing,6
practice,6
clear,6
over,6
each,6
are,6
regulations,6
while,6
paradise,6
conditions,6
states,6
american,5
great,5
products,5
producers,5
cases,5
influence,5
henk,5
politicians,5
changes,5
liberal,5
impact,5
collude,5
order,5
generally,5
still,5
reconstruction,5
about,5
kroes,5
home,5
griffiths,5
sluyterman,5
restrictions,5
so,5
nederlandse,5
europese,5
fixing,5
who,5
types,5
regulated,5
country,5
different,5
them,5
tions,5
dominant,5
chemical,5
sectors,5
early,5
archives,4
e,4
mar,4
germany,4
formed,4
easily,4
total,4
paper,4
materials,4
negative,4
consistent,4
taken,4
parties,4
turnover,4
differences,4
antitrust,4
nederland,4
vital,4
illustrates,4
g,4
nor,4
journal,4
certain,4
strengthen,4
raw,4
response,4
result,4
found,4
determines,4
businesses,4
focused,4
nether,4
viewed,4
london,4
binding,4
ter,4
het,4
action,4
limited,4
two,4
gentlemen,4
financial,4
pressure,4
took,4
wartime,4
including,4
use,4
largely,4
engaged,4
open,4
op,4
peter,4
allowed,4
systems,4
structure,4
attention,4
hague,4
increasing,4
foreign,4
itself,4
authorities,4
prohibited,4
changing,4
anticartel,4
branches,4
control,4
commission,4
inv,4
ar,4
what,4
form,4
through,4
regulate,4
activity,4
lands,4
lusion,4
traditional,4
much,4
col,4
difficult,3
declared,3
car,3
if,3
adopt,3
created,3
affected,3
large,3
barriers,3
ii,3
later,3
suslow,3
room,3
take,3
case,3
issue,3
con,3
has,3
u,3
condition,3
mutual,3
richard,3
owners,3
quota,3
framework,3
dynamics,3
development,3
cooperate,3
guilders,3
perspective,3
contrary,3
left,3
ness,3
neelie,3
chter,3
offices,3
costs,3
growth,3
performance,3
organizing,3
dealt,3
similar,3
support,3
making,3
means,3
reason,3
organization,3
allocation,3
textile,3
fixed,3
whereas,3
foodstuff,3
decartelization,3
amsterdam,3
objectives,3
tools,3
europa,3
produced,3
because,3
abuse,3
line,3
work,3
received,3
sept,3
secret,3
data,3
positions,3
restructuring,3
fit,3
risks,3
good,3
cope,3
family,3
depression,3
governments,3
protect,3
petition,3
parliament,3
likely,3
demand,3
reduced,3
functioning,3
ternational,3
bill,3
social,3
members,3
majority,3
structures,3
power,3
shows,3
strawboard,3
serious,3
competitors,3
accepted,3
heavily,3
ondernemers,3
slow,3
encouraged,3
een,3
exports,3
economische,3
dominated,3
held,3
david,3
like,3
function,3
brussels,3
high,3
played,3
counted,3
earlier,3
decreased,3
internal,3
employees,3
often,3
effect,3
can,3
trades,3
postwar,3
table,3
independent,3
vertical,3
schr,3
seen,3
cartelizat,3
britain,3
construction,3
united,3
enforced,3
coordination,3
external,3
gemeenschap,3
historian,3
circumstances,3
tered,3
utrecht,3
der,3
half,3
domestic,3
sellers,3
particularly,3
goods,3
associations,3
leiden,3
growing,3
beginning,3
according,3
voor,3
maintain,3
busi,3
almost,3
easy,3
ac,3
kleinw,3
levenstein,3
maintained,3
jan,3
quotas,3
instead,3
whitley,3
product,3
france,3
doing,3
campaign,3
supported,3
should,3
outlawed,3
proposed,2
corporate,2
uitermark,2
profitability,2
announced,2
minutes,2
fined,2
identify,2
designed,2
second,2
regis,2
di,2
completely,2
bruggeman,2
studies,2
decade,2
western,2
occurred,2
before,2
exceptions,2
jp,2
test,2
member,2
either,2
stressed,2
sources,2
dustries,2
interests,2
entailed,2
concentrated,2
might,2
asso,2
promoting,2
seems,2
nature,2
attractive,2
tradition,2
stringent,2
leading,2
wave,2
pressed,2
launched,2
subsequent,2
robert,2
camijn,2
zwolle,2
similarities,2
courage,2
keetie,2
partners,2
existence,2
resulted,2
verticale,2
helga,2
firm,2
enforcement,2
cre,2
entrepreneurs,2
powers,2
hun,2
surrounded,2
supervision,2
establishment,2
brew,2
minimum,2
ross,2
controlled,2
exist,2
central,2
million,2
thus,2
review,2
explained,2
professor,2
due,2
scarce,2
relatively,2
scherer,2
considerable,2
dis,2
initiate,2
ciation,2
ver,2
allocating,2
verbonden,2
output,2
find,2
drawn,2
consequently,2
gemeenschappen,2
transactions,2
fierce,2
ers,2
york,2
essential,2
rather,2
l,2
main,2
developed,2
forced,2
rangements,2
approaches,2
associate,2
parts,2
study,2
enabled,2
crusade,2
supposed,2
developments,2
wages,2
university,2
signed,2
benefits,2
branch,2
stabilizing,2
welfare,2
k,2
instrument,2
weak,2
four,2
graphic,2
organisation,2
winkelman,2
strategy,2
greater,2
palmer,2
closely,2
declined,2
societies,2
called,2
zanden,2
deal,2
ket,2
further,2
occupation,2
mainly,2
prohibit,2
energy,2
metals,2
explain,2
aspects,2
undermined,2
failure,2
gained,2
prewar,2
basis,2
r,2
used,2
intense,2
scope,2
organize,2
imports,2
preferred,2
brought,2
whole,2
tels,2
discussions,2
place,2
noted,2
participated,2
specialization,2
planning,2
occupied,2
endorsed,2
coordina,2
macroeconomic,2
solution,2
successful,2
billion,2
hard,2
contrast,2
instru,2
oct,2
eco,2
initiating,2
sufficient,2
multinational,2
helene,2
paid,2
value,2
activities,2
seemed,2
appeal,2
sanctions,2
critical,2
led,2
units,2
matter,2
attempts,2
various,2
unification,2
service,2
expansion,2
play,2
nearly,2
reduce,2
july,2
intervention,2
once,2
fair,2
revealed,2
experienced,2
rules,2
restricted,2
disastrous,2
perceived,2
management,2
participants,2
shifting,2
sharply,2
friedrich,2
accelerated,2
partly,2
secretiveness,2
reliance,2
increasingly,2
arranging,2
enterprises,2
french,2
printing,2
registration,2
vealed,2
lack,2
plan,2
agree,2
enable,2
germans,2
really,2
aug,2
opformaat,2
discussed,2
minister,2
never,2
outside,2
do,2
operating,2
continuing,2
dred,2
strategies,2
necessary,2
internationalization,2
overcapacity,2
ibid,2
remained,2
another,2
extended,2
commissie,2
discussion,2
cambridge,2
procedure,2
sold,2
prevailed,2
persisted,2
i,2
charge,2
low,2
three,2
kartelrecht,2
tional,2
hampered,2
maintenance,2
co,2
counter,2
nonbinding,2
collaboration,2
especially,2
geschiedenis,2
promote,2
relation,2
pro,2
capitalism,2
colluding,2
figures,2
institution,2
nomic,2
concluded,2
decision,2
jaar,2
bankruptcies,2
declaration,2
today,2
note,2
kartelparadijs,2
she,2
crucial,2
five,2
fear,2
employment,2
fewer,2
widespread,2
resumed,2
un,2
tive,2
methods,2
efficiency,2
existed,2
respect,2
ing,2
emerging,2
competi,2
insurance,2
classification,2
share,2
economically,2
known,2
mained,2
organizational,2
alternative,2
outcome,2
restric,2
rebates,2
principle,2
shares,2
global,2
board,2
resale,2
differed,2
quoted,2
passage,2
prosecute,2
consultants,2
combined,2
stability,2
selected,2
imposed,2
attitudes,2
liberalization,2
leaving,2
distribution,2
extent,2
ulated,2
mok,2
agreed,2
suggests,2
threat,2
contain,2
categories,2
boston,2
commissioner,2
subsidies,2
beer,2
ec,2
die,2
step,2
went,2
connotation,2
phenomenon,2
complaints,2
come,2
formation,2
conducive,2
intensified,2
jacques,2
naomi,2
harm,2
crisis,2
documentation,2
actively,2
define,2
need,2
evidence,2
effects,2
defined,2
attempted,2
shift,2
increased,2
dertig,2
profits,2
offered,2
safeguard,2
lamoreaux,2
c,2
strategic,2
supply,2
cline,2
sharing,2
eries,2
vis,2
little,2
develop,2
gerwen,2
focus,2
euro,2
hypothesis,2
final,1
intricate,1
does,1
now,1
interpre,1
mostly,1
o,1
personally,1
gelet,1
lation,1
metal,1
nmanet,1
stu,1
acknowl,1
horizontal,1
multiple,1
heineken,1
cent,1
argued,1
imported,1
scien,1
stoves,1
judging,1
timoth,1
deduced,1
distress,1
accords,1
college,1
repre,1
shipbuilding,1
intriguing,1
tijdreeksen,1
olie,1
natural,1
ultimate,1
merg,1
cozy,1
berlin,1
per,1
forcing,1
clung,1
hearings,1
valerie,1
troduced,1
replaced,1
comprised,1
drastically,1
kinds,1
provisions,1
peuvent,1
properly,1
crafting,1
stim,1
pieter,1
word,1
diversification,1
authority,1
openness,1
harald,1
omy,1
motivation,1
ways,1
h,1
rounded,1
hypotheses,1
opkomst,1
centration,1
creasing,1
jonathan,1
nl,1
deregulation,1
favor,1
operated,1
diffuse,1
verkla,1
protection,1
clas,1
cycles,1
wereldoorlog,1
classify,1
geer,1
tween,1
schrover,1
detrimental,1
em,1
fice,1
lisra,1
sys,1
nineteenth,1
contested,1
chandler,1
track,1
mededingingsbeleid,1
variety,1
eager,1
contexts,1
downturns,1
mote,1
intentions,1
experience,1
anti,1
being,1
accede,1
expanding,1
inhibited,1
mededingingsautoriteit,1
www,1
istry,1
embraced,1
parliamentary,1
inexorable,1
infringe,1
avoiding,1
nonexistent,1
onderne,1
allocations,1
exclusive,1
concerned,1
breweries,1
degree,1
rational,1
burea,1
official,1
chemicals,1
definition,1
onverbindend,1
damaged,1
friendly,1
company,1
cial,1
reach,1
principles,1
nesses,1
continue,1
advantage,1
assertion,1
ble,1
together,1
industrie,1
reasons,1
bavaria,1
momentum,1
rich,1
nineteen,1
condi,1
achievement,1
kolen,1
zwangskartellen,1
bestem,1
able,1
hundred,1
strategie,1
tinction,1
maurice,1
improved,1
substi,1
consist,1
written,1
authori,1
murray,1
stimulative,1
practicable,1
monopolistic,1
mr,1
raised,1
those,1
algemeen,1
staff,1
pean,1
atoomenergie,1
investigations,1
ber,1
nal,1
diversify,1
wage,1
solved,1
ity,1
behind,1
dissolved,1
possibility,1
worldwide,1
forsyth,1
lawmakers,1
est,1
takes,1
governmental,1
legisla,1
verloren,1
arnoldus,1
inquire,1
strat,1
owing,1
tie,1
autonomous,1
key,1
framing,1
adverse,1
trans,1
grolsch,1
draw,1
hall,1
ventures,1
ondernemersconcentra,1
economics,1
cepted,1
account,1
italian,1
opened,1
felt,1
prior,1
possible,1
determined,1
ered,1
concentrating,1
establishing,1
opment,1
calculated,1
taking,1
inhibiting,1
headed,1
except,1
far,1
classifications,1
nusbaum,1
liberals,1
requirements,1
belang,1
milder,1
representing,1
enter,1
mentally,1
mat,1
economies,1
prosecu,1
tionally,1
prevented,1
engage,1
holland,1
analyse,1
sign,1
behavior,1
pillar,1
margarineconventie,1
labor,1
companied,1
regarding,1
acquisi,1
err,1
unaccustomed,1
cluded,1
textielfabrikanten,1
weakened,1
severe,1
facts,1
difficulties,1
conceals,1
run,1
longevity,1
converged,1
inflation,1
visited,1
multinationals,1
zes,1
moment,1
confining,1
num,1
relations,1
distri,1
anticompetitive,1
te,1
consumer,1
labyrinth,1
application,1
ference,1
rooted,1
dealings,1
z,1
wendy,1
valid,1
old,1
ation,1
keep,1
euros,1
statistische,1
fig,1
funda,1
compulsory,1
http,1
channels,1
houses,1
wholly,1
allowing,1
groningen,1
dates,1
apr,1
fines,1
applying,1
effective,1
competitor,1
criterion,1
employers,1
alliances,1
compare,1
profit,1
formulate,1
y,1
stimulating,1
look,1
plau,1
wet,1
colluded,1
jones,1
hardly,1
siders,1
weakness,1
economisch,1
restricting,1
coal,1
bonuses,1
adjust,1
cheltenham,1
fixant,1
mechanism,1
revitalize,1
uncooperative,1
verbindend,1
higher,1
aim,1
ues,1
failed,1
site,1
assessed,1
opposed,1
poor,1
fischer,1
vegetable,1
recognized,1
americans,1
added,1
maastricht,1
bring,1
mes,1
across,1
basic,1
fuels,1
oversee,1
landscape,1
na,1
af,1
revenues,1
process,1
neglected,1
lasting,1
sherman,1
active,1
adopted,1
signaled,1
stipulating,1
opportunity,1
arm,1
tel,1
collec,1
heard,1
flexible,1
ex,1
b,1
connec,1
variant,1
cru,1
direct,1
recently,1
generating,1
packaging,1
bers,1
uncertainties,1
observ,1
strate,1
overlooked,1
crise,1
reinforce,1
factors,1
moreover,1
perilous,1
shell,1
sade,1
hetalgemeen,1
rising,1
understand,1
downward,1
discounts,1
perceptions,1
facilitated,1
consultation,1
wanted,1
staatscourant,1
les,1
sorts,1
geeve,1
established,1
imposing,1
severity,1
organized,1
autoriteiten,1
ulate,1
aura,1
abuses,1
seeking,1
just,1
spirit,1
n,1
receiving,1
nationals,1
fertilizers,1
marlou,1
unfavorable,1
prohib,1
mersorganisaties,1
too,1
fare,1
prevent,1
iting,1
agricultural,1
commonly,1
initiative,1
operate,1
ondernemersovereenkomsten,1
statement,1
efficient,1
cotton,1
punishable,1
prosecution,1
networked,1
ming,1
shifted,1
restriction,1
publicity,1
article,1
entrepre,1
cut,1
eekhoff,1
regulatory,1
disappeared,1
union,1
econonomische,1
royal,1
unlike,1
tariffs,1
acceptable,1
geoffrey,1
semarang,1
path,1
concentration,1
conservative,1
superfluous,1
ambition,1
traditionally,1
typical,1
cli,1
access,1
p,1
ambitions,1
taboo,1
ambiguity,1
seven,1
facilitate,1
agendas,1
ironically,1
tweede,1
vigorous,1
attained,1
im,1
bution,1
handbook,1
collectieve,1
ger,1
techniek,1
equally,1
shake,1
mate,1
appears,1
gesetz,1
intensity,1
tile,1
mogeneous,1
scale,1
kets,1
record,1
textielonderneming,1
revision,1
procedures,1
centrale,1
guarantee,1
facilities,1
source,1
professionals,1
nant,1
beschikking,1
governing,1
directly,1
zeitlin,1
eliminate,1
improve,1
globally,1
well,1
taxes,1
weight,1
suspended,1
participation,1
peans,1
degrees,1
flourish,1
nies,1
pr,1
tool,1
instituted,1
voted,1
prompted,1
lidstaten,1
purpose,1
explains,1
competing,1
civil,1
apparent,1
clearer,1
confined,1
related,1
nation,1
interna,1
domi,1
pletely,1
ascertain,1
ten,1
neutrality,1
quinine,1
loss,1
year,1
gies,1
describe,1
riders,1
broad,1
wells,1
icon,1
collective,1
constitute,1
records,1
people,1
johann,1
point,1
butter,1
stimulate,1
winter,1
kruithof,1
forces,1
rene,1
regional,1
plurality,1
enfamilisme,1
compact,1
nederlanden,1
oli,1
alan,1
president,1
status,1
wertheimer,1
strongest,1
declara,1
tolerance,1
egy,1
relentless,1
t,1
delay,1
citing,1
vettenindustrie,1
ren,1
change,1
multiplicity,1
terested,1
published,1
creating,1
accused,1
least,1
eine,1
sense,1
caused,1
describing,1
field,1
tom,1
shaping,1
theoretically,1
suggest,1
bloei,1
grew,1
next,1
publicatieblad,1
television,1
imposition,1
collabo,1
vulnera,1
stimulated,1
ain,1
quite,1
ward,1
variaties,1
acted,1
atmosphere,1
event,1
involved,1
around,1
characteristics,1
few,1
wider,1
quaedvlieg,1
routine,1
merkartikelen,1
starting,1
temporary,1
tation,1
trusts,1
choosing,1
diversified,1
impossible,1
delegated,1
core,1
nullifying,1
terests,1
fiva,1
barely,1
dynamische,1
productivity,1
papieren,1
fuses,1
industrywide,1
regulating,1
substituted,1
philips,1
jhr,1
institu,1
massive,1
reducing,1
impor,1
corporatist,1
battles,1
avoid,1
society,1
tweehonderd,1
wormer,1
comm,1
threatened,1
he,1
bijzondere,1
transform,1
arrangement,1
authorization,1
dealing,1
ingredients,1
prac,1
elimination,1
gears,1
tively,1
fective,1
rope,1
interference,1
paralyzed,1
meenschap,1
lag,1
comparative,1
resisted,1
mededingingsrecht,1
caught,1
schemes,1
motivated,1
wait,1
onward,1
brief,1
allowable,1
neverthe,1
exception,1
oscar,1
forbidden,1
standardization,1
april,1
collu,1
slag,1
enjoint,1
tor,1
make,1
permissible,1
movement,1
ondernemen,1
put,1
innovation,1
positive,1
single,1
label,1
grainne,1
eral,1
elapsed,1
indus,1
heek,1
permission,1
deel,1
treaty,1
oldenzaal,1
thought,1
soon,1
neous,1
zat,1
continuity,1
ployment,1
brems,1
challenged,1
priceexclusive,1
neither,1
tually,1
stip,1
pres,1
marshall,1
processing,1
representa,1
adjusted,1
culture,1
abandon,1
dropped,1
cines,1
dan,1
colonial,1
illustrated,1
verging,1
disagreed,1
goey,1
bar,1
rome,1
rise,1
frameworks,1
exploit,1
avoided,1
declining,1
useful,1
chose,1
ceramic,1
benefi,1
concentratie,1
optimize,1
organizations,1
oral,1
successfully,1
sketchy,1
paul,1
jeffrey,1
statistiek,1
stated,1
fell,1
again,1
schachter,1
pointed,1
ask,1
gemeenschapsrecht,1
contin,1
compa,1
manufactur,1
americanization,1
lacked,1
usefulness,1
twenty,1
terminating,1
limit,1
preserve,1
foodstuffs,1
underestimated,1
scholars,1
buyers,1
striking,1
wholesaling,1
predominant,1
appeared,1
documents,1
enact,1
reform,1
choice,1
inevitably,1
outdated,1
ge,1
als,1
practical,1
larger,1
classical,1
banks,1
atomic,1
john,1
soskice,1
ottenvanger,1
collapses,1
patchwork,1
seldom,1
mededinging,1
cooperated,1
frederic,1
conclusions,1
jaarboek,1
privatization,1
posits,1
fats,1
covered,1
innovative,1
lesquelles,1
ure,1
income,1
relevant,1
vulnerable,1
ondernemersconcentratie,1
tre,1
answer,1
forcement,1
council,1
ports,1
kartonindustrie,1
producing,1
belief,1
ard,1
books,1
children,1
threats,1
entrepreneurial,1
encountered,1
borne,1
themaat,1
convenient,1
break,1
overseen,1
remove,1
turf,1
traties,1
tude,1
meetings,1
fundamentally,1
stabilize,1
riodes,1
private,1
understanding,1
mean,1
arnoud,1
homoge,1
clients,1
expanded,1
registers,1
tutes,1
pricing,1
effectiveness,1
easier,1
craig,1
trusted,1
onderneming,1
completed,1
upon,1
range,1
prohibition,1
limitations,1
voorburg,1
sides,1
strictions,1
recht,1
depended,1
strongly,1
merge,1
olenzaal,1
cartelists,1
medium,1
expand,1
varying,1
neurs,1
centraal,1
pendent,1
profitable,1
enduring,1
food,1
andjoost,1
priceand,1
voorspel,1
unprofitable,1
gument,1
shoemaking,1
engaging,1
aside,1
survey,1
harvard,1
resulting,1
questions,1
actual,1
variables,1
recovery,1
icy,1
services,1
sible,1
trust,1
gardless,1
aart,1
stopping,1
stayed,1
underwent,1
harvey,1
rejected,1
ties,1
catch,1
sev,1
significance,1
crises,1
inconspicuous,1
margaret,1
loi,1
accessed,1
directed,1
tories,1
oc,1
publication,1
mulated,1
august,1
individual,1
started,1
ef,1
pol,1
summer,1
features,1
terman,1
coordi,1
distinction,1
maximize,1
dustry,1
offense,1
martin,1
cbs,1
institutionalized,1
neutral,1
why,1
favored,1
valued,1
neha,1
oecd,1
problems,1
edged,1
reg,1
dermine,1
sight,1
sensible,1
declare,1
greatly,1
enschede,1
banking,1
examine,1
archetypes,1
james,1
thorized,1
hoyink,1
comfortably,1
slightly,1
dominance,1
ate,1
inde,1
northern,1
prohibiting,1
looming,1
fbi,1
nazi,1
tendency,1
relative,1
joint,1
conveyed,1
rahl,1
goyder,1
cen,1
achieve,1
permit,1
widely,1
von,1
merger,1
sented,1
suspension,1
terri,1
limiting,1
teichova,1
staffed,1
regained,1
carried,1
wyatt,1
unstable,1
inelastic,1
nizations,1
kartelle,1
spiral,1
backward,1
dual,1
commentator,1
frontrunners,1
raise,1
bureau,1
luiten,1
hsg,1
sometimes,1
usually,1
extinguish,1
criminal,1
handshake,1
outsiders,1
syndicates,1
impressive,1
ideology,1
bound,1
program,1
begin,1
vague,1
sec,1
dec,1
multi,1
dragged,1
crimi,1
neergang,1
exceptional,1
umbrella,1
context,1
interfere,1
detailed,1
force,1
economists,1
criminalize,1
requests,1
rapidly,1
rection,1
try,1
tendering,1
indicate,1
portunities,1
schelven,1
smes,1
herman,1
settled,1
es,1
strive,1
dans,1
plex,1
midst,1
hope,1
prijsbinding,1
sage,1
endure,1
curring,1
frame,1
administering,1
consid,1
articles,1
tems,1
sound,1
rigorous,1
influencing,1
bergeijk,1
meant,1
rangement,1
stephen,1
wel,1
prises,1
ration,1
seriously,1
then,1
artikel,1
constant,1
material,1
following,1
dordrecht,1
intervened,1
series,1
conclusion,1
incorporated,1
slowing,1
extensive,1
steel,1
constituted,1
officially,1
accounts,1
reinforced,1
extension,1
pace,1
entry,1
membership,1
rebate,1
symbol,1
equipment,1
calcu,1
offers,1
here,1
set,1
dj,1
brom,1
forty,1
prising,1
terprises,1
mis,1
extant,1
ondernemende,1
sure,1
bedrijfsen,1
finance,1
scientist,1
concen,1
december,1
ratio,1
fairs,1
sizes,1
save,1
seem,1
capital,1
hellawell,1
best,1
leaders,1
confidential,1
organiza,1
argue,1
cyclical,1
current,1
allied,1
grossman,1
eventually,1
brusse,1
er,1
neoliber,1
staal,1
compliance,1
obviously,1
research,1
rely,1
very,1
equilibrium,1
obligatoires,1
proved,1
fail,1
tracted,1
build,1
ambivalent,1
tex,1
climate,1
meager,1
works,1
type,1
markttheorie,1
harped,1
ichtung,1
better,1
turned,1
clarity,1
sluy,1
tices,1
succeeded,1
explanations,1
literature,1
tist,1
month,1
whether,1
rose,1
ferry,1
kartelvorming,1
pact,1
particular,1
min,1
deventer,1
erect,1
vigorously,1
obso,1
alice,1
foundations,1
oth,1
perpetrated,1
oils,1
illegally,1
local,1
divide,1
tives,1
cijfers,1
handshakes,1
tant,1
information,1
hundreds,1
vergelijkende,1
des,1
posi,1
popular,1
derived,1
varieties,1
milward,1
homogene,1
economist,1
notified,1
transport,1
altered,1
eerste,1
thereby,1
conclude,1
medi,1
redundant,1
uniform,1
introduced,1
preferable,1
sautter,1
pre,1
econ,1
prevalent,1
belgium,1
devel,1
schaalvergroting,1
subject,1
tried,1
impose,1
assumptions,1
nussbaum,1
duction,1
confronted,1
sion,1
investigated,1
atti,1
harvesting,1
commodities,1
sidered,1
programs,1
wojaar,1
challenges,1
definitions,1
au,1
ho,1
aspect,1
trepreneurs,1
productiestatistieken,1
varied,1
eric,1
question,1
entrants,1
saw,1
statute,1
economie,1
innsbruck,1
differentiation,1
rendu,1
ignored,1
disappear,1
undue,1
initiated,1
contract,1
abused,1
paradigm,1
web,1
institutional,1
frage,1
exerted,1
quisitions,1
bicycles,1
lete,1
pons,1
imperative,1
aware,1
dejaren,1
protesting,1
structuring,1
offer,1
joined,1
consumers,1
repressing,1
integrated,1
enabling,1
consumption,1
environ,1
sur,1
manufacture,1
integration,1
already,1
jsbinding,1
sification,1
off,1
loe,1
invad,1
objections,1
inertness,1
fine,1
association,1
sential,1
orga,1
volkswirtschaft,1
financially,1
asbeek,1
inclination,1
potential,1
deciding,1
settle,1
tradi,1
arrange,1
ensuring,1
allegedly,1
fellows,1
themselves,1
supervise,1
straw,1
protested,1
berichten,1
reached,1
gelijkende,1
dictated,1
views,1
asymmetry,1
import,1
technological,1
dif,1
observed,1
koninkrijk,1
unilever,1
resembled,1
proponent,1
panies,1
hans,1
close,1
major,1
occur,1
looking,1
thorough,1
