WORDCOUNTS,WEIGHT
the,675
of,524
and,374
in,309
to,278
a,202
that,126
his,101
as,99
their,88
or,78
business,75
und,61
for,59
failure,58
they,55
bankruptcy,52
der,51
höchstetter,49
early,49
it,48
were,48
with,48
modern,45
s,45
had,45
augsburg,45
by,45
from,45
scandal,42
creditors,42
not,41
he,40
but,40
is,39
an,37
was,36
höchstetters,36
economic,35
which,35
on,35
all,31
no,31
be,31
have,30
capital,29
one,27
such,27
its,27
also,27
ambrosius,26
this,26
at,25
would,24
ed,23
state,22
than,21
see,21
who,21
them,21
merchants,20
zur,20
century,20
community,20
could,19
yet,19
thomas,19
geschichte,19
die,19
into,18
those,18
debts,18
only,18
bankruptcies,18
safley,18
property,18
europe,17
rather,17
well,17
civil,17
studien,17
these,17
social,17
more,17
so,17
augsburger,17
gulden,17
market,16
other,16
max,16
bankrupt,16
new,16
fugger,16
des,16
between,16
common,15
failures,15
bankrupts,14
values,14
reputation,14
city,14
merchant,14
crisis,14
kern,13
firm,13
im,13
rhenische,13
less,13
economy,13
history,12
might,12
some,12
risk,12
certain,12
most,12
many,12
time,12
associates,12
set,12
are,12
among,12
sa,11
mercury,11
may,11
von,11
das,11
good,11
when,11
authorities,11
did,11
against,10
development,10
result,10
public,10
family,10
do,10
number,10
another,10
private,10
been,10
finance,10
commercial,10
years,10
ibid,10
nor,9
even,9
legal,9
understood,9
order,9
society,9
indeed,9
period,9
any,9
different,9
through,9
until,9
conditions,9
english,8
brüder,8
betrüger,8
first,8
great,8
money,8
sixteenth,8
very,8
standards,8
international,8
freunde,8
however,8
loss,8
settlement,8
management,8
ordinance,8
law,8
financial,8
success,8
own,8
individual,8
after,8
exchange,8
cinnabar,8
ehrenberg,8
what,8
both,8
way,7
over,7
settlements,7
obligations,7
source,7
production,7
has,7
behavior,7
thus,7
large,7
price,7
handelsgesellschaft,7
york,7
stuttgart,7
fixed,7
häberlein,7
further,7
change,7
practice,7
value,7
practices,7
honor,7
deutschen,7
payment,7
zeitalter,7
becomes,7
case,7
goods,7
according,7
whether,7
form,7
became,7
institutional,7
colleagues,7
entire,7
total,6
there,6
glauben,6
ferdinand,6
account,6
possible,6
shared,6
point,6
himself,6
central,6
bonorum,6
loans,6
process,6
means,6
klinkert,6
out,6
suffered,6
example,6
monopoly,6
few,6
munich,6
ordnung,6
schumpeter,6
decline,6
boundaries,6
prescribed,6
relation,6
made,6
nothing,6
him,6
mines,6
become,6
capitalism,6
debtor,6
pay,6
series,6
creditor,6
control,6
cause,6
credit,6
role,6
organization,6
firms,6
themselves,6
enterprise,6
conjuncture,6
given,6
final,5
if,5
sanctions,5
berlin,5
cycles,5
being,5
vols,5
investments,5
nature,5
operators,5
alike,5
vol,5
entrepreneurs,5
sale,5
fraud,5
human,5
misfortune,5
response,5
general,5
failed,5
german,5
without,5
affairs,5
direct,5
consequence,5
hildebrandt,5
important,5
procedures,5
silver,5
because,5
future,5
received,5
sense,5
attention,5
spätmittelalter,5
paid,5
hermann,5
scandals,5
wolfgang,5
therefore,5
limited,5
innovation,5
sender,5
tirol,5
trauen,5
others,5
fact,5
conduct,5
scholars,5
strategies,5
jahrhundert,5
sell,5
kellenbenz,5
fled,5
upon,5
moral,5
agreement,5
mining,5
can,5
financiers,5
habsburg,5
life,5
why,5
often,5
norms,5
connection,5
brothers,5
losses,5
terms,5
accounts,5
imperial,5
little,5
reserves,5
münch,5
reached,5
much,5
close,5
fraudulent,4
limits,4
resulted,4
studies,4
tübingen,4
before,4
materials,4
long,4
creation,4
attempt,4
capitalist,4
able,4
government,4
reveal,4
court,4
take,4
real,4
damage,4
raised,4
within,4
bohemia,4
shame,4
richard,4
cited,4
jakob,4
historical,4
mine,4
immediate,4
zum,4
brother,4
dealings,4
turn,4
profit,4
function,4
literaliensammlung,4
sort,4
notion,4
earlier,4
study,4
university,4
capitalization,4
proved,4
age,4
beyond,4
followed,4
substantial,4
satisfy,4
gesellschaft,4
wealth,4
placed,4
reinhard,4
part,4
used,4
place,4
personal,4
violated,4
level,4
spanish,4
industry,4
deviant,4
always,4
crime,4
situation,4
variety,4
bis,4
spectacular,4
once,4
oxford,4
two,4
rise,4
payments,4
investors,4
paul,4
reichsstadt,4
developed,4
man,4
where,4
systematic,4
establish,4
council,4
omnicompetence,4
einer,4
behaviors,4
causes,4
engaged,4
grundwerte,4
times,4
businesses,4
hard,4
soziale,4
höchstetterselekt,4
elder,4
lost,4
joseph,4
stable,4
considered,4
then,4
arrest,4
stadt,4
seem,4
far,4
regulations,4
purchase,4
ruin,4
transactions,4
agreed,4
attached,4
despite,4
proceeds,4
question,4
anton,4
cambridge,4
need,4
fol,4
occur,4
gold,4
difficult,3
possessed,3
m,3
medieval,3
later,3
meaning,3
created,3
credibility,3
measures,3
honorable,3
per,3
group,3
complex,3
agency,3
essays,3
hanns,3
ore,3
greater,3
position,3
occurred,3
zwischen,3
whom,3
frankfurt,3
fifteenth,3
interests,3
departure,3
principles,3
individuals,3
textiles,3
broken,3
confidential,3
rich,3
found,3
help,3
last,3
context,3
partners,3
fortune,3
determined,3
marked,3
say,3
familial,3
laws,3
review,3
collapse,3
handel,3
pursuit,3
mosse,3
tables,3
assessment,3
decisions,3
places,3
david,3
perspective,3
chroniken,3
differently,3
highest,3
houses,3
generation,3
businessmen,3
rights,3
act,3
growth,3
main,3
knew,3
signaled,3
proportion,3
consequences,3
risks,3
reputations,3
forced,3
settled,3
servants,3
established,3
commodities,3
commonly,3
neither,3
based,3
acceptable,3
assets,3
called,3
fallitenordnung,3
default,3
viewed,3
coin,3
basis,3
relatives,3
accounting,3
degrees,3
literature,3
industrial,3
statuten,3
during,3
winfried,3
records,3
historische,3
forces,3
status,3
prices,3
nephew,3
least,3
suggest,3
reliable,3
next,3
involved,3
transfer,3
interrogation,3
productivity,3
late,3
am,3
settle,3
behalf,3
wirtschaftsgeschichte,3
chronological,3
will,3
transform,3
european,3
carats,3
corporation,3
göttingen,3
forbidden,3
reduce,3
zusammenbruch,3
handbuch,3
positive,3
single,3
about,3
security,3
evil,3
included,3
same,3
friedrich,3
almadèn,3
functioned,3
sector,3
company,3
members,3
habsburgs,3
mark,3
foreign,3
longer,3
lack,3
pressure,3
creative,3
regulation,3
chronik,3
als,3
larger,3
end,3
took,3
clemens,3
empire,3
durkheim,3
degree,3
remained,3
investment,3
extended,3
discussion,3
treated,3
explanation,3
eighteenth,3
including,3
strieder,3
identity,3
roman,3
full,3
theories,3
open,3
clear,3
three,3
like,3
played,3
serves,3
enjoyed,3
sept,3
destruction,3
rublack,3
negotiations,3
frühen,3
raise,3
continued,3
george,3
provide,3
institutions,3
ehre,3
hundredweight,3
remaining,3
citizens,3
itself,3
cessio,3
earliest,3
claims,3
meant,3
neuzeit,3
circumstances,3
simply,3
ever,3
damaging,3
know,3
excess,3
refused,3
each,3
lenders,3
repaid,3
best,3
creditworthiness,3
provoke,3
er,3
cities,3
wirtschaft,3
person,3
turned,3
proceedings,3
ones,3
maintain,3
theory,3
ceased,3
transaction,3
engagements,3
suggests,3
must,3
multiple,3
jahrhunderts,3
schulze,3
step,3
cash,3
territory,3
copper,3
families,3
insolvency,3
prison,3
innsbruck,3
offer,3
fatal,3
define,3
provided,3
ordnungen,3
states,3
day,3
remains,3
kindleberger,3
charles,3
assumed,3
weber,3
supply,3
städten,3
focus,3
recent,3
miller,2
kondratieff,2
now,2
portuguese,2
possession,2
done,2
groups,2
facto,2
hausund,2
curatores,2
struggled,2
determine,2
liquidity,2
associated,2
alone,2
introduction,2
mar,2
disregard,2
forcing,2
needed,2
erste,2
mobilität,2
authority,2
nikolai,2
h,2
sparsamkeit,2
western,2
raw,2
ian,2
leipzig,2
women,2
certainly,2
ii,2
nürnberger,2
j,2
seems,2
definition,2
parties,2
reach,2
simple,2
chroniclers,2
atlantic,2
debt,2
i,2
achieved,2
stand,2
political,2
suspension,2
ruined,2
daniel,2
takes,2
historians,2
mass,2
ventures,2
opened,2
ordinances,2
condition,2
zorn,2
mutual,2
crowned,2
dutch,2
seizure,2
disadvantage,2
resources,2
framework,2
usage,2
hierarchy,2
throughout,2
germany,2
koenigsberger,2
explained,2
ethical,2
realized,2
de,2
g,2
police,2
relatively,2
businessperson,2
sharp,2
competitor,2
participating,2
cf,2
insofar,2
assured,2
expected,2
narratives,2
outraged,2
frühkapitalismus,2
funds,2
vom,2
amount,2
back,2
vernachlässigten,2
withdraw,2
honesty,2
twelve,2
deceased,2
journal,2
apparently,2
leadership,2
disgraceful,2
festschrift,2
formed,2
fruitless,2
recognized,2
adequate,2
operations,2
exact,2
performance,2
essence,2
fleiß,2
aggressive,2
premodern,2
explicit,2
agreements,2
deliberately,2
opportunity,2
importance,2
derived,2
executions,2
lacking,2
nutzen,2
factors,2
seize,2
voluntarily,2
rumors,2
discreditable,2
wanted,2
statistical,2
retained,2
metallurgy,2
grains,2
organized,2
peasant,2
argued,2
frequently,2
too,2
communities,2
textile,2
fiir,2
notions,2
cost,2
defaulted,2
committee,2
metal,2
opinion,2
strategy,2
decades,2
drawing,2
view,2
reflections,2
leaving,2
closely,2
my,2
wayward,2
decay,2
fragestuck,2
volatility,2
six,2
entered,2
centers,2
demands,2
events,2
representative,2
term,2
punishment,2
zucht,2
mediated,2
frühneuzeitlichen,2
companies,2
cannot,2
aufriß,2
princeton,2
possibility,2
commitments,2
directly,2
erikson,2
work,2
sanction,2
ideal,2
london,2
knowledge,2
apparent,2
whole,2
grants,2
gave,2
broad,2
princely,2
ι,2
imputation,2
structures,2
thereafter,2
et,2
reflect,2
resort,2
withstand,2
hidden,2
redistribution,2
bought,2
wholesale,2
macroeconomic,2
josef,2
caused,2
seized,2
trading,2
loan,2
liquidation,2
small,2
sufficient,2
competitive,2
research,2
distinguished,2
world,2
augsburgers,2
questioning,2
pfund,2
thematik,2
avoid,2
content,2
appeal,2
led,2
glassworks,2
chains,2
reduced,2
cessation,2
jörg,2
concessions,2
wrote,2
hide,2
subject,2
play,2
return,2
released,2
nietzsche,2
constraints,2
poor,2
still,2
bankers,2
reinert,2
year,2
relied,2
eigennutz,2
curators,2
rules,2
territories,2
buried,2
borrowed,2
den,2
formally,2
official,2
hands,2
light,2
already,2
debtors,2
enterprises,2
resolution,2
landesarchiv,2
again,2
städte,2
death,2
put,2
tremendous,2
ständegesellschaft,2
calculation,2
deviance,2
regents,2
treatment,2
preserve,2
indies,2
witnesses,2
resolved,2
pennsylvania,2
deviancy,2
vittl,2
never,2
patterns,2
repayment,2
free,2
innovative,2
deceptive,2
competitors,2
renaissance,2
necessary,2
perhaps,2
books,2
local,2
original,2
dishonorable,2
sombart,2
invested,2
regain,2
formal,2
entirely,2
sold,2
ulstett,2
questions,2
actual,2
examination,2
auseinandersetzungen,2
theoretical,2
trade,2
essay,2
held,2
allowed,2
characterized,2
defaults,2
attaches,2
süddeutscher,2
managerial,2
forms,2
men,2
faith,2
problems,2
guilt,2
commerce,2
k,2
brunner,2
tactics,2
banking,2
v,2
spain,2
saw,2
fall,2
cologne,2
engagement,2
südund,2
gemeinnutz,2
tyroler,2
helmut,2
figure,2
usually,2
fully,2
fear,2
malfeasance,2
fewer,2
seen,2
seventeenth,2
circumstance,2
indicate,2
gemeinen,2
phrase,2
spared,2
insolvencies,2
hierarchical,2
puritans,2
transferring,2
system,2
instances,2
insurance,2
princes,2
prevarication,2
austria,2
contained,2
pepper,2
senior,2
ständische,2
changing,2
grand,2
extension,2
convoys,2
sustained,2
principle,2
readily,2
worth,2
current,2
foundation,2
clearly,2
perfectly,2
ordered,2
past,2
closest,2
outrage,2
quoted,2
für,2
beginning,2
landes,2
catastrophic,2
particular,2
comes,2
hoped,2
passed,2
incompetence,2
her,2
while,2
thieves,2
information,2
u,2
emphasis,2
middle,2
europäischen,2
son,2
carolusgulden,2
bohemian,2
uniform,2
introduced,2
innocent,2
giving,2
activity,2
allows,2
matheus,2
varied,2
especially,2
nov,2
intent,2
ultimately,2
moralists,2
reveals,2
dangerous,2
course,2
although,2
d,2
evidence,2
product,2
effects,2
off,2
speak,2
roughly,2
moved,2
offered,2
withdrew,2
negotiate,2
create,2
predictable,2
adopted,2
traditional,2
technological,2
goldgulden,2
famous,2
gewerbe,2
fiscal,2
hans,2
capitalistic,2
household,2
werner,2
staats,1
appeals,1
deception,1
conze,1
democracy,1
aristocrat,1
does,1
interrogatoria,1
kongressakten,1
complaint,1
amplify,1
duplicities,1
mostly,1
o,1
vor,1
anita,1
booms,1
generalization,1
appealed,1
declared,1
königsberger,1
protests,1
anthony,1
estate,1
cent,1
hinders,1
ferdinands,1
corporate,1
keller,1
parität,1
revue,1
stood,1
scholar,1
suggested,1
either,1
impossibility,1
interestthat,1
compensate,1
concern,1
sigmund,1
extend,1
interventions,1
college,1
perfection,1
ν,1
dissolution,1
mercuric,1
widow,1
ultimate,1
stately,1
utility,1
grießinger,1
legitimationsbegriff,1
connect,1
village,1
just,1
reflection,1
singularly,1
american,1
operator,1
einführung,1
partially,1
paragraph,1
supphkation,1
bürgerschaft,1
fate,1
consignments,1
bürgerlichen,1
afloat,1
identify,1
uncomfortable,1
conducting,1
join,1
catastrophe,1
likely,1
live,1
services,1
constitutes,1
continent,1
ways,1
defaulter,1
solidarity,1
strictly,1
stadtbibliothek,1
sudden,1
shortfall,1
handelsgesellschaften,1
easily,1
mortgaged,1
favor,1
notwithstanding,1
deininger,1
earnings,1
douglass,1
ms,1
considerations,1
former,1
chronologically,1
deviants,1
trace,1
vitally,1
cargo,1
streikbewegungen,1
royal,1
fichte,1
painters,1
title,1
inequality,1
deutschlands,1
recently,1
mittelalter,1
leaked,1
communicating,1
ordnungsmodell,1
krünitz,1
flaws,1
décret,1
stande,1
geist,1
theft,1
character,1
properties,1
salvage,1
turning,1
cutting,1
experience,1
politik,1
itare,1
disgraced,1
stadtarchiv,1
consistent,1
minted,1
synonymous,1
goodman,1
countersuit,1
t,1
smiles,1
withdrawn,1
moderate,1
sqfley,1
sources,1
please,1
modest,1
hence,1
every,1
precapitalistic,1
jackson,1
fuggerarchiv,1
posed,1
victim,1
handle,1
exile,1
fund,1
steady,1
give,1
chaos,1
taken,1
ceremonially,1
trend,1
encouraged,1
lutz,1
drag,1
expectation,1
action,1
incomplete,1
emerged,1
rumor,1
england,1
sachen,1
karton,1
supplied,1
lage,1
damaged,1
consciousness,1
zeitschrift,1
bild,1
attractive,1
boyhood,1
twenty,1
dictate,1
assess,1
belong,1
broadly,1
matthias,1
lazarus,1
together,1
accompanied,1
akten,1
processof,1
oppositionelle,1
potentially,1
wave,1
normative,1
späthumanismus,1
transferred,1
uninsured,1
kosselleck,1
auesbure,1
hundred,1
procedure,1
reiche,1
religion,1
products,1
criminalsthe,1
expansion,1
half,1
mind,1
aufsätze,1
zu,1
affair,1
respond,1
precisely,1
höchstadt,1
concepts,1
responsibilitymaking,1
principal,1
henceforth,1
regularized,1
normal,1
lucrative,1
diversify,1
profitable,1
somewhat,1
unforeseeable,1
surveys,1
administered,1
augusti,1
livelihood,1
konkurs,1
agile,1
growing,1
nowhere,1
paying,1
employs,1
issue,1
ettects,1
indelible,1
occasional,1
wasted,1
baird,1
hell,1
suspect,1
coining,1
badly,1
northian,1
indebtedness,1
shaken,1
behavioral,1
abet,1
portugal,1
king,1
schieder,1
chronicled,1
draws,1
histoire,1
sought,1
tenth,1
killed,1
victims,1
ridicule,1
gardens,1
italian,1
occupying,1
prior,1
capable,1
umax,1
chronicler,1
reformado,1
cooperation,1
fl,1
withdrawal,1
evangelisches,1
inevitable,1
reaction,1
solely,1
settles,1
alter,1
oppressed,1
fluctuation,1
run,1
withholds,1
fine,1
emile,1
wien,1
pirates,1
guarantors,1
combination,1
variations,1
trevor,1
processes,1
sophistication,1
panic,1
wirtschaftsrecht,1
dynamic,1
negotiationthe,1
termsand,1
zuchtund,1
negotiation,1
milder,1
enter,1
innovator,1
dishonor,1
economies,1
withhold,1
letter,1
geschichtliche,1
prevented,1
strengthens,1
finsteren,1
collection,1
pursuing,1
defraud,1
diversity,1
funded,1
ranked,1
fraudulently,1
expertise,1
manlich,1
ineluctably,1
defaulters,1
therein,1
ethik,1
machine,1
express,1
sensethat,1
trawen,1
madrid,1
author,1
go,1
quality,1
wirtschaftsund,1
points,1
seventy,1
demonstratelater,1
depressions,1
professor,1
since,1
arrested,1
due,1
demanded,1
analyzing,1
september,1
wirtschaftsmetropole,1
kapital,1
personalities,1
sozialund,1
inventoried,1
agent,1
sozialgeschichte,1
neighbors,1
divine,1
collapsed,1
krieges,1
center,1
regarded,1
relations,1
hid,1
carlos,1
issued,1
exist,1
renew,1
kollektives,1
ins,1
forbade,1
insisted,1
ownthat,1
codified,1
humboldt,1
manager,1
admitted,1
insult,1
intelligenzzettel,1
murano,1
rank,1
cases,1
iy,1
elements,1
old,1
illuminates,1
frustrating,1
refer,1
concerning,1
causing,1
approval,1
body,1
mitteleuropäischer,1
serving,1
regierung,1
holds,1
bemoaned,1
therewith,1
served,1
jürgen,1
kulischer,1
reemphasized,1
dates,1
apr,1
ally,1
left,1
wirkungen,1
effective,1
witnessed,1
jacob,1
rhythm,1
compare,1
find,1
died,1
undertaking,1
zunkel,1
kupferhandel,1
compel,1
sädte,1
slogans,1
businesspeople,1
y,1
bankrott,1
propagated,1
consequently,1
parking,1
criminality,1
instruments,1
patrons,1
colleague,1
deeply,1
kaufmannschaft,1
william,1
crashes,1
kellers,1
banca,1
occasion,1
hardly,1
swashbuckler,1
acted,1
influence,1
mair,1
word,1
sigmaringen,1
stigma,1
rates,1
blickle,1
othersecho,1
manuel,1
promised,1
jurist,1
newer,1
jean,1
finances,1
rent,1
hoedl,1
lesser,1
theorized,1
mechanisms,1
site,1
assessed,1
monopolistic,1
operation,1
seeming,1
simultaneously,1
evinced,1
weapon,1
escaped,1
commissioners,1
essential,1
hobsbawm,1
bog,1
alphabetischer,1
monopolies,1
ingomar,1
dependants,1
commune,1
managers,1
sets,1
observers,1
bankruptcywhether,1
bring,1
liabilities,1
l,1
managing,1
führungsschicht,1
across,1
notable,1
graf,1
how,1
remain,1
heels,1
failurethat,1
thrift,1
stumbling,1
sizable,1
careless,1
levels,1
reference,1
untimely,1
represented,1
reinhart,1
suffer,1
blessing,1
arrangements,1
competitorsfugger,1
rats,1
barock,1
resume,1
connected,1
missiven,1
kupterhandel,1
idiosyncratic,1
accumulate,1
leave,1
jena,1
ongoing,1
sanctuary,1
miscalculation,1
empowered,1
enabled,1
ludwig,1
summarized,1
normen,1
precious,1
support,1
thought,1
meet,1
reason,1
involvement,1
recalled,1
distinct,1
discounts,1
escape,1
perceptions,1
sevilla,1
circulated,1
affect,1
marks,1
counterparts,1
underdeveloped,1
possibly,1
entry,1
sorts,1
peasants,1
dated,1
internationale,1
leonhard,1
latin,1
troops,1
protestantische,1
sum,1
driven,1
typifies,1
proposed,1
edition,1
backhaus,1
unimportant,1
thirty,1
numbers,1
mittelalters,1
uninteresting,1
gradually,1
miscalculated,1
articulated,1
decade,1
lehrbuch,1
tyco,1
prevent,1
four,1
valuations,1
kategorien,1
weinheim,1
powerful,1
promoted,1
deadlines,1
rechtliche,1
unbound,1
hereafter,1
judicial,1
instance,1
reichstadt,1
blatant,1
aristocrats,1
famed,1
aston,1
carnten,1
marriage,1
export,1
pity,1
counsel,1
cut,1
stands,1
profligacy,1
unsecured,1
consortia,1
incapable,1
idrian,1
friends,1
whereas,1
descriptive,1
presents,1
bürgertum,1
prohibitionsthe,1
expressed,1
arrived,1
advance,1
reprinted,1
götz,1
acting,1
thousands,1
aftermath,1
bankgeschäfte,1
klagund,1
zeit,1
declined,1
embittered,1
train,1
method,1
lütge,1
extraordinary,1
traditionally,1
access,1
p,1
ambitions,1
reformierte,1
resembles,1
lived,1
economics,1
deal,1
einflüsse,1
stadtbuch,1
noting,1
insisting,1
assistance,1
commoners,1
indignation,1
employee,1
base,1
markets,1
implicit,1
circulation,1
academic,1
engel,1
handbook,1
companion,1
associationand,1
topics,1
equally,1
schuld,1
dishonora,1
oder,1
shall,1
equal,1
let,1
posited,1
hertner,1
idria,1
something,1
fisher,1
umbruch,1
tools,1
appears,1
europa,1
frequency,1
persons,1
wasteful,1
reinforce,1
obedience,1
goldsmiths,1
fulfill,1
applied,1
purchased,1
wrong,1
excellent,1
produktion,1
eye,1
controlreceived,1
produce,1
kaufinannshauses,1
required,1
bewußtsein,1
numerous,1
levant,1
oekonomishce,1
immoral,1
opposition,1
wide,1
pölnitz,1
negotiated,1
balance,1
gemeine,1
erodes,1
impression,1
aspects,1
improve,1
hempstead,1
outstanding,1
deutscher,1
having,1
imprisoned,1
trial,1
haus,1
line,1
closed,1
data,1
sozialen,1
decides,1
permitted,1
draconian,1
tücher,1
carry,1
charity,1
ingots,1
lords,1
imagined,1
protected,1
concept,1
prominent,1
significantly,1
brought,1
erbern,1
heavily,1
characterization,1
rat,1
crude,1
purpose,1
ot,1
norm,1
inevitability,1
secret,1
italy,1
confirms,1
supreme,1
bettering,1
gender,1
newest,1
caught,1
konrad,1
got,1
sifted,1
overview,1
fit,1
older,1
fail,1
konflikte,1
corresponded,1
policies,1
issues,1
flight,1
monopolist,1
lower,1
people,1
hgs,1
mentioning,1
rocked,1
earn,1
statistics,1
date,1
aubin,1
irving,1
welser,1
droit,1
focuses,1
douglas,1
away,1
disregarding,1
accord,1
employed,1
perpetuation,1
bidding,1
achieving,1
lenk,1
couple,1
forestall,1
president,1
ausbruch,1
bayrischen,1
holy,1
reichsregisterbuch,1
trends,1
minds,1
ausgewählte,1
approach,1
refuse,1
genoese,1
regions,1
asymmetries,1
distinctions,1
staple,1
majestät,1
creating,1
businessman,1
strove,1
officials,1
eine,1
merchantbanking,1
thirteenth,1
field,1
allegiance,1
augspurg,1
schreiben,1
responsibility,1
questionable,1
spice,1
marx,1
revolution,1
peutinger,1
stage,1
involve,1
dictionary,1
transgressions,1
protest,1
indicators,1
lacked,1
multitude,1
nahrung,1
discredit,1
godgiven,1
reestablished,1
quite,1
night,1
hannssen,1
event,1
bank,1
around,1
wesensarchiv,1
calling,1
carande,1
several,1
underscore,1
oct,1
mineral,1
june,1
microhistorical,1
exemplifies,1
wider,1
highly,1
renovation,1
folk,1
stones,1
hugo,1
civic,1
stubengerechtigkeit,1
master,1
tightened,1
notorious,1
registry,1
niches,1
spices,1
essentially,1
prompted,1
genossenschaft,1
diversified,1
petitions,1
oberdeutschen,1
philip,1
dem,1
grundbegriffe,1
customary,1
prerogatives,1
nationalökonomie,1
annual,1
up,1
inability,1
southernand,1
dependent,1
marktanteile,1
wife,1
correspondence,1
notes,1
kirchenverfassungen,1
eckart,1
inform,1
actions,1
altering,1
seemed,1
handwerksaesellen,1
erik,1
temporarily,1
alternatives,1
south,1
eternal,1
f,1
reichspolizeiordnungen,1
critical,1
uncommon,1
sail,1
second,1
power,1
polizeiordnung,1
strieders,1
lit,1
matter,1
various,1
bringing,1
steadily,1
contingent,1
separation,1
foiled,1
service,1
located,1
labeled,1
comparative,1
ziegel,1
schremmer,1
tried,1
typifyand,1
notoriously,1
scandalous,1
brief,1
exception,1
brings,1
reorganization,1
object,1
standardization,1
prove,1
narrowing,1
july,1
establishes,1
violates,1
pashas,1
expanded,1
surviving,1
interactions,1
everywhere,1
holders,1
florin,1
capitalists,1
registered,1
distribute,1
southern,1
innerstädtischen,1
hitherto,1
reception,1
religious,1
ipso,1
texte,1
resilient,1
biological,1
corpus,1
uproar,1
assuring,1
oblivious,1
justifying,1
liability,1
swept,1
permission,1
archiv,1
parked,1
addition,1
disorderly,1
theodor,1
serve,1
guilder,1
soon,1
under,1
god,1
roper,1
frieden,1
confidence,1
gemeinde,1
corpse,1
politikverständnis,1
trumped,1
earned,1
sociological,1
overnight,1
home,1
indebted,1
informal,1
enunciated,1
antwerp,1
attractively,1
choices,1
sharply,1
efforts,1
streit,1
um,1
xxviii,1
deliver,1
supposedly,1
al,1
fustian,1
florence,1
surrenders,1
costs,1
wisconsin,1
constitute,1
coins,1
dimmer,1
begins,1
organizationsformen,1
friend,1
mediävistenverbandes,1
divulge,1
declining,1
regardless,1
prescripts,1
testimony,1
liquidated,1
kapitalismus,1
worst,1
organizations,1
name,1
statements,1
french,1
resuming,1
suit,1
request,1
fell,1
woolens,1
pointed,1
frugality,1
baumol,1
curator,1
roeck,1
experienced,1
foodstuffs,1
succeeded,1
prometheus,1
highinterest,1
secretive,1
communal,1
limit,1
gantordung,1
gemeindebegriffs,1
fundamental,1
professions,1
lives,1
tolerate,1
instability,1
agree,1
appeared,1
exclusion,1
attempting,1
crop,1
doors,1
daily,1
break,1
eric,1
behaviorin,1
flees,1
tugenden,1
schwatz,1
contemporary,1
substantially,1
doubt,1
considerable,1
impending,1
pattern,1
baumgartner,1
speyer,1
obscuring,1
stadtgericht,1
α,1
ages,1
readers,1
outside,1
ständischen,1
greeted,1
cornering,1
accusations,1
learn,1
paris,1
present,1
argumentanon,1
chain,1
antwortschreiben,1
decried,1
operating,1
manner,1
oberkaitliche,1
secular,1
krieg,1
accepted,1
income,1
compromising,1
gemeiner,1
borrowing,1
banqueros,1
taxable,1
misconduct,1
kupferproduktion,1
fuggerschen,1
begun,1
children,1
compelled,1
guarantees,1
petition,1
amounting,1
prescribe,1
zusammenhänge,1
insecure,1
arcade,1
explicitly,1
ramon,1
remarkably,1
unable,1
panics,1
remove,1
verfassung,1
fundamentally,1
crown,1
entirety,1
coherent,1
understanding,1
supplies,1
neatly,1
examples,1
worsening,1
background,1
grossly,1
bear,1
augustus,1
helps,1
culpability,1
deposits,1
marriner,1
desperate,1
bericht,1
retains,1
delinquent,1
increase,1
arbitrarily,1
recover,1
otherdebtor,1
worsen,1
wonder,1
dealt,1
empirical,1
insolvent,1
denies,1
providence,1
confidentially,1
stealing,1
leitvorstellung,1
largely,1
operated,1
horst,1
decreed,1
virtually,1
refers,1
granted,1
factor,1
kgl,1
consortium,1
harvard,1
inflicted,1
numbered,1
bitter,1
evolution,1
imposes,1
inventorying,1
markus,1
previous,1
traders,1
gerwink,1
reifies,1
hektor,1
complicated,1
netherlands,1
involves,1
handeln,1
described,1
arguably,1
kurpfalz,1
exceedingly,1
emblem,1
kaspar,1
verflechtung,1
crises,1
meanings,1
finanzierung,1
whoever,1
provoked,1
directed,1
publication,1
spätmittelalters,1
reichskammergericht,1
peter,1
disappointed,1
aberrant,1
prevents,1
symposium,1
attach,1
homes,1
dietrich,1
revised,1
length,1
interlocutors,1
spread,1
unexamined,1
archduke,1
high,1
culpabilityand,1
ernst,1
static,1
reversals,1
ended,1
shortly,1
proximity,1
anyone,1
losing,1
preservation,1
offense,1
miracle,1
uncompromising,1
intrinsic,1
lose,1
rogge,1
latter,1
spindler,1
quick,1
allgemeines,1
accused,1
gets,1
decide,1
eberhard,1
salm,1
worldcom,1
caesar,1
systems,1
nutzens,1
promote,1
evolutionary,1
behaviorsthe,1
handwörterbuch,1
hammersley,1
successful,1
rechtsgeschichte,1
references,1
zugestelltes,1
confidently,1
contact,1
mitte,1
acquire,1
sentiments,1
excluded,1
january,1
barrels,1
statistik,1
trades,1
archetypes,1
claiming,1
artisans,1
southwest,1
renate,1
wirtscchaftspraxis,1
archduchy,1
valence,1
grain,1
save,1
goldthwaite,1
we,1
landwirtschaft,1
ago,1
wirtschaftlichen,1
andreas,1
reckless,1
vain,1
citya,1
la,1
calatrava,1
competed,1
concluded,1
dispossessed,1
applies,1
attended,1
exchanged,1
standard,1
increasing,1
ranging,1
hemel,1
hindered,1
implicitly,1
discipline,1
things,1
midcentury,1
offender,1
kaufleuteschqft,1
reichsgulden,1
indication,1
hiding,1
shiploads,1
speculate,1
sufficiency,1
elmar,1
conjunctures,1
flesh,1
whereabouts,1
aid,1
circle,1
disruption,1
declaration,1
peers,1
violation,1
today,1
belonged,1
humanities,1
hilaire,1
she,1
censoriously,1
recall,1
mediation,1
crucial,1
chance,1
continue,1
watchtower,1
protokollbeilage,1
vision,1
hofstaatsarchiv,1
orderly,1
bound,1
suspected,1
singed,1
faktorei,1
averse,1
vague,1
select,1
enron,1
attitude,1
deteriorating,1
dillingen,1
referred,1
worldwide,1
abnormal,1
erzherzog,1
execution,1
recourse,1
transformed,1
detailed,1
imperialism,1
force,1
rotta,1
began,1
economists,1
effectively,1
basel,1
pollicey,1
distinction,1
thirteen,1
sails,1
mediterranean,1
drechsler,1
kupferhandels,1
discourse,1
distort,1
privileges,1
reutte,1
gleba,1
changes,1
institutionally,1
inspired,1
satisfaction,1
jahrbücher,1
analysis,1
kill,1
herrschaft,1
existed,1
seibold,1
philosophies,1
hope,1
flessner,1
kings,1
sheila,1
types,1
fields,1
creatures,1
exists,1
gläubiger,1
memmingen,1
face,1
recalling,1
articles,1
unusual,1
premier,1
kirksville,1
unacceptable,1
oberpflegamt,1
chests,1
matters,1
entertain,1
bürgerliche,1
acquired,1
ofthat,1
historique,1
reddish,1
wars,1
deposited,1
heavy,1
proceed,1
constant,1
struktur,1
material,1
following,1
manufactory,1
lessons,1
elaborate,1
jurists,1
mercantile,1
existence,1
dishonest,1
axel,1
demonstrate,1
extensive,1
wear,1
constituted,1
syndicate,1
partnerships,1
scolding,1
known,1
satisfactory,1
ll,1
willingness,1
membership,1
record,1
gerhard,1
symbolische,1
robbed,1
symbol,1
vergleich,1
pt,1
acumen,1
pioneers,1
organizational,1
drew,1
welt,1
geburtstag,1
orphanages,1
quickly,1
nuremberg,1
dokumente,1
natural,1
frühbarock,1
anfrage,1
sharpens,1
removed,1
partner,1
idiosyncrasies,1
commonplace,1
fault,1
surfaced,1
reichstpolizeiordnung,1
formalization,1
addendum,1
inclined,1
removing,1
schwerpunkte,1
setting,1
exploration,1
adjudication,1
unknown,1
alexander,1
pragmatic,1
equivocal,1
punished,1
argue,1
wealthy,1
surprisingly,1
pigment,1
eventually,1
ideological,1
particularly,1
altered,1
newman,1
guidelines,1
obviously,1
bürg,1
privileged,1
wachstumsprobleme,1
resale,1
uphold,1
jennifer,1
deserving,1
münster,1
inelasticities,1
placing,1
mismanagement,1
elites,1
macrohistorical,1
better,1
evident,1
catalogue,1
believed,1
stemmer,1
born,1
game,1
encyklopedie,1
barth,1
liquid,1
unlikely,1
auction,1
explanations,1
heads,1
gudrun,1
answered,1
communicate,1
carefully,1
discharge,1
collapsethe,1
geldkapital,1
rose,1
making,1
sociology,1
boast,1
sus,1
manias,1
mere,1
condemn,1
konkursrechts,1
justifymax,1
penetration,1
ersten,1
problem,1
verhältnis,1
extent,1
succumb,1
scandalwas,1
weights,1
marktgemeinde,1
stat,1
institute,1
pursued,1
secure,1
birthday,1
payable,1
almost,1
politisches,1
gallows,1
defaulting,1
auff,1
suspicion,1
hundreds,1
urban,1
impecunious,1
ascertain,1
selbstverständnis,1
freedom,1
fourteen,1
differenzierung,1
oath,1
marking,1
epithet,1
presented,1
preserved,1
greyerz,1
politics,1
decisive,1
kin,1
blanchard,1
confirm,1
processions,1
regulate,1
monarchs,1
legislation,1
techniques,1
appelationssachen,1
impose,1
lies,1
returning,1
lyndal,1
ignorant,1
entstehung,1
substance,1
eventsone,1
possessions,1
developments,1
reconstruct,1
manufacturing,1
divided,1
pound,1
ις,1
communicative,1
au,1
banque,1
accorded,1
recovered,1
venice,1
transacted,1
our,1
susceptible,1
kohler,1
operationsstruck,1
literatur,1
enthusiasm,1
whenever,1
compulsion,1
spring,1
ulrich,1
asunder,1
aftershock,1
north,1
innovate,1
mitteleuropäischen,1
mentalities,1
kaufmannsfamilie,1
generate,1
patriarchy,1
surrender,1
contract,1
ihrer,1
allgemeine,1
glencoe,1
ores,1
mächler,1
write,1
finally,1
discursive,1
party,1
dreißigjährigen,1
aware,1
compromise,1
curatorsspokespersons,1
documentation,1
contributed,1
instead,1
typically,1
eigentum,1
kai,1
sicl,1
socially,1
stadtvogt,1
situational,1
kaenderstreit,1
creditverkehr,1
smaller,1
avert,1
scandalum,1
kapitalistischer,1
obscurity,1
glass,1
exceeding,1
variously,1
piece,1
prosperity,1
prospect,1
leiden,1
socialism,1
mainz,1
association,1
shift,1
reformation,1
mo,1
sulfide,1
wirtschaftliche,1
anonymous,1
flooding,1
profits,1
insider,1
sixtythree,1
apart,1
artisan,1
bern,1
valuable,1
duffy,1
zweier,1
colorful,1
third,1
spanien,1
fellows,1
scholarship,1
sectors,1
debate,1
beziehungen,1
exclusively,1
import,1
element,1
ownership,1
sums,1
interaction,1
hometown,1
develop,1
invest,1
testified,1
token,1
immediately,1
mint,1
permanent,1
answers,1
städtischen,1
unequivocal,1
politischen,1
employer,1
loyalties,1
doing,1
learned,1
showed,1
delayed,1
counterappeal,1
otto,1
owns,1
major,1
bce,1
harmful,1
keep,1
