WORDCOUNTS,WEIGHT
the,633
of,292
in,171
a,158
to,156
and,120
la,71
de,68
d,66
crime,64
by,61
was,59
s,55
incest,55
that,52
this,47
his,45
l,42
village,41
les,39
et,39
for,38
an,35
family,34
as,33
be,33
is,32
her,32
or,31
were,30
des,30
he,28
century,27
with,27
le,26
but,26
also,25
paris,25
had,23
it,22
du,22
they,21
re,21
one,20
nineteenth,20
t,20
their,20
see,20
she,20
on,20
m,18
could,18
r,18
french,18
i,18
history,17
father,17
can,16
me,16
not,16
from,16
monster,16
into,15
il,15
une,15
years,15
plus,14
qui,14
after,14
who,14
at,13
que,13
case,13
victim,13
house,13
several,13
ne,13
rape,13
social,13
more,13
private,13
un,13
have,13
france,13
est,12
some,12
en,12
p,12
society,12
elle,12
made,12
moral,12
dans,12
rural,12
first,11
than,11
je,11
silence,11
these,11
him,11
we,11
life,11
often,11
daughter,11
monsters,10
e,10
are,10
system,10
has,10
pudeur,10
attentat,10
n,10
when,10
violence,10
time,10
fr,10
justice,10
mother,10
qu,10
noutre,10
sa,9
all,9
neighbors,9
would,9
poor,9
most,9
because,9
cadio,9
housing,9
si,9
only,9
each,9
pour,9
pas,9
crimes,9
xixe,8
other,8
cases,8
fille,8
ric,8
judicial,8
used,8
own,8
therefore,8
community,8
us,8
same,8
resolution,8
never,8
se,8
inhabitants,8
son,8
au,8
sur,8
charles,8
authority,7
priest,7
explained,7
against,7
roz,7
ai,7
chez,7
journal,7
summer,7
without,7
its,7
during,7
order,7
lui,7
cle,7
sans,7
home,7
two,7
members,7
children,7
which,7
three,7
so,7
structure,7
been,7
seen,7
construction,7
didn,7
tried,7
c,7
child,6
way,6
mais,6
attorney,6
avec,6
histoire,6
behavior,6
decided,6
old,6
even,6
how,6
ce,6
ou,6
my,6
taboo,6
out,6
however,6
work,6
part,6
accused,6
about,6
under,6
fact,6
prohibition,6
sometimes,6
criminal,6
chauvaud,6
fran,6
charge,6
just,6
them,6
went,6
between,6
attempt,5
j,5
help,5
such,5
immoral,5
familial,5
conception,5
thus,5
silent,5
police,5
defendant,5
tait,5
b,5
study,5
front,5
mrs,5
opinion,5
term,5
poverty,5
public,5
trial,5
pr,5
example,5
villages,5
always,5
together,5
man,5
v,5
until,5
morality,5
finally,5
aware,5
reputation,5
yvelines,5
parish,5
committed,5
figure,5
fear,5
understand,5
did,5
code,5
became,5
come,5
remains,5
difficult,4
archives,4
common,4
if,4
vous,4
occurred,4
before,4
rumor,4
definition,4
great,4
complicity,4
take,4
avait,4
along,4
autre,4
neighbor,4
since,4
brother,4
forensic,4
back,4
young,4
word,4
testimony,4
main,4
auguste,4
beyond,4
came,4
ils,4
comme,4
devien,4
explain,4
ten,4
whole,4
leurs,4
hard,4
night,4
membrane,4
monstre,4
avoid,4
situation,4
famille,4
wrote,4
trials,4
put,4
magistrates,4
complete,4
hymen,4
words,4
sleep,4
witnesses,4
anne,4
brunot,4
do,4
paix,4
remained,4
moeurs,4
described,4
instruction,4
article,4
attentats,4
ordinary,4
confessed,4
authorities,4
any,4
growing,4
privacy,4
bien,4
while,4
reported,4
mayor,4
juge,4
much,4
families,4
question,4
villerm,4
parricide,4
lebris,4
provided,4
assises,4
anonymous,4
observation,4
magistrate,4
resolve,3
publicity,3
complaint,3
concerned,3
edouard,3
h,3
women,3
par,3
ii,3
testimonies,3
suis,3
lage,3
assy,3
ans,3
desire,3
studied,3
link,3
last,3
fait,3
within,3
sexual,3
victims,3
morale,3
undoubtedly,3
letter,3
coucher,3
throughout,3
leur,3
g,3
te,3
kind,3
brace,3
y,3
souvent,3
unspoken,3
compl,3
may,3
no,3
stop,3
remain,3
georges,3
brutalit,3
neighborhood,3
heard,3
importance,3
lives,3
followed,3
important,3
mon,3
autorit,3
result,3
begun,3
search,3
lived,3
rooms,3
tableau,3
aux,3
understood,3
excellent,3
assailant,3
doesn,3
wants,3
marie,3
memory,3
revealed,3
received,3
confined,3
gave,3
structures,3
devant,3
translated,3
denunciations,3
novels,3
confession,3
caused,3
brutality,3
things,3
soci,3
up,3
ensemble,3
wife,3
criminals,3
toujours,3
lapalus,3
april,3
partements,3
com,3
newborn,3
vie,3
denunciation,3
ouvriers,3
viol,3
noted,3
longer,3
others,3
many,3
cour,3
appeared,3
husband,3
quelques,3
end,3
where,3
raped,3
louis,3
eude,3
jeune,3
times,3
spread,3
kept,3
somehow,3
newspapers,3
figures,3
parent,3
attitude,3
loring,3
worse,3
effectively,3
sylvie,3
then,3
ordered,3
historian,3
eds,3
over,3
different,3
december,3
save,3
enfants,3
aise,3
houses,3
living,3
person,3
what,3
rags,3
vil,3
both,3
through,3
toute,3
world,3
femme,3
tell,3
obliged,3
contributed,3
should,3
nard,3
you,3
sexuality,3
entire,3
given,3
among,3
penal,3
built,3
major,3
horror,2
does,2
now,2
publique,2
fathers,2
prostitution,2
car,2
choses,2
tion,2
know,2
begging,2
created,2
arrive,2
introduction,2
sphere,2
told,2
hot,2
complex,2
criminels,2
identify,2
mankind,2
ways,2
di,2
easily,2
protection,2
unlike,2
observing,2
husbands,2
cette,2
said,2
long,2
give,2
feeling,2
font,2
confirmed,2
scientists,2
advantage,2
broken,2
lestine,2
sein,2
reveal,2
beds,2
sous,2
peut,2
those,2
nal,2
visibility,2
con,2
anthropologists,2
advice,2
jus,2
capable,2
possible,2
pauvres,2
october,2
medical,2
taking,2
attendu,2
tous,2
ascendants,2
prosecution,2
confessions,2
labor,2
deux,2
goaty,2
putations,2
faisait,2
adopted,2
afford,2
six,2
find,2
spectre,2
quand,2
preserving,2
sister,2
pardon,2
general,2
lastly,2
janvry,2
femmes,2
fois,2
town,2
commune,2
rather,2
lie,2
mean,2
represented,2
inceste,2
danger,2
distant,2
poux,2
grisier,2
anatole,2
escape,2
consider,2
image,2
sum,2
threat,2
ceux,2
criminelles,2
soir,2
helped,2
dren,2
footnote,2
appear,2
watchful,2
path,2
allow,2
found,2
called,2
changed,2
erving,2
eu,2
faustin,2
sexualit,2
late,2
haricots,2
decin,2
prompt,2
though,2
appears,2
otherwise,2
approached,2
ces,2
near,2
scene,2
abuse,2
faire,2
judiciary,2
tant,2
residents,2
story,2
vigarello,2
imaginaire,2
secret,2
boutigny,2
enter,2
huet,2
surprise,2
loss,2
place,2
chacun,2
people,2
away,2
ter,2
ren,2
good,2
change,2
solution,2
transgressions,2
clothes,2
involved,2
canet,2
few,2
clich,2
suddenly,2
codes,2
beaubry,2
cur,2
degeneration,2
scandals,2
gordon,2
juges,2
f,2
ayant,2
led,2
sucy,2
matter,2
absence,2
tabu,2
indeed,2
coworker,2
consentement,2
play,2
return,2
silvestre,2
july,2
grande,2
intervention,2
rendit,2
oxford,2
happened,2
thought,2
drunkenness,2
tements,2
infanticides,2
passions,2
broached,2
already,2
assimilated,2
love,2
act,2
tries,2
persuasion,2
physique,2
stories,2
pressure,2
really,2
cure,2
hear,2
riasse,2
autres,2
debates,2
everything,2
charges,2
honor,2
less,2
answer,2
chil,2
material,2
demartini,2
mort,2
patriarchal,2
ing,2
incestuous,2
day,2
ibid,2
another,2
tude,2
rustic,2
philom,2
birth,2
upon,2
mothers,2
implicated,2
lake,2
looking,2
banchieri,2
use,2
peu,2
questions,2
stayed,2
intimacy,2
vu,2
helpless,2
reality,2
welcomed,2
passe,2
dessus,2
like,2
dangerous,2
int,2
imagination,2
why,2
dehors,2
mayors,2
aussi,2
laquelle,2
methods,2
judgement,2
goffman,2
saw,2
concluded,2
depuis,2
venait,2
rard,2
monstrous,2
guillemette,2
window,2
arr,2
linda,2
consent,2
lost,2
interfere,2
began,2
obscurit,2
accusation,2
continually,2
emmanuelle,2
itself,2
face,2
joseph,2
beans,2
res,2
sexes,2
fifteen,2
arrest,2
defend,2
ve,2
theory,2
ont,2
mis,2
tice,2
tat,2
gale,2
guaranteed,2
lying,2
best,2
intromission,2
inquiry,2
homme,2
works,2
february,2
better,2
commis,2
investigation,2
criminelle,2
form,2
reputations,2
ma,2
almost,2
pariahs,2
transgression,2
ses,2
burden,2
berthon,2
ascendant,2
glajeux,2
thereby,2
daughters,2
city,2
despite,2
bourgeois,2
poitou,2
phenomenon,2
maintained,2
nous,2
villers,2
giste,2
reveals,2
evidence,2
gouvier,2
themselves,2
endnotes,2
vieux,2
enfant,2
testified,2
close,2
perception,2
final,1
frequent,1
chaises,1
gis,1
pais,1
gardaient,1
chaumi,1
messina,1
done,1
waited,1
prefer,1
trast,1
convergence,1
cinq,1
idlers,1
later,1
dictate,1
revue,1
conduite,1
retreated,1
suggested,1
concern,1
separated,1
truth,1
alphonse,1
judging,1
honteuses,1
everyone,1
extreme,1
episodes,1
rapes,1
mysteries,1
girl,1
dissolution,1
quent,1
mana,1
alone,1
couchent,1
accomplissent,1
pliqu,1
tombera,1
sorbonne,1
sauvegardent,1
celle,1
guerre,1
likewise,1
paradoxically,1
becoming,1
partie,1
accomplices,1
judged,1
saved,1
aller,1
ginning,1
confidence,1
faisaient,1
rue,1
petits,1
advised,1
cours,1
philanthropic,1
referring,1
live,1
confines,1
philippe,1
true,1
murder,1
solidarity,1
completely,1
ouvri,1
unwritten,1
additionally,1
studies,1
divers,1
respectability,1
favor,1
expects,1
ambroise,1
poix,1
former,1
gr,1
acceptance,1
reproch,1
position,1
justified,1
supposing,1
character,1
necessarily,1
construit,1
maybe,1
something,1
repre,1
eye,1
revision,1
meaningless,1
aujourd,1
fires,1
experience,1
pitiful,1
mineur,1
member,1
sit,1
else,1
permit,1
vrai,1
cries,1
reposer,1
exist,1
claverie,1
vermoulu,1
every,1
defects,1
creation,1
norbert,1
nonexistent,1
sad,1
rested,1
gautier,1
might,1
darkness,1
refusal,1
lessness,1
mentalit,1
nature,1
faits,1
aforementioned,1
parties,1
layout,1
tient,1
shaped,1
europe,1
wooden,1
assertion,1
warm,1
daily,1
rennes,1
simple,1
vention,1
favoriser,1
mariage,1
imaginary,1
pressed,1
origin,1
ciotat,1
incident,1
hundred,1
goldhammer,1
court,1
indulgente,1
annick,1
resulting,1
real,1
vic,1
farmer,1
nevertheless,1
jumped,1
half,1
villageoises,1
there,1
putation,1
conjugal,1
chancellor,1
mind,1
written,1
mai,1
stand,1
mr,1
conserve,1
sympathie,1
pratique,1
investigations,1
moi,1
idler,1
veniez,1
arrestation,1
ity,1
aveux,1
sheet,1
behind,1
livelihood,1
approcha,1
ad,1
sortait,1
carol,1
side,1
civilising,1
takes,1
lic,1
difficile,1
collectives,1
existence,1
rompue,1
aurelio,1
protagonists,1
prouver,1
laisse,1
historians,1
king,1
cela,1
task,1
ress,1
capacity,1
translations,1
constraint,1
trans,1
pub,1
u,1
iv,1
draw,1
rests,1
right,1
profonde,1
dreaded,1
placement,1
felt,1
watched,1
condition,1
sexuelle,1
illegitimate,1
mauvais,1
restait,1
west,1
occurring,1
mental,1
point,1
rens,1
ations,1
laws,1
keeps,1
cembre,1
himself,1
enne,1
analyse,1
acknowledgement,1
harmony,1
paroisse,1
crim,1
pillar,1
entendre,1
guilty,1
hygiene,1
apprise,1
expertise,1
sident,1
conflict,1
central,1
accessible,1
married,1
endanger,1
debauchery,1
galement,1
language,1
habitants,1
peintre,1
facts,1
apprenticeship,1
invisibility,1
habitent,1
patient,1
arrested,1
interior,1
pursuit,1
douleurs,1
intact,1
interest,1
savages,1
crut,1
criminality,1
ability,1
moment,1
experts,1
gendered,1
savoir,1
dame,1
indulges,1
unwillingness,1
inter,1
tacit,1
dont,1
comprised,1
arena,1
exercise,1
thing,1
unity,1
arouse,1
fights,1
veux,1
nor,1
self,1
cosser,1
itin,1
keep,1
transcends,1
turned,1
concerning,1
convincing,1
profound,1
contrary,1
instructions,1
differently,1
ear,1
response,1
redout,1
extraordinary,1
judg,1
vate,1
apr,1
left,1
helpful,1
lorsque,1
committing,1
savent,1
conspiracy,1
student,1
tout,1
aide,1
demonstration,1
parfaitement,1
recherches,1
ais,1
occasion,1
pronounced,1
prosecuting,1
nuanced,1
influence,1
acknowledge,1
rates,1
bothered,1
ment,1
infamies,1
let,1
dirtiness,1
jurist,1
jean,1
fonde,1
peo,1
conomiques,1
mea,1
go,1
pendant,1
essential,1
heroes,1
exact,1
quitt,1
observers,1
links,1
destroy,1
assumer,1
bb,1
toutes,1
secrets,1
af,1
monstres,1
habituation,1
levels,1
observer,1
mieux,1
chercher,1
presentation,1
myself,1
responded,1
process,1
convicted,1
parents,1
goes,1
outward,1
legal,1
ex,1
similar,1
humanity,1
talk,1
certain,1
philanthropique,1
impure,1
witness,1
revelation,1
limitation,1
rit,1
consequences,1
space,1
circonstanci,1
hufton,1
ones,1
shell,1
support,1
vera,1
means,1
reason,1
rising,1
send,1
ges,1
mois,1
nationale,1
sorts,1
motions,1
sant,1
peasants,1
behaviours,1
elisabeth,1
slowly,1
compte,1
hygi,1
abuses,1
linked,1
vivid,1
consciousness,1
edition,1
numbers,1
fore,1
sordres,1
quarters,1
prevent,1
indis,1
age,1
influ,1
four,1
firent,1
show,1
renseigner,1
filed,1
powerful,1
anthropologico,1
voudrait,1
actes,1
efficient,1
heinous,1
dispers,1
accus,1
painted,1
imprisonment,1
willing,1
pierre,1
yes,1
mainstay,1
etaques,1
daugh,1
dominant,1
etude,1
strategy,1
faced,1
providing,1
highest,1
denounce,1
vaudan,1
veil,1
whereas,1
affaires,1
amen,1
expressed,1
retenir,1
sexuel,1
jurisprudence,1
whom,1
questioned,1
tacite,1
conserv,1
societies,1
tem,1
signifie,1
entered,1
hands,1
salet,1
traordinary,1
mur,1
intacte,1
drap,1
deal,1
drunkard,1
laine,1
douceur,1
adultes,1
partementales,1
niece,1
illness,1
accueillie,1
sys,1
constantly,1
reprimanding,1
im,1
compromised,1
passionate,1
raconter,1
hui,1
refusals,1
furthermore,1
causes,1
war,1
victime,1
suffisant,1
menait,1
apprentissage,1
sentence,1
reinforce,1
lits,1
philanthropists,1
younger,1
proche,1
giuliani,1
tension,1
your,1
impures,1
confirmation,1
cludes,1
guarantee,1
boudrillet,1
reluctantly,1
lecteur,1
indiquerons,1
rapt,1
problema,1
desgr,1
moin,1
affair,1
scribe,1
receive,1
distinguishes,1
envoyer,1
none,1
having,1
participation,1
ler,1
betrayed,1
perpetuated,1
desgoulles,1
lied,1
contrainte,1
tr,1
nage,1
vives,1
circumstantial,1
ordi,1
ens,1
invisible,1
reestablished,1
nearest,1
reader,1
unless,1
brought,1
hereditary,1
bois,1
knowledge,1
esp,1
parle,1
quickly,1
comment,1
aged,1
promiscuity,1
normalization,1
description,1
universit,1
shrink,1
tardieu,1
putable,1
corrupt,1
disant,1
gaze,1
pargne,1
aggravated,1
actually,1
statistics,1
call,1
somewhere,1
viens,1
suivi,1
coise,1
president,1
jugement,1
drunkards,1
memoirs,1
cider,1
mari,1
mantois,1
veiller,1
graduate,1
refuse,1
either,1
boston,1
related,1
analysed,1
tone,1
published,1
creating,1
buts,1
least,1
normally,1
sense,1
sideboard,1
successful,1
describing,1
field,1
chateaubriand,1
cold,1
familles,1
tempts,1
excuse,1
lois,1
inspector,1
volution,1
vam,1
discourse,1
digent,1
exp,1
atmosphere,1
event,1
cedex,1
restant,1
mains,1
constitue,1
dire,1
replace,1
choose,1
sisters,1
legation,1
bridge,1
pare,1
mal,1
assimilate,1
rience,1
acts,1
ufactures,1
mi,1
compromise,1
feelings,1
moins,1
telling,1
impossible,1
carnation,1
temps,1
dudit,1
criminalize,1
implementation,1
decency,1
kissed,1
pays,1
decine,1
results,1
jouissait,1
buffet,1
using,1
nico,1
notice,1
cits,1
fillettes,1
voices,1
finds,1
rustiques,1
monarchy,1
inform,1
am,1
rest,1
suggest,1
denned,1
suspicious,1
remplacer,1
seemed,1
teindre,1
contacted,1
spare,1
linee,1
bretagne,1
south,1
tionnelle,1
will,1
alyze,1
rop,1
archeologia,1
happen,1
affaire,1
san,1
unofficial,1
fa,1
abusait,1
power,1
composent,1
tribunaux,1
avoir,1
myst,1
lit,1
cottage,1
protecting,1
accompa,1
letters,1
squeeze,1
populations,1
indicator,1
sohn,1
intended,1
wait,1
interiors,1
outlet,1
tillier,1
returning,1
entassent,1
convince,1
judgment,1
surviving,1
movement,1
southern,1
fabienne,1
nommer,1
suppose,1
echo,1
aupr,1
recommand,1
gent,1
lacenaire,1
pauvre,1
criminalizing,1
biological,1
corpus,1
fod,1
outlets,1
competition,1
diff,1
appeler,1
elaboration,1
marquants,1
concetti,1
arrangements,1
represents,1
makes,1
read,1
builds,1
alongside,1
shelling,1
garder,1
sex,1
plu,1
duby,1
familiales,1
quelquefois,1
denounced,1
couvertures,1
tain,1
politiques,1
totem,1
enigmatic,1
perversit,1
liberties,1
lord,1
repoussante,1
xviiie,1
hay,1
al,1
afin,1
cherch,1
couch,1
friend,1
pans,1
knocking,1
mobilier,1
estime,1
picture,1
considers,1
chose,1
ticences,1
sorte,1
perspec,1
street,1
sont,1
alienist,1
enquiry,1
pondu,1
tour,1
business,1
popularity,1
tement,1
vieillards,1
uattentat,1
toward,1
again,1
stating,1
deserves,1
ask,1
amour,1
raires,1
projects,1
effet,1
enced,1
abilities,1
vealed,1
shows,1
happening,1
lack,1
twenty,1
logements,1
admit,1
idea,1
conduct,1
striking,1
versailles,1
regardaient,1
choice,1
travaux,1
disoriented,1
watch,1
arthur,1
contemporary,1
removal,1
external,1
somme,1
ois,1
ressources,1
ages,1
enough,1
carmela,1
hand,1
everyday,1
painter,1
centre,1
actor,1
covered,1
nicolas,1
cles,1
voleurs,1
couldn,1
recourent,1
establish,1
income,1
ach,1
enfans,1
surveillance,1
spoke,1
conviction,1
deep,1
blaming,1
continuait,1
perhaps,1
woman,1
belief,1
neigborhood,1
prendre,1
particuli,1
nied,1
inculp,1
dispos,1
recommend,1
judi,1
able,1
classes,1
extended,1
divided,1
querelles,1
considering,1
gentleness,1
eighteenth,1
rem,1
sides,1
servant,1
formal,1
tive,1
sufficiently,1
suffisamment,1
grandmothers,1
peines,1
elite,1
ethnologie,1
cohesion,1
invente,1
significant,1
inqui,1
tel,1
derri,1
assume,1
returned,1
band,1
beaucoup,1
aside,1
pleasure,1
commited,1
pack,1
jusqu,1
plac,1
continue,1
munity,1
bauche,1
prennent,1
office,1
relegated,1
tellement,1
disparition,1
soup,1
jephcot,1
theses,1
genevi,1
low,1
convergents,1
banish,1
provoked,1
compartmentalization,1
grew,1
publication,1
tury,1
virtues,1
safety,1
blankets,1
dents,1
amounts,1
workers,1
august,1
classe,1
held,1
ciety,1
individual,1
nombre,1
incesto,1
homes,1
reculer,1
perverse,1
profitant,1
revised,1
tim,1
period,1
founds,1
winner,1
played,1
worthwhile,1
paths,1
induit,1
familiaux,1
proximity,1
conversation,1
enquiries,1
presse,1
permitting,1
construct,1
alors,1
municipal,1
morals,1
dechristianization,1
radicale,1
men,1
dit,1
resi,1
wasn,1
especially,1
xviie,1
jurisdiction,1
state,1
monstrosity,1
maison,1
guilt,1
edmund,1
trying,1
accusing,1
painting,1
uncles,1
judges,1
disgusting,1
become,1
greeted,1
sight,1
biblioth,1
baiser,1
grandmother,1
effect,1
claiming,1
physiological,1
poursuite,1
unexplained,1
personne,1
alc,1
caiozzo,1
revolution,1
seduction,1
joint,1
embodied,1
cen,1
normal,1
attempted,1
competed,1
ivrognerie,1
division,1
sented,1
hure,1
remuer,1
doit,1
rift,1
unexpected,1
nuit,1
suggestion,1
cr,1
ivresse,1
aid,1
fardeau,1
circle,1
lovers,1
today,1
domestique,1
tants,1
rustique,1
fid,1
replied,1
continued,1
science,1
roma,1
usually,1
five,1
vision,1
couches,1
taient,1
untied,1
aunt,1
pieces,1
itineraries,1
omniscient,1
tante,1
exciter,1
male,1
crimi,1
trait,1
puissance,1
tapage,1
translation,1
detailed,1
souvenirs,1
thirteen,1
confine,1
pignato,1
reculent,1
ouvrier,1
class,1
chairs,1
es,1
sinners,1
responsible,1
analysis,1
pressent,1
existed,1
respect,1
education,1
ferait,1
types,1
centuries,1
sympathy,1
get,1
premier,1
olwen,1
assez,1
mirror,1
mettre,1
rationalize,1
thick,1
cam,1
biology,1
considered,1
door,1
existait,1
proof,1
shirt,1
nonce,1
candle,1
dependable,1
personnes,1
practice,1
suite,1
prohibited,1
dispersed,1
ual,1
municipales,1
broke,1
ters,1
moire,1
conclusion,1
accordance,1
complexity,1
changing,1
ciary,1
contre,1
grand,1
throw,1
jurists,1
ples,1
circumstances,1
monsieur,1
unie,1
pense,1
continues,1
apprehended,1
eug,1
lamaison,1
eleven,1
forgets,1
sciences,1
alternative,1
cultivateur,1
set,1
nationales,1
poorest,1
consanguinity,1
rurales,1
malheureux,1
quarrelling,1
serait,1
dimension,1
eux,1
natural,1
ordinaires,1
refused,1
anthropological,1
introducing,1
gard,1
conver,1
bertrand,1
sure,1
interrupted,1
descriptions,1
cess,1
interested,1
eventful,1
key,1
believe,1
gone,1
ubiquitous,1
politics,1
down,1
dur,1
argue,1
slippage,1
wall,1
universal,1
surtout,1
regard,1
domestic,1
vicious,1
report,1
particularly,1
abbreviations,1
brothers,1
antropolog,1
guinaire,1
anais,1
gendarmerie,1
ar,1
perfectly,1
very,1
nary,1
separating,1
build,1
section,1
las,1
donc,1
pushing,1
evident,1
pri,1
consisted,1
following,1
rep,1
knows,1
augustine,1
suffering,1
avoidance,1
individus,1
corrompre,1
answered,1
carefully,1
reign,1
month,1
combined,1
abduction,1
adults,1
list,1
making,1
accounts,1
attouchements,1
want,1
particular,1
nements,1
emprisonnement,1
acad,1
isol,1
attitudes,1
passed,1
map,1
protective,1
seconde,1
juridically,1
repulsive,1
avais,1
ons,1
listen,1
recouverte,1
rigoli,1
sleeping,1
aurait,1
studying,1
ailleurs,1
connue,1
rique,1
biancheri,1
murders,1
birrell,1
don,1
perdre,1
suspicion,1
sentenced,1
morales,1
quotidi,1
livre,1
fourteen,1
soit,1
popular,1
porta,1
voisine,1
researchers,1
habitaient,1
level,1
triste,1
must,1
elias,1
notified,1
pain,1
furniture,1
veut,1
little,1
testimonials,1
introduced,1
confirm,1
press,1
role,1
november,1
rieur,1
inality,1
subject,1
lies,1
administration,1
sitting,1
step,1
everywhere,1
happens,1
duction,1
confronted,1
finish,1
infanticide,1
condamnation,1
arguments,1
isolated,1
writing,1
think,1
milles,1
lille,1
named,1
devoir,1
mie,1
sait,1
libert,1
cas,1
cambridge,1
aggravating,1
incarcera,1
beauce,1
abused,1
numerous,1
hus,1
write,1
hurt,1
jamais,1
crisis,1
wish,1
paille,1
instead,1
although,1
envers,1
touches,1
employant,1
gnent,1
socially,1
canadian,1
renomm,1
masses,1
chemises,1
permettre,1
involving,1
shameful,1
piece,1
coton,1
defined,1
forming,1
chandelle,1
instinct,1
quotidien,1
uation,1
excellente,1
soie,1
oldest,1
embodies,1
protec,1
bigger,1
shift,1
increased,1
sinon,1
gendarme,1
morally,1
facilement,1
cemented,1
specific,1
potential,1
safeguard,1
tradi,1
oublie,1
assumed,1
ari,1
drifts,1
fellows,1
charged,1
parl,1
incontestable,1
chicago,1
brunots,1
resent,1
capacit,1
quatre,1
aucun,1
dark,1
nale,1
trigger,1
immediately,1
glance,1
strong,1
nombreux,1
simplement,1
recent,1
moiti,1
objectiv,1
employer,1
meeting,1
asked,1
doing,1
tabooed,1
roles,1
acquitted,1
interrogated,1
plaisir,1
discern,1
plusieurs,1
perpetual,1
hovered,1
enfin,1
