WORDCOUNTS,WEIGHT
the,733
and,562
of,538
in,381
a,219
to,163
for,132
height,114
is,114
kenya,105
that,96
from,94
were,91
are,86
african,77
health,72
as,67
was,61
not,61
no,60
nutrition,60
on,60
colonial,57
population,53
by,50
heights,49
recruits,47
be,47
ethnic,44
kikuyu,43
at,41
an,41
this,41
with,40
data,39
world,39
nutritional,37
groups,36
economic,34
mean,34
percent,34
i,33
sample,33
which,33
can,33
studies,32
it,31
growth,31
between,31
p,30
ii,29
moradi,29
medical,29
kenyan,29
status,29
east,28
development,28
war,28
birth,27
however,26
other,26
stature,26
one,25
more,25
men,25
study,25
differences,24
their,24
age,23
cohorts,23
or,23
years,23
africa,23
army,23
table,23
s,22
journal,22
time,22
than,21
see,21
who,21
cm,21
there,20
university,20
about,20
they,19
found,19
only,19
social,19
children,19
very,19
group,18
example,18
figure,18
dimorphism,18
did,18
press,18
history,17
all,17
human,17
body,17
orr,17
inches,17
n,17
most,17
had,17
gilks,17
kamba,17
also,17
corps,17
conditions,17
does,16
military,16
labor,16
inequality,16
luo,16
production,15
j,15
adult,15
populations,15
these,15
where,15
standard,15
male,15
over,15
sources,14
available,14
regression,14
diet,14
pastoralists,14
new,14
so,14
after,14
note,14
measurements,14
set,14
living,14
average,14
have,14
if,13
central,13
nairobi,13
census,13
et,13
therefore,13
al,13
areas,13
lake,13
low,13
agricultural,13
much,13
rate,12
account,12
such,12
century,12
leys,12
l,12
into,12
well,12
r,12
when,12
service,12
food,12
period,12
oxford,12
per,11
maize,11
women,11
first,11
w,11
could,11
luhya,11
gender,11
year,11
policies,11
lactose,11
but,11
respectively,11
victoria,11
physical,11
appendix,11
milk,11
baten,11
large,10
h,10
before,10
changes,10
care,10
m,10
used,10
place,10
t,10
change,10
small,10
notes,10
truncation,10
female,10
reference,10
under,10
joyce,10
number,10
disease,10
region,10
like,10
environment,10
series,10
historical,10
born,10
malaria,10
d,10
increased,10
source,9
point,9
estimates,9
child,9
highlands,9
derived,9
london,9
truncated,9
forces,9
units,9
biological,9
people,9
pattern,9
do,9
colony,9
trend,9
northern,9
countries,9
analysis,9
size,9
environmental,8
different,8
lower,8
diseases,8
survey,8
case,8
may,8
edited,8
rather,8
factors,8
eaamc,8
cannot,8
because,8
during,8
trends,8
eamls,8
will,8
indeed,8
kenyans,8
samples,8
significant,8
general,8
high,8
probably,8
eaasc,8
aapc,8
mortality,8
kalenjin,8
report,8
what,8
economy,8
while,8
transport,8
anthropométrie,8
measure,8
using,8
land,8
effects,8
north,8
observed,8
signals,8
steckel,7
meru,7
farmers,7
influences,7
those,7
normal,7
within,7
some,7
taking,7
g,7
rates,7
how,7
moreover,7
energy,7
welfare,7
important,7
economics,7
equivalents,7
explain,7
significantly,7
brought,7
figures,7
regions,7
good,7
research,7
reported,7
annual,7
up,7
protectorate,7
various,7
intolerance,7
regional,7
great,7
took,7
secular,7
literate,7
nevertheless,7
crises,7
points,7
individual,7
genetics,7
parsons,7
united,7
considered,7
text,7
meat,7
hospital,7
john,7
kar,7
evidence,7
potential,7
c,7
major,7
american,6
each,6
decade,6
policy,6
western,6
based,6
certainly,6
taken,6
mau,6
political,6
british,6
u,6
changed,6
measurement,6
backgrounds,6
pay,6
lactase,6
http,6
young,6
even,6
poor,6
levels,6
india,6
section,6
shorter,6
whereas,6
requirements,6
though,6
effect,6
its,6
ethnicity,6
squatters,6
around,6
requirement,6
short,6
limited,6
southern,6
communities,6
pp,6
put,6
developing,6
native,6
made,6
individuals,6
improvements,6
accessed,6
would,6
britain,6
relationship,6
provide,6
independence,6
force,6
life,6
biology,6
branches,6
has,6
cultivation,6
role,6
cash,6
mhr,6
inequalities,6
area,6
early,6
final,5
estimated,5
later,5
names,5
postindependence,5
bias,5
shortfall,5
total,5
nineteenth,5
onwards,5
rich,5
shillings,5
nomadic,5
undernutrition,5
recorded,5
possible,5
thus,5
de,5
little,5
cases,5
late,5
africans,5
somali,5
higher,5
district,5
unit,5
sexual,5
assuming,5
means,5
statistical,5
impact,5
frequently,5
additional,5
distribution,5
medicine,5
here,5
international,5
anderson,5
specifically,5
protein,5
my,5
below,5
next,5
contrast,5
hence,5
overall,5
tropical,5
komlos,5
coverage,5
represents,5
infrastructure,5
department,5
deficient,5
infectious,5
v,5
treated,5
use,5
variables,5
three,5
comprehensive,5
soldiers,5
times,5
richard,5
continued,5
been,5
control,5
ratio,5
alexander,5
particularly,5
terms,5
enlistment,5
particular,5
produce,5
both,5
joerg,5
twentieth,5
states,5
strong,5
among,5
livestock,5
fratkin,5
difficult,4
mostly,4
market,4
personnel,4
e,4
modern,4
comparisons,4
long,4
crops,4
origin,4
improved,4
robert,4
somewhat,4
king,4
colombia,4
household,4
interestingly,4
exist,4
million,4
against,4
econometric,4
police,4
old,4
ct,4
effective,4
y,4
details,4
william,4
poverty,4
van,4
mexico,4
without,4
mortimore,4
grew,4
certain,4
special,4
evolution,4
risks,4
bad,4
bigsten,4
colonialism,4
branch,4
producers,4
argued,4
result,4
pastoral,4
rule,4
brantley,4
out,4
hospitals,4
representative,4
density,4
furthermore,4
skilled,4
boyd,4
biases,4
martorell,4
mace,4
guntupalli,4
work,4
aged,4
records,4
statistics,4
famine,4
indicator,4
order,4
several,4
essentially,4
cattle,4
provided,4
attestation,4
periods,4
settlers,4
f,4
above,4
surviving,4
restricted,4
included,4
reports,4
holden,4
others,4
demographic,4
pastoralism,4
farming,4
variation,4
distributions,4
maasai,4
likelihood,4
income,4
less,4
routledge,4
range,4
including,4
increase,4
factor,4
services,4
ibid,4
described,4
b,4
spread,4
labour,4
dawson,4
sales,4
european,4
wage,4
gichuki,4
detailed,4
yale,4
nyanza,4
indicate,4
class,4
education,4
tiffen,4
mosley,4
clinical,4
share,4
following,4
must,4
mackenzie,4
known,4
patients,4
civilians,4
paper,4
global,4
habicht,4
plague,4
eveleth,4
girls,4
better,4
kitching,4
agriculture,4
spatial,4
making,4
kisii,4
inputs,4
problem,4
boys,4
almost,4
infant,4
despite,4
techniques,4
transition,4
tall,4
background,4
literacy,4
difference,4
include,4
needs,4
settler,4
coefficient,4
rifles,4
estimator,4
standards,4
maximum,4
surveys,4
cross,4
enter,3
considerably,3
introduction,3
expect,3
second,3
additionally,3
conquest,3
presents,3
francis,3
negative,3
test,3
infections,3
might,3
nature,3
follows,3
physique,3
racial,3
system,3
deviation,3
primary,3
fishing,3
greene,3
west,3
except,3
decreasing,3
economies,3
minimum,3
diversity,3
dynamics,3
since,3
bodily,3
attained,3
relatively,3
fearn,3
expected,3
underlying,3
compared,3
estimate,3
find,3
parasites,3
sellen,3
mount,3
betterment,3
na,3
cohort,3
subsistence,3
bantu,3
represented,3
taller,3
risk,3
them,3
ex,3
similar,3
roth,3
support,3
affect,3
wages,3
wealth,3
ups,3
calcium,3
drought,3
beyond,3
edinburgh,3
generally,3
indonesia,3
view,3
access,3
treatments,3
lived,3
applying,3
martial,3
equal,3
procter,3
jolly,3
mle,3
excellent,3
annals,3
taxes,3
line,3
planning,3
parameters,3
shanks,3
millet,3
contains,3
mijikenda,3
way,3
reflect,3
teenagers,3
approach,3
least,3
outperformed,3
suggest,3
normality,3
grow,3
productivity,3
plausible,3
am,3
geographical,3
demand,3
discriminatory,3
variety,3
subject,3
play,3
epidemiological,3
make,3
indicates,3
positive,3
sex,3
official,3
recruited,3
prisoners,3
tax,3
complete,3
same,3
robust,3
insights,3
hunger,3
two,3
sector,3
lindenfors,3
camel,3
unreliable,3
paul,3
technique,3
death,3
many,3
missing,3
nathan,3
crop,3
diverse,3
patterns,3
ages,3
model,3
existing,3
armed,3
michael,3
private,3
turkana,3
cambridge,3
chaiken,3
sufficiently,3
refers,3
products,3
pack,3
full,3
macro,3
traders,3
trade,3
clear,3
brass,3
tribal,3
provides,3
methods,3
slightly,3
we,3
haven,3
regressions,3
increasing,3
indication,3
third,3
me,3
science,3
crucial,3
ministry,3
insufficient,3
success,3
transformed,3
kanogo,3
malabsorption,3
smallpox,3
often,3
fall,3
surprising,3
beans,3
recruiting,3
intensification,3
comparison,3
peoples,3
geographic,3
membership,3
pt,3
column,3
equation,3
outcome,3
colonization,3
finance,3
rural,3
places,3
believed,3
according,3
explanations,3
capita,3
coffee,3
cause,3
extent,3
huge,3
observations,3
presented,3
org,3
met,3
given,3
conclude,3
through,3
became,3
reserves,3
shores,3
genders,3
decrease,3
national,3
finally,3
intakes,3
consumption,3
prosperity,3
remains,3
offered,3
specific,3
assumed,3
agrees,3
substantial,3
recent,3
frequent,2
o,2
sussex,2
convergence,2
common,2
gustafsson,2
represent,2
epidemics,2
meisel,2
elliot,2
determine,2
measures,2
epidemic,2
shocks,2
needed,2
prediction,2
complex,2
agency,2
confidence,2
tend,2
cxii,2
live,2
currency,2
true,2
prince,2
retardation,2
easily,2
stunted,2
assumption,2
reasonably,2
anthropology,2
allow,2
harsh,2
habits,2
princeton,2
wolff,2
petersen,2
cdc,2
file,2
uprising,2
consistent,2
every,2
statures,2
give,2
klasen,2
kuczmarski,2
words,2
dramatically,2
affinities,2
svedberg,2
enrolled,2
luos,2
government,2
conservative,2
procedure,2
take,2
fresh,2
munro,2
persistence,2
murray,2
faostat,2
onis,2
california,2
intelligence,2
daniel,2
chandra,2
livelihood,2
papers,2
majority,2
aravinda,2
growing,2
issue,2
eastern,2
anthropologists,2
soldier,2
marc,2
implies,2
leakey,2
condition,2
consumers,2
wilkinson,2
vital,2
information,2
disadvantage,2
rens,2
timothy,2
dynamic,2
genetic,2
facto,2
ô,2
exposed,2
boserup,2
iron,2
review,2
weakened,2
estimating,2
quality,2
portfolio,2
tanganyika,2
september,2
author,2
scarce,2
regarded,2
mombasa,2
price,2
fiona,2
villar,2
denote,2
nt,2
affairs,2
thereof,2
pessimistic,2
refer,2
smallholders,2
races,2
served,2
left,2
databases,2
rhodesia,2
weight,2
foran,2
dahlmann,2
hardly,2
influence,2
error,2
costa,2
rights,2
via,2
adequate,2
york,2
devastating,2
existent,2
negatively,2
factual,2
socioecology,2
basic,2
weighted,2
revenues,2
process,2
incidence,2
parasite,2
parts,2
steinberg,2
benjamin,2
rank,2
scales,2
white,2
absorbed,2
references,2
arid,2
downward,2
parentheses,2
mission,2
consider,2
sim,2
intensive,2
peasant,2
clearly,2
contaminated,2
elsewhere,2
gradually,2
mary,2
k,2
downs,2
oschinsky,2
vitamin,2
too,2
four,2
commonly,2
origins,2
powerful,2
goats,2
efficient,2
position,2
causing,2
heston,2
hit,2
erosion,2
providing,2
trajectories,2
methodology,2
simoons,2
commodity,2
expressed,2
anthropometry,2
arrived,2
prehistoric,2
transmission,2
declined,2
nutrients,2
her,2
carolina,2
pioneer,2
pastoralist,2
academic,2
institute,2
province,2
meet,2
scale,2
grounds,2
fish,2
required,2
wide,2
malnutrition,2
aspects,2
gained,2
diarrhea,2
farnworth,2
mem,2
start,2
qualifications,2
reserve,2
proportions,2
apparent,2
confined,2
indigenous,2
lai,2
literature,2
fit,2
database,2
lancet,2
poll,2
markedly,2
attributed,2
count,2
errors,2
staple,2
published,2
hut,2
whitehead,2
gns,2
meera,2
caused,2
tested,2
prevalence,2
le,2
fallow,2
emerging,2
bank,2
leaves,2
few,2
obiero,2
observe,2
concluded,2
somalis,2
heintel,2
progress,2
results,2
value,2
grateful,2
tallest,2
increments,2
nga,2
mccollum,2
proxy,2
implications,2
cxqi,2
bryceson,2
expansion,2
yields,2
spencer,2
exception,2
april,2
still,2
expanded,2
targeted,2
territory,2
whole,2
selection,2
percentage,2
retrieved,2
housing,2
q,2
hugh,2
examined,2
underdevelopment,2
marginal,2
aten,2
exposure,2
selective,2
essential,2
favorable,2
compiled,2
informal,2
trewartha,2
shifting,2
dropped,2
rising,2
largest,2
owino,2
worst,2
members,2
name,2
ambler,2
chuka,2
similarly,2
vega,2
water,2
headquarters,2
lengthy,2
fact,2
longer,2
takahashi,2
foodstuffs,2
pressure,2
clarendon,2
reform,2
choice,2
educated,2
larger,2
pieters,2
golden,2
considerable,2
conclusions,2
behind,2
hand,2
present,2
centre,2
accepted,2
relevant,2
royal,2
maturity,2
ao,2
diets,2
jj,2
degree,2
fao,2
another,2
summers,2
local,2
analyzed,2
collier,2
understanding,2
campaigns,2
restrictions,2
craig,2
explanation,2
discrimination,2
rocheleau,2
concern,2
findings,2
lecture,2
entirely,2
station,2
tolerance,2
resulting,2
chosen,2
dummy,2
significance,2
explorations,2
substitutes,2
srinivasan,2
plains,2
decreased,2
collected,2
administrative,2
counted,2
proximity,2
last,2
latter,2
educational,2
especially,2
article,2
systems,2
sigma,2
correlated,2
overcome,2
accordingly,2
www,2
james,2
tishkoff,2
working,2
arne,2
remarkable,2
convergent,2
geheb,2
vector,2
division,2
infants,2
dietary,2
modernization,2
blossner,2
she,2
shortest,2
usually,2
maps,2
program,2
rough,2
employment,2
embu,2
deaths,2
leslie,2
widespread,2
un,2
imperialism,2
overlap,2
settled,2
existed,2
measured,2
exists,2
unusual,2
matters,2
quantitative,2
anthropological,2
then,2
any,2
constant,2
specification,2
version,2
changing,2
ever,2
mack,2
determinants,2
pace,2
cover,2
migration,2
sheep,2
expenditures,2
expanding,2
auxiliary,2
nutritious,2
best,2
unknown,2
ft,2
argue,2
zwanenberg,2
domestic,2
hearn,2
coefficients,2
associated,2
reflected,2
prospects,2
reynaldo,2
carole,2
sueur,2
animal,2
penn,2
unlikely,2
pooled,2
award,2
interwar,2
binns,2
adults,2
accounts,2
older,2
males,2
bettina,2
covers,2
signature,2
shortages,2
adaptation,2
hypolactasia,2
uncertainty,2
intake,2
urban,2
cluster,2
conference,2
socioeconomic,2
nj,2
ariaal,2
prevalent,2
deviate,2
indians,2
snow,2
childhood,2
varied,2
come,2
examinations,2
question,2
ultimately,2
models,2
differentiation,2
condey,2
reveals,2
lands,2
rosenbaum,2
charts,2
defence,2
temperature,2
course,2
typically,2
births,2
canadian,2
facilitates,2
extremely,2
association,2
ranged,2
summary,2
tribes,2
rejection,2
supply,2
vary,2
chicago,2
pool,2
norman,2
interaction,2
laborers,2
should,2
broader,2
hypothesis,2
kurt,1
barr,1
adulthood,1
hector,1
ending,1
delude,1
formulated,1
accidents,1
doubts,1
limits,1
overgrazing,1
disaggregated,1
stuart,1
schistosomiasis,1
jjjj,1
meaning,1
ainsworth,1
responds,1
quickly,1
differentials,1
falmer,1
mimeo,1
everyone,1
affected,1
extend,1
interventions,1
episodes,1
resulted,1
overstated,1
offset,1
natural,1
nilotic,1
unbiased,1
distributed,1
village,1
decentralized,1
becoming,1
center,1
replaced,1
he,1
screening,1
centimeter,1
approved,1
illegal,1
immiseration,1
entries,1
ma,1
informative,1
miriam,1
sersas,1
inch,1
specialist,1
mexican,1
completely,1
weaned,1
crof,1
boulder,1
diffuse,1
reduced,1
comrades,1
justified,1
fixed,1
predictor,1
explanatory,1
necessarily,1
description,1
occurred,1
detrimental,1
equations,1
underproduction,1
samburu,1
petite,1
pandemic,1
exceptions,1
gustaffson,1
buffer,1
revision,1
nonetheless,1
chief,1
descriptions,1
corresponding,1
amongst,1
symptoms,1
bark,1
signal,1
fees,1
footing,1
prosperous,1
mitigated,1
experience,1
fluctuations,1
proportion,1
predominantly,1
granary,1
stress,1
accumulation,1
said,1
december,1
subsample,1
fraction,1
either,1
inclined,1
stressed,1
beneficial,1
marco,1
catch,1
indiscriminately,1
modest,1
lexington,1
barriers,1
titles,1
revisited,1
ghosh,1
drugs,1
concur,1
voices,1
interests,1
experimented,1
nyasaland,1
slumps,1
unconstrained,1
investments,1
rapid,1
conflict,1
moramay,1
permanently,1
recovery,1
safaris,1
lsms,1
diverging,1
troops,1
analaysis,1
frederick,1
frontline,1
davis,1
yaws,1
attractive,1
pwt,1
leading,1
agrarian,1
assess,1
together,1
estimation,1
theme,1
remark,1
simple,1
astonishingly,1
momentum,1
thank,1
fortunes,1
confirming,1
portrayal,1
malabsorbtion,1
inherent,1
recruit,1
closer,1
hundred,1
brian,1
reveal,1
composition,1
markus,1
religion,1
kingdom,1
uniforms,1
introduces,1
achieved,1
differential,1
feature,1
ancestry,1
state,1
imprinted,1
date,1
stand,1
raised,1
reserved,1
staff,1
deriving,1
coordinated,1
secondly,1
profitable,1
ambiguous,1
favoring,1
gnswww,1
regressed,1
lecturer,1
seminar,1
ad,1
side,1
oxley,1
swarms,1
killer,1
dennis,1
cinnirella,1
dearth,1
existence,1
suspect,1
sophisticated,1
forward,1
forthcoming,1
westview,1
bodies,1
roy,1
historians,1
draws,1
prone,1
guidelines,1
demography,1
tenth,1
killed,1
right,1
vol,1
quantities,1
concentrating,1
activity,1
soils,1
slight,1
functions,1
october,1
driver,1
obvious,1
calculated,1
influenza,1
interdisciplinary,1
variations,1
heaping,1
far,1
ideologically,1
sent,1
uncertain,1
quantity,1
apply,1
combatant,1
constrained,1
precolonial,1
representing,1
financed,1
recruiters,1
formula,1
prevented,1
treatise,1
collection,1
sign,1
altitudes,1
surplus,1
funded,1
repeatedly,1
jacinta,1
cumulatively,1
grewparticularly,1
widened,1
jsp,1
encouraging,1
cushitic,1
abdominal,1
famously,1
explained,1
component,1
severe,1
facts,1
roger,1
digestion,1
run,1
past,1
illustrates,1
due,1
objective,1
predetermined,1
analyzing,1
muscle,1
ivoire,1
rotberg,1
ireland,1
interest,1
characteristic,1
ability,1
hall,1
gendered,1
tuebingen,1
afford,1
walter,1
handbooks,1
drawback,1
pdf,1
exhausted,1
summarizing,1
wiley,1
turn,1
esa,1
probabilities,1
commercialization,1
perspective,1
unhygienic,1
blank,1
chass,1
subjects,1
disproportionately,1
contrary,1
gradients,1
response,1
serving,1
outbreaks,1
channels,1
therewith,1
allowing,1
suitable,1
clare,1
arranged,1
single,1
battalions,1
publications,1
died,1
equally,1
apnl,1
mirrored,1
drawn,1
reared,1
stimulating,1
concepts,1
bharati,1
festivals,1
apparently,1
worldbank,1
pronounced,1
immunity,1
frank,1
unskilled,1
deficits,1
purchasing,1
preventive,1
newer,1
anders,1
ethnically,1
dengue,1
online,1
colin,1
town,1
added,1
identification,1
predicted,1
westport,1
tt,1
bourges,1
aimed,1
relative,1
across,1
centered,1
sum,1
proceedings,1
vasulu,1
af,1
swept,1
coastal,1
remote,1
ills,1
parents,1
erow,1
fever,1
deprived,1
rats,1
probability,1
supplement,1
whether,1
importance,1
leave,1
balanced,1
greenwood,1
meshack,1
generating,1
matched,1
employees,1
lacking,1
gratefully,1
crusade,1
pal,1
summarized,1
digestible,1
berkeley,1
overlooked,1
consequences,1
discriminate,1
enlisted,1
cdf,1
reason,1
katherine,1
sedentarism,1
inchin,1
plus,1
biased,1
supports,1
organization,1
occupational,1
river,1
specialization,1
peasants,1
behaviours,1
yellow,1
slowly,1
otherwise,1
eyesight,1
proved,1
proposed,1
edition,1
numbers,1
keny,1
traces,1
house,1
contemporaries,1
asymptotically,1
quantify,1
weak,1
surgery,1
laylor,1
upper,1
benefited,1
yz,1
viruses,1
outdispensaries,1
experienced,1
resource,1
premananda,1
enzyme,1
follow,1
officer,1
kamasia,1
indications,1
us,1
cotton,1
putting,1
prentice,1
gini,1
painted,1
adolfo,1
wattle,1
kavirondo,1
method,1
plenum,1
restriction,1
endemic,1
helped,1
export,1
strategy,1
suggested,1
trained,1
ian,1
stands,1
dc,1
cultivating,1
greater,1
ranges,1
tanzania,1
skewed,1
came,1
cynthia,1
osmani,1
swati,1
swahilis,1
underrepresented,1
migrant,1
agenda,1
societies,1
future,1
holds,1
clinics,1
strength,1
typical,1
hq,1
six,1
strongly,1
dianne,1
output,1
demands,1
descriptives,1
austin,1
pass,1
events,1
cardiovascular,1
luxury,1
persist,1
portsmouth,1
initial,1
ethnohistorical,1
longitude,1
nutrient,1
markets,1
term,1
urbanization,1
further,1
maxima,1
fourth,1
pointing,1
fishermen,1
suffer,1
districts,1
stressing,1
indirect,1
tools,1
appears,1
viewed,1
absorption,1
suffered,1
applied,1
placed,1
outside,1
fashionable,1
breathing,1
guesswork,1
facilities,1
public,1
xerxes,1
contagion,1
possibility,1
impression,1
technical,1
improve,1
currey,1
failure,1
igor,1
shape,1
rations,1
prewar,1
côte,1
correlation,1
fragmented,1
acronyms,1
industrial,1
commoditization,1
heart,1
micronutrients,1
coping,1
rinderpest,1
prominent,1
stake,1
heavily,1
lopezalonso,1
part,1
training,1
civil,1
knowledge,1
reduction,1
chooses,1
pulls,1
inquality,1
routinely,1
criticized,1
eurocentric,1
loss,1
overview,1
genuine,1
utero,1
describe,1
consistently,1
fail,1
ghana,1
utoronto,1
issues,1
demonstrates,1
partly,1
constitute,1
densely,1
taostat,1
iao,1
mentioning,1
strain,1
scanty,1
schoolchildren,1
earn,1
parasitology,1
healthiest,1
documented,1
taveta,1
ethnolinguistic,1
focuses,1
intrauterine,1
herding,1
rise,1
systematic,1
fieldwork,1
alan,1
interpreted,1
breakdown,1
enhances,1
overrepresented,1
heinemann,1
lifestyles,1
hidden,1
sampled,1
shortcomings,1
prices,1
olson,1
provision,1
suk,1
kikuyus,1
sense,1
level,1
sharper,1
corresponds,1
spatially,1
fuzzy,1
negligible,1
peterson,1
sunder,1
lowest,1
panel,1
reliable,1
volume,1
dictionary,1
persuasive,1
indicators,1
trading,1
villagers,1
imposition,1
wrong,1
stimulated,1
raul,1
exclude,1
heffer,1
settlement,1
penicillin,1
attendances,1
intervals,1
concept,1
rendille,1
characteristics,1
sufficient,1
separately,1
driving,1
tony,1
concerns,1
garine,1
highly,1
depression,1
margarita,1
acts,1
supposedly,1
nomads,1
decline,1
nandi,1
distinguished,1
agronomic,1
fetal,1
villages,1
differing,1
seeds,1
tended,1
widely,1
degradation,1
philip,1
core,1
always,1
st,1
extracted,1
dependent,1
subsistencebased,1
proper,1
paid,1
distinguishing,1
roots,1
newly,1
alienated,1
finds,1
monarchy,1
valuable,1
phase,1
stephan,1
massive,1
reducing,1
activities,1
invest,1
avoid,1
measuredhs,1
society,1
lend,1
nations,1
subsequently,1
survived,1
pearson,1
south,1
tea,1
span,1
threatened,1
critical,1
porras,1
casualty,1
plantains,1
pediatrics,1
likely,1
approximate,1
situation,1
intestinal,1
minor,1
pneumonia,1
absence,1
practices,1
patrik,1
summarize,1
implicitly,1
steadily,1
fortunately,1
impacts,1
identified,1
action,1
machakos,1
pokomo,1
incentives,1
located,1
hardest,1
crowding,1
return,1
legumes,1
acknowledged,1
computing,1
brief,1
nearly,1
benefiting,1
sedentarization,1
reduce,1
whatever,1
allen,1
capacity,1
antibiotics,1
comments,1
experiences,1
unprecedented,1
movement,1
modes,1
distribute,1
redistributing,1
decisions,1
structural,1
consulted,1
ulinzi,1
omits,1
scarcity,1
dhs,1
groundnuts,1
effectually,1
phylogenetic,1
opportunities,1
security,1
makes,1
occurences,1
serve,1
soon,1
england,1
rain,1
caveat,1
populated,1
latitude,1
council,1
index,1
management,1
unwin,1
summing,1
agropastoralists,1
homogeneous,1
positively,1
light,1
dummies,1
assistance,1
efforts,1
vin,1
broad,1
responsive,1
indian,1
acknowledging,1
nineteenthcentury,1
dehli,1
already,1
tanner,1
confirmed,1
manoranjan,1
ji,1
begins,1
sikali,1
consolidating,1
bar,1
phyllis,1
downplaying,1
picture,1
unpp,1
faster,1
regardless,1
pvalues,1
delivery,1
bars,1
starting,1
power,1
locust,1
rahman,1
academy,1
europe,1
procured,1
deterioration,1
towns,1
addition,1
towards,1
financial,1
humidity,1
depopulated,1
truncating,1
skills,1
averages,1
marker,1
freehold,1
treatment,1
fundamental,1
head,1
abilities,1
mylavarapu,1
bourgeoisie,1
striking,1
plan,1
predominant,1
agree,1
predominated,1
outdated,1
daily,1
really,1
antonio,1
polio,1
granting,1
contemporary,1
doubt,1
identical,1
edward,1
pennsylvania,1
man,1
seldom,1
zero,1
starvation,1
distinct,1
bavaria,1
iodine,1
increases,1
clusters,1
threads,1
swahili,1
respiratory,1
sensitively,1
derivation,1
purposes,1
refugees,1
vulnerable,1
geonet,1
strategies,1
hides,1
gal,1
lines,1
scatterplot,1
japan,1
histogram,1
gdp,1
couple,1
taita,1
curative,1
dispel,1
hale,1
impoverished,1
distance,1
fafchamps,1
gives,1
gareth,1
admittedly,1
free,1
eq,1
calculation,1
imagine,1
original,1
demonstrated,1
classes,1
exhibit,1
mcmaster,1
investment,1
kathleen,1
vast,1
averaged,1
registers,1
cancels,1
finnish,1
onstant,1
considering,1
comprise,1
bone,1
sacrifices,1
width,1
locate,1
sides,1
bora,1
logs,1
reestimating,1
industrialized,1
gastrointestinal,1
recover,1
geonames,1
controlling,1
heath,1
métropole,1
expression,1
unfortunately,1
determining,1
largely,1
uganda,1
began,1
terho,1
causes,1
chichester,1
harvard,1
net,1
cicup,1
processes,1
lifestyle,1
hoc,1
real,1
raising,1
parasitic,1
recruitment,1
dismissed,1
advantages,1
optimistic,1
initiatives,1
sarah,1
rejected,1
exertion,1
simplify,1
computational,1
increment,1
vaccines,1
tail,1
rapidly,1
clue,1
peter,1
maintenance,1
hookworms,1
amounts,1
co,1
admission,1
august,1
issn,1
held,1
allowed,1
yj,1
started,1
characterized,1
geographically,1
function,1
teal,1
features,1
played,1
variance,1
maximize,1
paths,1
shortly,1
disclaimer,1
vitamins,1
keen,1
actively,1
preschool,1
ignorance,1
exchange,1
repeated,1
promotion,1
agriculturalists,1
favored,1
random,1
problems,1
coercive,1
outcomes,1
qualities,1
evolutionary,1
barefoot,1
glenn,1
geographers,1
upwardly,1
topics,1
acquire,1
nationally,1
excluded,1
enjoyed,1
hunters,1
siddiqur,1
analyze,1
rainfalls,1
story,1
malnourished,1
astonishing,1
attracted,1
sanitary,1
grain,1
industrialization,1
eiji,1
kenyanafrican,1
joint,1
professional,1
sugar,1
anomaly,1
opposite,1
mil,1
attention,1
permit,1
logistics,1
dispossessed,1
comorians,1
applies,1
cereals,1
pyrethrum,1
consumed,1
limiting,1
dora,1
fails,1
space,1
arriving,1
speculate,1
imply,1
ester,1
today,1
transformations,1
sanitation,1
tentative,1
richest,1
wastes,1
lot,1
fairly,1
forego,1
george,1
mixture,1
floud,1
ecological,1
foreign,1
nh,1
naturally,1
impressive,1
settling,1
fully,1
habsburg,1
entity,1
stopped,1
fewer,1
primarily,1
predict,1
becomes,1
deborah,1
investigators,1
exceptional,1
dimensions,1
abnormal,1
chronically,1
establish,1
carbohydrates,1
lawrence,1
importantly,1
server,1
contribution,1
transformation,1
maximizing,1
category,1
applicants,1
vegetarian,1
responsible,1
arts,1
expectations,1
lowered,1
blood,1
sheds,1
composed,1
types,1
say,1
itself,1
maureen,1
theakikuyu,1
crowded,1
immunizations,1
regularly,1
tribe,1
communal,1
distributional,1
addressed,1
detail,1
quantitatively,1
sections,1
school,1
acquired,1
undertook,1
authorities,1
conscription,1
judgments,1
lessons,1
worsened,1
francesco,1
comes,1
conclusion,1
extending,1
suppl,1
demonstrate,1
simply,1
extensive,1
malki,1
confounding,1
soil,1
bush,1
marcel,1
precise,1
extermination,1
discrete,1
entry,1
roderick,1
droughts,1
occurrences,1
narrowly,1
june,1
funding,1
mwimbe,1
drew,1
minerals,1
xt,1
repository,1
tabitha,1
particulars,1
know,1
prophylactic,1
dominated,1
deficiencies,1
dairy,1
principle,1
rainfall,1
fitness,1
econometrics,1
monthly,1
country,1
malariaendemic,1
mercedes,1
shares,1
covariates,1
tuberculosis,1
specialized,1
worth,1
organized,1
mhrs,1
interested,1
seem,1
board,1
believe,1
illnesses,1
literates,1
deprivation,1
half,1
rood,1
universal,1
current,1
hindering,1
ideological,1
joseph,1
losses,1
presumably,1
reliability,1
denotes,1
perfectly,1
sorted,1
finns,1
generalized,1
bin,1
identities,1
allocation,1
expel,1
works,1
assessment,1
elders,1
qualitatively,1
usual,1
beginning,1
noise,1
stagnated,1
regulations,1
diversified,1
surpluses,1
abigail,1
sectors,1
avoidance,1
falkner,1
investigation,1
month,1
kikuyuland,1
selected,1
form,1
ones,1
coast,1
tripled,1
seasonal,1
condemn,1
welldocumented,1
longerterm,1
shortfalls,1
leaving,1
murang,1
consisting,1
understandably,1
exposures,1
densities,1
occasions,1
saddle,1
velazques,1
weights,1
sleeping,1
motorized,1
scoresby,1
healthy,1
equestrian,1
deepak,1
lm,1
overdependence,1
balance,1
measles,1
emphasis,1
individals,1
untapped,1
diphtheria,1
bacteria,1
calamities,1
categories,1
policemen,1
martha,1
burden,1
researchers,1
intention,1
flatulence,1
exploitative,1
digitized,1
trivial,1
pain,1
peace,1
politics,1
proficient,1
uniform,1
slopes,1
bholanath,1
manual,1
marketing,1
nadir,1
confirm,1
sufficiency,1
ac,1
administration,1
confronted,1
contribute,1
galvin,1
fyfe,1
indebted,1
officially,1
qualitative,1
phenomenon,1
exceptionally,1
pastorahsts,1
maintained,1
kithuka,1
clearances,1
gain,1
com,1
harrison,1
counts,1
nicolaus,1
precision,1
eric,1
susceptible,1
buying,1
sickness,1
promoted,1
formation,1
tell,1
guntupalh,1
commercial,1
ukambani,1
influenced,1
zones,1
initiated,1
proteins,1
finding,1
quest,1
contract,1
herds,1
washington,1
accept,1
regimental,1
reversed,1
crisis,1
contributed,1
applicable,1
unfit,1
approximately,1
lehtimâki,1
grown,1
although,1
eggs,1
need,1
forbes,1
nchs,1
green,1
product,1
smaller,1
brighton,1
obungu,1
exceeding,1
newness,1
forming,1
limitations,1
marsabit,1
campaign,1
roughly,1
ruth,1
moved,1
charles,1
baganda,1
charlotte,1
rest,1
certainty,1
clarify,1
datoga,1
elites,1
correlate,1
lehtimàki,1
patricia,1
era,1
irrelevant,1
swynnerton,1
civilian,1
firstly,1
pédiatrie,1
kim,1
charging,1
allometric,1
traditional,1
focus,1
immediately,1
glance,1
uk,1
prison,1
comparable,1
taylor,1
histograms,1
calories,1
infancy,1
tf,1
arnold,1
building,1
doing,1
indicating,1
ca,1
staffed,1
showed,1
close,1
cited,1
tubers,1
gold,1
thorough,1
