WORDCOUNTS,WEIGHT
the,1636
of,904
and,518
in,510
to,480
a,263
from,164
was,149
that,144
by,137
for,136
were,123
on,123
fishermen,112
english,109
french,109
as,109
this,107
with,101
it,85
their,82
an,81
not,76
between,74
is,73
at,67
england,66
fishing,65
war,65
france,64
century,63
or,62
state,59
which,58
s,56
de,52
be,52
these,50
see,50
they,45
all,45
national,45
la,43
fo,42
two,40
who,39
i,38
dunkirk,38
paris,37
had,35
london,35
eighteenth,35
fish,34
other,33
people,33
et,33
also,33
but,33
channel,33
local,33
same,32
ports,32
during,31
belonging,31
dieppe,30
adn,29
number,29
commerce,29
his,27
below,27
present,27
marine,27
have,27
one,26
harwich,26
letter,26
ibid,26
diplomacy,26
would,25
are,25
des,25
sea,25
trade,24
example,24
navy,24
past,24
such,23
very,23
them,23
into,22
interest,22
more,22
gamba,22
time,22
du,21
first,21
british,21
both,21
nation,21
stamp,21
history,20
being,20
those,20
political,20
has,20
thus,20
how,20
order,20
been,20
government,19
there,19
shipowners,19
communities,19
used,19
admiralty,19
d,19
great,18
sartine,18
lemoyne,18
le,18
up,18
so,18
can,18
often,18
any,18
relations,17
les,17
always,17
therefore,17
economic,17
indeed,17
we,17
chamber,17
fisheries,17
states,17
north,17
interests,16
secretary,16
coasts,16
no,16
privateers,16
conflicts,16
out,16
over,16
when,16
years,16
sent,16
copy,15
fresh,15
may,15
however,15
several,15
truces,15
only,15
end,15
period,15
pro,15
then,15
different,15
identities,15
themselves,15
since,14
could,14
lord,14
made,14
according,14
freedom,14
our,14
if,13
treaties,13
king,13
negotiation,13
against,13
than,13
town,13
june,13
parliament,13
will,13
maurepas,13
ed,13
john,13
britain,13
did,13
report,13
mayor,13
calais,13
early,13
take,12
even,12
n,12
international,12
he,12
above,12
council,12
treaty,12
herring,12
boulogne,12
groups,11
j,11
along,11
most,11
well,11
neutrality,11
nations,11
social,11
seventeenth,11
maritime,11
identity,11
language,11
institutions,11
authorities,11
while,11
role,11
ships,11
norman,11
hostility,10
some,10
sp,10
apr,10
general,10
coastal,10
space,10
latter,10
just,10
further,10
bouville,10
public,10
part,10
its,10
context,10
discourse,10
letters,10
about,10
oxford,10
towards,10
fact,10
rhetoric,10
necessary,10
foreign,10
wars,10
rivalry,10
enemy,10
far,10
through,10
cambridge,10
fos,9
tion,9
american,9
taken,9
nature,9
hundred,9
case,9
foreigners,9
owners,9
conflict,9
david,9
influence,9
without,9
similar,9
oysters,9
representatives,9
good,9
governments,9
towns,9
never,9
boats,9
eds,9
ing,9
following,9
monsieur,9
land,9
common,8
way,8
modern,8
words,8
politics,8
alliances,8
certain,8
beyond,8
fisherman,8
your,8
negotiated,8
peche,8
dover,8
boundaries,8
cont,8
second,8
request,8
vols,8
july,8
still,8
law,8
new,8
hand,8
ch,8
wartime,8
enemies,8
cabantous,8
negotiations,8
dec,8
here,8
what,8
terms,8
level,8
peace,8
despite,8
off,8
much,8
ments,7
go,7
does,7
calonne,7
either,7
long,7
ii,7
kent,7
oyster,7
depending,7
key,7
histoire,7
account,7
dutch,7
europe,7
allegiances,7
subjects,7
contrary,7
border,7
ment,7
l,7
en,7
after,7
direct,7
too,7
view,7
came,7
found,7
p,7
civil,7
own,7
siecle,7
revolution,7
spanish,7
petition,7
world,7
contact,7
under,7
officers,7
again,7
many,7
idea,7
minister,7
men,7
where,7
less,7
another,7
ties,7
mutinot,7
logic,7
european,7
sometimes,7
seen,7
itself,7
seafaring,7
why,7
whether,7
robinson,7
cause,7
particular,7
port,7
circumstances,7
au,7
finally,7
specific,7
should,7
affected,6
e,6
solidarity,6
h,6
whom,6
feeling,6
might,6
aldermen,6
issue,6
side,6
iii,6
sought,6
taking,6
adopted,6
cancale,6
whose,6
rather,6
support,6
argu,6
important,6
opinion,6
mer,6
result,6
inter,6
furthermore,6
having,6
whole,6
sense,6
lords,6
involved,6
feelings,6
decision,6
actions,6
yarmouth,6
make,6
counterparts,6
us,6
agree,6
do,6
seamen,6
boat,6
louis,6
aug,6
expression,6
use,6
agreement,6
hist,6
sept,6
translation,6
dans,6
face,6
sailors,6
each,6
quarrels,6
propaganda,6
disputes,6
elites,6
middle,6
com,6
nov,6
course,6
you,6
peacetime,6
point,6
given,6
morieux,6
truce,5
sussex,5
created,5
mar,5
royal,5
before,5
attempts,5
majesty,5
nationalism,5
right,5
complained,5
deux,5
merchants,5
decided,5
conducted,5
convention,5
kind,5
cases,5
perspective,5
communication,5
pontchartrain,5
using,5
across,5
notion,5
delegation,5
seas,5
exchange,5
house,5
seven,5
changed,5
fishery,5
envoys,5
directly,5
individual,5
northern,5
place,5
employed,5
attributed,5
approach,5
ambassador,5
petitions,5
geographical,5
society,5
populations,5
community,5
nursery,5
once,5
east,5
edict,5
official,5
noted,5
proposal,5
took,5
negotiators,5
relayed,5
capture,5
mps,5
discourses,5
demonstrated,5
classes,5
success,5
represented,5
region,5
pamphlets,5
previous,5
office,5
described,5
times,5
like,5
played,5
hastings,5
mr,5
attention,5
inhabitants,5
countries,5
baron,5
frontier,5
addressed,5
rarely,5
must,5
respect,5
popular,5
little,5
press,5
went,5
rochester,5
arguments,5
families,5
tions,5
solely,5
evidence,5
charles,5
draft,5
c,5
recent,5
close,5
archives,4
now,4
adopt,4
measures,4
succession,4
per,4
diplomatic,4
position,4
nineteenth,4
practices,4
contexts,4
said,4
sources,4
give,4
historiography,4
company,4
poverty,4
wrote,4
differences,4
able,4
independence,4
marins,4
nor,4
reading,4
possible,4
sixteenth,4
bell,4
himself,4
ostend,4
interactions,4
throughout,4
author,4
frenchmen,4
anciennes,4
peter,4
dis,4
direction,4
evident,4
response,4
find,4
act,4
main,4
jourdan,4
granted,4
michel,4
category,4
fore,4
resource,4
droit,4
hereafter,4
necessarily,4
my,4
danger,4
cultural,4
fisher,4
agreements,4
sovereignty,4
normans,4
xiv,4
opposition,4
because,4
provincial,4
line,4
esp,4
caught,4
year,4
herve,4
commons,4
accused,4
industry,4
activities,4
cpa,4
periods,4
power,4
territorial,4
various,4
sahlins,4
movement,4
yet,4
reference,4
later,4
chatham,4
renaud,4
merchant,4
une,4
culture,4
already,4
armed,4
rise,4
administrators,4
members,4
townshend,4
competitors,4
vast,4
examples,4
sides,4
writings,4
ideas,4
engaged,4
individuals,4
full,4
diplomats,4
him,4
goose,4
become,4
claiming,4
napoleon,4
concluded,4
carried,4
recueil,4
me,4
ministry,4
means,4
months,4
prises,4
founded,4
lowestoft,4
precise,4
protagonists,4
natural,4
guerre,4
intellectual,4
languages,4
amiens,4
historians,4
seem,4
particularly,4
pour,4
consciousness,4
works,4
type,4
intendant,4
making,4
theory,4
admiral,4
her,4
baltic,4
information,4
vessels,4
show,4
tried,4
alain,4
maintained,4
lille,4
maritimes,4
grant,4
need,4
requesting,4
mp,4
debate,4
colley,4
among,4
difficult,3
limits,3
stuart,3
cent,3
extreme,3
revolutionary,3
mackerel,3
village,3
group,3
large,3
complex,3
continent,3
studies,3
duke,3
western,3
unlike,3
total,3
descriptions,3
source,3
par,3
synonymous,3
gap,3
processes,3
sub,3
rare,3
ourselves,3
seems,3
hatred,3
parties,3
tradition,3
advantage,3
rennes,3
rich,3
studied,3
court,3
beds,3
religion,3
greatly,3
papers,3
havre,3
explained,3
mass,3
marc,3
open,3
adopting,3
powers,3
apart,3
exchanges,3
laws,3
castries,3
overfishing,3
sweet,3
warfare,3
notably,3
central,3
representations,3
roger,3
bamber,3
strategic,3
elements,3
decrusy,3
memorandum,3
back,3
flemish,3
provisions,3
left,3
morrill,3
commanding,3
talks,3
operation,3
opposed,3
via,3
york,3
links,3
bring,3
stop,3
remain,3
suffer,3
humanity,3
study,3
govern,3
moreover,3
send,3
signed,3
monde,3
commissaire,3
initiative,3
acting,3
officer,3
policy,3
neither,3
m,3
strategy,3
behaviour,3
expressed,3
ou,3
rivals,3
route,3
access,3
demands,3
informal,3
zone,3
captured,3
amae,3
appears,3
population,3
royaumes,3
affair,3
dix,3
r,3
ermen,3
work,3
explains,3
actors,3
carteret,3
issues,3
exempted,3
collective,3
away,3
interpreted,3
status,3
salted,3
t,3
sic,3
pyrenees,3
whilst,3
son,3
mediterranean,3
repeated,3
ship,3
brought,3
rye,3
rumour,3
coast,3
generally,3
barking,3
provided,3
behalf,3
survived,3
south,3
coastline,3
bretons,3
matter,3
action,3
comparative,3
forward,3
islands,3
prove,3
roads,3
hold,3
violence,3
makes,3
soon,3
thesis,3
citoyens,3
orders,3
gov,3
naval,3
seizures,3
fecamp,3
majority,3
onwards,3
put,3
addition,3
conduct,3
release,3
choice,3
together,3
borders,3
debates,3
contemporary,3
man,3
spain,3
remarkable,3
model,3
manner,3
realms,3
empire,3
normandy,3
until,3
strategies,3
isambert,3
nigel,3
vocean,3
remained,3
proposed,3
frontiere,3
original,3
alliance,3
explanation,3
began,3
pattern,3
interpret,3
behind,3
hareng,3
thomas,3
fector,3
patriotism,3
jurisdiction,3
internal,3
article,3
parallel,3
newcastle,3
enjoyed,3
structure,3
etc,3
councils,3
depuis,3
factors,3
george,3
linda,3
privateering,3
favour,3
ordinary,3
lobbying,3
becomes,3
referred,3
lost,3
dnb,3
understand,3
wilson,3
smuggling,3
length,3
analysis,3
rouen,3
centuries,3
gascoigne,3
going,3
obtain,3
simply,3
known,3
pouget,3
set,3
mille,3
principle,3
control,3
country,3
down,3
half,3
ideological,3
constant,3
innumerable,3
william,3
negotiate,3
references,3
feb,3
charged,3
geo,3
valin,3
problem,3
waters,3
pitted,3
siecles,3
urban,3
peoples,3
league,3
lois,3
altered,3
thereby,3
harenguiere,3
became,3
subject,3
treasury,3
allows,3
jan,3
fished,3
come,3
eric,3
shores,3
question,3
francois,3
shown,3
obliged,3
commercial,3
argument,3
invasion,3
catch,3
move,3
instead,3
sur,3
defined,3
area,3
anonymous,3
respective,3
manche,3
therese,3
focus,3
cross,3
meeting,3
florence,2
courts,2
formulated,2
gerald,2
representing,2
concerned,2
medieval,2
meaning,2
revue,2
f,2
prize,2
faced,2
praised,2
britishness,2
fleury,2
market,2
trans,2
resisting,2
unusual,2
totally,2
anglomania,2
told,2
brooke,2
instructions,2
essays,2
nouveau,2
anchor,2
rogers,2
live,2
authority,2
philippe,2
true,2
completely,2
commissary,2
ring,2
douglass,2
nord,2
univ,2
authorization,2
occurred,2
tasked,2
arguing,2
causes,2
fluidity,2
file,2
stressed,2
invention,2
every,2
parliamentary,2
certainly,2
minchinton,2
roman,2
vicomte,2
military,2
season,2
allow,2
nets,2
caricatures,2
namier,2
best,2
reach,2
principles,2
broken,2
reversible,2
daily,2
theme,2
opposing,2
geopolitical,2
atlantic,2
reveal,2
anglais,2
kingdom,2
antipathy,2
subsequent,2
traditionally,2
last,2
mind,2
say,2
innes,2
warships,2
raised,2
ours,2
ruined,2
ity,2
intelligence,2
multiple,2
within,2
attempted,2
system,2
con,2
takes,2
preventing,2
governmental,2
existence,2
eastern,2
assertions,2
capacity,2
edn,2
victims,2
losses,2
kowaleski,2
shared,2
mutual,2
julian,2
bibliography,2
magazine,2
whatever,2
x,2
dynamic,2
bottom,2
undoubtedly,2
economies,2
formula,2
directed,2
bill,2
proved,2
fit,2
regularly,2
copenhagen,2
development,2
constantly,2
due,2
paradoxically,2
animosity,2
reproduced,2
moment,2
hostages,2
southern,2
jeremy,2
walter,2
co,2
pay,2
aforementioned,2
affairs,2
topos,2
inserted,2
self,2
jl,2
person,2
difficulty,2
young,2
served,2
merce,2
cohen,2
consulted,2
cardinal,2
died,2
tral,2
theatres,2
fulton,2
prime,2
spite,2
rest,2
acted,2
infinite,2
master,2
summer,2
adversary,2
bou,2
van,2
rights,2
crouzet,2
fleet,2
added,2
german,2
hobsbawm,2
cartel,2
traffic,2
developed,2
abundance,2
levels,2
process,2
treat,2
goes,2
legal,2
connected,2
chambers,2
entre,2
special,2
white,2
read,2
supposed,2
qualify,2
suffered,2
provinces,2
mission,2
wanted,2
consider,2
established,2
literary,2
india,2
abuses,2
driven,2
dartmouth,2
bordeaux,2
jersey,2
frequently,2
four,2
austrian,2
origins,2
follow,2
followed,2
intendants,2
christmas,2
care,2
lafourcade,2
suggested,2
strengthen,2
greater,2
immutable,2
adm,2
municipalities,2
method,2
strength,2
typical,2
flanders,2
lived,2
scotland,2
ocean,2
intermediary,2
accommodations,2
representative,2
term,2
ricchezza,2
equally,2
wales,2
folkestone,2
accordingly,2
stressing,2
persons,2
meet,2
applied,2
scale,2
safe,2
record,2
tension,2
explain,2
greenfeld,2
networks,2
practise,2
property,2
al,2
aspects,2
failure,2
sounded,2
suspended,2
island,2
vers,2
cinque,2
reid,2
start,2
asterion,2
carry,2
spy,2
protected,2
concept,2
impressment,2
purpose,2
knowledge,2
play,2
confined,2
edmond,2
englishmen,2
loss,2
dziembowski,2
keep,2
prisoner,2
translated,2
justification,2
jealousy,2
regional,2
providence,2
fited,2
few,2
table,2
hidden,2
analysed,2
blaquiere,2
change,2
least,2
xxvi,2
administrator,2
former,2
quite,2
bank,2
around,2
party,2
armements,2
oct,2
guernsey,2
research,2
essentially,2
attached,2
citizens,2
methodological,2
mollat,2
localism,2
eyes,2
correspondence,2
grateful,2
am,2
maite,2
seemed,2
minet,2
appeal,2
cerdanya,2
situation,2
demand,2
rivalries,2
devon,2
aim,2
allegiance,2
motivations,2
expansion,2
return,2
classic,2
concern,2
hard,2
april,2
allies,2
climate,2
mention,2
maryanne,2
angleterre,2
gave,2
interpretation,2
vs,2
etat,2
serve,2
restricted,2
boundary,2
perceived,2
prisoners,2
sociological,2
home,2
xenophobic,2
abad,2
abandon,2
middleton,2
shifting,2
prin,2
department,2
prepared,2
useful,2
fellow,2
outbreak,2
writing,2
ordinance,2
name,2
pyrenean,2
reiterating,2
attacks,2
guay,2
business,2
mark,2
others,2
francaises,2
efforts,2
nationhood,2
longer,2
lack,2
consideration,2
head,2
britons,2
importation,2
versailles,2
reasoning,2
foreigner,2
goodwill,2
arthur,2
discussed,2
starkey,2
harling,2
ages,2
available,2
equate,2
surveillance,2
spoke,2
books,2
sell,2
martens,2
valleys,2
thoroughly,2
cornwall,2
saunders,2
spying,2
thousands,2
fundamentally,2
crown,2
understanding,2
greatest,2
offices,2
diverse,2
extended,2
discussion,2
monseigneur,2
birth,2
transporting,2
denounced,2
formal,2
including,2
previously,2
lumieres,2
sameness,2
sold,2
liah,2
evolution,2
jusqu,2
deputy,2
chosen,2
reynald,2
significance,2
breton,2
clear,2
three,2
reality,2
andrews,2
communicated,2
points,2
soldiers,2
essay,2
anxious,2
xenophobia,2
held,2
started,2
characterized,2
collaboration,2
function,2
begon,2
reformulated,2
proximity,2
attributing,2
black,2
shift,2
neutral,2
faith,2
mayors,2
especially,2
written,2
tudor,2
k,2
newspapers,2
mare,2
stand,2
xvi,2
precisely,2
effect,2
sentiments,2
james,2
trades,2
distant,2
joanna,2
rhetorical,2
hostage,2
ground,2
saw,2
professional,2
cen,2
suggestion,2
relationship,2
locked,2
shattered,2
note,2
movements,2
patriotic,2
five,2
vision,2
claimed,2
lines,2
un,2
force,2
rational,2
requests,2
rapidly,2
executive,2
life,2
class,2
construction,2
comte,2
united,2
heavily,2
exists,2
multitude,2
ities,2
militia,2
meant,2
methods,2
cipal,2
considered,2
complexity,2
mentioned,2
grand,2
jurists,2
ever,2
turn,2
claims,2
prob,2
sciences,2
hoppit,2
quickly,2
chartier,2
sociales,2
privateer,2
image,2
guaranteed,2
stretched,2
anon,2
raid,2
setting,2
capital,2
consultative,2
printed,2
dated,2
inquiry,2
cotiere,2
newman,2
stretching,2
contradictory,2
edicts,2
historical,2
hostilities,2
february,2
governing,2
places,2
concrete,2
beginning,2
cosmopolitanism,2
minard,2
defend,2
jean,2
ashcroft,2
march,2
month,2
soundings,2
westminster,2
passed,2
huguenots,2
tightly,2
getting,2
thames,2
divide,2
captains,2
circuit,2
library,2
revocation,2
bodies,2
bought,2
intention,2
elias,2
met,2
introduced,2
pre,2
duty,2
measure,2
conversely,2
officially,2
colonial,2
isolated,2
crew,2
gain,2
accorded,2
varied,2
guellaff,2
observed,2
logne,2
twentieth,2
numerous,2
institutional,2
defence,2
discursive,2
applicable,2
enlightenment,2
cooper,2
define,2
brighton,2
regular,2
stephane,2
captain,2
remains,2
mobilized,2
vi,2
offered,2
besides,2
root,2
bay,2
brubaker,2
russia,2
justify,2
greenwich,2
vary,2
reached,2
uncertainty,2
spokesmen,2
civilian,2
philp,2
element,2
abroad,2
entire,2
tactic,2
traditional,2
images,2
loveday,2
detriment,2
bene,2
asked,2
showed,2
dardel,2
cited,2
major,2
nicholas,1
foun,1
resolve,1
bernard,1
quota,1
mitted,1
bonaparte,1
transportation,1
falvey,1
negotiator,1
antoine,1
finalite,1
lation,1
flow,1
egoism,1
oriented,1
mentalites,1
lem,1
mancunian,1
conflicting,1
vide,1
avoiding,1
memorials,1
rev,1
underdown,1
ranean,1
generous,1
imported,1
guaranteeing,1
edouard,1
protocol,1
leandro,1
separated,1
unfounded,1
deserve,1
adelman,1
vious,1
pushed,1
interventions,1
episodes,1
privations,1
fiction,1
legitimate,1
moving,1
nationalities,1
announced,1
rhine,1
fea,1
seizure,1
extends,1
introduction,1
appear,1
voltaire,1
preliminaires,1
sphere,1
berlin,1
stration,1
mag,1
likewise,1
fernand,1
fluid,1
touched,1
unnumbered,1
approved,1
archbishop,1
myth,1
effective,1
mobility,1
alarm,1
patch,1
identify,1
highly,1
opin,1
rediker,1
stone,1
cours,1
creeks,1
hull,1
ma,1
archetypal,1
formed,1
likely,1
territoire,1
omy,1
berate,1
authorize,1
ways,1
strictly,1
vancien,1
installing,1
bias,1
tense,1
ministere,1
marcus,1
environment,1
genius,1
effectual,1
cement,1
xxxi,1
january,1
spirit,1
decade,1
initiatives,1
paternalistic,1
consequential,1
protection,1
fixed,1
committee,1
simultaneously,1
ian,1
offshore,1
tween,1
handed,1
laid,1
airtight,1
reformulating,1
observing,1
embassy,1
jos,1
sys,1
fragile,1
mollify,1
detailing,1
evil,1
advocate,1
guise,1
interpretative,1
carnets,1
hesitated,1
connotations,1
rosemary,1
acquainted,1
terized,1
commer,1
lib,1
edits,1
princeton,1
chief,1
diversity,1
offering,1
navies,1
loverus,1
proclamation,1
turning,1
charity,1
themes,1
duflo,1
intentions,1
arms,1
mitigated,1
vadmini,1
predominantly,1
reconciled,1
prohibitions,1
lower,1
pichon,1
member,1
concepts,1
discretion,1
undermine,1
bed,1
global,1
lilloise,1
hence,1
wool,1
chasm,1
gimonpre,1
harmony,1
etde,1
jackson,1
popula,1
fifteenth,1
regulating,1
voices,1
interested,1
exaggerated,1
handle,1
escosura,1
thoroughfare,1
supplicants,1
concentrated,1
religions,1
acutely,1
elusive,1
encouraged,1
refusal,1
actor,1
articulate,1
worked,1
cessation,1
shortage,1
recovery,1
freely,1
knowing,1
preted,1
paternalism,1
blamed,1
definition,1
stolen,1
rhetor,1
cial,1
shaped,1
height,1
alexander,1
brandies,1
leading,1
split,1
agrarian,1
industrie,1
desire,1
conditions,1
simple,1
thank,1
constituents,1
indefinite,1
ashore,1
origin,1
arises,1
rule,1
ascertaining,1
incident,1
xxi,1
thanks,1
reinstated,1
entered,1
localist,1
procedure,1
londres,1
sous,1
connection,1
friend,1
products,1
alignment,1
clarifications,1
reinterpret,1
achieved,1
damage,1
specificities,1
nationalization,1
secure,1
inundation,1
statement,1
date,1
emphasized,1
represent,1
keith,1
henry,1
industrialisation,1
prohibiting,1
principal,1
robert,1
deriving,1
embody,1
thy,1
contradicting,1
ambiguous,1
captivity,1
waterloo,1
dissolved,1
motivated,1
multiform,1
gravesend,1
offish,1
annie,1
corfield,1
circuits,1
similarities,1
asserting,1
decree,1
biographique,1
mercantilism,1
fortune,1
generosity,1
ascribed,1
suspect,1
lobbyists,1
badly,1
interetatiques,1
fruit,1
jourdin,1
formulation,1
ficult,1
task,1
money,1
circulate,1
continuum,1
propensity,1
iv,1
america,1
advisory,1
hirsch,1
luc,1
glimpsed,1
jus,1
neutralism,1
pacifism,1
crowd,1
recruiting,1
indirectly,1
backing,1
laurent,1
italian,1
felt,1
prior,1
recommended,1
implies,1
marked,1
delivering,1
withdrawal,1
necessity,1
borderland,1
ample,1
erasure,1
establishing,1
election,1
mm,1
reaction,1
guiffan,1
views,1
insight,1
vital,1
crossed,1
grievances,1
ions,1
officielles,1
descartes,1
mental,1
discovered,1
combination,1
radicals,1
adoption,1
vattel,1
authorizing,1
corre,1
privi,1
guage,1
bello,1
resources,1
illustrates,1
shellfish,1
rochelle,1
chart,1
apply,1
constrained,1
wemyss,1
mat,1
goepp,1
nanimity,1
identifies,1
forged,1
portsmen,1
diplo,1
rioux,1
sheltered,1
complicating,1
controlled,1
signal,1
succeed,1
modelled,1
exist,1
repeatedly,1
steadfastness,1
human,1
natives,1
ironmongery,1
upheld,1
cers,1
simonetta,1
actual,1
proclaiming,1
accusa,1
fun,1
tury,1
harcourt,1
eras,1
southampton,1
obtaining,1
frigate,1
accuracy,1
esrhisq,1
aaron,1
difficulties,1
inner,1
itarian,1
sending,1
intractable,1
pursue,1
mally,1
lects,1
silks,1
riot,1
alternately,1
borderlands,1
visited,1
initially,1
september,1
endangering,1
g,1
sociale,1
confer,1
agent,1
corner,1
condemnation,1
divine,1
noel,1
lectures,1
forgotten,1
ennemisfrater,1
ray,1
trench,1
dia,1
raises,1
heterogeneity,1
predicament,1
inspiring,1
heightened,1
medway,1
application,1
bourdieu,1
relevant,1
coexistence,1
pronouncing,1
relatively,1
forbade,1
lan,1
lxviii,1
meyer,1
seeming,1
consuls,1
barrier,1
dealings,1
counter,1
expected,1
dence,1
absolutely,1
taste,1
betray,1
hs,1
initiate,1
chez,1
unity,1
bombarded,1
rank,1
prados,1
hippeau,1
internation,1
maintaining,1
immigrants,1
revues,1
roguery,1
commercialization,1
frequented,1
transcends,1
moti,1
concerning,1
douce,1
approval,1
commissaires,1
funda,1
speed,1
serving,1
http,1
modernity,1
honesty,1
six,1
envy,1
elicit,1
compared,1
ally,1
honour,1
birnstiel,1
third,1
spontaneously,1
jacob,1
truly,1
compare,1
slenderest,1
smugglers,1
drawn,1
rives,1
consequently,1
unresolved,1
look,1
critique,1
macy,1
details,1
reluc,1
duchy,1
frequenting,1
exempt,1
sun,1
cotentin,1
ven,1
occasion,1
recueilgeneral,1
pronounced,1
hardly,1
accusation,1
thanked,1
talent,1
xeno,1
restricting,1
coal,1
undone,1
hearts,1
referring,1
commanders,1
conflit,1
let,1
salus,1
perfect,1
jurist,1
func,1
economique,1
lesser,1
thevenot,1
loyal,1
civilization,1
steps,1
pacific,1
geneva,1
appro,1
philadelphia,1
boroughs,1
hamburg,1
parliaments,1
essential,1
reflects,1
intermixing,1
blanckenberghe,1
ably,1
hopes,1
mines,1
identification,1
sociated,1
etudes,1
anglemont,1
commentaire,1
impel,1
camp,1
principally,1
growth,1
destroy,1
entreprise,1
systematized,1
felixhull,1
colbertisme,1
activists,1
denmark,1
presupposed,1
edward,1
fruits,1
cosmo,1
roi,1
organizing,1
administrative,1
landscape,1
resurfaced,1
donnan,1
swept,1
patronage,1
mondial,1
presentation,1
personified,1
lasting,1
knew,1
xviis,1
players,1
cult,1
catholics,1
pluriel,1
ressorts,1
reworked,1
risk,1
unarmed,1
lasted,1
wake,1
onstrating,1
sarah,1
legendary,1
county,1
importance,1
promoted,1
ele,1
derived,1
balanced,1
advan,1
vion,1
ix,1
dialogue,1
pages,1
navigation,1
thereof,1
nos,1
internat,1
etxvuv,1
enabled,1
scales,1
bers,1
lay,1
ludwig,1
disorderly,1
von,1
desir,1
ricouart,1
scattered,1
dunkerque,1
front,1
divided,1
nouveaupatriotismefrangais,1
tlllll,1
bonds,1
modified,1
councillors,1
eighteen,1
recalled,1
rebellion,1
oped,1
suppression,1
win,1
identites,1
cemented,1
clerk,1
circulated,1
unshakeable,1
old,1
consultation,1
illustree,1
freeze,1
marks,1
metropolis,1
plural,1
mois,1
university,1
gins,1
likelihood,1
carve,1
entry,1
lemoine,1
sorts,1
river,1
frangaises,1
finalism,1
benefits,1
belli,1
peasants,1
pretender,1
entrenched,1
vus,1
linked,1
troops,1
liberal,1
rupted,1
elsewhere,1
marechal,1
days,1
butcher,1
participants,1
tying,1
specialement,1
articulated,1
downs,1
depredations,1
weak,1
colas,1
shore,1
softened,1
calendar,1
threat,1
prevent,1
traites,1
stocked,1
lootings,1
situations,1
age,1
trol,1
ministers,1
heading,1
variously,1
recovered,1
encouragement,1
connecting,1
requested,1
olivier,1
shed,1
actes,1
organisation,1
notions,1
undertaken,1
testament,1
filtered,1
putting,1
advised,1
etrangeres,1
tranchees,1
disloyalty,1
bernieres,1
reconsideration,1
lesfleuves,1
permanent,1
pierre,1
injustice,1
ruin,1
vaction,1
maison,1
reprisals,1
dominant,1
unfailing,1
equivalence,1
nationality,1
etude,1
presupposition,1
export,1
ulation,1
decades,1
drawing,1
cut,1
turbot,1
advocated,1
pany,1
stands,1
methodology,1
denounce,1
reflections,1
imperialism,1
banning,1
denigrating,1
draws,1
lhermite,1
affaires,1
talking,1
cunningham,1
arrived,1
pretending,1
lieu,1
pastoral,1
bilateral,1
encourage,1
identifying,1
societe,1
chris,1
nancy,1
culturelle,1
tiators,1
locals,1
vamiral,1
damages,1
monsieurs,1
arouse,1
carrying,1
fry,1
begun,1
hands,1
appropriated,1
reifying,1
adhered,1
amsterdam,1
sponded,1
ambiguity,1
treason,1
dunes,1
adaptability,1
bait,1
recognize,1
deal,1
scenes,1
outdo,1
austin,1
pass,1
radical,1
centrally,1
depletion,1
near,1
vautonomisation,1
covering,1
irenic,1
amer,1
commoners,1
michell,1
brooks,1
initial,1
impervious,1
commenced,1
popu,1
respects,1
markets,1
big,1
circulation,1
academic,1
gottingen,1
skilfully,1
supporters,1
aux,1
understood,1
though,1
equal,1
focused,1
expressly,1
mainly,1
dovetailed,1
something,1
circular,1
deliberate,1
skilled,1
cliche,1
bore,1
interfering,1
viewed,1
tarred,1
banded,1
otherwise,1
handled,1
xvii,1
gerence,1
counties,1
toulouse,1
guarantee,1
nottingham,1
fox,1
trend,1
enough,1
duly,1
schema,1
seafar,1
trawlers,1
flotilla,1
expressions,1
eliminate,1
influenced,1
memory,1
improve,1
distinguishes,1
septans,1
conseiller,1
presented,1
eously,1
colonies,1
vateers,1
artois,1
conservatives,1
none,1
imprisoned,1
relatives,1
qualification,1
swiss,1
closed,1
deputation,1
capabilities,1
deputies,1
douglas,1
grieder,1
avery,1
affection,1
augsburg,1
cavelier,1
carries,1
preferred,1
decisions,1
conse,1
altruism,1
fraternite,1
alien,1
stake,1
favourable,1
uncover,1
seminal,1
claus,1
inevitability,1
tombs,1
universelle,1
anew,1
homeland,1
irish,1
journals,1
lusion,1
description,1
ten,1
seabed,1
got,1
dal,1
designate,1
dishonesty,1
windier,1
citation,1
corrupt,1
refined,1
policies,1
illegitimacy,1
travel,1
demonstrates,1
rescue,1
inspire,1
constitute,1
records,1
lific,1
actually,1
insinuating,1
structures,1
rallying,1
indepen,1
interac,1
recounting,1
assurances,1
gear,1
cry,1
estuary,1
prescriptive,1
plurality,1
ferro,1
overseas,1
anglia,1
bidding,1
flatter,1
showing,1
passeries,1
fickle,1
rage,1
won,1
alan,1
visions,1
solidarities,1
smug,1
holy,1
escalated,1
count,1
secc,1
josephine,1
norfolk,1
violated,1
peches,1
ancestral,1
signing,1
gateway,1
multiplicity,1
published,1
responses,1
nels,1
brush,1
providential,1
remy,1
indicator,1
successful,1
upheavals,1
mately,1
bouring,1
societes,1
thirteenth,1
privileged,1
field,1
sweep,1
voiced,1
cham,1
savage,1
aroused,1
suggest,1
raiding,1
del,1
relating,1
lized,1
peti,1
deborah,1
cerino,1
summarizes,1
luu,1
commissaries,1
pacts,1
routes,1
concernant,1
declarations,1
specifically,1
sole,1
inst,1
dried,1
objec,1
endured,1
autonomy,1
initiating,1
soil,1
notewor,1
sufficient,1
consensus,1
fraught,1
hydra,1
tony,1
neuville,1
revealing,1
bridge,1
fcesssd,1
grow,1
starting,1
folk,1
rhetorics,1
presence,1
rochford,1
notorious,1
manchester,1
peak,1
spices,1
tage,1
linvention,1
modernes,1
populi,1
interlocked,1
freundschuh,1
villages,1
leges,1
nization,1
dem,1
plexities,1
lordship,1
stereotypes,1
vein,1
managed,1
annual,1
pertayning,1
decisive,1
posed,1
minor,1
multiracial,1
unload,1
michelon,1
jointly,1
blame,1
value,1
rivage,1
newly,1
portu,1
corbin,1
eckart,1
monarchy,1
francais,1
hypocrisy,1
settle,1
gordon,1
favoured,1
sylvain,1
lems,1
anglophobic,1
apparent,1
ask,1
ceasefire,1
cite,1
replacing,1
tea,1
quently,1
ers,1
threatened,1
embarked,1
battle,1
defended,1
kant,1
republican,1
challenge,1
horizons,1
shoreline,1
xixe,1
units,1
ical,1
georg,1
critics,1
resolution,1
reduced,1
hegemony,1
stated,1
provide,1
bayonne,1
ernment,1
bells,1
bringing,1
dispositions,1
interven,1
principaux,1
subsisting,1
contingent,1
glers,1
meticulously,1
squeeze,1
identified,1
transnational,1
short,1
vention,1
appearances,1
service,1
located,1
toward,1
essex,1
horses,1
ually,1
serene,1
confraternity,1
reinterpreted,1
tide,1
unconscious,1
revolt,1
harris,1
nearly,1
fractured,1
administration,1
benefiting,1
poor,1
limitless,1
irhis,1
oppressed,1
prism,1
lex,1
convince,1
judgment,1
looe,1
indicates,1
folded,1
wines,1
domination,1
manifest,1
standing,1
passengers,1
lands,1
vordonnance,1
cartels,1
ernmental,1
outer,1
turks,1
perfide,1
sensation,1
echo,1
tempests,1
religious,1
captivite,1
zeal,1
structural,1
exceeded,1
consump,1
raisonpolitique,1
riches,1
single,1
xvie,1
fighting,1
oystermen,1
percentage,1
pilots,1
eral,1
communications,1
ineffective,1
competition,1
loaded,1
emerged,1
farers,1
criticism,1
incursion,1
selling,1
berryer,1
scene,1
hugh,1
contribute,1
refusing,1
double,1
christin,1
colbertian,1
ordinating,1
suited,1
aout,1
rules,1
cor,1
autorise,1
instantly,1
thought,1
mono,1
neil,1
artery,1
voccident,1
fleets,1
columbus,1
talents,1
formally,1
exceptionalism,1
light,1
chronology,1
challenged,1
magistrates,1
temperate,1
contractors,1
quarrel,1
enshrined,1
cookson,1
politiques,1
ennemi,1
analytical,1
reynolds,1
assistance,1
continents,1
performed,1
essentialist,1
formalized,1
friedrich,1
stc,1
ances,1
royalist,1
netherlands,1
excellence,1
inalienable,1
forbidding,1
otherness,1
illustrated,1
qualified,1
reports,1
included,1
dispute,1
disrupted,1
increasingly,1
speaking,1
gentlemen,1
frameworks,1
functioned,1
shows,1
raids,1
considers,1
highness,1
interconfessional,1
representation,1
gentleman,1
loot,1
organizations,1
oral,1
leader,1
deeds,1
lewis,1
namely,1
tour,1
discussions,1
lampoons,1
grandville,1
coming,1
carolyn,1
technique,1
frederick,1
scan,1
humanitarian,1
journey,1
tar,1
consentement,1
pick,1
treatment,1
punish,1
pointed,1
preferences,1
tailhades,1
partner,1
mannoury,1
sider,1
perfected,1
successively,1
sparked,1
revolu,1
usefulness,1
equating,1
gee,1
disadvantageous,1
nieuport,1
offi,1
bordering,1
priation,1
interwoven,1
valid,1
limit,1
litera,1
preserve,1
aldershot,1
endorse,1
xii,1
pennington,1
relates,1
indies,1
monarchic,1
wedded,1
loyalism,1
rivalled,1
jours,1
appeared,1
documents,1
nathan,1
abstract,1
murphy,1
regulation,1
predominated,1
insular,1
declaring,1
petites,1
germans,1
alimentaire,1
oneself,1
break,1
larger,1
accompanied,1
pamphlet,1
understandable,1
becker,1
forging,1
fraternization,1
omitted,1
granting,1
everything,1
debated,1
chs,1
complaints,1
identical,1
destroyed,1
golden,1
considerable,1
fashion,1
vaunting,1
seafarers,1
deci,1
habit,1
reasons,1
rough,1
brotherhood,1
vanglophobie,1
docks,1
sort,1
outside,1
shipowner,1
dominion,1
heart,1
monographs,1
v,1
antagonism,1
moine,1
piscicultural,1
patrolling,1
senellart,1
crowns,1
covered,1
flooded,1
gouvernementdenormandieau,1
continuing,1
isabelle,1
refrain,1
existing,1
income,1
pruned,1
ultimately,1
confrontation,1
bombardments,1
slice,1
material,1
spring,1
disparity,1
lhomme,1
cantons,1
annette,1
inevitably,1
strug,1
paperback,1
efncacite,1
belief,1
shafer,1
europeenne,1
paix,1
auxxviv,1
ernments,1
impoverished,1
aimed,1
coined,1
wood,1
free,1
gladly,1
doctrine,1
encountered,1
extremities,1
fled,1
treve,1
violent,1
fc,1
dragged,1
rodewald,1
fight,1
sions,1
salute,1
meetings,1
week,1
ject,1
private,1
simultan,1
situated,1
kathleen,1
theirs,1
compendia,1
supplies,1
coherent,1
querelles,1
link,1
survive,1
pluriactivites,1
interregionale,1
dered,1
gentleness,1
upon,1
range,1
implicated,1
incidents,1
augustus,1
slaves,1
watertight,1
braudel,1
loud,1
eight,1
transformed,1
conceivable,1
arose,1
demonstration,1
utilitarianism,1
tive,1
independent,1
reductionist,1
sufficiently,1
neigh,1
discrediting,1
bedarida,1
transmit,1
messrs,1
xivs,1
top,1
folke,1
nego,1
enduring,1
indefatigable,1
brewer,1
stakeholders,1
unfortunately,1
oversensitive,1
camps,1
operated,1
transcendent,1
factor,1
doubt,1
xve,1
affects,1
lazy,1
diaries,1
submitted,1
inflicted,1
fencibles,1
questions,1
bitter,1
exhibited,1
colbert,1
vhistoire,1
real,1
eden,1
nothing,1
sible,1
laboratory,1
munity,1
sees,1
recruitment,1
converse,1
stopping,1
dismissed,1
nevertheless,1
manned,1
moriniere,1
vii,1
charge,1
negotiating,1
brit,1
xv,1
exports,1
unharassed,1
volunteer,1
vepoque,1
margaret,1
ectot,1
deduce,1
leads,1
josiah,1
adding,1
consult,1
cornwallis,1
talk,1
hampered,1
lien,1
modernization,1
feature,1
safety,1
bieisse,1
maintenance,1
mulated,1
workers,1
august,1
suprema,1
arc,1
divisions,1
redrawn,1
deane,1
kane,1
spread,1
inventing,1
derided,1
bromley,1
hardship,1
goodness,1
polperro,1
high,1
eying,1
synthese,1
foremost,1
alism,1
obtained,1
stages,1
paths,1
reinstate,1
tities,1
filled,1
spirits,1
anyone,1
earlier,1
illicit,1
interacted,1
preservation,1
bailiffs,1
abundant,1
updated,1
dredge,1
sally,1
damental,1
forms,1
ignorance,1
jessenne,1
spent,1
payment,1
sian,1
ture,1
shackles,1
sentiment,1
comparing,1
somehow,1
mariners,1
commentators,1
systems,1
improving,1
trying,1
mining,1
textbooks,1
guiomar,1
bertaud,1
consulates,1
feet,1
conway,1
relation,1
straddling,1
bellevert,1
eugen,1
prisons,1
veri,1
torians,1
enthusiastically,1
exemp,1
recommending,1
probably,1
capitalism,1
sanctioning,1
conscience,1
differ,1
ate,1
peo,1
dividing,1
attracted,1
workshop,1
xviiie,1
figures,1
invented,1
institution,1
y,1
tendency,1
calvados,1
herrings,1
risked,1
recurrence,1
insignificant,1
republicaine,1
pastj,1
chain,1
rallied,1
quarter,1
recurring,1
whitings,1
delimited,1
venturing,1
readiness,1
rifts,1
guese,1
brown,1
justice,1
sented,1
ravaged,1
cereals,1
straying,1
sionnement,1
seaton,1
separate,1
gens,1
overlapping,1
limiting,1
increasing,1
try,1
dpt,1
profitable,1
humiliating,1
depth,1
scheming,1
diametrically,1
tance,1
christian,1
signs,1
assigned,1
modification,1
raison,1
declaration,1
perry,1
creating,1
belonged,1
else,1
forains,1
meets,1
banned,1
negotiat,1
figure,1
crucial,1
ecole,1
chance,1
aunay,1
gigantic,1
ests,1
outsiders,1
fcr,1
bound,1
suspected,1
pieces,1
fear,1
flowed,1
stocks,1
albion,1
ofnormandy,1
begin,1
exacerbated,1
dashed,1
vertical,1
attitude,1
stopped,1
insufficient,1
sec,1
sway,1
complicate,1
slow,1
stringer,1
contrast,1
puissance,1
developments,1
pop,1
collections,1
interfere,1
fils,1
mots,1
imposition,1
privileges,1
worse,1
render,1
effectively,1
fraternizations,1
proposition,1
interplay,1
lahire,1
legitimacy,1
inadequate,1
empires,1
discredit,1
milord,1
html,1
littoral,1
utterly,1
linking,1
changes,1
nobil,1
neighbourhood,1
reconsider,1
inspired,1
satisfaction,1
responsible,1
pity,1
porations,1
burchett,1
expla,1
greenland,1
surprising,1
kings,1
composed,1
supporting,1
humbly,1
extremely,1
types,1
kingdoms,1
get,1
examine,1
worlds,1
mirror,1
arts,1
commenting,1
interview,1
marquis,1
premier,1
grounded,1
bad,1
joseph,1
blurred,1
thick,1
stratagem,1
xxix,1
pepper,1
consulate,1
door,1
jarman,1
matters,1
stephen,1
echoes,1
supply,1
dissertation,1
undertook,1
exchanged,1
seine,1
reciprocal,1
graphs,1
suggestions,1
arte,1
cutting,1
britannic,1
associated,1
hjs,1
elected,1
historian,1
clubman,1
practice,1
prohibited,1
plan,1
broke,1
ters,1
eenth,1
intervened,1
conclusion,1
accordance,1
version,1
tempting,1
frenchman,1
deep,1
specificity,1
tered,1
needs,1
demonstrate,1
instructed,1
wr,1
constituted,1
detect,1
jimod,1
extension,1
eng,1
unleashed,1
neighbouring,1
sovereigns,1
honoured,1
whoever,1
howell,1
reciprocity,1
thousand,1
objects,1
rival,1
regime,1
christophe,1
trenches,1
blockades,1
requisitions,1
doi,1
text,1
lebeau,1
alps,1
sinews,1
sweden,1
offers,1
sustained,1
zuniga,1
napoleonic,1
mediter,1
equation,1
nationales,1
territorialization,1
evade,1
portugal,1
know,1
defining,1
berkeley,1
patriot,1
ran,1
restric,1
aron,1
continental,1
disque,1
weymouth,1
danish,1
tured,1
ministerial,1
sure,1
dare,1
readily,1
surfaced,1
melt,1
cultures,1
vautier,1
reversal,1
spontaneous,1
novel,1
december,1
resentment,1
board,1
variable,1
believe,1
sirinelli,1
caen,1
ecuyer,1
unknown,1
jeanne,1
leaders,1
acts,1
ph,1
argue,1
clarify,1
mobi,1
cc,1
current,1
scenario,1
numbering,1
minimized,1
post,1
guestling,1
homme,1
attacking,1
reproduces,1
accentuates,1
levelled,1
conflating,1
seeley,1
langage,1
twelfth,1
goods,1
recherche,1
equilibrium,1
breakdown,1
exhausting,1
rituel,1
dearness,1
pretended,1
attempt,1
jock,1
associations,1
cities,1
differed,1
gillodts,1
sticking,1
ascendancy,1
rowing,1
stamped,1
placing,1
armitage,1
rural,1
living,1
options,1
ashworth,1
originality,1
better,1
pri,1
redefined,1
hemp,1
growing,1
saying,1
tendencies,1
jected,1
revel,1
game,1
terpretation,1
explanations,1
reconfigured,1
mers,1
neutres,1
communicate,1
proceedings,1
conspire,1
conservatism,1
telling,1
unique,1
reactions,1
coffee,1
ferring,1
ulti,1
nationalist,1
stability,1
xviv,1
form,1
pater,1
lettre,1
twisted,1
ones,1
enlistment,1
citino,1
marche,1
tailored,1
reign,1
imposed,1
bjorn,1
noticeable,1
maintain,1
agricultural,1
delegate,1
edinburgh,1
mere,1
gauci,1
ies,1
microcosm,1
shall,1
extent,1
stepped,1
surveying,1
freres,1
instigation,1
customary,1
anglaise,1
foundations,1
commander,1
sir,1
bitterly,1
studying,1
landing,1
buffinton,1
hypothesize,1
produce,1
voice,1
minimal,1
pressurizing,1
agreed,1
terre,1
synonym,1
categories,1
art,1
size,1
chanet,1
authorized,1
finished,1
spaces,1
bob,1
boston,1
intense,1
paintings,1
epithet,1
ples,1
org,1
ownership,1
commissioner,1
code,1
transport,1
putes,1
etretat,1
conclude,1
revealed,1
interet,1
warden,1
dee,1
elucidate,1
joining,1
econ,1
prevalent,1
courses,1
nalistic,1
demanded,1
devel,1
november,1
civ,1
sounding,1
innocent,1
convinced,1
provoking,1
giving,1
buy,1
boltanski,1
elizabethan,1
impose,1
cavaciocchi,1
lies,1
tematically,1
agents,1
ignorant,1
viner,1
invited,1
stationed,1
coastguards,1
penny,1
liliane,1
tender,1
demanding,1
reconstruct,1
presupposes,1
protestants,1
manufacturing,1
remobilized,1
phenomenon,1
challenges,1
hanoverians,1
mob,1
dever,1
traite,1
conflits,1
definitions,1
belligerents,1
catches,1
think,1
grandeur,1
friday,1
linebaugh,1
contrasts,1
generale,1
buying,1
prison,1
sanctioned,1
honfleur,1
determinism,1
formation,1
devoted,1
afresh,1
turin,1
models,1
oscillated,1
carefully,1
revoked,1
henri,1
effectiveness,1
cosmopolitan,1
vapprovi,1
background,1
nantes,1
editor,1
intellectuelle,1
ence,1
dif,1
frontiers,1
departementales,1
average,1
intensified,1
patries,1
donald,1
replace,1
envisaged,1
travelling,1
paradigm,1
steam,1
trajectoires,1
bifrons,1
harassment,1
catherine,1
ings,1
iden,1
isles,1
origines,1
dangerous,1
emer,1
americas,1
although,1
unfolded,1
vache,1
consolidated,1
waldegrave,1
shirley,1
gessner,1
dissociated,1
opinions,1
masses,1
mas,1
clearest,1
smaller,1
recruits,1
obvious,1
col,1
attributes,1
settling,1
prosperity,1
colleagues,1
xive,1
forming,1
programme,1
voluntary,1
indecent,1
presenting,1
consequence,1
schaeper,1
transcending,1
candour,1
orga,1
campaign,1
agitation,1
breeding,1
enclosed,1
wealth,1
orkneys,1
charac,1
pontefract,1
wretch,1
news,1
safeguard,1
phobic,1
forrest,1
tradi,1
removing,1
ser,1
teenth,1
fluctuated,1
industrialists,1
protested,1
weber,1
rejection,1
johnson,1
communi,1
capelain,1
hinged,1
solicit,1
bury,1
cazals,1
partial,1
create,1
texts,1
edges,1
belissa,1
rela,1
lingered,1
ireland,1
divergent,1
depaix,1
appealing,1
controler,1
immediately,1
conventions,1
strong,1
technological,1
ends,1
facile,1
deeper,1
vated,1
zones,1
vulgar,1
famous,1
conducts,1
littorales,1
malcolm,1
romney,1
hans,1
gle,1
evidently,1
xxv,1
jects,1
perpetual,1
truro,1
