WORDCOUNTS,WEIGHT
the,932
and,608
of,533
to,371
in,367
a,307
for,196
as,190
women,184
s,167
that,165
was,128
body,123
on,104
with,103
dieting,92
new,92
weight,84
see,84
is,78
american,72
not,70
were,67
their,65
be,63
her,62
diet,61
from,60
fat,59
by,59
it,58
but,57
men,57
an,54
beauty,54
also,53
york,51
female,47
his,45
woman,45
which,45
advice,44
or,44
at,43
banting,43
she,42
journal,41
had,38
social,38
control,37
history,36
fasting,34
how,34
this,34
early,34
slender,33
more,32
male,32
he,31
its,30
when,30
overweight,30
health,29
culture,28
while,28
ideal,28
century,27
they,26
such,26
medical,26
times,26
no,26
instance,25
home,25
only,25
obesity,24
practice,24
over,24
bodies,24
food,23
who,23
letter,22
literature,22
corpulence,22
ladies,22
magazine,21
among,21
exercise,20
too,20
muscular,20
about,20
harper,20
time,20
class,20
magazines,20
associated,20
girls,20
have,20
into,19
other,19
most,19
change,19
readers,19
article,19
can,19
since,18
reduce,18
man,18
bazaar,18
often,18
are,18
healthy,18
popular,18
cultural,17
scientific,17
discourses,17
started,17
fall,17
one,16
first,16
against,16
builder,16
masculinity,16
published,16
may,16
practices,16
increasingly,16
made,16
life,16
physical,16
manufacturer,16
if,15
jul,15
sign,15
victorian,15
thin,15
own,15
us,15
others,15
articles,15
jan,15
now,14
some,14
even,14
argued,14
public,14
gender,14
oct,14
up,14
slenderness,14
become,14
femininity,14
regime,14
white,13
could,13
late,13
still,13
same,13
power,13
never,13
years,13
did,13
them,13
became,13
ideals,12
rights,12
society,12
obese,12
audience,12
political,11
eating,11
privilege,11
plump,11
christianity,11
people,11
clothes,11
girl,11
thought,11
these,11
dec,11
claimed,11
through,11
between,11
e,10
beautiful,10
sep,10
stearns,10
growing,10
has,10
author,10
tanner,10
experts,10
well,10
part,10
reduction,10
loss,10
demand,10
gain,10
pressure,10
fashion,10
diets,10
another,10
described,10
like,10
lose,10
newspapers,10
expert,10
text,10
what,10
form,10
presented,10
later,9
satisfied,9
willpower,9
all,9
america,9
than,9
active,9
story,9
schwartz,9
reports,9
treatment,9
cure,9
been,9
program,9
william,9
art,9
boston,9
sports,9
modern,8
dress,8
being,8
found,8
i,8
racial,8
young,8
apr,8
fannie,8
warned,8
without,8
stout,8
m,8
thinness,8
strength,8
feminine,8
example,8
status,8
successful,8
contrast,8
few,8
will,8
therefore,8
hegemonic,8
under,8
book,8
lack,8
banner,8
manuals,8
herself,8
christian,8
addressed,8
nutritional,8
intake,8
hurst,8
waist,8
activity,8
promoted,8
argues,8
way,7
long,7
great,7
normative,7
able,7
cocks,7
there,7
gibson,7
system,7
hall,7
right,7
thus,7
l,7
suggested,7
access,7
shape,7
imagined,7
during,7
corsets,7
world,7
initially,7
positive,7
management,7
flesh,7
number,7
explicitly,7
identity,7
lady,7
general,7
especially,7
masculine,7
godey,7
claims,7
meat,7
why,7
best,7
day,7
african,7
evidence,7
increased,7
chicago,7
should,7
mar,6
h,6
western,6
every,6
daily,6
last,6
beard,6
politics,6
atkins,6
used,6
served,6
whose,6
image,6
harland,6
problem,6
called,6
eat,6
fashionable,6
because,6
manhood,6
work,6
kingsford,6
leanness,6
field,6
resistance,6
reducing,6
short,6
happy,6
make,6
movement,6
depicted,6
gentleman,6
longer,6
idea,6
nov,6
appeared,6
drinking,6
period,6
so,6
him,6
we,6
sadler,6
education,6
small,6
any,6
novel,6
living,6
firmly,6
little,6
reported,6
subject,6
went,6
devoted,6
etiquette,6
praised,5
needed,5
shoulders,5
advised,5
before,5
my,5
jun,5
height,5
take,5
help,5
henry,5
robert,5
reading,5
attacked,5
sexual,5
correspondents,5
finck,5
de,5
gendered,5
publications,5
influence,5
stanton,5
certain,5
means,5
immigrant,5
edition,5
commonly,5
answers,5
greater,5
equal,5
war,5
produced,5
promise,5
plumpness,5
hints,5
claim,5
reader,5
brought,5
london,5
fast,5
mitchell,5
motherhood,5
wife,5
proper,5
describes,5
correspondence,5
philadelphia,5
edited,5
read,5
skin,5
ed,5
put,5
shows,5
stories,5
choice,5
aug,5
discussed,5
turf,5
jewess,5
full,5
directed,5
b,5
would,5
editors,5
attention,5
increasing,5
european,5
today,5
george,5
figure,5
ecob,5
lines,5
success,5
griffith,5
face,5
natural,5
comfort,5
beginning,5
making,5
urban,5
occasionally,5
press,5
girth,5
soft,5
national,5
washington,5
states,5
you,5
saturday,5
themselves,5
c,5
era,5
patients,5
images,5
strong,5
superiority,4
emerson,4
career,4
college,4
mobility,4
english,4
rounded,4
round,4
warns,4
anything,4
connection,4
originally,4
taken,4
regimen,4
promoting,4
england,4
j,4
editions,4
principles,4
those,4
within,4
less,4
case,4
money,4
mammy,4
chapter,4
possible,4
himself,4
belly,4
doctors,4
longevity,4
demanded,4
regimens,4
targeted,4
bodily,4
adams,4
unhealthy,4
kind,4
nor,4
promised,4
perfect,4
civilization,4
via,4
simultaneously,4
topic,4
americans,4
muscles,4
activists,4
explicit,4
process,4
connected,4
similar,4
wanted,4
established,4
slowly,4
uncorseted,4
weak,4
age,4
hair,4
show,4
follow,4
followed,4
important,4
http,4
medicine,4
entered,4
p,4
out,4
though,4
wealth,4
jewish,4
gained,4
advancement,4
training,4
nation,4
irish,4
excessive,4
place,4
weekly,4
newspaper,4
t,4
physician,4
sense,4
mrs,4
boundaries,4
second,4
matter,4
limited,4
biological,4
guide,4
chronicle,4
fancher,4
yet,4
sex,4
hunger,4
disciplinary,4
fanny,4
challenge,4
stated,4
towards,4
foods,4
macfadden,4
forms,4
do,4
physiological,4
gleason,4
kellogg,4
lean,4
remained,4
including,4
began,4
ideas,4
finally,4
moral,4
restraint,4
individual,4
curve,4
after,4
corset,4
corpulency,4
james,4
embodied,4
achieve,4
widely,4
stage,4
science,4
usually,4
fear,4
independence,4
privileges,4
blood,4
table,4
itself,4
arts,4
susan,4
considered,4
sections,4
shirt,4
suggestions,4
then,4
following,4
fattened,4
here,4
tendencies,4
monthly,4
cultures,4
hips,4
cures,4
constant,4
person,4
believed,4
feb,4
writes,4
information,4
queries,4
middle,4
both,4
despite,4
role,4
putnam,4
brumberg,4
representation,4
ace,4
notes,4
overeating,4
average,4
although,4
need,4
surgical,4
off,4
association,4
news,4
texts,4
focus,4
much,4
daughter,4
race,4
does,3
allegedly,3
declared,3
stood,3
struggled,3
feminization,3
instructions,3
ample,3
use,3
spirit,3
decade,3
character,3
necessarily,3
craze,3
common,3
came,3
rational,3
nature,3
frederick,3
manliness,3
desire,3
display,3
analyses,3
hunting,3
graham,3
mind,3
stand,3
indulgence,3
discipline,3
taft,3
citizenship,3
globe,3
apostles,3
dr,3
plain,3
recommended,3
fad,3
cadaverous,3
cady,3
engage,3
controlled,3
constructed,3
fun,3
thinner,3
tables,3
helen,3
doctor,3
assured,3
immigrants,3
concerning,3
response,3
slave,3
rosen,3
look,3
testimony,3
angeles,3
fantasies,3
notion,3
brand,3
danger,3
guides,3
reason,3
physically,3
toy,3
reformer,3
section,3
just,3
numbers,3
superior,3
beyond,3
visibly,3
reprinted,3
laziness,3
pounds,3
inherent,3
conservative,3
demands,3
imagination,3
almost,3
featured,3
further,3
your,3
embonpoint,3
genre,3
line,3
formerly,3
r,3
waists,3
elizabeth,3
surprise,3
gave,3
discussions,3
issues,3
call,3
messages,3
jemima,3
www,3
hard,3
order,3
emerging,3
sufficient,3
grow,3
always,3
generally,3
harvey,3
slim,3
protagonist,3
newly,3
cheating,3
activities,3
nations,3
secret,3
led,3
letters,3
wrote,3
resisted,3
prove,3
rotundo,3
mainstream,3
standing,3
hold,3
lbs,3
tomes,3
restricted,3
liberties,3
appear,3
experiment,3
already,3
sweets,3
gentlemen,3
successfully,3
death,3
many,3
signified,3
marker,3
reform,3
striving,3
children,3
end,3
took,3
where,3
dorothy,3
accepted,3
shown,3
strategies,3
eds,3
discussion,3
examples,3
cambridge,3
upon,3
mothers,3
represented,3
bust,3
fed,3
causes,3
prominently,3
questions,3
meanings,3
weir,3
feature,3
peter,3
amounts,3
eve,3
david,3
allowed,3
mouton,3
protruding,3
played,3
miracle,3
brain,3
black,3
eyes,3
awakening,3
narrow,3
ann,3
claiming,3
banta,3
dietary,3
implicitly,3
independent,3
mother,3
foreign,3
aunt,3
albion,3
pedometer,3
manly,3
edna,3
seen,3
detailed,3
requests,3
los,3
try,3
la,3
regularly,3
chests,3
proof,3
seid,3
comes,3
version,3
must,3
dieter,3
founded,3
manual,3
symbol,3
alternative,3
column,3
cover,3
excess,3
familiar,3
advertisements,3
toilet,3
abstinence,3
down,3
current,3
abdomen,3
hysteria,3
silas,3
getting,3
alcohol,3
suggests,3
size,3
practical,3
extraordinary,3
giving,3
conventional,3
target,3
clothing,3
our,3
until,3
differentiation,3
powers,3
advent,3
donald,3
samuel,3
dangerous,3
register,3
n,3
instead,3
regular,3
roundness,3
famous,3
asked,3
doing,3
emerged,3
inward,2
transportation,2
done,2
struggle,2
page,2
prefer,2
bicycling,2
cartoons,2
avoiding,2
corruption,2
whitman,2
created,2
headlines,2
dangers,2
market,2
extreme,2
berkeley,2
roberson,2
miraculous,2
counteract,2
red,2
diane,2
alone,2
introduction,2
changed,2
forth,2
legitimization,2
large,2
complex,2
mostly,2
columns,2
word,2
gatsby,2
studies,2
respectability,2
wolf,2
considerations,2
assumption,2
unlike,2
encourage,2
ambitious,2
useless,2
connotations,2
arguing,2
said,2
romance,2
beneficial,2
hence,2
supposedly,2
complained,2
congestion,2
encouraged,2
waldo,2
lifestyle,2
caricatures,2
kimmel,2
declares,2
love,2
reach,2
groups,2
attractive,2
europe,2
tradition,2
suggesting,2
momentum,2
potentially,2
rich,2
atlantic,2
religion,2
ambition,2
classified,2
normal,2
embody,2
context,2
british,2
meal,2
connoted,2
advocates,2
kate,2
tie,2
nose,2
amelia,2
kathy,2
opened,2
marked,2
recommendations,2
establishing,2
reaction,2
occupy,2
patient,2
countered,2
fine,2
mastery,2
west,2
mental,2
say,2
fatness,2
household,2
desirable,2
gastronomy,2
marginalized,2
safely,2
urging,2
hygiene,2
expertise,2
conflict,2
lowe,2
development,2
quality,2
muscle,2
interest,2
moment,2
gilman,2
club,2
friedman,2
insisted,2
forced,2
taste,2
turn,2
cases,2
self,2
back,2
effective,2
truly,2
find,2
spite,2
galaxy,2
weakness,2
frauds,2
unmanly,2
master,2
focused,2
critics,2
corseted,2
mechanisms,2
site,2
homely,2
starving,2
alleged,2
urged,2
supernatural,2
rather,2
gutenberg,2
virility,2
performance,2
ironic,2
laugh,2
joan,2
basic,2
bore,2
outward,2
granted,2
hypatia,2
pages,2
preservation,2
leaves,2
walt,2
space,2
front,2
hook,2
bad,2
degenerate,2
servants,2
university,2
eventually,2
talk,2
repeated,2
linked,2
russell,2
days,2
k,2
w,2
athletic,2
origins,2
rationally,2
position,2
stark,2
required,2
marriage,2
opinion,2
strengthen,2
hope,2
regulatory,2
graduates,2
arrived,2
based,2
lead,2
unpatriotic,2
societies,2
scientifically,2
marion,2
hands,2
effort,2
deal,2
reinvigorated,2
impaired,2
actresses,2
fishbein,2
stoutness,2
shoes,2
dominant,2
term,2
big,2
remedy,2
wise,2
understood,2
informed,2
sentimental,2
heroine,2
attractiveness,2
excellent,2
grounds,2
spiritual,2
explain,2
series,2
dietetics,2
january,2
marie,2
specifically,2
participation,2
journals,2
rorer,2
start,2
emphasis,2
preferred,2
prominent,2
knowledge,2
related,2
year,2
fit,2
keep,2
actually,2
away,2
cry,2
lazy,2
novels,2
ultimately,2
participate,2
interpreted,2
miss,2
lips,2
good,2
caused,2
describing,2
working,2
breaking,2
below,2
responsibility,2
revolution,2
straight,2
next,2
grass,2
sporting,2
corpulent,2
reporter,2
affluent,2
several,2
weighty,2
shapes,2
wider,2
industry,2
acts,2
climate,2
impossible,2
fashions,2
condemned,2
visible,2
henrietta,2
passivity,2
grateful,2
provided,2
finds,2
periods,2
prescribed,2
spirituality,2
defended,2
atrophy,2
effeminacy,2
san,2
eclectic,2
business,2
request,2
neurasthenia,2
economic,2
indeed,2
labors,2
talks,2
intended,2
address,2
acknowledged,2
brief,2
merits,2
hammond,2
standardization,2
etc,2
torso,2
religious,2
once,2
criticism,2
selling,2
fair,2
colleges,2
soon,2
mobile,2
neither,2
bernarr,2
eliza,2
heaton,2
baltimore,2
floor,2
two,2
rise,2
tall,2
angular,2
members,2
allan,2
comfortable,2
law,2
rejects,2
smith,2
conduct,2
scholars,2
abstain,2
plan,2
regulation,2
pretty,2
educated,2
peiss,2
fallen,2
everything,2
scrap,2
serious,2
model,2
empire,2
jenny,2
roosevelt,2
necessary,2
books,2
hale,2
jacobs,2
artists,2
chair,2
beautification,2
homemakers,2
responded,2
enfeebled,2
original,2
proudly,2
classes,2
nutrition,2
campaigns,2
lost,2
treated,2
grossly,2
completed,2
launched,2
looking,2
medium,2
bridget,2
advises,2
morality,2
conflicted,2
recovery,2
cathedral,2
peg,2
open,2
princess,2
clear,2
corrupted,2
three,2
authors,2
liquor,2
language,2
profession,2
eaters,2
essay,2
held,2
christopher,2
democratizing,2
gazette,2
foucauldian,2
reins,2
losing,2
wish,2
zeglin,2
promotion,2
sternly,2
queen,2
methods,2
references,2
charles,2
britain,2
effect,2
availability,2
waistlines,2
hardy,2
seeking,2
horse,2
ate,2
figures,2
tendency,2
regimes,2
vain,2
circle,2
dehart,2
note,2
summerville,2
husband,2
ideology,2
slow,2
becomes,2
force,2
humphrey,2
phrase,2
maternity,2
united,2
virile,2
mirror,2
sound,2
matters,2
side,2
demonstrate,2
wear,2
scrutiny,2
ridiculed,2
ralph,2
offers,2
quickly,2
know,2
intellectual,2
inquires,2
fitness,2
finance,2
different,2
contained,2
blythe,2
outdoor,2
style,2
volcano,2
half,2
regard,2
domestic,2
report,2
followers,2
post,2
milk,2
altered,2
alexandra,2
historical,2
going,2
happiness,2
rowing,2
masterpiece,2
turned,2
dilettante,2
agriculture,2
lena,2
warnings,2
according,2
imitation,2
answered,2
exploding,2
physiology,2
study,2
desires,2
osier,2
reiterated,2
distribution,2
dream,2
appropriated,2
remedies,2
amy,2
boys,2
rationality,2
freedom,2
john,2
org,2
lois,2
four,2
exercising,2
infamous,2
demanding,2
healed,2
chopin,2
families,2
mention,2
come,2
bailou,2
suffrage,2
sickness,2
ugly,2
youth,2
editor,2
difference,2
copies,2
naomi,2
explanation,2
review,2
phillips,2
joined,2
fatal,2
selfimprovement,2
effects,2
meyers,2
tobacco,2
sexuality,2
stayed,2
needs,2
am,2
inclination,2
offered,2
specific,2
potential,2
regularity,2
softness,2
rejection,2
progressive,2
bentley,2
major,2
exclusively,2
sedentary,2
severely,2
drew,2
broader,2
showed,2
medica,2
fads,1
fletcherism,1
dollar,1
exhibiting,1
nubian,1
given,1
puck,1
democracy,1
go,1
ending,1
margins,1
formulated,1
handsome,1
weighed,1
baz,1
appropriation,1
o,1
revisionist,1
unrestrained,1
madison,1
negotiation,1
limits,1
slap,1
capons,1
transubstantiation,1
appealed,1
imagining,1
conflicting,1
elite,1
correlation,1
chalk,1
meaning,1
responds,1
renegotiation,1
quiescence,1
willful,1
generous,1
faced,1
immune,1
represent,1
befit,1
everyone,1
affected,1
fiction,1
legitimate,1
kellog,1
eli,1
liberating,1
metaphorization,1
submission,1
diagnose,1
spurred,1
stands,1
starts,1
notably,1
gastronomica,1
honorable,1
distributed,1
defenses,1
crossing,1
mouth,1
slouched,1
passing,1
everybody,1
vinegar,1
church,1
trendsetters,1
willed,1
group,1
told,1
undertaker,1
measurable,1
significant,1
thrust,1
denied,1
ana,1
naturalized,1
saws,1
agency,1
civil,1
opinions,1
properly,1
sets,1
sander,1
referring,1
formed,1
likely,1
hawthorne,1
alive,1
asserted,1
misogynist,1
manring,1
specialist,1
continent,1
managing,1
solemnly,1
strictly,1
sudden,1
tribune,1
compilation,1
favor,1
unsuccessful,1
pornography,1
stuffing,1
weaker,1
magagne,1
teased,1
kross,1
allow,1
adventurer,1
policy,1
explicable,1
recreation,1
presents,1
ecoh,1
habits,1
invent,1
subjection,1
total,1
physicians,1
paper,1
tells,1
oxen,1
ehrhardt,1
suffragists,1
appendage,1
interpretative,1
entertaining,1
something,1
induced,1
edu,1
contested,1
chiseled,1
migration,1
source,1
pretending,1
chastity,1
turning,1
baker,1
leads,1
negative,1
anti,1
ethics,1
guru,1
passion,1
else,1
either,1
decidedly,1
herald,1
sources,1
please,1
cynthia,1
invention,1
nostalgic,1
cookingas,1
whom,1
upholding,1
giris,1
pedometers,1
production,1
voices,1
discovers,1
exclusive,1
concerned,1
experimented,1
exaggerated,1
anthony,1
voluptuous,1
evolution,1
give,1
attempts,1
accommodated,1
symmetrical,1
culturally,1
quack,1
contrasted,1
anomalies,1
might,1
attempt,1
sirens,1
worked,1
artificially,1
advanced,1
joke,1
diseases,1
jewell,1
liberty,1
definition,1
gary,1
containing,1
dramatically,1
connate,1
possibilities,1
limb,1
capitalist,1
scientists,1
schorman,1
divorce,1
professions,1
lessen,1
hindoos,1
accompanied,1
debra,1
featuring,1
firm,1
reasons,1
narrative,1
offoreigìi,1
clothe,1
aesthetic,1
molding,1
moors,1
murny,1
reunion,1
professor,1
skirts,1
room,1
layperson,1
expense,1
nuclear,1
swim,1
reproduction,1
evolving,1
subsequent,1
copious,1
temper,1
honest,1
sentimentally,1
course,1
shudder,1
loose,1
unambivalently,1
written,1
emphasized,1
swallowing,1
raised,1
voluptuousness,1
reminiscent,1
theodore,1
declines,1
effeminization,1
dressed,1
weighing,1
courage,1
chest,1
advertise,1
shrivel,1
canili,1
doris,1
counting,1
gretchen,1
eminent,1
resulted,1
protagonists,1
thornhill,1
anthology,1
historians,1
conquests,1
debasing,1
perfection,1
bones,1
u,1
hippopotamus,1
draw,1
womanly,1
march,1
bloated,1
representations,1
vester,1
economics,1
stereotype,1
reminder,1
leisurely,1
account,1
wilcox,1
howard,1
determined,1
lethargy,1
illustrate,1
pretend,1
player,1
slight,1
moderation,1
sale,1
marian,1
scragginess,1
solely,1
digestion,1
october,1
julian,1
move,1
consumers,1
deceit,1
whatever,1
apart,1
taking,1
supply,1
rosa,1
reflecting,1
artful,1
uses,1
anatomically,1
resources,1
uncertain,1
quantity,1
trim,1
anticipated,1
along,1
interior,1
constrained,1
enter,1
promises,1
mentally,1
acquires,1
fitzgerald,1
hungry,1
unhappy,1
dignity,1
slimness,1
unwholesome,1
expertly,1
behavior,1
attract,1
pursuing,1
kriss,1
intervenes,1
guilty,1
exposed,1
labor,1
learned,1
repeatedly,1
fullness,1
goal,1
million,1
comprehensive,1
cities,1
includes,1
royal,1
bodíes,1
fascinated,1
refraining,1
ronald,1
married,1
dependence,1
farmhouses,1
illness,1
mishaps,1
targeting,1
maqbool,1
invisibility,1
pockets,1
seventy,1
due,1
charming,1
september,1
genderedness,1
greed,1
swimming,1
machine,1
g,1
police,1
lectures,1
center,1
characteristic,1
helena,1
accidentally,1
relations,1
dismisses,1
sharp,1
crackers,1
evils,1
mating,1
bone,1
walter,1
application,1
handy,1
taper,1
witt,1
dubbed,1
employing,1
grainand,1
supremacy,1
morny,1
fluids,1
disconcerting,1
absolutely,1
cletian,1
contagious,1
pcasacas,1
items,1
old,1
unhappiness,1
amended,1
symptoms,1
reluctance,1
bay,1
spiritualists,1
freed,1
ovaries,1
profound,1
subjects,1
contrary,1
highest,1
ithaca,1
consumer,1
serving,1
transitional,1
boxing,1
tomorrow,1
brainworkers,1
envy,1
races,1
myth,1
afford,1
background,1
poem,1
ticket,1
varieties,1
animal,1
enlightened,1
bonds,1
paterfamilias,1
y,1
drawn,1
consequently,1
root,1
constructs,1
vice,1
critique,1
gaze,1
industries,1
colleague,1
apparently,1
clientele,1
helping,1
longterm,1
jones,1
heyes,1
pronounced,1
acknowledge,1
competitive,1
partook,1
virtuous,1
reimagined,1
ment,1
celebrating,1
sparking,1
polines,1
propagated,1
depoliticized,1
van,1
aim,1
awkward,1
freedoms,1
genital,1
willowy,1
opposed,1
poor,1
reframing,1
sue,1
wavy,1
subordination,1
heaven,1
german,1
guiltlessly,1
réévaluation,1
hopes,1
overly,1
heroes,1
expected,1
exact,1
indisputable,1
subjected,1
bring,1
stricter,1
aimed,1
ways,1
main,1
absent,1
reinvigoration,1
across,1
developed,1
everett,1
watch,1
illustration,1
smoking,1
sort,1
condemns,1
influential,1
square,1
observer,1
christine,1
venue,1
mandatory,1
suffer,1
goes,1
survives,1
taller,1
comply,1
determining,1
saints,1
earlier,1
flexible,1
loses,1
exoticized,1
unheard,1
grew,1
millions,1
republic,1
adjustments,1
reaãng,1
japanese,1
strange,1
hearing,1
unfeminine,1
intemperance,1
blindly,1
witness,1
lay,1
rules,1
empowerment,1
feel,1
consequences,1
moreover,1
supposed,1
advantageously,1
addressing,1
proclaimed,1
fattening,1
support,1
raymond,1
ordeal,1
webster,1
soul,1
accounts,1
arid,1
koppelmann,1
understand,1
pernicious,1
menial,1
escape,1
frowned,1
win,1
romantic,1
wee,1
marks,1
civilizations,1
barbarous,1
lace,1
maiden,1
ungentlemanly,1
beau,1
benefits,1
dandies,1
literary,1
elisabeth,1
presumably,1
liberal,1
former,1
air,1
constrain,1
impact,1
unborn,1
neck,1
utteu,1
contemporaries,1
workout,1
likened,1
inness,1
gets,1
profile,1
accumulating,1
solid,1
ministers,1
pulpit,1
trace,1
democratic,1
commented,1
exploited,1
max,1
resource,1
powerful,1
idiots,1
readings,1
shed,1
watercure,1
distracting,1
advisors,1
consequence,1
cost,1
plates,1
madame,1
differregime,1
requires,1
phibsophy,1
painted,1
reinvigorate,1
cheeks,1
desert,1
untrained,1
plight,1
injustice,1
ruin,1
hit,1
helped,1
projected,1
strategy,1
providing,1
trained,1
decades,1
protestant,1
advocated,1
constitution,1
fates,1
coercing,1
editing,1
dc,1
zoom,1
artistic,1
arms,1
smi,1
denigrating,1
friends,1
union,1
selfsupporting,1
poetically,1
hours,1
liberatory,1
authority,1
expressed,1
standards,1
closely,1
weissman,1
persecute,1
walk,1
arrival,1
asserts,1
declined,1
six,1
carrying,1
befell,1
typical,1
narrated,1
object,1
centers,1
lived,1
conspicuous,1
exquisitely,1
underneath,1
ridicule,1
browning,1
etext,1
radical,1
near,1
ironically,1
vigorous,1
initial,1
academic,1
coin,1
softly,1
rebellious,1
handbook,1
companion,1
exceptions,1
fourth,1
topics,1
morphed,1
fancies,1
occupation,1
traced,1
pointing,1
durham,1
poverty,1
blondes,1
eveningpost,1
promoters,1
harassment,1
park,1
tools,1
hottentots,1
inventor,1
persons,1
companies,1
cannot,1
meet,1
sovereignty,1
younger,1
glands,1
record,1
moveregime,1
unmaking,1
however,1
democratization,1
excluded,1
sport,1
xiv,1
katharina,1
scouts,1
torsos,1
absolute,1
sedative,1
brooklyn,1
flabby,1
eager,1
athletes,1
triumph,1
sacrifice,1
depictions,1
brooks,1
tificat,1
expensive,1
bother,1
failure,1
pigs,1
scroll,1
sanatorium,1
none,1
having,1
designating,1
therapeutics,1
future,1
perpetuated,1
relief,1
dwindled,1
effeminate,1
decides,1
douglas,1
skeletons,1
received,1
imports,1
writers,1
framed,1
distinguish,1
clean,1
shiny,1
julia,1
hereditary,1
discusses,1
reporters,1
wasting,1
agnes,1
transcended,1
wastefulness,1
heftiest,1
bordo,1
spira,1
normalization,1
criticized,1
intentionally,1
dozens,1
cherishing,1
armchair,1
older,1
refined,1
editorial,1
broad,1
reduces,1
overdoes,1
reportedly,1
streams,1
concentrate,1
strenuous,1
harems,1
cabin,1
coale,1
emancipation,1
tropes,1
serves,1
aar,1
saw,1
disciplined,1
michelle,1
endorsed,1
showing,1
project,1
appetites,1
won,1
president,1
conform,1
markedly,1
discretion,1
attributed,1
graduate,1
softest,1
chemistry,1
errors,1
aspired,1
oriental,1
neglect,1
cahills,1
creating,1
stylized,1
solution,1
hangs,1
gotham,1
strict,1
policeman,1
fulfilled,1
useful,1
peterson,1
questionable,1
adherents,1
delivered,1
shaping,1
leisure,1
individualism,1
involve,1
appended,1
lank,1
coupled,1
nervosa,1
box,1
unbearable,1
exclusionary,1
excitable,1
discourse,1
sixty,1
exclude,1
irresponsible,1
arbitrary,1
insurance,1
economist,1
around,1
kent,1
family,1
hemisphere,1
inactive,1
autonomy,1
aspirational,1
characteristics,1
feeling,1
june,1
dire,1
choose,1
revealing,1
alleviate,1
rag,1
ill,1
lawyers,1
endanger,1
certainly,1
unmasculine,1
dramatic,1
refinement,1
vacuum,1
distinguished,1
suddenly,1
elf,1
latest,1
telling,1
potent,1
viola,1
albala,1
vein,1
managed,1
pleasing,1
scott,1
progress,1
jordan,1
decency,1
goat,1
unsubstantiated,1
anniversary,1
reverend,1
transparent,1
franchise,1
cj,1
matting,1
inquiries,1
marry,1
appropriate,1
regal,1
searches,1
socialism,1
interests,1
moved,1
evoked,1
valuable,1
miserable,1
sophistication,1
massive,1
promising,1
fiber,1
readership,1
seemed,1
bedding,1
marveled,1
lend,1
survived,1
believers,1
reinvents,1
south,1
tea,1
f,1
battle,1
critical,1
quoting,1
tasks,1
film,1
womanhood,1
ii,1
curricula,1
conditioning,1
november,1
hegemony,1
equality,1
advocate,1
curves,1
innocent,1
disciplining,1
reasserting,1
steadily,1
convinced,1
guarded,1
duff,1
harriers,1
welladapted,1
wendell,1
predecessors,1
concentrated,1
service,1
labeled,1
faked,1
londonbased,1
othered,1
hypochondriac,1
fencing,1
somebody,1
eighth,1
onward,1
notoriously,1
classic,1
transition,1
statuesque,1
fruit,1
nearly,1
steve,1
lisa,1
instincts,1
homemaking,1
housework,1
vegetarianism,1
community,1
pictorial,1
says,1
polenta,1
tully,1
flag,1
rigid,1
boy,1
retelling,1
wind,1
settings,1
legitimized,1
seemingly,1
echo,1
bailey,1
aziz,1
ajournai,1
com,1
sexually,1
single,1
resilient,1
gilbert,1
convictions,1
rubbing,1
calculate,1
oxford,1
recognized,1
dieted,1
educates,1
revisiting,1
seaweed,1
coverage,1
recommendation,1
requiring,1
serve,1
evil,1
fifth,1
challenged,1
cylindrical,1
overfat,1
imitate,1
assimilation,1
meab,1
extravagant,1
mildly,1
xenophobic,1
softening,1
congruent,1
teaching,1
shifting,1
performed,1
ashamed,1
mommer,1
consumerism,1
mould,1
ornamental,1
belonging,1
insights,1
otherness,1
donnelly,1
cheerful,1
visitors,1
gyms,1
commodified,1
rob,1
learns,1
lingering,1
assimilated,1
catalogue,1
foucault,1
avoided,1
sketch,1
retired,1
act,1
include,1
tries,1
fabulous,1
worst,1
wrinkles,1
hon,1
ashmore,1
lewis,1
name,1
pollack,1
unreliable,1
paul,1
waistline,1
technique,1
stronger,1
strike,1
comely,1
think,1
mentions,1
again,1
spend,1
available,1
drink,1
sbc,1
patriotic,1
performs,1
flat,1
gimlin,1
erect,1
generously,1
gentle,1
missing,1
cartoon,1
czerniawski,1
efforts,1
entrench,1
conformity,1
cultivated,1
fact,1
deviance,1
sexy,1
hollow,1
remarks,1
head,1
maternal,1
heldke,1
sylvester,1
regret,1
empress,1
tolerate,1
revenue,1
joselit,1
sleep,1
lucia,1
pulp,1
ought,1
exclusion,1
frost,1
disuse,1
teachers,1
lacks,1
remarked,1
championships,1
really,1
break,1
pamphlet,1
reacted,1
jenna,1
antonio,1
personal,1
legs,1
grows,1
urbanized,1
overwhelmingly,1
shallow,1
restrained,1
dull,1
pattern,1
gleefully,1
beliefs,1
audiences,1
external,1
starvation,1
angels,1
bony,1
careers,1
kerri,1
enough,1
racist,1
accusations,1
present,1
psychic,1
signifying,1
considers,1
dieters,1
secular,1
reforming,1
discuss,1
competitors,1
establish,1
muster,1
sensual,1
advisers,1
queer,1
answer,1
tell,1
probably,1
surveillance,1
imaginary,1
spoke,1
material,1
norms,1
deep,1
disgust,1
charter,1
previewed,1
installments,1
streets,1
outlines,1
oneself,1
degree,1
civilized,1
submit,1
fight,1
sonnenschein,1
imagine,1
gos,1
commercialized,1
recognizing,1
private,1
technologies,1
greatest,1
meaningful,1
warning,1
spending,1
vast,1
father,1
intimate,1
chuckle,1
restrictions,1
range,1
renders,1
pathology,1
slaves,1
meals,1
writings,1
discrimination,1
communities,1
defied,1
ponderosity,1
alerted,1
patricia,1
transgressive,1
arose,1
enormous,1
industrialized,1
increase,1
clubs,1
cayleff,1
judge,1
manifestations,1
warrior,1
europeans,1
docial,1
lecture,1
controlling,1
entirely,1
eaten,1
angle,1
sold,1
largely,1
spc,1
overtones,1
station,1
unprofitable,1
affects,1
engaging,1
obsessed,1
actuarial,1
bed,1
pleasure,1
garments,1
dacome,1
ethnic,1
processes,1
proportion,1
rare,1
styles,1
marcate,1
nothing,1
individuals,1
bloomington,1
slimmingdown,1
repreregime,1
injurious,1
mold,1
sees,1
previous,1
office,1
niche,1
dismissed,1
hardened,1
advantages,1
bookishness,1
students,1
vii,1
sunken,1
maid,1
legendary,1
hank,1
significance,1
worry,1
biblical,1
margaret,1
loosely,1
unobtainable,1
modem,1
emphasizing,1
adding,1
uncontrollable,1
cunningham,1
publication,1
points,1
dominated,1
sketches,1
logic,1
statues,1
workers,1
august,1
wits,1
ergo,1
defensive,1
ellis,1
grotesquely,1
spread,1
direct,1
derided,1
function,1
html,1
responses,1
features,1
high,1
distinction,1
stresses,1
napheys,1
filled,1
shamelessly,1
disadvantage,1
washand,1
spirits,1
chilly,1
renewal,1
poetic,1
standard,1
indulging,1
thomas,1
wood,1
bemoan,1
instruction,1
morals,1
tasked,1
anybody,1
quick,1
michie,1
fervent,1
conveniences,1
infantilizing,1
faith,1
agri,1
exoticism,1
carbohydrates,1
outside,1
enlightenment,1
meagerness,1
conspicuously,1
commentators,1
ruining,1
promote,1
qualities,1
smoky,1
sensuality,1
assures,1
sensible,1
trouble,1
declare,1
upwardly,1
xvi,1
exactly,1
awful,1
gap,1
facts,1
analysis,1
mr,1
enthusiastically,1
assistants,1
looks,1
paris,1
advertisement,1
slightly,1
hillel,1
primal,1
equivalent,1
attracted,1
carriage,1
morris,1
reserved,1
jockeys,1
confesses,1
diabetes,1
attend,1
housewives,1
quarterly,1
rian,1
propose,1
clairvoyance,1
greek,1
emmeline,1
thence,1
specialty,1
freitag,1
convincingly,1
opulence,1
sented,1
antoinette,1
performing,1
perils,1
transgressed,1
harpers,1
dealing,1
rachel,1
molly,1
fifty,1
uttermost,1
suggestion,1
amanda,1
respect,1
pure,1
pineo,1
dreadful,1
transformations,1
frugal,1
masculinities,1
droch,1
wisdom,1
continued,1
mills,1
inhabitants,1
movements,1
nina,1
meats,1
outlined,1
practitioners,1
piece,1
fully,1
begin,1
revolts,1
vertical,1
attitude,1
fewer,1
fleshy,1
widespread,1
liking,1
referred,1
exceptional,1
dimensions,1
holbrook,1
venues,1
annie,1
outline,1
anorexia,1
worse,1
embodying,1
credited,1
visual,1
determination,1
transformation,1
anxiety,1
indicate,1
delicacy,1
haweis,1
excluding,1
standpoint,1
changes,1
inspired,1
responsible,1
efficiency,1
construction,1
parchment,1
sherrie,1
valiant,1
tapped,1
michael,1
inferior,1
bemarr,1
druid,1
elderly,1
wives,1
tub,1
charlottesville,1
nativist,1
saturated,1
assigns,1
humiliation,1
walking,1
get,1
examine,1
widest,1
administering,1
dana,1
problematic,1
eugene,1
gathered,1
provocatively,1
surrendering,1
rigorous,1
fought,1
extensions,1
immensely,1
earliest,1
manifesting,1
detail,1
rosenberg,1
enigma,1
inactivity,1
fertility,1
acquired,1
vulgarity,1
meant,1
seriously,1
victoria,1
liked,1
thinking,1
mainly,1
aspiring,1
calling,1
sadlers,1
garment,1
sloping,1
staked,1
mentioned,1
hang,1
nervous,1
minneapolis,1
measurements,1
simply,1
extensive,1
steel,1
scarcely,1
damaging,1
wethers,1
htm,1
known,1
shop,1
thousand,1
rival,1
christophe,1
indoor,1
mourn,1
copeland,1
plumping,1
rotund,1
endangered,1
appealing,1
pregnancy,1
lou,1
cbthing,1
equation,1
pontellier,1
divert,1
outcome,1
chided,1
stamina,1
foresees,1
ajar,1
deficiencies,1
chewing,1
principle,1
country,1
clifford,1
surfaced,1
scientist,1
shares,1
worth,1
expanding,1
fairs,1
commission,1
sizes,1
embodiments,1
interested,1
seem,1
nutritious,1
cricket,1
collapsing,1
print,1
printed,1
argue,1
enable,1
starchy,1
presence,1
returns,1
victoregime,1
slob,1
foundation,1
insecure,1
housekeeper,1
golf,1
brothers,1
tales,1
clearly,1
grind,1
reflected,1
build,1
associations,1
childbirth,1
ambivalent,1
goddess,1
mass,1
recorder,1
malignant,1
sermons,1
fruitlessly,1
humorous,1
middleclass,1
better,1
feminist,1
overgrown,1
renegotiated,1
dismissing,1
hardness,1
commences,1
born,1
suffering,1
reconfigured,1
carefully,1
month,1
implausible,1
reactions,1
foreignness,1
eugénie,1
rose,1
terms,1
chores,1
ion,1
ent,1
ones,1
mary,1
want,1
trope,1
nicknames,1
spcissues,1
thirty,1
add,1
proven,1
attitudes,1
mere,1
unnecessary,1
gambling,1
heavier,1
polynesians,1
limbs,1
weights,1
sleeping,1
vehicle,1
studying,1
grünzweig,1
bressant,1
constitutional,1
yield,1
imperial,1
advise,1
patience,1
anna,1
don,1
agreed,1
graceful,1
subjecting,1
element,1
conference,1
facial,1
stern,1
marking,1
ulcers,1
naked,1
intention,1
necessity,1
drowns,1
trivial,1
commissioner,1
muldoon,1
lillian,1
recognition,1
apostle,1
pain,1
furniture,1
thereby,1
attached,1
testimonials,1
introduced,1
interaction,1
dishonest,1
copying,1
wording,1
courses,1
beer,1
emancipatory,1
duty,1
hue,1
ken,1
stairs,1
buy,1
die,1
plans,1
impose,1
shapin,1
entrepreneur,1
regulated,1
ramified,1
everywhere,1
untidy,1
confronted,1
watchers,1
seek,1
motherly,1
programs,1
obtain,1
temperance,1
connotation,1
phenomenon,1
indians,1
allows,1
maintained,1
goals,1
aspect,1
coming,1
childhood,1
ellen,1
teeth,1
precision,1
multiply,1
drive,1
prepared,1
reinforced,1
named,1
energies,1
afflicted,1
fattest,1
question,1
canvas,1
models,1
sternum,1
survival,1
invisible,1
thomasnast,1
masculinization,1
birth,1
eunuchs,1
ignored,1
lands,1
monsters,1
confirmed,1
stigmatization,1
ailments,1
fulfillment,1
charge,1
iconic,1
accept,1
substituted,1
sufferings,1
identify,1
ended,1
unfit,1
lively,1
integrated,1
land,1
consumption,1
socially,1
genoa,1
korneiia,1
product,1
smaller,1
americanness,1
values,1
roberta,1
defined,1
cressida,1
limitations,1
philosophy,1
instinct,1
promptly,1
cunnigham,1
transcending,1
ungendered,1
francisco,1
damage,1
tawcs,1
campaign,1
roughly,1
sides,1
actress,1
roles,1
worried,1
ruth,1
affliction,1
restored,1
dissent,1
supported,1
contradicted,1
boyish,1
vanity,1
pioneering,1
safeguard,1
underfed,1
obtrusiveness,1
removing,1
rest,1
posture,1
spilled,1
third,1
endnotes,1
jokes,1
slimmed,1
cook,1
reached,1
debate,1
matrimony,1
putney,1
characters,1
sheer,1
backwards,1
develop,1
traditional,1
racially,1
uk,1
avoid,1
comparable,1
grace,1
recent,1
run,1
virtue,1
oí,1
exclusivities,1
draft,1
laws,1
indigestion,1
grease,1
martin,1
nast,1
