WORDCOUNTS,WEIGHT
the,761
of,527
and,257
in,250
a,228
to,221
s,139
was,128
scottish,123
eglinton,119
that,117
as,109
for,102
p,96
he,84
his,81
by,81
scotland,80
had,65
an,62
with,58
were,56
on,46
but,45
navsr,43
it,41
this,41
not,39
political,38
pp,37
from,37
they,35
which,35
at,34
edinburgh,33
their,32
conservatives,32
irish,32
been,31
nationalism,30
there,30
london,30
its,30
be,30
when,29
would,29
lord,28
association,28
have,27
glasgow,25
house,24
derby,22
conservative,22
sir,22
earl,21
lords,21
john,21
aytoun,21
who,20
government,19
movement,19
national,19
during,18
also,18
james,18
grant,18
one,17
than,17
rights,17
state,17
constitutional,17
morton,16
union,16
tyrrell,16
public,16
these,16
ireland,16
secretary,15
british,15
has,15
scott,15
party,15
is,15
did,15
other,14
kingdom,14
office,14
alex,14
united,14
devolution,14
mar,13
interests,13
unionist,13
against,13
alison,13
place,13
times,13
hanham,13
scodand,13
nov,13
first,12
some,12
example,12
viceroyalty,12
debates,12
see,12
administrative,12
life,12
over,12
english,11
into,11
all,11
walter,11
influence,11
most,11
victorian,11
oct,11
more,11
where,11
meetings,11
him,11
must,11
should,11
parliamentary,10
england,10
called,10
robert,10
politics,10
journal,10
no,10
romantic,10
could,10
nation,10
june,10
parliament,10
vols,10
or,10
only,10
tournament,10
like,10
so,10
peers,10
dec,10
them,10
era,10
e,9
together,9
century,9
people,9
about,9
ideas,9
country,9
are,9
little,9
between,9
ser,9
chief,8
might,8
great,8
hansard,8
historians,8
such,8
apr,8
importance,8
own,8
blackwood,8
many,8
new,8
men,8
viceroy,8
described,8
britain,8
institutions,8
peel,8
scots,8
secretaryship,8
burns,8
newscuttings,8
corn,8
modern,7
history,7
article,7
those,7
right,7
laws,7
dublin,7
liberal,7
tory,7
well,7
policies,7
we,7
commons,7
activities,7
j,7
members,7
governance,7
reformers,7
matters,7
grievances,7
historical,7
petition,7
form,7
westminster,7
press,7
although,7
meeting,7
h,6
ms,6
duke,6
before,6
landowners,6
emerged,6
highland,6
principal,6
within,6
system,6
church,6
past,6
david,6
general,6
without,6
quoted,6
w,6
opinion,6
archibald,6
even,6
prominent,6
part,6
disraeli,6
president,6
status,6
governments,6
power,6
economic,6
scotsman,6
ed,6
law,6
minister,6
took,6
present,6
royal,6
after,6
queen,6
often,6
gazette,6
different,6
role,6
offered,6
early,6
much,6
speakers,5
group,5
significant,5
policy,5
freeman,5
arms,5
member,5
paternalism,5
tradition,5
i,5
papers,5
account,5
very,5
high,5
patronage,5
centralization,5
presentation,5
support,5
n,5
too,5
friends,5
whom,5
out,5
radical,5
presided,5
steill,5
dove,5
supported,5
several,5
monarchy,5
society,5
nonetheless,5
heraldic,5
noted,5
business,5
d,5
time,5
duties,5
ibid,5
local,5
identity,5
vindication,5
nationality,5
oxford,5
circle,5
george,5
existence,5
william,5
what,5
making,5
through,5
became,5
jan,5
years,5
editor,5
envisaged,5
nls,5
given,5
sa,4
if,4
position,4
committee,4
cabinet,4
fos,4
review,4
interest,4
old,4
leadership,4
may,4
whose,4
heraldry,4
across,4
reference,4
benjamin,4
university,4
organized,4
character,4
legislative,4
based,4
demands,4
graeme,4
knight,4
ayrshire,4
tendency,4
petitions,4
eccentric,4
sense,4
thirteenth,4
order,4
discourse,4
amounted,4
up,4
correspondence,4
seemed,4
letters,4
july,4
railway,4
lro,4
mercury,4
name,4
begg,4
paternalist,4
shows,4
lieutenant,4
less,4
eds,4
number,4
day,4
mps,4
made,4
assembly,4
writings,4
caledonian,4
concern,4
refers,4
real,4
nothing,4
dominated,4
held,4
appointment,4
played,4
ment,4
sept,4
saw,4
justice,4
carried,4
figure,4
attitude,4
face,4
any,4
set,4
der,4
outcome,4
each,4
distinctive,4
evident,4
devine,4
circles,4
nationalist,4
feb,4
centralisation,4
urban,4
popular,4
league,4
step,4
went,4
until,4
programme,4
speak,4
morning,4
c,4
debate,4
spokesmen,4
peer,4
re,4
recent,4
does,3
way,3
chivalry,3
medieval,3
indicated,3
career,3
whip,3
prime,3
spirit,3
protection,3
unlike,3
advocate,3
nineteenth,3
every,3
words,3
definition,3
admittedly,3
take,3
welsh,3
context,3
associates,3
con,3
king,3
powers,3
magazine,3
liberals,3
letter,3
centralized,3
since,3
g,3
author,3
insisted,3
rank,3
served,3
seal,3
marx,3
aristocracy,3
colin,3
edward,3
repeal,3
special,3
study,3
perthshire,3
suppression,3
hawkins,3
ensure,3
beyond,3
consequence,3
aristocrats,3
chartists,3
m,3
important,3
herald,3
patrick,3
deal,3
late,3
supporters,3
though,3
russell,3
record,3
memory,3
because,3
used,3
brought,3
civil,3
year,3
endorsed,3
polity,3
next,3
sporting,3
castle,3
county,3
describes,3
provided,3
appeal,3
chronicle,3
thought,3
ancient,3
home,3
commonwealth,3
two,3
social,3
towards,3
conduct,3
pressure,3
proposal,3
reform,3
clerks,3
practical,3
contemporary,3
man,3
leeds,3
karl,3
michael,3
free,3
protectionists,3
questions,3
language,3
excluded,3
attracted,3
reforms,3
attention,3
visit,3
vision,3
peerage,3
strongly,3
festival,3
executive,3
respect,3
joseph,3
whig,3
known,3
intellectual,3
control,3
alexander,3
exercised,3
kidd,3
economy,3
conservatism,3
combined,3
heather,3
her,3
while,3
secure,3
voice,3
agreed,3
art,3
presented,3
commissioner,3
administration,3
substance,3
representation,3
our,3
shown,3
cambridge,3
isles,3
enlightenment,3
need,3
sports,3
organ,3
campaign,3
showed,3
strong,3
close,3
martin,3
grants,3
final,2
miller,2
archives,2
now,2
helped,2
o,2
tion,2
groups,2
created,2
extreme,2
measures,2
elections,2
likewise,2
told,2
becoming,2
large,2
conducted,2
denied,2
authority,2
true,2
coalition,2
studies,2
mentality,2
ian,2
paper,2
dress,2
whigs,2
something,2
said,2
t,2
paterson,2
invention,2
creation,2
protests,2
ii,2
give,2
taken,2
address,2
attempt,2
historiography,2
confirmed,2
firm,2
spokesman,2
liverpool,2
trip,2
scheme,2
launched,2
subsequent,2
outset,2
feature,2
devised,2
written,2
cowan,2
contrasting,2
litde,2
ernest,2
issue,2
side,2
badly,2
theodore,2
east,2
motion,2
sought,2
iv,2
bandwagon,2
restoring,2
election,2
october,2
move,2
richard,2
professor,2
west,2
radicals,2
headed,2
politician,2
malachi,2
aggression,2
flag,2
chiefs,2
spectrum,2
vigorous,2
development,2
demanded,2
cxxxn,2
de,2
whetstone,2
scotch,2
convention,2
sinclair,2
expected,2
displays,2
highest,2
six,2
compared,2
ally,2
honour,2
left,2
publications,2
weight,2
peasantry,2
look,2
vice,2
festivals,2
jarvie,2
repudiated,2
generation,2
mccrone,2
stanley,2
linton,2
presbyterianism,2
recognized,2
governed,2
agitation,2
act,2
card,2
pledged,2
ways,2
highlands,2
remain,2
influential,2
notion,2
politicians,2
opportunity,2
earlier,2
thing,2
derived,2
parts,2
hearing,2
echoed,2
privy,2
vane,2
escape,2
possibly,2
spreading,2
emergence,2
weak,2
age,2
four,2
show,2
hoped,2
additional,2
sport,2
follow,2
requested,2
followed,2
votes,2
crimean,2
respected,2
strategy,2
management,2
expressed,2
advance,2
my,2
aftermath,2
opposition,2
revived,2
found,2
fry,2
hands,2
relating,2
coupland,2
term,2
further,2
library,2
cultural,2
wales,2
war,2
displayed,2
careless,2
symbols,2
kilted,2
unruly,2
counties,2
wide,2
blake,2
absurdity,2
improve,2
suspended,2
participation,2
distinctiveness,2
future,2
received,2
do,2
purpose,2
knowledge,2
gambles,2
discussions,2
issues,2
participated,2
buccleuch,2
newspaper,2
both,2
endorsement,2
memoirs,2
either,2
misery,2
creating,2
worked,2
officials,2
least,2
regardless,2
conceded,2
protest,2
event,2
mitchell,2
characteristics,2
few,2
highly,2
compromise,2
research,2
decline,2
occasions,2
sheriff,2
estates,2
appropriate,2
appoint,2
am,2
behalf,2
nations,2
f,2
banquet,2
demand,2
ceremonial,2
various,2
failed,2
wrote,2
revival,2
contrasted,2
schemes,2
perth,2
insignia,2
petitioning,2
landed,2
mansfield,2
hitherto,2
hold,2
direction,2
single,2
usages,2
interpretation,2
god,2
inspiration,2
challenged,2
denounced,2
highlandism,2
culture,2
al,2
industrial,2
toronto,2
williams,2
eccentricity,2
continued,2
centralizing,2
again,2
similarly,2
responsibilities,2
efforts,2
head,2
relates,2
lindsay,2
regulation,2
choice,2
educated,2
banks,2
diverse,2
aug,2
claimed,2
golden,2
discussed,2
gothic,2
scottishness,2
accepted,2
participate,2
agencies,2
belief,2
hamilton,2
style,2
edmonstoune,2
reginald,2
classes,2
sturge,2
eighteenth,2
restrained,2
angus,2
nobleman,2
smoothly,2
pamphlets,2
rejected,2
trade,2
three,2
tories,2
points,2
conferred,2
anne,2
spirits,2
tales,2
thomas,2
michie,2
witness,2
especially,2
editors,2
banking,2
working,2
malagrowther,2
morris,2
figures,2
staff,2
invented,2
attend,2
rallied,2
centre,2
la,2
division,2
decision,2
separate,2
european,2
suggestion,2
relationship,2
hostile,2
science,2
patriotic,2
impressive,2
ideology,2
favour,2
seen,2
returned,2
balmorality,2
wilson,2
countries,2
why,2
hierarchical,2
existed,2
macgregor,2
middlesex,2
victoria,2
associated,2
elected,2
figurehead,2
mentioned,2
version,2
wear,2
scarcely,2
symbolic,2
theme,2
tartan,2
palace,2
natural,2
principle,2
novel,2
nobility,2
december,2
patronized,2
best,2
leaders,2
current,2
loyalty,2
speech,2
ideological,2
brothers,2
far,2
uphold,2
cities,2
identities,2
works,2
living,2
better,2
depicts,2
terms,2
jacobite,2
involvement,2
mp,2
statement,2
protective,2
theory,2
angela,2
leaving,2
condemned,2
pursued,2
acc,2
universities,2
gatherings,2
peace,2
city,2
giving,2
bourgeois,2
activity,2
angered,2
appointed,2
ranks,2
phenomenon,2
games,2
neglect,2
promoted,2
ignored,2
clubs,2
crosby,2
twentieth,2
defence,2
accept,2
defender,2
evidence,2
opinions,2
writer,2
graham,2
disruption,2
defined,2
ranged,2
news,2
withdrew,2
suggested,2
themselves,2
create,2
norman,2
montrose,2
among,2
resembled,2
loyalties,2
asked,2
tournaments,1
proposed,1
aristocrat,1
cxl,1
formulated,1
gerald,1
colls,1
done,1
arranging,1
transforming,1
formance,1
deny,1
lation,1
proprietors,1
edge,1
common,1
implemented,1
destroying,1
avoiding,1
concerned,1
overthrowing,1
jibe,1
privately,1
generous,1
cross,1
embarked,1
plunging,1
commitment,1
facto,1
baneful,1
mercial,1
peaceful,1
culminated,1
sported,1
college,1
heights,1
revolutionary,1
claymores,1
busy,1
pervaded,1
dissolution,1
resided,1
branches,1
succession,1
celebrate,1
notably,1
originate,1
sphere,1
per,1
heath,1
connect,1
needed,1
achievements,1
factories,1
unsatisfactory,1
anglicised,1
charles,1
archbishop,1
myth,1
trobe,1
tend,1
mankind,1
insertion,1
advised,1
conducting,1
lochaber,1
sheffield,1
join,1
tinsel,1
competitions,1
formed,1
informative,1
cherished,1
motto,1
evocative,1
federal,1
sudden,1
expenditure,1
reassured,1
naas,1
competence,1
respectability,1
effectual,1
censure,1
ondary,1
socialists,1
theatre,1
declarations,1
devices,1
bubble,1
organic,1
tween,1
encourage,1
occurred,1
ambitious,1
rodger,1
lowlands,1
edu,1
bard,1
proliferating,1
eye,1
variety,1
lib,1
source,1
controlled,1
cottage,1
fearful,1
turning,1
themes,1
buchan,1
experience,1
anti,1
being,1
anything,1
picturesque,1
aside,1
australia,1
please,1
lieutenancies,1
specifically,1
sybil,1
localities,1
human,1
trustee,1
exclusive,1
curling,1
attempts,1
rested,1
military,1
summarized,1
feeling,1
anomalies,1
spencer,1
chivalrous,1
progression,1
capitalists,1
xcix,1
promoting,1
degree,1
hassocks,1
official,1
seems,1
nature,1
heated,1
thus,1
company,1
immense,1
shaped,1
knowing,1
packed,1
divorce,1
professions,1
manliness,1
advantage,1
assertion,1
accompanied,1
ruffian,1
tittle,1
dismayed,1
astonishingly,1
tural,1
thank,1
confirming,1
agitate,1
resuscitate,1
emotion,1
disgust,1
roused,1
live,1
sovereigns,1
reveal,1
aspira,1
composition,1
trative,1
wore,1
clan,1
carnegie,1
survey,1
ambition,1
lairds,1
murray,1
stand,1
keith,1
burnett,1
raised,1
doc,1
reserved,1
wolfe,1
diversify,1
discipline,1
checked,1
dd,1
injudicious,1
latrobe,1
daniel,1
ad,1
proposals,1
sporadic,1
tribune,1
case,1
voting,1
gastric,1
globe,1
takes,1
occasional,1
narrower,1
ascribed,1
staunch,1
escort,1
dr,1
indebtedness,1
attacked,1
manifesto,1
jenkins,1
money,1
advice,1
mass,1
nology,1
america,1
inspira,1
discuss,1
cxn,1
exception,1
retain,1
stereotype,1
endorsing,1
commencement,1
opened,1
felt,1
capable,1
possible,1
determined,1
scenes,1
delivering,1
flair,1
associ,1
withdrawal,1
paucity,1
moderation,1
reaction,1
functions,1
taxation,1
obvious,1
marischal,1
mental,1
besom,1
combination,1
say,1
except,1
vocacy,1
trevor,1
x,1
intelligent,1
grandiose,1
sent,1
cited,1
imposts,1
dynamic,1
anticipated,1
constrained,1
juvenile,1
himself,1
awaits,1
glenlyon,1
quixote,1
audience,1
collection,1
diversity,1
encroachments,1
mid,1
theforgotten,1
extinct,1
otherwise,1
ineluctably,1
andrew,1
iron,1
throughout,1
pallid,1
silent,1
married,1
merchants,1
montreal,1
tician,1
accountable,1
reject,1
ferred,1
riot,1
conversion,1
due,1
millennium,1
offing,1
pursuit,1
helen,1
unpublished,1
personalities,1
maintenance,1
forgotten,1
campaigned,1
ability,1
adopted,1
raises,1
objection,1
clined,1
predicament,1
issued,1
participating,1
uniformity,1
secretaryships,1
advertiser,1
employing,1
supremacy,1
overawe,1
affairs,1
espoused,1
funds,1
attracting,1
progressive,1
initiate,1
occasioned,1
distinct,1
ct,1
ation,1
rejecting,1
lax,1
amount,1
subjects,1
legis,1
differently,1
body,1
withdraw,1
response,1
attested,1
panorama,1
restrict,1
houses,1
elicit,1
young,1
repress,1
attests,1
languishing,1
clock,1
profit,1
ladies,1
blue,1
ioi,1
memoir,1
bennett,1
critique,1
sary,1
tones,1
convictions,1
strengthening,1
departed,1
messages,1
revelry,1
bills,1
commanding,1
coal,1
master,1
titions,1
denominations,1
unionisms,1
kept,1
promised,1
lyon,1
rejoice,1
aim,1
affiliations,1
loyal,1
surprisingly,1
offices,1
isjg,1
communities,1
sixteen,1
cluding,1
suppressing,1
downgraded,1
hero,1
decentraliza,1
disparaged,1
commissioners,1
adequate,1
york,1
town,1
joshua,1
spectable,1
bulldn,1
predicted,1
dependants,1
erals,1
rather,1
tolson,1
statements,1
bring,1
mattered,1
sessions,1
adds,1
respectful,1
obtained,1
faults,1
proceedings,1
nonsense,1
fetter,1
sort,1
buckle,1
en,1
biggest,1
levels,1
levee,1
lieutenancy,1
temperately,1
mean,1
fasque,1
active,1
profusion,1
deprecated,1
protectionist,1
legal,1
ex,1
similar,1
nicoll,1
certain,1
viewed,1
sacrificed,1
electorate,1
tan,1
pages,1
spectators,1
lacking,1
enabled,1
magnates,1
lay,1
gentlemanly,1
govern,1
chivalric,1
wasteful,1
dismiss,1
front,1
biographer,1
absorbed,1
replete,1
fantasy,1
harmed,1
reason,1
references,1
pernicious,1
enliven,1
lavished,1
win,1
scourge,1
wanted,1
servants,1
metropolis,1
objects,1
organization,1
sorts,1
dyck,1
statistical,1
established,1
claims,1
familiar,1
benefits,1
uninformative,1
imposed,1
holyrood,1
incubus,1
tention,1
abuses,1
linked,1
reformer,1
under,1
privileges,1
threatening,1
days,1
former,1
thirty,1
receiving,1
promotion,1
desirability,1
contemporaries,1
differs,1
incorrectly,1
solid,1
advancing,1
umbrella,1
influ,1
agricultural,1
ministers,1
initiative,1
fashioned,1
bridges,1
origins,1
powerful,1
poor,1
isolation,1
surmise,1
trifles,1
probe,1
cost,1
monarch,1
liarly,1
requires,1
galway,1
terminology,1
hereafter,1
judicial,1
instance,1
willing,1
chartist,1
zealous,1
monster,1
dominant,1
hetero,1
shields,1
faced,1
drawing,1
view,1
constitution,1
upsurge,1
sneer,1
assessments,1
bonnets,1
tunities,1
brockliss,1
hours,1
toulmin,1
episcopalians,1
opening,1
standards,1
devolved,1
came,1
lead,1
introduce,1
chris,1
iniquity,1
declined,1
heritages,1
fortunes,1
opposing,1
method,1
strength,1
houghton,1
richmond,1
attack,1
holding,1
coloured,1
hailing,1
treason,1
lived,1
changed,1
countenance,1
alive,1
selkirk,1
striven,1
events,1
overtures,1
aloof,1
priming,1
cxlix,1
unsubstantiated,1
brooks,1
fo,1
poetry,1
base,1
representative,1
forbid,1
reverence,1
courant,1
leisure,1
guardian,1
remedy,1
equally,1
occupation,1
vehicle,1
traced,1
equal,1
fireclay,1
blow,1
impeded,1
ecclesiastical,1
districts,1
envisaging,1
distillers,1
appears,1
scotsmen,1
recently,1
versed,1
reinforce,1
hailed,1
priorities,1
deliberations,1
tives,1
scale,1
tributors,1
woodbridge,1
anstruther,1
emulating,1
feudal,1
explain,1
gratifying,1
premise,1
triumph,1
surmised,1
benign,1
cornucopia,1
property,1
scene,1
governing,1
responsive,1
influenced,1
briefly,1
aspects,1
highlanders,1
lanarkshire,1
repealing,1
commitments,1
woes,1
colonies,1
basis,1
don,1
line,1
unutterable,1
deputation,1
predominantiy,1
ening,1
douglas,1
implement,1
vincent,1
evo,1
instituted,1
writers,1
preferred,1
nine,1
detestation,1
r,1
tided,1
bemused,1
significantly,1
heavily,1
advancement,1
amelioration,1
hereditary,1
apparent,1
calls,1
edn,1
proprietor,1
confined,1
sportsman,1
comment,1
feared,1
officio,1
ten,1
geology,1
sordid,1
nament,1
loss,1
literature,1
acceded,1
gave,1
outpouring,1
fit,1
unmasked,1
partly,1
icon,1
beginnings,1
drew,1
officers,1
densely,1
avowedly,1
friend,1
mise,1
demon,1
jockeys,1
rituals,1
noblest,1
et,1
music,1
forces,1
personal,1
plaids,1
corollary,1
institution,1
splendour,1
rector,1
oblige,1
astute,1
bulatory,1
resort,1
won,1
alan,1
presbyterian,1
currents,1
wheat,1
connections,1
puseyism,1
attributed,1
approach,1
dissolving,1
heartless,1
hungary,1
suffused,1
contests,1
good,1
tone,1
renounced,1
describing,1
level,1
sharper,1
constituent,1
responsibility,1
cold,1
grievance,1
administrator,1
revolution,1
wished,1
dictionary,1
coupled,1
poet,1
guardians,1
cer,1
electoral,1
imposition,1
emphasizes,1
sack,1
exclude,1
gothick,1
landlordism,1
sake,1
involved,1
long,1
around,1
inextricably,1
calling,1
portraying,1
began,1
sufficient,1
chorus,1
londonderry,1
concerns,1
ship,1
industry,1
acts,1
plunged,1
decentralization,1
manchester,1
met,1
climate,1
platform,1
ancestral,1
elective,1
belittled,1
closeness,1
jackson,1
oppor,1
core,1
spence,1
managed,1
futility,1
progress,1
st,1
doctrines,1
necessity,1
enthusi,1
minor,1
peculiarly,1
resistance,1
world,1
notes,1
choreographed,1
structured,1
regal,1
value,1
axes,1
rest,1
miserable,1
aboard,1
favoured,1
pamphleteers,1
objected,1
subsequently,1
survived,1
replacing,1
tea,1
will,1
afterlife,1
pittock,1
defended,1
culprits,1
frequendy,1
second,1
situation,1
io,1
hegemony,1
saluted,1
matter,1
nects,1
territorial,1
van,1
rome,1
bentinck,1
feudalism,1
rivalries,1
cherish,1
restoration,1
trines,1
interference,1
action,1
reminiscences,1
incorrect,1
spectacle,1
short,1
brian,1
launch,1
playground,1
burghs,1
bagpipe,1
play,1
tried,1
dressed,1
return,1
ened,1
forward,1
opposed,1
warner,1
beware,1
cared,1
object,1
april,1
convince,1
community,1
still,1
legislates,1
befitted,1
bill,1
railed,1
geneous,1
lockhart,1
collapsed,1
roads,1
cxxxix,1
reception,1
religious,1
trusteeship,1
monypenny,1
authoritarian,1
vie,1
flanagan,1
confronting,1
depicted,1
sweeping,1
kent,1
elapsed,1
criticism,1
yet,1
museum,1
violence,1
fair,1
hugh,1
arrangements,1
democrats,1
recommendation,1
happened,1
alongside,1
serve,1
soon,1
message,1
seeing,1
multitudes,1
trousers,1
roper,1
ne,1
us,1
thesis,1
index,1
arguments,1
tain,1
tax,1
earned,1
misses,1
assimilation,1
included,1
victories,1
lowland,1
informal,1
enced,1
callous,1
abandon,1
experimental,1
broad,1
unsullied,1
robust,1
upholder,1
belonging,1
conciliate,1
essai,1
containing,1
departing,1
ferment,1
reports,1
resented,1
attaching,1
councillors,1
increasingly,1
bar,1
assimilating,1
regional,1
transatlantic,1
stones,1
irishmen,1
mocked,1
longer,1
love,1
gentleman,1
au,1
entrepot,1
starting,1
leader,1
fire,1
successfully,1
plaided,1
tour,1
idea,1
conceal,1
neighbour,1
frederick,1
strike,1
fell,1
mark,1
nationalists,1
others,1
renewed,1
provost,1
put,1
campaigning,1
usually,1
belligerent,1
addition,1
financial,1
smith,1
emotions,1
outside,1
holiday,1
pointed,1
unionism,1
treatment,1
aldershot,1
areas,1
bourgeoisie,1
plan,1
denominational,1
agree,1
appeared,1
abstract,1
daily,1
mclaren,1
ballon,1
how,1
fallen,1
omitted,1
end,1
seize,1
arthur,1
donajgrodzki,1
impending,1
indulge,1
serious,1
toryism,1
legislation,1
enactment,1
forms,1
genealogy,1
readers,1
pump,1
hand,1
plate,1
paris,1
feted,1
journalists,1
corps,1
noblesse,1
model,1
unionists,1
cjl,1
existing,1
orthodoxy,1
ch,1
eton,1
celebrated,1
portrayal,1
renaissance,1
answer,1
strations,1
strategies,1
favourite,1
council,1
spoke,1
blind,1
appropriating,1
gaels,1
progressivism,1
robson,1
sec,1
books,1
cul,1
anglicized,1
threats,1
railways,1
remarkably,1
imputed,1
poli,1
remained,1
violent,1
another,1
organising,1
original,1
hogan,1
crown,1
recognizing,1
private,1
alec,1
greatest,1
lap,1
spending,1
extended,1
campaigns,1
churches,1
rulers,1
session,1
survive,1
intent,1
examples,1
caring,1
worsening,1
lambeth,1
chiefly,1
helps,1
repatriating,1
vexed,1
colours,1
alas,1
including,1
depended,1
looking,1
peelite,1
sufficiently,1
bequeathed,1
noblemen,1
faring,1
endeavour,1
antiquarianism,1
omit,1
batch,1
appalling,1
enduring,1
use,1
sturdy,1
unfortunately,1
sprig,1
virtually,1
obsessed,1
prominently,1
shorn,1
probability,1
evolution,1
exhibited,1
gazetteer,1
continue,1
merit,1
trust,1
exerted,1
kieran,1
check,1
chosen,1
raising,1
overlap,1
advantages,1
boyce,1
students,1
roberts,1
montgomerie,1
ties,1
open,1
significance,1
topographical,1
crises,1
corrupted,1
engender,1
provoked,1
royalty,1
transformation,1
moral,1
reality,1
directed,1
modem,1
adding,1
welcomed,1
racehorses,1
sensitivity,1
agreement,1
utter,1
approving,1
essay,1
peter,1
urge,1
evils,1
crisis,1
pride,1
defensive,1
divisions,1
admirer,1
someone,1
sliding,1
characterized,1
spread,1
features,1
engels,1
parlia,1
collected,1
lobbied,1
worthwhile,1
crafted,1
chancellor,1
keen,1
last,1
fancy,1
servatives,1
lose,1
ap,1
never,1
spent,1
class,1
ture,1
secretaries,1
legislatures,1
sentiment,1
labour,1
silly,1
commentators,1
promote,1
qualities,1
hungarian,1
lift,1
become,1
newcastle,1
land,1
cabinets,1
overcome,1
respectively,1
xvi,1
effect,1
sentiments,1
can,1
torians,1
enjoyed,1
structure,1
henry,1
enthusiasts,1
offensive,1
probably,1
capitalism,1
translate,1
cording,1
italy,1
yers,1
looked,1
robbins,1
bestowed,1
dreamt,1
voiced,1
lazy,1
haven,1
carapace,1
ballrooms,1
accounts,1
anomaly,1
cursus,1
behind,1
disgusted,1
clans,1
canterbury,1
widely,1
applies,1
deplored,1
attended,1
performing,1
consumed,1
republicans,1
ranging,1
farm,1
seized,1
indication,1
signs,1
assigned,1
modification,1
me,1
backward,1
declaration,1
note,1
she,1
independent,1
hostility,1
movements,1
assert,1
popularity,1
chance,1
five,1
gigantic,1
criminal,1
defenders,1
bound,1
ominously,1
tech,1
select,1
theories,1
manly,1
widespread,1
resumed,1
primarily,1
paternalists,1
independence,1
referred,1
lost,1
prowess,1
relations,1
wiebe,1
force,1
anachronism,1
polls,1
economists,1
lawrence,1
proposition,1
contemptible,1
remaining,1
originated,1
inadequate,1
sensual,1
anxious,1
memorable,1
responsible,1
tyrreu,1
analysis,1
cease,1
cxxxii,1
modernised,1
aspirations,1
fruitless,1
urged,1
fields,1
creatures,1
centuries,1
instances,1
itself,1
demotic,1
reputation,1
articles,1
princes,1
confessed,1
investigate,1
seat,1
attachment,1
dcl,1
evaluation,1
chests,1
sara,1
addressed,1
isaac,1
echoes,1
enigma,1
marshal,1
acquired,1
proof,1
suggestions,1
duncan,1
contained,1
callousness,1
roebuck,1
then,1
fifteen,1
coat,1
ioo,1
reliant,1
historian,1
terrible,1
believed,1
debarred,1
senior,1
excessalison,1
grounds,1
preface,1
habitual,1
conclusion,1
accordance,1
changing,1
tempting,1
pointless,1
biography,1
extending,1
autonomy,1
extensive,1
ever,1
reinforced,1
endowed,1
deferred,1
grandparent,1
barbarism,1
recognizable,1
seating,1
constructed,1
purveyor,1
membership,1
doi,1
ayr,1
disdain,1
here,1
sustained,1
clambering,1
alternative,1
quirement,1
bright,1
know,1
legislature,1
crowds,1
chided,1
adminis,1
conserva,1
introducing,1
jusdce,1
literary,1
budgetary,1
timents,1
rectified,1
walpole,1
seriously,1
connection,1
eastwood,1
setting,1
seem,1
board,1
winton,1
gorged,1
prominence,1
print,1
teenth,1
printed,1
championing,1
temper,1
surprised,1
presence,1
report,1
ratification,1
post,1
iii,1
golf,1
reimpose,1
lancaster,1
attractions,1
benefit,1
visits,1
useless,1
lampooning,1
differed,1
happiness,1
bundoora,1
closest,1
protect,1
distinguished,1
just,1
suddenly,1
possibility,1
merely,1
person,1
subordinate,1
gladstone,1
beginning,1
outlook,1
defend,1
born,1
compe,1
abstruse,1
recollections,1
commis,1
answered,1
notable,1
denouncing,1
carefully,1
reign,1
stability,1
list,1
ones,1
degenerate,1
derided,1
pertinent,1
preside,1
add,1
maintain,1
electors,1
attitudes,1
blandishments,1
mere,1
supplemented,1
consisting,1
appropriated,1
minded,1
bureaucratic,1
jacobins,1
protectors,1
huge,1
emporiums,1
precedent,1
generally,1
wanton,1
anna,1
episode,1
ideal,1
threat,1
port,1
repudiating,1
periodicals,1
remember,1
occasionally,1
son,1
circumstances,1
attentive,1
economist,1
code,1
connelps,1
multiple,1
peelites,1
staged,1
cl,1
introduced,1
thistle,1
resignation,1
astic,1
content,1
oppose,1
scoffed,1
ac,1
intended,1
impose,1
sitting,1
dismal,1
com,1
behest,1
duchy,1
merchant,1
manufacturing,1
clothing,1
expendi,1
sizeable,1
proselytized,1
memories,1
families,1
stevenson,1
credentials,1
celtic,1
exploit,1
ensuing,1
writing,1
chieftains,1
aspect,1
coming,1
ization,1
tions,1
remarks,1
come,1
pecu,1
question,1
necessarily,1
enthusiasm,1
devoted,1
moderate,1
soft,1
survival,1
instructive,1
lists,1
covenant,1
disappear,1
vacuous,1
pageantry,1
sufficed,1
initiated,1
utilitarianism,1
unwelcome,1
wielded,1
butt,1
charge,1
promoter,1
foundered,1
parallels,1
grinding,1
course,1
contributed,1
offer,1
deprecating,1
joined,1
lively,1
fered,1
statesman,1
define,1
houndmills,1
building,1
manufacture,1
incurable,1
cation,1
gwyn,1
reviving,1
endeavouring,1
objections,1
blameworthy,1
rout,1
increased,1
wellington,1
needs,1
moved,1
vi,1
colourfully,1
mure,1
thatcher,1
trigger,1
assumed,1
sen,1
representatives,1
regularity,1
desired,1
honorum,1
protested,1
elites,1
justify,1
supply,1
hills,1
landlords,1
succeeded,1
wellesley,1
views,1
undermined,1
death,1
entire,1
pat,1
images,1
immoral,1
north,1
famous,1
indistinguishable,1
command,1
virtue,1
broader,1
proponent,1
heartened,1
roles,1
race,1
brevity,1
lowlander,1
major,1
provosts,1
heterogeneous,1
