WORDCOUNTS,WEIGHT
the,505
of,468
and,399
in,366
a,229
to,211
servants,167
p,139
domestic,127
u,121
were,114
was,112
that,111
lancaster,111
service,91
as,91
for,84
s,71
history,70
c,68
employers,66
their,66
by,64
with,64
from,64
family,59
economic,59
this,57
is,54
it,53
households,50
i,50
not,50
household,50
between,48
had,45
pp,45
servant,45
or,44
her,44
m,43
one,41
be,40
women,37
home,37
been,37
social,36
these,36
society,32
have,32
on,32
j,30
an,30
cz,30
census,30
pooley,30
which,30
more,29
class,29
families,29
victorian,28
v,28
has,28
england,27
review,27
only,27
l,27
did,27
she,26
all,25
than,25
ed,25
employment,25
cn,25
per,24
relationships,24
they,23
but,23
who,23
cent,22
t,22
study,22
however,22
higgs,21
work,21
children,21
there,20
most,20
n,19
employed,19
roberts,19
e,18
r,18
also,18
female,18
individuals,18
life,18
urban,18
although,18
d,18
eds,17
almost,16
used,16
o,15
backgrounds,15
century,15
homes,15
davidoff,15
often,15
rochdale,15
both,15
at,14
if,14
are,14
late,14
other,14
new,14
b,14
employer,14
thus,13
mrs,13
public,13
up,13
oc,13
so,13
sian,13
when,13
rural,13
living,13
cambridge,13
evidence,13
early,13
studies,12
into,12
some,12
even,12
his,12
occupational,12
record,12
suggested,12
could,12
elizabeth,12
where,12
gender,12
made,12
general,12
young,12
them,12
such,11
networks,11
house,11
population,11
single,11
no,11
two,11
lee,11
oral,11
many,11
books,11
problem,11
h,10
being,10
those,10
within,10
lancashire,10
how,10
argued,10
own,10
areas,10
men,10
local,10
private,10
use,10
described,10
we,10
school,10
girls,10
born,10
extent,10
suggests,10
nineteenth,9
case,9
g,9
z,9
town,9
just,9
age,9
linkage,9
entering,9
perceived,9
same,9
three,9
relationship,9
enumerators,9
male,9
growing,9
wall,9
what,9
area,9
likely,8
first,8
married,8
since,8
sample,8
frequently,8
occupation,8
well,8
charity,8
et,8
status,8
ambleside,8
characteristics,8
research,8
through,8
under,8
management,8
al,8
woman,8
workers,8
structure,8
suggest,8
table,8
mother,8
migration,8
different,8
very,8
oo,8
years,8
national,8
child,7
total,7
sources,7
book,7
recorded,7
far,7
old,7
guardian,7
respondent,7
hereafter,7
out,7
shared,7
further,7
because,7
lr,7
aged,7
discourse,7
provided,7
gordon,7
tasks,7
contact,7
about,7
members,7
towns,7
occupations,7
personal,7
patterns,7
do,7
less,7
number,7
diverse,7
co,7
can,7
usually,7
lives,7
analysis,7
beeton,7
while,7
jan,7
conditions,7
interaction,7
english,6
source,6
daughters,6
skills,6
differences,6
nevertheless,6
conflict,6
back,6
whose,6
essential,6
similar,6
importance,6
white,6
moreover,6
friends,6
place,6
people,6
working,6
order,6
thistlethwaite,6
wife,6
geographical,6
girl,6
he,6
domination,6
q,6
published,6
time,6
nuclear,6
man,6
took,6
council,6
classes,6
significance,6
would,6
period,6
him,6
random,6
britain,6
education,6
rarely,6
butler,6
advertisements,6
cq,6
didn,6
wrigley,6
cook,6
among,6
migrated,5
decade,5
position,5
experience,5
worked,5
possible,5
nurse,5
historical,5
adopted,5
advertiser,5
lro,5
compared,5
journal,5
may,5
image,5
linked,5
four,5
whom,5
tadmor,5
cruze,5
skilled,5
relatives,5
data,5
london,5
related,5
middle,5
newspaper,5
stage,5
affluent,5
highly,5
resistance,5
using,5
f,5
second,5
power,5
letters,5
limited,5
experiences,5
longitudinal,5
opportunities,5
industrial,5
diary,5
majority,5
head,5
considerable,5
discussed,5
outside,5
strategies,5
perhaps,5
degree,5
week,5
upon,5
formal,5
engaged,5
mcbride,5
archive,5
recruitment,5
individual,5
preston,5
goffman,5
westmorland,5
independence,5
winstanley,5
any,5
known,5
parental,5
particularly,5
outrage,5
edwardian,5
economy,5
accounts,5
particular,5
attitudes,5
leaving,5
practical,5
little,5
cl,5
scott,5
demanding,5
qualitative,5
twentieth,5
armstrong,5
instead,5
crimes,5
given,5
roles,5
major,5
deference,4
elite,4
sphere,4
tosh,4
schools,4
authority,4
modern,4
petite,4
said,4
ii,4
seems,4
suggesting,4
help,4
precisely,4
mr,4
relations,4
context,4
british,4
asylums,4
felt,4
supply,4
x,4
familial,4
enter,4
interviews,4
demanded,4
silent,4
ridding,4
ct,4
mistress,4
bennett,4
sister,4
sisterhood,4
master,4
employ,4
rather,4
sort,4
earlier,4
support,4
holds,4
impact,4
mary,4
k,4
w,4
beyond,4
szreter,4
lived,4
demands,4
parenthood,4
wales,4
placed,4
victorians,4
future,4
got,4
couple,4
hidden,4
revolution,4
small,4
presence,4
paid,4
identified,4
july,4
above,4
illustrated,4
birthplace,4
name,4
harrison,4
similarly,4
bourgeoisie,4
banks,4
road,4
see,4
discussion,4
conn,4
office,4
maid,4
like,4
never,4
problems,4
article,4
methods,4
relation,4
saw,4
haven,4
professional,4
separate,4
directory,4
fewer,4
primarily,4
seen,4
wives,4
considered,4
branca,4
log,4
shop,4
june,4
terraced,4
housekeeper,4
heads,4
bulley,4
resident,4
size,4
role,4
think,4
shown,4
need,4
you,4
prosperity,4
gazette,4
themselves,4
ca,4
frequent,3
go,3
common,3
generated,3
tion,3
names,3
alone,3
linguistic,3
large,3
elementary,3
essays,3
stone,3
ways,3
before,3
gertrude,3
highlighted,3
burnett,3
every,3
certainly,3
interests,3
implications,3
available,3
laundry,3
great,3
boarders,3
hannah,3
take,3
half,3
last,3
emphasized,3
discipline,3
superficially,3
deferential,3
system,3
advice,3
hall,3
march,3
dichotomous,3
international,3
october,3
apart,3
minimum,3
cullwick,3
quality,3
illustrates,3
tables,3
ability,3
employing,3
haupt,3
self,3
marriage,3
six,3
houses,3
oxford,3
third,3
toil,3
influence,3
philanthropic,3
simultaneously,3
locality,3
without,3
portrayed,3
love,3
parents,3
granted,3
space,3
supposed,3
means,3
references,3
changes,3
tensions,3
tabulations,3
consider,3
elsewhere,3
meacham,3
isolation,3
instance,3
strategy,3
laslett,3
whereas,3
societies,3
fortunes,3
found,3
entered,3
nair,3
householders,3
none,3
grocer,3
equally,3
traced,3
meet,3
masculine,3
counties,3
taught,3
information,3
spheres,3
already,3
preferred,3
concept,3
part,3
emotional,3
year,3
tale,3
contains,3
away,3
surrounding,3
kendal,3
involved,3
manchester,3
widely,3
cycle,3
notes,3
periods,3
therefore,3
demand,3
indeed,3
community,3
make,3
hold,3
depicted,3
sex,3
included,3
morecambe,3
increasingly,3
foucault,3
useful,3
sometimes,3
punish,3
lack,3
turner,3
aug,3
dorothy,3
income,3
manuals,3
dec,3
verd,3
another,3
summers,3
father,3
range,3
lake,3
depended,3
strongly,3
contacts,3
herself,3
significant,3
diaries,3
intimacy,3
ties,3
lady,3
allowed,3
features,3
spent,3
wasn,3
educational,3
cs,3
labour,3
anderson,3
excluded,3
story,3
divides,3
relative,3
increasing,3
me,3
independent,3
continued,3
crucial,3
lost,3
centuries,3
worlds,3
fertility,3
then,3
must,3
constructed,3
each,3
vicinus,3
seem,3
best,3
nelly,3
argue,3
job,3
according,3
ebery,3
form,3
institute,3
divide,3
popular,3
john,3
circumstances,3
kin,3
despite,3
crossick,3
nov,3
birth,3
crisis,3
defined,3
attempted,3
specific,3
bern,3
divergent,3
north,3
daughter,3
close,3
perception,3
care,2
page,2
companionship,2
way,2
ulverston,2
will,2
adver,2
reay,2
bras,2
functional,2
separated,2
affected,2
submission,2
comparability,2
group,2
makeshifts,2
instructions,2
ma,2
ideals,2
necessarily,2
girouard,2
domes,2
siblings,2
adverts,2
nice,2
variety,2
oris,2
lower,2
based,2
humble,2
familiarity,2
barriers,2
long,2
localities,2
girlfriend,2
taken,2
actual,2
nature,2
mercury,2
parties,2
containing,2
newby,2
broken,2
daily,2
potentially,2
liverpool,2
studied,2
recruit,2
dealer,2
link,2
beds,2
illegitimacy,2
turnbull,2
written,2
tisements,2
date,2
dismissed,2
midgley,2
similarities,2
con,2
eastern,2
king,2
money,2
iv,2
sexual,2
recruiting,2
vol,2
marked,2
sixteenth,2
strand,2
mutual,2
west,2
microhistories,2
desirable,2
negotiation,2
undoubtedly,2
promises,2
tlo,2
prevented,2
gardner,2
localized,2
hudson,2
regarding,2
boyfriend,2
warde,2
difficulties,2
development,2
bent,2
bridging,2
characteristic,2
relatively,2
gendered,2
raises,2
keele,2
treasure,2
maintaining,2
times,2
amount,2
compulsory,2
moving,2
drawn,2
communication,2
apparently,2
stanley,2
cookery,2
ment,2
poverty,2
perfect,2
van,2
higher,2
ers,2
poor,2
york,2
barret,2
identification,2
birthplaces,2
exact,2
growth,2
district,2
square,2
unit,2
antagonistic,2
presentation,2
incidence,2
active,2
proportion,2
certain,2
worker,2
generating,2
distant,2
parlour,2
perceptions,2
affect,2
ensure,2
wages,2
wanted,2
section,2
edition,2
numbers,2
welfare,2
too,2
unavoidable,2
communities,2
origins,2
organisation,2
notions,2
undertaken,2
western,2
prochaska,2
dependency,2
greater,2
behaviour,2
muldrew,2
expressed,2
uses,2
birkenhead,2
distribution,2
identifying,2
migrant,2
called,2
doolittle,2
stereotype,2
companion,2
kinship,2
furthermore,2
library,2
transactions,2
cultural,2
equal,2
hosgood,2
symbols,2
persons,2
your,2
wide,2
adolescent,2
masculinity,2
kitchen,2
having,2
keeping,2
cowlard,2
unequal,2
shopkeepers,2
received,2
competent,2
alien,2
kok,2
cleaning,2
edn,2
positions,2
realm,2
horn,2
issues,2
records,2
actually,2
marital,2
structures,2
twig,2
focuses,2
bud,2
member,2
rise,2
anything,2
walton,2
jemima,2
unmarried,2
analysed,2
good,2
change,2
least,2
successful,2
describing,2
pearsall,2
things,2
hired,2
lawton,2
contrast,2
desires,2
few,2
pregnant,2
ship,2
county,2
andyorkshire,2
press,2
fuchs,2
situation,2
reduced,2
exeter,2
fink,2
absence,2
inadequacy,2
separation,2
acknowledged,2
brief,2
coleman,2
april,2
positive,2
misuse,2
reference,2
worm,2
assistants,2
thought,2
official,2
marshall,2
informal,2
culture,2
friendship,2
tic,2
largest,2
hammerton,2
baby,2
nuisance,2
doherty,2
street,2
shops,2
visitor,2
holden,2
law,2
business,2
childhood,2
again,2
washed,2
death,2
put,2
addition,2
experienced,2
smith,2
husbandry,2
georgian,2
housemaidl,2
pair,2
xii,2
powerless,2
striking,2
frost,2
choice,2
end,2
overwhelmingly,2
contemporary,2
golden,2
question,2
ages,2
leisured,2
present,2
continuing,2
coincided,2
duties,2
necessary,2
native,2
miner,2
day,2
break,2
washerwoman,2
gloves,2
greatest,2
situated,2
extended,2
background,2
eighteenth,2
encouraged,2
entirely,2
largely,2
assumption,2
shopping,2
engaging,2
submitted,2
yorkshire,2
ibid,2
philanthropy,2
finally,2
rowntree,2
clear,2
reality,2
dominated,2
gillis,2
started,2
lifestyles,2
played,2
stages,2
accurate,2
after,2
municipal,2
migrants,2
barrow,2
geographers,2
teach,2
maidl,2
vickery,2
visit,2
milton,2
today,2
science,2
five,2
outsiders,2
naturally,2
ideology,2
bulletin,2
accepted,2
transformed,2
detailed,2
imperialism,2
originated,2
rapidly,2
literacy,2
responsible,2
expectations,2
surprising,2
get,2
itself,2
kussmaul,2
problematic,2
unacceptable,2
hendrick,2
quantitative,2
contained,2
berkner,2
lessons,2
mentioned,2
mercantile,2
manual,2
monasteries,2
simply,2
broom,2
alternative,2
wider,2
rappaport,2
set,2
country,2
poppel,2
farrel,2
report,2
iii,2
impossible,2
retired,2
reflected,2
schofield,2
past,2
works,2
type,2
merely,2
respect,2
following,2
widowed,2
circles,2
unique,2
terms,2
making,2
involvement,2
nearby,2
agricultural,2
extract,2
influenced,2
don,2
travel,2
smq,2
develop,2
techniques,2
com,2
moch,2
pa,2
world,2
maintained,2
diverged,2
tions,2
cruelty,2
come,2
lone,2
tell,2
differentiation,2
kid,2
similarity,2
donald,2
mistresses,2
aware,2
include,2
cooper,2
define,2
sexuality,2
willoughby,2
classification,2
needs,2
am,2
offered,2
supported,2
potential,2
ser,2
thing,2
point,2
obligation,2
enterprise,2
create,2
substantial,2
gulf,2
eldest,2
much,2
should,2
asked,2
termed,2
gentility,1
adulthood,1
difficult,1
housekeeping,1
now,1
tomkins,1
thwarted,1
currently,1
peel,1
deny,1
waited,1
liminal,1
conflicting,1
declared,1
popula,1
later,1
implying,1
groups,1
till,1
concern,1
truth,1
defining,1
market,1
widening,1
reconsidered,1
confectioner,1
college,1
trans,1
busy,1
associated,1
view,1
considerably,1
totally,1
bugger,1
cfj,1
federation,1
notably,1
tli,1
reflection,1
american,1
complex,1
replaced,1
factories,1
drudge,1
kinds,1
middleand,1
provisions,1
effective,1
elaborated,1
certificates,1
manufac,1
identify,1
picked,1
linkages,1
formed,1
live,1
openness,1
confines,1
uniquely,1
true,1
done,1
respectability,1
ms,1
former,1
reasonably,1
enmeshed,1
description,1
unlike,1
chucked,1
malden,1
garsington,1
eye,1
princeton,1
amongst,1
my,1
themes,1
negative,1
warehouse,1
painful,1
synonymous,1
sit,1
explaining,1
www,1
cv,1
acculturating,1
ertheless,1
modest,1
titles,1
letting,1
andtomkins,1
production,1
exclusive,1
hood,1
attempts,1
eilidh,1
concentrated,1
contrasted,1
undermining,1
hire,1
season,1
affordable,1
weekend,1
ourselves,1
youngest,1
definition,1
textiles,1
leading,1
zi,1
advantage,1
alphabetical,1
assertion,1
terminate,1
desire,1
reasons,1
thank,1
faces,1
timing,1
normative,1
inherent,1
able,1
respondents,1
ences,1
hundred,1
reveal,1
ol,1
resulting,1
vices,1
farmer,1
uniforms,1
search,1
conjugal,1
demonstrator,1
hargreaves,1
cheshire,1
blackwell,1
secondly,1
industrialisation,1
staff,1
ambiguous,1
welsh,1
focus,1
behind,1
historv,1
univ,1
forthcoming,1
east,1
debasing,1
unaware,1
inca,1
amplified,1
demography,1
cu,1
account,1
prior,1
recommended,1
implies,1
recommendations,1
tracing,1
cap,1
characterize,1
slight,1
wealthier,1
accommodation,1
lies,1
etc,1
reaction,1
insight,1
dinner,1
obvious,1
arenas,1
carpenters,1
taking,1
mental,1
peripatetic,1
pairs,1
resources,1
utmost,1
cited,1
outings,1
apply,1
reconstruction,1
dirty,1
against,1
letter,1
analyse,1
separating,1
diversity,1
exist,1
central,1
million,1
advertisers,1
weekday,1
fit,1
regularly,1
widened,1
spectrum,1
mendations,1
brought,1
sociability,1
inevitable,1
due,1
visited,1
intensifying,1
nanny,1
hierarchy,1
unpublished,1
neighbours,1
lb,1
vants,1
basingstoke,1
regarded,1
settlements,1
mixed,1
mutable,1
veneer,1
heightened,1
eastanglia,1
dozen,1
insisted,1
lan,1
pay,1
asymmetrical,1
held,1
kind,1
turn,1
retailing,1
cases,1
inserted,1
distinct,1
elements,1
immigrants,1
reluctance,1
moti,1
refer,1
convincing,1
profound,1
midlands,1
http,1
agency,1
served,1
allowing,1
frnnom,1
left,1
twice,1
clock,1
publications,1
compare,1
etiquette,1
explore,1
obscure,1
practically,1
lf,1
details,1
tentatively,1
helping,1
nuanced,1
unskilled,1
glad,1
insupportable,1
walls,1
mechanisms,1
assessed,1
via,1
profoundly,1
blarrington,1
colin,1
manipulated,1
evaluates,1
boroughs,1
lt,1
autobiographies,1
predicted,1
testimony,1
purely,1
lucy,1
performance,1
aimed,1
main,1
developed,1
stressful,1
declaring,1
watch,1
llz,1
basic,1
influential,1
vacancies,1
longest,1
patronage,1
coastal,1
process,1
unanimously,1
suffer,1
risk,1
forwards,1
legal,1
flexible,1
connected,1
unpaid,1
polarized,1
leave,1
hamer,1
advan,1
perma,1
ix,1
assuming,1
illa,1
matched,1
lay,1
tance,1
metres,1
howe,1
troublesome,1
transcript,1
reason,1
modified,1
understand,1
category,1
brunswick,1
wagon,1
conscious,1
facilitated,1
marks,1
university,1
locally,1
dichotomy,1
entry,1
fast,1
physically,1
retained,1
continuity,1
vations,1
bit,1
days,1
ignorance,1
quarters,1
prevent,1
solid,1
xi,1
eclecticism,1
valued,1
commented,1
gloucester,1
textile,1
encouragement,1
derby,1
unsuitable,1
followed,1
cotton,1
transcripts,1
always,1
ionship,1
oppression,1
consciousnesses,1
utah,1
schooling,1
willing,1
coercive,1
internal,1
rlr,1
helped,1
bb,1
providers,1
motiva,1
preference,1
indistinct,1
commentators,1
footnote,1
widow,1
appear,1
grange,1
sixties,1
perceive,1
conflicts,1
uv,1
accom,1
result,1
homosociality,1
closely,1
came,1
pastoral,1
attentions,1
herald,1
lead,1
contravened,1
arrival,1
bearing,1
medicine,1
train,1
resonate,1
strength,1
cli,1
adhered,1
stigmatized,1
gauge,1
facilitate,1
impermanence,1
expecta,1
initial,1
featured,1
imper,1
representative,1
unthinkable,1
acquiring,1
academic,1
manuala,1
intervening,1
ranking,1
focused,1
war,1
hinterland,1
career,1
housekeepers,1
bore,1
residential,1
younger,1
grounds,1
woodbridge,1
absolute,1
cis,1
required,1
facilities,1
overwhelmed,1
oh,1
weren,1
possibility,1
criteria,1
expensive,1
transcription,1
undermined,1
feminine,1
exert,1
directly,1
network,1
invisible,1
minute,1
mandatory,1
ceptible,1
planning,1
emphasis,1
stiff,1
clean,1
imagined,1
sciousnesses,1
prominent,1
tage,1
occupants,1
dominance,1
training,1
example,1
proportions,1
knowledge,1
clearer,1
confined,1
interna,1
curtains,1
its,1
revealed,1
transferred,1
sordid,1
securing,1
miningand,1
whole,1
literature,1
nu,1
uc,1
gave,1
exploitation,1
superiors,1
older,1
intermediate,1
during,1
partly,1
collective,1
alright,1
centred,1
risks,1
burman,1
call,1
sherratt,1
cld,1
contentious,1
weekly,1
resort,1
universally,1
connections,1
litter,1
contradictions,1
encounters,1
either,1
subtle,1
responses,1
whilst,1
esteem,1
normally,1
indicator,1
hard,1
respon,1
sweep,1
regardless,1
inevi,1
distances,1
theoretically,1
straight,1
dictionary,1
indicators,1
trading,1
next,1
clothes,1
specifically,1
around,1
laboured,1
sole,1
several,1
consensus,1
gradations,1
altered,1
sisters,1
nineteenthand,1
supposedly,1
prerogative,1
rates,1
registry,1
decline,1
limbo,1
rpv,1
boundaries,1
differing,1
tended,1
methodological,1
occasions,1
annual,1
visible,1
generally,1
richness,1
st,1
os,1
bn,1
concurred,1
filling,1
describes,1
cj,1
inquiries,1
prizes,1
grateful,1
moved,1
hypocrisy,1
rest,1
truancy,1
activities,1
impor,1
garrett,1
content,1
subsequently,1
modernisation,1
domesticity,1
south,1
tea,1
industries,1
threatened,1
dalton,1
sons,1
farm,1
outsider,1
lit,1
condemnation,1
matter,1
ingredients,1
pable,1
audi,1
populations,1
overlapped,1
glasgow,1
wrote,1
barrows,1
enjoyable,1
motivations,1
overall,1
huddleston,1
subversive,1
subject,1
minority,1
tonight,1
impose,1
cullen,1
constraints,1
suburban,1
gaining,1
housework,1
boss,1
still,1
violates,1
garden,1
labourer,1
managerial,1
railway,1
motive,1
perennial,1
unfamiliar,1
tends,1
niques,1
measure,1
nev,1
draper,1
scarcity,1
indus,1
relied,1
yet,1
interpretation,1
violence,1
examined,1
paradox,1
emigrants,1
counterparts,1
wearing,1
paradoxes,1
formally,1
chronology,1
challenged,1
childcare,1
neither,1
thesis,1
bo,1
hadn,1
participants,1
apron,1
ci,1
perspectives,1
light,1
complete,1
shock,1
teaching,1
performed,1
sharply,1
um,1
window,1
otherness,1
retically,1
unusually,1
noted,1
innate,1
regional,1
avoided,1
declining,1
blacksmith,1
party,1
enquiry,1
fire,1
wohl,1
temporarily,1
spaper,1
dichotomies,1
journey,1
bring,1
others,1
europe,1
responsibilities,1
outlooks,1
financial,1
furness,1
childrena,1
fact,1
towards,1
explores,1
overwhelming,1
scholars,1
response,1
abilities,1
disordered,1
courtship,1
appeared,1
documents,1
regulation,1
clerks,1
housemaid,1
pretty,1
insular,1
unclassified,1
isolate,1
associates,1
farming,1
stop,1
state,1
everything,1
substantially,1
variation,1
econonic,1
lq,1
seldom,1
reflect,1
conclusions,1
hand,1
prescriptive,1
everyday,1
paris,1
ground,1
centre,1
model,1
creature,1
linoleum,1
occupied,1
existing,1
postal,1
relevant,1
jobs,1
suburb,1
iiia,1
iib,1
practice,1
agencies,1
inevitably,1
belief,1
ignoring,1
distance,1
hiqtorv,1
explicitly,1
free,1
mill,1
tb,1
fluidity,1
remained,1
simon,1
credit,1
entirety,1
understanding,1
ignored,1
vast,1
dissimilar,1
knew,1
success,1
treated,1
completed,1
values,1
vexed,1
fictional,1
genealogical,1
neigh,1
borough,1
individuality,1
identity,1
aims,1
empirical,1
food,1
affection,1
whyte,1
moulded,1
morality,1
pleasure,1
denied,1
conflicted,1
lifestyle,1
hour,1
ln,1
full,1
previous,1
improvements,1
stayed,1
unwanted,1
bedroom,1
initiatives,1
theoretical,1
netherlands,1
involves,1
pattern,1
insurmountable,1
rejected,1
trade,1
low,1
open,1
crises,1
meanings,1
moral,1
tional,1
genderand,1
bracket,1
dents,1
resorts,1
keep,1
architectural,1
divisions,1
threw,1
revised,1
geographically,1
unpub,1
caster,1
function,1
parts,1
creating,1
wealthiest,1
high,1
lonsdale,1
stresses,1
lie,1
kept,1
anyone,1
interacted,1
keeper,1
tributing,1
standard,1
sally,1
construct,1
delap,1
dialogue,1
why,1
societv,1
especially,1
interviewed,1
employees,1
miles,1
occupa,1
newspapers,1
constructing,1
become,1
narrow,1
ornaments,1
interpretations,1
overcome,1
tactics,1
exactly,1
nationally,1
influences,1
january,1
concepts,1
claiming,1
femininity,1
artisans,1
probably,1
blood,1
northern,1
attracted,1
figures,1
macmillan,1
theo,1
engagement,1
attend,1
attention,1
isolating,1
convincingly,1
concluded,1
stereotypes,1
justice,1
attended,1
carpet,1
ranging,1
european,1
wage,1
indication,1
fifty,1
topography,1
lo,1
groupings,1
entail,1
cumbria,1
backward,1
responsiveness,1
scared,1
publishing,1
permeability,1
bake,1
provide,1
floud,1
movements,1
neighbour,1
popularity,1
berated,1
bj,1
tech,1
begin,1
ordinary,1
iles,1
referred,1
antagonism,1
army,1
un,1
began,1
returned,1
overlap,1
inadequate,1
paradoxical,1
paraphernalia,1
try,1
indicate,1
linking,1
articles,1
neighbourhood,1
arts,1
hierarchical,1
awelsh,1
fall,1
superintendence,1
stratified,1
charlottesville,1
subdivided,1
months,1
unusual,1
middlesex,1
meant,1
directories,1
entertain,1
unrecoverable,1
acquired,1
environment,1
share,1
victoria,1
constant,1
indeterminate,1
prohibited,1
ici,1
series,1
version,1
ism,1
extending,1
extensive,1
ever,1
scarcely,1
determinants,1
reinforced,1
bedrooms,1
theme,1
neighbouring,1
bours,1
houndsmills,1
doi,1
equipment,1
patients,1
householdsa,1
posh,1
know,1
expec,1
lz,1
dimension,1
ran,1
over,1
vy,1
tj,1
control,1
econonmic,1
metaphorically,1
quarrels,1
misst,1
iiib,1
specialized,1
sizes,1
nent,1
referees,1
unknown,1
deprivation,1
down,1
epitomized,1
wealthy,1
task,1
constructions,1
visiting,1
returns,1
nightdress,1
widespread,1
carlisle,1
brothers,1
clearly,1
contradictory,1
speculation,1
sustaining,1
junior,1
benefit,1
revioew,1
associations,1
iron,1
identities,1
going,1
find,1
closest,1
special,1
fellow,1
dehumanized,1
advances,1
ideally,1
better,1
person,1
turned,1
feminist,1
consisted,1
beginning,1
william,1
thanked,1
enforces,1
experi,1
inmates,1
motivating,1
nominal,1
transitory,1
combined,1
bristol,1
idem,1
evenings,1
whether,1
cooking,1
supports,1
sociology,1
westminster,1
maintain,1
passed,1
defiling,1
protective,1
turers,1
distancing,1
complain,1
mama,1
awarded,1
assump,1
ideal,1
contain,1
tear,1
port,1
categories,1
windermere,1
strain,1
periodicals,1
kn,1
conference,1
burden,1
merseyside,1
bought,1
level,1
org,1
son,1
digitized,1
code,1
multiple,1
ill,1
peace,1
preferable,1
andwales,1
became,1
epitome,1
interdisciplinary,1
stairs,1
commonly,1
recom,1
respectable,1
adjoining,1
assumptions,1
went,1
sixpence,1
rationale,1
sion,1
encounter,1
contribute,1
challenges,1
isolated,1
dispensed,1
representation,1
compan,1
gain,1
aspect,1
coming,1
modation,1
rewarding,1
complaints,1
our,1
luxurious,1
bdkf,1
superseded,1
formation,1
understandings,1
spring,1
survival,1
remittance,1
difference,1
ence,1
trusted,1
average,1
initiated,1
maidservant,1
decrease,1
disassociation,1
institutional,1
harassment,1
aristocratic,1
unbridgeable,1
ztnrv,1
similari,1
register,1
course,1
contributed,1
offer,1
usa,1
magazine,1
opinions,1
staying,1
zo,1
soulsby,1
glass,1
exceeding,1
france,1
off,1
organ,1
parkinson,1
transcending,1
permeable,1
saturday,1
association,1
ships,1
requesting,1
scarcer,1
anonymous,1
tations,1
vi,1
tz,1
territories,1
news,1
submis,1
familysearch,1
assumed,1
munities,1
combination,1
hotel,1
johnson,1
chicago,1
econontic,1
contrasting,1
debate,1
potatoes,1
texts,1
cohesive,1
firstly,1
exclusively,1
plexity,1
characters,1
participant,1
corn,1
annuitant,1
strong,1
uk,1
prison,1
resist,1
arnold,1
unpopularity,1
meeting,1
doing,1
conversations,1
built,1
