WORDCOUNTS,WEIGHT
the,1222
of,726
and,491
in,372
energy,229
to,223
a,219
for,203
economic,192
countries,145
latin,142
is,131
history,109
per,108
consumption,105
america,104
from,104
by,102
that,99
it,96
de,96
was,95
as,94
s,86
on,80
this,75
coal,66
with,65
cent,62
data,60
were,60
be,58
at,57
american,57
chile,56
are,53
us,52
not,52
trade,50
mexico,50
an,49
argentina,49
but,48
i,47
review,46
these,46
world,45
growth,44
new,44
sources,43
more,43
brazil,43
modern,42
first,42
society,42
pp,42
between,42
which,41
y,40
petroleum,40
estimates,39
capita,38
years,38
el,37
colombia,37
peru,36
m,36
country,36
o,35
economies,35
uruguay,35
their,34
statistics,34
c,34
region,33
modernization,33
than,32
only,32
rubio,31
g,30
estadística,30
most,30
oil,30
panama,30
no,29
or,29
caribbean,29
general,28
development,27
main,27
p,27
other,27
see,27
period,27
cuba,27
d,27
col,27
production,26
its,26
also,26
economy,26
costa,25
ecuador,25
had,25
used,25
la,25
united,25
all,24
j,24
industrial,24
rica,24
series,24
have,24
nations,23
venezuela,23
been,23
total,22
some,22
can,22
uk,22
haiti,22
nicaragua,21
e,21
tonnes,21
output,21
levels,21
dominican,21
et,21
exports,21
comercio,21
imported,20
honduras,20
war,20
various,20
guatemala,20
al,20
made,20
use,20
salvador,20
article,20
available,19
statistical,19
apparent,19
small,19
exterior,19
figure,19
table,19
very,19
h,18
into,18
origin,18
r,18
imports,18
time,18
we,18
historical,18
republic,18
n,17
during,17
over,17
did,17
one,16
case,16
possible,16
century,16
bolivia,16
year,16
level,16
figures,16
foreign,16
later,15
they,15
central,15
t,15
contrast,15
products,15
relationship,15
our,15
energies,15
correlation,14
germany,14
dirección,14
there,14
british,14
tab,14
has,14
such,14
w,14
economics,14
work,14
both,14
revolution,14
f,14
same,14
department,14
en,14
average,14
although,14
differences,13
anuario,13
l,13
del,13
commerce,13
two,13
according,13
national,13
since,12
cases,12
even,12
york,12
annual,12
provided,12
fact,12
wrigley,12
domestic,12
section,12
while,12
early,12
much,12
mostly,11
rate,11
group,11
before,11
consumed,11
accuracy,11
estimate,11
may,11
could,11
international,11
role,11
whole,11
read,11
published,11
guiana,11
hydroelectricity,11
after,11
different,11
territories,11
if,10
organic,10
aduanas,10
source,10
ecla,10
west,10
his,10
produced,10
literature,10
q,10
order,10
few,10
therefore,10
cipolla,10
paraguay,10
power,10
gdp,10
especially,10
half,10
almost,10
reported,10
evidence,10
comparable,10
importing,9
ii,9
those,9
fossil,9
canal,9
estadístico,9
suppliers,9
progress,9
absence,9
about,9
indies,9
less,9
number,9
difference,9
three,9
would,9
provide,9
when,9
any,9
oo,9
folchi,9
among,9
large,8
studies,8
position,8
survey,8
dutch,8
x,8
resources,8
poor,8
fuels,8
process,8
b,8
impact,8
markets,8
however,8
exporters,8
indicator,8
indicators,8
quite,8
up,8
maddison,8
activities,8
proxy,8
jamaica,8
french,8
latina,8
v,8
puerto,8
range,8
ibid,8
nevertheless,8
clear,8
spain,8
rico,8
vol,8
each,8
commission,8
little,8
yearly,8
shown,8
commercial,8
increase,8
being,7
mumford,7
trinidad,7
seems,7
together,7
partners,7
tobago,7
thorp,7
consumers,7
journal,7
look,7
rates,7
importers,7
performance,7
how,7
study,7
view,7
found,7
fuel,7
well,7
already,7
change,7
results,7
rest,7
positive,7
patterns,7
hand,7
present,7
where,7
degree,7
low,7
times,7
so,7
hacienda,7
detail,7
américa,7
report,7
what,7
terms,7
accounts,7
comparison,7
bunkering,7
given,7
traditional,7
strong,7
way,6
negative,6
xx,6
within,6
méxico,6
human,6
regarding,6
amount,6
find,6
sum,6
beyond,6
greater,6
societies,6
further,6
ranking,6
absolute,6
wide,6
none,6
energía,6
regional,6
gap,6
below,6
productivity,6
using,6
he,6
overall,6
comparative,6
supplier,6
yet,6
makes,6
historia,6
included,6
home,6
largest,6
fell,6
forms,6
income,6
above,6
railways,6
including,6
office,6
amounts,6
last,6
relative,6
sugar,6
five,6
santiago,6
cols,6
alternative,6
paper,6
just,6
better,6
them,6
namely,6
information,6
divided,6
colonial,6
twentieth,6
does,5
former,5
decade,5
tafunell,5
long,5
supplied,5
book,5
except,5
far,5
thus,5
higher,5
hofman,5
across,5
opportunity,5
similar,5
fabra,5
support,5
clearly,5
contrary,5
important,5
decades,5
raw,5
out,5
barbados,5
population,5
enjoyed,5
departamento,5
because,5
network,5
example,5
destination,5
crédito,5
own,5
causal,5
especial,5
spanish,5
industry,5
research,5
fully,5
notes,5
reduced,5
materials,5
limited,5
gnp,5
still,5
make,5
railway,5
opportunities,5
performed,5
reports,5
siglo,5
remained,5
público,5
upon,5
exporting,5
significant,5
net,5
evolution,5
trend,5
actual,5
recovery,5
obtained,5
andean,5
bermuda,5
construction,5
analysis,5
considered,5
nacional,5
darmstadter,5
yu,5
offers,5
here,5
económica,5
u,5
following,5
rep,5
idem,5
through,5
república,5
hydroelectric,5
universität,5
reveals,5
washington,5
finally,5
fiscal,5
smaller,5
integration,5
supply,5
final,4
difficult,4
market,4
needed,4
globalization,4
essays,4
mexican,4
memoria,4
exhaustible,4
valparaíso,4
presents,4
monograph,4
railroads,4
real,4
yearbook,4
economía,4
existence,4
changed,4
point,4
bottom,4
exercises,4
throughout,4
relatively,4
consumer,4
kraft,4
minus,4
third,4
oxlad,4
played,4
without,4
rather,4
explicit,4
earlier,4
importance,4
í,4
inanimate,4
downward,4
plus,4
four,4
jevons,4
export,4
expressed,4
result,4
suffered,4
monitoring,4
poverty,4
nineteenth,4
applied,4
vo,4
basis,4
start,4
part,4
danish,4
desarrollo,4
issues,4
navegación,4
approach,4
macroeconomic,4
construct,4
working,4
stage,4
bertoni,4
sufficient,4
decline,4
managed,4
will,4
second,4
european,4
latinoamericano,4
carreras,4
registered,4
happened,4
others,4
added,4
consumo,4
totals,4
larger,4
electricity,4
accepted,4
eds,4
another,4
explanation,4
previously,4
montevideo,4
medium,4
previous,4
publication,4
covering,4
comercial,4
standard,4
provides,4
least,4
problems,4
mining,4
relation,4
versus,4
product,4
cn,4
seen,4
fall,4
itself,4
quantitative,4
mentioned,4
must,4
known,4
natural,4
reliability,4
las,4
producers,4
form,4
list,4
tí,4
too,4
port,4
conference,4
transport,4
show,4
transition,4
lies,4
question,4
cuadernos,4
until,4
argument,4
include,4
repon,4
ï,4
potential,4
reached,4
oficina,4
era,4
benchmark,4
close,4
go,3
estimated,3
elaborated,3
units,3
completely,3
western,3
deutschlands,3
factor,3
prosperous,3
predominantly,3
anything,3
either,3
ooo,3
román,3
taken,3
allow,3
leading,3
great,3
fósil,3
studied,3
atlantic,3
thanks,3
coffee,3
achieved,3
precisely,3
somewhat,3
dd,3
papers,3
issue,3
side,3
bias,3
iv,3
exception,3
account,3
activity,3
taking,3
transición,3
auswärtige,3
exist,3
explained,3
handel,3
quality,3
run,3
assessment,3
affairs,3
back,3
compared,3
publications,3
mechanical,3
consequently,3
interesting,3
pompeu,3
aimed,3
uruguayan,3
direct,3
económico,3
multivariate,3
bad,3
consider,3
experienced,3
minería,3
statement,3
superintendencia,3
efficient,3
generally,3
instance,3
providing,3
came,3
based,3
histories,3
entered,3
effort,3
seven,3
late,3
secretaría,3
wealth,3
universidad,3
acceleration,3
engine,3
purpose,3
knowledge,3
edn,3
geddes,3
electrical,3
actually,3
trends,3
towards,3
regions,3
good,3
social,3
peruvian,3
prebisch,3
generators,3
involved,3
heat,3
several,3
mineral,3
republics,3
methodological,3
venezuelan,3
excise,3
increasing,3
rankings,3
business,3
minor,3
kuntz,3
energética,3
experiences,3
southern,3
spectacular,3
para,3
oxford,3
interpretation,3
advanced,3
continuity,3
official,3
ed,3
volume,3
estadísticos,3
financial,3
water,3
outside,3
match,3
cepal,3
exclusion,3
daily,3
jump,3
discussed,3
enough,3
do,3
perhaps,3
wood,3
interpreted,3
cottrell,3
technologies,3
supplies,3
lost,3
taylor,3
detailed,3
findings,3
entirely,3
ideas,3
described,3
significance,3
individual,3
revised,3
solow,3
comparing,3
availability,3
probably,3
paris,3
ministerio,3
abundance,3
continued,3
crucial,3
chance,3
impressive,3
attention,3
un,3
translation,3
remaining,3
life,3
escape,3
existed,3
earliest,3
summerhill,3
constituted,3
der,3
cover,3
recorded,3
especificidad,3
worth,3
historians,3
down,3
barcelona,3
iii,3
living,3
type,3
absolutely,3
evident,3
beginning,3
estadísticas,3
whether,3
agricultural,3
despite,3
urban,3
stern,3
modernizing,3
easy,3
possessions,3
históricas,3
copper,3
sizeable,3
mention,3
allows,3
aspect,3
cambridge,3
steam,3
argentinean,3
highest,3
offer,3
measured,3
remains,3
ships,3
summary,3
vi,3
offered,3
ser,3
sectors,3
maximum,3
entire,3
focus,3
recent,3
should,3
meeting,3
oí,3
built,3
customs,3
major,3
proposed,2
now,2
done,2
declared,2
indicated,2
rev,2
represent,2
deserve,2
affected,2
environmental,2
dynamism,2
poorer,2
mar,2
azar,2
partially,2
likely,2
true,2
sets,2
ways,2
flows,2
haber,2
occurred,2
technics,2
guyana,2
nuevas,2
pérez,2
díaz,2
test,2
experience,2
combustion,2
island,2
australia,2
every,2
revisited,2
preceding,2
seem,2
attempt,2
humans,2
shortage,2
england,2
words,2
dramatically,2
reach,2
panel,2
jemelkova,2
advantage,2
polach,2
indeed,2
rich,2
producing,2
able,2
closer,2
reveal,2
procedure,2
take,2
help,2
buenos,2
principal,2
opposite,2
behind,2
bogotá,2
followed,2
gaps,2
key,2
revolutionary,2
quantities,2
opened,2
prior,2
implies,2
machinery,2
move,2
dataset,2
requirements,2
along,2
makhoul,2
minimum,2
aparente,2
measurement,2
sign,2
linked,2
ends,2
million,2
includes,2
análisis,2
dependence,2
habitants,2
facts,2
cambio,2
calculated,2
paolera,2
patchy,2
price,2
expected,2
z,2
developments,2
leff,2
chilean,2
extraordinary,2
allowing,2
dates,2
drawn,2
ë,2
acted,2
akarca,2
oofs,2
á,2
whose,2
essential,2
reflects,2
tt,2
intraregional,2
developed,2
basic,2
estimación,2
una,2
js,2
goes,2
caribeño,2
contributions,2
animals,2
yáñez,2
factors,2
valuation,2
fn,2
means,2
reason,2
category,2
albert,2
affect,2
improvement,2
established,2
slowly,2
elsewhere,2
welfare,2
k,2
listed,2
comparisons,2
crecimiento,2
directoría,2
césar,2
exploitation,2
labour,2
bertram,2
problem,2
reconstrucción,2
acceptable,2
path,2
suatemala,2
called,2
traditionally,2
administración,2
estudios,2
û,2
marco,2
stock,2
ñ,2
indirect,2
province,2
appears,2
astorga,2
scale,2
exhaustion,2
receptoría,2
required,2
oh,2
huge,2
impression,2
silver,2
technical,2
improve,2
outstanding,2
watershed,2
colonies,2
distinguish,2
gains,2
scope,2
técnica,2
future,2
story,2
civilisation,2
nation,2
equivalent,2
experiencing,2
choi,2
database,2
domestically,2
editorial,2
cane,2
demonstrates,2
constitute,2
mentioning,2
thereafter,2
mauricio,2
cone,2
converters,2
showing,2
project,2
status,2
continuidad,2
toman,2
statistically,2
los,2
quantity,2
reliable,2
next,2
around,2
mitchell,2
highly,2
endowed,2
tended,2
dedicated,2
fitzgerald,2
extracted,2
os,2
roots,2
contraloría,2
value,2
input,2
south,2
related,2
san,2
vears,2
demand,2
observations,2
vcvofsi,2
baghestani,2
located,2
expansion,2
play,2
classic,2
islands,2
reconstruction,2
teitelbaum,2
indicates,2
tends,2
hwang,2
once,2
pacific,2
fair,2
coverage,2
thought,2
serve,2
abosedra,2
thesis,2
index,2
homogeneous,2
complete,2
ro,2
outlined,2
si,2
aforementioned,2
records,2
noted,2
shows,2
increasingly,2
lee,2
investors,2
routes,2
street,2
outbreak,2
worst,2
inhabitants,2
oór,2
subcontinent,2
ambiental,2
again,2
europe,2
parniczky,2
many,2
missing,2
idea,2
head,2
aires,2
downwards,2
largo,2
everything,2
performances,2
brasil,2
purposes,2
establish,2
inconsistency,2
greatest,2
exploring,2
vast,2
discussion,2
chiefly,2
endowment,2
aggregated,2
trajectory,2
industrialized,2
recover,2
crafts,2
equity,2
submitted,2
nothing,2
continue,2
tena,2
eroi,2
authors,2
grew,2
receiver,2
co,2
started,2
like,2
high,2
collected,2
paths,2
lighting,2
stiglitz,2
annually,2
viewpoint,2
fsfsi,2
become,2
exported,2
respectively,2
exactly,2
displayed,2
berges,2
postwar,2
slightly,2
grübler,2
agenda,2
basically,2
quarter,2
importer,2
concluded,2
widely,2
separate,2
contributes,2
suggest,2
indication,2
states,2
note,2
usually,2
colombian,2
brignoli,2
lines,2
excluding,2
economists,2
relevant,2
methods,2
surprising,2
grounded,2
share,2
growing,2
conclusion,2
version,2
simply,2
pace,2
carriers,2
implied,2
precise,2
midrange,2
meat,2
sustained,2
wider,2
brazilian,2
set,2
correspond,2
caribe,2
porfiriato,2
hr,2
current,2
regard,2
mullen,2
particularly,2
goods,2
benefit,2
rural,2
works,2
turned,2
stagnated,2
hobson,2
explanations,2
labores,2
ones,2
making,2
plants,2
particular,2
calculations,2
theory,2
extent,2
always,2
foundations,2
institute,2
categories,2
xi,2
aggregation,2
schlüpmann,2
federico,2
subject,2
compilations,2
recaudador,2
ö,2
delia,2
recovered,2
prepared,2
producer,2
oi,2
economie,2
civilización,2
stagnant,2
unable,2
neighbouring,2
initiated,2
numerous,2
accept,2
crisis,2
course,2
prolonged,2
americas,2
cointegration,2
intergenerational,2
simposio,2
rozansky,2
cost,2
size,2
km,2
sharing,2
exclusively,2
bagasse,2
backwards,2
technological,2
carver,2
alejandro,2
successive,2
doing,2
showed,2
resolve,1
hinders,1
entities,1
oû,1
currently,1
produces,1
page,1
limits,1
cqoi,1
humankind,1
generated,1
tion,1
groups,1
pittsburgh,1
broadest,1
created,1
truth,1
widening,1
episodes,1
thrown,1
intriguing,1
filli,1
portrayals,1
measures,1
managua,1
empirical,1
aruba,1
fragmented,1
succession,1
introduction,1
appear,1
starts,1
compensated,1
berlin,1
conversion,1
becoming,1
basingstoke,1
measurable,1
replaced,1
factories,1
determinant,1
systematically,1
releases,1
ma,1
informative,1
asserted,1
épocas,1
constitutes,1
continent,1
shipping,1
item,1
di,1
sudden,1
cautiously,1
commonplace,1
checking,1
cliometrics,1
cif,1
considerations,1
tied,1
policy,1
character,1
hoñoic,1
burn,1
unlike,1
title,1
interrupted,1
amply,1
melt,1
garsington,1
cnnnoi,1
constrict,1
geografía,1
ingredients,1
strikes,1
du,1
é,1
borradores,1
diffusion,1
lower,1
round,1
aside,1
keystone,1
else,1
transitions,1
explaining,1
www,1
modest,1
hence,1
confident,1
disagreement,1
ipo,1
consuming,1
unexpected,1
derives,1
neolithic,1
looo,1
originally,1
nitrates,1
contrasted,1
latinoamericanos,1
pampas,1
rapid,1
seceded,1
rational,1
massively,1
switzerland,1
editions,1
historiography,1
parties,1
confirmed,1
totales,1
possibilities,1
foui,1
route,1
secondary,1
agrarian,1
tercio,1
reasons,1
pessimism,1
liverpool,1
follows,1
revisions,1
habana,1
niche,1
jumped,1
harmondsworth,1
improved,1
state,1
date,1
replicated,1
emphasized,1
greatly,1
blackwell,1
industrialisation,1
circumvention,1
discusseci,1
pública,1
contrasting,1
heating,1
alike,1
tieth,1
xv,1
checked,1
context,1
tradicionales,1
occasional,1
tjj,1
yeats,1
governmental,1
corresponded,1
sophisticated,1
mechanized,1
ê,1
albeit,1
capacity,1
constraint,1
primary,1
sought,1
tenth,1
draw,1
cu,1
march,1
qoooo,1
intermediaries,1
backing,1
uneven,1
replacement,1
discrepancies,1
felt,1
upward,1
open,1
lethargy,1
burning,1
explorations,1
establishing,1
studi,1
sumption,1
solely,1
impacted,1
exaggerate,1
abysmal,1
pomoeu,1
apart,1
combination,1
say,1
conceptual,1
reflecting,1
handicaps,1
laws,1
globalización,1
inalai,1
realistic,1
quota,1
constrained,1
undoubtedly,1
decreasing,1
financed,1
accessed,1
pompen,1
eroded,1
aod,1
holland,1
analyse,1
collection,1
split,1
overlaps,1
diversity,1
ekc,1
tons,1
mid,1
ranked,1
energia,1
ice,1
collapse,1
widened,1
surely,1
ciri,1
merchants,1
madrid,1
processus,1
difficulties,1
losers,1
due,1
objective,1
author,1
neighbours,1
jééiuiiüii,1
millennium,1
attained,1
republica,1
characteristic,1
ability,1
sp,1
moment,1
jìlijilli,1
raises,1
br,1
issued,1
highlighting,1
económicas,1
grouped,1
metatlurgia,1
insisted,1
emerges,1
quicker,1
rooted,1
sample,1
barrier,1
accelerating,1
spans,1
exercise,1
progressive,1
turn,1
pessimistic,1
distinct,1
old,1
jljllîljl,1
keep,1
perspective,1
document,1
concerning,1
rensselaer,1
fili,1
nonparametric,1
modernity,1
six,1
gauge,1
left,1
continuous,1
drives,1
compare,1
explore,1
geological,1
marítima,1
reformulate,1
lonojcst,1
propuesta,1
stagnation,1
coasts,1
andyeats,1
leadership,1
occasion,1
andyu,1
weakness,1
handful,1
influence,1
acknowledge,1
inhabitant,1
phases,1
failed,1
surprisingly,1
civilization,1
assessed,1
steps,1
definitively,1
features,1
simultaneously,1
hacia,1
depiction,1
geneva,1
slowed,1
recognized,1
westport,1
ox,1
purely,1
traffic,1
actividad,1
soviet,1
navarra,1
adds,1
ejecutivo,1
remain,1
weighted,1
afterwards,1
reference,1
animate,1
subsistence,1
feder,1
represented,1
exceptionality,1
suffer,1
misallocation,1
determining,1
paz,1
netschert,1
probability,1
proportion,1
supplement,1
eight,1
ex,1
thing,1
humanity,1
se,1
certain,1
brand,1
induce,1
losing,1
regionales,1
assuming,1
generating,1
navigation,1
special,1
gratefully,1
danger,1
offering,1
andyañez,1
intensity,1
extremes,1
moreover,1
moves,1
consistency,1
troublesome,1
references,1
upturns,1
él,1
changes,1
paragraphs,1
colonizing,1
nor,1
hvot,1
perpetuation,1
helsinki,1
calif,1
university,1
underdeveloped,1
maiden,1
flexibility,1
signed,1
secession,1
river,1
énergétique,1
benefits,1
specialization,1
organized,1
emergence,1
dated,1
intrinsically,1
driven,1
quoted,1
americanists,1
receiving,1
tying,1
argued,1
frequently,1
reviewed,1
calendar,1
profile,1
prevent,1
solid,1
benefited,1
proven,1
leicester,1
diaz,1
origins,1
settimane,1
encouragement,1
shed,1
undertaken,1
standford,1
consequence,1
htt,1
surge,1
wartime,1
overcame,1
hereafter,1
backwardness,1
lu,1
voooioi,1
quito,1
archaism,1
discouraging,1
preference,1
footnote,1
cut,1
stands,1
methodology,1
assessments,1
union,1
draws,1
hours,1
uv,1
opening,1
standards,1
salles,1
closely,1
carácter,1
identifying,1
http,1
priori,1
refineries,1
arrival,1
asserts,1
développement,1
declined,1
houses,1
access,1
cepaivconf,1
î,1
intermediary,1
commercio,1
stations,1
zone,1
worker,1
eu,1
diet,1
países,1
spurts,1
percentages,1
base,1
representative,1
datini,1
academic,1
amazon,1
exceptions,1
equally,1
encyclopaedia,1
undeniable,1
furthermore,1
metodológica,1
economia,1
though,1
whichever,1
equal,1
signalled,1
buried,1
shake,1
mainly,1
surges,1
interruption,1
sul,1
sentence,1
reinforce,1
analogous,1
binghamton,1
otherwise,1
nacionales,1
placed,1
explain,1
approached,1
conferences,1
uninhabitable,1
ld,1
public,1
periodization,1
exportaciones,1
coin,1
briefly,1
expensive,1
aspects,1
globally,1
trough,1
collude,1
unequal,1
asunción,1
accounting,1
degrees,1
line,1
seminal,1
closed,1
remedying,1
missed,1
mirrored,1
overperformer,1
received,1
partir,1
rail,1
significantly,1
brought,1
crude,1
london,1
inconveniences,1
norm,1
proportions,1
forcefully,1
comment,1
newest,1
fluctuations,1
woodland,1
labourer,1
gave,1
describe,1
discussions,1
refined,1
relevance,1
inh,1
translated,1
consistent,1
lviii,1
macroeconomy,1
andwrigley,1
employed,1
predominance,1
stanford,1
doubtful,1
wheat,1
ìwìììsi,1
markedly,1
pollution,1
analysed,1
prices,1
oriental,1
tone,1
stylized,1
prospectivos,1
governs,1
tarimeli,1
optimal,1
sense,1
olojoinonr,1
horsepower,1
negligible,1
laborious,1
theoretically,1
things,1
excuse,1
josé,1
investigación,1
politically,1
trebled,1
standpoint,1
sharp,1
arbitrary,1
specifically,1
dried,1
proximate,1
characteristics,1
workshops,1
iá,1
comisión,1
martin,1
inglesa,1
comfort,1
gasoline,1
dramatic,1
îr,1
peak,1
essentially,1
distinguished,1
bunkers,1
portions,1
latest,1
implausible,1
carrier,1
budgets,1
outdut,1
st,1
porfirio,1
ta,1
jumps,1
correspondence,1
benchmarks,1
explains,1
achieves,1
reflected,1
appropriate,1
económicos,1
sj,1
aggregate,1
longer,1
massive,1
enjoy,1
geographical,1
promising,1
equivalences,1
avoid,1
endorses,1
twen,1
oon,1
modernisation,1
oqoot,1
grjö,1
became,1
inch,1
aliali,1
cuban,1
give,1
matter,1
nonetheless,1
steadily,1
pushes,1
gradual,1
might,1
whoovo,1
acknowledged,1
brief,1
oomti,1
prevailing,1
tropical,1
april,1
reduce,1
july,1
hfl,1
slower,1
estimations,1
watermark,1
commenced,1
comments,1
standing,1
initially,1
oooo,1
pi,1
abrupt,1
strategic,1
surveyed,1
loss,1
decisions,1
direction,1
single,1
mundial,1
percentage,1
qq,1
guide,1
metric,1
calculate,1
collect,1
secoli,1
deflated,1
cuentas,1
push,1
vs,1
treaty,1
cleveland,1
switching,1
corroborated,1
soon,1
message,1
technology,1
under,1
upwards,1
upswings,1
temperate,1
perceived,1
compiled,1
inañoó,1
tn,1
cannona,1
participants,1
policies,1
falls,1
indebted,1
symptom,1
assistance,1
cjci,1
carmona,1
baltimore,1
cis,1
robust,1
costs,1
earns,1
strip,1
challenges,1
departing,1
hsij,1
exceptionally,1
speaking,1
rise,1
maintained,1
independent,1
picture,1
çu,1
minera,1
faster,1
double,1
useful,1
landlocked,1
members,1
starting,1
leader,1
oñ,1
idle,1
iiy,1
stating,1
dictatorship,1
similarly,1
put,1
printing,1
tonfntjjininoooinonin,1
población,1
sovereignty,1
lengthy,1
registries,1
lack,1
valid,1
consideration,1
fundamental,1
stimulus,1
areas,1
striking,1
departments,1
post,1
proposal,1
oioodd,1
compound,1
instituto,1
appeared,1
witnesses,1
dld,1
choice,1
grave,1
really,1
break,1
focuses,1
end,1
contemporary,1
golden,1
swiss,1
fashion,1
pattern,1
weeds,1
success,1
schurr,1
españa,1
never,1
conclusions,1
ground,1
corps,1
increases,1
tlïillîîîî,1
road,1
developing,1
existing,1
unclear,1
coatsword,1
parent,1
eoa,1
ports,1
necessary,1
material,1
ahead,1
disparity,1
îiiiiiffli,1
ao,1
tiny,1
reconstructing,1
compelled,1
ignoring,1
jj,1
distance,1
sâwador,1
free,1
day,1
local,1
original,1
lili,1
meetings,1
breakdown,1
jd,1
meaningful,1
investment,1
averaged,1
rio,1
pricing,1
observable,1
unlisted,1
chronologies,1
regain,1
attainment,1
robustness,1
años,1
consumpindependent,1
ramo,1
endeavour,1
top,1
varying,1
budget,1
sold,1
unfair,1
assumption,1
hcso,1
conditions,1
exico,1
academics,1
foundries,1
ooooootj,1
assign,1
engineers,1
misallocated,1
misclassification,1
trip,1
full,1
raising,1
option,1
colossus,1
theoretical,1
netherlands,1
qeh,1
informática,1
cot,1
disposable,1
installed,1
ffliiiîlli,1
iis,1
tvo,1
colombiano,1
ecologia,1
directed,1
adding,1
comprehensive,1
accounted,1
grupo,1
interpret,1
gauged,1
symposium,1
physics,1
allowed,1
powerful,1
tough,1
unpub,1
strangle,1
cheltenham,1
him,1
wealthiest,1
il,1
curve,1
mines,1
stages,1
probable,1
greco,1
solution,1
primer,1
lose,1
exporter,1
caracas,1
latter,1
perú,1
promotion,1
prewar,1
queen,1
internal,1
incapable,1
elaborate,1
rjr,1
tasajo,1
overcome,1
effect,1
excluded,1
hi,1
structure,1
electric,1
usa,1
implication,1
differ,1
gg,1
northern,1
wells,1
ecología,1
saw,1
haven,1
industrialization,1
llü,1
responsibility,1
convergent,1
propose,1
sole,1
paces,1
cereals,1
îlî,1
clusters,1
overlapping,1
solar,1
zo,1
ranging,1
regained,1
entitled,1
utilities,1
dawn,1
straight,1
tests,1
depressed,1
aoofoooinr,1
applications,1
aid,1
surpassed,1
oficiales,1
publishing,1
jofré,1
scrutinized,1
pis,1
richest,1
bureau,1
lot,1
evolve,1
movements,1
neighbour,1
sometimes,1
plays,1
ministry,1
claimed,1
suffice,1
annexing,1
thermal,1
insufficient,1
substitution,1
slow,1
independence,1
becomes,1
referred,1
army,1
mirroring,1
transformed,1
progressively,1
strongly,1
team,1
rim,1
florence,1
merchandise,1
divergences,1
worse,1
widen,1
cnirjcnonvqtjjinin,1
yî,1
proposition,1
callao,1
cvj,1
iin,1
volumes,1
displaying,1
es,1
ocampo,1
satisfaction,1
efficiency,1
fe,1
achieve,1
education,1
centres,1
extremely,1
types,1
centuries,1
instances,1
get,1
bigger,1
gathered,1
investigate,1
sociedad,1
blurred,1
guatemalan,1
meant,1
sí,1
ie,1
yearbooks,1
deceleration,1
school,1
stimulates,1
psá,1
contained,1
variable,1
curious,1
then,1
associated,1
peaking,1
rh,1
url,1
tramways,1
comes,1
banco,1
isïililli,1
demonstrate,1
extensive,1
locomotive,1
beside,1
extension,1
discrepancy,1
satisfactory,1
physical,1
ll,1
síishiii,1
houndsmills,1
trapped,1
fococonfovo,1
record,1
besides,1
ilhlllllti,1
doi,1
text,1
sciences,1
appealing,1
ricay,1
gran,1
hoo,1
poorest,1
ry,1
know,1
ililllfflíl,1
excess,1
mass,1
rue,1
catching,1
secured,1
sure,1
juice,1
shares,1
specialized,1
revolución,1
ratio,1
curaçao,1
east,1
innovations,1
siiïhîll,1
capital,1
plate,1
best,1
ph,1
fuelled,1
universal,1
inquiry,1
exceptional,1
cnoñinin,1
entering,1
exhibits,1
obviously,1
impossible,1
sustaining,1
korea,1
indispensable,1
longstanding,1
yañez,1
encouraging,1
cq,1
cities,1
differed,1
underlines,1
prospects,1
edwardian,1
freight,1
advances,1
risky,1
respect,1
ì,1
suffering,1
salvadorian,1
cncn,1
commision,1
combined,1
meticulous,1
stability,1
selected,1
migratory,1
joined,1
supports,1
imposed,1
asymptotic,1
covers,1
convergence,1
mere,1
sociologist,1
axis,1
cí,1
leaving,1
distribution,1
inflow,1
differs,1
oils,1
pursued,1
barely,1
produce,1
imperial,1
delle,1
oñin,1
curacao,1
suggests,1
capitalized,1
incncn,1
millions,1
middle,1
marquez,1
burden,1
league,1
rises,1
bodies,1
bought,1
outline,1
presented,1
careful,1
severely,1
feat,1
government,1
cl,1
decisive,1
city,1
altogether,1
revolutions,1
content,1
prevalent,1
revista,1
tnergy,1
improves,1
cardenas,1
uh,1
inaugurated,1
ac,1
sudrià,1
acute,1
conventional,1
atti,1
commodities,1
kingdom,1
reconstruct,1
summarizes,1
vovooovdinincncsi,1
qualitative,1
breakthrough,1
isolated,1
economically,1
nov,1
bio,1
ooin,1
models,1
obliged,1
mercantil,1
drafts,1
õo,1
estatistica,1
fi,1
cycle,1
îitaiiijliiiiiuj,1
bottleneck,1
conn,1
disposal,1
plausible,1
advent,1
finding,1
alter,1
decrease,1
recovering,1
notten,1
aware,1
hooin,1
sfî,1
documentation,1
instead,1
modifies,1
unsuitable,1
integrated,1
land,1
dense,1
socially,1
canadian,1
hispaniola,1
need,1
dooòòd,1
constructed,1
gross,1
underperformance,1
regular,1
france,1
prosperity,1
off,1
limitations,1
area,1
promptly,1
underperformer,1
oldest,1
fob,1
association,1
shift,1
increased,1
classification,1
underlined,1
boletín,1
needs,1
morgenstern,1
caveats,1
hoñvovo,1
removed,1
substitute,1
assumed,1
regularity,1
uba,1
oonoôciofo,1
inasmuch,1
irrelevant,1
hidroeléctrico,1
debate,1
array,1
dark,1
coinoi,1
janeiro,1
import,1
engines,1
lailjisljillijjjllïî,1
bradley,1
immediately,1
seemed,1
ss,1
observed,1
oino,1
delineate,1
lacea,1
delayed,1
groundbreaking,1
draft,1
underperformers,1
depended,1
heterogeneous,1
hypothesis,1
