WORDCOUNTS,WEIGHT
the,506
of,257
and,214
to,211
s,144
in,142
a,94
that,87
you,76
story,74
students,69
cola,64
da,63
with,55
for,54
will,52
as,52
group,49
this,48
prestcott,48
we,48
wallis,46
project,45
was,43
on,42
is,41
be,37
they,34
an,34
his,34
are,32
your,32
about,32
each,32
what,32
trial,30
john,30
history,29
not,29
wood,27
questions,27
information,27
marco,26
their,26
from,26
one,25
would,25
read,25
had,24
by,24
did,24
section,23
have,22
or,20
class,20
it,19
were,19
such,19
murder,18
character,18
who,18
jack,18
reading,17
assessment,17
how,17
knowledge,17
reads,17
our,17
learning,16
other,16
jury,15
assignment,15
student,15
fingerpost,15
during,15
mock,15
at,14
anthony,14
all,14
assigned,14
which,14
role,14
if,13
grove,13
dr,13
so,13
why,13
college,12
defense,12
no,12
sarah,12
when,12
only,12
more,12
signs,11
him,11
relationship,11
been,11
novel,11
christine,10
instance,10
m,10
important,10
could,10
its,10
he,10
also,10
ask,10
present,10
day,10
historical,10
bombaro,10
them,10
goals,10
evidence,10
characters,10
take,9
some,9
events,9
representative,9
using,9
instructors,9
pears,9
following,9
must,9
specific,9
much,9
blundy,9
way,8
groups,8
english,8
england,8
great,8
help,8
case,8
possible,8
even,8
communication,8
four,8
most,8
notes,8
well,8
part,8
make,8
oxford,8
two,8
many,8
success,8
often,8
set,8
interaction,8
should,8
before,7
reveal,7
exercise,7
without,7
further,7
osborne,7
required,7
scribe,7
revealed,7
provided,7
participants,7
complete,7
time,7
made,7
use,7
three,7
any,7
lessons,7
through,7
course,7
narrator,6
first,6
government,6
seminar,6
october,6
behavior,6
learned,6
since,6
main,6
study,6
plot,6
out,6
war,6
however,6
example,6
family,6
research,6
up,6
rules,6
serve,6
but,6
do,6
including,6
lecture,6
trust,6
period,6
prosecutor,6
dickinson,6
making,6
particular,6
while,6
careful,6
prepared,6
murderer,6
roles,6
difficult,5
truth,5
ways,5
sources,5
might,5
address,5
attempt,5
reasons,5
real,5
groupmates,5
than,5
may,5
explain,5
because,5
own,5
society,5
us,5
teaching,5
name,5
addition,5
helpful,5
sections,5
compliance,5
precedence,5
person,5
involvement,5
prior,5
both,5
lesson,5
writing,5
question,5
little,5
asked,5
keller,4
represent,4
iain,4
lower,4
anything,4
either,4
attorney,4
book,4
court,4
there,4
achieved,4
those,4
king,4
himself,4
impressions,4
presentation,4
after,4
witness,4
reason,4
prosecution,4
care,4
based,4
teacher,4
literature,4
civil,4
good,4
correct,4
order,4
presence,4
results,4
periods,4
therefore,4
blundys,4
classroom,4
noted,4
documents,4
new,4
end,4
enough,4
learn,4
answer,4
another,4
father,4
background,4
narrators,4
mcbride,4
conclusions,4
teach,4
team,4
effectively,4
education,4
drake,4
know,4
appendix,4
prepare,4
reveals,4
playing,4
valuable,4
mystery,4
among,4
doing,4
final,3
accomplish,3
determine,3
told,3
needed,3
enhance,3
member,3
every,3
finger,3
give,3
taken,3
restoration,3
skills,3
i,3
stand,3
political,3
somewhat,3
suspect,3
has,3
task,3
discuss,3
design,3
discrepancies,3
activity,3
point,3
resources,3
exercises,3
killed,3
ability,3
preparation,3
like,3
higher,3
recognized,3
rather,3
awareness,3
incriminate,3
just,3
luff,3
too,3
show,3
answers,3
helped,3
incomplete,3
found,3
her,3
though,3
thurloe,3
people,3
successful,3
level,3
involve,3
involved,3
several,3
reported,3
activities,3
avoid,3
various,3
short,3
indeed,3
prove,3
got,3
direction,3
thought,3
suspicious,3
merchant,3
same,3
these,3
members,3
available,3
fact,3
outside,3
relevant,3
number,3
meetings,3
extended,3
upon,3
identity,3
actual,3
supplement,3
described,3
points,3
individual,3
general,3
devise,3
outcomes,3
exactly,3
can,3
decision,3
retells,3
seventeen,3
provide,3
figure,3
program,3
osbome,3
analysis,3
share,3
then,3
conclusion,3
version,3
simply,3
partner,3
sure,3
setting,3
best,3
assignments,3
type,3
communicate,3
require,3
met,3
intended,3
tell,3
finally,3
include,3
between,3
themselves,3
early,3
broader,3
close,3
does,2
undergraduate,2
minutes,2
identify,2
likely,2
library,2
additionally,2
presents,2
communicating,2
themes,2
being,2
aside,2
long,2
ii,2
nature,2
reach,2
europe,2
copy,2
leading,2
together,2
enrolled,2
last,2
behind,2
gaps,2
advice,2
primary,2
sought,2
draw,2
felt,2
soldier,2
determined,2
cooperation,2
richard,2
taking,2
beneath,2
letter,2
monday,2
guilty,2
accuracy,2
explained,2
against,2
reproduced,2
elements,2
old,2
started,2
left,2
clarity,2
educators,2
prosecuting,2
prescott,2
performance,2
active,2
catholics,2
importance,2
talk,2
periodic,2
deliberations,2
wanted,2
consider,2
days,2
additional,2
follow,2
solve,2
opinion,2
strategy,2
trained,2
ian,2
view,2
advance,2
complications,2
nancy,2
discount,2
method,2
intrigue,2
evaluate,2
late,2
academic,2
fourth,2
recently,2
meet,2
failure,2
correctly,2
work,2
suspicion,2
purpose,2
surprise,2
year,2
used,2
discussions,2
place,2
issues,2
surrounding,2
participate,2
least,2
sense,2
working,2
things,2
quite,2
autopsy,2
teams,2
sufficient,2
ignore,2
fraught,2
spoiling,2
executed,2
telling,2
progress,2
dependent,2
appropriate,2
value,2
rest,2
seemed,2
minor,2
hide,2
trials,2
interactions,2
backdrop,2
religious,2
yet,2
tale,2
neither,2
performed,2
judiciously,2
inheritance,2
fill,2
party,2
others,2
similarly,2
creativity,2
idea,2
stories,2
discussed,2
readers,2
took,2
considered,2
perhaps,2
seminars,2
compelled,2
thoroughly,2
sir,2
demonstrated,2
classes,2
understanding,2
balance,2
discussion,2
lost,2
formal,2
obsessed,2
ibid,2
complicated,2
significance,2
clear,2
communicated,2
august,2
allowed,2
responses,2
wednesday,2
decide,2
article,2
methods,2
topics,2
assigning,2
analyze,2
professional,2
unstable,2
where,2
me,2
perspectives,2
science,2
five,2
pieces,2
bulletin,2
becomes,2
life,2
grade,2
hope,2
articles,2
associated,2
ned,2
mentioned,2
known,2
choose,2
books,2
worth,2
suggestions,2
clearly,2
placing,2
february,2
better,2
places,2
according,2
proceedings,2
carefully,2
professors,2
obsessive,2
fictitious,2
problem,2
insightful,2
don,2
art,2
middle,2
presented,2
son,2
authors,2
given,2
subject,2
agents,2
challenges,2
mention,2
think,2
enthusiasm,2
difference,2
although,2
need,2
thoughtful,2
piece,2
attempted,2
mcdaniel,2
potential,2
arrange,2
create,2
within,2
entire,2
focus,2
daughter,2
frequent,1
miller,1
go,1
librarian,1
complaint,1
done,1
struggle,1
page,1
limits,1
common,1
estate,1
meaning,1
commentary,1
speculum,1
commitment,1
judging,1
fiction,1
deceptions,1
e,1
decipher,1
brilliantly,1
crossing,1
church,1
likewise,1
discover,1
burton,1
complex,1
partially,1
illegal,1
instructions,1
fate,1
designed,1
prime,1
entries,1
conducting,1
informative,1
specialist,1
true,1
summaries,1
completely,1
bias,1
easily,1
respectability,1
modern,1
former,1
daunted,1
semester,1
position,1
necessarily,1
into,1
title,1
replicate,1
ambitious,1
biographical,1
entertaining,1
operatives,1
edu,1
revision,1
amongst,1
clair,1
dictionaries,1
np,1
experience,1
personae,1
said,1
came,1
fingered,1
deter,1
failing,1
wrong,1
certainly,1
accuracies,1
quakerism,1
posed,1
attempts,1
military,1
entangled,1
concentrated,1
feeling,1
humans,1
believe,1
allow,1
worked,1
emerged,1
reassuringly,1
colleges,1
discerned,1
sustainable,1
hatred,1
parties,1
stolen,1
possibilities,1
tradition,1
paranoia,1
accompanied,1
momentum,1
monitor,1
throughout,1
potentially,1
rich,1
incident,1
generalizations,1
uncovered,1
religion,1
efficiently,1
introduces,1
intercepted,1
fresh,1
underestimating,1
written,1
emphasized,1
respond,1
robert,1
demeanor,1
intelligence,1
recreate,1
confused,1
questionnaire,1
context,1
rethinking,1
british,1
evaluation,1
takes,1
weaving,1
sophisticated,1
recorded,1
pervade,1
historians,1
money,1
guidelines,1
matthew,1
right,1
solving,1
updates,1
chapter,1
account,1
anticipation,1
restoring,1
logical,1
delivering,1
schedule,1
maneuverings,1
vital,1
countered,1
crowned,1
internet,1
mental,1
peggy,1
say,1
reflecting,1
grading,1
anticipated,1
mentally,1
minimum,1
deceitful,1
realizing,1
interestingly,1
exposed,1
human,1
build,1
goal,1
thus,1
chapters,1
disregard,1
complied,1
review,1
married,1
relationships,1
historically,1
reclaim,1
author,1
eventual,1
facts,1
difficulties,1
development,1
ethical,1
run,1
medical,1
due,1
september,1
doctor,1
interest,1
distribute,1
relations,1
afford,1
veneer,1
pay,1
century,1
avalanche,1
westport,1
thank,1
punishment,1
turn,1
cases,1
decisions,1
nor,1
ct,1
mistakes,1
evident,1
perspective,1
unwavering,1
riverhead,1
serving,1
http,1
completing,1
flawed,1
young,1
served,1
allowing,1
libraries,1
continuous,1
effective,1
module,1
find,1
overarching,1
explore,1
drawn,1
deceased,1
journal,1
spite,1
details,1
delivered,1
progressed,1
influence,1
acknowledge,1
quiet,1
unfortunate,1
ment,1
poorly,1
let,1
finances,1
media,1
mb,1
loyal,1
dignitaries,1
online,1
enhancing,1
wishes,1
york,1
whose,1
essential,1
expected,1
testimony,1
statements,1
bring,1
sessions,1
mistrust,1
managing,1
across,1
developed,1
blames,1
compatible,1
stop,1
basic,1
secrets,1
explicit,1
biggest,1
levels,1
process,1
adopted,1
mechanics,1
goes,1
opportunity,1
embarking,1
waned,1
preparatory,1
persistent,1
legal,1
thing,1
ah,1
hazardous,1
adjustments,1
strange,1
plots,1
assuming,1
ole,1
jm,1
danger,1
white,1
lay,1
discoveries,1
practicing,1
scattered,1
moreover,1
risks,1
ones,1
actions,1
means,1
accounts,1
understand,1
escape,1
maintaining,1
ensure,1
biased,1
tensions,1
university,1
possibly,1
distract,1
suspense,1
weaves,1
imposing,1
benefits,1
teamwork,1
reinvigorating,1
linked,1
vindicated,1
specify,1
n,1
impact,1
venetian,1
unfavorable,1
frequently,1
threat,1
maintain,1
solid,1
burgeoning,1
pedagogical,1
commented,1
exploited,1
surface,1
readings,1
beyond,1
traitors,1
willing,1
erroneous,1
bb,1
suggested,1
providing,1
decades,1
methodology,1
ranges,1
opening,1
expressed,1
closely,1
appraisal,1
narration,1
lead,1
pc,1
acting,1
bollag,1
concentration,1
medicine,1
opposing,1
demise,1
search,1
critically,1
narrated,1
effort,1
deal,1
facilitate,1
pass,1
requirements,1
package,1
sr,1
endeavor,1
synthesize,1
none,1
accurately,1
pointing,1
informed,1
equal,1
firstyear,1
third,1
buried,1
skilled,1
maki,1
afforded,1
viewed,1
reinforce,1
cannot,1
applied,1
russell,1
record,1
tension,1
guarantee,1
public,1
bestselling,1
james,1
tease,1
near,1
scene,1
possibility,1
wants,1
aspects,1
kathryn,1
gained,1
directly,1
keeping,1
having,1
participation,1
future,1
dabbled,1
tr,1
planning,1
scope,1
r,1
mathematician,1
leads,1
london,1
training,1
apparent,1
secret,1
related,1
recommends,1
description,1
shocking,1
whole,1
piecing,1
gave,1
sk,1
fit,1
size,1
easiest,1
destination,1
figures,1
actually,1
participated,1
colossal,1
call,1
personal,1
dugan,1
away,1
reflect,1
oblige,1
manage,1
sterling,1
challenging,1
presentations,1
weeks,1
segal,1
t,1
subtle,1
aided,1
momentous,1
tone,1
creating,1
www,1
diversion,1
solution,1
closing,1
normally,1
caused,1
hard,1
below,1
cold,1
questionable,1
revolution,1
indicators,1
night,1
atmosphere,1
trivial,1
around,1
whitehall,1
small,1
accreditors,1
foster,1
few,1
accomplished,1
replace,1
revealing,1
disaster,1
acts,1
disparate,1
secrecy,1
whereabouts,1
impossible,1
parliament,1
fully,1
managed,1
necessity,1
odor,1
filling,1
dy,1
enormously,1
structured,1
monarchy,1
am,1
massive,1
portion,1
critical,1
happen,1
educator,1
second,1
matter,1
practices,1
european,1
requirement,1
fortunately,1
scientific,1
happy,1
overall,1
limited,1
successes,1
motivated,1
acknowledged,1
constraints,1
object,1
april,1
judgment,1
comments,1
experiences,1
repeating,1
retelling,1
unprecedented,1
newton,1
put,1
va,1
positive,1
once,1
chronicle,1
ineffective,1
competition,1
edited,1
intuitively,1
hernon,1
suited,1
makes,1
requiring,1
happened,1
optimally,1
yourselves,1
kk,1
cryptographer,1
management,1
puzzle,1
planned,1
commonwealth,1
enhancements,1
light,1
experimental,1
excellence,1
enjoyable,1
speaking,1
exit,1
double,1
volume,1
gentleman,1
simulation,1
oral,1
gain,1
successfully,1
unlimited,1
comfortable,1
skill,1
law,1
temporarily,1
carolyn,1
business,1
frederick,1
strike,1
grips,1
again,1
dictatorship,1
added,1
projects,1
conduct,1
analytical,1
efforts,1
lack,1
treatment,1
pointer,1
designing,1
creative,1
plan,1
witnesses,1
teachers,1
remarked,1
reasoning,1
dramatis,1
really,1
oneself,1
foreigner,1
state,1
everything,1
outgoing,1
man,1
abject,1
honor,1
forms,1
never,1
belongings,1
hand,1
surgeon,1
discussing,1
innovative,1
accepted,1
stylus,1
see,1
necessary,1
practice,1
conviction,1
focusing,1
deep,1
investigative,1
educated,1
threats,1
figuring,1
gladly,1
degree,1
scant,1
timelines,1
spying,1
week,1
crown,1
greatest,1
meaningful,1
traitorous,1
admits,1
effectiveness,1
restrictions,1
completed,1
implicated,1
values,1
regain,1
instructor,1
fictional,1
previously,1
judge,1
recover,1
varying,1
entirely,1
significant,1
masterful,1
advises,1
assume,1
affects,1
academics,1
ideas,1
scheduled,1
nothing,1
examination,1
tactic,1
previous,1
versions,1
discovered,1
margaret,1
consult,1
stress,1
comprehensive,1
certain,1
dominated,1
peter,1
interpret,1
failures,1
held,1
assessable,1
wish,1
stages,1
maximize,1
unintentionally,1
earlier,1
unheard,1
peer,1
educational,1
problems,1
inexact,1
dawson,1
imaginative,1
methodically,1
become,1
assessing,1
examine,1
january,1
enemies,1
improbable,1
probably,1
implication,1
bestowed,1
grain,1
saw,1
institution,1
relative,1
theatrical,1
sociation,1
roleplay,1
attention,1
specialty,1
widely,1
supplemental,1
visit,1
unwittingly,1
unfolded,1
entitled,1
boards,1
asking,1
twelve,1
smattering,1
chances,1
else,1
she,1
sometimes,1
chance,1
foreign,1
willingly,1
suspected,1
begin,1
fewer,1
directions,1
seen,1
strongly,1
began,1
returned,1
lawrence,1
legitimacy,1
storytellers,1
indicate,1
length,1
intend,1
responsible,1
expectations,1
kill,1
fall,1
surprising,1
dead,1
jf,1
mother,1
tights,1
itself,1
face,1
unusual,1
stratagem,1
issue,1
undercurrents,1
detail,1
reichstag,1
environment,1
heavy,1
thinking,1
judgments,1
historian,1
material,1
senior,1
cromwell,1
series,1
sustained,1
alternative,1
cover,1
highly,1
outcome,1
ran,1
tj,1
control,1
abhorrent,1
paper,1
descriptions,1
different,1
connection,1
spoil,1
stifle,1
ubiquitous,1
contextual,1
down,1
slowly,1
wealthy,1
current,1
regard,1
report,1
ideological,1
housekeeper,1
particularly,1
traitor,1
ar,1
very,1
useless,1
associations,1
examining,1
going,1
risky,1
pushing,1
turned,1
animal,1
ladies,1
commences,1
william,1
scholarly,1
witch,1
unique,1
reactions,1
whether,1
form,1
reputations,1
references,1
suspicions,1
hoped,1
supplemented,1
misinterpretations,1
extract,1
vehicle,1
pursued,1
divide,1
grades,1
explored,1
property,1
scenarios,1
emphasis,1
w,1
cheerfully,1
finished,1
wrangling,1
suspensefiil,1
recognition,1
multiple,1
thereby,1
bibliophile,1
despite,1
strangers,1
courses,1
alternatives,1
participant,1
november,1
duty,1
turns,1
impose,1
lies,1
went,1
acute,1
contribute,1
protestants,1
divided,1
homosexuality,1
sb,1
varied,1
friday,1
subsumed,1
come,1
layers,1
ultimately,1
rubricon,1
instructive,1
years,1
electronic,1
quest,1
twentieth,1
encyclopedias,1
toilets,1
disorientation,1
write,1
recovering,1
aware,1
harm,1
dangerous,1
salt,1
d,1
opinions,1
product,1
smaller,1
regular,1
discounted,1
extremely,1
remains,1
repeat,1
worried,1
endeavors,1
certainty,1
desired,1
enterprise,1
compton,1
fears,1
maximum,1
develop,1
benchmark,1
tve,1
immediately,1
comparable,1
observed,1
building,1
loyalties,1
conversations,1
built,1
delayed,1
major,1
occur,1
discern,1
