WORDCOUNTS,WEIGHT
the,665
of,555
to,368
benjamin,327
a,298
and,275
in,262
s,207
that,201
is,151
as,150
his,120
counterfactual,104
it,96
for,91
by,83
history,80
have,80
with,76
this,75
what,74
we,73
on,73
he,70
an,69
or,67
about,64
which,58
be,58
one,54
was,53
not,52
from,52
are,51
walter,46
arendt,46
intellectual,45
their,44
more,44
would,42
life,41
but,40
can,40
than,39
essay,39
schwartz,38
if,37
they,37
past,35
might,34
who,34
historians,33
see,33
only,32
our,32
us,30
mcmurtry,30
him,30
has,29
own,29
new,28
historical,28
at,27
all,27
its,27
thought,26
questions,26
no,25
had,25
into,24
such,24
also,24
klein,24
political,23
inquiry,23
rather,23
other,23
there,22
events,22
ask,22
been,22
work,21
different,21
may,20
death,19
those,18
york,18
counterfactuals,18
himself,17
could,17
time,17
ibid,17
story,17
through,17
some,16
without,16
university,16
important,16
however,16
order,16
read,16
imagination,16
her,16
philosophy,16
much,16
were,15
moment,15
even,15
i,15
theses,15
like,15
adorno,15
question,15
against,14
how,14
because,14
critical,14
indeed,14
do,14
historian,14
suicide,14
does,13
help,13
west,13
wurgaft,13
cultural,13
sense,13
ed,13
less,13
asking,13
los,13
itself,13
present,13
press,13
course,13
between,13
given,13
either,12
thus,12
clark,12
most,12
view,12
always,12
when,12
angel,12
never,12
mokyr,12
seem,12
theory,12
aldes,12
later,11
something,11
first,11
illuminations,11
attempt,11
very,11
interest,11
angeles,11
reception,11
thesis,11
moments,11
fact,11
so,11
become,11
she,11
american,10
seems,10
possible,10
out,10
well,10
causal,10
social,10
many,10
nothing,10
counterf,10
interested,10
any,10
although,10
potential,10
marxist,10
berlin,9
every,9
messianic,9
point,9
understand,9
my,9
late,9
understood,9
future,9
place,9
once,9
technology,9
perhaps,9
after,9
tendency,9
often,9
did,9
particular,9
writing,9
words,8
reasons,8
real,8
soviet,8
just,8
though,8
project,8
contingency,8
still,8
insights,8
toward,8
where,8
individual,8
then,8
bernstein,8
tetlock,8
works,8
them,8
form,8
world,8
think,8
mode,8
instead,8
texts,8
way,7
crossing,7
studies,7
possibilities,7
desire,7
great,7
narrative,7
nevertheless,7
within,7
kind,7
german,7
actuals,7
makes,7
study,7
critic,7
produced,7
otherwise,7
actually,7
marx,7
texas,7
economic,7
same,7
projects,7
scholars,7
tell,7
explicitly,7
made,7
upon,7
use,7
actual,7
roessler,7
mourning,7
books,7
both,7
should,7
meaning,6
unmaking,6
refusal,6
potentially,6
hannah,6
reading,6
politics,6
marxism,6
mistakes,6
left,6
morson,6
process,6
clearly,6
greenberg,6
called,6
method,6
literature,6
knowledge,6
suggest,6
up,6
survived,6
says,6
make,6
under,6
these,6
causality,6
idea,6
stories,6
materialist,6
contemporary,6
another,6
understanding,6
ideas,6
california,6
clear,6
peter,6
period,6
earlier,6
especially,6
why,6
circumstances,6
know,6
berkeley,6
historicism,6
turned,6
want,6
writes,6
while,6
urban,6
must,6
city,6
conditions,6
specific,6
tragic,6
now,5
concerned,5
career,5
introduction,5
essays,5
unlike,5
beethoven,5
military,5
j,5
europe,5
tradition,5
state,5
precisely,5
richard,5
evans,5
exercises,5
review,5
author,5
explore,5
critics,5
counterhistory,5
developments,5
too,5
show,5
came,5
academic,5
cannot,5
jewish,5
failure,5
example,5
calls,5
et,5
call,5
t,5
published,5
useful,5
event,5
around,5
few,5
concerns,5
research,5
gordon,5
will,5
contingent,5
sideshadowing,5
wrote,5
motivated,5
happened,5
culture,5
al,5
two,5
stalin,5
power,5
lack,5
personal,5
man,5
chain,5
eds,5
formal,5
implicitly,5
analysis,5
timeline,5
scholem,5
comes,5
series,5
redemption,5
agents,5
storyteller,5
whether,5
backshadowing,5
suggests,5
little,5
subject,5
simply,5
years,5
evidence,5
carr,5
materialism,5
themselves,5
technological,5
famous,5
lovejoy,4
e,4
passing,4
identify,4
modern,4
brecht,4
biographical,4
uses,4
experience,4
arcades,4
being,4
said,4
certainly,4
taken,4
investments,4
experiments,4
book,4
reveal,4
take,4
tragedy,4
case,4
america,4
collection,4
objective,4
constellation,4
century,4
theorists,4
find,4
died,4
critique,4
whose,4
hopes,4
soviets,4
explicit,4
exercise,4
factors,4
escape,4
consider,4
established,4
bit,4
age,4
origins,4
asks,4
suggested,4
reflections,4
inherent,4
effort,4
further,4
memory,4
shape,4
reader,4
part,4
london,4
used,4
nor,4
field,4
presence,4
telling,4
progress,4
describes,4
commit,4
banal,4
experiences,4
jay,4
light,4
friend,4
party,4
support,4
demetz,4
challenge,4
addition,4
everything,4
readers,4
took,4
spain,4
existing,4
necessary,4
style,4
day,4
historiographical,4
survive,4
causes,4
academics,4
aesthetic,4
language,4
times,4
claim,4
least,4
queen,4
methods,4
dominance,4
connections,4
professional,4
beads,4
relationship,4
me,4
sometimes,4
crucial,4
dead,4
interpretive,4
attachment,4
claims,4
blocked,4
version,4
set,4
outcome,4
dairy,4
ideological,4
benefit,4
defend,4
terms,4
namely,4
ones,4
map,4
almost,4
art,4
radically,4
despite,4
gain,4
come,4
ultimately,4
survival,4
write,4
need,4
colleagues,4
norman,4
element,4
among,4
here,4
commitment,3
kinds,3
larry,3
tend,3
true,3
affective,3
easily,3
title,3
before,3
negative,3
else,3
frankfurt,3
sad,3
archer,3
gary,3
shaped,3
explores,3
fully,3
able,3
room,3
somewhat,3
issue,3
protagonists,3
king,3
task,3
condition,3
shame,3
say,3
foregone,3
sign,3
interestingly,3
schocken,3
redeemed,3
facts,3
quality,3
since,3
narratives,3
nazis,3
perspective,3
single,3
benjaminian,3
lens,3
thinker,3
reflects,3
developed,3
remain,3
influential,3
mean,3
coffee,3
importance,3
gesture,3
means,3
posthumous,3
accounts,3
cause,3
literary,3
sheer,3
readings,3
beyond,3
flow,3
whereas,3
greater,3
harder,3
county,3
philosophical,3
furthermore,3
fusion,3
war,3
explain,3
scene,3
possibility,3
received,3
during,3
literally,3
people,3
change,3
level,3
cold,3
socialist,3
subjective,3
storm,3
politically,3
phrase,3
davis,3
ignore,3
imagines,3
industry,3
methodological,3
philip,3
practice,3
using,3
joel,3
appropriate,3
messiah,3
unfinished,3
led,3
second,3
mysterious,3
action,3
play,3
criticism,3
interpretation,3
friendship,3
usefulness,3
udi,3
really,3
larger,3
john,3
fashion,3
serious,3
forms,3
fame,3
model,3
shared,3
redeem,3
kong,3
writings,3
including,3
enormous,3
entirely,3
engaging,3
examination,3
attraction,3
significance,3
points,3
dominated,3
function,3
serves,3
latter,3
conclusions,3
behind,3
trying,3
inspired,3
eyes,3
evolutionary,3
examine,3
carried,3
science,3
empire,3
becomes,3
dimensions,3
effectively,3
importantly,3
fall,3
types,3
exists,3
get,3
vanessa,3
kermode,3
rigorous,3
stephen,3
border,3
thinking,3
forgetting,3
friends,3
school,3
eli,3
natural,3
disinterested,3
actuality,3
fortuna,3
speculation,3
impossible,3
far,3
essentially,3
merely,3
better,3
person,3
according,3
scholarly,3
investigation,3
gestures,3
freedom,3
practical,3
hindsight,3
gershom,3
step,3
subculture,3
resistance,3
reveals,3
cambridge,3
move,3
france,3
remains,3
puts,3
images,3
strong,3
doing,3
laura,2
complaint,2
done,2
struggle,2
common,2
scholar,2
faced,2
extreme,2
happen,2
murdered,2
entanglements,2
likewise,2
mike,2
fate,2
diplomatic,2
catastrophe,2
ways,2
figuratively,2
opponents,2
position,2
western,2
tells,2
princeton,2
invoking,2
sit,2
η,2
hence,2
long,2
connection,2
human,2
interests,2
adopt,2
motivations,2
saul,2
central,2
permanently,2
degree,2
nature,2
attractive,2
advantage,2
jolt,2
shot,2
found,2
debt,2
introduces,2
last,2
mind,2
trouble,2
influences,2
concepts,2
opposite,2
committed,2
takes,2
primary,2
mass,2
therapeutic,2
andré,2
object,2
establishing,2
functions,2
bibliography,2
moscow,2
insight,2
moving,2
taking,2
selecting,2
lynda,2
unhappy,2
michaels,2
engage,2
thinkers,2
harmony,2
hegel,2
pursuing,2
linked,2
victim,2
regarding,2
preoccupied,2
goal,2
cicero,2
announce,2
eventual,2
development,2
pursue,2
wreckage,2
agent,2
rebecca,2
relatively,2
te,2
envy,2
restore,2
learning,2
thing,2
adam,2
elements,2
rejecting,2
keep,2
selection,2
depend,2
inattention,2
back,2
subjects,2
differently,2
look,2
leftists,2
colleague,2
european,2
aim,2
opposed,2
sixteen,2
interesting,2
hero,2
identification,2
resists,2
links,2
purely,2
edward,2
notion,2
johannes,2
survives,2
opportunity,2
turn,2
certain,2
marcus,2
lay,2
precious,2
moves,2
characterizes,2
martin,2
fantasy,2
ensure,2
benefits,2
abuses,2
driven,2
objectivity,2
weak,2
frequently,2
zionist,2
authority,2
willing,2
appear,2
trajectories,2
union,2
earned,2
whom,2
identifying,2
bertholt,2
histories,2
public,2
conservative,2
attack,2
martyr,2
lived,2
changed,2
deal,2
demands,2
international,2
curiosity,2
pass,2
criticisms,2
melancholy,2
constantly,2
base,2
chinese,2
blow,2
groundwork,2
acquaintance,2
record,2
hypothetical,2
produce,2
absolute,2
having,2
theological,2
preconditions,2
tool,2
emphasis,2
prompted,2
discusses,2
interpreters,2
secret,2
positions,2
contain,2
briefcase,2
criticized,2
got,2
understandable,2
positing,2
grain,2
transported,2
forces,2
weekly,2
novels,2
anything,2
interpreted,2
horizon,2
counterworlds,2
approach,2
good,2
working,2
contrast,2
theater,2
rosary,2
small,2
historicist,2
influence,2
driving,2
june,2
disaster,2
invoke,2
seeds,2
descendants,2
posed,2
passive,2
society,2
inevitability,2
horizons,2
ana,2
communist,2
chains,2
advocate,2
fortunately,2
wings,2
computing,2
reduce,2
surviving,2
averted,2
artist,2
guide,2
frank,2
chronicle,2
oxford,2
opportunities,2
represents,2
accident,2
monad,2
serve,2
selective,2
complete,2
abandon,2
choices,2
experiment,2
already,2
rise,2
fugitive,2
journalist,2
volume,2
disappearing,2
name,2
childhood,2
others,2
experienced,2
communal,2
shows,2
longer,2
consideration,2
conduct,2
regret,2
fleeing,2
appeared,2
abstract,2
stop,2
end,2
debates,2
granting,2
arthur,2
entertained,2
enough,2
hand,2
learn,2
chips,2
novelist,2
accepted,2
michael,2
deep,2
unclear,2
belief,2
number,2
stipend,2
interpreting,2
demonstrated,2
status,2
exploring,2
father,2
examples,2
unquestionably,2
opera,2
nead,2
looking,2
medium,2
lanchester,2
poignant,2
significant,2
expression,2
largely,2
assumption,2
itinerary,2
shortcomings,2
sequence,2
zionism,2
full,2
sees,2
theoretical,2
described,2
putative,2
ties,2
open,2
quotation,2
authors,2
logic,2
held,2
anne,2
general,2
filled,2
traction,2
ε,2
provides,2
lose,2
somehow,2
portbou,2
relation,2
anderson,2
counterfactualist,2
probably,2
slightly,2
looked,2
attracted,2
normal,2
arresting,2
attention,2
widely,2
examines,2
standard,2
moses,2
provide,2
figure,2
usually,2
vision,2
ideology,2
reasonable,2
bulhof,2
deaths,2
referred,2
relations,2
visual,2
united,2
spark,2
face,2
album,2
spun,2
curious,2
monument,2
associated,2
material,2
believed,2
lessons,2
changing,2
wartime,2
ever,2
implied,2
wolin,2
phillips,2
drew,2
leftist,2
resonance,2
quickly,2
dimension,2
over,2
fitness,2
sure,2
worth,2
global,2
best,2
down,2
counting,2
particularly,2
written,2
cities,2
invocation,2
assessment,2
catalogue,2
following,2
saying,2
blowing,2
sartre,2
suffering,2
solnit,2
induction,2
put,2
mere,2
problem,2
undo,2
information,2
missed,2
scenarios,2
biography,2
remember,2
presented,2
careful,2
paradise,2
horkheimer,2
alternatives,2
role,2
easy,2
went,2
pathos,2
phenomenon,2
villains,2
devoted,2
until,2
argument,2
accept,2
aware,2
wish,2
offer,2
regime,2
guiding,2
rothstein,2
states,2
effects,2
attempted,2
shift,2
morning,2
charles,2
southern,2
justify,2
reached,2
canonization,2
create,2
ends,2
recent,2
asked,2
close,2
perception,2
freud,1
alland,1
proposed,1
arrives,1
garnered,1
ending,1
brushing,1
unobtainable,1
humanism,1
personally,1
deny,1
dies,1
unflinching,1
projected,1
imagining,1
emptiness,1
ambivalence,1
heroic,1
lonesome,1
productions,1
concern,1
groups,1
narrator,1
opponent,1
technique,1
praised,1
propels,1
wonder,1
represent,1
affected,1
elliot,1
extend,1
valences,1
conducted,1
determine,1
resisting,1
despairing,1
liberating,1
alone,1
albeit,1
stands,1
string,1
notably,1
manuscript,1
sphere,1
defenses,1
debris,1
gallagher,1
trash,1
paradoxically,1
told,1
becoming,1
perceive,1
cagey,1
denied,1
jews,1
agency,1
senseit,1
mankind,1
forgiveness,1
artwork,1
sideways,1
ma,1
songs,1
cá,1
neighborhoods,1
remind,1
phase,1
live,1
uncharacteristic,1
jeztzeit,1
dragging,1
contextualization,1
sets,1
nikolai,1
each,1
bias,1
encountering,1
notwithstanding,1
considerations,1
unattempted,1
trace,1
signifies,1
fixed,1
pantheon,1
potentials,1
character,1
necessarily,1
split,1
pose,1
laid,1
voce,1
total,1
evasive,1
legion,1
caricatured,1
complacency,1
induced,1
allow,1
track,1
eye,1
revision,1
yield,1
eager,1
verdict,1
du,1
vicissent,1
practices,1
women,1
leads,1
squire,1
highlight,1
infusing,1
reîlected,1
romance,1
concretely,1
intends,1
noir,1
philosophers,1
lightly,1
wrong,1
émigré,1
torical,1
geoffrey,1
relies,1
pursuits,1
expressive,1
sideshadow,1
scientific,1
handle,1
originally,1
ii,1
nietzschean,1
attentiveness,1
give,1
restoration,1
abound,1
enables,1
composer,1
address,1
progression,1
articulate,1
fragmentary,1
apologists,1
england,1
historiography,1
containing,1
inhabits,1
company,1
saves,1
reach,1
prejudices,1
copy,1
seneca,1
scientists,1
leading,1
secondary,1
assess,1
belong,1
contingencies,1
elegiac,1
paranoia,1
borders,1
careers,1
taxonomist,1
thank,1
untapped,1
psychoanalyst,1
coming,1
wave,1
imaginary,1
blind,1
producing,1
senses,1
achievement,1
flânerie,1
chroniclers,1
government,1
link,1
transporting,1
stream,1
onto,1
concludes,1
procedure,1
externalization,1
resulting,1
reproduction,1
hashish,1
vicerunthow,1
subsequent,1
inadvertently,1
exiles,1
faithful,1
contemplativa,1
drinkers,1
miles,1
niall,1
respond,1
remainder,1
raised,1
indulgence,1
subtracting,1
robert,1
seriousness,1
suspension,1
gibson,1
intelligence,1
specifiable,1
superficially,1
barred,1
return,1
daniel,1
context,1
contents,1
historically,1
nowhere,1
broadsides,1
skyward,1
refute,1
existence,1
modernist,1
moyn,1
seven,1
bertolt,1
teleological,1
advice,1
sought,1
foreknowledge,1
iv,1
incorporate,1
killed,1
right,1
victims,1
flash,1
account,1
heroically,1
uneven,1
announced,1
shadowing,1
methodologies,1
determined,1
logical,1
stance,1
terfactuals,1
authentic,1
activity,1
matched,1
realize,1
goethe,1
dissidents,1
reaching,1
drive,1
antitotalitarian,1
alter,1
october,1
bios,1
investigator,1
magazine,1
baudelaire,1
apocalyptic,1
medical,1
apart,1
reassessing,1
interdisciplinary,1
tyranny,1
except,1
reflecting,1
ideologically,1
leskov,1
materialists,1
anticipated,1
acolytes,1
negotiation,1
undoubtedly,1
keeps,1
deducing,1
description,1
letter,1
overlaps,1
complained,1
conflict,1
screenplays,1
lbid,1
talisman,1
includes,1
throughout,1
comprehending,1
nullify,1
de,1
livingthe,1
mouth,1
proponentin,1
relationships,1
misfortune,1
inew,1
whore,1
run,1
professor,1
coda,1
pursuit,1
laudatory,1
kapital,1
implicating,1
plato,1
g,1
group,1
novelistic,1
divine,1
characteristic,1
ability,1
contributors,1
adopted,1
repositioned,1
raises,1
afford,1
issued,1
difficulty,1
shatter,1
laurie,1
realization,1
type,1
employing,1
trilectic,1
counter,1
expected,1
ferguson,1
melancholic,1
affairs,1
tinged,1
enliven,1
subordinated,1
speculative,1
reluctance,1
isunlike,1
concrete,1
contrary,1
denken,1
machines,1
modernity,1
six,1
extraordinary,1
premiered,1
gauge,1
lineage,1
postponed,1
grandparents,1
effective,1
counterfactually,1
milieuthat,1
thin,1
properly,1
committing,1
pointour,1
formulate,1
y,1
student,1
gambit,1
flaneur,1
memoir,1
journal,1
practically,1
intrigued,1
shading,1
apparently,1
supporters,1
traditions,1
decline,1
terror,1
professionally,1
recordedthey,1
wanderlust,1
hardly,1
invites,1
generation,1
talent,1
nuanced,1
undone,1
habilitate,1
jerusalem,1
glad,1
downcast,1
virtual,1
poorly,1
celebrating,1
poverty,1
tragically,1
depoliticized,1
alive,1
oj,1
drained,1
abiding,1
permits,1
site,1
assessed,1
opacity,1
definitively,1
align,1
cast,1
ohne,1
philadelphia,1
wishes,1
dangerously,1
reasoninga,1
understands,1
essential,1
endorse,1
figureand,1
mild,1
act,1
indisputable,1
privatdozent,1
growth,1
wanting,1
troubled,1
adds,1
novelists,1
sort,1
premodern,1
lie,1
organizing,1
basic,1
fuels,1
hebrew,1
fantasies,1
assassination,1
appreciation,1
reference,1
preparing,1
sow,1
capture,1
presentation,1
untimely,1
forgives,1
knew,1
completely,1
politicians,1
shortly,1
deliberately,1
goes,1
dealt,1
fixated,1
abstraction,1
determining,1
rescue,1
landscapes,1
humanity,1
leave,1
sympathize,1
grasping,1
strange,1
aphoristic,1
epoch,1
special,1
revelation,1
possess,1
bordello,1
enabled,1
danger,1
illustrations,1
offering,1
inscribe,1
rules,1
appropriateness,1
masterwork,1
discoveries,1
arbor,1
awareness,1
indulging,1
radiating,1
scattered,1
leftthose,1
front,1
francesifting,1
theodor,1
involve,1
eighteen,1
enjoined,1
category,1
posthumously,1
romantic,1
bad,1
space,1
totalitarianism,1
licenses,1
owl,1
postmodern,1
needless,1
les,1
intellectually,1
antidote,1
descent,1
attends,1
underlying,1
leaves,1
wins,1
warren,1
section,1
experiencefor,1
days,1
fantasize,1
air,1
bruce,1
articulated,1
displays,1
tnis,1
instrument,1
shore,1
threat,1
nowadays,1
orientation,1
acknowledges,1
inquisitions,1
commented,1
additional,1
howeverit,1
cripplingly,1
emeritus,1
follow,1
saint,1
stormwind,1
lifelong,1
defeat,1
spur,1
notions,1
generally,1
storytelling,1
hourmight,1
whiggish,1
requires,1
tragedies,1
condemn,1
injustice,1
guidance,1
crucially,1
wishart,1
hit,1
care,1
helped,1
mocking,1
uncommitted,1
david,1
films,1
celebrants,1
decades,1
advocated,1
denounce,1
qui,1
fama,1
causation,1
geopolitically,1
liberatory,1
ferneyhough,1
tirst,1
troubling,1
leaps,1
result,1
closely,1
narration,1
remembered,1
based,1
access,1
introduce,1
affiliated,1
location,1
agenda,1
cowley,1
begun,1
plot,1
das,1
typical,1
unhelpful,1
p,1
temptation,1
employment,1
resembles,1
objectives,1
intellectuals,1
rudolf,1
centrally,1
missteps,1
parisian,1
aloof,1
noting,1
denigration,1
viking,1
strident,1
predecessor,1
shoes,1
struggles,1
upscale,1
eliminates,1
entice,1
cups,1
lebow,1
prompt,1
holz,1
equal,1
let,1
promotes,1
posited,1
onwe,1
wishing,1
forking,1
banisters,1
typewriter,1
michigan,1
keywords,1
indirect,1
treat,1
awaken,1
tools,1
misleading,1
default,1
viewed,1
recently,1
constraining,1
sentence,1
applied,1
coulanges,1
excellent,1
intertwined,1
productively,1
safe,1
agentive,1
extrapolation,1
doesn,1
dialectic,1
procedures,1
perform,1
dwelling,1
interestedare,1
backshadowed,1
exiting,1
benjamins,1
near,1
foregrounds,1
engine,1
influenced,1
indian,1
receive,1
aspects,1
improve,1
alienation,1
mindindeed,1
espionage,1
postwar,1
invisible,1
stances,1
line,1
relief,1
okzident,1
dove,1
egalitarian,1
lapses,1
planning,1
publish,1
rocks,1
detract,1
fictions,1
responding,1
schuster,1
strict,1
break,1
heart,1
concept,1
striking,1
prominent,1
themes,1
compass,1
training,1
areor,1
related,1
enter,1
recommends,1
thoughts,1
feared,1
directness,1
savaged,1
whole,1
year,1
v,1
describe,1
quotations,1
historythe,1
issues,1
flight,1
icon,1
accidental,1
lunch,1
noted,1
transmitting,1
runs,1
speaking,1
device,1
agnostic,1
focuses,1
illustrative,1
away,1
triumphs,1
newspaper,1
institution,1
realms,1
wohn,1
philosophically,1
manage,1
won,1
sterling,1
currents,1
enthusiastic,1
memoirs,1
professorship,1
trends,1
lhe,1
thrived,1
persona,1
pyrenees,1
harsher,1
aided,1
villager,1
tone,1
creating,1
construct,1
marxismindeed,1
peopled,1
start,1
painting,1
commonsensical,1
fulfilled,1
personato,1
tentacles,1
revolution,1
autobiographical,1
simpler,1
speculations,1
causesjust,1
unbearable,1
complicate,1
keenly,1
tries,1
spy,1
liquidation,1
affluent,1
several,1
underscore,1
biblically,1
spanish,1
pastjust,1
endowed,1
accomplished,1
revealing,1
botanizing,1
mal,1
ninth,1
receptions,1
psychological,1
comfort,1
dramatic,1
invaluable,1
shadows,1
choosing,1
longman,1
goddess,1
distinguished,1
boundaries,1
dedicated,1
vein,1
inability,1
results,1
und,1
inquiries,1
plausible,1
hermann,1
value,1
posing,1
thoughtand,1
actions,1
discontents,1
questioning,1
grasp,1
reducing,1
geographical,1
activities,1
promising,1
teleology,1
avoid,1
lend,1
smashed,1
courageous,1
heimann,1
bee,1
chronological,1
diner,1
battle,1
kant,1
churchill,1
film,1
approximate,1
generis,1
sons,1
myth,1
sows,1
loquacious,1
matter,1
attempts,1
contact,1
entitled,1
subverted,1
ire,1
short,1
drama,1
service,1
brian,1
surprisingly,1
resisted,1
irony,1
limited,1
caught,1
reinterpreted,1
cloud,1
ahistorical,1
appreciate,1
brief,1
forward,1
possesses,1
nearly,1
lies,1
blot,1
brings,1
forbidden,1
headrick,1
gift,1
prove,1
community,1
pile,1
july,1
establishes,1
tor,1
garden,1
nursery,1
movement,1
modes,1
newton,1
negate,1
suppose,1
cultivate,1
surveyed,1
dirk,1
inhabited,1
decisions,1
parker,1
positive,1
kills,1
indeedfor,1
riches,1
engineering,1
hollywood,1
confronting,1
twists,1
contributing,1
edited,1
yet,1
victor,1
violence,1
observer,1
geländer,1
refusing,1
examined,1
wake,1
security,1
tremendous,1
herodotus,1
recommendation,1
towards,1
strolling,1
counterparts,1
borrowed,1
repair,1
formally,1
inspiration,1
collings,1
chronology,1
tangled,1
boundary,1
ancient,1
contemplation,1
reconsideration,1
diluting,1
curie,1
included,1
home,1
eminently,1
graphos,1
infrastructure,1
perspectives,1
pseudonym,1
friedrich,1
si,1
acknowledging,1
belonging,1
preeminent,1
scraps,1
qualified,1
reliance,1
begins,1
eisenberg,1
enforce,1
vichy,1
relevance,1
avoided,1
considers,1
conjecturally,1
love,1
bloomsbury,1
chose,1
fleurs,1
street,1
diary,1
starting,1
lewis,1
vicissitudes,1
detlef,1
french,1
talked,1
juxtaposing,1
argumentative,1
inflected,1
metaphysical,1
stated,1
patron,1
paraphrasing,1
pointed,1
deserves,1
rejects,1
interred,1
aground,1
hurls,1
rock,1
desiring,1
countermeasure,1
smith,1
missing,1
sui,1
piling,1
efforts,1
generational,1
speaks,1
circumstanceand,1
artists,1
factual,1
terminating,1
religious,1
preserve,1
misinterpretation,1
marseilles,1
historyi,1
chronik,1
naturally,1
lacks,1
inevitably,1
enable,1
commemorate,1
comparatively,1
isolate,1
estrangement,1
hear,1
grows,1
resonant,1
false,1
inherently,1
pennsylvania,1
pattern,1
seldom,1
reflect,1
remark,1
observes,1
fragments,1
simple,1
angels,1
honor,1
wesleyan,1
reproductive,1
deflationary,1
contingencythat,1
drinking,1
paris,1
ground,1
begin,1
operating,1
gentriiication,1
manner,1
somethingand,1
road,1
select,1
banned,1
continuing,1
establish,1
vivi,1
relevant,1
suburb,1
answer,1
aliyah,1
spot,1
skein,1
analyses,1
meant,1
insightfrom,1
ahead,1
redeemer,1
rich,1
burdened,1
compelled,1
marcuse,1
gives,1
insecure,1
counterpart,1
follows,1
antichrist,1
chair,1
convenient,1
aq,1
remained,1
palestine,1
remove,1
shine,1
sir,1
local,1
imagine,1
communism,1
image,1
private,1
technologies,1
collecting,1
martyrare,1
finish,1
aesthetically,1
secured,1
institute,1
laqueur,1
atlantic,1
lost,1
background,1
completed,1
bear,1
values,1
helps,1
cult,1
sides,1
hauptwerk,1
benjaminiana,1
parents,1
holt,1
apology,1
berliner,1
drug,1
empirical,1
elegy,1
undoable,1
oppose,1
emphasize,1
assume,1
backprepared,1
verso,1
harvard,1
submitted,1
pleasure,1
fixedly,1
trend,1
hour,1
enfolding,1
engaged,1
individuals,1
stay,1
trip,1
chosen,1
previous,1
pictures,1
fold,1
stultifying,1
lacjis,1
involves,1
versions,1
rejected,1
installed,1
futile,1
erasure,1
meanings,1
discovered,1
three,1
alienating,1
remaining,1
lotze,1
emphasizing,1
fullness,1
judaism,1
express,1
aaron,1
appearance,1
victory,1
disappointed,1
co,1
issn,1
haunted,1
historicization,1
spread,1
vita,1
waiter,1
responses,1
high,1
causally,1
inquiring,1
paths,1
redeems,1
kept,1
accurate,1
greens,1
fragility,1
poskanzer,1
whoeven,1
thomas,1
foreshadow,1
admirers,1
communists,1
wasn,1
contentedno,1
sentiment,1
comparing,1
internal,1
outcomes,1
commentators,1
imaginative,1
arise,1
feet,1
reads,1
remade,1
stand,1
ann,1
teach,1
sstrictly,1
structure,1
henry,1
seeking,1
capitalism,1
rhetorical,1
destructionperhaps,1
painter,1
securing,1
novus,1
earliera,1
figures,1
save,1
saw,1
haven,1
engagement,1
attend,1
quarterly,1
chronicles,1
remarkable,1
adaptive,1
develop,1
tenuous,1
sprawl,1
hope,1
regimes,1
greek,1
specialty,1
entanglement,1
applies,1
weimar,1
justice,1
restores,1
performing,1
tortured,1
fails,1
sigh,1
inventors,1
bimon,1
fifty,1
speculate,1
ivvv,1
discussing,1
assigned,1
fascism,1
pure,1
aid,1
today,1
payoffs,1
publishing,1
invokes,1
raise,1
independent,1
secular,1
seventeen,1
movements,1
foreign,1
criminal,1
defenders,1
òee,1
practitioners,1
bound,1
program,1
pieces,1
neglecting,1
ironically,1
celebration,1
alternate,1
lines,1
attitude,1
modernism,1
deborah,1
success,1
fascismfor,1
seen,1
uncompleted,1
albums,1
yale,1
bears,1
contemplating,1
began,1
subconscious,1
lawrence,1
lives,1
contribution,1
compromising,1
transformation,1
legitimacy,1
recognize,1
storytellers,1
whereby,1
plains,1
length,1
shadowtime,1
moritz,1
angelus,1
insistence,1
responsible,1
spared,1
existed,1
achieve,1
surprising,1
breckman,1
respect,1
composed,1
canonical,1
orient,1
tapping,1
worlds,1
commenting,1
resemble,1
victorious,1
employs,1
comic,1
hapless,1
biology,1
considered,1
articulations,1
detail,1
entertain,1
dissertation,1
metaphorfor,1
ofthat,1
exchanged,1
seriously,1
heavy,1
modality,1
wd,1
beast,1
judgments,1
grounds,1
counterintuitive,1
conclusion,1
arrest,1
conjunction,1
comparison,1
grand,1
morte,1
staunch,1
belkin,1
aspersions,1
demonstrate,1
constituted,1
scarcely,1
satisfying,1
damaging,1
speculating,1
continues,1
symbolic,1
known,1
dissident,1
barbarism,1
recognizable,1
totality,1
physical,1
proposes,1
borrow,1
fraught,1
symbol,1
appealing,1
alternative,1
mirrors,1
methodologically,1
willful,1
ran,1
disengaged,1
unavailable,1
salarybut,1
refused,1
principle,1
tendencies,1
damning,1
novel,1
nobility,1
expanding,1
irresistibly,1
neaman,1
east,1
innovations,1
believe,1
forebears,1
gone,1
flowing,1
distraction,1
fanning,1
print,1
jetztzeit,1
homogenization,1
scenario,1
followers,1
iii,1
relive,1
lacis,1
streets,1
launching,1
conceivably,1
elitist,1
enemy,1
readingthe,1
attractions,1
pitfall,1
associations,1
examining,1
ned,1
unrealized,1
free,1
placing,1
shoah,1
innumerable,1
quoted,1
passage,1
living,1
masters,1
inspires,1
glory,1
clarity,1
industrial,1
quietly,1
gundolf,1
knows,1
william,1
chokepoint,1
purchase,1
sotto,1
march,1
muse,1
transmitted,1
combined,1
concedes,1
playful,1
list,1
rising,1
pact,1
parini,1
add,1
metaphor,1
proven,1
hoped,1
preoccupation,1
statement,1
firmly,1
grief,1
serials,1
dream,1
understandably,1
insightful,1
injunction,1
utilitarian,1
varied,1
yorker,1
brilliant,1
hitler,1
pursued,1
premised,1
secure,1
hypothesize,1
rewrite,1
explored,1
absurdly,1
encounters,1
apartment,1
ideal,1
tempting,1
hundreds,1
citable,1
library,1
ascertain,1
targets,1
popular,1
fustel,1
denouement,1
intention,1
marked,1
peace,1
attached,1
conclude,1
police,1
contemporaneity,1
introduced,1
jewlia,1
joining,1
content,1
became,1
convinced,1
detachment,1
giving,1
turns,1
transition,1
rendering,1
returning,1
endures,1
dismal,1
territory,1
acute,1
measure,1
generals,1
encounter,1
putnam,1
target,1
correctand,1
subduer,1
discussion,1
referring,1
epistemic,1
breakthrough,1
aims,1
faculty,1
tod,1
daring,1
sparked,1
remarks,1
unexplored,1
named,1
berghahn,1
messianism,1
determinism,1
mishandled,1
afresh,1
spring,1
recording,1
prescribe,1
authorial,1
birth,1
suffuses,1
difference,1
notes,1
predispositions,1
initiated,1
twentieth,1
opens,1
national,1
samuel,1
univeristy,1
catherine,1
grant,1
reflexes,1
crisis,1
parallels,1
joined,1
canvases,1
include,1
presumes,1
land,1
consumption,1
product,1
writer,1
affirmation,1
sympathizing,1
quotes,1
clues,1
tellingly,1
grapple,1
habilitation,1
promptly,1
walking,1
quartz,1
increased,1
untouched,1
subtracts,1
klee,1
traveling,1
rereads,1
classically,1
trajectory,1
distributes,1
spectator,1
rest,1
allegedly,1
myers,1
rejection,1
inconclusive,1
recommend,1
era,1
valuable,1
presumptuous,1
early,1
embraces,1
views,1
substantial,1
entire,1
eloquently,1
vagaries,1
abandoned,1
winston,1
verfremdungseffekt,1
immediately,1
conventions,1
uk,1
indeterminacy,1
resist,1
breathed,1
virtue,1
bantam,1
learned,1
agnosticism,1
mistaken,1
preconceptions,1
major,1
deeper,1
pausing,1
asphalt,1
hypothesis,1
