WORDCOUNTS,WEIGHT
the,742
of,547
and,419
to,300
in,294
a,194
that,160
is,120
as,107
this,92
are,85
for,82
on,80
religious,75
israel,75
with,73
settlers,64
it,63
secular,60
be,59
or,58
between,55
which,54
not,53
jews,52
jewish,52
s,51
their,50
we,49
those,45
who,44
case,43
by,43
israeli,43
from,43
these,42
motivated,39
religiously,39
what,39
have,39
i,38
at,37
they,37
state,37
muslims,37
people,36
has,33
political,32
liberal,32
but,32
other,29
others,29
ways,27
practices,27
often,26
university,25
right,24
conflict,24
through,24
press,24
territories,24
new,23
both,23
land,23
politics,22
arab,22
some,21
project,21
an,21
among,21
was,20
work,20
see,20
mahmood,19
dalsheim,19
asad,19
its,19
islam,19
more,19
also,19
beliefs,19
can,19
groups,18
rights,18
york,18
certain,18
israelis,18
about,18
zionism,18
been,18
them,18
freedom,18
should,18
vilified,17
one,17
within,17
because,17
settlement,17
demonized,17
butler,17
might,16
religion,16
west,16
left,16
opposition,16
discourse,16
palestine,16
settler,16
categories,16
jew,16
there,15
radical,15
fundamentalism,15
differences,14
secularism,14
my,14
will,14
palestinians,14
would,14
very,14
particular,14
if,13
modern,13
being,13
such,13
term,13
when,13
gaza,13
occupied,13
liberalism,13
each,13
all,12
against,12
kind,12
world,12
joyce,12
scholars,12
were,12
life,12
different,12
living,12
while,12
our,12
j,11
strip,11
freedoms,11
zionist,11
violence,11
god,11
do,11
like,11
so,11
citizens,11
problematic,11
considered,11
argue,11
e,10
into,10
europe,10
means,10
modernity,10
opposed,10
how,10
argued,10
most,10
muslim,10
tolerance,10
society,10
hegemonic,10
clash,10
us,10
time,10
identity,10
gush,10
lives,10
peace,10
states,10
way,9
interventions,9
settlements,9
seems,9
citizenship,9
divisions,9
space,9
m,9
appearance,9
out,9
however,9
future,9
example,9
thought,9
many,9
idea,9
forms,9
interfere,9
here,9
difference,9
broader,9
first,8
since,8
even,8
rather,8
similar,8
antagonism,8
powerful,8
religiosity,8
applied,8
public,8
well,8
only,8
practice,8
argument,8
article,8
inside,8
binary,8
recognize,8
enemy,8
form,8
democracy,7
concerned,7
group,7
kinds,7
studies,7
history,7
implications,7
together,7
conditions,7
lustick,7
suicide,7
y,7
critique,7
than,7
study,7
beyond,7
fundamentalists,7
conflicts,7
had,7
rule,7
london,7
own,7
he,7
theorizing,7
same,7
ed,7
two,7
she,7
members,7
really,7
present,7
eds,7
made,7
upon,7
moral,7
sense,7
versus,7
referred,7
over,7
problem,7
much,7
dangerous,7
include,7
chicago,7
comparable,7
common,6
sets,6
position,6
great,6
shafir,6
context,6
representations,6
point,6
far,6
includes,6
find,6
may,6
r,6
his,6
understand,6
requires,6
occupation,6
place,6
stanford,6
orthodox,6
am,6
comparative,6
arendt,6
violent,6
including,6
use,6
instead,6
islamic,6
palestinian,6
analysis,6
then,6
historical,6
places,6
according,6
recognition,6
withdrawal,6
argues,6
aran,6
themselves,6
humanism,5
limits,5
american,5
h,5
before,5
katif,5
incommensurable,5
wrong,5
human,5
take,5
nationalism,5
takes,5
silberstein,5
thus,5
g,5
perspective,5
subjects,5
applying,5
emunim,5
deeply,5
consider,5
threat,5
could,5
found,5
fundamentalisms,5
further,5
war,5
sovereignty,5
tension,5
possibility,5
line,5
part,5
calls,5
commonalities,5
social,5
power,5
yet,5
included,5
culture,5
disengagement,5
toward,5
addition,5
outside,5
perhaps,5
number,5
discourses,5
continuities,5
homes,5
become,5
interpretations,5
brown,5
united,5
known,5
cultures,5
global,5
current,5
terms,5
w,5
middle,5
recognizing,5
arguments,5
come,5
numerous,5
morally,5
does,4
sivan,4
struggle,4
meaning,4
tend,4
live,4
t,4
www,4
undermine,4
preceding,4
interests,4
military,4
analyses,4
u,4
sexual,4
possible,4
irrational,4
engage,4
central,4
categorized,4
relatively,4
cases,4
decisions,4
http,4
whose,4
l,4
tel,4
interferes,4
expressing,4
civilizations,4
clearly,4
zertal,4
too,4
origins,4
important,4
view,4
expressed,4
whom,4
international,4
bombing,4
academic,4
studying,4
interface,4
goodman,4
stake,4
competing,4
nation,4
positions,4
describe,4
issues,4
call,4
formations,4
either,4
order,4
emerging,4
critical,4
second,4
keane,4
matter,4
action,4
separation,4
expansion,4
exception,4
community,4
make,4
yonah,4
communities,4
east,4
liberties,4
ideology,4
love,4
fact,4
contemporary,4
hand,4
belief,4
vilification,4
another,4
expression,4
repugnant,4
oppose,4
eldar,4
questions,4
theoretical,4
netherlands,4
biblical,4
three,4
judaism,4
trying,4
enemies,4
christian,4
relationship,4
me,4
today,4
foreign,4
construction,4
meant,4
thinking,4
associated,4
following,4
anidjar,4
anthropology,4
contradictory,4
scholarly,4
writes,4
theory,4
her,4
up,4
popular,4
must,4
territory,4
challenges,4
think,4
question,4
sensibilities,4
d,4
povinelli,4
orientalism,4
appleby,4
debate,4
create,4
recent,4
now,3
currently,3
ethics,3
berkeley,3
shohat,3
resulted,3
contradicts,3
identify,3
uncomfortable,3
authority,3
easily,3
uses,3
long,3
certainly,3
attempts,3
taken,3
lavie,3
engaged,3
possibilities,3
book,3
continue,3
deemed,3
precisely,3
similarities,3
conceals,3
commonality,3
fundamentalist,3
reflecting,3
apply,3
behavior,3
constitutive,3
violences,3
neighbor,3
barrier,3
progressive,3
allowing,3
no,3
english,3
compatible,3
activists,3
notion,3
mean,3
represented,3
legal,3
humanity,3
ongoing,3
support,3
category,3
maintaining,3
democratic,3
suggested,3
protestant,3
moving,3
result,3
based,3
kook,3
allow,3
histories,3
arabs,3
sabbath,3
emerge,3
supporters,3
recently,3
having,3
distinguish,3
civil,3
knowledge,3
stein,3
used,3
actually,3
reflect,3
participate,3
fieldwork,3
least,3
arise,3
responsibility,3
mizrahi,3
involved,3
concerns,3
hebrew,3
presence,3
protect,3
boundaries,3
impossible,3
division,3
actions,3
situation,3
protecting,3
indeed,3
labeled,3
mainstream,3
movement,3
tends,3
once,3
depicted,3
reference,3
under,3
subjectivities,3
property,3
narratives,3
department,3
marty,3
again,3
analytical,3
consideration,3
rodinson,3
islamists,3
man,3
distinct,3
empire,3
accepted,3
deep,3
books,3
website,3
situated,3
subjectivity,3
range,3
values,3
looking,3
concern,3
significant,3
walzer,3
california,3
authors,3
creating,3
distinction,3
after,3
aviv,3
outcomes,3
connections,3
harding,3
rift,3
carried,3
perspectives,3
provide,3
variously,3
wing,3
seen,3
force,3
legitimacy,3
countries,3
why,3
beinin,3
comes,3
simply,3
extension,3
constructed,3
set,3
distinctions,3
unsettling,3
particularly,3
theology,3
written,3
climate,3
condemning,3
nationalist,3
maintain,3
extent,3
divide,3
oppositions,3
voice,3
emphasis,3
alcalay,3
marking,3
happens,3
com,3
writing,3
despised,3
cambridge,3
discursive,3
accept,3
crisis,3
talal,3
building,3
need,3
typology,3
speak,3
specific,3
potential,3
removing,3
conflated,3
enclave,3
freud,2
sigmund,2
imagining,2
religions,2
scholar,2
created,2
antoun,2
represent,2
extreme,2
haredi,2
extend,2
sheva,2
appear,2
true,2
contend,2
favor,2
greater,2
acceptance,2
western,2
unlike,2
interfering,2
princeton,2
leads,2
said,2
attempt,2
emerged,2
freely,2
thyself,2
reasons,2
origin,2
follows,2
reveal,2
hannah,2
damage,2
toleration,2
mind,2
yiftachel,2
sacred,2
derrida,2
return,2
fulfilling,2
essences,2
system,2
existence,2
forthcoming,2
draws,2
opened,2
prior,2
determined,2
activity,2
subaltern,2
establishing,2
mutual,2
alter,2
magazine,2
shenhav,2
conception,2
establishes,2
representing,2
sullivan,2
marginalized,2
beneath,2
opposes,2
internationally,2
lights,2
sign,2
intervention,2
diversity,2
framework,2
hierarchy,2
pushed,2
mistake,2
throughout,2
explained,2
neighbors,2
futures,2
moment,2
relations,2
vries,2
rooted,2
century,2
thing,2
self,2
concerning,2
back,2
exceptions,2
journal,2
border,2
bedouin,2
general,2
though,2
ammiel,2
jerusalem,2
focused,2
promised,2
shavit,2
civilization,2
recognized,2
dangerously,2
without,2
aimed,2
bombers,2
levels,2
doctrine,2
importance,2
b,2
compromises,2
lacking,2
danger,2
feel,2
totalitarianism,2
tensions,2
fabian,2
sphere,2
elsewhere,2
just,2
threatening,2
remaking,2
situations,2
gentiles,2
stark,2
pious,2
undermines,2
gregory,2
called,2
determines,2
p,2
struggles,2
base,2
coalitions,2
understood,2
cultural,2
offered,2
population,2
spiritual,2
your,2
explain,2
levant,2
enough,2
scene,2
christianity,2
gained,2
unequal,2
basis,2
literature,2
residents,2
vying,2
protected,2
concept,2
purpose,2
apparent,2
related,2
whole,2
during,2
collective,2
impositions,2
away,2
employed,2
contradictions,2
terror,2
good,2
change,2
responses,2
solution,2
closing,2
protestantism,2
hard,2
useful,2
specifically,2
accomplished,2
multiple,2
acts,2
research,2
results,2
altogether,2
value,2
zionists,2
discontents,2
believers,2
happen,2
therefore,2
opposites,2
saw,2
territorial,2
populations,2
located,2
limited,2
saba,2
supporting,2
brings,2
above,2
says,2
comments,2
targeted,2
cultivate,2
put,2
rabkin,2
interpretation,2
read,2
message,2
inconsistencies,2
thesis,2
home,2
lord,2
ethnographic,2
increasingly,2
rise,2
foucault,2
french,2
law,2
business,2
nationalists,2
academy,2
mizrahim,2
pointed,2
projects,2
usefulness,2
speaks,2
attempting,2
reasoning,2
hear,2
feige,2
debates,2
doubt,2
impending,2
serious,2
removal,2
pieces,2
everyday,2
intervene,2
interrogate,2
where,2
existing,2
less,2
council,2
judith,2
gives,2
ibid,2
imagine,2
understanding,2
meaningful,2
encounter,2
discussion,2
considering,2
bear,2
limitations,2
unilateral,2
complexities,2
largely,2
approach,2
ideas,2
ethnic,2
processes,2
individuals,2
versions,2
open,2
express,2
defense,2
pride,2
summer,2
features,2
believing,2
problems,2
maxim,2
yisrael,2
starrett,2
rupture,2
claiming,2
implication,2
analyze,2
parameters,2
positioning,2
attention,2
nagata,2
justice,2
disciplining,2
oxford,2
cair,2
recall,2
sometimes,2
crucial,2
usually,2
practical,2
beilin,2
reasonable,2
primarily,2
juergensmeyer,2
respect,2
get,2
itself,2
worlds,2
hermeneutics,2
addressed,2
claims,2
peled,2
anthropological,2
resonates,2
any,2
comparison,2
democracies,2
continues,2
isaac,2
text,2
sustained,2
alternative,2
coincides,2
defining,2
intellectual,2
connection,2
believe,2
wall,2
thy,2
ideological,2
separating,2
build,2
past,2
poses,2
reactions,2
whether,2
making,2
abraham,2
plural,2
sociologist,2
institute,2
produce,2
suggests,2
theologies,2
despite,2
subject,2
undermining,2
divided,2
colonial,2
allows,2
coming,2
construed,2
moderate,2
finally,2
unease,2
imperative,2
fordham,2
course,2
green,2
conquered,2
centrality,2
presenting,2
reformation,2
discrimination,2
prospects,2
views,2
entire,2
traditional,2
focus,2
prison,2
asked,2
mistaken,2
final,1
difficult,1
toraland,1
margins,1
transportation,1
o,1
done,1
transforming,1
smadar,1
deny,1
waltham,1
later,1
names,1
generous,1
expand,1
showdown,1
propels,1
wonder,1
decades,1
affected,1
ant,1
fiction,1
legitimate,1
trans,1
determine,1
fragmented,1
introduction,1
aiv,1
forth,1
expect,1
incomprehensible,1
church,1
ultraorthodox,1
likewise,1
becoming,1
center,1
large,1
partially,1
touched,1
integrity,1
denied,1
provisions,1
essays,1
halevi,1
word,1
authorize,1
approaches,1
coalition,1
sure,1
leer,1
ideals,1
backs,1
policy,1
character,1
necessarily,1
emphasize,1
allies,1
israelnationalnews,1
presents,1
pose,1
detrimental,1
holding,1
aversion,1
vehemently,1
standards,1
fulfillment,1
contested,1
arguing,1
absence,1
meaningless,1
contexts,1
forcible,1
various,1
experience,1
predominantly,1
notre,1
yehouda,1
else,1
davis,1
relies,1
creation,1
posed,1
distinguishing,1
exclusive,1
militarism,1
ii,1
culturally,1
enables,1
address,1
compliment,1
refusal,1
progression,1
expectation,1
forcibly,1
articulate,1
promoting,1
beautiful,1
ourselves,1
advanced,1
hatred,1
company,1
rabbi,1
principles,1
divorce,1
explores,1
broadly,1
suggesting,1
borders,1
desire,1
relegating,1
ben,1
thank,1
gradual,1
wave,1
pressed,1
producing,1
carrying,1
studied,1
government,1
vanishing,1
moderns,1
closer,1
room,1
real,1
atrocities,1
baehr,1
achieved,1
gideon,1
vocally,1
last,1
faithful,1
fullest,1
respond,1
containment,1
raised,1
classified,1
vilifying,1
alike,1
ambiguous,1
signs,1
construe,1
uyot,1
hostile,1
allegories,1
depends,1
british,1
growing,1
concealed,1
perplexities,1
issue,1
side,1
depending,1
inseparable,1
advocates,1
assumed,1
modernist,1
linear,1
eastern,1
key,1
albeit,1
formulation,1
prone,1
encouraging,1
sought,1
bombings,1
coveted,1
discuss,1
victims,1
chapter,1
abhor,1
recommended,1
marked,1
authentic,1
counterpoint,1
reaching,1
arbolet,1
reaction,1
powers,1
pronouncements,1
move,1
holiness,1
obvious,1
internet,1
taking,1
combination,1
say,1
conceptual,1
shielke,1
establishment,1
owners,1
laws,1
cited,1
liberals,1
enter,1
tied,1
split,1
facets,1
usage,1
labor,1
kimmerling,1
goal,1
selves,1
exemplifying,1
review,1
affiliation,1
surely,1
harcourt,1
relationships,1
dynamics,1
quality,1
intractable,1
pursue,1
professor,1
baruch,1
september,1
ethnocracy,1
integral,1
humanists,1
remorse,1
animosity,1
reflection,1
decided,1
raises,1
dame,1
application,1
unwillingness,1
constellation,1
employing,1
media,1
align,1
yourself,1
mahway,1
conundrum,1
exercise,1
unity,1
haaretz,1
remembering,1
individual,1
nor,1
adopted,1
immigrants,1
underlying,1
concrete,1
depend,1
refer,1
marriage,1
ha,1
serving,1
boundary,1
bokser,1
houses,1
young,1
radio,1
levantine,1
interfered,1
unchanged,1
intervening,1
third,1
truly,1
alliances,1
demonization,1
compare,1
hybrid,1
explore,1
multifaceted,1
gil,1
student,1
sin,1
communication,1
look,1
practically,1
details,1
kroc,1
ven,1
urgent,1
pronounced,1
nuanced,1
haze,1
ma,1
master,1
van,1
aim,1
inception,1
profoundly,1
racism,1
kissing,1
essential,1
reflects,1
preworld,1
constellations,1
links,1
penslar,1
across,1
ella,1
penitence,1
debated,1
agonizing,1
joan,1
basic,1
thou,1
landscape,1
conflation,1
process,1
progressivist,1
johannes,1
knew,1
secularization,1
conceptions,1
granted,1
heard,1
earlier,1
inhere,1
turn,1
ponder,1
michel,1
direct,1
strange,1
special,1
enabled,1
offering,1
oren,1
productive,1
arutz,1
consistency,1
addressing,1
references,1
send,1
affect,1
marks,1
extremist,1
carve,1
established,1
familiar,1
image,1
languages,1
affiliations,1
presumably,1
days,1
ideologies,1
n,1
receiving,1
traces,1
mary,1
house,1
xi,1
age,1
orientation,1
multicultural,1
imperil,1
commonly,1
initiative,1
bosker,1
valued,1
statement,1
shorthand,1
obstacles,1
discomfort,1
oppression,1
reconsideration,1
paulist,1
somehow,1
admonishing,1
causing,1
obverse,1
reevaluating,1
discouraging,1
contrary,1
opinion,1
coincide,1
preference,1
humility,1
dignified,1
constitution,1
interrogates,1
commanded,1
reflections,1
enacting,1
contention,1
pantheon,1
troubling,1
inscribes,1
urgency,1
betrayal,1
columbia,1
questioned,1
blamed,1
portable,1
opposing,1
israeliness,1
inappropriate,1
thine,1
ambiguity,1
effort,1
embracing,1
seven,1
lived,1
conventionally,1
changed,1
deal,1
uneasiness,1
carolina,1
near,1
noting,1
insisting,1
brace,1
haven,1
big,1
clashes,1
accurately,1
criticizing,1
pure,1
occupier,1
equally,1
neighboring,1
marginalizes,1
informed,1
shall,1
viewpoints,1
let,1
nineteenth,1
permits,1
zion,1
effect,1
agreements,1
appears,1
viewed,1
produced,1
cannot,1
fulfill,1
intertwined,1
grounds,1
troops,1
procedures,1
absolute,1
approached,1
prayer,1
negotiated,1
depictions,1
aspects,1
precept,1
undermined,1
failure,1
underlie,1
existential,1
directly,1
none,1
offensive,1
theological,1
designation,1
spheres,1
degrees,1
closed,1
mandatory,1
douglas,1
paraphrase,1
received,1
already,1
carries,1
writers,1
nine,1
claim,1
commandments,1
failed,1
predominately,1
lays,1
test,1
minority,1
year,1
overview,1
fit,1
solemnity,1
rand,1
broad,1
constitute,1
contains,1
moments,1
structures,1
friend,1
unreasonable,1
doors,1
personal,1
denunciations,1
contentious,1
foreclosure,1
surrounding,1
believes,1
il,1
systematic,1
implement,1
entails,1
status,1
horizon,1
miss,1
perpetration,1
challenging,1
holy,1
polity,1
count,1
dissolving,1
impasse,1
citing,1
causal,1
broadcast,1
tolerant,1
describing,1
level,1
working,1
field,1
amnon,1
shaping,1
reinforces,1
theoretically,1
suggest,1
socialist,1
protest,1
borderzones,1
trading,1
applicability,1
contrast,1
imposition,1
militant,1
exemption,1
phrase,1
quite,1
lords,1
bank,1
around,1
explored,1
troubles,1
small,1
several,1
june,1
hamas,1
revealing,1
engenders,1
observe,1
compliant,1
engages,1
palatable,1
crazy,1
christians,1
always,1
condemned,1
annual,1
capitalized,1
progress,1
guise,1
doctrines,1
majority,1
minor,1
disconnected,1
describes,1
rowman,1
subgroups,1
structured,1
regulating,1
posing,1
ghost,1
grateful,1
finds,1
yossi,1
inform,1
waiting,1
reducing,1
behalf,1
avoid,1
gropings,1
delve,1
led,1
underlies,1
transform,1
inhabit,1
hegemony,1
variety,1
easy,1
bringing,1
letters,1
participation,1
littlefield,1
pushes,1
interference,1
indicative,1
pirate,1
short,1
wrote,1
appearances,1
wings,1
corporation,1
pullout,1
aspx,1
egyptian,1
reduce,1
bloc,1
cole,1
artuz,1
virulence,1
achieve,1
sending,1
negotiations,1
logical,1
wardens,1
echo,1
aligned,1
positive,1
structural,1
complicity,1
powerfully,1
undergo,1
spoken,1
définition,1
philadelphia,1
criticism,1
barbarians,1
intense,1
pp,1
devotion,1
acknowledgments,1
serve,1
extremists,1
mission,1
secularity,1
continuity,1
demolition,1
challenged,1
neither,1
differentiate,1
css,1
ageless,1
fading,1
positively,1
gay,1
noted,1
homosexuality,1
worldviews,1
published,1
considers,1
double,1
chose,1
deconstruct,1
brandeis,1
resolution,1
critiques,1
impediment,1
comfortable,1
nonmodern,1
conceal,1
similarly,1
ask,1
kalmar,1
minorities,1
communal,1
leading,1
marker,1
problematized,1
blur,1
torture,1
minnesota,1
music,1
reformed,1
impractical,1
deems,1
inconsistency,1
contradict,1
poems,1
break,1
larger,1
genealogically,1
john,1
focuses,1
end,1
aug,1
aggravation,1
administrations,1
charges,1
arguably,1
simple,1
channel,1
asks,1
men,1
readers,1
took,1
fits,1
racist,1
begin,1
antior,1
understandings,1
hameuhad,1
refrain,1
conceits,1
coercion,1
differentially,1
eeoeradher,1
michael,1
coincided,1
necessary,1
colony,1
weaken,1
discard,1
silenced,1
compelled,1
controversy,1
widespread,1
explicitly,1
outlines,1
remained,1
remove,1
demonstrated,1
meetings,1
fundamentally,1
entirety,1
analyzed,1
greatest,1
antisemitism,1
spending,1
fetish,1
father,1
intent,1
background,1
ethnicity,1
derision,1
contours,1
refining,1
evacuation,1
writings,1
aligning,1
region,1
religiousness,1
obedient,1
exasperation,1
privatizing,1
retains,1
sufficiently,1
monad,1
yale,1
tenets,1
controlling,1
combining,1
torah,1
station,1
refers,1
juan,1
shalt,1
actual,1
freudian,1
maintains,1
reviled,1
chosen,1
deployed,1
previous,1
zed,1
aretz,1
theories,1
pennsylvania,1
described,1
rejected,1
dichotomous,1
maelstrom,1
meanings,1
alienating,1
remaining,1
language,1
agreement,1
lady,1
objection,1
august,1
liberate,1
allowed,1
someone,1
period,1
spread,1
derided,1
him,1
high,1
serves,1
counted,1
practiced,1
offense,1
anthropologist,1
provides,1
segment,1
latter,1
exchange,1
faith,1
migrants,1
conclusions,1
especially,1
random,1
sentiment,1
comparing,1
internal,1
parallel,1
editors,1
relation,1
assessing,1
scales,1
sovereign,1
deconstructing,1
categorize,1
sentiments,1
enjoyed,1
james,1
gershon,1
galilee,1
abhors,1
probably,1
sept,1
arisen,1
equivalent,1
instances,1
institution,1
tendency,1
temporality,1
strachey,1
theorize,1
regimes,1
encompassing,1
immigration,1
behind,1
widely,1
applies,1
seaside,1
stands,1
overlapping,1
homosexuals,1
dealing,1
sepharadim,1
depth,1
arriving,1
penguin,1
note,1
africa,1
coterminous,1
lot,1
continued,1
redefine,1
movements,1
secularists,1
five,1
bowen,1
vision,1
consent,1
fear,1
othering,1
samuli,1
deaths,1
months,1
insufficient,1
bare,1
ordinary,1
racial,1
negev,1
independence,1
becomes,1
redeployment,1
lost,1
transformed,1
translation,1
detailed,1
magnes,1
obstacle,1
began,1
importantly,1
transformation,1
anxiety,1
indicate,1
standpoint,1
volumes,1
poetics,1
amusement,1
responsible,1
norton,1
fall,1
hope,1
surprising,1
entertainment,1
collateral,1
juancole,1
exists,1
sympathy,1
atmosphere,1
strategically,1
contemplating,1
enunciated,1
tantamount,1
susan,1
investigate,1
earliest,1
rightful,1
matters,1
detail,1
founders,1
hasten,1
school,1
abhorrent,1
reciprocal,1
share,1
contained,1
authorities,1
shadow,1
rarely,1
judgments,1
breach,1
conclusion,1
redemption,1
version,1
changing,1
archaeology,1
throw,1
forget,1
minneapolis,1
circumstances,1
extending,1
reprehensible,1
contradiction,1
demonstrate,1
damaging,1
jihadists,1
favors,1
ridiculed,1
quotes,1
borrow,1
doi,1
funding,1
offers,1
mirrors,1
civilians,1
delimitation,1
partner,1
control,1
charlotte,1
commonplace,1
deconstructed,1
paper,1
tolerating,1
mzeina,1
expanding,1
inclined,1
seriously,1
setting,1
exploration,1
seem,1
oved,1
did,1
best,1
straightforward,1
breaking,1
terrorists,1
regard,1
returns,1
traditionalists,1
inquiry,1
exceptional,1
foundation,1
deem,1
authorizes,1
privileged,1
narcissism,1
examining,1
identities,1
sanctification,1
free,1
mass,1
proposed,1
works,1
options,1
person,1
analytically,1
believed,1
defending,1
denouncing,1
carefully,1
involvement,1
want,1
sociology,1
armistice,1
imposed,1
civilized,1
eretz,1
pains,1
condemn,1
leaving,1
foundations,1
perpetrated,1
marginalizing,1
require,1
rationality,1
don,1
missed,1
contain,1
rockefeller,1
remember,1
shinui,1
presented,1
org,1
son,1
dismantling,1
altered,1
thereby,1
reported,1
israels,1
republic,1
kibbutz,1
duty,1
innocent,1
giving,1
intended,1
impose,1
disciplines,1
returning,1
inconceivability,1
rationale,1
target,1
contribute,1
presupposes,1
protestants,1
families,1
twin,1
aims,1
representation,1
glance,1
jan,1
remarks,1
analysts,1
webb,1
comprehended,1
named,1
false,1
discriminated,1
promoted,1
stereotypically,1
devoted,1
models,1
extremism,1
defends,1
locations,1
invasion,1
incommensurability,1
ignored,1
generate,1
unmarked,1
maxime,1
national,1
positional,1
motives,1
parallels,1
contributed,1
actively,1
grown,1
although,1
define,1
evidence,1
physical,1
relics,1
notions,1
messiah,1
you,1
settling,1
colleagues,1
playing,1
conversations,1
objections,1
extremely,1
remains,1
association,1
dutch,1
campaign,1
anonymous,1
needs,1
indissociable,1
mobilized,1
thousand,1
supported,1
contradicted,1
removed,1
categorizes,1
certainty,1
clarify,1
arrived,1
still,1
scholarship,1
reached,1
obligation,1
irrelevant,1
uncertainty,1
texts,1
spokesmen,1
exclusively,1
puts,1
rein,1
given,1
fellowship,1
impeding,1
counts,1
complicit,1
north,1
observed,1
beings,1
previously,1
race,1
ari,1
outlawed,1
continuously,1
major,1
polysémie,1
