WORDCOUNTS,WEIGHT
the,143
of,82
and,69
in,47
american,35
history,31
a,27
to,25
as,22
war,22
s,21
that,19
students,18
civil,17
teaching,14
is,12
canadian,12
states,12
on,12
united,11
for,11
u,11
an,11
this,9
world,9
than,9
at,8
it,8
cultural,8
from,7
are,7
slavery,6
with,6
canada,6
i,6
new,6
between,6
confederate,6
south,5
york,5
studies,5
western,5
culture,5
abroad,5
teachers,5
nationalism,5
past,5
political,5
local,5
some,5
which,5
national,5
quebec,5
federal,4
university,4
classroom,4
or,4
more,4
calgary,4
l,4
reflections,4
global,4
international,4
contemporary,4
industrial,4
economy,4
teacher,4
making,4
has,4
by,4
esp,4
nation,4
against,4
century,4
scholarship,4
connections,4
rights,3
implications,3
rather,3
bring,3
how,3
hill,3
lost,3
they,3
their,3
southern,3
not,3
modern,3
economic,3
narratives,3
paul,3
albertans,3
great,3
confederacy,3
outside,3
context,3
era,3
politics,3
understanding,3
popular,3
slaves,3
west,3
towers,3
like,3
earlier,3
chapel,3
britain,3
can,3
parliament,3
james,3
progress,3
journal,3
much,3
may,2
does,2
me,2
wisdom,2
generated,2
bloc,2
considering,2
recognize,2
life,2
makes,2
intellectual,2
blood,2
about,2
frank,2
yet,2
matters,2
stephen,2
today,2
home,2
then,2
bruce,2
too,2
largest,2
these,2
themes,2
most,2
experience,2
toronto,2
theme,2
québécois,2
harper,2
cotton,2
party,2
also,2
other,2
power,2
toward,2
union,2
greater,2
had,2
historiography,2
setting,2
seem,2
tradition,2
agrarian,2
time,2
government,2
countering,2
aug,2
there,2
mass,2
markets,2
rhetoric,2
what,2
province,2
them,2
cause,2
particular,2
historians,2
while,2
march,2
well,2
emphasis,2
oil,2
discussion,2
little,2
knowledge,2
means,2
its,2
minority,2
internationally,2
issues,2
engaging,2
emancipation,2
were,2
full,2
both,2
exports,2
own,2
professor,2
moral,2
have,2
canadians,2
course,2
so,2
france,2
instruction,2
oct,2
consensus,2
textbooks,2
modernity,2
c,2
teach,2
onuf,2
up,2
universities,2
given,2
northern,2
alberta,2
value,2
nations,1
citizenship,1
nicholas,1
smardz,1
knee,1
therefore,1
arriving,1
jusdanis,1
ii,1
currently,1
underground,1
anticolonial,1
investigating,1
americans,1
hegemony,1
perspectives,1
instructors,1
africa,1
contact,1
common,1
basil,1
noble,1
his,1
sometimes,1
growth,1
been,1
aimed,1
vision,1
service,1
americanist,1
ironic,1
edward,1
expansion,1
reasonable,1
employment,1
critical,1
plans,1
receptive,1
television,1
regard,1
college,1
dec,1
doctrine,1
innocence,1
jingoism,1
altar,1
meanwhile,1
willi,1
april,1
oppressed,1
levine,1
undergraduates,1
ultimate,1
transfer,1
still,1
harry,1
arm,1
brien,1
says,1
make,1
honorable,1
antislavery,1
nonslaveholders,1
associate,1
after,1
lives,1
proposition,1
comments,1
germany,1
federalism,1
connect,1
similar,1
conversion,1
b,1
roadblock,1
replaced,1
one,1
conjectures,1
religious,1
why,1
special,1
regionalism,1
progressive,1
offerings,1
riches,1
flanagan,1
white,1
prime,1
fall,1
feel,1
principle,1
rogers,1
factors,1
live,1
karolyn,1
table,1
raffaele,1
education,1
charlottesville,1
o,1
auspices,1
each,1
reference,1
sympathy,1
all,1
get,1
itself,1
opportunities,1
educates,1
jonathan,1
maureen,1
marcus,1
perceptions,1
largely,1
many,1
notwithstanding,1
influencing,1
interdependence,1
disclosure,1
under,1
outlook,1
missionaries,1
gellner,1
combat,1
tagg,1
us,1
comparisons,1
burned,1
levines,1
spreading,1
presents,1
palmer,1
share,1
jay,1
occurred,1
included,1
vestiges,1
railroad,1
property,1
teaches,1
gagnon,1
before,1
section,1
lecordeur,1
regime,1
accrued,1
but,1
same,1
nineteenth,1
something,1
assume,1
dominate,1
perspective,1
house,1
princeton,1
however,1
w,1
materials,1
age,1
ve,1
different,1
negative,1
calculating,1
nullification,1
round,1
being,1
zimmerman,1
stacilee,1
first,1
regional,1
origins,1
sovereigntists,1
powerful,1
cunliffe,1
passed,1
poor,1
policy,1
pick,1
www,1
familiarity,1
ale,1
balancing,1
actually,1
north,1
requires,1
sovereigntist,1
connection,1
offers,1
french,1
questions,1
multinationalism,1
challenge,1
respected,1
m,1
martyn,1
debating,1
military,1
assigned,1
adapting,1
vols,1
natural,1
over,1
appear,1
myths,1
traditionalism,1
partner,1
emerged,1
into,1
aggrieved,1
quigley,1
celebrates,1
country,1
overthrowing,1
water,1
raw,1
asia,1
cultures,1
gregory,1
my,1
hong,1
folk,1
liping,1
d,1
terese,1
slave,1
affiliated,1
conduct,1
did,1
could,1
accommodate,1
bu,1
ottawa,1
conservative,1
expense,1
universal,1
reminiscent,1
frost,1
unionists,1
report,1
displaying,1
jah,1
manifested,1
really,1
objectives,1
economics,1
deal,1
thanks,1
john,1
pass,1
clause,1
carolina,1
secessionists,1
gas,1
innocents,1
internationalizing,1
base,1
rural,1
just,1
egypt,1
taneously,1
legislation,1
last,1
lead,1
embedded,1
readers,1
took,1
stupid,1
emphasized,1
influences,1
cautions,1
organizing,1
present,1
staff,1
current,1
equal,1
commodity,1
conventional,1
turkey,1
reviews,1
ernest,1
advisers,1
nationalist,1
michael,1
see,1
answer,1
gilded,1
necessary,1
takes,1
material,1
series,1
clyde,1
agencies,1
advocates,1
ford,1
mcpherson,1
komins,1
separatists,1
narrative,1
taught,1
ayers,1
sell,1
task,1
unaware,1
sacrifice,1
immerse,1
always,1
cowboy,1
free,1
out,1
marie,1
impression,1
transparent,1
runaway,1
degree,1
larger,1
minster,1
advise,1
balance,1
provincial,1
complicity,1
status,1
r,1
marked,1
suspicion,1
urban,1
geared,1
work,1
shared,1
hungry,1
capitalism,1
erased,1
reaction,1
cambridge,1
made,1
consumers,1
upon,1
occasionally,1
org,1
values,1
helps,1
instructor,1
claim,1
modernizing,1
recognition,1
point,1
scott,1
treating,1
films,1
sharon,1
establishment,1
norm,1
content,1
two,1
role,1
exploring,1
african,1
received,1
bourgeois,1
economies,1
story,1
got,1
feeds,1
counterbalance,1
pervades,1
ftowers,1
alain,1
older,1
during,1
francis,1
policies,1
approach,1
globalizing,1
destination,1
beginnings,1
allows,1
writing,1
segregation,1
casper,1
runs,1
ontario,1
conflict,1
central,1
obvious,1
london,1
winter,1
jan,1
unaffiliated,1
flag,1
contentment,1
nov,1
mazer,1
come,1
personal,1
douglas,1
review,1
question,1
rise,1
modernist,1
passing,1
described,1
roberts,1
drafts,1
touch,1
representations,1
stout,1
kong,1
benton,1
development,1
difference,1
interested,1
industrialization,1
significance,1
generate,1
crises,1
wheat,1
challenging,1
trends,1
william,1
twentieth,1
embargo,1
conditions,1
lhe,1
de,1
language,1
washington,1
author,1
morton,1
points,1
aware,1
victory,1
essay,1
peter,1
interest,1
nicholls,1
pitfalls,1
evils,1
bolton,1
change,1
parallels,1
legacy,1
instead,1
david,1
sugar,1
controversies,1
pride,1
defensive,1
land,1
caused,1
cooper,1
working,1
tim,1
principe,1
cold,1
déclaration,1
guiding,1
grievance,1
media,1
jewel,1
westport,1
serves,1
trading,1
disrupt,1
colleagues,1
order,1
fulbright,1
proximity,1
inequalities,1
tobacco,1
down,1
peer,1
cases,1
adam,1
transcend,1
contributions,1
old,1
increased,1
exchange,1
mourn,1
class,1
glory,1
pedagogy,1
educational,1
veto,1
separatism,1
pertinent,1
barry,1
possess,1
choose,1
compatibility,1
often,1
assumed,1
http,1
syllabi,1
ucalgary,1
served,1
relation,1
themselves,1
diplomatic,1
topics,1
third,1
huston,1
carrier,1
foremost,1
be,1
irrelevant,1
classrooms,1
thicker,1
adams,1
early,1
texts,1
raised,1
through,1
would,1
blocquebecois,1
student,1
embodied,1
look,1
images,1
grain,1
among,1
we,1
roots,1
deeply,1
cosmopolitan,1
consumerism,1
iacovino,1
haulman,1
statement,1
should,1
broader,1
provided,1
hope,1
ca,1
am,1
majewski,1
stephanie,1
anglophone,1
valuable,1
perception,1
spangler,1
society,1
threads,1
