WORDCOUNTS,WEIGHT
the,622
of,466
and,328
to,315
in,263
a,196
that,166
is,129
for,114
as,99
were,98
was,95
on,92
we,89
at,86
those,84
sea,84
not,80
history,72
population,72
economic,69
it,64
who,63
height,62
are,61
this,61
with,60
by,58
be,58
age,57
from,57
living,57
have,51
s,48
than,47
or,47
but,46
an,43
heights,41
london,41
born,40
their,38
stunting,38
there,34
effect,34
did,32
one,31
p,31
see,30
pp,29
which,29
standard,29
city,29
had,27
review,27
other,27
went,27
first,26
no,26
evidence,26
child,25
society,25
navy,25
seamen,25
per,24
within,24
whether,24
j,23
aged,23
place,23
more,23
going,23
food,23
labour,23
can,23
table,23
being,22
shorter,22
our,22
all,21
also,21
children,21
birth,21
would,21
been,21
places,21
boys,21
size,21
if,20
some,20
could,20
people,20
only,20
so,20
life,20
urban,20
merchant,20
centre,19
large,18
because,18
about,18
sailors,18
effects,18
cent,17
they,17
n,17
most,17
standards,17
work,17
small,17
three,17
britain,17
humphries,17
cities,17
leunig,16
data,16
up,16
these,16
kilometres,16
rural,16
between,16
steckel,15
stunted,15
found,15
significant,15
anthropometric,15
know,15
different,15
date,14
inches,14
well,14
inch,14
towns,14
stature,14
both,14
until,14
km,14
c,14
market,13
english,13
many,13
us,13
time,13
parish,13
each,13
has,13
board,13
sources,12
england,12
therefore,12
disease,12
any,12
over,12
jane,11
rodger,11
trade,11
find,11
may,11
town,11
location,11
diet,11
tim,11
very,11
form,11
when,11
years,11
text,11
calories,11
able,10
regression,10
british,10
such,10
development,10
clark,10
even,10
poor,10
result,10
year,10
used,10
social,10
order,10
ship,10
notes,10
will,10
komlos,10
included,10
men,10
ages,10
where,10
variables,10
them,10
while,10
level,10
given,10
average,10
although,10
nicholas,9
great,9
i,9
dataset,9
make,9
royal,9
sample,9
exact,9
rather,9
family,9
two,9
distance,9
health,9
what,9
reported,9
coefficient,9
among,9
go,8
east,8
world,8
taller,8
coefficients,8
voth,8
out,8
r,8
statistically,8
st,8
results,8
plausible,8
populations,8
short,8
do,8
made,8
shelter,8
good,8
period,8
high,8
george,8
associated,8
write,8
include,8
early,8
much,8
countryside,7
use,7
shortfall,7
into,7
every,7
case,7
possible,7
heaping,7
thus,7
lbs,7
young,7
how,7
levels,7
earlier,7
means,7
clearly,7
important,7
lead,7
example,7
away,7
status,7
second,7
kirby,7
under,7
naval,7
day,7
workers,7
growing,7
better,7
person,7
cause,7
joined,7
defined,7
wooden,6
way,6
e,6
lower,6
davis,6
youngest,6
definition,6
issue,6
recorded,6
west,6
say,6
since,6
relatively,6
ability,6
century,6
seaman,6
nelson,6
radius,6
study,6
adolescents,6
m,6
wales,6
feeding,6
part,6
macdonald,6
f,6
matter,6
service,6
oxford,6
same,6
shows,6
horrell,6
smallpox,6
less,6
tickets,6
dummy,6
clear,6
literacy,6
admiralty,6
relative,6
figure,6
variable,6
then,6
physical,6
diets,6
adults,6
agricultural,6
question,6
measured,6
increased,6
era,6
blackfriars,5
does,5
common,5
estimated,5
h,5
source,5
either,5
advantage,5
central,5
compared,5
whose,5
his,5
parents,5
enlisted,5
too,5
w,5
worker,5
captured,5
markets,5
furthermore,5
appears,5
scale,5
near,5
county,5
irish,5
et,5
least,5
working,5
adj,5
around,5
manchester,5
always,5
provided,5
pints,5
biological,5
al,5
industrial,5
answer,5
perhaps,5
including,5
watt,5
finally,5
land,5
floud,5
months,5
bullen,5
meat,5
eds,5
deprivation,5
historical,5
economy,5
particular,5
nearby,5
periphery,5
measure,5
tall,5
difference,5
instead,5
integration,5
ships,5
now,4
o,4
measures,4
expect,4
kinds,4
provisions,4
ipswich,4
total,4
tells,4
before,4
something,4
root,4
test,4
dixon,4
diseases,4
nature,4
tillett,4
historians,4
disadvantage,4
point,4
quality,4
against,4
turn,4
nor,4
old,4
journal,4
join,4
via,4
shipping,4
pint,4
l,4
grew,4
certain,4
wages,4
benefited,4
show,4
communities,4
cuff,4
typical,4
nutrients,4
shared,4
attained,4
third,4
however,4
leisure,4
apparent,4
coalmining,4
its,4
issues,4
fulham,4
t,4
revolution,4
contrast,4
few,4
industry,4
research,4
mse,4
heintel,4
using,4
bartlett,4
power,4
limited,4
reduce,4
boy,4
parishes,4
noted,4
members,4
death,4
addition,4
outskirts,4
areas,4
wine,4
new,4
forms,4
available,4
income,4
nutrition,4
maritime,4
meals,4
samples,4
change,4
like,4
rise,4
analysis,4
itself,4
calorie,4
nutritional,4
earle,4
argue,4
constant,4
according,4
terms,4
conference,4
oz,4
pound,4
shown,4
national,4
smaller,4
remains,4
comparison,4
strong,4
adulthood,3
edge,3
concerned,3
later,3
germany,3
village,3
judged,3
likely,3
ways,3
studies,3
modern,3
freeman,3
antebellum,3
nineteenth,3
charity,3
leads,3
negative,3
experience,3
provision,3
taken,3
allow,3
europe,3
thank,3
differences,3
farmers,3
liverpool,3
wage,3
oxley,3
agriculture,3
variations,3
victualling,3
minimum,3
sign,3
immediate,3
g,3
authoritative,3
restrict,3
left,3
estimate,3
compare,3
southall,3
influence,3
rates,3
poverty,3
starving,3
act,3
sets,3
growth,3
spirits,3
similar,3
bad,3
signed,3
statistical,3
shrinking,3
four,3
cost,3
beef,3
faced,3
based,3
destined,3
late,3
further,3
equally,3
understood,3
younger,3
rations,3
basis,3
distinguish,3
correctly,3
literature,3
significantly,3
consistently,3
older,3
during,3
millions,3
records,3
statistics,3
weekly,3
hidden,3
supplying,3
whilst,3
indicator,3
correct,3
caused,3
hard,3
below,3
distances,3
things,3
exclude,3
acts,3
decline,3
usual,3
value,3
reducing,3
squared,3
comments,3
ask,3
single,3
gave,3
database,3
neither,3
home,3
largest,3
definitions,3
again,3
foodstuffs,3
larger,3
cadets,3
pennsylvania,3
outside,3
necessary,3
ibid,3
argues,3
week,3
meaningful,3
range,3
increase,3
sufficiently,3
deprived,3
causes,3
nevertheless,3
low,3
general,3
spent,3
become,3
probably,3
quarter,3
regressions,3
suggest,3
provide,3
testing,3
kilometre,3
begin,3
dirt,3
remaining,3
education,3
considered,3
ration,3
circumstances,3
convicts,3
recruits,3
organization,3
sceptical,3
continental,3
country,3
paper,3
commission,3
gone,3
particularly,3
bynum,3
capita,3
distribution,3
extent,3
sir,3
baten,3
information,3
observations,3
tna,3
must,3
aggregate,3
cash,3
conventional,3
clothing,3
crew,3
uk,3
unable,3
cambridge,3
conditions,3
integrated,3
correlated,3
need,3
regular,3
plentiful,3
slavers,3
themselves,3
x,3
north,3
observed,3
should,3
close,3
difficult,2
archives,2
rate,2
everyone,2
affected,2
episodes,2
alone,2
notably,2
determinant,2
stone,2
true,2
cliometrics,2
unlike,2
inequality,2
harvests,2
siblings,2
grada,2
submitted,2
long,2
give,2
might,2
words,2
company,2
book,2
crops,2
daily,2
simple,2
producing,2
follows,2
borne,2
fruits,2
scheme,2
take,2
graham,2
shillings,2
raised,2
investigations,2
system,2
tab,2
albeit,2
adverse,2
u,2
right,2
recommended,2
combination,2
far,2
establishment,2
owners,2
resources,2
household,2
cheese,2
exposed,2
labor,2
human,2
penalty,2
accuracy,2
weakened,2
difficulties,2
run,2
backgrounds,2
interest,2
issued,2
expected,2
estimates,2
cases,2
perspective,2
disproportionately,2
slave,2
wholly,2
look,2
details,2
terror,2
pay,2
hamlet,2
essential,2
without,2
mattered,2
main,2
econonic,2
capture,2
process,2
mean,2
represented,2
proximity,2
supplement,2
eight,2
importance,2
parts,2
scales,2
onwards,2
support,2
shelton,2
entry,2
benefits,2
just,2
welfare,2
quoted,2
experienced,2
superior,2
additional,2
origins,2
victorian,2
view,2
appear,2
whereas,2
greater,2
moving,2
gregory,2
problem,2
six,2
critically,2
item,2
scotland,2
demands,2
census,2
noting,2
illness,2
sanderson,2
longitude,2
traced,2
war,2
districts,2
cannot,2
suffered,2
purchased,2
record,2
pork,2
counties,2
required,2
dwellers,2
directly,2
having,2
lure,2
already,2
nearest,2
future,2
story,2
comment,2
loss,2
whole,2
fit,2
errors,2
prices,2
detailed,2
running,2
commerce,2
quite,2
proximate,2
characteristics,2
sufficient,2
concerns,2
replace,2
grow,2
registry,2
villages,2
impossible,2
dedicated,2
chter,2
generally,2
inability,2
os,2
paid,2
peculiar,2
appropriate,2
flour,2
rest,2
geographical,2
proxy,2
absence,2
waif,2
various,2
identified,2
ashore,2
indeed,2
essex,2
disamenity,2
whatever,2
woods,2
initially,2
hold,2
decisions,2
positive,2
percentage,2
metric,2
yet,2
opportunities,2
lloyd,2
represents,2
serve,2
latitude,2
positively,2
dummies,2
ed,2
williams,2
regional,2
georgian,2
published,2
longer,2
useful,2
recall,2
law,2
childhood,2
keio,2
performs,2
towards,2
residence,2
registration,2
fact,2
expose,2
documents,2
omitted,2
end,2
overwhelmingly,2
audiences,2
took,2
hand,2
present,2
gdp,2
impoverished,2
number,2
mokyr,2
another,2
local,2
backbone,2
classes,2
greatest,2
eighteenth,2
microfilm,2
crafts,2
concern,2
unfortunately,2
largely,2
engaged,2
significance,2
allowed,2
features,2
statutory,2
thomas,2
nardinelli,2
enough,2
viewpoint,2
sight,2
sensible,2
exactly,2
slightly,2
looked,2
figures,2
versus,2
industrialization,2
atlas,2
normal,2
dietary,2
european,2
suggestion,2
me,2
five,2
reels,2
becomes,2
sn,2
worse,2
often,2
mortality,2
centuries,2
get,2
enlist,2
seat,2
detail,2
environment,2
share,2
wars,2
magnitude,2
simply,2
constituted,2
log,2
known,2
implied,2
precise,2
appealing,2
here,2
napoleonic,2
equation,2
anthropo,2
my,2
believe,2
best,2
attractions,2
benefit,2
sailor,2
oftrade,2
bristol,2
idem,2
enlistment,2
shortfalls,2
fully,2
rejoinder,2
suggests,2
remember,2
transport,2
conclude,2
beer,2
became,2
paribus,2
condition,2
memories,2
families,2
stunt,2
allows,2
isolated,2
ewert,2
finding,2
course,2
grown,2
define,2
d,2
usa,2
off,2
area,2
needs,2
specific,2
suggested,2
chicago,2
little,2
comparable,2
doing,2
delayed,2
major,2
ceteris,2
looking,2
overlaid,1
kilo,1
final,1
intimately,1
thwarted,1
currently,1
done,1
provisioning,1
cube,1
medieval,1
generated,1
harmful,1
strategy,1
functional,1
compensate,1
represent,1
insulated,1
extreme,1
berkeley,1
extend,1
footnote,1
tracked,1
poorer,1
mountains,1
compensated,1
distributed,1
lvi,1
stripped,1
becoming,1
basingstoke,1
needed,1
american,1
eaten,1
truncation,1
denied,1
sucked,1
apologists,1
ofvoth,1
barracks,1
identify,1
uncomfortable,1
entries,1
reflections,1
ma,1
live,1
direct,1
authority,1
usefully,1
estuaries,1
dinelli,1
bias,1
unanswered,1
convict,1
inconsistent,1
conjectures,1
commonplace,1
analyse,1
satisfied,1
illuminate,1
flows,1
ti,1
former,1
hair,1
comparisons,1
speedily,1
fixed,1
disadvantaged,1
malden,1
holding,1
garsington,1
flaws,1
navies,1
conjecture,1
accumulation,1
said,1
abolitionists,1
consistent,1
query,1
discretion,1
explaining,1
beneficial,1
australia,1
revisited,1
parliamentary,1
oppor,1
certainly,1
connection,1
distinguishing,1
crews,1
ii,1
radii,1
enables,1
rapid,1
attempt,1
econometrically,1
orphan,1
econzomic,1
kent,1
ourselves,1
capital,1
majesty,1
active,1
seems,1
supplied,1
containing,1
dramatically,1
incorrect,1
comparatively,1
reach,1
healthier,1
ameliorating,1
capitalist,1
leading,1
suggesting,1
correspondingly,1
generalize,1
ben,1
potentially,1
analyses,1
assembled,1
studied,1
government,1
proves,1
archive,1
link,1
court,1
uncovered,1
delusion,1
survey,1
real,1
histo,1
listing,1
efficiently,1
inland,1
feature,1
fresh,1
intuitive,1
mind,1
written,1
cheshire,1
glml,1
stand,1
blackwell,1
marine,1
principal,1
advantages,1
ours,1
ambiguous,1
welsh,1
stopped,1
context,1
papers,1
seminar,1
depends,1
nationwide,1
side,1
proceed,1
nar,1
advocates,1
exogenous,1
dr,1
rolls,1
effort,1
plain,1
money,1
misunderstood,1
guidelines,1
iv,1
america,1
depredations,1
vicissitudes,1
march,1
chapter,1
account,1
indirectly,1
backing,1
moradi,1
replacement,1
felt,1
implies,1
greg,1
marked,1
unger,1
strand,1
paucity,1
international,1
sale,1
chartered,1
april,1
powers,1
datasets,1
wolverhamp,1
vital,1
obvious,1
jure,1
fine,1
occupations,1
reflecting,1
infer,1
quantity,1
along,1
correlation,1
safely,1
conclusively,1
londoners,1
interestingly,1
surplus,1
usage,1
exist,1
million,1
accessible,1
differential,1
sation,1
estimating,1
component,1
apprenticeship,1
roger,1
scottish,1
computerized,1
scurvy,1
machine,1
de,1
proliferated,1
equivalents,1
defacto,1
concentrations,1
distri,1
application,1
rigorously,1
plymouth,1
insisted,1
insofar,1
tripartite,1
insult,1
kind,1
migrate,1
items,1
urbanization,1
commercialization,1
humphrey,1
depend,1
refer,1
urbanisation,1
uniformly,1
amount,1
back,1
ante,1
marriage,1
allocating,1
highest,1
lse,1
holds,1
graphically,1
suitable,1
dates,1
continuous,1
effective,1
thin,1
weight,1
explore,1
birmingham,1
drawn,1
elated,1
spite,1
apparently,1
perplexing,1
coasts,1
adult,1
hardly,1
restricting,1
error,1
intuition,1
ment,1
perfect,1
crow,1
higher,1
aim,1
surprisingly,1
colour,1
fleet,1
added,1
identification,1
privilege,1
links,1
portrayed,1
negatively,1
proceedings,1
housing,1
determi,1
square,1
realistically,1
coastal,1
precluded,1
stuttgart,1
environments,1
determining,1
stench,1
risk,1
proportion,1
persistent,1
ex,1
leave,1
japanese,1
havant,1
partially,1
matched,1
emergency,1
lay,1
retail,1
paleolithic,1
revziew,1
metres,1
risks,1
bleak,1
firing,1
analy,1
references,1
send,1
understand,1
category,1
statistic,1
romantic,1
helsinki,1
affect,1
metropolis,1
congested,1
university,1
li,1
objects,1
occupational,1
established,1
india,1
slowly,1
driven,1
days,1
placed,1
contemporaries,1
unemployed,1
ignoble,1
fare,1
prevent,1
resource,1
officer,1
submerged,1
isolation,1
undertaken,1
probe,1
channelled,1
depositions,1
crucially,1
believed,1
painstakingly,1
fed,1
providing,1
strengthen,1
myths,1
plausibly,1
awaited,1
clements,1
causation,1
tunities,1
explanatory,1
opening,1
xlix,1
closely,1
came,1
agenda,1
societies,1
volumes,1
nant,1
entered,1
entering,1
smell,1
search,1
strength,1
archibald,1
employment,1
strongly,1
seven,1
lived,1
her,1
facilitate,1
eat,1
initial,1
disamenities,1
inter,1
punishment,1
big,1
conser,1
anthropometries,1
unions,1
accurately,1
rians,1
infected,1
cuts,1
squadrons,1
indirect,1
viewed,1
produced,1
intensity,1
promise,1
applied,1
excellent,1
surrounded,1
otherwise,1
fish,1
ravages,1
expedient,1
gini,1
explain,1
conferences,1
nottingham,1
enjoyed,1
method,1
malnutrition,1
expensive,1
improve,1
shape,1
almost,1
nition,1
none,1
allocation,1
degrees,1
tant,1
egalitarian,1
statisti,1
egory,1
residents,1
start,1
nine,1
protein,1
unless,1
impressment,1
purpose,1
discusses,1
knowledge,1
confirms,1
revealed,1
contain,1
description,1
incremental,1
labourer,1
erratically,1
utero,1
describe,1
registrar,1
ghana,1
deformities,1
officers,1
densely,1
butter,1
middle,1
earn,1
transported,1
documented,1
uncharted,1
personal,1
focuses,1
contentious,1
merchantmen,1
cat,1
illegible,1
endorsed,1
pretation,1
interpreted,1
craftsman,1
strengthened,1
diverted,1
connections,1
trends,1
attributed,1
count,1
approach,1
bodies,1
regions,1
earth,1
forecastle,1
someone,1
normally,1
sense,1
composite,1
presented,1
regardless,1
preferred,1
involve,1
holes,1
trading,1
next,1
trie,1
assemble,1
ain,1
persuade,1
event,1
involved,1
explored,1
overwork,1
dried,1
several,1
migration,1
wider,1
prompted,1
invoke,1
ton,1
dramatic,1
essentially,1
distinguished,1
petition,1
telling,1
widely,1
credible,1
wisely,1
whatsoever,1
parliament,1
fected,1
progress,1
majority,1
dependent,1
peculiarly,1
theorem,1
roots,1
subgroups,1
substituted,1
newly,1
grateful,1
moved,1
massive,1
landlords,1
impor,1
unfinished,1
content,1
periods,1
commensurate,1
survived,1
inspection,1
south,1
critical,1
led,1
he,1
mended,1
oatmeal,1
investigating,1
excludes,1
reduced,1
offsetting,1
attempts,1
contact,1
functioning,1
cleanliness,1
miasma,1
wrote,1
located,1
comparative,1
subject,1
selfish,1
motivated,1
horrors,1
forward,1
fruit,1
etc,1
converted,1
allen,1
still,1
above,1
echoing,1
technically,1
hypothecated,1
avail,1
surviving,1
industriali,1
sittingbourne,1
reforming,1
lb,1
raisins,1
degree,1
direction,1
bread,1
vicinity,1
frank,1
once,1
calculate,1
depicted,1
tattoos,1
unintended,1
interpretation,1
vegetables,1
emergencies,1
makes,1
stuffs,1
alongside,1
charities,1
counterparts,1
continuity,1
responsiveness,1
fleets,1
fifth,1
restricted,1
exposure,1
b,1
populated,1
magistrates,1
palmer,1
lord,1
refine,1
locality,1
pythagoras,1
merchantman,1
goodness,1
increasingly,1
truncated,1
surrey,1
voyages,1
chose,1
street,1
worst,1
sis,1
birthplace,1
name,1
precocious,1
unreliable,1
destitute,1
business,1
stronger,1
factory,1
fell,1
others,1
aldersgate,1
academy,1
knowing,1
drink,1
similarly,1
procured,1
backed,1
soho,1
enlisters,1
projects,1
financial,1
demographic,1
herbert,1
skills,1
lighter,1
idea,1
overwhelming,1
deterioration,1
aldershot,1
exogenously,1
remuneration,1
fleeing,1
regulation,1
pretty,1
enable,1
urbanized,1
contends,1
considerable,1
unappetising,1
pattern,1
instructions,1
man,1
seldom,1
zero,1
oc,1
serious,1
reasons,1
impersonation,1
patterns,1
learn,1
neglecting,1
chain,1
increases,1
jipswich,1
leeds,1
manner,1
road,1
secular,1
purposes,1
halifax,1
accepted,1
relevant,1
pease,1
judith,1
sweepings,1
material,1
wartime,1
tiny,1
dispel,1
lean,1
frequency,1
ipswichpopulation,1
sell,1
gives,1
beverley,1
deficit,1
stockton,1
remained,1
multicollinearity,1
understanding,1
exhibit,1
extended,1
discussion,1
registers,1
memoranda,1
treated,1
onerous,1
reversed,1
dalziel,1
aylesbury,1
locate,1
wretched,1
writings,1
attainment,1
arose,1
previously,1
manufactured,1
judge,1
arbitrarily,1
borough,1
findings,1
confidence,1
succumbed,1
persisted,1
fareham,1
operated,1
prospective,1
factor,1
affects,1
autobiographical,1
collaborative,1
labourers,1
net,1
questions,1
processes,1
gazetteer,1
needy,1
eligible,1
check,1
raising,1
literate,1
option,1
office,1
recruitment,1
unwanted,1
cripplegate,1
optimistic,1
manned,1
described,1
vii,1
seafarers,1
brit,1
explorations,1
computational,1
volunteer,1
stress,1
discussed,1
comprehensive,1
crewmen,1
soldiers,1
peter,1
interpret,1
counter,1
individual,1
halved,1
david,1
started,1
revised,1
spread,1
interpolate,1
function,1
cally,1
tenth,1
distinction,1
ended,1
lie,1
kept,1
accurate,1
formers,1
households,1
after,1
enquiries,1
losing,1
believing,1
updated,1
latter,1
margin,1
random,1
roomier,1
k,1
understate,1
methods,1
conduits,1
feet,1
foremast,1
successful,1
overcome,1
hastings,1
accordingly,1
master,1
availability,1
v,1
seeking,1
consumption,1
implication,1
differ,1
unpubl,1
equivalent,1
attracted,1
anomaly,1
hope,1
attention,1
copying,1
duplicated,1
anatomy,1
separate,1
increasing,1
farm,1
discipline,1
asking,1
twelve,1
tests,1
necessaries,1
relationship,1
devote,1
imply,1
dual,1
dreadful,1
observa,1
highand,1
today,1
belonged,1
publishing,1
tentative,1
exceeding,1
insubstantial,1
lot,1
independent,1
continued,1
involving,1
science,1
bulk,1
humanitarian,1
crucial,1
eighteenthand,1
ministry,1
bound,1
pieces,1
ballot,1
fewer,1
ordinary,1
primarily,1
substitution,1
unchartered,1
microfilmed,1
army,1
seen,1
contrary,1
aa,1
millennia,1
lives,1
contribution,1
hinterlands,1
whereby,1
expert,1
countries,1
frames,1
nthropometric,1
articles,1
class,1
idyll,1
nuance,1
extra,1
construction,1
existed,1
supporting,1
centres,1
types,1
emerging,1
mirror,1
millimetre,1
middlesex,1
paying,1
investigate,1
beans,1
earliest,1
matters,1
anthropological,1
fifteen,1
flies,1
historian,1
series,1
version,1
lascars,1
changing,1
intensification,1
mercantile,1
measurements,1
contradiction,1
continues,1
scolding,1
regress,1
doi,1
funding,1
set,1
petered,1
poorest,1
hsd,1
mariner,1
excess,1
persisting,1
refused,1
books,1
econometrics,1
sure,1
statis,1
readily,1
guaranteed,1
proponents,1
shares,1
descriptions,1
put,1
tuberculosis,1
worth,1
global,1
sizes,1
unambiguously,1
referees,1
unknown,1
ft,1
monotonous,1
half,1
current,1
regard,1
captures,1
domestic,1
feed,1
foundation,1
iii,1
alternatively,1
deem,1
linked,1
perfectly,1
twelfth,1
goods,1
austell,1
generalized,1
ridiculously,1
past,1
placing,1
proposed,1
works,1
options,1
bands,1
ideally,1
ticket,1
following,1
clarity,1
deprivations,1
defend,1
medical,1
suffering,1
scholarly,1
commodity,1
purchase,1
recollections,1
curvature,1
month,1
unique,1
selected,1
landsmen,1
making,1
accounts,1
want,1
independently,1
defi,1
pains,1
geo,1
theory,1
shortages,1
leaving,1
disin,1
waters,1
xlviii,1
bureaucratic,1
produce,1
captains,1
balance,1
intake,1
alcohol,1
ascertain,1
port,1
strain,1
popular,1
vessels,1
noticeably,1
researchers,1
preserved,1
multiple,1
through,1
bution,1
joining,1
prospect,1
november,1
unaffected,1
tically,1
convinced,1
giving,1
techniques,1
intended,1
recom,1
respectable,1
progressing,1
step,1
regulated,1
everywhere,1
calculated,1
com,1
anthropom,1
phenomenon,1
aspect,1
voyage,1
think,1
tions,1
precision,1
hungry,1
come,1
buying,1
afflicted,1
trivially,1
formation,1
recording,1
locations,1
background,1
caloric,1
generate,1
initiated,1
decrease,1
twentieth,1
landers,1
aware,1
explanation,1
harm,1
wish,1
register,1
cirencester,1
salt,1
magnitudes,1
upon,1
enabling,1
vative,1
discernable,1
unified,1
clearest,1
you,1
scanty,1
seeks,1
gloucestershire,1
summoned,1
indices,1
anonymous,1
vi,1
offered,1
supported,1
avaricious,1
apart,1
valuable,1
biscuit,1
mystery,1
aboard,1
cook,1
reached,1
views,1
firstly,1
substantial,1
exclusively,1
entire,1
traditional,1
impress,1
focus,1
immediately,1
counts,1
mature,1
whenever,1
northumber,1
attendance,1
sent,1
onboard,1
registerticket,1
perception,1
retention,1
hypothesis,1
