WORDCOUNTS,WEIGHT
the,776
of,459
and,438
in,351
to,311
a,190
that,154
for,126
nuclear,117
s,102
not,94
radiation,92
as,91
had,89
uranium,84
by,83
on,83
radon,80
with,78
mines,76
their,72
from,68
they,67
was,65
it,64
were,59
did,58
this,57
he,56
at,53
workers,53
south,52
exposure,49
africa,47
but,43
international,42
comuf,41
african,41
world,41
health,40
energy,40
these,40
his,39
exposures,39
atomic,38
other,37
i,37
des,36
there,35
could,35
or,35
de,34
cea,34
have,34
miners,33
levels,33
mining,33
all,32
french,32
which,32
global,32
nuclearity,31
such,30
only,30
more,30
data,29
its,29
an,28
one,27
into,27
mine,27
no,27
also,27
protection,26
experts,26
about,26
them,26
press,26
madagascar,25
made,25
would,25
cancer,24
work,24
what,24
france,24
be,24
guy,23
some,23
is,23
report,23
production,22
than,22
however,22
time,22
archives,21
state,21
u,21
we,21
results,21
mounana,21
so,21
you,21
knowledge,20
hecht,20
power,20
see,20
la,20
if,19
how,19
university,19
et,19
who,19
chamber,19
over,19
agency,18
ore,18
gabrielle,18
icrp,18
lung,18
when,18
gabon,18
any,18
first,17
ligneris,17
daughters,17
after,17
gamma,17
because,17
d,17
history,16
labor,16
may,16
well,16
been,16
medical,15
even,15
lekonaguia,15
many,15
safety,15
interview,15
up,15
gold,15
american,14
out,14
film,14
new,14
do,14
where,14
dosimetrie,14
exceptionalism,13
worked,13
hazards,13
study,13
white,13
occupational,13
people,13
radiological,13
dust,13
guizol,13
less,13
high,13
years,13
between,13
might,12
those,12
circuits,12
has,12
perceptibility,12
phs,12
required,12
gabonese,12
scientific,12
aec,12
company,12
things,12
are,12
different,12
became,12
dosimeters,12
studies,11
said,11
j,11
scientists,11
politics,11
managers,11
l,11
readings,11
m,11
basson,11
monitoring,11
rocks,11
t,11
le,11
two,11
social,11
united,11
les,11
n,11
conference,11
both,11
colonial,11
early,11
limits,10
before,10
office,10
papers,10
shafts,10
letter,10
author,10
instruments,10
technopolitical,10
my,10
produced,10
example,10
june,10
make,10
permissible,10
friction,10
science,10
then,10
know,10
malagasy,10
through,10
much,10
among,10
films,9
environmental,9
group,9
h,9
du,9
political,9
expertise,9
milling,9
xavier,9
act,9
most,9
worker,9
place,9
around,9
ventilation,9
nations,9
reports,9
like,9
employees,9
regimes,9
sometimes,9
job,9
historical,9
making,9
must,9
apartheid,9
measured,9
former,8
cit,8
dose,8
long,8
oyingha,8
take,8
guidelines,8
nor,8
badges,8
whose,8
dosimetry,8
organization,8
workplace,8
bombs,8
histories,8
used,8
rand,8
own,8
contrôle,8
radioactivity,8
shaun,8
research,8
seemed,8
july,8
mpls,8
metropolitan,8
survey,8
three,8
op,8
rapport,8
me,8
underground,8
here,8
each,8
commission,8
whether,8
question,8
does,7
practices,7
west,7
legal,7
à,7
branch,7
union,7
standards,7
found,7
rotation,7
working,7
few,7
industry,7
androy,7
transnational,7
licensing,7
subject,7
still,7
above,7
limit,7
others,7
took,7
remained,7
another,7
national,7
men,7
division,7
independent,7
meant,7
thorium,7
reactors,7
mineworkers,7
went,7
states,7
effects,7
themselves,7
holaday,7
maximum,7
measures,6
experience,6
vatovy,6
fanahia,6
government,6
discipline,6
within,6
exposed,6
thus,6
doctor,6
operations,6
rather,6
bordeaux,6
numbers,6
beyond,6
regulatory,6
came,6
war,6
technical,6
translate,6
materials,6
service,6
mineshafts,6
regulation,6
external,6
radioactive,6
private,6
labour,6
effect,6
can,6
probably,6
andrault,6
program,6
itself,6
began,6
claims,6
environment,6
offered,6
places,6
proceedings,6
reported,6
postcolonial,6
travailleurs,6
finally,6
quadjovie,6
regime,6
sur,6
little,6
done,5
later,5
personnel,5
e,5
mar,5
use,5
test,5
operators,5
monitor,5
help,5
vol,5
legibility,5
point,5
sent,5
along,5
interviews,5
run,5
against,5
feb,5
insisted,5
cases,5
back,5
apparently,5
higher,5
workplaces,5
via,5
geneva,5
yet,5
knew,5
granted,5
special,5
consequences,5
albert,5
imperceptions,5
just,5
too,5
organisation,5
problems,5
decades,5
remembered,5
issue,5
illness,5
radioactifs,5
tandroy,5
directly,5
r,5
status,5
concentrates,5
uranothorianite,5
small,5
visible,5
emitted,5
matter,5
indeed,5
single,5
meanwhile,5
thought,5
mission,5
technology,5
under,5
al,5
perceptible,5
cumulative,5
murphy,5
aug,5
forms,5
never,5
perhaps,5
mills,5
depended,5
processes,5
california,5
accessed,5
ap,5
especially,5
outside,5
systems,5
lot,5
continued,5
contrast,5
dans,5
analysis,5
material,5
extensive,5
refused,5
control,5
ilo,5
board,5
very,5
ones,5
while,5
yt,5
given,5
sickness,5
difference,5
risques,5
margins,4
dangers,4
counters,4
abdoulhamide,4
formed,4
miniers,4
epidemiological,4
absence,4
princeton,4
being,4
ii,4
give,4
generated,4
emerged,4
nature,4
differences,4
robert,4
account,4
development,4
g,4
told,4
employee,4
brother,4
conducted,4
manager,4
turn,4
concentrations,4
site,4
networks,4
journal,4
distribution,4
sort,4
munro,4
march,4
objects,4
age,4
internal,4
peaceful,4
appear,4
demands,4
apr,4
late,4
let,4
invisible,4
libreville,4
part,4
training,4
gave,4
michelle,4
good,4
cns,4
autopsy,4
several,4
secrecy,4
weapons,4
always,4
society,4
second,4
boss,4
lb,4
once,4
neither,4
management,4
quarries,4
complete,4
culture,4
put,4
man,4
enough,4
anciens,4
eds,4
ibid,4
technologies,4
extended,4
airways,4
region,4
significant,4
nevertheless,4
doctors,4
christopher,4
collected,4
black,4
why,4
methods,4
become,4
sept,4
wanted,4
saw,4
christian,4
five,4
foreign,4
institutions,4
exceptional,4
returned,4
expert,4
radiance,4
assistant,4
changing,4
manual,4
oct,4
known,4
marcel,4
temporal,4
spots,4
compensation,4
books,4
monthly,4
paper,4
capital,4
argue,4
sellers,4
hospital,4
audience,4
didn,4
month,4
spatial,4
cause,4
problem,4
translators,4
imperial,4
don,4
agreed,4
zebu,4
recommendations,4
geiger,4
jan,4
our,4
until,4
conditions,4
ores,4
ended,4
although,4
colleagues,4
potential,4
c,4
images,4
set,3
common,3
way,3
corporate,3
vienna,3
wonder,3
distributed,3
authority,3
mit,3
decade,3
justified,3
necessarily,3
occurred,3
total,3
turning,3
women,3
général,3
métropole,3
investments,3
betsileo,3
down,3
display,3
accumulated,3
launched,3
surveys,3
racial,3
system,3
recorded,3
key,3
hr,3
task,3
prescriptions,3
changed,3
accountability,3
uneven,3
quantities,3
possible,3
activity,3
hiroshima,3
human,3
explained,3
since,3
realized,3
stakes,3
overexposure,3
decided,3
issued,3
affairs,3
kind,3
fission,3
perspective,3
response,3
modernity,3
oxford,3
compared,3
geological,3
battles,3
themes,3
henri,3
americans,3
federal,3
en,3
gabonaise,3
radioactivité,3
risk,3
thing,3
certain,3
contributions,3
enabled,3
rays,3
space,3
old,3
mois,3
elsewhere,3
air,3
argued,3
atom,3
passed,3
ambient,3
yes,3
hot,3
uses,3
closely,3
quoted,3
africans,3
rule,3
access,3
p,3
fuel,3
big,3
further,3
cogéma,3
furthermore,3
supervisors,3
scale,3
explain,3
find,3
noticed,3
aspects,3
shape,3
none,3
purpose,3
got,3
northern,3
mineurs,3
records,3
chernobyl,3
call,3
personal,3
anything,3
weeks,3
change,3
least,3
level,3
hard,3
cold,3
politically,3
order,3
involved,3
attention,3
highly,3
adviser,3
raised,3
provided,3
questions,3
massive,3
town,3
witwatersrand,3
situation,3
mahata,3
wrote,3
paucard,3
registered,3
southern,3
direction,3
measure,3
sapphires,3
reference,3
security,3
wearing,3
us,3
included,3
home,3
same,3
switch,3
industrial,3
krige,3
department,3
badge,3
noted,3
moments,3
organizations,3
exceeded,3
mark,3
nevada,3
radiations,3
causality,3
appeared,3
abstract,3
john,3
debates,3
worn,3
operating,3
manner,3
couldn,3
existing,3
ultimately,3
agencies,3
remarked,3
controversy,3
discussion,3
disease,3
assemblages,3
ce,3
including,3
nothing,3
individuals,3
amounts,3
him,3
kept,3
standard,3
officials,3
mr,3
percent,3
translator,3
separate,3
alpha,3
tests,3
note,3
osiris,3
months,3
dimensions,3
lost,3
translation,3
team,3
directeur,3
understand,3
often,3
joseph,3
stopes,3
wear,3
johannesburg,3
sampling,3
judgements,3
sick,3
post,3
eventually,3
clearly,3
gas,3
proposed,3
works,3
mokta,3
boundaries,3
according,3
automatically,3
want,3
thirty,3
statement,3
getting,3
produce,3
intake,3
bodies,3
presented,3
lab,3
challenges,3
invoked,3
come,3
bodu,3
electronic,3
epidemiologists,3
public,3
instead,3
consolidated,3
evidence,3
product,3
measuring,3
increased,3
thousand,3
specific,3
reached,3
dosimeter,3
re,3
focus,3
immediately,3
technological,3
should,3
building,3
asked,3
daughter,3
showed,3
needle,3
collectif,3
close,3
ammunition,2
difficult,2
struggle,2
personally,2
concerned,2
meaning,2
prévoyance,2
nagasaki,2
sanctions,2
created,2
alone,2
represent,2
everyone,2
determine,2
tracked,2
debris,2
per,2
passing,2
minutes,2
needed,2
complex,2
illegal,2
doses,2
resistance,2
symbolize,2
sets,2
continent,2
ways,2
regulators,2
walker,2
specified,2
radioprotection,2
tranomaro,2
flows,2
duke,2
acceptance,2
policy,2
fixed,2
unlike,2
ontology,2
maybe,2
moving,2
track,2
wolff,2
contexts,2
lower,2
piles,2
invoking,2
either,2
titles,2
defects,2
posed,2
interests,2
prospecting,2
military,2
address,2
tsing,2
diseases,2
experiments,2
containing,2
capitalist,2
twenty,2
assertion,2
geopolitical,2
hundred,2
wore,2
last,2
interviewed,2
respond,2
behind,2
calculus,2
context,2
accused,2
existence,2
admitted,2
assertions,2
capacity,2
translations,2
america,2
draw,2
discuss,2
design,2
indirectly,2
opened,2
felt,2
cooperation,2
pilot,2
calculated,2
mastery,2
far,2
exchanges,2
arguing,2
enter,2
himself,2
formula,2
measurement,2
golding,2
shut,2
repeatedly,2
central,2
andrew,2
regularly,2
relationships,2
accuracy,2
immediate,2
blast,2
itty,2
countless,2
accumulate,2
visited,2
tables,2
september,2
sociale,2
domain,2
jammet,2
mixed,2
relatively,2
type,2
century,2
hold,2
commissariat,2
distinct,2
better,2
depend,2
concerning,2
memorandum,2
amount,2
approval,2
body,2
six,2
inclusion,2
catram,2
egypt,2
left,2
alliances,2
compare,2
boom,2
wet,2
observatory,2
guard,2
objet,2
focused,2
etc,2
failed,2
inhaled,2
urged,2
mattered,2
developed,2
obtained,2
basic,2
secrets,2
notion,2
process,2
mean,2
georges,2
environments,2
rats,2
traction,2
lasted,2
iaea,2
echoed,2
form,2
absorbed,2
atomique,2
risks,2
support,2
means,2
send,2
category,2
massan,2
insistence,2
soon,2
wages,2
signed,2
benefits,2
exchange,2
india,2
linked,2
producers,2
ì,2
bruce,2
periodically,2
four,2
requested,2
requires,2
exploitation,2
answers,2
shifted,2
care,2
helped,2
contaminants,2
expressed,2
result,2
based,2
decay,2
whom,2
entered,2
begun,2
called,2
strength,2
young,2
bomb,2
climbed,2
insisting,2
hospitals,2
though,2
precautions,2
treat,2
appears,2
recently,2
population,2
strong,2
cannot,2
placed,2
décembre,2
blasting,2
james,2
sites,2
ngos,2
basis,2
relatives,2
correctly,2
overexposed,2
tremendously,2
competent,2
claim,2
hundreds,2
contracts,2
related,2
nation,2
revealed,2
feared,2
whole,2
year,2
literature,2
consistently,2
discussions,2
during,2
engineer,2
issues,2
constitute,2
calculating,2
actually,2
anxieties,2
scare,2
ramiha,2
presentations,2
count,2
approach,2
absorb,2
nephew,2
caused,2
tight,2
responsibility,2
fostered,2
suggest,2
next,2
discourse,2
energie,2
mitchell,2
sufficient,2
prompted,2
lawyers,2
presence,2
corporations,2
core,2
crazy,2
parliament,2
managed,2
annual,2
using,2
value,2
preliminary,2
moved,2
settle,2
digging,2
activities,2
legible,2
f,2
laughed,2
usable,2
detected,2
guarded,2
comparative,2
resisted,2
corporation,2
return,2
released,2
nearly,2
met,2
cooler,2
needles,2
elapsed,2
portrayed,2
opportunities,2
read,2
instantly,2
counterparts,2
metallurgical,2
official,2
times,2
friend,2
double,2
provide,2
name,2
successfully,2
paul,2
fell,2
figure,2
toward,2
bring,2
again,2
europe,2
caisse,2
rock,2
varied,2
averages,2
longer,2
rights,2
stories,2
conduct,2
areas,2
afraid,2
exclusion,2
children,2
really,2
end,2
conferred,2
stuff,2
v,2
present,2
tales,2
covered,2
model,2
weighted,2
accepted,2
ch,2
tell,2
strategies,2
surveillance,2
necessary,2
practice,2
norms,2
native,2
decays,2
reflected,2
free,2
local,2
unsolved,2
father,2
incidence,2
managerial,2
rendered,2
technopolitics,2
desert,2
formal,2
exploitations,2
attributed,2
concern,2
entirely,2
waste,2
sold,2
intermittent,2
bitter,2
rare,2
real,2
trust,2
full,2
eight,2
congo,2
described,2
significance,2
discovered,2
essay,2
dominique,2
leave,2
individual,2
symposium,2
physics,2
someone,2
started,2
spread,2
function,2
course,2
earlier,2
segment,2
short,2
quick,2
danger,2
britain,2
rupture,2
gme,2
paris,2
story,2
daring,2
oosthuizen,2
workshop,2
frictions,2
joint,2
mars,2
walsh,2
mambangui,2
concluded,2
visit,2
european,2
carried,2
today,2
inhabitants,2
suspected,2
employment,2
k,2
février,2
legitimacy,2
indicate,2
countries,2
life,2
class,2
extra,2
existed,2
geoff,2
serve,2
aeb,2
types,2
fields,2
get,2
documents,2
resemble,2
struminger,2
niger,2
ambatomika,2
considered,2
matters,2
addressed,2
mineworker,2
acquired,2
legitimated,2
heurtebize,2
following,2
comes,2
conclusion,2
mentioned,2
contre,2
circumstances,2
metallurgists,2
simply,2
eley,2
equipment,2
routinely,2
established,2
colorado,2
quickly,2
roy,2
ran,2
anthropology,2
organized,2
contained,2
illnesses,2
straightforward,2
intrusive,2
universal,2
visiting,2
allied,2
proportional,2
brothers,2
sc,2
unevenness,2
number,2
purview,2
pit,2
pour,2
assessment,2
possibility,2
merely,2
person,2
turned,2
elevated,2
born,2
barth,2
purchase,2
economy,2
investigation,2
terms,2
abraham,2
particular,2
hoped,2
ruin,2
theory,2
dedicated,2
surveying,2
installations,2
anna,2
atoms,2
categories,2
monitored,2
recognition,2
pitchblende,2
content,2
regulate,2
convinced,2
giving,2
tried,2
disciplines,2
returning,2
step,2
assumptions,2
therefore,2
substance,2
programs,2
obtain,2
informations,2
ever,2
mention,2
aims,2
au,2
think,2
reaching,2
remarks,2
registers,2
françaises,2
pradel,2
argument,2
physicists,2
solely,2
average,2
finding,2
decrease,2
twentieth,2
samuel,2
accept,2
include,2
isolating,2
consumption,2
specialists,2
files,2
sherpa,2
areva,2
remains,2
shift,2
insider,2
deciding,2
assumed,2
scholarship,2
vary,2
chicago,2
geographical,2
create,2
texts,2
asbestos,2
absences,2
north,2
meeting,2
doing,2
occur,2
heterogeneous,2
final,1
spikes,1
mpl,1
democracy,1
go,1
superiority,1
now,1
vivienne,1
customers,1
panicked,1
respected,1
currently,1
mostly,1
transfix,1
rate,1
antoine,1
accidents,1
metal,1
dies,1
aghirin,1
technician,1
edge,1
tainted,1
implemented,1
declared,1
ambivalence,1
fertile,1
treaties,1
franceville,1
productions,1
drafting,1
privately,1
tighter,1
ready,1
breathe,1
top,1
conquêtes,1
sterility,1
affected,1
nationwide,1
zaire,1
vazahas,1
presses,1
red,1
dissolution,1
resided,1
associated,1
natural,1
combine,1
brittle,1
considerably,1
totally,1
introduction,1
forgetfulness,1
rems,1
evans,1
unevenly,1
soraya,1
expect,1
upgrades,1
lumpy,1
novembre,1
becoming,1
valerie,1
burton,1
conflicts,1
unsatisfactory,1
systematically,1
provisions,1
mobility,1
identify,1
closure,1
insertion,1
pierre,1
merged,1
pel,1
services,1
euratom,1
constitutes,1
philippe,1
rewards,1
explosifs,1
installing,1
bias,1
stamp,1
jonathan,1
shinkolobwe,1
easily,1
conclusively,1
sabotaging,1
empower,1
modern,1
favor,1
interviewee,1
geopolitically,1
install,1
masks,1
motive,1
undertaken,1
raw,1
driven,1
roentgens,1
inequality,1
physicians,1
scientist,1
assisted,1
fragile,1
advocate,1
configuring,1
inscribes,1
something,1
contested,1
migration,1
gantin,1
attuned,1
meaningless,1
strikes,1
institutes,1
par,1
hebdomadaire,1
file,1
painful,1
urgency,1
estimated,1
else,1
provision,1
www,1
australia,1
sources,1
wrong,1
ethnologist,1
every,1
extraction,1
letters,1
inexorable,1
segregation,1
masco,1
creation,1
upholding,1
protests,1
regulating,1
allocations,1
contingent,1
paled,1
gowing,1
fund,1
steady,1
attempts,1
enforceable,1
taken,1
anomalies,1
diego,1
questioned,1
saul,1
actual,1
archer,1
articulate,1
purchaser,1
citing,1
poison,1
editions,1
words,1
marshaled,1
replaces,1
best,1
possibilities,1
treated,1
extraversion,1
exemplar,1
knowing,1
copy,1
wooden,1
stringent,1
packed,1
explores,1
contingencies,1
scientifically,1
daily,1
accompanied,1
confidential,1
shoulder,1
imperception,1
bulbs,1
imagery,1
reasons,1
momentum,1
turnover,1
justifiable,1
timing,1
milli,1
fully,1
producing,1
temporalities,1
carts,1
studied,1
inherent,1
able,1
guessed,1
trip,1
independence,1
thanks,1
unblushingly,1
reveal,1
disciplinarily,1
juxtapositions,1
resulting,1
grip,1
nationalism,1
listed,1
alignment,1
mandate,1
achieved,1
damage,1
failures,1
meantime,1
rudimentary,1
mai,1
emphasized,1
stand,1
precisely,1
communication,1
concepts,1
primitive,1
richmond,1
contrasting,1
normal,1
regard,1
decreased,1
china,1
growing,1
alike,1
reading,1
pneumoconiosis,1
irredeemably,1
hostility,1
threshold,1
namibia,1
bluntly,1
inquiry,1
british,1
extend,1
case,1
evaluation,1
corrugated,1
depending,1
wasted,1
advocates,1
sophisticated,1
epstein,1
unmediated,1
ltd,1
avril,1
laboring,1
yoked,1
eastern,1
bird,1
jurisdictional,1
money,1
zmweworkers,1
motion,1
matthew,1
sought,1
advisory,1
oversight,1
right,1
victims,1
jack,1
announced,1
distributing,1
marc,1
implies,1
condemnation,1
enforcement,1
condition,1
labs,1
schedule,1
beverly,1
establishing,1
obviously,1
foreigners,1
memo,1
move,1
advantageous,1
obvious,1
dataset,1
apocalyptic,1
systemically,1
apart,1
taking,1
notations,1
criticisms,1
reflecting,1
consequent,1
timothy,1
whites,1
fur,1
laws,1
cited,1
lindee,1
malagasies,1
genetic,1
chart,1
requirements,1
tous,1
adriana,1
implications,1
allayed,1
benefit,1
tied,1
technoscience,1
sign,1
corresponding,1
exceptionalist,1
framework,1
tons,1
learned,1
complained,1
cbmw,1
natives,1
goal,1
technologically,1
ty,1
pen,1
includes,1
throughout,1
peripheral,1
fit,1
consideration,1
review,1
collapse,1
dependence,1
surely,1
swallow,1
obtaining,1
ambondromifehy,1
estimating,1
accountable,1
roger,1
invisibility,1
points,1
pursue,1
longevity,1
sample,1
borderlands,1
initial,1
analyzing,1
intensifying,1
missile,1
interest,1
agreeing,1
center,1
characteristic,1
dozen,1
ability,1
contributors,1
moment,1
relations,1
shaft,1
consumer,1
highlighting,1
maintaining,1
application,1
ordinariness,1
speculated,1
pay,1
universitaires,1
topic,1
extensively,1
expected,1
options,1
nested,1
ferguson,1
repudiate,1
uf,1
outraged,1
kuletz,1
exhausted,1
congregated,1
veille,1
elements,1
adopted,1
ionisants,1
illuminates,1
loose,1
bay,1
footnotes,1
document,1
simpson,1
averaging,1
refer,1
profound,1
subjects,1
spanned,1
contrary,1
differently,1
dutifully,1
http,1
bemoaned,1
homelands,1
competence,1
radio,1
displeasure,1
ally,1
trusting,1
continuous,1
third,1
twice,1
witnessed,1
jeremy,1
anonymity,1
publications,1
died,1
perfunctory,1
designating,1
explore,1
y,1
conspiracy,1
ricochet,1
consequently,1
look,1
intrigued,1
architects,1
deeply,1
getti,1
uncivilized,1
consultants,1
imaginaries,1
cultural,1
acknowledge,1
unskilled,1
master,1
filiale,1
nucléaire,1
scholarly,1
fixant,1
promised,1
oj,1
messy,1
steps,1
inspections,1
opposed,1
inception,1
library,1
weapon,1
profoundly,1
docteur,1
legitimation,1
andolobé,1
sociotechnical,1
essential,1
mask,1
played,1
constellations,1
reconfigured,1
improved,1
camp,1
links,1
purely,1
infiltrated,1
destroy,1
clinical,1
main,1
absent,1
across,1
annonces,1
activists,1
watch,1
remain,1
incarnated,1
complaint,1
unit,1
financing,1
biggest,1
capture,1
myself,1
broaden,1
completely,1
active,1
signaled,1
goes,1
legs,1
determining,1
impede,1
weighting,1
mile,1
connected,1
landscapes,1
traitement,1
fano,1
fragility,1
b,1
talk,1
hazardous,1
schneiderman,1
travels,1
derived,1
parts,1
ongoing,1
assuming,1
dialogue,1
pages,1
matched,1
jeopardize,1
inseparably,1
scales,1
lay,1
lawyer,1
uncertainties,1
precious,1
gathering,1
wymer,1
milled,1
thomas,1
reason,1
recherches,1
tissue,1
lives,1
bottom,1
voluntarily,1
utterly,1
settled,1
perceptions,1
acquisition,1
win,1
rumors,1
inclement,1
day,1
bad,1
ensure,1
drill,1
biased,1
induction,1
consider,1
blame,1
colonialism,1
bakelite,1
familiar,1
severity,1
predecessor,1
slyly,1
cough,1
transparency,1
bit,1
inscribed,1
unaccounted,1
artificial,1
weather,1
realities,1
record,1
boyer,1
longerterm,1
consigned,1
inspiration,1
w,1
upper,1
rayonnements,1
stationed,1
show,1
experienced,1
resource,1
stewart,1
additional,1
follow,1
exceed,1
glimmers,1
mitman,1
nucleari,1
position,1
consequence,1
your,1
filtered,1
putting,1
hoard,1
jackhammers,1
stints,1
samira,1
puts,1
instance,1
activité,1
visibly,1
permanent,1
bruno,1
destructive,1
guidance,1
obverse,1
dominant,1
important,1
conferences,1
dug,1
distrusted,1
suggested,1
trained,1
loading,1
italics,1
view,1
numerical,1
perceive,1
consortia,1
unnecessary,1
reflections,1
secrétaire,1
dubow,1
opponents,1
duhamel,1
hours,1
pantheon,1
opening,1
limousin,1
advance,1
immutable,1
jay,1
thousands,1
aftermath,1
migrant,1
concentration,1
plateau,1
arrival,1
sherman,1
se,1
hebdo,1
blamed,1
canada,1
societies,1
minières,1
medicine,1
train,1
das,1
administrator,1
posés,1
meticulousness,1
mapping,1
painstaking,1
deterrence,1
inspectors,1
effort,1
lived,1
users,1
clear,1
pass,1
events,1
relate,1
carolina,1
toxic,1
hazard,1
détecteurs,1
configuration,1
emerge,1
persist,1
lubin,1
governing,1
flying,1
struggles,1
base,1
suits,1
representative,1
passionate,1
respects,1
term,1
czech,1
inhale,1
hiring,1
app,1
circulation,1
politique,1
materiality,1
pure,1
parquet,1
equally,1
prompt,1
understood,1
buried,1
precaution,1
mainly,1
stock,1
michigan,1
skilled,1
career,1
africanists,1
obviated,1
tools,1
companies,1
suffered,1
emploi,1
excellent,1
unintelligible,1
intertwined,1
otherwise,1
safe,1
ndatshe,1
procedures,1
amassed,1
confirmation,1
zenith,1
facilities,1
premise,1
method,1
tracking,1
explosions,1
morgaut,1
cart,1
influenced,1
impression,1
briefly,1
expensive,1
bother,1
currey,1
robust,1
secondgeneration,1
almost,1
having,1
participation,1
unequal,1
packing,1
accounting,1
lr,1
crane,1
mandatory,1
clarke,1
scope,1
correlation,1
implement,1
sapphiremining,1
listening,1
narratives,1
tool,1
residue,1
comprises,1
framed,1
decisions,1
slightly,1
concept,1
btoler,1
significantly,1
laura,1
stake,1
crude,1
drew,1
line,1
denial,1
apparent,1
calls,1
esp,1
reconfiguration,1
closed,1
comment,1
viljoen,1
excessive,1
ten,1
dozens,1
loss,1
island,1
carbide,1
partly,1
reactor,1
concentrate,1
enforce,1
increasingly,1
portability,1
forces,1
proliferation,1
away,1
gear,1
practical,1
mcculloch,1
novels,1
formations,1
employed,1
sensibility,1
anticipating,1
proving,1
residents,1
underreporting,1
sanitaire,1
showing,1
internally,1
project,1
sun,1
rage,1
injunctions,1
fought,1
president,1
visions,1
challenging,1
transmit,1
announcement,1
researchers,1
rewritten,1
thrived,1
monetary,1
depicting,1
quarterly,1
makes,1
unremarkable,1
detailed,1
leadership,1
externally,1
published,1
creating,1
exerting,1
solution,1
closing,1
ensued,1
correct,1
stick,1
describing,1
below,1
useful,1
collaborated,1
interpelle,1
proctor,1
hiding,1
debts,1
coupled,1
trading,1
ensue,1
instrumentation,1
deborah,1
clothes,1
enlist,1
obligatory,1
standpoint,1
quite,1
hence,1
emerging,1
signifies,1
family,1
contingency,1
prospectors,1
soil,1
shapes,1
deflect,1
issuing,1
propelled,1
breaking,1
tightened,1
shadows,1
convey,1
essentially,1
distinguished,1
suddenly,1
usual,1
tended,1
delegated,1
budgets,1
affecting,1
rubberstamp,1
articulation,1
geneticists,1
progress,1
st,1
bayait,1
problèmes,1
cattle,1
besançon,1
productivity,1
disconnected,1
proper,1
describes,1
reluctant,1
correspondence,1
sapphire,1
depravity,1
cycle,1
benchmark,1
newly,1
displaced,1
jules,1
inform,1
waiting,1
invested,1
rest,1
sporadic,1
heard,1
bolstered,1
mechanism,1
particles,1
contacted,1
borstelmann,1
nuclearities,1
subsequently,1
periods,1
omission,1
coauthored,1
grandly,1
flourished,1
will,1
threatened,1
hosts,1
pertaining,1
foremen,1
led,1
san,1
transplants,1
republic,1
business,1
edmond,1
fly,1
rapportcontrôle,1
forever,1
reduced,1
request,1
imperceptibility,1
libya,1
nonetheless,1
various,1
universalizing,1
shindell,1
steadily,1
enacts,1
jaggedly,1
economic,1
lurking,1
eindhoven,1
appearances,1
lag,1
located,1
petryna,1
expansion,1
congolese,1
limited,1
wait,1
onward,1
classic,1
brief,1
spencer,1
operation,1
fractured,1
constraints,1
poor,1
april,1
prove,1
whatever,1
fluoridated,1
technically,1
surprise,1
banal,1
flag,1
accumulations,1
comments,1
sponsored,1
sometime,1
unprecedented,1
premises,1
gymnastics,1
juste,1
modes,1
territory,1
ask,1
aligned,1
religious,1
selection,1
biological,1
réunis,1
label,1
calculate,1
simultaneous,1
eyebrows,1
widows,1
jl,1
reel,1
relied,1
interpretation,1
violence,1
formulations,1
refusing,1
arrangements,1
wake,1
repressive,1
salvation,1
recommendation,1
pp,1
accident,1
canceling,1
acknowledgments,1
esoteric,1
expatriates,1
rapportsur,1
familiales,1
contractors,1
compiled,1
shook,1
worksite,1
processing,1
earned,1
inaccurately,1
planned,1
commonwealth,1
orders,1
infrastructure,1
rebuff,1
light,1
compassionate,1
keeping,1
choices,1
mysterious,1
inhaling,1
outlined,1
planet,1
memories,1
indian,1
infused,1
safeguards,1
pello,1
odds,1
violations,1
toronto,1
quotations,1
disagreed,1
handling,1
visualize,1
rise,1
geologists,1
skewed,1
payments,1
disciplinary,1
regardless,1
infrastructural,1
inspected,1
members,1
policing,1
reach,1
visitor,1
enclosures,1
aleatory,1
law,1
book,1
juxtaposing,1
temporarily,1
facility,1
frederick,1
stated,1
broadened,1
poole,1
death,1
clinicians,1
samaki,1
responsibilities,1
lowering,1
addition,1
added,1
tiny,1
generously,1
water,1
headquarters,1
release,1
speaks,1
nécessité,1
fact,1
lack,1
latour,1
treatment,1
complaints,1
fundamental,1
blocks,1
assess,1
slumped,1
governmentality,1
occupations,1
checks,1
creative,1
plan,1
cape,1
trips,1
choice,1
enable,1
governed,1
cameo,1
larger,1
foreigner,1
warning,1
uncle,1
blared,1
fallen,1
reaffirmed,1
stop,1
inspired,1
doubt,1
variation,1
venture,1
unsurprisingly,1
considerable,1
minimize,1
feedback,1
jump,1
audiences,1
simple,1
rhetoric,1
illegibility,1
anthropologist,1
valentin,1
conclusions,1
remade,1
physiological,1
chain,1
available,1
stony,1
zambia,1
disappointed,1
purposes,1
refrain,1
radiologists,1
empire,1
vulnerable,1
jobs,1
axes,1
answer,1
itirik,1
ontological,1
council,1
perceptibilities,1
spoke,1
watches,1
japan,1
turnaround,1
woman,1
regulator,1
assorted,1
coi,1
governance,1
routledge,1
widespread,1
juxtapose,1
daoud,1
shifts,1
male,1
explicitly,1
encountered,1
mill,1
heed,1
transparent,1
administratives,1
violent,1
responded,1
charted,1
slowdowns,1
entity,1
reordering,1
grounds,1
original,1
fundamentally,1
proudly,1
powered,1
empirically,1
tsilamaha,1
reasoning,1
understanding,1
collecting,1
ignored,1
situated,1
theirs,1
états,1
minimizing,1
success,1
turkey,1
effectiveness,1
frantic,1
upon,1
range,1
values,1
garner,1
marginality,1
beulaygue,1
backed,1
dissolve,1
previously,1
procedure,1
increase,1
guys,1
upgraded,1
recover,1
samples,1
identity,1
lawsuits,1
findings,1
varying,1
budget,1
hosted,1
fed,1
operated,1
refers,1
divergences,1
factor,1
causes,1
timecards,1
aside,1
harvard,1
render,1
shrewdly,1
engineers,1
hour,1
engaged,1
eligible,1
laboratory,1
deputy,1
check,1
option,1
zed,1
reinforcing,1
dismissed,1
requests,1
moodie,1
aid,1
mb,1
bicycles,1
lowenhaupt,1
negotiating,1
ties,1
low,1
blues,1
presentist,1
open,1
uncontestedly,1
worry,1
mesures,1
margaret,1
diplomacy,1
loi,1
reverted,1
moral,1
applied,1
emphasizing,1
grew,1
poke,1
gesture,1
radium,1
inadequate,1
movies,1
légales,1
accounted,1
boudia,1
annals,1
victory,1
peter,1
formulas,1
hp,1
interne,1
counter,1
serious,1
held,1
keep,1
controversies,1
bronchiogenic,1
divisions,1
reviewers,1
collaboration,1
revised,1
geographically,1
period,1
inventing,1
plant,1
doyle,1
responses,1
ngo,1
superintendents,1
mexico,1
distinction,1
dry,1
administrative,1
filled,1
anyone,1
tricolor,1
prescription,1
uncompromising,1
abundant,1
expressing,1
martin,1
adequately,1
generating,1
leg,1
spent,1
helmreich,1
sufferance,1
gets,1
discarded,1
jurisdiction,1
outcomes,1
groupe,1
trying,1
imaginative,1
eyes,1
constructing,1
feet,1
rectify,1
cave,1
editors,1
relation,1
epistemology,1
trouble,1
interpretations,1
acquire,1
deliberate,1
closures,1
victim,1
consigne,1
materialized,1
woes,1
usa,1
analyze,1
equivalent,1
parameters,1
splitting,1
incontrovertible,1
figures,1
macmillan,1
weart,1
veena,1
marshalling,1
relative,1
tougher,1
professional,1
crumble,1
basically,1
develop,1
embodied,1
anomaly,1
sole,1
autopsies,1
justice,1
decolonization,1
antoinette,1
threads,1
increasing,1
prévention,1
hands,1
conflict,1
factors,1
undeterred,1
dawn,1
speculate,1
twelve,1
relying,1
discussing,1
assigned,1
fueled,1
ann,1
raise,1
czechoslovakia,1
reviewer,1
processed,1
hostile,1
movements,1
kenneth,1
abounded,1
prise,1
vision,1
deep,1
courlon,1
informing,1
testing,1
approuvé,1
fear,1
disburse,1
deeming,1
inside,1
alternate,1
parent,1
arduous,1
deaths,1
wing,1
insufficient,1
remotely,1
ordinary,1
dec,1
primarily,1
bags,1
patients,1
slow,1
disagreements,1
sensitive,1
abnormal,1
concluding,1
globally,1
inexplicable,1
seen,1
deposit,1
strongly,1
wiebe,1
bicycle,1
effectively,1
importantly,1
contribution,1
thirteen,1
unpredictability,1
relevant,1
remaining,1
recognize,1
pens,1
anxious,1
length,1
compiling,1
diagnosis,1
statistic,1
responsible,1
hierarchical,1
continually,1
fall,1
grade,1
criirad,1
surprising,1
ref,1
aspirations,1
dead,1
respect,1
directives,1
harshly,1
education,1
minière,1
extremely,1
metallurgist,1
citizens,1
instances,1
imperialism,1
face,1
served,1
articles,1
circulated,1
interpretive,1
susan,1
investigate,1
detail,1
sweden,1
school,1
overexposures,1
proof,1
duncan,1
wars,1
authorities,1
magnitude,1
alerting,1
resonates,1
brunet,1
thinking,1
ordered,1
jock,1
judgments,1
elected,1
biology,1
brazenly,1
gaining,1
keyed,1
enquête,1
broke,1
ontologies,1
sorting,1
series,1
roux,1
version,1
comparison,1
worse,1
minneapolis,1
measurements,1
monsieur,1
mackenzie,1
geographic,1
constituted,1
officially,1
paycheck,1
detect,1
titled,1
forwarded,1
speculating,1
continues,1
extension,1
dr,1
named,1
physical,1
separately,1
membership,1
aspire,1
wondered,1
generic,1
eleven,1
doi,1
limoges,1
discontinue,1
stockage,1
nih,1
pneumatic,1
equation,1
eichstaedt,1
legagneux,1
replace,1
outcome,1
excess,1
revealing,1
mutually,1
mbombe,1
principle,1
shipment,1
poon,1
commonplace,1
readily,1
budgetary,1
proponents,1
expatriate,1
dédommagement,1
steven,1
dunbar,1
connection,1
interested,1
exploration,1
seem,1
mechali,1
workspaces,1
accommodate,1
restrictive,1
slowly,1
compte,1
specificities,1
suspicious,1
ruination,1
iii,1
fifteen,1
particularly,1
gregg,1
plague,1
magnified,1
impossible,1
thoron,1
enforcing,1
written,1
hotter,1
multiplying,1
sorted,1
build,1
differed,1
going,1
distinctive,1
director,1
rural,1
february,1
absolutely,1
survivors,1
pushing,1
remediation,1
prescribing,1
believed,1
dismissing,1
activism,1
compagnie,1
warnings,1
suffering,1
senior,1
heads,1
exposing,1
carefully,1
reanalyzed,1
impulse,1
unique,1
imperfections,1
offering,1
nonwhite,1
unsuitability,1
plants,1
nigérien,1
paramilitary,1
sociology,1
era,1
imposed,1
anc,1
français,1
credible,1
thierry,1
metaphor,1
attributes,1
protective,1
temporally,1
heavier,1
ethnography,1
loved,1
clinics,1
incompetence,1
bijker,1
perpetrated,1
mandated,1
institute,1
advise,1
orientations,1
virgins,1
information,1
fears,1
reorganization,1
missed,1
suggests,1
suspicion,1
aren,1
ses,1
size,1
travel,1
temps,1
unnoticed,1
radiologique,1
predictable,1
spaces,1
martha,1
dimly,1
certainties,1
bought,1
remember,1
occasionally,1
org,1
refiising,1
careful,1
votre,1
resell,1
edwards,1
nadir,1
micro,1
plugging,1
scoffed,1
role,1
november,1
yearly,1
charge,1
techniques,1
stemmed,1
transition,1
dus,1
sheets,1
confronted,1
manhattan,1
heir,1
arguments,1
reassembling,1
families,1
filed,1
exceptionally,1
writing,1
gain,1
coming,1
syndrome,1
instrumentalized,1
historicizing,1
underhand,1
epidemiologist,1
externe,1
students,1
devoted,1
soft,1
shown,1
observatoire,1
rejecting,1
radiometrie,1
delegates,1
irradiation,1
trusted,1
sufficed,1
donald,1
copies,1
kingdom,1
mitigating,1
envisaged,1
ailments,1
institutional,1
sud,1
configured,1
iconic,1
intakes,1
discursive,1
empowered,1
dangerous,1
slides,1
register,1
offer,1
joined,1
concessionaires,1
lively,1
unsuitable,1
françois,1
suffers,1
cooper,1
mutations,1
need,1
neoliberal,1
gross,1
landed,1
ï,1
politicizing,1
sanitized,1
contamination,1
defined,1
derive,1
forming,1
off,1
exportation,1
malékou,1
presenting,1
battleground,1
madison,1
association,1
speak,1
unstoppable,1
brook,1
archaic,1
worried,1
doubtless,1
blacks,1
endeavors,1
hires,1
news,1
consignes,1
backbreaking,1
mistaken,1
attending,1
draft,1
arrived,1
unbeholden,1
denser,1
sectors,1
temperatures,1
upstarts,1
sporadically,1
debate,1
disrupting,1
uncertainty,1
substantial,1
evidently,1
stream,1
delocalized,1
sciences,1
treating,1
testified,1
glance,1
iraq,1
çoç,1
comparable,1
whenever,1
recent,1
observed,1
famous,1
virtue,1
broader,1
formulae,1
evacuate,1
injustice,1
ca,1
built,1
attendants,1
staffed,1
workings,1
race,1
fortuitous,1
predicated,1
striking,1
paf,1
major,1
odd,1
perception,1
costly,1
deeper,1
pelindaba,1
