WORDCOUNTS,WEIGHT
the,490
of,366
and,271
in,268
to,216
a,136
women,109
trade,91
for,90
that,85
their,84
were,72
shuttle,69
traders,62
as,60
was,59
this,59
with,57
or,54
soviet,53
by,52
on,50
not,44
from,43
new,41
at,38
they,38
s,34
social,34
children,34
it,32
had,29
but,29
many,28
russia,28
all,26
most,26
market,25
even,25
no,25
these,25
though,24
business,24
are,23
moscow,22
also,22
her,22
is,21
i,20
an,20
people,20
who,20
goods,20
other,19
when,19
be,19
female,18
history,17
pp,17
example,17
only,17
see,17
men,17
such,16
russian,16
gender,16
more,16
some,15
than,15
union,15
out,14
economic,14
which,13
there,13
after,13
because,13
research,13
time,13
economy,13
while,13
transition,13
one,12
journal,12
could,12
high,12
problems,11
p,11
nearly,11
opportunities,11
she,11
private,11
losses,11
number,11
rate,10
into,10
has,10
like,10
basic,10
winter,10
experiences,10
do,10
so,10
often,10
interview,10
them,10
have,10
former,9
official,9
million,9
consumer,9
numbers,9
its,9
yet,9
rossii,9
income,9
especially,9
can,9
been,9
if,8
e,8
state,8
border,8
space,8
opinion,8
came,8
late,8
public,8
well,8
statistics,8
hard,8
involved,8
family,8
under,8
home,8
peddling,8
never,8
sell,8
health,8
did,8
early,8
now,7
reasons,7
government,7
system,7
entrepreneurs,7
medical,7
retail,7
unemployment,7
data,7
work,7
place,7
trading,7
various,7
about,7
two,7
financial,7
lack,7
jobs,7
range,7
trader,7
we,7
life,7
any,7
over,7
half,7
what,7
form,7
vol,7
became,7
years,7
activities,7
much,7
child,6
po,6
divorce,6
those,6
interviews,6
central,6
items,6
billion,6
process,6
similar,6
moreover,6
markets,6
facilities,6
year,6
personal,6
employed,6
least,6
few,6
paid,6
overall,6
make,6
where,6
eds,6
day,6
lost,6
mothers,6
would,6
school,6
control,6
domestic,6
very,6
places,6
camps,6
re,6
among,6
m,5
common,5
estimated,5
mar,5
western,5
source,5
different,5
first,5
sources,5
europe,5
issue,5
con,5
international,5
divorced,5
due,5
pay,5
estimates,5
back,5
how,5
sort,5
revenues,5
legal,5
just,5
age,5
care,5
result,5
participation,5
during,5
fieldwork,5
status,5
small,5
several,5
daycare,5
massive,5
us,5
same,5
oral,5
took,5
less,5
annually,5
abortion,5
remained,5
made,5
use,5
services,5
story,5
european,5
provide,5
husband,5
employment,5
merchandise,5
transformation,5
why,5
education,5
considered,5
here,5
march,5
unique,5
clothing,5
come,5
you,5
roles,5
mostly,4
tion,4
conducted,4
syphilis,4
evasion,4
t,4
hence,4
able,4
respondents,4
relations,4
sale,4
combination,4
economies,4
labor,4
thus,4
collapse,4
author,4
nor,4
left,4
look,4
rights,4
study,4
support,4
wanted,4
k,4
unemployed,4
commonly,4
my,4
based,4
access,4
businesses,4
term,4
poverty,4
scale,4
your,4
brought,4
problemy,4
regional,4
universally,4
change,4
working,4
order,4
fashions,4
up,4
chelnoki,4
entrepreneurship,4
security,4
york,4
neither,4
tax,4
ed,4
without,4
street,4
name,4
fact,4
choice,4
man,4
hand,4
v,4
woman,4
discussion,4
turkey,4
traded,4
three,4
b,4
workers,4
times,4
period,4
features,4
krasnodar,4
capitalism,4
regimes,4
factors,4
ing,4
usually,4
claimed,4
force,4
existed,4
then,4
global,4
galina,4
post,4
nadia,4
better,4
believed,4
regulations,4
born,4
almost,4
incomes,4
both,4
course,4
instead,4
d,4
need,4
off,4
profits,4
between,4
themselves,4
era,4
customs,4
fathers,3
begging,3
college,3
customers,3
large,3
identify,3
westernization,3
gazeta,3
character,3
ussr,3
publikatsiiam,3
nis,3
negative,3
lower,3
deniz,3
long,3
caroline,3
might,3
emerged,3
diseases,3
words,3
desire,3
stand,3
political,3
case,3
eastern,3
sexual,3
victims,3
bribes,3
quantities,3
supervision,3
far,3
pursuing,3
daughters,3
married,3
development,3
since,3
september,3
g,3
gendered,3
forced,3
cases,3
humphrey,3
perspective,3
refer,3
profit,3
rates,3
may,3
vacations,3
understand,3
facilitated,3
khabarovsk,3
weather,3
n,3
shed,3
faced,3
hours,3
predprinematel,3
found,3
color,3
demands,3
culture,3
further,3
dropped,3
population,3
applied,3
placed,3
however,3
required,3
taxes,3
directly,3
used,3
prompted,3
part,3
london,3
got,3
gave,3
std,3
il,3
predominance,3
statisticheskii,3
pick,3
officials,3
below,3
cold,3
socialist,3
june,3
managed,3
wife,3
will,3
he,3
situation,3
practices,3
limited,3
gendernye,3
once,3
informal,3
asia,3
rossiiskii,3
abroad,3
already,3
emotional,3
longer,3
volume,3
fell,3
others,3
addition,3
scholars,3
discussed,3
enough,3
covered,3
answer,3
emma,3
free,3
treated,3
discrimination,3
izvestiia,3
previously,3
increase,3
significant,3
food,3
ethnic,3
lifestyle,3
ibid,3
individual,3
allowed,3
summer,3
him,3
kept,3
lose,3
founda,3
article,3
professional,3
usd,3
bags,3
un,3
began,3
countries,3
expectations,3
citizens,3
growing,3
merchandize,3
circumstances,3
each,3
finance,3
report,3
grey,3
works,3
february,3
whether,3
problem,3
met,3
role,3
buy,3
families,3
maintained,3
survival,3
cambridge,3
finally,3
financially,3
offered,3
actions,3
given,3
natsionavnym,3
difficult,2
go,2
stambula,2
o,2
prenatal,2
way,2
pur,2
later,2
imported,2
everyone,2
affected,2
nationwide,2
feminization,2
alone,2
postsocialist,2
group,2
factories,2
illegal,2
true,2
sets,2
noi,2
policy,2
harsh,2
unlike,2
cit,2
tells,2
usloviyakh,2
economics,2
nonetheless,2
experience,2
ashwin,2
sssr,2
incomplete,2
yukseker,2
worked,2
sotsiavnaia,2
dramatically,2
broadly,2
analiza,2
borders,2
great,2
bribe,2
thanks,2
reveal,2
freezing,2
products,2
take,2
real,2
help,2
called,2
issledovania,2
mind,2
zhenshchiny,2
tv,2
china,2
somewhat,2
citizenship,2
partners,2
vadim,2
istorila,2
sought,2
u,2
eurasia,2
possible,2
naia,2
buckley,2
rynka,2
consumers,2
rossiiskaia,2
west,2
say,2
uncertain,2
household,2
along,2
against,2
chronic,2
attract,2
pushed,2
goal,2
disorder,2
explained,2
dynamics,2
points,2
objective,2
demanded,2
analyzing,2
reported,2
human,2
integral,2
interest,2
sotsiologicheskie,2
ability,2
speculative,2
lemy,2
price,2
dis,2
old,2
self,2
ithaca,2
holtom,2
hardly,2
transactions,2
let,2
failed,2
poor,2
stva,2
cially,2
costs,2
rather,2
bring,2
stvo,2
main,2
across,2
watch,2
ftom,2
levels,2
notion,2
knew,2
opportunity,2
deprived,2
leave,2
empowerment,2
feel,2
consequences,2
means,2
accounts,2
changes,2
university,2
consider,2
statistical,2
established,2
peasant,2
klimova,2
suitcase,2
elsewhere,2
days,2
welfare,2
argued,2
too,2
origins,2
beyond,2
peru,2
zhenskoe,2
flow,2
globalization,2
greater,2
standards,2
unem,2
avenue,2
declined,2
chelnochnogo,2
katherine,2
demise,2
planned,2
ambiguity,2
centers,2
deal,2
shared,2
pioneer,2
ket,2
hospitals,2
mate,2
ekonomiki,2
gorodskogo,2
safe,2
necessities,2
burawoy,2
information,2
aspects,2
improve,2
failure,2
shape,2
provincial,2
percent,2
closed,2
scope,2
preferred,2
claim,2
training,2
feared,2
alena,2
destination,2
records,2
strenuous,2
away,2
graph,2
following,2
hidden,2
either,2
successful,2
suggest,2
eko,2
unbearable,2
multiple,2
highly,2
temporary,2
choosing,2
impossible,2
viola,2
always,2
inability,2
world,2
underlying,2
provided,2
zdravookhranenie,2
society,2
unofficial,2
communist,2
demand,2
onset,2
ledeneva,2
transnational,2
short,2
indeed,2
april,2
acknowledged,2
chelnok,2
registered,2
escaping,2
single,2
lifting,2
suited,2
makes,2
kilos,2
wearing,2
j,2
yeltsin,2
perceived,2
participants,2
brands,2
light,2
sales,2
acknowledging,2
constitute,2
pol,2
payments,2
regardless,2
law,2
tatiana,2
pokinuli,2
residence,2
leading,2
criminal,2
stories,2
statisticheskie,2
lives,2
ezhegodnik,2
suppressed,2
end,2
forms,2
everyday,2
ground,2
available,2
michael,2
strategies,2
ekonomika,2
belief,2
entrepreneurial,2
obscured,2
saratov,2
another,2
spending,2
disease,2
restrictions,2
explanation,2
limitations,2
sold,2
assumption,2
shtrikhi,2
engaged,2
issledovanii,2
trust,2
full,2
unwanted,2
open,2
reality,2
op,2
publication,2
lifestyles,2
zdorovie,2
arthritis,2
portretu,2
ntv,2
exchange,2
spent,2
internal,2
dollars,2
relation,2
january,2
rossiia,2
saw,2
peterson,2
charodeev,2
stereotypes,2
justice,2
ranging,2
oxford,2
figure,2
imbalance,2
ordinary,2
institutions,2
success,2
progressively,2
rynochnoi,2
analysis,2
midst,2
mother,2
enforced,2
itself,2
articles,2
bazary,2
nadezhda,2
environment,2
graphs,2
shanin,2
firsthand,2
russians,2
napravlenia,2
dishonest,2
extensive,2
ever,2
precise,2
physical,2
prob,2
marketplaces,2
shuttling,2
patients,2
kandioti,2
lynne,2
ni,2
privateer,2
country,2
east,2
down,2
region,2
job,2
speculation,2
resale,2
identities,2
happiness,2
sotsial,2
rural,2
turned,2
tastes,2
elena,2
custody,2
terms,2
neformal,2
involvement,2
maintain,2
attitudes,2
pains,2
clinics,2
transaction,2
nashi,2
cherkizov,2
baltic,2
urban,2
travel,2
popular,2
mir,2
boston,2
barsukova,2
ekonomike,2
regulate,2
ac,2
exceeded,2
ventilation,2
programs,2
arguments,2
officially,2
aspect,2
locations,2
chel,2
parallels,2
although,2
willing,2
nomu,2
states,2
nep,2
remains,2
vi,2
specific,2
wedlock,2
ser,2
torgovtsy,2
pensions,2
reached,2
exclusively,2
entire,2
documentary,2
images,2
cross,2
close,2
cited,2
verdery,2
tourists,1
svet,1
fraudulent,1
does,1
volved,1
forties,1
done,1
borwn,1
evaluations,1
avoiding,1
indicated,1
implying,1
corporate,1
corruption,1
nikolaevna,1
vienna,1
unpleasant,1
breathe,1
truth,1
represent,1
cussion,1
naseleniia,1
izvestia,1
extreme,1
dren,1
consume,1
fingers,1
resulted,1
drawing,1
fiction,1
legitimate,1
suffocating,1
worthy,1
measures,1
semi,1
diane,1
poorer,1
stands,1
ewa,1
federation,1
disparaging,1
sphere,1
disregard,1
philologist,1
minutes,1
center,1
hot,1
complex,1
replaced,1
kinds,1
provisions,1
fed,1
mobility,1
tend,1
mad,1
stays,1
join,1
diversification,1
recollects,1
openness,1
delovaia,1
omy,1
uniquely,1
motivation,1
ways,1
byelorussia,1
h,1
colds,1
easily,1
studies,1
unraveling,1
dishonorable,1
mentality,1
conscious,1
supervised,1
clandestine,1
phies,1
queues,1
backs,1
protection,1
perestroika,1
justified,1
raw,1
resurgence,1
tween,1
laid,1
individually,1
total,1
ormai,1
chased,1
hayes,1
something,1
komitet,1
abun,1
nice,1
princeton,1
claire,1
assaults,1
sic,1
themes,1
highlight,1
peaked,1
accumulation,1
being,1
said,1
gap,1
www,1
unoffi,1
failing,1
cumstances,1
wrong,1
every,1
candid,1
regeneration,1
matured,1
regulating,1
lu,1
originally,1
infections,1
attempts,1
nepotopliaemyi,1
abound,1
motivations,1
feeling,1
address,1
hire,1
thrive,1
elusive,1
sub,1
orphan,1
actual,1
tuition,1
spekulianty,1
tolerated,1
prikladnykh,1
shortage,1
derstudied,1
supplied,1
obshchezhitie,1
confirmed,1
operators,1
reach,1
shaped,1
capitalist,1
sup,1
clothed,1
salaff,1
zhenshchine,1
refugee,1
assess,1
warm,1
daily,1
turnover,1
transformatsiia,1
hesitation,1
accumulated,1
multaneously,1
normative,1
train,1
arutiunian,1
hundred,1
onto,1
cohesion,1
friend,1
swimsuits,1
previous,1
liubov,1
golfo,1
feature,1
biat,1
julie,1
rudimentary,1
filial,1
neformavnaia,1
pean,1
replicas,1
ber,1
ruined,1
alike,1
profitable,1
reading,1
viet,1
signs,1
behind,1
guards,1
lution,1
livelihood,1
designs,1
seminar,1
bluntly,1
akin,1
side,1
preventing,1
governmental,1
java,1
existence,1
dr,1
plain,1
key,1
tutoring,1
money,1
prone,1
adverse,1
panied,1
america,1
cated,1
rests,1
right,1
vulnerability,1
design,1
custom,1
indirectly,1
enriching,1
felt,1
prior,1
stall,1
marked,1
watched,1
enforcement,1
activity,1
ball,1
condition,1
shame,1
snabzhenie,1
assure,1
october,1
driver,1
professionals,1
crossed,1
professor,1
austin,1
inhumanly,1
misrepresen,1
natsionavnympublikatsiiam,1
point,1
sent,1
laws,1
lana,1
statistike,1
anticipated,1
promises,1
investing,1
ostrovskaia,1
flect,1
minimum,1
forged,1
undergone,1
togovat,1
wallace,1
sign,1
split,1
framework,1
exposed,1
unprotected,1
berezniaki,1
succeed,1
exist,1
learned,1
complained,1
mistake,1
lationships,1
prey,1
ployed,1
farnsworth,1
kicked,1
review,1
chelnochno,1
relationships,1
abortions,1
influx,1
reverse,1
eventual,1
jective,1
overexposure,1
proportionate,1
inevitable,1
backgrounds,1
wilke,1
contestable,1
realized,1
de,1
sumers,1
neighbors,1
dozen,1
creat,1
weaving,1
num,1
adopted,1
riage,1
honest,1
reverting,1
salisbury,1
tsentr,1
envy,1
aleksandrovna,1
janet,1
codified,1
topic,1
avalanche,1
expected,1
visa,1
admitted,1
yourself,1
financing,1
kurs,1
ai,1
progressive,1
turn,1
seligmann,1
blame,1
clark,1
curiously,1
mistakes,1
legally,1
concerning,1
subjects,1
marriage,1
body,1
ear,1
starved,1
wares,1
houses,1
flu,1
young,1
tashkent,1
compared,1
ally,1
effective,1
bag,1
employers,1
estimate,1
davydov,1
networks,1
weight,1
y,1
rained,1
federatsii,1
mand,1
rationing,1
adult,1
pronounced,1
acknowledge,1
word,1
businessmen,1
unfortunate,1
romania,1
gkrfs,1
admittance,1
industries,1
van,1
higher,1
aim,1
starving,1
via,1
interesting,1
recognized,1
whose,1
license,1
oksana,1
exact,1
act,1
his,1
respondent,1
ba,1
devastating,1
links,1
homo,1
aimed,1
centered,1
godnik,1
remain,1
ply,1
aggressive,1
weighted,1
af,1
synonyms,1
anfalov,1
filmed,1
filled,1
luck,1
players,1
hers,1
parents,1
unsanitary,1
tel,1
risk,1
heard,1
proportion,1
supplement,1
contagious,1
ex,1
sarah,1
tolerable,1
grew,1
se,1
parts,1
rus,1
huge,1
hardships,1
special,1
emergency,1
cooking,1
liuba,1
offering,1
predostavliaetsia,1
reforms,1
periodic,1
risks,1
underline,1
qualify,1
soul,1
category,1
wagon,1
escape,1
maintaining,1
romantic,1
circulated,1
affect,1
ensure,1
ation,1
supports,1
locally,1
needless,1
instruction,1
wolf,1
physically,1
presents,1
benefits,1
repeated,1
vcr,1
presumably,1
driven,1
noticeable,1
mary,1
remaking,1
weak,1
w,1
solid,1
benefited,1
four,1
svobodnyi,1
flats,1
commented,1
viced,1
legends,1
voluminous,1
ques,1
cheater,1
tourism,1
notions,1
heav,1
definite,1
childcare,1
cost,1
disintegrating,1
permanent,1
undress,1
solve,1
bruno,1
cargo,1
diagnoz,1
setup,1
respected,1
providing,1
noki,1
tory,1
mer,1
prolapsed,1
refrigerators,1
appear,1
zoya,1
upsurge,1
kupit,1
marta,1
friends,1
whereas,1
talking,1
accom,1
legislative,1
remembered,1
ditions,1
encourage,1
pounds,1
underrepresented,1
allow,1
blamed,1
carrying,1
entered,1
speculators,1
search,1
rozhi,1
totaling,1
treatments,1
strongly,1
seven,1
versally,1
lived,1
changed,1
facilitate,1
pass,1
centrally,1
constantly,1
federatsiia,1
tuda,1
base,1
im,1
inter,1
fathered,1
evaluate,1
app,1
circulation,1
alam,1
infected,1
ppp,1
occupation,1
vocational,1
rent,1
twice,1
provintsialu,1
harassment,1
treat,1
appears,1
default,1
symbols,1
persons,1
companies,1
promise,1
suffered,1
rising,1
fish,1
outside,1
nothing,1
explain,1
kseker,1
wide,1
oh,1
near,1
kopylov,1
tially,1
coin,1
reason,1
receive,1
specifically,1
none,1
resold,1
spheres,1
basis,1
relatives,1
protected,1
line,1
formerly,1
vse,1
received,1
evo,1
turning,1
future,1
simplification,1
advancement,1
oftentimes,1
explains,1
norm,1
etnosotsiologichesskikh,1
forcefully,1
comment,1
aged,1
crying,1
marketplace,1
revealed,1
positions,1
stores,1
criticized,1
reminded,1
restructuring,1
babu,1
loss,1
sta,1
consistently,1
craved,1
domestically,1
suffocatingly,1
onions,1
issues,1
demonstrates,1
aggravated,1
gosudarstvennyi,1
concentrate,1
tative,1
earn,1
speaking,1
lanham,1
music,1
documented,1
outposts,1
poll,1
doors,1
reflect,1
institution,1
reconstructing,1
tears,1
stanford,1
miniscule,1
alan,1
bab,1
ter,1
daposlat,1
miss,1
desper,1
escalated,1
attributed,1
dorms,1
basket,1
renovated,1
teacher,1
unbeatable,1
profiteers,1
citing,1
monetary,1
aspired,1
seacoast,1
good,1
tough,1
solution,1
closing,1
teers,1
field,1
compartment,1
anger,1
carry,1
buildings,1
shaping,1
talked,1
samoilova,1
debts,1
excuse,1
wellbeing,1
prevalence,1
protest,1
television,1
discourse,1
exclude,1
desires,1
stalinist,1
prosecuted,1
night,1
emerging,1
insurance,1
fast,1
gorodskaia,1
resell,1
wildfire,1
specificity,1
eco,1
characteristics,1
aspekty,1
ship,1
mini,1
lug,1
mal,1
starting,1
disabilities,1
comfort,1
andrei,1
protect,1
suddenly,1
inefficiency,1
boundaries,1
motherhood,1
workforce,1
da,1
occasions,1
babb,1
generally,1
radaev,1
majority,1
quirements,1
faraway,1
shivered,1
unattended,1
predprinema,1
leveled,1
beauty,1
stalins,1
shvic,1
value,1
crime,1
newly,1
paul,1
displaced,1
cheating,1
pot,1
waiting,1
rest,1
miserable,1
establishments,1
ketplace,1
lems,1
casts,1
iiss,1
nations,1
appeal,1
survived,1
alexopoulos,1
volkov,1
span,1
flourished,1
nonethe,1
therefore,1
lenin,1
related,1
approximate,1
sons,1
power,1
crimination,1
implications,1
minor,1
equality,1
matter,1
variety,1
absence,1
networking,1
factory,1
worcester,1
summertime,1
chase,1
scientific,1
lesser,1
ipina,1
identified,1
breading,1
dived,1
routinely,1
aired,1
dressed,1
chmouliar,1
merits,1
bunty,1
aches,1
victo,1
constraints,1
jewelry,1
strains,1
supplementing,1
attempt,1
bloc,1
still,1
above,1
petitioning,1
expanded,1
comments,1
standing,1
sending,1
lb,1
lo,1
southern,1
za,1
echo,1
gonorrhea,1
selection,1
positive,1
sexually,1
supplier,1
tartakovskaia,1
percentage,1
guide,1
calculate,1
contributing,1
loopholes,1
inception,1
deh,1
bonnell,1
relied,1
selling,1
housing,1
chudinovskikh,1
beatrice,1
arrangements,1
experienced,1
mos,1
older,1
abundance,1
heaviest,1
tradesr,1
gins,1
reshaping,1
ployment,1
fifth,1
god,1
ne,1
socio,1
viding,1
compiled,1
trepreneur,1
earned,1
professila,1
publishing,1
cried,1
manning,1
keeping,1
performed,1
polozhenie,1
ashamed,1
colored,1
literally,1
deliver,1
si,1
medvedeva,1
exodus,1
boiling,1
hong,1
department,1
reports,1
inj,1
bracket,1
increasingly,1
rise,1
enterprises,1
members,1
organizations,1
kilograms,1
recouped,1
successfully,1
untested,1
gendernyeprob,1
capi,1
toward,1
again,1
sovieticus,1
spend,1
sult,1
death,1
sovetskogo,1
avail,1
responsibilities,1
safety,1
put,1
added,1
headquarters,1
lacked,1
shows,1
happening,1
endless,1
regret,1
occupations,1
foods,1
rics,1
call,1
instability,1
sleep,1
rial,1
trips,1
illegality,1
inevitably,1
bedzir,1
break,1
richer,1
diverse,1
ethno,1
everything,1
substantially,1
denisova,1
considerable,1
charges,1
fashion,1
pattern,1
warmly,1
prerevolutionary,1
malls,1
coherently,1
rhetoric,1
bargaining,1
channel,1
reproductive,1
patterns,1
conclusions,1
wild,1
env,1
meant,1
nykh,1
manner,1
en,1
reversion,1
respiratory,1
purposes,1
existing,1
florence,1
relevant,1
contracted,1
sorry,1
coexisted,1
coincided,1
chil,1
duties,1
negotiators,1
practice,1
cir,1
jeans,1
rich,1
chronologically,1
ruble,1
difficulties,1
istanbul,1
style,1
leable,1
aliens,1
itor,1
housecleaning,1
disregarded,1
distortions,1
laudable,1
koldak,1
degree,1
violent,1
kapkan,1
kong,1
summers,1
local,1
week,1
backbone,1
classes,1
understanding,1
oil,1
incidence,1
examples,1
background,1
hessler,1
own,1
easier,1
randall,1
helps,1
thirds,1
formal,1
marginality,1
lake,1
including,1
penniless,1
depended,1
iakovlev,1
herself,1
nef,1
sia,1
host,1
asian,1
stealing,1
unprofitable,1
emphasize,1
refers,1
assume,1
shopping,1
band,1
resulting,1
denied,1
net,1
questions,1
processes,1
styles,1
tual,1
continue,1
mds,1
fer,1
stay,1
tactic,1
legitimiz,1
sees,1
vices,1
regions,1
stayed,1
theories,1
intimacy,1
nevertheless,1
described,1
meanings,1
notations,1
switched,1
eva,1
moral,1
frustrated,1
authors,1
idency,1
definitely,1
supportive,1
amounts,1
co,1
august,1
travels,1
counter,1
ciety,1
homes,1
started,1
incompletely,1
spread,1
general,1
hernias,1
mask,1
uni,1
obtained,1
stages,1
ended,1
counted,1
vkst,1
comforts,1
kurkchiyan,1
black,1
sally,1
thomas,1
dant,1
collectivization,1
readers,1
facing,1
labels,1
sentiment,1
prosecution,1
satisfy,1
qualities,1
leaves,1
methods,1
become,1
narrow,1
references,1
clude,1
pro,1
deceiving,1
acquire,1
effect,1
fab,1
structure,1
claiming,1
probably,1
looks,1
travelers,1
present,1
gg,1
attracted,1
sanitary,1
haven,1
industrialization,1
connections,1
nomic,1
insignificant,1
quarter,1
anatolia,1
outright,1
normal,1
attention,1
la,1
widely,1
annu,1
visit,1
separate,1
oblast,1
carried,1
glasnost,1
extracted,1
dead,1
laleli,1
fueled,1
imply,1
caretakers,1
korobeinikov,1
me,1
mitigate,1
perspectives,1
cow,1
africa,1
processed,1
independent,1
continued,1
bulk,1
legalization,1
gubkin,1
linda,1
foreign,1
willingly,1
naturally,1
fear,1
reasonable,1
begin,1
exacerbated,1
noka,1
prosecutions,1
months,1
insufficient,1
male,1
primarily,1
ezhe,1
suitcases,1
dimensions,1
irina,1
directions,1
seen,1
inefficiencies,1
detailed,1
outpaced,1
ating,1
hnen,1
sprains,1
polls,1
dirt,1
recalled,1
preventable,1
nedorog,1
originated,1
reservations,1
indicate,1
vasil,1
es,1
remolded,1
lowered,1
maternity,1
travelled,1
fe,1
fall,1
united,1
surprising,1
elderly,1
booths,1
exists,1
get,1
gorbachev,1
face,1
arts,1
commenting,1
problematic,1
fac,1
boris,1
res,1
detail,1
materialy,1
lengthier,1
sections,1
acquired,1
share,1
wars,1
victoria,1
shadow,1
sexes,1
heavy,1
rarely,1
associated,1
precedence,1
material,1
lessons,1
mentioned,1
univer,1
girlfriends,1
weeks,1
centrai,1
radiant,1
medi,1
simply,1
geographic,1
reinforced,1
pregnancies,1
continues,1
extension,1
symbolic,1
carriers,1
frostbite,1
nina,1
shunned,1
favors,1
mukhina,1
semianova,1
text,1
meat,1
taiwan,1
perenochevat,1
bilize,1
outcome,1
berkeley,1
natural,1
bulgaria,1
marina,1
partner,1
tendencies,1
commonplace,1
readily,1
guaranteed,1
parental,1
paper,1
par,1
december,1
fairs,1
offi,1
historians,1
seem,1
believe,1
capital,1
outdoor,1
best,1
expense,1
propaganda,1
surprised,1
minimized,1
sellers,1
foundation,1
reavnost,1
snowed,1
sav,1
gde,1
exhaustive,1
rely,1
perniile,1
gas,1
constant,1
differed,1
utilized,1
passage,1
living,1
type,1
texas,1
risky,1
feminist,1
stamps,1
riages,1
noise,1
knows,1
suffering,1
according,1
scholarly,1
ethnically,1
nelegavnoe,1
answered,1
transmitted,1
month,1
combined,1
circles,1
graphies,1
selected,1
list,1
making,1
pact,1
want,1
cause,1
particular,1
emitters,1
pertinent,1
allowance,1
bend,1
males,1
thirty,1
min,1
hoped,1
liberalization,1
mere,1
doubled,1
firmly,1
theory,1
ceased,1
preordained,1
perm,1
leaving,1
extent,1
cincinnati,1
bitterly,1
illegally,1
institute,1
pursued,1
amy,1
hypothesize,1
ators,1
embeddedness,1
produce,1
awarded,1
influenced,1
ori,1
listed,1
missed,1
marriages,1
bodly,1
contain,1
feminized,1
categories,1
khotkina,1
pereimenovany,1
researchers,1
bought,1
owner,1
org,1
must,1
illusive,1
code,1
pain,1
conclude,1
kin,1
ma,1
city,1
bezrabotitsa,1
despite,1
marketing,1
strangers,1
econ,1
prevalent,1
confirm,1
november,1
african,1
giving,1
natsii,1
intended,1
undermining,1
cash,1
agents,1
tag,1
controls,1
everywhere,1
went,1
acute,1
contribute,1
possessions,1
biznesa,1
lesson,1
merchant,1
sizeable,1
phenomenon,1
challenges,1
using,1
allows,1
wombs,1
representation,1
faculty,1
odinokoi,1
ization,1
iu,1
rossiiskoi,1
rious,1
ina,1
question,1
sickness,1
promoted,1
piety,1
talism,1
until,1
peddlers,1
revoked,1
caring,1
swers,1
drafts,1
unable,1
lists,1
birth,1
matenaly,1
difference,1
leontiev,1
average,1
morawska,1
finding,1
contract,1
conditions,1
hus,1
institutional,1
liaisons,1
temperature,1
grant,1
mode,1
gracia,1
sotsiologiia,1
offer,1
prolonged,1
approximately,1
zhenskaia,1
cooper,1
consumption,1
surreal,1
closedl,1
evidence,1
smaller,1
disintegrated,1
obvious,1
sports,1
shameful,1
figmyl,1
roberta,1
defined,1
racke,1
postsovetskikh,1
dlia,1
definitive,1
lithuania,1
traveling,1
anonymous,1
morally,1
supported,1
ethnogra,1
assumed,1
arrange,1
endnotes,1
c,1
consisted,1
sectors,1
imum,1
chicago,1
cheltenham,1
enterprise,1
partial,1
create,1
busee,1
views,1
maximum,1
predictable,1
ily,1
dvoikil,1
develop,1
abandoned,1
traditional,1
kiosk,1
seek,1
prison,1
derogatory,1
zhulin,1
euro,1
gruzdeva,1
irregardless,1
broader,1
alternative,1
asked,1
doing,1
ca,1
major,1
hospitalization,1
gold,1
hypothesis,1
