WORDCOUNTS,WEIGHT
the,1061
of,559
and,450
to,338
in,323
lincoln,218
a,189
that,165
nation,135
as,128
slavery,124
for,123
s,97
his,96
he,90
on,88
it,86
was,86
american,80
emancipation,73
rights,63
new,60
is,59
by,58
political,57
see,53
moral,52
not,51
at,50
had,48
with,47
but,45
an,45
abraham,45
war,44
states,44
be,42
history,40
nationalism,40
union,40
from,40
liberty,38
free,38
york,36
i,33
its,33
were,33
universal,33
civil,32
would,31
human,30
ed,30
national,30
principle,29
if,27
principles,27
when,27
more,26
speech,26
all,25
republic,25
ibid,25
could,24
only,24
both,24
this,23
united,23
north,23
into,22
their,22
or,22
who,22
works,22
have,22
america,21
against,21
freedom,21
republican,20
liberal,20
equal,20
people,20
south,20
one,19
than,19
exceptionalism,19
been,19
ideology,19
right,18
world,18
exceptionalist,18
most,18
own,18
time,18
we,18
between,18
race,18
they,17
p,17
god,17
law,17
our,17
identity,16
other,16
politics,16
white,16
m,16
allegiance,16
smith,16
nationalist,16
antebellum,15
first,15
ethical,15
americans,15
no,15
basler,15
during,15
man,15
which,15
collected,15
over,15
what,15
blacks,15
debate,15
historians,14
conflict,14
journal,14
esp,14
fredrickson,14
equality,14
social,14
party,14
also,14
him,14
james,14
natural,14
has,14
did,14
now,13
ethics,13
slave,13
still,13
made,13
david,13
black,13
story,13
are,13
save,12
amendment,12
september,12
always,12
necessity,12
nations,12
nationality,12
northern,12
declaration,12
country,11
address,11
mass,11
character,11
antislavery,11
peoria,11
men,11
life,11
secession,11
universalist,11
them,11
jan,11
cambridge,11
constitution,11
fathers,10
tion,10
position,10
said,10
government,10
even,10
house,10
founding,10
however,10
revolution,10
george,10
historical,10
abolitionists,9
ideals,9
labor,9
century,9
generation,9
na,9
support,9
slaveholding,9
years,9
public,9
because,9
will,9
about,9
us,9
rise,9
power,9
end,9
debates,9
language,9
can,9
any,9
william,9
particular,9
ideal,9
although,9
abolition,8
declared,8
e,8
h,8
inconsistent,8
davis,8
ii,8
great,8
narrative,8
those,8
racial,8
some,8
may,8
soil,8
future,8
big,8
let,8
douglas,8
up,8
toward,8
might,8
southern,8
put,8
many,8
enough,8
do,8
values,8
slaves,8
so,8
problem,8
while,8
became,8
obligation,8
re,8
way,7
modern,7
before,7
proclamation,7
ithaca,7
religion,7
there,7
whites,7
thus,7
rather,7
humanity,7
seward,7
lin,7
argued,7
view,7
my,7
mcpherson,7
work,7
abolitionist,7
institution,7
good,7
reconstruction,7
under,7
culture,7
john,7
never,7
remained,7
like,7
christian,7
claimed,7
often,7
hope,7
ing,7
must,7
stephen,7
believed,7
argument,7
negro,7
americas,7
common,6
last,6
context,6
citizenship,6
existence,6
march,6
familial,6
ross,6
since,6
divine,6
weight,6
yet,6
doctrine,6
linked,6
placed,6
powerful,6
decades,6
effort,6
out,6
radical,6
inaugural,6
understood,6
cultural,6
required,6
well,6
purpose,6
gave,6
destiny,6
discourse,6
family,6
territorial,6
community,6
july,6
members,6
l,6
together,6
rhetoric,6
where,6
father,6
providence,6
full,6
allowed,6
foner,6
fehrenbacher,6
justice,6
independence,6
began,6
springfield,6
theory,6
membership,6
each,6
coln,6
constitutional,6
popular,6
role,6
sectional,6
course,6
themselves,6
era,6
much,6
recent,6
should,6
struggle,5
obligations,5
alone,5
ultimate,5
center,5
wrong,5
long,5
every,5
nature,5
mind,5
state,5
account,5
throughout,5
old,5
left,5
whose,5
congressional,5
perpetuation,5
douglass,5
w,5
prevent,5
age,5
democratic,5
came,5
called,5
promise,5
gained,5
kersh,5
r,5
egalitarian,5
place,5
earth,5
sense,5
june,5
battle,5
urged,5
violence,5
two,5
name,5
stories,5
shown,5
dorothy,5
michael,5
divided,5
emphasize,5
clear,5
thomas,5
chapel,5
hill,5
force,5
face,5
sess,5
founders,5
claims,5
ever,5
eng,5
jefferson,5
set,5
believe,5
best,5
past,5
senate,5
whether,5
feb,5
maintain,5
don,5
duty,5
com,5
arguments,5
question,5
compromise,5
crisis,5
d,5
early,5
given,5
major,5
guyatt,4
later,4
career,4
just,4
denied,4
live,4
ways,4
virtually,4
source,4
baker,4
sources,4
interests,4
worked,4
j,4
paramount,4
majority,4
side,4
capacity,4
very,4
reverence,4
constitutive,4
interest,4
ern,4
unity,4
self,4
back,4
speed,4
young,4
ment,4
perfect,4
essential,4
how,4
after,4
legal,4
paradox,4
reason,4
escape,4
romantic,4
quoted,4
stewart,4
origins,4
expressed,4
rest,4
saving,4
memory,4
imagined,4
used,4
cry,4
attributed,4
aroused,4
order,4
civic,4
peace,4
value,4
ameri,4
brion,4
second,4
judgment,4
make,4
manifest,4
fraternal,4
movement,4
once,4
ethically,4
ery,4
dreams,4
same,4
words,4
inalienable,4
these,4
already,4
increasingly,4
frederick,4
slav,4
efforts,4
aug,4
wartime,4
belief,4
stance,4
original,4
understanding,4
link,4
factor,4
congress,4
reality,4
held,4
period,4
sentiment,4
become,4
declare,4
haven,4
crucial,4
institutions,4
anxious,4
class,4
perhaps,4
existed,4
grounded,4
freeing,4
then,4
potter,4
african,4
die,4
come,4
eric,4
survival,4
disappear,4
you,4
defined,4
emancipationist,4
johnson,4
chicago,4
views,4
here,4
noll,3
miller,3
democracy,3
o,3
created,3
told,3
complex,3
justified,3
princeton,3
undermine,3
electoral,3
invention,3
greatness,3
vols,3
emerged,3
historiography,3
europe,3
jaffa,3
governed,3
reasons,3
achievement,3
raised,3
insti,3
iii,3
suicide,3
richard,3
politician,3
himself,3
exposed,3
exist,3
central,3
de,3
brother,3
restore,3
admitted,3
progressive,3
adam,3
times,3
response,3
preserving,3
deeply,3
though,3
ofpeoplehood,3
higher,3
authority,3
bring,3
abolished,3
generations,3
basic,3
process,3
permanent,3
opportunity,3
importance,3
special,3
forced,3
nor,3
theorists,3
advancing,3
bender,3
generally,3
opinion,3
faced,3
protestant,3
based,3
lead,3
conservative,3
hands,3
speeches,3
furstenberg,3
term,3
fourth,3
shall,3
cannot,3
premise,3
triumph,3
literature,3
northerners,3
brought,3
part,3
london,3
whole,3
issues,3
either,3
change,3
thirteenth,3
peterson,3
oct,3
few,3
bridge,3
progress,3
credentials,3
despite,3
moved,3
avoid,3
threatened,3
forever,3
action,3
expansion,3
play,3
poor,3
object,3
hold,3
thought,3
mission,3
included,3
extinction,3
brock,3
noted,3
paul,3
mark,3
nationhood,3
unionism,3
classical,3
contemporary,3
conferred,3
racist,3
v,3
ground,3
necessary,3
practice,3
generic,3
dec,3
amendments,3
writings,3
concern,3
morality,3
actual,3
chosen,3
shrewd,3
soldiers,3
victory,3
essay,3
logic,3
defense,3
inventing,3
high,3
brewer,3
favored,3
especially,3
maxim,3
relation,3
structure,3
conscience,3
embodied,3
particularist,3
concluded,3
decision,3
principled,3
consent,3
fear,3
itself,3
proposition,3
attachment,3
considered,3
meant,3
growing,3
biography,3
extension,3
drew,3
know,3
outcome,3
cox,3
lyceum,3
regard,3
loyalty,3
foundation,3
far,3
passage,3
iv,3
places,3
turned,3
cal,3
gettysburg,3
making,3
blight,3
tutions,3
threat,3
son,3
through,3
guelzo,3
went,3
varied,3
illinois,3
grant,3
motives,3
instead,3
product,3
photograph,3
morally,3
territories,3
radicals,3
c,3
point,3
spokesmen,3
death,3
cong,3
among,3
sumner,2
nicholas,2
ending,2
helped,2
heightened,2
conflicting,2
groups,2
f,2
suggested,2
encouraged,2
truth,2
berlin,2
group,2
control,2
formed,2
rogers,2
asserted,2
true,2
easily,2
studies,2
forsaken,2
policy,2
western,2
fixed,2
organic,2
unlike,2
tory,2
nineteenth,2
contested,2
po,2
lib,2
glow,2
experience,2
attribute,2
t,2
permit,2
certainly,2
lyman,2
universalism,2
implications,2
taken,2
attempt,2
agenda,2
ourselves,2
parties,2
exemplar,2
individuals,2
down,2
advantage,2
uneasy,2
assertion,2
wrote,2
prelude,2
able,2
hundred,2
reunion,2
take,2
real,2
embrace,2
widened,2
emphasized,2
stand,2
precisely,2
henry,2
reading,2
gienapp,2
johns,2
worldwide,2
case,2
con,2
globe,2
advocates,2
task,2
motion,2
firm,2
saying,2
design,2
opened,2
capable,2
condition,2
october,2
west,2
goods,2
laws,2
empha,2
urging,2
trumbull,2
review,2
relationships,2
reverse,2
such,2
church,2
speakers,2
demanded,2
fate,2
stakes,2
moment,2
relations,2
issued,2
adams,2
jr,2
topic,2
absolutely,2
knud,2
priority,2
turn,2
clay,2
individual,2
refer,2
concerning,2
contrary,2
columbia,2
africans,2
enlightened,2
sin,2
apparently,2
leadership,2
general,2
delivered,2
hardly,2
letter,2
according,2
failed,2
racism,2
agitation,2
without,2
identification,2
distinction,2
destroy,2
federal,2
across,2
declaring,2
remain,2
edward,2
disjunction,2
active,2
keep,2
certain,2
danger,2
moreover,2
ation,2
understand,2
mans,2
applied,2
soon,2
cause,2
university,2
vindicated,2
almost,2
elsewhere,2
ture,2
shore,2
statement,2
freed,2
beyond,2
ethnoracial,2
important,2
categorical,2
reflections,2
homogeneous,2
attack,2
shared,2
pass,2
ogy,2
constantly,2
embedded,2
supporters,2
consciences,2
reviews,2
bore,2
final,2
persons,2
eternally,2
grounds,2
caleb,2
spiritual,2
explain,2
hopkins,2
directly,2
christianity,2
keeping,2
line,2
ira,2
example,2
eman,2
realm,2
discussions,2
cling,2
obscured,2
lukes,2
haakonssen,2
forces,2
circumscribed,2
personal,2
away,2
newspaper,2
astute,2
president,2
interpreted,2
challenging,2
contradictions,2
count,2
legacy,2
construct,2
wished,2
individualism,2
senator,2
contrast,2
phrase,2
claim,2
republics,2
choose,2
grow,2
decline,2
played,2
core,2
freemen,2
roots,2
deepened,2
rodgers,2
critical,2
noteworthy,2
condemnation,2
matter,2
entitled,2
contingent,2
mexico,2
economic,2
gradual,2
service,2
feared,2
limited,2
tried,2
return,2
forward,2
fruit,2
framing,2
opposed,2
april,2
allen,2
harry,2
suppose,2
positive,2
structural,2
fighting,2
communities,2
relied,2
democrats,2
pp,2
evil,2
equally,2
commonwealth,2
lacked,2
al,2
preeminent,2
tropes,2
love,2
durley,2
starting,2
garrison,2
pointed,2
added,2
fact,2
idea,2
preserve,2
compound,2
sullivan,2
doubt,2
striner,2
impending,2
unionist,2
took,2
hand,2
present,2
idealism,2
purposes,2
accepted,2
answer,2
horace,2
charter,2
eds,2
number,2
historiographical,2
remove,2
charleston,2
ayers,2
doubtful,2
local,2
glue,2
session,2
invested,2
examples,2
incommensurability,2
greeley,2
entirely,2
use,2
vorenberg,2
previous,2
struction,2
theories,2
rejected,2
ties,2
meanings,2
truths,2
three,2
tional,2
b,2
characterized,2
spread,2
faith,2
exactly,2
sentiments,2
construction,2
distant,2
probably,2
saw,2
quarterly,2
widely,2
reluctant,2
hunt,2
limiting,2
increasing,2
carried,2
neely,2
reverdy,2
respect,2
fueled,2
dual,2
usurpation,2
equals,2
oakes,2
within,2
patriotic,2
absolve,2
bound,2
confederacy,2
sway,2
voters,2
becomes,2
interfere,2
lawrence,2
determination,2
kloppenberg,2
responsible,2
analysis,2
blood,2
ottawa,2
midst,2
surprising,2
uncertain,2
citizens,2
obstacle,2
blurred,2
cam,2
spectrum,2
thinking,2
historian,2
version,2
defend,2
ringing,2
contradiction,2
simply,2
constituted,2
invoked,2
known,2
emancipator,2
endy,2
command,2
ideol,2
cover,2
berkeley,2
intellectual,2
colonization,2
advanced,2
spreading,2
bravery,2
steven,2
different,2
expanding,2
seem,2
specially,2
half,2
er,2
contradictory,2
cautious,2
identities,2
consciousness,2
living,2
cipation,2
better,2
beginning,2
horsman,2
jean,2
carefully,2
rebellion,2
whig,2
abra,2
fully,2
balance,2
fears,2
benevolence,2
patriotism,2
providential,2
level,2
circumstances,2
litical,2
recognition,2
private,2
thereby,2
decisive,2
altogether,2
rogan,2
southerners,2
connotation,2
using,2
tions,2
remarks,2
providentialism,2
formation,2
devoted,2
francois,2
winger,2
twentieth,2
washington,2
accept,2
joined,2
enlightenment,2
land,2
define,2
centrality,2
posterity,2
shift,2
campaign,2
mcdaniel,2
charles,2
clarify,2
meaning,2
elites,2
ham,2
partial,2
strong,2
longer,2
occur,2
perpetual,2
courts,1
summed,1
fairest,1
difficult,1
bernard,1
ments,1
go,1
battlefield,1
tue,1
decentralized,1
done,1
robe,1
doubts,1
likely,1
precepts,1
limits,1
lovejoy,1
timetable,1
melvin,1
car,1
anthony,1
generated,1
corruption,1
opponent,1
guaranteeing,1
commitment,1
represent,1
culminated,1
reconsidered,1
extend,1
nec,1
legitimate,1
trans,1
fredrick,1
measures,1
spurred,1
benedict,1
revulsion,1
yankee,1
notably,1
pushed,1
disregard,1
bequeath,1
receded,1
expect,1
sympathetic,1
forcing,1
unsuccessful,1
clung,1
likewise,1
heal,1
discover,1
significant,1
rick,1
mounted,1
eroded,1
bathe,1
hate,1
asymmetrically,1
approved,1
kinds,1
doug,1
ample,1
essays,1
designed,1
prime,1
ethnogenesis,1
escaping,1
anchor,1
manisha,1
referring,1
ents,1
library,1
motto,1
circumspect,1
uniquely,1
deep,1
laration,1
jonathan,1
ly,1
bondage,1
conscious,1
satisfied,1
proud,1
ordained,1
january,1
considerations,1
former,1
personally,1
allow,1
protection,1
necessarily,1
laid,1
occurred,1
ambitious,1
impediments,1
tells,1
dress,1
something,1
arguing,1
migration,1
mainder,1
absence,1
chief,1
amongst,1
permitted,1
finkelman,1
disputed,1
hoping,1
fatalist,1
fires,1
remembered,1
grander,1
incomplete,1
consistent,1
cast,1
synonymous,1
incommensurable,1
deter,1
conforms,1
humble,1
cade,1
hanley,1
jackson,1
connection,1
assail,1
lowed,1
voices,1
tamper,1
originally,1
welter,1
gan,1
give,1
colors,1
isaac,1
raphy,1
motivations,1
feeling,1
planting,1
naacp,1
rush,1
militants,1
seceded,1
articulate,1
retreat,1
england,1
futurity,1
sean,1
joins,1
mob,1
confirmed,1
unjust,1
regrettable,1
soiled,1
tradition,1
leaders,1
leading,1
desire,1
indulge,1
parses,1
thank,1
spokesman,1
differences,1
confiscation,1
stood,1
skeptics,1
garded,1
roused,1
atlantic,1
transforms,1
closer,1
reveal,1
exalted,1
launched,1
secessionists,1
room,1
dom,1
vic,1
deemed,1
help,1
resisted,1
ancestry,1
fresh,1
secure,1
herence,1
tempted,1
jealously,1
loose,1
sacred,1
remainder,1
robert,1
duality,1
staking,1
nal,1
alike,1
solved,1
ity,1
domestic,1
fanaticism,1
behind,1
earns,1
tyrants,1
daniel,1
rog,1
papers,1
elliot,1
proposals,1
system,1
kalbfleisch,1
nowhere,1
lic,1
ascribed,1
described,1
suspect,1
dain,1
terests,1
roy,1
recorded,1
eastern,1
courtesy,1
tie,1
holman,1
pub,1
conditioned,1
amplified,1
cated,1
lim,1
ridicule,1
indirectly,1
felt,1
determined,1
eas,1
enforcement,1
instincts,1
tached,1
jacksonian,1
emanci,1
mutual,1
move,1
narrowing,1
flank,1
biographers,1
professor,1
diss,1
whatever,1
disadvantage,1
combination,1
tyranny,1
bell,1
say,1
except,1
intelligent,1
kahn,1
apply,1
above,1
along,1
undoubtedly,1
enter,1
vowed,1
herman,1
ritual,1
minimum,1
dignity,1
fragment,1
yeaman,1
reward,1
prejudice,1
framework,1
karen,1
repeatedly,1
complained,1
dilemmas,1
valorization,1
denying,1
farnsworth,1
affiliation,1
surely,1
histori,1
bodnar,1
strat,1
dying,1
mine,1
immediate,1
genovese,1
dynamics,1
development,1
reputation,1
halting,1
borderlands,1
due,1
visited,1
seriously,1
initially,1
realized,1
g,1
intact,1
confer,1
demagoguery,1
bodily,1
domain,1
popularly,1
reflection,1
characteristic,1
regarded,1
edifice,1
mixed,1
caucasian,1
price,1
alist,1
vanguard,1
cf,1
forbade,1
seeming,1
assured,1
westport,1
vengeance,1
affairs,1
dis,1
guided,1
plausibility,1
maintaining,1
constitutions,1
melish,1
underlying,1
perspective,1
fatalism,1
simpson,1
sized,1
convincing,1
bread,1
ha,1
modernity,1
races,1
myth,1
wont,1
sword,1
truly,1
nev,1
find,1
profit,1
hahn,1
helpful,1
millwood,1
sci,1
sincerely,1
rosen,1
universalistic,1
y,1
propagated,1
critique,1
versal,1
implanted,1
strengthening,1
traditions,1
shunted,1
eased,1
ven,1
kentucky,1
brooks,1
influence,1
ton,1
cravens,1
virtuous,1
eral,1
partisan,1
kept,1
tarnished,1
odium,1
aim,1
consti,1
loyal,1
operation,1
oxford,1
defection,1
ism,1
sample,1
vied,1
recognized,1
sizing,1
stitution,1
criticism,1
hopes,1
elevating,1
expected,1
erals,1
act,1
dilemma,1
absent,1
arising,1
magisterial,1
developed,1
interpretation,1
district,1
ironic,1
reassures,1
influential,1
particularity,1
rapids,1
hideous,1
toriously,1
forgie,1
adopted,1
ofwilliam,1
deprived,1
neighborhood,1
granted,1
grew,1
lloyd,1
leave,1
fueling,1
electorate,1
hodges,1
ongoing,1
doubted,1
enacted,1
study,1
offense,1
adept,1
ethi,1
lawyer,1
uncertainties,1
confederate,1
feel,1
republicans,1
consequences,1
space,1
absorbed,1
moves,1
proclaimed,1
reinterpretation,1
bonds,1
maryland,1
dislike,1
win,1
lacey,1
partnership,1
scourge,1
facilitated,1
faust,1
wanted,1
abridgment,1
consider,1
triumphant,1
organization,1
liance,1
statistical,1
mean,1
image,1
emancipa,1
kammen,1
emergence,1
intrinsically,1
represented,1
welfare,1
gradually,1
bruce,1
jersey,1
restricted,1
weak,1
pragmatism,1
too,1
exemplify,1
repudiating,1
frozen,1
motive,1
inhuman,1
sinha,1
seamless,1
commonly,1
resource,1
stymie,1
follow,1
calvinist,1
linkage,1
depart,1
princi,1
cost,1
spokes,1
requires,1
votes,1
rollins,1
noninterference,1
explained,1
unequally,1
oppression,1
conditional,1
mix,1
inflicting,1
merrill,1
willing,1
destructive,1
feeble,1
instill,1
encom,1
weighed,1
article,1
negroes,1
strategy,1
mon,1
providing,1
ulation,1
cut,1
stands,1
thrust,1
incapable,1
opponents,1
greater,1
declarations,1
moving,1
skewed,1
result,1
formidable,1
cauca,1
acceptable,1
cynthia,1
encourage,1
introduce,1
path,1
nancy,1
inhumanity,1
societies,1
carrying,1
inherent,1
begun,1
strength,1
generates,1
changed,1
demands,1
alive,1
events,1
carolina,1
lawson,1
eat,1
selznick,1
reelect,1
ican,1
outspokenly,1
attained,1
base,1
arrogance,1
disruptive,1
passionate,1
late,1
coin,1
tactics,1
further,1
companion,1
shadowed,1
attach,1
outset,1
heirs,1
irony,1
traced,1
shlomo,1
blow,1
brownlee,1
rightfully,1
fulfillment,1
keywords,1
appears,1
viewed,1
absorption,1
population,1
produced,1
priorities,1
fulfill,1
suffered,1
distorts,1
intertwined,1
representatives,1
excluded,1
xiv,1
judicial,1
perish,1
fox,1
revived,1
peaceably,1
warned,1
voice,1
libertarian,1
bastion,1
possibility,1
philosophic,1
ther,1
warriors,1
communitarian,1
aspiration,1
undermined,1
failure,1
exert,1
commitments,1
colonies,1
scripture,1
having,1
hybrid,1
centering,1
hietala,1
manhood,1
basis,1
bloodbath,1
relief,1
adher,1
flourish,1
fu,1
belonging,1
abridgments,1
hung,1
abroad,1
amend,1
looks,1
pander,1
goodman,1
carry,1
writers,1
framed,1
tanced,1
overturn,1
peoplehood,1
protected,1
unless,1
prominent,1
differ,1
competing,1
interpreters,1
knowledge,1
transcended,1
sydney,1
multiplied,1
mam,1
bite,1
elizabeth,1
year,1
fit,1
gaze,1
dissembling,1
expansionist,1
seated,1
anxieties,1
thereafter,1
et,1
call,1
justification,1
reflect,1
accord,1
corollary,1
employed,1
deserved,1
compact,1
proving,1
entails,1
bid,1
project,1
manage,1
resort,1
stanford,1
strengthened,1
visions,1
universally,1
currents,1
holy,1
polity,1
tislavery,1
egy,1
relentless,1
violated,1
delay,1
dottross,1
stressed,1
munitarianism,1
joanne,1
solution,1
ambit,1
correct,1
successful,1
caused,1
fulfilled,1
useful,1
responsibility,1
vote,1
fostered,1
recast,1
aggrandizement,1
conceded,1
coupled,1
protest,1
galena,1
next,1
politically,1
candidate,1
owned,1
ward,1
barriers,1
stacles,1
massive,1
event,1
specifically,1
around,1
overshadowed,1
endured,1
aspirational,1
halffree,1
endowed,1
decay,1
ignore,1
issuing,1
feelings,1
ship,1
governments,1
disabilities,1
acts,1
master,1
fehren,1
distinguished,1
ancestors,1
texas,1
latest,1
hosea,1
potent,1
da,1
philip,1
dem,1
credible,1
foundly,1
untorn,1
dedicated,1
christians,1
condemned,1
tightening,1
visible,1
orthodox,1
scott,1
reuniting,1
kaufmann,1
results,1
proper,1
surrendered,1
halttunen,1
weigh,1
newly,1
gross,1
mocratizing,1
humanistic,1
actions,1
disturbing,1
institu,1
gordon,1
promising,1
nois,1
pope,1
society,1
lend,1
deferring,1
gle,1
quently,1
retreated,1
portion,1
defended,1
approximated,1
comcast,1
lapse,1
adaptable,1
contact,1
spelled,1
various,1
inaugurated,1
guarded,1
chase,1
concessions,1
influentially,1
freedoms,1
lynn,1
williamson,1
curti,1
ers,1
located,1
spearheaded,1
wings,1
wait,1
passively,1
acknowledged,1
classic,1
exception,1
beware,1
trample,1
convince,1
thinkers,1
bill,1
comments,1
premises,1
hero,1
unquestioningly,1
religious,1
measure,1
moorhead,1
mcafee,1
aggressor,1
permanently,1
apocalypse,1
violate,1
inex,1
springs,1
kent,1
joshua,1
garry,1
portrayed,1
auspices,1
spe,1
meanwhile,1
freedpeople,1
examined,1
revealed,1
accident,1
albert,1
extremists,1
clergy,1
clared,1
faltering,1
challenged,1
ne,1
fervent,1
koch,1
denounced,1
expediency,1
stip,1
contemplation,1
quarrel,1
jay,1
assimilation,1
home,1
planned,1
perspectives,1
light,1
teaching,1
fetes,1
sharply,1
tellectual,1
baltimore,1
robust,1
definition,1
lations,1
boldness,1
watched,1
odds,1
historiog,1
pittsfield,1
prin,1
disagreed,1
friend,1
inheritance,1
fugitive,1
politi,1
declining,1
double,1
lee,1
wightman,1
inheritors,1
awakened,1
annul,1
lewis,1
revitalized,1
statements,1
heritage,1
challenge,1
inflexible,1
strike,1
passed,1
ahlstrom,1
again,1
others,1
renewed,1
punish,1
locating,1
avail,1
conferring,1
schoolbooks,1
partner,1
ocrats,1
addition,1
adherence,1
ciple,1
herbert,1
creasing,1
sovereignty,1
communal,1
outside,1
almighty,1
admit,1
cies,1
valid,1
consideration,1
astonishment,1
fundamental,1
chord,1
areas,1
broadly,1
agree,1
enact,1
abstract,1
defenders,1
unionists,1
philanthropy,1
choice,1
viii,1
maneuver,1
children,1
educated,1
larger,1
belz,1
aegis,1
warning,1
incorporation,1
reaffirmed,1
proliferation,1
omitted,1
arthur,1
navy,1
astride,1
considerable,1
charges,1
bruns,1
revocable,1
audiences,1
honor,1
armonk,1
readers,1
fits,1
consciously,1
chain,1
deity,1
actor,1
road,1
herrick,1
continuing,1
occupied,1
existing,1
dred,1
melinda,1
celebrated,1
less,1
moderating,1
reshaped,1
redeemer,1
strug,1
weaken,1
preparation,1
tionalist,1
pears,1
gro,1
ignoring,1
cosmos,1
blanch,1
cul,1
style,1
shestack,1
gives,1
going,1
wryly,1
alarmed,1
runaway,1
convenient,1
reginald,1
calculation,1
another,1
imagine,1
wanda,1
editor,1
complicity,1
credit,1
apt,1
inveighed,1
bond,1
exploring,1
aptly,1
extended,1
campaigns,1
chose,1
chiefly,1
upon,1
range,1
eighteenth,1
cult,1
forging,1
mcpher,1
alization,1
signaled,1
provocatively,1
retains,1
depended,1
clause,1
sufficiently,1
vexing,1
ruling,1
elite,1
affirmations,1
blum,1
expand,1
patriots,1
combining,1
affection,1
hostili,1
faltered,1
distrust,1
largely,1
radicalism,1
operated,1
assumption,1
decreed,1
couldnt,1
jenckes,1
gument,1
blocking,1
jerome,1
shades,1
pauline,1
prominently,1
net,1
distanced,1
rhetorically,1
recovery,1
purse,1
frui,1
nothing,1
imposes,1
prints,1
option,1
rehabilitate,1
ob,1
necessitated,1
fused,1
extinc,1
vii,1
platform,1
versions,1
trade,1
passim,1
open,1
trump,1
urbana,1
biblical,1
historic,1
carwardine,1
worrying,1
welcomed,1
fletcher,1
express,1
virtues,1
points,1
dominated,1
maintenance,1
commonest,1
august,1
try,1
defensive,1
homes,1
someone,1
easton,1
function,1
summer,1
recon,1
rael,1
uni,1
alism,1
stages,1
ended,1
aligned,1
shortly,1
disclaimer,1
earlier,1
fragility,1
dekalb,1
standard,1
expressing,1
missioned,1
lose,1
presidential,1
least,1
blassingame,1
morals,1
ap,1
ited,1
sian,1
accused,1
glaring,1
valued,1
louisiana,1
problems,1
fatal,1
internal,1
distrusted,1
qualities,1
slaveholders,1
feet,1
eloquent,1
exaggeration,1
viable,1
essary,1
respectively,1
wise,1
pro,1
britain,1
deliberate,1
anderson,1
effect,1
masculine,1
wills,1
fur,1
hardy,1
claiming,1
postwar,1
tricability,1
mated,1
rhetorical,1
sept,1
hostage,1
cornelius,1
looked,1
forefront,1
straddled,1
unreservedly,1
tendency,1
fahs,1
bearer,1
anchored,1
conveyed,1
governor,1
mens,1
wick,1
hanover,1
anomaly,1
inferior,1
darker,1
vain,1
attention,1
la,1
convincingly,1
division,1
intergenerational,1
dismiss,1
calvin,1
brave,1
european,1
implicitly,1
worldview,1
ambiguous,1
relying,1
discussing,1
liberalism,1
lo,1
energizing,1
circle,1
me,1
perry,1
disowning,1
note,1
tentative,1
she,1
hon,1
hostile,1
science,1
legalism,1
maier,1
flocking,1
erase,1
france,1
amherst,1
dissolved,1
program,1
ership,1
begin,1
vague,1
lines,1
widespread,1
male,1
binary,1
referred,1
lost,1
army,1
emerita,1
seen,1
transformed,1
avineri,1
parcel,1
economists,1
hopeful,1
threaten,1
federalism,1
wilson,1
shoring,1
legitimacy,1
peril,1
rapidly,1
length,1
privileges,1
linking,1
ad,1
reconsider,1
inspired,1
hierarchical,1
fall,1
confronts,1
lip,1
endure,1
humbly,1
idioms,1
bestow,1
quiet,1
worlds,1
preserv,1
figured,1
problematic,1
eugene,1
tinued,1
mounting,1
legitimately,1
pressures,1
yack,1
regularly,1
stable,1
addressed,1
vid,1
tyrant,1
fre,1
contained,1
wars,1
racialanglo,1
admis,1
judgments,1
material,1
terrible,1
conviction,1
broke,1
reasoning,1
series,1
depending,1
redemption,1
eulogized,1
changing,1
need,1
grand,1
jurists,1
ples,1
founded,1
extending,1
struck,1
reconstitute,1
legiti,1
mobilized,1
lest,1
implied,1
scrutiny,1
irrepressible,1
rival,1
constructed,1
mained,1
narrowly,1
plea,1
augmenting,1
precedence,1
text,1
undecayed,1
flagrant,1
equation,1
why,1
quickly,1
psychologicalinterpretation,1
patriot,1
dimension,1
enters,1
cole,1
ceum,1
stamp,1
wardine,1
tachment,1
shares,1
assumed,1
legitimated,1
continu,1
interested,1
key,1
partisans,1
capital,1
distraction,1
accommodate,1
prominence,1
bifurcated,1
ph,1
illi,1
entrenched,1
temper,1
current,1
saxonism,1
eventually,1
rivalry,1
ideological,1
ratifying,1
deliberately,1
particularly,1
brothers,1
ar,1
obviously,1
perfectly,1
enemy,1
rely,1
embodiment,1
written,1
ir,1
energize,1
audience,1
associations,1
differed,1
wood,1
happiness,1
distinctive,1
las,1
placing,1
u,1
tutionalism,1
rural,1
explicitly,1
ofhosea,1
knowingly,1
subordinate,1
quietly,1
activism,1
immobilized,1
shreds,1
economy,1
genera,1
overarching,1
lands,1
waldstreicher,1
avner,1
reelection,1
unique,1
rose,1
form,1
pensated,1
foremost,1
evangelical,1
want,1
supports,1
imposed,1
eulogy,1
calculations,1
armies,1
signature,1
mere,1
sively,1
monster,1
merle,1
quired,1
alice,1
supporter,1
leaving,1
dismembered,1
dispensation,1
succumb,1
annexed,1
prudence,1
greedy,1
foundations,1
constitutionally,1
institute,1
divide,1
embeddedness,1
pleases,1
constitutionalism,1
abolitionism,1
mov,1
scruples,1
tear,1
bacher,1
strain,1
conveniently,1
gratitude,1
voted,1
remember,1
pation,1
preserved,1
careful,1
wedge,1
prongs,1
mod,1
vir,1
edwards,1
attached,1
exercising,1
carlander,1
timely,1
safeguarded,1
city,1
revolutions,1
confirm,1
docu,1
cations,1
convinced,1
ac,1
giving,1
prophetic,1
lies,1
returning,1
agents,1
everywhere,1
territory,1
plainer,1
contribute,1
protestants,1
discussion,1
treasury,1
implica,1
phenomenon,1
fast,1
mention,1
secede,1
aspect,1
accorded,1
postcolonial,1
sanctified,1
nov,1
wilentz,1
suffrage,1
intent,1
ultimately,1
until,1
spring,1
conducive,1
fi,1
entity,1
authorized,1
istered,1
ence,1
abridged,1
donald,1
deepening,1
quest,1
camps,1
frame,1
samuel,1
piecemeal,1
finally,1
aware,1
newsletter,1
arnold,1
laymen,1
actively,1
immediately,1
reg,1
cooper,1
enabling,1
exacted,1
socially,1
impatiently,1
followed,1
postponement,1
green,1
regime,1
unified,1
partisanship,1
affirmation,1
attributes,1
effects,1
prospect,1
off,1
voluntary,1
regain,1
philosophy,1
exodus,1
transcending,1
pas,1
speak,1
passive,1
particularities,1
instantiating,1
am,1
identifica,1
loosen,1
inclination,1
offered,1
potential,1
removed,1
qualifying,1
souths,1
fol,1
justify,1
patricide,1
communi,1
fervor,1
contrasting,1
create,1
exclusively,1
reconsideration,1
conjuncture,1
pat,1
treating,1
reconciling,1
focus,1
racially,1
conventions,1
primordial,1
demonstrated,1
resist,1
laborers,1
profiles,1
inextinguishable,1
virtue,1
building,1
asked,1
showed,1
anson,1
conception,1
close,1
sion,1
martin,1
heterogeneous,1
dereliction,1
