WORDCOUNTS,WEIGHT
the,900
and,508
of,484
in,441
to,339
a,207
that,148
law,146
french,137
for,130
as,121
customary,112
were,111
was,107
or,107
by,105
berber,96
courts,81
with,79
their,70
this,70
on,69
court,67
from,62
legal,61
is,58
they,55
not,53
it,52
an,52
islamic,52
native,51
s,49
be,48
de,46
protectorate,45
see,45
but,42
local,41
cases,39
these,37
arabic,37
who,36
maroc,35
affairs,34
had,34
justice,33
parties,32
morocco,32
i,31
he,31
des,31
one,30
la,30
tribes,29
case,28
custom,28
which,28
often,28
are,28
between,28
some,27
le,27
have,27
press,27
colonial,27
under,26
his,25
judicial,25
et,25
more,25
at,24
du,24
berbère,24
if,23
into,23
other,23
university,23
officers,23
language,23
written,23
them,23
all,22
such,22
means,22
moroccan,22
igherm,22
hoffman,21
also,21
rural,21
droit,20
members,20
we,20
land,20
political,19
even,19
les,19
tribe,19
au,19
e,18
would,18
officials,18
dahir,18
both,18
there,17
coutumier,17
council,17
been,17
berbers,16
l,16
civil,16
many,16
assembly,16
tribal,16
where,16
katherine,16
authorities,16
what,16
policy,15
history,15
no,15
its,15
two,15
each,15
d,15
heard,14
lyautey,14
status,14
paris,14
so,14
when,14
did,14
report,14
while,14
dockets,13
before,13
than,13
organisation,13
my,13
out,13
rabat,13
society,13
will,13
about,13
j,13
social,13
use,13
then,13
according,13
given,13
france,13
among,13
religious,12
most,12
affaires,12
could,12
rule,12
called,12
place,12
only,12
power,12
fqih,12
over,12
through,12
administration,12
much,12
since,11
may,11
officer,11
politique,11
people,11
codes,11
up,11
sous,11
cadn,11
three,11
men,11
can,11
marocain,11
guernut,11
authority,10
either,10
british,10
has,10
served,10
how,10
certain,10
clerk,10
caillé,10
used,10
personal,10
f,10
do,10
another,10
general,10
sometimes,10
criminal,10
disputes,10
proceedings,10
surdon,10
instead,10
penal,10
groups,9
studies,9
women,9
talib,9
military,9
principles,9
indigènes,9
those,9
robert,9
en,9
à,9
just,9
sultan,9
work,9
order,9
wrote,9
yet,9
africa,9
algeria,9
inheritance,9
oral,9
scholars,9
areas,9
documents,9
new,9
montagne,9
period,9
especially,9
commission,9
key,9
terms,9
accounts,9
role,9
moroccans,9
should,9
secretary,8
el,8
decree,8
unpublished,8
rosen,8
recognized,8
whose,8
rather,8
process,8
muslim,8
required,8
judiciary,8
appeals,8
service,8
qadery,8
clerks,8
outside,8
practice,8
eds,8
region,8
casablanca,8
georges,8
administrative,8
institutions,8
dai,8
considered,8
matters,8
claims,8
taroudant,8
our,8
makhzan,8
sur,8
themselves,8
customs,8
linguistic,7
being,7
long,7
official,7
berbères,7
laws,7
deeds,7
fines,7
kept,7
york,7
after,7
rules,7
established,7
very,7
understood,7
indirect,7
however,7
cambridge,7
colonies,7
change,7
pluralism,7
family,7
world,7
tribus,7
practices,7
populations,7
oxford,7
assemblies,7
al,7
without,7
abdallah,7
administrators,7
others,7
complaints,7
empire,7
collier,7
own,7
protectorates,7
like,7
decision,7
note,7
following,7
qadi,7
here,7
starr,7
highly,7
became,7
officially,7
captain,7
mountains,6
said,6
familiarity,6
editions,6
within,6
personnel,6
usage,6
against,6
tamaynut,6
left,6
influence,6
shaykh,6
defendant,6
etudes,6
study,6
consider,6
retained,6
n,6
commonly,6
important,6
whereas,6
population,6
arabization,6
london,6
training,6
example,6
knowledge,6
records,6
rendered,6
islamization,6
june,6
tended,6
always,6
docket,6
spoken,6
rulings,6
read,6
orders,6
similarly,6
qayds,6
mohamed,6
took,6
made,6
distinction,6
ε,6
marriage,6
saw,6
councils,6
annex,6
hoisington,6
simply,6
concerns,6
anthropology,6
best,6
tashelhit,6
william,6
shat,6
resident,6
african,6
years,6
although,6
early,6
north,6
introduction,5
word,5
h,5
interests,5
ii,5
central,5
request,5
found,5
government,5
take,5
recorded,5
eastern,5
prior,5
powers,5
regards,5
still,5
letter,5
thus,5
mixed,5
vincent,5
sessions,5
fuqaha,5
moreover,5
musulman,5
ensure,5
organization,5
languages,5
director,5
argued,5
hart,5
followed,5
problems,5
imprisonment,5
m,5
further,5
caom,5
because,5
well,5
trial,5
during,5
genealogies,5
regions,5
around,5
several,5
few,5
coutumière,5
morand,5
am,5
indigenous,5
economic,5
islam,5
culture,5
reports,5
notables,5
tradition,5
arbitration,5
time,5
debates,5
arguably,5
question,5
registers,5
including,5
judge,5
nothing,5
applied,5
allowed,5
sally,5
article,5
systems,5
morris,5
institution,5
atlas,5
clans,5
european,5
today,5
bureau,5
agadir,5
widespread,5
male,5
recourse,5
translation,5
dans,5
judgments,5
punishments,5
set,5
know,5
principle,5
different,5
particularly,5
juridical,5
heads,5
whether,5
nationalist,5
form,5
particular,5
ait,5
coutumes,5
code,5
multiple,5
despite,5
went,5
izard,5
lands,5
allegedly,5
chicago,5
marrakesh,5
countryside,4
difficult,4
common,4
etude,4
way,4
meaning,4
jane,4
cours,4
true,4
ways,4
done,4
cornell,4
princeton,4
attempts,4
shari,4
advantage,4
closer,4
state,4
doc,4
system,4
issue,4
est,4
histoire,4
possible,4
household,4
dispute,4
natives,4
throughout,4
coutumiers,4
noted,4
sociale,4
interest,4
amghar,4
relations,4
nor,4
ithaca,4
stipulated,4
applying,4
arab,4
journal,4
traditions,4
function,4
communities,4
lt,4
courtroom,4
similar,4
adversaries,4
paperwork,4
clearly,4
four,4
instance,4
opinion,4
appear,4
ou,4
based,4
whom,4
included,4
hands,4
representative,4
though,4
cultural,4
war,4
moore,4
otherwise,4
ed,4
scribe,4
sites,4
directly,4
brought,4
description,4
translated,4
good,4
sense,4
phrase,4
research,4
majority,4
notes,4
activities,4
led,4
unofficial,4
juridique,4
various,4
functioning,4
indeed,4
interpretation,4
neither,4
same,4
purity,4
already,4
reliance,4
fact,4
party,4
qayd,4
responsibilities,4
efforts,4
idea,4
clarendon,4
reform,4
john,4
never,4
hand,4
existing,4
necessary,4
woman,4
plaintiffs,4
législations,4
remained,4
original,4
divided,4
contours,4
transformed,4
ya,4
rare,4
held,4
david,4
litigants,4
attention,4
carried,4
me,4
usually,4
five,4
claimed,4
life,4
responsible,4
posts,4
marocaines,4
itself,4
rarely,4
compensation,4
country,4
post,4
ideological,4
cities,4
historical,4
living,4
clarity,4
transfers,4
selected,4
verdicts,4
urban,4
middle,4
popular,4
results,4
writing,4
statute,4
until,4
uganda,4
sud,4
judges,4
you,4
contamination,4
specific,4
territories,4
little,4
fellowship,4
building,4
verify,3
does,3
archives,3
urf,3
protests,3
commentary,3
created,3
tribesmen,3
submission,3
alone,3
village,3
group,3
settlements,3
judged,3
english,3
summaries,3
renseignements,3
ms,3
guennoun,3
général,3
member,3
sources,3
creation,3
give,3
might,3
spencer,3
seems,3
words,3
shaped,3
divorce,3
administer,3
procedure,3
room,3
lafond,3
communication,3
reading,3
lafuente,3
side,3
anthropologists,3
encouraging,3
account,3
vol,3
west,3
smooth,3
point,3
supervision,3
negotiation,3
registres,3
labor,3
learned,3
regarding,3
review,3
facts,3
issued,3
application,3
algérien,3
turnier,3
subjects,3
indigène,3
plaintiff,3
preserving,3
compromise,3
rights,3
operation,3
alleged,3
basic,3
hearing,3
supposed,3
falk,3
understand,3
deliberations,3
circulated,3
section,3
ideologies,3
too,3
maintain,3
resource,3
challenged,3
consequence,3
algerian,3
trained,3
maghrib,3
conquest,3
acting,3
allow,3
societies,3
search,3
p,3
shared,3
chef,3
punishment,3
codification,3
kabylie,3
equal,3
spiritual,3
enough,3
public,3
governing,3
almost,3
mustafa,3
probably,3
received,3
part,3
interpreters,3
year,3
approach,3
ida,3
residents,3
next,3
involved,3
textual,3
consensus,3
resolution,3
generally,3
institut,3
tribunaux,3
equality,3
action,3
comparative,3
scham,3
community,3
coutume,3
pacification,3
movement,3
southern,3
once,3
suited,3
soon,3
jugements,3
compiled,3
participants,3
une,3
violations,3
regardless,3
act,3
tribunal,3
nationalists,3
addition,3
projects,3
longer,3
lack,3
classical,3
end,3
contemporary,3
man,3
fm,3
spoke,3
day,3
argues,3
formal,3
ruling,3
largely,3
processes,3
california,3
contribution,3
described,3
fiji,3
vernacular,3
clear,3
sharfa,3
adul,3
logic,3
spread,3
played,3
latter,3
esquisses,3
secretaries,3
jurisdiction,3
trying,3
assistants,3
present,3
division,3
fes,3
science,3
fear,3
validity,3
lost,3
un,3
lawrence,3
overlap,3
analysis,3
ropars,3
respect,3
education,3
types,3
months,3
detail,3
assistant,3
any,3
circumstances,3
constituted,3
known,3
cohn,3
command,3
alternative,3
outcome,3
berkeley,3
extant,3
control,3
ministerial,3
connection,3
seem,3
down,3
better,3
table,3
places,3
bilingual,3
beginning,3
investigation,3
writes,3
extent,3
translators,3
marriages,3
sentenced,3
presented,3
introduced,3
pays,3
arguments,3
gloss,3
using,3
mention,3
pacified,3
come,3
session,3
prison,3
recording,3
marcel,3
jacques,3
documentation,3
applicable,3
attempted,3
area,3
oversaw,3
remains,3
c,3
elites,3
say,3
unsigned,3
zones,3
mounib,3
now,2
ayard,2
complaint,2
rescinded,2
personally,2
makhzen,2
declared,2
later,2
names,2
scholar,2
everyone,2
legitimate,2
adoption,2
per,2
speakers,2
hearings,2
center,2
large,2
needed,2
american,2
approved,2
ample,2
likely,2
murder,2
amiable,2
di,2
religiously,2
unwritten,2
twenty,2
practical,2
spirit,2
western,2
committee,2
necessarily,2
encourage,2
occurred,2
source,2
chief,2
turning,2
khalifas,2
corvée,2
came,2
lexington,2
invention,2
every,2
hakim,2
gilles,2
helps,2
taken,2
kilometers,2
kabylia,2
nature,2
available,2
wooden,2
agrarian,2
revue,2
battery,2
monitor,2
kabyles,2
able,2
composition,2
nationalism,2
last,2
raised,2
staff,2
classified,2
advantages,2
hostile,2
assess,2
acknowledged,2
letourneux,2
rations,2
merry,2
discontent,2
oversight,2
brouillards,2
retain,2
marc,2
marked,2
activity,2
mosque,2
assure,2
births,2
amicable,2
whatever,2
sent,2
interviews,2
human,2
distributed,2
chiefs,2
que,2
southwestern,2
development,2
due,2
september,2
agent,2
decided,2
conducted,2
coexistence,2
roads,2
droits,2
pay,2
narratives,2
learning,2
kind,2
lorcin,2
summarizing,2
clark,2
perspective,2
concerning,2
imprimerie,2
back,2
contrary,2
columbia,2
six,2
laforcade,2
allowing,2
consulted,2
brackets,2
kelly,2
drawn,2
protectorat,2
azrou,2
acknowledge,2
walls,2
failed,2
loyal,2
site,2
civilization,2
bidwell,2
hobsbawm,2
testimony,2
bring,2
sentences,2
across,2
etrangères,2
province,2
knew,2
represented,2
goes,2
glawi,2
proportion,2
eight,2
b,2
djemaa,2
direct,2
ongoing,2
summarized,2
endeavored,2
consequences,2
support,2
reason,2
modified,2
servants,2
locally,2
discouraged,2
emergence,2
dated,2
days,2
numbers,2
record,2
aspinion,2
preoccupation,2
commissaire,2
threat,2
situations,2
undated,2
filed,2
origins,2
collège,2
indonesia,2
remain,2
bruno,2
λα,2
dominant,2
algiers,2
drawing,2
proposed,2
colons,2
result,2
lead,2
testimonies,2
locals,2
plot,2
arabs,2
fiqh,2
centers,2
codify,2
noting,2
indigene,2
luxury,2
possibility,2
philosophical,2
experts,2
respects,2
markets,2
standardized,2
far,2
mainly,2
witnessed,2
appears,2
recently,2
produced,2
encounters,2
taught,2
opposition,2
salé,2
aspects,2
animated,2
keeping,2
acknowledging,2
agreed,2
dilemmas,2
successoral,2
drew,2
competing,2
calls,2
actors,2
feared,2
ten,2
qadis,2
critique,2
cass,2
issues,2
collective,2
structures,2
rallying,2
first,2
orient,2
reflect,2
ayt,2
rise,2
endorsed,2
stanford,2
zeddout,2
president,2
ethnicity,2
ali,2
spouses,2
t,2
preceded,2
least,2
working,2
revolution,2
stage,2
dictionary,2
inspector,2
méraud,2
sole,2
endowed,2
overseeing,2
attached,2
boundaries,2
progress,2
resistance,2
estates,2
nationalisme,2
hooker,2
grateful,2
provided,2
evoked,2
seemed,2
avoid,2
south,2
threatened,2
dossier,2
tasks,2
second,2
situation,2
upset,2
respected,2
nonetheless,2
supervising,2
entitled,2
bringing,2
zayanes,2
letters,2
identified,2
henri,2
overall,2
revolt,2
impose,2
merits,2
berque,2
standardization,2
picardat,2
intervention,2
make,2
indicates,2
initially,2
registered,2
put,2
direction,2
standardize,2
frank,2
relied,2
fair,2
residence,2
array,2
restricted,2
judiciare,2
us,2
commandement,2
tax,2
infrastructure,2
theft,2
handled,2
cairo,2
indian,2
inalienable,2
defendants,2
rape,2
essai,2
increasingly,2
regional,2
functioned,2
sont,2
name,2
ministère,2
hautes,2
toward,2
pointed,2
amazigh,2
appointed,2
leading,2
sing,2
limit,2
fundamental,2
head,2
lives,2
witnesses,2
rotated,2
regulation,2
eric,2
laypeople,2
shluh,2
resolved,2
fashion,2
discussed,2
serious,2
reasons,2
distinct,2
learn,2
centre,2
purposes,2
ensured,2
hinterlands,2
heavily,2
anthropologie,2
deep,2
perhaps,2
remarked,2
project,2
routledge,2
number,2
explicitly,2
alan,2
ibid,2
verbal,2
hanoteau,2
understanding,2
talibs,2
father,2
cornerstone,2
convocation,2
values,2
writings,2
hindu,2
alerted,2
previously,2
varying,2
entirely,2
significant,2
variation,2
ideas,2
curb,2
questions,2
identical,2
individuals,2
full,2
literate,2
handaine,2
moral,2
reality,2
notaries,2
divorces,2
points,2
régime,2
less,2
him,2
engle,2
stages,2
mountain,2
ahmed,2
approximately,2
special,2
outcomes,2
exaggeration,2
become,2
étude,2
ethnohistory,2
relative,2
professional,2
regimes,2
fonctionnement,2
widely,2
staffed,2
ranging,2
suggest,2
relying,2
humanities,2
continued,2
george,2
provide,2
crucial,2
villagers,2
deaths,2
lombardi,2
render,2
requests,2
transformation,2
sixty,2
construction,2
directives,2
enforced,2
législation,2
capt,2
colloquial,2
ostensibly,2
joseph,2
meant,2
diya,2
historique,2
eventually,2
enquête,2
nationale,2
grand,2
turn,2
continues,2
dissident,2
codifying,2
quickly,2
intellectual,2
worth,2
séance,2
argue,2
presence,2
regard,2
foundation,2
advice,2
presumably,2
identities,2
passage,2
adjudicated,2
scholarly,2
κ,2
carefully,2
transmitted,2
ones,2
making,2
agricultural,2
prestige,2
institute,2
imperial,2
property,2
information,2
precedent,2
minimal,2
suggests,2
incorporated,2
mats,2
arbiter,2
directive,2
notary,2
ownership,2
recognition,2
reported,2
uniform,2
publishers,2
subject,2
tried,2
transition,2
lesson,2
discussion,2
maintained,2
communicative,2
faculty,2
varied,2
remarks,2
statut,2
layers,2
commercial,2
fi,2
achfur,2
herds,2
national,2
write,2
charge,2
monolingual,2
course,2
afrique,2
crimes,2
bernard,2
evidence,2
moynier,2
involving,2
off,2
judiciaire,2
help,2
needs,2
thousand,2
third,2
ensuring,2
consisted,2
yurf,2
era,2
infractions,2
immediately,2
nantes,2
close,2
barr,1
resolve,1
swiggers,1
entities,1
arbitrator,1
morel,1
tasked,1
dale,1
eickelman,1
formulated,1
weighed,1
currently,1
debated,1
o,1
scandalously,1
struggle,1
along,1
cherifen,1
limits,1
generalization,1
ethics,1
conflicting,1
avoiding,1
concerned,1
obey,1
anthony,1
indicated,1
libraire,1
screened,1
procédures,1
generous,1
corruption,1
tiznit,1
tiouti,1
trustworthy,1
designated,1
providing,1
série,1
fractions,1
truth,1
represent,1
judging,1
administered,1
extreme,1
esprit,1
inexpensive,1
college,1
onsite,1
nordafricain,1
worthy,1
yam,1
measures,1
associated,1
cras,1
seizure,1
utility,1
notably,1
pushed,1
koumia,1
quandary,1
towns,1
former,1
rolled,1
likewise,1
becoming,1
complex,1
residences,1
replaced,1
partially,1
conflicts,1
markaz,1
lexicon,1
cauldron,1
instructions,1
jurisdictions,1
elaborated,1
identify,1
tend,1
quarrelsome,1
designed,1
hardcore,1
advised,1
minora,1
live,1
schools,1
jail,1
asserted,1
specialist,1
solidarity,1
soudan,1
irritated,1
taithe,1
bamboo,1
easily,1
specified,1
sure,1
satisfied,1
decrees,1
supervised,1
nord,1
decade,1
missionaries,1
child,1
paternalistic,1
trace,1
protection,1
position,1
fixed,1
throwing,1
organic,1
harsh,1
title,1
habits,1
vestiges,1
expressed,1
harvests,1
urfrlx,1
husbands,1
exceptions,1
something,1
assume,1
matter,1
culturelles,1
descriptions,1
diables,1
variety,1
territorial,1
barbari,1
deprecated,1
materials,1
properties,1
leads,1
intentions,1
par,1
experience,1
fluctuations,1
bengal,1
pleaded,1
unpaid,1
anything,1
invoking,1
picturesque,1
maspéro,1
query,1
moderated,1
else,1
haguenin,1
stressed,1
unschooled,1
certainly,1
heel,1
harakat,1
approche,1
sprinkling,1
warrior,1
expressive,1
repertoire,1
steady,1
chaos,1
estate,1
historians,1
abound,1
discursively,1
contrasted,1
hire,1
attempt,1
refusal,1
generated,1
asserts,1
defence,1
worked,1
imazighen,1
rumor,1
gellner,1
active,1
hauling,1
switzerland,1
malleable,1
incessantly,1
toz,1
seminary,1
varies,1
engaged,1
stolen,1
possibilities,1
reach,1
copy,1
continue,1
devolved,1
specially,1
belong,1
broken,1
governed,1
accompanied,1
featuring,1
regulat,1
convert,1
display,1
squat,1
careers,1
ben,1
witnessing,1
differences,1
mudawana,1
altruistic,1
potentially,1
emotion,1
appearances,1
narrative,1
assembled,1
bouchêne,1
conklin,1
knsous,1
revival,1
hundred,1
onto,1
credits,1
koller,1
providence,1
styles,1
muhammadan,1
foment,1
slippage,1
lifecycles,1
inadvertently,1
maurice,1
xx,1
lodge,1
discrepancy,1
sahara,1
bouchène,1
salary,1
fez,1
sharifian,1
leur,1
date,1
mos,1
aurès,1
greatly,1
blackwell,1
precisely,1
sacred,1
henry,1
dismissed,1
investigations,1
mail,1
ruined,1
committed,1
hostility,1
visibility,1
stopped,1
arbiters,1
fulanj,1
weighing,1
merchants,1
remèdes,1
empty,1
imprimeries,1
takes,1
depending,1
governmental,1
dul,1
cabinet,1
resulted,1
benhlal,1
alfred,1
dialect,1
laboring,1
plain,1
inadequate,1
persian,1
wrongdoings,1
autonomous,1
knowledgeable,1
prone,1
vincennes,1
wai,1
translations,1
sought,1
proxies,1
où,1
sexual,1
hall,1
right,1
march,1
twist,1
compliance,1
procureur,1
bribes,1
opened,1
occupying,1
felt,1
implies,1
determined,1
delivering,1
innocuous,1
subaltern,1
turbes,1
cared,1
multilingual,1
sale,1
zayan,1
draa,1
establishing,1
aka,1
mutual,1
alter,1
literary,1
taxation,1
insight,1
richard,1
batailleurs,1
ethnographique,1
crossed,1
facilitate,1
apart,1
siyassiya,1
combination,1
desired,1
allemande,1
messick,1
considérés,1
ideologically,1
algérienne,1
requirements,1
apply,1
compares,1
dirty,1
constrained,1
enter,1
demanded,1
ritual,1
chronic,1
economies,1
newly,1
accustomed,1
masonic,1
safely,1
fragment,1
bhereikis,1
slacking,1
says,1
collection,1
prejudice,1
evaluating,1
interestingly,1
mécréants,1
monday,1
wherever,1
repeatedly,1
complained,1
closes,1
generalized,1
preoccupied,1
million,1
divorced,1
upheld,1
lover,1
archivist,1
purportedly,1
berberophone,1
fqir,1
disorder,1
historically,1
generation,1
haut,1
explained,1
eventual,1
component,1
roger,1
reputation,1
pursue,1
tanzania,1
rotating,1
objective,1
calligraphic,1
targeted,1
stripped,1
processus,1
domain,1
tutelage,1
agreeing,1
dozen,1
ease,1
reproduced,1
deliberation,1
civilizing,1
storehouse,1
hid,1
arghen,1
veneer,1
price,1
respectfully,1
insisted,1
emerges,1
employing,1
scrolls,1
siècle,1
codified,1
february,1
agitation,1
xenophobia,1
overly,1
expected,1
comprised,1
risala,1
thing,1
connote,1
unity,1
chleuhs,1
berberist,1
individual,1
elements,1
chitting,1
processifs,1
stored,1
legally,1
bay,1
keep,1
document,1
fees,1
demonstrative,1
amount,1
deed,1
accoudés,1
response,1
serving,1
originaires,1
listened,1
extraordinary,1
young,1
reference,1
dates,1
compared,1
reviewers,1
twice,1
misleading,1
truly,1
noguès,1
alliances,1
comité,1
networks,1
locales,1
maghreb,1
warned,1
ligue,1
constant,1
overarching,1
stint,1
consequently,1
idiom,1
instruments,1
adhahir,1
dear,1
gaze,1
ethnolinguistic,1
unpub,1
deeply,1
regulations,1
triplicate,1
discovering,1
guide,1
adult,1
traits,1
delivered,1
commanding,1
informed,1
lafont,1
acted,1
unskilled,1
respective,1
collects,1
unfortunate,1
qur,1
ouvrières,1
commanders,1
urged,1
readable,1
bou,1
poverty,1
mechanism,1
oj,1
incentives,1
assessed,1
steps,1
hamlet,1
alternating,1
objectionable,1
mohammed,1
convoked,1
adequate,1
observer,1
société,1
greffier,1
century,1
adjunct,1
pidgin,1
fuller,1
costs,1
vichy,1
tt,1
surreptitiously,1
elaborate,1
usages,1
tulab,1
almonds,1
portrayed,1
performance,1
unapologetically,1
troubled,1
absent,1
arising,1
defaulter,1
developed,1
swasa,1
ironic,1
guercif,1
aggressive,1
schisms,1
repeal,1
tribunals,1
joan,1
influential,1
judiciaires,1
antagonistic,1
evaluation,1
discharge,1
borrowing,1
levels,1
keepers,1
fascinating,1
ala,1
camargo,1
presentation,1
levying,1
consternation,1
mean,1
speed,1
marcy,1
conceptions,1
ama,1
unreflective,1
adopted,1
signaled,1
devastating,1
pressing,1
deprived,1
granted,1
supplement,1
inhere,1
dar,1
importance,1
se,1
leave,1
plots,1
contributions,1
outdated,1
moderne,1
comme,1
clayton,1
danger,1
believing,1
white,1
lay,1
rays,1
overlooked,1
factors,1
front,1
periodic,1
reappears,1
légaux,1
consistency,1
malaise,1
rising,1
send,1
rebellion,1
category,1
smiled,1
changes,1
tagmouti,1
parentheses,1
colonizing,1
subordinated,1
interspersed,1
facilitated,1
dean,1
mission,1
inkling,1
maiden,1
possibly,1
bribery,1
indépendance,1
respond,1
old,1
imposing,1
familiar,1
organized,1
peasants,1
consolidate,1
underlying,1
specify,1
liberal,1
elsewhere,1
impact,1
gradually,1
quoted,1
k,1
field,1
tunisienne,1
god,1
ignorance,1
prevent,1
age,1
interpreter,1
resorted,1
show,1
ministers,1
tighrad,1
operate,1
additional,1
intervene,1
yells,1
follow,1
saint,1
requested,1
actes,1
ordain,1
deadlines,1
merited,1
transcripts,1
punishable,1
evolves,1
boundary,1
blood,1
extract,1
willing,1
pierre,1
shifted,1
care,1
helped,1
ukduba,1
provisional,1
strategy,1
suggested,1
indistinct,1
view,1
chicaneurs,1
allies,1
awaited,1
holdings,1
officiel,1
contention,1
ces,1
exacerbate,1
arrived,1
legislative,1
closely,1
advance,1
inquest,1
immutable,1
forays,1
urgency,1
msid,1
identifying,1
campagne,1
path,1
appearance,1
encoding,1
fortunes,1
attributes,1
opposing,1
inherent,1
relating,1
ambiguity,1
effort,1
lived,1
adaptability,1
aures,1
ireman,1
changed,1
rebirth,1
austin,1
pass,1
events,1
agendas,1
carolina,1
mythical,1
taurus,1
portsmouth,1
shield,1
initial,1
burst,1
struggles,1
controle,1
polemics,1
term,1
juries,1
tidy,1
fraction,1
fourth,1
outset,1
threemonth,1
lose,1
neighboring,1
occupation,1
iversity,1
let,1
reviews,1
skilled,1
mediated,1
halstead,1
default,1
secure,1
française,1
sentence,1
cannot,1
analogous,1
ethnographic,1
unclear,1
troops,1
placed,1
demanding,1
representatives,1
hypothetical,1
procedures,1
your,1
marocaine,1
guidance,1
conferences,1
kilimanjaro,1
trend,1
embed,1
necessities,1
sacrifice,1
gained,1
guardianship,1
january,1
symbolically,1
scene,1
verbally,1
influenced,1
affair,1
memory,1
improve,1
ibun,1
chins,1
verdict,1
abuse,1
taxes,1
christianity,1
having,1
storage,1
participation,1
allocation,1
relatives,1
invisible,1
r,1
y,1
closed,1
douglas,1
overviews,1
implement,1
êtres,1
beirut,1
indouzal,1
basis,1
strict,1
carries,1
hints,1
competent,1
heart,1
transgression,1
concept,1
ranger,1
advancement,1
arabizing,1
purpose,1
explains,1
apparent,1
siècles,1
confined,1
nation,1
verbiage,1
opéra,1
marketplace,1
gender,1
reminded,1
got,1
intentionally,1
lectured,1
whole,1
overview,1
gave,1
felix,1
spillman,1
consistently,1
mandatory,1
obscured,1
mokhzanis,1
overtly,1
literally,1
calculating,1
hawai,1
insolence,1
fruitful,1
knees,1
combler,1
statistics,1
mise,1
hi,1
arehmouch,1
weekly,1
away,1
cry,1
legislation,1
fqihs,1
employed,1
deserved,1
overseas,1
sit,1
talented,1
resort,1
aâssir,1
interpreted,1
skills,1
universally,1
archiving,1
connections,1
heinemann,1
transmit,1
scheduled,1
weeks,1
reconcile,1
retaliated,1
monetary,1
prices,1
contrôle,1
η,1
ancestral,1
laroui,1
chérifien,1
multiplicity,1
creating,1
berbere,1
codirying,1
governs,1
running,1
solution,1
grüner,1
indicator,1
successful,1
caused,1
level,1
hard,1
tiherci,1
allegiance,1
useful,1
tacitly,1
questionable,1
pronounced,1
buildings,1
things,1
wished,1
reliable,1
delivery,1
protest,1
terrence,1
politically,1
cries,1
fury,1
contrast,1
precedents,1
royale,1
reminder,1
dangerous,1
pacts,1
settlement,1
claim,1
titles,1
event,1
inked,1
small,1
wider,1
issuing,1
replace,1
nineteenthand,1
transfer,1
scope,1
presuming,1
embarrassed,1
acts,1
facility,1
contrôleur,1
invaluable,1
decline,1
redefinition,1
swear,1
impossible,1
yielded,1
brown,1
paroles,1
christians,1
annual,1
ouakrim,1
underway,1
st,1
inconveniences,1
overlords,1
personnelles,1
goat,1
dependent,1
infraction,1
transparent,1
proper,1
correspondence,1
notice,1
unduly,1
appropriate,1
value,1
weigh,1
scarecrow,1
inauthenticityjam,1
criminals,1
separate,1
pervasive,1
parenthetically,1
inform,1
valuable,1
interminable,1
enjoy,1
repeated,1
bolstered,1
behalf,1
purchasing,1
champion,1
prescribed,1
inspection,1
transforming,1
tea,1
blanket,1
portion,1
afqir,1
achilles,1
defended,1
calm,1
eternity,1
délits,1
ana,1
republic,1
formally,1
arrangement,1
proxy,1
november,1
twiza,1
reduced,1
lit,1
absence,1
supervisory,1
production,1
logistical,1
muslims,1
blackwood,1
interference,1
transnational,1
titular,1
tedious,1
greta,1
oubou,1
hide,1
surprisingly,1
resisted,1
april,1
barley,1
gatekeeper,1
play,1
correctional,1
intended,1
brief,1
forward,1
framing,1
exception,1
planks,1
brings,1
constraints,1
tropical,1
positioned,1
anic,1
grande,1
cole,1
above,1
chore,1
pashas,1
perrony,1
expanded,1
interactions,1
domination,1
intercessors,1
comments,1
manifest,1
schacht,1
degree,1
masons,1
madras,1
legitimized,1
seemingly,1
decisions,1
tends,1
trusteeship,1
southeast,1
commandant,1
mediator,1
single,1
dissatisfied,1
islamiques,1
undergo,1
regreg,1
convictions,1
laamrani,1
robin,1
allegations,1
assuring,1
pivotal,1
joshua,1
donkey,1
auspices,1
preparation,1
recordings,1
berenger,1
arrangements,1
thursday,1
treaty,1
liddell,1
intense,1
salvation,1
ensures,1
emigrants,1
builds,1
thought,1
acknowledgments,1
aouchar,1
dual,1
east,1
discussions,1
repair,1
meraud,1
equally,1
duby,1
keganpaul,1
disastrous,1
differentiate,1
perceived,1
subtleties,1
assimilation,1
chris,1
home,1
policies,1
couriers,1
connotation,1
informal,1
light,1
assistance,1
aux,1
sharply,1
lacked,1
repercussions,1
covertly,1
times,1
communautés,1
judiciously,1
beards,1
khatir,1
essence,1
provocative,1
ifitna,1
contains,1
department,1
disagreed,1
enforce,1
friend,1
penalties,1
hammou,1
misc,1
ambiguities,1
avoided,1
fellow,1
louder,1
interwoven,1
étoffé,1
chevilles,1
medine,1
seated,1
unreliable,1
morass,1
challenge,1
frederick,1
stated,1
humanitarian,1
devon,1
childhood,1
mentions,1
figure,1
again,1
mattered,1
death,1
ended,1
recited,1
ask,1
ircam,1
cercle,1
fastidieuse,1
towards,1
financial,1
lime,1
generously,1
withholding,1
missing,1
arbitrate,1
unofficially,1
speaks,1
ange,1
communal,1
nationhood,1
shows,1
main,1
praeger,1
contrasts,1
annexé,1
remuneration,1
metuchen,1
walked,1
scolded,1
pastoralism,1
plan,1
ronctionnement,1
lieutenant,1
beliefs,1
appeared,1
fueled,1
striking,1
rance,1
disturbed,1
choice,1
superiors,1
declaring,1
reasoning,1
educated,1
ideology,1
larger,1
named,1
linchpin,1
plagued,1
demonstrating,1
gray,1
kayes,1
inherently,1
considerable,1
patchwork,1
orphans,1
dead,1
observes,1
uuernut,1
interim,1
adapt,1
momentum,1
readers,1
everyday,1
thank,1
performances,1
geography,1
porte,1
corps,1
latines,1
begin,1
réunies,1
thousands,1
gga,1
manner,1
illalen,1
discussing,1
road,1
capitaine,1
banned,1
mu,1
orderly,1
luve,1
christianize,1
muqim,1
non,1
jenny,1
hectares,1
foot,1
real,1
surveillance,1
gharb,1
duties,1
impassioned,1
handpicked,1
focusing,1
poles,1
mediation,1
chicaya,1
codif,1
jourdan,1
crouched,1
muqaddem,1
assorted,1
paix,1
books,1
children,1
armée,1
francoz,1
impoverished,1
prendre,1
circumscription,1
style,1
gives,1
ability,1
free,1
attendu,1
encountered,1
integrity,1
conscripts,1
recommend,1
toledano,1
convenient,1
italicized,1
violent,1
verbaux,1
bulletin,1
éditions,1
discourses,1
complicity,1
acknowledgment,1
rustic,1
jurisprudence,1
empirically,1
analyzed,1
greatest,1
collecting,1
cssh,1
offices,1
simple,1
encounter,1
karthala,1
rulers,1
effectiveness,1
knopf,1
please,1
awal,1
explanation,1
legs,1
locate,1
endowment,1
sides,1
servant,1
ce,1
patricia,1
delicate,1
backed,1
abangan,1
retains,1
launched,1
pion,1
sufficiently,1
contacts,1
reputations,1
services,1
appliquer,1
blum,1
identity,1
indépendantes,1
notebook,1
tribu,1
sia,1
lecture,1
asian,1
scribes,1
mahé,1
healing,1
alien,1
unfortunately,1
arnal,1
substantiate,1
operated,1
refers,1
returned,1
collaborative,1
emigrated,1
harvard,1
submitted,1
inflicted,1
bengali,1
numbered,1
ethnic,1
assign,1
rhetorically,1
insufficiency,1
trip,1
office,1
lugard,1
importantly,1
improvements,1
outpost,1
rrom,1
défient,1
constancy,1
students,1
involves,1
underwent,1
roberts,1
adjudicate,1
finally,1
versions,1
vigilant,1
ties,1
efficiently,1
low,1
quotation,1
sédentaires,1
provoked,1
remaining,1
consult,1
communicated,1
charged,1
comprehensive,1
lien,1
soldiers,1
sustain,1
maintenance,1
rebecca,1
ιοί,1
conjugal,1
signing,1
defense,1
methodological,1
starring,1
divisions,1
tubes,1
evening,1
chleuh,1
threw,1
wholesale,1
inventing,1
budding,1
fulan,1
unexamined,1
fiches,1
features,1
adat,1
collected,1
offences,1
practiced,1
configurations,1
households,1
earlier,1
supervisors,1
misunderstanding,1
souche,1
commentaries,1
martin,1
accused,1
short,1
instruction,1
exchange,1
spent,1
inscribed,1
outcry,1
faith,1
margin,1
ferront,1
migrants,1
conclusions,1
comparing,1
groupe,1
accusing,1
settler,1
mining,1
chapel,1
assures,1
relation,1
postworld,1
sight,1
metalinguistic,1
declare,1
assessing,1
bureaucracies,1
topics,1
fait,1
exactly,1
displayed,1
effect,1
buttressing,1
boniface,1
master,1
belqasm,1
corners,1
enemies,1
concepts,1
offensive,1
seeking,1
bibliothèque,1
looks,1
hearsay,1
translate,1
brassey,1
mandataires,1
aix,1
looked,1
northern,1
ground,1
specialists,1
polyglot,1
imperfectly,1
sugar,1
outright,1
algerians,1
fee,1
comptroller,1
rifts,1
pleas,1
supplemental,1
reluctant,1
visit,1
challamel,1
standard,1
summary,1
landholdings,1
transi,1
succinctes,1
alcan,1
offender,1
asking,1
aspirations,1
panarab,1
undifferentiated,1
straight,1
kaplan,1
entailing,1
groupings,1
entail,1
assigned,1
luganda,1
relationship,1
circulaires,1
esteemed,1
untenable,1
adultery,1
absorbing,1
registre,1
beyond,1
raise,1
ryskamp,1
usurpation,1
window,1
residual,1
she,1
cassimi,1
desires,1
kenneth,1
cheam,1
porch,1
bowen,1
consent,1
unclassified,1
altering,1
tunisians,1
suspected,1
pieces,1
hill,1
employment,1
rough,1
même,1
bare,1
primarily,1
independence,1
becomes,1
referred,1
antagonism,1
sensitive,1
accepted,1
insist,1
collections,1
parcel,1
entextualize,1
vizirs,1
ch,1
originated,1
extrait,1
recognize,1
try,1
expert,1
plains,1
nearing,1
traveled,1
evolution,1
why,1
helpful,1
furthered,1
cease,1
λ,1
existed,1
bureaus,1
presenting,1
diplomatiques,1
banishment,1
surprising,1
elderly,1
composed,1
infelicitous,1
hierarchical,1
wide,1
exists,1
instances,1
get,1
bastardized,1
examine,1
afqih,1
face,1
insubordination,1
mirror,1
arbitrators,1
grounded,1
pressures,1
bad,1
unanticipated,1
increased,1
articulations,1
informally,1
plus,1
echoes,1
fusha,1
school,1
anthropological,1
publicly,1
share,1
contained,1
wars,1
punished,1
exercised,1
heavy,1
supervisor,1
recruiting,1
material,1
senior,1
comes,1
conclusion,1
ethnological,1
complexity,1
colonists,1
changing,1
twentiethcentury,1
norms,1
comparison,1
biography,1
fribourg,1
must,1
manual,1
kadu,1
instructed,1
extensive,1
vociférer,1
ever,1
retard,1
invoked,1
alahyane,1
inadvertent,1
lest,1
characteristics,1
symbolic,1
rumination,1
textes,1
dahirs,1
indicate,1
precise,1
regime,1
shapes,1
supported,1
generic,1
accelerated,1
precedence,1
doi,1
text,1
funding,1
pt,1
islamisation,1
offers,1
sustained,1
colonialism,1
unification,1
colonisation,1
imprecision,1
phrasing,1
conley,1
micaud,1
headed,1
ni,1
ran,1
branches,1
removed,1
sociales,1
introducing,1
provence,1
gaps,1
bertrand,1
commonplace,1
thumb,1
hafsa,1
paper,1
djemaâs,1
tomb,1
dismantled,1
specialized,1
india,1
december,1
auxiliary,1
prandieres,1
nouguès,1
innovations,1
believe,1
deceive,1
coverage,1
leaders,1
frustes,1
hindustani,1
compounded,1
half,1
tunisia,1
constructions,1
besogne,1
alternatively,1
homme,1
brinkley,1
heels,1
amina,1
ar,1
mason,1
nouvelles,1
rely,1
infer,1
perfectionnement,1
goods,1
exhausting,1
benefit,1
proved,1
sorted,1
harmattan,1
build,1
purview,1
differed,1
wood,1
tracts,1
translating,1
prayers,1
innumerable,1
pour,1
consciousness,1
works,1
quibblers,1
type,1
ouarzazat,1
elders,1
merely,1
person,1
prescribing,1
subordinate,1
parody,1
purported,1
id,1
agriculture,1
tendencies,1
sectors,1
ventures,1
hmad,1
hespéris,1
exposing,1
notable,1
ferreted,1
vaisseau,1
month,1
poses,1
reactions,1
regulates,1
stability,1
list,1
doings,1
indigence,1
expeditious,1
cause,1
involvement,1
quote,1
character,1
allai,1
forestry,1
araboislamic,1
nascent,1
attitudes,1
juxtaposed,1
passed,1
mere,1
unrest,1
alice,1
linchpins,1
egg,1
telegram,1
listen,1
her,1
carnet,1
managed,1
foundations,1
attaining,1
commander,1
recent,1
mandated,1
complain,1
bureaucratic,1
pursued,1
premised,1
require,1
divide,1
izerfan,1
barely,1
produce,1
don,1
mandate,1
pleases,1
psychology,1
indulgently,1
terre,1
nuances,1
mahkama,1
rally,1
hundreds,1
inconvenience,1
finished,1
irherm,1
martha,1
presume,1
oath,1
bodies,1
mina,1
dialogues,1
overworked,1
intention,1
occasionally,1
preserved,1
attentive,1
tolbas,1
ruled,1
ill,1
peace,1
cl,1
content,1
courses,1
alternatives,1
procure,1
pedagogical,1
biweekly,1
regulate,1
lies,1
villageoises,1
auxiliaries,1
agents,1
ignorant,1
anachronisms,1
territory,1
measure,1
vast,1
harvesting,1
alain,1
incantations,1
tertib,1
summarizes,1
indebted,1
challenges,1
allows,1
evidenced,1
representation,1
da,1
goals,1
tash,1
think,1
postcolonial,1
indians,1
prepared,1
nov,1
distribute,1
résidence,1
forwarded,1
spells,1
sanctioned,1
bargaining,1
warrant,1
philippe,1
spring,1
breaks,1
argument,1
transcribers,1
lists,1
akbar,1
reveals,1
average,1
sensibilities,1
similarity,1
charts,1
finding,1
quest,1
contract,1
decrease,1
illinois,1
clamor,1
twentieth,1
misrepresents,1
inscribe,1
diminished,1
authored,1
errands,1
grant,1
catch,1
discursive,1
handwritten,1
mode,1
sensibles,1
sociologue,1
origines,1
wish,1
contributed,1
offer,1
civilize,1
detached,1
typically,1
consolidated,1
define,1
orthodox,1
certificate,1
appreciated,1
traditionnel,1
broader,1
physical,1
files,1
guiding,1
opinions,1
product,1
col,1
conquered,1
wideranging,1
defined,1
problème,1
procès,1
organ,1
membership,1
sheriffs,1
sexuality,1
summoned,1
shift,1
speak,1
definitive,1
unfamiliar,1
asymmetrical,1
archaic,1
roughly,1
morning,1
anonymous,1
ied,1
morally,1
inclination,1
charles,1
surely,1
settled,1
potential,1
consignes,1
safeguard,1
pertain,1
sharva,1
certainty,1
colorful,1
fol,1
fellows,1
supply,1
succeeded,1
appealed,1
reflecting,1
pleased,1
create,1
texts,1
fears,1
bérenger,1
northwestern,1
arose,1
develop,1
censuses,1
traditional,1
arabophone,1
focus,1
stereotyping,1
technological,1
permanent,1
taylor,1
explanations,1
laborers,1
indistinguishable,1
statement,1
loyalties,1
études,1
asked,1
doing,1
indicating,1
ca,1
built,1
roles,1
jealous,1
race,1
quantity,1
inventories,1
majorum,1
meilleurs,1
faction,1
