WORDCOUNTS,WEIGHT
the,874
of,534
and,442
in,409
to,264
a,214
that,152
witchcraft,128
was,96
as,78
magic,71
were,69
for,68
century,67
by,66
s,65
witch,58
but,57
had,53
it,52
trials,52
with,52
not,51
an,51
on,50
their,48
from,48
new,46
decline,42
bever,40
about,40
or,40
crisis,39
europe,38
prosecutions,38
magical,37
early,37
end,36
they,35
this,35
at,34
which,34
more,33
also,31
confidence,30
during,29
enlightenment,29
ew,28
into,27
demonology,27
witches,26
most,26
beliefs,26
skepticism,26
them,26
legal,25
its,25
devil,24
eighteenth,24
who,24
even,23
levack,22
york,22
one,22
people,21
seventeenth,21
modern,20
is,20
have,20
edward,19
late,19
thought,19
culture,19
these,19
torture,19
after,19
because,18
religious,18
number,18
reality,18
did,18
be,18
women,17
all,17
other,17
elite,17
ibid,17
popular,17
first,16
mass,16
than,16
only,16
i,15
some,15
his,15
old,14
could,14
well,14
both,14
he,14
social,14
germany,13
against,13
prosecution,13
officials,13
hunts,13
began,13
any,13
idem,13
realities,12
england,12
porter,12
sixteenth,12
general,12
process,12
came,12
however,12
society,12
practices,12
experiences,12
many,12
larger,12
local,12
period,12
continued,12
physical,12
over,12
if,11
tradition,11
central,11
cases,11
romantic,11
liberal,11
judicial,11
part,11
change,11
god,11
like,11
high,11
intellectual,11
weyer,11
contributed,11
france,11
between,11
way,10
later,10
since,10
supernatural,10
how,10
role,10
example,10
when,10
power,10
significant,10
european,10
half,10
midelfort,10
just,10
through,10
although,10
evidence,10
history,9
nineteenth,9
nature,9
wurttemberg,9
disbelief,9
pious,9
own,9
least,9
involved,9
miracles,9
critical,9
belief,9
skeptical,9
éd,9
practice,9
fears,9
thus,8
such,8
changes,8
bekker,8
public,8
spiritual,8
possibility,8
trial,8
duni,8
maleficium,8
led,8
french,8
time,8
see,8
use,8
skeptics,8
become,8
been,8
life,8
centuries,8
authorities,8
roman,8
while,8
became,8
much,8
being,7
government,7
religion,7
those,7
medical,7
behavior,7
de,7
turn,7
clark,7
demons,7
furthermore,7
influence,7
rather,7
danger,7
out,7
world,7
activities,7
same,7
inquisition,7
children,7
where,7
eds,7
another,7
concern,7
played,7
italy,7
suspects,7
series,7
eng,7
far,7
western,6
either,6
leading,6
has,6
changed,6
confessions,6
development,6
church,6
relatively,6
conspiracy,6
german,6
reforms,6
thomas,6
threat,6
beyond,6
cultural,6
grounds,6
procedures,6
place,6
small,6
manchester,6
scientific,6
once,6
testimony,6
members,6
similarly,6
manifested,6
paris,6
council,6
behaviors,6
made,6
moral,6
would,6
sabbats,6
effect,6
hunt,6
ordinary,6
countries,6
eventually,6
growing,6
natural,6
control,6
arguments,6
increased,6
traditional,6
deny,5
created,5
europeans,5
denied,5
english,5
ways,5
might,5
hunting,5
majority,5
historians,5
point,5
dogmatic,5
immediate,5
developments,5
jurist,5
developed,5
cult,5
earlier,5
reason,5
established,5
abuses,5
gradually,5
argued,5
age,5
important,5
decades,5
ridicule,5
malevolent,5
though,5
work,5
gave,5
issues,5
denunciations,5
beneficent,5
catholic,5
order,5
crime,5
seemed,5
second,5
make,5
basque,5
increasingly,5
scot,5
spain,5
conviction,5
years,5
clear,5
biblical,5
peter,5
often,5
thinking,5
changing,5
jurists,5
sweden,5
set,5
country,5
very,5
cause,5
influenced,5
almost,5
middle,5
level,5
instead,5
effects,5
campaign,5
descartes,5
parlement,5
harmful,5
ankarloo,4
doubts,4
authority,4
true,4
jonathan,4
occurred,4
before,4
long,4
implications,4
monter,4
actual,4
great,4
mind,4
techniques,4
stopped,4
existence,4
along,4
ritual,4
sign,4
learned,4
comprehensive,4
elements,4
occult,4
repression,4
acculturation,4
no,4
montaigne,4
magicians,4
direct,4
von,4
clearly,4
followed,4
surge,4
dominant,4
helped,4
view,4
extent,4
declined,4
found,4
shared,4
radical,4
insisting,4
punishment,4
further,4
population,4
required,4
opposition,4
provincial,4
writers,4
actually,4
rise,4
attributed,4
good,4
around,4
few,4
impossible,4
may,4
cessation,4
play,4
still,4
interpretation,4
denounced,4
informal,4
partly,4
present,4
law,4
toward,4
reform,4
john,4
took,4
hand,4
accusations,4
everyday,4
remained,4
ideas,4
questions,4
trend,4
low,4
three,4
individual,4
course,4
spirits,4
illicit,4
problems,4
episcopi,4
political,4
illusory,4
attitude,4
lost,4
accepted,4
transformation,4
discourse,4
vanysacker,4
associated,4
arrest,4
simply,4
different,4
then,4
past,4
prosecute,4
what,4
rising,4
apparently,4
italian,4
thereby,4
despite,4
went,4
come,4
powers,4
ailments,4
ended,4
d,4
crimes,4
philosophy,4
actions,4
rejection,4
diabolical,4
among,4
wiirttemberg,4
fraudulent,3
superstitious,3
sharpe,3
common,3
medieval,3
burke,3
measures,3
introduction,3
jurisdictions,3
formed,3
asserted,3
completely,3
delusions,3
duke,3
contested,3
confessionalization,3
consultations,3
posed,3
practicality,3
henningsen,3
indeed,3
tartarotti,3
procedure,3
there,3
last,3
henry,3
robert,3
investigations,3
invalid,3
discipline,3
system,3
issue,3
eastern,3
primary,3
america,3
right,3
dutch,3
mental,3
interdisciplinary,3
panic,3
exist,3
champions,3
purportedly,3
misfortune,3
issued,3
insisted,3
treasure,3
curses,3
third,3
obscure,3
journal,3
generation,3
whose,3
act,3
across,3
generations,3
stuttgart,3
similar,3
support,3
tensions,3
too,3
upper,3
show,3
pierre,3
shifted,3
perceived,3
result,3
called,3
commoners,3
war,3
jacob,3
participation,3
line,3
used,3
appeals,3
valente,3
prominent,3
denial,3
forces,3
confession,3
currents,3
trends,3
hidden,3
outmoded,3
sense,3
anger,3
revolution,3
next,3
family,3
openly,3
spanish,3
concerns,3
lawyers,3
brought,3
malicious,3
bavarian,3
up,3
voltaire,3
various,3
economic,3
manifest,3
contributing,3
happened,3
evil,3
evolved,3
magistrates,3
thesis,3
complete,3
two,3
noted,3
regional,3
others,3
pointed,3
fact,3
shows,3
criminal,3
areas,3
educated,3
hobbes,3
forms,3
enough,3
secular,3
woman,3
controversy,3
widespread,3
panics,3
behringer,3
superstition,3
disease,3
treated,3
including,3
discrediting,3
briggs,3
processes,3
engaged,3
poisoning,3
physics,3
so,3
him,3
accused,3
pearl,3
can,3
northern,3
caution,3
widely,3
christian,3
ducal,3
science,3
practitioners,3
concluding,3
seen,3
force,3
class,3
responsible,3
existed,3
thomasius,3
punished,3
peoples,3
membership,3
alternative,3
der,3
routine,3
believe,3
capital,3
leaders,3
particularly,3
reflected,3
turned,3
dismissal,3
diabolism,3
economy,3
proceedings,3
terms,3
form,3
making,3
particular,3
alciati,3
theory,3
vigorously,3
suggests,3
phenomena,3
suspicion,3
entire,3
administration,3
challenges,3
spirit,3
until,3
finally,3
davies,3
involving,3
sexuality,3
specific,3
themselves,3
c,3
elites,3
reached,3
era,3
northwestern,3
little,3
recent,3
demonological,3
major,3
courts,2
resolve,2
libertins,2
rate,2
struggle,2
stuart,2
concerned,2
exceptum,2
trans,2
adoption,2
ultimate,2
notably,2
scottish,2
needed,2
comprised,2
prime,2
word,2
studies,2
prefect,2
physicians,2
source,2
experience,2
lower,2
said,2
deserved,2
cast,2
demonologists,2
hence,2
interests,2
clergymen,2
humans,2
emerged,2
seems,2
switzerland,2
agrippa,2
narrative,2
senses,2
take,2
kingdom,2
subsequent,2
foolish,2
state,2
emphasized,2
keith,2
raised,2
within,2
context,2
gassner,2
occasional,2
suspect,2
autonomous,2
money,2
sought,2
pub,2
bewitched,2
victims,2
undercut,2
account,2
wonders,2
moderation,2
reaction,2
michaela,2
barry,2
descendants,2
treating,2
laws,2
hallucinations,2
mentally,2
prevented,2
generalized,2
phase,2
denying,2
widened,2
southwestern,2
severe,2
reputation,2
run,2
restraining,2
integral,2
animosity,2
subtle,2
malefidum,2
given,2
melancholic,2
kind,2
reluctance,2
legally,2
david,2
systematically,2
body,2
healer,2
agency,2
died,2
designating,2
critique,2
repudiated,2
conceded,2
healers,2
lesser,2
failed,2
opposed,2
suppressing,2
explanations,2
philadelphia,2
bring,2
l,2
growth,2
sentences,2
influential,2
levels,2
repudiation,2
materialist,2
deliberately,2
proportion,2
lasted,2
grew,2
generally,2
executions,2
generating,2
echoed,2
lay,2
gassendi,2
involvement,2
insistence,2
nor,2
day,2
bad,2
affect,2
possibly,2
peasants,2
presumably,2
proposed,2
former,2
numbers,2
impact,2
frequently,2
situations,2
orientation,2
commonly,2
inquisitions,2
defeat,2
freiburg,2
putting,2
opinion,2
yahweh,2
conflicts,2
whereas,2
greater,2
opening,2
advance,2
root,2
based,2
medicine,2
conservative,2
das,2
witchcraze,2
scotland,2
atheism,2
illness,2
governing,2
secretly,2
neighboring,2
focused,2
dovetailed,2
performed,2
appears,2
viewed,2
outside,2
peters,2
professionals,2
triumph,2
cognition,2
aspects,2
christianity,2
directly,2
pietist,2
intense,2
distinguish,2
psychological,2
apparent,2
related,2
gender,2
routinely,2
minority,2
balthasar,2
voltmer,2
older,2
discussions,2
convulsionaries,2
flight,2
johann,2
acquittal,2
personal,2
employed,2
showing,2
exorcism,2
healing,2
hungary,2
olio,2
tolerant,2
caused,2
kinder,2
innocent,2
precedents,2
pacts,2
prosecuted,2
consensus,2
wider,2
orthodox,2
progress,2
hartman,2
malefic,2
sabbat,2
proper,2
relic,2
rest,2
questioning,2
avoid,2
gustav,2
poland,2
dall,2
steadily,2
worldview,2
wrote,2
overall,2
labeled,2
resisted,2
limited,2
tide,2
female,2
community,2
above,2
indicates,2
ice,2
sinful,2
movement,2
girolamo,2
newton,2
pomponazzi,2
whole,2
theologians,2
improper,2
robin,2
rational,2
criticism,2
yet,2
reference,2
rules,2
dreams,2
chronology,2
times,2
neither,2
included,2
professor,2
sharply,2
acknowledging,2
costs,2
already,2
disobedience,2
reports,2
tribunal,2
critiques,2
book,2
attacks,2
coming,2
death,2
available,2
efforts,2
valid,2
treatment,2
fundamental,2
conduct,2
crimen,2
appeared,2
reformed,2
contradict,2
doubt,2
man,2
indictments,2
never,2
validity,2
empire,2
celebrated,2
renaissance,2
necessary,2
material,2
notion,2
classes,2
private,2
discussion,2
campaigns,2
upon,2
helps,2
israel,2
trajectory,2
region,2
persecutions,2
ridiculous,2
seitz,2
enormous,2
minds,2
honorable,2
entirely,2
combining,2
largely,2
assumption,2
encounters,2
curb,2
injustices,2
blâkulla,2
full,2
significance,2
crises,2
modem,2
emphasizing,2
authors,2
b,2
restraint,2
held,2
keep,2
spee,2
started,2
revised,2
spread,2
administrative,2
black,2
lose,2
latter,2
jesuit,2
jurisdiction,2
commentators,2
physician,2
mainly,2
excluded,2
structure,2
southwest,2
we,2
haven,2
attention,2
justice,2
lancre,2
suggest,2
stage,2
suggestion,2
suspected,2
fear,2
begin,2
lines,2
primarily,2
statutes,2
evolution,2
inspired,2
education,2
instances,2
itself,2
unusual,2
joseph,2
considered,2
claims,2
exercised,2
intervened,2
incorporated,2
hell,2
pace,2
symbolic,2
irrationality,2
masses,2
molitor,2
proof,2
each,2
fantasies,2
interpersonal,2
innovations,2
seem,2
international,2
variegated,2
gaar,2
érudits,2
salem,2
historical,2
essentially,2
innumerable,2
works,2
procedural,2
better,2
believed,2
combined,2
whether,2
rose,2
unsuspected,2
ones,2
suspicions,2
attitudes,2
mere,2
ceased,2
dream,2
her,2
institute,2
produce,2
targets,2
socioeconomic,2
providential,2
uniform,2
bostridge,2
subject,2
agents,2
rationale,2
impulses,2
duchy,2
focus,2
trigger,2
phenomenon,2
using,2
maintained,2
isolated,2
cruelty,2
susceptible,2
false,2
question,2
repeal,2
moderate,2
ultimately,2
ulrich,2
argument,2
cosmopolitan,2
twentieth,2
numerous,2
institutional,2
harm,2
judges,2
need,2
gross,2
fools,2
defined,2
folly,2
west,2
hans,2
cardano,2
materialism,2
certainty,2
combination,2
chicago,2
debate,2
william,2
jansenists,2
broader,2
showed,2
final,1
abbot,1
difficult,1
surroundings,1
go,1
miraculous,1
now,1
transportation,1
sigmaringen,1
westbury,1
disobedient,1
done,1
replacing,1
accidents,1
exhibit,1
oriented,1
edge,1
generated,1
tion,1
cohesiveness,1
hauteur,1
tricksters,1
suggested,1
designated,1
ready,1
righteous,1
dangers,1
culminated,1
tory,1
engendered,1
administered,1
extreme,1
jansenist,1
monotheism,1
protestant,1
interventions,1
schism,1
superiority,1
foolishness,1
college,1
fiction,1
ferdinand,1
counteract,1
bile,1
prussia,1
resisting,1
hauptstaatsarchiv,1
propagation,1
alone,1
originating,1
considerably,1
totally,1
lecture,1
pushed,1
disregard,1
linguistic,1
connect,1
forcing,1
furtive,1
catechisms,1
likewise,1
becoming,1
reflection,1
obsolete,1
accomplices,1
replaced,1
utterance,1
lexicon,1
illegal,1
jews,1
myth,1
marianne,1
identify,1
tend,1
essays,1
potions,1
argens,1
advised,1
brujeria,1
referring,1
newark,1
likely,1
live,1
motivation,1
injuries,1
h,1
di,1
contend,1
competence,1
favor,1
park,1
notwithstanding,1
beleaguered,1
decade,1
surreptitious,1
worshippers,1
earnest,1
policy,1
position,1
psychosocial,1
character,1
ian,1
uncountable,1
communion,1
total,1
observing,1
preindustrial,1
nettelsheim,1
revered,1
criticizing,1
summarily,1
eye,1
variety,1
inquisitor,1
annals,1
faiths,1
verdict,1
contact,1
asexual,1
disputed,1
credence,1
efficacy,1
providence,1
exterminate,1
cutting,1
diffusion,1
stress,1
urgency,1
member,1
ambrogio,1
gossip,1
discretion,1
exorcist,1
inc,1
stricture,1
philosophers,1
wirth,1
every,1
revisited,1
venice,1
distinguishing,1
victim,1
entailed,1
give,1
attempts,1
taken,1
restoration,1
concentrated,1
crippled,1
rapid,1
rita,1
conflict,1
worked,1
eventual,1
virulent,1
advanced,1
flowing,1
j,1
poison,1
altering,1
definition,1
confirmed,1
dramatically,1
canon,1
request,1
waxed,1
healings,1
imperviousness,1
idiosyncratic,1
assess,1
broadly,1
together,1
accompanied,1
borders,1
mannerisms,1
desire,1
relegating,1
indulge,1
simple,1
bavaria,1
disenchantment,1
differences,1
confiscation,1
katharine,1
portrayal,1
wave,1
imaginary,1
origin,1
sorcerers,1
bergerac,1
charlatans,1
farther,1
reveal,1
apothecaries,1
satanic,1
delusion,1
hardest,1
princeelector,1
connection,1
entering,1
prevail,1
deemed,1
help,1
unified,1
extrapsychological,1
miracula,1
priest,1
shepherd,1
satire,1
surely,1
suspension,1
tipping,1
climaxing,1
reading,1
readiness,1
committed,1
bolstering,1
behind,1
acquittals,1
attempted,1
bohemia,1
traditionalists,1
apprentice,1
triggered,1
theoretical,1
problematical,1
case,1
eradicate,1
corresponded,1
dissemination,1
barbarity,1
verlag,1
bewitchment,1
roy,1
midsixteenth,1
stretched,1
modify,1
prone,1
causation,1
guidelines,1
firm,1
sexual,1
draw,1
indirectly,1
stigmatized,1
suppress,1
laurent,1
unwary,1
apostates,1
determined,1
politics,1
stance,1
activity,1
condition,1
lavenia,1
burning,1
characterize,1
reaching,1
frias,1
instigators,1
solely,1
alter,1
consciousness,1
fraud,1
pronouncements,1
julian,1
insight,1
richard,1
vital,1
simplicio,1
suny,1
variations,1
inquisitors,1
supervision,1
flatly,1
magistrate,1
asserting,1
resources,1
uncertain,1
cited,1
sociocultural,1
relate,1
dynamic,1
scandal,1
cyrano,1
undoubtedly,1
skeptic,1
himself,1
interviews,1
thoughout,1
benedict,1
letter,1
holland,1
hazard,1
paganism,1
aggression,1
pretended,1
interestingly,1
guilty,1
bill,1
gravity,1
repeatedly,1
complained,1
human,1
punishing,1
sacrilege,1
lorraine,1
andrew,1
includes,1
disreputable,1
wùrttemberg,1
throughout,1
review,1
collapse,1
halted,1
veracity,1
reverse,1
explained,1
weakened,1
rothenburg,1
difficulties,1
copenhagen,1
quality,1
accommodation,1
countless,1
due,1
bailey,1
pursuit,1
steeped,1
author,1
proofs,1
neighbors,1
divine,1
demoniacs,1
regarded,1
ability,1
wiirttembergers,1
deliberation,1
senility,1
establishments,1
br,1
inspiring,1
walter,1
tacit,1
encyclopedia,1
elementary,1
alison,1
codified,1
supremacy,1
kamen,1
admitted,1
narratives,1
vignati,1
taste,1
exercise,1
guided,1
transitional,1
occasioned,1
sustain,1
defense,1
items,1
theorists,1
orig,1
innovation,1
blame,1
forensic,1
hauptstaatsarchive,1
displays,1
burgeoning,1
freed,1
profound,1
back,1
spanned,1
contrary,1
serving,1
modernity,1
extraordinary,1
oxford,1
uneasiness,1
displeasure,1
hutchison,1
ally,1
unchanged,1
ecclesiastical,1
meyfart,1
misleading,1
truly,1
publications,1
admixtures,1
mechanical,1
locales,1
unequivocally,1
ety,1
weight,1
overarching,1
child,1
mirrored,1
climaxed,1
snobbery,1
nonmaterial,1
gegen,1
sorcery,1
rowlands,1
vitriolic,1
traditions,1
helping,1
conducting,1
leadership,1
hexenverfolgung,1
metamorphosis,1
hardly,1
tolerance,1
immunity,1
prosecuting,1
overt,1
competitive,1
continuity,1
guido,1
scholarly,1
zauberei,1
alarm,1
celebrating,1
mechanism,1
juridical,1
escalate,1
delusional,1
higher,1
mechanisms,1
cameron,1
poor,1
denunciation,1
via,1
alive,1
openness,1
disparaged,1
defendant,1
agitation,1
convulsionary,1
hopes,1
without,1
miracle,1
subjected,1
distinction,1
wanting,1
traffic,1
abolished,1
main,1
vanished,1
impetus,1
alonso,1
denmark,1
presupposed,1
illustration,1
aggressive,1
possession,1
astronomy,1
tribunals,1
basic,1
hexerei,1
theater,1
swindlers,1
doctrine,1
policies,1
circles,1
neatly,1
signaled,1
visceral,1
catholics,1
dealt,1
waned,1
neighborhood,1
associate,1
connected,1
françoise,1
expelled,1
michel,1
derived,1
sacrificed,1
parts,1
contributions,1
assuming,1
study,1
matteo,1
holberg,1
practicing,1
xxx,1
consequences,1
scattered,1
factors,1
front,1
moreover,1
risks,1
troublesome,1
webster,1
exceptional,1
privy,1
dinzelbacher,1
understand,1
suppression,1
venerable,1
adopt,1
university,1
lutherans,1
houndsmills,1
languages,1
organized,1
invective,1
mira,1
appreciably,1
slowly,1
entrenched,1
melancholies,1
hotly,1
latin,1
vivid,1
driven,1
threatening,1
days,1
hexen,1
n,1
bordeaux,1
dominate,1
mary,1
restricted,1
xi,1
four,1
miscarriages,1
encyclopédie,1
commented,1
max,1
subliminal,1
origins,1
powerful,1
daston,1
follow,1
calvinist,1
peninsula,1
modeled,1
substantiated,1
arrests,1
circulating,1
queen,1
cost,1
fronts,1
consciousnesses,1
imprisonment,1
appropriations,1
blatant,1
hexenprozesse,1
injustice,1
decriminalize,1
guidance,1
mocking,1
testify,1
trained,1
necessarily,1
drawing,1
myths,1
magia,1
qualities,1
friends,1
opponents,1
avant,1
expressed,1
troubling,1
standards,1
closely,1
cartesianism,1
lead,1
geoffrey,1
identifying,1
memory,1
responsibility,1
questioned,1
abandoning,1
wide,1
legalistic,1
carrying,1
begun,1
rationalist,1
traditionally,1
vincenzo,1
illnesses,1
solved,1
hallucinogenic,1
effort,1
lived,1
conspicuous,1
diabolization,1
events,1
symptoms,1
owen,1
disorders,1
noting,1
melancholy,1
initial,1
philosophical,1
im,1
polemics,1
markets,1
inversion,1
fines,1
academic,1
poisons,1
sentencing,1
irony,1
supporters,1
pointing,1
urgent,1
informed,1
posited,1
stock,1
purge,1
indirect,1
poisonings,1
recently,1
produced,1
suffered,1
accusers,1
scale,1
diatribe,1
handled,1
record,1
fashionable,1
xiv,1
your,1
saving,1
absolute,1
explain,1
hath,1
enjoyed,1
somatic,1
revived,1
repugnant,1
gods,1
benign,1
expressions,1
information,1
criteria,1
expensive,1
undermined,1
exert,1
semiprofessional,1
conservatives,1
keeping,1
theological,1
basis,1
relatives,1
competent,1
future,1
closed,1
revealed,1
xlii,1
noxious,1
mandatory,1
scope,1
pervaded,1
champier,1
received,1
swabian,1
start,1
stiff,1
del,1
cleves,1
significantly,1
london,1
bushaway,1
competing,1
civil,1
flogging,1
knowledge,1
reduction,1
inferiors,1
hume,1
comment,1
penetrating,1
caught,1
criticized,1
dozens,1
approve,1
bible,1
continuation,1
peaked,1
describe,1
fit,1
couched,1
intermediate,1
maleficarum,1
northwest,1
dear,1
alten,1
records,1
relevance,1
giinter,1
mentioning,1
participated,1
angers,1
versus,1
lanham,1
demon,1
emancipation,1
tumultuous,1
call,1
salazar,1
away,1
surrounding,1
systematic,1
resort,1
victimized,1
stanford,1
alan,1
burden,1
interpreted,1
jerouschek,1
markedly,1
following,1
abolish,1
presumption,1
approach,1
cosmic,1
errors,1
launching,1
unmarried,1
citing,1
monetary,1
villager,1
conveyed,1
universalized,1
tone,1
published,1
responses,1
associations,1
discussing,1
sorcellerie,1
tudor,1
normally,1
successful,1
montesano,1
field,1
negligible,1
sympathizers,1
lowest,1
fix,1
theoretically,1
things,1
individualism,1
involve,1
prevalence,1
politically,1
applicability,1
careful,1
emphasizes,1
standpoint,1
disembodied,1
phrase,1
generators,1
emerging,1
insurance,1
repeated,1
specifically,1
calling,1
autonomy,1
sufficient,1
dire,1
feelings,1
adversely,1
components,1
horrible,1
executed,1
deceptiveness,1
staid,1
hebrew,1
uncoerced,1
certainly,1
dramatic,1
notorious,1
massachusetts,1
climate,1
popery,1
latest,1
christendom,1
boundaries,1
barstow,1
mixing,1
tended,1
foremost,1
philip,1
hedegaard,1
core,1
satirical,1
parliament,1
fully,1
condemned,1
doctrines,1
extracted,1
lorenz,1
symbiosis,1
dries,1
regal,1
value,1
provided,1
wolfgang,1
seduced,1
inform,1
sporadic,1
massive,1
meshed,1
bolstered,1
accommodate,1
stephens,1
undiscriminating,1
erik,1
commensurate,1
barbara,1
believers,1
flourished,1
threatened,1
sanctions,1
herein,1
defended,1
therefore,1
eternity,1
san,1
pervasive,1
attfield,1
transform,1
underground,1
georg,1
ramifications,1
metaphysical,1
reformism,1
minor,1
matter,1
nonetheless,1
regulate,1
hillard,1
entitled,1
humanist,1
attributable,1
bringing,1
letters,1
employ,1
britain,1
foibles,1
logically,1
ans,1
short,1
gradual,1
hide,1
synthesis,1
brian,1
myron,1
exclusivity,1
motivated,1
unconscious,1
forward,1
oscar,1
upward,1
reduce,1
monolatry,1
willem,1
thinkers,1
intervention,1
mainstream,1
expanded,1
xl,1
interactions,1
reporting,1
everywhere,1
dictionaire,1
railed,1
tiibinger,1
greed,1
relaxed,1
modes,1
southern,1
hester,1
direction,1
improprieties,1
undergo,1
convictions,1
rené,1
heretics,1
allegations,1
depicted,1
communities,1
simultaneous,1
brainless,1
justifying,1
hugh,1
meanwhile,1
experienced,1
extravagances,1
verfuhrten,1
array,1
east,1
edict,1
technology,1
tenacity,1
formally,1
official,1
protect,1
blécourt,1
birch,1
salutary,1
mersenne,1
reflects,1
assimilation,1
home,1
extravagant,1
commonwealth,1
finders,1
infrastructure,1
perspectives,1
light,1
astrology,1
middleton,1
shifting,1
dropped,1
passions,1
incompetent,1
locality,1
friedrich,1
deliver,1
hartwig,1
dwindled,1
damaged,1
emotional,1
reliance,1
disagreed,1
penalties,1
strata,1
redwald,1
phyllis,1
regrettable,1
declining,1
retired,1
prosecutable,1
protoindustry,1
party,1
resolution,1
resistance,1
name,1
robisheaux,1
rung,1
stronger,1
allure,1
purely,1
christ,1
symptomology,1
bestseller,1
procured,1
printing,1
addition,1
added,1
sônke,1
herbert,1
internalized,1
cultivated,1
communal,1
longer,1
twenty,1
germana,1
idea,1
marker,1
precision,1
limit,1
overwhelming,1
head,1
professed,1
endless,1
occurrence,1
cumulative,1
malign,1
malleus,1
councilor,1
predominant,1
environs,1
impractical,1
witnesses,1
regulation,1
inevitably,1
occultism,1
really,1
classical,1
uncontested,1
reacted,1
creative,1
disconnecting,1
debates,1
contemporary,1
intimated,1
golden,1
considerable,1
fashion,1
pattern,1
diagram,1
triumphed,1
serious,1
anne,1
minister,1
battery,1
rebuke,1
embattled,1
honor,1
refutations,1
ages,1
promoted,1
do,1
intervene,1
bauer,1
model,1
lull,1
raemond,1
developing,1
timing,1
execution,1
vulnerable,1
macfarlane,1
michael,1
less,1
confrontation,1
judith,1
pietists,1
blind,1
focusing,1
deep,1
conducive,1
swing,1
flown,1
quickened,1
feuds,1
bengt,1
books,1
reasoning,1
grave,1
coined,1
gareth,1
shifts,1
free,1
cabalistic,1
idolatry,1
obsession,1
distortions,1
diabolic,1
eminently,1
reginald,1
discourses,1
sheilagh,1
greatest,1
technicality,1
minimizing,1
universally,1
success,1
postcrisis,1
alliance,1
thanks,1
explanation,1
sober,1
prohibition,1
values,1
restrained,1
dispatch,1
reputedly,1
exasperation,1
delicate,1
scatter,1
previously,1
berman,1
supervisory,1
manifestations,1
ruling,1
load,1
curt,1
worship,1
louis,1
sovereignties,1
appalling,1
expression,1
unstated,1
steady,1
enculturation,1
religiously,1
persisted,1
brazen,1
emphasize,1
embarassing,1
factor,1
causes,1
vocabulary,1
academics,1
rare,1
recovery,1
resolved,1
nothing,1
individuals,1
examination,1
protected,1
frame,1
check,1
taboos,1
previous,1
dismissed,1
hardened,1
unwanted,1
theories,1
overturned,1
nevertheless,1
initiatives,1
lessened,1
netherlands,1
roberts,1
rejected,1
bordelon,1
kaspar,1
open,1
margaret,1
plebian,1
peripheral,1
oder,1
agreement,1
points,1
health,1
hutchinson,1
conception,1
defensive,1
admonishments,1
allowed,1
characterized,1
collaboration,1
fellow,1
contributor,1
barrage,1
tubingen,1
ernst,1
salves,1
practiced,1
transforming,1
leventhal,1
offense,1
provides,1
instruction,1
men,1
quick,1
fervent,1
proclaim,1
houndsmill,1
devilish,1
especially,1
sentiment,1
coercive,1
systems,1
trying,1
apostasy,1
secularizing,1
parallel,1
waardt,1
arise,1
exaggeration,1
unconvinced,1
craft,1
correct,1
sight,1
references,1
attribute,1
acquire,1
deliberate,1
scissors,1
laughable,1
james,1
enemies,1
reasonableness,1
seeking,1
recommending,1
probably,1
implication,1
conscience,1
greece,1
attracted,1
ascribe,1
morris,1
prohibitive,1
incontrovertible,1
figures,1
voiced,1
saw,1
relative,1
attend,1
quarterly,1
tenfold,1
medicalization,1
controversial,1
sucker,1
bygone,1
normal,1
pastor,1
animals,1
concluded,1
division,1
decision,1
marin,1
decreased,1
separate,1
dismiss,1
tortured,1
culmination,1
increasing,1
supervising,1
midcentury,1
accepting,1
unstable,1
gutmann,1
wiesner,1
valuable,1
relationship,1
fueled,1
latitudarianism,1
dissociation,1
arc,1
lovers,1
transformations,1
supernaturalism,1
piousness,1
regular,1
provide,1
stearns,1
misbehavior,1
bureaucrats,1
faith,1
sometimes,1
figure,1
crucial,1
earth,1
five,1
imbalance,1
husband,1
defenders,1
plays,1
ideology,1
ministry,1
suggestive,1
claimed,1
roast,1
employment,1
goodare,1
ascribing,1
habsburg,1
insufficient,1
referred,1
insist,1
strongly,1
amoral,1
imposition,1
distorting,1
devlin,1
economists,1
lives,1
philosopher,1
threaten,1
importantly,1
nay,1
originated,1
expert,1
paradigmatic,1
consolidation,1
antiquity,1
firestorm,1
methods,1
accusation,1
construction,1
analysis,1
malnourished,1
fall,1
magik,1
sheds,1
banishment,1
populace,1
respect,1
centres,1
measured,1
scarre,1
citizens,1
get,1
face,1
mirror,1
involuntary,1
figured,1
marquis,1
confessed,1
tantamount,1
meant,1
matters,1
austria,1
merry,1
burned,1
school,1
santa,1
environment,1
stereotyped,1
ignited,1
share,1
seriously,1
wars,1
shadow,1
renouncing,1
spoke,1
bullying,1
judgments,1
protracted,1
reviewing,1
lessons,1
elaborate,1
bayle,1
version,1
circumstances,1
dieter,1
athens,1
extensive,1
devout,1
constituted,1
philological,1
thiessen,1
heterodox,1
committees,1
reinforced,1
known,1
caprices,1
dualistic,1
disapproval,1
besides,1
aggressiveness,1
potency,1
dissipated,1
offers,1
drew,1
sustained,1
jean,1
dualism,1
veneficium,1
defining,1
relaxation,1
dimension,1
latitudinarianism,1
unwashed,1
marina,1
deficiencies,1
offenses,1
stem,1
introducing,1
frequency,1
halt,1
cemetery,1
cultures,1
are,1
exaggerations,1
actuality,1
reversal,1
spontaneous,1
worth,1
verschwinden,1
expanding,1
commission,1
key,1
board,1
gone,1
spilled,1
ubiquitous,1
disillusionment,1
down,1
pietro,1
dependable,1
philosophes,1
current,1
nonmalefic,1
oufle,1
cures,1
followers,1
foundation,1
iii,1
hysteria,1
metaphysics,1
plague,1
cautious,1
peak,1
proved,1
interconnection,1
lampooning,1
cities,1
tracts,1
rural,1
living,1
options,1
weber,1
animal,1
beginning,1
illusions,1
abolishment,1
regulations,1
frauds,1
suffering,1
none,1
virtual,1
defending,1
avoidance,1
automatic,1
abstruse,1
monsieur,1
anymore,1
notable,1
affirm,1
investigation,1
sterzinger,1
telling,1
implicit,1
stability,1
brutal,1
underpinnings,1
whig,1
violent,1
concourse,1
austrian,1
blandishments,1
problem,1
unfold,1
succumb,1
scrupulous,1
ong,1
mentioned,1
rejoinder,1
mandated,1
marginalizing,1
abruptly,1
secure,1
constitutional,1
imperial,1
property,1
indifference,1
resolutely,1
episode,1
agreed,1
tories,1
emphasis,1
hundreds,1
danish,1
art,1
unnoticed,1
unreasonable,1
humors,1
league,1
certainties,1
bodies,1
demonic,1
gatherings,1
possible,1
andrea,1
multiple,1
ill,1
greyerz,1
peace,1
reported,1
staged,1
understanding,1
content,1
wooton,1
unaffected,1
justices,1
naysayers,1
infamous,1
intended,1
transition,1
undermining,1
controls,1
ignorant,1
substance,1
garde,1
target,1
contribute,1
tracing,1
secured,1
mention,1
ensuing,1
goals,1
faculty,1
invoked,1
think,1
refutation,1
decrepit,1
euan,1
our,1
examinations,1
shorter,1
mockery,1
fleece,1
wild,1
incorporeal,1
enthusiasm,1
sectarianism,1
roots,1
categorically,1
chained,1
effectiveness,1
broedel,1
argues,1
prophesies,1
mentalities,1
reveals,1
frontiers,1
generate,1
lands,1
disappear,1
muchembled,1
initiated,1
intensified,1
paradigm,1
internally,1
national,1
scathing,1
trap,1
vigilante,1
ridiculing,1
prolonged,1
approximately,1
include,1
integrated,1
cousening,1
autosuggestion,1
constriction,1
opinions,1
smaller,1
autumn,1
ludvig,1
aristotelian,1
prosperity,1
playing,1
reviving,1
forming,1
area,1
divinatory,1
progressives,1
peripheries,1
mack,1
hereainafter,1
francisco,1
association,1
shift,1
ranged,1
reformation,1
sides,1
roles,1
vi,1
territories,1
contradicted,1
searching,1
potential,1
passages,1
substitute,1
assumed,1
disbelievers,1
meaning,1
conflated,1
regularity,1
supervise,1
russia,1
justify,1
supply,1
succeeded,1
standpoints,1
cline,1
levelheaded,1
enterprise,1
create,1
uncertainty,1
substantial,1
tactic,1
adopted,1
symphorien,1
defusing,1
souls,1
blackstone,1
technological,1
answers,1
observed,1
corporatism,1
should,1
lxii,1
ogilvie,1
attendance,1
signals,1
termed,1
advocating,1
mistaken,1
draft,1
outlawed,1
confrontations,1
household,1
occur,1
minions,1
variwitchcraft,1
hexerie,1
impotent,1
ende,1
