WORDCOUNTS,WEIGHT
the,687
in,335
and,299
of,273
for,247
price,220
prices,179
is,163
hedonic,157
electric,155
to,153
that,134
a,125
motors,111
per,95
productivity,90
are,87
indexes,83
was,83
matched,80
model,70
history,65
on,65
it,63
economic,63
cent,59
by,59
this,55
index,55
period,54
growth,53
current,51
used,50
p,48
as,47
were,45
not,45
with,45
characteristics,44
models,43
be,42
pp,41
constant,39
change,38
quality,36
year,36
years,36
than,35
ict,34
us,34
from,34
motor,33
products,33
however,33
during,33
more,33
there,32
time,32
results,31
one,30
data,30
have,30
labour,29
asea,29
review,28
sweden,28
t,27
industries,27
industry,27
between,27
decreased,26
value,26
table,26
computers,25
been,25
swedish,24
annual,24
society,24
also,24
an,23
changes,23
based,23
manufacturing,23
different,22
machinery,22
method,22
which,22
i,22
if,20
decrease,20
possible,19
dummy,19
average,19
estimated,18
production,18
periods,18
only,18
variable,18
over,18
has,17
n,17
when,17
edquist,16
other,16
these,16
two,16
see,16
very,16
difference,16
at,15
all,15
no,15
moreover,15
r,15
percentage,15
new,15
some,14
many,14
v,14
number,14
lists,14
first,13
j,13
therefore,13
power,13
adjacent,13
differ,13
rapidly,13
while,13
measure,13
increased,13
harald,12
such,12
estimates,12
use,12
berndt,12
according,12
product,12
h,11
total,11
regression,11
implies,11
compared,11
rosen,11
important,11
included,11
increase,11
collected,11
can,11
figure,11
rappaport,11
using,11
rate,10
m,10
large,10
producing,10
may,10
added,10
l,10
section,10
most,10
companies,10
order,10
competition,10
same,10
substantially,10
would,10
high,10
article,10
regressions,10
whether,10
problem,10
each,10
technological,10
tfp,10
major,10
considerably,9
sources,9
dynamo,9
van,9
coefficients,9
impact,9
methodology,9
aspects,9
horsepower,9
but,9
triplett,9
shows,9
match,9
where,9
respectively,9
countries,9
desktop,9
luth,9
jan,9
producer,9
e,8
they,8
bias,8
had,8
thus,8
b,8
voltage,8
handbook,8
example,8
construct,8
electrification,8
mobile,8
do,8
significant,8
function,8
note,8
did,8
historical,8
form,8
include,8
measured,8
difficult,7
library,7
quantities,7
royal,7
sample,7
estimate,7
journal,7
cartel,7
eu,7
stockholm,7
thereby,7
purpose,7
breakthroughs,7
indicates,7
calculate,7
bearings,7
technology,7
or,7
technologies,7
three,7
david,7
general,7
after,7
methods,7
equation,7
kendrick,7
until,7
point,7
much,7
strong,7
does,6
source,6
s,6
ball,6
z,6
speed,6
even,6
their,6
statistical,6
observations,6
bl,6
could,6
motorfabriken,6
trends,6
griliches,6
computer,6
revolution,6
matter,6
others,6
less,6
explanation,6
sold,6
variables,6
points,6
excluded,6
eck,6
crucial,6
equipment,6
mulligen,6
economy,6
theory,6
size,6
level,6
alternating,6
effects,6
defined,6
coefficient,6
maximum,6
among,6
pcs,5
functional,5
presents,5
company,5
differences,5
depending,5
shafts,5
economics,5
x,5
formula,5
development,5
highest,5
reason,5
affect,5
clearly,5
show,5
ljungberg,5
standardized,5
technical,5
its,5
statistics,5
glete,5
employed,5
presented,5
few,5
up,5
f,5
deflators,5
nonetheless,5
about,5
lp,5
gpts,5
longer,5
another,5
electricity,5
eds,5
values,5
factor,5
european,5
continued,5
indicate,5
why,5
then,5
aeg,5
set,5
hqa,5
type,5
person,5
implicit,5
list,5
och,5
both,5
given,5
introduced,5
steam,5
laspeyres,5
evidence,5
france,5
c,5
market,4
agency,4
before,4
being,4
hence,4
ii,4
court,4
those,4
decreasing,4
corresponding,4
econometric,4
perspective,4
output,4
adjust,4
rates,4
main,4
unit,4
process,4
mean,4
similar,4
brand,4
sch,4
producers,4
ppi,4
computed,4
users,4
changed,4
war,4
cannot,4
energy,4
elektromekano,4
exp,4
user,4
correctly,4
elektriska,4
analysed,4
long,4
paasche,4
research,4
world,4
trajtenberg,4
will,4
likely,4
under,4
costs,4
varies,4
decreases,4
variation,4
increases,4
necessary,4
agencies,4
japan,4
ibid,4
investigated,4
improvements,4
netherlands,4
low,4
open,4
kept,4
probable,4
k,4
often,4
exactly,4
effect,4
figures,4
began,4
efficiency,4
analysis,4
any,4
changing,4
here,4
share,4
ratio,4
innovations,4
goods,4
calculations,4
transaction,4
produce,4
information,4
wires,4
approximately,4
instead,4
sectors,4
observed,4
should,4
archives,3
way,3
tion,3
determine,3
introduction,3
inklaar,3
american,3
formed,3
geometric,3
into,3
test,3
consistent,3
might,3
lumber,3
chemicals,3
automobile,3
reasons,3
found,3
take,3
within,3
con,3
takes,3
ark,3
capacity,3
tivity,3
drive,3
measuring,3
taking,3
far,3
quantity,3
exist,3
g,3
characteristic,3
shaft,3
adjustment,3
continuous,3
svenska,3
compare,3
what,3
york,3
hundra,3
how,3
weighted,3
unmatched,3
study,3
white,3
matching,3
uses,3
industri,3
further,3
appears,3
produced,3
applied,3
outside,3
engine,3
well,3
directly,3
basis,3
line,3
minute,3
whole,3
jo,3
personal,3
gear,3
reflect,3
good,3
small,3
gordon,3
electrical,3
still,3
above,3
single,3
ery,3
represents,3
makes,3
marginal,3
siemens,3
ed,3
rise,3
sector,3
mcguckin,3
larger,3
took,3
waugh,3
frequency,3
examples,3
marknadskrafter,3
manufactured,3
unfortunately,3
questions,3
trend,3
actual,3
services,3
previous,3
bresnahan,3
clear,3
indexing,3
so,3
standard,3
oecd,3
constructing,3
pro,3
paris,3
indication,3
states,3
united,3
produc,3
following,3
must,3
paper,3
iii,3
evident,3
priser,3
investigation,3
devine,3
suggests,3
deflation,3
henrekson,3
machin,3
qualitative,3
pair,3
question,3
d,3
second,3
ab,3
meth,2
correlation,2
indicated,2
names,2
volts,2
measures,2
waterworks,2
factories,2
identify,2
zero,2
modern,2
ilo,2
historiska,2
policy,2
fixed,2
necessarily,2
freeman,2
experience,2
allm,2
invention,2
rapid,2
definition,2
textiles,2
advantage,2
together,2
aqaprice,2
able,2
kenskaper,2
depends,2
system,2
case,2
tab,2
primary,2
mass,2
iv,2
moren,2
account,2
determined,2
ar,2
except,2
analyse,2
electromagnetic,2
bekar,2
includes,2
difficulties,2
dynamics,2
relatively,2
consumer,2
occurs,2
machines,2
find,2
weight,2
param,2
communication,2
influence,2
collects,2
interesting,2
tvs,2
without,2
rather,2
performance,2
direct,2
factors,2
heteroskedasticity,2
support,2
means,2
apparel,2
deflate,2
slowly,2
w,2
max,2
resource,2
followed,2
requires,2
engines,2
odology,2
metal,2
view,2
whereas,2
greater,2
result,2
fitted,2
allow,2
ak,2
international,2
eters,2
subjectivism,2
initial,2
base,2
markets,2
equally,2
transistor,2
let,2
nationalr,2
otherwise,2
rubber,2
metals,2
soete,2
closed,2
rubinfeld,2
knowledge,2
overview,2
fit,2
raff,2
imputation,2
own,2
shortcomings,2
errors,2
sverige,2
below,2
suggest,2
around,2
several,2
leather,2
input,2
demand,2
tively,2
short,2
service,2
lipsey,2
innovation,2
collect,2
criticism,2
deflated,2
paradox,2
adjusted,2
publishing,2
accelerated,2
largest,2
industrial,2
noted,2
name,2
stated,2
printing,2
investigates,2
lund,2
break,2
omitted,2
fashion,2
imperfect,2
automobiles,2
discussed,2
en,2
practice,2
throughs,2
respec,2
megabytes,2
discussion,2
made,2
samples,2
crafts,2
empirical,2
food,2
submitted,2
full,2
discovered,2
studie,2
antilog,2
latter,2
lighting,2
especially,2
problems,2
consecutive,2
slightly,2
relative,2
kommerskollegium,2
brown,2
farm,2
relationship,2
perspectives,2
provide,2
inside,2
substitution,2
excluding,2
detailed,2
ster,2
construction,2
ing,2
types,2
investigate,2
comes,2
unweighted,2
known,2
rival,2
constructed,2
carlaw,2
country,2
shares,2
best,2
appendix,2
sellers,2
reliability,2
differed,2
driven,2
closest,2
believed,2
selected,2
induction,2
nna,2
extent,2
ductivity,2
gpt,2
almost,2
revolutions,2
durable,2
com,2
obtain,2
breakthrough,2
covariance,2
aktiebolaget,2
shown,2
rationalization,2
numerous,2
chemical,2
finally,2
pindyck,2
aware,2
manufacturers,2
although,2
indices,2
boveri,2
potential,2
assumed,2
debate,2
substantial,2
little,2
uk,2
showed,2
ments,1
go,1
transportation,1
currently,1
o,1
booms,1
ett,1
common,1
later,1
generated,1
separated,1
mercial,1
resulted,1
repre,1
overstated,1
alone,1
utility,1
germany,1
connect,1
group,1
replaced,1
judged,1
systematically,1
myth,1
manufac,1
picked,1
stone,1
merged,1
ma,1
faraday,1
federal,1
qaprice,1
approaches,1
studies,1
perfect,1
considerations,1
station,1
former,1
comparisons,1
western,1
unlike,1
occurred,1
equations,1
garsington,1
princeton,1
appraisal,1
kockums,1
negative,1
lower,1
combustion,1
permit,1
australia,1
specifically,1
every,1
preceding,1
posed,1
jointly,1
give,1
address,1
advanced,1
available,1
secondary,1
assess,1
estimation,1
convert,1
government,1
ences,1
revival,1
nevertheless,1
subsequent,1
efficiently,1
help,1
achieved,1
improved,1
mind,1
date,1
blackwell,1
raised,1
political,1
commercially,1
ary,1
daniel,1
ducing,1
digital,1
designs,1
similarities,1
ad,1
dr,1
sentative,1
elektrizit,1
paved,1
trans,1
firm,1
incorporate,1
draw,1
right,1
great,1
march,1
apple,1
design,1
misconceived,1
ax,1
recommendations,1
illustrate,1
adopting,1
functions,1
consumers,1
driver,1
shockley,1
internet,1
facilitate,1
disadvantage,1
supply,1
europe,1
rela,1
compa,1
diffused,1
selecting,1
dynamic,1
compares,1
constrained,1
furs,1
rees,1
economies,1
minimum,1
measur,1
measurement,1
handicraft,1
processors,1
technologically,1
eras,1
accuracy,1
estimating,1
esti,1
run,1
calculated,1
past,1
utveckling,1
illustrates,1
tables,1
realized,1
machine,1
adjusting,1
ability,1
adopted,1
logarithmic,1
participating,1
denote,1
century,1
extensively,1
kind,1
explana,1
turn,1
clay,1
underlying,1
times,1
depend,1
amount,1
differently,1
allowing,1
apr,1
unchanged,1
brackets,1
pure,1
publications,1
swiss,1
mates,1
boom,1
waterwheel,1
coal,1
fierce,1
ekonomiska,1
ment,1
christensen,1
storf,1
higher,1
opposed,1
geneva,1
vegetable,1
german,1
ably,1
identification,1
exact,1
square,1
ways,1
developed,1
denmark,1
remain,1
basic,1
represented,1
opportunity,1
pervasiveness,1
earlier,1
certain,1
adjustments,1
variant,1
handicrafts,1
tionship,1
gratefully,1
limitation,1
productive,1
miscellaneous,1
satellites,1
unrestric,1
tekniska,1
downward,1
pared,1
ensure,1
maiden,1
flexibility,1
elektromekaniska,1
organization,1
improvement,1
intensive,1
just,1
differs,1
operate,1
additional,1
textile,1
exceed,1
organisation,1
comparing,1
erroneous,1
processor,1
providing,1
footnote,1
appear,1
cork,1
assessments,1
labourand,1
explanatory,1
closely,1
my,1
acceptable,1
pc,1
introduce,1
volatility,1
inherent,1
called,1
access,1
effort,1
out,1
deal,1
requirements,1
teristics,1
cables,1
feasibility,1
representative,1
fourth,1
equal,1
duced,1
transforma,1
purchased,1
scale,1
guidance,1
al,1
memory,1
because,1
expensive,1
distinguish,1
accounting,1
arrives,1
decides,1
probably,1
ruggles,1
subscripts,1
start,1
servers,1
unless,1
chooses,1
confirms,1
positions,1
criticized,1
literature,1
q,1
place,1
swerling,1
issues,1
broad,1
calculating,1
limita,1
actually,1
unrestricted,1
tative,1
focuses,1
wallander,1
econo,1
seminars,1
savings,1
sions,1
attributed,1
towards,1
either,1
retags,1
creating,1
ratios,1
indicator,1
fulfilled,1
tom,1
electrifi,1
megahertz,1
cellular,1
grow,1
temporary,1
choosing,1
usual,1
impossible,1
always,1
generally,1
inconsiderable,1
progress,1
dependent,1
notes,1
appropriate,1
substituted,1
grateful,1
beverages,1
am,1
actions,1
denned,1
petroleum,1
distin,1
proxy,1
logarithm,1
io,1
annum,1
organisatoriska,1
stigler,1
various,1
impacts,1
corporation,1
acknowledged,1
unstable,1
etc,1
telephones,1
slower,1
make,1
comments,1
suppose,1
selection,1
positive,1
retrieved,1
oxford,1
yet,1
interpretation,1
vs,1
coverage,1
soon,1
wearing,1
quantify,1
official,1
puzzle,1
tn,1
participants,1
pf,1
inventions,1
pioneered,1
tivism,1
unbalanced,1
sales,1
robust,1
turing,1
theasea,1
prishistorisk,1
functioned,1
avoided,1
published,1
useful,1
tries,1
street,1
falling,1
challenge,1
factory,1
experienced,1
financial,1
complementary,1
fact,1
fundamental,1
documents,1
choice,1
rability,1
identical,1
considerable,1
minimize,1
pattern,1
optic,1
brattain,1
serious,1
simple,1
forms,1
patterns,1
overstate,1
behind,1
spain,1
jonas,1
innovative,1
road,1
accepted,1
non,1
relevant,1
michael,1
answer,1
strategies,1
fibre,1
magnus,1
volatile,1
gdp,1
hantverk,1
wood,1
remained,1
fc,1
interpreting,1
multicollinearity,1
original,1
reorganize,1
pooling,1
specifications,1
brady,1
upon,1
voorburg,1
finland,1
findings,1
entirely,1
determining,1
largely,1
assumption,1
resulting,1
automotive,1
hoc,1
specifies,1
chosen,1
struction,1
theoretical,1
involves,1
installed,1
dl,1
reality,1
rap,1
agreement,1
ireland,1
formulas,1
objection,1
co,1
august,1
held,1
construc,1
started,1
characterized,1
like,1
revised,1
cheltenham,1
analysing,1
played,1
obtained,1
accurate,1
last,1
provides,1
represen,1
permitting,1
kendrickj,1
least,1
decide,1
strongly,1
valued,1
annually,1
internal,1
mining,1
paport,1
relation,1
compute,1
structure,1
materialized,1
implication,1
italy,1
parameters,1
invented,1
quarter,1
vector,1
merger,1
metrics,1
increasing,1
applications,1
layouts,1
cmatched,1
equals,1
indicators,1
usually,1
employment,1
quarrying,1
primarily,1
becomes,1
dimensions,1
siderably,1
tive,1
kravis,1
denison,1
try,1
articles,1
mirror,1
unusual,1
eugene,1
waldenstr,1
influencing,1
austria,1
detail,1
school,1
suggestions,1
subjec,1
conclusion,1
version,1
manual,1
simply,1
too,1
addressed,1
precise,1
doi,1
alternative,1
cover,1
know,1
principle,1
econometrics,1
dx,1
par,1
december,1
circumvented,1
unknown,1
returns,1
allied,1
foundation,1
particularly,1
pcft,1
associated,1
reflected,1
u,1
merely,1
turned,1
forecasts,1
explanations,1
abb,1
strained,1
them,1
terms,1
ones,1
making,1
references,1
maintain,1
inputs,1
bardeen,1
weights,1
argued,1
institute,1
require,1
notebooks,1
listed,1
contain,1
categories,1
boston,1
bought,1
helpman,1
furniture,1
ill,1
disparate,1
became,1
role,1
yearly,1
ram,1
giving,1
tried,1
step,1
matches,1
jun,1
divided,1
equipped,1
definitions,1
decreas,1
firms,1
tions,1
our,1
named,1
susceptible,1
disadvantages,1
hedelius,1
chained,1
differentiation,1
maskell,1
ignored,1
electronic,1
cambridge,1
mutual,1
similarity,1
allgemeine,1
frame,1
intro,1
applicable,1
inpis,1
correlated,1
usa,1
cation,1
glass,1
manually,1
attributes,1
tobacco,1
shift,1
classification,1
summary,1
vi,1
offered,1
charac,1
specific,1
plethora,1
mccarthy,1
consisted,1
vary,1
chicago,1
guish,1
fabricated,1
conclu,1
built,1
termed,1
perception,1
thorough,1
