WORDCOUNTS,WEIGHT
the,999
of,705
and,361
in,314
a,264
to,254
was,146
for,122
that,114
anarchist,110
as,88
on,85
it,83
an,79
were,76
his,65
de,63
with,63
by,59
they,58
he,56
this,55
terrorism,50
france,49
paris,48
political,47
these,47
who,46
anarchism,46
at,44
their,44
anarchists,44
social,44
french,44
s,43
is,43
be,43
not,40
le,38
but,37
had,36
society,35
see,35
la,35
trial,34
there,32
intellectual,32
ideas,30
from,28
one,27
history,27
intellectuals,27
bataille,26
new,26
have,26
how,25
all,24
or,24
are,24
explained,23
l,23
more,23
over,23
up,22
causes,22
journal,21
et,21
criminelles,20
politics,20
out,20
anarchy,20
which,20
what,20
i,19
les,19
education,19
debate,19
terror,18
crime,18
make,18
law,18
john,18
than,17
wrote,17
we,17
them,17
d,17
against,16
violence,16
moral,16
men,16
vaillant,16
years,16
walker,15
henry,15
des,15
has,15
some,15
would,15
no,15
most,15
republic,15
upon,15
crimes,15
jury,14
imaginary,14
ravachol,14
anarchiste,14
bomb,14
commentators,14
been,14
gouzer,14
march,14
question,14
figaro,13
emile,13
laws,13
just,13
public,13
found,13
cultural,13
part,13
made,13
explanation,13
can,13
criminal,13
proal,13
dangerous,13
product,13
young,12
third,12
lindh,12
war,12
winter,12
only,12
fin,12
august,12
so,12
saw,12
often,12
anarchie,12
terrorists,12
berard,11
government,11
view,11
dynamite,11
siecle,11
attacks,11
story,11
december,11
did,11
thirty,11
archives,10
into,10
source,10
blame,10
deputies,10
york,10
sonn,10
bombs,10
writers,10
its,10
place,10
responsibility,10
also,10
man,10
criminelle,10
youth,10
crisis,10
between,10
among,10
should,10
common,9
may,9
support,9
psychologie,9
maitron,9
politique,9
grave,9
criminals,9
anthropologie,9
after,9
prosecutor,9
set,9
image,9
turned,9
day,9
press,9
garraud,8
group,8
lombroso,8
take,8
cited,8
guilty,8
such,8
century,8
response,8
argued,8
shape,8
work,8
terrorist,8
discussions,8
two,8
debates,8
judge,8
defense,8
newspapers,8
justice,8
decision,8
jean,8
when,8
fears,8
much,8
if,7
will,7
american,7
nature,7
wave,7
conservative,7
case,7
sought,7
bombings,7
mass,7
richard,7
point,7
rather,7
observers,7
provocation,7
mouvement,7
too,7
threat,7
important,7
even,7
example,7
around,7
world,7
like,7
jules,7
above,7
about,7
repression,7
under,7
many,7
idea,7
took,7
louis,7
nothing,7
individuals,7
him,7
science,7
you,7
exceptional,7
army,7
life,7
chamber,7
croix,7
quoted,7
february,7
psychology,7
belle,7
sur,7
offered,7
charles,7
zola,6
before,6
du,6
first,6
taken,6
could,6
religion,6
influences,6
those,6
far,6
left,6
general,6
alexandre,6
politicians,6
democratic,6
aftermath,6
international,6
anxieties,6
haven,6
appetites,6
week,6
t,6
socialist,6
few,6
actions,6
epoque,6
action,6
indeed,6
same,6
ed,6
noted,6
paul,6
others,6
death,6
pointed,6
artists,6
treatment,6
criminalite,6
do,6
execution,6
taliban,6
own,6
times,6
especially,6
carried,6
bon,6
face,6
here,6
tarde,6
liberal,6
explanations,6
making,6
eisenzweig,6
problem,6
bourgeois,6
went,6
our,6
false,6
anarchistes,6
association,6
campaign,6
early,6
later,5
revue,5
murder,5
modern,5
nineteenth,5
said,5
sources,5
boilley,5
great,5
mind,5
police,5
turn,5
served,5
born,5
focused,5
study,5
bad,5
days,5
followed,5
opinion,5
effort,5
events,5
punishment,5
late,5
affair,5
broad,5
away,5
minds,5
good,5
sense,5
innocent,5
brought,5
barrows,5
culture,5
power,5
put,5
end,5
notion,5
presiding,5
threw,5
where,5
off,5
class,5
berkeley,5
very,5
passed,5
both,5
must,5
november,5
writing,5
spring,5
faure,5
news,5
little,5
democracy,4
explosion,4
way,4
meaning,4
ready,4
college,4
trans,4
feneon,4
large,4
second,4
authority,4
cafe,4
easily,4
sure,4
interests,4
hatred,4
words,4
reading,4
killed,4
victims,4
himself,4
labor,4
penalty,4
disorder,4
arrested,4
moment,4
dreyfus,4
insisted,4
dubbed,4
kind,4
profound,4
http,4
find,4
critique,4
influence,4
perfect,4
without,4
act,4
ways,4
centered,4
assassination,4
cesare,4
old,4
expressed,4
my,4
based,4
societies,4
called,4
crowd,4
radical,4
parisian,4
struggles,4
further,4
produced,4
cannot,4
placed,4
explain,4
well,4
line,4
literature,4
county,4
london,4
gave,4
collective,4
rene,4
legislation,4
president,4
accused,4
revolution,4
order,4
involved,4
small,4
june,4
executed,4
incitation,4
movement,4
religious,4
examined,4
wake,4
thought,4
albert,4
essential,4
leauthier,4
theorist,4
larger,4
contemporary,4
surrounding,4
hand,4
books,4
number,4
free,4
described,4
three,4
sentiment,4
working,4
attention,4
marin,4
liberalism,4
me,4
fear,4
begin,4
institutions,4
peril,4
villainous,4
analysis,4
school,4
then,4
jurists,4
socialists,4
capital,4
evident,4
nye,4
violent,4
temps,4
given,4
tried,4
au,4
cambridge,4
criminologists,4
evidence,4
socialism,4
carr,4
era,4
images,4
asked,4
go,3
commentary,3
told,3
elaborated,3
pierre,3
republique,3
studies,3
laid,3
recently,3
long,3
every,3
parliamentary,3
path,3
j,3
together,3
thank,3
court,3
help,3
failures,3
last,3
precisely,3
raised,3
robert,3
committed,3
context,3
british,3
right,3
account,3
helpful,3
newsweek,3
historical,3
symbolist,3
review,3
poetry,3
envy,3
walter,3
madness,3
susanna,3
individual,3
deeds,3
bulot,3
look,3
circled,3
word,3
poorly,3
lyon,3
homegrown,3
failed,3
interesting,3
etudes,3
bombers,3
granted,3
auguste,3
similar,3
danger,3
bomber,3
suspicious,3
understand,3
want,3
wanted,3
ses,3
contemporaries,3
four,3
show,3
arrests,3
theft,3
came,3
societe,3
hands,3
pass,3
state,3
poisons,3
though,3
bore,3
surrounded,3
xiv,3
masculinity,3
because,3
failure,3
carnot,3
women,3
felix,3
people,3
us,3
personal,3
nor,3
project,3
utopies,3
responses,3
kropotkin,3
clemenceau,3
barres,3
generally,3
doctrines,3
republican,3
led,3
matter,3
various,3
economic,3
april,3
haymarket,3
july,3
literati,3
once,3
yet,3
interpretation,3
read,3
god,3
picture,3
fire,3
challenge,3
again,3
trois,3
efforts,3
foules,3
extenuating,3
beliefs,3
documents,3
reform,3
time,3
never,3
present,3
sophism,3
en,3
forth,3
published,3
understanding,3
lost,3
enormous,3
questions,3
clear,3
directed,3
essay,3
pride,3
homes,3
become,3
institution,3
destruction,3
gustave,3
european,3
wooster,3
months,3
panama,3
contre,3
circumstances,3
physical,3
mirrors,3
outcome,3
crowds,3
sociales,3
down,3
propaganda,3
universal,3
cities,3
dreamers,3
whether,3
accounts,3
produce,3
hundreds,3
sentenced,3
art,3
through,3
altogether,3
role,3
easy,3
tell,3
difference,3
brain,3
caserio,3
potential,3
distorting,3
weber,3
jeff,3
characters,3
immediately,3
prison,3
taylor,3
fictions,3
showed,3
sebastien,3
wolves,2
summed,2
difficult,2
battlefield,2
struggle,2
page,2
declared,2
dagger,2
scholar,2
grappled,2
dangers,2
deserve,2
fiction,2
revolutionary,2
e,2
introduction,2
germany,2
fouillee,2
gaubert,2
amnesty,2
complex,2
hate,2
mirbeau,2
expression,2
kinds,2
schools,2
true,2
pressing,2
position,2
western,2
fixed,2
petite,2
something,2
relativism,2
strikes,2
matin,2
calmeilles,2
guesde,2
journalism,2
either,2
wrong,2
victim,2
give,2
vols,2
might,2
sunday,2
liberty,2
laughter,2
company,2
immense,2
book,2
europe,2
scientists,2
leading,2
disordered,2
assertion,2
simple,2
ephemeral,2
reveal,2
onto,2
exalted,2
debt,2
maurice,2
trouble,2
respond,2
reserved,2
ernest,2
issue,2
shelby,2
alfred,2
compagnons,2
sects,2
representations,2
italian,2
opened,2
leniency,2
foyot,2
say,2
cornelius,2
loudly,2
scandal,2
forged,2
collection,2
inciting,2
human,2
conflict,2
central,2
andrew,2
deux,2
palais,2
montreal,2
bourget,2
health,2
machine,2
sociale,2
machelon,2
corner,2
interest,2
mixed,2
honest,2
concierge,2
cases,2
developments,2
perspective,2
back,2
deed,2
body,2
ithaca,2
modernity,2
vimaginaire,2
thin,2
explosions,2
theoreticians,2
weight,2
label,2
demonstration,2
deeply,2
secularism,2
handful,2
van,2
rights,2
operation,2
diagnosis,2
town,2
commune,2
destroy,2
troubled,2
edward,2
square,2
responded,2
parents,2
opportunity,2
legal,2
talk,2
direct,2
witness,2
white,2
lay,2
bach,2
psychological,2
soul,2
suppression,2
sectes,2
romantic,2
shaya,2
scelerates,2
gallo,2
familiar,2
revolutionaries,2
literary,2
threatening,2
weak,2
age,2
orientation,2
follow,2
restaurant,2
injustice,2
m,2
conflicts,2
character,2
laziness,2
lead,2
blamed,2
appearance,2
p,2
germinal,2
treason,2
energetic,2
bombing,2
francisco,2
interpretations,2
exceptions,2
equally,2
poverty,2
rousseau,2
sentence,2
grounds,2
steele,2
democratization,2
spiritual,2
lyons,2
andre,2
wide,2
princeton,2
directly,2
sounded,2
readability,2
already,2
heart,2
delafosse,2
positions,2
criticized,2
ten,2
dozens,2
policemen,2
special,2
during,2
tumultuous,2
forces,2
justification,2
stanford,2
won,2
lourdes,2
sadi,2
camille,2
victoroff,2
presented,2
excuse,2
next,2
contrast,2
degeneracy,2
rushed,2
discourse,2
quite,2
family,2
affluent,2
spanish,2
weighty,2
acts,2
dramatic,2
jensen,2
commission,2
progress,2
st,2
acte,2
roots,2
despite,2
scandals,2
prosecutors,2
rotten,2
seemed,2
appeal,2
esp,2
proxy,2
critics,2
ramifications,2
lunivers,2
minor,2
observations,2
variety,2
fathom,2
faith,2
gabriel,2
hyperbole,2
octave,2
expansion,2
subversive,2
revolt,2
thinkers,2
comments,2
railed,2
boy,2
riches,2
criminalizing,2
biological,2
approaches,2
oxford,2
criticism,2
sympathies,2
rubric,2
makes,2
chalked,2
evil,2
kedward,2
neither,2
sociological,2
mystiques,2
wrongdoings,2
lament,2
department,2
misery,2
useful,2
lee,2
street,2
name,2
deserves,2
stripes,2
addition,2
mourante,2
fact,2
hommes,2
stories,2
coincidence,2
head,2
explosives,2
warning,2
discussed,2
sullivan,2
psychologists,2
wounding,2
journalists,2
secular,2
empire,2
hated,2
coincided,2
spoke,2
invitation,2
eds,2
threats,2
pitzer,2
wrapped,2
another,2
thousands,2
private,2
divided,2
father,2
laqueur,2
disease,2
skepticism,2
background,2
restrictions,2
treated,2
range,2
values,2
pathology,2
owe,2
looking,2
intoxicating,2
host,2
prochasson,2
francis,2
morality,2
pamphlets,2
nationalism,2
full,2
eight,2
theories,2
rejected,2
distortion,2
modem,2
anxiety,2
michel,2
peter,2
dominique,2
workers,2
christopher,2
georges,2
harris,2
period,2
features,2
played,2
course,2
infernal,2
prosecution,2
article,2
systems,2
trying,2
eyes,2
enjoyed,2
james,2
enemies,2
cafes,2
implication,2
hopes,2
diseased,2
genesis,2
kalifa,2
anarchisme,2
window,2
gaunier,2
besancon,2
suspected,2
male,2
success,2
un,2
indiscriminate,2
force,2
began,2
worse,2
insistence,2
kill,2
surprising,2
abetting,2
poets,2
hearts,2
authorities,2
fifteen,2
terrible,2
following,2
series,2
conclusion,2
roux,2
peoples,2
ve,2
painting,2
known,2
sieck,2
christophe,2
eleven,2
dynamiters,2
country,2
confident,2
historians,2
seem,2
partisans,2
alexander,2
republicanism,2
wall,2
erickson,2
mondes,2
post,2
iii,2
hysteria,2
degenerates,2
histoire,2
privileged,2
guillotined,2
identities,2
caricature,2
merely,2
better,2
concrete,2
specter,2
defend,2
didn,2
terms,2
aiding,2
rebellion,2
libertes,2
theory,2
dream,2
glorification,2
mondaines,2
agreed,2
emphasis,2
freedom,2
middle,2
daughton,2
gratitude,2
thorough,2
boston,2
level,2
lois,2
code,2
city,2
gerard,2
lies,2
subculture,2
lesson,2
think,2
prepared,2
castoriadis,2
suffrage,2
devoted,2
argument,2
birth,2
abbe,2
socialismes,2
readings,2
hamel,2
national,2
washington,2
offer,2
land,2
constructed,2
writer,2
discounted,2
fourmies,2
hugues,2
certainty,2
chicago,2
upbringing,2
thieves,2
recent,2
daughter,2
courts,1
countryside,1
frequent,1
does,1
quotidienne,1
silverman,1
helped,1
produces,1
agitations,1
clichy,1
done,1
antoine,1
stain,1
significant,1
accomplish,1
neutral,1
since,1
fathers,1
unflinching,1
bookshelf,1
edge,1
obey,1
generous,1
stood,1
suggested,1
poeticizing,1
truth,1
culminated,1
market,1
grievous,1
widening,1
revolver,1
gaonkar,1
ferdinand,1
trotted,1
prussia,1
red,1
reigning,1
epidemic,1
preach,1
diagnose,1
obsessed,1
string,1
plainly,1
sphere,1
church,1
conversion,1
center,1
needed,1
partie,1
replaced,1
lazare,1
psychologies,1
telling,1
essays,1
mankind,1
nouveau,1
lasci,1
songs,1
formed,1
otherness,1
gabfest,1
indiscriminately,1
english,1
bouchard,1
h,1
palpably,1
protestation,1
sinister,1
martyrdom,1
union,1
formules,1
sabotaging,1
park,1
download,1
scarred,1
january,1
considerations,1
beleaguered,1
spirit,1
decade,1
hair,1
trace,1
smete,1
servitude,1
afghanistan,1
prefect,1
tome,1
boulevard,1
gamble,1
cured,1
painters,1
equality,1
regime,1
uses,1
debora,1
limits,1
edu,1
contested,1
martyrs,1
eye,1
humanities,1
roanne,1
reich,1
turning,1
subscription,1
laura,1
spit,1
parenting,1
disturbances,1
experience,1
pundits,1
being,1
disgraced,1
member,1
cast,1
thematiq,1
wrongdoing,1
explaining,1
provision,1
www,1
stabilization,1
sympathizers,1
brigands,1
humble,1
hence,1
nostalgic,1
caroline,1
suburbs,1
preceding,1
disagreement,1
clerkship,1
dossiers,1
bourses,1
ii,1
fund,1
chaos,1
military,1
yours,1
attempt,1
develops,1
articulate,1
worked,1
emerged,1
shortage,1
dreams,1
england,1
seems,1
parties,1
protests,1
equivocation,1
affirmed,1
unjust,1
eruption,1
principles,1
cartoon,1
secondary,1
lour,1
broadly,1
ecrivains,1
generalize,1
informer,1
desire,1
feminism,1
gradual,1
sang,1
critic,1
centering,1
raforum,1
indifferent,1
nineteen,1
aesthetic,1
morain,1
link,1
launched,1
room,1
misled,1
patsouras,1
products,1
vices,1
reproduction,1
incite,1
deemed,1
foisting,1
emblem,1
half,1
search,1
damage,1
pressense,1
strain,1
skull,1
written,1
imprinted,1
priest,1
universite,1
bismarck,1
principal,1
opposite,1
california,1
physiognomy,1
behind,1
credibility,1
daniel,1
treatments,1
sommes,1
complicite,1
papers,1
tragedy,1
explosive,1
citizenship,1
misfortune,1
system,1
nowhere,1
proscribes,1
side,1
empty,1
fortune,1
globe,1
encumber,1
ascribed,1
entente,1
brief,1
pretext,1
lest,1
forthcoming,1
duree,1
fruit,1
plain,1
criminalized,1
stretched,1
beaurepaire,1
key,1
mysteries,1
publiques,1
money,1
beard,1
guidelines,1
matthew,1
primary,1
spectrum,1
beth,1
discontent,1
correspondents,1
lemire,1
stepped,1
chapter,1
shrill,1
indirectly,1
vol,1
suicide,1
howard,1
possible,1
marked,1
warner,1
instincts,1
temperance,1
shared,1
slight,1
drive,1
qaeda,1
election,1
foreigners,1
intellectuelle,1
terminus,1
bibliography,1
petersburg,1
fine,1
vanity,1
invited,1
mental,1
morale,1
combination,1
radicals,1
variations,1
x,1
rorschach,1
ingraham,1
eliminating,1
rage,1
eliminated,1
exchanges,1
loosely,1
politician,1
chart,1
persecuted,1
permissive,1
artic,1
afghani,1
plenty,1
todd,1
parquets,1
info,1
laboratories,1
behavior,1
pursuing,1
framework,1
karen,1
optimism,1
repeatedly,1
punishing,1
thus,1
throughout,1
regularly,1
language,1
merchants,1
famously,1
antony,1
mine,1
difficulties,1
raided,1
dejeuner,1
utopian,1
quality,1
reject,1
utter,1
due,1
demanded,1
visited,1
tables,1
september,1
author,1
divine,1
lectures,1
disappointed,1
criminality,1
characteristic,1
montceau,1
dozen,1
madmen,1
subdue,1
storehouse,1
brother,1
relations,1
ferrer,1
lanarchiste,1
fratricidal,1
club,1
assassins,1
excuses,1
feb,1
consultation,1
relatively,1
restore,1
admission,1
struggled,1
media,1
unhealthy,1
stained,1
masters,1
privilege,1
pdf,1
johnny,1
fremion,1
courtroom,1
senate,1
held,1
taste,1
guided,1
roche,1
chez,1
santo,1
gun,1
bertillon,1
lending,1
theorists,1
orig,1
amended,1
revues,1
approved,1
unspeakable,1
illogic,1
contrary,1
highest,1
consumer,1
handmaidens,1
listened,1
difficulty,1
radio,1
repress,1
poem,1
yves,1
cohen,1
spin,1
warned,1
bonds,1
testimony,1
conspiracy,1
blouse,1
student,1
mauclair,1
designed,1
skirmishes,1
tout,1
details,1
citizen,1
graced,1
venita,1
varias,1
whets,1
savage,1
marx,1
aubery,1
weakness,1
radicalisme,1
sensations,1
unfortunate,1
sincere,1
panned,1
confluence,1
jurist,1
gravitate,1
scoundrels,1
mechanisms,1
civilization,1
sixteen,1
online,1
hero,1
topic,1
defendant,1
heroism,1
russian,1
acid,1
exact,1
camp,1
distinction,1
bring,1
disquiet,1
magnard,1
stricter,1
aimed,1
elaboration,1
across,1
stop,1
debated,1
joan,1
secrets,1
landscape,1
sorely,1
irwin,1
cynical,1
physiologies,1
longest,1
doctrine,1
capture,1
presentation,1
crocq,1
loomed,1
active,1
killing,1
goes,1
disheveled,1
earlier,1
connected,1
lmaginaries,1
humanity,1
importance,1
grew,1
certain,1
mesmerism,1
etat,1
proffered,1
criminologist,1
ongoing,1
shrift,1
benjamin,1
intemperance,1
roussel,1
jesuit,1
pages,1
spectators,1
symbols,1
lacking,1
offering,1
lawyer,1
republicans,1
consequences,1
factors,1
front,1
precious,1
moves,1
kneeling,1
pleasures,1
decadence,1
raymond,1
wash,1
means,1
rising,1
brunswick,1
serve,1
deputes,1
rumors,1
circulated,1
vnivers,1
crackdown,1
debats,1
marks,1
foundering,1
university,1
baltimore,1
entry,1
feminine,1
sorts,1
colonialism,1
literally,1
louise,1
argues,1
bit,1
berry,1
dynamiteurs,1
popularizing,1
latin,1
proved,1
section,1
driven,1
withers,1
dislodge,1
mercure,1
argent,1
platitudes,1
air,1
halo,1
mary,1
articulated,1
remaking,1
downs,1
egregious,1
tsar,1
jousseaume,1
solid,1
looser,1
companions,1
ask,1
heading,1
origins,1
powerful,1
diatribes,1
quarantined,1
beyond,1
bender,1
notions,1
reporting,1
consequence,1
stark,1
madame,1
punishable,1
radicalization,1
harsher,1
painted,1
forehead,1
imprisonment,1
instance,1
visibly,1
permanent,1
cyvoct,1
destructive,1
odd,1
dominant,1
weighed,1
projected,1
etude,1
pity,1
mer,1
footnote,1
appear,1
lisa,1
disappeared,1
artistic,1
causation,1
annees,1
attempting,1
greater,1
worries,1
arrived,1
standards,1
gregory,1
result,1
remembered,1
whom,1
encourage,1
identifying,1
unfolding,1
birnbaum,1
recipes,1
fortunes,1
medicine,1
carrying,1
charlatans,1
insanity,1
devastation,1
speeches,1
tribunal,1
ambitions,1
attack,1
baton,1
centers,1
inkblots,1
curiosity,1
compassion,1
symptoms,1
peuple,1
worker,1
insisting,1
halperin,1
captured,1
vigorous,1
philosophical,1
base,1
upscale,1
disruptive,1
ulcer,1
lent,1
repudiate,1
reqional,1
circulation,1
misfit,1
dilip,1
supporters,1
understood,1
hirshman,1
viewpoints,1
durham,1
healthy,1
rootless,1
gare,1
viewed,1
cassation,1
population,1
applied,1
intelligent,1
indirect,1
tarred,1
excellent,1
gupta,1
publications,1
fashionable,1
however,1
cheating,1
gouzien,1
judicial,1
absolute,1
electriques,1
shouting,1
repugnant,1
triumph,1
gods,1
died,1
dror,1
oh,1
balance,1
libertarian,1
unraveled,1
cerebraux,1
marie,1
lhistoire,1
jim,1
christianity,1
animated,1
conservatives,1
parable,1
espionage,1
network,1
manhood,1
ler,1
future,1
accounting,1
relief,1
revealed,1
francs,1
residents,1
encre,1
priesthood,1
circumstantial,1
conjured,1
start,1
carry,1
nine,1
drifter,1
voted,1
imagined,1
r,1
prompted,1
combating,1
insubordination,1
uncover,1
drew,1
cleaning,1
jha,1
luce,1
related,1
journals,1
stores,1
caught,1
libertaires,1
reminded,1
got,1
year,1
roll,1
sorrow,1
tale,1
database,1
editorial,1
overtly,1
issues,1
partly,1
constitute,1
sheehan,1
groveling,1
officers,1
scare,1
call,1
elegant,1
believes,1
waldeck,1
savings,1
horizon,1
visions,1
rendered,1
saddening,1
kennedy,1
weeks,1
count,1
tolerance,1
manifestation,1
josephine,1
subtle,1
asymmetries,1
downtrodden,1
offences,1
solution,1
least,1
commerce,1
ruinous,1
caused,1
blin,1
mephistophelean,1
below,1
anger,1
diminish,1
acquitting,1
backgrounds,1
imaginaries,1
theoretically,1
things,1
noisy,1
alcoholic,1
preachers,1
poet,1
generation,1
television,1
throwback,1
sharp,1
ward,1
akhil,1
repeated,1
reporter,1
rearick,1
several,1
oct,1
endowed,1
driving,1
highly,1
revealing,1
bottle,1
grow,1
assimilate,1
disaster,1
subsided,1
notorious,1
traitor,1
research,1
koenigstein,1
suddenly,1
petition,1
concluded,1
resonant,1
impossible,1
panarchisme,1
ancestors,1
vein,1
always,1
revoke,1
condemned,1
former,1
etmondaines,1
quesnay,1
datta,1
posed,1
pays,1
degeneration,1
marching,1
periode,1
appropriate,1
tiersten,1
newly,1
searches,1
bandits,1
lincoln,1
finds,1
moved,1
miserable,1
grasp,1
longue,1
shocked,1
champion,1
lend,1
official,1
hermit,1
chalk,1
caillaux,1
battle,1
hosts,1
defended,1
counteract,1
belgium,1
educator,1
pilgrims,1
san,1
timeless,1
likely,1
rogue,1
attorneys,1
libya,1
absence,1
client,1
entitled,1
swallowing,1
bringing,1
wahrman,1
unleash,1
scientific,1
identified,1
ire,1
short,1
gender,1
comparative,1
dressed,1
return,1
tide,1
released,1
repentant,1
eminent,1
prospered,1
commit,1
forain,1
prevailing,1
beware,1
hutton,1
prove,1
whatever,1
suggestion,1
still,1
harry,1
drink,1
strife,1
vanarchisme,1
indignation,1
petit,1
artist,1
suppose,1
surveyed,1
mme,1
zeal,1
kills,1
vie,1
powerfully,1
goers,1
comforting,1
spoken,1
brow,1
arson,1
communard,1
vanarchisms,1
partisan,1
floods,1
reference,1
outlining,1
pozefsky,1
security,1
repressive,1
sociologists,1
alongside,1
spiritism,1
sensationalism,1
inspiration,1
geste,1
challenged,1
beneficiaries,1
selective,1
index,1
recruited,1
perceived,1
today,1
assimilation,1
included,1
home,1
falsity,1
falls,1
islam,1
assistance,1
complete,1
aux,1
powder,1
repercussions,1
demonstrates,1
al,1
lifetime,1
upright,1
veritable,1
narratives,1
jaw,1
gary,1
algeria,1
reports,1
crenshaw,1
moments,1
assimilated,1
guerin,1
inheritance,1
journalist,1
fill,1
fix,1
subjective,1
eugenia,1
worst,1
members,1
organizations,1
resolution,1
leader,1
lewis,1
recall,1
tour,1
boulanger,1
comfortable,1
festivity,1
other,1
delits,1
greasy,1
comparison,1
gripped,1
obsessively,1
request,1
jane,1
strike,1
muslims,1
mark,1
toward,1
approaching,1
conceived,1
cable,1
intellect,1
added,1
projects,1
proof,1
dwelled,1
blip,1
release,1
anecdotal,1
herbert,1
souvarine,1
dissatisfactions,1
shows,1
expose,1
aldershot,1
cour,1
bourgeoisie,1
materialist,1
appeared,1
abstract,1
flimsy,1
demonstrations,1
avrich,1
inevitably,1
symbolisme,1
occultism,1
children,1
educated,1
philistines,1
oneself,1
barton,1
tours,1
envisioning,1
quelques,1
personality,1
arnaud,1
dwardmac,1
everything,1
doubt,1
reckoned,1
charges,1
travail,1
workman,1
technique,1
proaps,1
monroe,1
serious,1
starvation,1
inquired,1
honor,1
depopulation,1
blogosphere,1
ressources,1
forms,1
outside,1
winock,1
insane,1
drove,1
ground,1
codes,1
remarkable,1
pensee,1
hoodlums,1
covered,1
influential,1
discussing,1
deceptive,1
couldn,1
understandings,1
purposes,1
effets,1
refrain,1
flattered,1
receives,1
desfoules,1
karl,1
secularizing,1
celebrated,1
suburb,1
michael,1
flesh,1
answer,1
until,1
provocations,1
council,1
kaiser,1
duties,1
necessary,1
deep,1
mystics,1
perhaps,1
woman,1
utopians,1
reasoning,1
mercy,1
ink,1
unleashing,1
wispy,1
gives,1
reconciled,1
shifts,1
complicated,1
outlines,1
grotto,1
civilized,1
answers,1
clemency,1
autobiography,1
able,1
surkis,1
trait,1
classes,1
baal,1
greatest,1
murders,1
diverse,1
kathleen,1
extended,1
vast,1
theirs,1
sanguinary,1
clients,1
ecstasy,1
intimate,1
session,1
astray,1
examples,1
iois,1
currents,1
sober,1
prohibition,1
randall,1
denounced,1
represented,1
culpability,1
flaw,1
loud,1
writings,1
alas,1
including,1
backed,1
distinctly,1
apology,1
lanarchie,1
illumination,1
elite,1
identity,1
top,1
wound,1
thriving,1
hijack,1
poisoners,1
waste,1
enduring,1
skeptical,1
argentina,1
illusion,1
largely,1
echos,1
misguided,1
univers,1
congress,1
smoothly,1
devour,1
bitter,1
visual,1
disheartened,1
examination,1
previous,1
literate,1
advantages,1
rouge,1
theoretical,1
roberts,1
anthology,1
attraction,1
defect,1
low,1
open,1
significance,1
crises,1
cameras,1
infamy,1
margaret,1
truths,1
loi,1
provoked,1
reality,1
outre,1
frustrated,1
authors,1
publication,1
express,1
frighten,1
agreement,1
points,1
soldiers,1
dominated,1
lady,1
logic,1
counter,1
uprisings,1
radar,1
firearm,1
infamously,1
blarney,1
riot,1
allowed,1
characterized,1
montsou,1
balanced,1
summer,1
fr,1
geronimo,1
high,1
collected,1
rhetoricians,1
herculean,1
counted,1
manufacturers,1
anyone,1
keen,1
prescription,1
black,1
rank,1
claudius,1
contributions,1
instruction,1
imagination,1
spent,1
quick,1
gallery,1
decazeville,1
wasn,1
loubat,1
sandy,1
conclusions,1
pleasing,1
satisfy,1
incapable,1
accusing,1
parallel,1
beady,1
unaccompanied,1
eloquent,1
judges,1
responsible,1
guillaume,1
sight,1
emphasized,1
suffers,1
declare,1
confidently,1
topics,1
eugen,1
examine,1
anderson,1
teach,1
chatter,1
cerebral,1
primitive,1
seeking,1
capitalism,1
conscience,1
analyze,1
field,1
iettrees,1
nataf,1
connections,1
quarterly,1
chain,1
icj,1
doux,1
regimes,1
irresponsible,1
overthrew,1
unsatisfied,1
applies,1
attended,1
infinite,1
visit,1
gens,1
operating,1
tortured,1
culmination,1
irritable,1
unexpected,1
farce,1
asking,1
twelve,1
egotism,1
posted,1
monstrous,1
respect,1
fascism,1
circle,1
declaration,1
publishing,1
note,1
tentative,1
litteraires,1
wisdom,1
replied,1
banned,1
idees,1
george,1
provide,1
movements,1
secularists,1
ridden,1
sometimes,1
figure,1
washed,1
ecole,1
linda,1
five,1
foreign,1
germ,1
defenders,1
wrongdoers,1
ministry,1
bound,1
claimed,1
doctorat,1
celebration,1
prosecutions,1
insufficient,1
complicate,1
mad,1
becomes,1
referred,1
commended,1
poly,1
seen,1
transformed,1
progressively,1
recherches,1
yale,1
pere,1
froment,1
render,1
belied,1
briseurs,1
philosopher,1
suggestions,1
recognize,1
judith,1
countries,1
length,1
robyn,1
prizewinners,1
html,1
antiquity,1
joll,1
accusation,1
lycee,1
blood,1
tapped,1
vue,1
demonstrators,1
entertainment,1
dead,1
confronts,1
spark,1
endure,1
heros,1
academie,1
dais,1
types,1
refus,1
creatures,1
ills,1
humiliation,1
sympathy,1
itself,1
articles,1
unusual,1
dana,1
sound,1
fought,1
photographs,1
considered,1
roslak,1
isaac,1
chatel,1
woke,1
anthropological,1
environment,1
contemplated,1
ignited,1
share,1
seriously,1
curious,1
psychosis,1
ferocities,1
thinking,1
trials,1
beast,1
labori,1
historian,1
prussic,1
calling,1
lessons,1
comes,1
flirt,1
agitators,1
tempting,1
gendarmes,1
biography,1
berenson,1
wilberding,1
sharkey,1
flashing,1
htm,1
democracies,1
symbolic,1
precise,1
thousand,1
ridiculed,1
masses,1
organization,1
supported,1
pouget,1
shooting,1
symbol,1
mow,1
disdain,1
offers,1
laffaire,1
durnah,1
incitements,1
bearded,1
wipe,1
cover,1
forty,1
why,1
peinard,1
milieu,1
cupidity,1
legislature,1
continental,1
beau,1
offen,1
midst,1
refused,1
ministerial,1
merriman,1
hoover,1
readily,1
anthropology,1
philistinism,1
paper,1
mal,1
tongue,1
multiculturalism,1
rifles,1
neglected,1
fulcrum,1
parameshwar,1
save,1
believe,1
gone,1
best,1
ft,1
straightforward,1
style,1
barcelona,1
indelibly,1
neoampressionism,1
regard,1
bourse,1
report,1
speech,1
provoke,1
ideological,1
attacking,1
chambre,1
any,1
contradictory,1
speculation,1
perfectly,1
embodiment,1
audience,1
imitators,1
generalized,1
associations,1
decline,1
ambivalent,1
past,1
meager,1
masterpiece,1
works,1
elected,1
friends,1
infecting,1
advances,1
extradition,1
table,1
america,1
justify,1
prosecute,1
beginning,1
tendencies,1
pardon,1
crows,1
warnings,1
game,1
according,1
penn,1
touchstones,1
unfulfilled,1
recession,1
notable,1
circles,1
poses,1
rose,1
form,1
degenerate,1
attentively,1
particular,1
sociology,1
underpinnings,1
deported,1
hippie,1
counseled,1
charged,1
armies,1
sociologist,1
hardworking,1
listen,1
daggers,1
while,1
managed,1
recits,1
dusty,1
pursued,1
dark,1
constitutional,1
fighters,1
pitted,1
villes,1
rodolfo,1
voice,1
emblematic,1
listed,1
don,1
misdemeanors,1
suggests,1
halcyon,1
rally,1
targets,1
grand,1
montbrison,1
formula,1
popular,1
theologies,1
martha,1
knot,1
nj,1
bodies,1
intention,1
deformity,1
remede,1
org,1
unavenged,1
careful,1
apostle,1
multiple,1
protected,1
disparate,1
reported,1
granier,1
intellectuels,1
prospect,1
ac,1
wrought,1
subject,1
preached,1
step,1
fabreguettes,1
rash,1
litterateurs,1
ignorant,1
assassinated,1
extensive,1
measure,1
alain,1
discussion,1
families,1
aims,1
nous,1
oeuvre,1
coming,1
grandeur,1
discontented,1
reaching,1
cruelty,1
uri,1
oakland,1
come,1
beside,1
wild,1
francois,1
shown,1
underworld,1
instructive,1
unable,1
editor,1
injured,1
reveals,1
deformed,1
average,1
intensified,1
quest,1
illinois,1
twentieth,1
charge,1
motives,1
wringing,1
adulterated,1
panarchie,1
pelletan,1
commentaries,1
joined,1
lively,1
fatal,1
although,1
typically,1
reg,1
shorthand,1
manufacture,1
provided,1
repenti,1
barnes,1
states,1
thomson,1
thoughtful,1
evildoers,1
piece,1
prosperity,1
colleagues,1
helps,1
philosophy,1
marianne,1
objections,1
presenting,1
angled,1
chaliand,1
remains,1
repeat,1
speak,1
definitive,1
sexing,1
roles,1
ruth,1
observation,1
utopie,1
apart,1
dissimulation,1
passages,1
distinctions,1
portrait,1
recounted,1
harshest,1
endnotes,1
sheik,1
c,1
rejection,1
consisted,1
enjoy,1
succeeded,1
menees,1
create,1
views,1
element,1
predisposed,1
eloquently,1
shirker,1
ranarchie,1
divergent,1
traditional,1
testified,1
focus,1
angrily,1
mature,1
seek,1
establishment,1
burleigh,1
north,1
familial,1
vulgar,1
fevrier,1
beings,1
building,1
broader,1
malcolm,1
built,1
acquitted,1
jealous,1
close,1
tragic,1
bourguiere,1
woodcock,1
aesthete,1
reforme,1
perception,1
housebreakers,1
dictum,1
hijacked,1
impotent,1
