WORDCOUNTS,WEIGHT
the,632
of,276
in,182
and,171
to,168
a,133
military,92
that,82
for,74
germany,69
budget,60
economic,59
expenditure,56
have,56
reich,50
s,50
german,50
is,50
on,50
was,46
pp,42
as,40
history,39
would,36
which,34
this,33
we,33
fiscal,32
it,31
from,31
p,30
by,30
burden,29
had,28
war,28
were,28
not,27
reparation,26
than,25
been,25
versailles,24
treaty,23
payments,23
be,23
additional,22
more,22
reparations,22
are,22
an,21
counterfactual,21
weimar,20
first,19
review,19
public,19
ratio,19
after,18
b,18
its,18
und,18
table,18
however,17
society,17
army,17
if,16
one,16
costs,16
budgets,16
only,16
spending,16
scenario,16
per,15
central,15
total,14
spoerer,14
ratios,14
world,14
economy,14
cent,13
unconstrained,13
j,13
other,13
has,13
forces,13
armed,13
net,13
national,13
effects,13
they,12
expenditures,12
statistisches,12
or,12
ed,12
european,12
der,12
line,11
armaments,11
with,11
whether,11
our,11
hence,10
thus,10
max,10
rm,10
industry,10
republic,10
tax,10
also,10
mark,10
see,10
period,10
any,10
size,10
at,9
berlin,9
sources,9
might,9
finances,9
n,9
years,9
hantke,9
i,9
discrete,9
france,9
much,9
uk,9
obligations,8
into,8
before,8
all,8
great,8
capacity,8
million,8
even,8
no,8
main,8
their,8
section,8
restriction,8
year,8
second,8
situation,8
fact,8
purposes,8
gdp,8
figures,8
capital,8
did,8
rearmament,8
terms,8
reichswehr,8
defence,8
between,8
large,7
assess,7
das,7
state,7
reichsamt,7
political,7
x,7
finanzen,7
neighbours,7
ferguson,7
billion,7
pay,7
l,7
revenues,7
taxes,7
r,7
data,7
us,7
two,7
income,7
so,7
figure,7
foreign,7
ordinary,7
analysis,7
finance,7
historical,7
particular,7
peace,7
question,7
states,7
member,6
beneficial,6
europe,6
march,6
powers,6
perspective,6
extraordinary,6
may,6
growth,6
politicians,6
constitution,6
et,6
order,6
militär,6
these,6
financial,6
larger,6
men,6
necessary,6
eloranta,6
actual,6
can,6
half,6
notes,6
cambridge,6
crisis,6
increased,6
c,6
o,5
peaceful,5
saved,5
policy,5
utilization,5
able,5
take,5
m,5
within,5
zur,5
borchardt,5
jahrbuch,5
forced,5
compared,5
y,5
how,5
von,5
consequences,5
annuaire,5
population,5
because,5
accounting,5
savings,5
both,5
least,5
governments,5
results,5
nearly,5
still,5
subsection,5
put,5
power,5
less,5
number,5
discussed,5
last,5
spent,5
article,5
balderston,5
usually,5
ministry,5
who,5
countries,5
ritschl,5
share,5
simply,5
over,5
w,5
argument,5
government,4
real,4
those,4
somewhat,4
case,4
tab,4
historians,4
expenses,4
account,4
ritschi,4
such,4
against,4
items,4
continuous,4
compare,4
higher,4
geneva,4
rather,4
briining,4
h,4
k,4
impact,4
most,4
origins,4
view,4
found,4
out,4
im,4
source,4
without,4
prewar,4
whole,4
actually,4
unrestricted,4
around,4
several,4
amounted,4
part,4
when,4
up,4
paid,4
secret,4
led,4
overall,4
april,4
july,4
make,4
currency,4
currencies,4
about,4
under,4
included,4
but,4
rise,4
many,4
navy,4
procurement,4
empire,4
free,4
restrictions,4
made,4
slump,4
questions,4
soldiers,4
general,4
effect,4
postwar,4
then,4
column,4
very,4
following,4
für,4
keynes,4
according,4
what,4
imposed,4
extent,4
while,4
d,4
russia,4
substantial,4
benchmark,4
race,4
major,4
now,3
way,3
later,3
affected,3
e,3
considerably,3
federal,3
denmark,3
multiplicator,3
nuss,3
deflated,3
allies,3
leads,3
programmes,3
words,3
nevertheless,3
there,3
xx,3
taxation,3
point,3
resources,3
bruttosozialprodukt,3
illustrates,3
inflation,3
de,3
interest,3
financing,3
turn,3
estimates,3
journal,3
repercussion,3
ba,3
calculation,3
factors,3
wages,3
marks,3
welfare,3
four,3
democratic,3
cost,3
important,3
lead,3
henceforth,3
international,3
late,3
intensity,3
failure,3
having,3
militaire,3
t,3
commerce,3
quite,3
dividend,3
research,3
demand,3
deutschlands,3
secondly,3
handbuch,3
measure,3
oxford,3
security,3
addition,3
neither,3
deutsche,3
longer,3
external,3
do,3
v,3
paris,3
answer,3
remained,3
local,3
investment,3
represented,3
formal,3
prussia,3
illusion,3
assume,3
clear,3
like,3
annually,3
krise,3
statistik,3
probably,3
lines,3
confine,3
köllner,3
must,3
here,3
receipts,3
dansk,3
reichshaushaltsrechnung,3
domestic,3
losses,3
idem,3
them,3
problem,3
hitler,3
scenarios,3
belgium,3
subject,3
divided,3
models,3
dawes,3
finding,3
course,3
although,3
comparison,3
offered,3
potential,3
elites,3
johansen,3
debate,3
should,3
close,3
wagemann,2
miller,2
margins,2
zero,2
declared,2
pity,2
willenbockel,2
economies,2
outweighed,2
american,2
renseignements,2
decade,2
ussr,2
induced,2
okonomisk,2
produit,2
being,2
gap,2
either,2
stabilization,2
electoral,2
modest,2
glick,2
certainly,2
preceding,2
taken,2
tabs,2
intérieur,2
switzerland,2
thank,2
borne,2
room,2
scheme,2
debt,2
généraux,2
depends,2
issue,2
dancing,2
planungen,2
inflows,2
constraint,2
discuss,2
addresses,2
economics,2
indirectly,2
some,2
possible,2
politics,2
holtfrerich,2
volkseinkommen,2
obvious,2
except,2
far,2
quota,2
undoubtedly,2
sign,2
human,2
collapse,2
calculated,2
toutain,2
tables,2
g,2
overt,2
century,2
nor,2
minus,2
unchanged,2
estimate,2
find,2
instruments,2
loans,2
deist,2
via,2
adequate,2
russian,2
dependants,2
grid,2
burk,2
aggressive,2
ov,2
vs,2
derived,2
pages,2
militärwochenblatt,2
support,2
university,2
les,2
statistical,2
clearly,2
contemporaries,2
österreichs,2
argued,2
listed,2
heading,2
textile,2
followed,2
feinstein,2
position,2
yes,2
seidel,2
bb,2
hours,2
character,2
gregory,2
result,2
came,2
assets,2
kennedy,2
could,2
republik,2
called,2
changed,2
sorgato,2
terrestres,2
subsections,2
indirect,2
suffered,2
otherwise,2
hypothetical,2
rossi,2
vehicles,2
doppelhofer,2
well,2
concept,2
example,2
confined,2
used,2
overview,2
place,2
waived,2
contains,2
aériens,2
keep,2
bachmann,2
doubtful,2
statistique,2
reichskasse,2
approach,2
www,2
below,2
responsibility,2
reichshaushaltsplan,2
sufficient,2
munich,2
fully,2
maddison,2
dunne,2
wirtschaftsgeschichte,2
nations,2
will,2
therefore,2
poland,2
reduced,2
territorial,2
short,2
schremmer,2
göttingen,2
veterans,2
gift,2
convince,2
above,2
németh,2
surviving,2
railway,2
seemingly,2
hitherto,2
positive,2
structural,2
once,2
yet,2
database,2
thought,2
message,2
restricted,2
formally,2
official,2
perceived,2
same,2
allows,2
kuznets,2
published,2
law,2
ask,2
nach,2
smith,2
zusammenarbeit,2
kausel,2
tooze,2
agree,2
time,2
never,2
new,2
debates,2
outside,2
took,2
until,2
eds,2
reparationen,2
threats,2
manoeuvre,2
economici,2
meaningful,2
reversed,2
including,2
wachstum,2
bergson,2
use,2
submitted,2
evolution,2
deutschen,2
chosen,2
quotation,2
modernization,2
accounted,2
defensive,2
risen,2
filled,2
earlier,2
construct,2
armements,2
weimarer,2
multiplication,2
relation,2
sensible,2
assessing,2
accordingly,2
klotz,2
structure,2
james,2
slightly,2
contracts,2
italy,2
destruction,2
la,2
consists,2
navals,2
publishing,2
five,2
relieved,2
becomes,2
zeidler,2
hansen,2
humiliation,2
crowded,2
paying,2
addressed,2
claims,2
magnitude,2
heavy,2
believed,2
depending,2
founded,2
determinants,2
austria,2
nnp,2
reichstag,2
sums,2
clement,2
quickly,2
different,2
commission,2
schnabel,2
volcano,2
iii,2
benefit,2
precarious,2
sum,2
konjunkturstatistisches,2
iv,2
hobson,2
nominal,2
aizenman,2
statistiques,2
her,2
institute,2
pursued,2
league,2
transport,2
reported,2
through,2
worldwar,2
became,2
administration,2
step,2
exceeded,2
deviate,2
manufacturing,2
stevenson,2
conti,2
twin,2
firms,2
average,2
deutschland,2
boosted,2
approximately,2
schattkowsky,2
consumption,2
sur,2
schatten,2
derive,2
endogeneity,2
vi,2
industrialists,2
text,2
stipulations,2
maximum,2
firstly,2
given,2
focus,2
premature,2
col,2
increase,2
hypothesis,2
democracy,1
inund,1
optics,1
limits,1
sins,1
representing,1
indicated,1
generous,1
vienna,1
revanchists,1
leandro,1
personnel,1
extreme,1
resulted,1
determine,1
totally,1
compensated,1
basingstoke,1
bochum,1
approved,1
systematically,1
provisions,1
designed,1
entries,1
ma,1
reparationsproblem,1
confines,1
sets,1
each,1
di,1
discriminate,1
wolf,1
socialists,1
protection,1
comparisons,1
necessarily,1
presents,1
tübingen,1
andtoniolo,1
fragile,1
garsington,1
nineteenth,1
impeded,1
arguing,1
eager,1
golden,1
princeton,1
meaningless,1
arms,1
lower,1
said,1
anything,1
provision,1
stressed,1
earning,1
usa,1
militärgeschichtliche,1
specifically,1
revisited,1
neglects,1
frankfurt,1
heereswesen,1
knut,1
production,1
escosura,1
ii,1
investments,1
procyclical,1
promoting,1
worked,1
stipulates,1
ourselves,1
advanced,1
referees,1
seems,1
summation,1
marburg,1
leading,1
industrie,1
astonishingly,1
differences,1
confirming,1
rhineland,1
follows,1
closer,1
hundred,1
concludes,1
uncovered,1
achieved,1
damage,1
fresh,1
office,1
chancellor,1
improved,1
date,1
blackwell,1
xht,1
subtracting,1
decreased,1
profitable,1
hostile,1
stopped,1
seminar,1
system,1
british,1
voting,1
side,1
takes,1
forthcoming,1
alfred,1
recorded,1
attacked,1
task,1
money,1
paved,1
histoire,1
primary,1
u,1
scapegoat,1
copenhagen,1
vol,1
welcome,1
ç,1
prior,1
ruhegehalter,1
condition,1
weg,1
ostgrenzen,1
statistica,1
consumed,1
apart,1
say,1
conceptual,1
foregone,1
dynamic,1
reconstruction,1
yf,1
constrained,1
facto,1
analyse,1
aggression,1
surplus,1
relies,1
includes,1
throughout,1
comments,1
mevenson,1
legitimization,1
nconstruzione,1
explained,1
invaders,1
severe,1
difficulties,1
zv,1
development,1
run,1
since,1
due,1
interior,1
assumes,1
utilized,1
relatively,1
ability,1
raises,1
cf,1
witt,1
media,1
topic,1
comprised,1
z,1
nazis,1
weaknesses,1
cases,1
prados,1
speculative,1
blame,1
reluctance,1
channeled,1
underlying,1
bay,1
feasible,1
document,1
stabilized,1
averaging,1
taxpayers,1
uniformly,1
back,1
causing,1
deterrent,1
http,1
young,1
revanchist,1
served,1
suitable,1
single,1
economica,1
publications,1
unequivocally,1
kredit,1
consequently,1
look,1
sun,1
protects,1
hardly,1
restricting,1
incentive,1
failed,1
surprisingly,1
andtemin,1
deviation,1
profoundly,1
simplified,1
york,1
rüstungswirtschaftliche,1
eleven,1
operations,1
his,1
subjected,1
purely,1
soviet,1
superficial,1
developed,1
wehrmacht,1
remain,1
repayment,1
weighted,1
boppard,1
levels,1
una,1
kept,1
dealt,1
leamington,1
deprived,1
granted,1
interwar,1
pollard,1
similar,1
refilled,1
impure,1
direct,1
assuming,1
special,1
adversaries,1
économique,1
oversimplified,1
submarines,1
reforms,1
productive,1
augmented,1
mileconll,1
moreover,1
underline,1
means,1
modified,1
changes,1
url,1
consider,1
pali,1
maiden,1
benefits,1
image,1
branch,1
presumably,1
transfersperre,1
elsewhere,1
just,1
receiving,1
nationals,1
displays,1
threat,1
unavoidable,1
show,1
powerful,1
prussian,1
consequence,1
always,1
votes,1
â,1
channelled,1
titan,1
puts,1
helped,1
flow,1
opinion,1
strategy,1
faced,1
decades,1
footnote,1
cut,1
dependency,1
retards,1
constructive,1
carelessness,1
entwicklung,1
distribution,1
based,1
aftermath,1
lains,1
conservative,1
hands,1
strength,1
relating,1
effort,1
output,1
businesses,1
relate,1
monitoring,1
emerge,1
camouflaged,1
struggles,1
term,1
academic,1
further,1
ungewöhnlichen,1
versorgung,1
substantiation,1
occupation,1
furthermore,1
though,1
focused,1
leuven,1
displayed,1
zwischen,1
reichsmark,1
viewed,1
persons,1
unemployment,1
cannot,1
wealth,1
muren,1
placed,1
krisen,1
democratization,1
saving,1
wege,1
liberal,1
swathes,1
briefly,1
jahr,1
directly,1
expansionary,1
relief,1
literature,1
work,1
belonging,1
start,1
friedenskommission,1
repetition,1
unless,1
brought,1
favourable,1
optical,1
purpose,1
discusses,1
reduction,1
related,1
electrical,1
studia,1
mitteilungen,1
feared,1
description,1
loss,1
equalled,1
discussions,1
during,1
policies,1
inherited,1
issues,1
broad,1
aggravated,1
noted,1
structures,1
statistics,1
thereafter,1
device,1
call,1
employed,1
wirtschaftspolitik,1
deeply,1
smallest,1
president,1
sterling,1
strengthened,1
interpreted,1
alleviation,1
attributed,1
firstworldwar,1
analysed,1
prices,1
good,1
supplying,1
macroeconomic,1
sense,1
indicator,1
barro,1
working,1
regardless,1
wished,1
socialist,1
rump,1
next,1
politically,1
auslandsverschuldung,1
le,1
contrast,1
sake,1
long,1
small,1
few,1
june,1
highly,1
breaking,1
histórica,1
peak,1
weapons,1
ausland,1
cardoso,1
methodological,1
credible,1
annual,1
inability,1
dependent,1
tomolo,1
cycle,1
altogether,1
enormously,1
appropriate,1
value,1
newly,1
sicherung,1
execution,1
massive,1
subtract,1
cropped,1
inspection,1
critical,1
pertaining,1
tasks,1
he,1
symmetrical,1
wary,1
britain,1
unification,1
indeed,1
workplaces,1
tempted,1
play,1
ahistorical,1
released,1
brief,1
forward,1
giovanni,1
reduce,1
reserves,1
battleships,1
studien,1
movement,1
authoritarian,1
engineering,1
inflate,1
prolongation,1
depicted,1
pivotal,1
relied,1
reference,1
excessively,1
suited,1
kruedener,1
serve,1
counterparts,1
den,1
technology,1
disastrous,1
thesis,1
railroad,1
orders,1
abandon,1
choices,1
repercussions,1
largest,1
vers,1
industrial,1
department,1
weltkrieg,1
enforce,1
ingo,1
cobdenite,1
köhler,1
useful,1
street,1
outbreak,1
dire,1
starting,1
book,1
conceal,1
stated,1
strike,1
fell,1
again,1
others,1
spend,1
preferences,1
available,1
conceived,1
volkseinkommensund,1
pensionsfonds,1
anecdotal,1
efforts,1
averages,1
lund,1
fundamental,1
conduct,1
head,1
xii,1
yiyi,1
striking,1
interdicted,1
totals,1
plan,1
weiß,1
reform,1
replicates,1
choice,1
reasoning,1
germans,1
classical,1
ailles,1
twofold,1
xc,1
end,1
aug,1
stationen,1
contemporary,1
reckoned,1
convert,1
quantitative,1
fits,1
present,1
subside,1
manner,1
road,1
obscures,1
accepted,1
japan,1
hillmann,1
einer,1
books,1
ignoring,1
militärausgaben,1
gives,1
railways,1
centralization,1
refuted,1
distortions,1
transparent,1
bace,1
redesigned,1
allgemeiner,1
another,1
imagine,1
fundamentally,1
commercialized,1
private,1
binnenkonjunktur,1
discussion,1
invested,1
economie,1
upon,1
range,1
reichsbahn,1
aircrafts,1
restrained,1
alerted,1
reckendrees,1
desperate,1
finanzgeschichte,1
depended,1
aa,1
ruling,1
hypotheses,1
unfair,1
assumption,1
factor,1
rechnungsjahr,1
business,1
recovery,1
full,1
autumn,1
patents,1
described,1
trade,1
significance,1
crises,1
accessed,1
stress,1
publication,1
bayesian,1
dominated,1
bonn,1
armee,1
amounts,1
workers,1
august,1
counter,1
times,1
minister,1
change,1
revised,1
unpub,1
summer,1
high,1
serves,1
static,1
solow,1
shortly,1
keen,1
spa,1
standard,1
latter,1
hh,1
payment,1
especially,1
armament,1
problems,1
labour,1
disclosed,1
extortion,1
narrow,1
compute,1
nobody,1
banking,1
mainly,1
öffentlicher,1
preand,1
astonishing,1
securing,1
attracted,1
nazi,1
reverses,1
relative,1
niko,1
maßnahmen,1
behaviour,1
steuern,1
hopeless,1
negative,1
reluctant,1
product,1
separate,1
tore,1
ranging,1
payroll,1
speculate,1
imperialistic,1
note,1
lot,1
mixture,1
rolle,1
rough,1
reasonable,1
favour,1
dec,1
institutions,1
referred,1
lost,1
seen,1
temin,1
detailed,1
florence,1
entwurf,1
handlungsspielräume,1
remaining,1
expert,1
why,1
fall,1
articles,1
involuntary,1
italiani,1
resemble,1
safeguarding,1
rigorous,1
stipulation,1
stable,1
considered,1
detail,1
sections,1
seriously,1
storia,1
mathias,1
associated,1
counterf,1
historian,1
xls,1
conclusion,1
version,1
tanks,1
extensive,1
ever,1
htm,1
heq,1
temporal,1
recruits,1
insignificantly,1
besides,1
finanzsoziologie,1
doi,1
sceptical,1
creditor,1
set,1
excess,1
natural,1
surrender,1
deficiencies,1
aufrüstung,1
country,1
amtlichen,1
budgetary,1
correspond,1
kostgänger,1
attribute,1
setting,1
seem,1
best,1
straightforward,1
appendix,1
ph,1
fuelled,1
current,1
regard,1
coffers,1
allied,1
obviously,1
rely,1
goods,1
equilibrium,1
constant,1
build,1
boarder,1
past,1
brut,1
enlarged,1
andfall,1
better,1
surpluses,1
succeeded,1
jari,1
purchase,1
completion,1
depicts,1
making,1
references,1
want,1
supports,1
sociology,1
dem,1
mere,1
irrelevant,1
ersten,1
verhältnis,1
consisting,1
appetite,1
allocate,1
imperial,1
information,1
des,1
popular,1
hindsight,1
attached,1
jahrhunderts,1
despite,1
mobilmachungsvorarbeiten,1
adolf,1
prospect,1
schulze,1
alternatives,1
role,1
federico,1
november,1
turns,1
assumptions,1
sozialproduktsstatistiken,1
went,1
territory,1
com,1
ranks,1
cologne,1
harrison,1
coming,1
neglect,1
ein,1
sparked,1
precision,1
wiederaufrüstung,1
among,1
formation,1
sociétés,1
devoted,1
rote,1
annotations,1
unable,1
lists,1
argues,1
reveals,1
quest,1
fulfillment,1
finally,1
accept,1
rivista,1
contributed,1
include,1
need,1
evidence,1
ekonomisk,1
levy,1
smaller,1
renders,1
conquered,1
colleagues,1
presenting,1
measured,1
remains,1
aachen,1
financially,1
wirtschaftliche,1
anonymous,1
inclination,1
removed,1
ser,1
pensions,1
deployment,1
strategic,1
reached,1
cheaper,1
obligation,1
civilian,1
develop,1
strong,1
pilsudski,1
seek,1
harmful,1
politischen,1
konjunktur,1
customs,1
costly,1
gold,1
grants,1
