WORDCOUNTS,WEIGHT
of,149
the,148
and,71
a,58
in,55
cosmopolitanism,52
as,33
to,32
history,25
world,21
is,19
cosmopolitan,17
that,16
for,15
this,15
from,12
by,12
its,12
on,12
social,11
idea,11
cultural,11
or,10
new,10
s,9
historians,9
way,8
with,8
university,8
political,8
european,7
no,7
not,7
historian,7
past,7
has,7
an,7
mediterranean,7
sluga,6
but,6
being,6
also,6
cities,6
issue,6
ideal,6
such,6
have,6
between,6
kant,5
practices,5
study,5
home,5
all,5
are,5
practice,5
be,5
sydney,5
which,5
journal,5
at,4
rights,4
his,4
been,4
how,4
their,4
studies,4
most,4
view,4
out,4
historical,4
both,4
concept,4
pasts,4
interest,4
nations,3
it,3
limits,3
if,3
who,3
itself,3
one,3
understand,3
was,3
meinecke,3
only,3
australia,3
more,3
important,3
intellectual,3
europe,3
lafi,3
current,3
haller,3
i,3
term,3
written,3
see,3
well,3
julia,3
port,3
point,3
lake,3
press,3
identity,3
human,3
historically,3
september,3
national,3
states,3
australian,3
internationalism,3
sciences,3
than,3
glenda,3
freitag,3
may,2
he,2
sunil,2
ulrike,2
economic,2
across,2
begin,2
order,2
notion,2
they,2
myth,2
use,2
essays,2
imperialism,2
remains,2
articles,2
romantic,2
modern,2
greeks,2
us,2
western,2
uses,2
invoked,2
romance,2
regional,2
constructed,2
philosophers,2
french,2
taken,2
academy,2
many,2
historiography,2
definition,2
different,2
came,2
other,2
scientists,2
societies,2
our,2
argue,2
search,2
universal,2
p,2
histories,2
inquiry,2
her,2
obviously,2
ethos,2
forms,2
urban,2
purchase,2
what,2
empire,2
form,2
polis,2
particular,2
coller,2
eds,2
governance,2
driessen,2
another,2
local,2
some,2
understanding,2
work,2
international,2
substantive,2
range,2
must,2
individual,2
waldron,2
nation,2
gender,2
asian,2
conventional,2
workshop,2
colonial,2
unesco,2
write,2
question,2
genealogies,2
utopian,2
open,2
inevitable,2
polity,2
against,2
reality,2
importance,2
scale,2
nora,2
held,2
legacy,2
field,2
period,2
pdf,2
conversation,2
exchange,2
perspective,2
specific,2
compared,2
texts,2
up,2
even,2
dominance,2
we,2
immigration,2
decolonization,2
amrith,2
perfect,1
barbara,1
conflict,1
precepts,1
seems,1
conviviality,1
rachel,1
democracy,1
departs,1
asking,1
communities,1
now,1
marilyn,1
alexandria,1
led,1
topic,1
relationship,1
informs,1
situation,1
situate,1
reduced,1
equality,1
publishing,1
inhabitants,1
constellations,1
ocean,1
rather,1
science,1
contingent,1
anthony,1
locomotion,1
bring,1
crucial,1
minorities,1
mark,1
convened,1
superficial,1
fleet,1
essence,1
cues,1
scholar,1
melbourne,1
turns,1
program,1
exploring,1
sort,1
limited,1
reconsidered,1
habsburg,1
explicit,1
existing,1
male,1
prevent,1
slow,1
lost,1
broad,1
variety,1
community,1
translation,1
over,1
berlin,1
lives,1
originated,1
certain,1
empires,1
complex,1
hold,1
contributions,1
life,1
class,1
special,1
kinds,1
dipesh,1
often,1
southeast,1
mobility,1
construction,1
about,1
united,1
space,1
ways,1
when,1
citizens,1
investigating,1
approaches,1
revisiting,1
pp,1
rediscovered,1
devotion,1
thought,1
sheldon,1
investigate,1
stoicism,1
rigorous,1
want,1
east,1
borrowed,1
caveat,1
duke,1
under,1
metropolis,1
decade,1
bhabha,1
consider,1
populated,1
armenians,1
position,1
improvement,1
thesis,1
school,1
had,1
ancient,1
into,1
intensive,1
smyrna,1
emergence,1
contextualize,1
absolutism,1
tells,1
thinking,1
specify,1
before,1
underlines,1
enclaved,1
culture,1
ideologies,1
shifting,1
n,1
nineteenth,1
thematic,1
bruce,1
overriding,1
lenses,1
humanities,1
literally,1
friedrich,1
accordance,1
indian,1
nineteenthcentury,1
peoples,1
belonging,1
narratives,1
situations,1
presumed,1
stoics,1
themes,1
multicultural,1
meant,1
simply,1
constituted,1
first,1
warns,1
origins,1
t,1
beyond,1
considers,1
sources,1
transnationalism,1
jurisprudence,1
monash,1
meng,1
organizations,1
phibsophy,1
eume,1
text,1
mauritius,1
puts,1
universalism,1
horne,1
setting,1
challenge,1
reexamines,1
pheng,1
quickly,1
culturally,1
feeling,1
uptake,1
others,1
ian,1
drawing,1
attempt,1
pointed,1
terrain,1
similarly,1
put,1
rational,1
taking,1
anthropology,1
demographic,1
nature,1
liberty,1
moving,1
drawn,1
thus,1
shows,1
kennedy,1
extent,1
concentration,1
higher,1
did,1
could,1
six,1
minnesota,1
interconnectedness,1
caine,1
agree,1
wissenschaftskolleg,1
ambitions,1
carol,1
producing,1
races,1
educated,1
contradict,1
oneself,1
able,1
government,1
deconstruction,1
warning,1
dispute,1
bandung,1
ir,1
zone,1
contemporary,1
pollock,1
nationalism,1
distinctive,1
immanuel,1
there,1
philosophical,1
toleration,1
examines,1
course,1
lead,1
places,1
für,1
adjacent,1
do,1
equally,1
paris,1
present,1
ground,1
traced,1
informed,1
according,1
durham,1
war,1
tay,1
pagden,1
them,1
religious,1
interwar,1
recently,1
citizenship,1
ethnologie,1
cannot,1
making,1
accounts,1
defense,1
case,1
employs,1
sociology,1
necessary,1
takes,1
however,1
minneapolis,1
tension,1
fewer,1
theory,1
tangiers,1
alice,1
wide,1
teleological,1
schema,1
alternatively,1
trans,1
explicitly,1
mediterraneanism,1
version,1
discuss,1
because,1
interasia,1
fore,1
sites,1
provincialize,1
trade,1
oo,1
voice,1
vol,1
feeding,1
opened,1
suggests,1
basis,1
dismantling,1
politics,1
radiated,1
arrived,1
hackett,1
indianapolis,1
categories,1
patriotism,1
idealistic,1
inviting,1
homi,1
julian,1
hal,1
tool,1
level,1
heart,1
dieter,1
cosmopolitics,1
marked,1
region,1
peace,1
interdisciplinary,1
poststructuralist,1
part,1
including,1
arose,1
discusses,1
territorially,1
example,1
civil,1
conception,1
seminal,1
calls,1
along,1
lowe,1
subject,1
empirical,1
controls,1
characteristically,1
foundationalist,1
discussions,1
collection,1
place,1
policies,1
huxley,1
numerous,1
issues,1
diversity,1
funded,1
mid,1
hawai,1
nostalgic,1
structures,1
think,1
postcolonial,1
historiographies,1
ends,1
key,1
zeitschrift,1
strong,1
nothing,1
banal,1
bjooks,1
stakes,1
apparently,1
full,1
belated,1
review,1
hubs,1
relationships,1
students,1
theme,1
kong,1
restrictions,1
significance,1
own,1
ethnicity,1
rediscovery,1
since,1
illustrates,1
accessed,1
pursuit,1
paradigm,1
approach,1
marginalize,1
does,1
regions,1
language,1
iconic,1
vernacular,1
ottoman,1
mode,1
essay,1
wish,1
relatively,1
anachronistic,1
relations,1
david,1
sense,1
immersion,1
jeremy,1
like,1
would,1
need,1
cold,1
strange,1
century,1
trading,1
centrality,1
echo,1
politically,1
learning,1
paths,1
describes,1
defined,1
contrast,1
off,1
disclaimer,1
philosophy,1
losing,1
black,1
claim,1
actively,1
rekindle,1
chakrabarty,1
around,1
ships,1
venture,1
simpson,1
diaspora,1
supported,1
west,1
state,1
back,1
potential,1
article,1
silly,1
k,1
jews,1
http,1
constructing,1
comfort,1
constantinople,1
cheah,1
research,1
successful,1
levantine,1
decline,1
c,1
egypt,1
gillet,1
shadowed,1
exactly,1
penang,1
methodological,1
core,1
early,1
tracks,1
through,1
france,1
investigates,1
globalism,1
analyze,1
traditional,1
loci,1
robbins,1
internationalists,1
focus,1
henk,1
breckenridge,1
frankish,1
invented,1
city,1
among,1
seek,1
tendency,1
sun,1
recent,1
perpetual,1
detriment,1
evidence,1
tolerance,1
docs,1
attention,1
moved,1
tantalizingly,1
race,1
ninth,1
vividly,1
relation,1
major,1
offspring,1
society,1
