WORDCOUNTS,WEIGHT
the,902
of,552
to,424
in,337
and,296
for,190
a,180
this,178
chemurgy,148
was,138
that,136
agriculture,120
new,118
farm,113
agricultural,113
s,110
from,106
is,100
chemurgic,97
as,92
it,88
by,84
products,81
research,80
at,62
he,62
were,62
on,60
washington,57
farmers,55
http,55
accessed,53
movement,52
carver,51
science,51
american,50
not,50
uses,49
industrial,48
be,46
one,44
which,44
article,44
with,43
industry,41
an,40
his,40
mcmillen,40
www,39
use,39
ford,38
henry,37
how,37
america,37
usda,36
using,36
c,36
biotechnology,35
many,35
would,35
crops,34
have,34
i,33
used,33
world,32
because,32
about,32
george,32
d,32
other,31
surplus,31
may,30
had,30
chemurgists,30
are,30
more,29
hale,29
surpluses,29
history,28
impact,28
council,28
these,27
made,27
corn,27
such,26
no,26
their,26
me,26
according,26
national,26
they,25
source,25
u,25
fuel,25
describes,25
innovative,25
speech,25
iowa,24
war,24
department,24
can,24
alcohol,24
york,23
when,23
also,23
report,23
into,22
production,22
people,22
states,22
could,21
its,21
ideas,21
our,21
wallace,20
million,20
explains,20
we,20
food,20
state,20
wheeler,20
february,20
conference,20
over,19
find,19
even,19
or,19
shows,19
oil,19
gpo,19
org,19
november,19
way,18
first,18
government,18
helped,18
will,18
but,18
farming,18
save,18
today,18
overproduction,17
all,17
has,17
found,17
materials,17
innovatively,17
scientists,16
permeswaran,16
however,16
prices,16
april,16
only,16
palani,16
time,16
so,16
increased,16
library,15
ways,15
than,15
act,15
annual,15
make,15
united,15
country,15
address,14
some,14
adjustment,14
times,14
years,14
him,14
w,14
peace,14
created,13
help,13
pdf,13
important,13
future,13
several,13
june,13
during,13
another,13
william,13
being,12
sources,12
secretary,12
yearbook,12
influence,12
fuels,12
work,12
example,12
chemistry,12
progress,12
technology,12
gov,12
waste,12
congress,12
nothing,12
especially,12
institute,12
produce,12
com,12
motor,11
company,11
written,11
papers,11
letter,11
due,11
increase,11
raw,11
out,11
president,11
soil,11
up,11
idea,11
laboratories,11
fear,11
why,11
methods,11
rural,11
problem,11
through,11
wwii,11
finding,11
supply,11
meeting,11
j,10
great,10
march,10
keep,10
cohen,10
interesting,10
understand,10
university,10
four,10
tuskegee,10
nation,10
scientific,10
lemars,10
crop,10
like,10
after,10
soybeans,10
who,10
html,10
htm,10
commission,10
did,10
goods,10
although,10
need,10
prosperity,10
acres,9
mississippi,9
roosevelt,9
welsh,9
since,9
author,9
senate,9
just,9
called,9
markets,9
rubber,9
grain,9
change,9
around,9
economic,9
still,9
book,9
addition,9
plant,9
plastics,9
living,9
what,9
economy,9
ahlers,9
create,9
major,9
now,8
market,8
needed,8
chemists,8
farmer,8
newdeal,8
october,8
document,8
l,8
ames,8
cotton,8
well,8
feri,8
presented,8
revolution,8
emphasizes,8
petroleum,8
demand,8
reduce,8
riches,8
two,8
see,8
day,8
john,8
august,8
farms,8
been,8
hope,8
half,8
milk,8
works,8
dearborn,8
goals,8
crisis,8
much,8
per,7
long,7
reading,7
renewable,7
turn,7
back,7
radio,7
journal,7
billion,7
predicted,7
ethanol,7
organization,7
show,7
origins,7
my,7
speeches,7
jstor,7
deal,7
caused,7
things,7
grow,7
led,7
business,7
wik,7
service,7
man,7
interview,7
significant,7
anderson,7
story,7
began,7
soybean,7
different,7
december,7
better,7
making,7
popular,7
chemical,7
ars,6
done,6
car,6
if,6
e,6
factories,6
modern,6
before,6
du,6
turning,6
inc,6
those,6
labs,6
resources,6
facts,6
development,6
interest,6
van,6
b,6
support,6
benefits,6
problems,6
realize,6
produced,6
companies,6
information,6
network,6
discusses,6
calls,6
gave,6
dorr,6
calling,6
wider,6
depression,6
society,6
f,6
says,6
same,6
wright,6
reports,6
law,6
pont,6
documents,6
pamphlet,6
less,6
wood,6
including,6
microfilm,6
continue,6
office,6
advantages,6
essay,6
january,6
yields,6
bureau,6
program,6
countries,6
life,6
ing,6
get,6
environment,6
eventually,6
must,6
each,6
global,6
then,6
turned,6
both,6
economist,6
maintained,6
bio,6
argues,6
burlingame,6
charles,6
develop,6
focus,6
built,6
college,5
connecticut,5
h,5
accomplishments,5
every,5
military,5
might,5
shortage,5
together,5
able,5
dr,5
money,5
possible,5
collection,5
labor,5
goal,5
review,5
september,5
forgotten,5
details,5
ment,5
growth,5
developed,5
soy,5
clearly,5
most,5
cost,5
events,5
public,5
ten,5
predicts,5
week,5
nearly,5
put,5
sales,5
picture,5
members,5
others,5
printing,5
marvels,5
minnesota,5
discussed,5
establish,5
income,5
ink,5
website,5
brookes,5
upon,5
desperate,5
franklin,5
synthetic,5
significance,5
agri,5
v,5
cobs,5
provide,5
tech,5
lost,5
timeline,5
believed,5
paper,5
growing,5
id,5
want,5
carrez,5
millions,5
city,5
press,5
role,5
spring,5
instead,5
green,5
between,5
strong,5
go,4
later,4
tion,4
consume,4
committee,4
edu,4
nature,4
chemicals,4
possibilities,4
proves,4
petty,4
greatly,4
chapter,4
restoring,4
move,4
magazine,4
vital,4
newsweek,4
includes,4
roger,4
run,4
europe,4
experts,4
kind,4
sentinel,4
profit,4
oklahoma,4
industries,4
americans,4
rather,4
federal,4
beeman,4
mechanics,4
opportunity,4
importance,4
biotech,4
special,4
study,4
established,4
too,4
defeat,4
jrc,4
providing,4
lead,4
aaa,4
effort,4
michigan,4
reviews,4
cannot,4
expensive,4
failure,4
protein,4
purpose,4
statistics,4
speaking,4
puffer,4
showing,4
earth,4
good,4
destiny,4
mi,4
dedicated,4
asp,4
second,4
letters,4
wwi,4
forward,4
paint,4
commodities,4
makes,4
read,4
us,4
home,4
pf,4
culture,4
without,4
giebelhaus,4
regional,4
useful,4
power,4
daly,4
supplies,4
channel,4
where,4
necessary,4
origin,4
books,4
sell,4
style,4
gives,4
looking,4
borth,4
laboratory,4
trade,4
clear,4
victory,4
become,4
atlas,4
attention,4
monsanto,4
continued,4
farmward,4
foreword,4
arsdel,4
seen,4
sess,4
stable,4
advancements,4
simply,4
known,4
clifford,4
foundation,4
far,4
benefit,4
unique,4
them,4
selected,4
foreclosures,4
became,4
biofuels,4
writing,4
come,4
shown,4
until,4
land,4
early,4
cong,4
building,4
protests,3
alone,3
group,3
discover,3
diversification,3
true,3
powerpoint,3
brannon,3
hoping,3
came,3
chem,3
explaining,3
creation,3
ii,3
utilization,3
promoting,3
seems,3
words,3
reach,3
simple,3
efficiently,3
doc,3
affected,3
fortune,3
king,3
capacity,3
right,3
cents,3
taking,3
point,3
emissions,3
castor,3
ross,3
mid,3
human,3
health,3
magic,3
de,3
ability,3
codified,3
luksan,3
defense,3
developments,3
old,3
spielmaker,3
six,3
publications,3
warned,3
sun,3
helping,3
invites,3
ers,3
whose,3
main,3
grocery,3
process,3
collec,3
contributions,3
factors,3
reason,3
solutions,3
wanted,3
cigarette,3
director,3
welfare,3
argued,3
threat,3
statement,3
asks,3
m,3
opponents,3
greater,3
moving,3
urgency,3
p,3
demands,3
term,3
late,3
oils,3
though,3
cultural,3
energy,3
explain,3
r,3
relief,3
already,3
brought,3
reduction,3
whole,3
year,3
plow,3
realm,3
potato,3
northwest,3
earn,3
midwestern,3
pursell,3
focuses,3
creating,3
solution,3
working,3
next,3
small,3
jobs,3
notes,3
nations,3
south,3
threatened,3
belgium,3
situation,3
short,3
wrote,3
agricul,3
hanger,3
fossil,3
bill,3
innovation,3
direction,3
once,3
yet,3
reference,3
security,3
serve,3
dropped,3
experiment,3
stated,3
factory,3
available,3
bowling,3
powder,3
fact,3
stories,3
areas,3
plan,3
pulp,3
enough,3
hand,3
do,3
developing,3
google,3
glue,3
spending,3
judge,3
affects,3
students,3
barnard,3
directed,3
held,3
david,3
allowed,3
started,3
brussels,3
high,3
thomas,3
ture,3
faith,3
percent,3
probably,3
buffum,3
chemist,3
european,3
discussing,3
stearns,3
clinton,3
popularity,3
five,3
foreign,3
practical,3
fewer,3
kish,3
efficiency,3
fall,3
fields,3
considered,3
school,3
any,3
ever,3
byproduct,3
funding,3
news,3
quickly,3
interested,3
best,3
leaders,3
appendix,3
current,3
feed,3
harvest,3
past,3
advances,3
beginning,3
award,3
passed,3
balance,3
almost,3
don,3
agreed,3
dedication,3
patriotism,3
code,3
met,3
alternatives,3
lesson,3
summarizes,3
authorized,3
peanut,3
manufacturers,3
grown,3
product,3
cfm,3
you,3
off,3
bradley,3
needs,3
potential,3
cheaper,3
given,3
among,3
taylor,3
asked,3
willis,3
deter,2
common,2
declared,2
meaning,2
groups,2
imported,2
holman,2
determine,2
large,2
star,2
enhance,2
cars,2
ma,2
completely,2
perfect,2
uscode,2
organic,2
unlike,2
title,2
encourage,2
tells,2
smile,2
something,2
arguing,2
pioneers,2
prosperous,2
said,2
corey,2
passion,2
either,2
wool,2
importing,2
len,2
chronicles,2
taken,2
aoyagi,2
laurence,2
leading,2
carter,2
advantage,2
debra,2
producing,2
studied,2
link,2
wore,2
gammons,2
take,2
debt,2
improved,2
improving,2
stacy,2
acre,2
ity,2
expanded,2
prosper,2
depends,2
magazines,2
issue,2
existence,2
stefferud,2
primary,2
planted,2
nology,2
economics,2
wonders,2
felt,2
determined,2
international,2
west,2
very,2
promises,2
himself,2
inexpensive,2
lights,2
audience,2
sign,2
cheese,2
tons,2
syrup,2
iron,2
biolmpact,2
offer,2
casein,2
severe,2
visited,2
g,2
pig,2
century,2
replaced,2
vengeance,2
adam,2
quebec,2
depend,2
marriage,2
compare,2
millard,2
researching,2
explore,2
martial,2
coal,2
error,2
focused,2
higher,2
poor,2
parity,2
pacific,2
wilmington,2
essential,2
costs,2
statements,2
destroy,2
influential,2
levels,2
midwest,2
loesecke,2
shurtleff,2
ex,2
similar,2
parts,2
professors,2
lay,2
productive,2
animals,2
von,2
thought,2
changes,2
partnership,2
affect,2
encourages,2
cellulose,2
n,2
haverhill,2
advancing,2
proven,2
praises,2
your,2
chemurgist,2
rainbow,2
cut,2
nebraska,2
gregory,2
advance,2
newspapers,2
holds,2
eom,2
skim,2
brannan,2
speaker,2
changed,2
eu,2
bizarre,2
eat,2
im,2
mined,2
representative,2
share,2
fourth,2
poverty,2
promotes,2
europa,2
population,2
unemployment,2
meet,2
stratford,2
record,2
rest,2
vehicles,2
facilities,2
wide,2
stations,2
technical,2
pigs,2
journals,2
piglets,2
fosters,2
part,2
recommends,2
caught,2
loss,2
describe,2
effland,2
place,2
records,2
actually,2
grahambrookes,2
bankrupt,2
trullinger,2
away,2
believes,2
visions,2
wheat,2
sprang,2
approach,2
normally,2
sense,2
hard,2
television,2
sixty,2
penicillin,2
bank,2
few,2
concerns,2
replace,2
county,2
reported,2
loans,2
dependent,2
paid,2
recycle,2
provided,2
ninth,2
massive,2
reducing,2
reigns,2
replacing,2
therefore,2
antioch,2
fund,2
forever,2
reduced,2
request,2
haystead,2
matter,2
entitled,2
rurdev,2
indeed,2
successes,2
plenty,2
promise,2
converted,2
sponsored,2
wheels,2
newton,2
adamant,2
positive,2
engineering,2
metric,2
baggyparagraphs,2
urged,2
opportunities,2
greenhouse,2
soon,2
discussions,2
under,2
mcmil,2
perspectives,2
aid,2
wisconsin,2
bushels,2
published,2
harper,2
tomorrow,2
comprehend,2
leader,2
paul,2
stronger,2
dirk,2
towns,2
projects,2
water,2
blocks,2
utilizing,2
really,2
everything,2
utilize,2
anne,2
reasons,2
crofilm,2
legislation,2
learn,2
everyday,2
purposes,2
empire,2
pg,2
spoke,2
material,2
ahead,2
lists,2
cann,2
editor,2
private,2
greatest,2
xiii,2
survive,2
birth,2
easier,2
biorefinery,2
encouraged,2
lecture,2
unfortunately,2
station,2
processes,2
stay,2
graham,2
described,2
low,2
substitutes,2
discovered,2
three,2
adding,2
publication,2
points,2
soldiers,2
supplying,2
general,2
summer,2
stages,2
last,2
nostrand,2
abundant,2
spent,2
wrecks,2
aaenvironment,2
annually,2
delano,2
often,2
editors,2
relation,2
pro,2
axe,2
enjoyed,2
protestors,2
versus,2
sugar,2
increasing,2
profitable,2
depth,2
fifty,2
twelve,2
penguin,2
applications,2
abundance,2
richest,2
wastes,2
buyers,2
vision,2
impressive,2
alternate,2
plastic,2
widespread,2
multitude,2
army,2
lives,2
try,2
chemur,2
inspired,2
responsible,2
slogan,2
frontier,2
endure,2
itself,2
articles,2
martz,2
paying,2
beans,2
joseph,2
bean,2
comes,2
dumping,2
oats,2
changing,2
urgists,2
iowan,2
bushel,2
supported,2
carl,2
phillips,2
turns,2
set,2
excess,2
blair,2
control,2
gale,2
india,2
jacobs,2
printed,2
gasoline,2
number,2
historical,2
evident,2
person,2
discuss,2
ones,2
maryland,2
plants,2
sociology,2
covers,2
extent,2
getting,2
while,2
studying,2
noticed,2
influenced,2
hundreds,2
congratulates,2
researchers,2
boston,2
little,2
introduced,2
reynold,2
ec,2
easy,2
publishers,2
ac,2
lab,2
think,2
hungry,2
chemivision,2
buying,2
pine,2
defends,2
theme,2
briefs,2
hitching,2
background,2
ence,2
kingdom,2
numerous,2
gists,2
depressing,2
ended,2
contributed,2
insight,2
manufacture,2
effects,2
piece,2
trucks,2
measured,2
magical,2
profits,2
offered,2
docid,2
era,2
csrees,2
supporter,2
potatoes,2
hometown,2
doing,2
attendance,2
conversations,2
dehydrated,2
difficult,1
arrives,1
ments,1
does,1
ending,1
buchannan,1
rate,1
o,1
transforming,1
page,1
fathers,1
gwenvironment,1
implemented,1
stuart,1
indicated,1
substances,1
cent,1
democracy,1
bilbo,1
faced,1
guaranteeing,1
ready,1
praised,1
concern,1
dangers,1
tory,1
everyone,1
christy,1
ant,1
environmental,1
resulted,1
mysteries,1
intriguing,1
burke,1
staggering,1
hats,1
okra,1
cleaners,1
federation,1
pushed,1
unsuccessful,1
center,1
mortgage,1
complex,1
dustrial,1
rayon,1
fittingly,1
ample,1
designed,1
columns,1
dol,1
live,1
services,1
specialist,1
wessels,1
marcus,1
soap,1
favor,1
cement,1
mechanic,1
nerve,1
tied,1
winning,1
policy,1
position,1
vitally,1
western,1
colors,1
overwhelm,1
burn,1
carroll,1
total,1
scientist,1
cornell,1
ag,1
harvests,1
remedy,1
pandemic,1
fantasizes,1
incredible,1
interestingly,1
updated,1
properties,1
women,1
recently,1
themes,1
educating,1
lower,1
piles,1
synonymous,1
else,1
stabilization,1
relieve,1
embraced,1
varnish,1
experimented,1
helps,1
originally,1
gan,1
steady,1
give,1
proud,1
planting,1
lamenting,1
sub,1
insect,1
stretch,1
sustainable,1
experiments,1
gary,1
friendly,1
knowing,1
diverting,1
secondary,1
neal,1
blown,1
suggesting,1
momentum,1
monitor,1
location,1
wave,1
choked,1
spiraled,1
incident,1
consultative,1
farther,1
closer,1
molecular,1
composition,1
real,1
there,1
introduces,1
achieved,1
strength,1
vegetation,1
godmother,1
miles,1
influences,1
raised,1
staff,1
sociation,1
lucrative,1
studio,1
alike,1
wage,1
behind,1
mills,1
within,1
vetmed,1
worldwide,1
sound,1
flowery,1
partners,1
con,1
takes,1
cue,1
wasted,1
slowing,1
lobbyists,1
theodore,1
amanda,1
respondents,1
tie,1
armenia,1
epochal,1
saying,1
salesman,1
recouping,1
draw,1
hall,1
dupont,1
crowd,1
struggling,1
updates,1
chautauqua,1
recommended,1
soyinfocenter,1
pre,1
quarried,1
illustrate,1
reaching,1
drive,1
bibliography,1
consumers,1
depressions,1
rid,1
dioxide,1
brent,1
tastes,1
paving,1
eliminating,1
household,1
sorbitol,1
compares,1
against,1
interviews,1
withhold,1
lars,1
implications,1
sweet,1
info,1
plowed,1
gwenviroiiment,1
behavior,1
pursuing,1
authors,1
funded,1
expertise,1
learned,1
regarding,1
build,1
mc,1
chemi,1
thus,1
switchgrass,1
ladd,1
kicked,1
hazards,1
dependence,1
relationships,1
axle,1
difficulties,1
reputation,1
killed,1
countless,1
professor,1
diets,1
demanded,1
rosin,1
vember,1
curse,1
ashs,1
unpublished,1
confer,1
scarce,1
bunyan,1
gaining,1
base,1
ease,1
storehouse,1
brother,1
ern,1
price,1
creased,1
prediction,1
ference,1
insisted,1
emerges,1
convention,1
pay,1
topic,1
dence,1
learning,1
forced,1
hat,1
priority,1
biobased,1
economical,1
internation,1
items,1
ation,1
destroyed,1
stored,1
slapped,1
agard,1
mystic,1
amount,1
highest,1
briquettes,1
machines,1
extraordinary,1
served,1
allowing,1
wiser,1
compared,1
ally,1
third,1
truly,1
helpful,1
sci,1
previ,1
innovators,1
look,1
vice,1
intrigued,1
lookout,1
capitol,1
guard,1
truck,1
enrich,1
word,1
labora,1
aglawcenter,1
jolliff,1
bailing,1
purchasing,1
seventh,1
opposed,1
scrty,1
alexandria,1
cember,1
fort,1
weapon,1
recognized,1
town,1
graphics,1
hawlo,1
jobless,1
coats,1
hopes,1
mak,1
operations,1
exact,1
pledged,1
links,1
negatively,1
declaring,1
stresses,1
gust,1
stop,1
remain,1
edward,1
unit,1
crash,1
appreciation,1
preparing,1
doctrine,1
dow,1
lofty,1
feder,1
hitting,1
warship,1
parents,1
analyzes,1
aiding,1
suffer,1
gallons,1
granted,1
heard,1
earlier,1
supplement,1
beckons,1
humanity,1
lamented,1
certain,1
interacted,1
leave,1
benjamin,1
undertaking,1
urgy,1
emergency,1
tree,1
repeats,1
govern,1
discoveries,1
feel,1
droughts,1
essentials,1
mation,1
miscellaneous,1
expressing,1
gunpoint,1
starch,1
references,1
send,1
downward,1
mora,1
win,1
pscdaaaambaj,1
tweaked,1
conversational,1
biochemicals,1
lace,1
locally,1
possibly,1
sorts,1
familiar,1
spreading,1
severity,1
organized,1
flax,1
fertilizer,1
joliff,1
bit,1
considerations,1
sum,1
threatening,1
entomology,1
spirit,1
placed,1
glorious,1
house,1
wsu,1
reviewed,1
solid,1
situations,1
age,1
outspoken,1
converting,1
endless,1
operate,1
ask,1
recovered,1
resource,1
gandhi,1
beyond,1
efficient,1
discarded,1
toler,1
rice,1
always,1
method,1
willing,1
answers,1
solve,1
absolute,1
shifted,1
founding,1
care,1
required,1
testify,1
suggested,1
decades,1
mer,1
counsel,1
drawing,1
view,1
pany,1
grange,1
xjs,1
nomics,1
charcoal,1
union,1
commercials,1
opening,1
predicting,1
maze,1
standards,1
result,1
based,1
molecule,1
refineries,1
opposition,1
cd,1
questioned,1
allow,1
dq,1
attack,1
embracing,1
seven,1
centers,1
replica,1
shared,1
curiosity,1
pass,1
radical,1
pumpkin,1
oh,1
noting,1
viking,1
hospitals,1
stomach,1
medicines,1
shoes,1
constantly,1
arable,1
dyes,1
big,1
further,1
companion,1
conversions,1
echostudiochicago,1
feedstock,1
traced,1
understood,1
equal,1
brilliant,1
stock,1
bountiful,1
stressing,1
treat,1
tools,1
teacher,1
hulls,1
isu,1
purchased,1
otherwise,1
wealth,1
safe,1
stalks,1
chips,1
pork,1
quackenbush,1
guarantee,1
hay,1
elastic,1
near,1
possibility,1
memory,1
improve,1
globally,1
outstanding,1
shape,1
kerne,1
none,1
sawdust,1
replacements,1
ofagriculture,1
intense,1
amend,1
received,1
factured,1
hang,1
vote,1
preferred,1
nine,1
imagined,1
reader,1
unless,1
advancement,1
london,1
breeding,1
competing,1
knowledge,1
related,1
comment,1
data,1
governors,1
description,1
got,1
fairy,1
overview,1
q,1
consistently,1
fail,1
editorial,1
cane,1
issues,1
partly,1
beginnings,1
encour,1
biotechnol,1
douglas,1
ethyl,1
ously,1
newspaper,1
cans,1
endorsed,1
achieving,1
manu,1
class,1
nfcc,1
encapsulates,1
origi,1
t,1
eccentric,1
washing,1
pollution,1
annotated,1
aided,1
livings,1
foreclosing,1
social,1
untried,1
beneficial,1
scholastic,1
commerce,1
knchautauqua,1
composite,1
field,1
skyrocketed,1
below,1
php,1
wildly,1
steel,1
insecticides,1
dictionary,1
protest,1
senator,1
grass,1
nicknamed,1
order,1
contrast,1
clothes,1
rushed,1
moratorium,1
released,1
midst,1
thankfulness,1
night,1
chan,1
winter,1
sufficient,1
purdue,1
ship,1
components,1
ill,1
disaster,1
acts,1
facility,1
massachusetts,1
protect,1
suddenly,1
adviser,1
core,1
fully,1
bulletin,1
st,1
mottos,1
pays,1
tire,1
results,1
sea,1
duplicated,1
notice,1
environmentally,1
cycle,1
econom,1
value,1
lincoln,1
am,1
kingly,1
promising,1
seemed,1
local,1
biofiiels,1
portion,1
critical,1
interviewing,1
blotted,1
transform,1
sons,1
creed,1
advocate,1
variety,1
laurel,1
various,1
exhaust,1
alleviated,1
gather,1
impacts,1
action,1
luses,1
expansion,1
grills,1
openings,1
bulwarks,1
secondly,1
play,1
benson,1
legumes,1
acknowledged,1
classic,1
brief,1
mart,1
prove,1
community,1
pile,1
july,1
starve,1
harry,1
indicates,1
antibiotics,1
everywhere,1
ice,1
hanged,1
boy,1
blending,1
initially,1
fillers,1
soyfoods,1
southern,1
zoology,1
echo,1
va,1
decisions,1
needles,1
scarcity,1
guide,1
chronicle,1
mnhs,1
foot,1
competition,1
apples,1
edited,1
selling,1
paralysis,1
revealed,1
tremendous,1
suited,1
worthless,1
spurs,1
happened,1
strange,1
nid,1
east,1
seeing,1
columbus,1
mediately,1
elvin,1
stakman,1
disastrous,1
neither,1
classroom,1
compiled,1
diagrams,1
achieve,1
earned,1
included,1
planned,1
grape,1
barrel,1
nally,1
subcommittee,1
repercussions,1
largest,1
highways,1
hunger,1
reliance,1
begins,1
friend,1
prepared,1
bangladesh,1
gravely,1
chemically,1
longer,1
underway,1
volume,1
routes,1
street,1
chronicling,1
organizations,1
gain,1
lewis,1
successfully,1
california,1
prepa,1
destitute,1
suit,1
temporarily,1
fell,1
childhood,1
toward,1
again,1
stating,1
renewed,1
earmarked,1
reporting,1
anesthetics,1
stricken,1
lucky,1
practicability,1
financial,1
sup,1
wanting,1
missing,1
efforts,1
outside,1
consideration,1
head,1
stratification,1
revenue,1
foods,1
overproduc,1
dividends,1
herrick,1
reasoning,1
pluses,1
banks,1
cure,1
prop,1
atomic,1
grows,1
beloved,1
nominations,1
janick,1
trimmings,1
considerable,1
cinderella,1
automobiles,1
minister,1
industrialist,1
men,1
ages,1
took,1
drove,1
courthouse,1
ground,1
increases,1
manner,1
flooded,1
road,1
compounds,1
webchat,1
relevant,1
fiber,1
cesses,1
forth,1
stitutes,1
disparity,1
alfalfa,1
flown,1
perhaps,1
native,1
streets,1
brutally,1
al,1
presentation,1
reminds,1
violent,1
plane,1
livinghistoryfarm,1
thousands,1
instructional,1
meetings,1
stabilize,1
bors,1
recognizing,1
reveals,1
vast,1
divided,1
tobacco,1
father,1
disease,1
rityandpoverty,1
intent,1
examples,1
considering,1
insulation,1
randall,1
practice,1
regain,1
bail,1
writings,1
enterprise,1
previously,1
clerical,1
sixth,1
neigh,1
herself,1
expand,1
louis,1
findings,1
host,1
angle,1
stakeholders,1
fourteenth,1
biology,1
emphasize,1
francis,1
blocking,1
cottonseed,1
semiweekly,1
alternative,1
questions,1
bitter,1
implementation,1
decentralization,1
pamphlets,1
engaged,1
prints,1
check,1
full,1
sees,1
leum,1
congregation,1
improvements,1
stayed,1
overturned,1
patents,1
finally,1
fireside,1
ties,1
blogspot,1
exports,1
compositions,1
crises,1
margaret,1
excited,1
emphasizing,1
frustrated,1
blindly,1
tories,1
favorite,1
talk,1
prophesy,1
tury,1
safety,1
reap,1
deals,1
individual,1
symposium,1
hatma,1
pride,1
physics,1
someone,1
threw,1
ef,1
tough,1
played,1
mines,1
dry,1
accurate,1
renewal,1
standard,1
provides,1
transcript,1
reuse,1
imagination,1
artificial,1
millen,1
educational,1
conclusions,1
advisors,1
influencing,1
date,1
trying,1
wash,1
k,1
dollars,1
lift,1
rapeseed,1
successful,1
declare,1
mr,1
mainly,1
effect,1
recommending,1
looks,1
cording,1
italy,1
equivalent,1
looked,1
securing,1
carriage,1
figures,1
accord,1
industrialization,1
persuading,1
insignificant,1
controversial,1
reassured,1
cen,1
agclassroom,1
greek,1
tria,1
unmanageable,1
division,1
species,1
reluctant,1
decision,1
anatomy,1
hunt,1
visit,1
bee,1
turpentine,1
smaller,1
regained,1
boards,1
suggest,1
asking,1
success,1
garvan,1
christian,1
relationship,1
spiral,1
surpassed,1
swinging,1
declaration,1
kuhlmann,1
transformations,1
cow,1
education,1
lot,1
rise,1
holiday,1
ponentially,1
maps,1
williams,1
smeared,1
reasonable,1
employment,1
celebration,1
urges,1
dumb,1
fantasy,1
dragged,1
garvin,1
directions,1
ducing,1
strongly,1
yale,1
armed,1
force,1
returned,1
hamstrung,1
contribution,1
remaining,1
originated,1
shells,1
expert,1
contributor,1
sponsors,1
tearing,1
inexpensively,1
arts,1
extra,1
proffering,1
sjid,1
chamber,1
answer,1
mother,1
fluctuate,1
months,1
insurance,1
face,1
publica,1
association,1
investigate,1
victorious,1
exchanged,1
matters,1
beanstalk,1
detail,1
founders,1
plies,1
assistant,1
ration,1
methodist,1
contained,1
unusually,1
popham,1
fifteen,1
thinking,1
associated,1
cements,1
terrible,1
harness,1
senior,1
reviewing,1
broke,1
hanging,1
infantile,1
version,1
modities,1
conjunction,1
throw,1
broadway,1
extending,1
urgent,1
instructed,1
eco,1
farmed,1
cate,1
continues,1
pace,1
bush,1
delegates,1
alfred,1
truman,1
riculture,1
physical,1
lino,1
charter,1
newsroom,1
meat,1
listeners,1
alcoholfrom,1
here,1
command,1
minerals,1
verify,1
malt,1
kuhlman,1
bright,1
highly,1
know,1
legislature,1
natural,1
indepen,1
infor,1
alleviate,1
principle,1
sure,1
facing,1
inspect,1
worth,1
lying,1
connection,1
historians,1
resentment,1
seem,1
believe,1
corncobs,1
unknown,1
down,1
websites,1
leam,1
erickson,1
domino,1
domestic,1
visiting,1
vicious,1
regaining,1
brinkley,1
cornhusks,1
boasted,1
obviously,1
sustaining,1
rely,1
twelfth,1
gas,1
useless,1
cities,1
examining,1
closest,1
prospects,1
curtailment,1
proposed,1
humorous,1
pushing,1
gardeners,1
wordpress,1
allotment,1
animal,1
stature,1
outlook,1
drop,1
suffering,1
peanuts,1
defending,1
experi,1
heads,1
victims,1
investigation,1
rose,1
stability,1
form,1
rising,1
cause,1
forestry,1
torium,1
hoped,1
remove,1
writes,1
crazy,1
debate,1
mathematics,1
leaving,1
fascination,1
illustrated,1
her,1
reopened,1
foundations,1
undersecretary,1
vehicle,1
secure,1
producers,1
vol,1
listed,1
suggests,1
replacement,1
akiko,1
vigor,1
freedom,1
ington,1
outran,1
pressman,1
daktaaaaibaj,1
traits,1
liv,1
level,1
helpmate,1
advo,1
pits,1
munition,1
ohio,1
plummeted,1
despite,1
oppose,1
endlessly,1
buy,1
focal,1
die,1
durable,1
tried,1
egyptian,1
step,1
reserves,1
dismal,1
went,1
acute,1
measure,1
shareholders,1
substance,1
missionary,1
putnam,1
programs,1
clothing,1
pa,1
pound,1
families,1
tractors,1
comell,1
evidenced,1
au,1
ergon,1
wal,1
tomatoes,1
ogy,1
named,1
false,1
toooks,1
disadvantages,1
promoted,1
survival,1
asunder,1
reaction,1
nounce,1
hormones,1
trusted,1
charts,1
twentieth,1
guest,1
charge,1
gmo,1
accept,1
approximately,1
include,1
citadel,1
consumption,1
sur,1
disruption,1
regular,1
france,1
ralph,1
seeks,1
attempted,1
plentiful,1
area,1
remains,1
campaign,1
comparison,1
specific,1
aligning,1
carbon,1
besides,1
pioneering,1
removed,1
decentralize,1
valuable,1
interlinked,1
ser,1
encouraging,1
industrialists,1
ics,1
ensuring,1
arrived,1
stakehold,1
russia,1
straw,1
succeeded,1
onepage,1
sharing,1
import,1
element,1
entire,1
re,1
immediately,1
seek,1
versatility,1
whenever,1
livestock,1
calories,1
middle,1
sent,1
eventid,1
showed,1
race,1
close,1
cessed,1
grease,1
hort,1
