WORDCOUNTS,WEIGHT
the,563
of,370
to,203
and,174
in,157
is,123
a,117
that,78
photography,78
as,75
s,73
this,71
with,67
for,59
it,58
be,46
we,45
our,44
or,40
on,37
time,36
photographic,35
past,35
but,34
an,33
history,32
by,30
are,30
image,29
was,28
not,28
from,27
one,24
press,24
barthes,23
presence,23
i,23
duration,23
university,22
its,22
which,22
theory,22
has,21
have,20
photograph,20
they,19
no,19
because,19
only,19
more,18
historical,18
images,18
real,17
see,17
so,17
doane,17
at,16
how,16
also,16
than,15
when,15
new,15
bergson,15
would,15
just,15
through,15
experience,14
even,14
his,14
world,14
can,14
their,13
consciousness,13
us,13
what,13
ambivalence,12
all,12
there,12
issue,12
he,12
about,12
desires,12
temporal,12
now,11
desire,11
michaels,11
ability,11
york,11
transl,11
death,11
camera,11
being,10
might,10
century,10
bann,10
roth,10
part,10
own,10
exposure,10
these,10
other,10
present,10
ontological,10
another,10
essay,10
meaning,9
without,9
had,9
my,9
memory,9
already,9
notes,9
ed,9
picture,9
been,9
stephen,9
way,8
ma,8
into,8
difficulty,8
poem,8
most,8
out,8
well,8
work,8
event,8
made,8
reality,8
life,8
then,8
blindness,8
cambridge,8
case,7
notion,7
mary,7
concept,7
sense,7
contingency,7
always,7
seemed,7
will,7
absence,7
thought,7
same,7
social,7
power,7
harvard,7
pleasure,7
archive,7
ann,7
she,7
dead,7
anthropological,7
photographs,7
different,7
instantaneous,7
person,7
both,7
subject,7
does,6
nineteenth,6
something,6
taken,6
seems,6
roland,6
some,6
point,6
find,6
rather,6
capture,6
emergence,6
kelsey,6
six,6
moments,6
revolution,6
technology,6
forms,6
men,6
were,6
never,6
cinematic,6
lucida,6
recording,6
touch,6
runia,6
philosophy,6
chicago,6
uncertainty,6
indexical,6
perception,6
if,5
modern,5
trace,5
before,5
said,5
contingent,5
attempt,5
payne,5
synecdoche,5
events,5
body,5
modernity,5
young,5
conceive,5
henri,5
hughes,5
could,5
however,5
calls,5
related,5
loss,5
whole,5
newspaper,5
am,5
rapid,5
make,5
culture,5
toward,5
bring,5
chance,5
michael,5
passes,5
medium,5
open,5
significance,5
points,5
after,5
become,5
things,5
lost,5
rim,5
why,5
ing,5
nadar,5
historian,5
extension,5
theme,5
here,5
know,5
seem,5
terms,5
her,5
while,5
art,5
representation,5
realism,5
between,5
recent,5
use,4
ways,4
first,4
t,4
human,4
disturbance,4
nature,4
incapacity,4
tion,4
marey,4
reading,4
context,4
historians,4
motion,4
leo,4
say,4
hegel,4
moment,4
unity,4
though,4
perfect,4
happened,4
means,4
entry,4
objectivity,4
powerful,4
notions,4
cannot,4
aspects,4
brought,4
example,4
field,4
rabinbach,4
indeed,4
object,4
still,4
movement,4
rise,4
diary,4
many,4
longer,4
really,4
hand,4
do,4
distance,4
gives,4
ibid,4
fetish,4
nothing,4
alive,4
diamond,4
matters,4
any,4
text,4
lacapra,4
paper,4
very,4
jennifer,4
automatic,4
them,4
problem,4
conference,4
precision,4
aware,4
substitute,4
much,4
lithography,3
hacking,3
snapshot,3
e,3
introduction,3
essays,3
reflections,3
live,3
authority,3
lure,3
viewer,3
ourselves,3
kern,3
book,3
together,3
last,3
johns,3
photographer,3
akin,3
con,3
sought,3
felt,3
politics,3
conception,3
thus,3
singularity,3
review,3
accuracy,3
since,3
de,3
walter,3
price,3
learning,3
remembering,3
look,3
critique,3
stanley,3
may,3
beholder,3
goes,3
distant,3
space,3
impact,3
traces,3
beyond,3
important,3
decades,3
eelco,3
view,3
tucker,3
late,3
focused,3
record,3
hopkins,3
ankersmit,3
gave,3
place,3
call,3
creating,3
least,3
inability,3
grateful,3
kojeve,3
anson,3
wrote,3
brings,3
single,3
robin,3
makes,3
continuity,3
dialectical,3
narratives,3
increasingly,3
efforts,3
registration,3
fact,3
segmentation,3
man,3
less,3
interview,3
cinema,3
perhaps,3
books,3
imagine,3
indexicality,3
cavell,3
ted,3
lose,3
reproducibility,3
especially,3
outside,3
endowing,3
structure,3
haven,3
supposed,3
mediation,3
becomes,3
yale,3
elkins,3
itself,3
face,3
susan,3
singular,3
down,3
regard,3
episodic,3
animal,3
making,3
writes,3
video,3
radically,3
given,3
aspect,3
evidence,3
you,3
create,3
should,3
representational,3
close,3
concerned,2
vienna,2
created,2
affected,2
linguistic,2
becoming,2
stain,2
sublime,2
spirit,2
devices,2
ian,2
refers,2
smile,2
meaningless,2
whom,2
give,2
motor,2
words,2
wholeness,2
analyses,2
introduces,2
signs,2
fossils,2
hirsch,2
right,2
howard,2
richard,2
realistic,2
dynamic,2
above,2
promises,2
exist,2
constitutive,2
accessible,2
schorske,2
difficulties,2
quality,2
interest,2
storehouse,2
allure,2
fried,2
progressive,2
viewing,2
old,2
times,2
perspective,2
conveys,2
marianne,2
ness,2
mechanical,2
like,2
occasion,2
distribution,2
essential,2
basic,2
process,2
ex,2
michel,2
parts,2
witness,2
study,2
white,2
fantasy,2
changes,2
stimson,2
tensions,2
n,2
too,2
w,2
age,2
four,2
impatience,2
generally,2
cost,2
artistic,2
moving,2
pho,2
unfolding,2
histories,2
found,2
called,2
access,2
effort,2
deal,2
circulation,2
dexical,2
pro,2
pointing,2
cultural,2
recently,2
promise,2
public,2
triumph,2
photo,2
filter,2
possibility,2
future,2
writers,2
claim,2
imagined,2
london,2
reduction,2
description,2
realm,2
describe,2
accidental,2
people,2
personal,2
focuses,2
away,2
volume,2
stanford,2
either,2
substituting,2
subjective,2
order,2
heart,2
around,2
dominick,2
several,2
specificity,2
bridge,2
disabilities,2
breaking,2
dramatic,2
essentially,2
ent,2
correspondence,2
disturbing,2
faber,2
f,2
positions,2
acknowledged,2
fractured,2
souvenir,2
comments,2
initially,2
suppose,2
echographies,2
duve,2
frank,2
ubiquity,2
depicted,2
siegfried,2
criticism,2
paradox,2
index,2
diluting,2
skin,2
baltimore,2
memories,2
al,2
acknowledging,2
two,2
touching,2
noted,2
possibilities,2
lewis,2
name,2
mark,2
expose,2
occurrence,2
et,2
music,2
abstract,2
end,2
seize,2
contemporary,2
discussed,2
wesleyan,2
learn,2
paris,2
photographers,2
forth,2
material,2
benn,2
project,2
strauss,2
frizot,2
vast,2
intimate,2
handwritten,2
arose,2
looking,2
silverman,2
debora,2
instants,2
conflicted,2
actual,2
maintains,2
full,2
distortion,2
three,2
idiosyncratic,2
language,2
try,2
helpful,2
him,2
segment,2
narcissistic,2
wasn,2
eyes,2
relation,2
overcome,2
topics,2
teach,2
rupture,2
looked,2
saw,2
engagement,2
decay,2
incongruous,2
relationship,2
me,2
provide,2
science,2
cora,2
within,2
hill,2
understand,2
philosopher,2
recognize,2
hope,2
get,2
cam,2
detail,2
struggling,2
associated,2
changing,2
must,2
word,2
totality,2
each,2
celluloid,2
interested,2
derrida,2
carl,2
linked,2
written,2
passage,2
instant,2
merely,2
cal,2
transfers,2
spatial,2
stability,2
want,2
metonymy,2
particular,2
independently,2
thierry,2
metaphor,2
temporally,2
inscriptions,2
exposures,2
getting,2
vitality,2
almost,2
episode,2
resurrecting,2
bodies,2
son,2
sontag,2
became,2
kracauer,2
everywhere,2
fleeting,2
phenomenon,2
isolated,2
writing,2
think,2
tions,2
reconsiderations,2
come,2
shown,2
years,2
wang,2
relinquishing,2
course,2
offer,2
certificate,2
disrupt,2
portrait,2
offered,2
mediations,2
era,2
little,2
uk,2
spitzer,2
famous,2
freud,1
taneous,1
grasped,1
impossibility,1
go,1
divisible,1
explosion,1
handsome,1
helped,1
produces,1
done,1
immobility,1
page,1
m,1
lem,1
integrative,1
common,1
pull,1
compensate,1
truth,1
represent,1
judging,1
tory,1
everyone,1
gravitational,1
extend,1
episodes,1
fiction,1
repre,1
priations,1
staggering,1
hats,1
histor,1
proselytizing,1
differentiating,1
predilection,1
passing,1
connect,1
ventional,1
tiality,1
farrar,1
juxtaposition,1
transportation,1
fluid,1
replaced,1
organizer,1
hate,1
kinds,1
ample,1
mobility,1
mad,1
nouveau,1
symbolize,1
stone,1
stim,1
referring,1
openness,1
true,1
murder,1
completely,1
easily,1
liamstown,1
favor,1
conscious,1
flows,1
onymic,1
tied,1
abstentia,1
resurgence,1
hysterical,1
presents,1
shop,1
holding,1
cusp,1
faded,1
cornell,1
stirs,1
guise,1
monograph,1
attuned,1
claire,1
intentions,1
diffusion,1
juste,1
corey,1
defeated,1
fatigue,1
smiles,1
philosophers,1
collusion,1
invention,1
long,1
every,1
recogni,1
torical,1
thrill,1
lu,1
quoting,1
ii,1
gan,1
attempts,1
caust,1
feeling,1
possesses,1
pictured,1
secretary,1
imparts,1
interviewer,1
rare,1
j,1
historiography,1
infinite,1
confirmed,1
dramatically,1
plode,1
reach,1
prejudices,1
attractive,1
knowing,1
explores,1
advantage,1
broken,1
conceptualized,1
great,1
timing,1
pressed,1
exotic,1
fully,1
narrative,1
purple,1
senses,1
confront,1
able,1
navigate,1
tionair,1
sifies,1
link,1
closer,1
loud,1
dizzying,1
picturing,1
take,1
reproduction,1
incite,1
nevertheless,1
subsequent,1
embrace,1
sentation,1
devised,1
mind,1
infinitely,1
state,1
stand,1
remainder,1
those,1
wolfe,1
opposite,1
decreased,1
tamed,1
gratified,1
visibility,1
lution,1
el,1
papers,1
ad,1
horrors,1
british,1
dura,1
forthcoming,1
unmediated,1
resembles,1
linear,1
sibree,1
attribute,1
shane,1
captures,1
capacity,1
u,1
conditioned,1
mutation,1
discuss,1
victims,1
representations,1
disseminated,1
reminder,1
miniature,1
possible,1
logical,1
compelling,1
cre,1
chambre,1
condition,1
recollecting,1
characterize,1
powers,1
etienne,1
october,1
memo,1
obvious,1
apart,1
taking,1
combination,1
except,1
rela,1
eliminating,1
reminding,1
quantity,1
literal,1
duce,1
anticipated,1
along,1
dementia,1
tographic,1
removes,1
collection,1
sign,1
controlled,1
ecstatic,1
exposed,1
mid,1
labor,1
fullness,1
central,1
della,1
penalty,1
fluency,1
lon,1
rapher,1
histori,1
pogson,1
famously,1
facts,1
immediate,1
such,1
attest,1
chronophotography,1
metonymically,1
connected,1
illustrates,1
objective,1
pursuit,1
realized,1
unpublished,1
g,1
characteristic,1
madness,1
ease,1
mentalite,1
videos,1
relations,1
bashful,1
berbard,1
smiling,1
delusional,1
insofar,1
topic,1
kind,1
dis,1
thing,1
inserted,1
distinct,1
elements,1
nor,1
destroyed,1
clark,1
document,1
concrete,1
stokes,1
concerning,1
profound,1
back,1
subjects,1
encompass,1
differently,1
pricks,1
ithaca,1
columbia,1
holds,1
disturbs,1
occult,1
ally,1
left,1
varieties,1
taming,1
clock,1
vanish,1
compare,1
irresistible,1
y,1
drawn,1
deceased,1
spite,1
deeply,1
departed,1
discovering,1
bel,1
join,1
istering,1
kellor,1
essen,1
ment,1
payoff,1
depths,1
traumatic,1
let,1
promised,1
longing,1
gravitate,1
threatens,1
operation,1
opposed,1
via,1
interesting,1
library,1
acculturation,1
appro,1
invaded,1
recognized,1
fleet,1
town,1
whose,1
air,1
twinned,1
commune,1
respondent,1
purely,1
l,1
inauthenticity,1
bypassing,1
across,1
remain,1
gewesen,1
interpretation,1
disjunction,1
af,1
mean,1
affective,1
unique,1
giroux,1
awk,1
similar,1
revivification,1
grew,1
certain,1
travels,1
ethan,1
benjamin,1
tionship,1
uncertainties,1
feel,1
consequences,1
uncanny,1
lowers,1
characterizes,1
pearance,1
support,1
thomas,1
reason,1
lives,1
category,1
dialectically,1
perceptions,1
galloping,1
circulated,1
deflect,1
consider,1
trumping,1
unthinking,1
key,1
cri,1
imagination,1
established,1
familiar,1
antidote,1
organized,1
metaphysics,1
liberal,1
elsewhere,1
edition,1
articulated,1
nakedness,1
indivisible,1
teased,1
fore,1
frozen,1
presumed,1
show,1
stewart,1
origins,1
ques,1
isolation,1
ornament,1
cheroux,1
victorian,1
permanent,1
solve,1
holo,1
flow,1
escapes,1
tyranny,1
ates,1
appear,1
promote,1
perceive,1
pencil,1
friends,1
thinks,1
whereas,1
hours,1
expressed,1
result,1
prehistoric,1
came,1
based,1
geoffrey,1
inten,1
aftermath,1
nancy,1
entering,1
hands,1
p,1
speaker,1
expli,1
conjoining,1
embracing,1
transference,1
intentionality,1
shared,1
pass,1
intermediary,1
zone,1
beholds,1
persist,1
captured,1
ogy,1
shoes,1
philosophical,1
im,1
term,1
density,1
braun,1
infected,1
pure,1
irony,1
shall,1
shake,1
war,1
youthful,1
auschwitz,1
keywords,1
stoppages,1
folders,1
viewed,1
passions,1
intensity,1
meet,1
zeroed,1
energy,1
vivid,1
fashionable,1
doesn,1
dialectic,1
tension,1
produce,1
hulme,1
guarantee,1
blake,1
died,1
gps,1
wants,1
influenced,1
impression,1
eyewitness,1
torn,1
spatialization,1
shape,1
polemically,1
timewhile,1
having,1
don,1
vivant,1
data,1
literature,1
psychology,1
sity,1
publish,1
egory,1
balti,1
storiografia,1
nine,1
invisible,1
repetition,1
reader,1
discusses,1
reinvests,1
stir,1
batchen,1
dover,1
knowledge,1
clearer,1
kari,1
experiencing,1
criticized,1
reminded,1
directness,1
authenticity,1
used,1
surrounds,1
precipitated,1
private,1
fit,1
consistently,1
straus,1
during,1
printers,1
contains,1
records,1
underscored,1
participated,1
hurries,1
cat,1
sensibility,1
meaninglessness,1
contesta,1
wil,1
ter,1
sterling,1
visions,1
polity,1
marking,1
carey,1
heuristic,1
encounters,1
thread,1
depicting,1
causal,1
change,1
terested,1
published,1
strove,1
computer,1
ist,1
thorial,1
describing,1
love,1
theoretically,1
suggest,1
wished,1
mystified,1
next,1
grass,1
television,1
contrast,1
discourse,1
sharp,1
ward,1
night,1
berg,1
small,1
historicist,1
calling,1
la,1
pain,1
concerns,1
feelings,1
revealing,1
exactitude,1
executed,1
transfer,1
tucked,1
research,1
choosing,1
codes,1
latest,1
seeds,1
condemned,1
up,1
interpreta,1
clem,1
dependent,1
assassin,1
amplifies,1
describes,1
games,1
vent,1
value,1
crime,1
jules,1
capturing,1
society,1
lection,1
faithfully,1
critical,1
happen,1
interruptive,1
film,1
led,1
imprint,1
referent,1
likely,1
transform,1
ical,1
ramifications,1
forever,1
minor,1
matter,1
variety,1
practices,1
architecture,1
carried,1
letters,1
scientific,1
short,1
mediacy,1
overall,1
comparative,1
expansion,1
techniques,1
tide,1
theorizing,1
framing,1
victo,1
sjcience,1
whatever,1
fossil,1
says,1
registered,1
modes,1
seemingly,1
hitherto,1
hold,1
direction,1
prefigured,1
cocky,1
once,1
sweeping,1
yet,1
francine,1
victor,1
lithographic,1
tinuous,1
refusing,1
presentness,1
gourevitch,1
soon,1
rain,1
den,1
under,1
perceived,1
pres,1
palmer,1
participants,1
conveying,1
symptom,1
light,1
eagerness,1
hay,1
bergsonian,1
begins,1
revenge,1
centu,1
iterability,1
avoided,1
cage,1
spatially,1
fabulous,1
sis,1
referen,1
shuddering,1
paul,1
forthcom,1
challenge,1
cocked,1
technique,1
sometimes,1
others,1
europe,1
put,1
mnemonic,1
addition,1
experienced,1
tingent,1
lengthy,1
metahistory,1
shows,1
idea,1
mechani,1
limit,1
endless,1
absent,1
jottings,1
numinosity,1
pressure,1
convo,1
stanza,1
rial,1
trips,1
vision,1
inevitably,1
grave,1
break,1
classical,1
isolate,1
revelatory,1
hear,1
grows,1
reductionist,1
shoulder,1
fetishized,1
everything,1
prose,1
petrifies,1
pattern,1
external,1
rhetoric,1
behind,1
fits,1
available,1
execution,1
dement,1
lines,1
hu,1
tography,1
frightening,1
inert,1
pulsing,1
assault,1
hale,1
routledge,1
style,1
harnessed,1
number,1
free,1
shoot,1
obsession,1
reminds,1
shine,1
infect,1
reorganize,1
status,1
recognizing,1
apt,1
understanding,1
technologies,1
meaningful,1
discussion,1
abide,1
technol,1
skepticism,1
accelerate,1
birth,1
knopf,1
subjectivity,1
accomplices,1
upon,1
range,1
ic,1
locate,1
inscription,1
evacuation,1
onto,1
rapidity,1
alerted,1
ridiculous,1
including,1
enormous,1
dissolve,1
characterizing,1
expand,1
persists,1
wound,1
empirical,1
heath,1
significant,1
expression,1
confidence,1
illusion,1
exciting,1
approach,1
causes,1
affects,1
questions,1
trend,1
ontology,1
raising,1
sees,1
nightmare,1
stopping,1
california,1
ambiva,1
inhere,1
underwent,1
described,1
ties,1
clear,1
corrupted,1
talbot,1
modem,1
authors,1
b,1
uncontrollable,1
immanence,1
faces,1
warding,1
issn,1
horrific,1
held,1
disappoint,1
haunted,1
keep,1
pride,1
allowed,1
historicization,1
characterized,1
ny,1
period,1
satisfies,1
function,1
ry,1
depiction,1
reformulated,1
played,1
serves,1
assassinate,1
unintentionally,1
shortly,1
anyone,1
stride,1
standard,1
provides,1
legacy,1
graphic,1
shutter,1
realist,1
systems,1
trying,1
parallel,1
nicely,1
editors,1
interpretations,1
effect,1
mately,1
excluded,1
james,1
claiming,1
capitalism,1
greece,1
horse,1
macmillan,1
empiricist,1
tendency,1
industrialization,1
attend,1
conveyed,1
jection,1
quarter,1
tenuous,1
embodied,1
rian,1
attention,1
entanglement,1
stereotypes,1
weimar,1
justice,1
verve,1
representationalist,1
photog,1
terizing,1
european,1
enough,1
depth,1
accepting,1
alters,1
bajorek,1
circle,1
backward,1
flower,1
raise,1
continued,1
segments,1
stream,1
crucial,1
gigantic,1
eigentlich,1
husband,1
pleasures,1
claimed,1
begin,1
indexi,1
credentials,1
reminders,1
exists,1
modernism,1
widespread,1
cality,1
dimensions,1
who,1
transformed,1
force,1
returned,1
relevant,1
remaining,1
ement,1
paradoxical,1
deals,1
stimulated,1
frames,1
memorable,1
diagnosis,1
es,1
phrase,1
embarrassment,1
arts,1
analysis,1
continually,1
commenting,1
underscores,1
creasingly,1
fontana,1
months,1
ebb,1
tial,1
worlds,1
unusual,1
empathy,1
interpretive,1
occupies,1
grounded,1
tortion,1
meant,1
ripped,1
considered,1
citation,1
dissertation,1
disap,1
heat,1
instan,1
storia,1
thinking,1
beast,1
practice,1
following,1
broke,1
muybridge,1
ters,1
comes,1
series,1
version,1
forget,1
demonstrate,1
simply,1
reconstitute,1
constituted,1
ever,1
beside,1
precise,1
apprehended,1
borrow,1
occurrences,1
intensely,1
prob,1
hawk,1
repository,1
forty,1
berkeley,1
natural,1
over,1
intellectual,1
fault,1
readily,1
worth,1
december,1
global,1
embodiments,1
exploration,1
believe,1
did,1
alexander,1
preci,1
tity,1
unsettling,1
eventually,1
iii,1
vibrant,1
particularly,1
accentuates,1
contradictory,1
denotes,1
rely,1
interconnection,1
pictures,1
burying,1
enlarged,1
mass,1
problematics,1
living,1
type,1
better,1
places,1
photogra,1
according,1
automatically,1
perceiving,1
impulse,1
combined,1
poses,1
ulti,1
toehold,1
references,1
juxtaposed,1
mere,1
grief,1
marta,1
dream,1
evinces,1
univer,1
institute,1
grades,1
explored,1
maturing,1
emblematic,1
missed,1
graceful,1
threat,1
contain,1
anxieties,1
lence,1
portraits,1
capable,1
remember,1
apparatus,1
preserved,1
multiple,1
thereby,1
met,1
reproducible,1
glosses,1
decisive,1
introduced,1
revolutions,1
content,1
snapshots,1
easy,1
stiegler,1
die,1
congenial,1
sion,1
encounter,1
penny,1
summarizes,1
colonial,1
qualitative,1
challenges,1
using,1
ized,1
au,1
perceptual,1
coming,1
margins,1
wie,1
spaceand,1
thirst,1
question,1
layers,1
elongated,1
acknowledg,1
diachrony,1
quest,1
rationalization,1
twentieth,1
jacques,1
frame,1
fulfillment,1
write,1
salas,1
finally,1
accept,1
iden,1
crisis,1
levin,1
parallels,1
armstrong,1
contributed,1
phy,1
wrinkled,1
instead,1
reg,1
cognitive,1
need,1
cation,1
france,1
piece,1
defined,1
cida,1
off,1
lillis,1
caption,1
tableaux,1
nega,1
viewers,1
shift,1
speak,1
underlined,1
inclination,1
charac,1
charles,1
conceptualizing,1
punctum,1
news,1
kleinberg,1
stoppage,1
teenth,1
capitulation,1
archival,1
texts,1
chews,1
element,1
documentary,1
abandoned,1
traditional,1
focus,1
recalcitrant,1
glance,1
strong,1
primordial,1
weil,1
successive,1
col,1
conversations,1
brevity,1
interrogated,1
pom,1
