WORDCOUNTS,WEIGHT
the,1129
of,553
and,392
to,392
in,332
a,234
was,213
that,180
by,171
sterling,149
for,119
it,112
economic,108
had,107
would,102
on,100
s,96
were,84
p,81
not,80
with,78
be,76
this,74
rate,71
as,69
from,68
government,66
been,64
at,63
an,62
which,59
labour,58
history,57
bank,57
tna,54
there,50
pp,50
million,48
per,46
november,46
cent,45
have,45
its,42
wilson,41
international,39
but,39
devaluation,38
nov,37
balance,36
economy,34
british,33
these,33
pro,33
review,32
payments,32
support,30
all,29
two,29
more,29
than,28
london,28
between,28
they,27
society,27
foreign,27
position,26
treasury,26
deficit,25
external,25
policy,24
did,24
n,24
exchange,24
if,23
market,23
measures,23
billion,23
about,23
or,23
their,22
newton,22
financial,22
banks,22
prem,21
no,21
could,21
callaghan,21
currency,21
cromer,21
britain,21
one,20
out,20
he,20
time,20
confidence,20
crises,20
so,20
is,20
city,20
crisis,20
chancellor,19
central,19
such,19
governments,19
lord,19
new,19
exports,19
times,19
what,19
england,18
argued,18
markets,18
up,18
demand,18
governor,18
when,18
uk,18
devalue,17
kahn,17
growth,17
after,17
part,17
under,17
see,17
budget,17
given,17
national,17
should,17
package,16
however,16
cairncross,16
years,16
trade,16
oecd,16
over,16
october,15
action,15
forward,15
only,15
increase,15
decision,15
enquiry,15
global,15
into,14
first,14
other,14
back,14
rather,14
imports,14
scott,14
situation,14
rise,14
credit,14
case,14
while,14
balances,14
reserves,14
meeting,14
surcharge,13
interest,13
his,13
result,13
overseas,13
change,13
oct,13
tax,13
also,13
pressure,13
made,13
figure,13
deflation,13
both,13
d,13
much,13
later,12
prime,12
mr,12
has,12
since,12
against,12
most,12
reserve,12
minister,12
capital,12
evidence,12
import,12
now,11
liabilities,11
export,11
further,11
during,11
bankers,11
end,11
usa,11
finance,11
current,11
pound,11
being,10
within,10
point,10
resources,10
thirlwall,10
year,10
imf,10
spot,10
power,10
dollar,10
states,10
them,10
c,10
col,10
taken,9
secretary,9
available,9
account,9
some,9
relations,9
problems,9
maudling,9
because,9
selling,9
us,9
fact,9
deflationary,9
necessary,9
ibid,9
spending,9
three,9
note,9
economists,9
months,9
supported,9
speculation,9
level,9
armstrong,9
before,8
december,8
t,8
state,8
gibson,8
money,8
vol,8
development,8
speculative,8
failed,8
costs,8
rescue,8
public,8
r,8
prices,8
members,8
enough,8
increases,8
where,8
tomlinson,8
high,8
last,8
dollars,8
who,8
then,8
country,8
down,8
hirsch,8
although,8
area,8
nsa,8
o,7
estimated,7
group,7
needed,7
use,7
might,7
leading,7
short,7
political,7
election,7
g,7
response,7
borrowing,7
strange,7
followed,7
m,7
assets,7
well,7
own,7
monetary,7
long,7
world,7
second,7
expansion,7
intervention,7
holders,7
j,7
crosland,7
street,7
do,7
day,7
another,7
investment,7
hara,7
i,7
held,7
summer,7
european,7
anxiety,7
circumstances,7
reinforced,7
cover,7
domestic,7
theory,7
became,7
course,7
gold,7
commitment,6
large,6
designed,6
federal,6
ii,6
papers,6
iv,6
ponting,6
immediate,6
regarded,6
price,6
turn,6
left,6
even,6
danger,6
just,6
w,6
ministers,6
strategy,6
either,6
hard,6
floating,6
protect,6
led,6
secondly,6
july,6
still,6
industrial,6
serious,6
covered,6
reflected,6
provoked,6
allowed,6
period,6
increasing,6
heavy,6
any,6
neild,6
until,6
early,6
go,5
done,5
concerned,5
e,5
total,5
reasons,5
wage,5
existence,5
announced,5
reaction,5
far,5
himself,5
letter,5
surplus,5
nn,5
forced,5
higher,5
determination,5
impact,5
record,5
view,5
term,5
late,5
war,5
failure,5
line,5
gains,5
received,5
example,5
nation,5
policies,5
good,5
dealers,5
industry,5
annual,5
seemed,5
business,5
indeed,5
make,5
initially,5
forecast,5
management,5
same,5
fell,5
others,5
towards,5
greeted,5
v,5
eurodollar,5
less,5
local,5
raising,5
office,5
clear,5
schenk,5
standby,5
especially,5
five,5
favour,5
whereby,5
why,5
expectations,5
itself,5
following,5
alternative,5
set,5
devalued,5
worth,5
downing,5
half,5
particular,5
problem,5
woodward,5
agreed,5
incomes,5
through,5
role,5
prepared,5
conditions,5
shift,5
major,5
created,4
osa,4
offset,4
h,4
western,4
holding,4
macdougall,4
brandon,4
fund,4
rapid,4
continue,4
stringent,4
credits,4
able,4
take,4
committed,4
system,4
tab,4
issue,4
politics,4
dynamic,4
difficulties,4
run,4
de,4
multinationals,4
ability,4
financing,4
funds,4
document,4
third,4
outflow,4
competitive,4
ment,4
may,4
saviours,4
helleiner,4
reforms,4
old,4
slowly,4
stewart,4
statement,4
beyond,4
came,4
based,4
charlatans,4
informed,4
let,4
red,4
required,4
facilities,4
manser,4
currencies,4
work,4
planning,4
ten,4
middle,4
weeks,4
approach,4
working,4
trading,4
order,4
sharp,4
involved,4
around,4
rates,4
critical,4
absence,4
corporation,4
reduce,4
above,4
competitiveness,4
yet,4
home,4
middleton,4
act,4
party,4
actually,4
pointed,4
europe,4
plan,4
float,4
income,4
advisers,4
dea,4
sell,4
remained,4
sir,4
deposits,4
brittan,4
exciting,4
risk,4
full,4
tl,4
revised,4
earlier,4
outside,4
become,4
effect,4
paris,4
figures,4
we,4
movements,4
chance,4
imbalance,4
dec,4
lost,4
seen,4
strongly,4
began,4
thrilling,4
countries,4
responsible,4
united,4
known,4
amounted,4
particularly,4
very,4
number,4
stability,4
rising,4
inflow,4
tives,4
information,4
despite,4
controls,4
gb,4
leruez,4
argument,4
defence,4
consumption,4
need,4
autumn,4
comparison,4
reached,4
substantial,4
does,3
common,3
way,3
widening,3
alone,3
settlements,3
authority,3
true,3
justified,3
chief,3
strikes,3
round,3
said,3
production,3
attempt,3
nature,3
harrod,3
wave,3
resulting,3
subsequent,3
damage,3
unmentionable,3
somewhat,3
kynaston,3
cabinet,3
encouraging,3
sought,3
right,3
cooperation,3
move,3
anticipated,3
along,3
exposed,3
complained,3
throughout,3
devalu,3
shonfield,3
severe,3
objective,3
september,3
ray,3
relatively,3
century,3
expected,3
adjustment,3
memorandum,3
restrict,3
six,3
output,3
club,3
suitable,3
general,3
chancellors,3
aim,3
parity,3
york,3
added,3
whose,3
managing,3
main,3
affairs,3
talk,3
terms,3
emergency,3
factors,3
moreover,3
downward,3
ation,3
improvement,3
statistical,3
earnings,3
welfare,3
too,3
age,3
drawing,3
cut,3
appear,3
xlix,3
devaluations,3
discount,3
changed,3
scepticism,3
deficits,3
cuts,3
promise,3
negotiated,3
expensive,3
improve,3
conservatives,3
relief,3
minute,3
already,3
start,3
swap,3
unless,3
feared,3
partly,3
personal,3
president,3
announcement,3
macroeconomic,3
caused,3
marx,3
next,3
stimulated,3
insurance,3
small,3
consensus,3
june,3
tony,3
starting,3
decline,3
tended,3
corporations,3
generally,3
productivity,3
cycle,3
value,3
favoured,3
therefore,3
stockbuilding,3
reduced,3
identified,3
wrote,3
overall,3
prevailing,3
april,3
fighting,3
creditors,3
morgan,3
index,3
gov,3
efforts,3
petrol,3
without,3
exodus,3
department,3
increasingly,3
sector,3
published,3
french,3
addition,3
many,3
lack,3
our,3
aug,3
contemporary,3
took,3
present,3
accepted,3
establish,3
going,3
week,3
private,3
success,3
encouraged,3
significant,3
net,3
finally,3
hutchinson,3
august,3
started,3
premium,3
dell,3
repeated,3
margin,3
article,3
k,3
banking,3
postwar,3
capitalism,3
story,3
quarterly,3
quarter,3
concluded,3
wisdom,3
fear,3
reasonable,3
employment,3
centre,3
widespread,3
life,3
pressures,3
meant,3
shadow,3
elected,3
jekyll,3
convertibility,3
control,3
ministerial,3
paper,3
are,3
seem,3
altering,3
argue,3
iii,3
losses,3
goods,3
coombs,3
breach,3
unlikely,3
whether,3
rose,3
maintain,3
hyde,3
almost,3
don,3
suggests,3
decisive,3
introduced,3
subject,3
plans,3
administration,3
went,3
conventional,3
arguments,3
ho,3
come,3
disappear,3
twentieth,3
newyork,3
washington,3
cooper,3
involving,3
asked,3
programme,3
sides,3
west,3
liquid,3
strong,3
draft,3
difficult,2
archives,2
characterized,2
struggle,2
obligations,2
avoiding,2
anthony,2
indicated,2
sirw,2
mon,2
profitability,2
resulted,2
liquidity,2
submission,2
germany,2
expect,2
told,2
globalization,2
approved,2
regulations,2
union,2
studies,2
keynesianism,2
january,2
encourage,2
aversion,2
incentive,2
causes,2
source,2
turning,2
disturbances,2
experience,2
tnaj,2
gap,2
www,2
destabilizing,2
undermine,2
certainly,2
expectation,2
reduction,2
worked,2
hoc,2
words,2
reach,2
advantage,2
governed,2
narrative,2
frus,2
conservative,2
ber,2
banquet,2
nevertheless,2
help,2
pib,2
robert,2
opposite,2
briefing,2
checked,2
hostile,2
eea,2
partners,2
con,2
jenkins,2
antici,2
task,2
porter,2
possible,2
drive,2
community,2
taking,2
combination,2
cited,2
reconstruction,2
harold,2
optimism,2
mistake,2
key,2
thus,2
collapse,2
modernization,2
accounted,2
pursue,2
afford,2
rooted,2
paused,2
arena,2
exhausted,2
balls,2
highest,2
arranged,2
warned,2
drawn,2
stimulating,2
hardly,2
acted,2
purchasing,2
rights,2
talks,2
steps,2
operation,2
german,2
hobsbawm,2
l,2
performance,2
developed,2
how,2
stop,2
elasticity,2
basic,2
process,2
represented,2
fed,2
b,2
direct,2
contributions,2
study,2
black,2
mobilize,2
form,2
extremes,2
insistence,2
win,2
deflate,2
ensure,2
wages,2
servants,2
url,2
consider,2
delegation,2
michie,2
clearly,2
threatening,2
contemporaries,2
quarters,2
prevent,2
xi,2
unavoidable,2
obstfeld,2
powerful,2
surface,2
concerning,2
indications,2
avert,2
pated,2
suggested,2
advocated,2
holdings,2
arrival,2
allow,2
appearance,2
search,2
attack,2
effort,2
shared,2
banked,2
initial,2
inter,2
fourth,2
transactions,2
recently,2
companies,2
suffered,2
handled,2
guarantee,2
opposition,2
near,2
possibility,2
commitments,2
bradshaw,2
revealed,2
intense,2
favourable,2
civil,2
apparent,2
interna,2
positions,2
chequers,2
whole,2
used,2
falling,2
thereafter,2
bidding,2
project,2
exporters,2
attributed,2
social,2
sense,2
abnormality,2
stage,2
ministries,2
outbreak,2
castle,2
objec,2
overheating,2
concerns,2
multinational,2
grow,2
manchester,2
brown,2
st,2
pa,2
paid,2
jeffreys,2
actions,2
will,2
threatened,2
f,2
arrangement,2
critics,2
advocate,2
williamson,2
return,2
brief,2
merits,2
nearly,2
convince,2
toniolo,2
commenced,2
comments,2
unprecedented,2
hold,2
decisions,2
percentage,2
once,2
oxford,2
criticism,2
arrangements,2
borrowed,2
included,2
commonwealth,2
raise,2
tionary,2
noted,2
arranging,2
avoided,2
picture,2
volume,2
persuasive,2
stemmed,2
name,2
outflows,2
attacks,2
again,2
statistics,2
backed,2
deterioration,2
projects,2
sbracia,2
lacked,2
subsidiaries,2
shows,2
lazio,2
appeared,2
intended,2
really,2
substantially,2
fluctuations,2
appropriately,2
great,2
removal,2
forms,2
accusations,2
begin,2
empire,2
horace,2
coincided,2
volatile,2
gdp,2
eds,2
fundamentals,2
threats,2
free,2
corpo,2
organize,2
oil,2
divided,2
bear,2
including,2
manufactured,2
expand,2
top,2
robinson,2
oversold,2
submitted,2
trend,2
recovery,2
individuals,2
tactic,2
improvements,2
rejected,2
steering,2
switched,2
tional,2
adding,2
frustrated,2
grew,2
restraint,2
agreement,2
approving,2
logic,2
try,2
evening,2
covering,2
function,2
him,2
risen,2
played,2
latter,2
special,2
facing,2
often,2
respectively,2
italy,2
relative,2
joint,2
behind,2
adviser,2
dealing,2
tests,2
ity,2
foreseen,2
replied,2
fairly,2
bulk,2
eurodollars,2
lines,2
attitude,2
deteriorating,2
novem,2
bulletin,2
inadequate,2
escape,2
unsurprising,2
fall,2
composed,2
kaldor,2
face,2
canada,2
unusual,2
rises,2
gab,2
considered,2
claims,2
rebate,2
ration,2
authorities,2
contingency,2
series,2
borrow,2
sold,2
quickly,2
ran,2
branches,2
withdrawals,2
zhagini,2
different,2
expanding,2
confident,2
historians,2
wall,2
section,2
prospects,2
thompson,2
turned,2
according,2
johnson,2
purchase,2
cause,2
healthy,2
rationality,2
burden,2
benefited,2
milward,2
hankey,2
ill,2
mandarin,2
duty,2
convinced,2
mayor,2
giving,2
buy,2
hirst,2
using,2
coming,2
buying,2
commercial,2
internationalization,2
argues,2
notes,2
average,2
intensified,2
kingdom,2
charge,2
aware,2
instead,2
grown,2
provided,2
product,2
politicians,2
you,2
colleagues,2
securities,2
removed,2
rest,2
justify,2
stemming,2
era,2
ingham,2
views,2
abroad,2
little,2
abandoned,2
traditional,2
among,2
seek,2
here,2
built,2
nicholas,1
inflationary,1
resolve,1
horror,1
combi,1
ments,1
modelling,1
ending,1
margins,1
abolition,1
possessed,1
mostly,1
revisionist,1
doubts,1
discourage,1
limits,1
lenged,1
tion,1
stood,1
showdown,1
guaranteeing,1
compensate,1
parities,1
modernize,1
credibility,1
dash,1
discredited,1
college,1
footnote,1
trans,1
calm,1
dissolution,1
quent,1
demarche,1
notably,1
pushed,1
minutes,1
conducted,1
replaced,1
ample,1
mobility,1
enhance,1
approve,1
picked,1
drawings,1
ma,1
satires,1
formed,1
healey,1
vigour,1
cub,1
tors,1
sets,1
continent,1
completely,1
patriarch,1
placed,1
expenditure,1
inconsistent,1
reassured,1
checking,1
mortgaged,1
satisfied,1
better,1
xxxi,1
considerations,1
assumption,1
former,1
specula,1
conclusive,1
motive,1
fixed,1
throwing,1
necessarily,1
gamble,1
occurred,1
malden,1
garsington,1
hayes,1
something,1
assume,1
attractiveness,1
evasion,1
verdict,1
dose,1
meade,1
consultations,1
cutting,1
lower,1
warns,1
cast,1
reassure,1
requisition,1
haroldwilson,1
provision,1
stressed,1
australia,1
promissory,1
failing,1
barriers,1
fast,1
embraced,1
preceding,1
fabula,1
interests,1
reappear,1
buoyant,1
sooner,1
quoting,1
wane,1
attempts,1
restoration,1
military,1
hire,1
defla,1
suspicions,1
dated,1
refusal,1
promoting,1
emerged,1
freely,1
referees,1
official,1
seems,1
switzerland,1
definition,1
confirmed,1
hedged,1
brisk,1
height,1
attractive,1
assertion,1
desire,1
momentum,1
bottlenecks,1
fident,1
timing,1
accumulated,1
pressed,1
senses,1
confront,1
transferred,1
thanks,1
onto,1
room,1
anyway,1
scheduled,1
debt,1
efficiently,1
sep,1
xx,1
called,1
strain,1
salary,1
etary,1
prescription,1
meantime,1
improving,1
greatly,1
blackwell,1
raised,1
those,1
principal,1
ambiguous,1
revise,1
hostility,1
worldwide,1
growing,1
concealed,1
sound,1
empty,1
incen,1
tripling,1
dr,1
roy,1
attacked,1
adverse,1
accountable,1
rhen,1
draw,1
march,1
illiquidity,1
drastic,1
vulnerability,1
design,1
welcome,1
repaying,1
determined,1
marked,1
compelling,1
delivering,1
enforcement,1
reaching,1
keen,1
mutual,1
taxation,1
consumers,1
thirdly,1
calmed,1
dutch,1
mounting,1
occurring,1
variations,1
say,1
except,1
supervision,1
x,1
panic,1
bottom,1
apply,1
negotiation,1
undoubtedly,1
unhappy,1
eroded,1
sweet,1
holland,1
allayed,1
internationally,1
communiqu,1
sign,1
attract,1
singled,1
signal,1
monday,1
exist,1
repeatedly,1
victim,1
joan,1
sensitivity,1
dependence,1
disorder,1
historically,1
undertaking,1
reverse,1
estimating,1
cool,1
past,1
backgrounds,1
restraining,1
xxiii,1
maintenance,1
cooperate,1
patchy,1
collapsed,1
bridging,1
outbid,1
destabilized,1
te,1
consumer,1
democratically,1
realization,1
vened,1
dubbed,1
insofar,1
assured,1
tripartite,1
admitted,1
unwilling,1
priority,1
progressive,1
productiv,1
levies,1
elements,1
nor,1
unspecified,1
notto,1
blame,1
underlying,1
rejecting,1
bay,1
keep,1
perspective,1
canal,1
amount,1
approval,1
differently,1
withdraw,1
allowing,1
dearly,1
compared,1
economiques,1
honour,1
labouring,1
twice,1
witnessed,1
estimate,1
thin,1
vacillation,1
fowler,1
find,1
profit,1
quell,1
instruments,1
closure,1
boom,1
assurances,1
william,1
occasion,1
sition,1
tained,1
fierce,1
adjust,1
ton,1
cheltenham,1
loans,1
error,1
poorly,1
capitals,1
likely,1
repatriated,1
industries,1
pay,1
incentives,1
accumulate,1
reappeared,1
automatic,1
via,1
mea,1
pitch,1
sample,1
urged,1
adequate,1
essential,1
mild,1
favourably,1
testimony,1
bring,1
rushing,1
aimed,1
superficial,1
gamblers,1
compatible,1
tsts,1
unit,1
afterwards,1
antagonistic,1
alec,1
knew,1
demonstration,1
tary,1
adopted,1
visceral,1
goes,1
devaluel,1
fever,1
opportunities,1
granted,1
undercut,1
thing,1
similar,1
interacted,1
leave,1
adjustments,1
derived,1
ongoing,1
easily,1
generating,1
possess,1
sures,1
enabled,1
echoed,1
lay,1
augmented,1
pessimistic,1
consequences,1
front,1
absorbed,1
centrepiece,1
risks,1
jargon,1
means,1
reason,1
references,1
category,1
branded,1
changes,1
perceptions,1
developments,1
bad,1
facilitated,1
freeze,1
wanted,1
university,1
locally,1
possibly,1
ances,1
entry,1
established,1
benefits,1
harder,1
severity,1
organized,1
disappointment,1
liberal,1
sum,1
elsewhere,1
driven,1
days,1
numbers,1
dominate,1
quoted,1
frequently,1
presided,1
four,1
show,1
cashed,1
fashioned,1
stabilized,1
exploited,1
recovered,1
desperation,1
vietnam,1
organisation,1
cost,1
surge,1
eec,1
belgian,1
conditional,1
engines,1
mix,1
permanent,1
acceptances,1
internal,1
hit,1
improvised,1
important,1
coincide,1
preference,1
providing,1
decades,1
fuelling,1
squeeze,1
awaited,1
assessments,1
worries,1
standards,1
advance,1
acceptable,1
lead,1
whom,1
introduce,1
path,1
questioned,1
blamed,1
volatility,1
escalation,1
justifiable,1
carrying,1
found,1
speculators,1
smell,1
mandate,1
impo,1
strength,1
deutschmarks,1
access,1
telegram,1
inappropriate,1
objectives,1
deal,1
demands,1
peculiarities,1
facilitate,1
criticisms,1
events,1
mistakenly,1
requirements,1
pioneer,1
shock,1
employee,1
disruptive,1
lent,1
banker,1
bottomley,1
adopt,1
mainly,1
dropped,1
eyewitness,1
stock,1
eventuality,1
stressing,1
aspects,1
indirect,1
cahiers,1
sdr,1
priorities,1
meet,1
scale,1
grounds,1
rickett,1
chal,1
extortionate,1
produce,1
jessica,1
congratulated,1
cardiff,1
counterblast,1
materialized,1
hicks,1
peaking,1
impression,1
criteria,1
briefly,1
undermined,1
taxes,1
specifically,1
products,1
none,1
having,1
distinguish,1
points,1
restrain,1
correctly,1
residents,1
unappealing,1
mutato,1
nine,1
invisible,1
future,1
slightly,1
brought,1
purpose,1
explains,1
edn,1
esp,1
secret,1
confined,1
related,1
attitudes,1
data,1
excessive,1
minority,1
outlays,1
though,1
surprise,1
midand,1
loss,1
q,1
fail,1
size,1
inherited,1
broad,1
aggravated,1
records,1
people,1
expansionist,1
seasonally,1
earn,1
stimulate,1
subse,1
winter,1
horsley,1
et,1
call,1
improvisation,1
forces,1
justification,1
away,1
lviii,1
legislation,1
appreciated,1
riding,1
anything,1
endorsed,1
couple,1
manage,1
resort,1
status,1
strengthened,1
industrialization,1
currents,1
lionel,1
memoirs,1
undervalued,1
misplaced,1
exchequer,1
sic,1
voluble,1
tough,1
creating,1
accused,1
least,1
slowdown,1
successful,1
exchanging,1
responsibility,1
lowest,1
coup,1
especial,1
suez,1
things,1
wished,1
kong,1
uncontrolled,1
generation,1
warrant,1
compromising,1
cope,1
weakness,1
financiers,1
slash,1
betting,1
troubles,1
upshot,1
eleven,1
choose,1
routine,1
transfer,1
temporary,1
invoke,1
primary,1
presence,1
draining,1
research,1
peak,1
rumour,1
reported,1
yielded,1
visible,1
orthodox,1
basle,1
implementation,1
dependent,1
multilateralize,1
resistance,1
altogether,1
diminished,1
appropriate,1
newly,1
gross,1
annex,1
moved,1
disturbing,1
questioning,1
massive,1
promising,1
battles,1
avoid,1
lend,1
nations,1
subsequently,1
periods,1
prescribed,1
friendliness,1
portion,1
battle,1
tibility,1
press,1
responsibly,1
transform,1
annum,1
ernment,1
variety,1
materials,1
requirement,1
gather,1
indicative,1
employed,1
surcharges,1
insouciance,1
mechanisms,1
obstinately,1
happy,1
tempted,1
favours,1
secre,1
wait,1
released,1
brings,1
lex,1
whatever,1
assumptions,1
says,1
expanded,1
xl,1
commissioned,1
standing,1
reforming,1
movement,1
relaxed,1
degree,1
strategic,1
reception,1
com,1
spectacular,1
engineering,1
cheap,1
widows,1
deflated,1
interpretation,1
housing,1
fruition,1
refusing,1
push,1
thursday,1
wake,1
recommendation,1
switching,1
advanced,1
happened,1
heaviest,1
manpower,1
soon,1
counterparts,1
technology,1
mobile,1
quantify,1
supplementary,1
challenged,1
pensioners,1
easing,1
neither,1
marshall,1
tain,1
misses,1
falls,1
planned,1
property,1
adjusted,1
xenophobic,1
assistance,1
uncompetitive,1
reinvestment,1
performed,1
sharply,1
switch,1
al,1
robust,1
reply,1
odds,1
hong,1
reports,1
resented,1
inheritance,1
longer,1
useful,1
chose,1
alteration,1
diary,1
organizations,1
resolution,1
fire,1
discussions,1
unreliable,1
prejudices,1
challenge,1
unsustainable,1
disappointing,1
mark,1
renewed,1
varies,1
wanting,1
sovereignty,1
happening,1
culprit,1
holiday,1
idea,1
cies,1
limit,1
treatment,1
fundamental,1
fearing,1
tember,1
striking,1
unprepared,1
instability,1
prior,1
agree,1
extended,1
demonstrations,1
choice,1
viii,1
tariff,1
arisen,1
grave,1
retaliate,1
proceeds,1
hear,1
john,1
bluff,1
doubt,1
administrations,1
outgoing,1
considerable,1
charges,1
match,1
never,1
likelihood,1
electricity,1
assist,1
tainty,1
handed,1
operating,1
lull,1
road,1
frightfulness,1
ensured,1
relevant,1
ultimately,1
surveillance,1
confrontation,1
council,1
taires,1
disorganized,1
duties,1
spoke,1
material,1
ahead,1
focusing,1
japan,1
swing,1
stumble,1
belief,1
upswing,1
assault,1
books,1
mercy,1
style,1
vacillating,1
encountered,1
poli,1
reginald,1
remove,1
roundup,1
original,1
examine,1
demonstrated,1
meetings,1
stabilize,1
understanding,1
mean,1
greatest,1
coherent,1
accelerate,1
considering,1
worsening,1
background,1
restrictions,1
upsetting,1
facility,1
discovery,1
reversed,1
sacrifices,1
upon,1
painter,1
preferring,1
restrained,1
region,1
contemplate,1
enhanced,1
misgivings,1
sufficiently,1
indecisive,1
overcooked,1
opportunity,1
medium,1
lvii,1
lecture,1
curtail,1
traded,1
govermment,1
complement,1
slump,1
largely,1
operated,1
factor,1
pessimists,1
congress,1
survey,1
curb,1
conflicted,1
actual,1
real,1
nothing,1
examination,1
redistributive,1
prelude,1
chosen,1
previous,1
option,1
rehabilitate,1
unwanted,1
initiatives,1
insurmountable,1
open,1
worry,1
quotation,1
reality,1
directed,1
welcomed,1
achieved,1
rapidly,1
reputation,1
portfolio,1
dominated,1
revolve,1
peter,1
objection,1
co,1
vested,1
ergo,1
like,1
wealthiest,1
parlia,1
contributed,1
shortly,1
conversation,1
renewal,1
believing,1
standard,1
deregulated,1
lose,1
founda,1
decide,1
faith,1
sentiment,1
commentators,1
date,1
eyes,1
edged,1
averted,1
hand,1
tefabula,1
stand,1
tactics,1
respond,1
exactly,1
wishing,1
vulnerabil,1
james,1
judgement,1
trades,1
enthusiasts,1
claiming,1
bal,1
sept,1
ate,1
equivalent,1
looked,1
robbins,1
macmillan,1
staff,1
sales,1
saw,1
govern,1
crumble,1
cen,1
incoming,1
normal,1
widely,1
hopkin,1
attended,1
experienced,1
reluctant,1
separate,1
revolved,1
nomine,1
profitable,1
suggest,1
provoking,1
propter,1
alters,1
discussing,1
negotiations,1
relationship,1
spiral,1
gloomy,1
publishing,1
spelling,1
galvanize,1
continued,1
george,1
recall,1
usually,1
buyers,1
swapping,1
ideology,1
foster,1
suspected,1
stocks,1
ironically,1
inside,1
injecting,1
referred,1
sensitive,1
abnormal,1
commended,1
off,1
deposit,1
scrutinizing,1
worse,1
recalled,1
threaten,1
narratur,1
remaining,1
mildly,1
anxious,1
indicate,1
ducers,1
settled,1
methods,1
accusation,1
implementing,1
extra,1
construction,1
existed,1
achieve,1
respect,1
expansionism,1
ing,1
event,1
worlds,1
gathered,1
dictation,1
concord,1
addressed,1
sections,1
mentators,1
dillon,1
environment,1
share,1
liked,1
thinking,1
xxiv,1
conviction,1
senior,1
mentioned,1
version,1
bolsters,1
intensification,1
rep,1
demonstrate,1
sophisticated,1
constituted,1
pace,1
accruing,1
scrutiny,1
badly,1
trepiece,1
satisfactory,1
headlong,1
quotes,1
ralph,1
few,1
doi,1
text,1
funding,1
drew,1
sustained,1
liverpool,1
divert,1
know,1
excess,1
kind,1
conserva,1
dismay,1
each,1
conver,1
surfaced,1
sheep,1
lenders,1
save,1
board,1
believe,1
gone,1
leaders,1
intrusive,1
cyclical,1
surprised,1
fuelled,1
regard,1
scenario,1
cures,1
speech,1
post,1
levelled,1
enemy,1
sustaining,1
rely,1
equilibrium,1
breakdown,1
audience,1
revioew,1
historical,1
examining,1
director,1
faster,1
proposed,1
emerges,1
chair,1
advances,1
destroyed,1
forecasts,1
consisted,1
believed,1
beginning,1
outlook,1
averting,1
suffering,1
surpluses,1
realize,1
avoidance,1
explanations,1
condemning,1
strained,1
shipments,1
credi,1
reconcile,1
impossible,1
list,1
ones,1
making,1
dislike,1
goldman,1
add,1
feb,1
textbook,1
sus,1
liberalization,1
calculations,1
shall,1
extent,1
transaction,1
incompetence,1
prepare,1
prestige,1
bureaucratic,1
pursued,1
require,1
secure,1
belgians,1
missed,1
perceptibly,1
cerned,1
engineer,1
infla,1
felt,1
institutionalize,1
popular,1
hindsight,1
intention,1
alterations,1
economist,1
altered,1
ruled,1
met,1
tightening,1
subsidies,1
prospect,1
alternatives,1
confirm,1
belgium,1
docu,1
easy,1
swollen,1
die,1
respectable,1
puzzled,1
cash,1
dismal,1
uncer,1
rationale,1
confronted,1
measure,1
deviate,1
target,1
contribute,1
ranks,1
evaporate,1
dock,1
neglect,1
reintroduced,1
jan,1
tions,1
remarks,1
narratuf,1
economie,1
unveiled,1
question,1
promoted,1
enthusiasm,1
devoted,1
shown,1
flatten,1
spring,1
recording,1
unable,1
ence,1
disposal,1
advent,1
donald,1
boosted,1
piecemeal,1
unease,1
clueless,1
accept,1
motives,1
wish,1
location,1
depressing,1
exceed,1
include,1
files,1
disruption,1
france,1
prosperity,1
seeks,1
recourse,1
promptly,1
objections,1
repeat,1
association,1
increased,1
peacetime,1
requesting,1
anonymous,1
respective,1
profits,1
charles,1
searching,1
apart,1
arrange,1
close,1
pensions,1
capitulation,1
undesirable,1
rejection,1
negotiate,1
improved,1
debate,1
create,1
fears,1
firstly,1
predictable,1
element,1
equalisation,1
develop,1
comparable,1
recent,1
showed,1
chambers,1
customs,1
costly,1
looking,1
ue,1
