WORDCOUNTS,WEIGHT
the,894
and,388
in,384
of,382
to,252
prices,201
a,171
that,166
pepper,146
for,132
european,98
price,90
have,89
was,87
by,87
spice,86
history,85
from,84
economic,82
as,82
is,82
on,77
this,76
century,74
o,73
portuguese,69
with,68
p,66
we,64
trade,63
it,62
europe,60
were,57
asian,55
spices,54
s,53
markets,50
not,50
england,48
flanders,45
route,43
pp,43
cape,43
per,41
sixteenth,38
an,38
or,38
after,38
are,38
da,38
gama,36
review,35
n,35
which,35
austria,34
data,33
been,33
market,32
had,32
society,32
but,32
other,32
at,31
h,31
more,31
lane,31
would,30
evidence,30
between,30
cent,29
asia,29
they,28
there,28
t,28
c,28
fifteenth,27
than,27
these,27
only,27
figure,27
navarre,27
before,26
venice,26
g,26
trends,26
relative,26
be,26
real,25
during,25
d,25
castile,25
their,24
panel,24
new,24
did,24
nominal,24
while,24
e,23
since,23
de,23
if,22
all,22
venetian,22
so,22
voyages,22
one,21
such,21
fall,21
east,21
first,20
impact,20
imports,20
he,20
demand,20
our,20
i,19
thus,19
l,19
however,19
rourke,19
williamson,19
some,18
fine,18
rise,18
see,18
discovery,18
rose,18
ashtor,17
b,17
cloves,17
costs,17
grain,17
vasco,17
no,16
andalusia,16
india,16
well,16
when,16
also,16
jeffrey,16
empire,16
netherlands,16
la,16
lower,15
production,15
consumers,15
correlation,15
ginger,15
munich,15
decline,15
fell,15
braudel,15
table,15
kevin,15
higher,14
m,14
late,14
monopoly,14
j,14
indian,14
time,14
cinnamon,14
period,14
article,14
increased,14
china,13
even,13
r,13
its,13
wheat,13
boxer,13
mediterranean,13
f,13
two,13
trend,13
very,13
transport,13
much,13
vienna,12
into,12
source,12
his,12
could,12
ocean,12
can,12
share,12
series,12
both,12
profits,12
should,12
true,11
journal,11
regions,11
trading,11
second,11
about,11
fact,11
shows,11
maritime,11
any,11
over,11
goods,11
what,11
integration,11
correlations,10
great,10
cracow,10
case,10
vol,10
supply,10
may,10
rising,10
most,10
app,10
levant,10
near,10
example,10
falling,10
level,10
rest,10
pearson,10
southeast,10
routes,10
spike,10
general,10
where,10
florence,10
centuries,10
whether,10
those,9
portugal,9
has,9
west,9
across,9
initial,9
reid,9
et,9
dramatic,9
turks,9
wake,9
us,9
ottoman,9
high,9
venetians,9
then,9
equilibrium,9
lybyer,9
recent,9
zheng,9
coefficient,9
seventeenth,9
early,9
traditional,9
increase,9
american,8
english,8
ii,8
histoire,8
central,8
less,8
levels,8
reason,8
section,8
welfare,8
w,8
further,8
around,8
will,8
led,8
annum,8
african,8
exception,8
v,8
africa,8
who,8
countries,8
des,8
malabar,8
course,8
shift,8
commodity,8
given,8
hypothesis,8
now,7
medieval,7
prix,7
total,7
sources,7
historians,7
might,7
iv,7
right,7
possible,7
consumer,7
van,7
rather,7
deflated,7
growth,7
cost,7
antwerp,7
chinese,7
used,7
point,7
revolution,7
rye,7
coast,7
results,7
indeed,7
expansion,7
columbus,7
already,7
power,7
perhaps,7
use,7
effect,7
seen,7
why,7
changing,7
valencia,7
according,7
extent,7
reported,7
world,7
cambridge,7
major,7
couverte,6
every,6
attempts,6
x,6
far,6
inflation,6
ql,6
similar,6
important,6
view,6
behaviour,6
international,6
cannot,6
qo,6
voie,6
seaborne,6
good,6
successful,6
notes,6
still,6
oxford,6
same,6
succeeded,6
do,6
model,6
hamilton,6
another,6
europeans,6
significant,6
ien,6
monopolize,6
accounted,6
hand,6
der,6
different,6
down,6
half,6
steensgaard,6
economy,6
idem,6
imperial,6
sea,6
finally,6
integrated,6
focus,6
introduction,5
rogers,5
being,5
available,5
able,5
atlantic,5
eastern,5
u,5
cheng,5
along,5
immediate,5
overland,5
feliu,5
treasure,5
main,5
en,5
importance,5
k,5
driven,5
argued,5
age,5
show,5
helped,5
found,5
events,5
having,5
del,5
significantly,5
part,5
away,5
overseas,5
statistically,5
least,5
le,5
up,5
barley,5
silva,5
voyage,5
again,5
many,5
scholars,5
pattern,5
took,5
remained,5
supplies,5
made,5
ibid,5
bassano,5
low,5
three,5
function,5
latter,5
never,5
structure,5
italy,5
consumed,5
provide,5
moluccan,5
here,5
historical,5
better,5
everywhere,5
ho,5
correlated,5
disney,5
magalh,5
import,5
later,4
germany,4
western,4
either,4
twilight,4
taken,4
seems,4
desire,4
follows,4
closer,4
political,4
within,4
growing,4
exogenous,4
quantities,4
reaction,4
quantity,4
regarding,4
geschichte,4
merchants,4
development,4
due,4
relatively,4
z,4
old,4
explore,4
influence,4
alexandria,4
munro,4
studies,4
discoveries,4
support,4
downward,4
wages,4
just,4
four,4
circumnavigation,4
preise,4
zanden,4
out,4
luxury,4
appears,4
huge,4
silver,4
directly,4
brought,4
literature,4
gave,4
place,4
caused,4
contrast,4
sharp,4
event,4
small,4
inte,4
using,4
und,4
above,4
once,4
makes,4
marginal,4
under,4
shock,4
tn,4
continued,4
declining,4
others,4
addition,4
efforts,4
faster,4
really,4
john,4
reasons,4
paris,4
easier,4
explanation,4
looking,4
earlier,4
facing,4
monopolist,4
consumption,4
freedman,4
analysis,4
eventually,4
oats,4
must,4
accounts,4
eds,4
control,4
gaps,4
exploration,4
barcelona,4
themselves,4
number,4
living,4
following,4
cause,4
theory,4
almost,4
suggests,4
middle,4
little,4
became,4
went,4
until,4
commercial,4
north,4
difference,4
americas,4
km,4
lisbon,4
gold,4
kieniewicz,3
keller,3
expedition,3
red,3
alone,3
discover,3
likely,3
ways,3
holland,3
item,3
di,3
modern,3
position,3
royal,3
shiue,3
something,3
po,3
arguing,3
du,3
long,3
explores,3
together,3
rich,3
take,3
state,3
date,3
regression,3
pribram,3
persian,3
key,3
agriculture,3
account,3
prior,3
implies,3
dutch,3
sent,3
bulbeck,3
economies,3
spooner,3
incense,3
dei,3
large,3
turn,3
clark,3
amount,3
flemish,3
egypt,3
compared,3
find,3
profit,3
y,3
hardly,3
competitive,3
poorly,3
let,3
civilization,3
fleet,3
research,3
standard,3
university,3
seas,3
portugais,3
coefficients,3
elsewhere,3
connecting,3
ming,3
decades,3
bilateral,3
declined,3
referee,3
furthermore,3
impression,3
gains,3
knowledge,3
q,3
figures,3
boom,3
oriental,3
correct,3
oligopoly,3
order,3
certainly,3
ts,3
malacca,3
managed,3
maddison,3
plausible,3
portu,3
south,3
therefore,3
situation,3
upward,3
make,3
comments,3
clove,3
single,3
scarcity,3
competition,3
yet,3
happened,3
factory,3
think,3
spain,3
increases,3
iberia,3
focusing,3
lohne,3
causes,3
products,3
dummy,3
exports,3
clear,3
grappa,3
stress,3
times,3
started,3
curve,3
provides,3
especially,3
remainder,3
wills,3
probably,3
northern,3
regressions,3
guese,3
note,3
success,3
force,3
salaries,3
lowered,3
blocked,3
particular,3
simply,3
set,3
each,3
interested,3
iii,3
particularly,3
jacks,3
producers,3
mass,3
transmitted,3
terms,3
extract,3
oo,3
monopsony,3
conclude,3
through,3
emperor,3
measure,3
obtain,3
pair,3
shown,3
argues,3
average,3
finding,3
offer,3
instead,3
although,3
need,3
france,3
effects,3
ships,3
roughly,3
indices,3
arrived,3
contrasting,3
substantial,3
gulf,3
euro,3
difficult,2
does,2
nitien,2
zero,2
grate,2
castille,2
way,2
via,2
indicated,2
concern,2
affected,2
rfportugal,2
ultimate,2
persia,2
prime,2
authority,2
completely,2
done,2
sudden,2
decompose,2
ti,2
decade,2
committee,2
cargo,2
occurred,2
posthumus,2
cpi,2
chief,2
mote,2
themes,2
std,2
said,2
consistent,2
december,2
estimated,2
wrong,2
elsas,2
recall,2
implications,2
implying,2
econometrically,2
permanently,2
emerged,2
nature,2
words,2
confirmed,2
precios,2
leiden,2
leading,2
advantage,2
suggesting,2
thank,2
confirming,2
wave,2
origin,2
narrative,2
newitt,2
government,2
abolishing,2
miles,2
raised,2
pean,2
tab,2
mercantilism,2
money,2
primary,2
arabian,2
zur,2
italian,2
lanka,2
obvious,2
taking,2
realfine,2
except,2
cautious,2
safely,2
surplus,2
million,2
reject,2
author,2
interest,2
mixed,2
relations,2
vries,2
montfort,2
industrial,2
forced,2
exercise,2
estimates,2
perspective,2
contrary,2
effective,2
estimate,2
lombardini,2
details,2
apparently,2
cpis,2
rates,2
error,2
incentives,2
opposed,2
sample,2
shipping,2
york,2
added,2
without,2
irwin,2
reactions,2
lag,2
armada,2
plots,2
consequences,2
scattered,2
settled,2
measured,2
wee,2
les,2
benefits,2
clearly,2
gradually,2
observations,2
recovered,2
beneficiaries,2
followed,2
pane,2
dominant,2
conquest,2
greater,2
standards,2
distribution,2
based,2
quintaux,2
location,2
carrying,2
entered,2
journey,2
captured,2
big,2
exceptions,2
third,2
because,2
block,2
fisher,2
population,2
ed,2
denaro,2
explain,2
mace,2
revisits,2
expensive,2
overlapping,2
syria,2
pedro,2
closed,2
work,2
rozario,2
beirut,2
received,2
start,2
mented,2
explains,2
edn,2
confirms,2
whole,2
year,2
issues,2
suppliers,2
survey,2
il,2
nor,2
own,2
monetary,2
commerce,2
specie,2
grew,2
quite,2
hence,2
few,2
highly,2
denotes,2
always,2
annual,2
os,2
paid,2
correspondence,2
spufford,2
repli,2
appropriate,2
value,2
provided,2
finds,2
poland,2
ducats,2
hegemony,2
deflators,2
buy,2
revival,2
comparative,2
return,2
islands,2
whatever,2
builders,2
southern,2
shipped,2
strategic,2
direction,2
positive,2
materialien,2
umriss,2
asiatic,2
relied,2
selling,2
sri,2
push,2
thought,2
upwards,2
merchant,2
participants,2
supplied,2
sharply,2
traders,2
reports,2
social,2
useful,2
volume,2
actually,2
muslims,2
similarly,2
lowering,2
towards,2
financial,2
documents,2
wu,2
personal,2
end,2
feitoria,2
ricerche,2
puzzling,2
men,2
outside,2
secular,2
income,2
answer,2
bujak,2
aux,2
einer,2
sell,2
degree,2
imagine,2
private,2
investment,2
discussion,2
rulers,2
economie,2
crandall,2
chaudhuri,2
robustness,2
previously,2
findings,2
controlling,2
prester,2
assume,2
harvard,2
submitted,2
satisfactorily,2
questions,2
evolution,2
like,2
full,2
raising,2
previous,2
advantages,2
underwent,2
java,2
rejected,2
significance,2
prezzi,2
authors,2
ireland,2
risen,2
bautier,2
often,2
become,2
mr,2
mainly,2
capitalism,2
equivalent,2
saw,2
ron,2
unrelated,2
product,2
cardamom,2
dealing,2
asking,2
paribus,2
imply,2
lot,2
luiten,2
trended,2
fairly,2
tive,2
returned,2
determined,2
remaining,2
calicut,2
changes,2
ing,2
vascodagama,2
itself,2
princes,2
thinking,2
tang,2
prob,2
text,2
sciences,2
offers,2
cole,2
sure,2
shares,2
global,2
seem,2
authorities,2
findlay,2
appendix,2
report,2
inquiry,2
constantinople,2
speculation,2
moluccas,2
rely,2
differed,2
guinea,2
passage,2
beginning,2
tael,2
drop,2
explanations,2
them,2
want,2
maintain,2
austrian,2
axis,2
asians,2
conference,2
altered,2
docu,2
unaffected,2
lies,2
com,2
conventional,2
allows,2
coming,2
jan,2
turkish,2
drive,2
singapore,2
argument,2
unable,2
quest,2
conditions,2
motives,2
grown,2
include,2
upon,2
disruption,2
rivoluzione,2
attempted,2
off,2
regain,2
remains,2
supported,2
headed,2
reached,2
debate,2
parenti,2
phillips,2
longer,2
resources,2
ceteris,2
thorold,2
inflationary,1
exhibiting,1
winds,1
bartolomeu,1
fernand,1
dominating,1
chronological,1
accomplish,1
millennial,1
generalization,1
common,1
sterile,1
declared,1
generated,1
names,1
speculum,1
pull,1
imported,1
monopsonize,1
suggested,1
expending,1
go,1
introductions,1
resulted,1
college,1
trans,1
overstated,1
happen,1
lated,1
spurred,1
mar,1
differentiating,1
starts,1
compensated,1
pushed,1
systemic,1
hommage,1
likewise,1
becoming,1
singularly,1
settlements,1
reis,1
denied,1
enhance,1
identify,1
mankind,1
grano,1
rld,1
ma,1
continent,1
rounded,1
cristina,1
inconsistent,1
rt,1
navigation,1
discriminate,1
candidate,1
bf,1
spirit,1
conclusive,1
motive,1
policy,1
fixed,1
lindert,1
necessarily,1
offshore,1
presents,1
unlike,1
malden,1
eastward,1
tells,1
expressed,1
indes,1
steeply,1
garsington,1
nineteenth,1
buys,1
turning,1
hints,1
negative,1
test,1
experience,1
aw,1
peelers,1
grabbed,1
defeated,1
explaining,1
beneficial,1
earning,1
marco,1
barriers,1
disagreement,1
importing,1
motivations,1
address,1
asso,1
investments,1
disturbance,1
cxoe,1
febvre,1
xxi,1
action,1
fragmentary,1
ourselves,1
advanced,1
official,1
loom,1
possibilities,1
immense,1
onwards,1
periera,1
moderna,1
ottomanturks,1
accompanied,1
cloth,1
dribe,1
simple,1
differences,1
abd,1
accumulated,1
regional,1
geopolitical,1
inherent,1
trip,1
transporting,1
hundred,1
misled,1
resulting,1
subsequent,1
inland,1
xx,1
carta,1
last,1
mind,1
stand,1
blackwell,1
ying,1
marine,1
henry,1
forvenice,1
opposite,1
que,1
suspension,1
malanima,1
profitable,1
somewhat,1
declines,1
leunig,1
univ,1
papers,1
legend,1
triggered,1
posts,1
issue,1
side,1
con,1
takes,1
stift,1
rivalry,1
recorded,1
task,1
causation,1
alternatively,1
tal,1
victims,1
addresses,1
ruina,1
commencement,1
grated,1
opened,1
benefiting,1
greg,1
marked,1
understated,1
editeur,1
condition,1
cap,1
schedule,1
measures,1
sussman,1
parisons,1
studi,1
solely,1
functions,1
move,1
leonor,1
information,1
convince,1
apart,1
pirates,1
combination,1
desired,1
supervision,1
uses,1
consequent,1
corre,1
establishment,1
cited,1
osfoo,1
against,1
explorer,1
nd,1
measurement,1
prevented,1
evket,1
malaisie,1
analyse,1
granaries,1
illus,1
localized,1
corresponding,1
colonized,1
dublin,1
tons,1
succeed,1
li,1
tribute,1
reassurance,1
della,1
ceuta,1
includes,1
accessible,1
madrid,1
soar,1
explained,1
facts,1
difficulties,1
sibylle,1
quality,1
points,1
explorers,1
pursue,1
cereali,1
cournot,1
alarm,1
past,1
interior,1
caferro,1
realized,1
assumes,1
ooo,1
monopolizing,1
trated,1
ease,1
ability,1
relinquished,1
competitor,1
gyptien,1
thalassocracy,1
suitably,1
deflating,1
expeditions,1
bemoans,1
girofle,1
topic,1
expected,1
distinct,1
developments,1
items,1
rejecting,1
keep,1
oososo,1
profound,1
back,1
polo,1
causing,1
bread,1
fig,1
speed,1
simplest,1
slave,1
holds,1
extraordinary,1
served,1
madeira,1
spotty,1
reconnoitre,1
minus,1
unchanged,1
continuous,1
twice,1
thin,1
burma,1
darya,1
compare,1
died,1
sci,1
mirrored,1
unfettered,1
geographically,1
consequently,1
somali,1
unpub,1
sun,1
xvie,1
coasts,1
discovering,1
fellow,1
soxt,1
settimana,1
acknowledge,1
iking,1
cites,1
dziej,1
crusades,1
perfect,1
costa,1
failed,1
surprisingly,1
assessed,1
sentir,1
connexion,1
interesting,1
simultaneously,1
wishes,1
town,1
essential,1
german,1
trending,1
reflects,1
plotted,1
statements,1
observers,1
expanding,1
arising,1
etkes,1
impetus,1
generations,1
developed,1
blames,1
how,1
stop,1
remain,1
elasticity,1
sort,1
organizing,1
investigation,1
oversee,1
unit,1
afterwards,1
od,1
fastest,1
mean,1
peninsula,1
excessively,1
outward,1
determining,1
preparatory,1
coffee,1
persistent,1
cst,1
eight,1
se,1
derived,1
principe,1
contributions,1
assuming,1
ciated,1
special,1
selected,1
cloister,1
distant,1
derwee,1
summarized,1
feel,1
von,1
owing,1
factors,1
absorbed,1
risks,1
underline,1
straits,1
katherine,1
maintaining,1
deflate,1
vastly,1
plus,1
gain,1
consider,1
iewicz,1
organization,1
established,1
familiar,1
grains,1
ceylon,1
osro,1
otherwise,1
dated,1
fleets,1
spolecznych,1
presumably,1
monde,1
former,1
preciosy,1
upper,1
nowadays,1
benefited,1
indis,1
ginal,1
presumed,1
agricultural,1
conomique,1
acknowledges,1
experienced,1
commented,1
exploited,1
prima,1
covilha,1
voluminous,1
vietnam,1
wondering,1
generally,1
consequence,1
pimienta,1
problems,1
karolyi,1
asks,1
remarking,1
shifted,1
growers,1
pairwise,1
opinion,1
faced,1
mer,1
footnote,1
cut,1
italie,1
tradable,1
amazing,1
paragraph,1
invading,1
thinks,1
whereas,1
opening,1
armadas,1
moving,1
gregory,1
result,1
advance,1
lieu,1
came,1
ooooooo,1
http,1
priori,1
aftermath,1
sulla,1
agenda,1
lains,1
tra,1
dq,1
caravan,1
wares,1
rule,1
difficulty,1
search,1
traditionally,1
galleys,1
access,1
six,1
ambitions,1
sumatra,1
ambiguity,1
salaires,1
economics,1
deal,1
cz,1
giraldez,1
val,1
fifteenthand,1
veneto,1
levantine,1
eu,1
crusading,1
ogy,1
pi,1
feasibility,1
equivalents,1
abnormally,1
muslim,1
fourth,1
pices,1
equally,1
though,1
equal,1
nobles,1
war,1
wishing,1
stock,1
badania,1
bullion,1
tools,1
viewed,1
ivana,1
companies,1
azores,1
purchased,1
excellent,1
scale,1
grounds,1
contiguous,1
rhythm,1
confirmation,1
toulouse,1
required,1
oto,1
wide,1
dias,1
decadal,1
pence,1
elastic,1
oh,1
possibility,1
datini,1
failure,1
outstanding,1
gained,1
kg,1
peans,1
ingentaconnect,1
accounting,1
counterweight,1
macis,1
dapo,1
appeals,1
mccants,1
carries,1
firenze,1
zhuk,1
reader,1
characterization,1
stato,1
london,1
ot,1
competing,1
proportions,1
calls,1
gospodarczych,1
twofold,1
related,1
comment,1
domi,1
irish,1
incremental,1
got,1
repeating,1
loss,1
politica,1
database,1
northwest,1
policies,1
postulated,1
qetfrprse,1
contains,1
calculating,1
people,1
enforce,1
tome,1
muscade,1
ontario,1
thereafter,1
augment,1
transported,1
documented,1
forces,1
intra,1
somewhere,1
focuses,1
glahn,1
sao,1
halfway,1
reflect,1
believes,1
systematic,1
catties,1
project,1
briefed,1
cabral,1
horizon,1
conform,1
miss,1
connections,1
markedly,1
xve,1
manifestation,1
secc,1
coastguard,1
change,1
published,1
aea,1
irchss,1
catalu,1
edilizia,1
sense,1
intercontinental,1
below,1
diminish,1
ambassador,1
suggest,1
speculations,1
indicators,1
cope,1
heart,1
chant,1
fast,1
ofo,1
several,1
xxviii,1
haggay,1
tony,1
ship,1
eighth,1
temporary,1
met,1
fondaco,1
usual,1
tended,1
philip,1
ventail,1
xxvii,1
parliament,1
tinguishable,1
progress,1
progressed,1
intent,1
repeat,1
civilisation,1
industr,1
diminished,1
extort,1
grateful,1
displaced,1
pero,1
passive,1
aggregate,1
luxuries,1
econ,1
cx,1
subsequently,1
periods,1
rfvenice,1
ew,1
highlights,1
units,1
federico,1
atjeh,1
io,1
reduced,1
middlemen,1
matter,1
nonetheless,1
curves,1
various,1
yung,1
rivalries,1
convegni,1
scientific,1
middleman,1
britain,1
short,1
carcanet,1
limited,1
computing,1
merits,1
giovanni,1
reduce,1
prove,1
converted,1
allen,1
grande,1
estado,1
necessary,1
suppressing,1
intervention,1
mainstream,1
bill,1
currency,1
domination,1
bankers,1
hold,1
zeal,1
structural,1
beset,1
supplier,1
verde,1
twists,1
calculate,1
cheap,1
rs,1
outlets,1
langes,1
meanwhile,1
examined,1
tedeschi,1
manpower,1
mission,1
neil,1
seeing,1
fifth,1
ne,1
thesis,1
altri,1
wrest,1
ancient,1
malay,1
included,1
reconquista,1
falls,1
modestly,1
raise,1
islam,1
assistance,1
inwards,1
shifting,1
dropped,1
ro,1
pound,1
cairo,1
nine,1
si,1
al,1
robust,1
silk,1
wisconsin,1
illustrated,1
denominated,1
department,1
boost,1
noted,1
increasingly,1
speaking,1
maintained,1
exit,1
monopolized,1
sistent,1
independent,1
picture,1
deutschland,1
investors,1
entrusting,1
ale,1
street,1
worst,1
privat,1
leader,1
kilograms,1
goals,1
hansa,1
successfully,1
science,1
california,1
poivre,1
entific,1
faculty,1
request,1
andalusian,1
strike,1
mentions,1
rahman,1
statistics,1
goa,1
death,1
pointed,1
fundamental,1
generously,1
mameluke,1
equating,1
averages,1
oligopolistic,1
lack,1
elbl,1
vivante,1
carracks,1
aldershot,1
areas,1
rents,1
woollen,1
revenue,1
indies,1
causa,1
importation,1
plan,1
microeconomic,1
agree,1
nathan,1
assertion,1
germans,1
break,1
larger,1
downwards,1
understandable,1
contemporary,1
vicomte,1
venture,1
considerable,1
anne,1
deflationary,1
readers,1
jaime,1
greeted,1
decisively,1
geography,1
chain,1
rapid,1
discussing,1
road,1
cles,1
sadly,1
continuing,1
competitors,1
accepted,1
establish,1
relevant,1
nance,1
heavily,1
caviococchi,1
mughals,1
coincided,1
council,1
valverde,1
practice,1
morocco,1
por,1
ao,1
volatile,1
louvain,1
gdp,1
pamuk,1
begun,1
gives,1
reflected,1
going,1
remarkably,1
score,1
day,1
docked,1
doubled,1
years,1
local,1
demonstrated,1
currencies,1
crown,1
displace,1
brabant,1
exploring,1
viennent,1
encounter,1
averaged,1
link,1
lost,1
considering,1
farther,1
flandres,1
disagree,1
range,1
cao,1
ic,1
locate,1
exporting,1
hindu,1
region,1
passes,1
enormous,1
sufficiently,1
quanzhou,1
samples,1
tighter,1
exploits,1
traded,1
merchandise,1
hypotheses,1
largely,1
assumption,1
alvaro,1
emphasize,1
tuguese,1
alexandrian,1
ideas,1
exhibited,1
rare,1
recovery,1
maintains,1
nothing,1
stay,1
national,1
check,1
loses,1
optimistic,1
nevertheless,1
involves,1
nutmeg,1
historic,1
reality,1
gration,1
flynn,1
peripheral,1
language,1
obtaining,1
tl,1
internazionale,1
peter,1
correcting,1
panela,1
deals,1
eve,1
christopher,1
kien,1
supplying,1
helpful,1
revised,1
tim,1
uo,1
spread,1
him,1
played,1
stresses,1
maximize,1
lie,1
magna,1
glut,1
epoch,1
dell,1
improved,1
black,1
commercially,1
disintegration,1
dispersed,1
exchange,1
reputable,1
margin,1
overstate,1
conclusions,1
comparing,1
behind,1
trying,1
study,1
alpine,1
successors,1
rides,1
references,1
dans,1
clude,1
avenel,1
fait,1
exactly,1
www,1
judgement,1
everyday,1
slightly,1
dominance,1
southwest,1
bestowed,1
accord,1
haven,1
inyemen,1
insignificant,1
sugar,1
ago,1
quarter,1
sandra,1
attention,1
sailing,1
widely,1
division,1
applies,1
separate,1
increasing,1
aer,1
enough,1
approvvigionamento,1
arriving,1
inelastic,1
suggestion,1
lo,1
christian,1
abstracting,1
archipelago,1
emulation,1
backward,1
today,1
publishing,1
humanities,1
exceeding,1
perspectives,1
lehmann,1
terranean,1
movements,1
bold,1
bulk,1
crucial,1
eighteenthand,1
bound,1
tech,1
flowed,1
rior,1
reasonable,1
vertical,1
catty,1
intimidating,1
primarily,1
bags,1
hne,1
army,1
nologies,1
began,1
inger,1
visual,1
oddly,1
contribution,1
sequeira,1
wilson,1
legitimacy,1
smuggling,1
indicate,1
displaying,1
inspired,1
methods,1
efficiency,1
unusual,1
hope,1
surprising,1
kings,1
conomie,1
canonical,1
orient,1
canada,1
arts,1
commenting,1
involved,1
immensely,1
meant,1
reviewu,1
stable,1
considered,1
tandis,1
claims,1
staying,1
dispose,1
seriously,1
variable,1
lucien,1
storia,1
constant,1
elected,1
historian,1
believed,1
senior,1
francesco,1
conclusion,1
mentioned,1
version,1
intensification,1
comparison,1
founded,1
medi,1
ctz,1
extensive,1
greif,1
ever,1
qu,1
implied,1
wvhen,1
vient,1
quantitative,1
davis,1
besides,1
doi,1
alternative,1
moslems,1
vessel,1
lwow,1
cover,1
mica,1
paolo,1
continental,1
blair,1
principle,1
indica,1
paper,1
portuguaise,1
organized,1
irruption,1
ratio,1
dbpl,1
confident,1
extrapolate,1
poae,1
believe,1
best,1
unknown,1
ubiquitous,1
leaders,1
honneur,1
argue,1
emergence,1
supe,1
damascan,1
groats,1
regard,1
scenario,1
returns,1
post,1
foundation,1
diterran,1
exploiting,1
hassan,1
intersecting,1
obviously,1
ooosc,1
written,1
associated,1
generalized,1
trigo,1
explicitly,1
quoted,1
works,1
assessment,1
smuggle,1
lx,1
interactive,1
places,1
turned,1
figur,1
qualitatively,1
confess,1
helping,1
johnson,1
purchase,1
catastrophic,1
outranked,1
choking,1
answered,1
capita,1
persuasively,1
reign,1
avner,1
shipments,1
unique,1
implicit,1
nationalist,1
stability,1
nee,1
methodological,1
namely,1
ones,1
making,1
involvement,1
varying,1
trinity,1
nearby,1
noticeable,1
add,1
despite,1
interval,1
tightly,1
leeuwenhorst,1
problem,1
admiral,1
transaction,1
inflow,1
waters,1
characterizes,1
getting,1
ntsung,1
explored,1
baltic,1
delle,1
influenced,1
neareast,1
scenarios,1
incomes,1
emphasis,1
suspicion,1
navigators,1
size,1
posi,1
translated,1
aragon,1
marking,1
presented,1
incon,1
careful,1
trivial,1
entrance,1
ruled,1
ill,1
compelling,1
hen,1
altogether,1
revolutions,1
diogo,1
content,1
egyptien,1
confirm,1
role,1
easy,1
swollen,1
giving,1
tried,1
transition,1
noix,1
territory,1
atti,1
vast,1
arguments,1
summarizes,1
copper,1
gateshead,1
exploit,1
isolated,1
evidenced,1
aspect,1
oceanic,1
store,1
reaching,1
bengtson,1
iberian,1
nov,1
malayan,1
additional,1
diagram,1
question,1
technol,1
obliged,1
lists,1
generate,1
conn,1
monopolists,1
twentieth,1
impressive,1
institutional,1
exerted,1
recovering,1
cross,1
tld,1
crisis,1
dangerous,1
deflecting,1
documentation,1
sterreich,1
typically,1
usa,1
specialists,1
discernable,1
unbelievable,1
bear,1
states,1
klosterneuburg,1
involving,1
prise,1
settling,1
programme,1
exportation,1
area,1
presenting,1
extremely,1
association,1
speak,1
istituto,1
effec,1
ranged,1
financially,1
summary,1
nooos,1
respective,1
wien,1
twoor,1
potential,1
news,1
doubling,1
ikevin,1
charged,1
chicago,1
cheaper,1
irrelevant,1
puts,1
entire,1
intersects,1
immediately,1
selangor,1
uk,1
seek,1
whenever,1
drew,1
observed,1
pairs,1
pulling,1
ca,1
roles,1
nominalpepperprices,1
