WORDCOUNTS,WEIGHT
the,639
of,479
and,462
in,416
to,299
a,256
that,159
is,142
as,138
for,92
s,89
their,87
are,80
with,79
they,76
it,75
fijian,72
was,72
be,71
not,69
this,62
truth,59
were,59
his,58
he,57
from,55
an,54
at,53
mana,53
on,53
true,48
fiji,48
christianity,48
ofthe,48
but,48
i,44
god,43
by,43
chief,42
silence,42
one,41
efficacy,40
kadavu,39
dina,38
who,38
people,37
language,36
christian,36
press,36
missionaries,35
university,35
or,35
new,35
words,33
also,33
which,33
see,32
spirits,32
have,32
had,31
when,31
some,28
all,27
can,27
about,26
would,26
conversion,25
missionary,25
between,25
thornley,24
tippett,24
fijians,23
only,23
spiritual,22
there,21
how,21
society,21
them,21
lyth,20
chiefs,20
effective,20
gods,20
power,20
methodist,20
if,19
e,19
library,19
could,19
out,19
john,19
tomlinson,19
so,19
we,19
speak,19
speech,18
has,18
its,18
mission,18
no,18
wesley,18
first,17
m,17
will,17
religious,17
pacific,17
rewa,17
other,16
ritual,16
such,16
more,16
over,16
chicago,16
village,15
priest,15
journal,15
example,15
matt,15
him,15
then,15
what,15
traditional,15
ways,14
being,14
south,14
do,14
waterhouse,14
described,14
yale,14
did,14
you,14
told,13
religion,13
those,13
church,13
n,13
ed,13
these,13
jehovah,13
man,13
present,13
relationship,13
been,13
different,13
national,13
d,13
agency,12
history,12
into,12
hocart,12
than,12
however,12
prayer,12
christians,12
wrote,12
two,12
eds,12
local,12
terms,12
both,12
way,11
ratu,11
richard,11
collection,11
london,11
bau,11
cargill,11
translation,11
anthropology,11
early,11
through,11
now,10
meaning,10
ms,10
might,10
j,10
signs,10
speakers,10
g,10
na,10
means,10
ideologies,10
because,10
warriors,10
bible,10
place,10
good,10
suva,10
ibid,10
david,10
men,10
priests,10
often,10
must,10
although,10
said,9
paramount,9
convert,9
case,9
letter,9
teacher,9
tui,9
war,9
almost,9
r,9
encounters,9
things,9
mark,9
moments,9
many,9
great,9
wesleyan,9
until,9
use,9
especially,9
land,9
sometimes,9
considered,9
anthropological,9
very,9
william,9
world,9
our,9
cambridge,9
themselves,9
kinds,8
studies,8
state,8
right,8
thus,8
apparently,8
my,8
used,8
presence,8
research,8
second,8
speaking,8
tuwere,8
social,8
worship,8
lotu,8
faith,8
seen,8
ni,8
royce,8
among,8
english,7
turnbull,7
p,7
plain,7
unpublished,7
old,7
even,7
may,7
authority,7
process,7
most,7
work,7
indigenous,7
own,7
others,7
longer,7
stories,7
institute,7
questions,7
like,7
thomas,7
article,7
ideology,7
force,7
indicate,7
life,7
comaroff,7
w,7
deities,7
wellington,7
much,7
linguistic,6
h,6
every,6
tavuki,6
together,6
converts,6
key,6
point,6
sign,6
andrew,6
silent,6
american,6
cases,6
third,6
l,6
performance,6
study,6
mary,6
show,6
arrival,6
preaching,6
cannot,6
your,6
james,6
theological,6
future,6
claim,6
island,6
oceania,6
williams,6
canberra,6
order,6
st,6
ceremonial,6
nacagilevu,6
sahlins,6
once,6
culture,6
again,6
death,6
where,6
effectiveness,6
made,6
become,6
story,6
figures,6
claims,6
believed,6
seem,6
alexander,6
universal,6
particular,6
bodies,6
false,6
spirit,6
help,6
specific,6
sent,6
possessed,5
done,5
tongan,5
later,5
announced,5
word,5
before,5
uses,5
adjective,5
give,5
assertion,5
verbal,5
viwa,5
kava,5
cakau,5
akin,5
account,5
soldier,5
possible,5
york,5
rather,5
stop,5
certain,5
white,5
methodists,5
just,5
testament,5
ei,5
events,5
term,5
ann,5
shall,5
during,5
miyazaki,5
sense,5
below,5
deity,5
contrast,5
up,5
describes,5
using,5
appropriate,5
therefore,5
keane,5
rotuma,5
practices,5
various,5
islands,5
community,5
movement,5
hold,5
reference,5
thought,5
us,5
already,5
fact,5
forms,5
centre,5
spoke,5
expression,5
three,5
after,5
robbins,5
saw,5
attention,5
kaplan,5
me,5
respect,5
vea,5
comes,5
proof,5
report,5
guinea,5
while,5
agents,5
encounter,5
colonial,5
come,5
years,5
burdsall,5
cross,5
does,4
archives,4
mute,4
common,4
declared,4
stood,4
go,4
arno,4
somosomo,4
modern,4
painful,4
based,4
auckland,4
cakobau,4
papers,4
con,4
killed,4
felt,4
literal,4
human,4
inner,4
against,4
thing,4
satan,4
distinct,4
times,4
communication,4
varani,4
responded,4
tree,4
wanted,4
talk,4
methodism,4
too,4
wesleyans,4
subjects,4
moans,4
necessarily,4
whom,4
found,4
speaker,4
cultural,4
scripture,4
hereditary,4
sydney,4
whole,4
tale,4
call,4
forces,4
overseas,4
stanford,4
status,4
correct,4
successful,4
dictionary,4
canoe,4
discourse,4
phrase,4
mitchell,4
ancestral,4
happen,4
verb,4
yaqona,4
letters,4
polynesian,4
papua,4
wait,4
still,4
above,4
earthquakes,4
jaggar,4
single,4
fighting,4
yet,4
makes,4
read,4
home,4
same,4
volume,4
name,4
statements,4
paul,4
coming,4
fell,4
efforts,4
really,4
grows,4
minister,4
anthropologist,4
practice,4
native,4
time,4
belief,4
routledge,4
father,4
identity,4
nothing,4
adding,4
structure,4
hunt,4
european,4
today,4
ing,4
crucial,4
vision,4
becomes,4
get,4
joseph,4
rises,4
any,4
simply,4
here,4
command,4
down,4
geraghty,4
ayling,4
historical,4
person,4
whether,4
form,4
making,4
version,4
vol,4
trees,4
thereby,4
reported,4
role,4
bete,4
paula,4
question,4
observed,4
off,4
c,4
little,4
focus,4
strong,4
asked,4
evidently,4
difficult,3
o,3
limits,3
evangelist,3
college,3
group,3
becoming,3
former,3
position,3
something,3
women,3
heitzenrater,3
t,3
voices,3
taken,3
worked,3
action,3
nature,3
tamata,3
divinity,3
tradition,3
simple,3
norwood,3
argue,3
take,3
mind,3
precisely,3
political,3
reading,3
ary,3
within,3
less,3
narratives,3
saying,3
design,3
california,3
politics,3
ance,3
along,3
himself,3
warfare,3
ndina,3
make,3
conflict,3
vulaono,3
author,3
divine,3
ability,3
moment,3
century,3
expected,3
learning,3
kind,3
dis,3
nor,3
transformation,3
back,3
interchangeable,3
response,3
modernity,3
ablex,3
young,3
quain,3
performative,3
cacy,3
vice,3
let,3
profoundly,3
sort,3
catholics,3
heard,3
b,3
leave,3
tannen,3
special,3
revelation,3
support,3
days,3
circuit,3
superior,3
powerful,3
statement,3
generally,3
result,3
societies,3
entered,3
urapmin,3
cakaudrove,3
illness,3
congregations,3
conversions,3
lord,3
informed,3
treat,3
scene,3
well,3
directly,3
none,3
received,3
responding,3
knowledge,3
actors,3
literally,3
personal,3
interpreted,3
visions,3
working,3
adherents,3
event,3
long,3
few,3
june,3
acts,3
australian,3
progress,3
newly,3
am,3
seemed,3
f,3
led,3
shouts,3
request,3
quivering,3
carried,3
indeed,3
service,3
effi,3
return,3
converted,3
july,3
manifest,3
com,3
reel,3
under,3
marshall,3
participants,3
perspectives,3
noted,3
cy,3
suesue,3
solomon,3
book,3
toward,3
speaks,3
plucked,3
beliefs,3
practical,3
hear,3
end,3
observes,3
chiefdom,3
gender,3
deep,3
books,3
going,3
day,3
understanding,3
sutherland,3
intimate,3
lost,3
evangelists,3
treated,3
upon,3
versa,3
chosen,3
vakayagataka,3
open,3
significance,3
quotation,3
spread,3
high,3
course,3
poetic,3
kaba,3
january,3
claiming,3
justice,3
signifi,3
referred,3
anxious,3
literacy,3
analysis,3
fall,3
hope,3
itself,3
susan,3
council,3
forest,3
matters,3
school,3
mentioned,3
turn,3
kwaio,3
outcome,3
berkeley,3
refused,3
conver,3
believe,3
regard,3
linked,3
wood,3
sermons,3
sincerity,3
telling,3
ones,3
abraham,3
cause,3
theory,3
tongues,3
translated,3
martha,3
introduced,3
pre,3
lies,3
sion,3
writing,3
nov,3
named,3
joel,3
actively,3
instead,3
effects,3
kasuga,3
needs,3
charles,3
surrender,3
arrived,3
views,3
minds,3
immediately,3
hefner,3
should,3
doing,3
close,3
intimately,2
tokyo,2
edge,2
rev,2
tion,2
keller,2
till,2
represent,2
perfection,2
semi,2
natural,2
introduction,2
per,2
conducted,2
sekove,2
mankind,2
disentangling,2
introducing,2
western,2
tells,2
nineteenth,2
princeton,2
contact,2
contexts,2
baker,2
negative,2
test,2
appealed,2
round,2
synonymous,2
gap,2
australia,2
ethnologist,2
monash,2
distinguishing,2
convulsively,2
quoting,2
thrive,2
darkness,2
expectation,2
seems,2
memorial,2
possibilities,2
mosi,2
prayed,2
leading,2
display,2
thank,2
differences,2
indefinite,2
wave,2
origin,2
narrative,2
senses,2
follows,2
obeyed,2
link,2
reveal,2
ph,2
concludes,2
friend,2
real,2
alignment,2
clarifications,2
deane,2
rafael,2
concepts,2
context,2
system,2
issue,2
baird,2
moala,2
explained,2
task,2
amelia,2
march,2
opened,2
howard,2
condition,2
burning,2
magazine,2
alone,2
say,2
treating,2
uncertain,2
tahiti,2
seruvakula,2
expecting,2
write,2
complained,2
famously,2
lasu,2
raibevu,2
overstatement,2
dynamics,2
hierarchy,2
magic,2
ireland,2
heal,2
characteristic,2
decided,2
crapanzano,2
duke,2
insisted,2
navosavakadua,2
farewell,2
given,2
evident,2
silverstein,2
body,2
toren,2
gal,2
firth,2
allowing,2
vunibua,2
left,2
qaraniqio,2
hawafi,2
truly,2
find,2
keimami,2
gospel,2
sin,2
canaanite,2
general,2
delivered,2
kerala,2
influence,2
mageo,2
conceptually,2
sabine,2
honolulu,2
rakiraki,2
disturbed,2
weapon,2
wishes,2
recognized,2
whose,2
act,2
observers,2
foreign,2
troubled,2
levels,2
connected,2
legendary,2
ongoing,2
rank,2
danger,2
persons,2
space,2
send,2
tooth,2
escape,2
marks,2
objects,2
baptized,2
repeated,2
kandavoo,2
endeavoured,2
silencing,2
weather,2
shaking,2
house,2
weak,2
shore,2
argued,2
keesing,2
intendent,2
four,2
pulpit,2
ki,2
vanua,2
cut,2
reflections,2
whereas,2
closely,2
remembered,2
came,2
lead,2
path,2
dixon,2
rule,2
manoa,2
speeches,2
curses,2
deal,2
austin,2
madagascar,2
late,2
pure,2
understood,2
durham,2
receive,2
recently,2
placed,2
whale,2
perform,2
triumph,2
aries,2
sites,2
melbourne,2
line,2
kelly,2
unless,2
stake,2
part,2
purpose,2
competing,2
bonea,2
symbolism,2
related,2
thoughts,2
feared,2
caught,2
loss,2
literature,2
purcell,2
gave,2
partly,2
away,2
missions,2
alan,2
ter,2
rowe,2
defeated,2
presentations,2
healing,2
refuse,2
change,2
published,2
least,2
describing,2
anger,2
shaping,2
revolution,2
tested,2
preachers,2
emerging,2
sufficient,2
shapes,2
grow,2
tended,2
gunpowder,2
always,2
annual,2
muriel,2
wife,2
resistance,2
tuzin,2
avoid,2
netewa,2
qereti,2
challenge,2
situation,2
contest,2
tively,2
britain,2
short,2
comparative,2
play,2
sermon,2
dressed,2
classic,2
coleman,2
errington,2
object,2
prophet,2
veins,2
followers,2
sinful,2
vitilevu,2
seemingly,2
ask,2
dissatisfied,2
spoken,2
museum,2
fit,2
evil,2
official,2
neither,2
perceived,2
chris,2
fison,2
teaching,2
challenges,2
charismatic,2
love,2
members,2
mentions,2
stating,2
christ,2
put,2
schieffelin,2
addition,2
added,2
emotions,2
cecelia,2
valid,2
turner,2
head,2
hashimoto,2
attempting,2
teachers,2
children,2
ilaitia,2
larger,2
fallen,2
contemporary,2
resolved,2
never,2
took,2
stromberg,2
fire,2
learn,2
enthusiasm,2
formation,2
purposes,2
kastom,2
existing,2
michael,2
confrontation,2
nayacakalou,2
necessary,2
uttered,2
proble,2
gives,2
notion,2
argues,2
another,2
original,2
disease,2
examples,2
chiefly,2
formal,2
ethnology,2
depended,2
method,2
significant,2
hazlewood,2
approach,2
vocabulary,2
tips,2
processes,2
pagan,2
option,2
dismissed,2
complicated,2
moral,2
pentecostal,2
peter,2
held,2
embrace,2
characterized,2
kea,2
function,2
stresses,2
stages,2
latter,2
exchange,2
decide,2
enough,2
labour,2
mai,2
eyes,2
jorgensen,2
gunson,2
mr,2
examine,2
effect,2
axe,2
sept,2
vei,2
looked,2
authorship,2
macmillan,2
incoming,2
pastor,2
concluded,2
visit,2
model,2
trails,2
codrington,2
suggest,2
cance,2
transformations,2
note,2
africa,2
continued,2
figure,2
provisionally,2
fear,2
debates,2
betrothed,2
nexus,2
deborah,2
success,2
army,2
basso,2
philosophy,2
understand,2
luhrmann,2
furious,2
memorable,2
sega,2
blood,2
wives,2
answer,2
mother,2
calvert,2
muted,2
instances,2
hardly,2
dreketi,2
naikorokoro,2
material,2
worried,2
busby,2
univer,2
changing,2
conjunction,2
hirokazu,2
heathen,2
known,2
falsehood,2
eleven,2
colonialism,2
frame,2
mis,2
know,2
control,2
each,2
paper,2
descriptions,2
encoun,2
worth,2
best,2
unknown,2
straightforward,2
bauman,2
else,2
unsettling,2
jolly,2
literalism,2
naoki,2
identities,2
thompson,2
quoted,2
passage,2
works,2
living,2
elders,2
following,2
clarity,2
beginning,2
knows,2
according,2
automatic,2
adults,2
piper,2
add,2
firmly,2
writes,2
transactions,2
dureau,2
ethnography,2
voice,2
resident,2
descendants,2
marriages,2
threat,2
praying,2
size,2
cult,2
intention,2
son,2
ill,2
became,2
easy,2
giving,2
prayers,2
ignorant,2
went,2
think,2
slight,2
jan,2
rosaldo,2
tions,2
prepared,2
devoted,2
understandings,2
shown,2
tell,2
touch,2
reveals,2
toga,2
uttering,2
finally,2
iconic,2
accept,2
monolingual,2
tanoa,2
evidence,2
meeting,2
attempted,2
hinder,2
knowl,2
association,2
effec,2
harding,2
bigitibau,2
besides,2
distinctions,2
miserable,2
recounted,2
texts,2
fears,2
matic,2
recent,2
gewertz,2
strategy,2
super,2
kalou,2
final,1
grasped,1
agony,1
masu,1
intricate,1
miraculous,1
diaries,1
der,1
lorimer,1
kandara,1
currently,1
resolve,1
kena,1
waited,1
fathers,1
sins,1
evaluations,1
clarendon,1
concerned,1
silences,1
names,1
groups,1
generous,1
strives,1
sanctions,1
mcdougall,1
ments,1
ready,1
actuated,1
encouraged,1
everyone,1
resulted,1
arrive,1
determine,1
worthy,1
intriguing,1
resisting,1
murdered,1
epidemic,1
clio,1
unusual,1
preach,1
ultimate,1
gion,1
meke,1
stands,1
brilliantly,1
liana,1
manuscript,1
pushed,1
survived,1
passing,1
neocolonial,1
wo,1
center,1
juxtaposition,1
enlightening,1
needed,1
globalization,1
larly,1
eaten,1
judged,1
populum,1
saved,1
utterance,1
instructions,1
properly,1
sets,1
advised,1
stone,1
referring,1
nominalized,1
likely,1
live,1
asserted,1
dialectics,1
motto,1
motivation,1
completely,1
pressing,1
tense,1
okure,1
contend,1
adieu,1
effectual,1
notwithstanding,1
unnamed,1
nerve,1
transcendent,1
greater,1
metaphorically,1
acceptance,1
consequential,1
protection,1
reduced,1
justified,1
cargo,1
hysterical,1
recreation,1
royal,1
truthfully,1
v,1
title,1
backsliding,1
techniques,1
passionately,1
variants,1
discordantly,1
cornell,1
disengaged,1
fashioning,1
trict,1
contested,1
acquainted,1
eye,1
nice,1
shouting,1
meaningless,1
diversity,1
amongst,1
squire,1
cutting,1
experience,1
vakadua,1
placeholders,1
lower,1
consistent,1
highlighted,1
cast,1
sting,1
explaining,1
permit,1
paroxysms,1
sionary,1
humble,1
wrong,1
titles,1
signifies,1
geoffrey,1
learned,1
betrayal,1
jackson,1
regeneration,1
municative,1
matically,1
yaco,1
ii,1
fenced,1
attempts,1
ceremonially,1
brother,1
season,1
elusive,1
dismissively,1
turbulent,1
allow,1
ikiru,1
rational,1
dreams,1
negates,1
declares,1
parties,1
friendly,1
practicality,1
frederick,1
kazuya,1
cial,1
principles,1
muskets,1
nesses,1
knowing,1
boyhood,1
professions,1
succeeds,1
accompanied,1
debra,1
desire,1
highland,1
pher,1
dismayed,1
farmers,1
location,1
skeptics,1
pressed,1
fully,1
assembled,1
murmurs,1
aloud,1
moderns,1
vigor,1
falwell,1
hundred,1
exalted,1
chilling,1
strat,1
ber,1
debt,1
nationalism,1
subsequent,1
evangelization,1
adpopulum,1
devils,1
tary,1
traditionally,1
soas,1
tangible,1
retheorizing,1
unfolding,1
loose,1
ilongot,1
date,1
trouble,1
greatly,1
sacred,1
keith,1
christine,1
reserved,1
principal,1
robert,1
pean,1
opposite,1
unwanted,1
ours,1
conventional,1
alike,1
ambiguous,1
biersack,1
taroga,1
subjugation,1
embroiled,1
rethinking,1
insti,1
violating,1
seminar,1
ad,1
bluntly,1
tauga,1
kingdoms,1
side,1
acknowledged,1
theorizing,1
proceed,1
occasional,1
existence,1
enunciation,1
forthcoming,1
dialect,1
ltd,1
borofsky,1
recorded,1
gaps,1
tie,1
anthropologists,1
assertions,1
albeit,1
pulled,1
causation,1
propensity,1
trans,1
encouraging,1
esti,1
mass,1
conditioned,1
firm,1
cleared,1
draw,1
economics,1
potently,1
custom,1
indirectly,1
orthography,1
methysticum,1
placement,1
wonders,1
avidity,1
compelling,1
ered,1
forbidden,1
invulnerability,1
shame,1
explorations,1
disentangle,1
visionary,1
submission,1
foreigners,1
powers,1
mutual,1
consciousness,1
october,1
pronouncements,1
ings,1
holiness,1
vital,1
obvious,1
carpenters,1
fundamentalist,1
fine,1
diss,1
taking,1
criticisms,1
conceptual,1
trevor,1
authorizing,1
immoral,1
exchanges,1
catechist,1
indicating,1
spoilt,1
mistakenly,1
volasiga,1
bottom,1
ship,1
anticipated,1
representing,1
renewable,1
acquires,1
interact,1
cursing,1
beneath,1
forged,1
prevented,1
external,1
kaluli,1
apologies,1
paganism,1
connectedness,1
evaluating,1
harold,1
aggression,1
perplexed,1
consult,1
encroachments,1
witchcraft,1
usage,1
exist,1
tribute,1
rogoca,1
punishing,1
specifically,1
central,1
icons,1
multidimensional,1
throughout,1
denying,1
trailing,1
review,1
married,1
affiliation,1
uncom,1
relationships,1
southwestern,1
ineffectiveness,1
dying,1
dinata,1
severe,1
spectrum,1
facts,1
roger,1
development,1
points,1
inevitable,1
minutes,1
run,1
countless,1
since,1
due,1
health,1
visited,1
intensifying,1
hanks,1
showers,1
moaned,1
curse,1
sbis,1
silenced,1
circulation,1
nakorotubu,1
transformative,1
informant,1
authoritative,1
valu,1
large,1
hawaii,1
vigilance,1
elegantly,1
raises,1
interrelationships,1
application,1
tied,1
oratorical,1
cf,1
discover,1
lesu,1
materially,1
relish,1
type,1
interchangeably,1
feejeeans,1
admitted,1
echo,1
placid,1
z,1
evaluate,1
occasioned,1
aligned,1
acquiring,1
oracles,1
remembering,1
nominalization,1
koro,1
collections,1
self,1
channeled,1
demons,1
nettleton,1
dileonardo,1
depend,1
refer,1
confounded,1
travails,1
finished,1
causing,1
santa,1
ithaca,1
tomlin,1
mauss,1
determination,1
holds,1
cant,1
forgiven,1
recalls,1
uneasiness,1
occult,1
dates,1
siasm,1
applying,1
consulted,1
ness,1
misleading,1
devaluing,1
died,1
warned,1
marist,1
y,1
mates,1
pragmatically,1
student,1
wild,1
unresolved,1
sons,1
look,1
arriv,1
colleague,1
avea,1
simplistic,1
messages,1
sarcastically,1
pointing,1
turaga,1
commanding,1
uneune,1
generation,1
though,1
acknowledge,1
quiet,1
stanley,1
sobs,1
cites,1
ment,1
healers,1
reasonings,1
liams,1
contracting,1
battles,1
crossroads,1
perfect,1
reverentially,1
jean,1
van,1
divergence,1
bambi,1
site,1
lian,1
anglicized,1
emblems,1
online,1
ism,1
disposed,1
riddles,1
town,1
subordination,1
understands,1
ably,1
license,1
eerie,1
favourably,1
without,1
identification,1
heroes,1
potent,1
exact,1
catechizing,1
pledged,1
purely,1
sessions,1
existent,1
growth,1
portrayed,1
cognition,1
insult,1
simbo,1
across,1
snake,1
developed,1
respectful,1
obtained,1
aggressive,1
dilemma,1
imagin,1
anglican,1
nagonedau,1
thou,1
kei,1
appreciation,1
explicit,1
synonyms,1
heresy,1
preparing,1
presentation,1
utterances,1
conceptions,1
active,1
refusing,1
deliberately,1
realizes,1
galegroup,1
goes,1
populism,1
phrases,1
titled,1
risk,1
saints,1
earlier,1
christianization,1
similar,1
humanity,1
importance,1
floating,1
brand,1
japanese,1
strange,1
connects,1
salvation,1
offering,1
lay,1
rules,1
prophecy,1
feel,1
arbor,1
logical,1
cannell,1
tious,1
absorbed,1
uncanny,1
mekemeke,1
raymond,1
accounts,1
lives,1
injury,1
eval,1
elements,1
win,1
whipcord,1
bad,1
consultation,1
soon,1
ation,1
postmodern,1
xlvi,1
rain,1
sch,1
subservient,1
established,1
discouraged,1
missionized,1
tagalog,1
emergence,1
dated,1
standings,1
clearly,1
latin,1
hraf,1
section,1
elsewhere,1
edition,1
justifica,1
completion,1
dominate,1
articulated,1
k,1
likened,1
restricted,1
vitality,1
frequently,1
prevent,1
suspend,1
situations,1
muscular,1
exclu,1
ministers,1
acknowledges,1
roughly,1
commented,1
recovered,1
origins,1
ques,1
continual,1
follow,1
conrad,1
efficient,1
linkage,1
shorthand,1
defines,1
notions,1
obstacles,1
fundamentalists,1
lakeba,1
stark,1
idrf,1
ceremony,1
moreover,1
adverb,1
instance,1
austra,1
fetched,1
tiveness,1
neimami,1
yes,1
frighten,1
fulfillment,1
vewa,1
dominant,1
interposition,1
helped,1
important,1
manwaring,1
drawing,1
footnote,1
view,1
appear,1
myths,1
nia,1
twitching,1
bula,1
veil,1
fortable,1
contention,1
despaired,1
amen,1
station,1
sive,1
moving,1
recog,1
serving,1
pastoral,1
herald,1
acting,1
rical,1
introduce,1
simplifying,1
walk,1
asserts,1
bearing,1
blamed,1
kegan,1
wracked,1
arouse,1
appearance,1
histories,1
medicine,1
opposing,1
resonate,1
hands,1
called,1
strength,1
access,1
photo,1
presenter,1
narrated,1
attack,1
amsterdam,1
cagilaba,1
embracing,1
centers,1
lived,1
users,1
changed,1
condensing,1
coordinat,1
hearers,1
shared,1
fishing,1
inakv,1
radical,1
noting,1
insisting,1
dreamer,1
tremble,1
eat,1
vigorous,1
emotionally,1
philosophical,1
cau,1
inter,1
respectfully,1
punishment,1
masculinity,1
big,1
dent,1
embedded,1
academic,1
outbursts,1
materiality,1
further,1
infected,1
kinship,1
irony,1
buried,1
cuts,1
michigan,1
attackers,1
uated,1
mediated,1
careless,1
sleek,1
appears,1
population,1
impropriety,1
devoid,1
califor,1
applied,1
graphy,1
singularly,1
banded,1
intertwined,1
otherwise,1
troops,1
heathenism,1
saving,1
overwhelmed,1
moaning,1
exploration,1
opposition,1
wide,1
acknowledgments,1
retribution,1
prostrate,1
intimating,1
possibility,1
verbally,1
evangelism,1
maxfield,1
affair,1
technical,1
alludes,1
distinguishes,1
jim,1
failure,1
shape,1
pigs,1
possession,1
hierarchies,1
provincial,1
having,1
designed,1
pagans,1
kadavuans,1
pronounce,1
stooped,1
competent,1
data,1
psychology,1
paints,1
lied,1
sity,1
amos,1
intense,1
lecaika,1
memory,1
strengths,1
listening,1
vincent,1
sanction,1
appeals,1
modernities,1
villager,1
galenet,1
contextualized,1
leisure,1
locus,1
thorn,1
concept,1
evildoing,1
brought,1
favourable,1
uncover,1
denial,1
repentance,1
inevitability,1
quickly,1
domi,1
crawling,1
curing,1
positions,1
description,1
astonishing,1
sevati,1
englishmen,1
got,1
year,1
merly,1
describe,1
older,1
truthfulness,1
yan,1
references,1
inspire,1
constitute,1
faint,1
beginnings,1
accomplishment,1
jo,1
mentioning,1
structures,1
belligerent,1
theo,1
demon,1
device,1
antithetical,1
et,1
mightily,1
recounting,1
bishop,1
justification,1
surname,1
reflect,1
nayau,1
elegant,1
ously,1
newspaper,1
institution,1
compact,1
folklore,1
michelle,1
malicious,1
achieving,1
bid,1
gratitude,1
wil,1
won,1
president,1
rokotui,1
class,1
universally,1
challenging,1
holy,1
carey,1
declara,1
betraying,1
hidden,1
mukkuvar,1
towards,1
announcement,1
errors,1
citing,1
suffused,1
chant,1
metakinesis,1
contests,1
lifted,1
universalized,1
fowls,1
computer,1
steward,1
protestantism,1
level,1
fulfilled,1
dan,1
field,1
allegiance,1
attributed,1
buell,1
recast,1
convulsed,1
stage,1
reliable,1
speculations,1
errand,1
next,1
abey,1
politically,1
persecuting,1
catholic,1
mosimosi,1
pedigree,1
sonal,1
feejeean,1
consolidation,1
midst,1
involved,1
family,1
small,1
efflorescence,1
renouncing,1
several,1
spanish,1
code,1
oct,1
characteristics,1
concerns,1
smithsonian,1
replace,1
shines,1
revealing,1
bridge,1
bowed,1
baked,1
folk,1
embarrassed,1
tried,1
ts,1
dramatic,1
shadows,1
convey,1
startling,1
distinguished,1
codes,1
weapons,1
resonant,1
blessings,1
impossible,1
foremost,1
inte,1
core,1
parliament,1
struck,1
articulation,1
quakers,1
claude,1
majority,1
loci,1
zechariah,1
transitive,1
colloquium,1
correspondence,1
depravity,1
notice,1
peculiar,1
roots,1
notes,1
penitents,1
diminished,1
lore,1
value,1
dumbstruck,1
finds,1
inef,1
auto,1
creeps,1
actions,1
disturbing,1
reducing,1
coolness,1
behalf,1
apparent,1
lection,1
appeal,1
hurricanes,1
nonethe,1
battle,1
critical,1
tasks,1
statuses,1
sail,1
noteworthy,1
units,1
nation,1
coastline,1
dampened,1
demand,1
resist,1
mamaia,1
matter,1
spelled,1
inefficacy,1
spouses,1
commu,1
publishers,1
noble,1
audi,1
african,1
primitive,1
interference,1
identified,1
indicative,1
incorrect,1
deliv,1
overlapped,1
ashore,1
blessed,1
surprisingly,1
resisted,1
onward,1
appreciate,1
forward,1
fruit,1
merits,1
nearly,1
aldersgate,1
perpetually,1
returning,1
april,1
sionaries,1
surprise,1
currency,1
interactions,1
domination,1
harwood,1
earthquake,1
sending,1
humans,1
wind,1
outer,1
collapsed,1
modes,1
jesus,1
tends,1
road,1
stilled,1
positive,1
abbreviation,1
answering,1
spectacular,1
riches,1
vakavanua,1
para,1
pasifika,1
oxford,1
pivotal,1
boumaa,1
edited,1
usages,1
floods,1
interpretation,1
violence,1
ethnographers,1
examined,1
opportunities,1
enthu,1
telefolmin,1
marginal,1
mused,1
perplexity,1
passio,1
sounds,1
seeing,1
roles,1
reversed,1
perspiration,1
clash,1
challenged,1
tangled,1
propositional,1
thesis,1
reconciliation,1
luke,1
orders,1
stole,1
assistance,1
complete,1
roko,1
keeping,1
hesitant,1
coconuts,1
ashamed,1
ethnographic,1
broad,1
deliver,1
al,1
ascendance,1
imitating,1
belonging,1
exodus,1
odds,1
departing,1
emotional,1
violations,1
begins,1
learns,1
rise,1
inheritance,1
revenge,1
stones,1
hallmark,1
double,1
chambri,1
fix,1
fetish,1
interlopers,1
party,1
worst,1
leader,1
reach,1
visitor,1
unlimited,1
vua,1
law,1
voyage,1
bulk,1
upset,1
metapho,1
relatedness,1
baptist,1
tapu,1
similarly,1
printing,1
towns,1
harmonds,1
rock,1
perfected,1
generously,1
prolong,1
disabuse,1
adherence,1
shows,1
lack,1
admit,1
idea,1
ley,1
enactment,1
scholars,1
abstain,1
temples,1
fortnight,1
appeared,1
nate,1
pains,1
choice,1
disliked,1
transcendental,1
teeth,1
anthro,1
feejee,1
bradd,1
cure,1
theologian,1
watch,1
ethno,1
xianity,1
aug,1
everything,1
clyne,1
doubt,1
inherently,1
towering,1
golden,1
condensed,1
considerable,1
impending,1
clearing,1
deci,1
cry,1
agree,1
serious,1
audiences,1
anne,1
honor,1
devil,1
outside,1
fits,1
consciously,1
performances,1
nity,1
illumi,1
metaphors,1
sparing,1
obscures,1
realms,1
novelist,1
plained,1
execution,1
non,1
relevant,1
marched,1
flesh,1
interview,1
hides,1
forth,1
vakaviti,1
colony,1
showing,1
rounds,1
perhaps,1
esther,1
preparation,1
foreseeing,1
pp,1
hamilton,1
cosmos,1
movements,1
style,1
counterpart,1
shifts,1
number,1
tianity,1
testant,1
vatovatonaki,1
flickering,1
regionally,1
distortions,1
boat,1
casting,1
commemorate,1
polities,1
apache,1
remained,1
violent,1
joking,1
fight,1
interpreting,1
autobiography,1
simon,1
proceedings,1
analyzed,1
apt,1
ingenious,1
cssh,1
ence,1
divided,1
tian,1
influences,1
berghahn,1
anducum,1
thucydides,1
subjectivity,1
eva,1
completed,1
eighteenth,1
bear,1
swollen,1
helps,1
represented,1
sides,1
hindu,1
region,1
parents,1
including,1
parasession,1
melanesian,1
owe,1
increase,1
sufficiently,1
donald,1
malaitan,1
microfilm,1
services,1
warrior,1
endeavour,1
wonder,1
listener,1
conversely,1
empirical,1
hawai,1
kroskrity,1
entirely,1
bears,1
largely,1
persisted,1
samoa,1
wonderful,1
licensed,1
permanent,1
dress,1
aesthetics,1
returned,1
morality,1
engaging,1
athlone,1
egy,1
alternative,1
harvard,1
swooned,1
probability,1
freedom,1
shiko,1
engaged,1
raising,1
sees,1
cataclysmic,1
lau,1
eight,1
theories,1
dignitary,1
popery,1
publish,1
versions,1
gral,1
installed,1
low,1
digmatic,1
worry,1
meanings,1
clear,1
biblical,1
margaret,1
truths,1
provoked,1
formulaic,1
remaining,1
accessed,1
reality,1
emphasizing,1
authors,1
tories,1
denigrates,1
clouds,1
recognize,1
ere,1
metaphysics,1
reputation,1
utter,1
safety,1
victory,1
jeean,1
interpret,1
co,1
admission,1
try,1
individual,1
allowed,1
someone,1
reviewers,1
momentous,1
flood,1
interlocutors,1
fellow,1
acquiescence,1
parts,1
features,1
maliciously,1
played,1
collected,1
mountain,1
provin,1
counted,1
filled,1
imbibed,1
configurations,1
anyone,1
conversation,1
running,1
renewal,1
misunderstanding,1
black,1
sally,1
lose,1
displaying,1
melanesians,1
promotion,1
strangely,1
gets,1
invincibility,1
wesle,1
sentiment,1
comparing,1
sinners,1
trying,1
qualities,1
elaborate,1
parallel,1
methods,1
chapel,1
allusion,1
spreads,1
relation,1
overcome,1
throwaway,1
pro,1
reli,1
sentiments,1
unto,1
unlearned,1
enemies,1
gershon,1
ethnographically,1
conscience,1
translate,1
nized,1
dominance,1
engelke,1
fe,1
epics,1
attracted,1
versus,1
haven,1
destruction,1
relative,1
engagement,1
attend,1
jerry,1
evaluated,1
professional,1
chain,1
solemnized,1
ago,1
fee,1
cen,1
regimes,1
sailing,1
tanya,1
vector,1
vinced,1
isn,1
sented,1
dfrom,1
decision,1
separate,1
enfolded,1
ague,1
asking,1
somewhat,1
arriving,1
twelve,1
straight,1
discussing,1
negotiations,1
penguin,1
committed,1
entail,1
cation,1
imply,1
whereabouts,1
cleansing,1
vicente,1
niel,1
solent,1
excuse,1
grammar,1
veer,1
succinctly,1
wisdom,1
spelling,1
she,1
replied,1
eulogised,1
science,1
vesi,1
assert,1
usually,1
thor,1
adequacy,1
prophets,1
continuing,1
practitioners,1
goest,1
ivalavala,1
foster,1
hill,1
euro,1
employment,1
begin,1
resistant,1
palgrave,1
deaths,1
attitude,1
favour,1
keley,1
ordinary,1
attacking,1
mad,1
malumalumufj,1
sensitive,1
apprehending,1
concluding,1
transformed,1
strongly,1
xvaluvu,1
ordering,1
began,1
worse,1
claimed,1
effectively,1
proposition,1
overlap,1
threaten,1
mrs,1
suggestions,1
atten,1
rapidly,1
paradoxical,1
length,1
frames,1
bows,1
linking,1
shortened,1
why,1
neighbourhood,1
impersonal,1
expectations,1
construction,1
kill,1
timoni,1
united,1
urmson,1
surprising,1
frontier,1
ivolavosa,1
dead,1
education,1
lar,1
exists,1
atmosphere,1
face,1
gun,1
india,1
arts,1
figured,1
completeness,1
grounded,1
superintendent,1
blurred,1
meant,1
kandavu,1
worshipped,1
announces,1
torment,1
bench,1
sections,1
attachment,1
environment,1
publicly,1
seriously,1
wars,1
authorities,1
magical,1
inversions,1
monument,1
associated,1
judgments,1
manifesting,1
providentially,1
sister,1
melanesia,1
preface,1
series,1
conclusion,1
arrest,1
incommen,1
tered,1
hell,1
predictions,1
extensive,1
unbroken,1
lali,1
beside,1
continues,1
endowed,1
pace,1
implied,1
marcel,1
nated,1
physical,1
hearts,1
proposes,1
abbreviated,1
borrow,1
corrections,1
mourn,1
generic,1
prob,1
doi,1
text,1
chapels,1
symbol,1
bowdoin,1
patients,1
sustained,1
occurred,1
engagingly,1
seers,1
quickened,1
extolled,1
ists,1
set,1
phrasing,1
couples,1
psalm,1
labeling,1
milieu,1
defining,1
dimension,1
respecting,1
noun,1
intellectual,1
incom,1
hesitates,1
sure,1
country,1
illuminate,1
readily,1
tavasara,1
hofbauer,1
havoc,1
biogra,1
tongue,1
deleted,1
novel,1
december,1
affirming,1
global,1
connection,1
pasadena,1
antici,1
board,1
persecution,1
king,1
universalist,1
partisans,1
stack,1
pragmatic,1
breaking,1
print,1
printed,1
firepower,1
comar,1
inquiry,1
post,1
eventually,1
erupting,1
particularly,1
presumably,1
metaphorical,1
collins,1
theology,1
matthew,1
hindus,1
reconfiguring,1
feb,1
anguished,1
audience,1
ordered,1
parson,1
generalized,1
sanctification,1
happiness,1
pub,1
translating,1
daigaku,1
particu,1
enlarged,1
problematics,1
tubu,1
suddenly,1
february,1
longmans,1
drum,1
places,1
turned,1
feminist,1
america,1
angry,1
outlook,1
quiver,1
cassowary,1
drop,1
fled,1
surate,1
complications,1
economy,1
anymore,1
communicate,1
receiving,1
magnificence,1
transmitted,1
reactions,1
vanuatu,1
implicit,1
sau,1
commemorating,1
twisted,1
met,1
want,1
vukei,1
sociology,1
quote,1
jersey,1
miracles,1
lished,1
propulsive,1
metaphor,1
maintain,1
proven,1
converting,1
attitudes,1
plete,1
bailiwick,1
cako,1
sively,1
tahitian,1
ceased,1
diary,1
debate,1
signifier,1
dream,1
limbs,1
consisting,1
transaction,1
immersed,1
occasions,1
utilitarian,1
tute,1
engagements,1
thousands,1
cuva,1
vosa,1
fighters,1
rationality,1
u,1
cobo,1
missed,1
scenarios,1
infant,1
categories,1
universe,1
art,1
travel,1
natewa,1
welcome,1
spaces,1
conference,1
unseen,1
monitored,1
fishers,1
presented,1
demonic,1
pation,1
nouns,1
menacing,1
attentive,1
commissioner,1
far,1
recognition,1
apostle,1
altered,1
peace,1
attached,1
erally,1
superstition,1
kin,1
sea,1
city,1
november,1
uh,1
riddle,1
heredi,1
convinced,1
fective,1
abingdon,1
subject,1
intended,1
preached,1
sitting,1
assumptions,1
acute,1
confronted,1
plant,1
nashville,1
protestants,1
bridges,1
antiquary,1
discussion,1
afflicting,1
families,1
oughgoing,1
gloss,1
exploit,1
heading,1
representation,1
gain,1
oceanic,1
faculty,1
discontented,1
referential,1
webb,1
discomfiture,1
susceptible,1
shores,1
unblinking,1
shuppannkyoku,1
invested,1
shivers,1
nately,1
yells,1
cacophony,1
drafts,1
sailed,1
authorized,1
trembles,1
relinquishing,1
initiated,1
hordes,1
clubs,1
rationalization,1
lately,1
adventists,1
temperature,1
strikingly,1
washington,1
publishing,1
burnt,1
typescript,1
wish,1
corrective,1
ended,1
vibrate,1
tabua,1
steadi,1
judges,1
integrated,1
correlated,1
chronology,1
building,1
need,1
green,1
files,1
gen,1
heathens,1
states,1
worthiness,1
col,1
quotes,1
disrupt,1
playing,1
derive,1
await,1
taukei,1
area,1
remains,1
ships,1
morning,1
share,1
tz,1
offered,1
observation,1
catholicism,1
potential,1
pioneering,1
categorizes,1
ser,1
furthermore,1
capitulation,1
ascendancy,1
archival,1
scholarship,1
communi,1
era,1
pleased,1
subtract,1
create,1
dark,1
adventism,1
resounded,1
occur,1
pologist,1
severely,1
rela,1
evangelicals,1
develop,1
re,1
seek,1
grace,1
north,1
zones,1
unequivocal,1
famous,1
tired,1
previously,1
loyalties,1
ga,1
simi,1
christina,1
ca,1
built,1
showed,1
mistaken,1
confrontations,1
otto,1
major,1
