WORDCOUNTS,WEIGHT
the,718
of,438
and,265
in,242
to,232
a,208
free,182
sugar,148
that,143
for,116
trade,116
was,108
as,101
labour,84
on,79
slave,73
pp,70
be,68
ibid,66
west,64
s,61
p,61
had,60
by,58
would,57
their,51
with,51
it,50
slavery,50
british,49
duties,42
not,42
hansard,41
ser,41
this,39
britain,39
were,37
from,36
but,35
an,34
emancipation,33
who,32
more,31
indian,30
than,29
london,29
see,29
is,29
he,28
lxxxviii,28
they,27
could,27
protection,25
or,25
indies,25
which,25
his,24
after,23
at,22
political,22
such,22
if,21
new,21
protectionists,21
been,21
victorian,20
traders,20
economic,20
cheap,20
only,20
people,19
when,19
against,18
colonies,18
its,18
also,18
have,18
superiority,17
one,17
those,17
abolitionist,17
slaves,17
xcix,17
moral,17
question,17
other,16
russell,16
abolitionists,15
how,15
experiment,15
monopoly,15
oxford,15
debate,15
no,14
most,14
between,14
produce,14
richard,14
lviii,14
abolition,13
policy,13
england,13
drescher,13
both,13
society,13
antislavery,13
john,13
over,13
blacks,13
market,12
i,12
lv,12
journal,12
rather,12
nation,12
huzzey,12
end,12
just,12
should,12
before,11
great,11
has,11
world,11
thought,11
colonial,11
are,11
did,11
economy,11
history,10
all,10
planters,10
act,10
protectionist,10
argued,10
wilberforce,10
commerce,10
progress,10
july,10
mighty,10
bfass,10
sentiment,10
ideology,10
any,10
peel,10
them,10
equalization,10
arguments,10
much,10
interests,9
robert,9
xcvi,9
price,9
even,9
may,9
york,9
public,9
under,9
lord,9
two,9
others,9
many,9
britons,9
morality,9
ny,9
black,9
article,9
james,9
immigration,9
freedom,9
economist,9
our,9
into,8
there,8
some,8
yet,8
repeal,8
view,8
came,8
well,8
will,8
c,8
law,8
power,8
mps,8
ideas,8
so,8
can,8
means,8
joseph,8
bright,8
while,8
early,8
abolitionism,8
league,8
years,8
american,7
ways,7
last,7
politics,7
trollope,7
india,7
cotton,7
found,7
example,7
decline,7
led,7
about,7
noted,7
social,7
man,7
v,7
sir,7
made,7
held,7
like,7
faith,7
we,7
merivale,7
must,7
ritchie,7
believed,7
william,7
whether,7
national,7
corn,7
given,6
first,6
case,6
laws,6
opposed,6
poor,6
support,6
w,6
defeat,6
triumph,6
because,6
r,6
few,6
still,6
bill,6
movement,6
these,6
debates,6
present,6
where,6
david,6
state,6
foreign,6
then,6
country,6
sturge,6
what,6
attitudes,6
voted,6
became,6
negro,6
prosperity,6
supply,6
hilton,6
proposed,5
way,5
tory,5
alone,5
needed,5
decade,5
position,5
whigs,5
being,5
defeated,5
j,5
cobden,5
cruisers,5
human,5
review,5
since,5
interest,5
influence,5
doctrine,5
suppression,5
freedmen,5
welfare,5
superior,5
preference,5
suggested,5
opponents,5
out,5
however,5
edn,5
thoughts,5
lxxxvii,5
production,5
nations,5
contest,5
god,5
same,5
towards,5
never,5
protectionism,5
upon,5
concern,5
thomas,5
cairnes,5
ministry,5
select,5
favour,5
lost,5
meant,5
principle,5
global,5
cultivation,5
historical,5
terms,5
through,5
african,5
measure,5
samuel,5
need,5
evidence,5
admitting,5
cheaper,5
o,4
anthony,4
later,4
english,4
pessimism,4
necessarily,4
common,4
davis,4
implications,4
government,4
products,4
within,4
issue,4
hall,4
porter,4
consumers,4
economies,4
immediate,4
development,4
inevitable,4
g,4
lectures,4
pay,4
late,4
freed,4
failed,4
similar,4
humanity,4
special,4
bad,4
morgan,4
liberal,4
age,4
beyond,4
rice,4
important,4
opinion,4
greater,4
expressed,4
betrayal,4
societies,4
radical,4
supporters,4
understood,4
grounds,4
required,4
victorians,4
failure,4
used,4
vote,4
marketplace,4
year,4
during,4
policies,4
point,4
good,4
brougham,4
every,4
up,4
productivity,4
bentinck,4
prove,4
naval,4
disraeli,4
williams,4
similarly,4
revenue,4
do,4
accepted,4
less,4
success,4
advantages,4
victory,4
earlier,4
goods,4
conscience,4
lushington,4
me,4
africa,4
george,4
freedman,4
hope,4
beldam,4
itself,4
morrell,4
different,4
best,4
domestic,4
grey,4
mill,4
cause,4
popular,4
providential,4
role,4
duty,4
freer,4
ultimately,4
cambridge,4
ended,4
although,4
constituencies,4
offered,4
themselves,4
mp,4
punch,3
created,3
therefore,3
measures,3
per,3
mad,3
ordained,3
former,3
justified,3
committee,3
variety,3
t,3
parliamentary,3
vols,3
emerged,3
thus,3
gradual,3
providence,3
hutt,3
profitable,3
racial,3
papers,3
speech,3
motion,3
encouraging,3
right,3
account,3
possible,3
shared,3
whites,3
million,3
apprenticeship,3
brother,3
decided,3
consumer,3
emigration,3
expected,3
admitted,3
externalities,3
traditions,3
whose,3
agitation,3
without,3
abolished,3
main,3
coffee,3
howe,3
gladstone,3
wealth,3
impact,3
decades,3
result,3
declined,3
international,3
blockade,3
herman,3
further,3
produced,3
promise,3
opposition,3
having,3
civil,3
planter,3
issues,3
bishop,3
away,3
showing,3
correct,3
working,3
next,3
quite,3
soil,3
consensus,3
wider,3
concerns,3
division,3
generally,3
majority,3
moved,3
reducing,3
demand,3
fell,3
indeed,3
return,3
single,3
values,3
competition,3
portrayed,3
alongside,3
palmer,3
tax,3
culture,3
abandon,3
ed,3
increasingly,3
seymour,3
impediment,3
comparison,3
l,3
preserve,3
philanthropy,3
time,3
aug,3
navy,3
coercion,3
controversy,3
compete,3
another,3
sides,3
trader,3
sold,3
labourers,3
catherine,3
rejected,3
utter,3
dominated,3
logic,3
individual,3
divisions,3
palmerston,3
men,3
effect,3
hume,3
looked,3
saw,3
quarter,3
fogel,3
continued,3
humanitarian,3
ironically,3
economists,3
life,3
analysis,3
confessed,3
whig,3
supported,3
brazilian,3
intellectual,3
argue,3
brazil,3
turned,3
idem,3
form,3
problem,3
imperial,3
convinced,3
transition,3
went,3
condition,3
drive,3
eric,3
argument,3
cropper,3
dangerous,3
d,3
you,3
increased,3
gazette,3
abstinence,3
little,3
final,2
does,2
now,2
produces,2
done,2
conflicting,2
generated,2
modern,2
represent,2
peaceful,2
evangelicalism,2
consume,2
elliott,2
mar,2
replaced,2
judged,2
denied,2
use,2
philanthropic,2
likely,2
authority,2
h,2
ms,2
collision,2
total,2
something,2
contested,2
arguing,2
test,2
bl,2
reprinted,2
cast,2
long,2
taken,2
military,2
attempt,2
seems,2
words,2
stolen,2
principles,2
tradition,2
assertion,2
suggesting,2
desire,2
indifferent,2
able,2
xiii,2
subsequent,2
fresh,2
embrace,2
chancellor,2
date,2
ruined,2
context,2
allied,2
distress,2
proposals,2
system,2
appreciate,2
advocates,2
plain,2
attacked,2
historians,2
iv,2
pacifism,2
e,2
marked,2
election,2
foreigners,2
bell,2
far,2
cited,2
fos,2
liberals,2
above,2
himself,2
letter,2
garlyle,2
resign,2
labor,2
regarding,2
conflict,2
author,2
run,2
abstention,2
ease,2
insisted,2
lxxxvhi,2
century,2
cix,2
cases,2
altogether,2
old,2
rejecting,2
intercourse,2
subjects,2
contrary,2
ally,2
left,2
critique,2
bills,2
conceded,2
acted,2
stanley,2
focused,2
civilization,2
hence,2
predicted,2
debated,2
mean,2
politicians,2
heard,2
b,2
certain,2
sacrificed,2
benjamin,2
study,2
believing,2
white,2
earl,2
productive,2
moreover,2
cuba,2
branded,2
wages,2
wanted,2
university,2
image,2
emergence,2
elsewhere,2
house,2
frequently,2
too,2
prevent,2
repudiating,2
atonement,2
followed,2
cost,2
m,2
adapted,2
appear,2
lords,2
advance,2
my,2
based,2
parliamentarians,2
conservative,2
economics,2
worker,2
luxury,2
eat,2
ewing,2
passionate,2
term,2
equal,2
war,2
boyd,2
applied,2
exhaustion,2
placed,2
your,2
explain,2
sacrifice,2
aspects,2
directly,2
basis,2
work,2
abroad,2
imagined,2
part,2
apparent,2
inevitability,2
reduction,2
macaulay,2
labourer,2
own,2
keep,2
status,2
lhe,2
exchequer,2
prices,2
sense,2
hard,2
recanted,2
revolution,2
trading,2
contrast,2
repeated,2
spanish,2
began,2
industry,2
nc,2
research,2
petitions,2
impossible,2
parliament,2
vein,2
estates,2
miserable,2
enjoy,2
seemed,2
trentmann,2
subsequently,2
promised,2
tea,2
lxxxvm,2
second,2
mysterious,2
interference,2
action,2
short,2
rights,2
tried,2
acknowledged,2
islands,2
plenty,2
make,2
sinful,2
innovation,2
bread,2
frank,2
sincere,2
chronicle,2
sympathies,2
begged,2
evil,2
mercury,2
deliver,2
jamaica,2
rise,2
transatlantic,2
party,2
deterred,2
efforts,2
fact,2
shows,2
longer,2
consideration,2
lobby,2
professed,2
regret,2
pressure,2
documents,2
larger,2
connell,2
curtin,2
claimed,2
guiana,2
serious,2
minister,2
bethell,2
hand,2
orthodoxy,2
belief,2
eds,2
compelled,2
sell,2
inconsistency,2
remained,2
simon,2
temperley,2
private,2
understanding,2
discussion,2
examples,2
restrictions,2
increase,2
confidence,2
food,2
largely,2
oppose,2
virtually,2
bitter,2
evolution,2
schulyer,2
variables,2
partisan,2
three,2
christopher,2
characterized,2
period,2
him,2
high,2
guilt,2
outcomes,2
chapel,2
narrow,2
wishing,2
enjoyed,2
henry,2
capitalism,2
sept,2
securing,2
figures,2
versus,2
institution,2
concluded,2
brown,2
lvm,2
whit,2
christian,2
lot,2
science,2
consent,2
naturally,2
hill,2
leslie,2
seen,2
pleading,2
effectively,2
methods,2
perhaps,2
cease,2
blood,2
fall,2
sympathy,2
pressures,2
sandon,2
addressed,2
squadron,2
victoria,2
thinking,2
conclusion,2
throw,2
demonstrate,2
inferiority,2
shop,2
ridiculed,2
masses,2
command,2
alternative,2
huntley,2
why,2
benefits,2
colonization,2
each,2
down,2
half,2
report,2
exceptional,2
very,2
past,2
thompson,2
better,2
suffering,2
sincerity,2
reign,2
want,2
particular,2
unadulterated,2
add,2
feb,2
protective,2
require,2
observations,2
episode,2
varieties,2
circumstances,2
ill,2
despite,2
press,2
buy,2
reappraisal,2
turley,2
challenges,2
indians,2
credentials,2
maintained,2
com,2
aspect,2
think,2
jan,2
come,2
until,2
models,2
commercial,2
contract,2
institutional,2
charge,2
consumption,2
effects,2
colleagues,2
off,2
speak,2
rout,2
campaign,2
repealed,2
profits,2
charles,2
commodity,2
import,2
traditional,2
focus,2
recent,2
virtue,2
broader,2
asked,2
race,2
cruiser,2
summed,1
mingled,1
enslaved,1
go,1
margins,1
innoxious,1
formulated,1
firmest,1
acolytes,1
child,1
discourage,1
sussex,1
prefer,1
invalidated,1
ethics,1
imagining,1
implemented,1
stuart,1
treaties,1
slaveowners,1
racialised,1
shortterm,1
tropics,1
bloodied,1
commitment,1
indigo,1
unpleasant,1
extreme,1
dash,1
resulted,1
legitimate,1
revolutionary,1
methodologies,1
submission,1
reckoning,1
combine,1
confessing,1
utility,1
plainly,1
sphere,1
crossing,1
appalling,1
obtains,1
sympathetic,1
clung,1
center,1
prediction,1
complex,1
hate,1
roundell,1
fate,1
philanthropist,1
refused,1
prime,1
hon,1
asserted,1
true,1
strictly,1
studies,1
bondage,1
considerations,1
unnatural,1
teased,1
reasonably,1
oppressive,1
earnest,1
deny,1
emphasize,1
predicting,1
unreasonably,1
encourage,1
equality,1
òlavery,1
nineteenth,1
pessimists,1
mourned,1
interfering,1
revision,1
source,1
amongst,1
verdict,1
credibly,1
disputed,1
gairnes,1
negative,1
lower,1
consistent,1
priced,1
explaining,1
www,1
sympathizers,1
coalesced,1
sources,1
wrong,1
invention,1
rearguard,1
whom,1
certainly,1
pounds,1
connection,1
distinguishing,1
sad,1
ii,1
give,1
attempts,1
cwt,1
entangled,1
enables,1
might,1
address,1
ofcobden,1
assist,1
archer,1
promoting,1
worked,1
font,1
virulent,1
retreat,1
referees,1
nature,1
hatred,1
amoral,1
parties,1
immense,1
reach,1
keener,1
defections,1
capitalist,1
route,1
advantage,1
together,1
accompanied,1
prop,1
estimation,1
simple,1
thank,1
differences,1
pivot,1
pressed,1
origin,1
liverpool,1
incident,1
unholy,1
closer,1
scholars,1
satanic,1
take,1
real,1
debt,1
graham,1
insinuation,1
ewart,1
lxxv,1
mind,1
dearer,1
written,1
miles,1
innes,1
fullest,1
stand,1
precisely,1
secondly,1
burnett,1
cheapest,1
principal,1
opposite,1
decreased,1
alike,1
somewhat,1
committed,1
behind,1
daniel,1
accommodation,1
triggered,1
cheapen,1
akin,1
side,1
knots,1
generosity,1
forthcoming,1
badly,1
dr,1
insincerity,1
recorded,1
sale,1
east,1
king,1
antislauery,1
capacity,1
metaphor,1
sought,1
orator,1
america,1
libel,1
accursed,1
march,1
twist,1
changed,1
retain,1
suppress,1
howard,1
authentic,1
withdrawal,1
open,1
strand,1
stave,1
limitless,1
hungry,1
realignment,1
solely,1
functions,1
insight,1
apocalyptic,1
consumed,1
apart,1
guarantors,1
losing,1
interdisciplinary,1
radicals,1
carlyle,1
owners,1
relocated,1
chart,1
columnist,1
dispute,1
representing,1
enter,1
promises,1
mingle,1
gmail,1
irrational,1
sketched,1
prevented,1
toothsome,1
collection,1
harmony,1
crystallized,1
exposed,1
succeed,1
learned,1
central,1
mistake,1
unworkable,1
andrew,1
lansdowne,1
throughout,1
refraining,1
differential,1
backbench,1
relationships,1
southampton,1
alignments,1
misfortune,1
expect,1
explained,1
redeemed,1
facts,1
difficulties,1
equalize,1
ethical,1
newbould,1
amorally,1
calculated,1
remorse,1
continuance,1
curse,1
oldfield,1
rothman,1
mitton,1
anticorn,1
civilizing,1
basingstoke,1
ability,1
moment,1
adopted,1
routed,1
evils,1
hillhouse,1
tied,1
dubbed,1
employing,1
affairs,1
kind,1
tinged,1
progressive,1
turn,1
hold,1
adam,1
adjustment,1
economical,1
nor,1
pretensions,1
ct,1
tends,1
curiously,1
times,1
perspective,1
concerning,1
convincing,1
defectors,1
back,1
nuermberger,1
competitiveness,1
withdraw,1
hopefully,1
pacifists,1
response,1
six,1
difficulty,1
served,1
emphases,1
apr,1
honour,1
discerning,1
compare,1
overwhelmed,1
profit,1
warned,1
weight,1
mirrored,1
sin,1
unresolved,1
designed,1
pilgrim,1
corrected,1
demonstration,1
remembered,1
appreciated,1
deeply,1
cocktail,1
fellow,1
hardly,1
nuanced,1
fierce,1
competitive,1
ton,1
once,1
brow,1
ebbed,1
tarnished,1
immunities,1
higher,1
oj,1
permits,1
surprisingly,1
operation,1
connexion,1
online,1
library,1
thinker,1
alleged,1
wishes,1
urged,1
recovers,1
sceptics,1
hopes,1
taunting,1
reconfigured,1
dilemma,1
subjected,1
camp,1
bring,1
traffic,1
brethren,1
declaring,1
compatible,1
cornlaw,1
progenitor,1
en,1
appreciation,1
explicit,1
heresy,1
fair,1
myself,1
responded,1
christine,1
ills,1
represented,1
mechanics,1
waned,1
whyte,1
risk,1
legal,1
captives,1
connected,1
ponder,1
importance,1
racehorse,1
direct,1
hearing,1
pages,1
tree,1
crusade,1
despondence,1
space,1
front,1
supposed,1
moves,1
reason,1
modified,1
determination,1
changes,1
perceptions,1
win,1
proving,1
vastly,1
ensure,1
hegemonic,1
chimes,1
marks,1
xxn,1
blame,1
organization,1
morals,1
improvement,1
imagination,1
established,1
raged,1
retained,1
foul,1
villiers,1
section,1
quoted,1
generalities,1
spirit,1
n,1
record,1
contemporaries,1
likened,1
restricted,1
instrument,1
weak,1
comity,1
drummond,1
show,1
fiom,1
initiative,1
laissezfaire,1
impatience,1
powerful,1
passed,1
officer,1
notions,1
obstacles,1
undertaken,1
definite,1
putting,1
votes,1
problems,1
witness,1
amount,1
willing,1
rendered,1
injustice,1
growers,1
crucially,1
causing,1
zealous,1
erroneous,1
negroes,1
export,1
ian,1
advocated,1
assessments,1
denigrating,1
friends,1
mismanaged,1
countervailing,1
maze,1
standards,1
tariffs,1
trumped,1
rebutting,1
explode,1
rivals,1
sooner,1
questioned,1
abandoning,1
allow,1
avenue,1
future,1
appearance,1
demise,1
hands,1
search,1
tyrrell,1
joy,1
attack,1
livingston,1
baton,1
temptations,1
civilising,1
debasing,1
countenance,1
berate,1
rebuttal,1
hopelessness,1
bombards,1
carolina,1
temperature,1
pioneer,1
bizarre,1
haven,1
expediencies,1
featured,1
ketring,1
respects,1
repudiate,1
symptoms,1
grocer,1
accurately,1
handbook,1
outnumbered,1
furthermore,1
traced,1
consciences,1
shall,1
exactly,1
poverty,1
signalled,1
eschatological,1
bore,1
prohibit,1
divide,1
recently,1
revive,1
priorities,1
disapproved,1
plans,1
oxforddnb,1
ravages,1
perform,1
saving,1
absolute,1
approached,1
fox,1
coercing,1
resolv,1
find,1
freedomloving,1
peaceably,1
voice,1
possibility,1
expressions,1
receive,1
undermined,1
infused,1
exert,1
commitments,1
lxxxi,1
abuse,1
taxes,1
christianity,1
resident,1
provincial,1
conservatives,1
replacements,1
faire,1
invisible,1
artisans,1
idlest,1
flourish,1
mapped,1
emancipated,1
criticize,1
shopkeepers,1
rum,1
hung,1
planning,1
swelled,1
sanction,1
nursemaid,1
imports,1
clarkson,1
framed,1
swap,1
heart,1
protected,1
unless,1
prest,1
stake,1
heavily,1
lxxxvtii,1
urban,1
criticized,1
ten,1
repeating,1
wholesome,1
sorrow,1
older,1
cane,1
demonstrates,1
flight,1
unrestricted,1
insinuating,1
stimulate,1
cobdenite,1
panacea,1
forces,1
divided,1
statesmen,1
hampshire,1
invoking,1
endorsed,1
astute,1
seminars,1
providentialism,1
visions,1
alliance,1
lips,1
minds,1
manifestation,1
either,1
yak,1
staple,1
whilst,1
commons,1
accused,1
least,1
pluralism,1
caused,1
limes,1
field,1
englishman,1
tom,1
suggest,1
reliable,1
dictionary,1
excuse,1
protest,1
box,1
irish,1
warmest,1
balkanization,1
métropole,1
claim,1
withdrawing,1
around,1
underscore,1
constituency,1
sufficient,1
ejconomic,1
fraught,1
june,1
prominent,1
depression,1
unalloyed,1
amounted,1
manchester,1
met,1
blunt,1
protect,1
workforce,1
blessings,1
tended,1
yielded,1
philip,1
palatable,1
always,1
futility,1
inability,1
aside,1
universities,1
dependent,1
deacon,1
results,1
paid,1
gould,1
peculiar,1
roots,1
notes,1
intransigence,1
thk,1
crime,1
rest,1
slavegrown,1
championed,1
knowledge,1
objected,1
champion,1
appeal,1
omission,1
replacing,1
liberation,1
eternal,1
embarked,1
portion,1
battle,1
critical,1
defended,1
telegraph,1
brion,1
republic,1
io,1
excludes,1
reduced,1
hegemony,1
fieedmen,1
ratledge,1
creed,1
practices,1
noble,1
steadily,1
statistical,1
scientific,1
identified,1
concede,1
logically,1
concessions,1
pugilists,1
culturally,1
happy,1
melbourne,1
service,1
located,1
limited,1
fratricide,1
tide,1
forward,1
ralmerstonian,1
brings,1
object,1
reduce,1
whatever,1
reconstruction,1
thinkers,1
intervention,1
thermometer,1
comments,1
bastard,1
indignation,1
targeted,1
southern,1
quaker,1
simultaneously,1
seemingly,1
suppose,1
hitherto,1
backed,1
aligned,1
religious,1
zeal,1
riches,1
scarcity,1
coastal,1
criticism,1
relied,1
outperform,1
recognized,1
shortage,1
violence,1
reference,1
refusing,1
examined,1
lloyd,1
switching,1
devotion,1
advanced,1
soon,1
array,1
predecessor,1
evolved,1
seeing,1
barkly,1
lump,1
combat,1
challenged,1
place,1
disastrous,1
us,1
easing,1
neither,1
temperate,1
thesis,1
perceived,1
rjnon,1
participants,1
included,1
home,1
insanity,1
light,1
rightly,1
complete,1
choices,1
skin,1
counterattack,1
baltimore,1
natural,1
reply,1
emigrate,1
costs,1
boiling,1
reliance,1
ballots,1
toronto,1
resented,1
weavers,1
months,1
considers,1
mocked,1
ox,1
humanitarians,1
endured,1
provide,1
name,1
paul,1
courageous,1
attacks,1
untrue,1
stated,1
sometimes,1
journey,1
death,1
pointed,1
audaciously,1
procured,1
put,1
campaigning,1
trafficking,1
searle,1
addition,1
dearest,1
emotions,1
gruel,1
idea,1
fundamental,1
cursed,1
striking,1
proposal,1
plan,1
clarendon,1
impractical,1
exclusion,1
inept,1
choice,1
parting,1
diverse,1
demonstrating,1
peelite,1
contemporary,1
xvili,1
unsurprisingly,1
fashion,1
deadened,1
workman,1
discussed,1
sanctioned,1
depict,1
chalice,1
outside,1
took,1
racist,1
sweat,1
abstract,1
decisively,1
refreshments,1
decried,1
leeds,1
manner,1
enquiring,1
square,1
touted,1
deceptive,1
secular,1
regulation,1
existing,1
empire,1
ch,1
hated,1
tell,1
bolt,1
forth,1
necessary,1
practice,1
paired,1
colony,1
disparity,1
gash,1
parted,1
diets,1
remarked,1
impoverished,1
distance,1
reflected,1
wood,1
destroyed,1
ror,1
obsession,1
day,1
enmity,1
convenient,1
lists,1
violent,1
remove,1
charted,1
fight,1
thousands,1
nemesis,1
mills,1
demonstrated,1
matrix,1
credit,1
classes,1
greatest,1
balance,1
ignored,1
cure,1
vast,1
father,1
natwn,1
contending,1
discovery,1
doomed,1
preferential,1
sacrifices,1
renders,1
denounced,1
active,1
wjhile,1
enhanced,1
previously,1
holt,1
labouchere,1
borough,1
medium,1
tenets,1
heath,1
significant,1
expression,1
affection,1
characteristically,1
unfair,1
operated,1
assume,1
beneficially,1
pleasure,1
questions,1
grip,1
engaged,1
nothing,1
continue,1
trust,1
halving,1
injurious,1
full,1
leverage,1
previous,1
delay,1
theories,1
nevertheless,1
rouge,1
manning,1
described,1
finally,1
ties,1
crout,1
exports,1
craving,1
strands,1
corrupted,1
switched,1
transformation,1
accessed,1
reality,1
hinged,1
observes,1
express,1
comparisons,1
maintenance,1
potation,1
counter,1
horrific,1
shopkeeper,1
caribbean,1
spread,1
general,1
windy,1
collaborator,1
distinction,1
reinstate,1
filled,1
comforts,1
offer,1
elsie,1
latter,1
zachary,1
humour,1
toiled,1
exchange,1
class,1
outcry,1
shackles,1
cup,1
retire,1
commentators,1
k,1
eyes,1
parade,1
newspapers,1
editors,1
become,1
emphasized,1
interpretations,1
confidently,1
acquire,1
mr,1
attendant,1
excluded,1
confusing,1
usa,1
looks,1
ascribe,1
macmillan,1
tendency,1
reforms,1
quarterly,1
caution,1
normal,1
attention,1
la,1
widely,1
justice,1
discriminating,1
increasing,1
wage,1
assigned,1
relationship,1
gloomy,1
circle,1
commentator,1
today,1
alex,1
note,1
sadly,1
wisdom,1
she,1
complaining,1
movements,1
crucial,1
chance,1
prose,1
foster,1
fear,1
suffice,1
qualifies,1
attitude,1
discard,1
widespread,1
attacking,1
slow,1
dimensions,1
recourse,1
insist,1
yale,1
faces,1
bears,1
force,1
privileges,1
returned,1
berated,1
credited,1
lawrence,1
thirteen,1
nay,1
hundredweight,1
remaining,1
anxiety,1
anxious,1
countries,1
injury,1
utterly,1
excluding,1
diagnosis,1
owed,1
fervent,1
successor,1
responsible,1
efficiency,1
continually,1
profess,1
existed,1
surprising,1
chamber,1
respect,1
ejvery,1
fields,1
exists,1
golquhoun,1
sake,1
articles,1
completeness,1
marquis,1
investigate,1
considered,1
walvin,1
viscount,1
affect,1
stephen,1
sections,1
environment,1
cheapened,1
share,1
duncan,1
seriously,1
curious,1
punished,1
small,1
rarely,1
loaf,1
ordered,1
proprietors,1
historian,1
singular,1
material,1
following,1
xxiv,1
broke,1
comes,1
hardworking,1
mentioned,1
impolicy,1
rightful,1
incorporated,1
biography,1
simply,1
struck,1
ever,1
sank,1
confounding,1
extension,1
theme,1
known,1
implied,1
look,1
laissez,1
florid,1
constructed,1
ralph,1
emancipator,1
narrowly,1
md,1
doi,1
byfiee,1
compensation,1
here,1
set,1
frame,1
xcrx,1
downfall,1
legislature,1
branches,1
dismay,1
sure,1
finance,1
eltis,1
proponents,1
paper,1
steven,1
suggestions,1
lying,1
coupling,1
assumed,1
anon,1
pickering,1
certainty,1
capital,1
restrictive,1
universal,1
regard,1
shred,1
quarterley,1
feed,1
underwrite,1
exploiting,1
particularly,1
boasted,1
contradictory,1
obviously,1
rely,1
asserting,1
benefit,1
proved,1
number,1
differed,1
haitian,1
happiness,1
accepts,1
passage,1
living,1
scores,1
threatening,1
oliver,1
middleclass,1
merely,1
places,1
person,1
pamphleteer,1
phd,1
reproach,1
correlate,1
fuller,1
answered,1
affirm,1
capita,1
motivating,1
rose,1
cannily,1
namely,1
franzmann,1
making,1
evangelical,1
goldman,1
che,1
agricultural,1
saint,1
mere,1
warn,1
vigorously,1
shortages,1
supporter,1
starkly,1
extent,1
her,1
utilitarian,1
foundations,1
xlviii,1
extract,1
pursued,1
fore,1
secure,1
advise,1
enslavement,1
property,1
humane,1
almost,1
alcohol,1
suggests,1
dedication,1
amelioration,1
quixotic,1
permeated,1
reparation,1
agreeable,1
bought,1
presented,1
owner,1
necessity,1
son,1
preserved,1
inimical,1
recognition,1
logical,1
idleness,1
watched,1
peelites,1
excesses,1
introduced,1
alternatives,1
renounce,1
civ,1
regulate,1
abingdon,1
giving,1
subject,1
intended,1
undermining,1
administration,1
returning,1
confronted,1
penny,1
denman,1
merchant,1
tradingto,1
secured,1
pound,1
families,1
weaning,1
isolated,1
economically,1
coming,1
insulated,1
complaints,1
additional,1
producer,1
promoted,1
enthusiasm,1
moderate,1
racism,1
drafts,1
difference,1
reveals,1
beverage,1
covert,1
mutual,1
reconsiders,1
conditions,1
execrable,1
defence,1
jew,1
unimpeded,1
emotive,1
discursive,1
accept,1
reversed,1
crisis,1
immorality,1
employer,1
grown,1
include,1
obstructing,1
deterrence,1
crimes,1
sadness,1
green,1
manufacture,1
opinions,1
ll,1
sacrificial,1
underlines,1
disintegrated,1
conquered,1
seeks,1
attempted,1
tobacco,1
objections,1
recalling,1
morning,1
ruth,1
anonymous,1
morally,1
cousin,1
removed,1
removing,1
compounded,1
combination,1
revolting,1
capitulation,1
prospects,1
protested,1
favoured,1
huston,1
norman,1
dark,1
views,1
exclusively,1
galantine,1
entire,1
abandoned,1
images,1
insurrections,1
taylor,1
doing,1
phased,1
cxi,1
delayed,1
mistaken,1
stifled,1
harmful,1
faction,1
heterogeneous,1
