WORDCOUNTS,WEIGHT
the,923
of,444
to,358
in,289
and,270
french,218
a,185
children,178
eurasian,155
colonial,128
that,122
n,105
as,105
was,101
were,100
abandoned,98
s,90
by,88
for,87
de,84
their,74
from,74
vietnamese,74
l,70
eurasians,69
would,65
on,59
government,57
had,56
with,56
indochina,54
t,50
protection,48
i,48
fonds,48
these,45
they,44
mothers,44
white,43
indochine,42
des,42
m,41
d,41
les,39
not,39
who,37
foefi,36
c,35
this,35
them,35
population,34
colony,34
political,32
or,32
v,32
france,32
be,32
it,31
military,31
at,29
war,29
women,28
its,28
an,28
movement,27
empire,27
h,26
racial,26
social,26
administrators,25
la,25
society,24
whiteness,24
colonists,24
fathers,23
threat,23
societies,23
fran,23
one,22
which,22
tis,22
history,21
con,21
ng,21
law,21
et,20
b,20
been,20
guernut,20
vnna,20
du,19
g,19
caom,19
ggi,18
enfants,18
foundation,18
other,17
letter,17
nh,17
race,17
more,16
see,16
among,16
frangais,15
into,15
journal,15
shat,15
orphanages,15
after,15
phu,15
ph,14
ais,14
p,14
cultural,14
minh,14
during,14
officials,14
about,14
security,14
many,14
crises,14
school,14
world,14
although,14
first,13
posed,13
young,13
jules,13
only,13
power,13
state,13
tonkin,13
made,13
period,13
did,13
aumont,13
through,13
spring,13
th,13
group,12
chi,12
being,12
all,12
throughout,12
en,12
rale,12
colonies,12
nation,12
also,12
mission,12
but,12
general,12
become,12
y,12
mother,12
became,12
vi,12
child,11
e,11
take,11
those,11
sought,11
september,11
vietnam,11
care,11
forces,11
gi,11
assembl,11
new,11
drv,11
remove,11
three,11
blood,11
annam,11
biracial,11
sur,11
chung,11
tion,10
identity,10
some,10
response,10
no,10
his,10
could,10
tr,10
part,10
family,10
when,10
he,10
two,10
efforts,10
ch,10
native,10
metropolitan,10
so,10
january,10
is,10
both,10
citizenship,9
there,9
u,9
me,9
troupes,9
thus,9
warned,9
japanese,9
most,9
out,9
july,9
members,9
minister,9
fm,9
pronatalist,9
moral,9
pro,9
governor,9
continued,9
order,9
citizens,9
milieu,9
february,9
march,9
problem,9
marc,9
if,8
groups,8
metropole,8
december,8
raised,8
within,8
case,8
october,8
point,8
sent,8
ordinaire,8
te,8
parents,8
superior,8
dren,8
placed,8
however,8
well,8
administrator,8
wards,8
june,8
enqu,8
under,8
perceived,8
men,8
paris,8
where,8
chil,8
anxiety,8
septembre,8
articles,8
are,8
according,8
prestige,8
role,8
families,8
years,8
have,8
exercice,8
re,8
o,7
page,7
prostitutes,7
saigon,7
soci,7
action,7
viet,7
x,7
nam,7
century,7
left,7
even,7
may,7
hereafter,7
rst,7
because,7
feared,7
saada,7
organizations,7
threats,7
custody,7
soldiers,7
article,7
decolonization,7
environment,7
control,7
noi,7
aise,7
resident,7
programs,7
until,7
patriarchy,7
charles,7
between,7
orphanage,7
than,6
large,6
join,6
second,6
pose,6
culturally,6
influences,6
ad,6
system,6
sociale,6
process,6
pupille,6
support,6
argued,6
age,6
anticolonial,6
used,6
r,6
example,6
small,6
reported,6
will,6
led,6
communist,6
various,6
rights,6
service,6
april,6
yet,6
ed,6
fact,6
documents,6
rhetoric,6
father,6
increase,6
began,6
mars,6
increasing,6
note,6
believed,6
doned,6
eurafricain,6
civilians,6
over,6
aban,6
william,6
her,6
while,6
imperial,6
categorization,6
our,6
association,6
potential,6
declared,5
concerned,5
ways,5
former,5
decade,5
policy,5
before,5
might,5
great,5
laws,5
against,5
icp,5
influence,5
focused,5
legal,5
ex,5
form,5
numbers,5
welfare,5
prevent,5
presumed,5
madame,5
rule,5
called,5
lat,5
ann,5
troops,5
gender,5
nu,5
fears,5
president,5
le,5
discourse,5
protect,5
up,5
bac,5
female,5
rebellions,5
ho,5
appeared,5
time,5
end,5
orphans,5
removal,5
depopulation,5
hand,5
less,5
belief,5
number,5
local,5
use,5
engaged,5
theories,5
ties,5
include,5
es,5
then,5
historical,5
what,5
nationalist,5
particular,5
popular,5
city,5
african,5
au,5
come,5
area,5
shift,5
morally,5
tre,5
hanoi,5
go,4
archives,4
later,4
nguy,4
becoming,4
designed,4
di,4
indochinese,4
laura,4
either,4
supposedly,4
ii,4
nouvelles,4
resulting,4
last,4
gio,4
such,4
move,4
frenchmen,4
cases,4
legally,4
pierre,4
find,4
like,4
van,4
loyal,4
recognized,4
whose,4
generations,4
leave,4
namese,4
moreover,4
means,4
lieh,4
greater,4
lieu,4
whom,4
found,4
lived,4
changed,4
tection,4
pass,4
leurafricain,4
term,4
late,4
public,4
future,4
year,4
contrast,4
nial,4
settlement,4
depression,4
presence,4
f,4
situation,4
practices,4
jaune,4
once,4
urged,4
meanwhile,4
included,4
assistance,4
same,4
already,4
reports,4
she,4
rise,4
love,4
party,4
patriotic,4
head,4
plan,4
program,4
do,4
formation,4
ninh,4
day,4
another,4
private,4
blanc,4
cadets,4
denounced,4
concern,4
raising,4
david,4
him,4
losing,4
thi,4
we,4
european,4
abandonn,4
coloniale,4
ing,4
parent,4
lost,4
army,4
armed,4
force,4
returned,4
effectively,4
enfance,4
tropole,4
considered,4
any,4
girls,4
country,4
report,4
themselves,4
very,4
bien,4
dimanche,4
terms,4
making,4
gravelle,4
thereby,4
given,4
duty,4
ac,4
mayor,4
youth,4
known,4
national,4
instead,4
land,4
evidence,4
files,4
early,4
little,4
khai,4
roles,4
countryside,3
frequent,3
emmanuelle,3
now,3
baz,3
dangers,3
per,3
formed,3
chine,3
position,3
po,3
chief,3
offering,3
consistent,3
gilles,3
naval,3
ernment,3
forcibly,3
emerged,3
departure,3
words,3
definition,3
individuals,3
phong,3
rich,3
nationalism,3
fait,3
return,3
growing,3
promulgated,3
cated,3
killed,3
illegitimate,3
births,3
tastes,3
far,3
decree,3
oeuvres,3
since,3
demanded,3
issued,3
typing,3
lan,3
weaknesses,3
imprimerie,3
races,3
ally,3
third,3
statuts,3
huard,3
ment,3
ers,3
air,3
developed,3
how,3
diers,3
earlier,3
importance,3
cochinchina,3
changes,3
perceptions,3
ensure,3
organization,3
established,3
india,3
indo,3
frequently,3
undated,3
pronatalism,3
emannuelle,3
followed,3
permanent,3
back,3
solve,3
thuy,3
view,3
ou,3
lead,3
here,3
search,3
indigene,3
further,3
schneider,3
excellent,3
mutuelle,3
line,3
bolster,3
brought,3
civil,3
has,3
policies,3
people,3
long,3
employed,3
status,3
chuy,3
change,3
caused,3
things,3
involved,3
specifically,3
concerns,3
indochinois,3
provided,3
actions,3
transform,3
juridique,3
wrote,3
labeled,3
reproducing,3
sending,3
biological,3
east,3
une,3
ky,3
gov,3
heritage,3
challenge,3
miscegenation,3
toward,3
again,3
areas,3
educated,3
took,3
cambodia,3
cambodge,3
norms,3
wartime,3
eds,3
impoverished,3
remained,3
extended,3
discussion,3
including,3
asian,3
ethnic,3
stoler,3
hoc,3
students,3
described,3
language,3
mutiny,3
workers,3
held,3
collaboration,3
lobbied,3
colo,3
problems,3
lang,3
attention,3
ministrators,3
relationship,3
rapport,3
raise,3
africa,3
ecole,3
sol,3
claimed,3
suspected,3
male,3
ngh,3
life,3
paternal,3
education,3
res,3
ration,3
authorities,3
founded,3
offered,3
symbol,3
sciences,3
capital,3
loyalty,3
build,3
pour,3
proposed,3
living,3
rsa,3
born,3
jennings,3
rebellion,3
males,3
maintain,3
commander,3
asians,3
middle,3
directive,3
multiple,3
joining,3
went,3
arguments,3
francified,3
ranks,3
eric,3
question,3
difference,3
camps,3
applicable,3
justify,3
resent,3
era,3
eurasiens,3
should,3
difficult,2
margins,2
formulated,2
firpo,2
frenchness,2
way,2
names,2
faced,2
encouraged,2
privations,2
legitimate,2
connection,2
announced,2
ois,2
federation,2
conducted,2
refused,2
uncomfortable,2
referring,2
authority,2
strictly,2
studies,2
western,2
committee,2
equated,2
necessarily,2
occurred,2
riod,2
track,2
source,2
said,2
undermine,2
li,2
pupilles,2
give,2
taken,2
domin,2
assist,2
promoting,2
worked,2
stolen,2
available,2
desire,2
feminism,2
indeed,2
farmers,2
potentially,2
colloque,2
help,2
damage,2
ti,2
written,2
date,2
priest,2
tap,2
essentialized,2
classified,2
gant,2
educate,2
domestic,2
context,2
lait,2
british,2
governmental,2
key,2
sexual,2
cu,2
vulnerabilities,2
stepped,2
moth,2
opened,2
magazine,2
diss,2
taking,2
territoires,2
establishment,2
whites,2
along,2
marginalized,2
behavior,2
exposed,2
labor,2
repeatedly,2
sident,2
goal,2
bilange,2
cluded,2
debauchery,2
explained,2
leur,2
fourniau,2
dominated,2
categorized,2
author,2
police,2
interest,2
dia,2
mixed,2
br,2
application,2
expected,2
affairs,2
kind,2
turn,2
num,2
nor,2
times,2
refer,2
memorandum,2
bloody,2
ithaca,2
strikes,2
student,2
adult,2
tdn,2
battles,2
jean,2
failed,2
fort,2
ngo,2
whitened,2
without,2
vichy,2
rather,2
tential,2
angeles,2
aggressive,2
forced,2
na,2
responded,2
tary,2
represented,2
risk,2
entre,2
tan,2
assuming,2
enacted,2
echoed,2
lay,2
govern,2
immigrant,2
university,2
signed,2
ruscio,2
benefits,2
branch,2
section,2
attitudes,2
reimagining,2
additional,2
origins,2
statement,2
defeat,2
actes,2
votes,2
reconsideration,2
founding,2
suggested,2
drawing,2
union,2
expressed,2
came,2
based,2
identifying,2
begun,2
strength,2
dochine,2
representative,2
reminder,2
politique,2
rebellious,2
occupation,2
equal,2
dang,2
poverty,2
grounds,2
your,2
explain,2
admissions,2
corruptive,2
masculinity,2
patriarchal,2
gained,2
chang,2
los,2
writers,2
apparent,2
calls,2
related,2
loss,2
older,2
place,2
cochinchine,2
issues,2
marge,2
anxieties,2
speaking,2
pr,2
vacation,2
attributed,2
unmarried,2
mang,2
published,2
creating,2
least,2
nurture,2
phui,2
sense,2
loai,2
coup,2
lacked,2
next,2
catholic,2
colonie,2
quy,2
sufficient,2
few,2
ship,2
grow,2
exigencies,2
pronatalists,2
mixing,2
appropriate,2
grenade,2
newly,2
searches,2
mer,2
moved,2
activities,2
liberation,2
san,2
nonetheless,2
protecting,2
scientific,2
populations,2
identified,2
play,2
intended,2
motivated,2
inclusive,2
suj,2
still,2
make,2
domination,2
single,2
fighting,2
forts,2
town,2
serve,2
alerte,2
outre,2
neither,2
dalat,2
management,2
assimilation,2
culture,2
aux,2
jeunes,2
rape,2
boost,2
increasingly,2
name,2
majority,2
paul,2
chantal,2
postcolonial,2
addition,2
experienced,2
financial,2
camiscioli,2
longer,2
stories,2
conduct,2
maternal,2
cha,2
clerks,2
casualties,2
larger,2
reacted,2
fallen,2
charges,2
impending,2
serious,2
forms,2
hop,2
laos,2
journalists,2
intervene,2
developing,2
accepted,2
adults,2
faron,2
values,2
active,2
alerted,2
deliberately,2
distinctly,2
elite,2
controlling,2
interfaces,2
turally,2
refers,2
real,2
continue,2
california,2
rejected,2
low,2
clear,2
modem,2
hai,2
august,2
defense,2
homes,2
tinh,2
ef,2
ny,2
high,2
played,2
addi,2
black,2
legacy,2
facing,2
study,2
parallel,2
newspapers,2
guillaume,2
teach,2
enemies,2
dominance,2
corps,2
separate,2
ngir,2
aid,2
belonged,2
science,2
movements,2
crucial,2
usually,2
cho,2
pe,2
ironically,2
signifi,2
independence,2
un,2
countries,2
spanning,2
class,2
often,2
hi,2
michael,2
hope,2
respect,2
supporting,2
face,2
meant,2
regulated,2
instructed,2
officially,2
theme,2
membership,2
lou,2
ont,2
der,2
know,2
removed,2
colonization,2
removing,2
cul,2
best,2
ar,2
linked,2
director,2
placing,2
person,2
feminist,2
demography,2
beginning,2
orphaned,2
xuan,2
retroactively,2
involvement,2
theory,2
unrest,2
foundations,2
secure,2
influenced,2
agreed,2
urban,2
institutionalize,2
biologically,2
blanche,2
tri,2
sumed,2
press,2
november,2
regulate,2
subject,2
administration,2
sion,2
generals,2
alain,2
maintained,2
comprised,2
shown,2
henri,2
argument,2
intensified,2
charge,2
accept,2
dangerous,2
course,2
protec,2
zheng,2
increased,2
practiced,2
surrender,2
poque,2
ral,2
reached,2
vis,2
much,2
north,2
meeting,2
christina,2
nir,2
major,2
mili,2
final,1
adulthood,1
titude,1
ngu,1
ments,1
does,1
superiority,1
populaire,1
barbara,1
vilified,1
allegedly,1
movals,1
done,1
inal,1
prostitution,1
appealed,1
etude,1
chong,1
popula,1
treaties,1
meaning,1
declassified,1
prothin,1
pull,1
revue,1
guerilla,1
tice,1
designated,1
admin,1
berkeley,1
missionar,1
environmental,1
interventions,1
shohat,1
accords,1
college,1
revolutionary,1
offset,1
insitution,1
fea,1
epidemic,1
mountains,1
minimum,1
coerce,1
expect,1
prem,1
avocat,1
church,1
likewise,1
center,1
complex,1
minuscule,1
denied,1
approved,1
ample,1
slotfom,1
mostly,1
prime,1
advised,1
live,1
schools,1
mot,1
true,1
english,1
prince,1
creasing,1
dominating,1
pressing,1
icr,1
cific,1
duc,1
trace,1
signifies,1
justified,1
fixed,1
divestiture,1
encourage,1
motherland,1
cit,1
gravell,1
delanoe,1
vehemently,1
arrived,1
village,1
edu,1
ploiting,1
hebdomadaire,1
diffusion,1
romance,1
nhi,1
envi,1
gia,1
surete,1
destabilizing,1
australia,1
dochina,1
lightly,1
every,1
embraced,1
extr,1
orphelins,1
regeneration,1
distinguishing,1
assemblee,1
phi,1
entailed,1
hood,1
tropics,1
originally,1
aftermath,1
rested,1
usher,1
feeling,1
crippled,1
location,1
secretary,1
anywhere,1
carnai,1
vivre,1
pomfret,1
nature,1
malleable,1
tear,1
tres,1
hong,1
cial,1
reach,1
officiel,1
tradition,1
divorce,1
mau,1
gregoir,1
broken,1
unwillingly,1
citoyennet,1
reasons,1
deposed,1
naissance,1
monitor,1
whatever,1
complied,1
increas,1
producing,1
narrative,1
carrying,1
colonialismo,1
verbal,1
recruit,1
reveal,1
ber,1
hanna,1
previous,1
scheduled,1
ducation,1
octo,1
sep,1
integrate,1
ancestry,1
devised,1
mind,1
holidays,1
trouble,1
mr,1
staff,1
access,1
complicated,1
untitled,1
contradicting,1
ity,1
tieth,1
ucate,1
gouvernor,1
employs,1
reclaim,1
corresponded,1
advocates,1
dearth,1
existence,1
anthropologists,1
reali,1
save,1
albeit,1
cultur,1
task,1
histoire,1
translations,1
hirtszfelds,1
thority,1
knowingly,1
robbery,1
eurasia,1
victims,1
neutralize,1
dupont,1
cepted,1
cians,1
recruiting,1
placement,1
felt,1
soldier,1
capable,1
possible,1
marked,1
politics,1
ered,1
sulate,1
slight,1
establishing,1
powers,1
thirdly,1
ki,1
wing,1
ropolitan,1
verifying,1
leon,1
mental,1
combination,1
uses,1
rela,1
corre,1
southwales,1
trpng,1
politician,1
household,1
relate,1
foun,1
cole,1
train,1
himself,1
manent,1
tionally,1
suaging,1
fixation,1
urging,1
spicuous,1
warfare,1
mite,1
visits,1
frangaise,1
tories,1
mid,1
succeed,1
learned,1
hierarchy,1
preoccupied,1
dispatched,1
centralized,1
car,1
fhuong,1
collapse,1
trir,1
tury,1
influx,1
proceeded,1
reassignment,1
uz,1
apprenticeship,1
boy,1
quality,1
ticle,1
alarm,1
extend,1
pursuit,1
metropolitans,1
realized,1
peter,1
agent,1
corner,1
lectures,1
domain,1
tit,1
popularly,1
relatively,1
flurry,1
decided,1
adopted,1
lanthropists,1
hainan,1
heightened,1
liaison,1
batavia,1
ministration,1
heureux,1
rooted,1
assured,1
ofaboriginalchildreninnew,1
admitted,1
nr,1
marseille,1
hat,1
dis,1
progressive,1
unity,1
impov,1
rank,1
distinct,1
elements,1
relations,1
orig,1
channeled,1
lenge,1
eventu,1
goucoch,1
ver,1
infrequently,1
subjects,1
marriage,1
differently,1
ha,1
serving,1
originaires,1
chim,1
six,1
agents,1
stipulated,1
khuy,1
assertive,1
disarm,1
ness,1
aamir,1
dation,1
hybrid,1
explore,1
identify,1
suspen,1
whiter,1
look,1
preserving,1
gaze,1
protectorat,1
citizen,1
lieved,1
deeply,1
recherches,1
ironi,1
hygienic,1
commanding,1
herent,1
generation,1
acted,1
mcclintock,1
word,1
nomenclature,1
aisons,1
poorly,1
commanders,1
hirszfeld,1
promised,1
vantage,1
rs,1
opium,1
aim,1
site,1
khoa,1
operation,1
opposed,1
gaining,1
cluding,1
ever,1
via,1
ofh,1
geneva,1
hoi,1
legitimation,1
cially,1
german,1
reflects,1
oliveir,1
kh,1
etudes,1
lachevrotiere,1
bring,1
growth,1
portrayed,1
aimed,1
federal,1
main,1
absent,1
declaring,1
remain,1
ra,1
debauched,1
organizing,1
pire,1
troupe,1
communism,1
highlighted,1
knew,1
environments,1
relatifs,1
opportunity,1
granted,1
proportion,1
supplement,1
similar,1
grew,1
certain,1
brand,1
institutionalized,1
witness,1
settler,1
enabled,1
tir,1
productive,1
mation,1
front,1
bach,1
addressing,1
thought,1
probl,1
reason,1
send,1
lives,1
category,1
provinces,1
albert,1
developments,1
qualit,1
bad,1
soon,1
servants,1
retrouv,1
tensions,1
females,1
consider,1
flexibility,1
voler,1
discouraged,1
physically,1
revolutionaries,1
descent,1
peasant,1
emergence,1
dated,1
presumably,1
clearly,1
consoli,1
franco,1
driven,1
just,1
days,1
rabinow,1
spirit,1
record,1
articulated,1
k,1
house,1
preoccupation,1
downs,1
document,1
vacances,1
liste,1
four,1
unavoidable,1
show,1
initiative,1
operate,1
linh,1
prussian,1
follow,1
poor,1
circulating,1
stepping,1
droit,1
preferably,1
moting,1
amount,1
visibly,1
gorie,1
jeep,1
imminent,1
contrary,1
important,1
strategy,1
providing,1
cut,1
appear,1
qui,1
whereas,1
colons,1
cieties,1
troubling,1
moving,1
standards,1
result,1
advance,1
distribution,1
calized,1
rf,1
affiliated,1
questioned,1
arrival,1
tra,1
tem,1
tinted,1
transient,1
entered,1
em,1
cant,1
politicization,1
seven,1
demands,1
intellectuals,1
lobbed,1
international,1
destined,1
ella,1
interchangibly,1
radical,1
worker,1
singarav,1
khanh,1
eliza,1
governing,1
initial,1
almost,1
instruct,1
base,1
reportage,1
im,1
suits,1
ceived,1
inter,1
collectively,1
leisure,1
unions,1
companion,1
outnumbered,1
chinese,1
traits,1
though,1
durham,1
blow,1
unconscionable,1
circular,1
nether,1
ciale,1
porarily,1
appears,1
viewed,1
recently,1
meet,1
applied,1
intelligent,1
failure,1
illustr,1
scale,1
chal,1
tension,1
journaliste,1
refuge,1
pias,1
niau,1
cambridge,1
near,1
touring,1
possibility,1
information,1
cern,1
aspects,1
retroactive,1
notifications,1
sites,1
directly,1
keeping,1
having,1
trial,1
quell,1
basis,1
relatives,1
interface,1
vicrry,1
data,1
elisa,1
upstanding,1
work,1
hung,1
timated,1
received,1
eurasaians,1
industrial,1
compli,1
embarrass,1
nine,1
claim,1
descendant,1
oraire,1
cances,1
su,1
london,1
assassin,1
training,1
kristen,1
knowledge,1
secret,1
vised,1
domi,1
revealed,1
asiatiques,1
criticized,1
ten,1
gave,1
namesake,1
q,1
felix,1
island,1
discussions,1
mufti,1
partly,1
collective,1
destination,1
records,1
officers,1
jo,1
evacuees,1
augment,1
call,1
occupied,1
mated,1
away,1
canberra,1
surrounding,1
legislation,1
newspaper,1
formations,1
cat,1
overseas,1
residents,1
participate,1
manage,1
miniscule,1
ter,1
conform,1
ethnicity,1
challenging,1
trends,1
discreet,1
patriots,1
weeks,1
protectorates,1
shortcomings,1
norfolk,1
regions,1
impasse,1
numerically,1
citing,1
subtle,1
oriental,1
someone,1
nni,1
discussing,1
correct,1
describing,1
vestment,1
lee,1
seized,1
hiding,1
prevalence,1
politically,1
villagers,1
gidi,1
culinity,1
sonal,1
pected,1
ward,1
heart,1
night,1
orient,1
sake,1
mil,1
around,1
soil,1
grams,1
fraught,1
immigration,1
distressed,1
governments,1
actly,1
dramatic,1
vacuum,1
staged,1
ancestors,1
rappport,1
philip,1
expatriated,1
managed,1
mecha,1
descendants,1
progress,1
aggressively,1
pa,1
using,1
correspondence,1
notes,1
crime,1
terri,1
evoked,1
settle,1
massive,1
impor,1
championed,1
mechanism,1
twen,1
conceal,1
appeal,1
settlers,1
patrie,1
transforming,1
south,1
institut,1
threatened,1
battle,1
therefore,1
ayant,1
deplorable,1
autres,1
likely,1
republic,1
fascist,1
nicholson,1
entitled,1
extraitde,1
economique,1
gather,1
installed,1
stokn,1
economic,1
nants,1
transnational,1
unfit,1
giang,1
short,1
gradual,1
located,1
comparative,1
expansion,1
secondly,1
reinterpreted,1
deadly,1
passively,1
ens,1
pullout,1
cared,1
object,1
community,1
above,1
mainstream,1
paternelle,1
fef,1
covert,1
negotiations,1
morgand,1
southern,1
assassinated,1
member,1
va,1
direction,1
larevue,1
humaine,1
percentage,1
confronting,1
nghia,1
eurmiem,1
encing,1
contributing,1
famille,1
turmoil,1
vided,1
fair,1
nialism,1
etat,1
read,1
cor,1
taupin,1
paradox,1
counterparts,1
sex,1
den,1
restricted,1
ingly,1
combat,1
challenged,1
us,1
childcare,1
relinquish,1
marred,1
expediency,1
marshall,1
editorial,1
perspectives,1
complete,1
masse,1
paup,1
abandon,1
essentialist,1
colored,1
historiography,1
coloines,1
aforementioned,1
deuil,1
vers,1
enroll,1
huy,1
thorn,1
essai,1
infor,1
department,1
resented,1
assimilated,1
ludwik,1
robert,1
politi,1
disciplinary,1
declining,1
cozy,1
volume,1
prevented,1
worst,1
starting,1
leader,1
admit,1
hautes,1
comfortable,1
ognized,1
ored,1
kherian,1
request,1
stated,1
sometimes,1
fell,1
mark,1
nationalists,1
respectable,1
spend,1
death,1
locating,1
pointed,1
reporting,1
dochinese,1
put,1
demographic,1
missing,1
ban,1
sophie,1
lack,1
avec,1
deviance,1
hommes,1
luis,1
fundamental,1
lobby,1
xii,1
bourgeoisie,1
tember,1
indies,1
departments,1
unidentified,1
voili,1
tober,1
germans,1
sponse,1
coedes,1
diverse,1
flected,1
personal,1
partic,1
huynh,1
seize,1
resolved,1
considerable,1
luy,1
reflect,1
discussed,1
thwarting,1
utilize,1
anne,1
planners,1
channel,1
podar,1
cuong,1
tarn,1
cept,1
behind,1
stromberg,1
sentment,1
trong,1
present,1
ground,1
proletariat,1
begin,1
centre,1
mondiale,1
capitaine,1
secular,1
purposes,1
equate,1
existing,1
receives,1
establish,1
non,1
ultimately,1
tures,1
necessary,1
practice,1
institutions,1
caped,1
hu,1
cerni,1
nxb,1
nguyen,1
groom,1
frequency,1
singar,1
xem,1
insecure,1
citoyen,1
shifts,1
explicitly,1
locations,1
deficit,1
alarmed,1
obsession,1
stance,1
trators,1
fight,1
argues,1
original,1
liv,1
emanating,1
greatest,1
hue,1
iety,1
warning,1
intimate,1
obispo,1
dien,1
sioner,1
birth,1
treated,1
lands,1
itary,1
europ,1
range,1
maritime,1
writings,1
marges,1
trajectory,1
bao,1
passes,1
ruling,1
usurped,1
blum,1
expand,1
top,1
rec,1
significant,1
illusion,1
prevailed,1
assumption,1
subventions,1
biology,1
prospective,1
assume,1
dai,1
morality,1
leavenworth,1
net,1
questions,1
bitter,1
trend,1
concubines,1
eligible,1
nothing,1
retour,1
vices,1
option,1
propositions,1
recruitment,1
reimbursement,1
requests,1
rumors,1
trade,1
quadrupled,1
vinh,1
spondence,1
corrupted,1
directed,1
authors,1
oc,1
op,1
bi,1
phanages,1
sustain,1
supportive,1
subvention,1
nisms,1
classe,1
eurasienne,1
dubiousness,1
edited,1
allowed,1
kien,1
started,1
georges,1
ely,1
summer,1
demographie,1
features,1
evacuate,1
cally,1
alism,1
obtained,1
administrative,1
shortly,1
offer,1
eugenicists,1
mor,1
preservation,1
latter,1
municipal,1
morals,1
never,1
quick,1
communists,1
margin,1
mayors,1
special,1
imag,1
advisors,1
groupe,1
methods,1
allusion,1
francification,1
relation,1
let,1
supported,1
seizing,1
sentiments,1
phip,1
construction,1
structure,1
janvier,1
probably,1
implication,1
cording,1
looked,1
securing,1
attracted,1
handing,1
figures,1
theo,1
anx,1
institution,1
ular,1
fam,1
relative,1
ination,1
fou,1
cen,1
hbi,1
minimally,1
concluded,1
decision,1
paraz,1
regained,1
implicitly,1
enough,1
discipline,1
success,1
tance,1
gantes,1
dominants,1
lo,1
sistance,1
rebel,1
abundance,1
adultery,1
shattered,1
proc,1
declaration,1
cance,1
inordinate,1
gram,1
independent,1
petits,1
hired,1
hon,1
popularity,1
thor,1
imbalance,1
consent,1
ministry,1
foster,1
fear,1
exacerbated,1
months,1
debates,1
resumed,1
bulletin,1
referred,1
puissance,1
nz,1
erarchy,1
collections,1
tive,1
strongly,1
itself,1
enculturation,1
privileges,1
contribution,1
rapidly,1
empires,1
indicate,1
dinh,1
owed,1
settled,1
reconsider,1
francify,1
responsible,1
embarrassment,1
dans,1
polytechnic,1
caste,1
directives,1
wives,1
truac,1
lar,1
exists,1
tribune,1
obstacle,1
consid,1
influencing,1
pression,1
cam,1
stable,1
fought,1
consulate,1
definitive,1
door,1
aldrich,1
durability,1
squadron,1
historique,1
suggestions,1
bragg,1
deposited,1
ily,1
lachevrotier,1
rarely,1
ordered,1
orientalists,1
indochic,1
sistently,1
categorizations,1
intervened,1
conclusion,1
demographics,1
triarchal,1
mentioned,1
changing,1
focusing,1
peoples,1
nervous,1
minneapolis,1
must,1
prot,1
ronment,1
extending,1
contradiction,1
erished,1
scarcely,1
legiti,1
qu,1
arracher,1
symbolic,1
hoa,1
viance,1
textes,1
dubious,1
precise,1
shunned,1
regime,1
masses,1
palace,1
perhaps,1
sujet,1
text,1
inclusivity,1
vio,1
drew,1
command,1
alternative,1
colonialism,1
set,1
chauvet,1
tionalist,1
legislature,1
ni,1
cia,1
ran,1
adminis,1
speciale,1
guerre,1
privacy,1
sociales,1
image,1
each,1
books,1
anthropology,1
paper,1
cultures,1
limited,1
franeais,1
different,1
neglected,1
jurisdicton,1
expanding,1
inclined,1
commission,1
offi,1
interested,1
resentment,1
gone,1
av,1
leaders,1
down,1
confidential,1
java,1
honneur,1
dur,1
argue,1
propaganda,1
surprised,1
depart,1
current,1
allied,1
eventually,1
searched,1
concurrently,1
particularly,1
homme,1
job,1
poussi,1
obviously,1
prona,1
longstanding,1
encouraging,1
legislated,1
narrowed,1
cities,1
differed,1
metaphorically,1
chaotic,1
climate,1
particu,1
rural,1
works,1
type,1
neutralizing,1
archival,1
evident,1
turned,1
following,1
clarity,1
ladies,1
revises,1
rep,1
drop,1
addressee,1
femmes,1
automatically,1
heads,1
genera,1
reproduce,1
istrator,1
discharge,1
transmitted,1
month,1
whether,1
sau,1
aiding,1
bers,1
list,1
cambodians,1
references,1
joined,1
cause,1
armistice,1
character,1
metaphor,1
sus,1
passed,1
impli,1
mere,1
radicalization,1
ies,1
lengths,1
quired,1
shortages,1
leaving,1
understandably,1
indochinoise,1
childers,1
gouvernement,1
institute,1
aises,1
rique,1
visible,1
lich,1
virginia,1
capitalized,1
serological,1
patriotism,1
xu,1
travel,1
lence,1
intention,1
level,1
occasionally,1
careful,1
litical,1
met,1
understanding,1
sea,1
despite,1
ouvres,1
fants,1
pre,1
plans,1
rendering,1
step,1
simply,1
reserves,1
commissioned,1
territory,1
confronted,1
democratic,1
supression,1
divided,1
pensez,1
rebels,1
challenges,1
traite,1
isolated,1
evidenced,1
takeover,1
cucnig,1
gain,1
oeuvre,1
izenship,1
coming,1
childhood,1
comis,1
fondation,1
preumably,1
prepared,1
risme,1
named,1
promoted,1
ddcheance,1
talism,1
devoted,1
tinct,1
nominative,1
surren,1
survival,1
nalcya,1
invasion,1
reveals,1
righteousness,1
decimation,1
bian,1
finding,1
quest,1
mitigating,1
decrease,1
central,1
twentieth,1
numerous,1
institutional,1
premi,1
aware,1
marr,1
discoursde,1
crisis,1
olivier,1
documentation,1
corrective,1
contributed,1
immorality,1
actively,1
poverished,1
integrated,1
phung,1
socially,1
need,1
gand,1
physical,1
mas,1
gen,1
landed,1
asked,1
you,1
publicizing,1
prospect,1
solidar,1
approach,1
locate,1
captain,1
requesting,1
leads,1
ceremony,1
wedlock,1
contradicted,1
transf,1
afro,1
assumed,1
close,1
sanford,1
exhaustive,1
endnotes,1
nk,1
elites,1
therese,1
hotel,1
johnson,1
say,1
chicago,1
negotiate,1
obligation,1
abducting,1
partial,1
civilian,1
element,1
predisposed,1
kim,1
entire,1
enfant,1
treating,1
immediately,1
strong,1
seek,1
immoral,1
ab,1
euro,1
familial,1
observed,1
rective,1
virtue,1
broader,1
col,1
ca,1
locale,1
draft,1
quantity,1
cited,1
spe,1
perception,1
eties,1
annales,1
