WORDCOUNTS,WEIGHT
the,231
and,165
to,148
of,144
a,97
in,93
for,60
historical,48
carta,47
magna,47
john,42
is,41
s,36
that,35
as,35
it,32
significance,32
king,30
or,30
on,30
medieval,29
with,28
what,28
history,26
can,26
his,22
not,22
from,22
past,22
this,20
england,19
was,19
students,19
why,18
have,18
be,18
how,17
their,17
about,17
an,17
way,16
nobles,16
world,16
at,15
by,15
events,14
when,14
are,14
important,13
had,13
did,13
context,12
people,12
after,12
causation,11
topics,11
war,11
chronology,11
teaching,11
french,11
like,11
france,11
studies,10
some,10
could,10
understanding,10
were,10
would,10
been,10
english,9
long,9
throne,9
its,9
but,9
more,9
many,9
ages,9
royal,9
support,8
university,8
alan,8
metzger,8
philip,8
time,8
we,8
often,8
kings,8
get,8
over,8
middle,8
scott,8
press,8
if,7
ii,7
military,7
essential,7
through,7
economic,7
other,7
teachers,7
thinking,7
alternative,7
different,7
broader,7
government,6
take,6
political,6
richard,6
reputation,6
dates,6
without,6
k,6
most,6
result,6
led,6
also,6
today,6
provide,6
school,6
each,6
information,6
into,6
between,6
era,6
focus,6
otto,6
they,5
position,5
western,5
u,5
very,5
young,5
even,5
look,5
counterfactuals,5
than,5
them,5
powerful,5
notions,5
brought,5
forces,5
sense,5
contingency,5
activities,5
pope,5
battle,5
ed,5
these,5
only,5
heritage,5
power,5
towns,5
new,5
charter,5
bouvines,5
him,5
outcomes,5
connections,5
sometimes,5
who,5
lessons,5
iv,5
reign,5
norman,5
much,5
learners,5
major,5
cambridge,5
difficult,4
go,4
view,4
church,4
prince,4
experience,4
hence,4
all,4
together,4
debt,4
i,4
help,4
there,4
henry,4
has,4
point,4
engage,4
against,4
developments,4
document,4
details,4
battles,4
may,4
crusade,4
factors,4
david,4
rule,4
called,4
representative,4
teacher,4
feudal,4
well,4
london,4
example,4
used,4
during,4
issues,4
caused,4
around,4
wider,4
he,4
happened,4
us,4
classroom,4
useful,4
toward,4
death,4
learn,4
deep,4
looking,4
louis,4
use,4
ideas,4
peter,4
period,4
so,4
land,4
timeline,4
centuries,4
iii,4
rebellion,4
axis,4
conditions,4
course,4
element,4
memorize,3
wineburg,3
names,3
center,3
american,3
complex,3
modern,3
something,3
themes,3
kingdom,3
state,3
those,3
reissued,3
relationships,3
historically,3
topic,3
turn,3
elements,3
find,3
crusades,3
york,3
whose,3
edward,3
connected,3
consequences,3
understand,3
consider,3
respected,3
late,3
academic,3
though,3
cultural,3
applied,3
because,3
part,3
civil,3
whole,3
year,3
beginnings,3
order,3
up,3
using,3
put,3
widows,3
under,3
heirs,3
two,3
social,3
sam,3
ask,3
do,3
covered,3
see,3
another,3
levstik,3
considering,3
own,3
made,3
connects,3
james,3
conquest,3
movements,3
lost,3
interconnected,3
ing,3
forest,3
marshal,3
any,3
rival,3
few,3
contextual,3
just,3
william,3
while,3
son,3
rebels,3
isolated,3
tions,3
our,3
offer,3
need,3
effects,3
specific,3
seixas,2
regent,2
large,2
needed,2
one,2
candidate,2
unnatural,2
underage,2
explanatory,2
thematic,2
eye,2
societal,2
turning,2
being,2
defeated,2
might,2
attempt,2
retreat,2
reasons,2
differences,2
able,2
lowenthal,2
date,2
within,2
issue,2
con,2
linear,2
agriculture,2
right,2
addresses,2
possible,2
crossed,2
laws,2
barons,2
framework,2
learned,2
conflict,2
such,2
development,2
since,2
analyzing,2
learning,2
forced,2
distinct,2
times,2
fines,2
died,2
adult,2
failed,2
german,2
regency,2
influential,2
ex,2
certain,2
means,2
consciousness,2
four,2
unavoidable,2
faced,2
drawing,2
standards,2
closely,2
typical,2
out,2
international,2
captured,2
interpretations,2
big,2
rebellious,2
informed,2
montfort,2
troops,2
explain,2
required,2
taxes,2
keeping,2
line,2
purpose,2
knowledge,2
curriculum,2
related,2
loss,2
realm,2
place,2
collective,2
away,2
alliance,2
approach,2
nephew,2
legacy,2
teams,2
several,2
parliament,2
disconnected,2
estates,2
provided,2
reconfirmed,2
reigns,2
meaningfully,2
will,2
happen,2
likely,2
units,2
reduced,2
rome,2
contingent,2
short,2
afforestation,2
gift,2
still,2
plagues,2
make,2
perennial,2
yet,2
god,2
toronto,2
picture,2
gain,2
law,2
popularity,2
europe,2
experienced,2
stories,2
arthur,2
perhaps,2
compelled,2
convenient,2
timelines,2
classes,2
meaningful,2
rulers,2
father,2
background,2
helps,2
holt,2
significant,2
complicated,2
pennsylvania,2
involves,2
trade,2
open,2
agreement,2
points,2
aquitaine,2
keep,2
responses,2
high,2
panels,2
kept,2
martin,2
educational,2
especially,2
become,2
consecutive,2
looks,2
saw,2
hunt,2
depth,2
smattering,2
perspectives,2
education,2
linda,2
foreign,2
wardship,2
pieces,2
rapidly,2
adolescents,2
analysis,2
fall,2
researcher,2
supporting,2
mother,2
rigorous,2
selectivity,2
claims,2
growing,2
ever,2
restored,2
here,2
control,2
country,2
cultures,2
seem,2
identities,2
merely,2
reliefs,2
explanations,2
terms,2
rising,2
cause,2
particular,2
treachery,2
extent,2
too,2
emphasis,2
little,2
presented,2
careful,2
peace,2
decisive,2
emperor,2
content,2
eleanor,2
became,2
buy,2
turns,2
subject,2
went,2
treasury,2
hap,2
question,2
knights,2
national,2
building,2
territories,2
massive,2
sharing,2
traditional,2
heir,2
famous,2
nificance,1
final,1
trick,1
does,1
rate,1
done,1
situate,1
personally,1
obligations,1
limits,1
common,1
sued,1
chivalry,1
silences,1
later,1
meaning,1
defective,1
alistair,1
groups,1
danny,1
created,1
commitment,1
acre,1
vickie,1
fiction,1
mysteries,1
legitimate,1
repre,1
intriguing,1
fragmented,1
notably,1
connect,1
everybody,1
articulating,1
group,1
reis,1
replaced,1
judged,1
archbishop,1
kinds,1
ample,1
enhance,1
identify,1
multifaceted,1
anchor,1
join,1
remind,1
second,1
schools,1
ways,1
additionally,1
compilation,1
nationalistic,1
considerations,1
child,1
fixed,1
allies,1
abusive,1
laid,1
stan,1
total,1
vorite,1
faded,1
biographical,1
source,1
pie,1
verdict,1
arms,1
tyerman,1
either,1
stressed,1
sources,1
every,1
mysteriously,1
popes,1
creation,1
fifteenth,1
chronicles,1
hood,1
give,1
taken,1
restoration,1
cavalry,1
rush,1
dissatisfied,1
emerged,1
senseless,1
words,1
best,1
possibilities,1
reach,1
shaped,1
principles,1
book,1
distraction,1
knowing,1
peck,1
explores,1
homestead,1
farmers,1
potentially,1
rich,1
achievement,1
thanks,1
generalizations,1
concludes,1
hunting,1
subsequent,1
embrace,1
toleration,1
m,1
last,1
stupid,1
respond,1
influences,1
dismissed,1
robert,1
adventures,1
reading,1
stearns,1
sation,1
depends,1
british,1
cathedrals,1
badly,1
recorded,1
circulate,1
encouraging,1
expenses,1
incorporate,1
discuss,1
italian,1
cares,1
activity,1
shared,1
alter,1
taking,1
resources,1
selecting,1
apply,1
along,1
economies,1
marginalized,1
identifies,1
prevented,1
sign,1
labor,1
central,1
divorced,1
thus,1
pen,1
cumulatively,1
timber,1
collapse,1
eras,1
famously,1
weakened,1
attest,1
run,1
village,1
due,1
de,1
author,1
fascinate,1
ability,1
brother,1
hostages,1
excom,1
application,1
living,1
relish,1
pay,1
schulman,1
century,1
westport,1
fealty,1
funds,1
weaknesses,1
unity,1
plausibility,1
old,1
ct,1
examinable,1
back,1
subjects,1
marriage,1
response,1
flemish,1
served,1
wholly,1
suitable,1
compared,1
explore,1
obscure,1
student,1
beat,1
hodder,1
constructs,1
conceive,1
helping,1
educators,1
reflex,1
restricting,1
influence,1
acknowledge,1
ma,1
ton,1
promised,1
perfect,1
vantage,1
aim,1
rights,1
awash,1
crouch,1
philadelphia,1
wishes,1
simplified,1
no,1
act,1
rather,1
growth,1
continent,1
main,1
across,1
respectful,1
basic,1
unit,1
biggest,1
realistically,1
patronage,1
lasting,1
accurate,1
legal,1
captives,1
importance,1
talk,1
connec,1
coke,1
direct,1
strange,1
mythmaking,1
greenwood,1
special,1
ambushes,1
danger,1
dismiss,1
scattered,1
fantasy,1
remarriage,1
changes,1
reinforcement,1
organization,1
encourages,1
cess,1
papacy,1
emergence,1
abuses,1
clearly,1
wealth,1
invite,1
unimportant,1
n,1
numbers,1
traces,1
gradually,1
weak,1
observations,1
prevent,1
age,1
show,1
operate,1
exploited,1
boring,1
tightness,1
generally,1
requires,1
memorized,1
permanent,1
shifted,1
hit,1
famed,1
flow,1
mon,1
decades,1
widow,1
conflicts,1
holdings,1
descriptive,1
moving,1
profiting,1
came,1
based,1
identifying,1
sergeants,1
walk,1
unfolding,1
saxe,1
opposing,1
found,1
mercenaries,1
terse,1
strength,1
discrete,1
sentative,1
lived,1
demands,1
ocean,1
relate,1
zone,1
dislocation,1
emerge,1
ogy,1
constantly,1
base,1
cau,1
markets,1
term,1
further,1
sword,1
same,1
supporters,1
let,1
blow,1
heaven,1
michigan,1
versity,1
viewed,1
population,1
annulled,1
orbitant,1
suffered,1
banded,1
otherwise,1
however,1
counties,1
glossed,1
circumstances,1
reluctantly,1
negotiated,1
jewish,1
possibility,1
memory,1
failure,1
shape,1
municated,1
colonies,1
gained,1
directly,1
basis,1
future,1
literature,1
clarke,1
work,1
sity,1
narratives,1
tool,1
claim,1
imagined,1
concept,1
assassin,1
competing,1
calls,1
nation,1
homeland,1
knight,1
criticized,1
intentionally,1
describe,1
island,1
discussions,1
policies,1
broad,1
relevance,1
mercenary,1
call,1
personal,1
focuses,1
reflect,1
novels,1
participate,1
won,1
strengthened,1
dispa,1
betraying,1
traders,1
causal,1
multiplicity,1
creating,1
sieges,1
construct,1
closing,1
renounced,1
thirteenth,1
field,1
below,1
regardless,1
things,1
panel,1
dictionary,1
next,1
poster,1
quite,1
ward,1
textual,1
small,1
openly,1
characteristics,1
squelched,1
acts,1
constantinople,1
choosing,1
longman,1
weapons,1
seeds,1
classrooms,1
always,1
visible,1
interpreta,1
progress,1
infantry,1
resistance,1
pa,1
benchmarks,1
notice,1
marry,1
plausible,1
structured,1
appropriate,1
value,1
inform,1
miserable,1
society,1
periods,1
confirm,1
threatened,1
critical,1
educator,1
fa,1
forever,1
ventured,1
creed,1
matter,1
nonetheless,1
easy,1
action,1
limited,1
play,1
tide,1
revolt,1
theorizing,1
anniversary,1
chronol,1
community,1
above,1
counterfactual,1
standing,1
seemingly,1
ziegler,1
decisions,1
direction,1
fighting,1
guide,1
once,1
contributing,1
competition,1
interpretation,1
violence,1
represents,1
rules,1
thought,1
serve,1
soon,1
evil,1
continuity,1
seeing,1
disafforestation,1
tax,1
home,1
raise,1
liberties,1
demonstrates,1
organize,1
insights,1
illustrated,1
reliance,1
visualize,1
fief,1
rise,1
ized,1
inheritance,1
raids,1
braveheart,1
chose,1
volume,1
simulation,1
annul,1
name,1
abrogated,1
again,1
others,1
sider,1
projects,1
financial,1
missing,1
analytical,1
lionhearted,1
incorporates,1
fact,1
lack,1
consideration,1
games,1
designing,1
scholars,1
mentarians,1
rents,1
mistreatment,1
attempting,1
imple,1
children,1
break,1
richer,1
gillingham,1
fallen,1
flounder,1
seize,1
inherently,1
considerable,1
charges,1
rhetoric,1
serfdom,1
behind,1
hand,1
present,1
chain,1
model,1
where,1
disaffection,1
road,1
developing,1
purposes,1
nymede,1
empire,1
normandy,1
renaissance,1
less,1
answer,1
moderating,1
duties,1
spoke,1
practice,1
pened,1
daunting,1
books,1
routledge,1
reconciled,1
eylenders,1
number,1
going,1
ibid,1
sir,1
local,1
imagine,1
simon,1
crown,1
survive,1
sealing,1
range,1
pave,1
sanitized,1
regain,1
freakish,1
interdict,1
previously,1
depended,1
unfortunately,1
operated,1
emphasize,1
refers,1
numerous,1
causes,1
harvard,1
questions,1
imposes,1
trust,1
which,1
check,1
regions,1
brittany,1
eleventh,1
nutshell,1
described,1
negotiating,1
ties,1
meanings,1
three,1
reward,1
adding,1
stress,1
hampered,1
language,1
movies,1
victory,1
interpret,1
held,1
christopher,1
concep,1
allowed,1
helpful,1
function,1
parlia,1
serves,1
uni,1
profitably,1
tranquility,1
proximity,1
losing,1
thomas,1
tasked,1
spent,1
quick,1
class,1
enough,1
somehow,1
article,1
parade,1
relation,1
assessing,1
hastings,1
pro,1
britain,1
sig,1
teach,1
armor,1
structure,1
confusing,1
superstitions,1
reasonableness,1
seeking,1
favorites,1
story,1
domesday,1
quarterly,1
ago,1
councils,1
encompassing,1
unrelated,1
canterbury,1
separate,1
farm,1
carried,1
asking,1
accepting,1
negotiations,1
christian,1
claimant,1
carla,1
esteemed,1
rebel,1
me,1
dards,1
lot,1
independent,1
continued,1
george,1
usually,1
five,1
testing,1
reasonable,1
select,1
independence,1
becomes,1
seen,1
castles,1
team,1
privileges,1
returned,1
stough,1
baronial,1
frames,1
owed,1
life,1
incisive,1
harshly,1
itself,1
repressed,1
canada,1
interpretive,1
unacceptable,1
immensely,1
detail,1
stronghold,1
share,1
contained,1
historian,1
comes,1
conclusion,1
complexity,1
charting,1
univer,1
conjunction,1
tempting,1
must,1
founded,1
continues,1
pace,1
unleashed,1
signed,1
physical,1
temple,1
cahill,1
phillips,1
sums,1
listeners,1
offers,1
jana,1
quickly,1
outcome,1
natural,1
refused,1
menting,1
paper,1
nobility,1
global,1
interested,1
exploration,1
capital,1
incorporating,1
wealthy,1
domestic,1
loyalty,1
prone,1
memorizing,1
ransomed,1
brothers,1
linked,1
obviously,1
far,1
primary,1
examining,1
emerges,1
noblewomen,1
risky,1
better,1
turned,1
overburdening,1
game,1
experi,1
fuller,1
unique,1
undercut,1
form,1
list,1
want,1
armies,1
writes,1
landowning,1
backfired,1
prepare,1
prestige,1
studying,1
resurrected,1
dark,1
explored,1
yield,1
guesswork,1
video,1
belknap,1
almost,1
hundreds,1
urban,1
port,1
millions,1
weird,1
conference,1
both,1
radically,1
opments,1
ative,1
trivial,1
interrelated,1
multiple,1
ancestral,1
affecting,1
timely,1
sea,1
memorization,1
resentful,1
joining,1
renounce,1
role,1
devel,1
innocent,1
manageably,1
everywhere,1
com,1
kids,1
transcontinental,1
results,1
challenges,1
twin,1
representation,1
goals,1
coming,1
think,1
submitting,1
prepared,1
antique,1
false,1
rote,1
ultimately,1
tell,1
invasion,1
years,1
ence,1
notes,1
lands,1
trusted,1
murderer,1
revolves,1
actively,1
include,1
suffers,1
define,1
papal,1
evidence,1
regime,1
product,1
reflexive,1
states,1
prosperity,1
extremely,1
remains,1
shift,1
increased,1
oversimplifying,1
needs,1
mobilized,1
thousand,1
potential,1
removed,1
recollected,1
danziger,1
colorful,1
themselves,1
early,1
uncertainty,1
fears,1
given,1
develop,1
among,1
whenever,1
recent,1
cross,1
alberta,1
should,1
tricky,1
meeting,1
asked,1
doing,1
built,1
reissuing,1
close,1
richly,1
