WORDCOUNTS,WEIGHT
the,628
of,485
and,364
in,281
a,220
to,180
that,130
s,116
was,98
as,93
is,83
with,82
history,68
it,67
for,65
sexual,64
men,60
pp,56
homosexuality,56
his,54
not,52
women,50
were,48
male,48
wilde,47
p,47
or,45
friendship,45
between,45
he,41
female,41
on,41
this,39
love,39
more,37
see,37
lesbian,36
new,36
has,35
sex,35
they,34
from,34
their,33
who,33
i,32
modern,31
m,31
we,30
had,29
her,29
have,29
but,28
by,28
london,27
ny,27
homosexual,26
such,26
york,26
early,26
be,26
desire,25
than,25
an,25
are,25
what,25
journal,24
these,24
also,23
other,23
century,22
histories,22
about,22
j,21
queer,21
britain,21
sexuality,21
one,20
rather,20
its,20
she,20
historical,20
victorian,19
effeminacy,19
culture,19
gay,19
ch,19
at,18
oscar,18
those,17
young,17
desires,17
d,17
nineteenth,16
may,16
before,15
some,15
used,15
when,15
friendships,15
identity,14
cocks,14
most,14
friends,14
ibid,14
been,14
life,14
word,13
h,13
england,13
british,13
relationships,13
eds,13
like,13
homoeroticism,13
lister,12
which,12
kaplan,12
any,12
writing,12
homoerotic,11
there,11
g,11
trial,11
lesbianism,11
where,11
historiographical,11
so,11
can,11
did,11
them,11
both,11
cambridge,11
twentieth,11
english,10
first,10
case,10
doan,10
no,10
something,10
sexology,10
reviews,10
r,10
gender,10
own,10
world,10
trials,10
yet,10
friend,10
man,10
period,10
il,10
referred,10
chicago,10
studies,9
book,9
married,9
halperin,9
masculinity,9
part,9
two,9
would,9
oxford,9
marriage,8
even,8
l,8
earlier,8
my,8
could,8
boys,8
well,8
however,8
social,8
sapphism,8
woman,8
intimate,8
houlbrook,8
language,8
saw,8
each,8
identities,8
jennings,8
terms,8
categories,8
became,8
recent,8
close,8
e,7
into,7
certainly,7
somewhat,7
account,7
point,7
symonds,7
modernity,7
sodomy,7
erotic,7
references,7
university,7
out,7
late,7
though,7
éd,7
work,7
wife,7
letters,7
wrote,7
indeed,7
only,7
published,7
masculine,7
james,7
me,7
know,7
vicinus,7
while,7
until,7
cook,7
much,7
prostitution,6
if,6
marcus,6
hair,6
might,6
hall,6
against,6
self,6
without,6
b,6
category,6
mayne,6
term,6
bristow,6
war,6
public,6
people,6
t,6
acts,6
esp,6
will,6
others,6
anne,6
do,6
style,6
expression,6
times,6
class,6
centuries,6
best,6
very,6
past,6
taxonomies,6
through,6
role,6
jagose,6
our,6
write,6
physical,6
famous,6
go,5
large,5
american,5
browning,5
all,5
nature,5
together,5
great,5
howard,5
activity,5
heterosexuality,5
since,5
far,5
holland,5
boulton,5
how,5
clitoris,5
study,5
lives,5
literary,5
age,5
called,5
passionate,5
cultural,5
cannot,5
effeminate,5
literature,5
future,5
variety,5
short,5
sodom,5
read,5
thought,5
us,5
ed,5
diary,5
medd,5
john,5
v,5
brady,5
engaged,5
attraction,5
after,5
article,5
provide,5
husband,5
seen,5
photographs,5
traub,5
form,5
making,5
thames,5
marriages,5
urban,5
art,5
bray,5
attachments,5
focus,5
varied,5
national,5
termed,5
c,5
perversion,5
difficult,4
does,4
o,4
herself,4
dorian,4
prostitutes,4
complex,4
park,4
unnatural,4
historiography,4
link,4
henry,4
reading,4
context,4
issue,4
america,4
mutual,4
central,4
thus,4
auckland,4
representations,4
given,4
bachelor,4
loneliness,4
links,4
reference,4
legal,4
interwar,4
just,4
beyond,4
radclyffe,4
behaviour,4
ives,4
search,4
lived,4
shared,4
companion,4
heart,4
later,4
vice,4
towards,4
night,4
involved,4
around,4
notorious,4
correspondence,4
notes,4
society,4
situation,4
absence,4
interactions,4
makes,4
seems,4
complete,4
same,4
useful,4
put,4
many,4
time,4
gray,4
end,4
forms,4
never,4
present,4
renaissance,4
argues,4
another,4
original,4
made,4
eighteenth,4
writings,4
elite,4
significant,4
use,4
affection,4
bed,4
similar,4
doyle,4
latter,4
spent,4
k,4
strachey,4
species,4
george,4
abnormal,4
visual,4
often,4
then,4
thinking,4
associated,4
girls,4
series,4
text,4
languages,4
seem,4
historian,4
males,4
writes,4
problem,4
oram,4
ulrichs,4
bodies,4
little,4
argument,4
resist,4
shift,4
themselves,4
images,4
sinfield,3
now,3
declared,3
alone,3
sexualities,3
formed,3
ways,3
sedgwick,3
expressed,3
assume,3
rome,3
came,3
either,3
long,3
connection,3
military,3
motivations,3
beautiful,3
words,3
knowing,3
aesthetic,3
sarluis,3
feature,3
crozier,3
last,3
written,3
dressed,3
historians,3
libel,3
chapter,3
soldier,3
politics,3
conceptual,3
masturbation,3
scandal,3
diversity,3
throughout,3
lover,3
interest,3
relations,3
inversion,3
david,3
back,3
body,3
ithaca,3
marquess,3
haggerty,3
perfect,3
kissing,3
taxonomy,3
sort,3
peacock,3
influential,3
represented,3
turn,3
strands,3
assuming,3
pages,3
feel,3
consider,3
impact,3
argued,3
w,3
ministers,3
codman,3
persona,3
important,3
reay,3
view,3
whom,3
critic,3
found,3
victorians,3
intensity,3
lesbians,3
near,3
possibility,3
sites,3
irish,3
during,3
actually,3
falling,3
et,3
offences,3
sense,3
working,3
things,3
involve,3
intersexes,3
scarlet,3
several,3
wider,3
provided,3
up,3
am,3
periods,3
appeal,3
critical,3
glq,3
drama,3
boy,3
movement,3
artist,3
once,3
whitbread,3
included,3
clothing,3
al,3
emotional,3
picture,3
name,3
fact,3
genealogy,3
took,3
geography,3
reform,3
less,3
practice,3
perhaps,3
gives,3
streets,3
homosexualities,3
range,3
sapphic,3
looking,3
refers,3
diaries,3
nothing,3
heinrich,3
described,3
meanings,3
moral,3
modem,3
general,3
him,3
become,3
story,3
recurring,3
relationship,3
note,3
figure,3
lytton,3
karl,3
united,3
exchanged,3
contained,3
must,3
ever,3
theme,3
known,3
quotes,3
here,3
over,3
merely,3
keynes,3
salome,3
whether,3
cult,3
loved,3
sexological,3
hyde,3
middle,3
multiple,3
press,3
subject,3
assumptions,3
years,3
defence,3
iconic,3
include,3
houndmills,3
evidence,3
writer,3
you,3
association,3
interaction,3
strong,3
race,3
mania,2
done,2
common,2
way,2
moment,2
indicated,2
names,2
monsters,2
unpleasant,2
intriguing,2
combine,2
widow,2
introduction,2
starts,2
uranian,2
group,2
settlements,2
obscene,2
middleand,2
prime,2
entries,2
referring,2
carpenter,2
sudden,2
paradigms,2
trace,2
character,2
title,2
holding,2
fashioning,2
princeton,2
street,2
laura,2
said,2
passion,2
stressed,2
exaggerated,2
attempts,2
penchant,2
fragmentary,2
diseases,2
poison,2
friendly,2
company,2
able,2
simple,2
narrative,2
court,2
survey,2
petty,2
fun,2
robert,2
political,2
ambiguous,2
signs,2
within,2
thornycroft,2
rethinking,2
digital,2
side,2
recorded,2
teleological,2
scrapbooks,2
richard,2
fine,2
apart,2
combination,2
classics,2
along,2
letter,2
ross,2
associations,2
fussell,2
review,2
historically,2
de,2
relatively,2
employing,2
topic,2
transgender,2
affairs,2
exercise,2
thing,2
elements,2
subjects,2
left,2
bennett,2
hatt,2
influence,2
grasp,2
longing,2
critics,2
cruising,2
philadelphia,2
digangi,2
act,2
homo,2
cohler,2
edward,2
explicit,2
myself,2
dealt,2
publisher,2
certain,2
strange,2
special,2
enabled,2
danger,2
lawyer,2
awareness,2
von,2
barker,2
risks,2
decadence,2
means,2
soul,2
romantic,2
servants,2
objects,2
presumably,2
linked,2
edition,2
diffuse,2
traces,2
mary,2
reviewed,2
aubrey,2
meant,2
commonly,2
generally,2
transcripts,2
psychiatric,2
publicity,2
lust,2
appear,2
opening,2
based,2
lead,2
arrival,2
hands,2
access,2
flirtations,2
suits,2
chauncey,2
equally,2
fairer,2
understood,2
let,2
sentence,2
arguing,2
gilded,2
younger,2
verse,2
hellenism,2
ford,2
spiritual,2
your,2
because,2
basis,2
distinguish,2
hamo,2
journals,2
nameless,2
received,2
modernities,2
discusses,2
example,2
knowledge,2
sexually,2
place,2
hugging,2
call,2
personal,2
romance,2
xviii,2
matt,2
alan,2
least,2
dictionary,2
archaeology,2
renters,2
guardsmen,2
discourse,2
quite,2
claim,2
feelings,2
manchester,2
research,2
australian,2
garrity,2
proper,2
pa,2
beauty,2
separate,2
actress,2
sophistication,2
activities,2
seemed,2
f,2
telegraph,2
dealing,2
sexologists,2
contact,2
emilio,2
archbishop,2
synthesis,2
located,2
limited,2
acknowledged,2
harris,2
koven,2
still,2
above,2
expanded,2
southern,2
guide,2
alleged,2
interpretation,2
observer,2
wake,2
trousers,2
intermediate,2
neither,2
lord,2
shifting,2
touching,2
heterosexual,2
foucault,2
added,2
idea,2
stories,2
areas,2
children,2
educated,2
feasting,2
contemporary,2
rhetoric,2
ages,2
hand,2
employed,2
manner,2
secrets,2
developing,2
accepted,2
sensual,2
axes,2
frequency,2
distance,2
discourses,2
demonstrated,2
popular,2
situated,2
discussion,2
restrained,2
complexities,2
yacovone,2
entirely,2
wonderful,2
dress,2
bostonian,2
real,2
addicted,2
archive,2
tomboys,2
intimacy,2
students,2
open,2
clear,2
three,2
publication,2
express,2
beardsley,2
features,2
played,2
distinction,2
course,2
provides,2
silly,2
newspapers,2
availability,2
femininity,2
attracted,2
remarkable,2
theatrical,2
opposite,2
canterbury,2
homosexuals,2
european,2
depth,2
debbie,2
declaration,2
lovers,2
prosecutor,2
queering,2
continued,2
impressive,2
claimed,2
anticipating,2
modernism,2
primarily,2
bonds,2
panthers,2
construction,2
hilliard,2
worlds,2
sailors,2
ioq,2
earliest,2
poets,2
considered,2
brake,2
school,2
necessary,2
rarely,2
impulse,2
homosocial,2
opacity,2
grand,2
biography,2
ogden,2
simply,2
continues,2
shop,2
ignore,2
phillips,2
highly,2
excess,2
commonplace,2
different,2
erotics,2
novel,2
assumed,2
contextual,2
current,2
hinted,2
contradictory,2
ambivalent,2
passage,2
works,2
person,2
ackerley,2
prefers,2
quote,2
noticeable,2
mere,2
platonic,2
too,2
don,2
lesbianisms,2
keyword,2
martha,2
stella,2
nj,2
city,2
practices,2
beloved,2
tried,2
went,2
unitary,2
using,2
aspect,2
think,2
worsley,2
examples,2
difference,2
clubs,2
genders,2
conditions,2
publicized,2
although,2
crimes,2
weep,2
scandals,2
notions,2
trumbach,2
celibacy,2
instinct,2
moved,2
west,2
tastes,2
debate,2
sharing,2
flirtatious,2
including,2
exclusively,2
indeterminacy,2
colonel,2
observed,2
should,2
successive,2
daughter,2
ca,2
fortuné,1
courts,1
gentlewoman,1
final,1
grasped,1
mostly,1
lockets,1
child,1
nighttime,1
frequent,1
ayoung,1
sins,1
medieval,1
hurley,1
bonding,1
stepchildren,1
preference,1
opponent,1
embarked,1
differentials,1
designated,1
created,1
britishness,1
truth,1
represent,1
dangers,1
everyone,1
affected,1
extreme,1
berkeley,1
mincing,1
pushed,1
oddity,1
college,1
perfection,1
trans,1
girl,1
red,1
descriptors,1
measures,1
poorer,1
ultimate,1
fragmented,1
sphere,1
quandary,1
pools,1
linguistic,1
passing,1
forcing,1
told,1
becoming,1
valerie,1
inconsequential,1
denied,1
margeries,1
tke,1
ample,1
delightfully,1
demeanour,1
informative,1
likely,1
schools,1
true,1
continent,1
approaches,1
psychiatry,1
jonathan,1
masquerade,1
conscious,1
inference,1
moping,1
opponents,1
earnings,1
former,1
decade,1
earnest,1
justified,1
necessarily,1
classify,1
presents,1
carroll,1
encourage,1
occurred,1
habits,1
communion,1
attired,1
individually,1
reasons,1
seej,1
assisted,1
husbands,1
contested,1
probed,1
monograph,1
ingredients,1
attuned,1
piccadilly,1
descriptions,1
sapphu,1
societal,1
signal,1
permitted,1
effeminates,1
turning,1
buol,1
arms,1
experience,1
accumulation,1
being,1
highlighted,1
anything,1
explicitness,1
sit,1
forgive,1
gap,1
www,1
undermine,1
sympathizers,1
philosophers,1
familiarity,1
hence,1
titles,1
every,1
constituting,1
unrepresentability,1
distinguishing,1
voices,1
pervasive,1
hood,1
originally,1
ii,1
repertoire,1
implications,1
taken,1
feeling,1
vols,1
saul,1
refusal,1
calloway,1
flannelled,1
articulate,1
worked,1
emerged,1
marl,1
hotels,1
active,1
comradeship,1
sean,1
parties,1
memorial,1
seitler,1
shimming,1
shaped,1
allan,1
homoerotk,1
caldershnt,1
leading,1
explores,1
advantage,1
borders,1
mannerisms,1
differences,1
viceroys,1
stood,1
grooms,1
denoted,1
producing,1
studied,1
inherent,1
mills,1
conspirators,1
kingdom,1
yearbook,1
slippage,1
help,1
uncemented,1
propensity,1
embrace,1
describes,1
sentimentally,1
mind,1
date,1
priest,1
influences,1
raised,1
bg,1
normal,1
complicated,1
headings,1
intelligence,1
dd,1
guards,1
tasters,1
multiform,1
comprehensions,1
lecturer,1
tragedy,1
inquiry,1
ernest,1
partners,1
continuities,1
takes,1
depending,1
inseparable,1
corresponded,1
existence,1
lest,1
alfred,1
preoccupations,1
tie,1
king,1
task,1
knowledgeable,1
apt,1
inverts,1
adverse,1
mass,1
iv,1
samesex,1
transvestism,1
androgyny,1
uneven,1
kaleidoscope,1
definitional,1
felt,1
possible,1
hooligans,1
marked,1
understated,1
reaction,1
tipping,1
bisexual,1
lures,1
holroyd,1
dinner,1
russo,1
barry,1
mental,1
orgy,1
desired,1
idols,1
reflecting,1
x,1
ignores,1
luring,1
establishment,1
textual,1
waiters,1
uncertain,1
cited,1
desirable,1
himself,1
interact,1
ritual,1
forged,1
confessions,1
punshon,1
sketched,1
crammed,1
liberated,1
botticelli,1
split,1
attract,1
authors,1
guilty,1
civility,1
usage,1
exist,1
repeatedly,1
complained,1
human,1
maynard,1
mistake,1
phase,1
chapters,1
includes,1
accessible,1
hypothesizes,1
concentrated,1
constructed,1
experiences,1
surely,1
famously,1
severe,1
spectrum,1
difficulties,1
immediate,1
manlike,1
invisibility,1
development,1
precluding,1
accommodation,1
sedition,1
rotating,1
surrounded,1
arrested,1
swimming,1
noel,1
sommer,1
lady,1
basingstoke,1
ease,1
juxtaposition,1
problematics,1
brother,1
mixed,1
mower,1
predicament,1
attested,1
taddeo,1
glo,1
tacit,1
denote,1
worn,1
barlow,1
markets,1
alison,1
pay,1
siècle,1
multilayered,1
clinging,1
basil,1
kind,1
whores,1
pubic,1
oosterhuis,1
cases,1
iy,1
distinct,1
nor,1
old,1
clark,1
irenaeus,1
bay,1
document,1
stokes,1
robb,1
severed,1
fond,1
intercourse,1
degrading,1
deed,1
http,1
holds,1
difficulty,1
rediscovering,1
beholders,1
allowing,1
gushing,1
dearly,1
cohen,1
continuous,1
third,1
bag,1
chap,1
misleading,1
seventeenthcentury,1
mistress,1
publications,1
weakening,1
vacillation,1
compare,1
networks,1
warned,1
invert,1
soldierharlotry,1
semiprostitution,1
conspiracy,1
imaginary,1
knowingness,1
flaneur,1
sin,1
stimulating,1
ingredient,1
look,1
advantages,1
practically,1
dear,1
unspoken,1
fool,1
obscenity,1
homosex,1
stratum,1
bookshops,1
deeply,1
psychiatrists,1
precise,1
sister,1
xavier,1
pronounced,1
hardly,1
shall,1
restricting,1
unmanly,1
sisters,1
historicaljournal,1
dandy,1
italians,1
unassailable,1
celebrating,1
anglo,1
deplorable,1
imaginatively,1
oj,1
media,1
loyal,1
site,1
opposed,1
poor,1
online,1
interesting,1
colour,1
gosse,1
shipping,1
puff,1
indissolubly,1
whose,1
heaven,1
german,1
defendant,1
youthful,1
heroes,1
expected,1
camp,1
performance,1
main,1
predictably,1
qo,1
incoherent,1
angeles,1
shy,1
mall,1
excerpts,1
motes,1
fantasies,1
preparing,1
mean,1
knew,1
environments,1
adopted,1
mechanics,1
template,1
opportunity,1
pressing,1
heard,1
associate,1
supplement,1
flexible,1
michel,1
tristan,1
serial,1
matched,1
blurring,1
distant,1
lay,1
homophobia,1
arbor,1
aestheticism,1
dismiss,1
moreover,1
onwards,1
proclaimed,1
pleasures,1
support,1
reason,1
eighteen,1
mrs,1
maintaining,1
reconceptualization,1
consultation,1
revolts,1
metropolis,1
underdeveloped,1
reinforcement,1
entry,1
fast,1
physically,1
unclear,1
dandies,1
image,1
mcgarry,1
cthe,1
proved,1
thirty,1
air,1
numbers,1
antipathic,1
preoccupation,1
excitement,1
accessibility,1
listed,1
upper,1
benefited,1
situations,1
suspicions,1
companions,1
urnings,1
montgomery,1
commented,1
origins,1
powerful,1
follow,1
readings,1
refer,1
requested,1
followed,1
toronto,1
painted,1
robbie,1
infractions,1
permanent,1
aristocrats,1
assignations,1
profanais,1
care,1
hetero,1
opinion,1
suggested,1
decades,1
questioner,1
myths,1
lords,1
experimentation,1
whereas,1
contention,1
berets,1
homosociality,1
closely,1
upperand,1
continuums,1
fiends,1
reprinted,1
acceptable,1
kennedy,1
merging,1
walk,1
remapping,1
location,1
horatio,1
medicine,1
carrying,1
extraordinary,1
temptation,1
léonard,1
mapping,1
evasive,1
ambiguity,1
effort,1
kate,1
changed,1
stereotype,1
jobe,1
tells,1
rooms,1
circa,1
austin,1
pioneer,1
excite,1
flirted,1
illness,1
captured,1
initial,1
poetry,1
celebrated,1
unthinkable,1
bathers,1
orgasms,1
unions,1
further,1
pure,1
topics,1
executor,1
fancies,1
occupation,1
irony,1
traced,1
durham,1
rent,1
entertaining,1
mainly,1
sentimental,1
silence,1
homoerotics,1
fisherman,1
burial,1
dined,1
appears,1
ethel,1
recently,1
produced,1
prose,1
inconsquence,1
record,1
sims,1
tension,1
sways,1
explain,1
approached,1
opposition,1
negotiated,1
approvingly,1
gods,1
stations,1
rourke,1
affair,1
randolph,1
memory,1
overlapping,1
seth,1
shape,1
unequal,1
imprisoned,1
pronounce,1
theatres,1
nineteenthcentury,1
tribulations,1
intense,1
lads,1
los,1
writers,1
preferred,1
reader,1
concept,1
cushman,1
themes,1
nc,1
elide,1
purpose,1
unformed,1
stir,1
compass,1
denial,1
apparent,1
calls,1
overlay,1
layered,1
related,1
coded,1
brigade,1
comment,1
mawkish,1
filthy,1
yearned,1
excessive,1
feared,1
description,1
englishmen,1
anatomical,1
surprise,1
reliance,1
lovely,1
loss,1
genuine,1
gave,1
boarding,1
felix,1
epistemobgp,1
unpick,1
accretion,1
issues,1
literally,1
icon,1
unrequited,1
beginnings,1
imitations,1
seated,1
strain,1
runs,1
rosario,1
halles,1
thereafter,1
perverts,1
demon,1
ivan,1
forces,1
justification,1
douglas,1
coachmen,1
elegant,1
formations,1
riding,1
splendour,1
bidding,1
showing,1
preparation,1
interpreted,1
week,1
visions,1
memoirs,1
connections,1
sensuous,1
approach,1
messages,1
teacher,1
thrived,1
thread,1
impasse,1
nationalisms,1
messenger,1
good,1
multiplicity,1
widen,1
responses,1
caution,1
officials,1
closing,1
start,1
physician,1
normally,1
ambit,1
schoolboy,1
premoderns,1
sympathy,1
especial,1
troopers,1
seized,1
stage,1
lawton,1
next,1
rings,1
contrast,1
restfully,1
phrase,1
openmouthed,1
atmosphere,1
repeated,1
normality,1
family,1
handful,1
calling,1
encompassing,1
specificity,1
pervert,1
axiom,1
sufficient,1
consensus,1
few,1
revealing,1
masking,1
nineteenthand,1
temporary,1
sodomitical,1
mi,1
presence,1
talkativeness,1
reported,1
distinguished,1
attached,1
latest,1
closeness,1
roden,1
impossible,1
miracles,1
brown,1
palatable,1
always,1
managed,1
visible,1
tossing,1
gottfried,1
inability,1
universities,1
disagreement,1
pays,1
grosskurth,1
passivity,1
mccall,1
sharon,1
explains,1
tussled,1
slept,1
sodomitic,1
crisp,1
brothel,1
gordon,1
fiber,1
teleology,1
addiction,1
hellenic,1
survived,1
spirituality,1
naming,1
vantage,1
led,1
second,1
misogynist,1
brightest,1
io,1
reduced,1
walking,1
tread,1
matter,1
laurel,1
innocent,1
visually,1
guarded,1
seductions,1
identified,1
action,1
indicative,1
seamlessly,1
tedious,1
appearances,1
service,1
toward,1
amiffoni,1
resisted,1
tempted,1
favours,1
conjuring,1
play,1
successes,1
cloud,1
return,1
benson,1
eminent,1
commit,1
fractured,1
exception,1
fastened,1
cared,1
object,1
etc,1
andj,1
whatever,1
formative,1
approaching,1
masten,1
make,1
charm,1
explored,1
railway,1
linguistically,1
modes,1
closet,1
groupings,1
permeate,1
religious,1
parker,1
improper,1
single,1
powerfully,1
biological,1
confronting,1
frank,1
deitcher,1
allegations,1
communities,1
oblivious,1
pivotal,1
inimitable,1
criticism,1
edited,1
trains,1
selling,1
sciences,1
museum,1
monte,1
describe,1
vs,1
opportunities,1
icons,1
coverage,1
cleveland,1
disorderly,1
marginal,1
mused,1
soon,1
evil,1
ring,1
predecessor,1
psychopathic,1
mobile,1
axiomatic,1
understands,1
specifics,1
dowling,1
specimens,1
perceived,1
puzzle,1
platonism,1
dictates,1
jay,1
inflections,1
home,1
sexualitks,1
purity,1
warmth,1
powder,1
conflictual,1
demonstrates,1
schultz,1
reprint,1
farmhouse,1
lewd,1
already,1
exodus,1
insights,1
psyche,1
confirmed,1
department,1
begins,1
noted,1
insinuating,1
bar,1
frameworks,1
possibilities,1
suggestibility,1
journalist,1
independent,1
fill,1
volume,1
persuasive,1
angel,1
snakecharmer,1
seymour,1
crisply,1
interiority,1
blossomed,1
members,1
theorist,1
fanny,1
focused,1
harrison,1
comfortable,1
paul,1
law,1
power,1
frederick,1
inflexible,1
stream,1
garrison,1
verge,1
fin,1
fragmentation,1
mingling,1
jodie,1
restaurants,1
preferences,1
europe,1
conceived,1
varies,1
towns,1
financial,1
smith,1
missing,1
release,1
unofficially,1
emotions,1
recoiled,1
shows,1
concepts,1
lack,1
undefinable,1
consideration,1
coincidence,1
conduct,1
collar,1
noblest,1
relates,1
music,1
sleep,1
appeared,1
afraid,1
ought,1
abstract,1
essence,1
attempting,1
teachers,1
pretty,1
crossing,1
vernon,1
associates,1
anal,1
state,1
shoulder,1
arthur,1
doubt,1
variation,1
transvestite,1
omero,1
minimize,1
arguably,1
sentimentality,1
entertained,1
serious,1
zealand,1
froide,1
surrounding,1
brotherhood,1
offence,1
puzzling,1
readers,1
behind,1
paris,1
fro,1
covered,1
operating,1
kosofsky,1
thirties,1
creature,1
gentlemanliness,1
continuing,1
orderly,1
income,1
orthodoxy,1
eton,1
michael,1
interview,1
tell,1
council,1
rh,1
slice,1
royal,1
spoke,1
physiognomies,1
couple,1
manly,1
hamilton,1
showcased,1
widespread,1
breast,1
counterpart,1
reflected,1
medicoforensic,1
wryly,1
remarkably,1
imputed,1
authorial,1
realize,1
thoroughly,1
fluidity,1
steamer,1
charted,1
hesitate,1
imagine,1
grouping,1
status,1
classes,1
private,1
behaviors,1
arch,1
extended,1
theirs,1
clients,1
father,1
heteroand,1
intent,1
pall,1
treated,1
explanation,1
upon,1
totalizing,1
painter,1
limitations,1
servant,1
challenging,1
catholicism,1
snakes,1
alerted,1
fictional,1
contacts,1
evangelista,1
judge,1
needing,1
queensberry,1
empirical,1
waste,1
intermittent,1
chs,1
numerous,1
morality,1
sequence,1
pleasure,1
yorkshire,1
conflicted,1
evolution,1
roman,1
maintains,1
hour,1
imposes,1
prelude,1
raby,1
previous,1
imagery,1
nevertheless,1
monocle,1
theoretical,1
involves,1
vii,1
legs,1
kiss,1
gazing,1
reqy,1
provoked,1
reality,1
directed,1
blindly,1
hinged,1
uncontrollable,1
talk,1
genitalia,1
points,1
soldiers,1
safety,1
essay,1
homoerotically,1
rebecca,1
logic,1
workhouse,1
interpret,1
subtitle,1
anxious,1
eve,1
individual,1
courted,1
someone,1
ellis,1
séances,1
collaboration,1
slander,1
spread,1
fellow,1
unexamined,1
plant,1
attribution,1
collected,1
archetypal,1
minority,1
shortly,1
carson,1
prolonged,1
transcript,1
legacy,1
morals,1
wasn,1
queen,1
prosecution,1
somehow,1
labour,1
sexualis,1
possess,1
edmund,1
satisfy,1
trying,1
eyes,1
parallel,1
sensuality,1
editors,1
onnfiv,1
sight,1
interpretations,1
respectively,1
clasped,1
ann,1
biographer,1
examine,1
incompatible,1
sexuauties,1
mr,1
seeking,1
artisans,1
assistants,1
looks,1
italy,1
hkennedy,1
galleries,1
iioi,1
morris,1
workshop,1
authorship,1
figures,1
versus,1
ghostly,1
maidenhead,1
waggoner,1
seduction,1
joint,1
conveyed,1
greek,1
entanglement,1
concluded,1
widely,1
division,1
stereotypes,1
examines,1
anatomy,1
hunt,1
perils,1
enough,1
writintr,1
suggest,1
consists,1
diametrically,1
indication,1
discussing,1
marianna,1
fraternal,1
christian,1
clothes,1
caressing,1
entail,1
imply,1
circle,1
dreadful,1
commentator,1
perspectives,1
masculinities,1
hips,1
fairly,1
bars,1
science,1
clinton,1
effeminization,1
chance,1
usually,1
five,1
france,1
defenders,1
banter,1
ideology,1
suggestive,1
aunt,1
rough,1
ironically,1
vague,1
footmen,1
herselfand,1
ordinary,1
sway,1
undeclared,1
deborah,1
lost,1
cigarettes,1
nz,1
pemble,1
fraternity,1
translation,1
detailed,1
ordering,1
freedman,1
force,1
worse,1
poofs,1
understand,1
markers,1
hatheway,1
compromising,1
immensity,1
recognize,1
fondle,1
indicate,1
html,1
fromj,1
testifies,1
serpentine,1
possessive,1
analysis,1
hope,1
manhood,1
prosecuted,1
composed,1
education,1
yaeger,1
tormenting,1
creatures,1
exists,1
elder,1
emerging,1
itself,1
face,1
grounded,1
safeguarding,1
joseph,1
thick,1
attachment,1
matters,1
stephen,1
meal,1
hearts,1
goldberg,1
sections,1
hallward,1
border,1
neatness,1
enervating,1
curious,1
shadow,1
unenglish,1
ned,1
vaseline,1
georere,1
naples,1
elaborate,1
complexity,1
version,1
mario,1
aspersions,1
demonstrate,1
extensive,1
scarcely,1
hypothesized,1
partnerships,1
speculating,1
upchurch,1
forgetting,1
implied,1
theatrics,1
offered,1
regime,1
claims,1
trapped,1
charles,1
trenches,1
patently,1
doi,1
ofjohnaddington,1
binghampton,1
creases,1
agony,1
couples,1
cover,1
imposing,1
dimension,1
supposed,1
intellectual,1
partner,1
tendencies,1
katz,1
scientist,1
lying,1
inclined,1
commission,1
openings,1
exploration,1
westport,1
patronized,1
michelangelo,1
ubiquitous,1
down,1
print,1
printed,1
donnell,1
half,1
money,1
allied,1
speech,1
post,1
maud,1
iii,1
ideological,1
particularly,1
clearly,1
expresses,1
dared,1
loll,1
matthew,1
infer,1
attractions,1
raphael,1
hundred,1
separating,1
ako,1
chairman,1
unravelled,1
cities,1
pictures,1
u,1
rural,1
yearning,1
assessment,1
evident,1
charged,1
activism,1
knows,1
according,1
day,1
unlikely,1
enjoyment,1
automatically,1
opaque,1
parading,1
carefully,1
reactions,1
list,1
involvement,1
représentation,1
degenerate,1
cause,1
lane,1
mp,1
comes,1
nauseated,1
muscular,1
attitudes,1
juxtaposed,1
statement,1
fondness,1
firmly,1
ceased,1
extent,1
fascination,1
actors,1
waters,1
surpassing,1
shakespeare,1
hyacinth,1
harrow,1
cloth,1
voice,1
scenarios,1
ideal,1
freedom,1
incoherence,1
welcome,1
translated,1
boston,1
bonded,1
naked,1
limes,1
occasionally,1
org,1
son,1
outing,1
gt,1
edwards,1
recipients,1
refinement,1
surveys,1
prosser,1
uniform,1
ma,1
introduced,1
despite,1
strangers,1
iqq,1
singlewomen,1
ac,1
die,1
elizabethan,1
transition,1
everywhere,1
struck,1
pervades,1
annamarie,1
circus,1
queerness,1
tender,1
sensationalist,1
connotation,1
slumming,1
equipped,1
stevenson,1
dock,1
allows,1
representation,1
coming,1
sodomites,1
addington,1
nol,1
uninitiated,1
comprehended,1
come,1
spoiled,1
named,1
susceptible,1
havelock,1
produce,1
grosser,1
formation,1
understandings,1
shown,1
models,1
touch,1
ig,1
fellatio,1
valve,1
toilets,1
liaisons,1
finally,1
catch,1
discursive,1
accept,1
aware,1
dangerous,1
structuring,1
applicable,1
sports,1
instead,1
integrated,1
statesman,1
retrospective,1
proscribed,1
forbes,1
smoothen,1
states,1
involving,1
attributes,1
variously,1
colleagues,1
playing,1
attempted,1
off,1
area,1
extremely,1
cobra,1
remains,1
speak,1
classification,1
financially,1
showed,1
ruth,1
vi,1
supported,1
warrington,1
charlotte,1
taking,1
gazette,1
gunter,1
chambers,1
gaol,1
regularity,1
stylish,1
mason,1
consisted,1
negotiate,1
except,1
homosexualism,1
era,1
infirmity,1
gestures,1
texts,1
mew,1
caress,1
import,1
excrementstained,1
dining,1
eloquently,1
sheer,1
lingered,1
divergent,1
transhistorical,1
among,1
prison,1
immoral,1
furnish,1
beings,1
meeting,1
asked,1
sirnilisexualism,1
roles,1
acquitted,1
tantalizingly,1
organized,1
grabbling,1
utmost,1
serenity,1
dons,1
sculptor,1
deeper,1
increase,1
