WORDCOUNTS,WEIGHT
the,1222
of,892
and,474
in,451
to,385
that,356
a,222
elias,206
was,151
as,143
civilizing,123
process,121
on,102
is,100
more,90
for,89
s,89
ibid,88
were,87
with,86
social,80
by,76
it,75
be,72
not,69
which,67
their,64
from,64
power,60
or,58
but,54
one,53
had,53
society,50
they,46
have,46
processes,45
an,44
been,44
how,43
this,39
are,39
his,37
he,37
between,37
norbert,35
development,35
societies,33
could,33
see,33
its,32
state,32
over,32
such,31
other,31
at,30
press,30
into,29
human,29
first,28
monopoly,28
toward,28
people,27
among,27
court,26
has,26
relations,26
violence,26
civilization,25
states,25
work,24
those,23
central,23
would,23
mennell,23
political,22
than,22
world,22
civilized,22
stephen,22
sociology,22
others,21
new,21
what,21
no,20
international,20
also,20
different,20
there,19
century,19
did,19
whole,18
become,18
works,18
them,18
western,17
europe,17
university,17
greater,17
war,17
linklater,17
same,17
larger,17
transformation,17
analysis,17
important,16
military,16
andrew,16
changes,16
patterns,16
can,16
european,16
life,16
each,16
modern,15
history,15
all,15
within,15
functions,15
point,15
dublin,15
london,15
collected,15
theory,15
became,15
together,14
vol,14
even,14
higher,14
certain,14
most,14
when,14
about,14
under,14
less,14
writings,14
need,14
courts,13
later,13
argued,13
came,13
interconnectedness,13
out,13
ucd,13
two,13
only,13
strata,13
where,13
understanding,13
period,13
so,13
earlier,13
control,13
through,13
formation,13
now,12
medieval,12
system,12
regarded,12
levels,12
royal,12
result,12
warriors,12
economic,12
rise,12
published,12
force,12
role,12
national,12
uk,12
if,11
absolutist,11
territorial,11
interests,11
mechanism,11
developments,11
struggles,11
however,11
part,11
own,11
might,11
oxford,11
main,11
conduct,11
cambridge,11
trend,11
centuries,11
changing,11
sciences,11
nobility,11
far,11
although,11
early,11
way,10
lower,10
being,10
emerged,10
very,10
standards,10
found,10
because,10
members,10
longer,10
bourgeoisie,10
time,10
forms,10
another,10
discussion,10
individual,10
structure,10
often,10
then,10
course,10
france,10
much,10
english,9
restraints,9
since,9
relatively,9
german,9
across,9
importance,9
upper,9
further,9
required,9
public,9
concept,9
pacification,9
these,9
emotional,9
many,9
belief,9
books,9
who,9
authorities,9
middle,9
view,8
ways,8
something,8
interweaving,8
religion,8
case,8
right,8
some,8
powers,8
taxation,8
conflict,8
evident,8
body,8
monopolization,8
monopolies,8
study,8
means,8
used,8
civilisation,8
anger,8
marx,8
second,8
may,8
civility,8
security,8
ed,8
without,8
french,8
ages,8
use,8
class,8
systems,8
attention,8
division,8
understand,8
any,8
must,8
tendencies,8
influenced,8
argument,8
land,8
groups,7
complex,7
essays,7
nineteenth,7
stressed,7
nature,7
last,7
behavior,7
review,7
general,7
growth,7
developed,7
decades,7
hands,7
claim,7
trends,7
sense,7
manners,7
research,7
will,7
led,7
habitus,7
movement,7
once,7
increasingly,7
foucault,7
emotions,7
spierenburg,7
end,7
external,7
degree,7
original,7
especially,7
we,7
separate,7
here,7
natural,7
regard,7
domestic,7
inquiry,7
growing,7
suffering,7
attitudes,7
both,7
little,7
area,7
given,7
recent,7
goudsblom,6
large,6
american,6
units,6
occurred,6
attuned,6
ii,6
taken,6
humans,6
england,6
existence,6
prozess,6
account,6
politics,6
condition,6
dynamics,6
de,6
effective,6
phases,6
whose,6
danger,6
organization,6
emergence,6
feudal,6
zivilisation,6
called,6
punishment,6
understood,6
though,6
future,6
already,6
brought,6
actors,6
forces,6
change,6
always,6
progress,6
therefore,6
still,6
criticism,6
den,6
sociological,6
orders,6
über,6
success,6
made,6
eighteenth,6
warrior,6
largely,6
significance,6
diplomacy,6
high,6
embarrassment,6
pressures,6
physical,6
der,6
historical,6
webs,6
investigation,6
form,6
transition,6
maintained,6
aware,6
themselves,6
superiority,5
struggle,5
limits,5
common,5
concerned,5
meaning,5
e,5
sphere,5
word,5
before,5
immanent,5
said,5
gradual,5
able,5
principal,5
key,5
shame,5
restraint,5
dying,5
drawn,5
influence,5
adds,5
dangers,5
conceptions,5
humanity,5
cannot,5
balance,5
taxes,5
line,5
revealed,5
during,5
polity,5
approach,5
regions,5
responses,5
least,5
dunning,5
order,5
involved,5
weapons,5
structured,5
matter,5
absence,5
elimination,5
practices,5
indeed,5
synthesis,5
expansion,5
interdependence,5
constraints,5
religious,5
structural,5
sociologists,5
light,5
culture,5
noted,5
again,5
idea,5
fundamental,5
appeared,5
do,5
paris,5
necessary,5
practice,5
classes,5
explanation,5
significant,5
refers,5
clockwork,5
individuals,5
described,5
clear,5
allowed,5
features,5
standard,5
movements,5
institutions,5
respect,5
associated,5
expanding,5
living,5
weber,5
whether,5
while,5
level,5
eric,5
question,5
evidence,5
integration,5
increased,5
specific,5
focus,5
drew,5
should,5
major,5
ambivalence,4
center,4
likely,4
position,4
j,4
government,4
bauman,4
i,4
reading,4
threshold,4
context,4
sociogenetic,4
depends,4
british,4
issue,4
jack,4
possible,4
taking,4
aggression,4
exist,4
against,4
analyzing,4
monopolizing,4
forced,4
nor,4
self,4
perspective,4
single,4
loneliness,4
authority,4
rather,4
killing,4
after,4
similar,4
psychogenetic,4
reason,4
organized,4
elsewhere,4
gradually,4
max,4
origins,4
generally,4
m,4
courtly,4
italics,4
strength,4
feelings,4
chinese,4
coli,4
repugnance,4
scale,4
well,4
having,4
knowledge,4
place,4
structures,4
kings,4
personal,4
johan,4
distances,4
revolution,4
decivilizing,4
contrast,4
long,4
several,4
wider,4
feudalism,4
action,4
overall,4
limited,4
reduce,4
make,4
comments,4
direction,4
yet,4
rules,4
thought,4
foresight,4
volume,4
punish,4
shows,4
contrasts,4
areas,4
germans,4
personality,4
attunement,4
contemporary,4
man,4
everyday,4
empire,4
mutual,4
routledge,4
number,4
free,4
polities,4
notion,4
years,4
ruling,4
identity,4
europeans,4
holocaust,4
maintains,4
theories,4
theoretical,4
stress,4
discussed,4
realist,4
internal,4
capitalism,4
increasing,4
relationship,4
note,4
interdependent,4
usually,4
unplanned,4
dimensions,4
worldwide,4
transformed,4
volumes,4
itself,4
face,4
remains,4
claims,4
share,4
broke,4
symbol,4
specialized,4
worth,4
global,4
observe,4
advances,4
terms,4
extent,4
almost,4
peace,4
callières,4
territory,4
cruelty,4
come,4
until,4
twentieth,4
shift,4
assumed,4
c,4
views,4
develop,4
strong,4
pacified,4
emulate,3
does,3
functional,3
slaughter,3
introduction,3
germany,3
replaced,3
tend,3
designed,3
live,3
services,3
true,3
bryan,3
upheaval,3
labor,3
title,3
pacify,3
our,3
experience,3
cast,3
specifically,3
every,3
rivals,3
attempts,3
seem,3
worked,3
editions,3
tradition,3
great,3
reasons,3
differences,3
studied,3
closer,3
molecular,3
stand,3
blackwell,3
concepts,3
side,3
king,3
money,3
sought,3
indirectly,3
marked,3
sixteenth,3
activity,3
establishing,3
october,3
west,3
resources,3
anticipated,3
along,3
economies,3
revulsion,3
tied,3
regarding,3
phase,3
centralized,3
relationships,3
calculated,3
domain,3
kind,3
exercise,3
refer,3
contrary,3
modernity,3
compared,3
left,3
drives,3
networks,3
york,3
represented,3
balanced,3
parts,3
executions,3
disintegration,3
overlooked,3
moreover,3
mastenbroek,3
tensions,3
clearly,3
displays,3
augustinian,3
venetian,3
frequently,3
four,3
leicester,3
notions,3
instance,3
dominant,3
appear,3
whereas,3
uses,3
whom,3
appearance,3
rule,3
joy,3
noting,3
possibility,3
constantly,3
accurately,3
nobles,3
focused,3
figuration,3
xiv,3
explain,3
find,3
scope,3
reserve,3
apparent,3
overview,3
realm,3
gave,3
moulding,3
earth,3
contests,3
thirteenth,3
field,3
things,3
stage,3
intervals,3
lucretian,3
autonomy,3
few,3
highly,3
up,3
value,3
provided,3
critical,3
defended,3
horizons,3
lengthening,3
various,3
rivalries,3
westbroek,3
spectacle,3
play,3
criticized,3
positive,3
envoys,3
makes,3
neither,3
thesis,3
rising,3
discipline,3
paul,3
book,3
challenge,3
fragmentation,3
death,3
efforts,3
diminishing,3
turner,3
advantage,3
break,3
everything,3
pattern,3
remark,3
never,3
enough,3
took,3
hand,3
continuing,3
existing,3
establish,3
income,3
renaissance,3
forth,3
enmity,3
demonstrated,3
precarious,3
rulers,3
easier,3
range,3
region,3
increase,3
entirely,3
conditions,3
affects,3
evolution,3
rejected,3
three,3
essay,3
peter,3
like,3
function,3
played,3
behind,3
references,3
contact,3
effect,3
saw,3
regimes,3
etiquette,3
aspirations,3
today,3
perspectives,3
five,3
bound,3
nazism,3
slow,3
referred,3
seen,3
began,3
countries,3
existed,3
sage,3
meant,3
considered,3
wars,3
material,3
believed,3
conclusion,3
norms,3
conjunction,3
simply,3
ever,3
barbarism,3
set,3
identified,3
country,3
inclined,3
down,3
iii,3
particularly,3
linked,3
enemy,3
distinctive,3
fears,3
past,3
want,3
character,3
maintain,3
civilité,3
problem,3
prestige,3
too,3
peoples,3
church,3
apparatus,3
age,3
impulses,3
coming,3
remarks,3
promoted,3
survival,3
differentiation,3
argues,3
detached,3
d,3
product,3
you,3
seventeenth,3
create,3
interaction,3
broader,3
lucretius,3
barter,3
democracy,2
prowess,2
possessed,2
done,2
convergence,2
opinion,2
stood,2
faced,2
peaceful,2
market,2
affected,2
extreme,2
victor,2
extend,2
nuremberg,2
resulted,2
alone,2
albeit,2
systemic,2
passing,2
group,2
needed,2
franz,2
kinds,2
identify,2
pieter,2
motto,2
h,2
approaches,2
centrifugal,2
expenditure,2
studies,2
barbaric,2
behaviour,2
policy,2
necessarily,2
kilminster,2
source,2
permitted,2
intentions,2
aw,2
ideas,2
explaining,2
zygmunt,2
sources,2
barriers,2
production,2
fifteenth,2
scientific,2
figurations,2
give,2
historians,2
entangled,2
concentrated,2
retreat,2
possibilities,2
shaped,2
principles,2
scientists,2
continue,2
humana,2
interwoven,2
accompanied,2
borders,2
desire,2
display,2
origin,2
arises,2
geopolitical,2
real,2
evolving,2
written,2
emphasized,2
raised,2
robert,2
investigations,2
hostile,2
globe,2
takes,2
courtesy,2
centers,2
capacity,2
motion,2
mass,2
america,2
italian,2
stance,2
machinery,2
goody,2
drive,2
alter,2
richard,2
whatever,2
apart,2
say,2
conception,2
himself,2
fragment,2
warfare,2
punishing,2
thus,2
throughout,2
explained,2
peculiarities,2
difficulties,2
quality,2
nazi,2
attained,2
interest,2
concentrations,2
quilley,2
realization,2
employing,2
pay,2
basil,2
learning,2
old,2
late,2
underlying,2
times,2
inclinations,2
concerning,2
back,2
extraordinary,2
wholly,2
taming,2
misleading,2
competition,2
journal,2
gaze,2
traditions,2
jones,2
traits,2
hardly,2
critics,2
failed,2
loyal,2
steps,2
libidinal,2
explanations,2
recognized,2
bull,2
unravel,2
expected,2
bring,2
l,2
aimed,2
encompassed,2
generations,2
gluckman,2
affairs,2
unit,2
afterwards,2
monetarization,2
connected,2
turn,2
direct,2
easily,2
ix,2
persons,2
animals,2
space,2
paradox,2
divided,2
experiences,2
support,2
involvement,2
lives,2
empires,2
acquisition,2
established,2
eventually,2
image,2
slowly,2
consolidate,2
wealth,2
section,2
just,2
edition,2
nakedness,2
contemporaries,2
w,2
democratic,2
superior,2
beyond,2
followed,2
permanent,2
antecedents,2
strategy,2
suggested,2
conflicts,2
lead,2
identifying,2
rerum,2
concentration,2
included,2
leach,2
kegan,2
search,2
attack,2
seven,2
changed,2
deal,2
demands,2
events,2
interstate,2
hooliganism,2
term,2
unions,2
equally,2
neighboring,2
cultural,2
reviews,2
devoid,2
equals,2
democratization,2
judicial,2
borkenau,2
governing,2
aspects,2
commitments,2
emotion,2
none,2
spheres,2
distinguish,2
marsh,2
gatrell,2
invisible,2
prominent,2
dominance,2
purpose,2
competing,2
example,2
calls,2
confined,2
related,2
circle,2
caxton,2
loss,2
literature,2
rosser,2
refined,2
issues,2
demonstrates,2
partly,2
collective,2
expansionist,2
concentrate,2
call,2
away,2
courtoisie,2
status,2
η,2
exemplary,2
officials,2
kultur,2
cruel,2
straight,2
discourse,2
quite,2
emerging,2
around,2
family,2
upshot,2
spanish,2
characteristics,2
psychological,2
venice,2
decline,2
distinguished,2
codes,2
method,2
dependent,2
organs,2
peculiar,2
explains,2
criminals,2
propriety,2
moved,2
reducing,2
teleology,2
seemed,2
nations,2
battle,2
happen,2
tasks,2
sovereign,2
irrespective,2
reduced,2
steady,2
noble,2
dispositions,2
mark,2
wrote,2
comparative,2
released,2
forward,2
tilly,2
forbidden,2
community,2
willem,2
assumptions,2
mainstream,2
edmund,2
relied,2
reference,2
precondition,2
represents,2
added,2
advanced,2
coser,2
management,2
planned,2
essential,2
watson,2
shifting,2
inevitable,2
contempt,2
donnelly,2
armed,2
identification,2
picture,2
amicably,2
enclaves,2
party,2
writing,2
lewis,2
law,2
thingis,2
pointed,2
domains,2
harmonds,2
cultivated,2
fact,2
consideration,2
torture,2
abstract,2
essence,2
children,2
classical,2
proceeds,2
dominion,2
learn,2
present,2
ground,2
secular,2
accepted,2
relevant,2
vulnerable,2
dance,2
interdependencies,2
distance,2
counterpart,2
shifts,2
compete,2
monkkonen,2
fight,2
private,2
reasoning,2
upon,2
values,2
previously,2
clerical,2
elite,2
louis,2
expression,2
assumption,2
pleasure,2
recovery,2
nothing,2
raising,2
eleventh,2
nevertheless,2
involves,2
finally,2
discovered,2
reality,2
publication,2
profession,2
revised,2
harré,2
spread,2
stresses,2
lie,2
kept,2
article,2
promote,2
parallel,2
tree,2
greatly,2
acquire,2
anderson,2
v,2
ensure,2
macmillan,2
tendency,2
relative,2
chain,2
crumble,2
awaiting,2
limiting,2
genesis,2
dealing,2
suggest,2
penguin,2
skocpol,2
me,2
africa,2
humanities,2
science,2
historv,2
sometimes,2
attributes,2
foreign,2
vision,2
fear,2
begin,2
lines,2
widespread,2
primarily,2
bonds,2
lost,2
execution,2
detailed,2
interplay,2
insecurity,2
responsible,2
britain,2
comte,2
fall,2
united,2
coordination,2
muted,2
exists,2
princes,2
stable,2
differentiated,2
acquired,2
absolutism,2
natura,2
hanging,2
comes,2
incorporated,2
grand,2
needs,2
detachment,2
extensive,2
constituted,2
theme,2
known,2
ignore,2
homicide,2
aggressiveness,2
alternative,2
quickly,2
colonization,2
novel,2
accustomed,2
forebears,2
tandem,2
report,2
reflected,2
build,2
assessment,2
better,2
places,2
turned,2
according,2
scholarly,2
automatic,2
carefully,2
stability,2
namely,2
particular,2
add,2
statement,2
mere,2
local,2
secure,2
property,2
visible,2
psychology,2
phenomena,2
urban,2
translated,2
punishments,2
emergent,2
eisner,2
code,2
altered,2
decisive,2
show,2
agents,2
controls,2
challenges,2
using,2
comprehend,2
think,2
prepared,2
moderate,2
reveals,2
fclias,2
intensified,2
finding,2
quest,2
web,2
numerous,2
biochemistry,2
françois,2
proceeding,2
courtization,2
specialists,2
unified,2
smaller,2
excitement,2
writer,2
regular,2
roughly,2
summary,2
respective,2
offered,2
charles,2
actions,2
reductionism,2
johnson,2
reached,2
valuable,2
prison,2
vulgar,2
beings,2
workings,2
deeper,2
freud,1
woven,1
resolve,1
uit,1
difficult,1
trick,1
entities,1
tokyo,1
archives,1
sharpe,1
decentralized,1
hub,1
produces,1
zero,1
refinement,1
flow,1
frequent,1
oriented,1
locates,1
privately,1
transmitted,1
f,1
tilting,1
created,1
concern,1
fractions,1
represent,1
career,1
pushed,1
insufficiently,1
college,1
thrown,1
andworsebecause,1
measures,1
interdependencecreated,1
imperceptibly,1
posed,1
spurred,1
constitution,1
processual,1
village,1
formulated,1
commingling,1
taxesclearly,1
enlightening,1
elementary,1
conquering,1
agency,1
diplomatic,1
elaborated,1
superiorityto,1
honger,1
transform,1
specialist,1
motivation,1
continent,1
strictly,1
sudden,1
barraclough,1
fletcher,1
jonathan,1
lacking,1
criminology,1
favor,1
nakedly,1
satisfied,1
former,1
cams,1
contention,1
trace,1
backs,1
distaste,1
potentials,1
firearms,1
allies,1
encourage,1
total,1
paper,1
incentive,1
criticizing,1
accomplishments,1
assume,1
track,1
eye,1
chief,1
corresponding,1
societal,1
pioneers,1
rome,1
women,1
engaging,1
efficacy,1
negative,1
urgency,1
consistent,1
anarchic,1
highlighted,1
blocs,1
sequoia,1
moderated,1
else,1
either,1
remolding,1
agreementspecifically,1
australia,1
stabilization,1
invention,1
émigré,1
rivalsalthough,1
embraced,1
avenues,1
loosened,1
certainly,1
inexorable,1
served,1
connection,1
victim,1
conditio,1
montmorency,1
coexist,1
handle,1
quoting,1
deterministic,1
indicated,1
indiscernible,1
statecraft,1
cavalry,1
rapid,1
οόδ,1
irrelevance,1
promoting,1
freely,1
transnational,1
xû,1
switzerland,1
experiments,1
hazy,1
forceswhich,1
troops,1
definition,1
parties,1
dampening,1
company,1
immense,1
reach,1
onwards,1
skills,1
chapters,1
agrarian,1
administer,1
broadly,1
broken,1
upholds,1
rodney,1
inflict,1
indulge,1
ben,1
monitor,1
imported,1
portrayal,1
wave,1
disgust,1
normative,1
narrative,1
achievement,1
admittedly,1
inherent,1
skill,1
link,1
subdued,1
cohesion,1
ucü,1
imperatives,1
resulting,1
concealment,1
atrocities,1
subsequent,1
ambition,1
help,1
introduces,1
maurice,1
feature,1
integrate,1
patterned,1
traditionally,1
mind,1
replicated,1
alert,1
precisely,1
influences,1
keith,1
regression,1
geoffrey,1
advantages,1
china,1
wage,1
solved,1
readiness,1
committed,1
theodore,1
synthetic,1
horseback,1
widening,1
embroiled,1
antedated,1
oscillate,1
speech,1
partners,1
est,1
fortune,1
habitual,1
governmental,1
inseparable,1
loyaltiesthat,1
lest,1
alfred,1
rivalry,1
mechanized,1
plain,1
anthropologists,1
pulled,1
teleological,1
task,1
circulate,1
advice,1
severe,1
primary,1
bases,1
iv,1
sexual,1
killed,1
ν,1
reawaken,1
undercut,1
disseminated,1
custom,1
chapter,1
uneven,1
restoring,1
football,1
capable,1
prohibit,1
determined,1
compelling,1
cooperation,1
beware,1
expresses,1
changesspecifically,1
instigators,1
move,1
encore,1
vital,1
fine,1
mental,1
variations,1
except,1
conceptual,1
reflecting,1
fatalities,1
classics,1
coordinating,1
owners,1
laws,1
dynamic,1
traditio,1
negotiation,1
undoubtedly,1
unities,1
mat,1
ritual,1
globalized,1
beneath,1
engage,1
rapine,1
says,1
separating,1
misrepresentation,1
realizing,1
societyto,1
surplus,1
colonized,1
framework,1
exposed,1
usage,1
succeed,1
winning,1
learned,1
goal,1
scales,1
àociogenesis,1
collapse,1
halted,1
dependence,1
endanger,1
eras,1
crime,1
angles,1
disorder,1
historically,1
proceeded,1
famously,1
modify,1
immediate,1
inner,1
accommodation,1
countless,1
burchill,1
visited,1
contentions,1
realized,1
unpublished,1
sociale,1
integral,1
author,1
police,1
agent,1
maintenance,1
bodily,1
mastered,1
recurs,1
forgotten,1
basingstoke,1
characteristic,1
ability,1
prohibitions,1
extensions,1
storehouse,1
peacemaking,1
offenses,1
dismisses,1
raises,1
specialised,1
inspiring,1
veneer,1
heightened,1
conducted,1
coexistence,1
selbstzwänge,1
overt,1
feuding,1
militarily,1
structuralist,1
sample,1
régime,1
vengeance,1
accelerating,1
industrial,1
marxism,1
espoused,1
exhausted,1
armour,1
achievements,1
progressive,1
thing,1
midsummer,1
claimwhich,1
cases,1
adam,1
defense,1
probabilities,1
items,1
paths,1
militaries,1
wia,1
globales,1
manifestly,1
rejecting,1
document,1
concernedno,1
hochschild,1
ranke,1
depend,1
persist,1
fond,1
intercourse,1
profound,1
amount,1
krieken,1
response,1
columbia,1
channels,1
recalls,1
moving,1
bó,1
blunted,1
unchanged,1
truly,1
alliances,1
menaces,1
weight,1
touraine,1
y,1
conspiracy,1
obscure,1
spitting,1
seal,1
echelons,1
communication,1
occidental,1
undeniable,1
waar,1
corrected,1
details,1
apparently,1
belongs,1
correctness,1
liston,1
uncivilized,1
pointing,1
savage,1
invites,1
generation,1
weakness,1
violencein,1
compromise,1
evenly,1
sociogenesis,1
adversary,1
intuition,1
trom,1
walls,1
let,1
van,1
themes,1
aim,1
rights,1
communities,1
starving,1
weapon,1
profoundly,1
r,1
rosenwein,1
leisure,1
alleged,1
wishes,1
interactionist,1
town,1
dangerously,1
ontstond,1
block,1
brewer,1
adjunct,1
disrepute,1
hopes,1
costs,1
transformations,1
act,1
observers,1
stricter,1
ostensibly,1
absent,1
arising,1
civilizationthat,1
remain,1
aggressive,1
lethal,1
breadth,1
organizing,1
basic,1
influential,1
en,1
appreciation,1
explicit,1
centralization,1
responded,1
holistic,1
progressivist,1
remote,1
lasting,1
adopted,1
transfer,1
goes,1
opportunity,1
arrangements,1
phrases,1
katie,1
granted,1
probability,1
proportion,1
appears,1
publisher,1
grew,1
lamented,1
philadelphia,1
dancers,1
derived,1
assuming,1
dialogue,1
escherichia,1
special,1
possess,1
adversaries,1
enabled,1
offering,1
white,1
lay,1
repeats,1
feel,1
awareness,1
augmented,1
dueling,1
thomas,1
exactly,1
escape,1
discernible,1
win,1
applied,1
centurya,1
experimentally,1
genocide,1
ct,1
wanted,1
exhibitions,1
timepiece,1
unwarlike,1
rated,1
imposed,1
latin,1
threatening,1
fortifications,1
holton,1
stabilizing,1
air,1
blias,1
numbers,1
impact,1
hussein,1
likened,1
longerterm,1
characterizations,1
ignorance,1
witnessing,1
xi,1
advancing,1
civilate,1
fees,1
orientation,1
retrospective,1
duc,1
experienced,1
arlie,1
pinnacle,1
shorter,1
n,1
voluntarism,1
follow,1
freed,1
civilize,1
procrastinationthe,1
isolation,1
saddam,1
selfrestraint,1
ceremony,1
requires,1
problems,1
terminology,1
pierre,1
axis,1
shifted,1
destructive,1
crucially,1
endemic,1
lust,1
nationality,1
david,1
symbolized,1
mon,1
ancient,1
cut,1
ruining,1
processen,1
fates,1
trajectories,1
courtliness,1
perceive,1
reflections,1
bureaucracy,1
conquest,1
draws,1
opponents,1
ranges,1
despaired,1
opening,1
expressed,1
closely,1
advance,1
carving,1
watchful,1
immutable,1
based,1
mauss,1
sooner,1
path,1
location,1
unfolding,1
declined,1
restrict,1
unorganized,1
fortunes,1
embittered,1
mercenaries,1
herethat,1
critically,1
typical,1
access,1
p,1
ambitions,1
treatments,1
amsterdam,1
aristocratic,1
strongly,1
embracing,1
economistsaccepted,1
lived,1
scenes,1
furious,1
cornell,1
giddens,1
criticisms,1
radical,1
agendas,1
pioneer,1
jeopardized,1
prima,1
titlesthe,1
illness,1
incurring,1
hits,1
burst,1
philosophical,1
eliasian,1
representative,1
manning,1
integrationare,1
urbanization,1
makeup,1
generallythen,1
academic,1
hippo,1
knit,1
traced,1
equal,1
mainly,1
silence,1
keywords,1
incarceration,1
worksnotably,1
tools,1
garland,1
teacher,1
greenwood,1
reinforce,1
boundaries,1
dispersal,1
sovereignty,1
boys,1
excellent,1
otherwise,1
woodbridge,1
russell,1
placed,1
outside,1
facedespite,1
sport,1
popularized,1
explored,1
your,1
refuge,1
absolute,1
dependents,1
opposition,1
wide,1
marxists,1
orientations,1
repruid,1
fundamentalism,1
expressions,1
technical,1
eurocentrism,1
shape,1
colonies,1
nichols,1
gained,1
directly,1
nelson,1
basis,1
seminal,1
closed,1
internalization,1
processthe,1
counterweight,1
bc,1
preconditions,1
trial,1
tool,1
strict,1
writers,1
preferred,1
repetition,1
protected,1
unless,1
discusses,1
unmastered,1
civil,1
secret,1
comment,1
gender,1
feared,1
caught,1
elizabeth,1
astonishing,1
unusually,1
surprise,1
afar,1
year,1
όΐκ,1
older,1
intermediate,1
ghana,1
calculating,1
relevance,1
actually,1
runs,1
et,1
documented,1
popular,1
centralised,1
microor,1
nucleus,1
overseas,1
realms,1
endorsed,1
participate,1
entails,1
rebound,1
preparation,1
currents,1
belligerence,1
attributed,1
following,1
manifestation,1
shortcomings,1
t,1
annotated,1
numerically,1
citing,1
ò,1
preceded,1
causal,1
someone,1
exerting,1
offences,1
solution,1
outmoded,1
ratios,1
wallerstein,1
successful,1
hygienic,1
alterations,1
responsibility,1
fork,1
pronounced,1
fostered,1
wished,1
protest,1
hired,1
trading,1
next,1
politically,1
intellectuals,1
destiny,1
insecurities,1
emphasizes,1
owned,1
prologue,1
anarchy,1
grandest,1
calling,1
endpoint,1
neglects,1
sufficient,1
separately,1
concerns,1
disposition,1
founding,1
legitimize,1
grow,1
crystallization,1
levied,1
amounted,1
rates,1
dramatic,1
recipients,1
reported,1
protect,1
attached,1
crimes,1
ΐϋια,1
methodological,1
widely,1
struck,1
st,1
majority,1
ambassador,1
tastefulincompatible,1
dobb,1
infantry,1
guns,1
resource,1
describes,1
plénipotentiaire,1
inquiries,1
leveled,1
appropriate,1
interpersonal,1
feudalization,1
centralizing,1
preliminary,1
finds,1
compels,1
monarchy,1
rest,1
establishments,1
manuel,1
schematic,1
suspicious,1
concomitant,1
subsequently,1
exaggerated,1
barbara,1
modernisation,1
meaningfully,1
integrating,1
inferiors,1
pragmatics,1
communist,1
chains,1
outsider,1
variety,1
bringing,1
steadily,1
gather,1
decentralizing,1
magnum,1
separation,1
lag,1
positions,1
resisted,1
subject,1
ancien,1
galloped,1
trials,1
appreciate,1
eminent,1
albany,1
innocence,1
attempt,1
allen,1
above,1
emulated,1
judgment,1
thinkers,1
intervention,1
suppose,1
interactions,1
followers,1
permissible,1
interrelations,1
triggering,1
collapsed,1
modes,1
simultaneously,1
neat,1
hitherto,1
cultivate,1
thereby,1
innovation,1
adage,1
languishing,1
fighting,1
trenchant,1
undergo,1
confronting,1
courtiersappeared,1
calculate,1
flux,1
depicted,1
outlets,1
simultaneous,1
mannseldom,1
frankish,1
interpretation,1
zs,1
incipient,1
examined,1
misunderstand,1
behave,1
alongside,1
serve,1
manpower,1
soon,1
hegemonic,1
evil,1
sex,1
technology,1
restricted,1
upwards,1
rom,1
combat,1
official,1
us,1
biochemists,1
index,1
westport,1
quarrel,1
puzzle,1
condido,1
chris,1
release,1
conveying,1
raise,1
rightly,1
keeping,1
lord,1
performed,1
tentative,1
naval,1
si,1
narratives,1
insights,1
alien,1
terminée,1
princely,1
diners,1
friend,1
innate,1
baby,1
sector,1
avoided,1
fairly,1
endowmentand,1
declining,1
useful,1
natiocentric,1
chose,1
invariable,1
initial,1
stemmed,1
tribunal,1
unprocessual,1
murdoch,1
name,1
successfully,1
conceal,1
omission,1
tilt,1
dichotomies,1
centerpiece,1
earn,1
humanitarian,1
incautious,1
fell,1
mentions,1
figure,1
shortening,1
huof,1
ended,1
available,1
ecological,1
similarly,1
specialisation,1
put,1
childish,1
towards,1
projects,1
stebbins,1
gentle,1
missing,1
analytical,1
erasmus,1
abolished,1
arguing,1
lack,1
revolutionspecifically,1
recurrent,1
pressure,1
cumulative,1
outsiders,1
bourdieu,1
clarendon,1
environs,1
beliefs,1
match,1
mann,1
frocess,1
choice,1
disliked,1
striving,1
suppressed,1
governed,1
oneself,1
pamphlet,1
diverse,1
incorporation,1
tithes,1
circling,1
archival,1
conceptualized,1
grows,1
granting,1
outlines,1
distrust,1
navy,1
doubt,1
contends,1
prejudiced,1
beheaded,1
identical,1
guilty,1
appropriately,1
mold,1
considerable,1
pennsylvania,1
succeeding,1
senses,1
observes,1
conferred,1
simple,1
subjectthe,1
embattled,1
foreseeable,1
ruler,1
nate,1
anthropologist,1
wesleyan,1
jaeradicated,1
readers,1
apparatuses,1
drove,1
adjacent,1
risked,1
remarkable,1
ironically,1
model,1
manner,1
questions,1
transcending,1
devoted,1
developing,1
purposes,1
subordinating,1
hated,1
michael,1
strategies,1
ontological,1
shortly,1
duties,1
sprawling,1
ahead,1
ul,1
focusing,1
showing,1
paperback,1
quickened,1
progressivism,1
ihis,1
assault,1
intestines,1
socialization,1
compelled,1
controversy,1
ordinary,1
style,1
weakly,1
entitlement,1
encountered,1
day,1
durkheim,1
ofcurtesye,1
charted,1
sir,1
thousands,1
grounds,1
immutability,1
dominions,1
analyzed,1
mean,1
greatest,1
arrived,1
offices,1
begrudging,1
extended,1
displayed,1
courtisation,1
considering,1
birth,1
sociologyone,1
staging,1
organisms,1
opus,1
maritime,1
randall,1
helps,1
limitations,1
sides,1
disintegrate,1
martial,1
deflected,1
conceivable,1
arose,1
industrialized,1
feuds,1
depended,1
manifestations,1
reside,1
recover,1
sensibilities,1
findings,1
wound,1
philosophy,1
controlling,1
dirtying,1
combining,1
affection,1
repugnant,1
persisted,1
operated,1
bankruptcy,1
emphasize,1
factor,1
blocking,1
causes,1
formulating,1
academics,1
aside,1
verso,1
tration,1
comprehensively,1
actual,1
hour,1
injustices,1
supposition,1
examination,1
baffling,1
fulfil,1
prelude,1
full,1
previous,1
partisan,1
option,1
unsuited,1
complicated,1
underwent,1
discuss,1
ties,1
symbiosis,1
à,1
open,1
explorations,1
subtle,1
emphasizing,1
comprehensive,1
officialdom,1
language,1
repelling,1
virtues,1
points,1
ireland,1
urge,1
faces,1
prevents,1
admission,1
reservations,1
issn,1
ciety,1
keep,1
defensive,1
organism,1
characterized,1
collaboration,1
societiesand,1
obstructed,1
captured,1
him,1
creating,1
appointment,1
mount,1
escaped,1
stages,1
imitative,1
administrative,1
jaeger,1
probable,1
keen,1
interacted,1
applicable,1
ε,1
provides,1
intrinsic,1
accused,1
shilling,1
alive,1
institutionalized,1
exchange,1
collectivization,1
facing,1
enlightenment,1
coercive,1
ideational,1
elaborate,1
eyes,1
disgusting,1
relation,1
narrow,1
sight,1
sometyme,1
theda,1
topics,1
radiate,1
sentiments,1
enemies,1
priests,1
hard,1
distant,1
fame,1
probably,1
planétaire,1
analyze,1
story,1
marketization,1
hostage,1
italy,1
looked,1
dividing,1
attracted,1
figures,1
invented,1
wi,1
destruction,1
industrialization,1
payment,1
leyd,1
ago,1
quarter,1
embodied,1
modifications,1
synoptic,1
normal,1
encompassing,1
la,1
unrelated,1
species,1
attended,1
concerted,1
carpet,1
dispute,1
ambassadeur,1
scattered,1
carried,1
contradicting,1
depth,1
consists,1
suggestion,1
negotiations,1
christian,1
innovative,1
hedley,1
devote,1
timehence,1
perry,1
belonged,1
astonished,1
she,1
independent,1
continued,1
crucial,1
chance,1
ambiguities,1
consent,1
indispensable,1
palgrave,1
celebration,1
inside,1
attitude,1
fewer,1
predict,1
becomes,1
ritualized,1
army,1
un,1
outline,1
obstacle,1
coercion,1
inequalities,1
tighter,1
rational,1
effectively,1
millennia,1
visual,1
salaries,1
seuil,1
legitimacy,1
recognize,1
rapidly,1
indicate,1
length,1
becomea,1
owed,1
why,1
officialsneither,1
reconsider,1
introductory,1
satisfaction,1
impersonal,1
encapsulated,1
cease,1
aberystwyth,1
distorts,1
low,1
interconnected,1
commands,1
surprising,1
lineages,1
composed,1
types,1
fields,1
barbarians,1
soiling,1
repressed,1
lingers,1
pleasurable,1
investigate,1
grasping,1
repulsion,1
earliest,1
cambodge,1
affect,1
matters,1
addressed,1
detail,1
sections,1
ofthat,1
environment,1
contemplated,1
contained,1
generationplayed,1
curious,1
mutilating,1
shadow,1
rarely,1
thinking,1
answerable,1
reliant,1
historian,1
singular,1
underpinned,1
whig,1
abrupt,1
mentioned,1
negotiating,1
lightnot,1
fremdzwänge,1
throw,1
forget,1
morum,1
ascendant,1
extending,1
cruelties,1
conceptualize,1
invoked,1
tod,1
continues,1
extension,1
pace,1
inferiority,1
marcel,1
satisfactory,1
treats,1
rival,1
ll,1
quotes,1
trapped,1
supported,1
bathwater,1
facie,1
text,1
obtuse,1
οι,1
school,1
headed,1
replace,1
know,1
dualism,1
outcome,1
defining,1
toy,1
dimension,1
deficiencies,1
intellectual,1
secured,1
commonplace,1
anthropology,1
guaranteed,1
conquer,1
scientist,1
distinctions,1
seriously,1
roman,1
positionthat,1
variable,1
gone,1
capital,1
best,1
unknown,1
leaders,1
unleashing,1
ph,1
bit,1
propaganda,1
presence,1
reminiscent,1
vicious,1
regaining,1
post,1
foundation,1
alternatively,1
thatpartly,1
carnivalesque,1
collins,1
rely,1
mechanismexplained,1
researches,1
supposedly,1
hundred,1
constant,1
marxthrough,1
cities,1
examining,1
placing,1
enlarged,1
u,1
confining,1
vale,1
dislodge,1
risky,1
encroaching,1
animal,1
outlook,1
regulations,1
didn,1
augustine,1
realities,1
unlikely,1
reign,1
impulse,1
circles,1
phenomenonthe,1
adults,1
selected,1
making,1
accounts,1
dislike,1
cause,1
lane,1
underpinnings,1
barracks,1
thirty,1
violent,1
bacterium,1
rebelled,1
armies,1
attune,1
centralisation,1
protective,1
writes,1
autarky,1
tightly,1
prepare,1
foundations,1
hitler,1
gestures,1
mechanistic,1
produce,1
imperial,1
rationality,1
knife,1
agreed,1
terre,1
suggests,1
emphasis,1
misunderstood,1
fraction,1
reprinted,1
whilom,1
bacteria,1
whales,1
universe,1
art,1
millions,1
des,1
radically,1
varieties,1
trees,1
circumstances,1
ruled,1
disparate,1
met,1
exercising,1
affecting,1
introduced,1
outwardly,1
unleashed,1
pas,1
sneered,1
extraordinaire,1
initiate,1
charisma,1
antagonism,1
regulate,1
easy,1
african,1
confront,1
appointing,1
techniques,1
intended,1
lies,1
neart,1
went,1
evolutie,1
confronted,1
measure,1
recedes,1
possessions,1
operate,1
demanding,1
fashioned,1
lesson,1
arguments,1
wales,1
intelligible,1
mitigation,1
ranks,1
colonial,1
phenomenon,1
aims,1
goals,1
varied,1
ambassadors,1
fciúí,1
wholes,1
false,1
wnat,1
whenever,1
shown,1
conducive,1
commercial,1
incalculable,1
equipoiseor,1
difference,1
notes,1
solely,1
lands,1
disposal,1
stumbled,1
dazzling,1
illinois,1
superego,1
internally,1
erode,1
charge,1
mode,1
motives,1
reversed,1
harm,1
crisis,1
dangerous,1
parallels,1
documentation,1
contributed,1
prolonged,1
lively,1
grown,1
include,1
integrated,1
realism,1
shared,1
socially,1
masses,1
disruption,1
functionalist,1
preserve,1
conquered,1
effects,1
defiance,1
swings,1
defined,1
attempted,1
meulenhoff,1
centripetal,1
michel,1
unauthorized,1
sexuality,1
extremely,1
recalling,1
puerilium,1
association,1
stark,1
postscript,1
restrained,1
maintaining,1
affliction,1
vi,1
observation,1
holbach,1
disadvantage,1
evolutionism,1
removed,1
penetrated,1
interlinked,1
detected,1
espoir,1
elites,1
strategic,1
scholarship,1
supply,1
chicago,1
era,1
partial,1
millenniumwas,1
predictable,1
element,1
rein,1
condone,1
traditional,1
sensibility,1
iff,1
immediately,1
glance,1
seek,1
plunder,1
titus,1
observed,1
sweezy,1
hilton,1
building,1
rivulets,1
contradicts,1
outlawed,1
stof,1
kemper,1
üüas,1
evidently,1
perception,1
mouth,1
willis,1
refuting,1
