WORDCOUNTS,WEIGHT
the,908
of,439
and,408
in,262
a,243
to,243
that,115
for,104
new,93
from,92
as,91
bam,90
center,87
brooklyn,85
lincoln,85
s,81
on,76
arts,75
by,71
its,62
it,61
york,61
was,56
with,53
city,49
at,43
more,39
an,39
but,34
streets,33
academy,32
dance,31
this,31
urban,31
one,29
neighborhood,29
world,28
is,28
be,27
building,27
lichtenstein,26
social,26
african,26
american,25
not,25
between,25
programming,25
music,24
opera,24
renewal,24
were,23
community,23
these,23
also,23
which,23
into,22
first,22
war,22
street,22
institution,22
such,21
performances,21
manhattan,21
cultural,20
place,20
development,19
theater,19
history,18
those,18
audience,18
has,18
stages,18
festival,18
art,18
have,18
hall,17
after,17
space,17
had,16
population,16
people,16
up,16
two,16
local,16
began,16
some,15
out,15
featured,15
around,15
only,15
see,15
both,15
even,14
just,14
most,14
or,14
who,14
did,14
journal,13
than,13
plaza,13
architecture,13
culture,13
institutions,13
what,13
nearby,13
although,13
complex,12
ii,12
all,12
other,12
performance,12
part,12
artists,12
would,12
figure,12
while,12
times,11
house,11
public,11
winter,11
cold,11
performing,11
over,11
philharmonic,11
neighborhoods,10
theaters,10
served,10
ways,10
companies,10
well,10
surrounding,10
project,10
we,10
series,10
productions,9
cars,9
modern,9
being,9
featuring,9
across,9
square,9
avenue,9
year,9
change,9
stage,9
perhaps,9
downtown,9
area,9
programs,9
they,8
there,8
robert,8
side,8
east,8
october,8
neighbors,8
ailey,8
back,8
directly,8
buildings,8
about,8
time,8
less,8
puerto,8
been,8
program,8
school,8
them,8
jazz,8
hotel,8
early,8
much,8
clippings,7
if,7
groups,7
file,7
west,7
kind,7
young,7
americans,7
rather,7
their,7
could,7
called,7
island,7
residents,7
he,7
faison,7
housing,7
included,7
projects,7
many,7
efforts,7
so,7
high,7
january,7
moses,7
class,7
when,7
continued,7
better,7
bpl,7
role,7
now,6
tokaji,6
schools,6
long,6
politics,6
greene,6
fort,6
folder,6
grew,6
helped,6
view,6
opening,6
came,6
found,6
example,6
during,6
renovation,6
newly,6
make,6
soon,6
same,6
largest,6
metropolitan,6
another,6
success,6
made,6
including,6
three,6
august,6
like,6
primarily,6
set,6
down,6
u,6
rockefeller,6
youth,6
design,6
d,6
news,6
way,5
becoming,5
library,5
subscription,5
together,5
wave,5
state,5
mass,5
september,5
century,5
ballroom,5
front,5
support,5
organization,5
director,5
too,5
location,5
international,5
however,5
doors,5
next,5
few,5
rican,5
moved,5
second,5
may,5
members,5
organizations,5
addition,5
main,5
alvin,5
audiences,5
where,5
children,5
completed,5
borough,5
aesthetic,5
percent,5
africa,5
she,5
itself,5
association,5
growing,5
grand,5
known,5
country,5
are,5
current,5
cities,5
historical,5
bronx,5
middle,5
martha,5
presented,5
little,5
press,5
became,5
flatbush,5
argument,5
brownstone,5
you,5
off,5
traditional,5
immediately,5
major,5
final,4
go,4
later,4
large,4
offerings,4
choreographer,4
before,4
apartments,4
ballet,4
production,4
best,4
company,4
take,4
harvey,4
dancing,4
america,4
increase,4
collection,4
million,4
throughout,4
relocation,4
parking,4
look,4
patrons,4
recognized,4
played,4
how,4
white,4
university,4
river,4
completion,4
critic,4
changed,4
events,4
census,4
work,4
prompted,4
gave,4
t,4
box,4
event,4
involved,4
value,4
activities,4
san,4
action,4
service,4
play,4
buses,4
revitalization,4
home,4
blocks,4
plan,4
classical,4
contemporary,4
outside,4
subway,4
free,4
years,4
sides,4
ethnic,4
trend,4
described,4
peter,4
dancers,4
housed,4
black,4
can,4
increasing,4
european,4
five,4
hill,4
transformation,4
then,4
changing,4
each,4
different,4
december,4
board,4
half,4
wall,4
particularly,4
quoted,4
february,4
march,4
particular,4
concerts,4
popular,4
spaces,4
conference,4
families,4
varied,4
cambridge,4
national,4
piece,4
photograph,4
offered,4
focus,4
directors,3
jane,3
homeless,3
connect,3
agency,3
hip,3
ideals,3
lower,3
said,3
gap,3
fundraising,3
might,3
dramatically,3
great,3
real,3
graham,3
i,3
feature,3
political,3
rg,3
racial,3
worldwide,3
occasional,3
tie,3
primary,3
opened,3
say,3
diversity,3
review,3
dynamics,3
run,3
village,3
bus,3
old,3
pedestal,3
concert,3
hosting,3
mirrored,3
traditions,3
focused,3
site,3
steps,3
sixteen,3
traffic,3
aimed,3
risk,3
form,3
venue,3
jacobs,3
improvement,3
latin,3
numbers,3
beyond,3
followed,3
hereafter,3
films,3
important,3
hezekiah,3
greater,3
moving,3
my,3
symphony,3
brooks,3
initial,3
late,3
block,3
near,3
because,3
already,3
brought,3
sharon,3
anew,3
data,3
lepercq,3
noted,3
week,3
connections,3
approach,3
sic,3
creating,3
contrast,3
night,3
family,3
small,3
june,3
dramatic,3
provided,3
seats,3
south,3
battle,3
november,3
variety,3
entitled,3
economic,3
overall,3
july,3
still,3
put,3
gentrification,3
evolved,3
seeing,3
us,3
neither,3
appeals,3
lot,3
picture,3
shops,3
challenge,3
power,3
others,3
restaurants,3
demographic,3
lobby,3
shows,3
appeared,3
forces,3
daily,3
never,3
meetings,3
classes,3
elite,3
significant,3
hosted,3
questions,3
full,3
office,3
b,3
held,3
david,3
period,3
behind,3
hop,3
story,3
gifts,3
theatrical,3
separate,3
dancer,3
ellison,3
rac,3
singer,3
today,3
vision,3
claimed,3
seen,3
visual,3
piazza,3
changes,3
education,3
wellington,3
homogeneity,3
broadway,3
symbolic,3
ralph,3
offers,3
drew,3
prominence,3
movie,3
living,3
impact,3
spatial,3
whether,3
terms,3
offering,3
making,3
lane,3
number,3
suggests,3
bob,3
sitting,3
went,3
coming,3
come,3
promoted,3
formation,3
twentieth,3
sat,3
ended,3
contributed,3
physical,3
saturday,3
increased,3
diaspora,3
taylor,3
here,3
broader,3
built,3
close,3
perception,3
juan,2
difficult,2
democracy,2
archives,2
struggle,2
declared,2
indicated,2
meaning,2
corporate,2
commitment,2
heights,2
compensated,2
notably,2
pushed,2
speakers,2
rooftop,2
replaced,2
envisioned,2
artwork,2
live,2
federal,2
h,2
expressway,2
park,2
assumption,2
theatre,2
total,2
connotations,2
societal,2
either,2
marco,2
inc,2
tharp,2
interests,2
beethoven,2
originally,2
attempts,2
restoration,2
estate,2
culturally,2
feeling,2
musical,2
season,2
sunday,2
worked,2
hotels,2
revival,2
monies,2
europe,2
accompanied,2
enduring,2
gentrified,2
rich,2
razing,2
hundred,2
ph,2
composition,2
emphasized,2
gala,2
racialized,2
visibility,2
intersection,2
sq,2
issue,2
empty,2
sought,2
right,2
announced,2
italian,2
determined,2
logical,2
pleasant,2
obvious,2
establishment,2
whites,2
along,2
historic,2
financed,2
exposed,2
karen,2
dislocation,2
terra,2
targeting,2
handel,2
realized,2
group,2
janet,2
relations,2
walter,2
laurie,2
arena,2
attracting,2
elements,2
nor,2
urbanization,2
bay,2
response,2
houses,2
architects,2
olugebelofa,2
letter,2
influence,2
pedestrians,2
critics,2
philadelphia,2
whose,2
german,2
no,2
costs,2
growth,2
encompassed,2
district,2
watch,2
landscape,2
represented,2
granted,2
landscapes,2
importance,2
entrances,2
direct,2
margot,2
shannon,2
lay,2
consequences,2
garage,2
factors,2
bach,2
gathering,2
involvement,2
eighteen,2
unlike,2
wanted,2
postmodern,2
n,2
tying,2
jersey,2
argued,2
fare,2
instance,2
m,2
artistic,2
union,2
begun,2
administrator,2
p,2
amsterdam,2
effort,2
lived,2
underneath,2
rebirth,2
embedded,2
further,2
though,2
seth,2
ed,2
ford,2
hopkins,2
breakdancing,2
torn,2
almost,2
aging,2
claiming,2
future,2
used,2
planning,2
advertisement,2
claim,2
actors,2
nation,2
partly,2
away,2
ricans,2
own,2
trends,2
weeks,2
renovated,2
aided,2
good,2
occasion,2
painting,2
successful,2
hard,2
working,2
hired,2
demolishing,2
quite,2
unsafe,2
renovators,2
bridge,2
industry,2
presence,2
decline,2
narrative,2
differing,2
telling,2
annual,2
beauty,2
will,2
blight,2
lays,2
discriminatory,2
various,2
bringing,2
taxis,2
artworks,2
plans,2
classic,2
offices,2
museum,2
april,2
allen,2
movement,2
atop,2
artist,2
cleopatra,2
omr,2
frank,2
communities,2
competition,2
joshua,2
cotta,2
lloyd,2
thought,2
epithet,2
columbus,2
participants,2
deutsche,2
railroad,2
planned,2
experimental,2
performers,2
provocative,2
department,2
phoenix,2
brochure,2
avoided,2
fire,2
paul,2
toward,2
zukin,2
barber,2
lack,2
venice,2
call,2
larger,2
diverse,2
proceeds,2
grows,2
pattern,2
terry,2
granada,2
forms,2
took,2
do,2
present,2
continuing,2
income,2
michael,2
interview,2
confrontation,2
material,2
style,2
going,2
remained,2
antony,2
demonstrated,2
private,2
understanding,2
atlantic,2
examples,2
genres,2
active,2
decent,2
formal,2
arose,2
tickets,2
looking,2
dollar,2
lecture,2
food,2
largely,2
station,2
bazaar,2
cornice,2
lanes,2
merit,2
samuel,2
initiatives,2
seamy,2
ties,2
amiri,2
similar,2
clear,2
remaining,2
comprehensive,2
cunningham,2
aaron,2
fountain,2
anachronistic,2
general,2
architectural,2
allowed,2
caribbean,2
ny,2
crowning,2
orchestra,2
provides,2
martin,2
thomas,2
instead,2
promotion,2
educational,2
especially,2
chapel,2
become,2
businesses,2
anderson,2
structure,2
looked,2
figures,2
feel,2
attention,2
la,2
concluded,2
brown,2
visit,2
dominates,2
stars,2
independent,2
assert,2
crucial,2
minorities,2
inside,2
modernism,2
directions,2
transformed,2
detailed,2
force,2
wilson,2
executive,2
countries,2
construction,2
analysis,2
midst,2
fall,2
spark,2
instances,2
face,2
gathered,2
photographs,2
dissertation,2
demographics,2
copland,2
ever,2
economically,2
continues,2
membership,2
compensation,2
pedestrian,2
lying,2
key,2
leaders,2
wagner,2
eventually,2
foundation,2
losses,2
sidewalk,2
guardia,2
very,2
plazas,2
benefit,2
chairman,2
utilized,2
works,2
beginning,2
william,2
ethnically,2
chicago,2
ones,2
problem,2
lafayette,2
information,2
agreed,2
andras,2
impresarios,2
bodies,2
boston,2
bought,2
intention,2
undated,2
rosalyn,2
through,2
marketing,2
content,2
commissioned,2
conventional,2
goals,2
grandeur,2
terminal,2
dominant,2
until,2
recent,2
institutional,2
grant,2
baraka,2
need,2
managing,2
defined,2
attempted,2
oversaw,2
shift,2
campaign,2
brook,2
specific,2
troupes,2
broadening,2
showcase,2
sits,2
debate,2
element,2
given,2
participant,2
re,2
famous,2
attendance,2
groundbreaking,2
race,2
scandinavian,1
appeasement,1
razed,1
bernard,1
does,1
undertakings,1
donations,1
inward,1
transportation,1
mostly,1
rate,1
surround,1
rauschenberg,1
edge,1
prostitution,1
common,1
curtailed,1
protests,1
multiple,1
rev,1
populous,1
pull,1
stood,1
scholar,1
bicentennial,1
created,1
facade,1
migrated,1
everyone,1
widening,1
tuscaloosa,1
environmental,1
college,1
thrown,1
red,1
reckoning,1
intersect,1
lopate,1
distributed,1
defenses,1
connecticut,1
crossing,1
per,1
sympathetic,1
church,1
stripped,1
told,1
needed,1
judged,1
achievements,1
henson,1
serating,1
kinds,1
fate,1
enhance,1
essays,1
designed,1
spears,1
competitions,1
likely,1
miriam,1
tenement,1
centrifugal,1
sudden,1
tense,1
contend,1
additionally,1
easily,1
piano,1
unraveling,1
mit,1
erick,1
blows,1
spirit,1
decade,1
teased,1
reasonably,1
trilogy,1
endured,1
chunky,1
graffiti,1
eero,1
fixed,1
saarinen,1
description,1
presents,1
travertine,1
title,1
occurred,1
inequality,1
vestiges,1
nineteenth,1
something,1
descriptions,1
contest,1
shopping,1
pioneers,1
rome,1
fearful,1
turning,1
frances,1
arms,1
experience,1
predominantly,1
urgency,1
member,1
passion,1
renting,1
beneficial,1
includes,1
familiarity,1
expertise,1
invention,1
every,1
bogart,1
polychromatic,1
drugs,1
jackson,1
progressed,1
letters,1
human,1
embassies,1
give,1
taken,1
postage,1
composer,1
address,1
rapid,1
dixon,1
sub,1
beautiful,1
emerged,1
leontyne,1
arty,1
donor,1
michelangelo,1
instrumentalists,1
strip,1
unsolvable,1
affirmed,1
possibilities,1
lorraine,1
shaped,1
displacement,1
copy,1
scientists,1
tradition,1
divorce,1
explores,1
assess,1
suggesting,1
warm,1
poverty,1
reasons,1
indeed,1
nikolais,1
producing,1
carts,1
follows,1
government,1
roused,1
archive,1
link,1
reveal,1
leased,1
deployed,1
escalate,1
suleiman,1
room,1
friedberg,1
festivities,1
carnegie,1
glazed,1
debt,1
inland,1
achieved,1
folks,1
roosevelt,1
persistence,1
last,1
julie,1
mind,1
limited,1
shepherd,1
narratives,1
raised,1
principal,1
geoffrey,1
waving,1
debut,1
opposite,1
decreased,1
outdoor,1
turkey,1
domestic,1
bebop,1
segregated,1
corporation,1
replete,1
context,1
apprentice,1
underlites,1
hilary,1
sound,1
levenson,1
forum,1
hell,1
forthcoming,1
modernist,1
courtesy,1
supplant,1
historians,1
albeit,1
pulled,1
task,1
nearly,1
motion,1
notoriety,1
spontaneity,1
amelia,1
firm,1
hallelujah,1
draw,1
vendor,1
carriages,1
struggling,1
updates,1
campidoglio,1
egyptians,1
uneven,1
porter,1
baum,1
felt,1
possible,1
concentrating,1
travelogues,1
ball,1
picnic,1
characterize,1
stave,1
reaching,1
judith,1
beverly,1
seventy,1
rampant,1
renowned,1
reduce,1
julian,1
splendid,1
magazine,1
florist,1
rid,1
tallant,1
hair,1
whatever,1
invited,1
combination,1
point,1
accolades,1
classics,1
grandiose,1
conception,1
radical,1
dynamic,1
chart,1
surged,1
against,1
explorer,1
striptease,1
forged,1
plenty,1
prevented,1
directed,1
beckoning,1
internationally,1
leafs,1
sign,1
sheltered,1
zipp,1
jose,1
harold,1
mainstream,1
funded,1
mid,1
eschewing,1
exist,1
labor,1
avenues,1
segregation,1
unifies,1
oldenburg,1
regarding,1
build,1
central,1
prostitutes,1
goal,1
culminated,1
punctured,1
evictions,1
fun,1
trolley,1
sacred,1
famously,1
reverse,1
karate,1
explained,1
immediate,1
expressionism,1
neighbor,1
accommodation,1
surrounded,1
due,1
demanded,1
reset,1
de,1
domain,1
zane,1
moment,1
brother,1
club,1
highlighting,1
price,1
heightened,1
participating,1
application,1
conducted,1
insisted,1
admission,1
noting,1
media,1
supremacy,1
barrier,1
neat,1
farewell,1
unwilling,1
forced,1
screening,1
turn,1
janz,1
nelson,1
defense,1
distinct,1
illuminates,1
approved,1
perspective,1
depend,1
taxpayers,1
architect,1
body,1
slave,1
merce,1
afternoon,1
witnessed,1
publications,1
overwhelmed,1
leperq,1
formulate,1
ira,1
gospel,1
tenants,1
crumbling,1
stimulating,1
gaze,1
skins,1
festivals,1
details,1
implanted,1
demonstration,1
gentrifkation,1
sun,1
encyclopedia,1
businessman,1
founder,1
talent,1
nuanced,1
sisters,1
master,1
implementation,1
parks,1
revitalize,1
harbinger,1
ridge,1
dignitaries,1
poor,1
skyscrapers,1
soyer,1
coherency,1
criticism,1
midtown,1
heading,1
russian,1
identification,1
expected,1
betterment,1
ox,1
traverse,1
his,1
centerpiece,1
links,1
purely,1
l,1
absent,1
arising,1
angeles,1
mcgowan,1
spill,1
remain,1
nonsense,1
reinhold,1
danceafrica,1
satchmo,1
organizing,1
postindustrialization,1
influential,1
explicit,1
presentation,1
hughes,1
notion,1
process,1
highway,1
lasting,1
highlighted,1
folders,1
funds,1
suffer,1
inserts,1
tammany,1
determining,1
lasted,1
stops,1
eight,1
sponsor,1
developers,1
talk,1
certain,1
generally,1
fueling,1
derived,1
parts,1
ongoing,1
susan,1
cleveland,1
prepared,1
powerhouse,1
retail,1
savoy,1
von,1
dismiss,1
outreach,1
supposed,1
proclaimed,1
brendan,1
unconventional,1
sidewalks,1
monuments,1
determination,1
tower,1
settled,1
hawkins,1
sills,1
rumors,1
mission,1
affect,1
immigrant,1
ferrying,1
exhibitions,1
baltimore,1
signed,1
imposing,1
spreading,1
organized,1
peasants,1
yellow,1
kammen,1
residency,1
wealth,1
bunch,1
section,1
days,1
accrued,1
welfare,1
articulated,1
longgood,1
characterizations,1
vitality,1
leases,1
solid,1
advancing,1
umbrella,1
orientation,1
four,1
ossified,1
multicultural,1
show,1
bausch,1
harlem,1
commented,1
prima,1
powerful,1
connecting,1
overseer,1
indications,1
isolation,1
notions,1
peninsula,1
obstacles,1
dramatized,1
stark,1
requires,1
christmas,1
mortis,1
vocative,1
shifted,1
coon,1
hit,1
photos,1
senegal,1
detroit,1
caute,1
strategy,1
suggested,1
providing,1
decades,1
gottschild,1
protestant,1
drawing,1
strengthen,1
cut,1
appear,1
hot,1
hours,1
guggenheimer,1
flea,1
standards,1
result,1
advance,1
remembered,1
choir,1
suburbs,1
kennedy,1
limon,1
thousands,1
path,1
concentration,1
agenda,1
declined,1
societies,1
blake,1
carrying,1
rule,1
conservative,1
projection,1
typical,1
access,1
carol,1
cuny,1
relation,1
ocean,1
rudolf,1
infrastructure,1
relate,1
centrally,1
arched,1
twenty,1
perpetuating,1
luxury,1
mimicked,1
shoes,1
base,1
twinning,1
manning,1
markets,1
drab,1
big,1
fans,1
traversed,1
banker,1
enlivenment,1
coordinated,1
neighboring,1
caruso,1
supporters,1
chinese,1
durham,1
let,1
promoters,1
photography,1
districts,1
leonard,1
fisher,1
gill,1
afforded,1
malina,1
secure,1
residential,1
recently,1
wallach,1
mikki,1
hailed,1
meet,1
promise,1
teach,1
breakdancers,1
younger,1
scale,1
appearing,1
grounds,1
lenox,1
representatives,1
parisi,1
vehicles,1
facilities,1
designations,1
find,1
necessities,1
opposition,1
revived,1
alwin,1
puccini,1
cart,1
expressions,1
fishman,1
distressed,1
amongst,1
garages,1
sites,1
having,1
participation,1
invisible,1
julia,1
closed,1
revealed,1
mapped,1
annabel,1
supergraphics,1
drawn,1
dog,1
scope,1
rocks,1
steep,1
avery,1
looks,1
los,1
parkways,1
framed,1
clean,1
r,1
goldstein,1
breeding,1
watts,1
knowledge,1
reduction,1
marketplace,1
experiencing,1
paur,1
crossings,1
ten,1
aspirations,1
composers,1
precipitated,1
felix,1
expansive,1
issues,1
broad,1
queens,1
destination,1
beginnings,1
earhart,1
rows,1
pan,1
indoor,1
thereafter,1
lanham,1
dwindling,1
improvisation,1
translated,1
contentious,1
reflect,1
illustrious,1
corollary,1
haven,1
employed,1
judd,1
intersections,1
implement,1
rector,1
ratner,1
missions,1
president,1
fabulous,1
ingenuities,1
lefferts,1
radically,1
keystone,1
contradictions,1
toscanini,1
towards,1
severing,1
premiere,1
thrived,1
soup,1
uniqueness,1
prices,1
pick,1
broadcast,1
homeowners,1
www,1
construct,1
lughod,1
sense,1
level,1
below,1
constituent,1
aroused,1
livelihoods,1
revolution,1
things,1
involve,1
protest,1
del,1
ensue,1
ossification,1
chehaw,1
television,1
exhorted,1
homogenous,1
consolidation,1
fallow,1
hole,1
davis,1
emerging,1
astor,1
nightmare,1
overshadowed,1
teams,1
specified,1
boxes,1
mitchell,1
specificity,1
oct,1
endpoint,1
defects,1
devotees,1
shapes,1
workshops,1
wider,1
ship,1
alleviate,1
depression,1
receptions,1
cool,1
county,1
breaking,1
dodo,1
research,1
choosing,1
essentially,1
attached,1
petition,1
latest,1
philip,1
division,1
stamas,1
classrooms,1
incurred,1
fully,1
visible,1
tip,1
bulletin,1
scott,1
progress,1
st,1
method,1
majority,1
swingle,1
gloria,1
hayden,1
describes,1
paid,1
brenda,1
crime,1
grandiosity,1
amerikastudien,1
actress,1
claes,1
rehearsal,1
society,1
duchamp,1
nations,1
appeal,1
survived,1
barbara,1
flourished,1
retreated,1
film,1
highlights,1
transform,1
situation,1
business,1
communist,1
teetering,1
practices,1
summertime,1
inaugurated,1
smarts,1
sanctity,1
irish,1
identified,1
kenneth,1
separation,1
short,1
constituents,1
appearances,1
alliance,1
exclusivity,1
dickson,1
secondly,1
successes,1
dressed,1
eminent,1
harris,1
merits,1
framing,1
canarsie,1
allay,1
exclusiveness,1
recitals,1
expanded,1
symmetry,1
sponsored,1
initially,1
bleak,1
suppose,1
innovation,1
direction,1
latinos,1
engineering,1
percentage,1
once,1
flux,1
selling,1
wharton,1
violence,1
externally,1
push,1
vs,1
opportunities,1
stretch,1
represents,1
makes,1
elitist,1
added,1
alongside,1
tablet,1
serve,1
intermissions,1
counterpointing,1
wodiczko,1
artery,1
trinidad,1
wearing,1
demolition,1
under,1
performer,1
inspiration,1
exposes,1
manor,1
oven,1
recruited,1
smith,1
beams,1
merchant,1
palmer,1
profane,1
damn,1
informal,1
divide,1
developer,1
shock,1
ambassadors,1
corp,1
dropped,1
lacked,1
warmth,1
transfigures,1
colored,1
literally,1
wright,1
sales,1
mck,1
determine,1
acknowledging,1
einstein,1
highways,1
visitors,1
reports,1
violations,1
disagreed,1
mahler,1
speaking,1
molleson,1
rise,1
stalin,1
sketch,1
divas,1
fill,1
fix,1
chose,1
administrators,1
sam,1
leader,1
tilden,1
marquee,1
gymnasium,1
comfortable,1
festivity,1
book,1
attacks,1
clive,1
patient,1
palm,1
bring,1
again,1
statistics,1
extravaganza,1
pointed,1
conceived,1
responsibilities,1
backed,1
chuck,1
chauffeured,1
rock,1
experienced,1
designing,1
headquarters,1
cambodia,1
enlivened,1
leading,1
idea,1
ballets,1
enrico,1
consideration,1
scholars,1
don,1
areas,1
lives,1
moribund,1
wesley,1
fleeing,1
foods,1
creative,1
proposal,1
krzysztof,1
smart,1
lindsay,1
abstract,1
blaine,1
gehry,1
musicians,1
choice,1
roaming,1
reichenthal,1
sung,1
lincolncenter,1
linchpin,1
banks,1
john,1
everything,1
arthur,1
substantially,1
fashion,1
man,1
cinderella,1
zero,1
convert,1
roof,1
serious,1
removal,1
rhetoric,1
sierra,1
mugged,1
patterns,1
hand,1
adjacent,1
v,1
geography,1
topped,1
covered,1
model,1
daringly,1
developing,1
sokolow,1
aiming,1
establish,1
bing,1
celebrated,1
renaissance,1
lion,1
forth,1
stirred,1
mausoleum,1
spoke,1
conviction,1
maturity,1
focusing,1
minneapolis,1
invitation,1
dramatize,1
books,1
controversy,1
symphonies,1
distance,1
gives,1
arcade,1
shifts,1
arsenal,1
compete,1
website,1
stoner,1
day,1
wheelock,1
saunders,1
ibid,1
reginald,1
doubled,1
ballon,1
imagine,1
original,1
status,1
analyzed,1
clothing,1
balance,1
arch,1
extended,1
vast,1
divided,1
gymnastic,1
father,1
intimate,1
mighty,1
birth,1
easier,1
prevention,1
upon,1
scheme,1
marja,1
braislin,1
primus,1
marginality,1
enormous,1
manufactured,1
tank,1
irrelevancy,1
goes,1
reside,1
opportunity,1
expand,1
concern,1
lawsuits,1
persists,1
facades,1
entirely,1
expression,1
use,1
titled,1
justino,1
band,1
dances,1
ideas,1
harvard,1
eccentric,1
services,1
franklin,1
prints,1
check,1
raising,1
previous,1
motown,1
solidifying,1
stopping,1
stayed,1
complicated,1
bedroom,1
insurmountable,1
chelsea,1
open,1
crises,1
meanings,1
dryer,1
accessed,1
revivification,1
modem,1
emphasizing,1
adding,1
hinged,1
alicia,1
urbanism,1
costumes,1
signers,1
catapulted,1
brass,1
essay,1
lady,1
workers,1
individual,1
controversies,1
homes,1
democratizing,1
started,1
characterized,1
threw,1
collaboration,1
virshup,1
spread,1
summer,1
avant,1
him,1
attribution,1
wealthiest,1
features,1
winner,1
markova,1
collected,1
serves,1
static,1
sykes,1
laugh,1
ballerina,1
trek,1
kept,1
proximity,1
fred,1
least,1
men,1
spent,1
lighting,1
ademola,1
pearl,1
article,1
study,1
hungarian,1
bordered,1
lift,1
narrow,1
embarrassment,1
michele,1
charles,1
mainly,1
effect,1
cooper,1
accrue,1
attendant,1
hoboken,1
teem,1
electric,1
seeking,1
costume,1
favorites,1
painter,1
bestowed,1
forefront,1
versus,1
dunham,1
destruction,1
engagement,1
attend,1
conveyed,1
professional,1
calypso,1
brownstoners,1
propose,1
delimited,1
mellins,1
prescient,1
copying,1
concerted,1
suzanne,1
fails,1
ranging,1
rico,1
oxford,1
asking,1
indication,1
fifty,1
flock,1
arriving,1
relying,1
relationship,1
dolores,1
pro,1
hurdle,1
me,1
krenn,1
window,1
tutu,1
bars,1
george,1
mixture,1
tenant,1
popularity,1
abounded,1
erase,1
perl,1
edgar,1
plays,1
impressive,1
bound,1
promotional,1
fear,1
reasonable,1
vague,1
exacerbated,1
lines,1
populist,1
repairing,1
lost,1
venues,1
obstacle,1
katherine,1
renown,1
subscribers,1
indicate,1
dinanda,1
dynamism,1
sixty,1
tearing,1
marlyn,1
inspired,1
often,1
kicking,1
unusual,1
expectations,1
travelled,1
adventure,1
united,1
achieve,1
chamber,1
entertainment,1
centuries,1
madison,1
get,1
starred,1
articles,1
raze,1
mirror,1
case,1
impacted,1
resemble,1
brooklynites,1
joseph,1
langston,1
forest,1
rises,1
cam,1
considered,1
promises,1
matters,1
stephen,1
eschen,1
fistfight,1
sections,1
environment,1
magnitude,1
monument,1
any,1
twyla,1
constant,1
postmodernism,1
littleton,1
dispersed,1
lessons,1
underpinned,1
morocco,1
trisha,1
several,1
incorporated,1
principles,1
finest,1
rigor,1
spanish,1
respective,1
athens,1
crepes,1
constituted,1
committees,1
reinforced,1
democracies,1
theme,1
marcel,1
woody,1
exposition,1
thousand,1
seating,1
favors,1
ridiculed,1
constructed,1
palace,1
md,1
text,1
funding,1
symbol,1
organizational,1
skyscraper,1
casey,1
forty,1
quickly,1
physically,1
crowds,1
cia,1
ran,1
mutually,1
bottle,1
stem,1
image,1
gaps,1
commonplace,1
guaranteed,1
interrupted,1
cultures,1
rented,1
spontaneous,1
worth,1
india,1
global,1
commission,1
operas,1
believe,1
capital,1
funnel,1
choreography,1
incorporating,1
appendix,1
boom,1
bifurcated,1
brick,1
elinor,1
scenario,1
visiting,1
report,1
post,1
stagehand,1
vibrant,1
osman,1
relocate,1
goods,1
workingmen,1
raphael,1
gas,1
urinal,1
bachelors,1
producers,1
maltby,1
outrage,1
places,1
person,1
turned,1
charged,1
following,1
studies,1
anointed,1
vehement,1
flight,1
antic,1
boarded,1
enjoyment,1
commis,1
heads,1
exposing,1
evocation,1
staten,1
investigation,1
troupe,1
shelters,1
unique,1
reconcile,1
rising,1
cahn,1
want,1
comes,1
thirty,1
diaz,1
jed,1
signature,1
remove,1
firmly,1
dedicated,1
leaving,1
dream,1
enna,1
appropriated,1
telegram,1
listen,1
getting,1
foundations,1
perch,1
institute,1
floats,1
concessionary,1
resurrected,1
amy,1
nostalgic,1
installations,1
barely,1
watchman,1
servicing,1
property,1
resident,1
anna,1
lagged,1
ideal,1
tongues,1
reprinted,1
discussion,1
freedom,1
millions,1
peoples,1
finished,1
stern,1
leopard,1
occasionally,1
org,1
fern,1
entrance,1
code,1
altered,1
ruled,1
screens,1
beck,1
glosses,1
sea,1
beach,1
marble,1
musician,1
beer,1
divergent,1
beloved,1
stairs,1
mayor,1
waning,1
buy,1
bourgeois,1
intended,1
territory,1
com,1
measure,1
matches,1
garde,1
penny,1
democratic,1
rutkoff,1
frying,1
lesson,1
sinking,1
pina,1
dropping,1
officially,1
phenomenon,1
gloss,1
racially,1
constituency,1
vocal,1
voyage,1
think,1
complaints,1
our,1
amenities,1
antique,1
named,1
campus,1
pimps,1
strung,1
question,1
devoted,1
breaks,1
commercial,1
nooney,1
score,1
negro,1
argues,1
similarity,1
decrease,1
clamor,1
opens,1
leone,1
washington,1
finally,1
newsletter,1
crisis,1
typescript,1
fordham,1
register,1
corrective,1
offer,1
grown,1
dense,1
abu,1
files,1
barnes,1
states,1
writer,1
glass,1
socialexplorer,1
integration,1
crossed,1
sports,1
effects,1
playing,1
cheering,1
herts,1
grapple,1
objections,1
presenting,1
penthouse,1
walking,1
remains,1
viewers,1
ranged,1
roughly,1
desert,1
roles,1
summary,1
traveling,1
ruth,1
needs,1
pointe,1
supported,1
recession,1
foulkes,1
spacious,1
workings,1
removed,1
taking,1
surfaced,1
juilliard,1
nativity,1
quiche,1
attending,1
kramer,1
fellows,1
themselves,1
bookended,1
endnotes,1
c,1
elites,1
scholarship,1
greenwich,1
era,1
experiential,1
dogged,1
create,1
fears,1
views,1
import,1
mix,1
entire,1
persuaded,1
charging,1
lingered,1
informality,1
appealing,1
images,1
yearsl,1
ends,1
digest,1
arturo,1
gangs,1
observed,1
cross,1
corporatism,1
hilton,1
should,1
meeting,1
doing,1
conversations,1
showed,1
sion,1
super,1
occur,1
thorough,1
liveliness,1
jackie,1
elegance,1
