WORDCOUNTS,WEIGHT
the,1073
of,472
to,438
and,375
in,313
a,272
that,206
i,123
as,114
it,108
not,106
for,104
is,103
was,101
memorial,96
this,90
on,89
with,85
had,73
s,70
one,68
an,68
holocaust,67
at,65
german,65
but,65
or,63
about,61
we,61
what,61
they,58
also,56
by,56
from,56
their,55
he,51
are,51
were,50
be,50
contemporary,49
memory,48
who,46
have,44
which,42
its,41
jews,40
germany,38
see,38
them,38
between,38
europe,36
new,36
other,35
when,35
more,35
would,35
youth,34
if,33
me,32
berlin,31
people,31
can,31
even,30
been,30
monument,29
history,28
young,28
how,28
jewish,28
his,27
has,26
only,26
guilt,26
said,25
after,25
part,25
auschwitz,24
memorialization,24
students,24
does,23
center,23
guide,23
do,23
like,23
my,22
did,22
foundation,22
you,22
liaison,22
now,21
eisenman,21
t,21
out,21
film,21
these,21
discussion,21
her,21
while,21
there,20
past,20
then,20
over,20
asked,20
group,19
nazi,19
most,19
murdered,19
national,19
into,18
all,18
could,18
racism,18
no,18
spiegel,18
place,18
j,18
us,18
partridge,18
school,18
our,17
some,17
damani,17
own,17
same,17
mahnmal,17
european,17
she,17
think,17
being,16
genocide,16
university,16
social,16
told,15
trip,15
feel,15
just,15
because,15
where,15
go,14
way,14
first,14
those,14
perpetration,14
process,14
family,14
up,14
project,14
made,14
historical,14
turkish,14
back,13
monumental,13
local,13
make,13
germans,13
woman,13
questions,13
press,13
should,13
before,12
experience,12
politics,12
without,12
worker,12
next,12
museum,12
children,12
day,12
visit,12
itself,12
touch,12
camps,12
than,11
directly,11
will,11
teachers,11
logic,11
palestinian,11
want,11
don,11
city,11
american,10
future,10
sense,10
two,10
time,10
so,10
why,10
figure,10
program,10
reichstag,10
problem,10
both,10
come,10
much,10
building,10
within,9
such,9
site,9
camp,9
too,9
atonement,9
though,9
youths,9
possibility,9
nation,9
racialized,9
many,9
another,9
him,9
conversation,9
life,9
asylum,9
shoah,9
information,9
through,9
something,8
taken,8
take,8
reading,8
point,8
say,8
against,8
de,8
arab,8
may,8
beyond,8
call,8
world,8
community,8
experiences,8
thought,8
others,8
end,8
present,8
rosh,8
accessed,8
men,8
connections,8
any,8
simply,8
here,8
wall,8
audience,8
geschichte,8
victims,8
terms,8
extent,8
getting,8
went,8
moved,8
later,7
georgi,7
official,7
words,7
subjects,7
http,7
online,7
mean,7
active,7
white,7
space,7
events,7
teacher,7
cannot,7
gave,7
theater,7
und,7
society,7
read,7
spoke,7
going,7
become,7
viola,7
relationship,7
class,7
different,7
particularly,7
jew,7
edkins,7
among,7
meeting,7
organizer,6
studies,6
hair,6
www,6
address,6
seems,6
tour,6
genocidal,6
thank,6
follows,6
state,6
political,6
possible,6
central,6
relationships,6
nazis,6
response,6
left,6
york,6
ways,6
wanted,6
concentration,6
histories,6
recently,6
sites,6
planning,6
zeitung,6
claim,6
got,6
event,6
always,6
crossover,6
critical,6
mainstream,6
paul,6
pointed,6
put,6
fact,6
racisms,6
monumentality,6
frankfurter,6
man,6
never,6
less,6
tell,6
number,6
mothers,6
use,6
previous,6
clear,6
order,6
get,6
extermination,6
struck,6
der,6
know,6
each,6
connection,6
living,6
implicit,6
whether,6
memories,6
movie,6
allgemeine,6
speak,6
themselves,6
seemed,6
polish,5
memorials,5
till,5
large,5
murder,5
former,5
military,5
might,5
refusal,5
producing,5
citizenship,5
mass,5
right,5
account,5
behavior,5
proceeded,5
turn,5
person,5
failed,5
rather,5
main,5
stop,5
leave,5
dialogue,5
lea,5
immigrant,5
monumentalization,5
m,5
walk,5
train,5
further,5
furthermore,5
cultural,5
refuge,5
well,5
work,5
during,5
laughing,5
evening,5
least,5
qantara,5
responsibility,5
clothes,5
few,5
am,5
rainer,5
absence,5
play,5
july,5
ask,5
interpretation,5
violence,5
makes,5
visitors,5
members,5
multidirectional,5
again,5
guilty,5
took,5
everyday,5
eds,5
break,5
including,5
essay,5
scarves,5
black,5
saw,5
today,5
note,5
often,5
meant,5
topkara,5
ohlinger,5
speech,5
born,5
according,5
form,5
list,5
die,5
kids,5
question,5
instead,5
states,5
agamben,5
anonymous,5
recent,5
observed,5
horror,4
democracy,4
names,4
happen,4
alone,4
human,4
racial,4
context,4
case,4
issue,4
welle,4
since,4
decided,4
forced,4
guided,4
remembering,4
pred,4
pedestal,4
died,4
student,4
rights,4
behave,4
via,4
hamburg,4
l,4
absent,4
parents,4
b,4
ongoing,4
support,4
edition,4
rothberg,4
house,4
argued,4
followed,4
concert,4
deal,4
war,4
michigan,4
survivor,4
however,4
failure,4
used,4
islamophobia,4
calls,4
discussions,4
personal,4
participate,4
remember,4
field,4
things,4
claims,4
still,4
standing,4
already,4
picture,4
schindler,4
name,4
talked,4
added,4
deutsche,4
walked,4
exclusion,4
racist,4
hand,4
confrontation,4
distance,4
stanford,4
argues,4
original,4
israel,4
brandenburg,4
room,4
continue,4
ibid,4
sees,4
stelae,4
gate,4
high,4
wasn,4
relation,4
anderson,4
equivalent,4
juden,4
adelson,4
foreign,4
primarily,4
becomes,4
dimensions,4
returned,4
united,4
commemoration,4
problematic,4
following,4
jewishness,4
anthropology,4
leaders,4
very,4
concrete,4
beginning,4
making,4
particular,4
suggests,4
latino,4
recognition,4
given,4
ultimately,4
years,4
trauma,4
although,4
need,4
evidence,4
bunzl,4
piece,4
off,4
morning,4
comparison,4
early,4
little,4
immediately,4
major,4
difficult,3
done,3
meaning,3
stood,3
e,3
bundestag,3
benedict,3
needed,3
complex,3
touched,3
reden,3
identify,3
live,3
schools,3
english,3
policy,3
dekel,3
du,3
women,3
either,3
screening,3
feeling,3
worked,3
ourselves,3
laughter,3
reach,3
together,3
accompanied,3
display,3
potentially,3
emotion,3
government,3
entering,3
chancellor,3
last,3
normal,3
return,3
germanness,3
side,3
ufuk,3
einwanderungsgesellschaft,3
translations,3
saying,3
exception,3
design,3
condition,3
fine,3
along,3
himself,3
sign,3
conflict,3
erection,3
immediate,3
author,3
moment,3
perspective,3
architect,3
differently,3
racialist,3
generation,3
opposed,3
whose,3
statements,3
soviet,3
absolution,3
presentation,3
neighborhood,3
direct,3
spectators,3
perpetrators,3
guides,3
old,3
eventually,3
days,3
numbers,3
frequently,3
age,3
show,3
democratic,3
readings,3
requires,3
victimization,3
talking,3
opening,3
expressed,3
arrived,3
called,3
recite,3
lived,3
relate,3
partially,3
let,3
public,3
briefly,3
remains,3
having,3
pierre,3
basis,3
sculpture,3
brought,3
london,3
example,3
difference,3
loss,3
long,3
actually,3
participated,3
speaking,3
et,3
away,3
status,3
weeks,3
buildings,3
phrase,3
emerging,3
small,3
several,3
specificity,3
research,3
impossible,3
stiftung,3
israeli,3
wrote,3
comparative,3
anniversary,3
turks,3
wiedmer,3
confronted,3
once,3
yet,3
security,3
represents,3
under,3
cried,3
html,3
belonging,3
deported,3
happening,3
street,3
party,3
death,3
analytical,3
olick,3
proposal,3
magdeburg,3
daily,3
really,3
identity,3
hear,3
latina,3
behind,3
michael,3
perhaps,3
routledge,3
gives,3
responded,3
incident,3
exhibit,3
denkmal,3
expression,3
refers,3
worse,3
processes,3
actual,3
nothing,3
jüdischen,3
three,3
legitimacy,3
language,3
nora,3
peter,3
earlier,3
article,3
institution,3
pupils,3
decision,3
implicitly,3
else,3
continued,3
science,3
citizens,3
means,3
seen,3
translation,3
recognize,3
countries,3
months,3
interview,3
must,3
ever,3
forgetting,3
monuments,3
refused,3
sure,3
embassy,3
novel,3
global,3
argue,3
clearly,3
build,3
pictures,3
works,3
better,3
didn,3
bbc,3
answered,3
nationalist,3
accounts,3
nearby,3
palestine,3
someone,3
dasdenkmal,3
jugendlicher,3
matti,3
emphasis,3
bewusstsein,3
historisches,3
preserved,3
entrance,3
screens,3
role,3
memorializing,3
african,3
contribute,3
nov,3
finally,3
course,3
include,3
crimes,3
phone,3
walking,3
wondered,3
potential,3
news,3
spectator,3
assumed,3
drunk,3
chicago,3
era,3
debate,3
create,3
re,3
images,3
ends,3
built,3
pillars,3
showed,3
race,3
produces,2
common,2
symbolized,2
quickly,2
groups,2
created,2
giorgio,2
everyone,2
affected,2
ryback,2
laughed,2
connect,2
reflection,2
kinds,2
barracks,2
remind,2
true,2
motivation,2
federal,2
mit,2
modern,2
child,2
graffiti,2
western,2
afghanistan,2
necessarily,2
presents,2
unlike,2
arguing,2
source,2
princeton,2
agitated,2
lure,2
highlighted,2
anything,2
kohl,2
gap,2
verso,2
amidst,2
ethnologist,2
finger,2
ii,2
implications,2
alienation,2
supplied,2
prejudices,2
peck,2
secondary,2
refugee,2
tours,2
fully,2
identificatory,2
onto,2
subdued,2
scheduled,2
nationalism,2
analyst,2
help,2
zu,2
stand,2
complicated,2
stopped,2
akin,2
takes,2
eastern,2
tie,2
dying,2
king,2
formulation,2
america,2
draw,2
discuss,2
muslime,2
wonders,2
felt,2
bodemann,2
international,2
foreigners,2
move,2
richard,2
conductor,2
ultimate,2
loudly,2
enter,2
engage,2
tied,2
prejudice,2
karen,2
learned,2
victim,2
closes,2
singularity,2
throughout,2
due,2
realized,2
hierarchy,2
stadtteilmütter,2
disconnect,2
media,2
humboldt,2
expected,2
learning,2
survivors,2
david,2
third,2
explore,2
koran,2
general,2
informative,2
languages,2
sixteen,2
interesting,2
block,2
identification,2
resists,2
podium,2
across,2
district,2
remain,2
smoking,2
cinema,2
annoyed,2
knew,2
goes,2
opportunity,2
platz,2
legal,2
thing,2
talk,2
contributions,2
special,2
study,2
danger,2
arbor,2
von,2
supposed,2
references,2
escape,2
huyssen,2
consider,2
entry,2
established,2
organized,2
yellow,2
grounds,2
linked,2
liberal,2
worried,2
completion,2
bruce,2
boyer,2
ihnen,2
comparisons,2
dominic,2
answers,2
important,2
friends,2
union,2
came,2
based,2
europas,2
location,2
allow,2
portable,2
balibar,2
found,2
begun,2
smell,2
color,2
rooms,2
shoes,2
initial,2
emotionally,2
im,2
term,2
afternoon,2
ann,2
honoring,2
understood,2
produced,2
suffered,2
otherwise,2
scouts,2
taught,2
enough,2
near,2
wants,2
participation,2
agreed,2
honors,2
imagined,2
unless,2
purpose,2
sharon,2
potsdamer,2
thoughts,2
whole,2
year,2
literature,2
faz,2
partly,2
tzvetan,2
residents,2
couple,2
tombstones,2
president,2
yurdakul,2
genealogical,2
graduate,2
zafer,2
owner,2
stage,2
specifically,2
around,2
calling,2
transport,2
pain,2
protect,2
ancestors,2
dem,2
core,2
parliament,2
visible,2
proper,2
appropriate,2
chin,2
crime,2
wolfgang,2
macdonald,2
jeffrey,2
scarf,2
özyürek,2
girl,2
margalit,2
led,2
second,2
underground,2
demand,2
nonetheless,2
architecture,2
muslims,2
separation,2
short,2
turns,2
limited,2
female,2
says,2
comments,2
boy,2
microphone,2
simultaneously,2
redeeisenman,2
positive,2
biological,2
communities,2
competition,2
reference,2
rubric,2
addition,2
happened,2
serve,2
borrowed,2
den,2
seeing,2
prisoners,2
included,2
culture,2
deportation,2
al,2
department,2
noted,2
increasingly,2
majority,2
french,2
heritage,2
book,2
lot,2
power,2
links,2
toward,2
fehrenbach,2
germanjewish,2
longer,2
stories,2
blocks,2
lives,2
abstract,2
larger,2
gray,2
fallen,2
everything,2
discussed,2
advocacy,2
audiences,2
forms,2
learn,2
ground,2
devoted,2
relevant,2
jenny,2
answer,2
necessary,2
controversy,2
citoyen,2
ermordeten,2
imagine,2
orchestral,2
complicity,2
cssh,2
exploring,2
subjectivity,2
palestinians,2
distinctly,2
looking,2
silverman,2
reside,2
europeans,2
largely,2
assume,2
elke,2
ideas,2
net,2
hour,2
engaged,2
trust,2
connected,2
california,2
open,2
movies,2
agreement,2
points,2
taz,2
held,2
individual,2
allowed,2
good,2
started,2
period,2
function,2
serves,2
ended,2
anyone,2
standard,2
martin,2
adequately,2
exchange,2
outside,2
gryglewski,2
trying,2
leaves,2
overcome,2
spolar,2
organizers,2
excluded,2
structure,2
postwar,2
looks,2
attention,2
fails,2
letting,2
asking,2
racialization,2
suggestion,2
helmut,2
glass,2
raise,2
protest,2
stared,2
seventeen,2
tomorrow,2
provide,2
mother,2
sometimes,2
addressing,2
chance,2
vision,2
qualifies,2
excluding,2
transformed,2
understand,2
discourse,2
length,2
remembrance,2
exclude,2
construction,2
fall,2
grade,2
hope,2
education,2
face,2
empathy,2
mannheim,2
regularly,2
contained,2
thinking,2
dispersed,2
wear,2
continues,2
irit,2
implied,2
constructed,2
willingness,2
june,2
sweden,2
sustained,2
nuremberg,2
dimension,2
kaja,2
steven,2
seriously,2
setting,2
luther,2
trips,2
surprised,2
universal,2
domestic,2
exceptional,2
observe,2
homme,2
losses,2
invaluable,2
turkey,2
fail,2
director,2
type,2
respect,2
für,2
knows,2
jugendlichen,2
killed,2
impact,2
covers,2
dedicated,2
leaving,2
kanacke,2
yorker,2
menzel,2
alcohol,2
art,2
popular,2
varieties,2
circumstances,2
watched,2
synagogue,2
subject,2
tried,2
demonstrate,2
atrocity,2
gain,2
store,2
sparked,2
oakland,2
refugees,2
until,2
todorov,2
argument,2
initiated,2
deutschland,2
conditions,2
write,2
hurt,2
orchestra,2
actively,2
touches,2
spielberg,2
perpetrator,2
socialism,2
campaign,2
recounted,2
entire,2
documentary,2
abandoned,2
traditional,2
clapped,2
close,2
draft,2
cambridge,2
glances,1
final,1
impossibility,1
superiority,1
battlefield,1
mostly,1
struggle,1
vor,1
personally,1
oriented,1
erinnerung,1
sins,1
edge,1
ethics,1
car,1
concerned,1
responds,1
commemorated,1
ermörglichen,1
vienna,1
tyranny,1
ready,1
separated,1
dangers,1
cells,1
nachdenken,1
asleep,1
arrive,1
worthy,1
math,1
outlaws,1
sho,1
aboveground,1
mundane,1
totally,1
mar,1
appear,1
evans,1
pushed,1
forth,1
minutes,1
employees,1
switches,1
conducted,1
achievements,1
shoulders,1
systematically,1
whip,1
fate,1
effective,1
browning,1
christine,1
symbolize,1
sander,1
forgiveness,1
anchor,1
word,1
referring,1
reemerging,1
neighborhoods,1
likely,1
sovereign,1
asserted,1
injuries,1
irritated,1
completely,1
additionally,1
easily,1
sunflower,1
mentality,1
hip,1
wonderful,1
collection,1
backs,1
nicht,1
position,1
harsh,1
pose,1
occurred,1
observing,1
paper,1
cornell,1
disengaged,1
migranten,1
pots,1
uses,1
profundity,1
migration,1
indicating,1
β,1
amongst,1
pioneers,1
specters,1
bahn,1
contexts,1
junger,1
leads,1
negative,1
diasporic,1
predominantly,1
lower,1
round,1
sponsoring,1
tracy,1
η,1
australia,1
sympathizers,1
please,1
relieve,1
every,1
labor,1
parliamentary,1
caroline,1
certainly,1
slaughtered,1
creation,1
production,1
voices,1
unexpected,1
erfahrungen,1
exclusive,1
fundraising,1
give,1
attempts,1
rhetorically,1
rita,1
saul,1
progression,1
admonition,1
sunday,1
identified,1
absurd,1
beautiful,1
analogies,1
schoa,1
convert,1
tourist,1
nature,1
overnight,1
experiments,1
grandfather,1
wolten,1
gary,1
replaces,1
wir,1
latent,1
company,1
leading,1
reasserted,1
belong,1
broadly,1
credits,1
assertion,1
suggesting,1
desire,1
dismayed,1
great,1
witnessing,1
narrative,1
homosexual,1
shot,1
hostel,1
ephemeral,1
aloud,1
link,1
closer,1
hundred,1
ort,1
wore,1
religion,1
uniforms,1
jumped,1
hands,1
inadvertently,1
michal,1
feature,1
integrate,1
utter,1
harrowing,1
battered,1
mind,1
alert,1
respond,1
concepts,1
raised,1
immanuel,1
doc,1
alike,1
sachsenhausen,1
ambiguous,1
committed,1
educate,1
narrated,1
scontent,1
seminar,1
system,1
british,1
problematical,1
dancing,1
dome,1
advocates,1
brief,1
suspect,1
dr,1
verlag,1
explained,1
college,1
gaps,1
autonomous,1
east,1
historians,1
teleological,1
task,1
knowledgeable,1
capacity,1
primary,1
bones,1
lingering,1
er,1
göttingen,1
march,1
twist,1
representations,1
evince,1
anticipation,1
burke,1
socialized,1
prior,1
bohemian,1
applauded,1
forbidden,1
illustrate,1
reaching,1
hungry,1
anarchist,1
solely,1
boutade,1
october,1
countered,1
measuring,1
apart,1
upstairs,1
chaperone,1
except,1
jenseits,1
gökce,1
timothy,1
politician,1
bottom,1
speechless,1
negotiation,1
ovation,1
beneath,1
introduction,1
lights,1
split,1
aggression,1
interestingly,1
framework,1
culpa,1
exposed,1
expertise,1
winning,1
geschictsbilder,1
goal,1
thus,1
andrew,1
denying,1
ice,1
affiliation,1
fun,1
famously,1
graders,1
eventual,1
facts,1
difficulties,1
inevitable,1
eating,1
unconnected,1
objective,1
initially,1
audio,1
endure,1
silent,1
diesseits,1
aus,1
enunciate,1
agent,1
corner,1
afghanis,1
agreeing,1
critique,1
dozen,1
ability,1
juxtaposition,1
relations,1
gilman,1
club,1
artist,1
jr,1
honestly,1
ins,1
déclaration,1
funded,1
droits,1
assessment,1
cenotaph,1
topic,1
forthrightly,1
century,1
manager,1
moslem,1
haupt,1
hat,1
kind,1
sustain,1
comforted,1
cases,1
nor,1
dean,1
immigrants,1
underlying,1
legally,1
poked,1
inclinations,1
tageszeitung,1
concerning,1
profound,1
body,1
editing,1
ithaca,1
denken,1
bist,1
marlene,1
listened,1
forgiven,1
ansprechpartner,1
disturbs,1
allowing,1
forbid,1
compared,1
arranged,1
truly,1
overwhelmed,1
warned,1
committing,1
y,1
france,1
stm,1
drawn,1
travels,1
communication,1
look,1
preserving,1
türkishc,1
billboard,1
patrons,1
irony,1
supporters,1
guard,1
terror,1
occasion,1
pointing,1
holocausts,1
sacer,1
disgraceful,1
insisted,1
dedicate,1
compromise,1
hidden,1
react,1
poverty,1
mechanism,1
perfect,1
somebody,1
oswiçcim,1
disturbed,1
starving,1
mea,1
onlooker,1
cuts,1
seekers,1
rebuked,1
recognized,1
town,1
dangerously,1
statefunded,1
heroism,1
russian,1
act,1
sets,1
sinti,1
bring,1
homo,1
generations,1
blames,1
respectful,1
ironic,1
laugh,1
postnational,1
posits,1
en,1
serra,1
transmits,1
exercise,1
demonstration,1
approaches,1
environments,1
killing,1
desensitized,1
skating,1
suffer,1
pointedly,1
coffee,1
persistent,1
eight,1
similar,1
ponder,1
certain,1
costs,1
sympathize,1
parts,1
barrow,1
symbols,1
disappear,1
offering,1
impressed,1
pessimistic,1
polite,1
front,1
gathering,1
lots,1
proclaimed,1
tactile,1
unconventional,1
watching,1
webcom,1
recalled,1
tooth,1
wagon,1
dislike,1
park,1
perpetuation,1
monumentalized,1
skinheads,1
tensions,1
abhängen,1
physically,1
familiar,1
continuity,1
affiliations,1
slowly,1
aura,1
teaches,1
abuses,1
elsewhere,1
driven,1
air,1
instrument,1
threat,1
muslimische,1
four,1
retrospective,1
ecommon,1
commented,1
statt,1
recovered,1
powerful,1
vietnam,1
follow,1
connecting,1
bookstores,1
protection,1
fiir,1
idealized,1
putting,1
realschule,1
problems,1
oppression,1
puts,1
permanent,1
subsidiary,1
yes,1
shifted,1
carlo,1
dominant,1
care,1
contrary,1
suggested,1
humility,1
italics,1
view,1
brunch,1
reflections,1
ihre,1
charcoal,1
ordinarily,1
pretending,1
immutable,1
remembered,1
acceptable,1
lead,1
parliamentarians,1
columbia,1
introduce,1
bearing,1
comportment,1
route,1
acknowledgments,1
das,1
speeches,1
traditionally,1
critically,1
macht,1
arabs,1
cell,1
solved,1
inappropriate,1
attack,1
relating,1
post,1
effort,1
identität,1
underneath,1
changed,1
shryock,1
demands,1
intellectuals,1
shared,1
insisting,1
insulted,1
persist,1
eat,1
accompany,1
burst,1
jude,1
representative,1
none,1
evaluate,1
late,1
embedded,1
spotted,1
fourth,1
hamburger,1
occupation,1
standardized,1
consciences,1
informed,1
equal,1
kritzman,1
buried,1
shake,1
dropped,1
hitler,1
schröder,1
lethal,1
indirect,1
burial,1
persons,1
unemployment,1
intensity,1
meet,1
safe,1
tension,1
approached,1
instrumental,1
required,1
find,1
earphones,1
creates,1
oh,1
museumsarbeit,1
eliminate,1
huge,1
impression,1
unknowledgeable,1
improve,1
palpable,1
abuse,1
apartment,1
seeking,1
network,1
identifications,1
distinguish,1
line,1
correctly,1
mommse,1
taxing,1
dog,1
scope,1
capitalism,1
listening,1
received,1
intentioned,1
reinhard,1
start,1
carry,1
writers,1
preferred,1
invisible,1
hangouts,1
coping,1
prominent,1
fired,1
passersby,1
denial,1
norm,1
predominately,1
matinee,1
knowledge,1
apparent,1
esra,1
actors,1
homeland,1
revealed,1
minority,1
ten,1
gegen,1
texture,1
repeating,1
sorrow,1
older,1
domestically,1
editorial,1
collective,1
relevance,1
middle,1
enveloped,1
transported,1
teenage,1
contentious,1
surrounding,1
newspaper,1
haven,1
employed,1
realms,1
shouted,1
missions,1
preparation,1
victimized,1
rage,1
miss,1
urn,1
challenging,1
vacation,1
contradictions,1
interns,1
announcement,1
refuse,1
bodies,1
violated,1
solidifying,1
discovering,1
creating,1
solution,1
legacy,1
edifices,1
wallerstein,1
correct,1
successful,1
adult,1
caused,1
working,1
below,1
love,1
nongerman,1
cold,1
php,1
heinz,1
socialist,1
ginzburg,1
catholic,1
exclusionary,1
wing,1
uninformed,1
attentive,1
owned,1
apparently,1
night,1
involved,1
versucht,1
openly,1
endpoint,1
decay,1
purveyor,1
imagines,1
burdensome,1
sollen,1
reconfigure,1
vergleichen,1
schindlers,1
revealing,1
horrible,1
grow,1
folk,1
temporary,1
governments,1
hebrew,1
acts,1
presence,1
dramatic,1
leader,1
fixity,1
thematize,1
weapons,1
telling,1
seeds,1
foremost,1
christians,1
managed,1
richness,1
inability,1
progress,1
relegates,1
necessity,1
resistance,1
paid,1
notice,1
altogether,1
undergoing,1
flags,1
normalized,1
grateful,1
cityscape,1
multiple,1
massive,1
geographical,1
activities,1
equivalences,1
notion,1
increasing,1
defended,1
therefore,1
poland,1
noteworthy,1
transform,1
situation,1
forever,1
reduced,1
sondern,1
observations,1
advocate,1
binds,1
practices,1
bringing,1
turkishgermans,1
convinced,1
letters,1
irrelevance,1
transnational,1
unification,1
hide,1
proscribe,1
tempted,1
gaza,1
intended,1
motivated,1
classic,1
commit,1
framing,1
funny,1
renewed,1
allan,1
stele,1
brings,1
reproducing,1
returning,1
object,1
reconstruction,1
atpl,1
intervention,1
targeted,1
volke,1
movement,1
atop,1
modes,1
schüler,1
settings,1
airplane,1
innovation,1
direction,1
hollywood,1
schöttler,1
rattling,1
repression,1
migrationshitergrund,1
spectatorial,1
tighter,1
meanwhile,1
push,1
headscarf,1
towards,1
shelling,1
evil,1
sounds,1
technology,1
fifth,1
inspiration,1
combat,1
castlemont,1
neither,1
differentiate,1
classroom,1
perceived,1
ancient,1
contemplation,1
participants,1
home,1
policies,1
mildly,1
gegeben,1
lone,1
transformations,1
k,1
performed,1
ashamed,1
ethnographic,1
ed,1
ηιηηιιιηιηιιιιι,1
teachings,1
inalienable,1
acknowledging,1
largest,1
heated,1
provocative,1
communal,1
reliance,1
cum,1
volunteers,1
disagreed,1
moviegoers,1
learns,1
friend,1
regional,1
slain,1
etienne,1
stars,1
avoided,1
raids,1
flee,1
pick,1
gotten,1
useful,1
organizations,1
theorist,1
recall,1
law,1
elie,1
bureaucrats,1
attacks,1
draped,1
schoah,1
factory,1
strike,1
fell,1
crucial,1
academy,1
restaurants,1
reporting,1
tremendous,1
financial,1
smith,1
efforts,1
sovereignty,1
lengthy,1
lack,1
nationalto,1
hollow,1
allem,1
preserve,1
designing,1
torture,1
best,1
minnesota,1
advantage,1
agree,1
documents,1
gestapo,1
tally,1
tormentors,1
angry,1
commemorate,1
warning,1
emphatically,1
distrust,1
appropriately,1
fashion,1
arguably,1
feedback,1
serious,1
removal,1
planners,1
rhetoric,1
honor,1
besieged,1
rejoin,1
flecks,1
drinking,1
evoke,1
drove,1
begin,1
signifying,1
thousands,1
model,1
shown,1
casually,1
square,1
plakat,1
road,1
banned,1
couldn,1
continuing,1
reassertion,1
purposes,1
redespiegel,1
implicate,1
establish,1
musicians,1
vorurteile,1
council,1
judith,1
recount,1
outs,1
deportations,1
origin,1
practice,1
fdp,1
besucher,1
deep,1
belief,1
riirup,1
bare,1
frequency,1
als,1
patriarchal,1
style,1
threats,1
streets,1
chair,1
website,1
thoroughly,1
artifact,1
desires,1
reminds,1
violent,1
wrapped,1
interpreting,1
jab,1
discourses,1
demonstrated,1
recognizing,1
classes,1
messengers,1
understanding,1
diverse,1
situated,1
theirs,1
africanamerican,1
father,1
intimate,1
entliehene,1
incorporation,1
lost,1
considering,1
effectiveness,1
unwelcome,1
prevention,1
handwritten,1
width,1
upon,1
heard,1
culpability,1
aggregated,1
schengen,1
diversität,1
formal,1
lake,1
etch,1
ethnology,1
recht,1
sixth,1
pitch,1
manifestations,1
canals,1
tympani,1
herself,1
knecht,1
top,1
persists,1
overheard,1
lecture,1
entirely,1
significant,1
illusion,1
unfortunately,1
kreuzberger,1
convenience,1
assumption,1
interkulturelle,1
web,1
attendee,1
affects,1
shopping,1
solidifies,1
academics,1
products,1
harvard,1
deutschen,1
logics,1
pamphlets,1
auf,1
reifies,1
insults,1
check,1
full,1
guest,1
office,1
erklärt,1
involves,1
platform,1
versions,1
negotiating,1
low,1
significance,1
transformation,1
moral,1
reality,1
welcomed,1
liquor,1
express,1
highlight,1
soldiers,1
safety,1
victory,1
deniers,1
disappointed,1
interpret,1
co,1
workers,1
try,1
counter,1
christopher,1
times,1
compatriots,1
defensive,1
homes,1
reviewers,1
change,1
collaboration,1
spread,1
strange,1
distinction,1
renewal,1
expressing,1
computer,1
imagination,1
vans,1
finality,1
strangely,1
witness,1
especially,1
irritating,1
hi,1
qualities,1
ensued,1
constructing,1
reads,1
nie,1
brunner,1
remembers,1
contact,1
examine,1
prisons,1
effect,1
ib,1
rupture,1
vodka,1
james,1
percent,1
allah,1
probably,1
signatories,1
mimicry,1
normalize,1
retorted,1
captivity,1
looked,1
securing,1
trendy,1
cinematic,1
macmillan,1
invented,1
destruction,1
seduction,1
attend,1
invocations,1
professional,1
ago,1
controversial,1
andreas,1
universality,1
achieve,1
gleich,1
greek,1
la,1
immigration,1
concluded,1
justice,1
examines,1
modernized,1
stands,1
necks,1
contributes,1
ranging,1
carried,1
suggest,1
depressed,1
topography,1
iran,1
signs,1
autumn,1
imply,1
backward,1
stems,1
grammar,1
footage,1
pans,1
bude,1
nahostkonflikt,1
usually,1
five,1
sports,1
sofort,1
articulation,1
bound,1
pieces,1
threshold,1
suffice,1
ironically,1
celebration,1
photograph,1
instrumentalization,1
leslie,1
male,1
referred,1
sensitive,1
directing,1
execution,1
directions,1
insist,1
yale,1
bears,1
began,1
lawrence,1
proposition,1
importantly,1
excited,1
originated,1
anxious,1
acquaintances,1
es,1
impossibilities,1
accusation,1
responsible,1
arts,1
expectations,1
kill,1
continually,1
λ,1
entertainment,1
dead,1
table,1
wiesel,1
composed,1
roma,1
types,1
station,1
tribune,1
predefined,1
presences,1
unusual,1
interpretive,1
victorious,1
unanticipated,1
considered,1
addressed,1
bench,1
inactivity,1
w,1
remmler,1
ofthat,1
anthropological,1
publicly,1
suggestions,1
persecution,1
magnitude,1
candle,1
rarely,1
fifteen,1
liked,1
historian,1
terrible,1
redemptive,1
intervened,1
comes,1
series,1
conclusion,1
mentioned,1
changing,1
intensification,1
grand,1
forget,1
nervous,1
minneapolis,1
suggestively,1
appears,1
aue,1
offered,1
ll,1
blacks,1
gerhard,1
shooting,1
doi,1
text,1
loving,1
dining,1
triggers,1
offers,1
fürungen,1
differentiated,1
butler,1
milieu,1
legislature,1
defining,1
berkeley,1
friedländer,1
commuters,1
danielle,1
country,1
paradigm,1
cemetery,1
dislikes,1
key,1
seem,1
teenager,1
gone,1
capital,1
incorporating,1
alexander,1
down,1
print,1
dues,1
allied,1
vandalize,1
ideological,1
epiphanies,1
tiergarten,1
obviously,1
sustaining,1
attractions,1
embodiment,1
written,1
gas,1
bravado,1
besucherordnung,1
examining,1
identities,1
explicitly,1
placing,1
c,1
problematics,1
consciousness,1
thierse,1
absolutely,1
instant,1
turned,1
sie,1
game,1
bodyguards,1
unlikely,1
tears,1
horns,1
applaud,1
setzen,1
reconfigured,1
notable,1
investigation,1
gefühlter,1
combined,1
progresses,1
spatial,1
stability,1
ones,1
internment,1
independently,1
quote,1
kindern,1
hoped,1
differentiates,1
passed,1
mere,1
sociologist,1
erect,1
networks,1
distancing,1
undo,1
complain,1
institute,1
require,1
strings,1
video,1
noticed,1
voice,1
indifference,1
apathetic,1
descendants,1
bosnia,1
phenomena,1
palgrave,1
opfer,1
meetings,1
opened,1
size,1
travel,1
des,1
anxieties,1
welcome,1
spaces,1
facial,1
researchers,1
dialogues,1
kaschuba,1
gatherings,1
occasionally,1
careful,1
crematoria,1
private,1
peace,1
met,1
cl,1
repeatable,1
outwardly,1
hatreds,1
despite,1
excursion,1
prospect,1
ashes,1
beer,1
zugänge,1
innocent,1
sitting,1
step,1
agents,1
tag,1
commissioned,1
happens,1
rationale,1
disappears,1
screen,1
organization,1
programs,1
obtain,1
twenties,1
abzubauen,1
officially,1
unitary,1
families,1
challenges,1
using,1
vorschrieben,1
representation,1
writing,1
decolonization,1
complicit,1
ein,1
raus,1
jan,1
relates,1
prepared,1
greeted,1
named,1
campus,1
acoustics,1
heide,1
whenever,1
spring,1
gilad,1
englishman,1
commercial,1
unable,1
editor,1
manageable,1
reveals,1
powers,1
referenced,1
sever,1
contract,1
michi,1
reichskanzlei,1
institutional,1
acknowledges,1
configured,1
washington,1
prickly,1
accept,1
publicized,1
sat,1
defeat,1
parallels,1
offer,1
joined,1
elevator,1
grown,1
afraid,1
d,1
sadness,1
regime,1
temporal,1
integration,1
regular,1
centrality,1
wheelbarrow,1
colleagues,1
playing,1
defined,1
attempted,1
suitcases,1
recalling,1
association,1
shift,1
rackham,1
roles,1
bolshevists,1
fours,1
observation,1
specific,1
searching,1
posture,1
chambers,1
encouraging,1
prospects,1
russia,1
inasmuch,1
enormity,1
enterprise,1
sharing,1
exclusively,1
wallstein,1
geschickte,1
overboard,1
interaction,1
souls,1
steeruwit,1
strong,1
uk,1
seek,1
prison,1
ss,1
drew,1
enormous,1
tired,1
beings,1
assessments,1
nationaler,1
broader,1
successive,1
conversations,1
daughter,1
hans,1
happiest,1
bury,1
antiracist,1
mouth,1
mimics,1
thorough,1
