WORDCOUNTS,WEIGHT
the,970
of,550
and,434
women,337
to,331
jewish,309
peace,288
in,274
a,250
s,179
for,176
american,171
that,162
as,139
their,92
was,92
on,89
movement,88
new,71
war,69
international,67
not,64
were,63
wilpf,60
by,60
york,56
jews,54
history,54
world,53
with,53
ncjw,50
box,47
folder,46
an,45
had,45
national,45
it,43
she,43
work,42
but,42
they,41
more,40
or,39
about,38
at,37
see,37
who,35
many,34
catt,33
committee,31
organizations,31
groups,30
all,30
we,30
from,30
be,30
other,29
identity,29
even,28
during,28
activism,28
her,28
united,27
when,27
papers,26
than,26
most,26
woman,26
states,26
branch,25
example,25
would,25
could,24
religious,24
also,24
did,24
league,23
between,23
brin,23
one,22
organization,22
them,22
into,21
america,21
its,21
gender,21
members,21
have,21
which,20
i,20
political,20
nfts,20
such,19
journal,19
this,19
so,18
identities,18
became,18
no,17
social,17
especially,17
is,17
freedom,17
meeting,17
those,16
against,16
what,16
collection,16
council,16
been,16
life,16
both,16
some,16
suffrage,16
state,15
pacifism,15
out,15
though,15
only,15
any,15
ideals,14
there,14
april,14
smith,14
pacifist,14
holocaust,14
ibid,14
class,14
hitler,14
march,13
politics,13
toward,13
reform,13
judaism,13
reyher,13
wars,13
series,13
report,13
believed,13
cause,13
race,13
if,12
former,12
first,12
december,12
issue,12
may,12
activists,12
important,12
public,12
carrie,12
issues,12
pacifists,12
ed,12
these,12
fanny,12
nazi,12
through,12
d,12
early,12
now,11
group,11
wrote,11
maternalism,11
rights,11
however,11
local,11
ethnic,11
working,11
chapman,11
our,11
library,10
ncccw,10
worked,10
europe,10
take,10
u,10
events,10
how,10
found,10
because,10
still,10
home,10
detzer,10
made,10
after,10
movements,10
feminist,10
must,10
much,10
archives,9
germany,9
policy,9
member,9
used,9
german,9
faced,9
activist,9
part,9
people,9
motherhood,9
action,9
make,9
time,9
another,9
mothers,9
congress,9
committed,9
jewishness,9
over,9
are,9
leaders,9
should,9
branches,8
ways,8
modern,8
feminism,8
within,8
nazism,8
cooperation,8
century,8
without,8
affairs,8
b,8
brooklyn,8
place,8
records,8
change,8
female,8
power,8
nov,8
less,8
remained,8
dawson,8
european,8
mass,8
jennie,8
while,8
role,8
among,8
e,7
being,7
j,7
help,7
felt,7
labor,7
throughout,7
left,7
cohen,7
support,7
university,7
section,7
m,7
purvin,7
president,7
socialist,7
oct,7
up,7
society,7
nations,7
led,7
community,7
efforts,7
never,7
own,7
ideas,7
like,7
sternberger,7
justice,7
often,7
persecution,7
rose,7
little,7
jew,7
jewry,7
membership,7
socialism,7
boycott,6
college,6
center,6
my,6
every,6
might,6
fligelman,6
refugee,6
differences,6
emphasized,6
hitlerism,6
swarthmore,6
immigrants,6
acculturation,6
americans,6
alonso,6
special,6
just,6
numbers,6
threat,6
bronx,6
union,6
mandate,6
well,6
commitments,6
has,6
hebrew,6
always,6
yet,6
us,6
others,6
communal,6
minnesota,6
larger,6
took,6
do,6
dorothy,6
moral,6
times,6
period,6
men,6
can,6
attention,6
supporting,6
face,6
sections,6
growing,6
universalist,6
particularly,6
historical,6
unique,6
terms,6
form,6
press,6
tried,6
jan,6
charles,6
actions,6
roles,6
problem,5
minutes,5
studies,5
estelle,5
came,5
either,5
ii,5
great,5
religion,5
greatly,5
context,5
disarmament,5
sponsored,5
interest,5
forced,5
response,5
hyman,5
influence,5
workmen,5
proved,5
beyond,5
result,5
whom,5
p,5
representative,5
silence,5
annual,5
apparent,5
neutrality,5
year,5
personal,5
cincinnati,5
activities,5
seemed,5
nicholson,5
saw,5
economic,5
play,5
july,5
fighting,5
once,5
policies,5
abandon,5
already,5
increasingly,5
heritage,5
sometimes,5
americanization,5
treatment,5
nathan,5
pamphlet,5
cure,5
aug,5
belief,5
dec,5
lasting,5
values,5
encouraged,5
significant,5
urbana,5
rebecca,5
least,5
story,5
agenda,5
circle,5
continued,5
foreign,5
program,5
sisterhoods,5
fall,5
few,5
gertrude,5
believe,5
universal,5
feb,5
question,5
ultimately,5
twentieth,5
conditions,5
focus,5
major,5
difficult,4
maternalist,4
concerned,4
concern,4
federation,4
solidarity,4
before,4
triennial,4
interests,4
nature,4
hatred,4
ofzion,4
harriet,4
search,4
robert,4
shared,4
relations,4
gilman,4
david,4
served,4
sisterhood,4
philadelphia,4
rather,4
l,4
developed,4
importance,4
perkins,4
lay,4
brunswick,4
immigrant,4
clearly,4
welfare,4
mary,4
origins,4
problems,4
decades,4
greater,4
based,4
lead,4
changed,4
late,4
repent,4
r,4
abroad,4
minority,4
whole,4
collective,4
alliance,4
ethnicity,4
creating,4
involved,4
research,4
chicago,4
correspondence,4
provided,4
will,4
f,4
womanhood,4
positions,4
limited,4
klapper,4
hourwich,4
thought,4
message,4
baltimore,4
two,4
department,4
noted,4
party,4
pointed,4
similarly,4
responsibilities,4
put,4
conviction,4
threats,4
fight,4
years,4
prevention,4
herself,4
causes,4
engaged,4
office,4
complicated,4
essay,4
workers,4
general,4
responses,4
mccune,4
why,4
looks,4
protocols,4
linda,4
force,4
executive,4
hope,4
urged,4
considered,4
circumstances,4
demonstrate,4
medal,4
speech,4
liberal,4
elders,4
petition,4
chatfield,4
making,4
statement,4
information,4
conference,4
multiple,4
programs,4
mention,4
refugees,4
survival,4
difference,4
cambridge,4
crisis,4
need,4
colleagues,4
charlotte,4
themselves,4
ca,4
close,4
contacts,3
does,3
struggle,3
persecuted,3
ambivalence,3
meaning,3
speakers,3
complex,3
join,3
absolutist,3
true,3
favor,3
acceptance,3
mercedes,3
service,3
nineteenth,3
princeton,3
melissa,3
taken,3
address,3
conflict,3
promoting,3
gone,3
historiography,3
book,3
hundred,3
henry,3
reading,3
worldwide,3
courage,3
case,3
side,3
save,3
recommended,3
possible,3
activity,3
say,3
far,3
household,3
internationally,3
learned,3
human,3
million,3
difficulties,3
since,3
issued,3
industrial,3
distinct,3
serving,3
syracuse,3
young,3
alliances,3
mankind,3
leadership,3
founder,3
rabbis,3
whose,3
rowan,3
act,3
across,3
responded,3
communism,3
active,3
similar,3
factors,3
means,3
mrs,3
bad,3
moved,3
talk,3
director,3
prevent,3
traditionally,3
speaker,3
wide,3
participation,3
literature,3
future,3
brought,3
london,3
status,3
sense,3
successful,3
outright,3
deborah,3
dangerous,3
small,3
several,3
june,3
leader,3
impossible,3
division,3
necessity,3
sept,3
value,3
sporborg,3
am,3
gordon,3
survived,3
variety,3
protecting,3
steadily,3
identified,3
nearly,3
intervention,3
experiences,3
single,3
violence,3
makes,3
mission,3
under,3
ancient,3
light,3
culture,3
same,3
successfully,3
arbitration,3
longer,3
appeared,3
afraid,3
daily,3
hill,3
readers,3
outside,3
diary,3
interview,3
necessary,3
widespread,3
explicitly,3
day,3
bulletin,3
meetings,3
randall,3
israel,3
radicalism,3
services,3
franklin,3
washington,3
significance,3
clear,3
publication,3
held,3
defensive,3
paths,3
transcript,3
behind,3
typically,3
become,3
stand,3
supported,3
enthusiastically,3
internationalism,3
schlesinger,3
attracted,3
christian,3
pesotta,3
peoples,3
primarily,3
institutions,3
lost,3
began,3
itself,3
meant,3
worsened,3
delegates,3
know,3
berkeley,3
control,3
different,3
auxiliary,3
board,3
down,3
domestic,3
then,3
linked,3
audience,3
reflected,3
turned,3
condemning,3
interwar,3
particular,3
attitudes,3
institute,3
level,3
city,3
despite,3
synagogue,3
confronted,3
measure,3
kubie,3
discussion,3
coming,3
varied,3
tell,3
spring,3
friendships,3
finding,3
observant,3
course,3
joined,3
instead,3
include,3
you,3
speak,3
element,3
given,3
recent,3
doing,3
democracy,2
laguardia,2
limits,2
appealed,2
common,2
way,2
disappointment,2
privately,2
created,2
mars,2
large,2
denied,2
kinds,2
ample,2
kohut,2
ltri,2
likely,2
h,2
pressing,2
jonathan,2
sophia,2
decade,2
allies,2
constance,2
matyas,2
pioneers,2
arms,2
painful,2
explaining,2
transnationalism,2
winning,2
embraced,2
caroline,2
supposedly,2
creation,2
sabbatical,2
voices,2
interested,2
aftermath,2
military,2
secretary,2
ourselves,2
reach,2
spider,2
leading,2
broadly,2
together,2
katharine,2
inherent,2
government,2
court,2
review,2
atrocities,2
roosevelt,2
rafael,2
doc,2
california,2
thy,2
zeiger,2
similarities,2
british,2
takes,2
corets,2
deal,2
move,2
obvious,2
fine,2
diss,2
radicals,2
combine,2
x,2
associational,2
sent,2
chart,2
prejudice,2
murderous,2
karen,2
central,2
goal,2
chapters,2
includes,2
medoff,2
relationships,2
explained,2
inevitable,2
backgrounds,2
victory,2
integral,2
author,2
rogow,2
madness,2
relatively,2
buhle,2
price,2
leila,2
insisted,2
rooted,2
admitted,2
arena,2
kind,2
congregations,2
individual,2
old,2
perspective,2
back,2
subjects,2
highest,2
effective,2
student,2
resolutions,2
frieda,2
alarm,2
promised,2
arouse,2
civilization,2
opposed,2
ab,2
knoxville,2
recognized,2
hamburg,2
unwilling,2
explicit,2
rescue,2
earlier,2
connected,2
whether,2
direct,2
ongoing,2
contributions,2
signatures,2
k,2
feel,2
overlooked,2
something,2
caravan,2
vera,2
accounts,2
lives,2
circulated,2
soon,2
consider,2
playgirl,2
vellacott,2
threatening,2
n,2
impact,2
gradually,2
jersey,2
frequently,2
too,2
socialists,2
show,2
initiative,2
additional,2
spirit,2
readings,2
gittelsohn,2
blood,2
instance,2
shifted,2
monster,2
founding,2
detroit,2
opinion,2
providing,2
friends,2
opponents,2
expressed,2
herald,2
affiliated,2
questioned,2
blamed,2
feingold,2
conservative,2
called,2
withdrawal,2
embracing,2
subscribe,2
warburg,2
internationalist,2
pass,2
radical,2
struggles,2
herman,2
term,2
engel,2
further,2
suffragist,2
cultural,2
let,2
ethel,2
population,2
priorities,2
seth,2
nothing,2
rest,2
naval,2
approached,2
required,2
conferences,2
prayer,2
voice,2
marie,2
keeping,2
postwar,2
crushed,2
line,2
planning,2
received,2
rupp,2
start,2
decisions,2
heavily,2
reminded,2
gave,2
consistently,2
signify,2
winter,2
away,2
regional,2
newspaper,2
entered,2
overseas,2
project,2
won,2
withstand,2
trends,2
following,2
abolish,2
refuse,2
t,2
evening,2
caused,2
baer,2
marx,2
stage,2
politically,2
order,2
settlement,2
long,2
around,2
family,2
concerns,2
oral,2
depression,2
addams,2
nai,2
massachusetts,2
dedicated,2
condemned,2
barely,2
generally,2
pa,2
paid,2
lucile,2
newly,2
avoid,2
appeal,2
happen,2
therefore,2
san,2
second,2
situation,2
communist,2
demand,2
lerner,2
reduced,2
equality,2
absence,2
various,2
entitled,2
sarna,2
rams,2
synthesis,2
exile,2
acknowledged,2
exception,2
positioned,2
standing,2
labored,2
collect,2
reference,2
pp,2
official,2
antler,2
koshland,2
assimilation,2
included,2
fact,2
jo,2
present,2
useful,2
provide,2
resolution,2
fire,2
statements,2
paul,2
again,2
offer,2
available,2
howlett,2
joyce,2
fundamental,2
head,2
walked,2
unidentified,2
disturbed,2
choice,2
striving,2
educated,2
practical,2
end,2
arthur,2
foster,2
schiff,2
agree,2
anne,2
cooperated,2
brotherhood,2
hand,2
model,2
where,2
secular,2
rebekah,2
until,2
spoke,2
practice,2
deep,2
breaks,2
charter,2
perhaps,2
compelled,2
number,2
demonstrated,2
understanding,2
antisemitism,2
divided,2
campaigns,2
currents,2
bertha,2
including,2
previously,2
virtually,2
maria,2
audit,2
evolution,2
rare,2
zionism,2
yearbook,2
deployed,2
initiatives,2
described,2
ties,2
biblical,2
margaret,2
directed,2
grew,2
pois,2
soldiers,2
allowed,2
spread,2
faith,2
educational,2
article,2
marcuson,2
study,2
rith,2
chapel,2
tactics,2
dreier,2
seattle,2
structure,2
seeking,2
haven,2
engagement,2
attend,2
joint,2
ago,2
embodied,2
consequences,2
carried,2
relationship,2
fascism,2
consonance,2
today,2
perspectives,2
patriotic,2
centrality,2
ideology,2
fear,2
ironically,2
inside,2
attitude,2
slow,2
independence,2
bonds,2
vindictiveness,2
seen,2
understand,2
position,2
inflammatory,2
unsurprising,2
education,2
susan,2
claims,2
riley,2
publicly,2
magnitude,2
eventually,2
thinking,2
changing,2
minneapolis,2
ever,2
dissent,2
theme,2
known,2
isaac,2
thousand,2
physical,2
entry,2
edelman,2
esther,2
temple,2
drew,2
ran,2
stamp,2
sure,2
country,2
share,2
asher,2
setting,2
albeit,2
disillusionment,2
ph,2
elinor,2
propaganda,2
workplace,2
maud,2
ideological,2
brothers,2
very,2
goods,2
chairman,2
distinctive,2
consciousness,2
works,2
living,2
concrete,2
beginning,2
ladies,2
born,2
sue,2
reactions,2
list,2
brettschneider,2
involvement,2
pact,2
armistice,2
maintain,2
hoped,2
manuscripts,2
theory,2
alice,2
distribution,2
katzenstein,2
balance,2
agreed,2
acknowledgment,2
schwimmer,2
sadie,2
ccar,2
boston,2
lillian,2
recognition,2
blanche,2
whiteness,2
joining,2
renounce,2
mayor,2
step,2
rochester,2
demanding,2
appointed,2
challenges,2
using,2
gain,2
think,2
paula,2
come,2
eric,2
distinguish,2
average,2
web,2
publicized,2
contributed,2
although,2
evidence,2
unified,2
friedberg,2
defined,2
tableaux,2
madison,2
francisco,2
association,2
evelyn,2
offered,2
bernstein,2
cantor,2
news,2
lyn,2
c,2
protested,2
obligation,2
era,2
rosika,2
traditional,2
strong,2
establishment,2
cross,2
weil,2
loyalties,2
truce,1
emulate,1
resolve,1
carved,1
miller,1
synagogues,1
être,1
brighter,1
donations,1
care,1
weighed,1
o,1
done,1
personally,1
page,1
dies,1
hallmarks,1
fendali,1
õn,1
generalization,1
olympics,1
estimated,1
heroic,1
protests,1
later,1
indicated,1
implying,1
commentary,1
nonviolence,1
expand,1
retreated,1
commitment,1
praised,1
truth,1
represent,1
career,1
everyone,1
affected,1
distress,1
tuscaloosa,1
extend,1
providence,1
jane,1
revolutionary,1
counteract,1
worthy,1
misery,1
unfolding,1
cowards,1
measures,1
chmielewski,1
ultimate,1
collision,1
lindman,1
expect,1
employees,1
told,1
becoming,1
steadfast,1
discover,1
organizer,1
approved,1
squandered,1
designed,1
lewiston,1
entries,1
columns,1
referring,1
renamed,1
cherished,1
asserted,1
motivation,1
completely,1
coalition,1
cautiously,1
monthly,1
bryan,1
shtetl,1
notwithstanding,1
unfair,1
isolationist,1
whereas,1
abrams,1
child,1
earnest,1
protection,1
devices,1
undertaken,1
justified,1
western,1
uncertain,1
necessarily,1
emphasize,1
charitable,1
duped,1
total,1
tells,1
maybe,1
feminists,1
fragile,1
suffragists,1
unite,1
redirect,1
edu,1
contested,1
eye,1
revision,1
contest,1
disinterested,1
source,1
hearts,1
annals,1
reich,1
terrifying,1
edge,1
conscientious,1
themes,1
laurel,1
journalism,1
test,1
predominantly,1
expend,1
round,1
said,1
fabric,1
cast,1
aside,1
gap,1
sources,1
wrong,1
barriers,1
fast,1
swelling,1
posed,1
universalism,1
sonya,1
socialistpacifist,1
militarism,1
fund,1
implications,1
proud,1
restoration,1
equilibrium,1
motivations,1
feeling,1
rapid,1
opted,1
refusal,1
capitalists,1
billions,1
rumor,1
freely,1
england,1
sherry,1
switzerland,1
bloomington,1
divorced,1
joins,1
memorial,1
agnostic,1
request,1
hoffman,1
shaped,1
tour,1
prejudices,1
prayed,1
excavating,1
muncy,1
centralized,1
pledge,1
assertion,1
generalize,1
seller,1
borders,1
roland,1
dismayed,1
thank,1
agitate,1
pressed,1
origin,1
narrative,1
opposing,1
ephemeral,1
incident,1
recruit,1
link,1
substantive,1
thanks,1
forgery,1
onto,1
hannah,1
wore,1
reiteration,1
anyway,1
products,1
real,1
deemed,1
hands,1
achieved,1
strength,1
faithful,1
resorting,1
holidays,1
endanger,1
untitled,1
publicize,1
discipline,1
somewhat,1
signs,1
educate,1
dissolved,1
gratified,1
visibility,1
stopped,1
attempted,1
wyman,1
rethinking,1
seminar,1
widowed,1
quietly,1
tribune,1
voting,1
dancing,1
targeting,1
existence,1
eastern,1
weakened,1
historians,1
king,1
disposable,1
framing,1
capacity,1
motion,1
matthew,1
primary,1
sought,1
showdowns,1
amelia,1
anabel,1
saying,1
correspondents,1
draw,1
jaundiced,1
right,1
efficacious,1
postworld,1
accountability,1
cronbach,1
dreaded,1
vol,1
prior,1
magnificent,1
marc,1
stance,1
obviously,1
authentic,1
peaceways,1
dared,1
reached,1
reaction,1
powers,1
mutual,1
oppressed,1
october,1
richard,1
magazine,1
arenas,1
alone,1
convince,1
west,1
apart,1
taking,1
doctrinal,1
interdisciplinary,1
supply,1
sporadically,1
intelligent,1
asserting,1
arrested,1
waging,1
sheramy,1
painfully,1
liberals,1
loudly,1
along,1
representing,1
promises,1
accustomed,1
forged,1
letter,1
urging,1
ross,1
warfare,1
tied,1
separating,1
bolsheviks,1
singled,1
framework,1
complained,1
roeow,1
daughters,1
kraut,1
married,1
disguised,1
purportedly,1
passing,1
merchants,1
influx,1
proceeded,1
facts,1
immediate,1
ethical,1
quality,1
cott,1
stores,1
professor,1
illustrates,1
flying,1
due,1
visited,1
analyzing,1
targeted,1
ingersoll,1
silent,1
breitman,1
intact,1
ease,1
janet,1
contributors,1
brother,1
gendered,1
gerber,1
club,1
valentine,1
heightened,1
participating,1
fragist,1
jr,1
convene,1
victims,1
media,1
trail,1
affilia,1
marxism,1
fried,1
contemplated,1
nazis,1
boeckel,1
fortify,1
priority,1
progressive,1
turn,1
malcom,1
lipstadt,1
cases,1
wendy,1
inserted,1
elements,1
nor,1
blame,1
leff,1
person,1
refer,1
star,1
deed,1
body,1
ithaca,1
columbia,1
six,1
difficulty,1
generated,1
outweigh,1
ally,1
despair,1
truly,1
gurock,1
compare,1
networks,1
profit,1
died,1
warned,1
weight,1
researching,1
y,1
conspiracy,1
mirrored,1
transmuted,1
innovators,1
hashanah,1
sin,1
reared,1
instruments,1
manchee,1
preserving,1
internationalists,1
dear,1
colleague,1
dwindling,1
citizen,1
convictions,1
strengthening,1
knows,1
deeply,1
delivered,1
generation,1
donor,1
merged,1
shall,1
function,1
sisters,1
compromise,1
denominations,1
victim,1
glad,1
convention,1
react,1
corinne,1
formed,1
grasp,1
glen,1
annelise,1
flux,1
harbinger,1
ruddick,1
lesser,1
surprisingly,1
schools,1
underlay,1
defection,1
alive,1
profoundly,1
geneva,1
wittner,1
essential,1
genuinely,1
brewer,1
varying,1
lamb,1
réévaluation,1
hopes,1
dilemma,1
links,1
bring,1
growth,1
performance,1
abolished,1
lurked,1
main,1
linenthal,1
absent,1
occurring,1
stop,1
remain,1
interpretation,1
mediation,1
sort,1
agonizing,1
organizing,1
basic,1
influential,1
square,1
homegrown,1
sizable,1
levels,1
departments,1
defuse,1
mean,1
knew,1
christine,1
fervor,1
path,1
opportunity,1
outward,1
granted,1
slipped,1
heard,1
associate,1
thing,1
michel,1
certain,1
leave,1
riven,1
degen,1
tan,1
pages,1
emergency,1
offering,1
white,1
awareness,1
scattered,1
miscellaneous,1
moves,1
addressing,1
sally,1
proclaimed,1
poised,1
solutions,1
suffered,1
dominican,1
partnership,1
scourge,1
affect,1
ensure,1
decrees,1
tensions,1
females,1
derail,1
signed,1
established,1
discouraged,1
familiar,1
benefits,1
image,1
organized,1
louise,1
elisabeth,1
emergence,1
dated,1
wouldn,1
presumably,1
elsewhere,1
papering,1
recalibrated,1
placed,1
tims,1
quoted,1
articulated,1
resolute,1
instrument,1
weak,1
argued,1
careful,1
advancing,1
age,1
orientation,1
outspoken,1
jacobson,1
democratic,1
superior,1
westin,1
heading,1
follow,1
officer,1
defeat,1
traitors,1
hover,1
isolation,1
undergirded,1
obstacles,1
bancroft,1
frau,1
testament,1
cultured,1
ceremony,1
neither,1
disloyalty,1
permanent,1
injustice,1
liberally,1
continue,1
instrumental,1
nationality,1
strategy,1
protestant,1
raddiffe,1
view,1
appear,1
myths,1
hot,1
denounce,1
conflicts,1
reflections,1
charamerican,1
closely,1
multiculturalism,1
brodkin,1
betrayal,1
introduce,1
opposition,1
nancy,1
bearing,1
harbor,1
murky,1
formulations,1
histories,1
carrying,1
fry,1
approvingly,1
speeches,1
color,1
frye,1
greenebaum,1
attack,1
treatments,1
attempt,1
foreground,1
effort,1
seven,1
missionary,1
stereotype,1
bitterness,1
staunchest,1
pam,1
monitoring,1
carolina,1
abramowitz,1
pioneer,1
worker,1
mobilization,1
narrow,1
hillman,1
noting,1
jeane,1
initial,1
burst,1
passionate,1
collectively,1
confidently,1
topics,1
equally,1
prioritized,1
understood,1
informed,1
equal,1
buried,1
religiosity,1
leonard,1
agreements,1
intolerable,1
secure,1
recently,1
boundaries,1
promise,1
employers,1
failure,1
teach,1
acculturated,1
publications,1
otherwise,1
energy,1
wealth,1
record,1
repercussions,1
spiritual,1
absolute,1
guidance,1
yehuda,1
reluctantly,1
enough,1
shouting,1
verta,1
scene,1
possibility,1
engine,1
briefly,1
distressed,1
warriors,1
faiths,1
feminine,1
exert,1
existential,1
almost,1
sounded,1
percent,1
network,1
spheres,1
basis,1
dilemmas,1
competent,1
relief,1
prewar,1
maurie,1
formerly,1
overviews,1
amend,1
narratives,1
tool,1
relatives,1
vote,1
nine,1
voted,1
betrayed,1
goldstein,1
concept,1
disloyal,1
purpose,1
explains,1
civil,1
secret,1
sandi,1
nation,1
retract,1
sydney,1
supreme,1
feared,1
criticized,1
ten,1
bennett,1
surprise,1
weinberg,1
prizing,1
millions,1
editorial,1
demonstrates,1
flight,1
keep,1
densely,1
fruitful,1
falling,1
participated,1
conveyed,1
statistics,1
rallying,1
eyre,1
call,1
forces,1
swift,1
imploring,1
reflect,1
schwartz,1
anything,1
swartz,1
participate,1
underpinnings,1
missions,1
alan,1
challenging,1
dinnerstein,1
mari,1
presentations,1
else,1
approach,1
severing,1
navigate,1
profiteers,1
signing,1
homeland,1
tone,1
published,1
chanukah,1
running,1
officials,1
skocpol,1
bond,1
happenings,1
describing,1
presented,1
commissioning,1
moses,1
diminish,1
responsibility,1
revolution,1
suggest,1
excuse,1
underlining,1
discredit,1
quandry,1
quite,1
ward,1
event,1
inextricably,1
kippur,1
calling,1
prisoners,1
ignore,1
eleven,1
tony,1
propelled,1
dividend,1
highly,1
yesterdays,1
bridge,1
governments,1
embarrassed,1
acts,1
certainly,1
presence,1
notorious,1
met,1
blunt,1
protect,1
texas,1
weapons,1
viola,1
core,1
christians,1
scott,1
progress,1
st,1
doctrines,1
decisive,1
clearinghouse,1
pays,1
reluctant,1
ellen,1
peculiar,1
gibb,1
altogether,1
grateful,1
hitlers,1
pervasive,1
monarchy,1
valuable,1
reconsidered,1
reducing,1
behalf,1
jeffrey,1
good,1
south,1
anita,1
diner,1
critical,1
eternity,1
originally,1
partially,1
panoramic,1
republic,1
conditioning,1
fly,1
ramifications,1
minor,1
herland,1
philanthropic,1
wald,1
matter,1
attempts,1
persecutes,1
contact,1
functioning,1
bringing,1
unrealistic,1
aim,1
transnational,1
indicative,1
curti,1
ers,1
labeled,1
subversive,1
korelitz,1
outlook,1
accepting,1
anniversary,1
forward,1
reorganization,1
poor,1
strains,1
prove,1
koven,1
converted,1
useless,1
reconstruction,1
singerman,1
violates,1
illustrating,1
garden,1
comments,1
yiddish,1
initially,1
cracks,1
tempered,1
hommel,1
hold,1
innovation,1
parker,1
kills,1
aggressor,1
confronting,1
guide,1
listed,1
chronicle,1
outlets,1
communities,1
ineffective,1
pacific,1
bridged,1
selling,1
untold,1
museum,1
opportunities,1
wake,1
treaty,1
security,1
intense,1
suited,1
read,1
cowardly,1
deflect,1
discussions,1
evidential,1
clergy,1
columbus,1
restricted,1
disastrous,1
favorable,1
perceived,1
compiled,1
complementary,1
palmer,1
constant,1
clothing,1
positively,1
liberties,1
elwell,1
unorganizable,1
choices,1
raleigh,1
milton,1
colored,1
acknowledging,1
largest,1
burdened,1
illustrated,1
reports,1
friend,1
rise,1
officers,1
journalist,1
flee,1
lee,1
representation,1
fellow,1
street,1
balancing,1
comprehend,1
disappearing,1
goals,1
name,1
solomon,1
french,1
law,1
challenge,1
frederick,1
stated,1
journey,1
death,1
academy,1
usually,1
inquisition,1
bowling,1
addition,1
hensley,1
observance,1
destroy,1
missing,1
release,1
signified,1
signaturs,1
contemptuous,1
twenty,1
diminishing,1
admit,1
bronner,1
stories,1
preserve,1
woolley,1
conduct,1
maternal,1
areas,1
moribund,1
pressure,1
fleeing,1
outlawry,1
advantage,1
beliefs,1
versailles,1
abstract,1
occupied,1
eddy,1
demonstrations,1
teachers,1
inevitably,1
children,1
zeitzer,1
germans,1
testing,1
envisioning,1
forging,1
goodwill,1
charges,1
feedback,1
discussed,1
serious,1
audiences,1
match,1
forms,1
disapprobation,1
setback,1
clemens,1
dominion,1
accusations,1
learn,1
bolsheviki,1
ground,1
tales,1
victimizing,1
ninety,1
thousands,1
operating,1
shown,1
disaffection,1
purposes,1
spivak,1
affiliate,1
florence,1
michael,1
bolt,1
duties,1
alchemy,1
agencies,1
focusing,1
uneasily,1
resigned,1
native,1
apathy,1
eds,1
donation,1
books,1
controversy,1
sell,1
mobilized,1
ing,1
clung,1
free,1
rancor,1
chair,1
saunders,1
desires,1
autobiography,1
grounds,1
protesting,1
von,1
fundamentally,1
mccann,1
greatest,1
shapiro,1
meaningful,1
diverse,1
extended,1
vast,1
survive,1
considering,1
hymes,1
birth,1
easier,1
skit,1
doomed,1
northampton,1
upon,1
scheme,1
represented,1
endowment,1
officially,1
discrimination,1
reaffirmed,1
persecutions,1
patricia,1
presiding,1
arose,1
demonstration,1
adopting,1
inexorably,1
depended,1
increase,1
sufficiently,1
maternalists,1
judge,1
lacunae,1
rona,1
lecture,1
amused,1
entirely,1
expression,1
downplayed,1
antinuclear,1
unfortunately,1
reeve,1
largely,1
persisted,1
augspurg,1
refers,1
coverage,1
equity,1
assume,1
brins,1
extraordinarily,1
proposed,1
conflicted,1
questions,1
hour,1
individuals,1
grounding,1
exerted,1
full,1
previous,1
hindered,1
relegated,1
cataclysmic,1
platform,1
undeservedly,1
versions,1
rejected,1
libby,1
strands,1
discovered,1
three,1
reality,1
aware,1
yivo,1
emphasizing,1
frustrated,1
language,1
agreement,1
points,1
safety,1
mead,1
supportive,1
objection,1
advocacy,1
defense,1
pride,1
divisions,1
someone,1
started,1
dissenting,1
summer,1
appointment,1
high,1
played,1
secured,1
lobbied,1
administrative,1
profiteering,1
anyone,1
keeper,1
preservation,1
bessie,1
standard,1
qune,1
expressing,1
wiplf,1
acculturate,1
latter,1
fiorello,1
curtailing,1
anybody,1
iwsa,1
gets,1
favored,1
witness,1
conclusions,1
facing,1
sentiment,1
pearl,1
stahl,1
internal,1
catastrophe,1
promote,1
dollars,1
hungarian,1
glenn,1
viable,1
relation,1
schott,1
trouble,1
theda,1
ann,1
nationally,1
scapegoats,1
isolating,1
masculine,1
heighten,1
beließ,1
loosen,1
suicidal,1
patterson,1
claiming,1
rhetorical,1
slightly,1
dominance,1
reassess,1
looked,1
securing,1
editorialized,1
morris,1
forefront,1
overthrow,1
destruction,1
relative,1
caution,1
velsen,1
perverted,1
recurring,1
particularist,1
imported,1
achieve,1
minimally,1
encompassing,1
immigration,1
widely,1
brown,1
imperialist,1
decried,1
attended,1
emily,1
decision,1
separate,1
tore,1
increasing,1
nadell,1
brave,1
ranging,1
upset,1
dealing,1
space,1
suffering,1
molly,1
seasons,1
referenced,1
fifty,1
twelve,1
discussing,1
illusory,1
me,1
raison,1
motivators,1
belonged,1
humanities,1
window,1
enumerated,1
wisdom,1
independent,1
redefine,1
singling,1
brandeis,1
science,1
yorks,1
broadened,1
figure,1
crucial,1
chance,1
erase,1
five,1
willingly,1
criminal,1
prophets,1
direst,1
vision,1
naturally,1
outlined,1
claimed,1
longtime,1
lines,1
deaths,1
exhorted,1
urges,1
remotely,1
ordinary,1
male,1
racial,1
referred,1
dimensions,1
orleck,1
crept,1
letterhead,1
merchandise,1
effectively,1
lawrence,1
contribution,1
transformation,1
indicate,1
robyn,1
traveled,1
displaying,1
helpful,1
analysis,1
surprising,1
lion,1
frontier,1
table,1
harshly,1
answer,1
centuries,1
sympathy,1
maxine,1
raising,1
worlds,1
confrontation,1
grounded,1
hardly,1
fought,1
seat,1
sara,1
addressed,1
nonsectarian,1
stephen,1
entertain,1
differentiated,1
abandonment,1
seriously,1
emma,1
renouncing,1
rarely,1
associated,1
tirelessly,1
precedence,1
singular,1
mordecai,1
lessons,1
firsthand,1
overriding,1
summy,1
exemplified,1
shout,1
anonymous,1
defend,1
incorporated,1
preclude,1
grand,1
forget,1
motive,1
founded,1
athens,1
extensive,1
constituted,1
committees,1
symbolic,1
ralph,1
levi,1
aspire,1
tenor,1
kesslerharris,1
wicked,1
hasia,1
appealing,1
appreciation,1
alternative,1
set,1
headed,1
feelings,1
defining,1
natural,1
tendencies,1
each,1
katz,1
bravery,1
illuminate,1
proponents,1
presidency,1
michels,1
steven,1
lying,1
expanding,1
folk,1
global,1
connection,1
exploration,1
seem,1
capital,1
best,1
yellow,1
jeanne,1
prominence,1
denoted,1
blanck,1
fearless,1
stupendous,1
returns,1
drifted,1
foundation,1
theology,1
greetings,1
rely,1
indignant,1
raphael,1
associations,1
cities,1
differed,1
climate,1
expel,1
enlarged,1
horizon,1
passage,1
renegotiate,1
flowed,1
absolutely,1
better,1
waldman,1
yeshiva,1
demilitarization,1
helping,1
didn,1
trying,1
redeem,1
scholarly,1
realities,1
notable,1
affirm,1
denouncing,1
carefully,1
dearborn,1
month,1
waldstreicher,1
nationalist,1
aiding,1
rebellion,1
maryland,1
abraham,1
lane,1
trope,1
goldman,1
comer,1
add,1
rationales,1
delegate,1
mere,1
condemn,1
merle,1
ceased,1
design,1
debate,1
extent,1
dream,1
understandably,1
waters,1
instigation,1
repetitive,1
greedy,1
engagements,1
divide,1
fighters,1
representations,1
pitted,1
awarded,1
renegotiating,1
minimal,1
ideal,1
hundreds,1
reorganize,1
boiled,1
size,1
travel,1
authorized,1
chairmen,1
middle,1
popular,1
bodies,1
ritually,1
fern,1
preserved,1
andrea,1
entrance,1
ruled,1
golomb,1
reported,1
ohio,1
introduced,1
adolf,1
content,1
maxwell,1
eleanor,1
alternatives,1
bussey,1
duty,1
reconstituted,1
convinced,1
infamous,1
die,1
ring,1
transition,1
administration,1
returning,1
everywhere,1
untidy,1
went,1
setty,1
rationale,1
souls,1
contraceptives,1
atrocity,1
mood,1
lesson,1
ranks,1
rebels,1
encouraging,1
maintained,1
definitions,1
writing,1
amalgamated,1
cruelty,1
mittee,1
lucia,1
denominational,1
mentor,1
cowardice,1
bio,1
named,1
buying,1
prioritize,1
indiana,1
promoted,1
ace,1
devoted,1
models,1
chaired,1
lists,1
background,1
argues,1
editor,1
leveled,1
frontiers,1
vietnam,1
trusted,1
disarray,1
bauamerican,1
yom,1
quotas,1
quest,1
wielded,1
opens,1
catherine,1
finally,1
rosh,1
hurt,1
trap,1
newsletter,1
kuzmack,1
documentation,1
manufacturers,1
consumers,1
americas,1
integrated,1
cooper,1
define,1
cobble,1
speaking,1
green,1
regime,1
lotte,1
product,1
smaller,1
americanness,1
thoughtful,1
integration,1
regular,1
variously,1
effects,1
piece,1
prospect,1
playing,1
forming,1
off,1
recalling,1
increased,1
recital,1
worried,1
ruth,1
oversimplifying,1
needs,1
unwillingness,1
foregrounding,1
profits,1
specific,1
civic,1
anticommunist,1
pioneering,1
assumed,1
attending,1
conflated,1
combination,1
deployment,1
archival,1
unwaveringly,1
justify,1
bell,1
morse,1
inasmuch,1
hitlerites,1
buechler,1
brink,1
create,1
texts,1
views,1
rein,1
entire,1
delicate,1
sensibility,1
orphaned,1
kuhn,1
ends,1
taylor,1
north,1
observed,1
tired,1
virtue,1
ga,1
asked,1
built,1
workings,1
tragic,1
outlawed,1
pastorello,1
exhorts,1
continuously,1
