WORDCOUNTS,WEIGHT
the,253
and,147
of,129
to,87
in,85
a,76
history,50
his,44
as,43
that,34
new,32
gary,31
s,29
on,29
was,28
with,26
by,24
nash,24
american,23
who,20
he,18
this,18
it,17
for,17
work,17
their,16
they,15
education,15
from,15
had,15
national,15
teachers,14
schools,14
is,13
been,12
social,12
standards,12
scholarly,12
has,12
public,12
were,12
be,12
york,11
bruner,11
scholar,11
or,11
revolution,11
not,10
but,10
i,10
kosciuszko,10
rugg,10
press,10
have,10
an,10
at,9
career,9
university,9
then,9
teaching,9
academic,9
cheney,9
g,9
jefferson,9
research,9
when,9
would,9
culture,8
over,8
many,8
america,8
years,8
early,8
way,7
into,7
scholars,7
political,7
knowledge,7
its,7
during,7
harvard,7
students,7
since,7
course,7
nchs,7
d,7
linda,6
how,6
still,6
school,6
just,6
preeminent,6
two,6
long,6
also,6
are,6
scholarship,6
what,6
directly,6
because,6
nation,6
which,6
against,6
between,6
symcox,6
society,6
educator,5
humanities,5
other,5
all,5
narrative,5
very,5
committed,5
reform,5
them,5
cambridge,5
her,5
part,5
ma,5
politicians,5
people,5
thus,5
so,5
lynne,5
innovative,4
curricula,4
slavery,4
ordinary,4
center,4
hull,4
lives,4
schoolhouse,4
too,4
these,4
most,4
ravitch,4
friend,4
crabtree,4
only,4
more,4
book,4
out,4
historical,4
past,4
cultural,4
war,4
however,4
time,4
books,4
controversy,4
historians,4
u,4
hall,4
congress,4
freedom,4
slaves,4
jr,4
traditional,4
use,4
ideas,4
project,4
ucla,4
crisis,4
like,4
working,4
him,4
progressive,4
can,4
professional,4
democracy,3
now,3
americans,3
today,3
she,3
if,3
bring,3
e,3
itself,3
life,3
c,3
white,3
studies,3
assistant,3
wars,3
thinking,3
director,3
peoples,3
pundits,3
democratic,3
ever,3
important,3
know,3
l,3
each,3
different,3
nhsp,3
prolific,3
ivory,3
leaders,3
down,3
conservative,3
agrippa,3
inquiry,3
man,3
turned,3
took,3
pedagogical,3
promise,3
improve,3
thaddeus,3
fight,3
politics,3
both,3
r,3
parents,3
curriculum,3
disciplines,3
moral,3
write,3
challenges,3
our,3
finn,3
nj,3
shared,3
high,3
one,3
arena,3
learning,3
black,3
pioneering,3
textbooks,3
create,3
develop,3
world,3
we,3
deeply,3
recent,3
should,3
will,2
poor,2
led,2
philadelphia,2
me,2
heroes,2
continued,2
rather,2
created,2
order,2
red,2
reason,2
levine,2
accepted,2
souza,2
began,2
associate,2
understand,2
caricatured,2
uses,2
hodges,2
schoolteachers,2
foner,2
about,2
portrayed,2
tower,2
under,2
greater,2
harsh,2
palmer,2
latest,2
light,2
historian,2
friendship,2
englewood,2
princeton,2
w,2
must,2
department,2
being,2
first,2
volume,2
sources,2
workshops,2
funding,2
media,2
perceived,2
than,2
opinion,2
trained,2
natural,2
current,2
friends,2
environment,2
j,2
liberty,2
based,2
went,2
sixth,2
betrayal,2
memory,2
europe,2
did,2
best,2
twenty,2
could,2
proposal,2
great,2
p,2
effort,2
any,2
atlantic,2
report,2
launched,2
radical,2
pioneer,2
crucible,2
documents,2
lead,2
state,2
improving,2
believed,2
do,2
equally,2
godechot,2
tradition,2
robert,2
remarkable,2
behind,2
attack,2
majority,2
see,2
making,2
issue,2
mind,2
while,2
primary,2
free,2
age,2
chair,2
notion,2
betrayed,2
future,2
bloom,2
literature,2
radically,2
made,2
schlesinger,2
neh,2
hounded,2
endowment,2
materials,2
invited,2
point,2
revolutions,2
content,2
three,2
role,2
along,2
african,2
identity,2
era,2
tale,2
make,2
approach,2
bitter,2
central,2
another,2
away,2
psychologist,2
california,2
devoted,2
such,2
development,2
own,2
patriots,2
paradigm,2
forgotten,2
creating,2
individual,2
adopted,2
pedagogy,2
characterized,2
critics,2
collaboration,2
sputnik,2
ability,2
century,2
kind,2
discourse,2
appleby,2
thomas,2
remains,2
shift,2
old,2
around,2
campaign,2
deeds,2
every,2
times,2
back,2
organizations,2
charlotte,2
depression,2
withdrew,2
extraordinary,2
single,2
become,2
decline,2
january,2
up,2
h,2
story,2
journal,2
much,2
prentice,2
macos,2
cliffs,2
influence,2
hirsch,2
tragic,2
nations,1
subversive,1
model,1
dynamic,1
things,1
higher,1
failed,1
retreated,1
battle,1
critical,1
accepting,1
defended,1
lambasted,1
where,1
assigned,1
relationship,1
halls,1
indigenous,1
pejorative,1
unbeknownst,1
steady,1
fits,1
ventured,1
give,1
limits,1
matter,1
due,1
span,1
academia,1
polish,1
various,1
swallowing,1
noble,1
act,1
science,1
gao,1
crucial,1
sessions,1
meaning,1
usually,1
economic,1
worldview,1
france,1
december,1
willingly,1
groups,1
soviet,1
advanced,1
across,1
continuing,1
developed,1
hide,1
synthesis,1
arctic,1
math,1
service,1
labeled,1
commitment,1
ready,1
program,1
vols,1
pieces,1
subject,1
true,1
go,1
basic,1
motivated,1
extreme,1
address,1
tide,1
nationwide,1
appreciate,1
inclusive,1
months,1
dump,1
nearly,1
revolutionary,1
primarily,1
responded,1
line,1
slow,1
lofty,1
success,1
community,1
seen,1
formative,1
view,1
ultimate,1
reconstruction,1
opportunity,1
campus,1
armistice,1
mainstream,1
stellar,1
lecture,1
after,1
americas,1
doran,1
trash,1
publisher,1
entirely,1
unprecedented,1
initially,1
b,1
talk,1
certain,1
told,1
relativism,1
ii,1
unity,1
covering,1
direct,1
elementary,1
parts,1
ongoing,1
hitherto,1
put,1
easily,1
special,1
possess,1
study,1
methods,1
profoundly,1
agency,1
ample,1
danger,1
analysis,1
airwaves,1
label,1
designed,1
involuntary,1
grade,1
united,1
join,1
once,1
problematic,1
fancher,1
defunded,1
knopf,1
holmes,1
addressing,1
ways,1
muscles,1
fray,1
fields,1
resurgent,1
barrier,1
citizens,1
fascinating,1
assaults,1
describe,1
push,1
eighteen,1
democratize,1
represents,1
rules,1
accident,1
struggle,1
presidents,1
association,1
happened,1
case,1
involved,1
serve,1
conscious,1
disingenuously,1
soon,1
fought,1
counterparts,1
sex,1
message,1
sesso,1
earliest,1
targets,1
realities,1
cause,1
illustrious,1
exposes,1
matters,1
challenged,1
publications,1
position,1
intersecting,1
western,1
seems,1
necessarily,1
angered,1
allies,1
regularly,1
enshrined,1
neglected,1
laid,1
included,1
magical,1
aura,1
unknown,1
question,1
dc,1
tells,1
discussion,1
takes,1
proved,1
before,1
sum,1
complete,1
vehemently,1
following,1
same,1
herbert,1
assume,1
temple,1
comes,1
series,1
without,1
incredible,1
broad,1
argued,1
version,1
changing,1
excellence,1
origins,1
defend,1
resounding,1
already,1
turning,1
joyce,1
breakthrough,1
experience,1
unusually,1
array,1
exposed,1
continues,1
cast,1
popular,1
known,1
gravity,1
follow,1
alfred,1
eskimo,1
t,1
beyond,1
gaps,1
bringing,1
especially,1
followed,1
constructed,1
masses,1
lee,1
hence,1
alii,1
resolution,1
leader,1
problems,1
museums,1
exemplifies,1
aside,1
willing,1
somehow,1
left,1
movements,1
law,1
attacks,1
exclusive,1
greatness,1
recruited,1
temporarily,1
theory,1
challenge,1
helped,1
power,1
controversial,1
films,1
simply,1
strategy,1
faced,1
toward,1
again,1
decades,1
others,1
patriot,1
ran,1
secretary,1
myths,1
mutually,1
mifflin,1
similarly,1
perceive,1
rallying,1
promoting,1
anthropological,1
reflections,1
patriotic,1
discredit,1
monthly,1
projects,1
contention,1
raw,1
nature,1
departure,1
dow,1
moving,1
paine,1
my,1
canon,1
came,1
anything,1
company,1
unpatriotic,1
path,1
stories,1
seem,1
newspapers,1
needs,1
societies,1
broken,1
found,1
loomed,1
argue,1
difficulty,1
studied,1
hands,1
called,1
appeared,1
horde,1
houghton,1
reverse,1
access,1
throughout,1
outlived,1
four,1
α,1
choice,1
naturally,1
fully,1
inevitably,1
seven,1
fifteen,1
manifested,1
energetic,1
break,1
changed,1
output,1
government,1
associates,1
fellows,1
closer,1
demonstrating,1
forging,1
shelves,1
resume,1
inherently,1
ago,1
take,1
graham,1
fifth,1
emancipate,1
fashion,1
flex,1
wealthy,1
there,1
almost,1
search,1
lafayette,1
consciousness,1
country,1
relativistic,1
assessment,1
senate,1
better,1
terrible,1
reformer,1
considered,1
topics,1
learn,1
stayed,1
lens,1
normal,1
formation,1
mid,1
defending,1
discipline,1
illiberal,1
internationalizes,1
bewildered,1
lessons,1
within,1
stinging,1
carefully,1
vintage,1
unique,1
context,1
establish,1
teacher,1
population,1
selected,1
campaigned,1
defense,1
harshness,1
want,1
particular,1
involvement,1
persevered,1
disuniting,1
eradicate,1
outstanding,1
russell,1
practice,1
ed,1
repealing,1
disparity,1
focusing,1
textbook,1
rich,1
hoped,1
perceives,1
passed,1
tension,1
awards,1
producing,1
narrate,1
native,1
approached,1
attacked,1
deep,1
find,1
conclude,1
pulled,1
todays,1
cognition,1
bitterly,1
biographies,1
studying,1
stance,1
failure,1
remained,1
republican,1
beset,1
rationality,1
process,1
ingrained,1
proposing,1
structures,1
local,1
conservatives,1
heroically,1
simon,1
participation,1
episode,1
outcome,1
soldier,1
dilemmas,1
lawrence,1
luck,1
glue,1
meier,1
nurturing,1
mapped,1
proves,1
situated,1
condition,1
grand,1
dissimilar,1
formerly,1
canceled,1
knew,1
you,1
hear,1
publish,1
may,1
examples,1
birth,1
diane,1
little,1
move,1
upon,1
presented,1
eighteenth,1
vote,1
trial,1
women,1
analyzed,1
heart,1
sides,1
trajectory,1
brought,1
stake,1
clio,1
given,1
say,1
doubleday,1
through,1
denigrated,1
neoconservative,1
beach,1
despite,1
interaction,1
example,1
multicultural,1
manservant,1
calls,1
berliner,1
eradicated,1
even,1
bequeathed,1
became,1
urban,1
akin,1
himself,1
contradiction,1
europeans,1
top,1
common,1
chronic,1
spurred,1
step,1
assumptions,1
got,1
repeating,1
abolish,1
melting,1
beginning,1
generals,1
strengthens,1
souls,1
encounter,1
gave,1
sold,1
affront,1
congruence,1
programs,1
discussions,1
demanding,1
sign,1
emphasize,1
canons,1
workshop,1
jerome,1
colonial,1
collaborative,1
stress,1
writing,1
falling,1
eroding,1
questions,1
tr,1
claiming,1
interactions,1
jeopardy,1
million,1
disillusioned,1
accessible,1
trust,1
come,1
eric,1
personal,1
reflect,1
cry,1
states,1
relegated,1
considerable,1
dunn,1
unruly,1
frauds,1
longman,1
spring,1
multiethnic,1
graders,1
dotted,1
rage,1
north,1
won,1
results,1
ambivalent,1
foes,1
empowering,1
class,1
open,1
inevitable,1
professor,1
memoirs,1
coin,1
rowen,1
fine,1
graduate,1
twentieth,1
conditions,1
shortcomings,1
absorb,1
clouds,1
jacques,1
delay,1
boston,1
washington,1
grant,1
accept,1
movement,1
exiled,1
outrage,1
wallstreet,1
interest,1
lectures,1
vigilante,1
disappointed,1
good,1
change,1
ease,1
biddle,1
contributors,1
running,1
literacy,1
david,1
lively,1
harper,1
enlightenment,1
needed,1
normally,1
someone,1
successful,1
issued,1
newt,1
fulfilled,1
educationist,1
no,1
vanguard,1
period,1
federal,1
specialists,1
reformers,1
inherent,1
funded,1
summer,1
staying,1
dubbed,1
pay,1
rooted,1
topic,1
superintendents,1
replaced,1
distinction,1
narratives,1
next,1
piece,1
forced,1
copies,1
playing,1
forming,1
off,1
transforming,1
fringe,1
anyone,1
earlier,1
misunderstanding,1
quite,1
gingrich,1
pot,1
manufactured,1
presidential,1
late,1
immigrants,1
illuminates,1
spent,1
interim,1
why,1
belonging,1
maintaining,1
felt,1
closing,1
educational,1
moved,1
discovery,1
treats,1
supported,1
replacing,1
pa,1
written,1
fatal,1
immigration,1
architect,1
enacted,1
undercutting,1
response,1
serving,1
researching,1
acts,1
disturbing,1
young,1
observe,1
mediocrity,1
towers,1
let,1
references,1
distinguished,1
attached,1
ally,1
schuster,1
usual,1
condemning,1
displayed,1
right,1
methodological,1
excluded,1
classrooms,1
debate,1
inductive,1
jason,1
participating,1
seeking,1
explore,1
identify,1
men,1
viking,1
harold,1
impoverished,1
acrimonious,1
student,1
norton,1
unresolved,1
gloria,1
raised,1
multiracial,1
northern,1
concepts,1
focus,1
row,1
colleague,1
submitting,1
among,1
apparently,1
institution,1
explains,1
diverges,1
jointly,1
deriving,1
tired,1
longer,1
leadership,1
newly,1
building,1
broader,1
acted,1
built,1
attention,1
inducted,1
leapfrogging,1
race,1
rest,1
close,1
restore,1
perilously,1
major,1
curricular,1
perception,1
seemed,1
anda,1
alaska,1
continuously,1
grants,1
spare,1
