WORDCOUNTS,WEIGHT
the,480
of,280
and,211
in,181
to,136
history,109
a,96
for,67
as,63
that,58
is,48
on,46
from,40
with,39
or,38
society,35
their,31
students,30
group,28
by,27
this,25
different,25
uses,24
which,24
historians,24
at,23
political,23
use,23
professional,23
sweden,23
s,22
an,22
be,22
historical,21
it,19
they,19
see,19
was,18
knowledge,18
also,18
assignment,18
used,17
were,16
are,16
medieval,15
groups,15
other,15
vikings,15
about,15
contemporary,15
past,14
can,14
ivory,14
popular,14
course,14
some,13
tower,13
i,12
such,12
social,12
role,12
world,12
between,12
one,11
discipline,11
academic,11
work,11
swedish,11
including,11
not,11
theme,11
what,11
eklöf,10
stefan,10
amirell,10
how,10
its,10
more,10
figure,10
presented,10
ways,9
into,9
all,9
forum,9
university,9
has,9
people,9
own,9
research,9
many,9
ages,9
them,9
middle,9
have,9
o,8
large,8
themes,8
linnaeus,8
century,8
exercise,8
most,8
cultural,8
purpose,8
example,8
presentations,8
no,8
hand,8
period,8
historian,8
each,8
och,8
english,7
had,7
class,7
interest,7
even,7
image,7
descent,7
out,7
events,7
however,7
well,7
but,7
both,7
press,7
among,7
holocaust,6
modern,6
ii,6
studied,6
context,6
task,6
against,6
interesting,6
whereas,6
public,6
existential,6
make,6
historia,6
j,6
new,6
model,6
made,6
theoretical,6
relation,6
been,6
life,6
often,6
education,6
commercial,6
typology,6
democracy,5
way,5
www,5
might,5
u,5
moral,5
expected,5
learning,5
http,5
general,5
presentation,5
k,5
moreover,5
age,5
understood,5
wide,5
part,5
during,5
reflect,5
stockholm,5
several,5
results,5
economic,5
participants,5
these,5
noted,5
only,5
appendix,5
living,5
list,5
karlsson,5
subject,5
national,5
needs,5
much,5
page,4
meaning,4
tosh,4
om,4
live,4
before,4
nineteenth,4
princeton,4
contexts,4
connection,4
able,4
there,4
those,4
internet,4
point,4
x,4
kind,4
turn,4
spite,4
festivals,4
higher,4
his,4
main,4
sekelskifte,4
se,4
lay,4
important,4
my,4
based,4
p,4
users,4
viking,4
war,4
gotland,4
r,4
london,4
broad,4
least,4
wider,4
up,4
variety,4
various,4
distorted,4
classroom,4
two,4
debates,4
present,4
less,4
material,4
perhaps,4
degree,4
week,4
questions,4
finally,4
would,4
function,4
who,4
analysis,4
school,4
version,4
carl,4
whether,4
information,4
generally,4
through,4
defined,4
early,4
should,4
if,3
till,3
truth,3
minutes,3
instructions,3
agency,3
tend,3
zander,3
position,3
first,3
sources,3
promoting,3
official,3
last,3
written,3
lindqvist,3
nordic,3
insight,3
lund,3
human,3
central,3
thus,3
objective,3
relatively,3
perspective,3
six,3
consequently,3
may,3
rights,3
whose,3
hobsbawm,3
rather,3
soviet,3
jamtli,3
after,3
similar,3
disintegration,3
days,3
decades,3
view,3
union,3
came,3
bruk,3
studying,3
your,3
aspects,3
literature,3
describe,3
discussions,3
than,3
good,3
responsibility,3
few,3
will,3
dagar,3
above,3
study,3
positive,3
culture,3
same,3
teaching,3
useful,3
chose,3
book,3
europe,3
analytical,3
time,3
outside,3
do,3
necessary,3
number,3
demonstrated,3
classes,3
understanding,3
discussion,3
examples,3
background,3
encouraged,3
empirical,3
high,3
distinction,3
latter,3
invented,3
today,3
sometimes,3
five,3
ordinary,3
success,3
any,3
following,3
demonstrate,3
agents,3
outcome,3
over,3
intellectual,3
interested,3
seem,3
did,3
regard,3
ideological,3
particularly,3
terms,3
particular,3
extent,3
thereby,3
city,3
courses,3
twentieth,3
web,3
you,3
elites,3
difficult,2
bernard,2
undergraduate,2
allegedly,2
concerned,2
created,2
commitment,2
college,2
everybody,2
reflection,2
summarizing,2
sandström,2
semester,2
materials,2
experience,2
said,2
t,2
invention,2
give,2
ulf,2
bild,2
moderna,2
achievement,2
take,2
nationalism,2
xx,2
concepts,2
system,2
primary,2
boosting,2
possible,2
ludmilla,2
functions,2
richard,2
obvious,2
apart,2
far,2
regarding,2
throughout,2
explained,2
modify,2
development,2
since,2
topic,2
commercialization,2
times,2
subjects,2
young,2
characterized,2
third,2
publications,2
student,2
apparently,2
deeply,2
tolerance,2
generation,2
natur,2
weapon,2
livers,2
enhancing,2
growth,2
developed,2
levels,2
didactic,2
politicians,2
certain,2
leave,2
parts,2
reason,2
lives,2
established,2
section,2
just,2
edition,2
ideologies,2
glorious,2
argued,2
initiative,2
recovered,2
isolation,2
providing,2
descriptive,2
character,2
remembered,2
could,2
method,2
called,2
mythical,2
though,2
tools,2
teacher,2
population,2
svensk,2
impression,2
tider,2
basis,2
future,2
unless,2
discusses,2
related,2
actors,2
stimulate,2
cat,2
participate,2
reconstructing,2
towards,2
encounters,2
manifestation,2
either,2
computer,2
kultur,2
working,2
php,2
things,2
volume,2
tercentenary,2
next,2
order,2
contrast,2
clothes,2
stimulated,2
involved,2
industry,2
tended,2
methodological,2
universities,2
erika,2
am,2
rest,2
enjoy,2
avoid,2
chronological,2
f,2
academia,2
indeed,2
medeltidsveckan,2
play,2
motivated,2
merits,2
ice,2
experiences,2
tends,2
uppsala,2
oxford,2
interpretation,2
reference,2
hugh,2
arrangements,2
helms,2
legitimation,2
included,2
ed,2
strata,2
ordinance,2
oral,2
lewis,2
popularity,2
stories,2
others,2
addition,2
efforts,2
artists,2
lack,2
fundamental,2
agree,2
choice,2
teachers,2
larger,2
john,2
external,2
simple,2
conclusions,2
fornstora,2
learn,2
purposes,2
celebrated,2
project,2
widespread,2
published,2
findings,2
continue,2
archaeological,2
publication,2
som,2
peter,2
interpret,2
uo,2
spread,2
features,2
problems,2
article,2
deliberate,2
probably,2
analyze,2
controversial,2
convincingly,2
relationship,2
plays,2
importantly,2
grade,2
respect,2
types,2
upplösning,2
itself,2
sovjetunionens,2
rarely,2
associated,2
practice,2
summary,2
series,2
botanist,2
circumstances,2
respective,2
apprehended,2
funding,2
set,2
debatter,2
advertisements,2
correspond,2
very,2
better,2
turned,2
investigation,2
escapist,2
debate,2
local,2
observations,2
ideal,2
nj,2
november,2
medeltida,2
assumptions,2
programs,2
varied,2
eric,2
false,2
ultimately,2
extremism,2
years,2
cambridge,2
rationalization,2
historiebruk,2
corrective,2
contributed,2
instead,2
integrated,2
need,2
states,2
association,2
observation,2
jordanova,2
develop,2
appealing,2
images,2
here,2
observed,2
broader,2
final,1
mimic,1
does,1
unsure,1
currently,1
customer,1
personally,1
genocides,1
representing,1
rev,1
opponent,1
southgate,1
separated,1
splicing,1
career,1
market,1
e,1
introduction,1
manuscript,1
distributed,1
per,1
reflective,1
american,1
discover,1
speculated,1
complex,1
integrity,1
kinds,1
designed,1
prime,1
ma,1
formed,1
lajvare,1
asserted,1
confines,1
h,1
approaches,1
rediscover,1
conscious,1
incidentally,1
transparency,1
former,1
theatre,1
lation,1
powerpoint,1
virtually,1
encourage,1
invent,1
individually,1
something,1
thematic,1
contested,1
descriptions,1
source,1
women,1
cruises,1
negative,1
test,1
being,1
synonymous,1
gap,1
explaining,1
clip,1
shedding,1
long,1
every,1
parliamentary,1
supposedly,1
gothenburg,1
universitv,1
entailed,1
originally,1
deterministic,1
restoration,1
military,1
concentrated,1
progression,1
rare,1
emerged,1
shortage,1
discerned,1
seems,1
departure,1
historiography,1
words,1
parties,1
ismiljö,1
electable,1
available,1
nordstedt,1
tradition,1
leading,1
historiland,1
assess,1
advantage,1
daily,1
imagery,1
reasons,1
gradual,1
potentially,1
producing,1
assembled,1
follows,1
shot,1
government,1
thanks,1
closer,1
reveal,1
scandinavians,1
antiquarianism,1
hanna,1
survey,1
kingdom,1
subsequent,1
help,1
tiden,1
englund,1
infinitely,1
raised,1
principal,1
investigations,1
reading,1
theodore,1
within,1
return,1
nazism,1
papers,1
uu,1
contents,1
marketed,1
british,1
case,1
evaluation,1
afterword,1
takes,1
collectives,1
suspect,1
studentlitteratur,1
effort,1
persian,1
righteous,1
key,1
av,1
discuss,1
right,1
solving,1
representations,1
accountability,1
distributing,1
football,1
implies,1
logical,1
activity,1
pleasant,1
shared,1
player,1
hungry,1
pianist,1
vital,1
terence,1
pirates,1
desired,1
except,1
goods,1
grading,1
compares,1
popur,1
surged,1
dagbladet,1
mat,1
handicraft,1
internationally,1
collection,1
sign,1
descend,1
corresponding,1
evans,1
learned,1
laiva,1
exercises,1
laypersons,1
fun,1
delimit,1
unrealized,1
quality,1
reject,1
pursue,1
analyzing,1
pursuit,1
scarce,1
lectures,1
bridging,1
ability,1
relations,1
portray,1
towers,1
jeremy,1
cf,1
emerges,1
humboldt,1
pdf,1
forced,1
hat,1
cases,1
adjustment,1
elements,1
underlying,1
uncontroversial,1
profound,1
highest,1
hopefully,1
productid,1
extraordinary,1
left,1
module,1
dessa,1
explore,1
propagated,1
journal,1
corrected,1
appreciated,1
islossning,1
educators,1
north,1
paleography,1
delivered,1
influence,1
fierce,1
impressions,1
vapen,1
implementation,1
glad,1
dvd,1
selectively,1
aim,1
deviation,1
simultaneously,1
profoundly,1
racism,1
avslutas,1
urged,1
york,1
town,1
essential,1
varying,1
without,1
introvert,1
heraldry,1
nationalmuseum,1
bring,1
l,1
exhibidescent,1
adapt,1
en,1
explicit,1
process,1
communism,1
neatly,1
represented,1
opportunity,1
deprived,1
kennels,1
slipped,1
associate,1
b,1
derived,1
balanced,1
dialogue,1
dismiss,1
consequences,1
supposed,1
troublesome,1
suffice,1
thought,1
fantasy,1
modified,1
escape,1
perceptions,1
marks,1
forget,1
statistical,1
encourages,1
benefits,1
organized,1
popularizing,1
abuses,1
mistakes,1
linked,1
elsewhere,1
director,1
likened,1
contesting,1
historieland,1
too,1
threat,1
upper,1
bilder,1
orientation,1
four,1
democratic,1
commented,1
fràn,1
pâ,1
origins,1
beyond,1
tourism,1
horned,1
consequence,1
spicing,1
élite,1
puts,1
erroneous,1
founding,1
m,1
suggested,1
yapen,1
denounce,1
assessments,1
standards,1
result,1
alienation,1
harbor,1
declined,1
histories,1
critically,1
sacrifice,1
deal,1
international,1
relate,1
requirements,1
larsson,1
aloof,1
sight,1
captured,1
inaugural,1
herman,1
base,1
respects,1
term,1
lajv,1
late,1
accurately,1
further,1
outset,1
traced,1
pointing,1
informed,1
entertaining,1
activist,1
recently,1
companies,1
fulfill,1
applied,1
younger,1
otherwise,1
projector,1
rubber,1
sport,1
colleges,1
explain,1
instrumental,1
required,1
taught,1
använda,1
levande,1
creates,1
influenced,1
receive,1
kitchen,1
representatives,1
unequal,1
flourish,1
drawn,1
scope,1
listening,1
received,1
joanna,1
translate,1
writers,1
nine,1
claim,1
imagined,1
concept,1
ranger,1
curriculum,1
surprise,1
fairy,1
whole,1
year,1
genuine,1
gave,1
tale,1
place,1
collective,1
relevance,1
butter,1
schoolchildren,1
historien,1
cuio,1
systematic,1
workload,1
heated,1
interpreted,1
status,1
weeks,1
östersund,1
errors,1
sverige,1
causal,1
remember,1
linnéâret,1
pick,1
creating,1
iningar,1
painting,1
correct,1
describing,1
level,1
below,1
cataracts,1
son,1
arabic,1
television,1
sporting,1
emphasizes,1
sharp,1
emerging,1
event,1
specifically,1
around,1
eightweek,1
spanish,1
autonomy,1
concerns,1
highly,1
certainly,1
longman,1
carrier,1
dedicated,1
parliament,1
when,1
using,1
games,1
notes,1
föres,1
value,1
grateful,1
sophistication,1
asp,1
champion,1
subsequently,1
appeal,1
seats,1
meaningfully,1
critical,1
therefore,1
whopping,1
film,1
led,1
he,1
scrutinize,1
transform,1
critics,1
chains,1
strategists,1
requirement,1
scientific,1
employ,1
doctoral,1
short,1
tried,1
dressed,1
anniversary,1
female,1
tjacket,1
escapism,1
prevailing,1
poor,1
object,1
oppressed,1
narrowing,1
specifying,1
intolerance,1
mainstream,1
expanded,1
indicates,1
levandehistoria,1
inhabited,1
decisions,1
adapted,1
bread,1
consulted,1
resilient,1
scarcity,1
guide,1
contributing,1
coherence,1
criticism,1
yet,1
museum,1
violence,1
meanwhile,1
citation,1
goran,1
security,1
makes,1
marginal,1
happened,1
extremists,1
mission,1
den,1
under,1
inspiration,1
förbundet,1
axiomatic,1
challenged,1
ne,1
selective,1
us,1
index,1
kungarike,1
complete,1
gov,1
outlined,1
already,1
insights,1
odds,1
reports,1
increasingly,1
rise,1
subjective,1
deconstruct,1
party,1
worst,1
name,1
successfully,1
temporarily,1
challenge,1
assert,1
power,1
request,1
stated,1
kenneth,1
conceived,1
similarly,1
experienced,1
lengthy,1
expose,1
twenty,1
factual,1
valid,1
consideration,1
limit,1
clarendon,1
departments,1
iräaktig,1
broadly,1
creative,1
boots,1
children,1
really,1
personal,1
forging,1
dispassionate,1
immunization,1
époque,1
serious,1
gothic,1
forms,1
took,1
consciously,1
monographs,1
everyday,1
journalists,1
midvinterblot,1
developing,1
relevant,1
interview,1
informally,1
paired,1
agencies,1
focusing,1
winkvist,1
smorgasbord,1
eds,1
books,1
sell,1
style,1
fundamentals,1
confront,1
beverley,1
explicitly,1
free,1
remarkably,1
website,1
thoroughly,1
another,1
thousands,1
commercialized,1
deaf,1
vast,1
drevinger,1
intimate,1
session,1
finnish,1
specializing,1
celebrations,1
explanation,1
range,1
helps,1
directions,1
underprivileged,1
region,1
attainment,1
enhanced,1
rehabilitation,1
increase,1
identity,1
listener,1
lecture,1
food,1
stakeholders,1
sold,1
emphasize,1
approach,1
ideas,1
ethnic,1
processes,1
lifestyle,1
real,1
engaged,1
services,1
raising,1
falsification,1
sees,1
described,1
versions,1
trade,1
clear,1
three,1
reality,1
directed,1
authors,1
stress,1
points,1
safety,1
workers,1
august,1
individual,1
bildgalleri,1
feasible,1
attach,1
allowed,1
minister,1
summer,1
fr,1
played,1
aronsson,1
obtained,1
practiced,1
lag,1
black,1
provides,1
accused,1
construct,1
imagination,1
artificial,1
ture,1
educational,1
cup,1
especially,1
outcomes,1
misunderstandings,1
employees,1
parallel,1
methods,1
unconvinced,1
midwinter,1
craft,1
become,1
implementing,1
shallow,1
organizers,1
undemocratic,1
structure,1
percent,1
motorcycle,1
story,1
ye,1
saw,1
we,1
amateur,1
connections,1
electronics,1
stick,1
lang,1
councils,1
delimited,1
attention,1
concluded,1
widely,1
swedes,1
justin,1
depth,1
consists,1
flock,1
twelve,1
me,1
emancipating,1
succinctly,1
persson,1
she,1
independent,1
provide,1
segments,1
bulk,1
minorities,1
vision,1
practical,1
nyberg,1
program,1
pieces,1
celebration,1
inside,1
male,1
lies,1
patients,1
institutions,1
independence,1
concluding,1
insist,1
seen,1
translation,1
force,1
worse,1
understand,1
anxiety,1
pà,1
countries,1
why,1
insecurity,1
applicants,1
efficiency,1
fall,1
commenting,1
united,1
entertainment,1
dead,1
centuries,1
instances,1
empathy,1
pressures,1
investigate,1
götiska,1
dissertation,1
stimulates,1
environment,1
authorities,1
fifteen,1
thinking,1
aspiring,1
lessons,1
elaborate,1
conclusion,1
norms,1
extensive,1
geographic,1
ever,1
fran,1
cfsport,1
discrepancy,1
woody,1
constructed,1
quotes,1
narrowly,1
text,1
sciences,1
drew,1
bath,1
cover,1
strai,1
principle,1
faulty,1
december,1
misrepresentations,1
auxiliary,1
routledge,1
relieve,1
roman,1
believe,1
marginalization,1
down,1
unscathed,1
ph,1
report,1
foundation,1
clearly,1
cautious,1
reflected,1
allocated,1
identities,1
movie,1
producers,1
consciousness,1
passage,1
works,1
assessment,1
options,1
zeldin,1
advances,1
ideally,1
salomon,1
dismissing,1
beginning,1
scholarly,1
polanski,1
horns,1
implicit,1
form,1
namely,1
making,1
ibid,1
imposed,1
excursions,1
thirty,1
metaphor,1
proven,1
attitudes,1
mere,1
theory,1
classrooms,1
consisting,1
fascination,1
her,1
while,1
pursued,1
grades,1
orientations,1
suspicion,1
ascertain,1
adorned,1
universe,1
art,1
researchers,1
outline,1
intention,1
occasionally,1
kim,1
must,1
wedge,1
furniture,1
peace,1
attached,1
excesses,1
decisive,1
sea,1
altogether,1
content,1
alternatives,1
beer,1
sfs,1
verification,1
easy,1
giving,1
focal,1
intended,1
disciplines,1
rendering,1
täl,1
rigid,1
com,1
conventional,1
acknowledges,1
detförflutna,1
reconstruct,1
equipped,1
phenomenon,1
aims,1
ensuing,1
writing,1
gain,1
coming,1
think,1
tions,1
turkish,1
rewarding,1
precision,1
remarks,1
prepared,1
granta,1
come,1
question,1
enthusiasm,1
tell,1
models,1
touch,1
average,1
initiated,1
quest,1
decrease,1
ournalist,1
paradigm,1
conditions,1
defence,1
charge,1
visby,1
motives,1
wish,1
slides,1
actively,1
although,1
typically,1
immersion,1
land,1
define,1
d,1
boring,1
socially,1
markus,1
evidence,1
blueprint,1
discernable,1
product,1
colleagues,1
remains,1
shift,1
braudel,1
showed,1
worried,1
specific,1
svenska,1
removing,1
themselves,1
c,1
charged,1
sectors,1
obligation,1
irrelevant,1
supporter,1
fears,1
equipment,1
given,1
traditional,1
focus,1
manifests,1
strong,1
seek,1
ab,1
gangs,1
arnold,1
roles,1
major,1
