WORDCOUNTS,WEIGHT
the,918
of,619
and,539
in,384
to,286
a,231
pp,210
p,127
that,119
british,118
economic,111
s,110
history,108
was,95
by,88
canada,84
imperialism,79
on,79
australia,78
city,76
capital,75
this,75
australian,75
for,73
canadian,73
london,72
were,68
as,67
it,66
from,63
be,60
hopkins,52
see,52
review,50
financial,50
their,49
new,49
investment,49
cain,46
is,46
not,46
r,45
these,45
empire,45
with,45
economist,45
rules,44
at,42
which,42
j,40
had,40
government,39
c,38
or,38
also,38
an,37
capitalism,36
have,36
investors,35
i,34
could,33
colonial,33
would,32
financiers,32
more,31
d,31
between,31
society,30
gentlemanly,29
business,29
m,28
such,27
bank,27
political,26
g,26
power,26
they,25
one,25
public,25
might,24
t,24
oxford,24
britain,24
w,23
times,23
economy,23
policy,22
development,22
borrowing,22
after,22
commerce,22
finance,22
game,22
dilley,22
there,21
state,21
b,21
railway,21
other,21
e,20
journal,20
labour,20
are,20
some,19
however,19
its,19
may,19
trade,19
imperial,19
market,18
century,18
particular,18
esp,18
south,18
melbourne,18
eds,18
idem,18
h,17
western,17
andrew,17
even,17
stock,17
overseas,17
but,17
private,17
chamber,17
theory,17
all,16
companies,16
when,16
world,16
f,16
ed,16
banking,16
been,16
interests,15
n,15
important,15
colonies,15
july,15
only,15
railways,15
free,15
foreign,15
much,15
if,14
groups,14
per,14
has,14
politics,14
them,14
v,14
practice,14
exchange,14
mining,14
countries,14
through,14
debate,14
cent,13
company,13
estimates,13
than,13
toronto,13
about,13
commonwealth,13
many,13
ibid,13
grand,13
correspondent,13
while,13
expenditure,12
case,12
montreal,12
yet,12
lord,12
two,12
tariff,12
dominions,12
made,12
michie,12
especially,12
trunk,12
global,12
states,12
securities,12
large,11
attard,11
vol,11
international,11
since,11
thus,11
well,11
davis,11
governments,11
sector,11
we,11
seen,11
what,11
twentieth,11
nineteenth,10
first,10
investments,10
money,10
l,10
tariffs,10
wales,10
imports,10
edn,10
less,10
sir,10
credit,10
upon,10
schedvin,10
period,10
high,10
borrowers,10
often,10
matters,10
hobson,10
agm,10
gold,10
way,9
total,9
debt,9
within,9
dependence,9
cambridge,9
influence,9
no,9
how,9
settler,9
latin,9
export,9
markets,9
war,9
ontario,9
connections,9
social,9
cassis,9
will,9
percentage,9
banks,9
discussion,9
immigration,9
analysis,9
different,9
form,9
inflow,9
press,9
merchant,9
argentina,9
taxation,9
land,9
into,8
ii,8
great,8
papers,8
party,8
argued,8
greater,8
nelles,8
year,8
discussions,8
issues,8
regions,8
few,8
june,8
actions,8
expansion,8
southern,8
structural,8
informal,8
dominion,8
remained,8
robinson,8
co,8
northern,8
stocks,8
grenfell,8
control,8
country,8
did,8
dumett,8
number,8
whether,8
balance,8
became,8
years,8
defence,8
reciprocity,8
although,8
news,8
recent,8
american,7
stone,7
english,7
those,7
x,7
bankers,7
interest,7
feb,7
relations,7
response,7
y,7
essays,7
loans,7
rights,7
essential,7
drummond,7
societies,7
out,7
property,7
legislation,7
mcaloon,7
involved,7
april,7
make,7
under,7
us,7
queensland,7
industrial,7
national,7
article,7
become,7
can,7
attention,7
who,7
table,7
any,7
stable,7
over,7
both,7
concessions,7
appleyard,7
ser,7
concerned,6
studies,6
hence,6
kynaston,6
tab,6
america,6
account,6
porter,6
possible,6
million,6
expected,6
affairs,6
warned,6
general,6
whose,6
without,6
main,6
risk,6
similar,6
house,6
nivison,6
preference,6
came,6
here,6
events,6
late,6
placed,6
because,6
example,6
platt,6
annual,6
thought,6
thesis,6
same,6
payments,6
investor,6
again,6
time,6
local,6
services,6
kubicek,6
where,6
relationship,6
figure,6
wilson,6
system,6
returns,6
particularly,6
far,6
historical,6
edwardian,6
quoted,6
content,6
until,6
crisis,6
prosperity,6
early,6
does,5
common,5
affected,5
position,5
before,5
being,5
nature,5
book,5
leading,5
ottawa,5
robert,5
gdcf,5
march,5
sinclair,5
back,5
bibliographical,5
jones,5
loan,5
rather,5
his,5
across,5
levels,5
certain,5
direct,5
established,5
most,5
beyond,5
cost,5
pastoral,5
found,5
relational,5
produce,5
required,5
received,5
heart,5
ot,5
sydney,5
place,5
people,5
financier,5
monetary,5
level,5
debts,5
order,5
settlement,5
glendyne,5
small,5
concerns,5
provided,5
activities,5
nations,5
therefore,5
he,5
various,5
pacific,5
emerged,5
security,5
others,5
pressure,5
reform,5
zealand,5
never,5
took,5
wood,5
degree,5
range,5
including,5
use,5
theories,5
significance,5
agreement,5
unpub,5
mount,5
standard,5
study,5
electric,5
attracted,5
figures,5
africa,5
lines,5
dec,5
construction,5
considered,5
stephen,5
victoria,5
potter,5
darwin,5
chapman,5
domestic,5
butlin,5
secure,5
viner,5
nov,5
product,5
themselves,5
should,5
directors,4
moment,4
measures,4
told,4
likely,4
ways,4
ms,4
source,4
diversity,4
strikes,4
highlighted,4
www,4
prospectuses,4
vols,4
tabs,4
england,4
analyses,4
hanna,4
take,4
secondly,4
raised,4
issue,4
tovey,4
sought,4
prove,4
very,4
resources,4
laws,4
framework,4
currency,4
merchants,4
unity,4
young,4
played,4
growth,4
federal,4
contributions,4
rising,4
green,4
liberal,4
section,4
withers,4
frequently,4
commented,4
dependency,4
raw,4
closely,4
hands,4
lawson,4
further,4
aspects,4
indirect,4
population,4
directly,4
provincial,4
already,4
nation,4
excessive,4
overview,4
during,4
change,4
accused,4
below,4
contrast,4
depression,4
budgets,4
brown,4
mccarty,4
lenin,4
implications,4
materials,4
indeed,4
limited,4
perth,4
once,4
noted,4
strike,4
lowenfeld,4
adherence,4
shows,4
ought,4
end,4
aug,4
contemporary,4
do,4
necessary,4
another,4
depended,4
australians,4
net,4
office,4
denison,4
dominated,4
so,4
ended,4
wilkins,4
exactly,4
european,4
institutions,4
bonds,4
univ,4
stockbroker,4
rarely,4
then,4
constituted,4
paper,4
organized,4
best,4
down,4
research,4
rural,4
works,4
keynes,4
huttenback,4
westminster,4
maintain,4
constitutional,4
agreed,4
bodies,4
presented,4
role,4
subject,4
cash,4
varied,4
jan,4
formation,4
ultimately,4
armstrong,4
gross,4
increased,4
contrasting,4
views,4
firstly,4
phimister,3
archives,3
formulated,3
inward,3
rate,3
done,3
trains,3
agency,3
library,3
continent,3
easily,3
modern,3
considerations,3
former,3
service,3
ritortus,3
experience,3
statist,3
sources,3
rush,3
capitalists,3
repr,3
principles,3
inherent,3
hundred,3
behind,3
forums,3
occasional,3
peculiarities,3
firm,3
draw,3
determined,3
minimum,3
speculation,3
points,3
run,3
calculated,3
surrounded,3
issued,3
pay,3
turn,3
recollection,3
amount,3
served,3
compared,3
like,3
rates,3
mechanism,3
failed,3
poor,3
online,3
madden,3
boehm,3
burk,3
revenues,3
process,3
conceptions,3
examined,3
imperialist,3
howe,3
means,3
perceptions,3
old,3
india,3
clearly,3
just,3
k,3
prevent,3
calculations,3
flow,3
nac,3
necessarily,3
standards,3
strathcona,3
lead,3
fortunes,3
relation,3
dispute,3
term,3
province,3
naylor,3
recently,3
exert,3
future,3
line,3
data,3
used,3
carry,3
prominent,3
whole,3
consistently,3
abel,3
policies,3
broad,3
survey,3
own,3
backdrop,3
good,3
borrower,3
caused,3
angeli,3
suggest,3
dictionary,3
next,3
specifically,3
multinational,3
industry,3
widely,3
core,3
parliament,3
always,3
up,3
settlers,3
unofficial,3
second,3
nonetheless,3
letters,3
wrote,3
overall,3
still,3
comments,3
guide,3
criticism,3
exposure,3
official,3
acting,3
indian,3
largest,3
costs,3
published,3
lewis,3
dalgety,3
hygm,3
smith,3
lobby,3
towards,3
idea,3
fundamental,3
bondholders,3
revenue,3
advantage,3
agree,3
dividends,3
daily,3
rawson,3
debates,3
enough,3
present,3
model,3
accepted,3
unclear,3
controversy,3
reflected,3
borden,3
govett,3
values,3
region,3
individuals,3
trust,3
raising,3
low,3
crises,3
clear,3
three,3
accounted,3
held,3
divisions,3
features,3
mines,3
why,3
faith,3
sentiment,3
problems,3
structure,3
contracts,3
controversial,3
checkland,3
dealing,3
utilities,3
imperialistic,3
effects,3
naturally,3
widespread,3
lobbying,3
dimensions,3
life,3
class,3
phrase,3
borrowings,3
united,3
centuries,3
itself,3
joseph,3
currie,3
tramways,3
series,3
oct,3
regime,3
borrow,3
drew,3
issuing,3
set,3
each,3
budgetary,3
shares,3
expatriate,3
expanding,3
anon,3
argue,3
mammon,3
chairman,3
past,3
thompson,3
outlook,3
according,3
purchase,3
conservatism,3
references,3
cause,3
hoped,3
moreing,3
extent,3
her,3
require,3
explored,3
almost,3
too,3
freedom,3
patmore,3
despite,3
williamson,3
assumptions,3
transcontinental,3
conversely,3
using,3
maintained,3
come,3
web,3
exerted,3
manufacturers,3
unified,3
campaign,3
charles,3
close,3
blainey,3
elites,3
enterprise,3
given,3
ends,3
north,3
ca,3
final,2
frequent,2
miller,2
difficult,2
possessed,2
estimated,2
later,2
corruption,2
created,2
concern,2
url,2
emergence,2
revived,2
profitability,2
determine,2
connection,2
introduction,2
federation,2
cochrane,2
sympathetic,2
basingstoke,2
needed,2
complex,2
touched,2
baskerville,2
formed,2
true,2
liabilities,2
protection,2
glazebrook,2
reciprocal,2
royal,2
reprinted,2
reassure,2
based,2
paterson,2
long,2
revisited,2
attempts,2
military,2
rapid,2
worked,2
seems,2
hazy,2
attractive,2
capitalist,2
continue,2
broken,2
potentially,2
conservative,2
ph,2
real,2
nationalism,2
evolving,2
harvey,2
failures,2
foolish,2
mind,2
emphasized,2
stand,2
blackwell,2
mail,2
signs,2
theodore,2
ingall,2
judgements,2
notion,2
violating,2
growing,2
globe,2
daunton,2
roy,2
politicized,2
hall,2
excentric,2
boosting,2
felt,2
machinery,2
entrepreneurs,2
drive,2
contractual,2
powers,2
fine,2
combination,2
skelton,2
desirable,2
above,2
along,2
bailey,2
investing,2
accessed,2
economies,2
ross,2
attract,2
controlled,2
regarding,2
throughout,2
holders,2
barton,2
against,2
september,2
regehr,2
multinationals,2
canadians,2
relatively,2
ung,2
richardson,2
decided,2
adopted,2
faithfull,2
whitney,2
supplies,2
pdf,2
lessening,2
attracting,2
maintaining,2
speculative,2
keep,2
document,2
stokes,2
judged,2
star,2
difficulty,2
generated,2
single,2
berwick,2
networks,2
drawn,2
spite,2
critique,2
apparently,2
businessman,2
zinc,2
distribution,2
finances,2
van,2
offices,2
fischer,2
recognized,2
york,2
act,2
subjected,2
pawn,2
mattered,2
ferguson,2
burroughs,2
repudiation,2
ch,2
determining,2
granted,2
connected,2
generally,2
derived,2
balanced,2
generating,2
tree,2
lay,2
consequences,2
support,2
reason,2
settled,2
provinces,2
fieldhouse,2
ensure,2
signed,2
image,2
continuity,2
wages,2
baster,2
numbers,2
weak,2
experienced,2
undertaken,2
neither,2
hereafter,2
exploitation,2
internal,2
advocated,2
view,2
appear,2
adelaide,2
result,2
http,2
questioned,2
municipalities,2
harder,2
begun,2
strength,2
attack,2
listen,2
sutcliffe,2
owen,2
light,2
blockade,2
app,2
hyam,2
equally,2
though,2
cultural,2
corp,2
promoters,2
youthful,2
priorities,2
suffered,2
applied,2
estimate,2
commitments,2
explain,2
criteria,2
failure,2
representatives,2
work,2
overviews,2
brought,2
electrical,2
knight,2
literature,2
gave,2
older,2
partly,2
actually,2
strain,2
boom,2
thereafter,2
advertising,2
divided,2
contentious,2
fears,2
scope,2
surrounding,2
regional,2
nor,2
monopoly,2
lionel,2
lhe,2
occasion,2
construct,2
hard,2
field,2
love,2
beaverbrook,2
owned,2
around,2
family,2
chamberlain,2
decline,2
tended,2
majority,2
eyes,2
deakin,2
production,2
notes,2
cannadine,2
subsequently,2
critical,2
led,2
reduced,2
matter,2
short,2
corporation,2
criticized,2
brief,2
commissioner,2
retrench,2
harry,2
vaughan,2
lloyds,2
indicates,2
orbit,2
experiences,2
liberalism,2
movement,2
perennial,2
shareholders,2
frank,2
bothwell,2
smithers,2
makes,2
restricted,2
boundary,2
home,2
extravagant,2
underwriting,2
raise,2
complete,2
shifting,2
naval,2
watched,2
reliance,2
increasingly,2
gentlemen,2
rise,2
sketch,2
harper,2
volume,2
routes,2
street,2
organizations,2
law,2
begg,2
fell,2
passed,2
statistics,2
similarly,2
put,2
searle,2
added,2
water,2
denoon,2
fact,2
scholars,2
underwriters,2
proposal,2
regulation,2
john,2
prospects,2
debated,2
arthur,2
navy,2
considerable,2
pattern,2
discussed,2
magee,2
canberra,2
question,2
hill,2
forms,2
reproductive,2
patterns,2
journalists,2
operating,2
road,2
japan,2
speyers,2
perhaps,2
dunn,2
compelled,2
guarantees,2
bulletin,2
nexus,2
able,2
simon,2
dyster,2
exploring,2
protectionism,2
campaigns,2
success,2
writings,2
formal,2
judge,2
louis,2
encouraged,2
illusion,2
sold,2
largely,2
emphasize,2
submitted,2
traders,2
complicated,2
open,2
exports,2
tamerlane,2
diplomacy,2
welcomed,2
peripheral,2
phil,2
workers,2
external,2
revised,2
japanese,2
him,2
brewer,2
magna,2
offer,2
earlier,2
least,2
latter,2
honorary,2
commentators,2
edmund,2
letterbooks,2
businesses,2
mainly,2
effect,2
enjoyed,2
seeking,2
probably,2
looked,2
saw,2
relative,2
division,2
decision,2
unremunerative,2
yields,2
fifty,2
aid,2
note,2
george,2
abounded,2
syndicates,2
practical,2
claimed,2
fear,2
meredith,2
marchildon,2
trading,2
yale,2
centenary,2
shone,2
rapidly,2
changes,2
responsible,2
tapped,2
arts,2
sound,2
premier,2
bimetallism,2
sections,2
anstey,2
reddish,2
share,2
associated,2
university,2
biography,2
must,2
mackenzie,2
offered,2
rival,2
consensus,2
command,2
cover,2
coghlan,2
natural,2
partner,2
principle,2
lenders,2
commission,2
rickard,2
unscrambling,2
urquhart,2
current,2
underwrite,2
losses,2
linked,2
collins,2
wilkinson,2
powell,2
written,2
guinea,2
disputes,2
masters,2
options,2
turned,2
unique,2
terms,2
stability,2
making,2
varying,2
axis,2
problem,2
foundations,2
prestige,2
baillieu,2
oo,2
mg,2
ideal,2
tasmania,2
ville,2
categories,2
millions,2
prairies,2
popular,2
burden,2
little,2
ill,2
met,2
dependent,2
scramble,2
subsidies,2
african,2
congenial,2
gilpin,2
editorial,2
ensuing,2
think,2
our,2
invested,2
argument,2
lists,2
editor,2
reveals,2
frontiers,2
trusted,2
paradigm,2
write,2
recovering,2
charge,2
marr,2
value,2
course,2
contributed,2
fiscal,2
need,2
davies,2
dicey,2
politicians,2
acted,2
duguid,2
remains,2
shift,2
wealth,2
anonymous,2
vi,2
potential,2
marxist,2
sectors,2
chicago,2
cook,2
ingham,2
develop,2
taylor,2
observed,2
concise,2
statement,2
building,2
oí,2
doing,2
chambers,2
costly,2
grants,2
hypothesis,2
overborrowing,1
proposed,1
riskier,1
triangle,1
undertakings,1
transportation,1
unobtainable,1
o,1
doubts,1
deny,1
admonished,1
sins,1
fj,1
curtailed,1
nitrates,1
brilliancy,1
meaning,1
names,1
effected,1
corporate,1
revue,1
stood,1
faced,1
commitment,1
ready,1
praised,1
judging,1
taft,1
extreme,1
extend,1
interventions,1
resulted,1
insufficiently,1
respecting,1
nationalities,1
cut,1
telegraph,1
stockbrokers,1
britam,1
manitoba,1
lecture,1
outweighed,1
gallagher,1
connect,1
forcing,1
scottish,1
group,1
becoming,1
replaced,1
partially,1
squandered,1
kinds,1
confidence,1
elaborated,1
conserved,1
ciallagher,1
sets,1
prime,1
ma,1
diversification,1
openness,1
confines,1
loomed,1
walker,1
pressing,1
cno,1
arrangement,1
conjectures,1
mommsen,1
nl,1
cif,1
flows,1
xxxi,1
ore,1
ti,1
ofgdcf,1
acceptance,1
fixed,1
ian,1
presents,1
treasurer,1
title,1
francis,1
occurred,1
worries,1
observing,1
aversion,1
biographical,1
garsington,1
unite,1
russell,1
jimk,1
arguing,1
migration,1
revision,1
doxat,1
oeorge,1
buys,1
homespun,1
themes,1
prosperous,1
test,1
proportion,1
consistent,1
anything,1
defeated,1
query,1
fraction,1
priced,1
either,1
prominently,1
provision,1
undermine,1
steamers,1
please,1
every,1
confident,1
certainly,1
relies,1
subscribed,1
disagreement,1
distinguishing,1
maynard,1
bitter,1
buoyant,1
cìdcf,1
breweries,1
fund,1
steady,1
chaos,1
concentrated,1
feeling,1
conflict,1
assist,1
bribed,1
rational,1
è,1
akita,1
kobinson,1
laughter,1
gary,1
stolen,1
privately,1
shaped,1
prejudices,1
nothing,1
explores,1
secondary,1
assess,1
broadly,1
suggesting,1
accompanied,1
desire,1
undertake,1
indulge,1
conditions,1
reasons,1
thank,1
critic,1
monckton,1
imported,1
arises,1
admittedly,1
studied,1
mills,1
link,1
tramway,1
reveal,1
concludes,1
launched,1
court,1
room,1
cpr,1
resulting,1
vic,1
listing,1
help,1
outset,1
achieved,1
damage,1
jill,1
embrace,1
carta,1
last,1
interviewed,1
date,1
precisely,1
remainder,1
mr,1
redemption,1
embody,1
china,1
profitable,1
somewhat,1
ambiguous,1
soured,1
manipulate,1
hostility,1
context,1
footnote,1
showbio,1
marketed,1
proposals,1
depends,1
foul,1
voting,1
afterword,1
fortune,1
takes,1
advocates,1
existence,1
alfred,1
pax,1
historians,1
grudgingly,1
indispensible,1
task,1
revival,1
repercussions,1
propensity,1
primary,1
spectrum,1
iv,1
saying,1
ventures,1
right,1
outlined,1
intermediaries,1
ethenngton,1
dynamics,1
receiving,1
announced,1
prior,1
capable,1
compelling,1
establishing,1
election,1
etc,1
functions,1
alter,1
october,1
fluctuation,1
move,1
eating,1
selfgovernment,1
original,1
radicals,1
smooth,1
except,1
conceptual,1
reflecting,1
isle,1
establishment,1
utmost,1
glamour,1
experiencing,1
apply,1
buxton,1
correlation,1
promises,1
himself,1
financed,1
swayed,1
letter,1
prevented,1
aggression,1
surplus,1
usage,1
li,1
reassurance,1
complained,1
guildhall,1
applauded,1
divorced,1
auckland,1
iron,1
collapse,1
bioid,1
surely,1
relationships,1
eventual,1
severe,1
mine,1
campbell,1
zv,1
inevitable,1
portfolio,1
illustrates,1
constantly,1
due,1
sustain,1
pursuit,1
reported,1
realized,1
victory,1
de,1
author,1
agent,1
lectures,1
amenability,1
ability,1
jjalf,1
highlighting,1
price,1
honestly,1
pig,1
forbade,1
aberdeen,1
waterworks,1
dubbed,1
reproduced,1
supremacy,1
dealings,1
jewel,1
fright,1
vanished,1
asymmetrical,1
senate,1
financing,1
contemplated,1
exercise,1
pessimistic,1
items,1
clashes,1
immigrants,1
fielding,1
concerning,1
memorandum,1
intercourse,1
profound,1
subjects,1
disproportionately,1
encompass,1
carruthers,1
highest,1
serving,1
columbia,1
independence,1
africans,1
gauge,1
honour,1
arranged,1
left,1
third,1
jeremy,1
soundness,1
weakening,1
profit,1
compel,1
explore,1
kyabram,1
forster,1
island,1
unbounded,1
interlocking,1
preserving,1
outflow,1
impositions,1
tones,1
ceases,1
commentating,1
conceded,1
immunity,1
weakness,1
restricting,1
coal,1
centurv,1
violate,1
alarm,1
industries,1
critics,1
oj,1
wilfrid,1
mechanisms,1
surprisingly,1
dd,1
beb,1
otter,1
colour,1
asserted,1
manipulated,1
commissioners,1
adequate,1
town,1
mrange,1
predicted,1
operations,1
exact,1
bring,1
destroy,1
traffic,1
bypassing,1
essence,1
watch,1
remain,1
interpretation,1
organise,1
aggressive,1
moggridge,1
organizing,1
progenitor,1
influential,1
square,1
liability,1
dangers,1
culminating,1
ïnp,1
succour,1
mean,1
comparable,1
prefabricated,1
injure,1
active,1
restraint,1
goes,1
bankruptcy,1
protectionist,1
mile,1
legal,1
read,1
importance,1
alaska,1
strange,1
tan,1
jeopardize,1
inseparably,1
leacy,1
offering,1
white,1
earl,1
productive,1
philadelphia,1
xxx,1
scattered,1
space,1
miscellaneous,1
moreover,1
enlisted,1
ordeal,1
ij,1
determination,1
empires,1
brunswick,1
developments,1
operates,1
adopt,1
marks,1
alaskan,1
tensions,1
monolithic,1
consider,1
delegation,1
maiden,1
bribery,1
organization,1
fast,1
statistical,1
bconomic,1
seas,1
yellow,1
grounds,1
workplace,1
boon,1
internationale,1
specify,1
driven,1
mav,1
ì,1
accrued,1
dominate,1
record,1
traces,1
articulated,1
fifth,1
contemporaries,1
tnis,1
calendar,1
listed,1
repudiating,1
benefited,1
orientation,1
four,1
kalgorlie,1
resorted,1
commonly,1
occupied,1
breakdowns,1
additional,1
oi,1
rationally,1
powerful,1
telegraphs,1
drought,1
latitude,1
followed,1
mephen,1
underperformance,1
goldfields,1
comprising,1
â,1
channelled,1
hydro,1
cancel,1
endemic,1
imminent,1
dominant,1
counihan,1
helped,1
scandals,1
barring,1
strategy,1
suggested,1
providing,1
obstruction,1
strengthen,1
retirement,1
systems,1
profligacy,1
dc,1
conflicts,1
lords,1
conquest,1
irrigation,1
behaviour,1
opening,1
hegan,1
compulsory,1
my,1
assets,1
rivals,1
pounds,1
aftermath,1
concentration,1
agenda,1
blamed,1
discount,1
rule,1
entered,1
search,1
six,1
ambitions,1
wiped,1
economics,1
transference,1
demands,1
infrequent,1
facilitate,1
criticisms,1
radical,1
package,1
pioneer,1
emerge,1
vigorous,1
shield,1
solicitors,1
interpretations,1
featured,1
im,1
brokers,1
acquiring,1
applying,1
milne,1
intervening,1
fourth,1
hh,1
prompt,1
furthermore,1
pointing,1
understood,1
informed,1
healthy,1
australasia,1
kitchener,1
michigan,1
flagship,1
mediated,1
unsympathetic,1
agreements,1
viewed,1
produced,1
wasteful,1
cannot,1
otherwise,1
handled,1
rubber,1
safe,1
nw,1
xiv,1
absolved,1
guarantee,1
approached,1
injudiciously,1
facilities,1
availability,1
wide,1
retord,1
negotiated,1
tracking,1
pressurize,1
james,1
switch,1
canadianamerican,1
possibility,1
wants,1
influenced,1
affair,1
silver,1
welby,1
improve,1
pigs,1
lost,1
gained,1
animated,1
keeping,1
having,1
sanguine,1
network,1
spheres,1
basis,1
distinguish,1
urgency,1
closed,1
makers,1
hung,1
abroad,1
implement,1
strengths,1
tconomic,1
reid,1
start,1
seeming,1
carries,1
framed,1
prompted,1
heavily,1
part,1
ccooos,1
apparent,1
confined,1
related,1
confirms,1
revealed,1
feared,1
ten,1
bitterest,1
booming,1
wholesome,1
describe,1
follies,1
travel,1
omnibus,1
probes,1
denominated,1
calculating,1
preparedness,1
disdainful,1
structures,1
stimulate,1
otates,1
statcan,1
winter,1
call,1
poll,1
forces,1
betöre,1
adhere,1
cone,1
spicer,1
achieving,1
bbk,1
president,1
status,1
cornerstone,1
minds,1
manipulation,1
errors,1
violated,1
citing,1
prices,1
contests,1
detailed,1
expended,1
responses,1
niagara,1
sense,1
xxvi,1
fostered,1
revolution,1
wished,1
stage,1
storm,1
kalgoorlie,1
box,1
politically,1
rushed,1
discourse,1
consolidation,1
sharp,1
generators,1
quite,1
claim,1
emerging,1
insurance,1
inextricably,1
divisive,1
encompasses,1
hemisphere,1
mitchell,1
autonomy,1
amounted,1
shapes,1
floating,1
bridge,1
grow,1
resolution,1
disaster,1
presence,1
dramatic,1
trusts,1
peak,1
niches,1
convey,1
cos,1
distinguished,1
junctures,1
impossible,1
incurred,1
orthodox,1
progress,1
venezuelan,1
unlimited,1
discusses,1
results,1
proper,1
pa,1
paid,1
correspondence,1
cj,1
french,1
cycle,1
unduly,1
carlton,1
newly,1
crentlemanly,1
australasian,1
aggregate,1
sporadic,1
favoured,1
chip,1
promising,1
meshed,1
asp,1
behalf,1
invest,1
incentive,1
seemed,1
lend,1
periods,1
tea,1
threatened,1
portion,1
defended,1
moscow,1
highlights,1
san,1
fa,1
transform,1
delineating,1
brightest,1
observations,1
advocate,1
crreen,1
trepidation,1
indicative,1
giving,1
positions,1
located,1
schemes,1
cloud,1
acknowledged,1
theorizing,1
provoking,1
merits,1
exception,1
posed,1
reduce,1
îo,1
converted,1
community,1
authorizing,1
telephones,1
reconstruction,1
interactions,1
refusal,1
xxxxi,1
underwritten,1
wind,1
currencies,1
seemingly,1
cbritish,1
imperialisms,1
positive,1
engineering,1
xxxxvi,1
communications,1
cheap,1
relied,1
shipping,1
auspices,1
roseate,1
fair,1
meanwhile,1
arrangements,1
wake,1
underdevelopment,1
coverage,1
creditors,1
requiring,1
emigrants,1
extravagances,1
albert,1
corrupt,1
subcategories,1
inilow,1
inconsistencies,1
termination,1
supplied,1
recruited,1
perceived,1
management,1
compiled,1
february,1
constant,1
earned,1
falls,1
ci,1
bind,1
asia,1
abandon,1
ideology,1
sharply,1
dread,1
pseudonym,1
floor,1
deliver,1
accelerated,1
robust,1
retrenching,1
parties,1
illustrated,1
reports,1
insolvency,1
begins,1
cy,1
enterprises,1
avoided,1
considers,1
declining,1
double,1
retired,1
lazards,1
lavish,1
chagrin,1
alteration,1
nova,1
outbreak,1
britannica,1
histoire,1
members,1
starting,1
fire,1
critiques,1
tour,1
chamberlainites,1
disengagement,1
rocked,1
temptation,1
assert,1
upset,1
patient,1
disquiet,1
laurier,1
pointed,1
europe,1
towns,1
addition,1
projects,1
missing,1
efforts,1
arbitration,1
conformity,1
longer,1
diminishing,1
admit,1
consideration,1
offers,1
complaints,1
head,1
occurrence,1
areas,1
overhead,1
instability,1
aires,1
appeared,1
documents,1
abstract,1
extended,1
contradict,1
really,1
break,1
larger,1
identity,1
associates,1
preferring,1
bmpire,1
seize,1
chs,1
variation,1
prejudiced,1
venture,1
golden,1
underpin,1
unsurprisingly,1
man,1
observes,1
minister,1
hùtory,1
bility,1
docks,1
hand,1
paris,1
profligate,1
clusters,1
manner,1
discussing,1
en,1
tne,1
understandings,1
wvt,1
existing,1
shared,1
conceiving,1
establish,1
interrelate,1
orthodoxy,1
vulnerable,1
gallman,1
marketable,1
slice,1
duties,1
colony,1
volatile,1
banner,1
populist,1
metropolitan,1
jnà,1
sell,1
hays,1
bchedvin,1
amounting,1
reconciled,1
ades,1
ror,1
deficit,1
refuted,1
historiographical,1
sirwilliam,1
xaxxlll,1
argues,1
encompassed,1
strings,1
torontonian,1
outburst,1
meetings,1
sterling,1
crown,1
classes,1
understanding,1
bond,1
oil,1
vast,1
fetish,1
atlantic,1
registers,1
examples,1
birth,1
treated,1
alliance,1
upsetting,1
stronger,1
discovery,1
reversed,1
preferential,1
sacrifices,1
bear,1
contours,1
deposits,1
transformed,1
schröter,1
enhanced,1
enormous,1
previously,1
chaplin,1
sufficiently,1
canals,1
ruling,1
expand,1
host,1
depreciating,1
waste,1
significant,1
travelling,1
flatt,1
unfortunately,1
pervasiveness,1
operated,1
station,1
rivers,1
nsw,1
refers,1
factor,1
causes,1
congress,1
ideas,1
products,1
probability,1
senselessly,1
questions,1
glyn,1
processes,1
trend,1
rare,1
causing,1
recovery,1
engaged,1
examination,1
specifies,1
supplement,1
full,1
irocess,1
fold,1
theoretical,1
continuities,1
discontinuities,1
described,1
grant,1
excused,1
finally,1
versions,1
worry,1
biographi,1
type,1
provoked,1
leads,1
increment,1
doctors,1
worrying,1
comprehensive,1
publication,1
motoring,1
maintenance,1
logic,1
amounts,1
pride,1
allowed,1
caribbean,1
collaboration,1
helpful,1
promotions,1
reformers,1
function,1
summer,1
collected,1
lie,1
renewal,1
wish,1
adequately,1
glynn,1
neutral,1
lighting,1
decide,1
migrants,1
legislatures,1
outcomes,1
accusing,1
dollars,1
disaggregation,1
differently,1
exported,1
commands,1
enabled,1
confidently,1
topics,1
buenos,1
facts,1
excluded,1
scotia,1
january,1
extravagance,1
grudging,1
arbitrage,1
implication,1
brassey,1
sept,1
dominance,1
telegraphed,1
macmillan,1
institution,1
destruction,1
persuading,1
payment,1
governor,1
caution,1
rallied,1
rays,1
reckless,1
la,1
concluded,1
justice,1
examines,1
johnson,1
bee,1
increasing,1
compendium,1
analytical,1
ranging,1
factors,1
wage,1
accepting,1
negotiations,1
imbalance,1
violation,1
today,1
quantification,1
publishing,1
gtrc,1
wisdom,1
replied,1
evolve,1
continued,1
inhabitants,1
movements,1
neighbour,1
crucial,1
holiday,1
globalisation,1
staples,1
testing,1
fields,1
flowed,1
reasonable,1
edc,1
ballot,1
insecure,1
ironically,1
select,1
attitude,1
favour,1
wing,1
insufficient,1
primarily,1
substitution,1
disagreements,1
aitken,1
sensitive,1
concluding,1
affinity,1
qld,1
strongly,1
force,1
began,1
effectively,1
understand,1
proposition,1
threaten,1
specific,1
contribution,1
remaining,1
jt,1
osterhammel,1
stimulated,1
directorate,1
inspired,1
satisfaction,1
expectations,1
kill,1
existed,1
fall,1
achieve,1
baron,1
transferring,1
allowances,1
endure,1
resembled,1
discourses,1
get,1
coalminers,1
face,1
articles,1
pressures,1
rigorous,1
militia,1
xxix,1
forests,1
undertook,1
proof,1
meant,1
seriously,1
authorities,1
dreadnought,1
material,1
terrible,1
following,1
socialistic,1
broke,1
worsened,1
exemplified,1
mentioned,1
version,1
comparison,1
throw,1
mercantile,1
founded,1
mistook,1
agents,1
steel,1
officially,1
retard,1
demarcation,1
overstep,1
underwriter,1
dubious,1
shop,1
subsidized,1
shunned,1
xxxviii,1
willingness,1
barings,1
indebtedness,1
doi,1
creditor,1
sums,1
civilised,1
useful,1
winnipeg,1
alternative,1
equation,1
midvictorian,1
evade,1
outcome,1
ran,1
riortus,1
midnineteenth,1
revealing,1
litmus,1
stem,1
xxxx,1
tendencies,1
secured,1
readily,1
hconomic,1
inclined,1
journalist,1
interested,1
digested,1
seem,1
board,1
believe,1
gone,1
referees,1
ft,1
collapsing,1
leaders,1
stoneham,1
print,1
unscathed,1
gc,1
manipulations,1
half,1
wall,1
outlay,1
conflated,1
visiting,1
emphasis,1
report,1
branch,1
attractiveness,1
manuals,1
hinted,1
job,1
grey,1
contradictory,1
leeway,1
rely,1
goods,1
rothschilds,1
houses,1
uphold,1
gas,1
benefit,1
proved,1
enlightened,1
specification,1
adler,1
paralysed,1
tracts,1
pub,1
protect,1
passage,1
conditioned,1
assessment,1
absolutely,1
risky,1
respect,1
places,1
working,1
subordinate,1
counterproductive,1
believed,1
beginning,1
noise,1
defend,1
william,1
warnings,1
surpluses,1
virtual,1
succeeded,1
rests,1
fuller,1
reproduce,1
capita,1
month,1
circles,1
coffee,1
selected,1
ones,1
enlistment,1
intervened,1
together,1
maples,1
cuttings,1
metaphor,1
suspicions,1
attitudes,1
protective,1
devolutionary,1
writes,1
unbalanced,1
leaving,1
hatmakers,1
periphery,1
hesitate,1
institute,1
yield,1
information,1
demonstrated,1
pressurizing,1
suggests,1
commandments,1
suspicion,1
cluster,1
luy,1
distilleries,1
remunerative,1
varieties,1
occasionally,1
circumstances,1
beijing,1
dismantling,1
voice,1
recipients,1
attached,1
taxed,1
directorships,1
resentful,1
marketing,1
reductions,1
intermediating,1
november,1
regulate,1
easy,1
timings,1
scotland,1
undermining,1
administration,1
step,1
simply,1
hydroelectric,1
went,1
acute,1
etherington,1
conventional,1
substance,1
atti,1
jv,1
commodities,1
operate,1
obtain,1
reconstruct,1
arguments,1
manufacturing,1
treasury,1
recognised,1
disrupted,1
encouraging,1
isolated,1
writing,1
firms,1
gain,1
correspondences,1
banque,1
coming,1
contrasts,1
lucia,1
pieties,1
bargaining,1
devoted,1
moderate,1
voluminous,1
statute,1
models,1
radicalism,1
conducive,1
commercial,1
fi,1
difference,1
economisti,1
generate,1
lands,1
predispositions,1
average,1
undue,1
sensibilities,1
clubs,1
wielded,1
numerous,1
institutional,1
washington,1
seduce,1
broker,1
accept,1
bargains,1
xxxix,1
modifies,1
charta,1
usa,1
constructed,1
overtook,1
smaller,1
writer,1
renders,1
edmundwalker,1
ï,1
reviving,1
off,1
enlisting,1
eldridge,1
socialism,1
oldest,1
francisco,1
association,1
burdens,1
reford,1
worried,1
respective,1
profits,1
thousand,1
territories,1
drift,1
chinese,1
revert,1
engerman,1
defied,1
trader,1
harlow,1
clarify,1
snatched,1
collaborators,1
russia,1
terminology,1
charged,1
jamie,1
vary,1
era,1
partial,1
disrupting,1
cohesive,1
bounds,1
import,1
element,1
abandoned,1
re,1
immediately,1
strong,1
uk,1
among,1
worshipping,1
broader,1
asked,1
mistaken,1
major,1
ofwight,1
accountants,1
