WORDCOUNTS,WEIGHT
the,619
of,521
and,379
in,336
to,266
a,255
that,166
for,109
is,97
as,96
these,91
or,83
this,78
it,75
was,71
have,71
by,69
may,64
on,60
gossip,56
be,54
but,53
an,53
see,52
social,51
from,51
with,47
also,45
not,45
ancient,44
her,43
their,42
greek,42
i,40
who,39
against,37
women,36
magic,35
were,35
been,35
we,34
s,33
he,33
envy,32
supernatural,32
his,32
at,31
those,31
more,31
which,30
are,30
other,29
no,27
athens,27
trials,26
they,25
witchcraft,25
curse,25
has,24
some,24
if,22
about,22
such,21
charges,21
she,21
first,20
activities,20
accusations,20
number,20
phthonos,20
both,20
evidence,20
dynamics,19
example,19
ed,19
theoris,19
particular,19
case,18
than,18
pharmaka,18
ninon,18
trial,18
used,18
role,18
community,18
roman,17
ii,17
possible,17
present,17
eds,17
libanius,17
them,17
texts,17
does,16
modern,16
might,16
cases,16
curses,16
how,16
local,16
athenian,15
misfortune,15
had,15
brought,15
oxford,15
us,15
only,15
patterns,15
can,15
what,15
our,15
spells,15
charge,15
between,15
there,14
within,14
n,14
could,14
religious,14
new,14
so,14
persecution,14
suggests,14
into,13
seems,13
court,13
religion,13
tablets,13
however,13
historical,13
past,13
bce,13
nature,12
political,12
events,12
plato,12
similar,12
gods,12
its,12
processes,12
demosthenes,12
woman,12
suspicion,12
early,12
victim,11
century,11
process,11
legal,11
most,11
p,11
work,11
gordon,11
versnel,11
time,11
perhaps,11
made,11
would,11
simply,11
world,11
one,10
studies,10
all,10
poison,10
help,10
phryne,10
my,10
because,10
london,10
caused,10
society,10
second,10
two,10
another,10
understanding,10
use,10
individuals,10
different,10
text,10
very,10
through,10
com,10
cambridge,10
although,10
imagining,9
context,9
people,9
accused,9
variety,9
others,9
across,9
asebeia,9
me,9
provide,9
any,9
greeks,9
suspicions,9
d,9
among,9
trans,8
sources,8
j,8
sokrates,8
written,8
account,8
david,8
even,8
details,8
rather,8
stewart,8
while,8
binding,8
suggest,8
when,8
above,8
man,8
argues,8
discussion,8
three,8
anyone,8
plutarch,8
harm,8
likely,7
history,7
before,7
politics,7
guilty,7
g,7
communities,7
ce,7
m,7
further,7
appears,7
knidos,7
r,7
discusses,7
edn,7
jealousy,7
status,7
demeter,7
involved,7
family,7
violence,7
thought,7
official,7
love,7
name,7
death,7
classical,7
ibid,7
pindar,7
described,7
him,7
greece,7
understand,7
accusation,7
mentioned,7
temple,7
each,7
did,7
suffering,7
faraone,7
mention,7
writing,7
offer,7
writer,7
common,6
later,6
complex,6
identify,6
h,6
source,6
drugs,6
together,6
analyses,6
robert,6
laws,6
ritual,6
turn,6
oracles,6
rejoice,6
l,6
study,6
means,6
found,6
public,6
well,6
during,6
rituals,6
own,6
civic,6
jordan,6
describes,6
same,6
law,6
attacks,6
power,6
many,6
idea,6
discussed,6
v,6
paris,6
examples,6
significant,6
poisoning,6
period,6
article,6
guilt,6
probably,6
often,6
responsible,6
here,6
seem,6
collins,6
person,6
explanations,6
information,6
city,6
explanation,6
magical,6
charles,6
should,6
courts,5
incantations,5
groups,5
natural,5
lemnos,5
kinds,5
fate,5
murder,5
contexts,5
anything,5
creation,5
give,5
words,5
reading,5
bewitched,5
victims,5
cursing,5
todd,5
de,5
kind,5
whose,5
risk,5
certain,5
support,5
possibly,5
beyond,5
appear,5
graecae,5
attack,5
fourth,5
prompt,5
understood,5
let,5
inscriptiones,5
xenophon,5
literature,5
describe,5
josephus,5
approach,5
contrast,5
phrase,5
feelings,5
part,5
will,5
f,5
brief,5
female,5
god,5
punish,5
fact,5
men,5
eidinow,5
cult,5
fictional,5
including,5
herself,5
peter,5
christopher,5
become,5
justice,5
lysias,5
fear,5
indicate,5
life,5
analysis,5
practice,5
circumstances,5
control,5
witch,5
whether,5
terms,5
inscriptions,5
come,5
include,5
difficult,4
bendis,4
e,4
illegal,4
potions,4
motivation,4
ways,4
oracle,4
being,4
island,4
way,4
attempt,4
europe,4
pythian,4
thanks,4
take,4
real,4
mass,4
activity,4
point,4
conflict,4
divine,4
tatias,4
nor,4
response,4
honour,4
third,4
sorcery,4
without,4
bring,4
discoveries,4
tensions,4
literary,4
argued,4
nikomachos,4
suggested,4
view,4
friends,4
allow,4
speaker,4
out,4
harpokration,4
philosophical,4
late,4
poisons,4
cultural,4
writers,4
knowledge,4
description,4
place,4
actually,4
soweto,4
reflect,4
odes,4
someone,4
least,4
order,4
attention,4
few,4
executed,4
up,4
und,4
notes,4
crime,4
led,4
bringing,4
intended,4
innocence,4
make,4
dickie,4
corpus,4
hellenistic,4
divination,4
under,4
aristotle,4
noted,4
misery,4
cursed,4
end,4
pattern,4
rhetoric,4
do,4
where,4
philochoros,4
euripides,4
gives,4
private,4
identity,4
concern,4
questions,4
nevertheless,4
konstan,4
significance,4
individual,4
after,4
especially,4
k,4
structure,4
socrates,4
usually,4
male,4
seen,4
detailed,4
antiquity,4
detail,4
memorabilia,4
rival,4
der,4
over,4
connection,4
key,4
down,4
isokrates,4
speech,4
hyakinthos,4
prayers,4
hermes,4
priestess,4
cause,4
des,4
popular,4
giving,4
die,4
question,4
dangerous,4
course,4
leiden,4
fears,4
focus,4
much,4
democracy,3
done,3
names,3
mysteries,3
introduction,3
prostitutes,3
germany,3
group,3
lexicon,3
arguing,3
du,3
either,3
certainly,3
motivations,3
feeling,3
vols,3
scholia,3
suggesting,3
desire,3
differences,3
reveal,3
date,3
hostility,3
deadly,3
motivated,3
seminar,3
similarities,3
historians,3
orator,3
iv,3
richard,3
obvious,3
antigone,3
thus,3
experiences,3
development,3
bailey,3
relations,3
raises,3
occurs,3
cf,3
stepmother,3
perspective,3
mikalson,3
cohen,3
single,3
find,3
spite,3
apparently,3
halicarnassus,3
magika,3
schadenfreude,3
aeschines,3
york,3
magicians,3
yet,3
mean,3
earlier,3
ix,3
rutter,3
moreover,3
lives,3
poisoned,3
byzantine,3
too,3
w,3
powerful,3
campbell,3
followed,3
orationes,3
helped,3
important,3
drawing,3
behaviour,3
result,3
lead,3
appearance,3
term,3
punishment,3
war,3
explain,3
possibility,3
briefly,3
aspects,3
bc,3
concept,3
calls,3
related,3
gave,3
il,3
t,3
change,3
sense,3
successful,3
describing,3
working,3
prompted,3
condemned,3
ta,3
provided,3
epitaph,3
periods,3
appeal,3
south,3
therefore,3
unofficial,3
situation,3
minor,3
indeed,3
play,3
brings,3
still,3
indicates,3
newton,3
put,3
innovation,3
parker,3
fragmentary,3
happened,3
inconsistencies,3
included,3
insights,3
mentions,3
again,3
misfortunes,3
deviance,3
stories,3
scholars,3
attica,3
practitioners,3
john,3
contemporary,3
devil,3
forms,3
hand,3
execution,3
michael,3
hiera,3
tabellae,3
bear,3
slaves,3
resulting,3
epitaphs,3
vu,3
b,3
talk,3
reputation,3
defixionum,3
general,3
antiphon,3
like,3
provides,3
latter,3
prosecution,3
enemies,3
story,3
northern,3
professional,3
suggestion,3
fable,3
relationship,3
africa,3
herodotos,3
figure,3
foreign,3
you,3
becomes,3
dike,3
translation,3
dead,3
pharmakon,3
terrible,3
set,3
know,3
introducing,3
embassy,3
share,3
obbink,3
argue,3
presence,3
vicious,3
particularly,3
cities,3
just,3
list,3
thiasoi,3
osborne,3
intention,3
level,3
lies,3
audollent,3
false,3
wild,3
argument,3
years,3
reveals,3
jacques,3
perpetrator,3
formulae,3
involving,3
sexuality,3
remains,3
ser,3
glimpse,3
themselves,3
c,3
ashforth,3
chicago,3
create,3
given,3
branchidae,3
perception,3
go,2
ankarloo,2
jury,2
since,2
wrongdoing,2
unlawful,2
meaning,2
fase,2
diane,2
taussig,2
berlin,2
reinach,2
needed,2
conducted,2
jews,2
tend,2
essays,2
sokolowski,2
english,2
peloponnesian,2
environment,2
former,2
gr,2
trace,2
boulay,2
character,2
paper,2
eye,2
hendiadys,2
princeton,2
piraeus,2
morality,2
said,2
biabes,2
expertise,2
specifically,2
ethnologist,2
witches,2
setting,2
rare,2
emotion,2
tolerated,2
shaped,2
alexander,2
tradition,2
display,2
confusion,2
ben,2
sacred,2
current,2
papyrus,2
hostile,2
hyperides,2
attempted,2
system,2
fortune,2
jurors,2
ambiguity,2
recorded,2
matthew,2
translations,2
draw,2
killed,2
xcvi,2
accountability,2
colombia,2
oedipus,2
reaction,2
professionals,2
except,2
far,2
dirty,2
himself,2
penalty,2
includes,2
cicero,2
surely,2
thomassen,2
relationships,2
assumes,2
dei,2
relatively,2
regarded,2
courtroom,2
achievements,2
tam,2
forensic,2
clark,2
deeds,2
underlying,2
demons,2
concerning,2
contrary,2
citizen,2
robin,2
thasos,2
inschriften,2
rooted,2
macdowell,2
alexandria,2
weapon,2
recognized,2
identification,2
act,2
main,2
adds,2
gluckman,2
sort,2
en,2
dti,2
patronage,2
notion,2
conceptions,2
active,2
goes,2
plots,2
ongoing,2
generating,2
witness,2
nos,2
feel,2
von,2
derek,2
ones,2
changes,2
escape,2
rumors,2
university,2
colonialism,2
proved,2
impact,2
situations,2
sabazios,2
four,2
leverhulme,2
max,2
additional,2
expressed,2
slave,2
societies,2
speeches,2
sacrées,2
relating,2
cumont,2
relate,2
amer,2
illness,2
disruptive,2
buried,2
criminalization,2
accusers,2
otherwise,2
record,2
shamanism,2
judicial,2
wide,2
having,2
relatives,2
distinguish,2
douglas,2
wronged,2
tool,2
start,2
purkiss,2
claim,2
prominent,2
significantly,2
purpose,2
christians,2
apparent,2
secret,2
gender,2
reports,2
overview,2
ghana,2
alzate,2
et,2
translated,2
forces,2
surrounding,2
believes,2
grecques,2
mortals,2
alan,2
defixiones,2
healing,2
towards,2
cults,2
dastardly,2
creating,2
below,2
useful,2
magician,2
revolution,2
involve,2
coupled,2
mani,2
lois,2
mediterranean,2
assemble,2
event,2
around,2
simbolo,2
pain,2
concerns,2
munich,2
manchester,2
deviant,2
tituli,2
results,2
using,2
explains,2
am,2
corpse,2
antioch,2
letters,2
action,2
hold,2
spoken,2
allegations,2
resolution,2
read,2
alongside,2
tablet,2
evil,2
fifth,2
roper,2
asia,2
complete,2
franciszek,2
teaching,2
dropped,2
defendants,2
belonging,2
narratives,2
tricks,2
mantis,2
begins,2
rise,2
tias,2
picture,2
mocked,2
members,2
mark,2
similarly,2
addition,2
release,2
emotions,2
juliet,2
lack,2
xm,2
children,2
doubt,2
indictments,2
aesop,2
observes,2
impiety,2
model,2
folklore,2
unclear,2
vulnerable,2
less,2
uttered,2
strathern,2
esther,2
exploring,2
success,2
upon,2
range,2
values,2
inscription,2
writings,2
vindice,2
sixth,2
louis,2
murdered,2
unfortunately,2
prostitute,2
ideas,2
inflicted,2
actual,2
auf,2
archive,2
previous,2
boeotus,2
vii,2
finally,2
ties,2
discovered,2
provoked,2
moral,2
sensitivity,2
good,2
oration,2
fr,2
responses,2
features,2
played,2
ended,2
mountain,2
kept,2
legacy,2
repeated,2
commentators,2
reads,2
sight,2
pastand,2
effect,2
lists,2
figures,2
versus,2
connections,2
diagoras,2
thackeray,2
decision,2
asklapiadas,2
george,2
recall,2
sometimes,2
ideology,2
aristogeiton,2
sole,2
fully,2
suspected,2
vague,2
exacerbated,2
bulletin,2
inexplicable,2
collections,2
mendonsa,2
force,2
began,2
class,2
delitti,2
athen,2
mother,2
centuries,2
itself,2
arts,2
meant,2
stephen,2
ofthat,2
anthropological,2
curious,2
practised,2
then,2
historian,2
underpinned,2
series,2
known,2
precise,2
alternative,2
berkeley,2
country,2
anthropology,2
cultures,2
emendation,2
distinctions,2
deceive,2
gone,2
unknown,2
straightforward,2
punished,2
derrida,2
ff,2
enemy,2
rumour,2
identities,2
passage,2
works,2
living,2
clarity,2
prosecute,2
helping,2
making,2
fragmente,2
griechischen,2
delle,2
phenomena,2
categories,2
son,2
must,2
introduced,2
went,2
substance,2
families,2
phenomenon,2
gain,2
think,2
mockery,2
tell,2
motives,2
define,2
need,2
attributes,2
already,2
france,2
piece,2
seeks,2
association,2
vi,2
specific,2
clarify,2
glaukothea,2
charged,2
irrelevant,2
views,2
mutilated,2
develop,2
traditional,2
strong,2
doing,2
indicating,2
roles,2
montgomery,2
major,2
harmful,2
thorough,2
appeasement,1
final,1
resolve,1
deception,1
trick,1
alkibiades,1
ending,1
margins,1
incisively,1
phrasing,1
mostly,1
o,1
surface,1
sententiae,1
owes,1
dies,1
pseudodemosthenes,1
underpinning,1
dionysios,1
prostitution,1
stuart,1
concerned,1
medieval,1
anthony,1
indicated,1
substances,1
drachmae,1
imported,1
ashforthj,1
created,1
demonikos,1
snapshot,1
dangers,1
career,1
everyone,1
market,1
spiteful,1
college,1
halikarnassos,1
intriguing,1
chthonic,1
stands,1
passing,1
expect,1
village,1
speakers,1
reminding,1
letter,1
franz,1
risking,1
scandal,1
mad,1
surviving,1
word,1
competitions,1
authority,1
services,1
currency,1
underground,1
true,1
di,1
approaches,1
sudden,1
protagoras,1
traumatos,1
codicologica,1
cypern,1
restrains,1
xxxi,1
considerations,1
yvon,1
grove,1
descriptive,1
conclusive,1
policy,1
justified,1
coppers,1
necessarily,1
smyrna,1
encourage,1
occurred,1
holding,1
christentum,1
snell,1
exceptions,1
something,1
oligarch,1
sorcerer,1
leipzig,1
descriptions,1
practices,1
properties,1
intentions,1
théodore,1
politik,1
stress,1
lower,1
foretelling,1
member,1
cast,1
medea,1
mid,1
else,1
invention,1
whom,1
human,1
unexpected,1
coexist,1
collecti,1
implications,1
taken,1
genres,1
debating,1
estate,1
rev,1
epigraphicum,1
idylls,1
zeugnisse,1
confirmed,1
brulé,1
route,1
assembling,1
leading,1
explores,1
rennes,1
sceptre,1
great,1
battery,1
gradual,1
exotic,1
rich,1
normative,1
narrative,1
opposing,1
upsaliensis,1
liverpool,1
follows,1
aloud,1
link,1
hundred,1
onto,1
room,1
cohesion,1
prompts,1
sisala,1
olympian,1
survey,1
deemed,1
feature,1
harmondsworth,1
mind,1
priest,1
zu,1
keith,1
concepts,1
raised,1
demokratie,1
somewhat,1
ambiguous,1
synthetic,1
daniel,1
papers,1
existence,1
azande,1
ureeks,1
concealed,1
slip,1
issue,1
ascribed,1
dissemination,1
elided,1
mortal,1
philosopher,1
attacked,1
anthropologists,1
albeit,1
enchantment,1
draws,1
advice,1
histoire,1
logoi,1
primary,1
politicized,1
firm,1
saying,1
sexual,1
copenhagen,1
indirectly,1
knife,1
compelling,1
supplementum,1
enforcement,1
delos,1
scholiast,1
burning,1
fritz,1
sale,1
establishing,1
obviously,1
treu,1
functions,1
pronouncements,1
insight,1
vital,1
rid,1
alone,1
barry,1
whatever,1
taking,1
prophesying,1
combination,1
say,1
x,1
resources,1
selecting,1
conception,1
magicworking,1
experiencing,1
denial,1
apply,1
compares,1
representing,1
individualized,1
aggression,1
confessions,1
rheneia,1
prevented,1
urging,1
protestation,1
wallace,1
collection,1
crystallized,1
asiae,1
framework,1
während,1
demosthenic,1
li,1
regarding,1
della,1
configuration,1
andrew,1
resonated,1
deserving,1
throughout,1
famously,1
classique,1
explained,1
nn,1
rothenburg,1
facts,1
representations,1
tragicorum,1
surrounded,1
herbs,1
arrested,1
constantly,1
accumulate,1
demanded,1
spun,1
toher,1
sabinus,1
embellishments,1
doctor,1
neighbours,1
millennium,1
track,1
ifa,1
disputes,1
janet,1
pantelleria,1
decided,1
toiovtovç,1
justifications,1
walter,1
heightened,1
participating,1
nick,1
denote,1
katadesmoi,1
restore,1
feuding,1
employing,1
alison,1
theorized,1
topic,1
vengeance,1
anaxagoras,1
arena,1
forced,1
klassischen,1
topos,1
adam,1
auspiciis,1
integrity,1
venerable,1
tends,1
jl,1
indictment,1
taint,1
partheneia,1
selection,1
refer,1
adjectives,1
pierre,1
conveys,1
subjects,1
body,1
ithaca,1
rhesus,1
philtre,1
pfohl,1
channels,1
pharmacology,1
elicit,1
young,1
oö,1
allowing,1
emphases,1
dates,1
applying,1
left,1
ideal,1
menekles,1
compare,1
died,1
semantic,1
explore,1
correspondance,1
obscure,1
factions,1
derveni,1
plaintiff,1
deceased,1
look,1
vice,1
ninos,1
storica,1
marital,1
envisage,1
sun,1
conceive,1
terror,1
leadership,1
revelry,1
chambry,1
delivered,1
liturgies,1
acted,1
restricting,1
acknowledge,1
according,1
henk,1
incidental,1
sorceress,1
battles,1
aim,1
salamis,1
vm,1
derow,1
kontrolle,1
rumoured,1
grandchildren,1
alleged,1
diviners,1
burkert,1
town,1
added,1
ancienne,1
einar,1
teletai,1
pronoias,1
stock,1
observers,1
links,1
ostensibly,1
absent,1
josephe,1
graf,1
taxonomy,1
isodaites,1
remain,1
illustration,1
ninnion,1
unit,1
fantasies,1
harbouring,1
misinterprets,1
johnston,1
hansen,1
myself,1
untimely,1
fgrh,1
stranger,1
ills,1
deliberately,1
suffer,1
survives,1
dealt,1
vienna,1
edwin,1
households,1
connected,1
sarah,1
conversation,1
à,1
importance,1
grew,1
opts,1
travels,1
attributing,1
suppliants,1
strange,1
hommages,1
brutus,1
aikeias,1
gratefully,1
selected,1
scarborough,1
rules,1
troublemakers,1
melos,1
space,1
front,1
hook,1
thomas,1
reason,1
category,1
injury,1
elements,1
dolls,1
areópagos,1
bad,1
worshipped,1
censure,1
consider,1
blame,1
cawkwell,1
entry,1
adele,1
encourages,1
familiar,1
spreading,1
specialization,1
elisabeth,1
branch,1
linked,1
quoted,1
represented,1
spirit,1
receiving,1
nationals,1
mary,1
inextricable,1
agonistic,1
xi,1
presumed,1
marshalled,1
allencompassing,1
chekki,1
ask,1
resource,1
oulhen,1
encouragement,1
mna,1
hetaira,1
generally,1
storytelling,1
definite,1
evaluation,1
peloponnesischen,1
asks,1
instance,1
back,1
destructive,1
roar,1
orators,1
tas,1
ostracism,1
strategy,1
providing,1
trained,1
management,1
marthine,1
conflicts,1
opponents,1
greater,1
diachronic,1
closely,1
remembered,1
isabella,1
based,1
rivals,1
warminster,1
cd,1
tackle,1
bearing,1
akrigg,1
plumb,1
paulus,1
carrying,1
resenting,1
resonate,1
vorsokratiker,1
hands,1
called,1
strength,1
persephone,1
typical,1
deipnosophistai,1
changed,1
deal,1
international,1
lebens,1
austin,1
author,1
aesopica,1
dispute,1
bind,1
peuple,1
graphe,1
aristides,1
initial,1
peristiany,1
krieges,1
im,1
evaluate,1
academic,1
mogens,1
gudmund,1
valiantly,1
profited,1
dedicates,1
embellished,1
stressing,1
fisher,1
scholion,1
persons,1
antichità,1
cairns,1
applied,1
maeical,1
boeotia,1
marcianus,1
underlie,1
xiv,1
tension,1
procedures,1
anecdote,1
bergen,1
negotiated,1
jewish,1
graeca,1
near,1
wants,1
sparse,1
memory,1
distinguishes,1
failure,1
outstanding,1
shape,1
xix,1
stamford,1
christianity,1
none,1
pagans,1
network,1
restrain,1
correctly,1
revealed,1
smear,1
unus,1
quart,1
spheres,1
rail,1
genre,1
future,1
subtler,1
evildoing,1
oratores,1
aiskhylos,1
civil,1
hocus,1
instigating,1
dover,1
mineure,1
esp,1
rankin,1
actors,1
studia,1
data,1
ten,1
binder,1
hornblower,1
whole,1
consistently,1
older,1
discussions,1
merciful,1
deformities,1
easiest,1
gerechtigkeit,1
anxieties,1
structures,1
briefer,1
speaking,1
antike,1
advertising,1
consistent,1
personal,1
away,1
overseas,1
systematic,1
couple,1
dodona,1
confession,1
deeply,1
rfsécoç,1
fuks,1
anthrodoloev,1
doubtful,1
ter,1
ethnicity,1
relative,1
protestations,1
teacher,1
dikai,1
philip,1
analysed,1
makes,1
xxvi,1
presented,1
hard,1
idiom,1
constituent,1
responsibility,1
generative,1
aroused,1
shaping,1
dionysos,1
wished,1
excuse,1
protest,1
hired,1
minoris,1
commendo,1
byrne,1
relevant,1
imposition,1
pinned,1
emphasizes,1
quite,1
desires,1
prosecuted,1
atmosphere,1
sake,1
gager,1
calling,1
several,1
favorinus,1
kritias,1
accomplice,1
sufficient,1
consensus,1
fraught,1
ill,1
eighth,1
oral,1
goodwin,1
disabilities,1
hugo,1
supposedly,1
constantinople,1
research,1
epakton,1
funerary,1
startling,1
isis,1
usual,1
boundaries,1
villages,1
telling,1
potent,1
perpetrating,1
herakleia,1
diels,1
xxvii,1
sensemaking,1
occasions,1
ek,1
descendants,1
öffentlichen,1
dundes,1
st,1
majority,1
dilts,1
dependent,1
wife,1
fourthcentury,1
roots,1
plausible,1
structured,1
appropriate,1
hermann,1
ignored,1
hubbard,1
volatile,1
evoked,1
disturbing,1
dillery,1
cont,1
tovç,1
tormented,1
exaggerated,1
survived,1
barbara,1
kókacrai,1
sophokles,1
archeologia,1
clearer,1
happen,1
processual,1
highlights,1
ramifications,1
equality,1
outsider,1
rome,1
rivalries,1
birmingham,1
impacts,1
wrote,1
anthrotool,1
turns,1
sous,1
comparative,1
techniques,1
implored,1
scandalous,1
forward,1
cullen,1
commit,1
posed,1
forbidden,1
reduce,1
délos,1
conceives,1
ngct,1
says,1
corpora,1
xl,1
interactions,1
comments,1
charm,1
manifest,1
standing,1
mantikê,1
settings,1
malice,1
ßxetzovtec,1
direction,1
athenians,1
deinarchos,1
illuminating,1
guide,1
once,1
undermining,1
simultaneous,1
vignettes,1
dedicated,1
reference,1
intuitively,1
hugh,1
permission,1
fit,1
lloyd,1
herodotus,1
conscripti,1
message,1
sociocultural,1
sensationalism,1
whispers,1
zurich,1
pharmacy,1
neither,1
aristophanes,1
flower,1
expediency,1
sociological,1
assimilation,1
initiation,1
christen,1
opponent,1
informal,1
trickery,1
light,1
culture,1
ethnographic,1
baltimore,1
dan,1
faction,1
garland,1
friend,1
reactions,1
memorie,1
jon,1
double,1
volume,1
definitions,1
chagrin,1
tries,1
poisoner,1
fellow,1
singling,1
samson,1
hear,1
starting,1
traduites,1
lewis,1
philol,1
skill,1
untrue,1
svenbro,1
euthias,1
challenge,1
earn,1
prompting,1
theokritos,1
journey,1
rubel,1
conceived,1
dirk,1
potion,1
theodosianus,1
experienced,1
paine,1
pocus,1
conformity,1
secretive,1
shows,1
consideration,1
pericles,1
pseudoaristotle,1
voicing,1
xii,1
fearing,1
relates,1
pisidia,1
beliefs,1
abstract,1
bowden,1
goeteia,1
apion,1
viii,1
aemilius,1
fragmenta,1
lemnian,1
grave,1
daily,1
really,1
epodas,1
banks,1
never,1
plagued,1
editi,1
reaffirmed,1
walther,1
deleterious,1
latina,1
identical,1
unsurprisingly,1
seldom,1
serious,1
misremembered,1
reasons,1
offence,1
trickster,1
puzzling,1
ages,1
wounding,1
behind,1
took,1
belongings,1
stuff,1
ground,1
remarkable,1
threads,1
academiae,1
innovative,1
privaten,1
absolution,1
prophets,1
developing,1
receives,1
establish,1
norwegian,1
foot,1
answer,1
coexisted,1
homer,1
council,1
explicit,1
material,1
focusing,1
gait,1
walcot,1
showing,1
henotheism,1
belief,1
bengt,1
als,1
style,1
agamemnon,1
going,1
free,1
chair,1
day,1
thoroughly,1
apud,1
reminds,1
iukoundos,1
institutions,1
autobiography,1
original,1
simon,1
demonstrated,1
breakdown,1
xli,1
classes,1
ingenious,1
glue,1
gout,1
jameson,1
apionem,1
mix,1
accuses,1
rejoiced,1
clients,1
supplies,1
sufferer,1
knew,1
clouds,1
understandable,1
background,1
contending,1
comprise,1
rowlands,1
augustus,1
helps,1
wretched,1
formal,1
graecorum,1
owe,1
recht,1
onslaught,1
looking,1
apology,1
manifestations,1
discrediting,1
fromamisos,1
versa,1
laertios,1
epigraphic,1
blum,1
attributed,1
lawsuits,1
borderarea,1
lydiae,1
persists,1
tackled,1
voodoo,1
lecture,1
amnesty,1
biabe,1
disourse,1
granted,1
factor,1
romana,1
autobiographical,1
ethnic,1
attic,1
nothing,1
franklin,1
jesper,1
full,1
ceremonies,1
overlap,1
counterparts,1
reinforcing,1
dismissed,1
theories,1
dating,1
janko,1
continuities,1
versions,1
worshippers,1
passim,1
open,1
pruning,1
meanings,1
urbana,1
whoever,1
reality,1
authors,1
apopyrgizontes,1
express,1
profession,1
damage,1
geórgica,1
maintenance,1
tended,1
codex,1
antiquité,1
august,1
sauppe,1
iac,1
times,1
controversies,1
attach,1
allowed,1
started,1
easton,1
isaios,1
function,1
graecum,1
linking,1
stages,1
magna,1
itibì,1
configurations,1
illicit,1
interacted,1
poetic,1
dell,1
apharmakis,1
baiter,1
lose,1
approximately,1
morals,1
imagination,1
inscribed,1
herman,1
decide,1
graves,1
conclusions,1
sentiment,1
fatal,1
leaves,1
dolly,1
trying,1
accusing,1
initiations,1
parallel,1
arise,1
aegean,1
spreads,1
dölger,1
casebook,1
respectively,1
xvi,1
examine,1
categorize,1
excluded,1
gtqoo,1
flav,1
learn,1
claiming,1
seeking,1
rhetorical,1
slightly,1
italy,1
equivalent,1
philoctemon,1
archidamos,1
wells,1
cape,1
accept,1
amateur,1
fall,1
pastj,1
theatrical,1
fee,1
brewing,1
la,1
épigraphique,1
brown,1
applies,1
attended,1
économie,1
operating,1
overlapping,1
suspects,1
factors,1
enough,1
concoction,1
ivi,1
scheming,1
accepting,1
provoking,1
dawn,1
soziale,1
relying,1
discussing,1
cités,1
christian,1
seer,1
imply,1
aid,1
circle,1
dual,1
perry,1
prosecutor,1
belonged,1
raise,1
hildesheim,1
stars,1
independent,1
continued,1
mixture,1
five,1
criminal,1
husband,1
pieces,1
begin,1
rumours,1
disagreements,1
referred,1
forming,1
developments,1
bears,1
truism,1
hearsay,1
markers,1
boegehold,1
face,1
arisen,1
sequences,1
ch,1
anxiety,1
try,1
expert,1
length,1
œuvres,1
inschrift,1
sgdi,1
esclavage,1
construction,1
kill,1
bocage,1
hope,1
austriacae,1
rivalrous,1
fluch,1
wives,1
accusative,1
mysteriously,1
griechische,1
measured,1
citizens,1
asebeias,1
erionos,1
worlds,1
lingers,1
problematic,1
eugene,1
diogenes,1
angst,1
léon,1
claims,1
thankfully,1
acquired,1
helios,1
publicly,1
suggestions,1
roughly,1
rarely,1
monument,1
thinking,1
takes,1
associated,1
asie,1
believed,1
marjorie,1
morning,1
considered,1
worsted,1
intervened,1
comes,1
complexity,1
changing,1
contre,1
defend,1
conjunction,1
comparison,1
biography,1
ogden,1
manteis,1
suspect,1
demonstrate,1
struck,1
invoked,1
initiating,1
beside,1
continues,1
symbolic,1
theme,1
implied,1
reciprocity,1
sandwell,1
constructed,1
excel,1
susceptible,1
gerhard,1
homicide,1
doi,1
lexicographer,1
einer,1
offers,1
curieuse,1
wider,1
allegation,1
athenaios,1
labelling,1
chresmologues,1
downfall,1
why,1
quickly,1
highly,1
wellknown,1
noun,1
sophists,1
hardship,1
guerre,1
stadt,1
intellectual,1
image,1
strauss,1
readily,1
attribute,1
folk,1
sizes,1
interested,1
timarchos,1
authorities,1
believe,1
foul,1
jeanne,1
acts,1
plunged,1
cui,1
ju,1
judgements,1
report,1
kerameikos,1
eventually,1
grèce,1
alternatively,1
altered,1
newman,1
clearly,1
dared,1
orgeones,1
equilibrium,1
accademia,1
audience,1
encouraging,1
allocated,1
build,1
associations,1
explicitly,1
elsewhere,1
distinctive,1
closest,1
replication,1
hostilities,1
invocation,1
special,1
syntax,1
masters,1
attici,1
advances,1
nauck,1
merely,1
pushing,1
places,1
turned,1
bewitching,1
justify,1
growing,1
harness,1
confess,1
scholarly,1
unlikely,1
herakleitos,1
overstepping,1
economy,1
notable,1
casting,1
investigation,1
darmstadt,1
implicit,1
beaten,1
form,1
reputations,1
references,1
plants,1
want,1
français,1
thirty,1
add,1
agricultural,1
attitudes,1
validate,1
statement,1
edinburgh,1
moralia,1
condemn,1
writes,1
unnecessary,1
herrmann,1
problem,1
extent,1
consisting,1
planeaux,1
gifts,1
institute,1
imperial,1
almost,1
emphasis,1
virginia,1
pluto,1
vindictively,1
contain,1
freedom,1
art,1
size,1
dk,1
fourteen,1
middle,1
phrasikleia,1
erythrai,1
conference,1
mina,1
hellénique,1
emergent,1
gatherings,1
hendrik,1
age,1
entrance,1
machinations,1
multiple,1
linguis,1
malicious,1
resolved,1
little,1
show,1
content,1
became,1
suppl,1
republic,1
sixteenth,1
subject,1
tried,1
coven,1
disciplines,1
egyptian,1
kranz,1
assumptions,1
lyndal,1
rigid,1
finley,1
aesopifabulae,1
plataikos,1
reconstruct,1
divided,1
complètes,1
challenges,1
historiker,1
aims,1
foxhall,1
associating,1
varied,1
precision,1
remarks,1
subsumed,1
extensive,1
named,1
jacoby,1
litterarum,1
peculiar,1
students,1
chameleon,1
nominative,1
defends,1
invisible,1
commercial,1
unable,1
forethought,1
birth,1
backbiting,1
difference,1
biennial,1
generate,1
powers,1
conn,1
eitrem,1
renowned,1
wielded,1
sonne,1
charlatanism,1
catherine,1
catch,1
party,1
pamela,1
crisis,1
joined,1
xxxix,1
instead,1
repressing,1
björck,1
motivating,1
land,1
kai,1
crimes,1
hunter,1
gross,1
monacensis,1
disruption,1
eridanos,1
incidents,1
juif,1
effects,1
playing,1
off,1
voluntary,1
philosophy,1
summoned,1
extremely,1
scafuro,1
prophetism,1
pontificia,1
summary,1
supernaturally,1
anonymous,1
offered,1
searching,1
workings,1
removed,1
forrest,1
passages,1
assumed,1
root,1
tragic,1
alcmeon,1
mystery,1
johnson,1
vary,1
restricts,1
reached,1
partial,1
norman,1
panegyrikos,1
characters,1
charging,1
nino,1
corn,1
immediately,1
seek,1
comparable,1
taylor,1
north,1
recent,1
observed,1
famous,1
trachis,1
weil,1
rivista,1
virtue,1
broader,1
connor,1
oí,1
ca,1
acquitted,1
ancienneté,1
portrait,1
brevity,1
dt,1
pippidi,1
household,1
occur,1
policing,1
xxv,1
bigotry,1
froehner,1
hypothesis,1
