WORDCOUNTS,WEIGHT
the,610
of,434
and,351
in,209
a,205
to,200
black,129
lynching,113
as,91
that,83
s,78
memory,78
photography,70
for,69
is,61
with,51
an,50
this,45
by,42
photographs,42
or,40
has,38
we,38
white,36
their,35
african,35
history,34
critical,33
these,32
it,31
not,30
are,29
press,29
new,28
what,28
university,27
at,26
from,26
on,26
its,25
which,25
photograph,25
americans,23
through,23
visual,23
images,22
historical,21
american,20
was,20
also,20
have,20
both,19
be,19
york,18
social,18
smith,18
were,17
image,17
political,16
but,16
douglas,16
been,16
past,16
way,15
one,15
own,15
violence,15
man,15
they,14
into,14
all,14
people,14
practices,14
us,14
see,14
women,13
such,13
how,13
marshall,13
use,13
archive,13
men,13
narrative,12
leigh,12
raiford,12
movement,12
do,12
our,12
other,11
those,11
racial,11
whites,11
century,11
rights,11
activists,11
only,11
practice,11
figure,11
art,11
between,11
i,10
victims,10
lynched,10
site,10
no,10
without,10
his,10
tree,10
work,10
power,10
who,10
holmes,10
mirror,10
then,10
early,10
photographic,9
body,9
terror,9
rather,9
ways,9
b,9
space,9
well,9
artists,9
form,9
chicago,9
struggle,8
within,8
erased,8
shipp,8
lynchings,8
against,8
look,8
than,8
sanctuary,8
out,8
failure,8
part,8
civil,8
place,8
indeed,8
ed,8
contemporary,8
like,8
can,8
male,8
life,8
them,8
bodies,8
first,7
heirlooms,7
capacity,7
supremacy,7
even,7
whose,7
dogwood,7
cultural,7
let,7
always,7
mob,7
south,7
will,7
he,7
spectacle,7
make,7
makes,7
technology,7
culture,7
more,7
time,7
blackness,7
made,7
essay,7
so,7
ing,7
must,7
over,7
each,7
particular,7
world,7
accessories,6
long,6
might,6
words,6
throughout,6
visuality,6
subjects,6
critique,6
crow,6
too,6
circulation,6
panther,6
produced,6
jim,6
icon,6
ida,6
around,6
when,6
naacp,6
once,6
two,6
party,6
present,6
als,6
medium,6
three,6
would,6
story,6
movements,6
hanging,6
james,6
twentieth,6
mode,6
does,5
if,5
tion,5
t,5
j,5
context,5
america,5
central,5
ability,5
turn,5
process,5
consider,5
seeing,5
record,5
back,5
apel,5
histories,5
durham,5
public,5
collective,5
call,5
specifically,5
framing,5
spectacular,5
yet,5
interpretation,5
book,5
death,5
put,5
john,5
hand,5
original,5
exhibit,5
looking,5
identity,5
after,5
goldsby,5
engagement,5
lives,5
constant,5
series,5
living,5
merely,5
making,5
while,5
size,5
survival,5
themselves,5
difficult,4
now,4
shawn,4
represent,4
red,4
experience,4
being,4
emerged,4
nature,4
real,4
u,4
some,4
human,4
center,4
held,4
pho,4
may,4
persistent,4
benjamin,4
postcard,4
mobilize,4
most,4
helped,4
uses,4
http,4
could,4
crowd,4
left,4
posters,4
because,4
future,4
whiteness,4
repetition,4
nc,4
secret,4
tale,4
burden,4
sense,4
emory,4
phrase,4
june,4
texas,4
corpse,4
society,4
ken,4
imagery,4
southern,4
artist,4
about,4
skin,4
al,4
warning,4
day,4
another,4
indiana,4
holocaust,4
pamphlets,4
engaged,4
national,4
california,4
accessed,4
faces,4
individual,4
david,4
wells,4
attention,4
frames,4
united,4
meant,4
objects,4
text,4
offers,4
cultures,4
beginning,4
suffering,4
her,4
boys,4
lynch,4
city,4
representation,4
negro,4
land,4
states,4
you,4
speak,4
blacks,4
era,4
element,4
race,4
close,4
m,3
groups,3
alone,3
sphere,3
ory,3
just,3
reflection,3
library,3
duke,3
before,3
nineteenth,3
baker,3
www,3
jackson,3
attempts,3
slave,3
available,3
able,3
take,3
persistence,3
subjugation,3
harris,3
october,3
conceptual,3
very,3
collection,3
sign,3
icons,3
constitutive,3
integral,3
walter,3
self,3
young,3
poem,3
truly,3
mechanical,3
alabama,3
communities,3
redress,3
across,3
mean,3
postcards,3
opportunity,3
intertextuality,3
means,3
repeated,3
corpses,3
kerry,3
w,3
powerful,3
marion,3
pioneer,3
im,3
silence,3
however,3
scene,3
almost,3
keeping,3
literature,3
mem,3
nation,3
used,3
et,3
forces,3
away,3
employed,3
michelle,3
viewing,3
things,3
pain,3
alerts,3
eternal,3
return,3
allen,3
july,3
reconstruction,3
retelling,3
daguerreotype,3
oxford,3
functioned,3
organizations,3
slavery,3
speaks,3
longer,3
torture,3
appeared,3
children,3
end,3
subjection,3
audiences,3
forms,3
never,3
intervene,3
project,3
free,3
imagine,3
reveals,3
including,3
collage,3
stay,3
intimacy,3
become,3
nora,3
especially,3
newspapers,3
suggest,3
dead,3
ity,3
abject,3
force,3
why,3
often,3
itself,3
face,3
berger,3
any,3
comes,3
conclusion,3
grand,3
repository,3
books,3
best,3
particularly,3
written,3
consciousness,3
works,3
oliver,3
jacqueline,3
activism,3
whether,3
produce,3
suggests,3
freedom,3
popular,3
role,3
november,3
subject,3
years,3
ence,3
frame,3
offer,3
shorthand,3
evidence,3
susan,3
piece,3
viewers,3
vi,3
news,3
documentary,3
abram,3
vagaries,3
among,3
hilton,3
necklaces,3
lockets,2
go,2
phrasing,2
o,2
fabre,2
tice,2
created,2
truth,2
implies,2
extends,2
ultimate,2
introduction,2
reflective,2
told,2
large,2
fate,2
identify,2
ma,2
likely,2
true,2
h,2
contend,2
codez,2
rapist,2
unlike,2
niggers,2
eye,2
contexts,2
turning,2
gwtw,2
certainly,2
production,2
give,2
taken,2
definition,2
georgia,2
cial,2
daguerreotypes,2
broadly,2
assertion,2
together,2
differences,2
atlantic,2
mississippi,2
composition,2
reproduction,2
avers,2
emblem,2
mend,2
state,2
robert,2
debut,2
embody,2
dora,2
motivated,2
intersection,2
papers,2
citizenship,2
issue,2
empty,2
con,2
recorded,2
courtesy,2
key,2
nearly,2
lynchers,2
changed,2
trouillot,2
say,2
reflecting,2
x,2
literal,2
enter,2
himself,2
repeatedly,2
representations,2
ethical,2
since,2
silent,2
forgotten,2
moment,2
wajda,2
jr,2
threatens,2
kind,2
distinct,2
pierre,2
modernity,2
served,2
gaze,2
mourning,2
crossroads,2
employ,2
cameron,2
reflects,2
act,2
sort,2
explicit,2
reference,2
capture,2
active,2
suffer,2
ex,2
thing,2
parts,2
spectators,2
reconstitution,2
crusade,2
lay,2
understand,2
brunswick,2
clearly,2
proved,2
producers,2
traces,2
inextricable,2
age,2
atrocity,2
resource,2
readings,2
followed,2
writes,2
dominant,2
negroes,2
important,2
suggested,2
stands,2
friends,2
had,2
marriott,2
result,2
my,2
narration,2
whom,2
rule,2
found,2
hands,2
stereographs,2
access,2
vulnerability,2
scenes,2
carolina,2
accurately,2
further,2
understood,2
though,2
activist,2
inventor,2
applied,2
placed,2
taught,2
documents,2
photo,2
near,2
directly,2
figurative,2
line,2
brundage,2
hang,2
contextualized,2
writers,2
imagined,2
concept,2
county,2
purpose,2
example,2
exorcising,2
nooses,2
supreme,2
gender,2
ten,2
racialized,2
during,2
inherited,2
carby,2
keep,2
rituals,2
recounting,2
artifact,2
visions,2
manipulation,2
either,2
portraits,2
change,2
least,2
physician,2
beitler,2
revolution,2
familiarity,2
poster,2
discourse,2
emphasizes,2
rutgers,2
scopic,2
small,2
highly,2
industry,2
research,2
boundaries,2
engages,2
visible,2
inevitability,2
appeal,2
womanhood,2
second,2
forever,2
absence,2
wendell,2
sncc,2
horrors,2
fractured,2
reminded,2
object,2
indicates,2
initially,2
ask,2
hold,2
confronted,2
simultaneous,2
wake,2
read,2
times,2
tagg,2
index,2
participants,2
same,2
set,2
costs,2
organize,2
begins,2
williams,2
picture,2
considers,2
endured,2
members,2
recall,2
law,2
houston,2
toward,2
many,2
fundamental,2
minnesota,2
powerless,2
vision,2
desire,2
camera,2
ages,2
enough,2
antilynching,2
learn,2
cards,2
where,2
existing,2
shared,2
deep,2
tography,2
woman,2
native,2
encounter,2
hazel,2
upon,2
range,2
formal,2
sold,2
west,2
harvard,2
raising,2
described,2
significance,2
modem,2
language,2
interpret,2
fitzhugh,2
symposium,2
attach,2
exquisite,2
strange,2
ongoing,2
thomas,2
construct,2
alive,2
gallery,2
chapel,2
sight,2
january,2
v,2
need,2
regimes,2
justice,2
relationship,2
continued,2
provide,2
vicissitudes,2
criminal,2
sunny,2
foster,2
fear,2
hill,2
meally,2
recognizes,2
primarily,2
returned,2
render,2
html,2
expectations,2
hope,2
sound,2
door,2
legacies,2
classification,2
school,2
historian,2
material,2
following,2
minneapolis,2
memorialize,2
demonstrate,2
reinforced,2
theme,2
ll,2
here,2
mirrors,2
triptych,2
know,2
trudier,2
berkeley,2
spectacles,2
control,2
readily,2
inequities,2
different,2
december,2
historians,2
did,2
print,2
half,2
domestic,2
returns,2
branch,2
william,2
born,2
experi,2
spatial,2
metaphor,2
mere,2
theory,2
engagements,2
indifference,2
nj,2
boston,2
hal,2
trees,2
multiple,2
hartman,2
despite,2
pre,2
became,2
beloved,2
ac,2
song,2
com,2
archived,2
coming,2
tions,2
come,2
survive,2
formation,2
tell,2
recording,2
north,2
cambridge,2
finally,2
discursive,2
defender,2
crimes,2
shirley,2
unified,2
attempted,2
campaign,2
traveling,2
zangrando,2
offered,2
portents,2
removed,2
deployment,2
focus,2
grace,2
col,2
doing,2
willis,2
nicholas,1
crescendos,1
woven,1
resolve,1
phones,1
brighter,1
knee,1
ending,1
margins,1
archives,1
mostly,1
produces,1
done,1
agara,1
situate,1
child,1
deny,1
negotiation,1
evaluations,1
common,1
imagining,1
holder,1
concerned,1
silences,1
later,1
janmohamed,1
commentary,1
names,1
recalls,1
expand,1
scholar,1
faced,1
compensate,1
suture,1
degraded,1
ethnicities,1
engendered,1
extend,1
inkjet,1
mccoy,1
repre,1
determine,1
murdered,1
epidemic,1
fragmented,1
marginalized,1
mar,1
victimization,1
notably,1
evans,1
unevenly,1
per,1
forcing,1
farrar,1
likewise,1
group,1
needed,1
significant,1
denied,1
kinds,1
fed,1
nostalgia,1
tend,1
essays,1
artwork,1
aca,1
mute,1
formed,1
horowitz,1
confines,1
evocative,1
constitutes,1
ongo,1
sons,1
federal,1
mexican,1
fragil,1
di,1
approaches,1
ineq,1
easily,1
bod,1
ly,1
modern,1
favor,1
premacy,1
ardent,1
realities,1
abrams,1
acceptance,1
position,1
columbia,1
western,1
fixed,1
committee,1
necessarily,1
tween,1
occurred,1
terrain,1
em,1
faded,1
tells,1
tographs,1
fw,1
untinted,1
something,1
migration,1
attuned,1
eager,1
prac,1
singled,1
laura,1
efficacy,1
chooses,1
anti,1
file,1
highlighted,1
invoking,1
defeated,1
sources,1
please,1
simul,1
li,1
ambivalence,1
torical,1
spond,1
majority,1
victim,1
finger,1
illuminations,1
expressive,1
originally,1
ii,1
harkridtr,1
regarding,1
rested,1
raphy,1
address,1
viewer,1
pictured,1
sub,1
refusal,1
drag,1
ourselves,1
futurity,1
hazy,1
bloomington,1
tual,1
privately,1
incessant,1
continue,1
distorted,1
assess,1
uneasy,1
pittsburgh,1
estimation,1
fist,1
sentimentality,1
solidated,1
accessible,1
constituents,1
critic,1
testimonies,1
potentially,1
imaginary,1
rich,1
confront,1
navigate,1
proves,1
transforms,1
hundred,1
onto,1
picturing,1
pornographic,1
resulting,1
darkrooms,1
subsequent,1
help,1
there,1
elderly,1
maurice,1
failures,1
confers,1
revisitations,1
sentation,1
loose,1
nagging,1
agonal,1
limning,1
respond,1
remainder,1
raised,1
tv,1
cell,1
alike,1
discipline,1
jtf,1
signs,1
everyone,1
codezonline,1
polit,1
behind,1
lution,1
el,1
photographer,1
bluntly,1
nationwide,1
case,1
employs,1
featurearticle,1
forum,1
collectives,1
cabinet,1
unmediated,1
lieve,1
sual,1
schechter,1
king,1
enlarged,1
immerse,1
primary,1
iv,1
auction,1
right,1
science,1
nection,1
reminder,1
mythology,1
account,1
amplification,1
placement,1
opened,1
culver,1
marked,1
watched,1
fessional,1
mmm,1
burning,1
sale,1
warhol,1
conspired,1
move,1
consumers,1
abdul,1
desired,1
point,1
tto,1
timothy,1
coordinating,1
laws,1
painfully,1
foregone,1
above,1
objective,1
uvkxu,1
demanded,1
ritual,1
individualized,1
memoire,1
beneath,1
engage,1
internationally,1
antinomies,1
hyperembodiedness,1
schocken,1
portunity,1
disavow,1
exposed,1
usage,1
lehrer,1
bleeding,1
conflict,1
goal,1
grazes,1
thus,1
confounds,1
andy,1
includes,1
therein,1
selves,1
jsp,1
historically,1
author,1
facts,1
immediate,1
powerlessness,1
quality,1
consumed,1
longevity,1
arrested,1
bailey,1
pursuit,1
september,1
magic,1
lyncher,1
de,1
doctor,1
adornment,1
blindspots,1
gendered,1
routed,1
santa,1
photographies,1
club,1
emerges,1
constellation,1
rooted,1
allegiances,1
forced,1
hat,1
repatriation,1
occasioned,1
cases,1
remembering,1
arc,1
clark,1
centerpieces,1
historicity,1
bay,1
legacy,1
displays,1
document,1
burgeoning,1
crosses,1
refer,1
gemma,1
profound,1
interchangeable,1
concep,1
deed,1
fig,1
response,1
beholding,1
holds,1
subordinate,1
elicit,1
races,1
repress,1
allowing,1
arranged,1
silently,1
ness,1
thin,1
overwhelmed,1
weight,1
student,1
memoir,1
deceased,1
preserving,1
unwanted,1
departed,1
professionally,1
occasion,1
chinese,1
jones,1
shall,1
renewing,1
word,1
master,1
stereoscope,1
scholarly,1
proffers,1
sabine,1
walls,1
manuel,1
perfect,1
longing,1
van,1
awkward,1
seeming,1
simultaneously,1
onlooker,1
high,1
philadelphia,1
wishes,1
revisit,1
town,1
menace,1
essential,1
block,1
koplin,1
lective,1
identification,1
card,1
ml,1
reproduce,1
l,1
grid,1
main,1
happily,1
generations,1
developed,1
angeles,1
remain,1
kw,1
ra,1
organizing,1
silencing,1
salute,1
killing,1
arm,1
ilet,1
vicki,1
loses,1
groove,1
humanity,1
fanon,1
certain,1
del,1
opendemocracy,1
gilroy,1
bued,1
represents,1
ix,1
k,1
scribed,1
illustrations,1
distant,1
rushdy,1
feel,1
awareness,1
antithesis,1
roth,1
front,1
nities,1
perpetuation,1
affect,1
genocide,1
anguish,1
source,1
gonzales,1
les,1
organization,1
established,1
physically,1
occlude,1
familiar,1
descent,1
literary,1
evolved,1
emergence,1
amid,1
sum,1
proposed,1
edition,1
threatening,1
days,1
ideologies,1
survivor,1
n,1
numbers,1
completion,1
articulated,1
house,1
proven,1
four,1
ossified,1
show,1
pulpit,1
porary,1
tograph,1
continual,1
follow,1
beyond,1
submerged,1
cotton,1
notions,1
circulating,1
stark,1
plates,1
rice,1
bedford,1
requires,1
preciousness,1
reconsideration,1
documenta,1
permanent,1
resurgence,1
endemic,1
photos,1
metal,1
metaphoric,1
view,1
dc,1
spectacularizing,1
atlanta,1
artistic,1
contention,1
pantheon,1
opening,1
expressed,1
troubling,1
watchful,1
bl,1
lead,1
identifying,1
introduce,1
nerroea,1
exhibition,1
ceitfer,1
portable,1
conflates,1
tinted,1
conservative,1
color,1
traditionally,1
savagery,1
p,1
mapping,1
moses,1
lived,1
tucker,1
relational,1
wholly,1
ogwood,1
rebirth,1
events,1
relate,1
plication,1
bind,1
mobilization,1
dislocation,1
luxury,1
attests,1
captured,1
pasted,1
individually,1
constantly,1
struggles,1
term,1
macabre,1
zelizer,1
late,1
intervening,1
sword,1
pointing,1
repair,1
sentimental,1
reviews,1
keywords,1
tools,1
inches,1
pinney,1
masculin,1
dicted,1
wresting,1
wealth,1
parallels,1
dialectic,1
blossoms,1
explored,1
perform,1
breathing,1
touch,1
exploration,1
reconceived,1
opposition,1
wide,1
triumph,1
foregrounded,1
stereograph,1
val,1
literally,1
silver,1
technical,1
wto,1
shape,1
sites,1
possession,1
animated,1
having,1
conversation,1
imprisoned,1
digital,1
basis,1
distinguish,1
revealed,1
makers,1
paradigmatic,1
reinterpreting,1
intense,1
received,1
narratives,1
tool,1
los,1
evo,1
carries,1
cations,1
nine,1
framed,1
genre,1
claim,1
striking,1
prominent,1
tage,1
advancement,1
su,1
crane,1
calls,1
confined,1
actors,1
aged,1
description,1
perpetually,1
northern,1
spellman,1
whole,1
mexicans,1
older,1
straus,1
obscured,1
issues,1
archeology,1
constitute,1
relevance,1
seated,1
rendering,1
disturbingly,1
hung,1
mylar,1
reflect,1
surrounding,1
legislation,1
newspaper,1
illegible,1
func,1
anesthetize,1
bid,1
reconstructing,1
latino,1
sions,1
status,1
rhinestones,1
drug,1
hidden,1
statehood,1
academ,1
phyllis,1
uniqueness,1
good,1
tone,1
responses,1
officials,1
ist,1
painting,1
predilections,1
successful,1
peterson,1
fork,1
recast,1
stage,1
poet,1
next,1
politically,1
order,1
multitude,1
pinned,1
midst,1
heart,1
emerging,1
wssissipw,1
hermeneutics,1
ww,1
family,1
constituting,1
archaeologies,1
enslaved,1
weighty,1
shapes,1
few,1
ashraf,1
concerns,1
horrible,1
mal,1
folk,1
sentimentalizing,1
acts,1
invoke,1
shadows,1
convey,1
mjb,1
barbie,1
telling,1
occasions,1
barely,1
beacon,1
up,1
interpreta,1
method,1
ment,1
necessity,1
lacuna,1
wife,1
resistance,1
proper,1
describes,1
notice,1
enormously,1
beauty,1
honorific,1
value,1
crime,1
provided,1
soulfulness,1
finds,1
artifi,1
grasp,1
loathing,1
behalf,1
cropped,1
survived,1
prescribed,1
void,1
ameri,1
telegraph,1
quoting,1
referent,1
ical,1
chains,1
configuring,1
nonetheless,1
cottage,1
various,1
commu,1
polished,1
action,1
cathexis,1
hide,1
overall,1
ia,1
reinvented,1
modes,1
argues,1
classic,1
fruit,1
commit,1
female,1
renewed,1
brings,1
returning,1
poor,1
community,1
formative,1
still,1
harry,1
whited,1
mainstream,1
bill,1
woods,1
experiences,1
manifest,1
perennial,1
seemingly,1
reception,1
hypervisuality,1
demic,1
encing,1
frank,1
trespassing,1
criticism,1
mao,1
museum,1
swept,1
outlining,1
refusing,1
reclaiming,1
prev,1
companying,1
cleveland,1
added,1
happened,1
thought,1
alongside,1
expunged,1
soon,1
continuity,1
reshaping,1
undoing,1
under,1
mobile,1
god,1
inspiration,1
tivists,1
combat,1
challenged,1
official,1
amidst,1
genevieve,1
seems,1
individualizing,1
tain,1
representa,1
clanton,1
raise,1
light,1
lieux,1
lage,1
wallis,1
ghraib,1
stereographic,1
daguerreotypy,1
rabbit,1
dialectical,1
ethnographic,1
baltimore,1
colored,1
demonstrates,1
wright,1
darkened,1
overlapping,1
iconicity,1
acknowledging,1
steve,1
visitors,1
owtr,1
reports,1
celebrates,1
moments,1
praxis,1
insatiability,1
ized,1
chemically,1
published,1
harper,1
double,1
fill,1
chose,1
enclaves,1
routes,1
street,1
abjection,1
successfully,1
french,1
paul,1
commodification,1
challenge,1
confound,1
entwining,1
mark,1
undetermined,1
others,1
academy,1
avail,1
pbs,1
lifeless,1
lucky,1
harmonious,1
growth,1
addition,1
experienced,1
projects,1
descends,1
efforts,1
usefulness,1
conformity,1
memorialization,1
shows,1
expose,1
stories,1
turner,1
head,1
scholars,1
areas,1
stevens,1
unidentified,1
depict,1
abstract,1
retying,1
reform,1
crop,1
fragmenta,1
oneself,1
pamphlet,1
circling,1
fallen,1
loop,1
imaged,1
pennsylvania,1
anne,1
minister,1
disciplined,1
taneously,1
rhetoric,1
fuchsia,1
mor,1
wesleyan,1
rejuvenation,1
took,1
monographs,1
everyday,1
tales,1
interrogate,1
flickr,1
antinomy,1
continuing,1
entity,1
novelist,1
implicate,1
conceiving,1
disabled,1
celebrated,1
photographers,1
underscores,1
less,1
foot,1
until,1
recount,1
dance,1
riley,1
crisp,1
spoke,1
alchemy,1
appropriating,1
turnaround,1
hu,1
perhaps,1
quickened,1
eds,1
dividual,1
silenced,1
investigative,1
compelled,1
alence,1
distance,1
gives,1
encountered,1
ror,1
website,1
mobilizing,1
obsession,1
routinized,1
tory,1
ibid,1
reminds,1
remained,1
terrorism,1
interpreting,1
local,1
discourses,1
demonstrated,1
archi,1
recognizing,1
understanding,1
bond,1
exploring,1
investment,1
discussion,1
campaigns,1
rio,1
father,1
intimate,1
murdering,1
background,1
treated,1
subjectivity,1
rendered,1
grossly,1
nickelodeon,1
iconization,1
stuck,1
giddings,1
implicated,1
ic,1
giroux,1
inscription,1
writings,1
region,1
patricia,1
quan,1
bason,1
indexicality,1
herself,1
wonder,1
imbued,1
host,1
reified,1
enduring,1
expression,1
omnipresent,1
refers,1
doubt,1
encounters,1
engaging,1
congress,1
reacquire,1
verso,1
net,1
questions,1
bitter,1
comprehends,1
idealization,1
maintains,1
hour,1
individuals,1
aesthetic,1
deemed,1
amistad,1
theories,1
theses,1
ties,1
hangs,1
trade,1
low,1
open,1
similar,1
crises,1
meanings,1
clear,1
fracturing,1
cameras,1
margaret,1
remaining,1
fades,1
grew,1
op,1
bi,1
bestiality,1
maintenance,1
spawned,1
prevents,1
co,1
nify,1
issn,1
vendryes,1
skinning,1
christopher,1
allowed,1
proffered,1
period,1
foreclosing,1
function,1
summer,1
him,1
murderers,1
hypermodernity,1
inadequacies,1
depiction,1
mask,1
played,1
static,1
resituating,1
stages,1
course,1
comedic,1
kept,1
keen,1
dell,1
commercially,1
primer,1
martin,1
adequately,1
quick,1
faith,1
abbeville,1
random,1
outside,1
article,1
racialism,1
feet,1
reads,1
lions,1
pried,1
wexler,1
declare,1
pro,1
reaffirms,1
deliberate,1
sig,1
seattle,1
excluded,1
rupture,1
axe,1
electric,1
trades,1
enthusiasts,1
lovisiaxa,1
distraught,1
looks,1
advertisement,1
primal,1
copyright,1
underbelly,1
figures,1
enlarg,1
tendency,1
amateur,1
destruction,1
asjmk,1
jerry,1
quarterly,1
ago,1
embodied,1
louisiana,1
abu,1
encircle,1
overlooked,1
offspring,1
photog,1
eviscerate,1
contributes,1
enfolded,1
reading,1
asking,1
surpassed,1
circle,1
me,1
reproduc,1
pres,1
transformations,1
note,1
cow,1
meets,1
delicately,1
assert,1
sometimes,1
crucial,1
husband,1
plays,1
ideology,1
unvexed,1
ominously,1
fully,1
pieces,1
employment,1
lines,1
fewer,1
fury,1
institutions,1
becomes,1
contrast,1
lost,1
postal,1
mirroring,1
transformed,1
detailed,1
imperialism,1
began,1
effectively,1
lawrence,1
fecund,1
transformation,1
peril,1
iconographic,1
anxious,1
indicate,1
injury,1
unforgiving,1
es,1
cease,1
fe,1
teresa,1
lineages,1
manhood,1
muted,1
forget,1
exists,1
album,1
circulated,1
royster,1
association,1
interpretive,1
ejournal,1
resemble,1
joseph,1
lithographed,1
claims,1
publicly,1
graphs,1
sonalized,1
convergences,1
nauseating,1
fifteen,1
excised,1
liss,1
precedence,1
ineffable,1
ters,1
redemption,1
complexity,1
charting,1
version,1
changing,1
underscore,1
weeks,1
preclude,1
biography,1
extending,1
poles,1
instructed,1
amplifi,1
redirecting,1
constituted,1
initiating,1
htm,1
continues,1
extension,1
nonviolent,1
precise,1
digitally,1
constructed,1
goldberg,1
mourn,1
dehumanization,1
md,1
temple,1
sustained,1
command,1
afri,1
traffics,1
ars,1
der,1
quickly,1
ni,1
uncomplicated,1
natural,1
performed,1
naturalized,1
erects,1
refused,1
monthly,1
country,1
illuminate,1
myopia,1
advertisements,1
paper,1
organized,1
relieve,1
connection,1
redirects,1
seem,1
capital,1
ft,1
printed,1
argue,1
entrenched,1
luther,1
propaganda,1
post,1
iii,1
ideological,1
continuum,1
metaphorical,1
magi,1
far,1
embodiment,1
masks,1
fail,1
choosing,1
build,1
identities,1
pictures,1
ambivalent,1
utilized,1
rural,1
assessment,1
margolick,1
places,1
person,1
pri,1
feminist,1
faithfully,1
believed,1
studies,1
animal,1
cal,1
elevated,1
warnings,1
according,1
outlines,1
commodity,1
purchase,1
theatlantic,1
pedaled,1
march,1
fusco,1
unique,1
rose,1
terms,1
preface,1
nationalist,1
references,1
maryland,1
pact,1
orleans,1
quote,1
males,1
fossett,1
newshour,1
covers,1
sus,1
otujj,1
ies,1
insightful,1
pursued,1
secure,1
gestures,1
imperial,1
voice,1
apprehend,1
wanton,1
witnessing,1
virginia,1
transgression,1
inability,1
urban,1
retold,1
mcneil,1
vessels,1
mir,1
unseen,1
drugstores,1
liv,1
emergent,1
owner,1
org,1
andrea,1
entire,1
wrestle,1
recognition,1
ticipation,1
sontag,1
scott,1
publishers,1
intended,1
transition,1
lies,1
cash,1
happens,1
assassinated,1
nod,1
kids,1
vast,1
obtain,1
tender,1
reconstruct,1
lesson,1
underestimate,1
clothing,1
memories,1
challenges,1
palms,1
twin,1
writing,1
think,1
paula,1
iraq,1
precision,1
remarks,1
prison,1
frantz,1
question,1
ultimately,1
crutches,1
commercial,1
disappear,1
deftly,1
functions,1
illinois,1
conditions,1
washington,1
catch,1
trauma,1
aware,1
surpris,1
vigilante,1
crisis,1
dangerous,1
location,1
register,1
ended,1
languorously,1
approximately,1
instead,1
richard,1
include,1
although,1
afraid,1
ghettos,1
consumption,1
socially,1
regime,1
relics,1
product,1
writer,1
affirmation,1
effects,1
defined,1
philosophy,1
caption,1
posterity,1
salience,1
presenting,1
ca,1
remains,1
twenti,1
beddedness,1
pioneering,1
compounded,1
clarify,1
meaning,1
plethora,1
altern,1
c,1
archival,1
scholarship,1
needle,1
johnson,1
communi,1
wen,1
reached,1
toddlers,1
th,1
create,1
derly,1
patrilineal,1
import,1
ownership,1
saidiya,1
given,1
uity,1
intimacies,1
re,1
much,1
racially,1
strong,1
collodion,1
technological,1
drew,1
reproductions,1
concise,1
indistinguishable,1
appropriates,1
should,1
tity,1
alternative,1
conversations,1
indexical,1
representational,1
roles,1
predicated,1
contem,1
gold,1
