WORDCOUNTS,WEIGHT
the,730
of,432
in,258
and,253
wage,171
to,165
a,152
hoover,134
that,125
firms,103
is,95
conference,91
wages,86
s,85
this,83
as,75
for,73
with,70
by,68
was,63
industry,59
from,59
at,58
on,58
an,49
cut,48
not,46
rigidity,45
are,43
industries,43
november,42
depression,38
these,38
were,37
labor,34
no,34
it,33
industrial,33
be,33
cuts,31
hourly,31
more,29
maintenance,29
leaders,29
have,29
business,28
conferences,27
trade,27
attendance,27
great,25
which,25
data,25
his,24
or,24
firm,23
national,23
large,22
than,22
but,22
other,21
first,20
may,20
december,20
during,19
also,19
high,19
been,19
truce,18
economic,18
number,18
after,18
table,18
rose,18
earnings,17
new,17
would,17
information,17
those,16
such,16
companies,16
many,16
months,16
steel,16
all,15
i,15
across,15
represented,15
had,15
president,15
level,15
largest,15
two,15
board,15
press,15
until,15
there,14
u,14
some,14
their,14
commerce,14
results,14
power,14
time,14
august,14
so,14
employees,14
each,14
manufacturing,14
average,14
evidence,14
association,14
they,13
american,13
one,13
york,13
most,13
he,13
april,13
employment,13
nominal,13
between,13
affected,12
survey,12
hanes,12
yes,12
when,12
associations,12
while,12
role,12
washington,12
o,11
available,11
review,11
september,11
ohanian,11
hours,11
met,11
same,11
noted,11
article,11
united,11
list,11
states,11
given,11
history,10
has,10
since,10
journal,10
its,10
small,10
only,10
addition,10
see,10
workers,10
held,10
times,10
general,10
percent,10
any,10
maintain,10
before,9
brien,9
company,9
october,9
maintaining,9
scales,9
weekly,9
included,9
financial,9
bernanke,9
monthly,9
did,9
whether,9
theory,9
commercial,9
if,8
policy,8
source,8
pledge,8
date,8
issue,8
rates,8
could,8
though,8
scale,8
representatives,8
cutting,8
least,8
june,8
notes,8
purchasing,8
july,8
movement,8
policies,8
longer,8
period,8
standard,8
effect,8
can,8
attended,8
analysis,8
chamber,8
month,8
size,8
measure,8
comparison,8
attending,8
measures,7
group,7
secretary,7
timing,7
narrative,7
sample,7
university,7
employers,7
example,7
statistics,7
actions,7
shister,7
reductions,7
onset,7
chronicle,7
herbert,7
fact,7
larger,7
significant,7
previous,7
three,7
downturn,7
note,7
figure,7
who,7
fall,7
text,7
historical,7
particular,7
both,7
administration,7
spring,7
difference,7
among,7
sources,6
real,6
within,6
alfred,6
executives,6
rather,6
white,6
support,6
impact,6
house,6
four,6
dc,6
assets,6
public,6
out,6
late,6
record,6
however,6
well,6
work,6
nation,6
macroeconomic,6
oct,6
essentially,6
about,6
management,6
reports,6
organizations,6
idea,6
made,6
individual,6
story,6
rothbard,6
contraction,6
publicly,6
variable,6
constant,6
series,6
set,6
country,6
different,6
what,6
economy,6
them,6
feb,6
jacoby,6
finally,6
effects,6
much,6
waited,5
does,5
e,5
likely,5
committee,5
into,5
test,5
t,5
production,5
nber,5
indicating,5
central,5
walter,5
conducted,5
employing,5
estimates,5
dates,5
l,5
angeles,5
similar,5
importance,5
w,5
textile,5
generally,5
important,5
unions,5
r,5
los,5
characteristics,5
peak,5
dependent,5
aggregate,5
second,5
various,5
action,5
statistically,5
robust,5
others,5
contemporary,5
another,5
meetings,5
dunlop,5
encouraged,5
use,5
relative,5
bureau,5
known,5
alternative,5
particularly,5
very,5
following,5
through,5
rigid,5
although,5
attendees,5
d,5
taylor,5
should,5
groups,4
mar,4
per,4
stone,4
federal,4
h,4
fixed,4
chandler,4
du,4
round,4
ben,4
reveal,4
last,4
state,4
sought,4
america,4
account,4
possible,4
still,4
repeatedly,4
cases,4
whose,4
growth,4
levels,4
doctrine,4
titled,4
study,4
directory,4
changes,4
parentheses,4
section,4
contemporaries,4
bureaucracy,4
result,4
pledges,4
concentration,4
unemployment,4
part,4
reduction,4
used,4
contains,4
focuses,4
memoirs,4
errors,4
either,4
significantly,4
annual,4
cycle,4
will,4
demand,4
squared,4
limited,4
above,4
under,4
efforts,4
pont,4
scholars,4
end,4
variation,4
do,4
present,4
less,4
necessary,4
explanation,4
top,4
individuals,4
described,4
christopher,4
provides,4
january,4
figures,4
widespread,4
success,4
indicate,4
coordination,4
examine,4
gpo,4
believed,4
over,4
control,4
down,4
half,4
february,4
extent,4
observations,4
suggests,4
reported,4
became,4
maintained,4
our,4
nov,4
smaller,4
measured,4
charles,4
news,4
point,4
strong,4
meeting,4
difficult,3
rate,3
concerned,3
columns,3
jonathan,3
occurred,3
holding,3
downturns,3
lower,3
consistent,3
every,3
taken,3
address,3
j,3
daily,3
salary,3
henry,3
political,3
tribune,3
takes,3
key,3
money,3
invited,3
coordinating,3
along,3
representing,3
goal,3
conferees,3
due,3
against,3
dozen,3
relations,3
pay,3
agitation,3
disproportionately,3
compared,3
even,3
interesting,3
urged,3
process,3
unique,3
earlier,3
matched,3
organization,3
just,3
listed,3
dighe,3
appear,3
found,3
behavioral,3
census,3
worker,3
noting,3
representative,3
evaluate,3
probably,3
scope,3
reserve,3
eichengreen,3
broad,3
records,3
keep,3
motors,3
delay,3
change,3
emphasizes,3
involved,3
selgin,3
decline,3
reducing,3
secret,3
portion,3
practices,3
reduce,3
indicates,3
percentage,3
without,3
nicb,3
rise,3
lee,3
again,3
stimulus,3
pressure,3
john,3
model,3
oil,3
unionization,3
including,3
outliers,3
recovery,3
sic,3
theories,3
dummy,3
agreement,3
spread,3
summer,3
especially,3
newspapers,3
excluded,3
george,3
credited,3
determination,3
lucas,3
construction,3
share,3
simply,3
quickly,3
principle,3
paper,3
bethlehem,3
primary,3
william,3
selected,3
plants,3
almost,3
using,3
writing,3
jan,3
question,3
years,3
conditions,3
course,3
calomiris,3
macroeconomics,3
coefficient,3
chicago,3
bernheim,3
recent,3
asked,3
resources,3
major,3
now,2
mostly,2
page,2
limits,2
cartoons,2
way,2
declared,2
avoiding,2
anthony,2
metcalf,2
commitment,2
concern,2
truth,2
evans,2
shocks,2
margo,2
denied,2
identify,2
ma,2
library,2
true,2
explanatory,2
necessarily,2
negative,2
common,2
stabilization,2
jesse,2
specifically,2
certainly,2
attempt,2
procyclical,2
worked,2
possibilities,2
leading,2
estimation,2
differences,2
rule,2
mills,2
government,2
lebergott,2
hundred,2
composition,2
feature,2
office,2
murray,2
emphasized,2
robert,2
somewhat,2
governors,2
proposals,2
system,2
economics,2
vol,2
development,2
erceg,2
magazine,2
barry,2
occurring,2
variations,2
say,2
far,2
sachs,2
interestingly,2
human,2
includes,2
surely,2
proceeded,2
unpublished,2
author,2
subsection,2
relatively,2
manuscript,2
items,2
underlying,2
pierre,2
bootstraps,2
six,2
output,2
estimate,2
compare,2
macy,2
forestall,2
mechanisms,2
simultaneously,2
pledged,2
how,2
reexamining,2
eight,2
pp,2
productive,2
front,2
divided,2
means,2
severity,2
literary,2
clearly,2
jersey,2
resource,2
origins,2
sanford,2
attendants,2
index,2
rapping,2
m,2
opinion,2
greater,2
uses,2
came,2
based,2
opposition,2
called,2
houghton,2
effort,2
changed,2
initial,2
further,2
afternoon,2
agreements,2
appears,2
cannot,2
promise,2
ford,2
method,2
possibility,2
basis,2
tool,2
differ,2
purpose,2
knowledge,2
related,2
electrical,2
department,2
bordo,2
journals,2
whole,2
year,2
actually,2
reflect,2
newspaper,2
carey,2
approach,2
prices,2
caused,2
suggest,2
proctor,2
next,2
bank,2
several,2
few,2
highly,2
acts,2
up,2
coordinate,2
fausold,2
productivity,2
describes,2
value,2
provided,2
finds,2
conducts,2
subsequently,2
archive,2
situation,2
critics,2
reduced,2
gather,2
wrote,2
expansion,2
cole,2
intervention,2
make,2
sponsored,2
targeted,2
paint,2
hold,2
positive,2
competitiveness,2
oxford,2
portrayed,2
security,2
coverage,2
consuming,2
straus,2
foreswear,2
light,2
vermont,2
predisposition,2
published,2
regardless,2
volume,2
starting,2
fire,2
name,2
skill,2
stated,2
toward,2
reporting,2
similarly,2
lack,2
head,2
serious,2
took,2
covered,2
invitation,2
perhaps,2
going,2
degree,2
argues,2
original,2
credit,2
aggregation,2
analyzed,2
understanding,2
treated,2
formal,2
gifford,2
largely,2
robinson,2
causes,2
variables,2
examination,2
autumn,2
california,2
nevertheless,2
rodfield,2
b,2
co,2
like,2
hardship,2
obtained,2
administrative,2
kept,2
accurate,2
martin,2
exchange,2
outcomes,2
efficiency,2
respectively,2
banking,2
structure,2
electric,2
equivalent,2
macmillan,2
attend,2
quarterly,2
professional,2
regressions,2
attention,2
relationship,2
abundance,2
continued,2
segments,2
program,2
attitude,2
dec,2
sensitive,2
strongly,2
effectively,2
remaining,2
originated,2
executive,2
often,2
fe,2
hagley,2
magazines,2
articles,2
stickiness,2
paying,2
joseph,2
directories,2
detail,2
quantitatively,2
shaw,2
seriously,2
magnitude,2
then,2
mentioned,2
membership,2
plea,2
here,2
mifflin,2
presidency,2
worth,2
novel,2
laughlin,2
contained,2
sizes,2
microeconomics,2
printed,2
report,2
speech,2
job,2
research,2
fail,2
sum,2
type,2
beginning,2
according,2
explanations,2
early,2
boston,2
presented,2
thereby,2
despite,2
marble,2
invitations,2
subject,2
tried,2
controls,2
teagle,2
secured,2
representation,2
propagating,2
lists,2
julius,2
cambridge,2
finding,2
mitigating,2
illinois,2
samuel,2
publicized,2
romer,2
prosperity,2
parkinson,2
remains,2
increased,2
morning,2
c,2
sharing,2
jason,2
focus,2
comparable,2
digest,2
doing,2
delayed,2
appeasement,1
precipitously,1
entities,1
archives,1
done,1
entreaties,1
struggle,1
waee,1
implemented,1
later,1
antecedents,1
develops,1
privately,1
created,1
judging,1
market,1
personnel,1
profitability,1
resulted,1
shipbuilding,1
announced,1
cowards,1
alone,1
adoption,1
federation,1
macrohistory,1
originate,1
becoming,1
juxtaposition,1
needed,1
judged,1
designed,1
referring,1
formed,1
motivation,1
criticizes,1
pressing,1
olney,1
modern,1
favor,1
perfect,1
considerations,1
spirit,1
decade,1
acceptance,1
protection,1
position,1
presents,1
total,1
harold,1
arguing,1
princeton,1
materials,1
mitigated,1
highlight,1
indexes,1
being,1
said,1
member,1
railroads,1
stressed,1
disagreement,1
jointly,1
voices,1
originally,1
motor,1
utilization,1
lumber,1
allow,1
absurd,1
emerged,1
england,1
capital,1
seems,1
rhode,1
cartoon,1
textiles,1
assess,1
broadly,1
forestalling,1
display,1
momentum,1
thank,1
portrayal,1
analyses,1
sloan,1
fully,1
assembled,1
follows,1
trip,1
concludes,1
take,1
myron,1
help,1
sep,1
interviewed,1
alert,1
reserved,1
complicated,1
decreased,1
letting,1
reading,1
declines,1
daniel,1
context,1
papers,1
violating,1
seminar,1
majority,1
ernest,1
departures,1
case,1
side,1
governmental,1
dissemination,1
rolls,1
clarence,1
matthew,1
encouraging,1
agriculture,1
discuss,1
march,1
dupont,1
anticipation,1
felt,1
determined,1
cooperation,1
enforcement,1
activity,1
shared,1
reaching,1
evan,1
reaction,1
insight,1
obvious,1
headed,1
except,1
establishment,1
advocating,1
compares,1
correlation,1
himself,1
minimum,1
letter,1
engage,1
collection,1
split,1
crystallized,1
shut,1
wherever,1
gravity,1
exist,1
implements,1
conflict,1
bin,1
million,1
thus,1
upheld,1
ronald,1
historically,1
pledging,1
beney,1
facts,1
immediate,1
chautauqua,1
reyburn,1
run,1
pilot,1
calculated,1
inflation,1
amounts,1
machine,1
de,1
g,1
integral,1
scarce,1
ability,1
mixed,1
issued,1
jr,1
dubbed,1
expected,1
comprised,1
ferguson,1
exercise,1
initiate,1
uscoc,1
clay,1
clark,1
transformation,1
bay,1
david,1
uniformly,1
causing,1
haelev,1
body,1
speed,1
plank,1
columbia,1
extraordinary,1
inclusion,1
young,1
applying,1
effective,1
misleading,1
truly,1
weakening,1
find,1
helpful,1
isidor,1
catchings,1
conspiracy,1
geographically,1
consequently,1
constructs,1
details,1
ada,1
belongs,1
woolley,1
jones,1
millwork,1
handful,1
influence,1
competitive,1
stanley,1
headline,1
sears,1
poverty,1
mechanism,1
distribution,1
failed,1
rights,1
disbanded,1
opposed,1
fruitless,1
omitting,1
wilmington,1
alleged,1
rebuked,1
evaluates,1
essential,1
hopes,1
costs,1
act,1
managers,1
main,1
debated,1
organizing,1
influential,1
crash,1
afterwards,1
explicit,1
capture,1
responded,1
remunerated,1
neglected,1
sherman,1
analyzes,1
opportunity,1
foundries,1
heard,1
proportion,1
ex,1
interwar,1
humanity,1
grew,1
se,1
direct,1
parts,1
special,1
radiator,1
echoed,1
impressed,1
summarized,1
consequences,1
factors,1
utilities,1
moreover,1
consistency,1
gathering,1
proclaimed,1
firing,1
send,1
understand,1
trigg,1
complying,1
affect,1
nonferrous,1
consider,1
possibly,1
flexibility,1
tanning,1
improvement,1
river,1
statistical,1
organized,1
slowly,1
bit,1
presumably,1
unimportant,1
conceding,1
former,1
stabilizing,1
n,1
receiving,1
northeastern,1
westinghouse,1
argued,1
reviewed,1
prevent,1
unavoidable,1
retrospective,1
riverside,1
additional,1
encouragement,1
pains,1
scribner,1
beyond,1
cotton,1
transcripts,1
romasco,1
instance,1
publicity,1
strategy,1
faced,1
view,1
thrust,1
alice,1
opening,1
expressed,1
standards,1
my,1
herald,1
identifying,1
path,1
questioned,1
highwage,1
agenda,1
stroke,1
histories,1
carrying,1
disingenuousness,1
difficulty,1
speeches,1
p,1
adhered,1
relating,1
seven,1
lived,1
scenes,1
international,1
events,1
owen,1
stagger,1
headlined,1
base,1
none,1
markets,1
supporters,1
understood,1
third,1
stock,1
leonard,1
indirect,1
recently,1
persons,1
biases,1
applied,1
otherwise,1
handled,1
rubber,1
metals,1
dan,1
lyons,1
explain,1
instrumental,1
premise,1
wide,1
briefly,1
because,1
expensive,1
keeping,1
having,1
trial,1
literature,1
minute,1
intense,1
implement,1
received,1
organize,1
circumstantial,1
conferencing,1
rail,1
writers,1
framed,1
claim,1
concept,1
prominent,1
fired,1
crude,1
competing,1
excessive,1
precipitated,1
gave,1
island,1
discussions,1
place,1
editorial,1
issues,1
collective,1
people,1
structures,1
runs,1
irving,1
documented,1
forces,1
personal,1
employed,1
systematic,1
fulminations,1
interpreted,1
week,1
predictive,1
universally,1
own,1
radically,1
monetary,1
detailed,1
preceded,1
good,1
responses,1
stylized,1
accused,1
sense,1
working,1
below,1
lowest,1
talked,1
stage,1
involve,1
box,1
order,1
synthesized,1
sharp,1
ward,1
economist,1
calling,1
mitchell,1
began,1
ignore,1
driving,1
concerns,1
leather,1
varnish,1
presence,1
iron,1
barron,1
adhere,1
schedules,1
workforce,1
romancing,1
tended,1
philip,1
occasions,1
progress,1
implementation,1
necessity,1
paid,1
world,1
reflected,1
subproduct,1
waiting,1
behalf,1
avoid,1
periods,1
meaningfully,1
otis,1
telegraph,1
highlights,1
sons,1
advocate,1
variety,1
absence,1
tabulates,1
bringing,1
mlr,1
identified,1
indeed,1
synthesis,1
revival,1
techniques,1
plans,1
return,1
nearly,1
museum,1
mainstream,1
bankers,1
comments,1
newton,1
rosenwald,1
condon,1
decisions,1
direction,1
scarcity,1
confronting,1
retrieved,1
uc,1
pacific,1
sympathies,1
incipient,1
reference,1
thursday,1
recommendation,1
rehiring,1
coincidental,1
albert,1
exposure,1
supplementary,1
selective,1
us,1
favorable,1
schatz,1
compiled,1
participants,1
falls,1
railroad,1
subset,1
rehire,1
clothing,1
perspectives,1
collectively,1
lord,1
woolen,1
gov,1
nw,1
outlined,1
experiment,1
enterprises,1
sector,1
picture,1
declining,1
shops,1
members,1
lewis,1
pinning,1
contractionary,1
deterred,1
jeffrey,1
bits,1
confound,1
factory,1
strike,1
fell,1
renewed,1
pointed,1
conferring,1
put,1
printing,1
lowering,1
towards,1
release,1
averages,1
shows,1
twenty,1
limit,1
response,1
abilities,1
relates,1
plan,1
beliefs,1
ought,1
exclusion,1
regulation,1
choice,1
associates,1
wedded,1
omitted,1
emphatically,1
remain,1
substantially,1
foster,1
automobiles,1
discussed,1
pulp,1
channel,1
wesleyan,1
nonmanufacturing,1
patterns,1
disseminate,1
behind,1
earlymover,1
accusations,1
v,1
waddil,1
intervene,1
remarkable,1
operating,1
movers,1
where,1
edison,1
float,1
purposes,1
refrain,1
newport,1
buyer,1
non,1
relevant,1
jobs,1
michael,1
strategies,1
homer,1
council,1
pivots,1
forth,1
duties,1
handpicked,1
wartime,1
belief,1
lean,1
proportionately,1
mechanically,1
streets,1
day,1
thoroughly,1
admonish,1
remained,1
calculation,1
multicollinearity,1
ephemeral,1
fundamentally,1
kansas,1
private,1
collecting,1
arch,1
discussion,1
robertson,1
doubtful,1
politicians,1
regressor,1
ibrarv,1
helps,1
sides,1
previously,1
increase,1
empirical,1
controlling,1
entirely,1
food,1
operated,1
assumption,1
attendee,1
engaging,1
academics,1
aside,1
products,1
rare,1
stay,1
tactic,1
check,1
chosen,1
full,1
option,1
contribution,1
kindred,1
significance,1
clear,1
discovered,1
urbana,1
sloane,1
comprehensive,1
achieved,1
brad,1
objection,1
maximizing,1
issn,1
jawboning,1
pride,1
started,1
caribbean,1
revised,1
ny,1
collected,1
stages,1
probable,1
running,1
construct,1
latter,1
repeated,1
spent,1
proclaim,1
outside,1
promote,1
viewpoint,1
editors,1
businesses,1
references,1
assessing,1
recoverable,1
mainly,1
assigning,1
lowered,1
sept,1
accord,1
insignificant,1
sticky,1
ago,1
quarter,1
financiers,1
delong,1
concluded,1
examines,1
shocked,1
genesis,1
specifications,1
dealing,1
space,1
telephone,1
consists,1
extractive,1
speculate,1
tests,1
assigned,1
today,1
publishing,1
fairly,1
provide,1
recall,1
assert,1
mediation,1
crucial,1
five,1
convened,1
naturally,1
fear,1
reasonable,1
begin,1
vague,1
randomly,1
recognizes,1
bulletin,1
preemptive,1
dispatch,1
interfere,1
nemours,1
contemplating,1
balloon,1
lawrence,1
proposition,1
importantly,1
requests,1
peril,1
bins,1
rapidly,1
length,1
talbert,1
why,1
furthered,1
responsible,1
phrase,1
implementing,1
existed,1
achieve,1
presidents,1
respect,1
disagrees,1
obstacle,1
face,1
problematic,1
eugene,1
considered,1
addressed,1
supply,1
ofthat,1
roebuck,1
rarely,1
broke,1
antecedent,1
comes,1
conclusion,1
version,1
changing,1
must,1
extensive,1
legge,1
ever,1
determinants,1
olenin,1
pace,1
theme,1
scrutiny,1
constructed,1
regress,1
narrowly,1
bernstein,1
offers,1
sustained,1
nonindustrial,1
starr,1
column,1
berkeley,1
branches,1
synthesizes,1
finance,1
substantiates,1
proponents,1
abandonment,1
save,1
historians,1
seem,1
referees,1
best,1
alexander,1
emergence,1
cyclical,1
current,1
post,1
eot,1
exploiting,1
compliance,1
adverse,1
rely,1
asserting,1
massachusetts,1
uphold,1
gas,1
benefit,1
happiness,1
distinctive,1
faster,1
gadsen,1
emerges,1
better,1
places,1
person,1
lamont,1
scholarship,1
outlook,1
ideologies,1
unlikely,1
heads,1
recession,1
circles,1
depicts,1
kevin,1
worthwhile,1
form,1
ones,1
accounts,1
delegated,1
independently,1
quote,1
covers,1
agricultural,1
juxtaposed,1
passed,1
manufactures,1
earners,1
unnecessary,1
problem,1
correspondent,1
always,1
differs,1
pursued,1
produce,1
yield,1
belknap,1
scenarios,1
ideal,1
deflation,1
agreeable,1
martha,1
nj,1
bodies,1
insincere,1
kulas,1
circumstances,1
trivial,1
furniture,1
peace,1
little,1
city,1
prospect,1
confirm,1
step,1
agents,1
contribute,1
demanding,1
phenomenon,1
motivate,1
vocal,1
formation,1
acceptability,1
harvester,1
argument,1
authorized,1
disseminating,1
dissimilarly,1
reveals,1
initiated,1
frame,1
chemical,1
protesting,1
instead,1
correlated,1
green,1
gross,1
product,1
barnes,1
glass,1
christina,1
regular,1
attributes,1
seeks,1
voluntary,1
philosophy,1
tobacco,1
repeat,1
shift,1
roughly,1
particularities,1
aggregated,1
anonymous,1
specific,1
insider,1
endeavors,1
industrialists,1
themselves,1
myers,1
frb,1
archival,1
charged,1
reached,1
stemming,1
irrelevant,1
dark,1
spokesmen,1
views,1
substantial,1
entire,1
df,1
bulwark,1
grace,1
observed,1
cross,1
inviolate,1
unrepresentative,1
fostering,1
roles,1
sheed,1
predicated,1
retrospect,1
pausing,1
