WORDCOUNTS,WEIGHT
the,1012
of,525
in,392
and,340
to,318
a,189
was,128
war,125
as,121
that,119
swiss,111
with,110
were,108
british,105
on,99
from,94
for,93
companies,92
had,84
company,80
volkart,75
trading,74
by,73
trade,72
their,71
s,62
this,62
business,60
diethelm,59
be,58
german,51
it,50
world,50
at,47
its,45
not,40
which,39
countries,39
economic,38
goods,37
first,35
asia,34
an,34
they,33
or,32
no,31
co,31
only,30
been,30
also,29
neutral,29
bombay,29
london,28
enemy,27
great,26
such,26
after,26
switzerland,26
singapore,26
during,24
britain,23
new,23
number,23
economy,23
could,22
rubber,22
but,22
european,22
winterthur,22
became,22
india,21
however,21
protectionism,21
national,21
foreign,21
firms,21
these,20
more,20
office,20
is,20
wartime,20
one,19
all,19
since,19
international,19
because,19
present,19
past,19
die,19
zollikofer,18
consul,18
measures,17
century,17
his,17
nationality,17
dossier,17
end,17
would,17
global,17
between,17
into,16
other,16
europe,16
origin,16
time,16
while,16
h,15
east,15
dutch,15
und,15
va,15
under,15
bangkok,15
germany,14
political,14
partners,14
firm,14
central,14
employees,14
branch,14
most,14
cotton,14
result,14
even,14
many,14
bar,14
outbreak,14
der,14
protection,13
nineteenth,13
warfare,13
operations,13
managers,13
ε,13
ref,13
part,13
box,13
zurich,13
see,13
who,13
country,13
powers,13
have,13
consular,12
i,12
merchants,12
w,12
cultural,12
he,12
period,12
so,12
consulates,12
consulate,12
brothers,12
states,12
ringger,11
case,11
reinhart,11
certain,11
im,11
package,11
well,11
correspondence,11
operating,11
netherlands,11
when,11
particular,11
bern,11
sturzenegger,10
government,10
raw,10
out,10
example,10
connections,10
second,10
law,10
indies,10
eds,10
authorities,10
founded,10
branches,10
are,10
allied,10
beginning,10
until,10
affected,9
allies,9
within,9
due,9
de,9
houses,9
subsidiary,9
export,9
up,9
us,9
fact,9
made,9
manufactured,9
operated,9
exports,9
problems,9
can,9
basel,9
often,9
united,9
control,9
what,9
through,9
years,9
history,8
there,8
hooglandt,8
contraband,8
apr,8
regulations,8
jones,8
hamburg,8
important,8
own,8
order,8
several,8
activities,8
south,8
led,8
materials,8
about,8
oxford,8
included,8
enterprises,8
put,8
took,8
times,8
article,8
any,8
did,8
both,8
much,8
should,8
way,7
if,7
market,7
federal,7
policy,7
position,7
before,7
being,7
able,7
than,7
may,7
york,7
without,7
established,7
house,7
globalization,7
came,7
das,7
blockade,7
employee,7
markets,7
mainly,7
haus,7
people,7
overseas,7
caused,7
da,7
indian,7
two,7
v,7
empire,7
free,7
asian,7
siam,7
very,7
zürich,7
list,7
tna,7
shareholders,7
merchant,7
commercial,7
numerous,7
off,7
close,7
colombo,7
large,6
instructions,6
reich,6
taken,6
sumatra,6
far,6
controlled,6
against,6
forced,6
memorandum,6
burma,6
act,6
absolute,6
information,6
used,6
traders,6
commerce,6
multinational,6
therefore,6
yet,6
department,6
head,6
germans,6
japan,6
local,6
private,6
restrictions,6
allowed,6
administrative,6
executive,6
citizens,6
following,6
rangoon,6
submarine,6
according,6
austrian,6
despite,6
territory,6
nov,6
twentieth,6
effects,6
import,6
among,6
hans,6
american,5
certificates,5
former,5
gr,5
various,5
long,5
interests,5
might,5
robert,5
mail,5
suisse,5
activity,5
owners,5
letter,5
conflict,5
telegrams,5
relations,5
communication,5
influence,5
english,5
warring,5
mission,5
instance,5
geoffrey,5
found,5
p,5
fo,5
furthermore,5
applied,5
globally,5
colonies,5
abroad,5
industrial,5
positions,5
has,5
issues,5
successful,5
volume,5
involved,5
small,5
will,5
power,5
georg,5
schmidt,5
july,5
victor,5
experienced,5
siney,5
increasingly,5
name,5
french,5
headquarters,5
efforts,5
pressure,5
less,5
examples,5
trust,5
k,5
staff,5
division,5
respect,5
prohibited,5
demonstrate,5
bros,5
anderegg,5
over,5
capital,5
proved,5
subject,5
went,5
although,5
increased,5
early,5
gold,5
difficult,4
now,4
common,4
cent,4
names,4
nationalities,4
per,4
agency,4
neutrals,4
saigon,4
either,4
production,4
ii,4
parties,4
take,4
prior,4
politics,4
schweizer,4
thus,4
throughout,4
affiliation,4
club,4
jl,4
left,4
find,4
berli,4
spite,4
fergusson,4
offices,4
high,4
shipping,4
aimed,4
how,4
archiv,4
ex,4
importance,4
reason,4
bremen,4
impact,4
flow,4
zeit,4
outset,4
persons,4
brought,4
though,4
verlorene,4
place,4
et,4
eggenberger,4
blacklist,4
strict,4
seized,4
insurance,4
family,4
industry,4
suddenly,4
avoid,4
nations,4
situation,4
matter,4
letters,4
indeed,4
still,4
movement,4
madras,4
same,4
natural,4
largest,4
weltkrieg,4
penang,4
stronger,4
longer,4
payment,4
where,4
competitors,4
karl,4
surveillance,4
council,4
identity,4
controlling,4
actual,4
continue,4
examination,4
ties,4
significance,4
clear,4
language,4
individual,4
course,4
honorary,4
especially,4
businesses,4
exported,4
sept,4
we,4
table,4
continued,4
provide,4
wandel,4
dec,4
seen,4
itself,4
began,4
osterhammel,4
event,4
hides,4
karachi,4
seriously,4
blocked,4
globalisierung,4
partner,4
december,4
board,4
ochsenbein,4
geschichte,4
für,4
hist,4
them,4
whether,4
coast,4
freedom,4
transport,4
sea,4
appointed,4
colonial,4
cambridge,4
finally,4
crisis,4
association,4
wirtschaftsfreiheit,4
themselves,4
enterprise,4
major,4
directors,3
archives,3
customers,3
o,3
adopt,3
connection,3
manuscript,3
police,3
continent,3
laid,3
schaffhausen,3
plantations,3
experience,3
later,3
brien,3
gesellschaft,3
majesty,3
nature,3
liverpool,3
closer,3
products,3
state,3
henry,3
described,3
iii,3
along,3
jakob,3
wirtschaftskrieg,3
difficulties,3
unpublished,3
dealings,3
manager,3
cases,3
legally,3
response,3
jürgen,3
criterion,3
general,3
société,3
l,3
developed,3
münchen,3
process,3
kept,3
bankruptcy,3
protectionist,3
legal,3
direct,3
parts,3
économique,3
tree,3
means,3
wanted,3
les,3
almost,3
whereas,3
extent,3
access,3
politicization,3
effort,3
events,3
transactions,3
profited,3
outside,3
blacklisting,3
required,3
public,3
gained,3
basis,3
r,3
received,3
start,3
nation,3
feared,3
destination,3
actually,3
middle,3
boom,3
transported,3
petersson,3
t,3
least,3
arise,3
blacklisted,3
le,3
quite,3
la,3
usual,3
fully,3
generally,3
margrit,3
suspicious,3
critical,3
müller,3
attempts,3
firma,3
limited,3
harbour,3
flag,3
supplier,3
alongside,3
persönliches,3
restricted,3
home,3
orders,3
naval,3
sales,3
japanese,3
investors,3
fan,3
members,3
vogt,3
bartu,3
subcontinent,3
again,3
dehne,3
hand,3
establishment,3
do,3
sir,3
depended,3
significant,3
mussey,3
questions,3
regions,3
nevertheless,3
summer,3
rambousek,3
filled,3
why,3
become,3
niall,3
james,3
increasing,3
declaration,3
usually,3
suspected,3
wilhelm,3
share,3
principals,3
circumstances,3
simply,3
bales,3
set,3
cover,3
each,3
shares,3
different,3
down,3
report,3
grey,3
wirtschaft,3
plantation,3
censoring,3
believed,3
nominal,3
cwe,3
conclusion,3
problem,3
censorship,3
gannon,3
suspicion,3
patriotism,3
des,3
felt,3
bodies,3
easy,3
intended,3
returning,3
representation,3
writing,3
our,3
come,3
question,3
lists,3
actively,3
usa,3
area,3
cosmopolitan,3
asked,3
founding,2
margins,2
possessed,2
mostly,2
done,2
vor,2
m,2
malaya,2
implemented,2
declared,2
rev,2
prize,2
guaranteeing,2
compensate,2
alone,2
considerably,2
sphere,2
expect,2
strictly,2
completely,2
environment,2
ms,2
obligations,2
necessarily,2
harold,2
exceptions,2
du,2
permitted,2
predominantly,2
file,2
anything,2
else,2
every,2
whom,2
stadermann,2
embassies,2
unambiguously,2
shanghai,2
give,2
military,2
address,2
investments,2
attempt,2
j,2
seems,2
copy,2
route,2
leading,2
secondary,2
daily,2
thank,2
sang,2
rautenberg,2
listing,2
achieved,2
damage,2
greatly,2
complicated,2
china,2
ambiguous,2
indochina,2
hostility,2
worldwide,2
papers,2
citizenship,2
issue,2
cabinet,2
iv,2
thorburn,2
some,2
shared,2
sale,2
community,2
supply,2
supervision,2
sent,2
laws,2
cited,2
representing,2
demanded,2
prevented,2
repeatedly,2
million,2
shareholder,2
highly,2
immediate,2
development,2
executives,2
multinationals,2
interest,2
relatively,2
regarded,2
decided,2
issued,2
heightened,2
application,2
strategic,2
kind,2
schweizerisches,2
developments,2
adopted,2
keep,2
perspective,2
concerning,2
amount,2
contrary,2
six,2
effective,2
truly,2
compare,2
broadberry,2
citizen,2
acted,2
competitive,2
implementation,2
failed,2
operation,2
opposed,2
whose,2
traffic,2
edward,2
letterhead,2
levels,2
rossfeld,2
osaka,2
proportion,2
lasted,2
supplement,2
xxx,2
consequences,2
gathering,2
martin,2
raymond,2
drabble,2
servants,2
university,2
organization,2
languages,2
siegenthaler,2
liberal,2
n,2
argued,2
situations,2
age,2
four,2
origins,2
followed,2
peninsula,2
consequence,2
requires,2
conditional,2
interned,2
guarantee,2
adapted,2
view,2
ersten,2
location,2
bearing,2
declined,2
future,2
rule,2
begun,2
traditionally,2
oil,2
patrick,2
economics,2
spinning,2
late,2
informed,2
focused,2
tools,2
suffered,2
excellent,2
intertwined,2
january,2
criteria,2
directly,2
keeping,2
work,2
guex,2
concept,2
civil,2
related,2
neutrality,2
loss,2
policies,2
suppliers,2
officers,2
noted,2
statistics,2
call,2
rechtliches,2
strengthened,2
prices,2
officials,2
level,2
hard,2
fostered,2
owned,2
exportations,2
liquidation,2
around,2
oct,2
legation,2
depression,2
bookkeeping,2
philip,2
majority,2
teutonia,2
appropriate,2
value,2
phase,2
cont,2
seemed,2
contacted,2
flourished,2
role,2
november,2
demand,2
request,2
minor,2
boards,2
transnational,2
licence,2
short,2
wrote,2
service,2
located,2
soutou,2
exception,2
woods,2
experiences,2
registered,2
com,2
fighting,2
relationship,2
frank,2
sympathies,2
recommendation,2
rules,2
theodor,2
soon,2
unternehmen,2
official,2
management,2
malay,2
light,2
ed,2
already,2
insights,2
social,2
delivery,2
viktor,2
routes,2
statements,2
harrison,2
paul,2
stated,2
mark,2
toward,2
towards,2
financial,2
subsidiaries,2
shows,2
unternehmensgeschichte,2
bourgeoisie,2
areas,2
weltwirtschaft,2
appeared,2
documents,2
paderborn,2
regulation,2
associates,2
john,2
arthur,2
doubt,2
schweizerische,2
establish,2
strategies,2
jahrhundert,2
material,2
attitude,2
agencies,2
deep,2
über,2
another,2
extended,2
divided,2
explanation,2
upon,2
exporting,2
arose,2
intensified,2
increase,2
concern,2
use,2
virtually,2
ideas,2
engaged,2
charge,2
three,2
directed,2
points,2
counter,2
held,2
like,2
calcutta,2
function,2
black,2
standard,2
exchange,2
facing,2
labour,2
detained,2
accordingly,2
effect,2
sébastien,2
relative,2
justice,2
decision,2
carried,2
ellison,2
diametrically,2
aid,2
independent,2
stocks,2
months,2
primarily,2
success,2
tin,2
originated,2
nationalization,2
urged,2
centuries,2
get,2
frey,2
regularly,2
wars,2
rarely,2
then,2
going,2
practice,2
extending,2
ever,2
profits,2
schweiz,2
swissness,2
headed,2
know,2
guerre,2
refused,2
paper,2
roman,2
believe,2
domestic,2
eventually,2
rivalry,2
ideological,2
written,2
historical,2
explicitly,2
conrad,2
living,2
cosmopolitanism,2
malaysia,2
sectors,2
terms,2
passed,2
hansjörg,2
bairoch,2
embeddedness,2
produce,2
vol,2
ascertain,2
translated,2
vessels,2
careful,2
code,2
met,2
belgium,2
giving,2
zschr,2
commodities,2
maintained,2
jan,2
eric,2
producer,2
argument,2
background,2
reveals,2
proclamations,2
grant,2
documentation,2
ended,2
offer,2
lively,2
grown,2
evidence,2
product,2
integration,2
landed,2
niels,2
france,2
you,2
attempted,2
shift,2
ships,2
lampard,2
specific,2
charles,2
vessel,2
c,2
point,2
commodity,2
exclusively,2
verified,2
focus,2
immediately,2
strong,2
werner,2
scandinavian,1
günther,1
ammunition,1
courts,1
studienbibliothek,1
final,1
yokohama,1
marchés,1
administrators,1
bedeutung,1
entities,1
tokyo,1
abolition,1
phrasing,1
formulated,1
kriegswirtschaft,1
investigated,1
tuticorin,1
conflicting,1
protests,1
anthony,1
cataclysm,1
italy,1
groups,1
corporate,1
keller,1
imported,1
opponent,1
dalmann,1
faced,1
created,1
commitment,1
boycott,1
separated,1
represent,1
extend,1
resulted,1
defended,1
arrive,1
e,1
submission,1
resided,1
awarding,1
straumann,1
succession,1
introduction,1
constitution,1
neutralen,1
telegraphy,1
persia,1
linguistic,1
sympathetic,1
forcing,1
unsuccessful,1
bei,1
ralli,1
told,1
helfferich,1
replaced,1
partially,1
touched,1
granovetter,1
denied,1
erste,1
imprint,1
diplomatic,1
konsum,1
identify,1
multifaceted,1
terminated,1
advised,1
ma,1
formed,1
generalkonsul,1
likely,1
erster,1
library,1
asserted,1
confines,1
true,1
sets,1
solidarity,1
bias,1
fortunate,1
oktober,1
easily,1
studies,1
competence,1
dialectically,1
nationalistic,1
decrees,1
supervised,1
margareth,1
halt,1
missionaries,1
western,1
géographique,1
distanced,1
explanatory,1
classify,1
unlike,1
silverware,1
embassy,1
constance,1
impeded,1
studv,1
chief,1
bark,1
practices,1
proclamation,1
engaging,1
negative,1
nicolai,1
peaked,1
confederation,1
consistent,1
mcdermott,1
cast,1
wirtschaftsvertretungen,1
discretion,1
explaining,1
provision,1
undermine,1
modest,1
hence,1
wool,1
frankfurt,1
venice,1
austrians,1
certified,1
preceding,1
progressed,1
insbesondere,1
rohner,1
gambier,1
restoration,1
concentrated,1
expand,1
season,1
secretary,1
assist,1
reduction,1
shortage,1
england,1
chemicals,1
première,1
damaged,1
zeitschrift,1
privately,1
unjust,1
comparatively,1
textiles,1
agrarian,1
advantage,1
broken,1
suggesting,1
desire,1
christof,1
turnover,1
differences,1
aluminium,1
follows,1
geopolitical,1
inherent,1
incident,1
transferred,1
deutschen,1
revival,1
hundred,1
reveal,1
munitions,1
procedure,1
room,1
kingdom,1
subsequent,1
hands,1
coffee,1
intercepted,1
last,1
rudimentary,1
erich,1
date,1
zu,1
emphasized,1
precisely,1
marine,1
those,1
stayed,1
principal,1
classified,1
bundesrates,1
investigations,1
committed,1
rrom,1
stopped,1
context,1
graphische,1
posts,1
tabellen,1
standstill,1
proceed,1
inspectors,1
depending,1
armin,1
existence,1
suspect,1
lobbyists,1
yoshihara,1
searched,1
explained,1
owing,1
historians,1
albeit,1
task,1
adverse,1
sought,1
america,1
right,1
march,1
changed,1
hohner,1
brit,1
indirectly,1
obrecht,1
italian,1
socialized,1
marc,1
possible,1
determined,1
delivering,1
cooperation,1
enforcement,1
den,1
entrepreneurs,1
player,1
reaching,1
multilingual,1
chartered,1
reaction,1
solely,1
october,1
disperse,1
move,1
consumers,1
structurally,1
obvious,1
rid,1
forland,1
chemnitz,1
wien,1
apart,1
say,1
colouring,1
ideologically,1
exchanges,1
uncertain,1
originating,1
desirable,1
bottom,1
cornelius,1
above,1
interpretational,1
himself,1
message,1
economies,1
kriegswirtschaftlichen,1
external,1
internationally,1
weltmarkt,1
leben,1
prejudice,1
sign,1
inventory,1
here,1
shut,1
surplus,1
framework,1
tons,1
li,1
learned,1
september,1
guildhall,1
regarding,1
ullmann,1
welle,1
constitutive,1
teilhaber,1
relocation,1
g,1
relationships,1
historically,1
reichen,1
handel,1
redeemed,1
quality,1
definitely,1
run,1
quirinus,1
intensifying,1
categorized,1
swamped,1
likewise,1
aus,1
agent,1
anxious,1
campaigned,1
characteristic,1
destabilized,1
ability,1
consuls,1
moment,1
consumer,1
confiscations,1
competitor,1
walter,1
price,1
conducted,1
tied,1
restore,1
pay,1
siècle,1
meyer,1
topic,1
assured,1
expected,1
turn,1
detention,1
rur,1
economical,1
merely,1
altogether,1
handelsgesellschaft,1
distinct,1
items,1
speculative,1
clark,1
systematically,1
document,1
vom,1
profound,1
back,1
causing,1
body,1
highest,1
attested,1
serving,1
feldenkirchen,1
served,1
gebrüder,1
germanor,1
schulz,1
profit,1
helpful,1
drawn,1
blue,1
consequently,1
siebzehnten,1
gegen,1
details,1
disruptions,1
emphasize,1
multinationally,1
cenemy,1
ausländischer,1
urgent,1
delivered,1
hardly,1
restricting,1
stanley,1
festschrift,1
purchasing,1
industries,1
aim,1
personliches,1
communities,1
via,1
interesting,1
authority,1
geneva,1
normalcy,1
slowed,1
americans,1
folder,1
understands,1
hobsbawm,1
russian,1
ljor,1
ordinance,1
observers,1
patron,1
stricter,1
main,1
arising,1
gewinn,1
stop,1
remain,1
basic,1
crash,1
explicit,1
biggest,1
presentation,1
globales,1
remote,1
mean,1
mein,1
stuttgart,1
conceptions,1
opportunity,1
risk,1
heard,1
associate,1
connected,1
thing,1
similar,1
expelled,1
grew,1
costs,1
tan,1
schweizerischer,1
danger,1
form,1
lay,1
arbor,1
awareness,1
von,1
something,1
space,1
ökonomischen,1
extremes,1
moreover,1
howe,1
thought,1
lives,1
battlefields,1
internment,1
acquisition,1
kampf,1
consultation,1
ensure,1
stand,1
biased,1
veyrassat,1
consider,1
locally,1
possibly,1
egil,1
seas,1
familiar,1
retained,1
descent,1
ceylon,1
contentedly,1
slowly,1
emergence,1
energy,1
smuggled,1
clearly,1
section,1
director,1
just,1
monde,1
days,1
nationals,1
weltkriege,1
autarky,1
god,1
notarized,1
too,1
metalware,1
prevent,1
stocked,1
benefited,1
proven,1
orientation,1
show,1
yz,1
commonly,1
operate,1
max,1
macroperspective,1
additional,1
textile,1
confuse,1
stripping,1
pains,1
officer,1
tuly,1
beyond,1
schönertröhlk,1
putting,1
behn,1
willing,1
answers,1
restriction,1
internal,1
owning,1
hit,1
painstakingly,1
provisional,1
strategy,1
pity,1
überfremdung,1
norway,1
protestant,1
cut,1
forsake,1
basler,1
advocated,1
supports,1
lor,1
regulatory,1
ihre,1
confiscate,1
holdings,1
hours,1
affaires,1
opening,1
expressed,1
pwmrkr,1
formidable,1
based,1
merging,1
introduce,1
path,1
allow,1
carrying,1
marion,1
meinem,1
called,1
typical,1
sights,1
attack,1
young,1
relating,1
ambiguity,1
demands,1
goertz,1
destined,1
radical,1
globalgeschichte,1
noting,1
dislocation,1
lumpur,1
amer,1
persist,1
captured,1
possibility,1
initial,1
colony,1
representative,1
respects,1
term,1
industrials,1
zweiten,1
economiques,1
heirs,1
pointing,1
understood,1
equal,1
bundesversammlung,1
zwischen,1
circular,1
agreements,1
prohibit,1
appears,1
recently,1
produced,1
meet,1
purchased,1
accentuate,1
scale,1
outstanding,1
produktion,1
record,1
nothing,1
expedient,1
cclxxix,1
your,1
guidance,1
obstruction,1
networks,1
wide,1
balance,1
al,1
coin,1
aktienrecht,1
exert,1
xix,1
having,1
participation,1
network,1
silk,1
betrayed,1
krumeich,1
closed,1
revealed,1
scope,1
licences,1
responding,1
imports,1
augsburg,1
vote,1
leisure,1
tanner,1
vergessene,1
venfs,1
prominent,1
combating,1
purpose,1
discusses,1
bazaars,1
calls,1
zwei,1
secret,1
confined,1
actors,1
registration,1
contrabands,1
year,1
literature,1
clarifying,1
nobuo,1
discussions,1
ghana,1
inherited,1
broad,1
partly,1
johann,1
relevance,1
concentrate,1
survey,1
belligerent,1
bankrupt,1
forces,1
lawsuit,1
away,1
rivals,1
francs,1
surrounding,1
regional,1
employed,1
heute,1
showing,1
kautschuk,1
arrangements,1
ichi,1
status,1
currents,1
attributed,1
hanhart,1
weeks,1
retaliated,1
violated,1
reinhard,1
f,1
analysed,1
probleme,1
dejung,1
atlas,1
good,1
change,1
widen,1
consumption,1
published,1
strove,1
running,1
tolerant,1
normally,1
working,1
field,1
skyrocketed,1
below,1
allegiance,1
wi,1
fuzzy,1
revolution,1
things,1
ipoh,1
hired,1
next,1
cassis,1
contrast,1
altermatt,1
ministries,1
jaeger,1
bank,1
heat,1
separately,1
driving,1
few,1
multiple,1
issuing,1
geburtstag,1
dire,1
objectively,1
choose,1
eidenbenz,1
transfer,1
temporary,1
überwachungsgesellschaften,1
presence,1
malicious,1
dramatic,1
research,1
reported,1
secrecy,1
ancestors,1
portions,1
weapons,1
lewis,1
shin,1
γ,1
ausland,1
dismissed,1
dem,1
customary,1
warehouses,1
barely,1
bundesarchiv,1
basle,1
claude,1
benz,1
filling,1
körner,1
describes,1
paid,1
gould,1
notes,1
plausible,1
newly,1
genoa,1
preliminary,1
am,1
valuable,1
stephan,1
favoured,1
geographical,1
society,1
trentmann,1
jh,1
subsequently,1
tea,1
threatened,1
sanctions,1
harmonika,1
counteract,1
highlights,1
xixe,1
reduced,1
ventured,1
doss,1
myriad,1
calicut,1
steadily,1
strictures,1
action,1
overall,1
expansion,1
syndikate,1
tried,1
return,1
berghoff,1
brief,1
forward,1
fruit,1
goodyear,1
oscar,1
reorganization,1
puzzled,1
april,1
reconstruction,1
tor,1
blackand,1
intervention,1
make,1
denmark,1
interactions,1
comments,1
initially,1
modes,1
shipped,1
hitherto,1
cultivate,1
decisions,1
positive,1
southeast,1
cinchona,1
scarcity,1
once,1
chronicle,1
collect,1
stalled,1
relied,1
interpretation,1
fair,1
permission,1
examined,1
wake,1
adequate,1
emil,1
evil,1
fail,1
aussenhandels,1
clash,1
siemens,1
registrar,1
thesis,1
recruited,1
today,1
acting,1
brice,1
mildly,1
positively,1
jeopardy,1
complete,1
essential,1
foresight,1
durine,1
veritable,1
belonging,1
stammkapital,1
heated,1
essai,1
confirmed,1
qualified,1
enforce,1
stiefel,1
rise,1
kuala,1
double,1
ohs,1
rather,1
organizations,1
successfully,1
transnationally,1
california,1
temporarily,1
ingold,1
comparison,1
dialectally,1
north,1
factory,1
links,1
fragmentation,1
stating,1
polemic,1
renewed,1
pointed,1
avail,1
lucky,1
stud,1
residence,1
ban,1
bundesblatt,1
harbours,1
cultivated,1
lack,1
idea,1
limit,1
fundamental,1
conduct,1
cour,1
treuhandstelle,1
ή,1
geschäftsführung,1
jjutch,1
mitsui,1
attempting,1
choice,1
dysfunctional,1
outdated,1
als,1
defamation,1
together,1
reacted,1
banks,1
watch,1
walther,1
dazu,1
goodwill,1
navy,1
contends,1
youssef,1
pattern,1
man,1
observes,1
lüpold,1
minister,1
wirtschaftskontrollen,1
afraid,1
devil,1
disadvantages,1
valentin,1
patterns,1
readers,1
behind,1
none,1
everyday,1
paris,1
risked,1
contact,1
manner,1
capitales,1
refrain,1
haft,1
relevant,1
rumours,1
ports,1
duties,1
necessary,1
morocco,1
hartmut,1
einer,1
weaken,1
belief,1
apathy,1
books,1
governance,1
internationalisation,1
sell,1
categorically,1
lucrative,1
manoeuvre,1
encountered,1
refuted,1
recommend,1
day,1
convenient,1
polities,1
remained,1
institutions,1
argues,1
manoeuvring,1
understanding,1
greatest,1
haag,1
spending,1
missionary,1
gründer,1
supplies,1
father,1
abide,1
survive,1
lost,1
considering,1
effectiveness,1
players,1
prohibition,1
represented,1
sides,1
verlust,1
writings,1
region,1
including,1
bericht,1
contacts,1
supervisory,1
arbitrarily,1
renz,1
ö,1
ruthless,1
host,1
traded,1
sold,1
substantially,1
bazaar,1
factor,1
chs,1
blocking,1
asquith,1
resulting,1
harvard,1
net,1
heise,1
bitter,1
processes,1
trend,1
swettenham,1
services,1
dimensionen,1
hirschfeld,1
heinrich,1
epochen,1
kleinstadt,1
haiphong,1
considerable,1
advantages,1
requests,1
theoretical,1
java,1
küstermann,1
versions,1
exceedingly,1
rejected,1
fervour,1
margaret,1
communicated,1
comprehensive,1
wilfried,1
ottoman,1
dominated,1
victory,1
peter,1
august,1
deals,1
eve,1
harrisons,1
started,1
lifestyles,1
weberei,1
sebastian,1
tobias,1
him,1
daimler,1
buts,1
reinbek,1
played,1
collected,1
distinction,1
lie,1
int,1
gesellschaftsgeschichte,1
manufacturers,1
earlier,1
offence,1
richtlinien,1
enquiries,1
losing,1
provides,1
lose,1
accused,1
exporter,1
latter,1
quick,1
gesellschaften,1
strongly,1
labels,1
misunderstandings,1
promote,1
awakening,1
implementing,1
borderless,1
cabinets,1
respectively,1
wirtschaftlichkeits,1
bureaucracies,1
ann,1
examine,1
incompatible,1
engler,1
tradesmen,1
structure,1
ί,1
enemies,1
claiming,1
probably,1
gerd,1
capitalism,1
admiralty,1
parameters,1
attracted,1
worms,1
saw,1
industrialization,1
routines,1
quarterly,1
pastj,1
professional,1
sugar,1
quarter,1
andreas,1
attention,1
xxviii,1
importer,1
separate,1
pohl,1
heinz,1
genesis,1
dealing,1
factors,1
wished,1
third,1
me,1
violation,1
diagrams,1
myllyntaus,1
delhi,1
blacklists,1
astonished,1
zangger,1
george,1
science,1
gehalten,1
bulk,1
sometimes,1
opportunism,1
crucial,1
holiday,1
roest,1
globalisation,1
krip,1
naturally,1
ideology,1
maps,1
fear,1
support,1
parent,1
lines,1
deteriorating,1
fewer,1
insufficient,1
dragged,1
slow,1
statutes,1
referred,1
mood,1
irina,1
army,1
hast,1
detailed,1
ordering,1
merchandise,1
returned,1
effectively,1
monopolize,1
transformation,1
indicate,1
contributor,1
articles,1
life,1
herman,1
accusation,1
spared,1
construction,1
analysis,1
continually,1
existed,1
fall,1
transferring,1
directives,1
vortrag,1
friedemann,1
worlds,1
francisco,1
problematic,1
legitimately,1
blurred,1
xxix,1
considered,1
austria,1
founders,1
acquired,1
grimm,1
recurrence,1
seine,1
practised,1
heavy,1
fifteen,1
initiated,1
ordered,1
proprietors,1
senior,1
lessons,1
broke,1
intervened,1
comes,1
series,1
disposing,1
accordance,1
frauke,1
yonekawa,1
répartition,1
incorporated,1
geographischen,1
sch,1
needs,1
canton,1
instructed,1
constituted,1
extension,1
symbolic,1
sufficient,1
wanner,1
rival,1
physical,1
onp,1
supported,1
gerhard,1
rotterdam,1
eleven,1
doi,1
text,1
compensation,1
organizational,1
offers,1
drew,1
encoded,1
quickly,1
replace,1
defining,1
continental,1
uprooted,1
principle,1
shipment,1
finance,1
receivers,1
chapman,1
cultures,1
ausbildung,1
stoppage,1
contained,1
interested,1
resentment,1
governments,1
restrictive,1
unscathed,1
expense,1
half,1
grundkurs,1
current,1
residing,1
medan,1
particularly,1
dermott,1
blackened,1
obviously,1
adhere,1
leeway,1
porcelain,1
associations,1
auslandvertretungen,1
hostilities,1
kaiserreich,1
freight,1
assessment,1
february,1
governing,1
menzi,1
subordinate,1
renegotiated,1
schweizerischen,1
protocols,1
jakarta,1
juridical,1
jean,1
purchase,1
avner,1
reached,1
namely,1
ones,1
involvement,1
want,1
independently,1
sociology,1
character,1
add,1
feb,1
suspicions,1
attitudes,1
hoped,1
doubled,1
hideki,1
prozesse,1
leaving,1
verhältnis,1
mech,1
xxxii,1
waters,1
always,1
prudence,1
mentioned,1
condemned,1
institute,1
pursued,1
abruptly,1
cloth,1
property,1
influenced,1
timo,1
resident,1
listed,1
evading,1
aufgestellt,1
size,1
jahrhunderte,1
strain,1
cjeschattstätigkeit,1
monitored,1
groebner,1
intention,1
béatrice,1
whence,1
odds,1
economist,1
familie,1
clout,1
kommentar,1
peace,1
enzyklopädie,1
tightening,1
decisive,1
introduced,1
city,1
adolf,1
confirm,1
jong,1
methoden,1
duty,1
african,1
xliv,1
buy,1
pyke,1
administration,1
xci,1
controls,1
unsere,1
acute,1
extensive,1
vast,1
possessions,1
entry,1
demanding,1
breakers,1
copper,1
frei,1
using,1
au,1
ho,1
aspect,1
belligerents,1
construed,1
ein,1
kawabe,1
remarks,1
prepared,1
pakistan,1
ian,1
oi,1
soft,1
handicap,1
pricing,1
obliged,1
differentiation,1
authorized,1
known,1
crosfield,1
disposal,1
average,1
exigency,1
clubs,1
reitz,1
decrease,1
zum,1
exerted,1
aware,1
requested,1
harm,1
adulterated,1
contributed,1
prolonged,1
americas,1
include,1
define,1
canadian,1
bernard,1
confiscated,1
sur,1
files,1
smaller,1
endeavours,1
brighton,1
regular,1
shutdown,1
wirtschaftskriege,1
defined,1
seeks,1
regain,1
tobacco,1
reprisal,1
objections,1
presenting,1
extremely,1
semblance,1
speak,1
multilingualism,1
worried,1
wirtschaftliche,1
anonymous,1
respective,1
restored,1
wachstumsgesellschaft,1
west,1
territories,1
potential,1
torp,1
imprecise,1
assumed,1
withdrew,1
clarify,1
plethora,1
catalytic,1
mondiale,1
era,1
regards,1
debate,1
dalkeith,1
element,1
entire,1
given,1
liberalisation,1
traditional,1
sweden,1
uk,1
versatility,1
whenever,1
fiscal,1
doing,1
pillars,1
sixth,1
chambers,1
manila,1
derogate,1
hanoi,1
continuously,1
