WORDCOUNTS,WEIGHT
the,871
of,702
and,434
in,406
to,394
a,327
that,253
is,197
i,188
emotional,172
emotions,170
as,160
it,130
history,128
for,110
this,108
on,106
are,100
with,98
you,97
or,91
be,89
s,85
by,69
not,69
have,68
but,67
one,65
an,65
at,63
communities,55
how,51
was,51
what,51
they,50
jp,49
from,48
about,47
more,47
which,47
social,46
we,46
would,45
some,42
your,42
see,41
work,40
can,40
historical,40
emotion,39
there,38
such,38
their,38
do,38
if,37
other,35
new,34
were,34
so,34
reddy,33
these,32
its,31
when,31
no,30
very,30
suffering,30
also,29
theory,29
has,28
my,28
example,28
research,28
historians,28
will,27
all,27
many,27
think,27
had,26
regime,26
into,25
american,25
university,25
feeling,25
press,25
should,25
rosenwein,24
out,24
community,24
like,24
been,24
different,24
them,24
early,24
norms,23
might,22
may,22
émotives,22
our,22
only,21
navigation,20
use,20
fear,20
between,20
medieval,19
stearns,19
even,19
am,19
same,19
love,19
anger,19
wr,19
review,18
than,18
could,18
because,18
people,18
peter,18
often,18
any,18
did,18
way,17
modern,17
first,17
rather,17
his,17
certain,17
well,17
concept,17
quite,17
barbara,17
us,17
time,17
ages,17
me,17
middle,17
case,16
br,16
study,16
own,16
life,16
then,16
much,16
words,15
book,15
political,15
field,15
expression,15
why,15
elias,15
jan,15
styles,14
most,14
part,14
society,14
plamper,14
others,14
who,14
past,14
something,13
say,13
goal,13
century,13
kind,13
good,13
ps,13
idea,13
another,13
values,13
article,13
regimes,13
here,13
know,13
her,13
both,13
groups,12
h,12
just,12
n,12
too,12
cultural,12
however,12
though,12
sense,12
up,12
make,12
thought,12
two,12
william,12
tried,12
experience,11
t,11
seems,11
within,11
term,11
york,11
process,11
studies,11
change,11
generally,11
power,11
historian,11
little,11
question,11
recent,11
does,10
large,10
western,10
turn,10
without,10
feel,10
beyond,10
expressed,10
poststructuralist,10
issues,10
call,10
always,10
through,10
still,10
culture,10
fact,10
cognitive,10
universal,10
terms,10
given,10
entirely,9
sources,9
desire,9
emotionology,9
those,9
issue,9
point,9
interest,9
circles,9
hydraulic,9
ed,9
model,9
including,9
today,9
she,9
sometimes,9
must,9
simply,9
current,9
neuroscience,9
whether,9
psychology,9
cambridge,9
among,9
important,8
kinds,8
likely,8
before,8
nature,8
take,8
context,8
move,8
find,8
journal,8
notion,8
show,8
used,8
gender,8
during,8
working,8
things,8
discussion,8
involves,8
similar,8
individual,8
least,8
particular,8
facial,8
became,8
need,8
already,8
france,8
chicago,8
group,7
utterance,7
word,7
court,7
labor,7
human,7
thus,7
against,7
m,7
public,7
passions,7
refuge,7
place,7
responses,7
few,7
world,7
french,7
periods,7
critical,7
therefore,7
short,7
ask,7
yet,7
under,7
goals,7
agree,7
come,7
less,7
real,7
language,7
psychologists,7
meant,7
ve,7
set,7
over,7
each,7
argue,7
course,7
common,6
women,6
being,6
certainly,6
attempt,6
liberty,6
able,6
great,6
far,6
z,6
person,6
marriage,6
look,6
topic,6
changes,6
clearly,6
answers,6
view,6
standards,6
pain,6
societies,6
let,6
cannot,6
expressions,6
psychological,6
civil,6
whole,6
family,6
feelings,6
boundaries,6
he,6
practices,6
various,6
wrote,6
toward,6
contemporary,6
readers,6
where,6
necessary,6
practice,6
style,6
understanding,6
express,6
general,6
times,6
huizinga,6
latter,6
state,6
effect,6
hope,6
european,6
science,6
get,6
considered,6
associated,6
idem,6
while,6
art,6
writing,6
years,6
texts,6
music,6
uk,6
now,5
wonder,5
ways,5
uses,5
every,5
individuals,5
help,5
mind,5
capacity,5
possible,5
conflict,5
development,5
since,5
civilizing,5
beloved,5
back,5
rosen,5
concentric,5
constructionism,5
myself,5
mean,5
utterances,5
plural,5
consider,5
yes,5
effort,5
explain,5
future,5
intense,5
start,5
project,5
multiple,5
christendom,5
appropriate,5
variety,5
indeed,5
happy,5
above,5
once,5
read,5
paul,5
ekman,5
children,5
larger,5
forms,5
took,5
ground,5
accepted,5
perhaps,5
made,5
findings,5
actual,5
clear,5
ny,5
brain,5
separate,5
fairly,5
began,5
thinking,5
known,5
text,5
sciences,5
control,5
sure,5
interested,5
wein,5
speech,5
type,5
emotive,5
making,5
grief,5
problem,5
don,5
ideal,5
role,5
nussbaum,5
bridges,5
models,5
wish,5
potential,5
doing,5
go,4
prefer,4
meaning,4
linguistic,4
reflection,4
true,4
cornell,4
closely,4
said,4
long,4
give,4
attempts,4
ithaca,4
rational,4
definition,4
best,4
europe,4
narrative,4
scheme,4
concepts,4
normal,4
discipline,4
reading,4
classic,4
saying,4
apply,4
monastic,4
cicero,4
historically,4
sentimentalism,4
de,4
amount,4
response,4
modernity,4
deeply,4
whose,4
dilemma,4
sort,4
after,4
consequences,4
reason,4
understand,4
category,4
bit,4
instance,4
restaurant,4
trained,4
whom,4
encourage,4
ethnography,4
found,4
called,4
deal,4
effects,4
late,4
equal,4
institute,4
persons,4
applied,4
method,4
structure,4
claim,4
personal,4
showing,4
polity,4
approach,4
carol,4
codes,4
vein,4
suggest,4
medievalist,4
second,4
modes,4
direction,4
light,4
areas,4
really,4
original,4
explanation,4
refuges,4
largely,4
vocabulary,4
full,4
open,4
meanings,4
three,4
universalist,4
tenth,4
earlier,4
present,4
attention,4
dealing,4
admire,4
circle,4
lot,4
provide,4
begin,4
binary,4
force,4
anxiety,4
answer,4
fields,4
elaborate,4
series,4
highly,4
intellectual,4
anthropology,4
cultures,4
roman,4
obviously,4
rely,4
better,4
carefully,4
smaller,4
form,4
ones,4
add,4
suggests,4
martha,4
radically,4
damasio,4
easy,4
bourgeois,4
using,4
paradigm,4
never,4
evidence,4
physical,4
moved,4
offered,4
themselves,4
focus,4
popularizers,4
freud,3
formulated,3
currently,3
done,3
later,3
complex,3
judged,3
cluniac,3
affective,3
easily,3
former,3
tied,3
paper,3
passion,3
connection,3
differences,3
senses,3
written,3
robert,3
tell,3
existence,3
key,3
primary,3
sought,3
right,3
representations,3
chapter,3
account,3
felt,3
sixteenth,3
vital,3
topical,3
taking,3
conception,3
interviews,3
audience,3
behavior,3
royal,3
fit,3
constructed,3
exercise,3
old,3
self,3
convincing,3
slave,3
overarching,3
via,3
manipulated,3
act,3
soviet,3
across,3
explicit,3
parents,3
gesture,3
brand,3
direct,3
lay,3
rules,3
space,3
romantic,3
wanted,3
postmodern,3
elsewhere,3
impact,3
exploratory,3
fore,3
frequently,3
lester,3
problems,3
media,3
suggested,3
greater,3
result,3
based,3
path,3
allow,3
histories,3
noting,3
understood,3
recently,3
tension,3
briefly,3
distinguish,3
narratives,3
medievalists,3
training,3
knowledge,3
esp,3
loss,3
describe,3
fail,3
broad,3
boom,3
rituals,3
employed,3
tears,3
conform,3
johan,3
either,3
normally,3
hard,3
order,3
involved,3
couple,3
results,3
interests,3
valuable,3
functioning,3
letters,3
identified,3
biological,3
relationship,3
happened,3
dialectical,3
genre,3
penalties,3
members,3
law,3
challenge,3
varies,3
analytical,3
efforts,3
arguing,3
admit,3
valid,3
revolution,3
torture,3
tolerate,3
ought,3
discussed,3
men,3
ultimately,3
nicole,3
degree,3
autobiography,3
nonetheless,3
antonio,3
examples,3
empirical,3
affects,3
inflicted,3
questions,3
freudian,3
continue,3
discovered,3
worrying,3
restraint,3
sustain,3
period,3
high,3
winner,3
thomas,3
adequately,3
gertsman,3
trying,3
k,3
differ,3
recapitulate,3
widely,3
institutions,3
translation,3
contribution,3
relevant,3
try,3
construction,3
deductive,3
united,3
enforced,3
itself,3
stable,3
around,3
affect,3
anthropological,3
judgments,3
blushing,3
der,3
causes,3
regard,3
eventually,3
job,3
happiness,3
turned,3
sexual,3
literature,3
hidden,3
imposed,3
appetite,3
freedom,3
presented,3
careful,3
code,3
poststructuralism,3
subject,3
assumptions,3
re,3
isolated,3
coming,3
argument,3
contract,3
offer,3
states,3
defined,3
association,3
needs,3
elites,3
scholarship,3
unstable,3
images,3
built,3
courts,2
struggle,2
limits,2
evaluations,2
imagining,2
enter,2
scherer,2
ready,2
personnel,2
extreme,2
determine,2
berlin,2
told,2
stone,2
disciples,2
english,2
candidate,2
conscious,2
monolithic,2
ideals,2
trace,2
policy,2
presents,2
laid,2
nineteenth,2
litigation,2
jerome,2
properties,2
contexts,2
turning,2
came,2
psychohistory,2
creation,2
universalism,2
expressive,2
ii,2
lutz,2
burgundian,2
reach,2
scientists,2
boynton,2
broadly,2
suggesting,2
together,2
inflict,2
simple,2
synthesis,2
rich,2
normative,2
follows,2
chroniclers,2
liturgy,2
slippage,2
foolish,2
ilongot,2
emphasized,2
precisely,2
california,2
intelligence,2
epistemological,2
occasional,2
refute,2
accords,2
forthcoming,2
philological,2
anthropologists,2
autonomous,2
nearly,2
immerse,2
u,2
america,2
discuss,2
changed,2
determined,2
illustrate,2
reaction,2
literary,2
consumers,2
crossed,2
descartes,2
interdisciplinary,2
conceptual,2
x,2
decoding,2
bottom,2
ritual,2
introduction,2
dignity,2
aggression,2
interestingly,2
framework,2
exist,2
centralized,2
mendicant,2
germany,2
relationships,2
cool,2
quality,2
aha,2
church,2
initial,2
accepts,2
center,2
ease,2
moment,2
decided,2
application,2
rigorously,2
cf,2
smiling,2
yourself,2
cases,2
elements,2
nor,2
problematize,2
burgeoning,2
depend,2
refer,2
differently,2
body,2
compared,2
left,2
chap,2
lakoff,2
subfield,2
drawn,2
practically,2
critique,2
marital,2
arises,2
informed,2
weakness,2
game,2
vantage,2
linked,2
opposed,2
interesting,2
r,2
laboring,2
simplified,2
frustration,2
steams,2
subjected,2
links,2
bring,2
main,2
remain,2
joan,2
basic,2
en,2
landscape,2
discharge,2
completely,2
suffer,2
connected,2
thing,2
importance,2
grew,2
republic,2
leave,2
contributions,2
special,2
expressing,2
valuation,2
means,2
win,2
elina,2
ensure,2
objects,2
languages,2
organized,2
popularizing,2
latin,2
liberal,2
dominate,2
mary,2
threat,2
situations,2
age,2
valuations,2
acceptance,2
attitudes,2
linguistics,2
max,2
statement,2
sewell,2
feudal,2
puts,2
dominant,2
helped,2
uncritically,2
appear,2
denounce,2
assessments,2
gregory,2
urgency,2
extravagant,2
behavioral,2
monarchies,2
austin,2
jump,2
monasticism,2
constantly,2
guilds,2
tibi,2
embedded,2
posited,2
war,2
treat,2
tools,2
produced,2
sentiments,2
scale,2
energy,2
fashionable,2
doesn,2
olympic,2
absolute,2
conferences,2
wide,2
heavily,2
triumph,2
periodization,2
james,2
impression,2
almost,2
directly,2
none,2
figurative,2
correctly,2
artifacts,2
decides,2
emphasis,2
invisible,2
imagined,2
prominent,2
uncover,2
drew,2
norm,2
comment,2
criticized,2
got,2
noted,2
actually,2
speaking,2
reflect,2
michelle,2
foucault,2
regions,2
published,2
successful,2
legions,2
useful,2
politically,2
contrast,2
small,2
recognition,2
eustace,2
wise,2
latest,2
impossible,2
core,2
wife,2
notes,2
enormously,2
margrit,2
chronicles,2
value,2
grateful,2
avoid,2
prescribed,2
chronological,2
underlies,2
architecture,2
taken,2
scientific,2
incorrect,2
comparative,2
zoltán,2
limited,2
play,2
unconscious,2
brief,2
april,2
rigid,2
followers,2
permissible,2
initially,2
movement,2
structural,2
recognized,2
fair,2
vs,2
makes,2
paradox,2
discussions,2
evolved,2
thesis,2
ancient,2
constant,2
ethnographic,2
experimental,2
outlined,2
rise,2
continued,2
constati,2
solomon,2
dono,2
childhood,2
available,2
put,2
saussure,2
signified,2
queen,2
religious,2
scholars,2
villa,2
documents,2
exclusion,2
educated,2
angry,2
everything,2
doubt,2
considerable,2
serious,2
gothic,2
anne,2
reasons,2
patterns,2
behind,2
fits,2
hand,2
physiological,2
metaphors,2
lacan,2
existing,2
seventeenth,2
interview,2
pernau,2
uttered,2
charter,2
shifts,2
number,2
recommend,2
remained,2
entity,2
greatest,2
meaningful,2
father,2
session,2
lost,2
treated,2
upon,2
range,2
friesen,2
limitations,2
restrained,2
writings,2
alerted,2
samples,2
significant,2
lila,2
exciting,2
origin,2
harvard,2
ethnic,2
nothing,2
examination,2
euraldus,2
previous,2
theories,2
theoretical,2
aristocratic,2
significance,2
reality,2
talk,2
kövecses,2
utter,2
formulas,2
started,2
perturbationes,2
distinction,2
bipartite,2
managerial,2
especially,2
sentiment,2
caesar,2
guilt,2
evolutionary,2
methods,2
arise,2
become,2
epistemology,2
upheavals,2
cognition,2
probably,2
foreground,2
embodied,2
la,2
transformations,2
note,2
febvre,2
charters,2
george,2
crucial,2
usually,2
constants,2
practitioners,2
employment,2
retrace,2
becomes,2
bonds,2
insist,2
seen,2
lives,2
inadequate,2
indicate,2
blood,2
existed,2
fall,2
achieve,2
surprising,2
types,2
centuries,2
exists,2
face,2
remains,2
articles,2
susan,2
matters,2
sections,2
acquired,2
spiritualities,2
generalizations,2
growing,2
founded,2
monasteries,2
jacobin,2
contradiction,2
porous,2
ever,2
aspects,2
explicate,2
clarifying,2
offers,2
wider,2
signe,2
defining,2
berkeley,2
runner,2
principle,2
books,2
gale,2
share,2
seriously,2
seem,2
contextual,2
manuals,2
particularly,2
intersecting,2
journals,2
twelfth,2
quoted,2
communicate,2
list,2
stance,2
want,2
cause,2
quote,2
despite,2
proven,2
extent,2
complexity,2
getting,2
pathê,2
produce,2
textual,2
property,2
virgins,2
huge,2
categories,2
circumstances,2
peace,2
conclude,2
city,2
behaviors,2
step,2
went,2
cultivated,2
democratic,2
families,2
phenomenon,2
mention,2
allows,2
und,2
gain,2
rosaldo,2
until,2
advent,2
finding,2
write,2
catherine,2
vernacular,2
trauma,2
planck,2
instead,2
define,2
integration,2
involving,2
sexuality,2
extremely,2
speak,2
critiqued,2
specific,2
recognize,2
papers,2
missing,2
c,2
marxist,2
partial,2
gestures,2
element,2
interaction,2
strong,2
bene,2
roles,2
race,2
indeterminacy,2
admirably,1
variation,1
final,1
frequent,1
difficult,1
useand,1
customers,1
éd,1
fernand,1
o,1
transforming,1
österreichische,1
kullmann,1
situate,1
personally,1
deny,1
flow,1
accomplish,1
sensitivitythe,1
bride,1
iperhaps,1
generalization,1
guidelines,1
modernists,1
estate,1
rev,1
boquet,1
soccer,1
mis,1
kärcher,1
opponent,1
blossom,1
commitment,1
rubicon,1
carefulness,1
deepen,1
sigmund,1
truth,1
represent,1
wellknown,1
bemight,1
affected,1
excess,1
distress,1
extend,1
pushed,1
ßr,1
resulted,1
legitimate,1
thrown,1
mentioned,1
worthy,1
reifeld,1
calm,1
e,1
alone,1
extends,1
intersect,1
considerably,1
succession,1
benedict,1
stands,1
notably,1
sphere,1
distributed,1
crossing,1
glimpses,1
expect,1
forcing,1
chastellain,1
speakers,1
stripped,1
becoming,1
erlbaum,1
conducted,1
qui,1
civilization,1
membershipsbut,1
sexualities,1
jews,1
ample,1
gestural,1
enhance,1
identify,1
anchor,1
onthat,1
emblems,1
live,1
absolutist,1
authority,1
usefully,1
piecesalready,1
units,1
reigned,1
armiesto,1
outline,1
specified,1
commonplace,1
mit,1
paradigms,1
upheaval,1
willink,1
workgeisteswissenschaft,1
tabula,1
lettre,1
january,1
ti,1
unnatural,1
refutes,1
conjoncture,1
overlook,1
position,1
fixed,1
potentials,1
character,1
necessarily,1
harsh,1
pose,1
unlike,1
title,1
vestiges,1
biographical,1
shares,1
anthologies,1
âme,1
feels,1
smile,1
summa,1
issuessuch,1
underpinning,1
summarily,1
track,1
incredible,1
disinterested,1
vulgarized,1
princeton,1
toucheach,1
leads,1
footing,1
journalism,1
negative,1
ethnographies,1
diaries,1
differentlyas,1
karafyllis,1
diffusion,1
benno,1
consistent,1
fabric,1
member,1
anything,1
invoking,1
tapu,1
gossip,1
else,1
verso,1
transitions,1
explaining,1
philosophers,1
please,1
wrong,1
invention,1
constituting,1
winning,1
aufgehoben,1
swelling,1
norbert,1
utopia,1
production,1
heulen,1
victim,1
discovers,1
pervasive,1
derives,1
setting,1
gained,1
researched,1
handle,1
originally,1
implications,1
exploration,1
restoration,1
culturally,1
contrasted,1
anomalies,1
address,1
yours,1
rapid,1
acutely,1
brains,1
suis,1
humans,1
expends,1
anywhere,1
promoting,1
winnowing,1
downplay,1
toor,1
slayings,1
precondition,1
v,1
hoc,1
ramu,1
official,1
editions,1
strip,1
zeitschrift,1
bild,1
endangerment,1
principles,1
demonizing,1
capitalist,1
moderna,1
leading,1
chapters,1
carter,1
assess,1
succeeds,1
conceptualized,1
estimation,1
pago,1
remark,1
conditions,1
momentum,1
gedanken,1
accessible,1
masochist,1
cues,1
marek,1
obeyed,1
studied,1
verbal,1
standardlike,1
material,1
farther,1
closer,1
hundred,1
onto,1
exalted,1
room,1
beds,1
resulting,1
runnerfor,1
nationalism,1
farmer,1
insinuation,1
uteyou,1
harvey,1
inadvertently,1
damage,1
failures,1
notoriously,1
enthusiasticreview,1
loose,1
habitus,1
savagery,1
blackwell,1
sacred,1
communication,1
remainder,1
raised,1
reserved,1
staff,1
reminiscent,1
hillsdale,1
coordinated,1
ambiguous,1
pertains,1
theodore,1
eras,1
gratified,1
racial,1
report,1
subfields,1
schizophrenics,1
inculcates,1
designs,1
seta,1
explosive,1
ad,1
system,1
ahistorical,1
appreciate,1
empty,1
takes,1
forum,1
generosity,1
habitual,1
suspect,1
coining,1
iii,1
mechanized,1
linear,1
psychohistorical,1
preoccupations,1
effros,1
formulation,1
mill,1
scans,1
revolutionary,1
popularized,1
sperschneider,1
translations,1
iv,1
marius,1
demography,1
agriculture,1
victims,1
genocideis,1
design,1
pleadings,1
helpful,1
fitting,1
implies,1
marked,1
lifetime,1
constraints,1
prosody,1
condition,1
replace,1
labs,1
pretend,1
international,1
characterize,1
slight,1
achievementthough,1
allexcept,1
theology,1
damien,1
mutual,1
alter,1
october,1
bibliography,1
illegitimate,1
emotives,1
dutch,1
edit,1
apart,1
mental,1
doubleday,1
reflecting,1
timothy,1
deplore,1
familial,1
dilectta,1
eva,1
dynamic,1
chart,1
agencyafter,1
unrestrained,1
bailey,1
frevert,1
fragmented,1
heretical,1
presentday,1
himself,1
geertz,1
minimum,1
unhappy,1
feldman,1
measurement,1
âge,1
wallace,1
veertiende,1
thinkers,1
collection,1
emphasizing,1
sign,1
overlaps,1
attract,1
diversity,1
bill,1
succeed,1
learned,1
relies,1
extinct,1
otherwise,1
central,1
mistake,1
fleshed,1
conciliar,1
cumulatively,1
constitutive,1
unevenly,1
baby,1
denying,1
affiliation,1
totalitarian,1
morewe,1
superposito,1
sweeping,1
purportedly,1
encouraged,1
component,1
ute,1
difficulties,1
inner,1
neighbor,1
definitely,1
pursue,1
translating,1
soldiers,1
barton,1
due,1
interior,1
categorized,1
burst,1
rhinoceros,1
g,1
supportive,1
bodily,1
finally,1
mâcon,1
characteristic,1
ability,1
im,1
relations,1
gendered,1
consummated,1
spot,1
issued,1
highlighting,1
price,1
handbooks,1
denote,1
regarded,1
jeannette,1
theorized,1
sample,1
counter,1
fluids,1
privilege,1
caesurae,1
dualist,1
learning,1
kulak,1
theologiae,1
guided,1
progressive,1
neurochemistryin,1
popularization,1
anomie,1
concrete,1
taint,1
underlying,1
keep,1
perspective,1
systematically,1
document,1
raises,1
wayside,1
focused,1
profound,1
subjects,1
encompass,1
editing,1
speed,1
holds,1
difficulty,1
inclusion,1
elicit,1
young,1
races,1
served,1
myth,1
third,1
jeremy,1
truly,1
publications,1
discontinued,1
subjectively,1
died,1
undertaking,1
stereotypical,1
child,1
explore,1
swiss,1
dragon,1
sitas,1
dammed,1
performative,1
instruments,1
ingredient,1
save,1
patrons,1
sich,1
longdistance,1
otherness,1
irony,1
citizen,1
belongs,1
bedouin,1
psychiatrists,1
helping,1
simplistic,1
guard,1
terror,1
precede,1
occasion,1
fellow,1
adult,1
hagro,1
immunity,1
shall,1
nuanced,1
chancellors,1
locked,1
competitive,1
impulsive,1
sensations,1
haarlem,1
presentisi,1
proviso,1
react,1
grasp,1
haggerty,1
neighborhoods,1
immunities,1
imaginatively,1
aim,1
pay,1
rights,1
excessively,1
captors,1
behave,1
steps,1
nagy,1
poor,1
features,1
simultaneously,1
displease,1
philadelphia,1
humiliates,1
notsaid,1
understands,1
essential,1
license,1
stockpiled,1
jettison,1
observers,1
l,1
writingsgregory,1
evoking,1
performance,1
spousal,1
developed,1
adds,1
gotlind,1
convent,1
interpretation,1
premodern,1
influential,1
anotherin,1
havilandjones,1
appreciation,1
pascal,1
levels,1
extendedcriticaldialogue,1
capture,1
holistic,1
neurophysiology,1
broaden,1
georges,1
swath,1
overwhelm,1
goes,1
opportunity,1
examined,1
arm,1
deprived,1
heard,1
saints,1
manages,1
legal,1
à,1
strands,1
crowd,1
parts,1
ongoing,1
livesor,1
envision,1
lacking,1
pp,1
white,1
volkskunde,1
summarized,1
awareness,1
antithesis,1
ves,1
emergethe,1
front,1
indirection,1
bach,1
perpetrators,1
supposed,1
moves,1
malaise,1
lots,1
veiled,1
unchanging,1
raymond,1
soul,1
rising,1
salaried,1
solutions,1
utterly,1
acquisition,1
developments,1
slaying,1
bad,1
peoplemodern,1
situationfor,1
flandrin,1
marks,1
psychoanalytic,1
greeks,1
andyou,1
locally,1
needless,1
sorts,1
basketball,1
improving,1
retained,1
image,1
othersand,1
workplace,1
wouldn,1
heardand,1
presumably,1
sum,1
pasteven,1
unimportant,1
entirelyor,1
diffuse,1
phonemes,1
numbers,1
shaking,1
invariably,1
middeleeuwen,1
michael,1
argued,1
prevent,1
nowadays,1
solid,1
xi,1
muscular,1
operate,1
heading,1
prima,1
additional,1
textile,1
origins,1
follow,1
readings,1
reductive,1
shed,1
notions,1
spiritual,1
evaluation,1
consequence,1
putting,1
aquinas,1
intentional,1
stoic,1
depositions,1
pious,1
care,1
tua,1
courtly,1
opinion,1
protestant,1
drawing,1
lisa,1
promote,1
conflicts,1
reflections,1
doddano,1
union,1
attempting,1
talking,1
luckily,1
ordinarily,1
moving,1
advance,1
papersby,1
klaus,1
lock,1
lead,1
identifying,1
othersas,1
priori,1
location,1
tackle,1
unidentified,1
scientifically,1
harder,1
habitually,1
entered,1
entering,1
smell,1
das,1
joy,1
critically,1
access,1
treatments,1
taboo,1
printing,1
kantian,1
holmes,1
lived,1
conventionally,1
economics,1
reply,1
mittelalter,1
giddens,1
concentricity,1
agendas,1
carolina,1
outa,1
adolescence,1
defiantly,1
versus,1
accompany,1
poetry,1
equivalents,1
base,1
experts,1
representative,1
execute,1
eitler,1
outbursts,1
further,1
handbook,1
exceptions,1
hippo,1
topics,1
oklahoma,1
localisms,1
transactions,1
promotes,1
examplefind,1
experiencethe,1
parliaments,1
circular,1
postulates,1
career,1
keywords,1
annales,1
friendship,1
kunst,1
intensity,1
meet,1
vel,1
biases,1
purchased,1
teach,1
separates,1
younger,1
iceland,1
grounds,1
russell,1
placed,1
neurons,1
emulating,1
hypothetical,1
procedures,1
perform,1
taught,1
enjoyed,1
enough,1
somatic,1
noticed,1
necessities,1
jalogny,1
premise,1
logocentrism,1
governing,1
unchallenged,1
masculinity,1
memory,1
overlapping,1
failure,1
commitments,1
animated,1
having,1
psychotherapist,1
commonplaces,1
monique,1
line,1
rare,1
revealed,1
salon,1
forefront,1
lure,1
correlation,1
paraphrase,1
listening,1
quintessentially,1
regimesin,1
stiff,1
carry,1
protesters,1
repetition,1
readthe,1
prompted,1
stake,1
gammerl,1
characterization,1
london,1
sharon,1
explains,1
inexperiencing,1
reserve,1
xch,1
calls,1
italy,1
related,1
actors,1
nation,1
writhings,1
lays,1
confirms,1
crying,1
data,1
excessive,1
minority,1
transí,1
year,1
inculcation,1
overview,1
realm,1
gave,1
toronto,1
universe,1
older,1
policies,1
myriad,1
flight,1
collective,1
spiel,1
contains,1
beginnings,1
records,1
identitiesfrom,1
runs,1
statistics,1
thereafter,1
thirteenth,1
commissioned,1
kings,1
prisoner,1
et,1
carejust,1
focuses,1
versatile,1
manso,1
neurobiologists,1
accord,1
plurality,1
mimik,1
intersections,1
cast,1
vitiated,1
participate,1
medication,1
entails,1
confession,1
gently,1
won,1
humors,1
doubtful,1
status,1
volencia,1
currents,1
reddening,1
connections,1
nj,1
trends,1
count,1
manipulation,1
cults,1
absorb,1
bodies,1
subtle,1
neglect,1
kleinman,1
hadand,1
rapturesthese,1
scholastic,1
construct,1
closing,1
salons,1
correct,1
caused,1
level,1
corresponds,1
intonation,1
tentacles,1
shaping,1
unexpected,1
panel,1
socialist,1
poems,1
protest,1
hired,1
next,1
cries,1
warrant,1
complicate,1
theater,1
mississippl,1
discourse,1
sponsors,1
dangerous,1
sharp,1
emerging,1
specifically,1
herotherwise,1
calling,1
demotion,1
specificity,1
coach,1
gildenhard,1
sufficient,1
dissolves,1
separately,1
workshops,1
accomplished,1
munich,1
sisters,1
medievaland,1
components,1
routine,1
compatibility,1
misnomer,1
executed,1
folk,1
lawyers,1
industry,1
freefloating,1
breaking,1
viator,1
dramatic,1
hagiography,1
notorious,1
postdoctoral,1
cluny,1
climate,1
attached,1
texas,1
implausible,1
tended,1
regular,1
sexualized,1
satirical,1
managed,1
bursting,1
voglio,1
progress,1
st,1
jumps,1
infantry,1
proper,1
describes,1
games,1
potsdam,1
peculiar,1
cycle,1
schizophrenic,1
unduly,1
provided,1
preliminary,1
displaced,1
modified,1
monarchy,1
cascade,1
phase,1
körper,1
sobbing,1
seemed,1
champion,1
pope,1
occasions,1
input,1
dixon,1
survived,1
hardwired,1
modulation,1
south,1
coauthored,1
debunk,1
integrating,1
delve,1
led,1
adhering,1
approximate,1
underground,1
dinzelbacher,1
situation,1
clunyy,1
exterior,1
steady,1
frankrijk,1
hegemony,1
tread,1
conforming,1
advocate,1
positions,1
matter,1
thanks,1
detected,1
action,1
economic,1
emotionsfrom,1
logically,1
schmidt,1
spectacle,1
shields,1
hide,1
lag,1
service,1
disapprove,1
bereft,1
description,1
motivated,1
argues,1
theorizing,1
forward,1
superimposes,1
unconsciously,1
purports,1
female,1
veterans,1
fractured,1
prevailing,1
song,1
object,1
gift,1
reduce,1
convince,1
july,1
judgment,1
says,1
garden,1
civility,1
surprise,1
absence,1
woods,1
comments,1
manifest,1
bona,1
comes,1
contra,1
rites,1
settings,1
labored,1
sensation,1
mea,1
suppose,1
jesus,1
hold,1
decisions,1
seeiwtf,1
positive,1
raphaële,1
single,1
label,1
guide,1
spoken,1
contributing,1
hamore,1
competition,1
criticism,1
accompaniments,1
performatives,1
muscles,1
relationshiptoday,1
meanwhile,1
push,1
wake,1
security,1
definable,1
sociologists,1
worthless,1
accident,1
marginal,1
fieldso,1
serve,1
exactly,1
soon,1
insofar,1
array,1
nowwill,1
technology,1
geneticists,1
stems,1
rom,1
vist,1
bhakti,1
j,1
neither,1
dissemble,1
tjeenk,1
perceived,1
dustbin,1
prisoners,1
processing,1
included,1
initiation,1
symptom,1
complete,1
choices,1
homology,1
sharply,1
lacked,1
fieldwe,1
mediaeval,1
literally,1
lament,1
experiment,1
industrial,1
rebels,1
indominicato,1
parties,1
cheerful,1
lengthy,1
raff,1
relativist,1
reports,1
princely,1
cum,1
gregorian,1
begins,1
aristotle,1
enforce,1
ingo,1
williams,1
stalin,1
possibilities,1
essaysbut,1
enterprises,1
independent,1
sketch,1
double,1
chose,1
subjective,1
historylawrence,1
tries,1
corporations,1
tribunal,1
starting,1
fire,1
mittelalterlichen,1
ho,1
lewis,1
lucid,1
name,1
unlimited,1
statements,1
monks,1
castello,1
comfortable,1
kagan,1
courageous,1
structures,1
fink,1
strike,1
mark,1
pick,1
pointed,1
reveal,1
safety,1
whitehouse,1
sider,1
growth,1
addition,1
added,1
projects,1
complementary,1
sparked,1
gedachtervormen,1
conformity,1
artists,1
sponsorship,1
outside,1
deviance,1
consideration,1
limit,1
treatment,1
contractunlike,1
confrontsa,1
fundamental,1
withand,1
conduct,1
abilities,1
pressure,1
scheer,1
instability,1
plan,1
bourdieu,1
arcadia,1
abstract,1
essence,1
reform,1
regulation,1
magdeburg,1
preisinger,1
commonsome,1
enlightenment,1
associates,1
transregional,1
westerners,1
envisioning,1
john,1
micronesian,1
end,1
personality,1
outlines,1
arthur,1
pagus,1
dryunless,1
heels,1
constructionist,1
away,1
pennsylvania,1
fashion,1
nuclear,1
man,1
feedback,1
emotionswhatever,1
utilize,1
valence,1
interim,1
distinct,1
familialthe,1
honor,1
legislation,1
match,1
anthropologist,1
wesleyan,1
likelihood,1
learn,1
everyday,1
napoleon,1
remarkable,1
signifying,1
actor,1
covered,1
uxore,1
nearlyseparate,1
revolts,1
couldn,1
devoted,1
continuing,1
developing,1
competitors,1
validity,1
empire,1
shared,1
musicians,1
soft,1
unclear,1
interviewees,1
renaissance,1
nederlanden,1
judith,1
duties,1
favorable,1
conviction,1
paired,1
shout,1
japan,1
disgust,1
perceives,1
fieldwork,1
jameslange,1
remarked,1
belief,1
frequency,1
ignoring,1
routledge,1
amounting,1
expressionsverbal,1
coined,1
streets,1
wood,1
primarily,1
remarkably,1
contingent,1
grasps,1
realize,1
convenient,1
barrett,1
bulletin,1
submit,1
fight,1
learnedbut,1
local,1
experiencedso,1
demonstrated,1
synonym,1
beholder,1
recognizing,1
classes,1
private,1
abulughod,1
ingenious,1
guessing,1
diverse,1
situated,1
vast,1
theirs,1
clients,1
churches,1
rulers,1
coherent,1
didactic,1
genres,1
easier,1
grossly,1
einstein,1
discovery,1
eighteenth,1
pathology,1
helps,1
slaves,1
hindu,1
formal,1
deliberately,1
melanesian,1
concurrent,1
dissolve,1
owe,1
industrialized,1
betokens,1
looking,1
autonomyindividual,1
sufficiently,1
lips,1
contacts,1
judge,1
premodernity,1
elite,1
worship,1
oral,1
identity,1
concern,1
listener,1
theorization,1
asian,1
hosted,1
food,1
unfortunately,1
musculature,1
persisted,1
fourteenth,1
rivers,1
bson,1
privileges,1
assume,1
oaths,1
jung,1
autobiographical,1
ideas,1
pleasure,1
itwhy,1
processes,1
trend,1
recovery,1
cathedral,1
ibid,1
fashionliterary,1
chosen,1
sees,1
propositions,1
relegated,1
unwanted,1
synthetic,1
washington,1
described,1
conclusionsrather,1
anthology,1
ager,1
deriving,1
negotiating,1
ties,1
yields,1
presentist,1
fracturing,1
modernand,1
margaret,1
ranee,1
rap,1
authors,1
institutionalization,1
sensitivity,1
publication,1
profession,1
points,1
kleinginna,1
essay,1
logic,1
studie,1
workers,1
issn,1
held,1
professionalization,1
agitates,1
methodological,1
homes,1
liberate,1
someone,1
characterized,1
harré,1
spread,1
avant,1
him,1
creating,1
premium,1
mask,1
played,1
collected,1
unjustifiable,1
obtained,1
inquiring,1
rasaa,1
vulgate,1
filled,1
accurate,1
anyone,1
conversation,1
provides,1
lose,1
sthat,1
permitting,1
imagination,1
leg,1
repeated,1
quick,1
proclaim,1
decide,1
remember,1
collectivization,1
witness,1
labels,1
cogent,1
somehow,1
interviewed,1
literacy,1
systems,1
date,1
parallel,1
chapel,1
constructing,1
unreasoning,1
relation,1
idealizing,1
narrow,1
overcome,1
pro,1
respond,1
acquire,1
examine,1
deliberate,1
anderson,1
influences,1
attendant,1
seattle,1
availability,1
keith,1
wills,1
primitive,1
stroop,1
comfortably,1
paris,1
translate,1
château,1
contracts,1
looked,1
figures,1
principal,1
troubadours,1
disaggregates,1
saw,1
possiblethrough,1
veena,1
destruction,1
seriousness,1
joint,1
payment,1
kristin,1
evaluated,1
reactions,1
gemeinschaft,1
adaptive,1
opposite,1
baggage,1
vector,1
isn,1
applies,1
herfsttij,1
attended,1
essentials,1
decision,1
historicized,1
standard,1
increasing,1
illustrating,1
brave,1
ranging,1
factors,1
carried,1
parish,1
oxford,1
depth,1
consists,1
diametrically,1
indication,1
bourke,1
relying,1
liberalism,1
christian,1
respect,1
conscripted,1
lacksdeliberately,1
imply,1
declaration,1
violation,1
belonged,1
bonnie,1
oatley,1
popkin,1
secular,1
interpret,1
doddana,1
deploys,1
stream,1
chance,1
criminal,1
vision,1
suggestive,1
bound,1
tech,1
hill,1
select,1
preempt,1
recognizes,1
paradigminvolving,1
le,1
disagreements,1
multitude,1
success,1
sensitive,1
qualify,1
directions,1
crept,1
imperialism,1
worse,1
economists,1
tragedy,1
suggestions,1
transformation,1
legitimacy,1
immensity,1
rapidly,1
periodize,1
plasticity,1
countries,1
piroska,1
wilhelm,1
distort,1
linking,1
homeless,1
diagnosis,1
class,1
reconsider,1
strive,1
inspired,1
voicein,1
responsible,1
phrase,1
analysis,1
researcher,1
entertainment,1
table,1
approaches,1
subdivided,1
mother,1
instances,1
quiet,1
mirror,1
interpretive,1
gathered,1
sound,1
legitimately,1
eeuw,1
rigorous,1
immensely,1
earliest,1
biology,1
res,1
acienciis,1
addressed,1
detail,1
plus,1
claims,1
circumscribed,1
practicalof,1
ofthat,1
products,1
neglected,1
extrapolate,1
wars,1
variable,1
sunt,1
liked,1
suresome,1
blocked,1
mainly,1
spell,1
inculcate,1
ahead,1
dispersed,1
impulse,1
preface,1
conclusion,1
pastto,1
several,1
charting,1
ulshöfer,1
peoples,1
nomen,1
nervous,1
ascendant,1
propterea,1
constituted,1
framing,1
conceptualize,1
detect,1
substrate,1
dichotomy,1
inadvertent,1
appears,1
extension,1
implied,1
exposition,1
gladiatorial,1
howell,1
thousand,1
galuniacense,1
satisfactory,1
ll,1
consensus,1
willingness,1
amicitia,1
borrow,1
facie,1
darwin,1
besides,1
pontifical,1
sujet,1
temple,1
musicologist,1
alternative,1
consumersalthough,1
vijftiende,1
butler,1
quickly,1
nationan,1
dimension,1
natural,1
revealing,1
ego,1
introducing,1
specialization,1
clifford,1
pare,1
parental,1
correspond,1
interpersonal,1
havoc,1
fmri,1
stalinism,1
specialized,1
worth,1
novel,1
prolific,1
believe,1
gone,1
prototypical,1
leaders,1
down,1
prominence,1
meier,1
partaking,1
wealthy,1
surprised,1
surprisingly,1
draws,1
ding,1
brothers,1
motion,1
nagappan,1
adhere,1
perfectly,1
enemy,1
exhaustive,1
gas,1
benefit,1
brilliance,1
guesses,1
imitators,1
build,1
cities,1
section,1
tracts,1
distinctive,1
anomalous,1
prayers,1
mass,1
works,1
scores,1
zeldin,1
punishes,1
advances,1
instant,1
ideally,1
places,1
neuroscientific,1
redefined,1
subordinate,1
jacqueline,1
purported,1
knows,1
augustine,1
captive,1
according,1
day,1
sincerity,1
shreds,1
basics,1
return,1
weaknessparticularly,1
mihi,1
levensen,1
investigation,1
ballast,1
ma,1
males,1
unhistorical,1
querying,1
metaphor,1
maintain,1
idiosyncratic,1
hoped,1
validate,1
forcefully,1
deconstructs,1
mere,1
vigorously,1
prosodybut,1
courtslet,1
employ,1
likes,1
zur,1
differs,1
healthy,1
studying,1
divide,1
moyen,1
constitutional,1
imperial,1
orientations,1
springer,1
treatises,1
sentimental,1
oxygen,1
virginia,1
primis,1
incorporated,1
hundreds,1
upper,1
aren,1
size,1
grand,1
des,1
anodyne,1
émotions,1
vulgarization,1
translated,1
spaces,1
trembling,1
socioeconomic,1
researchers,1
varieties,1
ritually,1
intention,1
empirically,1
incorporating,1
obfuscate,1
stoics,1
maneuvering,1
reported,1
beauchesne,1
scott,1
fragments,1
introduced,1
wedding,1
matisconense,1
courses,1
alternatives,1
november,1
waning,1
disciplines,1
lies,1
chameleon,1
katrin,1
confronted,1
measure,1
impulses,1
contribute,1
obtain,1
manufacturing,1
challenges,1
devono,1
au,1
heian,1
shame,1
construed,1
varied,1
tions,1
behoove,1
viel,1
onefor,1
courtship,1
suppressed,1
seek,1
atoll,1
formation,1
establishing,1
contestanthas,1
adopting,1
laments,1
shown,1
annihilation,1
touch,1
unable,1
lists,1
subgroups,1
difference,1
julius,1
quotas,1
genders,1
formulates,1
rightsfrom,1
numerous,1
institutional,1
materials,1
national,1
charge,1
catch,1
accept,1
aware,1
mode,1
wittgensteinian,1
documentation,1
joined,1
actively,1
richard,1
include,1
servisti,1
ethnocentrism,1
disagree,1
d,1
sadness,1
inherent,1
guiding,1
unified,1
effortful,1
dorothea,1
omni,1
obvious,1
unemploymentwas,1
piece,1
ortner,1
clues,1
exclusions,1
derive,1
seeks,1
attempted,1
off,1
voluntary,1
plentiful,1
philosophy,1
terribly,1
area,1
recalling,1
stark,1
venture,1
mentionedthat,1
comparison,1
freedmanat,1
suddenas,1
observation,1
catholicism,1
territories,1
privileging,1
modeling,1
governments,1
substitute,1
assumed,1
rest,1
invade,1
criteriathe,1
deployment,1
fugue,1
historywhich,1
commodity,1
rimmele,1
neglecting,1
reached,1
waywritten,1
era,1
neurosciences,1
create,1
fears,1
zähneklappern,1
maximum,1
substantial,1
thinkable,1
predictable,1
entire,1
guilford,1
teleology,1
conventions,1
delumeau,1
breakthroughs,1
whenever,1
north,1
test,1
monographs,1
infancy,1
enforcedwill,1
plea,1
editorial,1
asked,1
daughter,1
signals,1
effortsthe,1
termed,1
stephanie,1
major,1
occur,1
perception,1
harmful,1
riviere,1
hypothesis,1
