WORDCOUNTS,WEIGHT
the,232
of,167
and,109
to,108
a,93
in,88
that,63
american,55
s,50
students,41
america,35
i,34
is,33
with,31
my,26
as,24
they,23
for,23
u,23
it,22
an,22
we,20
are,19
this,19
at,18
but,18
by,18
on,18
their,17
was,17
from,17
lebanon,17
one,15
university,15
more,15
course,15
united,14
not,14
these,14
were,14
states,14
world,14
studies,13
east,13
history,13
had,13
beirut,13
its,13
have,13
center,12
new,12
most,11
them,11
has,11
arab,11
way,10
who,10
about,10
middle,10
those,9
some,9
such,9
also,9
or,8
into,8
culture,8
many,8
which,8
where,8
people,8
question,8
encounters,8
would,8
than,8
how,7
country,7
political,7
cultural,7
what,7
presence,7
be,7
americans,6
perspectives,6
introduction,6
classroom,6
only,6
power,6
might,6
there,6
living,6
invasion,6
aub,6
john,6
when,6
journal,6
iraq,6
me,5
bayoumi,5
casar,5
prince,5
ways,5
indian,5
experience,5
first,5
questions,5
long,5
all,5
other,5
stories,5
embrace,5
state,5
march,5
w,5
oil,5
story,5
own,5
finally,5
although,5
after,5
perspective,5
facing,5
response,5
teach,5
can,5
foreign,4
religious,4
examine,4
teaching,4
mcgreevy,4
two,4
interests,4
m,4
important,4
others,4
over,4
added,4
found,4
out,4
diverse,4
vitalis,4
academic,4
do,4
see,4
system,4
saudi,4
another,4
discussion,4
alwaleed,4
million,4
against,4
group,4
counter,4
jasper,4
successful,4
land,4
narratives,4
destiny,4
richter,4
gloria,4
much,4
seemed,4
things,3
critical,3
york,3
no,3
if,3
sometimes,3
identified,3
transnational,3
indeed,3
toward,3
does,3
success,3
b,3
idealization,3
class,3
k,3
often,3
feel,3
itself,3
policy,3
arabs,3
convinced,3
economic,3
department,3
simply,3
social,3
human,3
native,3
comparison,3
helped,3
attempts,3
hizbollah,3
decided,3
hemispheric,3
each,3
been,3
shows,3
global,3
europe,3
down,3
time,3
patrick,3
particularly,3
hundred,3
very,3
bin,3
historical,3
program,3
surprised,3
william,3
reading,3
war,3
daniel,3
reactions,3
tehran,3
perhaps,3
dream,3
while,3
because,3
early,3
e,3
work,3
student,3
israel,3
nation,3
kingdom,3
during,3
place,3
images,3
ideas,3
our,3
eventually,3
mutual,3
national,3
individual,3
talal,3
lebanese,3
d,3
summer,3
media,3
kind,3
thousand,3
region,3
young,3
research,3
demonization,3
always,3
asked,3
justice,3
jean,2
he,2
assigned,2
o,2
demand,2
matter,2
common,2
imagining,2
george,2
rather,2
yet,2
contrast,2
groups,2
created,2
edward,2
landscape,2
through,2
television,2
brief,2
fair,2
empire,2
escaping,2
brings,2
community,2
still,2
pointed,2
imperialism,2
make,2
myths,2
associate,2
president,2
connected,2
expect,2
just,2
certain,2
complex,2
hartnett,2
special,2
analysis,2
identify,2
word,2
once,2
respect,2
education,2
lives,2
modern,2
mission,2
old,2
goals,2
consider,2
struggling,2
school,2
basketball,2
familiar,2
evolved,2
then,2
constant,2
complete,2
realities,2
something,2
edu,2
gretchen,2
conjunction,2
already,2
must,2
odds,2
hoping,2
profits,2
being,2
said,2
powerful,2
stephen,2
picture,2
offered,2
specific,2
organization,2
rice,2
members,2
holy,2
posed,2
engage,2
bombs,2
comparative,2
conditions,2
know,2
melani,2
face,2
ask,2
addition,2
constantly,2
literary,2
nature,2
textbooks,2
fact,2
outside,2
idea,2
anzaldúa,2
bush,2
great,2
called,2
reasons,2
terrorists,2
murphy,2
semicritical,2
rich,2
lived,2
deal,2
clearly,2
reveal,2
end,2
notice,2
free,2
help,2
discussed,2
mass,2
beliefs,2
works,2
same,2
robert,2
remarkable,2
moustafa,2
nationalist,2
less,2
cannot,2
mcalister,2
deep,2
syria,2
classrooms,2
problem,2
key,2
imaginings,2
public,2
cambridge,2
james,2
number,2
baudrillard,2
value,2
wto,2
trade,2
generally,2
burke,2
du,2
encounter,2
millions,2
made,2
interest,2
anzaldua,2
west,2
invited,2
restless,2
pangs,2
compelling,2
part,2
including,2
city,2
evangelicals,2
borderlands,2
content,2
calls,2
esp,2
related,2
concern,2
tried,2
significant,2
year,2
focus,2
emphasize,2
mainstream,2
processes,2
restlessness,2
throughout,2
forces,2
come,2
institution,2
initiatives,2
immediate,2
years,2
dynamics,2
meanings,2
since,2
obsessed,2
points,2
responses,2
least,2
include,2
sense,2
apess,2
so,2
evidence,2
politically,2
anyone,2
black,2
cases,2
repeated,2
several,2
supported,2
few,2
accomplished,2
concerns,2
industry,2
began,2
excluded,2
find,2
hard,2
even,2
faraway,2
bois,2
north,2
fall,2
fictions,2
should,2
achieve,2
influence,2
la,2
jerusalem,2
struggles,2
examines,2
frontera,2
cosmopolitan,1
industries,1
using,1
later,1
suggest,1
may,1
did,1
trilingual,1
difficult,1
navigable,1
être,1
suffering,1
rights,1
battle,1
hosts,1
fifty,1
richters,1
oxford,1
now,1
vantage,1
kaplan,1
film,1
exploding,1
simultaneously,1
signs,1
san,1
islamic,1
second,1
actors,1
aid,1
raison,1
whose,1
chains,1
chances,1
animal,1
frontier,1
beyond,1
crow,1
contact,1
asking,1
condoleezza,1
european,1
independent,1
muslims,1
l,1
mayor,1
will,1
senator,1
successfully,1
sawa,1
infiltrated,1
dreamy,1
strategy,1
main,1
corporate,1
superficial,1
values,1
happy,1
concentrated,1
service,1
watch,1
arabia,1
fully,1
resisted,1
reshape,1
purpose,1
europeans,1
hill,1
consists,1
migrated,1
tory,1
everyone,1
deadly,1
affected,1
inside,1
appreciation,1
regard,1
provoking,1
drawing,1
struggled,1
yemen,1
doctrine,1
capture,1
pierce,1
institutions,1
process,1
announced,1
seeks,1
referred,1
growth,1
dimensions,1
approaches,1
palestinian,1
islam,1
avoid,1
killing,1
july,1
strongly,1
template,1
risk,1
surviving,1
understand,1
overlap,1
monopolize,1
whether,1
forcing,1
similar,1
speakers,1
study,1
lb,1
told,1
decent,1
settlements,1
countries,1
observation,1
balanced,1
owes,1
merln,1
life,1
latinos,1
sexualities,1
rudolph,1
hi,1
tend,1
white,1
bloomington,1
worked,1
awareness,1
origins,1
formed,1
scattered,1
entertainment,1
live,1
dissent,1
ineffective,1
dead,1
symmetrical,1
vegetable,1
sort,1
rorty,1
english,1
interpretation,1
strictly,1
supermarkets,1
sinister,1
situation,1
fantasy,1
atmosphere,1
means,1
completely,1
amy,1
pernicious,1
making,1
represents,1
arts,1
read,1
faculties,1
win,1
traveled,1
largely,1
paying,1
circulated,1
conscious,1
ramifications,1
perfect,1
array,1
hip,1
wanted,1
reshaping,1
former,1
fifth,1
tv,1
possibly,1
view,1
semester,1
forests,1
us,1
hearts,1
fast,1
repopulate,1
neither,1
recipe,1
thesis,1
established,1
ofthat,1
environment,1
publicly,1
judgmental,1
share,1
rockefellers,1
included,1
blackest,1
total,1
aversion,1
any,1
infrastructure,1
outsider,1
light,1
before,1
section,1
director,1
proposed,1
accent,1
antebellum,1
baghdad,1
growing,1
shifting,1
gazing,1
qatar,1
baltimore,1
series,1
source,1
arbella,1
complexity,1
al,1
missionaries,1
palpable,1
exceptionalism,1
threat,1
prevent,1
amman,1
costs,1
minneapolis,1
four,1
multicultural,1
exterminate,1
establish,1
violations,1
democratic,1
ever,1
proclivities,1
noted,1
speaking,1
came,1
regional,1
soil,1
elicited,1
makdisi,1
turned,1
follow,1
enterprises,1
percent,1
shed,1
mocked,1
israelitextbooks,1
dreamed,1
showing,1
elaborate,1
finkelstein,1
party,1
every,1
requires,1
invade,1
gain,1
oppression,1
creation,1
sciences,1
begin,1
majority,1
offers,1
here,1
sustained,1
westward,1
crucially,1
book,1
attacks,1
sununu,1
defiantly,1
care,1
military,1
doha,1
quickly,1
suggested,1
providing,1
liberalize,1
protestant,1
appalled,1
enters,1
systems,1
secretary,1
continental,1
humans,1
globalization,1
delmar,1
anywhere,1
intellectual,1
hijab,1
allow,1
discussions,1
oppositional,1
primarily,1
control,1
veil,1
dreams,1
segregating,1
commemorated,1
paper,1
asia,1
troubling,1
moving,1
efforts,1
trans,1
closely,1
different,1
aspect,1
gritty,1
expose,1
whom,1
introduce,1
turner,1
location,1
believe,1
archivepdf,1
scholars,1
latina,1
noam,1
endless,1
could,1
leaders,1
unidirectional,1
critic,1
call,1
together,1
polluted,1
borders,1
compound,1
traditionally,1
intended,1
off,1
critically,1
typical,1
right,1
essence,1
inappropriate,1
gap,1
emphasis,1
demonstrations,1
foreground,1
seven,1
changed,1
narrates,1
her,1
obviously,1
closer,1
brian,1
endlessly,1
munitions,1
selections,1
written,1
readings,1
products,1
cultures,1
take,1
ipods,1
fashion,1
elsewhere,1
pictures,1
immensely,1
believed,1
greater,1
differential,1
feature,1
fresh,1
petrolia,1
puritan,1
hurrah,1
term,1
threatening,1
possibility,1
destroyed,1
involuntarily,1
embedded,1
mind,1
readers,1
took,1
seduction,1
further,1
racist,1
following,1
influences,1
beginning,1
concepts,1
everyday,1
paris,1
tradition,1
unprepared,1
understood,1
briefing,1
durham,1
transparent,1
focused,1
manner,1
expressed,1
innovative,1
unit,1
economy,1
dubai,1
demonize,1
epic,1
stressing,1
specify,1
racial,1
mythmaking,1
context,1
armed,1
soft,1
seminar,1
surprises,1
population,1
produced,1
offering,1
answer,1
british,1
strategies,1
promise,1
evangelical,1
iran,1
appreciate,1
nearby,1
globe,1
spoke,1
chris,1
practice,1
cairo,1
jeans,1
argument,1
existence,1
giuliani,1
sport,1
multiple,1
outlined,1
your,1
beaches,1
explore,1
absolute,1
weekends,1
wake,1
eastern,1
brooklyn,1
compares,1
taught,1
controversy,1
directly,1
unaware,1
insider,1
chomsky,1
arabian,1
greedy,1
obsession,1
palestinians,1
day,1
berkeley,1
bahrain,1
aspiration,1
undermined,1
violent,1
palestine,1
produce,1
voyages,1
existential,1
noticed,1
regarding,1
property,1
local,1
account,1
having,1
network,1
condoleeza,1
virginia,1
mean,1
greatest,1
respectively,1
georgetown,1
travel,1
asians,1
vietnam,1
international,1
object,1
thanksgiving,1
chartered,1
st,1
examples,1
conference,1
birth,1
reaction,1
orienting,1
functions,1
worth,1
comprise,1
located,1
founded,1
richard,1
start,1
upon,1
presented,1
magazine,1
possible,1
arabic,1
attentive,1
careful,1
tarbell,1
urgings,1
internet,1
sept,1
altered,1
brought,1
point,1
urbana,1
concentration,1
breeding,1
arose,1
introduced,1
enormous,1
example,1
previously,1
laws,1
knowledge,1
courses,1
dynamic,1
increased,1
maneuverings,1
became,1
role,1
enter,1
negotiation,1
easy,1
looking,1
representing,1
african,1
done,1
medium,1
louis,1
minds,1
computers,1
female,1
undermining,1
reminded,1
holocaust,1
gate,1
lecture,1
ignorant,1
shocking,1
historians,1
jim,1
territory,1
literature,1
hybridity,1
fluent,1
exploitation,1
arwa,1
programs,1
corrupt,1
rivers,1
borderland,1
policies,1
overtly,1
pursuing,1
gaze,1
frustrated,1
broad,1
insist,1
campaign,1
indians,1
immediately,1
allows,1
aims,1
writing,1
repeatedly,1
increasingly,1
salafist,1
cluster,1
faculty,1
think,1
fawning,1
conflict,1
interactions,1
maps,1
real,1
engaged,1
exercises,1
rockefeller,1
music,1
reinforced,1
exams,1
mcclenahan,1
focuses,1
weekly,1
away,1
poorest,1
actual,1
alterations,1
eight,1
complicated,1
pennsylvania,1
understandings,1
refugees,1
tell,1
spring,1
succeeding,1
health,1
desperation,1
turkey,1
jumped,1
commercial,1
stanford,1
latino,1
spectrum,1
wearing,1
foreigners,1
development,1
biennial,1
enlivened,1
open,1
bracket,1
monroe,1
wages,1
initiated,1
diplomacy,1
trends,1
leads,1
reality,1
weeks,1
pursuit,1
adding,1
stress,1
september,1
ida,1
write,1
noble,1
position,1
iconic,1
accept,1
dominated,1
aware,1
essay,1
comparisons,1
specifiable,1
urge,1
recognizing,1
tibawi,1
change,1
spewed,1
relatively,1
workers,1
travels,1
offer,1
malls,1
americas,1
protestantism,1
characterized,1
endows,1
define,1
enabling,1
shared,1
models,1
range,1
mineral,1
ussama,1
direct,1
willing,1
insisted,1
lauded,1
wished,1
developed,1
rhetoric,1
century,1
shape,1
expected,1
evolve,1
pdf,1
sports,1
you,1
learning,1
changes,1
describes,1
complicate,1
harbors,1
funds,1
shortly,1
proximity,1
mediterranean,1
rushed,1
discourse,1
sponsors,1
provides,1
walking,1
anarchy,1
imagined,1
francisco,1
shift,1
dean,1
speak,1
around,1
immigrants,1
instead,1
ships,1
ranged,1
why,1
places,1
david,1
munro,1
specificity,1
educational,1
am,1
initiating,1
endowed,1
especially,1
wondered,1
uniformly,1
back,1
wider,1
intensely,1
perceived,1
improving,1
promote,1
mayflower,1
between,1
starting,1
fight,1
folk,1
mobilized,1
slave,1
channels,1
africans,1
viewpoint,1
extraordinary,1
responsible,1
nationalistic,1
become,1
radio,1
themselves,1
therefore,1
egypt,1
compared,1
conclude,1
boundaries,1
twice,1
chicago,1
corporations,1
pure,1
informants,1
shied,1
queen,1
compare,1
component,1
like,1
norman,1
weight,1
up,1
london,1
rained,1
exclusively,1
jordan,1
extent,1
death,1
entire,1
ndu,1
given,1
socially,1
present,1
look,1
spite,1
slippage,1
resistance,1
vehicle,1
threatens,1
occupation,1
boom,1
among,1
saw,1
crack,1
arrogant,1
deeply,1
recent,1
coasts,1
counternarratives,1
terror,1
premature,1
ago,1
provided,1
successive,1
displaced,1
hanoi,1
separate,1
attention,1
showed,1
actions,1
compromise,1
penchant,1
activities,1
adversary,1
variety,1
decision,1
increase,1
petroleum,1
notion,1
grasp,1
next,1
anglo,1
likely,1
