WORDCOUNTS,WEIGHT
the,869
and,449
of,446
in,362
to,255
yiddish,191
a,155
jews,147
hebrew,131
as,127
their,112
for,107
christian,106
that,99
from,98
jewish,97
was,90
on,89
protestant,82
language,77
with,67
it,64
german,64
this,58
by,55
scholars,53
see,50
der,45
they,44
modern,44
an,43
johann,42
is,41
early,41
also,40
its,38
intro,38
wagenseil,37
literature,36
not,35
were,33
authors,33
among,33
his,32
studies,31
works,30
s,29
und,28
century,27
fortsetzung,27
hebraists,27
them,27
be,27
or,26
bible,25
which,25
biblical,25
these,24
judaism,23
callenberg,23
cultural,22
present,22
des,22
but,21
holy,21
past,21
fagius,21
between,21
one,20
schudt,20
oriental,20
more,20
new,19
who,19
die,19
at,18
are,18
i,18
study,18
example,18
own,18
only,18
merckwiirdigkeiten,17
christoph,17
no,17
most,17
had,17
could,17
theological,17
ii,16
words,16
europe,16
knowledge,16
discourse,16
christians,16
so,16
both,16
into,15
translations,15
read,15
vom,15
many,15
number,15
writings,15
jiidische,15
regarding,14
people,14
religious,14
culture,14
ed,14
fact,14
eds,14
notion,14
trans,13
buxtorf,13
leipzig,13
all,13
out,13
bericht,13
juden,13
text,13
understanding,13
belehrung,12
adam,12
how,12
nutzen,12
das,12
well,12
order,12
claim,12
mission,12
einige,12
readers,12
chrysander,12
would,12
european,12
over,12
true,11
unterricht,11
schreibart,11
religion,11
reading,11
von,11
freunde,11
work,11
part,11
esp,11
other,11
time,11
redund,11
considered,11
did,11
ff,11
world,11
have,11
way,10
linguistic,10
germany,10
first,10
con,10
some,10
old,10
p,10
halle,10
polemics,10
he,10
frakes,10
contemporary,10
use,10
after,10
especially,10
eyes,10
we,10
translation,10
luther,10
texts,10
introduction,9
vols,9
sixteenth,9
since,9
even,9
latin,9
important,9
im,9
mainly,9
christliche,9
orientalist,9
ancient,9
published,9
missionary,9
tongue,9
what,9
through,9
reformation,9
scholarship,9
truth,8
e,8
book,8
found,8
thus,8
such,8
interest,8
aramaic,8
without,8
main,8
similar,8
however,8
used,8
ist,8
heutigen,8
god,8
two,8
munster,8
practice,8
examples,8
basel,8
sie,8
popular,8
martin,8
common,7
word,7
women,7
said,7
zur,7
hebraism,7
against,7
learning,7
stendels,7
rather,7
process,7
moreover,7
means,7
preoccupation,7
paulus,7
further,7
mose,7
hegemony,7
rabbi,7
included,7
longer,7
herder,7
sebastian,7
helvicus,7
manner,7
another,7
ibid,7
chosen,7
period,7
seen,7
image,7
according,7
vernacular,7
orientalism,7
themselves,7
including,7
medieval,6
judische,6
conversion,6
hebraeae,6
source,6
sprache,6
either,6
sources,6
has,6
component,6
guage,6
lan,6
like,6
jiidischer,6
university,6
languages,6
miinster,6
testament,6
late,6
correct,6
attention,6
useful,6
seventeenth,6
style,6
years,6
original,6
made,6
faith,6
ing,6
often,6
centuries,6
itself,6
different,6
theology,6
very,6
beginning,6
prevalent,6
hebrews,6
ein,6
should,6
eighteenth,6
point,6
traditional,6
superstitious,5
appropriation,5
later,5
church,5
ways,5
nicht,5
western,5
being,5
attempt,5
written,5
baumgarten,5
iv,5
great,5
make,5
de,5
cases,5
perspective,5
oder,5
importance,5
understand,5
neunte,5
linguae,5
n,5
translating,5
fo,5
because,5
r,5
hebraist,5
degenerate,5
london,5
during,5
historien,5
sense,5
field,5
confined,5
wittenberg,5
theologians,5
criticism,5
under,5
perceived,5
already,5
christ,5
books,5
stance,5
ridiculous,5
heinrich,5
played,5
zu,5
grammar,5
usually,5
referred,5
lost,5
hsia,5
pt,5
half,5
regard,5
sacra,5
prayers,5
form,5
while,5
institute,5
praying,5
presented,5
elias,5
despite,5
became,5
role,5
derer,5
sanctae,5
tion,4
gebet,4
replaced,4
english,4
mit,4
missionaries,4
history,4
nineteenth,4
dictionaries,4
frankfurt,4
convert,4
there,4
emphasized,4
burnett,4
veteris,4
case,4
kirchliche,4
philological,4
literary,4
literal,4
central,4
rabbis,4
underlying,4
cohen,4
than,4
pronounced,4
hardly,4
thesaurus,4
york,4
critica,4
bibliographical,4
carpzov,4
just,4
too,4
notions,4
thieves,4
schadeus,4
expressed,4
pure,4
population,4
blasphemies,4
prayer,4
scripture,4
reader,4
brought,4
jerold,4
related,4
translated,4
judaica,4
following,4
dreyzehnte,4
contrast,4
quite,4
orient,4
werke,4
cont,4
rambach,4
society,4
siebente,4
comments,4
yet,4
testamenti,4
reports,4
speaking,4
addition,4
efforts,4
our,4
claimed,4
took,4
accusations,4
purposes,4
empire,4
deep,4
germans,4
verfassung,4
superstition,4
israel,4
directed,4
reformers,4
provides,4
can,4
linguam,4
bodenschatz,4
aid,4
been,4
es,4
inferior,4
ever,4
here,4
blindness,4
wider,4
intellectual,4
onwards,4
geschichte,4
scholarly,4
terms,4
particular,4
representations,4
information,4
almost,4
gottfried,4
grammaticus,4
gain,4
tions,4
question,4
promoted,4
deutschland,4
although,4
d,4
am,4
c,4
given,4
superiority,3
achte,3
if,3
fiinfzehnte,3
incorporated,3
h,3
barbaric,3
wolf,3
position,3
geist,3
negative,3
ethnographies,3
beneficial,3
fifteenth,3
implications,3
talmud,3
meaning,3
luthers,3
tradition,3
leading,3
assertion,3
indeed,3
created,3
ambition,3
jiidinnen,3
converts,3
foolish,3
precisely,3
those,3
within,3
rivalry,3
hebraica,3
recommended,3
possible,3
hoffhung,3
bibliotheca,3
throughout,3
surely,3
due,3
divine,3
germanice,3
friedman,3
back,3
erlosung,3
jacob,3
obscure,3
opposed,3
interesting,3
ohne,3
penslar,3
aimed,3
interpretation,3
edward,3
influential,3
johannes,3
active,3
tel,3
reformer,3
proved,3
ignorance,3
threat,3
communities,3
ashkenazi,3
altdorf,3
chris,3
term,3
furthermore,3
produced,3
cannot,3
received,3
tool,3
strict,3
prominent,3
grammaticae,3
minority,3
criticized,3
israelis,3
gave,3
discussions,3
issues,3
et,3
judentums,3
verstand,3
specifically,3
hebraeam,3
dedicated,3
always,3
when,3
using,3
provided,3
lexicons,3
volkov,3
therefore,3
second,3
practices,3
separation,3
above,3
priate,3
ignorant,3
about,3
oxford,3
cor,3
corrupt,3
den,3
adherence,3
light,3
erasmus,3
rise,3
statements,3
power,3
kalmar,3
idea,3
educated,3
weinreich,3
discussed,3
dafi,3
aviv,3
men,3
hand,3
michael,3
less,3
hebraischen,3
jahrhundert,3
als,3
yiddishism,3
decent,3
concern,3
deutschen,3
students,3
quotation,3
corrupted,3
b,3
rabbinical,3
dominated,3
peter,3
keep,3
commentaries,3
article,3
promote,3
editors,3
pro,3
probably,3
translate,3
attracted,3
saw,3
andreas,3
bekehrung,3
respect,3
me,3
today,3
note,3
sometimes,3
practical,3
insufficient,3
analysis,3
auch,3
association,3
orientalists,3
addressed,3
proof,3
constant,3
growing,3
orientals,3
dimension,3
control,3
then,3
iii,3
living,3
moller,3
distasteful,3
jahrhunderts,3
content,3
transition,3
maintained,3
writing,3
wie,3
cambridge,3
jew,3
course,3
instead,3
you,3
defined,3
leiden,3
shift,3
speak,3
christi,3
say,3
much,3
weil,3
broader,3
andacht,3
close,3
difficult,2
now,2
formulated,2
o,2
m,2
pur,2
concerned,2
scholar,2
liii,2
admiration,2
introductions,2
suffixes,2
view,2
novum,2
group,2
large,2
fined,2
reden,2
highly,2
referring,2
spirit,2
ideals,2
schol,2
instance,2
zwischen,2
debased,2
exercitatio,2
familiarity,2
long,2
attempts,2
seems,2
nature,2
teutschen,2
jiddischen,2
prayed,2
advantage,2
accompanied,2
service,2
feature,2
scriptura,2
robert,2
relations,2
context,2
glauben,2
sprach,2
key,2
pub,2
custom,2
burke,2
replacement,2
sidered,2
apart,2
desired,2
far,2
sent,2
cited,2
fos,2
ritual,2
exposed,2
expertise,2
useless,2
goal,2
accessible,2
inner,2
ethical,2
professor,2
g,2
mastered,2
relatively,2
gilman,2
christlichen,2
jeremy,2
writ,2
tutorials,2
brantshpigl,2
exercise,2
dis,2
turn,2
nor,2
six,2
anzuleiten,2
hebraea,2
effective,2
pronunciation,2
annehmung,2
corrupting,2
sich,2
general,2
letter,2
error,2
versuch,2
may,2
dish,2
poor,2
hamburg,2
testimony,2
aber,2
l,2
wissenschaft,2
constance,2
compendiosa,2
parts,2
special,2
liber,2
disputations,2
lutheran,2
veritas,2
reason,2
references,2
acquisition,2
improvement,2
theologische,2
clearly,2
strassburg,2
xi,2
commented,2
max,2
spiritual,2
hertz,2
hereafter,2
rendered,2
friars,2
erroneous,2
helped,2
denounced,2
strengthen,2
state,2
vierzehnte,2
closely,2
my,2
came,2
seyn,2
declined,2
judenmission,2
conspicuous,2
deal,2
poetry,2
benefit,2
fables,2
levita,2
your,2
wahrheit,2
christianity,2
baale,2
expressions,2
pietist,2
secret,2
place,2
inherited,2
volck,2
paraphrases,2
comprehensible,2
neue,2
call,2
theologian,2
away,2
seyfer,2
project,2
verbs,2
status,2
approach,2
t,2
least,2
wished,2
catholic,2
sharp,2
midst,2
few,2
munich,2
temporary,2
research,2
peak,2
decline,2
essentially,2
condemned,2
gloria,2
degeneration,2
germanis,2
proper,2
teutsch,2
roots,2
appropriate,2
value,2
stellung,2
labelled,2
wolfgang,2
passive,2
shulamit,2
impor,2
jeffrey,2
conceal,2
will,2
led,2
liche,2
noble,2
letters,2
distorted,2
short,2
revival,2
limited,2
return,2
synagoga,2
geiger,2
still,2
purest,2
goliath,2
standing,2
kurtze,2
illuminating,2
corpus,2
once,2
nostris,2
benachrichtigungen,2
rules,2
tutors,2
neither,2
achieve,2
nuns,2
christen,2
same,2
dan,2
friedrich,2
deliver,2
contempt,2
willemer,2
expose,2
name,2
paul,2
law,2
others,2
renewed,2
pointed,2
put,2
towards,2
lack,2
consideration,2
conduct,2
reformed,2
praiseworthy,2
children,2
classical,2
end,2
compendiaria,2
habit,2
mysterium,2
behind,2
learn,2
centre,2
model,2
doederlein,2
lehmann,2
prophets,2
existing,2
relevant,2
renaissance,2
spoke,2
hartmut,2
liter,2
belief,2
cul,2
judenteutschen,2
demonstrated,2
tian,2
kein,2
helps,2
ruling,2
elite,2
imbued,2
bibles,2
entirely,2
significant,2
isagoge,2
persisted,2
torah,2
emphasize,2
jerome,2
ideas,2
evolution,2
resolved,2
nothing,2
testamentum,2
described,2
help,2
philology,2
moral,2
emphasizing,2
meelfuhrer,2
liberate,2
philipp,2
helpful,2
judaization,2
vulgate,2
lose,2
thomas,2
latter,2
repeated,2
enough,2
elaborate,2
reli,2
james,2
haven,2
sole,2
concluded,2
stubbornness,2
philologists,2
enable,2
dictionary,2
moses,2
assert,2
vision,2
glassius,2
inside,2
primarily,2
detailed,2
wilhelm,2
life,2
megillot,2
composed,2
centres,2
lingua,2
dikduk,2
arme,2
stephen,2
proficiency,2
eigenen,2
comes,2
lished,2
must,2
demonstrate,2
extensive,2
viel,2
known,2
triumphant,2
colonialism,2
ists,2
ars,2
orientalistik,2
institutio,2
know,2
roman,2
inappro,2
expense,2
grossman,2
ideological,2
hebraice,2
historical,2
passage,2
better,2
glory,2
einem,2
yiddishists,2
answered,2
denouncing,2
lands,2
circles,2
list,2
making,2
evangelical,2
eisenmenger,2
remained,2
symbolically,2
maintain,2
chapter,2
translators,2
pursued,2
tant,2
suggests,2
emphasis,2
italian,2
wahren,2
exegesis,2
nouns,2
severely,2
yid,2
synagogue,2
com,2
encounter,2
ihren,2
protestants,2
sprachforschung,2
teachings,2
phenomenon,2
mention,2
despised,2
grandeur,2
strong,2
pray,2
false,2
ature,2
argument,2
konigsberg,2
difference,2
pseud,2
travelling,2
theologie,2
zum,2
offer,2
actively,2
enlightenment,2
offered,2
specific,2
best,2
passages,2
substitute,2
teenth,2
chicago,2
era,2
dictionarium,2
backwardness,2
element,2
characters,2
judentum,2
recent,2
major,2
quatuor,1
sota,1
institutiones,1
inhalt,1
devotion,1
cussion,1
demonstrates,1
ja,1
barbara,1
interpre,1
possessed,1
humanism,1
anticipates,1
done,1
vor,1
deny,1
breslau,1
fathers,1
liminal,1
limits,1
stu,1
evaluations,1
declared,1
dritten,1
heretical,1
indicated,1
rev,1
drag,1
sonderlich,1
preted,1
wir,1
corruption,1
stood,1
integrating,1
commitment,1
encouraged,1
separated,1
verstehet,1
represent,1
pale,1
trepp,1
career,1
engendered,1
asiatics,1
thek,1
elaborating,1
extend,1
measures,1
sola,1
ultimate,1
gion,1
succession,1
ermangeln,1
ciency,1
notably,1
sphere,1
deorientalize,1
philologist,1
achievements,1
kinds,1
instructions,1
lasterungeri,1
elaborated,1
nostalgia,1
christli,1
sander,1
conducting,1
ihr,1
columns,1
cherished,1
asserted,1
ditional,1
dreadfully,1
motivation,1
murder,1
situation,1
sentind,1
bias,1
jonathan,1
illuminate,1
loca,1
leben,1
justified,1
geprediget,1
dignified,1
harsh,1
unlike,1
buchern,1
piet,1
anleitung,1
criticizing,1
summarische,1
dann,1
po,1
nonetheless,1
byzantinist,1
estant,1
disputation,1
worth,1
anti,1
reassert,1
rising,1
accumulation,1
warns,1
romance,1
lxxvii,1
stressed,1
undermine,1
driv,1
wulfer,1
hence,1
titles,1
lead,1
torical,1
rivals,1
praecipuis,1
kanon,1
deren,1
connection,1
distinguishing,1
itable,1
sad,1
adeundi,1
entailed,1
originally,1
literis,1
yerushalmi,1
taken,1
derselben,1
motivations,1
address,1
ridiculum,1
adrastea,1
gebrauchen,1
desjiidischen,1
archivfiirreligionsgeschichte,1
official,1
sachen,1
stock,1
editions,1
hatred,1
laughter,1
friendly,1
herren,1
incorporating,1
reach,1
christlichefreunde,1
protes,1
secondary,1
haissen,1
broken,1
undertake,1
reasons,1
thank,1
differences,1
incongruity,1
intellektuelle,1
origin,1
rich,1
achievement,1
grammarians,1
aesthetic,1
ruption,1
antisemites,1
xiii,1
thanks,1
closer,1
reveal,1
exalted,1
launched,1
any,1
dented,1
survey,1
haim,1
listing,1
achieved,1
iibel,1
prescription,1
faithful,1
exercises,1
lxx,1
greatly,1
berichtan,1
staff,1
contrasting,1
culminated,1
advantages,1
ad,1
albern,1
grad,1
grammaticos,1
suspicion,1
hebreische,1
richt,1
intersection,1
schul,1
auseinandersetzung,1
gebrachte,1
glaubens,1
nachdem,1
cracow,1
she,1
est,1
darauas,1
cue,1
ascribed,1
lical,1
existence,1
sophisticated,1
barbarity,1
atten,1
inperorando,1
eastern,1
gious,1
assertions,1
formulation,1
advice,1
earlier,1
chrestomathies,1
encouraging,1
sought,1
mass,1
suphan,1
facerent,1
draw,1
right,1
integritas,1
sparn,1
protestantismus,1
gentiles,1
waren,1
stereotype,1
reminder,1
fleifiig,1
mastering,1
account,1
vol,1
tela,1
hilfsmittel,1
politics,1
leo,1
elisheva,1
ered,1
reliability,1
captivity,1
goethe,1
shame,1
evan,1
aufkldrung,1
renowned,1
consciousness,1
bibliography,1
richard,1
occupy,1
strayed,1
amazement,1
institutum,1
pietistic,1
stubborn,1
zevi,1
west,1
geborner,1
taking,1
bell,1
scorn,1
griindliche,1
intermediary,1
x,1
rela,1
geschiehet,1
laws,1
dynamic,1
quota,1
iudaeis,1
representing,1
enter,1
bedienen,1
gelischen,1
condemnations,1
lars,1
reverence,1
ostjiddisch,1
fruhneuzeit,1
judaicum,1
superstitiose,1
acknowledgement,1
spateren,1
collection,1
penetrate,1
sechste,1
jakob,1
judaicogermanicis,1
interestingly,1
colonized,1
framework,1
stress,1
gravity,1
usage,1
learned,1
repeatedly,1
complained,1
human,1
possessing,1
comprehensive,1
phase,1
chapters,1
antitrinitarianism,1
includes,1
intellectu,1
dependence,1
mynors,1
historically,1
religiositat,1
doctor,1
explained,1
nn,1
redeemed,1
incomprehensible,1
mine,1
facts,1
schanden,1
points,1
seventy,1
wunder,1
countless,1
barbariem,1
sympathizer,1
initial,1
author,1
aus,1
pentateuch,1
domain,1
characteristic,1
scrolls,1
ausgemacht,1
mixed,1
decided,1
adopted,1
ern,1
raises,1
gerson,1
walter,1
participating,1
mulated,1
gemacht,1
griindlicher,1
loqui,1
ability,1
alphabet,1
intermingling,1
forerunners,1
rottwelsche,1
admitted,1
affairs,1
kind,1
erwurgen,1
schwerdt,1
elements,1
evident,1
times,1
nourished,1
perspicuitas,1
moti,1
concerning,1
focused,1
profound,1
adjectives,1
musse,1
body,1
ithaca,1
traditionally,1
veil,1
modernity,1
inclusion,1
vorgeschriebenen,1
lappisch,1
funf,1
served,1
wholly,1
suitable,1
antal,1
lix,1
ally,1
left,1
kaufrnann,1
sword,1
schrifft,1
antisemitism,1
wichtigen,1
liar,1
mosaic,1
gottesvolk,1
ny,1
consequently,1
iudaei,1
journal,1
occidental,1
gegen,1
practically,1
hatt,1
critique,1
sary,1
festivals,1
germanorum,1
demonstration,1
strengthening,1
sun,1
theologis,1
civilizing,1
iibertreffen,1
guard,1
loan,1
stigma,1
jerusalem,1
sincere,1
ment,1
disciples,1
depths,1
fixnfzehnte,1
manuel,1
incentive,1
jurist,1
demned,1
wird,1
trilingual,1
rejoice,1
aim,1
secus,1
archiv,1
civilization,1
sixteen,1
via,1
hero,1
supremacy,1
lexical,1
philadelphia,1
neces,1
cially,1
essential,1
schwerhoff,1
tors,1
saying,1
lottus,1
camp,1
purely,1
sands,1
kommen,1
impetus,1
generations,1
essence,1
declaring,1
capita,1
gott,1
salomonis,1
possession,1
strictly,1
testaments,1
devo,1
culminating,1
theil,1
doctrine,1
mean,1
buxtorfius,1
completely,1
poses,1
racy,1
goes,1
eorum,1
opportunity,1
idealize,1
excessively,1
phrases,1
rescue,1
heard,1
persistent,1
appears,1
captives,1
eight,1
ex,1
institutionalization,1
lamented,1
certain,1
leave,1
emerges,1
impure,1
direct,1
jena,1
possess,1
aussprache,1
pp,1
seidman,1
verbo,1
ludwig,1
uns,1
feel,1
daretur,1
consequences,1
khein,1
tance,1
supplements,1
derek,1
moves,1
haftarot,1
raymond,1
herzuplappern,1
soul,1
orthodoxie,1
tractatus,1
anweisung,1
distinct,1
weiberchomesch,1
insistence,1
reformationsgeschichte,1
variis,1
wol,1
circulated,1
bad,1
dean,1
shoulson,1
ensure,1
reformations,1
scripturae,1
matica,1
dichotomy,1
reuchlin,1
fast,1
beten,1
established,1
acquaintance,1
familiar,1
spreading,1
zeiten,1
vations,1
erkdntnifi,1
emergence,1
aura,1
branch,1
mistakes,1
protestantische,1
rupted,1
driven,1
edition,1
days,1
former,1
numbers,1
k,1
instrument,1
frequently,1
ort,1
severe,1
prevent,1
repudiating,1
freiberg,1
ginal,1
age,1
orientation,1
sonnen,1
rechten,1
show,1
commonly,1
leipziger,1
synagoge,1
miiller,1
prima,1
ihnen,1
voluminous,1
comparisons,1
prussian,1
encouragement,1
hart,1
shed,1
civilize,1
fiir,1
undertaken,1
truly,1
anderer,1
superstitione,1
terminology,1
babbled,1
impotence,1
expulsion,1
puts,1
mix,1
fechtius,1
odd,1
dominant,1
contrary,1
geneseos,1
opinion,1
faced,1
decades,1
drawing,1
advocated,1
lacherlich,1
appear,1
disappeared,1
atlanta,1
ihre,1
denigrating,1
eckstein,1
opponents,1
greater,1
uses,1
ou,1
ization,1
advance,1
based,1
wiilfer,1
edi,1
disbelief,1
whom,1
diligently,1
tra,1
virtutibus,1
konfessionellen,1
histories,1
ebraicis,1
inherent,1
entered,1
entering,1
called,1
strength,1
access,1
davids,1
grammars,1
dilherr,1
effort,1
debasing,1
stigmatized,1
philog,1
styli,1
her,1
mittelalter,1
rebirth,1
facilitate,1
betulah,1
noting,1
discontent,1
syrian,1
scepticism,1
instruct,1
attained,1
jude,1
composi,1
integrate,1
inter,1
secretly,1
lent,1
punishment,1
wonder,1
ecclesiastici,1
gottingen,1
ger,1
equally,1
verstandlich,1
supporters,1
understood,1
desecration,1
shall,1
shlomo,1
third,1
wiesbaden,1
rabbinica,1
linguists,1
philologien,1
jiidisch,1
uncultivated,1
indirect,1
duced,1
dendi,1
europa,1
brenner,1
bla,1
biblio,1
mufi,1
scale,1
gebetet,1
otherwise,1
woodbridge,1
discus,1
schweidnitz,1
thou,1
equip,1
dialectic,1
unre,1
hohenlied,1
herders,1
volker,1
bibliophilus,1
revived,1
public,1
oh,1
depictions,1
cern,1
verbose,1
poesie,1
yaacov,1
colonies,1
directly,1
none,1
having,1
hybrid,1
participation,1
judaeorum,1
pronounce,1
don,1
relief,1
diefiinjf,1
revealed,1
bc,1
publish,1
responding,1
ideal,1
accu,1
heart,1
ludaeis,1
unless,1
significantly,1
decrepitude,1
crude,1
su,1
denigrated,1
line,1
competing,1
training,1
fames,1
thomson,1
introduc,1
kortholt,1
bourel,1
unzahlich,1
homeland,1
sabbather,1
recommends,1
nit,1
ten,1
preserving,1
though,1
helic,1
loss,1
dadurch,1
year,1
usurious,1
kindly,1
describe,1
salutari,1
policies,1
zumjudentum,1
literally,1
constitute,1
unmistakable,1
construct,1
actually,1
falling,1
transmitting,1
surpass,1
verba,1
facultas,1
historische,1
nach,1
demon,1
emancipation,1
profi,1
forces,1
denunciations,1
economic,1
surrounding,1
legislation,1
scum,1
lautet,1
overseas,1
kritik,1
favourite,1
gottlob,1
theolo,1
fieldwork,1
worterbuch,1
ter,1
ethnicity,1
dresden,1
mired,1
engagement,1
hidden,1
conjugating,1
woman,1
f,1
gilm,1
good,1
change,1
social,1
creating,1
quam,1
exerting,1
joanne,1
accused,1
sabbaths,1
capito,1
successful,1
xxvi,1
level,1
thirteenth,1
below,1
regardless,1
crit,1
adherents,1
shaping,1
things,1
reliable,1
pation,1
wort,1
mani,1
next,1
archivfiir,1
dissonance,1
perspec,1
emerging,1
sake,1
involved,1
small,1
legenden,1
several,1
horet,1
pirnat,1
zeichen,1
soil,1
sufficient,1
constructively,1
concerns,1
altshuler,1
babylonian,1
choose,1
bridge,1
horrible,1
parcel,1
jesu,1
pfeiffer,1
vernacula,1
presence,1
sitten,1
fessor,1
tage,1
attached,1
biblischer,1
suspecta,1
ivan,1
telling,1
impossible,1
foremost,1
dem,1
core,1
nachricht,1
couple,1
articulation,1
up,1
possit,1
progress,1
perstitious,1
germanica,1
decisive,1
utuntur,1
kaufmann,1
sciant,1
inaccessible,1
preserved,1
correspondence,1
city,1
peculiar,1
altogether,1
confluence,1
dererheutigenjiidinnen,1
conceptions,1
censor,1
greek,1
valuable,1
pauli,1
activities,1
philologus,1
readership,1
periods,1
friendliness,1
reventlow,1
denjuden,1
portion,1
critical,1
jiidischteutsches,1
juda,1
poland,1
sehr,1
berlin,1
obscuriora,1
give,1
natur,1
variety,1
humanist,1
shedding,1
employ,1
sanctity,1
oulem,1
indicative,1
modus,1
doctoral,1
drama,1
comparative,1
ually,1
bis,1
tried,1
trials,1
trauriges,1
revolt,1
ened,1
wixrkung,1
death,1
westjiddisch,1
prove,1
community,1
reaffirm,1
israelites,1
realizing,1
xl,1
holders,1
sanctam,1
unprecedented,1
terrain,1
movement,1
newen,1
handbuch,1
jesus,1
hold,1
direction,1
authenticity,1
wirkung,1
single,1
theologus,1
guide,1
spoken,1
frank,1
blas,1
violate,1
usu,1
feme,1
siegfried,1
komen,1
examined,1
extraneous,1
prof,1
intense,1
interrelationship,1
caspar,1
bet,1
thought,1
alongside,1
serve,1
backward,1
begriinder,1
counterparts,1
message,1
east,1
rom,1
ingly,1
cealed,1
exprimenda,1
calvor,1
j,1
us,1
ele,1
disagreeable,1
thesis,1
superstitiously,1
wunderbarlicher,1
triumphantly,1
weit,1
kortzfleisch,1
home,1
intelligible,1
meschores,1
islam,1
compassionate,1
geheimnis,1
abandon,1
lord,1
sharply,1
giessen,1
ethnographic,1
baltimore,1
scriptures,1
si,1
ebraicae,1
hamishah,1
genio,1
contains,1
toronto,1
quotations,1
alten,1
ayaelyada,1
noted,1
praxis,1
ized,1
resemblance,1
wegen,1
picture,1
act,1
chose,1
volume,1
antijudischem,1
nova,1
lauter,1
herrligkeit,1
oral,1
kultureller,1
bib,1
french,1
deterred,1
elie,1
attacks,1
challenge,1
comparison,1
vernaculam,1
sensu,1
mediation,1
muslims,1
neglect,1
hears,1
again,1
academy,1
knowing,1
conceived,1
motifs,1
thereafter,1
blastenbrei,1
nicodemus,1
deutsche,1
pietism,1
occident,1
lengthy,1
magister,1
curiosities,1
marker,1
coincidence,1
hebraische,1
preserve,1
shade,1
xii,1
ghetto,1
lebrecht,1
teutsche,1
utilizing,1
plan,1
buch,1
beliefs,1
appeared,1
inculto,1
graf,1
possi,1
ebert,1
viii,1
manifested,1
worthlessness,1
identity,1
incorporation,1
stylo,1
john,1
frankfurter,1
watch,1
sounds,1
lesen,1
arthur,1
edly,1
blasphemie,1
considerable,1
man,1
thoralf,1
utilize,1
serious,1
angels,1
germanic,1
ages,1
rabbinic,1
henning,1
fledged,1
everyday,1
ground,1
uxore,1
secrets,1
where,1
niirnberg,1
validity,1
informal,1
helfrich,1
aiming,1
solcher,1
emanated,1
non,1
theless,1
karl,1
answer,1
explicit,1
meant,1
despising,1
gewisser,1
excep,1
conviction,1
tation,1
appropriating,1
indem,1
judaizare,1
blasphemous,1
widerlegung,1
stylistically,1
lurked,1
bearers,1
zwolfte,1
advan,1
explicitly,1
linked,1
kritische,1
worterbuchlein,1
slay,1
larger,1
verbal,1
glaubt,1
fundamentally,1
bibucal,1
merck,1
private,1
hess,1
wiirdigkeiten,1
nichts,1
extended,1
divided,1
sammtliche,1
hear,1
thirst,1
ians,1
genres,1
stronger,1
unangesehen,1
susannah,1
virgin,1
upon,1
espe,1
pave,1
values,1
blatantly,1
hebreischen,1
servant,1
tutorial,1
ebraischen,1
tive,1
sixth,1
gians,1
lips,1
catholics,1
medium,1
tighter,1
host,1
grammatic,1
thriving,1
expression,1
mischnicus,1
religiously,1
overtones,1
assumption,1
phemies,1
turally,1
hebraisms,1
preoccu,1
morality,1
scribi,1
satanae,1
harvard,1
besondere,1
questions,1
actual,1
hoc,1
engaged,1
auf,1
expro,1
aschkenas,1
national,1
full,1
hatten,1
ob,1
complicated,1
netherlands,1
paucissimi,1
anthology,1
finally,1
mastery,1
low,1
passim,1
verstockung,1
xv,1
discursive,1
clear,1
whoever,1
three,1
provoked,1
tional,1
adding,1
does,1
verbis,1
wilfried,1
anderst,1
maintenance,1
dents,1
prevents,1
dominique,1
august,1
plappern,1
held,1
heschel,1
started,1
perverse,1
grammatical,1
interlocutors,1
spread,1
fellow,1
function,1
eenth,1
strange,1
him,1
high,1
rectly,1
tubingen,1
distinction,1
gantz,1
yudisher,1
antiquity,1
mescharet,1
orten,1
magna,1
devise,1
filled,1
accurate,1
poetic,1
hebraicum,1
standard,1
verbesserung,1
hangs,1
forms,1
instruction,1
imagination,1
spent,1
ture,1
coudert,1
transla,1
oratoris,1
variably,1
pasto,1
successor,1
seinem,1
parallel,1
textbooks,1
evolutionary,1
constructing,1
hebraicis,1
uncouth,1
become,1
interpretations,1
scribendi,1
stand,1
krise,1
xvi,1
exactly,1
hamesh,1
effect,1
thalmuds,1
commentariis,1
enjoyed,1
structure,1
civilisatrice,1
erkanntnifl,1
quaeque,1
christus,1
suleh,1
idiom,1
hillel,1
italy,1
adaptations,1
looked,1
epics,1
tantly,1
slipping,1
principal,1
baeck,1
rochester,1
pastj,1
daher,1
dunckeln,1
basically,1
hanover,1
hebraisch,1
political,1
hope,1
tians,1
strate,1
allison,1
decay,1
bewertung,1
angehenden,1
stereotypes,1
weimar,1
motif,1
aya,1
judischteutschen,1
quum,1
genesis,1
adulterii,1
admire,1
tutio,1
biichermosis,1
waddington,1
chaldaicum,1
front,1
detach,1
elyada,1
discussing,1
islamic,1
chrysan,1
editionibus,1
publishing,1
theriaca,1
gemischet,1
ansbach,1
gram,1
lot,1
irreversible,1
mixture,1
phillip,1
bureaucrats,1
semitic,1
characteribus,1
five,1
foreign,1
nh,1
outsiders,1
legendi,1
entdecktes,1
prose,1
fully,1
fear,1
utique,1
rotwelsch,1
favour,1
ordinary,1
institutions,1
proofreaders,1
dimensions,1
pute,1
ea,1
affinity,1
insti,1
force,1
began,1
returned,1
effectively,1
visual,1
philosopher,1
gestalt,1
importantly,1
brevis,1
degenerative,1
fested,1
ch,1
inadequate,1
vulnerable,1
renderings,1
stimulated,1
distort,1
judenschafft,1
utterly,1
linking,1
owed,1
why,1
strafiburg,1
solches,1
thalmuhdischer,1
pristine,1
construction,1
olam,1
existed,1
schriften,1
graver,1
inertness,1
table,1
education,1
supporting,1
chaldaica,1
fields,1
sensum,1
uneducated,1
face,1
consid,1
articles,1
sicht,1
problematic,1
gathered,1
reiske,1
bucher,1
unshakeable,1
rigorous,1
phe,1
pay,1
chen,1
earliest,1
loanwords,1
matters,1
claims,1
sections,1
erkantniss,1
environment,1
seine,1
evange,1
neglected,1
contained,1
practised,1
zeitalters,1
rarely,1
donors,1
vagatorum,1
girls,1
xxiv,1
psalms,1
dispersed,1
wer,1
indictment,1
mentioned,1
buberey,1
conjunction,1
solch,1
finest,1
founded,1
prot,1
zehnte,1
gemisch,1
athens,1
simply,1
constituted,1
detect,1
damaging,1
reinforced,1
syntactic,1
theme,1
inferiority,1
implied,1
quomodo,1
constructed,1
temporal,1
falschen,1
hearts,1
disapproval,1
gerhard,1
gantze,1
minder,1
doi,1
erhort,1
symbol,1
versehen,1
lowing,1
hebreer,1
replace,1
acquired,1
outcome,1
coelestis,1
defining,1
berkeley,1
nuremberg,1
eli,1
natural,1
tribute,1
daft,1
each,1
massorete,1
sure,1
sennert,1
helwig,1
possessors,1
cultures,1
aufigelegt,1
descriptions,1
rostock,1
missionizing,1
fehlet,1
kiel,1
judinnen,1
continu,1
atrium,1
setting,1
mcconica,1
seem,1
disinterring,1
believe,1
reimen,1
litteris,1
alle,1
punished,1
appendix,1
tity,1
propaganda,1
integro,1
report,1
chia,1
concurrently,1
einiger,1
unter,1
epistolis,1
rely,1
usus,1
fecht,1
verbumpro,1
audience,1
associated,1
liigen,1
ueber,1
betler,1
verbi,1
placing,1
climate,1
allein,1
alluded,1
codes,1
structed,1
davidson,1
merely,1
person,1
pri,1
consisted,1
believed,1
dichtkunst,1
gebete,1
unprece,1
defend,1
boundaries,1
born,1
trying,1
redeem,1
jean,1
defending,1
explanations,1
searching,1
exposing,1
carefully,1
derjuden,1
unique,1
rose,1
prefers,1
selected,1
accounts,1
abraham,1
humshei,1
supports,1
wolfenbuttel,1
feb,1
bernhard,1
carlebach,1
statement,1
syntaxen,1
impli,1
barner,1
zalman,1
writes,1
novelty,1
leaving,1
adaptation,1
blossen,1
occasions,1
version,1
undjuden,1
dicunt,1
horrido,1
ori,1
treatises,1
freylich,1
agreed,1
ize,1
apparently,1
dedication,1
w,1
inability,1
contain,1
lectionis,1
art,1
qua,1
middle,1
rengstorf,1
sampt,1
apparatus,1
poems,1
arabic,1
joh,1
careful,1
recognition,1
volk,1
mod,1
ill,1
worter,1
little,1
nomenon,1
ohio,1
sharer,1
marily,1
talmudic,1
confirm,1
betrifft,1
geographical,1
konig,1
duty,1
cations,1
gerard,1
williamson,1
intended,1
rendering,1
xci,1
hanstein,1
sion,1
foreignizing,1
target,1
contribute,1
lippen,1
souls,1
arguments,1
humaniste,1
sei,1
conversely,1
implica,1
judaea,1
einiges,1
ensuing,1
enabled,1
aspect,1
budapest,1
childhood,1
toiling,1
remarks,1
relates,1
prepared,1
furkommet,1
judendeutsch,1
abgeschmackt,1
afflicted,1
disadvantages,1
devoted,1
until,1
vorwurf,1
conducive,1
drafts,1
studium,1
lists,1
reveals,1
generate,1
ledge,1
disappear,1
paradigm,1
gotteslasterung,1
write,1
beyond,1
naomi,1
aware,1
iden,1
homiletic,1
wish,1
gesamtausgabe,1
contributed,1
land,1
sprachbarbarey,1
gerd,1
need,1
evidence,1
andere,1
deviated,1
gen,1
endeavours,1
artefacts,1
erlangen,1
justus,1
obvious,1
involving,1
attributes,1
doing,1
sympathizing,1
scho,1
preiflwiirdigen,1
philosophy,1
diaspora,1
exceeded,1
beginnender,1
desiderius,1
remains,1
repeat,1
ignea,1
corrumpieren,1
flaw,1
reprints,1
muhammedicum,1
lutherans,1
ful,1
needs,1
psalmen,1
territories,1
thief,1
vorlangst,1
removed,1
derogative,1
fol,1
abwehr,1
kirche,1
yerderben,1
rabbinischer,1
stemming,1
fiirnehmster,1
lische,1
exclusively,1
entire,1
neuen,1
achiev,1
focus,1
icism,1
clarity,1
fortsetzungen,1
grace,1
verstocki,1
famous,1
deutsch,1
judenthum,1
virtue,1
asked,1
teryak,1
showed,1
termed,1
gottin,1
perception,1
erkantnifi,1
deeper,1
harmful,1
ende,1
