WORDCOUNTS,WEIGHT
the,996
of,672
in,546
and,508
to,365
a,253
for,170
as,157
pp,155
that,145
is,114
by,106
on,106
igualada,103
were,98
was,96
history,84
economic,82
de,78
from,76
it,73
with,73
have,73
be,72
not,68
this,66
marriage,63
i,61
industry,61
at,59
s,59
production,58
catalan,58
more,54
la,54
catalonia,53
cotton,52
been,52
family,51
j,46
than,46
an,46
are,46
p,44
has,43
but,43
other,41
such,41
see,41
between,39
review,38
society,38
women,37
which,37
industrialization,37
or,36
areas,36
barcelona,36
these,35
torras,34
d,34
marfany,33
mortality,33
clothiers,33
all,31
there,31
had,31
population,31
many,31
their,30
where,30
also,29
land,29
some,28
fertility,28
historians,28
early,28
one,27
most,27
industrial,27
factory,27
age,27
textile,26
work,26
small,26
woollen,26
labour,26
first,25
m,25
important,25
only,25
ogilvie,25
per,24
century,24
l,24
however,24
capital,23
weavers,23
two,23
cent,22
demographic,22
over,22
rural,22
both,22
cambridge,22
case,21
years,21
can,21
manufacturers,21
studies,20
hudson,20
spinning,20
even,20
his,20
europe,20
period,20
they,19
en,19
n,19
new,19
would,19
manufacturing,19
thomson,19
c,18
wool,18
rather,18
eighteenth,18
who,18
fall,18
table,18
did,18
while,18
differences,17
elsewhere,17
del,17
social,17
so,17
manufactures,17
julie,16
those,16
el,16
agriculture,16
thus,16
ferrer,16
viticulture,16
study,16
transition,16
cloths,16
domestic,16
markets,15
region,15
catalunya,15
here,15
control,15
economy,15
commercial,15
rates,14
up,14
local,14
european,14
infant,14
families,14
much,14
if,13
english,13
being,13
schlumbohm,13
mean,13
impact,13
r,13
example,13
et,13
change,13
owned,13
above,13
eds,13
registers,13
medick,13
garcia,13
distinctive,13
idem,13
terms,13
form,13
child,12
use,12
spinners,12
within,12
protoindustrialization,12
its,12
migration,12
still,12
fabricants,12
time,12
discussed,12
ages,12
birth,12
regions,12
men,12
success,12
life,12
cerman,11
explaining,11
no,11
process,11
similar,11
changes,11
alòs,11
greater,11
though,11
already,11
concerns,11
power,11
three,11
artisans,11
we,11
often,11
according,11
particular,11
little,11
e,10
likely,10
source,10
textiles,10
king,10
central,10
quality,10
networks,10
growth,10
producers,10
historia,10
origins,10
guilds,10
breastfeeding,10
during,10
will,10
may,10
morta,10
communities,10
same,10
rise,10
inheritance,10
do,10
less,10
examples,10
clear,10
rabassa,10
continued,10
when,10
any,10
manual,10
kriedte,10
through,10
camps,10
evidence,10
recent,10
vilar,9
before,9
nature,9
pfister,9
weaving,9
throughout,9
development,9
santa,9
marital,9
town,9
organization,9
view,9
fabricado,9
mendels,9
found,9
because,9
basis,9
part,9
employed,9
own,9
revolution,9
intervals,9
decline,9
f,9
therefore,9
sons,9
ed,9
others,9
outside,9
described,9
immigration,9
landholdings,9
theory,9
formation,9
france,9
given,8
introduction,8
ii,8
england,8
iv,8
fos,8
places,8
looms,8
higher,8
links,8
after,8
importance,8
holdings,8
behaviour,8
based,8
nadal,8
could,8
further,8
aspects,8
used,8
structures,8
contrast,8
terrassa,8
around,8
ani,8
al,8
hectares,8
remained,8
another,8
findings,8
significant,8
maria,8
workers,8
high,8
households,8
parish,8
began,8
set,8
seem,8
living,8
revista,8
question,8
increased,8
does,7
group,7
factories,7
into,7
taken,7
might,7
improved,7
recorded,7
vol,7
wrigley,7
far,7
inventory,7
centralized,7
married,7
y,7
weaver,7
industries,7
protoindustry,7
developed,7
plots,7
reconstitution,7
moreover,7
means,7
four,7
out,7
torello,7
sharecropping,7
younger,7
concept,7
xviii,7
attributed,7
least,7
using,7
provided,7
demand,7
grooms,7
about,7
opportunities,7
continuity,7
b,7
towns,7
pattern,7
spain,7
discussion,7
made,7
upon,7
esparreguera,7
continuities,7
low,7
olesa,7
article,7
figures,7
relative,7
attention,7
analysis,7
months,7
mentioned,7
simply,7
les,7
unknown,7
guild,7
regard,7
goods,7
rising,7
extent,7
level,7
despite,7
contract,7
crisis,7
baptism,7
themselves,7
traditional,7
among,7
now,6
groups,6
large,6
total,6
nineteenth,6
experience,6
stressed,6
seems,6
vines,6
take,6
access,6
vilanova,6
g,6
cases,6
belfanti,6
soil,6
without,6
nominal,6
unit,6
balaña,6
pascual,6
moia,6
additional,6
linkage,6
standards,6
result,6
scale,6
parera,6
below,6
always,6
suggest,6
activities,6
liado,6
identified,6
overall,6
secondly,6
exception,6
h,6
southern,6
hitherto,6
worked,6
once,6
restricted,6
salient,6
costs,6
sector,6
again,6
occupations,6
larger,6
forms,6
manresa,6
individuals,6
earlier,6
zamora,6
five,6
class,6
sexes,6
founded,6
kaufsystem,6
particularly,6
siglo,6
just,6
what,6
cataluña,6
whether,6
catalogne,6
size,6
calculated,6
merchant,6
finally,6
manufacture,6
shift,6
catalana,6
should,6
way,5
later,5
ways,5
producing,5
vandenbroeke,5
context,5
josep,5
iii,5
key,5
comarca,5
possible,5
soils,5
combination,5
clothier,5
household,5
indústria,5
phase,5
points,5
since,5
turn,5
immigrants,5
cervera,5
benaul,5
phases,5
whose,5
hobsbawm,5
levels,5
levine,5
entre,5
hendrickx,5
capbreus,5
immigrant,5
established,5
emergence,5
peninsula,5
strategy,5
my,5
braun,5
burial,5
enjoyed,5
well,5
year,5
surrounding,5
received,5
towards,5
successful,5
order,5
le,5
he,5
second,5
reduced,5
various,5
impartible,5
coleman,5
constraints,5
poor,5
under,5
coto,5
arguments,5
maquines,5
fact,5
longer,5
choice,5
españa,5
v,5
baiana,5
argument,5
increase,5
services,5
numerous,5
vic,5
especially,5
k,5
working,5
contracts,5
professional,5
figure,5
gullickson,5
fewer,5
force,5
economists,5
importantly,5
whereby,5
duplessis,5
centuries,5
known,5
okuno,5
albeit,5
down,5
económica,5
born,5
u,5
suggests,5
surveys,5
role,5
average,5
townships,5
instead,5
need,5
ribé,5
firstly,5
anton,5
suggested,4
market,4
measures,4
sola,4
complex,4
modern,4
modest,4
long,4
emerged,4
switzerland,4
available,4
agrarian,4
poverty,4
able,4
link,4
borrull,4
survey,4
state,4
point,4
primeres,4
dynamic,4
along,4
controlled,4
protoindustria,4
interior,4
against,4
interest,4
relatively,4
feliu,4
emigration,4
estimates,4
back,4
arxiu,4
young,4
allowing,4
journal,4
general,4
across,4
how,4
una,4
proportion,4
pollard,4
provides,4
nor,4
sant,4
section,4
frequently,4
too,4
geltrú,4
followed,4
appear,4
raw,4
location,4
llana,4
term,4
occupation,4
effect,4
cloth,4
xix,4
resident,4
data,4
filar,4
fit,4
status,4
t,4
presented,4
tello,4
leather,4
research,4
liu,4
marry,4
vails,4
mariano,4
community,4
initially,4
single,4
yet,4
parishes,4
childcare,4
increasingly,4
colomé,4
orígenes,4
fabriques,4
similarly,4
addition,4
water,4
children,4
end,4
took,4
hand,4
everyday,4
marrying,4
jenny,4
protoindustrial,4
native,4
mill,4
ibid,4
original,4
nutrition,4
explanation,4
flamand,4
including,4
muset,4
theories,4
sowerby,4
segarra,4
him,4
features,4
become,4
structure,4
capitalism,4
workshop,4
tendency,4
division,4
genesis,4
relationship,4
median,4
note,4
provide,4
outsiders,4
male,4
un,4
segle,4
rapidly,4
centres,4
remains,4
detail,4
cuiner,4
changing,4
very,4
formación,4
historical,4
evident,4
olot,4
combined,4
them,4
periphery,4
berenguer,4
information,4
terrier,4
jennies,4
junyent,4
shown,4
until,4
survival,4
cas,4
steam,4
although,4
manufacturer,4
area,4
francisco,4
comparison,4
corporatism,4
customs,4
els,4
countryside,3
mostly,3
rate,3
alone,3
landholding,3
truncation,3
ma,3
true,3
bias,3
conscious,3
former,3
presents,3
highlighted,3
earning,3
revisited,3
certainly,3
localities,3
originally,3
attempts,3
attempt,3
actual,3
historiography,3
loom,3
company,3
capitalist,3
studied,3
real,3
reproduction,3
cardona,3
subsequent,3
failures,3
persistence,3
mind,3
congost,3
dd,3
system,3
tab,3
dr,3
especialización,3
diario,3
craft,3
marked,3
sixteenth,3
recerques,3
alter,3
west,3
variations,3
say,3
resources,3
minimum,3
moianès,3
human,3
otherwise,3
deux,3
village,3
ability,3
relations,3
sample,3
expected,3
agrícola,3
response,3
witnessed,3
espanya,3
prototo,3
details,3
critics,3
oxford,3
interesting,3
calverley,3
eis,3
represented,3
vicente,3
edat,3
direct,3
distant,3
lay,3
industrialització,3
references,3
facilitated,3
wages,3
occupational,3
peasant,3
numbers,3
argued,3
w,3
vicens,3
aigua,3
hereafter,3
relating,3
âges,3
scepticism,3
struggles,3
undeniable,3
economia,3
mainly,3
recently,3
industria,3
grounds,3
explain,3
participation,3
montbui,3
brought,3
showing,3
connections,3
running,3
previously,3
sense,3
hard,3
debts,3
involved,3
berg,3
sufficient,3
berguedanes,3
villages,3
capturing,3
ana,3
variety,3
desenvolupament,3
expansion,3
classic,3
female,3
make,3
carreras,3
comments,3
decisions,3
mortalidad,3
cheap,3
selling,3
vila,3
suited,3
makes,3
alongside,3
included,3
tèxtils,3
montserrat,3
choices,3
noted,3
shows,3
discipline,3
french,3
onwards,3
fell,3
lack,3
mountainous,3
bonaplata,3
contemporary,3
fashion,3
verlagssystem,3
paris,3
existing,3
accepted,3
seventeenth,3
jordi,3
perhaps,3
breakdown,3
predictive,3
disease,3
restrictions,3
empirical,3
confidence,3
propietaris,3
largely,3
factor,3
macia,3
trend,3
stay,3
òdena,3
recruitment,3
arguably,3
displacing,3
trade,3
remaining,3
helpful,3
housed,3
played,3
stages,3
spirits,3
sabadell,3
last,3
reconstitutions,3
separate,3
mortem,3
increasing,3
chances,3
amb,3
independent,3
employment,3
lines,3
independence,3
seen,3
los,3
why,3
types,3
considered,3
neglected,3
believed,3
dispersed,3
carding,3
equipment,3
rurales,3
suggestions,3
sizes,3
post,3
clearly,3
ramon,3
past,3
type,3
better,3
rose,3
map,3
leaving,3
produce,3
property,3
almost,3
listed,3
marriages,3
knot,3
son,3
entire,3
became,3
rigid,3
measure,3
extended,3
maintained,3
varied,3
centelles,3
shorter,3
economie,3
lists,3
notes,3
include,3
segles,3
smaller,3
carni,3
except,3
companyia,3
substantial,3
import,3
ownership,3
strong,3
linen,3
inventories,3
woven,2
go,2
struggle,2
deny,2
fathers,2
difficult,2
crafts,2
estate,2
tres,2
italy,2
revue,2
guaranteeing,2
created,2
encouraged,2
peaceful,2
extend,2
compréhension,2
trans,2
considerably,2
becoming,2
essays,2
assumption,2
decade,2
western,2
necessarily,2
trabajo,2
unlike,2
tuscany,2
nonetheless,2
du,2
materials,2
permitted,2
contexts,2
negative,2
lower,2
anything,2
pequeña,2
either,2
transitions,2
submitted,2
languedoc,2
sources,2
posed,2
concentrated,2
planting,2
degree,2
casals,2
possibilities,2
shaped,2
principles,2
fracaso,2
moderna,2
tradition,2
advantage,2
borne,2
closer,2
mula,2
limited,2
remainder,2
política,2
mechanism,2
opposite,2
nal,2
sheet,2
univ,2
papers,2
similarities,2
jornais,2
mechanized,2
task,2
histoire,2
america,2
demography,2
incorporate,2
ventures,2
prior,2
unpub,2
reus,2
entrepreneurs,2
births,2
dutch,2
filadors,2
owners,2
laws,2
holland,2
framework,2
september,2
conflict,2
econòmica,2
estrada,2
madrid,2
spectrum,2
difficulties,2
backgrounds,2
illustrates,2
due,2
premises,2
stillbirths,2
quantifying,2
exist,2
jahrbuch,2
trajectória,2
forced,2
shearing,2
simpson,2
ithaca,2
six,2
compared,2
oeppen,2
estimate,2
drawn,2
pagesos,2
manufactura,2
generation,2
unskilled,2
let,2
purchasing,2
van,2
surnames,2
operation,2
recognized,2
german,2
reflects,2
cohorts,2
textil,2
managers,2
main,2
württemberg,2
debated,2
love,2
adapt,2
reference,2
reher,2
coastal,2
capture,2
opportunity,2
determining,2
annales,2
grew,2
talk,2
certain,2
iglésies,2
list,2
nuptiality,2
category,2
old,2
moved,2
flexibility,2
statistical,2
valls,2
organized,2
linked,2
unimportant,2
perspective,2
ceded,2
beyond,2
vineyards,2
marhles,2
instance,2
guarantee,2
adapting,2
drawing,2
conquest,2
whereas,2
arkwright,2
closely,2
endogenous,2
concentration,2
home,2
harder,2
hands,2
strength,2
flanders,2
demands,2
shared,2
rooms,2
ihomson,2
requirements,2
late,2
left,2
belge,2
war,2
indirect,2
placed,2
repercussions,2
required,2
wide,2
balance,2
failure,2
none,2
having,2
line,2
vives,2
ideal,2
switched,2
prominent,2
ot,2
knowledge,2
reduction,2
confined,2
overview,2
place,2
people,2
documented,2
divided,2
away,2
interpreted,2
conform,2
grain,2
good,2
statistically,2
commerce,2
indicator,2
pere,2
shaping,2
tested,2
next,2
fábrica,2
spanish,2
autonomy,2
transport,2
workshops,2
wider,2
grow,2
brides,2
breaking,2
presence,2
workforce,2
tended,2
core,2
pays,2
results,2
paid,2
distinguishing,2
infants,2
subsequently,2
periods,2
tasks,2
led,2
minor,2
leboutte,2
populations,2
deyon,2
vols,2
successes,2
return,2
landless,2
nearly,2
rodriguez,2
specifying,2
expanded,2
innovation,2
vie,2
security,2
soon,2
technology,2
jour,2
thesis,2
compiled,2
clothing,2
carmona,2
floor,2
largest,2
insights,2
illustrated,2
precios,2
useful,2
volume,2
members,2
lewis,2
support,2
atlàntica,2
stated,2
casarse,2
put,2
lowering,2
experienced,2
residence,2
ban,2
efforts,2
skills,2
cultivated,2
baptisms,2
cambrésis,2
wine,2
break,2
bergadana,2
external,2
fits,2
covered,2
calicoes,2
validity,2
necessary,2
practice,2
bergadanas,2
number,2
cohort,2
smallscale,2
demonstrated,2
credit,2
father,2
worsening,2
range,2
arose,2
mechanization,2
trends,2
elite,2
concern,2
food,2
sold,2
aside,2
ami,2
agusti,2
fruits,2
vii,2
rejected,2
junta,2
authors,2
stress,2
language,2
estructura,2
soldiers,2
held,2
individual,2
allowed,2
function,2
summer,2
parts,2
cotó,2
register,2
catalans,2
aproximado,2
transformacions,2
latter,2
patterns,2
comparing,2
problems,2
meilleure,2
riudebitlles,2
apologetic,2
incompatible,2
bavel,2
rupture,2
availability,2
story,2
equivalent,2
thirsk,2
joint,2
hope,2
reluctant,2
dinàmica,2
factors,2
seasons,2
yields,2
suggestion,2
gutmann,2
irregular,2
mercado,2
casament,2
crucial,2
stocks,2
insufficient,2
becomes,2
alos,2
explotación,2
translation,2
rethinking,2
cadastre,2
transformation,2
protoindustrialisation,2
length,2
owed,2
efficiency,2
existed,2
historiens,2
comercio,2
urbanization,2
itself,2
ferreras,2
pressures,2
historique,2
practised,2
exercised,2
montblanc,2
constant,2
fabré,2
canton,2
extensive,2
caux,2
alternative,2
napoleonic,2
couples,2
guaranteed,2
paper,2
compatibility,2
specialized,2
different,2
ratio,2
peasants,2
gone,2
ph,2
argue,2
harvest,2
impossible,2
cultivation,2
las,2
schofield,2
placing,2
essentially,2
recruiting,2
zürich,2
api,2
gremis,2
purchase,2
investigation,2
transmitted,2
maintain,2
seasonal,2
ceased,2
emphasis,2
urban,2
freedom,2
des,2
middle,2
miscellanea,2
solà,2
thereby,2
daughters,2
introduced,2
marketing,2
giving,2
subject,2
tried,2
lehning,2
lies,2
agents,2
investment,2
sudrià,2
universität,2
mention,2
evidenced,2
xviif,2
iberian,2
models,2
locations,2
difference,2
modal,2
z,2
mode,2
applicable,2
xxxix,2
listings,2
davies,2
mas,2
chassagne,2
attributes,2
effects,2
coton,2
extremely,2
roughly,2
profits,2
vi,2
offered,2
prospects,2
sectors,2
maximum,2
exclusively,2
seek,2
technological,2
drew,2
cited,2
major,2
berga,2
manlleu,1
viajes,1
ticked,1
societat,1
smoke,1
undergraduate,1
nationales,1
o,1
dominating,1
metal,1
oriented,1
sussex,1
xxxvi,1
underpinning,1
estimated,1
stuart,1
curtailed,1
fertile,1
implying,1
cadastres,1
corporate,1
wirtscnajts,1
defy,1
wirtschafts,1
migrated,1
everyone,1
origens,1
resulted,1
insufficiently,1
college,1
asset,1
demogràfica,1
abolition,1
succession,1
outlived,1
stands,1
substratum,1
manuscript,1
pushed,1
germany,1
expect,1
unsuccessful,1
prediction,1
indianés,1
unsatisfactory,1
traded,1
rethink,1
ample,1
barracks,1
identify,1
òpain,1
entries,1
aca,1
live,1
asserted,1
nota,1
països,1
solidarity,1
shy,1
économiques,1
specified,1
llanera,1
dressing,1
tied,1
protection,1
undertaken,1
justified,1
fixed,1
explanatory,1
pau,1
waterframes,1
title,1
occurred,1
harvests,1
traveller,1
garsington,1
something,1
assume,1
bride,1
monograph,1
geografías,1
corresponding,1
tennison,1
test,1
fluctuations,1
accumulation,1
said,1
incomplete,1
consistent,1
cast,1
usa,1
jur,1
barriers,1
mdustriaiitzacio,1
unambiguously,1
exaggerated,1
fund,1
implications,1
give,1
economica,1
motor,1
rapid,1
questioned,1
secretary,1
continuas,1
regió,1
fragmentary,1
bonaolata,1
gainsborough,1
sanitation,1
departure,1
words,1
definition,1
comparatively,1
continue,1
crops,1
leading,1
professions,1
assess,1
credits,1
assertion,1
together,1
remark,1
simple,1
thank,1
origin,1
rich,1
follows,1
government,1
xlxth,1
reveal,1
questionaris,1
liii,1
diarrhoea,1
uncovered,1
rubi,1
matrimoni,1
filats,1
feature,1
date,1
practising,1
zu,1
greatly,1
blackwell,1
dangers,1
untitled,1
headings,1
cereal,1
behind,1
marketed,1
depends,1
growing,1
verifications,1
devries,1
appreciate,1
farrencada,1
narrower,1
ueschicnte,1
badly,1
hélin,1
linear,1
portugal,1
llengua,1
lransitions,1
autonomous,1
money,1
draws,1
advice,1
translations,1
mass,1
draw,1
march,1
vulnerability,1
custom,1
account,1
symbiosis,1
opened,1
jornalero,1
fitting,1
activity,1
condition,1
illustrate,1
reply,1
dl,1
sale,1
fortuny,1
establishing,1
powers,1
october,1
olivella,1
caixa,1
move,1
richard,1
thirdly,1
hanbury,1
vital,1
obvious,1
frustrar,1
taking,1
delay,1
regards,1
x,1
ratef,1
overlooking,1
jornades,1
darrer,1
sobre,1
constrained,1
mountains,1
correlation,1
aragó,1
formula,1
aiguardent,1
identifies,1
tmfrs,1
engage,1
bucking,1
conclusively,1
masks,1
mite,1
amicorum,1
li,1
regarding,1
includes,1
xlvii,1
holders,1
merchants,1
historically,1
òcniumdonm,1
accuracy,1
reverse,1
explained,1
component,1
severe,1
albareda,1
inevitable,1
bucked,1
empresa,1
industrialize,1
hierarchy,1
xxiii,1
machine,1
sociale,1
characteristic,1
campesinas,1
viewing,1
ciarrabou,1
keher,1
pm,1
grouped,1
iqo,1
larly,1
metalwork,1
assessment,1
employing,1
reproduced,1
insofar,1
rooted,1
vanoia,1
glassmaker,1
autònoma,1
cultivate,1
cerns,1
jornal,1
elements,1
developments,1
adopted,1
ation,1
blame,1
truism,1
underlying,1
margarida,1
displays,1
systematically,1
felt,1
convincing,1
contrary,1
outbreaks,1
castilian,1
difficulty,1
provisions,1
reu,1
twice,1
warned,1
equally,1
explore,1
student,1
démographiques,1
look,1
torrents,1
patrons,1
yi,1
stagnation,1
cremar,1
recherches,1
occasion,1
soria,1
sabadeip,1
pronounced,1
hardly,1
conceded,1
cottons,1
unpaginated,1
gomez,1
error,1
cites,1
algodón,1
posited,1
permits,1
simultaneously,1
escaped,1
loo,1
york,1
essential,1
identification,1
operations,1
underway,1
comportements,1
ofvalls,1
tradició,1
managing,1
safley,1
primers,1
generations,1
compatible,1
district,1
illustration,1
tisserands,1
joan,1
influential,1
serra,1
outputs,1
mediterránea,1
afforded,1
arrangements,1
risk,1
protectionist,1
à,1
variant,1
industrialisierung,1
losing,1
assuming,1
liber,1
matched,1
realitat,1
read,1
burials,1
consequences,1
space,1
antrim,1
reason,1
ij,1
bottom,1
conformed,1
muleteers,1
acquisition,1
marketoriented,1
unguilded,1
varying,1
locally,1
maiden,1
cultivators,1
imposing,1
familiar,1
spreading,1
specialization,1
intensive,1
workplace,1
presumably,1
tying,1
driven,1
proposed,1
mechanisms,1
days,1
realities,1
dominate,1
gradually,1
house,1
contemporaries,1
nascent,1
indefinitely,1
largescale,1
show,1
vapor,1
commented,1
max,1
comparisons,1
embedded,1
inputs,1
indications,1
actes,1
organisation,1
obstacles,1
position,1
circulating,1
cost,1
lorras,1
requires,1
uniformly,1
overcame,1
puts,1
econometrie,1
shifted,1
vilades,1
crucially,1
trained,1
decades,1
footnote,1
italics,1
vine,1
methodology,1
cultivating,1
banning,1
fondements,1
distinction,1
ou,1
zuuöj,1
came,1
viros,1
dyeing,1
lead,1
acting,1
priori,1
introduce,1
professionals,1
martinez,1
discount,1
fortunes,1
medicine,1
industrializing,1
begun,1
plot,1
called,1
une,1
sd,1
henceforth,1
pnmeres,1
combinations,1
amsterdam,1
manca,1
strongly,1
resembles,1
seven,1
changed,1
deal,1
changement,1
criticisms,1
events,1
census,1
granojleji,1
zone,1
worker,1
aqualatensia,1
definitiu,1
diet,1
emerge,1
townshios,1
generaciones,1
fo,1
shoes,1
initial,1
synthesize,1
base,1
industrials,1
extracting,1
app,1
respectively,1
share,1
fourth,1
hh,1
furthermore,1
traced,1
pointing,1
focused,1
rent,1
performed,1
skilled,1
stressing,1
fisher,1
treat,1
province,1
matrimoniais,1
appears,1
attracts,1
moderne,1
produced,1
unemployment,1
killers,1
meet,1
inadequately,1
especialitzacio,1
wealth,1
xvii,1
birthday,1
assigning,1
absolute,1
practise,1
method,1
died,1
paraires,1
coin,1
influenced,1
technical,1
kitchen,1
colonies,1
directly,1
hybrid,1
sphere,1
positions,1
network,1
triviality,1
distinguish,1
accounting,1
degrees,1
mule,1
eugenio,1
quart,1
formerly,1
garrabou,1
intense,1
scope,1
residents,1
conca,1
strict,1
manorial,1
preferred,1
clean,1
claim,1
salarios,1
future,1
reversed,1
unless,1
disproving,1
demogràfiques,1
heavily,1
crude,1
corona,1
unpubl,1
norm,1
esp,1
related,1
aged,1
tenure,1
penetrating,1
gender,1
guilded,1
description,1
ten,1
madoz,1
étapes,1
labourer,1
insert,1
whole,1
generalizing,1
describe,1
northwest,1
policies,1
issues,1
partly,1
constitute,1
comas,1
imitations,1
relevance,1
actually,1
centred,1
moià,1
budria,1
bagencs,1
comunidad,1
call,1
matrimonial,1
focuses,1
wierden,1
overviews,1
regional,1
participate,1
predominance,1
seminars,1
manage,1
monopoly,1
savings,1
burden,1
hostility,1
universally,1
société,1
demografía,1
strongest,1
contradictions,1
mules,1
monetary,1
prices,1
preceded,1
causal,1
tone,1
start,1
viable,1
describing,1
commissioning,1
cold,1
lowest,1
aroused,1
lee,1
things,1
stage,1
reliable,1
nine,1
verlagssystems,1
politically,1
dispersa,1
saragossa,1
stimulated,1
emphasizes,1
submit,1
kibe,1
several,1
atlantica,1
characteristics,1
ignore,1
driving,1
june,1
notariales,1
county,1
dramatic,1
manchester,1
choosing,1
climate,1
usual,1
estudis,1
methodological,1
altogether,1
scantily,1
managed,1
barberà,1
generally,1
sonenscher,1
proletarians,1
progressed,1
edad,1
rodríguez,1
wife,1
filling,1
proper,1
describes,1
und,1
roots,1
agricola,1
plausible,1
value,1
grateful,1
finds,1
am,1
pañería,1
rest,1
footwear,1
geographical,1
incentive,1
heritage,1
rétrospective,1
input,1
survived,1
pobles,1
transforming,1
span,1
siècles,1
counteract,1
pob,1
furnished,1
situation,1
business,1
bourbon,1
excludes,1
saw,1
absence,1
plateau,1
practices,1
functioning,1
bringing,1
pobla,1
requirement,1
xvlllth,1
agrari,1
rabassaires,1
wrote,1
indeed,1
koca,1
rights,1
experiencing,1
located,1
toward,1
comparative,1
insiders,1
homerton,1
viticultura,1
intended,1
argues,1
forward,1
göttingen,1
contemporània,1
international,1
opposed,1
thrive,1
building,1
july,1
stepson,1
tor,1
indicates,1
wines,1
experiences,1
wheels,1
builders,1
vries,1
eldest,1
movement,1
roads,1
unfamiliar,1
backed,1
hold,1
adapted,1
structural,1
codines,1
percentage,1
guide,1
contributing,1
collect,1
simultaneous,1
criticism,1
edited,1
relied,1
housing,1
breastfed,1
observer,1
politica,1
excessively,1
rules,1
thought,1
miscel,1
array,1
upwards,1
us,1
neither,1
lladó,1
index,1
recruited,1
perceived,1
tax,1
participants,1
falls,1
cod,1
extinction,1
perspectives,1
light,1
replying,1
keeping,1
abandon,1
aux,1
newcomer,1
treus,1
gramunt,1
switch,1
acknowledging,1
odds,1
maquinaria,1
disrupted,1
councillors,1
birol,1
crermany,1
subsistence,1
frameworks,1
etienne,1
debtors,1
kms,1
payments,1
fairly,1
landownership,1
declining,1
chose,1
street,1
shops,1
inhabitants,1
lleida,1
industriales,1
name,1
successfully,1
precocious,1
law,1
shortening,1
death,1
pointed,1
printing,1
notarial,1
blip,1
smith,1
treball,1
introdúcelo,1
usefulness,1
capitalista,1
bordering,1
siquaiatensia,1
tmfr,1
uses,1
cernían,1
maternal,1
consideration,1
fundamental,1
scholars,1
stimulus,1
tos,1
pressure,1
prepared,1
reverted,1
appeared,1
striking,1
exclusion,1
immigració,1
yterrassa,1
emphyteutic,1
tariff,1
educated,1
teenage,1
lumpiness,1
somewhere,1
debates,1
remain,1
démographie,1
arthur,1
doubt,1
variation,1
considerable,1
parallel,1
man,1
birstall,1
documents,1
never,1
granollers,1
adjacent,1
geography,1
riding,1
centre,1
hopelessness,1
ur,1
model,1
manner,1
discussing,1
road,1
thirties,1
purposes,1
equitable,1
relevant,1
ultimately,1
potentially,1
tell,1
eulalia,1
fibre,1
por,1
focusing,1
igualadi,1
frequency,1
als,1
ignoring,1
économistes,1
style,1
coined,1
admittedly,1
shifts,1
compete,1
encountered,1
spindles,1
fight,1
calculation,1
published,1
hechos,1
reorganize,1
commercialized,1
recognizing,1
displace,1
ine,1
sheilagh,1
situated,1
finish,1
supplies,1
familiares,1
survive,1
considering,1
aulet,1
agricoles,1
outwards,1
sides,1
formal,1
cátala,1
enhanced,1
noticia,1
manufactured,1
depended,1
contacts,1
máquina,1
ö,1
medium,1
tighter,1
lvii,1
stockings,1
controlling,1
asian,1
philologie,1
expression,1
combining,1
hypotheses,1
sidestep,1
operated,1
wonderful,1
rivers,1
refers,1
privileges,1
emigrated,1
products,1
labourers,1
net,1
underestimates,1
resulting,1
questions,1
processes,1
rare,1
like,1
meitat,1
nothing,1
examination,1
national,1
distributions,1
raising,1
sees,1
apps,1
improvements,1
calico,1
unsuited,1
optimistic,1
nevertheless,1
initiatives,1
theoretical,1
netherlands,1
primera,1
cultura,1
passim,1
open,1
exports,1
lexicografia,1
whoever,1
reward,1
adding,1
estudi,1
op,1
profession,1
accounted,1
dominated,1
satchell,1
histórica,1
reap,1
lello,1
wits,1
keep,1
powerful,1
revised,1
ny,1
spread,1
rewarded,1
ofauffay,1
caso,1
schempp,1
mountain,1
easter,1
minority,1
shortly,1
proximity,1
black,1
martin,1
municipal,1
exchange,1
quick,1
fulling,1
outcomes,1
systems,1
toledo,1
geographies,1
methods,1
trebalp,1
relation,1
sight,1
examine,1
expectations,1
excluded,1
construction,1
james,1
claiming,1
comfortably,1
probably,1
looks,1
afinais,1
dominance,1
present,1
northern,1
reproducción,1
ground,1
riquer,1
occupied,1
prerequisites,1
desfeta,1
occupy,1
ago,1
tenuous,1
rhiannon,1
permit,1
hopeless,1
concluded,1
proletarianization,1
igualadans,1
cereals,1
operating,1
fails,1
enough,1
profitable,1
blat,1
asking,1
celibacy,1
healthier,1
escaping,1
abstracting,1
lviii,1
cotonerà,1
imply,1
me,1
seasonally,1
registre,1
unidades,1
publishing,1
lanera,1
indicators,1
fertilise,1
bulk,1
sometimes,1
chance,1
usually,1
foreign,1
hectare,1
developing,1
testing,1
claimed,1
fully,1
reasonable,1
exacerbated,1
arqueologia,1
kine,1
favour,1
lillet,1
andwierden,1
substitution,1
institutions,1
referred,1
detailed,1
chimney,1
returned,1
colbert,1
belied,1
salaries,1
masats,1
recognize,1
indicate,1
countries,1
linking,1
evolution,1
rreus,1
esparraguera,1
responsible,1
dans,1
extra,1
cla,1
hierarchical,1
quite,1
francese,1
lliures,1
discernible,1
sheds,1
scholarship,1
sack,1
bypass,1
fluctuate,1
instances,1
face,1
ocupació,1
kilometres,1
boixareu,1
documentation,1
investigate,1
dowries,1
rigorous,1
influencing,1
blurred,1
forest,1
meant,1
uevolució,1
founders,1
quantitative,1
dissertation,1
extensió,1
spun,1
wars,1
rarely,1
then,1
thinking,1
takes,1
canvi,1
protracted,1
teixits,1
hilatura,1
broke,1
esquema,1
decadencia,1
fabricación,1
girona,1
version,1
norms,1
conjunction,1
banco,1
mercantile,1
must,1
ekin,1
celibatiu,1
notícia,1
proporcionada,1
termed,1
extension,1
iyt,1
shop,1
revolución,1
ludor,1
specific,1
vacant,1
membership,1
record,1
narrowly,1
doi,1
text,1
funding,1
offers,1
minimization,1
cover,1
òitja,1
dimension,1
checklist,1
unavailable,1
each,1
owing,1
larruga,1
country,1
altres,1
environment,1
cm,1
rented,1
nobility,1
auxiliary,1
connection,1
setting,1
referees,1
best,1
estratègies,1
printed,1
lania,1
half,1
acutely,1
capacity,1
eventually,1
foundation,1
brothers,1
draperia,1
houses,1
longstanding,1
ordered,1
waged,1
geschichte,1
sought,1
cities,1
examining,1
kaufsystems,1
procès,1
contributory,1
thompson,1
construcció,1
pour,1
ideally,1
latest,1
following,1
für,1
beginning,1
widowed,1
sexual,1
defend,1
regulations,1
drop,1
virtual,1
unlikely,1
heads,1
completion,1
muntadas,1
notable,1
implicit,1
prefers,1
meclick,1
stability,1
reconstituted,1
migratory,1
namely,1
making,1
yielded,1
suffices,1
roca,1
creació,1
noticeable,1
agricultural,1
firmly,1
interval,1
shortages,1
landowning,1
penetration,1
problem,1
embranzida,1
crart,1
tending,1
poblado,1
prepare,1
parroquial,1
healthy,1
secure,1
jviora,1
malaria,1
serie,1
abans,1
visible,1
organització,1
vineyard,1
evolució,1
wove,1
tempting,1
espagne,1
categories,1
ses,1
incredible,1
aragon,1
persistently,1
octubre,1
circumstances,1
recognition,1
ill,1
overseeing,1
met,1
istorrents,1
progress,1
fair,1
micro,1
vagaries,1
duty,1
mayor,1
netherland,1
censuses,1
ofvilanova,1
impose,1
administration,1
returning,1
went,1
confronted,1
ceding,1
possessions,1
underestimate,1
ranks,1
challenges,1
world,1
exceptionally,1
aims,1
gain,1
plana,1
complaints,1
relates,1
jplleida,1
come,1
totalling,1
buying,1
false,1
dels,1
promoted,1
devoted,1
pace,1
unable,1
invasion,1
background,1
catalán,1
dangerous,1
municipi,1
conditions,1
institutional,1
bergadanes,1
accept,1
completed,1
wish,1
twisting,1
corrective,1
contributed,1
enabling,1
distillery,1
consumption,1
lligall,1
sur,1
idealized,1
prosperity,1
defined,1
seeks,1
attempted,1
oiler,1
barly,1
classification,1
roles,1
summary,1
enclosed,1
anonymous,1
needs,1
castile,1
modilianum,1
avila,1
artisan,1
rosenband,1
assumed,1
valuable,1
ser,1
obtainment,1
interdisciplinary,1
broadening,1
rejection,1
overcrowding,1
vary,1
reached,1
bergadà,1
debate,1
pobra,1
martínez,1
element,1
severely,1
develop,1
abandoned,1
auxiliaries,1
focus,1
artisanal,1
uk,1
ends,1
observed,1
concise,1
fabrica,1
owe,1
manuscrits,1
scanty,1
indicating,1
showed,1
linearity,1
tneir,1
delayed,1
anoia,1
occur,1
heterogeneous,1
