WORDCOUNTS,WEIGHT
the,218
and,155
of,144
to,98
in,90
a,66
capitalism,50
as,47
multinational,46
that,45
is,44
for,32
enterprise,30
within,27
from,25
on,25
not,24
or,24
by,24
are,22
what,22
multinationals,22
it,21
they,21
be,21
have,20
country,19
business,19
varieties,19
host,18
can,17
countries,16
one,16
but,16
enterprises,16
economic,15
capitalist,15
there,15
this,15
different,14
time,14
firms,14
their,13
with,13
was,13
national,13
systems,13
s,12
its,12
which,12
were,12
new,11
an,11
at,10
history,10
another,10
international,10
does,9
over,9
abroad,9
also,9
i,9
so,9
foreign,8
how,8
only,8
markets,8
may,8
states,8
roundtable,8
no,7
if,7
been,7
often,7
these,7
more,7
my,7
able,7
state,7
see,7
system,7
has,7
some,7
economies,7
individual,7
when,7
york,6
mira,6
home,6
many,6
do,6
economy,6
firm,6
example,6
small,6
wilkins,6
activities,6
now,5
american,5
united,5
rules,5
then,5
ed,5
all,5
had,5
global,5
government,5
other,5
regulations,5
transfers,5
particular,5
free,5
well,5
basis,5
nation,5
research,5
revenues,5
vary,5
through,5
we,5
should,5
model,4
where,4
way,4
process,4
headquartered,4
why,4
companies,4
us,4
contributions,4
clearly,4
frequently,4
too,4
most,4
stewart,4
long,4
definition,4
extent,4
borders,4
differences,4
absorption,4
however,4
while,4
variations,4
including,4
abo,4
use,4
policies,4
simmons,4
absorb,4
change,4
would,4
family,4
transfer,4
governments,4
industry,4
presence,4
oxford,4
single,4
businesses,4
even,4
re,4
nations,3
moreover,3
multi,3
indeed,3
toward,3
comparative,3
defining,3
market,3
who,3
study,3
about,3
understand,3
me,3
protection,3
into,3
tax,3
title,3
before,3
same,3
impact,3
must,3
linkage,3
certainly,3
sweden,3
book,3
others,3
nature,3
geoffrey,3
capital,3
did,3
advantage,3
found,3
out,3
transferred,3
transactions,3
than,3
literature,3
sharply,3
perhaps,3
hall,3
notion,3
private,3
those,3
oil,3
middle,3
part,3
related,3
role,3
comment,3
come,3
review,3
germany,3
years,3
development,3
de,3
course,3
jones,3
century,3
latter,3
back,3
between,3
instance,3
much,3
growth,3
manner,2
democracy,2
f,2
topic,2
tetsuo,2
m,2
note,2
without,2
imitate,2
george,2
tion,2
soviet,2
yugoslavia,2
trans,2
determine,2
goes,2
introduction,2
interactions,2
experiences,2
b,2
recognize,2
try,2
tions,2
identify,2
cases,2
linkages,2
competition,2
ing,2
computer,2
yet,2
parent,2
advanced,2
modern,2
benefits,2
affect,2
operates,2
publicly,2
thinking,2
historian,2
choices,2
matter,2
generally,2
nationals,2
mocracy,2
contexts,2
w,2
two,2
operate,2
ever,2
said,2
pace,2
japanese,2
ideas,2
sometimes,2
sector,2
beyond,2
varian,2
volume,2
acquisitions,2
production,2
command,2
heterogeneity,2
important,2
capi,2
prises,2
social,2
view,2
develops,2
subsidiaries,2
came,2
longer,2
scholars,2
societies,2
historical,2
argue,2
undertake,2
p,2
any,2
obviously,2
soskice,2
far,2
entrepreneurial,2
take,2
passage,2
reasons,2
persistence,2
v,2
present,2
knows,2
political,2
successes,2
viet,2
war,2
developing,2
mediated,2
context,2
income,2
cannot,2
want,2
outside,2
norms,2
attitudes,2
saudi,2
multina,2
theory,2
distribution,2
adaptation,2
package,2
number,2
going,2
america,2
because,2
aspects,2
such,2
explored,2
will,2
homogeneity,2
local,2
becomes,2
work,2
considering,2
managerial,2
bibliography,2
range,2
obvious,2
circumstances,2
helps,2
true,2
diffused,2
knowledge,2
courses,2
develop,2
became,2
enter,2
expand,2
acquires,2
findings,2
religion,2
traded,2
combining,2
fit,2
place,2
challenges,2
definitions,2
expertise,2
questions,2
stimulate,2
build,2
thus,2
systematic,2
students,2
fact,2
both,2
own,2
crises,2
insights,2
conditions,2
peter,2
relatively,2
move,2
advantageous,2
successful,2
manners,2
type,2
attributes,2
effects,2
learning,2
defined,2
ment,2
socialism,2
phrase,2
ward,2
ap,2
likewise,2
times,2
characteristics,2
charles,2
few,2
june,2
employees,2
become,2
corporations,2
era,2
learn,2
up,2
journal,2
looked,2
ownership,2
world,2
among,2
sustained,2
cross,2
businessman,2
general,2
delineate,2
cultural,2
quaint,2
ones,2
society,2
industries,1
believers,1
enough,1
lesser,1
rachel,1
combi,1
divergence,1
ments,1
go,1
hosts,1
happen,1
accumulate,1
makes,1
ism,1
inward,1
transportation,1
he,1
transform,1
actors,1
recognized,1
surface,1
hoping,1
communist,1
critics,1
backward,1
mitigate,1
pres,1
automatically,1
perspectives,1
advocate,1
stu,1
reagan,1
absence,1
convergence,1
constitutes,1
externalities,1
horizontal,1
operations,1
evolve,1
logistical,1
provide,1
his,1
managers,1
strictures,1
later,1
compara,1
bring,1
meaning,1
performance,1
complexities,1
groups,1
across,1
short,1
know,1
suc,1
knowhow,1
created,1
labeled,1
faceted,1
rugman,1
masaru,1
effi,1
represent,1
employment,1
en,1
na,1
onward,1
vertical,1
environmental,1
lines,1
persists,1
nec,1
tegrated,1
capture,1
intriguing,1
lated,1
brings,1
constraints,1
get,1
success,1
ple,1
active,1
combine,1
tive,1
outline,1
dealt,1
mar,1
send,1
parcel,1
arabia,1
economists,1
effectively,1
berlin,1
forth,1
comments,1
holders,1
expect,1
standing,1
went,1
importance,1
adjustments,1
interesting,1
direct,1
troduced,1
ongoing,1
regulatory,1
boundaries,1
decisions,1
innovation,1
life,1
changes,1
breakup,1
offerings,1
nonsocialist,1
remain,1
supplier,1
enhance,1
diverge,1
essays,1
acemoglu,1
fall,1
consequences,1
communications,1
tures,1
extremes,1
table,1
transmit,1
crisis,1
edited,1
sets,1
ways,1
tionals,1
types,1
sciences,1
liability,1
citizens,1
involve,1
exceptional,1
approaches,1
rulings,1
itself,1
opportunities,1
face,1
addition,1
articles,1
studies,1
communication,1
surpass,1
marquis,1
serve,1
studying,1
joseph,1
obtain,1
plus,1
earnings,1
notwithstanding,1
spotlights,1
cam,1
seeing,1
technology,1
alized,1
considered,1
university,1
coterie,1
matters,1
detail,1
organization,1
key,1
periods,1
thesis,1
grounded,1
locale,1
ian,1
familiar,1
today,1
inequality,1
behavior,1
posner,1
planned,1
cessful,1
total,1
considerations,1
teaches,1
outsider,1
wins,1
factor,1
elsewhere,1
sys,1
quoted,1
accomplishments,1
constrain,1
something,1
gov,1
cloning,1
tentative,1
affects,1
source,1
prac,1
families,1
taxable,1
costs,1
formidable,1
influ,1
japan,1
borrow,1
experience,1
begins,1
superior,1
retard,1
round,1
proach,1
reprinted,1
continues,1
comes,1
sociated,1
picture,1
published,1
considers,1
tech,1
trademarks,1
invests,1
wrong,1
alteration,1
management,1
every,1
labor,1
sis,1
proxies,1
problems,1
goals,1
pierre,1
subsidiary,1
ferings,1
shifted,1
expropriated,1
coexist,1
set,1
endeavors,1
challenge,1
ii,1
inseparable,1
cover,1
ernment,1
factory,1
produc,1
figure,1
contrasted,1
trained,1
decades,1
investments,1
elusive,1
pointed,1
sizable,1
varies,1
actual,1
corporate,1
intellectual,1
allow,1
disappeared,1
degree,1
union,1
added,1
goal,1
greater,1
j,1
excel,1
nationalized,1
terprises,1
joyce,1
worth,1
share,1
based,1
shows,1
entrepreneurs,1
interested,1
arrange,1
location,1
nothing,1
copy,1
aldershot,1
nancial,1
necessarily,1
incorporating,1
ubiquitous,1
hybrid,1
nineteenth,1
revenue,1
histories,1
argument,1
straightforward,1
rial,1
great,1
beliefs,1
wall,1
surprised,1
essence,1
domestic,1
throughout,1
distance,1
desirable,1
generated,1
fully,1
last,1
condi,1
deal,1
banks,1
argu,1
australian,1
end,1
centrally,1
gleaning,1
hertner,1
light,1
everything,1
antitrust,1
identical,1
takeshi,1
persist,1
essarily,1
subsequent,1
pect,1
past,1
discussed,1
mass,1
failures,1
external,1
globalization,1
sponses,1
forms,1
lead,1
tokyo,1
disseminate,1
took,1
resembled,1
handbook,1
implication,1
greatly,1
respond,1
robert,1
traced,1
chinese,1
understood,1
game,1
tinational,1
speed,1
discuss,1
china,1
alike,1
somewhat,1
relations,1
behind,1
reviews,1
discover,1
similar,1
dissimilarities,1
existing,1
answers,1
them,1
appears,1
whether,1
terms,1
form,1
list,1
making,1
involvement,1
coexisted,1
case,1
hile,1
explicit,1
patents,1
record,1
plies,1
existence,1
mediation,1
refinements,1
guarantee,1
mccleary,1
quired,1
dividual,1
nical,1
books,1
governance,1
historians,1
wide,1
style,1
task,1
adapts,1
tems,1
adverse,1
u,1
allocate,1
heed,1
saying,1
create,1
optimize,1
hitler,1
tory,1
foreignness,1
percent,1
failure,1
shape,1
tivity,1
vol,1
property,1
insight,1
account,1
almost,1
minimal,1
participation,1
sombart,1
reflec,1
possible,1
r,1
developed,1
degrees,1
understanding,1
technologies,1
sumption,1
queries,1
vast,1
size,1
discussion,1
dissimilar,1
popular,1
establishing,1
player,1
yuzawa,1
reaction,1
alter,1
made,1
talism,1
richard,1
start,1
disagree,1
owner,1
encompass,1
careful,1
economist,1
childs,1
recognition,1
west,1
tings,1
point,1
except,1
acquire,1
taxed,1
hen,1
very,1
introduced,1
enhanced,1
resources,1
stimulating,1
laws,1
providing,1
bullet,1
dynamic,1
esp,1
along,1
anew,1
constrained,1
ac,1
investing,1
routinely,1
minority,1
tral,1
transition,1
empha,1
happens,1
illusion,1
diffusion,1
engineers,1
operated,1
wonderful,1
referencing,1
sign,1
emphasize,1
manufacturing,1
cursory,1
udagawa,1
assume,1
issues,1
broad,1
diversity,1
facets,1
beginnings,1
automatic,1
expanded,1
keep,1
succeed,1
economically,1
writing,1
pharmaceuticals,1
relies,1
central,1
story,1
varied,1
services,1
continue,1
our,1
fer,1
first,1
ployed,1
connotes,1
legal,1
coun,1
collapse,1
improvements,1
bremmer,1
employed,1
language,1
believes,1
overseas,1
devoted,1
until,1
ex,1
street,1
advance,1
manage,1
used,1
spectrum,1
unable,1
alan,1
fi,1
ence,1
ferred,1
run,1
zones,1
challenging,1
midto,1
retrospectively,1
initial,1
three,1
dominated,1
initially,1
tional,1
generator,1
relentless,1
bor,1
magic,1
natorial,1
certain,1
washington,1
daron,1
hal,1
imperative,1
ven,1
taxation,1
faces,1
yared,1
integral,1
multiplicity,1
dents,1
exam,1
deals,1
discussing,1
openness,1
mixed,1
least,1
david,1
include,1
although,1
consumer,1
indicator,1
talist,1
virtue,1
caused,1
walter,1
friedman,1
like,1
field,1
rationales,1
tacit,1
inherent,1
workers,1
convention,1
product,1
revolution,1
ability,1
socialist,1
features,1
thoughtful,1
integration,1
generation,1
lie,1
involvements,1
configurations,1
offer,1
earlier,1
stimulated,1
amorphous,1
appleby,1
owned,1
quite,1
internalize,1
provides,1
segment,1
lose,1
emerging,1
religious,1
bank,1
robinson,1
corrupt,1
around,1
better,1
talents,1
underlying,1
eco,1
thousand,1
refreshing,1
consensus,1
profound,1
amount,1
concerns,1
article,1
contrary,1
commentators,1
trying,1
bridge,1
mining,1
response,1
methods,1
technicians,1
schumpeter,1
counterproductive,1
themselves,1
large,1
dates,1
overcome,1
unlikely,1
scholarship,1
topics,1
soskiee,1
diversified,1
effective,1
banking,1
differing,1
innovate,1
ent,1
barro,1
engages,1
find,1
james,1
partial,1
barely,1
seeking,1
substantial,1
mul,1
multiunit,1
unfettered,1
innovators,1
entire,1
gambit,1
given,1
pays,1
productivity,1
look,1
casts,1
cacy,1
focus,1
row,1
mature,1
technological,1
haven,1
tices,1
affiliates,1
traditions,1
relative,1
nomic,1
joint,1
florida,1
dur,1
fers,1
encyclopedia,1
assists,1
basically,1
embodied,1
asked,1
doing,1
cen,1
passive,1
administra,1
immigration,1
unrelated,1
rest,1
negative,1
occur,1
tivities,1
invest,1
seemed,1
outposts,1
perform,1
separate,1
werner,1
purchasing,1
