WORDCOUNTS,WEIGHT
the,815
of,540
and,518
in,415
a,303
to,291
lesbian,264
gay,258
that,221
custody,171
court,118
for,117
their,112
as,112
was,108
on,106
children,105
s,101
her,97
by,89
rights,88
mothers,86
with,79
had,78
or,76
parents,73
mother,67
were,65
child,64
case,61
these,61
an,61
from,60
men,53
this,52
new,52
who,52
be,52
lesbians,51
legal,49
fathers,47
sexual,46
would,46
his,43
also,43
they,41
cases,41
family,41
v,41
not,39
at,38
against,37
social,37
see,37
she,37
state,36
york,36
he,36
it,32
judge,31
supreme,30
best,30
women,29
interests,29
law,29
courts,28
heterosexual,28
i,27
green,27
one,26
father,26
orientation,25
could,25
california,25
when,25
judges,25
dr,24
history,23
many,23
journal,22
have,22
homosexual,21
laws,21
only,21
man,21
which,21
nadler,20
lesbianism,20
parenting,19
all,19
sodomy,19
out,19
time,19
did,19
homosexuality,19
states,19
right,18
because,18
decisions,18
after,18
parent,18
often,18
any,18
sexuality,18
american,17
no,17
woman,17
ruling,17
began,17
been,17
parental,17
them,17
both,17
if,16
richard,16
san,16
about,16
decision,16
visitation,15
support,15
based,15
attorneys,15
daughter,15
early,15
even,14
change,14
community,14
but,14
summer,14
between,14
struggle,13
other,13
there,13
such,13
activists,13
my,13
part,13
during,13
made,13
justice,13
fear,13
is,13
son,13
files,13
francisco,13
denied,12
raised,12
political,12
u,12
hall,12
county,12
del,12
issues,12
fought,12
same,12
two,12
martin,12
risher,12
over,12
privacy,12
years,12
unfit,12
being,11
attorney,11
papers,11
folder,11
mary,11
m,11
up,11
box,11
sympathetic,10
said,10
some,10
psychiatrists,10
lyon,10
study,10
n,10
however,10
judicial,10
its,10
involved,10
behalf,10
july,10
phyllis,10
interview,10
period,10
him,10
lha,10
lost,10
living,10
subject,10
glbths,10
although,10
evidence,10
asked,10
groups,9
bias,9
arguing,9
first,9
might,9
divorce,9
those,9
partners,9
stigma,9
may,9
testimony,9
changes,9
university,9
argued,9
activist,9
work,9
psychological,9
lmndf,9
society,9
battle,9
fighting,9
appeals,9
more,9
another,9
like,9
activism,9
constitutional,9
national,9
declared,8
cited,8
author,8
century,8
old,8
aclu,8
than,8
earlier,8
impact,8
isaacson,8
most,8
came,8
public,8
having,8
trial,8
schuster,8
goodman,8
people,8
communities,8
twentieth,8
so,8
losing,8
seattle,8
we,8
where,8
expert,8
partner,8
ruled,8
our,8
way,7
faced,7
likely,7
studies,7
favor,7
into,7
babich,7
possible,7
throughout,7
review,7
left,7
how,7
represented,7
white,7
just,7
threat,7
greater,7
struggles,7
used,7
civil,7
fit,7
has,7
jo,7
away,7
ellen,7
liberation,7
movement,7
members,7
organizations,7
smith,7
keep,7
allowed,7
article,7
relationship,7
are,7
domestic,7
attitudes,7
while,7
ohio,7
through,7
families,7
washington,7
texas,7
d,7
association,7
news,7
testified,7
archives,6
lower,6
worked,6
within,6
money,6
very,6
collection,6
human,6
denying,6
september,6
group,6
courtroom,6
marriage,6
similar,6
b,6
danger,6
apa,6
preference,6
decades,6
result,6
late,6
oklahoma,6
though,6
cultural,6
well,6
spence,6
second,6
wrote,6
hitchens,6
idea,6
including,6
described,6
custodial,6
high,6
never,6
facing,6
can,6
professional,6
increasing,6
continued,6
claimed,6
lawrence,6
united,6
donna,6
awarded,6
virginia,6
lgbt,6
went,6
statute,6
until,6
shift,6
themselves,6
later,5
affected,5
told,5
live,5
psychiatry,5
decade,5
j,5
together,5
system,5
issue,5
prejudice,5
upheld,5
lover,5
large,5
relations,5
battles,5
bernice,5
across,5
win,5
bieber,5
show,5
important,5
found,5
conservative,5
lose,5
r,5
denial,5
loss,5
project,5
published,5
june,5
jullion,5
always,5
visible,5
matter,5
year,5
sex,5
under,5
included,5
socarides,5
efforts,5
maternal,5
hear,5
psychologists,5
original,5
identity,5
use,5
assumption,5
rivers,5
overturned,5
open,5
kept,5
black,5
marilyn,5
seen,5
settled,5
increased,5
dissertation,5
known,5
connection,5
bowers,5
historical,5
pathological,5
feminist,5
pomeroy,5
whether,5
ma,5
freedom,5
involving,5
harm,5
area,5
assumed,5
c,5
fears,5
marmor,5
cite,4
appealed,4
e,4
center,4
formed,4
country,4
before,4
litigation,4
file,4
december,4
either,4
long,4
taken,4
nature,4
desire,4
great,4
argue,4
take,4
damage,4
discussion,4
robert,4
march,4
felt,4
politics,4
activity,4
october,4
mental,4
letter,4
behavior,4
daughters,4
price,4
admitted,4
forced,4
ct,4
times,4
y,4
ngtf,4
poor,4
without,4
karls,4
l,4
angeles,4
knew,4
suffer,4
lay,4
homophobia,4
dykes,4
factors,4
jersey,4
p,4
lived,4
radical,4
carolina,4
further,4
panzino,4
grounds,4
possibility,4
keeping,4
los,4
personal,4
judd,4
good,4
revolution,4
specifically,4
several,4
mitchell,4
few,4
acts,4
presence,4
reported,4
motherhood,4
activities,4
barbara,4
testifying,4
nonetheless,4
letters,4
identified,4
april,4
rulings,4
towards,4
challenged,4
victories,4
majority,4
stated,4
toward,4
fact,4
twenty,4
end,4
lrp,4
outside,4
number,4
fight,4
restrictions,4
own,4
three,4
chaffin,4
held,4
defense,4
households,4
appellate,4
ann,4
separate,4
alaska,4
courting,4
wbai,4
nexus,4
slow,4
statutes,4
force,4
face,4
wardell,4
ordered,4
denials,4
manual,4
supported,4
jeanne,4
half,4
losses,4
explicitly,4
proceedings,4
list,4
leaving,4
gender,4
boston,4
little,4
transition,4
kids,4
think,4
question,4
illinois,4
specific,4
super,4
re,4
much,4
networks,4
north,4
household,4
nodier,3
miller,3
go,3
deny,3
concerned,3
names,3
molesting,3
richman,3
per,3
orthopsychiatry,3
modern,3
estelle,3
negative,3
fund,3
active,3
definition,3
accompanied,3
reasons,3
jill,3
mind,3
focus,3
task,3
retain,3
bisexual,3
along,3
interviews,3
range,3
regarding,3
explained,3
development,3
cott,3
since,3
doctor,3
animosity,3
fleischer,3
afford,3
conducted,3
transgender,3
individual,3
religious,3
concerning,3
six,3
packet,3
find,3
blue,3
generation,3
media,3
barret,3
rather,3
district,3
doctrine,3
process,3
deprived,3
se,3
organization,3
numbers,3
gradually,3
four,3
superior,3
lmu,3
orange,3
hereafter,3
care,3
opinion,3
suggested,3
counsel,3
cynthia,3
opposing,3
color,3
focused,3
michigan,3
record,3
periodical,3
abuse,3
directly,3
psychiatric,3
example,3
nation,3
whole,3
justification,3
newspaper,3
t,3
interracial,3
molestation,3
attention,3
concerns,3
lawyers,3
cincinnati,3
wife,3
proper,3
world,3
crime,3
hooker,3
provided,3
appeal,3
critical,3
therefore,3
frederick,3
condemnation,3
tykes,3
robinson,3
female,3
still,3
argument,3
townend,3
once,3
home,3
al,3
dispute,3
increasingly,3
rise,3
oral,3
stating,3
financial,3
witnesses,3
john,3
hardwick,3
molest,3
hand,3
present,3
haft,3
practice,3
remained,3
argues,3
local,3
discrimination,3
concern,3
individuals,3
profession,3
august,3
revised,3
proximity,3
transcript,3
class,3
become,3
remembers,3
contact,3
saw,3
davies,3
forcier,3
examines,3
visit,3
homosexuals,3
space,3
asking,3
movements,3
sometimes,3
logan,3
widespread,3
referred,3
freedman,3
rosalie,3
months,3
clinical,3
joseph,3
spring,3
control,3
paper,3
growing,3
beginning,3
cal,3
marriages,3
martha,3
city,3
overflow,3
became,3
november,3
writing,3
oakland,3
unable,3
difference,3
cambridge,3
materials,3
publicized,3
crimes,3
socially,3
off,3
repealed,3
anonymous,3
taking,3
era,3
given,3
race,3
final,2
difficult,2
now,2
jury,2
transsexual,2
common,2
college,2
calm,2
appear,2
hearings,2
stripped,2
police,2
prohibitions,2
psychopath,2
true,2
ways,2
o,2
acceptance,2
protection,2
necessarily,2
encourage,2
occurred,2
detrimental,2
overturning,2
cornell,2
pie,2
turning,2
experience,2
kirpatrick,2
stressed,2
herstory,2
coalesced,2
ii,2
implications,2
diego,2
address,2
attempt,2
confirmed,2
georgia,2
copy,2
thank,2
regional,2
able,2
reveal,2
real,2
strength,2
intimacy,2
revise,2
barred,2
daniel,2
visibility,2
backlash,2
citizenship,2
side,2
husband,2
advocates,2
existence,2
roy,2
ridicule,2
recommended,2
marked,2
stance,2
reached,2
solely,2
estranged,2
heterosexuality,2
juvenile,2
permissive,2
uphold,2
sterilization,2
engage,2
mid,2
divorced,2
thus,2
retaining,2
chapters,2
ronald,2
express,2
offer,2
due,2
health,2
demanded,2
audio,2
sacramento,2
mixed,2
decided,2
mailing,2
participating,2
admission,2
copulation,2
rptr,2
medeiros,2
clark,2
bay,2
reinstein,2
difficulty,2
radio,2
compared,2
remarried,2
plaintiff,2
marital,2
bill,2
sun,2
general,2
publicity,2
rates,2
dyke,2
portland,2
alleged,2
whose,2
developed,2
declaring,2
remain,2
spw,2
organizing,2
basic,2
sidoti,2
notion,2
mean,2
conceptions,2
becky,2
risk,2
certain,2
philadelphia,2
unconstitutional,2
dissenting,2
hearing,2
sandy,2
helms,2
front,2
reason,2
katherine,2
day,2
wanted,2
biased,2
battlegrounds,2
retained,2
slowly,2
dated,2
welfare,2
kimberly,2
frequently,2
too,2
benefited,2
beyond,2
followed,2
antithetical,2
contrary,2
advocated,2
union,2
expressed,2
remembered,2
whom,2
allow,2
frye,2
seven,2
deal,2
worker,2
emotionally,2
equal,2
durham,2
war,2
teacher,2
recently,2
wins,2
suffered,2
biases,2
applied,2
excellent,2
brooklyn,2
kinsey,2
opposition,2
percent,2
psychotherapist,2
basis,2
relatives,2
intense,2
received,2
already,2
byron,2
related,2
ten,2
sexually,2
gave,2
longstaff,2
place,2
reynolds,2
broad,2
et,2
surrounding,2
psychologist,2
queer,2
won,2
strengthened,2
grassroots,2
spouses,2
aided,2
detailed,2
least,2
working,2
senator,2
order,2
atmosphere,2
around,2
reporter,2
openly,2
tony,2
brought,2
murdoch,2
deviant,2
nester,2
shad,2
resistance,2
structured,2
reflected,2
florida,2
settle,2
f,2
girl,2
bozett,2
challenge,2
situation,2
various,2
separation,2
gradual,2
comparative,2
spearheaded,2
spend,2
procreation,2
mainstream,2
expanded,2
echo,2
put,2
single,2
guide,2
chronicle,2
racism,2
read,2
thought,2
fights,2
seeing,2
exposure,2
nancy,2
us,2
perceived,2
vows,2
palmer,2
informal,2
assistance,2
teaching,2
ed,2
parties,2
speaking,2
misc,2
longer,2
act,2
successfully,2
suit,2
book,2
request,2
childhood,2
marty,2
again,2
pointed,2
similarly,2
addition,2
experienced,2
lack,2
consideration,2
fundamental,2
conduct,2
areas,2
lives,2
afraid,2
teachers,2
larger,2
estrangement,2
golden,2
pennsylvania,2
discussed,2
advocacy,2
removal,2
oregon,2
accepted,2
native,2
eds,2
books,2
threats,2
free,2
demonstrated,2
private,2
understanding,2
clients,2
success,2
region,2
lake,2
previously,2
gifford,2
findings,2
significant,2
affection,2
engaging,2
ideas,2
option,2
heterosexist,2
discovered,2
agreement,2
dominated,2
essay,2
logic,2
workers,2
gate,2
someone,2
statistically,2
played,2
accused,2
decide,2
especially,2
outcomes,2
effect,2
january,2
seeking,2
refrained,2
figures,2
tendency,2
sandra,2
outright,2
widely,2
twelve,2
christian,2
me,2
chances,2
lovers,2
alex,2
perspectives,2
replied,2
science,2
chance,2
minorities,2
vision,2
plays,2
acanfora,2
program,2
employment,2
celebration,2
male,2
recalled,2
transformation,2
diagnosis,2
life,2
paternal,2
articles,2
susan,2
cam,2
considered,2
school,2
assistant,2
riley,2
publicly,2
fifteen,2
felons,2
girls,2
material,2
believed,2
version,2
must,2
examiner,2
simply,2
ever,2
bernstein,2
know,2
outcome,2
refused,2
reversal,2
commission,2
report,2
then,2
ideological,2
particularly,2
job,2
jody,2
div,2
far,2
longstanding,2
constant,2
petition,2
merely,2
person,2
justify,2
scholarly,2
reactions,2
ones,2
cause,2
lane,2
feb,2
maintain,2
statement,2
remove,2
problem,2
institute,2
boys,2
property,2
influenced,2
precedent,2
almost,2
circuit,2
presented,2
despite,2
voeller,2
role,2
tried,2
assumptions,2
investment,2
arguments,2
come,2
models,2
stigmatization,2
earnestine,2
authored,2
course,2
immorality,2
polled,2
philosophy,2
evelyn,2
offered,2
mason,2
johnson,2
avowed,2
among,2
immoral,2
should,2
connor,2
oí,2
doing,2
resources,2
arizona,2
sumner,1
exhibiting,1
frequent,1
canirting,1
detestable,1
ments,1
does,1
smoke,1
deference,1
madeleine,1
done,1
situate,1
obligations,1
clippings,1
certiorari,1
estimated,1
rehearing,1
sued,1
indicated,1
generated,1
productions,1
tion,1
expand,1
gayfather,1
created,1
commitment,1
appease,1
separated,1
represent,1
pale,1
dangers,1
everyone,1
nationwide,1
pushed,1
protestant,1
jane,1
legitimate,1
happen,1
northeast,1
streips,1
awarding,1
alone,1
adoption,1
schaffner,1
sphere,1
guy,1
village,1
residences,1
replaced,1
deepest,1
carrington,1
kinds,1
bruises,1
agency,1
myth,1
essays,1
monogamous,1
ostracized,1
overdue,1
neighborhoods,1
schools,1
asserted,1
wontan,1
constitutes,1
english,1
sons,1
reopen,1
loomed,1
inconsistent,1
easily,1
commonplace,1
steinhorn,1
supervised,1
ominous,1
spock,1
doubts,1
whiting,1
anthropology,1
backs,1
expecting,1
position,1
justified,1
committee,1
cured,1
unlike,1
compulsory,1
tells,1
husbands,1
discriminatory,1
exceptions,1
something,1
rosemary,1
hereto,1
conjecture,1
permitted,1
fearful,1
laura,1
joe,1
round,1
gittings,1
discretion,1
cv,1
undermine,1
wrong,1
lexington,1
every,1
caroline,1
certainly,1
apas,1
upholding,1
posed,1
regulating,1
exclusive,1
portage,1
give,1
military,1
feeling,1
fraricisco,1
turbulent,1
bemice,1
sunday,1
alienation,1
emerged,1
magazine,1
virulent,1
ourselves,1
analogies,1
england,1
gruccio,1
reestablish,1
strip,1
reach,1
principles,1
prejudices,1
sup,1
continue,1
stringent,1
assertion,1
display,1
momentum,1
witnessing,1
indeed,1
citizens,1
dehabilitating,1
respondents,1
transferred,1
xiii,1
service,1
thanks,1
sayward,1
mississippi,1
pitied,1
survey,1
deemed,1
help,1
ziem,1
greatly,1
blackwell,1
migrated,1
concepts,1
normal,1
advantages,1
ruined,1
diversify,1
letting,1
ambiguous,1
ity,1
engendered,1
unsettling,1
hostile,1
confused,1
threshold,1
stopped,1
context,1
shred,1
similarities,1
leitch,1
ernest,1
gaysweek,1
alfred,1
misogynistic,1
courtrooms,1
reassessed,1
assertions,1
save,1
gayness,1
nearly,1
paved,1
advice,1
sought,1
saying,1
apple,1
discuss,1
licking,1
dreaded,1
account,1
red,1
opened,1
prior,1
capable,1
compelling,1
delivering,1
enforcement,1
haverford,1
drive,1
reaction,1
bibliography,1
kirkpatrick,1
insight,1
perfectly,1
countered,1
regretted,1
feminism,1
brent,1
west,1
apart,1
uphill,1
point,1
say,1
sporadically,1
supervision,1
panic,1
looseness,1
relocated,1
advocating,1
representing,1
sidotti,1
identifies,1
ross,1
sign,1
here,1
shut,1
garden,1
guilty,1
exposed,1
karen,1
winning,1
learned,1
repeatedly,1
preoccupied,1
million,1
amendment,1
kicked,1
comments,1
married,1
endanger,1
abortions,1
historically,1
schoolteacher,1
campbell,1
difficulties,1
immediate,1
abominable,1
countless,1
purges,1
longevity,1
categorized,1
de,1
interest,1
agreeing,1
campaigned,1
criminality,1
hid,1
portray,1
santa,1
popularly,1
heightened,1
laurie,1
forbade,1
overt,1
pay,1
legislators,1
supremacy,1
lessening,1
funds,1
priority,1
progressive,1
turn,1
fountain,1
instant,1
developments,1
recollection,1
evident,1
displays,1
jenner,1
back,1
aconfora,1
body,1
ane,1
response,1
columbia,1
syracuse,1
honesty,1
young,1
graphically,1
ally,1
effective,1
witnessed,1
tacoma,1
rounding,1
unequivocally,1
identifications,1
unfettered,1
reared,1
communication,1
look,1
preserving,1
unspoken,1
apparently,1
loath,1
castro,1
delivered,1
psychologically,1
influence,1
word,1
virtuous,1
unassailable,1
let,1
promised,1
alabama,1
higher,1
failed,1
sixteen,1
historian,1
colour,1
colin,1
remedied,1
reflects,1
silence,1
agitation,1
elwell,1
réévaluation,1
forbidding,1
tway,1
statements,1
districts,1
bring,1
growth,1
aimed,1
federal,1
main,1
stop,1
gonzaga,1
possession,1
sizable,1
explicit,1
levels,1
midwest,1
dealt,1
granted,1
probability,1
persistent,1
eight,1
sarah,1
importance,1
republic,1
direct,1
parts,1
slippery,1
benjamin,1
bryan,1
winters,1
denise,1
believing,1
decisión,1
rules,1
lawyer,1
gratitude,1
hackensack,1
awareness,1
practicing,1
overlooked,1
armanno,1
fade,1
sally,1
firing,1
thomas,1
harmed,1
accounts,1
eighteen,1
send,1
conciliation,1
affect,1
immigrant,1
established,1
familiar,1
repeated,1
roev,1
emergence,1
consolidate,1
wouldn,1
linked,1
amid,1
section,1
edition,1
air,1
bruce,1
house,1
weinstein,1
delgado,1
situations,1
proven,1
puberty,1
montgomery,1
democratic,1
filed,1
commented,1
gloucester,1
additional,1
powerful,1
longed,1
follow,1
passed,1
advocate,1
officer,1
defeat,1
indications,1
jil,1
generally,1
dinah,1
nominee,1
transcripts,1
glbt,1
utah,1
victorian,1
tyler,1
rendered,1
buoyed,1
helped,1
testify,1
ostracism,1
strategy,1
drawing,1
victimization,1
custodian,1
conflicts,1
atlanta,1
margareth,1
hours,1
pelvic,1
archivists,1
affiliated,1
affordable,1
bearing,1
declined,1
societies,1
harder,1
histories,1
rule,1
begun,1
hands,1
chipped,1
called,1
traditionally,1
tribunal,1
inappropriate,1
effort,1
prying,1
vulnerability,1
demands,1
lewin,1
pass,1
criticisms,1
events,1
disorders,1
vigorous,1
employee,1
base,1
declare,1
experts,1
respects,1
big,1
app,1
handbook,1
companion,1
abandon,1
fourth,1
topics,1
equally,1
achtenberg,1
parenthood,1
founder,1
traits,1
informed,1
dropped,1
incarcerated,1
birthrate,1
stressing,1
harassment,1
criminalization,1
persons,1
cannot,1
younger,1
intertwined,1
energy,1
roe,1
darlene,1
confirmation,1
guidance,1
jessica,1
required,1
facilities,1
necessities,1
negotiated,1
seventies,1
fundamentalism,1
molesters,1
information,1
receive,1
aspects,1
repealing,1
representatives,1
gained,1
postwar,1
network,1
invisible,1
journals,1
foresaw,1
arid,1
bolster,1
spheres,1
bryon,1
vote,1
claim,1
future,1
struck,1
prominent,1
significantly,1
heavily,1
advancement,1
ot,1
sharon,1
norm,1
secret,1
lynda,1
elizabeth,1
criticized,1
reminded,1
barren,1
got,1
overview,1
couched,1
waived,1
collective,1
reportedly,1
warranted,1
blade,1
participated,1
dentón,1
irving,1
call,1
poll,1
weekly,1
reflect,1
suing,1
employed,1
proscriptions,1
showing,1
stanford,1
president,1
mom,1
week,1
hostility,1
league,1
alliance,1
fier,1
challenging,1
weeks,1
affidavits,1
manifestation,1
rewritten,1
annotated,1
circumventing,1
foreman,1
kentucky,1
responses,1
officials,1
normally,1
level,1
hard,1
field,1
bayer,1
suggest,1
hired,1
trading,1
next,1
lois,1
politically,1
heart,1
acted,1
event,1
briefs,1
psychopathology,1
jailed,1
sufficient,1
exemplifies,1
highly,1
components,1
resolution,1
oe,1
hiv,1
master,1
invaluable,1
postdoctoral,1
massachusetts,1
decline,1
climate,1
weapons,1
tended,1
condemned,1
crux,1
tip,1
inability,1
dependent,1
slim,1
appiè,1
sparticist,1
roots,1
sappho,1
notes,1
criminals,1
moved,1
rest,1
gordon,1
promising,1
anglo,1
objected,1
consenting,1
subsequently,1
advertised,1
africanamericans,1
will,1
sidney,1
revolved,1
republican,1
laughed,1
usable,1
womanhood,1
led,1
audrey,1
underground,1
scout,1
bezio,1
minor,1
positions,1
clara,1
absence,1
antiquated,1
practices,1
spelled,1
protecting,1
troop,1
exspouses,1
psychically,1
atypical,1
trepidation,1
action,1
hide,1
expansion,1
limited,1
play,1
tide,1
acknowledged,1
classic,1
everpresent,1
albany,1
terrified,1
exception,1
gaining,1
convince,1
says,1
make,1
conceived,1
daytime,1
boy,1
goodmans,1
cfc,1
seemingly,1
surveyed,1
inhabited,1
va,1
direction,1
improper,1
biological,1
undergo,1
allegations,1
criticism,1
relied,1
yet,1
thursday,1
sociologists,1
makes,1
devotion,1
soon,1
hegemonic,1
caveat,1
fifth,1
restricted,1
ne,1
latitude,1
termination,1
favorable,1
relinquish,1
thesis,1
compiled,1
participants,1
orders,1
liberties,1
pioneered,1
performed,1
lacked,1
experiment,1
department,1
reports,1
records,1
vermont,1
bar,1
raids,1
picture,1
double,1
love,1
chose,1
fellow,1
persuade,1
legible,1
leader,1
name,1
respondent,1
attacks,1
waves,1
business,1
crucial,1
renewed,1
academy,1
clinicians,1
reporting,1
ask,1
joyce,1
shows,1
traceable,1
faster,1
admit,1
stories,1
voicing,1
sleep,1
agree,1
appeared,1
iceberg,1
admissible,1
disturbed,1
choice,1
inevitably,1
outdated,1
educated,1
lippe,1
named,1
granting,1
overwhelmingly,1
contemporary,1
substantially,1
doubt,1
inherently,1
impending,1
nuclear,1
vt,1
vilification,1
rhetoric,1
forms,1
thetford,1
took,1
racist,1
drove,1
accusations,1
do,1
pedophiles,1
risked,1
ron,1
puerto,1
model,1
forciert,1
discussing,1
liberalism,1
couldn,1
blount,1
continuing,1
existing,1
palmare,1
vulnerable,1
jobs,1
jenny,1
shown,1
less,1
tell,1
immature,1
council,1
castration,1
ahead,1
deep,1
twins,1
untoward,1
remarked,1
belief,1
assault,1
guarantees,1
mercy,1
hecause,1
gives,1
shifts,1
going,1
elaine,1
remarkably,1
recommend,1
fled,1
presentation,1
panics,1
agenda,1
repudiation,1
lobbying,1
kansas,1
classes,1
exhibit,1
casual,1
extended,1
secured,1
campaigns,1
disease,1
link,1
heralded,1
examples,1
caring,1
birth,1
northampton,1
disagree,1
hundred,1
cult,1
defied,1
powerless,1
depended,1
looking,1
discrediting,1
herself,1
empirical,1
honorable,1
hidden,1
backwoods,1
determining,1
largely,1
fourteenth,1
factor,1
ponzino,1
perception,1
collaborative,1
admonishment,1
energized,1
questions,1
evolution,1
trend,1
circumstance,1
engaged,1
sible,1
aids,1
examination,1
stay,1
diagnosed,1
raising,1
previous,1
galvanized,1
mj,1
charges,1
catherine,1
purpura,1
low,1
erasure,1
clear,1
moral,1
benkov,1
directed,1
authors,1
stress,1
welcomed,1
publication,1
victory,1
supportive,1
ancestry,1
deb,1
homes,1
anne,1
started,1
characterized,1
ny,1
unpub,1
reformers,1
ywca,1
ongoing,1
serves,1
lobbied,1
daddy,1
filled,1
illicit,1
dekalb,1
standard,1
armao,1
actively,1
sidestepped,1
graphical,1
gets,1
wasn,1
legislatures,1
special,1
behind,1
ensued,1
chapel,1
relation,1
mikki,1
teach,1
masculine,1
enjoyed,1
structure,1
echoed,1
criminology,1
henry,1
claiming,1
probably,1
differ,1
northern,1
attracted,1
morris,1
ground,1
herrings,1
connections,1
attend,1
jerry,1
caution,1
embodied,1
irresponsible,1
karlis,1
sole,1
pleas,1
limiting,1
reinventing,1
dealing,1
european,1
rico,1
oxford,1
fifty,1
mnd,1
kaplan,1
tests,1
shit,1
signs,1
fueled,1
peers,1
lot,1
bars,1
washed,1
usually,1
five,1
criminal,1
relieved,1
naturally,1
practitioners,1
suspected,1
hill,1
rearticulating,1
qender,1
begin,1
inside,1
arduous,1
marcus,1
institutions,1
get,1
recourse,1
interfere,1
benna,1
strongly,1
ordering,1
privileges,1
worse,1
effectively,1
requests,1
anxiety,1
rapidly,1
try,1
linking,1
madeline,1
why,1
construction,1
analysis,1
ìmwrence,1
existed,1
fall,1
understand,1
hope,1
transferring,1
composed,1
education,1
extremely,1
psychiatrist,1
itself,1
doidge,1
results,1
tantamount,1
drewes,1
stipulation,1
regularly,1
earliest,1
matters,1
detail,1
founders,1
meant,1
share,1
wars,1
punished,1
exercised,1
eventually,1
mcdonald,1
ual,1
lished,1
genderblind,1
mentioned,1
comparison,1
founded,1
extensive,1
wear,1
dissident,1
scrutiny,1
accorded,1
constructed,1
colleagues,1
symbol,1
accomplished,1
offers,1
drew,1
sustained,1
set,1
jeremiah,1
couples,1
quickly,1
legislature,1
berkeley,1
clackamas,1
mutually,1
principle,1
tendencies,1
each,1
sure,1
ß,1
fault,1
halt,1
environment,1
different,1
expanding,1
pasadena,1
board,1
authorities,1
believe,1
illnesses,1
down,1
sent,1
comfort,1
expense,1
constructions,1
visiting,1
emphasis,1
allied,1
speech,1
euphemism,1
impossible,1
written,1
precarious,1
visits,1
ridiculously,1
identities,1
dade,1
placing,1
mass,1
disputes,1
rural,1
quoted,1
gerber,1
assessment,1
february,1
recruiting,1
better,1
places,1
phd,1
william,1
born,1
none,1
concertedly,1
nestor,1
steal,1
sue,1
recollections,1
deviants,1
answered,1
award,1
month,1
combined,1
circles,1
adults,1
form,1
making,1
involvement,1
want,1
particular,1
sociology,1
cty,1
coerced,1
suspicions,1
theory,1
samesex,1
consisting,1
reopened,1
chancery,1
glorification,1
interrogation,1
basile,1
advise,1
justices,1
listed,1
agreed,1
ideal,1
enumerating,1
hundreds,1
permeated,1
urban,1
targets,1
unisex,1
bryant,1
fourteen,1
middle,1
periodicals,1
posi,1
therapist,1
bob,1
nj,1
biracial,1
undated,1
occasionally,1
exhusband,1
circumstances,1
preserved,1
recognition,1
multiple,1
facto,1
decisive,1
chip,1
prevalent,1
confirm,1
press,1
easy,1
convinced,1
giving,1
buy,1
disciplines,1
perspective,1
daddies,1
acute,1
confronted,1
measure,1
moms,1
screen,1
tender,1
demanding,1
divided,1
abbott,1
lippett,1
phenomenon,1
challenges,1
phoenix,1
mention,1
isolated,1
definitions,1
associating,1
coming,1
varied,1
prepared,1
mentor,1
examinations,1
eric,1
prioritize,1
superseded,1
sickness,1
patenaude,1
cautioned,1
devoted,1
soft,1
ultimately,1
obliged,1
drafts,1
categorically,1
locations,1
touch,1
disposal,1
copies,1
finding,1
wielded,1
institutional,1
everywoman,1
julian,1
finally,1
sprung,1
aware,1
compellingly,1
register,1
contributed,1
worded,1
instead,1
grown,1
include,1
upon,1
specialists,1
physical,1
opinions,1
mur,1
regular,1
variously,1
you,1
roberta,1
limitations,1
haphazard,1
salience,1
objections,1
mandating,1
oldest,1
chastised,1
measured,1
remains,1
speak,1
definitive,1
campaign,1
ships,1
worried,1
needs,1
am,1
morally,1
charles,1
potential,1
admitting,1
deciding,1
upstate,1
arrange,1
compounded,1
endnotes,1
interrogated,1
carole,1
scholarship,1
greenwich,1
chicago,1
patricia,1
probation,1
irrelevant,1
debate,1
partial,1
views,1
clothing,1
substantial,1
exclusively,1
entire,1
backwards,1
caretaker,1
propertied,1
eldest,1
immediately,1
strong,1
avoid,1
resembled,1
broader,1
roles,1
erred,1
major,1
indeterminacy,1
harmful,1
bigotry,1
doch,1
jackie,1
continuously,1
grants,1
