WORDCOUNTS,WEIGHT
the,853
of,492
and,426
in,371
to,203
a,178
botswana,174
that,152
tswana,132
economic,117
culture,103
for,91
was,89
as,87
s,78
is,75
p,72
history,70
african,67
on,64
by,63
were,59
an,56
with,53
state,52
africa,51
their,49
had,48
political,48
institutions,48
not,44
example,42
from,41
it,37
have,37
be,36
society,35
cattle,34
pp,34
which,34
this,31
success,31
parsons,31
century,30
property,30
are,29
land,29
colonial,28
tribes,28
among,28
has,26
chiefs,26
rights,26
traditional,25
one,24
british,24
review,24
but,24
no,23
colonialism,23
during,23
or,23
could,22
see,22
been,22
economy,22
khama,21
states,21
nineteenth,20
other,20
those,20
acemoglu,20
d,20
growth,19
most,19
countries,19
n,19
chief,18
his,18
its,18
robinson,18
independence,18
through,18
before,17
system,17
developed,17
however,17
also,17
new,17
ethnic,17
miracle,17
after,17
country,17
democracy,16
first,16
thus,16
development,16
journal,16
cultural,16
et,16
protectorate,16
al,16
article,16
why,16
when,16
over,16
into,15
j,15
government,15
all,15
only,15
tribal,15
who,15
they,14
such,14
l,14
above,14
schapera,14
more,14
many,14
ibid,14
trade,14
can,14
early,14
at,13
market,13
tradition,13
m,13
important,13
public,13
kgotla,13
where,13
bechuanaland,13
private,13
use,13
story,13
tribe,13
common,12
miguel,12
modern,12
bemba,12
than,12
traditions,12
proved,12
r,12
own,12
few,12
world,12
south,12
these,12
i,12
individual,12
hjort,12
case,12
evidence,12
groups,11
e,11
leith,11
though,11
part,11
ngwato,11
up,11
power,11
prospered,11
southern,11
jonas,11
governance,11
period,11
any,11
neighbouring,11
did,11
commercial,11
ownership,11
since,10
factors,10
rule,10
economics,10
people,10
good,10
around,10
indigenous,10
water,10
zimbabwe,10
labour,10
capital,10
legitimacy,10
eds,10
leaders,10
both,10
formation,10
national,10
should,10
if,9
western,9
taken,9
nature,9
there,9
economies,9
further,9
precolonial,9
would,9
bdp,9
fernández,9
argue,9
current,9
extent,9
while,9
role,9
customs,9
corruption,8
per,8
batswana,8
unlike,8
experience,8
t,8
some,8
neighbours,8
influence,8
may,8
how,8
study,8
young,8
out,8
nation,8
unity,8
place,8
rainer,8
index,8
fact,8
areas,8
council,8
another,8
gennaioli,8
outcomes,8
them,8
given,8
argument,8
c,8
authority,7
being,7
maundeni,7
resources,7
conflict,7
large,7
sapienza,7
main,7
centralization,7
clearly,7
result,7
handbook,7
population,7
policies,7
commerce,7
working,7
owned,7
limited,7
tax,7
law,7
native,7
polities,7
zingales,7
structure,7
independent,7
continued,7
minorities,7
guiso,7
seen,7
existed,7
control,7
historical,7
foundations,7
peters,7
became,7
territory,7
argues,7
twentieth,7
between,7
cent,6
different,6
richards,6
advisory,6
politics,6
cooperation,6
taxation,6
de,6
relatively,6
rhodesia,6
ethnically,6
facilitated,6
impact,6
origins,6
opinion,6
view,6
struggles,6
because,6
thetswana,6
influenced,6
structures,6
contrast,6
several,6
samatar,6
progress,6
practices,6
constraints,6
members,6
diverse,6
years,6
process,6
investment,6
largely,6
so,6
seretse,6
often,6
kgatla,6
set,6
integrative,6
paper,6
half,6
very,6
landes,6
until,6
boreholes,6
typically,6
themselves,6
now,5
europeans,5
introduction,5
group,5
h,5
studies,5
chiefdoms,5
capacity,5
beaulier,5
apart,5
easterly,5
human,5
centralized,5
explained,5
due,5
g,5
even,5
leadership,5
levine,5
exceptionality,5
legal,5
institutionalization,5
consultation,5
days,5
democratic,5
always,5
faced,5
diet,5
recently,5
cannot,5
wealth,5
well,5
taxes,5
centred,5
change,5
least,5
successful,5
characteristics,5
governments,5
provided,5
he,5
subrick,5
about,5
once,5
ed,5
successfully,5
towns,5
makgala,5
took,5
do,5
present,5
zambia,5
upon,5
identity,5
encouraged,5
factor,5
clear,5
allowed,5
played,5
course,5
exchange,5
englebert,5
hierarchical,5
probably,5
northern,5
ngcongco,5
cape,5
european,5
economists,5
united,5
itself,5
extensive,5
economically,5
research,5
johnson,5
what,5
almost,5
w,5
ruled,5
cash,5
little,5
much,5
strong,5
observed,5
difficult,4
way,4
alone,4
second,4
continent,4
policy,4
long,4
parliamentary,4
later,4
tragedy,4
chieftainship,4
account,4
possible,4
alverson,4
constrained,4
central,4
throughout,4
against,4
learning,4
turn,4
incentives,4
whose,4
tonga,4
similar,4
certain,4
solidified,4
argued,4
beyond,4
based,4
path,4
poverty,4
appears,4
colonies,4
work,4
apparent,4
whole,4
strengthened,4
family,4
nber,4
majority,4
will,4
f,4
led,4
poor,4
necessary,4
oxford,4
initiation,4
industrial,4
increasingly,4
social,4
party,4
custom,4
business,4
again,4
similarly,4
lack,4
time,4
discussed,4
remarkable,4
income,4
degree,4
local,4
credit,4
elite,4
grew,4
started,4
high,4
diamond,4
capitalism,4
contracts,4
we,4
quarterly,4
rapidly,4
matters,4
tlou,4
iii,4
goods,4
scores,4
particular,4
freedom,4
popular,4
apparatus,4
reserves,4
dissent,4
reached,4
isang,4
north,4
recent,4
built,4
does,3
besley,3
edge,3
declared,3
created,3
tribesmen,3
legitimate,3
american,3
determinant,3
san,3
live,3
ways,3
behaviour,3
individually,3
character,3
else,3
creation,3
interests,3
ii,3
historians,3
darkness,3
emerged,3
seems,3
reasons,3
take,3
feature,3
last,3
mind,3
papers,3
fortes,3
right,3
shared,3
powers,3
move,3
combination,3
laws,3
controlled,3
colonized,3
campbell,3
dominated,3
europe,3
intact,3
adjustment,3
underlying,3
extraordinary,3
generation,3
rates,3
failed,3
rooted,3
without,3
rather,3
sillery,3
across,3
importance,3
consensual,3
historicité,3
institutionalized,3
affect,3
university,3
imposed,3
emergence,3
elsewhere,3
quoted,3
gradually,3
fogli,3
communities,3
eifert,3
my,3
transmission,3
societies,3
found,3
called,3
typical,3
explain,3
required,3
voice,3
shape,3
literature,3
reid,3
concept,3
inherited,3
polity,3
following,3
beneficial,3
sense,3
indicators,3
heart,3
small,3
consensus,3
highly,3
vetat,3
transfer,3
annual,3
introduced,3
mechanism,3
shona,3
likely,3
reduced,3
absence,3
expanded,3
standing,3
hold,3
competition,3
pivotal,3
evolved,3
under,3
management,3
two,3
noted,3
routes,3
fisman,3
beliefs,3
ngwaketse,3
men,3
ground,3
developing,3
relevant,3
advisers,3
less,3
royal,3
perhaps,3
revenues,3
andersson,3
remained,3
missionary,3
divided,3
effectiveness,3
made,3
range,3
values,3
approach,3
discovered,3
wylie,3
modernization,3
features,3
administrative,3
standard,3
kwena,3
systems,3
britain,3
widely,3
increasing,3
today,3
belonged,3
persson,3
five,3
detailed,3
force,3
wives,3
association,3
fertility,3
posner,3
eventually,3
exogenous,3
mackenzie,3
determinants,3
known,3
established,3
quickly,3
outcome,3
each,3
diamonds,3
cultures,3
authorities,3
down,3
rural,3
explanations,3
unique,3
agricultural,3
distribution,3
aspect,3
come,3
importé,3
institutional,3
kgosi,3
ended,3
although,3
integrated,3
need,3
bayart,3
area,3
indices,3
specific,3
territories,3
mgadla,3
elites,3
focus,3
courts,2
subsequently,2
archives,2
basing,2
rate,2
svensson,2
fertile,2
privately,2
integrating,2
math,2
empirical,2
succession,2
lesotho,2
village,2
settlements,2
mobility,2
uniquely,2
true,2
expenditure,2
tshekedi,2
nationalistic,2
former,2
missionaries,2
ramsay,2
migration,2
women,2
various,2
highlight,2
member,2
anything,2
programmes,2
submitted,2
mauro,2
every,2
transvaal,2
certainly,2
exclusive,2
culturally,2
contrasted,2
season,2
attempt,2
monte,2
drivers,2
words,2
shaped,2
individuals,2
crops,2
great,2
able,2
composition,2
court,2
real,2
toleration,2
solidify,2
wage,2
within,2
moffat,2
namibia,2
lekorwe,2
documenting,2
kraay,2
forthcoming,2
eastern,2
king,2
rodrik,2
iv,2
labours,2
accountability,2
election,2
dutch,2
far,2
household,2
along,2
soto,2
succeed,2
exist,2
famously,2
used,2
quality,2
hodgson,2
curse,2
forced,2
exercise,2
funds,2
religious,2
fractionalization,2
clark,2
back,2
marriage,2
highest,2
inclusion,2
like,2
citizen,2
crowder,2
capitals,2
let,2
assessed,2
opposed,2
recognized,2
york,2
capture,2
notion,2
remote,2
talk,2
derived,2
plots,2
enabled,2
plog,2
reason,2
arid,2
settled,2
cemented,2
continuity,2
section,2
k,2
god,2
age,2
four,2
powerful,2
tabellini,2
followed,2
facing,2
transcripts,2
instance,2
internal,2
symbolized,2
mozambique,2
nac,2
cut,2
appear,2
whereas,2
moving,2
closely,2
endogenous,2
came,2
assets,2
whom,2
travellers,2
plateau,2
future,2
seven,2
commoners,2
representative,2
collectively,2
late,2
traits,2
war,2
default,2
centuries,2
scale,2
rising,2
opposition,2
mushroomed,2
aspects,2
failure,2
directly,2
autocracy,2
competent,2
betrayed,2
brought,2
london,2
edn,2
gender,2
overview,2
q,2
documented,2
forces,2
nor,2
president,2
regions,2
thrived,2
hut,2
legacy,2
presented,2
shaping,2
revolution,2
suggest,2
order,2
homogenous,2
imposition,2
ward,2
bank,2
recognition,2
boundaries,2
villages,2
foremost,2
parliament,2
fully,2
aggressively,2
roots,2
value,2
newly,2
reinikka,2
rest,2
invest,2
lend,2
nations,2
survived,2
therefore,2
sovereign,2
rey,2
entitled,2
identified,2
might,2
return,2
acknowledged,2
brief,2
initially,2
strategic,2
decisions,2
thih,2
khoe,2
zulu,2
consulted,2
notables,2
arrangements,2
opportunities,2
makes,2
england,2
technology,2
b,2
infrastructure,2
liberties,2
same,2
speaking,2
inheritance,2
sector,2
avoided,2
useful,2
leader,2
others,2
addition,2
towards,2
complementary,2
communal,2
shows,2
scholars,2
checks,2
documents,2
children,2
musyoki,2
larger,2
personal,2
tribally,2
contemporary,2
away,2
arguably,2
man,2
cooperated,2
patterns,2
learn,2
ballinger,2
road,2
strategies,2
norms,2
favour,2
gdp,2
free,2
boers,2
bantu,2
extended,2
rulers,2
father,2
disease,2
treated,2
eighteenth,2
deposits,2
including,2
strongly,2
sold,2
emphasize,2
extraordinarily,2
services,2
traders,2
bicycles,2
three,2
comprehensive,2
language,2
vested,2
analysing,2
dispersed,2
grown,2
effect,2
www,2
geography,2
saw,2
institution,2
adaptive,2
sole,2
decision,2
separate,2
dealing,2
relationship,2
cow,2
science,2
globalisation,2
program,2
support,2
widespread,2
colonizers,2
temin,2
began,2
effectively,2
whereby,2
responsible,2
construction,2
respect,2
fields,2
articles,2
unusual,2
colclough,2
bates,2
regiments,2
material,2
growing,2
series,2
conclusion,2
incorporated,2
simply,2
offered,2
satisfactory,2
sustained,2
alternative,2
berkeley,2
natural,2
nationbuilding,2
benefits,2
setting,2
flowing,2
speech,2
then,2
shoshong,2
enemy,2
trecolonial,2
mystery,2
ayittey,2
places,2
wagons,2
heads,2
investigation,2
terms,2
form,2
making,2
yielded,2
indicates,2
armies,2
pleased,2
entrepreneurialism,2
allocate,2
xlviii,2
kaufman,2
constitutionalism,2
suggests,2
urban,2
darkoh,2
trees,2
balances,2
economist,2
commissioner,2
beach,2
prevalent,2
impose,2
administration,2
available,2
contribute,2
conversely,2
postcolonial,2
committees,2
presence,2
score,2
difference,2
ignored,2
lands,2
uganda,2
defence,2
accept,2
explanation,2
parallels,2
contributed,2
approximately,2
asset,2
effects,2
prosperity,2
salience,2
maintaining,2
moved,2
charles,2
west,2
potential,2
region,2
mccarthy,2
lake,2
contrasting,2
import,2
unip,2
resembled,2
barter,2
faction,2
go,1
zaire,1
dictating,1
decentralized,1
forceful,1
thwarted,1
currently,1
mostly,1
o,1
autocratically,1
prefer,1
appealed,1
plainness,1
undoubtedly,1
adopt,1
meaning,1
soccer,1
prize,1
nexus,1
attains,1
boomed,1
affected,1
regent,1
nationwide,1
environmental,1
college,1
fortswana,1
fences,1
liberating,1
measures,1
adoption,1
stands,1
evans,1
distributed,1
coups,1
germany,1
fora,1
center,1
juxtaposition,1
measurable,1
mounted,1
illegal,1
diplomatic,1
identify,1
nigeria,1
uncomfortable,1
worldbank,1
ma,1
overdue,1
referring,1
formed,1
schools,1
formalism,1
macheng,1
english,1
disapproving,1
bias,1
conjectures,1
transparency,1
position,1
justified,1
fixed,1
detrimental,1
cit,1
dress,1
husbands,1
fragile,1
garsington,1
assume,1
southwards,1
instructing,1
flared,1
corroborates,1
princeton,1
persuade,1
updated,1
meritocratically,1
midwife,1
lower,1
consistent,1
coding,1
inhibited,1
decidedly,1
twilight,1
ranked,1
sources,1
cope,1
wrong,1
embraced,1
distinguishing,1
evolution,1
military,1
bereft,1
hire,1
anywhere,1
tolerated,1
neil,1
historiography,1
definition,1
parties,1
company,1
principles,1
altern,1
capitalist,1
leading,1
explores,1
homestead,1
broadly,1
suggesting,1
together,1
grazing,1
conditions,1
boer,1
accumulated,1
narrative,1
achievement,1
follows,1
inherent,1
respondents,1
transferred,1
link,1
abolishing,1
closer,1
concludes,1
procedure,1
tx,1
religion,1
dom,1
advocated,1
survey,1
nevertheless,1
lasting,1
bytswana,1
halted,1
achieved,1
strength,1
rozvi,1
separated,1
date,1
emphasized,1
blackwell,1
secondly,1
circumvention,1
prohibiting,1
principal,1
advantages,1
commercially,1
ours,1
setswana,1
bnvironment,1
motivated,1
univ,1
similarities,1
nomadic,1
proposals,1
depends,1
extend,1
bechuanas,1
sound,1
issue,1
side,1
forum,1
dauer,1
cabinet,1
roberts,1
rnhprts,1
key,1
av,1
money,1
peculiarities,1
sought,1
firm,1
draw,1
discuss,1
march,1
retain,1
occupying,1
felt,1
compelling,1
enforcement,1
activity,1
strand,1
attaching,1
sale,1
foreigners,1
illegitimate,1
thirdly,1
crossed,1
chieftaincy,1
diss,1
xhosa,1
barry,1
taking,1
desired,1
variations,1
point,1
surrounded,1
except,1
x,1
establishment,1
owners,1
whites,1
realistic,1
photographic,1
presentday,1
royalty,1
facto,1
leitn,1
eroded,1
culpable,1
sign,1
fí,1
consult,1
surplus,1
wherever,1
labor,1
tribute,1
complained,1
possessing,1
dispatched,1
evident,1
afrobarometer,1
tawana,1
married,1
inheritor,1
dependence,1
responded,1
beating,1
misfortune,1
historically,1
reverse,1
accountable,1
pineapples,1
run,1
tanzania,1
illustrates,1
econometric,1
scarce,1
cooperate,1
interest,1
becoming,1
characteristic,1
ability,1
tradepromoting,1
relations,1
ostrich,1
collapsed,1
issued,1
application,1
diplomats,1
fourthly,1
extensively,1
expected,1
z,1
migrate,1
beine,1
estimates,1
aligned,1
bulls,1
cases,1
elements,1
immigrants,1
illuminates,1
lax,1
times,1
perspective,1
document,1
concrete,1
uncontroversial,1
memorandum,1
palmy,1
rhodesian,1
http,1
channels,1
inception,1
served,1
rolong,1
left,1
effective,1
labile,1
single,1
molopo,1
truly,1
find,1
innovators,1
parking,1
instruments,1
skins,1
border,1
unpub,1
coasts,1
adult,1
understood,1
npamù,1
talent,1
lender,1
handful,1
word,1
poorly,1
blessing,1
incentive,1
higher,1
aim,1
surprisingly,1
behave,1
deviation,1
interesting,1
town,1
subordination,1
sceptics,1
masire,1
identification,1
paramounts,1
maund,1
links,1
bring,1
performance,1
december,1
generations,1
affairs,1
unit,1
appreciation,1
explicit,1
biggest,1
leapt,1
cecil,1
fastest,1
pichos,1
mean,1
politicians,1
represented,1
batawana,1
granted,1
risk,1
households,1
heard,1
proportion,1
associate,1
eight,1
bloodstock,1
thing,1
induce,1
intertribal,1
sandy,1
matched,1
gratefully,1
white,1
lay,1
retail,1
reforms,1
empowerment,1
solidification,1
productive,1
animals,1
scattered,1
moves,1
mirnrlp,1
pilane,1
proclaimed,1
serfs,1
means,1
cpp,1
lives,1
evolve,1
conformed,1
perceptions,1
halo,1
circulated,1
wages,1
legitimizing,1
chazan,1
source,1
supports,1
consider,1
locally,1
maiden,1
organization,1
improvement,1
river,1
serowe,1
familiar,1
uprooted,1
organized,1
behaviours,1
korea,1
driven,1
mav,1
ewe,1
air,1
attain,1
receiving,1
house,1
vitality,1
threat,1
prevent,1
nascent,1
superior,1
resource,1
passed,1
indications,1
isolation,1
dimawe,1
stark,1
problems,1
puts,1
crucially,1
dominant,1
care,1
helped,1
decades,1
footnote,1
scooe,1
dispersion,1
regulatory,1
kenya,1
disappeared,1
union,1
greater,1
ranges,1
elf,1
palmer,1
legislative,1
identifying,1
arrival,1
avenue,1
histories,1
tropical,1
nt,1
hands,1
search,1
traditionally,1
homogenizing,1
explanatory,1
access,1
kalahari,1
speaker,1
jiwanji,1
taboo,1
users,1
scenes,1
international,1
thp,1
sedentary,1
events,1
census,1
near,1
configuration,1
persist,1
continents,1
constantly,1
dig,1
experts,1
suits,1
big,1
embedded,1
academic,1
supporters,1
michelsen,1
mainly,1
stock,1
province,1
çtrncrcri,1
afforded,1
produced,1
biases,1
rv,1
younger,1
placed,1
procedures,1
spiritual,1
feudal,1
perform,1
imperial,1
wide,1
negotiated,1
throne,1
january,1
governing,1
briefly,1
expensive,1
meetings,1
torn,1
representatives,1
lost,1
gained,1
none,1
participation,1
basis,1
relatives,1
closed,1
data,1
artifacts,1
remittances,1
formerly,1
planning,1
implement,1
received,1
imports,1
tool,1
barotseland,1
nine,1
voted,1
admired,1
sulfuric,1
protected,1
unless,1
prominent,1
significantly,1
dominance,1
breeding,1
ot,1
civil,1
secret,1
italy,1
related,1
comment,1
tenure,1
stores,1
astonishing,1
surprise,1
eichengreen,1
year,1
precipitated,1
referees,1
gave,1
universe,1
consistently,1
domestically,1
corrupt,1
northwest,1
ghana,1
overtly,1
easiest,1
issues,1
demonstrates,1
partly,1
constitute,1
afrirnn,1
grain,1
alltswana,1
actually,1
feathers,1
rituals,1
focuses,1
illustrative,1
wet,1
sceptic,1
haven,1
employed,1
residents,1
employment,1
capacities,1
won,1
status,1
assembly,1
differentia,1
escalated,1
attributed,1
misguided,1
errors,1
fifthly,1
nephew,1
montshiwa,1
published,1
directive,1
protestantism,1
normally,1
correct,1
kosher,1
formalizing,1
below,1
voiced,1
fostered,1
seized,1
stage,1
dictionary,1
holes,1
suggestive,1
protest,1
next,1
politically,1
villagers,1
ministries,1
stimulated,1
emphasizes,1
quite,1
settlement,1
emerging,1
affluent,1
oct,1
disunity,1
choose,1
wny,1
prompted,1
resourcing,1
observe,1
essentially,1
ancestors,1
selfappointed,1
tended,1
managed,1
generally,1
sotho,1
seed,1
dependent,1
peculiarly,1
intswana,1
results,1
proper,1
paid,1
palgrave,1
production,1
notes,1
neoclassical,1
diminished,1
fastestgrowing,1
am,1
entrepreneurship,1
seepapitso,1
appeal,1
settlers,1
temporarily,1
cite,1
flourished,1
battle,1
settlerfriendly,1
witwatersrand,1
noteworthy,1
republic,1
sons,1
situation,1
demand,1
matter,1
myriad,1
steadily,1
letters,1
survive,1
lesser,1
bred,1
citivi,1
mechanisms,1
short,1
wrote,1
gradual,1
tnr,1
service,1
located,1
comparative,1
expansion,1
spearheaded,1
techniques,1
horses,1
play,1
forward,1
female,1
elusive,1
whatever,1
still,1
mainstream,1
currency,1
everywhere,1
woods,1
comments,1
unprecedented,1
movement,1
adjusting,1
authoritarian,1
exceeded,1
vicinity,1
illuminating,1
label,1
percentage,1
scarcity,1
uc,1
contributing,1
rogerson,1
cheap,1
stalled,1
relied,1
rnafisa,1
selling,1
housing,1
violence,1
fair,1
meanwhile,1
recounts,1
mh,1
swagger,1
represents,1
lemon,1
corroborated,1
soon,1
evil,1
fail,1
mobile,1
restricted,1
formally,1
official,1
neither,1
perceived,1
processing,1
home,1
informal,1
perspectives,1
complete,1
abandon,1
countrv,1
choices,1
performed,1
sharply,1
broad,1
accelerated,1
responsive,1
experiment,1
robust,1
reply,1
farsighted,1
department,1
begins,1
regional,1
fairly,1
double,1
administrators,1
basotho,1
landlocked,1
street,1
provide,1
starting,1
kaunda,1
harrison,1
challenge,1
request,1
kenneth,1
individualization,1
pointed,1
preferences,1
knowing,1
varies,1
put,1
usually,1
angola,1
analytical,1
devolved,1
signified,1
causality,1
idea,1
durlauf,1
treatment,1
contrasts,1
pressure,1
revenue,1
advantage,1
garni,1
lieutenant,1
striking,1
attempting,1
disuse,1
crop,1
karthala,1
incorporation,1
sowed,1
john,1
justification,1
substantially,1
doubt,1
variation,1
minimize,1
seldom,1
triumphs,1
habit,1
bsac,1
simple,1
chiefdom,1
ruler,1
forms,1
hand,1
drove,1
adjacent,1
likelihood,1
electricity,1
privatization,1
centre,1
nf,1
manner,1
innovative,1
purposes,1
existing,1
accepted,1
establish,1
non,1
renaissance,1
inhospitable,1
informally,1
duties,1
practice,1
colony,1
levels,1
unclear,1
saiegh,1
hamilton,1
rhodes,1
sell,1
wrested,1
annually,1
cattlemen,1
deficit,1
unable,1
day,1
fight,1
minded,1
original,1
demonstrated,1
immutability,1
classes,1
retaining,1
greatest,1
behaviors,1
balance,1
reveals,1
spending,1
supplies,1
coherent,1
invested,1
examples,1
satyanath,1
restrictions,1
lete,1
kickstarting,1
privatize,1
bear,1
limitations,1
exporting,1
trajectory,1
environments,1
formal,1
trader,1
tickets,1
homesteads,1
blume,1
airican,1
ruling,1
warrior,1
findings,1
elections,1
thriving,1
entirely,1
significant,1
traded,1
combining,1
lekowe,1
hypotheses,1
prevailed,1
decreed,1
shrewdly,1
processes,1
occupied,1
continue,1
stay,1
full,1
sees,1
previous,1
office,1
california,1
dating,1
theoretical,1
described,1
fnr,1
merafe,1
pattern,1
rejected,1
exports,1
diplomacy,1
accessed,1
authors,1
fallacy,1
publication,1
portfolio,1
health,1
co,1
august,1
held,1
keep,1
divisions,1
someone,1
characterized,1
helpful,1
revised,1
geographically,1
spread,1
rewarded,1
function,1
kalanga,1
plant,1
him,1
secessions,1
farms,1
mines,1
variance,1
dry,1
shortly,1
anyone,1
ted,1
losing,1
abundant,1
provides,1
latter,1
spent,1
sophisticated,1
payment,1
promotion,1
jurisdiction,1
written,1
somehow,1
coercive,1
possess,1
settler,1
rusted,1
feet,1
become,1
businesses,1
adept,1
trouble,1
references,1
parson,1
acquire,1
deliberate,1
enjoyed,1
james,1
v,1
preand,1
marketization,1
southwest,1
looked,1
snmntnr,1
wells,1
figures,1
versus,1
sine,1
kimberley,1
anomaly,1
regimes,1
greek,1
borehole,1
hiort,1
nal,1
reluctant,1
zambezia,1
thetswanas,1
mothibi,1
fails,1
ranging,1
yields,1
extractive,1
christian,1
assigned,1
publishing,1
note,1
replied,1
complaining,1
mother,1
bulk,1
sometimes,1
stream,1
witwater,1
tlokwa,1
confederative,1
syndicates,1
ndebele,1
khamas,1
class,1
substitution,1
debtor,1
spp,1
multitude,1
exceptional,1
army,1
insist,1
indiscriminate,1
progressively,1
contribution,1
confine,1
inadequate,1
consolidation,1
testifies,1
life,1
transferring,1
stratified,1
holmes,1
centres,1
assigns,1
face,1
ravaging,1
pressures,1
rigorous,1
fought,1
corrudtion,1
meant,1
earliest,1
stable,1
considered,1
vastly,1
detail,1
claims,1
acquired,1
schanera,1
publicly,1
neglected,1
contained,1
wars,1
variable,1
heavy,1
watches,1
girls,1
senior,1
url,1
exploitable,1
exemplified,1
archaeologies,1
version,1
changing,1
barotse,1
conjunction,1
athens,1
geographic,1
constituted,1
ever,1
damaging,1
extension,1
telecommunications,1
regime,1
masses,1
separately,1
willingness,1
membership,1
borrow,1
besides,1
wellestablished,1
doi,1
sceptical,1
ageregiments,1
ila,1
compensation,1
norwav,1
command,1
equation,1
poorest,1
downfall,1
stateness,1
colonization,1
principle,1
starker,1
expenditures,1
forge,1
cypher,1
attribute,1
inclined,1
seriously,1
connection,1
exploration,1
seem,1
albeit,1
ivory,1
best,1
ph,1
entrenched,1
wealthy,1
homogenization,1
regard,1
loyalty,1
particularly,1
huntington,1
rely,1
benefit,1
precarious,1
allocated,1
build,1
sum,1
invite,1
replication,1
disputes,1
restraining,1
living,1
better,1
redefined,1
believed,1
animal,1
outlook,1
helping,1
according,1
unlikely,1
exposing,1
notable,1
capita,1
transmitted,1
circles,1
rhodesias,1
whether,1
adults,1
stability,1
namely,1
accounts,1
want,1
cause,1
lane,1
evict,1
males,1
maintain,1
attitudes,1
firmly,1
pineapple,1
theory,1
welldocumented,1
sunk,1
leaving,1
consisting,1
interpreting,1
occasions,1
extract,1
institute,1
studying,1
secure,1
boys,1
constitutional,1
huge,1
agreed,1
phenomena,1
instilled,1
herd,1
tongues,1
agglomerations,1
size,1
qua,1
pumps,1
autocratic,1
radically,1
boston,1
level,1
owner,1
occasionally,1
org,1
necessity,1
preserved,1
transport,1
dams,1
ill,1
thereby,1
reported,1
conclude,1
ohio,1
consensusseeking,1
exhibit,1
renounce,1
easy,1
odor,1
turns,1
subject,1
agents,1
mogae,1
went,1
rationale,1
measure,1
bophuthatswana,1
jour,1
possessions,1
congealed,1
incorporate,1
manufacturing,1
appointed,1
officially,1
sizeable,1
sarraf,1
qualitative,1
exceptionally,1
isolated,1
evidenced,1
coming,1
think,1
sparked,1
resident,1
our,1
nov,1
proceeds,1
sanctioned,1
question,1
singapore,1
shown,1
citimene,1
economie,1
obliged,1
considering,1
couns,1
touch,1
editor,1
observable,1
rothchild,1
conn,1
patriarchy,1
average,1
wis,1
travelling,1
ushered,1
numerous,1
herds,1
mashonaland,1
obliterated,1
finally,1
imperative,1
offer,1
joined,1
instead,1
define,1
usa,1
opinions,1
attributes,1
you,1
molutsi,1
derive,1
attempted,1
off,1
programme,1
tobacco,1
successions,1
summoned,1
extremely,1
madison,1
bigger,1
shift,1
speak,1
magical,1
qan,1
anonymous,1
thousand,1
recognize,1
actions,1
third,1
stifled,1
interdisciplinary,1
citimukulu,1
radicals,1
charged,1
ketumile,1
say,1
expediting,1
era,1
enterprise,1
debate,1
create,1
firstly,1
substantial,1
entire,1
develop,1
abandoned,1
heir,1
uk,1
livestock,1
famous,1
statement,1
ga,1
meeting,1
asked,1
subordinates,1
showed,1
race,1
draft,1
illuminated,1
