WORDCOUNTS,WEIGHT
the,779
of,324
in,295
and,281
to,271
shell,160
a,160
that,158
was,105
on,81
by,79
for,73
its,66
as,65
s,59
it,58
had,56
oil,56
gasoline,55
with,55
not,51
environmental,49
would,49
is,49
be,43
industry,42
were,42
about,40
at,39
they,36
company,36
public,35
but,35
dutch,35
royal,34
global,34
their,32
this,32
spar,32
from,32
lead,30
more,29
report,29
u,29
brent,28
have,28
an,27
are,26
business,25
could,24
while,24
or,22
environment,22
disposal,22
companies,21
climate,21
new,21
also,20
warming,20
one,19
there,19
emissions,19
such,19
because,19
greenpeace,19
use,19
been,19
k,19
energy,18
issues,18
change,18
governments,18
which,18
between,18
issue,17
no,17
however,17
pollution,17
time,17
history,16
united,16
government,15
some,15
health,15
concerns,15
pressure,15
sluyterman,15
did,15
keetie,15
production,14
than,14
many,14
groups,13
consumers,13
how,13
cmd,13
up,13
world,13
he,13
leaded,13
states,13
north,13
problem,12
car,12
market,12
ethyl,12
when,12
same,12
these,12
three,12
become,12
sea,12
sinking,12
sla,11
i,11
development,11
media,11
unleaded,11
air,11
problems,11
out,11
own,11
we,11
countries,11
ing,11
if,10
measures,10
minutes,10
con,10
after,10
place,10
only,10
made,10
safety,10
over,10
them,10
both,10
offshore,9
first,9
managers,9
international,9
future,9
during,9
solution,9
research,9
society,9
petroleum,9
economic,9
two,9
other,9
kyoto,9
general,9
efficiency,9
conservation,9
conference,9
through,9
became,9
although,9
files,9
should,9
damage,8
has,8
europe,8
review,8
act,8
though,8
well,8
octane,8
order,8
decision,8
scientific,8
july,8
deep,8
so,8
standard,8
different,8
board,8
level,8
evidence,8
carbon,8
re,8
jonker,7
e,7
introduction,7
germany,7
large,7
into,7
before,7
all,7
j,7
take,7
firm,7
his,7
fuels,7
most,7
percent,7
good,7
field,7
few,7
june,7
will,7
reduce,7
com,7
remained,7
considered,7
storage,7
role,7
product,7
national,7
much,7
american,6
committee,6
envi,6
later,6
might,6
ospar,6
products,6
against,6
century,6
ment,6
van,6
higher,6
tar,6
developed,6
study,6
solutions,6
hydrocarbons,6
required,6
year,6
oxford,6
under,6
toward,6
pointed,6
fact,6
tetraethyl,6
technologies,6
including,6
increase,6
adding,6
reputation,6
sands,6
effect,6
attention,6
concluded,6
european,6
often,6
then,6
must,6
principle,6
gas,6
regulations,6
what,6
feb,6
statement,6
models,6
environ,6
needs,6
offered,6
supported,6
c,6
debate,6
create,6
per,5
group,5
coalition,5
compression,5
gases,5
taken,5
sustainable,5
advantage,5
case,5
vol,5
thus,5
de,5
competitive,5
fischer,5
york,5
without,5
growth,5
ways,5
main,5
unit,5
levels,5
argued,5
beyond,5
cost,5
care,5
opinion,5
view,5
based,5
found,5
markets,5
effective,5
produced,5
engine,5
huge,5
technical,5
line,5
part,5
people,5
structures,5
motors,5
approach,5
least,5
working,5
sha,5
reduced,5
greenhouse,5
gov,5
deepwater,5
plan,5
see,5
strategies,5
knock,5
expro,5
sept,5
green,5
schot,5
continued,5
who,5
began,5
executive,5
seriously,5
known,5
alternative,5
ronmental,5
eventually,5
particularly,5
agreed,5
think,5
our,5
until,5
years,5
finally,5
manufacturers,5
need,5
campaign,5
potential,5
catalytic,5
now,4
customers,4
mania,4
way,4
announced,4
becoming,4
cars,4
likely,4
joost,4
give,4
address,4
book,4
producing,4
atlantic,4
emphasized,4
staff,4
dioxide,4
renewable,4
tons,4
issued,4
decided,4
amount,4
find,4
rosen,4
even,4
may,4
rather,4
en,4
risk,4
ex,4
tookey,4
bers,4
consequences,4
just,4
impact,4
jersey,4
house,4
engines,4
faced,4
greater,4
came,4
called,4
fuel,4
expensive,4
work,4
clean,4
long,4
ecocultural,4
earth,4
caused,4
auto,4
action,4
service,4
corporation,4
still,4
make,4
once,4
coverage,4
cor,4
culture,4
planet,4
industrial,4
social,4
regulation,4
choice,4
debates,4
considerable,4
took,4
do,4
present,4
where,4
innovative,4
developing,4
less,4
converters,4
ahead,4
another,4
tank,4
concern,4
clear,4
agreement,4
earlier,4
internal,4
can,4
dealing,4
browne,4
brundtland,4
gorman,4
fall,4
itself,4
any,4
following,4
dumping,4
organization,4
natural,4
continental,4
commission,4
melanie,4
hydrocarbon,4
ernments,4
installations,4
information,4
introduced,4
interchange,4
manufacturing,4
tions,4
temperature,4
effects,4
tanks,4
resources,4
mccarthy,4
technological,4
willing,4
major,4
kurt,3
proposed,3
directors,3
rothschild,3
concerned,3
corporate,3
scien,3
commitment,3
truth,3
affected,3
needed,3
federal,3
tween,3
track,3
variety,3
societal,3
being,3
highlighted,3
either,3
geoffrey,3
posed,3
nature,3
best,3
available,3
scientists,3
reasons,3
esso,3
able,3
kingdom,3
help,3
meantime,3
marine,3
raised,3
those,3
within,3
system,3
british,3
historians,3
felt,3
possible,3
politics,3
mental,3
cited,3
human,3
run,3
realized,3
ability,3
num,3
pay,3
perspective,3
response,3
compared,3
herkstroter,3
german,3
acid,3
performance,3
opportunity,3
similar,3
direct,3
parts,3
special,3
smoke,3
moreover,3
support,3
ensure,3
cause,3
emission,3
clearly,3
exxon,3
dcs,3
follow,3
devices,3
important,3
standards,3
advance,3
my,3
zanden,3
demands,3
stations,3
late,3
left,3
intergovernmental,3
wide,3
al,3
having,3
received,3
london,3
denial,3
reduction,3
whole,3
legislation,3
ter,3
sink,3
johan,3
published,3
creating,3
presented,3
panel,3
next,3
contrast,3
atmosphere,3
around,3
small,3
ban,3
presence,3
spills,3
annual,3
amoco,3
moved,3
reducing,3
activities,3
invest,3
critical,3
second,3
situation,3
demand,3
brief,3
fossil,3
responsibilities,3
inconvenient,3
criticism,3
technology,3
pre,3
us,3
management,3
tackle,3
abandon,3
lord,3
ed,3
sales,3
costs,3
rise,3
sector,3
useful,3
challenge,3
others,3
addition,3
longer,3
consideration,3
john,3
aug,3
enough,3
perhaps,3
herkstr,3
pesticides,3
number,3
ibid,3
argues,3
samples,3
findings,3
food,3
stakeholders,3
option,3
netherlands,3
directed,3
workers,3
defensive,3
onshore,3
offer,3
outside,3
article,3
methods,3
relation,3
britain,3
structure,3
reluctant,3
depuis,3
she,3
supporting,3
sometimes,3
attitude,3
un,3
life,3
responsible,3
canada,3
share,3
ever,3
theme,3
news,3
facility,3
sellers,3
hundred,3
making,3
degree,3
want,3
particular,3
distribution,3
contain,3
attachments,3
content,3
giving,3
target,3
monoxide,3
jan,3
prepared,3
twentieth,3
richard,3
d,3
enterprise,3
early,3
among,3
gaso,3
bergquist,2
intricate,2
archives,2
done,2
struggle,2
deny,2
protests,2
adopt,2
suggested,2
created,2
ready,2
encouraged,2
dangers,2
resulted,2
northeast,2
deceit,2
notably,2
nonleaded,2
complex,2
replaced,2
designed,2
prime,2
howarth,2
advised,2
formed,2
renamed,2
denmark,2
o,2
dump,2
jonathan,2
studies,2
policy,2
protection,2
contested,2
test,2
experience,2
anti,2
lower,2
anything,2
www,2
swedish,2
creation,2
jointly,2
achieving,2
entailed,2
handle,2
implications,2
motor,2
humans,2
worked,2
damaged,2
leading,2
thank,2
differences,2
studied,2
composition,2
launched,2
state,2
lution,2
worldwide,2
papers,2
contents,2
takes,2
task,2
guidelines,2
encouraging,2
sought,2
pub,2
right,2
changed,2
jack,2
recommendations,2
reaching,2
move,2
environmen,2
sent,2
laws,2
redefining,2
formula,2
melchett,2
letter,2
framework,2
exposed,2
chairman,2
central,2
million,2
phase,2
facts,2
quality,2
since,2
victory,2
silent,2
g,2
author,2
adopted,2
competitor,2
application,2
precautionary,2
topic,2
expected,2
ai,2
dis,2
turn,2
cases,2
nor,2
zyglidopoulos,2
focused,2
convincing,2
back,2
six,2
cohen,2
warned,2
markowitz,2
journal,2
look,2
messages,2
jones,2
coal,2
influence,2
industries,2
ers,2
stutton,2
go,2
urged,2
essential,2
economy,2
operations,2
activists,2
affairs,2
christine,2
whether,2
humanity,2
commercially,2
strate,2
missioned,2
understand,2
university,2
consider,2
occupational,2
established,2
elsewhere,2
additive,2
threat,2
ministers,2
experienced,2
commented,2
additional,2
subsidiary,2
silt,2
strategy,2
mon,2
regulatory,2
challenges,2
result,2
acceptable,2
societies,2
cli,2
solved,2
objectives,2
economics,2
deal,2
requirements,2
eu,2
initial,2
inter,2
big,2
installation,2
handbook,2
equally,2
cultural,2
war,2
viewed,2
meet,2
scale,2
grounds,2
facilities,2
near,2
zeitlin,2
aspects,2
improve,2
directly,2
keeping,2
followed,2
r,2
texaco,2
nies,2
concept,2
prominent,2
brought,2
knowledge,2
comment,2
ten,2
celsius,2
gies,2
gave,2
fit,2
policies,2
ricardo,2
gore,2
forces,2
oceans,2
president,2
conform,2
below,2
voiced,2
responsibility,2
revolution,2
involve,2
trading,2
huc,2
wrong,2
event,2
involved,2
fast,2
coordinator,2
hemisphere,2
several,2
oct,2
highly,2
grow,2
always,2
justice,2
proper,2
describes,2
appropriate,2
actions,2
lems,2
avoid,2
therefore,2
rift,2
film,2
matter,2
exhaust,2
short,2
wrote,2
indeed,2
briefing,2
launch,2
schemes,2
plans,2
acknowledged,2
commit,2
merits,2
community,2
building,2
indicates,2
interactions,2
initially,2
decisions,2
competition,2
hugh,2
intense,2
planned,2
release,2
choices,2
ipcc,2
acknowledging,2
insights,2
department,2
chose,2
members,2
leader,2
fire,2
name,2
science,2
mark,2
stating,2
added,2
water,2
five,2
emotions,2
subsidiaries,2
demon,2
lack,2
automobile,2
idea,2
documents,2
serious,2
removal,2
bility,2
hand,2
chain,2
operating,2
toxic,2
council,2
spoke,2
japan,2
compete,2
mate,2
demonstrated,2
radioactive,2
balance,2
indiana,2
range,2
disposals,2
sufficiently,2
asian,2
waste,2
factor,2
causes,2
congress,2
ideas,2
trend,2
raising,2
previous,2
improvements,2
nevertheless,2
platform,2
low,2
nongovernmental,2
peter,2
amounts,2
christopher,2
david,2
allowed,2
external,2
like,2
carson,2
ceo,2
decommissioning,2
systems,2
satisfy,2
employees,2
patterson,2
story,2
pipe,2
forefront,2
powering,2
joint,2
louisiana,2
hague,2
corridor,2
merger,2
increasing,2
vironment,2
rope,2
rachel,2
fifty,2
suggestion,2
pres,2
raise,2
veer,2
tomorrow,2
chance,2
doyle,2
ests,2
practical,2
ministry,2
oxide,2
claimed,2
fewer,2
ard,2
dec,2
institutions,2
success,2
concluding,2
waters,2
effectively,2
interplay,2
adherence,2
tee,2
achieve,2
interview,2
articles,2
stephen,2
thinking,2
comes,2
conclusion,2
mentioned,2
salts,2
predictions,2
demonstrate,2
simply,2
economically,2
damaging,2
continues,2
scrutiny,2
prob,2
set,2
der,2
mirrors,2
outcome,2
country,2
abandonment,2
ratio,2
contained,2
sampling,2
down,2
instantaneous,2
argue,2
half,2
speech,2
dramatic,2
ar,2
tal,2
past,2
passage,2
living,2
february,2
senate,2
better,2
places,2
believed,2
warnings,2
according,2
combined,2
offering,2
reputations,2
extent,2
her,2
produce,2
tant,2
ideal,2
progress,2
boston,2
org,2
thereby,2
alternatives,2
press,2
convinced,2
discussed,2
subject,2
tried,2
went,2
substance,2
democratic,2
jeroen,2
arguments,2
pa,2
pol,2
buying,2
decommissioned,2
spring,2
argument,2
finding,2
contract,2
chemical,2
accept,2
aware,2
joined,2
instead,2
consumption,2
forbes,2
managing,2
compa,2
rosner,2
increased,2
underlined,2
ergy,2
themselves,2
reached,2
cheaper,2
views,2
instance,2
given,2
beaton,2
objected,2
meeting,2
panies,2
close,2
lindmark,2
challenger,2
final,1
entities,1
tokyo,1
does,1
ending,1
chrysler,1
formulated,1
gerald,1
transportation,1
currently,1
produces,1
rate,1
surround,1
limits,1
prefer,1
acknowl,1
ethics,1
common,1
estimated,1
declared,1
generated,1
cent,1
names,1
stood,1
poration,1
praised,1
fractions,1
stavanger,1
everyone,1
extreme,1
paigns,1
extend,1
nec,1
college,1
fiction,1
arrive,1
determine,1
cut,1
tracked,1
combine,1
ultimate,1
royalties,1
blends,1
ciency,1
arth,1
forcing,1
conversion,1
told,1
center,1
prediction,1
toxope,1
saved,1
concurrently,1
agency,1
identify,1
catastrophe,1
live,1
authority,1
tors,1
true,1
computer,1
continent,1
approaches,1
pressing,1
sure,1
nriagu,1
favor,1
boulder,1
considerations,1
former,1
impervious,1
motive,1
overlook,1
manag,1
justified,1
stan,1
em,1
total,1
paper,1
tunity,1
complacency,1
exceptions,1
containable,1
something,1
assume,1
chandler,1
jerome,1
flared,1
du,1
permitted,1
consultations,1
clair,1
leads,1
protecting,1
intentions,1
cutting,1
laborate,1
round,1
combustion,1
fu,1
witchcraft,1
gap,1
transitions,1
stressed,1
sources,1
curb,1
every,1
interests,1
derives,1
ii,1
fund,1
meters,1
feeling,1
hire,1
viewer,1
elusive,1
secretary,1
sub,1
rove,1
emerged,1
england,1
overnight,1
words,1
gary,1
dramatically,1
possibilities,1
reach,1
principles,1
height,1
downstroke,1
crops,1
examination,1
together,1
undertake,1
pollutants,1
gradual,1
tackling,1
suc,1
oper,1
assembled,1
icc,1
confront,1
borne,1
opin,1
scheme,1
reveal,1
footsteps,1
room,1
graham,1
subsequent,1
efficiently,1
tradeoffs,1
cleans,1
embrace,1
bruised,1
mooring,1
last,1
improving,1
overreaction,1
greatly,1
precisely,1
mr,1
tankers,1
prohibiting,1
pean,1
platforms,1
political,1
normal,1
midgley,1
ber,1
coordinated,1
epidemics,1
somewhat,1
ity,1
additives,1
deadly,1
negligible,1
designs,1
offtake,1
triggered,1
partners,1
side,1
killer,1
lic,1
pense,1
prefaced,1
rolls,1
braks,1
gaps,1
esbjerg,1
unaware,1
paved,1
mass,1
gm,1
incorporate,1
agriculture,1
nificant,1
discuss,1
jus,1
design,1
account,1
opened,1
rehouse,1
understated,1
enforcement,1
illustrate,1
shared,1
ance,1
adopting,1
lication,1
reaction,1
alter,1
positioned,1
interfunctional,1
ings,1
occupy,1
magazine,1
obvious,1
alone,1
alarm,1
occurring,1
invited,1
morale,1
remission,1
desired,1
variations,1
point,1
adoption,1
rela,1
very,1
eliminating,1
coordinating,1
uncertain,1
realistic,1
bottom,1
anticipated,1
along,1
esis,1
representing,1
himself,1
demanded,1
interviews,1
accessed,1
chronic,1
economies,1
benefited,1
cided,1
prevented,1
biodiversity,1
feared,1
manmade,1
scrapping,1
collection,1
behavior,1
attract,1
controlled,1
signal,1
succeed,1
regarding,1
mistake,1
goal,1
chlorofluorocarbon,1
lationships,1
erfjorden,1
fol,1
coun,1
helicopter,1
lon,1
experiences,1
uncom,1
explained,1
raked,1
difficulties,1
immediate,1
losers,1
reject,1
definitely,1
lining,1
winds,1
professor,1
perfor,1
pursuit,1
creators,1
tables,1
sumers,1
heeding,1
multinationals,1
attained,1
interest,1
ease,1
contributors,1
dia,1
concentrations,1
sustain,1
ern,1
evils,1
consumer,1
afford,1
technische,1
aberdeen,1
convention,1
legislators,1
timately,1
overly,1
dence,1
unwilling,1
learning,1
forced,1
funds,1
campaigners,1
weaknesses,1
cerns,1
plausibility,1
rank,1
distinct,1
blame,1
feasible,1
lenge,1
segmented,1
suggesting,1
depend,1
sized,1
subjects,1
approval,1
mover,1
body,1
highest,1
confirmed,1
http,1
mond,1
minus,1
applying,1
epa,1
overtaken,1
sius,1
profit,1
died,1
formulate,1
businesspeople,1
dragon,1
stimulating,1
ingredient,1
preserving,1
vice,1
ecosystems,1
mand,1
colleague,1
oversimplify,1
apparently,1
strengthening,1
sun,1
anchor,1
renewables,1
tained,1
nuanced,1
compromise,1
svg,1
compensat,1
poverty,1
incentive,1
uproar,1
stant,1
lesser,1
committed,1
mechanisms,1
surprisingly,1
civilization,1
offices,1
gued,1
operation,1
gaining,1
conven,1
overestimated,1
via,1
mea,1
high,1
geneva,1
manipulated,1
wrestled,1
whose,1
voters,1
unravel,1
predicted,1
purely,1
mattered,1
expanding,1
arising,1
generations,1
adds,1
tists,1
stop,1
commentators,1
sort,1
decades,1
tocol,1
upstream,1
capture,1
responded,1
remote,1
mean,1
meanwhile,1
players,1
represented,1
ture,1
attracting,1
comply,1
titled,1
persistent,1
legal,1
importance,1
talk,1
certain,1
brand,1
pressured,1
dustry,1
ongoing,1
hearing,1
doubted,1
contributions,1
emergency,1
adept,1
enabled,1
govern,1
accident,1
feel,1
rays,1
awareness,1
dismiss,1
factors,1
update,1
risks,1
enlisted,1
unconventional,1
analy,1
harmed,1
reason,1
rising,1
send,1
branded,1
settled,1
discernible,1
maintaining,1
pared,1
soon,1
vastly,1
freeze,1
rain,1
congested,1
signed,1
entry,1
perts,1
tanker,1
nitrogen,1
familiar,1
slowly,1
otherwise,1
tention,1
amid,1
days,1
weather,1
elevated,1
numbers,1
dominate,1
traces,1
fairness,1
gradually,1
shore,1
curred,1
landing,1
too,1
prevent,1
suspend,1
chal,1
exclu,1
four,1
acceptance,1
sus,1
initiative,1
operate,1
superior,1
recovered,1
ques,1
surface,1
indications,1
efficient,1
avert,1
comprising,1
stark,1
putting,1
greening,1
requires,1
hereafter,1
mix,1
permanent,1
solve,1
phased,1
outrage,1
causing,1
metal,1
projected,1
warmer,1
participated,1
norway,1
mer,1
loading,1
flicting,1
reflections,1
kolk,1
fortable,1
ei,1
plus,1
sive,1
expressed,1
impede,1
legislative,1
serving,1
whom,1
participants,1
introduce,1
underrepresented,1
questioned,1
abandoning,1
allow,1
route,1
appearance,1
histories,1
train,1
ddt,1
critically,1
typical,1
access,1
sbs,1
effort,1
seven,1
lived,1
bomb,1
consulting,1
tells,1
criticisms,1
events,1
boycotts,1
relate,1
dispute,1
noting,1
visser,1
possibility,1
believer,1
cores,1
implemented,1
representative,1
stepping,1
benefit,1
further,1
pro,1
lose,1
pointing,1
fishermen,1
aromatic,1
receive,1
petrochemicals,1
displayed,1
block,1
herstroter,1
skilled,1
activist,1
agreements,1
prohibit,1
recently,1
intensity,1
cannot,1
applied,1
modest,1
discus,1
metals,1
equip,1
fjord,1
ford,1
opposition,1
method,1
oh,1
impression,1
ther,1
taxes,1
weight,1
differ,1
trial,1
protesters,1
interface,1
degrees,1
relief,1
revealed,1
literature,1
publish,1
scope,1
bullets,1
residents,1
already,1
mem,1
circumstantial,1
start,1
emphasis,1
compli,1
framed,1
conse,1
distinguish,1
bulent,1
stake,1
heavily,1
materialize,1
vetoed,1
devising,1
watts,1
example,1
introduc,1
flaring,1
apparent,1
related,1
danish,1
insuperable,1
aro,1
caught,1
inde,1
targets,1
used,1
describe,1
consistently,1
discussions,1
davies,1
cfcs,1
demonstrates,1
suppliers,1
records,1
device,1
documented,1
consistent,1
planning,1
personal,1
illustrative,1
away,1
member,1
riding,1
concretely,1
systematic,1
participate,1
quences,1
showing,1
scorn,1
sions,1
patented,1
buttress,1
nominating,1
announcement,1
correctness,1
delay,1
tough,1
running,1
legacy,1
ratios,1
commerce,1
sense,1
viable,1
hard,1
current,1
lowest,1
impeccable,1
tom,1
stor,1
reliable,1
protest,1
compensating,1
television,1
epw,1
emphasizes,1
moratorium,1
owned,1
ward,1
ticking,1
optimizing,1
calling,1
objec,1
consensus,1
driving,1
tony,1
floating,1
components,1
mini,1
responds,1
temporary,1
peak,1
choosing,1
suddenly,1
realised,1
dismissed,1
oppor,1
widely,1
degradation,1
philip,1
managed,1
visible,1
piston,1
majority,1
quirements,1
results,1
diminished,1
weigh,1
energetically,1
provided,1
preliminary,1
se,1
interruptions,1
impor,1
behalf,1
seemed,1
nations,1
periods,1
appeal,1
south,1
threatened,1
topple,1
highlights,1
led,1
transform,1
shuttle,1
power,1
chains,1
lerner,1
reductions,1
ingenuity,1
advocate,1
hindered,1
collaborating,1
nonetheless,1
elimination,1
contact,1
biologist,1
pable,1
certified,1
gather,1
impacts,1
concede,1
penalized,1
licence,1
ans,1
divergence,1
synthesis,1
permits,1
labeled,1
expansion,1
resisted,1
phasized,1
effi,1
play,1
nearly,1
decade,1
constraints,1
poor,1
april,1
prove,1
convince,1
bon,1
harry,1
tor,1
opted,1
expanded,1
h,1
ice,1
shareholder,1
deserves,1
blending,1
adjusting,1
shipped,1
roads,1
hold,1
phasing,1
single,1
vicinity,1
promoting,1
conclusiveness,1
scarcity,1
confronting,1
frank,1
ume,1
communications,1
forts,1
certainties,1
indus,1
yet,1
selling,1
floods,1
recognized,1
reference,1
permission,1
institute,1
opportunities,1
revisiting,1
represents,1
towards,1
thought,1
mission,1
evil,1
message,1
chatham,1
conced,1
restricted,1
formally,1
times,1
neither,1
tific,1
index,1
perceived,1
today,1
acting,1
editorial,1
nat,1
infrastructure,1
perspectives,1
light,1
enced,1
uncompetitive,1
experimental,1
outlined,1
sludge,1
vocated,1
provocative,1
steve,1
towed,1
qualified,1
lined,1
boost,1
enforce,1
insinuating,1
knocking,1
meets,1
fill,1
investors,1
deconstruct,1
tries,1
divert,1
persuade,1
party,1
sis,1
organizations,1
dilemma,1
untested,1
law,1
houston,1
suit,1
attacks,1
stronger,1
stated,1
again,1
avail,1
bestseller,1
similarly,1
varies,1
put,1
financial,1
lengthy,1
pont,1
shows,1
admit,1
caltech,1
limit,1
preserve,1
overwhelming,1
designing,1
areas,1
outstripping,1
polluted,1
resur,1
beliefs,1
possi,1
kendall,1
inevitably,1
children,1
sponse,1
supplies,1
hear,1
creative,1
end,1
doubt,1
inflict,1
nuclear,1
man,1
benzol,1
agree,1
minister,1
question,1
channel,1
psychologists,1
caracas,1
never,1
organisations,1
conclusions,1
insane,1
hypoth,1
manner,1
road,1
banned,1
suring,1
competitors,1
existing,1
ch,1
norwegian,1
ultimately,1
venezuela,1
dance,1
spell,1
maturity,1
magnus,1
haz,1
poles,1
maneuver,1
ception,1
mospheric,1
consultant,1
tak,1
mance,1
emis,1
sell,1
distance,1
threats,1
itor,1
follows,1
complicated,1
corpo,1
alarmed,1
day,1
ecology,1
trogen,1
multi,1
remove,1
sir,1
tude,1
koninklijke,1
koos,1
behaviors,1
investment,1
spending,1
vast,1
link,1
spective,1
accelerate,1
amendments,1
completed,1
upon,1
winners,1
values,1
deposits,1
decom,1
depended,1
judge,1
birds,1
pendent,1
controlling,1
crease,1
largely,1
chemistry,1
residues,1
rivers,1
additions,1
emphasize,1
incomprehension,1
harvard,1
reservoirs,1
net,1
velopment,1
engineers,1
real,1
engaged,1
continue,1
logo,1
forestalling,1
munity,1
direc,1
trust,1
prelude,1
proposition,1
archive,1
full,1
ontwikkeling,1
ob,1
stayed,1
california,1
optimistic,1
epic,1
initiatives,1
shelter,1
sunken,1
uekoetter,1
trade,1
open,1
discovered,1
truths,1
poisoning,1
reality,1
tional,1
authors,1
oc,1
clouds,1
express,1
language,1
motoring,1
maintenance,1
logic,1
counter,1
held,1
pride,1
started,1
ef,1
lasted,1
period,1
spread,1
summer,1
plant,1
heat,1
meisner,1
premium,1
vival,1
escaped,1
curve,1
mexico,1
ted,1
interacted,1
stantially,1
expired,1
veritas,1
thomas,1
damag,1
latter,1
ap,1
outcry,1
valued,1
especially,1
geochemist,1
norco,1
lovelock,1
editors,1
dermine,1
greeted,1
essary,1
statements,1
stand,1
wise,1
ann,1
gence,1
sig,1
cessfully,1
availability,1
diamond,1
cern,1
offensive,1
seeking,1
alarms,1
probably,1
tioning,1
attracted,1
tap,1
figures,1
occupied,1
haven,1
destruction,1
summarized,1
tougher,1
kristin,1
basically,1
embodied,1
vinced,1
species,1
complicates,1
consumed,1
levy,1
separate,1
ethic,1
disused,1
unexpected,1
tempo,1
cussions,1
ascertained,1
indication,1
akron,1
negotiations,1
siderable,1
fable,1
me,1
chances,1
replied,1
waves,1
independent,1
luiten,1
practising,1
foreign,1
collectively,1
tech,1
pieces,1
prudent,1
reasonable,1
begin,1
brundt,1
parent,1
lines,1
widespread,1
resumed,1
sway,1
novem,1
predict,1
mekjarvik,1
consul,1
smelter,1
seen,1
indiscriminate,1
progressively,1
worse,1
lives,1
softer,1
contribution,1
sequences,1
compromising,1
originated,1
nological,1
seminar,1
tifically,1
indicate,1
distort,1
provider,1
why,1
changes,1
ad,1
introductory,1
protocol,1
analysis,1
moored,1
grade,1
chamber,1
respect,1
drafted,1
types,1
months,1
instances,1
emerging,1
get,1
competi,1
face,1
wants,1
mirror,1
combines,1
converter,1
investigate,1
rigorous,1
greets,1
dupuis,1
regularly,1
cam,1
joseph,1
door,1
matters,1
austria,1
detail,1
claims,1
acquired,1
ration,1
contemplated,1
barrels,1
eidanren,1
fifteen,1
aapg,1
breach,1
tainable,1
ul,1
jectives,1
comparison,1
measurements,1
ronment,1
struck,1
contribu,1
committees,1
htm,1
reefs,1
worri,1
boycotting,1
thousand,1
physical,1
droughts,1
tified,1
cracked,1
untoward,1
astounding,1
ulations,1
lowing,1
sweden,1
utrecht,1
wider,1
belief,1
colorado,1
refinery,1
cover,1
quickly,1
feelings,1
ni,1
edging,1
berkeley,1
supposed,1
lected,1
mutually,1
partner,1
control,1
norske,1
each,1
surfaced,1
halt,1
inspect,1
porate,1
concession,1
reversal,1
oilfield,1
regrets,1
december,1
consum,1
connection,1
strated,1
branches,1
cautiously,1
activating,1
leaders,1
surprised,1
heavy,1
accor,1
pollutes,1
searched,1
bining,1
fellows,1
unburned,1
rely,1
far,1
tetra,1
audience,1
proved,1
reflected,1
build,1
cities,1
differed,1
invite,1
quay,1
royce,1
protect,1
tensify,1
pour,1
quoted,1
works,1
chair,1
newables,1
person,1
turned,1
planetary,1
achievement,1
draw,1
defending,1
experi,1
boarded,1
catastrophic,1
deteriorate,1
unique,1
nationals,1
means,1
selected,1
ion,1
tow,1
ent,1
plants,1
calif,1
empha,1
cel,1
add,1
apologized,1
reiterated,1
theory,1
meteorologist,1
shortfalls,1
leaving,1
adaptation,1
consisting,1
sponsibility,1
listen,1
annexed,1
security,1
accordance,1
local,1
fisheries,1
yield,1
wimp,1
backing,1
precedent,1
almost,1
minimal,1
pesticide,1
don,1
pratt,1
cerned,1
port,1
travel,1
middle,1
welcome,1
unreasonable,1
translated,1
hindsight,1
marking,1
voted,1
researchers,1
recognizing,1
circumstances,1
entire,1
age,1
notified,1
transport,1
dard,1
peace,1
met,1
despite,1
tificial,1
atmospheric,1
hs,1
easy,1
charge,1
buy,1
sitting,1
assumptions,1
commissioned,1
happens,1
confronted,1
sion,1
extended,1
atti,1
tur,1
recounts,1
programs,1
equipped,1
breakthrough,1
mention,1
aims,1
writing,1
goals,1
coming,1
nominated,1
nov,1
come,1
minimizing,1
environmentalist,1
xjl,1
comparable,1
shown,1
commercial,1
unable,1
recent,1
authorized,1
ence,1
cambridge,1
conn,1
average,1
initiated,1
travelling,1
conditions,1
frame,1
washington,1
catch,1
burnt,1
tactical,1
harm,1
urally,1
dangerous,1
emer,1
course,1
sults,1
approximately,1
judges,1
reg,1
land,1
define,1
enabling,1
canadian,1
sur,1
guiding,1
lantic,1
writer,1
involving,1
col,1
you,1
doing,1
disrupt,1
colleagues,1
defined,1
leiden,1
apocalyptic,1
technolo,1
shift,1
speak,1
requesting,1
installa,1
profits,1
observation,1
ated,1
removed,1
posture,1
withdrew,1
det,1
grees,1
nitrate,1
posal,1
proaches,1
consisted,1
say,1
venting,1
mum,1
solicit,1
uncertainty,1
deposition,1
motorways,1
element,1
evi,1
matic,1
gulf,1
achiev,1
immediately,1
conventions,1
euro,1
beirne,1
famous,1
premature,1
fiscal,1
asked,1
ecutive,1
ca,1
costly,1
deeper,1
eagerly,1
hypothesis,1
