WORDCOUNTS,WEIGHT
the,1044
of,498
and,348
in,284
weevil,259
to,228
cotton,196
a,159
that,129
on,104
for,103
boll,97
production,96
s,87
as,85
data,79
with,79
we,72
by,69
was,66
from,65
arrival,58
counties,56
this,56
impact,55
land,53
is,51
local,48
south,45
years,45
percent,44
year,41
county,40
ginning,38
census,38
farmers,35
population,35
values,34
were,34
at,33
after,33
pp,31
have,31
new,30
also,29
figure,29
not,29
states,29
it,28
than,28
or,28
about,27
time,27
effects,27
before,26
contact,26
shows,26
acreage,26
are,25
southern,25
one,24
crop,24
yields,24
united,24
estimates,24
rhode,23
u,23
these,23
olmstead,23
relative,23
agricultural,23
had,22
p,22
more,22
log,22
our,22
those,21
their,21
its,21
how,20
lange,20
but,20
see,20
period,20
total,19
intensity,19
results,19
no,18
would,18
an,18
each,18
varieties,18
research,17
pest,17
panel,17
economic,17
farming,17
bureau,17
table,17
both,17
acres,16
damage,16
usda,16
well,16
two,16
losses,16
arrived,16
history,15
into,15
only,15
other,15
weevils,15
migration,15
corn,15
source,14
first,14
agriculture,14
large,14
weather,14
many,14
did,14
increased,14
be,14
osband,13
hit,13
dc,13
impacts,13
washington,13
insect,12
american,12
variable,12
helms,12
university,12
prices,12
using,12
notes,12
ginned,12
spread,12
gpo,12
text,12
over,12
between,12
might,11
timing,11
even,11
most,11
show,11
reduced,11
giesen,11
social,11
less,11
which,11
plant,11
fixed,10
all,10
crops,10
there,10
sample,10
b,10
standard,10
out,10
because,10
during,10
belt,10
presence,10
overall,10
shock,10
areas,10
present,10
use,10
variables,10
producers,10
texas,10
measure,10
negative,9
consistent,9
real,9
state,9
within,9
such,9
york,9
based,9
entered,9
heavily,9
small,9
annual,9
when,9
observations,9
greatest,9
region,9
significant,9
effect,9
brown,9
provide,9
movements,9
lines,9
analysis,9
alternative,9
bales,9
set,9
economy,9
level,9
early,9
farmland,9
affected,8
they,8
sets,8
sources,8
j,8
great,8
east,8
iv,8
west,8
labor,8
thus,8
across,8
changes,8
just,8
squares,8
could,8
economics,8
literature,8
r,8
decline,8
up,8
percentage,8
do,8
distance,8
number,8
five,8
methods,8
share,8
specification,8
historical,8
yield,8
d,8
little,8
estimated,7
available,7
last,7
prior,7
some,7
output,7
find,7
error,7
section,7
w,7
four,7
uses,7
declined,7
whole,7
sutch,7
us,7
farm,7
increases,7
plantation,7
interacted,7
especially,7
éd,7
been,7
maps,7
investigate,7
geographic,7
control,7
very,7
problem,7
information,7
bounds,7
freedom,7
until,7
difference,7
average,7
much,7
if,6
ols,6
represent,6
measures,6
being,6
upland,6
georgia,6
conditions,6
economies,6
quality,6
ransom,6
kind,6
response,6
l,6
main,6
entry,6
advance,6
initial,6
contains,6
statistics,6
staple,6
several,6
productivity,6
demographic,6
including,6
engaged,6
general,6
panels,6
caused,6
destruction,6
then,6
series,6
has,6
cultivation,6
while,6
include,6
hunter,6
evidence,6
c,6
point,6
entire,6
later,5
estate,5
per,5
units,5
completely,5
occurred,5
revision,5
consortium,5
scientists,5
origin,5
mississippi,5
quarantine,5
date,5
political,5
account,5
development,5
due,5
ware,5
estimate,5
columns,5
may,5
infestation,5
accounts,5
numbers,5
greater,5
carolina,5
produced,5
however,5
required,5
long,5
bulletin,5
dependent,5
morphology,5
various,5
wright,5
fell,5
dashed,5
coad,5
yearbook,5
full,5
black,5
can,5
regressions,5
magnitude,5
column,5
sc,5
almost,5
given,5
through,5
allows,5
instead,5
roughly,5
north,5
common,4
hyslop,4
expect,4
studies,4
decade,4
file,4
t,4
human,4
address,4
advanced,4
least,4
wave,4
producing,4
roosevelt,4
regression,4
theodore,4
changed,4
anticipation,4
possible,4
activity,4
relatively,4
old,4
dates,4
journal,4
higher,4
probability,4
persistent,4
n,4
house,4
too,4
shifted,4
independent,4
view,4
http,4
big,4
late,4
furthermore,4
approached,4
january,4
line,4
significantly,4
example,4
island,4
away,4
revolution,4
polynomial,4
industry,4
climate,4
seed,4
value,4
led,4
indeed,4
still,4
above,4
initially,4
movement,4
latitude,4
merchant,4
culture,4
icpsr,4
reports,4
put,4
efforts,4
fact,4
variation,4
pattern,4
patterns,4
survive,4
looking,4
trend,4
earlier,4
computer,4
james,4
relationship,4
continued,4
rapidly,4
indicate,4
length,4
html,4
exclude,4
fields,4
any,4
summary,4
dramatic,4
rose,4
adults,4
selected,4
nearby,4
sea,4
marketing,4
press,4
became,4
controls,4
varied,4
devoted,4
national,4
temperature,4
typically,4
haines,4
does,3
imported,3
acre,3
fed,3
likely,3
h,3
higgs,3
reductions,3
presents,3
intensities,3
moving,3
edu,3
practices,3
www,3
taken,3
season,3
diseases,3
reveal,3
subsequent,3
declines,3
triggered,3
america,3
march,3
vol,3
taking,3
far,3
resources,3
quantity,3
indicates,3
includes,3
reverse,3
professor,3
price,3
occasioned,3
columbia,3
six,3
generated,3
effective,3
drawn,3
forts,3
poor,3
interesting,3
costs,3
rather,3
his,3
devastating,3
developed,3
elasticity,3
levels,3
capture,3
lasting,3
importance,3
plots,3
means,3
escape,3
parentheses,3
ushcn,3
rain,3
fabian,3
edition,3
entomology,3
instrument,3
argued,3
delta,3
calcium,3
beyond,3
followed,3
cost,3
destructive,3
ripening,3
important,3
closely,3
distribution,3
path,3
location,3
allow,3
longitude,3
markets,3
poisons,3
though,3
suffered,3
harvested,3
gains,3
breeding,3
reduction,3
winter,3
brownsville,3
alan,3
approach,3
errors,3
precipitation,3
change,3
creating,3
indicator,3
suggest,3
next,3
around,3
characteristics,3
mi,3
peak,3
massive,3
geographical,3
will,3
second,3
inch,3
demand,3
insects,3
populations,3
short,3
limited,3
released,3
expanded,3
woods,3
positive,3
yet,3
infested,3
under,3
dusting,3
same,3
sharply,3
robust,3
department,3
rise,3
street,3
paul,3
addition,3
missing,3
larger,3
omitted,3
serious,3
where,3
existing,3
necessary,3
understanding,3
range,3
findings,3
food,3
largely,3
summer,3
high,3
ann,3
corresponds,3
saw,3
arbor,3
species,3
bolls,3
specifications,3
efficiency,3
measured,3
associated,3
following,3
here,3
different,3
feed,3
harvest,3
equilibrium,3
polynomials,3
boundaries,3
drop,3
what,3
form,3
seasonal,3
axis,3
reported,3
coming,3
question,3
shown,3
although,3
area,3
comparison,3
create,3
traditional,3
immediately,3
technological,3
observed,3
should,3
arizona,3
increase,3
rate,2
o,2
ant,2
college,2
arrive,2
offset,2
therefore,2
distributed,2
hearings,2
shocks,2
moss,2
partially,2
jernstedt,2
diversification,2
asserted,2
picking,2
true,2
sunflower,2
committee,2
encourage,2
leads,2
lower,2
davis,2
specifically,2
fifteenth,2
entomologists,2
planting,2
rapid,2
poison,2
leading,2
suggesting,2
warm,2
together,2
simple,2
assembled,2
follows,2
take,2
miles,2
greatly,2
robert,2
case,2
depending,2
key,2
king,2
adverse,2
sought,2
planted,2
killed,2
responses,2
recommended,2
adopting,2
move,2
richard,2
crossed,2
diss,2
supply,2
bottom,2
lambert,2
behavior,2
regarding,2
million,2
review,2
dependence,2
estimating,2
immediate,2
roger,2
against,2
september,2
adopted,2
raises,2
wiley,2
oosterhuis,2
probabilities,2
temp,2
document,2
refer,2
amount,2
squeeze,2
bae,2
smith,2
compared,2
twice,2
jacob,2
misleading,2
compare,2
consequently,2
instruments,2
look,2
william,2
adult,2
pronounced,2
cottons,2
dust,2
impressions,2
alabama,2
invaded,2
americans,2
growth,2
obtained,2
weighted,2
hibernation,2
represented,2
suffer,2
eight,2
direct,2
parts,2
study,2
summarized,2
productive,2
consequences,2
heteroskedasticity,2
thomas,2
consider,2
locally,2
statistical,2
established,2
proved,2
michael,2
benefited,2
recovered,2
larvae,2
shed,2
consequence,2
eradication,2
instance,2
opinion,2
suggested,2
decades,2
appear,2
reflections,2
result,2
lead,2
eom,2
found,2
devastation,2
attack,2
missouri,2
distributor,2
cultural,2
reentered,2
appears,2
inches,2
cannot,2
safe,2
stalks,2
productionweighted,2
wide,2
stations,2
near,2
wayne,2
possibility,2
maturing,2
representatives,2
protected,2
huberwhite,2
douglas,2
haney,2
start,2
bushels,2
part,2
multiplied,2
loss,2
used,2
consistently,2
place,2
size,2
emancipation,2
surrounding,2
employed,2
differentially,2
trends,2
weeks,2
either,2
arkansas,2
good,2
construct,2
commerce,2
infestations,2
describing,2
field,2
manners,2
tom,2
insecticides,2
box,2
pressley,2
sharp,2
spanish,2
few,2
routine,2
oklahoma,2
hist,2
progress,2
florida,2
newly,2
inform,2
gavin,2
periods,2
multicounty,2
offsetting,2
classic,2
nearly,2
infoplease,2
july,2
harry,2
interactions,2
standing,2
cothren,2
scofield,2
single,2
biological,2
guide,2
calculate,2
kent,2
represents,2
marginal,2
technology,2
combat,2
fringes,2
adjusted,2
dummies,2
note,2
shifting,2
gov,2
locality,2
experiment,2
noaa,2
without,2
predicted,2
picture,2
lewis,2
aggregates,2
arsenate,2
carolyn,2
business,2
water,2
blip,2
causality,2
longer,2
limit,2
contrasts,2
scholars,2
appeared,2
end,2
substantially,2
considerable,2
utilize,2
display,2
producer,2
instrumental,2
locations,2
destroyed,2
institutions,2
summers,2
generate,2
made,2
procedure,2
exploits,2
top,2
downplayed,2
congress,2
california,2
three,2
emphasizing,2
august,2
characterized,2
so,2
statistically,2
mexico,2
collected,2
dfs,2
pupae,2
problems,2
internal,2
article,2
trying,2
examine,2
lowered,2
analyze,2
equivalent,2
figures,2
louisiana,2
vector,2
widely,2
anatomy,2
tennessee,2
oa,2
abundance,2
hill,2
inside,2
k,2
referred,2
lost,2
seen,2
yale,2
establish,2
began,2
grade,2
meant,2
detail,2
osborn,2
bates,2
graphs,2
seriously,2
practice,2
exogenous,2
simply,2
farmed,2
economically,2
pt,2
december,2
noisy,2
authorities,2
ph,2
eventually,2
foundation,2
benefit,2
allocated,2
differed,2
numerator,2
beginning,2
according,2
explanations,2
investigation,2
whether,2
making,2
map,2
extent,2
institute,2
require,2
divide,2
virginia,2
fraction,2
popular,2
interaction,2
role,2
african,2
abandoned,2
subject,2
transition,2
everywhere,2
territory,2
resistance,2
world,2
crew,2
additional,2
students,2
argument,2
argues,2
reveals,2
cambridge,2
finding,2
numerous,2
contributed,2
offer,2
eggs,2
smaller,2
ncdc,2
defined,2
attempted,2
measuring,2
exceeded,2
association,2
coefficient,2
potatoes,2
substantial,2
develop,2
focus,2
among,2
cross,2
retention,2
merge,1
dip,1
final,1
winds,1
now,1
possessed,1
currently,1
done,1
revisionist,1
edge,1
disaggregated,1
destroying,1
car,1
fertile,1
concerned,1
inaccurate,1
implying,1
logit,1
created,1
functional,1
mimeo,1
market,1
environmental,1
revolutionary,1
determine,1
intriguing,1
alone,1
considerably,1
compensated,1
voracious,1
pools,1
trash,1
grubs,1
needed,1
hot,1
obsolete,1
systematically,1
myth,1
properly,1
identify,1
ma,1
informative,1
ways,1
bias,1
cliometrics,1
tractor,1
modern,1
quadratic,1
foliage,1
policy,1
protection,1
devices,1
comparisons,1
resurgence,1
locale,1
ian,1
yard,1
predicting,1
detrimental,1
eastward,1
onset,1
detailing,1
plantations,1
arguing,1
chief,1
helm,1
turning,1
experience,1
collaborative,1
diffusion,1
member,1
anything,1
grabber,1
derrick,1
way,1
permit,1
withdrawn,1
please,1
modest,1
every,1
swelling,1
preceding,1
progressed,1
importing,1
exclusive,1
experimented,1
exaggerated,1
aftermath,1
concentrated,1
rush,1
spencer,1
attempt,1
wary,1
terrain,1
permanently,1
worked,1
emerged,1
fragmentary,1
ourselves,1
seems,1
experiments,1
naught,1
definition,1
dramatically,1
possibilities,1
reach,1
buildup,1
onwards,1
attractive,1
assembling,1
explores,1
agrarian,1
advantage,1
lessen,1
estimation,1
inflict,1
alolmstead,1
thank,1
confirming,1
disappearance,1
proves,1
atlantic,1
farther,1
hundred,1
overwintering,1
resulting,1
graham,1
farmer,1
i,1
remove,1
consist,1
elise,1
precisely,1
migrated,1
raised,1
anthonomus,1
contrasting,1
normal,1
decreased,1
diversify,1
somewhat,1
checked,1
surveys,1
stopped,1
context,1
system,1
documenting,1
issue,1
governmental,1
fertilizers,1
resilience,1
eastern,1
causation,1
mites,1
capitalized,1
machinery,1
condition,1
tracing,1
burning,1
soils,1
functions,1
reduce,1
october,1
exaggerate,1
unsuccessfully,1
irrigated,1
apart,1
combination,1
variations,1
say,1
events,1
diffused,1
along,1
correlation,1
promises,1
interact,1
orthogonal,1
measurement,1
sweet,1
warfare,1
tsunami,1
sign,1
make,1
localized,1
controlled,1
interestingly,1
learned,1
central,1
possessing,1
goal,1
evident,1
accessible,1
ravaged,1
punctured,1
denying,1
collapse,1
differential,1
surely,1
dew,1
relationships,1
jobbers,1
points,1
run,1
since,1
illustrates,1
visited,1
stories,1
tables,1
econometric,1
assumes,1
neighbors,1
interest,1
ease,1
ability,1
spot,1
application,1
conducted,1
tucson,1
ucdavis,1
century,1
expected,1
affairs,1
seaboard,1
migrate,1
understates,1
exercise,1
retreats,1
turn,1
cultivator,1
awit,1
adjustment,1
individual,1
nor,1
ct,1
innovation,1
survivors,1
underlying,1
perspective,1
pablo,1
causing,1
stalk,1
serving,1
young,1
outweigh,1
suitable,1
left,1
continuous,1
witnessed,1
helpful,1
weight,1
explore,1
y,1
mirrored,1
obscure,1
powders,1
apparently,1
wet,1
budged,1
fellow,1
generation,1
ginners,1
enrich,1
handful,1
adjust,1
rates,1
headline,1
let,1
dusters,1
employ,1
failed,1
rights,1
opposed,1
online,1
onlinedata,1
avoids,1
urged,1
whose,1
deviations,1
depreciate,1
hopes,1
carloads,1
exact,1
testimony,1
performance,1
intraregional,1
arising,1
cleaned,1
generations,1
adds,1
remain,1
basic,1
cloudy,1
climatology,1
responded,1
process,1
outputs,1
risk,1
associate,1
flexible,1
similar,1
leave,1
balanced,1
huge,1
assuming,1
references,1
special,1
lay,1
factors,1
front,1
az,1
monoculture,1
support,1
understand,1
conscious,1
bad,1
wages,1
possibly,1
fast,1
river,1
mean,1
benefits,1
specialization,1
fertilizer,1
coefficients,1
contaminated,1
director,1
days,1
displays,1
prevent,1
advancing,1
rebounded,1
commonly,1
breakdowns,1
follow,1
storm,1
position,1
putting,1
rice,1
boundary,1
permanent,1
restriction,1
growers,1
helped,1
m,1
strategy,1
cut,1
dependency,1
categorical,1
promote,1
thrust,1
commanded,1
conquest,1
union,1
ei,1
whereas,1
legislative,1
endogenous,1
came,1
assets,1
pursuits,1
thousands,1
sooner,1
migrant,1
abandoning,1
avenue,1
future,1
jolt,1
entering,1
hands,1
traditionally,1
typical,1
effort,1
wiped,1
shelagh,1
zone,1
extinct,1
bug,1
density,1
traversed,1
further,1
neighboring,1
mackay,1
understood,1
informed,1
equal,1
focused,1
hardwoods,1
war,1
displayed,1
michigan,1
surges,1
plaguing,1
hessian,1
ticks,1
companies,1
applied,1
appearing,1
otherwise,1
ravages,1
ginneries,1
bumper,1
explored,1
aridity,1
acceleration,1
hay,1
switch,1
eliminate,1
expensive,1
directly,1
having,1
feeding,1
differ,1
network,1
distinguish,1
perez,1
degrees,1
mule,1
relief,1
mandatory,1
tremendously,1
swelled,1
received,1
unless,1
discusses,1
competing,1
civil,1
linters,1
related,1
confirms,1
irish,1
description,1
ten,1
afroamericans,1
gave,1
q,1
older,1
reynolds,1
cane,1
issues,1
records,1
people,1
work,1
actually,1
falling,1
simulates,1
predicts,1
thereafter,1
augment,1
et,1
legislation,1
folklore,1
showing,1
talented,1
project,1
president,1
interpreted,1
status,1
graph,1
breeders,1
çyts,1
ucla,1
presentations,1
humbug,1
regions,1
citing,1
officials,1
interregional,1
brush,1
sense,1
viable,1
presented,1
sharper,1
cold,1
distances,1
buildings,1
depositing,1
order,1
contrast,1
interacting,1
çxtsc,1
night,1
emerging,1
buds,1
sufficient,1
ignore,1
june,1
smithsonian,1
replace,1
choose,1
migrating,1
grow,1
temporary,1
observe,1
adhere,1
distinguished,1
alluvial,1
usual,1
conclude,1
seeds,1
philip,1
division,1
fully,1
eit,1
ot,1
instrumenting,1
describes,1
inverted,1
cycle,1
provided,1
displaced,1
finds,1
moved,1
aggregate,1
settle,1
countylevel,1
activities,1
fiber,1
society,1
coexist,1
survived,1
pearson,1
debunk,1
threatened,1
retreated,1
critical,1
asset,1
he,1
testifying,1
investigating,1
fly,1
variety,1
absence,1
galveston,1
bepq,1
swollen,1
squared,1
shields,1
wrote,1
located,1
judy,1
expansion,1
techniques,1
jeffery,1
wings,1
cloud,1
trials,1
return,1
indication,1
female,1
prevailing,1
fruitless,1
april,1
community,1
technically,1
realizing,1
dustingwas,1
commenced,1
comments,1
hold,1
selection,1
buffers,1
beetle,1
resilient,1
omits,1
once,1
hibernated,1
communities,1
ineffective,1
bridged,1
edited,1
museum,1
fringe,1
swept,1
wake,1
switching,1
bwit,1
thought,1
evil,1
evolved,1
reversed,1
threat,1
exposure,1
disastrous,1
hilly,1
neither,1
favorable,1
differs,1
management,1
compiled,1
enshrined,1
earned,1
participants,1
included,1
home,1
extinction,1
modestly,1
orders,1
light,1
complete,1
guatemala,1
lacked,1
sizeable,1
accelerated,1
already,1
exodus,1
insights,1
towed,1
begins,1
mention,1
noted,1
exceptionally,1
increasingly,1
midpoints,1
declining,1
volume,1
worst,1
westward,1
suit,1
stronger,1
factory,1
strike,1
passed,1
mark,1
toward,1
again,1
others,1
locating,1
reporting,1
deserves,1
varies,1
chaps,1
towns,1
perfected,1
experienced,1
financial,1
release,1
investigates,1
averages,1
cultivated,1
lack,1
idea,1
consideration,1
fundamental,1
blocks,1
striking,1
proposal,1
enact,1
revenue,1
exclusion,1
frost,1
attempting,1
choice,1
children,1
wu,1
coordinates,1
colgate,1
toxins,1
airplanes,1
contemporary,1
arsenic,1
impending,1
discussed,1
success,1
iza,1
never,1
fits,1
hand,1
drove,1
covered,1
model,1
square,1
secular,1
systematic,1
florence,1
celebrated,1
canvas,1
inhospitable,1
material,1
leveling,1
agencies,1
intensify,1
perhaps,1
native,1
eds,1
hurricane,1
books,1
pesticides,1
hamilton,1
controversy,1
gives,1
going,1
perseverance,1
ibid,1
fight,1
meetings,1
aggregation,1
private,1
predatory,1
exhibit,1
investment,1
deluged,1
averaged,1
excluding,1
pricing,1
discovery,1
completed,1
upon,1
bear,1
matthews,1
limitations,1
slaves,1
galloway,1
robustness,1
wen,1
alas,1
mechanization,1
retains,1
depended,1
sufficiently,1
concern,1
omit,1
controlling,1
sold,1
persisted,1
station,1
virtually,1
assume,1
ideas,1
survey,1
questions,1
actual,1
recovery,1
maturation,1
nothing,1
check,1
purposeful,1
previous,1
delay,1
vu,1
nevertheless,1
dummy,1
shelter,1
low,1
open,1
explorations,1
shielded,1
directed,1
grew,1
comprehensive,1
accounted,1
workers,1
issn,1
held,1
defense,1
keep,1
yit,1
like,1
ny,1
untreated,1
dropping,1
premium,1
farms,1
distinction,1
dry,1
driven,1
kept,1
probable,1
commercially,1
provides,1
curtailing,1
spent,1
productionand,1
strongly,1
favored,1
bidding,1
annually,1
leaves,1
often,1
chapel,1
dollars,1
spreads,1
editors,1
become,1
implementing,1
correlated,1
soybeans,1
exactly,1
story,1
northern,1
reserved,1
versus,1
haven,1
amateur,1
caution,1
sugar,1
usd,1
attention,1
la,1
concluded,1
limiting,1
ranging,1
carried,1
departs,1
stage,1
progeny,1
imply,1
flower,1
raise,1
snout,1
fairly,1
mixture,1
science,1
crucial,1
usually,1
foreign,1
email,1
staples,1
program,1
rough,1
prosperity,1
select,1
eller,1
cottongrowing,1
parent,1
fewer,1
primarily,1
attacking,1
predict,1
slow,1
off,1
mirroring,1
contrary,1
detailed,1
force,1
returned,1
rational,1
anxious,1
covering,1
frames,1
linking,1
quacks,1
life,1
lags,1
extra,1
expectations,1
hi,1
kill,1
timeline,1
surprising,1
frontier,1
equaled,1
education,1
types,1
exists,1
face,1
sess,1
problematic,1
impacted,1
thick,1
evaluation,1
quantitative,1
hasten,1
boheman,1
school,1
assistant,1
environment,1
rolling,1
talluah,1
heavy,1
reliant,1
weevilinduced,1
overriding,1
conclusion,1
charting,1
changing,1
tenancy,1
damaging,1
continues,1
unleashed,1
known,1
physical,1
temporal,1
claims,1
besides,1
symbol,1
equipment,1
triggers,1
offers,1
quickly,1
outcome,1
tenderability,1
ran,1
principle,1
monthly,1
shares,1
specialized,1
insecticide,1
ratio,1
global,1
worthwhile,1
acclimated,1
certainty,1
referees,1
appendix,1
returns,1
report,1
obviously,1
loads,1
enemy,1
ordered,1
build,1
enlarged,1
passage,1
lwf,1
senate,1
sprays,1
respect,1
places,1
noise,1
wit,1
peanuts,1
succeeded,1
unlikely,1
reproduce,1
combined,1
terms,1
rising,1
plants,1
want,1
cause,1
particular,1
grandis,1
imposed,1
dallas,1
hoped,1
calculations,1
protective,1
erect,1
ceased,1
fanners,1
egg,1
correlates,1
unfavorable,1
barely,1
depriving,1
minimal,1
suggests,1
millions,1
travel,1
conference,1
researchers,1
boston,1
intention,1
occasionally,1
trees,1
careful,1
severely,1
code,1
government,1
thereby,1
affecting,1
uniform,1
overwinter,1
revolutions,1
atmospheric,1
prevalent,1
downplays,1
confirm,1
unaffected,1
rendering,1
administration,1
song,1
agents,1
conventional,1
southerners,1
recounts,1
pests,1
summarizes,1
trigger,1
unitary,1
disrupted,1
oceanic,1
behaved,1
mcclelland,1
pair,1
come,1
named,1
robertson,1
refugees,1
conducive,1
invasion,1
plowing,1
undue,1
advent,1
mitigating,1
institutional,1
dusted,1
finally,1
hurt,1
explanation,1
publicized,1
mindful,1
course,1
actively,1
consumers,1
grown,1
need,1
constructed,1
signifkant,1
product,1
regular,1
harbored,1
giannini,1
seeks,1
endogeneity,1
extremely,1
shift,1
untouched,1
campaign,1
ranged,1
morning,1
thousand,1
observation,1
specific,1
supported,1
blacks,1
externality,1
removed,1
withdrew,1
third,1
meaning,1
commodity,1
vary,1
partial,1
maximum,1
exclusively,1
valley,1
cong,1
censuses,1
pwrhode,1
duration,1
counts,1
strong,1
seek,1
whenever,1
owners,1
laborers,1
broader,1
devastated,1
indicating,1
ca,1
built,1
showed,1
termed,1
workings,1
close,1
major,1
occur,1
costly,1
grants,1
thorough,1
