WORDCOUNTS,WEIGHT
the,532
of,347
and,230
to,218
in,181
magna,135
carta,132
that,129
a,102
was,100
as,95
s,74
law,70
on,68
by,66
not,65
is,63
for,57
it,56
rights,52
or,45
american,44
their,40
our,40
land,40
king,39
history,36
america,36
right,34
with,33
be,30
from,29
were,28
government,26
this,26
they,24
perceptions,24
england,24
new,24
we,23
all,22
liberty,22
people,22
but,22
which,22
what,22
great,21
its,21
his,20
parliament,20
have,20
jefferson,20
when,19
founders,19
subjects,18
story,18
english,17
common,16
if,16
one,16
such,16
no,16
john,16
men,16
are,16
revolution,15
before,14
first,14
how,14
only,14
charter,14
franklin,14
did,14
past,14
colonists,14
at,13
laws,13
however,13
these,13
more,13
david,13
james,13
any,13
colonial,13
later,12
british,12
act,12
established,12
w,12
had,12
ancient,12
independence,12
states,12
adams,11
legacy,11
may,11
founding,11
constitution,11
saxe,11
been,11
united,11
claims,11
while,11
world,11
into,10
i,10
there,10
thus,10
an,10
legal,10
coke,10
declaration,10
teaching,10
also,10
them,10
indians,10
years,10
those,9
has,9
some,9
document,9
americans,9
york,9
rather,9
could,9
supreme,9
under,9
god,9
stamp,9
historical,9
between,9
human,8
without,8
war,8
action,8
power,8
documents,8
time,8
where,8
another,8
upon,8
must,8
here,8
over,8
foundation,8
authority,7
position,7
being,7
might,7
centered,7
after,7
most,7
conquest,7
colonies,7
own,7
will,7
same,7
other,7
teachers,7
use,7
would,7
thomas,7
who,7
given,7
come,7
title,6
principles,6
vol,6
century,6
even,6
shall,6
curricular,6
essential,6
study,6
supposed,6
well,6
claim,6
englishmen,6
place,6
settlers,6
led,6
he,6
about,6
us,6
many,6
perhaps,6
made,6
article,6
can,6
establish,6
kings,6
citizens,6
meant,6
then,6
speech,6
virginia,6
declared,5
rested,5
tradition,5
u,5
legally,5
than,5
understand,5
came,5
rule,5
understood,5
cannot,5
seminal,5
blackstone,5
put,5
interpretation,5
tax,5
ed,5
outlined,5
fundamental,5
crown,5
discovery,5
so,5
teach,5
universal,5
according,5
through,5
subject,5
authorized,5
course,5
actions,5
hayter,5
famous,5
now,4
fathers,4
protests,4
medieval,4
tion,4
revolutionary,4
annals,4
every,4
taken,4
attempt,4
nature,4
court,4
sacred,4
issue,4
assured,4
nor,4
left,4
acknowledge,4
interesting,4
ways,4
connected,4
benjamin,4
moreover,4
means,4
settled,4
cotton,4
important,4
advance,4
based,4
found,4
applied,4
public,4
work,4
brought,4
nation,4
justification,4
long,4
governments,4
up,4
society,4
void,4
still,4
read,4
liberties,4
words,4
fact,4
idea,4
ought,4
pennsylvania,4
man,4
never,4
present,4
il,4
original,4
rulers,4
instruction,4
conclusions,4
consent,4
centuries,4
conclusion,4
peoples,4
principle,4
different,4
works,4
answered,4
constitutional,4
ownership,4
press,4
writing,4
question,4
until,4
although,4
charta,4
indian,4
seventeenth,4
much,4
does,3
child,3
stood,3
group,3
modern,3
favor,3
contested,3
titles,3
ii,3
governed,3
pressed,3
reveal,3
stand,3
context,3
case,3
historians,3
task,3
establishing,3
talisman,3
interest,3
thing,3
reasoned,3
colonials,3
influence,3
loyal,3
mattered,3
generations,3
importance,3
b,3
support,3
consider,3
familiar,3
sum,3
glorious,3
legislative,3
immutable,3
participants,3
encyclopaedia,3
directly,3
used,3
part,3
london,3
example,3
civil,3
bible,3
away,3
minds,3
things,3
settlement,3
acts,3
protect,3
petition,3
therefore,3
churchill,3
separation,3
judgment,3
once,3
times,3
two,3
useful,3
britannica,3
french,3
heritage,3
again,3
reasoning,3
together,3
do,3
secular,3
answer,3
native,3
interpreted,3
contemporary,3
national,3
biblical,3
three,3
co,3
like,3
general,3
effect,3
justice,3
respect,3
raise,3
charters,3
inhabitants,3
bound,3
claimed,3
recognize,3
life,3
joseph,3
demonstrate,3
invoked,3
text,3
know,3
country,3
guaranteed,3
brothers,3
far,3
living,3
william,3
penn,3
whether,3
form,3
freedom,3
both,3
tions,3
prepared,3
sensibilities,3
samuel,3
need,3
collaterally,3
chicago,3
era,3
little,3
asked,3
courts,2
woven,2
jury,2
possessed,2
way,2
commentary,2
voided,2
represent,2
math,2
church,2
likely,2
h,2
greater,2
royal,2
something,2
track,2
said,2
either,2
submit,2
interests,2
advanced,2
company,2
exemplar,2
available,2
leaders,2
broken,2
assertion,2
launched,2
real,2
state,2
reading,2
governors,2
behind,2
foundational,2
rests,2
custom,2
e,2
sale,2
occupy,2
collection,2
descendents,2
throughout,2
adam,2
destroyed,2
back,2
holds,2
third,2
find,2
explore,2
operative,2
educators,2
poorly,2
formed,2
town,2
whose,2
license,2
bring,2
slavery,2
edward,2
doctrine,2
pause,2
opportunity,2
undercut,2
possess,2
white,2
reason,2
university,2
signed,2
just,2
superior,2
powerful,2
consequence,2
view,2
contention,2
standards,2
my,2
lead,2
questioned,2
access,2
p,2
attack,2
out,2
viking,2
founder,2
though,2
equal,2
viewed,2
placed,2
governing,2
weight,2
having,2
trial,2
basis,2
future,2
closed,2
decisions,2
purpose,2
knowledge,2
null,2
whole,2
collective,2
reflect,2
anticipating,2
assembly,2
good,2
published,2
governs,2
peterson,2
next,2
exclusionary,2
order,2
acted,2
explicitly,2
small,2
dwell,2
concerns,2
longman,2
ancestors,2
telling,2
seeds,2
classrooms,2
value,2
provided,2
revolutions,2
rest,2
nations,2
tea,2
second,2
inhabit,2
matter,2
entitled,2
wrote,2
tyrants,2
anniversary,2
prevailing,2
prove,2
above,2
make,2
bill,2
hold,2
unintended,2
yet,2
treaty,2
makes,2
perceived,2
k,2
social,2
harper,2
forfeited,2
fellow,2
party,2
stemmed,2
ask,2
lawful,2
langton,2
demonstrating,2
clause,2
end,2
agree,2
took,2
refrain,2
empire,2
accepted,2
less,2
see,2
necessary,2
revisions,2
sir,2
private,2
slaves,2
touchstone,2
began,2
nothing,2
examination,2
dating,2
students,2
ties,2
presentist,2
clear,2
discovered,2
held,2
allowed,2
function,2
practiced,2
commentaries,2
provides,2
faith,2
promote,2
eyes,2
become,2
interpretations,2
britain,2
accordingly,2
enemies,2
versus,2
ago,2
brown,2
separate,2
european,2
applications,2
stems,2
violation,2
george,2
begin,2
lives,2
privileges,2
why,2
often,2
matters,2
proof,2
thinking,2
following,2
antecedent,2
exemplified,2
version,2
founded,2
extensive,2
charles,2
upend,2
set,2
natural,2
conquer,2
seem,2
best,2
section,2
essentially,2
masters,2
merely,2
person,2
terms,2
namely,2
making,2
particular,2
passed,2
travel,2
boston,2
intention,2
timely,2
went,2
territory,2
instructive,2
difference,2
quest,2
d,2
madison,2
remains,2
speak,2
definitive,2
supported,2
surrender,2
themselves,2
c,2
norman,2
early,2
texts,2
winston,2
seek,2
perception,2
scoring,1
summed,1
final,1
usurpations,1
go,1
archives,1
sweeteners,1
helped,1
struggle,1
obligations,1
limits,1
conflicting,1
rect,1
plied,1
meaning,1
danny,1
tyranny,1
created,1
commitment,1
harlow,1
separated,1
truth,1
episodes,1
worthy,1
happier,1
alone,1
exemplars,1
introduction,1
appear,1
pushed,1
passing,1
center,1
discover,1
replaced,1
organizer,1
touched,1
unsatisfactory,1
archbishop,1
myth,1
designed,1
merged,1
word,1
catastrophe,1
blessing,1
remind,1
runnymede,1
schools,1
asserted,1
saxon,1
sold,1
continent,1
ostensibly,1
rounded,1
walker,1
humorless,1
habita,1
studies,1
candidate,1
inference,1
tied,1
protection,1
justified,1
western,1
supposing,1
laid,1
invent,1
noah,1
remedy,1
plantations,1
englewood,1
ayars,1
source,1
chief,1
contexts,1
women,1
purported,1
negative,1
test,1
townsend,1
confederation,1
fabric,1
anything,1
invoking,1
sit,1
ideas,1
else,1
natures,1
failing,1
wrong,1
caroline,1
certainly,1
catalyst,1
give,1
illegally,1
arrival,1
refusal,1
shrouded,1
articulate,1
font,1
unfolding,1
ourselves,1
begged,1
million,1
fallout,1
gary,1
affirmed,1
book,1
contextual,1
down,1
amok,1
revisioned,1
simple,1
therein,1
differences,1
abrogate,1
potentially,1
rich,1
pretense,1
veyed,1
borne,1
bos,1
execu,1
lumped,1
atlantic,1
room,1
religion,1
take,1
invalidate,1
incompre,1
deemed,1
subsequent,1
ronald,1
failures,1
embrace,1
improved,1
mind,1
miles,1
underside,1
trouble,1
henry,1
raised,1
political,1
nash,1
ity,1
within,1
sotheby,1
papers,1
violating,1
legend,1
bluntly,1
side,1
con,1
governmental,1
civics,1
legisla,1
suspect,1
lest,1
plain,1
reissued,1
courtesy,1
albeit,1
primary,1
sought,1
planted,1
pub,1
habeas,1
account,1
red,1
howard,1
possible,1
determined,1
logical,1
politics,1
pre,1
enforcement,1
fl,1
cre,1
condition,1
powers,1
move,1
obvious,1
point,1
incontestable,1
except,1
scorn,1
treating,1
establishment,1
blessings,1
owners,1
conception,1
undoubtedly,1
enter,1
barons,1
letter,1
masonic,1
perot,1
celebrate,1
ross,1
groundless,1
usurping,1
diversity,1
framework,1
mid,1
exist,1
learned,1
pen,1
andrew,1
resonated,1
upheld,1
amendment,1
nullify,1
widened,1
incongruent,1
harcourt,1
historically,1
explained,1
immediate,1
quality,1
ferred,1
run,1
due,1
creatively,1
mead,1
de,1
agent,1
divine,1
authoritative,1
futures,1
subdue,1
moment,1
decided,1
occupancy,1
issued,1
price,1
plymouth,1
boca,1
writ,1
topic,1
treasure,1
emigration,1
privilege,1
kind,1
exhausted,1
dis,1
thereof,1
suppos,1
resting,1
defense,1
distinct,1
elements,1
old,1
rejecting,1
transcends,1
contrary,1
homes,1
quartering,1
percep,1
hensible,1
brace,1
applying,1
formulate,1
quietly,1
factions,1
seal,1
look,1
preserving,1
spoils,1
refusals,1
implanted,1
conceive,1
traditions,1
guard,1
encyclopedia,1
delivered,1
generation,1
ma,1
ton,1
cast,1
scholarly,1
usurp,1
immunities,1
aim,1
failed,1
portland,1
via,1
simultaneously,1
colour,1
r,1
finalized,1
dick,1
serviceable,1
reiterates,1
unimagined,1
devastating,1
perpetu,1
remain,1
basic,1
appreciation,1
revenues,1
notion,1
process,1
victors,1
britannia,1
represented,1
deprived,1
turn,1
idiosyncratic,1
leave,1
colonist,1
induce,1
witness,1
revelation,1
echoed,1
rules,1
frazier,1
govern,1
federalist,1
complaining,1
discoverers,1
ones,1
accounts,1
send,1
expe,1
ensure,1
wanted,1
imprimatur,1
languages,1
repeated,1
grounds,1
tention,1
presumably,1
latin,1
covery,1
invite,1
driven,1
weather,1
elevated,1
thirty,1
n,1
argued,1
vitality,1
frequently,1
reviewed,1
assemblies,1
periodically,1
commented,1
origins,1
follow,1
cabals,1
followed,1
notions,1
stark,1
putting,1
requires,1
problems,1
schooling,1
permanent,1
injustice,1
odd,1
care,1
respected,1
denounced,1
mon,1
suggested,1
providing,1
commanded,1
expressed,1
moving,1
merging,1
introduce,1
tackle,1
asserts,1
bearing,1
societies,1
portable,1
stroke,1
histories,1
conservative,1
begun,1
hands,1
called,1
treatments,1
conspicuous,1
patrick,1
deal,1
intellectuals,1
events,1
dispute,1
abdicated,1
mythical,1
wilkes,1
brooks,1
featured,1
collectively,1
academic,1
further,1
equally,1
occupation,1
standardized,1
traced,1
fodder,1
cultural,1
healthy,1
displayed,1
parliaments,1
stock,1
leonard,1
teacher,1
venue,1
otherwise,1
troops,1
safe,1
your,1
foreshadowed,1
merrill,1
explain,1
hath,1
fox,1
opposition,1
revived,1
peaking,1
randolph,1
briefly,1
because,1
justifies,1
throne,1
scripture,1
advisor,1
none,1
imprisoned,1
clarke,1
taxing,1
inferred,1
writers,1
conse,1
overturn,1
imagined,1
protected,1
debatable,1
heavily,1
thorne,1
explains,1
nclb,1
reserve,1
proportions,1
curriculum,1
primal,1
related,1
topper,1
thoughts,1
criticized,1
ten,1
reminded,1
got,1
year,1
indianapolis,1
realm,1
island,1
discussions,1
referencing,1
issues,1
demonstrates,1
beginnings,1
seated,1
fruitful,1
stimulate,1
et,1
bishop,1
corollary,1
systematic,1
quences,1
harkened,1
suing,1
doubtful,1
cornerstone,1
capitol,1
concurrent,1
declara,1
financier,1
refuse,1
violated,1
massacre,1
earth,1
statutory,1
separa,1
officials,1
least,1
sense,1
correct,1
successful,1
regardless,1
nial,1
frontiersman,1
quite,1
arbitrary,1
several,1
soil,1
sufficient,1
ship,1
folk,1
lawyers,1
master,1
massachusetts,1
vein,1
bases,1
overemphasized,1
inability,1
evanston,1
dependent,1
using,1
conjure,1
peculiar,1
roots,1
altogether,1
appoint,1
am,1
quibble,1
enjoy,1
behalf,1
casts,1
champion,1
pope,1
pearson,1
otis,1
f,1
republican,1
pragmatics,1
san,1
sovereign,1
sons,1
business,1
demand,1
reduced,1
macleish,1
attempts,1
nonetheless,1
various,1
certified,1
declaratory,1
indeed,1
dodd,1
limited,1
play,1
sermon,1
trials,1
appreciate,1
inclusive,1
nearly,1
cared,1
april,1
reduce,1
abiding,1
whatever,1
generalist,1
stellar,1
currency,1
commenced,1
president,1
woods,1
inertia,1
manifest,1
initially,1
raton,1
legitimized,1
seemingly,1
va,1
religious,1
com,1
adage,1
corpus,1
convictions,1
eral,1
foot,1
simultaneous,1
relied,1
uninhabited,1
outlining,1
wake,1
represents,1
cor,1
devotion,1
happened,1
thought,1
serve,1
fail,1
fifth,1
specifics,1
neither,1
puzzle,1
enshrined,1
jay,1
acting,1
included,1
publishing,1
culture,1
choices,1
ofsupression,1
wright,1
al,1
experiment,1
reprint,1
departing,1
reliance,1
begins,1
noted,1
hallmark,1
volume,1
starting,1
name,1
unlimited,1
stoel,1
inventive,1
toward,1
others,1
death,1
europe,1
safety,1
printing,1
l,1
rock,1
addition,1
turner,1
treatment,1
head,1
revenue,1
beliefs,1
appeared,1
choice,1
parting,1
break,1
linchpin,1
penned,1
gillingham,1
debates,1
desire,1
accession,1
levellers,1
edly,1
resolved,1
fashion,1
imperfect,1
honor,1
match,1
ages,1
readers,1
enough,1
throwing,1
v,1
fame,1
paris,1
surd,1
ancients,1
continuing,1
purposes,1
armed,1
tell,1
forth,1
duties,1
material,1
conviction,1
invitation,1
belief,1
books,1
children,1
hamilton,1
presuppose,1
gives,1
entitlement,1
nobody,1
number,1
going,1
free,1
day,1
ibid,1
insured,1
remained,1
studied,1
scant,1
responded,1
flinch,1
imagine,1
unanimously,1
demonstrated,1
understanding,1
mean,1
greatest,1
correctives,1
secured,1
influences,1
explanation,1
mothers,1
range,1
helps,1
israel,1
sides,1
thereto,1
fictional,1
arose,1
translation,1
retains,1
holt,1
proved,1
judge,1
ruling,1
reside,1
louis,1
concern,1
significant,1
expression,1
characteristically,1
franchises,1
largely,1
francis,1
assume,1
morality,1
congress,1
revelations,1
aside,1
satisfactorily,1
conflicted,1
evolution,1
actual,1
identical,1
engaged,1
chosen,1
full,1
sensibili,1
overturned,1
described,1
cameras,1
truths,1
moral,1
reality,1
authors,1
publication,1
language,1
virtues,1
takaki,1
dominated,1
clue,1
victory,1
essay,1
urge,1
vested,1
individual,1
divisions,1
someone,1
justify,1
period,1
inventing,1
reformers,1
plant,1
him,1
colo,1
trek,1
earlier,1
running,1
cabot,1
black,1
martin,1
presidential,1
ap,1
depository,1
artificial,1
gets,1
graphic,1
untangle,1
outside,1
leaves,1
craft,1
declare,1
overcome,1
wise,1
ann,1
acquire,1
fanned,1
sentiments,1
mr,1
ate,1
travelers,1
figures,1
invented,1
occupied,1
tendency,1
irrevocably,1
hardware,1
cliffs,1
embodied,1
canterbury,1
applies,1
reluctant,1
levy,1
unfolded,1
heap,1
genesis,1
carried,1
tests,1
relying,1
christian,1
imply,1
circle,1
peers,1
flower,1
today,1
regula,1
belonged,1
continued,1
assert,1
chance,1
five,1
foreign,1
willingly,1
criminal,1
practitioners,1
maps,1
lines,1
referred,1
tive,1
force,1
digital,1
effectively,1
thirteen,1
expert,1
birthright,1
infringement,1
intend,1
construction,1
blood,1
puritans,1
education,1
charlottesville,1
mother,1
prologue,1
itself,1
articles,1
mirror,1
arts,1
rigorous,1
dickinson,1
borrowed,1
brackenridge,1
school,1
acquired,1
neglected,1
associated,1
precedence,1
repaired,1
lished,1
accordance,1
advancements,1
grubbiness,1
baffled,1
jurists,1
biography,1
simply,1
ever,1
committees,1
continues,1
extension,1
unleashed,1
known,1
exposition,1
stephen,1
skillful,1
masses,1
vacant,1
hearts,1
ralph,1
glimpse,1
acquisitions,1
rubenstein,1
swindler,1
offers,1
potential,1
cousin,1
forty,1
quickly,1
defining,1
remedial,1
continental,1
removed,1
intellectual,1
each,1
share,1
december,1
pronouncement,1
believe,1
alexander,1
pragmatic,1
recalled,1
expense,1
bit,1
iii,1
particularly,1
er,1
treasures,1
magi,1
waver,1
enemy,1
written,1
liberal,1
examining,1
finitive,1
tracts,1
happiness,1
proposed,1
passage,1
better,1
catalogue,1
scholarship,1
believed,1
dismissing,1
cal,1
wilds,1
anointed,1
defend,1
virtual,1
unlikely,1
reaffirmation,1
purchase,1
explanations,1
basics,1
howls,1
laying,1
expres,1
references,1
independently,1
revere,1
imposed,1
males,1
series,1
maintain,1
kallich,1
firmly,1
leaving,1
problem,1
jovanovich,1
foundations,1
local,1
migrations,1
property,1
information,1
hundreds,1
library,1
contain,1
kindled,1
millions,1
popular,1
nj,1
researchers,1
authorizations,1
presented,1
son,1
altered,1
ill,1
taxed,1
introduced,1
despite,1
missiles,1
unlocked,1
ac,1
buy,1
turns,1
intended,1
returning,1
cash,1
controls,1
confronted,1
sion,1
target,1
presentism,1
demanding,1
lesson,1
partake,1
challenges,1
evidenced,1
representation,1
rienced,1
think,1
multiply,1
mentor,1
villains,1
spells,1
shores,1
understandings,1
ultimately,1
theme,1
argument,1
north,1
ignored,1
notes,1
lands,1
sever,1
copies,1
lately,1
frame,1
washington,1
grant,1
finally,1
applicable,1
instead,1
grown,1
include,1
specialists,1
restorative,1
temporal,1
product,1
gen,1
effects,1
settling,1
clues,1
measured,1
francisco,1
summary,1
repealed,1
respective,1
morally,1
restored,1
vi,1
specific,1
imaginations,1
news,1
assumed,1
root,1
danziger,1
tribes,1
mason,1
mystery,1
protested,1
charged,1
say,1
conceptual,1
irrelevant,1
substantial,1
characters,1
erroneously,1
traditional,1
focus,1
immediately,1
among,1
ab,1
drew,1
recent,1
concise,1
virtue,1
resembled,1
payton,1
ca,1
advocating,1
race,1
portrait,1
outlawed,1
dictum,1
row,1
grants,1
