WORDCOUNTS,WEIGHT
the,345
jefferson,195
of,178
to,148
and,132
in,86
a,85
students,84
s,79
that,66
his,48
as,42
see,42
on,42
with,38
for,37
they,27
peterson,26
their,25
new,25
declaration,25
not,25
american,24
he,23
is,23
thomas,22
press,22
have,22
university,21
history,20
document,20
from,19
by,18
america,15
how,15
was,15
this,15
revolution,15
independence,15
it,14
jeffersonian,14
slavery,14
onuf,14
but,14
york,13
portable,13
nation,13
congress,13
are,13
virginia,13
madison,13
letter,12
political,12
an,12
also,12
we,12
one,11
about,11
peter,11
while,11
when,11
at,10
other,10
understand,10
especially,10
if,9
chapter,9
view,9
could,9
because,9
would,9
might,8
some,8
even,8
or,8
teaching,8
documents,8
john,8
which,8
examine,8
why,8
charlottesville,8
then,8
our,8
be,8
draft,8
into,7
all,7
king,7
just,7
well,7
its,7
thought,7
thesis,7
two,7
only,7
more,7
mark,7
smith,7
identity,7
after,7
james,7
wills,7
what,7
them,7
summary,7
early,7
mind,6
has,6
west,6
against,6
may,6
rights,6
study,6
founding,6
had,6
next,6
make,6
oxford,6
ed,6
these,6
many,6
teachers,6
understanding,6
can,6
life,6
did,6
through,6
allows,6
conception,6
first,5
class,5
nature,5
were,5
i,5
those,5
context,5
cabinet,5
hemings,5
consider,5
image,5
paragraph,5
union,5
war,5
future,5
will,5
read,5
words,5
time,5
inventing,5
sally,5
chance,5
who,5
often,5
text,5
list,5
imperial,5
republic,5
world,5
crisis,5
evidence,5
states,5
much,5
final,4
introduction,4
modern,4
address,4
written,4
british,4
right,4
edit,4
himself,4
chapters,4
inner,4
explore,4
student,4
generation,4
section,4
constitution,4
merrill,4
thoughts,4
people,4
own,4
social,4
lewis,4
shows,4
do,4
empire,4
encounter,4
him,4
provides,4
legacies,4
version,4
over,4
past,4
better,4
come,4
contract,4
finally,4
course,4
does,3
struggle,3
later,3
meaning,3
groups,3
inconsistent,3
before,3
wrong,3
attempt,3
advantage,3
great,3
survey,3
reading,3
politics,3
exist,3
author,3
unity,3
slave,3
dates,3
americans,3
process,3
most,3
show,3
nullification,3
putting,3
answers,3
events,3
radical,3
teacher,3
line,3
civil,3
northwest,3
change,3
sense,3
caused,3
small,3
notes,3
lincoln,3
republican,3
wrote,3
comments,3
once,3
us,3
jay,3
culture,3
ordinance,3
gain,3
again,3
efforts,3
ground,3
hamilton,3
encountered,3
disagreements,3
discussion,3
writings,3
wonderful,3
harvard,3
three,3
essay,3
co,3
period,3
trying,3
become,3
present,3
asking,3
relationship,3
note,3
federalists,3
establish,3
britain,3
founders,3
natural,3
principle,3
malone,3
best,3
historical,3
growing,3
little,3
arguments,3
writing,3
argument,3
washington,3
although,3
define,3
approach,3
philosophy,3
between,3
difficult,2
edits,2
common,2
way,2
commentary,2
everyone,2
revolutionary,2
appear,2
center,2
instructions,2
ways,2
wolf,2
western,2
women,2
came,2
aside,2
long,2
implications,2
historians,2
ears,2
allow,2
stretch,2
seems,2
liberty,2
parties,2
georgia,2
knowing,2
desire,2
studied,2
government,2
roosevelt,2
date,2
remainder,2
henry,2
dumas,2
papers,2
rewriting,2
task,2
discuss,2
felt,2
point,2
say,2
laws,2
split,2
human,2
throughout,2
development,2
september,2
adopted,2
convention,2
clark,2
usufruct,2
allowing,2
find,2
like,2
than,2
william,2
messages,2
kentucky,2
grasp,2
revisit,2
no,2
hopes,2
without,2
generations,2
declaring,2
burroughs,2
edward,2
mean,2
knew,2
opportunity,2
importance,2
ongoing,2
envision,2
congressional,2
means,2
familiar,2
clearly,2
guesses,2
house,2
colonists,2
too,2
solid,2
age,2
voluminous,2
vietnam,2
connecting,2
hereafter,2
opinion,2
suggested,2
enacting,2
expressed,2
uses,2
closely,2
my,2
holmes,2
carolina,2
noting,2
inaugural,2
further,2
understood,2
though,2
burstein,2
however,2
scripture,2
having,2
work,2
start,2
claim,2
concept,2
part,2
comment,2
year,2
place,2
issues,2
earth,2
good,2
construct,2
emerging,2
feelings,2
always,2
capitalized,2
describes,2
am,2
rest,2
society,2
nations,2
south,2
second,2
role,2
letters,2
imagery,2
anas,2
still,2
reconstruction,2
blending,2
hold,2
virginian,2
edited,2
treaty,2
under,2
choices,2
insights,2
reports,2
lee,2
french,2
paul,2
maier,2
others,2
nationhood,2
idea,2
break,2
debates,2
never,2
learn,2
discussing,2
armed,2
michael,2
mcnamara,2
deep,2
controversy,2
gives,2
years,2
another,2
lowercase,2
original,2
private,2
finish,2
father,2
examples,2
background,2
cambridge,2
made,2
upon,2
hamiltonian,2
slaves,2
questions,2
clauses,2
examination,2
ibid,2
franklin,2
trade,2
assignment,2
language,2
august,2
someone,2
federal,2
belongs,2
serves,2
conversation,2
state,2
guess,2
tenuous,2
deletion,2
brown,2
today,2
george,2
figure,2
begin,2
parton,2
recognize,2
united,2
peripheries,2
meant,2
presidency,2
historian,2
must,2
simply,2
glimpse,2
know,2
evokes,2
intellectual,2
introducing,2
scientist,2
deleted,2
lying,2
setting,2
seem,2
report,2
inquiry,2
eventually,2
examining,2
armitage,2
living,2
carefully,2
terms,2
rebellion,2
attitudes,2
passed,2
theory,2
leaving,2
constitutional,2
boston,2
occasionally,2
despite,2
colonial,2
eric,2
coles,2
ultimately,2
lists,2
freehling,2
wish,2
review,2
quotes,2
c,2
johnson,2
gettysburg,2
ends,2
should,2
nicholas,1
miller,1
appropriation,1
done,1
personally,1
accomplish,1
fathers,1
concerned,1
inaccurate,1
stylistic,1
tyranny,1
created,1
truth,1
restates,1
machinations,1
expedition,1
determine,1
worthy,1
cut,1
e,1
submission,1
adoption,1
mclean,1
plainly,1
likewise,1
becoming,1
large,1
opposes,1
elaborated,1
essays,1
word,1
likely,1
english,1
matching,1
former,1
acceptance,1
policy,1
knotty,1
committee,1
ian,1
unassisted,1
allies,1
presents,1
holding,1
freeman,1
antebellum,1
moving,1
something,1
stem,1
source,1
iax,1
finkelman,1
themes,1
test,1
being,1
said,1
member,1
anything,1
gossip,1
justify,1
explaining,1
www,1
every,1
handwriting,1
expands,1
certainly,1
jenerson,1
wax,1
falsely,1
rested,1
feeling,1
spencer,1
teenager,1
england,1
bloomington,1
declares,1
uncovering,1
aforementioned,1
principles,1
seneca,1
withholding,1
together,1
accompanied,1
thank,1
farmers,1
grounding,1
fully,1
reveal,1
onto,1
secessionists,1
religion,1
take,1
nationalism,1
robert,1
similarities,1
faceless,1
courage,1
akin,1
nowhere,1
side,1
proceed,1
whiskey,1
ascribed,1
suspect,1
inquire,1
plain,1
treason,1
recorded,1
key,1
pulled,1
unalterably,1
advice,1
primary,1
march,1
jack,1
marked,1
concentrating,1
election,1
october,1
ings,1
greene,1
move,1
vital,1
arenas,1
taking,1
mockworthy,1
far,1
waging,1
politician,1
scandal,1
irrational,1
plenty,1
docuteaching,1
urging,1
merica,1
collection,1
penetrate,1
sign,1
regarding,1
mistake,1
andrew,1
fascinated,1
surely,1
harcourt,1
merchants,1
spectrum,1
difficulties,1
such,1
cott,1
inevitable,1
since,1
analyzing,1
pursuit,1
integral,1
confer,1
interest,1
ability,1
moment,1
occurs,1
highlighting,1
adams,1
commencing,1
century,1
admitted,1
affairs,1
exercise,1
turn,1
enliven,1
nor,1
destroyed,1
mentors,1
bay,1
keep,1
displays,1
back,1
subjects,1
six,1
difficulty,1
young,1
served,1
quit,1
brace,1
conkin,1
truly,1
compare,1
coinciding,1
stimulating,1
intrigued,1
critique,1
resolutions,1
apparently,1
guard,1
influence,1
stanley,1
garry,1
virtuous,1
ment,1
critiquing,1
deist,1
battles,1
perfect,1
employ,1
failed,1
opposed,1
interesting,1
urged,1
whose,1
unravel,1
act,1
rather,1
performance,1
brethren,1
across,1
developed,1
stop,1
annette,1
notion,1
consternation,1
signaled,1
earlier,1
eight,1
strands,1
talk,1
unconstitutional,1
benjamin,1
contributions,1
pages,1
lacking,1
grieving,1
summarized,1
republicans,1
biographer,1
ordeal,1
changes,1
ensure,1
suspense,1
oranootan,1
teaches,1
bunch,1
days,1
impact,1
invariably,1
haunt,1
argued,1
prevent,1
orally,1
four,1
ministers,1
demarcation,1
follow,1
harmed,1
beyond,1
unfeeling,1
problems,1
angrily,1
guidance,1
care,1
m,1
important,1
preference,1
retirement,1
oblique,1
banning,1
friends,1
greater,1
declarations,1
talking,1
confederation,1
snodgrass,1
introduce,1
deletions,1
nancy,1
bearing,1
diverging,1
societies,1
train,1
found,1
entered,1
begun,1
hands,1
called,1
strength,1
typical,1
missouri,1
out,1
changed,1
international,1
unconcerned,1
mythical,1
emotionally,1
representative,1
term,1
accurately,1
outset,1
cuts,1
oiiqs,1
pursued,1
produced,1
mckitrick,1
promise,1
analogous,1
diatribe,1
otherwise,1
wealth,1
explain,1
rantings,1
public,1
january,1
memory,1
briefly,1
justifies,1
betrayed,1
correctly,1
revealed,1
used,1
bystanders,1
nameless,1
organize,1
statehood,1
disunion,1
schuster,1
translate,1
writers,1
preferred,1
nine,1
fosters,1
example,1
unfinished,1
verbiage,1
positions,1
routinely,1
reminded,1
intentionally,1
whole,1
gave,1
fit,1
discussions,1
positing,1
during,1
policies,1
inspire,1
accidental,1
concentrate,1
forces,1
focuses,1
contentious,1
astute,1
stanford,1
won,1
president,1
horizon,1
visions,1
minds,1
patriots,1
misguided,1
delay,1
tone,1
joanne,1
legacy,1
painting,1
correct,1
cruel,1
manners,1
anger,1
alto,1
discourse,1
quite,1
midst,1
prologue,1
saddened,1
family,1
revisited,1
spanish,1
shapes,1
june,1
rereading,1
concerns,1
temporary,1
breaking,1
civic,1
compromise,1
observe,1
disparate,1
distinguished,1
professionally,1
parliament,1
generally,1
extracted,1
odor,1
wife,1
using,1
correspondence,1
notice,1
ghost,1
grateful,1
gordon,1
reducing,1
geographical,1
knowledge,1
periods,1
temporarily,1
critical,1
defended,1
candid,1
authorization,1
equality,1
scan,1
nonetheless,1
elimination,1
pilgrimage,1
overall,1
expansion,1
plans,1
return,1
april,1
prove,1
july,1
echoing,1
bill,1
sending,1
seemingly,1
religious,1
single,1
loc,1
yet,1
fascinating,1
examined,1
opportunities,1
security,1
addition,1
pp,1
lyndon,1
god,1
times,1
neither,1
disagreeable,1
reconciliation,1
falls,1
complete,1
same,1
gov,1
experiment,1
frightened,1
already,1
heated,1
identification,1
noted,1
impenetrable,1
jpg,1
functioned,1
harper,1
jon,1
love,1
volume,1
sam,1
endured,1
resolution,1
unlimited,1
law,1
omission,1
stronger,1
stated,1
toward,1
stating,1
available,1
similarly,1
ask,1
gordonreed,1
tremendous,1
added,1
financial,1
emotions,1
herbert,1
lengthy,1
populists,1
fact,1
longer,1
reinvention,1
preserve,1
overwhelming,1
scholars,1
plan,1
creeping,1
ought,1
choice,1
viii,1
contradict,1
penned,1
becker,1
amusingly,1
man,1
remark,1
misremembered,1
honor,1
remade,1
spain,1
covered,1
model,1
manner,1
road,1
gary,1
continuing,1
developing,1
purposes,1
relevant,1
hated,1
celebrated,1
ports,1
necessary,1
material,1
ahead,1
blaming,1
woman,1
daunting,1
weaken,1
eds,1
slaveholder,1
number,1
free,1
day,1
polities,1
desires,1
remained,1
autobiography,1
simon,1
crown,1
difference,1
classes,1
understandable,1
session,1
indiana,1
considering,1
knopf,1
ttp,1
range,1
formal,1
strongly,1
vexing,1
judge,1
concern,1
host,1
secretary,1
knell,1
use,1
affection,1
numerous,1
causes,1
revelations,1
pauline,1
ideas,1
resulting,1
prelude,1
optimist,1
goading,1
full,1
previous,1
literate,1
office,1
versions,1
rejected,1
ties,1
open,1
similar,1
truths,1
diplomacy,1
disappointed,1
logic,1
defense,1
david,1
fragments,1
allowed,1
reviewers,1
helpful,1
so,1
general,1
vintage,1
crafted,1
probable,1
anyone,1
fragility,1
black,1
commentaries,1
presidential,1
quick,1
foner,1
accusing,1
methods,1
constructing,1
editors,1
palo,1
declare,1
jeffersonianism,1
systematical,1
exactly,1
deliberate,1
sentiments,1
teach,1
claiming,1
postwar,1
rhetorical,1
securing,1
lockean,1
haven,1
elkins,1
connections,1
creativity,1
species,1
decision,1
dude,1
separate,1
shocked,1
suspects,1
refused,1
lance,1
penguin,1
scared,1
perusing,1
independent,1
recall,1
movements,1
bold,1
sometimes,1
been,1
five,1
vision,1
selections,1
prose,1
foster,1
lines,1
oppressions,1
populist,1
sway,1
revisionism,1
bonds,1
seen,1
detailed,1
yale,1
force,1
landmarks,1
effectively,1
federalism,1
brainstorm,1
try,1
construction,1
paternal,1
ward,1
endure,1
composed,1
education,1
night,1
months,1
exists,1
articles,1
intrude,1
vehemence,1
earliest,1
matters,1
claims,1
goldberg,1
sections,1
school,1
share,1
fifteen,1
thinking,1
following,1
fliegelman,1
series,1
conclusion,1
changing,1
peoples,1
forget,1
athens,1
demonstrate,1
undercurrents,1
continues,1
theme,1
stephen,1
skillful,1
framers,1
alludes,1
carl,1
here,1
staked,1
affords,1
phrasing,1
cover,1
butler,1
quickly,1
defining,1
colonization,1
each,1
country,1
sentimentalized,1
hem,1
global,1
exploration,1
board,1
alexander,1
acts,1
sloan,1
argue,1
surprised,1
roane,1
scenario,1
assignments,1
allied,1
iii,1
ideological,1
concurrently,1
altered,1
exhibits,1
very,1
cautious,1
happiness,1
placing,1
quoted,1
conrad,1
type,1
instant,1
places,1
person,1
charged,1
lens,1
abigail,1
purchase,1
fuller,1
denouncing,1
protections,1
reactions,1
ones,1
making,1
references,1
abraham,1
cause,1
particular,1
add,1
nascent,1
map,1
writes,1
her,1
linger,1
fodder,1
studying,1
secure,1
jacobins,1
calhoun,1
voice,1
influenced,1
minimal,1
up,1
targets,1
freedom,1
art,1
fourteen,1
middle,1
yeoman,1
biography,1
presented,1
multiple,1
lifetime,1
conclude,1
revolutions,1
innocent,1
turns,1
subject,1
tried,1
puzzled,1
rash,1
extended,1
reconstruct,1
lesson,1
indebted,1
appointed,1
unitary,1
goals,1
think,1
jan,1
prepared,1
named,1
false,1
origins,1
until,1
instructive,1
north,1
argues,1
editor,1
lands,1
intensified,1
copies,1
deepening,1
conditions,1
national,1
write,1
offer,1
instead,1
enlightenment,1
land,1
d,1
need,1
opinions,1
partisanship,1
france,1
piece,1
colleagues,1
captain,1
shift,1
speak,1
anonymous,1
needs,1
ensconced,1
blacks,1
workings,1
safeguard,1
removing,1
loyalist,1
scholarship,1
butchering,1
skeptically,1
views,1
substantial,1
predictable,1
eloquently,1
given,1
librarians,1
re,1
images,1
immediately,1
strong,1
seek,1
taylor,1
drew,1
recent,1
famous,1
concise,1
building,1
conversations,1
termed,1
portrait,1
major,1
row,1
