WORDCOUNTS,WEIGHT
the,988
of,887
and,553
in,496
to,381
a,285
s,133
for,129
was,120
that,119
pp,113
his,103
by,102
history,100
queries,98
on,94
as,92
he,89
or,83
i,73
society,73
it,71
printed,71
from,70
be,67
had,66
this,66
an,64
county,63
ms,61
with,59
london,55
which,55
natural,55
what,53
were,51
at,49
their,49
oxford,47
d,44
is,43
p,42
john,42
have,40
r,39
antiquities,37
may,36
information,36
scotland,35
ed,35
early,35
lib,34
bod,34
research,34
one,33
such,33
see,33
who,32
antiquaries,31
its,31
are,31
willis,31
british,30
fos,29
these,29
been,29
robert,28
questionnaire,28
account,28
n,28
some,27
them,27
f,27
other,27
not,27
isles,27
c,27
among,27
but,26
science,26
clergy,25
also,25
england,24
century,24
parishes,24
they,23
all,23
great,23
more,23
v,23
questionnaires,23
t,22
edward,22
parish,22
questions,22
set,22
both,22
first,21
sent,21
published,21
present,21
ireland,21
so,21
those,20
royal,20
wales,20
another,20
sir,20
would,20
parochial,20
when,20
each,20
william,20
you,20
most,19
fo,19
order,19
two,19
many,19
state,19
church,18
vols,18
j,18
copy,18
answers,18
work,18
hooke,18
any,18
copies,18
proposed,17
plot,17
part,17
social,17
eighteenth,17
inquiry,17
richard,16
no,16
b,16
aubrey,16
m,16
fox,16
nichols,16
during,16
own,16
new,16
wing,16
gentry,16
into,15
papers,15
learned,15
adam,15
statistical,15
my,15
philosophical,15
knowledge,15
description,15
inquiries,15
gentlemen,15
francis,15
thomas,15
country,15
returns,15
english,14
h,14
theobald,14
dublin,14
relating,14
counties,14
machell,14
up,14
britain,14
rawlinson,14
same,14
heads,14
britannia,14
between,14
e,13
replies,13
magazine,13
oxfordshire,13
general,13
across,13
parts,13
w,13
could,13
record,13
project,13
letters,13
only,13
him,13
enquiries,13
lhwyd,13
edinburgh,13
blomefield,13
years,13
much,13
later,12
sibbald,12
there,12
has,12
sinclair,12
l,12
ogilby,12
your,12
method,12
geographical,12
time,12
geography,12
material,12
upon,12
after,12
following,12
through,12
antiquary,12
ashmole,12
günther,11
every,11
gough,11
scottish,11
four,11
bl,11
rawl,11
received,11
will,11
antiquarian,11
under,11
end,11
seventeenth,11
number,11
period,11
over,11
intended,11
national,11
mr,10
response,10
journal,10
boyle,10
circulation,10
civil,10
people,10
norfolk,10
notes,10
economic,10
gentleman,10
local,10
accounts,10
became,10
o,9
if,9
something,9
might,9
nature,9
together,9
letter,9
than,9
influence,9
how,9
baconian,9
whom,9
societies,9
public,9
out,9
late,9
well,9
example,9
year,9
ancient,9
molyneux,9
ingenious,9
publication,9
become,9
hunter,9
articles,9
arts,9
addressed,9
several,9
transactions,9
provided,9
common,8
studies,8
before,8
written,8
bibliotheca,8
since,8
interest,8
visitation,8
kind,8
ecclesiastical,8
nas,8
emery,8
study,8
hartlib,8
circulated,8
clearly,8
additional,8
further,8
james,8
data,8
irish,8
either,8
regions,8
hutchins,8
wake,8
tour,8
ch,8
political,8
very,8
past,8
list,8
ye,8
nls,8
surveys,8
focus,8
speculum,7
petty,7
item,7
iv,7
agriculture,7
topographica,7
sweet,7
g,7
adopted,7
concerning,7
networks,7
without,7
means,7
reprinted,7
interrogatories,7
population,7
however,7
good,7
responses,7
june,7
devon,7
rs,7
meanwhile,7
britannica,7
do,7
michael,7
answer,7
eds,7
significant,7
comprehensive,7
men,7
edmund,7
practice,7
must,7
few,7
researches,7
particular,7
november,7
sheets,7
write,7
charles,7
northamptonshire,6
library,6
buckinghamshire,6
modern,6
experience,6
being,6
came,6
able,6
help,6
gibson,6
sheet,6
daniel,6
dr,6
correspondents,6
vol,6
reply,6
collection,6
thus,6
reproduced,6
places,6
academic,6
drawn,6
similar,6
certain,6
too,6
important,6
strategy,6
methodology,6
circular,6
purpose,6
whole,6
lhuyd,6
rector,6
towards,6
around,6
reverend,6
short,6
make,6
about,6
complete,6
fellow,6
again,6
others,6
never,6
wood,6
made,6
completed,6
beaumont,6
yorkshire,6
browne,6
detailed,6
began,6
parsons,6
owed,6
centuries,6
dorset,6
nobility,6
historical,6
february,6
while,6
estc,6
topographical,6
writing,6
day,6
persuaded,6
drew,6
should,6
way,5
manuscript,5
distributed,5
large,5
burton,5
formed,5
britanniae,5
descriptions,5
materials,5
said,5
morton,5
sources,5
localities,5
allan,5
hundred,5
naturall,5
survey,5
odnb,5
just,5
classified,5
sought,5
framework,5
development,5
issued,5
sets,5
single,5
johnston,5
curii,5
gathering,5
support,5
mendyk,5
withers,5
edition,5
ministers,5
david,5
histories,5
curiosity,5
camden,5
kendal,5
level,5
dictionary,5
correspondence,5
value,5
wrote,5
acknowledged,5
included,5
propounded,5
friend,5
useful,5
figure,5
shelf,5
peck,5
scholars,5
xii,5
model,5
where,5
exercises,5
identity,5
use,5
additions,5
collaborative,5
full,5
office,5
berkshire,5
three,5
august,5
like,5
latter,5
often,5
january,5
topography,5
circle,5
me,5
george,5
volumes,5
life,5
historian,5
extensive,5
ever,5
intellectual,5
report,5
adv,5
idem,5
form,5
almost,5
apparently,5
cambridge,5
although,5
observation,5
valuable,5
stuart,4
anthony,4
pennant,4
told,4
true,4
decade,4
committee,4
total,4
interests,4
ii,4
address,4
twenty,4
soliciting,4
achieved,4
headings,4
within,4
design,4
ç,4
politics,4
folio,4
intelligent,4
boate,4
mores,4
pursuit,4
walter,4
learning,4
ai,4
bacon,4
y,4
generation,4
york,4
archaeologia,4
pages,4
making,4
improvement,4
followed,4
result,4
agenda,4
ambition,4
instauration,4
walwyn,4
appears,4
instrumental,4
find,4
near,4
having,4
basis,4
publish,4
ot,4
nro,4
president,4
rowe,4
approach,4
sense,4
activities,4
second,4
scientific,4
enright,4
poor,4
edited,4
regional,4
surrey,4
continued,4
inhabitants,4
members,4
death,4
husbandry,4
georgian,4
idea,4
nathaniel,4
pamphlet,4
forging,4
doubt,4
considerable,4
queres,4
remained,4
private,4
gower,4
concern,4
directed,4
peter,4
henry,4
atlas,4
aid,4
collections,4
returned,4
desir,4
series,4
alfo,4
here,4
dimension,4
literary,4
different,4
did,4
print,4
better,4
scholarship,4
scholarly,4
whether,4
stoker,4
little,4
somerset,4
appointed,4
milles,4
come,4
gloucestershire,4
taylor,4
arnold,4
resources,4
customs,4
fleming,3
now,3
berks,3
names,3
holman,3
college,3
introduction,3
severall,3
fletcher,3
undertaken,3
acquainted,3
source,3
amongst,3
modest,3
long,3
devonshire,3
clergymen,3
restoration,3
abound,3
hoskins,3
publick,3
request,3
desire,3
government,3
antiquarianism,3
devised,3
innes,3
pitt,3
historians,3
u,3
hall,3
announced,3
possible,3
activity,3
undertaking,3
october,3
x,3
evans,3
throughout,3
som,3
quality,3
relatively,3
brother,3
kirk,3
ability,3
hat,3
exercise,3
old,3
clark,3
honourable,3
back,3
young,3
even,3
content,3
north,3
though,3
visitations,3
played,3
exact,3
rather,3
sort,3
lhywd,3
process,3
holistic,3
accurate,3
earlier,3
publisher,3
travels,3
derived,3
ix,3
í,3
university,3
established,3
numbers,3
age,3
leicester,3
bridges,3
origins,3
beyond,3
willing,3
cases,3
suggested,3
wiltshire,3
view,3
gregory,3
served,3
acquiring,3
durham,3
silence,3
produced,3
otherwise,3
woodbridge,3
xn,3
periodical,3
future,3
edn,3
barren,3
utilized,3
collective,3
leicestershire,3
thereafter,3
bishop,3
least,3
interrogatory,3
field,3
manners,3
withrington,3
volume,3
next,3
quite,3
lye,3
sole,3
constituency,3
success,3
boundaries,3
dedicated,3
fully,3
nd,3
progress,3
results,3
proper,3
world,3
notice,3
peculiar,3
newly,3
lincoln,3
am,3
therefore,3
role,3
provide,3
matter,3
return,3
eminent,3
harris,3
piggott,3
april,3
community,3
surviving,3
positive,3
communities,3
kent,3
yet,3
soon,3
ro,3
al,3
name,3
scot,3
mark,3
efforts,3
longer,3
lack,3
thoresby,3
remark,3
took,3
purposes,3
less,3
necessary,3
hereford,3
perhaps,3
survive,3
endeavour,3
top,3
empirical,3
characteristically,3
ideas,3
individuals,3
deployed,3
overlap,3
requests,3
versions,3
trade,3
communicated,3
leave,3
summer,3
mines,3
kept,3
jeremiah,3
article,3
promote,3
can,3
illustrations,3
relative,3
westmorland,3
ago,3
inferior,3
separate,3
lo,3
cumbria,3
publishing,3
monuments,3
compiling,3
methods,3
hope,3
itself,3
stephen,3
contained,3
curious,3
eventually,3
dispersed,3
version,3
archaeology,3
founded,3
demonstrate,3
known,3
organization,3
ralph,3
whaddon,3
herefordshire,3
december,3
board,3
industry,3
best,3
maitland,3
disperse,3
works,3
evident,3
investigation,3
webster,3
manufactures,3
distribution,3
extent,3
suggests,3
intention,3
reported,3
despite,3
press,3
ac,3
went,3
condition,3
found,3
diocese,3
think,3
our,3
question,3
until,3
woolf,3
vulgar,3
institutional,3
samuel,3
land,3
consolidated,3
evidence,3
glass,3
programme,3
area,3
requesting,3
vi,3
ihc,3
era,3
enterprise,3
antient,3
cr,3
doing,3
close,3
bury,3
sa,2
given,2
does,2
darlington,2
done,2
child,2
odjvb,2
concerned,2
rev,2
scholar,2
ready,2
protestant,2
expedition,2
legacie,2
insufficiently,2
worthy,2
foundation,2
ofthat,2
utility,2
group,2
becoming,2
archbishop,2
kinds,2
essays,2
virtuosi,2
completely,2
divers,2
polwhele,2
ti,2
queues,2
russell,2
annals,2
buchan,2
anything,2
davis,2
taken,2
assist,2
promoting,2
seems,2
experiments,2
revival,2
containing,2
company,2
ft,2
book,2
europe,2
undertake,2
fruits,2
respondents,2
take,2
monasticon,2
subsequent,2
broadsheet,2
fon,2
physicohistorical,2
date,2
cheshire,2
principal,2
investigations,2
readiness,2
iyog,2
haue,2
adair,2
proposals,2
draught,2
dissemination,2
tyson,2
roy,2
king,2
encouraging,2
right,2
march,2
labours,2
disseminated,2
foard,2
distributing,2
prior,2
ar,2
ih,2
muilman,2
stukeley,2
cymmrodorion,2
edit,2
desired,2
point,2
say,2
cumberland,2
representing,2
himself,2
benefit,2
illustrating,2
dispatched,2
andrew,2
review,2
tangible,2
toovey,2
fact,2
scotica,2
village,2
visited,2
realized,2
author,2
characteristic,2
decided,2
jeremy,2
jr,2
dozen,2
preparation,2
nr,2
progressive,2
turn,2
arc,2
ct,2
blank,2
fig,2
body,2
highest,2
inclusion,2
elicit,2
afford,2
remarques,2
arranged,2
publications,2
profit,2
curate,2
cal,2
vice,2
likely,2
communications,2
failed,2
foote,2
via,2
town,2
coats,2
collected,2
curiositys,2
links,2
growth,2
aimed,2
generations,2
influential,2
mean,2
permission,2
granted,2
ayshford,2
eight,2
wapentake,2
easily,2
contributions,2
chappie,2
white,2
lay,2
earl,2
lawyer,2
collecting,2
scattered,2
miscellaneous,2
amassing,2
nor,2
tho,2
monumental,2
adopt,2
marks,2
consider,2
possibly,2
image,2
director,2
days,2
receiving,2
perspective,2
house,2
generally,2
magrath,2
care,2
helped,2
tu,2
providing,2
management,2
appear,2
enquiñes,2
friends,2
lead,2
search,2
underneath,2
shared,2
shires,2
î,2
trinity,2
quarries,2
lent,2
pioneered,2
equally,2
informed,2
cultural,2
earliest,2
bore,2
persons,2
wherein,2
scale,2
envisaged,2
enough,2
bow,2
influenced,2
receive,2
nis,2
buckingham,2
network,2
twentytwo,2
assistants,2
already,2
schoolmaster,2
instituted,2
rc,2
nation,2
realm,2
q,2
records,2
acense,2
irr,2
appreciated,2
employed,2
tar,2
assembly,2
exemplary,2
successful,2
working,2
constituent,2
responsibility,2
hardly,2
kingdome,2
specifically,2
soil,2
classically,2
concerns,2
highly,2
amounted,2
distinguished,2
norris,2
mixing,2
yielded,2
universities,2
extracted,2
gross,2
inform,2
behalf,2
nicolson,2
io,2
expect,2
exeter,2
gather,2
ashmolc,2
licence,2
service,2
essex,2
observations,2
plans,2
compleating,2
academy,2
july,2
still,2
sending,2
distribute,2
att,2
relationship,2
sincere,2
collect,2
moses,2
estionnaires,2
residence,2
serve,2
compiled,2
magennis,2
infrastructure,2
supplied,2
assistance,2
culture,2
flemings,2
reports,2
potential,2
paul,2
deserves,2
similarly,2
printing,2
addition,2
projects,2
smith,2
appeared,2
reform,2
educated,2
remit,2
contemporary,2
minister,2
forms,2
hand,2
verbatim,2
rich,2
invitation,2
apathy,2
realize,2
tory,2
fc,2
entirety,2
classes,2
extended,2
discussion,2
discovery,2
writings,2
clerical,2
elite,2
desirous,2
combining,2
largely,2
real,2
nothing,2
initiatives,2
quotation,2
archaeological,2
authors,2
discussed,2
essay,2
individual,2
times,2
ri,2
ny,2
gazette,2
inquirers,2
course,2
administrative,2
standard,2
promotion,2
faith,2
especially,2
k,2
hist,2
xvi,2
accordingly,2
seeking,2
advertisement,2
northern,2
mitchison,2
persuading,2
professional,2
la,2
canterbury,2
brown,2
entitled,2
things,2
twelve,2
committed,2
enquiry,2
sometimes,2
curiosities,2
maps,2
bound,2
employment,2
antiquitys,2
referred,2
directions,2
dispatch,2
obtaining,2
circumstance,2
position,2
antiquity,2
why,2
inspired,2
responsible,2
surprising,2
respect,2
composed,2
kingdoms,2
case,2
confessed,2
centre,2
joseph,2
matters,2
undertook,2
assistant,2
reciprocal,2
monument,2
wd,2
elected,2
qu,2
md,2
profitably,2
cover,2
watlington,2
familiar,2
extant,2
scientist,2
seem,2
down,2
half,2
current,2
numbering,2
post,2
milk,2
particularly,2
ir,2
cities,2
merely,2
beginning,2
staffordshire,2
succeeded,2
answered,2
notable,2
transmitted,2
jacobite,2
westminster,2
thirty,2
add,2
agricultural,2
hoped,2
georgical,2
consisting,2
healthy,2
produce,2
honey,2
fourteen,2
spaces,2
presume,2
presented,2
preserved,2
sea,2
gerard,2
families,2
celtic,2
aspect,2
mentor,2
intent,2
shown,2
disseminating,2
neighbouring,2
treated,2
kentish,2
rediscovery,2
ebor,2
embarked,2
mode,2
offer,2
countrymen,2
philosophy,2
respective,2
specific,2
themselves,2
consisted,2
palatine,2
th,2
sharing,2
substantial,2
oí,2
arithmetic,2
fir,1
vvho,1
oentnrf,1
compile,1
cheddington,1
toshach,1
croites,1
founding,1
complaint,1
formulated,1
ounces,1
mostly,1
rate,1
medicinal,1
paralleled,1
prtfc,1
page,1
sussex,1
fund,1
projected,1
excepted,1
historyes,1
medieval,1
wbere,1
thc,1
winy,1
bounduicx,1
louis,1
encouraged,1
go,1
eipecially,1
comunicated,1
wellknown,1
extreme,1
didani,1
revived,1
extend,1
jane,1
send,1
tou,1
kirkby,1
burke,1
icn,1
smellie,1
franking,1
uur,1
supplement,1
plumstead,1
mundane,1
slyford,1
mar,1
ory,1
axiih,1
symson,1
ijfn,1
entirely,1
rolled,1
likewise,1
uiirun,1
american,1
loiiowea,1
judged,1
achievements,1
saved,1
tke,1
instructions,1
prys,1
jurisdictions,1
fate,1
elaborated,1
ringt,1
identify,1
tend,1
designed,1
advised,1
columns,1
ma,1
eltwni,1
explicable,1
transcribed,1
grasmere,1
saxon,1
iiüíiio,1
strictly,1
chantiicf,1
placed,1
expenditure,1
quarto,1
vhrrrcmibcnord,1
ly,1
lrx,1
proud,1
former,1
unccu,1
missionaries,1
ginmci,1
incurious,1
waltham,1
liberty,1
ian,1
originality,1
unlike,1
hawsted,1
title,1
encourage,1
lccti,1
fincham,1
em,1
fdv,1
paper,1
wtoil,1
raurdinjnlyrfpa,1
royalism,1
communicating,1
remedy,1
patron,1
entertaining,1
plantations,1
thore,1
rosemary,1
caerdydd,1
borony,1
episcopalian,1
hundrr,1
bishopric,1
properties,1
baker,1
hoping,1
ncrs,1
courteous,1
baines,1
amonr,1
aubray,1
orboth,1
expend,1
fu,1
member,1
cast,1
lame,1
pastoral,1
denbeigh,1
farionage,1
passion,1
else,1
paget,1
explaining,1
andjp,1
walters,1
aberlady,1
humble,1
please,1
invention,1
parliamentary,1
complained,1
roman,1
dty,1
orchards,1
hc,1
capacityes,1
tuder,1
originally,1
give,1
btlongiog,1
lamenting,1
hum,1
attempt,1
secretary,1
utilization,1
vhat,1
wouid,1
degree,1
cullum,1
emerged,1
fragmentary,1
monumemal,1
advanced,1
joke,1
episcopal,1
asia,1
eden,1
reach,1
flourishes,1
scientists,1
tradition,1
merit,1
belong,1
advantage,1
adjoining,1
accompanied,1
rebuilt,1
morning,1
indulge,1
minuter,1
simple,1
thank,1
ouimofl,1
fortunes,1
farmers,1
balivc,1
ißcr,1
shyres,1
nineteen,1
narrative,1
wynn,1
rutland,1
sometime,1
trip,1
antagonism,1
acquaint,1
wreningham,1
ol,1
procedure,1
ihs,1
room,1
ßlv,1
quaeries,1
previous,1
comparative,1
graham,1
listing,1
evolving,1
unto,1
trifling,1
feature,1
jill,1
crothentife,1
kc,1
ru,1
last,1
stuartson,1
lv,1
consist,1
fullest,1
stand,1
epidemicall,1
influences,1
longworth,1
doc,1
reserved,1
displayed,1
deriving,1
shew,1
satire,1
pcrfons,1
application,1
reading,1
welsh,1
hostile,1
elucidating,1
horseback,1
context,1
seminar,1
pecuniary,1
duiûiî,1
magazines,1
issue,1
hapton,1
empty,1
tim,1
fossils,1
ily,1
globe,1
recordi,1
cue,1
staunch,1
resulted,1
inlands,1
principality,1
reissued,1
forward,1
mistrustful,1
ashmolean,1
jenkins,1
farnham,1
formulation,1
money,1
capacity,1
brundall,1
propensity,1
america,1
demography,1
draw,1
berctura,1
cu,1
arm,1
chapter,1
linns,1
felt,1
howard,1
pre,1
sixteenth,1
strand,1
paucity,1
eversley,1
promise,1
flony,1
foindod,1
taxation,1
splendid,1
thirdly,1
births,1
vital,1
obvious,1
postwick,1
apart,1
taking,1
litigious,1
perceived,1
reflecting,1
pjftun,1
diffused,1
rogan,1
quantity,1
illustrates,1
towcr,1
chart,1
above,1
anticipated,1
praising,1
niws,1
wycombe,1
measurement,1
urging,1
ross,1
slack,1
òcot,1
yates,1
arxh,1
hett,1
encouragemt,1
brimh,1
respecting,1
pursuing,1
succeed,1
oiben,1
otretwife,1
daughters,1
ok,1
inquisitio,1
stccp,1
lansdowne,1
conclufîon,1
stanfield,1
glamorgan,1
topographer,1
sectarian,1
ù,1
geographer,1
founduioo,1
whitaker,1
triangolar,1
accuracy,1
nn,1
lw,1
facts,1
immediate,1
uiclcnt,1
baigent,1
inio,1
pishill,1
jptions,1
riot,1
oratories,1
against,1
improvers,1
somersetshire,1
tables,1
september,1
de,1
enlarged,1
rnfld,1
fuch,1
track,1
reap,1
regarded,1
ow,1
hereabout,1
jfb,1
furnishing,1
orchs,1
morealii,1
fari,1
recption,1
adams,1
redeployed,1
scottici,1
conducted,1
unwillingness,1
ví,1
writ,1
ds,1
dubbed,1
allegiances,1
privilege,1
affairs,1
íreirecwparirtirt,1
leading,1
inhabited,1
rhito,1
dkr,1
thereof,1
clup,1
economical,1
developments,1
keep,1
depend,1
refer,1
intercourse,1
cali,1
iumc,1
architect,1
ithaca,1
blend,1
ickoinone,1
barnwell,1
completing,1
parochialia,1
digested,1
houses,1
wbo,1
reference,1
clare,1
honour,1
left,1
clergyman,1
effective,1
hasted,1
tmt,1
ntc,1
uphall,1
qde,1
died,1
warned,1
vrn,1
weight,1
oxoniensia,1
designating,1
testimony,1
attempted,1
woaj,1
natfural,1
rarfenaec,1
memoir,1
mankind,1
look,1
bennett,1
rest,1
dear,1
perambulation,1
gcneiil,1
fbted,1
border,1
cartographer,1
helping,1
coasts,1
sister,1
ignore,1
discovering,1
founder,1
crawford,1
puncheston,1
disgraceful,1
enrich,1
hawridge,1
thickly,1
durative,1
bothered,1
crecied,1
trom,1
walls,1
let,1
parks,1
perfect,1
wird,1
aristocracy,1
oj,1
plent,1
seventh,1
mb,1
furiaiplaces,1
disbanded,1
operation,1
opposed,1
sixteen,1
vicjridrc,1
explanations,1
serial,1
authority,1
wherefore,1
disposed,1
wishes,1
recognized,1
added,1
whose,1
gon,1
sketching,1
identification,1
inclinable,1
diocefe,1
subjected,1
pilkington,1
gutenberg,1
wch,1
irti,1
unwilling,1
kiwampmcnts,1
impetus,1
communicate,1
developed,1
district,1
bontjrci,1
thcic,1
adapt,1
prejudicing,1
forced,1
breadth,1
joan,1
basic,1
square,1
landscape,1
na,1
institution,1
uth,1
afterwards,1
exist,1
fair,1
blandford,1
iarrce,1
neatly,1
levine,1
represented,1
ce,1
js,1
suffer,1
lyœu,1
bankruptcy,1
associate,1
mile,1
provdii,1
sponsor,1
hefbv,1
ifitbe,1
officialdom,1
hp,1
lîv,1
riven,1
rcct,1
ewbank,1
benjamin,1
generating,1
gjv,1
witness,1
rowswt,1
rediscovered,1
adamfox,1
appropriateness,1
burials,1
cvc,1
productive,1
augmented,1
binfield,1
ftjnce,1
space,1
moreover,1
liberton,1
enlisted,1
onwards,1
hf,1
thought,1
reason,1
posthumous,1
stratford,1
ij,1
arid,1
recalled,1
insistence,1
histfory,1
xixxx,1
facilitated,1
incumbents,1
plus,1
comrnoditiis,1
twtr,1
barbarous,1
absentees,1
broadside,1
objects,1
entry,1
rooll,1
benefits,1
belli,1
lavements,1
iyc,1
repeated,1
imposed,1
yellow,1
emergence,1
dated,1
ledge,1
fmal,1
presumably,1
nvhicrn,1
aooibex,1
artificial,1
sum,1
fortifications,1
accounn,1
spirit,1
ifyoucari,1
cmiuíy,1
traces,1
reconstituted,1
mary,1
quoted,1
ayi,1
sheer,1
fenny,1
argued,1
ignorance,1
frequently,1
facsimile,1
tytho,1
benefited,1
companions,1
leverhulme,1
democratic,1
agoe,1
tried,1
gloucester,1
shorter,1
voluminous,1
vn,1
opportunity,1
map,1
bohv,1
rifl,1
witbfcme,1
circulating,1
roscommon,1
jrifli,1
problems,1
quarts,1
hereafter,1
amassed,1
valucu,1
destructive,1
friars,1
rotherfield,1
iviiwirw,1
hit,1
opinion,1
cí,1
sterility,1
drawing,1
cut,1
differently,1
uentteman,1
dc,1
constructive,1
chester,1
thrown,1
whereas,1
greater,1
luckily,1
numi,1
standards,1
closely,1
advance,1
lieu,1
eoan,1
based,1
identifying,1
viz,1
mtn,1
preferii,1
clupck,1
blake,1
six,1
medicine,1
parishioners,1
demise,1
saxlingham,1
begun,1
nt,1
pînfh,1
houghton,1
mapping,1
parry,1
frade,1
reck,1
effort,1
seven,1
gravtlfasdef,1
devising,1
neral,1
census,1
nlgr,1
jjmon,1
checkendon,1
rth,1
noting,1
insisting,1
tcwn,1
compendious,1
minutely,1
brooks,1
shield,1
im,1
passionate,1
respects,1
bookseller,1
meanorinjirtcrent,1
hispanic,1
accurately,1
handbook,1
companion,1
moir,1
lord,1
shall,1
birley,1
focused,1
haddington,1
nineteenth,1
cuts,1
erskine,1
witnessed,1
rnot,1
nether,1
studying,1
nitrei,1
experimental,1
careless,1
fircing,1
fiftytwo,1
recently,1
boyd,1
sentiments,1
jï,1
arguing,1
purchased,1
enlightened,1
deliver,1
uaniicit,1
appearing,1
wealth,1
unfoliated,1
xiv,1
expedient,1
depriving,1
required,1
hath,1
fledgling,1
iì,1
wide,1
anhihi,1
duly,1
triumph,1
intormaticni,1
contagion,1
possibility,1
directorship,1
coin,1
tdirided,1
aspects,1
improve,1
kafbrta,1
suspended,1
provincial,1
ivuins,1
participation,1
minimal,1
cliurihcs,1
caiijl,1
competent,1
degrees,1
relief,1
seminal,1
vourconpuraiioo,1
literature,1
minute,1
ihe,1
aucw,1
wbat,1
rum,1
scope,1
bounded,1
dragon,1
prints,1
isit,1
cunccming,1
tlicir,1
inculcating,1
strict,1
carry,1
nine,1
wth,1
claim,1
leaded,1
byj,1
udend,1
amass,1
apparent,1
comment,1
arithmeticians,1
red,1
dove,1
procedan,1
feared,1
contain,1
ten,1
got,1
gave,1
aj,1
taciturn,1
place,1
horn,1
doubtfuli,1
policies,1
travel,1
ngs,1
defoe,1
gi,1
broad,1
gte,1
actually,1
thtti,1
structures,1
ü,1
statistics,1
coaxing,1
augment,1
fides,1
lcw,1
personal,1
proliferation,1
douglas,1
reflect,1
we,1
fairon,1
ultimately,1
systematic,1
endorsed,1
rex,1
antiquanes,1
bî,1
uie,1
seeker,1
claydon,1
class,1
universally,1
enthusiastic,1
memoirs,1
hoppen,1
query,1
assiduous,1
carey,1
manifestation,1
accoontoftbe,1
annotated,1
prices,1
ò,1
makes,1
livings,1
blennerhassat,1
dilatory,1
fiiuaiedrhifihof,1
commence,1
glab,1
swyncombe,1
physician,1
ambit,1
sherborne,1
ranelagh,1
vote,1
laborious,1
fostered,1
shaping,1
revolution,1
apologist,1
leisured,1
applicability,1
tenn,1
folios,1
cambrensis,1
anni,1
event,1
augustan,1
llandybie,1
jardine,1
family,1
small,1
merioneth,1
spanish,1
chamberlain,1
sufficient,1
vhatficuic,1
accomplished,1
tony,1
republics,1
choose,1
routine,1
halloran,1
brought,1
acts,1
mi,1
vr,1
cfchapreli,1
registry,1
pariflj,1
countrey,1
cur,1
äc,1
tended,1
methodological,1
enquire,1
asthmatical,1
lordship,1
prebendary,1
parliament,1
managed,1
interrogation,1
annual,1
patience,1
ctde,1
st,1
posed,1
concurred,1
filling,1
paid,1
und,1
fersfield,1
facilitation,1
ionnaires,1
organs,1
away,1
structured,1
purporting,1
hede,1
grateful,1
univcjfty,1
vvhv,1
gordon,1
collaborated,1
jeffrey,1
nations,1
leonardo,1
advertised,1
tombs,1
ixn,1
warreni,1
eternal,1
ijtnrt,1
ew,1
rftp,1
thofe,1
accomplices,1
monmouthshire,1
interviewing,1
sons,1
investigating,1
power,1
arrangement,1
garaway,1
frederick,1
cosmographer,1
attempts,1
variety,1
detected,1
contact,1
various,1
quar,1
bells,1
gimes,1
dispositions,1
mdcclxix,1
action,1
propriition,1
alphabetical,1
toward,1
ia,1
expansion,1
charlton,1
subject,1
burghs,1
secondly,1
associational,1
wait,1
zyuêi,1
scandalous,1
indication,1
islands,1
merits,1
whit,1
renewed,1
reproducing,1
appearance,1
hammond,1
wh,1
retifiv,1
thinkers,1
surveyor,1
comments,1
informationes,1
unprecedented,1
eighty,1
rfns,1
tvom,1
tcncnii,1
moil,1
reception,1
pts,1
tends,1
direction,1
inspirations,1
atkyns,1
consulted,1
wrmmunurrtn,1
lisa,1
ruilibeirinç,1
guide,1
frank,1
once,1
ubiquity,1
cheap,1
outlets,1
springs,1
tmwhutch,1
criticism,1
vicarage,1
miscellany,1
sympathies,1
urged,1
midseventeenth,1
lxr,1
ittvibei,1
ourselves,1
chace,1
rules,1
emulation,1
rife,1
suspicious,1
gins,1
east,1
morgan,1
fifth,1
inspiration,1
official,1
us,1
neither,1
eoin,1
din,1
imitate,1
elizabeth,1
rode,1
earned,1
home,1
iih,1
falls,1
nat,1
ci,1
conversely,1
light,1
hearne,1
culbrm,1
somewhat,1
milton,1
baltimore,1
issues,1
tic,1
locality,1
gratefull,1
joint,1
lament,1
si,1
experiment,1
infused,1
andwbrocrlcbrated,1
imitating,1
bothersome,1
largest,1
belonging,1
narratives,1
deanry,1
riverì,1
snowdonia,1
confirmed,1
touching,1
reliance,1
toronto,1
euzsj,1
noted,1
increasingly,1
bloxham,1
predominate,1
suzanne,1
picture,1
expose,1
jo,1
act,1
administrators,1
catalog,1
diary,1
comprehend,1
oral,1
theorist,1
fire,1
lewis,1
ind,1
ransomc,1
summation,1
hich,1
eighteenthcentury,1
technique,1
business,1
elibus,1
stated,1
patient,1
rationalism,1
journey,1
neglect,1
orthern,1
giueing,1
jrom,1
pointed,1
christ,1
urch,1
middling,1
towns,1
experienced,1
desiring,1
wanting,1
intending,1
miüt,1
incorporates,1
communal,1
lurked,1
willingly,1
tos,1
start,1
husbandmen,1
head,1
stimulus,1
meadow,1
genuine,1
aumiflion,1
indies,1
xlv,1
plundering,1
predominant,1
endowd,1
qo,1
abstract,1
lc,1
wni,1
conor,1
choice,1
inevitably,1
seventyfour,1
named,1
beg,1
steuart,1
incorporation,1
imi,1
hardwick,1
everything,1
arthur,1
modified,1
formulating,1
wcods,1
identical,1
donald,1
golden,1
mold,1
ccu,1
succeeding,1
supineness,1
man,1
audiences,1
reasons,1
rpon,1
ages,1
readers,1
behind,1
anglican,1
coteries,1
deploy,1
handed,1
headlam,1
vrcll,1
enquiring,1
en,1
churchyards,1
road,1
unit,1
secular,1
derivation,1
tne,1
developing,1
iiatcd,1
macfarlane,1
renaissance,1
foot,1
tell,1
strategies,1
council,1
rh,1
duties,1
unsolicited,1
ul,1
attitude,1
nue,1
ordnary,1
wiles,1
fieldwork,1
fewer,1
native,1
reco,1
genealogies,1
claimed,1
ou,1
drafts,1
akt,1
amounting,1
gives,1
instigated,1
lennard,1
identifiable,1
chorographical,1
cardem,1
desires,1
reginald,1
scant,1
lhuy,1
òweet,1
antony,1
asd,1
iq,1
procur,1
credit,1
difuied,1
fiscal,1
witn,1
greatest,1
exploring,1
offices,1
rcfciit,1
churches,1
intimate,1
penned,1
registers,1
invested,1
examples,1
fitful,1
panlh,1
lands,1
wexham,1
accompanying,1
scheme,1
ic,1
helps,1
collinson,1
endowment,1
reprint,1
galloway,1
laity,1
formal,1
region,1
thereto,1
huw,1
including,1
distinctly,1
fetch,1
misgivings,1
launched,1
chaplin,1
holt,1
sufficiently,1
clubs,1
contacts,1
rume,1
missives,1
reside,1
medium,1
ageing,1
cirxutofcrttxc,1
embarking,1
wich,1
heath,1
rdiwhat,1
appn,1
expression,1
ioliaicd,1
cork,1
rivers,1
prospective,1
robinson,1
chs,1
vc,1
peevish,1
relaciones,1
band,1
briggs,1
pleasure,1
whaher,1
saints,1
actual,1
cbuïcn,1
engaged,1
usefull,1
cathedral,1
fulfil,1
trust,1
nettlebed,1
archive,1
goading,1
vices,1
antipathy,1
tly,1
younger,1
optimistic,1
dating,1
internal,1
roberts,1
subscribers,1
low,1
à,1
significance,1
iyoo,1
bymodoaie,1
andrews,1
reward,1
hai,1
stress,1
lamented,1
sensitivity,1
language,1
contriv,1
reputation,1
soldiers,1
lady,1
amounts,1
co,1
unflattering,1
íhe,1
botti,1
loutus,1
vt,1
christopher,1
informations,1
umo,1
vaikei,1
characterized,1
ellis,1
revised,1
utp,1
tone,1
reformers,1
dtolye,1
function,1
fr,1
creating,1
high,1
leanings,1
collaborator,1
serves,1
uni,1
obtained,1
lie,1
filled,1
wren,1
anyone,1
chancellor,1
ccut,1
reins,1
keeper,1
black,1
expressing,1
infcriptions,1
gardening,1
heaorof,1
exchange,1
myne,1
wao,1
drones,1
tenenti,1
queen,1
enlightenment,1
labour,1
dawson,1
satisfy,1
commerce,1
stupid,1
nth,1
glenn,1
geográficas,1
heyford,1
narrow,1
trouble,1
taunton,1
greatly,1
respectively,1
wise,1
topics,1
examine,1
unsympathetic,1
sig,1
structure,1
rfetgrtjt,1
trades,1
impertinent,1
probably,1
harley,1
joanna,1
exertions,1
ate,1
travelers,1
morris,1
etc,1
ground,1
sales,1
occupied,1
accord,1
haven,1
pragmatical,1
enlarg,1
ihence,1
pivotal,1
attend,1
discoveries,1
caution,1
quarter,1
cold,1
normal,1
attention,1
encompassing,1
tik,1
eivouxl,1
examines,1
barony,1
ihcd,1
summary,1
neu,1
alike,1
dealing,1
factors,1
carried,1
yields,1
witilem,1
suggestion,1
bodleian,1
ork,1
backward,1
vv,1
ftr,1
today,1
note,1
africa,1
inkiwl,1
iai,1
wisdom,1
uunt,1
tpauoflaccnnd,1
galvanize,1
jpcrxfti,1
cartographical,1
mixture,1
kenneth,1
rx,1
five,1
foreign,1
wrytting,1
churchwardens,1
naturally,1
spedding,1
practical,1
dissolved,1
ministry,1
uiacc,1
pieces,1
fear,1
hill,1
vour,1
begin,1
select,1
châpc,1
gwyn,1
annexing,1
wiko,1
tiled,1
institutions,1
slow,1
inviting,1
directing,1
tin,1
navsab,1
translation,1
eighteen,1
establish,1
force,1
bceston,1
render,1
philosopher,1
contribution,1
ccmputaticn,1
remaining,1
jt,1
furnish,1
rapidly,1
farnborough,1
whereby,1
indicate,1
bclpnginr,1
covering,1
length,1
successor,1
cla,1
travelled,1
fe,1
fall,1
united,1
uìut,1
centres,1
types,1
months,1
houm,1
instances,1
enlist,1
pembrokeshire,1
middlesex,1
gathered,1
marquis,1
involved,1
currie,1
seat,1
whatrer,1
thinly,1
legacies,1
detail,1
thf,1
rarities,1
issuing,1
wages,1
school,1
talents,1
variable,1
weariness,1
sketches,1
octavo,1
parochialis,1
lubfcubcthnr,1
clerics,1
wlu,1
hierarchy,1
manors,1
mentioned,1
rendered,1
mitchell,1
biography,1
habitation,1
ve,1
formei,1
qucricjionfcmingthcpariihingenctai,1
diderot,1
detachment,1
simply,1
eliimaiivn,1
forwarded,1
xf,1
elicited,1
theme,1
implied,1
ivj,1
offered,1
satisfactory,1
prefaced,1
constructed,1
chnttll,1
vicaragi,1
distributes,1
doi,1
text,1
sustained,1
wider,1
humbugged,1
fulsome,1
euer,1
minerals,1
rowlandsonesque,1
ry,1
milieu,1
divert,1
icir,1
rupert,1
vallancey,1
lby,1
according,1
tenu,1
risdon,1
vy,1
rue,1
rodi,1
unwarranted,1
books,1
stamp,1
rear,1
endurance,1
limited,1
tristram,1
worth,1
señal,1
connection,1
setting,1
ui,1
antiquarians,1
believe,1
gone,1
referees,1
bwildine,1
tlie,1
appendix,1
epitomized,1
intrusive,1
problem,1
expense,1
attending,1
blome,1
soe,1
berry,1
universal,1
regard,1
intrusion,1
unacknowledged,1
hemingbrough,1
ideological,1
fifteen,1
carlisle,1
reliability,1
imo,1
journals,1
thinking,1
perfectly,1
nthe,1
kilronan,1
audience,1
squires,1
reflected,1
parson,1
build,1
purview,1
explicitly,1
irkrts,1
cillmg,1
defu,1
elegim,1
rural,1
confining,1
chantrrjesor,1
inrhelugtftpamofit,1
living,1
assessment,1
instrument,1
advances,1
drum,1
person,1
fh,1
ì,1
growing,1
illustrata,1
insistent,1
prosecute,1
waller,1
researching,1
pillarf,1
born,1
unanimous,1
ruins,1
ohne,1
fowft,1
imitation,1
economy,1
completion,1
proceedings,1
motivating,1
seals,1
combined,1
circles,1
coffee,1
terms,1
worthwhile,1
ion,1
ent,1
ones,1
lane,1
ivenrf,1
character,1
xí,1
preside,1
nascent,1
solicit,1
vndertakeing,1
saint,1
remove,1
kt,1
rosalind,1
anns,1
spleenetick,1
minde,1
pleased,1
referable,1
inscriptions,1
surveying,1
supplemented,1
correspondent,1
woodward,1
krpt,1
her,1
rydal,1
engagements,1
thcix,1
extract,1
vehicle,1
yt,1
pursued,1
notebooks,1
finde,1
yield,1
acc,1
property,1
indifference,1
nbicb,1
compose,1
bannatyne,1
abbas,1
phenomena,1
ntar,1
dedication,1
marriages,1
improprutcd,1
hundreds,1
lordlbipi,1
urban,1
art,1
size,1
middle,1
subscriptions,1
unreasonable,1
injunctions,1
researchers,1
rudder,1
reasoned,1
whence,1
alterations,1
necessity,1
bath,1
neicr,1
inserting,1
peppard,1
ecclesiastic,1
wii,1
ill,1
copys,1
disparate,1
cl,1
responded,1
anc,1
city,1
resignation,1
elucidate,1
show,1
republic,1
uh,1
giving,1
techniques,1
elizabethan,1
oglebyes,1
iun,1
rancis,1
aptly,1
preparatory,1
jv,1
contribute,1
token,1
iufctiptions,1
qualified,1
forty,1
phenomenon,1
archbishops,1
iigurcdoei,1
tall,1
caufr,1
tii,1
reaching,1
vvfut,1
calld,1
dominant,1
prepared,1
inturmiiion,1
greeted,1
diaries,1
eric,1
pcr,1
tcelljijeufj,1
worsley,1
ofiif,1
memoranda,1
mmnei,1
trophies,1
enthusiasm,1
propagating,1
melmerby,1
survival,1
considering,1
wíiat,1
tarty,1
hollvcí,1
unable,1
tumuli,1
editor,1
ignored,1
uninteresting,1
generate,1
repositories,1
connecting,1
kingdom,1
lately,1
travelling,1
bcuth,1
jieir,1
priest,1
appropriate,1
finally,1
ífonsflcc,1
tym,1
wish,1
structuring,1
contributed,1
northampton,1
instead,1
include,1
integrated,1
cooper,1
resembled,1
specialists,1
davies,1
opinions,1
product,1
uiui,1
celina,1
packets,1
constituencies,1
variously,1
piece,1
colleagues,1
derive,1
seeks,1
forming,1
stroud,1
appleby,1
oversaw,1
huxley,1
langford,1
namcingthe,1
repeat,1
ablc,1
devizes,1
reformation,1
enclosed,1
anonymous,1
mf,1
profits,1
thousand,1
indiflfirrentt,1
territories,1
ueot,1
besides,1
uikcr,1
pioneering,1
harnltrfs,1
vertue,1
diocesan,1
ivefermcuts,1
ser,1
third,1
fellows,1
painted,1
ulbster,1
assizes,1
derbyshire,1
galvanizing,1
cline,1
informants,1
deffer,1
debate,1
partial,1
create,1
views,1
eward,1
cwird,1
polished,1
crelis,1
lecherous,1
traditional,1
archdiocese,1
fellowship,1
bck,1
classics,1
haycock,1
uk,1
seek,1
prison,1
observed,1
oblcng,1
famous,1
tf,1
drunk,1
virtue,1
building,1
meeting,1
asked,1
showed,1
apprhensions,1
montgomery,1
dt,1
singleton,1
occur,1
iik,1
foni,1
fulmer,1
