WORDCOUNTS,WEIGHT
the,917
of,726
and,652
in,592
to,380
a,278
service,233
for,223
as,186
women,178
that,172
was,159
were,156
compulsory,133
by,129
labour,119
or,118
medieval,112
but,109
not,101
england,93
on,90
they,87
s,86
late,85
it,83
this,79
some,78
more,77
their,76
is,76
have,73
at,72
from,72
be,71
ed,68
also,68
see,66
with,63
men,61
had,58
these,57
his,55
who,55
than,54
work,52
cases,49
serve,48
peace,48
case,46
i,45
he,44
lincolnshire,43
compelled,42
her,42
other,41
century,41
sessions,41
london,40
new,40
labourers,40
john,39
she,39
so,38
could,37
no,36
about,35
one,34
before,34
wages,34
been,34
enforcement,33
only,33
when,33
past,33
records,32
which,32
an,32
english,31
into,31
p,31
many,31
present,31
singlewomen,31
fourteenth,31
even,30
ordinance,30
its,30
after,30
might,29
soc,29
law,29
much,29
especially,28
we,28
refused,27
did,27
servants,26
justices,26
are,25
such,25
most,25
well,25
hist,25
workers,25
employment,25
what,25
statute,25
has,24
people,24
land,24
later,23
king,23
m,23
oxford,23
others,23
eds,23
number,23
him,23
any,23
early,23
all,22
poor,22
less,22
c,22
employers,21
found,21
essex,21
putnam,21
woman,21
often,21
constable,20
court,20
constables,20
out,20
example,20
first,19
two,19
local,19
servant,19
would,19
black,19
statutes,19
goldberg,19
william,19
although,19
because,18
social,18
death,18
sometimes,18
iii,18
them,18
common,17
richard,17
nor,17
slavery,17
kimball,17
serfdom,17
record,17
rural,17
you,17
courts,16
if,16
per,16
laws,16
daughters,16
year,16
put,16
another,16
both,16
until,16
cambridge,16
ii,15
those,15
ad,15
rolls,15
young,15
legislation,15
female,15
under,15
regulation,15
own,15
vagrant,14
de,14
gender,14
text,14
living,14
hinksey,14
years,14
market,13
against,13
legal,13
serfs,13
dyer,13
just,13
age,13
order,13
parliament,13
up,13
idle,13
time,13
indictments,13
can,13
problem,13
mostly,12
rev,12
sons,12
j,12
sillem,12
edward,12
my,12
society,12
do,12
then,12
particularly,12
terms,12
middle,12
through,12
offered,12
between,12
there,11
context,11
g,11
jones,11
master,11
n,11
poos,11
required,11
r,11
part,11
status,11
matter,11
widows,11
without,11
man,11
ages,11
perhaps,11
christopher,11
male,11
evidence,11
among,11
provisions,10
modern,10
history,10
husbands,10
wage,10
compelling,10
married,10
marriage,10
how,10
christine,10
too,10
woodbridge,10
almost,10
prices,10
good,10
working,10
will,10
economic,10
clause,10
practice,10
gleaning,10
three,10
david,10
thomas,10
centuries,10
bench,10
better,10
economy,10
urban,10
employer,10
cent,9
e,9
likely,9
every,9
vols,9
poverty,9
langland,9
bennett,9
york,9
elisabeth,9
numbers,9
coventry,9
infractions,9
placed,9
excessive,9
realm,9
officers,9
reported,9
always,9
maidens,9
still,9
us,9
power,9
probably,9
assigned,9
control,9
free,9
imposed,9
specific,9
ser,9
now,8
village,8
seems,8
great,8
able,8
robert,8
harvest,8
unwilling,8
forced,8
offenders,8
tenants,8
parents,8
reason,8
whom,8
ruthin,8
et,8
norfolk,8
provided,8
single,8
once,8
yet,8
same,8
l,8
end,8
bardsley,8
pro,8
wives,8
summary,8
know,8
econ,8
our,8
whittle,8
servire,7
h,7
ormrod,7
long,7
fifteenth,7
words,7
within,7
demanded,7
whose,7
clearly,7
decades,7
appear,7
demands,7
further,7
persons,7
vagrants,7
manorial,7
charity,7
place,7
thereafter,7
away,7
towards,7
least,7
few,7
generally,7
cont,7
resisted,7
refusing,7
manor,7
orders,7
ancilla,7
rather,7
vulnerable,7
explicitly,7
made,7
trade,7
contracts,7
haven,7
justice,7
fuit,7
stocks,7
pestilence,7
punished,7
quickly,7
over,7
extant,7
person,7
particular,7
suggests,7
little,7
son,7
attached,7
themselves,7
countryside,6
does,6
archives,6
prostitution,6
trans,6
ways,6
studies,6
experience,6
address,6
europe,6
agrarian,6
written,6
historians,6
suo,6
rees,6
thus,6
serf,6
neighbours,6
seipp,6
archaeol,6
body,6
left,6
mobility,6
online,6
philadelphia,6
sandy,6
peasants,6
proved,6
elsewhere,6
suffolk,6
beyond,6
view,6
came,6
labouring,6
otherwise,6
public,6
used,6
esp,6
during,6
gedeney,6
decline,6
abbot,6
landless,6
sex,6
chris,6
servicium,6
again,6
egger,6
never,6
took,6
where,6
judith,6
bertha,6
craft,6
continued,6
translation,6
cohn,6
here,6
each,6
seem,6
best,6
appendix,6
ordered,6
sexual,6
penn,6
form,6
must,6
barron,6
edw,6
nov,6
need,6
given,6
daughter,6
household,6
go,5
himself,5
jane,5
large,5
bailiff,5
live,5
item,5
earnings,5
cited,5
either,5
labor,5
caroline,5
refusal,5
worked,5
tactic,5
take,5
cheshire,5
serviendum,5
jurors,5
sought,5
iv,5
above,5
relatively,5
times,5
vicar,5
beattie,5
regulations,5
furber,5
authority,5
sarah,5
means,5
applied,5
university,5
sorts,5
unemployed,5
w,5
communities,5
tried,5
digg,5
term,5
understood,5
focused,5
produced,5
your,5
fox,5
criteria,5
imprisoned,5
lords,5
prominent,5
brought,5
elizabeth,5
merre,5
bequests,5
hard,5
mclntosh,5
small,5
telling,5
resistance,5
paid,5
world,5
lincoln,5
second,5
various,5
taken,5
make,5
opportunities,5
index,5
lord,5
dowries,5
reports,5
inheritance,5
ploughman,5
book,5
golden,5
hereford,5
day,5
responded,5
vagrancy,5
slaves,5
questions,5
masterless,5
artificers,5
language,5
high,5
problems,5
today,5
five,5
norwich,5
table,5
instances,5
get,5
extensive,5
ever,5
known,5
pt,5
different,5
half,5
proceedings,5
whether,5
list,5
support,5
agreed,5
city,5
subject,5
families,5
cp,5
false,5
contract,5
should,5
involving,5
speak,5
cordelia,5
created,4
group,4
tells,4
summarily,4
being,4
humble,4
certainly,4
fully,4
reveal,4
petty,4
seminar,4
system,4
lxxiii,4
stuard,4
italian,4
west,4
community,4
point,4
since,4
enter,4
beggars,4
central,4
southampton,4
development,4
church,4
arrested,4
old,4
jl,4
clark,4
perspective,4
back,4
six,4
fines,4
third,4
find,4
delivered,4
households,4
similar,4
b,4
empowered,4
leyrwite,4
possibly,4
presumably,4
mary,4
four,4
show,4
suggested,4
dozen,4
royal,4
seven,4
lived,4
worker,4
amer,4
fo,4
hatcher,4
shall,4
equal,4
skilled,4
recently,4
cannot,4
failure,4
directly,4
having,4
liable,4
civil,4
agnes,4
labourer,4
colchester,4
poll,4
offences,4
inquests,4
claim,4
sufficient,4
civic,4
manchester,4
villages,4
cattle,4
said,4
value,4
f,4
therefore,4
indicted,4
identified,4
whatever,4
bothwell,4
rules,4
thought,4
mobile,4
earned,4
culture,4
mediaeval,4
already,4
councillors,4
paul,4
similarly,4
towns,4
added,4
ale,4
remuneration,4
documented,4
patterns,4
available,4
ch,4
elaine,4
custody,4
simon,4
survive,4
examples,4
region,4
famuli,4
yorkshire,4
full,4
clear,4
accounted,4
held,4
allowed,4
am,4
distinction,4
anyone,4
valued,4
easy,4
james,4
henry,4
capitalism,4
suggest,4
usually,4
claimed,4
fewer,4
imposition,4
length,4
life,4
extra,4
bundled,4
considered,4
givenwilson,4
rarely,4
marjorie,4
manors,4
mentioned,4
set,4
readily,4
herefordshire,4
migration,4
cothull,4
reaping,4
brothers,4
plague,4
ault,4
very,4
enforcing,4
merely,4
ladies,4
kb,4
reign,4
unique,4
ones,4
passed,4
mathew,4
translated,4
ill,4
simply,4
com,4
rebels,4
writing,4
named,4
crisis,4
course,4
brewsters,4
roughly,4
era,4
debate,4
difficult,3
possessed,3
o,3
fathers,3
alone,3
salter,3
essays,3
easily,3
charitable,3
chief,3
contexts,3
ellis,3
parliamentary,3
britnell,3
dodge,3
twenty,3
seigneurial,3
narrative,3
procedure,3
survey,3
outlawed,3
farmer,3
help,3
last,3
lxx,3
stand,3
committed,3
univ,3
british,3
husband,3
moulton,3
recorded,3
crake,3
matthew,3
tenth,3
passus,3
brownaleynson,3
retain,3
kowaleski,3
quod,3
powers,3
far,3
uncertain,3
apply,3
hoxne,3
joan,3
identities,3
dependence,3
immediate,3
interest,3
gendered,3
lancashire,3
adam,3
serving,3
suitable,3
mistress,3
hales,3
marital,3
solution,3
general,3
boatwright,3
handful,3
higher,3
reflects,3
walsham,3
across,3
interpretation,3
remain,3
sort,3
strictly,3
active,3
supposed,3
emma,3
oxfordshire,3
winchester,3
locally,3
entry,3
driven,3
wanderer,3
cotes,3
superior,3
followed,3
servitude,3
servile,3
antecedents,3
providing,3
closely,3
assets,3
http,3
included,3
entered,3
kate,3
greater,3
markets,3
punishment,3
reasons,3
anilepimen,3
durham,3
wales,3
parliaments,3
however,3
taxes,3
presented,3
cambridgeshire,3
strict,3
preferred,3
proportions,3
related,3
ten,3
got,3
servicio,3
gave,3
inherited,3
noted,3
actually,3
anxieties,3
personal,3
employed,3
horsham,3
ratios,3
sense,3
parish,3
le,3
several,3
consensus,3
rates,3
piers,3
wife,3
estates,3
cycle,3
altogether,3
appropriate,3
grateful,3
truelove,3
survived,3
hauled,3
critical,3
sixteenth,3
demand,3
provide,3
alwyn,3
european,3
employ,3
wrote,3
located,3
return,3
brief,3
july,3
comments,3
innovation,3
maryanne,3
chronicle,3
east,3
challenged,3
neither,3
matilda,3
palmer,3
home,3
stainton,3
hay,3
buckinghamshire,3
enforce,3
declining,3
lack,3
musson,3
fell,3
plowman,3
addition,3
fact,3
outside,3
deviance,3
neville,3
witnesses,3
predominated,3
children,3
michaelmas,3
unsupervised,3
anne,3
simple,3
hand,3
v,3
empire,3
contracted,3
council,3
necessary,3
rich,3
youth,3
governance,3
remarkably,3
remained,3
credit,3
herself,3
sold,3
noluit,3
prospective,3
returned,3
office,3
california,3
described,3
low,3
presentments,3
assignment,3
essay,3
characterized,3
period,3
ruddock,3
special,3
xvi,3
excluded,3
gifts,3
quarter,3
valuable,3
aers,3
semere,3
rough,3
seen,3
detailed,3
florence,3
force,3
began,3
wilson,3
face,3
bingham,3
susan,3
xxix,3
stephen,3
associated,3
broke,3
indictment,3
circumstances,3
eng,3
framers,3
willows,3
phillips,3
sure,3
parental,3
sheep,3
returns,3
cities,3
placing,3
type,3
masters,3
born,3
according,3
femmes,3
adults,3
making,3
cause,3
westminster,3
extent,3
remedies,3
property,3
information,3
freedom,3
leet,3
exercising,3
beer,3
regulate,3
intended,3
cash,3
come,3
runs,3
compulsion,3
argument,3
covenant,3
ignored,3
ancillary,3
national,3
samuel,3
accept,3
instead,3
newly,3
d,3
derive,3
programme,3
sexuality,3
surety,3
vi,3
actions,3
gaol,3
supervision,3
gamel,3
imprisonment,3
documentary,3
strong,3
prison,3
observed,3
virtue,3
close,3
keep,3
miller,2
landlessness,2
mingled,2
jury,2
done,2
struggle,2
child,2
ethics,2
sued,2
anthony,2
estate,2
generated,2
groups,2
stood,2
cross,2
begging,2
hatfield,2
affected,2
reconsidered,2
busy,2
moor,2
beier,2
merrow,2
told,2
basingstoke,2
bachelors,2
coverture,2
rethink,2
jurisdictions,2
use,2
chorley,2
singlewoman,2
rogers,2
library,2
asserted,2
true,2
pressing,2
specified,2
mazo,2
supervised,2
decade,2
ideals,2
trace,2
justified,2
necessarily,2
disadvantaged,2
laid,2
maidenly,2
stretches,2
nineteenth,2
edu,2
source,2
landowners,2
lower,2
gap,2
provision,2
www,2
mingle,2
sources,2
confident,2
utopia,2
regulating,2
derives,2
repertoire,2
attempts,2
oath,2
actual,2
permanently,2
kent,2
shortage,2
freely,2
confirmed,2
priory,2
daily,2
employments,2
government,2
xiii,2
liii,2
subsequent,2
embrace,2
lollard,2
salary,2
communis,2
lv,2
misbehaviour,2
mind,2
improving,2
shepherd,2
concepts,2
reading,2
governors,2
moffat,2
widowed,2
trevisa,2
issue,2
occasional,2
milner,2
alfred,2
roy,2
householders,2
task,2
taille,2
revolutionary,2
vacabundus,2
muddled,2
possible,2
implies,2
ordinances,2
condition,2
eleven,2
jps,2
taking,2
except,2
recalcitrant,2
resources,2
tenurial,2
fos,2
braid,2
unrecorded,2
recusavit,2
tied,2
assessment,2
li,2
historical,2
unpublished,2
review,2
disorder,2
merchants,2
difficulties,2
roger,2
pursue,2
run,2
constabularii,2
hoc,2
eo,2
reap,2
relations,2
issued,2
jeremy,2
characteristic,2
ray,2
pay,2
courtroom,2
guided,2
priority,2
refuses,2
distinct,2
anonimalle,2
taxpayers,2
fond,2
slave,2
difficulty,2
twelve,2
served,2
wholly,2
allowing,2
twice,2
maidservants,2
explore,2
occupation,2
details,2
eliz,2
though,2
poorly,2
van,2
lesser,2
commorandum,2
mulier,2
testimony,2
servido,2
homo,2
keniston,2
process,2
bond,2
knew,2
proportion,2
earlier,2
wake,2
mile,2
direct,2
matched,2
echoed,2
xxx,2
ablebodied,2
lesley,2
lives,2
menial,2
escape,2
wanted,2
females,2
established,2
peasant,2
finding,2
warren,2
days,2
constrain,2
welfare,2
argued,2
frequently,2
benefited,2
commonly,2
preponderance,2
additional,2
piety,2
xiv,2
requires,2
exploitation,2
helped,2
wiltshire,2
dependency,2
jocelyn,2
ei,2
xlix,2
expressed,2
skewed,2
archival,2
frantzen,2
beveridge,2
restricting,2
aftermath,2
walk,2
histories,2
method,2
henceforth,2
zanden,2
insisting,2
worcs,2
suits,2
respects,2
juries,2
rebellious,2
xxxiii,2
lose,2
refusals,2
cultural,2
default,2
population,2
vel,2
estimate,2
goxhill,2
counties,2
sparse,2
briefly,2
improve,2
compel,2
basis,2
data,2
douglas,2
received,2
gloucs,2
nine,2
story,2
tine,2
springold,2
literature,2
dobson,2
broad,2
constitute,2
figures,2
falling,2
earn,2
eyre,2
swift,2
bishop,2
towneley,2
mcsheffrey,2
sutton,2
rector,2
wyberton,2
kendal,2
manage,2
rendered,2
unmarried,2
subtle,2
bought,2
change,2
accused,2
love,2
emina,2
involve,2
dictionary,2
hired,2
guideline,2
mosher,2
things,2
quite,2
involved,2
specifically,2
around,2
family,2
perquisites,2
brewing,2
june,2
concerns,2
folk,2
county,2
dramatic,2
research,2
usual,2
xxvii,2
struck,2
anilepiwomen,2
somerset,2
anglicus,2
sheriff,2
crime,2
rn,2
cxxi,2
evoked,2
rest,2
activities,2
threatened,2
business,2
authorization,2
practices,2
exhaust,2
humiliating,2
comparative,2
pizan,2
sheaves,2
released,2
revolt,2
harris,2
nearly,2
exception,2
upward,2
unprecedented,2
southern,2
backed,2
confronted,2
chapin,2
sexually,2
relied,2
felicity,2
optulit,2
permission,2
reclaiming,2
childwite,2
soon,2
continuity,2
official,2
magistrates,2
perceived,2
smith,2
gendering,2
requisita,2
choices,2
worcester,2
lacked,2
defendants,2
containing,2
fornication,2
cum,2
quotations,2
fugitive,2
surrey,2
tenant,2
french,2
dismissed,2
suit,2
north,2
stated,2
mentions,2
mark,2
pipewell,2
demographic,2
shows,2
stories,2
carter,2
areas,2
outlawry,2
iceberg,2
viii,2
staples,2
fallen,2
rescussum,2
resolved,2
pattern,2
froide,2
readers,2
behind,2
assignacionem,2
vacabunda,2
continuing,2
seventeenth,2
michael,2
confrontation,2
nigel,2
february,2
vacabundum,2
griffiths,2
reminds,2
original,2
crown,2
understanding,2
mean,2
greatest,2
exploring,2
extended,2
discussion,2
intent,2
range,2
aylesbury,2
renders,2
endowment,2
including,2
identity,2
autobiographical,2
marry,2
trend,2
rare,2
services,2
continue,2
clauses,2
occas,2
nevertheless,2
negotiating,2
xv,2
worry,2
quotation,2
deduce,2
moral,2
officialdom,2
rosamund,2
phil,2
peter,2
lady,2
someone,2
like,2
revised,2
serves,2
kept,2
improved,2
provides,2
pubns,2
faith,2
possess,2
detained,2
chapel,2
britain,2
domino,2
omnino,2
curry,2
guess,2
officio,2
grain,2
lang,2
outright,2
attention,2
xxviii,2
craven,2
entitled,2
ominino,2
ivi,2
bellamy,2
me,2
whittick,2
lot,2
seventeen,2
george,2
quo,2
luiten,2
brit,2
hommes,2
silently,2
karras,2
bound,2
sole,2
pieces,2
hill,2
reasonable,2
category,2
favour,2
ordinary,2
primarily,2
tellingly,2
off,2
thirteen,2
anxiety,2
whereby,2
compiling,2
settled,2
mortality,2
rexroth,2
enforced,2
itself,2
remains,2
stipulation,2
meant,2
matters,2
side,2
claims,2
sections,2
ofthat,2
variable,2
shadow,2
unfree,2
precedence,2
breach,2
fellingham,2
arrest,2
version,2
regime,2
grand,2
regulated,2
constituted,2
fecit,2
invoked,2
word,2
occupational,2
desolation,2
slightly,2
bucks,2
paper,2
xliii,2
itinerant,2
commission,2
unknown,2
printed,2
regard,2
scenario,2
speech,2
galbraith,2
fifteen,2
dared,2
lancaster,2
enemy,2
rely,2
goods,2
jennifer,2
build,2
prospects,2
turned,2
cal,2
unlikely,2
carefully,2
bristol,2
stability,2
rising,2
apace,2
males,2
coerced,2
attitudes,2
busker,2
halesowen,2
alice,2
sir,2
thousands,2
divide,2
vacans,2
reviewed,2
girls,2
reform,2
kirmington,2
fourteen,2
welcome,2
vir,2
sea,2
despite,2
unkind,2
became,2
turns,2
elizabethan,2
sitting,2
went,2
demanding,2
exceptionally,2
think,2
hope,2
jan,2
shown,2
unable,2
difference,2
resist,2
conditions,2
wish,2
include,2
judges,2
cotton,2
opinions,2
finds,2
gloucestershire,2
worried,2
ruth,2
snarford,2
supported,2
thatcher,2
tip,2
assumed,2
withdrew,2
negotiate,2
pat,2
corn,2
focus,2
mature,2
lxii,2
richly,2
forcibly,2
doing,2
conception,2
customs,2
thorold,2
god,2
sa,1
nicholas,1
final,1
resolve,1
incited,1
repay,1
huntington,1
abolition,1
pelteret,1
ja,1
formulated,1
weighed,1
currently,1
debated,1
rate,1
deference,1
assignatafuitei,1
hindle,1
waltham,1
obligations,1
procurationem,1
admonished,1
maddern,1
tithings,1
way,1
elite,1
protests,1
welcomed,1
tyranny,1
gleaner,1
ready,1
compensate,1
trained,1
concern,1
conduxit,1
truth,1
insulated,1
everyone,1
administered,1
asked,1
monotheism,1
insufficiently,1
struggled,1
thrown,1
happen,1
worthy,1
requirere,1
poorer,1
eliminated,1
considerably,1
introduction,1
artificium,1
stands,1
shannon,1
reapers,1
coerce,1
prostitutes,1
welby,1
glimpses,1
recompense,1
expect,1
landholding,1
vivos,1
visitation,1
steadfast,1
needed,1
american,1
perceive,1
judged,1
pondered,1
incorporated,1
elaborated,1
brigstock,1
motley,1
picked,1
laborandum,1
advised,1
crafting,1
agistare,1
join,1
catastrophe,1
riddy,1
transcribed,1
antiq,1
med,1
summaries,1
rewards,1
glean,1
breezily,1
approaches,1
cno,1
commonplace,1
largely,1
candidate,1
satisfied,1
meaty,1
unnamed,1
reasonably,1
overlook,1
iusticiari,1
protection,1
page,1
position,1
macaulav,1
western,1
resurgence,1
harsh,1
unlike,1
deliveries,1
inaugurating,1
maybe,1
assisted,1
remedy,1
uses,1
siblings,1
interpretative,1
nativo,1
oaths,1
lib,1
jp,1
prostitute,1
elimination,1
du,1
materials,1
debased,1
laura,1
par,1
predominantly,1
wayward,1
henrys,1
fabric,1
anything,1
cast,1
karen,1
based,1
pleas,1
briggs,1
stressed,1
submitted,1
beggar,1
modest,1
embraced,1
peciit,1
commissions,1
sybil,1
preceding,1
numbered,1
localities,1
hc,1
uppity,1
prome,1
entailed,1
obey,1
buoyant,1
contravened,1
originally,1
gowing,1
give,1
migrant,1
motivations,1
hire,1
saul,1
undocumented,1
terrain,1
proprietatibus,1
archer,1
prout,1
youngest,1
editions,1
essendi,1
revival,1
definition,1
heated,1
cvii,1
limb,1
depicting,1
garth,1
individuals,1
skills,1
pragmatic,1
explores,1
secondary,1
cathedral,1
broken,1
landholders,1
dwindle,1
astonishingly,1
pollard,1
thank,1
differences,1
knight,1
farmers,1
throughout,1
hesitation,1
analyses,1
origin,1
nineteen,1
liverpool,1
rootlessness,1
studied,1
parishioners,1
link,1
substantive,1
avowries,1
hundred,1
mag,1
concludes,1
designated,1
room,1
beds,1
religion,1
scheme,1
lxxxii,1
deemed,1
listed,1
efficiently,1
quemlibet,1
indulged,1
revisitations,1
levelance,1
devised,1
loose,1
losers,1
trouble,1
respond,1
keith,1
cantiana,1
enacted,1
geoffrey,1
deriving,1
political,1
lodgings,1
que,1
ours,1
somewhat,1
readiness,1
revise,1
potens,1
tenancies,1
surveys,1
widowhood,1
wilts,1
daniel,1
eumposuit,1
antedated,1
apprentice,1
bluntly,1
proposals,1
attachiatus,1
nowhere,1
perplexities,1
meal,1
appreciate,1
est,1
empty,1
suspect,1
bret,1
stretched,1
grudgingly,1
ingeniously,1
vagibundam,1
intrare,1
unaware,1
thralldom,1
advice,1
primary,1
mass,1
firm,1
rests,1
right,1
faramerz,1
jc,1
offset,1
labours,1
apprenticeship,1
losses,1
qe,1
design,1
intermediaries,1
reminder,1
ultra,1
dreaded,1
resisting,1
bii,1
opened,1
prior,1
determined,1
marked,1
politics,1
chronicler,1
withdrawal,1
subaltern,1
facilitating,1
drive,1
wealthier,1
reaction,1
mutual,1
alter,1
fraud,1
bibliography,1
move,1
seeped,1
vital,1
contradixit,1
stubborn,1
hawkes,1
constabulario,1
disadvantage,1
desired,1
variations,1
villeins,1
privileged,1
consequent,1
benefactors,1
owners,1
climax,1
abide,1
desirable,1
requirements,1
anticipated,1
along,1
negotiation,1
combing,1
cutte,1
prised,1
pain,1
wycombe,1
unhappy,1
reality,1
letter,1
etfregit,1
engage,1
ross,1
treatise,1
directed,1
liberated,1
audience,1
says,1
unrecognized,1
londoners,1
kele,1
harold,1
signal,1
hudson,1
frisby,1
exposed,1
cream,1
mid,1
learned,1
repeatedly,1
sibien,1
steadfastness,1
indicates,1
possessing,1
penalty,1
divorced,1
homage,1
retaining,1
therein,1
ravaged,1
lover,1
proscription,1
denying,1
concentrated,1
maledominated,1
surely,1
moved,1
sherd,1
devillavit,1
advocado,1
component,1
commentator,1
facts,1
seiden,1
translating,1
lxix,1
faced,1
illustrates,1
dameson,1
bailey,1
pursuit,1
targeted,1
econometric,1
hierarchy,1
magic,1
xxiii,1
iiii,1
cepit,1
millennium,1
patchy,1
forgotten,1
compulsorily,1
ut,1
moment,1
wvcliffe,1
price,1
application,1
jr,1
shrewsbury,1
excommunicated,1
siècle,1
seeming,1
treasure,1
emigration,1
expected,1
nulle,1
insult,1
withering,1
outraged,1
subconstables,1
kind,1
conundrum,1
turn,1
detention,1
thereof,1
wendy,1
garthwoman,1
wander,1
items,1
abscond,1
dimly,1
irregularities,1
betters,1
solebat,1
burgeoning,1
intercourse,1
illogic,1
ante,1
subjects,1
unhesitatingly,1
ljaul,1
smallholders,1
ithaca,1
restrict,1
maslakovic,1
flawed,1
vacabundusla,1
honour,1
applying,1
continuous,1
hettinger,1
jacob,1
chaucer,1
thin,1
popularity,1
emigrating,1
upturn,1
quolibet,1
circumquaque,1
drawn,1
suitability,1
aim,1
sin,1
seigneurialism,1
look,1
prime,1
retained,1
amphlett,1
eager,1
exempted,1
fool,1
tt,1
demonstration,1
ely,1
kin,1
traditions,1
traced,1
unwelcome,1
recistata,1
adult,1
traits,1
iperound,1
generation,1
influence,1
locked,1
quiet,1
loans,1
error,1
kenyon,1
spinster,1
contracting,1
secondarily,1
battles,1
uncooperative,1
statu,1
oj,1
rights,1
site,1
messy,1
acad,1
opposed,1
downright,1
manipulated,1
shipping,1
scartho,1
revisit,1
trending,1
slackened,1
air,1
costs,1
winnower,1
mutatis,1
performance,1
abolished,1
enlivened,1
managing,1
factual,1
mes,1
cleaned,1
magisterial,1
generations,1
trevelyan,1
innovated,1
declaring,1
spurned,1
stop,1
toft,1
ironic,1
stressing,1
maximize,1
affairs,1
boonworks,1
basic,1
administrative,1
en,1
stumbling,1
levels,1
derbyshire,1
gloomy,1
marginalized,1
agrie,1
killing,1
clopper,1
survives,1
opportunity,1
dealt,1
comply,1
determining,1
rescue,1
slipped,1
heard,1
tiay,1
persistent,1
repopulating,1
read,1
hanawalt,1
expelled,1
talk,1
certain,1
domestication,1
dormer,1
archaeologia,1
doubted,1
ix,1
youths,1
dialogue,1
mullan,1
stevens,1
k,1
denise,1
enabled,1
magnates,1
offering,1
operarti,1
postles,1
requisitas,1
lollardinspired,1
animals,1
complaining,1
scattered,1
factors,1
front,1
periodic,1
moreover,1
derek,1
hulot,1
unfreedom,1
tailor,1
incapacitated,1
remarriage,1
eighteen,1
pernicious,1
voluntarily,1
solutions,1
injury,1
utterly,1
conformed,1
clerk,1
deveroit,1
bad,1
rallied,1
troublesome,1
umich,1
tensions,1
rapacious,1
maiden,1
familiar,1
benefits,1
harder,1
organized,1
behaviours,1
slowly,1
leavings,1
wealth,1
section,1
represented,1
threatening,1
recalibrated,1
mutandis,1
thirty,1
harvested,1
traces,1
house,1
venetian,1
weak,1
document,1
prevent,1
laboraria,1
presumed,1
outrightly,1
resorted,1
attachiassetjw,1
xvii,1
hoped,1
commented,1
southwark,1
gloucester,1
specifics,1
idiots,1
depart,1
follow,1
curbing,1
officer,1
lifelong,1
derby,1
efficient,1
wy,1
surmise,1
philippa,1
annually,1
believes,1
feudal,1
merited,1
terminology,1
lxxi,1
hereafter,1
asks,1
thieves,1
strenuously,1
internal,1
dominant,1
contrary,1
warmer,1
preference,1
satisfaction,1
abbatis,1
dc,1
thrust,1
rb,1
conquest,1
challenges,1
opponents,1
contention,1
behaviour,1
raw,1
mown,1
worries,1
troubling,1
moving,1
result,1
bl,1
lock,1
pastoral,1
heavily,1
vagabonds,1
cynthia,1
archivists,1
identifying,1
access,1
introduce,1
rerum,1
questioned,1
bearing,1
declined,1
societies,1
ld,1
digested,1
transient,1
begun,1
derivatives,1
called,1
explanatory,1
attack,1
conventionally,1
changed,1
scotland,1
shared,1
radical,1
agendas,1
lawson,1
workable,1
incurring,1
vigorous,1
shoes,1
initial,1
base,1
inter,1
irregularly,1
extracting,1
unobserved,1
collectively,1
brothels,1
outnumbered,1
fourth,1
outset,1
heirs,1
memory,1
eased,1
yoke,1
signalled,1
healthy,1
nuper,1
carole,1
pitch,1
amicia,1
something,1
fellowships,1
ecclesiastical,1
honed,1
mate,1
agreements,1
opprobrium,1
appears,1
gwen,1
viewed,1
criminalization,1
torn,1
obedience,1
criterion,1
meet,1
promise,1
deliberations,1
tornay,1
younger,1
groundwork,1
scale,1
appearing,1
handled,1
almsgiving,1
guesses,1
deliberandum,1
nothing,1
masculine,1
occidentale,1
burgess,1
procedures,1
abuse,1
assigning,1
judicial,1
guidance,1
nottingham,1
miserly,1
noticed,1
opposition,1
wide,1
hierarchies,1
negotiated,1
filter,1
near,1
cart,1
swathes,1
patriarchal,1
wills,1
silver,1
receive,1
transcription,1
aspects,1
kathryn,1
undermined,1
requisii,1
xix,1
pigs,1
keeping,1
spileman,1
resolutely,1
verbal,1
distinguish,1
circumstance,1
accounting,1
line,1
derisively,1
utopias,1
unworthy,1
xxxv,1
disrespect,1
bartholomaeus,1
arestare,1
scope,1
designation,1
spectre,1
sickles,1
sixteenthcentury,1
paraphrase,1
industrial,1
contempt,1
claudius,1
swap,1
protected,1
coping,1
accomplice,1
unless,1
prompted,1
characterization,1
reworks,1
purpose,1
farrer,1
competing,1
unfinished,1
apparent,1
tenure,1
eccles,1
aetiology,1
lovely,1
whole,1
misinterpreted,1
bible,1
consistently,1
older,1
fail,1
cxlvi,1
horn,1
horrox,1
obscured,1
emancipated,1
reportedly,1
irregular,1
reoccupied,1
impositions,1
vociferous,1
binding,1
fámula,1
justification,1
regional,1
cxxxviii,1
institution,1
proscriptions,1
cat,1
il,1
anglia,1
realms,1
favourite,1
shouted,1
conform,1
swore,1
aragon,1
assignare,1
relative,1
surprise,1
walton,1
feast,1
trends,1
minds,1
else,1
count,1
sic,1
moris,1
situational,1
aided,1
conveyed,1
staple,1
rebelles,1
responses,1
broadcast,1
statutory,1
commons,1
custom,1
tudor,1
tanquam,1
correct,1
caused,1
stiff,1
tight,1
whence,1
below,1
sweep,1
cold,1
pearsall,1
excercens,1
wildly,1
shaping,1
recast,1
stage,1
debts,1
excuse,1
troubled,1
lowly,1
precedents,1
obligatory,1
mediterranean,1
biada,1
phrase,1
ward,1
night,1
emerging,1
thrashing,1
catelyn,1
venomous,1
anybody,1
eidem,1
characteristics,1
gleaners,1
accomplished,1
wider,1
cxxxiv,1
highly,1
awhile,1
guernsey,1
seisitus,1
bowed,1
temporary,1
catalonia,1
acts,1
supposedly,1
ockham,1
protect,1
distinguished,1
suddenly,1
ancestors,1
elf,1
dietim,1
impossible,1
yielded,1
philip,1
tiberius,1
sexualized,1
serviendi,1
managed,1
condemned,1
razi,1
annual,1
progress,1
st,1
chaplain,1
passivity,1
proper,1
citations,1
sua,1
crassons,1
peculiar,1
woolf,1
aids,1
substituted,1
scythes,1
preliminary,1
innovating,1
kelsall,1
assizes,1
geographical,1
stewards,1
knowledge,1
seemed,1
avoid,1
faber,1
jeffrey,1
notion,1
inwit,1
cxxxv,1
indict,1
latin,1
limiting,1
barbara,1
south,1
excommunication,1
flourished,1
defended,1
famulus,1
san,1
furnished,1
verb,1
turnhout,1
warwickshire,1
annum,1
implications,1
equality,1
ventured,1
saw,1
absence,1
cottage,1
variability,1
bringing,1
steadily,1
shedding,1
letters,1
spalding,1
action,1
concede,1
bastards,1
recusavii,1
lynn,1
stay,1
glasgow,1
short,1
indeed,1
movingly,1
coercively,1
drama,1
overall,1
housewifery,1
wreaked,1
analogue,1
socalled,1
hotchpotch,1
sermon,1
wait,1
crippled,1
royales,1
merits,1
oversight,1
steve,1
volunte,1
vili,1
malefactor,1
mimicking,1
allen,1
pile,1
dread,1
reconstruction,1
sagging,1
sarclanda,1
tor,1
dwellings,1
controls,1
intervention,1
mumbling,1
surviving,1
currency,1
woods,1
upbeat,1
infirm,1
bastard,1
humans,1
greed,1
eldest,1
movement,1
registered,1
insulting,1
contra,1
settings,1
seemingly,1
suppose,1
echo,1
cultivate,1
hold,1
pts,1
direction,1
ineligible,1
bread,1
vacabundo,1
roll,1
preston,1
monkish,1
scarcity,1
hoe,1
hoeing,1
frank,1
witty,1
releasing,1
positive,1
filiam,1
vagabunda,1
extents,1
extraction,1
voluii,1
needful,1
push,1
arrangements,1
possessions,1
ipsum,1
flush,1
pp,1
accident,1
rebel,1
bastardy,1
shipman,1
friends,1
clergy,1
fenwick,1
restricted,1
caenby,1
inspiration,1
ne,1
ancient,1
slandering,1
defendant,1
tax,1
participants,1
politiques,1
nat,1
adjusted,1
light,1
martinmas,1
laborarias,1
manuscripts,1
middleton,1
cow,1
cottages,1
sales,1
mavis,1
joins,1
reiterates,1
largest,1
phenomenon,1
disobedience,1
occupations,1
parties,1
alien,1
malmeton,1
touching,1
accidental,1
begins,1
resented,1
speaking,1
rise,1
thirteenthand,1
boxgrove,1
wragby,1
genoese,1
girl,1
considers,1
breuer,1
artificio,1
delivery,1
sam,1
seymour,1
samson,1
worst,1
wickham,1
crew,1
disappearing,1
ase,1
starting,1
requisitus,1
mowers,1
tractable,1
misbehavior,1
subjected,1
winnowed,1
menuge,1
tilt,1
challenge,1
carolyn,1
clive,1
broadened,1
limit,1
neglect,1
mighty,1
ended,1
quousque,1
testators,1
madonna,1
wyotson,1
rosemary,1
growth,1
varied,1
runaway,1
expulsions,1
barber,1
efforts,1
husbandry,1
conformity,1
expeditiously,1
criminal,1
idea,1
vagentem,1
sing,1
astonishment,1
pointer,1
scholars,1
marvellous,1
assignaverunt,1
blocks,1
genuine,1
tempore,1
pressure,1
belong,1
xlv,1
proposal,1
agree,1
documents,1
match,1
striking,1
attempting,1
gainers,1
crop,1
raised,1
outdated,1
governed,1
really,1
larger,1
richer,1
hear,1
gillingham,1
ossiosus,1
godly,1
state,1
aug,1
overwhelmingly,1
arthur,1
venture,1
considerable,1
charges,1
fashion,1
travail,1
workman,1
discussed,1
audiences,1
offence,1
possession,1
evocations,1
xcii,1
insane,1
accusations,1
sayles,1
paris,1
lawrence,1
haldayn,1
ground,1
haul,1
model,1
innovative,1
stringently,1
secular,1
developing,1
changeful,1
income,1
non,1
wright,1
advisers,1
jobs,1
eton,1
suburb,1
answer,1
tell,1
informally,1
avowry,1
spoke,1
maria,1
obliged,1
reaper,1
minneapolis,1
simplicity,1
messuage,1
metropolitan,1
books,1
plaintiffs,1
aimed,1
baward,1
eiusdem,1
acquiesce,1
stipend,1
encountered,1
ibid,1
widow,1
submit,1
thomson,1
piecework,1
autobiography,1
husting,1
synonym,1
brack,1
classes,1
clout,1
ingenious,1
meaningful,1
casual,1
clients,1
rio,1
father,1
relented,1
vagans,1
astray,1
considering,1
effectiveness,1
birth,1
treated,1
serviendumjt,1
explanation,1
disagree,1
eighteenth,1
limitations,1
neatly,1
exporting,1
disrespectful,1
handmaiden,1
collections,1
alas,1
js,1
maimed,1
sworn,1
distinctly,1
previously,1
francia,1
characterizing,1
increase,1
sufficiently,1
frankpledge,1
recessit,1
precipere,1
eorum,1
widowers,1
attributed,1
encouraged,1
top,1
imbued,1
empirical,1
thriving,1
controlling,1
entirely,1
ordering,1
enduring,1
weeks,1
stealing,1
fed,1
unstated,1
bondage,1
hore,1
assumption,1
additions,1
fiend,1
numerous,1
lanes,1
ply,1
bishopric,1
garcon,1
laborare,1
magdalene,1
assign,1
acquiesced,1
resume,1
recovery,1
needy,1
merit,1
examination,1
combe,1
chosen,1
deployed,1
attachiare,1
vulnerability,1
stayed,1
arestum,1
reddings,1
falsely,1
significance,1
arthurian,1
rowland,1
percy,1
margaret,1
loosely,1
whoever,1
seabourne,1
adding,1
frustrated,1
assaulted,1
clxi,1
latham,1
express,1
nora,1
health,1
sicut,1
charged,1
try,1
individual,1
pride,1
homes,1
transience,1
peremptorily,1
victuallers,1
tim,1
spread,1
stymied,1
summer,1
coacquisitions,1
chartes,1
register,1
collected,1
static,1
panels,1
crafted,1
lie,1
reinstate,1
counted,1
redress,1
attachiaverunt,1
applicable,1
standard,1
intrinsic,1
martin,1
latter,1
forms,1
repeated,1
reputable,1
class,1
seeks,1
mayors,1
enserfed,1
facing,1
jurisdiction,1
somehow,1
coercive,1
je,1
guilt,1
edmund,1
trying,1
study,1
methods,1
juncture,1
aforesaid,1
editors,1
become,1
let,1
commands,1
declare,1
assessing,1
confidently,1
wise,1
unoccupied,1
mr,1
accordingly,1
éd,1
hedges,1
fulfilled,1
priests,1
woes,1
claiming,1
seeking,1
thirteenth,1
comfortably,1
bondman,1
bibliothèque,1
conscience,1
field,1
retorted,1
italy,1
henderson,1
equivalent,1
slipping,1
lollards,1
authorship,1
dragooned,1
occupied,1
école,1
bonde,1
quarterly,1
pastj,1
caution,1
swineshead,1
taylor,1
achieve,1
permit,1
concluded,1
widely,1
acritical,1
expressly,1
modernized,1
separate,1
infants,1
landholdings,1
genesis,1
beggary,1
filatricis,1
enough,1
wyatt,1
indication,1
dawn,1
fourteenthcentury,1
moriana,1
relying,1
christian,1
entail,1
cxi,1
applications,1
coercion,1
zvi,1
aid,1
cleansing,1
imbalance,1
mesme,1
proc,1
officials,1
reinstating,1
note,1
bundling,1
africa,1
humanities,1
cby,1
equals,1
astonished,1
preceptum,1
prolix,1
independent,1
brandeis,1
yorks,1
figure,1
willingly,1
plays,1
naturally,1
impressive,1
liveries,1
boundaries,1
fuller,1
imperatives,1
select,1
parent,1
inarticulate,1
deaths,1
secure,1
disagreements,1
exceptional,1
directing,1
venues,1
transformed,1
chronically,1
worse,1
effectively,1
katherine,1
salaries,1
importantly,1
puzzled,1
properties,1
manorialism,1
transformation,1
legitimacy,1
anxious,1
countries,1
vagabond,1
antiquity,1
heidi,1
owed,1
rot,1
why,1
accusation,1
analysis,1
paternal,1
travelled,1
existed,1
rawcliffe,1
surprising,1
chamber,1
dead,1
skimmed,1
supporting,1
muted,1
types,1
davie,1
worlds,1
recordkeeping,1
involuntary,1
paying,1
confessed,1
kermode,1
unacceptable,1
fought,1
langston,1
attachment,1
earliest,1
poets,1
acres,1
durability,1
addressed,1
blurred,1
dissertation,1
differentiated,1
selwyn,1
servantz,1
regularly,1
publicly,1
geese,1
contained,1
keal,1
sexes,1
preamble,1
wd,1
marks,1
thinly,1
singular,1
material,1
following,1
corpore,1
dabhoiwala,1
categorizations,1
antecedent,1
intervened,1
oblatis,1
merchandize,1
changing,1
comparison,1
misconduct,1
jjouglas,1
sara,1
chamberlain,1
demonstrate,1
damaging,1
solidis,1
reinforced,1
endowed,1
bush,1
wrongdoer,1
borrows,1
lovers,1
thousand,1
apprehended,1
physical,1
vacant,1
echoes,1
disguise,1
charles,1
marino,1
doi,1
wicked,1
mow,1
heiresses,1
offers,1
command,1
affirmative,1
alternative,1
phrasing,1
chattels,1
resonance,1
replace,1
defining,1
excess,1
ville,1
trevelvan,1
natural,1
laborer,1
servaunt,1
jay,1
provence,1
faceré,1
inequities,1
cxv,1
havoc,1
devalued,1
concession,1
rw,1
steven,1
worth,1
share,1
expanding,1
phythianadams,1
save,1
setting,1
board,1
authorities,1
believe,1
laird,1
cerium,1
stack,1
specially,1
herrup,1
righted,1
bu,1
breaking,1
quia,1
seised,1
guild,1
current,1
domestic,1
report,1
post,1
merchet,1
homme,1
stretching,1
smallholdings,1
job,1
grey,1
intro,1
twelfth,1
houses,1
precedent,1
benefit,1
cultivation,1
visits,1
ritchie,1
sarclacionis,1
startling,1
purview,1
pit,1
wood,1
onlepi,1
distinctive,1
schofield,1
unbreakable,1
closest,1
maltby,1
thompson,1
passage,1
grumbled,1
options,1
technicality,1
hugh,1
lx,1
governing,1
glory,1
subordinate,1
pilferers,1
beginning,1
defend,1
mowed,1
virtual,1
witch,1
meopham,1
transfers,1
petitions,1
selected,1
doings,1
tweaked,1
duplication,1
want,1
independently,1
agreeably,1
noël,1
maintain,1
textbook,1
agricultural,1
reiterated,1
dunmow,1
domesticate,1
mere,1
docility,1
ceased,1
schad,1
agrees,1
dugdale,1
clever,1
understandably,1
transaction,1
listen,1
instigation,1
erler,1
getting,1
while,1
customary,1
foundations,1
xlviii,1
harrow,1
studying,1
amy,1
cloth,1
uncertainty,1
awarded,1
intemperate,1
resident,1
anna,1
apparently,1
phillipp,1
cin,1
threat,1
hundreds,1
tongues,1
contain,1
targets,1
categories,1
des,1
renuit,1
skinner,1
burden,1
wandering,1
bodies,1
reaped,1
epithet,1
level,1
boldly,1
occasionally,1
shadwood,1
kim,1
rescued,1
private,1
met,1
superstition,1
misconstrue,1
strangers,1
alternatives,1
confirm,1
scoffed,1
november,1
monarchs,1
ac,1
mayor,1
giving,1
impose,1
disciplines,1
respectable,1
agents,1
everywhere,1
shrug,1
harvesting,1
theirs,1
peremptory,1
bedfordshire,1
shadowed,1
lesson,1
arguments,1
merchant,1
appointed,1
memories,1
goose,1
truncate,1
mention,1
diocese,1
isolated,1
au,1
lxiii,1
construed,1
daring,1
sale,1
felsted,1
margins,1
forthwith,1
femme,1
robertson,1
promoted,1
ian,1
formation,1
candler,1
rote,1
covertes,1
spring,1
presence,1
scolding,1
recording,1
tilts,1
commercial,1
worsening,1
differentiation,1
authorized,1
notes,1
bartholomew,1
carlton,1
kentish,1
onerous,1
detain,1
paradigm,1
ascune,1
recovering,1
washington,1
quasi,1
pamela,1
aware,1
agistamentum,1
trap,1
motives,1
arestavitjh,1
sat,1
documentation,1
offer,1
instituted,1
shrewdness,1
advantageous,1
agistata,1
upon,1
davies,1
disorienting,1
inherent,1
pn,1
thoughtful,1
effects,1
settling,1
piece,1
arestatus,1
xive,1
recourse,1
herts,1
stroud,1
consequence,1
shift,1
hopes,1
classification,1
serviens,1
congruo,1
doubtless,1
cancelled,1
retenta,1
castile,1
clerico,1
wedlock,1
laborarius,1
governments,1
cottok,1
removed,1
vagrans,1
chambers,1
meaning,1
harassed,1
husbandly,1
petitioned,1
aback,1
muleward,1
straw,1
redolent,1
pending,1
consisted,1
sceptical,1
stipulations,1
standards,1
inventas,1
equity,1
anglian,1
enterprise,1
december,1
norman,1
averred,1
fears,1
views,1
bargain,1
glentham,1
shropshire,1
instance,1
entire,1
fellowship,1
immediately,1
willing,1
whenever,1
carver,1
drew,1
longer,1
meeting,1
formulae,1
oí,1
householder,1
arithmetic,1
devastated,1
malcolm,1
built,1
domini,1
interrogated,1
officium,1
purported,1
singleton,1
dictum,1
xxv,1
wagelabour,1
gold,1
croft,1
eagerly,1
