WORDCOUNTS,WEIGHT
the,262
of,241
and,195
in,118
to,103
as,78
historical,73
a,66
photography,60
that,53
photographs,53
history,40
are,38
for,32
is,30
about,28
what,26
historians,25
how,25
new,24
with,24
photographic,23
this,23
an,23
their,21
or,19
by,19
s,17
questions,17
which,16
on,16
has,15
york,15
it,14
issue,14
practices,14
not,14
press,14
evidence,14
they,13
ways,13
university,13
other,13
past,13
have,13
visual,12
images,12
be,12
memory,11
different,11
both,11
through,11
photograph,11
potential,11
study,10
more,10
from,10
theory,10
studies,9
sources,9
all,9
interpretation,9
us,9
but,9
use,9
analysis,9
them,9
documentary,9
at,8
into,8
some,8
work,8
critical,8
also,8
see,8
often,8
among,8
limits,7
than,7
rather,7
process,7
image,7
public,7
cultural,7
status,7
do,7
books,7
including,7
we,7
her,7
between,7
archives,6
such,6
turn,6
beyond,6
histories,6
tucker,6
well,6
future,6
perspectives,6
ed,6
photographers,6
material,6
become,6
workshop,6
been,6
who,6
itself,6
susan,6
historian,6
theme,6
jennifer,6
art,6
our,6
source,5
context,5
photographer,5
even,5
was,5
w,5
pho,5
london,5
used,5
social,5
sense,5
make,5
these,5
entwined,5
meiselas,5
lack,5
so,5
can,5
she,5
practice,5
series,5
inquiry,5
question,5
if,4
multiple,4
meaning,4
tion,4
essays,4
eye,4
nature,4
historiography,4
narrative,4
reveal,4
there,4
written,4
point,4
wendy,4
his,4
objectivity,4
its,4
issues,4
either,4
around,4
will,4
role,4
tagg,4
culture,4
narratives,4
only,4
ask,4
many,4
artists,4
ought,4
john,4
contemporary,4
camera,4
within,4
wesleyan,4
present,4
tography,4
interpreting,4
understanding,4
made,4
range,4
writings,4
ewald,4
like,4
especially,4
problems,4
raised,4
attention,4
papers,4
methods,4
articles,4
any,4
here,4
over,4
intellectual,4
terms,4
edwards,4
world,4
representation,4
come,4
chicago,4
recent,4
go,3
way,3
burke,3
introduction,3
center,3
american,3
complex,3
marianne,3
constitutes,3
laura,3
geoffrey,3
own,3
desire,3
concepts,3
hirsch,3
interest,3
document,3
compel,3
bann,3
whose,3
no,3
bring,3
across,3
approaches,3
witness,3
objects,3
dominant,3
photos,3
uses,3
urgent,3
part,3
example,3
calls,3
people,3
gottesman,3
wider,3
acts,3
batchen,3
oxford,3
yet,3
salient,3
same,3
insights,3
noted,3
science,3
power,3
others,3
scholars,3
documents,3
debates,3
wexler,3
number,3
private,3
explanation,3
medium,3
authors,3
peter,3
individual,3
david,3
working,3
differ,3
pictorial,3
me,3
provide,3
domains,3
practical,3
hill,3
collections,3
fields,3
thinking,3
changing,3
offers,3
very,3
pictures,3
merely,3
investigation,3
accounts,3
writes,3
dialogues,3
writing,3
coming,3
iconic,3
trauma,3
effects,3
debate,3
given,3
much,3
does,2
reckoning,2
kirsten,2
campt,2
generous,2
truth,2
represent,2
extend,2
methodologies,2
holocaust,2
ultimate,2
one,2
kinds,2
ma,2
character,2
hayes,2
contextualizes,2
materials,2
contexts,2
experience,2
being,2
barthes,2
ii,2
give,2
words,2
book,2
together,2
roland,2
take,2
i,2
precisely,2
those,2
political,2
racial,2
digital,2
case,2
takes,2
compelling,2
leo,2
subaltern,2
taking,2
engage,2
central,2
language,2
histori,2
relationships,2
ethical,2
stakes,2
tina,2
moment,2
relations,2
fabrics,2
century,2
cases,2
nor,2
subjects,2
understood,2
ment,2
exhibitions,2
critics,2
site,2
essential,2
links,2
curator,2
influential,2
annette,2
notion,2
environments,2
vicki,2
dialogue,2
support,2
means,2
consider,2
impact,2
answers,2
important,2
drawing,2
reflections,2
result,2
whom,2
access,2
out,2
events,2
relate,2
zone,2
equally,2
produced,2
pinney,2
promise,2
excellent,2
record,2
required,2
method,2
shape,2
invigorate,2
already,2
generative,2
interpreters,2
apparent,2
elizabeth,2
realm,2
project,2
baer,2
shaping,2
family,2
several,2
brought,2
dramatic,2
research,2
always,2
when,2
using,2
value,2
therefore,2
film,2
pushes,2
short,2
object,2
violence,2
thought,2
technology,2
neither,2
kelsey,2
included,2
street,2
museums,2
toward,2
stories,2
wesley,2
time,2
diverse,2
psychic,2
less,2
answer,2
routledge,2
another,2
sewing,2
genres,2
values,2
formal,2
complexities,2
engaging,2
collaborative,2
verso,2
processes,2
engaged,2
keystones,2
significance,2
clear,2
three,2
essay,2
co,2
would,2
function,2
serves,2
paths,2
why,2
acquire,2
engagement,2
asking,2
today,2
raise,2
chance,2
employment,2
becomes,2
life,2
norton,2
ing,2
goldberg,2
forget,2
deep,2
simply,2
proposes,2
levi,2
alternative,2
strauss,2
lucida,2
global,2
particularly,2
raphael,2
photogra,2
economy,2
exposing,2
making,2
particular,2
mere,2
engagements,2
generally,2
suspicion,2
burden,2
presented,2
must,2
african,2
conventional,2
challenges,2
think,2
tions,2
eric,2
tell,2
cambridge,2
wang,2
samuel,2
vernacular,2
mode,2
phy,2
constructed,2
themselves,2
scholarship,2
needle,2
reached,2
kuhn,2
spitzer,2
should,2
woven,1
residing,1
democracy,1
meth,1
mute,1
struggle,1
deny,1
ethics,1
anthony,1
commentary,1
groups,1
prize,1
grappled,1
repre,1
worthy,1
intriguing,1
curatorial,1
evans,1
eidos,1
trations,1
group,1
becoming,1
needed,1
tend,1
prime,1
kurdistan,1
linkages,1
remind,1
schools,1
regis,1
true,1
remnants,1
completely,1
walker,1
sudden,1
jonathan,1
mit,1
paradigms,1
ell,1
duke,1
stitutional,1
ideals,1
comparisons,1
western,1
necessarily,1
cornell,1
accomplishments,1
fashioning,1
nineteenth,1
something,1
lightfoot,1
edu,1
contested,1
probed,1
monograph,1
ingredients,1
princeton,1
chief,1
turning,1
journalism,1
test,1
fabric,1
t,1
philosophers,1
torical,1
creation,1
production,1
recall,1
zilkha,1
steady,1
taken,1
raphy,1
might,1
address,1
viewer,1
hariman,1
attempt,1
sub,1
beautiful,1
emerged,1
ourselves,1
england,1
j,1
departure,1
definition,1
allan,1
knowing,1
tradition,1
leading,1
explores,1
display,1
thank,1
differences,1
rich,1
producing,1
thanks,1
selves,1
concludes,1
composition,1
listing,1
evolving,1
mieke,1
sentation,1
julie,1
infinitely,1
emphasized,1
illus,1
bate,1
poggio,1
robert,1
reading,1
ity,1
nina,1
johns,1
rethinking,1
citizenship,1
british,1
steidl,1
lynching,1
unmediated,1
inadequate,1
capacity,1
circulate,1
advice,1
primary,1
sought,1
u,1
america,1
incorporate,1
account,1
format,1
howard,1
possible,1
politics,1
reproducing,1
activity,1
intro,1
tracing,1
illustrate,1
insight,1
richard,1
reflecting,1
rela,1
ideologically,1
rogan,1
cited,1
screenings,1
purposive,1
expository,1
crystallized,1
signal,1
exposed,1
avenues,1
human,1
regarding,1
goal,1
icons,1
lorraine,1
andrew,1
evidentially,1
leigh,1
campbell,1
bruni,1
representations,1
ticle,1
since,1
arrested,1
against,1
analyzing,1
de,1
author,1
lectures,1
forgotten,1
domain,1
relatively,1
contributors,1
raises,1
photographies,1
highlighting,1
eyewitnessing,1
foreclose,1
pay,1
topic,1
dence,1
kind,1
militate,1
old,1
ation,1
commercialization,1
pla,1
encompass,1
ithaca,1
response,1
http,1
clare,1
compared,1
compare,1
explore,1
theatres,1
wanna,1
look,1
practically,1
critique,1
apparently,1
deeply,1
weave,1
robin,1
occasion,1
master,1
reflexively,1
vantage,1
employ,1
media,1
ers,1
excavate,1
interesting,1
simultaneously,1
recognized,1
americans,1
adequate,1
neces,1
likeness,1
ling,1
without,1
unravel,1
growth,1
performance,1
essence,1
ply,1
en,1
na,1
od,1
conceptions,1
collec,1
legal,1
importance,1
mitch,1
perkins,1
contributions,1
tionship,1
enriched,1
inherit,1
govern,1
productive,1
concep,1
overlooked,1
consequences,1
roth,1
factors,1
trebruk,1
risks,1
fantasy,1
lives,1
changes,1
developments,1
circulated,1
psychoanalytic,1
tensions,1
visualizations,1
imagination,1
sim,1
familiar,1
literary,1
consolidate,1
clearly,1
liberal,1
under,1
invite,1
consciousness,1
ideologies,1
traces,1
preoccupation,1
argued,1
too,1
felshin,1
age,1
most,1
seamless,1
operate,1
abbeville,1
porary,1
daston,1
follow,1
compellingly,1
exceed,1
requires,1
asks,1
victorian,1
signification,1
debray,1
projected,1
suggested,1
providing,1
decades,1
textured,1
cut,1
assessments,1
had,1
raiford,1
closely,1
my,1
remembered,1
urgency,1
lead,1
allow,1
critic,1
medicine,1
phantasma,1
galison,1
postulations,1
changed,1
deal,1
demands,1
international,1
carolina,1
constantly,1
philosophical,1
base,1
inter,1
further,1
pointing,1
informed,1
durham,1
war,1
keywords,1
treat,1
viewed,1
cannot,1
arguing,1
otherwise,1
productively,1
ezra,1
errol,1
wide,1
photo,1
foregrounded,1
lubben,1
hopkins,1
possibility,1
silvia,1
because,1
eyewitness,1
aspects,1
transl,1
sites,1
apprehend,1
dilemmas,1
invisible,1
julia,1
revealed,1
makers,1
artifacts,1
literature,1
intense,1
imagined,1
consequently,1
steve,1
nc,1
training,1
civil,1
introduc,1
related,1
lays,1
comment,1
lynda,1
intentionally,1
paratuses,1
attila,1
whole,1
discussions,1
positing,1
during,1
place,1
editorial,1
broad,1
collective,1
constitute,1
emiko,1
call,1
interac,1
personal,1
proliferation,1
surrounding,1
suzy,1
entails,1
capacities,1
sions,1
visions,1
rendered,1
challenging,1
approach,1
thread,1
remember,1
resentation,1
gest,1
considers,1
davison,1
upheavals,1
ago,1
hard,1
peterson,1
aroused,1
revolution,1
theoretically,1
suggest,1
box,1
pening,1
emphasizes,1
emerging,1
event,1
involved,1
allbritton,1
calling,1
mitchell,1
specificity,1
weighty,1
few,1
ship,1
revealing,1
components,1
oral,1
haptic,1
mi,1
presence,1
distinguished,1
boundaries,1
methodological,1
ent,1
philip,1
plexities,1
interpretively,1
beacon,1
up,1
interpreta,1
progress,1
proper,1
notice,1
inquiries,1
french,1
invest,1
deficiency,1
ritchin,1
awards,1
barbara,1
south,1
meaningfully,1
he,1
underlies,1
ironies,1
demand,1
implications,1
ballad,1
variety,1
various,1
aperture,1
letters,1
scientific,1
ans,1
indeed,1
synthesis,1
artworks,1
gender,1
brian,1
limited,1
play,1
motivated,1
classic,1
nearly,1
entrepreneur,1
brings,1
constraints,1
imbricated,1
suggestion,1
still,1
above,1
expanded,1
comments,1
manifest,1
underwritten,1
modes,1
artist,1
seemingly,1
evidentiary,1
guide,1
once,1
sincere,1
ariella,1
criticism,1
edited,1
azoulay,1
museum,1
curators,1
lithographic,1
meanwhile,1
push,1
makes,1
gourevitch,1
evidential,1
sitated,1
exposes,1
zurich,1
earned,1
participants,1
complete,1
ghraib,1
teaching,1
choices,1
ethnographic,1
baltimore,1
provocative,1
psyche,1
two,1
strippers,1
functioned,1
picture,1
published,1
disciplinary,1
happening,1
useful,1
lee,1
resolution,1
interdis,1
challenge,1
quiry,1
locating,1
pointed,1
available,1
responsibilities,1
mistrust,1
memorialization,1
fact,1
longer,1
signify,1
idea,1
fundamental,1
head,1
tos,1
minnesota,1
abstract,1
developed,1
reasoning,1
larger,1
end,1
distrust,1
inherently,1
condensed,1
fashion,1
optic,1
discussed,1
enact,1
never,1
observant,1
took,1
consciously,1
learn,1
eidolon,1
privatization,1
threads,1
nicolas,1
trachtenberg,1
developing,1
aiming,1
tonic,1
cecile,1
forth,1
stirred,1
ahead,1
minneapolis,1
japan,1
invitation,1
perhaps,1
fay,1
children,1
ignoring,1
transparent,1
convergences,1
reminds,1
years,1
thousands,1
imagine,1
ject,1
technologies,1
exhibit,1
exploring,1
meaningful,1
discussion,1
berghahn,1
examples,1
chael,1
subjectivity,1
brady,1
disagree,1
bear,1
ic,1
patricia,1
nead,1
looking,1
louis,1
intentionality,1
findings,1
polaroid,1
batch,1
expression,1
hosted,1
conditions,1
scalo,1
aesthetic,1
archive,1
full,1
ob,1
complicated,1
theoretical,1
described,1
low,1
open,1
explorations,1
meanings,1
photojournalism,1
truths,1
tional,1
carnival,1
points,1
sustain,1
interpret,1
gherardi,1
issn,1
evalu,1
christopher,1
architectural,1
collaboration,1
ny,1
alphabets,1
taraba,1
escaped,1
played,1
distinction,1
panels,1
after,1
black,1
fred,1
provides,1
thomas,1
construct,1
ap,1
graphic,1
special,1
conclusions,1
pandora,1
eyes,1
chapel,1
newspapers,1
constructing,1
eloquent,1
craft,1
relation,1
goteborg,1
hand,1
topics,1
structure,1
james,1
v,1
bal,1
sug,1
looked,1
morris,1
authorship,1
saw,1
professional,1
hanover,1
controversial,1
applies,1
photog,1
visit,1
genesis,1
dealing,1
depth,1
negotiations,1
penguin,1
relationship,1
africa,1
society,1
residual,1
phillip,1
sometimes,1
nh,1
hegemonies,1
fear,1
begin,1
resistant,1
alternate,1
bare,1
widespread,1
predict,1
enriches,1
success,1
apprehending,1
seen,1
diaspora,1
iconographic,1
atten,1
mcallister,1
covering,1
remembrance,1
terpret,1
gallery,1
crewe,1
elkins,1
fall,1
united,1
achieve,1
respect,1
nadar,1
types,1
get,1
imperialism,1
recalling,1
empathy,1
problematic,1
interpretive,1
rigorous,1
attachment,1
considered,1
tentativeness,1
addressed,1
stephen,1
claims,1
lucaites,1
reciprocal,1
share,1
seriously,1
shadow,1
proficiency,1
terrible,1
conviction,1
dispersed,1
comes,1
metaphor,1
apprehension,1
pulitzer,1
continues,1
scrutiny,1
regime,1
vacant,1
text,1
intently,1
sweden,1
sustained,1
set,1
phrasing,1
persisting,1
extant,1
anthropology,1
spontaneous,1
december,1
picador,1
best,1
down,1
straightforward,1
prominence,1
half,1
propaganda,1
current,1
domestic,1
foundation,1
ideological,1
ar,1
contradictory,1
impossible,1
privileged,1
audience,1
type,1
insistent,1
cal,1
specter,1
rep,1
affirm,1
portraiture,1
poses,1
whether,1
form,1
want,1
pertinent,1
mathew,1
scrupulous,1
insightful,1
getting,1
while,1
oth,1
recurrently,1
produce,1
yield,1
eyeofhistory,1
witnessing,1
suggests,1
universe,1
boston,1
varieties,1
intention,1
pain,1
mod,1
little,1
sontag,1
timely,1
ciplinary,1
apartheid,1
subject,1
rendering,1
controls,1
com,1
measure,1
tender,1
reconstruct,1
partake,1
epistemic,1
hap,1
aspect,1
remarks,1
chile,1
ultimately,1
impassioned,1
ulrich,1
recording,1
argues,1
contract,1
twentieth,1
numerous,1
institutional,1
finally,1
publishing,1
joined,1
although,1
fered,1
integrated,1
certificate,1
abu,1
reflexive,1
states,1
frames,1
playing,1
off,1
caption,1
remains,1
semblance,1
definitive,1
rudiments,1
canons,1
needs,1
observation,1
intentional,1
distinctions,1
mediations,1
fol,1
alexandra,1
secrets,1
texts,1
views,1
import,1
spectral,1
evi,1
duction,1
duration,1
conventions,1
north,1
eilon,1
broader,1
asked,1
conclu,1
conversations,1
representational,1
owns,1
contem,1
jects,1
els,1
