WORDCOUNTS,WEIGHT
the,972
of,564
and,459
to,322
in,306
police,202
a,179
was,148
that,127
as,115
by,101
qing,100
were,97
for,96
its,73
china,71
on,68
system,66
with,63
their,60
colonial,60
had,58
from,58
s,57
this,55
chinese,53
international,51
japan,51
not,50
new,49
it,45
japanese,43
state,41
an,41
they,37
law,37
ministry,36
imperial,35
order,34
policing,34
local,34
national,34
be,34
rights,33
he,33
other,32
university,32
officials,31
government,31
is,31
but,30
beijing,30
at,29
also,29
power,29
press,28
sovereignty,27
into,26
political,26
social,26
modern,25
such,25
these,25
who,25
civilizing,24
legal,24
even,23
nation,23
sovereign,23
or,23
population,22
between,22
powers,21
yuan,21
one,20
only,20
which,20
would,20
first,19
late,19
citizens,19
his,18
forces,18
tianjin,18
history,17
when,17
more,17
governmentality,17
european,17
baojia,17
shanghai,16
those,16
lam,16
than,16
jingcha,16
shikai,16
foucault,16
huang,16
meiji,16
logic,15
century,15
how,15
out,15
during,15
society,15
many,15
wang,15
them,15
while,15
british,14
g,14
after,14
people,14
about,14
under,14
empire,14
civilized,14
foreign,14
force,14
elites,14
have,14
states,14
studies,13
europe,13
zunxian,13
reform,13
so,13
control,13
historical,13
city,13
there,12
east,12
household,12
no,12
wheaton,12
most,12
could,12
industrial,12
surveillance,12
been,12
authorities,12
what,12
shu,12
urban,12
world,12
all,11
i,11
some,11
zhang,11
old,11
modernity,11
ton,11
empires,11
liberal,11
just,11
based,11
province,11
own,11
up,11
nations,11
same,11
academy,11
where,11
ibid,11
xunjingbu,11
chicago,11
archives,10
within,10
rather,10
further,10
war,10
indigenous,10
security,10
mission,10
two,10
registration,10
asian,10
students,10
established,10
over,10
are,10
global,10
through,10
public,10
although,10
court,9
since,9
called,9
example,9
civil,9
project,9
sense,9
kong,9
wrote,9
make,9
hong,9
idea,9
see,9
technologies,9
internal,9
often,9
has,9
did,9
according,9
became,9
hongyi,9
formation,9
early,9
entire,9
being,8
said,8
lansun,8
exception,8
central,8
hierarchy,8
civilization,8
similar,8
societies,8
jiaxiang,8
ed,8
hunan,8
disciplinary,8
liu,8
projects,8
time,8
made,8
began,8
defense,8
like,8
reformers,8
we,8
academies,8
itself,8
associated,8
kawashima,8
regime,8
domestic,8
allied,8
territory,8
later,7
agamben,7
establishment,7
development,7
affairs,7
journal,7
study,7
argued,7
instance,7
however,7
because,7
lei,7
practices,7
riben,7
still,7
treaty,7
rise,7
ports,7
native,7
years,7
use,7
harvard,7
california,7
minzhengbu,7
chubanshe,7
berkeley,7
zhongguo,7
works,7
notes,7
much,7
if,6
treaties,6
western,6
ideas,6
geopolitical,6
case,6
sought,6
west,6
merchants,6
elements,6
body,6
uncivilized,6
stapleton,6
colonialism,6
korea,6
troops,6
subjects,6
chengdu,6
centers,6
dynasty,6
having,6
part,6
using,6
therefore,6
equality,6
territorial,6
yet,6
infrastructure,6
ji,6
constabulary,6
addition,6
everyday,6
purposes,6
duties,6
practice,6
upon,6
initiatives,6
collected,6
carried,6
chen,6
series,6
military,6
report,6
regulations,6
making,6
constitutional,6
information,6
both,6
xunjing,6
shi,6
argues,6
twentieth,6
need,6
building,6
final,5
given,5
way,5
barbaric,5
contexts,5
nature,5
asia,5
words,5
emphasized,5
discipline,5
context,5
governmental,5
mass,5
politics,5
point,5
conceptual,5
sent,5
regarding,5
dongying,5
failed,5
recognized,5
traffic,5
process,5
ongoing,5
emergence,5
authority,5
rule,5
occupation,5
though,5
colonies,5
provincial,5
used,5
work,5
policies,5
status,5
boxer,5
published,5
purpose,5
activities,5
various,5
once,5
management,5
culture,5
others,5
scholars,5
governed,5
henan,5
take,5
xijiang,5
trade,5
essay,5
administrative,5
standard,5
institution,5
relationship,5
independence,5
life,5
united,5
claims,5
peoples,5
different,5
capital,5
constant,5
terms,5
imposed,5
recognition,5
maintained,5
difference,5
cambridge,5
contract,5
defined,5
themselves,5
focus,5
immediately,5
yanlong,4
center,4
di,4
unlike,4
before,4
nineteenth,4
princeton,4
uprising,4
long,4
official,4
zou,4
precisely,4
patrol,4
hevia,4
vol,4
strand,4
foreigners,4
far,4
laws,4
along,4
framework,4
lectures,4
regarded,4
architects,4
york,4
dagongbao,4
represented,4
eight,4
importance,4
michel,4
reforms,4
organized,4
former,4
four,4
important,4
strengthen,4
constitution,4
term,4
extraterritoriality,4
well,4
directly,4
unequal,4
residents,4
training,4
xuetang,4
jiangsu,4
actually,4
xinjiang,4
manage,4
stanford,4
television,4
cope,4
concerns,4
progress,4
newly,4
qingxing,4
will,4
demand,4
yigong,4
populations,4
expanded,4
movement,4
communities,4
already,4
wakeman,4
toward,4
similarly,4
efforts,4
longer,4
areas,4
external,4
outside,4
considered,4
imperatives,4
existing,4
appropriating,4
eds,4
governance,4
demonstrated,4
full,4
diplomacy,4
controversies,4
period,4
general,4
municipal,4
systems,4
can,4
structure,4
james,4
versus,4
kristin,4
professional,4
bureau,4
science,4
months,4
institutions,4
seen,4
returned,4
lives,4
transformation,4
statewide,4
imperialism,4
grounded,4
meant,4
changing,4
incorporated,4
founded,4
tushuguan,4
taiwan,4
set,4
country,4
board,4
argue,4
universal,4
essentially,4
nationalist,4
maintain,4
rationality,4
too,4
role,4
compilations,4
conventional,4
jindai,4
register,4
ships,4
siege,4
customs,4
baoweiju,3
common,3
ν,3
becoming,3
needed,3
replaced,3
diplomatic,3
naoyuki,3
horowitz,3
duke,3
policy,3
inequality,3
came,3
member,3
regulating,3
likewise,3
attempt,3
capitalist,3
extraterritorial,3
assertion,3
desire,3
sichuan,3
incident,3
subsequent,3
concepts,3
personnel,3
triggered,3
issue,3
acknowledged,3
prasenjit,3
discuss,3
renmin,3
uneven,3
felt,3
capable,3
enforcement,3
apply,3
colonized,3
li,3
learned,3
thus,3
centralized,3
throughout,3
due,3
against,3
ability,3
biopolitical,3
insisted,3
barlow,3
kind,3
turn,3
nor,3
underlying,3
legally,3
circulation,3
profound,3
enlightened,3
kelly,3
opium,3
supremacy,3
ways,3
wenxian,3
xupin,3
forced,3
notion,3
remote,3
duara,3
certain,3
republic,3
emergency,3
lay,3
means,3
provinces,3
wanted,3
organization,3
river,3
chuandoa,3
instrument,3
prevent,3
defeat,3
whereas,3
result,3
hands,3
intellectuals,3
punishment,3
brothels,3
cultural,3
durham,3
focused,3
nothing,3
your,3
networks,3
basis,3
received,3
concept,3
heavily,3
knowledge,3
supreme,3
routinely,3
loss,3
gave,3
broad,3
officers,3
enforce,3
call,3
frederic,3
minds,3
regions,3
remake,3
good,3
politically,3
discourse,3
quite,3
presence,3
macao,3
notice,3
provided,3
transforming,3
led,3
baoding,3
indeed,3
intrusions,3
subject,3
tried,3
cheng,3
authoritarian,3
vicinity,3
repression,3
violence,3
clash,3
neither,3
perceived,3
visitors,3
department,3
dequan,3
street,3
book,3
biß,3
lack,3
john,3
end,3
confucian,3
tingshou,3
do,3
model,3
establish,3
marched,3
less,3
norms,3
compelled,3
day,3
another,3
extended,3
discussion,3
eighteenth,3
active,3
including,3
lecture,3
biancha,3
aside,3
language,3
agreement,3
peter,3
david,3
countries,3
households,3
latter,3
especially,3
problems,3
become,3
sentiments,3
regimes,3
nonwestern,3
kaplan,3
backward,3
sanitation,3
liang,3
dec,3
primarily,3
privileges,3
effectively,3
legitimacy,3
responsible,3
inferior,3
education,3
jingshiting,3
tani,3
any,3
known,3
biji,3
few,3
expanding,3
zhe,3
intrusive,3
clarify,3
proposed,3
evident,3
umemori,3
economy,3
form,3
fully,3
secure,3
freedom,3
popular,3
level,3
modernizing,3
introduced,3
despite,3
administration,3
agents,3
heilongjiang,3
postcolonial,3
civilizational,3
question,3
ultimately,3
until,3
frontiers,3
giorgio,3
paradigm,3
numerous,3
open,3
materials,3
aware,3
actively,3
instead,3
d,3
liuxue,3
gentry,3
thousand,3
riren,3
c,3
little,3
censuses,3
strong,3
among,3
prison,3
resist,3
laborers,3
should,3
lishi,3
xianzheng,3
qichao,3
guangdong,3
major,3
now,2
implemented,2
declared,2
memorials,2
gao,2
gerrit,2
uday,2
market,2
administered,2
revolutionary,2
shudian,2
alone,2
ultimate,2
yizhong,2
large,2
complex,2
agency,2
effective,2
elaborated,2
designed,2
formed,2
renamed,2
live,2
library,2
asserted,2
confines,2
semicolonial,2
realities,2
missionaries,2
govern,2
changzheng,2
zhongxin,2
controlled,2
chastity,2
du,2
proclamation,2
journeys,2
consistent,2
criminals,2
hukou,2
embraced,2
extraordinary,2
creation,2
connection,2
interests,2
originally,2
adopt,2
wenhua,2
seems,2
keisatsu,2
departure,2
individuals,2
zi,2
administer,2
broadly,2
baozhen,2
producing,2
lydia,2
launched,2
survey,2
previous,2
help,2
rudimentary,2
limited,2
raised,2
holquist,2
honolulu,2
educate,2
jianxiang,2
autonomous,2
capacity,2
guidelines,2
trans,2
dong,2
prior,2
taxation,2
governmentalization,2
richard,2
obvious,2
rely,2
supervision,2
asserting,2
above,2
demanded,2
introduction,2
zhangcheng,2
hygiene,2
repeatedly,2
dispatched,2
collapse,2
historically,2
roger,2
de,2
club,2
heightened,2
shenbao,2
american,2
restore,2
pay,2
admitted,2
exercise,2
urbanization,2
intercourse,2
back,2
guojia,2
oxford,2
halde,2
served,2
conspiracy,2
rickshaw,2
xiaoyu,2
details,2
strengthening,2
understood,2
hardly,2
implementation,2
commanders,2
juridical,2
alison,2
operation,2
essential,2
operations,2
act,2
main,2
bukuai,2
impetus,2
developed,2
compatible,2
district,2
riji,2
adopted,2
granted,2
colin,2
taiping,2
grew,2
derived,2
cang,2
possess,2
awareness,2
space,2
understand,2
soon,2
signed,2
quote,2
peasant,2
clearly,2
days,2
n,2
numbers,2
impact,2
articulated,2
frequently,2
w,2
fictitious,2
show,2
liao,2
beyond,2
zhejiang,2
suowei,2
founding,2
burchell,2
conflicts,2
my,2
urgency,2
zhunian,2
aftermath,2
arrival,2
search,2
census,2
guan,2
commoners,2
guzi,2
brooks,2
attained,2
embedded,2
left,2
zouzhe,2
equal,2
districts,2
accordingly,2
placed,2
explain,2
required,2
governing,2
affair,2
briefly,2
outstanding,2
zouxiang,2
dongyou,2
quart,2
carry,2
claim,2
rogaski,2
prominent,2
london,2
norm,2
confined,2
realm,2
discussions,2
place,2
yi,2
lanham,2
xian,2
translated,2
away,2
employed,2
showing,2
least,2
pedagogy,2
successful,2
huibian,2
excuse,2
contrast,2
emerging,2
small,2
several,2
kiritsu,2
replace,2
components,2
county,2
protect,2
codes,2
petition,2
latest,2
always,2
prakash,2
monarchy,2
το,2
am,2
discontents,2
legible,2
congkan,2
subsequently,2
critical,2
hosts,2
situation,2
instructors,2
nonetheless,2
disciplining,2
oj,2
transnational,2
short,2
drama,2
zhao,2
comparative,2
expansion,2
yasha,2
nearly,2
community,2
quanguo,2
choubei,2
pivotal,2
incursion,2
relied,2
precondition,2
thought,2
counterparts,2
populated,2
j,2
gonghe,2
magistrates,2
included,2
xenophobic,2
tigang,2
faster,2
organizations,2
fire,2
name,2
french,2
attacks,2
challenge,2
stated,2
guji,2
again,2
jiang,2
pointed,2
responsibilities,2
ask,2
patriotic,2
communal,2
nationhood,2
treatment,2
deterioration,2
zhenrong,2
across,2
plan,2
regulation,2
forging,2
proliferation,2
fashion,2
forms,2
monographs,2
colonizer,2
deploy,2
song,2
dangan,2
naniwa,2
shown,2
mutual,2
council,2
normative,2
preparation,2
manuals,2
number,2
free,2
remained,2
jumin,2
alliance,2
prevention,2
range,2
quan,2
elite,2
shijian,2
significant,2
diaocha,2
conditions,2
questions,2
graham,2
option,2
significance,2
insurgencies,2
meanings,2
moral,2
diplomats,2
allowed,2
hawafi,2
spread,2
him,2
tribal,2
jiangjun,2
distinction,2
earlier,2
never,2
class,2
textbooks,2
methods,2
newspapers,2
theorists,2
britain,2
gaoshi,2
henry,2
capitalism,2
equivalent,2
gyan,2
parameters,2
governor,2
attention,2
behind,2
dealing,2
christian,2
independent,2
provide,2
sometimes,2
claimed,2
huicun,2
referred,2
reason,2
army,2
translation,2
detailed,2
seventeenth,2
shiyi,2
occupiers,2
instituting,2
why,2
inspired,2
wan,2
respect,2
unacceptable,2
jingwu,2
zhonghua,2
zhengdun,2
wars,2
following,2
lessons,2
preface,2
jurists,2
yu,2
narrowly,2
anaya,2
organizational,2
command,2
quickly,2
highly,2
mutually,2
colonization,2
each,2
sure,2
india,2
best,2
leaders,2
accommodate,2
printed,2
visiting,2
counting,2
ideological,2
particularly,2
vindicated,2
very,2
enforcing,2
hundred,2
cities,2
sum,2
past,2
thompson,2
beginning,2
defend,2
degree,2
rebellion,2
males,2
rationales,2
zongting,2
mandated,2
xinzheng,2
generally,2
agreed,2
guomin,2
martha,2
ryotei,2
luo,2
apparatus,2
thereby,2
november,2
publishers,2
concessions,2
techniques,2
returning,2
went,2
rationale,2
waseda,2
programs,2
aspect,2
think,2
our,2
benbu,2
come,2
sanctioned,2
models,2
charge,2
battalion,2
piracy,2
applicable,2
shuju,2
xin,2
resembled,2
guozhi,2
shift,2
superintendent,2
campaign,2
archaic,2
ruth,2
jingquan,2
carl,2
fuzhi,2
deployment,2
archival,2
irrelevant,2
captivated,2
traditional,2
waicheng,2
gong,2
recent,2
magistrate,2
broader,2
asked,2
mehta,2
built,2
showed,2
schmitt,2
zhi,2
summed,1
miller,1
être,1
intimately,1
tokyo,1
winds,1
ending,1
manchukuo,1
portuguese,1
mo,1
inspection,1
jinbing,1
mostly,1
done,1
crisswell,1
deny,1
limits,1
underpinning,1
slap,1
residing,1
conflicting,1
curtailed,1
concerned,1
indicated,1
unlawful,1
meaning,1
censorship,1
drafting,1
guimo,1
groups,1
singh,1
geopolitics,1
scholar,1
showdown,1
created,1
ready,1
ershiqi,1
boycott,1
censusing,1
represent,1
influxes,1
judging,1
daixue,1
elliot,1
extend,1
interventions,1
fingers,1
governmentalities,1
mackinnon,1
nationalities,1
writ,1
swiftly,1
benedict,1
appear,1
botsman,1
manuscript,1
per,1
linguistic,1
germany,1
expect,1
village,1
zuihou,1
stripped,1
registering,1
conducted,1
partially,1
regulatory,1
integrity,1
denied,1
mike,1
kinds,1
provisions,1
identify,1
essays,1
join,1
neighborhoods,1
scrutinize,1
schools,1
english,1
managing,1
irritated,1
curricula,1
installing,1
sudden,1
dikötter,1
easily,1
mathieu,1
unprofessional,1
han,1
thwart,1
monolithic,1
supervised,1
shakaishi,1
weaker,1
decade,1
protection,1
reduced,1
guancang,1
justified,1
royal,1
ian,1
dignified,1
necessitated,1
title,1
occurred,1
recognitions,1
observing,1
dress,1
exceed,1
condemnation,1
manchu,1
enumeration,1
acting,1
concession,1
contested,1
civic,1
uplifting,1
entourage,1
lure,1
permitted,1
turning,1
women,1
themes,1
intentions,1
test,1
oohinata,1
pleas,1
twilight,1
lexington,1
hence,1
invention,1
every,1
xingzheng,1
avenues,1
certainly,1
protests,1
distinguishing,1
jointly,1
guoquan,1
solidify,1
exclusive,1
chunming,1
rested,1
symmetrical,1
resentment,1
might,1
address,1
gongxunbu,1
rapid,1
delinquents,1
grouped,1
refusal,1
turbulent,1
permanently,1
downplay,1
undeniably,1
omega,1
mouduo,1
england,1
guangxi,1
experiments,1
mob,1
parties,1
memorial,1
locals,1
neiwai,1
principles,1
copy,1
tradition,1
laundry,1
tinghou,1
daily,1
tours,1
borders,1
dismayed,1
display,1
momentum,1
gradual,1
potentially,1
analyses,1
origin,1
rich,1
narrative,1
carrying,1
follows,1
thanks,1
scheme,1
xujing,1
labeled,1
styles,1
nationalism,1
uniforms,1
bathhouses,1
mandate,1
speeches,1
manchuria,1
embrace,1
superceded,1
devised,1
last,1
ban,1
infinitely,1
stupid,1
greatly,1
respond,1
peaceful,1
complicated,1
coordinated,1
changsha,1
reading,1
readiness,1
banners,1
committed,1
construe,1
hostile,1
daniel,1
racial,1
rigorous,1
designs,1
similarities,1
taipei,1
eradicate,1
advocates,1
sophisticated,1
accuracy,1
forthcoming,1
modernist,1
nationstate,1
eastern,1
dongfang,1
historians,1
conquests,1
teleological,1
task,1
money,1
circulate,1
primary,1
planted,1
america,1
regaining,1
right,1
resumption,1
subjugating,1
intermediaries,1
updates,1
chapter,1
account,1
restoring,1
replacement,1
opened,1
determined,1
marked,1
compelling,1
bizhai,1
travelogues,1
shared,1
characterize,1
measures,1
drive,1
establishing,1
theology,1
etaf,1
functions,1
consciousness,1
october,1
jinchen,1
vital,1
mushrooming,1
dodsworth,1
taking,1
morale,1
say,1
except,1
hetong,1
canvassing,1
flatly,1
exchanges,1
conception,1
painfully,1
shoki,1
negotiation,1
delegations,1
transient,1
enter,1
shih,1
praising,1
formula,1
longstanding,1
kexue,1
letter,1
dignity,1
xuebao,1
treatise,1
disputed,1
collection,1
beggars,1
harmony,1
realizing,1
localized,1
diversity,1
singled,1
expertise,1
complained,1
reinvent,1
currency,1
dislocation,1
nren,1
peripheral,1
jin,1
regularly,1
review,1
express,1
disorder,1
reclaim,1
reciting,1
mengxi,1
xueyuan,1
reassert,1
difficulties,1
immediate,1
drastic,1
ethical,1
seiden,1
inevitable,1
patient,1
sedition,1
translating,1
mores,1
constantly,1
objective,1
integral,1
paradoxically,1
millennium,1
premeditated,1
collapsed,1
authoritative,1
characteristic,1
consuls,1
moment,1
mixed,1
relations,1
raises,1
quanxian,1
patriarchs,1
rigorously,1
co,1
handbooks,1
renegotiate,1
qingcha,1
janet,1
topic,1
blueprints,1
theaters,1
extensively,1
òurveys,1
arena,1
gaodeng,1
fujian,1
guanjian,1
priority,1
cases,1
individual,1
irregularities,1
times,1
perspective,1
triangle,1
depend,1
highest,1
response,1
confirmed,1
columbia,1
determination,1
zhengzhi,1
wholly,1
òocial,1
kinship,1
cohen,1
jinggao,1
biyesheng,1
publications,1
mechanical,1
find,1
designating,1
quell,1
student,1
communication,1
look,1
unwanted,1
gaze,1
tentatively,1
activism,1
disruptions,1
simplistic,1
terror,1
occasion,1
prioritized,1
hygienic,1
sacer,1
delivered,1
conceded,1
disgraceful,1
zongyi,1
transactions,1
weijin,1
gunpoint,1
acknowledge,1
fierce,1
formats,1
petitioner,1
let,1
parks,1
selectively,1
jurist,1
critics,1
jieshou,1
site,1
gaining,1
simultaneously,1
oldstyle,1
thinker,1
kaika,1
lingtu,1
americans,1
adequate,1
german,1
reiterates,1
without,1
overly,1
dilemma,1
subjected,1
l,1
growth,1
portrayed,1
performance,1
aimed,1
biopoliticized,1
ribenjingcha,1
basic,1
sizable,1
levels,1
shehui,1
instrumentality,1
conceptions,1
refashioned,1
template,1
pressing,1
outward,1
comply,1
deprived,1
fassionjor,1
resume,1
disqualified,1
pressured,1
reorganizing,1
reassured,1
jesuit,1
special,1
itemized,1
enabled,1
suban,1
xiaoping,1
echoed,1
selfdetermination,1
imperialist,1
update,1
moreover,1
supposed,1
compilation,1
troublesome,1
ablebodied,1
yiding,1
indispensable,1
qualify,1
modified,1
send,1
chenbao,1
escape,1
maintaining,1
conscious,1
circulated,1
dean,1
tensions,1
delegation,1
locally,1
objects,1
key,1
revamping,1
statistical,1
familiar,1
majesty,1
slowly,1
branch,1
bingpi,1
section,1
elsewhere,1
driven,1
congregate,1
reconstituted,1
modalities,1
preoccupation,1
northeastern,1
restricted,1
setup,1
jiangnan,1
inspiration,1
observations,1
xinguomin,1
periodically,1
suspend,1
cunning,1
age,1
commonly,1
combat,1
democratic,1
qingmo,1
bupingdeng,1
additional,1
shorter,1
demarcation,1
powerful,1
readings,1
traitors,1
civilize,1
collège,1
followed,1
jurisdiction,1
stark,1
monarch,1
tianxia,1
conditional,1
sterner,1
appropriations,1
begin,1
permanent,1
answers,1
rendered,1
ming,1
strenuously,1
shokuminchi,1
shifted,1
outrage,1
technocrats,1
tiaoyue,1
m,1
testify,1
alexis,1
bumin,1
tushu,1
necessarily,1
drawing,1
dynastic,1
stupidity,1
graduates,1
cultivating,1
friends,1
union,1
advance,1
acceptable,1
identifying,1
extent,1
migrant,1
alienation,1
municipalities,1
deploying,1
restrict,1
future,1
histories,1
train,1
inherent,1
entered,1
begun,1
attack,1
bomb,1
economics,1
suspending,1
her,1
curiosity,1
facilitate,1
deterritorized,1
hubu,1
monitoring,1
light,1
covering,1
endeavor,1
dani,1
emerge,1
theiss,1
flying,1
experts,1
representative,1
calculable,1
secretly,1
repudiate,1
run,1
doubled,1
muslim,1
exceptions,1
difficult,1
undeniable,1
furthermore,1
standardized,1
pretension,1
effect,1
afforded,1
obligated,1
divide,1
deprive,1
persons,1
ghettoize,1
cannot,1
suffered,1
applied,1
eternally,1
militias,1
oppositions,1
surrounded,1
grounds,1
handled,1
productively,1
contesting,1
sites,1
tension,1
procedures,1
approached,1
zhoufu,1
enough,1
wide,1
vagrants,1
acknowledgments,1
tracking,1
boxes,1
corners,1
stations,1
near,1
scene,1
meditation,1
patriarchal,1
guohui,1
memory,1
receive,1
aspects,1
kathryn,1
shape,1
representatives,1
taxes,1
christianity,1
keeping,1
network,1
acknowledging,1
dengdi,1
competent,1
r,1
inadequate,1
y,1
jingjie,1
data,1
huodong,1
decides,1
biopolitics,1
planning,1
douglas,1
scope,1
preconditions,1
amend,1
statehood,1
tool,1
imagined,1
reorganize,1
unless,1
brought,1
combating,1
characterization,1
su,1
cleaning,1
materialize,1
annexation,1
predominately,1
apparent,1
calls,1
secret,1
related,1
caught,1
description,1
spiraling,1
dozens,1
year,1
dynasties,1
outpouring,1
describe,1
older,1
size,1
northwest,1
reynolds,1
issues,1
records,1
envoy,1
densely,1
xuesheng,1
underscored,1
structures,1
statistics,1
impositions,1
dispense,1
emancipation,1
documented,1
outposts,1
demonstration,1
focuses,1
legislation,1
zongju,1
bounded,1
formations,1
overseas,1
realms,1
implement,1
backfired,1
defeated,1
enthusiastic,1
polity,1
strongest,1
abolish,1
shortcomings,1
xiuding,1
absorb,1
bodies,1
zhaoban,1
jundui,1
citing,1
ren,1
zhidu,1
leadership,1
externally,1
multiplicity,1
tough,1
strove,1
xiekuan,1
custom,1
normally,1
indicator,1
viable,1
describing,1
hard,1
sharper,1
field,1
weinan,1
pingdeng,1
questionable,1
coup,1
revolution,1
stage,1
scripts,1
hired,1
jiandu,1
sources,1
imposition,1
exclude,1
settlement,1
heart,1
arbitrary,1
event,1
sake,1
involved,1
specifically,1
around,1
troubles,1
dwell,1
mitchell,1
oct,1
influence,1
incomparability,1
men,1
jingwuju,1
astounding,1
floating,1
revealing,1
headmen,1
legitimize,1
narrating,1
cession,1
intruding,1
theorist,1
dramatic,1
research,1
reconceptualize,1
decline,1
schedules,1
distinguished,1
urgently,1
boundaries,1
villages,1
implausible,1
core,1
managed,1
aomen,1
inability,1
proprieties,1
doctrines,1
disconnected,1
concurred,1
frantically,1
resistance,1
proper,1
rowman,1
peculiar,1
roots,1
yamen,1
wenan,1
yin,1
loomba,1
flags,1
crime,1
grateful,1
preliminary,1
displaced,1
separate,1
passive,1
actions,1
establishments,1
undesirable,1
eileen,1
fanxi,1
dictated,1
youdeng,1
bolstered,1
seemed,1
russian,1
curriculum,1
periods,1
survived,1
barbara,1
temporarily,1
collectivity,1
bullies,1
faithfully,1
counteract,1
republican,1
tasks,1
pervasive,1
second,1
units,1
outfitted,1
may,1
forever,1
ceremonial,1
give,1
attempts,1
production,1
functioning,1
rivalries,1
fell,1
contingent,1
littlefield,1
impacts,1
action,1
economic,1
shichang,1
lequn,1
depth,1
seiji,1
bolshevik,1
colonialisms,1
receptive,1
released,1
appreciate,1
merits,1
female,1
plenty,1
death,1
reminded,1
forbidden,1
object,1
macmillam,1
abiding,1
converted,1
reaffirm,1
echoing,1
thinkers,1
intervention,1
bianyiju,1
rigid,1
comments,1
experiences,1
standing,1
builders,1
unprecedented,1
targeted,1
nationbased,1
registered,1
rebellions,1
literati,1
negate,1
put,1
communist,1
sixiang,1
inspirations,1
authenticity,1
zasshi,1
frank,1
collect,1
competition,1
inspecting,1
usages,1
baopmg,1
emergencies,1
swept,1
meanwhile,1
intense,1
elitist,1
added,1
disorderly,1
yige,1
evolved,1
technology,1
smirk,1
formally,1
exceptionalism,1
zhuan,1
clarified,1
tax,1
participants,1
victories,1
subset,1
orders,1
takashi,1
complete,1
expansive,1
watson,1
fandui,1
shifting,1
friendship,1
dan,1
experiment,1
duli,1
departing,1
chengqing,1
toronto,1
boost,1
noted,1
employee,1
excepted,1
joints,1
frameworks,1
functioned,1
enterprises,1
evolve,1
picture,1
hallmark,1
useful,1
testimony,1
zazhi,1
deng,1
fellow,1
inhabitants,1
starting,1
visitor,1
paul,1
teatise,1
untrue,1
assert,1
frederick,1
mark,1
renewed,1
restaurants,1
knowing,1
fundamental,1
homo,1
competencies,1
tong,1
countrywide,1
shows,1
teahouses,1
preserve,1
conduct,1
professed,1
torture,1
striking,1
clarendon,1
enroll,1
appeared,1
documents,1
versailles,1
gongbao,1
occupations,1
trainees,1
doors,1
enable,1
beg,1
associates,1
penned,1
plagued,1
demonstrating,1
urbanized,1
everything,1
seize,1
contemporary,1
inherently,1
wenti,1
frenetic,1
venture,1
program,1
convert,1
chuangli,1
discussed,1
uprisings,1
ought,1
admirers,1
ages,1
took,1
hand,1
remade,1
operating,1
influential,1
developing,1
validity,1
execution,1
endorsed,1
relevant,1
jobs,1
bing,1
dibao,1
jipo,1
fend,1
forth,1
xunfu,1
riqi,1
necessary,1
ao,1
blaming,1
banner,1
deflem,1
dictatorial,1
books,1
counterpart,1
streets,1
explicitly,1
encountered,1
repudiation,1
organize,1
instructional,1
original,1
discourses,1
acknowledgment,1
unilateral,1
commercialized,1
analyzed,1
classes,1
understanding,1
collecting,1
cssh,1
sumio,1
missionary,1
campaigns,1
churches,1
sovereignized,1
disease,1
survive,1
registrations,1
gordon,1
examples,1
birth,1
treated,1
staging,1
incidents,1
sides,1
writings,1
trajectory,1
formal,1
region,1
wen,1
gongbu,1
graduate,1
rress,1
ania,1
reside,1
recover,1
complexities,1
concern,1
top,1
tenets,1
sovereignties,1
tuanti,1
entirely,1
skeptical,1
succumbed,1
largely,1
station,1
speedy,1
virtually,1
francis,1
itinerary,1
diaries,1
products,1
submitted,1
pleasure,1
economists,1
evolution,1
logics,1
actual,1
real,1
marshaled,1
services,1
continue,1
stay,1
trip,1
deployed,1
youguan,1
connected,1
theories,1
qianyan,1
epic,1
underwent,1
described,1
rumors,1
arguably,1
lyio,1
finally,1
versions,1
daiquan,1
ties,1
fiji,1
sinojapanese,1
media,1
clear,1
three,1
remaining,1
reality,1
directed,1
modem,1
emphasizing,1
hai,1
frustrated,1
authors,1
b,1
worrying,1
welcomed,1
sensitivity,1
outlast,1
notify,1
modernization,1
ottoman,1
health,1
urge,1
smuggling,1
faces,1
invincible,1
august,1
serious,1
infamously,1
compatriots,1
pride,1
divisions,1
ri,1
started,1
lifestyles,1
reviewers,1
revised,1
direct,1
summer,1
wei,1
parallels,1
played,1
ge,1
assassinate,1
hiring,1
accurate,1
misunderstanding,1
graduated,1
construct,1
imagination,1
compromises,1
exchange,1
spent,1
quick,1
sojourn,1
witness,1
demarcate,1
discarded,1
advisors,1
pearl,1
banli,1
coercive,1
trying,1
qualities,1
trouble,1
interpretations,1
declare,1
overcome,1
respectively,1
tactics,1
contact,1
keisei,1
incompatible,1
anderson,1
categorize,1
construction,1
enjoyed,1
primitive,1
postwar,1
unqualified,1
immunized,1
story,1
protocols,1
guojifa,1
workshop,1
macmillan,1
forefront,1
existed,1
occupied,1
unreservedly,1
summarized,1
relative,1
joint,1
barbarically,1
stick,1
outright,1
councils,1
vain,1
awaiting,1
concluded,1
zoule,1
weimar,1
justice,1
attended,1
decolonization,1
reluctant,1
performing,1
staying,1
shocked,1
tacts,1
culmination,1
increasing,1
pending,1
analytical,1
staffed,1
ranging,1
implicitly,1
humiliating,1
departs,1
chapters,1
asking,1
alpha,1
surging,1
abandoned,1
liberalism,1
innovative,1
applications,1
imply,1
alleys,1
raison,1
peers,1
violation,1
diagrams,1
raise,1
succinctly,1
ing,1
wisdom,1
replied,1
continued,1
yuzhen,1
bureaucrats,1
bulk,1
crucial,1
chance,1
xinmin,1
usually,1
centrality,1
criminal,1
keizaigaku,1
vision,1
ideology,1
bound,1
foster,1
suspected,1
provincialism,1
omniscient,1
handing,1
monks,1
palgrave,1
inside,1
bare,1
modernism,1
resumed,1
eighteenthcentury,1
slow,1
bernhardt,1
exceptional,1
ting,1
lost,1
colonizers,1
venues,1
surveys,1
coercion,1
render,1
circumstance,1
threaten,1
importantly,1
zunyi,1
recognize,1
rapidly,1
paradoxical,1
huji,1
try,1
houbu,1
weihai,1
businesses,1
volumes,1
changes,1
infringement,1
amusement,1
literacy,1
perhaps,1
hierarchical,1
analysis,1
chatting,1
siam,1
superintendence,1
slogan,1
nationalization,1
transform,1
sage,1
frontier,1
interview,1
urged,1
centuries,1
allegations,1
get,1
uneducated,1
examine,1
jingshi,1
administering,1
articles,1
ziwen,1
colloquial,1
tremendous,1
gathered,1
crowded,1
investigate,1
militia,1
xiding,1
earliest,1
stable,1
discretionary,1
matters,1
addressed,1
stephen,1
jiangcheng,1
qingchajingshi,1
environment,1
resonates,1
then,1
thinking,1
minshui,1
suite,1
uxîord,1
impulse,1
firsthand,1
whenever,1
exemplified,1
mentioned,1
justification,1
biography,1
wartime,1
must,1
manual,1
monasteries,1
demonstrate,1
regulated,1
incursions,1
reinforced,1
extension,1
pace,1
symbolic,1
inferiority,1
scrutiny,1
barbarism,1
reciprocity,1
borrow,1
spots,1
xunru,1
md,1
doi,1
text,1
funding,1
equipment,1
appealing,1
here,1
positivist,1
respecting,1
lun,1
exploded,1
natural,1
dominated,1
seido,1
alleviate,1
principle,1
dare,1
illuminate,1
parental,1
paper,1
reciprocal,1
zashi,1
novel,1
extraction,1
innovations,1
gone,1
straightforward,1
epitomized,1
sensational,1
surprisingly,1
regard,1
intrusion,1
assignments,1
epistemological,1
foundation,1
dongy,1
observe,1
metaphorical,1
gendarmerie,1
obviously,1
causing,1
embodiment,1
written,1
uphold,1
visits,1
conscription,1
examining,1
wane,1
supervise,1
placing,1
believed,1
rural,1
bingjun,1
quality,1
davidson,1
elders,1
growing,1
movements,1
id,1
redeem,1
realize,1
purchase,1
automatically,1
heads,1
tongbao,1
communicate,1
carefully,1
wholeheartedly,1
citizenry,1
month,1
mixing,1
unique,1
spatial,1
whether,1
regulates,1
ribao,1
list,1
insistence,1
cause,1
particular,1
underpinnings,1
nearby,1
violent,1
storm,1
domesticate,1
feichang,1
xujingbu,1
condemn,1
unrest,1
announcements,1
problem,1
adaptation,1
appropriated,1
incompetence,1
cctv,1
getting,1
periphery,1
bureaucratic,1
studying,1
require,1
tianshe,1
produce,1
backing,1
voice,1
visible,1
episode,1
constitutionalism,1
suggests,1
phenomena,1
threat,1
meetings,1
categories,1
xu,1
policemen,1
anxieties,1
diffusing,1
conveniently,1
amazed,1
monitored,1
outline,1
emergent,1
imparted,1
poems,1
presumed,1
ruled,1
revenue,1
peace,1
attached,1
simply,1
uniform,1
revolutions,1
welcoming,1
joining,1
collaborated,1
alternatives,1
regulate,1
easy,1
unrealistic,1
focal,1
plans,1
respectable,1
carrot,1
intended,1
ignorant,1
measure,1
encounter,1
necessitate,1
results,1
heping,1
lesson,1
arguments,1
merchant,1
mention,1
isolated,1
diverged,1
writing,1
gain,1
waves,1
construed,1
reintroduced,1
internalized,1
hideouts,1
nov,1
biye,1
superseded,1
bunmei,1
cautioned,1
iwanami,1
layers,1
understandings,1
resign,1
drafts,1
commercial,1
argument,1
gunboat,1
reveals,1
generate,1
initiated,1
diplomat,1
detain,1
authored,1
internally,1
unease,1
iconoclasts,1
accept,1
imperative,1
motives,1
tactical,1
crisis,1
arnold,1
formalities,1
course,1
contributed,1
nanguan,1
enlightenment,1
integrated,1
land,1
cooper,1
appreciated,1
evidence,1
product,1
france,1
disrupt,1
colleagues,1
playing,1
forming,1
off,1
rattled,1
zheng,1
increased,1
shumei,1
reformation,1
aggregated,1
reorganized,1
traveling,1
anonymous,1
respective,1
shehuikexue,1
mobilized,1
charles,1
territories,1
potential,1
shangmin,1
assumed,1
rest,1
attending,1
petitioned,1
xuniingbu,1
charged,1
enjoy,1
reinvigorate,1
jingchaquan,1
era,1
brink,1
telegraphed,1
disrupting,1
gesheng,1
exclusively,1
hypercolonial,1
eloquently,1
stormy,1
dudden,1
images,1
fujitani,1
miscellany,1
successive,1
eerily,1
conversations,1
penal,1
race,1
vividly,1
cited,1
retrospect,1
thorough,1
watts,1
