WORDCOUNTS,WEIGHT
the,799
and,418
of,388
to,345
in,225
a,219
for,140
drug,126
that,125
rockefeller,125
new,118
s,107
as,87
york,84
on,80
was,77
by,71
this,71
is,69
state,65
his,63
not,63
law,62
with,61
from,61
it,53
they,52
their,52
crime,50
were,50
p,49
he,47
laws,45
social,45
governor,43
drugs,41
policy,39
or,39
i,38
these,37
times,37
public,36
who,34
be,34
letter,33
have,33
addicts,32
had,32
at,31
addiction,31
rights,30
people,30
society,30
an,28
political,27
when,27
time,27
pushers,25
but,25
many,25
are,25
prison,25
see,24
programs,24
about,23
also,23
heroin,22
all,22
january,22
gubernatorial,22
one,21
more,21
administration,21
punitive,21
no,20
treatment,20
use,20
would,20
after,20
we,20
american,19
papers,19
most,19
users,19
reel,19
nysa,19
only,18
over,18
history,17
other,17
how,17
problems,17
citizens,17
did,17
into,16
addict,16
proposal,16
any,16
some,15
such,15
against,15
even,15
journal,15
because,15
narcotics,15
tough,15
carey,15
high,15
criminal,15
life,15
them,15
t,14
has,14
hun,14
william,14
my,14
attila,14
plan,14
been,14
fall,14
while,14
although,14
long,13
politicians,13
order,13
letters,13
wrote,13
man,13
city,13
our,13
fine,13
those,12
therapeutic,12
out,12
war,12
sentence,12
civil,12
bill,12
black,12
get,12
between,12
marginalized,11
nelson,11
could,11
example,11
nation,11
legislation,11
up,11
make,11
rhetoric,11
which,11
there,11
program,11
growing,11
liberal,11
welfare,11
rising,11
early,11
parole,10
government,10
politics,10
march,10
explained,10
since,10
than,10
may,10
poor,10
support,10
policies,10
own,10
others,10
like,10
so,10
report,10
her,10
years,10
groups,9
being,9
issue,9
right,9
very,9
abuse,9
its,9
dealers,9
disease,9
justice,9
class,9
legislature,9
you,9
little,9
among,9
key,8
without,8
sentences,8
however,8
will,8
communities,8
street,8
toward,8
efforts,8
especially,8
often,8
small,8
series,8
control,8
what,8
problem,8
don,8
despite,8
african,8
world,8
conditions,8
instead,8
states,8
court,7
america,7
april,7
punishing,7
rates,7
profile,7
important,7
called,7
failure,7
level,7
box,7
majority,7
republican,7
under,7
home,7
party,7
pusher,7
fact,7
woman,7
him,7
liberalism,7
responsible,7
know,7
post,7
february,7
through,7
youth,7
washington,7
am,7
much,7
m,6
common,6
e,6
ways,6
first,6
dramatically,6
system,6
september,6
offenders,6
americans,6
folder,6
reagan,6
stop,6
white,6
just,6
too,6
harlem,6
helped,6
found,6
conservative,6
color,6
david,6
record,6
year,6
during,6
officials,6
presented,6
june,6
persico,6
therefore,6
targeted,6
put,6
again,6
habit,6
strategies,6
japan,6
upon,6
causes,6
ibid,6
presidential,6
can,6
rac,6
me,6
movements,6
success,6
face,6
must,6
country,6
following,6
terms,6
emphasis,6
both,6
role,6
until,6
crisis,6
declared,5
if,5
december,5
every,5
interests,5
implications,5
military,5
address,5
down,5
committed,5
within,5
citizenship,5
habitual,5
victims,5
felt,5
sale,5
demanded,5
central,5
penalty,5
thus,5
throughout,5
toughest,5
author,5
legislators,5
higher,5
opposed,5
frustration,5
activists,5
decades,5
legal,5
feel,5
established,5
powerful,5
term,5
narcotic,5
taxes,5
nomination,5
writers,5
framed,5
part,5
whole,5
president,5
sense,5
seemed,5
rehabilitative,5
populations,5
economic,5
constituents,5
positioned,5
intervention,5
selling,5
us,5
prisoners,5
increasingly,5
death,5
debates,5
where,5
streets,5
explicitly,5
father,5
made,5
rehabilitation,5
significant,5
full,5
held,5
never,5
why,5
effect,5
she,5
wilson,5
united,5
constructed,5
rocky,5
quickly,5
leaders,5
sellers,5
enemy,5
historical,5
going,5
proposed,5
according,5
passed,5
middle,5
popular,5
arguments,5
eric,5
judges,5
increased,5
campaign,5
supported,5
elites,5
should,5
race,5
courts,4
does,4
now,4
murder,4
august,4
decade,4
holding,4
root,4
experience,4
neu,4
give,4
advanced,4
help,4
backlash,4
courage,4
election,4
medical,4
inevitable,4
farrell,4
serving,4
young,4
forbid,4
citizen,4
failed,4
recognized,4
junkies,4
schneider,4
study,4
evil,4
spreading,4
sick,4
advancing,4
unrest,4
traditionally,4
deal,4
radical,4
punishment,4
juries,4
late,4
further,4
understood,4
outside,4
instrumental,4
used,4
work,4
nor,4
hard,4
working,4
responsibility,4
few,4
using,4
correspondence,4
provided,4
critical,4
various,4
logistical,4
action,4
community,4
went,4
movement,4
culture,4
costs,4
two,4
rise,4
ask,4
demographic,4
longer,4
idea,4
methadone,4
response,4
lives,4
lindsay,4
john,4
end,4
contemporary,4
enough,4
do,4
michael,4
spoke,4
conviction,4
another,4
previous,4
finally,4
safety,4
logic,4
characterized,4
revised,4
article,4
mail,4
dealing,4
months,4
primarily,4
legitimacy,4
case,4
joseph,4
simply,4
here,4
highly,4
commission,4
senate,4
merely,4
protections,4
making,4
particular,4
urban,4
voted,4
permissiveness,4
minimum,4
smack,4
moderate,4
nixon,4
national,4
themselves,4
chicago,4
era,4
debate,4
final,3
smoke,3
gerald,3
o,3
implemented,3
way,3
created,3
commitment,3
discredited,3
utility,3
group,3
favor,3
position,3
harsh,3
inequality,3
before,3
themes,3
cast,3
attorney,3
sources,3
human,3
handle,3
dempsey,3
seems,3
words,3
great,3
producing,3
take,3
embrace,3
racial,3
lawmakers,3
enforcement,3
move,3
barry,3
point,3
say,3
liberals,3
expertise,3
victim,3
regarding,3
doctor,3
development,3
run,3
police,3
mixed,3
insisted,3
funds,3
turn,3
amended,3
keep,3
profound,3
served,3
left,3
incarceration,3
find,3
performative,3
look,3
general,3
once,3
profoundly,3
whose,3
predicted,3
district,3
organizing,3
opportunity,3
connected,3
thing,3
similar,3
japanese,3
ongoing,3
echoed,3
reforms,3
vesla,3
consequences,3
factors,3
risks,3
changes,3
crackdown,3
wanted,3
organized,3
show,3
opinion,3
counsel,3
talking,3
expressed,3
result,3
legislative,3
kennedy,3
walk,3
changed,3
compassion,3
struggles,3
frustrations,3
goldwater,3
let,3
incarcerated,3
dope,3
population,3
criminalization,3
promise,3
safe,3
information,3
directly,3
trial,3
reintegrating,3
mandatory,3
weaver,3
calls,3
caught,3
place,3
attica,3
away,3
universally,3
assembly,3
polity,3
grassroots,3
approach,3
picture,3
responses,3
least,3
jones,3
lowest,3
next,3
discourse,3
family,3
tried,3
research,3
reported,3
always,3
barely,3
inability,3
reverend,3
criminals,3
moved,3
valuable,3
roediger,3
faber,3
färber,3
appeal,3
led,3
second,3
critics,3
abiding,3
suburban,3
july,3
still,3
unprecedented,3
single,3
opportunities,3
rules,3
serve,3
perspectives,3
liberties,3
defendants,3
junkie,3
department,3
reports,3
begins,3
penalties,3
regardless,3
members,3
power,3
responsibilities,3
deviance,3
inevitably,3
children,3
cure,3
men,3
hand,3
present,3
increases,3
deep,3
belief,3
sell,3
day,3
understanding,3
vast,3
discussion,3
amendments,3
assumption,3
began,3
rightward,3
express,3
maintenance,3
amounts,3
individual,3
good,3
anyone,3
last,3
facing,3
commentators,3
become,3
stand,3
story,3
attention,3
lifetime,3
relationship,3
today,3
chance,3
vision,3
health,3
seen,3
inspired,3
harshly,3
itself,3
dan,3
authorities,3
arrest,3
mirrors,3
different,3
speech,3
past,3
better,3
person,3
inmates,3
rebellion,3
cause,3
extent,3
boys,3
annual,3
imperial,3
balance,3
almost,3
baum,3
sentenced,3
freedom,3
persistently,3
met,3
became,3
mayor,3
intended,3
assumptions,3
target,3
isolated,3
come,3
cambridge,3
course,3
offer,3
mothers,3
product,3
off,3
worried,3
news,3
removed,3
c,3
charged,3
create,3
focus,3
willing,3
meeting,3
asked,3
archives,2
explosion,2
thwarted,2
rate,2
struggle,2
protests,2
later,2
singh,2
dictate,2
opponent,2
administered,2
affected,2
nationwide,2
interventions,2
college,2
struggled,2
announced,2
disregard,2
passing,2
told,2
large,2
measurable,2
illegal,2
agency,2
fate,2
confidence,2
referring,2
neighborhoods,2
asserted,2
motivation,2
convict,2
modern,2
ominous,2
clamored,2
acceptance,2
character,2
allies,2
flamm,2
chief,2
meaningless,2
myriad,2
mitigated,2
said,2
discretion,2
stressed,2
chartock,2
worked,2
departure,2
explores,2
goodie,2
felony,2
stood,2
narrative,2
reveal,2
characterizing,2
mosquitoes,2
achieved,2
failures,2
improved,2
mind,2
date,2
emphasized,2
hostility,2
behind,2
return,2
context,2
tribune,2
paying,2
rockfeller,2
money,2
severe,2
mass,2
drastic,2
recommendations,2
realize,2
establishing,2
reaction,2
apart,2
mental,2
normative,2
objective,2
message,2
permissive,2
behavior,2
mainstream,2
repeatedly,2
ronald,2
disorder,2
targeting,2
arrested,2
interest,2
jeremy,2
rationales,2
kind,2
rick,2
sustain,2
brother,2
distinct,2
perspective,2
runners,2
back,2
disproportionately,2
warned,2
heavy,2
consciousness,2
swamps,2
terror,2
babies,2
scholarly,2
poverty,2
pay,2
explanations,2
alleged,2
act,2
destroy,2
traffic,2
rewards,2
across,2
declaring,2
aggressive,2
repeal,2
levels,2
capture,2
process,2
convicted,2
knew,2
completely,2
represented,2
signaled,2
granted,2
earlier,2
persistent,2
certain,2
studies,2
enacted,2
empowered,2
mobilize,2
pal,2
productive,2
republicans,2
understand,2
affect,2
space,2
possibly,2
n,2
numbers,2
placed,2
bruce,2
age,2
vietnam,2
generally,2
votes,2
hereafter,2
permanent,2
dominant,2
flow,2
strategy,2
rightwing,2
invading,2
arrived,2
came,2
lock,2
whom,2
opposition,2
concentration,2
abandoning,2
agenda,2
dollars,2
fortunes,2
opposing,2
access,2
ambitions,2
lived,2
demands,2
illness,2
experts,2
big,2
informed,2
though,2
cultural,2
ford,2
procedures,2
wide,2
princeton,2
james,2
possibility,2
receive,2
gained,2
line,2
makers,2
amend,2
received,2
sanction,2
stiff,2
goldstein,2
concept,2
reporters,2
positions,2
brutal,2
minority,2
got,2
loss,2
inspire,2
prisoner,2
call,2
personal,2
reflect,2
employed,2
bid,2
manage,2
won,2
alan,2
signing,2
constituent,2
tom,2
things,2
excuse,2
politically,2
electoral,2
involved,2
calling,2
several,2
wider,2
disaster,2
supposedly,2
dramatic,2
invaluable,2
protect,2
impossible,2
dedicated,2
peters,2
implementation,2
aggressively,2
results,2
paid,2
cycle,2
newly,2
foreign,2
prosecutors,2
fiber,2
backlogs,2
periods,2
increasing,2
nikhil,2
business,2
protecting,2
gerard,2
clines,2
limited,2
trials,2
forward,2
albany,2
exception,2
advertisements,2
object,2
above,2
hold,2
percentage,2
violence,2
democrats,2
challenged,2
cheats,2
victories,2
infrastructure,2
light,2
same,2
outlined,2
hopes,2
garland,2
baby,2
mark,2
punish,2
available,2
trafficking,2
projects,2
financial,2
investigates,2
lengthy,2
naive,2
head,2
pressure,2
beliefs,2
considerable,2
seldom,2
indictments,2
discussed,2
serious,2
took,2
drove,2
puerto,2
ideological,2
idealism,2
discuss,2
less,2
tell,2
forth,2
practice,2
focusing,2
rich,2
perhaps,2
reflected,2
free,2
thousands,2
fundamentally,2
classes,2
warning,2
edsall,2
intent,2
subjectivity,2
army,2
including,2
strongly,2
proved,2
judge,2
discrediting,2
elite,2
attributed,2
top,2
budget,2
sold,2
francis,2
rhetorically,2
reviled,2
individuals,2
office,2
trade,2
low,2
crises,2
reality,2
directed,2
language,2
peter,2
rationalized,2
allowed,2
spread,2
statistically,2
played,2
kept,2
segment,2
sentiments,2
masculine,2
probably,2
staff,2
destruction,2
opposite,2
decision,2
shocked,2
bramley,2
suggest,2
raise,2
continued,2
usually,2
five,2
fear,2
retributive,2
privileges,2
effectively,2
addicted,2
threaten,2
mrs,2
insecurity,2
construction,2
tapped,2
hope,2
education,2
council,2
considered,2
matters,2
school,2
rarely,2
associated,2
prohibited,2
comes,2
version,2
ever,2
six,2
reinforced,2
robbed,2
set,2
ran,2
image,2
publicly,2
reversal,2
connection,2
argue,2
obviously,2
far,2
number,2
cities,2
identities,2
caricature,2
didn,2
born,2
frontlash,2
applaud,2
impact,2
means,2
maintain,2
attitudes,2
mandated,2
secure,2
dark,2
malaria,2
produce,2
u,2
agreed,2
prevalent,2
subject,2
perlstein,2
agents,2
measure,2
think,2
seek,2
argument,2
editor,2
illinois,2
institutional,2
defender,2
vigilante,2
dangerous,2
insight,2
joined,2
need,2
specialists,2
gross,2
constituencies,2
shift,2
restored,2
offered,2
specific,2
probation,2
sharing,2
entire,2
strong,2
avoid,2
recent,2
showed,2
quantity,2
perception,2
ounces,1
adulthood,1
difficult,1
jails,1
go,1
supremely,1
customers,1
panicked,1
handsome,1
done,1
deny,1
page,1
neutral,1
humans,1
underpinning,1
equipoise,1
destroying,1
avoiding,1
concerned,1
raab,1
generated,1
conjoined,1
democracy,1
intricacies,1
names,1
hesitation,1
f,1
whitman,1
faced,1
differentials,1
till,1
encouraged,1
lauri,1
dangers,1
gravy,1
robberies,1
resulted,1
misery,1
resisting,1
swiftly,1
tangentially,1
connery,1
reigning,1
alone,1
epidemic,1
view,1
ultimate,1
totally,1
spurred,1
starts,1
politicking,1
pushed,1
boards,1
systemic,1
connect,1
sympathetic,1
conversion,1
articulating,1
becoming,1
center,1
sixties,1
jury,1
complex,1
replaced,1
touched,1
thrust,1
harsher,1
identify,1
locked,1
jail,1
authorize,1
specialist,1
approaches,1
unwritten,1
postwatergate,1
pathologies,1
soap,1
proactive,1
upheaval,1
candidate,1
barbaric,1
realities,1
oppressive,1
backs,1
protection,1
enmeshed,1
cycles,1
committee,1
resurgence,1
liquidate,1
evaluating,1
beckett,1
cornell,1
maybe,1
feels,1
medicaid,1
archetypal,1
contested,1
arguing,1
incidences,1
source,1
humanities,1
societal,1
turning,1
women,1
hoping,1
brandon,1
joe,1
lower,1
round,1
uprising,1
member,1
defeated,1
gap,1
explaining,1
provision,1
walters,1
failing,1
diluted,1
wrong,1
embraced,1
caroline,1
certainly,1
gallup,1
blended,1
jackson,1
posed,1
voices,1
vengethe,1
scientific,1
ii,1
proud,1
restoration,1
bleeding,1
feeling,1
relying,1
might,1
combat,1
opted,1
refusal,1
terrain,1
indulgent,1
articulate,1
allow,1
masculinist,1
weekend,1
outlining,1
ourselves,1
neil,1
diseases,1
official,1
experiments,1
asia,1
definition,1
unworkable,1
stolen,1
unjust,1
comparatively,1
pen,1
displacement,1
separation,1
attractive,1
nothing,1
copy,1
disillusionment,1
continue,1
leading,1
carter,1
uneasy,1
lessen,1
daily,1
borders,1
undertake,1
disproportionate,1
thank,1
indeed,1
potentially,1
wave,1
fully,1
follows,1
shot,1
accommodated,1
mills,1
trip,1
substantive,1
thanks,1
onto,1
plead,1
pleas,1
programmatically,1
room,1
expense,1
real,1
antipathy,1
deemed,1
hands,1
chiefs,1
exonerated,1
inadvertently,1
feature,1
reifying,1
meantime,1
written,1
solidify,1
precisely,1
mr,1
discharging,1
tv,1
stayed,1
principal,1
childish,1
normal,1
suspension,1
reading,1
correctional,1
revise,1
intelligence,1
sanctify,1
circumvent,1
tagline,1
retrenchment,1
proposals,1
lowlevel,1
nowhere,1
customs,1
side,1
moderates,1
empty,1
husband,1
occasional,1
killer,1
forum,1
ascribed,1
injected,1
legisla,1
badly,1
interrogations,1
clarence,1
lash,1
criminalized,1
walks,1
unaware,1
capacity,1
prone,1
pleck,1
encouraging,1
firm,1
robbery,1
sexual,1
lena,1
killed,1
outgroup,1
assails,1
futility,1
accountability,1
anticipation,1
restoring,1
suppress,1
redeploying,1
howard,1
delivering,1
kidnapping,1
condition,1
shame,1
stave,1
reaching,1
erased,1
tipping,1
alter,1
reduce,1
october,1
julian,1
richard,1
countered,1
rid,1
unsuccessfully,1
desired,1
except,1
x,1
ide,1
ignores,1
ideologically,1
resources,1
advocating,1
cited,1
anticipated,1
along,1
hotlines,1
increase,1
dishonorably,1
himself,1
recapture,1
bigart,1
nd,1
eroded,1
prevented,1
engage,1
seigel,1
frustrated,1
lockdown,1
controlled,1
interestingly,1
funded,1
mid,1
usage,1
avenues,1
mistake,1
pounding,1
upheld,1
biogi,1
ice,1
review,1
collapse,1
married,1
dependence,1
surely,1
veracity,1
reverse,1
eventual,1
component,1
accountable,1
spectrum,1
immediate,1
dynamics,1
quality,1
reject,1
bracket,1
alarm,1
longevity,1
due,1
creatively,1
analyzing,1
helen,1
corrosive,1
arid,1
thompson,1
informant,1
authoritative,1
relatively,1
ease,1
interchangeably,1
gun,1
decided,1
rework,1
inspiring,1
afford,1
price,1
heightened,1
application,1
leftwing,1
faulted,1
restore,1
bounty,1
janet,1
reshape,1
schulman,1
rooted,1
assured,1
voters,1
privilege,1
lessening,1
echo,1
addictions,1
forced,1
inmate,1
aligned,1
stern,1
cases,1
zelizer,1
subordinated,1
cheaters,1
destroyed,1
wail,1
illuminates,1
leff,1
rejecting,1
patch,1
softened,1
refer,1
mug,1
amount,1
compulsory,1
modernity,1
honesty,1
justifiable,1
listened,1
gop,1
gauge,1
repress,1
graphically,1
quit,1
ticket,1
dates,1
compared,1
lifestyles,1
unchanged,1
ads,1
effective,1
bag,1
consulted,1
misleading,1
destroys,1
died,1
momentary,1
committing,1
sincerely,1
ladies,1
crushing,1
savvy,1
handling,1
gilbert,1
remarkably,1
instruments,1
vice,1
intrigued,1
critique,1
parasites,1
details,1
apparently,1
simplistic,1
guard,1
repudiated,1
stephen,1
massing,1
billion,1
bills,1
martial,1
reflex,1
generation,1
function,1
influence,1
publicity,1
stigma,1
ment,1
catastrophe,1
incidental,1
promised,1
musto,1
jean,1
distribution,1
lesser,1
incentives,1
surprisingly,1
wounds,1
problematically,1
simultaneously,1
enhancing,1
slowed,1
wrestled,1
essential,1
judgeships,1
forbidding,1
elevating,1
operations,1
rather,1
relied,1
bring,1
reabsorbing,1
redress,1
ostensibly,1
main,1
majorities,1
illustration,1
possession,1
renegotiation,1
investigation,1
thou,1
landscape,1
afterwards,1
antagonistic,1
evaluation,1
mehler,1
paralysis,1
gum,1
delegitimizing,1
silencing,1
pinpoint,1
parents,1
deprived,1
risk,1
locks,1
captives,1
expelled,1
grew,1
gesture,1
viewed,1
philadelphia,1
drafters,1
sacrificed,1
electorate,1
parts,1
hearing,1
benjamin,1
assuming,1
dialogue,1
sanctuary,1
deputy,1
hausmann,1
offering,1
lawyer,1
impressed,1
epidemiological,1
characterizes,1
gathering,1
lesley,1
antagonism,1
qualify,1
soul,1
hotline,1
send,1
pernicious,1
branded,1
utterly,1
escape,1
accomplishing,1
albert,1
perceptions,1
symbiotically,1
medicalized,1
bad,1
facilitated,1
troublesome,1
wages,1
payers,1
supports,1
costing,1
umansky,1
university,1
blame,1
dichotomy,1
distract,1
entry,1
physically,1
familiar,1
abuses,1
presumably,1
linked,1
disequilibrium,1
spotlighted,1
section,1
driven,1
days,1
thirty,1
completion,1
invariably,1
mary,1
cooley,1
house,1
unmaking,1
characterizations,1
argued,1
compromises,1
contexts,1
threat,1
upper,1
shrinking,1
repudiating,1
coldly,1
commonly,1
initiative,1
juxtaposed,1
commented,1
store,1
max,1
origins,1
ail,1
muggings,1
storm,1
mosquito,1
beyond,1
requested,1
defeat,1
shed,1
pardoning,1
offhand,1
comprising,1
cost,1
putting,1
surge,1
ful,1
ceremony,1
imprecise,1
western,1
oppression,1
expulsion,1
imprisonment,1
visibly,1
injustice,1
distaste,1
care,1
believed,1
j,1
projected,1
symbolized,1
throwing,1
providing,1
nonproductive,1
advocated,1
widow,1
trying,1
dc,1
conflicts,1
ineffectual,1
bureaucracy,1
enacting,1
union,1
opponents,1
opening,1
critchlow,1
advance,1
salvage,1
treating,1
disbelief,1
acting,1
raged,1
questioned,1
affordable,1
blamed,1
courtwright,1
histories,1
medicine,1
entering,1
erosion,1
mandate,1
critically,1
reads,1
politicization,1
effort,1
furious,1
prepare,1
allowing,1
dispute,1
symbolically,1
opt,1
workable,1
governing,1
fulfilled,1
tantrum,1
philosophical,1
expelling,1
representative,1
affluence,1
masculinity,1
extracting,1
embedded,1
boomers,1
sentencing,1
avenged,1
senator,1
divided,1
reinstatement,1
buttressed,1
unless,1
pointing,1
urgent,1
equal,1
posited,1
profited,1
cuts,1
mainly,1
bend,1
typewriter,1
plaguing,1
treat,1
interruption,1
tools,1
divide,1
residential,1
produced,1
cannot,1
suffered,1
applied,1
scale,1
grounds,1
contesting,1
revision,1
tack,1
your,1
harmond,1
judicial,1
explain,1
approached,1
facilities,1
noticed,1
premise,1
negotiated,1
retribution,1
contagion,1
murders,1
semantic,1
wayne,1
jokingly,1
expensive,1
warriors,1
well,1
lost,1
advisor,1
having,1
gamut,1
petering,1
unburdened,1
imprisoned,1
betrayed,1
future,1
effeminate,1
belonging,1
hung,1
viability,1
implement,1
listening,1
responding,1
draconian,1
fraser,1
strict,1
analyze,1
instituted,1
stepsons,1
distinguish,1
clean,1
heart,1
imagined,1
allotted,1
prominent,1
characterization,1
purpose,1
explains,1
knowledge,1
confined,1
actors,1
comment,1
aged,1
brushed,1
tenure,1
supreme,1
curing,1
disaggregated,1
cracking,1
literature,1
willingness,1
gave,1
consistently,1
biograph,1
fail,1
raspberry,1
childs,1
collective,1
actually,1
aide,1
structures,1
hot,1
lingering,1
oelsner,1
tumultuous,1
forces,1
focuses,1
weekly,1
il,1
systematic,1
hijiya,1
achieving,1
workload,1
project,1
rage,1
interpreted,1
status,1
horizon,1
visions,1
ricans,1
overrepresented,1
lungs,1
trends,1
escalated,1
condoning,1
weeks,1
announcement,1
manipulation,1
researchers,1
misplaced,1
reputation,1
near,1
monetary,1
prices,1
subtle,1
remake,1
causal,1
someone,1
proactively,1
published,1
running,1
solution,1
nyc,1
macho,1
start,1
commerce,1
painting,1
viable,1
caused,1
theoretically,1
stage,1
volume,1
coupled,1
television,1
contrast,1
byrne,1
raul,1
reaches,1
sharp,1
claim,1
irresponsible,1
night,1
event,1
specifically,1
paradise,1
troubles,1
reporter,1
renouncing,1
endured,1
autonomy,1
jailed,1
chorus,1
accomplished,1
feelings,1
alleviate,1
horrible,1
fight,1
lawyers,1
acts,1
presence,1
distinguished,1
deviant,1
belittled,1
potent,1
coast,1
whatsoever,1
vein,1
prerogatives,1
condemned,1
pays,1
mobilizations,1
wife,1
crusades,1
threatens,1
rican,1
breed,1
dewar,1
florida,1
appropriate,1
adroitly,1
relapse,1
inflated,1
interruptions,1
massive,1
kaufman,1
dictated,1
championed,1
behalf,1
leveraged,1
notion,1
barbara,1
mess,1
span,1
impunity,1
sanctions,1
battle,1
tenet,1
archive,1
educator,1
situation,1
arrangement,1
demand,1
reduced,1
steady,1
bravo,1
incredible,1
constricted,1
contact,1
rested,1
guarded,1
certified,1
contingent,1
employ,1
dole,1
isaacs,1
worldview,1
paralyzed,1
spectacle,1
short,1
motivations,1
arouses,1
expansion,1
alliance,1
whim,1
description,1
motivated,1
guts,1
released,1
acknowledged,1
classic,1
commit,1
female,1
veterans,1
etc,1
dissuade,1
formative,1
echoing,1
presently,1
garnering,1
interfaced,1
sponsored,1
nonwhites,1
sending,1
wind,1
degree,1
southern,1
christian,1
spate,1
strategic,1
direction,1
positive,1
structural,1
guarantor,1
southeast,1
resilient,1
lisa,1
label,1
evenly,1
repression,1
ineffective,1
racism,1
opportunists,1
criticism,1
trains,1
portrayed,1
cruelly,1
interpretation,1
victor,1
liability,1
reference,1
beatrice,1
push,1
vs,1
security,1
makes,1
heaviest,1
soon,1
lyndon,1
array,1
east,1
acker,1
demanding,1
inspiration,1
referencing,1
fervent,1
neither,1
boredom,1
perceived,1
salient,1
elizabeth,1
riots,1
tax,1
participants,1
included,1
mildly,1
homogeneous,1
property,1
reintegration,1
gendering,1
rightly,1
assistance,1
abandon,1
choices,1
sharply,1
dialectical,1
muchmaligned,1
baltimore,1
ed,1
denaturalize,1
sales,1
experiment,1
fallout,1
rape,1
insights,1
alien,1
hunger,1
emotional,1
lined,1
loom,1
noted,1
williams,1
typed,1
bar,1
gentlemen,1
worldviews,1
enterprises,1
phyllis,1
avoided,1
raids,1
subsidize,1
flee,1
fix,1
administrators,1
divert,1
jailing,1
organizations,1
leader,1
goals,1
critiques,1
recall,1
focused,1
soledad,1
deterred,1
reiterating,1
temporarily,1
spend,1
hooked,1
locating,1
reporting,1
fundamental,1
addition,1
added,1
segregating,1
release,1
equating,1
insidious,1
valid,1
hollow,1
scholars,1
areas,1
striking,1
walked,1
creative,1
lieutenant,1
appeared,1
afraid,1
enact,1
silently,1
sleepy,1
reform,1
derivative,1
drafting,1
choice,1
educated,1
manifested,1
really,1
break,1
larger,1
infectious,1
hear,1
hugh,1
emphatically,1
granting,1
doubt,1
fashion,1
felonies,1
agree,1
honor,1
besieged,1
mugged,1
sort,1
invigorated,1
impractical,1
v,1
hustles,1
risked,1
chain,1
ironically,1
interrogate,1
handed,1
jonas,1
model,1
manner,1
metaphors,1
deceptive,1
couldn,1
compulsion,1
soften,1
empire,1
aiming,1
non,1
vulnerable,1
moron,1
sorry,1
coexisted,1
homer,1
unveiled,1
tattered,1
resigned,1
eds,1
silenced,1
assault,1
hamilton,1
guarantees,1
literatures,1
threats,1
stanford,1
issa,1
chair,1
al,1
alarmed,1
cohort,1
retaking,1
identifiable,1
casting,1
barrett,1
stance,1
remained,1
civilized,1
remove,1
raped,1
minded,1
hesitate,1
original,1
infect,1
kansas,1
proudly,1
vengeful,1
meaningful,1
investment,1
miss,1
supplies,1
skepticism,1
examples,1
worsening,1
background,1
please,1
stuck,1
accompanying,1
range,1
fixate,1
commended,1
helps,1
hurled,1
culpability,1
discrimination,1
highlighted,1
vigilantes,1
marginality,1
deliberately,1
ridiculous,1
enhanced,1
previously,1
industrialized,1
safer,1
ruthless,1
expand,1
concern,1
murdered,1
honorable,1
aug,1
traded,1
largely,1
unfair,1
operated,1
ostracizing,1
misguided,1
morality,1
franca,1
opiate,1
curb,1
net,1
heard,1
actual,1
eligible,1
injustices,1
services,1
ameliorate,1
examination,1
dealer,1
deployed,1
hashish,1
option,1
write,1
galvanized,1
dismissed,1
california,1
students,1
excused,1
platform,1
rejected,1
open,1
jimmy,1
clear,1
urbana,1
three,1
reward,1
emphasizing,1
adding,1
sabotage,1
doctors,1
stress,1
welcomed,1
comprehensive,1
talk,1
worker,1
points,1
soldiers,1
victory,1
urge,1
disappointed,1
jy,1
vested,1
pride,1
democratizing,1
reviewers,1
period,1
federal,1
direct,1
dissenting,1
association,1
strange,1
explanation,1
features,1
administrative,1
attributing,1
provides,1
lose,1
thomas,1
construct,1
curtailing,1
sensationalized,1
leg,1
spent,1
ture,1
glaring,1
faith,1
margin,1
breached,1
random,1
sentiment,1
coercive,1
guilt,1
outcomes,1
systems,1
promote,1
k,1
thunderbolt,1
newspapers,1
sworth,1
bellowed,1
sensible,1
trouble,1
interpretations,1
assessing,1
ann,1
exactly,1
excusing,1
prisons,1
ounce,1
electric,1
enthusiastically,1
claiming,1
seeking,1
rhetorical,1
advertisement,1
dominance,1
smothering,1
looked,1
editorialized,1
lang,1
figures,1
versus,1
robert,1
haven,1
y,1
vindictive,1
joint,1
tougher,1
negligible,1
conveyed,1
ron,1
rallied,1
counterculture,1
components,1
mainstreaming,1
pastor,1
vector,1
rationalizing,1
widely,1
mobbed,1
complicates,1
concerted,1
hunt,1
diseased,1
martialing,1
contributes,1
resentencing,1
infuriated,1
carried,1
molly,1
surging,1
twelve,1
outgroups,1
depressed,1
escaping,1
signs,1
fueled,1
devote,1
imply,1
aid,1
declaration,1
chances,1
creating,1
holmes,1
scrutinized,1
window,1
lot,1
independent,1
george,1
provide,1
segregated,1
heading,1
ridden,1
hears,1
crucial,1
minorities,1
willingly,1
democrat,1
outsiders,1
bound,1
claimed,1
abject,1
begin,1
inside,1
deteriorating,1
urges,1
manly,1
widespread,1
attacking,1
lobbying,1
becomes,1
watching,1
lingua,1
unfunded,1
recourse,1
transformed,1
detailed,1
force,1
worse,1
polls,1
lawrence,1
transformation,1
anxiety,1
reservations,1
executive,1
expert,1
discredit,1
isacountry,1
displaying,1
satisfaction,1
lectern,1
inconvenienced,1
analysis,1
kill,1
alleviating,1
banishment,1
chamber,1
answer,1
mother,1
muted,1
saturated,1
uncertain,1
remains,1
articles,1
tweak,1
heather,1
leveraging,1
marquis,1
grounded,1
pressures,1
rationalize,1
stable,1
door,1
addressed,1
ensure,1
claims,1
assistant,1
selwyn,1
reciprocal,1
share,1
seriously,1
punished,1
then,1
reformation,1
thinking,1
felons,1
brazenly,1
senior,1
citizenry,1
aides,1
indictment,1
mentioned,1
twentiethcentury,1
returned,1
comparison,1
throw,1
biography,1
ve,1
pickard,1
profits,1
struck,1
overindulgent,1
constituted,1
economically,1
mobilized,1
continues,1
carriers,1
concluded,1
precise,1
irrepressible,1
consensus,1
hearts,1
charles,1
corrections,1
plea,1
galvanizing,1
marketplaces,1
penitentiary,1
flagrant,1
patients,1
spring,1
alternative,1
evade,1
outcome,1
presidency,1
chewing,1
refused,1
each,1
secured,1
inequities,1
halt,1
guaranteed,1
scientist,1
steven,1
kwame,1
expanding,1
setting,1
historians,1
seem,1
believe,1
naturalize,1
frightened,1
ample,1
formulation,1
administer,1
half,1
facility,1
reminiscent,1
domestic,1
intersected,1
eventually,1
searched,1
alhany,1
tolchin,1
particularly,1
hysteria,1
clearly,1
guy,1
asserting,1
narrowed,1
examining,1
essentially,1
conklin,1
invocation,1
passage,1
works,1
living,1
type,1
myra,1
middleclass,1
histrionics,1
risky,1
evident,1
turned,1
catalogue,1
scholarship,1
beginning,1
stature,1
purported,1
lens,1
elmer,1
fled,1
requesting,1
succeeded,1
steal,1
catastrophic,1
answered,1
communicate,1
sculpt,1
carefully,1
reign,1
cleaver,1
conservatism,1
unique,1
reactions,1
spatial,1
whether,1
rose,1
adults,1
form,1
want,1
involvement,1
nearby,1
mcgirr,1
males,1
coerced,1
violent,1
metaphor,1
hoped,1
theory,1
medicalization,1
announcements,1
therapy,1
clinics,1
incompetence,1
getting,1
warranting,1
vehicle,1
studying,1
yield,1
softliners,1
acc,1
huge,1
listed,1
effete,1
suggests,1
phenomena,1
aphy,1
hundreds,1
permeated,1
devalues,1
travel,1
finished,1
spaces,1
punishments,1
bob,1
conference,1
latino,1
burden,1
socioeconomic,1
boston,1
monitored,1
remember,1
policeman,1
possible,1
son,1
ycsrk,1
peace,1
thereby,1
conclude,1
affecting,1
uniform,1
whiteness,1
resignation,1
interaction,1
welcoming,1
press,1
regulate,1
zeitgeist,1
convinced,1
concessions,1
buy,1
julilly,1
withdrawal,1
undermining,1
step,1
feeds,1
kathleen,1
rationale,1
confronted,1
substance,1
wwii,1
penny,1
taxpayer,1
democratic,1
twenties,1
resistance,1
lesson,1
proper,1
selfidentification,1
nacc,1
conversely,1
officially,1
phenomenon,1
challenges,1
allows,1
vocal,1
diverged,1
writing,1
deregulation,1
gain,1
californias,1
espouse,1
named,1
geneviève,1
sanctioned,1
discriminated,1
question,1
promoted,1
enthusiasm,1
devoted,1
ultimately,1
peddlers,1
categorically,1
unable,1
ignored,1
solely,1
murderer,1
donald,1
camps,1
web,1
strikingly,1
kleindienst,1
charge,1
callers,1
imperative,1
bruising,1
contributed,1
asset,1
typically,1
deterrence,1
fiscal,1
crimes,1
socially,1
upside,1
physical,1
smaller,1
cummins,1
reflexive,1
integration,1
regular,1
effects,1
attempted,1
inequalities,1
eldridge,1
measured,1
walking,1
bigger,1
financially,1
returning,1
maintaining,1
anonymous,1
flooding,1
affliction,1
decent,1
holier,1
potential,1
dehumanization,1
occurring,1
actions,1
meaning,1
draft,1
fellows,1
harshest,1
endnotes,1
deployment,1
ascendancy,1
rejection,1
supply,1
johnson,1
restricts,1
kids,1
mugging,1
overcrowding,1
obligation,1
irrelevant,1
minors,1
fears,1
maximum,1
parenti,1
element,1
backwards,1
prèssures,1
abandoned,1
traditional,1
gulf,1
re,1
appealing,1
racially,1
eliminating,1
establishment,1
schlafly,1
resist,1
detriment,1
statement,1
metcalfvolker,1
building,1
broader,1
doing,1
attendance,1
conversations,1
sent,1
malcolm,1
built,1
conception,1
close,1
tragic,1
predicated,1
otto,1
owns,1
occur,1
martin,1
looking,1
ploy,1
