WORDCOUNTS,WEIGHT
the,948
of,730
and,543
in,474
to,349
a,205
s,194
pp,162
from,153
merchants,151
xx,149
american,137
x,132
trade,131
firms,129
new,124
for,122
london,110
on,109
english,101
textile,100
history,93
york,93
exports,93
p,91
manchester,90
economic,89
england,87
philadelphia,87
that,87
co,83
as,82
c,81
america,77
their,77
by,77
textiles,75
yorkshire,67
book,66
b,66
lancashire,65
leeds,62
us,61
goods,60
was,59
o,58
orders,57
exporters,52
j,51
see,51
type,47
business,46
were,46
british,45
review,45
export,45
after,44
with,44
r,43
john,43
society,42
h,39
t,39
letter,38
century,38
hsp,37
this,37
eighteenth,37
manufacturers,37
who,36
i,35
m,35
d,35
late,33
north,33
also,32
other,32
colonial,32
they,31
account,31
commission,31
f,30
than,30
not,30
liverpool,29
period,29
importers,28
major,28
cottons,27
northern,27
leading,26
firm,26
n,26
types,26
maw,25
cotton,25
had,25
more,25
woollens,25
an,25
thomas,25
merchant,25
manufacturing,25
records,24
but,24
william,24
it,23
most,23
production,23
are,23
manufactures,23
sent,23
industrial,22
morgan,22
two,22
halifax,22
which,22
wilson,22
accounts,22
market,21
all,21
or,21
sources,20
g,20
fisher,20
however,20
these,20
peter,20
exported,20
wister,20
evidence,20
be,20
at,19
linens,19
price,19
invoice,19
revolution,19
philips,19
ed,19
is,19
chapman,19
early,19
e,18
own,18
trading,18
heaton,18
number,18
three,18
britain,18
between,18
handled,17
imports,17
example,17
books,17
exporting,17
trades,17
per,16
nash,16
organization,16
its,16
sales,16
cloth,16
cent,15
wool,15
key,15
silks,15
no,15
his,15
w,15
order,15
small,15
value,15
smail,15
only,15
many,15
range,15
regions,15
ogden,15
role,15
cambridge,15
have,15
total,14
thus,14
outports,14
established,14
well,14
industry,14
shipped,14
has,14
economy,14
oo,14
mode,14
consignments,13
into,13
robert,13
papers,13
supply,13
l,13
harrington,13
growth,13
markets,13
purchased,13
vo,13
data,13
connections,13
second,13
foreign,13
several,13
country,13
bristol,13
samuel,13
much,13
importing,12
u,12
west,12
direct,12
study,12
prices,12
community,12
factory,12
structure,12
table,12
five,12
mercantile,12
did,12
while,12
imported,11
large,11
nineteenth,11
first,11
those,11
system,11
house,11
could,11
colonies,11
identified,11
official,11
made,11
bulk,11
each,11
capital,11
rochdale,11
port,11
son,11
doerflinger,11
commercial,11
studies,10
before,10
there,10
functions,10
richard,10
show,10
important,10
south,10
indeed,10
jonathon,10
woollen,10
pattern,10
values,10
been,10
share,10
specialized,10
appendix,10
marketing,10
spirit,9
great,9
supremacy,9
baize,9
haggerty,9
shipping,9
links,9
checks,9
hereafter,9
whom,9
vigorous,9
directly,9
received,9
suppliers,9
research,9
correspondence,9
he,9
testimony,9
shows,9
credit,9
manufactured,9
pro,9
why,9
varieties,9
broadcloth,9
manufacture,9
firstly,9
minutes,8
one,8
library,8
émigré,8
supplied,8
atlantic,8
real,8
europe,8
hudson,8
comprised,8
general,8
haberdashery,8
location,8
out,8
output,8
produced,8
basis,8
used,8
during,8
finishing,8
oxford,8
performed,8
bolton,8
smith,8
consideration,8
upon,8
region,8
sold,8
quotation,8
played,8
james,8
we,8
european,8
wl,8
centuries,8
known,8
half,8
finished,8
both,8
enterprise,8
hats,7
huddersfield,7
muslins,7
daniel,7
east,7
taking,7
central,7
wakefield,7
journal,7
jones,7
purchasing,7
derived,7
factors,7
branch,7
initiative,7
q,7
overseas,7
when,7
sons,7
secondly,7
selling,7
stuffs,7
largest,7
gentlemen,7
ports,7
remained,7
use,7
operated,7
full,7
dominated,7
exporter,7
especially,7
article,7
continued,7
increased,7
mann,7
peel,7
iii,7
travellers,7
presented,7
tna,7
became,7
years,7
fustians,7
davis,6
long,6
assortments,6
exxxxxxxx,6
appendices,6
britishatlantic,6
andrew,6
jr,6
hull,6
higher,6
rather,6
en,6
represented,6
proportion,6
importance,6
royds,6
nottingham,6
y,6
émigrés,6
debts,6
principals,6
petitions,6
july,6
flannels,6
joshua,6
rhodes,6
diary,6
available,6
rawson,6
ledger,6
patterns,6
took,6
v,6
calicoes,6
significant,6
function,6
clow,6
k,6
states,6
provide,6
es,6
analysis,6
ofyorkshire,6
agents,6
extensive,6
continental,6
cm,6
producers,6
according,6
purchase,6
particular,6
virginia,6
far,6
cp,6
smaller,6
hosiery,6
networks,6
killick,5
glover,5
position,5
committee,5
mainland,5
lower,5
cope,5
taken,5
inland,5
smallwares,5
dd,5
cuenca,5
greg,5
million,5
demanded,5
estimates,5
houses,5
third,5
sample,5
gott,5
benjamin,5
section,5
allow,5
demands,5
carolina,5
scale,5
hicks,5
because,5
part,5
proportions,5
anglia,5
supplying,5
oct,5
single,5
esteban,5
included,5
knowledge,5
warehousemen,5
regional,5
french,5
printing,5
towns,5
addition,5
financial,5
where,5
including,5
francis,5
services,5
considerable,5
initiatives,5
david,5
so,5
carried,5
cn,5
often,5
united,5
hancock,5
stephen,5
heavy,5
ordered,5
worsted,5
mass,5
finance,5
domestic,5
report,5
collins,5
historical,5
them,5
maryland,5
distribution,5
worsteds,5
leicester,5
maintained,5
our,5
until,5
specific,5
import,5
recent,5
oí,5
close,5
customs,5
identify,4
true,4
ii,4
xxxxxx,4
products,4
last,4
political,4
sitgreaves,4
tab,4
primary,4
some,4
thirdly,4
purchases,4
yates,4
development,4
de,4
angloamerican,4
conducted,4
brother,4
mixed,4
plantation,4
six,4
main,4
hsr,4
emergence,4
xi,4
decades,4
hands,4
owen,4
almost,4
further,4
mainly,4
metals,4
impression,4
lords,4
sept,4
edn,4
jabez,4
lee,4
behalf,4
may,4
letters,4
fine,4
cole,4
buck,4
indian,4
fustian,4
already,4
nathaniel,4
advantage,4
nathan,4
time,4
council,4
narrowcloth,4
success,4
economie,4
explanation,4
active,4
stockings,4
prints,4
ansley,4
fancy,4
commerce,4
banking,4
can,4
postwar,4
varick,4
importer,4
genesis,4
chassagne,4
elam,4
usually,4
claimed,4
select,4
fewer,4
primarily,4
lost,4
began,4
quantitative,4
drapery,4
rarely,4
series,4
must,4
over,4
shares,4
best,4
just,4
hose,4
combined,4
abraham,4
hyde,4
information,4
edwards,4
beekman,4
appointed,4
harrison,4
kerr,4
hawthorn,4
approximately,4
respective,4
charles,4
ä,3
archives,3
fraction,3
if,3
yards,3
blh,3
group,3
specialist,3
decade,3
fixed,3
warehouse,3
jackson,3
historians,3
investments,3
emerged,3
mills,3
feature,3
state,3
within,3
iv,3
intermediaries,3
machinery,3
fludyer,3
cited,3
university,3
such,3
wyas,3
agent,3
ability,3
browns,3
employing,3
developments,3
memorandum,3
acted,3
finishes,3
industries,3
failed,3
letterbook,3
town,3
flexibly,3
act,3
taxonomy,3
invoices,3
eight,3
certain,3
í,3
tolley,3
risks,3
means,3
changes,3
retained,3
specialization,3
driven,3
organisation,3
undertaken,3
dominant,3
providing,3
view,3
barclay,3
cust,3
columbia,3
adoption,3
preston,3
war,3
afforded,3
explain,3
prewar,3
ot,3
issues,3
broad,3
rise,3
traders,3
least,3
davison,3
suggest,3
contrast,3
rr,3
few,3
core,3
parliament,3
fully,3
warehouses,3
provided,3
activities,3
local,3
comparative,3
expansion,3
return,3
others,3
reconstruction,3
make,3
surviving,3
modes,3
quaker,3
emanuel,3
opportunities,3
counterparts,3
neither,3
printers,3
watson,3
baltimore,3
silk,3
hibbert,3
transatlantic,3
diverse,3
calico,3
hand,3
less,3
strategies,3
metropolitan,3
eds,3
shifts,3
wood,3
tobacco,3
specializing,3
resources,3
chiefly,3
buying,3
depended,3
increase,3
contacts,3
briggs,3
previous,3
apps,3
advantages,3
ireland,3
christopher,3
allowed,3
him,3
typically,3
businesses,3
narrow,3
oldknow,3
hedges,3
relative,3
dealing,3
independent,3
hill,3
albion,3
detailed,3
seventeenth,3
vol,3
bypass,3
articles,3
crowded,3
joseph,3
despatched,3
backcountry,3
then,3
any,3
potter,3
here,3
micklethwait,3
respecting,3
control,3
worth,3
printed,3
auction,3
fuller,3
falkner,3
shipments,3
rose,3
list,3
ceased,3
produce,3
boston,3
atkinson,3
four,3
despite,3
commodities,3
ö,3
jan,3
outport,3
average,3
include,3
although,3
consolidated,3
shift,3
ships,3
ser,3
industrialists,3
ascendancy,3
johnson,3
roles,3
final,2
frequent,2
pitkin,2
residing,2
does,2
ending,2
now,2
transportation,2
unpub,2
crafts,2
ainsworth,2
personnel,2
branches,2
extends,2
xxxxx,2
notably,2
distributed,2
likewise,2
agency,2
mals,2
rt,2
modern,2
ledgers,2
oates,2
detailing,2
chief,2
predominantly,2
alsop,2
rivals,2
creation,2
connection,2
interests,2
originally,2
concentrated,2
dominate,2
jackman,2
promoting,2
redford,2
historiography,2
rangeley,2
groups,2
assembling,2
credits,2
analyses,2
producing,2
ol,2
take,2
pressneil,2
deane,2
miles,2
shepherd,2
henry,2
industrialisation,2
principal,2
classified,2
purchasers,2
univ,2
partners,2
evaluation,2
eastern,2
blackburn,2
sought,2
retailers,2
ventures,2
lemire,2
deal,2
seetna,2
quantities,2
marked,2
ax,2
baring,2
popp,2
establishing,2
solely,2
muslin,2
alone,2
quantity,2
still,2
yf,2
along,2
edgar,2
forged,2
controlled,2
surplus,2
xlvii,2
explained,2
component,2
immediate,2
quality,2
tables,2
armat,2
interest,2
relatively,2
highlighting,2
vanguard,2
turn,2
times,2
perspective,2
fielding,2
concerning,2
intercourse,2
response,2
consumer,2
channels,2
wholly,2
allowing,2
suitable,2
left,2
cohen,2
publications,2
find,2
profit,2
birmingham,2
drawn,2
even,2
olegario,2
bills,2
denominations,2
rehabilitating,2
whose,2
costs,2
purely,2
how,2
edward,2
resident,2
capture,2
nonnenmacher,2
naylor,2
similar,2
parts,2
ix,2
white,2
rising,2
category,2
nor,2
facilitated,2
lace,2
locally,2
statistical,2
elsewhere,2
numbers,2
consigned,2
argued,2
listed,2
coventry,2
zahedieh,2
migrants,2
additional,2
origins,2
requires,2
shifted,2
facilities,2
uses,2
wares,2
nypl,2
seven,2
scotland,2
elams,2
greater,2
representative,2
xlviii,2
midlands,2
reasons,2
caldwell,2
informed,2
transactions,2
boxes,2
otherwise,2
required,2
january,2
near,2
receive,2
undermined,2
gained,2
having,2
line,2
nine,2
county,2
domination,2
smallcotton,2
clearer,2
confined,2
dickason,2
irish,2
description,2
bll,2
refined,2
shopkeepers,2
truxes,2
bolden,2
reflect,2
employed,2
favourite,2
hurst,2
showing,2
gregs,2
either,2
analysed,2
wholesale,2
creating,2
commons,2
below,2
responsibility,2
lowest,2
seized,2
emphasizes,2
hence,2
bank,2
family,2
berg,2
greenway,2
highly,2
philip,2
remitted,2
annual,2
using,2
notes,2
valuable,2
champion,2
subsequently,2
periods,2
will,2
fund,2
demand,2
minor,2
practices,2
bù,2
exception,2
april,2
indicates,2
about,2
guide,2
aikin,2
halls,2
chatham,2
thesis,2
unwin,2
dictates,2
baxter,2
stocking,2
pennine,2
payments,2
sector,2
social,2
street,2
stemmed,2
majority,2
law,2
suit,2
stated,2
added,2
cultivated,2
fact,2
onderdunk,2
xlv,2
developed,2
viii,2
larger,2
end,2
pennsylvania,2
fashion,2
exxxx,2
oc,2
inglis,2
bradford,2
sparling,2
men,2
conclusions,2
decisively,2
clusters,2
continuing,2
establish,2
lion,2
colony,2
above,2
hamilton,2
process,2
understanding,2
finish,2
session,2
survive,2
network,2
newyork,2
beaumont,2
sides,2
flannel,2
xxxxxxxx,2
encouraged,2
todhunter,2
shades,2
submitted,2
rare,2
maintains,2
engaged,2
improvements,2
theoretical,2
jrl,2
passim,2
significance,2
voono,2
cunningham,2
characterized,2
like,2
would,2
spread,2
features,2
obtained,2
kept,2
accurate,2
cock,2
kellock,2
outside,2
systems,2
timmins,2
become,2
enabled,2
respectively,2
henderson,2
stobart,2
figures,2
industrialization,2
rhinelander,2
xxx,2
ascertained,2
undifferentiated,2
lo,2
perspectives,2
george,2
imperatives,2
meredith,2
citizens,2
dec,2
lawrence,2
indicate,2
centres,2
sections,2
wadsworth,2
tí,2
changing,2
consider,2
gatliffe,2
rival,2
know,2
excess,2
partner,2
different,2
metalwares,2
circumvented,2
unknown,2
dyed,2
ph,2
current,2
inquiry,2
exploiting,2
ff,2
very,2
build,2
schofield,2
thompson,2
disputes,2
commodity,2
receiving,2
idem,2
whether,2
terms,2
supports,2
engelbrechtwiggans,2
shakespeare,2
lynch,2
broeze,2
emergent,2
occasionally,2
fouke,2
confirm,2
bradley,2
ho,2
complaints,2
seddon,2
formation,2
shown,2
examples,2
spring,2
disposal,2
finding,2
finally,2
course,2
instead,2
consumers,2
need,2
product,2
regular,2
area,2
wholesalers,2
relph,2
am,2
silkfirms,2
refinements,2
themselves,2
myers,2
deployment,2
charged,2
solicit,2
develop,2
strong,2
among,2
taylor,2
broader,2
mainstay,2
horner,2
âoh,1
founding,1
philadelphian,1
customers,1
gilbert,1
narrows,1
hub,1
öoc,1
wormald,1
since,1
underpinning,1
mancunian,1
estimated,1
conflicting,1
curtailed,1
adopt,1
hcnot,1
generated,1
tion,1
corporate,1
liii,1
winds,1
represent,1
edging,1
engendered,1
extend,1
lancastrians,1
coast,1
revolutionary,1
pierce,1
denomination,1
neave,1
manuscript,1
sphere,1
predilection,1
germany,1
expect,1
basingstoke,1
burton,1
factories,1
systematically,1
finishers,1
kinds,1
instructions,1
colonization,1
prime,1
entries,1
sheffield,1
ma,1
vj,1
formed,1
tures,1
continent,1
done,1
lsltf,1
marketable,1
ó,1
io,1
oioocn,1
ms,1
radcliffe,1
tuly,1
unprofitable,1
western,1
equated,1
presents,1
rf,1
occurred,1
garsington,1
impeded,1
plantations,1
acquainted,1
milnes,1
source,1
diversity,1
amongst,1
pioneers,1
discounting,1
despatch,1
contact,1
permitted,1
women,1
baker,1
osi,1
footing,1
highlight,1
accumulation,1
highlighted,1
cast,1
goodman,1
permit,1
wain,1
modest,1
every,1
parliamentary,1
vet,1
directories,1
upholding,1
matured,1
bulmer,1
derives,1
spitalfields,1
brotherton,1
fielden,1
ãmhãkwu,1
escosura,1
adaptable,1
evolution,1
give,1
attempts,1
rested,1
isaac,1
innovations,1
contrasted,1
vols,1
rapid,1
referees,1
xxxvii,1
borrons,1
dramatically,1
georgia,1
company,1
leiden,1
tnoo,1
copy,1
thyself,1
crops,1
paramount,1
secondary,1
assess,1
nylpenn,1
broadly,1
examination,1
accompanied,1
tours,1
abbot,1
thank,1
oofoo,1
buyer,1
rich,1
ococninoooo,1
hcovox,1
transferred,1
archive,1
reveal,1
composition,1
providence,1
locality,1
ized,1
debt,1
niche,1
gideon,1
fresh,1
petty,1
vavasour,1
improving,1
murray,1
emphasized,1
parson,1
blackwell,1
migrated,1
tap,1
peels,1
ofjabez,1
checked,1
drinker,1
worldwide,1
marketed,1
depends,1
inesonvocncnonooinr,1
case,1
side,1
inclusive,1
existence,1
mechanized,1
recorded,1
jenkins,1
eventual,1
rö,1
money,1
correspondents,1
right,1
march,1
reduce,1
transference,1
capable,1
possible,1
planters,1
xv,1
bickerdike,1
entrepreneurs,1
explorations,1
greene,1
sss,1
occurring,1
smooth,1
except,1
clothier,1
sporadically,1
supervision,1
hçnoo,1
familial,1
selecting,1
apply,1
merchantpurchased,1
emporium,1
drury,1
innovator,1
ponting,1
identifies,1
marple,1
xxonon,1
analyse,1
merica,1
collection,1
grasped,1
evaluating,1
attract,1
ocoanninao,1
ranked,1
laycock,1
expertise,1
guildhall,1
ocnr,1
regarding,1
includes,1
crossing,1
throughout,1
inmin,1
accuracy,1
nn,1
difficulties,1
touchett,1
calculated,1
stipulated,1
fountain,1
deducting,1
warder,1
xxiii,1
afterthought,1
spinning,1
ow,1
te,1
walter,1
grouped,1
armât,1
bounty,1
fourthly,1
extensively,1
expected,1
ferguson,1
seaboard,1
ai,1
weaknesses,1
cases,1
prados,1
distinct,1
elements,1
ct,1
speculative,1
clark,1
coarser,1
underlying,1
ackers,1
kirklees,1
refer,1
amount,1
bullock,1
endeavoring,1
slave,1
reynell,1
young,1
eso,1
served,1
gauge,1
compared,1
manufacturerprovincial,1
honour,1
drapers,1
estimate,1
undertaking,1
explore,1
essays,1
ngure,1
critique,1
boom,1
stagnation,1
ë,1
leadership,1
salt,1
restricting,1
coal,1
influence,1
staffordshire,1
rates,1
cites,1
neutral,1
glad,1
focused,1
aoo,1
lesser,1
permits,1
implored,1
operation,1
communities,1
via,1
fort,1
nevins,1
hoi,1
reflects,1
ciiadaddcsan,1
tt,1
ñ,1
esrc,1
district,1
remain,1
illustration,1
aggressive,1
basic,1
unit,1
na,1
transmitted,1
levels,1
fastest,1
bond,1
dislodged,1
walker,1
dealt,1
dp,1
preparatory,1
risk,1
forwards,1
supplement,1
flexible,1
pollard,1
grew,1
lamented,1
dissenting,1
navigation,1
matched,1
adept,1
birkbeck,1
riding,1
lay,1
retail,1
icmxin,1
unrivalled,1
clarification,1
consequences,1
moreover,1
sanders,1
consistency,1
lots,1
indispensable,1
alien,1
reason,1
send,1
understand,1
relating,1
conformed,1
evert,1
farrington,1
wanted,1
hosiers,1
promoters,1
preclude,1
maiden,1
improvement,1
sorts,1
intensive,1
repeated,1
olii,1
slowly,1
proved,1
ì,1
weather,1
thirty,1
squares,1
lti,1
sheer,1
cotes,1
landing,1
trip,1
manufacturerexported,1
mellor,1
valuations,1
htkiiimili,1
superior,1
concerned,1
resource,1
northcote,1
lacy,1
doty,1
exceed,1
cost,1
your,1
dunbar,1
â,1
channelled,1
wartime,1
portrays,1
aston,1
antecedents,1
coincide,1
preference,1
harte,1
footnote,1
appear,1
conflicts,1
qualities,1
matching,1
monkhouse,1
ranges,1
raw,1
vrt,1
advance,1
based,1
lead,1
hopps,1
access,1
aftermath,1
rl,1
public,1
found,1
demise,1
entering,1
called,1
europeanamerican,1
livingston,1
epistemological,1
mesooest,1
relation,1
primacy,1
invested,1
pioneer,1
successors,1
dislocation,1
rã,1
fo,1
traveller,1
bancker,1
wallis,1
accurately,1
outnumbered,1
ranking,1
equally,1
furthermore,1
equal,1
wales,1
overtaken,1
contrived,1
birkenshaw,1
hinterland,1
districts,1
obviated,1
bore,1
folders,1
embedding,1
toured,1
appears,1
recently,1
ceramics,1
companies,1
boundaries,1
cannot,1
meet,1
sansom,1
excellent,1
outstanding,1
broads,1
merican,1
amassed,1
cococoxr,1
counties,1
guarantee,1
levant,1
adm,1
method,1
touring,1
al,1
huge,1
expensive,1
improve,1
exert,1
representatives,1
arkwrights,1
provincial,1
none,1
pershouse,1
rq,1
americanborn,1
protected,1
julia,1
literature,1
ridsdale,1
remittances,1
formerly,1
atkinsons,1
responding,1
inono,1
bowers,1
supplanted,1
comprises,1
unless,1
prompted,1
purpose,1
pasold,1
explains,1
watts,1
unfinished,1
oon,1
nation,1
journals,1
pennines,1
solicitations,1
üoj,1
securing,1
whole,1
year,1
hcriooon,1
overview,1
gave,1
fit,1
fail,1
place,1
policies,1
expansive,1
honovocooj,1
keep,1
jo,1
round,1
cruger,1
oohomh,1
allots,1
neate,1
ttooö,1
focuses,1
tennant,1
smallest,1
sterling,1
tl,1
miss,1
trends,1
oirtcooos,1
towards,1
staple,1
good,1
published,1
hco,1
composite,1
xxvi,1
sas,1
stage,1
reliable,1
sililslli,1
trebled,1
reaches,1
nearest,1
specifically,1
rylands,1
sufficient,1
june,1
concerns,1
ship,1
breaking,1
certainly,1
amounted,1
subsided,1
dramatic,1
newcomers,1
massachusetts,1
decline,1
auctioneers,1
ès,1
usual,1
cl,1
colours,1
oûo,1
foremost,1
hä,1
coordinate,1
progress,1
ta,1
gould,1
appropriate,1
rn,1
energetically,1
grateful,1
akroyd,1
visit,1
pervasive,1
moved,1
settle,1
massive,1
sparks,1
casts,1
concomitant,1
jh,1
survived,1
transforming,1
ossn,1
integrating,1
critical,1
uncommon,1
highlights,1
quarry,1
hendricks,1
enin,1
outfitted,1
excludes,1
annum,1
reduced,1
frederick,1
prompting,1
onset,1
various,1
fortunately,1
camblets,1
inincococnoo,1
glasgow,1
short,1
service,1
located,1
overall,1
spearheaded,1
colson,1
chesapeake,1
observations,1
vomcmin,1
dressed,1
classic,1
sargent,1
nearly,1
interdependence,1
reorganization,1
prevailing,1
hammond,1
outlays,1
darwen,1
bill,1
commenced,1
orbit,1
comments,1
standing,1
unprecedented,1
oooo,1
newton,1
aii,1
religious,1
selection,1
hebblethwaite,1
bread,1
permanently,1
leek,1
inconvenient,1
nunn,1
distinguishing,1
relied,1
interpretation,1
franks,1
transbortation,1
handkerchiefs,1
alongside,1
serve,1
later,1
exceptionalism,1
heartlands,1
peaes,1
ttoococo,1
tagg,1
perceived,1
summarizes,1
cookson,1
acting,1
home,1
ci,1
light,1
scott,1
complete,1
culture,1
same,1
lord,1
shifting,1
ro,1
usurpation,1
reflate,1
outlined,1
cooke,1
gg,1
delaware,1
cargoes,1
inj,1
noted,1
increasingly,1
yorkshiremen,1
cvo,1
chaloner,1
denison,1
avoided,1
picture,1
operators,1
retired,1
chose,1
volume,1
generality,1
samson,1
shops,1
gain,1
raynor,1
midland,1
tour,1
aspect,1
temporarily,1
cocot,1
stronger,1
craftson,1
journey,1
dowell,1
mark,1
again,1
hkm,1
power,1
unsold,1
hillary,1
americanization,1
lacked,1
variegated,1
lengthy,1
lack,1
tibbits,1
unparalleled,1
irving,1
turner,1
overwhelming,1
aldershot,1
fultons,1
conduct,1
head,1
areas,1
indies,1
complementing,1
unidentified,1
appeared,1
match,1
tî,1
thoresby,1
powell,1
predominated,1
inevitably,1
clegg,1
break,1
richer,1
gray,1
forging,1
granting,1
seize,1
contemporary,1
doubt,1
identical,1
harmon,1
silky,1
channel,1
oih,1
forms,1
oomoco,1
adjacent,1
do,1
spain,1
chain,1
begin,1
increases,1
fdn,1
manner,1
road,1
landscape,1
inroads,1
existing,1
ensured,1
accepted,1
answer,1
yarn,1
rh,1
agencies,1
ao,1
assortment,1
generic,1
jeremiah,1
remsen,1
assorted,1
tohn,1
sell,1
jj,1
iszllzlilllllllz,1
mccusker,1
encountered,1
remarkably,1
day,1
casting,1
degree,1
fc,1
charleston,1
argues,1
interpreting,1
another,1
thousands,1
able,1
independence,1
status,1
lasting,1
simple,1
divided,1
clients,1
supplies,1
father,1
link,1
background,1
slaves,1
fishers,1
recommenced,1
mechanization,1
capturing,1
sufficiently,1
merchanting,1
samples,1
hfn,1
identity,1
top,1
lvii,1
ordering,1
traded,1
progenitors,1
virtually,1
gilder,1
causes,1
lanes,1
diaries,1
harvard,1
slipped,1
ethnic,1
qs,1
trend,1
jowitt,1
norwich,1
resolved,1
inonvor,1
pulían,1
ys,1
franklin,1
trust,1
check,1
halliday,1
importantly,1
mill,1
nevertheless,1
netherlands,1
merchantfinishers,1
roberts,1
peach,1
open,1
historic,1
styles,1
hcncmcmcminr,1
emphasizing,1
adding,1
comprehensive,1
sensitivity,1
obtaining,1
tail,1
points,1
blankets,1
amounts,1
gaugher,1
held,1
eve,1
individual,1
ri,1
revised,1
ny,1
analysing,1
high,1
dunderdale,1
coh,1
ended,1
íin,1
belcher,1
martin,1
stanbridge,1
exchange,1
hh,1
stranglehold,1
preponderance,1
internal,1
date,1
cheshire,1
methods,1
conduits,1
chapel,1
newspapers,1
correct,1
salford,1
jm,1
sensible,1
let,1
references,1
aiin,1
mulles,1
ludlow,1
hartford,1
esfntfm,1
attracted,1
ço,1
occupied,1
hind,1
professional,1
remarkable,1
ononvoco,1
feel,1
quarter,1
wooltextiles,1
financiers,1
attention,1
la,1
transparency,1
widely,1
brown,1
covered,1
hesoocnes,1
separate,1
halliwell,1
increasing,1
lehrman,1
woollenworsteds,1
waddington,1
arriving,1
relying,1
oa,1
tilford,1
moses,1
abundance,1
visits,1
oq,1
publishing,1
africa,1
tentative,1
enumerated,1
dearman,1
arrivals,1
bowerbank,1
iir,1
stockport,1
staples,1
refines,1
program,1
directory,1
disagreements,1
vovovooonvovo,1
referred,1
army,1
merchandise,1
returned,1
parsons,1
proposition,1
consignment,1
scholes,1
maitland,1
remaining,1
try,1
dynamism,1
owed,1
parkinson,1
introductory,1
cease,1
existed,1
fall,1
huish,1
respect,1
coordination,1
extremely,1
months,1
ano,1
premier,1
stipulation,1
regularly,1
rises,1
sí,1
ie,1
considered,1
pigou,1
detail,1
consigning,1
school,1
contained,1
wars,1
restructuring,1
following,1
underpinned,1
broke,1
overriding,1
exemplified,1
inooi,1
cmoñ,1
cî,1
founded,1
devilish,1
needs,1
pattle,1
geographic,1
scarcely,1
economically,1
hypothesized,1
partnerships,1
speculating,1
extension,1
johnwoolmer,1
brickwood,1
precise,1
physical,1
ccv,1
revising,1
doi,1
text,1
funding,1
cuyler,1
warehousers,1
clement,1
column,1
set,1
ont,1
godfrey,1
differentiated,1
forty,1
warehousewarehoused,1
winterthur,1
springhall,1
undertook,1
blair,1
soo,1
refused,1
shipment,1
frequency,1
sure,1
compelled,1
limited,1
reversal,1
neglected,1
assumed,1
sizes,1
ui,1
gone,1
ryle,1
smithson,1
straightforward,1
prominence,1
receipt,1
acts,1
print,1
clarify,1
stressed,1
explicated,1
maud,1
particularly,1
brothers,1
barent,1
rely,1
zge,1
ir,1
reflected,1
ritchie,1
cq,1
sum,1
armitage,1
works,1
freight,1
adduced,1
february,1
rathbone,1
merely,1
better,1
evident,1
fh,1
tastes,1
growing,1
packers,1
hobson,1
penn,1
automatic,1
what,1
expediting,1
regrettably,1
form,1
apace,1
steinmetz,1
cloths,1
add,1
feb,1
agricultural,1
sundries,1
hinh,1
always,1
heywood,1
engagements,1
entice,1
version,1
institute,1
ceded,1
secure,1
grades,1
migrations,1
voice,1
vh,1
batches,1
too,1
don,1
emphasis,1
hundreds,1
styal,1
ascertain,1
cocom,1
priestley,1
millions,1
travel,1
pursuance,1
mildred,1
belfast,1
whence,1
ascendant,1
oog,1
ill,1
given,1
simply,1
ofwister,1
ohio,1
through,1
saleability,1
city,1
worldwar,1
daintry,1
procure,1
november,1
giving,1
subject,1
transition,1
administration,1
ií,1
coclanis,1
went,1
oî,1
exceeded,1
matches,1
stationed,1
clothiers,1
ranks,1
world,1
allows,1
ã,1
nov,1
energies,1
superseded,1
ooin,1
promoted,1
esvovo,1
devoted,1
drafts,1
locations,1
lists,1
esoo,1
reveals,1
daybook,1
tipping,1
ig,1
nrt,1
travelling,1
numerous,1
internally,1
exerted,1
grant,1
discovery,1
motives,1
isles,1
liaise,1
documentation,1
reife,1
offer,1
œ,1
joined,1
americas,1
sá,1
mercers,1
integrated,1
usa,1
green,1
constructed,1
manufacturer,1
autumn,1
thomson,1
integration,1
ï,1
france,1
settling,1
attempted,1
exportation,1
uè,1
measured,1
remains,1
definitive,1
oberkampf,1
classification,1
roughly,1
summary,1
anonymous,1
comparison,1
profits,1
offered,1
vessel,1
formal,1
chambers,1
fluctuated,1
ensuring,1
arrived,1
fellows,1
point,1
integrate,1
sheepshanks,1
say,1
transitory,1
cook,1
escalating,1
cheaper,1
era,1
pratt,1
substantial,1
element,1
little,1
traditional,1
focus,1
manifests,1
uk,1
comparable,1
esor,1
tf,1
should,1
successive,1
amory,1
linen,1
bury,1
heterogeneous,1
thorough,1
