WORDCOUNTS,WEIGHT
the,775
of,655
and,479
in,324
a,262
ownership,183
that,171
control,166
companies,164
s,158
to,158
on,131
by,104
as,101
was,90
corporate,82
is,75
u,68
means,66
were,65
corporations,63
for,62
berle,61
shares,61
from,60
data,55
large,54
or,54
had,53
findings,49
largest,46
more,46
bank,42
not,42
united,41
with,41
separation,40
states,40
banks,39
an,37
stock,37
american,35
sample,35
studies,34
journal,34
corporation,34
management,33
than,32
their,31
new,31
see,31
owned,30
law,30
percent,30
holderness,30
hannah,29
his,29
study,29
public,29
shareholder,29
firms,29
trust,28
which,28
appendix,28
no,27
family,27
e,26
this,26
have,26
market,25
myth,25
there,25
review,25
p,25
traded,25
held,25
been,25
shareholders,25
at,24
financial,24
are,24
voting,23
has,23
its,23
managerial,23
governance,23
sec,23
herman,23
power,22
one,21
j,21
york,21
however,21
industrial,21
business,21
owning,20
economic,20
brian,20
also,20
steven,20
c,20
they,19
other,19
fortune,19
point,19
he,19
average,19
between,19
major,19
it,18
modern,18
available,18
robert,18
board,18
among,18
directors,17
very,17
filings,17
i,17
who,17
while,17
securities,17
nonfinancial,16
only,16
really,16
capitalism,16
publicly,16
report,16
economics,15
nyse,15
minority,15
gordon,15
investors,15
departments,15
number,15
structure,15
institutional,15
be,15
cheffins,14
controlled,14
concentration,14
out,14
stake,14
but,14
two,14
top,14
exchange,14
analysis,14
share,14
ibid,14
evidence,14
sources,13
all,13
ranked,13
managers,13
proxy,13
these,13
santos,13
equity,13
revolution,13
over,13
finance,13
tnec,13
history,12
said,12
those,12
g,12
holdings,12
officers,12
majority,12
book,12
standard,12
patman,11
group,11
company,11
million,11
argued,11
becht,11
under,11
collectively,11
lacked,11
fact,11
when,11
dispersed,11
rumble,11
did,11
listed,11
commercial,11
hundred,10
times,10
young,10
most,10
dispersion,10
street,10
divorce,10
do,10
empirical,10
so,10
sept,10
given,10
through,10
into,9
america,9
since,9
century,9
summarized,9
capitalization,9
n,9
found,9
statements,9
nasdaq,9
toward,9
individual,9
lang,9
blockholder,9
paper,9
d,9
diffuse,8
diffusion,8
such,8
professor,8
adopted,8
pdf,8
billion,8
poor,8
edward,8
legal,8
dominant,8
markets,8
big,8
literature,8
schwartz,8
research,8
generally,8
bankers,8
shleifer,8
ed,8
kotz,8
rise,8
outside,8
float,8
investment,8
article,8
quarterly,8
blockholders,8
size,8
gadhoum,8
total,7
survey,7
british,7
firm,7
owners,7
interest,7
m,7
assets,7
http,7
because,7
received,7
used,7
during,7
own,7
t,7
nearly,7
figure,7
release,7
chejfins,7
pattern,7
patterns,7
full,7
banking,7
utilities,7
wisdom,7
claimed,7
wall,7
historical,7
economy,7
form,7
com,7
cambridge,7
typically,7
recent,7
indicated,6
h,6
first,6
railroads,6
half,6
stakes,6
warshow,6
concerning,6
rights,6
sizable,6
similar,6
villarejo,6
based,6
banker,6
sales,6
personal,6
small,6
industry,6
world,6
blockholding,6
aggregate,6
various,6
about,6
reference,6
thesis,6
index,6
compiled,6
investor,6
less,6
remained,6
private,6
made,6
trend,6
individuals,6
three,6
can,6
we,6
widely,6
boards,6
where,6
commission,6
dennis,6
william,6
theory,6
distribution,6
press,6
representation,6
years,6
washington,6
stockholders,6
little,6
showed,6
committee,5
investments,5
shareholdings,5
nevertheless,5
last,5
mass,5
saying,5
account,5
thus,5
jr,5
turn,5
adjustment,5
even,5
influence,5
may,5
site,5
rather,5
how,5
b,5
changes,5
fiduciary,5
heflin,5
instance,5
bhagat,5
larner,5
gardiner,5
marco,5
well,5
having,5
vote,5
claim,5
r,5
london,5
sheehan,5
class,5
citing,5
trading,5
value,5
make,5
oxford,5
us,5
same,5
subcommittee,5
smith,5
monks,5
mintz,5
orthodoxy,5
burch,5
michael,5
range,5
controlling,5
significant,5
david,5
black,5
k,5
britain,5
la,5
kenneth,5
five,5
minow,5
often,5
shaw,5
demsetz,5
blair,5
capital,5
lamer,5
beginning,5
annual,5
suggests,5
porta,5
both,5
owner,5
families,5
web,5
numerous,5
national,5
much,5
observed,5
common,4
if,4
ultimate,4
germany,4
favor,4
chandler,4
spf,4
either,4
interests,4
rational,4
could,4
leading,4
great,4
date,4
threshold,4
papers,4
alfred,4
due,4
funds,4
back,4
third,4
performance,4
main,4
represented,4
university,4
statistical,4
w,4
four,4
commonly,4
helped,4
vishny,4
hands,4
exuberance,4
industrials,4
though,4
focused,4
block,4
explain,4
basis,4
inferred,4
norm,4
long,4
up,4
directorships,4
shareholding,4
provided,4
led,4
likely,4
identified,4
exception,4
indicates,4
hold,4
percentage,4
frank,4
williams,4
enterprises,4
published,4
idea,4
paul,4
similarly,4
john,4
never,4
hand,4
income,4
leslie,4
railways,4
increase,4
largely,4
accessed,4
would,4
period,4
general,4
high,4
excluded,4
attention,4
merger,4
today,4
dec,4
any,4
forty,4
monthly,4
different,4
global,4
domestic,4
particularly,4
just,4
according,4
what,4
terms,4
sociology,4
extent,4
property,4
almost,4
reported,4
despite,4
adolf,4
prevalent,4
became,4
controls,4
twentieth,4
remains,4
increased,4
indices,4
era,4
substantial,4
doing,4
now,3
o,3
stockholdings,3
generated,3
privately,3
groups,3
federation,3
per,3
likewise,3
becoming,3
use,3
authority,3
twenty,3
clifford,3
policy,3
position,3
occurred,3
file,3
stockholding,3
ii,3
correspondingly,3
turnover,3
government,3
take,3
ronald,3
political,3
context,3
case,3
reassessed,3
relational,3
exchanges,3
indicating,3
cited,3
receivership,3
investing,3
currency,3
keiretsu,3
facts,3
against,3
visited,3
walter,3
iwfs,3
exercise,3
compared,3
measured,3
failed,3
whose,3
observers,3
developed,3
biggest,3
proportion,3
persistent,3
population,3
special,3
retail,3
soon,3
elsewhere,3
impact,3
dominate,3
house,3
too,3
show,3
additional,3
important,3
greater,3
rule,3
typical,3
war,3
line,3
revealed,3
scope,3
part,3
reports,3
member,3
chevalier,3
compact,3
president,3
markedly,3
good,3
change,3
least,3
sense,3
hard,3
working,3
involved,3
upshot,3
mitchell,3
civic,3
results,3
activities,3
society,3
f,3
therefore,3
absentee,3
reduced,3
absence,3
european,3
play,3
railway,3
strategic,3
single,3
relied,3
arrangements,3
rules,3
advanced,3
palmer,3
tax,3
hawley,3
already,3
department,3
qualified,3
eisenberg,3
sector,3
mark,3
many,3
standardandpoors,3
ch,3
leech,3
another,3
mean,3
moody,3
illusion,3
rare,3
glasberg,3
dominated,3
peter,3
iwf,3
characterized,3
effect,3
probably,3
haven,3
imply,3
joão,3
george,3
primarily,3
institutions,3
economists,3
lawrence,3
category,3
surprising,3
table,3
dent,3
proprietors,3
veblen,3
discrepancy,3
set,3
unknown,3
argue,3
current,3
andrei,3
rose,3
list,3
smallcap,3
information,3
economist,3
subject,3
acknowledges,3
using,3
our,3
come,3
presence,3
argument,3
extremely,3
insider,3
potential,3
mason,3
themselves,3
enterprise,3
strong,3
midcap,3
sweezy,3
owns,3
difficult,2
bernard,2
does,2
transportation,2
currently,2
releases,2
page,2
way,2
void,2
later,2
plutocratic,2
mergers,2
klebaner,2
revolutionary,2
tabb,2
expect,2
center,2
agency,2
larry,2
federal,2
pedersen,2
monolithic,2
motive,2
acceptance,2
nineteenth,2
monograph,2
princeton,2
stigler,2
test,2
melvin,2
www,2
hence,2
villalonga,2
taken,2
attempt,2
meaning,2
degree,2
seems,2
nature,2
departure,2
dramatically,2
confirming,2
wave,2
generalizations,2
antitrust,2
subsequent,2
help,2
fresh,2
questionnaire,2
system,2
dearth,2
assertions,2
porter,2
implies,2
condition,2
illustrate,2
establishing,2
appendices,2
speculation,2
functions,2
combination,2
say,2
himself,2
split,2
harold,2
amit,2
relies,2
central,2
divorced,2
andrew,2
sweeping,2
spectrum,2
dynamics,2
points,2
categorized,2
executives,2
unpublished,2
de,2
lussier,2
fitch,2
conducted,2
armour,2
nor,2
contrary,2
partch,2
columbia,2
brackets,2
drawn,2
details,2
industries,2
mechanisms,2
americans,2
costs,2
remain,2
sort,2
notion,2
examined,2
derived,2
factors,2
moreover,2
cannot,2
support,2
corroborated,2
biased,2
flows,2
director,2
mary,2
decade,2
bratton,2
hetherington,2
orientation,2
filed,2
beyond,2
undertaken,2
votes,2
drawing,2
result,2
closely,2
problem,2
identifying,2
search,2
seven,2
international,2
kolko,2
events,2
base,2
plutocracy,2
academic,2
founder,2
anderson,2
recently,2
wealth,2
record,2
required,2
enough,2
wide,2
accelerated,2
zeitlin,2
maurice,2
hierarchies,2
directly,2
claiming,2
gugler,2
differ,2
accounting,2
work,2
characterization,2
instruments,2
friedland,2
mikkelson,2
database,2
nonrailway,2
people,2
versus,2
device,2
et,2
showing,2
challenging,2
trends,2
approach,2
lhe,2
wholesale,2
social,2
beneficial,2
commerce,2
suggest,2
consolidation,2
insurance,2
around,2
encompasses,2
oct,2
driving,2
concerns,2
highly,2
dramatic,2
impossible,2
fully,2
bulletin,2
notice,2
displaced,2
passive,2
moved,2
jeffrey,2
will,2
critical,2
demand,2
carried,2
gabriel,2
short,2
wrote,2
indeed,2
comparative,2
expansion,2
insiders,2
onward,2
acknowledged,2
allen,2
still,2
capitalists,2
southern,2
conventional,2
once,2
criticism,2
pm,2
victor,2
adrienne,2
serve,2
counterparts,2
disclosure,2
yurtoglu,2
included,2
pf,2
railroad,2
gilson,2
al,2
denis,2
hallmark,2
act,2
fellow,2
members,2
fell,2
again,2
others,2
europe,2
put,2
efforts,2
subsidiaries,2
unifying,2
consideration,2
fundamental,2
blocks,2
striking,2
sullivan,2
time,2
larger,2
accounted,2
aug,2
contemporary,2
considerable,2
discussed,2
bradford,2
forms,2
ripley,2
present,2
discussing,2
competitors,2
interview,2
focusing,2
widespread,2
breakdown,2
oil,2
excluding,2
restrictions,2
upon,2
randall,2
sufficiently,2
ceo,2
virtually,2
congress,2
harvard,2
evolution,2
previous,2
california,2
yoser,2
open,2
margaret,2
remaining,2
perlo,2
collected,2
kroszner,2
pension,2
thomas,2
why,2
oppenheimer,2
random,2
commentators,2
amex,2
james,2
equivalent,2
figures,2
forefront,2
professional,2
encompassing,2
separate,2
entitled,2
residual,2
usually,2
randomly,2
fewer,2
insufficient,2
relevant,2
transformation,2
fall,2
amalgamation,2
composed,2
founders,2
proof,2
contained,2
fifteen,2
thinking,2
series,2
changing,2
manual,2
extensive,2
constituted,2
known,2
mueller,2
june,2
text,2
compensation,2
organizational,2
alternative,2
intellectual,2
mccraw,2
temporary,2
appropriate,2
returns,2
post,2
far,2
davita,2
past,2
beth,2
following,2
unlikely,2
combined,2
selected,2
namely,2
particular,2
thirty,2
drucker,2
don,2
fourteen,2
unseen,2
radically,2
boston,2
occasionally,2
extending,2
marketing,2
lippmann,2
role,2
buy,2
sitting,2
measure,2
roe,2
manufacturing,2
challenges,2
sanjai,2
nov,2
finding,2
nell,2
offer,2
approximately,2
instead,2
usa,2
smaller,2
autumn,2
france,2
shift,2
reeb,2
profits,2
occurring,2
close,2
lehn,2
chicago,2
partial,2
cong,2
benchmark,2
drew,2
should,2
asked,2
final,1
frequent,1
founding,1
archives,1
customers,1
decentralized,1
zero,1
done,1
flow,1
lackawanna,1
investigated,1
hunsicker,1
horizontal,1
estimated,1
declared,1
fortified,1
cent,1
immune,1
former,1
praised,1
concern,1
separated,1
lawsuits,1
everyone,1
affected,1
berkeley,1
reconsidered,1
interventions,1
college,1
fiction,1
goldsmith,1
determine,1
liquidity,1
announced,1
sicilia,1
diane,1
eliminated,1
diagnose,1
considerably,1
entanglements,1
introduction,1
utility,1
evans,1
berlin,1
passing,1
prudent,1
obsolete,1
enduring,1
disclose,1
ana,1
appoints,1
effective,1
elaborated,1
reassessment,1
prime,1
word,1
diversification,1
second,1
asserted,1
gallman,1
regulators,1
fellows,1
inconsistent,1
jonathan,1
earnings,1
giants,1
bureau,1
contention,1
resurgence,1
unlike,1
holding,1
before,1
exceptions,1
something,1
englewood,1
source,1
claire,1
explicable,1
verdict,1
du,1
laura,1
outsized,1
lower,1
being,1
consistent,1
highlighted,1
faq,1
anything,1
morton,1
australia,1
wakes,1
lexington,1
fast,1
constituting,1
revisited,1
outstandingsy,1
subscribed,1
ipo,1
distinguishing,1
jointly,1
buoyant,1
quoting,1
regarding,1
give,1
rested,1
implying,1
relying,1
promoting,1
retreat,1
neil,1
liberty,1
confirmed,1
affirmed,1
capitalist,1
revenue,1
advantage,1
together,1
amendment,1
differences,1
potentially,1
assembled,1
borne,1
studied,1
link,1
reveal,1
composition,1
real,1
itamong,1
listing,1
evolving,1
achieved,1
feature,1
salary,1
roots,1
rafael,1
state,1
solidify,1
remainder,1
doc,1
proprietary,1
normal,1
commercially,1
profitable,1
item,1
regulatory,1
signs,1
governors,1
stearns,1
within,1
dissolved,1
rethinking,1
determinative,1
partners,1
existence,1
badly,1
merchandising,1
roy,1
manohar,1
gaps,1
autonomous,1
historians,1
albeit,1
chronicled,1
capacity,1
sought,1
draw,1
discuss,1
rests,1
right,1
changed,1
accountability,1
indirectly,1
prior,1
some,1
logical,1
politics,1
delivering,1
stance,1
belen,1
compustat,1
election,1
taxation,1
richard,1
magazine,1
prevails,1
internet,1
mastery,1
community,1
apart,1
invited,1
except,1
chart,1
monitoring,1
anticipated,1
pseudofact,1
interviews,1
economies,1
measurement,1
reliably,1
schoenbaum,1
optimism,1
garnering,1
conflict,1
goal,1
accessible,1
throughout,1
examining,1
halted,1
endorsements,1
responded,1
sylla,1
historically,1
proceeded,1
accuracy,1
famously,1
explained,1
republished,1
immediate,1
development,1
analyzing,1
initially,1
silent,1
author,1
patchy,1
characteristic,1
relatively,1
regarded,1
sp,1
seventyfive,1
eighty,1
price,1
exist,1
quantitative,1
nurtured,1
quicker,1
align,1
manager,1
privilege,1
z,1
kind,1
progressive,1
retailing,1
militate,1
theorists,1
speculative,1
clark,1
oversteps,1
perspective,1
insurers,1
underpricing,1
taxpayers,1
profound,1
holds,1
difficulty,1
brantley,1
apr,1
ally,1
operate,1
unchanged,1
misleading,1
criterion,1
estimate,1
databases,1
profit,1
weight,1
inconvenient,1
morii,1
look,1
lipartito,1
leadership,1
generation,1
lender,1
join,1
competitive,1
rates,1
error,1
decisionmaking,1
trom,1
grasp,1
mechanism,1
jean,1
operation,1
sixteen,1
library,1
philadelphia,1
recognized,1
revisit,1
essential,1
luigi,1
subjected,1
meatpacking,1
brethren,1
absent,1
across,1
angeles,1
influential,1
borrowing,1
levels,1
realistically,1
process,1
bond,1
broaden,1
dealt,1
determining,1
risk,1
weighting,1
after,1
flexible,1
eight,1
importance,1
talk,1
direct,1
parts,1
benjamin,1
contributions,1
assuming,1
pages,1
lacking,1
pp,1
mobilize,1
white,1
consequences,1
scattered,1
update,1
extremes,1
characterizes,1
onnyseoramex,1
raymond,1
reason,1
accounts,1
eighteen,1
edson,1
brunswick,1
acquisition,1
developments,1
proving,1
old,1
plus,1
holders,1
forget,1
underdeveloped,1
locally,1
possibly,1
organization,1
wheeling,1
established,1
imposing,1
argues,1
emergence,1
raghuram,1
clearly,1
liberal,1
warren,1
section,1
quoted,1
edition,1
days,1
spirit,1
numbers,1
managerialism,1
contemporaries,1
weak,1
vitality,1
presumed,1
age,1
democratic,1
superior,1
origins,1
statement,1
officer,1
disastrous,1
cost,1
always,1
hereafter,1
remarking,1
erroneous,1
equities,1
providers,1
hilt,1
strategy,1
personalized,1
suggested,1
view,1
appear,1
plausibly,1
conflicts,1
disappeared,1
reflections,1
smi,1
countervailing,1
whereas,1
yielding,1
ou,1
stockholder,1
klaus,1
came,1
rivals,1
premise,1
questioned,1
declined,1
reexamined,1
fortunes,1
overall,1
conservative,1
entering,1
called,1
access,1
six,1
temptation,1
effort,1
deal,1
barca,1
criticisms,1
census,1
radical,1
agendas,1
noting,1
wayne,1
percentages,1
equivalents,1
compromised,1
culture,1
respects,1
lent,1
late,1
microsoft,1
controlwould,1
mist,1
prompt,1
cultural,1
reviews,1
llösweezy,1
treat,1
appears,1
viewed,1
titans,1
hailed,1
dispersal,1
poors,1
scale,1
otherwise,1
sites,1
perform,1
saving,1
eager,1
aio,1
bastion,1
vo,1
atulya,1
marie,1
toughness,1
outstanding,1
industrialized,1
glossed,1
none,1
replacements,1
seeking,1
future,1
perpetuated,1
closed,1
deemed,1
formerly,1
fraser,1
los,1
locus,1
imagined,1
prompted,1
illustrated,1
horwitz,1
heavily,1
purpose,1
ot,1
iipartito,1
reserve,1
proportions,1
knowledge,1
apparent,1
reduction,1
forcefully,1
nation,1
pyramids,1
cubbin,1
experiencing,1
seh,1
ten,1
booming,1
year,1
precipitated,1
gave,1
peaked,1
fail,1
policies,1
hereinafter,1
issues,1
partly,1
calculating,1
records,1
subthemes,1
falling,1
middle,1
statistics,1
away,1
employed,1
systematic,1
patsies,1
savings,1
smallest,1
doubtful,1
status,1
holy,1
walton,1
count,1
presumption,1
sic,1
monetary,1
prices,1
contests,1
detailed,1
dropped,1
strict,1
normally,1
giant,1
correct,1
field,1
quarter,1
regardless,1
adherents,1
plutocrats,1
chose,1
straight,1
nèu,1
grew,1
hired,1
order,1
unquestioned,1
compromising,1
sharp,1
quite,1
midst,1
davis,1
several,1
reweighted,1
characteristics,1
consensus,1
few,1
astounding,1
blockholdings,1
divestment,1
wider,1
haubrich,1
depression,1
lawyers,1
schumpeter,1
essentially,1
diversified,1
mixing,1
yielded,1
philip,1
fashions,1
managed,1
barely,1
coordinate,1
finishing,1
paid,1
benchmarks,1
notes,1
plausible,1
chemns,1
purporting,1
newly,1
normalized,1
heyday,1
wolfgang,1
burcin,1
baskin,1
questioning,1
behalf,1
issuer,1
avoid,1
pyramiding,1
cite,1
confirm,1
flourished,1
debunk,1
sleeper,1
san,1
pervasive,1
seedbed,1
situation,1
arrangement,1
critics,1
redux,1
hegemony,1
mediumsized,1
issuers,1
matter,1
vanderbilt,1
berwin,1
bringing,1
pushes,1
citigroup,1
service,1
leased,1
labeled,1
limited,1
schemes,1
return,1
released,1
classic,1
eminent,1
reorganization,1
upward,1
gaining,1
etc,1
hofstra,1
convince,1
whatever,1
bloc,1
above,1
intervention,1
mainstream,1
bill,1
calculated,1
movement,1
registered,1
seemingly,1
direction,1
selection,1
exceeded,1
supplier,1
confronting,1
simultaneous,1
alleged,1
prepare,1
bridged,1
turmoil,1
selling,1
permission,1
miranti,1
security,1
makes,1
experienced,1
accident,1
creditors,1
marginal,1
happened,1
thought,1
mission,1
subservient,1
message,1
morgan,1
place,1
selective,1
calculations,1
incitement,1
subset,1
supplied,1
complete,1
hershey,1
gov,1
wright,1
switch,1
without,1
cda,1
wisconsin,1
steve,1
friendly,1
sharesowned,1
colleen,1
journalist,1
stm,1
retired,1
fill,1
alleging,1
corporationsy,1
party,1
undisturbed,1
starting,1
critiques,1
blockholderagain,1
idle,1
left,1
soldofsky,1
comparison,1
disappointing,1
technique,1
stated,1
admirable,1
fragmentation,1
pointed,1
varies,1
performs,1
addition,1
contestable,1
powder,1
equating,1
pont,1
traceable,1
longer,1
lack,1
valid,1
sells,1
broadly,1
predominant,1
agree,1
documents,1
match,1
dividends,1
abstract,1
reform,1
predominated,1
lacks,1
end,1
personality,1
debates,1
triumphed,1
serious,1
selects,1
took,1
remarkable,1
model,1
manner,1
tne,1
purposes,1
equate,1
accepted,1
establish,1
parture,1
strategies,1
ahead,1
wartime,1
rajan,1
swing,1
perhaps,1
weaken,1
remarked,1
belief,1
militated,1
burdened,1
lopezthe,1
controversy,1
manuals,1
free,1
remarkably,1
regionally,1
distortions,1
desires,1
doubled,1
fight,1
interpreted,1
thousands,1
credit,1
empirically,1
displace,1
divided,1
dissimilar,1
campaigns,1
averaged,1
examples,1
treated,1
unlisted,1
unquestionably,1
bear,1
helps,1
limitations,1
aggregated,1
onto,1
aligning,1
region,1
reputedly,1
enormous,1
retains,1
depended,1
services,1
samples,1
encouraged,1
entirely,1
denies,1
confidence,1
angle,1
sold,1
disclosing,1
refers,1
anachronism,1
conditions,1
causes,1
revelations,1
shades,1
products,1
submitted,1
curb,1
portfolios,1
circumstance,1
maintains,1
nothing,1
chosen,1
unmatched,1
daems,1
zingales,1
strikingly,1
themthe,1
theories,1
theoretical,1
described,1
inversely,1
platform,1
trade,1
harkens,1
ipos,1
clear,1
stress,1
hiatus,1
comprehensive,1
observes,1
publication,1
definitely,1
portfolio,1
recipient,1
co,1
counter,1
factsheet,1
defensive,1
dwarfed,1
covering,1
like,1
spread,1
investable,1
gates,1
him,1
discloser,1
filled,1
practiced,1
earlier,1
attributing,1
fancy,1
inattentive,1
provides,1
men,1
michie,1
strongly,1
discarded,1
sentiment,1
comparing,1
written,1
internal,1
promote,1
tartly,1
constructing,1
glenn,1
become,1
businesses,1
sensible,1
respectively,1
accordingly,1
hoboken,1
postwar,1
refrained,1
story,1
below,1
lopezas,1
invented,1
cooperatives,1
destruction,1
joint,1
cliffs,1
morck,1
behind,1
concluded,1
limiting,1
increasing,1
fails,1
implicitly,1
things,1
consists,1
surging,1
lance,1
speculate,1
socialist,1
inertia,1
respect,1
me,1
commentator,1
violation,1
perspectives,1
complexion,1
continued,1
provide,1
science,1
crucial,1
schön,1
taxfavored,1
buyers,1
stocks,1
begin,1
attitude,1
ordinary,1
referred,1
lost,1
transformed,1
directory,1
replicating,1
yale,1
force,1
began,1
representationbut,1
credited,1
proposition,1
face,1
rapidly,1
executive,1
pseudofacts,1
countries,1
html,1
efficiency,1
impersonal,1
researcher,1
inferior,1
haubnch,1
types,1
citizens,1
questionnaires,1
itself,1
pressures,1
sess,1
problematic,1
sound,1
chiding,1
investigate,1
joseph,1
matters,1
durability,1
claims,1
fligstein,1
school,1
acquired,1
duties,1
exercised,1
then,1
historian,1
growing,1
broke,1
conclusion,1
exemplified,1
mentioned,1
version,1
divorcing,1
thorstein,1
steel,1
sam,1
theme,1
implied,1
byproduct,1
detective,1
appeared,1
entry,1
aig,1
influencee,1
acquisitions,1
dun,1
sciences,1
fabrizio,1
here,1
bright,1
quickly,1
singh,1
outcome,1
excess,1
ran,1
each,1
commonplace,1
readily,1
benchmarkhad,1
faulty,1
neglected,1
novel,1
lying,1
december,1
sizes,1
save,1
key,1
seem,1
nonhnancial,1
outdoor,1
best,1
qast,1
down,1
prominence,1
dunlavy,1
wealthy,1
founderor,1
universal,1
regard,1
loyalty,1
foundation,1
rivalry,1
ideological,1
thresholdanother,1
brothers,1
reliability,1
exhibits,1
obviously,1
trusts,1
raphael,1
associated,1
purview,1
ixa,1
assessment,1
davidson,1
megan,1
outlook,1
drop,1
realities,1
senior,1
lehman,1
notable,1
investigation,1
telling,1
grail,1
coffee,1
whether,1
adults,1
making,1
imposed,1
feb,1
nascent,1
passed,1
sociologist,1
unrest,1
florencio,1
understandably,1
transaction,1
ranald,1
institute,1
abruptly,1
secure,1
early,1
captains,1
proposing,1
agreed,1
emphasis,1
incorporated,1
yumiko,1
laggard,1
rockefeller,1
popular,1
level,1
boldly,1
barron,1
conclude,1
exercising,1
tightening,1
technologies,1
worldscope,1
duty,1
unaffected,1
intended,1
listings,1
entrepreneur,1
cash,1
reappraisal,1
target,1
reconstruct,1
arguments,1
sizeable,1
memories,1
socializing,1
phenomenon,1
disrupted,1
maintained,1
takeover,1
aims,1
gain,1
aspect,1
amalgamated,1
faculty,1
discrepant,1
eric,1
sarin,1
question,1
ultimately,1
nonfinancials,1
chaired,1
instructive,1
reveals,1
electronic,1
initiated,1
stockmarket,1
mutual,1
precise,1
accept,1
crisis,1
documentation,1
course,1
contributed,1
americas,1
lively,1
asset,1
include,1
consolidated,1
define,1
need,1
gross,1
product,1
exceeding,1
scanty,1
defined,1
plentiful,1
tobacco,1
agitating,1
francisco,1
classification,1
bedeviled,1
roles,1
maintaining,1
offered,1
observation,1
supported,1
drift,1
news,1
assumed,1
rest,1
crossannual,1
justify,1
restricts,1
reached,1
agrees,1
dark,1
pt,1
element,1
persuaded,1
verified,1
traditional,1
focus,1
unequivocal,1
famous,1
diffused,1
virtue,1
broader,1
meeting,1
resources,1
portrait,1
werner,1
