WORDCOUNTS,WEIGHT
the,530
and,414
of,408
to,232
in,217
a,216
advertising,178
stores,153
for,121
department,103
as,90
that,88
london,85
s,84
store,84
on,80
by,79
their,75
with,72
was,68
promotional,67
from,64
expenditure,59
press,58
history,56
sales,55
were,53
yes,50
economic,49
display,47
which,43
is,42
pp,41
are,41
other,40
mail,40
central,40
returns,40
regional,37
not,37
had,36
net,36
we,35
these,34
british,33
direct,33
be,33
this,32
an,31
per,30
data,30
more,29
promotion,29
it,28
p,28
than,28
cent,27
market,27
year,27
society,27
customers,26
all,26
review,26
retail,26
also,26
southern,25
or,25
harrods,24
lewis,24
media,23
both,23
northern,22
at,21
margins,21
r,21
john,21
region,21
class,21
example,20
costs,19
publicity,19
c,19
o,18
i,18
its,18
suburban,18
peter,18
have,18
j,17
may,17
provinces,17
could,17
would,17
who,17
while,17
national,17
they,16
some,16
such,16
however,16
new,16
high,16
table,16
group,15
walker,15
total,15
england,15
there,15
g,15
most,15
cost,15
one,14
h,14
west,14
scotland,14
britain,14
no,14
towards,14
end,14
over,14
goods,14
u,14
marketing,14
fowler,13
using,13
impact,13
m,13
james,13
provincial,13
regions,13
dummies,13
plant,13
analysis,13
report,13
scott,13
coefficient,13
large,12
sample,12
displays,12
economics,12
well,12
used,12
order,12
included,12
window,12
medium,12
distribution,12
include,12
strong,12
source,11
being,11
those,11
proportion,11
similar,11
partnership,11
wales,11
prices,11
research,11
f,11
but,11
only,11
where,11
including,11
general,11
lomax,11
particularly,11
d,11
much,11
customer,10
policy,10
into,10
staff,10
key,10
thus,10
via,10
selfridges,10
t,10
local,10
relationship,10
shop,10
did,10
form,10
e,9
activity,9
regarding,9
relatively,9
price,9
brand,9
events,9
during,9
budgets,9
provided,9
frank,9
competition,9
under,9
business,9
see,9
survey,9
charge,9
trade,9
so,9
effect,9
provide,9
employment,9
strategies,9
stunts,9
log,9
here,9
interwar,9
effects,9
association,9
between,9
chitham,9
major,9
estimated,8
tab,8
rather,8
across,8
image,8
n,8
suburbs,8
even,8
personal,8
around,8
annual,8
noted,8
many,8
time,8
chain,8
operating,8
competitors,8
period,8
visit,8
constant,8
each,8
ratio,8
hca,8
size,8
substantial,8
should,8
archives,7
significant,7
american,7
first,7
surveys,7
jones,7
competitive,7
his,7
l,7
proved,7
house,7
four,7
important,7
drawing,7
view,7
public,7
found,7
newspaper,7
own,7
following,7
results,7
readership,7
appeal,7
meanwhile,7
us,7
conversely,7
same,7
areas,7
larger,7
outside,7
bentall,7
less,7
increase,7
use,7
variables,7
low,7
times,7
newspapers,7
success,7
jefferys,7
retailing,7
obs,7
variable,7
any,7
very,7
when,7
popular,7
firms,7
our,7
devoted,7
years,7
mix,7
if,6
adverts,6
differences,6
case,6
pasdermadjian,6
targeted,6
highest,6
journal,6
b,6
space,6
exhibitions,6
w,6
strategy,6
greater,6
heavily,6
people,6
statistics,6
approach,6
least,6
june,6
through,6
activities,6
he,6
demand,6
catchment,6
home,6
two,6
name,6
forms,6
style,6
ibid,6
spent,6
margin,6
can,6
relative,6
merchandise,6
extensive,6
them,6
average,6
evidence,6
given,6
ending,5
studies,5
position,5
lower,5
available,5
classified,5
papers,5
variations,5
debenhams,5
counters,5
messages,5
catalogues,5
rates,5
selfridge,5
floor,5
statistical,5
base,5
though,5
advertise,5
unemployment,5
y,5
good,5
level,5
industry,5
aggregate,5
will,5
service,5
limited,5
single,5
oxford,5
yet,5
selling,5
windows,5
without,5
printing,5
shows,5
revenue,5
v,5
number,5
spending,5
shopping,5
full,5
three,5
after,5
often,5
been,5
methods,5
specification,5
expanding,5
ft,5
lancaster,5
terms,5
particular,5
passed,5
reaped,5
reported,5
despite,5
definitions,5
jan,5
instead,5
roughly,5
profits,5
archival,5
among,5
broader,5
south,4
heal,4
second,4
sets,4
definition,4
daily,4
turnover,4
able,4
rda,4
within,4
hausman,4
measuring,4
fine,4
estimations,4
highly,4
quality,4
industrial,4
cases,4
serving,4
compared,4
estimate,4
find,4
identify,4
details,4
corkindale,4
higher,4
manager,4
performance,4
main,4
levels,4
represented,4
dp,4
earlier,4
corina,4
special,4
organization,4
retained,4
branch,4
k,4
show,4
faced,4
kennards,4
based,4
kennedy,4
purchased,4
having,4
probably,4
silks,4
distributors,4
suggest,4
trading,4
contrast,4
family,4
mitchell,4
wider,4
generally,4
dependent,4
notes,4
schmalensee,4
practices,4
located,4
above,4
indicates,4
relied,4
kingston,4
mailings,4
counterparts,4
substitutability,4
robust,4
illustrated,4
published,4
demonstrations,4
together,4
substantially,4
considerable,4
ols,4
never,4
practice,4
wiles,4
day,4
original,4
investment,4
range,4
values,4
budget,4
actual,4
derived,4
provides,4
berndt,4
oak,4
assistants,4
separate,4
figure,4
strongly,4
impersonal,4
types,4
share,4
heavy,4
then,4
constituted,4
set,4
equation,4
advertisements,4
paper,4
expenditures,4
appendix,4
jlpa,4
what,4
differing,4
role,4
techniques,4
driscoll,4
harrison,4
shown,4
cambridge,4
smaller,4
area,4
increased,4
klein,4
flow,3
common,3
way,3
later,3
easily,3
modern,3
descriptive,3
unlike,3
street,3
different,3
programmes,3
give,3
address,3
company,3
reach,3
great,3
owing,3
has,3
money,3
mass,3
retailers,3
possible,3
dataset,3
reflecting,3
x,3
formula,3
advertisers,3
since,3
against,3
establishments,3
pay,3
expected,3
distinct,3
developments,3
items,3
consumer,3
served,3
third,3
percentage,3
look,3
tadajewski,3
lagged,3
mean,3
upmarket,3
means,3
category,3
changes,3
coefficients,3
squares,3
contemporaries,3
breakdowns,3
beyond,3
hereafter,3
typical,3
relating,3
clear,3
international,3
markets,3
further,3
displayed,3
stock,3
nevett,3
directly,3
future,3
part,3
gave,3
broad,3
reflect,3
employed,3
detailed,3
reliable,3
volume,3
quite,3
involved,3
few,3
manchester,3
up,3
therefore,3
variety,3
identified,3
study,3
positive,3
assistance,3
anonymized,3
largest,3
reports,3
sector,3
useful,3
others,3
spend,3
similarly,3
towns,3
artists,3
automobile,3
departments,3
choice,3
do,3
centre,3
model,3
weighted,3
road,3
income,3
kaldor,3
sir,3
supplies,3
gordon,3
effectiveness,3
made,3
dunlop,3
silverman,3
ö,3
findings,3
factor,3
trend,3
archive,3
salaries,3
maintenance,3
counter,3
profitably,3
comparing,3
internal,3
article,3
become,3
enjoyed,3
january,3
professional,3
increasing,3
marshall,3
independent,3
sometimes,3
five,3
indicate,3
covering,3
stable,3
school,3
alternative,3
branches,3
econometrics,3
ß,3
half,3
regard,3
linked,3
chairman,3
evident,3
making,3
degree,3
transactions,3
multiple,3
furniture,3
buy,3
institutional,3
product,3
impacted,3
indices,3
morning,3
specific,3
uk,3
comparable,3
north,3
final,2
fleming,2
now,2
rate,2
trams,2
car,2
generous,2
extend,2
signpost,2
considerably,2
introduction,2
differentiating,2
replaced,2
middleand,2
entries,2
formed,2
library,2
specialist,2
circulars,2
olney,2
rt,2
respectability,2
dressing,2
reasonably,2
theatre,2
fixed,2
before,2
closely,2
materials,2
women,2
test,2
round,2
either,2
briggs,2
certainly,2
ii,2
economica,2
spencer,2
prestigious,2
experiments,2
privately,2
copy,2
advantage,2
borders,2
grosskopft,2
thanks,2
cowling,2
political,2
normal,2
advantages,2
reading,2
legend,2
ltd,2
intermedia,2
sought,2
expenses,2
firm,2
march,2
design,2
account,2
porter,2
opened,2
marked,2
seiden,2
adopting,2
move,2
consumers,2
purchases,2
say,2
quantity,2
along,2
economies,2
human,2
accessible,2
brands,2
development,2
accounted,2
due,2
interior,2
positively,2
regarded,2
conducted,2
mild,2
z,2
kind,2
estimates,2
kittner,2
fees,2
memorandum,2
disproportionately,2
machines,2
modernity,2
houses,2
suitable,2
cohen,2
drawn,2
blue,2
clientele,2
shall,2
garside,2
turton,2
poor,2
woolworth,2
carpets,2
identification,2
influenced,2
kwoka,2
cinema,2
capture,2
hs,2
importance,2
fittings,2
dwarfed,2
coverage,2
employees,2
consuming,2
echoed,2
consistency,2
directory,2
distributive,2
marks,2
university,2
established,2
clearly,2
director,2
days,2
accrued,2
argued,2
fare,2
followed,2
bourne,2
greuger,2
required,2
kamerschen,2
pencil,2
friends,2
hours,2
opening,2
advance,2
fitted,2
lead,2
objectives,2
centrally,2
multiples,2
approximation,2
trembley,2
late,2
equally,2
furthermore,2
appears,2
meet,2
applied,2
scale,2
absolute,2
instrumental,2
wide,2
information,2
keeping,2
fraser,2
slightly,2
ot,2
seminal,2
electrical,2
cubbin,2
shocking,2
literature,2
hoardings,2
issues,2
partly,2
palmers,2
repairs,2
week,2
cornerstone,2
social,2
optimal,2
successful,2
below,2
panel,2
poster,2
atmosphere,2
event,2
small,2
snelgrove,2
presence,2
workforce,2
condemned,2
paid,2
value,2
finds,2
reducing,2
geographical,2
multiplying,2
anita,2
sons,2
chains,2
absence,2
various,2
architecture,2
impacts,2
populations,2
glasgow,2
expansion,2
classic,2
exception,2
etc,2
still,2
slower,2
make,2
expanded,2
surviving,2
mailing,2
buses,2
mcnair,2
about,2
contributing,2
museum,2
marginal,2
corroborated,2
albert,2
differentiate,2
thesis,2
brice,2
stocking,2
appear,2
lee,2
stated,2
again,2
marchand,2
smith,2
lacked,2
fact,2
turner,2
blocks,2
dividends,2
debates,2
contemporary,2
variation,2
throughput,2
zero,2
discussed,2
roof,2
present,2
performances,2
kaiser,2
jeremiah,2
sell,2
classr,2
free,2
presentation,2
another,2
grouping,2
status,2
classes,2
extended,2
vast,2
averaged,2
invested,2
examples,2
formal,2
endogeneity,2
minds,2
moss,2
conditions,2
harvard,2
submitted,2
resulting,2
questions,2
exhibited,2
engaged,2
trust,2
jimmy,2
authors,2
reputation,2
dominated,2
co,2
individual,2
like,2
function,2
features,2
played,2
obtained,2
households,2
exchange,2
hh,2
pages,2
behind,2
promote,2
efficiency,2
respectively,2
topics,2
excluded,2
trades,2
insignificant,2
conveyed,2
regressions,2
examines,2
leeds,2
factors,2
bellamy,2
tests,2
durables,2
moves,2
involving,2
science,2
lines,2
substitution,2
bulletin,2
off,2
effectively,2
maximizing,2
provider,2
liu,2
examine,2
fall,2
united,2
measured,2
months,2
bingham,2
quantitative,2
wages,2
drapery,2
assistant,2
victoria,2
growing,2
dispersed,2
series,2
tí,2
agents,2
equipment,2
column,2
know,2
dimension,2
ran,2
control,2
suggestions,2
innovations,2
incorporating,2
confidential,2
expense,2
outlay,2
universal,2
milk,2
audience,2
examining,2
elsewhere,2
pictures,2
iv,2
better,2
according,2
unlikely,2
economy,2
unique,2
worthwhile,2
flashy,2
fc,2
dream,2
birthday,2
oo,2
suggests,2
emphasis,2
ill,2
little,2
introduced,2
beer,2
conventional,2
target,2
divided,2
pound,2
memories,2
breakthrough,2
maintained,2
varied,2
eric,2
question,2
impresario,2
economie,2
survival,2
regiont,2
copies,2
manufacturers,2
campaign,2
offered,2
themselves,2
prospects,2
create,2
early,2
develop,2
recent,2
doing,2
close,2
depreciation,2
ira,1
wanamaker,1
difficult,1
housekeeping,1
go,1
proliferation,1
tcn,1
appropriation,1
names,1
plummers,1
jender,1
convergence,1
appealed,1
concerned,1
indicated,1
adver,1
sgl,1
effected,1
groups,1
corporate,1
suggested,1
represent,1
affected,1
coll,1
profitability,1
college,1
westmead,1
telegraph,1
alone,1
postal,1
poorer,1
evans,1
distributed,1
passing,1
minutes,1
scottish,1
told,1
reflection,1
discover,1
typists,1
screening,1
instructions,1
ooonvoovocnc,1
birmingham,1
designed,1
cars,1
ma,1
informative,1
services,1
managing,1
rewards,1
bias,1
specified,1
oocn,1
flooring,1
cnnm,1
geometric,1
pedestrian,1
recreation,1
royal,1
necessarily,1
orientated,1
presents,1
stefan,1
rf,1
occurred,1
diving,1
equations,1
suffered,1
garsington,1
nineteenth,1
something,1
attractiveness,1
eye,1
chief,1
negative,1
cutting,1
experience,1
indexes,1
fräsers,1
std,1
file,1
said,1
reputational,1
anything,1
fraction,1
explaining,1
sources,1
hence,1
embraced,1
swedish,1
rivals,1
creation,1
fia,1
viewed,1
experimented,1
deterministic,1
flouted,1
motivations,1
feeling,1
motor,1
might,1
hire,1
tiingham,1
shopkeeping,1
sunday,1
straightforwardly,1
hotels,1
favouring,1
nature,1
slashing,1
heated,1
best,1
shaped,1
attractive,1
route,1
cinemas,1
wooden,1
leading,1
suggesting,1
ifih,1
wn,1
thank,1
potentially,1
liverpool,1
follows,1
whitewash,1
hundred,1
reveal,1
onto,1
composition,1
macromarketing,1
court,1
room,1
locality,1
econometrica,1
styles,1
packages,1
help,1
achieved,1
damage,1
dev,1
salary,1
harmondsworth,1
cwoolworth,1
written,1
date,1
stand,1
blackwell,1
regression,1
tap,1
gifts,1
corroborate,1
publicize,1
headings,1
wage,1
intelligence,1
dd,1
visibility,1
benson,1
context,1
univ,1
akin,1
magazines,1
side,1
proceed,1
occasional,1
wasted,1
advocates,1
exogenous,1
sel,1
adverting,1
merchandising,1
error,1
crocodile,1
aad,1
formulation,1
overstatement,1
outlet,1
draws,1
advice,1
knowingly,1
draw,1
hall,1
generates,1
shoppers,1
custom,1
occupying,1
prior,1
determined,1
adso,1
fl,1
decile,1
schedule,1
sale,1
londonwide,1
óóóóóóóóóóóóóó,1
october,1
ooavocnhmoominooocn,1
vital,1
crossed,1
taking,1
combination,1
point,1
far,1
cautious,1
sent,1
selecting,1
cited,1
bottom,1
ßi,1
yf,1
holder,1
inexpensive,1
minimum,1
letter,1
measurement,1
overestimates,1
furnishings,1
analyse,1
collection,1
misrepresentation,1
diversity,1
stevenage,1
li,1
goal,1
million,1
includes,1
differential,1
radios,1
relationships,1
erection,1
nn,1
estimating,1
campbell,1
hollingworth,1
immediate,1
proportionate,1
crcyçy,1
informational,1
countless,1
sunderland,1
tables,1
econometric,1
executives,1
silent,1
interest,1
viewing,1
routed,1
raises,1
chargeable,1
plastering,1
lancashire,1
measurable,1
advertiser,1
exercise,1
bus,1
attracting,1
guided,1
thing,1
cjx,1
sustain,1
walkers,1
iy,1
wander,1
adopted,1
urbanization,1
tabulation,1
david,1
amount,1
contrary,1
bullock,1
speed,1
response,1
nodal,1
six,1
young,1
gauge,1
allowing,1
simultaneity,1
minus,1
witnessed,1
ideal,1
misleading,1
undertaking,1
men,1
dear,1
appreciated,1
rhinoioi,1
professionally,1
pronounced,1
parlance,1
formats,1
purchasing,1
employ,1
ooinhn,1
mechanisms,1
surprisingly,1
colour,1
styling,1
york,1
town,1
whose,1
hinterland,1
reflects,1
predicted,1
exact,1
managers,1
deflated,1
links,1
bring,1
traffic,1
ways,1
elasticity,1
illustration,1
nominal,1
administrative,1
en,1
unit,1
fisher,1
fair,1
revenues,1
indirect,1
notion,1
process,1
opportunity,1
dealt,1
weighting,1
turn,1
idiosyncratic,1
leave,1
contributions,1
vans,1
bluebird,1
lacking,1
ovolti,1
illustrations,1
white,1
summarized,1
ticketed,1
miscellaneous,1
periodic,1
hf,1
support,1
sâ,1
modified,1
fending,1
maintaining,1
wanted,1
biased,1
opulent,1
maiden,1
behaviours,1
presumably,1
jacks,1
proposed,1
excitement,1
quantify,1
instrument,1
weak,1
observations,1
upper,1
solid,1
benefited,1
presumed,1
age,1
accurate,1
commonly,1
flats,1
leverhulme,1
max,1
resource,1
additional,1
origins,1
follow,1
rental,1
logtransformed,1
undertaken,1
definite,1
imprinting,1
arguable,1
ukwide,1
care,1
helped,1
shops,1
films,1
preference,1
providing,1
decades,1
footnote,1
cut,1
stands,1
hohqoojo,1
trying,1
undertook,1
thrust,1
requena,1
whereas,1
expressed,1
uses,1
skewed,1
result,1
my,1
remembered,1
herald,1
walk,1
location,1
arrival,1
bearing,1
elasticities,1
appearance,1
extravagant,1
transient,1
entered,1
access,1
amsterdam,1
detracted,1
ambiguity,1
out,1
conventionally,1
her,1
î,1
û,1
descriptives,1
agendas,1
stations,1
pqthcr,1
noting,1
scepticism,1
representative,1
none,1
term,1
academic,1
midlands,1
criticizing,1
equal,1
durham,1
focused,1
organizationally,1
clock,1
districts,1
skilled,1
posters,1
signposting,1
secure,1
population,1
inches,1
cannot,1
disapproved,1
excellent,1
otherwise,1
appraising,1
amenable,1
record,1
counties,1
vehicles,1
networks,1
opposition,1
method,1
oh,1
scene,1
receive,1
because,1
discounting,1
presented,1
almost,1
sem,1
basis,1
distinguish,1
accounting,1
publish,1
received,1
marginar,1
appeals,1
parades,1
rail,1
writers,1
leisure,1
nine,1
protected,1
richmond,1
significantly,1
brought,1
fared,1
purpose,1
competing,1
training,1
knowledge,1
inoirnociwh,1
related,1
noc,1
gender,1
feared,1
description,1
got,1
overview,1
ddoio,1
editorial,1
collective,1
contains,1
calculating,1
fruitful,1
wimbledon,1
mise,1
bankrupt,1
centile,1
doors,1
spends,1
justification,1
away,1
legislation,1
rise,1
floors,1
folklore,1
favourite,1
showing,1
project,1
manage,1
ticketwriting,1
madam,1
assembly,1
radically,1
trends,1
discreet,1
attributed,1
heuristic,1
attraction,1
yeart,1
errors,1
prichett,1
change,1
widen,1
computer,1
outfits,1
ratios,1
correct,1
working,1
constituent,1
lowest,1
uncorrelated,1
fostered,1
ifsl,1
xo,1
tested,1
impacting,1
next,1
television,1
clothes,1
stimulated,1
exclude,1
bank,1
separately,1
replace,1
depression,1
county,1
cît,1
stockturn,1
notorious,1
peak,1
schedules,1
essentially,1
codes,1
visitor,1
methodological,1
fashions,1
always,1
managed,1
majority,1
ensemble,1
eit,1
weightings,1
stunt,1
pritchett,1
notice,1
plausible,1
unduly,1
reflected,1
stationery,1
escalator,1
moved,1
rest,1
sophistication,1
undesirable,1
capturing,1
avoid,1
croydon,1
survived,1
inspection,1
advertised,1
battle,1
critical,1
imprint,1
furnished,1
likely,1
exterior,1
excludes,1
reduced,1
offsetting,1
deflators,1
matter,1
perspectives,1
bringing,1
dohood,1
carried,1
letters,1
atypical,1
spectacle,1
wrote,1
concentrated,1
dived,1
overall,1
essex,1
return,1
wait,1
ooooaa,1
nearly,1
disaggregated,1
telephones,1
interactions,1
commenced,1
comments,1
translates,1
railway,1
premises,1
outer,1
movement,1
relaxed,1
mintfiqhqhqhhqmqq,1
surveyed,1
hold,1
decisions,1
structural,1
inconvenient,1
guide,1
once,1
calculate,1
cheap,1
simultaneous,1
pivotal,1
criticism,1
reference,1
hugh,1
examined,1
suited,1
makes,1
rules,1
instantly,1
mission,1
array,1
borrowed,1
caveat,1
restricted,1
elephants,1
index,1
contractors,1
seems,1
lavishly,1
participants,1
fringes,1
mildly,1
margini,1
nat,1
orders,1
infrastructure,1
complete,1
abandon,1
lord,1
shifting,1
rising,1
silk,1
already,1
qualified,1
unusually,1
increasingly,1
friend,1
brochure,1
catering,1
delivery,1
representation,1
readerships,1
persuade,1
seasonally,1
optimize,1
members,1
starting,1
dri,1
successfully,1
statements,1
comfortable,1
paul,1
untrue,1
decoration,1
frederick,1
mediation,1
oncsooo,1
fell,1
academy,1
restaurants,1
put,1
addition,1
vooominoo,1
fenwick,1
water,1
eart,1
skills,1
idea,1
aldershot,1
undersold,1
ooddòòodddoodd,1
relates,1
pressure,1
bilk,1
ugolini,1
appeared,1
match,1
tî,1
arterial,1
children,1
really,1
beg,1
diverse,1
momoot,1
distinguishable,1
focuses,1
arthur,1
doubt,1
golden,1
prosaic,1
fashion,1
audiences,1
removal,1
channel,1
intimidated,1
patterns,1
deflationary,1
readers,1
took,1
adjacent,1
likelihood,1
covered,1
rapid,1
branding,1
equate,1
refrain,1
systematic,1
empire,1
aiming,1
establish,1
centenary,1
relevant,1
celebrated,1
photographers,1
agencies,1
perhaps,1
woman,1
preparation,1
eds,1
upswing,1
greeting,1
floorspace,1
distance,1
proportionately,1
streets,1
complicated,1
going,1
compete,1
omnibuses,1
plane,1
lags,1
demonstrated,1
pooling,1
incident,1
empirically,1
greatest,1
discussion,1
campaigns,1
father,1
treated,1
celebrations,1
reversed,1
northampton,1
upon,1
sober,1
clairmont,1
unsigned,1
sufficiently,1
expand,1
encouraged,1
outranking,1
entirely,1
hosted,1
largely,1
virtually,1
aesthetics,1
render,1
yorkshire,1
evolution,1
recovery,1
real,1
nothing,1
lucrative,1
involves,1
platform,1
rejected,1
significance,1
bleriot,1
quotation,1
voooooocsoinonoin,1
oc,1
comprehensive,1
se,1
showmanship,1
tl,1
feature,1
interpret,1
workers,1
allowed,1
evening,1
characterized,1
collaboration,1
revised,1
geographically,1
unpub,1
summer,1
bargains,1
collected,1
panels,1
maximize,1
qqin,1
managerial,1
ongoing,1
postage,1
lighting,1
faith,1
annually,1
satisfy,1
qualities,1
elaborate,1
chapel,1
feet,1
newcastle,1
references,1
hastings,1
exactly,1
leaflets,1
judgement,1
consumption,1
implication,1
sept,1
dominance,1
attracted,1
figures,1
mckenna,1
cooperatives,1
payment,1
guaranteed,1
competed,1
concluded,1
widely,1
division,1
seaside,1
hollingsworth,1
summary,1
staffed,1
ranging,1
specifications,1
broadbents,1
arriving,1
relying,1
posted,1
me,1
dual,1
responsiveness,1
goeree,1
publishing,1
note,1
frugal,1
atwanamaker,1
bureau,1
raise,1
continued,1
segments,1
usually,1
guests,1
buyers,1
practitioners,1
foster,1
hill,1
stocks,1
ßizt,1
select,1
intimidating,1
favour,1
primarily,1
entertained,1
advert,1
sensitive,1
accepted,1
seen,1
began,1
shopper,1
credited,1
visual,1
overlap,1
contribution,1
transformation,1
rapidly,1
volumes,1
displaying,1
embarrassment,1
construction,1
dailies,1
amalgamation,1
bypass,1
centres,1
coordination,1
centuries,1
instances,1
get,1
insurance,1
generator,1
unusual,1
shift,1
pressures,1
regularly,1
door,1
quantitatively,1
paasche,1
proof,1
publicly,1
obstructing,1
magnitude,1
rarely,1
risers,1
multigraphs,1
mainly,1
gauging,1
underpinned,1
woolworths,1
copywriters,1
conjunction,1
incorporated,1
biography,1
must,1
respective,1
wear,1
reinforced,1
known,1
implied,1
dubious,1
kay,1
recognizable,1
physical,1
lino,1
insignificantly,1
doi,1
sceptical,1
ishino,1
appealing,1
offers,1
belief,1
differentiated,1
divert,1
crowds,1
berkeley,1
booklets,1
cultures,1
sisa,1
connection,1
board,1
onwinoomo,1
capital,1
suburbanlondon,1
pragmatic,1
ph,1
printed,1
northumberland,1
visiting,1
loyalty,1
post,1
oooro,1
denotes,1
ff,1
enemy,1
rely,1
trice,1
breakdown,1
resale,1
appreciative,1
associated,1
visits,1
cities,1
identities,1
producers,1
enlarged,1
edwardian,1
just,1
merely,1
ideally,1
believed,1
tnnin,1
littlewoods,1
lì,1
regulations,1
consultants,1
virtual,1
purchase,1
automatically,1
completion,1
mainline,1
binns,1
investigation,1
calif,1
comes,1
min,1
feb,1
maintain,1
agricultural,1
attitudes,1
forcefully,1
mere,1
theory,1
announcements,1
nonpress,1
heavier,1
extent,1
transaction,1
fully,1
getting,1
thames,1
prestige,1
version,1
thousands,1
pursued,1
require,1
divide,1
huge,1
minimal,1
incomes,1
suspicion,1
ascertain,1
categories,1
periodicals,1
credit,1
marking,1
researchers,1
bought,1
intention,1
policeman,1
son,1
preserved,1
modernizing,1
transport,1
recipients,1
simply,1
content,1
became,1
november,1
regulate,1
capitalize,1
transition,1
bv,1
perspective,1
regulated,1
fostering,1
measure,1
commodities,1
circus,1
splashed,1
families,1
qualitative,1
world,1
mention,1
isolated,1
ho,1
think,1
fashionrelated,1
sparked,1
prepared,1
come,1
hubs,1
linoleum,1
spirited,1
drafts,1
locations,1
lists,1
fi,1
southport,1
generate,1
initiated,1
functions,1
kingdom,1
twentieth,1
distinctive,1
precise,1
laspeyres,1
finally,1
sprung,1
aware,1
publicized,1
schwarzkopf,1
although,1
usa,1
generic,1
need,1
constructed,1
gross,1
states,1
glass,1
regular,1
ï,1
variously,1
you,1
prosperity,1
defined,1
forming,1
discounted,1
philosophy,1
wholesalers,1
extremely,1
francisco,1
enclosed,1
needs,1
observation,1
potential,1
valuable,1
spilled,1
koringa,1
rejection,1
accountant,1
yesterday,1
estimator,1
reached,1
dickens,1
obligation,1
debate,1
component,1
pool,1
fears,1
views,1
bargain,1
element,1
onoirioor,1
interaction,1
traditional,1
benchmark,1
focus,1
immediately,1
taylor,1
famous,1
arnold,1
pulling,1
asked,1
malcolm,1
built,1
pitches,1
jumbo,1
hypothesis,1
