WORDCOUNTS,WEIGHT
the,467
and,369
in,271
of,268
to,155
a,117
de,95
were,81
on,81
tour,80
dutch,76
as,74
grand,71
was,67
for,64
their,51
calvinist,49
from,47
van,43
religious,43
catholic,43
travellers,42
by,40
with,35
sacred,33
or,33
these,33
that,31
la,31
this,30
is,29
protestant,28
huguenot,27
be,26
history,25
s,25
not,25
france,25
such,24
other,24
travel,24
are,22
spicer,22
leiden,22
it,21
an,21
popish,21
amsterdam,21
hague,21
early,21
pilgrimages,20
but,20
most,19
confessional,19
instance,19
religion,18
his,18
italy,18
red,17
also,17
calvinists,17
door,17
places,17
en,16
however,16
frijhoff,16
at,15
social,15
reformed,15
paris,15
books,15
new,15
which,15
republic,15
rochelle,14
against,14
had,14
more,14
one,13
may,13
geneva,13
german,13
catholics,13
found,13
its,13
literature,13
century,12
journal,12
can,12
re,12
into,11
court,11
holy,11
encounters,11
research,11
anonymous,11
only,11
did,11
d,11
relics,11
between,11
e,10
they,10
english,10
own,10
hallowed,10
french,10
see,10
seventeenth,10
saint,10
despite,10
spring,10
modern,9
holland,9
saints,9
could,9
destinations,9
et,9
seemed,9
thijs,9
towns,9
identity,9
tolerance,9
beveren,9
when,9
verhoeven,9
journael,9
map,9
des,9
popular,9
through,9
have,9
reformation,9
dogmatic,8
all,8
england,8
est,8
thus,8
interest,8
sermons,8
even,8
anders,8
space,8
n,8
m,8
example,8
rituals,8
dieu,8
boundaries,8
und,8
stannek,8
he,8
fa,8
about,8
communities,8
culture,8
calvin,8
reizen,8
defining,8
huygens,8
archives,7
church,7
there,7
political,7
andrew,7
visited,7
lyon,7
how,7
qui,7
verhael,7
charenton,7
le,7
academies,7
rome,7
pilgrimage,7
groote,7
lieux,7
catholicism,7
pollmann,7
ordinary,7
who,7
hamilton,7
au,7
jan,7
public,7
notulen,7
way,6
introduction,6
library,6
royal,6
reijse,6
practices,6
cast,6
europe,6
den,6
luria,6
far,6
loudun,6
lademacher,6
moretus,6
university,6
processions,6
reijs,6
future,6
ten,6
broad,6
people,6
long,6
small,6
hoorn,6
reijsjournaal,6
reisboeck,6
sanctity,6
yet,6
sanctuaries,6
ndische,6
l,6
temples,6
time,6
upon,6
questions,6
een,6
sande,6
faith,6
been,6
burghers,6
over,6
propaganda,6
katholiken,6
mimoire,6
c,6
elites,6
guidebooks,6
pieter,5
songs,5
duke,5
humanist,5
journaal,5
loire,5
tours,5
case,5
travelogues,5
conflict,5
locations,5
te,5
vranckryck,5
travels,5
pages,5
sanctuary,5
lutheran,5
misson,5
les,5
frequently,5
sights,5
out,5
further,5
war,5
niederl,5
sites,5
joannes,5
during,5
johan,5
ist,5
het,5
emiliane,5
using,5
society,5
cle,5
likely,5
gijsbert,5
si,5
visitors,5
reysboek,5
turner,5
john,5
local,5
nonetheless,5
made,5
pamphlets,5
described,5
like,5
so,5
educational,5
spain,5
stoutigheden,5
bound,5
monks,5
dimensions,5
life,5
laecke,5
der,5
descriptions,5
paepsche,5
ruysch,5
while,5
ministers,5
remarks,5
zoete,5
national,5
although,5
among,5
famous,5
meaning,4
motivations,4
iii,4
has,4
some,4
zijn,4
willem,4
g,4
regarded,4
mixed,4
coexistence,4
witt,4
moires,4
served,4
drawn,4
than,4
no,4
anglican,4
na,4
read,4
moreover,4
park,4
bordeaux,4
god,4
piety,4
mocking,4
equally,4
teding,4
cultural,4
lutton,4
well,4
london,4
training,4
balthasar,4
used,4
music,4
personal,4
dramatic,4
pettegree,4
berkhout,4
soon,4
message,4
orange,4
seems,4
protestants,4
journey,4
toleranz,4
idea,4
churches,4
man,4
never,4
maag,4
italien,4
mentzer,4
durkheim,4
detailed,4
louis,4
prints,4
chatellerault,4
statues,4
relation,4
credo,4
haven,4
veneration,4
fairly,4
mijne,4
inspired,4
travelled,4
ing,4
citizens,4
eeuw,4
considered,4
trav,4
devout,4
symbolic,4
nimes,4
temple,4
roman,4
obviously,4
them,4
whether,4
terms,4
monastery,4
manuscripts,4
huguenots,4
thereby,4
conventional,4
voyage,4
cambridge,4
stoye,4
finally,4
lured,4
lutherans,4
konfessionalisierung,4
traditional,4
nantes,4
eire,4
final,3
does,3
ois,3
center,3
needed,3
westrienen,3
true,3
prince,3
easily,3
harsh,3
du,3
experience,3
being,3
said,3
ii,3
paravicini,3
switzerland,3
together,3
within,3
british,3
issue,3
con,3
reyze,3
key,3
king,3
disparities,3
ellers,3
central,3
language,3
silent,3
relations,3
common,3
turn,3
old,3
saumur,3
loreto,3
young,3
remarkably,3
behave,3
mistrust,3
vereenigde,3
proved,3
indulgences,3
observations,3
profile,3
opinion,3
came,3
brabantine,3
p,3
andere,3
lipsius,3
experts,3
embedded,3
explain,3
groenveld,3
theological,3
work,3
scope,3
part,3
description,3
place,3
historic,3
versus,3
emilian,3
splendour,3
antje,3
quite,3
dwell,3
brieven,3
generally,3
orthodox,3
commemorative,3
philips,3
preliminary,3
south,3
led,3
minor,3
ventured,3
gabriel,3
letters,3
revolt,3
grande,3
still,3
com,3
theologians,3
gilbert,3
once,3
restricted,3
antisacerdotalism,3
j,3
included,3
gy,3
antwerp,3
ed,3
cadillac,3
discussions,3
lampoons,3
inquisition,3
fact,3
longer,3
avec,3
aldershot,3
choice,3
ceremonies,3
contemporary,3
where,3
secular,3
judith,3
chartreuse,3
deep,3
above,3
gro,3
style,3
degree,3
remained,3
civilized,3
another,3
discussion,3
communitas,3
noblemen,3
medium,3
sawyer,3
francis,3
low,3
similar,3
op,3
freiheit,3
high,3
worldly,3
conversation,3
black,3
men,3
geographies,3
wise,3
james,3
visit,3
european,3
im,3
un,3
seen,3
countries,3
often,3
face,3
worlds,3
environment,3
rarely,3
mijn,3
incongruities,3
set,3
veel,3
novel,3
relaci,3
seem,3
visiting,3
ambivalent,3
begrip,3
montauban,3
trangers,3
carefully,3
circles,3
calvinism,3
vaderland,3
thousands,3
babel,3
coll,3
paintings,3
occasionally,3
given,3
became,3
subject,3
writing,3
false,3
years,3
course,3
sional,3
seeks,3
remains,3
word,3
much,3
hypothesis,3
truce,2
ments,2
nederhnders,2
o,2
sainte,2
razed,2
sins,2
medieval,2
gerrit,2
worship,2
f,2
unbiased,2
germany,2
likewise,2
large,2
republiek,2
reis,2
tend,2
om,2
formed,2
motivation,2
ways,2
beelaerts,2
strictly,2
completely,2
ly,2
guise,2
martyrs,2
journeys,2
test,2
first,2
stressed,2
languedoc,2
sources,2
haring,2
interests,2
provincien,2
hatred,2
delineation,2
leading,2
babylon,2
narrative,2
aesthetic,2
aldermen,2
i,2
toleration,2
faithful,2
written,2
robert,2
tudiants,2
somewhat,2
confes,2
hilversum,2
occasional,2
gazed,2
owing,2
constraint,2
u,2
draw,2
italian,2
obvious,2
leniency,2
engefond,2
harbour,2
taking,2
point,2
scorn,2
ritual,2
cartoons,2
espions,2
flocked,2
visits,2
learned,2
throughout,2
drees,2
due,2
objective,2
humanists,2
mild,2
colvius,2
montpellier,2
towner,2
introductive,2
contrary,2
honour,2
overwhelmed,2
died,2
critique,2
tones,2
deeply,2
traditions,2
loos,2
invites,2
ton,2
claude,2
walls,2
disparaged,2
bruin,2
rather,2
middling,2
negatively,2
developed,2
ducation,2
museum,2
basic,2
thou,2
landscape,2
martyrdom,2
remote,2
cort,2
ex,2
sarah,2
keen,2
b,2
certain,2
study,2
lay,2
ion,2
savoy,2
guides,2
raymond,2
provinces,2
sorts,2
river,2
established,2
neutral,2
emergence,2
clearly,2
days,2
gradually,2
mary,2
age,2
milan,2
embossed,2
powerful,2
horsemanship,2
organisation,2
painted,2
penance,2
helped,2
important,2
tory,2
strengthen,2
whereas,2
behaviour,2
hilde,2
riformie,2
hss,2
vrankryke,2
called,2
lived,2
radical,2
parisian,2
inter,2
late,2
outbursts,2
nobles,2
cism,2
xiv,2
toulouse,2
zeventiende,2
engehnd,2
herwaarden,2
near,2
abroad,2
received,2
sculpture,2
antwerpen,2
concept,2
coenraad,2
casa,2
apparent,2
realm,2
issues,2
lower,2
passageway,2
angers,2
belligerent,2
illustrious,2
regional,2
sions,2
status,2
sterdam,2
weeks,2
healing,2
t,2
officials,2
protestantism,2
sense,2
lee,2
seized,2
dictionary,2
saintly,2
mentaire,2
vroegmoderne,2
strongholds,2
mi,2
manchester,2
vormen,2
bleiswijck,2
universities,2
sancta,2
value,2
genoa,2
am,2
sporadic,2
pope,2
appeal,2
embarked,2
battle,2
uncommon,2
pilgrims,2
various,2
economic,2
bourgeois,2
blessed,2
limited,2
fencing,2
nearly,2
nederfonden,2
rites,2
positive,2
xvie,2
convictions,2
artes,2
victor,2
violence,2
towards,2
rules,2
devotion,2
edict,2
under,2
challenged,2
foremost,2
dan,2
arles,2
lengthy,2
two,2
denis,2
insolence,2
voyages,2
published,2
gain,2
heritage,2
avignon,2
others,2
enmities,2
similarly,2
many,2
erasmus,2
endless,2
ish,2
daily,2
commemorate,2
tithes,2
precisians,2
wegh,2
golden,2
minister,2
hand,2
learn,2
everyday,2
nieuwe,2
bra,2
empire,2
saintes,2
renaissance,2
less,2
answer,2
anglicans,2
psalms,2
chapelle,2
galliae,2
streets,2
free,2
original,2
private,2
superstition,2
xiii,2
haag,2
reisbrieven,2
leeuw,2
invested,2
examples,2
failings,2
virgin,2
eighteenth,2
sober,2
vroedschap,2
varennes,2
elite,2
findings,2
vrankryk,2
horst,2
itinerary,2
causes,2
sequence,2
holhnd,2
services,2
theories,2
theoretical,2
netherlands,2
attraction,2
trade,2
biblical,2
diplomacy,2
materialities,2
blois,2
soldiers,2
counter,2
llr,2
would,2
fellow,2
rael,2
obtained,2
standard,2
obese,2
aan,2
exchange,2
article,2
lov,2
nie,2
scapegoats,2
tradesmen,2
concepts,2
refrained,2
travelers,2
erpenius,2
saw,2
famine,2
oxford,2
twelve,2
topography,2
wisdom,2
foreign,2
apodemici,2
lines,2
itinerarium,2
dans,2
fall,2
kings,2
commemoration,2
sympathy,2
itself,2
arts,2
aerssen,2
stephen,2
persecution,2
sacrosanct,2
material,2
following,2
senior,2
conclusion,2
biography,2
monasteries,2
officially,2
fran,2
landen,2
ignore,2
papal,2
utrecht,2
houandse,2
geography,2
maximilian,2
intellectual,2
provence,2
tomb,2
interested,2
best,2
print,2
wealthy,2
munities,2
rivalry,2
dat,2
ambassadeurs,2
sought,2
distinctive,2
past,2
disputes,2
better,2
respect,2
turned,2
william,2
ruins,2
acad,2
commemorating,2
list,2
orleans,2
her,2
journalen,2
simon,2
marriages,2
upper,2
urban,2
boston,2
city,2
embassy,2
die,2
manifold,2
phenomenon,2
world,2
goals,2
our,2
luxurious,2
burnet,2
question,2
shown,2
touch,2
friendships,2
vranckrijck,2
institutional,2
pilgrim,2
tot,2
detached,2
land,2
opinions,2
justus,2
regular,2
defined,2
dissent,2
pioneering,2
attending,2
meijer,2
element,2
little,2
benchmark,2
showed,2
close,2
major,2
bigotry,2
ende,2
shrine,1
dogmas,1
difficult,1
surroundings,1
maarten,1
derhnden,1
now,1
karin,1
oberman,1
ner,1
tains,1
currently,1
appropriation,1
done,1
parole,1
naar,1
ville,1
cadil,1
katholieke,1
behavioural,1
ethics,1
catharsis,1
cliches,1
if,1
later,1
antecedents,1
religions,1
rev,1
tion,1
nijmegen,1
groups,1
afgoderije,1
liii,1
emigranten,1
ocation,1
deepen,1
judging,1
cussion,1
extreme,1
ant,1
shrines,1
reichsstadte,1
fingers,1
belgique,1
grabriel,1
instinctively,1
overstated,1
gehouden,1
calm,1
resided,1
preach,1
mountains,1
revulsion,1
tisacerdotalism,1
manuscript,1
per,1
ventional,1
conversion,1
group,1
told,1
wilton,1
complex,1
translation,1
integrity,1
shoulders,1
chard,1
rethink,1
diplomatic,1
mobility,1
advised,1
bouquet,1
radford,1
ma,1
scrutinize,1
phase,1
schools,1
peaks,1
braziers,1
di,1
delft,1
universiteit,1
jonathan,1
studies,1
gewissen,1
ndige,1
unsuccessful,1
jest,1
january,1
former,1
loca,1
decade,1
tied,1
dawning,1
hours,1
policy,1
geestig,1
turretin,1
fixed,1
equated,1
unicorn,1
dimen,1
necessarily,1
painters,1
pose,1
bazaar,1
ubl,1
invent,1
kopie,1
em,1
holding,1
aversion,1
paper,1
legion,1
biographical,1
traveller,1
cabinetmakers,1
something,1
ou,1
acade,1
variety,1
lib,1
centrepieces,1
annals,1
hospi,1
lias,1
themes,1
prosperous,1
par,1
anti,1
hagiolatry,1
member,1
piles,1
haynes,1
reisjournaal,1
either,1
burner,1
wrong,1
lexington,1
ltk,1
amidst,1
every,1
handwriting,1
defects,1
spond,1
venice,1
blended,1
aktueller,1
slaughtered,1
reijsjour,1
entranced,1
gilles,1
sad,1
cursion,1
setting,1
clergymen,1
attempts,1
mysterious,1
addisson,1
uals,1
sub,1
assist,1
sunday,1
absurd,1
elements,1
tolerated,1
fensive,1
freely,1
tourist,1
official,1
redford,1
ivory,1
penitential,1
inburgering,1
paysages,1
definition,1
frangois,1
peregri,1
eration,1
company,1
vermin,1
reach,1
shaped,1
book,1
prejudices,1
ligious,1
lynn,1
besch,1
route,1
derstanding,1
refugee,1
warm,1
etre,1
fluenced,1
naissance,1
differences,1
location,1
istv,1
garded,1
blind,1
derts,1
rich,1
tourism,1
terdam,1
able,1
government,1
roused,1
proves,1
thanks,1
unearth,1
verzuildi,1
guesthouse,1
dom,1
torched,1
heiko,1
survey,1
take,1
comparative,1
copije,1
prevail,1
officina,1
devas,1
help,1
tary,1
voyagers,1
pijnacker,1
naal,1
tangible,1
lv,1
skull,1
date,1
priest,1
practising,1
zu,1
fait,1
universal,1
henry,1
dramatizing,1
leert,1
normal,1
que,1
straddle,1
gems,1
reading,1
reau,1
committed,1
hostile,1
zwolle,1
daniel,1
duytsland,1
adhered,1
context,1
schilling,1
vortheil,1
contents,1
ad,1
posts,1
werpen,1
stew,1
narrativism,1
fortune,1
baulk,1
overruled,1
episodes,1
dancing,1
advocates,1
dishon,1
devoutness,1
sel,1
arnoldus,1
resilience,1
mensions,1
uytbreyde,1
primary,1
bones,1
iv,1
retailers,1
boozing,1
right,1
march,1
design,1
utilitas,1
account,1
epistola,1
welcome,1
marc,1
recommended,1
determined,1
politics,1
fessional,1
nachgeahmet,1
tached,1
borderland,1
burning,1
dissidents,1
moderation,1
herded,1
renowned,1
terminus,1
holiness,1
cliche,1
haije,1
crowned,1
vistas,1
nederlanders,1
clear,1
emile,1
remission,1
variations,1
say,1
supervision,1
dykema,1
outlawed,1
grandiose,1
sent,1
uncertain,1
leeren,1
kan,1
monu,1
marienheyligen,1
sprovence,1
heretical,1
promises,1
styne,1
rees,1
facto,1
brawls,1
salter,1
purest,1
sketched,1
monastic,1
tijd,1
tional,1
collection,1
sign,1
split,1
abode,1
reliquaries,1
karen,1
succeed,1
exist,1
segregation,1
kampen,1
human,1
goal,1
semble,1
alhier,1
exercises,1
chapters,1
andy,1
crossing,1
thusiastic,1
berk,1
timbre,1
ronald,1
hazards,1
vener,1
eat,1
merchants,1
christiane,1
pretendue,1
richelieu,1
jective,1
verenigde,1
quality,1
pursue,1
whore,1
run,1
calculated,1
since,1
backgrounds,1
dramatically,1
author,1
scarce,1
vants,1
divine,1
lectures,1
brother,1
ern,1
specialised,1
inspiring,1
southern,1
carlos,1
dame,1
adams,1
sample,1
treasure,1
privilege,1
berke,1
vanished,1
gebrek,1
forced,1
dis,1
roche,1
estimates,1
foible,1
terial,1
resting,1
inserted,1
elias,1
venerable,1
nor,1
ation,1
cruets,1
rejecting,1
evident,1
keep,1
burgers,1
unspeakable,1
ver,1
concerning,1
profound,1
back,1
body,1
ha,1
bantine,1
achttiende,1
materi,1
six,1
extraordinary,1
minus,1
clare,1
compared,1
left,1
libraries,1
jeremy,1
humeurs,1
cardinal,1
bloisyti,1
catacombs,1
tral,1
explore,1
lting,1
spectre,1
obscure,1
rgen,1
echelons,1
fai,1
look,1
vice,1
torrents,1
gaze,1
period,1
tout,1
details,1
fool,1
apparently,1
sacredness,1
conceive,1
sister,1
guard,1
ven,1
bewoonders,1
handful,1
bashing,1
join,1
appara,1
according,1
guido,1
wit,1
haarlem,1
next,1
kept,1
jean,1
aristocracy,1
higher,1
aim,1
incentives,1
henri,1
loyal,1
site,1
ingamells,1
poor,1
cluding,1
fort,1
elers,1
town,1
pageants,1
ka,1
voc,1
educatiereis,1
without,1
reijsen,1
meyjes,1
memorative,1
masterpieces,1
catholi,1
travelwhich,1
alastair,1
crooked,1
absent,1
vertus,1
mesmerized,1
debated,1
interpretation,1
picardy,1
illustration,1
pire,1
westphalia,1
ratives,1
culminating,1
preparing,1
zyne,1
hugh,1
johannes,1
preachers,1
itin,1
cult,1
resonated,1
parents,1
pamfletliteratuur,1
opportunity,1
dealt,1
embarking,1
nelis,1
neighborhood,1
heard,1
associate,1
mile,1
eight,1
landscapes,1
glican,1
importance,1
se,1
kunst,1
brand,1
uytwerf,1
derived,1
soy,1
benjamin,1
ix,1
contributions,1
adversaries,1
hooffden,1
distant,1
white,1
impressed,1
mercenar,1
feel,1
estiatdstinations,1
tence,1
rit,1
allegorical,1
scattered,1
polite,1
grarnd,1
precious,1
jargon,1
enlisted,1
greengrass,1
plantiniana,1
neighbourhoods,1
antagonism,1
send,1
travelogue,1
battlefields,1
citeaux,1
hairs,1
romantic,1
circulated,1
theorists,1
appar,1
ensure,1
biased,1
tensions,1
forget,1
hinter,1
needless,1
splendours,1
syst,1
image,1
itinerant,1
elisabeth,1
ning,1
aura,1
considerations,1
abuses,1
contaminated,1
director,1
lenience,1
platitudes,1
bruce,1
house,1
venetian,1
kul,1
antipapismus,1
w,1
prevent,1
influ,1
four,1
vinci,1
combe,1
cadilac,1
ors,1
passed,1
ceux,1
armies,1
bishops,1
notions,1
peninsula,1
instruit,1
stark,1
monde,1
chartreus,1
mies,1
terminology,1
reinvigorate,1
willing,1
ongezouten,1
theory,1
care,1
geschiedenis,1
architect,1
tyranny,1
ulation,1
spanje,1
protestanten,1
view,1
lor,1
bekker,1
constructive,1
reflections,1
abusive,1
lunatic,1
evoluties,1
expressed,1
hooft,1
seaport,1
accom,1
result,1
theft,1
my,1
based,1
lead,1
sortes,1
aftermath,1
testimonies,1
chris,1
bearing,1
societies,1
cornelis,1
histories,1
rl,1
rule,1
basin,1
cole,1
plot,1
republik,1
search,1
une,1
typical,1
herents,1
cornells,1
thors,1
seven,1
faded,1
abbey,1
events,1
compassion,1
nicolaas,1
transfor,1
duijtslant,1
pil,1
bizarre,1
strident,1
nail,1
interpretations,1
hides,1
ceived,1
polemics,1
academic,1
pure,1
unite,1
vile,1
buried,1
groeveld,1
purity,1
kevelaer,1
vergleich,1
hall,1
nealogy,1
sharpened,1
appears,1
viewed,1
recently,1
moderne,1
versed,1
sig,1
promise,1
pastors,1
gilded,1
furtum,1
grounds,1
franco,1
verse,1
abrasive,1
netherlandish,1
spiritual,1
perform,1
required,1
repute,1
tination,1
imperial,1
sinnen,1
warned,1
scribe,1
memory,1
silver,1
mations,1
because,1
undermined,1
reich,1
mobilit,1
gebouwen,1
civiliti,1
directly,1
dewijle,1
thaies,1
brosse,1
spheres,1
genre,1
stances,1
closed,1
journals,1
arrives,1
inns,1
formerly,1
cisive,1
lure,1
dog,1
evolutions,1
hoere,1
cus,1
blue,1
fructu,1
leisure,1
locus,1
r,1
donatello,1
competing,1
civil,1
norm,1
hypocritical,1
tombs,1
nation,1
deursen,1
thoughts,1
brutal,1
englishmen,1
barren,1
october,1
mentaires,1
gave,1
describe,1
smear,1
solemnity,1
corrupt,1
horn,1
culated,1
policies,1
icon,1
temps,1
destination,1
sity,1
colossal,1
grens,1
poll,1
doors,1
bishop,1
wierden,1
weekly,1
dijon,1
depraved,1
employed,1
craftsmen,1
detoured,1
func,1
nederlanden,1
sacredworlds,1
ter,1
chitect,1
memoirs,1
definitions,1
strongest,1
nibbled,1
washing,1
tioned,1
regions,1
massacre,1
lusignac,1
carthusian,1
switzeuland,1
discovering,1
good,1
change,1
tone,1
strove,1
least,1
painting,1
rosaries,1
qua,1
caused,1
describing,1
bignamini,1
working,1
manners,1
exchanging,1
convents,1
manoeuvred,1
coup,1
tom,1
heinz,1
things,1
marsel,1
trading,1
devotional,1
monteverdi,1
order,1
contrast,1
moder,1
overshadowed,1
castle,1
several,1
objec,1
spanish,1
sneers,1
soil,1
consensus,1
mains,1
driving,1
concerns,1
feelings,1
geloofs,1
mal,1
leather,1
betamelijk,1
levied,1
acts,1
presence,1
ts,1
startling,1
suddenly,1
popery,1
usual,1
pieced,1
telling,1
ostfildern,1
ent,1
treasures,1
christians,1
fully,1
managed,1
quarrelsome,1
sculptors,1
os,1
natio,1
derlande,1
proper,1
paid,1
depuis,1
inquiries,1
mischief,1
notes,1
kees,1
conceptions,1
posing,1
newly,1
monarchy,1
voiage,1
vieille,1
basilicas,1
humanistic,1
actions,1
enseiter,1
sepulchres,1
ecumenically,1
hottande,1
impor,1
hinlopen,1
pamphleteers,1
avoid,1
quitation,1
erence,1
natios,1
prescribed,1
bantse,1
believers,1
libels,1
will,1
sidney,1
delve,1
therefore,1
belgium,1
tinized,1
rainer,1
xixe,1
seperated,1
role,1
ical,1
grims,1
religi,1
mont,1
istic,1
pictures,1
reduced,1
frankrijk,1
ingredients,1
prac,1
architecture,1
noble,1
fell,1
guarded,1
certified,1
accueil,1
lesser,1
atypical,1
trepidation,1
identified,1
tedious,1
misty,1
short,1
wrote,1
indeed,1
revival,1
europareisen,1
launch,1
excessive,1
bulwarks,1
tried,1
walle,1
exception,1
vili,1
mystique,1
april,1
prove,1
converted,1
erty,1
mie,1
hamil,1
glaciers,1
lough,1
diver,1
ice,1
experiences,1
gezeten,1
targeted,1
wijser,1
rejects,1
procession,1
hold,1
slandered,1
treks,1
bread,1
spectacular,1
vie,1
orten,1
intranubium,1
guide,1
angleterre,1
heretics,1
imprim,1
sincere,1
wahrnehmen,1
oblivious,1
criticism,1
lowering,1
ourable,1
toutes,1
reference,1
intuitively,1
crumpled,1
opportunities,1
intense,1
salvation,1
cor,1
paradox,1
thought,1
evil,1
foulest,1
clergy,1
vivre,1
vervolgh,1
ne,1
vloten,1
ele,1
neither,1
vorsten,1
ancient,1
slandering,1
ascetic,1
rode,1
initiation,1
ams,1
planned,1
esprits,1
adjusted,1
same,1
dropped,1
lacked,1
huysvesten,1
al,1
samenleving,1
ligion,1
mould,1
broached,1
largest,1
narratives,1
peculiari,1
bureau,1
functions,1
reports,1
alten,1
hibbert,1
rise,1
strata,1
kulturtransfer,1
avoided,1
pompous,1
lucien,1
useful,1
community,1
chloe,1
party,1
diary,1
beyer,1
starting,1
successfully,1
wij,1
tombstone,1
deterred,1
law,1
challenge,1
business,1
rejuvenate,1
mark,1
again,1
fin,1
sumptuous,1
renewed,1
landse,1
printing,1
mindedness,1
bruijn,1
experienced,1
gentle,1
ban,1
efforts,1
persuasion,1
decor,1
shows,1
nigde,1
regents,1
ley,1
contrasts,1
overwhelming,1
nederlandsche,1
warneke,1
leslie,1
giro,1
striking,1
stanza,1
call,1
switzerknd,1
trips,1
appeared,1
documents,1
nne,1
gek,1
claudio,1
itali,1
reize,1
hear,1
fremden,1
deutschknd,1
aug,1
bedevaart,1
delighted,1
savoir,1
dull,1
charges,1
seldom,1
chapels,1
anne,1
fear,1
rhetoric,1
besieged,1
devil,1
genealogy,1
conclusions,1
took,1
italia,1
do,1
present,1
performances,1
ground,1
tales,1
penin,1
heerlijkheydt,1
imperatives,1
centre,1
reiservaringen,1
dith,1
evaded,1
amnesia,1
vander,1
florence,1
switserhnd,1
wolfed,1
coexisted,1
council,1
dev,1
ished,1
jahrhundert,1
exotic,1
practice,1
cir,1
intemational,1
perhaps,1
einer,1
erantly,1
alities,1
assault,1
sec,1
abstaining,1
compelled,1
jving,1
threats,1
bloodshed,1
number,1
going,1
idolatry,1
capture,1
wabbrabantsche,1
omstreeks,1
submit,1
minded,1
discourses,1
venerated,1
tween,1
archi,1
ucational,1
zoude,1
classes,1
ence,1
vast,1
art,1
father,1
disease,1
registers,1
danc,1
craig,1
europ,1
victoria,1
range,1
concluding,1
meals,1
writings,1
toerisme,1
woe,1
including,1
scorned,1
judge,1
scriptions,1
safer,1
versa,1
jahrhun,1
looking,1
exploits,1
omit,1
tijde,1
imbued,1
murdered,1
flinders,1
significant,1
prak,1
defences,1
looting,1
prevailed,1
virtually,1
pref,1
diaries,1
peregrinandi,1
antoni,1
ideas,1
pleasure,1
evolution,1
rare,1
canon,1
eenzame,1
fulfil,1
voice,1
gedaan,1
full,1
deployed,1
joachim,1
vices,1
traders,1
obliterate,1
ob,1
considerable,1
lucrative,1
rubs,1
students,1
disre,1
vigilant,1
ties,1
passim,1
sev,1
significance,1
massacres,1
koningen,1
moncontour,1
nursing,1
percy,1
loosely,1
ju,1
formulaic,1
modem,1
tury,1
obtaining,1
points,1
veree,1
peter,1
interpret,1
held,1
ciety,1
chambery,1
haunted,1
david,1
compatriots,1
homes,1
allowed,1
bringen,1
dwarfed,1
slander,1
pos,1
bookshops,1
skulls,1
parallels,1
housed,1
played,1
ge,1
linking,1
lie,1
jk,1
filled,1
ment,1
after,1
interacted,1
niederhnden,1
thomas,1
christopher,1
spent,1
inscribed,1
steward,1
mayors,1
abbeville,1
beyond,1
hoofts,1
xviie,1
guilt,1
systems,1
trying,1
imaginative,1
k,1
eyes,1
textbooks,1
chapel,1
eloquent,1
viewpoint,1
integrated,1
tiers,1
lei,1
shallow,1
sentiments,1
enjoyed,1
keith,1
leaflets,1
dunthorne,1
priests,1
berating,1
artisans,1
wem,1
probably,1
normatrice,1
crucifixion,1
assisi,1
emper,1
ate,1
nails,1
renate,1
northern,1
bestowed,1
urbs,1
forefront,1
treme,1
invented,1
attend,1
stagi,1
haltunnen,1
siet,1
pollman,1
controversial,1
andreas,1
conventicle,1
pupils,1
liefhebbers,1
leagues,1
opulence,1
offspring,1
justice,1
cloisters,1
nster,1
decision,1
hunt,1
consumed,1
separate,1
wingens,1
neu,1
boards,1
admire,1
suggest,1
kaplan,1
dimin,1
flesh,1
tol,1
me,1
mesme,1
peers,1
belonged,1
note,1
beeldvorming,1
tentative,1
education,1
fade,1
tecture,1
redefine,1
provide,1
recall,1
mother,1
stad,1
usually,1
five,1
coffeehouses,1
dach,1
narbonne,1
impressive,1
practical,1
rough,1
itineraries,1
sas,1
exacerbated,1
saegen,1
months,1
narrativity,1
fewer,1
ard,1
hoort,1
eliten,1
minorities,1
noch,1
independence,1
becomes,1
inducement,1
means,1
pute,1
lost,1
army,1
camino,1
directions,1
tive,1
strongly,1
landmarks,1
embodying,1
shone,1
try,1
resonates,1
remembrance,1
emies,1
antiquity,1
vaults,1
why,1
cbg,1
encapsulated,1
jesuits,1
profess,1
suburb,1
united,1
nieder,1
antiquities,1
dead,1
clovis,1
drafted,1
centres,1
types,1
fields,1
suisse,1
edifying,1
hoorje,1
protestantischen,1
confrontation,1
erudite,1
sound,1
parapets,1
virgil,1
militia,1
immensely,1
communal,1
fixating,1
res,1
lander,1
sara,1
matters,1
bombardments,1
detail,1
hearts,1
vealing,1
rite,1
pellier,1
peaceable,1
baseline,1
valuing,1
contained,1
exercised,1
heavy,1
eventually,1
sula,1
nar,1
crossovers,1
religieuse,1
brabanders,1
dordrecht,1
crystal,1
christiaan,1
moire,1
mann,1
scrawled,1
redemption,1
changing,1
antipode,1
seech,1
finest,1
must,1
ladders,1
inven,1
anticlericalism,1
simply,1
struck,1
cruelties,1
constituted,1
scarcely,1
scru,1
ontdekking,1
devotees,1
fanati,1
dissident,1
honoured,1
scrutiny,1
monuments,1
precise,1
quarrels,1
derhndsche,1
claims,1
impolite,1
wel,1
tenor,1
text,1
adeliges,1
apprend,1
meat,1
stronghold,1
doctrinaire,1
belydenisse,1
offers,1
here,1
affirmative,1
confessionnelle,1
vijftiende,1
leeuwaerden,1
troy,1
hospitality,1
grenzen,1
tice,1
dimension,1
ran,1
hyperbolic,1
principle,1
each,1
illuminate,1
anthropology,1
vrank,1
palladian,1
shares,1
cultures,1
exaggerations,1
different,1
spec,1
eraries,1
december,1
heit,1
sell,1
nae,1
michelangelo,1
desolate,1
down,1
bu,1
invoke,1
dur,1
argue,1
casuistry,1
tity,1
luther,1
harline,1
bequaam,1
comp,1
civic,1
reminiscent,1
regard,1
domestic,1
intermingled,1
itive,1
foundation,1
spaniards,1
brothers,1
grey,1
ar,1
plague,1
speculation,1
monstrances,1
enemy,1
rely,1
very,1
ilaria,1
raphael,1
ir,1
uphold,1
liberal,1
arsenal,1
endnotes,1
rever,1
cities,1
historical,1
identities,1
differed,1
tracts,1
thigh,1
prayers,1
regiments,1
mass,1
passage,1
works,1
assessment,1
hael,1
archival,1
borromeus,1
merely,1
ius,1
justin,1
salomon,1
wyder,1
confess,1
monk,1
switzer,1
scholarly,1
defending,1
emilliane,1
etched,1
peregrinations,1
strained,1
unique,1
widely,1
worthwhile,1
form,1
coaches,1
stance,1
rebellion,1
dislike,1
particular,1
violent,1
textbook,1
signature,1
volmaaktheyt,1
dubost,1
ies,1
monster,1
pritendue,1
encased,1
rapina,1
recent,1
redeemer,1
villes,1
minster,1
tant,1
almost,1
too,1
adeliger,1
ideal,1
herd,1
herinneringen,1
remarque,1
europa,1
espagne,1
tekeningen,1
size,1
bacher,1
fourteen,1
anxieties,1
felt,1
triumphal,1
presume,1
league,1
dissenters,1
bought,1
reisen,1
level,1
valley,1
imparted,1
son,1
preserved,1
folios,1
wedge,1
mod,1
putes,1
peace,1
met,1
conclude,1
brabant,1
befriended,1
carolus,1
confirm,1
press,1
aanw,1
publishers,1
gerard,1
focal,1
intended,1
transition,1
bonnell,1
confronted,1
measure,1
tur,1
aantekeningen,1
geographic,1
thys,1
arguments,1
merchant,1
conversely,1
frei,1
lactrocinium,1
sizeable,1
allows,1
isolated,1
gebragt,1
aims,1
tall,1
da,1
behaved,1
ilish,1
modation,1
ein,1
werden,1
cruelty,1
pieties,1
extensive,1
llvand,1
xxe,1
models,1
titian,1
roots,1
scolding,1
youth,1
commercial,1
intravivium,1
sneeg,1
ignored,1
carous,1
bartholomew,1
marijke,1
rediscovery,1
sincerus,1
envisaged,1
travelling,1
numerous,1
samuel,1
pons,1
iden,1
isles,1
piracy,1
wyser,1
joined,1
instead,1
sues,1
marvelled,1
bernard,1
evidence,1
chabaud,1
oit,1
zo,1
bishoprics,1
scandalize,1
eigenh,1
you,1
hause,1
discounted,1
moun,1
daughter,1
reinen,1
battleground,1
mainz,1
ranged,1
eliade,1
needs,1
tations,1
siege,1
offered,1
charles,1
territories,1
holier,1
buchelius,1
intensely,1
geneve,1
maczak,1
assumed,1
materialism,1
ser,1
ische,1
sen,1
harassed,1
intolerant,1
poque,1
lac,1
bitually,1
uden,1
ral,1
tals,1
historischer,1
reached,1
wicked,1
th,1
formes,1
debate,1
mensen,1
create,1
uyt,1
ding,1
east,1
evidently,1
biois,1
diabolical,1
matic,1
adopted,1
vaderknd,1
reconciling,1
bulwark,1
focus,1
images,1
dese,1
rifrs,1
strong,1
seek,1
lu,1
grace,1
anton,1
observed,1
cross,1
huisgenoten,1
should,1
middle,1
building,1
broader,1
col,1
doing,1
conversations,1
itly,1
ca,1
built,1
tus,1
hans,1
customs,1
occur,1
mili,1
harangues,1
increase,1
gold,1
werner,1
