WORDCOUNTS,WEIGHT
the,360
of,253
and,204
to,183
a,175
in,153
i,83
students,76
that,70
on,63
with,60
or,57
for,53
my,52
as,48
have,46
class,43
not,38
s,37
clickers,37
one,36
more,36
lecture,35
is,34
their,32
who,32
at,28
response,28
classroom,28
this,27
questions,27
an,25
but,25
are,25
by,24
they,22
large,22
about,22
systems,22
from,22
it,20
student,20
most,20
crs,20
those,19
education,19
use,18
system,18
teaching,18
u,17
how,17
learning,17
two,17
be,17
higher,16
can,16
may,15
time,15
audience,15
clicker,15
course,15
all,14
survey,14
has,14
such,14
was,14
do,14
which,14
then,14
over,14
what,14
them,14
attendance,14
history,13
before,13
other,13
new,13
see,13
were,13
question,13
first,12
than,12
cost,12
had,12
when,12
technology,12
answer,12
discussion,12
responses,12
science,12
thinking,12
active,11
university,11
though,11
because,11
own,11
same,11
me,11
each,11
did,11
best,11
both,11
evidence,11
problem,10
cases,10
no,10
part,10
will,10
instructors,10
so,10
information,10
using,10
studies,9
skills,9
some,9
gregory,9
hall,9
well,9
discussions,9
kosc,9
ed,9
these,9
ask,9
number,9
instructor,9
publishing,9
even,8
after,8
stephanie,8
answers,8
david,8
out,8
find,8
participation,8
up,8
critical,8
cole,8
banks,8
classes,8
three,8
k,8
any,8
different,8
while,8
offer,8
if,7
point,7
software,7
process,7
benefits,7
found,7
typical,7
technical,7
london,7
used,7
pa,7
hershey,7
another,7
individual,7
political,7
been,7
often,7
whether,7
minutes,6
second,6
test,6
experience,6
qep,6
historians,6
lectures,6
journal,6
rather,6
study,6
literature,6
concept,6
prs,6
several,6
majority,6
only,6
many,6
material,6
significant,6
physics,6
instruction,6
percent,6
attention,6
note,6
usually,6
five,6
few,6
better,6
need,6
final,5
essays,5
there,5
interwrite,5
less,5
case,5
voting,5
right,5
development,5
six,5
without,5
peer,5
four,5
users,5
teacher,5
explain,5
issues,5
et,5
approach,5
small,5
research,5
make,5
al,5
fact,5
end,5
understanding,5
made,5
like,5
would,5
elnstruction,5
tests,5
applications,5
support,5
force,5
try,5
fall,5
series,5
report,5
particular,5
increased,5
between,5
much,5
difficult,4
now,4
common,4
group,4
semester,4
into,4
long,4
every,4
j,4
nature,4
help,4
respond,4
somewhat,4
depends,4
takes,4
conceptual,4
still,4
engage,4
thus,4
interest,4
application,4
ability,4
helpful,4
slavery,4
bit,4
just,4
during,4
w,4
important,4
result,4
could,4
recently,4
improve,4
gained,4
missed,4
r,4
related,4
good,4
computer,4
correct,4
classrooms,4
likely,4
above,4
initially,4
innovation,4
us,4
histogram,4
project,4
including,4
option,4
essay,4
educational,4
especially,4
problems,4
potential,4
control,4
assessment,4
purchase,4
rebellion,4
come,4
years,4
themselves,4
should,4
evaluations,3
groups,3
reay,3
college,3
american,3
easily,3
devices,3
powerpoint,3
pose,3
rf,3
source,3
efficacy,3
wrong,3
supplied,3
achievement,3
reading,3
within,3
issue,3
whiskey,3
gaps,3
april,3
throughout,3
review,3
explained,3
difficulties,3
quality,3
points,3
since,3
exam,3
participating,3
polling,3
bacon,3
keep,3
allowing,3
left,3
apparently,3
influence,3
performance,3
sort,3
similar,3
importance,3
means,3
understand,3
adopt,3
mazur,3
impact,3
too,3
wireless,3
m,3
strategy,3
http,3
deal,3
notes,3
however,3
required,3
comprehension,3
method,3
data,3
work,3
example,3
its,3
year,3
creating,3
suggest,3
event,3
texas,3
appropriate,3
content,3
abrahamson,3
he,3
short,3
wrote,3
brief,3
positive,3
engineering,3
yet,3
interpretation,3
keeping,3
generally,3
experimental,3
resented,3
chose,3
toward,3
others,3
registration,3
intervene,3
strategies,3
perhaps,3
credit,3
adopters,3
louis,3
engaged,3
clear,3
him,3
why,3
effect,3
we,3
relative,3
engagement,3
decision,3
where,3
continued,3
provide,3
program,3
introductory,3
puritans,3
pads,3
paying,3
regularly,3
claims,3
sections,3
must,3
offers,3
receivers,3
interactive,3
beginning,3
cal,3
william,3
explanations,3
getting,3
require,3
size,3
through,3
introduced,3
courses,3
allows,3
think,3
electronic,3
web,3
explanation,3
d,3
charles,3
debate,3
views,3
immediately,3
dif,3
asked,3
major,3
discern,3
hardware,2
concerned,2
meaning,2
tion,2
commitment,2
alone,2
outweighed,2
complex,2
fluorescent,2
identify,2
tend,2
picked,2
schools,2
compilation,2
douglass,2
position,2
ambitious,2
edu,2
permitted,2
t,2
explaining,2
www,2
sources,2
creation,2
posed,2
give,2
taken,2
address,2
possibilities,2
principles,2
display,2
puritan,2
differences,2
pressed,2
able,2
procedure,2
room,2
real,2
graham,2
improved,2
mind,2
robert,2
roster,2
advantages,2
context,2
depending,2
primary,2
discuss,2
solving,2
prior,2
professor,2
taking,2
reflecting,2
sent,2
authors,2
learned,2
facts,2
alternately,2
author,2
daiyo,2
adopted,2
clicking,2
jeremy,2
type,2
topic,2
february,2
expected,2
iterations,2
maintaining,2
back,2
machines,2
radio,2
neville,2
occasion,2
rates,2
formats,2
scholarly,2
ers,2
interesting,2
recognized,2
whose,2
his,2
laptops,2
developed,2
levels,2
presentation,2
opportunity,2
determining,2
hearing,2
federalist,2
factors,2
front,2
moreover,2
nicol,2
improvement,2
projector,2
section,2
commonly,2
obstacles,2
webking,2
networked,2
instance,2
helped,2
view,2
opening,2
uses,2
based,2
identifying,2
effort,2
changed,2
handheld,2
philosophical,2
representative,2
further,2
halls,2
companies,2
otherwise,2
taught,2
expensive,2
sites,2
products,2
directly,2
none,2
having,2
click,2
lapses,2
kits,2
strengths,2
received,2
responding,2
start,2
dissatisfaction,2
voted,2
unless,2
brought,2
knowledge,2
ten,2
overview,2
statistics,2
personal,2
social,2
caused,2
presented,2
hard,2
below,2
next,2
order,2
involved,2
eleven,2
cool,2
roschelle,2
altogether,2
vein,2
universities,2
am,2
aggregate,2
embarked,2
highlights,2
incorrect,2
limited,2
lecturing,2
female,2
southern,2
direction,2
draper,2
once,2
refusing,2
represents,2
makes,2
marshall,2
statistically,2
words,2
insights,2
noted,2
penuel,2
recall,2
challenge,2
again,2
spend,2
analytical,2
lack,2
arlington,2
resolved,2
man,2
possession,2
learn,2
increases,2
model,2
enrolled,2
frequency,2
hamilton,2
distance,2
style,2
going,2
free,2
day,2
demonstrated,2
vast,2
completed,2
upon,2
represented,2
slaves,2
looking,2
engaging,2
evolution,2
nothing,2
discovered,2
change,2
high,2
accurate,2
losing,2
thomas,2
ap,2
lighting,2
decide,2
outcomes,2
methods,2
kit,2
assessing,2
teach,2
slightly,2
differ,2
fee,2
boyle,2
brown,2
attended,2
things,2
liberalism,2
assigned,2
relationship,2
sometimes,2
figure,2
referred,2
success,2
began,2
recognize,2
indicate,2
life,2
implementing,2
ing,2
get,2
rigorous,2
einstruction,2
school,2
environment,2
fifteen,2
liked,2
comes,2
seating,2
here,2
set,2
know,2
worth,2
believe,2
semesters,2
eventually,2
very,2
ir,2
historical,2
scores,2
transmitter,2
answered,2
add,2
transmitters,2
ascertain,2
categories,2
uta,2
occasionally,2
multiple,2
despite,2
improves,2
role,2
com,2
goals,2
complaints,2
our,2
prepared,2
tell,2
models,2
average,2
write,2
washington,2
include,2
valenzuela,2
effects,2
philosophy,2
intermittently,2
jefferson,2
clarify,2
judson,2
c,2
early,2
element,2
interaction,2
develop,2
among,2
learners,2
broader,2
ars,1
does,1
infrared,1
transfixed,1
mostly,1
repoll,1
limits,1
stu,1
prefer,1
testify,1
way,1
conflicting,1
stuart,1
elite,1
rect,1
later,1
slaveowners,1
names,1
danny,1
correlations,1
begging,1
ready,1
bonwell,1
market,1
approxi,1
resulted,1
arrive,1
math,1
e,1
repolled,1
purposive,1
starts,1
per,1
passing,1
expect,1
angelo,1
center,1
needed,1
replaced,1
achievements,1
mounted,1
systematically,1
pacing,1
designed,1
advised,1
crafting,1
merged,1
remind,1
ways,1
rewards,1
icebreakers,1
pressing,1
jonathan,1
masquerade,1
former,1
paternalistic,1
prentice,1
fixed,1
committee,1
presents,1
unlike,1
tunity,1
assisted,1
antebellum,1
condemnation,1
downsides,1
something,1
instructing,1
track,1
chief,1
contexts,1
turning,1
mote,1
mitigated,1
jammed,1
being,1
anything,1
lame,1
overcoming,1
evaluator,1
philosophers,1
clip,1
barriers,1
li,1
certainly,1
complained,1
handle,1
implications,1
colors,1
chaos,1
rush,1
rapid,1
attempt,1
rare,1
permanently,1
emerged,1
seems,1
paternalism,1
technophobes,1
definition,1
company,1
reach,1
shaped,1
alexander,1
knowing,1
scientists,1
assembling,1
twenty,1
assess,1
broken,1
suggesting,1
absenteeism,1
witnessing,1
coming,1
narrative,1
government,1
tells,1
closer,1
hundred,1
reveal,1
confus,1
delaying,1
anyway,1
embrace,1
devised,1
intuitive,1
written,1
improving,1
stand,1
sociation,1
profitable,1
committed,1
bundling,1
stopped,1
designs,1
pad,1
partners,1
side,1
computing,1
occasional,1
advocates,1
task,1
advice,1
jam,1
expenses,1
march,1
design,1
capable,1
recommended,1
possible,1
happier,1
marked,1
compelling,1
bloom,1
terproductive,1
illustrate,1
mutual,1
october,1
cutts,1
move,1
internet,1
diss,1
apart,1
disparities,1
pairs,1
dynamic,1
apply,1
along,1
commendable,1
enter,1
protocol,1
dufresne,1
chronic,1
formula,1
assistedlearning,1
indisputably,1
collection,1
pdas,1
behavior,1
exist,1
labor,1
relies,1
human,1
attentiveness,1
conflict,1
central,1
exercises,1
coun,1
fun,1
surely,1
histori,1
beating,1
component,1
spectrum,1
pilot,1
medical,1
due,1
leaned,1
machine,1
instruct,1
forgotten,1
relatively,1
receiver,1
mixed,1
predicament,1
inspiring,1
price,1
heightened,1
ray,1
employing,1
pay,1
preparation,1
given,1
exercise,1
priority,1
acquiring,1
old,1
mistakes,1
enhancement,1
interactivity,1
frustrating,1
fees,1
depend,1
concerning,1
convincing,1
approval,1
differently,1
body,1
practitioner,1
completing,1
byrd,1
quit,1
compared,1
ally,1
effective,1
provost,1
highlighting,1
anonymity,1
dictions,1
coincidentally,1
communication,1
vice,1
drank,1
uncomfortable,1
leadership,1
participators,1
fellow,1
commanding,1
instaneously,1
handful,1
ment,1
walls,1
purchasing,1
networking,1
burnstein,1
site,1
opposed,1
via,1
simultaneously,1
enhancing,1
brute,1
simplified,1
intersperse,1
aimed,1
nathaniel,1
stop,1
remain,1
illustration,1
adapt,1
en,1
transmitted,1
broaden,1
environments,1
dealt,1
risk,1
proportion,1
associate,1
connected,1
humanity,1
b,1
talk,1
leave,1
desperately,1
assuming,1
retail,1
awareness,1
requiring,1
troublesome,1
dueling,1
suffice,1
hook,1
theorists,1
river,1
familiar,1
seasoned,1
linked,1
proved,1
remotes,1
air,1
numbers,1
dominate,1
invariably,1
plications,1
characterizations,1
frequently,1
upper,1
incorrectly,1
solid,1
enjoyed,1
age,1
meant,1
misconceptions,1
superior,1
origins,1
beyond,1
evaluation,1
facebook,1
requires,1
votes,1
asks,1
solve,1
roving,1
setup,1
provisional,1
preference,1
suggested,1
duel,1
appear,1
methodology,1
state,1
analyti,1
banning,1
whereas,1
greater,1
ranges,1
talking,1
expressed,1
endow,1
remembered,1
came,1
lead,1
aftermath,1
simplifying,1
included,1
allow,1
carrying,1
public,1
solved,1
kate,1
tallied,1
shared,1
saddle,1
insulted,1
strident,1
ogy,1
pitfalls,1
experts,1
term,1
frustrations,1
installation,1
benefit,1
late,1
embedded,1
accurately,1
handbook,1
equally,1
standardized,1
informed,1
let,1
performed,1
skilled,1
tools,1
cpsrf,1
cannot,1
priorities,1
promise,1
purchased,1
appearing,1
discus,1
record,1
procedures,1
your,1
contrivances,1
benign,1
briefly,1
aspects,1
tack,1
competent,1
future,1
accounting,1
mandatory,1
gains,1
probably,1
implement,1
listening,1
ficulties,1
relevancy,1
distinguish,1
claim,1
appreciable,1
oftentimes,1
competing,1
clearer,1
nation,1
minority,1
got,1
whole,1
roll,1
felix,1
fit,1
older,1
referencing,1
policies,1
cane,1
suppliers,1
records,1
mentioning,1
participated,1
date,1
thereafter,1
overhead,1
poll,1
away,1
reflect,1
corollary,1
employed,1
residents,1
participate,1
showing,1
seminars,1
status,1
empowering,1
challenging,1
transmit,1
presentations,1
following,1
count,1
refuse,1
absorb,1
outline,1
evaluated,1
least,1
pedagogy,1
mately,1
working,1
straight,1
tested,1
indicators,1
atmosphere,1
structor,1
specifically,1
intervals,1
sufficient,1
shapes,1
workshops,1
june,1
concerns,1
mediocre,1
starting,1
breaking,1
observe,1
reams,1
oppor,1
always,1
progress,1
specializations,1
disagreement,1
user,1
activelearning,1
wife,1
world,1
games,1
button,1
value,1
weigh,1
lederman,1
inform,1
mannerly,1
interruptions,1
logic,1
planter,1
seemed,1
avoid,1
collegial,1
texting,1
periods,1
appeal,1
south,1
uncommon,1
happen,1
pedagogi,1
tasks,1
film,1
san,1
stronger,1
matter,1
variety,1
absence,1
practices,1
various,1
bringing,1
requirement,1
fies,1
interference,1
wary,1
permits,1
service,1
overall,1
surprisingly,1
techniques,1
motivated,1
wait,1
sawada,1
passively,1
theorizing,1
forward,1
quintin,1
etc,1
prove,1
convince,1
leon,1
intervention,1
calculated,1
indicates,1
comments,1
experiences,1
movement,1
distribute,1
contra,1
hold,1
classmate,1
standardize,1
evidentiary,1
percentage,1
confronting,1
listed,1
collect,1
competition,1
relied,1
colleges,1
push,1
opportunities,1
suited,1
lecturers,1
cor,1
marginal,1
instantly,1
sex,1
predecessor,1
sociocultural,1
under,1
dewey,1
combat,1
times,1
index,1
management,1
compiled,1
jossey,1
brands,1
devising,1
damron,1
assistance,1
wired,1
shifting,1
obligated,1
robust,1
costs,1
organize,1
enjoyable,1
department,1
reports,1
speaking,1
published,1
fill,1
volume,1
perspec,1
alteration,1
persuade,1
resolution,1
also,1
comfortable,1
law,1
structures,1
frederick,1
pick,1
outlooks,1
added,1
financial,1
intending,1
anecdotal,1
lacked,1
seconds,1
stories,1
areas,1
plan,1
unidentified,1
smart,1
taxonomy,1
reform,1
choice,1
teachers,1
inevitably,1
reasoning,1
larger,1
john,1
personality,1
debates,1
contemporary,1
variation,1
ficulty,1
appropriately,1
rollment,1
imperfect,1
discussed,1
serious,1
external,1
honor,1
homework,1
never,1
patterns,1
enough,1
hand,1
bulky,1
present,1
discussing,1
continuing,1
developing,1
refrain,1
applica,1
hated,1
heavily,1
until,1
forth,1
firstor,1
stumble,1
bass,1
sell,1
categorically,1
conceivably,1
encountered,1
redesigned,1
remove,1
imagine,1
instructional,1
technologies,1
collecting,1
investment,1
session,1
lost,1
examples,1
chiefly,1
range,1
values,1
helps,1
patricia,1
ridiculous,1
bao,1
depended,1
compet,1
herself,1
wore,1
sponsored,1
concern,1
omit,1
findings,1
host,1
batch,1
waste,1
expression,1
confidence,1
unfortunately,1
disclosing,1
prospective,1
encounters,1
causes,1
contends,1
vocabulary,1
ideas,1
resulting,1
pleasure,1
numbered,1
implementation,1
maintains,1
exams,1
chosen,1
previous,1
thrash,1
improvements,1
complicated,1
theories,1
nevertheless,1
involves,1
emboldened,1
installed,1
emphasizing,1
consult,1
agreement,1
reputation,1
victory,1
dents,1
interpret,1
august,1
disappoint,1
feasible,1
icebreaker,1
allowed,1
characterized,1
skip,1
period,1
general,1
cache,1
risen,1
collected,1
maximize,1
kept,1
earlier,1
attributing,1
expressing,1
adequately,1
latter,1
exchange,1
spent,1
quick,1
sentiment,1
internal,1
satisfy,1
promote,1
textbooks,1
become,1
interpretations,1
overcome,1
lei,1
pro,1
anderson,1
chatter,1
abreast,1
james,1
capabilities,1
assistants,1
translate,1
divides,1
versus,1
occupied,1
institution,1
attend,1
payment,1
governor,1
justice,1
reluctant,1
increasing,1
ferences,1
dealing,1
space,1
discipline,1
asking,1
accepting,1
suggestion,1
relying,1
seer,1
dreadful,1
equals,1
george,1
foreign,1
psychology,1
surfing,1
practical,1
testing,1
suggestive,1
begin,1
federalists,1
widespread,1
institutions,1
slow,1
dimensions,1
army,1
insist,1
transformed,1
tive,1
bears,1
worse,1
proposition,1
importantly,1
compiling,1
linking,1
displaying,1
satisfaction,1
responsible,1
analysis,1
existed,1
frontier,1
spark,1
supporting,1
fields,1
figured,1
problematic,1
eugene,1
occupies,1
legitimately,1
considered,1
matters,1
circumscribed,1
marshal,1
suggestions,1
cational,1
proceed,1
practice,1
growing,1
lessons,1
impulse,1
complexity,1
version,1
comparison,1
manual,1
ever,1
htm,1
forgetting,1
theme,1
physical,1
specific,1
disapproval,1
society,1
sciences,1
appealing,1
organizational,1
mirrors,1
bright,1
berkeley,1
ran,1
solves,1
pengfrei,1
rebates,1
shares,1
novel,1
inclined,1
confident,1
connection,1
interested,1
key,1
seem,1
distraction,1
down,1
organiza,1
ph,1
attending,1
assignments,1
last,1
dramatic,1
carmen,1
thoroughness,1
picks,1
loads,1
exhausting,1
reflected,1
associations,1
differed,1
chaotic,1
mott,1
advances,1
believed,1
outlook,1
virtual,1
reaffirmation,1
enjoyment,1
basics,1
carefully,1
conservatism,1
weighs,1
implicit,1
professors,1
making,1
want,1
independently,1
thirty,1
proven,1
attitudes,1
statement,1
theory,1
excitement,1
novelty,1
distribution,1
likes,1
almost,1
minimal,1
don,1
alcohol,1
virginia,1
suspicion,1
popular,1
nj,1
remember,1
level,1
met,1
little,1
daughters,1
quizzes,1
welcoming,1
strangers,1
confirm,1
absences,1
november,1
easy,1
publishers,1
buy,1
infamous,1
subject,1
transition,1
lies,1
step,1
went,1
sion,1
silva,1
screen,1
programs,1
clothing,1
equipped,1
challenges,1
maintained,1
faculty,1
varied,1
tions,1
eric,1
technol,1
ultimately,1
spring,1
instructive,1
synopsis,1
argument,1
score,1
disposal,1
advent,1
charts,1
finding,1
decrease,1
institutional,1
grant,1
charge,1
imperative,1
eison,1
mode,1
sat,1
slides,1
insight,1
joined,1
approximately,1
although,1
typically,1
opinions,1
clearest,1
cfm,1
cation,1
settling,1
upfront,1
colleagues,1
hedwig,1
attempted,1
classtalk,1
francisco,1
participa,1
speak,1
grader,1
anonymous,1
needs,1
inclination,1
modeling,1
deciding,1
valuable,1
compounded,1
ensuring,1
pathways,1
protested,1
methodologies,1
scholarship,1
communi,1
obligation,1
contrasting,1
pool,1
create,1
texts,1
substantial,1
rein,1
entire,1
surveys,1
traditional,1
insipid,1
minds,1
seek,1
technological,1
observed,1
histograms,1
cross,1
keypads,1
virtue,1
smarter,1
ca,1
signals,1
showed,1
proximately,1
costly,1
increase,1
grants,1
