WORDCOUNTS,WEIGHT
the,962
of,613
and,544
to,346
a,334
in,291
is,229
that,219
it,181
public,165
as,158
this,126
order,121
state,109
for,105
law,101
court,80
was,78
are,76
secularism,75
its,75
by,73
i,72
secular,72
not,71
power,69
be,69
religious,67
which,67
they,66
an,66
with,64
on,63
s,62
or,61
family,57
what,57
has,54
legal,54
religion,53
egypt,52
but,52
also,48
from,47
were,46
courts,44
personal,44
between,44
these,42
private,42
one,41
status,40
thus,39
how,39
question,39
have,39
islamic,38
hisba,38
politics,34
sovereignty,34
however,34
case,32
principle,31
at,30
states,30
only,29
them,29
because,28
within,27
so,27
through,27
modern,26
all,26
rights,26
concept,26
more,26
see,26
into,25
international,25
secrecy,25
social,25
we,25
indeterminacy,25
hearings,24
been,24
very,24
agrama,23
had,23
does,22
university,22
liberal,22
about,22
us,22
become,22
here,22
egyptian,22
should,22
such,21
their,21
my,21
society,21
sharta,21
sensibilities,21
even,20
his,20
marriage,20
would,20
can,20
decision,20
press,20
other,19
just,19
will,19
therefore,19
hussein,18
he,18
when,18
principles,17
could,17
where,17
itself,17
different,17
historical,17
whether,17
both,17
judges,17
now,16
those,16
cases,16
line,16
ali,16
under,16
practice,16
her,16
some,15
notion,15
part,15
exception,15
made,15
decide,15
if,14
authority,14
first,14
shari,14
there,14
political,14
out,14
sovereign,14
intimacy,14
life,14
concepts,13
secularity,13
whose,13
reforms,13
rule,13
indeterminacies,13
practices,13
intimate,13
seen,13
berger,13
then,13
fatwa,13
values,13
historically,12
stakes,12
freedoms,12
doctrine,12
though,12
two,12
together,12
fundamental,12
council,12
processes,12
high,12
set,12
distinctive,12
procedural,12
categories,12
recent,12
normative,11
laws,11
asad,11
essential,11
always,11
based,11
muslim,11
up,11
do,11
discussion,11
expression,11
questions,11
zayd,11
distinction,11
me,11
often,11
any,11
abu,11
way,10
divorce,10
than,10
active,10
publicity,10
important,10
well,10
during,10
majority,10
islam,10
time,10
use,10
largely,10
today,10
citizens,10
particular,10
freedom,10
conditions,10
defined,10
history,9
might,9
foundational,9
draw,9
against,9
domain,9
show,9
judicial,9
issues,9
yet,9
contemporary,9
upon,9
article,9
european,9
husband,9
who,9
continually,9
articles,9
over,9
anxieties,9
became,9
national,9
specific,9
policy,8
protection,8
before,8
being,8
no,8
space,8
argued,8
placed,8
example,8
civil,8
used,8
polygamy,8
own,8
essentially,8
codes,8
second,8
belief,8
sharfa,8
him,8
especially,8
christian,8
chamber,8
did,8
spaces,8
integrity,7
ways,7
considerations,7
arises,7
apostate,7
context,7
right,7
say,7
human,7
incessantly,7
after,7
connected,7
answers,7
sheikhs,7
view,7
criteria,7
basis,7
place,7
legislation,7
highly,7
equality,7
still,7
restricted,7
increasingly,7
hear,7
another,7
range,7
affects,7
three,7
essay,7
talal,7
crucial,7
becomes,7
why,7
matters,7
judgments,7
norms,7
foundation,7
expresses,7
ones,7
constitutional,7
our,7
define,7
approach,7
much,7
center,6
authorize,6
western,6
exceptions,6
provision,6
europe,6
governed,6
feature,6
conflict,6
characteristic,6
turn,6
back,6
process,6
mean,6
heard,6
means,6
maintaining,6
linked,6
notions,6
regulatory,6
standards,6
requirements,6
people,6
contradictions,6
attention,6
proper,6
world,6
peculiar,6
analytic,6
requirement,6
comparative,6
make,6
neither,6
same,6
al,6
many,6
fact,6
new,6
man,6
never,6
less,6
answer,6
eds,6
maurits,6
features,6
saw,6
sometimes,6
france,6
success,6
protect,6
must,6
simply,6
woman,6
defining,6
while,6
almost,6
instead,6
shift,6
child,5
declared,5
associated,5
highlight,5
dupret,5
system,5
powers,5
except,5
since,5
deliberation,5
affairs,5
incompletely,5
journal,5
may,5
essence,5
morals,5
articulated,5
most,5
continual,5
constitution,5
cannot,5
christianity,5
brought,5
norm,5
sensibility,5
related,5
concerns,5
christians,5
scott,5
led,5
sanctity,5
identified,5
indeed,5
thought,5
thesis,5
abstract,5
reasoning,5
hand,5
capacities,5
like,5
earlier,5
arise,5
structure,5
importantly,5
requests,5
anxiety,5
contradiction,5
each,5
seem,5
argue,5
domestic,5
little,5
allows,5
argument,5
typically,5
charles,5
conceptual,5
asked,5
medieval,4
told,4
provisions,4
litigation,4
descriptions,4
long,4
entailed,4
words,4
continue,4
nevertheless,4
precisely,4
possible,4
balz,4
above,4
central,4
relationships,4
due,4
integral,4
interest,4
mixed,4
issued,4
kind,4
relations,4
legally,4
david,4
find,4
intractability,4
aim,4
act,4
rather,4
sessions,4
aimed,4
explicit,4
b,4
derived,4
ongoing,4
enacted,4
consequences,4
established,4
defines,4
litigants,4
apostasy,4
expressed,4
came,4
equally,4
understood,4
scale,4
ed,4
required,4
failure,4
trial,4
work,4
scope,4
decisions,4
heart,4
secret,4
year,4
structures,4
conform,4
polygamous,4
correct,4
emerging,4
around,4
ensemble,4
precepts,4
matter,4
various,4
separation,4
return,4
theorizing,4
seemingly,4
once,4
security,4
ethnographic,4
noted,4
rise,4
toward,4
shows,4
blur,4
instability,4
beliefs,4
discussed,4
sullivan,4
necessary,4
explicitly,4
uncle,4
began,4
characterized,4
general,4
jurisdiction,4
sentiments,4
violation,4
raise,4
note,4
she,4
whereby,4
paradigmatic,4
phrase,4
get,4
considered,4
rarely,4
indeterminate,4
mentioned,4
need,4
comparison,4
known,4
reserving,4
anthropology,4
current,4
better,4
person,4
following,4
making,4
arabic,4
peace,4
introduced,4
role,4
subject,4
lies,4
authorized,4
centrality,4
remains,4
early,4
chambers,4
limits,3
concerned,3
later,3
religions,3
abd,3
determine,3
partially,3
conflicts,3
studies,3
justified,3
character,3
nineteenth,3
source,3
amongst,3
women,3
undermine,3
certainly,3
taken,3
attempt,3
seems,3
shaped,3
affinities,3
differences,3
potentially,3
fully,3
mills,3
substantive,3
subsequent,3
help,3
emphasized,3
reserved,3
reading,3
issue,3
side,3
takes,3
capacity,3
saying,3
e,3
compelling,3
illustrate,3
move,3
point,3
establishment,3
liberals,3
framework,3
constitutive,3
throughout,3
review,3
normativity,3
development,3
relatively,3
moment,3
decided,3
american,3
rooted,3
century,3
distinct,3
contrary,3
differently,3
modernity,3
young,3
arab,3
drawn,3
deeply,3
traditions,3
without,3
links,3
ostensibly,3
remain,3
basic,3
affective,3
conceptions,3
goes,3
similar,3
importance,3
recently,3
hearing,3
blurring,3
blurs,3
understand,3
tensions,3
consider,3
entrenched,3
consolidate,3
too,3
presumed,3
ask,3
regulate,3
crucially,3
hands,3
term,3
religiosity,3
children,3
annulled,3
intertwined,3
cambridge,3
having,3
decides,3
emphasis,3
null,3
older,3
stanford,3
quarterly,3
ordre,3
field,3
contrast,3
quite,3
involved,3
generally,3
wife,3
finds,3
am,3
avoid,3
void,3
aam,3
highlights,3
economic,3
brings,3
authorizing,3
judgment,3
technically,3
hold,3
violence,3
towards,3
paradox,3
exactly,3
j,3
cairo,3
fieldwork,3
ambiguities,3
happening,3
party,3
successfully,3
french,3
book,3
precariously,3
again,3
others,3
approaching,3
added,3
professed,3
islamists,3
reform,3
john,3
forms,3
liberalized,3
marrying,3
until,3
focusing,3
vogel,3
stunning,3
including,3
concern,3
tolerance,3
morality,3
insults,3
ibid,3
described,3
open,3
significance,3
moral,3
virtues,3
allowed,3
sentiment,3
problems,3
elaborate,3
separate,3
relationship,3
independent,3
bowen,3
bound,3
institutions,3
hirschkind,3
force,3
legitimacy,3
responsible,3
united,3
meant,3
door,3
prohibited,3
besides,3
know,3
mutually,3
expanding,3
connection,3
research,3
carefully,3
protections,3
terms,3
namely,3
want,3
maintain,3
sheikh,3
baudouin,3
code,3
thereby,3
attached,3
blasphemy,3
come,3
session,3
false,3
tell,3
difference,3
generate,3
paradigm,3
although,3
d,3
you,3
salience,3
distinctions,3
themselves,3
chicago,3
johansen,3
deeper,3
broader,3
woven,2
problem,2
difficult,2
cohesiveness,2
helped,2
mostly,2
done,2
implemented,2
commentary,2
names,2
created,2
prompts,2
implies,2
entanglements,2
notably,2
church,2
group,2
complex,2
kinds,2
jews,2
tend,2
schools,2
bernier,2
pressing,2
ms,2
diffuse,2
tells,2
fashioning,2
princeton,2
faiths,2
leads,2
said,2
common,2
consistent,2
cast,2
sit,2
davis,2
upholding,2
interests,2
originally,2
years,2
give,2
usher,2
implying,2
humans,2
promoting,2
official,2
definition,2
least,2
broadly,2
confusion,2
pollard,2
follows,2
procedure,2
deemed,2
consist,2
moustafa,2
essences,2
depends,2
empty,2
amma,2
u,2
america,2
discuss,2
codifications,2
professor,2
doctrinal,2
consequent,2
far,2
apply,2
acquires,2
realizing,2
guardianship,2
ineluctably,2
upheld,2
collapse,2
married,2
translates,2
monogamy,2
authoritative,2
brother,2
comprised,2
courtroom,2
nor,2
underlying,2
silverstein,2
profound,2
subjects,2
response,2
left,2
third,2
casanova,2
semantic,2
obliging,2
hardly,2
denominations,2
let,2
opposed,2
stepmother,2
interesting,2
recognized,2
york,2
precariousness,2
l,2
unit,2
certain,2
parts,2
study,2
emergency,2
persons,2
azer,2
moreover,2
absorbed,2
supposed,2
presuppositions,2
addressing,2
reason,2
consultation,2
vastly,2
india,2
duke,2
provokes,2
fashioned,2
pinnacle,2
origins,2
consequence,2
m,2
highest,2
greater,2
talking,2
result,2
introduce,2
allow,2
histories,2
found,2
called,2
ambiguity,2
deal,2
facilitate,2
dispute,2
atheism,2
late,2
embedded,2
zaalouk,2
stahnke,2
cultural,2
war,2
displayed,2
amm,2
cassation,2
applied,2
otherwise,2
fish,2
tension,2
procedures,2
wide,2
briefly,2
directly,2
distinguish,2
listening,2
already,2
statehood,2
instituted,2
significantly,2
purpose,2
knowledge,2
supreme,2
positions,2
whole,2
fit,2
demonstrates,2
partly,2
keep,2
chatterjee,2
reflect,2
formations,2
invoking,2
few,2
count,2
spouses,2
violated,2
suffused,2
ursula,2
change,2
whilst,2
officials,2
pluralism,2
sense,2
consolidation,2
hence,2
modernizing,2
ignore,2
fraught,2
invoke,2
adhere,2
brown,2
core,2
marry,2
appropriate,2
gordon,2
seemed,2
subsequently,2
inhabit,2
variety,2
protecting,2
dispositions,2
brian,2
relentlessly,2
rendering,2
converted,2
manifest,2
standing,2
modes,2
rites,2
put,2
single,2
lisa,2
legality,2
violate,2
pivotal,2
lloyd,2
requiring,2
evil,2
caveat,2
informal,2
perspectives,2
complete,2
entrench,2
appeals,2
emotional,2
picture,2
muslims,2
domains,2
tremendous,2
financial,2
minorities,2
larger,2
end,2
doubt,2
fashion,2
jinn,2
serious,2
brotherhood,2
anthropologist,2
enough,2
took,2
intervene,2
manner,2
banned,2
sister,2
systematic,2
answerable,2
number,2
free,2
identifiable,2
desires,2
wrapped,2
problemspace,2
interpreting,2
demonstrated,2
covenant,2
bilgrami,2
cssh,2
exploring,2
father,2
examples,2
turkey,2
treated,2
comprise,2
renders,2
formal,2
khalil,2
looking,2
judge,2
cohesion,2
imbued,2
agamben,2
enduring,2
rivers,2
actual,2
individuals,2
sees,2
involves,2
clear,2
provoked,2
points,2
health,2
interpret,2
held,2
times,2
glendon,2
interlocutors,2
ε,2
skocpol,2
faith,2
coercive,2
glenn,2
relation,2
acquire,2
britain,2
institution,2
tendency,2
connections,2
nasr,2
embodied,2
entanglement,2
secularist,2
widely,2
overlapping,2
compendium,2
asking,2
liberalism,2
husserl,2
declaration,2
kholoussy,2
usually,2
foreign,2
spouse,2
begin,2
render,2
determination,2
threaten,2
unclear,2
transformation,2
deals,2
expectations,2
instances,2
comaroff,2
couple,2
addressed,2
detail,2
claims,2
bench,2
circumscribed,2
cannon,2
rueschemeyer,2
publicly,2
neglected,2
exercised,2
thinking,2
growing,2
senior,2
comes,2
conclusion,2
changing,2
constituted,2
officially,2
invoked,2
continues,2
implied,2
alternative,2
theorizations,2
legislature,2
country,2
worth,2
best,2
collapsing,2
emergence,2
provoke,2
contradictory,2
authorizes,2
past,2
accepts,2
works,2
evident,2
turned,2
beginning,2
according,2
partha,2
form,2
degree,2
novelty,2
distribution,2
killian,2
secure,2
despite,2
elucidate,2
duty,2
possession,2
giving,2
tried,2
disciplines,2
perspective,2
measure,2
hibicht,2
condition,2
presupposes,2
arguments,2
phenomenon,2
using,2
aims,2
accorded,2
denominational,2
presence,2
commercial,2
solely,2
initiated,2
finally,2
accept,2
wish,2
offer,2
include,2
smaller,2
off,2
embodies,2
mobilized,2
cousin,2
kim,2
given,2
traditional,2
connolly,2
focus,2
counts,2
taylor,2
north,2
final,1
resolve,1
intimately,1
impossibility,1
go,1
basing,1
entangles,1
sneaks,1
struggle,1
ethics,1
cartoons,1
representing,1
drag,1
effected,1
scholar,1
alawwa,1
separated,1
truth,1
represent,1
judging,1
insulated,1
nonsecular,1
extend,1
trans,1
overstated,1
liberating,1
brisham,1
extends,1
proselytizing,1
mar,1
distributed,1
germany,1
minutes,1
conversion,1
wo,1
becoming,1
singularly,1
conducted,1
replaced,1
judged,1
ferne,1
systematically,1
confidence,1
elaborated,1
qawa,1
conducting,1
openness,1
constitutes,1
specialist,1
sets,1
h,1
strictly,1
approaches,1
easily,1
specified,1
paradigms,1
fault,1
decrees,1
trace,1
necessarily,1
unlike,1
laid,1
occurred,1
holding,1
observing,1
siblings,1
mahmood,1
something,1
chapter,1
contested,1
chief,1
β,1
verdict,1
completely,1
lower,1
ahdar,1
highlighted,1
concretely,1
t,1
conforms,1
wrong,1
ethnologist,1
expands,1
preceding,1
universitv,1
complained,1
posed,1
ashgate,1
regulating,1
exclusive,1
obey,1
awwa,1
colors,1
enforceable,1
enables,1
address,1
acutely,1
straightforwardly,1
rare,1
worked,1
heavens,1
dreams,1
england,1
nature,1
liberty,1
bishara,1
company,1
possibilities,1
panel,1
tradition,1
packed,1
professions,1
correspondingly,1
accompanied,1
desire,1
display,1
ben,1
thank,1
gradual,1
indifferent,1
achievement,1
abolishing,1
thanks,1
onto,1
room,1
summerson,1
anyway,1
carnegie,1
entering,1
take,1
kingdom,1
toleration,1
persistence,1
respond,1
giorgio,1
raised,1
principal,1
opposite,1
california,1
suspension,1
discipline,1
somewhat,1
governors,1
revise,1
techniques,1
behind,1
trials,1
dissolved,1
confused,1
motivated,1
interpretability,1
forums,1
traces,1
violating,1
resonant,1
contents,1
citizenship,1
nowhere,1
dennis,1
existence,1
reconstruction,1
attribute,1
key,1
albeit,1
pulled,1
walks,1
prone,1
sought,1
sexual,1
addresses,1
prescriptions,1
clearly,1
prosecutor,1
determined,1
stance,1
securely,1
tracing,1
facilitating,1
mosque,1
establishing,1
functions,1
julian,1
eating,1
imbrications,1
exerts,1
diss,1
obliges,1
community,1
apart,1
taking,1
adjudged,1
anytime,1
utmost,1
mittermaier,1
along,1
heretical,1
enter,1
himself,1
interreligious,1
formula,1
uphold,1
verbalizations,1
undergone,1
internationally,1
says,1
tied,1
intervention,1
jakob,1
consolidates,1
interestingly,1
funded,1
usage,1
learned,1
relies,1
regarding,1
widened,1
explained,1
peculiarities,1
facts,1
inner,1
ethical,1
reject,1
pursue,1
run,1
prevails,1
clung,1
illustrates,1
constantly,1
objective,1
suffusing,1
silent,1
de,1
g,1
neighbors,1
visitation,1
reflection,1
prohibitions,1
adopted,1
raises,1
attested,1
justifications,1
occurs,1
averted,1
application,1
insisted,1
convention,1
spate,1
espoused,1
exercise,1
priority,1
pubic,1
unity,1
refuses,1
forestalls,1
candidates,1
individual,1
self,1
constitutions,1
tamir,1
aghlab,1
mahkamat,1
frequented,1
concrete,1
maître,1
depend,1
concerning,1
editing,1
salvatore,1
speed,1
vries,1
veil,1
holds,1
listened,1
difficulty,1
inclusion,1
forgiven,1
bulaq,1
myth,1
repress,1
stipulated,1
applying,1
twice,1
invert,1
quell,1
meyler,1
accessing,1
μ,1
deceased,1
reasoned,1
resolutions,1
apparently,1
exempt,1
commanding,1
transactions,1
restricting,1
influence,1
fierce,1
stanley,1
aud,1
confusions,1
islams,1
newer,1
fasting,1
threatens,1
underlay,1
tad,1
indissolubly,1
reflects,1
forbidding,1
supernatural,1
english,1
purely,1
main,1
soviet,1
across,1
magisterial,1
spill,1
adapt,1
sort,1
posits,1
secrets,1
myself,1
knew,1
catholics,1
determining,1
granted,1
flexible,1
sarah,1
thing,1
expelled,1
opts,1
supersede,1
leave,1
special,1
empowered,1
enabled,1
mobilize,1
lay,1
read,1
feel,1
front,1
divided,1
guides,1
contestation,1
indispensable,1
references,1
category,1
injury,1
suffered,1
colonizing,1
win,1
circulated,1
wanted,1
trumping,1
possibly,1
carve,1
organization,1
younz,1
intrinsically,1
section,1
elsewhere,1
threatening,1
numbers,1
objectivity,1
fairness,1
gradually,1
mary,1
displays,1
philosophical,1
frequently,1
age,1
resorted,1
carolina,1
variously,1
max,1
beyond,1
indonesia,1
evaluation,1
droit,1
punishable,1
requires,1
utah,1
restriction,1
endemic,1
setup,1
respected,1
presupposition,1
loophole,1
drawing,1
questioner,1
friends,1
declarations,1
uses,1
legislative,1
closely,1
identifying,1
walk,1
bonds,1
begun,1
unhelpful,1
adhered,1
effort,1
lived,1
patrick,1
changed,1
unconcerned,1
curiosity,1
taurus,1
nurturing,1
perpetuating,1
configuration,1
emerge,1
strident,1
bîr,1
brill,1
wad,1
featured,1
base,1
academic,1
further,1
intervening,1
furthermore,1
codification,1
focused,1
alimony,1
circular,1
bore,1
prohibit,1
viewed,1
maglis,1
symbols,1
meet,1
wherein,1
unruly,1
democratization,1
spiritual,1
your,1
perform,1
nullifies,1
approached,1
compare,1
acknowledgments,1
surmised,1
creates,1
hopkins,1
expressions,1
eliminate,1
wants,1
technical,1
aspects,1
distinguishes,1
undermined,1
abuse,1
theological,1
relatives,1
judiciary,1
r,1
relief,1
headscarf,1
literature,1
gamal,1
nucleus,1
received,1
comprises,1
invisible,1
overturn,1
reader,1
alerts,1
discusses,1
competing,1
reserve,1
confined,1
nation,1
urban,1
description,1
looked,1
nullity,1
neutrality,1
smokeless,1
got,1
discussions,1
policies,1
reduces,1
actually,1
unrestricted,1
middle,1
whims,1
amnesty,1
thereafter,1
binding,1
call,1
wet,1
madhab,1
participate,1
rex,1
entails,1
showing,1
interpreted,1
horizon,1
polity,1
trends,1
abduh,1
attributed,1
sharia,1
good,1
creating,1
governs,1
adel,1
hangs,1
renounced,1
normally,1
successful,1
caused,1
presented,1
ago,1
hard,1
working,1
το,1
corresponds,1
byron,1
irrevocable,1
restructured,1
shaping,1
revolution,1
things,1
stage,1
coupled,1
josé,1
next,1
catholic,1
discourse,1
exclude,1
allowances,1
subvert,1
submit,1
transformative,1
troubles,1
small,1
several,1
underscore,1
close,1
classically,1
nineteenthand,1
lawyers,1
intruding,1
modalities,1
fosters,1
observe,1
recipients,1
policed,1
boundaries,1
redefinition,1
impossible,1
hent,1
nullifying,1
characterizes,1
managed,1
barely,1
patience,1
exempting,1
guise,1
st,1
taqdir,1
covenants,1
results,1
describes,1
paid,1
submitting,1
notice,1
plausible,1
structured,1
diminished,1
tatliq,1
propriety,1
rest,1
questioning,1
casts,1
lend,1
reigns,1
cite,1
amahl,1
battle,1
defended,1
happen,1
unofficial,1
poignantly,1
critics,1
muhammad,1
lit,1
confirms,1
enacts,1
action,1
gender,1
expansion,1
tersely,1
intended,1
corporation,1
αλ,1
brief,1
nearly,1
saba,1
object,1
reduce,1
whatever,1
establishes,1
violates,1
prophet,1
legalized,1
expanded,1
comments,1
boy,1
initially,1
reforming,1
registered,1
legitimized,1
cultivate,1
tends,1
direction,1
argumentation,1
robin,1
undermining,1
feme,1
elaboration,1
interpretation,1
breastfed,1
push,1
represents,1
makes,1
rules,1
amira,1
happened,1
alongside,1
kluwer,1
sex,1
array,1
east,1
technology,1
latitude,1
perceived,1
management,1
defendant,1
enshrined,1
participants,1
included,1
mey,1
light,1
liberties,1
shifting,1
ro,1
broad,1
hanan,1
largest,1
insights,1
gay,1
forcefully,1
department,1
gradated,1
reliance,1
salim,1
inheritance,1
baby,1
entreves,1
journalist,1
disciplinary,1
tries,1
fellow,1
endured,1
members,1
oral,1
theorist,1
vesting,1
fire,1
name,1
coming,1
stated,1
mark,1
bring,1
rows,1
punish,1
backed,1
conduct,1
wedeen,1
speaks,1
incorporates,1
outside,1
idea,1
consideration,1
coincidence,1
insinuated,1
fearing,1
banal,1
pressure,1
minnesota,1
governmentality,1
documents,1
nathan,1
regulation,1
deems,1
demonstrations,1
deserving,1
enable,1
contradict,1
unsettle,1
break,1
classical,1
diverse,1
clause,1
granting,1
orphans,1
damir,1
honor,1
papers,1
fits,1
setback,1
accusations,1
piqued,1
employed,1
ur,1
developing,1
establish,1
relevant,1
secularizing,1
material,1
agencies,1
producing,1
patently,1
governance,1
isim,1
routledge,1
guarantees,1
distance,1
presuppose,1
gives,1
aliens,1
shifts,1
encountered,1
conscripts,1
custody,1
reminds,1
plane,1
raped,1
argues,1
discourses,1
entirety,1
bond,1
registers,1
invested,1
restrictions,1
rendered,1
completed,1
bear,1
helps,1
represented,1
writings,1
transformed,1
arose,1
distinctly,1
enormous,1
worship,1
expand,1
needing,1
dhimmi,1
food,1
repugnant,1
quintessential,1
emphasize,1
persevere,1
refers,1
ideas,1
products,1
harvard,1
numbered,1
trend,1
engaged,1
nothing,1
unmarried,1
reinforcing,1
complicated,1
tragedy,1
versions,1
ladin,1
dar,1
worry,1
meanings,1
trump,1
hopelessly,1
munster,1
reality,1
emphasizing,1
adding,1
express,1
language,1
divorces,1
profession,1
vagueness,1
damage,1
logic,1
amounts,1
vested,1
defense,1
reviewers,1
period,1
reformers,1
fallers,1
summer,1
strange,1
parallels,1
lie,1
administrative,1
irresolvable,1
kept,1
anyone,1
standard,1
unimplemented,1
accused,1
akeel,1
latter,1
irresolvability,1
enlightenment,1
somehow,1
appellate,1
possess,1
trying,1
eyes,1
bernadette,1
editors,1
unpublicized,1
stand,1
ann,1
incompatible,1
effect,1
forde,1
seeking,1
distraught,1
conscience,1
story,1
secures,1
present,1
prompted,1
securing,1
attracted,1
interpenetrate,1
slipping,1
lawyer,1
ρ,1
attend,1
ambience,1
anomaly,1
councils,1
exemption,1
sole,1
division,1
attended,1
mobilizes,1
implicitly,1
individualism,1
principled,1
baber,1
entail,1
derek,1
adultery,1
alex,1
muhammed,1
usurpation,1
involving,1
provide,1
bold,1
johns,1
criminal,1
defenders,1
plays,1
prohibits,1
inside,1
widespread,1
primarily,1
exceptional,1
dimensions,1
sensitive,1
directions,1
affinity,1
detailed,1
hurmat,1
privileges,1
effectively,1
lawrence,1
philosopher,1
paradoxical,1
executive,1
countries,1
pac,1
chairs,1
existed,1
athlone,1
harshly,1
endure,1
fornicated,1
collateral,1
types,1
creatures,1
exists,1
arts,1
inducing,1
legitimately,1
pay,1
stable,1
adjudicative,1
affect,1
recognizably,1
acquired,1
unmask,1
constant,1
reviewing,1
counterintuitive,1
depersonalized,1
analogues,1
accordance,1
complexity,1
version,1
peoples,1
extending,1
extensive,1
inadvertent,1
elicited,1
scrutiny,1
appeared,1
rival,1
physical,1
temporal,1
willingness,1
fulbright,1
doi,1
funding,1
sciences,1
offers,1
welt,1
equation,1
couples,1
quickly,1
feelings,1
dimension,1
natural,1
continental,1
privacy,1
ajar,1
ahl,1
refused,1
armando,1
readily,1
aberration,1
organized,1
assumed,1
noisy,1
believe,1
straightforward,1
malak,1
print,1
ph,1
clarify,1
winnifred,1
surprised,1
universal,1
intrusion,1
report,1
speech,1
feed,1
eventually,1
particularly,1
motion,1
exhibits,1
written,1
longstanding,1
precarious,1
shoaps,1
cultivation,1
generalized,1
merely,1
ideally,1
redefined,1
clarity,1
id,1
william,1
scholarly,1
jean,1
explanations,1
bewildered,1
mormon,1
answered,1
proceedings,1
telling,1
kevin,1
nationalist,1
overcrowded,1
list,1
allowance,1
suspicions,1
sociologist,1
firmly,1
writes,1
theory,1
tightly,1
ethnography,1
differs,1
engagements,1
constitutionally,1
studying,1
require,1
pitted,1
explored,1
awarded,1
keechang,1
belknap,1
treatises,1
agreed,1
proselytism,1
ideal,1
virginia,1
tameya,1
danish,1
contain,1
ah,1
des,1
popular,1
theologies,1
kesha,1
cogency,1
level,1
preserved,1
multiple,1
conclude,1
kin,1
mario,1
ordinances,1
wording,1
prospect,1
labyrinthine,1
sounding,1
die,1
durable,1
territory,1
substance,1
policymaking,1
attel,1
intelligible,1
partake,1
colonial,1
mention,1
maintained,1
definitions,1
writing,1
think,1
contrasts,1
omar,1
intent,1
formation,1
understandings,1
shown,1
touch,1
entity,1
injured,1
ignored,1
notes,1
referenced,1
similarity,1
deepening,1
contract,1
internally,1
strikingly,1
discursive,1
publishing,1
explanation,1
crisis,1
fordham,1
register,1
course,1
insight,1
sues,1
förde,1
escher,1
managing,1
grotius,1
evidence,1
facilitates,1
unified,1
undermines,1
gerhart,1
contestations,1
wideranging,1
piece,1
fikes,1
derive,1
leiden,1
slew,1
speak,1
reorganized,1
anonymous,1
respective,1
carr,1
removed,1
deciding,1
actions,1
compounded,1
attending,1
meaning,1
conflated,1
broadening,1
justify,1
restricts,1
expediting,1
partial,1
texts,1
views,1
element,1
informality,1
gulf,1
conventions,1
among,1
famous,1
forcibly,1
doing,1
workings,1
race,1
mistaken,1
embraces,1
perception,1
policing,1
harmful,1
