WORDCOUNTS,WEIGHT
the,131
to,88
of,84
in,46
and,46
a,43
that,39
is,29
i,28
students,26
history,21
class,21
as,20
for,20
them,18
teaching,17
on,17
with,15
they,14
time,14
what,14
course,14
how,13
will,12
at,11
not,11
are,11
have,11
be,11
their,10
about,10
my,10
state,10
good,10
or,9
while,9
when,9
this,9
it,8
also,8
out,8
some,8
from,7
more,7
many,7
s,7
teachers,7
your,7
think,7
you,7
classroom,6
new,6
john,6
do,6
day,6
during,6
our,6
were,6
go,5
topic,5
york,5
his,5
who,5
education,5
school,5
into,5
by,5
first,5
teacher,5
historians,5
discussion,5
both,5
question,5
between,5
can,5
sometimes,4
renaissance,4
but,4
these,4
shedd,4
secondary,4
practice,4
central,4
well,4
future,4
syllabus,4
courses,4
gardner,4
tips,4
own,4
period,4
so,4
an,4
teach,4
even,4
may,3
book,3
difficult,3
asking,3
me,3
way,3
unschooled,3
bring,3
college,3
still,3
make,3
talk,3
parts,3
one,3
why,3
analysis,3
studies,3
semester,3
share,3
before,3
just,3
most,3
pedagogical,3
useful,3
set,3
important,3
each,3
found,3
entering,3
historical,3
help,3
mind,3
hand,3
reading,3
within,3
glimpsing,3
making,3
too,3
examples,3
classes,3
part,3
techniques,3
use,3
has,3
writing,3
which,3
social,3
pedagogy,3
ing,3
start,3
order,3
after,3
especially,3
often,3
find,3
given,3
we,3
recent,3
professional,3
should,3
periods,2
enough,2
rights,2
no,2
moves,2
practices,2
groups,2
across,2
short,2
practitioners,2
subject,2
process,2
hats,2
expect,2
ask,2
kinds,2
fall,2
grade,2
front,2
english,2
gaea,2
wanted,2
tensions,2
tyrant,2
description,2
encourage,2
then,2
something,2
every,2
materials,2
must,2
themes,2
being,2
only,2
beneficial,2
sciences,2
other,2
others,2
management,2
all,2
towards,2
leinhardt,2
words,2
different,2
came,2
did,2
best,2
could,2
down,2
children,2
break,2
larger,2
able,2
written,2
take,2
last,2
better,2
respond,2
learn,2
those,2
helping,2
march,2
terms,2
less,2
see,2
answer,2
want,2
issue,2
add,2
brief,2
theory,2
required,2
sharing,2
bird,2
getting,2
number,2
wants,2
ibid,2
howard,2
possible,2
work,2
story,2
two,2
above,2
easy,2
its,2
findings,2
lesson,2
people,2
questions,2
thus,2
come,2
chosen,2
eras,2
manage,2
such,2
since,2
following,2
either,2
write,2
essay,2
least,2
instead,2
like,2
complex,2
high,2
instruction,2
reformation,2
problems,2
accomplished,2
choose,2
britain,2
parliament,2
early,2
student,2
present,2
focus,2
much,2
using,2
puritans,2
tendency,2
meeting,2
am,2
waiting,2
mentioned,1
seems,1
smaller,1
final,1
dealing,1
democracy,1
yields,1
meth,1
therefore,1
now,1
suggestion,1
twelve,1
amount,1
related,1
he,1
books,1
currently,1
second,1
pro,1
done,1
point,1
accomplish,1
equality,1
locke,1
perspectives,1
instructors,1
matter,1
hopes,1
evaluations,1
common,1
if,1
crucial,1
populations,1
meaning,1
usually,1
economic,1
tion,1
giving,1
main,1
synthesis,1
testing,1
consists,1
reasonable,1
interact,1
basic,1
critical,1
decades,1
regicide,1
tyrants,1
wait,1
revolt,1
account,1
levels,1
revolutionary,1
arrive,1
worthy,1
myself,1
exercise,1
etc,1
fixture,1
get,1
dread,1
goes,1
regents,1
judgment,1
introduction,1
eight,1
lapsed,1
standing,1
minutes,1
certain,1
baronial,1
leave,1
expert,1
american,1
discover,1
jot,1
posted,1
assuming,1
makes,1
positive,1
instructions,1
methods,1
novice,1
teen,1
black,1
stereotypical,1
form,1
white,1
designed,1
awareness,1
once,1
textbooks,1
remind,1
happened,1
specialist,1
starting,1
shy,1
thought,1
meanwhile,1
additionally,1
rules,1
results,1
interpretive,1
sound,1
favor,1
bad,1
expects,1
evil,1
ensure,1
forest,1
continuity,1
under,1
university,1
place,1
us,1
position,1
was,1
throwing,1
necessarily,1
unlike,1
judgmental,1
home,1
individually,1
thinking,1
loyalists,1
associated,1
section,1
historian,1
abandon,1
cromwell,1
impulse,1
mary,1
arguing,1
result,1
differs,1
listed,1
show,1
department,1
demonstrate,1
believed,1
sophisticated,1
democratic,1
file,1
superior,1
abolitionists,1
e,1
disruption,1
known,1
surface,1
follow,1
statement,1
readings,1
t,1
aspects,1
explaining,1
published,1
zwingli,1
dissolves,1
physical,1
include,1
volume,1
undertaken,1
quotes,1
long,1
oral,1
mixture,1
terminology,1
royalists,1
connection,1
begin,1
willing,1
here,1
thesis,1
law,1
pedagogi,1
odology,1
technique,1
repertoire,1
implications,1
give,1
throws,1
opinion,1
know,1
encourages,1
again,1
defining,1
natural,1
view,1
over,1
appear,1
similarly,1
put,1
distracting,1
had,1
formidable,1
suggestions,1
toppling,1
based,1
global,1
lead,1
contained,1
principles,1
setting,1
schools,1
consideration,1
walk,1
seem,1
board,1
relates,1
holds,1
medicine,1
habitually,1
together,1
copied,1
plan,1
areas,1
simple,1
triumph,1
abstract,1
accessible,1
scenario,1
six,1
young,1
forces,1
relating,1
eventually,1
concurrently,1
might,1
peri,1
deal,1
proves,1
hear,1
loud,1
events,1
far,1
end,1
pitfall,1
impatient,1
near,1
benefit,1
listing,1
pictures,1
man,1
initial,1
integrate,1
discrepancy,1
carta,1
sermons,1
term,1
oliver,1
universal,1
pointing,1
political,1
though,1
according,1
fession,1
operating,1
somewhat,1
return,1
developing,1
orderly,1
unique,1
papers,1
professors,1
triggered,1
list,1
reputations,1
british,1
models,1
partners,1
particular,1
separations,1
comes,1
disciplinary,1
hu,1
core,1
woman,1
narrative,1
compare,1
explained,1
taught,1
fly,1
problem,1
cortland,1
king,1
walks,1
task,1
bonfire,1
threats,1
advice,1
periodization,1
ods,1
her,1
going,1
u,1
idolatry,1
incorporate,1
won,1
historiographical,1
metasystems,1
grades,1
noticed,1
chapter,1
another,1
keeping,1
having,1
participation,1
suggests,1
nuances,1
competent,1
line,1
meaningful,1
contain,1
used,1
encounter,1
art,1
concern,1
churches,1
drive,1
orchestrate,1
explanation,1
upon,1
level,1
carries,1
trees,1
hints,1
helps,1
vanities,1
reader,1
multiple,1
taking,1
four,1
headed,1
say,1
except,1
through,1
purpose,1
example,1
wasting,1
indicating,1
selecting,1
behaviors,1
curriculum,1
desirable,1
mester,1
aged,1
associ,1
thoughts,1
top,1
tried,1
traditional,1
transition,1
vulgarities,1
patriots,1
intention,1
plenty,1
measure,1
screen,1
holland,1
mislead,1
describe,1
intelligences,1
unfair,1
operated,1
manities,1
protestants,1
anonymously,1
challenges,1
paraphrases,1
world,1
framework,1
harvard,1
thing,1
goals,1
structures,1
faculty,1
earn,1
actual,1
pair,1
mathematical,1
justification,1
away,1
tificates,1
reinforcing,1
complicated,1
mission,1
metacognitive,1
led,1
tell,1
connect,1
described,1
subsequent,1
difficulties,1
years,1
inevitable,1
defeated,1
volunteer,1
professor,1
metacognition,1
provoked,1
against,1
graduate,1
adding,1
frustrated,1
does,1
se,1
reminded,1
aware,1
expended,1
change,1
responses,1
try,1
serious,1
applicable,1
typically,1
sense,1
touches,1
occurs,1
started,1
associative,1
interpret,1
proscribed,1
hard,1
would,1
need,1
little,1
revolution,1
exam,1
suggest,1
tested,1
century,1
integration,1
expected,1
cer,1
cries,1
catholic,1
magna,1
seeks,1
accurate,1
anyone,1
turn,1
candidates,1
promptly,1
syllabi,1
depic,1
speak,1
impart,1
neutral,1
quick,1
tangential,1
doubtless,1
several,1
enslaved,1
moralistic,1
freed,1
few,1
back,1
savanorola,1
potential,1
modeling,1
although,1
ated,1
response,1
normally,1
executed,1
breaking,1
invoke,1
instructional,1
ics,1
races,1
research,1
themselves,1
massachusetts,1
scholarship,1
topics,1
effective,1
tended,1
engages,1
assigning,1
classrooms,1
always,1
enemies,1
cal,1
texts,1
generally,1
thirteenth,1
up,1
including,1
east,1
working,1
entire,1
seal,1
posed,1
look,1
because,1
handing,1
images,1
versus,1
among,1
than,1
whenever,1
seven,1
notes,1
william,1
educators,1
sonality,1
provided,1
scripts,1
dissonance,1
hope,1
fostering,1
nuanced,1
defaced,1
termed,1
adjust,1
applies,1
society,1
separate,1
tennessee,1
hypothesis,1
