WORDCOUNTS,WEIGHT
the,919
of,520
in,358
and,341
to,271
a,236
africa,130
for,128
as,121
that,87
was,74
african,71
with,67
by,64
film,58
s,54
an,54
is,50
were,49
films,48
their,47
it,42
this,42
from,41
on,41
congo,40
colonial,40
which,39
world,36
his,35
be,35
ampp,32
garner,32
had,31
project,30
through,30
ross,28
at,27
they,27
but,27
more,27
missionary,26
we,26
africans,25
new,25
foundation,24
while,23
one,22
harmon,22
motion,21
its,21
he,21
social,21
many,21
who,21
not,21
central,20
or,20
picture,20
black,20
history,19
other,19
out,19
during,18
place,18
christian,18
american,17
rogers,17
garners,17
journal,17
crew,17
images,17
production,16
mission,16
see,16
cinema,16
arts,16
them,16
both,16
church,15
king,15
village,15
how,15
white,15
villagers,15
after,15
life,15
virginia,15
missionaries,14
first,14
ray,14
than,14
belgian,14
south,14
two,14
would,14
western,13
some,13
religious,13
men,13
role,13
into,12
all,12
there,12
process,12
protestant,12
could,12
produced,12
emory,12
communities,12
under,12
culture,12
these,12
fact,12
day,12
imagination,12
within,12
visual,12
states,12
has,11
even,11
leopold,11
work,11
about,11
power,11
time,11
material,11
years,11
european,11
often,11
shooting,11
over,11
what,11
have,11
continent,10
no,10
just,10
winter,10
early,10
committee,9
women,9
west,9
century,9
look,9
rather,9
missions,9
yet,9
only,9
local,9
bamba,9
so,9
began,9
united,9
pictures,9
between,9
m,8
diaries,8
state,8
york,8
ex,8
soon,8
most,8
instance,8
part,8
people,8
francs,8
own,8
t,8
up,8
others,8
where,8
colony,8
native,8
made,8
use,8
sic,8
period,8
construction,8
off,8
little,8
being,7
con,7
primary,7
scrapbooks,7
back,7
influence,7
show,7
late,7
though,7
cultural,7
bakuba,7
few,7
artists,7
children,7
forms,7
less,7
upon,7
including,7
kingdom,7
reality,7
him,7
story,7
boards,7
been,7
primarily,7
mis,7
control,7
are,7
did,7
very,7
william,7
although,7
d,7
way,6
later,6
tion,6
large,6
might,6
take,6
primitive,6
political,6
sought,6
america,6
such,6
throughout,6
chiefs,6
de,6
forced,6
served,6
scripts,6
without,6
eight,6
n,6
beyond,6
uncle,6
came,6
rule,6
scenes,6
kuba,6
officials,6
field,6
order,6
long,6
small,6
villages,6
when,6
may,6
christ,6
southern,6
joins,6
also,6
hoefler,6
again,6
efforts,6
areas,6
program,6
jump,6
outside,6
number,6
general,6
faith,6
especially,6
can,6
tribe,6
then,6
phillips,6
following,6
generally,6
despite,6
our,6
finally,6
news,6
final,5
realities,5
before,5
arrived,5
location,5
government,5
help,5
those,5
africas,5
globe,5
key,5
across,5
whether,5
importance,5
director,5
conquest,5
moving,5
rubber,5
however,5
scene,5
well,5
actors,5
catholic,5
emerging,5
involved,5
provided,5
led,5
community,5
perceived,5
conceived,5
speaks,5
daily,5
another,5
like,5
tribal,5
cen,5
ing,5
lantern,5
laager,5
set,5
each,5
particular,5
art,5
ruled,5
given,5
commercial,5
effects,5
measure,5
traditional,5
re,5
much,5
among,5
nara,5
race,5
common,4
if,4
red,4
manuscript,4
distributed,4
modern,4
chief,4
themes,4
sionary,4
ii,4
slave,4
congolese,4
display,4
religion,4
real,4
physical,4
context,4
point,4
sweet,4
colonized,4
labor,4
thus,4
representations,4
subjects,4
allowing,4
stanley,4
l,4
en,4
support,4
filmmakers,4
image,4
stark,4
distribution,4
exhibition,4
pro,4
war,4
required,4
because,4
already,4
brought,4
indigenous,4
ten,4
got,4
gave,4
reynolds,4
creating,4
contrast,4
industry,4
education,4
second,4
indeed,4
still,4
once,4
reel,4
god,4
us,4
provide,4
paul,4
shots,4
europe,4
compound,4
explicitly,4
fetishes,4
degree,4
remained,4
churches,4
medium,4
conditions,4
services,4
cameras,4
played,4
mines,4
segment,4
never,4
article,4
james,4
shoot,4
footage,4
continued,4
http,4
seen,4
itself,4
force,4
get,4
found,4
mau,4
any,4
series,4
cover,4
quickly,4
ideological,4
historical,4
living,4
interwar,4
feb,4
map,4
agreed,4
urban,4
des,4
filmmaking,4
protestants,4
gar,4
until,4
initiated,4
twentieth,4
course,4
land,4
need,4
viewers,4
offered,4
potential,4
era,4
should,4
cited,4
now,3
o,3
interventions,3
introduction,3
mar,3
disciples,3
unlike,3
nineteenth,3
something,3
said,3
creation,3
secretary,3
tradition,3
simple,3
shot,3
atlantic,3
henry,3
ad,3
british,3
trade,3
money,3
u,3
powers,3
far,3
along,3
himself,3
demanded,3
witchcraft,3
natives,3
quality,3
magic,3
unpublished,3
author,3
pay,3
serving,3
young,3
left,3
site,3
markowitz,3
lens,3
bel,3
ever,3
recognized,3
whose,3
act,3
permission,3
represented,3
catholics,3
similar,3
special,3
clearly,3
photographs,3
weather,3
mary,3
circuit,3
dramatized,3
helped,3
decades,3
medicine,3
access,3
p,3
further,3
david,3
understood,3
recently,3
cloth,3
spiritual,3
public,3
aspects,3
christianity,3
makers,3
leisure,3
crude,3
london,3
training,3
example,3
tale,3
bata,3
call,3
forces,3
rise,3
showing,3
presbyterian,3
healing,3
construct,3
hard,3
working,3
around,3
family,3
several,3
oct,3
paid,3
notes,3
newly,3
sona,3
noble,3
play,3
vaughan,3
seemingly,3
sion,3
depicted,3
makes,3
evil,3
experiment,3
noted,3
shorts,3
au,3
members,3
french,3
lack,3
twenty,3
reels,3
reform,3
leprosy,3
filming,3
man,3
audiences,3
learn,3
purposes,3
pieterse,3
eds,3
free,3
institutions,3
private,3
superstition,3
success,3
cloths,3
largely,3
virtually,3
morality,3
three,3
movies,3
workers,3
spread,3
standard,3
methods,3
glenn,3
effect,3
adventure,3
northern,3
stereotypes,3
decision,3
refused,3
wisdom,3
figure,3
foreign,3
fear,3
lines,3
returned,3
why,3
months,3
voortrekkers,3
kellersberger,3
must,3
wear,3
constructed,3
here,3
gian,3
mass,3
merely,3
johnson,3
exposing,3
terms,3
making,3
nearby,3
problem,3
suggests,3
travel,3
conference,3
became,3
subject,3
tried,3
simply,3
went,3
programs,3
representation,3
ensuing,3
prepared,3
come,3
shown,3
spectatorship,3
www,3
slides,3
include,3
magazine,3
regime,3
attempted,3
shift,3
morning,3
tribes,3
ammunition,2
courts,2
difficult,2
does,2
storylines,2
archives,2
transportation,2
publique,2
struggle,2
child,2
car,2
generated,2
privately,2
groups,2
market,2
berkeley,2
struggled,2
repre,2
poignant,2
jungle,2
police,2
told,2
needed,2
complex,2
stereotypical,2
nigeria,2
designed,2
join,2
schools,2
authority,2
true,2
nuts,2
position,2
edu,2
du,2
my,2
morton,2
problems,2
sources,2
textual,2
every,2
give,2
exhibited,2
military,2
viewer,2
rapid,2
assist,2
script,2
sunday,2
promoting,2
departure,2
confirmed,2
possibilities,2
protes,2
copy,2
leading,2
producing,2
able,2
onto,2
products,2
atrocities,2
i,2
primitivity,2
foolish,2
last,2
somewhat,2
hostility,2
papers,2
courage,2
case,2
issue,2
depredations,2
right,2
struggling,2
account,2
prior,2
possible,2
cooperation,2
authentic,2
functions,2
move,2
vital,2
medical,2
reflecting,2
establishment,2
engage,2
moralizing,2
tional,2
harmony,2
make,2
human,2
applauded,2
movie,2
roger,2
development,2
boy,2
due,2
against,2
visited,2
becoming,2
civilizing,2
walter,2
congregational,2
perspective,2
body,2
modernity,2
occult,2
third,2
find,2
tral,2
rhodesia,2
critique,2
adult,2
bbc,2
lepers,2
philanthropic,2
ment,2
marching,2
parks,2
jean,2
critics,2
van,2
failed,2
cameron,2
high,2
invaded,2
town,2
expected,2
bring,2
possession,2
preparing,2
filmed,2
goes,2
earlier,2
viewed,2
parts,2
burns,2
form,2
awareness,2
animals,2
moreover,2
medal,2
means,2
understand,2
bad,2
wanted,2
dens,2
tensions,2
varying,2
organization,2
river,2
benefits,2
proved,2
days,2
spirit,2
impact,2
methodist,2
restricted,2
four,2
ministers,2
prima,2
follow,2
followed,2
plates,2
projected,2
dren,2
strengthen,2
artistic,2
union,2
opening,2
ou,2
result,2
whom,2
extent,2
begun,2
called,2
savagery,2
six,2
events,2
mining,2
initial,2
embedded,2
furthermore,2
traced,2
displayed,2
population,2
promise,2
wherein,2
suffered,2
representatives,2
technical,2
exert,2
taxes,2
specifically,2
journals,2
artifacts,2
residents,2
knowledge,2
eurocentric,2
whole,2
year,2
sorrow,2
broad,2
climatic,2
actually,2
structures,2
device,2
elephant,2
evening,2
published,2
brush,2
sense,2
hired,2
next,2
quite,2
june,2
concerns,2
choose,2
presence,2
research,2
shadows,2
convey,2
christians,2
successfully,2
resistance,2
using,2
bever,2
waiting,2
bible,2
dictated,2
seemed,2
critical,2
belgium,2
highlights,2
fa,2
berlin,2
situation,2
nation,2
hegemony,2
practices,2
various,2
entitled,2
economic,2
spectacle,2
imagery,2
located,2
expansion,2
playground,2
return,2
wait,2
forward,2
prism,2
july,2
sionaries,2
expanded,2
sending,2
initially,2
movement,2
positive,2
sponsorship,2
interpretation,2
read,2
message,2
evolved,2
seeing,2
technology,2
sensationalism,2
j,2
dictates,2
home,2
falls,2
simba,2
light,2
complete,2
same,2
ethnographic,2
registration,2
extras,2
functioned,2
ambiguities,2
rily,2
fretted,2
name,2
heritage,2
palm,2
baptist,2
death,2
put,2
addition,2
shows,2
longer,2
idea,2
unparalleled,2
scholars,2
really,2
larger,2
identity,2
john,2
end,2
contemporary,2
great,2
minister,2
patterns,2
took,2
hand,2
wild,2
secular,2
empire,2
chil,2
necessary,2
woman,2
flickering,2
hays,2
autobiography,2
referred,2
oil,2
disease,2
brady,2
nickelodeon,2
contours,2
industrialized,2
expand,2
europeans,2
host,2
entirely,2
resulting,2
actual,2
hour,2
individuals,2
ibid,2
pagan,2
aesthetic,2
recruitment,2
nevertheless,2
moral,2
tury,2
reputation,2
co,2
times,2
allowed,2
good,2
provides,2
martin,2
payment,2
ture,2
educational,2
enough,2
trying,2
wise,2
topics,2
enjoyed,2
mr,2
saw,2
industrialization,2
engagement,2
vain,2
justice,2
reluctant,2
scrapbook,2
today,2
gram,2
vision,2
wing,2
detailed,2
lives,2
ch,2
executive,2
html,2
consolidation,2
afrikaner,2
extra,2
analysis,2
blood,2
transferring,2
imperialism,2
comaroff,2
beasts,2
pressures,2
detail,2
anstey,2
broke,2
comes,2
conclusion,2
known,2
funding,2
lowing,2
natural,2
witchdoctor,2
debilitating,2
global,2
setting,2
politics,2
expense,2
half,2
marvin,2
brothers,2
exhibits,2
build,2
going,2
sermons,2
better,2
evident,2
turned,2
megan,2
beginning,2
rep,2
unique,2
ny,2
mere,2
ruminations,2
her,2
review,2
institute,2
textualized,2
explored,2
imperial,2
tant,2
emphasis,2
millions,2
middle,2
popular,2
bodies,2
bibanga,2
recognition,2
excesses,2
understanding,2
administration,2
song,2
step,2
com,2
extended,2
vast,2
acknowledges,2
mention,2
isolated,2
goals,2
postcolonial,2
jan,2
tions,2
complaints,2
denominational,2
produce,2
question,2
copies,2
opens,2
washington,2
instead,2
lantic,2
glass,2
showed,2
endeavors,2
fol,2
themselves,2
c,2
ascendancy,2
straw,2
succeeded,2
chicago,2
escalating,2
debate,2
documentary,2
develop,2
focus,2
seek,2
north,2
recent,2
famous,2
broader,2
resources,2
close,2
tragic,2
deeper,2
thelma,1
resolve,1
unwit,1
memorize,1
entities,1
donations,1
margins,1
forceful,1
currently,1
medicinal,1
dominating,1
validation,1
gutjahr,1
likenesses,1
exhibiting,1
lation,1
dies,1
dias,1
imagining,1
estimated,1
capillary,1
declared,1
lessly,1
religions,1
warming,1
productions,1
donor,1
pull,1
imported,1
grueling,1
created,1
tribesmen,1
snapshot,1
wonder,1
osa,1
modernize,1
dangers,1
tory,1
ant,1
missionar,1
physicality,1
insufficiently,1
college,1
portrayals,1
e,1
quent,1
paring,1
reigning,1
alone,1
epidemic,1
laterna,1
notably,1
connecticut,1
per,1
mouth,1
sympathetic,1
forcing,1
conversion,1
heal,1
tact,1
mounted,1
approved,1
retake,1
star,1
bor,1
agency,1
fate,1
sail,1
referent,1
spears,1
cooling,1
newark,1
formed,1
likely,1
live,1
slant,1
openness,1
ditional,1
picking,1
med,1
sets,1
sons,1
ways,1
murder,1
remnants,1
irrespective,1
di,1
westernization,1
delineating,1
piano,1
encountering,1
uillinois,1
sym,1
decolonized,1
blows,1
considerations,1
acceptance,1
earnest,1
deny,1
policy,1
ceremonial,1
justified,1
cargo,1
locale,1
emphasize,1
cured,1
painters,1
burn,1
charitable,1
opticon,1
debacle,1
africanso,1
subjection,1
total,1
ambitious,1
tells,1
diorama,1
maybe,1
assisted,1
accomplishments,1
defiant,1
contested,1
po,1
lenses,1
eye,1
hues,1
dose,1
contact,1
craze,1
footing,1
different,1
brutal,1
slade,1
gears,1
consistent,1
member,1
sit,1
miliar,1
boosters,1
minsoto,1
muneration,1
either,1
decidedly,1
beneficial,1
withdrawn,1
acculturating,1
undermine,1
raffia,1
hence,1
embraced,1
measly,1
holy,1
regeneration,1
victim,1
voices,1
tionalism,1
malady,1
zagourski,1
interested,1
eventful,1
gan,1
colors,1
taken,1
abound,1
crippled,1
hire,1
season,1
attempt,1
populations,1
rare,1
worked,1
v,1
marginalization,1
binocular,1
official,1
episcopal,1
vows,1
bloomington,1
divorced,1
transmission,1
words,1
definition,1
seminary,1
heated,1
dramatically,1
company,1
reach,1
malev,1
knowing,1
capitalist,1
route,1
cinemas,1
skills,1
laundry,1
broadly,1
credits,1
sheppard,1
together,1
accompanied,1
tours,1
short,1
grizzled,1
thank,1
refashioning,1
trust,1
stood,1
roland,1
wave,1
pressed,1
exotic,1
luba,1
narrative,1
europeenne,1
carts,1
senses,1
parishioners,1
recruit,1
hundred,1
reveal,1
concludes,1
skirts,1
deployed,1
room,1
dom,1
argue,1
encumbered,1
histo,1
freas,1
antipathy,1
micheaux,1
introduces,1
baskets,1
lagers,1
fortu,1
sentation,1
faithful,1
rudimentary,1
holidays,1
airline,1
precisely,1
sacred,1
parade,1
doc,1
principal,1
judging,1
dramatizing,1
richmond,1
debut,1
contrasting,1
que,1
nal,1
reading,1
arbuckle,1
overturned,1
ity,1
tireless,1
tieth,1
ary,1
sheet,1
recreate,1
gaith,1
subjugation,1
tiated,1
racial,1
worldwide,1
intersection,1
stere,1
photographer,1
inc,1
ating,1
system,1
followers,1
employs,1
side,1
est,1
preventing,1
lic,1
wardrobe,1
dearth,1
existence,1
pense,1
dr,1
thatch,1
prelimi,1
eventual,1
bibli,1
gious,1
foundational,1
mushenge,1
bur,1
task,1
unaware,1
sorship,1
odds,1
pub,1
perately,1
addresses,1
weston,1
disseminated,1
clinic,1
signifier,1
ploitation,1
gardens,1
ornamentation,1
burke,1
wonders,1
gamers,1
occupying,1
oscar,1
reflec,1
balseiro,1
watched,1
thusiastically,1
constraints,1
langenheim,1
recommendations,1
condition,1
schedule,1
gift,1
establishing,1
diane,1
bapyist,1
dinner,1
plaisance,1
obvious,1
suny,1
apart,1
taking,1
say,1
idols,1
atroc,1
cilitate,1
maneuvered,1
carved,1
eliminating,1
swiftest,1
whites,1
diploma,1
sent,1
selecting,1
mores,1
filmworks,1
requirements,1
scandal,1
compares,1
photographic,1
resource,1
zimbabwe,1
newsweek,1
explorer,1
flect,1
individualized,1
formula,1
lulua,1
grabbers,1
treatise,1
lights,1
audience,1
collection,1
sign,1
localized,1
controlled,1
swaths,1
funded,1
repeatedly,1
complained,1
million,1
screenplays,1
phase,1
childlike,1
includes,1
examining,1
eliot,1
comprehending,1
resentments,1
surely,1
stinks,1
historically,1
component,1
implementa,1
mine,1
facts,1
difficulties,1
geoning,1
savages,1
patient,1
backgrounds,1
illustrates,1
dahomey,1
interior,1
silent,1
neighbors,1
g,1
group,1
corner,1
cooperate,1
attained,1
interest,1
lectures,1
tutelage,1
pour,1
dozen,1
filmic,1
weaving,1
brother,1
mixed,1
decided,1
relations,1
overcoming,1
ern,1
portray,1
beryl,1
liaison,1
roads,1
ministration,1
realization,1
type,1
privilege,1
unwilling,1
arena,1
learning,1
taste,1
exercise,1
represen,1
attracting,1
guided,1
progressive,1
turn,1
tomaselli,1
ciety,1
cases,1
adam,1
concentrations,1
decisions,1
elements,1
pretensions,1
old,1
self,1
blame,1
curiously,1
places,1
keep,1
frustrating,1
hochschild,1
moralistic,1
refer,1
concerning,1
profound,1
amount,1
deed,1
editing,1
eng,1
response,1
pho,1
restrict,1
healer,1
inclusion,1
elicit,1
radio,1
suitable,1
tinent,1
dates,1
apr,1
ally,1
applying,1
twice,1
single,1
clock,1
vorably,1
caribbean,1
shaloff,1
propagandistic,1
employers,1
rhythm,1
compare,1
coincidentally,1
georges,1
equally,1
revised,1
savvy,1
stm,1
elisofon,1
factions,1
student,1
essays,1
mfienge,1
communication,1
retained,1
gaze,1
parasites,1
details,1
sun,1
weave,1
traditions,1
divi,1
simplistic,1
discovering,1
hygienic,1
exposed,1
weakness,1
ilizing,1
pasteur,1
exponentially,1
restore,1
denominations,1
exhibitions,1
jungles,1
witch,1
confusions,1
neighborhoods,1
moralize,1
penetrations,1
kot,1
seventh,1
ers,1
luckier,1
surprisingly,1
civilization,1
gued,1
opposed,1
foot,1
mount,1
hero,1
simplified,1
recovers,1
adequate,1
remedied,1
revealingly,1
reflects,1
crowning,1
adjunct,1
hopes,1
identification,1
frustration,1
dilemma,1
english,1
tiger,1
partition,1
portrayed,1
brethren,1
mackintosh,1
arising,1
impetus,1
activists,1
stop,1
remain,1
heels,1
illustration,1
gotiate,1
disjunction,1
organizing,1
basic,1
salvage,1
na,1
appreciation,1
devo,1
tectonic,1
culminating,1
hansen,1
doctrine,1
tronage,1
presentation,1
notion,1
grandsons,1
incidence,1
stranger,1
didactic,1
ills,1
africains,1
postcards,1
suffer,1
opportunity,1
determining,1
granted,1
collec,1
supplement,1
heed,1
certain,1
travels,1
derived,1
direct,1
ongoing,1
keeper,1
doubted,1
kebo,1
salvation,1
columbian,1
spectators,1
enacted,1
envision,1
emergency,1
tree,1
scales,1
persons,1
feel,1
supposed,1
contestation,1
leopoldville,1
pleasures,1
meet,1
fantasy,1
experimenting,1
references,1
category,1
brunswick,1
changes,1
perceptions,1
cemented,1
press,1
financial,1
arrested,1
civilizations,1
counterparts,1
congested,1
forget,1
lucre,1
possibly,1
stifling,1
objects,1
comedian,1
improvement,1
colonialism,1
dir,1
sim,1
familiar,1
argues,1
morgan,1
sick,1
wouldn,1
fish,1
abuses,1
multitudes,1
latin,1
elsewhere,1
edition,1
coerced,1
receiving,1
fairness,1
thrilled,1
quarters,1
too,1
prevent,1
straints,1
doesn,1
abides,1
commonly,1
harlem,1
fashioned,1
igno,1
nationalize,1
euclidean,1
surface,1
erupted,1
officer,1
submerged,1
glimmers,1
isolation,1
idealized,1
obstacles,1
always,1
fronts,1
christmas,1
painted,1
reinvigorate,1
hereafter,1
exploitation,1
willing,1
plight,1
shifted,1
founding,1
mo,1
flow,1
detroit,1
opinion,1
strategy,1
suggested,1
providing,1
trained,1
ulation,1
drawing,1
curses,1
view,1
appear,1
myths,1
promote,1
perceive,1
regulatory,1
invading,1
kenya,1
matching,1
greater,1
hours,1
uti,1
raw,1
pose,1
cieties,1
compulsory,1
troubling,1
legislative,1
discus,1
griping,1
based,1
acceptable,1
game,1
kennedy,1
matadi,1
affiliated,1
walk,1
congorilla,1
tra,1
locals,1
societies,1
feet,1
formulations,1
tinted,1
conflict,1
carrying,1
inherent,1
plot,1
hands,1
jealously,1
hav,1
typical,1
ners,1
docile,1
amsterdam,1
ambiguity,1
foreground,1
effort,1
embracing,1
collectively,1
centers,1
digenous,1
deal,1
drawn,1
benighted,1
international,1
prepare,1
fracas,1
mistakenly,1
agendas,1
dispute,1
mythical,1
biographical,1
mobilization,1
eu,1
dislocation,1
amer,1
ve,1
hospitals,1
illness,1
illuminated,1
vigorous,1
malevolent,1
ican,1
burst,1
featured,1
fuel,1
pitfalls,1
im,1
ceived,1
popu,1
markets,1
ruthlessly,1
midway,1
proj,1
conversed,1
makeup,1
academic,1
fects,1
kinship,1
chaul,1
keyan,1
embarrassing,1
pointing,1
equal,1
effective,1
heaven,1
onlookers,1
bountiful,1
culinary,1
anderson,1
itan,1
advertise,1
improvise,1
fabricate,1
portant,1
secure,1
sticks,1
devoid,1
companies,1
reinforce,1
unites,1
cannot,1
fiefdom,1
distorts,1
younger,1
sce,1
wealth,1
filmmak,1
tension,1
encouraged,1
patent,1
judicial,1
absolute,1
delays,1
brooklyn,1
profit,1
premise,1
wide,1
prayer,1
graciously,1
implement,1
photo,1
warned,1
stations,1
near,1
jokingly,1
engine,1
aries,1
briefly,1
sites,1
almost,1
aging,1
having,1
storage,1
theological,1
differ,1
ginia,1
lebanon,1
basis,1
genre,1
julia,1
line,1
relief,1
seminal,1
recoiling,1
literature,1
janvier,1
afrikaners,1
updated,1
abroad,1
scope,1
received,1
imports,1
tool,1
blouse,1
epiphany,1
carry,1
nine,1
framed,1
clean,1
claim,1
imagined,1
prominent,1
fired,1
camel,1
revolted,1
competing,1
denial,1
calls,1
eradicated,1
faithfully,1
confirms,1
supreme,1
filthy,1
experiencing,1
arming,1
description,1
tip,1
ple,1
loss,1
roll,1
antagonizing,1
overview,1
realm,1
sta,1
describe,1
fit,1
older,1
rappe,1
shoots,1
ghana,1
steam,1
rand,1
icon,1
inspire,1
records,1
mboko,1
falling,1
survey,1
stimulate,1
subse,1
lingering,1
mightily,1
advertising,1
somewhere,1
focuses,1
rene,1
away,1
reflect,1
incantation,1
legislation,1
appreciated,1
putatively,1
nameless,1
participate,1
entails,1
beattie,1
harmless,1
stanford,1
won,1
president,1
sions,1
conform,1
visions,1
unfa,1
isabel,1
mired,1
attributed,1
filmmaker,1
clearance,1
wiard,1
ccc,1
regions,1
nephew,1
change,1
resentation,1
professional,1
medicaux,1
running,1
closing,1
atavistic,1
commerce,1
ironi,1
irrational,1
caused,1
presented,1
ago,1
eglise,1
cruel,1
tacitly,1
peterson,1
promrey,1
puppets,1
recast,1
unexpected,1
things,1
involve,1
wards,1
grass,1
lowly,1
le,1
poster,1
clothes,1
trypanosomes,1
sponsors,1
squarely,1
repackaged,1
desires,1
davis,1
event,1
inextricably,1
sole,1
openly,1
litical,1
consensus,1
driving,1
dire,1
highly,1
revealing,1
legation,1
organizations,1
depression,1
temporary,1
disaster,1
microscopes,1
intruding,1
dramatic,1
notorious,1
disparate,1
essentially,1
distinguished,1
codes,1
latest,1
leprosaria,1
telling,1
impossible,1
foremost,1
philip,1
fully,1
managed,1
descendants,1
sculptors,1
progress,1
intent,1
nous,1
sung,1
pa,1
submitting,1
enormously,1
seg,1
slept,1
mouths,1
elisabethville,1
intransigent,1
ghost,1
censor,1
actions,1
cating,1
reducing,1
interdenominational,1
ecumenical,1
avoid,1
twen,1
society,1
settlers,1
transforming,1
blanket,1
will,1
ameri,1
secret,1
battle,1
newer,1
hymns,1
pontificated,1
interviewing,1
ical,1
business,1
arrangement,1
intestinal,1
onset,1
advocate,1
contest,1
territorial,1
architecture,1
rivalries,1
endlessly,1
guarded,1
carried,1
chase,1
contingent,1
gather,1
plenitude,1
action,1
kenneth,1
paralyzed,1
tarzan,1
positions,1
launch,1
newest,1
spearheaded,1
tempted,1
bolic,1
cloud,1
deadly,1
ahistorical,1
released,1
appreciate,1
inclusive,1
merits,1
female,1
albany,1
brings,1
reproducing,1
forbidden,1
poor,1
erential,1
april,1
dancing,1
convince,1
panded,1
tor,1
furiously,1
brook,1
interactions,1
refusal,1
sponsored,1
standing,1
incredibly,1
recreating,1
gamer,1
settings,1
procession,1
escaping,1
sheets,1
jesus,1
convoluted,1
trusteeship,1
bucolic,1
profoundly,1
mediator,1
engineering,1
hollywood,1
frank,1
ubiquity,1
uproar,1
cheap,1
photographed,1
stalled,1
edited,1
prostes,1
auspices,1
justifying,1
fatty,1
violence,1
meanwhile,1
rulings,1
americans,1
opportunities,1
wake,1
treaty,1
security,1
tremendous,1
accident,1
requiring,1
builds,1
me,1
ouvertes,1
serve,1
hegemonic,1
subservient,1
east,1
borrowed,1
fifth,1
exposes,1
jour,1
referencing,1
ofbamba,1
ne,1
reframed,1
nature,1
tn,1
rode,1
acting,1
chris,1
planned,1
nat,1
conveying,1
fiancee,1
perspectives,1
rightly,1
abandon,1
indistrial,1
formalized,1
outres,1
topical,1
joint,1
al,1
sally,1
acknowledging,1
largest,1
narratives,1
rape,1
gay,1
ects,1
indians,1
department,1
foolishness,1
included,1
reliance,1
goodness,1
increasingly,1
visualize,1
she,1
proselytization,1
sensationalistic,1
lization,1
foucault,1
disciplinary,1
double,1
love,1
volume,1
punged,1
shrieks,1
downside,1
tribunal,1
ballooned,1
wrapped,1
scriptwriters,1
filmhistory,1
subjected,1
reiterating,1
camp,1
brausch,1
sufferers,1
fin,1
problematized,1
rumored,1
preferences,1
cameroons,1
similarly,1
lamp,1
towns,1
experienced,1
projects,1
exhilarated,1
ape,1
water,1
spear,1
dickered,1
herbert,1
pendence,1
expose,1
aspired,1
admit,1
marker,1
cruelty,1
stories,1
endless,1
treatment,1
contrasts,1
head,1
gutsche,1
victrola,1
pressure,1
instability,1
creative,1
plan,1
uneasy,1
beliefs,1
appeared,1
documents,1
ought,1
dividends,1
exclusion,1
stoop,1
rance,1
drafting,1
pretty,1
inevitably,1
suppressed,1
grave,1
classical,1
pamphlet,1
associates,1
hear,1
personal,1
justification,1
grows,1
complementing,1
ethno,1
aug,1
bundle,1
resolved,1
venture,1
clearing,1
maasai,1
roof,1
uprisings,1
fragments,1
reasons,1
amazing,1
bellyached,1
rhythms,1
clapping,1
throwing,1
geschiere,1
remade,1
do,1
everyday,1
paris,1
present,1
ground,1
intervene,1
remarkable,1
vanquished,1
model,1
touted,1
road,1
gary,1
honeymoon,1
existing,1
accepted,1
armed,1
emanated,1
ish,1
theless,1
unclear,1
renaissance,1
ultimately,1
interview,1
explicit,1
scholarships,1
psalms,1
uts,1
above,1
ception,1
perhaps,1
magica,1
preparation,1
cpc,1
als,1
markings,1
ried,1
cul,1
asiatic,1
opting,1
spir,1
capture,1
asiatique,1
obscured,1
recreational,1
civilized,1
propi,1
palestine,1
verbal,1
original,1
meetings,1
commercialized,1
exploring,1
meaningful,1
accuses,1
divided,1
tian,1
father,1
link,1
encounter,1
hurriedly,1
background,1
restrictions,1
treated,1
onerous,1
propor,1
explanation,1
jinny,1
range,1
espe,1
values,1
limitations,1
moogra,1
hollering,1
erational,1
coffles,1
formal,1
desperate,1
stereotyping,1
impeding,1
barney,1
periences,1
newburgh,1
charts,1
compet,1
elite,1
top,1
computers,1
bibles,1
jamestown,1
nego,1
weeks,1
combining,1
fascist,1
unfortunately,1
station,1
refers,1
prospective,1
pref,1
collaborative,1
alternative,1
ideas,1
flashed,1
catalyst,1
bitter,1
ethnic,1
throws,1
pora,1
hoc,1
engaged,1
stay,1
proud,1
amateurism,1
sees,1
previous,1
congregation,1
ob,1
importantly,1
lucrative,1
catherine,1
sponsor,1
described,1
rejected,1
distortion,1
low,1
open,1
significance,1
clear,1
discovered,1
biblical,1
ecc,1
squawks,1
hara,1
leads,1
metropol,1
laboratories,1
doctors,1
oc,1
clouds,1
peripheral,1
monkey,1
relatively,1
costumes,1
soldiers,1
health,1
essay,1
peter,1
casimir,1
spawned,1
counter,1
held,1
secreted,1
eve,1
construc,1
attach,1
started,1
genetics,1
ef,1
geographically,1
inf,1
rewarded,1
function,1
brussels,1
plant,1
hardship,1
features,1
depiction,1
housed,1
cally,1
serves,1
herculean,1
filled,1
kept,1
offer,1
spirits,1
traction,1
mor,1
unheard,1
improved,1
fancy,1
tributing,1
ural,1
primer,1
accused,1
ntongela,1
hitherto,1
latter,1
instruction,1
witchdoc,1
graphic,1
esteem,1
decisively,1
ordonnance,1
silly,1
applicants,1
systems,1
eyes,1
parallel,1
painting,1
chapel,1
juncture,1
reads,1
relation,1
tingly,1
greeted,1
narrow,1
sight,1
suffers,1
enabled,1
britain,1
reli,1
influences,1
rupture,1
hi,1
enthusiastically,1
vide,1
assistants,1
looks,1
intercontinental,1
sept,1
dominance,1
equivalent,1
looked,1
slide,1
cinematic,1
cape,1
resentations,1
relative,1
beam,1
lemarchand,1
visualizing,1
conveyed,1
overdetermined,1
scientitifci,1
quarter,1
rehabilitated,1
rian,1
nashville,1
pastor,1
indige,1
christianheadlines,1
decolonization,1
translator,1
separate,1
rope,1
suggest,1
depth,1
consists,1
indoctrination,1
accepting,1
dawn,1
arriving,1
bhekizizwe,1
relying,1
discussing,1
beset,1
tious,1
flesh,1
stanleyville,1
aid,1
walch,1
seclusion,1
deiseases,1
dominates,1
stony,1
publishing,1
wandered,1
replied,1
fairly,1
prolifer,1
legacy,1
complaining,1
quotidian,1
vicissitudes,1
segments,1
humanitarian,1
crucial,1
ecole,1
usually,1
outsiders,1
bowen,1
impressive,1
practical,1
maps,1
bound,1
foster,1
dripping,1
hill,1
unbearable,1
fuller,1
tante,1
coy,1
exacerbated,1
celebration,1
tusks,1
sway,1
attacking,1
cupations,1
becomes,1
lost,1
army,1
concluding,1
un,1
pop,1
transformed,1
team,1
lukengo,1
velopment,1
non,1
bakongo,1
recognize,1
try,1
length,1
tee,1
expedients,1
strive,1
marched,1
scured,1
interdit,1
surprising,1
oldest,1
dead,1
kings,1
charlottesville,1
mother,1
subjstituing,1
heathens,1
elder,1
purveying,1
mosley,1
face,1
articles,1
problematic,1
eugene,1
interspersed,1
joseph,1
council,1
attachment,1
exchanged,1
earliest,1
stable,1
considered,1
coterie,1
vhs,1
strange,1
supply,1
dance,1
produc,1
unpacking,1
regularly,1
evange,1
suggestions,1
curious,1
conscription,1
eradicate,1
heavy,1
unfiltered,1
liked,1
thinking,1
constant,1
recruiting,1
admettre,1
terrible,1
believed,1
turmoil,1
demographics,1
arrest,1
complexity,1
version,1
ism,1
storyboards,1
consider,1
dissemination,1
playgrounds,1
graveyard,1
reverberated,1
needs,1
conceptualization,1
athens,1
detachment,1
demonstrate,1
agents,1
zoo,1
extensive,1
contribu,1
geographic,1
flatly,1
ner,1
accounts,1
damaging,1
htm,1
cate,1
pace,1
elicited,1
theme,1
milieu,1
exposition,1
totality,1
cinematographiques,1
awakening,1
mained,1
purveyor,1
willingness,1
supported,1
wright,1
sentations,1
eleven,1
offers,1
viving,1
ists,1
repository,1
forty,1
know,1
excess,1
ran,1
zulus,1
stirs,1
deficiencies,1
intellectual,1
colonization,1
darkest,1
introducing,1
celluloid,1
sure,1
budgetary,1
aberration,1
cated,1
accessed,1
paper,1
cultures,1
autonomous,1
worth,1
kwame,1
expanding,1
prolific,1
commission,1
connection,1
porterage,1
nent,1
seem,1
believe,1
mercy,1
vari,1
flowing,1
ivory,1
fabrication,1
down,1
villain,1
ph,1
propaganda,1
wall,1
erickson,1
determination,1
episodic,1
bafiba,1
returns,1
cures,1
personnes,1
sellers,1
post,1
riveting,1
vibrant,1
particularly,1
reproduces,1
ar,1
plague,1
obviously,1
countering,1
grievances,1
sihouette,1
nary,1
benefit,1
choosing,1
lockstep,1
cities,1
purview,1
stereopticon,1
utilized,1
gaged,1
rural,1
consciousness,1
works,1
scores,1
sullen,1
oliver,1
intoned,1
relo,1
posses,1
studies,1
cal,1
purported,1
assegais,1
newlyweds,1
didn,1
draw,1
suffering,1
according,1
purchase,1
heads,1
hidden,1
notable,1
objectivity,1
carefully,1
combined,1
circles,1
aiding,1
offering,1
list,1
migratory,1
tow,1
ones,1
stance,1
evangelical,1
want,1
cause,1
tailored,1
trope,1
males,1
thirty,1
livinstone,1
converting,1
exhilarating,1
saint,1
protective,1
ies,1
masilela,1
penetration,1
simulacrum,1
censorship,1
consisting,1
fram,1
modernizing,1
engagements,1
translators,1
baudrillard,1
mandated,1
collapsible,1
projection,1
boys,1
split,1
episode,1
nederveen,1
vil,1
sordid,1
universe,1
reaffirms,1
blouses,1
inde,1
conveniently,1
boston,1
bought,1
howard,1
outline,1
sheltering,1
level,1
owner,1
org,1
exploitative,1
adventist,1
porridge,1
careful,1
code,1
multiple,1
ill,1
vir,1
overseeing,1
thereby,1
ambushed,1
regated,1
tri,1
sumed,1
city,1
scramble,1
procure,1
erroneously,1
popularity,1
civ,1
vances,1
inaugurated,1
capitalize,1
impose,1
controls,1
mineworkers,1
rigid,1
nkrumah,1
duction,1
narios,1
screen,1
pic,1
entrepreneurs,1
copper,1
clothing,1
describes,1
ranks,1
phenomenon,1
challenges,1
fast,1
conti,1
coming,1
ann,1
named,1
embarrassments,1
producer,1
tographer,1
promoted,1
nately,1
formation,1
students,1
voluminous,1
firelight,1
models,1
examples,1
carriers,1
instructive,1
argument,1
touch,1
score,1
entity,1
editor,1
suffuses,1
difference,1
intransigence,1
relocates,1
average,1
observed,1
clamor,1
numerous,1
leper,1
lizing,1
national,1
discursive,1
accept,1
imperative,1
aware,1
giggie,1
publicized,1
crisis,1
dangerous,1
parallels,1
contributed,1
immorality,1
approximately,1
curing,1
fauna,1
tertainment,1
define,1
enabling,1
consumption,1
smears,1
evidence,1
sur,1
files,1
cessionaries,1
gen,1
congrega,1
olent,1
pseudo,1
regular,1
attributes,1
symbolizes,1
you,1
helplessly,1
tellingly,1
superstitutions,1
superstitions,1
daughter,1
promptly,1
peripheries,1
measured,1
comedies,1
remains,1
speak,1
increased,1
campaign,1
ships,1
archaic,1
traveling,1
ruth,1
diss,1
tations,1
moved,1
sidbury,1
tidings,1
barry,1
foulkes,1
spectator,1
tradi,1
prideful,1
endnotes,1
elites,1
charged,1
headed,1
youngsters,1
cook,1
except,1
reached,1
cline,1
cheaper,1
activities,1
hobbled,1
embraces,1
manioc,1
substantial,1
exclusively,1
mutilated,1
element,1
characters,1
entire,1
charging,1
evangelicals,1
unfairly,1
strong,1
uk,1
technological,1
zones,1
tired,1
loin,1
assists,1
statement,1
fiscal,1
meeting,1
proponent,1
asked,1
imbibe,1
frankly,1
termed,1
delayed,1
customs,1
major,1
row,1
gold,1
