WORDCOUNTS,WEIGHT
the,883
of,657
and,633
in,362
a,201
to,197
pp,181
history,143
economic,130
by,99
as,99
for,96
that,92
was,86
on,85
m,84
s,78
from,69
figure,68
england,57
population,55
review,54
wages,54
is,54
p,53
society,52
prices,51
death,50
with,49
growth,48
this,48
were,48
have,47
campbell,46
grain,46
historical,46
black,45
it,44
new,43
environmental,41
century,41
years,41
c,40
europe,37
english,36
an,36
been,36
are,36
world,35
had,35
see,35
between,34
r,33
medieval,32
nature,32
b,32
famine,32
change,32
which,32
yields,32
j,31
real,31
weather,31
its,31
year,30
baillie,30
ireland,30
crisis,30
these,28
more,28
their,27
cambridge,27
plague,27
evidence,27
no,26
but,26
upon,26
land,26
d,26
at,25
per,25
all,25
harvests,23
agrarian,23
great,23
than,23
l,23
ed,23
harvest,23
economy,23
fourteenth,23
those,21
greenland,21
not,21
north,21
h,20
there,20
bruce,20
climatic,20
f,20
chronology,20
pine,20
conditions,20
early,20
they,19
crops,19
most,19
chronologies,19
so,19
one,18
sources,18
long,18
some,18
g,18
protagonist,18
be,18
clark,17
failure,17
oxford,17
demographic,17
brown,17
european,17
agricultural,17
such,16
price,16
impact,16
indexed,16
ice,16
time,16
oak,16
over,16
historians,15
development,15
record,15
figures,15
priory,15
when,15
smith,15
disease,15
who,15
has,15
three,14
climate,14
cent,13
first,13
e,13
human,13
since,13
out,13
data,13
biological,13
or,13
social,13
also,13
zealand,13
centuries,13
market,12
humans,12
other,12
british,12
may,12
numbers,12
cattle,12
light,12
spread,12
northern,12
temperatures,12
both,12
farmer,11
wage,11
past,11
even,11
eds,11
i,11
farm,11
mortality,11
natural,11
number,11
much,11
dendrochronology,11
into,10
tree,10
n,10
w,10
hopkins,10
irish,10
prevailing,10
phelps,10
rise,10
fact,10
workers,10
then,10
schofield,10
trees,10
average,10
course,10
little,10
advanced,9
last,9
march,9
bailey,9
old,9
mean,9
derived,9
changes,9
bad,9
greater,9
late,9
example,9
during,9
winter,9
indicators,9
inverted,9
two,9
only,9
where,9
less,9
isles,9
would,9
k,9
life,9
physical,9
volcanic,9
yield,9
introduction,8
modern,8
production,8
supplied,8
atlantic,8
vol,8
titow,8
polar,8
labour,8
further,8
manorial,8
reduction,8
trends,8
event,8
master,8
core,8
seed,8
provided,8
many,8
another,8
significant,8
net,8
after,8
dawson,8
aegean,8
structure,8
analysis,8
associated,8
series,8
did,8
far,8
accounts,8
almost,8
middle,8
given,8
ser,8
before,7
www,7
case,7
rolls,7
america,7
minimum,7
inflation,7
reconstructed,7
urals,7
chambers,7
parts,7
winchester,7
age,7
manor,7
brenner,7
well,7
oaks,7
wheat,7
t,7
below,7
hemisphere,7
research,7
productivity,7
therefore,7
short,7
worst,7
bolton,7
power,7
ages,7
can,7
continued,7
kershaw,7
any,7
tawney,7
cohn,7
global,7
what,7
idem,7
postan,7
tasmania,7
major,7
extreme,6
shocks,6
cedars,6
oxen,6
ii,6
state,6
within,6
sixteenth,6
immediate,6
perspective,6
fines,6
van,6
his,6
eight,6
university,6
peasants,6
peasant,6
proved,6
suffolk,6
problems,6
could,6
events,6
hatcher,6
third,6
recently,6
malthusian,6
al,6
because,6
tenants,6
database,6
horrox,6
et,6
next,6
heriots,6
customary,6
paid,6
crime,6
reduced,6
famines,6
divergence,6
allen,6
plagues,6
single,6
about,6
professor,6
payments,6
never,6
do,6
cathedral,6
dating,6
points,6
eve,6
become,6
present,6
factors,6
class,6
responsible,6
heavy,6
each,6
scots,6
growing,6
nominal,6
marriages,6
wrigley,6
until,6
although,6
bovine,6
recent,6
way,5
meteorological,5
epidemic,5
fennoscandia,5
gr,5
demesne,5
source,5
turning,5
certainly,5
razi,5
dodds,5
nevertheless,5
hallam,5
epstein,5
recorded,5
marked,5
supply,5
correlation,5
corresponding,5
de,5
component,5
calculated,5
vries,5
inversion,5
z,5
cases,5
fig,5
http,5
edinburgh,5
journal,5
jones,5
influence,5
whose,5
munro,5
importance,5
lay,5
animals,5
producers,5
view,5
conquest,5
standards,5
result,5
abbey,5
war,5
part,5
records,5
statistics,5
least,5
contrast,5
around,5
disaster,5
manchester,5
da,5
up,5
estates,5
massive,5
south,5
populations,5
indeed,5
east,5
temperate,5
index,5
without,5
eruption,5
pressure,5
doubt,5
above,5
available,5
shifts,5
bond,5
lecture,5
holocene,5
west,5
trend,5
previous,5
accessed,5
times,5
capitalism,5
potato,5
sometimes,5
ecological,5
criminal,5
merchets,5
deaths,5
abnormal,5
inquisitiones,5
graphs,5
following,5
manors,5
half,5
living,5
problem,5
level,5
atmospheric,5
precision,5
national,5
finally,5
prolonged,5
bartley,5
braudel,5
point,5
debate,5
livestock,5
benedictow,5
close,5
mostly,4
flow,4
estimated,4
if,4
later,4
episodes,4
trans,4
scottish,4
likewise,4
large,4
complex,4
studies,4
former,4
grove,4
total,4
diffusion,4
repr,4
broken,4
right,4
essex,4
pfister,4
juniper,4
failures,4
cooling,4
merchet,4
money,4
agriculture,4
huon,4
taxation,4
variations,4
resources,4
conflict,4
consumables,4
emigration,4
turn,4
document,4
profound,4
output,4
left,4
rhythm,4
borne,4
bruces,4
argentina,4
occasion,4
poverty,4
air,4
philpin,4
yet,4
edward,4
levels,4
space,4
moreover,4
sown,4
established,4
severity,4
grains,4
clearly,4
too,4
four,4
experienced,4
recovered,4
followed,4
queen,4
aston,4
marriage,4
mcnamee,4
tithe,4
worker,4
term,4
circulation,4
equally,4
transactions,4
purchased,4
scale,4
woodbridge,4
wealth,4
however,4
future,4
edn,4
precipitated,4
own,4
lordship,4
through,4
notes,4
critical,4
he,4
units,4
situation,4
demand,4
scientific,4
identified,4
britton,4
community,4
reconstruction,4
registered,4
southern,4
abrupt,4
stothers,4
scarcity,4
heriot,4
livi,4
initiation,4
same,4
industrial,4
again,4
others,4
cedar,4
eruptions,4
v,4
fitzroya,4
greatest,4
made,4
mayewski,4
use,4
food,4
labourers,4
processes,4
reproduction,4
archaeological,4
scandinavia,4
why,4
stand,4
diamond,4
destruction,4
relative,4
canterbury,4
relationship,4
dendrochronologies,4
note,4
movements,4
transformed,4
bears,4
ebb,4
imperialism,4
biology,4
duncan,4
wars,4
magnitude,4
here,4
alternative,4
set,4
different,4
key,4
basket,4
livingstone,4
capita,4
rose,4
terms,4
bacci,4
nonae,4
episode,4
freedom,4
belfast,4
scott,4
chile,4
spring,4
invasion,4
crosby,4
redrawn,4
effects,4
area,4
substantial,4
uk,4
final,3
archives,3
o,3
page,3
connection,3
succession,3
american,3
overton,3
stone,3
catastrophe,3
sudden,3
western,3
occurred,3
nineteenth,3
baker,3
experience,3
fluctuations,3
predominantly,3
cast,3
yorkshire,3
fifteenth,3
evolution,3
spalding,3
declined,3
falling,3
tradition,3
wave,3
origin,3
government,3
harvey,3
greatly,3
regression,3
infection,3
ad,3
dearth,3
badly,3
iii,3
eastern,3
rigby,3
subsequent,3
inverse,3
prior,3
determined,3
activity,3
measuring,3
holland,3
exposed,3
central,3
thus,3
zdil,3
hazards,3
draught,3
severe,3
difficulties,3
run,3
due,3
arable,3
relations,3
raises,3
br,3
jr,3
nonarum,3
back,3
contrary,3
outbreaks,3
witnessed,3
delivered,3
though,3
sen,3
site,3
civilization,3
devastating,3
arising,3
how,3
remain,3
explicit,3
revenues,3
rats,3
hanawalt,3
similar,3
direct,3
consequences,3
smout,3
means,3
inclement,3
thornton,3
possibly,3
continuity,3
elsewhere,3
contemporaries,3
malthus,3
argued,3
show,3
benchmarking,3
beyond,3
hertfordshire,3
tides,3
moving,3
kennedy,3
guns,3
seven,3
conspicuous,3
economics,3
scotland,3
lydon,3
cows,3
memory,3
gains,3
consecutive,3
clarkson,3
significantly,3
deceased,3
apparent,3
burroughs,3
whole,3
place,3
downturn,3
freehold,3
status,3
norfolk,3
regions,3
vetches,3
thirteenth,3
revolution,3
suggest,3
deadlock,3
kent,3
several,3
mitchell,3
highly,3
rye,3
dramatic,3
utterstr,3
decline,3
halesowen,3
annual,3
weightings,3
using,3
value,3
grateful,3
am,3
aggregate,3
nations,3
second,3
reductions,3
onset,3
military,3
overall,3
exile,3
legumes,3
poor,3
april,3
still,3
unprecedented,3
triggering,3
positive,3
wake,3
thought,3
array,3
thesis,3
tax,3
tenant,3
law,3
fell,3
added,3
efforts,3
crop,3
tithes,3
end,3
contemporary,3
pattern,3
patterns,3
accepted,3
seventeenth,3
slice,3
material,3
remained,3
birth,3
including,3
entirely,3
bishopric,3
questions,3
crises,3
clear,3
health,3
period,3
summer,3
high,3
repeated,3
feet,3
pro,3
opposite,3
quo,3
five,3
institutions,3
pestilence,3
detailed,3
norwich,3
rains,3
rapidly,3
anthropocentric,3
antarctic,3
matters,3
environment,3
meaned,3
steel,3
ever,3
numismatic,3
text,3
sweden,3
receipts,3
colonisation,3
particularly,3
losses,3
rural,3
purchase,3
whether,3
cause,3
blight,3
oats,3
stern,3
ill,3
sea,3
subsidies,3
variability,3
germs,3
phenomenon,3
tions,3
come,3
poos,3
observation,3
coefficient,3
themselves,3
bristlecone,3
era,3
modelling,2
sins,2
common,2
curtailed,2
epidemics,2
implies,2
basingstoke,2
enduring,2
agency,2
essays,2
prime,2
hickey,2
formed,2
organic,2
likely,2
warfare,2
steensberg,2
decade,2
character,2
harsh,2
avarice,2
something,2
contested,2
calibration,2
princeton,2
descriptions,2
perplexed,2
fitfully,2
negative,2
lower,2
being,2
consistent,2
attribute,2
else,2
either,2
briggs,2
submitted,2
every,2
swedish,2
preceding,2
give,2
rapid,2
attempt,2
capital,2
historiography,2
dantean,2
lincolnshire,2
reasons,2
arctic,2
hackett,2
archive,2
composition,2
court,2
resulting,2
debt,2
somewhat,2
date,2
political,2
normal,2
malanima,2
committed,2
univ,2
system,2
dr,2
roy,2
mill,2
task,2
capacity,2
advice,2
mass,2
draw,2
shapers,2
account,2
quantities,2
replacement,2
unpub,2
fogs,2
information,2
mounting,2
mental,2
combination,2
except,2
x,2
consequent,2
hudson,2
mid,2
tribute,2
million,2
expandiert,2
married,2
surely,2
dendrochronological,2
inevitable,2
against,2
unpublished,2
lectures,2
heightened,2
pay,2
fischer,2
bulls,2
elements,2
developments,2
symptoms,2
concert,2
ziegler,2
consequently,2
mayhew,2
schweingruber,2
generation,2
rates,2
ment,2
phases,2
impetum,2
failed,2
mechanisms,2
hamlet,2
via,2
recognized,2
impacts,2
york,2
essential,2
act,2
main,2
dry,2
landscape,2
reign,2
indirect,2
subsistence,2
earlier,2
europa,2
contributions,2
references,2
witness,2
nesje,2
distant,2
amplitude,2
rising,2
nor,2
url,2
expectancy,2
presumably,2
welfare,2
colder,2
sulphate,2
powerful,2
longed,2
defeat,2
surge,2
important,2
genous,2
holdings,2
whereas,2
raw,2
closely,2
societies,2
difficulty,2
devastation,2
zanden,2
deal,2
blockmans,2
dislocation,2
italiana,2
markets,2
cosgrove,2
kinship,2
dreams,2
heirs,2
understood,2
causes,2
durham,2
wales,2
effect,2
based,2
appears,2
compotus,2
iceland,2
lyons,2
explain,2
public,2
influenced,2
reason,2
improve,2
having,2
literature,2
circumstantial,2
cormac,2
medievalists,2
rinderpest,2
watts,2
relief,2
newfield,2
davies,2
abel,2
inherited,2
partly,2
collective,2
people,2
risks,2
thereafter,2
employed,2
overseas,2
resort,2
feast,2
towards,2
latimer,2
nicholls,2
good,2
published,2
normally,2
sense,2
caused,2
presented,2
working,2
cold,2
pronounced,2
bourke,2
volume,2
order,2
le,2
mediterranean,2
june,2
altered,2
peak,2
briffa,2
essentially,2
jordan,2
somerset,2
dependent,2
roots,2
behalf,2
content,2
cropped,2
periods,2
secret,2
hindolveston,2
louth,2
britain,2
wrote,2
expansion,2
barley,2
horses,2
classic,2
unstable,2
xl,2
currency,2
kissock,2
innovation,2
powerfully,2
security,2
abnormalities,2
under,2
neither,2
asia,2
assistance,2
culture,2
sales,2
toronto,2
inheritance,2
raids,2
endo,2
double,2
testimony,2
lee,2
delivery,2
outbreak,2
book,2
redgrave,2
chance,2
daly,2
consideration,2
areas,2
recurrent,2
striking,2
across,2
instability,2
gaelic,2
break,2
farming,2
considerable,2
hand,2
demesnes,2
arisen,2
geography,2
centre,2
continuing,2
ensured,2
relevant,2
immature,2
council,2
agencies,2
belief,2
project,2
crescita,2
wood,2
free,2
day,2
local,2
original,2
breakdown,2
supplies,2
explanation,2
range,2
eighteenth,2
flaw,2
sides,2
arose,2
sn,2
increase,2
langdon,2
varying,2
eclipsed,2
waste,2
combining,2
succumbed,2
operated,2
returned,2
inflicted,2
catalyst,2
recovery,2
grip,2
village,2
theoretical,2
low,2
significance,2
corrupted,2
earth,2
amounts,2
co,2
ladurie,2
held,2
general,2
individual,2
helpful,2
ended,2
abundant,2
hitherto,2
latter,2
spent,2
especially,2
article,2
often,2
anderson,2
bavel,2
probably,2
slightly,2
versus,2
we,2
anomaly,2
applies,2
mortem,2
hoppenbrouwers,2
periodic,2
me,2
independent,2
alternate,2
ordinary,2
force,2
began,2
originated,2
inadequate,2
paradoxical,2
owed,2
existed,2
fall,2
implications,2
ing,2
deuterium,2
mirror,2
issue,2
fertility,2
osborn,2
tuchman,2
version,2
comparison,2
archaeology,2
exogenous,2
extending,2
agents,2
determinants,2
precise,2
offers,2
sustained,2
equation,2
know,2
outcome,2
excess,2
dimension,2
dairy,2
country,2
reversal,2
expanding,2
inclined,2
herlihy,2
contained,2
best,2
seigniorial,2
post,2
eventually,2
equilibrium,2
leijonhufvud,2
beginning,2
explanations,2
victims,2
combined,2
mccloskey,2
particular,2
independently,2
westminster,2
map,2
theory,2
extent,2
always,2
barely,2
incomes,2
emphasis,2
deflation,2
karlsson,2
reported,2
decisive,2
meeker,2
andwales,2
became,2
role,2
ac,2
intended,2
lies,2
extensive,2
families,2
harrison,2
waves,2
twigg,2
jan,2
our,2
false,2
lamb,2
commercial,2
lands,2
surface,2
advent,2
twentieth,2
paradigm,2
institutional,2
temperature,2
crimes,2
environ,2
bear,2
attributes,2
voluntary,2
measured,2
brunt,2
offered,2
specific,2
compounded,2
gaol,2
shrank,2
russia,2
transitory,2
maximum,2
entire,2
traditional,2
bondwomen,2
seek,2
technological,2
concise,2
arnold,2
building,2
successive,2
ca,2
inflationary,1
spikes,1
frequent,1
miller,1
gis,1
combi,1
maarten,1
ments,1
go,1
does,1
reckoning,1
superstitious,1
der,1
ja,1
interpre,1
done,1
struggle,1
unrestrained,1
sussex,1
limits,1
prefer,1
pleaded,1
destroying,1
obey,1
anthony,1
estate,1
generated,1
berks,1
tion,1
medium,1
faced,1
slaughter,1
acre,1
weeding,1
affected,1
dendrochrono,1
reconsidered,1
abnormally,1
discredited,1
college,1
heights,1
coast,1
determine,1
urnea,1
intriguing,1
now,1
alone,1
unusu,1
concurrence,1
notably,1
manuscript,1
trajectories,1
systemic,1
everybody,1
forcing,1
registering,1
needed,1
engendering,1
mike,1
provisions,1
mobility,1
larry,1
tend,1
ma,1
live,1
uniquely,1
ostensibly,1
irrespective,1
approaches,1
shortfall,1
contend,1
better,1
carting,1
trilogy,1
iso,1
waltham,1
undertaken,1
necessarily,1
mainland,1
tween,1
inequality,1
ormrod,1
detrimental,1
amply,1
cusp,1
observing,1
tunity,1
maybe,1
garsington,1
straitened,1
induced,1
edu,1
track,1
migration,1
eye,1
nitude,1
explicable,1
properties,1
downturns,1
charity,1
file,1
round,1
came,1
grada,1
archaeologists,1
inhibited,1
stressed,1
destabilizing,1
thefts,1
relieve,1
hence,1
oppor,1
abate,1
creation,1
localities,1
posed,1
regeneration,1
victim,1
proudfoot,1
taken,1
bettered,1
anomalies,1
might,1
meon,1
lomas,1
emerged,1
diseases,1
seems,1
hype,1
fallout,1
memorial,1
reach,1
shaped,1
incessant,1
frameset,1
latitudes,1
concede,1
broadly,1
entitlements,1
warm,1
theme,1
display,1
ben,1
counter,1
gradual,1
indefinite,1
buyer,1
potentially,1
synthesis,1
chroniclers,1
volcano,1
able,1
hemispherical,1
thanks,1
mag,1
scandinavians,1
huaynaputina,1
histo,1
invalidate,1
lasting,1
quarantine,1
help,1
achieved,1
feature,1
berlin,1
notoriously,1
petty,1
mind,1
blackwell,1
marine,1
soc,1
principal,1
access,1
china,1
involution,1
welsh,1
shakings,1
threshold,1
widening,1
context,1
triggered,1
datable,1
respite,1
documenting,1
murrain,1
evaluation,1
pullout,1
takes,1
occasional,1
moulton,1
incredulous,1
sophisticated,1
deviation,1
excusable,1
moisture,1
promulgated,1
yeates,1
king,1
adverse,1
primary,1
tal,1
iv,1
demography,1
killed,1
weston,1
figs,1
opened,1
felt,1
possible,1
upward,1
condition,1
realize,1
contribut,1
characterize,1
reaching,1
hungry,1
alter,1
october,1
intriguingly,1
indios,1
richard,1
births,1
vital,1
obvious,1
prevails,1
dutch,1
pestis,1
whatever,1
taking,1
fatalities,1
rela,1
very,1
panic,1
diffused,1
cumberland,1
dynamic,1
compares,1
anticipated,1
along,1
alighieri,1
undoubtedly,1
ponent,1
threshing,1
contemporanea,1
economies,1
identifies,1
worcestershire,1
eroded,1
monastic,1
yates,1
hazard,1
harold,1
framework,1
wherever,1
plainly,1
li,1
etched,1
mortalities,1
lorraine,1
throughout,1
collapse,1
historically,1
author,1
eventual,1
illustrates,1
revisions,1
precipitating,1
anomalous,1
wind,1
silent,1
essay,1
erable,1
scarce,1
millennium,1
seismic,1
interest,1
collapsed,1
characteristic,1
regarded,1
acta,1
honest,1
ern,1
ransom,1
afford,1
writ,1
avalanche,1
privilege,1
comprised,1
remuneration,1
exhausted,1
priority,1
contagious,1
occasioned,1
adam,1
icecore,1
stored,1
covet,1
david,1
arguably,1
vom,1
depend,1
density,1
subtracted,1
ante,1
ipm,1
midlands,1
starved,1
response,1
quantifying,1
restrict,1
justifiable,1
extraordinary,1
young,1
allowing,1
wiser,1
minus,1
compared,1
applying,1
continuous,1
overtaken,1
mechanical,1
died,1
rebuild,1
constant,1
ceaselessly,1
glastonbury,1
conspiracy,1
drawn,1
obscure,1
stimulating,1
communication,1
spite,1
corrected,1
mackay,1
exempted,1
details,1
olive,1
dublin,1
border,1
exempt,1
stagnation,1
harried,1
cosmic,1
terror,1
fellow,1
adult,1
economia,1
crawford,1
wanning,1
immunity,1
acknowledge,1
pivoting,1
unfortunate,1
contracting,1
purchasing,1
selected,1
exponents,1
higher,1
uppsala,1
rights,1
accumulate,1
digitisation,1
simultaneously,1
invaded,1
halved,1
reflects,1
inequitable,1
costs,1
nye,1
predicted,1
expected,1
rather,1
managers,1
esrc,1
impetus,1
checks,1
developed,1
silvestria,1
investigation,1
movers,1
miasmatic,1
tectonic,1
biggest,1
levying,1
incidence,1
stranger,1
stuttgart,1
completely,1
represented,1
suffer,1
opportunity,1
risk,1
weighting,1
proportion,1
expenditure,1
legal,1
leave,1
tidal,1
pages,1
revelation,1
enacted,1
study,1
scales,1
riding,1
tolls,1
burials,1
augmented,1
extremes,1
caps,1
gathering,1
understand,1
downward,1
susceptibility,1
escape,1
posthumously,1
alienate,1
metropolis,1
congested,1
consider,1
maiden,1
dichotomy,1
earthquakes,1
ramsey,1
xxxviii,1
organization,1
statistical,1
familiar,1
india,1
dalla,1
intrinsically,1
proposed,1
displays,1
instrument,1
upwards,1
upper,1
indefinitely,1
xi,1
situations,1
valuations,1
resorted,1
lomasj,1
graphic,1
commented,1
resource,1
additional,1
shorter,1
desperation,1
emeritus,1
encouragement,1
follow,1
peru,1
shed,1
bishops,1
steeper,1
organisation,1
circula,1
position,1
comprising,1
consequence,1
cost,1
your,1
putting,1
instance,1
permanent,1
coldest,1
plight,1
hit,1
painstakingly,1
testify,1
export,1
coincide,1
suggested,1
providing,1
footnote,1
wiltshire,1
stands,1
body,1
plausibly,1
hot,1
conflicts,1
told,1
behaviour,1
opening,1
foodstuff,1
expressed,1
advance,1
malcomson,1
formidable,1
endogenous,1
incomplete,1
pastoral,1
nounced,1
lead,1
allow,1
milling,1
horatio,1
six,1
lain,1
train,1
inherent,1
basin,1
search,1
called,1
strength,1
geophysical,1
schumpeterian,1
holding,1
waters,1
kate,1
lived,1
users,1
scaling,1
ocean,1
radical,1
contagion,1
grimmer,1
depletion,1
successors,1
distributor,1
successively,1
assisted,1
drewery,1
scepticism,1
worcs,1
malevolent,1
initial,1
parlous,1
attained,1
base,1
cores,1
respects,1
lent,1
linacre,1
ally,1
hants,1
rians,1
traced,1
informed,1
heaven,1
hatfield,1
epicentre,1
surges,1
lethal,1
bullion,1
bore,1
gill,1
afforded,1
agriculturae,1
intensity,1
killers,1
suffered,1
otherwise,1
windfall,1
conversa,1
xiv,1
tension,1
bumper,1
feudal,1
confirmation,1
counties,1
instrumental,1
nottingham,1
fox,1
comprehension,1
wide,1
negotiated,1
benign,1
property,1
scene,1
silver,1
technical,1
undermined,1
xix,1
trough,1
explore,1
invisible,1
restrain,1
frontispiece,1
work,1
inferred,1
landowners,1
mitteleuropa,1
already,1
strict,1
nine,1
entitlement,1
claim,1
county,1
favourable,1
fared,1
storms,1
breeding,1
civilisation,1
knowledge,1
nation,1
comment,1
confirms,1
revealed,1
excessive,1
woodland,1
indexes,1
eurocentric,1
used,1
bible,1
overview,1
gave,1
kindly,1
consistently,1
reynolds,1
issues,1
demonstrates,1
destination,1
ricardo,1
increasingly,1
cluster,1
structures,1
saskatchewan,1
documented,1
forces,1
withstanding,1
bishop,1
provoking,1
legislation,1
haven,1
reconstructing,1
fickle,1
won,1
burden,1
interpreted,1
endorsement,1
graph,1
memoirs,1
attributed,1
contradictions,1
approach,1
soup,1
analysed,1
subtle,1
atlas,1
entitle,1
staple,1
statistically,1
beneficial,1
computer,1
respon,1
uninterrupted,1
responsibility,1
lowest,1
fostered,1
theoretically,1
stage,1
palatinate,1
tested,1
coupled,1
philosophy,1
ricardian,1
emphasizes,1
phrase,1
diagnostic,1
midst,1
settlement,1
mented,1
vain,1
atmosphere,1
bank,1
involved,1
fast,1
encompasses,1
small,1
oct,1
ignore,1
driving,1
disposition,1
bray,1
resolution,1
depression,1
cool,1
industry,1
mi,1
distinguished,1
attached,1
tended,1
dedicated,1
xxvii,1
parliament,1
fully,1
ordish,1
st,1
majority,1
vi,1
diminished,1
appropriate,1
weigh,1
timescale,1
coincidences,1
rest,1
institu,1
reducing,1
geographical,1
linton,1
agrarkrisen,1
wirtschaftsgeschichte,1
distin,1
subsequently,1
survived,1
chronological,1
span,1
will,1
herein,1
battle,1
counteract,1
kitchens,1
highlights,1
furnished,1
fortunate,1
demographically,1
minor,1
ingenuity,1
derwoude,1
matter,1
variety,1
absence,1
materials,1
brisdecone,1
alia,1
penetrating,1
happy,1
lag,1
service,1
hardest,1
palaeoecology,1
vols,1
limited,1
bis,1
deadly,1
acknowledged,1
intimate,1
islands,1
landsales,1
neverthe,1
likening,1
july,1
ioc,1
alms,1
intervention,1
make,1
manifest,1
dissemination,1
movement,1
modes,1
strips,1
morphy,1
manuring,1
inhabited,1
bread,1
measure,1
andtitow,1
pastures,1
heretics,1
once,1
flux,1
fevers,1
outlets,1
pivotal,1
dendrochronologists,1
turmoil,1
relied,1
portrayed,1
selling,1
floods,1
swept,1
meanwhile,1
intense,1
retreat,1
builds,1
alongside,1
soon,1
friends,1
deflect,1
borrowed,1
technology,1
expounded,1
botesdale,1
exposure,1
states,1
axiomatic,1
mitigate,1
viral,1
socio,1
perceived,1
puzzle,1
thetawney,1
processing,1
hinderclay,1
acting,1
enigmatic,1
complete,1
gov,1
overheat,1
lulled,1
broad,1
robust,1
words,1
noaa,1
mould,1
trebly,1
insights,1
hunger,1
department,1
unusually,1
virgin,1
waughj,1
twin,1
sector,1
rings,1
dante,1
street,1
actually,1
ordinance,1
members,1
leader,1
successfully,1
challenge,1
cedents,1
fennoscandian,1
height,1
academy,1
vigorated,1
similarly,1
safety,1
ask,1
causal,1
lowering,1
instabilities,1
financial,1
braudeps,1
prominently,1
averages,1
faster,1
unparalleled,1
baptisms,1
husbandmen,1
xii,1
rents,1
creative,1
plundering,1
colchester,1
powerless,1
documents,1
wetness,1
disturbed,1
rodents,1
viii,1
reasoning,1
downwards,1
totals,1
sodden,1
aug,1
everything,1
resolved,1
hinges,1
feedback,1
serious,1
anne,1
external,1
simple,1
payment,1
rhythms,1
serfdom,1
puzzling,1
forms,1
took,1
mild,1
decisively,1
remarkable,1
thousands,1
pandemics,1
influential,1
reversion,1
evaded,1
road,1
derivation,1
existing,1
renaissance,1
coincided,1
sueciae,1
waugh,1
andean,1
assortment,1
gdp,1
invitation,1
perhaps,1
daunting,1
unh,1
frequency,1
flint,1
impoverished,1
widespread,1
conceivably,1
reflected,1
elaine,1
remarkably,1
interrelationships,1
perseverance,1
spike,1
replaced,1
multidisciplinary,1
degree,1
northwestern,1
doubled,1
overshadowing,1
demonstrated,1
omnipotent,1
commercialized,1
credit,1
remote,1
parish,1
cliv,1
exploring,1
partible,1
investment,1
discussion,1
northumberland,1
rulers,1
relented,1
link,1
survive,1
fitful,1
worsening,1
observable,1
release,1
uncontainable,1
universitatis,1
esfdb,1
accompanying,1
endowment,1
scarcer,1
communities,1
desperate,1
raiders,1
depended,1
maris,1
manifestations,1
samples,1
faring,1
europeans,1
lvii,1
host,1
traded,1
prevailed,1
persisted,1
fareham,1
virtually,1
calamitous,1
factor,1
sequence,1
ideas,1
survey,1
circumstance,1
like,1
nothing,1
sible,1
radiocarbon,1
halving,1
check,1
graham,1
full,1
macro,1
sees,1
office,1
relegated,1
thrived,1
netherlands,1
described,1
vii,1
berkshire,1
monetary,1
bacterial,1
explorations,1
margaret,1
transformation,1
frustrated,1
stress,1
warwickshire,1
highlight,1
sozialund,1
agrarkonjunktur,1
interpret,1
ploughing,1
christopher,1
supplying,1
crushing,1
impelled,1
dendrochronologia,1
strange,1
responses,1
risen,1
curve,1
stresses,1
paths,1
easter,1
arteries,1
chilly,1
intrinsic,1
disasters,1
permitting,1
caspian,1
beadles,1
sian,1
finite,1
paleo,1
strongly,1
migrants,1
special,1
random,1
written,1
internal,1
outcomes,1
systems,1
unluckiest,1
parallel,1
editors,1
relation,1
narrow,1
animate,1
quadrupling,1
interpretations,1
taunton,1
respectively,1
tactics,1
xvi,1
exactly,1
banking,1
displayed,1
begun,1
construction,1
january,1
hard,1
adapted,1
everyday,1
preand,1
equivalent,1
pipe,1
ascribe,1
dreamt,1
staff,1
institution,1
tendency,1
vierteljahrschrift,1
bannockburn,1
ago,1
quarter,1
cen,1
thence,1
unrelated,1
reluctant,1
product,1
andwegmann,1
setbacks,1
solar,1
things,1
seasons,1
raiding,1
robberies,1
bon,1
marilyn,1
depressed,1
lviii,1
aid,1
reproduc,1
declaration,1
whittick,1
interconnections,1
today,1
publishing,1
medievale,1
coincidence,1
compensating,1
provide,1
usually,1
ridings,1
naturally,1
trended,1
claimed,1
prudent,1
fenland,1
contraction,1
lenks,1
fewer,1
exceptional,1
dimensions,1
subsidy,1
success,1
army,1
merton,1
off,1
tive,1
progressively,1
worse,1
effectively,1
sr,1
contribution,1
reverted,1
expert,1
cropyields,1
html,1
spanning,1
diagnosis,1
dundalk,1
methods,1
combines,1
extra,1
hi,1
expla,1
acquisition,1
surprising,1
ref,1
respect,1
lip,1
composed,1
coordination,1
fields,1
pinchbeck,1
months,1
instances,1
consid,1
unusual,1
nowhere,1
subtext,1
beasts,1
sound,1
confessed,1
crowded,1
ie,1
appreciate,1
quantitative,1
school,1
suggestions,1
seriously,1
variable,1
deposited,1
exercised,1
ipsen,1
jahrhundert,1
thinking,1
historian,1
xxiv,1
accordance,1
changing,1
tabulations,1
conjunction,1
circumstances,1
tered,1
existence,1
edmunds,1
demonstrate,1
struck,1
constituted,1
celtic,1
sank,1
htm,1
demo,1
accruing,1
known,1
implied,1
jenks,1
scrutiny,1
exacted,1
wargrave,1
carl,1
doi,1
funding,1
fundamen,1
utrecht,1
quickly,1
ran,1
unavailable,1
continental,1
intellectual,1
stamp,1
readily,1
finance,1
recurrence,1
herefordshire,1
transcriptions,1
turies,1
shares,1
impelling,1
sheep,1
share,1
bolide,1
extraction,1
seem,1
forebears,1
gone,1
referees,1
bologna,1
alexander,1
deprivation,1
down,1
straightforward,1
ph,1
expense,1
fluctuated,1
guished,1
chronicled,1
returns,1
inquiry,1
counting,1
milk,1
intro,1
levelled,1
magnified,1
sustaining,1
twelfth,1
houses,1
ir,1
freak,1
steppe,1
domesticated,1
distinctive,1
translating,1
northerly,1
passage,1
works,1
assessment,1
february,1
advances,1
merely,1
survivors,1
places,1
stagnated,1
depredations,1
according,1
scholarly,1
commodity,1
catastrophic,1
recession,1
shat,1
award,1
unique,1
them,1
invariably,1
stability,1
famously,1
form,1
yielded,1
plants,1
monastery,1
pertinent,1
males,1
attitudes,1
storm,1
signature,1
epizootic,1
shortfalls,1
leaving,1
dispensation,1
transaction,1
rimpton,1
while,1
shakespeare,1
healthy,1
manure,1
hypothesize,1
produce,1
reviewed,1
balance,1
wegmann,1
huge,1
precedent,1
observations,1
tempting,1
herd,1
italian,1
contain,1
size,1
xli,1
shropshire,1
conference,1
presume,1
amazed,1
revised,1
occasionally,1
exploitative,1
ruinously,1
documentary,1
logical,1
ruled,1
surrey,1
affecting,1
tightening,1
altogether,1
revolutions,1
predictions,1
november,1
subsisting,1
wrought,1
giving,1
buy,1
justinian,1
subject,1
radiation,1
simply,1
reappraisal,1
controls,1
congenial,1
dismal,1
acute,1
exceeded,1
harvesting,1
alternating,1
coins,1
maintained,1
und,1
fine,1
com,1
oceanic,1
think,1
london,1
supplyand,1
analogy,1
inefficient,1
shores,1
question,1
devoted,1
statute,1
imprudent,1
survival,1
considering,1
effectiveness,1
difference,1
reveals,1
marry,1
summit,1
conn,1
valve,1
initiated,1
similarity,1
knights,1
prak,1
ushered,1
herds,1
zum,1
strikingly,1
ueconomia,1
trauma,1
reversed,1
armstrong,1
approximately,1
instead,1
should,1
malthu,1
grown,1
fatal,1
usa,1
pnster,1
need,1
constructed,1
gross,1
levy,1
smaller,1
autumn,1
disruption,1
cheapness,1
france,1
ncdc,1
prospect,1
colleagues,1
discounted,1
await,1
stroud,1
gloucestershire,1
yersinia,1
remains,1
shift,1
increased,1
indices,1
tations,1
profits,1
reinstate,1
supported,1
barry,1
carbon,1
marts,1
assumed,1
ninth,1
meaning,1
regularity,1
interdisciplinary,1
methodologies,1
sceptical,1
chicago,1
reached,1
disrupting,1
create,1
views,1
element,1
rein,1
eloquently,1
interaction,1
corn,1
testified,1
focus,1
duration,1
trigger,1
immediately,1
strong,1
among,1
woude,1
owners,1
beings,1
longer,1
hilton,1
ossify,1
fortuitous,1
bury,1
evidently,1
row,1
