WORDCOUNTS,WEIGHT
the,863
of,503
and,452
in,416
to,360
a,269
that,184
was,170
bcg,166
s,150
health,120
as,109
for,107
india,107
it,100
rajaji,99
on,95
campaign,90
vaccination,84
medical,83
he,81
his,74
not,74
be,74
had,70
by,69
raman,63
with,62
were,58
is,57
medicine,56
who,55
from,55
c,55
this,54
government,52
but,51
see,50
at,47
b,47
an,46
madras,45
indian,45
tb,41
tuberculosis,40
g,40
people,40
they,39
public,39
mass,39
been,37
against,36
also,36
about,33
would,33
vaccine,32
international,31
unicef,31
have,31
state,30
no,30
more,30
report,30
one,29
western,29
their,29
opposition,29
resistance,29
world,29
new,28
could,27
its,27
we,27
nationalism,25
social,25
v,25
modernization,25
are,25
did,25
program,24
gandhi,24
modern,22
into,22
rp,22
only,22
which,22
file,21
first,21
i,21
there,21
installment,21
university,21
most,21
after,21
science,21
when,21
while,21
archives,20
research,20
wrote,20
like,20
what,20
subject,20
history,19
brimnes,19
or,19
palmer,19
committee,18
cf,18
ra,18
w,18
bx,18
itc,18
children,18
hindu,18
pd,18
press,18
niels,18
some,17
may,17
p,17
mcmillen,17
christian,17
why,17
before,16
global,16
all,16
other,16
such,16
minister,16
division,16
delhi,16
over,16
our,16
american,15
out,15
experts,15
used,15
these,15
pamphlet,15
disease,15
region,15
has,15
efficacy,14
asia,14
those,14
supporters,14
because,14
june,14
scientific,14
movement,14
kaur,14
time,14
smallpox,14
country,14
indians,14
if,13
dr,13
letter,13
general,13
example,13
mahler,13
will,13
many,13
made,13
man,13
him,13
technological,13
being,12
m,12
through,12
rajkumari,12
july,12
aug,12
rajagopalachari,12
so,12
sept,12
control,12
amrit,12
early,12
should,12
way,11
position,11
take,11
thus,11
r,11
field,11
oct,11
two,11
appeared,11
campaigns,11
she,11
problem,11
much,11
than,10
how,10
n,10
well,10
department,10
can,10
expert,10
countries,10
any,10
feb,10
years,10
national,10
e,9
case,9
journal,9
opposed,9
rather,9
support,9
director,9
just,9
eradication,9
union,9
found,9
part,9
solution,9
same,9
put,9
developing,9
k,9
began,9
considered,9
particularly,9
them,9
both,9
d,9
among,9
doubts,8
studies,8
ii,8
british,8
men,8
benjamin,8
based,8
protest,8
results,8
power,8
others,8
plan,8
express,8
quarterly,8
note,8
continued,8
peoples,8
fep,8
vaccinations,8
beginning,8
bhore,8
reported,8
became,8
come,8
between,8
scandinavian,7
now,7
truth,7
carroll,7
my,7
vol,7
politics,7
development,7
times,7
l,7
across,7
quoted,7
late,7
however,7
work,7
knowledge,7
own,7
good,7
published,7
order,7
society,7
trials,7
community,7
cheap,7
j,7
perceived,7
sanitation,7
cwmg,7
organizations,7
fact,7
never,7
do,7
where,7
use,7
referred,7
authorities,7
supported,7
here,7
according,7
ibid,7
agreed,7
november,7
conditions,7
association,7
declared,6
interventions,6
said,6
experiments,6
very,6
himself,6
doctors,6
central,6
body,6
effective,6
critique,6
parents,6
too,6
important,6
experimentation,6
greenough,6
during,6
ali,6
vaccines,6
up,6
south,6
economic,6
still,6
tosa,6
noted,6
outside,6
took,6
rajan,6
project,6
day,6
local,6
safety,6
august,6
especially,6
written,6
foreign,6
outsiders,6
dec,6
seen,6
ayurvedic,6
often,6
then,6
bhattacharya,6
regime,6
speech,6
february,6
institute,6
malaria,6
evidence,6
tamil,6
given,6
immediately,6
amrith,6
final,5
done,5
later,5
measures,5
holm,5
services,5
policy,5
chief,5
experience,5
highlighted,5
t,5
every,5
diseases,5
great,5
survey,5
issue,5
eminent,5
possible,5
interest,5
cases,5
nor,5
modernity,5
even,5
without,5
lives,5
argued,5
powerful,5
problems,5
instance,5
strategy,5
response,5
war,5
scale,5
provincial,5
having,5
responses,5
things,5
claim,5
around,5
decolonizing,5
demand,5
limited,5
april,5
intervention,5
biomedicine,5
criticism,5
yet,5
thought,5
assistance,5
included,5
again,5
treatment,5
debates,5
doubt,5
mohamed,5
present,5
oppose,5
nothing,5
continue,5
workers,5
article,5
britain,5
visit,5
claimed,5
fear,5
independence,5
success,5
life,5
united,5
hope,5
must,5
established,5
set,5
half,5
far,5
living,5
little,5
postcolonial,5
iraq,5
finally,5
accept,5
instead,5
states,5
themselves,5
fears,5
views,5
protests,4
mar,4
told,4
large,4
ways,4
h,4
decade,4
acceptance,4
might,4
attempt,4
vaccinated,4
emerged,4
thanks,4
scheme,4
launched,4
last,4
political,4
california,4
east,4
october,4
human,4
member,4
sanjoy,4
doctor,4
conducted,4
century,4
young,4
find,4
though,4
referring,4
johannes,4
nehru,4
study,4
solutions,4
inauguration,4
dated,4
requested,4
care,4
opinion,4
whom,4
societies,4
called,4
believer,4
apr,4
third,4
james,4
experiment,4
london,4
positions,4
literature,4
editorial,4
forces,4
mcdermott,4
conference,4
responsibility,4
teams,4
generally,4
newly,4
am,4
critical,4
second,4
various,4
comparative,4
schemes,4
reference,4
towards,4
technology,4
planned,4
efforts,4
critiques,4
mark,4
toward,4
officer,4
areas,4
immunization,4
contemporary,4
rhetoric,4
michael,4
council,4
eds,4
number,4
another,4
vast,4
laboratory,4
described,4
iyengar,4
held,4
characterized,4
creating,4
course,4
black,4
sentiment,4
effect,4
percent,4
postwar,4
looked,4
quarter,4
controversial,4
africa,4
emerging,4
articles,4
following,4
conclusion,4
bombay,4
simply,4
masses,4
organization,4
berkeley,4
different,4
worboys,4
best,4
ayurveda,4
historical,4
cause,4
statement,4
bodies,4
soper,4
ill,4
african,4
went,4
question,4
spirit,4
review,4
offer,4
effects,4
off,4
programme,4
entire,4
major,4
common,3
concerned,3
commitment,3
career,3
environmental,3
pradesh,3
center,3
advised,3
likely,3
live,3
reason,3
favor,3
ambitious,3
materials,3
fast,3
certainly,3
drugs,3
antivaccination,3
secretary,3
worked,3
england,3
official,3
seems,3
raghavan,3
throughout,3
mind,3
improving,3
subiect,3
raiagopalachari,3
papers,3
eradicate,3
chennai,3
eastern,3
shared,3
reaction,3
renowned,3
positioned,3
west,3
apart,3
desired,3
resources,3
controlled,3
hygiene,3
million,3
veracity,3
reject,3
run,3
since,3
september,3
magic,3
moment,3
admitted,3
kind,3
priority,3
pretensions,3
adopted,3
back,3
died,3
warned,3
wallgren,3
promised,3
operation,3
geneva,3
york,3
essential,3
earlier,3
similar,3
certain,3
perkins,3
uncertainties,3
calcutta,3
elsewhere,3
four,3
additional,3
vietnam,3
us,3
publicity,3
believed,3
view,3
kenya,3
critic,3
henceforth,3
effort,3
demands,3
fourth,3
reasons,3
informed,3
cultural,3
province,3
cannot,3
experimental,3
gone,3
safe,3
technical,3
aspects,3
improve,3
xix,3
specifically,3
directly,3
injection,3
tuberculin,3
carry,3
suspicion,3
nation,3
year,3
gave,3
place,3
actually,3
illustrious,3
newspaper,3
illegible,3
league,3
least,3
successful,3
hard,3
ranganathan,3
uninformed,3
involved,3
concerns,3
met,3
latest,3
always,3
managed,3
annual,3
visible,3
progress,3
correspondence,3
nations,3
led,3
letters,3
populations,3
short,3
indeed,3
antibiotics,3
once,3
challenged,3
neither,3
arguments,3
tackle,3
already,3
regional,3
fix,3
resolution,3
paul,3
financial,3
longer,3
stories,3
angry,3
svendsen,3
perhaps,3
original,3
demonstrated,3
knew,3
skepticism,3
prevention,3
randall,3
active,3
concern,3
team,3
skeptical,3
shetty,3
congress,3
full,3
clear,3
discovered,3
three,3
publication,3
agreement,3
co,3
allowed,3
period,3
mexico,3
stages,3
nadu,3
newspapers,3
become,3
overcome,3
dominance,3
sanitary,3
macmillan,3
walsh,3
attention,3
concluded,3
widely,3
carried,3
tests,3
figure,3
ministry,3
bulletin,3
understand,3
months,3
face,3
packard,3
invoked,3
dubious,3
know,3
prophylactic,3
readily,3
organized,3
novel,3
key,3
believe,3
down,3
hysteria,3
hospital,3
clearly,3
obviously,3
audience,3
guinea,3
past,3
better,3
poul,3
nationalist,3
making,3
civilized,3
correspondent,3
her,3
voice,3
information,3
almost,3
bacteria,3
larsen,3
show,3
role,3
easy,3
colonial,3
writing,3
harrison,3
nov,3
spring,3
editor,3
cambridge,3
poverty,3
twentieth,3
although,3
files,3
opinions,3
raiaii,3
you,3
worried,3
offered,3
wondered,3
injections,3
rest,3
debate,3
traditional,3
north,3
draft,3
sunil,2
struggle,2
limits,2
created,2
dangers,2
college,2
red,2
epidemic,2
minimum,2
designed,2
join,2
units,2
o,2
johns,2
supervised,2
child,2
protection,2
necessarily,2
aversion,2
expressed,2
remedy,2
arguing,2
nonetheless,2
alleged,2
princeton,2
ullah,2
reddy,2
intentions,2
highlight,2
appealed,2
cast,2
learned,2
give,2
attempts,2
taken,2
feeling,2
sunday,2
siddiqi,2
hardgrave,2
possibilities,2
eruption,2
available,2
copy,2
together,2
thank,2
blind,2
able,2
vikings,2
expansion,2
help,2
achieved,2
devised,2
biomedicai,2
raised,2
staff,2
robert,2
investigations,2
soured,2
within,2
infection,2
stopped,2
context,2
reorient,2
less,2
followers,2
side,2
globe,2
modernist,2
nearly,2
apt,2
primary,2
u,2
firm,2
design,2
account,2
felt,2
marked,2
compelling,2
recommendations,2
condition,2
drive,2
pronouncements,2
memo,2
magazine,2
say,2
except,2
advocating,2
cited,2
enter,2
irrational,2
introduction,2
urging,2
keeper,2
regarding,2
ravaged,2
facts,2
professor,2
due,2
realized,2
reproduced,2
barnett,2
unhealthy,2
assured,2
forced,2
elements,2
refer,2
memorandum,2
amount,2
six,2
eso,2
races,2
burma,2
look,2
decline,2
jones,2
immunity,2
word,2
poorly,2
grasp,2
srinivasa,2
van,2
failed,2
objectionable,2
philadelphia,2
recognized,2
adequate,2
whose,2
statements,2
biggest,2
month,2
doctrine,2
nurse,2
incidence,2
copley,2
antibiotic,2
banerji,2
derived,2
direct,2
special,2
danger,2
white,2
reforms,2
means,2
changes,2
colonizing,2
circulated,2
old,2
mission,2
wanted,2
possibly,2
colonialism,2
emergence,2
sick,2
linked,2
section,2
conclusions,2
realities,2
numbers,2
welfare,2
quarters,2
hoped,2
poor,2
definite,2
solve,2
whatsoever,2
providing,2
decades,2
opening,2
root,2
came,2
path,2
naturopathic,2
conservative,2
speeches,2
uneasiness,2
events,2
dmk,2
term,2
shall,2
madanapalle,2
recently,2
population,2
strong,2
tension,2
your,2
enough,2
hopkins,2
pigs,2
colonies,2
network,2
basis,2
betrayed,2
degrees,2
relief,2
journals,2
drawn,2
bolster,2
received,2
future,2
prominent,2
brought,2
neubauer,2
routinely,2
feared,2
elizabeth,2
ten,2
surprise,2
continuation,2
issues,2
inh,2
lingering,2
demonstration,2
away,2
surrounding,2
endorsed,2
president,2
variola,2
either,2
earth,2
uncivilized,2
change,2
accused,2
caused,2
working,2
talked,2
seized,2
stage,2
next,2
box,2
mediterranean,2
dangerous,2
quite,2
orient,2
long,2
several,2
sufficient,2
highly,2
governments,2
manchester,2
jeopardy,2
aside,2
method,2
dependent,2
proper,2
using,2
value,2
preliminary,2
passive,2
valuable,2
phase,2
appeal,2
threatened,2
indigenous,2
outsider,2
contest,2
practices,2
rampant,2
identified,2
rajmohan,2
service,2
intended,2
merits,2
fractured,2
constraints,2
tropical,2
convince,2
above,2
necessary,2
make,2
comments,2
inoculation,2
unprecedented,2
religious,2
southeast,2
single,2
oxford,2
rational,2
housing,2
recommendation,2
guindy,2
tnsa,2
policies,2
baltimore,2
largest,2
odds,2
reports,2
warranted,2
rip,2
name,2
successfully,2
death,2
desai,2
projects,2
head,2
lengthy,2
lack,2
ought,2
developed,2
daily,2
really,2
larger,2
considerable,2
cueto,2
expunging,2
guiana,2
serious,2
hand,2
begin,2
centre,2
accepted,2
belief,2
curative,2
controversy,2
degree,2
remained,2
slow,2
disagreements,2
need,2
xli,2
investigated,2
father,2
examples,2
considering,2
treated,2
critiqued,2
formal,2
chittoor,2
procedure,2
deplores,2
strongly,2
minds,2
entirely,2
asian,2
significant,2
expression,2
largely,2
assume,2
causes,2
educating,2
ideas,2
marcos,2
predictable,2
previous,2
office,2
optimistic,2
worry,2
crises,2
provoked,2
directed,2
language,2
symposium,2
david,2
interventionist,2
high,2
fred,2
latter,2
municipal,2
faith,2
systems,2
date,2
nichter,2
anderson,2
coimbatore,2
january,2
conscience,2
rhetorical,2
story,2
figures,2
versus,2
embodied,2
inferior,2
questionable,2
unrelated,2
suggest,2
reliable,2
relationship,2
aid,2
today,2
publishing,2
bureaucrats,2
popularity,2
crucial,2
willingly,2
consent,2
bound,2
lines,2
exceptional,2
deluding,2
debabar,2
executive,2
tapped,2
winkles,2
education,2
supporting,2
get,2
joseph,2
addressed,2
proof,2
fifteen,2
readers,2
girls,2
sanatoria,2
extensive,2
vi,2
known,2
mahatmaji,2
sweden,2
sustained,2
ran,2
each,2
anthropology,2
parental,2
paper,2
publicly,2
interested,2
unknown,2
argue,2
proved,2
explicitly,2
rural,2
consciousness,2
assessment,2
merely,2
vehement,2
idem,2
ones,2
particular,2
quote,2
icef,2
suspicions,2
madurai,2
ripe,2
boys,2
observations,2
suggests,2
emphasis,2
virginia,2
palgrave,2
danish,2
millions,2
svend,2
presented,2
boldly,2
son,2
despite,2
prospect,2
prevalent,2
convinced,2
plans,2
confronted,2
measure,2
invasive,2
programs,2
triumphantly,2
exploit,2
jan,2
andhra,2
argument,2
intensified,2
wish,2
documentation,2
ended,2
statesman,2
followed,2
parisad,2
limitations,2
speak,2
news,2
rejection,2
aarhus,2
era,2
enterprise,2
uncertainty,2
develop,2
appealing,2
lübeck,2
famous,2
beings,2
arnold,2
broader,2
meeting,2
asked,2
close,2
schmittlinger,1
ammunition,1
proposed,1
directors,1
liberally,1
complaint,1
vilified,1
mostly,1
surround,1
colditz,1
believers,1
phrased,1
oriented,1
ethiopian,1
horizontal,1
estimated,1
heroic,1
estate,1
bahawalpur,1
substances,1
generated,1
cent,1
groups,1
shortterm,1
therefrom,1
opponent,1
nest,1
mcdougall,1
plunging,1
praised,1
slaughter,1
brahman,1
adamantly,1
everyone,1
deserve,1
extreme,1
thrown,1
determine,1
alone,1
adoption,1
ultimate,1
frankel,1
notably,1
distributed,1
defenses,1
per,1
germany,1
heath,1
expect,1
everybody,1
village,1
speakers,1
steeped,1
group,1
becoming,1
needed,1
discover,1
enduring,1
touched,1
factories,1
ignoramus,1
forceful,1
ample,1
terrorcreating,1
essays,1
picked,1
conducting,1
catastrophe,1
library,1
specialist,1
english,1
continent,1
murder,1
approaches,1
cautiously,1
earthly,1
enticed,1
giants,1
ms,1
considerations,1
former,1
bhavan,1
trace,1
earnest,1
driven,1
laid,1
admonished,1
scientist,1
cornell,1
peppering,1
something,1
contested,1
migration,1
khan,1
eager,1
bryder,1
dose,1
institutes,1
turning,1
fires,1
test,1
anti,1
bengal,1
painful,1
reprinted,1
anything,1
defeated,1
else,1
programmes,1
explaining,1
provision,1
voices,1
www,1
humble,1
swedish,1
illnesses,1
epicenter,1
chakravarti,1
disagreement,1
domiciliary,1
bacilli,1
loneman,1
quoting,1
likewise,1
indicated,1
address,1
rush,1
opted,1
moulin,1
humans,1
expectation,1
forcibly,1
action,1
reassuringly,1
ourselves,1
rumor,1
freely,1
nature,1
lms,1
crippling,1
historiography,1
words,1
definition,1
memorial,1
equivocation,1
declined,1
principles,1
height,1
scientists,1
individuals,1
tradition,1
assess,1
advantage,1
accompanied,1
straightforward,1
dismayed,1
battery,1
isoniazid,1
witnessing,1
differences,1
tackling,1
timing,1
tactic,1
wave,1
imaginary,1
rich,1
producing,1
appendix,1
quotidian,1
link,1
krishna,1
plead,1
partaking,1
religion,1
madhya,1
friend,1
real,1
alarming,1
hands,1
judging,1
embrace,1
savan,1
miles,1
fullest,1
stand,1
respond,1
precisely,1
menut,1
healthxxiv,1
henry,1
watched,1
gifts,1
hindustan,1
lagos,1
ours,1
china,1
ruined,1
reading,1
solved,1
favoring,1
theodore,1
hostility,1
behind,1
personnel,1
worldwide,1
rethinking,1
circumvent,1
tragedy,1
explosive,1
system,1
converted,1
forum,1
injected,1
advocates,1
staunch,1
shaken,1
arrival,1
asleep,1
dying,1
historians,1
king,1
task,1
capacity,1
advice,1
adverse,1
sought,1
bases,1
immunizing,1
amplified,1
cleared,1
incorporate,1
correspondents,1
right,1
addresses,1
efficacious,1
custom,1
helpless,1
replacement,1
socialized,1
stance,1
machinery,1
georgetown,1
pleasant,1
admission,1
adopting,1
assure,1
solely,1
alter,1
tentative,1
countered,1
amazement,1
chairmanship,1
mental,1
point,1
regards,1
timothy,1
ideologically,1
coordinating,1
realistic,1
consolidating,1
along,1
laurels,1
precipitous,1
metaanalysis,1
fiercely,1
forged,1
dignity,1
doses,1
ross,1
warfare,1
allayed,1
benefit,1
virayya,1
funded,1
exposed,1
amit,1
tribute,1
repeatedly,1
complained,1
mistake,1
sacrilege,1
lara,1
andrew,1
scandinavia,1
terra,1
selves,1
sandbjerg,1
beating,1
profession,1
proceeded,1
explained,1
weakened,1
difficulties,1
copenhagen,1
pockets,1
quality,1
countless,1
bent,1
unpublished,1
personalities,1
author,1
agent,1
womb,1
outrage,1
forgotten,1
civilizing,1
relatively,1
sp,1
decided,1
relations,1
panic,1
predicament,1
afford,1
issued,1
participating,1
application,1
jr,1
pig,1
constellation,1
thoughtful,1
alison,1
pay,1
overly,1
expected,1
fouling,1
avdeling,1
outraged,1
dravidianism,1
progressive,1
bacon,1
hold,1
refuses,1
manna,1
rekindle,1
blame,1
lax,1
bay,1
document,1
contract,1
contrary,1
cow,1
compulsory,1
http,1
cranks,1
flawed,1
radio,1
wholly,1
suitable,1
cameroon,1
egypt,1
compared,1
applying,1
consulted,1
misleading,1
svenska,1
truly,1
thin,1
collaboration,1
profit,1
lakshmanan,1
irresistible,1
bangalore,1
farley,1
suitability,1
stimulating,1
practically,1
sterilizing,1
exempted,1
colleague,1
apparently,1
deeply,1
traditions,1
om,1
leadership,1
occasion,1
delivered,1
hardly,1
influence,1
acknowledge,1
pasteur,1
tbc,1
critiquing,1
scholarly,1
celebrating,1
battles,1
kept,1
selectively,1
preventive,1
perfect,1
employ,1
seventh,1
offices,1
foot,1
reiterated,1
via,1
authority,1
profoundly,1
westernized,1
fixes,1
wishes,1
endorse,1
license,1
croizer,1
khanna,1
resigning,1
operations,1
lxv,1
relied,1
flop,1
links,1
infiltrated,1
rushing,1
countrywide,1
aimed,1
encompassed,1
absent,1
essence,1
slavery,1
stop,1
possession,1
affairs,1
influential,1
square,1
hypothesia,1
explicit,1
ceased,1
nurses,1
fruition,1
hindi,1
mean,1
politicians,1
cult,1
elsevier,1
opportunity,1
outward,1
waned,1
mazumdar,1
persistent,1
inquiry,1
talk,1
leave,1
parts,1
vivisection,1
doubted,1
ix,1
assuming,1
slums,1
pages,1
worthless,1
crusade,1
extenso,1
echoed,1
lay,1
read,1
discoveries,1
animals,1
consequences,1
supposed,1
embarrassing,1
experimenting,1
references,1
esn,1
win,1
developments,1
items,1
bad,1
vastly,1
servants,1
marks,1
tensions,1
consider,1
henriksen,1
signed,1
improvement,1
sex,1
julv,1
erroneously,1
imposing,1
ceylon,1
blatta,1
latin,1
infiltrate,1
liberal,1
unimportant,1
days,1
impact,1
receiving,1
gradually,1
orissa,1
house,1
downs,1
add,1
frequently,1
nascent,1
benefited,1
undated,1
retrospective,1
marshalled,1
communities,1
initiative,1
operate,1
shamsad,1
filed,1
roughly,1
ups,1
exploited,1
supporter,1
origins,1
follow,1
erupted,1
advocate,1
mosquito,1
beyond,1
efficient,1
isolation,1
undertaken,1
evaluation,1
accounts,1
stark,1
zaoude,1
sociologist,1
willfully,1
indberetning,1
permanent,1
og,1
tuberkulös,1
respected,1
nationality,1
faced,1
trained,1
personified,1
drawing,1
advocated,1
globalization,1
dc,1
sixtieth,1
disappeared,1
whereas,1
greater,1
standards,1
result,1
legislative,1
lieu,1
acceptable,1
misquote,1
priori,1
location,1
polak,1
transmission,1
deploying,1
scientifically,1
harder,1
train,1
rule,1
clinics,1
begun,1
ambition,1
joy,1
inclusion,1
hq,1
narrated,1
attack,1
treatments,1
nair,1
mahatma,1
tubercle,1
overstyreslsens,1
lived,1
wiped,1
energetic,1
changed,1
deal,1
tenbroek,1
pass,1
tuberkuloskommittee,1
scene,1
hospitals,1
publics,1
illness,1
marguerite,1
arsenal,1
attenuated,1
representative,1
wonder,1
academic,1
misfit,1
further,1
infected,1
bierlich,1
knit,1
equally,1
accessing,1
neighboring,1
prompt,1
understood,1
shifting,1
cuts,1
dismissive,1
treat,1
appears,1
friendship,1
subramanian,1
sentence,1
plainlyf,1
fulfill,1
adroit,1
wherein,1
suffered,1
wrong,1
unruly,1
grounds,1
energy,1
record,1
smashing,1
hypothetical,1
foreshadowed,1
guidance,1
approached,1
wisest,1
circumstances,1
numerous,1
dwellers,1
bow,1
noticed,1
immoral,1
approvingly,1
misrepresented,1
near,1
possibility,1
frimodt,1
wants,1
influenced,1
affair,1
memory,1
undermined,1
failure,1
sites,1
products,1
sanatorium,1
keeping,1
claiming,1
seeking,1
trial,1
relatives,1
conduit,1
minute,1
mandatory,1
criticize,1
planning,1
abroad,1
scope,1
implement,1
circumstantial,1
fraser,1
strict,1
ideal,1
preferred,1
nine,1
distinguish,1
clean,1
heart,1
unless,1
significantly,1
favourable,1
heavily,1
extravagantly,1
attacked,1
civilisation,1
magical,1
proportions,1
eradicated,1
transcended,1
related,1
explain,1
urban,1
parens,1
brushed,1
supreme,1
data,1
tune,1
caught,1
criticized,1
reminded,1
restructuring,1
washbrook,1
trenchant,1
bible,1
describe,1
couched,1
engineer,1
ghana,1
allopathic,1
broad,1
specialized,1
dreamt,1
records,1
benifrasad,1
strain,1
superstructure,1
lancet,1
announcing,1
panacea,1
observed,1
statesmen,1
ramachandra,1
iriye,1
deserved,1
hubris,1
latched,1
showing,1
harmless,1
won,1
doubtful,1
status,1
radically,1
drug,1
contradictions,1
weeks,1
count,1
approach,1
responding,1
misplaced,1
sic,1
rao,1
citing,1
stockholm,1
smiles,1
running,1
outweighing,1
start,1
ensued,1
sense,1
describing,1
soundararaian,1
hygienic,1
allegiance,1
voiced,1
savage,1
lee,1
straight,1
tested,1
mani,1
villagers,1
deborah,1
ministries,1
discourse,1
phrase,1
atmosphere,1
sake,1
veteran,1
family,1
brewing,1
overshadowed,1
small,1
mitchell,1
promoted,1
ignore,1
few,1
accomplished,1
multiple,1
biomedical,1
bottle,1
epitomizing,1
acts,1
invoke,1
dramatic,1
notorious,1
blabberings,1
longman,1
climate,1
suddenly,1
characterization,1
villages,1
bethesda,1
foremost,1
miracles,1
brown,1
dedicated,1
vein,1
futility,1
richness,1
practice,1
indoctrinated,1
prakash,1
reverend,1
pa,1
plummeted,1
notice,1
peculiar,1
relic,1
notes,1
enormously,1
training,1
riksarkivet,1
adroitly,1
massive,1
reducing,1
promising,1
meshed,1
contacted,1
subsequently,1
muraleedharan,1
f,1
voi,1
battle,1
uncommon,1
therefore,1
originally,1
horizons,1
highlights,1
unsound,1
transform,1
eloesser,1
situation,1
reduced,1
condemnation,1
matter,1
summarize,1
mysterious,1
bringing,1
logistical,1
arkiv,1
buttress,1
jupiter,1
distorted,1
brian,1
labeled,1
myron,1
resisted,1
indien,1
warwick,1
successes,1
wait,1
passively,1
bharatiya,1
inclusive,1
brief,1
framing,1
benefiting,1
object,1
reduce,1
intimidation,1
calves,1
sushila,1
echoing,1
garden,1
got,1
everywhere,1
experiences,1
vinayakarao,1
stricken,1
targeted,1
contra,1
southern,1
adamant,1
vertically,1
direction,1
com,1
positive,1
shri,1
spectacular,1
needles,1
fighting,1
purposefully,1
spoken,1
chronicle,1
assuring,1
pacific,1
edited,1
deflated,1
sri,1
hugh,1
push,1
wake,1
security,1
interrelationship,1
salvation,1
rules,1
advanced,1
acknowledgments,1
serve,1
calmette,1
morgan,1
seeing,1
under,1
inspiration,1
belaineh,1
combat,1
selective,1
thesis,1
recruited,1
cholera,1
quarrel,1
statistically,1
overnight,1
home,1
suri,1
commonwealth,1
perspectives,1
wherewithal,1
culture,1
rizwan,1
ed,1
humanities,1
unproven,1
teachings,1
robust,1
möller,1
nineteenthcentury,1
bansal,1
emotional,1
increasingly,1
williams,1
typed,1
nouncements,1
company,1
hallmark,1
röda,1
fill,1
chose,1
allergy,1
infrastructural,1
party,1
fruitful,1
leader,1
sangham,1
seduced,1
punjab,1
temporarily,1
challenge,1
disappointing,1
frederick,1
sometimes,1
factory,1
europe,1
conceived,1
dillingham,1
internationella,1
boissevain,1
campaigning,1
towns,1
added,1
cinemas,1
water,1
missing,1
headquarters,1
minorities,1
troubled,1
idea,1
consideration,1
fundamental,1
presages,1
conduct,1
underestimated,1
benevolent,1
xii,1
sopono,1
call,1
engineering,1
proposal,1
comstock,1
trips,1
documents,1
abstract,1
regulation,1
tibbi,1
choice,1
tangible,1
vaccinate,1
isolate,1
diverse,1
plagued,1
john,1
harming,1
end,1
guilty,1
pennsylvania,1
pattern,1
discussed,1
popularize,1
simple,1
planners,1
sort,1
drinking,1
consciously,1
misuse,1
nongovernmental,1
paris,1
tales,1
intervene,1
enthusiasm,1
decried,1
unheeded,1
wilcocks,1
en,1
respiratory,1
secular,1
refrain,1
existing,1
coercion,1
relevant,1
advisers,1
akira,1
potentially,1
tell,1
parent,1
immunology,1
cambrioso,1
origin,1
material,1
conviction,1
disparity,1
focusing,1
deep,1
intensify,1
woman,1
consultant,1
adas,1
silenced,1
assault,1
installments,1
sung,1
compelled,1
routledge,1
mercy,1
sewage,1
threats,1
reconciled,1
harnessed,1
ethiopia,1
railways,1
going,1
locations,1
staunchly,1
urtar,1
alarmed,1
reactionaries,1
thoroughly,1
editorials,1
replaced,1
wherever,1
insured,1
overseen,1
sound,1
institutions,1
submit,1
fight,1
entity,1
dormant,1
antony,1
sir,1
border,1
matrix,1
excerpt,1
antipropaganda,1
private,1
nutrition,1
spending,1
session,1
invested,1
effectiveness,1
birth,1
lands,1
handwritten,1
moralist,1
disagree,1
hundred,1
values,1
pathology,1
servant,1
kamaraj,1
unvaccinated,1
copies,1
elite,1
defending,1
februaryapril,1
expand,1
empirical,1
lecture,1
utilised,1
combining,1
prevailed,1
distrust,1
transcendent,1
francis,1
adviser,1
iço,1
harvard,1
pleasure,1
actual,1
goal,1
recovery,1
pamphlets,1
reviled,1
disheartened,1
lasted,1
examination,1
archive,1
graham,1
raising,1
purposeful,1
option,1
embark,1
dismissed,1
theories,1
unjustifiably,1
ved,1
rejected,1
low,1
significance,1
meanings,1
whoever,1
andrews,1
streptomycin,1
frustrated,1
authors,1
appreciably,1
cunningham,1
obtaining,1
leaned,1
essay,1
urge,1
rebecca,1
logic,1
counter,1
conferred,1
individual,1
crisis,1
pride,1
galled,1
someone,1
diet,1
covering,1
spread,1
scolds,1
function,1
yuan,1
strange,1
remark,1
gauthier,1
collected,1
multifarious,1
lie,1
administrative,1
devise,1
filled,1
shortly,1
stalwarts,1
improved,1
officials,1
forms,1
communiqué,1
spent,1
class,1
saxena,1
unambiguous,1
gets,1
educational,1
favored,1
migrants,1
dichotomized,1
annually,1
coercive,1
internal,1
wilkins,1
promote,1
unexplained,1
eyes,1
methods,1
bacteriological,1
emphasized,1
commands,1
respectively,1
contact,1
topics,1
fanned,1
sentiments,1
organizers,1
prit,1
learn,1
vide,1
probably,1
looks,1
spain,1
northern,1
departments,1
britishers,1
saw,1
haven,1
governor,1
postpone,1
rallied,1
fee,1
dravidian,1
experienced,1
mail,1
bacillus,1
infants,1
hesitant,1
radiating,1
stott,1
setbacks,1
openness,1
midcentury,1
wished,1
route,1
accepting,1
referenced,1
aspirations,1
luise,1
autumn,1
lectureship,1
dictionary,1
rapport,1
me,1
thehindu,1
jawarlahal,1
negligence,1
wisdom,1
lot,1
independent,1
george,1
enquiry,1
rise,1
assert,1
chance,1
usually,1
linda,1
criminal,1
ideology,1
testing,1
practitioners,1
unwarranted,1
bapat,1
reasonable,1
leery,1
imperatives,1
gita,1
vertical,1
deaths,1
citizens,1
favour,1
populist,1
insufficient,1
injecting,1
ordinary,1
primarily,1
patients,1
mankind,1
dimensions,1
directing,1
indiscriminate,1
translation,1
progressively,1
detailed,1
yale,1
bears,1
inger,1
rajib,1
effectively,1
hopeful,1
threaten,1
importantly,1
thirteen,1
anxiety,1
inadequate,1
backseat,1
length,1
distort,1
linking,1
directorate,1
responsible,1
analysis,1
caste,1
sage,1
bypass,1
nadar,1
untested,1
itself,1
allusions,1
canada,1
problematic,1
rebutted,1
fnew,1
confessed,1
grounded,1
tantamount,1
safeguarding,1
clinical,1
meant,1
earliest,1
servai,1
affect,1
stephen,1
claims,1
faizan,1
marshal,1
ofthat,1
environment,1
contemplated,1
seriously,1
eschewed,1
rarely,1
rajaratnam,1
singular,1
spell,1
harness,1
senior,1
intervened,1
series,1
heeded,1
corresponded,1
conjunction,1
exasperating,1
apprehension,1
midjune,1
manual,1
ever,1
oi,1
htm,1
incognita,1
nutritional,1
carriers,1
founders,1
satisfactory,1
quotes,1
ralph,1
trapped,1
remarkable,1
rangoon,1
sorts,1
raraji,1
korsets,1
doi,1
galvanizing,1
funding,1
symbol,1
sciences,1
disdain,1
wider,1
affords,1
quickly,1
singh,1
legislature,1
favorably,1
halfdan,1
introducing,1
parassitologia,1
monthly,1
angered,1
gazette,1
spontaneous,1
bridie,1
contained,1
resentment,1
unambiguously,1
dispensaries,1
leaders,1
confidential,1
ramante,1
vidya,1
printed,1
dagomba,1
arogyavaram,1
entrenched,1
propaganda,1
current,1
episodic,1
allied,1
post,1
nonbrahman,1
compliance,1
invaluable,1
yoke,1
plague,1
longstanding,1
resign,1
associations,1
sum,1
free,1
passage,1
works,1
lai,1
risky,1
places,1
turned,1
america,1
growing,1
arvid,1
unnecessarily,1
bureaucratically,1
warnings,1
realize,1
trouble,1
unlikely,1
neeti,1
economy,1
condemning,1
exposing,1
asserted,1
proceedings,1
bekämmandet,1
quackery,1
unique,1
evenings,1
whether,1
form,1
bilharzia,1
mcdougal,1
saviour,1
flames,1
maintain,1
bernhard,1
juxtaposed,1
forcefully,1
lengths,1
theory,1
jawaharlal,1
pleased,1
therapy,1
supplemented,1
fascination,1
highs,1
injunction,1
getting,1
require,1
secure,1
produce,1
yield,1
imperial,1
indifference,1
emblematic,1
don,1
gandhian,1
hundreds,1
radiated,1
freedom,1
focused,1
popular,1
gratitude,1
heading,1
xi,1
boston,1
inspector,1
logical,1
disparate,1
scott,1
introduced,1
sea,1
city,1
africans,1
demanded,1
adults,1
buy,1
transition,1
step,1
agents,1
ignorant,1
acute,1
encounter,1
target,1
cleverly,1
lesson,1
citations,1
officially,1
challenges,1
mention,1
combating,1
vocal,1
wand,1
goals,1
coming,1
construed,1
sparked,1
remarks,1
crosscultural,1
unconditionally,1
internationalized,1
guha,1
cautioned,1
facile,1
cds,1
until,1
drafts,1
invisible,1
unable,1
intransigence,1
resist,1
charts,1
finding,1
avho,1
slashed,1
ailments,1
dasgupta,1
write,1
pamela,1
aware,1
patriae,1
violent,1
contributed,1
undiminished,1
actively,1
americas,1
rosenthal,1
upon,1
cooper,1
isolating,1
usa,1
kunitz,1
specialists,1
davies,1
invigorate,1
chabaud,1
irrefutable,1
product,1
surgical,1
integration,1
volley,1
france,1
piece,1
raging,1
attempted,1
parkash,1
unattenuated,1
verified,1
extremely,1
superintendent,1
unstoppable,1
reproach,1
nagpur,1
practiced,1
raodort,1
needs,1
guérin,1
bashford,1
specific,1
charles,1
territories,1
potential,1
admitting,1
assumed,1
clarify,1
russia,1
needle,1
sectors,1
jokes,1
navajivan,1
substantial,1
beef,1
int,1
lingered,1
civilised,1
trumpeted,1
bovine,1
uk,1
willing,1
establishment,1
digest,1
recent,1
philippines,1
unexpectedly,1
discounting,1
cross,1
doing,1
mock,1
race,1
nasty,1
admired,1
perception,1
retrospect,1
looking,1
bonafides,1
