WORDCOUNTS,WEIGHT
the,442
of,260
and,201
in,140
a,102
s,98
to,89
music,85
birmingham,76
metal,76
heavy,68
as,63
that,52
by,52
black,45
was,44
sabbath,38
is,38
from,36
it,35
city,35
with,31
their,29
were,28
for,26
war,26
into,25
industrial,25
ibid,24
judas,23
his,23
priest,22
youth,21
on,21
osbourne,20
sound,20
i,19
new,19
geography,19
an,18
be,18
this,17
had,16
people,16
lyrics,16
which,16
factories,15
members,15
you,15
between,15
all,14
industry,14
social,14
like,14
butler,14
iommi,14
how,13
out,13
when,13
also,13
factory,13
late,12
world,12
both,12
band,11
young,11
landscape,11
study,11
about,11
but,11
halford,11
playing,11
history,10
guitar,10
genre,10
its,10
can,10
began,10
environment,10
vhl,10
song,10
years,10
at,9
there,9
has,9
development,9
one,9
no,9
time,9
after,9
been,9
who,9
life,9
fall,9
not,9
urban,9
first,8
t,8
york,8
aston,8
grew,8
just,8
found,8
anger,8
ward,8
up,8
second,8
only,8
style,8
reflected,8
upon,8
country,8
early,8
popular,8
have,8
are,7
themes,7
experience,7
being,7
survey,7
surrounded,7
journal,7
my,7
your,7
around,7
classic,7
smith,7
culture,7
rock,7
areas,7
would,7
so,7
school,7
bands,7
influenced,7
became,7
they,6
center,6
j,6
other,6
such,6
even,6
foundries,6
various,6
still,6
housing,6
more,6
end,6
spread,6
we,6
relationship,6
album,6
following,6
wall,6
area,6
surroundings,5
created,5
british,5
america,5
houses,5
than,5
dvd,5
sounds,5
meltdown,5
could,5
sutcliffe,5
directly,5
geomusicology,5
regional,5
tough,5
creating,5
june,5
breaking,5
research,5
these,5
love,5
children,5
where,5
birth,5
three,5
directed,5
period,5
counterculture,5
paranoid,5
singer,5
meant,5
very,5
map,5
while,5
if,4
later,4
lyricist,4
musical,4
worked,4
nature,4
interviews,4
central,4
ozzy,4
dominated,4
american,4
turn,4
modernity,4
frustration,4
heard,4
faust,4
came,4
walk,4
recalls,4
mick,4
term,4
residential,4
because,4
pigs,4
future,4
place,4
away,4
subfield,4
working,4
influence,4
deepfields,4
imagery,4
escapism,4
expanded,4
or,4
subgenres,4
two,4
law,4
drumming,4
made,4
largely,4
modernization,4
class,4
wasn,4
saw,4
science,4
rob,4
lives,4
grey,4
c,4
living,4
what,4
through,4
childhood,4
come,4
conditions,4
increased,4
upbringing,4
create,4
entire,4
smoke,3
child,3
estimated,3
way,3
car,3
fingers,3
church,3
conducted,3
schools,3
studies,3
western,3
amongst,3
turning,3
england,3
confusion,3
hundred,3
influences,3
sheet,3
within,3
gretchen,3
illustrate,3
drive,3
west,3
reflecting,3
barton,3
bill,3
wheels,3
machine,3
given,3
adam,3
output,3
look,3
bennett,3
born,3
higher,3
blues,3
town,3
without,3
direct,3
feel,3
bleak,3
means,3
air,3
origins,3
further,3
public,3
well,3
london,3
got,3
actually,3
residents,3
own,3
next,3
tony,3
activities,3
he,3
distorted,3
towards,3
accident,3
home,3
same,3
rise,3
seville,3
power,3
stated,3
many,3
plan,3
angry,3
hear,3
man,3
ages,3
took,3
stuff,3
secular,3
see,3
impoverished,3
another,3
genres,3
autobiographical,3
rap,3
august,3
homes,3
allowed,3
provides,3
britain,3
percent,3
story,3
industrialization,3
riff,3
inside,3
lines,3
seen,3
festival,3
why,3
sony,3
constant,3
theme,3
membership,3
drew,3
bass,3
know,3
over,3
cultures,3
did,3
down,3
pictures,3
better,3
dreary,3
growing,3
bbc,3
form,3
hippie,3
her,3
almost,3
peace,3
surveys,3
role,3
manufacturing,3
until,3
jazz,3
d,3
effects,3
dark,3
bombed,3
ends,3
terranee,2
m,2
productions,2
widening,2
college,2
fiction,2
large,2
comprised,2
mobility,2
crafting,2
anchor,2
adoptive,2
formed,2
h,2
completely,2
ideals,2
ian,2
total,2
planes,2
bombing,2
affects,2
lower,2
roc,2
geezer,2
production,2
kinvig,2
available,2
duffett,2
daily,2
great,2
berman,2
christe,2
written,2
those,2
cherry,2
case,2
existence,2
ltd,2
walser,2
nearly,2
money,2
sought,2
straightener,2
mass,2
some,2
e,2
alter,2
apocalyptic,2
goodey,2
cited,2
himself,2
tied,2
thus,2
utopian,2
run,2
since,2
illustrates,2
g,2
scarce,2
ironworks,2
mixed,2
extensively,2
drum,2
david,2
concerning,2
back,2
bassist,2
pos,2
think,2
poverty,2
mcfayden,2
poor,2
whose,2
dudley,2
developed,2
edward,2
aggressive,2
template,2
neighbourhoods,2
fantasy,2
wages,2
university,2
established,2
impact,2
dominate,2
perspective,2
solid,2
four,2
most,2
protestant,2
drawing,2
cut,2
result,2
suburbs,2
lived,2
shared,2
pioneer,2
before,2
emerge,2
embedded,2
fans,2
cultural,2
konow,2
population,2
energy,2
however,2
wide,2
having,2
r,2
used,2
work,2
start,2
leisure,2
advancement,2
part,2
training,2
gender,2
whole,2
year,2
during,2
ontario,2
fighter,2
either,2
running,2
buildings,2
smethwick,2
sings,2
order,2
family,2
heat,2
feelings,2
iron,2
manchester,2
core,2
woodstock,2
eyes,2
moved,2
units,2
outsider,2
economic,2
lyrically,2
service,2
expansion,2
flowery,2
spencer,2
warner,2
zoning,2
community,2
mainstream,2
eighty,2
settings,2
roads,2
yet,2
halls,2
evil,2
array,2
under,2
inspiration,2
us,2
classroom,2
earned,2
light,2
complete,2
ed,2
sales,2
department,2
begins,2
raids,2
delivery,2
sam,2
organizations,2
scot,2
death,2
experienced,2
release,2
twenty,2
our,2
really,2
classical,2
creative,2
planners,2
never,2
everyday,2
corps,2
hopelessness,2
hated,2
heavily,2
interview,2
dance,2
dunn,2
free,2
day,2
remained,2
divided,2
guitarist,2
industrialized,2
attributed,2
bed,2
westhill,2
nothing,2
described,2
ties,2
open,2
communicated,2
individual,2
him,2
sentiment,2
miles,2
wise,2
postwar,2
destruction,2
fostered,2
ranging,2
escaping,2
me,2
continued,2
sometimes,2
five,2
maps,2
pop,2
albums,2
countries,2
neighbourhood,2
continually,2
entertainment,2
fields,2
sections,2
steel,2
known,2
bros,2
physical,2
defining,2
setting,2
molten,2
half,2
domestic,2
then,2
krim,2
works,2
places,2
outlook,2
noise,2
unique,2
them,2
plants,2
don,2
spaces,2
remember,2
sounding,2
dismal,2
kids,2
krims,2
vocal,2
goethe,2
coming,2
pair,2
north,2
clubs,2
charts,2
bethel,2
states,2
off,2
philosophy,2
walking,2
association,2
shift,2
pioneering,2
coseley,2
traditional,2
re,2
much,2
immediately,2
walsall,2
doing,2
built,2
gold,2
ammunition,1
frequent,1
difficult,1
go,1
possessed,1
o,1
struggle,1
common,1
medieval,1
estate,1
groups,1
wea,1
snapshot,1
modernize,1
market,1
consume,1
environmental,1
physicality,1
methodologies,1
totally,1
starts,1
collision,1
reflective,1
group,1
needed,1
sixties,1
complex,1
mike,1
expression,1
mankind,1
cars,1
word,1
services,1
solidarity,1
kinda,1
bryan,1
gbbal,1
gravitating,1
modern,1
mentality,1
cement,1
perfect,1
hip,1
spirit,1
decade,1
acceptance,1
undertaken,1
cycles,1
character,1
charitable,1
laid,1
kell,1
siblings,1
something,1
localized,1
pioneers,1
dot,1
consistent,1
gap,1
explaining,1
titles,1
fast,1
every,1
pasadena,1
researched,1
ii,1
wizard,1
give,1
concentrated,1
might,1
congestion,1
rapid,1
season,1
bernard,1
gone,1
hatred,1
containing,1
shaped,1
leading,1
secondary,1
broken,1
desire,1
sang,1
carney,1
indifferent,1
liverpool,1
borne,1
studied,1
government,1
link,1
located,1
loud,1
concludes,1
jacket,1
farmer,1
damage,1
lodge,1
last,1
greatly,1
remainder,1
concepts,1
raised,1
reserved,1
staff,1
robert,1
debut,1
political,1
heating,1
mindset,1
intersection,1
ganizations,1
less,1
employs,1
melts,1
indelible,1
takes,1
painkillers,1
magnifying,1
anthropologists,1
historians,1
primary,1
bullshit,1
right,1
originates,1
climbed,1
wolverhampton,1
reminder,1
doomy,1
account,1
vol,1
felt,1
activity,1
burning,1
characterize,1
reaching,1
buckley,1
insight,1
adolescents,1
drunk,1
establishment,1
conception,1
hends,1
chart,1
along,1
keeps,1
chronic,1
identifies,1
harmony,1
pursuing,1
aggression,1
pushed,1
regarding,1
million,1
andrew,1
andy,1
throughout,1
lover,1
leigh,1
widened,1
montreal,1
blast,1
backgrounds,1
against,1
september,1
kicks,1
reflection,1
madness,1
relatively,1
ease,1
moment,1
adopted,1
keyboards,1
century,1
westport,1
loser,1
forced,1
kind,1
progressive,1
excelled,1
distinct,1
maintaining,1
displays,1
frequented,1
memorandum,1
amount,1
rhino,1
six,1
pouring,1
left,1
unchanged,1
singsongs,1
witnessed,1
drives,1
rhythm,1
find,1
shockwaves,1
y,1
gospel,1
spitting,1
instruments,1
rationing,1
coal,1
game,1
scholarly,1
industries,1
surprisingly,1
sixteen,1
philadelphia,1
recognized,1
boroughs,1
essential,1
german,1
rather,1
performance,1
main,1
absent,1
across,1
centered,1
bombers,1
declaring,1
stop,1
sort,1
splintered,1
levels,1
presentation,1
mean,1
approaches,1
politicians,1
parents,1
survives,1
outward,1
titled,1
thing,1
similar,1
brand,1
leave,1
percussion,1
mercer,1
generating,1
matched,1
blurring,1
white,1
conurbation,1
factors,1
fade,1
gathering,1
support,1
involvement,1
eighteen,1
recalled,1
injury,1
changes,1
park,1
middlesex,1
ghettocentricity,1
congested,1
organization,1
postindustrial,1
physically,1
spreading,1
levelled,1
warren,1
section,1
disadvantaged,1
days,1
disaffected,1
record,1
traces,1
weinstein,1
frequently,1
quarters,1
show,1
filed,1
desperation,1
undeveloped,1
unsuitable,1
followed,1
screams,1
indonesia,1
comprising,1
putting,1
baths,1
mix,1
permanent,1
imminent,1
care,1
vp,1
mocking,1
painkiller,1
providing,1
decades,1
strengthen,1
bouncing,1
disconnect,1
hot,1
greater,1
behaviour,1
expressed,1
suffered,1
explode,1
alienation,1
bearing,1
gravelle,1
canada,1
declined,1
entered,1
entering,1
smell,1
called,1
bricks,1
joy,1
dystopian,1
sights,1
carol,1
embracing,1
seven,1
centers,1
changed,1
demands,1
scenes,1
coalmines,1
destined,1
mining,1
zone,1
narrow,1
hg,1
shoes,1
fuel,1
base,1
big,1
density,1
midlands,1
traced,1
though,1
luftwaffe,1
let,1
healthy,1
dropped,1
stock,1
afforded,1
produced,1
sentiments,1
cannot,1
promise,1
hammers,1
groundwork,1
scale,1
intertwined,1
placed,1
tension,1
instrumental,1
zenith,1
virus,1
scene,1
engine,1
impression,1
grit,1
shape,1
vh,1
feeding,1
seeking,1
surfer,1
line,1
revealed,1
chops,1
planning,1
implement,1
listening,1
received,1
rail,1
drummer,1
invisible,1
ingots,1
heart,1
concept,1
brought,1
secures,1
explains,1
steelworker,1
electrical,1
excessive,1
ten,1
surrounds,1
toronto,1
describe,1
older,1
reynolds,1
references,1
demonstrates,1
suppliers,1
records,1
keep,1
bits,1
scare,1
lanham,1
deena,1
documented,1
forces,1
teenage,1
reflect,1
surrounding,1
believes,1
tears,1
alan,1
wartorn,1
headbanger,1
lungs,1
minds,1
encapsulates,1
jovi,1
relentless,1
earth,1
aided,1
good,1
rails,1
drums,1
sense,1
viable,1
successful,1
caused,1
field,1
recurring,1
things,1
hiding,1
volume,1
coupled,1
box,1
contrast,1
released,1
night,1
banging,1
fan,1
habitation,1
characteristics,1
workshops,1
few,1
concerns,1
folk,1
presence,1
dramatic,1
decline,1
rielly,1
potent,1
impossible,1
warehouses,1
tracks,1
inability,1
progress,1
kid,1
newly,1
provided,1
valuable,1
sporadic,1
geographical,1
small,1
bolstered,1
sparks,1
casts,1
instrumentally,1
appeal,1
will,1
kirms,1
absence,1
contact,1
expanse,1
perusse,1
screaming,1
scientific,1
gradual,1
hide,1
brian,1
fantastical,1
hardest,1
return,1
horrors,1
outlet,1
exception,1
hammond,1
illustrating,1
surviving,1
railway,1
movement,1
backed,1
religious,1
sauntering,1
headboard,1
sylvan,1
percentage,1
apocalypse,1
robin,1
spoken,1
once,1
contributing,1
depicted,1
communities,1
demolished,1
lp,1
q,1
recordings,1
sociologists,1
represents,1
caravan,1
thought,1
yourselves,1
demeanours,1
kk,1
peers,1
marshall,1
pubs,1
pioneered,1
choices,1
performed,1
sharply,1
planet,1
infused,1
already,1
insights,1
boiling,1
moments,1
rip,1
catering,1
sector,1
months,1
considers,1
outbreak,1
culprit,1
starting,1
name,1
successfully,1
midland,1
aspect,1
book,1
stronger,1
popularity,1
journey,1
blazing,1
mark,1
again,1
others,1
stating,1
californian,1
put,1
towns,1
demographic,1
herbert,1
efforts,1
speaks,1
seconds,1
lack,1
subgenre,1
head,1
striking,1
polluted,1
appeared,1
occupations,1
rebuilding,1
orfactory,1
surfaces,1
john,1
decrying,1
everything,1
golden,1
devil,1
forms,1
patterns,1
outside,1
drove,1
adjacent,1
centre,1
road,1
faustian,1
seventeenth,1
jobs,1
norwegian,1
michael,1
council,1
forth,1
focusing,1
japan,1
inevitably,1
native,1
remarked,1
middleclasses,1
hurricane,1
assault,1
books,1
spitfire,1
learnt,1
destroyed,1
valleys,1
violent,1
fight,1
sir,1
local,1
original,1
simon,1
excerpt,1
classes,1
understanding,1
lasting,1
situated,1
vast,1
churches,1
father,1
manzoni,1
reed,1
success,1
throbbing,1
range,1
bear,1
writings,1
unattached,1
cadbury,1
desperate,1
borough,1
identity,1
entirely,1
weeks,1
illusion,1
ya,1
sold,1
operated,1
compressors,1
academics,1
resulting,1
ethnic,1
welding,1
individuals,1
trust,1
full,1
sees,1
previous,1
thrash,1
improvements,1
stayed,1
initiatives,1
theoretical,1
students,1
significance,1
poisoning,1
reality,1
b,1
ere,1
health,1
clue,1
spawned,1
amounts,1
workers,1
travels,1
times,1
characterised,1
evening,1
started,1
fellow,1
plant,1
winner,1
played,1
serves,1
filled,1
proximity,1
traction,1
standard,1
segment,1
lose,1
spent,1
probe,1
behind,1
trying,1
businesses,1
welder,1
interpretations,1
remembers,1
hop,1
priests,1
dominance,1
ate,1
wells,1
hanover,1
attention,1
division,1
examines,1
performing,1
splintering,1
bang,1
increasing,1
fails,1
hindered,1
bells,1
space,1
bon,1
lyrical,1
depressed,1
disregards,1
flower,1
today,1
lot,1
bars,1
george,1
inhabitants,1
bulk,1
vision,1
plays,1
rough,1
hill,1
instrumentation,1
begin,1
attitude,1
riffs,1
male,1
primarily,1
institutions,1
dimensions,1
lost,1
force,1
credited,1
drifting,1
softer,1
transformation,1
originated,1
anxiety,1
lucas,1
try,1
tightlypacked,1
poetics,1
extra,1
blood,1
geoff,1
table,1
drafted,1
citizens,1
get,1
tapping,1
moniker,1
influencing,1
earliest,1
headbanging,1
door,1
detail,1
acquired,1
warrants,1
shirt,1
eventually,1
any,1
beast,1
comes,1
changing,1
comparison,1
ve,1
flashing,1
focused,1
continues,1
pace,1
thousand,1
aural,1
scheer,1
sustained,1
alternative,1
emphasise,1
set,1
quickly,1
control,1
image,1
each,1
stamp,1
gazette,1
underclothing,1
cemetery,1
descriptions,1
different,1
expanding,1
global,1
yeah,1
exploration,1
innovations,1
toilet,1
incorporating,1
disillusionment,1
villain,1
downing,1
trousers,1
current,1
drifted,1
iii,1
particularly,1
lancaster,1
themselves,1
gas,1
fills,1
audience,1
number,1
build,1
cities,1
examining,1
pub,1
past,1
u,1
instant,1
person,1
drop,1
bromwich,1
suffering,1
outlines,1
n,1
historical,1
popoff,1
combined,1
whether,1
terms,1
laying,1
rising,1
semiskilled,1
glam,1
nearby,1
males,1
thirty,1
metaphor,1
maintain,1
passed,1
firmly,1
sunk,1
thicker,1
leaving,1
problem,1
heavier,1
extent,1
struggling,1
reqional,1
exposures,1
immersed,1
bop,1
studying,1
gotta,1
divide,1
strings,1
voice,1
anna,1
psychology,1
stenchy,1
freedom,1
millions,1
fourteen,1
bodies,1
son,1
modernizing,1
introduced,1
scooters,1
despite,1
press,1
emphasised,1
subcultures,1
unleash,1
subject,1
plans,1
territory,1
sheets,1
institute,1
target,1
wwii,1
contribute,1
angered,1
using,1
isolated,1
gain,1
harrison,1
relates,1
webb,1
lone,1
formation,1
soft,1
commercial,1
sharpest,1
cambridge,1
tackled,1
chritse,1
toilets,1
national,1
temperature,1
chemical,1
depressing,1
unfit,1
although,1
land,1
ghettos,1
consumption,1
engulfs,1
green,1
manufacture,1
regular,1
defined,1
embodies,1
speak,1
classification,1
roughly,1
brunt,1
reorganized,1
subjecting,1
charles,1
holwell,1
gristle,1
decentralize,1
assumed,1
compounded,1
attending,1
doubling,1
endnotes,1
desk,1
prospects,1
damned,1
overcrowding,1
vary,1
cook,1
reached,1
era,1
debate,1
fears,1
exclusively,1
little,1
abandoned,1
uk,1
seek,1
here,1
recent,1
zones,1
breathed,1
should,1
delayed,1
close,1
singleton,1
martin,1
satellite,1
shittiest,1
