WORDCOUNTS,WEIGHT
the,1035
of,728
in,379
and,254
a,221
to,206
engine,181
for,148
engines,146
steam,144
that,117
by,104
is,97
was,96
p,95
this,94
cornish,88
pp,85
duty,83
on,79
history,74
economic,73
as,69
with,66
coal,65
power,56
s,54
it,53
from,51
be,50
pumping,49
see,44
an,41
expansive,41
per,40
h,38
technical,37
technological,37
which,35
at,33
lean,33
were,33
we,32
von,31
cornwall,31
society,31
engineering,31
engineers,30
tunzelmann,30
price,30
more,30
some,29
review,29
had,29
new,29
use,29
first,28
also,28
than,27
high,27
british,26
average,26
adoption,25
can,25
figure,25
boiler,25
d,25
i,24
reporter,23
not,23
are,23
have,23
watt,23
one,22
nineteenth,22
fuel,22
applications,22
between,22
century,21
growth,21
choice,21
mining,20
these,20
industrial,20
diffusion,19
threshold,19
costs,19
pressure,19
early,19
capital,18
design,18
l,18
performance,18
installed,18
been,18
our,18
consumption,18
has,17
nuvolari,17
cylinder,17
expansion,17
lbs,17
or,17
efficiency,17
when,17
other,16
verspagen,16
term,16
year,16
technology,16
improvements,16
using,16
years,16
boilers,15
j,15
capacity,15
cost,15
late,15
london,15
prices,15
rotative,15
would,15
table,15
half,15
c,15
alessandro,14
improvement,14
w,14
data,14
effect,14
very,14
number,14
bart,14
treatise,13
development,13
their,13
factors,13
april,13
two,13
period,13
different,13
case,12
possible,12
place,12
change,12
will,12
britain,12
n,12
reported,12
size,12
rate,11
context,11
t,11
its,11
results,11
factor,11
contemporary,11
where,11
practice,11
wicksteed,11
article,11
probably,11
particular,11
suggests,11
given,11
hills,11
lower,10
ii,10
within,10
transactions,10
higher,10
main,10
could,10
explosions,10
r,10
woolf,10
fairbairn,10
farey,10
various,10
but,10
reports,10
existing,10
hrs,10
hour,10
profitability,9
into,9
sources,9
invention,9
such,9
relatively,9
lancashire,9
application,9
amount,9
operation,9
rather,9
view,9
accounting,9
employed,9
around,9
second,9
above,9
represents,9
areas,9
compound,9
made,9
institution,9
expansively,9
note,9
set,9
historical,9
information,9
paradigm,9
waterworks,8
all,8
barton,8
interest,8
journal,8
may,8
weighted,8
most,8
effective,8
however,8
sims,8
work,8
example,8
collective,8
horsepower,8
industry,8
ton,8
overall,8
about,8
water,8
remained,8
crafts,8
b,8
so,8
beam,8
over,8
millions,8
progress,8
evidence,8
should,8
o,7
e,7
he,7
hours,7
total,7
source,7
did,7
there,7
account,7
vol,7
taking,7
throughout,7
g,7
delivered,7
productive,7
means,7
section,7
textile,7
pc,7
dosi,7
search,7
out,7
density,7
inches,7
used,7
actually,7
working,7
rest,7
kanefsky,7
allen,7
oxford,7
performed,7
only,7
decomposition,7
published,7
towards,7
many,7
fact,7
shows,7
another,7
trajectory,7
three,7
contribution,7
entry,7
each,7
economy,7
distribution,7
shift,7
specific,7
assumed,7
strong,7
major,7
if,6
introduction,6
likely,6
park,6
evolution,6
inquiry,6
side,6
point,6
calculated,6
learning,6
developments,6
boulton,6
how,6
mean,6
similar,6
efficient,6
expressed,6
further,6
line,6
literature,6
civil,6
related,6
during,6
several,6
manchester,6
peculiar,6
management,6
again,6
time,6
larger,6
discussion,6
increase,6
ibid,6
low,6
publication,6
mines,6
james,6
figures,6
relative,6
attention,6
operating,6
increasing,6
began,6
indicate,6
hick,6
considered,6
then,6
series,6
paper,6
share,6
innovations,6
best,6
statement,6
manufacturing,6
locations,6
cambridge,6
stamping,6
rostow,5
estimated,5
they,5
permitted,5
sit,5
rapid,5
take,5
state,5
mr,5
those,5
x,5
formula,5
million,5
thus,5
mine,5
quality,5
due,5
brother,5
progressive,5
rates,5
no,5
his,5
district,5
superior,5
rental,5
perform,5
suggested,5
result,5
burt,5
installation,5
wide,5
halsey,5
systematic,5
favourite,5
optimal,5
revolution,5
disembodied,5
cl,5
productivity,5
phase,5
led,5
transition,5
indicates,5
interpretation,5
same,5
experimental,5
john,5
vontunzelmann,5
great,5
outside,5
ch,5
less,5
understanding,5
range,5
processes,5
option,5
finally,5
especially,5
problems,5
continued,5
science,5
practical,5
pressures,5
sustained,5
outcome,5
following,5
what,5
terms,5
until,5
instead,5
although,5
hunter,5
increased,5
much,5
north,5
delayed,5
dt,5
trevithick,4
large,4
installing,4
studies,4
notwithstanding,4
being,4
consistent,4
adopt,4
nature,4
leading,4
estimation,4
con,4
existence,4
jenkins,4
heuristics,4
howard,4
prevailing,4
consumed,4
since,4
economies,4
collection,4
component,4
cases,4
deviation,4
across,4
process,4
consider,4
clearly,4
max,4
exploitation,4
dispersion,4
condensing,4
initial,4
wales,4
districts,4
procedures,4
required,4
because,4
failure,4
already,4
least,4
coupled,4
concerns,4
research,4
cylinders,4
paid,4
action,4
short,4
whim,4
make,4
worked,4
valves,4
pitwork,4
leans,4
kh,4
deterioration,4
reallocation,4
diameter,4
entrepreneurial,4
calculation,4
local,4
technologies,4
investment,4
previous,4
discussed,4
allowed,4
after,4
thomas,4
separate,4
responsible,4
analysis,4
surprising,4
types,4
dickinson,4
constructed,4
sizes,4
particularly,4
better,4
william,4
according,4
them,4
form,4
accounts,4
became,4
bushel,4
shown,4
effects,4
comparison,4
maximum,4
termed,4
depreciation,4
way,3
later,3
identify,3
paradigms,3
modern,3
considerations,3
chief,3
contexts,3
negative,3
might,3
words,3
available,3
simple,3
compactness,3
indifferent,3
resulting,3
achieved,3
marine,3
somewhat,3
designs,3
system,3
iv,3
tubular,3
machinery,3
expan,3
west,3
interestingly,3
perfor,3
safety,3
tables,3
regarded,3
adopted,3
vincenti,3
exercise,3
estimates,3
concerning,3
compared,3
birmingham,3
designed,3
industries,3
interesting,3
operations,3
statements,3
developed,3
levels,3
derbyshire,3
represented,3
earlier,3
study,3
risks,3
impact,3
argued,3
followed,3
important,3
providing,3
greater,3
behaviour,3
based,3
lead,3
inspectors,3
economics,3
appears,3
companies,3
scale,3
energy,3
enough,3
aspects,3
basis,3
received,3
favourable,3
knowledge,3
reduction,3
discussions,3
contains,3
approach,3
regions,3
lifted,3
solution,3
sense,3
suggest,3
order,3
involved,3
heat,3
small,3
sailing,3
tended,3
fully,3
annual,3
generally,3
up,3
piston,3
nasmyth,3
cycle,3
activities,3
periods,3
replacing,3
minor,3
practices,3
scientific,3
community,3
xl,3
positive,3
contributing,3
decline,3
reference,3
palmer,3
noted,3
precocious,3
inventive,3
technique,3
factory,3
reporting,3
pattern,3
took,3
do,3
v,3
present,3
condenser,3
accepted,3
foot,3
mill,3
effectiveness,3
causes,3
actual,3
advantages,3
essay,3
general,3
provides,3
notes,3
dit,3
briton,3
accordingly,3
harley,3
independent,3
widespread,3
who,3
detailed,3
engi,3
overestimation,3
examine,3
parkes,3
reputation,3
thermodynamics,3
version,3
economically,3
here,3
know,3
iii,3
leeds,3
type,3
selected,3
both,3
role,3
techniques,3
entrepreneur,3
pole,3
kernel,3
armstrong,3
france,3
rosenberg,3
ships,3
supply,3
cheaper,3
recent,3
cross,3
compounding,3
virtue,3
abbot,2
difficult,2
limits,2
unpub,2
horizontal,2
common,2
undoubtedly,2
cent,2
tion,2
till,2
perpendicularly,2
diseconomies,2
measures,2
expect,2
american,2
achievements,2
factories,2
conserved,2
tend,2
essays,2
referring,2
library,2
sets,2
slack,2
bias,2
kl,2
easily,2
install,2
descriptive,2
justified,2
committee,2
pump,2
before,2
tages,2
permit,2
submitted,2
specifically,2
wool,2
voiced,2
cautiously,2
seems,2
containing,2
assess,2
broadly,2
retrofitted,2
wave,2
oper,2
transferred,2
link,2
characterizing,2
m,2
last,2
issue,2
dissemination,2
neering,2
historians,2
shafts,2
u,2
changed,2
delivering,2
ered,2
entrepreneurs,2
adopting,2
richard,2
smooth,2
far,2
indicating,2
letter,2
safely,2
scrapping,2
localized,2
framework,2
key,2
differential,2
technologie,2
points,2
september,2
assumes,2
domain,2
authoritative,2
expected,2
guided,2
underlying,2
displays,2
body,2
single,2
hayle,2
estimate,2
publications,2
mechanical,2
find,2
vice,2
details,2
stagnation,2
traditions,2
generation,2
once,2
adequate,2
whose,2
reflects,2
identification,2
observers,2
direct,2
advan,2
reason,2
changes,2
bartelsman,2
organization,2
dated,2
air,2
perspective,2
contemporaries,2
too,2
benefited,2
show,2
powerful,2
surface,2
unbound,2
dominant,2
trajectories,2
assessments,2
sive,2
appraisal,2
location,2
stroke,2
public,2
begun,2
called,2
combinations,2
requirements,2
scepticism,2
attained,2
representative,2
furthermore,2
understood,2
shall,2
equal,2
refine,2
produced,2
cannot,2
extrapolation,2
gains,2
even,2
distinguish,2
reporters,2
esp,2
comment,2
payen,2
repairs,2
forces,2
reflect,2
showing,2
interpreted,2
good,2
atkinson,2
indicator,2
correct,2
successful,2
below,2
contrast,2
long,2
intervals,2
upshot,2
characteristics,2
driving,2
st,2
os,2
joel,2
aggregate,2
south,2
therefore,2
situation,2
exeter,2
taken,2
wrote,2
indeed,2
forward,2
merits,2
exception,2
still,2
expanded,2
longitudinal,2
newton,2
settings,2
innovation,2
gilbert,2
allegations,2
double,2
makes,2
soon,2
under,2
thesis,2
complete,2
ed,2
repercussions,2
deliver,2
largest,2
calculating,2
rigidities,2
members,2
cardwell,2
stronger,2
others,2
put,2
smith,2
prometheus,2
analytical,2
pointed,2
ought,2
upgrading,2
doubt,2
prejudiced,2
hand,2
performances,2
innovative,2
continuing,2
ating,2
duties,2
necessary,2
mance,2
reflected,2
explicitly,2
realize,2
griffiths,2
colliery,2
degree,2
mills,2
considering,2
upon,2
eighteenth,2
attainment,2
silverman,2
versa,2
marten,2
assume,2
nothing,2
full,2
theoretical,2
patents,2
significance,2
clear,2
accounted,2
dominated,2
interpret,2
preceded,2
david,2
like,2
spread,2
diagonally,2
function,2
features,2
played,2
stages,2
standard,2
stiglitz,2
systems,2
date,2
hesitancy,2
k,2
computed,2
narrow,2
pro,2
slightly,2
manufacturers,2
versus,2
industrialization,2
trestrail,2
embodied,2
modifications,2
darker,2
kirkham,2
la,2
ranging,2
inventors,2
newcomen,2
irregular,2
perspectives,2
bulk,2
sometimes,2
select,2
elder,2
directions,2
seen,2
progressively,2
timid,2
relevant,2
methods,2
united,2
respect,2
centuries,2
months,2
consid,2
circumstances,2
extensive,2
diagonal,2
known,2
alternative,2
natural,2
principle,2
introducing,2
expanding,2
inclined,2
east,2
exploration,2
straightforward,2
ph,2
report,2
linked,2
visits,2
bartrip,2
doms,2
advances,2
beginning,2
landes,2
day,2
proceedings,2
month,2
idem,2
worthwhile,2
axis,2
theory,2
almost,2
minimal,2
des,2
popular,2
presented,2
through,2
tried,2
measure,2
focus,2
copper,2
inventions,2
firms,2
steamships,2
caloric,2
replace,2
conditions,2
cantrell,2
institutional,2
course,2
prolonged,2
include,2
guiding,2
extremely,2
sectors,2
debate,2
fears,2
defines,2
little,2
traditional,2
among,2
truro,2
problem,1
final,1
intimately,1
does,1
now,1
veni,1
mostly,1
done,1
along,1
doubts,1
lation,1
cover,1
declared,1
concerned,1
indicated,1
imported,1
created,1
encouraged,1
represent,1
market,1
extreme,1
consume,1
jane,1
college,1
repre,1
determine,1
ultimate,1
originating,1
spurred,1
evans,1
group,1
compilers,1
needed,1
larly,1
saved,1
systematically,1
manufac,1
reassessment,1
columns,1
ma,1
motivation,1
stephenson,1
di,1
retardation,1
expenditure,1
rt,1
additionally,1
specified,1
compilation,1
favouritism,1
ore,1
former,1
reasonably,1
policy,1
western,1
fixed,1
character,1
occurred,1
malden,1
sponding,1
biographical,1
pipes,1
complacency,1
steeply,1
garsington,1
interpretative,1
induced,1
arguing,1
acquainted,1
revision,1
amongst,1
pioneers,1
du,1
par,1
fires,1
cutting,1
experience,1
accumulation,1
said,1
member,1
december,1
breakages,1
collieries,1
eigh,1
cantly,1
explaining,1
cotton,1
creation,1
production,1
jointly,1
zvhim,1
exaggerated,1
originally,1
give,1
cwt,1
concentrated,1
metal,1
attempt,1
secretary,1
satisfy,1
emerged,1
goal,1
freely,1
winding,1
definition,1
layout,1
company,1
possibilities,1
effecting,1
principles,1
prejudices,1
colloques,1
route,1
friction,1
transferability,1
generalize,1
desire,1
thank,1
differences,1
gradual,1
compounds,1
icc,1
follows,1
able,1
concludes,1
composition,1
delaying,1
real,1
introduces,1
feature,1
heartily,1
failures,1
confers,1
individuated,1
improving,1
pithead,1
blackwell,1
precisely,1
robert,1
investigations,1
heating,1
slavish,1
letting,1
behind,1
lution,1
adhered,1
univ,1
seminar,1
proposals,1
tab,1
fortune,1
occasional,1
ascribed,1
advocates,1
resilience,1
manifesto,1
autonomous,1
formulation,1
captures,1
motion,1
popularized,1
constructing,1
firm,1
america,1
praisal,1
pisa,1
uneven,1
pleadings,1
awatt,1
determined,1
logical,1
recommendations,1
reliability,1
geared,1
international,1
reaching,1
sumption,1
functions,1
engineer,1
driver,1
mances,1
combination,1
reflecting,1
consequent,1
corre,1
establishment,1
advocating,1
laws,1
cited,1
dynamic,1
compo,1
circumscribe,1
dissipated,1
constrained,1
representing,1
decreasing,1
nd,1
deteriora,1
ceeded,1
minimum,1
loam,1
culpable,1
prejudice,1
macleod,1
realizing,1
corresponding,1
ciples,1
predomi,1
penalty,1
exercises,1
iron,1
royal,1
denying,1
gauges,1
dutry,1
hazards,1
peculiarities,1
difficulties,1
roger,1
purpose,1
surrounded,1
against,1
realized,1
de,1
author,1
entrenchment,1
knick,1
aeronautical,1
plotting,1
conducted,1
assessment,1
employing,1
accelerating,1
forced,1
turn,1
distinct,1
dean,1
reluctance,1
commercialization,1
feasible,1
refer,1
cancel,1
architect,1
fig,1
squeeze,1
machines,1
attainments,1
extraordinary,1
moving,1
allowing,1
outweigh,1
suitable,1
continuous,1
third,1
clock,1
died,1
formulate,1
explore,1
geological,1
innovators,1
nick,1
unreadable,1
dear,1
smoother,1
bills,1
millwork,1
trajec,1
chan,1
staffordshire,1
cites,1
ment,1
incentive,1
vindicates,1
bogart,1
sincerity,1
aim,1
rehabilitating,1
assessed,1
steps,1
overestimated,1
steed,1
authority,1
finalized,1
isoquant,1
genuinely,1
mexico,1
hesitant,1
act,1
trajecto,1
yet,1
arising,1
preneurial,1
happily,1
counterbalanced,1
debated,1
illustration,1
basic,1
fresnillo,1
influential,1
unit,1
leonard,1
explicit,1
notices,1
christine,1
lelielaan,1
goes,1
proximity,1
leamington,1
determining,1
steamboats,1
risk,1
probability,1
proportion,1
associate,1
persistent,1
pollard,1
grew,1
idiosyncratic,1
certain,1
entre,1
contend,1
derived,1
errs,1
induce,1
inventor,1
benjamin,1
pages,1
special,1
gratefully,1
consuming,1
lay,1
rules,1
summarized,1
front,1
support,1
references,1
tunzel,1
solutions,1
acquisition,1
maintaining,1
old,1
affect,1
plus,1
university,1
possibly,1
erecting,1
les,1
emergence,1
driven,1
just,1
imitation,1
articulated,1
house,1
periodizations,1
surpassing,1
frequently,1
four,1
hpc,1
commonly,1
epanenchinkov,1
operate,1
optimum,1
origins,1
dept,1
calculations,1
overrated,1
beyond,1
surmise,1
feinstein,1
xbinningham,1
consequence,1
imprecise,1
victorian,1
explain,1
care,1
respected,1
perceived,1
tory,1
approxi,1
drawing,1
footnote,1
appear,1
methodology,1
khkl,1
friends,1
experimentation,1
outperforms,1
uses,1
closely,1
advance,1
bl,1
pounds,1
introduce,1
concentration,1
allow,1
transmission,1
declined,1
portable,1
carrying,1
nt,1
bricks,1
typical,1
access,1
strongly,1
resembles,1
kate,1
generates,1
scaling,1
deal,1
shared,1
infrequent,1
nts,1
noting,1
approximation,1
philosophical,1
sectoral,1
midlands,1
fourth,1
informed,1
cultural,1
mate,1
hockin,1
stoppages,1
duced,1
population,1
qeporter,1
analogous,1
biases,1
purchased,1
iex,1
nique,1
baltimore,1
otherwise,1
hypothetical,1
patent,1
delays,1
numerous,1
exiting,1
acceleration,1
nant,1
drain,1
possibility,1
improve,1
well,1
watershed,1
keeping,1
having,1
anna,1
competent,1
raditional,1
emancipated,1
consecutive,1
optimize,1
scope,1
sanction,1
tool,1
emphasis,1
evo,1
carry,1
reader,1
future,1
county,1
part,1
cleaning,1
explains,1
norm,1
proportions,1
edn,1
nation,1
retically,1
description,1
compulsive,1
solicitations,1
incremental,1
loss,1
whole,1
genuine,1
describe,1
fit,1
refined,1
iz,1
vapeur,1
beginnings,1
strenuous,1
moments,1
stimulate,1
conveyed,1
statistics,1
thereafter,1
theo,1
augment,1
call,1
renewals,1
puffer,1
scrap,1
newspaper,1
believes,1
stationary,1
mainstream,1
savings,1
speculatively,1
own,1
connections,1
trends,1
exit,1
heuristic,1
manifestation,1
nuvolarj,1
either,1
tone,1
social,1
responses,1
statutory,1
quantity,1
dan,1
panel,1
cedures,1
next,1
keenly,1
stimulated,1
quite,1
atmosphere,1
sake,1
family,1
influence,1
mineral,1
few,1
wider,1
highly,1
competitive,1
draining,1
dramatic,1
incubus,1
startling,1
secrecy,1
essentially,1
boundaries,1
tdit,1
parliament,1
condemned,1
en,1
behavior,1
spurious,1
user,1
pays,1
racking,1
ditl,1
correspondence,1
plausible,1
unduly,1
neoclassical,1
diminished,1
value,1
provided,1
moved,1
reluctant,1
dictated,1
capturing,1
velocities,1
distin,1
subsequently,1
multiplying,1
f,1
contributes,1
critical,1
siderations,1
partially,1
mended,1
inch,1
sons,1
proxy,1
annum,1
reduced,1
attempts,1
variety,1
absence,1
steadily,1
devon,1
contended,1
rankine,1
ire,1
located,1
limited,1
released,1
acknowledged,1
inclusive,1
nearly,1
lies,1
met,1
upward,1
converted,1
cylin,1
matize,1
illustrating,1
technically,1
presently,1
apprehensions,1
comments,1
sponsored,1
railway,1
argument,1
standing,1
initially,1
wind,1
movement,1
adjusting,1
repr,1
abrupt,1
ask,1
va,1
direction,1
adapted,1
poraries,1
calculate,1
competition,1
portrayed,1
elaboration,1
museum,1
liability,1
propensities,1
suited,1
cleveland,1
read,1
advanced,1
instantly,1
incrementally,1
borrowed,1
kk,1
fifth,1
restricted,1
official,1
cylindrical,1
us,1
denounced,1
penryn,1
participants,1
home,1
breakage,1
release,1
informal,1
positively,1
light,1
rightly,1
shock,1
mysterious,1
microdata,1
si,1
without,1
insights,1
odds,1
confirmed,1
prin,1
increasingly,1
turing,1
rise,1
ized,1
emerg,1
sector,1
avoided,1
fairly,1
useful,1
deconstruct,1
street,1
fruitful,1
name,1
successfully,1
attainable,1
business,1
strike,1
journey,1
death,1
europe,1
similarly,1
addition,1
financial,1
missing,1
hartwell,1
efforts,1
lighter,1
head,1
gies,1
relates,1
striking,1
cumulative,1
advantage,1
plan,1
shortened,1
predominant,1
agree,1
appeared,1
classical,1
omitted,1
arthur,1
substantially,1
variation,1
identical,1
nutshell,1
reasons,1
channel,1
forms,1
paris,1
remarkable,1
centre,1
imparting,1
covered,1
model,1
square,1
road,1
lancash,1
developing,1
purposes,1
capricious,1
nance,1
sluggish,1
origin,1
appropriating,1
perhaps,1
apathy,1
eds,1
ordinary,1
gives,1
counterpart,1
opting,1
railways,1
free,1
unable,1
insensitive,1
charted,1
antony,1
accli,1
original,1
empirically,1
underestimation,1
collated,1
discovery,1
explanation,1
width,1
bear,1
values,1
ic,1
helps,1
active,1
including,1
enhanced,1
contacts,1
instal,1
scrapped,1
opportunity,1
expand,1
concern,1
conceived,1
findings,1
concomitantly,1
curtail,1
significant,1
reconstructs,1
sold,1
unfortunately,1
convenience,1
operated,1
virtually,1
ien,1
inherently,1
shades,1
yorkshire,1
publiltioa,1
kingdom,1
merit,1
examination,1
trust,1
raising,1
delay,1
embark,1
importantly,1
considerable,1
netherlands,1
described,1
versions,1
open,1
defender,1
josiah,1
authors,1
comprehensive,1
hampered,1
perpendicular,1
maintenance,1
reap,1
amounts,1
noo,1
august,1
held,1
individual,1
physics,1
characterized,1
crushing,1
hammer,1
cally,1
maastricht,1
maximize,1
paths,1
profitably,1
filled,1
accurate,1
insidiously,1
retrieving,1
improved,1
condensirng,1
determinants,1
probe,1
comparing,1
labour,1
parallel,1
become,1
sight,1
exactly,1
cognitive,1
judgement,1
hard,1
usa,1
advertisement,1
adaptations,1
dividing,1
attracted,1
mainte,1
caution,1
wick,1
federated,1
concluded,1
widely,1
sented,1
examines,1
improperly,1
performing,1
space,1
carried,1
elimi,1
discussing,1
topography,1
assigned,1
hocking,1
oa,1
iec,1
me,1
publishing,1
charlottesville,1
wisdom,1
she,1
raise,1
angular,1
provide,1
segments,1
internationaux,1
outlined,1
practitioners,1
claimed,1
tech,1
reasonable,1
employment,1
cnrs,1
inside,1
vertical,1
signifi,1
institutions,1
slow,1
becomes,1
inducement,1
dimensions,1
success,1
establish,1
worse,1
philosophy,1
understand,1
mcnaughting,1
sequences,1
legitimacy,1
recognize,1
rapidly,1
try,1
covering,1
linking,1
grose,1
jacketing,1
es,1
reaches,1
construction,1
entrusted,1
existed,1
frontier,1
ing,1
bypass,1
measured,1
expounding,1
instances,1
sound,1
grounded,1
investigate,1
conservation,1
meant,1
imitated,1
detail,1
quantitative,1
circumscribed,1
sections,1
school,1
environment,1
suggestions,1
curious,1
practised,1
fifteen,1
ordered,1
stable,1
material,1
growing,1
lessons,1
mann,1
mentioned,1
simply,1
wear,1
contribu,1
constituted,1
ever,1
profits,1
reinforced,1
extension,1
rival,1
besides,1
md,1
retrogression,1
doi,1
sceptical,1
sciences,1
discharged,1
der,1
coincides,1
mirrors,1
forty,1
erected,1
glowing,1
partner,1
control,1
monthly,1
dare,1
country,1
exaggerations,1
redruth,1
worth,1
interested,1
nent,1
seem,1
referees,1
tear,1
down,1
fuelled,1
current,1
regard,1
returns,1
humphries,1
expiration,1
notwith,1
solved,1
hinted,1
guidelines,1
sc,1
intro,1
distinctive,1
past,1
placing,1
climate,1
particu,1
techno,1
richardson,1
passage,1
oliver,1
prescribing,1
animal,1
trying,1
erinne,1
purchase,1
explanations,1
shreds,1
conservatism,1
avner,1
mccloskey,1
whether,1
list,1
namely,1
making,1
plants,1
temperatures,1
pertinent,1
min,1
feb,1
converting,1
sively,1
vigorously,1
tightly,1
extent,1
while,1
foundations,1
attaining,1
smoothness,1
require,1
gross,1
explored,1
guesswork,1
oo,1
balance,1
ideal,1
contain,1
art,1
typi,1
pumps,1
bob,1
conference,1
revised,1
apparatus,1
intention,1
inspector,1
edwards,1
conclude,1
affecting,1
uniform,1
introduced,1
sea,1
despite,1
atmospheric,1
ec,1
turns,1
recom,1
assumptions,1
casual,1
went,1
rationale,1
confronted,1
conventional,1
condition,1
recedes,1
contribute,1
clothing,1
challenges,1
writing,1
aspect,1
unful,1
neglect,1
remarks,1
kuhn,1
sanctioned,1
question,1
promoted,1
formation,1
devoted,1
moderate,1
tributes,1
elongated,1
score,1
difference,1
neers,1
undue,1
deepening,1
ores,1
exerted,1
grant,1
inflated,1
mature,1
isles,1
reallocate,1
contributed,1
offer,1
advantageous,1
magnitudes,1
integrated,1
consolidated,1
enabling,1
vkxxx,1
physical,1
product,1
smaller,1
states,1
regular,1
nelling,1
defined,1
reviving,1
off,1
await,1
maximization,1
area,1
suction,1
captain,1
remains,1
technolo,1
summary,1
anonymous,1
ries,1
offered,1
drift,1
potential,1
pioneering,1
passages,1
substitute,1
teenth,1
conflated,1
denser,1
reached,1
guish,1
create,1
uncertainty,1
nok,1
puts,1
entire,1
develop,1
keast,1
costly,1
immediately,1
teething,1
uk,1
taylor,1
zachariah,1
histograms,1
detriment,1
doing,1
signals,1
close,1
hamblin,1
contem,1
retrospect,1
looking,1
horner,1
