WORDCOUNTS,WEIGHT
the,957
of,647
and,557
in,416
to,262
a,260
that,163
for,122
as,120
on,112
or,87
was,83
by,80
accounting,75
is,75
this,74
de,72
were,69
s,68
with,66
from,62
confession,61
khipu,57
they,53
an,53
sin,52
inka,51
what,47
i,46
hucha,46
khipus,44
not,44
are,41
have,41
their,40
andean,38
spanish,37
bookkeeping,37
which,36
r,35
it,34
such,34
we,34
at,31
one,31
these,31
see,30
between,30
had,29
urton,28
be,28
who,27
y,26
two,26
e,25
university,25
society,25
u,24
j,24
new,24
press,24
colonial,24
state,23
been,23
l,22
andes,22
t,22
information,22
catholic,21
european,21
aho,21
c,21
into,20
record,20
native,20
behavior,19
his,19
peru,19
records,19
order,19
he,19
other,19
accounts,19
world,19
sins,18
cama,18
those,18
how,18
social,18
system,17
has,17
g,17
well,17
use,17
study,17
la,17
recording,17
gary,16
quechua,16
lire,16
my,16
keeping,16
intercontinental,16
also,16
us,16
time,16
so,16
spain,16
exploration,16
while,16
europe,15
there,15
some,15
n,15
penance,15
but,15
individual,15
entry,15
harrison,15
all,14
century,14
similar,14
term,14
method,14
its,14
actions,14
about,14
capitalism,14
different,14
history,13
credits,13
recorded,13
debits,13
labor,13
traditions,13
procedures,13
work,13
around,13
practices,13
clergy,13
double,13
many,13
empire,13
credit,13
terms,13
d,13
you,13
weber,13
early,13
book,12
political,12
lt,12
used,12
del,12
southern,12
do,12
language,12
following,12
form,12
page,11
if,11
might,11
priest,11
journal,11
rather,11
m,11
found,11
durston,11
acts,11
religious,11
made,11
often,11
priests,11
considered,11
any,11
both,11
within,10
inca,10
lima,10
most,10
confessional,10
could,10
debit,10
concept,10
up,10
make,10
sinful,10
more,10
governmentality,10
council,10
three,10
when,10
practice,10
each,10
knots,10
historical,10
transactions,10
before,9
first,9
tradition,9
cords,9
principal,9
el,9
account,9
central,9
bocanegra,9
back,9
called,9
however,9
los,9
cord,9
perez,9
london,9
personal,9
ondegardo,9
same,9
norms,9
books,9
another,9
values,9
moral,9
would,9
relation,9
can,9
rhetorical,9
northern,9
centuries,9
them,9
medieval,8
american,8
acosta,8
royal,8
give,8
pacioli,8
natives,8
que,8
salomon,8
developed,8
earlier,8
argued,8
polo,8
out,8
shall,8
related,8
during,8
jesus,8
duplicate,8
andeans,8
forms,8
ibid,8
institutions,8
individuals,8
relationship,8
figure,8
known,8
phillips,8
set,8
connection,8
whether,8
through,8
charles,8
among,8
accountants,8
f,7
pecado,7
h,7
western,7
york,7
great,7
religion,7
disorder,7
even,7
may,7
performance,7
represented,7
means,7
linked,7
instance,7
based,7
societies,7
format,7
austin,7
late,7
place,7
sacrament,7
thirteenth,7
highly,7
texas,7
will,7
business,7
god,7
tentler,7
community,7
others,7
documents,7
ledger,7
day,7
strings,7
administrative,7
after,7
christian,7
owed,7
confessed,7
must,7
spaniards,7
particular,7
given,7
question,7
discursive,7
evidence,7
states,7
much,7
stone,6
conquest,6
princeton,6
being,6
either,6
sources,6
pärssinen,6
debt,6
italian,6
incas,6
church,6
garcilaso,6
left,6
like,6
than,6
en,6
confessors,6
objects,6
ascher,6
notions,6
came,6
understood,6
required,6
because,6
provincial,6
italy,6
thoughts,6
people,6
officials,6
least,6
specifically,6
para,6
transcultural,6
fact,6
ages,6
catholicism,6
transgressive,6
murra,6
especially,6
methods,6
here,6
did,6
argue,6
cobo,6
ref,6
emphasis,6
contain,6
behaviors,6
indians,6
close,6
ferdinand,5
trans,5
modern,5
position,5
cargo,5
postings,5
take,5
sacred,5
power,5
felt,5
say,5
confessions,5
tied,5
inventory,5
thus,5
hierarchy,5
storehouse,5
ancient,5
urioste,5
old,5
person,5
recognized,5
essential,5
no,5
testimony,5
knotted,5
maccormack,5
maintaining,5
numbers,5
concerning,5
important,5
whereas,5
uses,5
monitoring,5
further,5
holguin,5
perform,5
transcription,5
data,5
middle,5
descargo,5
own,5
foucault,5
causal,5
sense,5
transgressions,5
imposition,5
involved,5
julien,5
using,5
san,5
matter,5
yet,5
historia,5
thesis,5
included,5
camac,5
noted,5
rise,5
act,5
balancing,5
appeared,5
everything,5
took,5
hand,5
purposes,5
confrontation,5
perhaps,5
eds,5
argues,5
private,5
discussion,5
held,5
instruction,5
why,5
saw,5
suggest,5
committed,5
confessants,5
gonzalez,5
poma,5
ayala,5
mercantile,5
aymara,5
les,5
meaning,5
guaman,5
control,5
capital,5
just,5
beginning,5
economy,5
making,5
sombart,5
glosses,5
sacraments,5
became,5
cash,5
think,5
pair,5
our,5
until,5
argument,5
invasion,5
public,5
little,5
does,4
obligations,4
common,4
way,4
concerned,4
later,4
groups,4
introduction,4
manuscript,4
entries,4
authority,4
ways,4
studies,4
something,4
said,4
wool,4
tribute,4
fifteenth,4
colors,4
rational,4
scrupulosity,4
link,4
hundred,4
scriba,4
context,4
issue,4
side,4
sophisticated,4
epstein,4
dr,4
restitution,4
quipu,4
sixteenth,4
point,4
against,4
ritual,4
madrid,4
ethical,4
since,4
objective,4
dlxx,4
doctrina,4
times,4
document,4
memorandum,4
compulsory,4
third,4
find,4
general,4
carneros,4
whose,4
checks,4
keepers,4
black,4
productive,4
huarochiri,4
established,4
emergence,4
latin,4
section,4
indios,4
commonly,4
universidad,4
huacas,4
destructive,4
protestant,4
appear,4
numerical,4
greater,4
isabella,4
cli,4
census,4
fourth,4
altroy,4
viewed,4
cannot,4
your,4
falco,4
elliott,4
ten,4
device,4
rituals,4
employed,4
deeply,4
knot,4
encounters,4
good,4
published,4
things,4
generally,4
notes,4
value,4
fossa,4
auricular,4
south,4
second,4
attempts,4
taken,4
economic,4
collection,4
liturgy,4
once,4
emerged,4
salvation,4
read,4
disorderly,4
thought,4
soon,4
under,4
performed,4
only,4
genoese,4
toward,4
vega,4
beliefs,4
john,4
manner,4
surveillance,4
por,4
governance,4
cusco,4
parish,4
intimate,4
sacramental,4
including,4
arose,4
samples,4
concern,4
pizarro,4
juan,4
evolution,4
jacobsen,4
significance,4
type,4
b,4
him,4
features,4
kept,4
latter,4
men,4
written,4
systems,4
pecar,4
ethic,4
translation,4
understand,4
life,4
cr,4
earliest,4
contained,4
then,4
associated,4
series,4
peragallo,4
natural,4
over,4
paper,4
cc,4
research,4
number,4
stability,4
commandments,4
w,4
ccc,4
balances,4
administration,4
matches,4
arguments,4
lateran,4
daybook,4
sexuality,4
reformation,4
obligation,4
doing,4
arithmetic,4
termed,4
sermons,3
o,3
done,3
resulted,3
now,3
group,3
needed,3
complex,3
formed,3
ochenta,3
arrangement,3
transcriptions,3
v,3
cited,3
source,3
sermon,3
dictionaries,3
corvée,3
military,3
official,3
nature,3
origin,3
studied,3
able,3
faithful,3
concepts,3
p,3
case,3
described,3
suspect,3
historians,3
conquests,3
translations,3
metaphor,3
sought,3
america,3
sexual,3
right,3
vol,3
prior,3
chronicler,3
drive,3
vital,3
leon,3
still,3
sobre,3
along,3
transpiring,3
culpa,3
merchants,3
development,3
sample,3
distinct,3
items,3
espeland,3
carruthers,3
reintegrating,3
opposed,3
pendant,3
museum,3
levels,3
johnston,3
capac,3
legal,3
parts,3
jesuit,3
pages,3
elaborate,3
white,3
references,3
cameros,3
organization,3
house,3
preoccupation,3
age,3
four,3
sus,3
bureaucracy,3
closely,3
appearance,3
her,3
cultural,3
bernabé,3
applied,3
failure,3
near,3
shape,3
pedro,3
cabello,3
imagined,3
part,3
drew,3
example,3
civil,3
nation,3
governors,3
description,3
year,3
inkas,3
call,3
forces,3
away,3
nor,3
balboa,3
radically,3
stage,3
josé,3
diary,3
brown,3
occasions,3
su,3
conquistadors,3
roots,3
am,3
formulario,3
absence,3
various,3
wrote,3
comparative,3
platt,3
giovanni,3
cieza,3
registered,3
single,3
chronicle,3
financial,3
evil,3
decimal,3
clash,3
sixteenthand,3
quipus,3
culture,3
formalized,3
ed,3
al,3
indian,3
gloss,3
increasingly,3
tropes,3
seville,3
addition,3
conduct,3
subsidiaries,3
instituto,3
faults,3
contemporary,3
guilty,3
pairing,3
rhetoric,3
devil,3
never,3
reproductive,3
paired,3
examples,3
mayores,3
bear,3
linking,3
fourteenth,3
refers,3
morality,3
sequence,3
harvard,3
ceremonies,3
complicated,3
horswell,3
involves,3
reality,3
luca,3
asocial,3
period,3
mexico,3
antiquity,3
labels,3
article,3
brezine,3
james,3
ethnohistory,3
destruction,3
grandes,3
today,3
note,3
she,3
tomo,3
science,3
began,3
articles,3
responsible,3
quite,3
existed,3
composed,3
arts,3
mannheim,3
small,3
christiana,3
text,3
mirrors,3
down,3
counting,3
particularly,3
works,3
masters,3
believed,3
ones,3
contador,3
institute,3
almost,3
level,3
overseeing,3
thereby,3
mayor,3
relates,3
challenges,3
writing,3
years,3
libros,3
copies,3
rationalization,3
inkan,3
fibers,3
finally,3
course,3
need,3
provided,3
disruption,3
lupaca,3
francisco,3
practiced,3
respective,3
sinner,3
accountant,3
focus,3
north,3
recent,3
entities,2
archives,2
lopez,2
locke,2
convergence,2
jewels,2
ethics,2
commentary,2
quipoc,2
captaincy,2
encouraged,2
represent,2
entrails,2
college,2
intriguing,2
burkhart,2
alone,2
textos,2
string,2
passing,2
center,2
large,2
significant,2
kinds,2
cotrugli,2
huchalliccuni,2
aor,2
forgiveness,2
word,2
vâsqwez,2
transcribed,2
english,2
murder,2
cuzco,2
completely,2
duke,2
spirit,2
devices,2
occurred,2
holding,2
arrived,2
track,2
contact,2
else,2
invention,2
long,2
every,2
creation,2
roman,2
distinguishing,2
regulating,2
interests,2
vols,2
kilometers,2
terrain,2
promoting,2
advanced,2
active,2
seems,2
penitential,2
capitalist,2
mcdlxxiv,2
leading,2
daily,2
differences,2
regional,2
expense,2
pensamiento,2
review,2
creator,2
devised,2
murray,2
precisely,2
raised,2
discipline,2
reading,2
yamey,2
violating,2
con,2
anes,2
indebtedness,2
historica,2
capacity,2
primary,2
bessimi,2
herrett,2
possible,2
estudios,2
taking,2
except,2
conceptual,2
very,2
immoral,2
himself,2
reverence,2
tributes,2
signal,2
exist,2
human,2
goal,2
throughout,2
mcdxxx,2
points,2
due,2
phelan,2
characteristic,2
reproduced,2
relations,2
consolation,2
eighty,2
disruptive,2
principalities,2
expected,2
learning,2
turn,2
elements,2
refer,2
twice,2
hermanos,2
profit,2
aspect,2
antisocial,2
drawn,2
festivals,2
though,2
influence,2
formats,2
lesser,2
communities,2
interesting,2
highlands,2
sum,2
possession,2
doctrine,2
notion,2
process,2
highway,2
ce,2
se,2
balanced,2
slippery,2
storehouses,2
lay,2
moreover,2
addressing,2
soul,2
provinces,2
consultation,2
mission,2
cause,2
key,2
ganado,2
languages,2
organized,2
elsewhere,2
threatening,2
days,2
placed,2
contexts,2
observations,2
juxtaposed,2
stewart,2
follow,2
beyond,2
followed,2
cotton,2
ceremony,2
problems,2
subsidiary,2
friars,2
dominant,2
contrary,2
opinion,2
consulta,2
matching,2
carelessness,2
cargas,2
bearing,2
postconquest,2
entered,2
extraordinary,2
color,2
item,2
behavioral,2
lived,2
animating,2
shared,2
events,2
fifteenthand,2
initial,2
evaluate,2
pointing,2
durham,2
let,2
war,2
ecclesiastical,2
rectification,2
province,2
appears,2
reitzer,2
hypothetical,2
circumstances,2
sodomite,2
colonies,2
gods,2
coin,2
silver,2
receive,2
glossed,2
directly,2
caxa,2
priesthood,2
carry,2
claim,2
brought,2
purpose,2
casa,2
apparent,2
cartulary,2
tapia,2
overview,2
issues,2
partly,2
camay,2
actually,2
structures,2
demon,2
et,2
documented,2
overseas,2
andinos,2
earth,2
solution,2
caused,2
describing,2
carries,2
below,2
responsibility,2
debts,2
resolving,2
peruvian,2
formatting,2
desires,2
event,2
repeated,2
calling,2
llama,2
pike,2
buckmaster,2
concerns,2
psychological,2
observe,2
registry,2
attached,2
disharmony,2
lengua,2
describes,2
paid,2
otros,2
production,2
newly,2
genoa,2
content,2
pope,2
fuchs,2
tasks,2
heretofore,2
obeying,2
camelid,2
indigenous,2
elimination,2
entitled,2
numerals,2
action,2
short,2
indeed,2
peccado,2
breaches,2
expansion,2
diego,2
sanmarti,2
return,2
whatever,2
above,2
instrucción,2
comments,2
ocho,2
positive,2
corpus,2
violate,2
listed,2
fascinating,2
preaching,2
permission,2
older,2
parishes,2
neither,2
orders,2
teaching,2
dan,2
already,2
colección,2
stones,2
administrators,2
members,2
policing,2
llamas,2
death,2
punish,2
pointed,2
forrester,2
projects,2
signified,2
registries,2
lack,2
stimulus,2
overseen,2
claimed,2
bossy,2
observes,2
reasons,2
multiplication,2
mestizo,2
learn,2
present,2
viceroy,2
ground,2
remarkable,2
begin,2
letter,2
secular,2
accepted,2
relevant,2
shown,2
discord,2
answer,2
strategies,2
forth,2
duties,2
pacheco,2
material,2
real,2
woman,2
controversy,2
fault,2
parishioners,2
going,2
local,2
crown,2
technologies,2
quando,2
upon,2
accompanying,2
range,2
writings,2
stealing,2
unfortunately,2
informaciones,2
mcdlxxx,2
pleasure,2
knowledgeable,2
marcos,2
trade,2
clear,2
directed,2
catholics,2
workers,2
liturgical,2
keep,2
deb,2
someone,2
characterized,2
function,2
causally,2
accurate,2
keeper,2
murua,2
libro,2
facing,2
parallel,2
exactly,2
minting,2
field,2
equivalent,2
astonishing,2
invented,2
institution,2
councils,2
division,2
performing,2
dealing,2
fifty,2
camasca,2
lot,2
continued,2
involving,2
quo,2
nexus,2
becomes,2
referred,2
seen,2
detailed,2
force,2
threaten,2
ch,2
traveled,2
examine,2
hierarchical,2
analysis,2
culpas,2
types,2
canonical,2
mariéjol,2
worlds,2
commenting,2
donoso,2
matters,2
swetz,2
nacional,2
colony,2
conclusion,2
version,2
calendrical,2
peoples,2
consider,2
reciprocity,2
supported,2
useful,2
sustained,2
discharged,2
coloniales,2
defining,2
intellectual,2
incan,2
extant,2
country,2
finance,2
ancestor,2
estenssoro,2
global,2
setting,2
believe,2
expiation,2
draws,2
ideological,2
clearly,2
rely,2
far,2
decolonizing,2
interconnection,2
documentos,2
examining,2
identities,2
differed,2
thompson,2
passage,2
emerges,2
merely,2
respect,2
chaupi,2
confess,2
namca,2
according,2
réf,2
kiviharju,2
independently,2
imposed,2
violent,2
hoped,2
writes,2
quipos,2
extent,2
transaction,2
mentioned,2
extract,2
bureaucratic,2
women,2
original,2
rationality,2
too,2
views,2
monitored,2
code,2
introduced,2
city,2
duty,2
went,2
territory,2
encounter,2
wife,2
programs,2
superior,2
mention,2
maintained,2
gain,2
analogy,2
come,2
presta,2
shores,2
understandings,2
ultimately,2
obliged,2
difference,2
cambridge,2
appropriate,2
conquistador,2
publishing,2
approximately,2
americas,2
although,2
specialists,2
mas,2
effects,2
kivijarhu,2
thousand,2
animation,2
curas,2
thing,2
regularity,2
themselves,2
chicago,2
create,2
texts,2
catecismo,2
conjuncture,2
seek,2
taylor,2
observed,2
ca,2
camelids,2
major,2
gold,2
bundles,2
guarda,2
werner,2
courts,1
countryside,1
frequent,1
deception,1
shorter,1
integral,1
mimic,1
go,1
treynta,1
reckoning,1
equation,1
confessor,1
explosion,1
quarenta,1
possessed,1
mummies,1
opleyto,1
struggle,1
owes,1
edge,1
representing,1
indicated,1
implying,1
academic,1
develops,1
stood,1
suggested,1
soldier,1
commitment,1
investigaciones,1
fractions,1
administered,1
shrines,1
extend,1
persecución,1
interlude,1
math,1
host,1
ultimate,1
originating,1
mundane,1
utility,1
notably,1
defenses,1
expect,1
contemporaneous,1
potentiality,1
catechisms,1
registering,1
seventeenth,1
pendants,1
partially,1
integrity,1
numeration,1
instructions,1
agency,1
talla,1
notarykhipukamayuq,1
zz,1
columns,1
informative,1
likely,1
asserted,1
ana,1
recourse,1
true,1
continent,1
strictly,1
union,1
earthly,1
specified,1
mit,1
han,1
llamada,1
mentality,1
contention,1
clandestine,1
finitude,1
negocio,1
unrecognized,1
allies,1
encourage,1
habits,1
communion,1
benighted,1
cornell,1
accentuated,1
paganismo,1
fragile,1
regime,1
enumeration,1
village,1
contratación,1
edu,1
instructing,1
attuned,1
golden,1
chief,1
theft,1
khipukamayuq,1
disputed,1
charity,1
themes,1
frances,1
intentions,1
huacllik,1
myriad,1
offby,1
anti,1
europeanist,1
summarize,1
guacas,1
notre,1
fabric,1
member,1
deserved,1
synonymous,1
archaeologists,1
wrongdoing,1
usage,1
autonomously,1
provision,1
permit,1
earning,1
cclxxx,1
undermine,1
failing,1
admonishment,1
hence,1
embraced,1
ambivalence,1
venice,1
upholding,1
censos,1
helps,1
cccclxxv,1
ii,1
clergymen,1
implications,1
mysterious,1
rested,1
vocabulario,1
hagen,1
disturbance,1
attempt,1
astronomical,1
andahuaylillas,1
worked,1
calvinism,1
words,1
stolen,1
declined,1
company,1
quid,1
reach,1
principles,1
archaeologically,1
copy,1
fractional,1
doubleentry,1
textiles,1
advantage,1
assertion,1
suggesting,1
impede,1
desire,1
rutgers,1
poverty,1
enduring,1
display,1
puritan,1
monitor,1
viceroys,1
centering,1
animality,1
accumulated,1
mendicant,1
title,1
producing,1
narrative,1
chroniclers,1
guarina,1
transferred,1
moors,1
tells,1
thanks,1
closer,1
juntamente,1
court,1
genetive,1
survey,1
styles,1
reproduction,1
listing,1
oydores,1
coalescence,1
feature,1
threedimensional,1
uqrikuqs,1
lxxv,1
tangible,1
separated,1
caçiqwes,1
mind,1
date,1
emphasized,1
stand,1
fun,1
reserved,1
routines,1
sheet,1
hoy,1
superficially,1
lxxx,1
leyendo,1
papers,1
politico,1
ministrations,1
british,1
axwa,1
takes,1
episodes,1
governmental,1
existence,1
classifying,1
ltd,1
zafra,1
interrogations,1
fernando,1
king,1
motion,1
albany,1
saying,1
discuss,1
motivating,1
twist,1
representations,1
societas,1
formatted,1
khipukamayuyq,1
custom,1
dastin,1
quantities,1
hank,1
howard,1
tratado,1
etnologia,1
peruanos,1
crux,1
urteaga,1
tiene,1
mutual,1
intriguingly,1
move,1
investigator,1
cadre,1
ayllus,1
arenas,1
tawantinsuyu,1
renato,1
calculated,1
reflecting,1
supervision,1
exchanges,1
resources,1
conception,1
laws,1
household,1
dynamic,1
chart,1
muxsa,1
adriana,1
negotiation,1
confessing,1
holder,1
plied,1
unchecked,1
mat,1
cursing,1
economies,1
minimum,1
urging,1
treatise,1
denoting,1
controlled,1
genealogies,1
corànica,1
witchcraft,1
gonçalo,1
learned,1
punishing,1
conflict,1
incorporación,1
conciliar,1
cumulatively,1
includes,1
fluency,1
fascinated,1
endanger,1
relationships,1
inventoried,1
algazara,1
connect,1
desaguadero,1
difficulties,1
inner,1
fretting,1
neighbor,1
accommodation,1
yeedor,1
thinner,1
herbs,1
huchas,1
demanded,1
initially,1
tupicocha,1
audiencia,1
spinning,1
author,1
invaders,1
police,1
sierra,1
divine,1
asceticism,1
domain,1
popularly,1
malaga,1
viewing,1
brother,1
mixed,1
finlandia,1
dame,1
participating,1
conducted,1
tucson,1
discover,1
overt,1
computis,1
constellation,1
employing,1
media,1
menor,1
yourself,1
subtraction,1
forced,1
espoused,1
kind,1
conundrum,1
norte,1
priority,1
satan,1
cases,1
parallelism,1
remembering,1
adjustment,1
developments,1
unclean,1
self,1
consejo,1
deeds,1
overseers,1
lapaz,1
underlying,1
patch,1
burgeoning,1
inclinations,1
convincing,1
amount,1
chucuito,1
subjects,1
vincenti,1
deed,1
ha,1
ithaca,1
serving,1
http,1
castilian,1
cuyes,1
six,1
houses,1
flawed,1
oxford,1
served,1
glossing,1
lineage,1
dates,1
compared,1
arranged,1
continuous,1
witnessed,1
formulate,1
overarching,1
magestad,1
gospel,1
bolivia,1
pueblo,1
look,1
occidental,1
critique,1
border,1
operative,1
sun,1
jr,1
triplicate,1
businessman,1
founder,1
veyntiquatro,1
subversion,1
sisters,1
monk,1
parlance,1
loans,1
cites,1
poorly,1
commanders,1
readable,1
grasp,1
promised,1
industries,1
jurist,1
higher,1
pay,1
poblacionales,1
site,1
civilization,1
assessed,1
geronymo,1
underlay,1
topic,1
lexical,1
disposed,1
adequate,1
qquichua,1
identification,1
operations,1
muerto,1
commune,1
exact,1
bring,1
principally,1
redress,1
evoking,1
aimed,1
troubled,1
absent,1
arising,1
love,1
disjunction,1
catolicismo,1
absolution,1
verity,1
synonyms,1
reference,1
chucuyto,1
revenues,1
consternation,1
knew,1
una,1
levine,1
conceptions,1
adopted,1
killing,1
requisite,1
goes,1
burgos,1
ichuris,1
heard,1
connected,1
dar,1
livermore,1
institutionalization,1
certain,1
entre,1
leave,1
direct,1
hispanorum,1
inn,1
offering,1
awareness,1
animals,1
von,1
pagadores,1
consequences,1
space,1
primer,1
lots,1
suffice,1
plaza,1
caruajal,1
eighteen,1
determination,1
brunswick,1
fervently,1
settled,1
park,1
vitalizing,1
honored,1
troublesome,1
payers,1
civilizations,1
entregado,1
certify,1
maiden,1
possibly,1
flexibility,1
statistical,1
sacados,1
studia,1
descent,1
itinerant,1
subterfuge,1
stored,1
semantics,1
proved,1
consciousness,1
former,1
seducing,1
dominate,1
population,1
pensamientos,1
articulated,1
k,1
hierarchically,1
instrument,1
vitality,1
casas,1
lester,1
laylor,1
upper,1
andeanists,1
cientificas,1
carolina,1
bridges,1
rotational,1
commented,1
tried,1
max,1
pinnacle,1
additional,1
textile,1
mcdïii,1
occupied,1
confuse,1
vn,1
statement,1
efficient,1
peninsula,1
queen,1
testament,1
putting,1
recall,1
permanent,1
miscelanea,1
prototype,1
strategy,1
faced,1
providing,1
decades,1
yarn,1
view,1
dependency,1
vine,1
methodology,1
regulatory,1
constructive,1
proposed,1
estos,1
agustinos,1
holdings,1
devises,1
opening,1
expressed,1
earned,1
lead,1
participants,1
undivulged,1
location,1
agenda,1
hatun,1
franciscans,1
comportment,1
formulations,1
perturb,1
histories,1
acknowledgments,1
mandate,1
strength,1
relating,1
printing,1
çenteno,1
effort,1
objectives,1
hinduarabic,1
ocean,1
criticisms,1
owe,1
misdeeds,1
commoners,1
magestat,1
interpretations,1
philosophical,1
amarres,1
dyes,1
compromised,1
markets,1
punishment,1
vivification,1
mcdiii,1
equally,1
todo,1
malos,1
oklahoma,1
standardized,1
informed,1
equal,1
cacique,1
nineteenth,1
bend,1
malefactors,1
off,1
animate,1
tools,1
tristan,1
ceramics,1
frequency,1
meet,1
obras,1
scale,1
wealth,1
wirth,1
grades,1
metals,1
tension,1
spiritual,1
corregidores,1
absolute,1
explain,1
approached,1
instrumental,1
opposition,1
folge,1
sacrifice,1
hopkins,1
possibility,1
eliminate,1
impression,1
scribe,1
briefly,1
aspects,1
uqrikuq,1
sites,1
pigs,1
existential,1
having,1
theological,1
unequal,1
seeking,1
spheres,1
iberoamericano,1
genre,1
degrees,1
ferreting,1
mandatory,1
decipherment,1
formerly,1
intense,1
camallicuni,1
sixteenthcentury,1
narratives,1
ideal,1
translate,1
differ,1
explication,1
discusses,1
damnation,1
homily,1
dover,1
unfinished,1
confesses,1
classification,1
dios,1
hermanas,1
actors,1
chino,1
comment,1
promiscuity,1
carcan,1
irish,1
flourish,1
carrie,1
got,1
fornication,1
gave,1
consistently,1
database,1
discussions,1
boletin,1
inherited,1
communes,1
constitute,1
contains,1
lower,1
aztec,1
runs,1
statistics,1
neue,1
thereafter,1
winter,1
transported,1
uncharted,1
mathematical,1
penalties,1
particularis,1
reflect,1
proselytization,1
formations,1
participate,1
achieving,1
coding,1
couple,1
preparation,1
alan,1
interpreted,1
craftsman,1
universally,1
archiving,1
mired,1
count,1
presumption,1
errors,1
ambiguities,1
disunion,1
citing,1
suffused,1
ancestral,1
creatureliness,1
signing,1
condemnatory,1
occasion,1
protestantism,1
commerce,1
correct,1
successful,1
fulfilled,1
working,1
exchanging,1
mayorales,1
generative,1
fostered,1
revolution,1
chose,1
wished,1
dictionary,1
next,1
son,1
politically,1
pareçe,1
le,1
quintessence,1
stimulated,1
enframe,1
lords,1
loan,1
emerging,1
criador,1
reader,1
family,1
mariéjols,1
reiación,1
several,1
endpoint,1
leaves,1
soil,1
sufficient,1
fraught,1
few,1
claims,1
components,1
este,1
routine,1
weberian,1
levied,1
notation,1
mi,1
presence,1
peace,1
adhere,1
essentially,1
codes,1
urgently,1
cur,1
telling,1
core,1
vein,1
condemned,1
annual,1
orthodox,1
progress,1
neophytes,1
dependent,1
slim,1
piçarro,1
proper,1
headmen,1
depravity,1
undergoing,1
penitents,1
franç,1
crime,1
grateful,1
ciceronian,1
tambocamayoc,1
undesirable,1
knowledge,1
católica,1
chronological,1
meaningfully,1
cordeles,1
eternal,1
sanctions,1
herein,1
therefore,1
pertaining,1
licenciado,1
sjunctions,1
fortunate,1
poignantly,1
wastefulness,1
minor,1
variety,1
andina,1
expanse,1
architecture,1
bringing,1
statecraft,1
marketplace,1
populations,1
senores,1
incorrect,1
separation,1
distorted,1
hide,1
incaicos,1
abusive,1
service,1
located,1
haven,1
subject,1
wings,1
worshiping,1
cloud,1
address,1
classic,1
brief,1
perù,1
etcetera,1
mediating,1
oversight,1
reorganization,1
modo,1
object,1
averiguación,1
allen,1
alty,1
dread,1
judgment,1
presently,1
xl,1
conveys,1
pacification,1
conceived,1
translates,1
precedes,1
premises,1
movement,1
signs,1
settings,1
roads,1
seemingly,1
santidad,1
penguin,1
hold,1
innovation,1
direction,1
structural,1
confesores,1
vocabularies,1
label,1
confronting,1
guide,1
idol,1
frank,1
foot,1
denunciation,1
sort,1
laboring,1
justifying,1
violence,1
sco,1
penitencias,1
devotion,1
coincidental,1
suspicious,1
serve,1
instrución,1
message,1
continuity,1
paymasters,1
fifth,1
demographic,1
salient,1
idaho,1
unwin,1
complementary,1
dictates,1
tax,1
acting,1
gobiemo,1
home,1
editorial,1
reintegration,1
positively,1
postulated,1
complete,1
magertet,1
regina,1
baltimore,1
teachings,1
iyara,1
speaks,1
aforementioned,1
harmony,1
insights,1
collectivities,1
qualified,1
reports,1
emotional,1
garland,1
reliance,1
cum,1
begins,1
speaking,1
rome,1
situates,1
transatlantic,1
regardless,1
elek,1
catalog,1
fellow,1
orderliness,1
organizations,1
oral,1
name,1
museums,1
quis,1
majority,1
bureaucrat,1
ind,1
unreliable,1
impediment,1
law,1
temporarily,1
obsessively,1
abbaco,1
gobierno,1
beads,1
stated,1
fell,1
mighty,1
incorporality,1
reporting,1
ask,1
notarial,1
tempranos,1
inquisition,1
quarreled,1
experienced,1
observance,1
destroy,1
dìo,1
missing,1
ban,1
efforts,1
registration,1
outside,1
functional,1
camachicuni,1
camakdios,1
idea,1
fundamental,1
underestimated,1
tos,1
areas,1
lives,1
caciques,1
lieutenant,1
striking,1
indies,1
prepared,1
potentially,1
smart,1
essence,1
viii,1
manifested,1
dicho,1
practical,1
classical,1
omitted,1
end,1
sounds,1
aspecado,1
deleterious,1
substantially,1
variation,1
diameter,1
flocks,1
man,1
convert,1
agree,1
honor,1
granada,1
readers,1
enough,1
evoke,1
apparatuses,1
augustinian,1
reconstructing,1
psychic,1
oerald,1
signifying,1
ninety,1
actor,1
clusters,1
threads,1
model,1
where,1
metaphors,1
antartica,1
hizo,1
continuing,1
developing,1
florence,1
queer,1
delinca,1
calif,1
dominicans,1
coincided,1
cristiana,1
carnal,1
buen,1
nueva,1
project,1
compelled,1
acerca,1
mercy,1
disjunctions,1
grave,1
gives,1
manuals,1
shifts,1
reflected,1
free,1
remarkably,1
website,1
thoroughly,1
casting,1
civilized,1
timelines,1
submit,1
imagine,1
instructional,1
understatement,1
coma,1
collier,1
understanding,1
exhibit,1
cssh,1
simple,1
vast,1
campaigns,1
öf,1
father,1
lydia,1
registers,1
failings,1
chiefly,1
sacrifices,1
implicated,1
churchmen,1
contours,1
deposits,1
transformed,1
analyzes,1
previously,1
crònica,1
pillsbury,1
sufficiently,1
registrados,1
adversities,1
ruling,1
worship,1
medium,1
identity,1
top,1
senorio,1
entirely,1
foe,1
skeptical,1
convenience,1
padrones,1
conjunctions,1
quantum,1
causes,1
franca,1
vocabulary,1
ideas,1
products,1
resulting,1
questions,1
ethnic,1
authored,1
lord,1
identical,1
decimally,1
examination,1
obstruct,1
full,1
overlap,1
office,1
creativity,1
necessitated,1
dieron,1
weaving,1
grant,1
vii,1
hisbol,1
charge,1
versions,1
rejected,1
militaristic,1
evangelization,1
meanings,1
historic,1
poisoning,1
adding,1
authors,1
assignment,1
publication,1
accounted,1
transpired,1
soldiers,1
maintenance,1
logic,1
ancestry,1
interpret,1
co,1
cccc,1
counter,1
eve,1
powerful,1
helpful,1
spread,1
parallels,1
atone,1
register,1
worldly,1
encomendero,1
illicit,1
misunderstanding,1
offense,1
lorenzo,1
standard,1
commentaries,1
segment,1
imagination,1
dialogue,1
exchange,1
hybridized,1
integers,1
graphic,1
conclusions,1
somehow,1
coercive,1
guilt,1
fecho,1
trying,1
toledo,1
chapel,1
constructing,1
transcendence,1
duzientos,1
siete,1
paciolo,1
blackwell,1
displayed,1
faubion,1
teach,1
construction,1
periodicities,1
vocal,1
superstitions,1
consulting,1
hard,1
distant,1
primeros,1
finlandiae,1
fruition,1
slightly,1
story,1
travelers,1
anchored,1
adorno,1
quarterly,1
governor,1
chain,1
convergent,1
perverted,1
deity,1
ochas,1
regimes,1
attention,1
baggage,1
altipiano,1
mesta,1
controversial,1
guaca,1
unrelated,1
rationalizing,1
justice,1
covered,1
buildings,1
increasing,1
compendium,1
bartolomé,1
unbeknownst,1
suggestion,1
relying,1
discussing,1
negotiations,1
lo,1
posted,1
assigned,1
conjunctures,1
aid,1
me,1
adultery,1
violation,1
demonio,1
raise,1
george,1
provide,1
misbehavior,1
faith,1
assert,1
crucial,1
johns,1
usually,1
camayy,1
vision,1
ideology,1
untied,1
hill,1
santiago,1
antior,1
celebration,1
prosecutions,1
oikoumene,1
binary,1
benedetto,1
ensayos,1
dimensions,1
lingua,1
lost,1
attributions,1
army,1
directions,1
un,1
collections,1
yale,1
ordering,1
worshipers,1
returned,1
economists,1
parsons,1
markers,1
contribution,1
recognize,1
indicate,1
discourse,1
overweening,1
utterly,1
displaying,1
class,1
adventure,1
yauyos,1
united,1
referentes,1
supporting,1
kingdoms,1
months,1
exists,1
instances,1
get,1
aboriginal,1
itself,1
administering,1
recordkeeping,1
interpretive,1
gathered,1
pastoral,1
grounded,1
pecados,1
militia,1
meant,1
addressed,1
detail,1
quantitative,1
rite,1
fertility,1
sections,1
differentiated,1
maestri,1
laborer,1
spun,1
reciprocal,1
quilter,1
suggestions,1
variable,1
curious,1
deposited,1
stratagem,1
fifteen,1
complutense,1
camachini,1
bookand,1
reviewing,1
aides,1
comes,1
accordance,1
complexity,1
meted,1
intensification,1
lleuar,1
interiorized,1
worse,1
reflexiones,1
ve,1
manual,1
hernando,1
agents,1
fertig,1
reinforced,1
perversely,1
pace,1
theme,1
precise,1
grazing,1
constructed,1
southward,1
doi,1
lexicographer,1
appealing,1
alternative,1
tell,1
gran,1
horsewell,1
disturb,1
noventa,1
çupay,1
know,1
ordered,1
colonization,1
burdened,1
anthropology,1
cm,1
guarding,1
hamilton,1
tomb,1
sheep,1
specialized,1
worth,1
lying,1
expanding,1
veintiuno,1
authorities,1
illnesses,1
best,1
concealing,1
breaking,1
wealthy,1
constructions,1
trezienccclxxx,1
universal,1
money,1
assignments,1
recounted,1
regaining,1
proportional,1
epistemological,1
foundation,1
iii,1
brothers,1
stretching,1
collectors,1
metaphorical,1
catechetical,1
perfectly,1
twelfth,1
goods,1
intrinsically,1
uphold,1
benefit,1
constant,1
guinea,1
las,1
translating,1
notational,1
disputes,1
assessment,1
interactive,1
ideally,1
better,1
places,1
catalanaragonese,1
charged,1
clarity,1
animal,1
rolena,1
highlights,1
regulations,1
pardon,1
sincerity,1
preexisting,1
huchuy,1
prefers,1
selected,1
pecadol,1
list,1
scripturis,1
maryland,1
together,1
cornerstones,1
sociology,1
rationales,1
orally,1
errores,1
attitudes,1
calculations,1
unethical,1
sociologist,1
mathematics,1
problem,1
xxxii,1
fully,1
appetite,1
ingresado,1
dark,1
offending,1
aver,1
textual,1
imperial,1
balance,1
suggests,1
instilled,1
reparation,1
revista,1
art,1
size,1
travel,1
strain,1
backbone,1
divining,1
marking,1
augustinians,1
magnificent,1
remember,1
notary,1
necessity,1
inspector,1
inimical,1
careful,1
ill,1
affecting,1
altogether,1
sinfbl,1
centro,1
askew,1
role,1
regulate,1
innocent,1
publishers,1
camani,1
giving,1
techniques,1
plans,1
lies,1
simply,1
controls,1
rationale,1
confronted,1
uchallicuc,1
taxpayer,1
cleverly,1
contreras,1
merchant,1
connotation,1
appointed,1
deities,1
resolved,1
representation,1
très,1
fas,1
sanctified,1
iberian,1
nov,1
named,1
andino,1
spells,1
technological,1
knotting,1
fleece,1
antiguo,1
enthusiasm,1
formation,1
instruct,1
devoted,1
chile,1
nominative,1
models,1
commercial,1
negative,1
consult,1
average,1
formality,1
heretical,1
herds,1
opens,1
materials,1
accept,1
juli,1
isles,1
directionality,1
sat,1
documentation,1
revolves,1
limitedness,1
actively,1
instead,1
lively,1
grown,1
include,1
fiscal,1
crimes,1
moietybased,1
sigio,1
defines,1
reflexive,1
regular,1
playing,1
attempted,1
discounted,1
supersticiones,1
capacocha,1
oversaw,1
salience,1
objections,1
extremely,1
association,1
shift,1
pontificia,1
increased,1
campaign,1
translated,1
cchaara,1
reorganized,1
anonymous,1
observation,1
territories,1
hispanic,1
passages,1
assumed,1
valuable,1
root,1
withdrew,1
proumc,1
encouraging,1
entregados,1
fol,1
ensuring,1
supply,1
titicaca,1
memories,1
negotiate,1
chos,1
lake,1
soundor,1
enterprise,1
debate,1
norman,1
civilian,1
characters,1
documentary,1
censuses,1
countable,1
sensibility,1
re,1
herders,1
immediately,1
strong,1
xxllir,1
grace,1
establishment,1
encoded,1
laborers,1
dos,1
nahuatl,1
operational,1
building,1
built,1
shifted,1
showed,1
mistaken,1
customs,1
quantity,1
confrontations,1
helsinki,1
dalmatian,1
occur,1
arizona,1
capitalistic,1
hypothesis,1
