WORDCOUNTS,WEIGHT
the,739
of,563
and,490
in,408
to,356
a,212
women,167
as,156
is,143
that,138
s,126
not,109
for,108
was,108
tibetan,103
with,96
or,95
her,85
their,83
on,79
were,78
one,75
they,72
this,72
tibet,69
are,65
history,63
dorje,62
yudon,60
be,60
but,59
it,58
by,58
i,54
men,54
she,54
chinese,51
at,50
from,50
an,49
cultural,47
female,45
who,44
stories,43
story,42
gender,41
press,41
university,37
about,36
them,35
nyarong,34
narrative,32
had,32
all,32
troops,31
social,31
these,30
both,30
histories,29
order,29
also,29
time,29
historical,29
such,28
other,28
see,28
dispossession,28
new,27
have,27
family,26
me,26
army,26
blood,26
how,25
told,24
war,24
resistance,24
mcgranahan,24
soldiers,24
did,24
if,23
into,23
my,23
example,23
two,23
only,23
power,23
woman,23
exile,22
gangdrug,22
against,22
gendered,22
would,22
carole,22
even,21
gyari,21
do,21
chushi,21
society,20
there,19
those,19
his,19
part,19
culture,19
we,19
experience,18
political,18
practice,18
male,18
nyima,17
well,17
pollution,17
gyatso,17
menstrual,17
ways,16
people,16
things,16
battle,16
so,16
life,16
fought,16
what,16
he,15
york,15
narration,15
menstruation,15
however,15
which,15
often,15
battlefield,14
always,14
studies,14
than,14
own,14
community,14
many,14
class,14
tibetans,13
might,13
just,13
could,13
narrate,13
others,13
eds,13
while,13
first,12
some,12
dolma,12
possibility,12
place,12
personal,12
veterans,12
yet,12
narratives,12
foucault,12
more,12
lama,12
when,12
buddhist,12
huber,12
dangerous,12
between,12
among,12
truth,11
gyaritsang,11
politics,11
disorder,11
self,11
body,11
danger,11
chatreng,11
chime,11
out,11
work,11
through,11
same,11
interview,11
tell,11
after,11
form,11
protective,11
dalai,11
although,11
before,10
being,10
eastern,10
norbu,10
thus,10
across,10
space,10
narrated,10
status,10
several,10
weapons,10
lhamo,10
present,10
model,10
ibid,10
another,10
including,10
especially,10
been,10
lives,10
instead,10
ortner,10
account,9
group,9
times,9
back,9
no,9
day,9
most,9
bullets,9
its,9
next,9
practices,9
religious,9
books,9
fight,9
real,9
pla,9
considered,9
then,9
know,9
each,9
upper,9
chieftains,9
powers,9
meeting,9
true,8
said,8
religion,8
state,8
within,8
context,8
has,8
havnevik,8
killed,8
arrested,8
janet,8
buddhism,8
general,8
kham,8
result,8
found,8
memory,8
knowledge,8
during,8
specifically,8
castle,8
narrating,8
will,8
absence,8
make,8
experiences,8
fighting,8
ed,8
norzin,8
toni,8
norms,8
local,8
adhe,8
polluting,8
husband,8
area,8
analysis,8
over,8
leaders,8
down,8
very,8
terms,8
rebellion,8
themselves,8
struggle,7
prohibitions,7
necessarily,7
tells,7
culturally,7
together,7
hundred,7
throughout,7
rather,7
heard,7
similar,7
ama,7
category,7
forces,7
thondup,7
comparative,7
makley,7
efforts,7
forms,7
region,7
stoler,7
california,7
like,7
him,7
systems,7
ann,7
can,7
kargyal,7
lo,7
citizens,7
butler,7
berkeley,7
different,7
india,7
clearly,7
past,7
categories,7
scott,7
subject,7
upon,7
sexuality,7
much,7
does,6
aretxaga,6
production,6
refugee,6
revolt,6
amulet,6
international,6
american,6
lived,6
douglas,6
brought,6
london,6
discourse,6
veteran,6
around,6
highly,6
research,6
telling,6
matter,6
jamyang,6
still,6
violence,6
alongside,6
under,6
thousand,6
indian,6
leader,6
challenge,6
again,6
come,6
took,6
where,6
perhaps,6
years,6
made,6
three,6
period,6
delhi,6
any,6
anthropology,6
lhasa,6
rgyus,6
making,6
families,6
our,6
d,6
you,6
chicago,6
later,5
needed,5
tend,5
english,5
long,5
words,5
government,5
taboos,5
reveal,5
hanna,5
take,5
enloe,5
tamed,5
akin,5
sgrung,5
explained,5
decided,5
ithaca,5
generation,5
may,5
communities,5
knew,5
certain,5
reforms,5
actions,5
mary,5
four,5
powerful,5
m,5
came,5
whom,5
someone,5
allow,5
shared,5
events,5
understood,5
genre,5
literature,5
goldstein,5
project,5
boston,5
cold,5
transgressions,5
protect,5
led,5
released,5
thought,5
home,5
critiques,5
gutschow,5
beliefs,5
oneself,5
end,5
man,5
existing,5
routledge,5
processes,5
individual,5
david,5
sense,5
kanze,5
claimed,5
fear,5
hearsay,5
mother,5
known,5
here,5
written,5
free,5
defend,5
monastery,5
theory,5
snow,5
conditions,5
land,5
nun,5
famous,5
difficult,4
amulets,4
substances,4
sherry,4
agency,4
duke,4
protection,4
something,4
princeton,4
laura,4
way,4
every,4
give,4
worked,4
j,4
nature,4
possibilities,4
available,4
individuals,4
great,4
shot,4
thanks,4
friend,4
sacred,4
china,4
issue,4
renuk,4
sexual,4
repeatedly,4
chiefs,4
due,4
bodily,4
realized,4
nor,4
columbia,4
communication,4
recognized,4
whose,4
autobiographies,4
expected,4
possession,4
landscape,4
michel,4
special,4
lay,4
supposed,4
means,4
t,4
linked,4
n,4
too,4
commonly,4
democratic,4
friends,4
cynthia,4
tapontsang,4
captured,4
durham,4
surrounded,4
public,4
because,4
explains,4
norm,4
issues,4
dartsendo,4
charlene,4
stanford,4
either,4
change,4
villagers,4
wife,4
value,4
communist,4
action,4
menstruating,4
serve,4
release,4
colonial,4
frameworks,4
buddha,4
members,4
oral,4
name,4
fact,4
tenzin,4
children,4
anthropologist,4
never,4
armed,4
spoke,4
ani,4
autobiography,4
classes,4
identity,4
dress,4
ideas,4
engaged,4
language,4
held,4
good,4
interlocutors,4
high,4
mountain,4
conversation,4
relation,4
trouble,4
masculine,4
sometimes,4
lion,4
frontier,4
publicly,4
arrest,4
set,4
country,4
cultures,4
loyalty,4
eventually,4
works,4
places,4
person,4
believed,4
quietly,4
born,4
nationalist,4
agreed,4
spaces,4
soldier,4
bodies,4
given,4
despite,4
went,4
until,4
argues,4
difference,4
enlightenment,4
need,4
off,4
specific,4
potential,4
close,4
final,3
now,3
mostly,3
meaning,3
groups,3
mountains,3
mar,3
position,3
contact,3
uprising,3
laughing,3
zaken,3
book,3
leading,3
senses,3
able,3
mind,3
tinley,3
case,3
circulate,3
rests,3
possible,3
open,3
judith,3
buckley,3
combination,3
point,3
establishment,3
sent,3
along,3
dirty,3
interviews,3
monastic,3
exist,3
human,3
conflict,3
central,3
review,3
since,3
ability,3
large,3
moment,3
gun,3
relations,3
pirie,3
subjects,3
serving,3
apr,3
publications,3
dragon,3
details,3
citizen,3
leadership,3
colin,3
steedly,3
factual,3
edward,3
month,3
myself,3
notion,3
process,3
killing,3
impure,3
parts,3
possess,3
doniger,3
injury,3
escape,3
affect,3
objects,3
days,3
frequently,3
elwood,3
beyond,3
notions,3
putting,3
lobsang,3
infrequently,3
join,3
arrived,3
societies,3
called,3
phagmo,3
further,3
though,3
shakya,3
feminine,3
explain,3
scripture,3
participation,3
tsering,3
ot,3
year,3
ogress,3
older,3
overtly,3
keep,3
lower,3
tone,3
hard,3
attributed,3
clothes,3
small,3
few,3
policed,3
presence,3
lithang,3
codes,3
fully,3
managed,3
beacon,3
up,3
azhema,3
guns,3
world,3
am,3
waiting,3
gordon,3
seemed,3
south,3
liberation,3
role,3
positions,3
various,3
bringing,3
rule,3
blessed,3
nyemo,3
classic,3
comments,3
once,3
victor,3
reference,3
opportunities,3
makes,3
aten,3
official,3
us,3
neither,3
nuns,3
asia,3
purity,3
useful,3
monks,3
srung,3
journey,3
turner,3
fundamental,3
plan,3
contemporary,3
uprisings,3
patterns,3
hand,3
everyday,3
joan,3
ground,3
dec,3
number,3
understanding,3
dipped,3
chiefly,3
bullet,3
bruner,3
illinois,3
use,3
logics,3
actual,3
continue,3
involves,3
versions,3
urbana,3
reality,3
allowed,3
collected,3
why,3
communists,3
gottlieb,3
article,3
widely,3
assigned,3
melvyn,3
independent,3
usually,3
inside,3
primarily,3
referred,3
seen,3
kill,3
existed,3
wives,3
types,3
bigger,3
meant,3
claims,3
school,3
thinking,3
associated,3
following,3
must,3
text,3
natural,3
oxford,3
key,3
argue,3
surprised,3
happened,3
contradictory,3
privileged,3
audience,3
going,3
feminist,3
list,3
ones,3
want,3
writes,3
w,3
conference,3
presented,3
circumstances,3
met,3
became,3
giving,3
plans,3
simply,3
territory,3
mention,3
deities,3
named,3
symbolic,3
generate,3
national,3
battalion,3
harm,3
bandits,3
states,3
dharamsala,3
speak,3
c,3
little,3
doing,3
conversations,3
race,3
archives,2
possessed,2
common,2
herself,2
privately,2
retreated,2
go,2
cubs,2
announced,2
instructions,2
designed,2
reflections,2
ma,2
disciples,2
live,2
authority,2
modern,2
fault,2
jagod,2
village,2
properties,2
highlight,2
member,2
ethnologist,2
certainly,2
posed,2
originally,2
attempts,2
taken,2
ears,2
beautiful,2
active,2
historiography,2
names,2
desire,2
highland,2
pollutants,2
reasons,2
ben,2
normative,2
follows,2
wore,2
hunting,2
achieved,2
last,2
interviewed,2
behind,2
sumatra,2
seminar,2
courage,2
crystal,2
saying,2
discuss,2
vulnerabilities,2
impurity,2
red,2
prior,2
trouillot,2
establishing,2
solely,2
functions,2
holiness,2
visualized,2
europe,2
except,2
jang,2
canning,2
mundane,2
himself,2
geertz,2
ritual,2
introduction,2
safely,2
includes,2
selves,2
married,2
khampa,2
historically,2
component,2
immediate,2
inner,2
machine,2
de,2
peter,2
propriety,2
built,2
fluids,2
affairs,2
turn,2
wendy,2
defense,2
items,2
honored,2
cancel,2
structural,2
jiao,2
young,2
lineage,2
dzong,2
pure,2
find,2
died,2
blangs,2
journal,2
spite,2
critique,2
border,2
sister,2
guard,2
word,2
van,2
operation,2
via,2
bstan,2
town,2
without,2
act,2
tiger,2
kathmandu,2
aimed,2
absent,2
organizing,2
capture,2
mean,2
hearing,2
contributions,2
study,2
support,2
eighteen,2
understand,2
consider,2
possibly,2
organization,2
organized,2
slowly,2
wealth,2
weather,2
house,2
weak,2
profile,2
presumed,2
age,2
passed,2
followed,2
potentialities,2
aristocrats,2
choedron,2
dominant,2
strategy,2
whereas,2
acting,2
arrival,2
six,2
protector,2
das,2
search,2
strength,2
intellectuals,2
constantly,2
cruze,2
unthinkable,2
masculinity,2
circulation,2
exceptional,2
bravely,2
dang,2
cannot,2
dmag,2
directly,2
eliminate,2
warriors,2
aspects,2
failure,2
shape,2
sites,2
suspended,2
none,2
future,2
line,2
listening,2
already,2
heart,2
protected,2
donnelly,2
poststructuralist,2
training,2
secret,2
alarcon,2
nation,2
feared,2
got,2
used,2
tale,2
accidental,2
structures,2
williams,2
sff,2
contentious,2
formations,2
gently,2
strongest,2
contradictions,2
else,2
regions,2
lhundrup,2
bir,2
officials,2
least,2
dhonyod,2
level,2
working,2
revolution,2
protest,2
mani,2
pachen,2
politically,2
involved,2
june,2
sisters,2
executed,2
supposedly,2
startling,2
blessings,2
drango,2
passive,2
inhabiting,2
rest,2
periods,2
steedman,2
prescribed,2
ceasefire,2
transforming,2
defended,2
girl,2
therefore,2
partially,2
situation,2
reduced,2
guarded,2
pilgrimage,2
indeed,2
service,2
launch,2
dressed,2
return,2
exception,2
visionary,2
sect,2
transgressing,2
sending,2
simultaneously,2
hold,2
khams,2
moallem,2
collect,2
simultaneous,2
demu,2
retreat,2
soon,2
morgan,2
combat,2
differentiate,2
management,2
subjectivities,2
included,2
orders,2
fernanda,2
gi,2
diemberger,2
include,2
insolence,2
chose,2
oslo,2
toward,2
death,2
strassler,2
similarly,2
ask,2
longer,2
idea,2
head,2
scholars,2
phreng,2
cha,2
daily,2
larger,2
hear,2
question,2
feminism,2
outside,2
kuijp,2
begin,2
actor,2
spivak,2
inhabit,2
refugees,2
riley,2
weaken,2
outlines,2
effect,2
discourses,2
editor,2
lata,2
discussion,2
supplies,2
intimate,2
birth,2
restrictions,2
explanation,2
onto,2
writings,2
lake,2
fictional,2
warrior,2
elite,2
ö,2
maria,2
bucur,2
alternative,2
questions,2
reincarnate,2
grounding,2
full,2
office,2
volunteer,2
remaining,2
narrations,2
uncontrollable,2
se,2
ireland,2
sati,2
homes,2
sally,2
imagination,2
faith,2
sentiment,2
qualities,2
rupture,2
northern,2
macmillan,2
tales,2
deity,2
attention,2
shocked,2
palden,2
kaplan,2
discussing,2
raise,2
wisdom,2
continued,2
provide,2
figure,2
crucial,2
program,2
palgrave,2
lost,2
force,2
diaspora,2
recognize,2
traveled,2
hierarchical,2
supporting,2
fields,2
months,2
exists,2
get,2
itself,2
face,2
unusual,2
lamas,2
girls,2
senior,2
comes,2
series,2
incorporated,2
mackenzie,2
agents,2
nepal,2
palace,2
der,2
colorado,2
forty,2
cia,2
connection,2
masculinist,2
capital,2
unknown,2
denise,2
begona,2
harvest,2
particularly,2
job,2
respect,2
according,2
addressee,2
fled,2
devine,2
whether,2
accounts,2
particular,2
cult,2
ethnography,2
institute,2
fighters,2
imperial,2
almost,2
don,2
goodman,2
itbp,2
library,2
tantric,2
freedom,2
fourteen,2
popular,2
rao,2
remember,2
intention,2
recognition,2
multiple,2
uniform,2
introduced,2
knaus,2
content,2
republic,2
undermining,2
step,2
contribute,2
arguments,2
teachings,2
using,2
writing,2
coming,2
think,2
wild,2
understandings,2
soft,2
invasion,2
authorized,2
initiated,2
vance,2
finally,2
drukmo,2
palmo,2
sat,2
socially,2
physical,2
tanzen,2
daughter,2
summoned,2
association,2
heroine,2
anonymous,2
news,2
klein,2
vary,2
era,2
fears,2
exclusively,2
kim,2
entire,2
absences,2
immediately,2
strong,2
thieves,2
signals,2
roles,2
dip,1
miller,1
horror,1
intimately,1
historicize,1
ending,1
overlaid,1
recesses,1
produces,1
misrecognition,1
accidents,1
overflowing,1
situate,1
metal,1
accomplish,1
limits,1
declared,1
heroic,1
protests,1
religions,1
devious,1
nonviolence,1
generous,1
suggested,1
designated,1
created,1
commitment,1
ready,1
praised,1
exploring,1
represent,1
peaceful,1
phayul,1
fiction,1
thrown,1
arrive,1
e,1
liberating,1
combine,1
thai,1
plowing,1
inability,1
stands,1
notably,1
berlin,1
per,1
expect,1
everybody,1
districts,1
unsuccessful,1
conversion,1
steeped,1
police,1
reflection,1
conducted,1
feuding,1
systematically,1
drastically,1
nostalgia,1
larry,1
thau,1
essays,1
symbolize,1
zz,1
formed,1
interrupt,1
asserted,1
underground,1
illiterate,1
solidarity,1
parachuting,1
τ,1
done,1
interrupting,1
tense,1
contend,1
proclaims,1
clifford,1
ms,1
endurance,1
former,1
weaker,1
policy,1
western,1
pantheon,1
character,1
minor,1
pose,1
title,1
replicate,1
planes,1
cornell,1
indefinite,1
chased,1
gossiping,1
accomplishments,1
contested,1
localized,1
golden,1
chief,1
controlled,1
societal,1
closely,1
mithi,1
contexts,1
protecting,1
gcig,1
negative,1
predominantly,1
remembered,1
constructedness,1
kvaerne,1
wistfully,1
synonymous,1
aside,1
gap,1
boudha,1
undermine,1
familiarity,1
global,1
mtshon,1
wool,1
wangmo,1
jackson,1
distanced,1
voices,1
loathing,1
ii,1
military,1
enables,1
assist,1
terrain,1
rare,1
fleshed,1
externally,1
palmos,1
dreams,1
joke,1
knowing,1
departure,1
poison,1
strip,1
confirmed,1
latent,1
effecting,1
publishing,1
prejudices,1
copy,1
pull,1
prayed,1
route,1
tradition,1
pledge,1
broadly,1
room,1
borders,1
inflict,1
indulge,1
sociality,1
thank,1
begofia,1
ravaged,1
roland,1
analyses,1
rebels,1
validated,1
habitually,1
inherent,1
incident,1
generalizations,1
subdued,1
demise,1
uncovered,1
reproduction,1
concealment,1
lodi,1
subsequent,1
hands,1
help,1
xx,1
damage,1
intercepted,1
devised,1
miloktsang,1
meantime,1
say,1
emphasized,1
greatly,1
precisely,1
concepts,1
current,1
routines,1
grib,1
coordinated,1
reading,1
somewhat,1
intelligence,1
analytic,1
stopped,1
rethinking,1
ad,1
pretense,1
system,1
donated,1
documenting,1
side,1
forum,1
governmental,1
java,1
existence,1
gayatri,1
gunners,1
epstein,1
forthcoming,1
calabashes,1
gaps,1
holly,1
anthropologists,1
stretched,1
historians,1
albeit,1
confiscating,1
motion,1
trans,1
bases,1
u,1
drink,1
knowingly,1
draw,1
march,1
drastic,1
changed,1
knife,1
opened,1
felt,1
installment,1
capable,1
marked,1
subaltern,1
condition,1
taunts,1
beverly,1
seventy,1
piss,1
move,1
richard,1
moving,1
convince,1
glassed,1
apart,1
taking,1
yod,1
familial,1
politician,1
household,1
apply,1
reconstruction,1
demanded,1
letter,1
stoeltje,1
unfolds,1
acknowledgement,1
tied,1
beggars,1
split,1
realizing,1
aggression,1
diversity,1
nationalism,1
karen,1
usage,1
pimlico,1
labor,1
regarding,1
possessing,1
rabgey,1
andrew,1
resonated,1
bzhi,1
constitutive,1
accessible,1
counterfactual,1
constructed,1
preparations,1
surely,1
relationships,1
misfortune,1
spectrum,1
quality,1
archipelago,1
inevitable,1
medical,1
translating,1
resembling,1
visited,1
analyzing,1
transnational,1
magic,1
reproduces,1
cooperate,1
intact,1
lectures,1
forgotten,1
domain,1
defilement,1
amenability,1
relatively,1
mixed,1
vigilance,1
santa,1
afford,1
bone,1
hooks,1
price,1
laurie,1
metalwork,1
materially,1
theorized,1
codified,1
humboldt,1
topic,1
century,1
privilege,1
marxism,1
absolutely,1
z,1
weaknesses,1
transitional,1
rank,1
cases,1
nelson,1
perdue,1
decisions,1
elements,1
survivors,1
curiously,1
underlying,1
demons,1
evident,1
refer,1
intercourse,1
amount,1
marriage,1
highest,1
divisions,1
compulsory,1
modernity,1
determination,1
holds,1
difficulty,1
generated,1
defeating,1
served,1
gauge,1
companion,1
ngense,1
arranged,1
kinship,1
cohen,1
third,1
twice,1
disarm,1
truly,1
heavy,1
brother,1
memoir,1
stimulating,1
look,1
artillery,1
rnam,1
unpub,1
operative,1
deeply,1
traditions,1
critiquei,1
rgyws,1
discovering,1
wounded,1
jones,1
captive,1
acted,1
subversion,1
handful,1
boxes,1
acknowledge,1
snows,1
monk,1
rates,1
paralleling,1
paratroopers,1
poorly,1
celebrating,1
walls,1
battles,1
reenact,1
mcuranahan,1
promised,1
perfect,1
anupama,1
speeds,1
divergence,1
opposed,1
mouton,1
online,1
ineffective,1
rooted,1
alive,1
escaped,1
sue,1
menace,1
kyomotso,1
essential,1
identification,1
deferral,1
kuomintang,1
blew,1
pledged,1
camp,1
links,1
bring,1
sessions,1
portrayed,1
destroy,1
managing,1
generations,1
hubert,1
interpretation,1
stop,1
categorizing,1
ironic,1
forced,1
en,1
placeand,1
assassination,1
keepers,1
hers,1
profusion,1
goes,1
opportunity,1
sudden,1
outward,1
abstraction,1
comply,1
neighborhood,1
rescue,1
vicki,1
earlier,1
captives,1
connected,1
read,1
importance,1
grew,1
consensual,1
direct,1
documentaries,1
compromises,1
pages,1
oracles,1
aiding,1
cave,1
wangyal,1
powerhouse,1
white,1
arbor,1
animals,1
overlooked,1
precious,1
fantasy,1
reason,1
references,1
battlefields,1
changes,1
bad,1
byproducts,1
old,1
purchased,1
wanted,1
servants,1
marks,1
females,1
brackette,1
sorts,1
river,1
established,1
physically,1
intellectually,1
retained,1
leg,1
literary,1
talk,1
louise,1
pungkyed,1
grounds,1
snye,1
section,1
constrain,1
numbers,1
placed,1
nationalisms,1
invariably,1
encodes,1
threat,1
prevent,1
mixtures,1
fnce,1
unavoidable,1
stationed,1
endless,1
anonymously,1
gyaltsen,1
populated,1
encouragement,1
officer,1
requested,1
defeat,1
inappropriateness,1
queen,1
ordain,1
cost,1
beaches,1
puts,1
instance,1
permanent,1
unassuming,1
care,1
mo,1
weighed,1
equivalence,1
nationality,1
burchell,1
important,1
providing,1
trained,1
decades,1
humility,1
physicality,1
cut,1
consecrated,1
view,1
appear,1
categorical,1
incapable,1
defilements,1
iconography,1
confiscate,1
union,1
opponents,1
liberatory,1
talking,1
opening,1
disempowered,1
response,1
theft,1
ethnocentnsm,1
based,1
fagernes,1
acceptable,1
lead,1
priori,1
path,1
submit,1
archeaology,1
kegan,1
kaifa,1
acknowledgments,1
entered,1
entwined,1
begun,1
joy,1
bloomsburv,1
attack,1
yunnan,1
philomena,1
carol,1
ambiguity,1
misrepresented,1
embracing,1
brigadier,1
climbed,1
shryock,1
bitterness,1
gyarishiba,1
ocean,1
circa,1
dispute,1
mythical,1
endeavor,1
persist,1
commoners,1
illness,1
brill,1
representative,1
respectfully,1
horse,1
late,1
degrading,1
accurately,1
outnumbered,1
exceptions,1
sword,1
khampas,1
neighboring,1
irony,1
effective,1
dorie,1
silence,1
michigan,1
instable,1
pandora,1
dynasty,1
dismissal,1
separated,1
erotics,1
recently,1
inches,1
bulletproof,1
reinforce,1
boundaries,1
meet,1
suffered,1
excellent,1
otherwise,1
record,1
reincarnated,1
expedient,1
spiritual,1
your,1
adelaide,1
required,1
prayer,1
negotiated,1
cambridge,1
gods,1
sacrifice,1
creates,1
castings,1
contagion,1
symbolically,1
governing,1
expressions,1
receive,1
ogresses,1
sounded,1
animated,1
having,1
designation,1
spheres,1
dilemmas,1
correctly,1
mam,1
makers,1
formerly,1
dog,1
nameless,1
received,1
trainee,1
brahmana,1
instituted,1
generative,1
imagined,1
reader,1
concept,1
significantly,1
civil,1
denial,1
closed,1
qualified,1
flourish,1
thoughts,1
bite,1
tip,1
incremental,1
parameters,1
dozens,1
loss,1
sorrow,1
universe,1
consistently,1
discussions,1
apparitions,1
communes,1
partly,1
queens,1
collective,1
constitute,1
envoy,1
grain,1
naxi,1
actually,1
middle,1
et,1
call,1
dokham,1
away,1
reflect,1
employed,1
folklore,1
michelle,1
climb,1
achieving,1
showing,1
manage,1
contriving,1
empowering,1
miss,1
connections,1
sensuous,1
radically,1
grassroots,1
fatal,1
drug,1
approach,1
messages,1
persistently,1
messenger,1
ancestral,1
aided,1
contests,1
remake,1
evening,1
wholesale,1
published,1
stylized,1
overdetermined,1
running,1
calling,1
strict,1
endowing,1
militarization,1
describing,1
field,1
accrual,1
manners,1
regardless,1
responsibility,1
wildly,1
theoretically,1
involve,1
jaiminiya,1
stupa,1
fury,1
contrast,1
pinned,1
rushed,1
sixty,1
rutgers,1
sharp,1
nearest,1
night,1
event,1
repeated,1
audacity,1
teams,1
iyy,1
nullified,1
twentysix,1
sufficient,1
fraught,1
pregnant,1
abeyance,1
governments,1
embarrassed,1
acts,1
oxgrib,1
dramatic,1
invaluable,1
nomads,1
vicarious,1
interpretations,1
villages,1
urine,1
tended,1
impossible,1
sexualized,1
core,1
barely,1
generally,1
lakhuma,1
cosmology,1
education,1
discusses,1
describes,1
organs,1
bananas,1
beauty,1
newly,1
grateful,1
provided,1
visit,1
increments,1
disturbing,1
miscarriage,1
ochre,1
rang,1
hegemonically,1
behalf,1
subjecthood,1
lies,1
attacks,1
garnered,1
chronological,1
yelling,1
threatened,1
consort,1
statuses,1
highlights,1
emasculates,1
second,1
sons,1
chains,1
temperament,1
hegemony,1
equality,1
nonetheless,1
antiquated,1
localize,1
fell,1
contingent,1
injuring,1
cleanliness,1
advanced,1
criticize,1
wrote,1
alma,1
overall,1
caught,1
memories,1
tried,1
wait,1
ahistorical,1
acknowledged,1
brief,1
gser,1
mediating,1
reincarnation,1
prevailing,1
poor,1
gift,1
converted,1
formative,1
establishes,1
tor,1
says,1
intervention,1
skye,1
r,1
translates,1
initially,1
movement,1
atop,1
modes,1
degree,1
southern,1
artist,1
assassinated,1
echo,1
airplane,1
backed,1
innovation,1
spectacular,1
southeast,1
consulted,1
biological,1
rené,1
depicted,1
sweeping,1
harness,1
relied,1
selling,1
mao,1
untold,1
meanwhile,1
ethnographers,1
security,1
samding,1
rules,1
renaming,1
builds,1
hegemonic,1
detachments,1
evil,1
sex,1
sounds,1
formally,1
challenged,1
disastrous,1
taboo,1
prisoners,1
riots,1
participants,1
transformations,1
cried,1
shifting,1
addressees,1
skin,1
ethnographic,1
repercussions,1
burmese,1
al,1
responsive,1
acknowledging,1
forge,1
overpowering,1
chodak,1
beginnings,1
ballerino,1
toronto,1
resented,1
increasingly,1
sheen,1
truncated,1
inheritance,1
revenge,1
baby,1
colleen,1
stones,1
avoided,1
picture,1
flee,1
abashed,1
testimony,1
fellow,1
discipline,1
reach,1
goals,1
mediates,1
unlimited,1
left,1
paul,1
law,1
amdo,1
bits,1
lot,1
stronger,1
stated,1
devastating,1
accompanies,1
kenneth,1
fragmentation,1
conceived,1
towns,1
mnemonic,1
hausner,1
bloodthirstiness,1
addition,1
experienced,1
projects,1
financial,1
intending,1
ban,1
gangpa,1
powder,1
speaks,1
communal,1
inaction,1
emanates,1
lack,1
troubled,1
conduct,1
disordered,1
areas,1
temples,1
governmentality,1
minnesota,1
advantage,1
smart,1
exclusion,1
reform,1
educated,1
really,1
break,1
cabezon,1
envisioning,1
john,1
caren,1
remain,1
militarizing,1
inherently,1
diameter,1
orphans,1
jump,1
discussed,1
agree,1
vt,1
external,1
simple,1
rough,1
belongings,1
v,1
khaki,1
remarkable,1
posit,1
manner,1
revolts,1
kastom,1
empire,1
execution,1
axes,1
marched,1
less,1
sniping,1
surveillance,1
council,1
imaginary,1
necessary,1
conviction,1
politic,1
laden,1
organizes,1
toting,1
deep,1
carnal,1
uneasily,1
levels,1
rounds,1
remarked,1
belief,1
confession,1
exceeds,1
jj,1
distance,1
widespread,1
style,1
learnt,1
leonard,1
confront,1
unsettle,1
explicitly,1
elevation,1
remained,1
violent,1
silencing,1
organize,1
interpreting,1
constrains,1
imagine,1
meetings,1
shattering,1
private,1
cssh,1
thar,1
meaningful,1
situated,1
kathleen,1
encounter,1
uncle,1
cancels,1
chieftain,1
examples,1
considering,1
subjectivity,1
genres,1
disagree,1
range,1
eighteenth,1
prohibition,1
maneuvers,1
renders,1
contours,1
limitations,1
evacuation,1
sides,1
discrimination,1
circumambulation,1
formal,1
mdo,1
tzö,1
lamphere,1
transgressive,1
ladakh,1
signaled,1
melanesian,1
enormous,1
increase,1
unpredictable,1
reside,1
solemn,1
exploits,1
persists,1
eclipsed,1
chiang,1
significant,1
traded,1
food,1
equanimity,1
titled,1
feminists,1
numerous,1
affects,1
contends,1
engaging,1
sequence,1
harvard,1
pleasure,1
render,1
business,1
disheartened,1
nothing,1
trust,1
frame,1
chosen,1
option,1
relegated,1
vulnerability,1
eight,1
theories,1
kyang,1
described,1
kindred,1
gyi,1
low,1
xv,1
meanings,1
clear,1
truths,1
situational,1
moral,1
directed,1
reward,1
adding,1
rifle,1
zimbalist,1
express,1
sustain,1
victory,1
supportive,1
logic,1
interpret,1
myopic,1
changotsang,1
counter,1
serious,1
liberate,1
started,1
reviewers,1
genetics,1
belongs,1
rhythmic,1
strange,1
vintage,1
mount,1
protruding,1
played,1
libet,1
assassinate,1
homogenized,1
nurses,1
filled,1
spirits,1
fancy,1
standard,1
claim,1
thomas,1
pills,1
latter,1
dialogue,1
exchange,1
spent,1
secretaries,1
valued,1
random,1
harass,1
trying,1
ralong,1
parallel,1
underside,1
ambushes,1
become,1
sight,1
sexed,1
remembers,1
brattleboro,1
elliptically,1
narrates,1
exactly,1
nationally,1
organizers,1
availability,1
stagphrug,1
enthusiastically,1
berating,1
seeking,1
capabilities,1
probably,1
conscience,1
bragging,1
slightly,1
fe,1
equivalent,1
blakeslee,1
bestowed,1
figures,1
instances,1
biogmphy,1
veena,1
irrevocably,1
relative,1
joint,1
temporality,1
evidence,1
ago,1
valent,1
sociopolitical,1
mappings,1
brimer,1
entanglement,1
unrelated,1
dispossessed,1
division,1
offspring,1
cary,1
decolonization,1
hunt,1
historicized,1
staying,1
unfolded,1
omens,1
european,1
factors,1
enough,1
coheres,1
dman,1
foucaultian,1
chu,1
negotiations,1
entail,1
relationship,1
carla,1
aid,1
decleer,1
rebel,1
belonged,1
nunhood,1
window,1
bhagen,1
reviewer,1
perspectives,1
sealed,1
quo,1
science,1
humbly,1
assert,1
five,1
symbolizes,1
discontents,1
practical,1
ministry,1
precursor,1
pieces,1
ironically,1
activate,1
contraction,1
ordinary,1
unseemly,1
multi,1
becomes,1
bonds,1
directing,1
transformed,1
establish,1
began,1
overpowered,1
madman,1
lawrence,1
lightning,1
transformation,1
rapidly,1
brunswick,1
acquaintances,1
citizenship,1
drag,1
expectations,1
norwegian,1
fall,1
surprising,1
kora,1
lineages,1
kings,1
enticingly,1
stratified,1
composed,1
shooting,1
muted,1
centuries,1
elder,1
worlds,1
presences,1
interpretive,1
beasts,1
grounded,1
rigorous,1
seat,1
thick,1
biology,1
announces,1
plus,1
torma,1
circumscribed,1
proof,1
legitimated,1
variable,1
inversions,1
rarely,1
fifteen,1
reliant,1
singular,1
material,1
tiding,1
paired,1
conclusion,1
exemplified,1
grenade,1
mentioned,1
version,1
changing,1
throw,1
forget,1
minneapolis,1
ringing,1
bravest,1
extending,1
graham,1
demonstrate,1
struck,1
devout,1
ever,1
phodrang,1
kwaio,1
continues,1
accruing,1
implied,1
donna,1
recognizable,1
menstruate,1
endows,1
regime,1
temporal,1
unsuspecting,1
disguise,1
vauve,1
glimpse,1
precedence,1
doi,1
funding,1
wicked,1
demoness,1
sciences,1
listeners,1
sustained,1
native,1
υ,1
couples,1
mirrors,1
bright,1
hospitality,1
quickly,1
mass,1
familiar,1
intellectual,1
anthropological,1
control,1
sure,1
readily,1
deconstructed,1
paper,1
lying,1
relieve,1
rilev,1
hildegard,1
interested,1
kodansha,1
believe,1
basingstoke,1
best,1
ft,1
straightforward,1
bu,1
nauseam,1
wealthy,1
fearless,1
universal,1
feminisms,1
allied,1
reaping,1
prone,1
gnas,1
enemy,1
tachen,1
epilogue,1
embodiment,1
exhausting,1
uphold,1
ordered,1
pretended,1
useless,1
childbirth,1
placing,1
prayers,1
invocation,1
disputes,1
quoted,1
passage,1
dogyaltsang,1
living,1
type,1
rong,1
selfhood,1
turned,1
america,1
subordinate,1
scholarship,1
helping,1
thanked,1
bodyguards,1
ethnically,1
purchase,1
explanations,1
reproduce,1
proceedings,1
victims,1
reign,1
combined,1
unique,1
rose,1
welfare,1
twist,1
trope,1
nunnery,1
authoring,1
males,1
thirty,1
maintain,1
validate,1
lhazum,1
statement,1
mere,1
accomplishes,1
leaving,1
tame,1
waters,1
prestige,1
explored,1
main,1
voice,1
trango,1
precedent,1
suggests,1
transgression,1
coordinate,1
praying,1
devalues,1
art,1
size,1
mukherjee,1
anxieties,1
janice,1
oath,1
marking,1
norma,1
ritually,1
son,1
feat,1
himalayas,1
watched,1
activated,1
november,1
allows,1
convinced,1
unleash,1
infamous,1
die,1
ring,1
returning,1
com,1
vast,1
grossberg,1
ivvo,1
superior,1
indebted,1
stole,1
hauge,1
salvaged,1
phenomenon,1
ensuing,1
gain,1
potentiality,1
spécifie,1
categorization,1
boasting,1
rosaldo,1
remarks,1
protesting,1
nov,1
cowardice,1
comprehended,1
suppressed,1
energies,1
androgynes,1
sanctioned,1
carolyn,1
impassioned,1
survival,1
recording,1
categorically,1
argument,1
shani,1
injured,1
darjeeling,1
tibetanlanguage,1
referenced,1
unmarked,1
renowned,1
quest,1
unrecognition,1
twentieth,1
internally,1
strikingly,1
iconic,1
aware,1
burnt,1
fordham,1
corrective,1
course,1
contributed,1
joined,1
approximately,1
humor,1
define,1
enabling,1
consumption,1
inform,1
appreciated,1
speaking,1
everest,1
unified,1
product,1
clearest,1
patt,1
sanctum,1
faithfully,1
disintegrated,1
disruption,1
values,1
involving,1
attributes,1
centrality,1
effects,1
contamination,1
photograph,1
leiden,1
losang,1
philosophy,1
sondra,1
sherpa,1
bliss,1
walking,1
remains,1
hilarious,1
recalled,1
incommensurate,1
lamaist,1
morning,1
respective,1
morally,1
offered,1
supported,1
surrender,1
assumed,1
valuable,1
root,1
spilled,1
russia,1
charged,1
reached,1
debate,1
partial,1
create,1
briefest,1
enclose,1
element,1
heroics,1
traditional,1
focus,1
images,1
conventions,1
seek,1
prison,1
north,1
recent,1
coordinating,1
gangs,1
breathed,1
should,1
asked,1
minoo,1
resources,1
retracted,1
destructive,1
conception,1
wilk,1
embraces,1
skirmishes,1
willis,1
gold,1
hovell,1
