WORDCOUNTS,WEIGHT
the,740
of,689
and,572
in,326
a,276
to,253
history,200
that,160
s,128
as,117
is,117
for,104
his,101
universal,93
world,85
by,81
from,80
he,77
or,74
brown,74
with,74
lewis,69
be,67
was,66
p,59
not,59
it,58
an,58
black,57
african,55
american,52
this,52
are,50
on,49
but,45
have,43
were,41
press,39
histories,38
which,38
their,37
they,35
has,35
more,35
we,35
works,34
such,33
no,32
university,31
colored,30
historiography,29
also,29
man,28
historical,28
at,27
only,27
new,27
w,27
enlightenment,27
americans,26
through,24
one,23
work,23
other,23
like,22
j,21
those,21
even,21
society,21
c,21
than,20
coloring,20
these,20
moral,20
e,19
all,19
against,19
people,19
pp,19
social,19
see,19
who,19
race,19
modern,18
first,18
i,18
hegel,18
egypt,18
journal,18
example,18
two,18
so,18
truth,17
women,17
america,17
may,17
white,17
light,17
william,17
making,17
negro,17
between,17
because,17
march,16
york,16
many,16
ancient,16
ibid,16
would,16
can,16
united,16
d,16
states,16
into,15
narrative,15
how,15
hughes,15
m,15
color,15
ed,15
warrington,15
haiti,15
h,14
mind,14
b,14
n,14
however,14
time,14
been,14
texts,14
political,13
g,13
l,13
most,13
events,13
further,13
r,13
london,13
its,13
will,13
us,13
present,13
writings,13
after,13
writing,13
cambridge,13
if,12
argued,12
view,12
public,12
writers,12
europe,12
slavery,12
empire,12
him,12
wells,12
dubois,12
them,12
biographical,11
there,11
historians,11
some,11
author,11
instance,11
societies,11
oxford,11
outside,11
any,11
what,11
chicago,11
does,10
production,10
might,10
interest,10
rather,10
single,10
idea,10
authors,10
european,10
education,10
biography,10
intellectual,10
associations,10
achievements,9
contact,9
england,9
murray,9
robert,9
reading,9
egyptians,9
century,9
self,9
without,9
benjamin,9
means,9
reason,9
philosophical,9
produced,9
biographies,9
collective,9
progress,9
activities,9
kant,9
about,9
thought,9
indian,9
ages,9
made,9
men,9
life,9
did,9
far,9
mass,9
while,9
both,9
voluntary,9
themselves,9
o,8
later,8
sphere,8
use,8
different,8
point,8
human,8
nor,8
slave,8
civilization,8
could,8
conjectural,8
culture,8
though,8
good,8
second,8
female,8
community,8
rational,8
narratives,8
john,8
historiographical,8
upon,8
slaves,8
times,8
africa,8
over,8
up,8
our,8
evidence,8
philosophy,8
now,7
ideals,7
nineteenth,7
creation,7
brien,7
ernest,7
condition,7
west,7
himself,7
cannot,7
future,7
part,7
memoirs,7
around,7
when,7
st,7
therefore,7
celebrated,7
others,7
do,7
individuals,7
study,7
christian,7
freedom,7
north,7
association,7
early,7
fiction,6
ethiopians,6
contexts,6
worked,6
definition,6
book,6
achieved,6
account,6
chapters,6
cases,6
religious,6
douglass,6
reform,6
appears,6
whole,6
own,6
long,6
peace,6
f,6
expanded,6
read,6
neither,6
double,6
name,6
contemporary,6
forms,6
readers,6
native,6
number,6
understanding,6
harvard,6
general,6
saw,6
arts,6
text,6
past,6
imperial,6
suggests,6
souls,6
known,6
much,6
among,6
should,6
groups,5
complex,5
english,5
genius,5
western,5
committee,5
being,5
incomplete,5
way,5
containing,5
tradition,5
take,5
henry,5
ad,5
british,5
case,5
sought,5
whites,5
learned,5
thus,5
de,5
expected,5
david,5
mankind,5
across,5
opportunity,5
support,5
palgrave,5
beyond,5
antecedents,5
character,5
explains,5
knowledge,5
bible,5
published,5
suggest,5
order,5
liberation,5
economic,5
wrote,5
grimké,5
antislavery,5
juxtaposition,5
sales,5
frederick,5
toward,5
efforts,5
end,5
wheatley,5
truths,5
three,5
held,5
characterized,5
educational,5
story,5
macmillan,5
where,5
tocqueville,5
institutions,5
lost,5
seen,5
osterhammel,5
antiquity,5
why,5
often,5
analysis,5
joseph,5
then,5
simply,5
know,5
natural,5
paper,5
folk,5
best,5
sketches,5
hunt,5
geschichte,5
free,5
better,5
places,5
whether,5
form,5
particular,5
theory,5
information,5
son,5
recognition,5
role,5
arguments,5
write,5
major,5
child,4
truer,4
basingstoke,4
tytler,4
country,4
presents,4
arguing,4
princeton,4
worth,4
diffusion,4
restoration,4
hoffman,4
principles,4
together,4
great,4
origin,4
religion,4
written,4
raised,4
within,4
globalisierung,4
capable,4
consciousness,4
delany,4
descendents,4
facts,4
sociability,4
development,4
since,4
large,4
encyclopedia,4
jesus,4
ferguson,4
progressive,4
turn,4
unity,4
back,4
modernity,4
holds,4
y,4
earlier,4
herodotus,4
accounts,4
mary,4
bruce,4
four,4
had,4
strategy,4
suggested,4
dawson,4
came,4
out,4
globalgeschichte,4
scale,4
participation,4
genre,4
civil,4
used,4
gave,4
fit,4
emancipation,4
president,4
least,4
destiny,4
small,4
wider,4
und,4
appeal,4
gilroy,4
action,4
indeed,4
judgment,4
make,4
movement,4
hellenistic,4
noted,4
members,4
power,4
lack,4
turner,4
scholars,4
vision,4
never,4
hand,4
less,4
argues,4
local,4
demonstrated,4
hue,4
extended,4
explanation,4
eighteenth,4
including,4
zamir,4
trust,4
low,4
co,4
collected,4
britain,4
hume,4
greek,4
moses,4
note,4
imperialism,4
mortley,4
citizens,4
considered,4
peoples,4
set,4
der,4
global,4
believe,4
straightforward,4
acts,4
print,4
argue,4
rothermund,4
beginning,4
born,4
terms,4
rebellion,4
her,4
boston,4
little,4
became,4
conventional,4
focus,4
using,4
until,4
although,4
needs,4
blacks,4
potential,4
scholarship,4
views,4
final,3
difficult,3
democracy,3
digressions,3
alexis,3
identity,3
trans,3
introduction,3
appear,3
expect,3
judged,3
true,3
studies,3
ms,3
before,3
common,3
either,3
explaining,3
greatness,3
available,3
belong,3
domingue,3
achievement,3
able,3
atlantic,3
lucy,3
date,3
immanuel,3
verlag,3
identities,3
mulatto,3
right,3
possible,3
combination,3
variations,3
very,3
laws,3
cited,3
letter,3
throughout,3
realized,3
agent,3
lectures,3
hooks,3
nurtured,3
races,3
served,3
third,3
memoir,3
leadership,3
delivered,3
marx,3
via,3
reflects,3
autobiographies,3
act,3
statements,3
mean,3
sarah,3
similar,3
travels,3
parts,3
k,3
soul,3
postmodern,3
organized,3
imperceptible,3
just,3
ignorance,3
too,3
age,3
show,3
narrate,3
dominant,3
negroes,3
drawing,3
transmission,3
home,3
found,3
international,3
term,3
cultural,3
war,3
meet,3
enlightened,3
éd,3
loggins,3
hopkins,3
possibility,3
almost,3
none,3
journals,3
literature,3
bc,3
fraser,3
claim,3
travel,3
call,3
ultimately,3
t,3
working,3
field,3
hegelian,3
revolution,3
discourse,3
family,3
attention,3
amateurish,3
beck,3
decline,3
distinguished,3
maine,3
prakash,3
wife,3
provided,3
geographical,3
nations,3
chronological,3
led,3
materials,3
various,3
description,3
return,3
onward,3
above,3
reception,3
guide,3
philadelphia,3
lloyd,3
martins,3
under,3
columbus,3
chronology,3
same,3
gentlemen,3
sketch,3
solomon,3
stories,3
again,3
fact,3
head,3
herder,3
appeared,3
choice,3
children,3
state,3
geography,3
perhaps,3
woman,3
argument,3
another,3
missionary,3
examples,3
range,3
unsocial,3
lecture,3
nothing,3
franklin,3
full,3
publication,3
counter,3
change,3
gates,3
proximity,3
thomas,3
class,3
enough,3
caesar,3
eyes,3
become,3
excluded,3
probably,3
greece,3
figures,3
twelve,3
islamic,3
wisdom,3
she,3
science,3
eighteenthand,3
contribution,3
wilson,3
blood,3
centuries,3
israelites,3
claims,3
multiple,3
must,3
ever,3
offers,3
drew,3
literary,3
connection,3
key,3
down,3
section,3
list,3
muthu,3
quoted,3
writes,3
chapter,3
gender,3
phenomena,3
popular,3
ignorant,3
equiano,3
aims,3
postcolonial,3
clubs,3
national,3
writer,3
you,3
speak,3
comparison,3
offered,3
supported,3
charlotte,3
assumed,3
sheer,3
develop,3
ends,3
virtue,3
daughter,3
problem,2
go,2
superiority,2
junot,2
done,2
vienna,2
peaceful,2
episodes,2
jane,2
alone,2
miguel,2
feierman,2
group,2
told,2
ways,2
solidarity,2
walker,2
respectability,2
arabians,2
undertaken,2
fichte,2
total,2
arms,2
highlight,2
said,2
uprising,2
philosophers,2
humble,2
sources,2
specifically,2
every,2
embraced,2
roman,2
ii,2
taken,2
vols,2
spencer,2
attempt,2
expectation,2
nature,2
editions,2
words,2
loom,2
flowers,2
desire,2
estimation,2
simple,2
thanks,2
concludes,2
composition,2
survey,2
nationalism,2
help,2
cicero,2
feature,2
harmondsworth,2
statement,2
zu,2
emphasized,2
current,2
reformers,2
alike,2
intelligence,2
surveys,2
daniel,2
racial,2
context,2
designs,2
olaudah,2
task,2
levine,2
u,2
vol,2
subaltern,2
temperance,2
sambo,2
mehta,2
classifications,2
diagnose,2
along,2
promises,2
marginalized,2
colonized,2
wherever,2
usage,2
includes,2
haitians,2
sponsored,2
strife,2
run,2
longevity,2
pursuit,2
forgotten,2
logic,2
mixed,2
adams,2
emigration,2
given,2
learning,2
adam,2
elements,2
illuminates,2
body,2
arranged,2
left,2
ellis,2
publications,2
find,2
died,2
veil,2
consequently,2
garnet,2
critique,2
deeply,2
traditions,2
destabilize,2
shall,2
influence,2
acknowledge,2
impressions,2
jerusalem,2
cites,2
longing,2
aim,2
poor,2
mohammed,2
racism,2
whose,2
mangroon,2
hopes,2
constellations,2
patron,2
declaring,2
edward,2
sort,2
presentation,2
represented,2
titled,2
undercut,2
persistent,2
pages,2
lay,2
compilation,2
favor,2
circulated,2
wanted,2
established,2
familiar,2
emergence,2
liberal,2
edition,2
attain,2
house,2
advancing,2
ministers,2
powerful,2
saint,2
random,2
bedford,2
macneal,2
important,2
constitution,2
conquest,2
opening,2
uses,2
result,2
my,2
based,2
pitts,2
path,2
africans,2
patrick,2
conventionally,2
deal,2
facilitate,2
carolina,2
noting,2
sinnett,2
poetry,2
remedy,2
fourth,2
chinese,2
momigliano,2
displayed,2
schwentker,2
burstein,2
record,2
emulating,2
your,2
montriou,2
taught,2
rationality,2
aspects,2
failure,2
well,2
sites,2
colonies,2
having,2
distinctiveness,2
manhood,2
clarke,2
publish,2
qualifications,2
mcfeely,2
thoughts,2
elizabeth,2
ten,2
year,2
place,2
jr,2
rituals,2
illustrious,2
novels,2
entails,2
project,2
endorsement,2
patriots,2
towards,2
clotel,2
presented,2
siemerling,2
shaping,2
josé,2
generation,2
mitchell,2
characteristics,2
shapes,2
industry,2
massachusetts,2
grantner,2
always,2
universities,2
resistance,2
guha,2
civilisation,2
notes,2
lincoln,2
actions,2
periods,2
hair,2
critical,2
pertaining,2
arrangement,2
chains,2
equality,2
positions,2
crogman,2
scientific,2
identified,2
comparative,2
play,2
revolt,2
framing,2
domingo,2
prevailing,2
egyptian,2
domination,2
comments,2
eurocentric,2
relationship,2
corpus,2
once,2
yet,2
violence,2
intellect,2
makes,2
serve,2
selective,2
thesis,2
dyson,2
nat,2
publishing,2
liberty,2
complete,2
manning,2
outlined,2
hay,2
deliver,2
wisconsin,2
savannah,2
friend,2
fugitive,2
phyllis,2
picture,2
harper,2
organizations,2
tour,2
heritage,2
neglect,2
baptist,2
death,2
similarly,2
put,2
added,2
smith,2
analytical,2
stimulus,2
abilities,2
pennington,2
regret,2
assess,2
relates,2
nandy,2
bell,2
quaderoon,2
took,2
wild,2
peacock,2
v,2
derivative,2
manner,2
prophets,2
purposes,2
models,2
books,2
gives,2
violent,2
autobiography,2
meetings,2
classes,2
jameson,2
discussion,2
genres,2
sovereigns,2
handmaiden,2
merge,2
louis,2
wonder,2
varying,2
confidence,2
assumption,2
numerous,2
morality,2
congress,2
pauline,2
ideas,2
questions,2
pamphlets,2
ceremonies,2
epistles,2
complicated,2
described,2
roberts,2
dodd,2
open,2
appraisal,2
discovered,2
virtues,2
individual,2
allowed,2
period,2
direct,2
played,2
primer,2
provides,2
construct,2
promotion,2
include,2
article,2
promote,2
qualities,2
parallel,2
chapel,2
sight,2
teach,2
james,2
looks,2
equivalent,2
destruction,2
justice,2
decision,2
covered,2
micronarratives,2
carried,2
consists,2
penguin,2
respect,2
imply,2
aid,2
perspectives,2
complexion,2
continued,2
george,2
mixture,2
potentialities,2
sometimes,2
figure,2
hill,2
lines,2
ryan,2
http,2
male,2
becomes,2
balfour,2
render,2
determination,2
countries,2
length,2
construction,2
kings,2
composed,2
beauties,2
itself,2
hamitic,2
poets,2
methodist,2
wars,2
inversions,2
series,2
exemplified,2
complexity,2
mentioned,2
mandelbaum,2
demonstrate,2
extensive,2
constituted,2
unbroken,2
theme,2
inferiority,2
physical,2
membership,2
glimpse,2
sciences,2
chronologically,2
kletzing,2
colonialism,2
abridgement,2
troy,2
hampton,2
fault,2
correspond,2
hale,2
acknowledged,2
cultures,2
seem,2
unknown,2
alexander,2
betterment,2
particularly,2
toussaint,2
living,2
table,2
feminist,2
knows,2
according,2
spongberg,2
habermas,2
ones,2
passed,2
distribution,2
loved,2
create,2
dark,2
enslavement,2
property,2
emphasis,2
hundreds,2
grand,2
middle,2
hurd,2
easy,2
die,2
scotland,2
strivings,2
song,2
agents,2
calculated,2
com,2
rochester,2
maintained,2
uk,2
formation,2
understandings,2
laments,2
shown,2
youth,2
unable,2
ethiopian,2
ancillary,2
steam,2
washington,2
finally,2
offer,2
americas,2
mothers,2
need,2
unified,2
effects,2
off,2
am,2
klein,2
weber,2
johnson,2
bentley,2
josepha,2
interaction,2
cosmopolitan,2
recent,2
ga,2
lournal,1
margins,1
ferried,1
superstitious,1
phrasing,1
possessed,1
currently,1
mostly,1
agitations,1
struggle,1
emulate,1
millennial,1
clippings,1
xxxvi,1
propagandist,1
prostitution,1
polish,1
appealed,1
abolitionists,1
fraction,1
conflicting,1
frizzle,1
concerned,1
medieval,1
opinion,1
commentary,1
names,1
generous,1
pity,1
till,1
created,1
uday,1
degraded,1
represent,1
deserve,1
gravitational,1
elaborating,1
legitimate,1
revolutionary,1
worthy,1
ofthat,1
abolition,1
originating,1
succession,1
distributed,1
germany,1
passing,1
arno,1
becoming,1
singularly,1
asiens,1
megill,1
kinds,1
jews,1
agency,1
fate,1
effective,1
identify,1
essays,1
designed,1
lewiston,1
advised,1
chauvinism,1
offeree,1
woolly,1
schools,1
library,1
vindicating,1
appropriation,1
circulars,1
strictly,1
stephenson,1
situation,1
approaches,1
refashioned,1
unquestionable,1
additionally,1
easily,1
specified,1
sure,1
mit,1
upheaval,1
empower,1
satisfied,1
boulder,1
unnamed,1
duke,1
former,1
credulity,1
oppressive,1
tents,1
resourcefulness,1
explanatory,1
necessarily,1
classify,1
dies,1
incompletely,1
laid,1
exemplifying,1
behavior,1
subjection,1
stretches,1
tells,1
assisted,1
antebellum,1
feels,1
something,1
rosemary,1
edu,1
chandler,1
civic,1
source,1
palpable,1
du,1
properties,1
weltbürgerlicher,1
canvassed,1
themes,1
efficacy,1
test,1
stress,1
lower,1
educative,1
anything,1
vandenhoeck,1
gap,1
vibrancy,1
noble,1
provision,1
www,1
surmounted,1
wrong,1
lexington,1
métropole,1
invention,1
wool,1
supposedly,1
letters,1
absicht,1
jackson,1
localities,1
universalism,1
fifteenth,1
fullness,1
voices,1
interests,1
gained,1
contingent,1
buoyant,1
ingenuity,1
colors,1
chaos,1
military,1
culturally,1
address,1
lohnson,1
rapid,1
subramanyam,1
caning,1
nancy,1
navigating,1
bushy,1
results,1
knowing,1
seems,1
asia,1
unlike,1
canon,1
affirmed,1
comparatively,1
shaped,1
prejudices,1
contextual,1
attractive,1
capitalist,1
scientists,1
explores,1
aviver,1
accommodate,1
broken,1
swapped,1
suggesting,1
mainspring,1
display,1
ben,1
differences,1
babington,1
agitate,1
accumulated,1
imaginary,1
ranajit,1
producing,1
arises,1
studied,1
government,1
moors,1
accredited,1
harriet,1
closer,1
hundred,1
centric,1
subdued,1
picturing,1
demographic,1
reiche,1
real,1
speeches,1
precede,1
embrace,1
roots,1
persistence,1
last,1
idealized,1
stupid,1
reworking,1
lotions,1
kalsomined,1
discrete,1
nash,1
signs,1
purportedly,1
superficially,1
ioqo,1
romanticism,1
curtis,1
subjugation,1
lecturer,1
ameliorate,1
contents,1
nomadic,1
inquiry,1
americanism,1
historiographers,1
evaluation,1
hayne,1
takes,1
verdin,1
refute,1
brief,1
alfred,1
westview,1
recorded,1
kennikat,1
gaps,1
jenkins,1
conquests,1
walks,1
capacity,1
thrown,1
iv,1
geschichtswissenschaft,1
slips,1
draw,1
hall,1
jc,1
labours,1
intermediaries,1
zur,1
invisibility,1
placement,1
wonders,1
felt,1
prior,1
sloughs,1
politics,1
stance,1
concentrating,1
activity,1
drunkard,1
characterize,1
ocean,1
reached,1
reaction,1
functions,1
pronouncements,1
richard,1
tentative,1
obvious,1
measuring,1
deustche,1
fine,1
mastery,1
whatever,1
apart,1
taking,1
mental,1
desired,1
say,1
jenseits,1
supervision,1
doubles,1
biblical,1
consequent,1
establishment,1
diffused,1
prolific,1
dynamic,1
chart,1
objective,1
keeps,1
lockard,1
unhappy,1
curly,1
collection,1
prejudice,1
overlaps,1
cursory,1
mightiest,1
corresponding,1
exist,1
historiographies,1
central,1
organised,1
deserving,1
amendment,1
selves,1
heuston,1
review,1
married,1
plato,1
surely,1
eras,1
connect,1
explained,1
component,1
stuchtey,1
immediate,1
dickson,1
inner,1
sending,1
reject,1
points,1
inevitable,1
church,1
due,1
sustain,1
assumes,1
unpublished,1
instruct,1
cooperate,1
darton,1
dozen,1
contributors,1
eighty,1
maron,1
tied,1
plymouth,1
sensation,1
denote,1
witt,1
constellation,1
realization,1
legislators,1
seeming,1
sample,1
barrier,1
masters,1
congregational,1
kind,1
repatriation,1
exercise,1
excelled,1
walkers,1
tape,1
old,1
blame,1
channeled,1
maxims,1
circulation,1
bay,1
honourable,1
winfried,1
showcasing,1
ranke,1
averaging,1
mania,1
freed,1
gieben,1
rollins,1
amount,1
counterpublics,1
subjects,1
interchangeable,1
marriage,1
modifying,1
structural,1
response,1
serving,1
houses,1
flawed,1
jürgen,1
wiser,1
dates,1
site,1
traveler,1
estimate,1
destroys,1
mechanical,1
invert,1
sanguine,1
explore,1
mirrored,1
drawn,1
ioi,1
look,1
reasoned,1
versal,1
skins,1
details,1
dublin,1
apparently,1
hasty,1
abbé,1
feuerbach,1
entries,1
xzíí,1
kentucky,1
catalogues,1
handful,1
maleness,1
master,1
virtuous,1
leopold,1
convention,1
depths,1
invisibleness,1
readable,1
formed,1
purchasing,1
promised,1
perfect,1
wittmann,1
jahrbuch,1
failed,1
seventh,1
rights,1
discomforting,1
talks,1
steps,1
opposed,1
unfurls,1
interesting,1
simultaneously,1
high,1
thinker,1
wishes,1
epitome,1
carpets,1
heroism,1
macquarie,1
identification,1
transformations,1
exact,1
bring,1
middling,1
growth,1
factual,1
cleaned,1
kerwin,1
developed,1
incoherent,1
match,1
tertiary,1
rivington,1
culminating,1
taste,1
doctrine,1
notion,1
process,1
neglected,1
historiographically,1
didactic,1
afrocentric,1
politicians,1
suffer,1
survives,1
fever,1
phrases,1
reworked,1
edwin,1
locks,1
scottish,1
connected,1
thing,1
humanity,1
importance,1
certain,1
menscheit,1
derived,1
japanese,1
recently,1
implicates,1
ethan,1
marcus,1
disintegration,1
millar,1
revelation,1
possess,1
stability,1
teuton,1
crusade,1
lincolns,1
govern,1
discoveries,1
ihu,1
imperialist,1
aikin,1
pittston,1
whittemore,1
miscellaneous,1
discriminate,1
reappears,1
supposed,1
moves,1
characterizes,1
brockett,1
tissue,1
understand,1
mrs,1
category,1
injury,1
settled,1
escape,1
theorists,1
green,1
space,1
desires,1
objects,1
organization,1
improvement,1
image,1
descent,1
peasant,1
yellow,1
eschew,1
clearly,1
reformer,1
specify,1
asiatischen,1
elsewhere,1
driven,1
threatening,1
universalgeschichte,1
spirit,1
impact,1
objectivity,1
placed,1
welfare,1
gradually,1
articulated,1
glorious,1
contemporaries,1
malthus,1
presumptions,1
raoul,1
rehearse,1
commonly,1
democratic,1
fashioned,1
bridges,1
uncomfortably,1
impatience,1
dialectic,1
ascending,1
concerning,1
isolation,1
followed,1
notions,1
generally,1
obstacles,1
position,1
consequence,1
mere,1
painted,1
intermediary,1
exploitation,1
servile,1
puts,1
selfhood,1
rendered,1
injustice,1
index,1
roving,1
umbrellas,1
detroit,1
providing,1
trained,1
molds,1
oblique,1
numerical,1
ideen,1
atlanta,1
artistic,1
afrotopia,1
holdings,1
whereas,1
worte,1
expressed,1
mcneill,1
theft,1
rebutting,1
lead,1
identifying,1
merging,1
columbia,1
arrival,1
encyclopedic,1
unfolding,1
newspapers,1
philology,1
tem,1
medicine,1
laure,1
entered,1
demise,1
begun,1
devastation,1
search,1
called,1
strength,1
inclusion,1
isnads,1
amsterdam,1
baton,1
effort,1
seven,1
centers,1
shamefully,1
demands,1
î,1
rebuttal,1
destined,1
criticisms,1
radical,1
gardiner,1
mythical,1
voo,1
ethnologists,1
amusing,1
captured,1
longman,1
base,1
im,1
arrogance,1
sanajit,1
phenomenology,1
late,1
respectively,1
academic,1
share,1
reasons,1
historiographer,1
understood,1
equal,1
durham,1
poverty,1
buried,1
blow,1
sentimental,1
stock,1
device,1
bore,1
awaken,1
toured,1
europa,1
boyd,1
persons,1
prose,1
track,1
excellent,1
lamprecht,1
grounds,1
wealth,1
lets,1
santayana,1
explain,1
instrumental,1
comprehension,1
opposition,1
wide,1
heavily,1
masculinity,1
maturing,1
criteria,1
experiment,1
leuven,1
warriors,1
hogg,1
kathryn,1
torn,1
exert,1
shape,1
syria,1
christianity,1
nichols,1
directly,1
compel,1
spheres,1
basis,1
relatives,1
line,1
scope,1
received,1
industrial,1
parades,1
sketchy,1
tool,1
calumniators,1
exodus,1
setbacks,1
subscription,1
baker,1
reader,1
christianizing,1
differ,1
advancement,1
divides,1
hereditary,1
bois,1
communication,1
nation,1
enter,1
comment,1
confirms,1
sydney,1
nomination,1
mercurial,1
caught,1
pocket,1
lectured,1
weltgeschichte,1
continuation,1
outpouring,1
older,1
rewarded,1
refined,1
obscured,1
truthfulness,1
references,1
johann,1
keep,1
grain,1
hawai,1
actually,1
mentioning,1
surpass,1
structures,1
runs,1
speaking,1
noblest,1
bishop,1
personal,1
illustrative,1
statesmen,1
away,1
triumphs,1
cry,1
regional,1
formations,1
employed,1
hubris,1
sexism,1
tarikh,1
atticus,1
fragmentation,1
polity,1
markedly,1
approach,1
shortcomings,1
relentless,1
errors,1
marnie,1
citing,1
aspired,1
loegins,1
perusal,1
twilight,1
outline,1
optimal,1
punctuated,1
peopled,1
papered,1
sense,1
exasperated,1
manners,1
vernor,1
responsibility,1
cold,1
raiding,1
initiates,1
perance,1
poet,1
hired,1
next,1
bath,1
politically,1
contrast,1
propose,1
mediterranean,1
entangled,1
unsupported,1
quite,1
midst,1
barriers,1
settlement,1
repeated,1
sankar,1
laboured,1
reporter,1
calling,1
allison,1
plagiarism,1
tyrants,1
sufficient,1
fraught,1
modicum,1
accomplished,1
munich,1
broughton,1
highly,1
ship,1
narrating,1
nineteenthand,1
exigencies,1
hugo,1
mantle,1
easton,1
research,1
protect,1
ancestral,1
ancestors,1
portions,1
boundaries,1
hosea,1
mixing,1
fared,1
impossible,1
degradation,1
core,1
occum,1
clever,1
christians,1
customary,1
condemned,1
gottfried,1
movements,1
majority,1
reverend,1
synchronically,1
describes,1
repeat,1
inquiries,1
mouths,1
appropriate,1
newly,1
labelled,1
alienated,1
paul,1
finds,1
wolfgang,1
moved,1
sandwiched,1
raleigh,1
governesses,1
sparks,1
teleology,1
inspection,1
hood,1
portion,1
entzauberung,1
uncommon,1
fuchs,1
highlights,1
rend,1
mended,1
postaristotelian,1
io,1
orientaliste,1
slumbering,1
observations,1
matter,1
clara,1
variety,1
macaulay,1
entitled,1
churton,1
misrepresent,1
interweaving,1
bringing,1
dispositions,1
callaloo,1
unification,1
seamlessly,1
strike,1
overlapped,1
short,1
synthesis,1
henri,1
triumphalism,1
service,1
located,1
expansion,1
resisted,1
grégoire,1
subject,1
limited,1
deadly,1
released,1
classic,1
anniversary,1
göttingen,1
exception,1
hutton,1
still,1
echoing,1
thinkers,1
suppose,1
dequincey,1
mansfield,1
igen,1
experiences,1
manifest,1
standing,1
studien,1
earthquakes,1
humans,1
backdrop,1
dignify,1
southern,1
quaker,1
seemingly,1
hitherto,1
cultivate,1
hold,1
va,1
decisions,1
philosophie,1
selection,1
cavallo,1
bread,1
measure,1
verses,1
blush,1
cogitations,1
collect,1
dwells,1
reel,1
usages,1
victor,1
tale,1
fair,1
preaching,1
patton,1
caribbean,1
security,1
suited,1
represents,1
marginal,1
message,1
east,1
technology,1
talents,1
god,1
inspiration,1
tangled,1
magistrates,1
reconciliation,1
imitate,1
compiled,1
benefactor,1
mellen,1
sociological,1
included,1
operated,1
praxeis,1
beziehungsgeschichte,1
orders,1
informal,1
islam,1
assistance,1
delight,1
orations,1
ethnographic,1
baltimore,1
ruprecht,1
um,1
africanize,1
excellence,1
acknowledging,1
reduces,1
contempt,1
confirmed,1
overpowering,1
reports,1
emotional,1
reliance,1
assimilated,1
rome,1
rise,1
eminent,1
arranging,1
company,1
lee,1
volume,1
déjà,1
tomorrow,1
samson,1
simulation,1
chatto,1
niles,1
gain,1
fitzroy,1
french,1
attainable,1
casper,1
skill,1
participated,1
challenge,1
fettered,1
communitysustained,1
muslims,1
namelessness,1
mark,1
spend,1
approaching,1
christ,1
higgins,1
fundamental,1
misfortunes,1
reworkings,1
addition,1
tutors,1
tiny,1
spellings,1
shows,1
longer,1
main,1
marker,1
limit,1
treatment,1
pair,1
shade,1
nonalphabetical,1
benevolent,1
impetus,1
stevens,1
indies,1
minnesota,1
advantage,1
uneasy,1
strabo,1
compound,1
documents,1
ought,1
wine,1
antinomy,1
teachers,1
britons,1
eighteenthor,1
larger,1
vernon,1
penned,1
mecca,1
forging,1
everything,1
highland,1
contends,1
descended,1
resolved,1
condensed,1
considerable,1
minimize,1
fashion,1
succeeding,1
pattern,1
convert,1
observes,1
serious,1
expound,1
rhetoric,1
honor,1
trickster,1
puzzling,1
mestizo,1
racist,1
blackness,1
paris,1
performances,1
optimistic,1
chain,1
model,1
discussing,1
road,1
allgemeinen,1
secular,1
existing,1
execution,1
shared,1
unclear,1
karl,1
contracted,1
renaissance,1
potkay,1
achieving,1
sorry,1
warring,1
forth,1
dance,1
duties,1
necessary,1
jahrhundert,1
reshaped,1
deficiency,1
minneapolis,1
einer,1
microform,1
belief,1
eds,1
regarded,1
difficulties,1
hamilton,1
sell,1
guarantees,1
redmond,1
reconciled,1
ethiopia,1
explicitly,1
wryly,1
encountered,1
mill,1
elevation,1
reminds,1
remove,1
timelines,1
antony,1
imagine,1
holistic,1
persecutors,1
simon,1
backbone,1
credit,1
excerpt,1
difference,1
analyzed,1
private,1
physiologically,1
greatest,1
exhibit,1
meaningful,1
robertson,1
success,1
considering,1
subjectivity,1
staging,1
moralist,1
totalizing,1
implicated,1
bear,1
renders,1
augustus,1
heard,1
contours,1
locate,1
inscription,1
israel,1
generalisable,1
lake,1
arose,1
proclamations,1
passes,1
previously,1
windus,1
looking,1
manifestations,1
surmount,1
services,1
affirmations,1
insurrection,1
expand,1
postmodernculture,1
oppositional,1
amused,1
entirely,1
denies,1
significant,1
expression,1
twentieth,1
angle,1
raven,1
shadowland,1
bondage,1
tel,1
iso,1
schoolrooms,1
dietmar,1
causes,1
visibleblackhistory,1
products,1
pleasure,1
martineau,1
lawrence,1
hoc,1
kingdom,1
eden,1
depersonalize,1
friction,1
aids,1
frame,1
vices,1
option,1
vu,1
rouge,1
potentialitiesit,1
versions,1
rejected,1
trade,1
meanings,1
earth,1
margaret,1
diachronically,1
goldmsith,1
modem,1
grew,1
comprehensive,1
triumphed,1
fed,1
modernization,1
reputation,1
soldiers,1
health,1
réinscriptions,1
faces,1
ancestry,1
zacharia,1
amounts,1
admission,1
characterised,1
divisions,1
someone,1
flood,1
fidelity,1
murderers,1
vintage,1
escaped,1
causally,1
traveled,1
obtained,1
course,1
paths,1
connects,1
improved,1
wish,1
standard,1
martin,1
contributions,1
morals,1
remember,1
favored,1
descant,1
facing,1
labels,1
commentators,1
arise,1
constructing,1
matched,1
package,1
narrow,1
newcastle,1
interpretations,1
values,1
mr,1
enjoyed,1
enemies,1
learn,1
percent,1
capabilities,1
jbentley,1
physiological,1
norton,1
displacements,1
socially,1
gyan,1
looked,1
workshop,1
ground,1
versus,1
connections,1
jerry,1
quarterly,1
agenda,1
professional,1
louisiana,1
councils,1
universality,1
bondsmen,1
nashville,1
thence,1
entanglement,1
pitt,1
von,1
experienced,1
gifted,1
womanist,1
culmination,1
ranging,1
implicitly,1
admire,1
subsumed,1
nonwestern,1
yields,1
suggestion,1
liberalism,1
farranging,1
imperialistic,1
surpassed,1
me,1
stems,1
today,1
prevalence,1
longmans,1
streit,1
reviewer,1
spelling,1
independent,1
provide,1
segments,1
neighbour,1
crucial,1
chance,1
five,1
blatantly,1
reels,1
defenders,1
plays,1
testing,1
selections,1
suggestive,1
arabia,1
sole,1
fully,1
rough,1
imperatives,1
wiener,1
bare,1
eighteenthcentury,1
sway,1
burr,1
independence,1
ofgreatmen,1
forthright,1
exceptional,1
concluding,1
obedient,1
contrary,1
progressively,1
detailed,1
rethinking,1
ordering,1
tenn,1
effectively,1
await,1
renown,1
transformation,1
synthesized,1
executive,1
frames,1
html,1
forten,1
excluding,1
detects,1
owed,1
chairs,1
helpful,1
insistence,1
steamboat,1
strides,1
expectations,1
travelled,1
comte,1
borrowings,1
bleach,1
philosophies,1
michael,1
inferior,1
fictionalized,1
wives,1
erie,1
canonical,1
instances,1
metanarratives,1
face,1
canada,1
counterpublic,1
coexisted,1
problematic,1
grounded,1
pressures,1
selincourt,1
investigate,1
cognate,1
earliest,1
tribe,1
retailing,1
kors,1
unreconciled,1
rebut,1
acquired,1
undertook,1
environment,1
reddish,1
monuments,1
englishand,1
fifteen,1
associated,1
postmodernism,1
ioo,1
habenmas,1
believed,1
alterity,1
underpinned,1
antecedent,1
naples,1
changing,1
twentiethcentury,1
frenchman,1
unblemished,1
invoked,1
reinforced,1
htm,1
endowed,1
mythologies,1
microhistory,1
barbarism,1
mia,1
christophe,1
excel,1
echoes,1
mixes,1
md,1
temple,1
instantiated,1
funding,1
haphazardly,1
cursed,1
sustained,1
turns,1
kedar,1
jefferson,1
napoleonic,1
lives,1
feelings,1
winthrop,1
defining,1
ran,1
blair,1
dominated,1
chartier,1
colonization,1
tendencies,1
each,1
printer,1
readily,1
blairs,1
sampson,1
steven,1
par,1
regrets,1
india,1
novel,1
assertions,1
expanding,1
misrepresentations,1
capability,1
distinctions,1
interested,1
masculinist,1
prominence,1
volcano,1
nonchronological,1
crosscurrents,1
explicated,1
constructions,1
speech,1
post,1
iii,1
lodges,1
exploiting,1
degenerates,1
job,1
contradictory,1
ehayne,1
mittees,1
infer,1
asserting,1
calumniated,1
amid,1
reflected,1
happiness,1
ambivalent,1
aiken,1
utilized,1
absurdities,1
assessment,1
february,1
humorous,1
advances,1
archival,1
person,1
catalogue,1
growing,1
für,1
cal,1
cautions,1
wit,1
mongolian,1
economy,1
mormon,1
communicate,1
muse,1
dearborn,1
transmitted,1
combined,1
reactions,1
evenings,1
physiology,1
nationalist,1
playful,1
selected,1
rising,1
dwyer,1
abraham,1
want,1
cause,1
involvement,1
boyer,1
idee,1
sits,1
metaphor,1
covers,1
edinburgh,1
colchians,1
escapist,1
whitewashed,1
extent,1
prudence,1
partial,1
chafed,1
attaining,1
remedies,1
expositions,1
expressly,1
instrumentality,1
pursued,1
abruptly,1
calhoun,1
produce,1
cents,1
chaotic,1
anna,1
alcohol,1
prevent,1
contain,1
arnaldo,1
port,1
art,1
fourteen,1
des,1
spaces,1
middell,1
varieties,1
level,1
owner,1
poems,1
careful,1
baskets,1
ugliest,1
edwards,1
disparate,1
met,1
exercising,1
taxed,1
uniform,1
superstition,1
marble,1
practices,1
cornel,1
belgium,1
impressing,1
november,1
buy,1
bourgeois,1
techniques,1
lies,1
step,1
assumptions,1
went,1
fostering,1
re,1
sion,1
entry,1
copper,1
ranks,1
colonial,1
challenges,1
scarcely,1
hebrews,1
isolated,1
goals,1
rigidly,1
childhood,1
comprised,1
ein,1
varied,1
kohn,1
nationalstaats,1
prepared,1
shamoon,1
come,1
geneviève,1
superseded,1
burger,1
disadvantages,1
promoted,1
peculiar,1
cafarelli,1
fertile,1
ashis,1
undercuts,1
survival,1
asunder,1
instructive,1
locations,1
years,1
schepens,1
reveals,1
julius,1
murderer,1
observed,1
repositioning,1
intensified,1
mutual,1
traducers,1
stickney,1
web,1
conditions,1
institutional,1
opens,1
recovering,1
disillusionments,1
imperative,1
aware,1
completed,1
refraction,1
crisis,1
dangerous,1
orten,1
joined,1
instead,1
employer,1
land,1
ye,1
broader,1
constructed,1
reflexive,1
aristotelian,1
crossed,1
affirmation,1
conquered,1
already,1
prosperity,1
playing,1
defined,1
colo,1
forming,1
oldest,1
amiable,1
zivilisationsvergleich,1
ca,1
permeable,1
blunders,1
definitive,1
bossuet,1
reprints,1
anonymous,1
fitness,1
observation,1
specific,1
cousin,1
disadvantage,1
willfully,1
root,1
certainty,1
ensuring,1
tribes,1
marxist,1
supply,1
yesterday,1
standards,1
buffoon,1
hugheswarrington,1
reflecting,1
debate,1
dogged,1
promising,1
subverting,1
exclusively,1
phillips,1
polished,1
music,1
appealing,1
eldest,1
complicit,1
kneeland,1
seek,1
keyser,1
diverges,1
networks,1
resist,1
rallying,1
farrison,1
tract,1
doing,1
subordinates,1
adorn,1
universe,1
built,1
frankly,1
clashed,1
workings,1
mistaken,1
close,1
evidently,1
increase,1
gold,1
