WORDCOUNTS,WEIGHT
the,177
and,161
of,157
in,121
to,54
that,45
a,38
institutional,30
change,26
capitalism,26
economies,24
as,22
are,22
for,22
is,21
political,21
voc,21
varieties,20
this,18
systems,18
by,17
economy,17
governance,15
market,14
has,14
actors,14
on,14
not,13
with,13
from,13
have,13
it,12
within,12
corporate,11
institutions,11
or,11
arrangements,10
herrigel,10
business,10
zeitlin,10
thelen,9
ways,9
but,9
over,9
new,9
national,9
be,9
tion,8
comparative,8
they,8
industrial,8
ed,8
production,8
cmes,8
both,8
review,8
such,8
states,8
roundtable,8
than,8
types,7
jonathan,7
these,7
lmes,7
alternative,7
industrialization,7
time,7
markets,7
system,7
its,7
relations,7
competitive,7
oxford,6
interests,6
economic,6
been,6
their,6
united,6
claims,6
complementary,6
s,6
forms,6
work,6
tional,6
historical,6
approach,6
no,6
among,6
at,5
introduction,5
germany,5
one,5
about,5
two,5
beyond,5
also,5
view,5
many,5
skills,5
gary,5
different,5
tions,5
possibilities,5
hall,5
strategies,5
kathleen,5
streeck,5
processes,5
thus,5
which,5
social,5
latter,5
between,5
even,5
difficult,4
if,4
action,4
recomposition,4
constraints,4
itself,4
direction,4
com,4
into,4
japan,4
only,4
rather,4
other,4
all,4
result,4
path,4
out,4
radical,4
u,4
see,4
case,4
historians,4
example,4
resources,4
alternatives,4
empirical,4
manufacturing,4
diversity,4
firms,4
regional,4
theoretical,4
paradigm,4
successful,4
american,4
research,4
can,4
when,4
we,4
stakeholder,4
incentives,3
f,3
second,3
york,3
practices,3
across,3
indeed,3
na,3
process,3
players,3
above,3
make,3
study,3
innovation,3
often,3
european,3
makes,3
rules,3
rhodes,3
tracks,3
university,3
structure,3
emphasize,3
familiar,3
experiments,3
sectors,3
welfare,3
first,3
charles,3
lead,3
more,3
organizational,3
global,3
believe,3
capitalist,3
scholars,3
best,3
rule,3
found,3
creative,3
gradual,3
reform,3
relational,3
how,3
very,3
loops,3
possibility,3
feedback,3
institutionalism,3
those,3
where,3
what,3
existing,3
them,3
particular,3
governing,3
well,3
some,3
literature,3
made,3
point,3
critique,3
framework,3
labor,3
mahoney,3
identities,3
dynamics,3
development,3
position,3
quantitative,3
structuralist,3
cme,3
problems,3
themselves,3
debate,3
through,3
re,3
lorenz,3
evidence,3
cooperative,3
wolfgang,3
actor,3
industries,2
may,2
gingerich,2
critical,2
gerald,2
contracting,2
limits,2
variety,2
marc,2
higher,2
common,2
way,2
act,2
true,2
his,2
contingent,2
generated,2
play,2
capture,2
conceptions,2
districts,2
unsuccessful,2
transformation,2
initially,2
modes,2
length,2
crouch,2
competitiveness,2
hierarchical,2
competition,2
institu,2
constantly,2
problematic,2
advanced,2
floor,2
better,2
array,2
continuity,2
dewey,2
neither,2
history,2
k,2
constrain,2
robust,2
contexts,2
already,2
schneiberg,2
must,2
most,2
various,2
simply,2
flexibility,2
sabel,2
labour,2
sources,2
mies,2
innova,2
m,2
camp,2
thatcher,2
others,2
rapid,2
financial,2
proponents,2
industri,2
words,2
shows,2
setting,2
focuses,2
innovations,2
politics,2
formulations,2
broadly,2
organiza,2
advantage,2
great,2
tural,2
differences,2
struc,2
ambiguity,2
coupled,2
any,2
berk,2
state,2
contemporary,2
claimed,2
edward,2
producers,2
efforts,2
inter,2
econo,2
handbook,2
hand,2
precisely,2
remarkable,2
advantages,2
vocational,2
wage,2
power,2
rethinking,2
criticism,2
less,2
departures,2
takes,2
practice,2
institutionalist,2
generic,2
capacity,2
while,2
firm,2
commitments,2
notion,2
original,2
emphasizing,2
hanck,2
suggests,2
technologies,2
cooperation,2
john,2
attentive,2
capitalisms,2
alization,2
rela,2
far,2
line,2
training,2
arms,2
along,2
data,2
positions,2
criticized,2
rigid,2
stakeholders,2
arguments,2
broad,2
collaborative,2
questions,2
structures,2
reproducing,2
past,2
were,2
question,2
formation,2
shown,2
models,2
complementarities,2
years,2
lme,2
cambridge,2
clear,2
there,2
shop,2
de,2
points,2
peter,2
explaining,2
clusters,2
characteristic,2
mixed,2
symposium,2
heterogeneity,2
sense,2
need,2
creatively,2
so,2
an,2
type,2
outlined,2
functionalist,2
mass,2
france,2
strategic,2
paths,2
order,2
cases,2
claim,2
biotech,2
martin,2
typology,2
around,2
instead,2
exchange,2
underlying,2
perspective,2
specific,2
highly,2
industry,2
difficulty,2
become,2
pro,2
banking,2
britain,2
chicago,2
ness,2
pure,2
ger,2
like,2
james,2
create,2
reproduction,2
progress,2
ownership,2
con,2
develop,2
look,2
creativity,2
making,2
society,2
ferences,1
south,1
will,1
changes,1
joas,1
simultaneous,1
favoring,1
related,1
he,1
high,1
currently,1
role,1
langes,1
done,1
critics,1
siderable,1
back,1
german,1
supposed,1
century,1
perspectives,1
note,1
prac,1
convergence,1
overly,1
bureau,1
evolve,1
mentary,1
assert,1
sometimes,1
pushes,1
bring,1
performance,1
main,1
ameri,1
ans,1
mechanisms,1
solidarity,1
respectful,1
compatible,1
correlations,1
stitutions,1
duction,1
program,1
limited,1
en,1
rangements,1
address,1
levels,1
devise,1
repre,1
inescapability,1
international,1
oscar,1
broaden,1
dimensions,1
gaining,1
neatly,1
prove,1
directions,1
industryand,1
being,1
still,1
indepen,1
influences,1
mar,1
transferable,1
relationship,1
plainly,1
vol,1
essay,1
ex,1
standing,1
certain,1
shocks,1
parative,1
countries,1
parts,1
icant,1
dustrial,1
va,1
nance,1
pages,1
es,1
kinds,1
elaborate,1
agency,1
ample,1
effective,1
mobility,1
analysis,1
identify,1
erstwhile,1
evolution,1
wan,1
summarized,1
precede,1
concep,1
formed,1
likely,1
space,1
ineffective,1
moreover,1
plementarity,1
risks,1
composed,1
education,1
tors,1
heckscher,1
yet,1
resolution,1
interpretation,1
tackling,1
support,1
gover,1
paralysis,1
involve,1
approaches,1
push,1
determination,1
dent,1
solutions,1
unsatisfactory,1
frankfurt,1
worlds,1
presciently,1
endless,1
tems,1
serve,1
ei,1
documenting,1
east,1
speculative,1
under,1
stitutional,1
finance,1
stable,1
matters,1
boydston,1
challenged,1
us,1
socio,1
key,1
western,1
wages,1
institutio,1
encourages,1
driven,1
meant,1
pose,1
india,1
vations,1
encourage,1
occurred,1
chris,1
tolliday,1
falls,1
emergence,1
workplace,1
then,1
dition,1
korea,1
developed,1
liberal,1
pragmatist,1
sys,1
former,1
shifting,1
scranton,1
gregory,1
po,1
nice,1
nonetheless,1
jens,1
weak,1
princeton,1
al,1
experiment,1
closely,1
fare,1
w,1
obser,1
without,1
exogenous,1
steven,1
four,1
show,1
experience,1
provide,1
steel,1
focused,1
increasingly,1
esting,1
had,1
consistent,1
gave,1
rise,1
frameworks,1
argu,1
follow,1
either,1
ambiguities,1
politi,1
coherence,1
shed,1
present,1
tics,1
securities,1
organization,1
wrong,1
hence,1
long,1
kapitalismus,1
wel,1
torical,1
organizations,1
jackson,1
mmes,1
nonexistent,1
distanced,1
pervasive,1
attacks,1
ies,1
was,1
challenge,1
ii,1
stably,1
courages,1
pragmatic,1
important,1
produc,1
reallocation,1
molina,1
mark,1
tice,1
concentrated,1
decades,1
sult,1
kenworthy,1
constitution,1
mutually,1
overwhelming,1
removed,1
fluid,1
conflicts,1
allow,1
natives,1
stylizations,1
domains,1
parsimony,1
stud,1
image,1
recovery,1
greater,1
wandel,1
character,1
presidential,1
departure,1
paper,1
hetero,1
definition,1
fact,1
based,1
breadth,1
acting,1
identifying,1
pointed,1
opposition,1
concentration,1
europe,1
gone,1
conduct,1
repr,1
tra,1
automobile,1
could,1
leaders,1
industrializing,1
argue,1
strength,1
neller,1
regulation,1
amsterdam,1
wave,1
analyses,1
broader,1
producing,1
renz,1
reasoning,1
enable,1
confront,1
sentially,1
typologies,1
banks,1
ar,1
link,1
indicating,1
leeway,1
brazil,1
hundred,1
cooperating,1
sustaining,1
rely,1
debates,1
plementarities,1
overwhelmingly,1
roundly,1
products,1
clearly,1
allocated,1
take,1
amer,1
histo,1
emerge,1
away,1
persist,1
adler,1
distinctive,1
man,1
initial,1
achieved,1
embrace,1
fruitlessly,1
rieties,1
sectoral,1
bargaining,1
last,1
geneity,1
charac,1
rians,1
traversed,1
share,1
further,1
emphasized,1
fourth,1
do,1
ann,1
cal,1
geography,1
chandle,1
trubek,1
access,1
classified,1
none,1
coordinated,1
let,1
posited,1
committed,1
war,1
amable,1
ous,1
macroeco,1
flagship,1
analytic,1
daniel,1
systemkoh,1
resembling,1
intersection,1
duced,1
mongrels,1
nature,1
structural,1
constitute,1
schneider,1
ad,1
stability,1
form,1
constraining,1
cannot,1
historically,1
accounts,1
notes,1
therapeutical,1
lane,1
routines,1
sociology,1
ined,1
kets,1
origin,1
argument,1
maintain,1
deep,1
existence,1
rich,1
komplementarit,1
terize,1
trust,1
self,1
guidance,1
theory,1
teractions,1
velop,1
novelty,1
books,1
herrmann,1
problem,1
foundational,1
mitments,1
widespread,1
formulation,1
teleological,1
spain,1
ability,1
shifts,1
encouraging,1
busi,1
foregrounds,1
compete,1
ther,1
right,1
poli,1
societal,1
improve,1
changing,1
embeddedness,1
shape,1
fruitfully,1
produce,1
societies,1
design,1
argues,1
dormant,1
tant,1
another,1
influenced,1
account,1
macroeconomy,1
trac,1
capable,1
empirically,1
possible,1
r,1
accounting,1
understanding,1
machinery,1
revealed,1
cre,1
patent,1
quality,1
discussion,1
middle,1
posi,1
contradictory,1
spective,1
crudely,1
bob,1
pursue,1
organize,1
alter,1
researchers,1
anchored,1
basis,1
move,1
richard,1
bear,1
circumstances,1
cult,1
mented,1
litical,1
mounting,1
community,1
deeg,1
refinement,1
criticisms,1
since,1
including,1
architectures,1
exchanges,1
loosely,1
recomposing,1
conception,1
knowledge,1
looking,1
apparent,1
italy,1
piecemeal,1
lacunae,1
constrained,1
transformationen,1
ac,1
mentally,1
encouraged,1
recom,1
lies,1
regulated,1
incremental,1
omies,1
asian,1
significant,1
adapted,1
engage,1
contribute,1
seek,1
consistently,1
simultane,1
place,1
granted,1
factor,1
allowed,1
ever,1
unitary,1
reconstructing,1
challenges,1
systematically,1
institutionalists,1
des,1
survey,1
jo,1
cologne,1
manuscript,1
think,1
trend,1
central,1
mistake,1
varied,1
real,1
tual,1
vanced,1
bar,1
et,1
supple,1
unpublished,1
proliferation,1
additional,1
because,1
complemented,1
dependence,1
improvements,1
histori,1
nor,1
systematic,1
patents,1
pendence,1
sympathetic,1
subsequent,1
lange,1
versions,1
locations,1
stead,1
difference,1
dif,1
significance,1
comple,1
ativity,1
run,1
engendered,1
repositioning,1
mutual,1
beckert,1
finding,1
against,1
stories,1
twentieth,1
heuristic,1
brandeis,1
open,1
human,1
hierarchy,1
howell,1
does,1
internally,1
zum,1
recognize,1
mpifg,1
d,1
dominated,1
dynamic,1
coopera,1
crisis,1
baltimore,1
creating,1
coordina,1
introduc,1
beneficial,1
ciety,1
individual,1
interpret,1
david,1
needed,1
typically,1
occurs,1
highlighting,1
define,1
price,1
helpful,1
enabling,1
ef,1
field,1
works,1
carbondale,1
association,1
realization,1
product,1
revolution,1
exam,1
reshape,1
modem,1
rooted,1
causally,1
integration,1
static,1
learning,1
defined,1
provisional,1
trapped,1
after,1
mediterranean,1
andrea,1
emphasizes,1
quite,1
functionalism,1
adjustment,1
distinct,1
developments,1
old,1
institutionelle,1
late,1
dispersed,1
t,1
signif,1
why,1
bel,1
worried,1
behaving,1
needs,1
initiating,1
special,1
tradictions,1
supported,1
trajectory,1
comparing,1
searching,1
wider,1
potential,1
geburtstag,1
contrary,1
matched,1
body,1
funda,1
employees,1
blend,1
tradi,1
refinements,1
breaking,1
ics,1
viable,1
mayntz,1
rejection,1
lineage,1
diffi,1
categorized,1
fects,1
continuous,1
third,1
redefinition,1
philip,1
converging,1
enterprise,1
compare,1
beginning,1
seeking,1
concerns,1
substantial,1
continually,1
analyze,1
given,1
dependent,1
journal,1
traditional,1
renate,1
louis,1
focus,1
complementarity,1
much,1
world,1
und,1
knut,1
strong,1
admixtures,1
technological,1
dynam,1
deeply,1
jointly,1
recent,1
constella,1
relative,1
nomic,1
simplistic,1
modularity,1
traced,1
value,1
should,1
developmental,1
paul,1
constructions,1
productive,1
rian,1
hybrids,1
shifted,1
tightly,1
specialty,1
hans,1
strategy,1
sophistication,1
manner,1
exclusive,1
impor,1
tai,1
ment,1
sented,1
ica,1
deeper,1
perform,1
festschrift,1
sechzigsten,1
econ,1
china,1
latin,1
hypothesis,1
