WORDCOUNTS,WEIGHT
the,1107
of,511
and,362
to,329
in,304
labour,247
s,207
a,199
party,191
for,144
that,133
was,111
on,109
as,105
by,80
election,73
it,63
publicity,59
war,58
britain,58
with,58
this,57
not,55
an,52
nec,49
their,49
conservative,48
p,48
its,48
had,47
which,47
were,47
from,47
political,45
campaign,41
public,40
bbc,40
is,38
at,37
have,36
during,35
press,35
politics,34
propaganda,33
general,32
report,32
national,32
media,31
daily,31
be,31
while,30
pp,29
they,28
morrison,28
but,28
more,28
see,28
government,27
such,27
would,27
committee,26
new,26
london,25
minutes,24
british,24
his,24
left,23
or,23
did,21
policy,20
conservatives,20
been,20
has,20
one,19
opinion,19
only,19
posters,18
vote,18
wartime,18
beers,18
between,18
now,17
parties,17
however,17
than,17
laura,16
organization,16
fight,16
over,16
first,15
also,15
these,15
after,15
who,15
paper,15
beveridge,14
tour,14
popular,14
about,14
oxford,14
home,14
mirror,14
what,14
even,13
he,13
housing,13
social,13
local,13
interwar,13
conference,13
both,13
history,12
world,12
addison,12
may,12
no,12
most,12
power,12
brooke,12
terms,12
programme,12
all,11
how,11
herald,11
department,11
many,11
scholars,11
workers,11
leaflets,11
are,11
our,11
cent,10
per,10
studies,10
there,10
those,10
attlee,10
could,10
well,10
part,10
policies,10
people,10
appeal,10
july,10
two,10
majority,10
made,10
pamphlets,10
publication,10
article,10
henderson,10
series,10
butler,10
extent,10
into,9
historians,9
million,9
fielding,9
communication,9
journal,9
view,9
out,9
conferences,9
r,9
literature,9
churchill,9
figure,9
victory,9
period,9
high,9
them,9
role,9
if,8
later,8
mar,8
use,8
coalition,8
electoral,8
i,8
emphasized,8
audience,8
support,8
impact,8
filed,8
produced,8
poster,8
when,8
society,8
film,8
second,8
coverage,8
included,8
road,8
swing,8
day,8
meetings,8
dec,8
through,8
nov,8
years,8
news,8
cpa,8
should,8
meeting,8
truce,7
before,7
possible,7
pelling,7
run,7
speakers,7
against,7
g,7
voters,7
candidates,7
leadership,7
influence,7
electorate,7
argued,7
because,7
planning,7
wac,7
working,7
socialist,7
contrast,7
around,7
industry,7
still,7
chronicle,7
under,7
organizations,7
leader,7
herbert,7
pamphlet,7
john,7
discussion,7
full,7
three,7
held,7
class,7
state,7
zee,7
lawrence,7
laski,7
steven,7
tuc,7
historical,7
presented,7
question,7
constituencies,7
much,7
martin,7
large,6
file,6
production,6
leaders,6
principal,6
reading,6
within,6
papers,6
proposals,6
red,6
gallup,6
andrew,6
since,6
interest,6
memorandum,6
importance,6
welfare,6
benefited,6
result,6
broadcasting,6
future,6
used,6
own,6
broadcast,6
seaton,6
order,6
readman,6
oct,6
june,6
research,6
provided,6
nearly,6
make,6
morgan,6
culture,6
constituency,6
put,6
including,6
elections,6
significant,6
sold,6
services,6
homes,6
so,6
him,6
men,6
thorpe,6
can,6
straight,6
continued,6
topping,6
lines,6
united,6
itself,6
any,6
ran,6
control,6
chairman,6
mass,6
particular,6
cambridge,6
copies,6
actively,6
although,6
d,6
need,6
given,6
done,5
common,5
stuart,5
h,5
position,5
being,5
secretary,5
worked,5
mind,5
magazines,5
voting,5
side,5
activity,5
reconstruction,5
american,5
baldwin,5
publications,5
jones,5
talks,5
frustration,5
study,5
university,5
consider,5
liberal,5
democratic,5
important,5
suggested,5
whereas,5
speeches,5
circulation,5
nation,5
gave,5
published,5
successful,5
several,5
manchester,5
philip,5
entitled,5
movement,5
relationship,5
us,5
perceived,5
editorial,5
same,5
efforts,5
industrial,5
towards,5
headquarters,5
time,5
end,5
aug,5
contemporary,5
success,5
less,5
remained,5
communicated,5
express,5
health,5
mccallum,5
black,5
other,5
james,5
we,5
george,5
began,5
polls,5
analysis,5
stephen,5
blair,5
december,5
reflected,5
following,5
electors,5
despite,5
content,5
exceptionally,5
n,5
socialism,5
nicholas,4
way,4
tory,4
notably,4
likely,4
modern,4
arguing,4
nonetheless,4
negative,4
said,4
either,4
programmes,4
parliamentary,4
certainly,4
taken,4
desire,4
survey,4
help,4
issue,4
forum,4
felt,4
determined,4
richard,4
magazine,4
point,4
along,4
harold,4
guilty,4
throughout,4
cco,4
agent,4
affairs,4
served,4
appreciated,4
messages,4
though,4
stanley,4
colour,4
century,4
without,4
rather,4
earlier,4
white,4
director,4
quoted,4
frequently,4
too,4
age,4
four,4
ministers,4
problems,4
union,4
behaviour,4
apr,4
further,4
focused,4
your,4
work,4
advertising,4
away,4
newspaper,4
good,4
change,4
level,4
outbreak,4
consensus,4
impossible,4
annual,4
up,4
economic,4
wrote,4
pictorial,4
above,4
hold,4
positive,4
security,4
j,4
illustrated,4
noted,4
successfully,4
paul,4
onwards,4
fell,4
others,4
treatment,4
advantage,4
great,4
do,4
council,4
another,4
sir,4
classes,4
represented,4
largely,4
congress,4
trade,4
language,4
allowed,4
minister,4
like,4
expressing,4
thomas,4
newspapers,4
nationally,4
figures,4
attention,4
broadcasts,4
practical,4
primarily,4
understand,4
often,4
nationalization,4
months,4
associated,4
believed,4
must,4
printed,4
particularly,4
jean,4
rose,4
feb,4
statement,4
secure,4
balance,4
information,4
suggests,4
emphasis,4
marketing,4
simply,4
prepared,4
shown,4
commercial,4
argument,4
you,4
summary,4
close,4
draft,4
final,3
proposed,3
democracy,3
characterized,3
pimlott,3
e,3
conversion,3
conducted,3
achievements,3
approved,3
whip,3
expenditure,3
ms,3
former,3
decade,3
chief,3
women,3
member,3
specifically,3
england,3
reasons,3
shepherd,3
robert,3
east,3
matthew,3
right,3
shared,3
sent,3
cited,3
undoubtedly,3
letter,3
build,3
central,3
mckibbin,3
durbin,3
development,3
basingstoke,3
document,3
six,3
arranged,3
generation,3
rights,3
whose,3
activists,3
politicians,3
opportunity,3
titled,3
talk,3
direct,3
special,3
changes,3
win,3
old,3
ensure,3
established,3
days,3
house,3
superior,3
consequence,3
citrine,3
opponents,3
greater,3
rivals,3
effects,3
experts,3
late,3
supporters,3
stock,3
effect,3
greenwood,3
meet,3
younger,3
wring,3
opposition,3
impression,3
representatives,3
elliott,3
lost,3
fraser,3
voted,3
feared,3
poll,3
forces,3
preparation,3
won,3
week,3
memoirs,3
t,3
regions,3
bevan,3
floating,3
wise,3
leaflet,3
value,3
will,3
dalton,3
demand,3
subject,3
plans,3
yet,3
hugh,3
read,3
discussions,3
february,3
speaking,3
strike,3
conceived,3
ridley,3
lack,3
plan,3
reform,3
man,3
rhetoric,3
outside,3
took,3
hand,3
where,3
ultimately,3
radicalism,3
eds,3
credit,3
link,3
francis,3
aneurin,3
ideas,3
questions,3
previous,3
solider,3
tories,3
discussed,3
brain,3
lose,3
spent,3
sian,3
conclusions,3
methods,3
let,3
éd,3
wells,3
staff,3
professional,3
decision,3
wisdom,3
independent,3
housewives,3
science,3
five,3
vision,3
ministry,3
favour,3
army,3
detailed,3
team,3
returned,3
effectively,3
owed,3
education,3
environment,3
agents,3
membership,3
organizational,3
spearhead,3
each,3
country,3
print,3
benefit,3
better,3
according,3
economy,3
ibid,3
produce,3
agreed,3
size,3
little,3
transport,3
exploit,3
aspect,3
jan,3
sale,3
editor,3
bartholomew,3
course,3
instead,3
barnes,3
association,3
mp,3
debate,3
early,3
views,3
north,3
famous,3
building,3
built,3
showed,3
go,2
does,2
archives,2
allegedly,2
struggle,2
concerned,2
meaning,2
hacking,2
faced,2
commitment,2
croft,2
wfa,2
distributed,2
group,2
told,2
needed,2
designed,2
ma,2
formed,2
bonham,2
library,2
western,2
emphasize,2
newsreel,2
unlike,2
title,2
occurred,2
total,2
holding,2
service,2
source,2
cast,2
every,2
preceding,2
implications,2
might,2
book,2
attractive,2
chartism,2
broadly,2
together,2
display,2
ben,2
thank,2
differences,2
analyses,2
producing,2
citizens,2
thanks,2
kingdom,2
toye,2
subsequent,2
achieved,2
embrace,2
written,2
interviewed,2
henry,2
opposite,2
hostility,2
hostile,2
rethinking,2
case,2
takes,2
advocates,2
cabinet,2
manifesto,2
king,2
sought,2
firm,2
agriculture,2
draw,2
march,2
design,2
account,2
some,2
constraints,2
machinery,2
ball,2
realignment,2
evan,2
lies,2
west,2
taking,2
say,2
ross,2
collection,2
ranked,2
broadcaster,2
responded,2
difficulties,2
immediate,2
inevitable,2
past,2
thompson,2
ability,2
viewing,2
relations,2
club,2
walter,2
nick,2
unwillingness,2
arena,2
moment,2
rank,2
interim,2
body,2
radio,2
compared,2
effective,2
estimate,2
warned,2
underscores,2
york,2
predicted,2
expected,2
act,2
observers,2
bring,2
drive,2
notable,2
aggressive,2
decades,2
appreciation,2
mechanics,2
similar,2
b,2
certain,2
contributions,2
vans,2
scollan,2
front,2
metres,2
means,2
improvement,2
benefits,2
languages,2
organized,2
clearly,2
wealth,2
numbers,2
record,2
articulated,2
meant,2
additional,2
spirit,2
beyond,2
defeat,2
followed,2
journalistic,2
dominic,2
curran,2
bourne,2
conviction,2
films,2
preference,2
expressed,2
closely,2
discount,2
appearance,2
found,2
attack,2
ambitious,2
printing,2
effort,2
seven,2
international,2
radical,2
scepticism,2
calder,2
term,2
midlands,2
equally,2
shall,2
brilliant,2
recently,2
moore,2
unemployment,2
cannot,2
priorities,2
biases,2
woodbridge,2
required,2
january,2
possibility,2
influenced,2
aspects,2
electing,2
thane,2
failure,2
almost,2
provincial,2
none,2
voter,2
line,2
priestley,2
scope,2
received,2
appeals,2
basis,2
rhetorical,2
county,2
example,2
whole,2
year,2
donoghue,2
consistently,2
obscured,2
issues,2
broad,2
partly,2
actually,2
underscored,2
personal,2
focuses,2
plurality,2
running,2
responsibility,2
suggest,2
protest,2
politically,2
rationing,2
emphasizes,2
ramsden,2
small,2
few,2
munich,2
met,2
parliament,2
paid,2
macdonald,2
valuable,2
seemed,2
contacted,2
seats,2
highlights,2
led,2
attributable,2
identified,2
short,2
revival,2
successes,2
corporation,2
classic,2
remit,2
april,2
circulations,2
stedman,2
hitherto,2
surveyed,2
direction,2
measure,2
guide,2
selling,2
reference,2
opportunities,2
lloyd,2
coincidental,2
serve,2
counterparts,2
message,2
seeing,2
mobile,2
management,2
informal,2
lord,2
ed,2
revenge,2
payments,2
picture,2
sketch,2
tiratsoo,2
jon,2
street,2
provide,2
interests,2
mark,2
lcc,2
punish,2
similarly,2
campaigning,2
financial,2
fact,2
idea,2
coincidence,2
fundamental,2
aldershot,2
agree,2
husband,2
forging,2
arthur,2
contends,2
present,2
journalists,2
centre,2
growing,2
headlam,2
purposes,2
existing,2
ensured,2
establish,2
ch,2
forth,2
focusing,2
charter,2
belief,2
gareth,2
encountered,2
argues,2
landslide,2
understanding,2
campaigns,2
examples,2
considering,2
grossly,2
trusted,2
preferential,2
accompanying,2
heard,2
colours,2
strongly,2
elite,2
identity,2
angus,2
resume,2
franklin,2
archive,2
office,2
platform,2
finally,2
versions,2
clear,2
reality,2
directed,2
emphasizing,2
peter,2
lady,2
august,2
times,2
courted,2
adequately,2
latter,2
municipal,2
quick,2
promotion,2
sentiment,2
commentators,2
efficiency,2
tactics,2
trades,2
versus,2
councils,2
mail,2
european,2
suggestion,2
declaration,2
note,2
bureau,2
kenneth,2
chance,2
foreign,2
claimed,2
attitude,2
armed,2
contribution,2
contents,2
executive,2
redound,2
inspired,2
dailies,2
sympathy,2
lander,2
despatched,2
thinking,2
version,2
biography,2
officially,2
committees,2
theme,2
exposition,2
offered,2
entry,2
maconachie,2
text,2
listeners,2
set,2
receipts,2
neame,2
cultures,2
publicist,2
pragmatic,2
current,2
post,2
ideological,2
very,2
distinctive,2
just,2
masters,2
evident,2
beginning,2
id,2
unlikely,2
basics,2
communicate,2
carefully,2
ones,2
want,2
attitudes,2
her,2
constitutional,2
apathetic,2
art,2
peace,2
reported,2
conclude,2
became,2
williamson,2
intended,2
adapted,2
conventional,2
arguments,2
ever,2
mention,2
think,2
webb,2
come,2
enthusiasm,2
formation,2
devoted,2
spring,2
ig,2
twentieth,2
numerous,2
charge,2
land,2
evidence,2
autumn,2
willingness,2
centrality,2
publicizing,2
prosperity,2
area,2
presenting,2
supported,2
assumed,2
portrait,2
themselves,2
c,2
fears,2
documentary,2
lisbon,2
pat,2
focus,2
attendance,2
frequent,1
difficult,1
handicapped,1
bernard,1
defeats,1
hied,1
superiority,1
advertised,1
o,1
revisionist,1
paralleled,1
m,1
proprietors,1
punch,1
edge,1
appealed,1
conflicting,1
cudlipp,1
surged,1
anthony,1
measurinffworth,1
commentary,1
groups,1
stood,1
scholar,1
broadest,1
pale,1
market,1
reconsidered,1
skipton,1
hogarth,1
resulted,1
college,1
fiction,1
legitimate,1
overstated,1
busy,1
announced,1
scored,1
measures,1
branches,1
spurred,1
utility,1
expect,1
sympathetic,1
articulating,1
reflection,1
soundbyte,1
partially,1
rethink,1
agency,1
properly,1
tend,1
advised,1
ihr,1
asserted,1
true,1
english,1
managing,1
cynical,1
approaches,1
easily,1
propagandists,1
steve,1
candidate,1
park,1
notwithstanding,1
overlook,1
style,1
leftward,1
justified,1
fixed,1
equated,1
predictor,1
ian,1
allies,1
predicting,1
laid,1
habits,1
cleavage,1
assisted,1
husbands,1
something,1
seventh,1
operatives,1
edu,1
sankey,1
attuned,1
golden,1
amongst,1
footing,1
intentions,1
experience,1
pundits,1
predominantly,1
strategists,1
round,1
consistent,1
concocted,1
ooo,1
stressed,1
beneficial,1
hence,1
grapes,1
jackson,1
subscribed,1
posed,1
voices,1
pervasive,1
crd,1
exclusive,1
colourful,1
haranguing,1
ii,1
deterministic,1
fund,1
give,1
adopt,1
scammell,1
concentrated,1
feeling,1
address,1
hire,1
rapid,1
attempt,1
progression,1
generated,1
agenda,1
absurd,1
freely,1
capital,1
official,1
pendulum,1
seems,1
dispatched,1
historiography,1
words,1
confirmed,1
resemblance,1
immense,1
reach,1
prejudices,1
trickiest,1
available,1
copy,1
continue,1
cartoon,1
leading,1
accompanied,1
nuffield,1
convert,1
careers,1
westendia,1
tackling,1
potentially,1
narrative,1
assembled,1
shot,1
housewife,1
atlantic,1
wessex,1
hundred,1
reveal,1
concludes,1
launched,1
abjured,1
connection,1
take,1
debt,1
reproduction,1
deemed,1
analyst,1
efficiently,1
hands,1
failures,1
persistence,1
chancellor,1
tangible,1
date,1
miles,1
affair,1
platforms,1
ours,1
publicize,1
headings,1
committed,1
outstripped,1
intelligence,1
sheet,1
surveys,1
pointedly,1
seminar,1
similarities,1
nowhere,1
con,1
declared,1
pretext,1
advertises,1
forthcoming,1
abbreviated,1
plain,1
portugal,1
recorded,1
eastern,1
chronicled,1
unaware,1
money,1
draws,1
advice,1
sd,1
encouraging,1
u,1
conditioned,1
proxies,1
advisory,1
correspondents,1
discuss,1
tug,1
addresses,1
labours,1
distortion,1
backbenchers,1
backing,1
quantities,1
opened,1
prior,1
howard,1
compelling,1
condition,1
illustrate,1
whom,1
reaching,1
vaguely,1
hungry,1
october,1
insight,1
nutritionist,1
countered,1
alone,1
biographers,1
mastery,1
community,1
apart,1
doubtful,1
x,1
inflation,1
ioj,1
far,1
politician,1
desirable,1
liberals,1
anticipated,1
constrained,1
correlation,1
promises,1
himself,1
facto,1
interviews,1
minimum,1
external,1
consult,1
framework,1
optimism,1
complained,1
cstud,1
newness,1
thus,1
ice,1
review,1
collapse,1
disposed,1
explained,1
campbell,1
points,1
abca,1
adapting,1
overlooks,1
initially,1
realized,1
september,1
de,1
base,1
agreeing,1
regarded,1
decided,1
gendered,1
consumer,1
insisted,1
polling,1
realization,1
commencing,1
alison,1
sample,1
assured,1
caversham,1
execute,1
allegiances,1
privilege,1
yourself,1
organizer,1
kind,1
exercise,1
priority,1
progressive,1
turn,1
unity,1
distinct,1
elements,1
maintaining,1
adopted,1
blame,1
truism,1
reluctance,1
igfô,1
refer,1
eastendia,1
pride,1
back,1
subjects,1
disproportionately,1
contrary,1
response,1
disinterest,1
channels,1
houses,1
young,1
representing,1
clare,1
truly,1
centrist,1
spin,1
staffcitrine,1
outlook,1
y,1
obscure,1
look,1
details,1
settled,1
demonstrably,1
mandelson,1
cronin,1
nurtured,1
bypassed,1
compromise,1
jerusalem,1
unfortunate,1
continuity,1
coherence,1
grasp,1
purchasing,1
harbinger,1
higher,1
failed,1
orr,1
behave,1
assessed,1
steps,1
nbkr,1
sweeping,1
online,1
via,1
simultaneously,1
cuthbert,1
airwaves,1
alleged,1
recognized,1
fleet,1
thinktanks,1
bull,1
german,1
lemahieu,1
hopes,1
unravel,1
heroes,1
contravene,1
exact,1
links,1
alastair,1
l,1
principally,1
ways,1
main,1
soviet,1
developed,1
blames,1
stop,1
forced,1
basic,1
explicit,1
cinema,1
biggest,1
preparing,1
capture,1
presentation,1
derbyshire,1
process,1
lasting,1
pinpoint,1
active,1
arm,1
phrases,1
bankruptcy,1
granted,1
ayerton,1
associate,1
thing,1
humanity,1
huge,1
pages,1
thereof,1
nos,1
crusade,1
mobilize,1
lay,1
govern,1
feel,1
consequences,1
miscellaneous,1
centrepiece,1
enlisted,1
gathering,1
making,1
asa,1
eighteen,1
lives,1
perceptions,1
nor,1
circulated,1
female,1
wanted,1
supports,1
delegation,1
apoliticism,1
statistical,1
recriminations,1
impracticality,1
image,1
undoing,1
edition,1
threatening,1
margery,1
ideologies,1
air,1
michael,1
w,1
prevent,1
coventry,1
exploited,1
stewart,1
origins,1
dept,1
powerful,1
officer,1
rental,1
distrusting,1
substantiated,1
circulating,1
putting,1
surge,1
lengths,1
votes,1
melville,1
causing,1
care,1
weighed,1
denounced,1
uncommitted,1
strategy,1
aptitude,1
independents,1
undermines,1
appear,1
plausibly,1
methodology,1
dc,1
thrust,1
iconography,1
talking,1
explanatory,1
opening,1
advance,1
my,1
remembered,1
isabella,1
came,1
based,1
acceptable,1
loyally,1
pounds,1
introduce,1
allow,1
lewishams,1
publicists,1
societies,1
fortunes,1
medicine,1
opposing,1
entered,1
begun,1
mandate,1
called,1
typical,1
ambitions,1
treatments,1
livingston,1
luker,1
circa,1
disingenuous,1
atdee,1
sight,1
misimpression,1
employee,1
representative,1
affluence,1
unions,1
pure,1
unendorsed,1
skilfully,1
prompt,1
callaghan,1
prioritized,1
understood,1
equal,1
leftwing,1
wales,1
rent,1
aeroplanes,1
mediated,1
viewed,1
suffered,1
purchased,1
scale,1
vivid,1
placed,1
abrasive,1
gauleiter,1
counties,1
guarantee,1
approached,1
facilities,1
balanced,1
reluctantly,1
taught,1
stemmed,1
blake,1
package,1
wants,1
ofig,1
shape,1
having,1
participation,1
loudspeakers,1
distinctiveness,1
mobilization,1
byj,1
justly,1
revealed,1
deputation,1
minute,1
hung,1
qualifications,1
claim,1
imagined,1
curbed,1
prominent,1
heavily,1
characterization,1
pugh,1
artisania,1
attractively,1
hypocritical,1
clearer,1
comment,1
sydney,1
pasts,1
tenure,1
data,1
leftish,1
routinely,1
elizabeth,1
ten,1
reminded,1
surprise,1
roll,1
realm,1
describe,1
surrogate,1
illustrators,1
patriotism,1
positing,1
place,1
millions,1
printers,1
records,1
officers,1
unmistakable,1
anarchists,1
runs,1
friend,1
winter,1
call,1
weekly,1
deserved,1
overseas,1
tabloid,1
placate,1
alan,1
president,1
stead,1
interpreted,1
endorsement,1
enthusiastic,1
grassroots,1
trends,1
fulham,1
minds,1
weeks,1
approach,1
manipulation,1
annotated,1
blackcoatia,1
aided,1
tone,1
responses,1
unpopular,1
arise,1
correct,1
comparably,1
hard,1
voiced,1
crosssection,1
unexpected,1
panel,1
dictionary,1
next,1
sixty,1
melted,1
phrase,1
quite,1
desires,1
persuade,1
event,1
repeated,1
championship,1
involved,1
long,1
talents,1
tuned,1
ofigfâ,1
underscore,1
recognition,1
hustings,1
wider,1
members,1
objectively,1
adjust,1
presence,1
dramatic,1
massachusetts,1
essentially,1
boundaries,1
telling,1
tended,1
coast,1
budgets,1
credible,1
fully,1
managed,1
visible,1
progress,1
concurred,1
wife,1
resistance,1
using,1
games,1
gould,1
enormously,1
newly,1
visit,1
swings,1
inform,1
moved,1
discontents,1
sophistication,1
activities,1
behalf,1
readership,1
avoid,1
notion,1
subsequently,1
disapproved,1
barbara,1
portion,1
critical,1
atrophy,1
unofficial,1
noteworthy,1
units,1
sons,1
chromatic,1
proxy,1
critics,1
november,1
reduced,1
matter,1
contest,1
absence,1
zinoviev,1
contact,1
fortunately,1
letters,1
contingent,1
indicative,1
giving,1
lynn,1
divergence,1
constituents,1
brian,1
essex,1
comparative,1
socalled,1
limited,1
warwick,1
aired,1
return,1
appreciate,1
brief,1
merits,1
brings,1
flair,1
beware,1
dissuade,1
whatever,1
got,1
reporting,1
comments,1
manifest,1
standing,1
microphone,1
unprecedented,1
premises,1
modes,1
distribute,1
hester,1
reception,1
com,1
cartoonist,1
consulted,1
downplay,1
listed,1
meritorious,1
cheap,1
pacific,1
glossy,1
seldon,1
interpretation,1
zs,1
push,1
examined,1
marginal,1
veiled,1
ludlam,1
englishness,1
soon,1
subservient,1
fifth,1
quantify,1
inspiration,1
neither,1
thesis,1
recruited,1
underestimate,1
compiled,1
acting,1
planned,1
publishing,1
rightly,1
illuminated,1
softening,1
shifting,1
battered,1
incompetent,1
nw,1
locality,1
deliver,1
sales,1
reply,1
tanner,1
odhams,1
increasingly,1
contemptuous,1
operations,1
regional,1
inheritance,1
arranging,1
jiirore,1
useful,1
testimony,1
persuasive,1
tomorrow,1
abeyance,1
vicissitudes,1
unreliable,1
harrison,1
omission,1
candidacies,1
request,1
broadened,1
factory,1
neglect,1
again,1
renewed,1
ended,1
sour,1
lacked,1
subcommittee,1
sovereignty,1
cultivated,1
packed,1
shows,1
longer,1
twenty,1
diehard,1
unparalleled,1
unionism,1
conduct,1
professed,1
pressure,1
striking,1
reb,1
departments,1
courtship,1
neville,1
appeared,1
gestapo,1
dividends,1
abstract,1
unspent,1
children,1
larger,1
warning,1
hear,1
watch,1
wedded,1
personality,1
debates,1
surrogates,1
virulently,1
appropriately,1
condensed,1
fashion,1
succeeding,1
arguably,1
feedback,1
beliefs,1
bell,1
never,1
overstate,1
readers,1
accusations,1
cockett,1
postscripts,1
begin,1
model,1
innovative,1
thirties,1
unionists,1
equitable,1
accepted,1
projections,1
advisers,1
interviewees,1
foot,1
interview,1
material,1
captions,1
perceives,1
consultant,1
youth,1
metropolitan,1
books,1
socialization,1
compelled,1
sell,1
ink,1
ing,1
reconciled,1
harnessed,1
number,1
explicitly,1
free,1
chair,1
internationalization,1
obsession,1
spike,1
casting,1
polities,1
degree,1
doubled,1
mps,1
discourses,1
crown,1
entirety,1
private,1
finish,1
wilderness,1
coherent,1
intent,1
effectiveness,1
background,1
easier,1
sacrifices,1
upon,1
scheme,1
movietone,1
bear,1
values,1
critiqued,1
trajectory,1
region,1
exasperation,1
enormous,1
previously,1
wheatley,1
feeding,1
discrediting,1
borough,1
looking,1
attributed,1
wonder,1
listener,1
confidence,1
food,1
fractious,1
virtually,1
mooted,1
doubt,1
assume,1
variation,1
utmost,1
briggs,1
yorkshire,1
acquiesced,1
rare,1
hoc,1
real,1
individuals,1
envious,1
partisan,1
imagery,1
wace,1
dismissed,1
necessitated,1
continuities,1
described,1
passim,1
significance,1
margaret,1
authors,1
maurice,1
reputation,1
essay,1
maintenance,1
logic,1
counter,1
individual,1
christopher,1
afford,1
ny,1
labourcontrolled,1
cardiff,1
summer,1
premium,1
features,1
risen,1
played,1
shortly,1
accurate,1
elector,1
reins,1
last,1
fred,1
commandeering,1
elusive,1
adherfing,1
decide,1
educational,1
graphic,1
especially,1
somehow,1
promote,1
imaginative,1
introductory,1
allusion,1
awakening,1
editors,1
composite,1
interpretations,1
exactly,1
organizers,1
hi,1
mr,1
claiming,1
recommending,1
capitalism,1
looks,1
translate,1
begs,1
looked,1
northern,1
attracted,1
organiser,1
corners,1
institution,1
attend,1
governor,1
controversial,1
behind,1
concluded,1
deplored,1
attended,1
mss,1
separate,1
standard,1
staffed,1
things,1
accepting,1
stage,1
dinwiddle,1
discussing,1
extracted,1
penguin,1
bodleian,1
fascism,1
me,1
courting,1
raise,1
irregular,1
replied,1
stampeding,1
popularity,1
crucial,1
patriotic,1
erstwhile,1
deadlock,1
promotional,1
employment,1
populist,1
widespread,1
lobbying,1
mood,1
subsidy,1
inviting,1
sensitive,1
reason,1
balfour,1
concluding,1
dispatch,1
brainstorming,1
outline,1
faces,1
visual,1
wisdoms,1
legitimacy,1
supine,1
stunts,1
why,1
satisfaction,1
sevenfold,1
expectations,1
construction,1
cease,1
soapbox,1
achieve,1
respect,1
irom,1
supporting,1
centres,1
night,1
get,1
face,1
articles,1
muzzling,1
commenting,1
widest,1
influencing,1
seat,1
photographs,1
thinly,1
definitive,1
addressed,1
detail,1
family,1
undertook,1
publicly,1
share,1
duncan,1
wars,1
fifteen,1
bullying,1
elected,1
historian,1
practice,1
ahead,1
affluent,1
broke,1
pithy,1
comes,1
galder,1
mentioned,1
changing,1
hang,1
apprehension,1
chamberlain,1
instructed,1
damaging,1
reinforced,1
continues,1
bustled,1
subsidized,1
masses,1
alludes,1
ralph,1
doi,1
funding,1
offers,1
here,1
tony,1
cherub,1
clement,1
column,1
dictatorial,1
peel,1
bright,1
drafting,1
know,1
outcome,1
natural,1
prophylactic,1
ave,1
principle,1
tendencies,1
owing,1
scares,1
monthly,1
glapham,1
intensive,1
producerist,1
proponents,1
concession,1
specialized,1
different,1
confident,1
pasadena,1
seem,1
board,1
albeit,1
referees,1
best,1
recalled,1
prominence,1
wreak,1
consultative,1
argue,1
half,1
regard,1
speech,1
iii,1
job,1
deem,1
fanatical,1
journals,1
guy,1
asserting,1
associations,1
examining,1
going,1
producers,1
curtailment,1
iv,1
assessment,1
suburbia,1
forecasts,1
insistent,1
cautions,1
william,1
didn,1
harbingers,1
virtual,1
purchase,1
explanations,1
automatically,1
investigation,1
conservatism,1
month,1
circles,1
unique,1
invariably,1
form,1
complement,1
totalled,1
degradation,1
cause,1
era,1
rebelled,1
cult,1
radicalization,1
ceased,1
dugdale,1
distribution,1
loved,1
consisting,1
appropriated,1
interpreting,1
autobiography,1
vehicle,1
expositions,1
complain,1
expressly,1
project,1
advise,1
generally,1
don,1
missed,1
contain,1
travel,1
anxieties,1
deflation,1
welcome,1
translated,1
swamped,1
broadcasters,1
wrangling,1
boston,1
reaped,1
apparatus,1
son,1
circumstances,1
gockett,1
multiple,1
attached,1
uniform,1
decisive,1
resentful,1
ggo,1
publishers,1
convinced,1
concessions,1
predecessors,1
die,1
techniques,1
wandsworth,1
administration,1
controls,1
went,1
exceeded,1
sdin,1
culpably,1
demanding,1
pollsters,1
appointed,1
memories,1
stunt,1
nous,1
writing,1
deregulation,1
accorded,1
nonstop,1
diaries,1
ina,1
charlie,1
producer,1
until,1
breaks,1
spirited,1
differentiation,1
difference,1
reaction,1
interested,1
justifiably,1
deftly,1
bolshevism,1
contract,1
abc,1
miliband,1
write,1
washington,1
imperative,1
harm,1
wish,1
briefings,1
consumers,1
grown,1
dense,1
consumption,1
socially,1
quad,1
opinions,1
ee,1
piece,1
colleagues,1
discounted,1
caption,1
oversaw,1
pluralistic,1
increased,1
doubtless,1
mobilized,1
vi,1
thousand,1
specific,1
chaffed,1
potential,1
governments,1
thatcher,1
invited,1
harlow,1
russia,1
rejection,1
scholarship,1
headed,1
sectors,1
cheaper,1
sharing,1
gs,1
create,1
uncertainty,1
substantial,1
ownership,1
entire,1
overtake,1
abram,1
traditional,1
winston,1
immediately,1
strong,1
taylor,1
recent,1
rosenbaum,1
unexpectedly,1
indistinguishable,1
successive,1
col,1
doing,1
resources,1
pillars,1
wra,1
conception,1
major,1
discern,1
increase,1
