WORDCOUNTS,WEIGHT
the,753
of,385
and,283
to,200
in,198
joseph,195
s,164
nez,150
a,141
perce,140
indian,132
for,106
his,95
this,84
chief,73
on,72
was,71
from,63
by,55
at,54
american,52
my,50
that,46
tribe,45
i,42
territory,42
war,41
with,40
university,36
washington,34
me,33
government,31
as,31
colville,30
their,30
article,29
it,27
reservation,27
helped,26
seattle,26
an,25
paper,25
policy,24
exile,24
indians,24
rights,23
new,23
general,23
national,23
were,22
press,22
no,21
important,21
northwest,21
he,21
years,21
how,20
cl,20
comm,20
idaho,20
ind,20
meany,20
is,20
wallowa,19
affairs,19
people,18
treaty,17
states,17
e,16
other,16
primary,16
understand,16
native,16
life,16
tribes,16
miles,15
papers,15
oklahoma,15
legal,15
united,15
commissioner,15
archives,14
century,14
provided,14
return,14
v,14
including,14
would,14
after,14
valley,14
october,13
document,13
sherman,13
source,13
docket,13
reform,13
be,13
history,12
sources,12
howard,12
york,12
had,12
officials,12
report,12
information,12
c,12
agency,11
before,11
spokesman,11
case,11
interior,11
nelson,11
though,11
edmond,11
june,11
pearson,11
movement,11
about,11
these,11
book,11
understanding,11
microfilm,11
band,11
submitted,11
bureau,11
not,11
d,11
surrender,11
actions,11
norman,11
military,10
u,10
pacific,10
w,10
representatives,10
used,10
during,10
records,10
leader,10
time,10
fight,10
charles,10
historical,10
later,9
commissioners,9
yellow,9
impact,9
work,9
claim,9
department,9
many,9
bear,9
perces,9
him,9
collections,9
o,8
first,8
robert,8
speech,8
may,8
folder,8
act,8
demands,8
events,8
viewed,8
january,8
its,8
box,8
letters,8
july,8
j,8
but,8
two,8
efforts,8
accession,8
august,8
visit,8
analysis,8
claims,8
oliver,8
through,8
diane,7
one,7
h,7
ponca,7
chiefs,7
central,7
review,7
special,7
old,7
view,7
census,7
public,7
personal,7
redthunder,7
research,7
samvitjain,7
standing,7
reports,7
williams,7
useful,7
also,7
wood,7
which,7
provides,7
leaders,7
november,7
lands,7
land,7
compensation,7
major,7
quapaw,6
diplomatic,6
wolf,6
file,6
court,6
context,6
dr,6
march,6
white,6
most,6
speeches,6
brought,6
homeland,6
description,6
highly,6
when,6
correspondence,6
led,6
april,6
allen,6
published,6
toward,6
documents,6
publication,6
times,6
like,6
men,6
adjutant,6
country,6
december,6
board,6
william,6
them,6
campaign,6
between,6
north,6
now,5
wa,5
studied,5
owhi,5
last,5
system,5
hall,5
account,5
marked,5
demanded,5
collection,5
jr,5
repatriation,5
cases,5
young,5
details,5
support,5
m,5
advocated,5
further,5
furthermore,5
part,5
discusses,5
civil,5
year,5
newspaper,5
president,5
both,5
own,5
describes,5
lincoln,5
critical,5
harry,5
religious,5
contains,5
only,5
law,5
death,5
removal,5
free,5
ibid,5
discussion,5
father,5
conditions,5
congress,5
office,5
described,5
three,5
tribal,5
quarterly,5
justice,5
continued,5
who,5
army,5
articles,5
contained,5
quoted,5
beginning,5
cause,5
telegram,5
presented,5
twentieth,5
library,4
federal,4
into,4
t,4
jackson,4
address,4
secretary,4
all,4
nature,4
secondary,4
great,4
americans,4
stand,4
rg,4
citizenship,4
recommendations,4
thus,4
throughout,4
relocation,4
september,4
relations,4
insisted,4
turn,4
clark,4
columbia,4
wounded,4
activists,4
importance,4
congressional,4
changes,4
days,4
mcwhorter,4
called,4
however,4
caxton,4
overview,4
annual,4
various,4
included,4
printers,4
more,4
cadwell,4
hear,4
john,4
where,4
interview,4
demonstrated,4
pinkham,4
disease,4
made,4
regain,4
francis,4
significance,4
story,4
brown,4
today,4
inspired,4
aboriginal,4
fought,4
set,4
are,4
number,4
better,4
id,4
covers,4
while,4
fourteen,4
peace,4
became,4
maintained,4
haines,4
ruby,4
final,3
knee,3
clippings,3
treaties,3
faced,3
tribesmen,3
college,3
group,3
western,3
townsend,3
implications,3
erskine,3
company,3
broken,3
reasons,3
written,3
political,3
within,3
rolls,3
has,3
recommended,3
move,3
west,3
conflict,3
against,3
helen,3
g,3
author,3
exiled,3
interest,3
montana,3
forced,3
perspective,3
dates,3
even,3
journal,3
grasp,3
promised,3
bull,3
main,3
section,3
northeastern,3
ceded,3
permanent,3
opinion,3
marshall,3
opening,3
plateau,3
arrival,3
could,3
begun,3
missouri,3
understood,3
deliberations,3
excellent,3
because,3
received,3
heart,3
loss,3
focuses,3
monetary,3
legacy,3
calling,3
several,3
climate,3
petitions,3
up,3
valuable,3
society,3
will,3
forever,3
action,3
technology,3
thesis,3
prisoners,3
home,3
culture,3
same,3
diary,3
members,3
stating,3
fact,3
shows,3
man,3
discussed,3
never,3
oregon,3
relevant,3
see,3
agencies,3
hurricane,3
missionary,3
use,3
questions,3
josephy,3
rare,3
alcatraz,3
high,3
facing,3
lucullus,3
mr,3
five,3
months,3
success,3
force,3
payment,3
frontier,3
legacies,3
gpo,3
geographic,3
appealing,3
jain,3
sick,3
bands,3
allotment,3
activism,3
problem,3
expressly,3
dawes,3
hayt,3
bowdoin,3
views,3
ownership,3
should,3
meeting,3
deeper,3
battlefield,2
done,2
groups,2
identity,2
dockets,2
affected,2
resulted,2
constitution,2
evans,2
they,2
achievements,2
live,2
position,2
committee,2
biographical,2
hayes,2
beurge,2
track,2
monograph,2
being,2
else,2
submit,2
caroline,2
sad,2
if,2
taken,2
refusal,2
principles,2
seneca,2
modoc,2
able,2
mag,2
launched,2
hunting,2
take,2
homelands,2
nevertheless,2
subsequent,2
exiles,2
henry,2
those,2
legend,2
tribune,2
issue,2
moulton,2
sought,2
america,2
prior,2
determined,2
open,2
sent,2
advocating,2
laws,2
promises,2
letter,2
evaluating,2
visits,2
million,2
explained,2
facts,2
such,2
professor,2
due,2
visited,2
walter,2
topic,2
candy,2
funds,2
decisions,2
ct,2
david,2
unwavering,2
extraordinary,2
guardian,2
left,2
libraries,2
died,2
communication,2
helping,2
leadership,2
delivered,2
influence,2
stanley,2
opposed,2
poor,2
dubaar,2
without,2
devastating,2
l,2
debated,2
basic,2
presentation,2
similar,2
returnees,2
means,2
brunswick,2
signed,2
proved,2
numbers,2
welfare,2
ulysses,2
four,2
filed,2
albuquerque,2
drought,2
requested,2
lifelong,2
expulsion,2
senators,2
vine,2
expressed,2
pledges,2
declined,2
found,2
p,2
paws,2
changed,2
her,2
fishing,2
celebrated,2
hare,2
record,2
dateline,2
influenced,2
briefly,2
preparations,2
well,2
digital,2
future,2
revealed,2
reserve,2
issues,2
statistics,2
documented,2
weekly,2
memoirs,2
encounters,2
social,2
sense,2
tom,2
stage,2
settlement,2
involved,2
depression,2
invaluable,2
petition,2
boundaries,2
division,2
descendants,2
resistance,2
moved,2
settlers,2
battle,2
investigating,2
nation,2
advocate,2
limited,2
sheridan,2
boy,2
guide,2
retreat,2
message,2
under,2
or,2
mlitt,2
appeals,2
wisconsin,2
insights,2
doherty,2
testimony,2
volume,2
paul,2
stated,2
neglect,2
addition,2
smith,2
toll,2
alvin,2
deffenbaugh,2
palouse,2
children,2
larger,2
associates,2
granting,2
thomason,2
junior,2
beliefs,2
hand,2
present,2
covered,2
council,2
spring,2
deep,2
perhaps,2
samvit,2
another,2
original,2
chieftain,2
warrior,2
significant,2
ideas,2
continue,2
dismissed,2
clear,2
diplomacy,2
agreement,2
health,2
diplomats,2
individual,2
homes,2
mexico,2
spent,2
why,2
detained,2
newspapers,2
viewpoint,2
can,2
james,2
analyze,2
deloria,2
haven,2
exiling,2
hunt,2
confederated,2
manner,2
dealing,2
christian,2
she,2
movements,2
trespass,2
crucial,2
chance,2
been,2
foreign,2
consent,2
sec,2
primarily,2
detailed,2
yale,2
began,2
returned,2
reservations,2
settled,2
citizens,2
detail,2
kopet,2
following,2
changing,2
agents,2
extensive,2
continues,2
allard,2
symbol,2
offers,2
berkeley,2
over,2
commission,2
did,2
appendix,2
half,2
post,2
foundation,2
audience,2
mismanagement,2
suffering,2
recollections,2
notable,2
commander,2
malaria,2
freedom,2
photocopy,2
boldly,2
despite,2
beloved,2
generals,2
policymakers,2
divided,2
think,2
ultimately,2
until,2
survival,2
redmond,2
numerous,2
grant,2
documentation,2
ended,2
contributed,2
instead,2
define,2
substantiated,2
effects,2
headman,2
supported,2
petitioned,2
archival,2
traditional,2
among,2
grace,2
spokane,2
werner,2
courts,1
demographic,1
struggle,1
personally,1
implemented,1
protests,1
obey,1
unlawful,1
meaning,1
names,1
career,1
extreme,1
genuineness,1
expedition,1
heights,1
beai,1
intriguing,1
dissolution,1
outlaws,1
alone,1
widow,1
nisqually,1
mountains,1
spurred,1
unbiased,1
telegraphy,1
connecticut,1
passing,1
just,1
ultimatum,1
becoming,1
valerie,1
large,1
complex,1
miners,1
paragraph,1
drastically,1
fate,1
essays,1
formed,1
stickney,1
true,1
liabilities,1
spokesmanreview,1
situation,1
rejoicing,1
bias,1
additionally,1
studies,1
checking,1
compilation,1
modern,1
park,1
satisfied,1
monolithic,1
swagerty,1
former,1
immediate,1
harsh,1
occurred,1
nineteenth,1
edu,1
lib,1
eager,1
properties,1
women,1
negative,1
highlight,1
quinine,1
joe,1
lower,1
uprising,1
member,1
concepts,1
inc,1
barriers,1
ethnologist,1
every,1
tribute,1
nonexistent,1
enthralled,1
originally,1
give,1
restoration,1
concentrated,1
rapid,1
location,1
opted,1
terrain,1
sunday,1
forcibly,1
worked,1
dreams,1
official,1
prestigious,1
xxxiv,1
words,1
memorial,1
reach,1
available,1
twenty,1
advantage,1
together,1
accompanied,1
desire,1
momentum,1
differences,1
farmers,1
analyses,1
rich,1
narrative,1
transferred,1
religion,1
listing,1
efficiently,1
there,1
achieved,1
failures,1
persistence,1
mind,1
interviewed,1
date,1
raised,1
alike,1
reading,1
engrafted,1
reneged,1
voting,1
side,1
baird,1
sophisticated,1
recorded,1
guidelines,1
acleader,1
pub,1
agriculture,1
retain,1
struggling,1
chapter,1
opened,1
some,1
possible,1
lifetime,1
baily,1
condition,1
mick,1
reaction,1
bibliography,1
moscow,1
magazine,1
apart,1
taking,1
point,1
mallickan,1
recalcitrant,1
intelligent,1
owners,1
cited,1
mathes,1
prevented,1
urging,1
damages,1
cursory,1
pursuing,1
winning,1
learned,1
complained,1
regarding,1
penalty,1
icons,1
retaining,1
chapters,1
upheld,1
amendment,1
halted,1
torturous,1
actual,1
relationships,1
historically,1
accuracy,1
raided,1
quality,1
inevitable,1
since,1
arrested,1
precipitating,1
erza,1
sacramento,1
scarce,1
cooperate,1
grandnephew,1
campaigned,1
expeditions,1
moment,1
decided,1
relinquished,1
issued,1
highlighting,1
conducted,1
co,1
realization,1
employing,1
extensively,1
mclaughlin,1
advances,1
unity,1
detention,1
unspecified,1
legally,1
lstsess,1
back,1
approval,1
highest,1
serving,1
six,1
compared,1
third,1
truly,1
publications,1
overarching,1
researching,1
quell,1
landmark,1
blunder,1
look,1
spite,1
reunited,1
citizen,1
sun,1
traditions,1
denominations,1
implementation,1
scholarly,1
poorly,1
battles,1
longing,1
failed,1
site,1
online,1
fort,1
finalized,1
recognized,1
reflects,1
journeyed,1
operations,1
strained,1
essence,1
stop,1
sort,1
influential,1
uw,1
levels,1
preparing,1
myself,1
abrogation,1
analyzes,1
comply,1
granted,1
mile,1
eight,1
legendary,1
b,1
talk,1
leave,1
balanced,1
parts,1
signatures,1
finalize,1
distant,1
summarized,1
consequences,1
ordeal,1
accounts,1
send,1
insistence,1
applied,1
etymological,1
wanted,1
tensions,1
organization,1
river,1
statistical,1
established,1
severity,1
sherer,1
organized,1
dated,1
branch,1
teaches,1
clearly,1
driven,1
proposed,1
spirit,1
bruce,1
articulated,1
fisk,1
argued,1
cliff,1
outspoken,1
show,1
operate,1
commented,1
origins,1
continual,1
follow,1
prospering,1
imprisonment,1
appropriations,1
answers,1
injustice,1
shifted,1
painstakingly,1
suggested,1
providing,1
vit,1
stands,1
nebraska,1
chester,1
whereas,1
moving,1
result,1
based,1
whom,1
pursuits,1
http,1
carrying,1
joy,1
severalty,1
seven,1
lived,1
deal,1
detracted,1
radical,1
accommodations,1
dislocation,1
captured,1
suzallo,1
evaluate,1
academic,1
gidley,1
rebellious,1
exceptional,1
occupation,1
informed,1
cultural,1
let,1
halls,1
warriors,1
aspects,1
activist,1
careless,1
treat,1
teacher,1
modocs,1
population,1
dispersal,1
meet,1
sovereignty,1
scale,1
steele,1
your,1
merrill,1
guarantee,1
conferences,1
noticed,1
settlethe,1
near,1
directly,1
transcription,1
undermined,1
failure,1
shape,1
rations,1
retribution,1
suspended,1
none,1
unequal,1
learn,1
line,1
congressmen,1
anecdotes,1
scope,1
stiff,1
r,1
concept,1
prominent,1
example,1
knowledge,1
related,1
ten,1
fit,1
database,1
policies,1
travel,1
inherited,1
broad,1
inspire,1
destination,1
oaks,1
prisoner,1
tumultuous,1
away,1
surrounding,1
employed,1
showing,1
annotated,1
nephew,1
arkansas,1
aided,1
good,1
change,1
tone,1
responses,1
caused,1
describing,1
voiced,1
cold,1
protest,1
guideline,1
order,1
theater,1
okanogan,1
event,1
veteran,1
family,1
small,1
omaha,1
eleven,1
concerns,1
cong,1
acts,1
impressions,1
peak,1
distinguished,1
differing,1
maine,1
incurred,1
occasions,1
inability,1
progress,1
proper,1
notes,1
crime,1
capturing,1
avoid,1
contacted,1
input,1
nations,1
appeal,1
portion,1
unscrupulous,1
timeless,1
second,1
arrangement,1
ironies,1
reduced,1
absence,1
bringing,1
mooney,1
short,1
expansion,1
resisted,1
appreciate,1
brief,1
forward,1
merits,1
prove,1
reconstruction,1
surviving,1
interactions,1
experiences,1
unprecedented,1
aipnw,1
eighty,1
backed,1
reception,1
agonized,1
fighting,1
frank,1
sweeping,1
competition,1
edited,1
yet,1
housing,1
violence,1
fair,1
meanwhile,1
trafzer,1
goaded,1
cleveland,1
inspiration,1
relinquish,1
index,1
denounced,1
imitate,1
earned,1
analytical,1
light,1
ed,1
outlined,1
literally,1
quotations,1
ambiguities,1
chose,1
outbreak,1
tribunal,1
salmon,1
lewis,1
name,1
successfully,1
westward,1
heritage,1
abrogated,1
again,1
others,1
knowing,1
ask,1
experienced,1
intending,1
release,1
dissertations,1
leading,1
phonograph,1
consideration,1
treatment,1
deterioration,1
pressure,1
proposal,1
lieutenant,1
trips,1
illegality,1
demonstrations,1
daily,1
retaliate,1
end,1
debates,1
arthur,1
mohonk,1
acclaim,1
arguably,1
override,1
serious,1
unceasingly,1
behind,1
took,1
forwarding,1
ground,1
remarkable,1
nontreaty,1
edison,1
attempting,1
discuss,1
execution,1
contracted,1
stirred,1
spoke,1
bid,1
microform,1
eds,1
books,1
vacillating,1
stunning,1
waged,1
encountered,1
fled,1
nimmiipuu,1
civilized,1
charted,1
autobiography,1
meetings,1
kansas,1
horizon,1
greatest,1
situated,1
knew,1
session,1
yellowstone,1
birth,1
treated,1
randall,1
disintegrate,1
lake,1
etch,1
desperate,1
sixth,1
holt,1
billy,1
expand,1
lecture,1
appalling,1
sold,1
persisted,1
have,1
virtually,1
causes,1
leavenworth,1
bitter,1
assign,1
trend,1
hour,1
trust,1
supplement,1
trip,1
full,1
ceremonies,1
encumbered,1
previous,1
california,1
initiatives,1
students,1
anthology,1
platform,1
ties,1
trade,1
xv,1
accessed,1
josiah,1
comprehensive,1
peripheral,1
language,1
points,1
supportive,1
controversies,1
pride,1
allowed,1
period,1
so,1
fellow,1
serves,1
lobbied,1
course,1
accurate,1
lose,1
nimiipuu,1
latter,1
wasn,1
secretaries,1
especially,1
state,1
promote,1
eloquent,1
become,1
presbyterians,1
assessing,1
effect,1
seeking,1
scrapbookll,1
recommending,1
unpunished,1
conscience,1
northern,1
attracted,1
assesses,1
figures,1
we,1
reforms,1
conveyed,1
councils,1
fee,1
reckless,1
subjugated,1
attended,1
decision,1
scrapbook,1
culmination,1
accepting,1
dawn,1
negotiations,1
assigned,1
relationship,1
violation,1
perspectives,1
spelling,1
clinton,1
kiowas,1
figure,1
battled,1
continuing,1
practical,1
bound,1
deaths,1
microfilmed,1
commended,1
pleading,1
effectively,1
lives,1
legitimacy,1
anxious,1
covering,1
html,1
worlds,1
owed,1
displaying,1
progressive,1
blood,1
fall,1
hope,1
sheds,1
education,1
pressures,1
considered,1
rightful,1
dissertation,1
school,1
border,1
suggestions,1
wars,1
heavy,1
rarely,1
eventually,1
any,1
ordered,1
blocked,1
firsthand,1
demographics,1
accordance,1
incorporated,1
must,1
ever,1
suzzallo,1
forwarded,1
extension,1
delegates,1
known,1
friends,1
physical,1
quotes,1
rocky,1
photocopies,1
malarial,1
alternative,1
bright,1
natural,1
removed,1
refused,1
principle,1
hampton,1
clifford,1
endurance,1
chapman,1
cultures,1
different,1
east,1
best,1
unknown,1
down,1
regard,1
dennis,1
losses,1
boasted,1
twelfth,1
very,1
uphold,1
associated,1
pictures,1
sierra,1
passage,1
recorder,1
masters,1
pending,1
person,1
phd,1
utley,1
growing,1
ladies,1
according,1
day,1
what,1
proceedings,1
unique,1
rose,1
terms,1
meticulous,1
professors,1
list,1
making,1
degree,1
rebellion,1
want,1
comanches,1
counseled,1
interpreter,1
leaving,1
always,1
pursued,1
abruptly,1
secure,1
peres,1
awarded,1
voice,1
chaotic,1
wrongs,1
contain,1
periodicals,1
prairies,1
translated,1
league,1
portraits,1
remember,1
son,1
circumstances,1
careful,1
multiple,1
ruled,1
conclude,1
garfield,1
surrendered,1
content,1
role,1
plans,1
congenial,1
went,1
confronted,1
testified,1
lesson,1
arguments,1
citations,1
appointed,1
teachings,1
breakthrough,1
gain,1
tions,1
our,1
prepared,1
northleader,1
tempers,1
promoted,1
youth,1
unable,1
entity,1
fourteenth,1
accept,1
crisis,1
parallels,1
consolidated,1
thoughtful,1
you,1
off,1
unauthorized,1
haphazard,1
association,1
worried,1
respective,1
am,1
offered,1
specific,1
mounting,1
occurring,1
nativity,1
succeeded,1
era,1
element,1
northwestern,1
documentary,1
behalf,1
abandoned,1
focus,1
much,1
immediately,1
strong,1
recent,1
built,1
showed,1
race,1
close,1
household,1
arizona,1
gold,1
interlocutory,1
