WORDCOUNTS,WEIGHT
the,310
and,216
of,190
to,129
a,127
in,109
history,99
for,61
as,56
wiki,47
students,44
s,42
learning,40
teachers,40
is,38
that,37
from,37
standards,34
by,31
at,30
new,29
on,29
we,28
are,28
an,24
with,24
information,24
technology,23
framework,22
our,21
online,20
world,19
teaching,19
not,19
resources,18
teacher,18
massachusetts,18
about,18
women,17
http,17
school,17
they,16
how,16
pages,16
war,16
education,16
wikispace,16
resourcesforhistoryteachers,15
curriculum,15
use,15
decision,15
historical,15
american,14
u,14
public,14
or,14
but,14
other,14
what,14
be,14
links,13
university,13
social,13
site,12
w,12
multicultural,12
materials,12
each,12
such,11
their,11
using,11
frameworks,11
were,11
images,11
page,10
state,10
york,10
essential,10
example,10
content,10
first,9
www,9
every,9
maloy,9
robert,9
within,9
multimedia,9
americans,9
wikis,9
year,9
this,9
will,9
only,9
wikipedia,9
time,9
high,9
text,9
past,9
national,9
states,9
focus,9
groups,8
college,8
schools,8
sources,8
hilary,8
has,8
laws,8
k,8
sharon,8
michelle,8
poirier,8
gov,8
more,8
smith,8
standard,8
topics,8
can,8
figure,8
who,8
written,8
pictures,8
interactive,8
making,8
when,8
edwards,8
african,8
com,8
web,8
it,7
test,7
link,7
reading,7
america,7
crow,7
jim,7
people,7
including,7
questions,7
covering,7
material,7
understandings,7
center,6
one,6
there,6
his,6
was,6
uncovering,6
well,6
its,6
class,6
next,6
lincoln,6
study,6
technologies,6
authors,6
educational,6
topic,6
teach,6
science,6
grade,6
united,6
must,6
websites,6
press,6
have,6
include,6
ways,5
into,5
moving,5
edu,5
government,5
primary,5
some,5
throughout,5
candidates,5
than,5
discovering,5
important,5
had,5
histories,5
project,5
own,5
experiences,5
read,5
these,5
many,5
made,5
textbooks,5
story,5
student,5
brown,5
today,5
then,5
abraham,5
while,5
offer,5
need,5
given,5
should,5
created,4
library,4
source,4
ii,4
all,4
available,4
court,4
whites,4
includes,4
domain,4
hyperlinks,4
media,4
rosie,4
most,4
based,4
access,4
late,4
academic,4
uncover,4
civil,4
supreme,4
creating,4
commons,4
still,4
index,4
useful,4
also,4
stories,4
v,4
website,4
ideas,4
workers,4
would,4
so,4
become,4
five,4
institutions,4
html,4
often,4
photographs,4
cover,4
over,4
paper,4
virtual,4
them,4
happens,4
washington,4
course,4
summary,4
specific,4
roles,4
tion,3
connect,3
group,3
studies,3
before,3
highlight,3
historians,3
words,3
book,3
secondary,3
i,3
feature,3
those,3
case,3
internet,3
collection,3
since,3
constantly,3
century,3
ferguson,3
old,3
times,3
even,3
educators,3
may,3
no,3
preparing,3
guides,3
adolescents,3
dwight,3
invite,3
faced,3
tory,3
umass,3
demands,3
podcasts,3
cannot,3
placed,3
your,3
required,3
eisenhower,3
sites,3
work,3
tool,3
r,3
part,3
emancipation,3
president,3
wikispaces,3
family,3
rights,3
plessy,3
reconstruction,3
make,3
educause,3
initially,3
decisions,3
edited,3
opportunities,3
us,3
two,3
carolyn,3
added,3
documents,3
debates,3
patterns,3
readers,3
present,3
geography,3
flickr,3
books,3
discussion,3
top,3
adding,3
after,3
black,3
scholastic,3
presidential,3
james,3
learn,3
posted,3
perspectives,3
provide,3
program,3
begin,3
began,3
literacy,3
biography,3
set,3
different,3
marvin,3
video,3
middle,3
both,3
multiple,3
faculty,3
question,3
electronic,3
ascilite,3
ca,3
loewen,3
major,3
miller,2
difficult,2
archives,2
now,2
stu,2
way,2
if,2
informa,2
discover,2
ma,2
wikimedia,2
park,2
policy,2
habits,2
viewpoints,2
lib,2
princeton,2
proclamation,2
blogs,2
might,2
address,2
rapid,2
encyclopedic,2
emerged,2
j,2
featuring,2
improving,2
political,2
headings,2
digital,2
issue,2
key,2
right,2
design,2
utexas,2
howard,2
determined,2
establishing,2
say,2
engage,2
goal,2
icons,2
audio,2
forgotten,2
decided,2
affairs,2
cases,2
nor,2
items,2
freed,2
restrict,2
six,2
libraries,2
vanish,2
communication,2
ers,2
whose,2
license,2
rather,2
absent,2
soviet,2
levels,2
process,2
active,2
ex,2
similar,2
white,2
space,2
moreover,2
support,2
lives,2
presidents,2
plus,2
civilizations,2
consider,2
river,2
proved,2
section,2
listed,2
four,2
resource,2
additional,2
powerful,2
beyond,2
followed,2
photos,2
providing,2
paragraph,2
union,2
could,2
color,2
combinations,2
lived,2
out,2
economics,2
austin,2
pass,2
struggles,2
embedded,2
procedures,2
conferences,2
taught,2
simulations,2
creates,2
memory,2
biographies,2
future,2
mandatory,2
mom,2
vote,2
knowledge,2
related,2
carrie,2
got,2
during,2
policies,2
issues,2
icon,2
forces,2
hidden,2
sense,2
suggest,2
org,2
research,2
choosing,2
texas,2
workforce,2
classrooms,2
am,2
society,2
periods,2
transform,2
business,2
economic,2
short,2
intended,2
nearly,2
allen,2
july,2
movement,2
once,2
untold,2
under,2
ancient,2
earned,2
home,2
same,2
choices,2
already,2
department,2
chose,2
power,2
ask,2
scholars,2
creative,2
children,2
enable,2
really,2
classical,2
diverse,2
omitted,2
everything,2
pattern,2
where,2
less,2
native,2
number,2
understanding,2
slaves,2
congress,2
office,2
reality,2
language,2
soldiers,2
dents,2
revised,2
augar,2
instruction,2
article,2
editors,2
structure,2
electric,2
copyright,2
dealing,2
telephone,2
amherst,2
maps,2
army,2
visual,2
zinn,2
face,2
environment,2
any,2
thinking,2
historian,2
lessons,2
changing,2
constructed,2
here,2
know,2
suggestions,2
board,2
did,2
better,2
beginning,2
supports,2
textbook,2
oyez,2
studying,2
produce,2
virginia,2
conference,2
through,2
relates,2
resourcesforhistory,2
until,2
d,2
you,2
share,2
deciding,2
ics,2
create,2
texts,2
building,2
doing,2
portrait,2
democracy,1
does,1
abolition,1
currently,1
linuxinsider,1
zero,1
ushistoryimages,1
o,1
done,1
homefront,1
millennial,1
danai,1
anthony,1
later,1
indicated,1
meaning,1
emese,1
names,1
tyranny,1
personnel,1
extend,1
revolutionary,1
determine,1
e,1
diane,1
rwm,1
jungle,1
differentiating,1
connecticut,1
crossing,1
per,1
germany,1
village,1
told,1
erlbaum,1
elementary,1
factories,1
downplayed,1
live,1
troublemaker,1
sets,1
summaries,1
nps,1
h,1
additionally,1
easily,1
boulder,1
foreshadows,1
realities,1
unnatural,1
oppressive,1
western,1
fixed,1
afghanistan,1
potentials,1
necessarily,1
knox,1
biographical,1
nineteenth,1
harman,1
chief,1
practices,1
turning,1
themes,1
collaborative,1
being,1
either,1
australia,1
wrong,1
submit,1
tebellum,1
exclusive,1
reappear,1
researched,1
corwin,1
accustomed,1
military,1
rideout,1
attempt,1
kon,1
worked,1
freely,1
england,1
asia,1
riculum,1
gary,1
factbook,1
linuxlnsider,1
menlo,1
explores,1
vandewater,1
great,1
ben,1
rich,1
achievement,1
able,1
aloud,1
thurgood,1
picturing,1
products,1
help,1
integrate,1
roosevelt,1
improved,1
kindergarten,1
mind,1
emphasized,1
respond,1
henry,1
tv,1
china,1
revise,1
credibility,1
daniel,1
worldwide,1
british,1
con,1
governmental,1
collaborate,1
recorded,1
subheadings,1
amine,1
king,1
money,1
matthew,1
nology,1
incorporate,1
draw,1
discuss,1
addresses,1
multimodal,1
changed,1
jumping,1
welcome,1
possible,1
condition,1
shared,1
election,1
felvegi,1
fine,1
edit,1
apart,1
invited,1
carie,1
motoko,1
himself,1
rephrasing,1
recreated,1
webmaster,1
reconstruc,1
zhou,1
visuals,1
shortchanged,1
andrew,1
amendment,1
wanlei,1
review,1
fun,1
enslave,1
histori,1
nash,1
kids,1
movie,1
lw,1
component,1
development,1
backgrounds,1
objective,1
visited,1
assumes,1
de,1
g,1
author,1
police,1
contributors,1
viewing,1
adopted,1
relinquished,1
wartella,1
jr,1
sinclair,1
sample,1
expected,1
pdf,1
comprised,1
dis,1
moment,1
elements,1
librarydetailpage,1
legally,1
perspective,1
document,1
body,1
response,1
slave,1
wikl,1
inclusion,1
allowing,1
arranged,1
third,1
estimate,1
find,1
hybrid,1
explore,1
takers,1
journal,1
tapscott,1
sputnik,1
rigors,1
leadership,1
invites,1
cntiques,1
focused,1
opposed,1
oxford,1
fort,1
profoundly,1
reframing,1
philadelphia,1
recognized,1
infringing,1
without,1
statements,1
districts,1
slavery,1
main,1
developed,1
angeles,1
debated,1
diers,1
homepage,1
meanwhile,1
environments,1
goes,1
opportunity,1
b,1
talk,1
certain,1
connec,1
leave,1
direct,1
ongoing,1
scribed,1
earl,1
confederate,1
congressional,1
consequences,1
addressing,1
involvement,1
paragraphs,1
maintaining,1
stantopolu,1
immigrant,1
totalitarianism,1
maiden,1
flexibility,1
organization,1
established,1
organized,1
evolved,1
emergence,1
lowell,1
teaches,1
warren,1
just,1
former,1
impact,1
receiving,1
invariably,1
house,1
northeastern,1
profile,1
verizon,1
tuskegee,1
initiative,1
americanart,1
commented,1
textile,1
origins,1
readings,1
gandhi,1
defeat,1
cost,1
evolves,1
requires,1
hyperlink,1
schooling,1
willing,1
answers,1
forhistoryteachers,1
mussolini,1
founding,1
care,1
m,1
strategy,1
dren,1
ian,1
view,1
amazing,1
chester,1
doers,1
my,1
dot,1
sooner,1
location,1
included,1
allow,1
shanan,1
declined,1
appearance,1
found,1
called,1
solved,1
seven,1
patrick,1
users,1
international,1
radical,1
requirements,1
zone,1
realize,1
emerge,1
initial,1
restating,1
featured,1
inter,1
unions,1
outset,1
furthermore,1
understood,1
though,1
whichever,1
effective,1
reviews,1
dynasty,1
tools,1
viewed,1
sentence,1
excellent,1
scale,1
troops,1
explain,1
facilities,1
airmen,1
impression,1
briefly,1
because,1
kathryn,1
directly,1
storage,1
participation,1
aboutscholastic,1
click,1
used,1
planning,1
scope,1
industrial,1
mem,1
unappealing,1
start,1
instituted,1
nine,1
baker,1
significantly,1
competing,1
windham,1
resurface,1
elizabeth,1
northern,1
overview,1
gies,1
q,1
island,1
discussions,1
broad,1
densely,1
oaks,1
statistics,1
williams,1
winter,1
call,1
advertising,1
personal,1
webspaces,1
stalin,1
sions,1
includ,1
visions,1
ucla,1
t,1
boston,1
resourcestorhistoryteachers,1
someone,1
computer,1
los,1
presented,1
sharper,1
field,1
cold,1
ambassador,1
revolution,1
television,1
contrast,1
pictur,1
phrase,1
settlement,1
procs,1
around,1
encompasses,1
smithsonian,1
highly,1
components,1
comfort,1
presence,1
codes,1
cur,1
boundaries,1
unreliability,1
telling,1
tended,1
copying,1
foremost,1
core,1
fully,1
generally,1
up,1
scott,1
kamienski,1
clearinghouse,1
infantry,1
pa,1
ellen,1
notes,1
econom,1
provided,1
mcbeath,1
avoid,1
input,1
courses,1
south,1
integrating,1
xiao,1
battle,1
girl,1
lenin,1
usable,1
led,1
he,1
likely,1
graduation,1
derstandings,1
summa,1
variety,1
various,1
visually,1
carried,1
identified,1
wrote,1
newest,1
expansion,1
limited,1
play,1
naacp,1
appreciate,1
prove,1
community,1
perth,1
expanded,1
callaway,1
sending,1
penguin,1
permeate,1
positive,1
loc,1
guide,1
communications,1
accumulate,1
alterna,1
gress,1
museum,1
reference,1
librivox,1
permission,1
recordings,1
makes,1
pp,1
happened,1
thought,1
soon,1
ning,1
fifth,1
classroom,1
marshall,1
wineburg,1
chris,1
sachusetts,1
raise,1
light,1
assistance,1
ed,1
colored,1
clips,1
si,1
insights,1
delaware,1
visitors,1
volunteers,1
noted,1
friend,1
rise,1
picture,1
volume,1
sam,1
au,1
street,1
members,1
organizations,1
museums,1
paul,1
law,1
request,1
scan,1
again,1
spend,1
whitehouse,1
projects,1
segregating,1
adherence,1
shows,1
longer,1
idea,1
unaccustomed,1
consideration,1
areas,1
pressure,1
trips,1
appeared,1
ought,1
reform,1
southerners,1
choice,1
poems,1
hear,1
end,1
camera,1
discussed,1
suffrage,1
beliefs,1
forms,1
dominion,1
jonas,1
manner,1
digitization,1
continuing,1
purposes,1
existing,1
relevant,1
see,1
council,1
forth,1
kaiser,1
waugh,1
practice,1
resourcesfor,1
agencies,1
focusing,1
yun,1
free,1
compete,1
mill,1
day,1
presentation,1
google,1
thoroughly,1
stance,1
timelines,1
local,1
meetings,1
kansas,1
classes,1
private,1
exploring,1
extended,1
encounter,1
averaged,1
dave,1
considering,1
knopf,1
amendments,1
easier,1
discovery,1
range,1
impeachment,1
hers,1
educ,1
writings,1
region,1
previously,1
increase,1
bullet,1
complexities,1
expand,1
needing,1
jamestown,1
asian,1
enduring,1
combining,1
touchstone,1
complement,1
assumption,1
emphasize,1
engaging,1
revelations,1
shea,1
survey,1
submitted,1
ethnic,1
portfolios,1
services,1
individuals,1
sible,1
ibid,1
which,1
archive,1
chosen,1
previous,1
overturned,1
bedroom,1
open,1
discovered,1
three,1
points,1
essay,1
peter,1
rebecca,1
amounts,1
co,1
individual,1
keep,1
divisions,1
hyperlinked,1
started,1
ellis,1
collaboration,1
like,1
period,1
general,1
unsettled,1
accurate,1
martin,1
hardships,1
decide,1
conclusions,1
facing,1
problems,1
promote,1
elaborate,1
methods,1
submis,1
acquire,1
mainly,1
effect,1
availability,1
italy,1
saw,1
discretionary,1
connections,1
uam,1
immigration,1
dispossessed,1
widely,1
applies,1
justice,1
aera,1
product,1
separate,1
infants,1
compendium,1
boards,1
things,1
depth,1
asking,1
arriving,1
pictorial,1
tests,1
me,1
violation,1
tentative,1
bensguide,1
tensive,1
george,1
crucial,1
curiosities,1
email,1
testing,1
sol,1
tech,1
lines,1
dimensions,1
lost,1
un,1
seen,1
tive,1
team,1
lawrence,1
resourcesforhistoryteach,1
excited,1
memorable,1
gallery,1
changes,1
sharp,1
continually,1
fall,1
timeline,1
ing,1
mother,1
centuries,1
months,1
exists,1
get,1
itself,1
arts,1
association,1
pressures,1
investigate,1
fought,1
chil,1
considered,1
collaboratively,1
addressed,1
detail,1
gpo,1
neglected,1
contained,1
curious,1
victoria,1
shadow,1
liked,1
associated,1
following,1
reviewing,1
broke,1
preface,1
authoring,1
conclusion,1
mentioned,1
version,1
encampment,1
peoples,1
complexes,1
ravitch,1
resurfacing,1
ever,1
economically,1
htm,1
known,1
temple,1
ratebook,1
phillips,1
appealing,1
alternative,1
cia,1
continental,1
mutually,1
control,1
charlotte,1
readily,1
novel,1
expanding,1
exploration,1
seem,1
wikitexts,1
smithson,1
best,1
leaders,1
down,1
acts,1
slowly,1
instantaneous,1
half,1
luther,1
current,1
assignments,1
domestic,1
minimized,1
report,1
post,1
foundation,1
particularly,1
reliability,1
exhibits,1
very,1
qing,1
energize,1
audience,1
build,1
examining,1
screenshot,1
mass,1
richardson,1
living,1
places,1
upton,1
cal,1
id,1
weapons,1
game,1
according,1
notable,1
proceedings,1
warp,1
unique,1
whether,1
selected,1
ones,1
rising,1
dwyer,1
want,1
comes,1
wikinomics,1
riveter,1
add,1
maintain,1
partici,1
map,1
theory,1
her,1
getting,1
foundations,1
charting,1
hitler,1
require,1
kaufman,1
voice,1
too,1
don,1
contain,1
art,1
nj,1
portraits,1
atkinson,1
level,1
owner,1
pation,1
prerequisite,1
despite,1
eleanor,1
became,1
role,1
november,1
plans,1
lies,1
administration,1
acute,1
conventional,1
generals,1
programs,1
policymakers,1
lesson,1
webquests,1
colonial,1
initia,1
allows,1
maintained,1
ensuing,1
writing,1
goals,1
tions,1
come,1
inefficient,1
tiveinsights,1
crabtree,1
devoted,1
finn,1
drafts,1
commercial,1
years,1
illinois,1
opens,1
grant,1
gagnon,1
naomi,1
wish,1
actively,1
enabling,1
usa,1
chappel,1
evidence,1
mas,1
smaller,1
teacherand,1
shtml,1
retrieval,1
seeks,1
preschoolers,1
limitations,1
objections,1
presenting,1
repeat,1
technolo,1
increased,1
ruth,1
anonymous,1
needs,1
ries,1
thousand,1
raitman,1
blacks,1
news,1
taking,1
between,1
historyteachers,1
fontaine,1
c,1
russia,1
consisted,1
politburo,1
jamie,1
johnson,1
youngsters,1
toddlers,1
debate,1
sharing,1
early,1
yorktown,1
substantial,1
valley,1
interaction,1
listeners,1
edsitement,1
among,1
seek,1
recent,1
tffls,1
observed,1
famous,1
thinkfinity,1
broader,1
meeting,1
asked,1
recreations,1
