WORDCOUNTS,WEIGHT
the,770
of,557
and,367
to,342
in,330
a,252
swing,149
was,144
that,124
were,107
by,98
violence,86
nov,85
as,76
for,71
on,63
not,58
at,57
s,56
their,54
it,52
with,52
be,49
from,47
had,46
violent,45
rural,45
also,42
social,41
is,41
an,40
captain,40
but,39
this,37
protest,36
kent,36
or,36
pro,36
they,33
labourers,33
have,33
fos,32
his,32
oct,32
england,30
peel,30
one,29
farmers,29
all,28
such,28
ho,28
gaz,26
english,25
there,24
present,24
maidstone,23
letters,23
many,23
john,23
see,23
wells,23
who,23
blood,23
he,22
threshing,22
would,22
past,22
which,21
william,21
only,21
been,21
early,21
those,20
machines,20
no,20
has,20
popular,20
other,19
king,19
against,19
london,19
hampshire,19
battle,19
number,19
elham,19
physical,19
sussex,18
east,18
even,18
when,18
threats,18
sir,18
local,18
times,18
threatening,17
out,17
group,16
some,16
could,16
forms,16
men,16
parish,16
class,16
them,16
november,16
kentish,16
if,15
bodily,15
poor,15
j,15
so,15
through,15
community,14
conflict,14
most,14
received,14
whilst,14
hist,14
movement,14
upon,14
did,14
brighton,14
first,13
farmer,13
hobsbawm,13
activists,13
p,13
used,13
use,13
office,13
him,13
sept,13
several,13
griffin,13
gang,13
protests,12
e,12
i,12
jl,12
irish,12
labourer,12
collective,12
acts,12
law,12
george,12
force,12
any,12
thompson,12
public,12
society,12
into,11
political,11
case,11
letter,11
roger,11
act,11
instance,11
herald,11
crowd,11
further,11
during,11
rituals,11
customary,11
culture,11
protestors,11
overseer,11
you,11
between,11
rude,11
countryside,10
military,10
politics,10
though,10
your,10
its,10
order,10
up,10
threatened,10
charlesworth,10
indeed,10
home,10
fire,10
more,10
attacks,10
mr,10
economy,10
both,10
way,9
groups,9
before,9
being,9
cks,9
sent,9
large,9
labouring,9
wages,9
communities,9
events,9
late,9
however,9
crime,9
southern,9
yet,9
new,9
aug,9
assault,9
can,9
meant,9
assistant,9
iv,9
d,9
ways,8
october,8
magistrate,8
thus,8
machine,8
advertiser,8
jones,8
whose,8
century,8
webster,8
house,8
reay,8
revd,8
place,8
winter,8
sense,8
reported,8
therefore,8
practices,8
hammond,8
about,8
riots,8
same,8
members,8
others,8
where,8
made,8
moral,8
james,8
we,8
chron,8
according,8
c,8
generated,7
modern,7
policy,7
context,7
barry,7
central,7
andrew,7
relations,7
than,7
general,7
similar,7
support,7
physically,7
prosecution,7
near,7
tools,7
because,7
resort,7
working,7
night,7
revolt,7
lord,7
these,7
noted,7
power,7
eds,7
workers,7
individual,7
after,7
artisans,7
fear,7
often,7
analysis,7
set,7
godfrey,7
crowds,7
are,7
cobbett,7
consciousness,7
occasionally,7
role,7
evidence,7
deployment,7
village,6
history,6
occurred,6
plebeian,6
attempt,6
agrarian,6
discipline,6
reading,6
aggression,6
overseers,6
may,6
rather,6
edward,6
special,6
n,6
beyond,6
migrant,6
found,6
called,6
recently,6
officers,6
least,6
few,6
resistance,6
actions,6
assizes,6
led,6
tilly,6
vicinity,6
towards,6
fact,6
time,6
remained,6
understanding,6
including,6
peter,6
spread,6
state,6
hastings,6
destruction,6
incendiarism,6
solicitor,6
dec,6
dorset,6
charles,6
what,6
making,6
particular,6
targets,6
mob,6
hoof,6
area,6
offered,6
deposition,6
little,6
much,6
gangs,6
should,6
knatchbull,5
later,5
enclosing,5
disturbances,5
diffusion,5
archer,5
europe,5
last,5
within,5
adrian,5
harvest,5
attacked,5
key,5
singled,5
cosway,5
riot,5
initial,5
price,5
rooted,5
constables,5
warned,5
terror,5
marching,5
without,5
subjected,5
importance,5
just,5
too,5
important,5
wiltshire,5
tithe,5
radical,5
symbols,5
opposition,5
county,5
people,5
seized,5
hannam,5
ts,5
cont,5
melbourne,5
bread,5
vs,5
thesis,5
freeling,5
two,5
gentleman,5
death,5
never,5
took,5
do,5
destroyed,5
individuals,5
deployed,5
k,5
relation,5
hawkhurst,5
usually,5
must,5
country,5
attacking,5
historical,5
animal,5
met,5
despite,5
com,5
prepared,5
cambridge,5
instead,5
randall,5
attempted,5
increased,5
supported,5
west,5
themselves,5
courts,4
mar,4
notably,4
tosh,4
nineteenth,4
something,4
assaults,4
either,4
taken,4
resorting,4
mind,4
robert,4
univ,4
trade,4
account,4
open,4
taking,4
ritual,4
regarding,4
actual,4
southampton,4
september,4
integral,4
turn,4
nor,4
effective,4
acted,4
word,4
opposed,4
heathfield,4
sessions,4
active,4
earlier,4
gathering,4
lives,4
organization,4
upper,4
m,4
suggested,4
union,4
came,4
understood,4
cultural,4
record,4
almost,4
having,4
r,4
thanet,4
bushaway,4
example,4
dover,4
symbolism,4
q,4
poaching,4
away,4
own,4
level,4
field,4
party,4
indictment,4
iris,4
wider,4
decline,4
st,4
south,4
collingwood,4
second,4
action,4
vaughan,4
oxford,4
reference,4
magistrates,4
treasury,4
ed,4
mercury,4
reports,4
spilt,4
striking,4
orderly,4
ch,4
ports,4
wood,4
warning,4
rulers,4
eighteenth,4
incidents,4
archive,4
passim,4
clear,4
language,4
spilling,4
thomas,4
article,4
canterbury,4
farm,4
off,4
leadbitter,4
life,4
claims,4
bench,4
authorities,4
brede,4
arrest,4
invoked,4
signed,4
carl,4
june,4
phillips,4
interpersonal,4
different,4
december,4
maiming,4
down,4
ph,4
particularly,4
form,4
rebellion,4
agricultural,4
geo,4
shall,4
thousands,4
w,4
given,4
press,4
became,4
went,4
our,4
briefs,4
immediately,4
charlotte,4
frequent,3
does,3
deny,3
rev,3
lated,3
alone,3
becoming,3
basingstoke,3
murder,3
studies,3
respectability,3
notwithstanding,3
amongst,3
women,3
island,3
decidedly,3
standen,3
supposedly,3
give,3
might,3
words,3
great,3
assembled,3
drama,3
cohesion,3
take,3
alarming,3
help,3
precisely,3
raised,3
sq,3
less,3
british,3
journeymen,3
luddism,3
mass,3
robbery,3
victims,3
custom,3
possible,3
determined,3
herstmonceaux,3
combination,3
ringleaders,3
alarm,3
premises,3
invocation,3
popularly,3
gun,3
pay,3
places,3
perspective,3
response,3
young,3
adams,3
receipt,3
spectre,3
critique,3
reef,3
higher,3
weapon,3
how,3
watch,3
aggressive,3
direct,3
study,3
read,3
supposed,3
clerk,3
wanted,3
organized,3
peasant,3
proved,3
days,3
numbers,3
threat,3
officer,3
followed,3
depositions,3
hit,3
behaviour,3
industrializing,3
attack,3
shared,3
assistance,3
maule,3
metonym,3
counties,3
explain,3
guns,3
well,3
abuse,3
trial,3
work,3
cinque,3
tool,3
prompted,3
burwash,3
civil,3
edn,3
esp,3
einstadter,3
whole,3
millions,3
partly,3
et,3
call,3
forces,3
anglia,3
caused,3
next,3
politically,3
disembodied,3
long,3
highly,3
dramatic,3
blunt,3
world,3
provided,3
activities,3
coote,3
will,3
return,3
deserters,3
murderous,3
sending,3
interpretation,3
mobile,3
knocked,3
al,3
armed,3
gentlemen,3
street,3
fitzroy,3
paul,3
put,3
treatment,3
areas,3
tithes,3
bespoke,3
arguably,3
rough,3
hand,3
branding,3
confrontation,3
necessary,3
practice,3
weald,3
poore,3
matthews,3
increase,3
identity,3
firearms,3
doubt,3
conditions,3
rescue,3
subsequent,3
maidstonejl,3
provoked,3
directed,3
summer,3
poorhouse,3
lose,3
soaked,3
tactics,3
britain,3
capitalism,3
quarter,3
suggestion,3
shoot,3
masculinities,3
sometimes,3
five,3
bound,3
claimed,3
prosecutions,3
itself,3
legitimacy,3
ruff,3
face,3
curteis,3
ash,3
rarely,3
then,3
following,3
feb,3
benenden,3
known,3
neighbouring,3
issuing,3
over,3
breaking,3
disputes,3
combined,3
whether,3
bohstedt,3
quote,3
flames,3
eves,3
secure,3
property,3
tongues,3
prevent,3
urban,3
balmanno,3
thereby,3
subject,3
tried,3
challenges,3
gain,3
come,3
years,3
difference,3
although,3
assaulted,3
france,3
remains,3
anonymous,3
vi,3
removed,3
assumed,3
meaning,3
create,3
gestures,3
strong,3
meeting,3
now,2
disparate,2
sharpe,2
deference,2
o,2
struggle,2
hallmarks,2
medieval,2
cent,2
emsley,2
engendered,2
market,2
per,2
essays,2
demeanour,2
join,2
asserted,2
true,2
completely,2
fellows,2
courthope,2
spirit,2
hair,2
backs,2
position,2
supper,2
snell,2
economic,2
theft,2
shoemaker,2
round,2
townsend,2
invoking,2
promise,2
attempts,2
historians,2
brains,2
wingham,2
cobb,2
official,2
definition,2
rudé,2
possibilities,2
securing,2
navickas,2
fairlight,2
whatever,2
rich,2
liverpool,2
revisions,2
incident,2
roused,2
real,2
graham,2
harmondsworth,2
petty,2
written,2
henry,2
principal,2
suspicion,2
egremont,2
system,2
bats,2
roy,2
recorded,2
money,2
conditioned,2
jack,2
porter,2
prior,2
abbey,2
limitless,2
solely,2
point,2
say,2
isle,2
timothy,2
luddite,2
gardner,2
mid,2
punishing,2
andy,2
throughout,2
hammonds,2
dynamics,2
due,2
visited,2
regarded,2
moment,2
lancashire,2
natalie,2
eastanglia,2
overt,2
employing,2
unspecified,2
isted,2
turned,2
incendiary,2
disproportionately,2
body,2
served,2
assi,2
left,2
curate,2
wealden,2
consequently,2
seal,2
custer,2
influence,2
dandy,2
walls,2
let,2
resist,2
margate,2
employ,2
performance,2
h,2
barns,2
peacock,2
fringe,2
levying,2
arm,2
risk,2
conversation,2
b,2
swaythling,2
derived,2
internat,2
enabled,2
inn,2
murston,2
moreover,2
proclaimed,2
exceptional,2
reason,2
involvement,2
injury,2
muir,2
winchester,2
facilitated,2
tensions,2
presumably,2
clearly,2
elsewhere,2
driven,2
placed,2
argued,2
attitudes,2
roughly,2
powerful,2
arrests,2
hereafter,2
injustice,2
landlord,2
helped,2
physicality,2
cut,2
view,2
greater,2
my,2
based,2
whom,2
aftermath,2
speenhamland,2
hands,2
search,2
objectives,2
changed,2
demands,2
parochial,2
term,2
honour,2
unison,2
equally,2
furthermore,2
wales,2
rent,2
blow,2
devoid,2
unemployment,2
troops,2
nothing,2
sims,2
taught,2
symbolically,2
possibility,2
wants,2
provincial,2
relief,2
insubordination,2
impressment,2
part,2
related,2
gender,2
gave,2
papermakers,2
demonstrates,2
actually,2
scare,2
irving,2
riding,2
folklore,2
riotous,2
ludd,2
t,2
horsham,2
tone,2
responses,2
start,2
buildings,2
revolution,2
wrotham,2
davis,2
around,2
small,2
bridge,2
psychological,2
manchester,2
cto,2
essentially,2
codes,2
villages,2
tended,2
perpetrating,2
always,2
scott,2
proletarians,2
reflected,2
gambier,2
geographical,2
barbara,2
confined,2
situation,2
demand,2
saw,2
absence,2
unbloodthirsty,2
comparative,2
intended,2
forward,2
terrified,2
exception,2
intimidation,2
above,2
make,2
experiences,2
initially,2
hitherto,2
religious,2
shakesheff,2
frank,2
thought,2
counterparts,2
parishes,2
assemblies,2
us,2
perceived,2
mayfield,2
tax,2
ams,2
formalized,2
hay,2
abell,2
nineteenthcentury,2
rise,2
revenge,2
resemblance,2
incendiarists,2
doling,2
leader,2
anarchists,2
flash,2
clive,2
stated,2
devon,2
punish,2
redress,2
destroy,2
whiligh,2
outside,2
pointer,2
pressure,2
reform,2
underand,2
stop,2
end,2
descended,2
unsurprisingly,2
man,2
indictments,2
since,2
removal,2
surrounding,2
offence,2
enough,2
informers,2
sbw,2
compelled,2
senses,2
male,2
degree,2
another,2
sbe,2
liv,2
classes,2
greatest,2
reed,2
pistols,2
farming,2
wretched,2
formal,2
entirely,2
food,2
largely,2
persisted,2
operated,2
francis,2
engaging,2
quested,2
ninfield,2
binfield,2
full,2
previous,2
vii,2
brit,2
messrs,2
meanings,2
three,2
transformation,2
soldiers,2
started,2
like,2
mount,2
features,2
high,2
farms,2
northiam,2
exchange,2
labour,2
narrow,2
plans,2
effect,2
structure,2
criminology,2
probably,2
horse,2
outright,2
deploy,2
attention,2
wage,2
flesh,2
swinging,2
criminal,2
suggestive,2
months,2
widespread,2
dragged,2
ritualized,2
army,2
seen,2
began,2
effectively,2
anxiety,2
smuggling,2
neighbourhood,2
gorman,2
existed,2
united,2
achieve,2
surprising,2
dead,2
ing,2
centres,2
fields,2
flail,2
stephen,2
rite,2
proof,2
environment,2
ringmer,2
series,2
conclusion,2
changing,2
loaves,2
grand,2
ever,2
reinforced,2
convicts,2
organizational,2
here,2
belief,2
eastbourne,2
herefordshire,2
chapman,2
cultures,2
commission,2
capital,2
leaders,2
half,2
post,2
eventually,2
concurrently,2
collectors,2
very,2
grandee,2
ordered,2
resentments,2
placing,2
mersham,2
better,2
beginning,2
weapons,2
march,2
bristol,2
spatial,2
implicit,2
kevin,2
reputations,2
englands,2
passed,2
while,2
intimidate,2
agreed,2
hundreds,2
goudhurst,2
bob,2
marking,2
intention,2
code,2
ill,2
eleanor,2
giving,2
zemon,2
target,2
denman,2
montresor,2
solitary,2
conversely,2
equipped,2
rebels,2
varied,2
hollands,2
formation,2
instil,2
shown,2
until,2
generate,2
julius,2
value,2
parallels,2
course,2
xxxix,2
land,2
need,2
autumn,2
effects,2
gentry,2
defined,2
recourse,2
enclosure,2
devizes,2
microhistories,2
valley,2
focus,2
customs,2
occur,2
perception,2
gilmor,2
graffitied,1
miller,1
difficult,1
go,1
archives,1
transportation,1
possessed,1
rate,1
done,1
revisionist,1
along,1
heightened,1
behavioural,1
common,1
estimated,1
stuart,1
surged,1
legigt,1
chalk,1
implying,1
littlebourne,1
effected,1
pull,1
hesitation,1
till,1
truth,1
peaceful,1
unfounded,1
defining,1
affected,1
episodes,1
euphoria,1
resisting,1
despairing,1
fairman,1
combine,1
wadhurst,1
considerably,1
invocations,1
ewell,1
appear,1
sphere,1
passing,1
sympathetic,1
redivivus,1
told,1
singularly,1
victuals,1
american,1
jury,1
complex,1
significant,1
rick,1
rekindle,1
shoulders,1
illegal,1
saws,1
frinsted,1
bailiff,1
identify,1
referring,1
likely,1
authority,1
evocative,1
injuries,1
solidarity,1
shy,1
barrier,1
bludgeon,1
upheaval,1
cif,1
park,1
conscious,1
blows,1
earnings,1
spurring,1
acceptance,1
protection,1
graffiti,1
justified,1
reductions,1
trifled,1
cargo,1
cranbrook,1
carroll,1
habits,1
replicate,1
forceful,1
em,1
total,1
paper,1
alongside,1
robinson,1
onset,1
contested,1
evasion,1
source,1
princeton,1
terrifying,1
conjecture,1
fearful,1
credence,1
fires,1
negative,1
myriad,1
ulcomb,1
highlight,1
chichester,1
predominantly,1
contained,1
buckland,1
lower,1
said,1
uprising,1
lenity,1
member,1
taproom,1
implemented,1
pleas,1
resister,1
bloodletting,1
dupes,1
stressed,1
attorney,1
australia,1
moderate,1
familiarity,1
collusion,1
hence,1
titles,1
specifically,1
every,1
employed,1
cade,1
parliamentary,1
commissions,1
creation,1
dagger,1
production,1
assail,1
questions,1
handle,1
originally,1
ii,1
fund,1
steady,1
chaos,1
cd,1
feeling,1
address,1
hire,1
disturbance,1
secretary,1
script,1
xcix,1
bribed,1
worked,1
absurd,1
seems,1
nature,1
historiography,1
heated,1
confirmed,1
reviled,1
latent,1
cvii,1
ickham,1
monies,1
height,1
continue,1
tradition,1
pragmatic,1
leading,1
homestead,1
assess,1
albans,1
advantage,1
broken,1
entitlements,1
together,1
accompanied,1
display,1
harder,1
momentum,1
felony,1
dunbabin,1
timing,1
pivot,1
wave,1
nineteen,1
carrying,1
admittedly,1
verbal,1
mills,1
government,1
link,1
thanks,1
glover,1
reveal,1
composition,1
launched,1
earliest,1
ceremonies,1
anyway,1
mountfield,1
debt,1
deemed,1
achieved,1
feature,1
tree,1
remonstrances,1
toleration,1
bruised,1
persistence,1
faithful,1
miles,1
carlj,1
alert,1
respond,1
keith,1
cantiana,1
normal,1
committed,1
relationships,1
dissolved,1
daniel,1
visibility,1
deteriorated,1
damage,1
bushel,1
dragoons,1
issue,1
side,1
scrawled,1
regimented,1
hell,1
lest,1
fiery,1
badly,1
rolls,1
farnham,1
capacity,1
advice,1
matthew,1
sought,1
politicized,1
discontent,1
sexual,1
correspondents,1
deal,1
mythology,1
rioters,1
felt,1
marked,1
compelling,1
stance,1
machinery,1
activity,1
beverly,1
raft,1
cavalries,1
hicksted,1
foreigners,1
mutual,1
demobilized,1
richard,1
vital,1
obvious,1
leniency,1
arenas,1
carpenters,1
apocalyptic,1
hawkes,1
apart,1
normative,1
desired,1
except,1
far,1
establishment,1
owners,1
uncertain,1
laws,1
cumberland,1
protestor,1
collared,1
bonds,1
object,1
holder,1
sevenoaks,1
demanded,1
briginshaw,1
fiercely,1
undergone,1
targeted,1
lights,1
audience,1
desertion,1
gunshot,1
shouting,1
monday,1
cutbush,1
surviving,1
learned,1
implements,1
obliquely,1
clouding,1
dispatched,1
absconders,1
review,1
ceremoniously,1
dependence,1
bridle,1
beating,1
theeft,1
influx,1
facts,1
brought,1
development,1
stang,1
pursue,1
flouting,1
throes,1
tables,1
realized,1
human,1
hangings,1
g,1
invaders,1
parlous,1
monopolizers,1
mutiny,1
interest,1
warbleton,1
visitation,1
reap,1
reflection,1
bedew,1
salisbury,1
ctake,1
andcinque,1
rites,1
issued,1
walter,1
terrorize,1
detaining,1
assessment,1
sample,1
assured,1
agitation,1
expected,1
admitted,1
outraged,1
kind,1
taste,1
unity,1
oxfordshire,1
clark,1
curiously,1
keep,1
corner,1
violently,1
depend,1
profound,1
bloody,1
speed,1
serving,1
ticknall,1
extraordinary,1
repress,1
labyrinth,1
attests,1
stacey,1
assertive,1
twice,1
anonymity,1
truly,1
luddites,1
menaces,1
committing,1
competition,1
birmingham,1
smugglers,1
obscure,1
containment,1
communication,1
look,1
practically,1
poured,1
pistéis,1
details,1
northamptonshire,1
apparently,1
ely,1
beattie,1
vestrymen,1
able,1
informed,1
nurtured,1
quiet,1
stanley,1
rates,1
exponentially,1
dyke,1
covert,1
chronicle,1
perfect,1
using,1
failed,1
dodd,1
hamlet,1
togetherness,1
foolhardy,1
vestries,1
dole,1
brute,1
pivotal,1
wishes,1
york,1
town,1
wife,1
air,1
ling,1
exclaiming,1
stock,1
pauper,1
thirsty,1
bring,1
l,1
principally,1
infiltrated,1
forded,1
absent,1
across,1
developed,1
ironic,1
repeal,1
activist,1
wellunderstood,1
liley,1
assassination,1
resident,1
explicit,1
gratuitous,1
dangers,1
levels,1
expedience,1
longest,1
capture,1
indirect,1
blandford,1
subsistence,1
mean,1
protestin,1
knew,1
demonstration,1
conceptions,1
ploys,1
agrie,1
deliberately,1
mechanics,1
suffering,1
opportunity,1
preparatory,1
heard,1
legal,1
talk,1
certain,1
leave,1
stapleton,1
induce,1
tan,1
dunk,1
ix,1
generating,1
sanctuary,1
pickaxes,1
barrow,1
danger,1
offering,1
persons,1
xxx,1
consequences,1
space,1
voice,1
thisthlewayte,1
perilous,1
sett,1
send,1
distinct,1
changes,1
escape,1
perceptions,1
win,1
applied,1
circulated,1
bad,1
legitimizing,1
university,1
consider,1
locally,1
officiai,1
occupational,1
river,1
ricks,1
prophesied,1
iohn,1
revolutionaries,1
peasants,1
grounds,1
petworth,1
vivid,1
endeavoured,1
section,1
noticeable,1
impact,1
objectivity,1
humphrey,1
articulated,1
weak,1
frequently,1
suffolk,1
nascent,1
situations,1
rescued,1
four,1
resorted,1
show,1
acknowledges,1
hollingbourne,1
commented,1
gloucester,1
hemsted,1
additional,1
origins,1
desperation,1
maim,1
deputy,1
armpit,1
traitors,1
lumps,1
ballard,1
paraded,1
notions,1
idealized,1
comparisons,1
circulating,1
queen,1
consequence,1
perform,1
intentional,1
squatting,1
torching,1
feeble,1
care,1
david,1
strategy,1
uptake,1
drawing,1
victimization,1
hooks,1
arms,1
friends,1
aggrieved,1
opponents,1
whereas,1
expressed,1
arrived,1
skewed,1
result,1
spokesperson,1
closely,1
advance,1
formidable,1
remembered,1
esq,1
participants,1
priori,1
newspapers,1
competitive,1
declined,1
escalation,1
stroke,1
rule,1
warming,1
houses,1
strength,1
typical,1
robertsbridge,1
effort,1
lived,1
users,1
sinecures,1
mick,1
agendas,1
noting,1
impaired,1
lenham,1
faversham,1
mimicked,1
cart,1
constantly,1
featured,1
oppressor,1
reportage,1
cried,1
representative,1
taunton,1
inter,1
markets,1
lent,1
punishment,1
hiring,1
sandys,1
juries,1
dursley,1
unions,1
traversed,1
fourth,1
prompt,1
occupation,1
desecration,1
third,1
war,1
displayed,1
onlookers,1
bethersden,1
mediated,1
unsympathetic,1
bore,1
treat,1
toured,1
divide,1
birchington,1
moore,1
cannot,1
meet,1
camden,1
employers,1
biases,1
distorts,1
surrounded,1
mutating,1
woodbridge,1
blacklisting,1
abrasive,1
arcoll,1
bow,1
duly,1
wherwell,1
gained,1
january,1
unchallenged,1
masculinity,1
memory,1
aground,1
biographies,1
aspects,1
taxes,1
fatel,1
animated,1
claiming,1
stood,1
rioting,1
parley,1
marsh,1
revealed,1
mirrored,1
turnpikes,1
inferred,1
planning,1
douglas,1
nucleus,1
sixteenthcentury,1
paraphrase,1
forster,1
already,1
strict,1
translate,1
nine,1
framed,1
cshoot,1
claim,1
future,1
tenants,1
duels,1
prominent,1
cblow,1
stake,1
watts,1
terrorist,1
apparent,1
instruments,1
reduction,1
comment,1
experience,1
description,1
surprise,1
year,1
exploitation,1
engulfed,1
editorial,1
enraged,1
gwyna,1
issues,1
reportedly,1
falling,1
centred,1
knees,1
structures,1
bat,1
friend,1
wormshill,1
eyre,1
prisoner,1
intra,1
personal,1
contentious,1
weekly,1
cry,1
disciplined,1
newspaper,1
xviii,1
participate,1
achieving,1
pottieger,1
border,1
couple,1
pariahs,1
deeply,1
doubtful,1
week,1
horsemen,1
solidarities,1
socioeconomic,1
landholder,1
else,1
sink,1
count,1
tirade,1
approach,1
retaliated,1
jemima,1
norfolk,1
prices,1
depicting,1
causal,1
someone,1
change,1
published,1
painting,1
giant,1
xxvi,1
hard,1
epiphany,1
below,1
anger,1
reflex,1
suggest,1
resolving,1
electoral,1
contrast,1
pacifists,1
rushed,1
stimulated,1
phrase,1
things,1
loan,1
atmosphere,1
sake,1
thrashing,1
whitehall,1
openly,1
summon,1
gunpoint,1
characteristics,1
ruckinge,1
la,1
consensus,1
dismantle,1
concerns,1
knives,1
ship,1
folk,1
temporary,1
invoke,1
reaping,1
peace,1
methodological,1
polyps,1
wisely,1
gunpowder,1
xxvii,1
parliament,1
offending,1
attitude,1
majority,1
dependent,1
mobilizations,1
gosport,1
proper,1
correspondence,1
vent,1
notice,1
altogether,1
quid,1
salehurst,1
labelled,1
machinebreakers,1
leg,1
passive,1
moved,1
mêlée,1
favoured,1
logic,1
behalf,1
corpse,1
agitants,1
wield,1
subsequently,1
sanctions,1
critical,1
simile,1
risking,1
afloat,1
langley,1
fails,1
proxy,1
reticence,1
dpresent,1
prompting,1
lit,1
chalking,1
snoozled,1
various,1
chase,1
felonious,1
indicative,1
dane,1
concessions,1
buy,1
relieving,1
service,1
overall,1
hardest,1
essex,1
resisted,1
mansion,1
play,1
successes,1
notoriously,1
classic,1
brief,1
coleman,1
operation,1
prevailing,1
beware,1
bossenden,1
still,1
starve,1
got,1
surveyor,1
interactions,1
comments,1
skews,1
unprecedented,1
barham,1
newton,1
paint,1
dalbiac,1
legitimized,1
seemingly,1
forcibly,1
southeast,1
single,1
convictions,1
gleig,1
arson,1
suffered,1
alleged,1
outpouring,1
meanwhile,1
represents,1
rules,1
instantly,1
fights,1
serve,1
chalked,1
dual,1
sex,1
evolved,1
seeing,1
paymasters,1
god,1
demanding,1
goals,1
challenged,1
disastrous,1
neither,1
recruited,1
acting,1
damn,1
commonwealth,1
indevor,1
middleton,1
handled,1
baltimore,1
freer,1
gentryman,1
skimmingtons,1
buckinghamshire,1
largest,1
industrial,1
reliance,1
machinebreaking,1
animus,1
williams,1
unifying,1
avoided,1
picture,1
unless,1
double,1
slights,1
retaliation,1
fellow,1
xw,1
outbreak,1
demolish,1
starting,1
critiques,1
collarbone,1
temporarily,1
assert,1
blazing,1
sufferers,1
again,1
pointed,1
avail,1
reporting,1
swept,1
thirty,1
addition,1
experienced,1
gentle,1
latently,1
laincer,1
paine,1
persuasion,1
shows,1
expose,1
twenty,1
admit,1
unparalleled,1
unionism,1
stories,1
pair,1
head,1
deficient,1
blocks,1
torture,1
music,1
outlawry,1
potentially,1
fortnight,1
powerless,1
documents,1
tally,1
viii,1
superiors,1
children,1
tolpuddle,1
manifested,1
plumptree,1
break,1
larger,1
diverse,1
incendiaries,1
fallen,1
forging,1
contemporary,1
chs,1
administrations,1
underpin,1
considerable,1
minimize,1
unbloodthirstiness,1
impending,1
fredville,1
discussed,1
anglian,1
serious,1
anne,1
mustered,1
afraid,1
predated,1
pettitt,1
readers,1
drove,1
v,1
everyday,1
performances,1
shipwreck,1
proletariat,1
centre,1
increases,1
extinguishers,1
inciardi,1
attempting,1
continuing,1
equate,1
validity,1
systematic,1
execution,1
coercion,1
orthodoxy,1
hated,1
rector,1
eton,1
axes,1
accumulated,1
marched,1
heavily,1
answer,1
strategies,1
normally,1
funeral,1
instructively,1
wartime,1
firstor,1
frightening,1
producing,1
andia,1
teeth,1
apathy,1
coral,1
ignoring,1
distance,1
bladbean,1
famish,1
streets,1
free,1
really,1
locals,1
fled,1
custody,1
thoroughly,1
saunders,1
reginald,1
responded,1
organize,1
saved,1
lobbying,1
discourses,1
outrage,1
fundamentally,1
displace,1
menacing,1
messengers,1
lasting,1
borden,1
casual,1
vast,1
secured,1
millenarian,1
neatly,1
cosmetically,1
thurlbear,1
restrictions,1
easier,1
chrisford,1
derision,1
wheat,1
slaves,1
sides,1
writings,1
region,1
narrowly,1
giles,1
drills,1
unsigned,1
desperate,1
stables,1
bsq,1
judge,1
indecisive,1
medium,1
concern,1
beds,1
sawyer,1
enduring,1
repertory,1
assumption,1
chillingly,1
beale,1
supplies,1
diaries,1
band,1
prominently,1
lifestyle,1
engaged,1
washing,1
supposition,1
examination,1
ibid,1
tradespeople,1
tactic,1
chosen,1
sees,1
nevertheless,1
bedroom,1
fashion,1
aid,1
compulsion,1
low,1
xv,1
poisoning,1
burgoyne,1
authors,1
stress,1
publication,1
express,1
agreement,1
transpired,1
ireland,1
recipient,1
faces,1
lancers,1
medway,1
roof,1
august,1
xenophobia,1
held,1
afford,1
allowed,1
muskett,1
revised,1
period,1
strangle,1
terrorized,1
deflecting,1
remark,1
hodges,1
analysing,1
purvis,1
mask,1
played,1
dry,1
turncoats,1
illicit,1
dell,1
losing,1
black,1
bailiffs,1
abundant,1
rot,1
latter,1
sinecure,1
alive,1
promotion,1
unambiguous,1
sandgate,1
easternmost,1
conclusions,1
especially,1
random,1
outcomes,1
enacted,1
promote,1
easy,1
plum,1
allusion,1
exaggeration,1
become,1
greeted,1
cruze,1
declare,1
pastand,1
respectively,1
deliberate,1
accordingly,1
scissors,1
attendant,1
shied,1
tradesmen,1
cranborne,1
offensive,1
lavington,1
refrained,1
earl,1
northern,1
figures,1
throat,1
edwina,1
haven,1
beckley,1
famine,1
engagement,1
halter,1
pastj,1
governor,1
basically,1
theatrical,1
dissonance,1
xxviii,1
hedge,1
concluded,1
court,1
justice,1
exchanged,1
frenchor,1
visit,1
dispersing,1
indicted,1
genesis,1
bells,1
duelling,1
carried,1
consists,1
asking,1
fifty,1
faux,1
negotiations,1
ticknoll,1
groupings,1
relationship,1
humiliated,1
newsworthy,1
raise,1
note,1
stopped,1
pans,1
seventeen,1
quo,1
phillip,1
bulk,1
figure,1
chance,1
mabbot,1
relieved,1
vision,1
eighteenthand,1
tuckner,1
practical,1
smiths,1
hill,1
reasonable,1
albion,1
employment,1
postmaster,1
dashed,1
rumours,1
intimidating,1
favour,1
burnings,1
proud,1
paternalists,1
nexus,1
statutes,1
growth,1
mood,1
lost,1
concluding,1
un,1
transformed,1
detailed,1
establish,1
worse,1
norwich,1
visual,1
parsons,1
recalled,1
markers,1
importantly,1
occupiers,1
excited,1
linking,1
recipients,1
displaying,1
intend,1
responsible,1
sharp,1
examine,1
expectations,1
fostered,1
baron,1
frontier,1
endure,1
remonstrated,1
citizens,1
instances,1
raising,1
vow,1
wee,1
telegraph,1
unusual,1
figured,1
gathered,1
sound,1
expulsion,1
pressures,1
unacceptable,1
joseph,1
definitive,1
walvin,1
matters,1
tyrant,1
taplow,1
gpo,1
ofthat,1
publicly,1
punished,1
sketches,1
fifteen,1
thinking,1
felons,1
associated,1
reliant,1
calling,1
broke,1
intervened,1
comes,1
depending,1
version,1
comparison,1
rifles,1
punishments,1
apprehension,1
founded,1
existence,1
suppl,1
snuffed,1
detachment,1
simply,1
instructed,1
struck,1
constituted,1
scarcely,1
forwarded,1
symbolic,1
hayricks,1
specific,1
conceptualizing,1
homicide,1
burned,1
doi,1
perversion,1
offers,1
circumscribed,1
alternative,1
established,1
westham,1
quickly,1
berkeley,1
peaceable,1
lewes,1
natural,1
continental,1
cannon,1
mutually,1
ritualistic,1
refused,1
control,1
rag,1
each,1
reexamination,1
sure,1
gazette,1
affray,1
donnington,1
sledgehammers,1
worth,1
depression,1
itinerant,1
seriously,1
unambiguously,1
resentment,1
seem,1
kearsney,1
albeit,1
gone,1
hardres,1
choreography,1
eschewed,1
wall,1
nights,1
surprised,1
processioning,1
universal,1
current,1
tenderness,1
report,1
allied,1
iii,1
constructing,1
newman,1
grey,1
windsor,1
speculation,1
disperse,1
impossible,1
grievances,1
doubling,1
enforcing,1
xxii,1
cortèges,1
primary,1
build,1
examining,1
marden,1
distinctive,1
eponymous,1
ticehurst,1
utilized,1
living,1
remarkably,1
scores,1
bands,1
risky,1
evident,1
person,1
demography,1
charged,1
growing,1
vicar,1
defend,1
malaysia,1
game,1
johnson,1
defending,1
inmates,1
purchase,1
patrician,1
automatically,1
catastrophic,1
heads,1
parading,1
notable,1
proceedings,1
terms,1
snrial,1
selected,1
rising,1
trope,1
nunnery,1
deedes,1
supplemented,1
maintain,1
sladden,1
mere,1
warn,1
unnecessary,1
kett,1
katrina,1
landowning,1
plenty,1
limbs,1
understandably,1
correspondent,1
xxxii,1
injunction,1
her,1
stat,1
boys,1
constitutional,1
constabularies,1
huge,1
precedent,1
refiguring,1
u,1
anna,1
alcohol,1
gallows,1
suggests,1
emphasis,1
botley,1
bryant,1
freedom,1
art,1
size,1
fourteen,1
middle,1
uckfield,1
spaces,1
throw,1
hanoverian,1
cogency,1
yeoman,1
bodies,1
belfast,1
norma,1
neck,1
presented,1
boldly,1
emergent,1
aggregation,1
entire,1
doant,1
pain,1
malicious,1
vain,1
decisive,1
comrade,1
revolutions,1
bullets,1
interdisciplinary,1
xliv,1
defiance,1
bourgeois,1
commissioned,1
pervades,1
rochester,1
immaterial,1
obtain,1
pudding,1
breakers,1
fists,1
startled,1
drenched,1
families,1
isolated,1
evidenced,1
aims,1
definitions,1
ensuing,1
aspect,1
jan,1
cruelty,1
remarks,1
monosyllable,1
cornish,1
sanctioned,1
question,1
undecorated,1
runs,1
whenever,1
understandings,1
invasion,1
injured,1
grinstead,1
constituí,1
observed,1
finding,1
succession,1
numerous,1
rimes,1
uttering,1
national,1
strikingly,1
finally,1
iconic,1
motives,1
harm,1
protesting,1
register,1
offer,1
move,1
joined,1
actively,1
fatal,1
typically,1
stockbury,1
shirley,1
green,1
constructed,1
inherent,1
unified,1
transgressed,1
undermines,1
reflexive,1
values,1
politicizing,1
piece,1
warborough,1
stroud,1
summoned,1
transcending,1
shift,1
superintendent,1
wellington,1
kingsfold,1
critiqued,1
roles,1
breeches,1
euden,1
am,1
archaeolosia,1
ceremony,1
bande,1
invited,1
passages,1
struggles,1
recounted,1
bawn,1
damned,1
straw,1
archival,1
parody,1
hills,1
succeeded,1
anthozoan,1
reached,1
mp,1
chalklands,1
docility,1
brink,1
fears,1
views,1
bargain,1
exclusively,1
severely,1
interaction,1
shaving,1
propertied,1
traditional,1
re,1
turbulence,1
among,1
avoid,1
comparable,1
panic,1
recent,1
detection,1
rallying,1
xcv,1
fiscal,1
loyalties,1
stormed,1
libertine,1
conversations,1
ca,1
signals,1
showed,1
romney,1
close,1
draft,1
toolbox,1
confrontations,1
emerged,1
werner,1
