WORDCOUNTS,WEIGHT
the,700
of,498
lincoln,334
and,269
in,263
a,210
s,164
to,154
was,100
that,96
as,93
by,72
review,68
abraham,68
on,68
history,66
his,64
american,63
had,62
new,55
for,53
it,45
with,45
from,44
journal,43
he,42
not,42
historical,42
at,37
but,36
an,33
york,32
only,31
james,28
is,28
reviews,27
which,27
jaffa,25
be,25
valley,25
randall,24
thomas,24
been,24
who,24
g,23
beveridge,23
published,23
illinois,23
first,22
mississippi,22
war,22
civil,21
books,21
all,20
more,20
cole,19
university,19
house,19
john,19
were,19
fehrenbacher,19
biography,19
have,19
its,18
harry,18
about,18
williams,18
than,17
book,17
divided,16
when,16
donald,16
no,15
after,15
their,15
could,15
radical,15
ed,15
articles,15
years,15
young,14
p,14
douglas,14
or,14
david,14
would,14
so,14
one,13
political,13
since,13
esp,13
president,13
baxter,13
library,12
politics,12
benjamin,12
sandburg,12
also,12
i,12
has,12
what,12
march,12
crisis,12
between,12
radicals,12
c,12
state,11
himself,11
progressive,11
even,11
w,11
this,11
gurowski,11
ing,11
william,11
riddle,11
association,11
much,11
e,10
j,10
m,10
mvhr,10
arthur,10
article,10
those,10
did,10
don,10
made,10
washington,10
into,9
v,9
boritt,9
barton,9
september,9
year,9
t,9
republican,9
wrote,9
appeared,9
michael,9
life,9
they,8
h,8
vols,8
papers,8
fischer,8
republicans,8
albert,8
decades,8
basler,8
out,8
june,8
up,8
quaife,8
toward,8
herbert,8
time,8
debates,8
number,8
congress,8
publication,8
presidential,8
carl,8
historians,8
speech,8
them,8
her,8
until,8
national,8
d,8
studies,7
long,7
own,7
great,7
there,7
century,7
generation,7
edward,7
b,7
edition,7
most,7
speeches,7
none,7
people,7
minor,7
letters,7
still,7
law,7
then,7
any,7
over,7
chicago,7
era,7
miller,6
democracy,6
if,6
decade,6
before,6
taken,6
secretary,6
robert,6
issue,6
richard,6
woodburn,6
such,6
lin,6
essays,6
may,6
whose,6
study,6
reviewed,6
memory,6
senator,6
malice,6
under,6
l,6
serious,6
less,6
progressivism,6
indiana,6
harvey,6
three,6
reviewers,6
sept,6
dickinson,6
stephen,6
too,6
are,6
scholarly,6
coln,6
whig,6
almost,6
became,6
henry,6
gettysburg,6
blundering,6
later,5
position,5
oates,5
might,5
words,5
other,5
herndon,5
last,5
beard,5
possible,5
collection,5
ment,5
rather,5
white,5
hesseltine,5
image,5
craven,5
just,5
n,5
tegeder,5
came,5
public,5
r,5
work,5
issues,5
small,5
herndons,5
will,5
short,5
edited,5
interpretation,5
thought,5
elizabeth,5
paul,5
scholars,5
eds,5
oah,5
man,5
figure,5
united,5
springfield,5
material,5
series,5
theme,5
ph,5
cal,5
little,5
generals,5
writing,5
states,5
day,5
burlingame,5
charles,5
substantial,5
among,5
major,5
ments,4
commentary,4
career,4
entirely,4
todd,4
browning,4
walker,4
rutledge,4
davis,4
address,4
mvha,4
case,4
con,4
roy,4
courtesy,4
biographers,4
professor,4
de,4
exhausted,4
nor,4
old,4
left,4
general,4
rights,4
slavery,4
patronage,4
charnwood,4
taught,4
purpose,4
department,4
scott,4
f,4
territorial,4
economic,4
frank,4
once,4
same,4
hay,4
memorial,4
two,4
milo,4
volume,4
mark,4
death,4
hanchett,4
took,4
see,4
writings,4
johannsen,4
nothing,4
authors,4
maurice,4
reputation,4
essay,4
him,4
collected,4
problems,4
ann,4
need,4
reviewer,4
few,4
executive,4
school,4
historian,4
lamon,4
half,4
works,4
turned,4
dream,4
popular,4
ohio,4
through,4
centennial,4
editor,4
off,4
campaign,4
west,4
early,4
views,4
entire,4
does,3
o,3
wilma,3
college,3
prize,3
modern,3
douglass,3
something,3
being,3
said,3
either,3
every,3
jackson,3
ii,3
military,3
nature,3
appearance,3
current,3
eastern,3
dir,3
u,3
memoriam,3
benefit,3
inner,3
author,3
adam,3
publications,3
essential,3
how,3
direct,3
pages,3
brunswick,3
missis,3
hh,3
liberal,3
numbers,3
progressives,3
appear,3
union,3
result,3
found,3
here,3
economics,3
complete,3
term,3
academic,3
though,3
excellent,3
well,3
literature,3
abolitionist,3
avery,3
writers,3
nine,3
example,3
policies,3
friend,3
away,3
won,3
ter,3
mcglynn,3
count,3
good,3
least,3
field,3
louisiana,3
dictionary,3
around,3
radi,3
dedicated,3
annual,3
world,3
guelzo,3
poland,3
matter,3
coleman,3
upward,3
allen,3
make,3
bill,3
movement,3
reference,3
earned,3
already,3
wisconsin,3
retired,3
name,3
frederick,3
many,3
intended,3
abstract,3
larger,3
personal,3
hill,3
enough,3
where,3
practice,3
perhaps,3
free,3
ibid,3
another,3
sippi,3
use,3
urbana,3
moral,3
objection,3
men,3
spent,3
can,3
story,3
leroy,3
quarterly,3
hofstadter,3
sometimes,3
ideology,3
attention,3
begin,3
dec,3
seen,3
wilson,3
html,3
reviewing,3
potter,3
text,3
best,3
research,3
written,3
prospects,3
constitutional,3
documentary,3
subject,3
jan,3
youth,3
argument,3
write,3
finally,3
lilly,3
product,3
jefferson,3
themselves,3
scholarship,3
final,2
difficult,2
now,2
gabor,2
struggle,2
way,2
declared,2
stood,2
scholar,2
created,2
congressman,2
announced,2
alone,2
combine,2
succession,2
manuscript,2
passing,2
becoming,2
large,2
myth,2
formed,2
stephenson,2
di,2
klement,2
policy,2
western,2
tween,2
title,2
edu,2
chief,2
member,2
anything,2
briggs,2
sources,2
torical,2
sprinkling,2
greatness,2
concentrated,2
abe,2
emerged,2
editions,2
containing,2
hoffman,2
amateurs,2
capitalist,2
assess,2
rodney,2
franklin,2
tackach,2
prelude,2
atlantic,2
randalls,2
real,2
nevertheless,2
jumped,2
republicanism,2
achieved,2
gideon,2
sidelights,2
influences,2
daniel,2
system,2
epstein,2
clarence,2
right,2
installed,2
account,2
magnificent,2
logical,2
leo,2
election,2
desired,2
far,2
interviews,2
letter,2
behavior,2
harold,2
conflict,2
central,2
thus,2
ronald,2
against,2
interest,2
nicolay,2
moment,2
jr,2
insisted,2
praising,2
dis,2
rawley,2
concerning,2
http,2
find,2
drawn,2
vincent,2
compromise,2
likely,2
welles,2
act,2
yet,2
federal,2
troubled,2
assassination,2
capture,2
legal,2
certain,2
contributions,2
teillard,2
harbison,2
support,2
changes,2
presidents,2
lopsided,2
bad,2
macartney,2
literary,2
mary,2
argued,2
pragmatism,2
observations,2
four,2
show,2
origins,2
lifelong,2
winfred,2
dominant,2
important,2
opinion,2
view,2
nebraska,2
whom,2
access,2
jah,2
missouri,2
objectives,2
biographical,2
channing,2
evaluate,2
outset,2
oklahoma,2
lord,2
weik,2
focused,2
milton,2
hailed,2
however,2
ford,2
merrill,2
required,2
brooklyn,2
hopkins,2
wills,2
biographies,2
because,2
aspects,2
directly,2
line,2
nomination,2
anna,2
tool,2
brought,2
part,2
paign,2
journals,2
routinely,2
got,2
bible,2
gave,2
during,2
place,2
broad,2
partly,2
gore,2
runs,2
midwestern,2
schwartz,2
wil,2
stanford,2
sions,2
status,2
class,2
ida,2
politi,2
tone,2
social,2
hard,2
gadfly,2
cold,2
delivered,2
grew,2
next,2
foray,2
television,2
order,2
ward,2
textual,2
garry,2
decline,2
wentworth,2
st,2
notice,2
value,2
society,2
subsequently,2
critical,2
second,2
identified,2
indeed,2
service,2
exile,2
benson,2
nearly,2
hubert,2
veterans,2
reconstruction,2
antislavery,2
relationship,2
corpus,2
criticism,2
museum,2
prof,2
niven,2
salient,2
editorial,2
culture,2
teaching,2
these,2
forge,2
rise,2
lee,2
again,2
printing,2
added,2
longer,2
turner,2
minnesota,2
burkhimer,2
plan,2
estrangement,2
end,2
navy,2
impending,2
pattern,2
rhetoric,2
never,2
dorothy,2
oregon,2
dred,2
tarbell,2
strauss,2
huey,2
realize,2
sometime,2
jameson,2
father,2
birth,2
opus,2
sandage,2
eight,2
including,2
lincolniana,2
admiring,2
angle,2
largely,2
radicalism,2
academics,2
previous,2
vidal,2
platform,2
trade,2
significance,2
auden,2
comprehensive,2
profession,2
peter,2
statues,2
allowed,2
summer,2
standard,2
foner,2
become,2
orville,2
mr,2
probably,2
we,2
joint,2
professional,2
concluded,2
widely,2
division,2
justice,2
mss,2
admire,2
liberalism,2
chances,2
oakes,2
continued,2
george,2
provide,2
five,2
primarily,2
un,2
philosopher,2
volumes,2
why,2
often,2
adventure,2
respect,2
pronoun,2
premier,2
itself,2
publica,2
figured,2
considered,2
legacies,2
dissertation,2
must,2
struck,2
symbol,2
native,2
godfrey,2
checklist,2
natural,2
intellectual,2
principle,2
each,2
country,2
worth,2
illinoisan,2
seem,2
print,2
argue,2
sellers,2
post,2
ideological,2
salem,2
very,2
movie,2
senate,2
rathbone,2
merely,2
person,2
america,2
beginning,2
born,2
according,2
succeeded,2
recollections,2
conservatism,2
reelection,2
form,2
lege,2
making,2
informants,2
cause,2
suspicions,2
passed,2
manuscripts,2
debate,2
while,2
balance,2
virginia,2
suspicion,2
both,2
marble,2
joining,2
plans,2
administration,2
territory,2
com,2
woodrow,2
satisfying,2
eric,2
question,2
twentieth,2
although,2
hunter,2
followed,2
carbondale,2
guiding,2
politicians,2
col,2
philosophy,2
madison,2
recollected,2
portrait,2
pulitzer,2
pratt,2
given,2
re,2
resist,2
meeting,2
asked,2
column,1
nificance,1
taste,1
carved,1
deception,1
go,1
meth,1
undergraduate,1
complaint,1
appointees,1
done,1
along,1
child,1
accomplish,1
neutral,1
dies,1
linois,1
polish,1
evaluations,1
pur,1
lineaments,1
rev,1
generated,1
cent,1
tion,1
names,1
manent,1
defy,1
opin,1
till,1
facade,1
praised,1
truth,1
represent,1
evangelist,1
engendered,1
irrational,1
deserve,1
reconsidered,1
pushed,1
fingers,1
resulted,1
fiction,1
legitimate,1
runner,1
trans,1
worthy,1
tracked,1
tangentially,1
miguel,1
obliquely,1
per,1
briefer,1
ventional,1
willed,1
group,1
enlightening,1
parative,1
inconsequential,1
burton,1
saved,1
systematically,1
chi,1
mobility,1
dismis,1
stem,1
prime,1
conducting,1
songs,1
tures,1
asserted,1
constitutes,1
true,1
managing,1
rounded,1
coalition,1
cryptic,1
nl,1
ly,1
candidate,1
genius,1
conscious,1
premacy,1
satisfied,1
perfect,1
assumption,1
former,1
opposites,1
theatre,1
equated,1
ian,1
occurred,1
berween,1
knox,1
em,1
total,1
ambitious,1
faded,1
inclining,1
detailing,1
contented,1
defiant,1
interpretative,1
chandler,1
eye,1
incredible,1
eager,1
golden,1
princeton,1
selfless,1
advance,1
agitated,1
cullom,1
intimidate,1
credence,1
arms,1
diaries,1
fis,1
ethics,1
round,1
painful,1
fraction,1
doggedly,1
sandburgs,1
coedited,1
www,1
jesse,1
wrong,1
titles,1
embraced,1
lyman,1
ways,1
voices,1
originally,1
nietzschean,1
implications,1
wane,1
attempts,1
abound,1
hire,1
compliment,1
terrain,1
multivolume,1
degree,1
england,1
seems,1
reevaluation,1
historiography,1
resemblance,1
salmon,1
shaped,1
condescending,1
services,1
tradition,1
boyhood,1
pragmatic,1
twenty,1
broadly,1
assertion,1
daily,1
amok,1
indulge,1
confiscation,1
exfoliation,1
timing,1
accumulated,1
synthesis,1
sarcastically,1
achievement,1
follows,1
obeyed,1
government,1
despotism,1
lh,1
vigor,1
hundred,1
reunion,1
composition,1
cranky,1
uncovered,1
providence,1
olympian,1
survey,1
take,1
evolving,1
help,1
feature,1
roosevelt,1
embrace,1
disagreed,1
nonacademic,1
stand,1
respond,1
precisely,1
leaped,1
raised,1
tv,1
robber,1
reserved,1
principal,1
normal,1
ber,1
studio,1
reading,1
ity,1
theodore,1
ary,1
behind,1
johns,1
forerunner,1
causalities,1
tick,1
spiritless,1
legend,1
ad,1
marketed,1
proposals,1
akin,1
donated,1
pathfinding,1
nowhere,1
hickman,1
side,1
proceed,1
occasional,1
dearth,1
staunch,1
fiery,1
recorded,1
mensions,1
east,1
key,1
kleptocracy,1
advice,1
revolutionary,1
pub,1
misreading,1
firm,1
analytically,1
cated,1
habeas,1
holzer,1
deal,1
backbenchers,1
recruiting,1
everyman,1
opened,1
recommended,1
concentrating,1
activity,1
condition,1
international,1
player,1
slight,1
submission,1
solely,1
assn,1
bibliography,1
harles,1
insight,1
glassbergs,1
magazine,1
information,1
arenas,1
barry,1
leon,1
apart,1
invited,1
mental,1
ready,1
combination,1
say,1
except,1
sent,1
politician,1
realistic,1
desirable,1
bottom,1
apply,1
carolina,1
awaits,1
mat,1
chronic,1
barons,1
sketched,1
fragment,1
trumbull,1
harmony,1
passiv,1
attract,1
guilty,1
labor,1
human,1
nicola,1
icons,1
andrew,1
includes,1
bourgeoi,1
professionalism,1
telegrams,1
histori,1
misfortune,1
yeats,1
explained,1
development,1
quality,1
sustain,1
spun,1
unpublished,1
inaugural,1
protege,1
neighbors,1
characteristic,1
fusillade,1
consisted,1
evils,1
issued,1
cultural,1
excuses,1
conducted,1
oratorical,1
writ,1
realization,1
hurrah,1
insofar,1
clinging,1
topic,1
congregational,1
dence,1
learning,1
kind,1
guided,1
turn,1
bacon,1
cases,1
deeds,1
evident,1
times,1
nonacademics,1
statesmanship,1
convincing,1
disinclined,1
subjects,1
unhesitatingly,1
highest,1
response,1
phhhuihhi,1
extraordinary,1
output,1
fehren,1
allowing,1
wiser,1
tetchiness,1
third,1
died,1
heavy,1
weight,1
designating,1
pbbbpibbpjhbbpbbi,1
landmark,1
stimulating,1
spite,1
apotheosis,1
demonstration,1
unenlightened,1
badges,1
sun,1
swipe,1
leadership,1
professionally,1
savage,1
shall,1
influence,1
dust,1
forgeries,1
dvd,1
depths,1
liams,1
let,1
bogart,1
massey,1
alabama,1
higher,1
civilization,1
offices,1
interesting,1
alive,1
understands,1
russian,1
without,1
identification,1
stock,1
quenched,1
flurry,1
tyrell,1
partition,1
purely,1
wanting,1
doctorate,1
aimed,1
soviet,1
magisterial,1
developed,1
angeles,1
pedantry,1
affairs,1
tribunals,1
dimming,1
oversee,1
trunks,1
irrepress,1
appreciation,1
af,1
donnan,1
presentation,1
notion,1
stranger,1
conceptions,1
active,1
environments,1
reinhart,1
goes,1
opportunity,1
niche,1
proportion,1
wake,1
connected,1
cago,1
similar,1
humanity,1
importance,1
strange,1
documentaries,1
decem,1
serial,1
whitman,1
stevens,1
possess,1
lay,1
impressed,1
riposte,1
venue,1
congressional,1
biographer,1
memphis,1
forced,1
raymond,1
rant,1
monuments,1
soul,1
directory,1
recalled,1
downward,1
irritability,1
perpetuation,1
teds,1
praise,1
lished,1
postmodern,1
possibly,1
objects,1
organization,1
established,1
familiar,1
severity,1
ning,1
bit,1
disappointment,1
branch,1
clearly,1
warren,1
slavic,1
stitutional,1
placed,1
zacha,1
contemporaries,1
egregious,1
fore,1
profile,1
suspend,1
age,1
retrospective,1
resorted,1
riah,1
democratic,1
saint,1
unimpeded,1
selective,1
depart,1
sedgwick,1
circulating,1
evaluation,1
prairie,1
merited,1
seat,1
consciousnesses,1
feeble,1
weighed,1
bb,1
speechmak,1
films,1
detroit,1
strategy,1
retirement,1
categorical,1
editing,1
undertook,1
beaver,1
recitalist,1
thinks,1
meanness,1
originality,1
raw,1
opening,1
resolute,1
sive,1
trenched,1
straussian,1
confronted,1
conrad,1
edi,1
lead,1
columbia,1
concentration,1
questioned,1
completing,1
blamed,1
vanzetti,1
fortunes,1
jolt,1
iihhhhhih,1
entered,1
begun,1
hands,1
terse,1
typical,1
sights,1
martyr,1
served,1
stigmatized,1
demands,1
bitterness,1
shared,1
curiosity,1
pass,1
criticisms,1
census,1
dispute,1
arched,1
noting,1
insisting,1
bizarre,1
defiantly,1
emerge,1
ogy,1
blockade,1
burst,1
featured,1
poetry,1
base,1
representative,1
affluence,1
gressman,1
installation,1
late,1
wrongheaded,1
discs,1
further,1
fourth,1
outsize,1
supporters,1
acquire,1
equal,1
adopt,1
confected,1
debase,1
otero,1
michigan,1
leonard,1
advertise,1
province,1
appears,1
produced,1
debunked,1
qune,1
obedience,1
promise,1
suffered,1
erratic,1
otherwise,1
fish,1
russell,1
record,1
sites,1
abides,1
raphers,1
counties,1
explain,1
fox,1
awarded,1
triumph,1
photo,1
ods,1
property,1
hypercritical,1
possibility,1
illiberal,1
huge,1
affair,1
briefly,1
improve,1
outstanding,1
representatives,1
tack,1
christianity,1
minimal,1
basis,1
genre,1
closed,1
sertation,1
sity,1
hung,1
planning,1
gospel,1
industrial,1
parades,1
los,1
accu,1
preferred,1
idge,1
relegated,1
prominent,1
heavily,1
attacked,1
su,1
voxpopuli,1
training,1
slightest,1
reserve,1
unfinished,1
luce,1
confined,1
related,1
uhlmann,1
supreme,1
positions,1
description,1
criticized,1
fairy,1
savaged,1
insert,1
whole,1
used,1
realm,1
describe,1
fit,1
icon,1
collective,1
faint,1
accidental,1
prodigy,1
aide,1
percoco,1
colossal,1
statistics,1
thereafter,1
winter,1
binding,1
emancipation,1
lockean,1
weekly,1
sojourner,1
ously,1
il,1
folklore,1
endorsed,1
talented,1
preparation,1
martha,1
endorsement,1
universally,1
alliance,1
functioned,1
folkish,1
graduate,1
amazed,1
pecksniffian,1
subtle,1
pultizer,1
lifted,1
change,1
closing,1
commerce,1
sense,1
giant,1
useful,1
cham,1
things,1
son,1
bankrupted,1
catholic,1
contrast,1
emory,1
sixty,1
quite,1
allowances,1
atmosphere,1
sake,1
bank,1
family,1
nashville,1
sidelines,1
oct,1
plagiarism,1
dealers,1
eleven,1
knives,1
avengers,1
folk,1
county,1
eclipse,1
notorious,1
coauthor,1
shadows,1
attached,1
coast,1
rately,1
core,1
benner,1
vein,1
condemned,1
generally,1
panned,1
majority,1
peculiarly,1
pa,1
illinoisans,1
correspondence,1
roots,1
warded,1
amused,1
breed,1
appropriate,1
heyday,1
bever,1
passive,1
moved,1
amies,1
titanic,1
knowledge,1
invest,1
garnered,1
south,1
scored,1
stiffness,1
tasks,1
interviewing,1
georg,1
brightest,1
io,1
excludes,1
demand,1
manag,1
give,1
duty,1
contest,1
contact,1
various,1
noble,1
chase,1
meticulously,1
action,1
magnum,1
tedious,1
wendell,1
happy,1
appearances,1
motivations,1
overall,1
extremism,1
plaintively,1
secre,1
onward,1
released,1
acknowledged,1
brief,1
forward,1
merits,1
instincts,1
chandlers,1
lator,1
community,1
weary,1
inestimable,1
bert,1
heaving,1
substance,1
tor,1
standing,1
unintentional,1
initially,1
spot,1
artist,1
governorship,1
neat,1
hitherto,1
convoluted,1
aligned,1
almanac,1
religious,1
zeal,1
positive,1
single,1
brow,1
chronicle,1
portrayed,1
colleges,1
opportunities,1
majestically,1
gloom,1
makes,1
read,1
journalisms,1
serve,1
tilted,1
mindless,1
sex,1
array,1
continuity,1
den,1
columbus,1
lincolnite,1
talents,1
fifth,1
chronology,1
filmography,1
ible,1
confidence,1
neither,1
thesis,1
recruited,1
denounced,1
expediency,1
sociate,1
rko,1
paid,1
perspectives,1
ewing,1
pubs,1
bloomington,1
incompetent,1
baltimore,1
memories,1
lament,1
al,1
waved,1
provocative,1
reliance,1
noted,1
moments,1
biog,1
revenge,1
picture,1
company,1
declining,1
persuade,1
party,1
diary,1
sis,1
disposition,1
starting,1
leader,1
perplexingly,1
bartolomeo,1
attacks,1
pbhhihhphhlhhi,1
tilt,1
cades,1
swoon,1
diverting,1
kenneth,1
holz,1
bring,1
spend,1
shelf,1
pointed,1
europe,1
deserves,1
ask,1
release,1
oddities,1
fact,1
admit,1
idea,1
regents,1
limit,1
treatment,1
reunification,1
endless,1
lives,1
striking,1
advantage,1
beliefs,1
exclusion,1
tally,1
choice,1
viii,1
pretty,1
really,1
break,1
becker,1
plagued,1
shoulder,1
administrations,1
reckoned,1
program,1
charges,1
acclaim,1
photostats,1
dramas,1
tak,1
sentimentality,1
ihh,1
external,1
angels,1
forms,1
readers,1
hand,1
remade,1
do,1
likelihood,1
dazed,1
conserving,1
decisively,1
present,1
geography,1
tales,1
ironically,1
senatorial,1
road,1
secular,1
sparing,1
empire,1
establish,1
emanated,1
conces,1
unveiled,1
teachers,1
necessary,1
spoke,1
conviction,1
wartime,1
resigned,1
swing,1
heckman,1
viving,1
jarchow,1
signifi,1
ignoring,1
disenchanted,1
distance,1
style,1
proportionately,1
humdrum,1
railways,1
nobody,1
encountered,1
recommend,1
sacco,1
remained,1
fournal,1
charleston,1
summers,1
grounds,1
ubert,1
sterling,1
credit,1
crown,1
private,1
greatest,1
vast,1
dave,1
crank,1
palm,1
excluding,1
dered,1
celebrations,1
apogee,1
detestable,1
critic,1
discovery,1
explanation,1
sacrifices,1
tary,1
scheme,1
jahreviews,1
dismissive,1
helps,1
cult,1
restrained,1
idatarbell,1
alas,1
ettlinger,1
abo,1
scorned,1
upn,1
enhanced,1
stereotyping,1
fersonian,1
previously,1
looking,1
contacts,1
judge,1
template,1
samples,1
louis,1
concern,1
jacket,1
eclipsed,1
significant,1
sesquicentennial,1
operated,1
transcendent,1
francis,1
glow,1
provi,1
sequence,1
ideas,1
ployee,1
assign,1
hebraic,1
trust,1
exerted,1
prints,1
dealer,1
full,1
deemed,1
thomass,1
dismissed,1
described,1
rumors,1
shrewd,1
rejected,1
ties,1
seldom,1
ard,1
diplomacy,1
deduce,1
reward,1
disheartening,1
ah,1
republi,1
virtues,1
soldiers,1
dominated,1
workers,1
held,1
secreted,1
ciety,1
individual,1
driveling,1
symposium,1
christopher,1
started,1
like,1
thom,1
period,1
spread,1
appointment,1
mount,1
features,1
high,1
socratic,1
mexico,1
administrative,1
shortly,1
earlier,1
chilly,1
ted,1
wish,1
offense,1
pupil,1
exchange,1
gets,1
faith,1
priest,1
parallel,1
parade,1
chapel,1
unreasoning,1
eloquent,1
glenn,1
awakening,1
relation,1
statesman,1
respectively,1
exactly,1
displayed,1
sig,1
enjoyed,1
cognition,1
specialized,1
extravagance,1
postwar,1
shidpens,1
capitalism,1
schlesinger,1
irascible,1
northern,1
selfishness,1
becom,1
saw,1
vindictive,1
donalds,1
litionism,1
governor,1
walsh,1
ellery,1
peterson,1
sole,1
decay,1
jef,1
disgusted,1
attended,1
reluctant,1
gifted,1
colder,1
revolved,1
glassberg,1
trails,1
european,1
carried,1
suggest,1
rupt,1
mansion,1
accepting,1
christian,1
moreover,1
fascism,1
imply,1
circle,1
excuse,1
declaration,1
cance,1
publishing,1
note,1
equals,1
bureau,1
she,1
independent,1
seventeen,1
science,1
bold,1
within,1
lessly,1
relieved,1
vision,1
bartons,1
starchiest,1
ership,1
pieces,1
longtime,1
hhiihihihhhih,1
celebration,1
inside,1
cn,1
fewer,1
exists,1
resumed,1
independence,1
success,1
appointments,1
recourse,1
venues,1
uncompleted,1
memoirists,1
restart,1
cher,1
began,1
determination,1
transformation,1
contributor,1
memorable,1
spanning,1
analyz,1
assemble,1
boulder,1
successor,1
inspired,1
satisfaction,1
fall,1
spotlight,1
grade,1
baron,1
surprising,1
entertainment,1
emerging,1
oppenheim,1
face,1
fatten,1
arts,1
careworn,1
hermeneutics,1
occupies,1
legitimately,1
inheres,1
slip,1
hihhiihh,1
photographs,1
cam,1
recognizably,1
entertain,1
burned,1
enigma,1
sections,1
assistant,1
meant,1
presidency,1
bowker,1
seriously,1
wars,1
eschewed,1
dependable,1
shadow,1
sketches,1
fifteen,1
monument,1
liked,1
sitcom,1
cromwell,1
lihhhhhhihh,1
firsthand,1
mann,1
uhl,1
hhhhh,1
univer,1
changing,1
demonstrate,1
ever,1
accounts,1
rigidly,1
extension,1
scrutiny,1
irrepressible,1
rival,1
emancipator,1
minis,1
rapturous,1
unappreciated,1
drew,1
suf,1
ideol,1
quickly,1
force,1
ran,1
chided,1
exaltation,1
glowing,1
partner,1
refused,1
frequency,1
monthly,1
hoover,1
halt,1
languages,1
cemetery,1
scientist,1
academicians,1
biogra,1
concession,1
spiritual,1
novel,1
december,1
prolific,1
commission,1
setting,1
hays,1
celebratory,1
ubiquitous,1
leaders,1
embarrassed,1
prominence,1
tandem,1
quash,1
herek,1
stupendous,1
vicious,1
eventually,1
iii,1
ported,1
liblilly,1
particularly,1
er,1
exhibits,1
audience,1
useless,1
associations,1
placing,1
ascendancy,1
consciousness,1
better,1
places,1
ticket,1
sie,1
laurentiis,1
elevated,1
dismissal,1
knows,1
drop,1
pardon,1
suffering,1
nonfiction,1
abstruse,1
notable,1
ala,1
selected,1
expres,1
involvement,1
want,1
orleans,1
climacteric,1
corus,1
comes,1
add,1
metaphor,1
blandishments,1
burg,1
ruin,1
theory,1
novelty,1
leaving,1
problem,1
lightening,1
telegram,1
injunction,1
graff,1
complain,1
brilliant,1
studying,1
require,1
original,1
noticed,1
influenced,1
indifference,1
skillfully,1
listed,1
quincy,1
pers,1
abolitionism,1
rally,1
ofw,1
categories,1
art,1
size,1
bacher,1
backstage,1
practical,1
some,1
researchers,1
boston,1
presented,1
org,1
exploitative,1
parsing,1
circumstances,1
careful,1
recognition,1
city,1
despite,1
content,1
press,1
role,1
unrealistic,1
ac,1
mayor,1
waning,1
step,1
assumptions,1
went,1
incensed,1
screen,1
secured,1
treasury,1
expendi,1
smacked,1
colonial,1
pop,1
cals,1
using,1
pole,1
oeuvre,1
heroic,1
tions,1
gar,1
complaints,1
our,1
nov,1
come,1
democracies,1
coles,1
promoted,1
enthusiasm,1
moderate,1
surren,1
spring,1
arrogant,1
chaired,1
spiked,1
cycle,1
sharpest,1
shrift,1
numerous,1
tempera,1
authored,1
parricide,1
antidemocratic,1
newsletter,1
shrunk,1
course,1
contributed,1
offer,1
phy,1
changeth,1
fered,1
typically,1
amplication,1
upon,1
land,1
cooper,1
spellbinding,1
evidence,1
sur,1
opinions,1
smaller,1
writer,1
sniffed,1
partisanship,1
nominee,1
piece,1
prospect,1
defined,1
mvhrs,1
posterity,1
cendancy,1
whiggish,1
ions,1
shift,1
superintendent,1
speak,1
aguelzo,1
repealed,1
ruth,1
fonda,1
inclination,1
specific,1
territories,1
cousin,1
biased,1
withdrew,1
votes,1
plethora,1
damned,1
reached,1
resent,1
supporter,1
exclusively,1
element,1
fobbing,1
delicate,1
hometown,1
mature,1
ends,1
zachariah,1
north,1
famous,1
statement,1
virtue,1
building,1
broader,1
doing,1
roles,1
tendentious,1
close,1
vvww,1
grants,1
