WORDCOUNTS,WEIGHT
the,1330
of,938
and,766
in,495
a,313
to,299
spanish,162
p,140
that,136
for,128
america,123
was,122
as,117
de,115
pp,109
new,105
on,102
spain,101
this,100
american,99
by,97
s,96
la,95
see,92
it,91
its,87
independence,79
political,77
with,76
from,76
which,74
latin,67
were,65
not,63
an,62
revolution,61
is,57
monarchy,49
atlantic,48
empire,44
colonial,44
but,43
historical,42
london,41
madrid,40
history,39
has,39
or,38
journal,37
state,36
historians,35
cambridge,35
en,35
their,35
y,34
world,34
century,33
bourbon,33
economic,33
into,32
these,32
at,31
one,31
between,31
be,31
el,30
there,29
have,29
national,29
they,28
crown,28
enlightenment,27
war,26
éd,26
eds,26
historiographical,26
been,26
recent,26
identity,25
imperial,25
del,24
states,24
studies,23
crisis,23
peninsular,23
had,22
nation,22
research,22
las,22
liberal,21
sovereignty,21
who,21
those,20
impact,20
example,20
more,20
john,20
guerra,20
review,20
cortes,19
cadiz,19
however,19
peninsula,19
m,19
late,19
reviews,19
only,19
period,19
now,18
are,18
military,18
government,18
central,18
adelman,18
los,18
josé,18
culture,18
social,18
reform,18
mexico,18
early,18
nineteenth,17
europe,17
most,17
view,17
rule,17
cultural,17
society,17
after,17
particularly,17
economy,17
formation,17
o,16
historiography,16
other,16
carlos,16
his,16
constitution,16
brading,16
oxford,16
power,16
trade,16
espana,16
if,15
dissolution,15
first,15
i,15
british,15
politics,15
nationalism,15
even,15
than,15
age,15
peru,15
part,15
créole,15
past,15
while,15
lynch,15
both,15
charles,15
authority,14
reforms,14
two,14
also,14
david,14
identities,14
j,13
rather,13
role,13
during,13
change,13
rodriguez,13
including,13
granada,13
movements,13
when,13
then,13
revolutions,13
instead,13
per,12
royal,12
ideas,12
all,12
york,12
certain,12
argued,12
colonies,12
through,12
french,12
debates,12
mcfarlane,12
eighteenth,12
would,12
britain,12
foreign,12
colonialism,12
anthony,11
cent,11
e,11
policy,11
such,11
against,11
may,11
americans,11
cuba,11
origins,11
could,11
revolt,11
indian,11
local,11
made,11
ny,11
european,11
earle,11
did,11
c,11
among,11
long,10
within,10
colombia,10
old,10
concerning,10
manuel,10
failed,10
how,10
bolivar,10
absolutism,10
though,10
well,10
nc,10
nations,10
chust,10
about,10
many,10
historia,10
efforts,10
forms,10
so,10
pagden,10
often,10
united,10
elites,10
scholarly,10
patriotism,10
some,10
until,10
institutional,10
major,10
liberals,9
revolutionary,9
h,9
before,9
chiaramonte,9
dym,9
no,9
process,9
una,9
créoles,9
furthermore,9
durham,9
because,9
work,9
loss,9
he,9
second,9
estado,9
thought,9
transatlantic,9
produced,9
previously,9
elite,9
maria,9
haven,9
liberalism,9
institutions,9
concerns,9
over,9
control,9
far,9
form,9
problem,9
suggests,9
americas,9
france,9
ferdinand,8
modern,8
liberty,8
great,8
buenos,8
king,8
ct,8
perspective,8
spite,8
rights,8
whose,8
represented,8
study,8
stein,8
empires,8
theory,8
decades,8
naciôn,8
elliott,8
edn,8
emancipation,8
order,8
autonomy,8
sovereign,8
yet,8
reformers,8
perspectives,8
army,8
legitimacy,8
analysis,8
itself,8
considered,8
wars,8
following,8
intellectual,8
different,8
barcelona,8
quoted,8
what,8
them,8
little,8
commercial,8
rejection,8
fiscal,8
way,7
context,7
response,7
enlightened,7
recognized,7
earlier,7
nor,7
too,7
w,7
herr,7
histories,7
out,7
future,7
literature,7
narratives,7
policies,7
least,7
commerce,7
composite,7
resistance,7
south,7
still,7
victor,7
under,7
neither,7
antonio,7
end,7
never,7
polities,7
remained,7
years,7
simon,7
rio,7
processes,7
vii,7
junta,7
course,7
administrative,7
anderson,7
transformation,7
centuries,7
emerging,7
monarquia,7
william,7
whether,7
constitutional,7
emphasis,7
popular,7
must,7
chile,7
public,7
francisco,7
scholarship,7
debate,7
traditional,7
broader,7
final,6
just,6
led,6
complex,6
ways,6
rey,6
creation,6
nature,6
tradition,6
together,6
geopolitical,6
despotism,6
debt,6
last,6
system,6
richard,6
collapse,6
development,6
jeremy,6
slave,6
networks,6
communication,6
consequences,6
argues,6
greater,6
radical,6
failure,6
deputies,6
claim,6
r,6
employed,6
xviii,6
sense,6
several,6
villages,6
maxwell,6
republican,6
gabriel,6
community,6
people,6
book,6
toward,6
l,6
scholars,6
aires,6
caribbean,6
general,6
interpretations,6
garcia,6
separate,6
sigh,6
kenneth,6
crucial,6
espanol,6
life,6
composed,6
kingdoms,6
regime,6
each,6
iii,6
ideological,6
nascent,6
juan,6
spaces,6
city,6
press,6
became,6
coatsworth,6
antiguo,6
observed,6
d,6
introduction,5
essays,5
princeton,5
hamnett,5
entangled,5
regimen,5
resulting,5
less,5
fernando,5
account,5
conflict,5
abdication,5
run,5
group,5
topic,5
turn,5
centeno,5
argentina,5
slavery,5
growth,5
across,5
developed,5
population,5
support,5
metropolis,5
organization,5
established,5
esdaile,5
consciousness,5
whereas,5
result,5
relation,5
international,5
events,5
amaru,5
hispanic,5
further,5
equal,5
recently,5
silver,5
preconditions,5
concept,5
older,5
transoceanic,5
suggest,5
governments,5
fully,5
up,5
esp,5
flourished,5
related,5
equality,5
subject,5
limited,5
might,5
place,5
tax,5
same,5
baltimore,5
present,5
conceived,5
demographic,5
idea,5
iberian,5
jaime,5
napoleon,5
tupac,5
existing,5
another,5
insurrection,5
questions,5
passim,5
rebecca,5
christopher,5
legacy,5
imagination,5
influences,5
ideology,5
andean,5
espanola,5
citizenship,5
existed,5
gonzalez,5
historian,5
md,5
republics,5
loyalty,5
portillo,5
explanations,5
making,5
accounts,5
status,5
plata,5
nj,5
précipitants,5
multiple,5
prospect,5
wrought,5
evidence,5
views,5
north,5
ca,5
hispânicas,4
groups,4
created,4
alone,4
miguel,4
federation,4
conflicts,4
stone,4
formed,4
english,4
mexican,4
approaches,4
upheaval,4
unintended,4
myriad,4
diffusion,4
production,4
taken,4
restoration,4
attempt,4
pensamiento,4
coalescence,4
integrate,4
universal,4
racial,4
politico,4
portugal,4
teleological,4
matthew,4
naciones,4
iv,4
possible,4
aspects,4
shared,4
thus,4
throughout,4
dynamics,4
ilustrados,4
transnational,4
integral,4
phelan,4
moment,4
diplomatic,4
drawn,4
critique,4
decline,4
higher,4
ultramarine,4
remain,4
importance,4
parts,4
disintegration,4
factors,4
changes,4
notwithstanding,4
university,4
révolution,4
image,4
entrenched,4
juntas,4
attitudes,4
followed,4
suggested,4
bureaucracy,4
conquest,4
indias,4
based,4
municipalities,4
demise,4
occupation,4
third,4
andes,4
imagined,4
reality,4
knight,4
gave,4
own,4
alan,4
patriots,4
responses,4
officials,4
wider,4
figure,4
dramatic,4
pa,4
interests,4
valuable,4
seemed,4
will,4
contended,4
expansion,4
sobre,4
single,4
simultaneous,4
incipient,4
thesis,4
insights,4
heritage,4
lôgicas,4
revenue,4
uprisings,4
rhetoric,4
question,4
caracas,4
andrien,4
model,4
innovative,4
habsburg,4
creole,4
levels,4
perhaps,4
stanford,4
siglo,4
free,4
vast,4
upon,4
emphasize,4
privileges,4
alternative,4
real,4
nevertheless,4
significance,4
revoluciones,4
three,4
modernization,4
held,4
federal,4
latter,4
municipal,4
understanding,4
conclusions,4
include,4
figures,4
we,4
tendency,4
brown,4
puerto,4
aspirations,4
para,4
independent,4
continued,4
bonds,4
directions,4
began,4
discourse,4
paquette,4
construction,4
stable,4
legacies,4
pueblos,4
consensus,4
comparative,4
neglected,4
global,4
capital,4
leaders,4
spaniards,4
sought,4
disputes,4
overarching,4
nationalist,4
pact,4
trinity,4
character,4
quito,4
extent,4
structures,4
anna,4
stern,4
recognition,4
democratic,4
unitary,4
sparked,4
ultimately,4
defeat,4
extensive,4
land,4
effects,4
prosperity,4
shift,4
themselves,4
much,4
should,4
countryside,3
revisionist,3
declared,3
rev,3
already,3
engendered,3
resulted,3
college,3
legitimate,3
notably,3
church,3
basingstoke,3
ma,3
imperialism,3
absolutist,3
former,3
ideals,3
western,3
something,3
revision,3
absence,3
themes,3
t,3
jorge,3
exclusive,3
attempts,3
chaos,3
vols,3
england,3
nefarious,3
bourbons,3
confusion,3
differences,3
narrative,3
kingdom,3
persistence,3
mind,3
written,3
reading,3
trials,3
legend,3
existence,3
minguez,3
resilience,3
draws,3
right,3
contemporary,3
souto,3
cooperation,3
reaction,3
brazil,3
very,3
sent,3
laws,3
cartagena,3
atlântica,3
benedict,3
warfare,3
modem,3
here,3
tribute,3
sphere,3
bogota,3
dependence,3
elucidates,3
whitaker,3
initial,3
pursuit,3
realized,3
peter,3
proliferated,3
interest,3
soberania,3
edifice,3
havana,3
disruptive,3
term,3
unity,3
developments,3
constitutions,3
patria,3
body,3
extraordinary,3
jurisdictions,3
served,3
myth,3
competition,3
castas,3
compromise,3
using,3
communities,3
rooted,3
monopolies,3
main,3
segunda,3
ilustrada,3
influential,3
revenues,3
paz,3
legal,3
colom,3
special,3
republicans,3
references,3
provinces,3
dissent,3
birth,3
revolutionaries,3
articulated,3
four,3
monarch,3
blood,3
terminology,3
internal,3
symbolized,3
opinion,3
myths,3
trajectories,3
access,3
societies,3
found,3
conservative,3
explanatory,3
effort,3
monarchies,3
vigorous,3
representative,3
fourth,3
fisher,3
excellent,3
explain,3
despotic,3
problema,3
directly,3
overlapping,3
undermined,3
xix,3
throne,3
provincial,3
participation,3
scope,3
reid,3
byron,3
preferred,3
prompted,3
brought,3
explains,3
civil,3
broad,3
collective,3
survey,3
forces,3
contentious,3
rise,3
cast,3
project,3
class,3
alliance,3
isabel,3
redistribution,3
regions,3
wi,3
endowed,3
distinguished,3
generally,3
majority,3
notes,3
value,3
activities,3
humphreys,3
subsequently,3
appeal,3
f,3
demand,3
cuban,3
minor,3
bayonne,3
matter,3
territorial,3
separation,3
indeed,3
synthesis,3
prevailing,3
unprecedented,3
rebellions,3
religious,3
prefigured,3
pivotal,3
precondition,3
serve,3
soon,3
disastrous,3
perceived,3
informal,3
raise,3
light,3
rightly,3
abdications,3
lord,3
miller,3
naval,3
robust,3
reports,3
significant,3
reliance,3
noted,3
increasingly,3
regional,3
picture,3
patriotic,3
nationhood,3
aldershot,3
don,3
indies,3
burgeoning,3
abstract,3
conspiracies,3
classical,3
accession,3
doubt,3
pattern,3
patterns,3
bethell,3
revolts,3
michael,3
hispânica,3
material,3
colony,3
nueva,3
metropolitan,3
centralization,3
mallon,3
imperio,3
origenes,3
robertson,3
lost,3
background,3
restrictions,3
explanation,3
values,3
limitations,3
slaves,3
region,3
proved,3
independencia,3
persisted,3
chs,3
approach,3
causes,3
galvanized,3
exports,3
provoked,3
andrews,3
like,3
black,3
article,3
chapel,3
disaggregation,3
create,3
successful,3
tactics,3
effect,3
rupture,3
structure,3
james,3
quarterly,3
regimes,3
sole,3
george,3
science,3
sometimes,3
claimed,3
hill,3
primarily,3
vanquish,3
detailed,3
southey,3
force,3
supposedly,3
recognize,3
education,3
fontana,3
citizens,3
durability,3
associated,3
conclusion,3
principles,3
agents,3
unleashed,3
improvement,3
few,3
napoleonic,3
comunero,3
patriot,3
natural,3
época,3
mutually,3
chartier,3
alvarez,3
tendencies,3
books,3
assumed,3
ubiquitous,3
emergence,3
shifts,3
haitian,3
armitage,3
works,3
rebellion,3
larson,3
property,3
andres,3
episode,3
constitutionalism,3
doctrines,3
espafia,3
simply,3
decisive,3
callahan,3
african,3
territory,3
silva,3
merchant,3
challenges,3
independencias,3
belated,3
advent,3
twentieth,3
discursive,3
ilustraciôn,3
ilustracion,3
unified,3
programme,3
madison,3
remains,3
offered,3
civic,3
era,3
divergent,3
strong,3
philippines,3
gran,3
catalysed,2
democracy,2
bernard,2
does,2
moreno,2
abolition,2
decentralized,2
explosion,2
possessed,2
rate,2
obstacle,2
protests,2
corporate,2
generous,2
pittsburgh,2
separated,2
culminated,2
market,2
hispana,2
schism,2
shipbuilding,2
imperios,2
seizure,2
eliminated,2
ultimate,2
pushed,2
gallagher,2
overhaul,2
ayacucho,2
replaced,2
mounted,2
integrity,2
agency,2
use,2
needed,2
tend,2
ruiz,2
linkages,2
mulattos,2
clumsy,2
sudden,2
cristina,2
struggle,2
justified,2
patagonia,2
necessarily,2
proven,2
occurred,2
habits,2
vestiges,2
total,2
ambitious,2
carnage,2
expressed,2
valencia,2
iberoamérica,2
uses,2
nuevas,2
source,2
experience,2
accumulation,2
shades,2
came,2
destabilizing,2
modest,2
decreasingly,2
escosura,2
aftermath,2
steady,2
trend,2
brien,2
absolutists,2
guerrilla,2
emerged,2
immense,2
exercise,2
seigneurial,2
accompanied,2
puritan,2
analyses,2
liverpool,2
transferred,2
mercenaries,2
ceremonies,2
experiments,2
deemed,2
paltry,2
introduces,2
fresh,2
rafael,2
nm,2
nicaragua,2
robert,2
blaufarb,2
behind,2
daniel,2
triggered,2
case,2
customs,2
alejandro,2
described,2
harvest,2
linear,2
autonomous,2
jurisdictional,2
constructing,2
aline,2
opened,2
magnificent,2
fl,2
worlds,2
foreigners,2
powers,2
mutual,2
sedition,2
diss,2
contraband,2
decoding,2
grandiose,2
due,2
anticipated,2
negotiation,2
facto,2
collection,2
harold,2
framework,2
venezuela,2
exposed,2
dislocation,2
goal,2
centralized,2
systemic,2
merchants,2
eventual,2
estructura,2
roger,2
points,2
pursue,2
since,2
domingo,2
g,2
findings,2
relations,2
cabecillas,2
miranda,2
privilege,2
forced,2
guided,2
priority,2
cases,2
prados,2
person,2
chilean,2
refer,2
young,2
ally,2
honour,2
witnessed,2
prime,2
gaze,2
recapitulates,2
deeply,2
indigenous,2
traditions,2
lens,2
castro,2
insurgent,2
transactions,2
nuanced,2
stanley,2
subversive,2
loyal,2
opposed,2
philadelphia,2
fleet,2
essential,2
heroism,2
bonapartist,2
regency,2
bailyn,2
janeiro,2
affairs,2
culminating,2
patronage,2
cohort,2
ch,2
opportunity,2
progressive,2
similar,2
santo,2
lay,2
moreover,2
enlistment,2
javier,2
expedite,2
cause,2
dichotomy,2
key,2
blanning,2
reverberation,2
consolidate,2
fortifications,2
mary,2
house,2
decade,2
contemporaries,2
weak,2
resorted,2
superior,2
ecuador,2
challenged,2
albuquerque,2
spirit,2
dimensions,2
notions,2
relatos,2
varela,2
expulsion,2
feeble,2
dominant,2
vehicles,2
important,2
marixa,2
export,2
strategy,2
providing,2
drawing,2
thrust,2
riots,2
legislative,2
acceptable,2
achieved,2
included,2
alienation,2
modernity,2
trigger,2
baton,2
seven,2
objectives,2
deal,2
ortega,2
marichal,2
base,2
markets,2
localisms,2
frasquet,2
competitive,2
stressing,2
attracts,2
applied,2
scale,2
grounds,2
troops,2
spiritual,2
rest,2
required,2
triumph,2
precursors,2
eduardo,2
basis,2
revealed,2
conspiracy,2
discarded,2
implement,2
teoria,2
apparent,2
negative,2
actors,2
feared,2
criticized,2
ten,2
restructuring,2
port,2
used,2
overview,2
realm,2
describe,2
ricardo,2
eighteenthcentury,2
lady,2
ivan,2
justification,2
reflect,2
overseas,2
compact,2
monopoly,2
won,2
breakdown,2
conceive,2
functioned,2
polity,2
attributed,2
abolish,2
multiplicity,2
ruinous,2
caused,2
xxvi,2
ago,2
field,2
adherents,2
stage,2
generation,2
catholic,2
contrast,2
settlement,2
anarchy,2
around,2
sufficient,2
trienio,2
propelled,2
transfer,2
temporary,2
invoke,2
vacuum,2
republicanism,2
coast,2
core,2
conquistadors,2
bulletin,2
examines,2
carrera,2
roots,2
seville,2
waiting,2
garrett,2
barbara,2
defended,2
units,2
situation,2
various,2
convinced,2
identified,2
action,2
grand,2
short,2
revival,2
brian,2
civilization,2
schemes,2
return,2
burkholder,2
brief,2
islands,2
exception,2
espanoles,2
competing,2
assumptions,2
intervention,2
antislavery,2
domination,2
movement,2
modes,2
southern,2
simultaneously,2
abrupt,2
surveyed,2
structural,2
spectacular,2
roberto,2
fighting,2
americanos,2
depicted,2
ultramarina,2
turmoil,2
violence,2
politica,2
octavio,2
wake,2
periodical,2
repressive,2
requiring,2
notable,2
borrowed,2
evolved,2
liberator,2
fifth,2
inspiration,2
doceanista,2
yoke,2
largest,2
without,2
boost,2
dominguez,2
members,2
name,2
challenge,2
links,2
mark,2
again,2
deserves,2
similarly,2
inquisition,2
analytical,2
outside,2
conduct,2
recurrent,2
mito,2
instability,2
leiva,2
time,2
borne,2
diverse,2
sturdy,2
antecedents,2
fashion,2
observes,2
fragments,2
minister,2
interim,2
enough,2
took,2
hand,2
nieto,2
fledged,2
do,2
paris,2
remarkable,2
derivative,2
manner,2
shown,2
accepted,2
income,2
jordana,2
answer,2
council,2
necessary,2
norms,2
native,2
compelled,2
controversy,2
cogently,2
neo,2
threats,2
reflected,2
day,2
notion,2
interpreting,2
iq,2
credit,2
dominions,2
coherent,2
private,2
discussion,2
rivalry,2
father,2
examples,2
apogee,2
utility,2
tulio,2
artola,2
guinea,2
muriel,2
anathema,2
encouraged,2
elections,2
contradictions,2
kuethe,2
illusion,2
deleterious,2
operated,2
assumption,2
decreed,2
factor,2
contends,2
shorn,2
superabundance,2
discontinuity,2
full,2
lasso,2
write,2
cataclysmic,2
theories,2
federalism,2
rouge,2
involves,2
cultura,2
consult,2
stress,2
lamented,2
agreement,2
essay,2
counter,2
anachronistic,2
individual,2
external,2
features,2
high,2
paths,2
renewal,2
standard,2
constituted,2
especially,2
problems,2
bârbaros,2
labour,2
k,2
parallel,2
normally,2
let,2
topics,2
deliberate,2
enjoyed,2
seeking,2
bestowed,2
overthrow,2
bolivia,2
embodied,2
fradera,2
setbacks,2
independenda,2
rico,2
consulado,2
suggestion,2
rebel,2
backward,2
precious,2
traditionalism,2
bound,2
vague,2
contraction,2
entity,2
helg,2
favour,2
leslie,2
mirror,2
male,2
vertiginous,2
predatory,2
success,2
un,2
lawrence,2
area,2
littoral,2
hispanoamérica,2
thurner,2
regionalism,2
inspired,2
fuentes,2
pristine,2
caste,2
teresa,2
types,2
articles,2
diminished,2
enigma,2
suggestions,2
seriously,2
authorities,2
deposited,2
any,2
thinking,2
elected,2
aspiring,2
practice,2
governmental,2
colonization,2
changing,2
incorporated,2
transcendencia,2
peoples,2
josep,2
invoked,2
partnerships,2
known,2
rival,2
triggers,2
drew,2
receipts,2
uruguay,2
print,2
legislature,2
berkeley,2
forfeiture,2
liberalismo,2
correspond,2
sublevado,2
ilustrado,2
exigencies,2
interested,2
exploration,2
prominence,2
bayly,2
half,2
metals,2
regard,2
domestic,2
gap,2
unicameral,2
benefit,2
number,2
understudied,2
russia,2
rural,2
protracted,2
merely,2
places,2
irigoin,2
justify,2
growing,2
ideologies,2
coites,2
bristol,2
particular,2
terms,2
creoles,2
varying,2
involvement,2
academia,2
grafe,2
agricultural,2
adaptation,2
limbs,2
periphery,2
precursor,2
bureaucratic,2
pursued,2
cârcel,2
yield,2
parchments,2
mitad,2
revista,2
freedom,2
qfrancesados,2
apparatus,2
level,2
ill,2
peralta,2
conclude,2
nationstate,2
republic,2
gasset,2
transition,2
administration,2
regulated,2
everywhere,2
confronted,2
commodities,2
possessions,2
treasury,2
accentuate,2
phenomenon,2
representation,2
oceanic,2
postcolonial,2
cumulative,2
canny,2
our,2
shores,2
models,2
annino,2
bicentenary,2
quest,2
wielded,2
defence,2
efficacy,2
strikingly,2
exploitation,2
offer,2
consolidated,2
need,2
enjoying,2
ciudad,2
irreconcilable,2
attempted,2
off,2
belaubre,2
association,2
increased,2
conde,2
archaic,2
désintégration,2
blacks,2
territories,2
ser,2
compounded,2
desired,2
weber,2
point,2
johnson,2
reached,2
mornet,2
substantial,2
defensa,2
interaction,2
focus,2
enhanced,2
perception,2
heterogeneous,2
burdiel,2
nacwny,1
nicholas,1
courts,1
perspicacious,1
variation,1
difficult,1
crumpling,1
defeats,1
generaciony,1
huntington,1
pervaded,1
reckoning,1
portuguese,1
grieved,1
autocracy,1
thwarted,1
sermons,1
produces,1
incubated,1
gbbal,1
along,1
doubts,1
deny,1
obligations,1
precepts,1
limits,1
calibrated,1
diffie,1
appealed,1
common,1
implemented,1
equipoise,1
medievalism,1
heroic,1
arcaismo,1
concerned,1
ayres,1
later,1
estate,1
academic,1
generated,1
repossession,1
cataclysm,1
constitucionalismo,1
effected,1
pull,1
ripe,1
geopolitics,1
integrating,1
scholar,1
pity,1
she,1
baneful,1
modernize,1
defining,1
widening,1
identidad,1
clashing,1
wortman,1
expedition,1
episodes,1
paroxysm,1
overstated,1
sovereignties,1
chilena,1
caudillos,1
marian,1
variety,1
albeit,1
rory,1
originating,1
succinct,1
considerably,1
poblaciones,1
vacatio,1
maclachlan,1
cuevas,1
cayetana,1
disregard,1
unblock,1
linguistic,1
slouched,1
negotiations,1
deride,1
sympathetic,1
forcing,1
grandezay,1
catechisms,1
large,1
measurable,1
miners,1
partially,1
unsatisfactory,1
adapting,1
systematically,1
awaited,1
fate,1
elaborated,1
nostalgia,1
properly,1
leando,1
assessment,1
reassessment,1
nouveau,1
guerrillas,1
precede,1
oratory,1
insurgency,1
europeos,1
regis,1
cravings,1
true,1
atraso,1
continent,1
solidarity,1
strictly,1
sinister,1
coalition,1
walker,1
easily,1
rediscovered,1
adventure,1
francesa,1
guimerâ,1
benefits,1
park,1
conscious,1
decrees,1
waddell,1
boulder,1
prodding,1
melilla,1
florentino,1
implosion,1
oppressive,1
earnest,1
endured,1
devices,1
servitude,1
cycles,1
resurgence,1
bubble,1
virtually,1
hegemony,1
title,1
laid,1
bilbao,1
em,1
cusp,1
dc,1
robinson,1
assisted,1
espanay,1
fragile,1
accent,1
accomplishments,1
service,1
assume,1
induced,1
chapter,1
contested,1
chandler,1
constitucional,1
contest,1
uplifting,1
chief,1
ips,1
deed,1
pioneers,1
barbier,1
despatch,1
dissipate,1
mantecôn,1
practices,1
permitted,1
root,1
laguerra,1
assaults,1
charity,1
formidable,1
hensel,1
contained,1
evaluations,1
rising,1
boil,1
uprising,1
reinos,1
tantalizingly,1
expanding,1
invoking,1
printmen,1
estimated,1
hispantco,1
comuneros,1
else,1
mitre,1
historiografia,1
voices,1
unearthed,1
marco,1
negra,1
mauro,1
lateral,1
métropole,1
vacio,1
caroline,1
turbulence,1
frankfurt,1
vos,1
certainly,1
inexorable,1
swelling,1
preceding,1
childs,1
regeneration,1
sad,1
pervasive,1
tiempo,1
gained,1
reappear,1
medieval,1
tamper,1
separatist,1
cinco,1
give,1
resentment,1
bereft,1
possesses,1
thrive,1
secretary,1
assist,1
geggus,1
rare,1
actor,1
downplay,1
incomplete,1
inchoate,1
alienating,1
retreat,1
trinidad,1
sherry,1
maintains,1
stock,1
strangers,1
reimposed,1
canovas,1
detritus,1
containing,1
jostled,1
unanimity,1
able,1
reach,1
shaped,1
allan,1
incessant,1
revoludones,1
comerdo,1
shunned,1
phil,1
pragmatic,1
chapters,1
assess,1
uneasy,1
formulations,1
metamorphosed,1
desire,1
undertake,1
poverty,1
enduring,1
conditions,1
momentum,1
thank,1
gradual,1
kinsbruner,1
obstinacy,1
îndependencia,1
potentially,1
wave,1
origin,1
indifferent,1
rich,1
torres,1
godoy,1
achievement,1
shot,1
revisions,1
gavillas,1
studied,1
ephemeral,1
ritmos,1
complexity,1
substantive,1
mexicana,1
reveal,1
generalizations,1
concludes,1
atahualpa,1
report,1
exalted,1
fe,1
uncovered,1
immeasurably,1
religion,1
coclanis,1
monograph,1
illegitimacy,1
redistribute,1
graham,1
soledad,1
simm,1
subsequent,1
ronald,1
coffee,1
creator,1
xx,1
embrace,1
particularism,1
leandro,1
jealously,1
meantime,1
critically,1
ondon,1
emphasized,1
greatly,1
precisely,1
concepts,1
mentalidad,1
principal,1
malaspina,1
cuerpo,1
corroborate,1
opposite,1
physical,1
surely,1
discipline,1
somewhat,1
governors,1
purportedly,1
dd,1
guards,1
superficially,1
gadalso,1
discurso,1
lenguqje,1
obviate,1
worldwide,1
intersection,1
reconsidered,1
trono,1
explosive,1
sq,1
producing,1
esprit,1
nowhere,1
elgobierno,1
acknowledged,1
afterword,1
actitud,1
inclusive,1
takes,1
inefficiently,1
deified,1
confusedly,1
forward,1
botanical,1
promulgated,1
restitution,1
decadenda,1
provocative,1
mood,1
attacked,1
plausible,1
attribute,1
grudgingly,1
patronato,1
money,1
centralist,1
postindependence,1
blackburn,1
alejandra,1
discontent,1
ventures,1
synecdoche,1
neutralize,1
bleichmar,1
jack,1
rejuvenated,1
mythology,1
indirectly,1
low,1
placement,1
replacement,1
capable,1
reorganization,1
marked,1
mundo,1
reinado,1
xv,1
dysfunction,1
andjosep,1
stave,1
schedule,1
visionary,1
plague,1
establishing,1
jde,1
taxation,1
ricochet,1
insight,1
crowned,1
information,1
jure,1
transcend,1
addition,1
hispânico,1
plantacion,1
amicable,1
mounting,1
whatever,1
apart,1
pirates,1
combination,1
peggy,1
striven,1
supply,1
mater,1
except,1
sporadically,1
seco,1
disparities,1
paving,1
guerillas,1
timothy,1
exchanges,1
conception,1
mores,1
spoilt,1
dynamic,1
literal,1
bonapartes,1
apply,1
reconstruction,1
dispute,1
fragmented,1
heretical,1
promises,1
himself,1
spurred,1
independenciay,1
identifies,1
forged,1
letter,1
mystifying,1
stirring,1
burden,1
stalemates,1
analyse,1
guano,1
invader,1
drayton,1
airesl,1
reassessments,1
losfamosos,1
sanchez,1
lustre,1
vassals,1
soto,1
son,1
signal,1
voracious,1
fitfully,1
karen,1
usage,1
overcome,1
possessing,1
ceuta,1
accommodate,1
andrew,1
losada,1
crossing,1
emerge,1
denying,1
ruptures,1
nullify,1
affiliation,1
epochs,1
champions,1
limping,1
equatorial,1
alignments,1
pensinular,1
influx,1
proceeded,1
author,1
florencia,1
explained,1
invertebrada,1
difficulties,1
immediate,1
drastic,1
sociability,1
nora,1
quality,1
extinguished,1
accommodation,1
historiographigal,1
village,1
bent,1
reino,1
unconnected,1
faced,1
arrested,1
borderlands,1
valdés,1
bailey,1
inhibition,1
hoc,1
audiencia,1
medio,1
agent,1
seismic,1
repûblkas,1
noel,1
savages,1
ideario,1
reflection,1
regarded,1
subdue,1
exceptional,1
brother,1
honest,1
portray,1
vote,1
résistance,1
predicament,1
politicians,1
silke,1
atlântko,1
conducted,1
câdizy,1
revamp,1
tacit,1
unido,1
concentric,1
nacwn,1
nurtured,1
constellation,1
criolla,1
derechas,1
militarily,1
espanolas,1
seemingly,1
sinclair,1
break,1
allegiances,1
admitted,1
comprised,1
pulverized,1
seaboard,1
financing,1
marcelino,1
iberianizing,1
joumal,1
propitious,1
exponent,1
big,1
estimates,1
defrayed,1
rank,1
econômico,1
malvinas,1
levies,1
adjustment,1
adventuring,1
estimulo,1
decisions,1
clashes,1
immigrants,1
dexterous,1
creating,1
sets,1
embedded,1
idearioy,1
selection,1
stamps,1
having,1
amount,1
back,1
ante,1
herencia,1
monarchical,1
nouveaux,1
justifiable,1
inclusion,1
instigate,1
mitochondria,1
assert,1
emphases,1
subterranean,1
left,1
mobility,1
relates,1
continuous,1
effective,1
arnade,1
autonomies,1
misleading,1
byjordi,1
alliances,1
vacillation,1
arraizu,1
compare,1
died,1
warned,1
quell,1
decapitated,1
spectre,1
vincent,1
gil,1
geographically,1
pueblo,1
corpus,1
seal,1
stimulating,1
slower,1
pilgrim,1
colonials,1
recalcitrance,1
adventurers,1
defend,1
stagnation,1
hasty,1
spasmodic,1
repudiated,1
leadership,1
imitative,1
economia,1
savage,1
fidelity,1
unravelling,1
legislation,1
acknowledge,1
reconquer,1
word,1
according,1
translocal,1
conceptually,1
ofhistoriographical,1
irrationalism,1
implementation,1
undisputed,1
newark,1
capitals,1
celebrating,1
traumatic,1
eyzaguirre,1
incentive,1
besmirched,1
camp,1
immunities,1
transhistorical,1
van,1
blow,1
mechanisms,1
landavazo,1
stoetzer,1
stifled,1
suppressing,1
ineffective,1
hail,1
colour,1
knoxville,1
fanatical,1
wilmington,1
colin,1
integradora,1
modifkaciones,1
subordination,1
german,1
guaira,1
reflects,1
played,1
costs,1
critica,1
nietophillips,1
sonenscher,1
act,1
serves,1
sociedady,1
partition,1
patron,1
disquiet,1
performance,1
epistemologies,1
probably,1
aimed,1
forestalled,1
meliorist,1
unwilling,1
superficial,1
magisterial,1
generations,1
vocabulario,1
recall,1
proceedings,1
caudiuos,1
infested,1
farflung,1
guarinos,1
significances,1
aggressive,1
motes,1
possession,1
premodern,1
basic,1
tertiary,1
reign,1
genuine,1
antagonistic,1
assassination,1
sorely,1
borrowing,1
postdictive,1
jaksic,1
dangers,1
leapt,1
recomposition,1
cuzco,1
repudiation,1
bucknell,1
altar,1
lofty,1
disentailment,1
medellin,1
poses,1
adopted,1
goes,1
useable,1
unwritten,1
thralldom,1
freno,1
neighborhood,1
reforma,1
anil,1
persistent,1
supplement,1
thing,1
ponder,1
humanity,1
kine,1
idiosyncratic,1
espanok,1
derived,1
herrero,1
caudilbs,1
doubted,1
dialogue,1
outdated,1
ocana,1
reconstitution,1
empowered,1
enabled,1
tartary,1
tardia,1
distant,1
white,1
historiogrqfia,1
uncertainties,1
falklands,1
pessimistic,1
scattered,1
primer,1
distortions,1
ominosa,1
attached,1
supposed,1
shell,1
bleak,1
tumult,1
raymond,1
vera,1
alongside,1
modified,1
lugubrious,1
salaried,1
understand,1
strategem,1
knot,1
battlefields,1
braddick,1
precipitant,1
reaffirmed,1
miradas,1
conciliation,1
mission,1
flourishing,1
wanted,1
payers,1
buying,1
rapacious,1
flexibility,1
les,1
trope,1
revoluciônjrancesa,1
bello,1
territorios,1
imposing,1
traidores,1
exaltation,1
languages,1
combative,1
peasant,1
caveat,1
smuggled,1
linked,1
intrinsically,1
contaminated,1
endow,1
yearning,1
columbus,1
days,1
autoridad,1
realities,1
spontaneously,1
reexamination,1
overstretch,1
gradually,1
sugarcane,1
importaciôn,1
ga,1
nourished,1
hastened,1
joâo,1
indefinitely,1
looser,1
atomization,1
orientation,1
enrique,1
retrospective,1
processions,1
initiative,1
acknowledges,1
strongly,1
legends,1
hoyos,1
encouragement,1
calculations,1
crecimiento,1
freed,1
mosquito,1
mckinley,1
beyond,1
shed,1
efficient,1
wachtel,1
obstacles,1
definite,1
contextualized,1
consequence,1
gosteloe,1
always,1
requires,1
gootenberg,1
manufactures,1
impotence,1
profound,1
royalists,1
instance,1
economiay,1
conferences,1
willing,1
plight,1
odd,1
crucially,1
heterogeneity,1
helped,1
bibliograjïa,1
personalized,1
chincha,1
disoluciôn,1
algiers,1
strengthen,1
dynastic,1
systems,1
plausibly,1
fluid,1
paragraph,1
nerveless,1
pelayo,1
reflections,1
nils,1
assuaged,1
corporation,1
matching,1
union,1
fierce,1
honduras,1
experimentation,1
contingent,1
coincide,1
spaniard,1
jzmtay,1
daniela,1
arrived,1
standards,1
closely,1
emanapacwn,1
appraisal,1
lieu,1
treating,1
remembered,1
confederation,1
lead,1
renovative,1
columbia,1
unfolding,1
blamed,1
transmission,1
vivaz,1
declined,1
porter,1
martinez,1
coexisting,1
supplemented,1
burton,1
aymes,1
attributes,1
laure,1
entering,1
devastation,1
ambition,1
traditionally,1
imagery,1
serge,1
henceforth,1
six,1
ambitions,1
treatments,1
culpable,1
martyr,1
foreground,1
conspicuous,1
economics,1
scotland,1
intentionality,1
estudios,1
her,1
facilitate,1
criticisms,1
primacy,1
abdicated,1
menéndez,1
narrow,1
intersects,1
noting,1
buoyancy,1
maelstrom,1
unheralded,1
captured,1
constantly,1
reactionary,1
blockade,1
attenuated,1
philosophical,1
inaugural,1
really,1
manning,1
coax,1
installation,1
reintegrate,1
circulation,1
remedy,1
unions,1
companion,1
kinship,1
begun,1
pasos,1
knit,1
inventada,1
traced,1
pointing,1
traits,1
informed,1
shifting,1
lawyers,1
brilliant,1
affirms,1
displayed,1
rousseau,1
ecclesiastical,1
palqfox,1
arboleda,1
unique,1
dynasty,1
despair,1
essentialist,1
resurrected,1
storehouses,1
jnc,1
française,1
categorize,1
persons,1
dieciocho,1
revive,1
tatters,1
cannot,1
gazeta,1
binghamton,1
imperws,1
arango,1
survivor,1
harvested,1
fashionable,1
reformulation,1
novales,1
possessor,1
ford,1
referencias,1
procedures,1
expedient,1
amerkanasy,1
proyectos,1
yagiie,1
guarantee,1
instrumental,1
circumstances,1
reluctantly,1
zaragoza,1
dias,1
temptations,1
américaine,1
encroachment,1
elastic,1
si,1
contagion,1
depictions,1
rourke,1
marie,1
influenced,1
royalist,1
improve,1
outstanding,1
taxes,1
specifically,1
animated,1
suspended,1
conservatives,1
guerrero,1
sounded,1
pedro,1
conversation,1
nicola,1
network,1
distinctiveness,1
imprisoned,1
smoldering,1
restrain,1
compleja,1
rivera,1
remittances,1
counterweight,1
inexhaustible,1
intense,1
pombal,1
clientes,1
bolster,1
inclusiveness,1
headless,1
received,1
externalities,1
sanction,1
statehood,1
responding,1
preclude,1
heterodoxos,1
attenuation,1
ideal,1
manorial,1
disputed,1
framed,1
piqueras,1
simplification,1
striking,1
prominent,1
story,1
tamar,1
purpose,1
ot,1
trafalgar,1
norm,1
interpreters,1
reserve,1
knowledge,1
severance,1
unstable,1
excessive,1
caught,1
description,1
contractualism,1
neutrality,1
incremental,1
got,1
childe,1
whole,1
year,1
dynasties,1
precipitated,1
q,1
luces,1
consistently,1
reaped,1
corrupt,1
overthrowing,1
cling,1
obscured,1
libre,1
despotismo,1
caudillo,1
dragged,1
truncated,1
grain,1
densely,1
formerly,1
strenuous,1
moments,1
surpass,1
enveloped,1
peseta,1
lingering,1
nach,1
bankrupt,1
kings,1
mercenary,1
comunidad,1
et,1
panacea,1
bergad,1
situates,1
canto,1
stunted,1
revaluation,1
away,1
complemented,1
anything,1
clinging,1
intertwined,1
matt,1
latched,1
persuasively,1
forestall,1
imperfections,1
lurched,1
interpreted,1
saavedra,1
ethnicity,1
reconcentration,1
elpoder,1
trends,1
fatal,1
extirpation,1
dispenses,1
lafisica,1
immutabilities,1
towards,1
misguided,1
manifestation,1
shortcomings,1
relentless,1
absorb,1
analysed,1
prices,1
subtle,1
oriental,1
depicting,1
aided,1
condition,1
viewing,1
preceded,1
bombardment,1
good,1
lomnitz,1
published,1
diputados,1
riba,1
cuademos,1
renounced,1
pluralism,1
giant,1
restrepo,1
presented,1
espiritual,1
below,1
regardless,1
constituent,1
responsibility,1
b,1
xvih,1
populistas,1
roura,1
recast,1
chose,1
chiefs,1
cite,1
entities,1
grew,1
prevalence,1
protest,1
rippy,1
americanas,1
locus,1
applicability,1
le,1
clamouring,1
cohnial,1
rushed,1
ruta,1
consolidation,1
sharp,1
spies,1
davis,1
heart,1
acted,1
arbitrary,1
atmosphere,1
abascal,1
involved,1
fast,1
products,1
explored,1
mainz,1
iqqq,1
calling,1
contingency,1
awakened,1
nullified,1
mineral,1
ignore,1
workshops,1
fraught,1
underscoring,1
accomplished,1
luisa,1
reconfigure,1
replace,1
revealing,1
munoz,1
allotted,1
renovation,1
chasm,1
breaking,1
eclipse,1
amounted,1
hopkins,1
fretted,1
shadows,1
interpénétration,1
suddenly,1
codes,1
flavour,1
boundaries,1
differing,1
tended,1
impossible,1
delegated,1
treasures,1
lluis,1
spence,1
managed,1
valdez,1
politicas,1
attitude,1
progress,1
st,1
universities,1
roldân,1
uncompetitive,1
kaufmann,1
fortress,1
overrun,1
beneficios,1
freebooters,1
lacuna,1
denigrated,1
estates,1
rican,1
bousquet,1
gould,1
autonomist,1
deepened,1
intransigence,1
confluence,1
structured,1
florida,1
reappraised,1
hispanas,1
patrones,1
bandits,1
provided,1
lincoln,1
rigorous,1
suancescarpegna,1
alicante,1
phase,1
massive,1
geographical,1
bolstered,1
unfinished,1
casts,1
mechanism,1
mercader,1
content,1
periods,1
attacks,1
modernisation,1
chronological,1
bushnell,1
liberation,1
threatened,1
battle,1
critical,1
econômica,1
crawley,1
consideraciones,1
vantage,1
vicisitudes,1
tasks,1
highlights,1
san,1
ii,1
labyrinthine,1
panoramic,1
gruzinski,1
business,1
critics,1
io,1
reformism,1
exeter,1
readjustment,1
promulgation,1
pluralidad,1
hispania,1
bautista,1
feudalism,1
functioning,1
rivalries,1
noble,1
uncoordinated,1
virrey,1
letters,1
hyperbole,1
scientific,1
aim,1
gather,1
spalding,1
imaginado,1
pilgrimage,1
subverted,1
revolucién,1
seckinger,1
mariano,1
posttridentine,1
drama,1
overall,1
exile,1
nuestros,1
resisted,1
motor,1
favours,1
irony,1
elizabeth,1
oan,1
platt,1
released,1
classic,1
campomanes,1
lamentation,1
methodical,1
lies,1
underdevelopment,1
manolo,1
appearance,1
gaining,1
object,1
storrs,1
andj,1
colloquia,1
juridico,1
technically,1
perceive,1
men,1
underlay,1
capacity,1
encyclopedism,1
politka,1
thinkers,1
make,1
lopez,1
abstraction,1
orbit,1
dismal,1
comments,1
sponsored,1
holders,1
nonwhites,1
initially,1
cracks,1
extremely,1
spate,1
put,1
hold,1
innovation,1
archer,1
limitless,1
authoritarian,1
resilient,1
relationship,1
robin,1
frank,1
bqjo,1
coherence,1
pacific,1
criticism,1
incursion,1
tolerated,1
deflated,1
convoked,1
interpretation,1
reference,1
opportunities,1
dispensations,1
revisiting,1
diiio,1
transcontinental,1
represents,1
adequate,1
rules,1
devotion,1
paradox,1
happened,1
suspicious,1
hegemonic,1
counterparts,1
cuestiones,1
modemidad,1
array,1
mejicano,1
expérience,1
sempere,1
combat,1
official,1
ne,1
majesty,1
marred,1
josephism,1
wrest,1
ancient,1
hands,1
tn,1
enshrined,1
jay,1
participants,1
assimilation,1
chris,1
boletin,1
planned,1
adherence,1
bonapartista,1
incapacity,1
infrastructure,1
itq,1
inherited,1
shock,1
appear,1
borbones,1
ranks,1
sharply,1
clément,1
intolerable,1
regina,1
ed,1
damas,1
demonstrates,1
exit,1
lament,1
accelerated,1
al,1
mercado,1
breathe,1
satisfactory,1
organize,1
exacerbating,1
traders,1
steve,1
constitutionalists,1
confirmed,1
hunger,1
functions,1
phoenix,1
ballots,1
mention,1
potential,1
speaking,1
fragoso,1
affirmed,1
filipino,1
maintained,1
inheritance,1
entwined,1
decomposition,1
ambiguities,1
months,1
longer,1
double,1
useful,1
fill,1
underway,1
idealized,1
volume,1
persuasive,1
angel,1
eugenia,1
gâlvez,1
enquiry,1
corporations,1
topographically,1
lewis,1
lucid,1
venezolana,1
condorcanqui,1
precocious,1
discussions,1
comfortable,1
paul,1
law,1
amalgamated,1
abrogated,1
temptation,1
miscegenation,1
habsburgs,1
caudilh,1
gobierno,1
andalusian,1
rationalism,1
fell,1
think,1
verge,1
others,1
fragmentation,1
polemic,1
renewed,1
lethargic,1
academy,1
paula,1
forfeit,1
dunkerley,1
iqqo,1
varies,1
catholicism,1
ask,1
capitalist,1
towns,1
depresion,1
tremendous,1
experienced,1
residence,1
financial,1
borbônico,1
predicaments,1
toiling,1
remaining,1
salutary,1
withjosep,1
belatedly,1
benevolent,1
valparaiso,1
conformity,1
revolucion,1
lurked,1
inaction,1
teleologies,1
reservada,1
overwhelming,1
stimulus,1
areas,1
detonated,1
tumultuous,1
checks,1
creative,1
alonso,1
pressure,1
appeared,1
enact,1
nathan,1
exclusion,1
claudio,1
predominated,1
christine,1
viii,1
tariff,1
suppressed,1
governed,1
harp,1
monarquicos,1
practical,1
veered,1
proceeds,1
plagued,1
forging,1
criollo,1
fernandez,1
pronouncement,1
granting,1
arthur,1
navy,1
inherently,1
inequality,1
identical,1
rafe,1
patchwork,1
impending,1
conciencia,1
pimentel,1
generacim,1
luminary,1
discussed,1
above,1
sebastian,1
logically,1
distinct,1
adapt,1
rejoin,1
disenchantment,1
algunos,1
dominion,1
v,1
decisively,1
viceroy,1
profligate,1
argentines,1
intervene,1
available,1
senor,1
operating,1
restauracion,1
where,1
flooded,1
road,1
centralisms,1
repûblicas,1
sergio,1
continuing,1
developing,1
orderly,1
cundinamarca,1
validity,1
conceiving,1
seventeenth,1
orthodoxy,1
hinterlands,1
constricting,1
heavily,1
strategies,1
confrontation,1
coincided,1
igualdad,1
ports,1
lines,1
pervasiveness,1
conviction,1
morocco,1
disparity,1
sturdiest,1
appropriating,1
gallao,1
gdp,1
intensify,1
greene,1
slumber,1
remarked,1
cristobal,1
apathy,1
incrementalism,1
governance,1
como,1
widespread,1
historicos,1
innately,1
avenger,1
counterpart,1
explicitly,1
remarkably,1
multicausal,1
conscripts,1
heroes,1
indiano,1
laudable,1
meddling,1
unfamiliar,1
conservadurismo,1
década,1
institutionalization,1
violent,1
bosch,1
predict,1
iqqi,1
imagine,1
original,1
demonstrated,1
disagreements,1
rustic,1
understatement,1
temperley,1
collier,1
unhindered,1
greatest,1
vengeful,1
lauren,1
incompetence,1
cure,1
investment,1
extended,1
supplies,1
decrepit,1
link,1
leddy,1
enervation,1
lands,1
chiefly,1
closer,1
disposal,1
hjstoricaljournal,1
accompanying,1
bear,1
populace,1
wretched,1
sides,1
itinerario,1
trajectory,1
cienciay,1
handmaiden,1
benton,1
relinquishing,1
edv,1
delicate,1
demonstration,1
desperate,1
dissolve,1
clerical,1
sixth,1
participatory,1
depended,1
increase,1
apology,1
clustered,1
christon,1
ruling,1
recover,1
millenarian,1
functionaries,1
blossoming,1
oscillation,1
imbued,1
elucidated,1
malaquer,1
confidence,1
instruccion,1
sold,1
hypotheses,1
deprived,1
prevailed,1
largely,1
brazen,1
exciting,1
moulded,1
globalizing,1
ocupaciôn,1
harmonized,1
fractious,1
vocabulary,1
band,1
reacquire,1
aside,1
engulfed,1
proposed,1
ethnic,1
take,1
rauimani,1
liminality,1
recovery,1
insurgents,1
maples,1
redistributive,1
individuals,1
ibid,1
diagnosed,1
junco,1
trust,1
furnish,1
alluded,1
chosen,1
raising,1
macro,1
fincas,1
option,1
office,1
relegated,1
dismissed,1
unsuited,1
california,1
initiatives,1
jacobsen,1
prqjeto,1
netherlands,1
discontinuities,1
alignment,1
emboldened,1
exceedingly,1
ties,1
frustration,1
futile,1
jaramillo,1
open,1
patriotismo,1
crises,1
discovered,1
osten,1
loosely,1
armas,1
ardent,1
reverted,1
colombiano,1
moral,1
factories,1
emphasizing,1
hinged,1
welcomed,1
comprehensive,1
fallacy,1
liquor,1
immensity,1
language,1
reputation,1
soldiers,1
sustain,1
ivana,1
supportive,1
logic,1
leitmotiv,1
co,1
failures,1
rationalized,1
sahara,1
chasteen,1
defensive,1
divisions,1
blend,1
exaction,1
variant,1
reviewers,1
montezuma,1
spread,1
function,1
summer,1
traps,1
cabrera,1
appointment,1
mask,1
mines,1
issue,1
miracle,1
distinction,1
static,1
reversals,1
illicit,1
fragility,1
connects,1
enriched,1
scholastic,1
abundant,1
colonias,1
lose,1
presaged,1
contributions,1
construct,1
sinecure,1
exchange,1
neutral,1
depository,1
fervent,1
rippled,1
promotion,1
strict,1
strangely,1
mayors,1
separatism,1
annually,1
dawson,1
characteristics,1
improving,1
toledo,1
miles,1
methods,1
connectedness,1
endowing,1
allusion,1
atavisms,1
nueoa,1
package,1
become,1
matilde,1
ornaments,1
epistemology,1
declare,1
stand,1
respectively,1
rwo,1
acquire,1
administratwa,1
drang,1
can,1
excluded,1
hierarchical,1
underexplored,1
herzog,1
primeros,1
distraught,1
capitalism,1
implication,1
fruition,1
translate,1
slightly,1
maintaining,1
revolted,1
doceanistas,1
costes,1
italy,1
restorationist,1
parameters,1
kberinto,1
trahco,1
giménez,1
govern,1
connections,1
cultures,1
imperfectly,1
interconnected,1
ron,1
sugar,1
conquista,1
revamped,1
quarter,1
tenuous,1
louisiana,1
bibliographical,1
synoptic,1
encompassing,1
controversial,1
sequestration,1
convincingly,1
reap,1
applies,1
species,1
justice,1
complicates,1
kingless,1
infinite,1
concerted,1
antoinette,1
decision,1
increasing,1
thibaud,1
economistas,1
dismantlement,1
symbols,1
space,1
bartolomé,1
ilustraaon,1
yields,1
dawn,1
extractive,1
disaffection,1
beset,1
illusory,1
ami,1
alleys,1
surpassed,1
perpetuating,1
violation,1
veneration,1
today,1
laird,1
decomposed,1
africa,1
tentative,1
coasts,1
coterminous,1
mascara,1
peonage,1
acephelous,1
colonia,1
mixture,1
brooke,1
overture,1
uribe,1
trading,1
salient,1
five,1
centrality,1
convened,1
bewailed,1
vision,1
consent,1
naturally,1
erstwhile,1
competitors,1
ministry,1
suggestive,1
program,1
fear,1
dolorosa,1
indispensable,1
santiago,1
resistant,1
exacerbated,1
mired,1
unplanned,1
vertical,1
framers,1
problemasy,1
substitution,1
complicate,1
enfeebled,1
extension,1
antidote,1
subsidy,1
balfour,1
seen,1
transformed,1
establish,1
fs,1
merchandise,1
noose,1
await,1
recalled,1
thirteen,1
relevant,1
linea,1
rapidly,1
deals,1
executive,1
guadalupe,1
countries,1
gômez,1
scores,1
dynamism,1
linking,1
why,1
responsible,1
imaginario,1
benitez,1
renaissance,1
fall,1
discernible,1
spotlight,1
posts,1
hope,1
transform,1
surprising,1
frontier,1
comercio,1
respect,1
spark,1
drafted,1
coordination,1
symbiosisgenerating,1
ensayos,1
appointments,1
examine,1
barcia,1
bundled,1
meekly,1
figured,1
unchanging,1
gathered,1
provocatively,1
pressures,1
progresista,1
susan,1
newpatria,1
ostensibly,1
grasping,1
militia,1
meant,1
cam,1
joseph,1
underresearched,1
muffled,1
rightful,1
sara,1
undercurrents,1
tiempos,1
claims,1
nacional,1
factionalised,1
protean,1
undertook,1
shaw,1
contemplated,1
patrimonialism,1
magnitude,1
muchtouted,1
bss,1
sketches,1
flagging,1
eventually,1
sacrosanct,1
mainly,1
liss,1
breach,1
angolan,1
feros,1
underpinned,1
citizenry,1
antecedent,1
colonialisme,1
naples,1
comes,1
latinoamericana,1
eliga,1
bom,1
flattering,1
version,1
gibraltar,1
granadina,1
conjunction,1
atlantica,1
decree,1
nervous,1
mercantile,1
mantero,1
founded,1
needs,1
athens,1
viceroyalties,1
poised,1
reconstitute,1
castile,1
matters,1
solitary,1
economically,1
evaluaciôn,1
soil,1
pace,1
symbolic,1
bonaparte,1
delegates,1
dissident,1
uma,1
griffith,1
colliding,1
unthinking,1
observation,1
masses,1
christophe,1
entry,1
parted,1
supported,1
leyenda,1
glimpse,1
vi,1
doi,1
deceleration,1
sceptical,1
symbol,1
flagrant,1
sustained,1
affirmative,1
upsurges,1
brazilian,1
pacto,1
nationales,1
milieu,1
highly,1
viceregal,1
outcome,1
salubrious,1
machinations,1
dimension,1
reconquest,1
previous,1
surrender,1
deficiencies,1
refused,1
extant,1
descent,1
audiendas,1
sarrailh,1
finance,1
dore,1
guarding,1
guaranteed,1
continue,1
burocrâtico,1
devalued,1
migration,1
juridical,1
reversal,1
demeva,1
granted,1
nobility,1
december,1
gargarella,1
pedigree,1
connection,1
serulnikov,1
innovations,1
recollected,1
distance,1
gone,1
partisans,1
basinçstoke,1
alexander,1
pps,1
mattered,1
epitomized,1
ph,1
printed,1
enchantment,1
argue,1
iglesias,1
task,1
propaganda,1
abortive,1
fuelled,1
ibéricos,1
mondes,1
spains,1
followers,1
post,1
ejércitos,1
foundation,1
carmen,1
newman,1
sc,1
clearly,1
expresses,1
contradictory,1
nava,1
misrule,1
powell,1
regentia,1
embodiment,1
instigated,1
renan,1
ottowa,1
remesas,1
warren,1
examining,1
wood,1
paralysed,1
find,1
quintana,1
fears,1
chaotic,1
anomalous,1
mismanagement,1
ethos,1
mill,1
diem,1
fiscales,1
destroyed,1
pushing,1
monde,1
alarmed,1
subordinate,1
beginning,1
purported,1
corroding,1
confess,1
identidades,1
captive,1
intendant,1
nomenclature,1
sectors,1
auction,1
jean,1
municipality,1
automatically,1
nicole,1
jennings,1
capita,1
situados,1
resurfaced,1
tying,1
stanzas,1
banda,1
reactions,1
duplicity,1
kevin,1
rose,1
preface,1
stability,1
nationmaking,1
larger,1
putative,1
cornerstones,1
complicit,1
insuperable,1
pensamientos,1
westward,1
sociedade,1
baroque,1
indicates,1
statement,1
armies,1
mere,1
lengths,1
fondness,1
nacion,1
ruin,1
reincorporation,1
shall,1
unrest,1
dedicated,1
direcciôn,1
starkly,1
barriers,1
disaggregative,1
aljovin,1
insightful,1
endorsing,1
reinvigorated,1
utilitarian,1
easy,1
foundations,1
correlates,1
hernandez,1
prestige,1
mandated,1
illegally,1
ceded,1
premised,1
reaccionario,1
gender,1
fundamentos,1
representations,1
pitted,1
produce,1
repudiates,1
venerated,1
almost,1
articulation,1
bolivarianos,1
inconsiderable,1
besides,1
bosquejo,1
rally,1
threat,1
trenchantly,1
morales,1
urban,1
library,1
ascertain,1
categories,1
travel,1
focused,1
briumicas,1
gratitude,1
seductive,1
intellectuelles,1
aragon,1
bodies,1
mina,1
hispanicas,1
varieties,1
providential,1
occasionally,1
balances,1
preserved,1
attentive,1
gt,1
intrepretacién,1
ruled,1
urged,1
reported,1
tabar,1
scott,1
productivity,1
altogether,1
joining,1
forner,1
focusing,1
ashes,1
seamless,1
valencay,1
antagonism,1
monarchs,1
rampant,1
ac,1
concessions,1
bourgeois,1
turns,1
techniques,1
activity,1
intended,1
undermining,1
step,1
reappraisal,1
controls,1
acute,1
measure,1
borbôn,1
adrift,1
institute,1
target,1
longheld,1
results,1
arguments,1
adhesive,1
mercanùl,1
divided,1
appointed,1
ever,1
suârez,1
indians,1
autonomia,1
disrupted,1
migrations,1
pole,1
isolated,1
tombas,1
aims,1
unfavourable,1
writing,1
aspect,1
decolonization,1
coming,1
malabar,1
transmuted,1
daring,1
jan,1
surfacing,1
agrâria,1
prepared,1
reinforced,1
attributable,1
uncharacteristically,1
espouse,1
causas,1
eric,1
durante,1
suffrage,1
besieged,1
mockery,1
avoid,1
fred,1
understandings,1
refugees,1
agustin,1
conducive,1
survival,1
racism,1
drafts,1
degenerated,1
lopezalves,1
relic,1
invasion,1
spiked,1
ringrose,1
authorized,1
difference,1
generate,1
decimation,1
sheltered,1
patriarchy,1
average,1
transmutation,1
repositioning,1
bubnov,1
intensified,1
finding,1
extremadura,1
envisaged,1
travelling,1
misrepresents,1
ushered,1
numerous,1
jacques,1
recovering,1
washington,1
aristocratic,1
sprung,1
mode,1
artificial,1
retrograde,1
origines,1
conquistadores,1
contributed,1
joined,1
tone,1
lively,1
dense,1
relied,1
resembled,1
blockaded,1
winn,1
constructed,1
remuai,1
paraded,1
reified,1
hirelings,1
smaller,1
thomson,1
integration,1
involving,1
exacted,1
conquered,1
you,1
geneabgia,1
defined,1
inducement,1
régimeny,1
centripetal,1
philosophy,1
costeloe,1
fated,1
grapple,1
fue,1
jumble,1
peripheries,1
casting,1
typology,1
rout,1
foraging,1
campaign,1
roughly,1
showed,1
summary,1
talleyrand,1
anonymous,1
respective,1
ensconced,1
carr,1
cobnial,1
restored,1
evelyn,1
treats,1
specific,1
precedents,1
consulados,1
intendants,1
pioneering,1
removed,1
race,1
lectures,1
ortiz,1
actions,1
duffy,1
ferns,1
completed,1
ng,1
pensions,1
intolerant,1
ofguadalupe,1
authentic,1
argentine,1
capitulation,1
ascendancy,1
discontinuous,1
waning,1
morse,1
joaquin,1
negotiate,1
amigos,1
alberto,1
enterprise,1
sharing,1
interdisciplinar,1
subverting,1
illy,1
texts,1
gainesville,1
serrano,1
navarre,1
death,1
entire,1
surveys,1
develop,1
disdain,1
abandoned,1
teleology,1
canning,1
immediately,1
secular,1
uk,1
seek,1
prison,1
taylor,1
xxv,1
gangs,1
accountants,1
altered,1
infancy,1
indistinguishable,1
imposible,1
monarquiay,1
fomento,1
adorn,1
built,1
pamplona,1
termed,1
uncertain,1
glorious,1
portrait,1
predicated,1
haiti,1
occur,1
martin,1
retention,1
deeper,1
harmful,1
dereliction,1
hypothesis,1
