WORDCOUNTS,WEIGHT
the,839
of,485
and,423
in,376
land,256
new,228
to,227
zealand,214
per,191
economic,142
a,134
by,128
s,103
capita,93
history,87
for,87
that,86
was,82
real,80
growth,78
were,68
boom,63
productivity,62
prices,60
from,57
cent,56
gdp,53
dairy,50
export,48
farm,47
market,46
pp,44
with,43
on,43
around,40
but,40
pastoral,39
price,39
long,39
greasley,38
rural,38
are,37
dominion,36
during,35
review,34
higher,34
which,34
oxley,34
production,33
r,33
staple,33
million,32
factory,31
p,30
years,29
factories,28
exports,28
society,27
see,27
meat,27
world,27
acres,26
cultivated,26
income,26
as,26
depression,26
d,26
intensive,24
settlement,24
rise,24
an,24
not,24
transfers,24
manufacturing,24
refrigeration,23
is,23
at,22
had,22
farmers,22
more,22
also,22
have,22
output,21
statistics,21
their,20
however,20
value,20
values,20
development,19
after,19
j,19
these,19
economy,19
distribution,19
its,18
led,18
annum,18
farming,18
employment,18
table,18
c,18
freezing,17
than,17
period,17
works,17
rose,17
wellington,17
between,17
ownership,17
freehold,16
gross,16
trade,16
there,16
associated,16
other,15
products,15
g,15
n,15
most,15
show,15
wider,15
cattle,15
swings,15
sheep,15
estimated,14
first,14
how,14
population,14
public,14
data,14
added,14
did,14
h,13
possible,13
activity,13
david,13
volatility,13
this,13
including,13
making,13
effects,13
ratio,12
closer,12
those,12
within,12
transactions,12
may,12
les,12
war,12
results,12
instability,12
b,12
occupied,12
hawke,12
been,12
over,12
much,12
condliffe,11
system,11
powerful,11
forces,11
dairying,11
above,11
two,11
labour,11
effect,11
relative,11
figure,11
average,11
area,11
it,10
they,10
one,10
raised,10
some,10
thus,10
journal,10
l,10
wages,10
m,10
year,10
estates,10
gordon,10
opportunities,10
or,10
variables,10
especially,10
agricultural,10
although,10
increased,10
acre,9
sources,9
great,9
estimates,9
compared,9
consequences,9
we,9
organization,9
statistical,9
used,9
policies,9
responses,9
transfer,9
wisconsin,9
williams,9
fell,9
depth,9
staples,9
when,9
regime,9
natural,9
cultivation,9
size,9
promoted,9
chambers,9
o,8
wool,8
case,8
money,8
primary,8
butter,8
rental,8
rent,8
russell,8
influenced,8
macklin,8
island,8
monetary,8
notes,8
highlights,8
processing,8
social,8
v,8
model,8
use,8
high,8
farms,8
institutions,8
here,8
country,8
nominal,8
extent,8
incomes,8
transport,8
role,8
our,8
shown,8
shift,8
into,7
all,7
state,7
univ,7
capacity,7
includes,7
run,7
estimate,7
connected,7
consider,7
impact,7
w,7
globalization,7
holdings,7
worker,7
example,7
tenure,7
australian,7
gould,7
williamson,7
overall,7
under,7
index,7
sector,7
cream,7
volume,7
shows,7
averaged,7
accounted,7
dominated,7
provide,7
refrigerated,7
volumes,7
quickly,7
paper,7
returns,7
particular,7
periphery,7
reported,7
given,7
prosperity,7
measured,7
rate,6
implications,6
philpott,6
economies,6
human,6
highest,6
gauge,6
cooperative,6
rather,6
var,6
importance,6
animals,6
support,6
university,6
experienced,6
resource,6
important,6
though,6
legislation,6
stimulated,6
capitalized,6
less,6
shifts,6
local,6
made,6
factor,6
net,6
low,6
postwar,6
johnson,6
force,6
acemoglu,6
set,6
global,6
report,6
terms,6
while,6
maori,6
course,6
canadian,6
be,6
north,6
policy,5
before,5
t,5
official,5
key,5
mass,5
changed,5
cointegrating,5
cheese,5
collapse,5
quality,5
since,5
relatively,5
heightened,5
via,5
grew,5
possibly,5
wealth,5
section,5
frozen,5
economics,5
further,5
because,5
gains,5
surrounding,5
working,5
generally,5
using,5
south,5
variety,5
separation,5
belshaw,5
only,5
decomposition,5
financial,5
causality,5
rents,5
time,5
crown,5
spending,5
schedvin,5
soldiers,5
so,5
earlier,5
article,5
abundance,5
efficiency,5
analysis,5
variable,5
extensive,5
each,5
finance,5
u,5
following,5
form,5
rising,5
deflation,5
both,5
measure,5
colonial,5
coins,5
usa,5
provided,5
measuring,5
era,5
early,5
substantial,5
strong,5
among,5
technological,5
building,5
hit,4
booms,4
later,4
created,4
grasses,4
evans,4
mortgage,4
additionally,4
lower,4
barriers,4
taken,4
promoting,4
historiography,4
shaped,4
accompanied,4
wage,4
motion,4
appendices,4
apart,4
sachs,4
optimism,4
interest,4
century,4
innis,4
influence,4
rates,4
landscape,4
levels,4
changes,4
facilitated,4
linked,4
house,4
based,4
out,4
international,4
markets,4
handbook,4
fisher,4
scale,4
sales,4
well,4
directly,4
seeking,4
journals,4
related,4
wheat,4
regions,4
vector,4
reduced,4
expansion,4
schemes,4
about,4
trafficking,4
registration,4
areas,4
debates,4
contemporary,4
patterns,4
gauging,4
doubled,4
investment,4
upon,4
increase,4
actual,4
recovery,4
three,4
spread,4
variance,4
provides,4
methods,4
industrialization,4
canterbury,4
widely,4
european,4
transformed,4
construction,4
canada,4
meant,4
produc,4
series,4
log,4
reversal,4
distinctive,4
prospects,4
whether,4
information,4
urban,4
marketing,4
became,4
bloomfield,4
conditions,4
contributed,4
does,3
encouraged,3
extend,3
e,3
shocks,3
large,3
needed,3
modern,3
committee,3
occurred,3
inequality,3
total,3
source,3
chief,3
altman,3
stress,3
twilight,3
australia,3
modest,3
fast,3
labor,3
if,3
degree,3
leading,3
transferred,3
yearbook,3
farmer,3
analyst,3
political,3
context,3
papers,3
british,3
tab,3
fortune,3
has,3
adverse,3
tivity,3
prior,3
explorations,3
central,3
realized,3
consumer,3
perspective,3
baldwin,3
details,3
purchasing,3
macintosh,3
act,3
arising,3
mean,3
productive,3
multivariate,3
sown,3
elsewhere,3
k,3
argued,3
leases,3
influ,3
greater,3
pounds,3
fortunes,3
hands,3
cz,3
census,3
furthermore,3
caves,3
stock,3
otherwise,3
record,3
representatives,3
work,3
london,3
partly,3
people,3
thereafter,3
nomic,3
towards,3
approach,3
callaghan,3
jourdain,3
level,3
below,3
small,3
several,3
eco,3
ship,3
diminished,3
aggregate,3
sparks,3
settlers,3
transforming,3
f,3
he,3
warner,3
depressed,3
registered,3
yet,3
selling,3
us,3
adjusted,3
light,3
same,3
costs,3
toronto,3
power,3
many,3
stimulus,3
insular,3
substantially,3
variation,3
outside,3
took,3
where,3
unit,3
equate,3
inwood,3
remarkably,3
cambridge,3
robinson,3
ibid,3
raising,3
advantages,3
i,3
idiosyncratic,3
held,3
individual,3
times,3
would,3
margin,3
promote,3
settler,3
disaggregation,3
relation,3
pro,3
trades,3
deflator,3
flock,3
tests,3
bertram,3
relationship,3
sometimes,3
widespread,3
who,3
often,3
considered,3
any,3
underpinned,3
innovations,3
capital,3
milk,3
huff,3
number,3
purchase,3
almost,3
conference,3
returning,3
assumptions,3
went,3
tions,3
contrasts,3
until,3
national,3
prolonged,3
typically,3
integrated,3
green,3
evidence,3
product,3
smaller,3
supported,3
drift,3
spilled,3
enterprise,3
debate,3
little,3
singleton,3
frequent,2
hussey,2
fleming,2
archives,2
doubts,2
generated,2
corporate,2
boomed,2
engendered,2
college,2
offset,2
madsen,2
alone,2
introduction,2
group,2
linkages,2
pasture,2
accentuated,2
landowners,2
root,2
negative,2
various,2
fluctuations,2
peaked,2
being,2
titles,2
ii,2
supplied,2
available,2
invigorated,2
differences,2
potentially,2
analyses,2
government,2
nevertheless,2
subsequent,2
date,2
influences,2
regression,2
return,2
nber,2
revieew,2
marked,2
move,2
likely,2
fur,2
handicraft,2
auckland,2
differential,2
relationships,2
component,2
such,2
dynamics,2
machine,2
mixed,2
establishments,2
club,2
highlighting,2
ferguson,2
old,2
deeds,2
causing,2
compulsory,2
even,2
unpub,2
mea,2
town,2
cially,2
no,2
predicted,2
principally,2
torrens,2
z,2
process,2
highway,2
active,2
proportion,2
strands,2
direct,2
study,2
raymond,2
references,2
seas,2
producers,2
numbers,2
dominate,2
contemporaries,2
stewart,2
endres,2
inflated,2
position,2
consequence,2
cost,2
shifted,2
matching,2
standards,2
closely,2
endogenous,2
lead,2
route,2
objectives,2
crowd,2
emerge,2
occupation,2
simple,2
critchell,2
lease,2
taxes,2
basis,2
lr,2
received,2
concept,2
favourable,2
part,2
rankin,2
comment,2
tale,2
relevance,2
falling,2
runs,2
away,2
overseas,2
monopoly,2
connections,2
easton,2
wholesale,2
published,2
macroeconomic,2
caused,2
hard,2
inference,2
fostered,2
shaping,2
trading,2
next,2
order,2
contrast,2
pinned,2
troubles,2
governments,2
industry,2
certainly,2
dramatic,2
fully,2
annual,2
articulation,2
maddison,2
paid,2
auto,2
subsequently,2
will,2
therefore,2
business,2
lays,2
absence,2
materials,2
lutkepohl,2
melbourne,2
converted,2
make,2
comments,2
railway,2
schularit,2
direction,2
positive,2
structural,2
exceeded,2
thought,2
mcllraith,2
place,2
neither,2
thesis,2
tax,2
cod,2
property,2
sharply,2
largest,2
industrial,2
reports,2
towns,2
smith,2
enced,2
efforts,2
appeared,2
associates,2
deleterious,2
drove,2
road,2
empire,2
native,2
reflected,2
remained,2
dowie,2
balance,2
investigated,2
supplies,2
success,2
background,2
chiefly,2
espe,2
handmaiden,2
crafts,2
concern,2
grassland,2
bust,2
significant,2
sold,2
largely,2
ideas,2
survey,2
submitted,2
full,2
theoretical,2
described,2
percy,2
directed,2
revised,2
plant,2
graduated,2
valued,2
beyond,2
narrow,2
respectively,2
exactly,2
banking,2
can,2
slightly,2
cooperatives,2
adf,2
immigration,2
extractive,2
perspectives,2
differs,2
response,2
kravis,2
contribution,2
transformation,2
why,2
fall,2
frontier,2
ing,2
itself,2
impacted,2
sections,2
share,2
victoria,2
growing,2
toda,2
milking,2
reinforced,2
text,2
offers,2
uruguay,2
historians,2
ph,2
argue,2
iii,2
speculation,2
coefficients,2
historical,2
turned,2
commodity,2
what,2
idem,2
vecm,2
theory,2
secure,2
fisheries,2
translated,2
soldier,2
presented,2
owner,2
affecting,2
through,2
easy,2
formation,2
recording,2
lands,2
finding,2
twentieth,2
finally,2
downie,2
depressing,2
include,2
range,2
constructed,2
defined,2
contours,2
off,2
peripheries,2
needs,2
potential,2
coefficient,2
sectors,2
johansen,2
vagaries,2
stormy,2
recent,2
should,2
deeper,2
hypothesis,2
scandinavian,1
inflationary,1
difficult,1
facili,1
margins,1
now,1
abolition,1
marsden,1
surround,1
economi,1
millennial,1
malaya,1
common,1
fertile,1
trustee,1
indicated,1
tion,1
accords,1
mitted,1
trans,1
measures,1
resided,1
extends,1
prairie,1
spurred,1
notably,1
berlin,1
tionist,1
considering,1
conversion,1
american,1
engineered,1
partially,1
denied,1
identify,1
prime,1
ma,1
zero,1
summaries,1
ostensibly,1
centrifugal,1
bias,1
expenditure,1
contend,1
easily,1
cliometrics,1
contention,1
reasonably,1
tempered,1
undertaken,1
enmeshed,1
equated,1
title,1
laid,1
stan,1
malden,1
holding,1
fragile,1
downsides,1
garsington,1
nineteenth,1
induced,1
contested,1
themes,1
efficacy,1
experience,1
upland,1
programmes,1
nevw,1
destabilizing,1
venice,1
creation,1
quinquennial,1
deterministic,1
adaptable,1
attempts,1
restoration,1
trend,1
might,1
address,1
utilization,1
straightforwardly,1
forcibly,1
emerged,1
retreat,1
drivers,1
words,1
cholesky,1
cial,1
height,1
assess,1
broadly,1
sheppard,1
suggesting,1
together,1
desire,1
estimation,1
reasons,1
thank,1
producing,1
follows,1
regional,1
vectors,1
ences,1
composition,1
leased,1
efficiently,1
identically,1
equates,1
cscs,1
emphasized,1
greatly,1
respond,1
principal,1
dunedin,1
ity,1
relations,1
declines,1
hostile,1
similarities,1
ad,1
marketed,1
voting,1
issue,1
occasional,1
tjj,1
narrower,1
depending,1
fertilizers,1
pax,1
linear,1
finan,1
iv,1
amplified,1
discontent,1
agriculture,1
twist,1
cents,1
uneven,1
quantities,1
opened,1
dismantling,1
machinery,1
strand,1
monopolists,1
taxation,1
obvious,1
unsuccessfully,1
crs,1
purchases,1
x,1
resources,1
quantity,1
cited,1
chart,1
along,1
constrained,1
facto,1
accustomed,1
forged,1
measurement,1
internationally,1
tied,1
interestingly,1
framework,1
funded,1
ranked,1
endowments,1
technologically,1
throughout,1
sensitivity,1
coun,1
nash,1
holders,1
moted,1
difficulties,1
due,1
sustain,1
inflation,1
intensifying,1
curse,1
unpublished,1
retarded,1
characteristic,1
regarded,1
viewing,1
occurs,1
assessment,1
employing,1
barrier,1
emigration,1
opportu,1
secondworldwar,1
bakeries,1
fishback,1
turn,1
productiv,1
ieha,1
nities,1
elements,1
nor,1
ct,1
stabilized,1
amount,1
spanned,1
differently,1
six,1
difficulty,1
inclusion,1
penetrable,1
dates,1
unchanged,1
engen,1
third,1
witnessed,1
external,1
publications,1
y,1
percentage,1
look,1
corrected,1
pos,1
skins,1
jones,1
leaseholds,1
acresa,1
error,1
ment,1
focused,1
employ,1
failed,1
parity,1
profoundly,1
slowed,1
alleged,1
avoids,1
shipping,1
whose,1
reflects,1
without,1
operations,1
transformations,1
tatives,1
his,1
links,1
main,1
developed,1
denmark,1
econonic,1
appreciation,1
borrowing,1
fastest,1
subdivision,1
adopted,1
granted,1
risk,1
protectionist,1
supplement,1
interwar,1
lamented,1
certain,1
derived,1
dissenting,1
special,1
jm,1
enabled,1
bers,1
augmented,1
mation,1
tance,1
moreover,1
moves,1
valuation,1
bonds,1
understand,1
escape,1
helsinki,1
ensure,1
improvement,1
established,1
benefits,1
breeds,1
specialization,1
boon,1
liberal,1
facturing,1
frequently,1
acresb,1
benefited,1
age,1
four,1
leverhulme,1
operate,1
migrants,1
prosperous,1
max,1
shorter,1
drought,1
shed,1
efficient,1
followed,1
cotton,1
surge,1
mies,1
western,1
dominant,1
care,1
strategy,1
preference,1
footnote,1
fig,1
view,1
disappeared,1
draws,1
whereas,1
behaviour,1
royal,1
expressed,1
appraisal,1
remembered,1
assets,1
blamed,1
tural,1
method,1
found,1
strength,1
aaa,1
access,1
amsterdam,1
lived,1
zealanders,1
waikato,1
scepticism,1
captured,1
possibility,1
respects,1
app,1
late,1
hwan,1
correction,1
pointing,1
equal,1
poverty,1
obviated,1
produced,1
unemployment,1
northwards,1
applied,1
purchased,1
separates,1
intertwined,1
cessing,1
commitments,1
guarantee,1
toral,1
near,1
cows,1
criteria,1
undermined,1
exert,1
colonies,1
gained,1
aging,1
participation,1
line,1
yamamoto,1
intense,1
andt,1
already,1
start,1
vote,1
claim,1
prized,1
unless,1
prominent,1
leads,1
heavily,1
discusses,1
explains,1
norm,1
edn,1
quently,1
reduction,1
indigenous,1
perpetuity,1
null,1
danish,1
tcz,1
caught,1
highlight,1
overview,1
discussions,1
registrar,1
postulated,1
issues,1
unrequited,1
records,1
guerin,1
accumulative,1
recouped,1
brisbane,1
stimulate,1
et,1
reflect,1
canberra,1
econo,1
reviezv,1
employed,1
cone,1
showing,1
manu,1
project,1
burden,1
includ,1
status,1
exporters,1
diverted,1
encapsulates,1
clearance,1
impinging,1
substituting,1
aa,1
least,1
indicator,1
successful,1
wollongong,1
cham,1
carry,1
distances,1
reinforces,1
debts,1
grass,1
keenly,1
emphasizes,1
assemble,1
sharp,1
mented,1
bank,1
involved,1
family,1
endpoint,1
concerns,1
highly,1
annotation,1
nineteenthand,1
acts,1
amounted,1
barron,1
registry,1
decline,1
essentially,1
distinguished,1
workforce,1
potent,1
inability,1
progress,1
universities,1
provincial,1
vi,1
distinguishing,1
appropriate,1
kiwis,1
normalized,1
lincoln,1
visit,1
inform,1
australasian,1
invidious,1
rest,1
institu,1
favoured,1
activities,1
impor,1
casts,1
concomitant,1
ew,1
second,1
ranging,1
fund,1
offsetting,1
onset,1
myriad,1
contended,1
indeed,1
hardest,1
agricul,1
motivated,1
congestion,1
acknowledged,1
ened,1
female,1
benefiting,1
suggestion,1
july,1
illustrating,1
experiences,1
dardized,1
initially,1
southern,1
tenures,1
shipped,1
vhat,1
decisions,1
innovation,1
selection,1
single,1
powerfully,1
postulate,1
poraries,1
guide,1
cheap,1
oxford,1
lbs,1
interpretation,1
reference,1
makes,1
alongside,1
evolved,1
technology,1
fifth,1
faltering,1
creameries,1
included,1
commonwealth,1
infrastructure,1
publishing,1
collectively,1
experimental,1
al,1
illustrated,1
hunger,1
department,1
unusually,1
consequentially,1
noted,1
inheritance,1
lii,1
enterprises,1
payments,1
considers,1
useful,1
lee,1
ensuing,1
street,1
britannica,1
revi,1
aggregates,1
centred,1
outflows,1
deterred,1
jeffrey,1
challenge,1
others,1
subse,1
renewed,1
academy,1
retical,1
smithies,1
incorporates,1
iu,1
newly,1
foodstuffs,1
head,1
revenue,1
walked,1
utilizing,1
beliefs,1
regulation,1
repurchases,1
striving,1
ehsanz,1
john,1
end,1
aug,1
remain,1
doubt,1
considerable,1
eigen,1
oc,1
minister,1
orthogonalize,1
receiving,1
puzzling,1
forms,1
do,1
paris,1
geography,1
increases,1
operating,1
innovative,1
accepted,1
relevant,1
vanek,1
necessary,1
ahead,1
decade,1
deep,1
volatile,1
perhaps,1
belief,1
seminars,1
eds,1
upswing,1
frequency,1
hamilton,1
cul,1
explicitly,1
realize,1
desires,1
insured,1
interpreting,1
another,1
private,1
understanding,1
discussion,1
registrations,1
specializing,1
dered,1
newyork,1
completed,1
helps,1
hinder,1
region,1
bhagwati,1
depended,1
complexities,1
tighter,1
findings,1
varying,1
ofwaikato,1
station,1
emphasize,1
worse,1
congress,1
harvard,1
processes,1
varia,1
portfolios,1
services,1
trust,1
office,1
vulnerability,1
eight,1
involves,1
vii,1
rejected,1
open,1
significance,1
clear,1
peripheral,1
workers,1
ploughing,1
dwarfed,1
characterized,1
helpful,1
premium,1
features,1
risen,1
played,1
borrowers,1
kept,1
spilling,1
diagnosis,1
abundant,1
palmerston,1
represen,1
martin,1
lv,1
exchange,1
neutral,1
annually,1
random,1
behind,1
cs,1
sured,1
systems,1
improving,1
constructing,1
gratefully,1
blackwell,1
accordingly,1
sentiments,1
resettle,1
excluded,1
hi,1
structure,1
comfortably,1
probably,1
looks,1
differ,1
attracted,1
theo,1
accord,1
tulate,1
autoregressions,1
quarterly,1
attended,1
buildings,1
mcllwraith,1
rentals,1
increasing,1
regained,1
carried,1
yields,1
ofyork,1
christchurch,1
relying,1
circle,1
vv,1
stems,1
assisting,1
cow,1
education,1
movements,1
five,1
meats,1
buyers,1
testing,1
foster,1
lxxx,1
reasonable,1
exacerbated,1
favour,1
fewer,1
dec,1
slow,1
excluding,1
shanahan,1
detailed,1
ordering,1
began,1
returned,1
economists,1
circumstance,1
importantly,1
sures,1
linking,1
settled,1
reckons,1
transferring,1
magnification,1
types,1
centuries,1
exists,1
walking,1
unusual,1
akaike,1
gathered,1
crowded,1
wheeled,1
distributional,1
yearbooks,1
quantitatively,1
school,1
blattman,1
wars,1
roughly,1
heavy,1
eventually,1
enterprising,1
broke,1
mundell,1
version,1
conjunction,1
incorporated,1
exogenous,1
conflate,1
extending,1
predictions,1
simply,1
tivation,1
granger,1
damaging,1
determinants,1
extension,1
pace,1
theme,1
known,1
grazing,1
willingness,1
hundredweights,1
doi,1
organizational,1
innova,1
labelling,1
minerals,1
discharged,1
replace,1
excess,1
control,1
econometrics,1
econonmic,1
cm,1
interrupted,1
xliii,1
separators,1
appendix,1
suspensions,1
half,1
vicious,1
then,1
particularly,1
manchester,1
intro,1
very,1
hdi,1
ir,1
constant,1
driven,1
passage,1
living,1
sweated,1
february,1
advances,1
better,1
person,1
resembled,1
animal,1
stagnated,1
avoidance,1
combined,1
implicit,1
stability,1
namely,1
plural,1
edinburgh,1
factorization,1
shall,1
shortages,1
leaving,1
surveying,1
andyamamoto,1
reinvigorated,1
attaining,1
butchers,1
ductivity,1
relativity,1
imperial,1
voice,1
nuances,1
ascertain,1
augmentation,1
boston,1
bought,1
lambs,1
inimical,1
determined,1
multiple,1
recipients,1
despite,1
pas,1
downswing,1
prospect,1
bertola,1
intended,1
conventional,1
commodities,1
indebted,1
clothing,1
pound,1
families,1
qualitative,1
terparts,1
falter,1
associating,1
ho,1
varied,1
analysts,1
additional,1
suffrage,1
seddon,1
tated,1
industrialised,1
porcile,1
argues,1
reveals,1
sharpest,1
disappear,1
rationalization,1
argentina,1
fourteenth,1
grant,1
trap,1
crisis,1
register,1
offer,1
americas,1
cointegration,1
define,1
enabling,1
states,1
integration,1
attributes,1
beishaw,1
centrality,1
settling,1
attempted,1
madison,1
protec,1
association,1
ranged,1
tanks,1
profits,1
dissent,1
ries,1
offered,1
pelts,1
occurring,1
infor,1
assumed,1
ser,1
close,1
combination,1
attainment,1
kris,1
cook,1
create,1
import,1
element,1
farmland,1
censuses,1
duction,1
benchmark,1
uk,1
observed,1
famous,1
built,1
uncertain,1
arizona,1
contem,1
