WORDCOUNTS,WEIGHT
the,935
of,623
to,384
and,381
in,319
a,275
that,227
population,182
as,100
s,96
on,95
for,94
be,90
was,87
by,86
slavery,82
with,80
would,77
their,73
slave,72
malthus,71
slaves,71
he,64
this,60
is,60
free,58
his,57
it,50
southern,50
states,50
not,49
they,48
an,47
from,47
american,45
essay,45
were,44
white,44
colonization,42
blacks,42
society,41
black,41
them,41
at,39
had,39
its,39
will,39
whites,38
new,37
increase,37
have,37
malthusian,35
when,35
but,34
south,33
or,33
america,32
raymond,32
which,32
labor,30
more,30
one,29
subsistence,28
north,28
political,27
ibid,27
malthusianism,26
than,26
only,26
pessimistic,25
economy,25
years,25
displacement,24
no,24
growth,24
could,24
did,24
system,23
then,23
united,22
d,22
c,22
all,21
racial,21
review,21
such,21
clay,21
about,21
end,20
so,20
virginia,20
both,20
if,19
these,19
each,19
our,19
should,19
hodgson,18
since,18
university,18
future,18
debates,18
number,18
northern,18
africa,18
are,18
question,18
into,17
first,17
other,17
missouri,17
two,17
very,17
theory,17
press,17
argument,17
debate,17
race,17
i,16
there,16
state,16
laws,16
argued,16
year,16
dennis,16
african,16
southerners,16
washington,16
advocates,15
york,15
found,15
northerners,15
nation,15
use,15
thomas,15
between,15
col,15
proslavery,14
million,14
used,14
carey,14
annual,14
who,14
over,14
sectional,14
way,13
policy,13
william,13
people,13
same,13
many,13
increasing,13
george,13
manumission,13
while,13
although,13
jefferson,13
early,13
j,12
how,12
numbers,12
most,12
tucker,12
census,12
progress,12
also,12
congress,12
e,11
antebellum,11
every,11
henry,11
dew,11
against,11
century,11
shall,11
work,11
social,11
man,11
present,11
made,11
upon,11
trade,11
after,11
can,11
any,11
country,11
ratio,11
became,11
among,11
philadelphia,10
history,10
being,10
great,10
has,10
cost,10
because,10
r,10
place,10
actually,10
debow,10
thought,10
already,10
especially,10
means,10
principle,10
masters,10
presented,10
needed,9
issue,9
goal,9
wages,9
edition,9
wealth,9
however,9
part,9
during,9
statistics,9
economic,9
still,9
movement,9
time,9
been,9
must,9
problem,9
millions,9
land,9
thousand,9
rate,8
long,8
owners,8
find,8
even,8
poor,8
war,8
well,8
keep,8
up,8
ed,8
law,8
demographic,8
plan,8
appeared,8
never,8
model,8
less,8
franklin,8
moral,8
workers,8
began,8
analysis,8
cols,8
different,8
argue,8
whether,8
until,8
size,8
much,8
now,7
inferior,7
bushnell,7
those,7
some,7
west,7
price,7
journal,7
may,7
without,7
literary,7
w,7
m,7
carolina,7
emancipation,7
own,7
few,7
marry,7
contended,7
smith,7
sergeant,7
where,7
published,7
session,7
scheme,7
conditions,7
ideas,7
displacing,7
filled,7
tendency,7
seen,7
colonizing,7
joseph,7
considered,7
natural,7
freedom,7
calculated,7
world,7
you,7
increased,7
later,6
peaceful,6
large,6
western,6
instance,6
address,6
hundred,6
robert,6
theodore,6
daniel,6
u,6
vol,6
say,6
letter,6
density,6
feb,6
influence,6
poverty,6
americans,6
walker,6
proportion,6
benjamin,6
seaton,6
union,6
opponents,6
out,6
industrial,6
whole,6
employed,6
using,6
comparative,6
july,6
us,6
colored,6
noted,6
principles,6
john,6
took,6
low,6
period,6
him,6
become,6
james,6
mr,6
we,6
vision,6
itself,6
fertility,6
constant,6
simply,6
gales,6
according,6
proceedings,6
property,6
almost,6
little,6
subject,6
manufacturing,6
families,6
come,6
themselves,6
market,5
interests,5
twenty,5
analyses,5
condition,5
interest,5
back,5
vice,5
bring,5
bleak,5
support,5
slowly,5
just,5
slaveholding,5
called,5
strength,5
economics,5
feasibility,5
cannot,5
public,5
emancipated,5
thoughts,5
gave,5
messenger,5
misery,5
quite,5
immigration,5
decline,5
freemen,5
value,5
portion,5
therefore,5
likely,5
limited,5
competition,5
yet,5
wright,5
do,5
thousands,5
aug,5
co,5
fitzhugh,5
high,5
availability,5
capitalism,5
saw,5
raise,5
economists,5
rapidly,5
why,5
often,5
extensive,5
ever,5
quickly,5
legislature,5
best,5
report,5
what,5
particular,5
mathew,5
circumstances,5
territory,5
focus,5
arguments,5
jan,5
cornish,5
lincoln,5
abolitionists,4
spengler,4
college,4
mankind,4
second,4
studies,4
greater,4
character,4
predicting,4
before,4
plantations,4
arguing,4
estimated,4
debating,4
might,4
rapid,4
england,4
continue,4
able,4
atlantic,4
greatly,4
within,4
british,4
case,4
existence,4
possible,4
prospect,4
framework,4
succeed,4
human,4
central,4
immediate,4
genovese,4
dynamics,4
development,4
forced,4
elements,4
old,4
better,4
africans,4
men,4
racism,4
everett,4
levels,4
similar,4
settled,4
observations,4
additional,4
result,4
my,4
came,4
lead,4
chickering,4
equal,4
efficacy,4
positions,4
ten,4
issues,4
call,4
president,4
earth,4
responses,4
order,4
june,4
sons,4
populations,4
expansion,4
make,4
violence,4
soon,4
extinction,4
baltimore,4
increasingly,4
ricardo,4
rather,4
power,4
frederick,4
death,4
geometrical,4
increases,4
necessary,4
native,4
writings,4
insurrection,4
food,4
largely,4
questions,4
check,4
held,4
allowed,4
spread,4
class,4
effect,4
figures,4
institution,4
quarterly,4
science,4
naturally,4
begin,4
slow,4
force,4
colour,4
fall,4
frontier,4
respect,4
eugene,4
sections,4
fifteen,4
believed,4
too,4
set,4
capital,4
doubling,4
living,4
assessment,4
places,4
johnson,4
maryland,4
want,4
cause,4
add,4
produce,4
boston,4
thereby,4
through,4
convinced,4
finally,4
need,4
evidence,4
asked,4
prosperity,4
point,4
reached,4
entire,4
given,4
ending,3
limits,3
groups,3
succession,3
church,3
group,3
told,3
elaborated,3
live,3
ways,3
douglass,3
necessarily,3
inequality,3
nineteenth,3
either,3
nativism,3
production,3
fund,3
adopt,3
reach,3
europe,3
farmers,3
peopling,3
rich,3
producing,3
government,3
cocks,3
physical,3
side,3
dr,3
weston,3
consumed,3
community,3
enter,3
minimum,3
inevitable,3
professor,3
emigration,3
kind,3
individual,3
concerning,3
marriage,3
young,3
third,3
van,3
higher,3
offices,3
interesting,3
whose,3
federal,3
responded,3
earlier,3
eight,3
importance,3
congressional,3
consequences,3
godwin,3
abraham,3
females,3
consider,3
established,3
prevent,3
four,3
operate,3
experienced,3
superior,3
powerful,3
view,3
contention,3
expressed,3
demise,3
cady,3
further,3
equally,3
stock,3
required,3
possibility,3
directly,3
data,3
foresaw,3
arrives,3
brought,3
example,3
cry,3
trends,3
regions,3
good,3
change,3
ratios,3
things,3
contrast,3
rates,3
massachusetts,3
jordan,3
displaced,3
beneficence,3
seemed,3
republic,3
demand,3
williamson,3
gradual,3
schemes,3
prove,3
expanded,3
sending,3
evil,3
memorial,3
rise,3
double,3
garrison,3
put,3
fact,3
treatment,3
scholars,3
indies,3
children,3
really,3
pamphlet,3
doubt,3
enough,3
see,3
impoverished,3
explicitly,3
degree,3
doomed,3
exporting,3
colonize,3
francis,3
render,3
national,3
three,3
reality,3
adding,3
safety,3
general,3
defense,3
played,3
article,3
sense,3
cooper,3
walsh,3
oxford,3
fifty,3
note,3
liberia,3
articles,3
conclusion,3
humane,3
incorporated,3
here,3
repository,3
forty,3
intellectual,3
control,3
leaders,3
appendix,3
iii,3
ideological,3
mass,3
works,3
person,3
growing,3
purchase,3
terms,3
maintain,3
agricultural,3
passed,3
helper,3
always,3
divide,3
owner,3
son,3
transport,3
amasa,3
colonial,3
london,3
remarks,3
analysts,3
whenever,3
ultimately,3
editor,3
lands,3
samuel,3
product,3
superintendent,3
sides,3
fears,3
meeting,3
go,2
o,2
struggle,2
unrestrained,2
edge,2
fertile,2
generated,2
extirpate,2
kinshasa,2
till,2
congressman,2
fredrick,2
burke,2
extends,2
mar,2
constitution,2
connecticut,2
per,2
plenty,2
fate,2
true,2
h,2
done,2
contend,2
upheaval,2
january,2
seybert,2
trace,2
position,2
servitude,2
geometric,2
fixed,2
unlike,2
arrived,2
permitted,2
fearful,2
prosperous,2
said,2
highlighted,2
jesse,2
embraced,2
voices,2
jun,2
exclusive,2
ii,2
taken,2
rush,2
brien,2
nature,2
words,2
comparatively,2
immense,2
capitalist,2
daily,2
counterargument,2
mississippi,2
take,2
real,2
reproduction,2
half,2
help,2
embrace,2
mind,2
emphasized,2
reminiscent,2
contrasting,2
wage,2
somewhat,2
gibson,2
checked,2
behind,2
return,2
decennial,2
brugger,2
task,2
agriculture,2
changed,2
felt,2
capable,2
recommended,2
implies,2
slight,2
foreigners,2
julian,2
move,2
births,2
supply,2
far,2
ideologically,2
restraining,2
radical,2
peacefully,2
himself,2
interestingly,2
pen,2
affiliation,2
proceeded,2
estimating,2
severe,2
pursuit,2
g,2
author,2
ability,2
eighty,2
jr,2
funded,2
legislators,2
unwilling,2
adam,2
nor,2
bay,2
david,2
fielding,2
difficulty,2
races,2
scott,2
conkin,2
critique,2
sturtevant,2
ely,2
kentucky,2
generation,2
immunity,2
master,2
mechanisms,2
civilization,2
drescher,2
opposed,2
weapon,2
rowan,2
predicted,2
dilemma,2
checks,2
developed,2
adds,2
stop,2
remain,2
abundance,2
influential,2
doctrine,2
process,2
adopted,2
dwindle,2
b,2
leave,2
direct,2
parts,2
contributions,2
study,2
lay,2
diminishes,2
govern,2
space,2
emigrants,2
supposed,2
reason,2
rising,2
proving,2
statistical,2
branch,2
proved,2
elsewhere,2
n,2
gradually,2
mary,2
origins,2
hart,2
generally,2
willing,2
essays,2
founding,2
care,2
helped,2
important,2
advocated,2
appear,2
conflicts,2
disappeared,2
reflections,2
thinks,2
barbour,2
advance,2
whom,2
kennedy,2
questioned,2
societies,2
appearance,2
six,2
conservative,2
hands,2
color,2
determines,2
access,2
attack,2
effort,2
lived,2
isle,2
haller,2
noting,2
extinct,2
bergh,2
constantly,2
representative,2
reasons,2
though,2
freelabor,2
eventuality,2
fisher,2
produced,2
scale,2
explain,2
overpopulation,2
scene,2
improve,2
colonies,2
legislate,2
none,2
having,2
line,2
closed,2
hartford,2
abolitionist,2
richmond,2
purpose,2
esp,2
related,2
edmond,2
crowding,2
tilled,2
densely,2
stimulate,2
away,2
project,2
fought,2
interpreted,2
visions,2
enquires,2
attributed,2
approach,2
tone,2
solution,2
peopled,2
correct,2
voiced,2
diminish,2
revolution,2
next,2
discourse,2
sixty,2
around,2
family,2
small,2
several,2
soil,2
grow,2
presence,2
refinement,2
telling,2
degradation,2
inability,2
cattle,2
results,2
roots,2
breed,2
crime,2
aggregate,2
landlords,2
fredrickson,2
happen,2
republican,2
led,2
situation,2
higham,2
hegemony,2
equality,2
advocate,2
territorial,2
identified,2
seventh,2
motivated,2
tide,2
geometrically,2
nearly,2
arithmetical,2
object,2
reduce,2
convince,2
whatever,2
religious,2
positive,2
measure,2
examined,2
makes,2
silliman,2
expounded,2
neither,2
elizabeth,2
included,2
nat,2
culture,2
abandon,2
teaching,2
promotes,2
experiment,2
displaces,2
longer,2
gentleman,2
critiques,2
name,2
mark,2
again,2
printing,2
homo,2
added,2
turner,2
preserve,2
occurrence,2
rents,2
enlarging,2
larger,2
classical,2
contends,2
puritan,2
starvation,2
fear,2
conclusions,2
hand,2
ironically,2
ch,2
horace,2
material,2
day,2
calculation,2
another,2
original,2
displace,2
analyzed,2
cssh,2
divided,2
treated,2
transporting,2
restrained,2
region,2
disavowed,2
carlander,2
empirical,2
waste,2
rejoinders,2
virtually,2
emigrated,2
engaged,2
evne,2
partisan,2
office,2
stopping,2
appraisal,2
provoked,2
advocating,2
emphasizing,2
furnish,2
supportive,2
times,2
farms,2
counted,2
abundant,2
least,2
favored,2
commentators,2
systems,2
eyes,2
let,2
sentiments,2
structure,2
rhetorical,2
versus,2
concluded,2
hunt,2
separate,2
fogel,2
grimke,2
manhood,2
emancipating,2
flower,2
today,2
fairly,2
figure,2
five,2
consent,2
plans,2
hill,2
fewer,2
dec,2
becomes,2
referred,2
returned,2
legitimacy,2
lucas,2
holmes,2
supporting,2
debows,2
frey,2
occupies,2
meant,2
laborer,2
proof,2
contained,2
practice,2
manual,2
predictions,2
oct,2
extension,2
inferiority,2
offered,2
roderick,2
emancipator,2
text,2
alternative,2
books,2
hemphill,2
worth,2
accustomed,2
seem,2
alexander,2
current,2
speech,2
eventually,2
brothers,2
obviously,2
cultivation,2
historical,2
proposed,2
plantation,2
combined,2
beaten,2
form,2
parvus,2
met,2
sociology,2
attitudes,2
manufactures,2
dream,2
woodward,2
insightful,2
prudence,2
grayson,2
kaufman,2
listed,2
episode,2
contain,2
priestley,2
dependent,2
role,2
die,2
think,2
nov,2
models,2
negro,2
finding,2
dangerous,2
numerous,2
frame,2
wish,2
actively,2
whiten,2
dense,2
constructed,2
opinions,2
writer,2
weld,2
association,2
maintaining,2
chicago,2
create,2
element,2
observed,2
laborers,2
built,2
column,1
sewall,1
difficult,1
incited,1
does,1
supremely,1
superiority,1
philadelphian,1
abolition,1
basing,1
receded,1
formulated,1
currently,1
allegedly,1
dominating,1
child,1
deny,1
obligations,1
dies,1
underpinning,1
prefer,1
appealed,1
sterile,1
declared,1
destroying,1
keeps,1
palatable,1
commentary,1
habitable,1
scholar,1
created,1
ready,1
praised,1
circuitous,1
concern,1
engendered,1
deduced,1
elliot,1
extend,1
resulted,1
revolutionary,1
determine,1
preach,1
ultimate,1
succinct,1
introduction,1
utility,1
evans,1
distributed,1
passing,1
expect,1
identifies,1
center,1
traité,1
tact,1
prediction,1
touched,1
factories,1
saved,1
envisioned,1
jews,1
fed,1
enhance,1
tend,1
refused,1
prime,1
uncomfortable,1
forgiveness,1
myriads,1
anchor,1
compete,1
reemerged,1
disciples,1
newark,1
schools,1
authority,1
asserted,1
saxon,1
english,1
continent,1
murder,1
warfare,1
palpably,1
sudden,1
johns,1
expenditure,1
checking,1
bondage,1
pessimism,1
incidentally,1
forestall,1
former,1
acceptance,1
equated,1
redistribute,1
mbiassi,1
harsh,1
presents,1
laid,1
occurred,1
holding,1
freeman,1
benighted,1
discriminatory,1
vs,1
impeded,1
interfering,1
contested,1
slaveholders,1
russwurm,1
variety,1
flared,1
chief,1
annals,1
strikes,1
specters,1
updated,1
hints,1
hoping,1
test,1
experience,1
diffusion,1
band,1
objecting,1
common,1
urgency,1
island,1
olive,1
middletown,1
passion,1
eighth,1
perusal,1
provision,1
permit,1
optimism,1
modest,1
exist,1
ambivalence,1
certainly,1
swelling,1
slaughtered,1
posed,1
bushneil,1
falsely,1
implications,1
give,1
enables,1
attempt,1
overpower,1
capitalists,1
forcibly,1
agenda,1
worked,1
beautiful,1
ourselves,1
advanced,1
liberty,1
editions,1
containing,1
dramatically,1
company,1
prejudices,1
latitudes,1
crops,1
accommodate,1
assertion,1
suggesting,1
desire,1
simple,1
invigorated,1
thank,1
weirdly,1
follows,1
sectionalism,1
circumscribing,1
vanishing,1
proves,1
abolishing,1
thanks,1
immune,1
composition,1
room,1
delaying,1
products,1
vices,1
harvey,1
lodge,1
improved,1
depresses,1
consist,1
date,1
replicated,1
indispensably,1
respond,1
raised,1
regression,1
opposite,1
ours,1
repletion,1
declines,1
stopped,1
worldwide,1
southampton,1
landless,1
akin,1
employs,1
revolt,1
takes,1
forum,1
refute,1
sophisticated,1
ark,1
behavioral,1
eastern,1
key,1
encouraging,1
sought,1
iv,1
discontent,1
right,1
malthusians,1
emigrant,1
labours,1
roger,1
jumping,1
egoism,1
retain,1
dunwoody,1
announced,1
replacement,1
prior,1
determined,1
devastate,1
machinery,1
activity,1
planters,1
reject,1
paucity,1
pretend,1
shared,1
soils,1
establishing,1
reaction,1
mutual,1
richard,1
magazine,1
obvious,1
rid,1
apocalyptic,1
austin,1
apart,1
taking,1
grieve,1
events,1
uses,1
weightman,1
blessings,1
sent,1
utmost,1
quota,1
manumit,1
along,1
herdsman,1
unchecked,1
societysocialism,1
despicable,1
beneath,1
engage,1
celebrate,1
treatise,1
prejudice,1
harmony,1
controlled,1
wherever,1
eschewing,1
subsist,1
nurse,1
conflict,1
mistake,1
comprehensive,1
thus,1
andrew,1
retaining,1
regularly,1
differential,1
provident,1
farmhouses,1
merchants,1
atheneum,1
accuracy,1
speeding,1
counterpoint,1
residing,1
vacancy,1
illustrates,1
initial,1
sustain,1
initially,1
curse,1
assumes,1
fredericksburg,1
proofs,1
paradoxically,1
agent,1
savages,1
civilizing,1
authoritative,1
reflection,1
relatively,1
nicolay,1
domain,1
establishments,1
honest,1
supernumerary,1
denote,1
overt,1
august,1
pay,1
millionaires,1
barrier,1
neat,1
admitted,1
lessening,1
objected,1
conundrum,1
exercise,1
funds,1
springfield,1
blacken,1
aligned,1
cases,1
immigrants,1
ablest,1
creating,1
legally,1
evident,1
behaving,1
document,1
effortless,1
burgeoning,1
profound,1
amount,1
subjects,1
counterarguments,1
response,1
restrict,1
served,1
allowing,1
cleave,1
estimate,1
profit,1
adams,1
weight,1
sanguine,1
y,1
drawn,1
consequently,1
sin,1
resolutions,1
demonstration,1
operative,1
swamps,1
weave,1
indigenous,1
inveighing,1
ruinous,1
cooperative,1
hardly,1
restricting,1
infinite,1
competitive,1
virtuous,1
proviso,1
referring,1
undisputed,1
battles,1
promised,1
industries,1
distribution,1
unlikely,1
late,1
operation,1
sixteen,1
reappeared,1
enhancing,1
brownlee,1
slowed,1
shipping,1
essential,1
ably,1
hopes,1
testimony,1
tame,1
ordinance,1
pledged,1
maund,1
camp,1
wanting,1
abolished,1
main,1
arising,1
impetus,1
strained,1
interpretation,1
edward,1
vacancies,1
swept,1
shaler,1
communism,1
remote,1
mean,1
sherman,1
ills,1
politicians,1
opportunity,1
pressing,1
titled,1
rescue,1
device,1
legal,1
exemption,1
expelled,1
certain,1
ongoing,1
assuming,1
dialogue,1
possess,1
pp,1
danger,1
distant,1
prophecy,1
redundancy,1
miscellaneous,1
outnumber,1
hailed,1
unfavorably,1
brownson,1
bonds,1
lives,1
voluntarily,1
brunswick,1
rumors,1
t,1
scourge,1
genocide,1
immigrant,1
wanted,1
praise,1
marks,1
tensions,1
claiming,1
cultivators,1
organization,1
improvement,1
river,1
dwight,1
familiar,1
image,1
contaminated,1
section,1
days,1
ideologies,1
impact,1
traces,1
jersey,1
house,1
decade,1
northeastern,1
god,1
frequently,1
shrinking,1
repudiating,1
indefinitely,1
converting,1
commonly,1
commented,1
yea,1
max,1
resource,1
encouragement,1
derby,1
notions,1
stark,1
perform,1
justified,1
melville,1
oppression,1
guest,1
mix,1
yes,1
injustice,1
restriction,1
endemic,1
projected,1
negroes,1
opinion,1
export,1
preference,1
faced,1
trained,1
decades,1
body,1
commanded,1
assessments,1
banning,1
despaired,1
worries,1
tariffs,1
legislative,1
closely,1
acceptable,1
encourage,1
columbia,1
path,1
conflagration,1
allow,1
dollars,1
cloak,1
rule,1
search,1
solved,1
withdrawal,1
coloured,1
seven,1
patrick,1
deal,1
intellectuals,1
teeming,1
international,1
rebuttal,1
destined,1
sorrowful,1
impaired,1
shield,1
burst,1
philosophical,1
arrogance,1
execute,1
congeneous,1
wants,1
embedded,1
politique,1
unions,1
degeneracy,1
furthermore,1
tenanted,1
founder,1
informed,1
italians,1
effective,1
institute,1
contrived,1
wilberforce,1
mainly,1
condorcet,1
uncultivated,1
retrograded,1
garland,1
appears,1
absorption,1
persons,1
prose,1
meet,1
promise,1
purchased,1
philanthropists,1
appearing,1
grounds,1
tiffany,1
spur,1
your,1
masterly,1
perish,1
instrumental,1
taught,1
hay,1
wide,1
industrious,1
guardianship,1
elastic,1
hopkins,1
depictions,1
engine,1
influenced,1
receive,1
expensive,1
failure,1
taxes,1
gained,1
scripture,1
compel,1
participation,1
unequal,1
basis,1
supplanted,1
distinguish,1
congressmen,1
anglo,1
planning,1
degenerate,1
investigated,1
start,1
analyze,1
writers,1
leisure,1
nine,1
ensue,1
women,1
altruism,1
reader,1
unless,1
prominent,1
favourable,1
tens,1
uncover,1
herd,1
explains,1
competing,1
relief,1
planter,1
apparent,1
eradicated,1
kwando,1
northerner,1
withdraws,1
multiplied,1
irish,1
journals,1
excessive,1
dividing,1
repeating,1
reasoned,1
kindly,1
fit,1
consistently,1
discussions,1
refined,1
northwest,1
policies,1
enraged,1
printers,1
dobson,1
contains,1
calculating,1
lower,1
relevance,1
moments,1
coale,1
augment,1
et,1
mathematical,1
theologian,1
depraved,1
legislation,1
haven,1
believes,1
stationary,1
entails,1
scorching,1
rage,1
endorsement,1
presbyterian,1
demarkation,1
relative,1
knapp,1
following,1
graduate,1
redistribution,1
massacre,1
p,1
whilst,1
officials,1
construct,1
closing,1
commerce,1
arise,1
caused,1
hard,1
working,1
below,1
negligible,1
lowest,1
fostered,1
marx,1
theoretically,1
wished,1
speculations,1
ethnicity,1
senator,1
framed,1
clothes,1
destiny,1
rutgers,1
owned,1
sharp,1
midst,1
davis,1
event,1
fast,1
openly,1
airy,1
fatigue,1
axiom,1
sufficient,1
consensus,1
feeling,1
replace,1
ship,1
components,1
transfer,1
governments,1
comfort,1
hinton,1
essentially,1
distinguished,1
texas,1
usual,1
seeds,1
philip,1
westmoreland,1
brown,1
core,1
parliament,1
fully,1
cincinnati,1
patience,1
exempting,1
universities,1
necessity,1
progressed,1
productivity,1
acts,1
filling,1
proper,1
paid,1
beauty,1
diminished,1
newly,1
provided,1
selfprotecting,1
sagacity,1
moved,1
valuable,1
raleigh,1
reducing,1
suspicious,1
purchasing,1
avoid,1
strangers,1
local,1
appeal,1
blanchard,1
hopkinson,1
flourished,1
threatened,1
f,1
submissive,1
privation,1
transform,1
business,1
fortunate,1
reduced,1
nonetheless,1
hereditarian,1
practices,1
protecting,1
ignite,1
noble,1
bringing,1
cherish,1
action,1
britain,1
wrote,1
happy,1
appearances,1
toward,1
overall,1
contrasted,1
play,1
manipulate,1
deadly,1
wait,1
receptive,1
retort,1
theorizing,1
brief,1
exception,1
constraints,1
returning,1
gaining,1
strains,1
toilsome,1
allen,1
suggestion,1
establishes,1
starve,1
intervention,1
surviving,1
comments,1
standing,1
humans,1
eldest,1
paint,1
legitimized,1
seemingly,1
suppose,1
inhabited,1
va,1
virginian,1
single,1
powerfully,1
forecast,1
scarcity,1
unexampled,1
containment,1
gnawed,1
gideon,1
communities,1
criticism,1
laboring,1
fair,1
foreclosed,1
security,1
lloyd,1
ensures,1
read,1
mused,1
alongside,1
acknowledgments,1
financial,1
dual,1
sex,1
unattainable,1
corrupt,1
technology,1
under,1
restricted,1
ellwood,1
favorable,1
ancient,1
compiled,1
riots,1
dictates,1
achieve,1
jay,1
assimilation,1
lthu,1
editorial,1
perspectives,1
complete,1
liberties,1
k,1
bloomington,1
shifting,1
passions,1
accelerated,1
al,1
armageddon,1
bownlee,1
chew,1
monson,1
costs,1
provocative,1
conn,1
beginnings,1
dispute,1
quotations,1
disagreed,1
friend,1
subpopulations,1
picture,1
sketch,1
awful,1
regardless,1
fill,1
unprovided,1
lee,1
seymour,1
fellow,1
party,1
rhode,1
leader,1
comfortable,1
paul,1
derangement,1
book,1
temporarily,1
stated,1
faults,1
mentions,1
mighty,1
others,1
avail,1
chance,1
lamp,1
l,1
addition,1
revealed,1
desiring,1
water,1
destroy,1
temperament,1
analytical,1
clothed,1
cultivated,1
shows,1
faster,1
almighty,1
consideration,1
limit,1
overwhelming,1
fundamental,1
head,1
pressure,1
discord,1
palliations,1
nathaniel,1
totals,1
confederacy,1
exclusion,1
transmute,1
attempting,1
demonstrations,1
inevitably,1
tariff,1
educated,1
break,1
reacted,1
proceeds,1
demonstrating,1
proposal,1
granting,1
substantially,1
imaged,1
identical,1
considerable,1
charges,1
impending,1
observes,1
advocacy,1
serious,1
removal,1
rhetoric,1
clime,1
enactment,1
consciously,1
likelihood,1
ground,1
allyn,1
witnesses,1
centre,1
posit,1
decried,1
vanquished,1
manner,1
bonus,1
revolts,1
continuing,1
developing,1
equitable,1
existing,1
accepted,1
receives,1
establish,1
endorsed,1
marrying,1
michael,1
answer,1
strategies,1
choice,1
forth,1
obliged,1
colony,1
extolling,1
focusing,1
appropriating,1
pauperism,1
simplicity,1
frightening,1
brutalize,1
perhaps,1
preparation,1
eds,1
bare,1
frequency,1
reasoning,1
compelled,1
patriarchal,1
ordinary,1
style,1
sow,1
remarkably,1
refuted,1
thoroughly,1
remained,1
violent,1
remove,1
charleston,1
charted,1
fight,1
sir,1
imagine,1
classes,1
whiteness,1
bond,1
moderns,1
extended,1
heralded,1
invested,1
economie,1
monroe,1
tulane,1
culloch,1
winners,1
values,1
overspread,1
wretched,1
servant,1
discrimination,1
burdick,1
homesteads,1
distinctly,1
onslaught,1
depended,1
donald,1
usurped,1
europeans,1
tenets,1
findings,1
admiring,1
significant,1
unfair,1
oppose,1
additions,1
causes,1
affects,1
morality,1
maldistribution,1
net,1
energized,1
ethnic,1
evolution,1
exhibited,1
actual,1
resolved,1
pamphlets,1
services,1
individuals,1
contentment,1
fruits,1
raising,1
sees,1
previous,1
perfidy,1
theories,1
nevertheless,1
students,1
rejected,1
clear,1
discovered,1
humanity,1
grew,1
welcomed,1
restraint,1
publication,1
aaron,1
agreement,1
mcfarland,1
logic,1
horrific,1
eve,1
crisis,1
pride,1
chair,1
reviewers,1
perverse,1
like,1
bradford,1
fidelity,1
summer,1
sparsely,1
mount,1
ended,1
profitably,1
devise,1
tranquility,1
kept,1
comforts,1
cabot,1
last,1
offense,1
wesleyan,1
martin,1
incontrovertibly,1
repeated,1
decide,1
indolence,1
readers,1
annually,1
sentiment,1
problems,1
labour,1
promote,1
elaborate,1
chapel,1
constructing,1
reads,1
confinement,1
viable,1
exported,1
sensible,1
references,1
stand,1
examine,1
teach,1
enemies,1
enthusiastically,1
trades,1
percent,1
recommending,1
imputations,1
sept,1
loathe,1
primal,1
arisen,1
attracted,1
morris,1
splitting,1
selfishness,1
savior,1
incontrovertible,1
macmillan,1
destruction,1
connections,1
tenfold,1
governor,1
louisiana,1
hope,1
blueprint,1
nashville,1
pastor,1
division,1
decreased,1
bethel,1
lucius,1
heap,1
dealing,1
entitled,1
discipline,1
suggest,1
depth,1
asking,1
route,1
provoking,1
twelve,1
escaping,1
committed,1
entail,1
assigned,1
monstrous,1
fueled,1
condense,1
untenable,1
aid,1
rebel,1
me,1
violation,1
equals,1
sheet,1
wisdom,1
lot,1
inhabitants,1
assert,1
foil,1
prophets,1
relieved,1
respectably,1
claimed,1
foster,1
pieces,1
employment,1
lines,1
comdarative,1
widespread,1
peden,1
institutions,1
predict,1
independence,1
success,1
chauvinists,1
relations,1
translation,1
yale,1
obstacle,1
voluntary,1
lippincott,1
confine,1
anxiety,1
immensity,1
anxious,1
expert,1
countries,1
length,1
life,1
quiet,1
arts,1
encapsulated,1
continually,1
norton,1
valiant,1
mortality,1
disgrace,1
griffith,1
citizens,1
exists,1
get,1
unusual,1
commenting,1
sound,1
pressures,1
crowded,1
colston,1
rises,1
freeing,1
biology,1
door,1
distributional,1
matters,1
addressed,1
detail,1
entertain,1
extermination,1
school,1
ofthat,1
environment,1
contemplated,1
share,1
magnitude,1
sexes,1
rarely,1
thinking,1
blocked,1
protracted,1
lessons,1
series,1
mentioned,1
version,1
changing,1
literature,1
staunch,1
aspersions,1
cruelties,1
invoked,1
profits,1
joel,1
mia,1
regime,1
entry,1
southward,1
butchery,1
forgets,1
doi,1
perishes,1
sciences,1
offers,1
routinely,1
potential,1
staked,1
feelings,1
darwinian,1
respecting,1
enters,1
continental,1
exaltation,1
monthly,1
illuminate,1
anthropology,1
paper,1
acknowledged,1
publicly,1
disinterested,1
inclined,1
prolific,1
seriously,1
east,1
interested,1
board,1
believe,1
gone,1
down,1
breaking,1
wealthy,1
regard,1
scenario,1
returns,1
substance,1
allied,1
proportional,1
eugenics,1
feed,1
enterprising,1
doubts,1
speculation,1
rely,1
examination,1
longstanding,1
leas,1
benefit,1
associated,1
legislated,1
useless,1
cities,1
sum,1
happiness,1
guinea,1
past,1
protect,1
enlarged,1
recorder,1
oliver,1
pushing,1
turned,1
pamphleteer,1
forecasts,1
beginning,1
tenth,1
southerner,1
helping,1
outlines,1
sincerity,1
reproduce,1
preexisting,1
convenient,1
notable,1
discharge,1
prefers,1
winthrop,1
making,1
rebellion,1
duplication,1
orleans,1
pillage,1
thirty,1
westward,1
textbook,1
delegate,1
protective,1
doubled,1
perfectibility,1
starkly,1
leaving,1
extent,1
improvidence,1
intelligencer,1
attaining,1
rejoinder,1
precursor,1
noticed,1
information,1
currents,1
federative,1
threat,1
hundreds,1
middle,1
popular,1
spaces,1
noticeably,1
burden,1
magnificent,1
doctrines,1
inimical,1
capricorn,1
marked,1
peace,1
reported,1
daughters,1
redundant,1
ohio,1
city,1
truthful,1
altogether,1
alternatives,1
hydraheaded,1
yearly,1
regulate,1
ofmalthus,1
giving,1
buy,1
censuses,1
andhinton,1
ring,1
tried,1
impose,1
exerted,1
personally,1
dismal,1
absolute,1
finley,1
rochester,1
putnam,1
contribute,1
fissure,1
lorenz,1
democratic,1
obtain,1
preposterous,1
conversely,1
abbott,1
stevenson,1
indians,1
allows,1
slain,1
isolated,1
writing,1
goals,1
varied,1
leap,1
cruelty,1
morn,1
steuart,1
indiana,1
peculiar,1
spirit,1
propagating,1
accelerate,1
spring,1
stagnant,1
youth,1
commercial,1
unable,1
whitening,1
notes,1
disappear,1
vann,1
average,1
valve,1
unequivocal,1
contract,1
illinois,1
opens,1
scathing,1
thanking,1
accept,1
aware,1
publishing,1
inured,1
isles,1
manufactories,1
course,1
slavs,1
approximately,1
americas,1
employer,1
grown,1
integrated,1
virtue,1
promiscuous,1
enabling,1
specialists,1
green,1
inherent,1
inutility,1
smaller,1
fairfield,1
effects,1
colleagues,1
attempted,1
inequalities,1
philosophy,1
exportation,1
cheering,1
instinct,1
madison,1
remains,1
flaw,1
anonymous,1
needs,1
antagonistical,1
specific,1
charles,1
territories,1
chinese,1
admitting,1
passages,1
lectures,1
assumed,1
close,1
resources,1
rejection,1
succeeded,1
cheaper,1
era,1
enterprise,1
hardship,1
virgins,1
views,1
maximum,1
disparities,1
exclusively,1
import,1
prolificacy,1
ownership,1
tactic,1
participant,1
abandoned,1
traditional,1
fellowship,1
primed,1
schaeffer,1
kneeland,1
seek,1
establishment,1
drew,1
paying,1
famous,1
premature,1
degrade,1
delineate,1
relocated,1
showed,1
morasses,1
politician,1
locale,1
quantity,1
otto,1
major,1
looking,1
perpetual,1
capitalistic,1
