WORDCOUNTS,WEIGHT
the,410
and,248
of,231
in,190
to,155
films,133
a,113
as,78
classroom,70
students,68
that,58
for,51
history,49
these,41
film,40
with,40
i,39
on,36
no,33
they,32
at,31
s,31
about,31
their,29
prescriptive,29
but,29
are,28
this,27
new,27
by,26
social,26
postwar,26
more,25
an,25
from,25
how,24
culture,24
not,24
what,23
american,22
teenagers,22
press,21
or,21
york,20
is,20
school,20
war,19
cold,19
teaching,19
youth,19
primary,18
also,18
do,18
them,18
it,17
such,17
university,17
sources,17
who,17
past,17
into,16
historical,16
be,16
authority,15
today,15
see,14
period,14
all,13
student,13
most,13
can,13
education,13
first,12
america,12
may,12
power,12
high,12
educational,12
class,12
when,12
popular,12
era,12
way,11
world,11
were,11
like,11
some,10
adult,10
my,10
out,10
example,10
which,10
we,10
often,10
ve,10
question,10
neuhaus,10
if,9
one,9
ways,9
date,9
mental,9
viewing,9
media,9
teacher,9
well,9
least,9
adults,9
jessamyn,9
schools,8
t,8
ephemeral,8
hygiene,8
even,8
than,8
his,8
view,8
could,8
source,8
its,8
people,8
only,8
norms,8
classes,8
made,8
use,8
archive,8
dating,8
humor,8
now,7
teens,7
nature,7
help,7
historians,7
learning,7
old,7
journal,7
parents,7
white,7
had,7
during,7
change,7
make,7
us,7
smith,7
john,7
contemporary,7
real,7
sense,7
november,7
have,7
college,6
best,6
behavior,6
relations,6
general,6
rules,6
understand,6
idealized,6
featured,6
late,6
your,6
work,6
roll,6
own,6
good,6
society,6
yet,6
rock,6
fact,6
time,6
books,6
able,6
understanding,6
discussion,6
would,6
then,6
readily,6
while,6
voice,6
don,6
up,6
multiple,6
through,6
our,6
course,6
texts,6
difficult,5
undergraduate,5
true,5
prelinger,5
might,5
those,5
reading,5
within,5
dr,5
advice,5
sexual,5
narrator,5
adjustment,5
educators,5
influence,5
dvd,5
too,5
age,5
m,5
p,5
though,5
guidance,5
part,5
civil,5
gender,5
actually,5
drug,5
driving,5
highly,5
ask,5
many,5
conformity,5
teachers,5
michael,5
father,5
survey,5
topics,5
where,5
usually,5
begin,5
recognize,5
life,5
girls,5
quickly,5
over,5
particularly,5
very,5
video,5
little,5
tell,5
you,5
chicago,5
fears,5
much,5
tion,4
dangers,4
studies,4
drugs,4
tv,4
context,4
has,4
u,4
consumers,4
along,4
nick,4
library,4
watch,4
explicit,4
highway,4
study,4
consider,4
sex,4
however,4
perceive,4
sites,4
nc,4
nation,4
teenage,4
efforts,4
television,4
family,4
dramatic,4
research,4
always,4
instructors,4
hollywood,4
security,4
same,4
ed,4
sometimes,4
safety,4
perhaps,4
engaging,4
reality,4
peter,4
why,4
become,4
anxiety,4
citizens,4
itself,4
methods,4
simply,4
offers,4
believe,4
did,4
inquiry,4
particular,4
rigid,4
using,4
years,4
national,4
offer,4
need,4
evidence,4
sexuality,4
images,4
archives,3
ready,3
complex,3
completely,3
easily,3
earnest,3
before,3
women,3
shaped,3
other,3
last,3
state,3
political,3
normal,3
growing,3
felt,3
pleasant,3
reaction,3
duck,3
say,3
illustrates,3
nostalgic,3
conflict,3
blast,3
since,3
against,3
consumer,3
truly,3
higher,3
online,3
rather,3
across,3
basic,3
square,3
means,3
filmmakers,3
was,3
image,3
clearly,3
just,3
impact,3
invariably,3
important,3
methodology,3
moving,3
based,3
cultural,3
recently,3
public,3
memory,3
because,3
future,3
curriculum,3
actors,3
manners,3
classrooms,3
results,3
am,3
he,3
bringing,3
rights,3
teen,3
female,3
movement,3
depicted,3
read,3
home,3
adherence,3
party,3
successfully,3
naive,3
idea,3
atomic,3
discussed,3
bono,3
material,3
another,3
easier,3
significant,3
virtually,3
defense,3
so,3
him,3
il,3
story,3
grain,3
attention,3
asking,3
ing,3
science,3
been,3
analysis,3
hope,3
stereotyped,3
lessons,3
must,3
cover,3
know,3
december,3
seem,3
obviously,3
number,3
innumerable,3
type,3
better,3
terms,3
writes,3
boys,3
emphasis,3
anxieties,3
courses,3
easy,3
ken,3
gang,3
lesson,3
families,3
think,3
spring,3
accept,3
off,3
themselves,3
majors,3
dad,3
race,3
preconceptions,3
common,2
phil,2
meaning,2
identity,2
created,2
deepen,2
red,2
rick,2
ample,2
effective,2
nostalgia,2
cars,2
songs,2
shy,2
duke,2
character,2
princeton,2
asexual,2
being,2
warns,2
pleasantville,2
davis,2
every,2
labor,2
certainly,2
implications,2
give,2
orphan,2
j,2
laughter,2
available,2
capitalist,2
wooden,2
secondary,2
monitor,2
normative,2
products,2
sammy,2
rudimentary,2
mind,2
containment,2
robert,2
discipline,2
sound,2
con,2
sophisticated,2
money,2
incorporate,2
discuss,2
sheridan,2
fitting,2
watched,2
illustrate,2
international,2
solely,2
functions,2
october,2
dinner,2
internet,2
except,2
far,2
familial,2
case,2
juvenile,2
frazer,2
mores,2
interest,2
brother,2
mixed,2
century,2
narratives,2
times,2
listened,2
young,2
engineering,2
despair,2
kinsey,2
generation,2
unskilled,2
focused,2
ers,2
recognized,2
americans,2
whose,2
act,2
teenag,2
responded,2
ex,2
importance,2
michel,2
special,2
productive,2
moreover,2
reason,2
tensions,2
familiar,2
benefits,2
bit,2
mary,2
articulated,2
threat,2
pedagogical,2
surface,2
beyond,2
problems,2
exploitation,2
willing,2
fifties,2
appliances,2
appear,2
gregory,2
result,2
narration,2
sonny,2
emerge,2
initial,2
inversion,2
academic,2
durham,2
shake,2
tools,2
viewed,2
produced,2
companies,2
cannot,2
safe,2
james,2
possibility,2
shape,2
genre,2
alcohol,2
tool,2
heart,2
wholesome,2
place,2
literally,2
middle,2
away,2
narcotics,2
pick,2
successful,2
working,2
order,2
clothes,2
atmosphere,2
small,2
shapes,2
few,2
delinquency,2
universities,2
productivity,2
games,2
addiction,2
will,2
f,2
second,2
business,2
matter,2
appreciating,2
economic,2
short,2
indeed,2
limited,2
wait,2
rapid,2
july,2
bert,2
mainstream,2
christian,2
seemingly,2
oxford,2
hegemonic,2
seeing,2
light,2
clips,2
reprint,2
reports,2
foucault,2
journalist,2
fairly,2
picture,2
lee,2
name,2
dargis,2
kicksville,2
others,2
similarly,2
shows,2
pressure,2
remixed,2
really,2
dull,2
nuclear,2
utilize,2
learn,2
present,2
developing,2
less,2
chuckles,2
sec,2
elaine,2
alan,2
recreational,2
historian,2
encounter,2
upon,2
values,2
helps,2
instructor,2
including,2
desperate,2
room,2
holocaust,2
force,2
questions,2
actual,2
engaged,2
wheel,2
wilson,2
movies,2
essay,2
faces,2
august,2
christopher,2
gruesome,2
laugh,2
conversation,2
peer,2
pedagogy,2
remember,2
behind,2
article,2
macmillan,2
achieve,2
levy,2
table,2
filmstrips,2
independent,2
figure,2
blatantly,2
ideology,2
fear,2
male,2
primarily,2
institutions,2
un,2
tive,2
get,2
regularly,2
produc,2
environment,2
any,2
thinking,2
sitcom,2
following,2
version,2
changing,2
hell,2
ever,2
kay,2
constructed,2
june,2
text,2
here,2
control,2
country,2
cultures,2
different,2
worth,2
temporary,2
incorporating,2
argue,2
guy,2
audience,2
pit,2
beth,2
discontent,2
beginning,2
knows,2
carefully,2
making,2
rebellion,2
want,2
problem,2
produce,2
information,2
palgrave,2
contain,2
both,2
atkinson,2
communism,2
politics,2
role,2
african,2
filmmaking,2
screen,2
memories,2
socializing,2
challenges,2
aspect,2
coming,2
marijuana,2
sid,2
numerous,2
write,2
washington,2
aware,2
although,2
puff,2
defiance,2
viewers,2
worried,2
needs,2
offered,2
specific,2
potential,2
between,2
assumed,2
c,2
debate,2
create,2
import,2
given,2
tyler,2
resist,2
asked,2
smarter,2
vividly,2
subsequently,1
grasped,1
democracy,1
does,1
helped,1
wineburg,1
done,1
certo,1
millennial,1
prostitution,1
clipped,1
concerned,1
chalk,1
corporate,1
himself,1
corruption,1
danny,1
integrating,1
till,1
unpleasant,1
snapshot,1
boycott,1
represent,1
bolstering,1
mysteries,1
respecting,1
trans,1
e,1
epidemic,1
mundane,1
minutes,1
village,1
stripped,1
group,1
becoming,1
center,1
large,1
needed,1
dialoguing,1
exer,1
syphilis,1
kinds,1
instructions,1
enhance,1
lawlor,1
ma,1
neighborhoods,1
likely,1
live,1
miriam,1
constitutes,1
murder,1
veccia,1
univocal,1
unnatural,1
ideals,1
theatre,1
semester,1
policy,1
necessarily,1
barksdale,1
presents,1
unlike,1
encourage,1
replicate,1
turtle,1
tells,1
combated,1
smile,1
something,1
arguing,1
eye,1
nice,1
eager,1
joe,1
peaked,1
cartoons,1
lame,1
envi,1
derrick,1
aha,1
courdileone,1
explaining,1
www,1
long,1
whom,1
girlfriend,1
production,1
eastwood,1
interested,1
obeying,1
attempts,1
taken,1
culturally,1
musical,1
viewer,1
nicky,1
kneel,1
script,1
allow,1
advanced,1
sipress,1
seems,1
words,1
gary,1
dramatically,1
ciobanu,1
subject,1
possibilities,1
reach,1
andrew,1
coronet,1
derstanding,1
tradition,1
twenty,1
merit,1
assess,1
ottawa,1
great,1
reasons,1
richards,1
potentially,1
imaginary,1
molding,1
dealer,1
thanks,1
reveal,1
loud,1
wore,1
beds,1
delusion,1
tx,1
wini,1
swim,1
histo,1
coontz,1
review,1
subsequent,1
there,1
backtrack,1
clutter,1
stacy,1
emphasized,1
pentland,1
access,1
california,1
somewhat,1
gibson,1
replies,1
deadly,1
magazine,1
deteriorated,1
racial,1
rethinking,1
papers,1
bumbling,1
majority,1
goodnight,1
documenting,1
meal,1
takes,1
existence,1
protagonists,1
ruary,1
raids,1
cultur,1
biskind,1
chomsky,1
golf,1
everybodys,1
raucous,1
taffy,1
victims,1
twist,1
receptivity,1
chapter,1
placement,1
palladino,1
transpar,1
voyager,1
miniature,1
possible,1
suburban,1
activity,1
player,1
drive,1
driver,1
emotionless,1
obvious,1
heterosexuality,1
point,1
accolades,1
decoding,1
rela,1
timothy,1
nara,1
laws,1
scochera,1
desirable,1
reconstruction,1
bailey,1
rummage,1
message,1
helping,1
dignity,1
engage,1
lights,1
emphasizing,1
figures,1
shut,1
eamon,1
portunity,1
mid,1
exist,1
regarding,1
mistake,1
thus,1
squash,1
exercises,1
upheld,1
throughout,1
comments,1
fascinated,1
married,1
tury,1
historically,1
cosby,1
author,1
kicks,1
clowse,1
quality,1
reject,1
pursue,1
digestion,1
alarm,1
barton,1
due,1
objective,1
analyzing,1
audio,1
de,1
doctor,1
police,1
charming,1
pitfalls,1
authoritative,1
popularly,1
ease,1
ability,1
espousing,1
unfailingly,1
streible,1
price,1
participating,1
jams,1
sputnik,1
unmodulated,1
overt,1
emerges,1
dubbed,1
employing,1
rooted,1
westport,1
vanished,1
placid,1
humorous,1
kind,1
taste,1
bus,1
cases,1
individual,1
nor,1
ct,1
underlying,1
lenge,1
simpson,1
subjects,1
scenery,1
editing,1
speed,1
response,1
http,1
annihilation,1
completing,1
honesty,1
houses,1
occurs,1
uneasiness,1
ally,1
applying,1
left,1
guerrasio,1
third,1
twice,1
witnessed,1
jacob,1
rounding,1
unequivocally,1
savvy,1
gil,1
percentage,1
neusner,1
centron,1
look,1
boom,1
marmalades,1
strengthening,1
conceive,1
lens,1
simplistic,1
messages,1
jail,1
hardly,1
scripts,1
rap,1
unexamined,1
handful,1
dust,1
befuddled,1
ment,1
glad,1
longing,1
speeds,1
employ,1
surprisingly,1
unemotional,1
via,1
interesting,1
cuts,1
knoxville,1
disposed,1
dangerously,1
essential,1
youthful,1
genuinely,1
without,1
l,1
growth,1
emmett,1
generations,1
debated,1
unfolds,1
influential,1
fantasies,1
cinema,1
preparing,1
midwest,1
process,1
filmed,1
mean,1
fissures,1
signaled,1
opportunity,1
terrifyingly,1
heard,1
earlier,1
appears,1
b,1
certain,1
leave,1
brett,1
ongoing,1
desperately,1
dialogue,1
stephanie,1
interferes,1
emergency,1
danger,1
black,1
echoed,1
feel,1
awareness,1
practicing,1
consequences,1
space,1
happened,1
risks,1
moves,1
ironic,1
category,1
circulated,1
dean,1
wanted,1
march,1
counterparts,1
possibly,1
encourages,1
descent,1
laughs,1
ducked,1
warren,1
section,1
elsewhere,1
driven,1
n,1
attain,1
house,1
inness,1
westinghouse,1
unproblematic,1
upper,1
counseled,1
solid,1
doesn,1
four,1
meant,1
montgomery,1
atom,1
powerful,1
readings,1
officer,1
defines,1
believes,1
willard,1
putting,1
surge,1
requires,1
kuznick,1
instance,1
answers,1
solve,1
comfortingly,1
dominant,1
lust,1
mocking,1
snacks,1
david,1
suggested,1
ian,1
cut,1
beaver,1
disappeared,1
artistic,1
experimentation,1
opening,1
theft,1
lead,1
pc,1
identifying,1
path,1
opposition,1
asserts,1
uncovering,1
ofcommerce,1
found,1
color,1
cell,1
sights,1
attack,1
scaredy,1
effort,1
lived,1
patrick,1
users,1
changed,1
deal,1
format,1
shared,1
curiosity,1
austin,1
events,1
linger,1
weedheads,1
owen,1
worker,1
struggles,1
heroin,1
pre,1
rians,1
rebellious,1
micromanage,1
cinematically,1
fourth,1
ann,1
schaefer,1
irony,1
pointing,1
let,1
healthy,1
block,1
greenwood,1
devoid,1
reinforce,1
obedience,1
explor,1
jefferson,1
productively,1
record,1
lets,1
ignorance,1
chal,1
prescriptions,1
absolute,1
panty,1
taught,1
ined,1
comprehension,1
encroachment,1
oh,1
hendire,1
masculinity,1
peaking,1
weenie,1
cern,1
undercurrent,1
jim,1
outstanding,1
pigs,1
chopping,1
animated,1
petering,1
network,1
manhood,1
anthrax,1
data,1
makers,1
artifacts,1
already,1
mock,1
ronment,1
start,1
ideal,1
clean,1
imagined,1
prized,1
consequently,1
bemused,1
ents,1
shaggy,1
terrorist,1
clearer,1
pulls,1
lays,1
aged,1
homeland,1
routinely,1
shocking,1
whole,1
gave,1
fit,1
discussions,1
nervously,1
issues,1
collective,1
subtly,1
contains,1
beginnings,1
preparedness,1
shoestring,1
jo,1
schoolchildren,1
scare,1
details,1
winter,1
music,1
advertising,1
focuses,1
cry,1
premarital,1
cans,1
showing,1
seminars,1
artifact,1
mcglynn,1
week,1
miss,1
holy,1
contradictions,1
hidden,1
either,1
aspired,1
passport,1
depicting,1
unimaginative,1
hangs,1
closing,1
arise,1
swathed,1
infections,1
level,1
respon,1
wi,1
responsibility,1
fostered,1
shaping,1
revolution,1
simpler,1
straight,1
impossibly,1
thony,1
youtube,1
le,1
unquestioned,1
discourse,1
emphasizes,1
rutgers,1
owned,1
ariel,1
lovett,1
around,1
festive,1
reumann,1
dismantle,1
pregnancy,1
concerns,1
smithsonian,1
classmates,1
industry,1
disaster,1
acts,1
presence,1
hopkins,1
notorious,1
latest,1
telling,1
impossible,1
ent,1
foremost,1
budgets,1
engages,1
sexualized,1
generally,1
beacon,1
sifting,1
necessity,1
pa,1
paid,1
notes,1
underwear,1
protagonist,1
newly,1
grateful,1
finds,1
pot,1
exhorting,1
miserable,1
intones,1
gitimate,1
raleigh,1
grasp,1
reducing,1
flapper,1
activities,1
fiber,1
seemed,1
avoid,1
phi,1
input,1
barbara,1
overbearing,1
battle,1
therefore,1
cokes,1
dorkiness,1
led,1
san,1
fa,1
myth,1
epitome,1
steady,1
hegemony,1
conforming,1
innocent,1
identified,1
action,1
lynn,1
hide,1
tempted,1
thrifty,1
stentorian,1
aired,1
dous,1
corporation,1
acknowledged,1
classic,1
nearly,1
funny,1
innocence,1
beware,1
breath,1
april,1
community,1
above,1
illustrating,1
intervention,1
hubler,1
indicates,1
r,1
archivist,1
manifest,1
grooming,1
incredibly,1
recreates,1
breines,1
earthquakes,1
distribute,1
kills,1
single,1
fighting,1
lisa,1
relationship,1
sponsorship,1
fueled,1
guide,1
repression,1
cheap,1
philadelphia,1
urged,1
fascinating,1
meanwhile,1
push,1
opportunities,1
unquestioning,1
makes,1
projects,1
instantly,1
heather,1
soon,1
cats,1
hese,1
nerly,1
sounds,1
reshaping,1
columbus,1
smirk,1
exposure,1
challenged,1
neither,1
pres,1
shook,1
tn,1
participants,1
homeward,1
positively,1
connie,1
friendship,1
baltimore,1
dan,1
wright,1
excellence,1
surrenders,1
fictions,1
inspire,1
two,1
department,1
unusually,1
begins,1
increasingly,1
learns,1
rise,1
resemblance,1
kino,1
love,1
volume,1
sam,1
dire,1
shots,1
suit,1
book,1
attacks,1
challenge,1
flash,1
strike,1
accompanies,1
toward,1
again,1
punish,1
put,1
shedd,1
daring,1
scientists,1
analytical,1
emotions,1
lacked,1
usefulness,1
longer,1
lack,1
sexy,1
scholars,1
genuine,1
foods,1
instability,1
plan,1
trips,1
inept,1
outdated,1
break,1
larger,1
reacted,1
sexless,1
warning,1
understandable,1
stop,1
end,1
debates,1
camera,1
innocents,1
golden,1
man,1
manohla,1
serious,1
bradford,1
show,1
never,1
enough,1
took,1
drove,1
tales,1
increases,1
interrogate,1
imparting,1
covered,1
model,1
advising,1
spigel,1
discussing,1
anticipating,1
continuing,1
empire,1
answer,1
immature,1
confrontation,1
forth,1
slice,1
bremner,1
maturity,1
agencies,1
donation,1
routledge,1
distance,1
ordinary,1
gives,1
reflected,1
explicitly,1
argument,1
inject,1
alarmed,1
transparent,1
presentation,1
desires,1
notion,1
organize,1
fight,1
interpreting,1
instructional,1
demonstrated,1
credit,1
recognizing,1
analyzed,1
lauren,1
exploring,1
aptly,1
spending,1
art,1
campaigns,1
mccarthyism,1
mcclusky,1
birth,1
subjectivity,1
garner,1
meals,1
deliberately,1
ridiculous,1
greet,1
chauvinist,1
looking,1
holt,1
preys,1
crafts,1
complexities,1
presentations,1
wonder,1
lecture,1
entirely,1
food,1
affection,1
unfortunately,1
convenience,1
advises,1
narrators,1
robinson,1
congress,1
revelations,1
dances,1
fantoma,1
freedom,1
sible,1
examination,1
ibid,1
exams,1
full,1
imagery,1
filene,1
dismissed,1
unwanted,1
described,1
arguably,1
open,1
worry,1
meanings,1
discovered,1
three,1
moral,1
directed,1
reward,1
corny,1
worrying,1
op,1
language,1
points,1
health,1
mcfarland,1
studios,1
co,1
symposium,1
keep,1
started,1
function,1
summer,1
rael,1
vintage,1
collected,1
accurate,1
anyone,1
after,1
believing,1
inattentive,1
represen,1
thomas,1
wood,1
instruction,1
ap,1
spent,1
prescrip,1
decide,1
diefenbunker,1
imag,1
especially,1
facing,1
somehow,1
construct,1
k,1
eyes,1
snippets,1
viewpoint,1
glenn,1
atwood,1
assessing,1
tactics,1
exactly,1
examine,1
anderson,1
teach,1
monica,1
keith,1
january,1
henry,1
patterson,1
probably,1
conscience,1
analyze,1
ate,1
locales,1
overwrought,1
parameters,1
stumbles,1
institution,1
negligibly,1
amateur,1
connections,1
attend,1
joint,1
quarterly,1
embodied,1
traipse,1
satire,1
fee,1
reckless,1
cen,1
irresponsible,1
widely,1
stereotypes,1
attended,1
separate,1
tennessee,1
contributes,1
suspects,1
ranging,1
dudziak,1
dealing,1
entitled,1
implicitly,1
provitera,1
rachel,1
titular,1
dawn,1
lyrical,1
disrup,1
desegregation,1
hurdle,1
me,1
raise,1
humanities,1
perspectives,1
lot,1
provide,1
bold,1
assert,1
popularity,1
johns,1
chastising,1
fools,1
reels,1
selections,1
bound,1
abject,1
nadel,1
mez,1
dumb,1
widespread,1
watching,1
inviting,1
sensitive,1
directions,1
pop,1
collections,1
sitcoms,1
detailed,1
bears,1
bicycle,1
began,1
devlin,1
effectively,1
philosopher,1
monopolize,1
instituting,1
hopelessly,1
transformation,1
try,1
dergraduate,1
stage,1
memorable,1
strive,1
introductory,1
rudolph,1
unusual,1
kill,1
sherrie,1
joel,1
fall,1
fictionalized,1
chamber,1
teresa,1
entertainment,1
respect,1
spark,1
reichard,1
mother,1
hurren,1
face,1
canada,1
nods,1
regan,1
arts,1
problematic,1
association,1
paying,1
sandy,1
susan,1
comic,1
cam,1
bain,1
door,1
reinscribe,1
conformist,1
beatnik,1
suggestions,1
spineless,1
contextualize,1
rarely,1
liked,1
postmodernism,1
practice,1
series,1
exemplified,1
incorporated,1
someday,1
instructed,1
succumbs,1
constituted,1
economically,1
reinforced,1
pace,1
symbolic,1
brainpower,1
known,1
mac,1
educa,1
md,1
temple,1
yourfamily,1
dun,1
sciences,1
maims,1
set,1
couples,1
bright,1
graebner,1
berkeley,1
ran,1
natural,1
beta,1
intellectual,1
dairy,1
conversant,1
each,1
monthly,1
hoover,1
parental,1
save,1
setting,1
key,1
scheibach,1
delinquents,1
noam,1
down,1
breaking,1
emergence,1
wall,1
universal,1
current,1
knowledgeable,1
domestic,1
returns,1
smug,1
post,1
chalkdust,1
onstrated,1
treasures,1
contradictory,1
rely,1
written,1
build,1
examining,1
going,1
find,1
free,1
utilized,1
living,1
scores,1
absolutely,1
advances,1
ideally,1
places,1
turned,1
terrible,1
believed,1
industrial,1
regulations,1
game,1
day,1
baseball,1
economy,1
answered,1
notable,1
grail,1
reactions,1
whether,1
stability,1
ones,1
cise,1
dem,1
allowance,1
dallas,1
feb,1
maintain,1
textbook,1
plattsburgh,1
fluential,1
vigorously,1
pique,1
angela,1
extent,1
nevin,1
listen,1
getting,1
jason,1
brilliant,1
w,1
project,1
resurrected,1
calhoun,1
absurdly,1
almost,1
missed,1
suggests,1
hundreds,1
squalid,1
prevent,1
universe,1
patriotism,1
bob,1
nj,1
researchers,1
boston,1
outline,1
kappan,1
presented,1
org,1
menacing,1
awkwardly,1
conclude,1
ohio,1
hartman,1
sea,1
welcoming,1
chip,1
content,1
participant,1
became,1
wrought,1
authentic,1
techniques,1
raunch,1
lies,1
step,1
alttschuler,1
watchers,1
programs,1
obtain,1
sinking,1
conversely,1
disrupted,1
maintained,1
debutantes,1
writing,1
varied,1
tions,1
rewarding,1
sale,1
prepared,1
eric,1
promoted,1
stoned,1
shown,1
models,1
breaks,1
recording,1
crucible,1
electronic,1
unexpectedly,1
roasts,1
oah,1
scribes,1
twentieth,1
web,1
finally,1
trap,1
publishing,1
crisis,1
instead,1
richard,1
gladwin,1
define,1
d,1
socially,1
environ,1
cotton,1
files,1
guiding,1
product,1
cautionary,1
schafer,1
effects,1
prosperity,1
playing,1
defined,1
attempted,1
ca,1
madison,1
francisco,1
impacted,1
definitive,1
effec,1
roughly,1
willpower,1
tations,1
charles,1
tremen,1
searching,1
admitting,1
artisan,1
removed,1
buffalo,1
encouraging,1
archival,1
kids,1
otto,1
fictional,1
maximum,1
grab,1
fatally,1
erroneously,1
divergent,1
william,1
traditional,1
re,1
immediately,1
seek,1
prison,1
grace,1
drew,1
recent,1
admonishing,1
dos,1
should,1
doing,1
arithmetic,1
daughter,1
fostering,1
frankly,1
groundbreaking,1
deeper,1
gold,1
pellegrino,1
