WORDCOUNTS,WEIGHT
the,543
of,533
to,282
a,230
in,227
that,205
and,180
as,154
is,150
be,101
we,100
historical,92
it,86
subjectivity,85
are,84
not,72
for,69
on,62
or,58
s,57
an,52
by,51
such,49
our,49
this,43
have,41
with,40
they,38
can,38
from,37
standards,35
his,34
which,34
but,32
text,31
its,27
sense,27
at,26
has,26
what,25
philosophy,25
texts,25
their,24
should,24
history,23
he,23
one,22
everson,22
own,22
understanding,22
any,22
study,21
interpretation,21
standard,21
between,21
will,20
about,20
other,20
contemporary,19
would,19
all,18
point,18
even,18
us,18
aristotle,18
them,18
experience,17
may,17
philosophical,17
do,17
skinner,17
role,17
specific,17
does,16
there,16
no,16
objects,16
contingent,16
these,16
also,16
material,16
context,15
descartes,15
view,15
thought,15
whether,15
subjective,14
ideas,14
theories,14
theoretical,14
phenomenon,14
if,13
take,13
authors,13
phenomena,13
question,13
common,12
mind,12
some,12
historically,12
against,12
plausibility,12
explicit,12
notion,12
out,12
shared,12
knowledge,12
only,12
fact,12
ibid,12
problem,12
something,11
account,11
hintikka,11
mental,11
thus,11
objective,11
author,11
general,11
awareness,11
means,11
claim,11
approach,11
ancient,11
see,11
were,11
been,11
theory,11
being,10
textual,10
basis,10
starting,10
more,10
idea,10
features,10
course,10
caution,10
particular,10
thereby,10
come,10
aware,10
given,10
skeptics,10
way,9
into,9
might,9
conceptual,9
university,9
consider,9
argued,9
most,9
problems,9
lahteenmaki,9
attention,9
vili,9
reconstruction,9
under,9
ed,9
two,9
like,9
anachronism,9
each,9
different,9
jari,9
kaukua,9
first,8
either,8
case,8
con,8
historians,8
possible,8
obvious,8
behavior,8
plato,8
certain,8
daston,8
could,8
however,8
well,8
work,8
place,8
world,8
absence,8
beliefs,8
ground,8
so,8
latter,8
provide,8
natural,8
contextual,8
past,8
both,8
press,8
baker,7
said,7
scientific,7
feature,7
concepts,7
intuitions,7
due,7
perspective,7
important,7
understood,7
description,7
quite,7
always,7
therefore,7
likely,7
experiences,7
explicitly,7
discussion,7
distinction,7
morris,7
historian,7
set,7
terms,7
while,7
emphasis,7
much,7
difference,7
although,7
defined,7
recent,7
perception,7
meaning,6
tion,6
modern,6
former,6
properties,6
taken,6
state,6
those,6
say,6
phenomenal,6
immediate,6
than,6
without,6
rather,6
points,6
presupposition,6
denial,6
least,6
order,6
indeed,6
makes,6
alien,6
time,6
never,6
use,6
become,6
understand,6
relevant,6
argue,6
psychology,6
subject,6
tions,6
cambridge,6
states,6
views,6
now,5
elementary,5
completely,5
contexts,5
j,5
seems,5
hacking,5
king,5
object,5
lycan,5
agent,5
contrary,5
l,5
turn,5
special,5
white,5
presuppositions,5
reason,5
changes,5
was,5
let,5
data,5
part,5
projectiles,5
describe,5
concerns,5
up,5
dependent,5
subsequently,5
various,5
ahistorical,5
thinkers,5
ask,5
end,5
bundle,5
hand,5
ontological,5
necessary,5
perhaps,5
another,5
questions,5
phenomenality,5
clear,5
change,5
interpretations,5
need,5
science,5
often,5
analysis,5
simply,5
intellectual,5
principle,5
paper,5
descriptions,5
passage,5
according,5
investigation,5
her,5
when,5
level,5
trivial,5
concerned,4
medieval,4
entities,4
becoming,4
interests,4
give,4
culturally,4
rational,4
ourselves,4
simple,4
found,4
able,4
reading,4
nagel,4
fine,4
human,4
regarding,4
cyrenaic,4
since,4
topic,4
cases,4
conceive,4
grasp,4
aim,4
insofar,4
bring,4
mean,4
assuming,4
t,4
section,4
notions,4
result,4
called,4
though,4
grounds,4
characterization,4
interpreters,4
perspectival,4
whole,4
status,4
heuristic,4
methodological,4
void,4
matter,4
still,4
suppose,4
yet,4
reference,4
seeing,4
same,4
affections,4
conceived,4
new,4
interpreting,4
original,4
entirely,4
assume,4
variation,4
nothing,4
involves,4
relation,4
justice,4
figure,4
knuuttila,4
itself,4
interpretive,4
ever,4
mythologies,4
particularly,4
very,4
consciousness,4
want,4
maintain,4
argument,4
argues,4
instead,4
requires,4
experiential,4
concern,3
e,3
ways,3
strictly,3
studies,3
necessarily,3
intentions,3
philosophers,3
hence,3
setting,3
articulate,3
definition,3
available,3
together,3
differences,3
i,3
emphasized,3
stand,3
precisely,3
takes,3
existence,3
iv,3
contextualist,3
mythology,3
move,3
framework,3
central,3
denying,3
histori,3
g,3
interest,3
relatively,3
regarded,3
expected,3
kind,3
nor,3
items,3
amount,3
critique,3
opposed,3
how,3
doctrine,3
strands,3
just,3
instance,3
m,3
uses,3
based,3
appearance,3
access,3
p,3
radical,3
inter,3
term,3
further,3
method,3
expressions,3
having,3
r,3
start,3
brought,3
genuine,3
call,3
entails,3
showing,3
inexpressible,3
count,3
describing,3
contrast,3
event,3
involved,3
objectively,3
peculiar,3
critical,3
action,3
appearances,3
play,3
acknowledged,3
make,3
perennial,3
oxford,3
light,3
regardless,3
argumentative,3
frede,3
non,3
number,3
considering,3
discovery,3
range,3
ontology,3
tual,3
pyrrhonism,3
similar,3
supposition,3
function,3
him,3
epistemology,3
excluded,3
cognition,3
relying,3
rough,3
who,3
qualia,3
paradigmatic,3
instances,3
face,3
claims,3
share,3
rarely,3
considered,3
conclusion,3
denials,3
must,3
dualism,3
seem,3
emergence,3
regard,3
inquiry,3
animal,3
physicalist,3
implicit,3
form,3
minimal,3
suggests,3
through,3
focus,3
definitions,3
perceptual,3
conditions,3
accept,3
mode,3
distinctions,3
early,3
willing,3
surroundings,2
later,2
immune,2
affected,2
red,2
adoption,2
appear,2
needed,2
complex,2
kinds,2
ma,2
sets,2
position,2
presents,2
refers,2
connotations,2
arguing,2
princeton,2
turning,2
anything,2
ii,2
describable,2
constituents,2
court,2
real,2
subsequent,2
ity,2
behind,2
ahistoricality,2
nowhere,2
issue,2
cue,2
formulation,2
task,2
motion,2
right,2
determined,2
functions,2
taking,2
combination,2
far,2
conception,2
above,2
himself,2
exist,2
lorraine,2
includes,2
constitutive,2
indefinite,2
review,2
facts,2
de,2
adopted,2
heightened,2
tacit,2
pay,2
thing,2
refer,2
concerning,2
subjects,2
left,2
think,2
sensations,2
ment,2
genuinely,2
main,2
sentences,2
illustration,2
fair,2
process,2
approaches,2
risk,2
persistent,2
elusiveness,2
resorted,2
suppositions,2
quentin,2
methodology,2
whereas,2
descriptive,2
tween,2
had,2
acceptable,2
events,2
ogy,2
im,2
peacocke,2
cultural,2
pursued,2
treat,2
appears,2
applied,2
required,2
wide,2
possibility,2
aspects,2
none,2
liable,2
qualifications,2
concept,2
prominent,2
example,2
related,2
discussions,2
relevance,2
actually,2
focuses,2
project,2
stanford,2
pretation,2
gap,2
field,2
suggest,2
proximate,2
sufficient,2
doctrines,2
proper,2
preliminary,2
moved,2
avoid,2
psychol,2
classic,2
forward,2
prevailing,2
hold,2
answering,2
relied,2
read,2
serve,2
fail,2
neither,2
rightly,2
culture,2
presup,2
speaking,2
picture,2
support,2
strike,2
treatment,2
put,2
many,2
consideration,2
conscientia,2
materialist,2
exclusion,2
really,2
emphatic,2
debates,2
subscribing,2
puzzling,2
readers,2
v,2
where,2
keys,2
purposes,2
unearthing,2
answer,2
insufficient,2
cyrenaics,2
doubled,2
breakdown,2
examples,2
made,2
explanation,2
described,2
discovered,2
three,2
sensitivity,2
express,2
held,2
anachronistic,2
physics,2
good,2
cally,2
accurate,2
thomas,2
borderline,2
systems,2
k,2
methods,2
narrow,2
topics,2
effect,2
subjectiv,2
cognitive,2
tendency,2
controversial,2
things,2
entail,2
perspectives,2
she,2
crucial,2
unwarranted,2
suffice,2
lines,2
urges,2
primarily,2
independence,2
un,2
seen,2
tive,2
madman,2
why,2
jaakko,2
respect,2
ing,2
get,2
problematic,2
sound,2
phe,2
meant,2
dordrecht,2
stephen,2
then,2
thinking,2
associated,2
series,2
known,2
recognizable,2
observation,2
percepts,2
sciences,2
highly,2
know,2
interested,2
did,2
best,2
straightforward,2
foundation,2
iii,2
ar,2
perfectly,2
rely,2
type,2
better,2
n,2
unlikely,2
combined,2
phenom,2
making,2
interpreter,2
temporally,2
extent,2
yield,2
illuminative,2
intention,2
necessity,2
circumstances,2
content,2
alternatives,2
com,2
presupposi,2
arguments,2
qualitative,2
coming,2
remarks,2
argu,2
mutual,2
motives,2
corrective,2
provided,2
aristotelian,2
area,2
haphazard,2
speak,2
classification,2
respective,2
vi,2
nomena,2
passages,2
c,2
rejection,2
chicago,2
enterprise,2
occur,2
glance,2
strong,2
uk,2
among,2
representational,2
final,1
grasped,1
miller,1
go,1
archives,1
pathe,1
currently,1
o,1
done,1
stubbornly,1
underpinning,1
acknowl,1
edge,1
conjoined,1
corruption,1
designated,1
separated,1
truth,1
dangers,1
engendered,1
thrown,1
alone,1
totally,1
introduction,1
originate,1
pushed,1
forth,1
nagelian,1
per,1
linguistic,1
incomprehensible,1
contemporaneous,1
articulating,1
singularly,1
denied,1
subjectively,1
parochialism,1
entries,1
referring,1
second,1
mitman,1
authority,1
constitutes,1
h,1
easily,1
unraveling,1
mit,1
considerations,1
trace,1
stoic,1
supposing,1
character,1
pose,1
unlike,1
evasive,1
observing,1
sys,1
unproblematically,1
feels,1
guise,1
phenomenally,1
edu,1
eye,1
ingredients,1
themes,1
par,1
highlight,1
predominantly,1
gesting,1
gail,1
aside,1
deter,1
explaining,1
undermine,1
cumstances,1
sources,1
invention,1
reconstructions,1
torical,1
supposedly,1
creation,1
disagreement,1
tences,1
exaggerated,1
psychophysical,1
adopt,1
motivations,1
enables,1
quaint,1
encouraged,1
sub,1
expectation,1
fragmentary,1
nature,1
words,1
possibilities,1
reach,1
book,1
tradition,1
stringent,1
tem,1
leading,1
explores,1
borders,1
undertake,1
philoso,1
confusion,1
potentially,1
origin,1
senses,1
admittedly,1
onto,1
procedure,1
room,1
help,1
last,1
rudimentary,1
consist,1
consulting,1
duality,1
investigations,1
discipline,1
within,1
similarities,1
akin,1
notoriously,1
side,1
ascribed,1
suspect,1
forthcoming,1
projectile,1
prelimi,1
terizations,1
assertions,1
cifically,1
primary,1
bases,1
me,1
knowingly,1
saying,1
discuss,1
explananda,1
drastic,1
tivity,1
replacement,1
prior,1
capable,1
logical,1
constraints,1
activity,1
condition,1
tracing,1
illustrate,1
ance,1
adopting,1
solely,1
alter,1
naturalist,1
flourishes,1
transcend,1
apart,1
variations,1
consequent,1
classics,1
chart,1
nary,1
along,1
resembling,1
facto,1
manent,1
sensa,1
sweet,1
mislead,1
temology,1
philo,1
penetrate,1
prejudice,1
attract,1
corresponding,1
exposed,1
repeatedly,1
natives,1
phainomena,1
plausi,1
dependence,1
fun,1
appearings,1
accuracy,1
reverse,1
explained,1
difficulties,1
determinable,1
counterpoint,1
inevitable,1
winds,1
contempo,1
tex,1
guage,1
psy,1
perused,1
september,1
silent,1
enunciate,1
bodily,1
mentous,1
exam,1
raises,1
scratch,1
cf,1
encyclopedia,1
insisted,1
lan,1
assessment,1
quicker,1
seeming,1
overly,1
affairs,1
dis,1
resting,1
underlying,1
approval,1
body,1
dieval,1
cartesianism,1
columbia,1
holds,1
allowing,1
emphases,1
compared,1
ideal,1
determinations,1
find,1
hahn,1
explore,1
drawn,1
essays,1
journal,1
look,1
defini,1
period,1
tout,1
details,1
tentatively,1
demonstration,1
operative,1
pointing,1
hardly,1
shall,1
unexamined,1
acknowledge,1
behave,1
assessed,1
landscapes,1
downright,1
via,1
rooted,1
interesting,1
profoundly,1
thinker,1
brute,1
york,1
likeness,1
resists,1
act,1
subjected,1
contin,1
absent,1
sensing,1
impetus,1
across,1
centered,1
developed,1
deni,1
mediary,1
square,1
unvoiced,1
enon,1
presentation,1
pause,1
conceptions,1
goes,1
givenness,1
comply,1
substantiate,1
granted,1
b,1
idiosyncratic,1
direct,1
contributions,1
feel,1
explanantia,1
space,1
mediate,1
polite,1
supposed,1
moves,1
guides,1
unchanging,1
analy,1
determination,1
utterly,1
wherewith,1
cartesian,1
gard,1
assent,1
otherwise,1
presumably,1
metaphysics,1
air,1
contemporaries,1
slate,1
instrument,1
inextricable,1
characterizations,1
ards,1
fore,1
observations,1
w,1
prevent,1
straints,1
exclu,1
motivates,1
porary,1
jectivity,1
ques,1
follow,1
beyond,1
peru,1
pedantic,1
shorthand,1
obstacles,1
evaluation,1
stark,1
intentional,1
blatant,1
answers,1
dominant,1
mo,1
mon,1
suggested,1
providing,1
denigratingly,1
constitution,1
raw,1
sive,1
expressed,1
lead,1
whom,1
http,1
priori,1
introduce,1
location,1
intelligibility,1
katherine,1
formulations,1
justifiable,1
histories,1
rule,1
inherent,1
sextus,1
explanatory,1
propositional,1
effort,1
postulations,1
ridicule,1
tinguishing,1
initial,1
attained,1
representative,1
stepping,1
wonder,1
companion,1
fourth,1
pro,1
equally,1
furthermore,1
representationalism,1
equal,1
biographies,1
block,1
incites,1
keywords,1
mate,1
ness,1
mitment,1
constitu,1
nating,1
tye,1
appearing,1
explain,1
types,1
tant,1
thebes,1
criteria,1
receive,1
because,1
transl,1
directly,1
indispensable,1
addenda,1
distinguish,1
seminal,1
distinc,1
used,1
preconditions,1
received,1
tool,1
generative,1
preferred,1
clean,1
future,1
consequently,1
stake,1
london,1
calls,1
reduction,1
clearer,1
confined,1
thoughts,1
positions,1
excessive,1
criticized,1
ple,1
got,1
gave,1
q,1
fit,1
older,1
overtly,1
inherited,1
broad,1
bat,1
brutes,1
forces,1
illustrative,1
hings,1
scholastic,1
il,1
philosophically,1
resort,1
ter,1
universally,1
minds,1
gency,1
sophically,1
garb,1
causal,1
someone,1
varieties,1
accused,1
minants,1
strict,1
normally,1
correct,1
sharper,1
constituent,1
adherents,1
stage,1
involve,1
innocent,1
nial,1
emphasizes,1
squarely,1
disembodied,1
phrase,1
around,1
every,1
contingency,1
endowed,1
spectivalness,1
realists,1
medievals,1
temporary,1
certainly,1
essentially,1
telling,1
yielded,1
whatsoever,1
core,1
follows,1
generally,1
logicians,1
majority,1
inaccessible,1
results,1
pa,1
organs,1
notice,1
roots,1
value,1
obviousness,1
actions,1
gordon,1
precondi,1
reducing,1
impor,1
concomitant,1
seemed,1
unimaginable,1
appeal,1
eternal,1
timeless,1
inhabit,1
excludes,1
attempts,1
variety,1
materials,1
mysterious,1
visually,1
bringing,1
pushes,1
wary,1
concede,1
wrote,1
motivated,1
brief,1
postulation,1
commit,1
geometrically,1
ahistorically,1
posed,1
denominator,1
prove,1
projecting,1
targeted,1
backdrop,1
movement,1
sensation,1
reception,1
correc,1
positive,1
phys,1
chap,1
corpus,1
undergo,1
spoken,1
once,1
violate,1
hellenistic,1
loaded,1
bridged,1
jyvaskyla,1
refusing,1
istotle,1
assimilative,1
ible,1
perceived,1
tain,1
divested,1
transformations,1
complete,1
sharply,1
already,1
touching,1
proach,1
heuristically,1
enterprises,1
pick,1
sketch,1
considers,1
perspec,1
sis,1
attainable,1
omission,1
lapse,1
request,1
blazing,1
grips,1
undetermined,1
verge,1
preferences,1
rejects,1
experienced,1
missing,1
speaks,1
pendence,1
tingent,1
expose,1
lack,1
subscribes,1
limit,1
problematized,1
fundamental,1
deficient,1
rial,1
documents,1
abstract,1
inept,1
striving,1
als,1
oneself,1
larger,1
arriving,1
understandable,1
reductionist,1
chology,1
constructionist,1
underpin,1
considerable,1
discussed,1
external,1
reasons,1
bility,1
inexpress,1
wesleyan,1
forms,1
outside,1
took,1
consciously,1
everyday,1
present,1
illumi,1
manner,1
validity,1
michael,1
less,1
ophers,1
inwood,1
blind,1
conviction,1
cir,1
zaita,1
assortment,1
sequently,1
angelic,1
belief,1
routledge,1
presuppose,1
conceivably,1
shifts,1
descrip,1
physicalism,1
scant,1
verbal,1
phenomenological,1
fundamentally,1
entirety,1
contextualism,1
apt,1
damentally,1
abide,1
survive,1
intent,1
treated,1
anthropomorphism,1
consci,1
helps,1
narrowly,1
conceivable,1
translation,1
characterizing,1
looking,1
sameness,1
finland,1
significant,1
utterance,1
characteristically,1
unfortunately,1
largely,1
additions,1
presumption,1
distorting,1
harvard,1
gaye,1
processes,1
assign,1
sible,1
venture,1
condi,1
full,1
sees,1
supposi,1
versions,1
theses,1
open,1
meanings,1
thos,1
accessed,1
moral,1
reality,1
prolepsis,1
laboratories,1
talk,1
vagueness,1
bracket,1
essay,1
peter,1
logic,1
amounts,1
myopic,1
issn,1
rary,1
keep,1
concep,1
started,1
characterized,1
expound,1
revised,1
belongs,1
summer,1
serves,1
counted,1
shortly,1
earlier,1
ted,1
tasting,1
expressing,1
morals,1
ap,1
thoughtless,1
hardie,1
indubitably,1
constructionists,1
witness,1
especially,1
labels,1
faintly,1
realist,1
internal,1
article,1
lagerlund,1
arise,1
overcome,1
exactly,1
examine,1
accordingly,1
enjoyed,1
working,1
sug,1
inde,1
figures,1
occupied,1
appositeness,1
tacitly,1
determina,1
triviality,1
propose,1
minimally,1
sole,1
greek,1
animals,1
symmetrically,1
isn,1
concluded,1
widely,1
division,1
gist,1
genesis,1
dealing,1
implicitly,1
carried,1
asking,1
aspirations,1
reidel,1
applications,1
aid,1
abundance,1
backward,1
note,1
tentative,1
else,1
wisdom,1
fairly,1
singling,1
assert,1
sometimes,1
usually,1
plays,1
naturally,1
practical,1
bound,1
claimed,1
qualifies,1
ascribing,1
sec,1
remotely,1
nexus,1
investigators,1
muddle,1
strongly,1
force,1
parcel,1
polls,1
philosopher,1
threaten,1
try,1
antiquity,1
incitement,1
strive,1
philosophies,1
sentience,1
lar,1
assigns,1
exists,1
bestow,1
occupies,1
grounded,1
rigorous,1
extensions,1
addressed,1
detail,1
methodo,1
acces,1
believed,1
impulse,1
subjec,1
comes,1
complexity,1
peren,1
charting,1
comparison,1
preclude,1
apprehension,1
founded,1
epis,1
complexes,1
extensive,1
framing,1
enumerates,1
continues,1
theme,1
implied,1
proposes,1
generic,1
here,1
affirmative,1
alternative,1
pinpointing,1
philosophi,1
imprecision,1
evade,1
locomotion,1
milieu,1
over,1
tendencies,1
commonplace,1
proponents,1
cultures,1
capability,1
save,1
board,1
entia,1
believe,1
vari,1
unknown,1
accommodate,1
explicated,1
intermingled,1
eventually,1
alternatively,1
torically,1
obviously,1
asserting,1
auxier,1
written,1
ous,1
proclaiming,1
pect,1
particu,1
problematics,1
works,1
edition,1
february,1
options,1
merely,1
pushing,1
person,1
following,1
cal,1
cognize,1
defend,1
william,1
hall,1
experi,1
perceiving,1
carefully,1
instantiator,1
namely,1
stance,1
pertinent,1
pains,1
mere,1
platonic,1
leaving,1
avid,1
illustrated,1
foundations,1
expressly,1
studying,1
require,1
secure,1
tives,1
gross,1
noticed,1
property,1
emblematic,1
springer,1
enal,1
infant,1
exclusively,1
middle,1
radically,1
souls,1
outline,1
apparatus,1
whence,1
careful,1
epitomizes,1
met,1
perspectivalness,1
kin,1
introduced,1
renounce,1
easy,1
giving,1
step,1
deviate,1
substance,1
intelligences,1
reconstruct,1
presupposes,1
indebted,1
using,1
boghossian,1
aims,1
ensuing,1
writing,1
goals,1
neglect,1
construed,1
named,1
proceeds,1
false,1
ian,1
formation,1
runs,1
understandings,1
pace,1
shown,1
until,1
ence,1
philos,1
cepts,1
scribes,1
paradigm,1
takings,1
finally,1
reasonability,1
redrawn,1
wish,1
brain,1
revolves,1
phy,1
define,1
d,1
followed,1
evidence,1
barnes,1
writer,1
effects,1
piece,1
alludes,1
relegate,1
seeks,1
forming,1
off,1
presuppositional,1
organ,1
extremely,1
remains,1
roughly,1
charac,1
simo,1
materialism,1
close,1
propounds,1
arrived,1
themselves,1
scholarship,1
era,1
irrelevant,1
debate,1
bounds,1
element,1
re,1
transhistorical,1
contem,1
accentuate,1
beings,1
virtue,1
asked,1
doing,1
roles,1
sen,1
spe,1
elucidation,1
harmful,1
