WORDCOUNTS,WEIGHT
the,648
of,333
and,307
relief,265
in,256
to,206
a,145
spending,127
private,110
wpa,109
that,106
employment,100
work,88
for,86
new,73
by,72
on,64
earnings,63
were,61
deal,51
percent,51
with,50
was,49
direct,47
is,47
labor,46
s,43
during,43
shock,42
from,42
as,37
have,36
months,35
at,34
period,34
we,34
cwa,32
monthly,31
between,31
unemployment,30
workers,30
general,29
over,29
are,29
first,28
no,28
fishback,28
had,28
time,28
an,28
not,28
job,28
after,27
kantor,27
i,25
federal,24
this,24
local,24
would,24
month,24
market,23
all,23
data,23
works,23
per,22
cumulative,22
administration,22
j,21
jobs,21
each,21
second,20
see,20
increase,20
dynamics,19
response,19
panel,19
economic,19
or,19
these,19
increases,19
been,19
followed,18
more,18
which,18
neumann,18
be,18
they,17
total,17
public,17
state,17
mean,17
economy,17
through,17
national,17
t,16
employers,16
than,16
higher,16
two,16
also,16
figure,16
one,15
political,15
wages,15
depression,15
specification,15
city,15
programs,15
it,14
o,14
r,14
when,14
about,14
variables,14
december,14
level,14
years,14
fera,14
government,13
var,13
results,13
wallis,13
effect,13
program,13
shocks,12
election,12
statistics,12
number,12
responses,12
can,12
analysis,12
both,12
using,12
states,12
e,11
other,11
timing,11
roosevelt,11
l,11
their,11
university,11
unemployed,11
show,11
markets,11
year,11
used,11
periods,11
but,11
v,11
associated,11
capita,11
effects,11
c,11
there,10
price,10
york,10
additional,10
found,10
out,10
june,10
pp,10
three,10
impulse,10
granger,10
set,10
average,10
source,9
consistent,9
has,9
march,9
economics,9
relationships,9
changes,9
worker,9
its,9
caused,9
governments,9
projects,9
rise,9
only,9
john,9
cities,9
row,9
estimated,8
shawn,8
measures,8
elections,8
those,8
dynamic,8
funds,8
across,8
m,8
january,8
because,8
working,8
meanwhile,8
cleveland,8
reports,8
payments,8
patterns,8
model,8
so,8
high,8
respectively,8
column,8
did,8
past,8
howard,8
history,7
worked,7
great,7
differences,7
some,7
activity,7
functions,7
million,7
even,7
journal,7
likely,7
deviations,7
how,7
impact,7
most,7
well,7
received,7
change,7
several,7
rates,7
peak,7
positive,7
same,7
variation,7
recovery,7
real,7
variable,7
any,7
following,7
series,7
equation,7
while,7
use,6
zero,6
into,6
before,6
might,6
u,6
estimate,6
y,6
may,6
responded,6
lag,6
dc,6
hours,6
p,6
civil,6
records,6
people,6
paid,6
various,6
deviation,6
make,6
social,6
where,6
fleck,6
hiring,6
specifications,6
relationship,6
length,6
then,6
text,6
paper,6
expenditures,6
spec,6
report,6
them,6
maryland,6
suggests,6
press,6
november,6
our,6
washington,6
evidence,6
difficult,5
college,5
archives,5
view,5
large,5
agency,5
park,5
different,5
test,5
ii,5
available,5
earlier,5
thus,5
such,5
g,5
consumer,5
pay,5
estimates,5
poor,5
similar,5
benjamin,5
study,5
entry,5
kesselman,5
however,5
employed,5
officials,5
below,5
around,5
research,5
progress,5
budget,5
f,5
margo,5
critics,5
security,5
marginal,5
under,5
hourly,5
decreases,5
hand,5
less,5
made,5
values,5
controlling,5
accept,5
dollars,5
figures,5
science,5
examine,5
table,5
joseph,5
gpo,5
half,5
extent,5
urban,5
decrease,5
approximately,5
although,5
roughly,5
indices,5
much,5
should,5
if,4
distributed,4
american,4
walker,4
studies,4
negative,4
together,4
reasons,4
robert,4
wage,4
declines,4
case,4
issue,4
very,4
review,4
relatively,4
cases,4
find,4
levels,4
merced,4
eight,4
means,4
n,4
index,4
promote,4
expressed,4
based,4
explain,4
wright,4
example,4
box,4
quite,4
industry,4
up,4
ta,4
provided,4
us,4
tax,4
stated,4
addition,4
shows,4
longer,4
areas,4
substantially,4
remained,4
original,4
significant,4
net,4
significance,4
allowed,4
like,4
darby,4
standard,4
problems,4
k,4
relative,4
tests,4
aid,4
note,4
bureau,4
provide,4
extra,4
environment,4
better,4
chicago,4
despite,4
allows,4
complaints,4
finally,4
smaller,4
increased,4
given,4
taylor,4
building,4
hypothesis,4
common,3
names,3
created,3
offset,3
combine,3
occurred,3
edu,3
downturns,3
timed,3
hire,3
attractive,3
able,3
help,3
stimulative,3
raised,3
daniel,3
petree,3
prior,3
illustrate,3
household,3
todd,3
run,3
professor,3
since,3
sample,3
dates,3
without,3
capture,3
opportunity,3
interwar,3
emergency,3
factors,3
driven,3
numbers,3
argued,3
w,3
providing,3
result,3
traditionally,3
changed,3
bakke,3
hopkins,3
information,3
having,3
line,3
literature,3
part,3
related,3
null,3
issues,3
stimulate,3
schwartz,3
week,3
love,3
responsibility,3
suggest,3
hired,3
order,3
codes,3
irfs,3
division,3
dependent,3
avoid,3
led,3
short,3
crowding,3
nearly,3
reduce,3
july,3
still,3
above,3
edited,3
sector,3
administrators,3
california,3
fell,3
added,3
many,3
smith,3
efforts,3
reform,3
income,3
agencies,3
bernanke,3
deficit,3
another,3
discussion,3
earn,3
hour,3
ef,3
function,3
summer,3
article,3
trying,3
separate,3
inessa,3
who,3
meant,3
considered,3
worried,3
too,3
principle,3
control,3
ft,3
microeconomics,3
turned,3
william,3
recipients,3
ohio,3
horrace,3
until,3
cambridge,3
typically,3
entire,3
comparable,3
here,3
grants,3
final,2
does,2
demeaned,2
feedbacks,2
corruption,2
affected,2
nationwide,2
determine,2
expect,2
employees,2
methodology,2
designed,2
ma,2
peaks,2
expenditure,2
policy,2
comparisons,2
fixed,2
princeton,2
annals,2
root,2
indexes,2
lower,2
being,2
discretion,2
sources,2
specifically,2
creation,2
blumberg,2
conditions,2
ben,2
transferred,2
comparative,2
last,2
trouble,2
investigations,2
decreased,2
surveys,2
within,2
system,2
moulton,2
nber,2
right,2
determined,2
politics,2
births,2
taking,2
combination,2
point,2
eliminated,2
chart,2
along,2
correlation,2
harold,2
includes,2
throughout,2
estimating,2
accounted,2
empit,2
tables,2
econometric,2
turn,2
document,2
amount,2
six,2
simultaneity,2
criterion,2
explore,2
consequently,2
details,2
influence,2
industries,2
alleged,2
rather,2
his,2
angeles,2
edward,2
unit,2
af,2
risk,2
lasted,2
b,2
assuming,2
mckean,2
benefits,2
coefficients,2
just,2
welfare,2
quoted,2
michael,2
oi,2
exceed,2
votes,2
phased,2
important,2
coincide,2
could,2
census,2
initial,2
late,2
academic,2
further,2
though,2
focused,2
coyle,2
viewed,2
record,2
procedures,2
required,2
method,2
receive,2
trough,2
directly,2
stata,2
planning,2
los,2
fired,2
county,2
reduction,2
gave,2
q,2
policies,2
jo,2
runs,2
winter,2
away,2
project,2
graph,2
indexed,2
errors,2
statistically,2
corresponds,2
stimulated,2
bank,2
separately,2
tended,2
examines,2
appropriate,2
value,2
gavin,2
massive,2
will,2
demand,2
reduced,2
clara,2
practices,2
emp,2
service,2
ia,2
prevailing,2
april,2
harry,2
interactions,2
targeted,2
movement,2
loss,2
direction,2
structural,2
examined,2
opportunities,2
makes,2
soon,2
contractors,2
tn,2
included,2
assistance,2
reprint,2
narratives,2
department,2
williams,2
elect,2
complaining,2
goals,2
business,2
spend,2
irf,2
academy,2
causality,2
stimulus,2
seasonality,2
larger,2
wu,2
contemporary,2
maddala,2
impending,2
forms,2
took,2
road,2
purposes,2
shown,2
gdp,2
focusing,2
frequency,2
controversy,2
fc,2
investment,2
averaged,2
lake,2
including,2
encouraged,2
empirical,2
confidence,2
insure,2
full,2
office,2
explorations,2
clear,2
adding,2
defense,2
methods,2
spread,2
features,2
latter,2
nra,2
internal,2
structure,2
james,2
downturn,2
regressions,2
claudia,2
brown,2
enough,2
raise,2
humanities,2
five,2
claimed,2
begin,2
deaths,2
fewer,2
directions,2
seen,2
sn,2
returned,2
deals,2
arts,2
united,2
surprising,2
unusual,2
paying,2
rises,2
school,2
magnitude,2
reemployment,2
simply,2
extensive,2
offered,2
droughts,2
sciences,2
know,2
refused,2
country,2
board,2
down,2
presence,2
current,2
foundation,2
particularly,2
constant,2
february,2
person,2
what,2
whether,2
offering,2
making,2
millett,2
axis,2
shortages,2
brimhall,2
early,2
listed,2
eligibility,2
code,2
reported,2
sundstrom,2
buy,2
tried,2
assumptions,2
measure,2
goldin,2
locations,2
north,2
fi,2
difference,2
charts,2
contributed,2
ucmerced,2
include,2
d,2
opinions,2
you,2
remains,2
association,2
ranged,2
specific,2
potential,2
coefficient,2
haines,2
debate,2
pool,2
jason,2
substantial,2
strong,2
seek,2
deeper,2
resources,2
ca,2
showed,2
arizona,2
continuously,2
dip,1
summed,1
decaying,1
loafers,1
directors,1
eammgs,1
now,1
complaint,1
allegedly,1
rate,1
done,1
page,1
stationarity,1
castigated,1
way,1
declared,1
later,1
indicated,1
generated,1
democracy,1
correlations,1
separated,1
represent,1
distress,1
introduction,1
comparability,1
group,1
he,1
approved,1
investigators,1
measurement,1
zz,1
precede,1
true,1
managing,1
h,1
bias,1
jonathan,1
additionally,1
easily,1
demeaning,1
ti,1
bf,1
weaker,1
decade,1
western,1
overwhelm,1
harsh,1
holding,1
dae,1
equations,1
tfs,1
induced,1
connotations,1
arguing,1
tc,1
std,1
said,1
gap,1
employable,1
wrong,1
every,1
certainly,1
hamden,1
handle,1
fund,1
economica,1
motivations,1
enables,1
diego,1
address,1
promoting,1
rumor,1
seems,1
nature,1
racetrack,1
heated,1
containing,1
best,1
leading,1
assess,1
estimation,1
confusion,1
witnessing,1
potentially,1
blind,1
assembled,1
borne,1
skantor,1
thanks,1
procedure,1
survey,1
take,1
earnit,1
persistence,1
mind,1
poaw,1
written,1
date,1
respond,1
henry,1
tv,1
reserved,1
subtracting,1
complicated,1
scrape,1
upturns,1
autocorrelated,1
voting,1
employs,1
forum,1
injected,1
exogenous,1
forthcoming,1
task,1
money,1
advice,1
causation,1
adverse,1
primary,1
sought,1
firm,1
america,1
addresses,1
account,1
vol,1
marc,1
possible,1
upward,1
toynacm,1
reaching,1
assure,1
october,1
memo,1
move,1
obvious,1
say,1
eliminating,1
bottomed,1
anticipated,1
against,1
minimum,1
formula,1
behavior,1
controlled,1
weidenmeier,1
funded,1
li,1
complained,1
goal,1
mc,1
oaxaca,1
hatton,1
ronald,1
ssfeoek,1
development,1
reject,1
illustrates,1
demanded,1
itf,1
hymm,1
unpublished,1
interest,1
ability,1
santa,1
conducted,1
tucson,1
cf,1
assessment,1
employing,1
century,1
expected,1
z,1
forced,1
sf,1
andkantor,1
individual,1
items,1
dean,1
ct,1
times,1
perspective,1
concrete,1
chapin,1
back,1
bfemp,1
approval,1
isel,1
highest,1
served,1
radio,1
ally,1
third,1
emt,1
compare,1
empjoysncm,1
shall,1
compromise,1
error,1
constraints,1
promised,1
alabama,1
distribution,1
employables,1
employ,1
incentives,1
rights,1
lyj,1
simultaneously,1
oymea,1
aidfor,1
slowed,1
act,1
managers,1
sessions,1
negatively,1
centered,1
developed,1
reiid,1
basic,1
kei,1
calculation,1
bucknell,1
bond,1
forgo,1
represented,1
signaled,1
immg,1
wpau,1
gcrkaral,1
supplement,1
thing,1
certain,1
electorate,1
plots,1
serial,1
special,1
retail,1
uncertainties,1
summarized,1
congressional,1
consequences,1
moreover,1
az,1
lea,1
consistency,1
support,1
references,1
endogenously,1
vmfr,1
plus,1
triumphant,1
rcuci,1
statistical,1
established,1
slowly,1
clearly,1
proved,1
sum,1
observations,1
prevent,1
ftebcf,1
benefited,1
experienced,1
glaeser,1
filed,1
lus,1
recovered,1
max,1
follow,1
amj,1
requires,1
unequally,1
hereafter,1
jjarafcftgs,1
permanent,1
hit,1
helped,1
david,1
faced,1
reintroduce,1
sho,1
smi,1
friends,1
matching,1
ticn,1
talking,1
my,1
endogenous,1
came,1
ftc,1
priori,1
location,1
allow,1
brookings,1
declined,1
federally,1
graphing,1
mandate,1
search,1
called,1
typical,1
effort,1
rg,1
international,1
sheek,1
requirements,1
mitchener,1
reltsf,1
russel,1
base,1
im,1
unobserved,1
creating,1
eliminates,1
shocktr,1
standardized,1
skilled,1
treat,1
appears,1
population,1
persons,1
handled,1
approached,1
fox,1
wide,1
near,1
periodical,1
ticncral,1
sounded,1
keeping,1
sez,1
vote,1
nine,1
rc,1
future,1
concept,1
cushman,1
experiencing,1
description,1
got,1
eichengreen,1
shockmemployment,1
describe,1
discussions,1
actually,1
director,1
thereafter,1
relkf,1
anticipating,1
stationary,1
entails,1
showing,1
smallest,1
president,1
own,1
rskc,1
trends,1
else,1
manipulation,1
josephine,1
either,1
prices,1
detailed,1
good,1
bootstrap,1
least,1
permanence,1
sense,1
viable,1
describing,1
hard,1
tight,1
misstate,1
shockmearning,1
rehabilitated,1
next,1
insurance,1
small,1
few,1
amounted,1
decline,1
attached,1
telling,1
yielded,1
budgets,1
fully,1
annual,1
scott,1
pa,1
world,1
reflected,1
diminished,1
finds,1
ee,1
rsssponac,1
dtm,1
moved,1
settle,1
reducing,1
barbara,1
transforming,1
portion,1
defended,1
therefore,1
reorganizations,1
getscrai,1
san,1
transform,1
units,1
situation,1
io,1
minimizes,1
fii,1
mislaid,1
responseui,1
limited,1
return,1
released,1
handout,1
exception,1
converted,1
community,1
indicates,1
comments,1
experiences,1
translates,1
unprecedented,1
southern,1
unfamiliar,1
upjohn,1
selection,1
single,1
frank,1
pfishback,1
buddy,1
oxford,1
competition,1
deflated,1
parimof,1
interpretation,1
lagged,1
sbock,1
fair,1
hugh,1
democrats,1
rules,1
kluwer,1
seeing,1
columbus,1
neither,1
compiled,1
autoregressive,1
palmer,1
participants,1
vsi,1
ams,1
manuela,1
infrastructure,1
positively,1
complete,1
rockoff,1
sharply,1
malcomson,1
baltimore,1
unbalanced,1
hay,1
sales,1
experiment,1
illustrated,1
garland,1
boost,1
exit,1
sam,1
worst,1
dire,1
rcsp,1
idle,1
riss,1
stronger,1
factory,1
again,1
rows,1
shocki,1
similarly,1
ask,1
vtftcfl,1
financial,1
summing,1
nya,1
lighter,1
fcamusg,1
fact,1
scf,1
idea,1
stories,1
overwhelming,1
mcjimsey,1
pressure,1
microeconomic,1
striking,1
striving,1
children,1
fallen,1
harming,1
end,1
resolved,1
pattern,1
erz,1
serious,1
external,1
simple,1
msc,1
never,1
conclusions,1
outside,1
do,1
corps,1
loyn,1
covered,1
operating,1
establish,1
tneumann,1
lewisburg,1
practice,1
attitude,1
earfsm,1
couple,1
swing,1
remarked,1
resjjcnscofeantirag,1
explicitly,1
argument,1
compete,1
spike,1
ehreet,1
bulletin,1
lags,1
interpreting,1
lobbying,1
meetings,1
bic,1
meaningful,1
investigated,1
vast,1
treated,1
threei,1
explanation,1
range,1
helps,1
limitations,1
aggregated,1
rdtef,1
robustness,1
aic,1
holt,1
merge,1
employmcas,1
findings,1
rdtfi,1
suv,1
virtually,1
yocum,1
assume,1
perception,1
etesiasgs,1
congress,1
mismeasurement,1
harvard,1
extraordinarily,1
questions,1
actual,1
eligible,1
nothing,1
examination,1
raising,1
option,1
maa,1
stayed,1
advantages,1
described,1
low,1
afterward,1
tarnsng,1
authors,1
xwiiseofcwa,1
vits,1
comprehensive,1
farm,1
tl,1
agreement,1
bayesian,1
points,1
health,1
interpret,1
co,1
august,1
issn,1
pin,1
titmcral,1
keep,1
ny,1
uo,1
selects,1
collected,1
paths,1
administrative,1
kramer,1
households,1
improved,1
black,1
payrolls,1
wight,1
spent,1
facing,1
probe,1
often,1
constructing,1
potiscofe,1
excluded,1
brockton,1
reliefu,1
ackerberg,1
implication,1
analyze,1
slightly,1
equivalent,1
rrapomsc,1
institution,1
quarterly,1
normal,1
encompassing,1
vector,1
widely,1
nal,1
reluctant,1
decision,1
ended,1
ranging,1
accepting,1
yields,1
stage,1
speculate,1
depressed,1
liberalism,1
autumn,1
oh,1
me,1
vv,1
chances,1
repetitions,1
meets,1
continued,1
archon,1
chance,1
bj,1
rough,1
eller,1
vertical,1
lines,1
primarily,1
sway,1
institutions,1
predict,1
rj,1
referred,1
success,1
strongly,1
memos,1
force,1
began,1
miag,1
remaining,1
indicate,1
distort,1
why,1
construction,1
fall,1
ftcwa,1
sage,1
elderly,1
composed,1
get,1
akaike,1
eugene,1
crowded,1
interpolated,1
stable,1
conservation,1
stephen,1
claims,1
distributive,1
assistant,1
dordrecht,1
version,1
changing,1
circumstances,1
officially,1
xf,1
precise,1
output,1
funding,1
sums,1
offers,1
affiliates,1
sustained,1
alternative,1
defining,1
rcl,1
books,1
finance,1
cm,1
melt,1
interested,1
innovations,1
seem,1
believe,1
referees,1
incorporating,1
sent,1
angelucci,1
captures,1
domestic,1
proportional,1
inquiry,1
eventually,1
ar,1
far,1
massachusetts,1
ir,1
bonnie,1
encouraging,1
build,1
respsms,1
living,1
type,1
places,1
growing,1
turnout,1
id,1
drop,1
reliefs,1
alfonso,1
lessons,1
combined,1
reelection,1
tow,1
rising,1
want,1
era,1
quote,1
min,1
seasonal,1
calculations,1
manuscripts,1
interval,1
problem,1
insightful,1
highs,1
her,1
institute,1
require,1
secure,1
ojrelief,1
oo,1
influenced,1
residuals,1
size,1
nj,1
ccc,1
displace,1
cyqjp,1
little,1
introduced,1
subsidies,1
prospect,1
alternatives,1
became,1
role,1
publishers,1
went,1
extended,1
jv,1
contribute,1
manufacturing,1
divided,1
families,1
firms,1
rssfjam,1
construed,1
varied,1
come,1
ultimately,1
youth,1
hirano,1
rffispattsk,1
iezt,1
donald,1
lately,1
numerous,1
pons,1
defender,1
publishing,1
course,1
offer,1
instead,1
ock,1
correlated,1
consumption,1
hunter,1
disruption,1
regular,1
newness,1
ehreci,1
off,1
rclwsf,1
area,1
measured,1
campaign,1
cents,1
summary,1
anonymous,1
comparison,1
respective,1
thousand,1
observation,1
ziccino,1
forrest,1
substitute,1
actions,1
fije,1
fluctuated,1
km,1
mason,1
ttaap,1
correlate,1
kris,1
reached,1
obligation,1
mp,1
sharing,1
create,1
dark,1
civilian,1
maximum,1
develop,1
sfcoekmctenml,1
re,1
focus,1
immediately,1
among,1
arnold,1
meeting,1
built,1
signals,1
close,1
draft,1
cited,1
major,1
occur,1
peaked,1
gold,1
