WORDCOUNTS,WEIGHT
the,678
of,386
and,325
to,283
in,271
a,259
was,147
her,137
that,117
she,100
infanticide,97
not,97
medical,93
as,87
s,77
on,73
with,69
women,68
had,68
from,67
for,66
insanity,64
infant,60
no,57
were,57
by,55
he,51
this,48
coroner,47
at,46
but,45
birth,44
doctors,44
or,43
mother,43
an,42
case,41
who,41
did,41
have,41
it,40
baby,38
be,38
child,37
i,35
cases,35
is,35
journal,34
box,34
island,32
rhode,32
dr,31
their,30
percent,30
american,29
could,28
mothers,28
alone,27
killed,27
m,26
woman,26
while,26
d,26
record,25
providence,24
his,24
cr,24
they,23
history,23
such,23
may,23
its,23
new,23
coroners,21
death,21
one,20
some,20
these,20
also,20
which,20
found,19
bailey,19
argued,19
temporary,19
both,19
rims,18
physicians,18
guilty,18
social,18
been,18
b,17
crotty,17
two,17
would,17
legal,16
immigrant,16
violence,16
law,16
graduated,16
claimed,16
hospital,16
born,16
evidence,16
all,15
pawtucket,15
than,15
criminal,15
sympathetic,14
j,14
state,14
doctor,14
marland,14
between,14
if,13
hayes,13
bullock,13
because,13
when,13
society,13
yet,13
ama,13
only,13
french,13
three,13
fall,13
sympathy,13
then,13
circumstances,13
although,13
among,13
marks,12
marone,12
most,12
medicine,12
during,12
officials,12
crime,12
testimony,12
mohr,12
examiner,12
unknown,12
years,12
states,12
testified,12
fountaine,11
college,11
studies,11
member,11
masterson,11
other,11
british,11
mental,11
york,11
l,11
after,11
study,11
moore,11
psychiatric,11
gave,11
status,11
many,11
profession,11
husband,11
school,11
any,11
phillips,11
cause,11
despite,11
c,11
asked,11
later,10
e,10
test,10
first,10
papers,10
century,10
rihs,10
lehlbach,10
served,10
mary,10
age,10
seaton,10
about,10
more,10
defense,10
mss,10
file,10
kill,10
dead,10
forest,10
believed,10
know,10
murder,9
behavior,9
body,9
abortion,9
without,9
pregnant,9
f,9
lack,9
head,9
john,9
often,9
responsible,9
united,9
charles,9
attitudes,9
early,9
giving,9
isser,9
nineteenth,8
barton,8
against,8
university,8
based,8
late,8
january,8
r,8
received,8
schwartz,8
sic,8
county,8
led,8
april,8
single,8
insane,8
servant,8
ibid,8
allison,8
infants,8
fifty,8
george,8
male,8
life,8
over,8
what,8
fuller,8
agreed,8
boston,8
eldridge,8
practiced,8
johnson,8
little,8
live,7
regarding,7
england,7
deemed,7
mind,7
oberman,7
married,7
de,7
admitted,7
left,7
similar,7
out,7
examiners,7
example,7
seemed,7
situation,7
postpartum,7
do,7
available,7
father,7
held,7
him,7
article,7
articles,7
pregnancy,7
are,7
them,7
must,7
through,7
role,7
association,7
chicago,7
should,7
o,6
police,6
true,6
h,6
character,6
puerperal,6
before,6
jackson,6
there,6
issue,6
thus,6
review,6
due,6
august,6
brother,6
find,6
marital,6
sample,6
mrs,6
w,6
into,6
called,6
seven,6
war,6
leonard,6
placed,6
however,6
explain,6
professionals,6
records,6
neck,6
family,6
part,6
july,6
still,6
home,6
same,6
time,6
children,6
men,6
took,6
unsympathetic,6
another,6
harvard,6
nothing,6
strange,6
latter,6
especially,6
can,6
european,6
replied,6
wheeler,6
joseph,6
mann,6
lambie,6
historical,6
babcock,6
until,6
abandoned,6
does,5
now,5
done,5
criminally,5
lejeunesse,5
alive,5
psychiatry,5
western,5
verdict,5
said,5
t,5
might,5
room,5
italian,5
sweet,5
g,5
old,5
immigrants,5
young,5
even,5
psychiatrists,5
quiet,5
parents,5
factors,5
days,5
surgery,5
too,5
care,5
inquest,5
questioned,5
changed,5
compassion,5
hydrostatic,5
work,5
nine,5
cord,5
away,5
discourse,5
several,5
consensus,5
lawyers,5
motherhood,5
brown,5
world,5
lincoln,5
republican,5
female,5
lucinda,5
neither,5
strangulation,5
bar,5
seduced,5
toward,5
treatment,5
scholars,5
present,5
see,5
number,5
argues,5
clear,5
period,5
guilt,5
pms,5
attended,5
me,5
science,5
why,5
conclusion,5
river,5
outcome,5
seem,5
hardon,5
domestic,5
very,5
widowed,5
reactions,5
fainted,5
information,5
abrasions,5
neglect,5
twentieth,5
actions,5
courts,4
common,4
separated,4
needed,4
denied,4
likely,4
bridgham,4
sophia,4
nice,4
give,4
seems,4
nature,4
court,4
within,4
america,4
possible,4
determined,4
condition,4
leniency,4
mentally,4
deserted,4
labor,4
verdicts,4
central,4
september,4
individual,4
six,4
died,4
acted,4
act,4
garvey,4
nor,4
servants,4
generally,4
rice,4
willing,4
opinion,4
view,4
appear,4
my,4
came,4
esq,4
p,4
system,4
aspects,4
population,4
applied,4
year,4
accidental,4
people,4
tough,4
published,4
responsibility,4
lois,4
involved,4
depression,4
acts,4
massachusetts,4
garnered,4
girl,4
second,4
identified,4
birthing,4
acknowledged,4
toilet,4
ed,4
lewis,4
higgins,4
appeared,4
educated,4
doubt,4
hand,4
accepted,4
less,4
perhaps,4
interned,4
remained,4
divided,4
intent,4
made,4
formal,4
lungs,4
killing,4
office,4
rejected,4
so,4
high,4
james,4
attend,4
la,4
concluded,4
continued,4
five,4
months,4
considered,4
abandonment,4
physical,4
drowned,4
down,4
argue,4
benefit,4
differed,4
adler,4
past,4
foughey,4
almost,4
ill,4
remarks,4
instead,4
surgical,4
you,4
evelyn,4
much,4
laws,4
suffocation,3
deny,3
implying,3
resulted,3
widow,3
minutes,3
pail,3
harsh,3
unlike,3
occurred,3
deserved,3
wrong,3
worked,3
mercury,3
memorial,3
great,3
studied,3
incident,3
pinkham,3
help,3
raised,3
committed,3
hilary,3
czubak,3
has,3
sought,3
sexual,3
chapter,3
vol,3
october,3
births,3
penalty,3
throughout,3
misfortune,3
explained,3
reject,3
girls,3
accidentally,3
application,3
monahan,3
insisted,3
type,3
february,3
witnessed,3
sane,3
jean,3
harrington,3
edward,3
sort,3
knew,3
determining,3
sarah,3
certain,3
perkins,3
moreover,3
support,3
eighteen,3
brunswick,3
lowell,3
n,3
ignorance,3
bowler,3
desperation,3
follow,3
beyond,3
us,3
helped,3
term,3
occupation,3
awaken,3
otherwise,3
possibility,3
affair,3
trial,3
journals,3
literature,3
claim,3
unless,3
brought,3
training,3
irish,3
place,3
faint,3
call,3
sutton,3
approach,3
either,3
spiegel,3
physician,3
sense,3
caused,3
excitable,3
autopsy,3
event,3
few,3
pain,3
protect,3
visible,3
negligence,3
finds,3
hide,3
newborn,3
percentage,3
sciences,3
wake,3
under,3
exposure,3
palmer,3
assistance,3
infanticides,3
department,3
paul,3
mark,3
others,3
europe,3
similarly,3
experienced,3
didnt,3
fact,3
consideration,3
overwhelming,3
conduct,3
pressure,3
witnesses,3
end,3
outside,3
surgeon,3
v,3
amnesia,3
doucet,3
day,3
stance,3
sir,3
investigators,3
murdering,3
upon,3
identity,3
strangled,3
factor,3
bed,3
discovered,3
agreement,3
reputation,3
health,3
peter,3
educational,3
sentiment,3
nationally,3
claiming,3
saw,3
we,3
quarterly,3
professional,3
controversial,3
draper,3
sometimes,3
suspected,3
parent,3
seen,3
remaining,3
britain,3
existed,3
table,3
education,3
griffith,3
itself,3
face,3
newborns,3
eugene,3
continues,3
elicited,3
known,3
jenks,3
june,3
best,3
report,3
assessment,3
davidson,3
respect,3
person,3
william,3
according,3
falls,3
investigation,3
want,3
particular,3
theory,3
tétreault,3
mandated,3
beck,3
given,3
drowning,3
november,3
mention,3
gilje,3
recent,3
finding,3
vance,3
plea,3
resolves,3
uncertainty,3
rabin,3
doing,3
daughter,3
showed,3
frequent,2
undergraduate,2
customer,2
accidents,2
south,2
way,2
knowles,2
revue,2
told,2
undertaker,2
fluid,2
judged,2
highly,2
mad,2
hull,2
dominica,2
fault,2
former,2
decade,2
position,2
ian,2
unassisted,2
arguing,2
annals,2
being,2
notre,2
stillborn,2
exist,2
long,2
jurisprudence,2
victim,2
ii,2
attempt,2
believe,2
poison,2
reach,2
twenty,2
confusion,2
differences,2
herndon,2
harvey,2
loose,2
interviewed,2
those,2
robert,2
opposite,2
decreased,2
daniel,2
album,2
existence,2
cullen,2
histoire,2
victims,2
struggling,2
clinical,2
suicide,2
prior,2
capable,2
recommended,2
reaction,2
illegitimate,2
richard,2
point,2
immoral,2
along,2
swayed,2
yates,2
framework,2
lover,2
ronald,2
since,2
backgrounds,2
illustrates,2
relations,2
natalie,2
dame,2
jr,2
topic,2
marriage,2
noyes,2
determination,2
applying,2
dulit,2
tufts,2
sister,2
ma,2
promised,2
higher,2
lesser,2
poor,2
interesting,2
authority,2
philadelphia,2
whose,2
german,2
rather,2
patron,2
abolished,2
everett,2
how,2
debated,2
posits,2
influential,2
responded,2
analyzes,2
granted,2
proportion,2
eight,2
crusade,2
lawyer,2
feel,2
supposed,2
thomas,2
reason,2
escape,2
barbarous,2
consider,2
established,2
literary,2
clearly,2
just,2
dartmouth,2
numbers,2
bruce,2
bender,2
substantiated,2
langer,2
restaurant,2
contrary,2
faced,2
providing,2
trained,2
necessarily,2
whereas,2
hours,2
uses,2
result,2
whom,2
societies,2
difficulty,2
richmond,2
lived,2
elna,2
international,2
hospitals,2
tidy,2
equal,2
viewed,2
française,2
russell,2
safe,2
educations,2
instrumental,2
enjoyed,2
public,2
influenced,2
memory,2
well,2
none,2
london,2
denial,2
knowledge,2
older,2
demonstrates,2
alienist,2
eighteenthcentury,2
friend,2
et,2
justification,2
employed,2
own,2
lifted,2
responses,2
inquests,2
brutality,2
hard,2
working,2
flexner,2
excuse,2
clothes,2
nearest,2
arbitrary,2
divisive,2
reporter,2
every,2
feelings,2
bray,2
research,2
pleas,2
parliament,2
always,2
annual,2
up,2
st,2
concurred,2
am,2
amérique,2
nations,2
periods,2
blanket,2
therefore,2
republic,2
business,2
attorneys,2
matter,2
incredible,2
contended,2
sanctity,2
neonate,2
located,2
labeled,2
academy,2
prove,2
convince,2
allen,2
initially,2
aid,2
east,2
formally,2
psychosis,2
cried,2
unwed,2
wright,2
deliver,2
defendants,2
boarding,2
increasingly,2
love,2
delivery,2
jeffrey,2
conceal,2
temporarily,2
allopath,2
power,2
fell,2
think,2
again,2
fenwick,2
stories,2
extenuating,2
agree,2
demonstrating,2
arsenic,2
charges,2
override,2
where,2
halifax,2
michelle,2
eds,2
controversy,2
going,2
notion,2
demonstrated,2
disease,2
garner,2
hers,2
increase,2
graduate,2
ruling,2
herself,2
findings,2
use,2
virtually,2
numerous,2
returned,2
mapes,2
survey,2
heard,2
attic,2
dismissed,2
described,2
low,2
nut,2
impregnated,2
divisions,2
ri,2
change,2
like,2
ny,2
played,2
kept,2
earlier,2
martin,2
accused,2
leavitt,2
never,2
moroney,2
prosecution,2
include,2
outcomes,2
trying,2
kelliher,2
confinement,2
become,2
probably,2
lita,2
relative,2
seduction,2
corps,2
justice,2
separate,2
dealing,2
carried,2
today,2
raise,2
usually,2
attitude,2
instances,2
sway,2
psychiatrist,2
yale,2
lawrence,2
relevant,2
try,2
expert,2
presbury,2
diagnosis,2
dans,2
dana,2
centuries,2
hoffer,2
unacceptable,2
claims,2
proof,2
denslow,2
fifteen,2
constant,2
kimpton,2
agents,2
sank,2
ignore,2
homicide,2
eleven,2
here,2
allopaths,2
willful,2
refused,2
country,2
tie,2
different,2
december,2
connection,2
setting,2
gone,2
current,2
meàcal,2
childbirth,2
wood,2
boarder,2
thompson,2
merely,2
following,2
suffering,2
march,2
thirty,2
resnick,2
loved,2
woodward,2
anna,2
virginia,2
owner,2
son,2
andrea,2
ohio,2
sitting,2
simply,2
went,2
wife,2
colonial,2
allows,2
aspect,2
our,2
jama,2
background,2
ignored,2
average,2
mitigating,2
conditions,2
national,2
samuel,2
charge,2
trauma,2
dangerous,2
whitley,2
hennessey,2
land,2
crimes,2
green,2
riendeau,2
involving,2
colleagues,2
attempted,2
off,2
dispose,2
ruth,2
comparison,2
defecate,2
themselves,2
era,2
including,2
seek,2
digest,2
avoid,2
oí,2
bury,2
paroxysmal,2
miller,1
difficult,1
laura,1
go,1
superiority,1
gerald,1
jury,1
mania,1
entreaties,1
ville,1
fathers,1
prostitution,1
polish,1
drunken,1
declared,1
leo,1
car,1
anthony,1
melancholiac,1
restroom,1
seminary,1
vienna,1
till,1
carón,1
slaughter,1
cradle,1
affected,1
ant,1
environmental,1
youthfulness,1
extends,1
ultimate,1
confessing,1
string,1
berlin,1
mouth,1
passing,1
expect,1
lauretta,1
large,1
tact,1
significant,1
factories,1
saved,1
shoulders,1
properly,1
tend,1
advised,1
word,1
marcia,1
asserted,1
horowitz,1
injuries,1
ostensibly,1
investigating,1
bias,1
unprofessional,1
modern,1
favor,1
undetected,1
monolithic,1
considerations,1
prodding,1
unnatural,1
conclusive,1
protection,1
cycles,1
irishman,1
walzer,1
cured,1
abusive,1
carroll,1
fided,1
untarnished,1
scientist,1
legion,1
assisted,1
bled,1
moving,1
defiant,1
something,1
fearlessly,1
wakened,1
source,1
afterbirth,1
strikes,1
agitated,1
leads,1
cutting,1
brutal,1
peaked,1
midwife,1
stress,1
reprinted,1
neurofogy,1
australia,1
sewed,1
zygmunt,1
lightly,1
émigré,1
turano,1
voices,1
interests,1
reticence,1
attempts,1
enforceable,1
rested,1
sigi,1
rush,1
disturbance,1
refusal,1
capitalists,1
actual,1
emerged,1
diseases,1
youngest,1
bumped,1
handling,1
latent,1
knowing,1
route,1
skills,1
assertion,1
daily,1
display,1
reasons,1
pressed,1
emotion,1
nineteen,1
senses,1
shot,1
mills,1
government,1
harriet,1
onto,1
launched,1
uncovered,1
misled,1
remus,1
resulting,1
take,1
reproduction,1
psychoanalysis,1
listing,1
listed,1
québec,1
last,1
breathe,1
stupid,1
emphasized,1
stand,1
mr,1
hillsdale,1
reading,1
solved,1
pertains,1
climate,1
infection,1
racial,1
annie,1
adair,1
similarities,1
apprentice,1
winifred,1
reneged,1
ernest,1
growing,1
premeditation,1
bayles,1
side,1
appreciate,1
woke,1
takes,1
forum,1
ascribed,1
alfred,1
asleep,1
criminalized,1
fiction,1
key,1
improper,1
unheated,1
task,1
advice,1
verne,1
accountable,1
politicized,1
u,1
right,1
stilllive,1
economics,1
account,1
opened,1
discrepancies,1
felt,1
lifetime,1
delivering,1
sixteenth,1
shame,1
furor,1
election,1
powers,1
renowned,1
obvious,1
fractures,1
dutch,1
movement,1
mounting,1
smooth,1
say,1
reflecting,1
disparities,1
sent,1
strictest,1
erred,1
household,1
foregone,1
apply,1
representing,1
accessed,1
transpiring,1
unhappy,1
data,1
letter,1
prevented,1
antiabortionist,1
conclusively,1
donovan,1
tied,1
sign,1
hudson,1
concealment,1
unprotected,1
mid,1
expertise,1
nurse,1
human,1
bleeding,1
xioooo,1
daughters,1
chapters,1
linzer,1
disorder,1
historically,1
obtaining,1
severe,1
facts,1
immediate,1
roger,1
accounted,1
naître,1
halting,1
soldiers,1
visited,1
wrath,1
premeditated,1
womb,1
neighbors,1
orenstein,1
civilizing,1
madness,1
relatively,1
ease,1
absolved,1
mixed,1
gendered,1
portray,1
lasts,1
industielle,1
sympathized,1
cf,1
pay,1
siècle,1
codified,1
dont,1
heart,1
arena,1
affairs,1
turn,1
estimates,1
distinct,1
cellar,1
maintaining,1
determinant,1
recollection,1
barbarita,1
perspective,1
unspeakable,1
violently,1
freed,1
concerning,1
profound,1
http,1
houses,1
attests,1
homefailing,1
bag,1
vendors,1
obstetrical,1
misleading,1
employers,1
warned,1
momentary,1
committing,1
weight,1
quietly,1
identify,1
neonaticide,1
patrons,1
implanted,1
apparently,1
eager,1
guard,1
interning,1
general,1
bills,1
delivered,1
hardly,1
thanked,1
avortment,1
influence,1
stanley,1
lastly,1
puerperium,1
bathrooms,1
traumatic,1
meymott,1
delineated,1
book,1
failed,1
mechanisms,1
rights,1
steps,1
suppressing,1
serving,1
erotic,1
urged,1
umi,1
reflects,1
air,1
reagan,1
bring,1
absent,1
cleaned,1
across,1
highlands,1
developed,1
adds,1
incoherent,1
burroughs,1
stop,1
forced,1
institution,1
afterwards,1
reference,1
breast,1
vestige,1
machinist,1
doctrine,1
myself,1
process,1
convicted,1
stranger,1
injure,1
active,1
goes,1
dealt,1
vs,1
neighborhood,1
risk,1
drawer,1
à,1
importance,1
personhood,1
derived,1
parts,1
floated,1
survivre,1
milton,1
benjamin,1
special,1
rules,1
grieving,1
impressed,1
deserting,1
practicing,1
flaherty,1
front,1
howe,1
psychological,1
meet,1
cuba,1
lives,1
changes,1
discernible,1
proving,1
ensure,1
wanted,1
locally,1
forensic,1
signed,1
poisoned,1
raged,1
familiar,1
descent,1
grounds,1
francis,1
specify,1
proved,1
director,1
amenable,1
impact,1
welfare,1
k,1
house,1
weak,1
prevent,1
periodically,1
presumed,1
four,1
companions,1
resorted,1
show,1
communities,1
democratic,1
exploited,1
store,1
officer,1
indications,1
isolation,1
evaluation,1
cost,1
willfully,1
mix,1
adolph,1
victorian,1
schooling,1
lyons,1
solve,1
childhood,1
plight,1
shifted,1
guidance,1
testify,1
important,1
ostracism,1
coincide,1
cut,1
hot,1
umbilical,1
conflicts,1
disappeared,1
union,1
retrieve,1
expressed,1
brodhead,1
bullocks,1
brookside,1
earned,1
sociological,1
arrival,1
abandoning,1
allow,1
stiffened,1
quoted,1
katherine,1
burt,1
harder,1
histories,1
rule,1
inherent,1
blackest,1
plot,1
temptation,1
pulse,1
kate,1
deal,1
adolescent,1
ocean,1
census,1
disorders,1
worker,1
weisstein,1
nurturing,1
bizarre,1
melancholy,1
percentages,1
illness,1
brooks,1
burst,1
husky,1
representative,1
punishment,1
juries,1
livein,1
hants,1
rebellious,1
further,1
outset,1
lose,1
flappers,1
mackay,1
eased,1
pointing,1
pretension,1
though,1
focused,1
buried,1
blow,1
twice,1
bend,1
treat,1
fabricate,1
criminalization,1
persons,1
sentence,1
torn,1
fulfill,1
promise,1
truly,1
exhaustion,1
episcopalian,1
overalls,1
tension,1
repercussions,1
breathing,1
judicial,1
merrill,1
guarantee,1
required,1
overholser,1
enough,1
comprehension,1
opposition,1
nonsensical,1
near,1
scene,1
serially,1
amniotic,1
biographies,1
preparations,1
undermined,1
failure,1
xix,1
abuse,1
neoruiticide,1
gained,1
competent,1
believable,1
lactation,1
relief,1
uncovers,1
minute,1
upstanding,1
lied,1
simone,1
amos,1
abolitionist,1
vote,1
decisions,1
suffocated,1
childs,1
stake,1
story,1
characterization,1
passersby,1
discusses,1
civil,1
apparent,1
confirms,1
proquest,1
nationalized,1
pocket,1
unusually,1
whole,1
overview,1
realm,1
sorrow,1
opopulation,1
fit,1
difficulté,1
issues,1
climatic,1
johann,1
keep,1
noted,1
middle,1
infantile,1
versus,1
iimmigrant,1
documented,1
doors,1
straights,1
surrounding,1
accord,1
anything,1
shelter,1
sensibility,1
systematic,1
preparation,1
teenagers,1
conform,1
swore,1
ethnicity,1
holy,1
concurrent,1
trends,1
minds,1
abolish,1
weeks,1
sprang,1
lactational,1
least,1
esteem,1
successful,1
syndrome,1
corresponds,1
anger,1
cold,1
things,1
noisy,1
delirium,1
applicability,1
catholic,1
order,1
contrast,1
colby,1
quite,1
sake,1
gases,1
around,1
calling,1
psychopathology,1
accuse,1
jailed,1
astounding,1
members,1
floating,1
bottle,1
hopwood,1
amounted,1
nc,1
fire,1
reported,1
blunt,1
secrecy,1
codes,1
fetal,1
impossible,1
autopsies,1
criminalize,1
progress,1
graduating,1
majority,1
deranged,1
regardless,1
ellen,1
environmentally,1
relic,1
marry,1
florida,1
value,1
weigh,1
unconscious,1
developmental,1
lift,1
yelled,1
inform,1
rest,1
questioning,1
smothered,1
objected,1
smashed,1
input,1
replacing,1
latched,1
critical,1
highlights,1
unsound,1
testifying,1
grob,1
fund,1
observations,1
absence,1
screaming,1
stairs,1
phyisicans,1
scientific,1
buttress,1
action,1
economic,1
extramarital,1
wrote,1
teen,1
trials,1
criticized,1
notoriously,1
harris,1
commit,1
albany,1
arv,1
renewed,1
constraints,1
reduce,1
community,1
bloc,1
above,1
make,1
stellar,1
assist,1
salemfnc,1
standing,1
boy,1
bastard,1
abhorring,1
degree,1
newton,1
southern,1
slh,1
hold,1
religious,1
positive,1
vicinity,1
fighting,1
relationship,1
dismemberment,1
frank,1
accumulate,1
probate,1
unintended,1
justifying,1
colleges,1
push,1
examined,1
towards,1
accident,1
veiled,1
thought,1
culllen,1
serve,1
subservient,1
sex,1
outlook,1
index,1
ancient,1
prisoners,1
jay,1
acting,1
une,1
homogeneous,1
perspectives,1
compassionate,1
culture,1
abandon,1
performed,1
ashamed,1
skin,1
floor,1
historiography,1
desultory,1
nineteenthcentury,1
intense,1
aggravated,1
reports,1
emotional,1
reliance,1
disrupted,1
disagreed,1
vermont,1
havens,1
speaking,1
innate,1
strata,1
decomposition,1
fb,1
nova,1
party,1
dire,1
naghten,1
name,1
phillip,1
derangement,1
overrode,1
prompting,1
strike,1
stating,1
postgraduate,1
conceived,1
unintentional,1
safety,1
put,1
rock,1
unscientific,1
addition,1
winter,1
missing,1
hillary,1
spinelli,1
herbert,1
efforts,1
happening,1
diminishing,1
idea,1
aldershot,1
abilities,1
occurrence,1
walked,1
dieu,1
documents,1
ought,1
forthrightness,1
teachers,1
insular,1
services,1
really,1
personality,1
adoniram,1
everything,1
arthur,1
contemporary,1
navy,1
innocents,1
pattern,1
harmon,1
indictments,1
discussed,1
powerless,1
success,1
inquired,1
rhetoric,1
forms,1
ages,1
infanticidal,1
profusely,1
accusations,1
physiological,1
disassociate,1
signifying,1
covered,1
model,1
manner,1
everard,1
premarital,1
unclear,1
jobs,1
michael,1
interview,1
strecker,1
judith,1
practice,1
basin,1
deep,1
blaming,1
lean,1
impoverished,1
distance,1
preparing,1
coined,1
suskind,1
encountered,1
mill,1
solicitude,1
able,1
classes,1
apt,1
understanding,1
behaviors,1
encounter,1
öf,1
session,1
caring,1
restrictions,1
treated,1
explanation,1
comforter,1
bear,1
values,1
restrained,1
trajectory,1
arose,1
procedure,1
depended,1
strongest,1
vooght,1
judge,1
manifestations,1
recover,1
functionaries,1
pqdweb,1
societal,1
stethoscope,1
entirely,1
amas,1
food,1
affection,1
sold,1
substantiate,1
prevailed,1
intermittent,1
culbertson,1
assumption,1
ethnic,1
exhibited,1
rare,1
freudian,1
examination,1
diagnosed,1
ln,1
full,1
previous,1
regions,1
asphyxiation,1
hardened,1
necessitated,1
pennsylvania,1
students,1
rumors,1
berkshire,1
unharmed,1
xv,1
making,1
nursing,1
margaret,1
transformation,1
thetic,1
moral,1
andrews,1
adding,1
institutionalization,1
flynn,1
custodial,1
utter,1
ireland,1
aberrant,1
admission,1
times,1
allowed,1
threw,1
murderers,1
pearce,1
deceived,1
assassinate,1
illicit,1
entered,1
provides,1
shudder,1
quick,1
class,1
decide,1
wasn,1
uly,1
annually,1
comparing,1
systems,1
cranston,1
drs,1
methods,1
fainting,1
sight,1
suit,1
michele,1
examine,1
accordingly,1
attendant,1
abreast,1
scotia,1
criminology,1
thirteenth,1
analyze,1
differ,1
appleton,1
sanitary,1
forefront,1
save,1
need,1
haven,1
tendency,1
tenfold,1
governor,1
mens,1
investigations,1
attention,1
pastor,1
opinions,1
division,1
offspring,1
supplemental,1
examines,1
brenda,1
antiimmigrant,1
heap,1
indicted,1
ranging,1
médicalisation,1
offender,1
accepting,1
escaping,1
wore,1
peers,1
note,1
irregular,1
bureau,1
seventeen,1
kenneth,1
crucial,1
democrat,1
cramping,1
plays,1
gynecological,1
rough,1
menstrual,1
averse,1
inside,1
deaths,1
fewer,1
curative,1
leslie,1
plastic,1
widespread,1
institutions,1
edna,1
referred,1
mood,1
lost,1
army,1
context,1
vow,1
overpowered,1
recalled,1
degenerative,1
moroneys,1
recognize,1
psychotic,1
eaton,1
bellevue,1
accusation,1
extra,1
fe,1
chamber,1
aspirations,1
harshly,1
collateral,1
mothering,1
get,1
canada,1
unusual,1
empathy,1
confessed,1
virgil,1
ash,1
matters,1
austria,1
magically,1
burned,1
meddle,1
surgeons,1
undertook,1
assistant,1
bates,1
abhorrent,1
legitimated,1
authorities,1
alerting,1
rarely,1
misinformation,1
judgments,1
historian,1
marjorie,1
rea,1
worsened,1
arrest,1
mentioned,1
version,1
changing,1
throw,1
jurists,1
nervous,1
reprehensible,1
demonstrate,1
instructed,1
officially,1
solidly,1
pregnancies,1
potter,1
francesca,1
menstruate,1
griffin,1
cliché,1
starr,1
set,1
agony,1
news,1
cover,1
trunk,1
ran,1
natural,1
continental,1
filicide,1
control,1
each,1
monthly,1
sure,1
readily,1
aberration,1
paper,1
tongue,1
rented,1
methodist,1
relieve,1
mccaughy,1
board,1
variable,1
stifle,1
capital,1
etal,1
drown,1
half,1
roxbury,1
universal,1
regard,1
scenario,1
post,1
travesty,1
iii,1
particularly,1
reliability,1
contradictory,1
adhere,1
perfectly,1
seeley,1
associated,1
essentially,1
meager,1
jennie,1
proposed,1
masters,1
absolutely,1
feminist,1
dismissing,1
dismissal,1
drop,1
elmer,1
realize,1
unlikely,1
probation,1
boarded,1
answered,1
affirm,1
month,1
georgetown,1
stability,1
form,1
reputations,1
hinkley,1
involvement,1
abraham,1
males,1
hoped,1
passed,1
protective,1
remove,1
transactions,1
crazy,1
neurology,1
tightly,1
leaving,1
problem,1
extent,1
avid,1
illustrated,1
differs,1
prestige,1
vesta,1
secure,1
région,1
voice,1
indifference,1
missed,1
gallows,1
upper,1
refers,1
categories,1
loud,1
strain,1
noticeably,1
nj,1
bodies,1
bowel,1
remember,1
presented,1
occasionally,1
stall,1
notified,1
code,1
altered,1
ladies,1
malicious,1
disparate,1
conclude,1
prerequisite,1
swammerdam,1
decisive,1
introduced,1
city,1
toothless,1
prevalent,1
strangling,1
press,1
became,1
duty,1
innocent,1
convinced,1
swollen,1
williamson,1
die,1
subject,1
intended,1
respectable,1
ignorant,1
happens,1
com,1
kingston,1
appointed,1
families,1
credentials,1
maintained,1
divulge,1
au,1
gain,1
accorded,1
varied,1
jan,1
sanctified,1
williams,1
come,1
named,1
false,1
spells,1
nouvelleangleterre,1
question,1
sickness,1
wild,1
cautioned,1
devoted,1
statute,1
presence,1
youth,1
argument,1
unable,1
forethought,1
notes,1
cambridge,1
disappear,1
coated,1
treatable,1
abused,1
paradigm,1
slashed,1
schwarz,1
thanking,1
accept,1
burnt,1
jourrial,1
hiring,1
offer,1
joined,1
approximately,1
employer,1
judges,1
canadian,1
throat,1
incurable,1
bethel,1
conkilled,1
incidents,1
punitive,1
france,1
piece,1
defined,1
manslaughter,1
oldest,1
madison,1
superintendent,1
speak,1
increased,1
campaign,1
gland,1
twentythree,1
roughly,1
mortalité,1
surge,1
affliction,1
moved,1
offered,1
supported,1
jefferson,1
cousin,1
deciding,1
resources,1
arrived,1
mccarthy,1
endnotes,1
johanna,1
grieve,1
rejection,1
hotel,1
standpoints,1
reached,1
irrelevant,1
debate,1
renditions,1
partial,1
dark,1
fears,1
endangered,1
homicidal,1
persuaded,1
winston,1
strong,1
prison,1
ends,1
panic,1
ramage,1
premature,1
pulling,1
chapín,1
classifications,1
maggie,1
occur,1
perception,1
heterogeneous,1
