WORDCOUNTS,WEIGHT
the,1226
of,798
in,668
and,374
to,321
bengal,239
s,205
p,201
cotton,188
for,175
that,171
a,165
from,161
on,140
was,125
industry,125
this,123
by,110
textiles,103
as,103
history,102
per,101
trade,101
india,96
pp,85
is,81
during,79
at,78
were,77
pieces,74
textile,73
it,72
british,68
market,66
cent,65
company,63
be,62
export,58
economie,57
east,57
period,56
britain,56
century,55
table,54
with,54
its,52
economic,51
review,46
however,45
import,44
year,42
these,42
c,42
their,41
indian,41
great,40
an,40
decline,40
not,40
million,39
society,39
commercial,39
had,36
imports,36
exports,36
also,35
domestic,35
report,35
series,35
average,35
there,34
only,34
goods,34
have,34
english,33
price,33
about,33
which,33
maunds,32
england,32
than,32
employment,32
but,31
into,30
calicoes,30
data,29
prices,29
value,29
imported,28
first,27
ray,27
no,27
external,27
they,25
source,25
i,25
commerce,25
industrial,25
see,25
d,25
piece,25
production,24
could,24
annual,24
viii,24
yarn,24
we,24
calcutta,23
been,23
are,23
nineteenth,22
weavers,22
eighteenth,22
years,22
yards,21
or,21
more,21
ibid,21
because,20
around,20
europe,19
reports,19
indrajit,19
so,19
increased,19
since,18
total,18
muslins,18
app,18
other,18
half,18
according,18
between,18
against,17
tariffs,17
rate,16
farnie,16
dutch,16
thus,16
even,16
act,16
raw,16
prakash,16
he,16
made,16
chaudhuri,16
after,16
board,16
america,16
while,16
level,16
became,16
quantity,15
fabrics,15
growth,15
handloom,15
cost,15
further,15
when,15
aggregate,15
time,15
following,15
early,15
estimated,14
if,14
t,14
j,14
x,14
affairs,14
revolution,14
demand,14
annum,14
two,14
contemporary,14
any,14
produce,14
technological,14
should,14
ii,13
krishna,13
those,13
weaving,13
such,13
his,13
late,13
competition,13
documents,13
workers,13
dacca,13
continued,13
fall,13
policy,12
vol,12
well,12
esp,12
extracts,12
use,12
grew,12
foreign,12
extent,12
cloth,12
both,12
our,12
evidence,12
prosperity,12
one,11
decade,11
all,11
medlicott,11
court,11
products,11
state,11
cuenca,11
has,11
some,11
relations,11
higher,11
white,11
order,11
rs,11
under,11
costs,11
shows,11
less,11
local,11
private,11
duty,11
directors,10
being,10
china,10
yarns,10
quality,10
journal,10
study,10
n,10
greater,10
markets,10
r,10
example,10
parliament,10
up,10
using,10
esteban,10
available,10
where,10
number,10
three,10
decay,10
who,10
share,10
port,10
varieties,10
appendix,9
case,9
may,9
quoted,9
loss,9
interests,9
f,9
various,9
indeed,9
noted,9
fell,9
started,9
labour,9
consumption,9
present,9
european,9
depressed,9
figure,9
then,9
pt,9
country,9
did,9
woven,8
m,8
surat,8
bias,8
last,8
letter,8
sector,8
b,8
changes,8
most,8
show,8
result,8
competitive,8
out,8
pence,8
same,8
london,8
statistics,8
thereafter,8
commons,8
reporter,8
malda,8
second,8
secondly,8
house,8
silk,8
business,8
factory,8
tariff,8
new,8
duties,8
perhaps,8
previous,8
like,8
dutt,8
article,8
exported,8
respectively,8
macgregor,8
here,8
proceedings,8
them,8
until,8
although,8
much,8
o,7
committee,7
before,7
every,7
might,7
secretary,7
estimation,7
account,7
amount,7
compared,7
looms,7
rates,7
certain,7
impact,7
sinha,7
additional,7
handbook,7
though,7
war,7
place,7
issues,7
overseas,7
traders,7
change,7
depression,7
manchester,7
materials,7
home,7
asia,7
social,7
many,7
hand,7
material,7
asian,7
times,7
would,7
favour,7
lost,7
respective,7
wbsa,7
over,7
paper,7
what,7
through,7
manufacture,7
reached,7
later,6
long,6
seems,6
loom,6
stood,6
political,6
ad,6
sale,6
fine,6
merchants,6
estimating,6
coarser,6
finer,6
retained,6
w,6
declined,6
spinning,6
districts,6
literature,6
used,6
notes,6
will,6
wrote,6
above,6
culture,6
ed,6
wright,6
rise,6
valorem,6
seventeenth,6
another,6
sold,6
factor,6
trend,6
xcix,6
general,6
high,6
martin,6
annually,6
can,6
figures,6
brown,6
delhi,6
spun,6
prohibited,6
cloths,6
finest,6
innovations,6
better,6
rose,6
information,6
ill,6
pound,6
world,6
france,6
ships,6
hypothesis,6
tion,5
steady,5
brien,5
government,5
greatly,5
decreased,5
consumers,5
problems,5
stained,5
moving,5
estimate,5
similar,5
factors,5
deccan,5
larkings,5
organisation,5
view,5
whereas,5
strength,5
province,5
appears,5
cannot,5
basis,5
twomey,5
whole,5
q,5
policies,5
people,5
employed,5
june,5
reported,5
therefore,5
led,5
absence,5
comparative,5
still,5
twists,5
cheap,5
hugh,5
light,5
french,5
fact,5
indies,5
considerable,5
fashion,5
never,5
norms,5
range,5
manufactured,5
increase,5
submitted,5
obtained,5
latter,5
effect,5
note,5
countries,5
provinces,5
articles,5
bales,5
worth,5
dyed,5
places,5
whether,5
her,5
subject,5
gain,5
shown,5
pyrard,5
crisis,5
cheaper,5
counts,5
uk,5
observed,5
royle,5
evidently,5
indonesian,4
edge,4
alone,4
denmark,4
former,4
reductions,4
coromandel,4
lower,4
sources,4
wool,4
rsl,4
nature,4
supplied,4
rule,4
mills,4
within,4
plain,4
portugal,4
haripal,4
prior,4
point,4
phase,4
development,4
due,4
lancashire,4
estimates,4
output,4
details,4
ment,4
poor,4
rather,4
l,4
earlier,4
support,4
consider,4
mauritius,4
based,4
found,4
suffered,4
already,4
apparent,4
reduction,4
partly,4
falling,4
trends,4
good,4
warehousing,4
trading,4
rr,4
progress,4
paid,4
provided,4
subsequently,4
survived,4
power,4
prevailing,4
h,4
java,4
opportunities,4
wake,4
compiled,4
extinction,4
rising,4
largest,4
procured,4
towards,4
end,4
took,4
griffiths,4
remained,4
enhanced,4
entirely,4
dominated,4
especially,4
k,4
mainly,4
relative,4
hunt,4
seen,4
began,4
rapidly,4
indicate,4
each,4
different,4
believe,4
best,4
cultivation,4
hostilities,4
terms,4
namely,4
yield,4
sea,4
colonial,4
manufacturers,4
instead,4
comparison,4
supply,4
given,4
gulf,4
perpetual,4
large,3
identify,3
designed,3
navigation,3
notwithstanding,3
protection,3
viability,3
usa,3
taken,3
concentrated,3
vols,3
season,3
attempt,3
advantage,3
wave,3
follows,3
context,3
tab,3
issue,3
eastern,3
adverse,3
moreland,3
along,3
indigo,3
implications,3
holland,3
analyse,3
raychaudhuri,3
explained,3
tables,3
september,3
xxiii,3
author,3
mixed,3
midnapore,3
memorandum,3
houses,3
apparently,3
industries,3
operation,3
main,3
district,3
levels,3
coastal,3
mirzapore,3
suffer,3
proportion,3
companies,3
reason,3
downward,3
locally,3
possibly,3
section,3
sandberg,3
gradually,3
definite,3
writes,3
important,3
sooseys,3
came,3
international,3
equal,3
produced,3
firminger,3
scale,3
explain,3
persia,3
gained,3
almost,3
directly,3
network,3
brought,3
part,3
purpose,3
actually,3
favourite,3
count,3
oriental,3
suggest,3
stage,3
contrast,3
signifies,3
highly,3
components,3
temporary,3
acts,3
bowden,3
situation,3
reduced,3
discriminatory,3
variety,3
revival,3
brief,3
april,3
reduce,3
converted,3
indicates,3
gadgill,3
oxford,3
represents,3
included,3
penang,3
again,3
others,3
addition,3
ban,3
averages,3
crop,3
compound,3
discussed,3
observes,3
success,3
burdwan,3
mantoux,3
native,3
compete,3
day,3
investment,3
excluding,3
values,3
including,3
prevailed,3
dye,3
nothing,3
low,3
accounted,3
spread,3
analysing,3
provides,3
v,3
harley,3
sept,3
attracted,3
morris,3
prohibitive,3
movements,3
segments,3
slow,3
efficiency,3
centuries,3
considered,3
constituted,3
pace,3
known,3
readily,3
finance,3
asher,3
global,3
regard,3
particularly,3
benaras,3
brazil,3
very,3
studies,3
beginning,3
stagnated,3
imposed,3
dimities,3
passed,3
ruin,3
debate,3
extract,3
suggests,3
entire,3
g,3
confirm,3
doab,3
intended,3
manufacturing,3
writing,3
arasaratnam,3
maritime,3
seeks,3
keerpoy,3
ser,3
commodity,3
traditional,3
north,3
manila,3
courts,2
now,2
portuguese,2
transportation,2
hb,2
way,2
ready,2
overcompensated,2
shipbuilding,2
implies,2
associated,2
contradicts,2
village,2
needs,2
drastically,2
consignments,2
returns,2
authority,2
continent,2
modern,2
position,2
western,2
mulmuls,2
shirting,2
presents,2
occurred,2
santipore,2
priced,2
hence,2
revisited,2
curtailed,2
importing,2
exaggerated,2
buoyant,2
restoration,2
advanced,2
redford,2
individuals,2
assess,2
suggesting,2
momentum,2
concludes,2
subdued,2
spinners,2
henry,2
profitable,2
designs,2
side,2
con,2
historians,2
king,2
iv,2
lemire,2
patna,2
e,2
upward,2
sixteenth,2
activity,2
condition,2
muslin,2
west,2
whatever,2
variations,2
say,2
establishment,2
requirements,2
wm,2
diversity,2
regarding,2
central,2
penalty,2
surely,2
component,2
severe,2
calculated,2
interior,2
hanks,2
initially,2
serbetties,2
lxe,2
decided,2
relatively,2
turn,2
thereof,2
old,2
document,2
causing,2
consumer,2
six,2
continuous,2
twice,2
find,2
toil,2
weaver,2
exportable,2
spite,2
hardly,2
cottons,2
influence,2
lastly,2
haarlem,2
employ,2
failed,2
adequate,2
without,2
exact,2
principally,2
performance,2
across,2
developed,2
weighted,2
ceased,2
process,2
represented,2
importance,2
adjustments,2
ongoing,2
annulled,2
govern,2
moreover,2
reinterpretation,2
radhnagar,2
fast,2
improvement,2
clearly,2
marketability,2
numbers,2
callicoes,2
argued,2
benefited,2
commented,2
beyond,2
imperial,2
followed,2
generally,2
painted,2
instance,2
injustice,2
flow,2
preference,2
faced,2
decades,2
methodology,2
expressed,2
alienation,2
method,2
begun,2
erosion,2
sumatra,2
coloured,2
relating,2
referee,2
bafta,2
blockade,2
inventive,2
equally,2
stock,2
bullion,2
ooos,2
meet,2
otherwise,2
required,2
availability,2
briefly,2
having,2
perpetuated,2
douglas,2
hussain,2
nine,2
setbacks,2
protected,2
significantly,2
explains,2
norm,2
edn,2
related,2
confirms,2
revealed,2
lavel,2
reportedly,2
records,2
lii,2
documented,2
forces,2
fabric,2
appreciated,2
believes,2
chittagaon,2
either,2
contests,2
caused,2
livelihoods,2
rangpore,2
small,2
several,2
few,2
spices,2
colours,2
workforce,2
baftas,2
productivity,2
resistance,2
describes,2
diminished,2
settle,2
massive,2
units,2
noble,2
steadily,2
cessation,2
bale,2
expansion,2
techniques,2
outlet,2
july,2
intervention,2
expanded,2
madras,2
suppose,2
direction,2
exceeded,2
percentage,2
qq,2
outlets,2
indus,2
selling,2
observer,2
achieve,2
adjusted,2
orders,2
pioneered,2
ranks,2
increasingly,2
considers,2
volume,2
successfully,2
tilt,2
pointed,2
put,2
financial,2
lack,2
woollen,2
importation,2
revenue,2
larger,2
substantially,2
procurement,2
conclusions,2
setback,2
meant,2
threads,2
continuing,2
coarse,2
compositional,2
jobs,2
celebrated,2
answer,2
japan,2
style,2
gives,2
counterpart,2
free,2
argues,2
able,2
mughal,2
discussion,2
explanation,2
limitations,2
extrapolated,2
concern,2
significant,2
net,2
questions,2
evolution,2
apps,2
advantages,2
theories,2
underwent,2
described,2
freights,2
smelser,2
him,2
brewer,2
kept,2
probable,2
testifies,2
fancy,2
thomas,2
exchange,2
impost,2
behind,2
phottee,2
viewpoint,2
become,2
narrow,2
aurangzeb,2
probably,2
equivalent,2
cape,2
attention,2
separate,2
increasing,2
regained,2
carried,2
respect,2
nyansooks,2
she,2
bulk,2
sometimes,2
crucial,2
five,2
curiosities,2
begin,2
select,2
ordinary,2
referred,2
force,2
wilson,2
try,2
length,2
luckipore,2
responsible,2
united,2
hope,2
competi,2
imperialism,2
sections,2
produc,2
resultant,2
ordered,2
growing,2
comes,2
wear,2
ever,2
constructed,2
established,2
napoleonic,2
set,2
continental,2
shipment,2
persian,2
expanding,2
interested,2
seem,2
down,2
branch,2
iii,2
reliability,2
succeeded,2
protections,2
mere,2
theory,2
catered,2
cossimbazar,2
inflow,2
calicos,2
wove,2
threat,2
categories,2
must,2
met,2
conclude,2
role,2
giving,2
indebted,2
voyage,2
question,2
promoted,2
argument,2
akbar,2
difference,2
reveals,2
conditions,2
grant,2
flowered,2
salt,2
suffers,2
archipelago,2
summary,2
anonymous,2
vi,2
offered,2
marxist,2
firstly,2
abroad,2
severely,2
eb,2
among,2
seek,2
sustained,2
wynter,2
devastated,2
xxv,2
column,1
final,1
proposed,1
difficult,1
go,1
does,1
archives,1
wishful,1
spice,1
stimuli,1
formance,1
deny,1
limits,1
totwomey,1
fineness,1
declared,1
heroic,1
barrabunga,1
asymmetric,1
differentials,1
ments,1
europeans,1
represent,1
affected,1
extreme,1
economized,1
repre,1
lated,1
totally,1
compensated,1
overestimate,1
distributed,1
germany,1
conversion,1
likewise,1
needed,1
parative,1
american,1
languished,1
factories,1
denied,1
approved,1
manufac,1
ma,1
catastrophe,1
formed,1
tures,1
true,1
bernier,1
decelerating,1
nosedived,1
easily,1
cif,1
shilling,1
earnings,1
linens,1
reasonably,1
penetrate,1
fixed,1
description,1
yard,1
unlike,1
backwash,1
sponding,1
habib,1
promote,1
garsington,1
induced,1
interfering,1
arguing,1
incidences,1
detected,1
bebb,1
corresponding,1
romals,1
practices,1
permitted,1
contexts,1
mushroom,1
negative,1
warehouse,1
experience,1
said,1
tages,1
fitted,1
demandand,1
reshipped,1
provision,1
tilities,1
modest,1
invention,1
definitely,1
identifying,1
golagore,1
upholding,1
quinquennial,1
criminatory,1
setting,1
attempts,1
usher,1
fltt,1
address,1
utilization,1
expectation,1
actual,1
anywhere,1
allow,1
fragmentary,1
ourselves,1
dispatched,1
incapacity,1
historiography,1
words,1
dramatically,1
brisk,1
onwards,1
height,1
clothed,1
secondary,1
broken,1
succeeds,1
accompanied,1
dwindle,1
confusion,1
constituents,1
farmers,1
confirming,1
analyses,1
arises,1
revisions,1
xiii,1
thanks,1
hundred,1
procedure,1
room,1
beds,1
expense,1
pegu,1
take,1
kingdom,1
golconda,1
linchosten,1
achieved,1
xx,1
meantime,1
customers,1
dearer,1
date,1
miles,1
trouble,1
blackwell,1
precisely,1
limited,1
raised,1
costlier,1
bracken,1
indulgence,1
classified,1
somewhat,1
declines,1
checked,1
attack,1
underbid,1
deteriorated,1
allicoes,1
papers,1
system,1
akin,1
existence,1
mechanized,1
owing,1
task,1
money,1
capacity,1
sd,1
trans,1
explana,1
cleared,1
incorporate,1
indulged,1
right,1
march,1
brit,1
indirectly,1
quantities,1
felt,1
recommended,1
possible,1
logical,1
baring,1
machinery,1
cooperation,1
travelogues,1
dooreasj,1
burning,1
explorations,1
slight,1
chartered,1
cater,1
oust,1
diplomat,1
october,1
mized,1
inflated,1
insight,1
occupy,1
desired,1
uses,1
corre,1
sent,1
utmost,1
cited,1
consolidating,1
compares,1
undoubtedly,1
decreasing,1
cursing,1
economies,1
jeopardized,1
harmony,1
doctrine,1
attract,1
facets,1
notably,1
estimations,1
li,1
cornwallis,1
masulipatam,1
vides,1
chairman,1
amendment,1
throughout,1
differential,1
percolation,1
xlvii,1
tonnage,1
reverse,1
nn,1
points,1
silks,1
aggregating,1
assumes,1
frenchmen,1
machine,1
de,1
interest,1
techno,1
inhumane,1
objection,1
afford,1
excuses,1
batavia,1
bounty,1
commencing,1
employing,1
supremacy,1
abatement,1
extensively,1
expected,1
accelerating,1
z,1
hat,1
kind,1
taste,1
dis,1
doodras,1
cultivator,1
distinct,1
developments,1
uch,1
destroyed,1
interim,1
keep,1
displays,1
burgeoning,1
gurrah,1
depend,1
refer,1
concerning,1
quinquennium,1
highest,1
plank,1
machines,1
restrict,1
inclusion,1
cant,1
wholly,1
allowing,1
dates,1
characterized,1
third,1
witnessed,1
kupas,1
truly,1
publications,1
retrenched,1
weight,1
explore,1
application,1
consequently,1
unresolved,1
hurriul,1
tymes,1
conceive,1
occasion,1
generation,1
loan,1
nomenclature,1
unaltered,1
once,1
paste,1
stagnate,1
lan,1
witch,1
confusions,1
site,1
via,1
colour,1
invaded,1
hey,1
wishes,1
urged,1
york,1
sizing,1
added,1
whose,1
ably,1
sets,1
devastating,1
rapples,1
middling,1
cushions,1
adds,1
swell,1
dry,1
how,1
capita,1
remain,1
illustration,1
sort,1
basic,1
administrative,1
na,1
afterwards,1
financing,1
swept,1
responded,1
subsistence,1
pinpoint,1
adopted,1
opportunity,1
stitches,1
granted,1
probability,1
lanark,1
mile,1
thing,1
brand,1
derived,1
direct,1
parts,1
induce,1
ix,1
conveyance,1
references,1
witness,1
enabled,1
diminishes,1
notwithstand,1
supposed,1
hicksian,1
means,1
apparel,1
injury,1
cloathing,1
synthesizes,1
proving,1
bad,1
ensure,1
biased,1
university,1
maiden,1
neo,1
image,1
attired,1
ceylon,1
grounds,1
publicists,1
cthe,1
presumably,1
sonamookhi,1
elsewhere,1
days,1
desirability,1
sheer,1
northeastern,1
consigned,1
vitality,1
too,1
cutta,1
upper,1
age,1
four,1
commonly,1
cashire,1
superior,1
gloucester,1
shed,1
consequence,1
rice,1
hereafter,1
permanent,1
mainstay,1
internal,1
equivalence,1
providing,1
hath,1
footnote,1
appear,1
dependency,1
artistic,1
conquest,1
ranges,1
prevails,1
opening,1
arrived,1
terrindams,1
my,1
dyeing,1
lead,1
whom,1
pounds,1
arrival,1
hugli,1
roome,1
future,1
holds,1
conflict,1
transient,1
conservative,1
entered,1
hands,1
handlooms,1
called,1
typical,1
access,1
seven,1
generates,1
scotland,1
relation,1
pam,1
radical,1
invested,1
worker,1
sonargaon,1
impaired,1
extinct,1
birreta,1
commenced,1
pitfalls,1
im,1
representative,1
lent,1
xxxii,1
sends,1
overcome,1
mahratha,1
applying,1
abandon,1
fourth,1
collector,1
buttressed,1
lose,1
eased,1
chinese,1
technical,1
mun,1
profited,1
countrie,1
galagore,1
ashion,1
mate,1
burial,1
viewed,1
population,1
wholesome,1
persons,1
unemployment,1
feminine,1
harvested,1
explored,1
absolute,1
facilities,1
noticed,1
wide,1
public,1
triumph,1
jessore,1
princeton,1
balance,1
al,1
dutchman,1
receive,1
failure,1
representatives,1
bouring,1
specifically,1
colonies,1
none,1
faire,1
imitating,1
diminution,1
degrees,1
line,1
clears,1
merchandises,1
mandatory,1
maldahi,1
work,1
consecutive,1
conjecture,1
bc,1
inferred,1
swelled,1
received,1
sanction,1
factured,1
start,1
qualifications,1
writers,1
slightly,1
unless,1
favourable,1
competing,1
nurma,1
proportions,1
interna,1
irish,1
caught,1
elizabeth,1
criticized,1
periodicity,1
predominantly,1
minute,1
equalled,1
couched,1
northwest,1
exceed,1
sacked,1
centred,1
amster,1
hot,1
musters,1
ctwo,1
et,1
call,1
saddled,1
contentious,1
triumphs,1
surrounding,1
econo,1
reviezv,1
participate,1
submissions,1
manu,1
smallest,1
weave,1
prettier,1
sterling,1
strengthened,1
laissez,1
wheat,1
attributed,1
multiplication,1
thread,1
monetary,1
published,1
hardship,1
statutory,1
officials,1
construct,1
lthough,1
sense,1
ambit,1
successful,1
describing,1
presented,1
exasperated,1
field,1
below,1
exchanging,1
tacitly,1
lowest,1
wearer,1
ambassador,1
hurdles,1
preferred,1
fluctuates,1
protest,1
next,1
commercooly,1
clothes,1
stimulated,1
consolidation,1
ain,1
quite,1
event,1
sake,1
involved,1
sole,1
burhanpur,1
oct,1
xxviii,1
concerns,1
ship,1
amounted,1
compromise,1
peak,1
climate,1
diversified,1
yielded,1
mymensing,1
preceding,1
maine,1
fully,1
condemned,1
visible,1
deplored,1
correspondence,1
accrued,1
excise,1
plausible,1
undergoing,1
gifted,1
thirdly,1
displaced,1
simple,1
dam,1
moved,1
impor,1
cropped,1
periods,1
multiplying,1
south,1
tea,1
portion,1
critical,1
defended,1
debateable,1
sentatives,1
upset,1
yearly,1
matter,1
bringing,1
requirement,1
tively,1
pij,1
identified,1
allabalies,1
indicative,1
short,1
lxi,1
mundalghat,1
located,1
overall,1
wondrous,1
manipulate,1
dressed,1
return,1
acknowledged,1
prospered,1
relentlessly,1
exception,1
brings,1
community,1
skilful,1
slower,1
make,1
domination,1
comments,1
went,1
unprecedented,1
targeted,1
att,1
repr,1
hitherto,1
pts,1
innovation,1
com,1
competitiveness,1
consump,1
enrolment,1
supplier,1
kaur,1
evenly,1
balasore,1
criticism,1
portrayed,1
shipping,1
treaty,1
suited,1
stuffs,1
alongside,1
soon,1
evil,1
hos,1
ning,1
technology,1
exposure,1
challenged,1
official,1
us,1
protect,1
thesis,1
index,1
annihilated,1
imitate,1
workmanship,1
falls,1
hyderabad,1
modestly,1
complete,1
kautilya,1
pintadoes,1
lord,1
exactness,1
accelerated,1
sales,1
excellence,1
reply,1
dwindled,1
alien,1
unusually,1
leaps,1
tum,1
goodness,1
disagreed,1
transhipment,1
street,1
sunlight,1
bolton,1
idle,1
unreliable,1
law,1
temporarily,1
challenge,1
depriving,1
request,1
popularity,1
subcontinent,1
muhree,1
chandergupta,1
renewed,1
woollens,1
preferences,1
similarly,1
destroy,1
missing,1
revolu,1
crops,1
cultivated,1
naive,1
blatantly,1
diminishing,1
admit,1
mechani,1
consideration,1
limit,1
treatment,1
bedchambers,1
response,1
areas,1
pressure,1
striking,1
aegis,1
proposal,1
belittle,1
appeared,1
ought,1
exclusion,1
reform,1
regulation,1
predominated,1
marxian,1
pretty,1
inevitably,1
enable,1
contradict,1
classical,1
downwards,1
banks,1
diverse,1
seller,1
suspended,1
farming,1
gray,1
grows,1
doubt,1
pattern,1
zero,1
worn,1
closets,1
assortments,1
ibie,1
offence,1
enactment,1
debasement,1
do,1
neglecting,1
tales,1
increases,1
sonamooky,1
square,1
road,1
banned,1
purposes,1
inroads,1
halifax,1
mundalhat,1
income,1
underscores,1
choice,1
coincided,1
ports,1
laden,1
charter,1
belief,1
apathy,1
eds,1
burdened,1
ignoring,1
respec,1
mechanically,1
sicca,1
streets,1
going,1
encountered,1
mill,1
historiographical,1
opines,1
calculates,1
dormant,1
sir,1
original,1
demonstrated,1
disappearance,1
week,1
emanating,1
zation,1
greatest,1
withstand,1
extended,1
vast,1
survive,1
considering,1
treated,1
upon,1
prohibition,1
maximized,1
scarcer,1
discrimination,1
region,1
delicate,1
mechanization,1
sufficiently,1
neigh,1
collided,1
samples,1
herself,1
crafts,1
medium,1
lvii,1
findings,1
shirtings,1
disaggregate,1
traded,1
hypotheses,1
revising,1
largely,1
assumption,1
oppose,1
virtually,1
ushered,1
eaving,1
nude,1
resulting,1
bengali,1
throws,1
recovery,1
engaged,1
eligible,1
continue,1
supposition,1
injurious,1
nevertheless,1
dating,1
involves,1
guzzees,1
tional,1
appreciably,1
recognize,1
agreement,1
maintenance,1
urge,1
amounts,1
rary,1
allowed,1
sliding,1
revised,1
summer,1
advan,1
mask,1
stages,1
course,1
profitably,1
renewal,1
losing,1
standard,1
tanjibs,1
sdsdsdsds,1
least,1
queen,1
expo,1
outcomes,1
satisfy,1
trying,1
computed,1
businesses,1
emphasized,1
land,1
stand,1
wise,1
pro,1
acquire,1
mr,1
supported,1
amber,1
ib,1
enjoyed,1
structure,1
james,1
trades,1
woes,1
seeking,1
bal,1
dominance,1
tantly,1
waistcoat,1
insignificant,1
sugar,1
stick,1
quarter,1
herbaceum,1
propose,1
inferior,1
venturing,1
inelasticity,1
competed,1
widely,1
species,1
justice,1
culmination,1
ranging,1
space,1
wage,1
things,1
tempo,1
depth,1
wished,1
fifty,1
ganges,1
totat,1
rupee,1
states,1
abundance,1
absorbing,1
publishing,1
lot,1
peculation,1
buyers,1
bound,1
arabia,1
spindle,1
reasonable,1
lines,1
signifi,1
dec,1
substitution,1
ensured,1
reviving,1
accepted,1
tive,1
crept,1
merchandise,1
effectively,1
norwich,1
consignment,1
gossypicum,1
face,1
unimpressive,1
tower,1
transformation,1
inadequate,1
smuggling,1
tearing,1
why,1
chairs,1
sharply,1
neighbourhood,1
often,1
satisfaction,1
analysis,1
sheds,1
ing,1
types,1
corroborating,1
murshidabad,1
months,1
instances,1
get,1
insurance,1
reputation,1
cambric,1
gathered,1
sents,1
interpolated,1
joseph,1
employs,1
seat,1
commercolly,1
pegue,1
addressed,1
claims,1
prises,1
assistant,1
environment,1
cheapened,1
contained,1
wars,1
magnitude,1
shadow,1
liked,1
thinking,1
debarred,1
toast,1
broke,1
intervened,1
conclusion,1
accordance,1
version,1
changing,1
bombay,1
throw,1
circumstances,1
diversifying,1
exorbitant,1
believed,1
symbolic,1
remittance,1
implied,1
dubious,1
slope,1
satisfactory,1
rival,1
agents,1
quantitative,1
pqr,1
rangoon,1
doi,1
calcu,1
bengale,1
alternative,1
seers,1
downfall,1
legislature,1
forfeiture,1
natural,1
decelerated,1
control,1
intensive,1
interrupted,1
shares,1
lying,1
capital,1
prominence,1
print,1
downing,1
argue,1
facility,1
assort,1
allied,1
rials,1
losses,1
collectors,1
sc,1
relocate,1
benefit,1
civitt,1
proved,1
reflected,1
dundas,1
past,1
mass,1
curtailment,1
rural,1
just,1
underrather,1
freight,1
living,1
absolutely,1
advances,1
merely,1
person,1
turned,1
hurriaul,1
pamphleteer,1
cal,1
iyjqofill,1
regulations,1
drop,1
captive,1
villages,1
momen,1
cambrics,1
economy,1
shipments,1
prefers,1
nationalist,1
form,1
list,1
accounts,1
supports,1
varying,1
feb,1
agricultural,1
map,1
geo,1
protective,1
manufactures,1
nowe,1
firmly,1
unrest,1
unnecessary,1
supplemented,1
phleteer,1
weights,1
wellesley,1
xlviii,1
brilliant,1
mechanisation,1
dark,1
constitutional,1
barely,1
captains,1
confronted,1
lagging,1
resident,1
episode,1
curtains,1
ascertain,1
size,1
middle,1
finished,1
popular,1
yardstick,1
arbiter,1
bought,1
whence,1
bhogee,1
furniture,1
little,1
introduced,1
technologies,1
despite,1
stitched,1
subsidies,1
pre,1
prevalent,1
declyned,1
unrealistic,1
xliv,1
bairati,1
administration,1
rupees,1
assumptions,1
controls,1
feeds,1
pi,1
assistants,1
adapted,1
measure,1
abhorrent,1
commodities,1
entrepreneurs,1
underestimate,1
secured,1
officially,1
tenable,1
qualitative,1
exploit,1
isolated,1
ensuing,1
gains,1
think,1
varied,1
jan,1
tions,1
cruelty,1
drive,1
nov,1
comprehended,1
come,1
proceeds,1
sanctioned,1
discriminated,1
disadvantages,1
francois,1
soft,1
presence,1
survival,1
stagnant,1
turkey,1
instructive,1
unable,1
cambridge,1
disposal,1
mauriya,1
marginalize,1
steam,1
appropriate,1
intakes,1
hurt,1
mode,1
depressing,1
register,1
ended,1
contributed,1
applicable,1
advantageous,1
enabling,1
aspirants,1
surmise,1
gross,1
opinions,1
product,1
smaller,1
cheapness,1
regular,1
conquered,1
you,1
effects,1
colleagues,1
derive,1
tributaries,1
area,1
gouger,1
remains,1
cso,1
contributory,1
observation,1
specific,1
charles,1
territories,1
artisan,1
coefficient,1
removed,1
fluctuated,1
ensuring,1
softness,1
themselves,1
lx,1
charged,1
chicago,1
improved,1
pleased,1
disrupting,1
impolitic,1
views,1
bounds,1
exclusively,1
divergent,1
abandoned,1
roe,1
duration,1
immediately,1
strong,1
stimulus,1
behaves,1
famous,1
lag,1
broader,1
meeting,1
resources,1
built,1
termed,1
close,1
laws,1
major,1
perception,1
looking,1
