WORDCOUNTS,WEIGHT
the,738
of,565
and,302
in,275
a,271
to,207
is,131
s,109
france,105
for,101
that,95
french,94
la,89
on,88
as,80
has,72
this,72
have,72
de,63
it,62
an,57
nation,55
political,52
paris,50
with,48
intellectual,45
p,44
see,44
his,41
le,41
by,41
which,41
been,40
their,39
from,39
he,38
not,38
finkielkraut,37
l,36
at,34
or,34
les,33
schnapper,30
was,29
republicanism,29
republic,29
taguieff,28
et,28
d,27
such,26
but,26
national,26
integration,26
her,25
more,24
contemporary,24
colonial,24
i,23
instance,23
memory,23
these,23
there,22
wieviorka,22
immigration,22
be,22
since,21
pp,21
only,21
one,20
history,20
most,20
also,20
some,19
politics,19
intellectuals,19
number,19
she,19
who,19
work,18
london,18
its,18
noiriel,18
other,18
are,18
debate,18
book,17
republican,17
république,17
ibid,17
historical,17
du,16
all,16
j,16
identity,16
three,16
can,16
they,15
ndiaye,15
society,15
laïcité,15
social,15
many,15
both,15
between,15
citizenship,14
public,14
part,14
historiographical,14
while,14
des,14
sur,14
macmaster,13
left,13
à,13
academic,13
different,13
what,13
into,12
first,12
journal,12
however,12
surrounding,12
world,12
time,12
new,12
significant,12
blanchard,12
defence,12
if,11
narrative,11
critique,11
than,11
en,11
mémoires,11
house,11
critical,11
une,11
report,11
n,11
laborde,11
strong,11
difference,11
much,11
recent,11
over,10
est,10
conception,10
que,10
g,10
turn,10
important,10
reviews,10
jewish,10
approach,10
culture,10
guerres,10
past,10
modern,9
those,9
histoire,9
century,9
nouveaux,9
language,9
hijab,9
issues,9
oxford,9
academy,9
eds,9
books,9
understanding,9
ethnic,9
were,9
so,9
figures,9
we,9
levy,9
life,9
pensée,9
c,9
essays,8
ways,8
years,8
case,8
very,8
perspective,8
rather,8
how,8
m,8
attack,8
state,8
term,8
future,8
role,8
will,8
affaire,8
same,8
controversy,8
discussion,8
nevertheless,8
especially,8
today,8
qu,8
foulard,8
defend,8
intégration,8
question,8
blacks,8
now,7
about,7
position,7
might,7
emerged,7
together,7
reading,7
issue,7
against,7
even,7
found,7
racisme,7
cultural,7
overview,7
up,7
f,7
second,7
makes,7
organizations,7
idea,7
do,7
explicitly,7
made,7
ideas,7
questions,7
clear,7
outside,7
become,7
european,7
seen,7
class,7
often,7
school,7
changing,7
aron,7
them,7
theory,7
through,7
argues,7
commitment,6
introduction,6
amongst,6
influences,6
right,6
condition,6
diversity,6
no,6
developed,6
influential,6
clearly,6
excellent,6
wide,6
r,6
place,6
project,6
discourse,6
quite,6
entitled,6
still,6
make,6
represents,6
others,6
noire,6
debates,6
model,6
réactionnaires,6
use,6
theoretical,6
authors,6
would,6
foreign,6
claims,6
historians,6
civic,6
idem,6
sociology,6
problem,5
does,5
way,5
e,5
fragmented,5
group,5
studies,5
uses,5
member,5
t,5
attempt,5
diversité,5
words,5
normative,5
key,5
conceptual,5
framework,5
interest,5
immigrants,5
media,5
whose,5
taguieffs,5
crise,5
support,5
colonialism,5
section,5
monde,5
argued,5
threat,5
appear,5
had,5
war,5
française,5
example,5
progressisme,5
whole,5
engagement,5
few,5
highly,5
when,5
indeed,5
community,5
polemical,5
sociologists,5
thought,5
under,5
essai,5
fragmentation,5
shows,5
centre,5
where,5
like,5
him,5
migrants,5
conclusions,5
britain,5
attention,5
movements,5
sometimes,5
un,5
strongly,5
dans,5
construction,5
analysis,5
coloniale,5
face,5
any,5
contre,5
simply,5
here,5
set,5
each,5
argue,5
far,5
almost,5
lies,5
alain,5
postcolonial,5
come,5
crisis,5
philosophy,5
given,5
o,4
common,4
large,4
complex,4
nostalgia,4
english,4
contexts,4
themes,4
definition,4
government,4
half,4
last,4
concepts,4
within,4
racial,4
primary,4
say,4
relations,4
unity,4
look,4
though,4
antisémitisme,4
aim,4
racism,4
ce,4
after,4
importance,4
michel,4
moreover,4
reason,4
understand,4
immigrant,4
algerian,4
decades,4
view,4
qui,4
greater,4
ou,4
my,4
audier,4
late,4
politique,4
discours,4
well,4
achac,4
line,4
concept,4
least,4
consensus,4
therefore,4
led,4
variety,4
short,4
brings,4
above,4
tackle,4
ed,4
al,4
increasingly,4
double,4
members,4
minorities,4
lack,4
end,4
doubt,4
discussed,4
tiède,4
behind,4
purposes,4
perhaps,4
classes,4
range,4
radio,4
academics,4
general,4
period,4
black,4
study,4
école,4
controversial,4
islamic,4
pans,4
fear,4
brunet,4
historian,4
must,4
sociohistoire,4
commission,4
gone,4
contextual,4
philosophes,4
recherche,4
emerges,4
growing,4
particular,4
extent,4
livre,4
popular,4
recognition,4
little,4
police,4
despite,4
pas,4
livres,4
encounter,4
au,4
our,4
nov,4
stigmatization,4
enlisée,4
include,4
unified,4
already,4
remains,4
themselves,4
memories,4
communautarisme,4
currently,3
groups,3
career,3
identify,3
schools,3
true,3
h,3
resurgence,3
unlike,3
before,3
nineteenth,3
something,3
relativism,3
source,3
nouvel,3
undermine,3
attempts,3
principles,3
tradition,3
twenty,3
reasons,3
differences,3
potentially,3
bancel,3
survey,3
achag,3
written,3
context,3
system,3
sought,3
possible,3
reply,3
point,3
observateur,3
interviews,3
analyse,3
judaism,3
spectrum,3
development,3
paradoxically,3
response,3
third,3
publications,3
stasi,3
secularism,3
generation,3
friedlander,3
vichy,3
slavery,3
appreciation,3
ehess,3
presentation,3
notion,3
dealt,3
danger,3
consequences,3
space,3
university,3
judt,3
communities,3
origins,3
beyond,3
problems,3
tribalization,3
neorepublicans,3
result,3
agenda,3
out,3
chosen,3
primacy,3
tension,3
because,3
directly,3
headscarf,3
significantly,3
calls,3
tombs,3
used,3
discussions,3
us,3
relevance,3
focuses,3
reflect,3
il,3
involved,3
openly,3
wider,3
research,3
always,3
ensemble,3
appropriate,3
différence,3
battle,3
defended,3
eclectic,3
communauté,3
limited,3
thinkers,3
movement,3
religious,3
interpretation,3
violence,3
wearing,3
essential,3
sociological,3
politiques,3
complete,3
broad,3
belonging,3
two,3
picture,3
law,3
heritage,3
attacks,3
again,3
fin,3
cercle,3
towards,3
longer,3
discrimination,3
scholars,3
vilna,3
present,3
pensee,3
républicain,3
process,3
another,3
background,3
upon,3
values,3
empirical,3
twentieth,3
partisan,3
loi,3
reality,3
dominique,3
earlier,3
provides,3
anderson,3
algerians,3
suggest,3
identité,3
relationship,3
rapport,3
dual,3
claimed,3
slow,3
dimensions,3
began,3
legitimacy,3
deals,3
expert,3
united,3
surprising,3
itself,3
meant,3
following,3
sciences,3
alternative,3
principle,3
country,3
languages,3
cadis,3
particularly,3
build,3
works,3
type,3
répliques,3
unique,3
terms,3
français,3
multiculturalism,3
foundations,3
engagements,3
african,3
indebted,3
allows,3
laïque,3
devoted,3
baubérot,3
cambridge,3
lindenberg,3
jew,3
write,3
dangerous,3
course,3
instead,3
embodies,3
débat,3
association,3
marxist,3
berstein,3
traditional,3
famous,3
should,3
études,3
race,3
final,2
être,2
bernard,2
done,2
later,2
meaning,2
interventions,2
college,2
revolutionary,2
american,2
designed,2
solidarity,2
plombs,2
realities,2
ideals,2
character,2
po,2
experience,2
anything,2
www,2
commissions,2
disagreement,2
voices,2
give,2
address,2
neil,2
nature,2
historiography,2
parochial,2
europe,2
firm,2
lightness,2
thanks,2
religion,2
humiliations,2
take,2
emphasized,2
universal,2
tv,2
robert,2
surveys,2
confused,2
daniel,2
british,2
side,2
staunch,2
francophone,2
plain,2
espace,2
capacity,2
mass,2
rests,2
prescriptions,2
italian,2
figaro,2
inevitable,2
october,2
richard,2
khosrokhavar,2
himself,2
chabal,2
engage,2
fiançais,2
oratoire,2
central,2
goal,2
gauchiste,2
author,2
consumer,2
elements,2
nor,2
adopted,2
communautarismes,2
subjects,2
body,2
highest,2
nanterre,2
birnbaum,2
continuous,2
find,2
explore,2
stimulating,2
traditions,2
terror,2
minorité,2
hardly,2
acknowledge,2
may,2
higher,2
colour,2
modèle,2
camp,2
doctorate,2
absent,2
remain,2
organizing,2
pascal,2
communism,2
bond,2
republique,2
proportion,2
grew,2
dissenting,2
disintegration,2
awareness,2
raymond,2
means,2
suppression,2
consider,2
statistical,2
image,2
literary,2
teaches,2
liberal,2
thirty,2
citoyenneté,2
profile,2
mémoire,2
age,2
outspoken,2
show,2
acknowledges,2
challenged,2
follow,2
readings,2
policy,2
droit,2
puts,2
willing,2
debray,2
article,2
valeurs,2
opinion,2
trajectories,2
banning,2
sociaux,2
came,2
whom,2
demonstrate,2
path,2
citoyens,2
could,2
histories,2
entered,2
called,2
pète,2
deal,2
privées,2
international,2
scepticism,2
understood,2
informed,2
appears,2
priorities,2
required,2
banlieues,2
triumph,2
unchallenged,2
jim,2
cécile,2
literature,2
emphasis,2
claim,2
prominent,2
brought,2
knowledge,2
apparent,2
recommends,2
penser,2
year,2
describe,2
older,2
demonstrates,2
jo,2
statistics,2
call,2
urn,2
good,2
published,2
sense,2
successful,2
caused,2
field,2
below,2
constituent,2
revolution,2
unravelling,2
parité,2
order,2
contrast,2
militant,2
specifically,2
accuse,2
concerns,2
decline,2
visible,2
scott,2
progress,2
républicaine,2
discusses,2
provided,2
noteworthy,2
comprendre,2
critics,2
equality,2
outsider,2
absence,2
various,2
supérieur,2
descending,2
synthesis,2
revival,2
jnoinel,2
comparative,2
exception,2
hold,2
selection,2
consumerism,2
repression,2
yet,2
alongside,2
counterparts,2
ne,2
neither,2
home,2
analytical,2
islam,2
aux,2
jeunes,2
fact,2
regional,2
frameworks,2
useful,2
volume,2
goals,2
name,2
bold,2
challenge,2
dichotomies,2
obsessively,2
power,2
responsibilities,2
ban,2
idée,2
verges,2
avec,2
limit,2
endorse,2
abstract,2
menace,2
demonstrations,2
outdated,2
pamphlet,2
audiences,2
pettitt,2
hand,2
ground,2
journalists,2
secular,2
continuing,2
même,2
relevant,2
heavily,2
necessary,2
material,2
deep,2
style,2
threats,2
day,2
remained,2
terrorism,2
status,2
vast,2
examples,2
sides,2
concern,2
aims,2
expression,2
omnipresent,2
emphasize,2
nationalism,2
sees,2
previous,2
meanings,2
provoked,2
directed,2
b,2
essay,2
individual,2
pap,2
divisions,2
belongs,2
fellow,2
high,2
played,2
graduated,2
educational,2
sentiment,2
je,2
commentators,2
accusing,2
eyes,2
publics,2
relation,2
interpretations,2
implication,2
looks,2
connections,2
philosophies,2
opinions,2
juifs,2
indication,2
aspirations,2
committed,2
me,2
perspectives,2
continued,2
vision,2
dec,2
primarily,2
sensitive,2
translation,2
team,2
philosopher,2
ministre,2
interview,2
education,2
citizens,2
rigorous,2
attachment,2
pierreandré,2
seine,2
sexes,2
associated,2
comes,2
conclusion,2
version,2
ever,2
invoked,2
theme,2
regime,2
charter,2
jewishness,2
sceptical,2
sustained,2
prominence,2
colonisation,2
then,2
ideological,2
universel,2
cran,2
privileged,2
audience,2
creuset,2
associations,2
merely,2
scholarly,2
defending,2
form,2
list,2
namely,2
trinity,2
voile,2
firmly,2
penetration,2
rans,2
influenced,2
w,2
categories,2
son,2
intellectuels,2
became,2
ac,2
subject,2
writing,2
aspect,2
pouvoir,2
argument,2
finally,2
sat,2
although,2
conseil,2
states,2
seeks,2
extremely,2
summary,2
specific,2
irrelevant,2
early,2
texts,2
re,2
north,2
veyratmasson,2
conversations,2
close,2
normale,1
democracy,1
archives,1
polarizing,1
produces,1
fragmenting,1
forsdick,1
child,1
deny,1
cover,1
limits,1
pluralisme,1
nimseii,1
conflicting,1
ambivalence,1
protests,1
multiple,1
faculté,1
laparité,1
lévinassian,1
uncritically,1
racialised,1
lr,1
suggested,1
tonyjudt,1
encouraged,1
universite,1
invoquant,1
market,1
extreme,1
esprit,1
schism,1
discredited,1
insufficiently,1
trans,1
counteract,1
extends,1
ultimate,1
mar,1
sphere,1
état,1
sympathetic,1
conversion,1
becoming,1
julliard,1
stéréotypes,1
touched,1
ample,1
properly,1
howarth,1
word,1
cœur,1
live,1
elitism,1
underground,1
approaches,1
ghristofferson,1
modernité,1
inconsistent,1
easily,1
notwithstanding,1
overtones,1
yvon,1
irresponsibility,1
historicising,1
protection,1
committee,1
simultaneously,1
porous,1
encourage,1
amply,1
croix,1
seej,1
shares,1
assisted,1
inougn,1
badinter,1
unite,1
service,1
connotations,1
contested,1
arguing,1
migration,1
hayward,1
closely,1
puces,1
dismantled,1
restauration,1
disputed,1
women,1
aujourd,1
par,1
highlight,1
stress,1
being,1
said,1
cast,1
aside,1
stressed,1
philosophers,1
sources,1
long,1
parce,1
abstrait,1
interests,1
originally,1
ii,1
taken,1
concentrated,1
jeu,1
nancy,1
worked,1
virulent,1
médiation,1
vivre,1
crippling,1
unification,1
liberty,1
nationality,1
memorial,1
erupted,1
immense,1
reach,1
shaped,1
scientifique,1
scientists,1
assertion,1
fortunes,1
wave,1
analyses,1
origin,1
furet,1
assembled,1
follows,1
shot,1
link,1
closer,1
shibboleths,1
created,1
room,1
actuel,1
quels,1
debt,1
reproduction,1
literate,1
help,1
integrate,1
aun,1
date,1
fait,1
opposite,1
touchent,1
valérie,1
somewhat,1
litde,1
hostility,1
hostile,1
visibility,1
depends,1
nowhere,1
indelible,1
strictly,1
takes,1
rewriting,1
move,1
iol,1
sociologique,1
manifesto,1
king,1
formulation,1
misunderstood,1
notoriety,1
bases,1
misreading,1
iv,1
tombe,1
frith,1
où,1
incorporate,1
draw,1
thoroughgoing,1
trance,1
noinel,1
biting,1
fins,1
opened,1
stance,1
andré,1
tracing,1
characterize,1
foreigners,1
reaction,1
solely,1
functions,1
plaque,1
ordre,1
cadre,1
bland,1
vital,1
internet,1
emile,1
taking,1
doubles,1
connaissance,1
attribuer,1
vocation,1
carrefour,1
giulia,1
marginalized,1
identifies,1
opposes,1
prevented,1
sweet,1
forme,1
apologies,1
collection,1
rigour,1
autre,1
bot,1
mid,1
relies,1
pushed,1
closes,1
conflict,1
mistake,1
thus,1
lorraine,1
accessible,1
fracture,1
denying,1
review,1
collapse,1
finkelkraut,1
neorepublicanism,1
reclaim,1
archipelego,1
modify,1
facts,1
immediate,1
quality,1
reject,1
accommodation,1
evergrowing,1
quelles,1
personalities,1
integral,1
inscrit,1
processus,1
président,1
angloamerican,1
relatively,1
ag,1
viewing,1
raises,1
predicament,1
longwy,1
épuisé,1
application,1
living,1
restore,1
insofar,1
extensively,1
marxism,1
forced,1
kind,1
judged,1
dis,1
progressive,1
cases,1
perdue,1
distinct,1
underlying,1
université,1
voix,1
épanouit,1
fond,1
profound,1
withdraw,1
sombres,1
slave,1
holds,1
further,1
inclusion,1
young,1
served,1
fate,1
startingpoint,1
apr,1
participer,1
consulted,1
drives,1
ethnicization,1
touraine,1
obscure,1
flood,1
unresolved,1
reflexion,1
details,1
citizen,1
looms,1
lens,1
born,1
pronounced,1
lévinas,1
sartrean,1
incarnation,1
influence,1
fierce,1
sane,1
entretiens,1
compromise,1
historicaljournal,1
conceptually,1
objet,1
ebbed,1
rarefied,1
focused,1
ecumenical,1
tarnished,1
newer,1
unlikely,1
opium,1
rights,1
surprisingly,1
opposed,1
poor,1
metacommunautaire,1
ethnie,1
heavyweight,1
revisit,1
adequate,1
york,1
houziaux,1
société,1
reflects,1
situationist,1
during,1
without,1
elevating,1
suck,1
professionels,1
links,1
bring,1
existent,1
ostensibly,1
impetus,1
across,1
notable,1
generations,1
angeles,1
breadth,1
landscape,1
tnougn,1
explicit,1
levels,1
multiculturalists,1
baverez,1
flames,1
enseignement,1
didactic,1
politicians,1
parents,1
goes,1
opportunity,1
retour,1
annales,1
françoise,1
certain,1
entre,1
consensual,1
principe,1
supérieure,1
institutionalized,1
pages,1
nationalist,1
k,1
produced,1
echoed,1
distant,1
dévoilement,1
republicans,1
nuances,1
front,1
risks,1
neorepublican,1
modified,1
recherches,1
ij,1
solutions,1
branded,1
défaite,1
duprinäpe,1
perceptions,1
circulated,1
theorists,1
depoliticization,1
elle,1
imposing,1
wenden,1
literally,1
slowly,1
grounds,1
seeking,1
elsewhere,1
consciousness,1
edition,1
ideologies,1
air,1
religieux,1
traces,1
articulated,1
frequently,1
exceptionalism,1
prevent,1
épreuve,1
orientation,1
multicultural,1
acceptance,1
clash,1
itinéraire,1
postcoloniale,1
powerful,1
storm,1
olivier,1
followed,1
mounier,1
wayside,1
delegitimize,1
cogent,1
answers,1
exhaustive,1
crucially,1
dominant,1
care,1
etude,1
intricacies,1
bras,1
providing,1
trained,1
drawing,1
cut,1
convenu,1
globalization,1
perceive,1
écoles,1
reflections,1
whereas,1
benny,1
expressed,1
moving,1
legislative,1
rosanvallon,1
lieu,1
based,1
lead,1
kennedy,1
meltdown,1
inoinel,1
adoption,1
années,1
critic,1
begun,1
widening,1
arabs,1
access,1
reads,1
effort,1
lived,1
cleavages,1
changed,1
jn,1
rappel,1
criticisms,1
events,1
census,1
relate,1
agendas,1
light,1
emerge,1
vigorous,1
initial,1
reactionary,1
evidendy,1
fuel,1
efforts,1
experts,1
lent,1
benefit,1
limp,1
circulation,1
fans,1
hui,1
bemoaned,1
exceptional,1
supporters,1
pointing,1
effective,1
silence,1
activist,1
recently,1
moderne,1
comme,1
reinforce,1
cannot,1
hoffinann,1
younger,1
otherwise,1
placed,1
atomization,1
judicial,1
instrumental,1
fous,1
reflexivity,1
ces,1
creates,1
val,1
meaningless,1
intellectuel,1
affair,1
biographies,1
transcription,1
populisme,1
shape,1
keeping,1
postwar,1
invisible,1
marsh,1
représentatif,1
egalitarian,1
sujets,1
islamisme,1
vers,1
jouent,1
intense,1
scope,1
signatories,1
fearful,1
swelled,1
industrial,1
réhabiliter,1
ramonet,1
basis,1
los,1
carry,1
locus,1
favell,1
adamant,1
credence,1
combating,1
suspicion,1
noires,1
purpose,1
ot,1
imaginaire,1
reconfiguration,1
comment,1
wihtol,1
journals,1
positions,1
looked,1
surprise,1
camus,1
bible,1
thefiacture,1
renaut,1
lafiacture,1
delegitimized,1
conformism,1
constitute,1
records,1
people,1
actually,1
participated,1
runs,1
historien,1
prolétaires,1
emancipation,1
samurais,1
documented,1
contentious,1
away,1
legislation,1
complemented,1
employed,1
tendency,1
showing,1
sun,1
president,1
breakdown,1
gérard,1
ethnicity,1
combine,1
gambetta,1
polity,1
folio,1
minds,1
capitulons,1
graduate,1
tounded,1
either,1
premiere,1
hitherto,1
rewritten,1
regions,1
signing,1
gerny,1
creating,1
broadcast,1
beneficial,1
mahoney,1
strict,1
correct,1
eglise,1
allegiance,1
responsibility,1
vote,1
cette,1
aroused,1
things,1
politically,1
television,1
emphasizes,1
throwback,1
midst,1
heart,1
atmosphere,1
around,1
gaulle,1
coappartenance,1
shame,1
several,1
gauche,1
hervé,1
june,1
revealing,1
components,1
nineteenthand,1
presence,1
syncrétique,1
augur,1
jalons,1
protect,1
petition,1
emmanuel,1
jerusalem,1
widely,1
philip,1
engages,1
core,1
vein,1
sketches,1
condemned,1
orthodox,1
st,1
renewed,1
dependent,1
communautansme,1
peculiarly,1
results,1
roots,1
nationalisme,1
newly,1
immigrés,1
valuable,1
sophistication,1
salut,1
creil,1
activities,1
small,1
jallon,1
headteacher,1
repentance,1
rituellement,1
appeal,1
inspection,1
institut,1
enragés,1
transcended,1
immigrée,1
prolétarienne,1
curricula,1
io,1
demand,1
implications,1
hegemony,1
academia,1
bringing,1
gerard,1
pushes,1
populations,1
irrelevance,1
ire,1
overall,1
expansion,1
play,1
reinterpreted,1
dressed,1
horrors,1
revolt,1
classic,1
appartenance,1
disciplines,1
female,1
ignacio,1
posed,1
etc,1
reduce,1
andj,1
laguien,1
intervention,1
mainstream,1
experiences,1
railed,1
initially,1
rejects,1
signs,1
populaires,1
echo,1
single,1
culturelles,1
qq,1
once,1
colourblind,1
competition,1
rational,1
appeler,1
edited,1
reference,1
wake,1
etat,1
devotion,1
soon,1
hegemonic,1
message,1
undoing,1
inspiration,1
mandarins,1
exposes,1
combat,1
igbi,1
populated,1
official,1
amidst,1
perceived,1
riots,1
constitutionnel,1
falls,1
intamous,1
publishing,1
sociologiques,1
lieux,1
attractively,1
cahiers,1
skin,1
unitary,1
topical,1
window,1
responsive,1
excellence,1
narratives,1
insights,1
paxman,1
dakar,1
disagreed,1
lingering,1
replied,1
anthropology,1
foucault,1
journalist,1
ohana,1
chose,1
redefine,1
ensuing,1
sont,1
quartiers,1
disappearing,1
misnomer,1
leader,1
eruption,1
museums,1
hautes,1
vois,1
stated,1
journey,1
mark,1
verge,1
spend,1
death,1
similarly,1
put,1
glucksmann,1
addition,1
effet,1
speaks,1
contemptuous,1
treatment,1
preserve,1
benevolent,1
abstain,1
areas,1
pressure,1
britons,1
instability,1
mythologie,1
exclusion,1
murphy,1
débats,1
disliked,1
inevitably,1
children,1
oneself,1
larger,1
reacted,1
diverse,1
incorporation,1
plagued,1
forging,1
proliferation,1
aug,1
everything,1
contends,1
resolved,1
reilly,1
considerable,1
minimize,1
imperfect,1
external,1
jeanpaul,1
rhetoric,1
forms,1
genealogy,1
ages,1
readers,1
took,1
blackness,1
accusations,1
v,1
faiblesse,1
démocratie,1
remarkable,1
hazareesingh,1
isabelle,1
validity,1
answer,1
until,1
focusing,1
fiançaise,1
nue,1
paperback,1
teeth,1
belief,1
acnnapper,1
préjugé,1
agulhon,1
ink,1
gives,1
coined,1
counterpart,1
instigated,1
bienfaisante,1
remove,1
original,1
rôle,1
lã,1
empirically,1
emanating,1
mean,1
meaningful,1
situated,1
persona,1
accuses,1
campaigns,1
minimizing,1
success,1
treated,1
htat,1
completed,1
implicated,1
prohibition,1
contours,1
breves,1
disintegrate,1
fonde,1
deliberately,1
including,1
delicate,1
passes,1
previously,1
participatory,1
looking,1
apology,1
silverman,1
lacunae,1
herself,1
blum,1
indiaye,1
djihadisme,1
contradictions,1
era,1
denies,1
nicolet,1
illusion,1
incarnations,1
lettres,1
ente,1
numerous,1
returned,1
products,1
harvard,1
actual,1
intimated,1
maintains,1
engaged,1
nothing,1
continue,1
trust,1
full,1
deployed,1
rehabilitate,1
meilleur,1
complicated,1
theories,1
students,1
described,1
rightward,1
bouzar,1
rejected,1
trade,1
open,1
significance,1
hétéronomie,1
headscarves,1
historic,1
collini,1
talk,1
publication,1
kamonet,1
lien,1
nora,1
agreement,1
points,1
vanùraàsme,1
held,1
vested,1
captation,1
controversies,1
allowed,1
ri,1
minister,1
ny,1
cherchent,1
analysing,1
collected,1
multifarious,1
stages,1
discriminations,1
kept,1
accurate,1
renewal,1
indulging,1
sartre,1
latter,1
alive,1
aussi,1
ip,1
facing,1
enlightenment,1
internal,1
purely,1
promote,1
textbooks,1
pécresse,1
greeted,1
huiji,1
étude,1
exactly,1
deconstructing,1
préservation,1
judgement,1
hexagon,1
célèbres,1
capitalism,1
travelled,1
imposture,1
inde,1
parameters,1
forefront,1
appellerai,1
libération,1
irrevocably,1
proletariat,1
ago,1
develop,1
particularist,1
irresponsible,1
pupils,1
uncomfortably,1
rétrocontroverse,1
accompagnement,1
fonctionnement,1
prescient,1
indéfendable,1
attended,1
separate,1
grandes,1
entendu,1
ws,1
limiting,1
increasing,1
dealing,1
carried,1
imply,1
wasteland,1
circle,1
télévision,1
branding,1
succinctly,1
broadcasts,1
lemeilleurdesmondes,1
rudelle,1
prolix,1
independent,1
cdans,1
provide,1
memorably,1
ecole,1
paxton,1
outsiders,1
obscures,1
plays,1
origine,1
flowed,1
begin,1
médiatisation,1
celebration,1
inside,1
gobb,1
deaths,1
favour,1
underplays,1
sway,1
disagreements,1
becomes,1
referred,1
bonds,1
lost,1
treacherous,1
atqyens,1
force,1
worse,1
contribution,1
rapidly,1
paradoxical,1
countries,1
length,1
capacious,1
pertinence,1
noncommunist,1
accusation,1
esclavage,1
israëlites,1
existed,1
fall,1
spotlight,1
hope,1
interdit,1
gulag,1
secondgeneration,1
stratified,1
centuries,1
fabbiano,1
emerging,1
examine,1
démographiques,1
unusual,1
problematic,1
essentielle,1
pay,1
blurred,1
cam,1
methods,1
intégrisme,1
legacies,1
islamique,1
addressed,1
conformist,1
ofthat,1
nationalité,1
anthropological,1
environment,1
seriously,1
wars,1
shadow,1
contextualize,1
rarely,1
eventually,1
conservateur,1
practice,1
suite,1
fragmentée,1
enquête,1
radical,1
series,1
mentioned,1
jewisn,1
twentiethcentury,1
nationale,1
exhibitions,1
reformulation,1
intellectuellement,1
simplify,1
respective,1
signes,1
extensive,1
lozès,1
désacralisation,1
exposition,1
scrutiny,1
monuments,1
borrows,1
echoes,1
elevates,1
dotée,1
patently,1
doi,1
bruckner,1
moyn,1
command,1
neo,1
ethniaté,1
differentiated,1
forty,1
drake,1
erected,1
dimension,1
natural,1
nouvelle,1
algérie,1
guerre,1
deficiencies,1
sociales,1
identités,1
sure,1
transcriptions,1
imparfait,1
cultures,1
engagé,1
expanding,1
connection,1
interested,1
innovations,1
distance,1
sirinelli,1
best,1
allegation,1
down,1
expertly,1
mondes,1
regard,1
post,1
altérité,1
exploiting,1
aghag,1
job,1
contradictory,1
obviously,1
beraha,1
enemy,1
energize,1
understudied,1
identities,1
weyer,1
essentially,1
expel,1
donc,1
aoes,1
pour,1
just,1
february,1
better,1
pushing,1
evident,1
feminist,1
bien,1
scholarship,1
cosmopolitanism,1
william,1
tolérant,1
instinctive,1
according,1
reaffirmation,1
jean,1
poli,1
exposing,1
jennings,1
implicit,1
interwar,1
prefers,1
reconcile,1
stability,1
making,1
references,1
cause,1
involvement,1
feb,1
enjeux,1
attitudes,1
passed,1
républicanisme,1
sociologist,1
launches,1
novelty,1
likes,1
dream,1
getting,1
contemporaine,1
rapports,1
require,1
resurrected,1
produce,1
orientations,1
resolutely,1
frileuse,1
suggests,1
ideal,1
alibis,1
freedom,1
ses,1
burden,1
navigate,1
betrays,1
apparatus,1
problèmes,1
occasionally,1
org,1
severely,1
altered,1
ill,1
screens,1
watched,1
springboard,1
droite,1
symbols,1
press,1
giving,1
bourgeois,1
tried,1
détour,1
step,1
assumptions,1
went,1
com,1
orthodoxies,1
substance,1
multiculturalisme,1
lefl,1
reconstruct,1
arguments,1
antiamericanism,1
levinas,1
divided,1
wniie,1
ranks,1
declinism,1
challenges,1
using,1
mention,1
vocal,1
definitions,1
gain,1
elite,1
grandeur,1
varied,1
jan,1
writings,1
aspires,1
false,1
intent,1
xxe,1
renseignement,1
ultimately,1
tell,1
models,1
intellectuelle,1
reveals,1
pétainist,1
ceux,1
fractious,1
paradigm,1
francisque,1
conditions,1
institutional,1
rachlin,1
frame,1
catherine,1
catch,1
libéral,1
documentation,1
contributed,1
offer,1
insight,1
joined,1
integrated,1
afrique,1
define,1
crimes,1
need,1
eighteenth,1
broader,1
guiding,1
product,1
vergés,1
endeavours,1
undermines,1
thoughtful,1
centrality,1
kintzler,1
attempted,1
off,1
grapple,1
solzhenitsyn,1
nonmarxist,1
monarque,1
héritages,1
needs,1
mobilized,1
offered,1
insider,1
drift,1
potential,1
spilled,1
portrait,1
alexandra,1
broadening,1
elites,1
consisted,1
banned,1
opaque,1
negotiate,1
normalien,1
incompatibility,1
sits,1
x,1
views,1
civique,1
element,1
abroad,1
entire,1
backwards,1
behalf,1
colley,1
focus,1
iraq,1
uk,1
profs,1
fontenay,1
networks,1
concise,1
sos,1
building,1
successive,1
légitimité,1
doing,1
daughter,1
ca,1
roles,1
draft,1
confrontations,1
major,1
perception,1
increase,1
jocelyne,1
réponse,1
leftist,1
confusingly,1
