WORDCOUNTS,WEIGHT
the,872
of,541
in,342
to,305
and,287
a,216
that,126
social,102
new,102
american,100
for,95
health,77
s,68
was,67
as,66
on,65
united,56
states,55
an,54
political,53
with,51
war,49
had,43
democratic,40
politics,39
state,39
uda,37
ada,37
zealand,37
insurance,35
british,34
world,34
not,34
from,34
it,33
labour,33
at,32
government,32
its,32
security,32
by,32
deal,31
their,30
liberal,30
this,30
be,29
is,28
liberals,27
international,27
policy,26
which,26
they,24
federal,24
but,24
party,24
national,24
were,24
welfare,23
programme,22
democracy,21
his,21
would,21
britain,21
over,21
between,21
into,20
public,20
mss,20
also,20
employment,20
who,20
all,19
wallace,19
more,19
reform,19
congress,19
administration,19
act,18
argued,18
liberalism,18
papers,17
america,17
left,17
cold,17
economic,17
reel,17
see,17
pepper,17
washington,17
case,16
medical,16
section,16
london,16
he,16
full,16
have,16
system,15
care,15
pp,15
are,15
one,14
other,14
bell,14
progressive,14
than,14
foreign,14
domestic,14
york,13
union,13
could,13
about,13
only,13
business,13
after,13
been,13
jonathan,12
studies,12
those,12
has,12
right,12
nash,12
affairs,12
transoceanic,12
may,12
or,12
loeb,12
both,12
meeting,12
formed,11
some,11
development,11
economy,11
how,11
out,11
bill,11
under,11
time,11
i,11
like,11
ideological,11
through,11
committee,10
atlantic,10
henry,10
labor,10
journal,10
organization,10
part,10
overseas,10
when,10
service,10
increasingly,10
end,10
private,10
can,10
james,10
our,10
groups,9
agenda,9
roosevelt,9
such,9
interest,9
walter,9
rights,9
soviet,9
activists,9
politicians,9
most,9
late,9
however,9
future,9
during,9
power,9
members,9
many,9
years,9
general,9
harness,9
nhs,9
nov,9
there,8
claude,8
no,8
opportunity,8
support,8
fisher,8
planning,8
whilst,8
gordon,8
movement,8
noted,8
lee,8
wartime,8
external,8
article,8
provide,8
must,8
ibid,8
socialism,8
campaign,8
recent,8
coalition,7
walker,7
great,7
differences,7
kingdom,7
apr,7
reuther,7
university,7
house,7
problems,7
important,7
conservative,7
p,7
governments,7
secretary,7
ama,7
us,7
john,7
examples,7
visit,7
dec,7
propaganda,7
information,7
cambridge,7
wellington,7
now,6
needed,6
use,6
country,6
provision,6
england,6
europe,6
socialized,6
drive,6
july,6
central,6
language,6
ny,6
americans,6
communism,6
dialogue,6
falk,6
totalitarianism,6
publicity,6
medicine,6
her,6
january,6
well,6
reid,6
policies,6
work,6
senator,6
depression,6
up,6
society,6
will,6
make,6
two,6
plan,6
outside,6
shearon,6
ideas,6
office,6
systems,6
saw,6
we,6
ideology,6
lines,6
truman,6
wider,6
control,6
nj,6
jan,6
much,6
if,5
mar,5
group,5
history,5
princeton,5
file,5
principles,5
within,5
daniel,5
speech,5
dr,5
along,5
voorhis,5
against,5
century,5
industries,5
authority,5
across,5
organized,5
progressives,5
found,5
attack,5
patrick,5
same,5
conservatives,5
civil,5
nation,5
away,5
alliance,5
oct,5
june,5
rodgers,5
battle,5
republican,5
second,5
perceived,5
department,5
rise,5
lobby,5
fact,5
head,5
own,5
made,5
upon,5
including,5
three,5
comprehensive,5
workers,5
so,5
european,5
bureaucrats,5
vision,5
countries,5
nationalization,5
association,5
ilo,5
universal,5
what,5
form,5
statement,5
problem,5
freedom,5
peace,5
plans,5
policymakers,5
argues,5
need,5
already,5
you,5
early,5
develop,5
prime,4
library,4
allies,4
proponents,4
first,4
programmes,4
ways,4
leading,4
scheme,4
reading,4
context,4
leon,4
sent,4
letter,4
memorandum,4
back,4
jacob,4
operation,4
opposed,4
basic,4
congressional,4
mission,4
helped,4
legislative,4
based,4
record,4
tension,4
scene,4
because,4
industrial,4
purpose,4
example,4
forces,4
alan,4
good,4
commerce,4
box,4
contrast,4
emerging,4
legation,4
correspondence,4
provided,4
seemed,4
republic,4
action,4
wrote,4
comparative,4
april,4
pacific,4
yet,4
experiment,4
these,4
opa,4
addition,4
niebuhr,4
abstract,4
minister,4
question,4
men,4
establishment,4
jobs,4
less,4
derickson,4
free,4
another,4
demonstrated,4
elections,4
significant,4
largely,4
described,4
clear,4
individual,4
times,4
high,4
story,4
henderson,4
jerry,4
increasing,4
she,4
george,4
program,4
bulletin,4
discredit,4
analysis,4
itself,4
japan,4
sweden,4
set,4
principle,4
interested,4
board,4
did,4
far,4
historical,4
jennie,4
growing,4
them,4
terms,4
want,4
feb,4
outland,4
role,4
simply,4
went,4
ig,4
dangerous,4
although,4
themselves,4
limits,3
measures,3
large,3
ma,3
capitalism,3
before,3
electoral,3
specifically,3
certainly,3
taken,3
address,3
official,3
analyses,3
help,3
mind,3
principal,3
taft,3
wagner,3
behind,3
personnel,3
ad,3
proposals,3
tribune,3
issue,3
lash,3
hall,3
chapter,3
election,3
reaction,3
october,3
memo,3
vital,3
politician,3
totalitarian,3
since,3
relations,3
price,3
heightened,3
thing,3
developments,3
humphrey,3
find,3
even,3
details,3
loan,3
town,3
whose,3
reinhold,3
sort,3
keen,3
direct,3
lay,3
front,3
means,3
solutions,3
benefits,3
elsewhere,3
obstacles,3
permanent,3
my,3
supporters,3
informed,3
your,3
shape,3
representatives,3
congressmen,3
used,3
drawn,3
crossings,3
whole,3
year,3
gave,3
place,3
people,3
oceans,3
president,3
enthusiastic,3
uaw,3
skocpol,3
responsibility,3
order,3
few,3
former,3
florida,3
battles,3
nations,3
critical,3
demand,3
equality,3
contingent,3
might,3
hubert,3
still,3
southern,3
reference,3
thought,3
sector,3
organizations,3
paul,3
put,3
towards,3
financial,3
pressure,3
minnesota,3
match,3
man,3
enactment,3
do,3
learn,3
necessary,3
material,3
understanding,3
vast,3
vinson,3
industrialized,3
looking,3
concern,3
entirely,3
services,3
california,3
platform,3
held,3
divisions,3
period,3
fellow,3
theda,3
reconversion,3
connally,3
structure,3
looked,3
figures,3
note,3
continued,3
claimed,3
inside,3
lost,3
executive,3
months,3
joseph,3
any,3
lessons,3
impulse,3
theme,3
know,3
dimension,3
global,3
historians,3
believe,3
leaders,3
antipodean,3
proved,3
director,3
just,3
works,3
senate,3
institutional,3
outlook,3
circles,3
while,3
popular,3
conference,3
november,3
think,3
models,3
conditions,3
instead,3
building,3
shift,3
needs,3
russia,3
lehman,3
debate,3
given,3
focus,3
strong,3
uk,3
should,3
broader,3
termed,3
race,3
gold,3
archives,2
struggle,2
later,2
meaning,2
commitment,2
everyone,2
market,2
extreme,2
congressman,2
struggled,2
alone,2
conversion,2
giants,2
position,2
traveller,2
eager,2
amongst,2
negative,2
macdougall,2
common,2
fabric,2
australia,2
beveridge,2
swedish,2
pc,2
sad,2
give,2
attempts,2
attempt,2
generated,2
magazine,2
nature,2
historiography,2
words,2
parties,2
dramatically,2
pga,2
assertion,2
desire,2
richards,2
potentially,2
able,2
nevertheless,2
subsequent,2
failures,2
written,2
robert,2
committed,2
depends,2
akin,2
advocates,2
stassen,2
eventual,2
albeit,2
primary,2
gm,2
retain,2
preordained,2
activity,2
antitotalitarian,2
dinner,2
obvious,2
taking,2
very,2
benefit,2
doctors,2
mistake,2
unravelled,2
review,2
collapse,2
doctor,2
supportive,2
lectures,2
leftwing,2
reshape,2
unwilling,2
learning,2
exercise,2
attlee,2
perspective,2
response,2
equally,2
slogans,2
critique,2
capitol,2
ewing,2
purchasing,2
steps,2
philadelphia,2
urged,2
adequate,2
reagan,2
russian,2
without,2
portrayed,2
remain,2
soviets,2
landscape,2
process,2
represented,2
heard,2
similar,2
importance,2
certain,2
special,2
study,2
summarized,2
republicans,2
nor,2
ensure,2
air,2
threat,2
prevent,2
initiative,2
origins,2
powerful,2
explain,2
opinion,2
strategy,2
faced,2
dc,2
constructive,2
opponents,2
advance,2
allow,2
called,2
objectives,2
changed,2
agendas,2
noting,2
term,2
detailing,2
unions,2
further,2
vehicle,2
founder,2
poverty,2
feuer,2
unemployment,2
meet,2
opposition,2
voice,2
network,2
trial,2
heart,2
reader,2
cio,2
relief,2
luce,2
comment,2
revealed,2
broad,2
destitution,2
il,2
count,2
responses,2
officials,2
closing,2
successful,2
caused,2
working,2
tom,2
things,2
small,2
consensus,2
highly,2
acts,2
research,2
ramshackle,2
climate,2
texas,2
impossible,2
results,2
notes,2
preliminary,2
waiting,2
founding,2
appeal,2
led,2
furnished,2
situation,2
communist,2
io,2
entitled,2
nationalized,2
freedoms,2
overall,2
swede,2
schemes,2
manipulate,2
curtis,2
reception,2
direction,2
promoting,2
wake,2
democrats,2
coverage,2
advanced,2
emil,2
included,2
home,2
light,2
assistance,2
heirs,2
lacked,2
issues,2
speaking,2
useful,2
diary,2
leader,2
lewis,2
challenge,2
stated,2
strike,2
others,2
projects,2
subcommittee,2
treatment,2
fundamental,2
designing,2
lives,2
broadly,2
documents,2
attempting,2
larger,2
chs,2
rhetoric,2
model,2
developing,2
existing,2
establish,2
ch,2
charter,2
perhaps,2
eds,2
jacobs,2
polities,2
fight,2
original,2
discussion,2
limitations,2
decent,2
mosaic,2
emphasize,2
proposed,2
questions,2
pamphlets,2
franklin,2
discovered,2
urbana,2
rieve,2
victory,2
reformers,2
administrative,2
shortly,2
conversation,2
presidential,2
least,2
faith,2
timmins,2
fishbein,2
overcome,2
effect,2
claiming,2
rhetorical,2
sept,2
dominance,2
attracted,2
morris,2
anger,2
regimes,2
wyatt,2
compulsory,2
marjorie,2
hostile,2
science,2
five,2
deep,2
ministry,2
hill,2
favour,2
primarily,2
lobbying,2
force,2
returned,2
effectively,2
wilson,2
recognize,2
rapidly,2
why,2
achieve,2
composed,2
supporting,2
hacker,2
investigate,2
ostensibly,2
door,2
shadow,2
thinking,2
reliant,2
following,2
summary,2
comes,2
series,2
grand,2
minneapolis,2
continues,2
ralph,2
leftist,2
cleavage,2
conducted,2
expanding,2
capital,2
best,2
emergence,2
half,2
regard,2
post,2
particularly,2
brinkley,2
job,2
chairman,2
associations,2
passage,2
concrete,2
discuss,2
fuller,2
investigation,2
making,2
cause,2
particular,2
era,2
sifton,2
extent,2
almost,2
suggests,2
commissioner,2
four,2
subject,2
rendering,2
rationale,2
measure,2
policymaking,2
arguments,2
divided,2
using,2
vocal,2
coming,2
come,2
formation,2
unable,2
negro,2
taxation,2
course,2
evidence,2
prosperity,2
attempted,2
bigger,2
speak,2
comparison,2
mobilized,2
specific,2
invited,2
c,2
scholarship,2
mp,2
create,2
import,2
big,2
among,2
digest,2
asked,2
resources,2
uncertain,2
predicated,2
major,2
increase,2
ammunition,1
final,1
inflationary,1
waited,1
dogmas,1
horror,1
nicholas,1
dominant,1
does,1
explosion,1
possessed,1
unobtainable,1
done,1
willie,1
invalidated,1
statist,1
negroes,1
way,1
patman,1
corporate,1
shula,1
stood,1
suggested,1
created,1
ready,1
intricate,1
credibility,1
extend,1
schism,1
thrown,1
affirming,1
portrayals,1
budget,1
bargaining,1
federation,1
evans,1
pushed,1
borstelman,1
linguistic,1
germany,1
everybody,1
minutes,1
unsuccessful,1
told,1
center,1
discover,1
transportation,1
complex,1
approved,1
agency,1
fate,1
enhance,1
identify,1
essays,1
hober,1
informative,1
live,1
asserted,1
english,1
collectivist,1
tallahassee,1
loomed,1
tense,1
easily,1
servicemen,1
park,1
wolf,1
considerations,1
realities,1
tempered,1
acceptance,1
protection,1
resurgence,1
hysterical,1
character,1
description,1
antiimperialist,1
title,1
observing,1
incentive,1
accomplishments,1
unite,1
something,1
arguing,1
monograph,1
alleged,1
chief,1
distilled,1
hearty,1
prosperous,1
hillman,1
being,1
cordially,1
member,1
concepts,1
cast,1
aside,1
gap,1
t,1
davis,1
every,1
inexorable,1
creation,1
production,1
interests,1
loathing,1
setting,1
exaggerated,1
ii,1
rested,1
abound,1
contrasted,1
vols,1
diego,1
bereft,1
compliment,1
saul,1
preoccupied,1
worked,1
cessation,1
emerged,1
dreams,1
experiments,1
liberty,1
hatred,1
purse,1
height,1
copy,1
capitalist,1
continue,1
wpa,1
centralized,1
secondary,1
advantage,1
suggesting,1
together,1
stephenville,1
simple,1
momentum,1
invigorated,1
farmers,1
narrative,1
assembled,1
admittedly,1
borne,1
studied,1
aircraft,1
trip,1
alonzo,1
launched,1
room,1
friedberg,1
argue,1
packages,1
antitotalitarianism,1
farmer,1
meg,1
reinterpret,1
speeches,1
achieved,1
gideon,1
particularism,1
prescription,1
improving,1
murray,1
emphasized,1
respond,1
influences,1
raised,1
decreased,1
wage,1
somewhat,1
side,1
appreciate,1
forum,1
governmental,1
existence,1
epstein,1
lobbyists,1
symbolizing,1
preoccupations,1
key,1
money,1
capacity,1
mass,1
struggling,1
vol,1
congresswoman,1
felt,1
possible,1
determined,1
slated,1
enforcement,1
shared,1
adopting,1
etc,1
solely,1
move,1
structurally,1
professor,1
west,1
payouts,1
rely,1
say,1
infer,1
beuan,1
truths,1
laws,1
bottom,1
requirements,1
clipped,1
investing,1
financed,1
engage,1
says,1
split,1
pursuing,1
harold,1
monday,1
human,1
million,1
thus,1
resonated,1
chapters,1
throughout,1
taber,1
reverse,1
sympathetic,1
explained,1
weakened,1
mine,1
campbell,1
immediate,1
reject,1
bent,1
translating,1
inflation,1
amounts,1
muscle,1
september,1
author,1
cramped,1
domain,1
ability,1
flurry,1
mixed,1
portray,1
effrontery,1
envy,1
representative,1
application,1
convention,1
legislators,1
supremacy,1
assured,1
tripartite,1
allegiances,1
expected,1
montana,1
arena,1
z,1
forced,1
exhausted,1
funds,1
estimates,1
candidates,1
adam,1
wendy,1
adopted,1
constitutions,1
underlying,1
uncontroversial,1
freed,1
profound,1
marriage,1
structural,1
implementing,1
highest,1
ithaca,1
columbia,1
difficulty,1
radio,1
provisional,1
allowing,1
postponed,1
blunted,1
cohen,1
continuous,1
employers,1
died,1
warned,1
overarching,1
ira,1
factions,1
consequently,1
practically,1
architects,1
ramifications,1
apparently,1
decline,1
guard,1
occasion,1
climates,1
billion,1
hardly,1
generation,1
weakness,1
influence,1
rates,1
unfortunate,1
scholarly,1
manoeuvre,1
zealander,1
focused,1
perfect,1
distribution,1
fascist,1
homegrown,1
failed,1
talks,1
poor,1
interesting,1
bernice,1
weapon,1
colin,1
dangerously,1
essential,1
german,1
dependants,1
rather,1
statements,1
pledged,1
links,1
principally,1
growth,1
december,1
managing,1
main,1
impetus,1
mammoth,1
adapt,1
levels,1
fair,1
patronage,1
doctrine,1
notion,1
lasting,1
johannes,1
demonstration,1
levine,1
deliberately,1
goes,1
risk,1
associate,1
earlier,1
imperfections,1
brand,1
crowd,1
electorate,1
ongoing,1
enacted,1
emergency,1
deputy,1
standard,1
whiteknights,1
digestible,1
feel,1
imperialist,1
factors,1
healthier,1
enlisted,1
raymond,1
terrell,1
reason,1
directory,1
send,1
understand,1
brunswick,1
changes,1
poen,1
wanted,1
tensions,1
counterparts,1
underdeveloped,1
medicare,1
image,1
premises,1
fabian,1
foul,1
evolved,1
entrenched,1
branch,1
clearly,1
vindicated,1
intrinsically,1
driven,1
consciousness,1
moderately,1
disaffected,1
spirit,1
attain,1
dominate,1
fsa,1
mary,1
contemporaries,1
weak,1
vitality,1
too,1
indefinitely,1
situations,1
age,1
tilton,1
objection,1
superior,1
commented,1
tried,1
textile,1
awareness,1
encouragement,1
beyond,1
requested,1
defeat,1
linkage,1
followed,1
comparisons,1
instance,1
foregoing,1
rendered,1
firmly,1
shifted,1
senators,1
tugwell,1
roving,1
mo,1
flow,1
providers,1
symbolized,1
detroit,1
facilities,1
caucus,1
view,1
trying,1
chester,1
bureaucracy,1
whereas,1
greater,1
plank,1
result,1
came,1
herald,1
editor,1
rivals,1
practitioner,1
aftermath,1
hirshfield,1
concentration,1
arrival,1
opposing,1
rule,1
extraordinary,1
ambition,1
search,1
color,1
planned,1
access,1
ambitions,1
orloff,1
effort,1
embracing,1
demands,1
rexford,1
pass,1
padover,1
nathalie,1
unsubstantiated,1
captured,1
arsenal,1
gosta,1
employee,1
efforts,1
experts,1
compromised,1
altmeyer,1
embedded,1
ussr,1
reasons,1
lose,1
though,1
institute,1
adopt,1
toured,1
ethel,1
recently,1
produced,1
tatters,1
promise,1
guarantee,1
guidance,1
directions,1
networks,1
enough,1
uncompromisingly,1
professionals,1
claimants,1
leaflets,1
eliminate,1
affair,1
technical,1
eyewitness,1
aspects,1
failure,1
taxes,1
gained,1
none,1
gainful,1
participation,1
basis,1
line,1
nomination,1
egalitarian,1
mn,1
douglas,1
scope,1
implement,1
received,1
tour,1
mobilization,1
fraser,1
start,1
translate,1
overturn,1
r,1
striking,1
prominent,1
eh,1
brought,1
ot,1
hypocritical,1
unfinished,1
transcended,1
related,1
actors,1
marketplace,1
elizabeth,1
criticized,1
highlight,1
surprise,1
securing,1
counterbalance,1
plenipotentiary,1
overview,1
discussions,1
postulated,1
gi,1
partly,1
collective,1
beginnings,1
expansionist,1
fruitful,1
butter,1
earn,1
statistics,1
boom,1
versus,1
motors,1
et,1
documented,1
repackaging,1
theologian,1
focuses,1
cry,1
warped,1
compact,1
achieving,1
showing,1
project,1
status,1
strengthened,1
automaticity,1
attributed,1
redistribution,1
sic,1
profederal,1
prices,1
luncheon,1
lichtenstein,1
change,1
widen,1
published,1
sense,1
xxvi,1
hard,1
regardless,1
administrator,1
shaping,1
brave,1
stage,1
militant,1
discourse,1
sponsors,1
sixty,1
sharp,1
settlement,1
acted,1
night,1
involved,1
long,1
several,1
delton,1
devotees,1
driving,1
burdensome,1
unless,1
mantle,1
observe,1
manchester,1
australian,1
startling,1
boundaries,1
differing,1
tended,1
gorey,1
budgets,1
parliament,1
dependent,1
pa,1
vent,1
organs,1
breed,1
appropriate,1
stateprovided,1
newly,1
heyday,1
auto,1
favoured,1
activities,1
knowledge,1
avoid,1
champion,1
local,1
sidney,1
happen,1
bedrock,1
san,1
transform,1
matter,1
journaux,1
territorial,1
practices,1
functioning,1
bringing,1
steadily,1
letters,1
tapan,1
identified,1
transnational,1
criticize,1
toward,1
expansion,1
techniques,1
play,1
revolt,1
classic,1
brief,1
offices,1
commit,1
ten,1
fractured,1
oscar,1
constraints,1
community,1
added,1
above,1
harry,1
tor,1
thinkers,1
intervention,1
currency,1
domination,1
sending,1
unprecedented,1
initially,1
cracks,1
similarly,1
perennial,1
abrupt,1
positive,1
bread,1
single,1
illuminating,1
percentage,1
confronting,1
guide,1
once,1
coherence,1
uppsala,1
oxford,1
selling,1
bulletins,1
housing,1
emergencies,1
monte,1
refusing,1
push,1
arrangements,1
tremendous,1
represents,1
alongside,1
soon,1
evil,1
message,1
wearing,1
reshaping,1
inspiration,1
combat,1
j,1
neither,1
thesis,1
revitalization,1
management,1
enshrined,1
earned,1
acting,1
railroad,1
une,1
informal,1
continents,1
culture,1
choices,1
baltimore,1
floor,1
demonstrates,1
wright,1
al,1
inalienable,1
reprint,1
costs,1
organize,1
contempt,1
strip,1
steve,1
hunger,1
reports,1
transatlantic,1
payments,1
testimony,1
bolton,1
unlimited,1
tractable,1
law,1
book,1
attacks,1
assert,1
stronger,1
mark,1
antipodes,1
garrison,1
again,1
spend,1
available,1
rejects,1
procured,1
endorse,1
smith,1
herbert,1
kilgore,1
shows,1
longer,1
lack,1
unionism,1
hesitantly,1
scholars,1
regret,1
revenue,1
proposal,1
distance,1
choice,1
superiors,1
manifested,1
ottawa,1
practical,1
pamphlet,1
banks,1
hear,1
forge,1
personal,1
candidate,1
justification,1
aug,1
everything,1
arthur,1
contemporary,1
formulating,1
appropriately,1
mold,1
condensed,1
pennsylvania,1
pattern,1
discussed,1
serious,1
audiences,1
planners,1
enact,1
took,1
fits,1
hand,1
centre,1
operating,1
where,1
road,1
essentially,1
continuing,1
reassertion,1
empire,1
advisers,1
shown,1
strategies,1
coincided,1
council,1
arduous,1
keynesian,1
attitude,1
appropriating,1
inevitably,1
intensify,1
invitation,1
quickened,1
assault,1
sell,1
fundamentals,1
parting,1
number,1
explicitly,1
encountered,1
chair,1
inject,1
obsession,1
realize,1
reactionaries,1
abundance,1
degree,1
remained,1
nelson,1
responded,1
hesitate,1
thousands,1
bowles,1
week,1
credit,1
difference,1
menacing,1
greatest,1
investment,1
quiescent,1
session,1
heralded,1
success,1
prevention,1
outwards,1
sides,1
servant,1
attainment,1
desperate,1
enormous,1
dollar,1
contacts,1
top,1
findings,1
lately,1
expression,1
confidence,1
oppose,1
francis,1
thé,1
factor,1
assume,1
rescue,1
virtually,1
net,1
insure,1
bitter,1
evolution,1
rhetorically,1
real,1
engaged,1
individuals,1
examination,1
baffling,1
redistributive,1
dealer,1
unsuited,1
theories,1
initiatives,1
tradition,1
rejected,1
trade,1
significance,1
engender,1
margaret,1
loosely,1
alienating,1
authors,1
scandinavia,1
isidore,1
profession,1
aaron,1
weir,1
definitely,1
safety,1
peter,1
maintenance,1
logic,1
commonest,1
tool,1
interpret,1
advocating,1
counter,1
allowed,1
tim,1
inventing,1
remark,1
appointment,1
mount,1
played,1
mines,1
fred,1
martin,1
thomas,1
latter,1
imagination,1
spent,1
quick,1
class,1
promotion,1
decide,1
strongly,1
shackles,1
especially,1
sentiment,1
promote,1
incapable,1
employees,1
become,1
strides,1
ann,1
reestablishing,1
banking,1
anderson,1
organizers,1
excluded,1
enjoyed,1
enemies,1
mr,1
seeking,1
gampell,1
internationalism,1
harley,1
hunter,1
travelers,1
equivalent,1
parameters,1
save,1
apologist,1
reforms,1
engagement,1
quarterly,1
professional,1
meagre,1
rehabilitated,1
awrf,1
universality,1
boyle,1
attention,1
anglophone,1
widely,1
paranoid,1
attended,1
concerted,1
kandel,1
genesis,1
dudziak,1
boards,1
worldview,1
hamby,1
depth,1
conjuring,1
lifetime,1
assigned,1
relationship,1
flesh,1
untenable,1
aid,1
me,1
declaration,1
dominates,1
bureau,1
independent,1
movements,1
bulk,1
irreconcilable,1
amherst,1
impressive,1
fear,1
stocks,1
vague,1
citizens,1
widespread,1
binary,1
independence,1
remarked,1
army,1
legislation,1
concluding,1
mirroring,1
detailed,1
imperialism,1
began,1
economists,1
hopeful,1
determination,1
transformation,1
sheer,1
emissary,1
legacy,1
indicate,1
insecurity,1
institutionally,1
often,1
efficiency,1
fall,1
bureaus,1
michael,1
dead,1
sympathy,1
get,1
examine,1
worlds,1
pressures,1
forest,1
meant,1
considered,1
increased,1
uncritical,1
ofthat,1
cannon,1
presidency,1
victoria,1
eventually,1
mirage,1
overriding,1
version,1
changing,1
incorporated,1
throw,1
biography,1
regulated,1
ever,1
damaging,1
turn,1
democracies,1
extension,1
pace,1
accruing,1
known,1
frightening,1
rival,1
membership,1
md,1
doi,1
funding,1
symbol,1
meat,1
leitmotif,1
sustained,1
alternative,1
clement,1
quickly,1
ran,1
branches,1
overestimate,1
katznelson,1
mutually,1
glowing,1
dominated,1
intellectual,1
extant,1
forrest,1
finance,1
guaranteed,1
dismantled,1
socialists,1
aims,1
seem,1
hays,1
universalist,1
alexander,1
down,1
style,1
hellish,1
variegated,1
expense,1
wall,1
current,1
report,1
inquiry,1
counting,1
then,1
dramatic,1
vibrant,1
brazil,1
helplul,1
eugenie,1
asserting,1
stridently,1
appreciative,1
audience,1
reflected,1
jennifer,1
narrowed,1
cities,1
going,1
distinctive,1
hostilities,1
living,1
type,1
february,1
inspires,1
davidson,1
better,1
pushing,1
places,1
turned,1
subordinate,1
ideologies,1
unionists,1
defend,1
according,1
witch,1
cartoon,1
numbers,1
nye,1
chicago,1
recession,1
answered,1
notable,1
conservatism,1
month,1
implicit,1
kevin,1
reconcile,1
underpinnings,1
imposed,1
attitudes,1
map,1
axis,1
theory,1
correspondent,1
credo,1
reinvigorated,1
foundations,1
prestige,1
constitutionally,1
healthy,1
secure,1
produce,1
balance,1
intends,1
virginia,1
rally,1
w,1
strain,1
noticeably,1
socioeconomic,1
boston,1
little,1
apparatus,1
maladministration,1
boldly,1
nationalizing,1
son,1
careful,1
altered,1
watched,1
met,1
weliare,1
ohio,1
drowning,1
confirm,1
press,1
became,1
regulate,1
easy,1
convinced,1
african,1
ac,1
returning,1
assumptions,1
controls,1
shrug,1
territory,1
southerners,1
programs,1
harlem,1
demanding,1
lesson,1
superpower,1
challenges,1
representation,1
gain,1
impracticalities,1
frances,1
white,1
superseded,1
indiana,1
ends,1
ultimately,1
until,1
wilbur,1
spirited,1
argument,1
touch,1
authorized,1
austerity,1
powers,1
average,1
undue,1
copies,1
quest,1
illinois,1
argentina,1
twentieth,1
unpalatable,1
defence,1
internally,1
frame,1
grant,1
cemented,1
antidemocratic,1
newsletter,1
crisis,1
worded,1
integrated,1
land,1
consolidated,1
proceeding,1
d,1
consumption,1
cadre,1
willing,1
blueprint,1
integration,1
france,1
defined,1
off,1
organ,1
area,1
panek,1
implacable,1
recalled,1
peacetime,1
requesting,1
maintaining,1
searching,1
potential,1
news,1
formulators,1
workings,1
certainty,1
recounted,1
furthermore,1
hammersmith,1
ikenberry,1
elites,1
enterprise,1
sharing,1
exclusively,1
abroad,1
ownership,1
severely,1
eloquently,1
reconciling,1
impress,1
seek,1
comparable,1
ideologically,1
here,1
observed,1
fiscal,1
doing,1
ca,1
pillars,1
glorified,1
retention,1
