WORDCOUNTS,WEIGHT
the,834
of,483
in,311
and,303
to,208
a,170
dublin,122
s,112
irish,103
was,95
as,88
city,83
for,80
by,76
p,64
ireland,64
on,64
this,56
were,55
georgian,53
with,51
which,50
society,47
had,40
square,38
an,38
urban,37
it,35
his,35
maceoin,35
not,35
inner,32
he,31
but,31
from,31
that,30
their,30
these,30
also,30
mountjoy,29
houses,28
history,26
london,26
been,25
north,25
housing,23
area,23
its,22
pp,22
property,22
be,22
into,21
planning,21
national,21
col,21
house,20
more,20
modern,19
however,19
indeed,19
street,19
office,19
at,18
corporation,18
new,18
government,18
who,18
capital,18
dennehy,18
they,17
one,17
no,17
is,17
modernity,16
gardiner,16
cultural,16
buildings,16
culture,16
only,16
local,16
development,15
preservation,15
state,15
preservationism,15
have,15
o,14
during,14
many,14
destruction,14
while,14
through,14
first,13
political,13
thus,13
town,13
people,13
when,13
plan,13
i,13
modernization,13
within,13
both,13
years,13
dhac,12
politics,12
sixties,12
described,12
times,12
environment,12
press,12
built,12
estate,11
could,11
british,11
part,11
change,11
up,11
two,11
social,11
became,11
groups,10
policy,10
sean,10
hanna,10
due,10
century,10
than,10
m,10
clarke,10
place,10
erika,10
economic,10
eds,10
between,10
restoration,9
lemass,9
changes,9
out,9
late,9
nation,9
architecture,9
or,9
outside,9
time,9
streets,9
architectural,9
would,9
period,9
molloy,9
independence,9
construction,9
living,9
uinseann,9
campaign,9
c,9
traditional,9
building,9
group,8
all,8
harold,8
regarding,8
r,8
used,8
protest,8
june,8
henrietta,8
oxford,8
preservationist,8
j,8
efforts,8
preserve,8
private,8
three,8
so,8
life,8
report,8
past,8
feb,8
tenements,8
tradition,7
has,7
some,7
such,7
since,7
against,7
even,7
b,7
came,7
work,7
future,7
example,7
guinness,7
fundamental,7
took,7
see,7
interview,7
made,7
after,7
article,7
set,7
very,7
build,7
them,7
d,7
much,7
way,6
if,6
nature,6
leading,6
preservationists,6
interest,6
boom,6
demolition,6
most,6
suburbs,6
block,6
residents,6
involved,6
f,6
republican,6
second,6
gentrification,6
use,6
figure,6
foreign,6
alternative,6
different,6
shortages,6
act,6
families,6
world,6
although,6
gallagher,5
committee,5
member,5
t,5
mumford,5
scheme,5
there,5
design,5
possible,5
west,5
along,5
conflict,5
central,5
throughout,5
boland,5
journal,5
traffic,5
landscape,5
republic,5
space,5
articulated,5
protestant,5
population,5
shaping,5
revolution,5
using,5
estates,5
may,5
about,5
plasterwork,5
iaa,5
party,5
members,5
heritage,5
daly,5
release,5
john,5
end,5
centre,5
road,5
ruadhan,5
campaigns,5
eighteenth,5
ideas,5
individuals,5
language,5
minister,5
like,5
renewal,5
can,5
january,5
european,5
patriotic,5
support,5
seen,5
dead,5
focused,5
longstanding,5
terms,5
bought,5
plans,5
our,5
cambridge,5
dangerous,5
you,5
dissent,5
removed,5
including,5
connor,5
now,4
complex,4
h,4
studies,4
long,4
interests,4
rapid,4
sinn,4
great,4
side,4
accommodation,4
g,4
media,4
architect,4
left,4
tenants,4
preserving,4
aim,4
dail,4
moreover,4
impact,4
based,4
found,4
war,4
saving,4
issues,4
middle,4
around,4
attention,4
highly,4
decline,4
wife,4
actions,4
landlords,4
south,4
will,4
battle,4
offices,4
still,4
positive,4
once,4
alongside,4
home,4
developer,4
ed,4
george,4
never,4
present,4
material,4
explicitly,4
upon,4
values,4
previously,4
elite,4
sidelined,4
homes,4
we,4
fein,4
vision,4
dec,4
united,4
any,4
wider,4
over,4
country,4
are,4
did,4
best,4
mariga,4
just,4
turned,4
hall,4
unique,4
form,4
particular,4
era,4
almost,4
despite,4
role,4
prosperity,4
voluntary,4
moved,4
little,4
ira,3
done,3
later,3
widening,3
college,3
introduction,3
becoming,3
large,3
led,3
townhouse,3
streetscapes,3
ideals,3
western,3
keogh,3
experience,3
being,3
expectation,3
articulate,3
historiography,3
wave,3
narrative,3
nationalism,3
embrace,3
miles,3
raised,3
principal,3
inquiry,3
evacuated,3
himself,3
letter,3
collapse,3
stasis,3
campbell,3
narratives,3
old,3
speculative,3
desmond,3
back,3
young,3
apr,3
characterized,3
explore,3
traditions,3
general,3
york,3
rw,3
rather,3
notices,3
conceptions,3
parts,3
nos,3
university,3
days,3
frequently,3
n,3
contractor,3
imprisonment,3
conflicts,3
cork,3
friends,3
response,3
result,3
rule,3
effort,3
lived,3
patrick,3
demands,3
embedded,3
understood,3
stock,3
purchased,3
public,3
james,3
macswiney,3
county,3
competing,3
civil,3
pasts,3
description,3
whole,3
fail,3
matt,3
gracious,3
kincaid,3
contradictions,3
approach,3
tone,3
creating,3
callaghan,3
next,3
discourse,3
owned,3
arbitrary,3
bridge,3
civic,3
republicanism,3
condemned,3
bulletin,3
small,3
strike,3
action,3
wrote,3
minority,3
museum,3
movement,3
hold,3
interpretation,3
makes,3
read,3
under,3
included,3
appeals,3
hunger,3
cum,3
lee,3
towards,3
jan,3
fact,3
areas,3
husband,3
murphy,3
gaelic,3
regulation,3
forces,3
mccrea,3
aug,3
considerable,3
rhetoric,3
where,3
native,3
mort,3
day,3
remained,3
classes,3
understanding,3
restrictions,3
hundred,3
complexities,3
identity,3
significant,3
resulting,3
services,3
mahony,3
workers,3
played,3
filled,3
ann,3
patterson,3
attracted,3
sanitary,3
quarterly,3
brown,3
examines,3
carried,3
fifty,3
relationship,3
independent,3
five,3
ideology,3
foster,3
lost,3
began,3
contribution,3
conservation,3
meant,3
then,3
delanty,3
each,3
governance,3
finance,3
worth,3
disillusionment,3
down,3
wolfe,3
particularly,3
contradictory,3
cities,3
historical,3
discontent,3
what,3
character,3
slums,3
macneice,3
spaces,3
bodies,3
nai,3
buy,3
twin,3
tall,3
nov,3
ultimately,3
until,3
underwood,3
cleary,3
physical,3
rent,3
glass,3
girvin,3
effects,3
restored,3
views,3
ownership,3
famous,3
doing,3
close,3
retention,3
speculator,2
corruption,2
created,2
affected,2
homeless,2
georgians,2
slum,2
swiftly,2
church,2
american,2
lexicon,2
provisions,2
live,2
ways,2
tenement,2
conscious,2
former,2
decade,2
abrams,2
position,2
irishman,2
locale,2
unlike,2
inequality,2
contested,2
properties,2
themes,2
travers,2
erikahanna,2
aside,2
gap,2
hanley,2
whom,2
certainly,2
protests,2
blaney,2
taken,2
motivations,2
attempt,2
worked,2
official,2
company,2
available,2
broken,2
display,2
differences,2
bodkin,2
take,2
real,2
nevertheless,2
reinterpret,2
last,2
elision,2
mr,2
those,2
ruined,2
reading,2
purchasers,2
sq,2
anniversary,2
historians,2
custom,2
stepped,2
restoring,2
replacement,2
opened,2
authentic,2
pleasant,2
shared,2
plaque,2
move,2
magazine,2
terence,2
occurring,2
combination,2
point,2
far,2
evictions,2
interior,2
de,2
moment,2
afford,2
esher,2
emigration,2
airport,2
causing,2
wholly,2
drawn,2
terrace,2
staircase,2
loans,2
site,2
steps,2
poor,2
simultaneously,2
whose,2
links,2
bring,2
l,2
destroy,2
arising,2
developed,2
activists,2
how,2
organizing,2
process,2
represented,2
developments,2
developers,2
similar,2
fianna,2
millar,2
study,2
reforms,2
awareness,2
neighbourhoods,2
acquisition,2
organization,2
retained,2
numbers,2
age,2
show,2
montgomery,2
challenged,2
followed,2
your,2
ceremony,2
founding,2
important,2
suggested,2
irishness,2
drawing,2
greater,2
my,2
valera,2
arrival,2
route,2
appearance,2
speculators,2
international,2
radical,2
distributor,2
interpretations,2
inversion,2
further,2
companion,2
effect,2
produce,2
required,2
enough,2
opposition,2
graciously,2
died,2
because,2
aspects,2
well,2
line,2
revealed,2
gibbons,2
factors,2
hertford,2
loss,2
consistently,2
records,2
eighteenthcentury,2
uncharted,2
doors,2
rise,2
ley,2
visions,2
own,2
subtle,2
sense,2
describing,2
responsibility,2
owner,2
suggest,2
catholic,2
order,2
family,2
notorious,2
research,2
bew,2
petition,2
tended,2
core,2
visible,2
progress,2
notes,2
am,2
cityscape,2
teleology,2
domesticity,2
business,2
communist,2
lit,2
variety,2
absence,2
entitled,2
bringing,2
revival,2
resisted,2
analogue,2
limited,2
schemes,2
appreciate,2
islands,2
july,2
reconstruction,2
make,2
bill,2
comments,2
roads,2
direction,2
remain,2
frank,2
demolished,2
morgan,2
us,2
perceived,2
orders,2
complete,2
hibernia,2
k,2
memories,2
wright,2
reports,2
inj,2
regional,2
longer,2
investors,2
provide,2
challenge,2
stated,2
zukin,2
europe,2
similarly,2
put,2
usually,2
financial,2
headquarters,2
artists,2
aldershot,2
across,2
uneasy,2
rebuilding,2
children,2
debates,2
fashion,2
man,2
success,2
planners,2
behind,2
model,2
ch,2
ivor,2
lines,2
doorways,2
norms,2
uneasily,2
perhaps,2
shifts,2
deficit,2
violent,2
original,2
ignored,2
father,2
invested,2
sides,2
louis,2
questions,2
evolution,2
actual,2
redevelopment,2
fulfil,2
archive,2
repopulating,2
collapses,2
finally,2
rejected,2
open,2
meanings,2
clear,2
historic,2
demolitions,2
co,2
held,2
allowed,2
mount,2
imagination,2
eireann,2
tactics,2
britain,2
sentiments,2
excluded,2
structure,2
gunn,2
story,2
dominance,2
farmstead,2
looked,2
figures,2
occupied,2
often,2
widely,2
aspirations,2
twelve,2
raise,2
garvin,2
impressive,2
army,2
chimney,2
length,2
face,2
arts,2
problematic,2
legacies,2
founders,2
publicly,2
heavy,2
mcdonald,2
locality,2
deferred,2
symbolic,2
known,2
constructed,2
vacant,2
mourn,2
few,2
drew,2
dillon,2
extant,2
malone,2
unknown,2
half,2
domestic,2
post,2
privileged,2
jennifer,2
identities,2
abercrombie,2
february,2
destroyed,2
editorials,2
list,2
making,2
rising,2
map,2
mere,2
problem,2
create,2
secure,2
ideal,2
popular,2
preserved,2
multiple,2
four,2
mayor,2
went,2
protestants,2
colonial,2
solely,2
twentieth,2
squatted,2
sat,2
land,2
need,2
buchanan,2
saturday,2
remains,2
association,2
charles,2
news,2
assumed,2
themselves,2
reached,2
debate,2
nathaniel,2
arose,2
connolly,2
resist,2
broader,2
landlord,2
tangible,1
final,1
countryside,1
carved,1
democracy,1
ending,1
archives,1
overlaid,1
panicked,1
gerald,1
paralleled,1
deny,1
oxi,1
destroying,1
fertile,1
concerned,1
generated,1
cent,1
names,1
pull,1
stood,1
immune,1
commitment,1
ready,1
adamantly,1
truth,1
represent,1
essentialized,1
monotheism,1
interventions,1
conducted,1
revolutionary,1
resisting,1
e,1
curved,1
ultimate,1
sphere,1
per,1
articulating,1
told,1
inception,1
approved,1
illegal,1
reassessment,1
picked,1
conducting,1
word,1
renamed,1
basements,1
library,1
uniquely,1
saxon,1
english,1
applicants,1
sudden,1
expenditure,1
curragh,1
park,1
skyline,1
ramifications,1
trilogy,1
follower,1
pediments,1
recreation,1
ian,1
francis,1
before,1
detailing,1
moving,1
nineteenth,1
connotations,1
annals,1
gardai,1
pioneers,1
root,1
teller,1
negative,1
cutting,1
stilted,1
predominantly,1
joe,1
file,1
said,1
common,1
fabric,1
cast,1
sit,1
passion,1
permit,1
davis,1
constituting,1
parliamentary,1
units,1
donau,1
acquired,1
copyight,1
entailed,1
fundraising,1
ii,1
implications,1
attempts,1
secretary,1
terrain,1
beautiful,1
emerged,1
stretch,1
england,1
prestigious,1
supplied,1
divinity,1
shaped,1
principles,1
explores,1
broadly,1
daily,1
permissions,1
tours,1
rebuilt,1
undertake,1
simple,1
hooded,1
thank,1
sprawling,1
rich,1
alderman,1
assembled,1
achievement,1
shot,1
inherent,1
able,1
disappearance,1
link,1
thanks,1
closer,1
dizzying,1
court,1
room,1
begun,1
antipathy,1
gentrifier,1
wealthy,1
marches,1
damage,1
persistence,1
faithful,1
written,1
emphasized,1
greatly,1
pentland,1
duality,1
platforms,1
committed,1
numbering,1
guards,1
recreate,1
extreme,1
rethinking,1
papers,1
seminar,1
cherry,1
technocratic,1
posts,1
concealed,1
partners,1
insanitary,1
preventing,1
forum,1
elided,1
plain,1
roy,1
recorded,1
courtesy,1
spatialized,1
nearly,1
advice,1
bones,1
mass,1
iv,1
esb,1
cleared,1
advisory,1
killed,1
auction,1
worthy,1
mcrea,1
charlemont,1
kildare,1
mythology,1
account,1
prior,1
fitting,1
determined,1
seventy,1
cater,1
powers,1
richard,1
structurally,1
fine,1
taking,1
say,1
resources,1
politician,1
quantity,1
scandal,1
above,1
mccullough,1
message,1
picket,1
marginalized,1
helping,1
furnishings,1
collection,1
aloof,1
eamon,1
redeveloped,1
exposed,1
optimism,1
nostalgic,1
repeatedly,1
natives,1
dispatched,1
andrew,1
terra,1
plaques,1
halted,1
historically,1
targeting,1
severe,1
immediate,1
quality,1
professor,1
arrested,1
visited,1
september,1
immaculate,1
yeatsian,1
intact,1
collapsed,1
ray,1
reproduced,1
mixed,1
decided,1
occupancy,1
furnishing,1
nimcompoops,1
ethos,1
highlighting,1
application,1
leftwing,1
restore,1
term,1
mild,1
accelerating,1
yourself,1
forced,1
hat,1
taste,1
attracting,1
guided,1
feathers,1
cases,1
horgan,1
nor,1
urbanization,1
demons,1
places,1
bay,1
keep,1
perspective,1
permitted,1
fees,1
concerning,1
memorandum,1
disproportionately,1
body,1
highest,1
speed,1
compulsory,1
http,1
revanchist,1
served,1
fate,1
poem,1
dates,1
maclaughlin,1
amalgam,1
witnessed,1
incarceration,1
despair,1
find,1
profit,1
helpful,1
upturn,1
weight,1
kelly,1
rotunda,1
spectre,1
pragmatically,1
crumbling,1
fenian,1
look,1
constructs,1
critique,1
exempted,1
border,1
citizen,1
innisfree,1
william,1
loath,1
upkeep,1
savage,1
stymied,1
incarnation,1
acknowledge,1
poverty,1
battles,1
critics,1
banham,1
divergence,1
rights,1
shortand,1
fort,1
profoundly,1
colin,1
alleged,1
hesitant,1
floor,1
easons,1
operations,1
ox,1
camp,1
thaidgh,1
aimed,1
managing,1
main,1
bypassing,1
superficial,1
ruptured,1
generations,1
sum,1
debated,1
grateful,1
edward,1
significances,1
basic,1
influential,1
nullis,1
fantasies,1
explicit,1
johnston,1
cohort,1
luck,1
hitting,1
knew,1
georges,1
environments,1
killing,1
get,1
visceral,1
deprived,1
instanced,1
storms,1
earlier,1
legal,1
eight,1
chambers,1
certain,1
leave,1
derived,1
riven,1
direct,1
ongoing,1
dialogue,1
commend,1
emergency,1
danger,1
crusade,1
offering,1
white,1
lay,1
productive,1
republicans,1
moves,1
addressing,1
serfs,1
wash,1
modified,1
alright,1
eighteen,1
mrs,1
travelogue,1
solutions,1
cellar,1
conformed,1
malachy,1
partnership,1
bad,1
theorists,1
wanted,1
tensions,1
counterparts,1
quinlan,1
blame,1
signed,1
improvement,1
river,1
eventually,1
sweetman,1
image,1
imposed,1
clearly,1
photographs,1
section,1
director,1
proposed,1
weather,1
spirit,1
air,1
receiving,1
placed,1
honourable,1
remaking,1
plaster,1
argued,1
too,1
threat,1
benefited,1
socialists,1
communities,1
unlettered,1
flats,1
initiative,1
hoped,1
operate,1
experienced,1
ally,1
exploited,1
additional,1
powerful,1
flights,1
follow,1
boring,1
definite,1
cost,1
buffalo,1
problems,1
eec,1
instance,1
amount,1
victorian,1
willing,1
destructive,1
bombs,1
helped,1
provisional,1
decades,1
widow,1
stands,1
redevelop,1
oppositional,1
clements,1
diefendorf,1
authority,1
opening,1
delightedly,1
uses,1
tariffs,1
profiting,1
closely,1
remembered,1
lead,1
unmanageably,1
professionals,1
ailor,1
blamed,1
declined,1
heritages,1
fortunes,1
histories,1
macdermott,1
here,1
newel,1
smell,1
ambition,1
access,1
ambitions,1
attack,1
relating,1
inspectors,1
seven,1
deal,1
relation,1
pass,1
requirements,1
mclellan,1
parisian,1
successors,1
luxury,1
initial,1
featured,1
base,1
experts,1
compromised,1
respects,1
big,1
acquiring,1
equally,1
furthermore,1
supporters,1
informed,1
lepers,1
equal,1
bryson,1
let,1
posited,1
dismissal,1
resurrected,1
moore,1
symbols,1
companies,1
reinforce,1
cannot,1
ordnance,1
russell,1
record,1
outlined,1
wellspring,1
counties,1
wide,1
gained,1
package,1
voice,1
scene,1
marie,1
briefly,1
expensive,1
failure,1
sites,1
chaotic,1
tobin,1
unequal,1
network,1
oireachtas,1
twentytwo,1
closed,1
literature,1
formerly,1
fissures,1
paradigmatic,1
hung,1
nucleus,1
received,1
already,1
instituted,1
writers,1
igjg,1
heart,1
imagined,1
ranger,1
rat,1
mohair,1
rabid,1
discusses,1
echelons,1
partitioned,1
reduction,1
related,1
tenure,1
feared,1
caught,1
neutrality,1
got,1
northern,1
year,1
realm,1
describe,1
island,1
panelling,1
obscured,1
policies,1
architects,1
lower,1
actually,1
repairs,1
speaking,1
phalanx,1
call,1
contentious,1
jbiv,1
elegant,1
newspaper,1
overseas,1
intersections,1
project,1
week,1
challenging,1
trends,1
markedly,1
hidden,1
either,1
rewritten,1
prices,1
lifted,1
multiplicity,1
published,1
running,1
legacy,1
construct,1
treads,1
renounced,1
commerce,1
painting,1
fiftieth,1
idiom,1
adherents,1
innercity,1
stage,1
socialist,1
box,1
politically,1
television,1
fizzled,1
destiny,1
sixty,1
fallow,1
desires,1
hence,1
settlement,1
persuade,1
augustan,1
veteran,1
renouncing,1
castle,1
several,1
oct,1
soil,1
workshops,1
eleven,1
altered,1
concerns,1
selfconscious,1
dermot,1
revealing,1
industry,1
brought,1
peak,1
met,1
suddenly,1
differing,1
spatialize,1
parliament,1
managed,1
muriel,1
st,1
majority,1
barnsbury,1
karlheinz,1
relic,1
nassau,1
provided,1
value,1
newly,1
jarring,1
derisive,1
mountjqy,1
discontents,1
hangover,1
seemed,1
suit,1
attacks,1
appeal,1
modernisation,1
transforming,1
defended,1
therefore,1
mews,1
furnished,1
blight,1
situation,1
io,1
forever,1
gandon,1
minor,1
meade,1
various,1
rested,1
populations,1
indicative,1
dane,1
located,1
downmarket,1
return,1
released,1
classic,1
brief,1
harris,1
framing,1
ghosts,1
innocence,1
exception,1
constraints,1
suburban,1
object,1
positioned,1
converted,1
community,1
formative,1
commenced,1
rigid,1
unliveable,1
translates,1
railed,1
unprecedented,1
backdrop,1
conekin,1
modes,1
eighty,1
seemingly,1
reception,1
spectacular,1
consulted,1
hamnet,1
convictions,1
taoiseach,1
decorative,1
rogerson,1
mao,1
reference,1
hugh,1
permission,1
examined,1
opportunities,1
security,1
planner,1
older,1
neil,1
opulent,1
ring,1
east,1
clientelism,1
paradoxes,1
populated,1
recruited,1
smith,1
ancient,1
nineteensixties,1
enshrined,1
forays,1
enigmatic,1
infrastructure,1
light,1
propounded,1
lord,1
accelerated,1
uncovers,1
largest,1
costs,1
joyce,1
alien,1
department,1
phoenix,1
toronto,1
volunteers,1
moments,1
friend,1
lichfield,1
inheritance,1
brochure,1
meets,1
sketch,1
double,1
underway,1
enclaves,1
routes,1
undisturbed,1
organizations,1
bolton,1
leader,1
lewis,1
name,1
commodification,1
decoration,1
power,1
frederick,1
refurbishment,1
rationalism,1
fell,1
garrison,1
again,1
others,1
stating,1
death,1
earmarked,1
pointed,1
lifeless,1
campaigning,1
chairman,1
towns,1
projects,1
otherworldliness,1
demographic,1
saoranach,1
parnell,1
lack,1
divorce,1
consideration,1
head,1
collar,1
blocks,1
pressure,1
documents,1
abstract,1
choice,1
together,1
break,1
connell,1
diverse,1
hardwick,1
overwhelmingly,1
accession,1
doubt,1
venture,1
clearing,1
discussed,1
removal,1
inglis,1
deposed,1
patterns,1
greeted,1
sweat,1
do,1
v,1
geography,1
chain,1
exposer,1
cuchulain,1
manner,1
informing,1
en,1
secular,1
devoted,1
na,1
existing,1
orthodoxy,1
interviewees,1
celebrated,1
marched,1
michael,1
heavily,1
council,1
spoke,1
appropriating,1
inevitably,1
controversially,1
reconstructing,1
metropolitan,1
books,1
mcdonnell,1
ignoring,1
fanning,1
gives,1
coined,1
number,1
enmity,1
convenient,1
elevation,1
commemorate,1
ibid,1
remove,1
organize,1
argues,1
circumferential,1
sir,1
discourses,1
simon,1
latterly,1
emanating,1
pastiche,1
exhibit,1
investment,1
vast,1
discussion,1
crank,1
robertson,1
considering,1
background,1
celebrations,1
craig,1
discovery,1
completed,1
active,1
slaves,1
evacuation,1
catholicism,1
region,1
contemplate,1
houlbrook,1
delicate,1
enormous,1
increase,1
canals,1
looking,1
minds,1
singlefamily,1
facades,1
entirely,1
sold,1
largely,1
overtones,1
permanent,1
josie,1
equity,1
resonances,1
vocabulary,1
shea,1
survey,1
submitted,1
exhibited,1
trend,1
engaged,1
examination,1
diagnosed,1
trust,1
full,1
exchequer,1
motorway,1
shortly,1
banners,1
students,1
pattern,1
mcmanus,1
taca,1
significance,1
landscapes,1
reality,1
frustrated,1
welcomed,1
comprehensive,1
express,1
perpendicular,1
soldiers,1
america,1
peter,1
editorship,1
totemic,1
bookshops,1
function,1
summer,1
high,1
collected,1
easter,1
kept,1
proximity,1
spirits,1
losing,1
sunning,1
provides,1
thomas,1
presaged,1
latter,1
jesuit,1
class,1
rejuvenation,1
faith,1
random,1
labour,1
commentators,1
trying,1
detained,1
settler,1
briton,1
ensued,1
frontages,1
become,1
parochial,1
narrow,1
geographers,1
statesman,1
assessing,1
niall,1
acquire,1
phibsboro,1
availability,1
priests,1
enthusiasts,1
claiming,1
sept,1
copyright,1
morris,1
vacate,1
looming,1
forefront,1
amateur,1
relative,1
positioning,1
embodied,1
disrepair,1
brewing,1
antoinette,1
decision,1
schaechterle,1
schaecterle,1
specifications,1
interned,1
things,1
naked,1
mansion,1
provoking,1
hiding,1
mccarron,1
suggestion,1
discussing,1
applications,1
wasteland,1
shattered,1
igjos,1
sensitively,1
note,1
succinctly,1
window,1
lot,1
continued,1
tomorrow,1
inhabitants,1
recall,1
sometimes,1
crucial,1
guests,1
curiosities,1
sardonically,1
bowen,1
dreamed,1
suggestive,1
pieces,1
inside,1
alternate,1
reminders,1
deaths,1
fuse,1
widespread,1
resumed,1
institutions,1
lobbying,1
slow,1
clann,1
ausr,1
transformed,1
force,1
returned,1
importantly,1
adherence,1
transformation,1
legitimacy,1
anxious,1
similarities,1
html,1
linking,1
articles,1
why,1
unsupported,1
successor,1
methods,1
extra,1
christie,1
analysis,1
fall,1
surprising,1
frontier,1
staged,1
ing,1
subdivided,1
enforced,1
months,1
reconquest,1
irishwoman,1
worlds,1
subtext,1
pressures,1
ie,1
considered,1
door,1
mouthpiece,1
detail,1
claims,1
school,1
strapwork,1
ordered,1
nightly,1
girls,1
following,1
senior,1
worsened,1
elaborate,1
series,1
arrest,1
accordance,1
focusing,1
finest,1
ascendant,1
must,1
founded,1
halt,1
reinforced,1
characteristics,1
delegates,1
glamour,1
apportioned,1
doi,1
civilised,1
casey,1
reyner,1
butler,1
accommodates,1
quickly,1
know,1
ground,1
patriot,1
enmeshed,1
intellectual,1
introducing,1
setanta,1
myopia,1
interrupted,1
paper,1
damning,1
rented,1
global,1
save,1
setting,1
exploration,1
interviewer,1
toilet,1
ravetz,1
leaders,1
agglomeration,1
printed,1
argue,1
wall,1
constructions,1
universal,1
speech,1
dennis,1
haughey,1
hospital,1
relocate,1
speculation,1
benefit,1
sought,1
examining,1
differed,1
proclaiming,1
nailed,1
ambivalent,1
utilized,1
rural,1
works,1
recruiting,1
advances,1
glory,1
catalogue,1
resembled,1
beginning,1
ulm,1
activism,1
regulations,1
drop,1
bureaucratically,1
quiet,1
tangent,1
purchase,1
explanations,1
bannon,1
economy,1
pomeroy,1
mahafry,1
investigation,1
circles,1
kevin,1
shady,1
nationalist,1
aiding,1
commemorating,1
overcrowded,1
want,1
supports,1
involvement,1
underpinnings,1
nearby,1
squat,1
pains,1
myles,1
diary,1
supporter,1
dream,1
consisting,1
correspondent,1
familiarly,1
waters,1
her,1
getting,1
bitterly,1
institute,1
bureaucratic,1
premised,1
boys,1
explored,1
imperial,1
rationality,1
doorcases,1
columbanus,1
suggests,1
phenomena,1
capitalized,1
meetings,1
categories,1
anxieties,1
unseen,1
romantically,1
abundantly,1
belfast,1
craftsmanship,1
recommended,1
summerhill,1
imparted,1
poems,1
entrance,1
transport,1
ill,1
disparate,1
reported,1
given,1
decisive,1
introduced,1
hovels,1
capitalizing,1
ac,1
giving,1
die,1
step,1
worst,1
situated,1
commissioned,1
territory,1
measure,1
substance,1
token,1
demanding,1
lesson,1
arguments,1
secured,1
ever,1
sizeable,1
phenomenon,1
prunty,1
mhaire,1
embalmed,1
gain,1
postcolonial,1
holohan,1
subtlety,1
terminal,1
protesting,1
amenities,1
named,1
buying,1
question,1
lodged,1
layers,1
understandings,1
youth,1
jimin,1
editor,1
difference,1
architecturally,1
ig,1
coated,1
streetscape,1
quest,1
knights,1
envisaged,1
conditions,1
opens,1
bicycles,1
failings,1
motives,1
crisis,1
jacobean,1
course,1
joined,1
actively,1
approximately,1
instead,1
petronius,1
uneconomic,1
socially,1
canadian,1
green,1
unified,1
reified,1
unfashionable,1
fallon,1
states,1
writer,1
curbs,1
integration,1
baptism,1
defined,1
off,1
limitations,1
philosophy,1
increased,1
backers,1
ruth,1
comparison,1
needs,1
offered,1
potential,1
pioneering,1
invited,1
ceiling,1
rest,1
mandler,1
mccarthy,1
capitulation,1
rejection,1
mp,1
damp,1
early,1
deposition,1
entire,1
develop,1
divergent,1
anois,1
stair,1
benchmark,1
bulwark,1
bombed,1
images,1
uk,1
prison,1
squatting,1
loft,1
recent,1
detriment,1
meeting,1
pillars,1
poblacha,1
clashed,1
conception,1
vandalism,1
eire,1
deeper,1
stylized,1
dereliction,1
