WORDCOUNTS,WEIGHT
the,818
to,436
in,380
and,358
of,336
women,287
her,241
she,236
a,219
was,169
frau,152
for,136
nazi,124
as,123
that,116
s,110
their,107
were,99
work,91
not,78
had,76
by,76
nazis,68
on,67
they,66
national,66
with,64
from,61
at,58
who,55
this,54
career,49
war,49
policy,47
when,47
girls,45
did,45
but,41
job,40
bdm,40
or,38
many,38
after,38
it,35
i,34
could,34
only,34
an,34
all,33
school,33
even,32
be,32
careers,31
also,31
how,30
socialism,30
socialist,29
life,29
university,28
lives,27
these,27
have,27
history,25
political,25
social,25
into,24
other,24
which,24
germany,23
no,23
kresting,23
some,22
gender,22
more,22
jobs,22
would,22
professional,22
one,21
children,21
me,21
education,21
labor,20
out,20
im,20
training,20
der,20
what,20
them,20
although,20
era,20
young,19
ziegert,19
because,19
schumacher,19
female,19
home,19
so,19
first,18
politics,18
since,18
family,18
motherhood,18
service,18
woman,18
than,17
rad,17
new,17
state,16
though,16
see,16
hitler,16
became,16
felt,15
journal,15
study,15
never,15
three,15
schnabel,15
position,14
wanted,14
my,14
teaching,14
time,14
interview,14
summer,14
high,14
been,14
regime,14
born,14
role,14
years,14
conducted,13
worked,13
kindergarten,13
has,13
author,13
tape,13
left,13
whose,13
legal,13
found,13
during,13
personal,13
about,13
recording,13
workers,13
husband,13
mother,13
any,13
münster,13
while,13
until,13
reich,12
marriage,12
own,12
working,12
up,12
do,12
nursing,12
like,12
men,12
is,12
die,12
if,11
market,11
said,11
those,11
married,11
nsv,11
von,11
most,11
müller,11
opportunities,11
law,11
teachers,11
made,11
returned,11
allowed,11
article,11
months,11
influenced,11
und,11
effects,11
group,10
before,10
german,10
nsf,10
effort,10
frauen,10
memory,10
nation,10
mothers,10
nurses,10
rohde,10
domestic,10
far,10
dewald,10
youth,10
gethmann,10
schmitt,10
needed,9
moreover,9
help,9
rather,9
support,9
just,9
impact,9
care,9
however,9
public,9
year,9
detmold,9
limited,9
under,9
power,9
ideology,9
took,9
less,9
students,9
percent,9
we,9
program,9
health,9
force,9
began,9
huerkamp,9
sports,9
themselves,9
early,9
child,8
way,8
take,8
changed,8
very,8
medicine,8
teacher,8
still,8
without,8
leader,8
number,8
abitur,8
herself,8
can,8
postwar,8
worldview,8
continued,8
male,8
then,8
believed,8
despite,8
memories,8
families,8
offered,8
between,8
berlin,7
told,7
january,7
launched,7
nurse,7
back,7
organization,7
result,7
path,7
closed,7
least,7
contrast,7
put,7
once,7
others,7
plan,7
end,7
played,7
especially,7
guilt,7
enjoyed,7
story,7
decision,7
employment,7
fields,7
options,7
private,7
through,7
enthusiasm,7
instead,7
off,7
supported,7
among,7
asked,7
roles,7
created,6
sphere,6
being,6
desire,6
great,6
deemed,6
emphasized,6
sent,6
run,6
individual,6
york,6
gersdorff,6
parents,6
leave,6
age,6
nicht,6
trained,6
graduates,6
came,6
called,6
krämer,6
seven,6
younger,6
none,6
psychiatric,6
civil,6
employed,6
field,6
world,6
short,6
experiences,6
movement,6
stories,6
fell,6
sister,6
remained,6
another,6
described,6
soldiers,6
educational,6
numerus,6
over,6
ended,6
leaders,6
past,6
zur,6
both,6
plans,6
ultimately,6
cambridge,6
joined,6
retreated,5
faced,5
interviews,5
factories,5
join,5
experience,5
long,5
later,5
able,5
there,5
within,5
racial,5
agriculture,5
household,5
enter,5
make,5
doctors,5
such,5
expected,5
industrial,5
perspective,5
find,5
may,5
argued,5
four,5
demands,5
having,5
participation,5
future,5
its,5
collective,5
call,5
participate,5
caused,5
responsibility,5
around,5
tried,5
universities,5
marry,5
appropriate,5
he,5
situation,5
positions,5
return,5
decisions,5
us,5
nationalsozialismus,5
ed,5
already,5
fact,5
really,5
minister,5
outside,5
tell,5
coincided,5
necessary,5
lost,5
completed,5
ibid,5
open,5
kriegsdienst,5
clausus,5
course,5
paths,5
graduated,5
gau,5
teach,5
claudia,5
weimar,5
provide,5
considered,5
february,5
beginning,5
agricultural,5
burden,5
remember,5
need,5
needs,5
prospects,5
racially,5
should,5
church,4
designed,4
studies,4
socialists,4
protection,4
might,4
opted,4
shortage,4
gymnasium,4
studied,4
volunteered,4
real,4
influences,4
robert,4
historians,4
money,4
advice,4
account,4
opened,4
west,4
morale,4
throughout,4
oberin,4
six,4
quit,4
employers,4
wounded,4
failed,4
offices,4
hamburg,4
his,4
process,4
granted,4
front,4
athletic,4
obstacles,4
always,4
train,4
ambitions,4
worker,4
nurturing,4
further,4
viewed,4
shape,4
advancement,4
athletics,4
describe,4
fit,4
excited,4
either,4
successful,4
next,4
catholic,4
small,4
research,4
paid,4
society,4
domesticity,4
led,4
economic,4
schmidt,4
happy,4
serve,4
aber,4
toward,4
pointed,4
pressure,4
choice,4
where,4
belief,4
eds,4
upon,4
exciting,4
nothing,4
stay,4
finally,4
volunteer,4
profession,4
good,4
started,4
mutterkreuz,4
mouton,4
spent,4
promotion,4
become,4
remembers,4
excluded,4
christian,4
today,4
chance,4
drafted,4
blocked,4
control,4
are,4
different,4
east,4
disillusionment,4
rural,4
better,4
reopened,4
finished,4
son,4
severely,4
given,4
introduced,4
reese,4
programs,4
bildungsbürgerinnen,4
promoted,4
intensified,4
aware,4
entire,4
doing,4
does,3
rate,3
limits,3
sins,3
dritten,3
curtailed,3
announced,3
denied,3
drastically,3
live,3
schools,3
english,3
modern,3
husbands,3
arrived,3
princeton,3
incomplete,3
t,3
learned,3
military,3
nature,3
continue,3
professions,3
nsdap,3
reveal,3
subsequent,3
interviewed,3
daniel,3
system,3
side,3
point,3
dagmar,3
prevented,3
regarding,3
thus,3
pursue,3
initially,3
realized,3
ability,3
compromised,3
unpaid,3
late,3
frauengruppe,3
third,3
died,3
leadership,3
professionally,3
influence,3
higher,3
poor,3
town,3
westphalia,3
knew,3
households,3
grew,3
certain,3
lawyer,3
perpetrators,3
servants,3
discouraged,3
proved,3
unemployed,3
too,3
protestant,3
retirement,3
greater,3
hours,3
advance,3
remembered,3
lead,3
here,3
pure,3
aryan,3
bore,3
explain,3
taught,3
negotiated,3
jewish,3
directly,3
line,3
mandatory,3
received,3
start,3
fired,3
albeck,3
elizabeth,3
ten,3
people,3
des,3
doors,3
michelle,3
talented,3
status,3
officials,3
hard,3
hired,3
denazified,3
few,3
june,3
choose,3
arbeitsbuch,3
depression,3
impossible,3
fully,3
am,3
avoid,3
wrote,3
launch,3
says,3
contributing,3
permission,3
policies,3
planned,3
same,3
dropped,3
two,3
department,3
resented,3
love,3
oral,3
successfully,3
temporarily,3
schachter,3
ban,3
idea,3
exclusion,3
germans,3
daily,3
fallen,3
krieg,3
accepted,3
establish,3
distance,3
explicitly,3
free,3
day,3
demonstrated,3
classes,3
active,3
instructor,3
judge,3
entirely,3
food,3
launching,3
raising,3
previous,3
industriarbeiterinnen,3
remaining,3
reality,3
safety,3
held,3
volksgemeinschaft,3
him,3
kept,3
kramer,3
anyone,3
saw,3
vain,3
hachtmann,3
fifty,3
faschismusforschung,3
belonged,3
criminal,3
weyrather,3
primarily,3
success,3
strongly,3
understand,3
contribution,3
escape,3
often,3
responsible,3
expectations,3
get,3
meant,3
claims,3
proof,3
conscription,3
forgetting,3
feelings,3
counselor,3
ran,3
interrupted,3
authorities,3
down,3
build,3
absolutely,3
turned,3
economy,3
victims,3
männer,3
want,3
hoped,3
shortages,3
loved,3
dream,3
ideal,3
level,3
transition,3
went,3
contribute,3
pudding,3
ranks,3
immediately,3
our,3
come,3
unable,3
finding,3
conditions,3
mädchen,3
physical,3
you,3
shift,3
increased,3
thing,3
views,3
little,3
traditional,3
much,3
strong,3
building,3
now,2
appealed,2
common,2
declared,2
car,2
proud,2
groups,2
designated,2
encouraged,2
angelika,2
introduction,2
wo,2
becoming,2
center,2
discover,2
highly,2
tend,2
asserted,2
ways,2
stephenson,2
completely,2
bias,2
wonderful,2
realities,2
personally,2
unlike,2
encourage,2
feels,2
revision,2
nonetheless,2
societal,2
negative,2
anything,2
wrong,2
every,2
embraced,2
certainly,2
interests,2
implications,2
view,2
feeling,2
conflict,2
lutz,2
agenda,2
dreams,2
j,2
available,2
skills,2
leading,2
reasons,2
conscripting,2
enrolled,2
jill,2
mind,2
raised,2
reserved,2
somewhat,2
committed,2
livelihood,2
fulfilling,2
case,2
governmental,2
task,2
evacuated,2
primary,2
sought,2
right,2
womanly,2
march,2
math,2
soldier,2
determined,2
drive,2
solely,2
obvious,2
mental,2
smooth,2
say,2
eliminating,2
academically,2
letter,2
pursuing,2
shut,2
goal,2
disillusioned,2
proceeded,2
against,2
pursuit,2
hierarchy,2
ag,2
moment,2
afford,2
nr,2
forced,2
oshkosh,2
cases,2
remembering,2
religious,2
ear,2
served,2
warned,2
student,2
soll,2
helping,2
general,2
talent,2
loan,2
rates,2
loans,2
aim,2
reflects,2
hesitant,2
russian,2
frustration,2
devastating,2
bring,2
troubled,2
stuttgart,2
forgo,2
opportunity,2
gertrud,2
frankfurt,2
earlier,2
fiancé,2
republic,2
direct,2
margot,2
special,2
bäumer,2
lacking,2
enabled,2
practicing,2
thought,2
insistence,2
emphasis,2
wages,2
blame,2
flexibility,2
sexuality,2
established,2
benefits,2
organized,2
disappointment,2
clearly,2
elsewhere,2
driven,2
days,2
air,2
welfare,2
ursula,2
quoted,2
upper,2
shrinking,2
solid,2
seamless,2
occupied,2
wondering,2
followed,2
credentials,2
cost,2
restaurant,2
yes,2
shifted,2
helped,2
important,2
strengthen,2
formidable,2
klaus,2
acceptable,2
allow,2
blamed,2
ann,2
access,2
slammed,2
economics,2
arbeitsdienst,2
stibbe,2
henchmen,2
initial,2
academic,2
unemployment,2
meet,2
record,2
educations,2
schaser,2
improve,2
deutscher,2
krieghilfsdienst,2
relief,2
revealed,2
mobilization,2
imagined,2
part,2
london,2
example,2
knowledge,2
gerinnen,2
surprise,2
mädel,2
whole,2
gave,2
consistently,2
dessau,2
place,2
director,2
nach,2
rise,2
league,2
markedly,2
contradictions,2
unmarried,2
delay,2
someone,2
change,2
kiiensiek,2
allegiance,2
wished,2
politically,2
order,2
claim,2
involved,2
calling,2
demotion,2
altered,2
concerns,2
dire,2
starting,2
temporary,2
dramatic,2
decline,2
suddenly,2
workforce,2
altogether,2
dorothée,2
dedicated,2
generally,2
inability,2
harvey,2
wife,2
atina,2
nancy,2
value,2
curriculum,2
south,2
f,2
poland,2
second,2
demand,2
equality,2
variety,2
absence,2
elimination,2
myriad,2
interference,2
housework,2
community,2
above,2
schacht,2
eldest,2
authoritarian,2
single,2
sweeping,2
housing,2
koonz,2
manpower,2
soon,2
fun,2
array,2
corrupt,2
combat,2
challenged,2
recruited,2
dictates,2
departure,2
positively,2
light,2
complete,2
choices,2
obligated,2
retrained,2
increasingly,2
shows,2
avoided,2
chose,2
party,2
members,2
organizations,2
goals,2
challenge,2
death,2
tremendous,2
experienced,2
lacked,2
lack,2
limit,2
head,2
areas,2
beliefs,2
larger,2
hand,2
erica,2
advising,2
fiance,2
income,2
marrying,2
forth,2
wartime,2
perhaps,2
streets,2
perseverance,2
degree,2
argues,2
hesitate,2
local,2
volk,2
father,2
brüggemeier,2
bear,2
region,2
including,2
enormous,2
previously,2
depended,2
increase,2
concern,2
bildungsbur,2
downplayed,2
rust,2
assumption,2
telexoperator,2
aside,2
wandervogel,2
trend,2
bund,2
trust,2
office,2
low,2
discovered,2
keep,2
homes,2
characterized,2
provides,2
why,2
eyes,2
rectify,2
enthusiastically,2
workshop,2
prerequisites,2
relative,2
separate,2
farm,2
oxford,2
aspirations,2
twelve,2
kaplan,2
conscripted,2
science,2
crucial,2
foreign,2
claimed,2
dashed,2
insufficient,2
widespread,2
effectively,2
recognize,2
wilhelm,2
class,2
extra,2
adventure,2
surprising,2
thyssen,2
itself,2
problematic,2
irmgard,2
thinking,2
constant,2
broke,2
must,2
simply,2
economically,2
reinforced,2
patients,2
news,2
berkeley,2
natural,2
refused,2
each,2
country,2
interested,2
resentment,2
half,2
eventually,2
ideological,2
rearmament,2
retired,2
examining,2
differed,2
duisberg,2
für,2
didn,2
month,2
evenings,2
whether,2
form,2
cause,2
particular,2
imposed,2
leaving,2
studying,2
minimal,2
niethammer,2
prevent,2
met,2
prerequisite,2
straff,2
decisive,2
city,2
joining,2
november,2
duty,2
convinced,2
aims,2
firms,2
varied,2
rüdiger,2
question,2
spring,2
charge,2
accept,2
actively,2
land,2
crimes,2
disruption,2
attributes,2
recalling,2
campaign,2
showed,2
worried,2
caring,2
moved,2
specific,2
territories,2
potential,2
removed,2
cook,2
debate,2
focus,2
duration,2
seek,2
cross,2
major,2
perception,2
continuously,2
ammunition,1
final,1
emulate,1
phones,1
difficult,1
horror,1
earner,1
go,1
supervisory,1
febraury,1
transportation,1
thwarted,1
robe,1
kriegswirtschaft,1
accomplish,1
spotlights,1
destroying,1
correlation,1
meaning,1
names,1
generous,1
hesitation,1
commitment,1
ready,1
praised,1
truth,1
culminated,1
affected,1
fluropean,1
nationwide,1
admiration,1
yearn,1
resulted,1
struggled,1
legitimate,1
determine,1
cut,1
busy,1
marian,1
associated,1
alone,1
combine,1
eliminated,1
succinct,1
totally,1
connect,1
sympathetic,1
speakers,1
large,1
ludicrous,1
operator,1
bochum,1
summarizing,1
approved,1
envisioned,1
kinds,1
rethink,1
agency,1
fate,1
certificates,1
disappeared,1
closure,1
ihr,1
merged,1
songs,1
referring,1
tat,1
likely,1
alive,1
uniquely,1
true,1
hachmann,1
fray,1
strictly,1
competence,1
environment,1
favor,1
interviewee,1
scarred,1
continuity,1
tied,1
acceptance,1
semester,1
bloss,1
necessarily,1
virtually,1
autobiographien,1
occurred,1
total,1
holding,1
physicians,1
aversion,1
impediments,1
tells,1
bielefeld,1
chapter,1
gabrielle,1
institutes,1
practices,1
permitted,1
berufsberaterin,1
turning,1
discontinuously,1
test,1
member,1
reassure,1
sit,1
ideas,1
earning,1
gelsenkirchen,1
sources,1
thrill,1
creation,1
connection,1
production,1
exclusive,1
greatness,1
silents,1
volksund,1
originally,1
engagiert,1
give,1
taken,1
deutschen,1
snitow,1
admonition,1
utilization,1
forcibly,1
ruppert,1
housewives,1
ourselves,1
youngest,1
inpatient,1
comradeship,1
crippling,1
poison,1
historiography,1
words,1
dramatically,1
wir,1
unjust,1
fouryear,1
muttertag,1
accommodate,1
belong,1
lessen,1
pronatalist,1
together,1
estimation,1
sein,1
confusion,1
sang,1
farmers,1
confirming,1
blind,1
carrying,1
derb,1
confront,1
revisions,1
accommodated,1
government,1
recruit,1
beruf,1
gellately,1
helpers,1
mitläufer,1
review,1
farmer,1
atrocities,1
wealthy,1
ganzen,1
damage,1
salary,1
chancellor,1
grossmann,1
date,1
miles,1
zu,1
greatly,1
respond,1
remainder,1
classified,1
berufen,1
reimbursed,1
suspension,1
ruined,1
diversify,1
discipline,1
gibson,1
cloud,1
inappropriate,1
widowhood,1
dissolved,1
lemgo,1
infection,1
context,1
daf,1
disposition,1
lessened,1
growing,1
nori,1
issue,1
tim,1
depending,1
existence,1
suspect,1
harking,1
searched,1
purifying,1
excused,1
guidelines,1
matthew,1
peculiarities,1
kriegen,1
mass,1
expenses,1
masked,1
incorporate,1
sionment,1
retain,1
motivationen,1
wept,1
einzug,1
uneven,1
restoring,1
possible,1
marked,1
understated,1
möding,1
activity,1
illustrate,1
characterize,1
moderation,1
establishing,1
erased,1
reaction,1
indoctrinate,1
move,1
mobilizing,1
reichsparteitag,1
magazine,1
intellectualism,1
vital,1
tram,1
whatever,1
disadvantage,1
combination,1
desired,1
except,1
scorn,1
uncertain,1
hagemann,1
dynamic,1
reconstruction,1
promises,1
lengthening,1
inviolable,1
bezirksführerin,1
identifies,1
dignity,1
reagin,1
engage,1
erfahrung,1
flocked,1
collection,1
behavior,1
mainstream,1
visits,1
karen,1
während,1
succeed,1
expertise,1
complained,1
victim,1
otherwise,1
konstruktion,1
daughters,1
central,1
ukraine,1
berichte,1
fluency,1
ruptures,1
sponsored,1
midstream,1
portelli,1
decree,1
despairing,1
explained,1
weakened,1
severe,1
facts,1
immediate,1
development,1
studien,1
forfeits,1
accommodation,1
village,1
bent,1
due,1
interior,1
visited,1
personalities,1
plato,1
doctor,1
einleitung,1
heeding,1
thompson,1
intact,1
interest,1
lectures,1
whitewashing,1
caausus,1
relatively,1
regarded,1
helena,1
counsel,1
brother,1
decided,1
gendered,1
enjoying,1
arbeitsmaiden,1
sympathized,1
issued,1
participating,1
unwillingness,1
restore,1
ease,1
typing,1
media,1
heinemann,1
unhealthy,1
assured,1
admitted,1
arena,1
kind,1
aligned,1
refuses,1
adjustment,1
nor,1
old,1
times,1
document,1
unwavering,1
fond,1
profound,1
causing,1
dutifully,1
simplest,1
response,1
serving,1
completing,1
middleand,1
allowing,1
suitable,1
dearly,1
ruhr,1
applying,1
twice,1
despair,1
traveler,1
thin,1
unequivocally,1
lisa,1
widowed,1
slogans,1
apolitical,1
drawn,1
peasantry,1
sons,1
spite,1
practically,1
marital,1
colleague,1
badges,1
disruptions,1
needlework,1
bonden,1
hardly,1
generation,1
nuanced,1
preferred,1
ma,1
depths,1
walls,1
admittance,1
coneffects,1
promised,1
jean,1
sonai,1
surprisingly,1
civilization,1
assessed,1
opposed,1
birgitte,1
simultaneously,1
racism,1
wishes,1
recognized,1
americans,1
adequate,1
governed,1
essential,1
practicably,1
costs,1
autobiographies,1
heroes,1
privilege,1
dilemma,1
subjected,1
l,1
wanting,1
doctorate,1
december,1
federal,1
absent,1
soviet,1
generations,1
wehrmacht,1
debated,1
nonsense,1
sort,1
organizing,1
influential,1
landscape,1
afterwards,1
annette,1
hansen,1
schwesternwesen,1
responded,1
communism,1
derailment,1
christine,1
represented,1
requisite,1
zeitgeschichte,1
risk,1
coffee,1
jetzt,1
persistent,1
connected,1
turn,1
ua,1
expelled,1
talk,1
pressured,1
fat,1
jeopardize,1
gratefully,1
membered,1
overjoyed,1
hinder,1
appropriateness,1
ludwig,1
productive,1
consequences,1
risks,1
goebbels,1
bleak,1
reinterpretation,1
fulfill,1
sozialisationerfahrungen,1
means,1
qualify,1
rising,1
send,1
pernicious,1
utterly,1
tern,1
changes,1
win,1
unpredictability,1
bad,1
seldte,1
mission,1
cigarette,1
evil,1
signed,1
intellectually,1
descent,1
wearing,1
louise,1
peasant,1
devoting,1
bit,1
latin,1
sum,1
numbers,1
placed,1
mary,1
desirability,1
preoccupation,1
vitality,1
frequently,1
benefited,1
volkes,1
outspoken,1
certification,1
acknowledges,1
recovered,1
textile,1
n,1
muss,1
follow,1
divorce,1
unimpeded,1
beyond,1
honorary,1
consequence,1
stark,1
putting,1
ceremony,1
boundary,1
painted,1
unhindered,1
overcame,1
permanent,1
untrained,1
antifeminism,1
providers,1
opinion,1
gymnastics,1
uncritically,1
preference,1
adapting,1
decades,1
drawing,1
widow,1
constitution,1
hope,1
highest,1
perceive,1
franz,1
proposed,1
friends,1
union,1
herford,1
whereas,1
luckily,1
expressed,1
uses,1
closely,1
arsenals,1
whom,1
betrayal,1
thousands,1
location,1
gesellschaft,1
zeit,1
paved,1
marion,1
republik,1
das,1
search,1
preeffects,1
sd,1
attack,1
sdieixst,1
lived,1
diakonnissen,1
deal,1
unconcerned,1
pass,1
postponed,1
noting,1
bombing,1
hospitals,1
eat,1
haven,1
attained,1
efforts,1
believer,1
representative,1
nachrichtendienst,1
diplomas,1
urbanization,1
accurately,1
ranking,1
tribution,1
equally,1
egocentric,1
furthermore,1
pointing,1
equal,1
focused,1
buried,1
institute,1
rootless,1
tröger,1
pursued,1
hinsetzen,1
frauenpolitik,1
diploma,1
population,1
red,1
anonymity,1
alessandro,1
promise,1
applied,1
failure,1
acquaintance,1
grounds,1
safe,1
nice,1
guarantee,1
required,1
reluctantly,1
dependents,1
wide,1
drain,1
disqualification,1
exam,1
stations,1
near,1
possibility,1
suspended,1
jokingly,1
information,1
affair,1
receive,1
undermined,1
feminine,1
well,1
almost,1
tobin,1
differ,1
seeking,1
apartheid,1
basis,1
relatives,1
judiciary,1
accounting,1
degrees,1
handelschule,1
criticize,1
intense,1
organize,1
josef,1
instituted,1
persevering,1
reestablished,1
heart,1
r,1
adamant,1
coping,1
unless,1
county,1
believable,1
heavily,1
cleaning,1
tributary,1
sharon,1
politicians,1
apparent,1
calls,1
related,1
augsberg,1
transferred,1
feared,1
crossings,1
parameters,1
overview,1
realm,1
boarding,1
older,1
unworthy,1
konflikte,1
deformities,1
demonstrates,1
lunch,1
actually,1
strenuous,1
participated,1
earn,1
jahre,1
emancipation,1
soland,1
horrified,1
justification,1
away,1
appreciated,1
believes,1
heute,1
workload,1
project,1
won,1
strengthened,1
assembly,1
cologne,1
feast,1
presentations,1
washing,1
soup,1
aspired,1
fragen,1
creating,1
disciplinarian,1
running,1
ist,1
closing,1
sense,1
describing,1
presented,1
spädagogisches,1
voiced,1
attributed,1
tacitly,1
revolution,1
things,1
stage,1
enrollment,1
coupled,1
soest,1
inspector,1
destiny,1
keenly,1
sharp,1
night,1
insurance,1
repeated,1
specifically,1
berg,1
navigated,1
frauenarbeitsdienst,1
sufficient,1
fraught,1
pregnant,1
accomplished,1
replace,1
alleviate,1
grow,1
industry,1
acts,1
plunged,1
professionallybound,1
climate,1
petition,1
herb,1
stoltzfus,1
concluded,1
villages,1
enrollments,1
fared,1
core,1
hindrance,1
managed,1
tracks,1
weiss,1
majority,1
erika,1
posed,1
sea,1
annemarie,1
lore,1
newly,1
fernschreiberin,1
finds,1
rotten,1
mutter,1
settle,1
actions,1
miserable,1
activities,1
dictated,1
behalf,1
seemed,1
glaringly,1
destructively,1
appeal,1
settlers,1
condemn,1
replacing,1
threatened,1
critical,1
happen,1
telegraph,1
eckhart,1
tasks,1
casualty,1
womanhood,1
misogynist,1
ical,1
graduation,1
business,1
instructors,1
academia,1
protecting,1
troop,1
reagi,1
noble,1
steadily,1
requirement,1
bildlingsbürgerinnen,1
contingent,1
identified,1
paralyzed,1
giving,1
doctoral,1
reinstated,1
overall,1
comparative,1
resisted,1
openings,1
play,1
bis,1
intended,1
wait,1
horrors,1
grösste,1
brief,1
göttingen,1
constraints,1
april,1
attempt,1
formative,1
july,1
intervention,1
realizing,1
murderous,1
expanded,1
got,1
unprecedented,1
targeted,1
collapsed,1
mending,1
eighty,1
nationalsozialimus,1
seemingly,1
hold,1
adapted,1
positive,1
bliebt,1
reclaimed,1
permanently,1
fighting,1
biological,1
percentage,1
scarcity,1
twists,1
flux,1
widows,1
turmoil,1
relied,1
yet,1
auspices,1
warum,1
push,1
examined,1
treaty,1
addition,1
recommendation,1
added,1
retreat,1
rife,1
mindless,1
counterparts,1
den,1
restricted,1
siemens,1
selective,1
neither,1
classroom,1
scheinen,1
seems,1
marginally,1
earned,1
milieus,1
gendering,1
shifting,1
enthusiast,1
skiing,1
colored,1
um,1
infused,1
gainful,1
wisconsin,1
begins,1
disagreed,1
boost,1
mich,1
noted,1
speaking,1
regional,1
derailed,1
inexplicably,1
inheritance,1
tears,1
shattering,1
raids,1
double,1
roadblocks,1
fellow,1
balancing,1
french,1
üherlegungenen,1
stated,1
inflexible,1
factory,1
purely,1
europe,1
similarly,1
responsibilities,1
lucky,1
ask,1
rejoined,1
cheaply,1
niebuhr,1
performance,1
missing,1
deutsche,1
conformity,1
historikerinnenstreit,1
alexanderplatz,1
longer,1
discussed,1
encompassed,1
breakfast,1
treatment,1
fundamental,1
conduct,1
scholars,1
müllers,1
fiancée,1
regret,1
creative,1
proposal,1
credits,1
enroll,1
versailles,1
nathan,1
witnesses,1
paderborn,1
maneuver,1
enable,1
contradict,1
angry,1
identity,1
koblenz,1
warning,1
hear,1
elizaheth,1
emphatically,1
everything,1
variation,1
golden,1
charges,1
convert,1
man,1
schnabefs,1
hiatus,1
bigwigs,1
schnabeps,1
feminism,1
sozialismus,1
reproductive,1
ages,1
racist,1
sew,1
drove,1
everyday,1
present,1
ground,1
covered,1
model,1
orderly,1
armaments,1
tarnished,1
unclear,1
interviewees,1
germanization,1
stariseli,1
sorry,1
lines,1
kaiser,1
spoke,1
practice,1
conviction,1
superiors,1
narrative,1
burdened,1
compelled,1
commercial,1
grave,1
shifts,1
destroyed,1
encountered,1
break,1
original,1
meetings,1
fundamentally,1
greet,1
credit,1
proudly,1
undermine,1
understanding,1
luck,1
ignored,1
extended,1
divided,1
admits,1
sewing,1
specializing,1
worsening,1
birth,1
kinz,1
discovery,1
range,1
unswervingly,1
mutterschutz,1
inscription,1
dortmund,1
brandenburg,1
kleiber,1
presiding,1
desperate,1
backed,1
inexorably,1
eichsmütterdierst,1
breslau,1
expand,1
schriftenreihe,1
minds,1
varying,1
irgendwo,1
lecture,1
skeptical,1
use,1
prevailed,1
persisted,1
decreed,1
biology,1
assume,1
reconstructing,1
smoothly,1
pleasure,1
bitter,1
ethnic,1
acquiesced,1
maintains,1
hour,1
cooked,1
heil,1
auf,1
individuals,1
examination,1
chosen,1
full,1
option,1
recruitment,1
insinuation,1
eight,1
dismissed,1
resents,1
necessitated,1
optimistic,1
minimize,1
theoretical,1
sacrificing,1
astonishment,1
pattern,1
army,1
rejected,1
worry,1
meanings,1
switched,1
alienating,1
quataert,1
carola,1
awaited,1
frustrated,1
authors,1
stress,1
welcomed,1
bdf,1
comprehensive,1
modernization,1
stayed,1
essay,1
supportive,1
august,1
counter,1
defense,1
haunted,1
pride,1
liberate,1
asocial,1
threw,1
rehired,1
revised,1
hinversetzt,1
period,1
brussels,1
farms,1
collected,1
obtained,1
stages,1
filled,1
gliding,1
offense,1
pension,1
martin,1
accused,1
durch,1
instruction,1
furthering,1
poetics,1
decide,1
favored,1
valued,1
facing,1
advisors,1
weimarer,1
enough,1
enrolling,1
internal,1
faschismuserfahnmgen,1
qualifications,1
matched,1
systems,1
promote,1
qualities,1
employees,1
deemphasize,1
zwangsterilisation,1
parochial,1
traff,1
fullest,1
overcome,1
rassenpolitik,1
effect,1
corners,1
recalled,1
decisively,1
probably,1
capitalism,1
conscience,1
staatskrise,1
divides,1
ate,1
renate,1
northern,1
attracted,1
ländern,1
institution,1
wi,1
engagement,1
attend,1
bock,1
stramm,1
postpone,1
ago,1
arbor,1
andreas,1
incoming,1
immigration,1
brown,1
examines,1
gifted,1
shocked,1
classmates,1
fails,1
hindered,1
bronwyn,1
depth,1
proctor,1
liberalism,1
assigned,1
illusory,1
relationship,1
imply,1
equaled,1
aid,1
shattered,1
declaration,1
assisting,1
grammar,1
succinctly,1
africa,1
window,1
residual,1
lot,1
independent,1
seventeen,1
assert,1
broadened,1
five,1
france,1
outsiders,1
relieved,1
naturally,1
kindergartens,1
practical,1
aunt,1
ironically,1
resistant,1
celebration,1
inside,1
parent,1
photograph,1
attitude,1
unseemly,1
institutions,1
independence,1
mood,1
pflichtjahr,1
reason,1
erinnerungskarteile,1
insist,1
seen,1
obstacle,1
childrich,1
dictable,1
polls,1
rebekah,1
transformation,1
kitchen,1
sheer,1
nearing,1
traveled,1
disillueffects,1
suche,1
settled,1
satisfaction,1
construction,1
maternity,1
existed,1
inferior,1
dead,1
lip,1
wives,1
answer,1
dfw,1
krieghilf,1
remains,1
unusual,1
involuntary,1
wohlfahrtspolitik,1
impacted,1
ausserschulischen,1
fought,1
influencing,1
door,1
matters,1
quietly,1
totalitarianism,1
differentiated,1
acquired,1
regularly,1
share,1
persecution,1
sexes,1
heavy,1
sachse,1
fifteen,1
seid,1
studiously,1
following,1
morning,1
lessons,1
intervened,1
mann,1
conclusion,1
accordance,1
several,1
changing,1
pointless,1
throw,1
founded,1
staunch,1
detachment,1
instructed,1
extensive,1
geographic,1
ever,1
accounts,1
damaging,1
studium,1
subsidized,1
beitrag,1
skillful,1
willingness,1
membership,1
krieghilfsdiensty,1
intensely,1
forgets,1
robbed,1
vergleich,1
sciences,1
offers,1
drew,1
nachfaschistischen,1
wider,1
luisa,1
set,1
agony,1
couples,1
evade,1
quickly,1
reiches,1
sozialkulturellen,1
nuremberg,1
supposed,1
mutually,1
privacy,1
glowing,1
retained,1
dismay,1
tendencies,1
readily,1
remarried,1
guaranteed,1
mercedes,1
mädchenerziehung,1
worth,1
attribute,1
inclined,1
assumed,1
lawyers,1
believe,1
best,1
alexander,1
westphalian,1
punished,1
kult,1
argue,1
disrupted,1
caritas,1
propaganda,1
somber,1
current,1
rearing,1
coffers,1
allied,1
post,1
persevered,1
grossman,1
opladen,1
particularly,1
linked,1
mason,1
sustaining,1
profiling,1
privileged,1
indispensable,1
indignant,1
benefit,1
resign,1
jennifer,1
associations,1
cities,1
historical,1
section,1
going,1
pomp,1
rowing,1
protect,1
outrage,1
frantic,1
passage,1
geschichte,1
pushing,1
places,1
justify,1
allotment,1
sie,1
outlook,1
dismissal,1
lens,1
hotel,1
realize,1
succeeded,1
explanations,1
rescripted,1
distressing,1
lehrerinnen,1
protections,1
combined,1
telling,1
unique,1
passerini,1
rose,1
terms,1
nationalist,1
cooking,1
nonaryan,1
making,1
involvement,1
da,1
ich,1
allowance,1
house,1
bernhard,1
delegate,1
passed,1
machtstrukturen,1
kriegshilfsdienst,1
praise,1
sounds,1
theory,1
vigorously,1
unnecessary,1
starkly,1
therapy,1
problem,1
extent,1
dispensation,1
clinics,1
appropriated,1
repetitive,1
büros,1
healthy,1
abruptly,1
secure,1
constitutional,1
baltic,1
balance,1
don,1
agreed,1
akademischen,1
sullied,1
extinguishing,1
fourteen,1
strain,1
translated,1
therapist,1
deaf,1
bodies,1
boston,1
graduating,1
intention,1
gewiany,1
gisela,1
necessity,1
circumstances,1
entrance,1
overseeing,1
plummeted,1
bridenthal,1
adolf,1
prospect,1
hiked,1
beloved,1
variability,1
turns,1
administration,1
returning,1
step,1
agents,1
lumpen,1
acute,1
confronted,1
target,1
demanding,1
policymakers,1
studentinnen,1
discussion,1
resourceful,1
mention,1
twin,1
isolated,1
telexoperators,1
coming,1
think,1
moeller,1
weinheim,1
ein,1
denunziationen,1
rewarding,1
hungry,1
prepared,1
danzig,1
gennany,1
vierteljahrshefte,1
peacocks,1
pine,1
devoted,1
handicap,1
revoked,1
categorically,1
difference,1
reveals,1
powers,1
autarkic,1
intern,1
rationalization,1
camps,1
sonne,1
shorthand,1
hermann,1
wish,1
sacrifices,1
documentation,1
hiring,1
insight,1
advantageous,1
grown,1
kreisleiter,1
judges,1
enabling,1
certificate,1
lured,1
willing,1
nonprofessional,1
andere,1
staying,1
perpetrator,1
beamed,1
integration,1
settling,1
disrupt,1
colleagues,1
playing,1
defined,1
limitations,1
fiancés,1
area,1
daughter,1
oversaw,1
counseling,1
promptly,1
summoned,1
extremely,1
saturday,1
bigger,1
burdens,1
speak,1
traveling,1
mobilized,1
decent,1
searching,1
vergiften,1
indusriearbeiterinnen,1
substitute,1
qualifying,1
zweier,1
suggested,1
counselors,1
endnotes,1
desk,1
russia,1
rejection,1
scholarship,1
supply,1
needle,1
frick,1
chicago,1
escalating,1
enormity,1
partial,1
uncertainty,1
reversing,1
bounds,1
exclusively,1
element,1
vindicate,1
develop,1
william,1
prison,1
blatant,1
vergesellschaftung,1
north,1
riga,1
gebiet,1
attendance,1
relocated,1
ca,1
built,1
clashed,1
delayed,1
close,1
draft,1
kemper,1
super,1
occur,1
liveliness,1
richly,1
eagerly,1
ende,1
