WORDCOUNTS,WEIGHT
the,494
of,328
to,237
in,198
and,189
a,174
that,142
was,103
i,100
as,90
is,83
be,71
it,68
s,65
not,64
students,63
rights,58
this,52
chinese,49
with,47
for,44
china,44
an,43
one,42
by,41
on,40
were,39
at,38
my,38
or,38
american,34
but,34
more,34
would,34
history,33
from,32
course,32
state,31
such,31
political,30
had,30
there,28
those,25
bill,24
also,24
they,23
class,23
what,23
than,22
are,21
some,20
even,19
individual,19
have,19
between,19
well,18
teaching,18
government,17
may,17
just,17
so,17
any,17
if,16
their,16
has,15
authority,15
issues,15
quite,15
fundamental,15
all,14
other,14
how,14
same,14
which,14
jefferson,14
no,13
these,13
perhaps,13
while,13
being,12
its,12
when,12
about,12
two,12
time,12
model,12
been,12
particularly,12
them,12
little,12
much,12
thus,11
certain,11
most,11
constitution,11
only,11
never,11
number,11
can,11
declaration,11
both,11
states,11
should,11
confucius,10
able,10
context,10
politics,10
conception,10
his,10
during,10
contemporary,10
clear,10
me,10
who,10
did,10
strong,10
kurt,9
central,9
student,9
beyond,9
could,9
access,9
out,9
contrast,9
he,9
many,9
new,9
hamilton,9
independence,9
very,9
theory,9
mosser,9
among,9
extreme,8
regarded,8
jeffersonian,8
english,8
university,8
important,8
came,8
few,8
power,8
others,8
nanjing,8
citizens,8
whether,8
almost,8
urban,8
given,8
difficult,7
will,7
considerably,7
told,7
into,7
might,7
development,7
relatively,7
perspective,7
explain,7
war,7
people,7
things,7
prc,7
idea,7
free,7
years,7
discussion,7
after,7
relationship,7
often,7
current,7
challenges,7
democracy,6
position,6
before,6
first,6
certainly,6
governed,6
case,6
u,6
learned,6
whose,6
granted,6
found,6
public,6
because,6
civil,6
up,6
situation,6
various,6
indeed,6
classroom,6
documents,6
v,6
where,6
less,6
virtually,6
times,6
change,6
consent,6
united,6
ing,6
simply,6
natural,6
different,6
freedom,6
question,6
views,6
focus,6
does,5
way,5
justified,5
anything,5
either,5
explaining,5
long,5
tradition,5
speech,5
saying,5
right,5
point,5
framework,5
human,5
amendment,5
citizen,5
read,5
generally,5
view,5
events,5
obedience,5
outside,5
discussions,5
t,5
good,5
identified,5
economic,5
culture,5
useful,5
party,5
confucian,5
hand,5
see,5
made,5
questions,5
kessler,5
language,5
allowed,5
seen,5
life,5
mentioned,5
over,5
each,5
written,5
explicitly,5
terms,5
emperor,5
models,5
offered,5
texts,5
child,4
limits,4
groups,4
commitment,4
legitimate,4
e,4
kinds,4
identify,4
federal,4
western,4
expectation,4
nature,4
great,4
precisely,4
internet,4
tiananmen,4
cases,4
noted,4
media,4
york,4
without,4
rather,4
ways,4
unit,4
notion,4
presuppositions,4
clearly,4
however,4
taught,4
claim,4
brought,4
part,4
example,4
gave,4
we,4
social,4
least,4
lincoln,4
second,4
still,4
fascinating,4
under,4
us,4
included,4
comfortable,4
enough,4
remarkable,4
father,4
restrictions,4
hamiltonian,4
including,4
entirely,4
ideas,4
individuals,4
anyone,4
latter,4
sense,4
fuzi,4
topics,4
attention,4
isn,4
figure,4
parent,4
meant,4
school,4
set,4
locke,4
quickly,4
interested,4
best,4
historical,4
rural,4
day,4
content,4
goods,4
role,4
faculty,4
varied,4
kong,4
contract,4
specific,4
substantial,4
asked,4
meaning,3
everyone,3
complex,3
chief,3
member,3
every,3
shanghai,3
taken,3
reasons,3
court,3
greatly,3
staff,3
within,3
papers,3
con,3
historians,3
account,3
felt,3
taking,3
say,3
far,3
laws,3
de,3
g,3
decided,3
distinct,3
document,3
slave,3
difficulty,3
ellis,3
look,3
general,3
freedoms,3
online,3
interesting,3
town,3
slavery,3
growth,3
fair,3
knew,3
similar,3
talk,3
population,3
k,3
old,3
argued,3
sichuan,3
powerful,3
comparisons,3
willing,3
drawing,3
greater,3
philosophical,3
term,3
technical,3
province,3
ten,3
own,3
approach,3
hard,3
individualism,3
around,3
small,3
universities,3
provided,3
activities,3
short,3
return,3
brief,3
once,3
yet,3
soon,3
liberties,3
choices,3
disobedience,3
department,3
begins,3
aristotle,3
increasingly,3
leader,3
unlimited,3
available,3
fact,3
debates,3
discussed,3
do,3
material,3
encountered,3
recognizing,3
open,3
three,3
why,3
graphic,3
topic,3
teach,3
saw,3
greek,3
revolution,3
socrates,3
fairly,3
detailed,3
legitimacy,3
unalienable,3
must,3
ever,3
known,3
confucianism,3
here,3
sure,3
alexander,3
assignments,3
making,3
require,3
presented,3
beijing,3
nanda,3
arguments,3
washington,3
offer,3
although,3
philosophy,3
speak,3
potential,3
gettysburg,3
entire,3
traditional,3
seek,3
recent,3
perception,3
bce,3
go,2
now,2
deny,2
privately,2
stood,2
market,2
environmental,2
revolutionary,2
group,2
designed,2
live,2
h,2
interrupting,2
ruled,2
sources,2
setting,2
attempts,2
address,2
attempt,2
worked,2
analogies,2
seems,2
dramatically,2
principles,2
continue,2
potentially,2
blind,2
religion,2
help,2
marches,2
search,2
last,2
behind,2
system,2
extend,2
spectrum,2
obvious,2
west,2
indicating,2
household,2
radical,2
along,2
million,2
used,2
mine,2
inevitable,2
since,2
due,2
adams,2
assured,2
kind,2
ation,2
reluctance,2
approval,2
restrict,2
helpful,2
spite,2
critique,2
details,2
marx,2
influence,2
marching,2
surprisingly,2
act,2
statements,2
absent,2
sort,2
basic,2
influential,2
explicit,2
doctrine,2
thing,2
publisher,2
offering,2
support,2
reason,2
utterly,2
perceptions,2
river,2
familiar,2
specify,2
threat,2
situations,2
requires,2
absolute,2
mencius,2
founding,2
providing,2
talking,2
jay,2
conservative,2
called,2
changed,2
deal,2
noting,2
equally,2
understood,2
informed,2
cultural,2
equal,2
focused,2
teacher,2
viewed,2
produced,2
cannot,2
required,2
information,2
directly,2
none,2
work,2
prominent,2
stake,2
story,2
characterization,2
competing,2
training,2
comment,2
whole,2
literature,2
consistently,2
place,2
fourteen,2
relevance,2
personal,2
sions,2
interpreted,2
officials,2
viable,2
hardly,2
talked,2
son,2
order,2
sharp,2
heart,2
anarchy,2
several,2
concerns,2
acts,2
tended,2
always,2
appropriate,2
seemed,2
society,2
therefore,2
republic,2
happy,2
community,2
above,2
make,2
greed,2
southern,2
authoritarian,2
criticism,2
mao,2
auspices,2
security,2
makes,2
consuming,2
rules,2
later,2
raise,2
experiment,2
provocative,2
alien,2
speaking,2
rise,2
abrogated,2
stronger,2
stated,2
again,2
pointed,2
similarly,2
put,2
addition,2
demonstrations,2
choice,2
children,2
daily,2
break,2
identity,2
somewhere,2
john,2
end,2
doubt,2
took,2
unclear,2
necessary,2
native,2
style,2
going,2
realize,2
another,2
local,2
fundamentally,2
week,2
classes,2
meaningful,2
session,2
examples,2
considering,2
background,2
amendments,2
easier,2
range,2
instructor,2
sides,2
encouraged,2
lecture,2
actual,2
described,2
discovered,2
provoked,2
peter,2
divisions,2
instigate,2
like,2
period,2
played,2
serves,2
provides,2
trying,2
declare,2
probably,2
ago,2
widely,2
suggest,2
discussing,2
assigned,2
perspectives,2
note,2
education,2
provide,2
five,2
lives,2
indicate,2
unusual,2
fall,2
grade,2
respect,2
itself,2
grounded,2
joseph,2
then,2
citizenry,2
colonists,2
ism,2
extensive,2
continues,2
implied,2
shop,2
text,2
know,2
country,2
worth,2
seem,2
regard,2
domestic,2
followers,2
past,2
person,2
beginning,2
economy,2
list,2
particular,2
statement,2
mere,2
insightful,2
her,2
became,2
easy,2
giving,2
subject,2
intended,2
assumptions,2
gain,2
think,2
our,2
analogy,2
until,2
argument,2
difference,2
average,2
national,2
guest,2
finally,2
accept,2
objections,2
madison,2
remains,2
ccp,2
treats,2
valuable,2
exclusively,2
beings,2
virtue,2
doing,2
close,2
major,2
elegance,2
admirably,1
final,1
riskier,1
ments,1
undergraduate,1
bil,1
weighed,1
currently,1
allegedly,1
deference,1
precepts,1
olympics,1
appealed,1
common,1
obey,1
proud,1
indicated,1
tion,1
threatened,1
downloads,1
designated,1
created,1
concern,1
represent,1
tory,1
nationwide,1
animatedly,1
determine,1
announced,1
associated,1
extends,1
succinct,1
connecticut,1
linguistic,1
minutes,1
wo,1
articulating,1
reminding,1
needed,1
discover,1
replaced,1
integrity,1
chi,1
effective,1
diverge,1
terminated,1
threatening,1
stone,1
informative,1
library,1
services,1
true,1
sets,1
laration,1
approaches,1
easily,1
specified,1
station,1
protection,1
tween,1
acceler,1
tunity,1
something,1
hesitated,1
candidly,1
source,1
qualification,1
conjecture,1
contexts,1
blogs,1
leads,1
prosperous,1
test,1
experience,1
round,1
said,1
wrongdoing,1
else,1
tracy,1
beneficial,1
modest,1
frankfurt,1
beautifully,1
utopia,1
ipo,1
implications,1
debating,1
rapid,1
secretary,1
promoting,1
emerged,1
inchoate,1
advanced,1
j,1
parties,1
loom,1
unjust,1
company,1
reach,1
knowing,1
skills,1
paramount,1
secondary,1
borders,1
desire,1
despotic,1
differences,1
follows,1
obeyed,1
inherent,1
moon,1
closer,1
characterizing,1
room,1
take,1
real,1
subsequent,1
creator,1
independent,1
embrace,1
zedong,1
authori,1
raised,1
situ,1
robert,1
tarian,1
normal,1
discipline,1
reading,1
somewhat,1
viet,1
repercus,1
ary,1
gratified,1
akin,1
nowhere,1
evaluation,1
governmental,1
corresponded,1
advocates,1
existence,1
sophisticated,1
legalist,1
inadequate,1
recorded,1
anthropologists,1
albeit,1
vidually,1
task,1
knowledgeable,1
misunderstood,1
continuum,1
carry,1
sought,1
expenses,1
america,1
tenth,1
draw,1
discuss,1
rests,1
habeas,1
twist,1
economics,1
yingwen,1
brings,1
possible,1
probing,1
delivering,1
enforcement,1
sidered,1
establishing,1
solely,1
functions,1
alter,1
illegitimate,1
move,1
syllabus,1
structurally,1
cliche,1
vital,1
whatever,1
smooth,1
except,1
conceptual,1
regards,1
eliminating,1
owners,1
indi,1
grading,1
literal,1
anticipated,1
inviolable,1
accustomed,1
identifies,1
treatise,1
wallace,1
apologies,1
behavior,1
realizing,1
diversity,1
interestingly,1
guilty,1
ranked,1
expertise,1
complained,1
technologically,1
includes,1
constitutive,1
supple,1
review,1
bracketed,1
endanger,1
respected,1
famously,1
facts,1
immediate,1
erything,1
quality,1
killed,1
professor,1
sample,1
backgrounds,1
against,1
nam,1
pursuit,1
realized,1
divine,1
lectures,1
domain,1
ability,1
adopted,1
issued,1
friedman,1
larly,1
insisted,1
emerges,1
patris,1
employing,1
threatens,1
supremacy,1
forthrightly,1
century,1
insult,1
unwilling,1
ferguson,1
forced,1
dis,1
exponent,1
turn,1
estimates,1
abstractions,1
buddhism,1
adam,1
paeans,1
defense,1
developments,1
theorists,1
mistakes,1
debatable,1
fond,1
convincing,1
profound,1
amount,1
back,1
subjects,1
structural,1
abortion,1
young,1
wholly,1
allowing,1
applying,1
left,1
third,1
twice,1
truly,1
find,1
petrochina,1
conceit,1
novice,1
explore,1
section,1
intrigued,1
colleague,1
dwindling,1
appreciated,1
graded,1
conducting,1
terror,1
leadership,1
generation,1
ayn,1
restricting,1
parlance,1
unfilial,1
ment,1
proviso,1
korematsu,1
defending,1
higher,1
employ,1
seventh,1
gaining,1
inadequacies,1
gong,1
abbreviation,1
americans,1
stitution,1
reagan,1
bring,1
troubled,1
checks,1
adapt,1
levels,1
remote,1
completely,1
conceptions,1
active,1
undergraduates,1
opportunity,1
lao,1
determining,1
heard,1
proportion,1
appears,1
connected,1
importance,1
grew,1
leave,1
unconstitutional,1
unity,1
apolis,1
generating,1
montesquieu,1
gekko,1
possess,1
xiaoping,1
oversimplified,1
govern,1
animals,1
republicans,1
consequences,1
space,1
extremes,1
addressing,1
perilous,1
longstand,1
understand,1
sovereignty,1
warring,1
provinces,1
nor,1
crackdown,1
troublesome,1
operates,1
etymological,1
servants,1
consider,1
possibly,1
secession,1
organized,1
argues,1
peasant,1
palatable,1
slowly,1
bit,1
branch,1
underlying,1
proved,1
sum,1
elsewhere,1
moderately,1
days,1
tolerates,1
invariably,1
articulated,1
sheer,1
frequently,1
too,1
prevent,1
unavoidable,1
pedagogical,1
democratic,1
follow,1
modeled,1
consequence,1
votes,1
puts,1
method,1
ming,1
helped,1
strategy,1
trained,1
decades,1
poetically,1
hours,1
opening,1
expressed,1
troubling,1
moving,1
result,1
pretending,1
whom,1
introduce,1
location,1
societies,1
rule,1
hands,1
speeches,1
typical,1
discrete,1
speaker,1
ering,1
issue,1
shared,1
curiosity,1
relate,1
luxury,1
libertarian,1
glanced,1
wiretap,1
tze,1
respects,1
evaluate,1
peng,1
confronts,1
fourth,1
pointing,1
though,1
maries,1
displayed,1
rousseau,1
mate,1
mitment,1
recently,1
milton,1
meet,1
analogous,1
excellent,1
scale,1
otherwise,1
placed,1
spiritual,1
your,1
guarantee,1
guidance,1
approached,1
networks,1
plify,1
premise,1
wide,1
undertaking,1
balance,1
intimating,1
possibility,1
coin,1
receive,1
improve,1
sites,1
abuse,1
weight,1
colonies,1
gained,1
animated,1
feeding,1
participation,1
basis,1
future,1
line,1
minh,1
data,1
noxious,1
parented,1
consecutive,1
residents,1
received,1
appeals,1
nificantly,1
carries,1
comprises,1
drew,1
purpose,1
knowledge,1
conceptualizations,1
null,1
supreme,1
revealed,1
positions,1
riveted,1
feared,1
description,1
surprise,1
insert,1
year,1
dynasties,1
virtual,1
genuine,1
policies,1
rand,1
jiangsu,1
literally,1
flight,1
sandford,1
actually,1
friend,1
device,1
justification,1
away,1
president,1
falun,1
status,1
endorsement,1
traditions,1
challenging,1
famine,1
graduate,1
weeks,1
announcement,1
ev,1
causal,1
remember,1
p,1
running,1
painting,1
arise,1
caused,1
describing,1
level,1
field,1
vote,1
theoretically,1
enrollment,1
administrators,1
warrant,1
television,1
pedigree,1
discourse,1
mented,1
night,1
persuade,1
accuse,1
endowed,1
ignore,1
inescapable,1
highly,1
ship,1
choose,1
revealing,1
tracting,1
disaster,1
notorious,1
choosing,1
essentially,1
competed,1
telling,1
oppor,1
copying,1
degradation,1
brown,1
core,1
incurred,1
customary,1
scott,1
rendition,1
relegates,1
majority,1
perfiinctory,1
wife,1
results,1
proper,1
paid,1
using,1
peculiar,1
inquiries,1
notes,1
structured,1
value,1
am,1
triangle,1
gordon,1
avoid,1
periods,1
south,1
void,1
chalk,1
ameri,1
eternal,1
battle,1
critical,1
happen,1
eternity,1
film,1
led,1
sovereign,1
unquestionable,1
communist,1
fascist,1
demand,1
resides,1
oversim,1
territorial,1
materials,1
functioning,1
bringing,1
scientific,1
gather,1
populations,1
influentially,1
mechanisms,1
plessy,1
comparative,1
tempted,1
play,1
acknowledged,1
transition,1
forward,1
outlet,1
exception,1
griswold,1
etc,1
thinkers,1
comments,1
wilmot,1
registered,1
strategic,1
religious,1
remanding,1
wishing,1
dimensional,1
single,1
dissatisfied,1
fighting,1
para,1
label,1
corpus,1
confronting,1
spoken,1
eral,1
violate,1
outlets,1
elapsed,1
turmoil,1
trains,1
museum,1
meanwhile,1
opportunities,1
marcuse,1
federalist,1
paradox,1
happened,1
suspicious,1
evolved,1
restricted,1
exposure,1
challenged,1
official,1
defers,1
neither,1
demographic,1
ancient,1
reflects,1
quarrel,1
tain,1
dictates,1
hadn,1
home,1
orders,1
complete,1
gov,1
outlined,1
inalienable,1
acknowledging,1
largest,1
already,1
lengthy,1
enforce,1
functioned,1
buddha,1
avoided,1
meets,1
politi,1
pick,1
sketch,1
harper,1
double,1
volume,1
deng,1
street,1
stemmed,1
members,1
ho,1
name,1
successfully,1
heritage,1
challenge,1
miscegenation,1
technique,1
strike,1
toward,1
ernment,1
cable,1
printing,1
added,1
water,1
blip,1
smith,1
communal,1
shows,1
longer,1
main,1
abilities,1
xizhe,1
pressure,1
striking,1
walked,1
importation,1
channeling,1
rial,1
appeared,1
abstract,1
exclusion,1
teachers,1
pretty,1
inevitably,1
educated,1
hobbes,1
omitted,1
granting,1
inherently,1
unsurprisingly,1
minimize,1
man,1
simple,1
forms,1
consciously,1
drove,1
ground,1
continuing,1
developing,1
vintage,1
establish,1
income,1
dred,1
shown,1
answer,1
tell,1
spoke,1
gdp,1
liter,1
daunting,1
silenced,1
rawls,1
frequency,1
anthropoi,1
guarantees,1
presuppose,1
cynically,1
gives,1
reconciled,1
admittedly,1
poli,1
fluidity,1
zhongwen,1
scant,1
organize,1
hesitate,1
statutes,1
greatest,1
extended,1
vast,1
art,1
campaigns,1
hessler,1
completed,1
upon,1
eighteenth,1
slaves,1
formal,1
enormous,1
previously,1
increase,1
apology,1
sufficiently,1
reside,1
expand,1
collectivism,1
top,1
tenets,1
elections,1
significant,1
expression,1
largely,1
convenience,1
assumption,1
encounters,1
shopping,1
morality,1
educating,1
prominently,1
extraordinarily,1
ethnic,1
assign,1
nothing,1
exams,1
exerted,1
full,1
complicated,1
theories,1
polarity,1
theoretical,1
exceedingly,1
sev,1
worry,1
moral,1
directed,1
assignment,1
bi,1
interpret,1
evalu,1
held,1
daresay,1
characterized,1
function,1
acquiescence,1
him,1
remark,1
mount,1
distinction,1
obtained,1
structuring,1
unheard,1
losing,1
standard,1
permitting,1
men,1
spent,1
facing,1
problems,1
article,1
textbooks,1
eloquent,1
become,1
interpretations,1
britain,1
sig,1
masculine,1
structure,1
enemies,1
seeking,1
differ,1
contracts,1
ate,1
selfishness,1
firmed,1
figures,1
versus,1
lazy,1
institution,1
tendency,1
relative,1
professional,1
quarter,1
controversial,1
recurring,1
division,1
attended,1
decision,1
visit,1
ranging,1
implicitly,1
carried,1
consists,1
defensible,1
indication,1
fifty,1
stage,1
suggestion,1
straight,1
committed,1
entail,1
imply,1
mitigate,1
ballantine,1
humanities,1
she,1
george,1
sometimes,1
crucial,1
chance,1
usually,1
foreign,1
husband,1
plays,1
informing,1
fear,1
unchanging,1
federalists,1
months,1
recognizes,1
dec,1
substitution,1
becomes,1
referred,1
inviting,1
sensitive,1
qualify,1
insist,1
collections,1
obstacle,1
seventeenth,1
began,1
relevant,1
recognize,1
rapidly,1
try,1
acquaintances,1
phrase,1
expectations,1
achieve,1
surprising,1
lion,1
dead,1
canonical,1
centuries,1
get,1
consid,1
enunciated,1
problematic,1
rigorous,1
considered,1
matters,1
addressed,1
detail,1
founders,1
bracketing,1
share,1
seriously,1
rarely,1
cakes,1
constant,1
specification,1
practice,1
believed,1
conclusion,1
throw,1
ringing,1
extending,1
demonstrate,1
characteristics,1
pace,1
discrepancy,1
scrutiny,1
tics,1
constructed,1
loving,1
appealing,1
sustained,1
command,1
emperors,1
alternative,1
equation,1
patriot,1
intellectually,1
anachronous,1
refused,1
principle,1
dare,1
finance,1
guaranteed,1
paper,1
neglected,1
novel,1
inclined,1
global,1
connection,1
exploration,1
board,1
believe,1
talkative,1
leaders,1
straightforward,1
effusive,1
devoting,1
websites,1
faulkner,1
argue,1
half,1
elec,1
wall,1
determination,1
nozick,1
post,1
euphemism,1
brothers,1
collins,1
obviously,1
impossible,1
qing,1
liberal,1
plaques,1
ambivalent,1
protect,1
particu,1
disputes,1
works,1
living,1
absolutely,1
oliver,1
better,1
turned,1
cal,1
defend,1
dayton,1
according,1
unlikely,1
basics,1
march,1
transmitted,1
unique,1
rose,1
form,1
pater,1
namely,1
stemming,1
accounts,1
met,1
cause,1
blackboard,1
maintain,1
textbook,1
hoped,1
partici,1
extent,1
terrorism,1
supplemented,1
consisting,1
getting,1
foundations,1
version,1
constitutional,1
imperial,1
property,1
influenced,1
minimal,1
agreed,1
wrongs,1
emphasis,1
virginia,1
ses,1
size,1
nimen,1
progress,1
middle,1
autocratic,1
burden,1
radically,1
outline,1
owner,1
pation,1
balances,1
andrea,1
vaguest,1
recognition,1
altered,1
four,1
thereby,1
reported,1
through,1
uniform,1
hen,1
crito,1
november,1
duty,1
bourgeois,1
durable,1
impose,1
agents,1
everywhere,1
went,1
gang,1
happens,1
com,1
centralism,1
encounter,1
resistance,1
officially,1
smacked,1
teachings,1
phenomenon,1
world,1
maintained,1
writing,1
leap,1
contrasts,1
come,1
proceeds,1
devoted,1
ultimately,1
unable,1
birth,1
justifiably,1
generate,1
envisaged,1
twentieth,1
nixon,1
write,1
grant,1
aware,1
explanation,1
harm,1
idiot,1
immersion,1
consumption,1
evidence,1
developmental,1
writer,1
regular,1
variously,1
off,1
louie,1
terribly,1
pluralistic,1
mandating,1
extremely,1
ranged,1
xun,1
morally,1
news,1
substitute,1
clause,1
c,1
oversimplification,1
justify,1
individualistic,1
contrasting,1
debate,1
slang,1
early,1
interaction,1
atheist,1
lu,1
diverges,1
north,1
observed,1
famous,1
indistinguishable,1
meeting,1
unrepresentative,1
attendance,1
conversations,1
roles,1
quantity,1
cited,1
harmful,1
gold,1
