WORDCOUNTS,WEIGHT
the,1250
of,828
and,556
to,517
in,443
a,250
that,172
for,138
s,129
was,129
libel,124
as,118
had,98
it,90
be,89
their,87
early,84
lincolnshire,77
at,75
modern,69
by,69
which,67
england,65
on,64
is,59
with,59
not,58
his,57
but,56
have,56
this,55
were,54
popular,54
an,53
its,52
they,50
those,48
i,47
we,47
more,46
enclosure,46
from,41
london,40
or,39
might,36
english,35
ed,34
he,34
one,33
been,32
all,31
joy,31
good,31
pooremans,30
some,29
see,29
politics,28
libels,28
present,27
past,27
what,27
rising,27
rutland,25
county,25
oxford,25
there,24
also,24
number,24
ms,23
no,23
plague,23
them,23
gentlemans,22
public,22
political,22
complaint,21
if,21
other,21
king,21
author,21
could,21
caistor,21
culture,21
social,21
then,21
you,21
gentry,20
who,20
within,19
shall,19
people,19
these,19
so,19
moral,18
against,18
may,18
bl,18
p,18
midlands,18
lincoln,18
reference,18
john,18
depopulation,18
between,18
well,17
do,17
are,17
history,16
poor,16
r,16
sir,16
pro,16
james,16
mss,16
com,16
poore,16
cambridge,16
evidence,16
has,15
such,15
fo,15
example,15
about,15
commonwealth,15
where,15
made,15
c,15
e,14
found,14
government,14
sp,14
even,14
will,14
eds,14
local,14
would,14
grammar,14
here,14
commission,14
earl,13
w,13
knowledge,13
seditious,13
gentlemen,13
classical,13
men,13
common,12
royal,12
into,12
before,12
tradition,12
salisbury,12
century,12
wch,12
house,12
my,12
out,12
late,12
lords,12
commons,12
small,12
two,12
new,12
enclosers,12
class,12
text,12
william,12
while,12
voice,12
when,12
intended,12
o,11
stuart,11
church,11
authority,11
first,11
j,11
yor,11
walter,11
tenants,11
transcripts,11
fables,11
own,11
violence,11
read,11
us,11
lord,11
only,11
golden,11
trigge,11
transcript,11
order,11
very,11
both,11
being,10
ii,10
vols,10
take,10
state,10
case,10
sedition,10
wealth,10
your,10
hidden,10
family,10
yet,10
thought,10
him,10
earlier,10
justice,10
did,10
pelham,10
written,10
course,10
judges,10
medieval,9
later,9
schools,9
ballad,9
possible,9
fos,9
dis,9
anonymity,9
than,9
town,9
whose,9
l,9
too,9
downe,9
belvoir,9
fox,9
least,9
up,9
crime,9
heneage,9
therefore,9
make,9
many,9
minister,9
another,9
microfilm,9
martin,9
can,9
school,9
over,9
clearly,9
thompson,9
yt,9
offered,9
little,9
enclosing,8
group,8
prince,8
h,8
pasture,8
jupiter,8
copy,8
agrarian,8
soc,8
con,8
sixteenth,8
ballads,8
reputation,8
bloody,8
houses,8
let,8
privy,8
castle,8
still,8
under,8
godly,8
man,8
rhetoric,8
council,8
upon,8
region,8
period,8
hist,8
seen,8
scipio,8
returns,8
rebellion,8
cause,8
role,8
land,8
among,8
tion,7
true,7
lib,7
plebeian,7
taken,7
able,7
miles,7
papers,7
attacked,7
iv,7
victims,7
townes,7
sent,7
response,7
how,7
peacock,7
mans,7
peasant,7
francis,7
most,7
inquisitions,7
problems,7
whom,7
societies,7
called,7
counties,7
part,7
literature,7
noted,7
call,7
protest,7
petition,7
society,7
f,7
absence,7
criticism,7
god,7
fact,7
great,7
perhaps,7
degree,7
clerical,7
use,7
similar,7
attention,7
analysis,7
blood,7
holmes,7
ing,7
authorities,7
ever,7
offers,7
know,7
add,7
u,7
suggests,7
emphasis,7
level,7
given,7
leicester,7
our,7
much,7
names,6
hatfield,6
conversion,6
told,6
large,6
agency,6
likely,6
humble,6
certainly,6
room,6
tyrants,6
haue,6
muniment,6
doore,6
historians,6
sought,6
vol,6
point,6
grantham,6
andrew,6
relationships,6
g,6
turn,6
back,6
bennett,6
critique,6
sheffield,6
after,6
strange,6
literary,6
monster,6
care,6
myths,6
failure,6
used,6
edn,6
place,6
enclosures,6
closing,6
assize,6
scott,6
comons,6
provided,6
cont,6
economic,6
laceby,6
power,6
end,6
rulers,6
examples,6
significant,6
authors,6
language,6
decay,6
education,6
foster,6
lines,6
itself,6
meant,6
ovid,6
associated,6
known,6
record,6
country,6
sheep,6
down,6
appendix,6
historical,6
form,6
scase,6
wth,6
son,6
mcrae,6
through,6
content,6
named,6
d,6
reformation,6
enclosed,6
am,6
ser,6
themselves,6
stac,6
now,5
dangers,5
market,5
letter,5
stone,5
easily,5
oppressive,5
something,5
source,5
said,5
every,5
words,5
titus,5
context,5
less,5
dearth,5
dr,5
draw,5
jps,5
central,5
thus,5
som,5
roger,5
since,5
riot,5
restore,5
adam,5
architectural,5
quene,5
honour,5
bills,5
act,5
direct,5
elsewhere,5
n,5
oppression,5
important,5
mon,5
opening,5
rule,5
lindsey,5
lived,5
arable,5
poverty,5
however,5
don,5
elizabeth,5
gave,5
records,5
heart,5
significantly,5
ingram,5
lordship,5
subsequently,5
identified,5
drama,5
sermon,5
stc,5
reports,5
gentleman,5
midland,5
towns,5
larger,5
aesop,5
honor,5
hand,5
everyday,5
seventeenth,5
renaissance,5
wood,5
wolds,5
plumes,5
clear,5
pride,5
allowed,5
thomas,5
article,5
ye,5
thirsk,5
authorship,5
parish,5
george,5
claimed,5
must,5
estate,5
crowds,5
gone,5
civic,5
report,5
iii,5
whether,5
library,5
despite,5
writing,5
come,5
question,5
anonymous,5
elites,5
thinke,5
seek,5
recent,5
deference,4
obligations,4
star,4
greate,4
dainty,4
experience,4
threats,4
posed,4
give,4
literate,4
subsequent,4
quarter,4
robert,4
reading,4
hostility,4
univ,4
advice,4
immediate,4
nor,4
jl,4
david,4
six,4
served,4
edward,4
mynds,4
send,4
understand,4
university,4
driven,4
show,4
powerful,4
opinion,4
strategy,4
sanderson,4
othrs,4
informed,4
cultural,4
recently,4
verse,4
explain,4
whole,4
princely,4
coates,4
tudor,4
presented,4
below,4
allegiance,4
dictionary,4
things,4
sufficient,4
manchester,4
reported,4
ment,4
paid,4
world,4
gould,4
grateful,4
actions,4
activities,4
led,4
matter,4
britain,4
criticize,4
essex,4
revolt,4
death,4
libelling,4
landed,4
greed,4
single,4
challenged,4
magistrates,4
assizes,4
rebels,4
members,4
oral,4
law,4
again,4
others,4
gelo,4
inquisition,4
lack,4
striking,4
ought,4
yee,4
reform,4
beg,4
took,4
fable,4
michael,4
flesh,4
day,4
violent,4
years,4
armyne,4
father,4
failings,4
farming,4
represented,4
sers,4
wonderful,4
office,4
significance,4
three,4
warwickshire,4
peter,4
feare,4
become,4
enemies,4
capitalism,4
pupils,4
widely,4
bee,4
relationship,4
declaration,4
force,4
returned,4
lawrence,4
lives,4
face,4
area,4
life,4
literacy,4
chamber,4
publicly,4
enclo,4
accounts,4
pt,4
par,4
interested,4
thy,4
sermons,4
glory,4
reign,4
making,4
problem,4
threat,4
elizabethan,4
preached,4
diocese,4
peacocks,4
howses,4
proclamations,4
discovery,4
need,4
seeks,4
diggers,4
depopu,4
enterprise,4
create,4
rhymes,4
should,4
decaying,3
does,3
huntington,3
lation,3
dore,3
protests,3
rev,3
ready,3
trans,3
basingstoke,3
northamptonshire,3
live,3
sons,3
studies,3
title,3
saturn,3
crowne,3
production,3
interests,3
script,3
active,3
nature,3
hatred,3
saturne,3
histories,3
lascyvious,3
reveal,3
keith,3
ties,3
africanus,3
xv,3
obvious,3
phaeton,3
midas,3
interestingly,3
andy,3
lansdowne,3
ticular,3
visitation,3
honest,3
issued,3
dealings,3
expected,3
learning,3
forced,3
candidates,3
cases,3
wendy,3
old,3
document,3
dallison,3
baldwin,3
inclusion,3
find,3
apparently,3
lyving,3
general,3
subversion,3
sisters,3
scotton,3
york,3
reflects,3
lief,3
injuries,3
developed,3
trueth,3
sort,3
subsistence,3
special,3
sessions,3
study,3
govern,3
xxx,3
space,3
braddick,3
circulated,3
bad,3
abuses,3
consciousness,3
impact,3
frequently,3
coventry,3
age,3
four,3
beyond,3
followed,3
kynde,3
m,3
tyranny,3
drawing,3
croft,3
looke,3
came,3
godlines,3
appearance,3
preaching,3
attack,3
harme,3
inter,3
bellany,3
punishment,3
though,3
ther,3
appears,3
cannot,3
scale,3
required,3
hath,3
oh,3
possibility,3
receive,3
aspects,3
almost,3
directly,3
basis,3
dog,3
satire,3
prompted,3
curriculum,3
revealed,3
reminded,3
attracted,3
bishop,3
personal,3
status,3
constraynde,3
gracious,3
dye,3
subtle,3
successful,3
hard,3
suggest,3
around,3
several,3
sites,3
metamorphoses,3
ordship,3
resistance,3
proper,3
labelled,3
meanyng,3
threatened,3
second,3
feudalism,3
letters,3
action,3
concessions,3
proverbs,3
wrote,3
located,3
warwick,3
play,3
converted,3
community,3
wallowed,3
leicestershire,3
doe,3
makes,3
serve,3
thesis,3
watson,3
same,3
gestural,3
husbandry,3
gay,3
dames,3
williams,3
love,3
name,3
mark,3
shelf,3
goodes,3
put,3
gentle,3
rents,3
music,3
documents,3
choice,3
arthur,3
pattern,3
maintayne,3
fear,3
forms,3
ages,3
enough,3
proverbial,3
continuing,3
spoke,3
practice,3
rich,3
private,3
jes,3
pulpits,3
judge,3
elite,3
seeke,3
throwe,3
dress,3
bed,3
nothing,3
sible,3
fruitfull,3
open,3
reality,3
publication,3
clue,3
ireland,3
owne,3
played,3
mainly,3
humor,3
story,3
haven,3
atlas,3
mens,3
hope,3
dispossessed,3
division,3
increasing,3
me,3
plays,3
dnb,3
translation,3
establish,3
threaten,3
ch,3
centuries,3
seat,3
any,3
going,3
growing,3
hang,3
throw,3
eng,3
tawney,3
implied,3
physical,3
hawghty,3
ran,3
ordered,3
bk,3
control,3
acts,3
print,3
ph,3
heavy,3
works,3
terms,3
particular,3
ma,3
greedy,3
secure,3
morrice,3
episode,3
suppress,3
targets,3
middle,3
remember,3
intention,3
families,3
representation,3
complaints,3
argument,3
arre,3
defence,3
charge,3
values,3
vi,3
pompe,3
tillage,3
corne,3
landlords,3
carthage,3
texts,3
immediately,3
drew,3
observed,3
owe,3
successive,3
nicholas,2
gentility,2
lust,2
edge,2
appealed,2
meaning,2
waies,2
groups,2
pull,2
trained,2
griev,2
episodes,2
naming,2
intriguing,2
poorer,2
mar,2
sphere,2
crossing,2
articulating,2
heal,2
needed,2
gayne,2
myth,2
properly,2
formed,2
candidate,2
howse,2
duke,2
ideals,2
acceptance,2
ameliorate,2
policy,2
lyke,2
occurred,2
avarice,2
uses,2
contested,2
amongst,2
rome,2
credence,2
cast,2
provision,2
hence,2
textual,2
acres,2
commissions,2
complained,2
myndes,2
voices,2
restoration,2
conflict,2
repr,2
freely,2
seems,2
request,2
newby,2
europe,2
leading,2
usually,2
seigneurial,2
corruption,2
desire,2
puritan,2
differences,2
whatever,2
limber,2
train,2
follows,2
thanks,2
court,2
dom,2
feature,2
stand,2
precisely,2
publicize,2
profitable,2
ity,2
domestic,2
polit,2
martilmas,2
tell,2
seminar,2
ad,2
fortune,2
takes,2
roy,2
tie,2
primary,2
mass,2
dissidence,2
vulnerability,2
reminder,2
ymport,2
felt,2
shame,2
nestors,2
intriguingly,2
ings,2
doth,2
mental,2
lxix,2
household,2
along,2
negotiation,2
himself,2
plenty,2
golding,2
beggars,2
usurping,2
harold,2
coun,2
thowsands,2
disorder,2
tyrannical,2
inner,2
development,2
pursuit,2
xxiii,2
de,2
interest,2
sodenly,2
pooreman,2
ability,2
topic,2
dence,2
strategic,2
whores,2
weaknesses,2
involvement,2
punning,2
mynd,2
clark,2
deathe,2
curiously,2
betters,2
raises,2
subjects,2
richr,2
http,2
allowing,2
effective,2
witnessed,2
drawn,2
obscure,2
voiage,2
details,2
promised,2
comaundes,2
rights,2
site,2
interesting,2
simultaneously,2
heare,2
felicity,2
subordination,2
sheffoild,2
tait,2
growth,2
across,2
stop,2
joan,2
thou,2
fantasies,2
lamentable,2
hughes,2
mean,2
governors,2
rather,2
inclosures,2
opportunity,2
lincolne,2
leave,2
magistracy,2
ix,2
chariot,2
danger,2
echoed,2
lay,2
awareness,2
allegorical,2
underline,2
means,2
references,2
provinces,2
thepoore,2
servants,2
theyr,2
tensions,2
locally,2
moved,2
les,2
familiar,2
presumably,2
latin,2
threatening,2
numbers,2
trou,2
weak,2
calendar,2
jacobson,2
legends,2
corage,2
bacon,2
queen,2
cost,2
monarch,2
hereafter,2
latine,2
landlord,2
shakespere,2
baildon,2
mocking,2
harleian,2
nottingham,2
holdings,2
greater,2
dayes,2
depopulations,2
aftermath,2
included,2
allow,2
oppresse,2
ambition,2
access,2
conspicuous,2
ridicule,2
scotland,2
criticisms,2
radical,2
esops,2
foundations,2
poetry,2
term,2
materiality,2
irony,2
teaching,2
understood,2
promise,2
woodbridge,2
placed,2
dialectic,2
tension,2
taught,2
larkin,2
retribution,2
reportes,2
nichols,2
none,2
halton,2
protesters,2
marsh,2
line,2
quart,2
work,2
hee,2
manorial,2
embarrass,2
del,2
conse,2
therfore,2
camera,2
inferiors,2
quickly,2
cruell,2
comment,2
ten,2
year,2
during,2
ffor,2
relevance,2
thereafter,2
clodagh,2
reflect,2
maintaynes,2
xviii,2
quences,2
stowe,2
won,2
sions,2
endorsement,2
monroe,2
famine,2
oppose,2
either,2
aire,2
change,2
published,2
field,2
respon,2
anger,2
responsibility,2
box,2
contrast,2
brumble,2
fortenight,2
discourse,2
involved,2
endowed,2
june,2
wider,2
highly,2
askes,2
governments,2
brought,2
notorious,2
research,2
rumour,2
decline,2
boundaries,2
villages,2
miserie,2
always,2
generally,2
sheriff,2
wife,2
counselled,2
alienated,2
gordon,2
readership,2
fforraine,2
reigns,2
knowen,2
san,2
underground,2
ical,2
clive,2
tyme,2
taske,2
happy,2
juliet,2
ances,2
limited,2
harris,2
lies,2
steede,2
punish,2
july,2
rebellions,2
echo,2
hold,2
bodleian,2
once,2
henneage,2
sigs,2
mission,2
message,2
east,2
demographic,2
hands,2
jay,2
acting,2
earls,2
rightly,2
performed,2
sharply,2
ofesop,2
rack,2
hadst,2
revenge,2
payments,2
picture,2
paul,2
book,2
stated,2
mighty,2
renewed,2
towards,2
speaks,2
greeke,2
lieutenant,2
hajzyk,2
abstract,2
shire,2
viii,2
ble,2
superiors,2
defamation,2
warning,2
away,2
considerable,2
hill,2
reformed,2
hawarde,2
thousands,2
nought,2
timing,2
ayde,2
belief,2
hainton,2
stigmatize,2
anticipate,2
remained,2
original,2
simon,2
crown,2
discussion,2
survive,2
communities,2
lake,2
including,2
sworn,2
previously,2
proved,2
affirmations,2
concern,2
weeks,2
petyt,2
emphasize,2
refers,2
pauline,2
exhibited,2
roman,2
ibid,2
fulfil,2
archive,2
full,2
struction,2
california,2
nevertheless,2
vii,2
negotiating,2
stellata,2
help,2
quotation,2
discovered,2
urbana,2
archaeological,2
gesture,2
points,2
utter,2
health,2
evils,2
decayed,2
held,2
christopher,2
times,2
scribal,2
derived,2
tim,2
spread,2
summer,2
ticklish,2
farms,2
worldly,2
short,2
repeated,2
especially,2
prosecution,2
edmund,2
often,2
hastings,2
effect,2
excluded,2
raised,2
seeking,2
sug,2
cruel,2
lesse,2
cary,2
fails,2
farm,2
manner,2
lyve,2
rebel,2
note,2
five,2
ridings,2
ideology,2
eare,2
rough,2
shadowe,2
select,2
lost,2
collections,2
detailed,2
anxiety,2
owed,2
parade,2
goodly,2
enforce,2
antiquities,2
respect,2
prosecuted,2
centres,2
sterved,2
arts,2
militia,2
dorset,2
addressed,2
bench,2
chere,2
acquired,2
depopulators,2
fifteen,2
thinking,2
lessons,2
railing,2
spensley,2
series,2
sheepe,2
forwarded,2
echoes,2
ha,2
besides,2
temple,2
meat,2
vio,2
sustained,2
resonance,2
choose,2
extant,2
each,2
comon,2
sure,2
greedines,2
resentment,2
seem,2
half,2
loyalty,2
speech,2
dramatic,2
particularly,2
er,2
andpractice,2
intro,2
grievances,2
goods,2
audience,2
bin,2
identities,2
explicitly,2
invite,2
disputes,2
just,2
policies,2
harton,2
destroyed,2
hasler,2
following,2
vicar,2
protocols,2
pardon,2
steal,2
carefully,2
lands,2
combined,2
character,2
agricultural,2
manuscripts,2
extent,2
curre,2
apparell,2
helpe,2
oppres,2
lence,2
punishments,2
xi,2
howard,2
code,2
recognition,2
mod,2
ill,2
repression,2
beer,2
wisheth,2
november,2
duty,2
monarchs,2
subject,2
wray,2
ranks,2
exploit,2
think,2
alliance,2
nov,2
understandings,2
shown,2
powers,2
copies,2
knights,2
fourteenth,2
promythia,2
sufferings,2
never,2
consumption,2
range,2
soden,2
variously,2
defiance,2
playing,2
off,2
countrey,2
captain,2
remains,2
profits,2
kerridge,2
news,2
snatched,2
justify,2
failing,2
say,2
neede,2
mp,2
fears,2
blesse,2
grace,2
exchanges,2
meeting,2
termed,2
woodde,1
bkl,1
resolve,1
frequent,1
razed,1
difficult,1
bristling,1
appeal,1
go,1
fleming,1
archives,1
sharpe,1
gerald,1
falvey,1
inclosure,1
humanism,1
done,1
modulated,1
conscionably,1
pearson,1
tylladge,1
sussex,1
unlawfull,1
recover,1
projected,1
arcane,1
dryven,1
estimated,1
way,1
declared,1
enter,1
hospitality,1
depen,1
productions,1
overthrowing,1
andmellida,1
reay,1
stood,1
opponent,1
imprecations,1
scholar,1
plunging,1
immune,1
created,1
praised,1
encouraged,1
truth,1
represent,1
speke,1
jehoua,1
extreme,1
frugally,1
distress,1
resulted,1
rency,1
ferdinand,1
legitimate,1
thrown,1
hospitable,1
lated,1
spurious,1
loades,1
coerce,1
appear,1
manuscript,1
distributed,1
per,1
legitimization,1
undutifull,1
quyetnesfs,1
forcing,1
suppressed,1
fined,1
elementary,1
judged,1
hate,1
conquering,1
mike,1
receiue,1
confidence,1
enhance,1
allegedly,1
diverge,1
syllables,1
fragment,1
daye,1
hull,1
word,1
pel,1
trusf,1
remind,1
confines,1
convertible,1
med,1
sets,1
lymbo,1
criticizes,1
loomed,1
walker,1
timed,1
iust,1
ruled,1
censure,1
better,1
scarred,1
emmison,1
continuity,1
whiting,1
devices,1
position,1
graffiti,1
necessarily,1
pose,1
laid,1
villany,1
total,1
holding,1
tells,1
robinson,1
oates,1
village,1
interpretative,1
nineteenth,1
rosemary,1
instructing,1
arguing,1
reverberations,1
delight,1
obser,1
baumann,1
root,1
limestone,1
proclamation,1
turning,1
hints,1
laura,1
dictionaries,1
arms,1
cutting,1
anti,1
sequence,1
member,1
juste,1
awkwardness,1
medea,1
pastoral,1
passion,1
else,1
t,1
observer,1
livings,1
sympathizers,1
sources,1
wrong,1
titles,1
rivals,1
kahrl,1
alia,1
rysinge,1
distanced,1
setting,1
grinde,1
literarius,1
handicraftsmen,1
gowing,1
proud,1
apprehensive,1
military,1
braynes,1
address,1
asso,1
rita,1
farmer,1
kent,1
worlde,1
advanced,1
ofcaistor,1
breade,1
editions,1
historiography,1
damaged,1
canon,1
unjust,1
resemblance,1
camden,1
possibilities,1
reach,1
yards,1
misreported,1
ripon,1
crops,1
assembling,1
explores,1
conteining,1
royall,1
paranoia,1
suggesting,1
prop,1
thro,1
convert,1
display,1
confusion,1
conscripting,1
haughty,1
richards,1
grounding,1
wave,1
imaginary,1
parodied,1
normative,1
monwealth,1
borne,1
trip,1
ences,1
plead,1
jere,1
strat,1
paign,1
approve,1
previous,1
kingdom,1
disband,1
listing,1
unto,1
fitt,1
magnanimity,1
tinction,1
achieved,1
harlaxton,1
independent,1
embrace,1
aristocrats,1
harmondsworth,1
devised,1
prescription,1
lxx,1
emphasized,1
influences,1
communication,1
henry,1
reserved,1
gifts,1
shew,1
creativity,1
secondly,1
somewhat,1
everyone,1
outstripped,1
intelligence,1
manipulate,1
hostile,1
oscillating,1
embroiled,1
prosper,1
similarities,1
tressed,1
followers,1
courage,1
british,1
deuy,1
issue,1
acknowledged,1
occasional,1
stile,1
lic,1
existence,1
forthcoming,1
moisture,1
lamentation,1
rolls,1
inquire,1
plain,1
arrival,1
manifesto,1
attribute,1
formulation,1
hr,1
capacity,1
mennes,1
redres,1
notoriety,1
pub,1
ruyn,1
frith,1
saying,1
agriculture,1
right,1
neptune,1
deal,1
custom,1
chapter,1
mythology,1
oppressing,1
staines,1
anticipation,1
restoring,1
xx,1
condemne,1
powerlessness,1
responses,1
helpful,1
capable,1
recommended,1
activity,1
ar,1
subaltern,1
pleasant,1
shared,1
slight,1
moderation,1
ciful,1
worry,1
thay,1
splendid,1
ordre,1
richard,1
cion,1
dinner,1
terence,1
looseth,1
comotion,1
covet,1
barry,1
exemplars,1
apart,1
taking,1
scorn,1
jove,1
x,1
treating,1
benefactors,1
magistrate,1
owners,1
laws,1
cornelius,1
releeuve,1
apply,1
yf,1
daies,1
stewardship,1
promises,1
pinch,1
facto,1
ritual,1
prosecu,1
identifies,1
worker,1
goldie,1
seruingmen,1
analyse,1
ized,1
collection,1
penetrate,1
intervention,1
manley,1
carelesfs,1
oflesus,1
juno,1
framework,1
posting,1
mid,1
usage,1
subsist,1
numantius,1
linked,1
roote,1
brears,1
otherwise,1
luxury,1
distru,1
exercises,1
centralized,1
township,1
plunderers,1
uncensored,1
dependence,1
schoolteacher,1
proceeded,1
famously,1
reverse,1
explained,1
reassert,1
schofield,1
rhyming,1
eating,1
contemporaneous,1
faced,1
due,1
objective,1
fan,1
visited,1
bandes,1
helen,1
human,1
hierarchy,1
circulation,1
thrall,1
maintenance,1
divine,1
reflection,1
relatively,1
regarded,1
janet,1
whetstone,1
remembrances,1
helena,1
moment,1
brother,1
relations,1
gendered,1
santa,1
envy,1
tinmas,1
price,1
kirk,1
burton,1
ease,1
andrewes,1
lxviii,1
pay,1
assured,1
theaters,1
seaman,1
vengeance,1
admitted,1
arena,1
exercise,1
armour,1
drum,1
clay,1
ciation,1
pretensions,1
ation,1
complains,1
reluctance,1
problematize,1
mistakes,1
places,1
patch,1
displays,1
nettleton,1
prefigured,1
poisons,1
refer,1
douce,1
rollins,1
amount,1
body,1
highest,1
walles,1
serving,1
commendation,1
suitable,1
itemizes,1
hectors,1
ydle,1
peerage,1
musgrave,1
spight,1
fines,1
left,1
extirpa,1
continuous,1
loveth,1
cardinal,1
tra,1
beginning,1
georges,1
sicilian,1
rebuild,1
guinary,1
cadet,1
explore,1
itie,1
hereabouts,1
nick,1
stimulating,1
sedulously,1
journal,1
slander,1
hannibal,1
pos,1
patrons,1
envisage,1
morrill,1
throng,1
leadership,1
occasion,1
key,1
martial,1
pronounced,1
ending,1
scripts,1
accusation,1
incessante,1
construc,1
nuanced,1
acknowledge,1
quiet,1
stanley,1
jerusalem,1
saliency,1
anno,1
sorceress,1
moreover,1
incroaching,1
subiects,1
ued,1
nei,1
employ,1
failed,1
loyal,1
steps,1
opposed,1
suppressing,1
online,1
depopula,1
weapon,1
cuntrye,1
commendac,1
wherefore,1
alleged,1
ffountaine,1
reac,1
duffield,1
added,1
parliaments,1
ably,1
upright,1
without,1
ouerthrowe,1
identification,1
cytie,1
economy,1
walsham,1
needy,1
links,1
bring,1
alastair,1
nims,1
questier,1
arising,1
sentences,1
communicate,1
occurring,1
mercie,1
declaring,1
district,1
en,1
cone,1
levels,1
johnston,1
fair,1
doctrine,1
obituary,1
crest,1
notion,1
process,1
untimely,1
highway,1
players,1
brinsley,1
collinson,1
killing,1
ludus,1
survives,1
phrases,1
forwards,1
keep,1
lasted,1
aligns,1
supplement,1
implicit,1
loses,1
thing,1
landscapes,1
midsummer,1
frighten,1
variant,1
ongoing,1
contributions,1
tree,1
complaintes,1
mobilize,1
gentlemanly,1
lawyer,1
empowerment,1
arbor,1
tence,1
complaining,1
tious,1
provides,1
troublesome,1
defenders,1
glasse,1
support,1
sett,1
clerisy,1
gallant,1
suppression,1
generall,1
subordinated,1
wee,1
tinued,1
ensure,1
wages,1
wanted,1
plural,1
consider,1
broadside,1
shaming,1
triumphant,1
organization,1
feminine,1
sex,1
river,1
film,1
retained,1
br,1
image,1
unnamed,1
foreteller,1
grounds,1
branch,1
cecil,1
covery,1
section,1
edition,1
days,1
boast,1
propaganda,1
articulated,1
honourable,1
contemporaries,1
lematic,1
argued,1
fore,1
prevent,1
met,1
benefited,1
herafter,1
ministers,1
suspiciously,1
operate,1
experienced,1
yea,1
merciless,1
heards,1
stewart,1
populated,1
occupied,1
secur,1
follow,1
derby,1
exceed,1
oyer,1
efficient,1
notions,1
harts,1
consequence,1
amassed,1
patent,1
couplet,1
alwaies,1
enormities,1
billing,1
permanent,1
vale,1
injustice,1
devisers,1
essays,1
publicity,1
epideictic,1
helped,1
ernin,1
gesturing,1
providing,1
tory,1
humility,1
satisfaction,1
persed,1
preach,1
plausibly,1
righting,1
thrust,1
commanded,1
graduates,1
oppositional,1
ljordship,1
draws,1
chronological,1
opponents,1
tain,1
declarations,1
troubling,1
moving,1
subjectes,1
based,1
nounced,1
choir,1
kinge,1
someone,1
location,1
diligently,1
leach,1
transmission,1
ormrod,1
weapons,1
carrying,1
demise,1
traditionally,1
lion,1
tadmor,1
relating,1
allegorically,1
ambiguity,1
aristocratic,1
treason,1
seven,1
patrick,1
conventionally,1
crowd,1
intellectuals,1
sumptuary,1
reply,1
ribeiro,1
routs,1
pass,1
isle,1
arston,1
ironically,1
noting,1
uncharitably,1
commoners,1
deciphering,1
governing,1
demnation,1
oppressor,1
suits,1
representative,1
ceived,1
sends,1
seuer,1
benefit,1
embedded,1
remedy,1
further,1
companion,1
peacocke,1
inveigh,1
criticizing,1
sword,1
ann,1
couragement,1
equally,1
examiners,1
prompt,1
ence,1
tran,1
durham,1
wales,1
rent,1
courteous,1
displayed,1
godspeed,1
yarborough,1
mitson,1
gov,1
magnanimous,1
dismissal,1
afforded,1
population,1
edu,1
produced,1
persons,1
companies,1
unemployment,1
obedience,1
wherein,1
ductive,1
teach,1
scurrility,1
unconvincing,1
russell,1
presided,1
unre,1
plainely,1
breathing,1
judicial,1
lyons,1
absolute,1
admissions,1
butterwick,1
coss,1
bow,1
opposition,1
heavily,1
died,1
misrepresented,1
greivances,1
tant,1
sedicious,1
proj,1
impression,1
scribe,1
silver,1
because,1
shape,1
representatives,1
specifically,1
having,1
claiming,1
participation,1
unequal,1
differ,1
phoses,1
julia,1
flourish,1
leeseth,1
monson,1
propagated,1
ening,1
enclos,1
publish,1
oxygen,1
intimidate,1
strengths,1
received,1
abstracts,1
already,1
responding,1
conscience,1
instituted,1
writers,1
prognosticating,1
reader,1
coach,1
alehouse,1
user,1
virtues,1
damnation,1
watts,1
denial,1
hunger,1
searby,1
calls,1
brocklesby,1
norreys,1
tune,1
excessive,1
feared,1
bite,1
criticized,1
meaninge,1
hornblower,1
repeating,1
loss,1
ingly,1
categories,1
tale,1
fit,1
consistently,1
discoursing,1
ses,1
aemilianus,1
literally,1
collective,1
disrespect,1
faint,1
pts,1
structures,1
conveyed,1
friend,1
announcing,1
libellous,1
et,1
colchester,1
forces,1
swift,1
douglas,1
hautie,1
surrounding,1
legislation,1
regional,1
saied,1
employed,1
cat,1
wrightson,1
rex,1
astute,1
ular,1
manu,1
punishe,1
appetites,1
fugitive,1
destruction,1
conform,1
visions,1
universally,1
assembly,1
enthusiastic,1
overly,1
graduate,1
chancellor,1
egy,1
prowdest,1
protestations,1
regions,1
massacre,1
citing,1
seruingmans,1
prices,1
quarterly,1
publicus,1
check,1
multiplicity,1
tone,1
offences,1
accused,1
tojgether,1
venables,1
correct,1
caused,1
comming,1
cold,1
unlocatable,1
tom,1
shaping,1
revolution,1
cious,1
individualism,1
wards,1
compensating,1
lawton,1
erty,1
next,1
pleade,1
politically,1
recollection,1
archaeology,1
fury,1
dzelzainis,1
compromising,1
erable,1
sharp,1
quite,1
midst,1
carried,1
busines,1
gests,1
testers,1
allusions,1
sake,1
long,1
troubles,1
whitehall,1
heat,1
dwell,1
circuit,1
charismatic,1
concept,1
quorum,1
fraught,1
few,1
ifs,1
disclaimer,1
yssues,1
ship,1
dermot,1
vation,1
starting,1
parvenus,1
comfort,1
presence,1
observe,1
soke,1
peak,1
protect,1
coastwise,1
success,1
cur,1
happen,1
quarrell,1
telling,1
enquire,1
raiment,1
whatsoever,1
core,1
maine,1
vein,1
condemned,1
finde,1
ohio,1
visible,1
articulation,1
plentie,1
ofte,1
pays,1
productivity,1
timely,1
formd,1
consistent,1
idle,1
emperor,1
goddese,1
factionalism,1
geve,1
structured,1
reflected,1
cogswell,1
lowed,1
delite,1
value,1
monarchy,1
sinless,1
inform,1
rotten,1
mutter,1
bartlett,1
engrossing,1
miserable,1
execution,1
eileen,1
gibbs,1
impor,1
championed,1
epitaph,1
avoid,1
periods,1
covetousness,1
survived,1
barbara,1
south,1
afterlife,1
sittings,1
exis,1
ynvade,1
lambasted,1
press,1
sovereign,1
absentee,1
casualty,1
tumult,1
transform,1
aristocracy,1
curricula,1
coumpt,1
louth,1
quize,1
clas,1
minor,1
lit,1
condemnation,1
attempts,1
materials,1
various,1
noble,1
agreed,1
domination,1
hodgett,1
gabriel,1
hyperbole,1
cockbum,1
pilgrimage,1
licence,1
indeed,1
thoughts,1
service,1
exile,1
surprisingly,1
queenes,1
archy,1
flavius,1
aesopian,1
return,1
guides,1
coleman,1
meaner,1
guess,1
assure,1
prove,1
attempt,1
newe,1
petitioning,1
pointed,1
christ,1
illustrating,1
particularized,1
unfitt,1
xl,1
comments,1
experiences,1
holders,1
hanged,1
boy,1
retelling,1
targeted,1
movement,1
landlordly,1
malice,1
knighted,1
seemingly,1
neat,1
bailey,1
surveyed,1
umphantly,1
religious,1
ipso,1
adapted,1
selection,1
positive,1
structural,1
assigned,1
majesties,1
powerfully,1
declamation,1
label,1
corpus,1
blush,1
pastures,1
confronting,1
guide,1
perceiued,1
euery,1
denunciation,1
acreage,1
ofhuntington,1
flat,1
relied,1
interpretation,1
permission,1
exposed,1
wake,1
pp,1
yesterday,1
september,1
menace,1
evil,1
plough,1
discussions,1
clergy,1
oakham,1
parishes,1
fifth,1
formally,1
cliff,1
alford,1
chronology,1
manor,1
unpeopleing,1
morphoses,1
neither,1
ancient,1
critical,1
riots,1
palmer,1
achieve,1
chris,1
demnatory,1
home,1
extravagant,1
property,1
tryal,1
wilbraham,1
orders,1
positively,1
light,1
complete,1
liberties,1
martinmas,1
workers,1
peece,1
maddicott,1
ro,1
depopulacons,1
baltimore,1
cavanagh,1
auncient,1
cottages,1
hay,1
al,1
disturbing,1
vespasianus,1
chusing,1
sinne,1
largest,1
resounding,1
appeals,1
provocative,1
illustrated,1
contains,1
theise,1
increasingly,1
contemptuous,1
misc,1
shows,1
reproof,1
scoulding,1
directions,1
sinfulness,1
sketch,1
considers,1
gotten,1
fill,1
calcethorpe,1
volume,1
retaliation,1
routes,1
outbreak,1
plaining,1
discipline,1
enquiry,1
quietly,1
leader,1
fire,1
maiesties,1
philol,1
precocious,1
pledged,1
begg,1
challenge,1
terminer,1
frederick,1
fell,1
priams,1
ernment,1
litigants,1
heraldic,1
available,1
similarly,1
taketh,1
slavery,1
mnemonic,1
cheaply,1
contin,1
saturnus,1
addition,1
overthrown,1
apparelp,1
endorse,1
smith,1
missing,1
commod,1
erasmus,1
accompt,1
trayle,1
depopulated,1
conformity,1
troye,1
tions,1
longer,1
twenty,1
schoole,1
turner,1
aldershot,1
conduct,1
areas,1
plebeians,1
cumulative,1
knowe,1
eleventh,1
gested,1
prepared,1
relieved,1
compound,1
powerless,1
appeared,1
conor,1
sanctions,1
regulation,1
ierusalem,1
drafting,1
veering,1
pouch,1
time,1
sung,1
poems,1
break,1
certaine,1
sorrie,1
hear,1
antonio,1
onance,1
faults,1
spawforth,1
debates,1
seize,1
contemporary,1
underdown,1
ominously,1
prosaic,1
vaunting,1
worthie,1
override,1
serious,1
audiences,1
anne,1
offence,1
phan,1
readers,1
throwing,1
accusations,1
learn,1
oppressors,1
appellation,1
deploy,1
handed,1
ceede,1
mcllwain,1
woll,1
xhejust,1
anglia,1
exercised,1
developing,1
refrain,1
sister,1
accepted,1
ish,1
orthodoxy,1
extremity,1
relevant,1
vulnerable,1
marrying,1
eton,1
ission,1
lancelot,1
duties,1
emls,1
necessary,1
excep,1
conviction,1
guiltie,1
criticiz,1
norms,1
blaming,1
simplicity,1
tenaunts,1
invitation,1
meta,1
governance,1
cul,1
distance,1
beautifull,1
literatures,1
learnt,1
godes,1
acquire,1
shot,1
free,1
remarkably,1
interrelationships,1
treshams,1
capture,1
wrack,1
casting,1
barrett,1
tilley,1
scant,1
institutions,1
seueritie,1
antony,1
demonstrated,1
holinshed,1
liv,1
singers,1
understanding,1
balance,1
shapiro,1
exploring,1
arch,1
extended,1
theirs,1
sanguinary,1
rymes,1
disease,1
session,1
intent,1
rendered,1
easier,1
craig,1
northampton,1
eighteenth,1
implicated,1
cokayne,1
onwealth,1
writings,1
polity,1
depended,1
souldiers,1
phebus,1
surmount,1
decaie,1
reside,1
briefe,1
therefrom,1
identity,1
beares,1
findings,1
montagu,1
honorable,1
controlling,1
stroyer,1
eighties,1
bears,1
waste,1
repertory,1
raven,1
sold,1
distrust,1
largely,1
licensed,1
chs,1
assume,1
layes,1
ventrilo,1
morality,1
vocabulary,1
metre,1
ideas,1
weare,1
pleasure,1
yorkshire,1
questions,1
bitter,1
sonne,1
real,1
acquainte,1
like,1
purse,1
fenland,1
examination,1
signal,1
chosen,1
vices,1
younger,1
trasts,1
dating,1
wante,1
students,1
fame,1
alarming,1
finally,1
emboldened,1
communicator,1
meanings,1
snatching,1
tering,1
ioye,1
aware,1
directed,1
worrying,1
uncontrollable,1
notice,1
express,1
profession,1
frends,1
disappointed,1
interpret,1
agric,1
kesteven,1
anxious,1
counter,1
august,1
gestures,1
symposium,1
jacobean,1
characterized,1
unduetifull,1
figurative,1
revised,1
discreetest,1
creating,1
remark,1
features,1
high,1
variance,1
tirants,1
obtained,1
whye,1
lie,1
administrative,1
imbibed,1
kept,1
comforts,1
emc,1
conversation,1
authentication,1
peer,1
whethr,1
avayll,1
standard,1
claim,1
insistently,1
construct,1
latter,1
morals,1
imagination,1
spent,1
why,1
proclaim,1
ture,1
safest,1
overwintered,1
pardoned,1
controulde,1
valued,1
discarded,1
random,1
include,1
libells,1
satisfy,1
trying,1
chose,1
inspired,1
sedi,1
penning,1
amussen,1
misgovernment,1
allusion,1
possessive,1
calculus,1
responsible,1
thall,1
waterborne,1
enabled,1
wise,1
xvi,1
exactly,1
deliberate,1
sig,1
define,1
aileen,1
hedges,1
structure,1
v,1
judgement,1
impertinent,1
capabilities,1
probably,1
gerd,1
rhetorical,1
adventure,1
italy,1
vaine,1
sly,1
cotiger,1
securing,1
morris,1
manners,1
grain,1
save,1
voiced,1
psychic,1
overthrow,1
tendency,1
poores,1
peacockes,1
summarized,1
relative,1
intervene,1
pastj,1
adaptive,1
neile,1
ination,1
bibliographical,1
goon,1
greek,1
entanglement,1
obserua,1
mutterings,1
canterbury,1
logistics,1
extraordi,1
harnessing,1
examines,1
reluctant,1
performing,1
stands,1
consequences,1
dispersing,1
comonwealth,1
solar,1
sigh,1
fleshe,1
ymous,1
depth,1
ucsb,1
refused,1
stage,1
twelve,1
heartland,1
hoyle,1
verses,1
smattering,1
ploughs,1
today,1
perspectives,1
irregular,1
iustly,1
raylinge,1
charters,1
gram,1
obey,1
memorie,1
continued,1
seventeen,1
inhabitants,1
vicissitudes,1
yorks,1
sometimes,1
crucial,1
abounded,1
ticularizing,1
criminal,1
ests,1
deferential,1
husband,1
knutson,1
suggestive,1
fully,1
crick,1
humorology,1
albion,1
mirrour,1
begin,1
channel,1
coy,1
conjoined,1
prosecutions,1
lators,1
oppressions,1
circu,1
male,1
binary,1
attacking,1
referred,1
rob,1
metamor,1
sensitive,1
desireth,1
concluding,1
tyacke,1
pop,1
chronicles,1
dispen,1
nay,1
attitudes,1
furnish,1
recognize,1
rapidly,1
paradoxical,1
try,1
la,1
encomium,1
length,1
axholme,1
parva,1
schoolteachers,1
settled,1
reconsider,1
egories,1
bestializing,1
crave,1
construction,1
menston,1
united,1
inferior,1
caste,1
bones,1
sage,1
lybellers,1
antiquary,1
types,1
fields,1
canonical,1
premisses,1
sympathy,1
strategically,1
insurance,1
mishapp,1
consid,1
mirror,1
problematic,1
heather,1
sound,1
grounded,1
susan,1
investigate,1
vicary,1
speak,1
cam,1
thinly,1
difficul,1
res,1
moralized,1
cillors,1
subscription,1
hearts,1
thankfully,1
tyrant,1
colclough,1
laborer,1
proof,1
penitent,1
neglected,1
seriously,1
curious,1
praise,1
loyall,1
contextualize,1
mery,1
coat,1
wher,1
recruiting,1
material,1
xxiv,1
dispersed,1
oclc,1
furthest,1
intervened,1
mentioned,1
version,1
changing,1
peoples,1
worse,1
biography,1
surtees,1
founded,1
agents,1
extensive,1
matters,1
detect,1
mobilized,1
wethers,1
dissent,1
divulged,1
discrepancy,1
precise,1
recognizable,1
thousand,1
rival,1
intermittently,1
charles,1
spots,1
shak,1
improvement,1
copeland,1
mischievious,1
doi,1
wicked,1
symbol,1
inactivity,1
listeners,1
quake,1
tak,1
routinely,1
set,1
headed,1
acclamation,1
protean,1
mirrors,1
alistair,1
mis,1
huttoft,1
natural,1
preferment,1
noyse,1
intellectual,1
incom,1
ditionally,1
owing,1
causes,1
thinges,1
finance,1
languages,1
handes,1
transcriptions,1
tunes,1
share,1
december,1
folk,1
malone,1
relieve,1
connection,1
libeling,1
board,1
believe,1
thine,1
unknown,1
walks,1
leaders,1
pretence,1
chetham,1
armourer,1
manipulations,1
classed,1
therof,1
hindering,1
post,1
textuality,1
eventually,1
last,1
exploiting,1
hospital,1
loyalist,1
parvenu,1
sc,1
perfectly,1
sharpen,1
rely,1
twelfth,1
anglicanism,1
nary,1
liberal,1
brutally,1
jennifer,1
fourfold,1
ruine,1
believed,1
essentially,1
rural,1
lxvii,1
oute,1
bands,1
person,1
begun,1
discontent,1
mought,1
butchering,1
defend,1
according,1
scholarly,1
defending,1
nestor,1
purl,1
strained,1
preference,1
proceedings,1
twofold,1
smaller,1
reactions,1
spatial,1
center,1
kevin,1
roslyn,1
selected,1
list,1
shalbe,1
concerning,1
liefe,1
abraham,1
want,1
jephson,1
westminster,1
eulogy,1
thirty,1
feb,1
pulpit,1
plete,1
saint,1
map,1
xcvii,1
condemn,1
fashions,1
theory,1
ambicious,1
diary,1
livy,1
goe,1
correspondent,1
hegemony,1
xxxii,1
prepare,1
owst,1
knoweth,1
tudors,1
excell,1
chancery,1
extract,1
plottes,1
night,1
amy,1
boys,1
women,1
recorde,1
transgression,1
queries,1
defamatory,1
universe,1
art,1
discrepancies,1
tactical,1
fyt,1
walesby,1
whence,1
exception,1
org,1
preserved,1
clout,1
peace,1
thereby,1
maddison,1
nightingale,1
tri,1
introduced,1
briii,1
pas,1
econ,1
micro,1
dogge,1
whi,1
geographical,1
wilbe,1
justices,1
ohn,1
kinney,1
transition,1
song,1
rash,1
went,1
exempla,1
acute,1
sion,1
conventional,1
events,1
claylands,1
racking,1
encircled,1
indebted,1
kelso,1
appointed,1
pepys,1
untamed,1
sweates,1
using,1
scarcely,1
backwardnes,1
callinge,1
soils,1
motif,1
acquaynyt,1
varied,1
prolong,1
friday,1
rogate,1
benefices,1
frances,1
pacified,1
eric,1
pelhams,1
hyder,1
fleece,1
ure,1
until,1
curtis,1
radicalism,1
peticions,1
theme,1
north,1
unable,1
lists,1
argues,1
enforcement,1
editor,1
disseminating,1
mentalities,1
pithie,1
notes,1
consult,1
disposal,1
schoolmasters,1
detection,1
initiated,1
lately,1
deede,1
butt,1
opens,1
cussion,1
national,1
attract,1
recovering,1
lawes,1
townships,1
unease,1
catch,1
vernacular,1
naomi,1
kishlansky,1
mode,1
burnt,1
runneth,1
harm,1
crisis,1
typescript,1
premature,1
register,1
corrective,1
traitors,1
mayntayned,1
xxxix,1
mobilizing,1
grown,1
fatal,1
hanniball,1
auari,1
virtue,1
cooper,1
rayment,1
constructed,1
transgressed,1
horse,1
thoughtful,1
exacted,1
willingness,1
effects,1
raging,1
apes,1
inequalities,1
plentiful,1
membership,1
brest,1
sical,1
mack,1
association,1
chelmsford,1
increased,1
folly,1
doubtless,1
ruth,1
comparison,1
potential,1
marino,1
vanity,1
surrender,1
vertue,1
distinctions,1
valuable,1
compounded,1
suggested,1
fol,1
ensuring,1
prob,1
alexandra,1
posal,1
fatt,1
ham,1
johnson,1
negotiate,1
reached,1
th,1
presumptuous,1
jason,1
weathers,1
evi,1
aworke,1
tactic,1
behalf,1
appealing,1
classics,1
focus,1
minds,1
subiectes,1
livestock,1
pulling,1
elabora,1
metcalfe,1
pryme,1
panies,1
anon,1
mock,1
noe,1
built,1
consented,1
couplets,1
showed,1
ells,1
close,1
bury,1
major,1
evidently,1
dictum,1
deeper,1
gold,1
ploy,1
