WORDCOUNTS,WEIGHT
the,1357
of,779
and,578
in,426
to,373
a,290
that,207
colonization,169
on,140
for,137
indian,117
was,113
indians,111
as,102
their,100
american,99
new,91
were,91
by,90
would,86
black,85
had,84
white,83
s,82
from,81
with,79
be,78
but,75
blacks,72
states,65
race,62
it,59
his,58
he,57
removal,56
an,55
see,55
who,50
slavery,49
society,49
united,49
acs,48
african,48
america,46
they,45
mccoy,45
this,45
free,45
early,45
whites,44
than,43
or,41
republic,40
is,39
them,39
americans,38
history,37
not,37
could,35
africa,34
been,32
our,32
at,31
government,31
racial,30
york,30
idea,30
about,29
also,29
benevolent,29
have,29
which,28
between,28
colony,27
native,27
after,26
more,26
west,25
journal,25
jefferson,25
western,24
rather,24
its,24
james,24
other,23
many,23
those,22
march,22
even,22
should,22
all,21
war,21
these,21
thomas,21
we,21
william,21
if,20
are,20
p,20
people,20
federal,20
liberia,20
one,19
jackson,19
might,19
some,19
philadelphia,19
only,19
plan,19
cherokees,19
washington,19
into,18
civilization,18
colonizing,18
most,18
colonies,18
annual,18
racism,18
north,18
tion,17
policy,17
future,17
ed,17
before,16
prejudice,16
debate,16
cherokee,15
so,15
supporters,15
up,15
southern,15
finley,15
land,15
i,14
condition,14
such,14
may,14
own,14
settlers,14
south,14
nonwhites,14
same,14
civilized,14
slaves,14
proponents,14
mississippi,13
mind,13
daniel,13
against,13
morse,13
argued,13
like,13
separate,13
webster,13
territory,13
national,13
first,12
great,12
there,12
state,12
clay,12
suggested,12
when,12
equality,12
through,12
two,12
john,12
isaac,12
especially,12
george,12
over,12
both,12
became,12
argument,12
cambridge,12
branagan,11
vols,11
political,11
freed,11
out,11
equal,11
population,11
mcloughlin,11
esp,11
toward,11
man,11
congress,11
frontier,11
potential,11
country,11
report,11
virginia,11
missionary,11
years,11
way,10
rush,10
henry,10
eastern,10
east,10
mass,10
since,10
no,10
theory,10
because,10
part,10
civil,10
during,10
solution,10
nation,10
us,10
mckenney,10
social,10
rhetoric,10
perhaps,10
upon,10
moral,10
beyond,10
northern,10
off,10
life,10
arguments,10
lincoln,10
removed,10
much,10
among,10
meeting,10
now,9
every,9
j,9
robert,9
civilizing,9
races,9
promised,9
benjamin,9
old,9
came,9
color,9
r,9
nations,9
smith,9
men,9
times,9
haven,9
science,9
repository,9
believed,9
jan,9
tribes,9
re,9
fate,8
h,8
ii,8
england,8
principles,8
advocates,8
human,8
andrew,8
insisted,8
what,8
support,8
hierarchies,8
president,8
world,8
movement,8
under,8
european,8
success,8
inferior,8
ing,8
citizens,8
colonists,8
inferiority,8
set,8
jersey,8
while,8
instead,8
d,8
europe,7
together,7
citizenship,7
magazine,7
dew,7
peter,7
burin,7
century,7
legislators,7
how,7
affairs,7
established,7
proposed,7
decades,7
found,7
speeches,7
brought,7
middle,7
emancipation,7
indi,7
peculiar,7
fredrickson,7
appeal,7
will,7
garrison,7
return,7
community,7
july,7
baptist,7
time,7
ibid,7
kansas,7
lands,7
made,7
three,7
provide,7
amalgamation,7
then,7
any,7
thinking,7
has,7
u,7
presented,7
remarks,7
coloniza,7
renascence,7
abolition,6
struggled,6
republican,6
douglass,6
long,6
embraced,6
address,6
secretary,6
georgia,6
prejudices,6
canaan,6
able,6
within,6
con,6
shall,6
ability,6
david,6
slave,6
jedidiah,6
continent,6
settled,6
improvement,6
friends,6
evarts,6
staudenraus,6
though,6
rejected,6
calhoun,6
well,6
year,6
place,6
monroe,6
arkansas,6
delivered,6
around,6
ans,6
make,6
bill,6
antislavery,6
l,6
practicability,6
treatment,6
forging,6
remove,6
zation,6
including,6
theories,6
become,6
present,6
continued,6
independence,6
itself,6
why,6
ever,6
intellectual,6
different,6
very,6
audience,6
nonwhite,6
feb,6
w,6
popular,6
little,6
given,6
question,6
promoted,6
crisis,6
declared,5
told,5
allies,5
being,5
ourselves,5
liberty,5
hundred,5
articles,5
persistence,5
papers,5
british,5
case,5
globe,5
dain,5
proslavery,5
far,5
nash,5
adams,5
trail,5
africans,5
fairfax,5
without,5
everett,5
hideous,5
politicians,5
opportunity,5
schoolcraft,5
means,5
image,5
mary,5
always,5
view,5
opponents,5
bieder,5
public,5
princeton,5
improve,5
prominent,5
thoughts,5
away,5
newspaper,5
missions,5
encounters,5
crawford,5
order,5
settlement,5
climate,5
tended,5
degradation,5
st,5
intermarriage,5
coloni,5
prove,5
meigs,5
single,5
schultz,5
rise,5
paul,5
frederick,5
efforts,5
reform,5
end,5
number,5
colonize,5
essay,5
him,5
colo,5
never,5
promote,5
greece,5
quarterly,5
suggestion,5
declaration,5
independent,5
plans,5
dec,5
officials,5
board,5
eventually,5
passage,5
senate,5
nization,5
form,5
hoped,5
monster,5
her,5
views,5
freedom,5
understanding,5
negro,5
difference,5
motives,5
although,5
effects,5
frelinghuysen,5
removing,5
themselves,5
emulate,4
founding,4
done,4
anthony,4
e,4
large,4
mankind,4
ramsay,4
nineteenth,4
territorial,4
nature,4
borders,4
vanishing,4
scheme,4
take,4
catlin,4
side,4
theodore,4
missouri,4
sought,4
agriculture,4
right,4
winch,4
move,4
point,4
promises,4
wallace,4
ronald,4
campbell,4
de,4
interest,4
plymouth,4
bacon,4
melish,4
body,4
drawn,4
kentucky,4
poor,4
colour,4
across,4
result,4
similar,4
b,4
unity,4
river,4
methodist,4
essays,4
m,4
negroes,4
moving,4
effort,4
tucker,4
shared,4
repub,4
late,4
further,4
promise,4
your,4
attacked,4
whole,4
northwest,4
winter,4
published,4
destiny,4
few,4
cong,4
fully,4
progress,4
jordan,4
notes,4
duval,4
seemed,4
f,4
advocate,4
separation,4
nearly,4
com,4
promoting,4
biological,4
birney,4
yet,4
lloyd,4
pp,4
thought,4
reprise,4
act,4
party,4
law,4
power,4
embracing,4
pennsylvania,4
enough,4
do,4
where,4
empire,4
thousands,4
freehling,4
father,4
eighteenth,4
doolittle,4
formal,4
encouraged,4
entirely,4
assumption,4
assume,4
causes,4
nothing,4
stanhope,4
general,4
effect,4
prucha,4
justice,4
christian,4
moses,4
disowning,4
antiremoval,4
vision,4
hill,4
sess,4
centuries,4
series,4
peoples,4
contradiction,4
ground,4
particularly,4
cities,4
historical,4
c,4
living,4
horsman,4
proceedings,4
house,4
attitudes,4
problem,4
produce,4
gurley,4
anxieties,4
boston,4
role,4
subject,4
congressional,4
nov,4
come,4
eric,4
until,4
samuel,4
accept,4
review,4
register,4
madison,4
thousand,4
southeastern,4
sent,4
cuffe,4
struggle,3
fathers,3
edge,3
later,3
created,3
commitment,3
europeans,3
poorer,3
pushed,3
becoming,3
denied,3
refused,3
uncomfortable,3
formed,3
likely,3
english,3
missionaries,3
fixed,3
barbour,3
footing,3
experience,3
said,3
give,3
reach,3
religion,3
resulting,3
embrace,3
degraded,3
proposals,3
issue,3
say,3
laws,3
apply,3
along,3
himself,3
throughout,3
development,3
initially,3
g,3
sierra,3
predicament,3
egypt,3
find,3
critique,3
savage,3
unlikely,3
hopes,3
dilemma,3
bring,3
ways,3
developed,3
influential,3
na,3
ex,3
pages,3
distant,3
evangelical,3
bad,3
greeks,3
familiar,3
benefits,3
emergence,3
proved,3
contaminated,3
driven,3
fisk,3
age,3
followed,3
hope,3
character,3
arrival,3
ambitions,3
foner,3
events,3
amer,3
let,3
michigan,3
leonard,3
produced,3
scale,3
placed,3
january,3
directly,3
used,3
northerners,3
benevolence,3
dian,3
imagined,3
hershberger,3
example,3
abel,3
endorsed,3
earth,3
politi,3
least,3
caused,3
revolution,3
suggest,3
davis,3
claim,3
family,3
push,3
oct,3
massachusetts,3
inability,3
majority,3
moved,3
local,3
portion,3
second,3
sons,3
critics,3
scientific,3
wrote,3
rights,3
schemes,3
complexion,3
manifest,3
aborigines,3
meanwhile,3
suited,3
salvation,3
read,3
soon,3
liberator,3
extinction,3
already,3
gary,3
phoenix,3
gentleman,3
figure,3
others,3
put,3
children,3
educated,3
pamphlet,3
proposal,3
debates,3
aug,3
contemporary,3
minister,3
reasons,3
racist,3
existing,3
establish,3
spring,3
politic,3
remained,3
another,3
sir,3
imagine,3
private,3
vast,3
leone,3
lake,3
increase,3
jamestown,3
bitter,3
franklin,3
wilson,3
logic,3
spirit,3
held,3
oration,3
earlier,3
faith,3
nationality,3
chapel,3
can,3
mr,3
tendency,3
species,3
reluctant,3
tennessee,3
lines,3
force,3
inspired,3
often,3
environment,3
presidency,3
constant,3
following,3
circumstances,3
founded,3
extension,3
eng,3
benezet,3
plea,3
legislature,3
natural,3
migration,3
december,3
did,3
universal,3
intelligencer,3
kidd,3
merely,3
cal,3
purchase,3
abraham,3
firmly,3
precedent,3
too,3
must,3
ohio,3
press,3
ac,3
tried,3
tions,3
shores,3
indiana,3
need,3
voluntary,3
extremely,3
campaign,3
ries,3
charles,3
passages,3
prospects,3
reached,3
era,3
create,3
strong,3
beings,3
doing,3
lican,3
politician,3
nicholas,2
miller,2
difficult,2
surroundings,2
guyatt,2
imagining,2
concerned,2
rev,2
raynal,2
italy,2
suc,2
go,2
extend,2
revolutionary,2
red,2
liberating,2
mountains,2
squeamishness,2
scottish,2
clung,2
significant,2
achievements,2
saved,2
incorporated,2
rewards,2
toms,2
walker,2
easily,2
largely,2
modern,2
genius,2
park,2
ardent,2
former,2
overlook,2
protection,2
position,2
servitude,2
harsh,2
tween,2
nald,2
encourage,2
aversion,2
tunity,2
variety,2
pioneers,2
negative,2
test,2
lower,2
reprinted,2
attorney,2
invention,2
oppor,2
complained,2
roman,2
voices,2
clergymen,2
implications,2
attempts,2
taken,2
rested,2
planting,2
prerequisite,2
permanently,2
analogies,2
affirmed,2
hoffman,2
twenty,2
accompanied,2
simple,2
thank,2
differences,2
gradual,2
happy,2
origin,2
atlantic,2
harriet,2
help,2
search,2
depress,2
julie,2
miles,2
reformers,2
alabama,2
committed,2
latrobe,2
romanticism,2
tyrants,2
subjugation,2
producing,2
system,2
speech,2
nearer,2
historians,2
matthew,2
planted,2
iv,2
opened,2
tlers,2
howard,2
marked,2
emanci,2
powers,2
richard,2
apart,2
letter,2
prevented,2
sweet,2
segregation,2
hierarchy,2
mistake,2
goal,2
mc,2
thus,2
eventual,2
reputation,2
due,2
integral,2
agent,2
lectures,2
mixed,2
allure,2
exist,2
coexistence,2
jr,2
stanton,2
align,2
assured,2
learning,2
exercise,2
thing,2
leading,2
adam,2
theorists,2
bay,2
turned,2
back,2
ithaca,2
response,2
removals,2
allowing,2
compared,2
guardian,2
clergyman,2
third,2
estimate,2
warned,2
student,2
look,2
poured,2
resolutions,2
dwindling,2
oklahoma,2
conceded,2
influence,2
overt,2
according,2
ment,2
ica,2
freedoms,2
ers,2
humiliate,2
predicted,2
observers,2
generations,2
edward,2
provement,2
square,2
talk,2
leave,2
mercer,2
reconcile,2
k,2
creek,2
eign,2
republicans,2
moreover,2
absorbed,2
reason,2
send,2
literary,2
india,2
realities,2
n,2
bruce,2
beecher,2
glorious,2
frequently,2
observations,2
threat,2
maintain,2
indefinitely,2
advancing,2
lumpkin,2
encouragement,2
civilize,2
obstacles,2
philan,2
problems,2
instance,2
helped,2
article,2
opinion,2
protestant,2
whereas,2
legislative,2
lead,2
societies,2
appearance,2
called,2
strength,2
savagery,2
em,2
inter,2
wilderness,2
lived,2
destined,2
carolina,2
zone,2
pioneer,2
virginians,2
complete,2
philosophical,2
im,2
sociological,2
treat,2
sovereignty,2
grounds,2
however,2
refuge,2
revived,2
encroachment,2
experiment,2
scripture,2
having,2
basis,2
line,2
flourish,2
quincy,2
romans,2
residents,2
abolitionist,2
disunion,2
heart,2
bluster,2
purpose,2
knowledge,2
indigenous,2
reminded,2
egalitarian,2
consistently,2
broad,2
keep,2
cabin,2
justification,2
triumphs,2
accord,2
cans,2
tears,2
won,2
status,2
endorsement,2
enthusiastic,2
memoirs,2
attributed,2
regions,2
stowe,2
good,2
sense,2
successful,2
responsibility,2
cold,2
next,2
win,2
discourse,2
consolidation,2
phrase,2
midst,2
heat,2
wadsworth,2
richter,2
members,2
legitimize,2
praised,2
formulated,2
ton,2
observe,2
distinguished,2
mixing,2
philip,2
onuf,2
dependent,2
degeneration,2
multiracial,2
regi,2
racists,2
enjoy,2
avoid,2
ameri,2
defended,2
brion,2
transform,2
forever,2
saw,2
practices,2
stronger,2
letters,2
mighty,2
economic,2
britain,2
short,2
drama,2
expansion,2
intended,2
dians,2
april,2
allen,2
still,2
railed,2
sending,2
suppose,2
positive,2
measure,2
elizur,2
ubiquity,2
communities,2
auspices,2
violence,2
opportunities,2
emigrants,2
albert,2
message,2
god,2
disastrous,2
home,2
skin,2
baltimore,2
colored,2
wright,2
memorial,2
noted,2
williams,2
rome,2
picture,2
harper,2
double,2
fretted,2
lewis,2
french,2
miscegenation,2
rock,2
added,2
dearest,2
expose,2
outskirts,2
admit,2
ferdinando,2
classical,2
uncle,2
conclusions,2
blackness,2
v,2
paris,2
grim,2
sadly,2
celebrated,2
less,2
leprosy,2
spoke,2
deep,2
banner,2
woman,2
jeremiah,2
remarkably,2
alarmed,2
process,2
original,2
temperley,2
kathleen,2
lost,2
examples,2
bear,2
writings,2
region,2
homesteads,2
ethnology,2
previously,2
vroom,2
identity,2
use,2
began,2
ideas,2
resolved,2
continue,2
laboratory,2
full,2
vices,2
masters,2
students,2
finally,2
ties,2
urbana,2
parke,2
reality,2
grew,2
defense,2
allowed,2
derived,2
period,2
kept,2
proximity,2
stalwarts,2
renewal,2
last,2
preservation,2
presidential,2
strongly,2
facing,2
study,2
eyes,2
parallel,2
spared,2
enabled,2
contact,2
pro,2
enjoyed,2
echoed,2
enemies,2
exasperated,2
sug,2
sept,2
story,2
attracted,2
hanover,2
louisiana,2
theorize,2
la,2
immigration,2
fenton,2
ity,2
road,2
equals,2
bureau,2
mixture,2
kenneth,2
whig,2
usually,2
foreign,2
claimed,2
program,2
reasonable,2
coy,2
months,2
slow,2
becomes,2
seventeenth,2
privileges,2
effectively,2
forten,2
aboriginals,2
construction,2
blood,2
get,2
involuntary,2
addressed,2
founders,2
claims,2
acquired,2
readers,2
terrible,2
biography,2
simply,2
dubious,2
offered,2
physical,2
ralph,2
supported,2
spots,2
here,2
forty,2
quickly,2
ran,2
worth,2
auxiliary,2
relieve,2
confident,2
leaders,2
argue,2
foundation,2
build,2
favor,2
differed,2
happiness,2
past,2
just,2
better,2
defending,2
affirm,2
maryland,2
cause,2
ies,2
bitterly,2
secure,2
suggests,2
church,2
whence,2
pation,2
northwestern,2
paradise,2
multiple,2
ill,2
four,2
reported,2
conclude,2
scott,2
sea,2
city,2
convinced,2
transition,2
confronted,2
southerners,2
secured,2
maintained,2
writing,2
custis,2
prepared,2
energies,2
enthusiasm,2
unable,2
marry,2
entire,2
offer,2
roam,2
enlightenment,2
evidence,2
sur,2
smaller,2
philosophy,2
association,2
spectator,2
justify,2
succeeded,2
chicago,2
norman,2
divergent,2
traditional,2
xenia,2
observed,2
famous,2
close,2
major,2
final,1
trick,1
does,1
superiority,1
emigra,1
consider,1
allegedly,1
o,1
page,1
lustre,1
stu,1
buffon,1
grate,1
generalization,1
appealed,1
abolitionists,1
implemented,1
stuart,1
sued,1
pur,1
generated,1
pealing,1
names,1
eternal,1
opponent,1
tyranny,1
torrid,1
grappled,1
fervent,1
truth,1
dangers,1
culminated,1
administered,1
asked,1
college,1
lambasted,1
worthy,1
reinte,1
dissolution,1
measures,1
submission,1
fron,1
alone,1
adoption,1
truer,1
douglas,1
connecticut,1
per,1
benevo,1
vaux,1
group,1
complex,1
touched,1
loise,1
approved,1
baltimorean,1
romulus,1
landowner,1
agency,1
effective,1
trobe,1
properly,1
mostly,1
tend,1
jubilee,1
merged,1
locked,1
satires,1
cherished,1
schools,1
massa,1
circumspect,1
huron,1
scout,1
prince,1
unabated,1
holland,1
rounded,1
barrier,1
cynical,1
coalition,1
mayflowers,1
inconsistent,1
conjectures,1
jonathan,1
bod,1
faculties,1
vaudevillian,1
homers,1
considerations,1
prodding,1
greater,1
ideals,1
allow,1
committee,1
irishman,1
ian,1
hox,1
discretely,1
precisely,1
ojamerican,1
incensed,1
rudely,1
goodloe,1
assisted,1
husbands,1
fragile,1
noah,1
antebellum,1
contrasted,1
limits,1
something,1
eye,1
radation,1
evasion,1
stuarts,1
lure,1
permitted,1
entrapping,1
charity,1
journeys,1
shoemaker,1
diffusion,1
pleaded,1
painful,1
lasciviousness,1
island,1
invoking,1
sit,1
middletown,1
gap,1
t,1
stressed,1
australia,1
pansion,1
sublimated,1
philosophers,1
libertymen,1
wrong,1
lexington,1
hence,1
labor,1
fortunately,1
racially,1
supposedly,1
compelled,1
blended,1
creation,1
upholding,1
anticipations,1
viola,1
derives,1
greatness,1
originally,1
debating,1
military,1
longer,1
enables,1
thrive,1
brien,1
assist,1
humans,1
straightforwardly,1
worked,1
absurd,1
action,1
emerged,1
retreat,1
active,1
departure,1
gin,1
revival,1
sean,1
uncovering,1
parties,1
damaged,1
incorporating,1
shaped,1
volatility,1
predecessor,1
scientists,1
tradition,1
pragmatic,1
homestead,1
advantage,1
momentum,1
confusion,1
spokesman,1
stood,1
wither,1
peopling,1
pressed,1
disgust,1
pretense,1
liverpool,1
achievement,1
brainchild,1
shakespeares,1
aloud,1
breezy,1
farther,1
mag,1
plead,1
braced,1
deployed,1
secessionists,1
room,1
uncovered,1
hunting,1
expense,1
functional,1
lade,1
nationalism,1
sequestered,1
lasting,1
harvey,1
creator,1
feature,1
ancestry,1
blow,1
remonstrances,1
annihilationist,1
devised,1
improved,1
meantime,1
date,1
elise,1
trouble,1
stand,1
limited,1
raised,1
situ,1
staff,1
displayed,1
opposite,1
alike,1
gibson,1
educate,1
tireless,1
governors,1
physiognomy,1
intelligence,1
vicious,1
berkhofer,1
calculus,1
annie,1
camenzind,1
ratification,1
luctant,1
collegedale,1
growing,1
baton,1
est,1
alacrity,1
proceed,1
generosity,1
refute,1
counting,1
existence,1
lens,1
cabinet,1
separatists,1
pax,1
plain,1
portugal,1
roy,1
admirers,1
inconsistencies,1
dying,1
lobbyist,1
task,1
money,1
advice,1
popularized,1
respectability,1
demography,1
incorporate,1
cated,1
hall,1
goodyear,1
watkins,1
addresses,1
lemire,1
retain,1
design,1
custom,1
hoxie,1
account,1
riv,1
porter,1
welcome,1
recommended,1
rible,1
politics,1
withdrawal,1
temperance,1
jacksonian,1
hammond,1
beverly,1
accommodation,1
depend,1
erased,1
infe,1
hated,1
regenerated,1
ings,1
prej,1
splendid,1
atheists,1
countered,1
obvious,1
transcend,1
calculated,1
dutch,1
whatever,1
invited,1
mental,1
extends,1
rela,1
recalcitrant,1
establishment,1
resources,1
conception,1
household,1
painfully,1
radical,1
anticipated,1
delegations,1
keeps,1
marriage,1
totally,1
herman,1
prised,1
interviews,1
common,1
churches,1
ceeded,1
thropic,1
forged,1
udice,1
urging,1
emigration,1
warfare,1
attesting,1
benefit,1
salvaged,1
respecting,1
attract,1
diversity,1
colonized,1
framework,1
realized,1
exposed,1
succeed,1
expertise,1
acres,1
learned,1
conflict,1
prom,1
iron,1
amendment,1
relief,1
selves,1
fascinated,1
relocation,1
responded,1
surely,1
disorder,1
influx,1
tyrannical,1
reverse,1
explained,1
neighbours,1
ervations,1
spectrum,1
difficulties,1
immediate,1
neighbor,1
reject,1
inevitable,1
killed,1
consumed,1
faced,1
speakers,1
presbyterians,1
ingersoll,1
civili,1
curse,1
silent,1
neighbors,1
offended,1
author,1
paradoxically,1
corner,1
exiled,1
forgotten,1
regarded,1
centrated,1
moment,1
adopted,1
gendered,1
ern,1
objection,1
chargeable,1
caucasian,1
spot,1
condensation,1
issued,1
friedman,1
application,1
rationales,1
emerges,1
barlow,1
alison,1
rooted,1
blueprints,1
mild,1
westport,1
congregational,1
admitted,1
border,1
ferguson,1
praising,1
kind,1
migrate,1
campaigners,1
ruin,1
progressive,1
prognostications,1
acquiring,1
rank,1
cases,1
individual,1
inabil,1
flourishing,1
ation,1
destroyed,1
immigrants,1
evangelize,1
virginian,1
eventu,1
nourished,1
nicholson,1
ver,1
amusement,1
profound,1
star,1
dinner,1
architect,1
save,1
differently,1
homes,1
inhumanity,1
reflux,1
young,1
relo,1
ample,1
vate,1
ally,1
left,1
cohen,1
continuous,1
twice,1
ness,1
jacob,1
fourth,1
hindoostan,1
vanish,1
portedly,1
helpful,1
millard,1
reprised,1
purported,1
explore,1
conspiracy,1
guaranteed,1
wild,1
consequently,1
crumbling,1
instruments,1
spite,1
retained,1
letteron,1
spired,1
picked,1
hasty,1
traditions,1
simplistic,1
messages,1
born,1
climates,1
inviting,1
restated,1
hardly,1
generation,1
weakness,1
talent,1
transactions,1
snows,1
join,1
compromise,1
poverty,1
perfect,1
jurist,1
grims,1
harbinger,1
ued,1
higher,1
oj,1
aim,1
awkward,1
live,1
loyal,1
surprisingly,1
anticipating,1
soil,1
fantasy,1
nomination,1
simultaneously,1
acculturation,1
segregate,1
appro,1
colin,1
wishes,1
urged,1
leary,1
dealings,1
whose,1
likeness,1
krista,1
underrated,1
journeyed,1
portrayed,1
elevating,1
imitate,1
expected,1
deirdre,1
masterpieces,1
predict,1
patron,1
civi,1
contin,1
linenthal,1
absent,1
selling,1
reenslave,1
district,1
debated,1
illustration,1
gress,1
sort,1
ascent,1
testaments,1
explicit,1
af,1
biggest,1
reference,1
lamentable,1
longest,1
patronage,1
notion,1
calculation,1
remote,1
alec,1
carolinian,1
represented,1
explicitly,1
profusion,1
taller,1
dwindle,1
determining,1
rescue,1
heard,1
regrouped,1
mus,1
direct,1
pointing,1
strange,1
floated,1
doubted,1
cheever,1
iteration,1
danger,1
illustrations,1
inherit,1
lay,1
rules,1
lawyer,1
impressed,1
prophecy,1
govern,1
animals,1
clarification,1
consequences,1
scattered,1
factors,1
aptheker,1
miltons,1
supposed,1
divided,1
compilation,1
addressing,1
making,1
wash,1
vaunted,1
involvement,1
lugubrious,1
brunswick,1
flirtation,1
escape,1
conformed,1
mans,1
presidents,1
partnership,1
parts,1
circulated,1
facilitated,1
mission,1
slipperiness,1
degenerate,1
londons,1
university,1
forget,1
organization,1
ap,1
reluctance,1
descent,1
targeted,1
slowly,1
cessful,1
methodists,1
teaches,1
clearly,1
troops,1
section,1
elsewhere,1
edition,1
dartmouth,1
thirty,1
enjoyments,1
attain,1
impact,1
dominate,1
record,1
welfare,1
gradually,1
decade,1
accommo,1
weak,1
shore,1
ignorance,1
ignoble,1
hilation,1
upper,1
benefited,1
colonizationists,1
barraged,1
inhuman,1
acceptance,1
initiative,1
reiterated,1
operate,1
heading,1
origins,1
powerful,1
desperation,1
albuquerque,1
depart,1
egerton,1
azine,1
cemented,1
brash,1
defeat,1
spur,1
cotton,1
comparisons,1
discomfort,1
consequence,1
intercourse,1
ful,1
bedford,1
harsher,1
oppression,1
expulsion,1
angrily,1
squatting,1
solve,1
injustice,1
odd,1
crucially,1
subjects,1
publicity,1
care,1
mo,1
pressing,1
mon,1
providing,1
cut,1
advocated,1
constitution,1
upsurge,1
conflicts,1
nebraska,1
invading,1
disappeared,1
deg,1
reflections,1
union,1
episcopalians,1
repulsive,1
expressed,1
troubling,1
projections,1
closely,1
suffered,1
based,1
nonconsensual,1
herald,1
pharaoh,1
assimilation,1
aftermath,1
nancy,1
penns,1
blamed,1
dream,1
murky,1
latitudes,1
tem,1
unorganized,1
fortunes,1
histories,1
method,1
frye,1
discrete,1
six,1
coloured,1
jah,1
behavioral,1
adaptability,1
faded,1
conscience,1
changed,1
crowd,1
gauge,1
ocean,1
census,1
relate,1
drawbacks,1
parisian,1
pil,1
noting,1
insisting,1
vigorous,1
malevolent,1
sys,1
testimony,1
inaugural,1
equivalents,1
passionate,1
markets,1
lent,1
term,1
intrigue,1
moval,1
confidently,1
wonder,1
rescuing,1
tennes,1
dreams,1
graybill,1
equally,1
embarrassing,1
irony,1
consciences,1
expand,1
compen,1
receive,1
contrived,1
ky,1
promoters,1
block,1
lished,1
mitment,1
harassment,1
awaken,1
separated,1
toured,1
vile,1
venue,1
cannot,1
meet,1
vain,1
expert,1
philanthropists,1
tives,1
russell,1
hostilities,1
fashionable,1
mischievous,1
tension,1
dan,1
anecdote,1
absolute,1
explain,1
approached,1
tucky,1
wide,1
triumph,1
died,1
peaceably,1
property,1
possibility,1
pronounced,1
information,1
silver,1
cern,1
stituencies,1
perplex,1
undermined,1
failure,1
representatives,1
gained,1
animated,1
none,1
swords,1
unequal,1
diction,1
detractors,1
imprisoned,1
pronounce,1
spellbound,1
coexis,1
congressmen,1
honors,1
noxious,1
emancipated,1
work,1
malcolmson,1
abolitionism,1
strict,1
oppos,1
writers,1
surrounded,1
embarrass,1
nine,1
women,1
voted,1
overturn,1
reader,1
concept,1
trapdoor,1
creeks,1
tens,1
london,1
oftentimes,1
compass,1
ate,1
failed,1
leopards,1
eradicated,1
inferiors,1
ferent,1
supreme,1
revealed,1
positions,1
riveted,1
caught,1
englishmen,1
surprise,1
bible,1
continuation,1
fit,1
couched,1
discussions,1
cass,1
overtly,1
doomed,1
issues,1
partly,1
climatic,1
tremendously,1
concentrate,1
enforce,1
wisconsin,1
earn,1
statistics,1
telling,1
lanham,1
meek,1
demon,1
call,1
mightily,1
swift,1
somewhere,1
illustrative,1
viability,1
weekly,1
cry,1
agreeable,1
elegant,1
hampshire,1
overseas,1
proving,1
putatively,1
butterfield,1
wil,1
lydia,1
emissaries,1
ter,1
opiate,1
withstand,1
visions,1
universally,1
assiduous,1
strongest,1
contradictions,1
graduate,1
else,1
opposed,1
towards,1
tts,1
either,1
absorb,1
interracial,1
tone,1
nents,1
joanne,1
tappan,1
separa,1
legacy,1
chusetts,1
brush,1
unappropriated,1
commerce,1
giant,1
correct,1
legions,1
level,1
ago,1
hard,1
sharper,1
field,1
manners,1
sas,1
carry,1
impeccable,1
fix,1
splendour,1
debts,1
senator,1
frigid,1
chagrin,1
loui,1
dangerous,1
gests,1
acted,1
titles,1
casioned,1
veteran,1
refusal,1
enslaved,1
autonomy,1
characteristics,1
recognition,1
consensus,1
june,1
accomplished,1
erected,1
allegheny,1
revealing,1
governments,1
county,1
breaking,1
invoke,1
presence,1
notorious,1
recipients,1
lundy,1
met,1
styled,1
petition,1
latest,1
savagism,1
impossible,1
ent,1
fronted,1
simms,1
dedicated,1
managed,1
offspring,1
pa,1
rican,1
ellen,1
correspondence,1
rossignol,1
enormously,1
comfortable,1
provided,1
skill,1
rodgers,1
expropriation,1
administra,1
propriety,1
hypocrisy,1
actions,1
discontents,1
massive,1
geographical,1
lems,1
championed,1
planter,1
pope,1
jeffrey,1
subsequently,1
survived,1
repatriation,1
flourished,1
threatened,1
critical,1
hosts,1
happen,1
pilgrims,1
unscrupulous,1
situation,1
arrangement,1
ironies,1
reduced,1
rapture,1
matter,1
incredible,1
absence,1
villainy,1
entitled,1
attributable,1
nudged,1
bringing,1
agreed,1
rampant,1
domination,1
ria,1
survive,1
interference,1
populations,1
attention,1
elbow,1
inventiveness,1
hy,1
indeed,1
lurid,1
plessy,1
brian,1
fantastical,1
subversive,1
trenton,1
play,1
demonize,1
horrors,1
fillmore,1
notoriously,1
acknowledged,1
anniversary,1
forward,1
harris,1
coleman,1
exception,1
posed,1
assurance,1
benefiting,1
domingo,1
instincts,1
neely,1
visionary,1
bert,1
rosive,1
thinkers,1
landed,1
woods,1
comments,1
upbeat,1
experiences,1
canvas,1
premises,1
outer,1
logical,1
contra,1
strategic,1
iel,1
hold,1
religious,1
direction,1
assigned,1
southeast,1
gilbert,1
guide,1
once,1
catego,1
viciously,1
pacific,1
relied,1
sympathies,1
antiquarian,1
recognized,1
museum,1
fascinating,1
hugh,1
ery,1
commissioners,1
examined,1
relocated,1
cor,1
advanced,1
lamentations,1
suspicious,1
financial,1
evil,1
sex,1
corrupt,1
fifth,1
inspiration,1
official,1
ne,1
latitude,1
neither,1
recruited,1
cler,1
beams,1
quarrel,1
dictates,1
jay,1
acting,1
editorial,1
raise,1
asia,1
assistance,1
rial,1
shock,1
culture,1
keeping,1
abandon,1
teaching,1
refine,1
osages,1
ro,1
incompetent,1
tic,1
outlined,1
literally,1
thorny,1
sales,1
graded,1
inaugurate,1
largest,1
contempt,1
exodus,1
visitors,1
department,1
improvability,1
unusually,1
thropists,1
increasingly,1
fact,1
innate,1
lization,1
centu,1
ambiguities,1
avoided,1
company,1
sonorous,1
regardless,1
naively,1
alteration,1
fellow,1
persuade,1
sunlight,1
undisturbed,1
aux,1
dorsey,1
organizations,1
niles,1
name,1
successfully,1
tour,1
focused,1
westward,1
book,1
juxtaposing,1
challenge,1
stated,1
sometimes,1
journey,1
mark,1
chinard,1
again,1
fin,1
stating,1
ended,1
pointed,1
similarly,1
printing,1
chairman,1
towns,1
principally,1
projects,1
ships,1
intending,1
sparked,1
obduracy,1
humidity,1
husbandry,1
cultivated,1
communal,1
maneu,1
territo,1
bayonets,1
brethren,1
discussed,1
ley,1
stories,1
bewilderingly,1
preserve,1
head,1
abilities,1
alternately,1
regret,1
pressure,1
striking,1
floyd,1
gested,1
transported,1
appeared,1
documents,1
ought,1
evocations,1
abstract,1
exclusion,1
defenders,1
sated,1
teachers,1
pretty,1
daily,1
oneself,1
practical,1
larger,1
sleep,1
diverse,1
cages,1
everything,1
arthur,1
formulating,1
descended,1
statesmen,1
ominously,1
venture,1
reflect,1
remark,1
advocacy,1
serious,1
surrounding,1
bility,1
aggressive,1
honor,1
channel,1
impiety,1
forms,1
took,1
tier,1
squeezed,1
ronda,1
panoplist,1
geography,1
learn,1
deploy,1
ur,1
model,1
manner,1
ciety,1
en,1
metaphors,1
philanthropy,1
developing,1
purposes,1
dorothy,1
coarse,1
geographer,1
michael,1
missionar,1
fend,1
necessary,1
practice,1
alchemy,1
agencies,1
appropriating,1
excitedly,1
uneasily,1
parted,1
slumber,1
remarked,1
dippie,1
siana,1
hamilton,1
controversy,1
sell,1
artless,1
clinch,1
slaveholder,1
wood,1
gladly,1
realize,1
laudable,1
editorials,1
bloods,1
charleston,1
habitat,1
sions,1
mills,1
infect,1
emanating,1
whiteness,1
mean,1
lap,1
sepa,1
discussion,1
unfavourable,1
link,1
bask,1
robertson,1
dered,1
birth,1
treated,1
easier,1
newyork,1
explanation,1
range,1
sober,1
painter,1
uplift,1
locate,1
wretched,1
desert,1
discrimination,1
rolater,1
fictional,1
arose,1
ington,1
dissolve,1
sixth,1
depended,1
bequeathed,1
court,1
transplantation,1
discrediting,1
sages,1
reside,1
elite,1
arm,1
providence,1
expression,1
indefatigable,1
unfortunately,1
succumbed,1
bondage,1
ideology,1
speedy,1
francis,1
prospective,1
band,1
terri,1
survey,1
numbered,1
questions,1
assign,1
terms,1
tual,1
pamphlets,1
eligible,1
supposition,1
check,1
iliary,1
raising,1
partisan,1
obliterate,1
opportuni,1
dismissed,1
complicated,1
contribution,1
rouge,1
theoretical,1
roberts,1
versions,1
amends,1
negotiating,1
trade,1
low,1
open,1
banish,1
clear,1
corrupted,1
discovered,1
biblical,1
remaining,1
carwardine,1
tional,1
authors,1
gration,1
oc,1
lamented,1
achieved,1
sigourney,1
language,1
vivid,1
lakes,1
takaki,1
accultura,1
ireland,1
commonest,1
invincible,1
illinois,1
eve,1
fuddle,1
haunted,1
divisions,1
reviewers,1
caribbean,1
revised,1
tim,1
prodigious,1
infidels,1
foundered,1
stymied,1
summer,1
plant,1
tribal,1
escaped,1
mexico,1
pearce,1
collected,1
profitably,1
tefft,1
fred,1
blindsided,1
contributions,1
thornton,1
blassingame,1
sto,1
morals,1
imagination,1
spent,1
founda,1
class,1
invita,1
decide,1
favored,1
ceed,1
separatism,1
special,1
sentiment,1
written,1
outcomes,1
commentators,1
systems,1
physician,1
newspapers,1
lions,1
relation,1
successors,1
groes,1
declare,1
overcome,1
wise,1
exactly,1
mainly,1
anderson,1
awful,1
vocates,1
torians,1
master,1
enthusiasts,1
percent,1
toyed,1
administrations,1
cording,1
overwrought,1
looked,1
bestowed,1
profess,1
firmed,1
figures,1
principal,1
ceptions,1
priated,1
connections,1
governor,1
professional,1
caution,1
brunhouse,1
embodied,1
councils,1
roster,1
mil,1
sole,1
fourteenth,1
absorp,1
tence,1
hopeless,1
congregation,1
widely,1
brown,1
broth,1
decision,1
tomek,1
bickering,1
lucius,1
culmination,1
hardening,1
farm,1
oppo,1
space,1
asking,1
fifty,1
aspirations,1
buffering,1
merrell,1
seer,1
autumn,1
relationship,1
misadventure,1
ratists,1
aid,1
springing,1
assisting,1
dominates,1
pres,1
belonged,1
discolor,1
window,1
cre,1
she,1
perspectives,1
popularity,1
opportunism,1
five,1
extinguish,1
liberators,1
relieved,1
consent,1
impressive,1
selections,1
bound,1
utterly,1
lowly,1
rior,1
inventors,1
upshur,1
ironically,1
vague,1
legislator,1
disenfranchised,1
favour,1
fewer,1
instances,1
institutions,1
vertiginous,1
dispatch,1
relations,1
detailed,1
floor,1
lawrence,1
face,1
degenerative,1
torial,1
hopelessly,1
transformation,1
originated,1
wenry,1
recognize,1
thusiasm,1
executive,1
advisers,1
citi,1
countries,1
strides,1
trad,1
ad,1
reconsider,1
sharp,1
implementing,1
analysis,1
darkly,1
sailors,1
comte,1
fall,1
surprising,1
smutches,1
liam,1
respect,1
anni,1
charlottesville,1
mother,1
commemoration,1
muted,1
sympathy,1
magazines,1
obstacle,1
easterners,1
dent,1
quiet,1
mckivigan,1
mirror,1
arts,1
problematic,1
eugene,1
israelites,1
paying,1
sheldon,1
pressures,1
enfranchised,1
susan,1
rigorous,1
fought,1
seat,1
manumission,1
pen,1
earliest,1
ie,1
res,1
forests,1
diligent,1
dissertation,1
school,1
undertook,1
bates,1
anthropological,1
disap,1
suggestions,1
seriously,1
wars,1
curious,1
insalubrious,1
admis,1
small,1
fifteen,1
panama,1
underpinned,1
citizenry,1
aides,1
conclusion,1
lic,1
redemption,1
eulogized,1
tervention,1
charting,1
impolicy,1
humane,1
ism,1
jurists,1
extending,1
athens,1
instructed,1
solitary,1
morally,1
invoked,1
rison,1
reinforced,1
word,1
levings,1
known,1
implied,1
stephen,1
subsidized,1
arkan,1
willingness,1
proposes,1
opposi,1
wondered,1
terrestrial,1
prob,1
funding,1
rocky,1
dispossession,1
dun,1
equipment,1
vote,1
appealing,1
creations,1
consented,1
discomfiting,1
disturb,1
locke,1
bright,1
drake,1
defining,1
excess,1
intellectually,1
brooke,1
principle,1
control,1
menting,1
each,1
monthly,1
commonplace,1
gazette,1
wiltse,1
possessors,1
contemplated,1
disinterested,1
share,1
capability,1
distinctions,1
strated,1
seem,1
believe,1
gone,1
marginalization,1
capital,1
best,1
embarrassed,1
appendix,1
strongholds,1
printed,1
wealthy,1
temper,1
abortive,1
loyalty,1
allied,1
recommendations,1
inquiry,1
persevered,1
provoke,1
er,1
losses,1
loyalist,1
relocate,1
journals,1
sustaining,1
cautious,1
bilotta,1
uphold,1
separating,1
reflected,1
sorted,1
identities,1
going,1
guinea,1
stamped,1
richardson,1
ror,1
february,1
glory,1
person,1
pri,1
cleared,1
lamont,1
rejection,1
pamphleteer,1
contenders,1
englanders,1
quietly,1
activism,1
drop,1
gymen,1
elmer,1
warnings,1
day,1
johnson,1
abb,1
imitation,1
agrument,1
genera,1
carefully,1
onrush,1
combined,1
implausible,1
whether,1
winthrop,1
rising,1
insistence,1
plants,1
putative,1
particular,1
tailored,1
sociology,1
nascent,1
proven,1
agricultural,1
delegate,1
passed,1
mere,1
erect,1
armeny,1
supporter,1
bana,1
loved,1
reminder,1
forma,1
fascination,1
correspondent,1
estab,1
hardheaded,1
foundations,1
berwanger,1
mandated,1
precursor,1
ceded,1
require,1
boys,1
constitutional,1
migrations,1
enslavement,1
vol,1
voice,1
huge,1
episode,1
missed,1
pers,1
phenomena,1
hundreds,1
scruples,1
urban,1
frontiersmen,1
port,1
calamities,1
satz,1
babcock,1
haps,1
felt,1
mir,1
bodies,1
nudge,1
intention,1
leopard,1
occasionally,1
son,1
careful,1
classes,1
transport,1
edwards,1
disparate,1
spurious,1
befriended,1
excursion,1
pas,1
prospect,1
alternatives,1
confirm,1
predictions,1
november,1
easy,1
ken,1
giving,1
buy,1
durable,1
administration,1
step,1
agents,1
rationale,1
exceeded,1
nod,1
pencak,1
eagerness,1
obtain,1
focus,1
appointed,1
colonial,1
credentials,1
mention,1
reports,1
representation,1
diverged,1
gain,1
waves,1
rigidly,1
think,1
icans,1
heroic,1
gar,1
dominant,1
wilentz,1
condemning,1
analogy,1
false,1
anxiously,1
misapprehended,1
formation,1
idealism,1
ultimately,1
enslaving,1
obliged,1
conducive,1
drafts,1
annuities,1
citement,1
bicentenary,1
dazzling,1
finding,1
mitigating,1
envisaged,1
twentieth,1
conditions,1
defence,1
guarantor,1
temperature,1
strikingly,1
intriguingly,1
landers,1
defender,1
intermix,1
aware,1
taxation,1
tactical,1
wish,1
sat,1
course,1
shunned,1
joined,1
gotten,1
mobilizing,1
americas,1
fauna,1
grown,1
harder,1
define,1
resembled,1
hunter,1
blueprint,1
inent,1
managing,1
backtracked,1
barnes,1
preliminary,1
writer,1
affirmation,1
arrivals,1
you,1
colleagues,1
approach,1
forming,1
recourse,1
area,1
posterity,1
promptly,1
presenting,1
oppressors,1
captain,1
speak,1
increased,1
ranged,1
indices,1
conquests,1
philadelphias,1
anonymous,1
pire,1
flora,1
specific,1
territories,1
drift,1
dispensed,1
libe,1
pioneering,1
braidwood,1
posture,1
withdrew,1
colorful,1
munities,1
arrived,1
isenberg,1
ascendancy,1
protested,1
inducements,1
supply,1
ham,1
zen,1
enterprise,1
dark,1
gainesville,1
captivated,1
substantial,1
abroad,1
valley,1
persuaded,1
quotid,1
develop,1
wily,1
auxiliaries,1
gulf,1
sudden,1
souls,1
immediately,1
mature,1
willing,1
champion,1
dif,1
cross,1
laid,1
degrade,1
tricky,1
loyalties,1
ga,1
tract,1
built,1
mistaken,1
tragic,1
customs,1
haiti,1
deeper,1
looking,1
perpetual,1
lizabeth,1
