WORDCOUNTS,WEIGHT
the,159
of,91
and,73
in,69
to,41
a,39
students,24
turkish,22
american,21
s,21
as,19
history,19
at,18
about,17
war,17
their,16
slavery,13
with,13
on,13
for,13
turkey,13
lincoln,12
or,10
are,10
has,10
civil,10
was,9
that,9
country,8
i,8
this,8
is,7
ottoman,7
from,7
religion,7
have,7
an,7
between,7
it,6
islamic,6
today,6
his,6
not,6
atatürk,6
teaching,6
but,6
by,6
military,6
see,6
national,6
states,6
south,5
flag,5
they,5
turks,5
first,5
more,5
address,5
akp,5
new,5
past,5
were,5
north,5
been,4
york,4
bilkent,4
western,4
www,4
party,4
gettysburg,4
empire,4
abraham,4
march,4
well,4
student,4
through,4
republic,4
use,4
conflict,4
roberts,4
president,4
like,4
http,4
journal,4
world,4
among,4
may,3
rights,3
second,3
sons,3
americans,3
whose,3
who,3
similar,3
one,3
religious,3
confederate,3
united,3
me,3
university,3
comparisons,3
many,3
uses,3
my,3
government,3
there,3
inaugural,3
political,3
secular,3
them,3
however,3
u,3
abolitionism,3
understanding,3
both,3
org,3
its,3
identity,3
partly,3
people,3
middle,3
our,3
pkk,3
cold,3
after,3
peace,3
create,3
iraq,3
than,3
race,3
nations,2
european,2
now,2
iran,2
helped,2
george,2
economic,2
foreign,2
groups,2
wrote,2
battle,2
ottomans,2
struggled,2
racial,2
lost,2
atatiirk,2
still,2
force,2
understand,2
southern,2
why,2
study,2
often,2
support,2
most,2
studies,2
counterparts,2
turk,2
us,2
just,2
nineteenth,2
too,2
these,2
ve,2
department,2
only,2
cotton,2
your,2
classroom,2
majority,2
here,2
power,2
important,2
all,2
union,2
words,2
interested,2
europe,2
agenda,2
lives,2
confederacy,2
solved,2
forces,2
foundation,2
time,2
particularly,2
atlantic,2
production,2
events,2
state,2
contemporary,2
historical,2
culture,2
last,2
outside,2
do,2
topics,2
hakan,2
doc,2
where,2
what,2
relations,2
side,2
attitudes,2
kemal,2
perhaps,2
mustafa,2
gallipoli,2
public,2
america,2
because,2
influenced,2
used,2
discussion,2
even,2
slaves,2
story,2
part,2
partisi,2
esp,2
african,2
encouraged,2
sectional,2
during,2
issues,2
colonial,2
which,2
complicated,2
trade,2
development,2
difference,2
received,2
own,2
graduate,2
basarin,2
violent,2
interest,2
legacy,2
least,2
normally,2
tim,2
period,2
living,2
century,2
you,2
developments,2
opposition,2
perspective,2
separatism,2
few,2
problems,2
britain,2
can,2
debate,2
parliament,2
early,2
when,2
universities,2
also,2
little,2
much,2
colleague,2
we,2
leadership,2
building,2
kurdistan,2
industries,1
increasing,1
kurdish,1
indentured,1
democracy,1
threatened,1
yavuz,1
archives,1
apolitical,1
abolition,1
erdem,1
online,1
committed,1
israeli,1
alleged,1
role,1
struggle,1
kalkinma,1
m,1
machiavelli,1
matter,1
no,1
walkington,1
contact,1
wisdom,1
heroes,1
common,1
always,1
hostility,1
ambivalence,1
purely,1
militants,1
action,1
transnational,1
unification,1
abolished,1
enlivened,1
troubled,1
stood,1
nest,1
service,1
how,1
providing,1
comparative,1
grappled,1
surprisingly,1
coski,1
gmail,1
organizing,1
emblem,1
five,1
prodded,1
college,1
dec,1
female,1
death,1
independence,1
mean,1
april,1
dispatch,1
adopted,1
hypersecular,1
harry,1
intervention,1
risk,1
heard,1
circumstance,1
comments,1
connect,1
sympathetic,1
position,1
church,1
wilson,1
geçmisten,1
anxiety,1
rapidly,1
reflection,1
large,1
executive,1
countries,1
recently,1
unfamiliar,1
ongoing,1
achievements,1
assuming,1
direction,1
expression,1
illegal,1
johnnies,1
structural,1
responsible,1
dünü,1
adalet,1
thelen,1
construction,1
fighting,1
old,1
white,1
blood,1
rules,1
spoken,1
once,1
formed,1
likely,1
dead,1
moreover,1
unromantic,1
yet,1
ways,1
vecihi,1
centuries,1
ankara,1
violence,1
observer,1
imperialism,1
tense,1
security,1
analogies,1
occupation,1
macfie,1
unusual,1
read,1
association,1
longman,1
modern,1
hardly,1
toplum,1
east,1
notwithstanding,1
evil,1
consider,1
antiterrorism,1
wiu,1
resurgence,1
school,1
encourages,1
kemalist,1
familiar,1
marshall,1
regularly,1
prokurdish,1
acting,1
wars,1
chris,1
louisiana,1
unfurl,1
home,1
memorabilia,1
sphere,1
analytical,1
offeree,1
any,1
proved,1
before,1
elected,1
eulogy,1
sessiz,1
lessons,1
gov,1
efforts,1
edu,1
gradually,1
intervened,1
series,1
without,1
broad,1
chief,1
argued,1
contexts,1
prevent,1
practices,1
industrial,1
legacies,1
charity,1
laura,1
sensitivity,1
struck,1
wear,1
democratic,1
ever,1
punctuating,1
being,1
lying,1
htm,1
regional,1
origins,1
olmamn,1
known,1
gap,1
either,1
truman,1
published,1
considers,1
useful,1
masses,1
organization,1
familiarity,1
lack,1
davis,1
cost,1
lead,1
perform,1
comparing,1
transparently,1
june,1
name,1
secession,1
offers,1
flags,1
voices,1
paul,1
interests,1
reconciliation,1
other,1
wipe,1
separatist,1
flash,1
request,1
stated,1
attempts,1
strategy,1
culturally,1
toward,1
again,1
decades,1
mass,1
punish,1
advocated,1
view,1
over,1
appear,1
cable,1
generated,1
conflicts,1
l,1
metin,1
discussions,1
emerged,1
ourselves,1
sesler,1
england,1
ledeen,1
official,1
authority,1
had,1
abolish,1
insurgents,1
scholars,1
minorities,1
steven,1
different,1
friendly,1
engaged,1
came,1
unifying,1
global,1
principles,1
slave,1
limit,1
harlow,1
believe,1
capital,1
tradition,1
best,1
societies,1
could,1
quoted,1
partiya,1
hero,1
rule,1
found,1
borders,1
plan,1
pressure,1
great,1
display,1
reasons,1
documents,1
critically,1
post,1
banned,1
origin,1
admittedly,1
deem,1
thanks,1
john,1
themselves,1
demise,1
radical,1
debates,1
reunify,1
ago,1
karkerên,1
associations,1
nationalism,1
iron,1
manumitting,1
man,1
help,1
discussed,1
employee,1
base,1
called,1
fresh,1
audiences,1
embattled,1
analogy,1
merely,1
late,1
men,1
readers,1
afrika,1
learn,1
bosom,1
present,1
ground,1
defend,1
privatization,1
assistant,1
causes,1
hatice,1
crusade,1
ours,1
such,1
somewhat,1
tears,1
crossnational,1
economy,1
özdag,1
aspects,1
month,1
ensured,1
whether,1
seminar,1
similarities,1
terms,1
citizenship,1
commemorating,1
form,1
suburb,1
michael,1
less,1
system,1
speech,1
ones,1
ibid,1
analogous,1
arguing,1
want,1
cause,1
particular,1
era,1
preventing,1
practice,1
rumbling,1
maintain,1
existence,1
antislavery,1
ufuk,1
separatists,1
lie,1
missouri,1
dictatorial,1
apathy,1
begun,1
eastern,1
mizuri,1
quigley,1
find,1
historians,1
triumph,1
knowledgeable,1
beard,1
counterpart,1
dtp,1
her,1
while,1
primary,1
ascension,1
huge,1
killed,1
receive,1
toledano,1
secure,1
ties,1
heper,1
changed,1
leaders,1
bugünü,1
syria,1
awarded,1
another,1
springer,1
having,1
compel,1
status,1
upheaval,1
recognizing,1
private,1
politics,1
w,1
lasting,1
revealed,1
pacifist,1
aren,1
temperance,1
northerners,1
international,1
anxieties,1
anecdotes,1
popular,1
abroad,1
skepticism,1
powers,1
cambridge,1
consciousness,1
tool,1
richard,1
presented,1
occasionally,1
voted,1
claim,1
internet,1
concept,1
provocative,1
west,1
hürmüz,1
four,1
stake,1
rally,1
desired,1
characterization,1
boss,1
timely,1
ayse,1
timothy,1
establishment,1
competing,1
example,1
terrorist,1
sent,1
joining,1
looking,1
courses,1
mothers,1
nation,1
along,1
ehud,1
demokratik,1
minority,1
chronic,1
kökenli,1
illinois,1
territory,1
com,1
southerners,1
sava,1
tender,1
oppose,1
sign,1
policies,1
allege,1
disconcerting,1
officially,1
morality,1
challenges,1
çanakkale,1
point,1
labor,1
conflicted,1
ourdocuments,1
ethnic,1
regarding,1
postcolonial,1
central,1
stoler,1
london,1
goal,1
million,1
thus,1
strong,1
resonated,1
uss,1
unaccustomed,1
come,1
voiceless,1
away,1
reflect,1
question,1
rise,1
enthusiasm,1
nonviolently,1
until,1
spring,1
survival,1
istanbul,1
resort,1
bush,1
internationalization,1
recent,1
reject,1
generate,1
professor,1
since,1
headscarves,1
borderlands,1
three,1
against,1
wielded,1
moral,1
hidden,1
carwardine,1
bipartisan,1
t,1
restraint,1
washington,1
author,1
aware,1
essay,1
explanation,1
crisis,1
bir,1
good,1
interpret,1
workers,1
afroturk,1
shed,1
offer,1
moment,1
instead,1
david,1
although,1
sense,1
sympathized,1
land,1
militarization,1
critics,1
level,1
enabling,1
would,1
reformers,1
need,1
so,1
legitimized,1
php,1
kevin,1
lan,1
him,1
meeting,1
brave,1
panel,1
protest,1
southeastern,1
irreconcilable,1
centrality,1
learning,1
catholic,1
television,1
complicate,1
helps,1
practiced,1
anyone,1
tobacco,1
area,1
unity,1
pluralistic,1
gettysburgfoundation,1
measured,1
mainstream,1
invasion,1
otisboggs,1
around,1
outbreak,1
reluctance,1
americas,1
several,1
comparison,1
autonomy,1
oct,1
moved,1
offered,1
charles,1
fewster,1
internal,1
revealing,1
components,1
textbooks,1
governments,1
industry,1
determination,1
civic,1
become,1
businesses,1
research,1
paradox,1
mehmets,1
anticommunism,1
compared,1
ally,1
scholarship,1
ann,1
third,1
banking,1
deliberate,1
yesterday,1
tended,1
sentiments,1
seattle,1
kadioglu,1
reflecting,1
occasions,1
echoed,1
rethought,1
visible,1
civilian,1
up,1
y,1
capitalism,1
sept,1
subjects,1
contracts,1
those,1
traditional,1
northern,1
impress,1
faraway,1
focus,1
woodrow,1
reluctant,1
border,1
networks,1
destruction,1
professing,1
famous,1
blind,1
profiles,1
sugar,1
basically,1
crows,1
provided,1
kurds,1
asked,1
generation,1
soil,1
though,1
influence,1
mutter,1
massive,1
anzacs,1
justice,1
crusades,1
seemed,1
society,1
machiavellis,1
apparent,1
palestinian,1
