WORDCOUNTS,WEIGHT
the,1169
of,838
and,529
in,375
to,303
a,280
that,251
friedlander,182
s,140
on,124
is,117
for,113
as,111
white,107
holocaust,107
historical,97
history,96
his,93
their,82
but,74
with,72
an,71
not,70
have,68
this,67
he,64
years,64
by,61
book,60
are,60
from,52
they,51
into,51
nazi,51
extermination,51
about,49
it,48
see,48
be,48
has,47
more,45
narrative,42
historians,42
or,42
victims,41
at,40
other,40
also,38
one,36
historiography,35
most,35
no,34
many,33
who,33
final,32
solution,31
success,31
truth,30
these,30
were,30
jews,29
important,29
events,29
can,28
between,27
all,26
had,26
way,25
german,25
sense,25
different,25
reader,24
hayden,24
hitler,24
pages,23
university,23
press,23
first,22
was,22
instance,22
only,22
time,22
which,22
what,22
some,21
work,21
its,21
than,21
same,21
i,21
been,21
political,20
der,19
factors,19
because,19
culture,19
never,19
like,19
structure,19
analysis,19
very,19
thus,18
research,18
analytical,18
we,18
did,18
writing,18
kansteiner,17
result,17
testimony,17
modernism,17
does,16
might,16
europe,16
wulf,16
how,16
when,16
new,16
hand,16
if,15
could,15
chapter,15
however,15
few,15
after,15
story,15
text,15
them,15
role,15
evidence,15
without,14
up,14
readers,14
so,14
especially,14
often,14
any,14
past,14
through,14
specific,14
much,14
germany,13
conceptual,13
genocide,13
people,13
two,13
would,13
each,13
ideological,13
facts,12
factual,12
radical,12
well,12
example,12
level,12
yet,12
including,12
questions,12
set,12
particularly,12
theory,12
popular,12
representation,12
question,12
tion,11
saul,11
there,11
last,11
such,11
perpetrators,11
interesting,11
developed,11
war,11
jewish,11
policies,11
own,11
insights,11
historiographical,11
over,11
studies,10
october,10
point,10
even,10
study,10
disbelief,10
academic,10
public,10
still,10
again,10
causality,10
metahistory,10
end,10
number,10
moral,10
form,10
compelling,10
die,10
conventional,10
already,10
page,9
secondary,9
epistemological,9
case,9
september,9
rather,9
moreover,9
out,9
eyewitness,9
auschwitz,9
officials,9
occasions,9
seemingly,9
addition,9
fact,9
contemporary,9
model,9
effect,9
european,9
persecution,9
then,9
levi,9
key,9
particular,9
welzer,9
while,9
both,9
realism,9
limits,8
experience,8
nevertheless,8
concepts,8
modernist,8
framework,8
perspective,8
whose,8
powerful,8
during,8
causal,8
event,8
small,8
will,8
referent,8
make,8
others,8
do,8
less,8
explanation,8
murderers,8
provides,8
lot,8
provide,8
prose,8
historian,8
scholarly,8
little,8
subject,8
our,8
among,8
ultimately,8
instead,8
close,8
fiction,7
easily,7
modern,7
anti,7
histo,7
reading,7
primary,7
chapters,7
soldiers,7
kind,7
act,7
statements,7
rules,7
literary,7
origins,7
cannot,7
explain,7
data,7
part,7
knowledge,7
friedlan,7
quite,7
irony,7
single,7
us,7
power,7
explicitly,7
made,7
points,7
general,7
least,7
ideology,7
unusual,7
quotes,7
quickly,7
december,7
linked,7
mass,7
list,7
design,7
extent,7
fully,7
motives,7
offer,7
introduction,6
church,6
certainly,6
voices,6
seems,6
great,6
aesthetic,6
take,6
context,6
account,6
regarding,6
emplotments,6
since,6
against,6
de,6
media,6
critique,6
hardly,6
let,6
may,6
failed,6
alive,6
york,6
explicit,6
march,6
consider,6
beyond,6
answers,6
appear,6
found,6
survivor,6
relativism,6
basis,6
narratives,6
calls,6
social,6
successful,6
discourse,6
always,6
am,6
content,6
chronological,6
film,6
highlights,6
critics,6
ten,6
ed,6
toward,6
stories,6
scholars,6
germans,6
present,6
another,6
finally,6
three,6
comprehensive,6
publication,6
attention,6
decision,6
space,6
ing,6
sometimes,6
within,6
france,6
narratological,6
primarily,6
visual,6
eyewitnesses,6
intellectual,6
propaganda,6
just,6
passage,6
works,6
beginning,6
carefully,6
terms,6
generally,6
despite,6
emplotment,6
tell,6
write,6
perpetrator,6
heydrich,6
passages,6
debate,6
given,6
focus,6
group,5
complex,5
behavior,5
sources,5
long,5
reasons,5
government,5
rethinking,5
con,5
linear,5
captures,5
possible,5
insight,5
himself,5
language,5
ethical,5
times,5
back,5
publications,5
overarching,5
ironic,5
process,5
similar,5
importance,5
documentaries,5
understand,5
belgium,5
clearly,5
argued,5
frequently,5
puts,5
opinion,5
reflections,5
bureaucracy,5
plot,5
tools,5
appears,5
population,5
memory,5
aspects,5
bystanders,5
rhetorical,5
london,5
consistently,5
place,5
subtle,5
several,5
accomplished,5
formats,5
world,5
disturbing,5
society,5
critical,5
transnational,5
reception,5
oxford,5
read,5
under,5
published,5
tropes,5
mentions,5
took,5
deportations,5
use,5
diaries,5
sequence,5
unease,5
essay,5
reviewers,5
him,5
written,5
methods,5
probably,5
exceptional,5
try,5
entertainment,5
dead,5
face,5
empathy,5
rarely,5
mentioned,5
simply,5
ever,5
colleagues,5
highly,5
leaders,5
according,5
burns,5
occasionally,5
ulrich,5
survival,5
argument,5
cambridge,5
summary,5
early,5
center,4
systematically,4
effective,4
browning,4
second,4
harald,4
ways,4
murder,4
contexts,4
every,4
confusion,4
achievement,4
inherent,4
able,4
those,4
synthetic,4
system,4
zeitung,4
referents,4
intuitions,4
logical,4
far,4
throughout,4
raises,4
confino,4
respects,4
extensively,4
turn,4
contrary,4
truly,4
find,4
communication,4
stone,4
leadership,4
cultural,4
cites,4
vantage,4
performance,4
adds,4
basic,4
levels,4
support,4
additional,4
efficient,4
strategy,4
whereas,4
presents,4
closely,4
my,4
whom,4
conventionally,4
deal,4
scenes,4
rians,4
having,4
figurative,4
future,4
korhonen,4
whole,4
stanford,4
eastern,4
field,4
stage,4
next,4
catholic,4
order,4
emphasizes,4
foremost,4
subchapter,4
und,4
structured,4
crime,4
grasp,4
therefore,4
poland,4
situation,4
matter,4
identified,4
limited,4
play,4
rapid,4
convictions,4
frank,4
interpretation,4
makes,4
experienced,4
happened,4
light,4
deportation,4
dan,4
members,4
resistance,4
efforts,4
main,4
essence,4
fashion,4
audiences,4
books,4
locations,4
vast,4
considering,4
range,4
writings,4
tater,4
elite,4
assume,4
aesthetics,4
theoretical,4
described,4
held,4
christopher,4
played,4
stresses,4
standard,4
qualities,4
broszat,4
italy,4
professional,4
dealing,4
christian,4
relationship,4
seen,4
tive,4
force,4
effectively,4
scholar,4
respect,4
detail,4
semitism,4
terrible,4
following,4
redemptive,4
demonstrate,4
extensive,4
precise,4
know,4
reversal,4
connection,4
best,4
emphasis,4
deconstruction,4
audience,4
cause,4
problem,4
opfer,4
universe,4
des,4
radically,4
presented,4
peace,4
measure,4
figural,4
models,4
national,4
knopp,4
course,4
effects,4
philosophy,4
integrates,4
themselves,4
collaborators,4
scholarship,4
texts,4
views,4
should,4
tolstoy,3
keeps,3
extreme,3
identifies,3
kinds,3
ma,3
constitutes,3
position,3
causation,3
something,3
chooses,3
being,3
common,3
fraction,3
norbert,3
taken,3
address,3
bloomington,3
belong,3
together,3
concludes,3
styles,3
achieved,3
state,3
date,3
emphasized,3
precisely,3
keith,3
tv,3
normal,3
johns,3
issue,3
takes,3
jenkins,3
task,3
u,3
synecdoche,3
italian,3
politics,3
pretend,3
dutch,3
likely,3
processes,3
dynamic,3
engage,3
collection,3
conflict,3
review,3
histori,3
representations,3
dynamics,3
quality,3
featured,3
police,3
im,3
american,3
assessment,3
topic,3
nazis,3
megill,3
response,3
extraordinary,3
third,3
men,3
consequently,3
look,3
apparently,3
glued,3
reviews,3
across,3
generations,3
remain,3
acknowledging,3
en,3
capture,3
earlier,3
ex,3
certain,3
dialogue,3
von,3
consequences,3
goebbels,3
theorists,3
praise,3
impact,3
acknowledges,3
statement,3
followed,3
technocrats,3
providing,3
view,3
methodology,3
iconography,3
standards,3
dispersive,3
acceptable,3
explanatory,3
shared,3
focused,3
scale,3
record,3
stimmen,3
creates,3
hopkins,3
scene,3
directly,3
literature,3
ankersmit,3
begins,3
fit,3
collective,3
relevance,3
call,3
status,3
ucla,3
citing,3
change,3
television,3
june,3
convey,3
pays,3
proper,3
appropriate,3
provided,3
finds,3
ken,3
indeed,3
overall,3
appreciate,3
mainstream,3
counterfactual,3
experiences,3
once,3
chronicle,3
criticism,3
vignettes,3
refusing,3
alon,3
perspectives,3
complete,3
included,3
baltimore,3
russian,3
provocative,3
reports,3
rise,3
schindler,3
balancing,3
successfully,3
paul,3
death,3
put,3
performs,3
added,3
emotions,3
longer,3
creative,3
appeared,3
abstract,3
really,3
practical,3
frankfurter,3
rhetoric,3
covered,3
where,3
occupied,3
non,3
judith,3
practice,3
perhaps,3
routledge,3
ordinary,3
boat,3
casting,3
tensions,3
fight,3
discussion,3
indiana,3
examples,3
genres,3
renders,3
identity,3
murdered,3
unfortunately,3
causes,3
academics,3
rare,3
examination,3
previous,3
clear,3
reality,3
tional,3
welcomed,3
profession,3
deals,3
period,3
features,3
martin,3
realist,3
relation,3
organizers,3
analyze,3
widely,3
applies,3
pohl,3
moses,3
me,3
publishing,3
independent,3
impressive,3
why,3
fall,3
types,3
months,3
forth,3
claims,3
series,3
comparison,3
dieter,3
here,3
outcome,3
correspond,3
paper,3
shares,3
half,3
contradictory,3
type,3
concrete,3
maintain,3
covers,3
attitudes,3
writes,3
periphery,3
information,3
indifference,3
middle,3
felt,3
multiple,3
truthful,3
became,3
frei,3
using,3
exceptionally,3
tions,3
remarks,3
argues,3
reveals,3
charge,3
discursive,3
richard,3
although,3
jewry,3
integrated,3
need,3
regime,3
left,3
assumed,3
traditional,3
immediately,3
seek,3
ends,3
ments,2
edge,2
meaning,2
suc,2
prize,2
empirical,2
ewa,2
evans,2
linguistic,2
passing,2
amazing,2
fate,2
topics,2
multifaceted,2
essays,2
designed,2
true,2
domanska,2
sublime,2
incidentally,2
tween,2
refers,2
occurred,2
total,2
perceptive,2
tells,2
maybe,2
before,2
uses,2
complicating,2
uplifting,2
attuned,2
reich,2
turning,2
debilitating,2
t,2
explaining,2
fuhrer,2
revisited,2
frankfurt,2
interests,2
ii,2
attempts,2
military,2
thrive,2
refusal,2
indecidability,2
rescue,2
allan,2
christoph,2
extermina,2
timing,2
analyses,2
emotion,2
assembled,2
follows,2
ences,2
closer,2
hundred,2
reveal,2
products,2
wallstein,2
integrate,2
zu,2
slovakia,2
robert,2
complicated,2
discipline,2
committed,2
hostility,2
behind,2
nazism,2
ad,2
triggered,2
underbrush,2
nar,2
catastrophes,2
gaps,2
albeit,2
pulled,2
analytically,2
addresses,2
exception,2
ample,2
consumers,2
professionals,2
west,2
accolades,2
classics,2
relate,2
along,2
message,2
par,2
doll,2
million,2
icons,2
comments,2
accuracy,2
famously,2
pursue,2
countless,2
pursuit,2
silent,2
author,2
ability,2
dia,2
adopted,2
honest,2
keilbach,2
unfamiliar,2
structuralist,2
fischer,2
century,2
refuses,2
elements,2
old,2
ranke,2
depend,2
conveys,2
syracuse,2
six,2
suitable,2
ness,2
apokalypse,2
compare,2
section,2
constructs,2
appreciated,2
wounded,2
generation,2
master,2
occasional,2
conceptually,2
error,2
romania,2
pogroms,2
exten,2
employ,2
steps,2
displacement,2
recognized,2
ling,2
links,2
impetus,2
stop,2
landscape,2
conflation,2
appreciation,2
cinema,2
players,2
completely,2
zeitgeschichte,2
suffer,2
opportunity,2
risk,2
talk,2
derived,2
direct,2
parts,2
witness,2
lay,2
feel,2
killers,2
means,2
reason,2
gerlach,2
changes,2
dolls,2
figuration,2
adopt,2
postmodern,2
metonymy,2
blame,2
greeks,2
intellectually,2
cess,2
vivid,2
proved,2
contemporaries,2
four,2
show,2
commented,2
ques,2
shed,2
bishops,2
terminology,2
willing,2
films,2
suggested,2
humility,2
sive,2
identifying,2
location,2
histories,2
name,2
sich,2
conservative,2
amsterdam,2
emotionally,2
philosophical,2
representative,2
none,2
gottingen,2
further,2
david,2
ann,2
informed,2
though,2
spiegel,2
produced,2
sentence,2
priorities,2
xvii,2
tension,2
wide,2
affair,2
prolepses,2
shape,2
xix,2
almost,2
keeping,2
postwar,2
mination,2
tool,2
fogu,2
claim,2
imagined,2
concept,2
illustrated,2
purpose,2
discusses,2
explains,2
apparent,2
description,2
used,2
gave,2
describe,2
fail,2
partly,2
subtly,2
faint,2
accomplishment,2
classen,2
actually,2
structures,2
focuses,2
systematic,2
klemperer,2
sions,2
contradictions,2
implicitly,2
strict,2
collaborated,2
marx,2
suggest,2
semitic,2
henke,2
atmosphere,2
profes,2
involved,2
around,2
soundness,2
helpers,2
influence,2
ignore,2
feelings,2
protect,2
illusions,2
leni,2
depressingly,2
managed,2
visible,2
passivity,2
lorenz,2
results,2
value,2
prizes,2
inform,2
seemed,2
avoid,2
pope,2
appeal,2
battle,2
pervasive,2
ents,2
reticence,2
reduced,2
summarize,2
dispositions,2
scientific,2
economic,2
short,2
horrors,2
classic,2
july,2
above,2
intervention,2
railway,2
settings,2
sensation,2
echo,2
ask,2
religious,2
adapted,2
structural,2
comforting,2
violence,2
vs,2
differentiate,2
perceived,2
nationalsozialismus,2
chris,2
dialectical,2
contains,2
toronto,2
frameworks,2
isolated,2
viktor,2
party,2
fire,2
dilemma,2
french,2
temporarily,2
mark,2
preferences,2
similarly,2
registration,2
naive,2
offers,2
fundamental,2
occurrence,2
claudio,2
lacks,2
larger,2
vilna,2
deconstructive,2
forms,2
diary,2
innovative,2
necessary,2
distance,2
threats,2
palestine,2
original,2
churches,2
registers,2
finnish,2
effectiveness,2
sides,2
retains,2
europeans,2
top,2
largely,2
troops,2
web,2
guidance,2
harvard,2
extraordinarily,2
real,2
engaged,2
nothing,2
frame,2
full,2
netherlands,2
vii,2
catch,2
passim,2
strands,2
hungary,2
tropological,2
yahil,2
authors,2
stress,2
idiosyncratic,2
faces,2
keep,2
compatriots,2
historicization,2
started,2
function,2
induce,2
serves,2
crafted,2
accurate,2
conversation,2
poetic,2
imagination,2
exchange,2
conclusions,2
nicely,2
insists,2
craft,2
become,2
epistemology,2
large,2
nobody,2
enjoyed,2
learn,2
percent,2
implementers,2
looks,2
slightly,2
equivalent,2
figures,2
invented,2
saw,2
destruction,2
engagement,2
intervene,2
ago,2
ber,2
justice,2
consists,2
refused,2
informs,2
raise,2
continued,2
narratology,2
segments,2
crucial,2
vision,2
begin,2
fewer,2
widespread,2
racial,2
un,2
inexplicable,2
closure,2
establish,2
render,2
contribution,2
countries,2
hope,2
surprising,2
endure,2
get,2
viewers,2
comic,2
plus,2
seriously,2
forthcoming,2
fifteen,2
monument,2
material,2
comes,2
complexity,2
dearth,2
existence,2
conceptualize,2
harpercollins,2
known,2
concluded,2
constructed,2
dirk,2
haphazardly,2
potential,2
positivist,2
diarist,2
bulgaria,2
principle,2
image,2
country,2
pedestrian,2
cultures,2
interested,2
accommodate,2
morder,2
chronist,2
surprisingly,2
regard,2
er,2
perfectly,2
nary,2
identities,2
better,2
table,2
places,2
turned,2
cal,2
suffering,2
bilavsky,2
combined,2
reactions,2
implicit,2
accounts,2
want,2
apace,2
forcefully,2
leaving,2
zur,2
rejoinder,2
fighters,2
produce,2
deconstructing,2
recognition,2
thereby,2
lodz,2
pre,2
tine,2
disciplines,2
went,2
com,2
impress,2
challenges,2
aspect,2
coming,2
gesture,2
bystander,2
come,2
layers,2
croatia,2
difference,2
vann,2
allgemeine,2
contributed,2
sional,2
define,2
off,2
socialism,2
shift,2
speak,2
rigney,2
campaign,2
exter,2
respective,2
morally,2
vi,2
ries,2
offered,2
settled,2
invited,2
combination,2
chicago,2
era,2
verified,2
re,2
images,2
conventions,2
major,2
kuisma,2
perception,2
kurt,1
ammunition,1
resolve,1
frequent,1
disciple,1
difficult,1
derous,1
literal,1
fiir,1
inexplicability,1
spider,1
interpre,1
spice,1
vilified,1
respected,1
mostly,1
struggle,1
dies,1
courages,1
prefer,1
ethics,1
nized,1
conflicting,1
horror,1
forschungen,1
later,1
groups,1
enthusias,1
c,1
defy,1
faced,1
phrasing,1
ready,1
wonder,1
parallax,1
represent,1
fanfare,1
naticism,1
undermines,1
ideo,1
market,1
deserve,1
egging,1
protestant,1
interventions,1
introductions,1
resulted,1
exterminations,1
determine,1
moving,1
intriguing,1
announced,1
epistemologically,1
assembles,1
swiftly,1
alone,1
undecided,1
considerably,1
wavered,1
starts,1
string,1
briefwechsel,1
berlin,1
per,1
expect,1
incomprehensible,1
juxtaposition,1
needed,1
conducted,1
speculated,1
integrity,1
shoulders,1
agency,1
elaborated,1
thelen,1
identify,1
prime,1
fa,1
entries,1
aca,1
overdue,1
referring,1
live,1
authority,1
services,1
evocative,1
sets,1
holland,1
denmark,1
rounded,1
strictly,1
martyrdom,1
affective,1
factually,1
mommsen,1
upheaval,1
conscious,1
excels,1
useful,1
omnipresent,1
loca,1
conclusive,1
motive,1
implosion,1
backs,1
policy,1
nicht,1
devices,1
justified,1
tome,1
invectives,1
truthfully,1
driven,1
narra,1
stefan,1
unlike,1
partments,1
invent,1
submissiveness,1
dress,1
detailing,1
yosefa,1
service,1
nineteenth,1
induced,1
thematic,1
probed,1
eye,1
przyrembel,1
eager,1
continuous,1
himmler,1
entourage,1
facets,1
hints,1
themes,1
intentions,1
exterminate,1
test,1
passive,1
evenhandedness,1
portunity,1
lower,1
said,1
treatise,1
came,1
consistent,1
based,1
prominently,1
www,1
spiderweb,1
philosophers,1
torical,1
preceding,1
creation,1
production,1
chronicles,1
derives,1
expressive,1
coexist,1
repertoire,1
implications,1
collage,1
feeling,1
penchant,1
sub,1
develops,1
expectation,1
perience,1
allow,1
tuition,1
xxi,1
action,1
emerged,1
hoffmann,1
massively,1
pendulum,1
prestigious,1
experiments,1
malleable,1
hatred,1
comedy,1
words,1
confirmed,1
handling,1
affirmed,1
inconclusiveness,1
attractive,1
sup,1
tradition,1
interwoven,1
down,1
ble,1
conceptualized,1
display,1
careers,1
journals,1
differences,1
tropics,1
potentially,1
bureaucratic,1
producing,1
arises,1
revisions,1
studied,1
sometime,1
atlantic,1
composition,1
launched,1
raising,1
cohesion,1
dented,1
packages,1
ough,1
nationalism,1
help,1
xx,1
embrace,1
reoccurrence,1
foolish,1
ratologists,1
tablished,1
faithful,1
mind,1
raised,1
situ,1
reserved,1
reworking,1
croce,1
corroborate,1
fallibility,1
ous,1
declines,1
fanaticism,1
return,1
berkhofer,1
violating,1
positively,1
similarities,1
bluntly,1
british,1
ernest,1
dioceses,1
side,1
helplessness,1
narrativism,1
corresponded,1
dissemination,1
heaped,1
fassungslosigkeit,1
plain,1
plea,1
portugal,1
attacked,1
lived,1
adopts,1
continuum,1
motion,1
iv,1
geschichtswissenschaft,1
nermost,1
discuss,1
right,1
twist,1
crowd,1
genocidal,1
killings,1
grated,1
distributing,1
welcome,1
soldier,1
fitting,1
probing,1
understated,1
betts,1
attest,1
authentic,1
den,1
illustrate,1
reply,1
shame,1
reaching,1
measures,1
establishing,1
reaction,1
functions,1
differen,1
literaturen,1
weg,1
ings,1
appreciates,1
structurally,1
living,1
gesichter,1
crossed,1
rid,1
transcend,1
convince,1
reflection,1
mastery,1
taking,1
mental,1
guarantors,1
say,1
reflecting,1
artful,1
eliminating,1
ideologically,1
resources,1
fur,1
cited,1
braid,1
loudly,1
apply,1
fragmented,1
correlation,1
promises,1
spain,1
accessed,1
frenzy,1
cursive,1
letter,1
safely,1
doses,1
moralizing,1
warfare,1
epistemo,1
sign,1
split,1
jakob,1
misrepresentation,1
hegel,1
metonymic,1
narrated,1
diversity,1
consult,1
casionally,1
guilty,1
gravity,1
succeed,1
tribute,1
relies,1
victim,1
central,1
transformations,1
includes,1
accessible,1
domesticated,1
domesticating,1
radios,1
uncom,1
historically,1
integral,1
proceeded,1
reverse,1
explained,1
ticular,1
component,1
ventional,1
immediate,1
wesleyan,1
development,1
illustrates,1
constantly,1
due,1
analyzing,1
reported,1
raving,1
assumes,1
geance,1
aus,1
nascendi,1
subverts,1
divine,1
perennial,1
relatively,1
schinder,1
moment,1
num,1
dismisses,1
dramaturgic,1
club,1
walter,1
arsonist,1
terminological,1
rigorously,1
passionate,1
quantitative,1
spewed,1
writ,1
kliiger,1
term,1
counter,1
pdf,1
farewell,1
garners,1
strategic,1
positivism,1
forced,1
vors,1
eled,1
dis,1
progressive,1
construction,1
cases,1
euthanasia,1
altogether,1
decided,1
etre,1
developments,1
ation,1
survivors,1
immigrants,1
person,1
psychological,1
manifestly,1
underlying,1
rejecting,1
fanatically,1
tegrity,1
violently,1
refer,1
concerning,1
profound,1
causing,1
spanned,1
encompass,1
outbursts,1
highest,1
baldwin,1
hopefully,1
http,1
honesty,1
flawed,1
radio,1
afford,1
attests,1
minus,1
unintelligible,1
ally,1
arranged,1
zweiten,1
cohen,1
twice,1
converging,1
rhythm,1
vacillation,1
schulz,1
rounding,1
helpful,1
semantic,1
perfunctory,1
enhance,1
compel,1
explore,1
drawn,1
imaginary,1
memoir,1
unresolved,1
performative,1
journal,1
werden,1
vice,1
gaze,1
riography,1
mand,1
ellipses,1
deeply,1
simplistic,1
ven,1
professionally,1
delivered,1
conceded,1
weakness,1
nuanced,1
tightly,1
bel,1
word,1
dedicate,1
kitsch,1
ment,1
communica,1
react,1
celebrating,1
readable,1
traumatic,1
behan,1
speech,1
perfect,1
statu,1
entices,1
pay,1
ers,1
loyal,1
rodopi,1
sweeping,1
sixteen,1
upstaging,1
high,1
wishes,1
americans,1
lithuanians,1
cially,1
hamburg,1
deviations,1
incomparable,1
hesitant,1
heroism,1
constellations,1
identification,1
stock,1
operations,1
subjected,1
menschen,1
aimed,1
magisterial,1
angeles,1
wehrmacht,1
premodern,1
secrets,1
organize,1
briskly,1
beholder,1
inclusion,1
mean,1
knew,1
tary,1
represented,1
temological,1
analyzes,1
mechanics,1
goes,1
dealt,1
determining,1
probability,1
lasted,1
stops,1
flexible,1
ns,1
illicit,1
smothers,1
leave,1
jena,1
ongoing,1
represents,1
ix,1
ascribes,1
lacking,1
scales,1
crusade,1
govern,1
viertelsjahrshefte,1
dismiss,1
polite,1
periodic,1
emanate,1
etiquette,1
lots,1
fulfill,1
rant,1
triguing,1
category,1
escape,1
romantic,1
tinued,1
notwithstanding,1
prehistory,1
gerstein,1
flexibility,1
entry,1
neo,1
pales,1
antidote,1
fray,1
clergy,1
troublesome,1
assumingly,1
presumably,1
wins,1
sum,1
invite,1
director,1
proposed,1
edition,1
unimportant,1
days,1
elevated,1
fairness,1
bpb,1
reviewed,1
prevent,1
situations,1
proven,1
rescued,1
orientation,1
zionist,1
communities,1
tried,1
diatribes,1
surface,1
scientist,1
ploying,1
credentials,1
tossing,1
ful,1
problems,1
teems,1
belgian,1
imprisonment,1
rai,1
hate,1
bruno,1
ante,1
destructive,1
blameworthy,1
hemmings,1
dominant,1
helped,1
escapes,1
discouraging,1
disappoints,1
tory,1
admiration,1
cut,1
utopian,1
responsi,1
nebraska,1
butted,1
assessments,1
fortable,1
ei,1
opponents,1
expressed,1
arrived,1
recog,1
reprinted,1
pastoral,1
interdependen,1
betrayal,1
priori,1
courageously,1
unfold,1
arrival,1
nancy,1
unfolding,1
zeit,1
deploying,1
societies,1
route,1
holds,1
laqueur,1
houses,1
das,1
search,1
called,1
terse,1
frye,1
sequel,1
mur,1
attack,1
docile,1
factuality,1
ambiguity,1
effort,1
resembles,1
seven,1
centers,1
torily,1
objectives,1
changed,1
subscribe,1
subchapters,1
integrierten,1
prehensive,1
monitoring,1
stations,1
mythical,1
xenophobic,1
ironically,1
eu,1
nurturing,1
michel,1
bizarre,1
mindset,1
captured,1
succeeds,1
initial,1
attained,1
base,1
experts,1
inter,1
stepping,1
inversion,1
czech,1
big,1
late,1
lead,1
eliminates,1
rist,1
equally,1
squabble,1
hamburger,1
occupation,1
furthermore,1
spoils,1
gence,1
vents,1
healthy,1
profited,1
displayed,1
silence,1
circular,1
nether,1
career,1
keywords,1
mediated,1
ior,1
reservation,1
unique,1
harassment,1
onic,1
embedding,1
portant,1
domestication,1
recently,1
nating,1
announces,1
reinforce,1
meet,1
promise,1
binghamton,1
applied,1
excellent,1
exhaustion,1
intertwined,1
wealth,1
gone,1
commitments,1
belgians,1
amassed,1
perform,1
refuge,1
volker,1
admissions,1
shepard,1
rantings,1
aufdem,1
exploration,1
opposition,1
died,1
unresolvable,1
al,1
expressions,1
wants,1
influenced,1
ther,1
failure,1
sites,1
abuse,1
rescues,1
existential,1
weight,1
christianity,1
dose,1
oped,1
hybrid,1
diction,1
relatives,1
genre,1
klem,1
injection,1
correctly,1
conduit,1
psychology,1
unworthy,1
criticize,1
gotz,1
anecdotes,1
intense,1
received,1
reinhard,1
ricoeur,1
unappealing,1
ordi,1
los,1
nuances,1
preferred,1
decisions,1
competent,1
unless,1
historio,1
characterization,1
tens,1
competing,1
actants,1
reserve,1
faithfully,1
related,1
enter,1
comment,1
obvi,1
thoughts,1
eva,1
routinely,1
napole,1
pretenses,1
quasi,1
incremental,1
texture,1
vernichtungspolitik,1
authenticity,1
trenchant,1
realm,1
rescuers,1
intermediate,1
volksstaat,1
truthfulness,1
broad,1
icon,1
constitute,1
beginnings,1
officers,1
simulates,1
astutely,1
details,1
neue,1
outweighed,1
rative,1
compatible,1
finished,1
insufficiency,1
documented,1
interac,1
translated,1
forces,1
away,1
elegant,1
accord,1
mitteilt,1
rundschau,1
collabora,1
participate,1
entails,1
project,1
resort,1
pretation,1
semantics,1
won,1
logue,1
enhances,1
visions,1
dresden,1
enthusiastic,1
attributed,1
weeks,1
approach,1
manipulation,1
messages,1
either,1
ranting,1
decidedly,1
foci,1
monetary,1
depicting,1
terror,1
someone,1
multiplicity,1
exemplary,1
occasion,1
worked,1
considers,1
authorities,1
tolerant,1
closing,1
caused,1
describing,1
xxvi,1
hard,1
below,1
voiced,1
responsibility,1
questionable,1
laborious,1
hurdles,1
brave,1
straight,1
resolving,1
verdict,1
cer,1
politically,1
complicate,1
multitude,1
rushed,1
phrase,1
heart,1
fast,1
encompasses,1
berg,1
calling,1
simulation,1
endured,1
axiom,1
immi,1
sufficient,1
mains,1
ship,1
choose,1
components,1
routine,1
unrelated,1
compatibility,1
temporary,1
governments,1
industry,1
brought,1
acts,1
invoke,1
amounted,1
multidirectional,1
erected,1
decline,1
mats,1
distinguished,1
staged,1
latest,1
weapons,1
alight,1
junctures,1
impossible,1
philip,1
engages,1
core,1
vein,1
mordern,1
guido,1
beacon,1
inability,1
qualify,1
quaint,1
indoctrinated,1
majority,1
attended,1
jumps,1
paid,1
correspondence,1
peculiar,1
notes,1
veloped,1
newly,1
grateful,1
hitlers,1
lincoln,1
cative,1
iggers,1
settle,1
actions,1
stephan,1
questioning,1
massive,1
collaborative,1
lems,1
unfinished,1
untergang,1
endorses,1
jeffrey,1
theostheer,1
primacy,1
exaggerated,1
survived,1
inspection,1
postmodernity,1
void,1
diner,1
liberation,1
integrating,1
positivistic,1
crescendo,1
questioned,1
shootings,1
ana,1
adhering,1
mccullagh,1
republic,1
ical,1
conciliatory,1
business,1
minor,1
lit,1
positions,1
variety,1
academia,1
protecting,1
commu,1
tes,1
bringing,1
letters,1
audi,1
aim,1
procedures,1
worldview,1
tedious,1
blgdjb,1
ans,1
wrote,1
normalization,1
star,1
motivations,1
turns,1
launch,1
site,1
techniques,1
commandos,1
abyss,1
schemes,1
cloud,1
deadly,1
motivated,1
edges,1
neverthe,1
rendering,1
innocence,1
brings,1
constraints,1
prej,1
morphine,1
converted,1
community,1
judgment,1
unwraps,1
reserves,1
tor,1
retical,1
unwieldy,1
sending,1
unprecedented,1
initially,1
greed,1
recreating,1
modes,1
degree,1
contra,1
friedander,1
neat,1
established,1
hold,1
innovation,1
direction,1
prefigured,1
positive,1
demic,1
illuminating,1
guide,1
violate,1
trian,1
selling,1
bearings,1
revisiting,1
coverage,1
gloom,1
serve,1
mission,1
perplexity,1
array,1
east,1
continuity,1
ning,1
entitled,1
chronology,1
clash,1
challenged,1
harlan,1
termination,1
neither,1
relinquish,1
riots,1
forays,1
acting,1
representa,1
home,1
conveying,1
timony,1
orders,1
negates,1
speicher,1
assistance,1
abandon,1
choices,1
literally,1
sales,1
volkermord,1
reduces,1
appeals,1
wisconsin,1
cheerful,1
ferent,1
relativist,1
emotional,1
weltkrieg,1
celebrates,1
allows,1
learns,1
lingering,1
salonika,1
foucault,1
journalist,1
lytically,1
historiker,1
picture,1
harper,1
regardless,1
chose,1
subjective,1
dante,1
source,1
fruitful,1
stemmed,1
organizations,1
leader,1
critiques,1
fernsehen,1
comfortable,1
cies,1
challenge,1
popularity,1
admirable,1
sult,1
treatment,1
intrinsic,1
pointed,1
available,1
tiny,1
scientists,1
reappearance,1
herbert,1
generational,1
speaks,1
incorporates,1
comprehen,1
lack,1
twenty,1
idea,1
criteria,1
overwhelming,1
conduct,1
ghetto,1
walked,1
vigorous,1
trips,1
heft,1
nist,1
possi,1
ish,1
chronik,1
outdated,1
layer,1
als,1
humanitarian,1
wie,1
diverse,1
normalen,1
personal,1
featuring,1
novelists,1
debates,1
debated,1
false,1
doubt,1
edly,1
solu,1
appropriately,1
licated,1
condensed,1
nutshell,1
succeeding,1
gleefully,1
primo,1
sublates,1
munster,1
oc,1
beliefs,1
serious,1
simple,1
bility,1
maker,1
lone,1
channel,1
enactment,1
puzzling,1
enough,1
tier,1
considered,1
throwing,1
consciously,1
monographs,1
v,1
everyday,1
paris,1
ground,1
imperatives,1
deploy,1
increases,1
ninety,1
handed,1
nicolas,1
metaphors,1
developing,1
orderly,1
purposes,1
prominent,1
existing,1
empire,1
accepted,1
armed,1
geschichtsbilder,1
interviewees,1
celebrated,1
answer,1
krieg,1
strategies,1
tainly,1
einsatzgruppen,1
hides,1
besch,1
spoke,1
excep,1
cir,1
attitude,1
swung,1
agencies,1
focusing,1
poles,1
diverging,1
chronologically,1
belief,1
interdependencies,1
exceeds,1
gives,1
rage,1
stunning,1
destroyed,1
encountered,1
chair,1
realize,1
sway,1
thoroughly,1
eminently,1
reminds,1
remained,1
responded,1
obsessions,1
local,1
imagine,1
demonstrated,1
acknowledgment,1
understatement,1
northrop,1
liv,1
analyzed,1
interrelated,1
private,1
understanding,1
technologies,1
exploring,1
meaningful,1
finish,1
coherent,1
skepticism,1
incommensurability,1
ets,1
treated,1
suicides,1
easier,1
sacrifices,1
stuck,1
disagree,1
espe,1
limitations,1
hurled,1
urn,1
trajectory,1
fictional,1
killing,1
desperate,1
translation,1
owe,1
onslaught,1
gians,1
versa,1
crafts,1
complexities,1
minds,1
bundesdeutschen,1
command,1
lecture,1
admiring,1
encourage,1
utterance,1
illusion,1
fascist,1
masterful,1
phrases,1
exterminated,1
paradigm,1
unfair,1
lesser,1
station,1
lucidity,1
additions,1
exciting,1
factor,1
engaging,1
engulfed,1
pleasure,1
tips,1
institutional,1
aes,1
deutschen,1
variables,1
maintains,1
cular,1
debt,1
individuals,1
ibid,1
behav,1
trip,1
chosen,1
deployed,1
macro,1
sees,1
struction,1
tagesanzeiger,1
considerable,1
california,1
optimistic,1
epic,1
indelible,1
displacing,1
ties,1
trade,1
futile,1
translate,1
reiben,1
lothe,1
historic,1
thetic,1
adding,1
trap,1
op,1
express,1
tury,1
movies,1
agreement,1
stayed,1
utter,1
disinte,1
peter,1
deniers,1
sande,1
co,1
tactical,1
issn,1
fanatic,1
pride,1
divisions,1
occa,1
spread,1
brussels,1
rabidly,1
escaped,1
leanings,1
static,1
stages,1
paths,1
administrative,1
fragility,1
sally,1
thomas,1
catchy,1
dissonances,1
latter,1
life,1
interrupting,1
anybody,1
herman,1
portation,1
falsified,1
diarists,1
special,1
welt,1
trying,1
hungarian,1
kit,1
interpretations,1
sty,1
excess,1
respectively,1
pro,1
xvi,1
deluge,1
britain,1
incompatible,1
fanned,1
ghettos,1
hierarchical,1
january,1
confusing,1
enthusiastically,1
seeking,1
capitalism,1
equately,1
similes,1
greece,1
begs,1
parameters,1
departments,1
incontrovertible,1
ceptions,1
theo,1
vindictive,1
relative,1
develop,1
rian,1
achieve,1
narrator,1
hague,1
counts,1
recoding,1
extraordi,1
sented,1
staying,1
revolution,1
carried,1
rope,1
elimi,1
things,1
indoctrination,1
indication,1
doneson,1
anthropomorphisms,1
reliable,1
discussing,1
historisierung,1
lifetime,1
illusory,1
gloomy,1
cleansing,1
dual,1
commentator,1
observa,1
absorbing,1
today,1
locaust,1
note,1
scrutinized,1
herf,1
invokes,1
quo,1
science,1
bold,1
figure,1
opportunism,1
five,1
thor,1
liberators,1
darstellung,1
alun,1
outsiders,1
consent,1
plays,1
practitioners,1
fuhlen,1
pieces,1
fear,1
tocqueville,1
reasonable,1
omniscient,1
archetypical,1
lines,1
citizens,1
referred,1
bothers,1
sensitive,1
zeitzeugen,1
execution,1
publi,1
transformed,1
detailed,1
team,1
began,1
subconscious,1
lives,1
overlap,1
thirteen,1
unclear,1
legitimacy,1
reservations,1
rapidly,1
sheer,1
expert,1
evolution,1
graphical,1
poetics,1
es,1
insistence,1
responsible,1
hi,1
plex,1
existed,1
pipeline,1
philosophies,1
timeline,1
transform,1
colonial,1
creasingly,1
westdeutschen,1
michelet,1
disagrees,1
enforced,1
expounding,1
fields,1
opinions,1
rath,1
tial,1
itself,1
consid,1
interpretive,1
unacceptable,1
fac,1
vigor,1
earliest,1
volksgenossen,1
res,1
udices,1
entertain,1
family,1
burned,1
ganz,1
school,1
acquired,1
revolutionized,1
proof,1
regularly,1
publicly,1
neglected,1
wars,1
kirsch,1
associated,1
mainly,1
uttered,1
precedence,1
worried,1
reviewing,1
lessons,1
intervened,1
accomplishes,1
russians,1
culled,1
collectives,1
grand,1
pulitzer,1
underdeveloped,1
epis,1
inven,1
athens,1
constituted,1
invoked,1
pace,1
theme,1
implied,1
dubious,1
scrutiny,1
totality,1
thousand,1
satisfactory,1
testimonies,1
willingness,1
trapped,1
corrections,1
occurrences,1
eleven,1
exposes,1
sciences,1
appealing,1
einer,1
gaging,1
appropriates,1
denomina,1
cisely,1
equation,1
lwow,1
cover,1
methodologically,1
forty,1
hospitality,1
shortcoming,1
berkeley,1
dimension,1
branches,1
evokes,1
rushes,1
familiar,1
septem,1
partner,1
stem,1
control,1
conver,1
sure,1
illuminate,1
readily,1
elites,1
spontaneous,1
steven,1
share,1
novel,1
penetrated,1
innovations,1
seem,1
rolling,1
parlament,1
identi,1
unknown,1
presence,1
cessful,1
scenario,1
jorg,1
unsettling,1
returns,1
report,1
suddeutsche,1
inquiry,1
highlight,1
tirades,1
foundation,1
iii,1
rou,1
liked,1
metaphorical,1
obviously,1
passionately,1
privileged,1
xxii,1
appreciative,1
constant,1
splash,1
visits,1
crafting,1
geschichte,1
sought,1
cities,1
differed,1
elsewhere,1
movie,1
ambivalent,1
emo,1
closest,1
accepts,1
techno,1
ethos,1
greeted,1
masters,1
structed,1
originality,1
instant,1
interactive,1
merely,1
usual,1
clarity,1
unprece,1
rep,1
helping,1
born,1
experi,1
explanations,1
heads,1
opaque,1
unfulfilled,1
answered,1
hyperactive,1
award,1
lands,1
concedes,1
tradi,1
spatial,1
aly,1
objectively,1
making,1
derridean,1
met,1
trope,1
sociology,1
imposed,1
flames,1
wisely,1
metaphor,1
hoped,1
erupted,1
map,1
fondness,1
sively,1
masterpieces,1
ukrainians,1
distancing,1
erlend,1
adaptation,1
schreckens,1
disarmingly,1
scrupulous,1
insightful,1
ticulously,1
repetitive,1
getting,1
busi,1
juggles,1
vehicle,1
thousands,1
floats,1
scripts,1
changing,1
scient,1
recurrently,1
strings,1
textual,1
protectors,1
balance,1
precedent,1
episode,1
missed,1
suggests,1
mov,1
contain,1
port,1
categories,1
art,1
millions,1
unreasonable,1
eaglestone,1
honenburger,1
gratitude,1
exegesis,1
hindsight,1
researchers,1
boston,1
dynamical,1
intention,1
chor,1
mitlaufern,1
son,1
circumstances,1
age,1
mod,1
tically,1
survi,1
conclude,1
unfassbaren,1
redundant,1
ohio,1
decisive,1
introduced,1
idiosynchratic,1
rogne,1
devel,1
riddle,1
cations,1
publishers,1
convinced,1
giving,1
intended,1
wiese,1
thankful,1
assumptions,1
happens,1
weilnbock,1
target,1
recounts,1
filling,1
theresienstadt,1
underestimate,1
partake,1
officially,1
overwhelmed,1
memories,1
unfortu,1
communicative,1
yielded,1
ho,1
bosch,1
think,1
ein,1
referential,1
precision,1
spective,1
vierteljahrshefte,1
loshitzky,1
spells,1
nately,1
refugees,1
drafts,1
fic,1
categorically,1
negative,1
synopsis,1
lists,1
murderer,1
average,1
connecting,1
quest,1
massenmorder,1
camps,1
zuricher,1
defence,1
jew,1
embarked,1
ernahrung,1
immersive,1
aware,1
shatters,1
mode,1
battalion,1
crisis,1
warsaw,1
parallels,1
historiograph,1
register,1
move,1
applicable,1
metahistort,1
asset,1
pleasing,1
untruthful,1
dense,1
d,1
crimes,1
deporta,1
files,1
leagues,1
extended,1
spielberg,1
smaller,1
notions,1
rearranging,1
omni,1
constituencies,1
regular,1
attributes,1
centrality,1
garnered,1
piece,1
glamorous,1
defined,1
knowl,1
presenting,1
nega,1
madison,1
remains,1
repeat,1
association,1
perer,1
lithuania,1
epigraph,1
convic,1
ruth,1
listic,1
moved,1
observation,1
privileging,1
jefferson,1
intensely,1
thing,1
hans,1
fication,1
arrange,1
prob,1
alexandra,1
archival,1
medias,1
tastes,1
communi,1
enormity,1
homeopathic,1
sits,1
satisfac,1
create,1
substantial,1
abroad,1
documenta,1
entire,1
interaction,1
pedes,1
casts,1
mismatch,1
frightfully,1
ignores,1
glance,1
strong,1
uk,1
granta,1
recent,1
dif,1
famous,1
munslow,1
building,1
enters,1
successive,1
col,1
conversations,1
built,1
representational,1
showed,1
strokes,1
tors,1
mili,1
xxv,1
grants,1
thorough,1
