WORDCOUNTS,WEIGHT
the,664
of,613
and,608
in,385
to,336
a,238
francis,236
s,168
his,128
was,123
on,123
for,121
that,116
as,114
he,90
this,84
with,81
be,70
by,66
were,60
at,59
it,48
had,48
but,48
grand,48
also,47
from,47
an,46
their,46
see,45
women,44
political,43
not,43
female,42
bengal,41
some,40
india,40
london,40
or,37
have,36
philip,34
is,33
burke,32
i,29
there,29
gender,29
more,29
which,29
hastings,29
her,29
who,28
they,27
company,27
these,26
catherine,26
french,25
him,25
might,23
british,23
so,23
european,22
all,21
other,21
no,21
could,21
part,21
male,21
about,20
present,20
number,20
writings,20
men,20
are,20
early,20
how,19
calcutta,19
empire,19
private,19
between,19
should,19
one,18
history,18
globe,18
public,18
because,18
ed,18
indian,18
past,18
females,17
court,16
most,16
own,16
britain,16
gendering,16
been,16
over,16
east,16
imperial,16
both,16
ms,15
england,15
out,15
bl,15
only,15
new,15
slaves,15
after,15
life,15
any,15
parliamentary,14
man,14
woman,14
time,14
ideas,14
far,14
if,13
slave,13
rousseau,13
supreme,13
wrote,13
like,13
she,13
into,12
asia,12
state,12
fos,12
scandal,12
against,12
than,12
influence,12
edmund,12
revolution,12
family,12
wife,12
world,12
guha,12
letters,12
under,12
sir,12
george,12
different,12
what,12
you,12
virtue,12
himself,11
thus,11
such,11
house,11
behaviour,11
speeches,11
marshall,11
published,11
conduct,11
never,11
moral,11
would,11
sometimes,11
them,11
property,11
france,11
roles,11
english,10
ii,10
seems,10
case,10
has,10
politics,10
de,10
marriage,10
even,10
warren,10
p,10
affair,10
its,10
memoirs,10
parkes,10
civic,10
hist,10
when,10
thought,10
made,10
merivale,10
must,10
library,9
position,9
every,9
american,9
may,9
rights,9
instance,9
rule,9
however,9
level,9
settlement,9
subsequently,9
degree,9
home,9
same,9
individuals,9
regard,9
add,9
through,9
career,8
being,8
long,8
able,8
those,8
servants,8
fo,8
commons,8
society,8
sex,8
official,8
subcontinent,8
latter,8
liberalism,8
did,8
less,8
while,8
need,8
junius,8
jury,7
becoming,7
travers,7
letter,7
earlier,7
age,7
reflections,7
my,7
trial,7
people,7
personal,7
up,7
will,7
make,7
yet,7
europe,7
many,7
children,7
john,7
council,7
identity,7
trade,7
clear,7
language,7
especially,7
can,7
antoinette,7
mss,7
me,7
sexes,7
then,7
everywhere,7
colonial,7
c,7
given,7
much,7
europeans,6
iol,6
revolutionary,6
eur,6
december,6
robert,6
fortune,6
since,6
sensations,6
university,6
just,6
important,6
let,6
viewed,6
outside,6
marie,6
work,6
fraser,6
irish,6
positions,6
during,6
minds,6
involved,6
proper,6
power,6
increasingly,6
others,6
reform,6
do,6
ibid,6
father,6
cambridge,6
upon,6
good,6
incomers,6
mr,6
attention,6
respect,6
intellectual,6
form,6
revolutions,6
land,6
evidence,6
texts,6
go,5
way,5
later,5
h,5
sure,5
service,5
princeton,5
first,5
t,5
vols,5
j,5
nature,5
reasons,5
pinto,5
government,5
dr,5
very,5
married,5
old,5
jl,5
david,5
william,5
without,5
across,5
risk,5
means,5
insistence,5
elsewhere,5
argued,5
too,5
victorian,5
view,5
whom,5
conspicuous,5
events,5
masculinity,5
well,5
notebook,5
modesty,5
example,5
social,5
catholic,5
claims,5
research,5
correspondence,5
notes,5
republican,5
second,5
still,5
oxford,5
zamindars,5
lord,5
fact,5
treatment,5
style,5
extended,5
impeachment,5
caribbean,5
period,5
black,5
become,5
masculine,5
connections,5
where,5
often,5
education,5
mother,5
here,5
global,5
print,5
domestic,5
liberal,5
works,5
catalogue,5
jemadar,5
parliament,5
son,5
argument,5
north,5
vi,5
views,5
colley,5
concerned,4
opponent,4
told,4
essays,4
necessarily,4
before,4
came,4
cobbett,4
potentially,4
take,4
ambition,4
mind,4
within,4
money,4
sought,4
sexual,4
great,4
march,4
account,4
possible,4
human,4
busteed,4
due,4
large,4
insisted,4
affairs,4
young,4
left,4
drawn,4
consequently,4
dublin,4
colour,4
whose,4
joan,4
legal,4
certain,4
white,4
actions,4
support,4
n,4
powerful,4
beyond,4
appear,4
closely,4
hands,4
cultural,4
grounds,4
colonies,4
having,4
spheres,4
future,4
knowledge,4
place,4
romance,4
status,4
least,4
climate,4
degeneration,4
beauty,4
situation,4
indigenous,4
economic,4
elizabeth,4
religious,4
urged,4
noted,4
towards,4
husband,4
classical,4
discussed,4
paris,4
until,4
another,4
concern,4
asian,4
use,4
nothing,4
office,4
ireland,4
divisions,4
geographically,4
high,4
why,4
queen,4
exactly,4
accordingly,4
james,4
figure,4
usually,4
linda,4
ideology,4
claimed,4
indispensable,4
bowyer,4
echoes,4
charles,4
country,4
seem,4
appropriate,4
insistent,4
born,4
proceedings,4
terms,4
influenced,4
occasionally,4
republic,4
arguments,4
discussion,4
instead,4
enlightenment,4
offered,4
supporter,4
virtus,4
pseudonyms,4
among,4
possessed,3
child,3
common,3
corruption,3
f,3
trans,3
marian,3
constitution,3
utility,3
manuscript,3
sphere,3
needs,3
properly,3
prime,3
modern,3
protection,3
fixed,3
allies,3
something,3
contact,3
roman,3
give,3
available,3
landholders,3
real,3
help,3
buenos,3
racial,3
environmental,3
dancing,3
king,3
america,3
west,3
laws,3
above,3
along,3
engage,3
comprehensive,3
reputation,3
illustrates,3
proofs,3
century,3
extensively,3
kind,3
rank,3
distinct,3
nor,3
allowed,3
critique,3
weakness,3
acted,3
recognized,3
essential,3
rather,3
l,3
levels,3
represented,3
b,3
parts,3
study,3
polite,3
ordeal,3
revolutionaries,3
numbers,3
impact,3
mary,3
quoted,3
frequently,3
followed,3
generally,3
willing,3
suggested,3
advocated,3
friends,3
whereas,3
lead,3
pitts,3
access,3
radical,3
luxury,3
continents,3
philosophical,3
late,3
circulation,3
further,3
understood,3
though,3
war,3
recently,3
your,3
required,3
basis,3
r,3
marsh,3
brought,3
caught,3
documented,3
employed,3
accused,3
commerce,3
normally,3
stage,3
order,3
several,3
soil,3
distinguished,3
paid,3
valuable,3
cont,3
seemed,3
south,3
girl,3
therefore,3
limited,3
schemes,3
boy,3
hold,3
whole,3
once,3
flux,3
weitzman,3
makes,3
counterparts,3
exposure,3
light,3
sales,3
alien,3
two,3
exploit,3
gentleman,3
name,3
law,3
again,3
food,3
plan,3
aires,3
debates,3
substantially,3
charges,3
fashion,3
advocacy,3
took,3
accepted,3
vulnerable,3
necessary,3
colony,3
original,3
birth,3
eighteenth,3
servant,3
decent,3
increase,3
herself,3
louis,3
described,3
passim,3
significance,3
three,3
importance,3
stress,3
essay,3
peter,3
individual,3
fellow,3
begam,3
officials,3
forms,3
commentators,3
munni,3
priests,3
justice,3
hunt,3
monstrous,3
criminal,3
begin,3
independence,3
worse,3
hindu,3
wives,3
bayly,3
face,3
considered,3
isaac,3
cannon,3
protracted,3
extensive,3
known,3
sustained,3
set,3
locke,3
refused,3
each,3
historians,3
gone,3
down,3
investigation,3
reactions,3
whether,3
accounts,3
character,3
males,3
passed,3
almost,3
suggests,3
translated,3
became,3
administration,3
went,3
evidenced,3
prepared,3
nov,3
conditions,3
integral,3
wish,3
contributed,3
remains,3
potential,3
close,3
point,3
debate,3
substantial,3
testified,3
token,3
deeper,3
beings,3
race,3
courts,2
directors,2
archives,2
now,2
portuguese,2
done,2
revisionist,2
fathers,2
elite,2
obey,2
rev,2
names,2
dangers,2
duel,2
alone,2
adoption,2
elyza,2
center,2
judged,2
whip,2
instructions,2
plasticity,2
formed,2
likely,2
usefully,2
true,2
ways,2
easily,2
studies,2
collection,2
policy,2
liberty,2
wahrman,2
regime,2
migration,2
chief,2
permitted,2
clericalism,2
experience,2
said,2
exposed,2
rani,2
bringing,2
australia,2
familiarity,2
modest,2
davis,2
creation,2
demarcated,2
rested,2
acutely,2
xxxvii,2
editions,2
words,2
memorial,2
belong,2
advantage,2
together,2
gradual,2
bribe,2
carrying,2
napoleon,2
studied,2
atlantic,2
closer,2
scheme,2
religion,2
debt,2
graham,2
subsequent,2
half,2
improved,2
improving,2
raised,2
principal,2
reading,2
intelligence,2
context,2
papers,2
seminar,2
commonwealth,2
citizenship,2
proposals,2
advocates,2
plaint,2
portugal,2
roy,2
key,2
notice,2
mass,2
iv,2
right,2
italian,2
recommended,2
determined,2
marked,2
condition,2
invited,2
intermediary,2
classics,2
owners,2
sent,2
urging,2
rigour,2
repeatedly,2
lover,2
draught,2
famously,2
reverse,2
component,2
development,2
quality,2
visited,2
g,2
maintenance,2
viewing,2
gendered,2
cf,2
respects,2
aberdeen,2
turn,2
reluctance,2
overseers,2
memorandum,2
perceived,2
ithaca,2
response,2
background,2
libraries,2
ladies,2
peasantry,2
details,2
demonstration,2
guard,2
occasion,2
master,2
virtuous,2
contracting,2
online,2
intruder,2
act,2
statements,2
mattered,2
main,2
notion,2
environments,2
adopted,2
derived,2
montesquieu,2
read,2
reforms,2
animals,2
biographer,2
cby,2
reason,2
references,2
send,2
plus,2
possibly,2
established,2
otherwise,2
cthe,2
reformer,2
proved,2
edition,2
days,2
k,2
ignorance,2
w,2
climatological,2
origins,2
putting,2
always,2
hereafter,2
aristocrats,2
rendered,2
labour,2
helped,2
m,2
negroes,2
protestant,2
greater,2
authority,2
result,2
advance,2
based,2
histories,2
found,2
attack,2
strongly,2
wollstonecraft,2
husbands,2
intrigue,2
muslim,2
equally,2
bristow,2
purchased,2
mistress,2
dirks,2
scale,2
record,2
xiv,2
absolute,2
fox,2
opposition,2
wide,2
dror,2
near,2
touring,2
briefly,2
receive,2
franchise,2
minute,2
abolitionist,2
already,2
training,2
esp,2
actors,2
nation,2
sydney,2
explain,2
governorgeneral,2
gave,2
expansive,2
partly,2
cape,2
marital,2
eighteenthcentury,2
xviii,2
polity,2
financier,2
annotated,2
change,2
responses,2
sense,2
successful,2
working,2
manners,2
italics,2
seized,2
contrast,2
dangerous,2
hence,2
night,2
small,2
enslaved,2
decay,2
mod,2
impressions,2
observe,2
tended,2
xxvii,2
occasions,2
visible,2
scott,2
dependent,2
grateful,2
tacitus,2
am,2
favoured,2
geographical,2
champion,2
minor,2
saw,2
matter,2
absence,2
contended,2
lynn,2
clavering,2
unstable,2
dawn,2
esq,2
attempt,2
initially,2
southern,2
prefigured,2
draper,2
convictions,2
listed,2
violence,2
pp,2
rules,2
residence,2
serve,2
soon,2
borrowed,2
selective,2
duplicity,2
neither,2
denounced,2
symptomatic,2
eliza,2
liberties,2
shifting,2
speaking,2
baggs,2
members,2
resolution,2
critiques,2
seraglio,2
business,2
slavery,2
intellect,2
rajput,2
efforts,2
affronts,2
sovereignty,2
lack,2
idea,2
remarks,2
scholars,2
revenue,2
broadly,2
ought,2
grave,2
everything,2
contemporary,2
minister,2
v,2
actor,2
manner,2
oversee,2
endorsed,2
michael,2
spring,2
perhaps,2
native,2
eds,2
books,2
dec,2
mill,2
local,2
credit,2
understanding,2
picaresque,2
treated,2
mothers,2
sides,2
desperate,2
sufficiently,2
medium,2
mistresses,2
significant,2
barwell,2
chs,2
harvard,2
ethnic,2
exhibited,2
vii,2
analysed,2
open,2
similar,2
remaining,2
virtues,2
interpret,2
general,2
keep,2
obstructed,2
complexions,2
course,2
administrative,2
shortly,2
conversation,2
abundant,2
expressing,2
morals,2
spent,2
special,2
prosecution,2
nationality,2
xvi,2
effect,2
seeking,2
probably,2
northern,2
authorship,2
haven,2
incoming,2
keary,2
separate,2
arriving,2
seclusion,2
risks,2
africa,2
lot,2
five,2
centrality,2
vision,2
bound,2
foster,2
politeness,2
defined,2
exceptional,2
seen,2
transformation,2
expert,2
volumes,2
owed,2
analysis,2
maternity,2
composed,2
arbitrary,2
exists,2
sympathy,2
sound,2
rationalize,2
regularly,2
stable,2
environment,2
share,2
seriously,2
victoria,2
thinking,2
constant,2
talleyrand,2
version,2
colonization,2
ever,2
extension,2
disguise,2
desired,2
text,2
wider,2
berkeley,2
continental,2
intellectually,2
paper,2
straightforward,2
republicanism,2
wall,2
visiting,2
speech,2
iii,2
robespierre,2
themselves,2
privileged,2
moonlight,2
cultivation,2
armitage,2
proposed,2
passage,2
february,2
options,2
girls,2
ofjunius,2
merely,2
growing,2
helping,2
carefully,2
circles,2
making,2
particular,2
attitudes,2
preoccupation,2
leaving,2
distribution,2
likes,2
require,2
divide,2
boys,2
constitutional,2
apparently,2
travel,2
anxieties,2
bodies,2
careful,2
altered,2
protected,2
thereby,2
simply,2
answer,2
sea,2
duty,2
african,2
intended,2
respectable,2
measure,2
persona,2
strand,2
enterprise,2
tender,2
families,2
writing,2
unexplored,2
come,2
question,2
devoted,2
radicalism,2
invasion,2
lands,2
initiated,2
merchants,2
wingrove,2
national,2
write,2
finally,2
accept,2
mode,2
americas,2
although,2
d,2
physical,2
changes,2
off,2
oudh,2
supported,2
blacks,2
taking,2
rest,2
marry,2
radicals,2
chicago,2
characters,2
conventions,2
blackstone,2
permanent,2
recent,2
observed,2
fiscal,2
ca,2
household,2
major,2
xxv,2
nicholas,1
frequent,1
laura,1
trajectory,1
surroundings,1
margins,1
kirsten,1
availability,1
handsome,1
rate,1
o,1
disapprobrium,1
liminal,1
prefer,1
punch,1
implemented,1
plainness,1
stuart,1
chivalry,1
micks,1
meaning,1
effected,1
singh,1
expand,1
either,1
rightly,1
created,1
commitment,1
uday,1
corrosive,1
affected,1
extreme,1
excess,1
jade,1
interventions,1
college,1
indecorum,1
legitimate,1
offset,1
connection,1
e,1
resided,1
politicking,1
prostitutes,1
former,1
captives,1
informational,1
scottish,1
redivivus,1
overland,1
singularly,1
traité,1
kinder,1
conducted,1
burton,1
engineered,1
replaced,1
partially,1
industry,1
bathe,1
fate,1
mehta,1
diplomatic,1
mankind,1
conducting,1
word,1
etching,1
linkages,1
live,1
schools,1
prince,1
rounded,1
strictly,1
irrespective,1
exploration,1
completely,1
bias,1
cno,1
union,1
jonathan,1
competence,1
sophia,1
upheaval,1
cif,1
candidate,1
demosthenes,1
nabobinas,1
blameless,1
sensationism,1
considerations,1
spirit,1
conclusive,1
acceptance,1
theatre,1
earnest,1
speedily,1
western,1
distanced,1
royal,1
unlike,1
occurred,1
minutes,1
glittering,1
faded,1
henchmen,1
whigs,1
detailing,1
contented,1
arrived,1
accomplishments,1
levelled,1
arguing,1
sanjay,1
stem,1
lib,1
source,1
territorial,1
annals,1
prisoner,1
verdict,1
du,1
courtesans,1
convulsion,1
contexts,1
muslins,1
assaults,1
engaging,1
plebeian,1
journalism,1
negative,1
secluded,1
abolitionists,1
member,1
grabbed,1
discretion,1
else,1
www,1
withdrawn,1
sources,1
invention,1
certainly,1
regeneration,1
rockingham,1
regulating,1
interests,1
unambiguously,1
likewise,1
evolution,1
attempts,1
military,1
malleable,1
address,1
possesses,1
interference,1
penchant,1
austere,1
secretary,1
disfiguring,1
utilization,1
repr,1
nancy,1
xxi,1
housewives,1
emerged,1
advanced,1
freely,1
diseases,1
active,1
sean,1
historiography,1
alembert,1
maritime,1
reach,1
shaped,1
allan,1
prejudices,1
societies,1
copy,1
deprivation,1
assembling,1
leading,1
concede,1
agrarian,1
assess,1
hindoos,1
employments,1
undertake,1
thro,1
convert,1
thank,1
moreover,1
farmers,1
testimonies,1
outbreak,1
exotic,1
ranajit,1
assembled,1
excessive,1
circumscribing,1
transferred,1
roused,1
despotism,1
reveal,1
generalizations,1
hannah,1
vic,1
deemed,1
alignment,1
emblem,1
maurice,1
cicero,1
judging,1
fresh,1
embrace,1
salary,1
philippeaux,1
resorting,1
loose,1
universal,1
burnett,1
conserve,1
reserved,1
seriousness,1
corroborate,1
pitt,1
tortures,1
china,1
alike,1
committed,1
educate,1
governors,1
polit,1
inappropriate,1
guards,1
misunderstand,1
conversant,1
worldwide,1
rethinking,1
univ,1
tragedy,1
concealed,1
rewriting,1
forum,1
corresponded,1
existence,1
sophisticated,1
forthcoming,1
badly,1
barbarity,1
plain,1
defenceless,1
eastern,1
expelled,1
persian,1
autonomous,1
prone,1
advice,1
unwarrantable,1
motion,1
primary,1
planted,1
exculpate,1
correspondents,1
draw,1
discuss,1
auction,1
foreignness,1
retain,1
brit,1
actif,1
indirectly,1
bribes,1
affirming,1
cares,1
methodologies,1
bloom,1
panda,1
cott,1
slight,1
sale,1
kerber,1
raft,1
adopting,1
alter,1
october,1
splendid,1
richard,1
fine,1
dutch,1
priestcraft,1
emile,1
trump,1
occurring,1
combination,1
paddy,1
bell,1
say,1
except,1
scorn,1
regards,1
x,1
establishment,1
magistrate,1
january,1
cited,1
desirable,1
anticipated,1
representing,1
enter,1
grim,1
impassioned,1
marginalized,1
formula,1
capaciousness,1
identifies,1
undergone,1
prevented,1
celebrate,1
warfare,1
mclane,1
masks,1
sign,1
damages,1
prudently,1
harold,1
vindication,1
factional,1
guilty,1
nogueira,1
mid,1
exist,1
sartori,1
daughters,1
natives,1
dispatched,1
andrew,1
accessible,1
throughout,1
fracture,1
unpublished,1
debauchery,1
misfortune,1
proceeded,1
culotte,1
severe,1
accompany,1
difficulties,1
aborted,1
ambivalent,1
sending,1
pursue,1
disillusionment,1
professor,1
translating,1
initial,1
pursuit,1
barbarous,1
hierarchy,1
immaculate,1
xxiii,1
plainest,1
interest,1
lectures,1
basingstoke,1
donlan,1
accidentally,1
relations,1
vigilance,1
familiarizing,1
evils,1
wazir,1
leaf,1
walter,1
clout,1
participating,1
blatant,1
advertiser,1
type,1
maintenon,1
pay,1
rooted,1
dealings,1
expected,1
cipher,1
admitted,1
pdf,1
insult,1
held,1
espoused,1
exercise,1
adamant,1
cases,1
nelson,1
affectionate,1
juries,1
pretensions,1
self,1
amended,1
immigrants,1
clark,1
evident,1
behaving,1
casas,1
parker,1
freed,1
concerning,1
escape,1
profound,1
back,1
subjects,1
body,1
gummy,1
serving,1
columbia,1
commendation,1
served,1
gauge,1
wholly,1
reference,1
wiser,1
assertive,1
characterized,1
cohen,1
clergyman,1
third,1
witnessed,1
pure,1
enlightened,1
powerfully,1
networks,1
profit,1
heightened,1
bonds,1
kelly,1
transmuted,1
remarkably,1
designed,1
journal,1
look,1
gaze,1
exempted,1
think,1
knows,1
sun,1
precise,1
repudiated,1
leadership,1
climates,1
adult,1
seetheessayin,1
hardly,1
generation,1
progressed,1
talent,1
sisters,1
equal,1
marquess,1
dinajpur,1
sepoys,1
securely,1
focused,1
kept,1
perfect,1
communications,1
using,1
exponents,1
higher,1
themes,1
employ,1
failed,1
premiums,1
site,1
behave,1
opposed,1
foot,1
sinewy,1
displacement,1
alexandria,1
barometer,1
fort,1
disposed,1
fleet,1
ditz,1
town,1
bull,1
suck,1
predicted,1
transformations,1
frustration,1
exposing,1
patron,1
bring,1
continent,1
traffic,1
ostensibly,1
absent,1
idrakpur,1
developed,1
respectful,1
convent,1
perceiving,1
remain,1
oppositionist,1
debauched,1
influential,1
unit,1
pseudonymous,1
explicit,1
hoydens,1
misdoing,1
revenues,1
process,1
illumine,1
bond,1
wifely,1
knew,1
ills,1
levine,1
politicians,1
beata,1
suffer,1
goes,1
dealt,1
granted,1
convict,1
pointedly,1
lasted,1
ofsirphiliù,1
developments,1
thing,1
landscapes,1
humanity,1
privileges,1
talk,1
travels,1
banyans,1
direct,1
armada,1
reorganizing,1
earl,1
shannon,1
vindicate,1
tree,1
lay,1
productive,1
consequences,1
ghostwrite,1
factors,1
commentaries,1
supplements,1
precious,1
supposed,1
resting,1
addressing,1
disgraces,1
cuckold,1
unconventional,1
thomas,1
posthumous,1
salaried,1
recalled,1
pernicious,1
voluntarily,1
utterly,1
dislike,1
ravished,1
maintaining,1
clerk,1
firminger,1
bad,1
theorists,1
mission,1
distributive,1
wanted,1
hostesses,1
consider,1
dichotomy,1
adele,1
doctrinaire,1
lumières,1
intensive,1
evolved,1
clearly,1
moderately,1
carter,1
ideologies,1
air,1
gradually,1
contemporaries,1
pateman,1
shore,1
unproblematic,1
foppery,1
prevent,1
mukherjee,1
four,1
outspoken,1
burgeoning,1
ministers,1
operate,1
filed,1
exploited,1
tried,1
idiots,1
surface,1
connecting,1
readings,1
officer,1
calumniating,1
butterworth,1
keen,1
intellects,1
calculatedly,1
jurisdiction,1
locked,1
journalistic,1
monarch,1
madame,1
preferably,1
baths,1
protective,1
prettiness,1
channelled,1
creole,1
angrily,1
injustice,1
landlord,1
friars,1
odd,1
crucially,1
extortion,1
care,1
mo,1
opinion,1
strategy,1
decades,1
drawing,1
footnote,1
softened,1
dependency,1
turbans,1
ineffectual,1
assessments,1
unabashed,1
redeeming,1
mirabeau,1
opponents,1
expressed,1
uses,1
ckept,1
landowners,1
reprinted,1
attentions,1
aftermath,1
location,1
arrival,1
allow,1
modernity,1
volatility,1
appearance,1
critic,1
deviousness,1
kingship,1
victim,1
terse,1
houghton,1
toby,1
temptation,1
duteous,1
aristocratic,1
embracing,1
householders,1
patrick,1
erdman,1
cit,1
economics,1
omnivorous,1
furious,1
international,1
mick,1
benign,1
ironically,1
eagerness,1
dicta,1
evening,1
amer,1
vigorous,1
constantly,1
peccadilloes,1
herman,1
believer,1
desideratum,1
passionate,1
collectively,1
secretly,1
term,1
adaptation,1
acquiring,1
toole,1
arranged,1
xxxiii,1
founder,1
durham,1
acquaint,1
signalled,1
blow,1
contrived,1
mainly,1
sentimental,1
burdwan,1
rangpur,1
population,1
deprive,1
cohabitation,1
persons,1
wallach,1
boundaries,1
cannot,1
suffered,1
applied,1
oxforddnb,1
appearing,1
abuse,1
confirmation,1
judicial,1
factious,1
taught,1
find,1
somatic,1
awarded,1
practise,1
jewish,1
sacrifice,1
cset,1
cart,1
patriarchal,1
information,1
impression,1
memory,1
preparations,1
improve,1
bother,1
kathryn,1
undermined,1
exert,1
representatives,1
xix,1
cato,1
resident,1
none,1
eran,1
participation,1
learn,1
schoolmaster,1
journals,1
liable,1
effeminate,1
used,1
mussulman,1
emancipated,1
romans,1
jewesses,1
taxing,1
intense,1
pombal,1
climb,1
paraphrase,1
received,1
coronation,1
strict,1
instituted,1
turning,1
writers,1
ensue,1
decisions,1
interface,1
heart,1
imagined,1
prominent,1
significantly,1
nc,1
heavily,1
advancement,1
crude,1
breeding,1
coolness,1
apparent,1
edn,1
clearer,1
confined,1
windham,1
whipped,1
comment,1
macaulay,1
interleaving,1
tenure,1
thoughts,1
routinely,1
description,1
astonishing,1
solicitations,1
perpetually,1
adopt,1
approve,1
year,1
lovers,1
realm,1
fourteenvolume,1
island,1
rewarded,1
discussions,1
refined,1
policies,1
issues,1
demonstrates,1
queens,1
contains,1
records,1
lower,1
officers,1
elijah,1
seated,1
epistolary,1
runs,1
friend,1
gundersen,1
winter,1
lanham,1
emancipation,1
et,1
twig,1
swift,1
eager,1
away,1
jealousy,1
oceans,1
newspaper,1
appreciated,1
overseas,1
favourite,1
shippers,1
couple,1
resort,1
smallest,1
meddling,1
universally,1
rajshahi,1
definitions,1
trends,1
markedly,1
discreet,1
incumbents,1
deter,1
encounters,1
launching,1
persistently,1
unmarried,1
monetary,1
earth,1
hierocles,1
someone,1
strove,1
decently,1
atavistic,1
describing,1
xxvi,1
fulfilled,1
carriage,1
retired,1
cruder,1
cold,1
wildly,1
suggest,1
grew,1
wards,1
josé,1
trading,1
politically,1
applicability,1
exclusionary,1
intellectuals,1
theater,1
clothes,1
granddaughter,1
enrich,1
wrong,1
excavation,1
pennsylvanian,1
claim,1
event,1
repeated,1
amidst,1
heat,1
intervals,1
inst,1
affluent,1
spanish,1
oct,1
ignore,1
few,1
tony,1
concerns,1
disposition,1
highly,1
revealing,1
horrible,1
transfer,1
governments,1
hebrew,1
disaster,1
breaking,1
supposedly,1
peace,1
reams,1
manchester,1
crédit,1
choosing,1
styled,1
usual,1
narrative,1
begams,1
cardoso,1
wisely,1
dedicated,1
clever,1
customary,1
annual,1
weiss,1
st,1
comportment,1
consistent,1
estates,1
enquired,1
distinguishing,1
breed,1
carlton,1
cannadine,1
putrefied,1
scandals,1
displaced,1
monarchy,1
propriety,1
kings,1
sophistication,1
corruptions,1
avoid,1
lend,1
spare,1
appeal,1
survived,1
settlers,1
eradicated,1
tea,1
threatened,1
vasconcelos,1
portion,1
critical,1
defended,1
effeminacy,1
womanhood,1
led,1
sail,1
unscrupulous,1
misogynist,1
aristocracy,1
critics,1
demand,1
reformism,1
ventured,1
creed,1
observations,1
shalev,1
nonetheless,1
client,1
villainy,1
imperious,1
interweaving,1
succumbing,1
carried,1
pungently,1
contingent,1
buttress,1
action,1
transnational,1
indeed,1
happy,1
sans,1
exile,1
expansion,1
alliance,1
grandees,1
ancien,1
play,1
modes,1
dressed,1
return,1
classic,1
beguile,1
brief,1
islands,1
irreverent,1
rapid,1
forbidden,1
april,1
reduce,1
whatever,1
insignia,1
reconstruction,1
petitioning,1
thinkers,1
bill,1
landed,1
mansfield,1
experiences,1
manifest,1
standing,1
minutiae,1
unprecedented,1
reforming,1
sayers,1
simultaneously,1
hitherto,1
betray,1
shabby,1
improper,1
engineering,1
promoting,1
illuminating,1
inflate,1
turgot,1
success,1
frank,1
denunciation,1
prepare,1
incursion,1
relied,1
advent,1
observer,1
vs,1
opportunities,1
wake,1
transcontinental,1
york,1
marginal,1
happened,1
hegemonic,1
subterfuge,1
paradoxes,1
fervent,1
us,1
senseless,1
ancient,1
tax,1
brands,1
nuns,1
pf,1
enigmatic,1
mohurs,1
raise,1
gulliver,1
complete,1
culture,1
historiographies,1
sharply,1
sake,1
skin,1
pseudonym,1
repercussions,1
naval,1
lxxviii,1
oswald,1
monson,1
belonging,1
playwright,1
confirmed,1
qualified,1
cum,1
assimilated,1
bar,1
praxis,1
masculinist,1
rise,1
exit,1
transatlantic,1
awe,1
honour,1
affections,1
célibataires,1
double,1
love,1
fill,1
testimony,1
chose,1
investors,1
soundness,1
theorist,1
idle,1
paul,1
book,1
attacks,1
civilization,1
inspired,1
death,1
pointed,1
scandalous,1
tranquebar,1
responsibilities,1
put,1
fundamental,1
inquisition,1
addition,1
projects,1
obsessiveness,1
gentle,1
anecdotal,1
shows,1
outskirts,1
divorce,1
reinvention,1
consideration,1
deterioration,1
benevolent,1
manliness,1
perceptible,1
our,1
malign,1
minnesota,1
unprepared,1
proposal,1
compound,1
appeared,1
abstract,1
exclusion,1
witnesses,1
indies,1
regulation,1
choice,1
britons,1
scribble,1
remarked,1
warm,1
enable,1
epilogue,1
harp,1
associates,1
hear,1
antonio,1
surfaces,1
borders,1
emphatic,1
omitted,1
end,1
personality,1
emergency,1
doubt,1
respectably,1
formulating,1
catholicism,1
unsurprisingly,1
considerable,1
indulge,1
feedback,1
habit,1
simple,1
rhetoric,1
subrahmanyam,1
adapt,1
ruler,1
transit,1
sort,1
behind,1
disapprobation,1
hand,1
dominion,1
accusations,1
ground,1
intervene,1
chain,1
imperatives,1
deploy,1
differences,1
covered,1
discussing,1
purposes,1
soften,1
coarse,1
income,1
unclear,1
advisers,1
jenny,1
flesh,1
ofsirphilit,1
strategies,1
piteous,1
forth,1
borrowing,1
origin,1
indifferent,1
norms,1
deep,1
carnal,1
rich,1
controversially,1
charter,1
rana,1
vast,1
assault,1
governance,1
mcdonnell,1
compelled,1
distance,1
weakly,1
reconciled,1
citoyen,1
going,1
locations,1
destroyed,1
differentiation,1
obsession,1
recommend,1
won,1
outlines,1
antisejanus,1
remained,1
violent,1
mps,1
predict,1
clique,1
enfeebled,1
demonstrated,1
illicit,1
fundamentally,1
greatest,1
balance,1
exploring,1
warning,1
kathleen,1
secured,1
campaigns,1
intimate,1
astray,1
invested,1
considering,1
enervation,1
easier,1
chiefly,1
ttp,1
safeguarded,1
range,1
values,1
situating,1
helps,1
cult,1
formal,1
region,1
reputedly,1
parents,1
ridiculous,1
previously,1
clerical,1
inexorably,1
contacts,1
bequeathed,1
healthfulness,1
attributed,1
kcb,1
conversely,1
expression,1
transcribing,1
sold,1
tawdry,1
largely,1
convenience,1
assumption,1
plantation,1
oppose,1
dress,1
feminists,1
approach,1
returned,1
morality,1
autobiographical,1
obsessed,1
bed,1
curb,1
inflicted,1
catalyst,1
questions,1
defence,1
stoler,1
persistent,1
ameliorate,1
obstruct,1
trust,1
prelude,1
aesthetic,1
fantastic,1
renovated,1
universais,1
falconer,1
improvements,1
theories,1
pennsylvania,1
initiatives,1
inextricability,1
attraction,1
charge,1
versions,1
grated,1
exertion,1
explorations,1
princess,1
extramarital,1
corrupted,1
wilson,1
incisiveness,1
distracted,1
authors,1
worrying,1
cornwallis,1
flynn,1
restraint,1
sensitivity,1
rammohan,1
points,1
hazarding,1
faces,1
objection,1
leave,1
régime,1
failures,1
outraged,1
crisis,1
christopher,1
controversies,1
admirer,1
diminutives,1
reformers,1
features,1
played,1
collected,1
interacted,1
luís,1
transcript,1
adequately,1
permitting,1
strangely,1
valued,1
fatal,1
internal,1
conspicuously,1
systems,1
trying,1
qualities,1
accusing,1
elaborate,1
geographies,1
textbooks,1
understate,1
parade,1
chapel,1
sensuality,1
editors,1
relation,1
interpretations,1
pastand,1
ann,1
displayed,1
deliberate,1
sentiments,1
attendant,1
diversely,1
enjoyed,1
judgement,1
overmighty,1
implication,1
costume,1
spain,1
equivalent,1
conquest,1
looked,1
attracted,1
indulgence,1
pistols,1
geography,1
save,1
dismissive,1
we,1
seduction,1
attend,1
payment,1
pastj,1
governor,1
controversial,1
theatrical,1
dresses,1
pupils,1
enervating,1
la,1
entanglement,1
hague,1
disgusted,1
pleas,1
gleaned,1
widely,1
brown,1
species,1
decolonization,1
expressly,1
loyalty,1
try,1
beggary,1
outbursts,1
littered,1
enough,1
things,1
bartolomé,1
seasons,1
indication,1
panel,1
signs,1
beset,1
fintan,1
sword,1
circle,1
carnally,1
perry,1
distresses,1
belonged,1
publishing,1
note,1
scrutinized,1
jit,1
independent,1
continued,1
involving,1
inhabitants,1
mixture,1
crucial,1
chance,1
foreign,1
mckenzie,1
bowen,1
defenders,1
plays,1
tillman,1
suggestive,1
fully,1
abject,1
murshidabad,1
hill,1
guildford,1
albion,1
monks,1
disrupt,1
celebration,1
inside,1
rumours,1
favour,1
insufficient,1
manly,1
remotely,1
existing,1
elder,1
attacking,1
lobbying,1
revisionism,1
trait,1
referred,1
attempted,1
directing,1
army,1
recourse,1
contrary,1
translation,1
detailed,1
replicating,1
el,1
imperialism,1
ordering,1
began,1
brazils,1
sameness,1
martials,1
thirteen,1
dowager,1
tolerable,1
deflected,1
inflammatory,1
anxiety,1
acquaintances,1
capacious,1
antiquity,1
gallery,1
settled,1
expedients,1
intend,1
readmitted,1
exclude,1
expectations,1
construction,1
quite,1
blood,1
entrusted,1
borrowings,1
fall,1
united,1
achieve,1
surprising,1
interleave,1
frontier,1
elderly,1
stridency,1
enforced,1
creatures,1
itself,1
contemplating,1
subvert,1
articles,1
nostrums,1
arts,1
marquis,1
wilesl,1
rigorous,1
joseph,1
seat,1
attachment,1
hapless,1
cam,1
dynasts,1
matters,1
detail,1
hearts,1
stray,1
circumscribed,1
sections,1
school,1
acquired,1
amplified,1
ccato,1
wars,1
dissipation,1
heavy,1
openly,1
misinformation,1
following,1
conviction,1
lessons,1
broke,1
railing,1
whig,1
disposing,1
mentioned,1
bombay,1
principles,1
ve,1
founded,1
diderot,1
demonstrate,1
believed,1
instructed,1
wear,1
constituted,1
scarcely,1
reinforced,1
stadial,1
pace,1
summit,1
dissident,1
founders,1
wiles,1
willingness,1
florid,1
polemicist,1
constructed,1
decorum,1
glamour,1
preserves,1
wellestablished,1
doi,1
bowdlerized,1
offers,1
colonialism,1
jefferson,1
napoleonic,1
bright,1
replace,1
know,1
outcome,1
branches,1
indispensability,1
current,1
control,1
introducing,1
image,1
métissage,1
printer,1
legitimize,1
ministered,1
devalued,1
maximilien,1
deliberative,1
xiii,1
careerists,1
worth,1
nobility,1
expanding,1
prolific,1
setting,1
board,1
mercy,1
marginalization,1
capital,1
unknown,1
ubiquitous,1
distraction,1
tandem,1
exercised,1
printed,1
championing,1
argue,1
emergence,1
temper,1
constantine,1
unmasculine,1
reminiscent,1
vicious,1
post,1
ballantyne,1
dramatic,1
particularly,1
brothers,1
fixity,1
boasted,1
intro,1
linked,1
ff,1
enemy,1
impey,1
audience,1
encouraging,1
jennifer,1
useless,1
childbirth,1
historical,1
stain,1
identities,1
explicitly,1
las,1
secrecy,1
placing,1
manic,1
assessment,1
better,1
places,1
person,1
turned,1
pamphleteer,1
beginning,1
maidservants,1
widowed,1
landes,1
condemning,1
combined,1
unique,1
rose,1
reconcile,1
aiding,1
list,1
kolkata,1
ones,1
want,1
involvement,1
desirability,1
proven,1
watchfulness,1
mere,1
myles,1
ruin,1
theory,1
grief,1
unnecessary,1
livy,1
chron,1
extent,1
reminder,1
fascination,1
minded,1
xxxii,1
gifts,1
remedies,1
bitterly,1
complain,1
institute,1
dark,1
produce,1
yield,1
anticlerical,1
oo,1
anna,1
episode,1
agreed,1
wrongs,1
abolitionism,1
ideal,1
cin,1
batavian,1
danish,1
ascertain,1
categories,1
freedom,1
art,1
des,1
panegyric,1
spaces,1
capable,1
unexploited,1
presented,1
owner,1
necessity,1
economist,1
code,1
tremulous,1
desirably,1
reported,1
little,1
calibre,1
excesses,1
interchange,1
despite,1
corrosion,1
joining,1
econ,1
confirm,1
press,1
uninhibited,1
november,1
regulate,1
easy,1
stairs,1
ac,1
xliv,1
giving,1
infamous,1
subject,1
intercut,1
rupees,1
assumptions,1
subaltern,1
sheets,1
com,1
deviate,1
commodities,1
contribute,1
highranking,1
organization,1
obtain,1
protestants,1
violated,1
officially,1
smacked,1
phenomenon,1
indians,1
credentials,1
allows,1
maintained,1
takeover,1
representation,1
gain,1
coming,1
childhood,1
hope,1
recovered,1
varied,1
ciphers,1
cruelty,1
convents,1
covenanted,1
civilizational,1
named,1
buying,1
embarrassments,1
discriminated,1
singapore,1
peculiar,1
francois,1
shown,1
annotations,1
presence,1
michèle,1
youth,1
commercial,1
negro,1
thucydides,1
years,1
rudrangshu,1
ignored,1
counselled,1
frontiers,1
misgivings,1
copies,1
charms,1
liaisons,1
unease,1
aware,1
tactical,1
sufferings,1
value,1
chad,1
ended,1
offer,1
prolonged,1
promptitude,1
actively,1
judges,1
promiscuous,1
crimes,1
inherent,1
provided,1
masses,1
deviated,1
philippa,1
physiocratic,1
states,1
writer,1
selection,1
regular,1
nechtman,1
defiance,1
castrated,1
derive,1
forming,1
programme,1
tuesday,1
shift,1
campaign,1
underlined,1
relationship,1
parentage,1
inform,1
respective,1
settler,1
inclination,1
observation,1
specific,1
searching,1
cousin,1
removed,1
charlotte,1
passages,1
posture,1
harassed,1
fourth,1
temple,1
carole,1
charged,1
avowed,1
upbringing,1
neglecting,1
mp,1
epithet,1
minors,1
create,1
norman,1
matrimony,1
voltaire,1
evidently,1
taxpaying,1
interaction,1
focus,1
immediately,1
luxuries,1
uk,1
panic,1
colonel,1
drew,1
copiously,1
famous,1
longer,1
statement,1
broader,1
meeting,1
householder,1
doing,1
daughter,1
termed,1
portrait,1
customs,1
johanna,1
occur,1
dictum,1
bigotry,1
