WORDCOUNTS,WEIGHT
the,678
of,459
and,395
in,380
to,298
banks,180
were,157
a,142
bank,140
banking,130
england,115
was,101
by,99
their,97
new,95
lending,91
that,87
for,87
local,74
from,63
economic,60
as,58
they,56
directors,54
credit,50
shareholders,49
not,46
with,46
shares,45
business,44
had,42
no,41
this,41
century,39
also,38
or,35
english,33
industrial,33
percent,33
on,33
these,32
an,32
jsbs,31
history,30
which,30
development,30
but,30
more,30
s,29
be,29
newton,28
nineteenth,26
could,26
financial,26
institutions,26
have,26
insider,26
customers,25
company,25
did,25
growth,24
at,23
system,23
it,22
bdm,22
such,21
lucy,21
both,21
bankers,21
two,21
been,21
than,20
industry,20
systems,20
united,20
early,20
lamoreaux,19
usually,18
who,18
information,18
states,18
there,17
branches,17
some,16
stock,15
most,15
yet,15
security,15
see,15
private,15
upon,15
is,15
tion,14
its,14
therefore,14
when,14
share,14
economy,14
hsbcga,13
thus,13
review,13
branch,13
provided,13
about,13
birth,13
made,13
operated,13
despite,13
between,13
re,13
may,12
similar,12
established,12
union,12
networks,12
london,12
during,12
regional,12
other,12
extended,12
ing,12
them,12
per,11
different,11
able,11
state,11
u,11
example,11
own,11
liability,11
region,11
would,11
high,11
after,11
applications,11
over,11
form,11
national,11
market,10
large,10
sheffield,10
before,10
all,10
i,10
british,10
activity,10
york,10
rather,10
small,10
only,10
borrowers,10
each,10
are,10
number,10
commercial,10
group,9
total,9
first,9
those,9
economies,9
kinship,9
scotland,9
well,9
personal,9
legislation,9
same,9
ed,9
act,9
investors,9
managements,9
outside,9
finance,9
half,9
level,9
stockholders,9
much,9
case,8
involved,8
power,8
shareholder,8
restricted,8
time,8
use,8
three,8
study,8
businesses,8
britain,8
establish,8
often,8
board,8
collins,8
boston,8
became,8
american,7
interests,7
relatively,7
funds,7
even,7
bills,7
en,7
impact,7
required,7
county,7
data,7
hampshire,7
contrast,7
few,7
up,7
insiders,7
limited,7
management,7
without,7
granted,7
co,7
capital,7
offered,7
themselves,7
c,7
ownership,7
likely,6
sets,6
occurred,6
shareholdings,6
take,6
kingdom,6
establishment,6
de,6
one,6
consequently,6
businessmen,6
developed,6
risk,6
k,6
coventry,6
access,6
out,6
monitoring,6
markets,6
used,6
r,6
notes,6
community,6
holders,6
ltsbga,6
members,6
structures,6
many,6
patterns,6
took,6
free,6
meetings,6
formal,6
trust,6
trade,6
held,6
so,6
collateral,6
stable,6
terms,6
extent,6
through,6
com,6
firms,6
tions,6
years,6
manufacturers,6
although,6
increased,6
needs,6
close,6
archives,5
way,5
mergers,5
commitment,5
e,5
formed,5
tors,5
into,5
unlike,5
discounting,5
investments,5
rhode,5
differences,5
liverpool,5
robert,5
chartered,5
establishing,5
requirements,5
run,5
due,5
perspective,5
approval,5
loans,5
industries,5
cameron,5
costs,5
main,5
unit,5
ex,5
grew,5
risks,5
providing,5
result,5
concentration,5
declined,5
found,5
opposition,5
start,5
island,5
place,5
change,5
successful,5
revolution,5
institu,5
demand,5
located,5
nearly,5
movement,5
experienced,5
success,5
less,5
practice,5
reflected,5
investment,5
deposits,5
crafts,5
significant,5
ibid,5
allowed,5
period,5
exchange,5
payment,5
overdrafts,5
meant,5
any,5
proprietors,5
following,5
country,5
very,5
advances,5
what,5
while,5
manufacturing,5
diverged,5
gain,5
until,5
fi,5
twentieth,5
contributed,5
charles,5
potential,5
enterprise,5
longer,5
increase,5
possessed,4
rate,4
m,4
if,4
liquidity,4
likewise,4
screening,4
approved,4
confidence,4
sys,4
permitted,4
being,4
sources,4
capitalists,4
freely,4
nancial,4
monitor,4
origin,4
similarities,4
america,4
immediate,4
account,4
sale,4
attract,4
localized,4
difficulties,4
output,4
journal,4
ment,4
oxford,4
operations,4
managers,4
links,4
active,4
means,4
facilitated,4
important,4
appear,4
greater,4
legislative,4
lent,4
public,4
year,4
officers,4
savings,4
regions,4
next,4
eco,4
transfer,4
brought,4
tended,4
widely,4
philip,4
paid,4
shareholding,4
lend,4
south,4
will,4
second,4
practices,4
hold,4
decisions,4
positive,4
communities,4
under,4
wright,4
successfully,4
law,4
l,4
advantage,4
dividends,4
larger,4
john,4
end,4
bradford,4
men,4
do,4
operating,4
ch,4
governance,4
degree,4
cottrell,4
low,4
especially,4
become,4
harley,4
institution,4
connections,4
nomic,4
professional,4
political,4
figure,4
types,4
considered,4
jsb,4
founders,4
founded,4
extending,4
here,4
mass,4
key,4
capie,4
direc,4
works,4
bureaucratic,4
little,4
entrants,4
formation,4
ultimately,4
cambridge,4
charge,4
d,4
integration,4
area,4
gland,4
nicholas,3
phil,3
groups,3
corporate,3
scottish,3
regulatory,3
cwbc,3
di,3
studies,3
policy,3
western,3
committee,3
po,3
barriers,3
long,3
severely,3
taken,3
bodenhorn,3
rapid,3
sub,3
emerged,3
nature,3
cial,3
book,3
available,3
tradition,3
leading,3
assess,3
inherent,3
within,3
ad,3
voting,3
partners,3
rbsga,3
has,3
historians,3
money,3
ventures,3
intermediaries,3
richard,3
resources,3
controlled,3
andrew,3
accommodation,3
interest,3
ability,3
cases,3
relations,3
houses,3
applying,3
ness,3
influence,3
rates,3
purchasing,3
offices,3
via,3
sample,3
levels,3
process,3
possess,3
distant,3
changes,3
green,3
entry,3
liberal,3
copartners,3
just,3
numbers,3
frequently,3
gloucester,3
beyond,3
votes,3
victorian,3
founding,3
view,3
pany,3
based,3
tem,3
international,3
initial,3
late,3
embedded,3
further,3
effect,3
companies,3
scale,3
provincial,3
having,3
baker,3
part,3
older,3
depositors,3
weekly,3
relative,3
commerce,3
balances,3
june,3
corporations,3
fully,3
managed,3
majority,3
led,3
arrangement,3
reduced,3
short,3
prospectus,3
overall,3
onward,3
reduce,3
still,3
lloyds,3
bill,3
competition,3
examined,3
increasingly,3
enterprises,3
sector,3
chose,3
unlimited,3
stated,3
shows,3
turner,3
clearing,3
man,3
accepted,3
potentially,3
coincided,3
ashton,3
charter,3
argues,3
balance,3
findings,3
stakeholders,3
hickson,3
yorkshire,3
evolution,3
services,3
open,3
obtaining,3
dominated,3
peter,3
stages,3
methods,3
barnsley,3
analyze,3
joint,3
merger,3
increasing,3
boards,3
twelve,3
relationship,3
charters,3
five,3
outsiders,3
countries,3
why,3
achieve,3
amalgamation,3
gathered,3
rarely,3
extensive,3
funding,3
domestic,3
minimized,3
creditworthiness,3
elsewhere,3
bristol,3
interwar,3
stability,3
reputations,3
accounts,3
passed,3
transaction,3
busi,3
secure,3
met,3
role,3
went,3
families,3
difference,3
amalgamations,3
efficient,3
need,3
ser,3
given,3
virtue,3
transportation,2
common,2
ments,2
resulted,2
originating,2
considerably,2
true,2
modern,2
sessed,2
earnings,2
detrimental,2
sr,2
source,2
negative,2
lower,2
reputational,2
ollerenshaw,2
railroads,2
provision,2
whom,2
jackson,2
progressed,2
adopt,2
pat,2
might,2
attractive,2
textiles,2
broadly,2
undertake,2
follows,2
government,2
survey,2
totaling,2
welsh,2
side,2
legisla,2
finan,2
chants,2
draw,2
right,2
offset,2
opened,2
howard,2
pre,2
vital,2
ross,2
behavior,2
hudson,2
framework,2
hsbc,2
regarding,2
centralized,2
supple,2
lon,2
sylla,2
merchants,2
executives,2
g,2
knick,2
party,2
subc,2
feb,2
assessment,2
rooted,2
manager,2
big,2
turn,2
developments,2
six,2
allowing,2
apr,2
witnessed,2
kinsey,2
like,2
drawn,2
pos,2
creased,2
tained,2
higher,2
failed,2
mechanisms,2
rights,2
operation,2
rectors,2
town,2
his,2
bring,2
performance,2
ways,2
mestic,2
district,2
how,2
possession,2
na,2
levine,2
proportion,2
earlier,2
legal,2
importance,2
enabled,2
university,2
signed,2
emergence,2
section,2
northeastern,2
hbc,2
textile,2
powerful,2
followed,2
agements,2
engines,2
willing,2
helped,2
faced,2
mer,2
whereas,2
royal,2
closely,2
my,2
location,2
discount,2
conservative,2
typical,2
sponded,2
economics,2
adverse,2
inter,2
term,2
colwyn,2
huddersfield,2
though,2
wales,2
circular,2
viewed,2
meet,2
applied,2
purchased,2
however,2
ford,2
facilities,2
cent,2
rondo,2
almost,2
closed,2
residents,2
vote,2
knowledge,2
communication,2
nation,2
ten,2
loss,2
policies,2
manage,2
functioned,2
markedly,2
gap,2
prices,2
debts,2
order,2
owned,2
family,2
ton,2
research,2
decline,2
annual,2
weiss,2
progress,2
lamor,2
world,2
value,2
am,2
activities,2
invest,2
f,2
positions,2
expansion,2
play,2
make,2
surveyed,2
communications,2
opportunities,2
counterparts,2
later,2
continuity,2
rotherham,2
included,2
railroad,2
demonstrates,2
she,2
frameworks,2
comparison,2
toward,2
similarly,2
sider,2
addition,2
lacked,2
lack,2
striking,2
chs,2
pennsylvania,2
imperfect,2
ledger,2
channel,2
conclusions,2
where,2
existing,2
strategies,2
agencies,2
remained,2
another,2
demonstrated,2
clients,2
largely,2
factor,2
trend,2
real,2
individuals,2
previous,2
office,2
bradbc,2
explorations,2
tional,2
reputation,2
ireland,2
amounts,2
individual,2
eaux,2
losing,2
ture,2
stiglitz,2
internal,2
outcomes,2
promote,2
assessing,2
pro,2
nationally,2
can,2
structure,2
probably,2
macmillan,2
industrialization,2
quarter,2
attention,2
attended,2
separate,2
limiting,2
european,2
note,2
intermediation,2
continued,2
sometimes,2
crucial,2
lost,2
health,2
seen,2
temin,2
began,2
localization,2
contribution,2
originated,2
whereby,2
deals,2
es,2
analysis,2
existed,2
table,2
frame,2
joseph,2
sara,2
contribu,2
geographic,2
known,2
ashgbc,2
set,2
milieu,2
ran,2
borrower,2
connection,2
king,2
restrictive,2
counting,2
particularly,2
ar,2
impossible,2
allocated,2
examining,2
differed,2
utilized,2
type,2
better,2
turned,2
johnson,2
unlikely,2
purchase,2
transfers,2
implicit,2
rose,2
making,2
imposed,2
edinburgh,2
tightly,2
her,2
require,2
property,2
don,2
size,2
glish,2
nnbc,2
bath,2
transport,2
thereby,2
city,2
show,2
devel,2
predecessors,2
overdraft,2
transition,2
cash,2
situated,2
sheets,2
screen,2
contribute,2
equipped,2
maintained,2
invested,2
spring,2
postsale,2
reveals,2
conditions,2
position,2
naomi,2
register,2
actively,2
gen,2
smaller,2
lubc,2
specific,2
west,2
removed,2
taking,2
era,2
debate,2
views,2
asymmetry,2
develop,2
ends,2
north,2
should,2
major,2
final,1
frequent,1
difficult,1
democracy,1
go,1
now,1
godley,1
o,1
lation,1
specializa,1
declared,1
concerned,1
estate,1
generated,1
bba,1
terprise,1
klebaner,1
mercial,1
unfounded,1
college,1
determine,1
worthy,1
asset,1
alone,1
eliminated,1
ultimate,1
notably,1
sphere,1
volved,1
bagehot,1
germany,1
minutes,1
becoming,1
reflection,1
needed,1
residences,1
comprised,1
cartelized,1
larry,1
diverge,1
word,1
omy,1
specialist,1
federal,1
h,1
former,1
halt,1
hazard,1
comparisons,1
justified,1
character,1
tween,1
charitable,1
laid,1
holding,1
incentive,1
antebellum,1
snell,1
unite,1
chartering,1
nominally,1
terized,1
lexing,1
offering,1
contact,1
lieved,1
hallamshire,1
various,1
calized,1
predominantly,1
member,1
anything,1
fraction,1
else,1
either,1
permit,1
promissory,1
every,1
li,1
wool,1
expands,1
creation,1
production,1
distanced,1
tighten,1
steady,1
concentrated,1
attempt,1
refusal,1
worked,1
referees,1
j,1
prestigious,1
bencivenga,1
parties,1
damaged,1
dramatically,1
teed,1
principles,1
sga,1
sup,1
stringent,1
secondary,1
professions,1
ble,1
cords,1
simple,1
vention,1
shot,1
dominantly,1
xiii,1
atlantic,1
thanks,1
smalland,1
procedure,1
providence,1
dom,1
vices,1
plicitly,1
harvey,1
oiled,1
efficiently,1
wealthy,1
help,1
inland,1
sep,1
failures,1
tablished,1
date,1
cheshire,1
emphasized,1
stand,1
industrialisation,1
tap,1
staff,1
sociation,1
normal,1
ber,1
decreased,1
pate,1
diversify,1
alike,1
profitable,1
reading,1
pand,1
hostile,1
threshold,1
lecturer,1
expanded,1
insti,1
luctant,1
proposals,1
growing,1
issue,1
con,1
inefficiently,1
wasted,1
existence,1
forthcoming,1
neering,1
bamberg,1
reissued,1
recorded,1
albeit,1
lodg,1
constraint,1
tal,1
iv,1
firm,1
changed,1
lated,1
vol,1
logical,1
politics,1
machinery,1
cooperation,1
associ,1
condition,1
entrepreneurs,1
matched,1
cubc,1
facilitating,1
election,1
powers,1
mutual,1
julian,1
ings,1
wilkinson,1
dataset,1
barry,1
invited,1
point,1
consequent,1
processes,1
far,1
corre,1
owners,1
laws,1
eabh,1
fragmented,1
holder,1
enter,1
minimum,1
oreaux,1
cided,1
measurement,1
undergone,1
prevented,1
plowed,1
legalized,1
collection,1
londoners,1
reconstruc,1
signal,1
funded,1
exposed,1
karen,1
expertise,1
labor,1
pushed,1
central,1
upheld,1
sensitivity,1
provident,1
branching,1
centage,1
campbell,1
warwickshire,1
ticle,1
professor,1
tex,1
since,1
illustrates,1
bailey,1
against,1
pursuit,1
premises,1
lrthis,1
inti,1
supportive,1
confer,1
sayers,1
lish,1
wakefield,1
decided,1
adopted,1
lancashire,1
idends,1
afford,1
representative,1
fiona,1
insisted,1
alison,1
topic,1
extensively,1
expected,1
forced,1
financing,1
exercise,1
attracting,1
estimates,1
explo,1
candidates,1
merely,1
num,1
profession,1
pri,1
concerning,1
amount,1
back,1
deed,1
highest,1
serving,1
channels,1
schweikart,1
inception,1
proprietaries,1
compared,1
amalgam,1
effective,1
profit,1
suitability,1
remarkably,1
instruments,1
preserving,1
advantages,1
vice,1
details,1
rationing,1
huttenback,1
leadership,1
general,1
pronounced,1
rewarded,1
bbc,1
acted,1
restricting,1
coal,1
locked,1
denominations,1
poorly,1
ica,1
lendable,1
ado,1
newer,1
ued,1
lesser,1
excessively,1
rehabilitating,1
turton,1
corded,1
opposed,1
terminations,1
simultaneously,1
slowed,1
whose,1
stitution,1
essential,1
ox,1
tential,1
maccoll,1
systematized,1
obtained,1
stop,1
aration,1
repeal,1
paths,1
teria,1
influential,1
kind,1
radius,1
responded,1
remote,1
lasting,1
criticizes,1
deliberately,1
signaled,1
allot,1
nottinghamshire,1
survives,1
opportunity,1
arrangements,1
transferable,1
edwin,1
flexible,1
se,1
certain,1
fueling,1
derived,1
cru,1
direct,1
ongoing,1
perma,1
benjamin,1
contributions,1
generating,1
special,1
jeopardize,1
lacking,1
lay,1
limitation,1
awareness,1
consequences,1
extra,1
references,1
provinces,1
appli,1
clerk,1
westall,1
bad,1
old,1
krantz,1
transpired,1
shizuya,1
consider,1
locally,1
flexibility,1
occupational,1
cri,1
imposing,1
benefits,1
image,1
specialization,1
borrowed,1
serviced,1
linked,1
wealth,1
allocation,1
air,1
reexamination,1
tying,1
gradually,1
bruce,1
facturing,1
argued,1
fore,1
threat,1
age,1
four,1
leicester,1
leverhulme,1
centive,1
fashioned,1
preponderance,1
viced,1
populated,1
origins,1
n,1
prussian,1
unsuitable,1
cotton,1
organisation,1
undertaken,1
plates,1
ful,1
neither,1
problems,1
instance,1
inflicting,1
solve,1
legis,1
metal,1
strategy,1
nottingham,1
tory,1
drawing,1
nia,1
conflicts,1
rb,1
friends,1
matching,1
hours,1
opening,1
barclays,1
standards,1
stockholder,1
endogenous,1
came,1
beveridge,1
rivals,1
archivists,1
pounds,1
introduce,1
agenda,1
diverging,1
restrict,1
harder,1
method,1
wheels,1
strength,1
critically,1
ners,1
tentially,1
p,1
lloydstsb,1
attack,1
struc,1
withdrawal,1
baton,1
centers,1
lived,1
bait,1
served,1
demands,1
parochial,1
criticisms,1
light,1
vate,1
meanwhile,1
amer,1
evalua,1
captured,1
shoes,1
base,1
brokers,1
collectively,1
evaluate,1
clude,1
takeovers,1
vehemently,1
left,1
banker,1
furthermore,1
posting,1
understood,1
focused,1
war,1
displayed,1
hinterland,1
districts,1
mate,1
appears,1
default,1
produced,1
tile,1
discus,1
placed,1
olle,1
winterbottom,1
nothing,1
disincentive,1
notebook,1
explain,1
enough,1
acceleration,1
professionals,1
gained,1
tant,1
al,1
tially,1
criteria,1
receive,1
because,1
failure,1
rations,1
oped,1
keeping,1
trial,1
basis,1
relatives,1
future,1
accounting,1
stances,1
flourish,1
liable,1
gains,1
viability,1
shouldered,1
received,1
bev,1
already,1
bitious,1
cus,1
rail,1
lavington,1
nine,1
heart,1
significantly,1
copart,1
tomers,1
reserve,1
reduction,1
confined,1
actors,1
sydney,1
irish,1
guaran,1
experiencing,1
find,1
restructuring,1
approve,1
literature,1
boden,1
sta,1
horn,1
inherited,1
expansive,1
issues,1
broad,1
endorser,1
depositor,1
records,1
objecting,1
people,1
actually,1
falling,1
poach,1
participated,1
whims,1
thereafter,1
renewals,1
focuses,1
contentious,1
econo,1
rise,1
riding,1
measure,1
sutton,1
participate,1
manu,1
project,1
stanford,1
restructur,1
president,1
munn,1
trends,1
sampled,1
approach,1
refuse,1
josephine,1
payments,1
citing,1
monetary,1
dy,1
quarterly,1
good,1
responses,1
untried,1
running,1
officials,1
least,1
restatement,1
bilston,1
arise,1
viable,1
declining,1
presented,1
working,1
voiced,1
lowest,1
theoretically,1
wished,1
stage,1
involve,1
trading,1
stimulated,1
consolidation,1
sixty,1
desires,1
settlement,1
emerging,1
insurance,1
berg,1
openly,1
several,1
agement,1
oct,1
banknotes,1
accomplished,1
wider,1
concerns,1
dividend,1
revealing,1
tracting,1
bridge,1
routine,1
mal,1
eclipse,1
invaluable,1
manchester,1
liberalizing,1
mammon,1
secrecy,1
boundaries,1
diversified,1
maine,1
condemned,1
generally,1
scott,1
fortnightly,1
productivity,1
passivity,1
notice,1
stalybridge,1
rest,1
reducing,1
impor,1
mechanism,1
objected,1
champion,1
society,1
pearson,1
critical,1
republican,1
chives,1
operate,1
interviewing,1
units,1
fund,1
implications,1
condemnation,1
matter,1
attempts,1
variety,1
prac,1
cations,1
entitled,1
requirement,1
interven,1
employ,1
impacts,1
interference,1
prospectuses,1
indicative,1
glasgow,1
divergence,1
indeed,1
ers,1
service,1
comparative,1
warwick,1
return,1
notoriously,1
acknowledged,1
classic,1
female,1
appointment,1
exception,1
constraints,1
mounting,1
above,1
slower,1
intervention,1
currency,1
comments,1
amalgamating,1
initially,1
modes,1
southern,1
roads,1
ziegler,1
backed,1
industrialisa,1
sifted,1
reclaimed,1
vicinity,1
percentage,1
once,1
eral,1
calculate,1
indus,1
interpretation,1
hugh,1
permission,1
suited,1
read,1
creditors,1
corroborated,1
serve,1
collect,1
curity,1
challenged,1
mies,1
favorable,1
perceived,1
compiled,1
transformations,1
essence,1
treasury,1
culture,1
rockoff,1
promotes,1
formalized,1
sales,1
implica,1
complexion,1
reports,1
proach,1
opment,1
colleen,1
fairly,1
jon,1
volume,1
eridge,1
soundness,1
organizations,1
leader,1
autonomy,1
midland,1
statements,1
untested,1
pledged,1
custom,1
frederick,1
fell,1
mark,1
capi,1
again,1
renewed,1
whaling,1
europe,1
put,1
harmonious,1
contin,1
smith,1
unsuccessful,1
fact,1
faster,1
twenty,1
consideration,1
conduct,1
head,1
lobby,1
across,1
utilizing,1
rial,1
documents,1
match,1
solidity,1
attempting,1
regulation,1
boots,1
shire,1
enable,1
demonstrating,1
arthur,1
substantially,1
lubricate,1
subscribing,1
resolved,1
underpin,1
considerable,1
serious,1
bility,1
terry,1
forms,1
complaint,1
charac,1
slowdown,1
v,1
risked,1
increases,1
rousseau,1
posit,1
model,1
versification,1
possi,1
continuing,1
developing,1
empire,1
ensured,1
seventeenth,1
income,1
nance,1
michael,1
ports,1
borrowing,1
necessary,1
frequency,1
cul,1
distance,1
style,1
monopoly,1
explicitly,1
ticularly,1
sway,1
convenient,1
confidentiality,1
bos,1
mium,1
fight,1
ject,1
analyzed,1
hamshire,1
mccann,1
secured,1
dissimilar,1
intimate,1
spective,1
notting,1
considering,1
propor,1
closer,1
range,1
eighteenth,1
represented,1
thirds,1
including,1
gether,1
tive,1
controls,1
industrialized,1
depended,1
looking,1
safer,1
tighter,1
eclipsed,1
thriving,1
entirely,1
traded,1
reputa,1
antitrust,1
prevailed,1
station,1
chial,1
congress,1
harvard,1
submitted,1
net,1
numbered,1
effectively,1
exhibited,1
rare,1
pamphlets,1
engaged,1
tactic,1
condi,1
chosen,1
full,1
sitions,1
traders,1
improvements,1
rouge,1
lessened,1
described,1
cot,1
subsequent,1
finally,1
rejected,1
ties,1
clear,1
moral,1
peripheral,1
tury,1
bi,1
utilize,1
brad,1
counter,1
fresh,1
started,1
characterized,1
pennsylva,1
spread,1
shipbuilders,1
premium,1
played,1
rediscounting,1
sykes,1
keen,1
enquiries,1
dustry,1
managerial,1
provides,1
accused,1
permitting,1
latter,1
ap,1
never,1
ited,1
class,1
favored,1
ceed,1
enacted,1
satisfy,1
casson,1
newspapers,1
guarantees,1
overcome,1
respectively,1
mately,1
james,1
enthusiastically,1
sept,1
ate,1
equivalent,1
looked,1
louisiana,1
fee,1
cen,1
regimes,1
behind,1
checkland,1
exchanged,1
transi,1
genesis,1
ascertained,1
yields,1
lance,1
lo,1
jessie,1
declaration,1
regula,1
raise,1
ciaire,1
processed,1
independent,1
tailed,1
george,1
assert,1
henley,1
ests,1
paro,1
lar,1
fear,1
stocks,1
pe,1
disrupt,1
sec,1
circu,1
ordinary,1
dec,1
halifax,1
bulletin,1
trait,1
bonds,1
sensitive,1
off,1
transformed,1
deposit,1
dissimilarity,1
itself,1
velopment,1
subscribers,1
reservations,1
engi,1
riods,1
responsible,1
sevenfold,1
examine,1
unsurprising,1
ward,1
posts,1
holmes,1
maxine,1
imperialism,1
tems,1
sound,1
susan,1
rigorous,1
cam,1
echoes,1
deceleration,1
sections,1
school,1
acquired,1
undertook,1
environment,1
sampson,1
then,1
mathias,1
prohibited,1
senior,1
lessons,1
underpinned,1
francesco,1
intervened,1
series,1
version,1
changing,1
corresponded,1
incorporated,1
must,1
dieter,1
respective,1
demonstrate,1
regulated,1
canton,1
ever,1
committees,1
reinforced,1
democracies,1
extension,1
pace,1
lam,1
galassi,1
satisfactory,1
mained,1
securities,1
borrow,1
record,1
acquisitions,1
lowing,1
alternative,1
glossop,1
hoppit,1
poten,1
cover,1
tice,1
nishimura,1
flow,1
retained,1
principle,1
control,1
paper,1
par,1
attribute,1
nent,1
prising,1
accommodate,1
prominence,1
transporta,1
dunlavy,1
agreement,1
schumpeter,1
current,1
returns,1
panded,1
altered,1
dition,1
div,1
propensity,1
familiarize,1
privileged,1
massachusetts,1
intrinsically,1
chairman,1
iron,1
identities,1
pect,1
booker,1
shawmut,1
oliver,1
risky,1
charged,1
believed,1
activism,1
helping,1
jected,1
lena,1
dispersed,1
exposing,1
dominate,1
investigation,1
conservatism,1
unique,1
particular,1
tablish,1
prietaries,1
maintain,1
partici,1
geo,1
quired,1
ceased,1
leaving,1
problem,1
tutions,1
fabricating,1
consisting,1
estab,1
savers,1
foundations,1
participants,1
prestige,1
entice,1
hyde,1
servicing,1
resident,1
emphasis,1
w,1
urban,1
trell,1
port,1
fourteen,1
middle,1
periodicals,1
posi,1
popular,1
namic,1
radically,1
compar,1
ative,1
interrelated,1
marked,1
ruled,1
protected,1
sav,1
sea,1
econ,1
gourvish,1
press,1
easy,1
ac,1
giving,1
buy,1
subject,1
respectable,1
administration,1
reserves,1
sion,1
steel,1
predominated,1
vestors,1
obtain,1
arguments,1
indebted,1
aspect,1
behaved,1
varied,1
jan,1
contrasts,1
dominant,1
cheryl,1
proceeds,1
repay,1
discriminated,1
comparable,1
staffs,1
unsecured,1
specializing,1
argument,1
generate,1
average,1
abridged,1
monopolists,1
rationalization,1
vance,1
institutional,1
grant,1
accept,1
newsletter,1
isles,1
course,1
approximately,1
instead,1
include,1
handsomely,1
alizing,1
specialists,1
davies,1
unified,1
manufacturer,1
constituencies,1
regular,1
effects,1
panies,1
prosperity,1
prospect,1
discounted,1
alder,1
gloucestershire,1
measured,1
vetted,1
remains,1
shift,1
tsb,1
ranged,1
mae,1
summary,1
anonymous,1
profits,1
ated,1
teenth,1
fol,1
fellows,1
archival,1
rejection,1
justify,1
sectors,1
communi,1
reached,1
cline,1
pool,1
create,1
uncertainty,1
vis,1
fears,1
entire,1
traditional,1
siding,1
focus,1
dustrialized,1
strong,1
seek,1
concise,1
vincial,1
profiles,1
resembled,1
broader,1
simi,1
asked,1
doing,1
linen,1
termed,1
jealous,1
occur,1
contem,1
horner,1
hypothesis,1
