WORDCOUNTS,WEIGHT
the,364
of,239
and,186
in,119
emerson,97
to,88
a,60
s,52
as,48
english,44
for,39
race,39
his,37
american,35
white,35
saxon,32
waldo,31
traits,31
ralph,31
history,30
carlyle,30
with,30
that,29
on,29
saxons,27
new,27
from,27
jefferson,27
thomas,24
he,22
not,21
it,20
ed,19
see,18
york,17
was,17
but,16
we,16
irish,15
century,14
people,14
an,14
black,14
one,13
vol,13
their,13
by,13
americans,12
also,12
is,12
works,12
racial,11
ibid,11
at,10
had,10
into,10
england,10
than,10
its,10
were,10
collected,10
back,9
literature,9
v,9
wilson,9
i,8
races,8
german,8
london,8
this,8
two,8
only,8
book,8
which,8
language,8
after,8
norsemen,8
life,8
united,8
have,8
national,8
states,8
now,7
horsa,7
all,7
burkholder,7
march,7
journal,7
university,7
whom,7
george,7
over,7
are,7
both,7
hengist,7
our,7
be,7
genius,6
ii,6
british,6
coloff,6
celts,6
permanent,6
though,6
war,6
during,6
when,6
critical,6
or,6
men,6
adams,6
painter,6
today,6
ni,6
what,6
them,6
theory,6
world,6
cambridge,6
twentieth,6
lectures,6
early,6
tion,5
e,5
princeton,5
first,5
other,5
great,5
mass,5
scandinavia,5
how,5
out,5
deal,5
well,5
part,5
son,5
ancestors,5
elizabeth,5
more,5
turner,5
time,5
course,5
britain,5
european,5
ing,5
emer,5
scandinavian,4
later,4
essays,4
studies,4
western,4
nicoloff,4
seems,4
state,4
king,4
chapter,4
such,4
stanton,4
david,4
philadelphia,4
norse,4
notion,4
earlier,4
mary,4
w,4
founding,4
strength,4
cady,4
explain,4
nation,4
field,4
roots,4
beauty,4
south,4
saw,4
july,4
thought,4
less,4
whiteness,4
identity,4
essay,4
like,4
hanover,4
manly,4
who,4
volumes,4
considered,4
believed,4
irvin,4
june,4
did,4
terms,4
making,4
nell,4
review,4
little,4
much,4
does,3
o,3
college,3
introduction,3
they,3
myth,3
formed,3
denmark,3
em,3
before,3
said,3
greatness,3
might,3
together,3
those,3
robert,3
political,3
eastern,3
america,3
goethe,3
historical,3
turn,3
immigrants,3
seal,3
look,3
rights,3
poor,3
rather,3
l,3
virility,3
legal,3
sarah,3
importance,3
descent,3
most,3
view,3
conquest,3
character,3
my,3
color,3
reviews,3
energy,3
pigs,3
sharon,3
englishmen,3
gave,3
et,3
quite,3
oct,3
philip,3
harris,3
southern,3
labored,3
biological,3
al,3
these,3
already,3
transcendentalism,3
others,3
death,3
many,3
fact,3
readers,3
meant,3
germans,3
another,3
writings,3
lecture,3
ireland,3
would,3
him,3
qualities,3
can,3
masculine,3
revolution,3
continued,3
been,3
ideology,3
began,3
know,3
best,3
iii,3
quoted,3
jean,3
vortigern,3
boston,3
celt,3
come,3
negro,3
include,3
need,3
norman,3
among,3
termed,3
page,2
heroic,2
meaning,2
notably,2
large,2
word,2
library,2
walker,2
invent,2
nineteenth,2
women,2
lower,2
concepts,2
vols,2
actual,2
kent,2
j,2
nature,2
liberty,2
wittiest,2
europe,2
chartism,2
origin,2
lumped,2
harriet,2
resartus,2
vikings,2
carta,2
mind,2
sartor,2
theodore,2
within,2
papers,2
existence,2
fruit,2
right,2
richard,2
invited,2
say,2
very,2
ross,2
wallace,2
tories,2
segregation,2
human,2
author,2
saxony,2
industrial,2
exhausted,2
old,2
served,2
dates,2
ness,2
truly,2
hales,2
even,2
student,2
delivered,2
hardly,2
abigail,2
anglo,2
perfect,2
may,2
recognized,2
no,2
districts,2
federal,2
edward,2
study,2
tree,2
erson,2
antithesis,2
miscellaneous,2
proclaimed,2
plural,2
elevated,2
beecher,2
contemporaries,2
reviewed,2
delgado,2
origins,2
lifelong,2
jutes,2
buffalo,2
ordinarily,2
racialize,2
could,2
appearance,2
cole,2
called,2
p,2
shared,2
late,2
cultural,2
let,2
population,2
hailed,2
excluded,2
briefly,2
r,2
vivant,2
line,2
journals,2
work,2
douglas,2
concept,2
thoughts,2
keep,2
stowe,2
brutality,2
cold,2
parish,2
emory,2
discourse,2
around,2
family,2
hemisphere,2
foremost,2
up,2
correspondence,2
appeal,2
will,2
therefore,2
second,2
matter,2
various,2
wrote,2
ers,2
hypochondriac,2
lecturing,2
prevailing,2
prove,2
above,2
bert,2
movement,2
makes,2
parishes,2
included,2
manliness,2
same,2
colored,2
friedrich,2
swinery,2
begins,2
williams,2
published,2
useful,2
french,2
paul,2
law,2
power,2
lacked,2
elbe,2
lack,2
idea,2
fundamental,2
john,2
aug,2
descended,2
man,2
audiences,2
genealogy,2
do,2
where,2
renaissance,2
eg,2
woman,2
eds,2
books,2
hale,2
impoverished,2
remained,2
local,2
original,2
rulers,2
made,2
locate,2
moody,2
unsigned,2
including,2
bede,2
congress,2
harvard,2
examination,2
clear,2
three,2
stress,2
times,2
prodigious,2
so,2
ge,2
magna,2
elector,2
repeated,2
narrow,2
invented,2
widely,2
backward,2
usually,2
foreign,2
gigantic,2
dec,2
institutions,2
lost,2
indicate,2
countries,2
class,2
often,2
construction,2
norton,2
blood,2
existed,2
centuries,2
exists,2
susan,2
claims,2
then,2
any,2
richter,2
ever,2
celtic,2
physical,2
output,2
natural,2
intellectual,2
country,2
roman,2
foundation,2
written,2
norway,2
englanders,2
selected,2
form,2
want,2
edinburgh,2
fascination,2
while,2
almost,2
virginia,2
anxieties,2
popular,2
through,2
became,2
remarks,2
suffrage,2
until,2
north,2
years,2
association,2
charles,2
between,2
chicago,2
re,2
final,1
ments,1
go,1
bestrides,1
superiority,1
undergraduate,1
lis,1
handsome,1
currently,1
mostly,1
rate,1
common,1
way,1
if,1
anthony,1
lipscomb,1
corruption,1
stood,1
unpleasant,1
separated,1
truth,1
migrated,1
teutons,1
ethnicities,1
excess,1
extend,1
introductions,1
quent,1
ultimate,1
constitution,1
rec,1
pushed,1
linguistic,1
complex,1
achievements,1
kinds,1
tend,1
live,1
reac,1
ways,1
hann,1
toms,1
bryan,1
park,1
bloodthirst,1
alized,1
ideals,1
overlook,1
oppressive,1
equated,1
ian,1
laid,1
pasture,1
txt,1
whigs,1
piratical,1
edu,1
attractiveness,1
leipzig,1
annals,1
recog,1
distilled,1
endow,1
themes,1
prosperous,1
brutal,1
macdougall,1
being,1
cabin,1
synonymous,1
lame,1
defeated,1
leav,1
else,1
nose,1
explaining,1
www,1
hence,1
invention,1
errand,1
imprints,1
transcendentalist,1
historians,1
contrasted,1
address,1
rita,1
permanently,1
downplay,1
beautiful,1
grandfather,1
parties,1
crenshaw,1
shaped,1
tradition,1
belong,1
harder,1
confusion,1
differences,1
list,1
rich,1
inherent,1
able,1
woodson,1
atlantic,1
quintessential,1
hundred,1
begun,1
take,1
fascinated,1
help,1
chiefs,1
rowse,1
last,1
raised,1
prohibiting,1
nordics,1
career,1
ity,1
nina,1
deteriorated,1
dumas,1
worldwide,1
legend,1
system,1
courage,1
issue,1
side,1
con,1
globe,1
onism,1
dancing,1
forthcoming,1
alfred,1
courtesy,1
has,1
key,1
factotum,1
matthew,1
sought,1
iv,1
libel,1
mythology,1
some,1
marc,1
politics,1
concentrating,1
powers,1
julian,1
ings,1
hun,1
splendid,1
move,1
magazine,1
pirates,1
kimberle,1
panic,1
owners,1
laws,1
exhorts,1
bottom,1
cient,1
along,1
dirty,1
holder,1
cobbled,1
himself,1
formula,1
beneath,1
letter,1
treatise,1
sign,1
colonized,1
jutland,1
exposed,1
exist,1
fleshed,1
pen,1
andrew,1
regularly,1
feuds,1
ronald,1
tury,1
draught,1
explained,1
quality,1
countless,1
professor,1
since,1
constantly,1
against,1
visited,1
pursuit,1
creators,1
fate,1
g,1
millennium,1
bodily,1
interest,1
savages,1
expeditions,1
experts,1
mutable,1
towers,1
heightened,1
jr,1
pig,1
convention,1
rooted,1
topic,1
disrepute,1
prophecy,1
inserted,1
nor,1
immigra,1
embedded,1
approval,1
contrary,1
baldwin,1
amazingly,1
http,1
holds,1
young,1
putative,1
autobiographically,1
left,1
cohen,1
third,1
ecclesiastical,1
thin,1
profit,1
quintessentially,1
marvelous,1
obscure,1
memoir,1
tones,1
metamorphosis,1
generation,1
infatuations,1
influence,1
unmanly,1
collects,1
whicher,1
ment,1
cuttingedge,1
oj,1
shanties,1
sixteen,1
online,1
embodi,1
dured,1
without,1
elevating,1
tors,1
dilemma,1
purely,1
gutenberg,1
troubled,1
warlord,1
across,1
remain,1
burk,1
sort,1
influential,1
en,1
netic,1
presentation,1
mean,1
goes,1
outward,1
phrases,1
associate,1
legendary,1
similar,1
b,1
geneal,1
dirs,1
revelation,1
echoed,1
offering,1
lay,1
nonwhite,1
tannica,1
killers,1
underline,1
means,1
reason,1
determination,1
mrs,1
travelogue,1
mans,1
win,1
wages,1
consider,1
younger,1
dichotomy,1
organization,1
familiar,1
emergence,1
dated,1
dition,1
liberal,1
hauer,1
proposed,1
days,1
traces,1
jersey,1
differs,1
outgrowths,1
too,1
socialists,1
resorted,1
show,1
acceptance,1
jacobson,1
recovered,1
gerstle,1
ugly,1
frivol,1
trojans,1
follow,1
connecting,1
notions,1
preen,1
impotence,1
oppression,1
m,1
negroes,1
important,1
suggested,1
myerson,1
tory,1
drawing,1
appear,1
paragraph,1
disappeared,1
xlix,1
expressed,1
brutish,1
based,1
relished,1
disinterest,1
identifying,1
questioned,1
arrival,1
transmission,1
six,1
found,1
resonate,1
hands,1
speeches,1
houghton,1
typical,1
frye,1
access,1
coloured,1
changed,1
scenes,1
bonny,1
saxonist,1
isle,1
dispute,1
perpetuating,1
viking,1
amer,1
emerge,1
eliot,1
ogy,1
neil,1
ican,1
poetry,1
im,1
representative,1
lent,1
big,1
horse,1
infatuated,1
circulation,1
further,1
pure,1
ger,1
equally,1
encyclopaedia,1
occupation,1
italians,1
reappeared,1
engraved,1
stressing,1
singing,1
appears,1
recently,1
boyd,1
cannot,1
figuration,1
immemorial,1
normans,1
placed,1
however,1
nothing,1
indefatigably,1
embed,1
industrious,1
public,1
surmised,1
larkin,1
ances,1
shape,1
bloodthirsty,1
ena,1
none,1
basis,1
stooped,1
thanet,1
shouldered,1
lipsitz,1
writers,1
preferred,1
claim,1
prized,1
prominent,1
heavily,1
ojpolitical,1
example,1
civil,1
esp,1
secret,1
perpetuity,1
gender,1
routinely,1
description,1
tip,1
ten,1
repeating,1
membering,1
wholesome,1
describe,1
island,1
place,1
delegitimized,1
policies,1
skirt,1
inherited,1
subtly,1
contains,1
jo,1
gore,1
middle,1
subse,1
friend,1
danes,1
becom,1
personal,1
publish,1
sojourner,1
coursing,1
cat,1
cans,1
xviii,1
noel,1
stallion,1
own,1
dresden,1
definitions,1
strongest,1
patriots,1
teacher,1
mcmichael,1
preceded,1
evening,1
exemplary,1
social,1
statutory,1
esteem,1
commerce,1
working,1
vestment,1
wildly,1
brave,1
org,1
lowly,1
cality,1
destiny,1
rutgers,1
reaches,1
primeval,1
titles,1
long,1
bril,1
several,1
endured,1
characteristics,1
ignore,1
astounding,1
components,1
temporary,1
governments,1
stanley,1
research,1
massachusetts,1
revels,1
englander,1
gage,1
ofmonticello,1
core,1
dedicated,1
fully,1
managed,1
barely,1
descendants,1
haney,1
progress,1
overlords,1
wife,1
using,1
notice,1
joel,1
slept,1
diminished,1
cisoceanic,1
newly,1
gross,1
wolfgang,1
ninth,1
sophistication,1
digging,1
roediger,1
deficiency,1
nations,1
ameri,1
portion,1
naming,1
furnished,1
schoff,1
temperament,1
anthologies,1
contact,1
entitled,1
letters,1
racialized,1
novalis,1
onward,1
notoriously,1
classic,1
nearly,1
exception,1
cared,1
april,1
allen,1
still,1
make,1
comments,1
ruffle,1
basco,1
reception,1
parker,1
positive,1
inconvenient,1
worked,1
chronicle,1
realm,1
asiatic,1
portrayed,1
housing,1
violence,1
reference,1
hugh,1
wake,1
read,1
serve,1
soon,1
hegemonic,1
sex,1
sounds,1
predecessor,1
us,1
smith,1
salient,1
matilda,1
reedy,1
home,1
concentrat,1
orders,1
positively,1
culture,1
purity,1
died,1
tionary,1
indian,1
outdoorsmen,1
gary,1
enumerated,1
loom,1
noted,1
transatlantic,1
phyllis,1
irishmen,1
double,1
sam,1
comprehend,1
lamb,1
housebound,1
fire,1
attacks,1
figure,1
again,1
admirable,1
academy,1
mifflin,1
printing,1
slavery,1
proposi,1
demographic,1
pez,1
overwhelming,1
repulse,1
carter,1
britons,1
appeared,1
nize,1
wrest,1
toriographical,1
reasoning,1
educated,1
grave,1
really,1
gums,1
skips,1
never,1
hear,1
emphatically,1
godly,1
contemporary,1
golden,1
ignatiev,1
favorite,1
honor,1
transoceanic,1
ages,1
enough,1
took,1
racist,1
fame,1
physiological,1
present,1
geography,1
road,1
purposes,1
equate,1
novelist,1
dred,1
necessary,1
spoke,1
wher,1
alchemy,1
deep,1
native,1
belief,1
lean,1
children,1
male,1
poli,1
northwestern,1
distilla,1
autobiography,1
synonym,1
vast,1
wilderness,1
uncle,1
considering,1
newyork,1
temperamental,1
oversupplied,1
slaves,1
israel,1
alization,1
enormous,1
looking,1
ruling,1
deepening,1
entirely,1
asian,1
use,1
largely,1
persisted,1
unfair,1
mysticism,1
virtually,1
francis,1
causes,1
saxondom,1
survey,1
rare,1
norwegians,1
services,1
prints,1
vices,1
colossus,1
fold,1
stayed,1
theories,1
constancy,1
described,1
anthology,1
versions,1
defect,1
open,1
meanings,1
appraisal,1
discovered,1
historic,1
reality,1
talk,1
profession,1
vagueness,1
peter,1
lady,1
workers,1
revised,1
function,1
hinks,1
high,1
played,1
sykes,1
presidential,1
sidestepped,1
instruction,1
liance,1
spent,1
why,1
especially,1
niedersachsen,1
behind,1
article,1
inspired,1
senti,1
eloquent,1
throwaway,1
henry,1
story,1
northern,1
heyne,1
childish,1
institution,1
relative,1
engagement,1
joint,1
quarterly,1
quarter,1
embodied,1
cen,1
immigration,1
division,1
von,1
entertainment,1
carried,1
twelve,1
christian,1
signs,1
me,1
immutably,1
africa,1
ostensible,1
inhabitants,1
science,1
popularity,1
kenneth,1
elevate,1
staples,1
claimed,1
obscuring,1
aunt,1
phyl,1
vague,1
stefancic,1
months,1
hel,1
ryan,1
guglielmo,1
trait,1
counterhistory,1
transformed,1
germanick,1
bears,1
visual,1
ofafrican,1
recognize,1
capacious,1
antiquity,1
publica,1
possessive,1
pristine,1
continually,1
puritans,1
fall,1
sage,1
frontier,1
breasts,1
kings,1
education,1
virile,1
citizens,1
instances,1
oncile,1
itself,1
liberia,1
mirror,1
arts,1
mud,1
pmla,1
photographs,1
earliest,1
concord,1
detail,1
stephen,1
school,1
assistant,1
shirt,1
vigor,1
heavy,1
thinking,1
historian,1
aspiring,1
practi,1
crystal,1
hardworking,1
version,1
changing,1
grand,1
founded,1
athens,1
beside,1
endowed,1
eng,1
theme,1
known,1
founders,1
offered,1
connived,1
tics,1
masses,1
symbol,1
sweden,1
vio,1
offers,1
drew,1
afri,1
set,1
particulars,1
bri,1
enshrine,1
berkeley,1
continental,1
deficiencies,1
colonization,1
fitness,1
commonplace,1
scots,1
ancestor,1
different,1
worth,1
malone,1
lawyers,1
accustomed,1
forebears,1
down,1
print,1
expense,1
half,1
ofwhiteness,1
constructions,1
regard,1
followers,1
ding,1
brothers,1
expresses,1
far,1
embodiment,1
appreciative,1
preju,1
cities,1
laypersons,1
past,1
innumerable,1
richardson,1
passage,1
emerges,1
sermons,1
unraced,1
better,1
behemoth,1
turned,1
feminist,1
ideologies,1
gorgeous,1
william,1
according,1
wit,1
scholarly,1
reign,1
whether,1
joslyn,1
laying,1
rising,1
cause,1
particular,1
phenotypical,1
sachsen,1
metaphor,1
paddy,1
plete,1
statement,1
sociologist,1
sunk,1
leaving,1
ethnography,1
dream,1
her,1
saddle,1
institute,1
dark,1
notebooks,1
imperial,1
balance,1
emphasis,1
permeated,1
art,1
size,1
asians,1
unnoticed,1
lence,1
gratitude,1
practical,1
epithet,1
presented,1
alterations,1
poems,1
homicidal,1
lillian,1
edwards,1
attached,1
affecting,1
dice,1
content,1
bloodthirsti,1
press,1
role,1
african,1
subject,1
durable,1
lies,1
infatuation,1
com,1
nius,1
underestimate,1
maintained,1
tall,1
writing,1
waves,1
disfranchisement,1
jan,1
historicizing,1
analogy,1
spoiled,1
named,1
afflicted,1
devoted,1
models,1
spring,1
englishman,1
categorically,1
editor,1
difference,1
reveals,1
deftly,1
copies,1
genetically,1
washington,1
sprung,1
hospitalities,1
isles,1
levin,1
brain,1
contributed,1
instead,1
lively,1
grown,1
although,1
immersion,1
consolidated,1
define,1
d,1
guiding,1
product,1
obscurity,1
writer,1
you,1
exclusions,1
off,1
picts,1
godeys,1
salience,1
measured,1
whitenesses,1
remains,1
burdens,1
postscript,1
summary,1
vi,1
thousand,1
taking,1
distinctions,1
baym,1
mason,1
themselves,1
c,1
geographical,1
era,1
debate,1
sharing,1
texts,1
views,1
josepha,1
entire,1
spiller,1
racially,1
grace,1
taylor,1
here,1
crucible,1
rude,1
portance,1
should,1
building,1
ga,1
successive,1
southeastern,1
lizabeth,1
