WORDCOUNTS,WEIGHT
the,747
and,501
of,496
a,325
to,305
in,292
s,201
edith,172
her,129
as,127
that,117
is,109
was,108
for,103
this,89
letters,86
i,84
she,79
with,77
an,76
by,75
see,67
on,65
london,63
life,60
it,59
which,55
you,54
reading,49
or,48
were,48
from,46
fiction,45
freddy,41
what,40
not,39
one,38
be,37
are,36
we,36
have,36
peepshow,35
culture,34
but,33
their,32
writing,32
read,31
cultural,30
world,30
about,30
more,30
between,30
at,29
love,29
thompson,29
into,28
his,28
me,28
had,27
also,27
through,27
letter,26
novels,26
than,25
he,25
how,24
these,24
emotional,24
books,23
present,23
all,22
daily,22
may,22
sense,22
only,22
pin,22
they,21
romantic,21
woman,21
no,20
when,20
new,20
everyday,20
past,20
such,19
could,19
fictional,19
relationship,19
number,19
mass,18
just,18
work,18
social,18
there,17
those,17
case,17
self,17
public,17
up,17
britain,17
dec,17
who,17
popular,17
if,16
women,16
t,16
within,16
process,16
war,16
own,16
percy,16
like,16
so,16
after,16
way,15
written,15
century,15
out,15
douglas,15
its,15
psychological,15
do,15
justice,15
novel,15
selfhood,15
while,15
does,14
live,14
ilford,14
darlint,14
great,14
explore,14
book,14
made,14
suggests,14
news,14
being,13
real,13
hichens,13
reader,13
herself,13
can,13
engagement,13
been,13
then,13
them,13
making,13
modern,12
might,12
bywaters,12
space,12
part,12
example,12
hist,12
correspondence,12
yet,12
think,12
time,12
reality,12
became,12
should,12
murder,11
has,11
rather,11
most,11
always,11
evening,11
film,11
selfish,11
us,11
would,11
am,11
often,11
meant,11
far,11
both,11
our,11
little,11
mar,10
history,10
lover,10
young,10
york,10
fantasy,10
my,10
personal,10
around,10
suburban,10
home,10
man,10
forms,10
imagination,10
james,10
criminal,10
ordinary,10
over,10
privacy,10
form,10
specific,10
before,9
something,9
every,9
attempt,9
other,9
robert,9
some,9
against,9
kind,9
talk,9
lives,9
consider,9
your,9
away,9
roper,9
john,9
end,9
took,9
individual,9
times,9
know,9
consciousness,9
dream,9
twentieth,9
now,8
romance,8
england,8
desire,8
british,8
very,8
central,8
thus,8
feelings,8
well,8
weiss,8
still,8
many,8
ί,8
gender,8
day,8
described,8
fictionality,8
apr,8
each,8
different,8
believe,8
did,8
living,8
jan,8
dangerous,8
d,8
chambers,8
ways,7
character,7
creation,7
divorce,7
found,7
mail,7
point,7
askew,7
find,7
without,7
m,7
whom,7
though,7
however,7
affair,7
because,7
trial,7
during,7
epistolary,7
oct,7
shulamite,7
saler,7
society,7
practices,7
make,7
modes,7
oxford,7
same,7
never,7
readers,7
empire,7
upon,7
identity,7
significance,7
him,7
qualities,7
story,7
dolores,7
husband,7
growing,7
here,7
historical,7
terms,7
want,7
ideal,7
go,6
common,6
english,6
studies,6
shaped,6
historians,6
sexual,6
jl,6
mean,6
similar,6
pleasures,6
means,6
mrs,6
beyond,6
julia,6
used,6
newspaper,6
deborah,6
steedman,6
will,6
wrote,6
female,6
escapism,6
comments,6
once,6
thought,6
two,6
sketch,6
creature,6
another,6
subjectivity,6
use,6
approach,6
ideas,6
engaged,6
article,6
become,6
worlds,6
any,6
concerns,6
locke,6
carefully,6
early,6
almost,6
die,6
nov,6
argument,6
evidence,6
physical,6
characters,6
american,5
fruitful,5
moving,5
first,5
gossip,5
jesse,5
sunday,5
skirts,5
take,5
help,5
bland,5
west,5
historically,5
cowdroy,5
perspective,5
modernity,5
even,5
opportunity,5
study,5
escape,5
age,5
asks,5
films,5
dawson,5
vine,5
kate,5
demands,5
passionate,5
standard,5
having,5
literature,5
imagined,5
place,5
class,5
published,5
things,5
provided,5
short,5
july,5
hero,5
leavis,5
sex,5
frederick,5
again,5
smith,5
longer,5
britons,5
aug,5
journalists,5
where,5
necessary,5
exploring,5
looking,5
autobiographical,5
intimacy,5
meanings,5
moral,5
express,5
period,5
pastand,5
tendency,5
stage,5
understand,5
months,5
material,5
worth,5
draws,5
feb,5
must,5
heroine,5
offered,5
passages,5
thing,5
broader,5
child,4
later,4
alone,4
complex,4
true,4
talking,4
fashioning,4
said,4
anything,4
long,4
dreams,4
nature,4
hour,4
dreaming,4
explores,4
emotion,4
thanks,4
mind,4
soc,4
existence,4
marked,4
human,4
throughout,4
boy,4
since,4
bone,4
heightened,4
tennyson,4
moment,4
response,4
critique,4
shall,4
interesting,4
cinema,4
knew,4
lacking,4
emergence,4
impact,4
argued,4
too,4
origins,4
powerful,4
notions,4
important,4
view,4
state,4
p,4
radical,4
fashionable,4
knowledge,4
calls,4
thoughts,4
delightful,4
older,4
people,4
anxieties,4
lady,4
couple,4
manage,4
status,4
passion,4
working,4
family,4
manchester,4
hinton,4
notes,4
crime,4
domesticity,4
absence,4
economic,4
hollywood,4
wearing,4
ed,4
moments,4
increasingly,4
street,4
carolyn,4
business,4
others,4
death,4
bestseller,4
really,4
discussed,4
outside,4
practice,4
flint,4
gives,4
going,4
able,4
private,4
intimate,4
attributed,4
nothing,4
ibid,4
dismissed,4
language,4
why,4
newspapers,4
selfishness,4
haven,4
suggest,4
plays,4
lost,4
anxious,4
michael,4
yourself,4
thinking,4
comes,4
forget,4
ever,4
invoked,4
few,4
paper,4
down,4
research,4
beginning,4
boundaries,4
references,4
particular,4
glorious,4
cult,4
escapist,4
explored,4
don,4
remember,4
peace,4
given,4
tried,4
melman,4
allows,4
years,4
writer,4
off,4
charlotte,4
themselves,4
c,4
debate,4
asked,4
doing,4
democracy,3
ending,3
jury,3
rev,3
red,3
semi,3
reflective,3
reflection,3
agency,3
easily,3
park,3
position,3
nineteenth,3
give,3
ourselves,3
j,3
seems,3
poison,3
edie,3
confusion,3
solace,3
imaginary,3
narrative,3
service,3
cosmopolitan,3
onto,3
court,3
argue,3
loves,3
deemed,3
ά,3
jill,3
sahara,3
political,3
traces,3
tragedy,3
iv,3
saying,3
hall,3
soldier,3
authentic,3
activity,3
conflict,3
million,3
review,3
married,3
melodramatic,3
run,3
de,3
author,3
passage,3
consolation,3
consumer,3
profound,3
back,3
marriage,3
body,3
slave,3
loneliness,3
consumerism,3
influence,3
colour,3
essential,3
lemahieu,3
lucy,3
growth,3
portrayed,3
performance,3
absent,3
entrapment,3
edward,3
myself,3
unsent,3
conversation,3
tan,3
dialogue,3
productive,3
awareness,3
moreover,3
cannot,3
category,3
university,3
literary,3
linked,3
mary,3
contemporaries,3
w,3
resource,3
idealized,3
putting,3
helped,3
opinion,3
darlingest,3
uses,3
came,3
lead,3
allow,3
histories,3
extraordinary,3
plot,3
hands,3
called,3
access,3
lived,3
shared,3
events,3
prompt,3
focused,3
produced,3
doesn,3
scene,3
feminine,3
future,3
laura,3
discusses,3
reserve,3
nation,3
comment,3
realm,3
broad,3
formations,3
rendered,3
humbug,3
change,3
responses,3
phrase,3
aspirational,3
fictive,3
routine,3
acts,3
presence,3
impossible,3
describes,3
labelled,3
inhabiting,3
actions,3
geographical,3
f,3
battle,3
girl,3
power,3
trials,3
innocence,3
gift,3
reconstruction,3
inhabited,3
makes,3
soon,3
planet,3
starting,3
french,3
law,3
reporting,3
powder,3
creative,3
children,3
personality,3
debates,3
everything,3
serious,3
rough,3
v,3
road,3
ll,3
less,3
tell,3
deep,3
perhaps,3
violent,3
considering,3
treated,3
bertenshaw,3
desert,3
houlbrook,3
illusion,3
morality,3
questions,3
processes,3
sherlock,3
clear,3
haldane,3
high,3
pearman,3
fred,3
men,3
commentators,3
trying,3
reads,3
claustrophobia,3
exactly,3
enemies,3
raised,3
splitting,3
celebrity,3
diana,3
attention,3
absorbing,3
lot,3
continued,3
provide,3
popularity,3
hill,3
seen,3
transformation,3
adventure,3
holmes,3
get,3
itself,3
mirror,3
citation,3
wars,3
conclusion,3
circumstances,3
ve,3
wear,3
accounts,3
reinforced,3
pernicious,3
temporal,3
offers,3
milieu,3
intellectual,3
best,3
particularly,3
happiness,3
movie,3
turned,3
feminist,3
proceedings,3
interwar,3
adults,3
stability,3
maintain,3
alice,3
spaces,3
presented,3
tna,3
despite,3
innocent,3
com,3
until,3
sutherland,3
hope,3
immersion,3
consumption,3
need,3
regular,3
effects,3
glamorous,3
fears,3
ca,3
fir,2
final,2
incited,2
possessed,2
mania,2
madeleine,2
done,2
page,2
limits,2
quickly,2
headlines,2
e,2
sympathetic,2
becoming,2
stansell,2
womanhood,2
elementary,2
significant,2
fate,2
uncomfortable,2
usefully,2
currency,2
conscious,2
ideals,2
hysterical,2
ian,2
total,2
perceptive,2
source,2
selfless,2
themes,2
experience,2
else,2
failing,2
coalesced,2
geoffrey,2
supposedly,2
victim,2
ii,2
reticence,2
feeling,2
address,2
beautiful,2
words,2
possibilities,2
knowing,2
broken,2
rich,2
mills,2
oppenheim,2
fantastical,2
room,2
delusion,2
hanna,2
graham,2
endings,2
indulgence,2
reworking,2
moi,2
bvwaters,2
context,2
speech,2
side,2
gazed,2
enchantment,2
money,2
correspondents,2
right,2
march,2
shapers,2
account,2
felt,2
politics,2
melodrama,2
promise,2
marian,2
mutual,2
consumers,2
biographers,2
apart,2
taking,2
above,2
himself,2
irrational,2
guilty,2
pen,2
utopian,2
reputation,2
countless,2
soldiers,2
bailey,2
pursuit,2
interest,2
forgotten,2
pour,2
precise,2
doan,2
composure,2
convention,2
trail,2
cases,2
old,2
farnol,2
david,2
nourished,2
burgeoning,2
hint,2
six,2
abortion,2
left,2
phantasy,2
unfettered,2
communication,2
look,2
william,2
adult,2
savage,2
claude,2
milliner,2
rights,2
site,2
assessed,2
manipulated,2
dangerously,2
bull,2
plotted,2
identification,2
photography,2
kensington,2
farewell,2
reinvigoration,2
illustration,2
secrets,2
genuine,2
annette,2
responded,2
convicted,2
christine,2
miscarriage,2
granted,2
legal,2
cesare,2
direct,2
strange,2
offering,2
feel,2
lose,2
reason,2
apparel,2
utterly,2
changes,2
mentality,2
nor,2
mcaleer,2
ensure,2
anguish,2
marks,2
established,2
familiar,2
boon,2
elsewhere,2
mav,2
n,2
gradually,2
house,2
unproblematic,2
isolation,2
transcripts,2
christmas,2
restaurant,2
subjects,2
care,2
mon,2
paragraph,2
disappeared,2
friends,2
behaviour,2
enchanted,2
opening,2
troubling,2
standards,2
treating,2
acceptable,2
identifying,2
dixon,2
included,2
avenue,2
romances,2
inherent,2
entered,2
attack,2
billie,2
crowd,2
stigmatized,2
amer,2
melancholy,2
illness,2
late,2
further,2
fourth,2
wales,2
viewed,2
criminologist,2
meet,2
younger,2
vivid,2
introspection,2
prescriptions,2
perform,2
refuge,2
approached,2
fox,2
pooley,2
bestselling,2
january,2
oh,2
possibility,2
virago,2
artefacts,2
genre,2
line,2
tribulations,2
received,2
joanna,2
heart,2
prompted,2
secret,2
reconfiguration,2
sydney,2
got,2
authenticity,2
tale,2
felix,2
skirt,2
issues,2
interiority,2
theo,2
device,2
advertising,2
cat,2
sensibility,2
matt,2
weeks,2
messages,2
tone,2
discussing,2
successful,2
xxvi,2
shaping,2
next,2
order,2
several,2
underscore,2
handwriting,2
began,2
encouraged,2
eleven,2
industry,2
staged,2
vein,2
necessity,2
cardboard,2
city,2
bara,2
beauty,2
carlton,2
alienated,2
displaced,2
expressive,2
seemed,2
south,2
threatened,2
critical,2
telegraph,2
meyrick,2
gilroy,2
led,2
critics,2
identified,2
separation,2
indeed,2
happy,2
lynda,2
located,2
sunset,2
days,2
wait,2
brief,2
convince,2
surviving,2
indicates,2
went,2
degree,2
southern,2
ask,2
cheap,2
depicted,2
criticism,2
selling,2
businesswoman,2
interpretation,2
opportunities,2
security,2
criticize,2
seeing,2
under,2
genuinely,2
partly,2
costs,2
cultivated,2
watching,2
picture,2
cage,2
declining,2
double,2
tries,2
diary,2
clap,2
lewis,2
temporarily,2
observers,2
mark,2
pointed,2
put,2
emotions,2
stories,2
rosy,2
aldershot,2
recurrent,2
striking,2
pretty,2
together,2
break,2
accompanied,2
understandable,2
somewhere,2
contemporary,2
clearly,2
observes,2
audiences,2
simple,2
paris,2
psychic,2
remarkable,2
manner,2
brought,2
developing,2
sister,2
suburb,2
forth,2
spoke,2
metropolitan,2
eds,2
greeting,2
controversy,2
shifts,2
reflected,2
encountered,2
touch,2
whirl,2
unable,2
historiographical,2
desires,2
remove,2
recognizing,2
understanding,2
discussion,2
murdering,2
failings,2
eighteenth,2
bear,2
values,2
active,2
nead,2
waste,2
traded,2
moulded,2
resonances,2
render,2
bitter,2
eden,2
individuals,2
fulfil,2
fantastic,2
sees,2
office,2
pleasure,2
open,2
authors,2
habit,2
utter,2
health,2
essay,2
haunted,2
allowed,2
someone,2
mask,2
distinction,2
wish,2
provides,2
spent,2
gets,2
prosecution,2
include,2
internal,2
eyes,2
destinies,2
theda,2
deceiving,2
mainly,2
structure,2
femininity,2
distant,2
sept,2
slipping,2
workshop,2
anger,2
saw,2
bella,2
develop,2
embodied,2
masculinity,2
motif,2
whether,2
increasing,2
dealing,2
carried,2
aitkin,2
amanda,2
lovers,2
today,2
africa,2
figure,2
crucial,2
bound,2
ironically,2
firing,2
theme,2
exceptional,2
rational,2
anxiety,2
literacy,2
expectations,2
analysis,2
achieve,2
fictionalized,2
demotic,2
verhoeven,2
stable,2
considered,2
torment,2
cviii,2
contained,2
shadow,2
constant,2
girls,2
breach,2
teasing,2
series,2
version,2
changing,2
wasted,2
incorporated,2
bombay,2
pace,2
scrutiny,2
donna,2
shop,2
rival,2
june,2
phillips,2
sustained,2
set,2
affords,2
repository,2
dimension,2
natural,2
sure,2
seriously,2
capital,2
collapsing,2
pretence,2
sensational,2
expense,2
half,2
fuelled,2
domestic,2
iii,2
privileged,2
precarious,2
placing,2
edwardian,2
gerber,2
pathological,2
suburbia,2
cosmopolitanism,2
dismissal,2
suffering,2
motherhood,2
negotiate,2
passed,2
edinburgh,2
writes,2
leaving,2
loved,2
correspondent,2
waters,2
brilliant,2
voice,2
peidi,2
psychology,2
aren,2
art,2
finished,2
conference,2
prior,2
trees,2
careful,2
transport,2
pain,2
met,2
introduced,2
sea,2
press,2
role,2
african,2
giving,2
happens,2
screen,2
merchant,2
fleeting,2
maintained,2
isolated,2
serialized,2
devoured,2
childhood,2
frivolous,2
energies,2
unwilling,2
understandings,2
opens,2
national,2
write,2
appropriate,2
trauma,2
aware,2
value,2
filson,2
states,2
glass,2
hours,2
sexuality,2
peacetime,2
looks,2
anonymous,2
mobilized,2
assumed,2
chicago,2
recognized,2
hypnotic,2
lilac,2
re,2
unregulated,2
much,2
immediately,2
among,2
seek,2
drew,2
observed,2
showed,2
race,2
tragic,2
courts,1
hows,1
unaddressed,1
frequent,1
difficult,1
playfully,1
groot,1
huntington,1
archives,1
altho,1
aristocrat,1
thwarted,1
allegedly,1
reeling,1
headmistress,1
struggle,1
adulthood,1
dies,1
disrupted,1
pals,1
underpinning,1
constrained,1
residing,1
imagining,1
stuart,1
heroic,1
protests,1
concerned,1
historiographie,1
estate,1
stylistic,1
generated,1
commentary,1
pentonville,1
groups,1
corruption,1
stepchildren,1
stood,1
prize,1
suggested,1
created,1
praised,1
mystical,1
truth,1
represent,1
dangers,1
insulated,1
career,1
everyone,1
market,1
iowa,1
distress,1
emasculated,1
jane,1
composing,1
college,1
struggled,1
ran,1
animalistic,1
noticing,1
postal,1
intersect,1
mundane,1
recoils,1
conform,1
starts,1
ostentatiously,1
voracious,1
pushed,1
connecticut,1
disregard,1
passing,1
start,1
minutes,1
elaborately,1
visualise,1
hearings,1
paradoxically,1
told,1
dpp,1
interior,1
conflicts,1
ive,1
saved,1
denied,1
essentializing,1
expression,1
illegal,1
star,1
confidence,1
elaborated,1
tosh,1
essays,1
closure,1
demeanour,1
merged,1
hull,1
word,1
referring,1
competitions,1
renamed,1
schools,1
authority,1
services,1
savouring,1
uniquely,1
prince,1
criticizes,1
approaches,1
psychiatry,1
pressing,1
cno,1
pervading,1
bathroom,1
respectability,1
servicemen,1
originals,1
better,1
cough,1
confidante,1
greater,1
extracurricular,1
theatre,1
endured,1
ghosted,1
justified,1
western,1
merge,1
recreation,1
exasperated,1
presents,1
cranbrook,1
laid,1
knox,1
holding,1
reliving,1
biographical,1
communicating,1
feels,1
interpretative,1
nominally,1
connotations,1
eye,1
leipzig,1
kullett,1
princeton,1
strikes,1
verdict,1
glow,1
materials,1
fearful,1
artifice,1
debased,1
porous,1
spelt,1
highlight,1
diaries,1
clarifying,1
appealed,1
gail,1
painful,1
fiancé,1
warns,1
invoking,1
reassure,1
sacrifice,1
fraction,1
matricidal,1
provision,1
www,1
earning,1
please,1
davis,1
titles,1
revisited,1
wool,1
jackson,1
telephone,1
production,1
nassau,1
voices,1
interests,1
loathing,1
wax,1
setting,1
exaggerated,1
handle,1
aftermath,1
attempts,1
aperture,1
rested,1
yours,1
viewer,1
acutely,1
season,1
represented,1
affordable,1
refusal,1
terrain,1
script,1
actual,1
articulate,1
worked,1
emerged,1
weekend,1
freely,1
referees,1
departure,1
editions,1
comedy,1
detritus,1
confirmed,1
hitchcock,1
unjust,1
reeked,1
reach,1
belladonna,1
interrogating,1
cosmetics,1
copy,1
goodbye,1
afford,1
withholding,1
tradition,1
commuters,1
lxvi,1
swapped,1
assume,1
stolid,1
criticizing,1
thro,1
display,1
reasons,1
evidencing,1
boer,1
buyer,1
accumulated,1
roland,1
disagree,1
validated,1
marek,1
nineteen,1
assembled,1
liverpool,1
schooled,1
transferred,1
housewife,1
trivialization,1
bovary,1
anyway,1
entering,1
debt,1
elderly,1
xx,1
judging,1
conjugal,1
tangible,1
separated,1
critically,1
stand,1
sacred,1
keith,1
mr,1
brilliance,1
normal,1
adventures,1
embody,1
revelled,1
alike,1
profitable,1
discrete,1
ambiguous,1
signs,1
citational,1
unsettling,1
hostile,1
returns,1
deteriorated,1
rethinking,1
seminar,1
citizenship,1
triggered,1
ernest,1
magazines,1
slip,1
issue,1
philpott,1
fortune,1
takes,1
habitual,1
dancing,1
inseparable,1
gretchen,1
sophisticated,1
alfred,1
headlong,1
resumes,1
claud,1
shaken,1
plea,1
embracing,1
linear,1
attacked,1
formulation,1
capacity,1
adopts,1
immerse,1
constraint,1
encouraging,1
kathy,1
america,1
muddled,1
addresses,1
hedonism,1
begotten,1
reminder,1
gardens,1
sealing,1
italian,1
opened,1
capable,1
possible,1
bohemian,1
compelling,1
veldt,1
illustrate,1
burning,1
characterize,1
judith,1
traced,1
lies,1
composes,1
october,1
urges,1
splendid,1
move,1
vital,1
vistas,1
blackton,1
community,1
losing,1
desired,1
say,1
reflecting,1
bathed,1
consciously,1
carved,1
panic,1
sent,1
fur,1
masturbation,1
scandal,1
persecuted,1
negotiation,1
blockbuster,1
representing,1
furs,1
accessed,1
economies,1
eroded,1
designer,1
engage,1
thompsonbywaters,1
lights,1
tied,1
problems,1
prejudice,1
sign,1
rigour,1
shut,1
interrogative,1
framework,1
karen,1
mannered,1
modelled,1
exist,1
avenues,1
repeatedly,1
complained,1
closes,1
possessing,1
childlike,1
somewhen,1
unions,1
selves,1
hit,1
linguistic,1
xlvii,1
impressionable,1
beating,1
expect,1
doctor,1
pictures,1
mine,1
campbell,1
amanuenses,1
development,1
seventy,1
calculated,1
constantly,1
reported,1
sitting,1
simeon,1
magic,1
personalities,1
integral,1
corner,1
remorse,1
bodily,1
mastered,1
registered,1
domain,1
disappointed,1
basingstoke,1
logic,1
ability,1
authoritative,1
club,1
nick,1
addressing,1
clumsily,1
insisted,1
materially,1
pay,1
intermingling,1
manager,1
seaman,1
vengeance,1
horrific,1
awfully,1
affairs,1
momentarily,1
exercise,1
bus,1
retreats,1
turn,1
carefree,1
oosterhuis,1
bustling,1
affectionate,1
vocabulary,1
developments,1
items,1
seizing,1
clark,1
illuminates,1
christopher,1
underlying,1
embedded,1
transcends,1
frustrating,1
unspeakable,1
convincing,1
radclyffe,1
deuce,1
amazingly,1
restrict,1
houses,1
output,1
radio,1
unfruitful,1
lix,1
stacey,1
plutocracy,1
honour,1
mobility,1
libraries,1
twice,1
despair,1
anonymity,1
truly,1
destroys,1
fowler,1
susman,1
warned,1
perfunctory,1
wanstead,1
weight,1
artefact,1
y,1
memoir,1
marital,1
details,1
dublin,1
apparently,1
deeply,1
guard,1
terror,1
prioritized,1
general,1
understood,1
hardly,1
scripts,1
invites,1
columns,1
cars,1
according,1
stanley,1
ton,1
ankers,1
depths,1
erotic,1
walls,1
poverty,1
mechanism,1
selectively,1
perfect,1
mechanisms,1
talks,1
civilization,1
sixteen,1
simultaneously,1
depiction,1
sue,1
colin,1
disparaged,1
shipping,1
pathetic,1
german,1
reflects,1
coats,1
dudley,1
heroes,1
operations,1
frustration,1
chow,1
reviews,1
links,1
expanding,1
ostensibly,1
main,1
sentences,1
superficial,1
across,1
mesmerizing,1
angeles,1
stop,1
unfolds,1
fruits,1
aggressive,1
forced,1
joan,1
selflessness,1
explicit,1
vampire,1
fastest,1
taste,1
capture,1
pause,1
players,1
sharpened,1
walker,1
arm,1
phrases,1
thursday,1
katie,1
risk,1
stimulation,1
undercut,1
eight,1
interiorised,1
meaning,1
relents,1
importance,1
supposed,1
republic,1
reprinting,1
recently,1
throng,1
ongoing,1
keeper,1
marcus,1
folkloric,1
assuming,1
pages,1
postcard,1
sanctuary,1
enacted,1
denise,1
adept,1
enabled,1
danger,1
white,1
trace,1
front,1
absorbed,1
risks,1
supercession,1
accusatory,1
shell,1
construes,1
vera,1
ordeal,1
discernible,1
acquisition,1
clerk,1
tho,1
wee,1
palpable,1
dean,1
operates,1
sensate,1
frankness,1
xlvi,1
counterparts,1
berating,1
capitalization,1
possibly,1
shaming,1
objects,1
organization,1
raged,1
india,1
bursts,1
anybody,1
attends,1
workplace,1
evenine,1
gable,1
meshing,1
warren,1
section,1
driven,1
edition,1
spectacularization,1
conveniences,1
numbers,1
gazing,1
quoted,1
displays,1
decade,1
eugenic,1
wj,1
frequently,1
calendar,1
profile,1
prevent,1
xi,1
commuter,1
show,1
xvii,1
starling,1
magdalen,1
fashioned,1
inge,1
desperation,1
encouragement,1
walkowitz,1
pains,1
concerning,1
followed,1
cotton,1
undertaken,1
oppressively,1
journalistic,1
ponce,1
nightclub,1
thomoson,1
undisciplined,1
painted,1
adulterous,1
cmost,1
seat,1
instance,1
victorian,1
schooling,1
willing,1
answers,1
journalist,1
schoolmates,1
theory,1
dominant,1
mocking,1
ostracism,1
intricacies,1
faced,1
physicality,1
fuelling,1
cut,1
appear,1
fluid,1
valorization,1
thinks,1
chronological,1
ürotic,1
worries,1
unearthly,1
advance,1
remembered,1
lock,1
game,1
puffin,1
http,1
sooner,1
path,1
precluded,1
blamed,1
wracked,1
holds,1
eom,1
conservative,1
search,1
nagging,1
typical,1
dystopian,1
nearness,1
narrated,1
carol,1
highs,1
prying,1
exquisitely,1
generates,1
intellectuals,1
reinvigorated,1
curiosity,1
brittain,1
abdicated,1
bind,1
raffish,1
versus,1
interfered,1
marguerite,1
initial,1
emotionally,1
arrogance,1
berates,1
egypt,1
none,1
unsatisfactory,1
liz,1
acquiring,1
emùire,1
degrading,1
materiality,1
impression,1
stabbed,1
afternoon,1
guise,1
equally,1
flappers,1
queenie,1
healthy,1
traits,1
ludic,1
equal,1
blow,1
entertaining,1
affirms,1
displayed,1
youthful,1
typewriter,1
dope,1
districts,1
stressing,1
lethal,1
omissi,1
treat,1
lowbrow,1
afforded,1
appears,1
absorption,1
inches,1
sentence,1
intensity,1
hailed,1
employers,1
oxforddnb,1
acquaintance,1
exhaustion,1
record,1
democratization,1
mischievous,1
alluring,1
spiritual,1
rendezvous,1
hynes,1
required,1
hyde,1
companionate,1
comprehension,1
pallor,1
opposition,1
cambridge,1
schema,1
answer,1
near,1
schoolgirl,1
sustenance,1
expressions,1
patriarchal,1
marie,1
influenced,1
memory,1
experiment,1
silver,1
kitchen,1
aspiration,1
otherworld,1
undermined,1
repugnance,1
shape,1
justifies,1
abuse,1
knowledges,1
animated,1
keeping,1
claiming,1
sphere,1
detractors,1
basis,1
dilemmas,1
r,1
degrees,1
relief,1
revealed,1
minute,1
anna,1
conjecture,1
bounded,1
listening,1
responding,1
orchestrate,1
los,1
decency,1
carry,1
leisure,1
nine,1
prominent,1
materialize,1
margaretta,1
journalism,1
denial,1
apparent,1
esp,1
supreme,1
deluded,1
positions,1
excessive,1
feared,1
criticized,1
ten,1
fairy,1
lovely,1
loss,1
ultimately,1
robbins,1
gave,1
dear,1
cass,1
breckenridge,1
flight,1
clad,1
lunch,1
sleeps,1
ι,1
conan,1
falling,1
infantile,1
music,1
quickening,1
link,1
recounting,1
eager,1
halfway,1
reflect,1
scribbled,1
reiterate,1
compact,1
realms,1
queer,1
achieving,1
astute,1
seminars,1
disruptions,1
fickle,1
alan,1
vitriolic,1
universally,1
chill,1
memoirs,1
strongest,1
carey,1
drug,1
turmoil,1
encounters,1
letterwriting,1
annotated,1
sic,1
subtle,1
visualizing,1
grazia,1
remake,1
calmly,1
staple,1
affections,1
leighton,1
bond,1
hectic,1
painting,1
caused,1
describing,1
level,1
fulfilled,1
hard,1
field,1
cruel,1
manners,1
useful,1
responsibility,1
sympathizers,1
theatrical,1
hiding,1
bourke,1
dictionary,1
coupled,1
lacked,1
guardians,1
relevant,1
clothes,1
reverie,1
precedents,1
insecurities,1
quite,1
hence,1
prosecuted,1
loan,1
prologue,1
emerging,1
event,1
involved,1
fast,1
talents,1
small,1
intervals,1
castle,1
specificity,1
leaves,1
devotees,1
waring,1
fraught,1
inescapable,1
pregnant,1
wider,1
lynne,1
ship,1
negotiates,1
potentially,1
alleviate,1
grow,1
executed,1
folk,1
temporary,1
notorious,1
jolly,1
shaded,1
vicarious,1
decline,1
cos,1
dispels,1
closeness,1
potent,1
anyhow,1
scarcely,1
fashions,1
characterizes,1
customary,1
condemned,1
annual,1
visible,1
articulation,1
inability,1
qualify,1
ghastly,1
erika,1
pays,1
wife,1
consumerist,1
estates,1
ellen,1
decision,1
notice,1
peculiar,1
deepened,1
childless,1
teo,1
chronicles,1
vivacious,1
sad,1
passive,1
waiting,1
settle,1
disturbing,1
execution,1
interminable,1
gordon,1
reducing,1
suspicious,1
accommodate,1
cont,1
jeffrey,1
survived,1
untrue,1
prevalence,1
tea,1
sheik,1
horizons,1
testifying,1
second,1
transform,1
underground,1
inhabit,1
gush,1
emancipatory,1
demand,1
forever,1
matter,1
taken,1
bringing,1
justin,1
action,1
transnational,1
socialite,1
glasgow,1
abusive,1
drama,1
launch,1
expansion,1
messy,1
play,1
plans,1
acknowledged,1
outlet,1
renewed,1
object,1
april,1
positioned,1
elusive,1
leon,1
confesses,1
harry,1
quizzing,1
slangy,1
lloyds,1
bill,1
commissioned,1
experiences,1
hanged,1
standing,1
permissible,1
sending,1
petit,1
movement,1
collapsed,1
suppose,1
decisions,1
tends,1
evidentiary,1
conventional,1
single,1
fighting,1
notional,1
queried,1
corrupting,1
guide,1
rené,1
ubiquity,1
chronicle,1
oblivious,1
kent,1
edited,1
stigmatic,1
wishes,1
observer,1
describe,1
push,1
northland,1
doe,1
lloyd,1
kingsley,1
added,1
aubrey,1
happened,1
veiled,1
alongside,1
perambulator,1
begged,1
evil,1
morbid,1
reshaping,1
mobile,1
threat,1
exposure,1
deaden,1
official,1
easing,1
neither,1
incitement,1
sky,1
moulds,1
forays,1
jay,1
whitbread,1
chris,1
manageress,1
adherence,1
ci,1
infrastructure,1
light,1
rightly,1
complete,1
dunroamin,1
teaching,1
purity,1
friendship,1
dan,1
prattling,1
immortality,1
fantasizing,1
indian,1
erasures,1
depressive,1
inevitable,1
reply,1
collective,1
already,1
insights,1
department,1
toronto,1
mention,1
potential,1
noted,1
friend,1
typed,1
rome,1
dialogic,1
rise,1
fugitive,1
entwined,1
pessimists,1
tropes,1
sheaf,1
chose,1
subjective,1
regrettable,1
fantasized,1
disappearing,1
critiques,1
unreliable,1
comfortable,1
paul,1
attacks,1
challenge,1
mediation,1
policeman,1
stream,1
workmates,1
aldersgate,1
academy,1
locating,1
available,1
l,1
stud,1
photographs,1
tremendous,1
towards,1
allots,1
missing,1
americanization,1
doyle,1
efforts,1
conformity,1
stargardt,1
shows,1
lack,1
insidious,1
idea,1
preserve,1
ponders,1
head,1
holloway,1
pressure,1
metuchen,1
departments,1
plan,1
fortnight,1
huskies,1
agree,1
ought,1
vision,1
witnesses,1
herrick,1
lacks,1
inevitably,1
enable,1
thriller,1
peiss,1
pamphlet,1
cure,1
fallen,1
forging,1
personally,1
novelists,1
shoulder,1
shallow,1
arthur,1
substantially,1
ust,1
delighted,1
ironic,1
golden,1
commuting,1
prosaic,1
collapses,1
charges,1
fashion,1
pattern,1
worn,1
fragments,1
external,1
devil,1
baltazar,1
offence,1
rhythms,1
contradistinction,1
elides,1
squeezed,1
unrealizable,1
quests,1
thank,1
performances,1
crashing,1
contextualizing,1
centre,1
handed,1
threads,1
ballinger,1
banned,1
candour,1
accepted,1
ch,1
jobs,1
participate,1
underscores,1
interview,1
sorry,1
plenty,1
informally,1
separations,1
aust,1
seem,1
exotic,1
maturity,1
dislocations,1
norms,1
volatile,1
uneasily,1
heaps,1
caryll,1
below,1
tiny,1
reconstructing,1
exceeds,1
vigour,1
distance,1
cynically,1
artists,1
male,1
free,1
destroyed,1
primarily,1
remarkably,1
shoot,1
obsession,1
remained,1
plane,1
submit,1
tame,1
argues,1
sir,1
thousands,1
authorized,1
xli,1
crown,1
classes,1
lasting,1
envelopes,1
meaningful,1
warning,1
investment,1
extended,1
admits,1
coherent,1
perfumed,1
registers,1
survive,1
invested,1
birth,1
easier,1
comprise,1
doomed,1
heard,1
outwards,1
loud,1
delicate,1
desperate,1
passes,1
clerical,1
depended,1
braced,1
shake,1
judge,1
phillpotts,1
resolve,1
wonder,1
top,1
listener,1
varying,1
granting,1
enduring,1
affection,1
bridget,1
coroner,1
unfair,1
assumption,1
francis,1
desolating,1
chichester,1
overspills,1
lows,1
exhibited,1
rhetorically,1
rare,1
drifting,1
ami,1
reproduction,1
frame,1
archive,1
raising,1
thanking,1
epistles,1
complicated,1
theoretical,1
sacrificing,1
formalised,1
vii,1
platform,1
aristocratic,1
versions,1
negotiating,1
brit,1
passim,1
explorations,1
invite,1
worry,1
crises,1
quotation,1
rtnnhnnflnhnpwynrlr,1
three,1
provoked,1
historic,1
poisoning,1
lunchtime,1
visualization,1
frustrated,1
restraint,1
starlets,1
publication,1
movies,1
points,1
copious,1
rebecca,1
faces,1
evils,1
interpret,1
august,1
tokens,1
held,1
pride,1
starring,1
divisions,1
characterized,1
reviewers,1
threw,1
geographically,1
innermost,1
gruesome,1
function,1
anaemic,1
creating,1
features,1
plots,1
pearce,1
lie,1
furlough,1
proximity,1
ass,1
illicit,1
attributing,1
prescription,1
bessie,1
pupil,1
indulging,1
intrinsic,1
martin,1
thomas,1
exchange,1
reputable,1
sian,1
reproductive,1
mechal,1
strongly,1
conclusions,1
queen,1
realist,1
imaginative,1
thompsons,1
lesbian,1
chapel,1
postmarked,1
lines,1
relation,1
ensnared,1
realism,1
contact,1
xvi,1
effect,1
awful,1
influences,1
attendant,1
wrestles,1
enthusiastically,1
seeking,1
rhetorical,1
advertisement,1
blood,1
equivalent,1
parameters,1
carriage,1
figures,1
protagonists,1
stumbles,1
expresses,1
irrevocably,1
quarterly,1
pastj,1
professional,1
controversial,1
lovelorn,1
murdera,1
inferior,1
nymphs,1
anglophone,1
behind,1
convincingly,1
isn,1
rationalizing,1
widely,1
incarnate,1
exchanged,1
experienced,1
incorporât,1
perils,1
unfolded,1
shocked,1
tortured,1
reinventing,1
try,1
qr,1
cater,1
implicitly,1
imperative,1
aspirations,1
pictorial,1
inertia,1
escaping,1
posted,1
imply,1
circle,1
emulation,1
adultery,1
jessie,1
peers,1
belonged,1
publishing,1
note,1
scrutinized,1
window,1
stared,1
masculinities,1
independent,1
usually,1
chère,1
five,1
france,1
affectionately,1
dénouement,1
continuing,1
depersonalization,1
practical,1
suggestive,1
program,1
fear,1
employment,1
inside,1
septimus,1
entity,1
notepaper,1
discard,1
methuen,1
novelist,1
becomes,1
contrast,1
mood,1
sensitive,1
abnormal,1
dejected,1
acton,1
concluding,1
venues,1
transformed,1
detailed,1
chronically,1
timid,1
scrutinizing,1
bears,1
wamer,1
barrister,1
force,1
privileges,1
parcel,1
sobel,1
visual,1
markers,1
denotes,1
requests,1
hopelessly,1
furnish,1
recognize,1
illimitable,1
horrid,1
hilliard,1
covering,1
length,1
heartbreak,1
articles,1
gallery,1
sunrise,1
nuance,1
insistence,1
drag,1
construction,1
kill,1
λ,1
fall,1
littered,1
dead,1
ing,1
charlottesville,1
mepo,1
opinions,1
humiliation,1
questionnaires,1
anarchy,1
giddy,1
arts,1
problematic,1
crowded,1
shift,1
pressures,1
susan,1
joseph,1
repulsion,1
blurred,1
speak,1
rises,1
cam,1
addressed,1
echoes,1
immigrant,1
dance,1
sections,1
grounded,1
railed,1
regularly,1
reciprocal,1
suggestions,1
curious,1
laqueur,1
victoria,1
mistaking,1
stopes,1
terrible,1
worried,1
preface,1
exemplified,1
artifices,1
mentioned,1
audits,1
grand,1
underdeveloped,1
maiden,1
struck,1
constituted,1
unleashed,1
known,1
dubious,1
kay,1
irrationality,1
satisfactory,1
constructed,1
claims,1
trapped,1
charles,1
compensates,1
wondered,1
dramatizing,1
glimpse,1
doi,1
cliché,1
text,1
earle,1
turns,1
rappaport,1
cover,1
bright,1
resonance,1
highly,1
outcome,1
berkeley,1
longs,1
youngster,1
memoirist,1
dismembering,1
partner,1
refused,1
control,1
introducing,1
fault,1
hamilton,1
descriptions,1
openly,1
specialized,1
café,1
validates,1
december,1
behaviouralist,1
prolific,1
interested,1
exploration,1
good,1
desolate,1
ubiquitous,1
comfort,1
print,1
conisby,1
exercised,1
bit,1
constructions,1
disappointment,1
universal,1
current,1
regard,1
episodic,1
visiting,1
gap,1
drifted,1
epistemological,1
post,1
galbraith,1
last,1
hysteria,1
gaiety,1
intelligentsia,1
collins,1
contradictory,1
greetings,1
australian,1
sustaining,1
omnivorously,1
embodiment,1
school,1
expressing,1
energize,1
convey,1
build,1
associations,1
cities,1
explicitly,1
closest,1
sapphism,1
dashing,1
claustrophobic,1
works,1
type,1
oliver,1
culminated,1
lending,1
person,1
following,1
tenth,1
knows,1
didn,1
draw,1
quiet,1
discuss,1
correlate,1
salome,1
jean,1
champagne,1
innocences,1
economy,1
condemning,1
evocation,1
notable,1
unique,1
spatial,1
rose,1
list,1
doings,1
evangelical,1
cwe,1
lane,1
trope,1
suspicions,1
juxtaposed,1
socialites,1
signature,1
launches,1
monster,1
ceased,1
distancing,1
problem,1
extent,1
avid,1
comparison,1
insightful,1
managed,1
projective,1
appetite,1
autobiography,1
dissecting,1
extract,1
abruptly,1
secure,1
subverting,1
unbalancing,1
bentley,1
information,1
anticipation,1
agreed,1
fare,1
gallows,1
capitalized,1
divorcing,1
playful,1
sentenced,1
reprinted,1
library,1
contain,1
sordid,1
categories,1
mayhall,1
cluster,1
martha,1
nj,1
bodies,1
biography,1
bought,1
fulfilment,1
occasionally,1
preserved,1
inserting,1
unsophisticated,1
ill,1
inspiration,1
conclude,1
simply,1
interchange,1
technologies,1
apocalyptic,1
initiate,1
november,1
mathew,1
zeitgeist,1
unrealistic,1
subject,1
respectable,1
returning,1
step,1
initiative,1
assumptions,1
lyndal,1
everywhere,1
minutiae,1
morea,1
pervades,1
commodities,1
recounts,1
millinery,1
twenties,1
demanding,1
arguments,1
solitary,1
colonial,1
dock,1
krillet,1
ensuing,1
comprehend,1
firms,1
ho,1
voyage,1
lxiii,1
sanctified,1
kohn,1
staccato,1
historicizing,1
prepared,1
question,1
introspectively,1
tantalizing,1
necessarily,1
endearments,1
collated,1
shown,1
models,1
spring,1
youth,1
imp,1
commercial,1
presumptively,1
north,1
moralists,1
sailed,1
editor,1
hyperbolic,1
follow,1
functions,1
envisaged,1
numerous,1
defence,1
samuel,1
grant,1
charge,1
unease,1
accept,1
immaturity,1
beastliest,1
trap,1
completed,1
parallels,1
xxxix,1
richard,1
enlightenment,1
although,1
judges,1
land,1
materializes,1
throbbed,1
cooper,1
absorbs,1
disorienting,1
blueprint,1
masses,1
effortful,1
clearest,1
sacrificial,1
reflexive,1
thomson,1
politicians,1
puff,1
centrality,1
playing,1
defined,1
plentiful,1
terribly,1
walking,1
saturday,1
remains,1
association,1
pearls,1
burdens,1
laughter,1
increased,1
roles,1
summary,1
madame,1
instincts,1
moved,1
vi,1
inclination,1
supported,1
conceptualizing,1
davenporthines,1
wretch,1
admitting,1
conman,1
annotations,1
invited,1
rest,1
nausea,1
belgravia,1
drying,1
preserves,1
autodidact,1
snatched,1
massive,1
hotel,1
henry,1
transitory,1
dickens,1
era,1
sits,1
sharing,1
gestures,1
uncertainty,1
captivated,1
including,1
substantial,1
athenaeum,1
puts,1
intended,1
absences,1
traditional,1
strong,1
kuhn,1
prison,1
ends,1
engaging,1
recent,1
profiles,1
lxii,1
delineate,1
regulated,1
alternative,1
tract,1
built,1
jealous,1
mistaken,1
admired,1
noon,1
perpetual,1
stunned,1
richly,1
jackie,1
impotent,1
