WORDCOUNTS,WEIGHT
the,530
of,343
and,332
in,227
to,227
a,143
that,132
s,121
her,95
women,91
for,91
were,82
as,80
bath,75
at,72
was,72
their,67
by,66
with,66
this,58
female,58
spa,55
they,50
spas,47
which,46
on,45
she,44
but,42
or,40
also,39
from,37
is,36
early,34
i,33
not,33
harley,32
it,30
children,30
freke,30
had,29
an,29
fiennes,28
while,28
century,27
these,27
health,26
london,25
elizabeth,25
social,24
who,24
baths,23
water,23
men,23
celia,23
library,23
modern,22
self,22
so,22
are,22
some,22
you,22
be,22
one,21
johnson,21
british,20
like,20
history,19
well,19
gender,19
own,19
two,19
when,19
them,19
have,19
book,18
tunbridge,18
waters,18
all,17
even,17
elite,16
seventeenth,16
lady,16
we,16
been,16
journeys,15
petty,15
those,15
my,15
other,15
morris,15
spaces,15
town,14
wrote,14
towns,14
daughter,14
his,13
bl,13
your,13
activities,13
he,13
many,13
more,13
new,13
where,13
figure,13
life,13
both,13
through,13
there,12
has,12
sociability,12
than,12
about,12
could,12
time,12
see,12
woman,12
another,12
eighteenth,12
within,11
fig,11
journal,11
mrs,11
friends,11
winter,11
will,11
us,11
only,11
often,11
detail,11
add,11
bathers,11
john,11
reported,11
d,11
papers,10
mary,10
its,10
identity,10
male,10
recipe,10
very,10
city,10
company,9
medical,9
no,9
care,9
place,9
status,9
culture,9
shows,9
practice,9
bathing,9
made,9
upon,9
wells,9
visit,9
katherine,9
did,9
accounts,9
pools,8
into,8
england,8
recipes,8
money,8
account,8
letter,8
david,8
how,8
space,8
most,8
late,8
sense,8
small,8
letters,8
ed,8
epsom,8
article,8
mother,8
william,8
what,8
off,8
among,8
if,7
large,7
instructions,7
creation,7
together,7
chodorow,7
out,7
cambridge,7
feminine,7
good,7
order,7
confectionery,7
f,7
sex,7
shops,7
anne,7
eds,7
language,7
kept,7
after,7
sugar,7
here,7
each,7
selfhood,7
instead,7
much,7
close,7
great,6
recorded,6
advice,6
doctors,6
helena,6
poor,6
york,6
study,6
show,6
shared,6
part,6
gave,6
defoe,6
people,6
perceval,6
ward,6
visible,6
up,6
correspondence,6
provided,6
make,6
home,6
same,6
gentlemen,6
others,6
drink,6
georgian,6
spring,6
books,6
peter,6
thomas,6
spent,6
especially,6
hastings,6
haven,6
any,6
homosocial,6
must,6
ff,6
ladies,6
confection,6
mothers,6
libertine,6
c,6
given,6
interaction,6
common,5
ms,5
being,5
first,5
learned,5
labor,5
such,5
clark,5
alliances,5
rather,5
english,5
neale,5
image,5
too,5
population,5
because,5
leisure,5
used,5
during,5
painting,5
suggest,5
family,5
paid,5
second,5
experiences,5
sister,5
doe,5
me,5
daily,5
cure,5
took,5
do,5
southwell,5
blundell,5
use,5
described,5
three,5
frames,5
britain,5
entertainment,5
over,5
down,5
borsay,5
son,5
little,5
found,5
although,5
between,5
go,4
way,4
stuart,4
later,4
e,4
studies,4
commonplace,4
able,4
take,4
graham,4
gibson,4
daniel,4
king,4
household,4
sweet,4
seigel,4
swimming,4
gendered,4
itt,4
nor,4
better,4
high,4
without,4
kind,4
process,4
dormer,4
guides,4
objects,4
entry,4
literary,4
bod,4
just,4
frequently,4
hot,4
therapy,4
whom,4
nancy,4
called,4
focused,4
purchased,4
sites,4
r,4
work,4
received,4
knowledge,4
call,4
employed,4
box,4
presence,4
occasions,4
st,4
wroughton,4
power,4
corporation,4
acknowledged,4
under,4
visitors,4
noted,4
picture,4
sugared,4
idea,4
end,4
man,4
modem,4
resorts,4
receipt,4
queen,4
can,4
swam,4
elspeth,4
bodleian,4
uncouth,4
ned,4
mentioned,4
country,4
print,4
visiting,4
themselves,4
goods,4
places,4
ones,4
catered,4
viennes,4
vol,4
middle,4
mod,4
went,4
com,4
sweets,4
writing,4
our,4
named,4
argues,4
samuel,4
register,4
consumption,4
evidence,4
physical,4
pool,4
should,4
hl,3
laura,3
estate,3
created,3
huntington,3
shuger,3
stone,3
authority,3
child,3
before,3
experience,3
lower,3
every,3
voices,3
words,3
egmont,3
annick,3
written,3
miles,3
henry,3
activity,3
relational,3
fine,3
throughout,3
cossic,3
explained,3
accompany,3
helen,3
forgotten,3
ern,3
deeds,3
back,3
body,3
ha,3
modernity,3
young,3
fowler,3
bottles,3
adult,3
hutchins,3
steps,3
simultaneously,3
patron,3
yet,3
sort,3
joan,3
reference,3
ex,3
special,3
handwork,3
servants,3
university,3
stark,3
drawing,3
gowing,3
access,3
relation,3
hopkins,3
having,3
degrees,3
coach,3
brought,3
souden,3
vacation,3
needlework,3
diversion,3
around,3
several,3
few,3
floating,3
usual,3
seats,3
saw,3
collection,3
interactions,3
att,3
single,3
oxford,3
included,3
ladyes,3
friend,3
rise,3
functioned,3
tour,3
participated,3
bowling,3
experienced,3
chandler,3
mintz,3
head,3
britons,3
patterns,3
purposes,3
shown,3
duties,3
spoke,3
distance,3
private,3
taylor,3
writings,3
sweetmeats,3
food,3
garments,3
stay,3
cottom,3
low,3
authors,3
times,3
allowed,3
would,3
period,3
pump,3
masculine,3
femininity,3
joanna,3
vickery,3
consumed,3
amanda,3
particular,3
johns,3
usually,3
seen,3
detailed,3
construction,3
michael,3
crowded,3
exchanged,3
associated,3
known,3
engfond,3
useful,3
receipts,3
natural,3
gale,3
novel,3
half,3
boasted,3
guidott,3
privileged,3
reflected,3
associations,3
merely,3
masculinized,3
according,3
purchase,3
males,3
vein,3
boys,3
suggests,3
wilcox,3
urban,3
size,3
pumps,3
naked,3
kin,3
despite,3
rochester,3
harrison,3
come,3
seates,3
betty,3
course,3
green,3
france,3
walking,3
specific,3
supported,3
mee,3
focus,3
immediately,3
drew,3
showed,3
disbursements,3
gold,3
archives,2
done,2
deny,2
since,2
either,2
busy,2
told,2
center,2
complex,2
bathe,2
kinds,2
enteenth,2
agency,2
bryan,2
undertaken,2
western,2
charitable,2
diving,2
em,2
nineteenth,2
chief,2
t,2
sources,2
davis,2
certainly,2
production,2
restoration,2
hinds,2
might,2
hire,2
worked,2
ourselves,2
j,2
confirmed,2
europe,2
wooden,2
accompanied,2
thro,2
feminism,2
wore,2
wealthy,2
date,2
gifts,2
babylondon,2
ity,2
segregated,2
sleeves,2
hilary,2
side,2
dr,2
fruit,2
doore,2
task,2
sought,2
sexual,2
hall,2
deal,2
illustrate,2
mutual,2
west,2
taking,2
say,2
goodey,2
sent,2
bowls,2
coot,2
ross,2
trumbull,2
tied,2
mid,2
guildhall,2
daughters,2
thus,2
selves,2
author,2
mine,2
interior,2
realized,2
g,2
neighbors,2
characteristic,2
brother,2
natalie,2
insisted,2
assured,2
expected,2
oliver,2
exercise,2
dering,2
simpson,2
subjects,2
six,2
houses,2
served,2
poem,2
networks,2
drawn,2
drank,2
drop,2
cookery,2
depths,2
walls,2
let,2
site,2
interesting,2
whose,2
pigments,2
collected,2
edward,2
gown,2
enghnd,2
demonstrates,2
risk,2
sarah,2
importance,2
leave,2
pages,2
read,2
thought,2
understand,2
flirtation,2
psychoanalytic,2
coffeehouse,2
toy,2
sick,2
clearly,2
section,2
air,2
numbers,2
argued,2
four,2
commonly,2
additional,2
surface,2
mordant,2
painted,2
thinke,2
englishwomen,2
manwaring,2
suggested,2
cut,2
stands,2
artistic,2
watchful,2
walk,2
smell,2
typical,2
frye,2
p,2
seven,2
rooms,2
gendering,2
events,2
insisting,2
eat,2
illness,2
poetry,2
further,2
ann,2
understood,2
mainly,2
treat,2
moore,2
produced,2
venue,2
cannot,2
applied,2
however,2
taught,2
public,2
shape,2
ascend,2
relatives,2
revealed,2
literature,2
douglas,2
bounded,2
addms,2
charity,2
imagined,2
reader,2
significantly,2
explains,2
example,2
data,2
whole,2
island,2
davies,2
records,2
documented,2
personal,2
away,2
manage,2
resort,2
approach,2
nose,2
creating,2
physician,2
love,2
contrast,2
specifically,2
hembry,2
migration,2
highly,2
revealing,2
routine,2
boundaries,2
lewis,2
mixing,2
generally,2
jordan,2
proper,2
mss,2
infants,2
avoid,2
tea,2
sidney,2
critical,2
therefore,2
churchill,2
may,2
coushon,2
populations,2
identified,2
labors,2
play,2
brief,2
shuttleton,2
carryed,2
object,2
etc,2
community,2
alms,2
caverly,2
parker,2
cake,2
year,2
guide,2
eral,2
springs,2
interpretation,2
fair,2
lemon,2
alongside,2
seeing,2
populated,2
neither,2
tain,2
complete,2
already,2
heterosexual,2
phyllis,2
mocked,2
volume,2
diary,2
members,2
neice,2
skill,2
business,2
skills,2
sells,2
treatment,2
bowels,2
shade,2
scholars,2
larger,2
bather,2
contends,2
froide,2
readers,2
hand,2
present,2
sylvia,2
hobby,2
mascuch,2
judith,2
perhaps,2
socialization,2
elaine,2
day,2
fundamentally,2
understanding,2
extended,2
caring,2
bear,2
herself,2
crafts,2
largely,2
autobiographical,2
diaries,2
exchange,2
services,2
maid,2
trade,2
sev,2
clear,2
individualized,2
b,2
som,2
workers,2
travels,2
individual,2
him,2
wett,2
interacted,2
black,2
bga,2
trying,2
eyes,2
pro,2
vacationing,2
torians,2
enjoyed,2
analysis,2
looked,2
luxury,2
occupied,2
attend,2
tadmor,2
attention,2
widely,2
separate,2
engknd,2
carried,2
lacquer,2
puppet,2
education,2
provide,2
deborah,2
means,2
traveled,2
hope,2
ing,2
centuries,2
face,2
susan,2
case,2
entertain,2
claims,2
dissertation,2
undertook,2
contained,2
then,2
cakes,2
indeterminate,2
material,2
comes,2
garment,2
founded,2
word,2
regime,2
charles,2
preserves,2
patients,2
mclntyre,2
set,2
der,2
mirrors,2
sure,2
worth,2
connection,2
seem,2
walke,2
best,2
tandem,2
argue,2
cures,2
particularly,2
past,2
works,2
mcintyre,2
following,2
circles,2
adults,2
want,2
min,2
lottery,2
theory,2
amy,2
gardens,2
information,2
almost,2
listed,2
feminized,2
art,2
fourteen,2
scold,2
martha,2
poems,2
preserved,2
careful,2
jerrold,2
recipients,2
eleanor,2
step,2
zemon,2
coins,2
frances,2
promoted,2
leke,2
canvas,2
brampton,2
watter,2
notes,2
naomi,2
product,2
gen,2
maids,2
effects,2
area,2
increased,2
anonymous,2
offered,2
cousin,2
items,2
elites,2
create,2
texts,2
kim,2
images,2
attendance,2
built,2
frequent,1
intimately,1
does,1
mitted,1
margins,1
now,1
fined,1
helped,1
meanetyme,1
medicinal,1
embroidering,1
triple,1
personally,1
page,1
obligations,1
declared,1
implying,1
individuality,1
bonding,1
donor,1
clutched,1
totnes,1
tion,1
groups,1
medium,1
faced,1
arches,1
ready,1
unpleasant,1
deepen,1
concern,1
dangers,1
everyone,1
administered,1
affected,1
fingers,1
jane,1
legg,1
repre,1
worthy,1
red,1
postures,1
inflamation,1
appear,1
distributed,1
ileging,1
reflective,1
expect,1
sympathetic,1
scorbutick,1
clung,1
greensickness,1
shoulders,1
traded,1
properly,1
tend,1
designed,1
uncomfortable,1
advised,1
locked,1
formed,1
ents,1
cherished,1
asserted,1
usefully,1
uniquely,1
med,1
true,1
sets,1
ways,1
h,1
severall,1
di,1
completely,1
enacting,1
nieces,1
nakedly,1
notwithstanding,1
joynts,1
exchanging,1
sitt,1
cific,1
lawns,1
endured,1
wifery,1
brim,1
equated,1
locale,1
cured,1
stare,1
holding,1
physicians,1
observing,1
ucts,1
tells,1
husbands,1
pots,1
remedy,1
elbow,1
siblings,1
something,1
uality,1
rosemary,1
instructing,1
descriptions,1
ingredients,1
source,1
absence,1
lure,1
leads,1
arms,1
highlight,1
clambered,1
gesting,1
round,1
said,1
concepts,1
cast,1
lame,1
explaining,1
exacting,1
earl,1
socioeconomically,1
philosophers,1
long,1
cised,1
gally,1
wool,1
baked,1
preceding,1
anon,1
statuary,1
buoyant,1
individualist,1
give,1
discursively,1
viewer,1
rapid,1
conflict,1
piggs,1
meaning,1
feminize,1
burlington,1
externally,1
seems,1
nature,1
sulphurous,1
dramatically,1
cial,1
shaped,1
height,1
attractive,1
vet,1
tradition,1
stringent,1
tudor,1
explores,1
room,1
examination,1
desire,1
aloft,1
reasons,1
accumulated,1
emotion,1
rich,1
arises,1
admittedly,1
borne,1
fruits,1
lative,1
revived,1
thanks,1
hundred,1
onto,1
enameled,1
beds,1
munal,1
swim,1
loves,1
unto,1
help,1
coffee,1
fresh,1
cavorting,1
reated,1
baules,1
cowan,1
raised,1
robert,1
creativity,1
fearfully,1
reading,1
burney,1
deserve,1
visibility,1
satire,1
context,1
ad,1
paying,1
seemes,1
con,1
takes,1
manipu,1
dancing,1
gilt,1
plaint,1
bakes,1
roy,1
worke,1
fiction,1
historians,1
robes,1
pub,1
america,1
correspondents,1
draw,1
right,1
representations,1
gough,1
reminder,1
indirectly,1
serjeant,1
porter,1
caterina,1
loged,1
therapeutic,1
distributing,1
drawers,1
littel,1
cares,1
promenades,1
implies,1
marked,1
pre,1
embroidery,1
leicester,1
significance,1
pretend,1
counterpoint,1
flummery,1
lodging,1
darken,1
ings,1
insight,1
richard,1
potts,1
rubin,1
arenas,1
apocalyptic,1
evelina,1
purchases,1
indigent,1
peaches,1
drunk,1
except,1
reflecting,1
rela,1
inskip,1
treating,1
ideologically,1
pairs,1
conception,1
touchet,1
overlooking,1
cole,1
along,1
enter,1
roney,1
himself,1
mingle,1
ritual,1
brew,1
empha,1
forged,1
holland,1
deserted,1
londoners,1
behavior,1
cheese,1
shut,1
visits,1
monday,1
guilty,1
karen,1
avenues,1
complained,1
central,1
historical,1
married,1
bracketed,1
constructed,1
sumer,1
fun,1
surely,1
purportedly,1
southwestern,1
christiane,1
clingy,1
component,1
difficulties,1
perambulation,1
wold,1
attest,1
medicines,1
hir,1
run,1
surrounded,1
herbs,1
due,1
psy,1
against,1
visited,1
freighted,1
pursuit,1
categorized,1
de,1
doctor,1
choanalytically,1
scarce,1
ireland,1
neptun,1
authoritative,1
dozen,1
faces,1
reminding,1
mixed,1
relations,1
paint,1
consumer,1
authers,1
afford,1
issued,1
leaf,1
shelburne,1
price,1
floyer,1
goodwife,1
seate,1
indigency,1
elars,1
topic,1
sore,1
fluids,1
candy,1
dence,1
unwilling,1
arena,1
taste,1
funds,1
dis,1
turn,1
estimates,1
old,1
evident,1
document,1
feminist,1
sized,1
amount,1
marriage,1
homes,1
flannell,1
races,1
lineage,1
suitable,1
kinship,1
personalit,1
twice,1
witnessed,1
ness,1
patronizing,1
undertaking,1
weight,1
ef,1
y,1
blue,1
benefitt,1
bennett,1
inconveneint,1
hatt,1
critique,1
patrons,1
wet,1
lengthy,1
entries,1
psychoanalysis,1
occasion,1
upkeep,1
hardly,1
generation,1
though,1
wl,1
sisters,1
virtuous,1
paste,1
intruded,1
purchasing,1
longing,1
jean,1
perce,1
mouldings,1
exten,1
aim,1
rights,1
dish,1
opposed,1
sixteen,1
keepe,1
carver,1
philadelphia,1
urged,1
confines,1
added,1
corks,1
upright,1
identification,1
card,1
soe,1
penelope,1
purely,1
theng,1
mestic,1
happily,1
stresses,1
coction,1
vided,1
bot,1
movers,1
almsfolk,1
gum,1
preparing,1
patronage,1
presentation,1
dow,1
broaden,1
conceptions,1
practiced,1
dubel,1
environments,1
goes,1
arm,1
activ,1
earlier,1
mile,1
flexible,1
thing,1
similar,1
assaulted,1
talk,1
strange,1
reassured,1
rediscover,1
aquatic,1
revelation,1
consuming,1
scribed,1
echoed,1
bers,1
white,1
limitation,1
babeye,1
almshouses,1
polite,1
moreover,1
onwards,1
bonds,1
tlemans,1
remarks,1
acerbically,1
conscious,1
wee,1
facilitated,1
canvass,1
londons,1
nightgown,1
improvement,1
sorts,1
statistical,1
reluctance,1
familiar,1
benefits,1
organized,1
peasant,1
yellow,1
slowly,1
broidery,1
proved,1
elsewhere,1
driven,1
rouse,1
monde,1
weather,1
record,1
house,1
excitement,1
shingles,1
frequented,1
profile,1
faith,1
upper,1
cousins,1
physiological,1
napping,1
stationed,1
ford,1
acknowledges,1
fashioned,1
ditz,1
origins,1
seale,1
readings,1
requested,1
downe,1
shop,1
always,1
rheumes,1
spins,1
refuge,1
hereafter,1
reconsideration,1
mix,1
averring,1
lengthen,1
willing,1
pupite,1
crucially,1
famed,1
respected,1
clemments,1
m,1
important,1
providing,1
ascrib,1
dren,1
ancient,1
advocated,1
sho,1
pany,1
lor,1
marta,1
pencil,1
thinks,1
union,1
retrieve,1
talking,1
expressed,1
skewed,1
extent,1
inappropriately,1
diverse,1
iniquity,1
expen,1
avid,1
medicine,1
habitually,1
method,1
accommodated,1
apothecary,1
color,1
toby,1
treatments,1
relating,1
danceinig,1
steaming,1
patrick,1
underneath,1
changed,1
crowd,1
curiosity,1
facilitate,1
teristics,1
noting,1
flipping,1
ornaments,1
amusing,1
vigorous,1
erset,1
markets,1
lent,1
eliding,1
coin,1
rians,1
afternoon,1
sword,1
equally,1
embarrassing,1
occupation,1
furthermore,1
grandmother,1
shall,1
cultural,1
vocational,1
jauntily,1
youthful,1
satten,1
skilled,1
culinary,1
weari,1
appears,1
recently,1
priorities,1
suffered,1
excellent,1
boyes,1
wealth,1
tal,1
placed,1
chal,1
educations,1
sport,1
procedures,1
spiritual,1
counties,1
watery,1
jessica,1
required,1
shepard,1
opposition,1
fruite,1
industrious,1
dive,1
pence,1
val,1
bakery,1
stations,1
near,1
scene,1
sustenance,1
expressions,1
maides,1
influenced,1
impression,1
aries,1
silver,1
kitchen,1
xix,1
gained,1
directly,1
candies,1
physick,1
basis,1
genre,1
relief,1
closed,1
sertation,1
destinations,1
wod,1
residents,1
swelled,1
mem,1
sug,1
stiff,1
carries,1
writers,1
nine,1
claim,1
distinctively,1
characterization,1
cleaning,1
training,1
civil,1
norm,1
bm,1
silks,1
related,1
pulls,1
lays,1
aged,1
wastcoates,1
ten,1
reminded,1
got,1
couch,1
sexually,1
describe,1
obscured,1
reynolds,1
broad,1
queens,1
calculating,1
keep,1
encour,1
speaking,1
transported,1
advertising,1
cry,1
regional,1
anything,1
intersections,1
participate,1
showing,1
preparation,1
stanford,1
injunctions,1
interpreted,1
memoirs,1
definitions,1
harding,1
weeks,1
healing,1
indulg,1
knoen,1
washing,1
frivolity,1
donic,1
raffleing,1
suffused,1
aided,1
makes,1
sociable,1
callaghan,1
accused,1
least,1
ratios,1
hydrotherapeutic,1
becaues,1
stick,1
working,1
carriage,1
manners,1
ego,1
buildings,1
reinforces,1
talked,1
individualism,1
prevalence,1
poet,1
next,1
clothes,1
discourse,1
emerging,1
event,1
involved,1
lye,1
affluent,1
dried,1
het,1
leland,1
autonomy,1
sufficient,1
mineral,1
pregnant,1
multiple,1
concerns,1
choose,1
erosexual,1
reputation,1
bridge,1
wafers,1
ladyship,1
cool,1
acts,1
varnish,1
thereby,1
mummied,1
spices,1
ointments,1
protect,1
multiva,1
potent,1
plasent,1
sexualized,1
goe,1
incurred,1
customary,1
condemned,1
sweete,1
dough,1
seed,1
cites,1
majority,1
purpose,1
wife,1
filling,1
using,1
brag,1
ornamented,1
deepened,1
marry,1
seg,1
structured,1
bcl,1
annex,1
inform,1
am,1
rest,1
recompense,1
coulers,1
promising,1
behalf,1
society,1
colers,1
lection,1
prescribed,1
benches,1
nonethe,1
maynwaring,1
soaking,1
risking,1
fa,1
furnished,1
ical,1
milial,1
demand,1
observations,1
slaughterhouse,1
pickpockets,1
practices,1
neer,1
various,1
accompa,1
liquours,1
tively,1
incline,1
covet,1
shields,1
short,1
service,1
brian,1
overall,1
labeled,1
subject,1
gentlewomen,1
description,1
return,1
refigured,1
qual,1
edges,1
drops,1
brings,1
glasses,1
sleepiness,1
attempt,1
sar,1
still,1
preferences,1
says,1
calculated,1
indicates,1
wilmot,1
initially,1
outer,1
womb,1
modes,1
swarm,1
artist,1
austen,1
seemingly,1
resurrection,1
cultivate,1
inhabited,1
religious,1
tends,1
licentious,1
needleworke,1
woolley,1
once,1
patches,1
cheap,1
fevers,1
depicted,1
japanned,1
simultaneous,1
apples,1
joshua,1
needleworkers,1
miscellany,1
portrayed,1
auspices,1
museum,1
gentlewomans,1
folder,1
towards,1
rules,1
nosegay,1
serve,1
soon,1
east,1
childcare,1
bowes,1
disparage,1
lukes,1
salient,1
conveying,1
adjusted,1
diversions,1
perspectives,1
light,1
supplied,1
eliza,1
refine,1
friendship,1
tionary,1
baltimore,1
dan,1
literally,1
al,1
largest,1
nutmegs,1
sulibubs,1
department,1
touching,1
friendly,1
emotional,1
cum,1
lined,1
mention,1
increasingly,1
maintained,1
sector,1
popet,1
boyles,1
cream,1
chose,1
froth,1
lavish,1
ale,1
walled,1
oral,1
fanny,1
visitor,1
tensively,1
name,1
carrawayes,1
haviors,1
french,1
grasp,1
technique,1
stated,1
popularity,1
journey,1
links,1
death,1
riseth,1
foil,1
put,1
decorative,1
candied,1
addition,1
projects,1
residence,1
togather,1
sucking,1
gentle,1
fori,1
corked,1
herbert,1
speaks,1
tradeswoman,1
ogborn,1
communal,1
fact,1
ceramic,1
valid,1
tos,1
lives,1
scarlett,1
striking,1
foods,1
scolded,1
copied,1
appeared,1
match,1
occupations,1
wouden,1
angry,1
break,1
hear,1
surfaces,1
submersion,1
partic,1
overwhelmingly,1
substantially,1
ribbons,1
utilize,1
carmine,1
entertained,1
vt,1
forms,1
outside,1
drinking,1
learn,1
rabbets,1
signifying,1
brawny,1
couldn,1
float,1
understandings,1
plained,1
taile,1
relevant,1
celebrated,1
wade,1
renaissance,1
less,1
hosking,1
chil,1
dance,1
relayed,1
hu,1
walcot,1
parted,1
reconstructing,1
showcased,1
tun,1
needham,1
alleviated,1
mechanically,1
number,1
nied,1
going,1
ogbom,1
embroidered,1
exhalation,1
degree,1
tarts,1
parlor,1
wrapped,1
bateman,1
years,1
autobiography,1
local,1
grouping,1
crown,1
exploring,1
church,1
hamper,1
spending,1
freinds,1
divided,1
sewing,1
session,1
robertson,1
examples,1
treated,1
unwelcome,1
accompanying,1
legs,1
courtiers,1
brims,1
flannel,1
fictional,1
arose,1
hannah,1
bason,1
enormous,1
couler,1
manufactured,1
tcb,1
looking,1
periences,1
bequeathed,1
clustered,1
ucla,1
lenges,1
genial,1
wellcome,1
faring,1
encouraged,1
mistresses,1
genders,1
bears,1
exer,1
expression,1
combining,1
reputa,1
sink,1
induc,1
flings,1
bowle,1
gilder,1
butt,1
tumble,1
ideas,1
bed,1
pleasure,1
lows,1
joiner,1
rare,1
engaged,1
individuals,1
histo,1
tradespeople,1
manages,1
trip,1
full,1
marlborough,1
stayed,1
dockter,1
theories,1
necessitated,1
prod,1
vermillion,1
theoretical,1
solitude,1
ties,1
reanaissance,1
grassy,1
discovered,1
loosely,1
receptacles,1
andrews,1
increment,1
mode,1
painte,1
ufe,1
points,1
dominated,1
decorated,1
essay,1
pd,1
prity,1
amounts,1
audiences,1
christopher,1
verdant,1
ingredi,1
amusements,1
someone,1
characterized,1
supplying,1
meates,1
attribution,1
vieth,1
depiction,1
housed,1
indigents,1
salves,1
feare,1
dry,1
aney,1
profitably,1
filled,1
households,1
greens,1
conversation,1
fancy,1
ascending,1
provides,1
ep,1
construct,1
instruction,1
ap,1
leg,1
never,1
sojourn,1
prescrip,1
educational,1
graphic,1
comparing,1
somehow,1
sured,1
entertaine,1
k,1
geographies,1
methods,1
chapel,1
constructing,1
feet,1
aforesaid,1
soaked,1
editors,1
craft,1
businesses,1
sight,1
decorating,1
newcastle,1
plans,1
vulgarly,1
incompatible,1
cling,1
compnyn,1
eggs,1
owne,1
wills,1
enthusiastically,1
trades,1
seeking,1
assistants,1
rhetorical,1
advertisement,1
slightly,1
horse,1
hunter,1
italy,1
workshop,1
partridge,1
figures,1
versus,1
invented,1
tendency,1
fitzharding,1
connections,1
engagement,1
joint,1
empowerment,1
insignificant,1
conveyed,1
tarns,1
political,1
raffling,1
psychrolousia,1
behind,1
convincingly,1
misce,1
fenton,1
limiting,1
incongruous,1
kaplan,1
memorial,1
lo,1
verses,1
applications,1
abundance,1
cattarrhe,1
initials,1
raise,1
note,1
ularly,1
continued,1
ofren,1
yorks,1
sometimes,1
crucial,1
five,1
practical,1
suggestive,1
bound,1
claimed,1
tay,1
fear,1
hill,1
employment,1
vague,1
handcraft,1
inside,1
alternate,1
urges,1
widespread,1
institutions,1
goeing,1
referred,1
blenheim,1
inviting,1
attributions,1
festival,1
accommodating,1
parsons,1
importantly,1
nay,1
originated,1
indicate,1
covering,1
length,1
payment,1
changes,1
es,1
strive,1
cleare,1
fe,1
authorship,1
gett,1
fostered,1
wheeler,1
wives,1
composed,1
bypass,1
muted,1
urbanization,1
citizens,1
exists,1
instances,1
bestow,1
itself,1
gilding,1
sweetness,1
mirror,1
unusual,1
sents,1
confessed,1
seat,1
meant,1
explicit,1
reposed,1
recipient,1
yonge,1
containers,1
praise,1
sexes,1
thinking,1
growing,1
forum,1
lic,1
flirt,1
soak,1
version,1
form,1
changing,1
preciation,1
comparison,1
albano,1
suggestively,1
eate,1
solitary,1
rigidly,1
precise,1
handkerchief,1
quotes,1
traub,1
wheather,1
md,1
symbol,1
minerals,1
peel,1
ry,1
pumpt,1
hospitality,1
quickly,1
feelings,1
know,1
fessed,1
bri,1
rated,1
ran,1
beau,1
privacy,1
tainment,1
whare,1
frequency,1
dare,1
allotted,1
guaranteed,1
paper,1
almshouse,1
lying,1
chis,1
farthings,1
interested,1
believe,1
capital,1
entertainments,1
restrictive,1
dur,1
emergence,1
rousham,1
lodgings,1
thy,1
rearing,1
domestic,1
ideological,1
milk,1
starched,1
housekeeper,1
torically,1
grind,1
perfectly,1
edible,1
fills,1
countrified,1
childlike,1
examining,1
identities,1
differed,1
wood,1
pictures,1
pour,1
rural,1
quoted,1
passage,1
assessment,1
punishes,1
interactive,1
hint,1
kitching,1
towing,1
cal,1
priv,1
miri,1
didn,1
born,1
commodity,1
inmates,1
spaw,1
carefully,1
reign,1
stoke,1
month,1
combined,1
whether,1
rose,1
tended,1
shepheard,1
offering,1
ion,1
laying,1
making,1
galliou,1
cause,1
varying,1
lane,1
quote,1
imposed,1
nearby,1
validate,1
geo,1
mere,1
sively,1
confectionary,1
design,1
gambling,1
instrument,1
limbs,1
wemen,1
pursued,1
advise,1
rationality,1
balance,1
richness,1
fare,1
nuances,1
w,1
tongues,1
ascertain,1
selwood,1
categories,1
travel,1
popular,1
vessels,1
agreeable,1
socioeconomic,1
bodies,1
bought,1
neck,1
paintings,1
presented,1
whence,1
porridge,1
age,1
recognition,1
prick,1
ill,1
joining,1
pleated,1
prevalent,1
activated,1
beer,1
siphon,1
press,1
became,1
role,1
antagonism,1
singlewomen,1
paddled,1
easy,1
propertied,1
erisipelas,1
buy,1
techniques,1
intended,1
assumptions,1
rigid,1
re,1
acute,1
matches,1
james,1
clothing,1
pound,1
families,1
socializing,1
pepys,1
ennes,1
world,1
allows,1
exploit,1
hedonism,1
evidenced,1
representation,1
compan,1
containing,1
think,1
varied,1
tions,1
pair,1
formation,1
layers,1
moderate,1
tell,1
models,1
inclusiveness,1
argument,1
touch,1
unable,1
fi,1
formal,1
gib,1
injured,1
reveals,1
lands,1
unexpectedly,1
walkowitz,1
genres,1
slashed,1
october,1
ailments,1
ebsem,1
internally,1
frame,1
write,1
catherine,1
aristocratic,1
wish,1
teraction,1
include,1
define,1
journ,1
socially,1
fruitfulness,1
need,1
manufacture,1
guiding,1
smaller,1
obscurity,1
states,1
puff,1
brewsters,1
voluntary,1
oversaw,1
chastised,1
enclosure,1
seventeenthand,1
roughly,1
experyenced,1
worried,1
traveling,1
explore,1
charac,1
privileging,1
searching,1
cleaner,1
race,1
substitute,1
fol,1
alexandra,1
doubling,1
endnotes,1
cozen,1
tastes,1
chicago,1
chos,1
individualistic,1
experiential,1
sharing,1
flirtatious,1
puts,1
valley,1
evi,1
shuts,1
corn,1
lecherous,1
traditional,1
music,1
visibly,1
glance,1
strong,1
uk,1
seek,1
jor,1
cive,1
observed,1
rude,1
owners,1
laborers,1
cross,1
promiscuously,1
virtue,1
building,1
col,1
conversations,1
linen,1
draft,1
confec,1
spe,1
willis,1
chaperoning,1
