WORDCOUNTS,WEIGHT
the,844
of,577
in,345
and,341
to,275
a,202
that,113
as,98
by,96
is,89
was,77
it,76
with,76
for,74
which,72
social,68
this,60
be,60
on,58
dress,55
not,55
fashion,52
clothing,51
century,48
s,45
from,43
are,41
but,41
at,40
i,39
new,37
see,37
or,35
were,35
also,32
one,31
history,31
an,31
de,30
have,29
their,27
time,27
his,26
other,26
e,25
change,25
men,25
who,25
those,24
clothes,23
so,23
some,22
sixteenth,22
during,22
these,22
more,22
there,20
changes,20
modern,19
il,19
he,19
between,18
they,17
sumptuary,17
seems,17
hierarchy,17
economic,17
made,17
would,17
black,17
them,17
all,16
wages,16
quoted,16
del,16
world,16
appearances,16
european,16
been,16
vecellio,16
castiglione,16
consumption,16
di,15
into,15
london,15
can,15
goods,15
early,15
such,14
could,14
has,14
society,14
power,14
what,14
first,13
fabrics,13
civilization,13
york,13
age,13
however,13
winter,13
us,13
many,13
ing,13
very,13
if,12
italy,12
europe,12
point,12
regards,12
della,12
than,12
without,12
most,12
milan,12
appearance,12
prices,12
when,12
up,12
styles,12
we,12
la,12
according,12
laws,11
journal,11
period,11
no,11
used,11
renaissance,11
style,11
classes,11
libro,11
especially,11
cloth,11
being,10
england,10
montaigne,10
rather,10
edition,10
out,10
nobles,10
because,10
status,10
published,10
production,10
real,10
costume,10
hunt,10
wear,10
over,10
seem,10
while,10
our,10
much,10
should,10
way,9
great,9
indeed,9
vries,9
even,9
purchasing,9
l,9
consuming,9
had,9
well,9
silk,9
work,9
about,9
passions,9
two,9
governance,9
cambridge,9
cortegiano,9
tendency,9
known,9
oxford,9
did,9
past,9
moda,8
now,8
antichi,8
introduction,8
dressing,8
author,8
how,8
means,8
nor,8
habiti,8
cost,8
important,8
example,8
least,8
philip,8
moderni,8
culture,8
same,8
only,8
another,8
editor,8
increase,8
good,8
after,8
increasing,8
considered,8
both,8
city,8
years,8
tion,7
consume,7
english,7
political,7
allen,7
thus,7
consumer,7
general,7
casa,7
et,7
long,7
venice,7
will,7
therefore,7
breward,7
law,7
idea,7
hand,7
less,7
michel,7
him,7
distinction,7
editors,7
class,7
must,7
introduced,7
industry,6
western,6
habits,6
women,6
fabric,6
together,6
feature,6
within,6
taste,6
though,6
shammas,6
studies,6
moreover,6
greater,6
found,6
ribeiro,6
wealth,6
part,6
its,6
order,6
gentleman,6
attention,6
second,6
under,6
noted,6
rise,6
towards,6
jan,6
end,6
man,6
do,6
paris,6
income,6
orsi,6
fourteenth,6
morality,6
trend,6
spread,6
landini,6
un,6
then,6
half,6
living,6
course,6
need,6
france,6
per,5
considerations,5
every,5
wool,5
rich,5
state,5
system,5
case,5
italian,5
himself,5
review,5
items,5
old,5
may,5
identification,5
en,5
cesare,5
abuses,5
schwarz,5
nobilt,5
back,5
essais,5
hierarchies,5
garments,5
having,5
people,5
showing,5
things,5
contrast,5
decline,5
provided,5
paulicelli,5
reduction,5
rome,5
aim,5
newe,5
love,5
wage,5
stubbes,5
smith,5
velluti,5
habit,5
worn,5
italia,5
where,5
use,5
courtier,5
significance,5
times,5
like,5
donati,5
walsh,5
life,5
accounts,5
engfond,5
different,5
hosiery,5
cyclical,5
garmentes,5
better,5
schuurman,5
extent,5
treatises,5
baldassar,5
through,5
went,5
phenomenon,5
coming,5
mode,5
crisis,5
richard,5
you,5
roberta,5
c,5
traditional,5
re,5
among,5
recent,5
himselfe,5
frequent,4
difficult,4
groups,4
market,4
manuscript,4
true,4
treatise,4
braunstein,4
permitted,4
lower,4
said,4
ii,4
taken,4
attempt,4
j,4
book,4
moderna,4
confusion,4
products,4
harvey,4
wealthy,4
m,4
stallybrass,4
propensity,4
far,4
throughout,4
interest,4
adopted,4
kind,4
elements,4
compared,4
jones,4
van,4
higher,4
divergence,4
colour,4
facions,4
main,4
basic,4
similar,4
apparel,4
wee,4
consider,4
too,4
show,4
textile,4
beyond,4
poldi,4
velvet,4
view,4
behaviour,4
societies,4
typical,4
produced,4
wide,4
delle,4
possibility,4
expensive,4
distinguish,4
los,4
data,4
nu,4
place,4
wearer,4
revolution,4
mediterranean,4
fashions,4
commonweal,4
demand,4
identified,4
giovanni,4
above,4
comments,4
dialogo,4
suited,4
already,4
again,4
others,4
available,4
fact,4
areas,4
mondo,4
present,4
material,4
books,4
braudel,4
evolution,4
workers,4
pastoureau,4
standard,4
thomas,4
probably,4
banquier,4
goldthwaite,4
institution,4
me,4
institutions,4
success,4
discourse,4
often,4
types,4
centuries,4
currie,4
matters,4
following,4
series,4
simmel,4
mis,4
nobility,4
innovations,4
cities,4
historical,4
making,4
cheaper,4
particular,4
shakespeare,4
museo,4
middle,4
careful,4
role,4
die,4
da,4
conditions,4
institutional,4
land,4
d,4
evidence,4
area,4
themselves,4
supply,4
william,4
go,3
does,3
dewar,3
germany,3
complex,3
mobility,3
creanza,3
amongst,3
turning,3
t,3
give,3
later,3
tradition,3
desire,3
reasons,3
able,3
reveal,3
help,3
mind,3
robert,3
techniques,3
number,3
context,3
issue,3
con,3
plain,3
vestire,3
adopting,3
consumers,3
cited,3
framework,3
que,3
merchants,3
quality,3
knitted,3
against,3
mixed,3
afford,3
kamen,3
roche,3
rank,3
david,3
further,3
young,3
reference,3
belfanti,3
truly,3
y,3
drawn,3
brescia,3
look,3
industries,3
influence,3
poor,3
essential,3
act,3
observers,3
growth,3
prince,3
process,3
goes,3
risk,3
ex,3
generalised,3
certain,3
costs,3
leave,3
strange,3
dialogue,3
enacted,3
alessandro,3
praise,3
wearing,3
elisabeth,3
clearly,3
gradually,3
mary,3
gafoteo,3
venetian,3
follow,3
putting,3
strategy,3
expressed,3
based,3
whom,3
inequality,3
called,3
color,3
flanders,3
effort,3
conspicuous,3
commoners,3
furthermore,3
shall,3
cannot,3
your,3
industrious,3
scene,3
revealed,3
writers,3
purpose,3
civil,3
whole,3
produzione,3
abbigliamento,3
mantua,3
legislation,3
employed,3
custome,3
p,3
muche,3
around,3
spanish,3
revealing,3
olde,3
observe,3
research,3
distinguished,3
goe,3
geographical,3
bee,3
variety,3
various,3
short,3
limited,3
pezzoli,3
intervention,3
innovation,3
donne,3
yet,3
opportunities,3
sex,3
ovvero,3
raffaella,3
apparaile,3
lord,3
knitwear,3
illustrated,3
eugenia,3
french,3
suit,3
put,3
burgundy,3
limit,3
woollen,3
regulation,3
john,3
considerable,3
took,3
anatomie,3
reflected,3
alan,3
sir,3
piccolomini,3
examples,3
bear,3
patricia,3
expression,3
dye,3
neyther,3
previous,3
described,3
trade,3
clear,3
reputation,3
peter,3
serious,3
individual,3
characterised,3
started,3
accurate,3
latter,3
ages,3
become,3
effect,3
spain,3
thirsk,3
dresses,3
carried,3
effectively,3
transformation,3
galateo,3
puis,3
coat,3
constant,3
changing,3
ever,3
set,3
der,3
know,3
roman,3
shoulde,3
best,3
down,3
appeere,3
expense,3
iii,3
indignant,3
pictures,3
just,3
type,3
prescribing,3
hose,3
economy,3
whether,3
offering,3
theory,3
her,3
art,3
given,3
became,3
federico,3
subject,3
results,3
using,3
maintained,3
representation,3
shown,3
moralists,3
public,3
include,3
although,3
increased,3
teenth,3
carole,3
lorena,3
observed,3
close,3
inventories,3
household,3
final,2
woven,2
stefano,2
apparire,2
oriented,2
common,2
deceulaer,2
concerned,2
adopt,2
ready,2
accessories,2
determine,2
implies,2
budget,2
adoption,2
wyll,2
considerably,2
berlin,2
likewise,2
advised,2
stone,2
likely,2
vous,2
motivation,2
ways,2
expenditure,2
acceptance,2
policy,2
position,2
lindert,2
before,2
eye,2
princeton,2
chief,2
du,2
proclamation,2
came,2
consistent,2
anything,2
sources,2
distinguishing,2
rapid,2
emerged,2
geografia,2
editions,2
confirmed,2
hoffman,2
follows,2
borne,2
thanks,2
court,2
room,2
take,2
achieved,2
loose,2
date,2
precisely,2
henry,2
signs,2
daniel,2
longe,2
side,2
existence,2
classifying,2
anye,2
expenses,2
meditenanean,2
soldier,2
fitting,2
marked,2
activity,2
xv,2
entrepreneurs,2
illustrate,2
reaching,2
sale,2
segments,2
ings,2
fine,2
apart,2
say,2
sent,2
dynamic,2
yf,2
capitalism,2
owen,2
paresys,2
holland,2
human,2
lon,2
dei,2
explained,2
dynamics,2
development,2
points,2
since,2
refotions,2
sumers,2
lidea,2
finally,2
specialised,2
issued,2
difficulty,2
tunics,2
dence,2
aparencia,2
kersey,2
thing,2
late,2
body,2
speed,2
holds,2
wont,2
fash,2
find,2
warned,2
swords,2
guazzo,2
consumerism,2
guido,2
spanyshe,2
ado,2
lesser,2
hamlet,2
interesting,2
fibres,2
uncon,2
whose,2
flexibly,2
bring,2
aimed,2
joan,2
levels,2
hughes,2
una,2
outward,2
earlier,2
importance,2
se,2
derived,2
direct,2
witness,2
echoed,2
rules,2
productive,2
factors,2
precious,2
howe,2
underline,2
support,2
brunswick,2
finer,2
vanit,2
possibly,2
flexibility,2
les,2
presumably,2
jacks,2
n,2
imitation,2
contemporaries,2
downs,2
recognising,2
matthaus,2
ups,2
followed,2
cotton,2
generally,2
carlo,2
oures,2
decades,2
cut,2
appear,2
standards,2
result,2
legislative,2
lead,2
memory,2
included,2
tra,2
dribe,2
ambition,2
attack,2
rinnovamento,2
betwixt,2
eat,2
shoes,2
inter,2
aboute,2
term,2
equally,2
italians,2
war,2
bore,2
intensity,2
fashionable,2
nothing,2
occidentale,2
explain,2
hath,2
nant,2
information,2
criteria,2
hairstyles,2
reader,2
brought,2
costumes,2
blacke,2
vercellio,2
gender,2
description,2
got,2
realm,2
fit,2
refined,2
contains,2
call,2
divided,2
attributed,2
thread,2
bought,2
commerce,2
indicator,2
level,2
hard,2
working,2
le,2
bengtsson,2
sharp,2
family,2
dealers,2
investigations,2
always,2
condemned,2
necessity,2
apparences,2
paid,2
rest,2
reducing,2
avoid,2
cloaths,2
periods,2
chapman,2
led,2
situation,2
georg,2
nation,2
reduced,2
matter,2
noble,2
fernand,2
wrote,2
overall,2
might,2
forward,2
female,2
death,2
still,2
expanded,2
newton,2
probate,2
interpretation,2
doe,2
noth,2
continuity,2
grimes,2
home,2
antwerp,2
baltimore,2
belonging,2
raffaeua,2
gentlemen,2
exploit,2
sector,2
sorte,2
mark,2
renewed,2
levin,2
shows,2
ghent,2
jours,2
taxonomy,2
claudio,2
choice,2
knowe,2
reasoning,2
break,2
everything,2
doubt,2
variation,2
discussed,2
alvarino,2
innovative,2
accepted,2
tre,2
strategies,2
necessary,2
guildsmen,2
perhaps,2
woman,2
ordinary,2
going,2
baldassarre,2
manne,2
birth,2
upon,2
range,2
allerston,2
including,2
elite,2
lowe,2
varying,2
empirical,2
crease,2
significant,2
food,2
station,2
maglie,2
survey,2
weare,2
eccentric,2
sible,2
conversazione,2
princess,2
criticised,2
moral,2
modem,2
authors,2
furnishings,2
profession,2
lady,2
pos,2
summer,2
brewer,2
collected,2
obtained,2
probable,2
permitting,2
ap,2
sight,2
availability,2
structure,2
extravagance,2
artisans,2
bella,2
moderno,2
ago,2
vain,2
states,2
calze,2
circle,2
centres,2
chance,2
isabelle,2
alternate,2
male,2
slow,2
seen,2
translation,2
lawrence,2
volumes,2
suche,2
es,2
analysis,2
wives,2
citizens,2
beste,2
princes,2
pp,2
kuchta,2
wars,2
any,2
finest,2
virt,2
offered,2
sciences,2
here,2
servingmen,2
each,2
country,2
paper,2
believe,2
tutto,2
thy,2
particularly,2
cortigiano,2
associated,2
fail,2
speake,2
merely,2
faithfully,2
beginning,2
colours,2
game,2
combined,2
garment,2
agricultural,2
woulde,2
ruin,2
earners,2
porter,2
apparell,2
don,2
ascertain,2
freedom,2
tailors,2
code,2
recognition,2
excesses,2
buy,2
transition,2
sion,2
pronta,2
merchant,2
manufacturing,2
ranks,2
families,2
varied,2
come,2
profitable,2
question,2
devoted,2
milano,2
enforcement,2
difference,2
reveals,2
lands,2
advent,2
decrease,2
frame,2
accept,2
aware,2
hym,2
rango,2
reg,2
eighteenth,2
product,2
writer,2
off,2
summary,2
anonymous,2
supported,2
vanity,2
varietie,2
chicago,2
accountant,2
anton,2
building,2
linen,2
customs,2
costly,2
perspicacious,1
addiction,1
summed,1
saie,1
emulate,1
ndel,1
corteggiano,1
literal,1
ments,1
emperor,1
distinci,1
complaint,1
formulated,1
fined,1
possessed,1
breechlesse,1
arredamento,1
lite,1
done,1
flow,1
marten,1
brooch,1
cent,1
behavioural,1
cesar,1
declared,1
sorowe,1
ambivalence,1
medieval,1
overthrowing,1
centur,1
generous,1
corruption,1
sonable,1
imported,1
miscellanea,1
till,1
created,1
commitment,1
mimeo,1
showy,1
truth,1
represent,1
judging,1
tory,1
everyone,1
extreme,1
pru,1
resulted,1
soci,1
ferdinand,1
legitimate,1
mennes,1
trans,1
worthy,1
vitious,1
liquidity,1
busy,1
vogue,1
diane,1
infatuates,1
reigning,1
alternation,1
succession,1
rubies,1
mar,1
starts,1
diferencien,1
nental,1
group,1
becoming,1
reflection,1
large,1
settlements,1
enlightening,1
manye,1
replaced,1
veux,1
sarze,1
fittingly,1
fate,1
fed,1
trachtenb,1
nostalgia,1
elissa,1
maketh,1
designed,1
unwinds,1
referring,1
garishe,1
formed,1
vigour,1
authority,1
asserted,1
harald,1
philippe,1
denmark,1
nio,1
approaches,1
sudden,1
diversement,1
frenche,1
fra,1
woorthinesse,1
respectability,1
han,1
ascq,1
vor,1
proclaims,1
earnings,1
assumption,1
former,1
contention,1
hair,1
clas,1
necessarily,1
harsh,1
occurred,1
tagonists,1
kawamura,1
ambitious,1
observing,1
conversatione,1
sys,1
contented,1
criticizing,1
interpretative,1
nineteenth,1
something,1
induced,1
edu,1
arguing,1
contact,1
leads,1
arms,1
experience,1
cheiron,1
firmness,1
doeth,1
member,1
tecniche,1
disctinctive,1
ideas,1
passion,1
else,1
decidedly,1
esteamed,1
www,1
duglass,1
marco,1
children,1
montchrestien,1
invention,1
fast,1
laufsteg,1
vos,1
certainly,1
weene,1
fifteenth,1
regulating,1
discommende,1
welch,1
reclassify,1
tighten,1
exaggerated,1
edict,1
processes,1
military,1
motivations,1
zivilizationprocess,1
thyng,1
bour,1
horsebacke,1
affordable,1
funerals,1
dreams,1
venturelli,1
majesty,1
nature,1
departure,1
velluto,1
peruvians,1
comedy,1
words,1
definition,1
loom,1
frederick,1
cial,1
reach,1
principles,1
scientists,1
tem,1
twenty,1
exhibitions,1
conformity,1
suggesting,1
quali,1
poverty,1
display,1
vention,1
thank,1
differences,1
wave,1
emotion,1
normative,1
shot,1
vecchio,1
studied,1
jewellery,1
roused,1
sticke,1
link,1
matrona,1
hundred,1
ph,1
concludes,1
ol,1
jacket,1
hunting,1
fuor,1
trajes,1
kingdom,1
concealment,1
deemed,1
meanest,1
lachettes,1
introduces,1
fresh,1
aun,1
inablility,1
alfano,1
rodini,1
improved,1
tablished,1
priest,1
biblioth,1
bleu,1
secondly,1
raised,1
reserved,1
seriousness,1
shew,1
normal,1
nal,1
decreased,1
diversify,1
discipline,1
somewhat,1
stearns,1
forerunner,1
lution,1
olian,1
tell,1
el,1
papers,1
taining,1
tragedy,1
broughte,1
majority,1
proposals,1
depends,1
coulde,1
growing,1
arayed,1
est,1
ascribed,1
wardrobe,1
ornamen,1
roy,1
virgini,1
owing,1
jenkins,1
necessar,1
espace,1
daunce,1
duringat,1
task,1
unaware,1
money,1
advice,1
weddings,1
robes,1
tal,1
avertir,1
america,1
doubtlessly,1
discuss,1
cristopher,1
heron,1
dweller,1
ridicule,1
ofsmpes,1
custom,1
deploring,1
restoring,1
opened,1
possible,1
determined,1
politics,1
reproducing,1
ball,1
condition,1
worshipfull,1
beverly,1
plebeyos,1
move,1
dinner,1
brocatel,1
alone,1
dutch,1
west,1
doctrinal,1
rely,1
classics,1
cautious,1
stona,1
cient,1
tous,1
three,1
reconstruction,1
unrestrained,1
representing,1
enter,1
bordeaux,1
barons,1
amonds,1
letter,1
eroded,1
atken,1
denoting,1
beggars,1
sign,1
technically,1
lyke,1
behavior,1
diversity,1
autre,1
mid,1
kovesi,1
tribute,1
regarding,1
tent,1
central,1
mc,1
ket,1
phase,1
accessible,1
married,1
yuniya,1
archery,1
disorder,1
ineffectiveness,1
koenigsberger,1
distinctive,1
fitte,1
difficulties,1
immediate,1
thinner,1
run,1
backgrounds,1
due,1
objective,1
icated,1
evaluate,1
mortier,1
mosse,1
tables,1
stasis,1
g,1
offended,1
bianca,1
permitirse,1
divine,1
authoritative,1
chouse,1
valerie,1
madness,1
dozen,1
ability,1
draped,1
ricordi,1
overcoming,1
ern,1
highlighting,1
walter,1
price,1
vanguard,1
quondam,1
stretes,1
lawfullye,1
whith,1
quicker,1
pay,1
legislators,1
seeming,1
heare,1
admitted,1
absolutely,1
nicolao,1
progressive,1
adjustment,1
maintaining,1
flourishing,1
ation,1
amended,1
perspective,1
buriers,1
fiste,1
tomary,1
furnivall,1
pierre,1
secolo,1
contrary,1
italiano,1
deed,1
searchers,1
http,1
modernity,1
restrict,1
extraordinary,1
instigate,1
ample,1
yeares,1
forbid,1
ally,1
scott,1
continuous,1
effective,1
witnessed,1
ness,1
syde,1
cardinal,1
mistress,1
publications,1
xvie,1
destroys,1
irresistible,1
turkes,1
weight,1
withal,1
strikes,1
suitability,1
guerzoni,1
communication,1
gaze,1
tones,1
apparently,1
maximillian,1
weave,1
conceive,1
traditions,1
regulations,1
kfoydungsb,1
francesco,1
tained,1
unskilled,1
infinite,1
stanley,1
master,1
virtuous,1
ica,1
focused,1
perfect,1
cortegiane,1
phases,1
aristocracy,1
satins,1
drained,1
committed,1
ers,1
postions,1
via,1
simultaneously,1
sample,1
fixes,1
saye,1
cially,1
german,1
reflects,1
license,1
sages,1
variance,1
wanting,1
developed,1
gerry,1
h,1
daintly,1
gonzaga,1
adapt,1
sort,1
gown,1
explicit,1
vestimentario,1
var,1
fascinating,1
capture,1
mean,1
represented,1
requisite,1
suffer,1
survives,1
opportunity,1
pressing,1
colin,1
legal,1
developments,1
turn,1
regulates,1
grew,1
buratti,1
thereof,1
k,1
dutcheman,1
scales,1
illustrations,1
distant,1
white,1
lay,1
sebastiain,1
impressed,1
limitation,1
discoveries,1
awareness,1
consequences,1
absorbed,1
caps,1
onwards,1
tailor,1
pearance,1
ance,1
reason,1
modified,1
katherine,1
tower,1
dean,1
grosse,1
wanted,1
alwayes,1
university,1
representativeness,1
needless,1
occupational,1
cinque,1
statistical,1
established,1
harder,1
peasants,1
den,1
controulment,1
dated,1
duke,1
consoli,1
handled,1
proved,1
section,1
producers,1
days,1
patricians,1
zentilhomo,1
dobloni,1
jersey,1
daggers,1
argued,1
fore,1
frequently,1
ignoble,1
fare,1
w,1
upper,1
nowadays,1
amman,1
four,1
costumi,1
fashioned,1
nomme,1
origins,1
dello,1
confuse,1
ostentation,1
comprising,1
fasto,1
feudal,1
nelvet,1
problems,1
thinke,1
instance,1
chling,1
firmly,1
seidel,1
dominant,1
lust,1
je,1
denounced,1
opinion,1
ostracism,1
suggested,1
providing,1
ulation,1
drawing,1
turbot,1
lisa,1
perceive,1
qui,1
adop,1
whereas,1
risparmio,1
moving,1
my,1
fitted,1
sixteenthand,1
edi,1
introduce,1
testimonies,1
declined,1
twills,1
sabba,1
six,1
histories,1
rule,1
moon,1
begun,1
traditionally,1
access,1
item,1
temptation,1
mapping,1
zanden,1
seven,1
drap,1
changed,1
deal,1
pimlico,1
shared,1
curiosity,1
criticisms,1
events,1
radical,1
transfor,1
pioneer,1
woodruff,1
eu,1
noting,1
nicola,1
luxury,1
maye,1
amer,1
valor,1
haven,1
tires,1
justo,1
effects,1
fuel,1
experts,1
representative,1
ceived,1
trista,1
somwhat,1
symptoms,1
moyen,1
bemoaned,1
companion,1
manchester,1
townsman,1
gossiping,1
pure,1
pro,1
prompt,1
ulating,1
aux,1
cultural,1
let,1
conceit,1
idence,1
nel,1
mainly,1
bend,1
anto,1
stock,1
nether,1
afforded,1
recently,1
population,1
meet,1
applied,1
gilded,1
younger,1
ious,1
otherwise,1
anie,1
placed,1
steele,1
verse,1
fynes,1
moaning,1
acceleration,1
killerby,1
contro,1
creates,1
si,1
masculinity,1
impression,1
mations,1
aspects,1
overshorte,1
watershed,1
thera,1
whiche,1
none,1
pedro,1
followe,1
basis,1
r,1
degrees,1
line,1
seene,1
gains,1
formerly,1
intense,1
chang,1
catwalk,1
vincent,1
industrial,1
cus,1
tool,1
blue,1
woolbridge,1
evo,1
hints,1
repetition,1
cosacchi,1
story,1
tens,1
girdles,1
revitalised,1
norm,1
nella,1
kristen,1
knowledge,1
apparent,1
calls,1
symbolism,1
puke,1
actors,1
chromatic,1
comment,1
domi,1
feared,1
ten,1
literature,1
sta,1
solemnity,1
discussions,1
partly,1
lunch,1
jo,1
ilies,1
earn,1
kings,1
monarqu,1
metabolising,1
translated,1
appetitie,1
encrease,1
prak,1
bishop,1
uoregon,1
regional,1
lusso,1
appreciated,1
overseas,1
xviii,1
kendal,1
project,1
wil,1
specifi,1
interpreted,1
industrialization,1
own,1
historian,1
puffed,1
approach,1
mules,1
romei,1
researchers,1
related,1
ev,1
aspired,1
ren,1
rates,1
augsburg,1
wherin,1
porters,1
someone,1
tone,1
archduke,1
solution,1
esteem,1
battis,1
sense,1
correct,1
successful,1
caused,1
lang,1
manners,1
carry,1
simpler,1
reliable,1
dictionary,1
protest,1
next,1
son,1
diana,1
screw,1
rarer,1
agog,1
interacting,1
stimulated,1
dangerous,1
serges,1
aye,1
profes,1
involved,1
jardine,1
guidance,1
lye,1
troubles,1
fatigue,1
standebuche,1
characteristics,1
driving,1
few,1
accomplished,1
tleman,1
wider,1
concerns,1
mod,1
grow,1
resolution,1
prompted,1
knitting,1
pressureand,1
ludovico,1
acts,1
italianist,1
florentine,1
mol,1
protect,1
paola,1
ancestors,1
interpretations,1
boundaries,1
diversified,1
differing,1
impossible,1
ent,1
raiment,1
dem,1
stato,1
devivs,1
flaunt,1
interpreta,1
progress,1
origini,1
goat,1
resistance,1
citations,1
estates,1
generallye,1
enact,1
roots,1
gilles,1
cycle,1
notes,1
florida,1
strument,1
hermann,1
substituted,1
governement,1
crime,1
ionable,1
jost,1
am,1
footwear,1
activities,1
impor,1
mechanism,1
seemed,1
local,1
aglet,1
pez,1
sanctions,1
morphology,1
critical,1
challenge,1
laertes,1
conditioning,1
exterior,1
colori,1
minor,1
entitled,1
bringing,1
steadily,1
furres,1
populations,1
indicative,1
stale,1
ans,1
gradual,1
husbands,1
abusive,1
bothe,1
essayists,1
polonius,1
ancien,1
bis,1
cartography,1
elizabeth,1
dressed,1
acknowledged,1
classic,1
brief,1
imperativo,1
museum,1
glasses,1
trollable,1
whatever,1
inhibiting,1
giuliano,1
tor,1
make,1
vestir,1
avail,1
bankers,1
rigid,1
wheels,1
standing,1
iridescent,1
cracks,1
dle,1
belfo,1
southern,1
procession,1
neat,1
direction,1
zeal,1
consump,1
single,1
copied,1
para,1
cheap,1
usu,1
communities,1
simultaneous,1
competition,1
secoli,1
edited,1
housing,1
swept,1
examined,1
represents,1
makes,1
experienced,1
read,1
projects,1
serve,1
chies,1
fuggers,1
reshaping,1
seeing,1
reprimands,1
god,1
upwards,1
historia,1
challenged,1
longo,1
magistrates,1
preposterous,1
temperate,1
perceived,1
imitate,1
ancient,1
puzzle,1
earned,1
tackle,1
orders,1
symptom,1
light,1
asia,1
milanini,1
shifting,1
julius,1
ashamed,1
evitably,1
skin,1
spagnola,1
seicento,1
medici,1
accelerated,1
imitating,1
contempt,1
memorial,1
department,1
touching,1
reliance,1
quotations,1
consolidating,1
moments,1
duchesses,1
sistema,1
lindustria,1
sketch,1
tricians,1
lee,1
villein,1
marly,1
street,1
continent,1
added,1
shops,1
ordinance,1
dire,1
organizations,1
starting,1
camel,1
idle,1
unreliable,1
skill,1
rung,1
bureaucrats,1
barbed,1
ride,1
technique,1
business,1
stronger,1
stated,1
fink,1
napolitana,1
dowell,1
methodological,1
pointed,1
flannels,1
towns,1
decorative,1
motifs,1
translucent,1
performance,1
gentle,1
revolu,1
efforts,1
beecause,1
lighter,1
annibale,1
meanes,1
textiles,1
lack,1
leading,1
fluence,1
conduct,1
scholars,1
xii,1
seta,1
wavelength,1
pressure,1
modish,1
dooe,1
prior,1
proposal,1
appeared,1
ought,1
haberdashers,1
grave,1
daily,1
badde,1
downwards,1
richer,1
never,1
understandable,1
zoli,1
feather,1
fernandez,1
prammatica,1
presente,1
wishe,1
contemporary,1
holby,1
darke,1
disegno,1
pattern,1
fasten,1
liberalitas,1
puritan,1
consiglio,1
enactment,1
forms,1
patterns,1
organisations,1
conclusions,1
enough,1
decisively,1
geography,1
ruffes,1
manner,1
cles,1
developing,1
apparayle,1
establish,1
non,1
jobs,1
answer,1
dance,1
tini,1
spoke,1
exotic,1
gabriele,1
focusing,1
decorations,1
fect,1
ception,1
lempire,1
reconstructing,1
formulae,1
gaining,1
solemnitie,1
sell,1
distance,1
quiebra,1
gives,1
ladder,1
free,1
compete,1
oute,1
cartographie,1
obsession,1
day,1
laudable,1
degree,1
doubtful,1
tude,1
dlressing,1
helpe,1
synonym,1
understanding,1
ignored,1
gaudy,1
diverse,1
embroider,1
blanc,1
secured,1
clients,1
restricted,1
considering,1
dered,1
restrictions,1
explanation,1
essere,1
espe,1
lawfull,1
values,1
churchmen,1
limitations,1
servant,1
moryson,1
region,1
disrespectful,1
excesse,1
tabi,1
cappe,1
interdict,1
etch,1
arose,1
enhanced,1
maner,1
sufficiently,1
judge,1
copies,1
desirous,1
expand,1
top,1
nobleman,1
combining,1
shamelessness,1
largely,1
cher,1
brazen,1
altro,1
advises,1
francis,1
assume,1
purchas,1
shopping,1
cupations,1
smoothly,1
aside,1
pleasure,1
tommy,1
ethnic,1
actual,1
purse,1
auf,1
services,1
stay,1
full,1
option,1
office,1
bossy,1
advantages,1
rope,1
mentges,1
dating,1
wante,1
disposable,1
ties,1
low,1
open,1
explorations,1
strands,1
worry,1
dolce,1
indiscretion,1
deduce,1
provoked,1
directed,1
b,1
oc,1
express,1
tury,1
virtues,1
michault,1
taxonomic,1
dominated,1
luca,1
objection,1
villeneuve,1
august,1
modena,1
held,1
gestures,1
construc,1
christopher,1
inwarde,1
shopkeeper,1
menscheit,1
spo,1
rascie,1
origine,1
perverse,1
countries,1
ef,1
function,1
minishe,1
parts,1
ferandine,1
parti,1
analysing,1
features,1
high,1
cally,1
sketching,1
linking,1
hiring,1
lie,1
covarrubias,1
counted,1
renewal,1
fancy,1
expressing,1
martin,1
incontrovertibly,1
repeated,1
quick,1
why,1
castilla,1
venezia,1
bowler,1
special,1
decorous,1
xviie,1
mexicans,1
cogent,1
article,1
nos,1
averts,1
trying,1
qualities,1
study,1
topic,1
versible,1
houlde,1
diteur,1
narrow,1
suffers,1
declare,1
sometyme,1
respectively,1
undoubtedly,1
topics,1
nobody,1
britain,1
nei,1
excluded,1
aileen,1
renier,1
trades,1
farmworkers,1
everyday,1
parel,1
boors,1
differ,1
aanton,1
herringbone,1
siche,1
invented,1
nuovo,1
rbear,1
fam,1
gifts,1
meane,1
governor,1
professional,1
teur,1
cen,1
sole,1
hague,1
disgusted,1
concluded,1
widely,1
lipovetsky,1
anatomy,1
visit,1
limiting,1
dealing,1
suffering,1
suggest,1
tempo,1
depth,1
hymself,1
accepting,1
suggestion,1
replies,1
relationship,1
helmut,1
ascribable,1
ann,1
emulation,1
commentator,1
absorbing,1
today,1
perspectives,1
delhi,1
wordly,1
she,1
continued,1
george,1
phillip,1
popularity,1
figure,1
usually,1
therefor,1
vision,1
consent,1
magniftcentia,1
practical,1
courtes,1
reasonable,1
begin,1
vague,1
select,1
raleigh,1
sec,1
widespread,1
primarily,1
becomes,1
desireth,1
erarchy,1
ants,1
relations,1
crept,1
strongly,1
enow,1
florence,1
force,1
lations,1
thirteen,1
fugger,1
gli,1
wilson,1
furnish,1
arbi,1
indicate,1
covering,1
html,1
antiquity,1
vazione,1
expedients,1
ond,1
strive,1
inspired,1
dans,1
hi,1
cease,1
continually,1
existed,1
fall,1
caste,1
incisive,1
elderly,1
respect,1
charlottesville,1
subdivided,1
virile,1
solders,1
british,1
exists,1
ping,1
get,1
itself,1
face,1
articles,1
unusual,1
gathered,1
paying,1
pearls,1
susan,1
matth,1
earliest,1
diminished,1
austria,1
quantitative,1
wel,1
circumscribed,1
suf,1
differentiated,1
produc,1
yonge,1
disap,1
environment,1
graphs,1
seriously,1
variable,1
servants,1
posner,1
ily,1
sexes,1
preamble,1
luzio,1
girls,1
commodious,1
vetements,1
rea,1
preface,1
conclusion,1
exemplified,1
accordance,1
version,1
form,1
verie,1
norms,1
nationale,1
peoples,1
frenchman,1
apprehension,1
lace,1
compartimentalise,1
manual,1
exorbitant,1
seeme,1
qu,1
beside,1
eng,1
theme,1
rinascimentale,1
convicts,1
frieze,1
constructed,1
decorum,1
jutta,1
aspire,1
disapproval,1
arrival,1
besides,1
lightweight,1
text,1
limoges,1
meat,1
sums,1
offers,1
sustained,1
cbthing,1
poorest,1
conservaci,1
everywhere,1
control,1
introducing,1
image,1
battles,1
dare,1
finance,1
interrupted,1
cultures,1
inno,1
descriptions,1
ded,1
trolled,1
ps,1
exploration,1
authorities,1
gone,1
vari,1
attire,1
bologna,1
decurioni,1
straightforward,1
dur,1
apparelled,1
weawer,1
universal,1
regard,1
pearances,1
feed,1
decoro,1
siglos,1
shewe,1
storia,1
basket,1
reliability,1
plague,1
pete,1
abjectly,1
enforcing,1
written,1
audience,1
firste,1
toine,1
messer,1
noblewoman,1
vestimentaires,1
placing,1
disputes,1
modernes,1
observeth,1
passage,1
yearning,1
masters,1
options,1
bodye,1
elders,1
noblewomen,1
risky,1
evident,1
person,1
womans,1
catalogue,1
believed,1
rep,1
drop,1
warnings,1
abigail,1
purchase,1
sessanta,1
involv,1
answered,1
nominal,1
nig,1
month,1
auctions,1
reactions,1
likee,1
rose,1
aggiunto,1
ion,1
shalbe,1
references,1
courtyer,1
want,1
cause,1
lucca,1
pertinent,1
westminster,1
rasetti,1
lemire,1
preoccupation,1
carye,1
passed,1
beleave,1
nowe,1
condemn,1
novelty,1
sythesis,1
facion,1
problem,1
prudence,1
tiglione,1
busi,1
foundations,1
destin,1
hauke,1
thousands,1
studying,1
dark,1
aot,1
lowermost,1
deceyved,1
tant,1
influenced,1
outwarde,1
almost,1
iunordleredl,1
suggests,1
mercantilist,1
turin,1
adorned,1
revista,1
discussion,1
categories,1
size,1
damask,1
glish,1
popular,1
amedeo,1
habito,1
conveniently,1
stella,1
convient,1
portraits,1
varieties,1
presented,1
owner,1
uncontrolled,1
circumstances,1
writes,1
dutchmanne,1
multiple,1
babylonian,1
prerogative,1
met,1
uniform,1
decisive,1
beardes,1
ercole,1
pas,1
marketing,1
content,1
intricacy,1
tessile,1
regulate,1
baiette,1
ken,1
bourgeois,1
hapsburg,1
commissioned,1
duction,1
com,1
finish,1
atti,1
jour,1
navarrete,1
faustino,1
obtain,1
pourpose,1
throughly,1
arguments,1
guerpir,1
inventions,1
pa,1
indig,1
mention,1
conti,1
aims,1
comprehend,1
gain,1
think,1
despised,1
buttons,1
sparked,1
hierar,1
gar,1
complaints,1
femminile,1
irre,1
guinigi,1
proceeds,1
buying,1
miniaturisation,1
cautioned,1
piety,1
understandings,1
differenziarsi,1
until,1
models,1
englishman,1
worsening,1
argument,1
north,1
gloves,1
metabolise,1
cas,1
zander,1
agreement,1
knights,1
deede,1
sud,1
splendor,1
materials,1
catherine,1
aristocratic,1
ficient,1
oigine,1
delite,1
untidiness,1
wish,1
ridiculing,1
documentation,1
contributed,1
approximately,1
instead,1
brocades,1
ferrara,1
consolidated,1
define,1
regime,1
opinions,1
extended,1
gen,1
geois,1
cation,1
involving,1
attributes,1
shameful,1
piece,1
schwarzsehen,1
indecent,1
objections,1
presenting,1
juggler,1
remains,1
shift,1
damage,1
speak,1
classification,1
underlined,1
undisputable,1
doubtless,1
portrait,1
evelyn,1
thousand,1
specific,1
removed,1
oft,1
passages,1
suchlike,1
harlow,1
seventeenth,1
thynges,1
endnotes,1
deployment,1
succeeded,1
communi,1
reached,1
resent,1
delfo,1
debate,1
tendend,1
bivalent,1
national,1
characters,1
evi,1
big,1
little,1
ame,1
interaction,1
testified,1
token,1
immediately,1
luxuries,1
mature,1
grace,1
drew,1
rude,1
canevazze,1
meeting,1
successive,1
asked,1
signals,1
showed,1
vertuous,1
cfr,1
gold,1
elegance,1
