WORDCOUNTS,WEIGHT
the,1034
of,502
and,417
to,355
in,247
that,196
a,187
english,132
was,120
covenanters,113
public,107
as,94
their,89
it,88
were,84
they,82
for,78
this,76
by,70
which,67
not,65
be,65
is,61
an,57
scotland,52
but,52
king,51
p,51
or,51
with,50
had,46
our,46
would,45
england,44
all,40
pp,40
scottish,38
s,37
his,37
support,35
from,35
on,35
parliament,32
covenanter,31
more,31
assembly,30
also,30
one,28
who,28
propaganda,28
debate,28
ibid,27
covenanting,27
into,26
he,26
those,24
church,24
could,24
have,24
charles,24
bishops,23
been,23
british,23
are,23
what,23
both,23
only,22
sphere,21
its,21
so,21
political,20
about,20
printed,20
although,20
at,19
general,19
we,19
did,19
them,19
truth,18
russell,18
argued,18
baillie,18
has,18
now,17
edinburgh,17
wars,17
tracts,17
cause,17
if,16
within,16
thus,16
war,16
therefore,16
new,16
publics,16
scots,16
print,16
through,16
how,15
sarah,15
these,15
model,15
information,15
should,15
history,14
first,14
such,14
since,14
may,14
most,14
because,14
kingdome,14
pamphlets,14
when,14
arguments,14
cambridge,14
politics,13
reason,13
people,13
own,13
religious,13
god,13
any,13
according,13
while,13
role,13
state,12
waurechen,12
during,12
short,12
noted,12
upon,12
force,12
early,12
tract,12
remonstrance,11
subjects,11
even,11
act,11
raymond,11
good,11
consensus,11
up,11
resistance,11
will,11
made,11
david,11
after,11
then,11
true,10
being,10
against,10
body,10
called,10
london,10
same,10
power,10
press,10
instead,10
campaign,10
intentions,9
anon,9
nature,9
religion,9
i,9
there,9
some,9
kirk,9
concerning,9
than,9
however,9
literature,9
civil,9
order,9
other,9
printing,9
como,9
allowed,9
spd,9
common,8
expedition,8
either,8
attempt,8
rights,8
events,8
radical,8
furthermore,8
reader,8
discourse,8
around,8
appeal,8
letters,8
thought,8
culture,8
many,8
can,8
éd,8
army,8
marprelate,8
fall,8
beast,8
must,8
clearly,8
grievances,8
need,8
reformation,8
anonymous,8
nation,8
sharpe,7
way,7
modern,7
royal,7
might,7
rational,7
kingdom,7
kingdoms,7
right,7
account,7
wounded,7
authority,7
out,7
demands,7
monarchies,7
required,7
issues,7
participate,7
revolution,7
necessity,7
actions,7
put,7
once,7
assemblies,7
persuade,7
law,7
brethren,7
manifested,7
john,7
present,7
practice,7
understanding,7
peter,7
article,7
continued,7
believed,7
habermas,7
simply,7
over,7
best,7
far,7
pretended,7
just,7
theory,7
covenant,7
between,7
themselves,7
cloppenburg,6
taken,6
last,6
robert,6
felt,6
without,6
process,6
statement,6
position,6
important,6
shall,6
journals,6
pamphleteering,6
part,6
actually,6
presbyterian,6
approach,6
creating,6
troubles,6
acts,6
oxford,6
two,6
increasingly,6
social,6
again,6
scholars,6
pressure,6
godly,6
necessary,6
another,6
described,6
language,6
declinatour,6
habermasian,6
like,6
thomas,6
james,6
bee,6
generall,6
itself,6
misinformation,6
nobility,6
whether,6
hoped,6
problem,6
prerogative,6
much,6
national,6
asked,6
does,5
stuart,5
agency,5
easily,5
title,5
said,5
book,5
emphasized,5
context,5
protestation,5
explained,5
johnston,5
means,5
ministers,5
follow,5
us,5
your,5
providing,5
archibald,5
prayer,5
well,5
work,5
example,5
whole,5
personal,5
least,5
situation,5
action,5
acknowledged,5
april,5
convince,5
make,5
wake,5
mark,5
choice,5
readers,5
do,5
original,5
importance,5
men,5
you,5
claimed,5
began,5
achieve,5
face,5
supported,5
here,5
different,5
audience,5
explicitly,5
conrad,5
making,5
rebellion,5
popular,5
presented,5
come,5
argument,5
potential,5
c,5
elites,5
create,5
everyone,4
alone,4
group,4
lawjulnesse,4
ms,4
before,4
arguing,4
bl,4
give,4
reach,4
together,4
great,4
narrative,4
able,4
take,4
help,4
precisely,4
sought,4
possible,4
desired,4
very,4
enter,4
himself,4
assemblie,4
conflict,4
journal,4
reasoned,4
border,4
no,4
alastair,4
main,4
notion,4
wee,4
threat,4
origins,4
rule,4
found,4
britain,4
amsterdam,4
relation,4
equally,4
meet,4
wherein,4
unruly,4
outlined,4
hath,4
secret,4
kings,4
forces,4
sense,4
successful,4
several,4
sufficient,4
always,4
using,4
armie,4
nations,4
highlights,4
various,4
glasgow,4
indeed,4
harris,4
expanded,4
discussions,4
speaking,4
others,4
christ,4
fact,4
consent,4
pamphlet,4
debates,4
reasons,4
never,4
took,4
see,4
spoke,4
belief,4
eds,4
free,4
lake,4
dissolve,4
encouraged,4
causes,4
real,4
nothing,4
theories,4
open,4
three,4
august,4
high,4
commons,4
internal,4
enemies,4
naturally,4
reasonable,4
seen,4
often,4
instances,4
articles,4
matters,4
thinking,4
theme,4
interested,4
february,4
better,4
carefully,4
list,4
add,4
commissioner,4
little,4
despite,4
subject,4
donald,4
copies,4
knights,4
defence,4
include,4
mason,4
texts,4
given,4
recent,4
faction,4
difficult,3
explosion,3
later,3
generated,3
created,3
represent,3
extreme,3
manuscript,3
large,3
needed,3
canterburians,3
ways,3
studies,3
ramifications,3
undertaken,3
occurred,3
something,3
my,3
arms,3
specifically,3
episcopal,3
principles,3
estaits,3
desire,3
puritan,3
discipline,3
reading,3
less,3
system,3
issue,3
forum,3
laud,3
march,3
richard,3
resources,3
letter,3
bot,3
goal,3
selves,3
disorder,3
roger,3
ladensium,3
demanded,3
author,3
interest,3
century,3
turn,3
godliness,3
perspective,3
response,3
mechanical,3
popish,3
failed,3
rather,3
statements,3
aimed,3
sort,3
earlier,3
similar,3
plots,3
preservation,3
lay,3
wanted,3
university,3
abuses,3
too,3
democratic,3
especially,3
monarch,3
lords,3
reprinted,3
appearance,3
kingship,3
plot,3
noting,3
further,3
focused,3
produced,3
explain,3
negotiated,3
r,3
received,3
tool,3
imagined,3
englishmen,3
records,3
call,3
breakdown,3
refuse,3
correct,3
theoretically,3
driving,3
adamson,3
choose,3
disparate,3
research,3
protect,3
christians,3
generally,3
proper,3
reflected,3
avoid,3
led,3
matter,3
noble,3
concede,3
wrote,3
play,3
perth,3
still,3
above,3
fighting,3
violence,3
under,3
acting,3
lawfulnesse,3
lawful,3
idea,3
time,3
style,3
threats,3
number,3
remained,3
crown,3
discussion,3
fissel,3
sides,3
previously,3
noblemen,3
aims,3
use,3
laws,3
engaged,3
deployed,3
previous,3
marginalia,3
clear,3
reality,3
held,3
defensive,3
faith,3
conclusions,3
k,3
exactly,3
success,3
perspectives,3
neighbour,3
five,3
windebank,3
vision,3
widespread,3
respect,3
get,3
calling,3
contradiction,3
invoked,3
useful,3
control,3
each,3
illuminate,3
argue,3
current,3
domestic,3
eventually,3
historical,3
kevin,3
armies,3
majestie,3
voice,3
careful,3
recognition,3
met,3
became,3
convinced,3
wariston,3
maintained,3
false,3
wild,3
episcopacy,3
mode,3
crisis,3
laymen,3
offer,3
rossingham,3
vi,3
specific,3
harlow,3
joad,3
entire,3
traditional,3
close,3
followed,2
possessed,2
declared,2
groups,2
identity,2
suggested,2
protestant,2
defended,2
distributed,2
forcing,2
likewise,2
told,2
strafford,2
complex,2
overton,2
approved,2
properly,2
essays,2
designed,2
formed,2
library,2
openness,2
h,2
distaste,2
nonetheless,2
hoping,2
came,2
highlighted,2
ideas,2
shagan,2
preceding,2
questions,2
attempts,2
military,2
secretary,2
meaning,2
agenda,2
liberty,2
available,2
individuals,2
leading,2
potentially,2
assembled,2
follows,2
government,2
concludes,2
court,2
enlighten,2
unified,2
raised,2
daniel,2
papers,2
akin,2
lest,2
east,2
u,2
distributing,2
october,2
doth,2
point,2
fos,2
barons,2
prejudice,2
misrepresentation,2
framework,2
exist,2
winning,2
central,2
facts,2
quality,2
due,2
wrath,2
g,2
arminians,2
relatively,2
brotherly,2
glorie,2
faithfull,2
issued,2
arena,2
unity,2
cases,2
nor,2
document,2
served,2
berwick,2
find,2
tim,2
unresolved,2
linton,2
behave,2
invaded,2
york,2
phantom,2
explicit,2
preparing,2
represented,2
suffer,2
certain,2
armada,2
ethan,2
dialogue,2
earl,2
possess,2
study,2
danger,2
black,2
read,2
scattered,2
privy,2
category,2
win,2
ensure,2
conceptualization,2
established,2
image,2
venom,2
proved,2
invite,2
disaffected,2
elevated,2
n,2
house,2
age,2
earnestly,2
powerful,2
plight,2
bruno,2
perish,2
faced,2
counsel,2
cultivating,2
result,2
dutifull,2
remapping,2
restrict,2
shared,2
bellany,2
circulation,2
supporters,2
parliaments,2
recently,2
milton,2
cannot,2
rest,2
receive,2
preparations,2
offensive,2
participation,2
network,2
faire,2
publish,2
appeals,2
hee,2
vote,2
heavily,2
competing,2
apparent,2
conceptualizations,2
irish,2
look,2
arming,2
elizabeth,2
reminded,2
used,2
consistently,2
corrupt,2
demonstrates,2
partly,2
centred,2
morrill,2
polity,2
related,2
zaret,2
change,2
published,2
caused,2
describing,2
things,2
long,2
spanish,2
june,2
primary,2
peace,2
impossible,2
gunpowder,2
appropriate,2
regal,2
provided,2
commonweal,2
threatened,2
critical,2
second,2
variety,2
rome,2
dickson,2
limited,2
forward,2
prove,2
autokatakpizis,2
community,2
added,2
july,2
standing,2
movement,2
hold,2
relied,2
represents,2
elitist,2
serve,2
evil,2
evolved,2
combat,2
j,2
neither,2
thesis,2
quarrel,2
overtly,2
light,2
illuminated,2
ed,2
already,2
phenomenon,2
gentlemen,2
diary,2
critiques,2
sometimes,2
towards,2
financial,2
complementary,2
expose,2
longer,2
lack,2
latour,2
preserve,2
head,2
appeared,2
justification,2
doubt,2
man,2
mustered,2
rhetoric,2
offence,2
reformed,2
enough,2
ground,2
where,2
accepted,2
michael,2
council,2
piety,2
disparity,2
producing,2
wil,2
books,2
hamilton,2
ignoring,2
streets,2
refuted,2
won,2
responded,2
fight,2
demonstrated,2
diverse,2
simple,2
churches,2
invested,2
examples,2
treated,2
range,2
lawfull,2
burgesses,2
lawfully,2
expand,2
factor,2
aside,2
pointedly,2
actual,2
lord,2
continue,2
kingdomes,2
nevertheless,2
trade,2
futile,2
crises,2
victory,2
amounts,2
owne,2
period,2
insolent,2
function,2
him,2
kept,2
anyone,2
believing,2
trying,2
become,2
presbyterians,2
excluded,2
unto,2
concepts,2
claiming,2
probably,2
rhetorical,2
robbins,2
relative,2
persuading,2
concluded,2
separate,2
reproaches,2
relying,2
imply,2
me,2
note,2
george,2
popularity,2
impressive,2
ideology,2
select,2
referred,2
subsidy,2
coercion,2
papists,2
continually,2
puritans,2
education,2
princes,2
hostilitie,2
claims,2
authorities,2
material,2
mann,2
ever,2
known,2
unrighteous,2
borrow,2
text,2
appealing,2
command,2
quickly,2
know,2
defining,2
supplications,2
assumed,2
ph,2
loyalty,2
barrones,2
past,2
fellow,2
living,2
type,2
merely,2
terms,2
form,2
particular,2
passed,2
secure,2
constitutional,2
suggests,2
emphasis,2
categories,2
intention,2
multiple,2
thereby,2
content,2
duty,2
infamous,2
intended,2
stevenson,2
representation,2
goals,2
dominant,2
named,2
question,2
ultimately,2
until,2
invasion,2
argues,2
reveals,2
notes,2
numerous,2
strikingly,2
lawes,2
finally,2
alberta,2
explanation,2
d,2
evidence,2
opinions,2
garner,2
defined,2
buchanan,2
association,2
needs,2
coalesce,2
news,2
justify,2
reached,2
fears,2
persuaded,2
among,2
broader,2
doing,2
sent,2
ca,2
built,2
interrogated,2
painfully,2
waureghen,2
ungodly,1
fullie,1
abjuring,1
pleaseth,1
intimately,1
democracy,1
publicity,1
huntington,1
unabashedly,1
o,1
done,1
revisionist,1
stubbornly,1
deny,1
obligations,1
limits,1
denyed,1
edge,1
tainted,1
appealed,1
guardian,1
curtailed,1
obey,1
anthony,1
overthrowing,1
names,1
till,1
broadest,1
ready,1
righteous,1
prélats,1
undermines,1
affected,1
clashing,1
jùrgen,1
romes,1
supersptition,1
fiction,1
legitimate,1
quench,1
arrive,1
wooing,1
margins,1
worthy,1
e,1
cowards,1
associated,1
seizure,1
appear,1
notably,1
per,1
reflective,1
expect,1
sympathetic,1
alluded,1
partie,1
denied,1
envisioned,1
archbishop,1
judicious,1
word,1
crave,1
absolutist,1
prince,1
moneyes,1
deep,1
continance,1
cif,1
satisfied,1
enticed,1
farre,1
proud,1
realities,1
cust,1
allow,1
policy,1
seem,1
servitude,1
detested,1
necessarily,1
organic,1
charitable,1
laid,1
communion,1
knox,1
remedy,1
criticizing,1
interpretative,1
contested,1
flaws,1
hearts,1
amongst,1
discounting,1
volumes,1
materials,1
proclamation,1
subscription,1
establish,1
experience,1
highlight,1
round,1
uprising,1
consistent,1
concretely,1
cast,1
estimated,1
discretion,1
else,1
explaining,1
www,1
unearthed,1
conforms,1
coalesced,1
sources,1
requirement,1
uninformed,1
wrong,1
invention,1
parliamentary,1
learned,1
certainly,1
complained,1
creation,1
upholding,1
voices,1
interests,1
exclusive,1
soveraigntie,1
originally,1
ii,1
laudians,1
bygane,1
culturally,1
feeling,1
address,1
interjection,1
expectation,1
forcibly,1
absurd,1
fragmentary,1
ourselves,1
advanced,1
freely,1
official,1
majesty,1
seems,1
editions,1
troops,1
words,1
containing,1
unjust,1
kirksince,1
height,1
ruptured,1
copy,1
disordered,1
broken,1
assertion,1
suggesting,1
seller,1
borders,1
differences,1
stood,1
shitten,1
analyses,1
pressed,1
normative,1
row,1
resonate,1
thanks,1
closer,1
scheme,1
composition,1
skinner,1
pitied,1
acknowledge,1
alignment,1
alarming,1
hands,1
achieved,1
feature,1
embrace,1
foolish,1
comfitmaker,1
crucial,1
henry,1
regression,1
reminiscent,1
shew,1
slavish,1
somewhat,1
welsh,1
hostile,1
rethinking,1
majority,1
apprentice,1
depends,1
courage,1
case,1
revolt,1
regrate,1
depending,1
suspect,1
foundation,1
edges,1
recorded,1
attacked,1
morison,1
radicals,1
historians,1
damnable,1
money,1
capacity,1
advice,1
unwarrantable,1
revolutionary,1
trans,1
encouraging,1
iv,1
firm,1
discontent,1
twist,1
regulating,1
protestants,1
wilfully,1
gardens,1
vol,1
low,1
opened,1
eas,1
sixteenth,1
hexter,1
grievance,1
cressy,1
shame,1
stave,1
reaching,1
hastie,1
establishing,1
powers,1
alter,1
oppressed,1
insight,1
perfectly,1
obvious,1
enemy,1
galhoun,1
whatever,1
taking,1
moderator,1
doctrinal,1
combination,1
say,1
except,1
conceptual,1
beseemeth,1
classics,1
quantity,1
testimonie,1
relate,1
scandal,1
dirty,1
irrational,1
britanniae,1
split,1
cursory,1
brashly,1
controlled,1
interestingly,1
succeed,1
blundered,1
repeatedly,1
weibel,1
pushed,1
regarding,1
conciliar,1
throughout,1
fracture,1
ofwariston,1
unorderlie,1
beastial,1
difficulties,1
consideration,1
reputation,1
pursue,1
patient,1
sedition,1
makingpublics,1
backgrounds,1
initial,1
reported,1
scurvy,1
hierarchy,1
assumes,1
divine,1
tutelage,1
authoritative,1
ease,1
moment,1
scotch,1
occurs,1
adams,1
participating,1
writ,1
insisted,1
active,1
employing,1
sample,1
allegiances,1
expected,1
jesus,1
z,1
learning,1
affairs,1
momentarily,1
vitriol,1
turne,1
guided,1
thereof,1
duetifull,1
decisions,1
fubbing,1
ct,1
destroyed,1
princetob,1
taint,1
rejecting,1
keep,1
calming,1
veto,1
counterpublics,1
disproportionately,1
contrary,1
bloody,1
homes,1
confirmed,1
http,1
justness,1
bombard,1
six,1
attests,1
pitie,1
dates,1
honour,1
outnumbered,1
effective,1
ecclesiastical,1
disbursed,1
weakening,1
georges,1
powerfull,1
compel,1
conspiracy,1
mirrored,1
factions,1
mad,1
communication,1
ruthven,1
skirmishes,1
corrected,1
inraged,1
indigenous,1
leadership,1
wronged,1
delivered,1
hardly,1
commanding,1
achinstem,1
though,1
mair,1
unskilled,1
join,1
continuity,1
rubbing,1
error,1
paralleling,1
glad,1
commanders,1
sparking,1
murderers,1
oj,1
loyal,1
messy,1
operation,1
opposed,1
legall,1
philadelphia,1
urged,1
dangerously,1
foxean,1
collinson,1
reflects,1
plotted,1
byde,1
trickery,1
extreamity,1
hopes,1
identification,1
myslike,1
turmoil,1
camp,1
bring,1
disquiet,1
l,1
portrayed,1
sufficientlie,1
across,1
judgments,1
swell,1
respectful,1
proceedings,1
remain,1
edward,1
trueth,1
forced,1
basic,1
thou,1
regicide,1
antagonistic,1
fringe,1
bawdy,1
sow,1
hughes,1
altar,1
mean,1
broaden,1
incidence,1
dislodged,1
politicians,1
requisite,1
dealt,1
deprived,1
heard,1
storms,1
connected,1
thing,1
ceremonialized,1
humanity,1
keg,1
grew,1
lamented,1
pressured,1
interpose,1
induce,1
slippery,1
desperately,1
blindly,1
adversaries,1
echoed,1
mobilize,1
debating,1
reforms,1
space,1
extremes,1
necessaries,1
moreover,1
effaires,1
supposed,1
gathering,1
kneeling,1
contestation,1
peterkin,1
involvement,1
send,1
lives,1
changes,1
escape,1
conformed,1
leveller,1
circulated,1
skirting,1
barbarous,1
consider,1
possibly,1
objects,1
motions,1
familiar,1
literary,1
organized,1
slovenly,1
generate,1
linked,1
francis,1
consciousness,1
edition,1
days,1
margery,1
ualberta,1
dominate,1
poroceedings,1
bruce,1
articulated,1
jersey,1
decade,1
contemporaries,1
locusts,1
restricted,1
weak,1
haunt,1
rails,1
calendar,1
cousins,1
commonly,1
initiative,1
seedes,1
exploited,1
tried,1
rationally,1
theeves,1
beyond,1
calvinist,1
defeat,1
arminian,1
heinous,1
putting,1
disloyalty,1
oppression,1
thinke,1
instance,1
willing,1
delays,1
founding,1
care,1
m,1
opinion,1
personalized,1
tory,1
cut,1
view,1
constitution,1
quentin,1
perceive,1
conflicts,1
commanded,1
friends,1
boisterous,1
jharles,1
union,1
reform,1
whereas,1
greater,1
declarations,1
opening,1
moving,1
advance,1
root,1
serving,1
remembered,1
based,1
whom,1
parliamentarians,1
introduce,1
dissidents,1
location,1
arrival,1
mcgill,1
deploying,1
future,1
entered,1
begun,1
broadsheet,1
puritanical,1
coalescing,1
critically,1
rectify,1
amity,1
attack,1
effort,1
treason,1
seven,1
patrick,1
objectives,1
wisdome,1
î,1
aptly,1
requirements,1
autohatakp,1
spleen,1
aloof,1
yeares,1
emerge,1
complete,1
fo,1
constantly,1
impervious,1
parliam,1
fuel,1
expelling,1
absolutism,1
acquiring,1
horse,1
late,1
tidy,1
catabgue,1
intervening,1
fourth,1
eased,1
prelates,1
traits,1
informed,1
nobles,1
buried,1
silence,1
malefactors,1
treat,1
reinforce,1
obedience,1
selfconviction,1
intertwined,1
handled,1
placed,1
uncounselled,1
venemous,1
reaffirming,1
burgess,1
approached,1
networks,1
necessities,1
opposition,1
wide,1
itchy,1
triumph,1
gods,1
possibility,1
sustenance,1
influenced,1
affair,1
deprive,1
justifies,1
hierarchies,1
directly,1
scripture,1
protesters,1
necessarie,1
justly,1
scope,1
rocks,1
ideal,1
aiœ,1
framed,1
women,1
vehement,1
heart,1
laboured,1
unless,1
prominent,1
brought,1
scabby,1
customeable,1
sharon,1
spitefull,1
simultaneously,1
clearer,1
confined,1
anathema,1
swirl,1
revealed,1
positions,1
criticized,1
securing,1
intentionally,1
year,1
bible,1
ruileing,1
kindly,1
fit,1
place,1
truthfulness,1
iesus,1
defoe,1
happinesse,1
subtly,1
beginnings,1
mn,1
archibishop,1
combustion,1
threatend,1
documented,1
swift,1
focuses,1
contentious,1
away,1
distributors,1
complemented,1
plurality,1
haven,1
undermyndit,1
anything,1
systematic,1
occupations,1
confession,1
cloppenberg,1
rationalcritical,1
smallest,1
meddling,1
burden,1
interpreted,1
grossley,1
riotous,1
strongest,1
moderated,1
following,1
hidden,1
alarmist,1
manifestation,1
errors,1
malament,1
citing,1
quam,1
dominiounes,1
offences,1
running,1
solution,1
accused,1
providential,1
commerce,1
working,1
love,1
responsibility,1
comming,1
manoeuvred,1
adherents,1
distances,1
mawris,1
involve,1
prevalence,1
protest,1
guardians,1
piously,1
politically,1
catholic,1
slanders,1
precedents,1
lousy,1
assemble,1
beasts,1
midst,1
spange,1
mercilesse,1
emerging,1
insurance,1
sake,1
involved,1
patiently,1
small,1
openly,1
summon,1
autonomy,1
soil,1
accomplished,1
fictive,1
ship,1
bowed,1
temporary,1
industry,1
presence,1
lark,1
choosing,1
ps,1
binders,1
petition,1
petitions,1
potent,1
altogether,1
core,1
englishman,1
finde,1
scott,1
progress,1
jordan,1
dastardlie,1
pa,1
estates,1
correspondence,1
woolf,1
mischief,1
martinism,1
compass,1
cogswell,1
newly,1
interlined,1
reall,1
monarchy,1
inform,1
moved,1
hypocrisy,1
gordon,1
activities,1
pamphleteers,1
readership,1
seemed,1
society,1
wield,1
glaringly,1
prevalent,1
limiting,1
libels,1
increasing,1
gentrey,1
tenet,1
contrare,1
ana,1
imprint,1
scarce,1
faithfult,1
awin,1
io,1
demand,1
stated,1
wald,1
protecting,1
implicitly,1
shedding,1
thir,1
gather,1
supreme,1
economic,1
descending,1
hurling,1
overlapped,1
bourgeois,1
synthesis,1
service,1
overall,1
resisted,1
heresies,1
whim,1
manipulate,1
beasdie,1
merits,1
polemic,1
fractured,1
acutely,1
warner,1
gift,1
positioned,1
polemical,1
pointed,1
pacification,1
commenced,1
sending,1
initially,1
distribute,1
covenating,1
strategic,1
positive,1
structural,1
answering,1
abhorred,1
majesties,1
draper,1
legality,1
argumentation,1
convictions,1
guide,1
scrubbing,1
sincere,1
alleged,1
pivotal,1
likely,1
yet,1
pressuring,1
interpretation,1
shadings,1
fair,1
meanwhile,1
restrictively,1
refusing,1
examined,1
doe,1
rules,1
happened,1
alongside,1
soon,1
seeing,1
motivating,1
formally,1
historia,1
barring,1
atheistical,1
marshall,1
riots,1
trumped,1
assistance,1
investigates,1
teaching,1
yoke,1
choices,1
purity,1
friendship,1
pseudonym,1
popularized,1
mindes,1
cultivated,1
provocative,1
steve,1
thoughts,1
armed,1
department,1
reports,1
confesse,1
toronto,1
disagreed,1
latent,1
regardless,1
gentleman,1
party,1
fruitful,1
orderliness,1
theorist,1
name,1
moderators,1
allusion,1
paul,1
shots,1
suit,1
reiterating,1
attacks,1
ride,1
frederick,1
prompting,1
entwining,1
toward,1
bave,1
blot,1
counsellor,1
uncounselkd,1
similarly,1
ask,1
usually,1
autokatakpisis,1
addition,1
water,1
barber,1
lacked,1
powder,1
meanes,1
monopolized,1
doorway,1
valid,1
aldershot,1
selfe,1
striking,1
britons,1
theyear,1
plan,1
match,1
abstract,1
exclusion,1
attempting,1
remarked,1
daily,1
larger,1
downwards,1
associates,1
conceptualized,1
reaffirmed,1
justifie,1
end,1
atmospheres,1
resolved,1
reckoned,1
considerable,1
discussed,1
observes,1
crossley,1
external,1
honor,1
bargaining,1
tarn,1
forms,1
beseeching,1
repayment,1
drove,1
v,1
risked,1
employed,1
anglicization,1
deploy,1
operating,1
manner,1
disaffection,1
unit,1
secular,1
purposes,1
rippon,1
seventeenth,1
extremity,1
unclear,1
advisers,1
contracted,1
renaissance,1
discord,1
strategies,1
imaginary,1
countenanced,1
duties,1
obliged,1
politic,1
controversy,1
focusing,1
minneapolis,1
dutie,1
brethrens,1
woman,1
bearers,1
admittedly,1
manoeuvre,1
gladly,1
encountered,1
obsession,1
transparent,1
boat,1
convenient,1
embarqued,1
unfalteringly,1
organize,1
years,1
sir,1
discourses,1
probations,1
fundamentally,1
disseminating,1
lashing,1
anulling,1
credit,1
overthrowers,1
dominions,1
private,1
greatest,1
ignored,1
meaningful,1
visions,1
vast,1
campaigns,1
knew,1
necessare,1
misinformations,1
astray,1
supplicate,1
craig,1
completed,1
originated,1
eighteenth,1
penney,1
helps,1
surety,1
writings,1
snakes,1
redresse,1
determinedly,1
distinctly,1
depended,1
strongly,1
sufficiently,1
judge,1
foxes,1
elite,1
worship,1
top,1
impatient,1
wound,1
murdered,1
filthy,1
amused,1
ordering,1
significant,1
complement,1
unfortunately,1
decreed,1
refers,1
wisedome,1
ust,1
conditions,1
engaging,1
dissolving,1
pleasure,1
satisfactorily,1
conflicted,1
assign,1
roman,1
beggarly,1
full,1
libertie,1
relegated,1
shortly,1
dating,1
theoretical,1
roberts,1
vii,1
maid,1
rejected,1
discovered,1
earth,1
styles,1
moral,1
modem,1
stinking,1
authors,1
b,1
posteritie,1
mynds,1
oyle,1
agreement,1
roguish,1
points,1
passe,1
sustain,1
tended,1
correcting,1
counter,1
gestures,1
angeliae,1
ellis,1
expound,1
uncloistered,1
ny,1
reformers,1
summer,1
responses,1
leanings,1
mines,1
distinction,1
whilst,1
lie,1
tranquility,1
spirits,1
scally,1
rhythms,1
standard,1
martin,1
overbury,1
generating,1
exchange,1
spent,1
pages,1
decide,1
mayors,1
queen,1
written,1
fatal,1
flame,1
systems,1
satisfy,1
parallel,1
constructing,1
glenn,1
uncouth,1
confinement,1
airing,1
newcastle,1
peacey,1
respectively,1
tactics,1
correction,1
seizing,1
deliberate,1
onely,1
teach,1
assigning,1
structure,1
woes,1
seeking,1
scotiae,1
impertinent,1
implication,1
story,1
canterburie,1
looked,1
parameters,1
versus,1
saw,1
overthrow,1
institution,1
lesse,1
destruction,1
unrevolutionary,1
engagement,1
joint,1
quarterly,1
expire,1
caution,1
lang,1
satire,1
fiery,1
widely,1
division,1
deplored,1
nobilitie,1
scotts,1
overlapping,1
shocked,1
revolved,1
compendium,1
suspects,1
ranging,1
dealing,1
entitled,1
factors,1
carried,1
ordinare,1
humiliating,1
asking,1
negotiations,1
states,1
relationship,1
aid,1
declaration,1
statelier,1
usurpation,1
humanities,1
window,1
bakhtin,1
wisdom,1
processed,1
partisanship,1
provide,1
bold,1
addressing,1
wayting,1
patriotic,1
melvillian,1
suggestive,1
bound,1
vague,1
interregnum,1
rumours,1
favour,1
oppressions,1
jitnctioned,1
insufficient,1
primarily,1
concerns,1
institutions,1
disagreements,1
becomes,1
inviting,1
directing,1
hast,1
detailed,1
replicating,1
pleading,1
edmonton,1
scrutinizing,1
fs,1
lawrence,1
transformation,1
legitimacy,1
anxiety,1
furnish,1
recognize,1
whereby,1
try,1
delicacy,1
countries,1
length,1
sixty,1
recipients,1
insistently,1
life,1
sinners,1
satisfaction,1
responsible,1
calvinists,1
cleare,1
cease,1
unsurprising,1
existed,1
united,1
surprising,1
informationjrom,1
supporting,1
months,1
allusions,1
canada,1
mirror,1
proving,1
commenting,1
whipt,1
gathered,1
marquis,1
grounded,1
pressures,1
joseph,1
meant,1
considered,1
borrowed,1
addressed,1
endevored,1
quantitatively,1
inactivity,1
peaceable,1
regularly,1
innocency,1
publicly,1
seriously,1
loyall,1
constant,1
precedence,1
railing,1
blemish,1
series,1
version,1
pardons,1
incorporated,1
ao,1
founded,1
devilish,1
unmeasurable,1
demonstrate,1
constituted,1
implied,1
exposition,1
lying,1
physical,1
cudgel,1
ignore,1
willingness,1
alludes,1
robarts,1
narrowly,1
plea,1
invade,1
doi,1
marginall,1
sciences,1
declinator,1
sustained,1
alternative,1
issuing,1
discharged,1
cousin,1
spite,1
outcome,1
ran,1
natural,1
principle,1
country,1
conglomerate,1
concession,1
steven,1
worth,1
expanding,1
confident,1
raid,1
key,1
innovations,1
posture,1
albeit,1
alexander,1
pragmatic,1
down,1
pretence,1
onlie,1
tandem,1
donaldson,1
lodgings,1
thy,1
returns,1
ratification,1
inquiry,1
post,1
prorogue,1
ideological,1
ratifying,1
carlisle,1
negligent,1
prejudged,1
concerneth,1
sustaining,1
rely,1
infer,1
unrepealed,1
bcott,1
ordered,1
associations,1
placing,1
disputes,1
elders,1
person,1
feminist,1
catalogue,1
redefined,1
growing,1
rebelling,1
beginning,1
defend,1
william,1
scholarly,1
ike,1
defending,1
bellies,1
tyrannous,1
heads,1
impact,1
receiving,1
investigation,1
reign,1
burns,1
reactions,1
meticulous,1
aiding,1
accounts,1
foremost,1
perswade,1
character,1
westminster,1
maintain,1
suspicions,1
differentiates,1
thee,1
mere,1
novelty,1
charted,1
likes,1
surveying,1
aprill,1
her,1
awoke,1
mandated,1
pursued,1
verie,1
advise,1
defying,1
precedent,1
almost,1
apparently,1
w,1
fourteen,1
anxieties,1
charitablie,1
stabilize,1
gratitude,1
injunctions,1
presume,1
oath,1
nj,1
navigate,1
recognizing,1
gatherings,1
son,1
incorporating,1
ill,1
villainous,1
exercising,1
introduced,1
raucous,1
city,1
assemblye,1
welcoming,1
pincus,1
november,1
monarchs,1
concessions,1
impose,1
lies,1
sitting,1
step,1
investment,1
roams,1
demanding,1
reconstruct,1
presupposes,1
merchant,1
doubted,1
appointed,1
ranks,1
unitary,1
lames,1
rebels,1
exceptionally,1
soldiers,1
illegall,1
crew,1
satisfying,1
think,1
construed,1
varied,1
complaints,1
epithets,1
counsellors,1
pray,1
sanctioned,1
burger,1
formation,1
runs,1
moderate,1
models,1
radicalism,1
drafts,1
unleashed,1
difference,1
righteousness,1
otherwayes,1
solely,1
proclamations,1
complaine,1
counsels,1
envisaged,1
idolâtrie,1
emotive,1
grant,1
discursive,1
accept,1
aware,1
sufferings,1
parallels,1
course,1
actively,1
puritanism,1
virtue,1
consumption,1
deservings,1
autumn,1
glass,1
packets,1
crossed,1
irreconcilable,1
sports,1
piece,1
defiance,1
attempted,1
off,1
locate,1
oîladensium,1
countrey,1
day,1
fostering,1
remains,1
shift,1
speak,1
increased,1
roughly,1
canons,1
repealed,1
offered,1
surrender,1
nécessitât,1
removing,1
assembhe,1
clarify,1
recounted,1
ensuring,1
nasty,1
deployment,1
protested,1
supply,1
summoning,1
negotiate,1
era,1
recognized,1
briefest,1
conditional,1
bounds,1
throats,1
element,1
predisposed,1
abroad,1
newsletters,1
corns,1
impeding,1
glance,1
seek,1
offers,1
grace,1
ab,1
blundy,1
observed,1
vulgar,1
famous,1
cross,1
clerics,1
jurgen,1
building,1
meeting,1
pillars,1
predicated,1
regall,1
symbiotic,1
looking,1
continuously,1
eagerly,1
hypothesis,1
