WORDCOUNTS,WEIGHT
the,716
of,458
in,411
and,380
to,350
a,335
his,180
that,165
he,144
s,127
as,126
was,118
harlem,116
for,111
had,106
from,96
with,89
on,88
their,85
not,80
by,78
probation,73
family,68
her,68
at,67
life,61
but,59
did,58
an,57
black,56
they,53
pdcf,53
new,51
west,49
it,48
when,45
work,44
rs,44
one,43
which,43
years,42
only,41
more,39
also,39
york,38
officer,38
this,38
were,38
social,37
him,37
thompson,37
or,36
street,36
she,35
perry,34
walker,33
than,33
who,32
fuller,32
have,32
morgan,31
home,31
could,30
after,28
time,28
other,27
been,27
city,27
two,26
such,25
those,24
community,24
pauline,24
even,23
children,23
would,23
thompsons,23
all,22
relationships,22
frank,22
them,22
apartment,22
november,22
household,21
hamilton,21
households,21
building,21
january,20
history,19
white,19
lives,19
most,19
census,19
organizations,19
three,19
martha,19
left,18
out,18
july,18
where,18
made,18
ties,18
months,18
blacks,18
over,18
october,18
be,18
into,17
are,17
long,17
browns,17
residents,17
men,17
august,17
five,17
december,17
what,17
families,17
states,17
much,17
support,16
however,16
up,16
these,16
brown,16
employment,16
united,16
is,16
job,16
september,15
no,15
marriage,15
found,15
lodgers,15
june,15
provided,15
we,15
domestic,15
journal,14
rent,14
about,14
may,14
fall,14
offered,14
although,14
before,13
some,13
pay,13
how,13
housing,13
neighborhood,13
four,13
lived,13
officers,13
ed,13
so,13
march,13
if,12
came,12
first,12
find,12
avenue,12
its,12
year,12
several,12
april,12
again,12
jobs,12
often,12
school,12
few,12
living,12
american,11
women,11
being,11
together,11
court,11
third,11
working,11
depression,11
wife,11
moved,11
economic,11
single,11
took,11
week,11
high,11
husband,11
has,11
money,11
february,11
between,11
later,10
file,10
within,10
sexual,10
married,10
wages,10
friends,10
least,10
leisure,10
south,10
african,10
many,10
do,10
income,10
see,10
another,10
margaret,10
like,10
spent,10
relationship,10
case,10
then,10
any,10
report,10
far,10
room,9
there,9
legal,9
organized,9
numbers,9
age,9
rooms,9
couple,9
activities,9
make,9
once,9
nettie,9
culture,9
same,9
father,9
belonged,9
george,9
education,9
mother,9
while,9
almost,9
urban,9
indians,9
ruby,9
little,9
e,8
position,8
character,8
experience,8
steady,8
state,8
sister,8
frazier,8
just,8
appear,8
whom,8
own,8
world,8
religious,8
neither,8
indian,8
lewis,8
end,8
man,8
churches,8
enough,8
fraternal,8
ordinary,8
lost,8
different,8
through,8
went,8
sheets,8
our,8
negro,8
clubs,8
instead,8
chicago,8
resided,7
church,7
studies,7
nonetheless,7
snr,7
worked,7
restitution,7
supervision,7
apartments,7
nor,7
rather,7
basketball,7
workplace,7
too,7
helped,7
shared,7
brought,7
both,7
paid,7
furnished,7
short,7
still,7
residence,7
longer,7
remained,7
individuals,7
become,7
james,7
each,7
investigation,7
making,7
early,7
became,7
lodger,7
until,7
unable,7
joined,7
regular,7
child,6
groups,6
created,6
police,6
live,6
great,6
able,6
help,6
elks,6
apart,6
since,6
forced,6
old,6
times,6
club,6
metropolis,6
record,6
strategy,6
result,6
changed,6
because,6
none,6
part,6
involved,6
small,6
reported,6
variety,6
experienced,6
department,6
payments,6
indies,6
everyday,6
less,6
servant,6
franklin,6
hamiltons,6
saw,6
continued,6
parent,6
returned,6
stable,6
arrest,6
accounts,6
set,6
visiting,6
virginia,6
son,6
web,6
sports,6
north,6
now,5
osofsky,5
slum,5
parties,5
georgia,5
available,5
take,5
system,5
existence,5
mass,5
move,5
taking,5
behavior,5
complained,5
throughout,5
relations,5
expected,5
immigrants,5
six,5
young,5
twice,5
without,5
leave,5
contributions,5
unemployment,5
eighteen,5
organization,5
days,5
beyond,5
moving,5
block,5
meet,5
public,5
well,5
having,5
during,5
place,5
records,5
employed,5
breakdown,5
research,5
st,5
diminished,5
girl,5
likely,5
situation,5
return,5
violence,5
opportunities,5
under,5
us,5
picture,5
lacked,5
fact,5
junior,5
hill,5
outside,5
practice,5
assault,5
sacks,5
clear,5
movies,5
individual,5
good,5
period,5
reformers,5
migrants,5
study,5
chapel,5
attend,5
visit,5
irregular,5
provide,5
attention,5
thirteen,5
get,5
stephen,5
circumstances,5
extensive,5
clearly,5
historical,5
born,5
month,5
porter,5
fourteen,5
conditions,5
jazz,5
files,5
doing,5
concern,4
pushed,4
mobility,4
second,4
respectability,4
notwithstanding,4
recreation,4
anything,4
fifteenth,4
taken,4
departure,4
company,4
advantage,4
subsequent,4
last,4
recorded,4
expenses,4
activity,4
lodging,4
whites,4
relocated,4
bodnar,4
farrell,4
arrested,4
sustain,4
group,4
relatively,4
kind,4
back,4
employers,4
fellow,4
seventh,4
americans,4
remain,4
lenox,4
n,4
unemployed,4
athletic,4
store,4
care,4
typical,4
effort,4
described,4
illness,4
late,4
further,4
placed,4
claim,4
ten,4
queens,4
evening,4
next,4
night,4
teams,4
migration,4
revealing,4
schedules,4
reflected,4
avoid,4
service,4
stores,4
communities,4
soon,4
included,4
largest,4
members,4
business,4
lack,4
treatment,4
blocks,4
renaissance,4
conviction,4
agencies,4
perhaps,4
day,4
spending,4
survive,4
range,4
including,4
entirely,4
fourteenth,4
dances,4
services,4
ibid,4
previous,4
urbana,4
played,4
kept,4
never,4
article,4
percent,4
attended,4
usually,4
means,4
owed,4
material,4
following,4
lessons,4
membership,4
esther,4
sustained,4
longs,4
control,4
rented,4
down,4
hospital,4
visits,4
movie,4
better,4
turned,4
economy,4
form,4
gambling,4
met,4
given,4
despite,4
role,4
giving,4
obtain,4
curtis,4
ended,4
offer,4
need,4
evidence,4
cousin,4
southern,4
among,4
prison,4
does,3
way,3
concerned,3
separated,3
berkeley,3
vogue,3
alone,3
forcing,3
large,3
residences,3
printer,3
decade,3
siblings,3
source,3
highlight,3
girlfriend,3
give,3
marcy,3
might,3
nature,3
words,3
broken,3
rich,3
thanks,3
debt,3
half,3
stopped,3
racial,3
paying,3
historians,3
right,3
condition,3
establishing,3
forged,3
learned,3
central,3
neighbours,3
neighbors,3
ability,3
brother,3
afford,3
century,3
response,3
labouring,3
died,3
occasion,3
game,3
poor,3
sixteen,3
urged,3
whose,3
sessions,3
slavery,3
main,3
absent,3
convicted,3
levine,3
examined,3
eight,3
cannot,3
discouraged,3
proved,3
pullman,3
desperation,3
consequence,3
cost,3
landlord,3
david,3
providing,3
atlanta,3
hours,3
gregory,3
based,3
allow,3
search,3
access,3
amsterdam,3
carolina,3
sentence,3
hailed,3
nightclubs,3
sport,3
improve,3
relief,3
revealed,3
received,3
nine,3
training,3
sydney,3
elizabeth,3
roll,3
gave,3
island,3
older,3
halpern,3
weekly,3
away,3
drug,3
weeks,3
caused,3
order,3
owned,3
around,3
eleven,3
pregnant,3
breaking,3
distinguished,3
always,3
struck,3
generally,3
labelled,3
preliminary,3
criminals,3
jeffrey,3
periods,3
survived,3
threatened,3
highlights,3
led,3
pictures,3
various,3
fell,3
identified,3
located,3
limited,3
movement,3
put,3
marred,3
sociological,3
clothing,3
keeping,3
midtown,3
efforts,3
visitors,3
factory,3
spend,3
financial,3
wpa,3
scholars,3
appeared,3
larger,3
audiences,3
present,3
marrying,3
michael,3
number,3
free,3
levering,3
simon,3
classes,3
private,3
sewing,3
disease,3
mothers,3
judge,3
worship,3
trade,3
reality,3
counter,3
held,3
general,3
displayed,3
enjoyed,3
eviction,3
twelve,3
seventeen,3
sometimes,3
aunt,3
deteriorating,3
institutions,3
health,3
began,3
lawrence,3
contribution,3
try,3
class,3
responsible,3
entertainment,3
victoria,3
phillips,3
drew,3
refused,3
foundation,3
lodges,3
particularly,3
relocate,3
greenberg,3
precarious,3
adler,3
girls,3
merely,3
whether,3
stability,3
cause,3
probationers,3
leaving,3
pursued,3
hundreds,3
strain,3
league,3
furniture,3
joining,3
snapshots,3
manhattan,3
programs,3
robertson,3
argument,3
friendships,3
finding,3
contributed,3
playing,3
off,3
thousand,3
attending,3
themselves,3
scholarship,3
ends,3
resources,3
close,3
nicholas,2
final,2
dynamic,2
gutman,2
difficult,2
archives,2
smoke,2
done,2
page,2
common,2
negroes,2
pittsburgh,2
snapshot,2
migrated,2
philadelphia,2
sympathetic,2
becoming,2
center,2
needed,2
operator,2
complex,2
illegal,2
use,2
formed,2
authority,2
upheaval,2
operated,2
unnamed,2
laid,2
holding,2
accent,2
arrived,2
something,2
track,2
chief,2
turning,2
cutting,2
exposed,2
either,2
attorney,2
failing,2
sources,2
hence,2
every,2
trouble,2
certainly,2
address,2
ymca,2
bloomington,2
possibilities,2
breadwinner,2
shaped,2
gymnasium,2
continue,2
undertake,2
poverty,2
differences,2
nineteen,2
graham,2
i,2
feature,2
raised,2
wage,2
behind,2
motivated,2
ad,2
recognized,2
east,2
albeit,2
shane,2
sought,2
retain,2
account,2
prior,2
deserters,2
collins,2
very,2
economies,2
collection,2
nervousness,2
enumerator,2
facets,2
guilty,2
conflict,2
thus,2
review,2
explained,2
roger,2
quality,2
run,2
constantly,2
instalment,2
against,2
pursuit,2
tables,2
doctor,2
intact,2
conducted,2
schomberg,2
sample,2
funds,2
unpaid,2
intercourse,2
contrary,2
theatres,2
drawn,2
quarrelled,2
consequently,2
marital,2
details,2
adult,2
bills,2
handful,2
rates,2
walls,2
let,2
alabama,2
higher,2
added,2
bring,2
ways,2
district,2
thrift,2
responded,2
parents,2
lasted,2
consequences,2
neighbourhoods,2
injury,2
changes,2
maintaining,2
immigrant,2
municipal,2
tensions,2
university,2
established,2
branch,2
linked,2
elsewhere,2
impact,2
welfare,2
perspective,2
canal,2
frequently,2
quarters,2
w,2
cousins,2
show,2
tuskegee,2
additional,2
facing,2
speakeasy,2
restaurant,2
detroit,2
view,2
hot,2
union,2
talking,2
theft,2
pounds,2
leach,2
histories,2
here,2
ambition,2
ottley,2
irregularly,2
term,2
congregations,2
war,2
skilled,2
appears,2
residential,2
moore,2
produced,2
inches,2
suffered,2
younger,2
russell,2
tension,2
brooklyn,2
stole,2
negotiated,2
voice,2
garton,2
relatives,2
writers,2
imagined,2
sundays,2
tens,2
example,2
knowledge,2
apparent,2
feared,2
frequent,2
destitution,2
winter,2
music,2
teenage,2
orchestras,2
savings,2
buildings,2
catholic,2
clothes,2
stove,2
settlement,2
sufficient,2
presence,2
boundaries,2
gambled,2
managed,2
majority,2
dependent,2
marry,2
society,2
span,2
will,2
piano,2
contact,2
plans,2
hubert,2
bankers,2
standing,2
boy,2
eldest,2
gilbert,2
ufe,2
relied,2
fair,2
security,2
sociologists,2
makes,2
halls,2
fifth,2
pharmacy,2
light,2
assistance,2
montserrat,2
odds,2
unusually,2
noted,2
increasingly,2
lavish,2
paul,2
law,2
pawn,2
toward,2
death,2
restaurants,2
herbert,2
head,2
teachers,2
unsurprisingly,2
discussed,2
pled,2
entertained,2
roi,2
electricity,2
secular,2
strategies,2
confrontation,2
spoke,2
woman,2
native,2
ankle,2
piecework,2
local,2
meetings,2
success,2
gordon,2
examples,2
birth,2
completed,2
prohibition,2
increase,2
speakeasies,2
thriving,2
station,2
pleasure,2
lifestyle,2
office,2
provoked,2
individualized,2
elk,2
workers,2
keep,2
amusements,2
caribbean,2
ywca,2
waiter,2
features,2
obtained,2
provides,2
written,2
relocating,2
northern,2
looming,2
kimberley,2
responsibility,2
iceman,2
overlooked,2
ranging,2
supervising,2
telephone,2
unstable,2
aspirations,2
suggestion,2
aid,2
raise,2
fairly,2
missed,2
inside,2
transformed,2
progressively,2
team,2
extra,2
continually,2
existed,2
sage,2
supporting,2
exists,2
face,2
unusual,2
gathered,2
pressures,2
laborer,2
fifteen,2
constant,2
panama,2
weldon,2
historian,2
broke,2
worsened,2
changing,2
founded,2
simply,2
scrutiny,2
physical,2
homicide,2
pawnshops,2
compensation,2
discharged,2
news,2
quickly,2
benefits,2
socialize,2
parental,2
quarrels,2
eighth,2
best,2
sent,2
epitomized,2
nights,2
housekeeper,2
grey,2
goods,2
build,2
past,2
ps,2
options,2
bands,2
discuss,2
combined,2
evenings,2
adults,2
overcrowded,2
involvement,2
particular,2
excursions,2
remedies,2
boys,2
patience,2
agreed,2
bought,2
outline,2
recurred,2
level,2
occasionally,2
strangers,2
harlems,2
dining,2
tried,2
extended,2
southerners,2
contribute,2
reconstruct,2
secured,2
challenges,2
maintained,2
tall,2
cheryl,2
ultimately,2
survival,2
background,2
cambridge,2
initiated,2
travelling,2
dangerous,2
elevator,2
product,2
voluntary,2
daughter,2
association,2
superintendent,2
staying,2
showed,2
supported,2
assumed,2
weber,2
point,2
johnson,2
cheaper,2
sharing,2
focus,2
immediately,2
glance,2
strong,2
famous,2
should,2
meeting,2
built,2
roles,2
race,2
loft,2
laura,1
bristling,1
surroundings,1
go,1
margins,1
customers,1
jury,1
possessed,1
weighed,1
rate,1
o,1
encountering,1
discourage,1
obligations,1
scarf,1
limits,1
underpinning,1
tainted,1
appealed,1
herself,1
mingled,1
car,1
unlawful,1
cleancut,1
names,1
stood,1
fled,1
exhilaration,1
functional,1
career,1
college,1
heights,1
legitimate,1
homeless,1
connection,1
inconvenience,1
gottlieb,1
considerably,1
affidavit,1
disregard,1
glimpses,1
visible,1
told,1
replaced,1
denied,1
shoulders,1
kinds,1
jews,1
ample,1
identify,1
tend,1
escape,1
picked,1
advised,1
join,1
neighborhoods,1
remind,1
schools,1
asserted,1
sets,1
prince,1
managing,1
fitness,1
loomed,1
tense,1
arrears,1
marcus,1
modern,1
supervised,1
earnings,1
diffuse,1
hazard,1
shadowy,1
fourroom,1
lerner,1
protection,1
contractor,1
enmeshed,1
fixed,1
necessarily,1
yard,1
unlike,1
physicians,1
stretches,1
robinson,1
entertaining,1
redirect,1
trivers,1
ou,1
edu,1
flared,1
montclair,1
finkelman,1
credence,1
leads,1
arms,1
predominantly,1
joe,1
lower,1
fabric,1
member,1
cast,1
aside,1
fraction,1
provision,1
australia,1
modest,1
embraced,1
tips,1
repeatedly,1
posed,1
finger,1
negiv,1
ii,1
burgle,1
proud,1
feeling,1
musical,1
interpretation,1
attempt,1
opted,1
script,1
irrelevance,1
beautiful,1
fragmentary,1
glimpsed,1
hotels,1
youngest,1
episcopal,1
seems,1
dramatically,1
book,1
vocalist,1
leading,1
manliness,1
suggesting,1
championships,1
accompanied,1
borders,1
shoulder,1
display,1
reasons,1
felony,1
locked,1
indefinite,1
uptown,1
exotic,1
enrolled,1
confront,1
excessive,1
studied,1
jewellery,1
roused,1
sometime,1
hundred,1
reveal,1
dizzying,1
beds,1
religion,1
entering,1
styles,1
deemed,1
lasting,1
achieved,1
lodge,1
failures,1
salary,1
struggle,1
lunches,1
resorting,1
supervisor,1
interviewed,1
replicated,1
emphasized,1
stand,1
wintz,1
waywardness,1
stayed,1
staff,1
deriving,1
investigations,1
heating,1
california,1
invalid,1
mail,1
reading,1
somewhat,1
numbering,1
checked,1
barred,1
digital,1
tragedy,1
disorder,1
weighing,1
asserting,1
triggered,1
british,1
employability,1
hickman,1
depending,1
corresponded,1
resilience,1
indebtedness,1
shaken,1
attribute,1
captures,1
capacity,1
sects,1
vibrant,1
kathy,1
america,1
hall,1
blanca,1
fabulously,1
clinic,1
stepped,1
chapter,1
cents,1
knife,1
landladies,1
occupying,1
felt,1
menacingly,1
possible,1
marked,1
politics,1
compelling,1
schedule,1
measures,1
reaction,1
renowned,1
darken,1
julian,1
memo,1
richard,1
crossed,1
petersburg,1
regretted,1
mental,1
combination,1
desired,1
supply,1
rens,1
magistrate,1
owners,1
landlady,1
overlooking,1
desirable,1
due,1
along,1
nightlife,1
edgar,1
prevented,1
furnishings,1
deserted,1
wallace,1
prejudice,1
sign,1
surplus,1
succeed,1
exist,1
winning,1
segregation,1
victim,1
bleeding,1
mistake,1
possessing,1
ty,1
childbirth,1
clubroom,1
relocation,1
champions,1
shiftless,1
influx,1
distinctive,1
difficulties,1
immediate,1
sociability,1
dynamics,1
development,1
countless,1
consumed,1
interchurch,1
visited,1
initially,1
fate,1
realized,1
choral,1
swimming,1
machine,1
interest,1
criminality,1
destabilized,1
hid,1
competitor,1
encyclopedia,1
dozen,1
insisted,1
typing,1
rooted,1
manager,1
industrial,1
cabarets,1
hat,1
attracting,1
progressive,1
unity,1
cases,1
offenders,1
distinct,1
items,1
self,1
sibling,1
deeds,1
interim,1
displays,1
clustering,1
document,1
stabilized,1
freed,1
amount,1
subjects,1
baldwin,1
http,1
modernity,1
concert,1
houses,1
served,1
radio,1
wholly,1
allowing,1
clare,1
livein,1
despair,1
estimate,1
rhythm,1
bonds,1
weight,1
storage,1
explore,1
practically,1
critique,1
looms,1
disruptions,1
stenography,1
cocktail,1
guard,1
jail,1
leadership,1
laiid,1
congregant,1
sartorial,1
talent,1
acted,1
unskilled,1
sisters,1
adjust,1
loans,1
conjure,1
finances,1
critics,1
employ,1
failed,1
rights,1
wounds,1
offices,1
blues,1
simultaneously,1
escaped,1
racism,1
adequate,1
coats,1
theaters,1
unravel,1
heroes,1
frustration,1
slights,1
gripped,1
links,1
garvey,1
growth,1
injuries,1
destroy,1
across,1
developed,1
dry,1
infested,1
anglican,1
unit,1
appreciation,1
borrowing,1
notices,1
capture,1
process,1
deadend,1
mean,1
neatly,1
politicians,1
represented,1
survives,1
opportunity,1
arm,1
pervasiveness,1
stitches,1
risk,1
heard,1
proportion,1
expenditure,1
flexible,1
interwar,1
thing,1
similar,1
quieter,1
importance,1
grew,1
certain,1
richmond,1
hearing,1
hardships,1
elaborate,1
lacking,1
worthless,1
cooking,1
offering,1
lay,1
disorderly,1
feel,1
precipitating,1
rooming,1
gangsters,1
scattered,1
front,1
firmer,1
memphis,1
watching,1
qualify,1
rising,1
tern,1
insistence,1
hawkins,1
clerk,1
bad,1
ensure,1
wanted,1
supports,1
consider,1
improvement,1
familiar,1
retained,1
image,1
workmen,1
clergy,1
section,1
former,1
stabilizing,1
house,1
remaking,1
weak,1
argued,1
fore,1
prevent,1
periodically,1
suspend,1
initiative,1
challenged,1
powerful,1
passed,1
followed,1
obstacles,1
definite,1
filtered,1
hereafter,1
imprisonment,1
mix,1
schooling,1
permanent,1
trotter,1
shifted,1
odd,1
causing,1
commercialised,1
hit,1
nationality,1
important,1
decades,1
strengthen,1
cut,1
dependency,1
fluid,1
conflicts,1
disappeared,1
contention,1
mathematics,1
lifecycle,1
root,1
wayward,1
incomplete,1
sewed,1
explode,1
cynthia,1
lead,1
acting,1
columbia,1
path,1
billiard,1
concentration,1
edgecombe,1
volatility,1
appearance,1
fortunes,1
medicine,1
train,1
begun,1
called,1
color,1
strength,1
p,1
attack,1
printing,1
hailing,1
nerves,1
intellectuals,1
adolescent,1
worker,1
racketeer,1
insisting,1
emerge,1
preacher,1
initial,1
emotionally,1
suits,1
fathered,1
unions,1
abandon,1
occupation,1
straitened,1
library,1
though,1
cultural,1
equal,1
dispenser,1
italians,1
vocational,1
effective,1
institute,1
bag,1
nineteenth,1
shake,1
stock,1
deportment,1
honed,1
kitchen,1
garrie,1
newfound,1
recently,1
population,1
sentiments,1
promise,1
excellent,1
erratic,1
scale,1
can,1
grounds,1
energy,1
equip,1
perform,1
dwelling,1
required,1
uninhabitable,1
dependents,1
professionals,1
lease,1
boxes,1
bakery,1
possibility,1
sustenance,1
masculinity,1
patriarchal,1
marie,1
malnutrition,1
briefly,1
receive,1
aspiration,1
failure,1
exert,1
shape,1
taxes,1
gained,1
suspended,1
network,1
pronounce,1
basis,1
philip,1
line,1
used,1
minute,1
mandatory,1
clarke,1
taxing,1
scope,1
listening,1
already,1
investigated,1
luncheon,1
program,1
los,1
kuska,1
psychiatric,1
embarrass,1
dissatisfaction,1
charity,1
clean,1
unless,1
prominent,1
london,1
competing,1
civil,1
proprietor,1
aged,1
mitigated,1
flourish,1
positions,1
storefront,1
caught,1
tip,1
got,1
securing,1
athletics,1
loss,1
whole,1
literature,1
fail,1
printers,1
literally,1
flight,1
densely,1
actually,1
moments,1
middle,1
structures,1
friend,1
irving,1
et,1
horrified,1
personal,1
focuses,1
soundtrack,1
surrounding,1
premarital,1
talented,1
manage,1
won,1
miss,1
presbyterian,1
departed,1
enthusiastic,1
challenging,1
connections,1
escalated,1
passion,1
ballroom,1
count,1
encounters,1
retaliated,1
spouses,1
sic,1
arkansas,1
aided,1
lifted,1
change,1
www,1
running,1
officials,1
sense,1
upheavals,1
hard,1
voiced,1
roommates,1
lowest,1
talked,1
things,1
individualism,1
reliable,1
debts,1
excuse,1
coupled,1
contrast,1
theater,1
sporting,1
unguarded,1
sharp,1
quite,1
ward,1
atmosphere,1
insurance,1
urgings,1
adding,1
bank,1
adolescents,1
heat,1
hospitalised,1
leaves,1
ignore,1
fraught,1
wider,1
bridge,1
aviator,1
starting,1
choirs,1
embarrassed,1
dramatic,1
australian,1
peak,1
shadows,1
decline,1
blunt,1
suddenly,1
flavour,1
visitor,1
workforce,1
carrier,1
delinquency,1
richness,1
cary,1
proper,1
games,1
roots,1
cycle,1
unduly,1
crime,1
newly,1
lincoln,1
inform,1
aggregate,1
settle,1
ninth,1
discontents,1
suggest,1
questioning,1
undesirable,1
enjoy,1
tennessee,1
seemed,1
twen,1
smashed,1
spare,1
untrue,1
chronological,1
flourished,1
retreated,1
defended,1
athlete,1
laughed,1
san,1
underground,1
confided,1
arrangement,1
outfitted,1
luxuriously,1
demographically,1
reduced,1
caribbeans,1
equality,1
conforming,1
protecting,1
pushes,1
action,1
separation,1
lynn,1
wrote,1
leased,1
auditoriums,1
play,1
correctional,1
wait,1
tide,1
released,1
brief,1
forward,1
commit,1
nearly,1
cuisine,1
renewed,1
prevailing,1
sitting,1
cared,1
reduce,1
housework,1
converted,1
above,1
tury,1
suey,1
garden,1
surviving,1
drink,1
negi,1
storefronts,1
incorrigible,1
unprecedented,1
premises,1
masons,1
forever,1
responsibilities,1
labored,1
hiding,1
tends,1
direction,1
measure,1
label,1
queried,1
contributing,1
cheap,1
competition,1
emerged,1
yet,1
muscles,1
laboring,1
incipient,1
excessively,1
fit,1
cleveland,1
accident,1
albert,1
sex,1
array,1
seeing,1
despondent,1
clash,1
populated,1
classroom,1
thesis,1
contractors,1
management,1
compiled,1
baxter,1
property,1
orders,1
complete,1
knocked,1
lamps,1
cajoling,1
naval,1
al,1
jamaica,1
costs,1
organize,1
rape,1
disagreed,1
loom,1
speaking,1
revenge,1
functioned,1
exit,1
kerosene,1
double,1
act,1
chose,1
bars,1
au,1
diary,1
endured,1
disappearing,1
inhabitants,1
oral,1
aggregates,1
centred,1
successfully,1
comfortable,1
heritage,1
participated,1
temporarily,1
precariously,1
challenge,1
journey,1
baptist,1
reporting,1
lamp,1
safety,1
ask,1
harmonious,1
l,1
rejoined,1
towards,1
water,1
release,1
barber,1
joints,1
shows,1
expose,1
idea,1
endorse,1
ghetto,1
rents,1
pressure,1
striking,1
broadly,1
frances,1
plan,1
thurman,1
unidentified,1
agree,1
iceberg,1
attempting,1
musicians,1
come,1
enable,1
daily,1
peiss,1
angeles,1
reacted,1
banks,1
associates,1
john,1
bluff,1
slumming,1
proliferation,1
bespoke,1
desire,1
foe,1
venture,1
pennsylvania,1
fashion,1
nuclear,1
tovias,1
maker,1
forms,1
hand,1
precinct,1
drove,1
learn,1
performances,1
proletariat,1
centre,1
cards,1
fourteenthcensus,1
operating,1
manner,1
groth,1
continuing,1
orderly,1
purposes,1
refrain,1
empire,1
bets,1
establish,1
celebrated,1
accumulated,1
foot,1
answer,1
tell,1
council,1
stirred,1
disorganized,1
arduous,1
meant,1
necessary,1
poles,1
wiles,1
showing,1
swing,1
impractical,1
storekeeper,1
youth,1
mcdonnell,1
juniors,1
distance,1
style,1
reconciled,1
repairing,1
streets,1
going,1
compete,1
encountered,1
chair,1
refuted,1
outgrowth,1
girard,1
boat,1
recreational,1
degree,1
casino,1
emotional,1
remove,1
fight,1
summers,1
physique,1
kansas,1
stabilize,1
bond,1
collecting,1
corbould,1
oil,1
encounter,1
divided,1
africanamerican,1
caring,1
discovery,1
upon,1
preferring,1
uplift,1
helps,1
sides,1
discrimination,1
insist,1
formal,1
deposits,1
collections,1
tickets,1
vision,1
delinquent,1
sufficiently,1
bequeathed,1
borough,1
elite,1
identity,1
attributed,1
encouraged,1
budget,1
filthy,1
stealing,1
confidence,1
food,1
reconstructs,1
intermittent,1
convenience,1
racket,1
prospective,1
dress,1
ideas,1
bed,1
net,1
exhibited,1
belied,1
needy,1
engaged,1
check,1
chosen,1
full,1
raising,1
dismissed,1
hardened,1
advantages,1
bedroom,1
shelter,1
weaving,1
rejected,1
open,1
shielded,1
crises,1
discovered,1
transformation,1
lifeguard,1
consult,1
restraint,1
liquor,1
language,1
obtaining,1
agreement,1
dominated,1
peter,1
convalescing,1
roof,1
christopher,1
pride,1
started,1
characterized,1
threw,1
lnteràscipunary,1
gardner,1
bend,1
spread,1
summer,1
pathetic,1
static,1
course,1
orchestra,1
filled,1
earlier,1
statutory,1
losing,1
standard,1
broussard,1
lose,1
thomas,1
adequately,1
boxed,1
exchange,1
reputable,1
payment,1
lighting,1
educational,1
strongly,1
bricklayer,1
eyes,1
newspapers,1
feet,1
craft,1
rides,1
malleability,1
confidently,1
ann,1
grandmother,1
exactly,1
adjacent,1
unruly,1
electric,1
seeking,1
probably,1
swam,1
slightly,1
guess,1
equivalent,1
attracted,1
potato,1
tonsils,1
figures,1
wolcott,1
save,1
marshalling,1
relative,1
ccny,1
professional,1
meagre,1
comings,1
sole,1
pastor,1
unrelated,1
concluded,1
enumerated,1
evicted,1
performing,1
federal,1
roommate,1
tore,1
increasing,1
heap,1
farm,1
parish,1
wished,1
alpha,1
fifty,1
stage,1
straight,1
relying,1
circle,1
singer,1
chances,1
terrific,1
richest,1
sheet,1
complexion,1
collateral,1
science,1
clinton,1
movements,1
bulk,1
crucial,1
chance,1
linda,1
criminal,1
staples,1
chop,1
dissolved,1
fully,1
flowed,1
profusely,1
select,1
lines,1
citizens,1
fewer,1
humiliation,1
resumed,1
referred,1
mood,1
venues,1
seen,1
detailed,1
accommodating,1
wilson,1
remaining,1
originated,1
indicate,1
length,1
dynamism,1
settled,1
bellevue,1
arts,1
construction,1
kill,1
blood,1
grade,1
hope,1
impeded,1
surprising,1
kings,1
wives,1
inveigling,1
charlottesville,1
itself,1
event,1
worlds,1
bigger,1
regularly,1
benefitted,1
door,1
durability,1
dance,1
ofthat,1
photographs,1
share,1
contained,1
wars,1
authorities,1
deposited,1
rarely,1
reshaped,1
calling,1
reviewing,1
comes,1
series,1
dancing,1
davarian,1
mentioned,1
intensification,1
wasted,1
nervous,1
ve,1
milwaukee,1
extending,1
constituted,1
economically,1
fahey,1
turn,1
forthcoming,1
known,1
shop,1
homicides,1
ll,1
entry,1
acl,1
offers,1
alternative,1
blockl,1
downtown,1
forty,1
headed,1
know,1
crowds,1
excess,1
disgruntled,1
branches,1
fraying,1
ordered,1
asheville,1
commonplace,1
endurance,1
compelled,1
bethlehem,1
gidlund,1
seriously,1
setting,1
key,1
seem,1
gone,1
capital,1
ubiquitous,1
equivocal,1
prominence,1
comfort,1
wealthy,1
temper,1
sure,1
current,1
followers,1
grossman,1
eventually,1
brothers,1
mailed,1
obviously,1
grievances,1
sustaining,1
rely,1
arrangements,1
longstanding,1
associated,1
choosing,1
luncheonette,1
cities,1
closest,1
anomalous,1
proposed,1
freight,1
type,1
evident,1
concrete,1
charged,1
beginning,1
stint,1
activism,1
helping,1
suffering,1
penn,1
baseball,1
defending,1
answered,1
strained,1
denouncing,1
motivating,1
discharge,1
tying,1
circles,1
terms,1
selected,1
namely,1
abraham,1
concerts,1
imposed,1
nearby,1
thirty,1
maintain,1
attitudes,1
pains,1
soda,1
sociologist,1
protective,1
wake,1
interval,1
helper,1
earners,1
heavier,1
extent,1
struggling,1
sleeping,1
bitterly,1
adventurous,1
thousands,1
secure,1
migrations,1
fainted,1
balance,1
information,1
counteracted,1
alcohol,1
marriages,1
wove,1
suspicion,1
sentenced,1
adorned,1
targets,1
discussion,1
freedom,1
art,1
millions,1
disability,1
finished,1
bob,1
involving,1
burden,1
janitor,1
dimly,1
necessity,1
reify,1
ill,1
ma,1
josh,1
dice,1
courses,1
confirm,1
easy,1
ken,1
convinced,1
swollen,1
abandoned,1
subject,1
respectable,1
progressing,1
returning,1
cash,1
worst,1
poised,1
exceeded,1
vast,1
acknowledges,1
demanding,1
manufacturing,1
equipped,1
using,1
disrupted,1
isolated,1
vocal,1
ensuing,1
writing,1
harrison,1
waves,1
amenities,1
prepared,1
uncharacteristically,1
named,1
bureau,1
buying,1
question,1
promoted,1
pine,1
devoted,1
frayed,1
radicalism,1
recording,1
rubbed,1
injured,1
twentieth,1
steam,1
strikingly,1
washington,1
grant,1
charge,1
accept,1
yearsthompson,1
explanation,1
crisis,1
chad,1
americas,1
employer,1
grown,1
immersion,1
dense,1
crimes,1
consumption,1
shirley,1
haste,1
smaller,1
rheumatism,1
leonora,1
disintegrated,1
disrupt,1
colleagues,1
shortcuts,1
diaspora,1
francisco,1
plates,1
ranged,1
financially,1
booth,1
profits,1
inclination,1
specific,1
disintegrate,1
searching,1
admitting,1
besides,1
maturing,1
removed,1
deciding,1
parlors,1
spilled,1
glimpse,1
ensuring,1
endnotes,1
goings,1
c,1
cohb,1
enterprise,1
pool,1
dark,1
fears,1
views,1
bounds,1
instance,1
entire,1
usyd,1
interaction,1
develop,1
censuses,1
re,1
images,1
seek,1
deeper,1
recent,1
tired,1
broader,1
unrepresentative,1
asked,1
conversations,1
tragic,1
cited,1
martin,1
avenues,1
irma,1
