WORDCOUNTS,WEIGHT
the,934
of,554
in,370
to,295
and,272
a,198
de,156
french,120
on,118
that,113
was,102
france,94
for,83
america,81
la,81
s,80
as,76
it,66
empire,64
by,63
l,59
were,59
an,51
with,51
british,50
see,50
observateur,47
des,47
is,44
d,44
et,43
had,41
moreau,41
from,40
at,38
les,38
american,36
its,35
le,35
britain,35
this,34
north,34
their,33
war,33
he,33
which,33
one,32
colonies,32
canada,32
propaganda,32
du,29
his,29
commerce,29
new,29
paris,29
would,29
europe,28
public,28
hollandois,28
but,28
who,28
not,28
claims,28
sur,28
be,28
n,27
law,27
à,26
or,26
they,25
p,25
english,24
such,23
strategic,23
maps,23
political,22
european,22
published,21
present,21
foreign,21
mémoires,20
imperial,20
atlantic,19
dutch,19
colonial,19
have,19
between,19
no,18
other,17
those,17
opinion,17
amérique,17
nations,17
selling,17
also,17
over,17
map,17
all,16
there,16
readers,16
are,16
past,16
diplomatic,15
i,15
than,15
could,15
ed,15
number,15
if,14
vols,14
some,14
journal,14
galissonière,14
m,14
trade,14
un,14
when,14
world,14
position,13
first,13
histoire,13
monarchy,13
power,13
more,13
natural,13
might,12
politics,12
century,12
territorial,12
propagandists,11
military,11
balance,11
london,11
nation,11
noailles,11
only,11
years,11
made,11
louis,11
ministry,11
commercial,11
early,11
policy,10
state,10
argued,10
most,10
ou,10
role,10
angleterre,10
acadia,10
these,10
been,10
extrait,10
par,10
campaign,10
history,9
aae,9
fos,9
rather,9
seven,9
out,9
sovereignty,9
two,9
navy,9
david,9
dans,9
md,9
while,9
ohio,9
through,9
territory,9
au,9
states,9
pidansat,9
duc,8
title,8
england,8
principal,8
even,8
similar,8
mémoire,8
affaires,8
produced,8
about,8
culture,8
same,8
naval,8
john,8
eds,8
eighteenth,8
mairobert,8
xv,8
limites,8
louisiana,8
vision,8
utrecht,8
continental,8
pour,8
possessions,8
cambridge,8
land,8
territories,8
treaties,7
continent,7
into,7
interests,7
issue,7
powers,7
littéraire,7
bellin,7
relations,7
works,7
insisted,7
pretensions,7
though,7
en,7
support,7
boundary,7
politique,7
however,7
part,7
concernant,7
value,7
society,7
property,7
towards,7
colony,7
discovery,7
so,7
especially,7
countries,7
any,7
guerre,7
barbier,7
did,7
pufendorf,7
according,7
peoples,7
evidence,7
given,7
struggle,6
way,6
modern,6
lettre,6
ii,6
sought,6
international,6
central,6
merchants,6
affairs,6
establishments,6
perspective,6
jean,6
rights,6
fort,6
commissioners,6
possession,6
importance,6
mary,6
orientation,6
qui,6
found,6
année,6
wealth,6
because,6
argenson,6
spanish,6
influence,6
wilson,6
appeal,6
alliance,6
make,6
treaty,6
thought,6
noted,6
documents,6
geography,6
necessary,6
represented,6
like,6
sentiment,6
minorque,6
saw,6
mercantile,6
drew,6
universal,6
them,6
austrian,6
popular,6
peace,6
press,6
administration,6
droit,6
themselves,6
much,6
e,5
conquête,5
long,5
nature,5
great,5
mississippi,5
within,5
system,5
king,5
vattel,5
far,5
goal,5
since,5
against,5
interest,5
memorandum,5
gournay,5
may,5
how,5
legal,5
echoed,5
reason,5
quebec,5
pompadour,5
viewed,5
placed,5
periodical,5
r,5
future,5
during,5
forces,5
own,5
good,5
least,5
revolution,5
attention,5
hist,5
cont,5
advertised,5
oxford,5
under,5
versailles,5
less,5
remained,5
crown,5
benton,5
sold,5
pamphlets,5
him,5
cape,5
prise,5
marquis,5
offered,5
atlanticists,5
disputes,5
iv,5
masters,5
william,5
form,5
making,5
français,5
suggests,5
intended,5
com,5
arguments,5
enthusiasm,5
françois,5
chambers,5
valley,5
among,5
faction,5
go,4
o,4
obligations,4
commentary,4
archives,4
divers,4
sources,4
every,4
robert,4
case,4
foundation,4
has,4
key,4
right,4
x,4
conception,4
along,4
holland,4
aggression,4
served,4
preserving,4
indigenous,4
york,4
roi,4
ix,4
mobilize,4
lay,4
space,4
empires,4
old,4
university,4
river,4
established,4
publicists,4
linked,4
strategy,4
based,4
called,4
strength,4
used,4
example,4
description,4
place,4
point,4
lanham,4
project,4
sense,4
order,4
contrast,4
oct,4
presence,4
héguerty,4
always,4
generally,4
up,4
barbeyrac,4
will,4
critical,4
cartography,4
reception,4
message,4
thesis,4
aux,4
essai,4
tuck,4
fact,4
avec,4
idea,4
appeared,4
striking,4
viii,4
question,4
never,4
behind,4
hand,4
model,4
time,4
another,4
lauren,4
kathleen,4
writings,4
lettres,4
mercure,4
roman,4
rouge,4
low,4
cartographic,4
lakes,4
caribbean,4
played,4
earlier,4
men,4
pastand,4
acadie,4
éd,4
atlas,4
widely,4
générale,4
gens,4
rapport,4
septentrionale,4
claimed,4
fall,4
historique,4
wars,4
founded,4
ville,4
printed,4
domestic,4
very,4
written,4
historical,4
what,4
economy,4
lands,4
terms,4
feb,4
attitudes,4
île,4
her,4
servir,4
vaugondy,4
went,4
appointed,4
voyage,4
argument,4
copies,4
national,4
grotius,4
you,4
underlined,4
news,4
avis,4
ser,4
c,4
sa,3
superiority,3
dale,3
now,3
common,3
revue,3
career,3
berkeley,3
succession,3
berlin,3
philippe,3
each,3
studies,3
former,3
pedley,3
before,3
chief,3
notre,3
embraced,3
frankfurt,3
give,3
official,3
immense,3
tradition,3
réflexions,3
court,3
anglais,3
take,3
kingdom,3
peut,3
petto,3
miquelon,3
dissemination,3
où,3
sale,3
reaction,3
richard,3
hermelin,3
letter,3
germany,3
que,3
agreement,3
pièces,3
anciennes,3
neighbours,3
siècle,3
february,3
annonces,3
turn,3
moment,3
subjects,3
weight,3
rouillé,3
shipping,3
mes,3
edward,3
influential,3
ce,3
after,3
serve,3
nor,3
section,3
quoted,3
threat,3
show,3
reiterated,3
follow,3
saint,3
beyond,3
important,3
drawing,3
anglois,3
affiches,3
minorca,3
royal,3
arrived,3
closely,3
unfolding,3
here,3
ambition,3
objectives,3
dispute,3
négociant,3
supporters,3
cultural,3
appears,3
française,3
enjoyed,3
dutchman,3
étrangères,3
neutrality,3
people,3
middle,3
approach,3
camille,3
discourse,3
several,3
few,3
philip,3
st,3
luynes,3
f,3
second,3
choiseul,3
letters,3
economic,3
short,3
service,3
ancien,3
limited,3
islands,3
object,3
fighting,3
security,3
pp,3
us,3
largest,3
party,3
diary,3
constituency,3
boucher,3
temporarily,3
imperialist,3
available,3
many,3
geostrategy,3
vernon,3
banks,3
minister,3
abstract,3
council,3
jacquesnicolas,3
discussion,3
memoranda,3
lake,3
après,3
use,3
netherlands,3
described,3
breton,3
three,3
essay,3
august,3
régime,3
eve,3
maréchal,3
abbé,3
inventing,3
mariette,3
lose,3
often,3
can,3
james,3
seeking,3
rathery,3
governor,3
reluctant,3
hübner,3
relationship,3
circle,3
favour,3
ordinary,3
disagreements,3
success,3
seen,3
imperialism,3
duquesne,3
lawrence,3
souvenirs,3
comte,3
existed,3
itself,3
thinking,3
following,3
version,3
must,3
rival,3
regime,3
charles,3
sciences,3
propagandist,3
quart,3
ph,3
half,3
universel,3
audience,3
armitage,3
just,3
adduced,3
beginning,3
proceedings,3
references,3
extent,3
admiral,3
vacadie,3
avantages,3
regulate,3
concessions,3
indians,3
our,3
nov,3
cabots,3
americas,3
speak,3
comparison,3
thousand,3
potential,3
views,3
permanent,3
should,3
virtue,3
meeting,3
resources,3
sterile,2
courtly,2
later,2
generated,2
groups,2
stood,2
market,2
expedition,2
nouvelle,2
entanglements,2
sphere,2
état,2
group,2
traité,2
gembicki,2
fate,2
elaborated,2
nouveau,2
cours,2
true,2
charlevoix,2
jonathan,2
january,2
trace,2
guyana,2
contested,2
princeton,2
baker,2
negative,2
being,2
member,2
t,2
undermine,2
certainly,2
disagreement,2
production,2
gilles,2
taken,2
conflict,2
seems,2
faits,2
words,2
shaped,2
principles,2
ottawa,2
présent,2
differences,2
indifferent,2
scheme,2
subsequent,2
last,2
frégault,2
emphasized,2
stand,2
fait,2
committed,2
attempted,2
refute,2
rivalry,2
mass,2
draw,2
account,2
capable,2
marked,2
stance,2
move,2
occupy,2
juin,2
west,2
taking,2
morale,2
bell,2
establishment,2
sent,2
rochelle,2
representing,2
sont,2
engage,2
authors,2
mid,2
complained,2
deux,2
actual,2
montreal,2
sociability,2
copenhagen,2
calculated,2
instalment,2
interior,2
september,2
stakes,2
monopolizing,2
iure,2
settlements,2
jeremy,2
kind,2
keep,2
bigot,2
back,2
difficulty,2
unfruitful,2
riches,2
warned,2
y,2
leurs,2
communication,2
spread,2
coasts,2
traduit,2
croy,2
conceded,2
pontchartrain,2
late,2
geneva,2
menace,2
whose,2
identification,2
camp,2
principally,2
across,2
remain,2
interpretation,2
aggressive,2
advertisements,2
capture,2
notion,2
difficult,2
province,2
humanity,2
b,2
entre,2
direct,2
benjamin,2
special,2
mahon,2
von,2
xxx,2
centrepiece,2
projet,2
means,2
understand,2
provinces,2
wanted,2
révolution,2
repeated,2
dated,2
newbigging,2
edition,2
articulated,2
without,2
origins,2
cost,2
plates,2
hereafter,2
instance,2
shifted,2
helped,2
decades,2
view,2
appear,2
conquest,2
assets,2
développement,2
victories,2
rule,2
access,2
attack,2
format,2
shared,2
author,2
initial,2
term,2
acquiring,2
circulation,2
xlviii,2
further,2
fishermen,2
stock,2
boundaries,2
priorities,2
arguing,2
mistress,2
excellent,2
grounds,2
xvii,2
xiv,2
wide,2
besieged,2
sales,2
well,2
having,2
claiming,2
expansionary,2
degrees,2
line,2
romans,2
work,2
bolster,2
writers,2
claim,2
reader,2
favourable,2
edn,2
comment,2
positions,2
loss,2
year,2
dziembowski,2
gave,2
accord,2
policies,2
issues,2
figures,2
triumphs,2
compact,2
cast,2
genet,2
rowe,2
visions,2
strongest,2
launching,2
caused,2
describing,2
ambassador,2
hardly,2
suggest,2
politically,2
precedents,2
carried,2
explored,2
small,2
june,2
wider,2
cession,2
hugo,2
coast,2
scott,2
structured,2
appropriate,2
rest,2
favoured,2
activities,2
championed,2
avoid,2
settlers,2
battle,2
situation,2
edmond,2
shovlin,2
various,2
ans,2
wrote,2
indeed,2
expansion,2
acknowledged,2
harris,2
prove,2
july,2
still,2
above,2
intervention,2
comments,2
sponsored,2
study,2
savary,2
southern,2
put,2
hold,2
sommaire,2
aggressor,2
ministres,2
once,2
incursion,2
edited,2
recognized,2
observer,2
read,2
albert,2
mission,2
east,2
j,2
latitude,2
neither,2
imitate,2
included,2
politiques,2
cod,2
indian,2
étrangers,2
already,2
friend,2
members,2
ministère,2
carthaginians,2
tilt,2
challenge,2
fin,2
addition,2
projects,2
cultivated,2
plan,2
really,2
warning,2
hamish,2
end,2
everything,2
seize,2
celebrations,2
resolved,2
angloises,2
charges,2
took,2
do,2
where,2
continuing,2
establish,2
celebrated,2
confrontation,2
material,2
wartime,2
terns,2
kourou,2
sell,2
widespread,2
free,2
sir,2
discourses,2
vast,2
blanc,2
détail,2
range,2
enthusiastic,2
enormous,2
detailed,2
identity,2
précis,2
ignace,2
largely,2
rivers,2
engaged,2
merit,2
partisan,2
catherine,2
finally,2
passim,2
moral,2
publication,2
language,2
diplomats,2
divisions,2
threw,2
atlanticist,2
commercially,2
exchange,2
preponderance,2
enough,2
eyes,2
glenn,2
editors,2
relation,2
successful,2
imago,2
probably,2
translate,2
sept,2
spain,2
hume,2
ground,2
we,2
retraction,2
sole,2
hague,2
gennes,2
aug,2
liège,2
me,2
declaration,2
note,2
popkin,2
she,2
george,2
louisbourg,2
five,2
ideology,2
bound,2
primarily,2
puissance,2
collections,2
seventeenth,2
returned,2
anxious,2
testifies,2
conformed,2
chamber,2
education,2
suisse,2
face,2
articles,2
unusual,2
premier,2
family,2
marshal,2
acquired,2
then,2
grand,2
agents,2
extensive,2
too,2
offers,2
sustained,2
supposed,2
country,2
gazette,2
worth,2
anon,2
interested,2
trévoux,2
partisans,2
iii,2
ideological,2
pritchard,2
guy,2
associated,2
justificatives,2
invocation,2
conrad,2
turned,2
justify,2
defend,2
intendant,2
commis,2
reactions,2
spatial,2
whether,2
particular,2
lxxxix,2
mere,2
xxxii,2
almost,2
agreed,2
virginia,2
rally,2
ses,2
periodicals,2
bob,2
both,2
boston,2
son,2
careful,2
logical,2
thereby,2
little,2
sea,2
livres,2
november,2
convinced,2
rochelais,2
step,2
commissioned,2
events,2
retailed,2
traite,2
elite,2
lille,2
xviif,2
until,2
newfoundland,2
argues,2
editor,2
notes,2
jacques,2
imperative,2
mode,2
origines,2
sponberg,2
emer,2
course,2
offer,2
unoccupied,2
shirley,2
smaller,2
leiden,2
increased,2
parlement,2
supported,2
supporter,2
create,2
ownership,2
académie,2
strong,2
recent,2
observed,2
cross,2
broader,2
asked,2
doing,2
ca,2
showed,2
major,2
martin,2
réponse,2
nicholas,1
overlaid,1
final,1
grasped,1
catalysed,1
residing,1
bottom,1
does,1
doutes,1
pervaded,1
surla,1
possessed,1
atlantiques,1
rothschild,1
publique,1
principes,1
robe,1
majesté,1
deny,1
page,1
autres,1
limits,1
pufendorfian,1
venetians,1
edge,1
appealed,1
stuart,1
ordahl,1
dangeul,1
rev,1
censorship,1
particulars,1
names,1
publiciste,1
know,1
vienna,1
scholar,1
collèges,1
établir,1
commitment,1
europeans,1
separated,1
truth,1
represent,1
esprit,1
fingers,1
college,1
trans,1
presses,1
connection,1
measures,1
submission,1
alone,1
genèse,1
adoption,1
straumann,1
mountains,1
mar,1
constitution,1
distributed,1
sympathetic,1
minutes,1
joyful,1
overland,1
large,1
complex,1
replaced,1
partially,1
touched,1
saved,1
atlases,1
expression,1
piquing,1
correspondance,1
tend,1
essays,1
designed,1
crafting,1
precede,1
locked,1
formed,1
likely,1
absolutist,1
library,1
eclectic,1
huron,1
constitutes,1
ostensibly,1
reflexions,1
devalue,1
porto,1
park,1
notwithstanding,1
supervised,1
xxxi,1
conjoncture,1
abandonner,1
justified,1
western,1
distanced,1
unlike,1
laid,1
borms,1
maybe,1
assisted,1
nineteenth,1
something,1
headlands,1
rosemary,1
buffer,1
source,1
absence,1
controlled,1
paulmy,1
permitted,1
subscription,1
sic,1
different,1
dickason,1
experience,1
duverger,1
général,1
expend,1
said,1
ives,1
sit,1
olive,1
keystone,1
else,1
archiviste,1
premiers,1
meyssonnier,1
pirateries,1
fallen,1
titles,1
whom,1
commissions,1
sanglante,1
subscribed,1
actuellement,1
chronicles,1
greatness,1
unambiguously,1
exaggerated,1
aftermath,1
indicated,1
concentrated,1
feeling,1
address,1
musical,1
batavians,1
straightforwardly,1
vhistoire,1
promoting,1
degree,1
emerged,1
tolerated,1
rumor,1
discerned,1
xxxvii,1
departure,1
editions,1
containing,1
latent,1
reach,1
mails,1
économiques,1
belong,1
advantage,1
assertion,1
lxxiv,1
stay,1
thank,1
déduit,1
brochures,1
roland,1
wave,1
imaginary,1
rich,1
normative,1
follows,1
brainchild,1
plea,1
government,1
conséquences,1
resonate,1
sovereigns,1
hundred,1
characterizing,1
providence,1
debt,1
nationalism,1
québec,1
feature,1
embrace,1
avancés,1
pursues,1
consist,1
mind,1
keith,1
mr,1
primitive,1
henceforth,1
recrudescence,1
adventures,1
surely,1
hostile,1
salle,1
context,1
univ,1
papers,1
legend,1
conqueste,1
reorient,1
broadsides,1
est,1
takes,1
preventing,1
ascribed,1
existence,1
sophisticated,1
forthcoming,1
badly,1
pottinger,1
besides,1
higonnet,1
détruire,1
eastern,1
identifies,1
translating,1
draws,1
advice,1
translations,1
expenses,1
tenth,1
hirsch,1
discuss,1
naturel,1
immediate,1
receptivity,1
disseminated,1
neutralize,1
design,1
jack,1
cosmopolitiques,1
affirming,1
trenchantly,1
demands,1
recommended,1
poissardes,1
andré,1
open,1
condition,1
fortresses,1
establishing,1
diplomat,1
etienne,1
consciousness,1
taxation,1
affry,1
vital,1
causus,1
crossed,1
alarm,1
nouvelles,1
emile,1
tastes,1
idols,1
schweizer,1
classics,1
mme,1
bello,1
laws,1
cited,1
emporium,1
convient,1
furs,1
himself,1
précédé,1
prosecution,1
inexpensive,1
avocat,1
barons,1
prevented,1
stirring,1
silhouette,1
deserted,1
collection,1
separating,1
doctrine,1
jeanbaptiste,1
relativement,1
patriotisme,1
factional,1
karen,1
usage,1
succeed,1
communicated,1
acres,1
steadfastness,1
victim,1
lamontagne,1
thus,1
resonated,1
excursus,1
accessible,1
parsed,1
review,1
ronald,1
reservoir,1
dependence,1
protégés,1
famously,1
despairing,1
weakened,1
facts,1
leur,1
development,1
sending,1
ethical,1
explorers,1
pursue,1
farrell,1
run,1
bent,1
vacancy,1
patriotique,1
contentions,1
human,1
frenchmen,1
geographer,1
agent,1
collapsed,1
civilizing,1
relatively,1
ability,1
amerindian,1
decided,1
te,1
excerpted,1
issued,1
contenant,1
francobritish,1
continentalists,1
jr,1
declined,1
droits,1
commandée,1
pay,1
meyer,1
extensively,1
unwilling,1
cix,1
exhausted,1
exercise,1
solide,1
attracting,1
priority,1
fraternité,1
abstractions,1
santo,1
canoes,1
rank,1
tabetha,1
pushed,1
distinct,1
elements,1
developments,1
flourishing,1
jl,1
marchandises,1
underlying,1
legally,1
systematically,1
document,1
refer,1
ephemeral,1
commissaires,1
ithaca,1
response,1
villegille,1
independence,1
channels,1
inclusion,1
young,1
gauge,1
dearly,1
remarques,1
ally,1
séances,1
claremont,1
fiasco,1
helpful,1
autriche,1
vincent,1
consequently,1
obliging,1
attaque,1
mankind,1
actors,1
tout,1
resolutions,1
tacit,1
traditions,1
messages,1
occasion,1
chimera,1
jones,1
restated,1
imaginaries,1
generation,1
word,1
undone,1
flammermont,1
instruments,1
dyke,1
neutral,1
deums,1
bounty,1
discoverer,1
œconomique,1
grasp,1
dainville,1
belongs,1
subversive,1
harbinger,1
van,1
higher,1
media,1
failed,1
offices,1
operation,1
opposed,1
schools,1
profoundly,1
colin,1
adequate,1
legitimation,1
martinique,1
essential,1
urals,1
mexico,1
adjunct,1
fuller,1
costs,1
censer,1
dictionnaire,1
statements,1
links,1
purely,1
middling,1
prince,1
aimed,1
encompassed,1
sympathies,1
writing,1
inconspicuousness,1
essence,1
elémens,1
commentators,1
landscape,1
antagonistic,1
unvoiced,1
explicit,1
ai,1
reproche,1
patronage,1
coastal,1
treat,1
knew,1
christine,1
conceptions,1
cult,1
arts,1
stainville,1
goes,1
titled,1
coffee,1
persistent,1
supplement,1
transitional,1
françoise,1
gesture,1
sable,1
navigation,1
possess,1
k,1
lacking,1
économique,1
worthless,1
standard,1
lawyer,1
undercut,1
consequences,1
mirepoix,1
brendan,1
grenadier,1
susceptibility,1
insistence,1
carriages,1
win,1
clerk,1
tho,1
items,1
green,1
soulié,1
particulièrement,1
xlvi,1
costing,1
tensions,1
bribery,1
imagination,1
physically,1
familiar,1
belli,1
languages,1
otherwise,1
anchoring,1
interim,1
liberal,1
marechal,1
champions,1
boast,1
numbers,1
dominate,1
léry,1
house,1
frequented,1
ceded,1
observations,1
prevent,1
fêtes,1
age,1
four,1
pulpit,1
initiative,1
démasquée,1
commented,1
ceux,1
followed,1
consequence,1
stark,1
madame,1
problems,1
activité,1
willing,1
odd,1
crucially,1
publicity,1
suggested,1
management,1
cut,1
differently,1
dc,1
invading,1
disappeared,1
reflections,1
michilimackinac,1
brockliss,1
kupperman,1
opponents,1
contention,1
avant,1
xlix,1
result,1
advance,1
my,1
came,1
herald,1
rivals,1
patrice,1
path,1
unanimous,1
correspondant,1
questioned,1
corridors,1
inhumanity,1
chimerical,1
coquelle,1
encoding,1
critic,1
histories,1
opposing,1
marion,1
houses,1
search,1
ils,1
oswego,1
tunic,1
typical,1
forming,1
mapping,1
amsterdam,1
lived,1
vulnerability,1
become,1
scotland,1
règne,1
alloy,1
prepare,1
intermediary,1
grounding,1
parisian,1
luxury,1
administrateur,1
captured,1
faite,1
featured,1
struggles,1
swathes,1
longitude,1
im,1
mined,1
apr,1
passionate,1
respects,1
markets,1
clashes,1
handbook,1
xxxiii,1
equally,1
voy,1
encyclopaedia,1
catéchisme,1
occupation,1
traced,1
understood,1
shall,1
equal,1
nobles,1
posited,1
displayed,1
intérêts,1
choiseuvs,1
protégé,1
bore,1
agreements,1
dernier,1
population,1
moderne,1
système,1
energy,1
produce,1
absolute,1
vehicles,1
numerous,1
taught,1
eager,1
doctor,1
negotiated,1
approvingly,1
dror,1
marie,1
conceit,1
aspects,1
precept,1
shape,1
underlie,1
sounded,1
none,1
bandelier,1
carte,1
apathetic,1
faire,1
basis,1
relatives,1
correctly,1
pleases,1
xlii,1
makers,1
minute,1
formerly,1
simone,1
débuts,1
viability,1
nebr,1
commerçante,1
appeals,1
responding,1
imports,1
fraser,1
ouvrage,1
izvj,1
rhetorical,1
imagined,1
characterization,1
simms,1
ardour,1
stir,1
competing,1
calls,1
esp,1
siècles,1
richelieu,1
universelle,1
morales,1
lays,1
confirms,1
journals,1
routinely,1
tip,1
ten,1
reminded,1
idées,1
northern,1
traded,1
precipitated,1
sujets,1
véritable,1
island,1
consistently,1
older,1
discussions,1
wennerlind,1
gayot,1
lower,1
unmistakable,1
actually,1
centred,1
structures,1
conveyed,1
ontario,1
williams,1
celebrate,1
danes,1
intérêt,1
compass,1
patriote,1
personal,1
publish,1
statesmen,1
away,1
regarde,1
lviii,1
tirer,1
jealousy,1
loïc,1
overseas,1
une,1
putatively,1
endorsed,1
participate,1
bid,1
xvet,1
won,1
reine,1
week,1
mississauga,1
graduate,1
plumard,1
anarchical,1
analysed,1
dialogues,1
situational,1
preceded,1
staple,1
legacy,1
closing,1
viable,1
clxii,1
field,1
extérieur,1
below,1
cataloguing,1
responsibility,1
shaping,1
theoretically,1
seized,1
cribbed,1
debts,1
protest,1
trading,1
next,1
balances,1
géographie,1
edmonton,1
ministries,1
royale,1
owned,1
sharp,1
baulked,1
britannique,1
around,1
outbreak,1
dealers,1
consensus,1
driving,1
bridge,1
horrible,1
envoyées,1
eighth,1
lawyers,1
governments,1
julien,1
supposedly,1
massachusetts,1
cto,1
parried,1
stone,1
telling,1
tended,1
division,1
core,1
langue,1
parliament,1
vein,1
prerogatives,1
condemned,1
visible,1
progress,1
basle,1
dim,1
fortress,1
pays,1
using,1
correspondence,1
coyer,1
considère,1
counselled,1
kammerling,1
alienated,1
derisive,1
peppered,1
lincoln,1
recorded,1
jules,1
marketing,1
moved,1
geographical,1
dictated,1
readership,1
seemed,1
contacted,1
anson,1
latin,1
rarity,1
bretagne,1
institut,1
proprietor,1
portion,1
defended,1
kant,1
town,1
led,1
poland,1
imprint,1
outfitted,1
critics,1
avoir,1
stronger,1
configuring,1
matter,1
journaux,1
variety,1
materials,1
protecting,1
klaits,1
monarchs,1
incline,1
gabriel,1
buttress,1
action,1
jackson,1
schmidt,1
proscribe,1
sans,1
drama,1
brian,1
subject,1
bulwarks,1
play,1
yawn,1
tried,1
criticized,1
brief,1
charts,1
gevaert,1
domingo,1
supplementing,1
whatever,1
grande,1
echoing,1
souveraineté,1
prose,1
xl,1
rare,1
domination,1
manifest,1
moyens,1
basque,1
unprecedented,1
petit,1
citadella,1
piccioni,1
precious,1
sensation,1
partialité,1
religious,1
adapted,1
single,1
robin,1
chronicle,1
cheap,1
demolished,1
yet,1
zs,1
violence,1
push,1
examined,1
puissances,1
pendant,1
appuyés,1
infringing,1
counterparts,1
seeing,1
columbus,1
fifth,1
populated,1
confidence,1
ancient,1
today,1
quarrel,1
égalitaire,1
participants,1
reprise,1
home,1
light,1
rightly,1
garant,1
ewing,1
garnault,1
abandon,1
sharply,1
hatred,1
xviiie,1
passé,1
lxxviii,1
al,1
robust,1
machault,1
mould,1
incorporates,1
frightened,1
conciliate,1
odds,1
toronto,1
quotations,1
increasingly,1
rise,1
courmont,1
functioned,1
considers,1
maîtresse,1
enclaves,1
diplomatique,1
routes,1
persuade,1
nova,1
récit,1
resolution,1
degré,1
collaborators,1
loix,1
historiquement,1
valid,1
attacks,1
confided,1
frederick,1
popularity,1
strike,1
journey,1
passed,1
again,1
others,1
death,1
ended,1
libéralisme,1
pointed,1
preferences,1
remportée,1
backed,1
harmonious,1
towns,1
usually,1
inédits,1
ken,1
smith,1
vannée,1
signified,1
efforts,1
recoiled,1
persuasion,1
mundi,1
happening,1
main,1
regents,1
coincidence,1
treatment,1
preserve,1
head,1
pressure,1
revenue,1
xlv,1
travaux,1
creative,1
frances,1
milestone,1
agree,1
murphy,1
developed,1
regulation,1
demonstrations,1
doors,1
choice,1
teeth,1
educated,1
germans,1
pamphlet,1
richer,1
envisioning,1
demonstrating,1
borders,1
forging,1
apportion,1
strait,1
presente,1
debated,1
contemporary,1
normatively,1
delighted,1
époque,1
book,1
dull,1
fashion,1
impending,1
véron,1
man,1
discussed,1
conferred,1
composant,1
channel,1
ought,1
itineraries,1
drove,1
v,1
stidstone,1
tales,1
gazettes,1
remarkable,1
françoises,1
centre,1
holzhey,1
orangist,1
keys,1
il,1
secular,1
developing,1
competitors,1
occupied,1
equitable,1
execution,1
non,1
extremity,1
foederis,1
ultimately,1
tell,1
parent,1
imperialists,1
stirred,1
kaiser,1
negotiators,1
spring,1
relayed,1
chapelle,1
parfait,1
invitation,1
consultant,1
bully,1
paix,1
books,1
armée,1
booksellers,1
manifested,1
gives,1
reconciled,1
compete,1
encountered,1
remarkably,1
outlines,1
casting,1
convergences,1
responded,1
bélissa,1
imagine,1
original,1
impératrice,1
credit,1
classes,1
private,1
arch,1
sanguinary,1
campaigns,1
états,1
rulers,1
wished,1
considering,1
gérard,1
chiefly,1
shaky,1
maritime,1
israel,1
sides,1
itinerario,1
formal,1
region,1
including,1
closed,1
passes,1
sworn,1
launched,1
colonize,1
recover,1
herself,1
medium,1
exploits,1
encouraged,1
prussia,1
controlling,1
bears,1
waste,1
significant,1
downplayed,1
force,1
oppose,1
virtually,1
refers,1
itinerary,1
prospective,1
blocking,1
conditions,1
lanes,1
engaging,1
ideas,1
questions,1
wolter,1
yourself,1
jusqu,1
marquise,1
nothing,1
individuals,1
venture,1
favier,1
ibid,1
désavantages,1
deployed,1
previous,1
perfidy,1
autumn,1
eight,1
eleventh,1
outpost,1
flocks,1
dating,1
minutier,1
theoretical,1
vii,1
rejected,1
publisher,1
significance,1
exports,1
clear,1
pallairet,1
displays,1
margaret,1
truths,1
loi,1
directed,1
emphasizing,1
vindication,1
hinged,1
ariette,1
points,1
sustain,1
ireland,1
try,1
fused,1
données,1
defensive,1
allowed,1
revised,1
general,1
function,1
summer,1
acquiescence,1
collected,1
rosiers,1
structuring,1
paths,1
administrative,1
counted,1
keene,1
cabot,1
preservation,1
black,1
thomas,1
construct,1
hitherto,1
latter,1
instruction,1
behest,1
accused,1
decide,1
menneville,1
conduitte,1
engross,1
comparing,1
démêlés,1
nos,1
imaginative,1
acpacis,1
laquelle,1
chapel,1
pried,1
trouble,1
interpretations,1
respectively,1
xvi,1
acquire,1
hongrie,1
scotia,1
offensive,1
harley,1
bibliothèque,1
advertisement,1
equivalent,1
dividing,1
cruel,1
morris,1
workshop,1
macmillan,1
destruction,1
engagement,1
fooled,1
pastj,1
sugar,1
monarchie,1
hanover,1
embodied,1
noblesse,1
jumonville,1
concluded,1
adviser,1
barrin,1
mitchep,1
depuis,1
gronim,1
implicitly,1
wahrman,1
rampart,1
asking,1
recueil,1
principled,1
suggestion,1
sols,1
chansons,1
entail,1
assigned,1
sirlhey,1
helmut,1
flesh,1
appended,1
responsiveness,1
commentator,1
iroquois,1
naturali,1
perry,1
îv,1
belonged,1
reviewer,1
charters,1
pans,1
lot,1
continued,1
science,1
schabas,1
babeau,1
figure,1
domains,1
victoire,1
buyers,1
consent,1
hugary,1
fully,1
hill,1
hostilités,1
reasonable,1
grim,1
category,1
lesquelles,1
inside,1
habsburg,1
attitude,1
debates,1
bare,1
dec,1
lobbying,1
slow,1
undeclared,1
referred,1
dimensions,1
insist,1
translation,1
strongly,1
began,1
courde,1
render,1
credited,1
tragedy,1
relevant,1
recognize,1
whereby,1
indicate,1
length,1
milord,1
compacts,1
owed,1
successor,1
publics,1
cease,1
paternal,1
blood,1
tapped,1
theatre,1
michael,1
united,1
achieve,1
diplomatiques,1
surprising,1
dead,1
respect,1
coloniale,1
lxxvi,1
arnouville,1
coordination,1
provisionally,1
idioms,1
centuries,1
months,1
sympathy,1
get,1
strategically,1
ouvrages,1
nevertheless,1
beasts,1
grasping,1
septentrionnale,1
humanistes,1
gaspé,1
regularly,1
stable,1
joseph,1
considered,1
sara,1
matters,1
austria,1
vlsle,1
school,1
peaceable,1
attachment,1
hakluyt,1
proof,1
meant,1
reciprocal,1
publicist,1
farge,1
emma,1
resonates,1
constant,1
mainly,1
practice,1
terrible,1
xxiv,1
abandonment,1
occasions,1
series,1
exemplified,1
antoin,1
flattering,1
humane,1
contre,1
pourra,1
dieter,1
berenson,1
demonstrate,1
joël,1
constituted,1
ever,1
jimod,1
extension,1
retirer,1
theme,1
neuchâtel,1
known,1
implied,1
ramsey,1
willingness,1
jurisprudential,1
narrowly,1
carl,1
larrère,1
invade,1
doi,1
colonialism,1
set,1
ont,1
nationales,1
coloniales,1
cover,1
milieu,1
cupidity,1
dimension,1
diarist,1
safeguard,1
principle,1
control,1
saxon,1
couronnes,1
sure,1
environment,1
possessors,1
proponents,1
quarrels,1
cultures,1
organized,1
ratio,1
commission,1
contained,1
innovations,1
vauban,1
best,1
diverting,1
appel,1
patriotism,1
expense,1
surprised,1
apparition,1
regard,1
capacity,1
underwrite,1
concurrently,1
er,1
metaphorical,1
chambre,1
ff,1
enemy,1
vindicated,1
twelfth,1
cautious,1
considerable,1
resale,1
examining,1
équilibre,1
closest,1
protect,1
type,1
absolutely,1
practises,1
etiennefrançois,1
merely,1
better,1
redefined,1
believed,1
outlook,1
agriculture,1
killed,1
defending,1
purchase,1
heads,1
communicate,1
month,1
combined,1
circles,1
rose,1
labrador,1
list,1
jacobite,1
ones,1
véritables,1
marche,1
cause,1
character,1
add,1
hoped,1
nipissing,1
statement,1
leyde,1
gauci,1
ruin,1
œuvre,1
tightly,1
directly,1
inscriptions,1
avid,1
correspondent,1
injunction,1
contemporaine,1
anglaise,1
foundations,1
lafayette,1
prestige,1
bitterly,1
precursor,1
secure,1
glee,1
fisheries,1
décembre,1
lois,1
huge,1
survenus,1
w,1
fontius,1
navigators,1
capitalisme,1
port,1
livre,1
tems,1
size,1
gratitude,1
hanoverian,1
marking,1
bodies,1
bought,1
marc,1
paintings,1
intention,1
presented,1
voyaged,1
writes,1
commissioner,1
mod,1
ill,1
decisive,1
city,1
jahrhunderts,1
altogether,1
revolutions,1
liberté,1
anecdotique,1
toute,1
became,1
republic,1
publishers,1
xliv,1
techniques,1
durable,1
lies,1
explication,1
jérôme,1
mahonnais,1
rationale,1
jour,1
forbonnais,1
atrocity,1
unregulated,1
naturelle,1
merchant,1
ranks,1
evidenced,1
representation,1
vente,1
aspect,1
grandeur,1
qu,1
dominant,1
prepared,1
analogy,1
haye,1
pray,1
danois,1
shores,1
phélypeaux,1
robertson,1
bargaining,1
wild,1
spirit,1
devoted,1
shown,1
bear,1
drafts,1
aftershock,1
invasion,1
difference,1
complet,1
slighting,1
disposal,1
initiated,1
provenance,1
distinctive,1
defence,1
opens,1
leverage,1
samuel,1
salas,1
washington,1
charge,1
tactical,1
piracy,1
wish,1
algonquians,1
dussieux,1
contributed,1
ordre,1
worded,1
mobilizing,1
cooper,1
define,1
uneconomic,1
consumption,1
need,1
opinions,1
clearest,1
countered,1
writer,1
landed,1
affirmation,1
engraving,1
prosperity,1
saintard,1
sgard,1
off,1
voluntary,1
locate,1
area,1
hybridizing,1
presenting,1
embodies,1
shift,1
cornette,1
courneuve,1
seventeenthand,1
galloway,1
anonymous,1
respective,1
mobilized,1
correspondances,1
lobbied,1
orchestrated,1
removed,1
passages,1
actions,1
indicating,1
capitulation,1
protested,1
elites,1
charged,1
présente,1
succeeded,1
chicago,1
stipulations,1
patricia,1
reached,1
rousset,1
walpole,1
voltaire,1
exclusively,1
abroad,1
entire,1
traditional,1
benefactors,1
focus,1
images,1
conventions,1
grace,1
retrospect,1
chambres,1
famous,1
beings,1
built,1
fur,1
close,1
perception,1
respectifs,1
entres,1
deeper,1
eagerly,1
