WORDCOUNTS,WEIGHT
the,399
of,329
and,274
in,184
to,165
a,126
as,69
political,59
for,56
their,55
citizenship,50
immigrants,47
by,42
on,42
that,38
or,38
transnational,37
european,37
from,36
states,34
germany,33
with,33
national,32
france,32
countries,29
immigration,28
social,27
have,27
at,26
state,26
an,24
public,24
identity,23
islam,23
community,22
recognition,22
europe,21
country,21
are,19
beyond,19
its,19
is,19
religion,18
has,18
cultural,18
ethnic,18
this,17
which,17
s,16
religious,16
such,15
rights,15
these,15
new,15
associations,15
between,15
borders,14
participation,14
britain,14
negotiations,14
integration,14
home,13
kastoryano,13
institutions,13
into,12
within,12
communities,12
different,12
both,12
through,12
it,11
origin,11
since,11
networks,11
policies,11
about,11
see,11
were,11
after,11
identities,11
level,11
common,10
they,10
policy,10
riva,10
great,10
i,10
even,10
german,10
international,10
muslim,10
economic,10
french,10
not,10
one,9
politics,9
was,9
multiculturalism,9
same,9
but,9
organizations,9
also,9
law,9
paris,9
islamic,9
citizens,9
according,9
foreigners,9
interests,8
all,8
right,8
laws,8
relations,8
legal,8
eu,8
minority,8
collective,8
et,8
society,8
culture,8
dual,8
migration,8
freedom,8
turkish,8
studies,7
other,7
racial,7
thus,7
identification,7
based,7
population,7
place,7
world,7
action,7
power,7
incorporation,7
host,7
can,7
authorities,7
representation,7
groups,6
first,6
member,6
differences,6
case,6
supranational,6
organization,6
democratic,6
demands,6
equal,6
nation,6
ethnicity,6
order,6
discourse,6
boundaries,6
led,6
populations,6
residence,6
under,6
more,6
muslims,6
debates,6
secular,6
instruction,6
been,6
them,6
multiple,6
despite,6
institutional,6
defined,6
created,5
group,5
resources,5
development,5
space,5
immigrant,5
most,5
migrants,5
had,5
mainly,5
percent,5
civil,5
related,5
status,5
teachers,5
time,5
do,5
eds,5
local,5
netherlands,5
ties,5
become,5
la,5
relationship,5
foreign,5
claims,5
global,5
loyalty,5
historical,5
born,5
maintain,5
objective,5
d,5
voluntary,5
be,5
market,4
federation,4
berlin,4
ii,4
diversity,4
labor,4
human,4
throughout,4
century,4
perspective,4
journal,4
racism,4
act,4
activists,4
emergence,4
multicultural,4
followed,4
article,4
union,4
result,4
societies,4
however,4
well,4
abroad,4
brought,4
issues,4
structures,4
activities,4
equality,4
decisions,4
single,4
opportunities,4
assimilation,4
two,4
minorities,4
nationhood,4
children,4
strategies,4
practice,4
own,4
expression,4
individuals,4
external,4
especially,4
nationality,4
force,4
legitimacy,4
education,4
then,4
membership,4
did,4
regard,4
references,4
particular,4
français,4
while,4
postcolonial,4
question,4
years,4
although,4
create,4
north,4
scarf,3
limits,3
way,3
later,3
solidarity,3
history,3
before,3
nineteenth,3
source,3
princeton,3
hence,3
specifically,3
every,3
religions,3
nature,3
definition,3
court,3
help,3
integrate,3
forum,3
histoire,3
america,3
jus,3
some,3
shared,3
october,3
cases,3
http,3
influence,3
no,3
without,3
allegiances,3
l,3
across,3
affairs,3
parents,3
developments,3
support,3
established,3
wearing,3
just,3
expressed,3
came,3
access,3
war,3
agreements,3
affair,3
mobilization,3
work,3
example,3
people,3
statistics,3
settlement,3
involved,3
demand,3
various,3
interactions,3
turks,3
reference,3
marshall,3
increasingly,3
outside,3
where,3
norms,3
understanding,3
turkey,3
values,3
largely,3
initiatives,3
language,3
agreement,3
individual,3
insee,3
often,3
greece,3
spain,3
increasing,3
christian,3
primarily,3
le,3
who,3
linking,3
class,3
itself,3
attachment,3
founded,3
naturalized,3
principle,3
each,3
report,3
whether,3
institute,3
des,3
introduced,3
belgium,3
became,3
republic,3
african,3
colonial,3
allows,3
among,3
ultimately,3
cambridge,3
initiated,3
numerous,3
territories,3
race,3
go,2
now,2
negotiation,2
modood,2
migrated,2
extend,2
legitimate,2
implies,2
ultimate,2
church,2
center,2
jews,2
mobility,2
schools,2
federal,2
former,2
acceptance,2
protection,2
western,2
occurred,2
individually,2
total,2
du,2
diffusion,2
either,2
www,2
derives,2
adopt,2
agenda,2
official,2
accompanied,2
last,2
raised,2
those,2
context,2
takes,2
promulgated,2
eastern,2
sought,2
pub,2
mass,2
incorporate,2
establishing,2
whatever,2
point,2
framework,2
regarding,2
central,2
goal,2
million,2
review,2
component,2
minorités,2
against,2
emigration,2
kind,2
guided,2
maintaining,2
orig,2
legally,2
inclusion,2
find,2
identifications,2
border,2
traditions,2
durham,2
convention,2
via,2
developed,2
how,2
en,2
levels,2
process,2
represented,2
opportunity,2
individualisme,2
similar,2
importance,2
mobilize,2
bonds,2
dominican,2
affect,2
servants,2
les,2
xxxviii,2
clearly,2
latin,2
receiving,2
nationals,2
welfare,2
preoccupation,2
age,2
show,2
defines,2
comprising,2
permanent,2
important,2
opinion,2
view,2
whereas,2
bilateral,2
arrival,2
allow,2
could,2
found,2
search,2
called,2
emerge,2
collectively,2
term,2
italians,2
focused,2
indirect,2
française,2
scale,2
placed,2
judicial,2
guarantee,2
belonging,2
residents,2
received,2
claim,2
concept,2
london,2
curriculum,2
during,2
call,2
rise,2
solidarities,2
approach,2
good,2
stage,2
long,2
family,2
soil,2
governments,2
research,2
competed,2
fully,2
denominations,2
when,2
appropriate,2
finds,2
geographical,2
nations,2
role,2
matter,2
scientific,2
yugoslavia,2
movement,2
once,2
housing,2
treaty,2
represents,2
rules,2
challenged,2
raise,2
ed,2
étrangers,2
narratives,2
parekh,2
regional,2
only,2
sector,2
subjective,2
starting,2
toward,2
many,2
demographic,2
herbert,2
cemoti,2
treatment,2
areas,2
pressure,2
exclusion,2
choice,2
larger,2
end,2
granting,2
minister,2
hand,2
purposes,2
free,2
notion,2
fight,2
another,2
classes,2
churches,2
birth,2
made,2
schengen,2
discrimination,2
formal,2
including,2
encouraged,2
asian,2
questions,2
solis,2
stay,2
students,2
negotiating,2
significance,2
headscarves,2
express,2
like,2
so,2
general,2
played,2
vaunted,2
rushdie,2
eyes,2
parallel,2
effect,2
structure,2
january,2
engagement,2
naturalization,2
depuis,2
transformations,2
africa,2
domains,2
gans,2
employment,2
diyanet,2
inside,2
began,2
différences,2
construction,2
analysis,2
blood,2
achieve,2
british,2
rath,2
face,2
considered,2
any,2
conviction,2
qu,2
extension,2
symbolic,2
der,2
asylum,2
juridical,2
commission,2
connection,2
presence,2
brubaker,2
places,2
economy,2
idem,2
ones,2
problem,2
always,2
information,2
indifference,2
spaces,2
november,2
went,2
arguments,2
imams,2
ulrich,2
land,2
need,2
convergent,2
sur,2
specific,2
interdisciplinary,2
chicago,2
sharing,2
early,2
develop,2
taylor,2
loyalties,2
resolve,1
residing,1
democracy,1
does,1
formulated,1
rate,1
done,1
struggle,1
estimated,1
if,1
concerned,1
implying,1
militants,1
cent,1
italy,1
compensate,1
affected,1
extreme,1
reconsidered,1
determine,1
nationalities,1
resided,1
fragmented,1
introduction,1
per,1
provisory,1
large,1
replaced,1
integrity,1
illegal,1
prime,1
uncomfortable,1
entries,1
religionsgemeischaft,1
precede,1
formed,1
rogers,1
authority,1
enacting,1
competence,1
ramadan,1
notwithstanding,1
flows,1
descriptive,1
anthropology,1
unlike,1
consistory,1
po,1
faiths,1
contexts,1
turning,1
hoping,1
experience,1
predominantly,1
ethnoreligious,1
being,1
provision,1
marco,1
inc,1
electoral,1
transnationalism,1
frankfurt,1
grungesetz,1
creation,1
exclusive,1
taken,1
concentrated,1
feeling,1
secretary,1
emerged,1
xxxvii,1
seems,1
asia,1
declares,1
ulf,1
parties,1
hong,1
salmon,1
shaped,1
principles,1
scientists,1
twenty,1
refugee,1
belong,1
governed,1
reasons,1
normative,1
follows,1
able,1
government,1
link,1
reveal,1
wore,1
cohesion,1
gestion,1
schiller,1
ancestry,1
alternated,1
yasemin,1
holidays,1
emphasized,1
precisely,1
represent,1
coordinated,1
pertains,1
signs,1
nina,1
dissolved,1
daniel,1
rethinking,1
system,1
refus,1
alejandro,1
portugal,1
korzeniewicz,1
circulate,1
authoctone,1
economics,1
italian,1
e,1
marked,1
compensatory,1
condition,1
reaching,1
assure,1
reaction,1
solely,1
lochak,1
countered,1
gastarbeiter,1
west,1
combination,1
peggy,1
allemande,1
supervision,1
consequent,1
far,1
establishment,1
exchanges,1
diffused,1
conception,1
along,1
converged,1
representing,1
globalized,1
marginalized,1
transspatial,1
detemtorialized,1
anstalt,1
harmony,1
pillar,1
martiniello,1
learned,1
idéologie,1
retaining,1
includes,1
therein,1
influx,1
targeting,1
reverse,1
eventual,1
representations,1
leur,1
dynamics,1
exclusivist,1
professor,1
interior,1
initially,1
lequin,1
de,1
author,1
police,1
reflection,1
logic,1
sarkozy,1
heterogeneity,1
highlighting,1
droits,1
media,1
siècle,1
rooted,1
extensively,1
westport,1
pdf,1
ferguson,1
forced,1
exercise,1
transitional,1
unity,1
elements,1
evident,1
humphrey,1
transcends,1
refer,1
concerning,1
pierre,1
contrary,1
encompass,1
highest,1
response,1
birnbaum,1
restrict,1
africans,1
young,1
compared,1
cohen,1
third,1
witnessed,1
coincidentally,1
rebuild,1
reappropriating,1
koran,1
than,1
acknowledge,1
compromise,1
elective,1
ausländer,1
implementation,1
jean,1
phases,1
may,1
aim,1
site,1
bigo,1
oxford,1
sixteen,1
online,1
library,1
urged,1
charlestaylor,1
adequate,1
whose,1
hamburg,1
essential,1
orientale,1
rather,1
performance,1
ways,1
main,1
remain,1
sort,1
basic,1
explicit,1
westphalia,1
notices,1
publica,1
responded,1
stipulating,1
determining,1
associate,1
retour,1
eight,1
à,1
institutionalization,1
se,1
generally,1
direct,1
ongoing,1
sanctuary,1
elaborate,1
adversaries,1
enabled,1
deputy,1
white,1
reforms,1
awareness,1
harmonization,1
reinforce,1
moreover,1
supposed,1
gathering,1
thomas,1
involvement,1
ralf,1
changes,1
escape,1
nor,1
musulman,1
facilitated,1
visas,1
révolution,1
benefits,1
descent,1
india,1
clergy,1
creuset,1
elsewhere,1
director,1
monde,1
imitation,1
impact,1
gradually,1
solidified,1
instrument,1
citoyenneté,1
solid,1
umbrella,1
orientation,1
noirel,1
origins,1
follow,1
portes,1
fenet,1
peninsula,1
indonesia,1
droit,1
requires,1
terminology,1
unbound,1
expulsion,1
internal,1
founding,1
helped,1
strategy,1
faced,1
protestant,1
advocated,1
appear,1
trajectories,1
globalization,1
conflicts,1
kenya,1
veil,1
cristina,1
contention,1
zwangsarbeiter,1
klaus,1
lead,1
path,1
remapping,1
plateau,1
histories,1
opposing,1
colentravauxprep,1
begun,1
color,1
p,1
boils,1
amsterdam,1
relating,1
lived,1
patrick,1
objectives,1
changed,1
deal,1
intermediary,1
census,1
agendas,1
configuration,1
representative,1
markets,1
hui,1
further,1
gebundene,1
standardized,1
though,1
transposed,1
because,1
rousseau,1
bade,1
tools,1
teacher,1
symbols,1
persons,1
intensity,1
leca,1
sovereignty,1
applied,1
gupta,1
grounds,1
representatives,1
sanguinis,1
refuge,1
required,1
opposition,1
negotiated,1
sacrifice,1
reactivate,1
contagion,1
eliminate,1
criteria,1
ther,1
religiosity,1
aspects,1
failure,1
exert,1
shape,1
sites,1
colonies,1
directly,1
biku,1
network,1
future,1
länder,1
headscarf,1
egalitarian,1
destinations,1
scope,1
pakistanis,1
zeitung,1
basis,1
vote,1
locus,1
aujourd,1
prompted,1
confined,1
revealed,1
experiencing,1
neutrality,1
whole,1
realm,1
gave,1
older,1
constitute,1
relevance,1
underscored,1
méditenanée,1
emancipation,1
rituals,1
forces,1
reflect,1
surrounding,1
employed,1
putatively,1
participate,1
resort,1
stanford,1
president,1
gérard,1
connections,1
escalated,1
change,1
multiplicity,1
creating,1
least,1
normally,1
sense,1
xxvi,1
allegiance,1
culte,1
afghan,1
fostered,1
theoretically,1
involve,1
catholic,1
joppke,1
mediterranean,1
emphasizes,1
reaches,1
exclude,1
akhil,1
event,1
ww,1
calling,1
principals,1
spanish,1
oct,1
republics,1
yves,1
temporary,1
civic,1
massachusetts,1
protect,1
distinguished,1
latest,1
core,1
parliament,1
customary,1
coordinate,1
dependent,1
mobilizations,1
nonreligious,1
multiracial,1
loci,1
coe,1
provided,1
minneaopolis,1
actions,1
disturbing,1
massive,1
enjoy,1
behalf,1
settlers,1
south,1
liberation,1
critical,1
therefore,1
republican,1
rainer,1
xixe,1
süddetsche,1
authorization,1
territorial,1
practices,1
protecting,1
entitled,1
gerard,1
gather,1
synchronized,1
separation,1
ans,1
indeed,1
permits,1
positions,1
comparative,1
hannertz,1
brings,1
denominator,1
april,1
positioned,1
still,1
reconstruction,1
intervention,1
expanded,1
several,1
apprehensions,1
sending,1
targeted,1
settings,1
dumont,1
hold,1
tends,1
adapted,1
guarantor,1
roberto,1
promoting,1
fighting,1
robin,1
contributing,1
communications,1
cheap,1
elaboration,1
recognized,1
auspices,1
push,1
arrangements,1
sociologists,1
paradox,1
badenwürttemberg,1
thought,1
manpower,1
laïcité,1
hier,1
continuity,1
reshaping,1
technology,1
restricted,1
inspiration,1
j,1
perceived,1
smith,1
included,1
conversely,1
light,1
performed,1
cahiers,1
baltimore,1
al,1
ruhollah,1
emotional,1
noted,1
bangladesh,1
unifying,1
ev,1
subsidize,1
interdiction,1
balancing,1
members,1
reach,1
nondenominational,1
name,1
skill,1
îgth,1
ausländerpolitik,1
challenge,1
confound,1
upset,1
mosaïque,1
antipodes,1
categorization,1
crucial,1
death,1
locating,1
rejects,1
surinam,1
tremendous,1
projects,1
emotions,1
réseaux,1
fact,1
shows,1
longer,1
lack,1
leading,1
coincidence,1
reunification,1
head,1
checks,1
appeared,1
regulation,1
striving,1
manifested,1
practical,1
soulier,1
contemporary,1
arguably,1
observes,1
echr,1
serious,1
simple,1
cooperated,1
soysal,1
conspicuously,1
iranien,1
v,1
napoleon,1
nicolas,1
daniele,1
flüchtlinge,1
empire,1
establish,1
celebrated,1
council,1
duties,1
reshaped,1
morocco,1
michèle,1
belief,1
controversy,1
mercy,1
germans,1
gives,1
entitlement,1
reflected,1
deficit,1
remained,1
kong,1
territoriality,1
demonstrated,1
becomes,1
emanating,1
analyzed,1
private,1
mable,1
transnationalizing,1
oil,1
vast,1
blanc,1
discussion,1
intent,1
comprise,1
upon,1
bear,1
active,1
region,1
marginality,1
worship,1
expand,1
louis,1
elections,1
combining,1
use,1
touchstone,1
factor,1
tribalat,1
maintains,1
chosen,1
full,1
raising,1
recruitment,1
connected,1
described,1
platform,1
explorations,1
clear,1
enlargement,1
switched,1
three,1
moral,1
reality,1
directed,1
emphasizing,1
adding,1
reputation,1
health,1
faces,1
interpret,1
disproportionably,1
conferred,1
held,1
david,1
liberate,1
allowed,1
started,1
caribbean,1
would,1
period,1
function,1
brussels,1
summer,1
fr,1
reformulated,1
diasporas,1
obtained,1
lie,1
int,1
filled,1
renewal,1
scarves,1
black,1
standard,1
provides,1
martin,1
permitting,1
nonprofit,1
faith,1
jurisdiction,1
problems,1
labour,1
promote,1
study,1
dichotomist,1
efficiency,1
interpretations,1
respectively,1
acquire,1
incompatible,1
seattle,1
claiming,1
seeking,1
conscience,1
northern,1
forefront,1
destruction,1
relative,1
quarterly,1
outright,1
algerians,1
secularist,1
applies,1
decolonization,1
tariq,1
asking,1
indication,1
tests,1
imply,1
stems,1
today,1
she,1
sometimes,1
troublesome,1
linda,1
religionspedagogik,1
ideology,1
program,1
fear,1
cnrs,1
recognizes,1
widespread,1
statutes,1
means,1
lost,1
un,1
transformed,1
recognize,1
try,1
length,1
html,1
birthright,1
settled,1
applicants,1
inspired,1
methods,1
responsible,1
implementing,1
dans,1
expectations,1
droves,1
united,1
respect,1
coordination,1
centuries,1
mirror,1
pressures,1
ayatolla,1
matters,1
entertain,1
school,1
nationalité,1
proof,1
share,1
wars,1
associated,1
elected,1
singular,1
xxiv,1
transnationality,1
rea,1
citizenry,1
intervened,1
sidelines,1
homogeneity,1
incorporated,1
extending,1
demonstrate,1
regulated,1
constituted,1
ever,1
reinforced,1
appears,1
known,1
implied,1
turco,1
constructed,1
recruits,1
entry,1
distributes,1
funding,1
sciences,1
here,1
sustained,1
set,1
fatwa,1
quickly,1
dimension,1
münz,1
introducing,1
intensive,1
interpersonal,1
cultures,1
ignoring,1
spontaneous,1
xliii,1
interested,1
gone,1
marginalization,1
capital,1
down,1
schain,1
expense,1
tunisia,1
eventually,1
particularly,1
twentyfive,1
linked,1
theology,1
rely,1
privileged,1
very,1
goods,1
benefit,1
number,1
geschichte,1
cities,1
driven,1
u,1
consciousness,1
works,1
didier,1
pedagogues,1
person,1
animal,1
evincing,1
william,1
adjudicated,1
game,1
what,1
automatically,1
postnational,1
combined,1
ausgabe,1
terms,1
form,1
khomeini,1
plural,1
independently,1
imposed,1
textesi,1
liberalization,1
predicaments,1
basch,1
theory,1
extent,1
complexity,1
andjamees,1
levitt,1
property,1
almost,1
suggests,1
phenomena,1
ideal,1
rally,1
signify,1
boston,1
andrea,1
zation,1
safeguarded,1
city,1
ditip,1
content,1
easy,1
mayor,1
giving,1
techniques,1
intended,1
memberships,1
transition,1
step,1
happens,1
territory,1
com,1
exceeded,1
extended,1
contribute,1
alain,1
programs,1
obtain,1
demanding,1
policymakers,1
protestants,1
spd,1
inclines,1
officially,1
phenomenon,1
challenges,1
indians,1
aims,1
varied,1
jan,1
tions,1
iberian,1
come,1
disadvantages,1
formation,1
xxe,1
refugees,1
until,1
commercial,1
locations,1
difference,1
antilles,1
frontiers,1
generate,1
conn,1
average,1
repositioning,1
deutschland,1
quotas,1
franceallemagne,1
contract,1
lately,1
twentieth,1
charge,1
berezin,1
mode,1
crisis,1
approximately,1
include,1
broader,1
conseil,1
obstacles,1
lacunas,1
prospect,1
attempted,1
organ,1
desacralization,1
transcend,1
shift,1
respective,1
mobilized,1
trajectory,1
privileging,1
saisonarbeiter,1
distinctions,1
ensuring,1
c,1
scholarship,1
succeeded,1
negotiate,1
debate,1
texts,1
spokesmen,1
views,1
import,1
entire,1
lisbon,1
much,1
immediately,1
pakistan,1
technological,1
primordial,1
moroccans,1
recent,1
laborers,1
weil,1
should,1
études,1
asked,1
built,1
fur,1
draft,1
depreciation,1
citzenship,1
continuously,1
grants,1
