WORDCOUNTS,WEIGHT
the,567
of,328
and,325
in,288
to,256
a,205
was,132
were,122
they,120
that,105
for,98
with,94
their,88
rhodesian,78
not,74
it,71
had,68
war,67
weapons,67
or,67
s,66
as,61
guerrillas,60
on,54
african,52
fire,51
but,50
by,50
guns,49
training,45
white,44
soldiers,42
who,42
rhodesia,40
army,40
guerrilla,40
gun,39
an,39
automatic,38
zipra,36
from,36
trained,35
when,35
about,34
did,34
this,33
men,33
zanla,32
than,32
which,32
raa,31
be,31
he,30
one,29
could,29
is,29
have,29
at,28
zimbabwe,28
weapon,26
his,26
africans,26
more,26
operation,25
rar,25
see,24
them,24
most,23
its,23
so,23
there,22
harare,22
only,22
after,22
many,20
use,20
been,20
press,20
zapu,20
rhodesians,19
ak,19
aug,19
africa,19
shooting,19
if,18
i,18
sophisticated,18
how,18
because,18
into,17
no,17
well,17
london,17
infantry,17
new,17
even,16
these,16
other,16
national,16
all,15
patrol,15
salisbury,15
university,15
heading,15
own,15
notes,15
time,15
ideas,15
became,15
history,14
first,14
york,14
contact,14
made,14
shoot,14
target,14
ammunition,13
shot,13
such,13
author,13
may,13
however,13
few,13
field,13
liberation,13
david,13
would,13
luise,13
coy,13
are,12
military,12
fn,12
too,12
fired,12
south,12
zambia,12
fought,12
what,12
camps,12
skills,11
great,11
selous,11
special,11
firing,11
out,11
scouts,11
july,11
technology,11
reports,11
novel,11
while,11
almost,11
world,11
rifles,11
said,10
china,10
poor,10
rather,10
captured,10
terrorist,10
two,10
do,10
practice,10
years,10
peter,10
good,10
recruits,10
cadres,10
down,10
russia,10
struggle,9
moorcraft,9
comrades,9
every,9
effective,9
forces,9
novels,9
wrote,9
make,9
oxford,9
never,9
carried,9
claimed,9
any,9
bush,9
control,9
country,9
report,9
much,9
magazines,8
complained,8
branch,8
mozambique,8
found,8
chinese,8
skilled,8
required,8
part,8
officers,8
same,8
paul,8
wooden,8
books,8
described,8
authors,8
accurate,8
why,8
often,8
then,8
each,8
enemy,8
nov,8
way,7
fiction,7
before,7
chimurenga,7
those,7
political,7
aks,7
tanzania,7
praise,7
n,7
officer,7
important,7
troops,7
experience,7
place,7
t,7
seemed,7
instructors,7
under,7
shots,7
repulse,7
where,7
story,7
we,7
sometimes,7
also,7
command,7
know,7
johannesburg,7
alexander,7
better,7
c,7
race,7
heppenstall,6
told,6
long,6
ii,6
mau,6
soldier,6
some,6
whites,6
warfare,6
police,6
insisted,6
russian,6
without,6
soviet,6
possession,6
mclaughlin,6
former,6
my,6
train,6
hq,6
muzukuru,6
hotz,6
enough,6
memoirs,6
least,6
up,6
southern,6
once,6
security,6
smith,6
john,6
rounds,6
perhaps,6
hurricane,6
going,6
day,6
nevertheless,6
especially,6
sept,6
publishing,6
began,6
face,6
very,6
noise,6
accounts,6
both,6
tried,6
you,6
early,6
given,6
red,5
zanu,5
available,5
last,5
regiment,5
discipline,5
intelligence,5
papers,5
u,5
moscow,5
rifle,5
young,5
commanders,5
camp,5
novelists,5
mcgregor,5
hit,5
strategy,5
union,5
late,5
stiff,5
cleaning,5
example,5
gave,5
june,5
society,5
battle,5
short,5
indeed,5
service,5
fighting,5
rain,5
light,5
power,5
stories,5
man,5
hand,5
armed,5
another,5
local,5
technologies,5
language,5
like,5
him,5
anyone,5
black,5
european,5
considered,5
thinking,5
peoples,5
best,5
armies,5
replicas,5
through,5
easy,5
battalion,5
nkomo,5
need,5
specific,5
point,5
sent,5
difficult,4
mar,4
group,4
ways,4
arms,4
file,4
being,4
anything,4
proud,4
taken,4
might,4
book,4
baobab,4
hundred,4
racial,4
alberton,4
killed,4
learned,4
issued,4
z,4
kind,4
rank,4
old,4
journal,4
william,4
spraying,4
l,4
patrols,4
unit,4
gardener,4
knew,4
b,4
vietnam,4
brig,4
mercenaries,4
drill,4
though,4
galago,4
r,4
used,4
work,4
received,4
invisible,4
ranger,4
ten,4
sense,4
raeburn,4
policeman,4
lcdo,4
quite,4
oct,4
goddess,4
tended,4
interrogation,4
using,4
sophistication,4
headrick,4
parker,4
mao,4
soon,4
home,4
culture,4
naz,4
oral,4
explosives,4
reasons,4
fns,4
behind,4
v,4
michael,4
wartime,4
number,4
degree,4
nothing,4
clear,4
high,4
standard,4
spent,4
enemies,4
penguin,4
dec,4
lost,4
seen,4
itself,4
recalled,4
life,4
donated,4
wars,4
known,4
collins,4
wilkinson,4
just,4
making,4
commander,4
went,4
think,4
jan,4
course,4
land,4
area,4
themselves,4
indep,4
loyalties,4
showed,4
trick,3
concerned,3
anthony,3
later,3
large,3
true,3
studies,3
modern,3
park,3
ian,3
something,3
else,3
either,3
seems,3
pretoria,3
parties,3
carrying,3
government,3
recruit,3
take,3
cocks,3
daniel,3
has,3
historians,3
sought,3
object,3
thorns,3
moving,3
morale,3
engage,3
central,3
since,3
against,3
machine,3
lectures,3
madness,3
sp,3
back,3
served,3
radio,3
aimed,3
demonstration,3
killing,3
earlier,3
martin,3
reason,3
understand,3
house,3
argued,3
frequently,3
w,3
four,3
operate,3
beyond,3
followed,3
m,3
caute,3
kenya,3
qualities,3
jocelyn,3
based,3
rule,3
hands,3
international,3
third,3
kanengoni,3
taught,3
heinemann,3
fireforce,3
knowledge,3
people,3
call,3
marksmen,3
running,3
cold,3
ward,3
small,3
several,3
leaves,3
transfer,3
chaminuka,3
defected,3
always,3
cartridges,3
second,3
comparative,3
movement,3
chinodya,3
robin,3
joann,3
thought,3
combat,3
neither,3
orders,3
barrel,3
skin,3
natural,3
name,3
again,3
death,3
experienced,3
lack,3
udi,3
genealogy,3
ron,3
operating,3
manner,3
council,3
eds,3
ink,3
plane,3
grampus,3
writings,3
including,3
contacts,3
tippette,3
diaries,3
cameras,3
three,3
wylie,3
assignment,3
allowed,3
flood,3
kept,3
trying,3
become,3
tactics,3
can,3
infiltrators,3
straight,3
figure,3
five,3
foreign,3
fear,3
inside,3
force,3
masoja,3
kill,3
dead,3
joseph,3
school,3
believed,3
russians,3
zambian,3
version,3
tanks,3
simply,3
equipment,3
chapman,3
descriptions,3
different,3
east,3
raid,3
seem,3
firepower,3
half,3
harvest,3
wood,3
turned,3
born,3
according,3
form,3
want,3
maintain,3
statement,3
problem,3
missed,3
trees,3
missiles,3
publishers,3
measure,3
helicopters,3
complaints,3
come,3
youth,3
although,3
thrasher,3
provided,3
already,3
assumed,3
johnson,3
soldiering,3
among,3
close,3
countryside,2
frequent,2
comops,2
archives,2
now,2
portuguese,2
weighed,2
rate,2
o,2
fathers,2
groups,2
stood,2
everyone,2
determine,2
worthy,2
view,2
sas,2
federation,2
per,2
needed,2
american,2
mike,2
bulawayo,2
designed,2
spears,2
formed,2
likely,2
units,2
summaries,2
servicemen,2
fixed,2
unlike,2
total,2
cornell,2
ussr,2
materials,2
women,2
bna,2
wrong,2
davis,2
connection,2
path,2
secretary,2
nature,2
simple,2
carney,2
fully,2
able,2
plumbing,2
link,2
graham,2
farmer,2
harvey,2
kempton,2
harmondsworth,2
state,2
nyathi,2
geoffrey,2
reading,2
gumbo,2
less,2
british,2
badly,2
eastern,2
lawnmowers,2
america,2
right,2
possible,2
watched,2
ball,2
condition,2
cared,2
terence,2
supply,2
corgi,2
far,2
above,2
considerably,2
frolizi,2
himself,2
flashlights,2
doke,2
weltevreden,2
controlled,2
exposed,2
million,2
radios,2
atheneum,2
accuracy,2
silent,2
missile,2
mwezi,2
flinching,2
admitted,2
unwilling,2
nor,2
self,2
ithaca,2
serving,2
machines,2
find,2
weight,2
memoir,2
artillery,2
sun,2
wounded,2
let,2
battles,2
vantage,2
failed,2
civilization,2
homeowner,2
town,2
lt,2
main,2
district,2
edward,2
bond,2
heard,2
keep,2
importance,2
parts,2
hearing,2
easily,2
blindly,2
settler,2
space,2
front,2
moreover,2
bad,2
chennells,2
bsap,2
familiar,2
bursts,2
zambezi,2
eyesight,2
infiltrate,2
warren,2
mary,2
commando,2
advancing,2
cdo,2
pounds,2
histories,2
extravagant,2
entered,2
access,2
p,2
sights,2
relating,2
burst,2
apr,2
kinship,2
moore,2
companies,2
silences,2
sibanda,2
memory,2
currey,2
shape,2
keeping,2
mazorodze,2
bullets,2
suggests,2
kjetil,2
start,2
carry,2
imagined,2
bayonets,2
brought,2
description,2
repeating,2
lectured,2
during,2
actually,2
ivan,2
away,2
manage,2
alan,2
weeks,2
towards,2
eliakim,2
someone,2
accused,2
hard,2
tentacles,2
grass,2
order,2
contrast,2
discourse,2
assemble,2
withdrawing,2
veteran,2
around,2
rr,2
fictive,2
knives,2
keegan,2
sygma,2
altogether,2
condemned,2
progress,2
zambians,2
moved,2
mcnaugher,2
sanctions,2
bhebe,2
insurgency,2
nation,2
saw,2
matter,2
insiders,2
limited,2
intended,2
return,2
brief,2
whatever,2
bloc,2
still,2
echoing,2
expanded,2
got,2
hold,2
single,2
cheap,2
joshua,2
violence,2
observer,2
intense,2
suited,2
exposure,2
j,2
recruited,2
commonwealth,2
disassemble,2
colored,2
sergeant,2
narratives,2
hunan,2
algeria,2
innate,2
published,2
tomorrow,2
organizations,2
leader,2
majority,2
admit,2
attacks,2
journey,2
mark,2
nationalists,2
put,2
binga,2
powder,2
fact,2
longer,2
idea,2
praeger,2
infantries,2
jamming,2
rugged,2
eagle,2
children,2
really,2
end,2
contemporary,2
favorite,2
serious,2
minister,2
embattled,2
took,2
racist,2
everyday,2
ground,2
journalists,2
kandaya,2
spoke,2
exotic,2
incursions,2
simplicity,2
native,2
assault,2
clapperton,2
anc,2
fight,2
grenades,2
pistols,2
leone,2
lsm,2
upon,2
ambush,2
scorned,2
raynor,2
encouraged,2
origin,2
pack,2
full,2
low,2
excited,2
august,2
held,2
individual,2
controversies,2
spirits,2
keen,2
lose,2
latter,2
instruction,2
whispering,2
tronvoll,2
commands,2
james,2
me,2
workshop,2
cape,2
hardware,2
cadre,2
aid,2
independent,2
george,2
vision,2
fewer,2
plastic,2
independence,2
cuba,2
transformed,2
yale,2
traveled,2
trew,2
bundled,2
tamarind,2
meant,2
welston,2
proof,2
shaw,2
mavhunga,2
heavy,2
fifteen,2
constant,2
changing,2
rli,2
instructed,2
physical,2
indoor,2
here,2
routinely,2
cover,2
forty,2
ran,2
branches,2
over,2
specialized,2
worth,2
global,2
gone,2
grenville,2
sudan,2
historical,2
sierra,2
heed,2
bbc,2
unlikely,2
whether,2
terms,2
boast,2
textbook,2
loved,2
institute,2
information,2
urban,2
freedom,2
fourteen,2
popular,2
little,2
presented,2
thrush,2
code,2
reported,2
francistown,2
agents,2
everywhere,2
bridges,2
matabeleland,2
equipped,2
rebels,2
snuff,2
marksmanship,2
necessarily,2
until,2
buster,2
argues,2
cambridge,2
intensified,2
defence,2
temperamental,2
finally,2
iconic,2
armstrong,2
instead,2
d,2
regular,2
col,2
disrupt,2
photograph,2
off,2
speak,2
charles,2
between,2
cached,2
terrorists,2
abroad,2
entire,2
technological,2
habeck,2
should,2
conversations,2
built,2
nicholas,1
go,1
infrared,1
smoke,1
complaint,1
barnsely,1
owes,1
deny,1
metal,1
blindfolded,1
stu,1
body,1
michela,1
malaya,1
common,1
declared,1
slows,1
car,1
curt,1
militants,1
cent,1
names,1
pull,1
berserk,1
lawnmower,1
created,1
praised,1
mimeo,1
holman,1
mushonga,1
dangers,1
market,1
deserve,1
civilians,1
admiration,1
interventions,1
precisely,1
struggled,1
revolutionary,1
fighter,1
connelljones,1
manitoba,1
nato,1
ultimate,1
fragmented,1
celebrate,1
compensated,1
pushed,1
helicopter,1
passing,1
everybody,1
minutes,1
alluded,1
center,1
amazing,1
discover,1
burton,1
complex,1
replaced,1
fed,1
mobility,1
larry,1
identify,1
lowveld,1
noteworthy,1
paresh,1
library,1
illiterate,1
h,1
completely,1
jonathan,1
desperately,1
sure,1
thoughtlessly,1
booksurge,1
fly,1
fault,1
favor,1
hip,1
ms,1
realities,1
serviceman,1
protection,1
devices,1
position,1
snag,1
western,1
committee,1
overwhelm,1
allies,1
laid,1
fléchas,1
planes,1
tells,1
exceptions,1
icoy,1
flaws,1
incredible,1
shouting,1
chief,1
romanian,1
turning,1
baker,1
hoping,1
brutal,1
diffusion,1
nyandoro,1
australia,1
undermine,1
inc,1
failing,1
cries,1
familiarity,1
yorkshire,1
suburbs,1
racially,1
supposedly,1
negash,1
contemptuously,1
finger,1
msasa,1
handle,1
quoting,1
give,1
meters,1
address,1
rapid,1
blurb,1
neutron,1
generated,1
interviewer,1
warwinning,1
anywhere,1
demonstrable,1
armoury,1
heavens,1
emerged,1
fragmentary,1
shortage,1
advanced,1
england,1
official,1
trenton,1
words,1
memorial,1
postings,1
handling,1
hoffman,1
shaped,1
outmaneuver,1
weekends,1
sup,1
tradition,1
twenty,1
advantage,1
warm,1
together,1
borders,1
desire,1
thank,1
richards,1
tactic,1
rewrote,1
narrative,1
assembled,1
spray,1
galaxie,1
brick,1
delaying,1
ezell,1
exile,1
xx,1
gideon,1
patterned,1
huggins,1
exiles,1
biologists,1
tembe,1
interviewed,1
miles,1
trouble,1
represent,1
primitive,1
conserve,1
robert,1
richmond,1
opposite,1
briefing,1
showered,1
eritrea,1
replies,1
pawns,1
mnokodo,1
forerunner,1
lubrication,1
legend,1
agile,1
disdained,1
side,1
occasional,1
generosity,1
wasted,1
hell,1
reciting,1
reefs,1
cylinder,1
calabashes,1
dying,1
money,1
motion,1
jam,1
combatants,1
saying,1
victims,1
microscopy,1
struggling,1
announced,1
felt,1
cares,1
chest,1
e,1
marked,1
leo,1
constraints,1
scully,1
fieldtrips,1
drive,1
election,1
legibility,1
richard,1
magazine,1
meanings,1
crossed,1
pilot,1
alone,1
medical,1
mastery,1
west,1
curved,1
stash,1
unpretentious,1
guerillas,1
intelligent,1
coordinating,1
asserting,1
resources,1
switched,1
interviews,1
reverence,1
measurement,1
urging,1
removes,1
sand,1
collection,1
sign,1
split,1
riverbank,1
frustrated,1
aggression,1
surplus,1
ranked,1
doubleday,1
natives,1
technologically,1
fussell,1
thus,1
pen,1
andrew,1
resonated,1
centralized,1
therein,1
throughout,1
domesticated,1
review,1
domesticating,1
tokarev,1
electron,1
surely,1
reverse,1
explained,1
eventual,1
warksworth,1
facts,1
representations,1
run,1
countless,1
sarum,1
tanganyika,1
dormitory,1
realized,1
software,1
g,1
mastered,1
neighbors,1
interest,1
zpra,1
dozen,1
ability,1
rasmussen,1
hid,1
jeremy,1
price,1
myopic,1
feb,1
obsolete,1
secretly,1
stained,1
century,1
expected,1
affairs,1
migrate,1
exercise,1
wiley,1
thing,1
candidates,1
cases,1
defense,1
edibles,1
distinct,1
amended,1
militaries,1
tokarevs,1
times,1
perspective,1
frequented,1
selection,1
freed,1
memorandum,1
contrary,1
bloody,1
six,1
extraordinary,1
preternarurally,1
lineage,1
egypt,1
ally,1
left,1
fourth,1
battalions,1
publications,1
reveled,1
weaver,1
elated,1
blowing,1
sniper,1
skirmishes,1
advantages,1
gaze,1
simonev,1
apparently,1
crack,1
traditions,1
guard,1
founder,1
general,1
understood,1
reflex,1
weakness,1
zoe,1
handful,1
influence,1
acknowledge,1
unskilled,1
rates,1
awe,1
vultures,1
banana,1
crow,1
wounds,1
hero,1
giap,1
hoare,1
muzzle,1
alexandre,1
german,1
air,1
selector,1
basil,1
testimony,1
ml,1
tait,1
bring,1
performance,1
solemnly,1
happily,1
real,1
unbelievably,1
basic,1
intumbi,1
exhausted,1
capture,1
notion,1
communism,1
hitting,1
represented,1
parents,1
mechanics,1
risk,1
similar,1
talk,1
certain,1
travels,1
adjustments,1
japanese,1
ambushes,1
mobilize,1
uncertainties,1
animals,1
derek,1
moves,1
enlisted,1
vera,1
methuen,1
exceptional,1
howard,1
send,1
downward,1
escape,1
provinces,1
acquisition,1
romantic,1
toogaloo,1
mapolisa,1
pandya,1
mission,1
plus,1
marks,1
tensions,1
evil,1
discomfited,1
organization,1
isemonger,1
statistical,1
colonialism,1
discouraged,1
mean,1
intensive,1
tasked,1
peasants,1
craven,1
seasoned,1
clientelism,1
korea,1
driven,1
quoted,1
macclellan,1
days,1
numbers,1
placed,1
articulated,1
sheer,1
instrument,1
ignorance,1
exemplify,1
umbrella,1
age,1
hammered,1
initiative,1
superior,1
rpgs,1
shorter,1
powerful,1
desperation,1
follow,1
storm,1
readings,1
map,1
efficient,1
machetes,1
filtered,1
putting,1
rigours,1
requires,1
fewest,1
overcame,1
algerian,1
slightly,1
asks,1
shifted,1
maj,1
odd,1
care,1
mo,1
helped,1
maviyane,1
faced,1
elderkin,1
caches,1
myths,1
righting,1
ineffectual,1
raudzens,1
biometrics,1
friends,1
greater,1
ranges,1
pantheon,1
berets,1
uses,1
standards,1
gregory,1
result,1
incr,1
fitted,1
lock,1
acceptable,1
lead,1
whom,1
betrayal,1
affiliated,1
walk,1
whispered,1
allow,1
negotiated,1
search,1
called,1
goodheart,1
attrition,1
frelimo,1
effort,1
zimbabweans,1
lived,1
bomb,1
users,1
changed,1
recalls,1
demands,1
scenes,1
botswana,1
platoon,1
trasher,1
pass,1
agendas,1
oh,1
insisting,1
kriger,1
hospitals,1
portsmouth,1
chiredzu,1
constantly,1
struggles,1
experts,1
none,1
term,1
accurately,1
afternoon,1
spotted,1
sword,1
hartmann,1
cultural,1
equal,1
blow,1
caves,1
mainly,1
stock,1
brigadiers,1
lethal,1
leonard,1
bore,1
tools,1
domestication,1
recently,1
youths,1
undermined,1
truly,1
excellent,1
erratic,1
otherwise,1
record,1
broadcasting,1
tension,1
perform,1
refuge,1
inus,1
saving,1
explain,1
andre,1
source,1
blake,1
acknowledgments,1
fatigued,1
surmised,1
crouks,1
vo,1
provincial,1
briefly,1
receive,1
eyewitness,1
scribbling,1
dower,1
jim,1
emotion,1
bombardment,1
christianity,1
aging,1
minimal,1
seeking,1
dilemmas,1
betrayed,1
justly,1
click,1
minute,1
musketry,1
publish,1
tops,1
preferred,1
nine,1
clean,1
claim,1
coping,1
concept,1
cio,1
hereditary,1
riflemen,1
sharon,1
compass,1
wasting,1
norm,1
reserve,1
mafuranhunzi,1
volunteer,1
secret,1
indigenous,1
zipa,1
skotaville,1
transferred,1
weltrevreden,1
shimmer,1
surprise,1
whole,1
literature,1
describe,1
fit,1
ghana,1
borthwick,1
literally,1
icon,1
collective,1
records,1
habituate,1
falling,1
statistics,1
winter,1
announcing,1
mercenary,1
device,1
cleaved,1
documented,1
somewhere,1
douglas,1
disciplined,1
hampshire,1
cat,1
clinging,1
participate,1
roodeport,1
showing,1
cosmopolitans,1
won,1
sterling,1
foes,1
assembly,1
escalated,1
natal,1
dube,1
strella,1
staple,1
change,1
social,1
caution,1
brickhill,1
below,1
love,1
ambassador,1
tom,1
buildings,1
talked,1
things,1
seized,1
socialist,1
durban,1
humiliated,1
hired,1
television,1
bloodier,1
joked,1
hence,1
settlement,1
prosecuted,1
night,1
cutlack,1
singleshot,1
retractable,1
patiently,1
family,1
reporter,1
heat,1
inactive,1
dried,1
mutineers,1
recognition,1
eleven,1
unless,1
propelled,1
highly,1
mediocre,1
guernsey,1
sylvia,1
parcel,1
lawyers,1
westad,1
civic,1
research,1
glamorous,1
telling,1
impossible,1
philip,1
miracles,1
tanzanian,1
germans,1
races,1
managed,1
lesend,1
tracks,1
necessity,1
dependent,1
purpose,1
maxwell,1
resistance,1
describes,1
beauty,1
florida,1
regal,1
grenade,1
improve,1
grateful,1
gross,1
skill,1
moveable,1
slogged,1
actions,1
gordon,1
smashed,1
nations,1
periods,1
sovietand,1
will,1
kahaner,1
critical,1
telegraph,1
originally,1
dossier,1
led,1
imprint,1
underground,1
situation,1
fascist,1
cuban,1
holds,1
variety,1
territorial,1
various,1
troop,1
rivalries,1
daneel,1
domination,1
irish,1
blokes,1
identified,1
action,1
reminiscences,1
transnational,1
affiliations,1
glasgow,1
garrison,1
bridewealth,1
corporation,1
tshinga,1
classic,1
transition,1
intimate,1
terrified,1
upward,1
concern,1
deserters,1
souvenir,1
telephones,1
twelve,1
garden,1
landed,1
dismal,1
woods,1
comments,1
experiences,1
railway,1
standing,1
samupindi,1
study,1
strategic,1
innovation,1
disarmed,1
kills,1
biological,1
informs,1
retrieved,1
depicted,1
pacific,1
loaded,1
ngoshi,1
turmoil,1
silundika,1
museum,1
splinter,1
lloyd,1
makes,1
added,1
switching,1
lemon,1
instantly,1
rhodes,1
frowned,1
angola,1
sounds,1
whose,1
repair,1
mobile,1
god,1
disastrous,1
us,1
boredom,1
thesis,1
trumped,1
jay,1
participants,1
chris,1
operated,1
manhunt,1
rocket,1
pamwwe,1
lord,1
petrol,1
baltimore,1
ed,1
dan,1
clips,1
switch,1
contempt,1
disobedience,1
alien,1
included,1
reliance,1
thursh,1
boost,1
noted,1
increasingly,1
friend,1
gentlemen,1
exit,1
phyllis,1
payments,1
stones,1
technicalities,1
harper,1
useful,1
act,1
chose,1
street,1
party,1
diary,1
members,1
birthplace,1
science,1
french,1
comfortable,1
accorded,1
flash,1
passed,1
toward,1
others,1
europe,1
reporting,1
chaps,1
harmonds,1
water,1
chain,1
spear,1
portability,1
lacked,1
lighter,1
reassemble,1
gledhill,1
doorway,1
turner,1
preserve,1
merridale,1
conduct,1
revolution,1
abilities,1
areas,1
pressure,1
unprepared,1
walked,1
match,1
murphy,1
prided,1
sloppy,1
embryo,1
pretty,1
casualties,1
daily,1
break,1
larger,1
pamphlet,1
circling,1
personal,1
watch,1
doubt,1
mk,1
import,1
rhetoric,1
ravan,1
thompson,1
patterns,1
readers,1
proverbial,1
aggressiveness,1
wild,1
physiological,1
locales,1
underway,1
frost,1
handed,1
meredith,1
pistol,1
ballinger,1
deceptive,1
ll,1
orderly,1
empire,1
flattered,1
accepted,1
rote,1
heavily,1
interview,1
strategies,1
necessary,1
rich,1
nguyen,1
adas,1
metropolitan,1
flint,1
controversy,1
mercy,1
imaginings,1
croukamp,1
ethiopia,1
male,1
encountered,1
conscripts,1
identifiable,1
scant,1
mortars,1
ingrained,1
imagine,1
aircraft,1
private,1
cssh,1
ignored,1
extended,1
encounter,1
divided,1
supplies,1
airways,1
effectiveness,1
easier,1
rsf,1
fletchas,1
technopolitics,1
instructor,1
strachen,1
ladysmith,1
discrimination,1
formal,1
giles,1
drills,1
fictional,1
fetch,1
arrows,1
manufactured,1
shootists,1
commanded,1
genial,1
ginette,1
angus,1
top,1
listener,1
appalling,1
food,1
sold,1
largely,1
confrontational,1
station,1
firearms,1
aeroplane,1
kick,1
factor,1
encounters,1
shorthands,1
albida,1
sequence,1
inflicted,1
unarmed,1
refresher,1
hew,1
rare,1
grip,1
continue,1
aids,1
california,1
epic,1
shelter,1
versions,1
negotiating,1
ties,1
ashanti,1
open,1
worry,1
substitutes,1
quotation,1
earth,1
regulars,1
distracted,1
sabotage,1
incident,1
peripheral,1
publication,1
movies,1
points,1
safety,1
victory,1
maintenance,1
invincible,1
spirit,1
pin,1
pride,1
liberate,1
started,1
countries,1
revised,1
handlers,1
obstructed,1
strange,1
housed,1
mines,1
armory,1
assassinate,1
dry,1
mountain,1
minority,1
dell,1
losing,1
thomas,1
airborne,1
africana,1
imagination,1
communists,1
procurement,1
detached,1
witness,1
random,1
problems,1
internal,1
article,1
zimbabwean,1
dawson,1
systems,1
incapable,1
k,1
parade,1
recorded,1
hastily,1
ithala,1
piston,1
sensible,1
grave,1
abysmally,1
authoritatively,1
exactly,1
displayed,1
deliberate,1
filial,1
effect,1
organizers,1
tekeste,1
announcer,1
diamond,1
learn,1
trp,1
raised,1
postwar,1
grudging,1
cease,1
internationalism,1
joanna,1
analyze,1
dominance,1
blood,1
henderson,1
peking,1
tap,1
macmillan,1
versus,1
arne,1
occupied,1
haven,1
destruction,1
joint,1
green,1
fanciful,1
stick,1
embodied,1
tafford,1
attention,1
distances,1
brown,1
stereotypes,1
justice,1
exchanged,1
telescopic,1
decolonization,1
reluctant,1
wildly,1
hunt,1
annex,1
shocked,1
edden,1
brave,1
infuriated,1
nyasha,1
suggest,1
depth,1
commandos,1
monitor,1
undifferentiated,1
shit,1
fueled,1
circle,1
rebel,1
declaration,1
flower,1
today,1
humanities,1
equals,1
wisdom,1
she,1
lot,1
banned,1
chilies,1
recall,1
clinton,1
domains,1
flinched,1
ideology,1
covosday,1
ladybrand,1
suspected,1
camo,1
stocks,1
support,1
fuller,1
begin,1
lines,1
deaths,1
months,1
widespread,1
slow,1
detailed,1
chronically,1
returned,1
souvenirs,1
transformation,1
binda,1
reservations,1
covering,1
sixty,1
directorate,1
extra,1
analysis,1
uninspired,1
underscores,1
united,1
chamber,1
frontier,1
table,1
hutchinson,1
get,1
imperialism,1
kremlin,1
bank,1
confessed,1
kirksville,1
forest,1
earliest,1
tribe,1
forests,1
stephen,1
echoes,1
benard,1
assistant,1
regularly,1
border,1
suggestions,1
anvil,1
authorities,1
dismantle,1
dependable,1
victoria,1
rarely,1
liked,1
regiments,1
girls,1
terrible,1
dispersed,1
baehari,1
comes,1
protect,1
conclusion,1
complexity,1
gibraltar,1
encampment,1
dibb,1
must,1
ve,1
founded,1
proficient,1
detachment,1
gunners,1
constituted,1
ever,1
beside,1
counterinsurgency,1
zanur,1
claims,1
trenches,1
besides,1
lightweight,1
astounding,1
doi,1
disdain,1
cotswold,1
set,1
replace,1
berkeley,1
flow,1
bulgaria,1
stamina,1
refused,1
bazooka,1
monthly,1
commonplace,1
paper,1
cultures,1
officials,1
actuality,1
journalist,1
sampling,1
board,1
believe,1
patronized,1
yellow,1
confidential,1
bourke,1
slowly,1
vines,1
ph,1
propaganda,1
wall,1
masses,1
loyalty,1
unaccounted,1
dennis,1
particularly,1
brothers,1
boasted,1
job,1
hassan,1
masternlan,1
ordered,1
disregarded,1
chairman,1
examining,1
identities,1
desk,1
climate,1
reservists,1
impressively,1
living,1
masters,1
renegades,1
absolutely,1
nuer,1
chabata,1
places,1
scholarship,1
clarity,1
beginning,1
ideologies,1
defend,1
regulations,1
didn,1
game,1
wit,1
tangent,1
foolhardy,1
heads,1
investigation,1
bristol,1
nationalist,1
ones,1
rebellion,1
lane,1
mann,1
nearby,1
che,1
corps,1
attitudes,1
fondness,1
zanzibar,1
theory,1
novelty,1
leaving,1
heavier,1
extent,1
listen,1
prepare,1
weights,1
bitterly,1
require,1
dark,1
fighters,1
twentiethcentury,1
produce,1
rayner,1
intake,1
listed,1
don,1
covos,1
evading,1
ideal,1
sable,1
targets,1
art,1
unnoticed,1
middle,1
spaces,1
norma,1
careful,1
unsophisticated,1
transport,1
multiple,1
politics,1
supt,1
conscription,1
introduced,1
sea,1
city,1
despite,1
wording,1
courses,1
duty,1
constricted,1
buy,1
die,1
scribbles,1
returning,1
gang,1
acute,1
confronted,1
conventional,1
obtain,1
reconstruct,1
clothing,1
ranks,1
pound,1
harrisburg,1
maintained,1
cubans,1
commented,1
sb,1
mythologized,1
coming,1
comprised,1
tawala,1
daring,1
precision,1
our,1
prepared,1
charlie,1
question,1
determinism,1
enthusiasm,1
formation,1
refugees,1
shown,1
dissolved,1
drafts,1
afternoons,1
unable,1
injured,1
reaction,1
reveals,1
amanuensis,1
average,1
unilateral,1
initiated,1
surrender,1
reliable,1
scribes,1
twentieth,1
mashonaland,1
catherine,1
discursive,1
aware,1
gurkhas,1
explanation,1
manufacturers,1
joined,1
operational,1
integrated,1
consolidated,1
psbo,1
certificate,1
range,1
chete,1
specialists,1
davies,1
manufacture,1
chimutengwende,1
irrefutable,1
pseudo,1
firefight,1
haphazard,1
stroud,1
evermore,1
extremely,1
association,1
wellington,1
practiced,1
morning,1
anonymous,1
needs,1
am,1
dismally,1
thousand,1
dennison,1
contradicted,1
lovemore,1
news,1
removed,1
rest,1
certainty,1
meaning,1
recounted,1
alexandra,1
interdisciplinary,1
supervise,1
marxist,1
charged,1
morse,1
era,1
irrelevant,1
x,1
civilian,1
gaute,1
wyo,1
exclusively,1
ken,1
eradication,1
caretaker,1
pat,1
pietermaritzburg,1
re,1
immediately,1
strong,1
grace,1
taylor,1
north,1
recent,1
nun,1
stackpole,1
pulling,1
virtue,1
broader,1
asked,1
marxism,1
workings,1
storey,1
interrogated,1
major,1
