WORDCOUNTS,WEIGHT
the,297
of,157
in,142
and,131
to,118
a,89
rights,56
that,54
american,52
for,51
civil,45
on,44
history,43
s,39
is,39
australian,38
australia,37
students,37
are,34
states,32
many,31
as,26
have,26
has,25
united,25
an,24
at,22
their,22
white,20
by,20
from,20
with,18
it,17
more,17
see,17
black,17
struggle,16
my,16
movement,16
i,15
was,15
australians,15
this,14
also,14
new,14
u,14
americans,13
most,13
much,13
they,12
be,12
where,12
there,11
university,11
teaching,11
years,11
although,11
long,10
racial,10
some,10
even,10
than,10
war,10
people,10
salmond,10
recent,10
race,10
but,9
freedom,9
both,9
one,8
student,8
journal,8
how,8
constitution,8
example,8
own,8
southern,8
scholars,8
john,8
especially,8
country,8
courses,8
federal,7
voting,7
king,7
had,7
its,7
still,7
about,7
these,7
countries,7
not,7
minchin,7
church,6
trobe,6
those,6
america,6
great,6
march,6
such,6
whites,6
york,6
because,6
indigenous,6
south,6
others,6
time,6
can,6
la,6
citizens,6
dream,6
cambridge,6
princeton,5
first,5
all,5
government,5
compulsory,5
find,5
ongoing,5
based,5
cultural,5
work,5
vote,5
used,5
equality,5
j,5
two,5
party,5
other,5
klan,5
do,5
local,5
been,5
who,5
life,5
often,5
particularly,5
while,5
african,5
subject,5
question,5
course,5
between,5
protests,4
studies,4
www,4
differences,4
political,4
key,4
timothy,4
since,4
may,4
his,4
undergraduates,4
powerful,4
important,4
http,4
access,4
events,4
equal,4
during,4
around,4
society,4
film,4
likely,4
nation,4
melbourne,4
security,4
god,4
or,4
same,4
published,4
retired,4
contemporary,4
feedback,4
learn,4
obsession,4
day,4
apology,4
elections,4
which,4
were,4
referendum,4
like,4
after,4
martin,4
state,4
textbooks,4
percent,4
we,4
today,4
why,4
aboriginal,4
athens,4
isaac,4
luther,4
research,4
works,4
form,4
constitutional,4
level,4
despite,4
role,4
world,4
writing,4
ga,4
national,4
should,4
democracy,3
nest,3
prize,3
identify,3
modern,3
policy,3
ian,3
before,3
t,3
ii,3
book,3
take,3
obama,3
system,3
shane,3
mass,3
politics,3
point,3
ability,3
jr,3
topic,3
ncls,3
adam,3
relations,3
refer,3
explore,3
influence,3
poverty,3
whose,3
act,3
slavery,3
bond,3
politicians,3
tyrrell,3
p,3
term,3
produced,3
excellent,3
taught,3
jim,3
almost,3
participation,3
knowledge,3
esp,3
fairclough,3
issues,3
personal,3
hard,3
contrast,3
when,3
domination,3
experiences,3
under,3
culture,3
only,3
ride,3
pbs,3
addition,3
efforts,3
considerable,3
zealand,3
perhaps,3
woman,3
number,3
exploring,3
use,3
largely,3
trust,3
low,3
would,3
class,3
become,3
attended,3
christian,3
popularity,3
joseph,3
school,3
series,3
hirst,3
cover,3
very,3
crows,3
them,3
kevin,3
making,3
particular,3
given,3
through,3
southerners,3
democratic,3
discussion,3
au,3
crespino,3
americas,3
blacks,3
observed,3
broader,3
close,3
difficult,2
go,2
does,2
now,2
way,2
meaning,2
groups,2
group,2
prime,2
informative,2
motto,2
sawer,2
western,2
unlike,2
inequality,2
rudd,2
moving,2
du,2
highlight,2
familiarity,2
fund,2
give,2
taken,2
culturally,2
naacp,2
official,2
explores,2
thank,2
confront,2
terkel,2
graham,2
discipline,2
subjugation,2
context,2
citizenship,2
british,2
ernest,2
issue,2
forthcoming,2
matthew,2
hall,2
account,2
election,2
foreigners,2
powers,2
richard,2
vital,2
along,2
bill,2
segregation,2
hollings,2
interest,2
center,2
adopted,2
century,2
learning,2
cases,2
arc,2
subjects,2
young,2
rhys,2
mobility,2
site,2
drawn,2
leadership,2
higher,2
no,2
rather,2
across,2
basic,2
levels,2
granted,2
similar,2
b,2
lassiter,2
study,2
soul,2
understand,2
organization,2
familiar,2
image,2
frequently,2
age,2
four,2
vietnam,2
generally,2
position,2
films,2
faced,2
view,2
atlanta,2
uses,2
allow,2
conservative,2
strength,2
out,2
international,2
late,2
wales,2
focused,2
teacher,2
recently,2
broadcasting,2
public,2
aspects,2
well,2
voter,2
protected,2
makers,2
protesters,2
part,2
bois,2
jacquelyn,2
discussions,2
dowd,2
flight,2
sokol,2
canberra,2
president,2
earth,2
change,2
cold,2
television,2
discourse,2
quite,2
ward,2
small,2
presence,2
st,2
using,2
valuable,2
appeal,2
critical,2
republican,2
he,2
short,2
brian,2
launch,2
corporation,2
appreciate,2
comments,2
nonwhites,2
religious,2
pacific,2
alongside,2
counterparts,2
exposes,2
classroom,2
participants,2
colored,2
members,2
law,2
power,2
fact,2
idea,2
minister,2
everyday,2
until,2
necessary,2
native,2
eds,2
books,2
distance,2
another,2
understanding,2
examples,2
discrimination,2
including,2
significant,2
fourteenth,2
full,2
advantages,2
nevertheless,2
prod,2
open,2
essay,2
allowed,2
period,2
studs,2
migrants,2
eyes,2
chapel,2
james,2
patterson,2
justice,2
european,2
me,2
selma,2
independent,2
figure,2
plays,2
claimed,2
hill,2
ballot,2
contribution,2
transformation,2
britain,2
share,2
historian,2
believed,2
extensive,2
eng,2
theme,2
text,2
here,2
resonance,2
defining,2
favorably,2
interested,2
did,2
down,2
surprised,2
regard,2
domestic,2
liberal,2
historical,2
past,2
just,2
scholarship,2
reactions,2
whether,2
want,2
feb,2
secure,2
video,2
emphasis,2
virginia,2
patriotism,2
org,2
became,2
arguments,2
allows,2
think,2
come,2
web,2
d,2
remains,2
association,2
anonymous,2
australasian,2
supported,2
news,2
c,2
debate,2
jason,2
early,2
ownership,2
little,2
focus,2
attendance,2
built,2
entities,1
releases,1
beatings,1
common,1
stuart,1
declared,1
if,1
later,1
productions,1
deserve,1
college,1
legitimate,1
e,1
alone,1
pushed,1
disc,1
told,1
becoming,1
basingstoke,1
large,1
conducted,1
complex,1
mounted,1
hate,1
denied,1
tend,1
essays,1
songs,1
live,1
library,1
duke,1
former,1
ideals,1
semester,1
protection,1
comparisons,1
allies,1
into,1
encourage,1
occurred,1
faded,1
viewpoints,1
edu,1
pioneers,1
themes,1
experience,1
gap,1
stressed,1
undermine,1
lexington,1
every,1
parliamentary,1
whom,1
certainly,1
repeatedly,1
fifteenth,1
flags,1
renée,1
military,1
articulate,1
freely,1
parties,1
georgia,1
comparatively,1
reach,1
shaped,1
available,1
copy,1
prayed,1
tradition,1
professions,1
together,1
criticize,1
reasons,1
confusion,1
ben,1
drama,1
studied,1
able,1
mississippi,1
subdued,1
religion,1
disenfranchise,1
marches,1
achieved,1
improved,1
mind,1
written,1
interviewed,1
date,1
underside,1
respond,1
henry,1
staff,1
geoffrey,1
opposite,1
hostility,1
latrobe,1
digital,1
sound,1
globe,1
preventing,1
existence,1
sophisticated,1
lynching,1
manifesto,1
dir,1
money,1
immerse,1
primary,1
saying,1
draw,1
ventures,1
right,1
stereotype,1
backing,1
football,1
helpful,1
marked,1
compelling,1
enforcement,1
temperance,1
illustrate,1
fritz,1
hungry,1
establishing,1
reaction,1
taxation,1
move,1
exaggerate,1
obvious,1
countless,1
calculated,1
internet,1
west,1
restless,1
sitemapid,1
variations,1
reflecting,1
ignores,1
relocated,1
himself,1
forged,1
engage,1
internationally,1
ranked,1
central,1
million,1
thus,1
andrew,1
resonated,1
centralized,1
amendment,1
fascinated,1
leigh,1
affiliation,1
sponsored,1
representations,1
development,1
quality,1
run,1
hodgson,1
professor,1
backgrounds,1
health,1
against,1
visited,1
silent,1
g,1
divine,1
lectures,1
relatively,1
gun,1
gunnar,1
participating,1
kirk,1
realization,1
exam,1
media,1
february,1
tutorials,1
forced,1
thing,1
wendy,1
developments,1
clark,1
pathbreaking,1
perspective,1
refreshing,1
demonstrative,1
back,1
columbia,1
clare,1
compared,1
effective,1
estimate,1
publications,1
rhythm,1
died,1
consequently,1
preserving,1
details,1
colleague,1
deeply,1
discovering,1
hardly,1
acted,1
critiquing,1
convention,1
react,1
alabama,1
crow,1
freedoms,1
romano,1
surprisingly,1
blues,1
colour,1
high,1
aborigines,1
recognized,1
reflects,1
expected,1
exact,1
dilemma,1
abolished,1
activists,1
remain,1
possession,1
breadth,1
unit,1
responded,1
process,1
kept,1
goes,1
heard,1
proportion,1
associate,1
earlier,1
persistent,1
electorate,1
deputy,1
reassess,1
feel,1
dismiss,1
moreover,1
haake,1
suffice,1
reason,1
broome,1
win,1
maintaining,1
facilitated,1
antiwar,1
signed,1
literary,1
dated,1
dition,1
proved,1
badger,1
section,1
consciousness,1
americanists,1
disaffected,1
n,1
mary,1
displays,1
restricted,1
profile,1
w,1
show,1
montgomery,1
curthoys,1
harlem,1
resource,1
follow,1
beyond,1
followed,1
problems,1
terminology,1
founding,1
care,1
m,1
drawing,1
union,1
opponents,1
whereas,1
hours,1
raiford,1
standards,1
result,1
closely,1
corbould,1
suburbs,1
extent,1
migrant,1
societies,1
could,1
found,1
search,1
attack,1
sunbelt,1
effort,1
economics,1
deal,1
ocean,1
curiosity,1
facilitate,1
census,1
insisting,1
emerge,1
strident,1
struggles,1
big,1
accurately,1
discs,1
supporters,1
traced,1
though,1
myrdal,1
treat,1
default,1
viewed,1
population,1
appearing,1
record,1
however,1
educations,1
sport,1
daisy,1
masterly,1
required,1
networks,1
possibility,1
randolph,1
memory,1
receive,1
legislate,1
conservatives,1
having,1
network,1
designation,1
basis,1
relatives,1
judiciary,1
maclntyre,1
line,1
congressmen,1
literature,1
mandatory,1
residents,1
received,1
responding,1
tool,1
fraser,1
nine,1
ku,1
concept,1
kruse,1
heavily,1
advancement,1
norm,1
curriculum,1
comment,1
sydney,1
afar,1
v,1
genuine,1
gave,1
tale,1
consistently,1
reynolds,1
broad,1
reduces,1
inspire,1
relevance,1
actually,1
gore,1
moments,1
participated,1
stimulate,1
statistics,1
speaking,1
weekly,1
reflect,1
legislation,1
overseas,1
graduate,1
ida,1
portraits,1
interracial,1
arkansas,1
someone,1
responses,1
officials,1
least,1
tolerant,1
giant,1
caused,1
responsibility,1
protest,1
politically,1
sporting,1
keenly,1
rushed,1
settlement,1
several,1
autonomy,1
few,1
june,1
tony,1
bastian,1
choose,1
governments,1
industry,1
observe,1
bellicose,1
decline,1
latest,1
coast,1
philip,1
core,1
visible,1
up,1
universities,1
majority,1
sheriff,1
resistance,1
proper,1
vent,1
peculiar,1
arrogant,1
anzasa,1
crime,1
am,1
avoid,1
collaborated,1
periods,1
settlers,1
will,1
f,1
defended,1
therefore,1
highlights,1
situation,1
demand,1
frankland,1
advocate,1
territorial,1
contact,1
various,1
action,1
wrote,1
adtimothy,1
resisted,1
limited,1
play,1
cullen,1
aspx,1
brings,1
upward,1
suburban,1
april,1
community,1
july,1
reconstruction,1
harry,1
expanded,1
currency,1
guarantor,1
hollywood,1
confronting,1
overview,1
yet,1
urged,1
victor,1
violence,1
fair,1
democrats,1
coverage,1
read,1
thought,1
sounds,1
formally,1
us,1
reconciliation,1
included,1
home,1
commonwealth,1
ellem,1
pollsters,1
cried,1
ky,1
gov,1
abroad,1
appeals,1
insights,1
visitors,1
department,1
couch,1
semiindependent,1
noted,1
increasingly,1
friend,1
innate,1
harper,1
declining,1
endured,1
haakes,1
leader,1
tuck,1
comfortable,1
afterlife,1
sometimes,1
again,1
renewed,1
europe,1
unintentional,1
ask,1
l,1
rock,1
generously,1
sky,1
registration,1
shows,1
lack,1
valid,1
stories,1
astonishment,1
coinage,1
fundamental,1
head,1
xii,1
fascinates,1
enroll,1
documents,1
demonstrations,1
bashings,1
teachers,1
children,1
nebulous,1
everything,1
remark,1
thwarting,1
audiences,1
rhetoric,1
readers,1
outside,1
took,1
stuff,1
racist,1
present,1
ground,1
secular,1
continuing,1
empire,1
ensured,1
less,1
oversimplifies,1
answer,1
sorry,1
council,1
material,1
deep,1
belief,1
compelled,1
commercial,1
counterpart,1
casting,1
degree,1
violent,1
fight,1
extended,1
secured,1
churches,1
background,1
restrictions,1
amendments,1
made,1
helps,1
sides,1
lake,1
looking,1
sufficiently,1
europeans,1
top,1
lecture,1
asian,1
skeptical,1
affection,1
causes,1
morality,1
engaging,1
survey,1
net,1
questions,1
rare,1
prelude,1
archive,1
markus,1
quotation,1
moral,1
andrews,1
welcomed,1
express,1
movies,1
profession,1
reputation,1
dominated,1
peter,1
individual,1
keep,1
divisions,1
good,1
characterized,1
covering,1
oration,1
backside,1
features,1
atone,1
shortly,1
accurate,1
provides,1
monitors,1
municipal,1
sentiment,1
enrolling,1
nuance,1
aussie,1
postworld,1
remembers,1
ann,1
acquire,1
effect,1
abreast,1
concepts,1
story,1
northern,1
attracted,1
figures,1
institution,1
attwood,1
professional,1
mens,1
basically,1
louisiana,1
claudia,1
widely,1
visit,1
separate,1
increasing,1
fails,1
dudziak,1
carried,1
chapters,1
marilyn,1
relationship,1
stems,1
dominates,1
raise,1
humanities,1
george,1
provide,1
crucial,1
battled,1
vision,1
williams,1
watergate,1
select,1
lines,1
sec,1
splcenter,1
journos,1
primarily,1
becomes,1
success,1
strongly,1
team,1
visual,1
thirteen,1
anxious,1
length,1
intend,1
responsible,1
profess,1
achieve,1
surprising,1
education,1
exists,1
get,1
rider,1
commenting,1
moniker,1
case,1
occupies,1
legitimately,1
regularly,1
bain,1
matters,1
stephen,1
claims,1
sections,1
acquired,1
bates,1
presidency,1
seriously,1
victoria,1
rarely,1
then,1
thinking,1
constant,1
conclusion,1
complexity,1
mentioned,1
pulitzer,1
memorialize,1
geographic,1
counterrevolution,1
htm,1
continues,1
delegates,1
willingness,1
potency,1
disdain,1
set,1
godfrey,1
forty,1
quickly,1
know,1
berkeley,1
control,1
hampton,1
guaranteed,1
paper,1
specialized,1
global,1
commission,1
historians,1
capital,1
best,1
unknown,1
leaders,1
ph,1
speech,1
eventually,1
ideological,1
clearly,1
edgeclift,1
warren,1
conscription,1
examining,1
rural,1
passage,1
living,1
sermons,1
bewilderment,1
senate,1
better,1
places,1
ulm,1
william,1
storyteller,1
warnings,1
redeem,1
according,1
wit,1
discuss,1
ruse,1
unlikely,1
what,1
recollections,1
automatically,1
conservatism,1
adults,1
selected,1
references,1
thirty,1
apologized,1
validate,1
statement,1
mere,1
travellers,1
complain,1
studying,1
property,1
texts,1
huge,1
fears,1
wrongs,1
tasmania,1
size,1
specializes,1
popular,1
conference,1
prior,1
amazed,1
boston,1
ustreas,1
logical,1
decisive,1
breen,1
joining,1
content,1
verification,1
unaffected,1
predecessors,1
acute,1
lesson,1
treasury,1
appointed,1
challenges,1
gain,1
coming,1
iraq,1
antigovernment,1
lucia,1
spoiled,1
campus,1
klux,1
compulsion,1
ultimately,1
tell,1
radicalism,1
roots,1
drafts,1
bush,1
generate,1
abc,1
nixon,1
frame,1
write,1
washington,1
balked,1
accept,1
crisis,1
parallels,1
register,1
offer,1
insight,1
instead,1
include,1
land,1
humor,1
staying,1
regular,1
shtml,1
defiance,1
colleagues,1
defined,1
shift,1
campaign,1
roughly,1
restrained,1
worried,1
offered,1
specific,1
dwarfs,1
third,1
mccarthy,1
themselves,1
justify,1
chicago,1
era,1
contrasting,1
create,1
norman,1
gainesville,1
views,1
evangelicals,1
informality,1
traditional,1
impress,1
duration,1
immediately,1
strong,1
comparable,1
concise,1
cross,1
doing,1
malcolm,1
barack,1
termed,1
vividly,1
preconceptions,1
major,1
