WORDCOUNTS,WEIGHT
the,848
of,500
and,365
to,364
a,323
slave,289
in,271
v,207
for,162
that,128
s,126
slaves,126
not,113
as,94
was,93
law,93
had,78
court,72
by,72
buyers,72
buyer,70
cases,69
an,66
or,65
sellers,65
on,58
their,57
have,57
sale,55
more,55
from,53
could,52
his,51
who,51
economic,50
sales,49
also,49
were,49
seller,47
did,47
with,45
c,45
case,44
damages,43
than,42
legal,42
but,42
if,41
new,41
courts,39
because,39
this,39
at,37
american,37
warranty,36
no,36
would,36
he,35
ky,34
when,34
see,33
p,32
property,32
south,32
one,31
rules,31
judges,31
other,30
price,30
be,30
about,29
la,29
n,28
sold,28
is,27
they,26
southern,26
livestock,26
such,25
history,24
value,24
sound,24
might,23
costs,23
slavery,23
even,22
carolina,22
warranties,22
it,21
york,21
example,21
pp,21
louisiana,21
should,21
died,20
warranted,20
these,20
are,20
liability,19
time,19
states,19
antebellum,18
pay,18
soundness,18
plaintiff,18
which,18
market,17
age,17
horse,17
analysis,17
protection,16
litigation,16
all,16
wahl,16
most,16
prices,16
paid,16
made,16
after,16
been,16
i,15
knew,15
markets,15
information,15
without,15
so,15
appellate,15
refused,15
her,15
those,14
jurisprudence,14
transactions,14
well,14
people,14
traders,14
press,14
only,14
disease,14
state,14
bought,14
university,13
rule,13
out,13
loss,13
good,13
ala,13
them,13
although,13
north,13
j,12
some,12
representations,12
growth,12
b,12
greater,12
gave,12
yet,12
cheaply,12
many,12
like,12
institutions,12
breach,12
commercial,12
contract,12
typically,12
between,12
common,11
remedy,11
defects,11
parties,11
ark,11
saying,11
behavior,11
doctrine,11
similar,11
emancipation,11
away,11
up,11
caveat,11
can,11
brown,11
why,11
any,11
disputes,11
remedies,11
years,11
later,10
true,10
character,10
said,10
economics,10
determined,10
human,10
relatively,10
century,10
may,10
risk,10
cost,10
fede,10
war,10
agreements,10
awarded,10
trial,10
its,10
generally,10
h,10
fact,10
where,10
plaintiffs,10
contracts,10
she,10
considered,10
what,10
cooter,10
emptor,10
defective,9
walker,9
purchaser,9
damage,9
money,9
against,9
kentucky,9
defendant,9
w,9
instance,9
mo,9
mon,9
used,9
tended,9
same,9
noted,9
l,9
defect,9
express,9
northern,9
known,9
then,9
award,9
owners,9
ga,9
ayres,8
likely,8
hardin,8
t,8
own,8
rich,8
m,8
robert,8
contractual,8
old,8
joumal,8
however,8
part,8
civil,8
knowledge,8
arkansas,8
rescission,8
matter,8
va,8
under,8
two,8
williams,8
smith,8
free,8
full,8
ired,8
life,8
specific,8
over,8
different,8
losses,8
masters,8
little,8
through,8
instead,8
include,8
d,8
evidence,8
involving,8
into,7
before,7
being,7
decided,7
expected,7
wares,7
journal,7
represented,7
injury,7
result,7
my,7
found,7
marsh,7
least,7
responsibility,7
unsound,7
ed,7
children,7
reversed,7
upon,7
use,7
tadman,7
note,7
cow,7
particularly,7
healthy,7
agreed,7
hurst,7
cambridge,7
much,7
miller,6
first,6
verdicts,6
nothing,6
auction,6
condition,6
keep,6
master,6
litt,6
incentives,6
performance,6
how,6
arm,6
white,6
view,6
y,6
horwitz,6
place,6
avoid,6
therefore,6
action,6
prove,6
make,6
edited,6
included,6
lewis,6
paul,6
equitable,6
less,6
sell,6
another,6
judge,6
health,6
held,6
bibb,6
fogel,6
consent,6
claimed,6
rob,6
transformation,6
often,6
norton,6
posner,6
worth,6
has,6
according,6
particular,6
burden,6
both,6
grant,6
teeven,6
difficult,5
helped,5
created,5
easily,5
sophia,5
nineteenth,5
flaws,5
finkelman,5
nature,5
political,5
within,5
obvious,5
brent,5
peggy,5
quality,5
ability,5
nelson,5
nor,5
general,5
though,5
alabama,5
rights,5
rather,5
coase,5
chattel,5
special,5
animals,5
shackleford,5
affect,5
days,5
frequently,5
additional,5
efficient,5
opinion,5
union,5
here,5
speculators,5
dispute,5
governing,5
ages,5
purchased,5
wealth,5
liable,5
hagan,5
unless,5
during,5
change,5
warrant,5
family,5
scott,5
will,5
led,5
death,5
thought,5
drunkenness,5
tn,5
wisconsin,5
rise,5
party,5
stated,5
gray,5
clause,5
end,5
took,5
trade,5
three,5
him,5
thomas,5
qualities,5
effect,5
institution,5
wilson,5
inspect,5
circumstances,5
simply,5
implied,5
md,5
goods,5
u,5
johnson,5
purchase,5
virginia,5
must,5
code,5
protected,5
difference,5
richard,5
offered,5
potential,5
trader,5
actions,5
themselves,5
early,5
given,5
among,5
estimated,4
way,4
slaveowners,4
affected,4
large,4
word,4
title,4
proclamation,4
spencer,4
ben,4
mind,4
calabresi,4
gaps,4
discuss,4
suicide,4
consumers,4
mental,4
far,4
along,4
himself,4
labor,4
thus,4
review,4
doctor,4
explained,4
consumer,4
friedman,4
barb,4
back,4
young,4
employers,4
vice,4
jones,4
vendor,4
whose,4
kind,4
refusing,4
granted,4
certain,4
risks,4
reason,4
discounts,4
wanted,4
k,4
presumed,4
dinah,4
judicial,4
running,4
respected,4
important,4
ear,4
typical,4
dicta,4
further,4
block,4
bore,4
grounds,4
percent,4
rubinfeld,4
edmond,4
supreme,4
work,4
redhibitory,4
trading,4
several,4
brought,4
jordan,4
wife,4
peculiar,4
negligence,4
provided,4
f,4
recognized,4
soon,4
mckee,4
lacked,4
avoided,4
ulen,4
power,4
toward,4
similarly,4
slatter,4
areas,4
man,4
men,4
insane,4
bauer,4
richards,4
reflected,4
bear,4
recover,4
encouraged,4
complicated,4
open,4
moral,4
offer,4
confederate,4
justice,4
gist,4
publishing,4
itself,4
stampp,4
celia,4
proof,4
associated,4
following,4
ran,4
bush,4
domestic,4
very,4
day,4
maryland,4
while,4
freedom,4
boston,4
ill,4
buy,4
negro,4
average,4
course,4
attributes,4
engerman,4
commodity,4
paying,4
major,4
martin,4
impossibility,3
go,3
jury,3
rescinded,3
estate,3
generated,3
determine,3
complex,3
douglass,3
policy,3
necessarily,3
total,3
lower,3
posed,3
taken,3
capital,3
diseases,3
words,3
georgia,3
skills,3
simple,3
differences,3
government,3
take,3
item,3
venereal,3
system,3
partners,3
unaware,3
adverse,3
eggertsson,3
mass,3
account,3
vol,3
porter,3
contemporaneous,3
fraud,3
point,3
say,3
apply,3
development,3
run,3
sustain,3
hanks,3
de,3
thompson,3
interest,3
sickly,3
adopted,3
burton,3
gratt,3
items,3
perspective,3
concerning,3
fig,3
compared,3
find,3
apparently,3
influence,3
let,3
parks,3
industries,3
act,3
mattered,3
crooked,3
earlier,3
importance,3
talk,3
fn,3
elements,3
sorts,3
otherwise,3
clearly,3
allocation,3
house,3
lester,3
calculations,3
cotton,3
willard,3
always,3
came,3
based,3
columbia,3
insanity,3
hands,3
missouri,3
lived,3
runaways,3
mcc,3
illness,3
evaluate,3
acquiring,3
informed,3
expressly,3
anderson,3
lung,3
suffered,3
eye,3
perform,3
required,3
reprint,3
judiciary,3
future,3
relief,3
received,3
esp,3
related,3
litigants,3
reynolds,3
actually,3
bob,3
miss,3
caused,3
owned,3
attention,3
pregnant,3
research,3
impossible,3
visible,3
resistance,3
remanded,3
newly,3
settle,3
sutch,3
business,3
various,3
return,3
merits,3
female,3
mart,3
hold,3
selection,3
exceeded,3
selling,3
arrangements,3
opportunities,3
disclosure,3
exposure,3
times,3
eliza,3
defendants,3
garland,3
sherwood,3
useful,3
fell,3
others,3
ended,3
pointed,3
put,3
shows,3
stevens,3
unsoundness,3
hand,3
rosenfield,3
accepted,3
riley,3
practice,3
hamilton,3
discussion,3
chambliss,3
values,3
merchandise,3
postbellum,3
harvard,3
questions,3
services,3
stay,3
franklin,3
roberts,3
subsequent,3
tort,3
slaveowner,3
period,3
standard,3
exchange,3
breached,3
article,3
rescind,3
trying,3
employees,3
exhibited,3
enjoyed,3
structure,3
january,3
capabilities,3
scarborough,3
we,3
relative,3
guaranteed,3
tennessee,3
me,3
sometimes,3
bound,3
hill,3
employment,3
ordinary,3
dorris,3
statutes,3
contrast,3
referred,3
yale,3
began,3
responsible,3
expectations,3
fall,3
united,3
types,3
resemble,3
chateaubriand,3
eventually,3
broke,3
constituted,3
scarcely,3
economically,3
scrutiny,3
know,3
expanding,3
believe,3
best,3
sick,3
differed,3
placing,3
person,3
william,3
whether,3
terms,3
agricultural,3
leaving,3
problem,3
yield,3
influenced,3
measles,3
owner,3
soper,3
southerners,3
arguments,3
generate,3
wis,3
institutional,3
madison,3
supported,3
uncertainty,3
bargain,3
technological,3
beings,3
schafer,3
now,2
o,2
concerned,2
represent,2
resulted,2
e,2
awarding,2
informational,2
likewise,2
discover,2
dissented,2
unsatisfactory,2
effective,2
stone,2
asserted,2
sets,2
modern,2
favor,2
ms,2
encourage,2
holding,2
exceptions,2
something,2
chandler,2
migration,2
verdict,2
du,2
women,2
formalize,2
har,2
failing,2
fazende,2
gilles,2
finger,2
adopt,2
degree,2
liberty,2
purchasers,2
killed,2
principles,2
advantage,2
linder,2
thanks,2
mississippi,2
hannah,2
tx,2
real,2
there,2
opposite,2
daniel,2
issue,2
occasional,2
sophisticated,2
alfred,2
dr,2
jenkins,2
key,2
alternatively,2
facts,2
america,2
fl,2
illustrate,2
slight,2
countered,2
purchases,2
disadvantage,2
discovered,2
zainaldin,2
cited,2
jeffereys,2
wallace,2
misrepresentation,2
smothering,2
controlled,2
interestingly,2
complained,2
regarding,2
rescinding,2
andrew,2
ronald,2
hazards,2
merchants,2
breaching,2
due,2
g,2
agent,2
told,2
vigilance,2
honest,2
ransom,2
exercise,2
turn,2
breckinridge,2
passell,2
freed,2
body,2
nosebleeds,2
weight,2
look,2
ma,2
stanley,2
redhibition,2
higher,2
nonslave,2
nearsighted,2
soltow,2
americans,2
statements,2
district,2
interpretation,2
reference,2
boff,2
process,2
suffer,2
examined,2
phrases,2
probability,2
worthless,2
pyeatt,2
productive,2
factors,2
heame,2
moreover,2
consistency,2
support,2
means,2
settled,2
escape,2
plus,2
discouraged,2
presumably,2
sum,2
edition,2
argued,2
upper,2
reasonably,2
benefited,2
commonly,2
recovered,2
resource,2
refer,2
bancroft,2
rice,2
terminology,2
care,2
faced,2
decades,2
advance,2
path,2
complications,2
six,2
called,2
deterrence,2
respects,2
standardized,2
appears,2
population,2
persons,2
younger,2
placed,2
possibility,2
wittman,2
mobilization,2
distinguish,2
literature,2
emancipated,2
clarkson,2
strict,2
del,2
significantly,2
county,2
london,2
reporters,2
agnes,2
aged,2
atack,2
barren,2
reliance,2
overview,2
consistently,2
discussions,2
constitute,2
enforce,2
runs,2
lawsuit,2
surrounding,2
won,2
mccann,2
hidden,2
approach,2
near,2
sense,2
fungible,2
billion,2
hard,2
field,2
suggest,2
excuse,2
precedents,2
involved,2
small,2
characteristics,2
concerns,2
disabilities,2
certainly,2
edwards,2
observe,2
dropsy,2
reported,2
impairment,2
essentially,2
guido,2
st,2
doctrines,2
majority,2
productivity,2
twitty,2
neoclassical,2
inform,2
moved,2
valuable,2
sophistication,2
eaves,2
second,2
arrangement,2
indeed,2
haven,2
brief,2
sargent,2
nearly,2
still,2
judgment,2
comments,2
standing,2
capitalists,2
study,2
suppose,2
retrieved,2
cheap,2
mcintire,2
relied,2
fair,2
describe,2
foreseen,2
ancient,2
reflects,2
perspectives,2
watson,2
wright,2
goodell,2
resolution,2
fire,2
tombee,2
savitt,2
preferences,2
responsibilities,2
addition,2
financial,2
roark,2
head,2
kendall,2
manifested,2
larger,2
rosengarten,2
doubt,2
subscribing,2
resolved,2
minimize,2
habit,2
match,2
reproductive,2
akerlof,2
do,2
present,2
covered,2
jenny,2
disabled,2
discounted,2
gallman,2
alderson,2
bid,2
tumer,2
perhaps,2
woman,2
hays,2
bontz,2
mokyr,2
barrett,2
minded,2
calculation,2
original,2
border,2
exploring,2
considering,2
treated,2
bail,2
memoirs,2
pertain,2
arose,2
depended,2
looking,2
herself,2
lawsuits,2
wound,2
poignant,2
operated,2
otts,2
equity,2
resulting,2
individuals,2
clauses,2
drago,2
theories,2
described,2
charge,2
clear,2
discussed,2
peter,2
workers,2
perverse,2
threw,2
fost,2
hardship,2
hiring,2
lie,2
shortly,2
macroeconomic,2
provides,2
decide,2
especially,2
maxim,2
eyes,2
nicely,2
cheves,2
assigning,2
grain,2
tendency,2
hawks,2
caution,2
bondsman,2
revolution,2
entitled,2
speculate,2
inertia,2
george,2
usually,2
five,2
proclaimed,2
naturally,2
foster,2
prudent,2
insufficient,2
primarily,2
lost,2
opportunity,2
recourse,2
render,2
dirt,2
volumes,2
dead,2
creatures,2
get,2
articles,2
figured,2
dana,2
beasts,2
bad,2
catterall,2
philander,2
acquired,2
rarely,2
fitzpatrick,2
demonstrate,2
extensive,2
sel,2
physical,2
charles,2
society,2
text,2
offers,2
sustained,2
cover,2
melamed,2
bertrand,2
country,2
advertisements,2
neglected,2
sloan,2
minimized,2
sofa,2
obviously,2
bunch,2
historical,2
botts,2
closest,2
just,2
better,2
medical,2
economy,2
lemons,2
scrofula,2
worthwhile,2
references,2
understandably,2
prudence,2
voice,2
suggests,2
infant,2
resell,2
private,2
ruled,2
uniform,2
duty,2
easy,2
african,2
giving,2
tried,2
cash,2
measure,2
commodities,2
obtain,2
neall,2
representation,2
gain,2
cruelty,2
buying,2
until,2
goldin,2
knopf,2
reveals,2
calderhead,2
twentieth,2
conditions,2
samuel,2
hardwick,2
finally,2
explanation,2
contributed,2
farther,2
barzel,2
you,2
attempted,2
off,2
measured,2
burdens,2
increased,2
anonymous,2
affliction,2
deciding,2
requires,2
cook,2
throat,2
create,2
focus,2
strong,2
digest,2
famous,2
resembled,2
doing,2
showed,2
race,2
concealed,2
costly,2
constitution,2
nicholas,1
subsequently,1
exhibiting,1
frequent,1
does,1
knee,1
abolition,1
sharpe,1
customers,1
matthews,1
mostly,1
mania,1
done,1
paralleled,1
accidents,1
child,1
suares,1
obligations,1
companionship,1
tumey,1
ironer,1
gatlin,1
declared,1
humanness,1
cary,1
briant,1
anthony,1
uselding,1
welcomed,1
gustafsson,1
groups,1
trustworthy,1
huggins,1
separated,1
truth,1
epidemics,1
college,1
touting,1
respecting,1
offset,1
intriguing,1
hartsook,1
affirming,1
alone,1
dodd,1
deceived,1
northfield,1
considerably,1
mar,1
stands,1
compensated,1
llewellyn,1
honorable,1
complaint,1
per,1
swallow,1
expect,1
village,1
group,1
hambright,1
needed,1
methodology,1
transportation,1
replaced,1
judged,1
integrity,1
pondered,1
mike,1
shoolbred,1
magnify,1
tend,1
essays,1
designed,1
idiocy,1
referring,1
carpenter,1
library,1
currency,1
liabilities,1
injuries,1
federal,1
shy,1
fuss,1
sudden,1
stamp,1
additionally,1
studies,1
specified,1
megacorp,1
meanness,1
decade,1
wend,1
overlook,1
trace,1
undertaken,1
throwing,1
yard,1
unlike,1
settling,1
occurred,1
habits,1
knox,1
tells,1
summarily,1
kenner,1
chief,1
helm,1
permitted,1
barrenness,1
routine,1
anything,1
railroads,1
prominently,1
morton,1
provision,1
poston,1
foresee,1
thefts,1
jur,1
lightly,1
overtones,1
hence,1
specifically,1
lead,1
sougeron,1
sued,1
jackson,1
numbered,1
subscribed,1
interests,1
give,1
enforceable,1
rested,1
coulter,1
economica,1
vols,1
refusal,1
humans,1
sunday,1
expectation,1
billions,1
stover,1
rational,1
tolerated,1
ourselves,1
managerial,1
peritonitis,1
resemblance,1
height,1
leading,1
transferability,1
economizing,1
assess,1
broken,1
entitlements,1
shoulder,1
firm,1
great,1
creswell,1
monitor,1
wade,1
treat,1
narrative,1
elude,1
shot,1
borne,1
mills,1
chosen,1
reveal,1
onto,1
procedure,1
lyles,1
misled,1
products,1
prevail,1
harvey,1
efficiently,1
half,1
ungar,1
embrace,1
describes,1
last,1
written,1
applegate,1
emphasized,1
stand,1
freshly,1
discharging,1
amputating,1
reserved,1
contrasting,1
profitable,1
reading,1
paas,1
favoring,1
committed,1
immorality,1
theodore,1
intelligence,1
context,1
rouge,1
piper,1
potentialbuyers,1
depends,1
british,1
stew,1
employs,1
thomton,1
julius,1
chunk,1
corresponded,1
moulton,1
inquire,1
resembles,1
redresented,1
save,1
albeit,1
task,1
capacity,1
prone,1
accountable,1
encouraging,1
expenses,1
right,1
victims,1
bax,1
jack,1
indirectly,1
baum,1
burke,1
prohibit,1
marked,1
planters,1
tolerates,1
tracing,1
paucity,1
drunkard,1
characterize,1
unmindful,1
adopting,1
setoff,1
powers,1
mutual,1
alter,1
move,1
moseley,1
humph,1
bland,1
deceit,1
foist,1
west,1
taking,1
inoculated,1
smooth,1
colorfully,1
ignores,1
establishment,1
pairs,1
whites,1
resources,1
uncertain,1
laws,1
foregone,1
bottom,1
mccullough,1
promises,1
gavin,1
irrational,1
unhappy,1
possessed,1
todd,1
prevented,1
pursuit,1
treatise,1
attesting,1
yates,1
firstrefusal,1
hazard,1
sign,1
vocalize,1
framework,1
exposed,1
bleeding,1
mistake,1
million,1
upheld,1
liquidateddamage,1
amendment,1
throughout,1
crowded,1
buckman,1
differential,1
leigh,1
whitaker,1
eventual,1
tail,1
severe,1
roger,1
neighbor,1
points,1
minutes,1
calculated,1
ganu,1
lobdell,1
initially,1
tables,1
helen,1
victory,1
olaf,1
author,1
sipple,1
characteristic,1
madness,1
strogert,1
futures,1
frantic,1
impudence,1
spot,1
jeremy,1
adams,1
conducted,1
asymmetries,1
bigelow,1
jr,1
insisted,1
convention,1
unhealthy,1
lockjaw,1
admitted,1
courtroom,1
financing,1
disclose,1
estimates,1
wah,1
icar,1
hemesath,1
maladies,1
banfield,1
ct,1
speculative,1
bay,1
behaving,1
biggers,1
parker,1
simpson,1
oldham,1
convincing,1
amount,1
encompass,1
highest,1
wason,1
quantifying,1
nosebleed,1
honesty,1
flawed,1
thrainn,1
served,1
ample,1
bagnieres,1
boatwnight,1
puffing,1
left,1
pratt,1
surges,1
third,1
single,1
vendors,1
leaf,1
despair,1
traveler,1
stinson,1
profit,1
liar,1
revised,1
landmark,1
consequently,1
aethiopis,1
swarthout,1
resolutions,1
armonk,1
greer,1
strengthening,1
jail,1
brev,1
bills,1
brooks,1
boatwright,1
forbade,1
acknowledge,1
unskilled,1
adjust,1
spells,1
error,1
feign,1
satterfield,1
dysaesthesia,1
calculate,1
behan,1
handkerchief,1
premiums,1
site,1
wounds,1
operation,1
poor,1
redhibitia,1
seeming,1
fort,1
knife,1
wishes,1
cheat,1
serg,1
fuller,1
steams,1
subjected,1
sessions,1
abolished,1
encompassed,1
absent,1
arising,1
sympathies,1
across,1
counterbalanced,1
ferguson,1
developed,1
dry,1
stop,1
remain,1
sort,1
en,1
glenview,1
parturition,1
mean,1
pinpoint,1
parents,1
delicia,1
burial,1
wren,1
dealt,1
neighborhood,1
commoditieseven,1
heard,1
proportion,1
associate,1
emery,1
mile,1
flexible,1
eight,1
stout,1
stoppenhagen,1
unconstitutional,1
greenwood,1
wellers,1
revelation,1
matched,1
slaveholders,1
lacking,1
inherit,1
read,1
pleuritis,1
govern,1
disorderly,1
consequences,1
front,1
bach,1
cresswell,1
humdh,1
raymond,1
determination,1
voluntarily,1
maximizes,1
discernible,1
acquisition,1
win,1
hairs,1
monumental,1
facilitated,1
dean,1
wages,1
anguish,1
marks,1
claiming,1
cathedral,1
entry,1
river,1
established,1
mcnealy,1
physically,1
familiar,1
benefits,1
leg,1
itinerant,1
kentuckians,1
morgan,1
dated,1
kiper,1
beckom,1
undoing,1
haslett,1
proved,1
warren,1
quoted,1
renick,1
impact,1
record,1
mccav,1
bruce,1
sheer,1
ignorance,1
hastened,1
too,1
clopton,1
unlawfully,1
show,1
operate,1
crookedness,1
overstreet,1
stewart,1
piety,1
powerful,1
flights,1
shackles,1
hart,1
requested,1
shed,1
depart,1
patt,1
evaluation,1
consequence,1
offutt,1
intercourse,1
truly,1
comelius,1
intentional,1
problems,1
visibly,1
fetched,1
answers,1
shifted,1
hit,1
brugh,1
flow,1
testify,1
rowzee,1
export,1
dug,1
truthfully,1
strengthen,1
cut,1
whipped,1
insuring,1
appear,1
disappeared,1
friends,1
aggrieved,1
carelessness,1
whereas,1
declarations,1
bo,1
standards,1
gregory,1
assets,1
location,1
allow,1
route,1
shopped,1
discount,1
color,1
access,1
sharpsburg,1
temptation,1
adhered,1
overturning,1
baton,1
tucker,1
changed,1
demands,1
recitation,1
international,1
mckay,1
pass,1
criticisms,1
impaired,1
mimicked,1
workable,1
eat,1
sanderson,1
drapetomania,1
employee,1
experts,1
app,1
late,1
accurately,1
rist,1
vexatious,1
caldwell,1
memory,1
equal,1
focused,1
buried,1
sentimental,1
michigan,1
skilled,1
maki,1
rejected,1
dugin,1
incidence,1
afforded,1
recently,1
moore,1
mcfarland,1
applied,1
excellent,1
energy,1
purveyed,1
safe,1
canaday,1
adjudge,1
pork,1
foreshadowed,1
lyons,1
guarantee,1
explain,1
taught,1
duffee,1
wide,1
industrious,1
rationality,1
surmised,1
misrepresented,1
james,1
hicks,1
impression,1
absurdity,1
criteria,1
osbom,1
hempstead,1
vendee,1
taxes,1
directly,1
none,1
having,1
resold,1
data,1
gains,1
mn,1
lied,1
inalienability,1
viability,1
residents,1
idleness,1
sanction,1
haney,1
statehood,1
schuster,1
carry,1
fulenwider,1
claim,1
conjectured,1
r,1
cozzins,1
concept,1
differ,1
purpose,1
oftentimes,1
discusses,1
explains,1
carland,1
partlow,1
apparent,1
sprudence,1
shortness,1
warehouse,1
gender,1
routinely,1
description,1
ten,1
noxious,1
jackass,1
whole,1
tale,1
tubercular,1
older,1
refined,1
rand,1
jai,1
partly,1
contains,1
accidental,1
survey,1
structures,1
speaking,1
thirteenth,1
feigned,1
et,1
call,1
advertising,1
translated,1
forces,1
personal,1
illustrative,1
douglas,1
reflect,1
lazy,1
frederic,1
hampshire,1
employed,1
il,1
rescissions,1
entails,1
shouted,1
showing,1
stallion,1
interpreted,1
rowe,1
soubie,1
cornerstone,1
rendered,1
salted,1
lungs,1
walton,1
attributed,1
limehouse,1
either,1
violated,1
monetary,1
unremarkable,1
gantt,1
flee,1
social,1
responses,1
statutory,1
bond,1
physician,1
ruinous,1
correct,1
successful,1
ditto,1
working,1
below,1
sweep,1
exchanging,1
wi,1
nursed,1
administrator,1
talked,1
seized,1
impair,1
prevalence,1
nine,1
order,1
throckmorton,1
scrofulous,1
quite,1
ward,1
davis,1
prosecuting,1
night,1
event,1
dud,1
long,1
around,1
openly,1
calling,1
enslaved,1
few,1
exemplifies,1
broughton,1
washer,1
revealing,1
allotted,1
jamil,1
ailment,1
transfer,1
temporary,1
governments,1
acts,1
ingram,1
texas,1
differing,1
yielded,1
whatsoever,1
sided,1
fully,1
slawson,1
progress,1
cattle,1
covenants,1
maxwell,1
mccall,1
pa,1
using,1
estates,1
eckles,1
breen,1
notice,1
joel,1
diminished,1
postmortem,1
substituted,1
preliminary,1
dickens,1
behalf,1
incentive,1
sobriety,1
metc,1
permin,1
awards,1
addiction,1
appeal,1
prescribed,1
advertised,1
span,1
defended,1
girl,1
mickle,1
tasks,1
unscrupulous,1
situation,1
impartial,1
dalgaard,1
middlemen,1
spelled,1
laurel,1
guarded,1
letters,1
swollen,1
contingent,1
lalande,1
injuring,1
separation,1
williamson,1
divergence,1
wrote,1
happy,1
cheapest,1
labors,1
reinstated,1
overall,1
bullard,1
expansion,1
horses,1
intended,1
acknowledged,1
harris,1
possesses,1
commit,1
drops,1
object,1
reduce,1
allen,1
boss,1
specifying,1
reconstruction,1
bill,1
indicates,1
yoram,1
petitioned,1
movement,1
rebellions,1
interesting,1
religious,1
shanks,1
positive,1
answering,1
consulted,1
worked,1
robin,1
ascribable,1
hoe,1
evenly,1
violate,1
foot,1
loaded,1
adkinson,1
nuttall,1
paralysis,1
patton,1
rulings,1
suited,1
makes,1
accident,1
steer,1
lemon,1
canceling,1
sex,1
faures,1
technology,1
faltering,1
disastrous,1
compiled,1
grimes,1
marshall,1
palmer,1
tax,1
domestics,1
darkens,1
lone,1
adjusted,1
informal,1
light,1
professor,1
outpaced,1
passions,1
disgorge,1
locality,1
colored,1
deliver,1
economycomplicated,1
silk,1
nineteenthcentury,1
bradley,1
mention,1
mich,1
inheritance,1
affections,1
published,1
double,1
fix,1
lee,1
administrators,1
inspected,1
diary,1
sandidge,1
orderliness,1
lucid,1
xenes,1
deterred,1
suit,1
ashley,1
yerg,1
request,1
kenneth,1
again,1
stating,1
blot,1
knowing,1
stripes,1
trafficking,1
lowering,1
unenforceable,1
intellect,1
destroy,1
gentle,1
missing,1
release,1
efforts,1
lawful,1
longer,1
cartwright,1
turner,1
treatment,1
remarks,1
dill,1
englewood,1
scholars,1
abilities,1
don,1
wesley,1
mechanism,1
broadly,1
plucked,1
thurman,1
comstock,1
agree,1
appeared,1
confederacy,1
lindsay,1
defectsbut,1
witnesses,1
essence,1
overlaying,1
casualties,1
educated,1
whitson,1
john,1
fallen,1
hamish,1
thomason,1
considerable,1
arguably,1
blease,1
favorite,1
creeping,1
conferred,1
vt,1
terry,1
rhetoric,1
foreseeable,1
sickness,1
forms,1
beforehand,1
behind,1
fits,1
surgeon,1
likelihood,1
neglecting,1
ground,1
manner,1
banned,1
blackf,1
existing,1
receives,1
coercion,1
karl,1
contracted,1
michael,1
breath,1
forth,1
necessary,1
favorable,1
spoke,1
blind,1
ahead,1
deficiency,1
bass,1
books,1
reasoning,1
scruton,1
enable,1
shifts,1
slaveholder,1
explicitly,1
encountered,1
al,1
heed,1
eq,1
fled,1
runaway,1
desires,1
insured,1
remained,1
shaved,1
badgett,1
baldick,1
uskali,1
simon,1
covenant,1
classes,1
apt,1
understanding,1
technologies,1
murders,1
situated,1
cruelest,1
father,1
dave,1
abide,1
examples,1
restrictions,1
suicides,1
contending,1
comprise,1
verdelet,1
mothers,1
eighteenth,1
sober,1
garner,1
helps,1
active,1
inscription,1
flaw,1
eichner,1
writings,1
lawfully,1
deliberately,1
including,1
enhanced,1
enormous,1
misstatements,1
manufactured,1
bequest,1
insurrection,1
identity,1
spinal,1
empirical,1
conservatively,1
murph,1
entirely,1
knock,1
traded,1
ralston,1
determining,1
october,1
succumbed,1
persisted,1
hooper,1
spurlock,1
numerous,1
aside,1
denied,1
catalyst,1
insure,1
farr,1
evolution,1
assign,1
roman,1
portfolios,1
lawrence,1
examination,1
graham,1
vates,1
vices,1
suggested,1
option,1
connected,1
dismissed,1
nevertheless,1
judith,1
deterrent,1
ties,1
low,1
mudd,1
shielded,1
substitutes,1
womble,1
nursing,1
talbot,1
dewitt,1
equaling,1
tolerably,1
doctors,1
communicated,1
comprehensive,1
language,1
obtaining,1
tl,1
reputation,1
bruton,1
leaned,1
formulas,1
disappointed,1
spawned,1
interpret,1
myopic,1
august,1
issn,1
eve,1
individual,1
david,1
controversies,1
bradford,1
receipt,1
ny,1
spread,1
function,1
venning,1
ticklish,1
vintage,1
premium,1
high,1
exacerbates,1
obtained,1
foresman,1
administrative,1
tranquility,1
carson,1
affd,1
black,1
lose,1
possess,1
latter,1
morals,1
pilie,1
favored,1
edmund,1
satisfy,1
methods,1
dollars,1
conway,1
hastily,1
narrow,1
interpretations,1
enabled,1
assessing,1
respectively,1
weakest,1
correction,1
exactly,1
seizing,1
deliberate,1
accordingly,1
axe,1
patterson,1
trades,1
consulting,1
chilton,1
probably,1
looks,1
wordsdid,1
ate,1
arisen,1
acceded,1
versus,1
prerequisites,1
destruction,1
bearer,1
joint,1
conceming,1
insignificant,1
quarterly,1
evaluated,1
professional,1
haskill,1
cliffs,1
embodied,1
innocent,1
bondsmen,1
claudia,1
applies,1
species,1
attended,1
exchanged,1
diseased,1
unwittingly,1
tortured,1
rowland,1
dealing,1
enough,1
wyatt,1
unbeknownst,1
somewhat,1
christian,1
monstrous,1
relationship,1
flesh,1
surpassed,1
curable,1
stems,1
scared,1
succinctly,1
window,1
excepted,1
supporting,1
fairly,1
timrod,1
seventeen,1
provide,1
recall,1
bureaucrats,1
bulk,1
figure,1
chance,1
foreign,1
williford,1
rebelling,1
chop,1
unwarranted,1
reasonable,1
fixing,1
months,1
annulled,1
lamme,1
sway,1
predict,1
ruffin,1
army,1
cuculla,1
seen,1
detailed,1
owens,1
stackhouse,1
force,1
effectively,1
lives,1
indicate,1
intend,1
efficiency,1
hawkins,1
extra,1
kill,1
continually,1
incapacitate,1
existed,1
inferior,1
equaled,1
harshly,1
drafted,1
enforced,1
hutchinson,1
instances,1
face,1
mirror,1
unusual,1
minter,1
macarty,1
meant,1
arkansan,1
hancock,1
strevel,1
matters,1
addressed,1
stephen,1
claims,1
circumscribed,1
cannon,1
bates,1
environment,1
contemplated,1
suggestions,1
variable,1
fifteen,1
mcdonald,1
ned,1
material,1
prohibited,1
summon,1
elaborate,1
conclusion,1
complexity,1
mentioned,1
changing,1
gaither,1
someday,1
grand,1
existence,1
instructed,1
wear,1
steel,1
ever,1
reinforced,1
perversely,1
soil,1
deferred,1
nutritional,1
eng,1
upping,1
subsidized,1
february,1
willingness,1
decamp,1
commensurate,1
phillips,1
sevier,1
compensation,1
drew,1
affirmative,1
knottier,1
antebellumand,1
staked,1
set,1
evade,1
macrodynamics,1
quickly,1
outcome,1
drowned,1
excess,1
spectacles,1
disgruntled,1
natural,1
burge,1
partner,1
fitness,1
commonplace,1
gazette,1
correspond,1
tuberculosis,1
gruman,1
planter,1
misrepresentations,1
routledge,1
relieve,1
dunbar,1
yarborouzh,1
cautiously,1
authorities,1
aberrant,1
illnesses,1
referees,1
circumvented,1
down,1
restrictive,1
drown,1
vancleave,1
argue,1
disrupted,1
wealthy,1
wall,1
current,1
report,1
region,1
gregg,1
job,1
sc,1
reliability,1
blackened,1
perfectly,1
enemy,1
rely,1
infer,1
myers,1
ordered,1
pretended,1
useless,1
traylor,1
happiness,1
past,1
protect,1
type,1
senate,1
oliver,1
procedural,1
merely,1
evident,1
turned,1
believed,1
incorporate,1
fenwick,1
tendencies,1
didn,1
born,1
indisposition,1
delineated,1
rests,1
tuttle,1
enjoyment,1
aven,1
munf,1
unfulfilled,1
erwin,1
retroactively,1
proceedings,1
carefully,1
protections,1
combined,1
unique,1
kevin,1
welfare,1
beaten,1
twisted,1
ones,1
making,1
cause,1
roca,1
pertinent,1
maintain,1
bumett,1
statement,1
ott,1
theory,1
grief,1
alice,1
transferal,1
extent,1
improvidence,1
twyman,1
transaction,1
scrupulous,1
undo,1
allocate,1
trustworthiness,1
exhumed,1
require,1
kaufman,1
louisianans,1
number,1
constitutional,1
calhoun,1
produce,1
reigned,1
enslavement,1
precedent,1
demonstrated,1
asymmetry,1
wetherill,1
inability,1
ascertain,1
calamities,1
size,1
loudly,1
breeder,1
noticeably,1
martha,1
nj,1
researchers,1
naked,1
preserved,1
inaccuracies,1
persuaded,1
mcelvain,1
met,1
ultimate,1
despite,1
marketing,1
joining,1
procure,1
erroneously,1
became,1
republic,1
die,1
subject,1
merrick,1
agents,1
investment,1
ignorant,1
went,1
testified,1
contribute,1
despondent,1
shadowed,1
citations,1
officially,1
colonial,1
qualitative,1
relying,1
world,1
diverged,1
comprehend,1
southem,1
subtlety,1
syndrome,1
complaints,1
our,1
come,1
named,1
afflicted,1
hunter,1
question,1
disadvantages,1
enthusiasm,1
devoted,1
spring,1
carriers,1
editor,1
injured,1
wideman,1
cas,1
observed,1
hanner,1
donald,1
cropper,1
abused,1
slashed,1
vance,1
ailments,1
hurt,1
caseseven,1
idiot,1
wish,1
manufacturers,1
fecundity,1
employer,1
grown,1
knudson,1
land,1
crimes,1
need,1
regime,1
incalculable,1
incurable,1
staying,1
taquino,1
asked,1
henderlite,1
mccurdy,1
nott,1
voluntary,1
association,1
shift,1
dispose,1
roughly,1
ratified,1
comparison,1
needs,1
profits,1
unsuspecting,1
blacks,1
whiskers,1
admitting,1
peculiarities,1
trigger,1
assumed,1
fla,1
portrait,1
attending,1
mason,1
merchantability,1
desired,1
bell,1
greenwich,1
hotel,1
avowed,1
stipulations,1
cheaper,1
obligation,1
era,1
presumptuous,1
infirmity,1
bentley,1
households,1
milberg,1
deposition,1
substantial,1
bardin,1
ownership,1
severely,1
eloquently,1
develop,1
readied,1
stormy,1
heir,1
corpse,1
grace,1
recent,1
fazande,1
cross,1
detriment,1
subordinates,1
indicating,1
ca,1
close,1
vividly,1
inarticles,1
occur,1
discern,1
willis,1
increase,1
stunned,1
