WORDCOUNTS,WEIGHT
the,800
of,553
bank,292
and,289
in,237
to,213
a,188
banks,168
that,109
correspondent,99
reserve,97
on,94
november,92
reserves,90
for,82
federal,78
checks,78
banking,66
as,66
clearing,60
ar,57
system,54
state,54
operations,52
during,50
this,50
its,48
trust,48
by,47
from,46
company,44
or,44
changes,44
correspondents,43
national,43
s,42
december,42
at,39
was,39
these,39
suspensions,39
june,38
is,37
all,36
suspended,35
which,34
through,32
states,32
due,31
nara,30
il,30
check,30
were,29
fictitious,29
chicago,29
cleared,28
their,28
data,27
when,27
no,26
houses,26
richardson,26
via,25
not,25
city,25
one,24
suspension,24
new,24
respondent,23
other,23
have,23
it,22
respondents,22
such,22
depression,22
united,22
each,22
than,21
closure,21
those,21
networks,21
an,21
may,20
failed,20
financial,20
number,20
institutions,20
with,20
cash,20
funds,19
caldwell,19
bankers,19
country,19
information,19
collection,18
savings,18
deposits,18
cause,18
distress,17
mail,17
closed,17
also,17
first,16
could,16
drawn,16
assets,16
runs,16
but,16
panics,16
three,16
exchange,16
did,16
later,15
total,15
great,15
journal,15
indicates,15
transit,15
board,15
evidence,15
groups,14
group,14
had,14
time,14
actual,14
so,14
percent,14
belonged,14
withdrawals,14
be,14
american,13
suspend,13
p,13
depositors,13
monetary,13
about,13
systems,13
crisis,13
c,13
sources,12
i,12
forced,12
process,12
house,12
mo,12
week,12
more,12
balance,12
balances,12
they,11
history,11
collapse,11
b,11
most,11
additional,11
because,11
apparent,11
statistics,11
temporary,11
ky,11
volume,11
held,11
contraction,11
share,11
paper,11
archives,10
if,10
large,10
ms,10
principal,10
money,10
term,10
failure,10
st,10
economic,10
business,10
many,10
doors,10
figure,10
table,10
heavy,10
commercial,10
peaked,9
available,9
some,9
rates,9
days,9
louisville,9
transactions,9
example,9
rand,9
ia,9
mcnally,9
forms,9
chain,9
services,9
essay,9
citizens,9
both,9
panic,9
e,8
into,8
file,8
farmers,8
governors,8
within,8
sioux,8
currency,8
operation,8
typical,8
county,8
arkansas,8
second,8
two,8
members,8
another,8
credit,8
confidence,8
causes,8
quarterly,8
nashville,8
been,8
began,8
following,8
peoples,8
over,8
u,8
rose,8
sheets,8
cambridge,8
consisted,8
little,8
ma,7
political,7
planters,7
york,7
initial,7
record,7
liquidations,7
schwartz,7
attributed,7
working,7
research,7
therefore,7
chains,7
onset,7
located,7
only,7
fell,7
consolidations,7
day,7
operated,7
times,7
counted,7
after,7
usually,7
slow,7
often,7
fall,7
series,7
ratio,7
cities,7
type,7
between,7
substantial,7
immediately,7
asset,6
before,6
member,6
preceding,6
capital,6
reasons,6
central,6
review,6
merchants,6
friedman,6
higher,6
directory,6
university,6
four,6
cascades,6
big,6
districts,6
james,6
received,6
next,6
event,6
value,6
various,6
collapsed,6
wicker,6
soon,6
under,6
management,6
same,6
where,6
region,6
clear,6
period,6
played,6
why,6
figures,6
institution,6
tennessee,6
science,6
joseph,6
then,6
any,6
agents,6
are,6
different,6
half,6
particularly,6
economy,6
them,6
quincy,6
until,6
washington,6
quantity,6
rate,5
m,5
common,5
hannibal,5
either,5
gary,5
mississippi,5
nber,5
march,5
young,5
served,5
kentucky,5
whose,5
district,5
problems,5
out,5
events,5
required,5
work,5
loss,5
year,5
records,5
forces,5
t,5
caused,5
several,5
comments,5
reports,5
payments,5
scholars,5
pattern,5
operating,5
float,5
less,5
see,5
fundamentals,5
status,5
enlargement,5
comprehensive,5
would,5
note,5
temin,5
deposit,5
deposited,5
practice,5
column,5
ceased,5
suggests,5
nj,5
press,5
role,5
clarksdale,5
terminal,5
illinois,5
october,5
calomiris,5
mcferrin,5
mason,5
debate,5
early,5
much,5
north,5
close,5
possessed,4
way,4
liquidity,4
forcing,4
center,4
source,4
princeton,4
lower,4
ii,4
words,4
found,4
classified,4
issue,4
primary,4
west,4
throughout,4
against,4
individual,4
items,4
third,4
his,4
how,4
similar,4
enabled,4
white,4
factors,4
reason,4
organization,4
w,4
dc,4
declined,4
called,4
seven,4
economics,4
banker,4
equal,4
outside,4
however,4
worthless,4
directly,4
belonging,4
part,4
whole,4
used,4
depositor,4
thereafter,4
doubtful,4
involved,4
multiple,4
terminally,4
florida,4
cascade,4
periods,4
south,4
portion,4
situation,4
july,4
intervention,4
pp,4
tn,4
lacked,4
largest,4
temporarily,4
rock,4
larger,4
do,4
local,4
upon,4
like,4
january,4
holiday,4
practical,4
payment,4
bureaus,4
school,4
too,4
extant,4
connection,4
february,4
temp,4
month,4
form,4
level,4
subject,4
administration,4
drafts,4
d,4
smaller,4
effects,4
voluntary,4
increased,4
withdrew,4
resources,4
directors,3
does,3
indicated,3
iowa,3
alvord,3
fed,3
linkages,3
formed,3
regulators,3
grove,3
occurred,3
controlled,3
par,3
fraction,3
long,3
j,3
daily,3
reveal,3
real,3
failures,3
written,3
side,3
account,3
chartered,3
reaction,3
tupelo,3
unrecognized,3
exist,3
relationships,3
run,3
agent,3
interest,3
rural,3
comprised,3
weaknesses,3
turn,3
town,3
without,3
rather,3
junction,3
plots,3
shannon,3
k,3
consequences,3
green,3
edition,3
numbers,3
weak,3
listed,3
frozen,3
reconsideration,3
founding,3
important,3
disappeared,3
based,3
lead,3
cd,3
demands,3
carolina,3
estimate,3
near,3
coin,3
oak,3
network,3
r,3
accounting,3
literature,3
locus,3
related,3
fail,3
call,3
employed,3
dakota,3
change,3
macroeconomic,3
least,3
small,3
few,3
amounted,3
suddenly,3
using,3
notice,3
notes,3
provided,3
waiting,3
guntown,3
nearly,3
percentage,3
yet,3
processing,3
issues,3
social,3
across,3
law,3
again,3
academy,3
bald,3
towns,3
addition,3
shows,3
fundamental,3
pressure,3
appeared,3
bluff,3
contemporary,3
knob,3
charges,3
saltillo,3
hill,3
conclusions,3
took,3
postal,3
vulnerable,3
material,3
books,3
remained,3
kansas,3
collecting,3
sherman,3
made,3
including,3
arose,3
increase,3
full,3
andrews,3
peter,3
high,3
borrowers,3
provides,3
preponderance,3
commentators,3
preston,3
closures,3
can,3
examines,3
relationship,3
provide,3
exacerbated,3
dimensions,3
collections,3
requests,3
rapidly,3
surprising,3
months,3
dominoes,3
talbert,3
troost,3
circumstances,3
known,3
charles,3
excess,3
ran,3
conglomerate,3
historical,3
section,3
archival,3
whether,3
accounts,3
particular,3
passed,3
while,3
yield,3
virginia,3
radiated,3
categories,3
monitored,3
reported,3
sizeable,3
coins,3
insolvency,3
varied,3
come,3
formation,3
spring,3
potential,3
supply,3
era,3
among,3
recent,3
resembled,3
row,3
difficult,2
now,2
customers,2
revisionist,2
along,2
corporate,2
overstated,2
epidemic,2
manuscript,2
pushed,2
needed,2
lexicon,2
entries,2
columns,2
zero,2
pontiac,2
marcus,2
park,2
decade,2
policy,2
position,2
rutledge,2
title,2
accentuated,2
annals,2
conjecture,2
mitigated,2
being,2
investments,2
altheimer,2
dramatically,2
leading,2
thank,2
government,2
court,2
uncollected,2
last,2
date,2
case,2
depending,2
recorded,2
has,2
adverse,2
illiquidity,2
vulnerability,2
quantities,2
determined,2
prevailing,2
salem,2
weiman,2
point,2
sent,2
classifications,2
correlation,2
edina,2
corresponding,2
thus,2
oakwood,2
redeemed,2
difficulties,2
development,2
quality,2
plotting,2
vault,2
cases,2
irregularities,2
concerning,2
amount,2
body,2
six,2
publications,2
fulton,2
roaring,2
interbank,2
william,2
bills,2
weakness,2
loan,2
thorton,2
labelle,2
industries,2
seventh,2
fort,2
knoxville,2
recognized,2
act,2
links,2
l,2
fordyce,2
notices,2
levels,2
knew,2
survives,2
determining,2
proportion,2
payson,2
ongoing,2
reinterpretation,2
settled,2
facilitated,2
branch,2
threatening,2
jersey,2
agricultural,2
surge,2
requires,2
hereafter,2
subsidiary,2
flow,2
david,2
view,2
regulatory,2
hours,2
uses,2
location,2
inherent,2
demise,2
missouri,2
centers,2
facilitate,2
requirements,2
wayne,2
base,2
experts,2
academic,2
precipitate,2
stock,2
milton,2
sturgis,2
biases,2
payable,2
public,2
contagion,2
possibility,2
line,2
nearest,2
prominent,2
alpena,2
feared,2
northern,2
describe,2
island,2
actually,2
weekly,2
reflect,2
own,2
count,2
refuse,2
closing,2
commerce,2
normally,2
sense,2
presented,2
panel,2
liquidation,2
around,2
mi,2
peak,2
mcrae,2
bookkeeping,2
undergoing,2
aggregate,2
chronological,2
unsound,2
lawn,2
steadily,2
short,2
expansion,2
trenton,2
return,2
albany,2
hitherto,2
single,2
contributing,2
auspices,2
mishkin,2
array,2
fifth,2
participants,2
complete,2
hudsputh,2
department,2
regional,2
irvine,2
worst,2
organizations,2
aggregates,2
name,2
houston,2
fact,2
clarendon,2
john,2
end,2
remain,2
hand,2
depleting,2
oregon,2
contracted,2
charter,2
years,2
brashear,2
imploded,2
benton,2
louis,2
controlling,2
convenience,2
leavenworth,2
evolution,2
examination,2
crises,2
modem,2
august,2
general,2
function,2
summer,2
panels,2
course,2
multiplier,2
proximity,2
standard,2
latter,2
nationally,2
domino,2
analyze,2
crediting,2
caneyville,2
staff,2
professional,2
division,2
leeds,2
carried,2
perry,2
sheet,2
bureau,2
processed,2
independent,2
continued,2
five,2
fear,2
channel,2
lines,2
newport,2
elmus,2
primarily,2
means,2
detailed,2
returned,2
lawrence,2
indicate,2
length,2
vaults,2
equaled,2
scholarship,2
eugene,2
types,2
itself,2
association,2
meant,2
influencing,2
considered,2
detail,2
gpo,2
contained,2
associated,2
judgments,2
comes,2
bauxite,2
struck,2
geographic,2
detect,2
forwarded,2
constructed,2
kniffin,2
colorado,2
headed,2
quickly,2
unavailable,2
hampton,2
receivers,2
leola,2
downing,2
foundation,2
harvest,2
wabbeseka,2
magnified,2
far,2
differed,2
scores,2
subordinate,2
charged,2
carthage,2
transfers,2
changed,2
making,2
orleans,2
imposed,2
problem,2
pangburn,2
almost,2
anna,2
corydon,2
phenomena,2
hundreds,2
contain,2
size,2
private,2
became,2
exceeded,2
phenomenon,2
harrisburg,2
coming,2
question,2
pine,2
reveals,2
functions,2
nonmember,2
numerous,2
grant,2
publishing,2
include,2
typically,2
attributes,2
remains,2
timewell,2
worried,2
comparison,2
offered,2
counterparty,2
views,2
traditional,2
altered,2
draft,2
arizona,2
precipitously,1
everton,1
customer,1
triple,1
reappraisal,1
stood,1
bicentennial,1
correlations,1
till,1
repay,1
created,1
levers,1
dangers,1
extreme,1
berkeley,1
economized,1
college,1
determine,1
offset,1
tracked,1
propagation,1
spurred,1
fullerton,1
connecticut,1
systemic,1
village,1
conversion,1
becoming,1
conducted,1
complex,1
approved,1
unnoted,1
certificates,1
stem,1
conducting,1
english,1
treatise,1
reopen,1
bias,1
fletcher,1
studies,1
mit,1
fly,1
candidate,1
flows,1
former,1
implosion,1
western,1
committee,1
royal,1
necessarily,1
arrived,1
redenius,1
induced,1
edu,1
englewood,1
chief,1
proclamation,1
turning,1
experience,1
said,1
attribute,1
invoking,1
else,1
provision,1
withdrawn,1
clebourne,1
expertise,1
every,1
counterparties,1
jackson,1
production,1
jointly,1
harribank,1
malady,1
warne,1
handle,1
implications,1
estate,1
postage,1
enables,1
planting,1
might,1
season,1
billions,1
permanently,1
advanced,1
england,1
nature,1
supplied,1
containing,1
georgia,1
rhode,1
principles,1
book,1
fractional,1
credits,1
estimation,1
counter,1
differences,1
nineteen,1
narrative,1
able,1
ricker,1
concludes,1
feature,1
defalcation,1
holidays,1
respond,1
remainder,1
reserved,1
robert,1
opposite,1
declines,1
checked,1
threshold,1
seminar,1
triggered,1
towel,1
con,1
slowing,1
broadway,1
classifying,1
iii,1
key,1
eudora,1
advice,1
cragin,1
sought,1
mass,1
iv,1
agriculture,1
discuss,1
uci,1
vol,1
howard,1
possible,1
implies,1
marked,1
recommendations,1
condition,1
facilitating,1
characterize,1
schedule,1
drive,1
contractual,1
solely,1
mutual,1
fraud,1
richard,1
magazine,1
obvious,1
laconic,1
occurring,1
taking,1
likely,1
bradstreet,1
except,1
regards,1
supervision,1
ckni,1
treating,1
laws,1
cited,1
bonds,1
undoubtedly,1
madisonville,1
message,1
uoiiija,1
formula,1
feldman,1
letter,1
todd,1
prevented,1
debits,1
purchased,1
wallace,1
labor,1
rcis,1
possessing,1
goal,1
dispatched,1
township,1
lougee,1
dominos,1
affiliation,1
hazards,1
osceola,1
component,1
facts,1
immediate,1
professor,1
since,1
safety,1
multipliers,1
realized,1
september,1
g,1
author,1
relatively,1
alphabetically,1
helena,1
adopted,1
routed,1
raises,1
mailing,1
southern,1
walter,1
elston,1
handbooks,1
ray,1
restore,1
convention,1
employing,1
manager,1
montana,1
z,1
learning,1
exercise,1
clearinghouses,1
estimates,1
economical,1
drainage,1
distinct,1
maintaining,1
old,1
reluctance,1
illuminates,1
underlying,1
legally,1
keep,1
displays,1
nettleton,1
speed,1
columbia,1
channels,1
difficulty,1
inclusion,1
allowing,1
minus,1
compared,1
afternoon,1
arranged,1
left,1
twice,1
witnessed,1
detecting,1
price,1
warned,1
coinciding,1
even,1
gilbert,1
details,1
border,1
departed,1
fellow,1
pronounced,1
crawford,1
unobservable,1
lender,1
stanley,1
loans,1
criminal,1
contracting,1
phases,1
ridge,1
drained,1
rights,1
demmery,1
sixteen,1
simultaneously,1
abolished,1
ways,1
arising,1
centered,1
developed,1
debated,1
edward,1
repayment,1
cashing,1
en,1
melchior,1
rapids,1
unwound,1
stuttgart,1
analyzes,1
sulphur,1
risk,1
associate,1
lasted,1
legal,1
eight,1
lagrange,1
direct,1
bryan,1
clayton,1
moreover,1
perilous,1
plaza,1
wash,1
exceptional,1
send,1
category,1
rumors,1
circulated,1
affect,1
plus,1
wanted,1
statistical,1
established,1
contractionary,1
benefits,1
loand,1
pertinent,1
irreversible,1
linked,1
toppled,1
liberal,1
sum,1
elsewhere,1
just,1
weather,1
placed,1
humphrey,1
maintain,1
periodically,1
situations,1
show,1
cashed,1
montgomery,1
experienced,1
filed,1
wire,1
encouragement,1
saint,1
officer,1
consequential,1
inflated,1
shed,1
linkage,1
isolation,1
consequence,1
spokes,1
fronts,1
terminology,1
utah,1
permanent,1
helped,1
wyoming,1
detroit,1
mawr,1
faced,1
providing,1
appear,1
fates,1
nebraska,1
awaited,1
friends,1
union,1
greater,1
raw,1
expressed,1
closely,1
acting,1
aftermath,1
agenda,1
route,1
discount,1
opposing,1
method,1
entering,1
hands,1
strength,1
totaling,1
access,1
jonestown,1
relation,1
pass,1
census,1
hopkins,1
representative,1
markets,1
unobserved,1
telephoning,1
further,1
fourth,1
examiners,1
neighboring,1
oklahoma,1
eased,1
effective,1
michigan,1
bailouts,1
leonard,1
synonymously,1
frequency,1
produced,1
meet,1
camden,1
suffered,1
thin,1
handled,1
safe,1
garyr,1
procedures,1
saving,1
guarantee,1
explain,1
approached,1
facilities,1
silex,1
influenced,1
improve,1
well,1
trough,1
none,1
basis,1
distinguish,1
voted,1
discusses,1
competing,1
casa,1
knowledge,1
severance,1
nation,1
comment,1
thoughts,1
excessive,1
description,1
ten,1
though,1
uc,1
remitting,1
tale,1
database,1
tah,1
neared,1
references,1
collective,1
officers,1
batesville,1
participated,1
winter,1
et,1
focuses,1
surrounding,1
inkwood,1
frederic,1
hampshire,1
systematic,1
resort,1
severing,1
ida,1
regions,1
prices,1
foreman,1
discussing,1
officials,1
danville,1
reinforces,1
suggest,1
debts,1
prevalence,1
depositing,1
son,1
order,1
mediterranean,1
consolidation,1
owned,1
acted,1
sake,1
calling,1
mn,1
revisited,1
sufficient,1
issuing,1
dire,1
alleviate,1
helens,1
industry,1
verona,1
spills,1
thereby,1
met,1
texas,1
diversified,1
yielded,1
remitted,1
maine,1
fully,1
up,1
scott,1
progress,1
majority,1
cattle,1
results,1
describes,1
correspondence,1
cycle,1
substituted,1
preliminary,1
moved,1
sophistication,1
gordon,1
seemed,1
avoid,1
deficiency,1
will,1
f,1
critical,1
partially,1
hendricks,1
arrangement,1
critics,1
reduced,1
steady,1
client,1
requirement,1
gather,1
affiliations,1
concentrated,1
service,1
overall,1
labeled,1
techniques,1
observations,1
fruit,1
sheridan,1
upward,1
april,1
reduce,1
prove,1
converted,1
community,1
still,1
moratoria,1
assumptions,1
make,1
expanded,1
spot,1
shipped,1
backed,1
morrilton,1
selection,1
vicinity,1
once,1
communities,1
simultaneous,1
springs,1
relied,1
unintended,1
lagged,1
larchwood,1
arrangements,1
opportunities,1
security,1
cleveland,1
requiring,1
devall,1
kingsland,1
borrowed,1
chatham,1
repair,1
upwards,1
us,1
idaho,1
mz,1
marshall,1
constant,1
domestic,1
ci,1
raise,1
light,1
liberty,1
assistance,1
masse,1
pioneered,1
hermatage,1
sharply,1
ed,1
microdata,1
al,1
armageddon,1
costs,1
industrial,1
wisconsin,1
burdened,1
delaware,1
double,1
affairs,1
endured,1
managers,1
stated,1
others,1
put,1
shade,1
added,1
smith,1
efforts,1
lawful,1
longer,1
lack,1
liquidating,1
areas,1
minnesota,1
remit,1
lucia,1
plan,1
reform,1
regulation,1
clerks,1
manifested,1
departments,1
reacted,1
incorporation,1
plagued,1
fallen,1
labordo,1
highland,1
substantially,1
golden,1
impending,1
man,1
convert,1
magee,1
external,1
never,1
patterns,1
enough,1
hubs,1
drove,1
alton,1
handed,1
clusters,1
manner,1
stony,1
affiliate,1
unclear,1
compnay,1
tell,1
itawamba,1
predepression,1
fewer,1
metropolitan,1
unh,1
hamilton,1
sell,1
distance,1
manuals,1
nonmembers,1
convenient,1
aftershocks,1
doubled,1
fight,1
gidney,1
aggregation,1
analyzed,1
messengers,1
investment,1
discussion,1
clients,1
indiana,1
success,1
examples,1
treated,1
explanation,1
hinder,1
aggregated,1
writings,1
requisite,1
enormous,1
sixth,1
depended,1
clustered,1
telegraphing,1
samples,1
expand,1
lawsuits,1
findings,1
insolvent,1
duplications,1
complement,1
assumption,1
emphasize,1
congress,1
postbellum,1
brainerd,1
questions,1
recovery,1
maintains,1
clauses,1
raising,1
previous,1
office,1
california,1
pennsylvania,1
described,1
inversely,1
finally,1
auburn,1
explorations,1
substitutes,1
messenger,1
transformation,1
reality,1
audited,1
mt,1
points,1
health,1
receiver,1
amounts,1
co,1
issn,1
eve,1
defense,1
storm,1
threw,1
receipt,1
spread,1
linking,1
kept,1
scholastic,1
duane,1
article,1
satisfy,1
chapel,1
dollars,1
businesses,1
correlated,1
bryn,1
britain,1
anderson,1
newayork,1
parameters,1
anchored,1
ron,1
hanover,1
louisiana,1
fee,1
contacting,1
normal,1
la,1
hedge,1
illiquidityinsolvency,1
widely,1
merger,1
tampa,1
coordinated,1
limiting,1
increasing,1
compendium,1
space,1
seasons,1
yields,1
depressed,1
median,1
today,1
perspectives,1
window,1
seventeen,1
george,1
downers,1
segments,1
bulk,1
cca,1
flowed,1
unwarranted,1
stocks,1
reasonable,1
postmaster,1
cn,1
archetypical,1
leslie,1
referred,1
who,1
lost,1
yale,1
force,1
economists,1
credited,1
ch,1
remaining,1
traveled,1
applicants,1
inspired,1
efficiency,1
construction,1
norton,1
borrowings,1
hope,1
alleviating,1
enforced,1
exists,1
instances,1
dent,1
propelling,1
unusual,1
inducing,1
shively,1
gathered,1
sound,1
colston,1
chicot,1
bain,1
clearings,1
perspective,1
claims,1
cannon,1
shaw,1
environment,1
reciprocal,1
authorities,1
victoria,1
outlier,1
breach,1
morning,1
lessons,1
intervened,1
incorporated,1
minneapolis,1
tered,1
existence,1
manual,1
demonstrate,1
ever,1
determinants,1
remittance,1
francesca,1
precise,1
goldenweiser,1
entry,1
ralph,1
borrow,1
eleven,1
sums,1
concerns,1
hoo,1
cover,1
branches,1
continental,1
control,1
ballou,1
readily,1
substantiates,1
shares,1
borrower,1
repaid,1
worth,1
abandonment,1
heber,1
innovations,1
seem,1
referees,1
ubiquitous,1
collapsing,1
denoted,1
argue,1
facility,1
regard,1
wagner,1
report,1
concurrently,1
carlisle,1
dermott,1
mailed,1
rely,1
longstanding,1
ordered,1
examining,1
placing,1
prospects,1
expel,1
armitage,1
mismanagement,1
merely,1
better,1
beginning,1
regulations,1
eurdora,1
virtual,1
alabama,1
unlikely,1
attain,1
catastrophic,1
watkins,1
proceedings,1
unique,1
terms,1
stability,1
list,1
maryland,1
want,1
independently,1
nearby,1
usc,1
converting,1
seasonal,1
writes,1
transaction,1
telegram,1
reopened,1
remedies,1
stat,1
embezzled,1
require,1
batches,1
deflation,1
popular,1
conveniently,1
conference,1
researchers,1
boston,1
spahr,1
califoss,1
affecting,1
ohio,1
uniform,1
tri,1
surrendered,1
scramble,1
joining,1
alternatives,1
appointing,1
withdrawal,1
iserp,1
merchant,1
appointed,1
colonial,1
bradley,1
minimum,1
aims,1
definitions,1
ensuing,1
goals,1
harrison,1
construed,1
prepared,1
analogy,1
named,1
susceptible,1
afflicted,1
survive,1
disadvantages,1
invested,1
whenever,1
staffs,1
spiked,1
entity,1
editor,1
disseminating,1
average,1
decrease,1
web,1
write,1
beyond,1
hurt,1
mode,1
dangerous,1
hiring,1
revolves,1
approximately,1
grown,1
although,1
land,1
enabling,1
sfriedman,1
opinions,1
colleagues,1
promptly,1
summoned,1
bigger,1
palyi,1
roughly,1
indices,1
roles,1
traveling,1
anonymous,1
needs,1
profits,1
securities,1
supported,1
endeavors,1
news,1
bartlett,1
ensuring,1
pending,1
liquid,1
lake,1
rienzi,1
fears,1
severely,1
backwards,1
conventions,1
strong,1
observed,1
tf,1
should,1
broader,1
ca,1
yellville,1
showed,1
depreciation,1
gold,1
