WORDCOUNTS,WEIGHT
the,493
of,367
and,357
in,258
output,187
for,155
productivity,150
a,140
germany,132
to,125
per,106
german,98
manufacturing,90
employment,85
data,84
broadberry,83
industry,81
value,79
comparative,77
labor,74
united,73
fremdling,66
kingdom,65
on,65
hoffmann,64
is,62
with,62
employee,55
was,54
u,54
net,53
this,53
k,52
s,51
benchmark,50
total,49
by,49
that,49
burhop,49
are,49
series,48
from,48
british,47
values,44
income,43
time,41
as,40
table,36
pp,36
m,35
weights,34
estimate,34
we,34
industrial,33
tonnes,33
were,32
countries,31
das,31
kg,30
two,30
wachstum,30
wolff,29
period,29
britain,28
statistisches,28
p,28
estimates,28
at,27
first,27
ratio,27
production,27
using,27
sources,25
index,25
appendix,25
war,25
national,25
units,24
ppp,23
world,23
amt,22
kaiserliches,22
based,22
unit,22
no,21
ritschl,21
adjusted,21
volume,21
between,21
than,21
growth,20
feinstein,20
percent,20
report,19
trade,19
yields,19
industries,18
final,18
board,18
new,18
products,18
i,18
benchmarks,18
ergebnisse,18
comparing,18
economic,17
tons,17
which,17
our,17
an,17
be,17
projections,17
chemicals,16
census,16
mining,16
notes,16
not,15
however,15
quantities,15
results,15
iron,15
compromise,15
also,14
worker,14
cambridge,14
tobacco,14
these,14
race,14
it,13
collected,13
figure,13
circa,13
university,12
before,12
but,12
metals,12
level,12
taking,12
ppps,11
die,11
mean,11
above,11
geometric,11
only,11
more,11
lead,11
higher,11
both,11
have,11
de,11
price,11
timmer,10
heavy,10
textiles,10
had,10
well,10
information,10
used,10
line,10
quantity,10
press,10
jong,10
food,10
years,10
spurious,10
second,9
coke,9
about,9
or,9
comparison,9
ton,9
did,9
principal,9
because,9
projection,9
some,9
basis,9
calculated,9
maddison,9
derived,8
use,8
note,8
heston,8
motor,8
drink,8
different,8
share,8
available,8
broadly,8
tonne,8
has,8
summers,8
ibid,8
obtained,8
rates,8
sectors,8
states,7
if,7
been,7
b,7
whereas,7
into,7
then,7
light,7
most,7
steel,7
sector,7
cotton,7
important,7
metal,7
view,7
differences,7
there,7
equal,7
produced,7
can,7
agricultural,7
work,7
clothing,7
physical,7
compared,7
general,7
levels,6
employees,6
lb,6
direct,6
one,6
firms,6
nonferrous,6
same,6
silk,6
consistent,6
alternative,6
der,6
ii,6
all,6
capital,6
historical,6
liters,6
within,6
capita,6
nominal,6
interwar,6
accounts,6
vehicles,6
number,6
vol,6
des,6
deutschen,6
thus,6
throughout,6
review,6
such,6
although,6
salt,6
rate,6
development,6
provides,6
indices,6
berufsund,6
leather,6
substantial,6
journal,6
relative,6
sugar,6
close,6
major,6
rainer,5
support,5
outputs,5
matched,5
quite,5
reassuringly,5
aten,5
cement,5
history,5
processing,5
finding,5
already,5
williams,5
picture,5
suggested,5
added,5
figures,5
able,5
goods,5
substantially,5
cwt,5
landes,5
economy,5
see,5
case,5
project,5
problem,5
while,5
original,5
prewar,5
made,5
findings,5
intermediate,5
office,5
difference,5
prices,5
change,5
d,5
jahrbuch,5
gross,5
high,5
century,5
staglin,5
exchange,5
oxford,5
slightly,5
traditional,5
gerschenkron,5
so,5
therefore,4
performance,4
how,4
locker,4
market,4
who,4
weighting,4
pig,4
large,4
surveyed,4
makes,4
construction,4
utilities,4
applied,4
ore,4
must,4
show,4
lower,4
published,4
comparisons,4
here,4
care,4
faerber,4
each,4
other,4
engineering,4
advantage,4
allied,4
particularly,4
out,4
far,4
monitoring,4
pattern,4
markets,4
across,4
furthermore,4
earlier,4
imperial,4
suggests,4
international,4
measures,4
john,4
very,4
manufactured,4
krijnse,4
convert,4
trends,4
comprehensive,4
adjustment,4
brewing,4
uses,4
research,4
respectively,4
statistik,4
constant,4
early,4
including,4
backwards,4
stephen,4
coal,4
small,4
hypothesis,4
engel,3
costs,3
projected,3
provide,3
acknowledged,3
robert,3
yam,3
cole,3
make,3
berlin,3
parts,3
calculate,3
likely,3
space,3
h,3
favor,3
biased,3
cycles,3
statistical,3
paper,3
assumption,3
following,3
n,3
chandler,3
result,3
source,3
leads,3
additional,3
cast,3
fir,3
rather,3
unbound,3
backwardness,3
set,3
power,3
cover,3
might,3
country,3
prometheus,3
towards,3
underestimated,3
reichsamt,3
current,3
deane,3
choice,3
arises,3
clear,3
reconciliation,3
term,3
sectoral,3
further,3
do,3
kendrick,3
third,3
pitch,3
will,3
terms,3
less,3
together,3
issue,3
particular,3
wealth,3
ahead,3
real,3
gives,3
zur,3
too,3
accounting,3
underestimation,3
conference,3
consumed,3
converted,3
part,3
london,3
deutsche,3
apply,3
indicators,3
perspective,3
whole,3
during,3
records,3
structures,3
statistics,3
check,3
saw,3
rbw,3
alan,3
since,3
objective,3
carsten,3
finally,3
would,3
below,3
organisation,3
suggest,3
reliable,3
average,3
industrieerhebung,3
col,3
after,3
turn,3
ward,3
individual,3
times,3
devereux,3
sufficient,3
article,3
find,3
weight,3
capitalism,3
reichs,3
much,3
need,3
rostas,3
provided,3
product,3
planung,2
model,2
phases,2
european,2
carried,2
critical,2
now,2
berufsgenossenschaften,2
business,2
oriented,2
recalculated,2
difficult,2
processed,2
acid,2
continued,2
consistentization,2
later,2
unwrought,2
vierteljahrshefte,2
imported,2
overall,2
warwick,2
wirtschaftsgeschichte,2
ten,2
offset,2
process,2
projecting,2
forwards,2
proportion,2
ein,2
similar,2
sheets,2
marianne,2
sulphuric,2
und,2
ma,2
ffir,2
criticism,2
laszlo,2
strictly,2
commodities,2
making,2
india,2
studies,2
plus,2
betriebszdhlung,2
dowrick,2
around,2
personen,2
preussischen,2
protection,2
position,2
calculations,2
included,2
betriebszahlung,2
korea,2
nineteenth,2
rails,2
listed,2
noted,2
wire,2
fact,2
discrepancy,2
way,2
phyllis,2
chassis,2
juristischen,2
hence,2
long,2
plates,2
territory,2
factory,2
according,2
branches,2
capitalist,2
addition,2
shares,2
tooze,2
distribution,2
alexander,2
could,2
betriebszihlung,2
industrie,2
zinc,2
inconsistency,2
alternatively,2
economics,2
walther,2
allocated,2
ftir,2
base,2
im,2
mined,2
reasons,2
late,2
overstate,2
reasonable,2
present,2
william,2
american,2
covered,2
unlikely,2
nnp,2
mainly,2
napthalene,2
existing,2
produktionserhebungen,2
reconcile,2
persons,2
ernest,2
side,2
scale,2
necessary,2
allowance,2
bettina,2
extrapolation,2
gdp,2
alfred,2
inputs,2
akmal,2
great,2
larger,2
produce,2
having,2
wehrwirtschaftliche,2
possible,2
protected,2
displayed,2
scope,2
scheme,2
preferred,2
measuring,2
guntram,2
modernizing,2
percentage,2
reported,2
conceptual,2
previously,2
indicating,2
dynamic,2
beer,2
over,2
unrefined,2
interior,2
its,2
angus,2
paris,2
measure,2
contradictory,2
copper,2
nuxoll,2
harvard,2
million,2
albrecht,2
includes,2
forces,2
full,2
reflect,2
employed,2
shown,2
socialpolitik,2
wirtschaft,2
recent,2
quality,2
points,2
marcel,2
anthracene,2
deutschland,2
modem,2
open,2
g,2
accounted,2
sozialund,2
grain,2
instead,2
david,2
rework,2
fiir,2
covering,2
range,2
jr,2
type,2
given,2
derive,2
herman,2
several,2
concept,2
valued,2
eine,2
charles,2
ratios,2
competitive,2
single,2
decline,2
c,2
correction,2
combined,2
compare,2
should,2
helpful,2
annual,2
up,2
working,2
even,2
surveys,2
labeled,2
reconciling,2
strong,2
leadership,2
hna,2
flour,2
shall,2
showed,2
aggregate,2
widely,2
reiner,2
purchasing,2
input,2
scandinavian,1
newer,1
may,1
springer,1
cially,1
aim,1
rights,1
miscellaneous,1
superiority,1
juliane,1
arriving,1
exaggerated,1
parity,1
transportation,1
he,1
statistischen,1
fails,1
vary,1
modification,1
surround,1
revisionist,1
proxy,1
along,1
doubts,1
millennial,1
plotted,1
underpinning,1
convergence,1
generally,1
various,1
disaggregated,1
independent,1
fell,1
his,1
letters,1
deflated,1
employ,1
indicated,1
broadbery,1
inputoutput,1
schmidt,1
distorted,1
levied,1
gesamtergebnisse,1
influenced,1
parities,1
affairs,1
represent,1
does,1
square,1
bureau,1
return,1
through,1
inclusive,1
coll,1
biggest,1
widespread,1
nearly,1
erwerbstiitingen,1
bulletin,1
disagreements,1
e,1
betriebsstatistik,1
excluding,1
arbeitsbericht,1
kept,1
subsectors,1
seen,1
adopted,1
strongly,1
nettoproduktionswert,1
nettoproduktionswerte,1
force,1
reworked,1
bill,1
persistent,1
nj,1
comments,1
remaining,1
initially,1
recognize,1
steve,1
needed,1
conducted,1
led,1
shift,1
unsatisfactory,1
overestimation,1
study,1
often,1
packaging,1
gratefully,1
analysis,1
evolution,1
matches,1
remain,1
cases,1
fall,1
adam,1
coherence,1
collect,1
competition,1
extra,1
supporting,1
consistency,1
starting,1
rounded,1
assessment,1
losses,1
modified,1
references,1
double,1
expenditure,1
cliometrics,1
dataoecd,1
modern,1
many,1
cols,1
wages,1
considerations,1
draws,1
collection,1
consider,1
acceptance,1
unrounded,1
policy,1
us,1
western,1
established,1
seems,1
duties,1
presents,1
v,1
curie,1
participants,1
inequality,1
yielding,1
reliably,1
branch,1
jahrhundert,1
proved,1
marks,1
complete,1
just,1
edition,1
taken,1
criticisms,1
disjuncture,1
verein,1
conclusion,1
yield,1
planners,1
restricted,1
territorial,1
princeton,1
gesamtrechnungen,1
mentioned,1
involved,1
upper,1
reasonably,1
without,1
coventry,1
recently,1
hoffman,1
needs,1
leapfrogging,1
department,1
qualified,1
initiative,1
framework,1
anonymously,1
continues,1
implied,1
either,1
offered,1
kingdon,1
treats,1
tables,1
useful,1
regime,1
failing,1
persuade,1
vierteljahrschriftfir,1
territories,1
organizations,1
supposedly,1
problems,1
meat,1
disagreement,1
insbesondere,1
interpolation,1
einer,1
uncontroversial,1
interested,1
conceal,1
staate,1
gesamtrechnung,1
evidence,1
gewerbliche,1
military,1
export,1
decided,1
providing,1
ontroversy,1
cloth,1
pointed,1
opted,1
europe,1
previous,1
methodology,1
von,1
worked,1
artificially,1
emerged,1
financial,1
chaining,1
official,1
commodity,1
worries,1
experiments,1
arrived,1
standards,1
closely,1
definition,1
true,1
worth,1
came,1
outputbased,1
schrader,1
faster,1
lack,1
commission,1
extrapolate,1
http,1
occurred,1
seem,1
ergdinzungsheft,1
allow,1
tradition,1
best,1
incomplete,1
future,1
conflict,1
found,1
argue,1
cyclical,1
called,1
appeared,1
match,1
offers,1
thank,1
degree,1
suggesting,1
inevitably,1
als,1
heating,1
users,1
overtake,1
amtlichen,1
obviously,1
closer,1
munitions,1
rely,1
state,1
viewpoint,1
volkswirtschaftliche,1
doubt,1
variation,1
comparable,1
build,1
versus,1
establishments,1
possibility,1
half,1
verlag,1
dates,1
spinning,1
serious,1
works,1
big,1
improved,1
nonmanufacturing,1
men,1
behind,1
ofbenchmark,1
reserved,1
centre,1
produktionsstatistik,1
wage,1
somewhat,1
where,1
schemes,1
focus,1
purposes,1
aktiengesellschaften,1
resurfaced,1
ensured,1
accepted,1
appears,1
selected,1
form,1
idea,1
biases,1
global,1
lines,1
classic,1
material,1
focusing,1
year,1
factor,1
outlined,1
perhaps,1
taxes,1
firmly,1
tivity,1
controversy,1
sell,1
key,1
wide,1
heavily,1
structure,1
follows,1
tal,1
going,1
overheads,1
revisions,1
argued,1
marie,1
incorporate,1
distortions,1
experiment,1
w,1
amongst,1
require,1
em,1
insured,1
remained,1
reich,1
presented,1
lost,1
ployee,1
recalculate,1
account,1
again,1
discrepancies,1
recognizing,1
coherent,1
bounds,1
incorporated,1
machinery,1
those,1
divided,1
brewed,1
brine,1
personal,1
establishing,1
solely,1
stronger,1
discovery,1
move,1
multiplying,1
incorporates,1
run,1
org,1
speculates,1
women,1
aggregated,1
transport,1
four,1
little,1
characterization,1
volkswirtschaftlichen,1
mitte,1
introduced,1
despite,1
example,1
dynamics,1
procedure,1
underpins,1
knowledge,1
increase,1
apparent,1
inevitability,1
multiplied,1
ac,1
judgment,1
jarhbuch,1
criticized,1
stiglin,1
fixes,1
pdf,1
dividing,1
entirely,1
probably,1
literature,1
implications,1
overview,1
referees,1
sold,1
fit,1
removes,1
obtain,1
refined,1
inneren,1
showing,1
noting,1
tale,1
pits,1
collective,1
challenges,1
people,1
keep,1
resulting,1
construct,1
falling,1
cheap,1
conflicted,1
regarding,1
details,1
speaking,1
story,1
associations,1
hour,1
like,1
especially,1
uk,1
come,1
falsification,1
timber,1
option,1
question,1
constructed,1
tar,1
believes,1
ranging,1
nevertheless,1
icp,1
nonconstant,1
groningen,1
tell,1
reclaim,1
weaving,1
few,1
seit,1
j,1
neuen,1
low,1
known,1
strengthened,1
own,1
professor,1
what,1
involves,1
contract,1
ansatz,1
presumption,1
authors,1
errors,1
materials,1
chemical,1
muhammad,1
agreement,1
bonn,1
maintenance,1
correcting,1
provision,1
daniel,1
consumption,1
issn,1
www,1
moment,1
eve,1
posing,1
officials,1
least,1
raises,1
include,1
crosscheck,1
successful,1
ferrous,1
erwerbstatigen,1
building,1
inference,1
responsibility,1
zeitschrift,1
buildings,1
smaller,1
heinemann,1
mines,1
ernst,1
effects,1
grundlage,1
forced,1
counted,1
contrast,1
persistence,1
overstates,1
solution,1
managerial,1
basic,1
claim,1
association,1
items,1
submit,1
latter,1
increased,1
better,1
gate,1
encompasses,1
roughly,1
underlying,1
displays,1
vom,1
annually,1
june,1
back,1
wider,1
potential,1
modifying,1
understate,1
assumed,1
restrict,1
started,1
narrow,1
rekonstruktion,1
archival,1
applying,1
oecd,1
deliberate,1
methodological,1
unpublished,1
era,1
implicit,1
barrels,1
create,1
views,1
hard,1
import,1
majority,1
ingredient,1
censuses,1
corresponds,1
colloquium,1
hmso,1
nazi,1
technological,1
jahrhunderts,1
vierteljahrschrift,1
bureaus,1
feasible,1
statement,1
basically,1
controversial,1
paul,1
modifications,1
asked,1
generation,1
attention,1
acknowledge,1
actions,1
reducing,1
mpg,1
bolstered,1
take,1
resulted,1
modernized,1
juni,1
