WORDCOUNTS,WEIGHT
the,127
of,64
in,48
and,47
to,46
dow,41
a,24
firm,24
for,20
s,20
new,19
information,17
by,14
its,14
was,13
that,13
on,13
company,12
innovation,11
strategy,11
it,10
not,10
phase,10
this,10
as,9
these,9
products,9
innovative,9
but,8
did,8
at,7
decisions,7
with,7
organization,7
or,7
accounting,7
firms,7
development,7
general,7
manager,7
internal,7
he,6
costs,6
cleveland,6
midland,6
production,6
time,6
system,6
were,6
chemical,6
an,6
product,6
plant,6
continued,5
his,5
make,5
first,5
d,5
monitoring,5
data,5
used,5
strategic,5
systems,5
incentives,4
one,4
from,4
only,4
cost,4
herbert,4
expenditures,4
other,4
monitor,4
because,4
account,4
r,4
individual,4
own,4
executives,4
would,4
increased,4
also,4
second,3
managers,3
market,3
forward,3
introduction,3
large,3
about,3
summaries,3
dissertation,3
into,3
sales,3
most,3
reports,3
statement,3
management,3
each,3
routine,3
dissertations,3
report,3
i,3
those,3
existing,3
case,3
allocate,3
pursued,3
technologies,3
activity,3
planning,3
made,3
bromine,3
techniques,3
economies,3
use,3
during,3
manufacturing,3
which,3
personal,3
have,3
integrated,3
profits,3
problems,3
third,3
final,2
directors,2
wholesaler,2
transform,2
expected,2
provide,2
chlorine,2
faced,2
created,2
encouraged,2
limited,2
vertical,2
they,2
their,2
study,2
bleach,2
is,2
pp,2
university,2
regularly,2
operated,2
before,2
same,2
chandler,2
no,2
du,2
simply,2
textile,2
chose,2
labor,2
neither,2
factory,2
investments,2
reporting,2
progression,2
financial,2
water,2
had,2
my,2
pont,2
introduce,2
board,2
capital,2
chemists,2
foundation,2
out,2
shared,2
markets,2
beginning,2
war,2
michigan,2
ensured,2
papers,2
recently,2
produced,2
companies,2
decade,2
however,2
alfred,2
required,2
dispensation,2
influenced,2
technical,2
auditor,2
size,2
scope,2
researchers,2
measuring,2
introduced,2
line,2
loss,2
gave,2
lab,2
inventory,2
records,2
weekly,2
economic,2
office,2
run,2
relatively,2
century,2
integration,2
collected,2
investors,2
funds,2
after,2
turn,2
between,2
output,2
research,2
reported,2
be,2
when,2
using,2
responsibility,2
adaptive,2
provided,2
merger,2
decision,2
industries,1
longand,1
phases,1
higher,1
profitable,1
f,1
uncommon,1
now,1
challenge,1
high,1
relationship,1
underground,1
customer,1
submerging,1
floor,1
common,1
adopt,1
identified,1
usually,1
growth,1
been,1
performance,1
separation,1
unwilling,1
outsiders,1
short,1
developed,1
nonroutine,1
toward,1
sort,1
employment,1
everyone,1
return,1
inside,1
acknowledged,1
profitability,1
myself,1
salesmen,1
agreements,1
who,1
cash,1
july,1
schoolhouse,1
yale,1
force,1
risk,1
credited,1
ice,1
informational,1
cartels,1
executive,1
american,1
languished,1
replaced,1
surveyed,1
vertically,1
studies,1
parker,1
competitiveness,1
responsible,1
gratefully,1
unusual,1
analysis,1
continually,1
once,1
magnesium,1
valuation,1
ways,1
h,1
support,1
reference,1
all,1
itself,1
crates,1
mrs,1
recommendation,1
changes,1
environment,1
nor,1
happened,1
supervised,1
predecessor,1
considerations,1
whereas,1
under,1
boxed,1
restricted,1
trace,1
structure,1
detail,1
boundary,1
river,1
necessarily,1
virtually,1
retained,1
history,1
processing,1
unlike,1
then,1
any,1
factor,1
driven,1
following,1
n,1
nineteenth,1
already,1
founded,1
two,1
department,1
filed,1
lower,1
else,1
officer,1
appeared,1
declining,1
followed,1
claims,1
modest,1
submit,1
more,1
extracted,1
fixed,1
statements,1
sustained,1
avoidable,1
potential,1
researched,1
founding,1
originally,1
ii,1
m,1
attempts,1
suggested,1
providing,1
might,1
herbeit,1
attempt,1
secretary,1
preoccupied,1
worked,1
control,1
taught,1
sure,1
departure,1
paper,1
supplied,1
are,1
closely,1
handling,1
innovations,1
retaining,1
diligently,1
blamed,1
advantage,1
daily,1
argue,1
simple,1
access,1
themto,1
particularly,1
informing,1
economics,1
closer,1
scheme,1
cooperating,1
rely,1
very,1
dumped,1
remain,1
arthur,1
doubt,1
useless,1
iron,1
examining,1
differed,1
past,1
there,1
integrate,1
dyes,1
expenses,1
promotions,1
living,1
risky,1
late,1
mimicked,1
outside,1
improving,1
hand,1
mr,1
staff,1
william,1
though,1
cards,1
johnson,1
letting,1
titibiwassee,1
where,1
what,1
bureaucratic,1
developing,1
purposes,1
diseconomies,1
establish,1
marrying,1
marketed,1
form,1
less,1
making,1
scale,1
necessary,1
focusing,1
inputs,1
perform,1
manufactures,1
books,1
debate,1
problem,1
sell,1
has,1
historians,1
draws,1
costing,1
primary,1
encountered,1
extract,1
boat,1
improve,1
secure,1
changed,1
accountability,1
process,1
another,1
having,1
fears,1
opened,1
suggests,1
emphasis,1
distinguish,1
protected,1
understanding,1
cooperation,1
investment,1
literature,1
divided,1
slight,1
measures,1
sale,1
permitted,1
invested,1
establishing,1
implement,1
received,1
functions,1
completed,1
consumers,1
strict,1
son,1
weiman,1
average,1
formal,1
given,1
supervision,1
through,1
recalcitrant,1
example,1
sent,1
marketing,1
looking,1
andersen,1
related,1
role,1
himself,1
traditional,1
inexpensive,1
multiproduct,1
measure,1
prevented,1
urging,1
feared,1
unfortunately,1
discussions,1
inventions,1
levenstein,1
suppliers,1
world,1
officers,1
long,1
actually,1
goals,1
processes,1
actual,1
engineers,1
like,1
individuals,1
centralized,1
overhead,1
archive,1
review,1
machine,1
grace,1
systematic,1
rejected,1
ties,1
years,1
both,1
quality,1
clear,1
nail,1
margaret,1
three,1
payments,1
efficiency,1
renovated,1
reputation,1
accept,1
immaturity,1
maintenance,1
tool,1
someone,1
decided,1
adopted,1
instead,1
david,1
include,1
although,1
salt,1
arise,1
good,1
collusive,1
helpful,1
period,1
so,1
function,1
insisted,1
multidivisional,1
reconstructed,1
housed,1
disruption,1
vault,1
order,1
defined,1
off,1
priority,1
wholesalers,1
managerial,1
thomas,1
elements,1
maintaining,1
items,1
old,1
reluctance,1
clocks,1
especially,1
back,1
cambridge,1
highly,1
employees,1
resolution,1
distinctions,1
posture,1
allowed,1
honesty,1
young,1
viable,1
allowing,1
successors,1
c,1
compared,1
overcome,1
standards,1
can,1
enterprise,1
compare,1
find,1
profit,1
pool,1
disrupting,1
henry,1
visible,1
substantial,1
shortor,1
communication,1
looked,1
focus,1
correspondence,1
among,1
avoid,1
technological,1
than,1
destruction,1
joint,1
cross,1
auto,1
restricting,1
inform,1
competitive,1
rates,1
activities,1
depreciation,1
examines,1
retention,1
content,1
