WORDCOUNTS,WEIGHT
the,341
of,235
and,180
in,131
to,101
a,63
that,56
komlos,55
for,54
is,48
per,41
not,41
consumption,38
s,36
by,33
was,30
between,27
capita,26
as,24
on,24
than,24
from,23
but,23
table,23
have,23
it,22
estimates,19
are,18
war,18
food,18
were,18
this,18
decline,18
at,17
economic,17
american,17
cohorts,16
all,16
these,16
production,16
could,15
census,15
be,15
cohort,14
with,14
height,14
wheat,14
an,14
heights,13
one,13
prices,13
change,13
no,12
year,12
united,12
or,12
antebellum,12
available,12
p,12
point,12
civil,12
states,12
output,12
percent,12
his,11
pp,11
birth,11
corn,11
chicago,11
flour,11
he,10
if,10
been,10
e,10
gallman,10
history,10
more,10
pounds,10
cadets,10
u,10
case,10
agriculture,10
data,10
level,10
bureau,10
research,10
their,9
university,9
two,9
only,9
other,9
very,9
i,9
there,9
america,9
because,9
which,9
period,9
century,9
they,8
b,8
index,8
had,8
bean,8
did,8
rye,8
men,8
strauss,8
some,8
professor,8
product,8
pork,8
potatoes,8
weight,8
figures,8
cuff,8
dietary,8
press,7
americans,7
parker,7
changes,7
then,7
same,7
numbers,7
also,7
standards,7
crops,7
products,7
do,7
those,7
robert,7
nutrition,7
both,7
values,7
protein,7
net,7
national,7
calories,7
farm,7
west,7
adult,7
important,6
indeed,6
who,6
peirce,6
beans,6
before,6
source,6
age,6
department,6
growth,6
crop,6
john,6
towne,6
diet,6
rasmussen,6
stature,6
born,6
rose,6
meal,6
probably,6
made,6
much,6
years,6
panel,6
measured,6
young,6
even,6
bennett,6
may,5
factors,5
short,5
c,5
likely,5
peas,5
weights,5
dc,5
nineteenth,5
series,5
shorter,5
fell,5
view,5
seem,5
according,5
income,5
them,5
agricultural,5
has,5
gross,5
living,5
during,5
grain,5
bushel,5
surely,5
washington,5
due,5
edited,5
so,5
june,5
would,5
relative,5
pope,5
inventories,5
does,4
second,4
vegetables,4
h,4
gallons,4
life,4
structure,4
statistical,4
gpo,4
grains,4
nutritional,4
sources,4
military,4
decades,4
greater,4
j,4
raw,4
seems,4
fact,4
sokoloff,4
report,4
time,4
children,4
new,4
steckel,4
d,4
following,4
william,4
economy,4
population,4
thorp,4
well,4
explanation,4
except,4
pound,4
low,4
average,4
trends,4
inc,4
after,4
candidates,4
refer,4
early,4
among,4
interesting,3
soltow,3
adequate,3
york,3
estimated,3
continued,3
true,3
across,3
bound,3
levels,3
centimeters,3
wallis,3
outputs,3
still,3
above,3
expenditure,3
conversion,3
group,3
suppose,3
centimeter,3
dairy,3
fall,3
when,3
w,3
inventory,3
mortality,3
any,3
record,3
upper,3
must,3
most,3
being,3
first,3
prob,3
here,3
toward,3
over,3
expectation,3
different,3
deterioration,3
scholars,3
striking,3
half,3
thank,3
returns,3
out,3
events,3
section,3
slaughter,3
improved,3
less,3
placed,3
however,3
january,3
remained,3
beef,3
conference,3
upon,3
part,3
through,3
example,3
exhibit,3
three,3
loss,3
thereafter,3
real,3
full,3
rise,3
such,3
spurt,3
least,3
studies,3
price,3
sample,3
seaman,3
television,3
turn,3
quite,3
better,3
problems,3
animal,3
pool,3
annual,3
up,3
slightly,3
results,3
furthermore,3
pronounced,3
consumed,3
smaller,2
final,2
south,2
higher,2
suggest,2
live,2
therefore,2
now,2
led,2
me,2
whose,2
pictures,2
alcoholic,2
note,2
matter,2
way,2
kenneth,2
meats,2
barley,2
f,2
hill,2
career,2
bateman,2
converted,2
inequalities,2
vol,2
position,2
movement,2
derived,2
almanac,2
structural,2
white,2
achieve,2
ma,2
space,2
allowances,2
types,2
rosamond,2
read,2
former,2
cause,2
improvement,2
hugh,2
into,2
necessary,2
falls,2
just,2
rockoff,2
believed,2
n,2
princeton,2
chief,2
annals,2
about,2
industrial,2
l,2
measurements,2
show,2
limit,2
matters,2
lower,2
known,2
beverage,2
follow,2
t,2
buckwheat,2
willard,2
consequence,2
certainly,2
meat,2
falling,2
crews,2
essays,2
business,2
frederick,2
debin,2
taken,2
again,2
meaning,2
working,2
lack,2
head,2
journal,2
lieutenant,2
great,2
marvin,2
differences,2
foods,2
feed,2
harvest,2
account,2
particularly,2
fruits,2
larger,2
demands,2
issue,2
eds,2
supplies,2
wayne,2
subsequent,2
yearbook,2
search,2
ages,2
increases,2
free,2
right,2
declines,2
terms,2
see,2
until,2
meet,2
notes,2
allowance,2
decade,2
seasonal,2
perhaps,2
goldin,2
merrill,2
absolute,2
explain,2
wide,2
shifts,2
argued,2
expensive,2
ibid,2
economics,2
produce,2
yield,2
information,2
almost,2
alcohol,2
basis,2
possible,2
chiefly,2
richard,2
little,2
timothy,2
buy,2
louis,2
commonly,2
subject,2
findings,2
waste,2
significant,2
use,2
people,2
bed,2
statistics,2
story,2
thus,2
contrasts,2
historical,2
previous,2
evidence,2
development,2
finding,2
debow,2
comprehensive,2
finally,2
soldiers,2
good,2
reproduced,2
deals,2
correct,2
below,2
spread,2
provided,2
rorabaugh,2
next,2
strategic,2
effects,2
dry,2
approach,2
joumal,2
last,2
dated,2
clayne,2
weighty,2
concerning,2
random,2
finished,2
potential,2
coefficient,2
chapel,2
dollars,2
swine,2
supply,2
conversions,2
can,2
find,2
topic,2
inability,2
seed,2
drawn,2
given,2
equivalent,2
showed,2
colonels,2
animals,2
rest,2
claudia,2
lucius,1
nations,1
compendium,1
pattern,1
holds,1
gleiter,1
dealing,1
carried,1
rights,1
consists,1
yields,1
ending,1
operation,1
karin,1
assigned,1
moreover,1
what,1
accompanied,1
inch,1
fundamental,1
child,1
magnitudesconsumption,1
reduced,1
reductions,1
reflects,1
compelling,1
prefer,1
costs,1
various,1
popkin,1
residing,1
heavier,1
fairly,1
george,1
statements,1
segments,1
centerpiece,1
later,1
rev,1
chance,1
absolve,1
action,1
commentary,1
five,1
groups,1
generous,1
seventh,1
amenican,1
sum,1
how,1
designated,1
claimed,1
herein,1
teen,1
limited,1
strictly,1
assumptionsalso,1
everyone,1
affected,1
brief,1
resulted,1
reference,1
male,1
exception,1
process,1
referred,1
get,1
excluding,1
reason,1
army,1
tucker,1
always,1
fogel,1
contrary,1
ultimate,1
dealt,1
taller,1
mar,1
doubts,1
manuscript,1
earlier,1
persistent,1
similar,1
remaining,1
bacon,1
grew,1
recognize,1
adjusting,1
large,1
induce,1
lard,1
why,1
makes,1
amnericans,1
intend,1
properly,1
whaples,1
relationship,1
label,1
appraised,1
say,1
rogers,1
asserted,1
amercan,1
education,1
charlottesville,1
yet,1
fields,1
interpretation,1
unchanging,1
centuries,1
hutchinson,1
exists,1
means,1
appointments,1
sifted,1
shortfall,1
downward,1
easily,1
developments,1
thought,1
candidate,1
bulletin,1
joseph,1
affect,1
wages,1
rises,1
diced,1
fifth,1
acceptance,1
scribner,1
intercept,1
us,1
entry,1
teens,1
retained,1
suggestions,1
organizes,1
occurred,1
habits,1
planned,1
indices,1
total,1
holding,1
liked,1
coefficients,1
constant,1
assistance,1
director,1
approaches,1
shifting,1
considered,1
welfare,1
intervened,1
conclusion,1
weak,1
unfavorable,1
calendar,1
nor,1
advancing,1
experience,1
included,1
geographic,1
mutton,1
continues,1
concepts,1
leans,1
assume,1
drought,1
depolt,1
picture,1
ellsworth,1
subtracted,1
conforms,1
cotton,1
lee,1
generally,1
persuasive,1
abundant,1
supported,1
cost,1
specifically,1
every,1
points,1
revisited,1
lamb,1
members,1
neither,1
prosecution,1
estimators,1
aggregates,1
veal,1
paul,1
shifted,1
book,1
column,1
set,1
triangle,1
indicated,1
suggested,1
reattained,1
ran,1
favorably,1
whaling,1
drink,1
deserves,1
put,1
paragraph,1
identified,1
asserts,1
towns,1
gone,1
printer,1
advanced,1
told,1
whereas,1
youngest,1
slaughtered,1
paper,1
supplied,1
averages,1
upperand,1
my,1
december,1
shows,1
company,1
faster,1
possibilities,1
rhode,1
reach,1
aftermath,1
extent,1
believe,1
bearing,1
declined,1
midwestern,1
agenda,1
down,1
advantage,1
histories,1
suggesting,1
daily,1
found,1
difficulty,1
careers,1
farmers,1
relating,1
pinto,1
nutrients,1
conventionally,1
deal,1
presumably,1
wealth,1
fallen,1
end,1
carolina,1
substantially,1
identical,1
making,1
charles,1
man,1
help,1
feature,1
firmly,1
nutrient,1
alluded,1
salary,1
respects,1
honor,1
senate,1
quantitative,1
moot,1
puzzling,1
late,1
evident,1
conclusions,1
took,1
strainsdoes,1
wine,1
fraction,1
fourth,1
beginning,1
equally,1
regression,1
reserved,1
optimistic,1
drop,1
remarkable,1
thanked,1
expressed,1
reading,1
where,1
vary,1
something,1
demographic,1
within,1
technical,1
indirect,1
treat,1
accepted,1
putting,1
adults,1
produced,1
selected,1
offering,1
cannot,1
references,1
modest,1
excellent,1
younger,1
character,1
troops,1
ed,1
foregoing,1
middle,1
statement,1
depriving,1
woman,1
required,1
roy,1
lean,1
virginia,1
exceeds,1
applied,1
historians,1
introductory,1
kenan,1
rapidly,1
chapter,1
streets,1
drops,1
number,1
beverley,1
going,1
possibility,1
deficit,1
saying,1
institute,1
secure,1
dark,1
presented,1
depths,1
captains,1
interpreted,1
gained,1
intake,1
designation,1
suggests,1
emphasis,1
diminution,1
exceptions,1
maximum,1
standard,1
understated,1
line,1
substantial,1
investment,1
risen,1
gains,1
work,1
strain,1
slight,1
unmindful,1
disease,1
pricing,1
treated,1
nj,1
apogee,1
phenomena,1
persistently,1
range,1
farming,1
substitutes,1
prohibition,1
apocalyptic,1
slaves,1
cooperating,1
barry,1
nc,1
sufficed,1
respect,1
purpose,1
far,1
enhanced,1
fair,1
despite,1
enormous,1
bottomed,1
marketing,1
depended,1
calls,1
dollar,1
reduction,1
confined,1
compares,1
samples,1
enter,1
its,1
undercounted,1
bite,1
lies,1
administration,1
delaying,1
decrease,1
got,1
rearrange,1
whole,1
measurement,1
southerners,1
implications,1
commodities,1
citation,1
older,1
domestically,1
discussions,1
twenties,1
place,1
virtually,1
unpublished,1
ranks,1
colonial,1
families,1
phenomenon,1
contains,1
ezra,1
adjustment,1
aside,1
ranked,1
tall,1
long,1
actually,1
questions,1
think,1
trend,1
consisted,1
infantile,1
saltside,1
eligible,1
especially,1
unreasonable,1
agnostic,1
seek,1
grinding,1
collapse,1
we,1
promoted,1
fred,1
believes,1
sound,1
devoted,1
dating,1
achieving,1
wesley,1
progress,1
described,1
reverse,1
project,1
explained,1
partain,1
columns,1
commercial,1
lists,1
clear,1
difference,1
likelier,1
caloric,1
exports,1
quotation,1
observed,1
since,1
substituting,1
reaching,1
attend,1
twentieth,1
modem,1
tables,1
explored,1
scurvy,1
errors,1
notice,1
sector,1
author,1
accounted,1
health,1
womb,1
essay,1
interest,1
reversed,1
insofatr,1
amounts,1
relatively,1
regarded,1
galenson,1
serious,1
course,1
running,1
individual,1
david,1
volume,1
typically,1
magnitudes,1
caused,1
helpful,1
application,1
measures,1
general,1
unexpected,1
things,1
wished,1
high,1
issn,1
parched,1
held,1
lie,1
adj,1
off,1
spirits,1
anyone,1
ward,1
exceeded,1
captain,1
event,1
trivial,1
association,1
shift,1
elevator,1
latter,1
increased,1
family,1
nber,1
underlined,1
roughly,1
small,1
stored,1
sets,1
times,1
ingested,1
needs,1
mind,1
mitchell,1
depend,1
grams,1
ignore,1
few,1
amount,1
back,1
article,1
guilt,1
engerman,1
applicants,1
k,1
computed,1
six,1
forebears,1
attending,1
bushels,1
dramatic,1
painted,1
narrow,1
emphases,1
dates,1
minus,1
soybeans,1
outnumbered,1
third,1
enduring,1
engineering,1
brigadiers,1
cheaper,1
estimate,1
preceding,1
compare,1
women,1
analysis,1
array,1
seeking,1
diseases,1
exclusively,1
news,1
entire,1
raised,1
astonishing,1
proper,1
workshop,1
immediately,1
permanent,1
taylor,1
tendency,1
north,1
industrialization,1
undergoing,1
reflected,1
diminished,1
responsibility,1
substituted,1
value,1
should,1
building,1
contrast,1
sent,1
built,1
attention,1
stanley,1
businessmen,1
widely,1
major,1
animalinventory,1
nadir,1
increase,1
society,1
incentive,1
