WORDCOUNTS,WEIGHT
the,709
of,425
in,374
and,288
black,233
to,186
a,167
labor,120
by,108
white,101
skill,92
migration,86
are,77
wages,76
on,76
for,74
is,74
wage,73
this,73
that,69
men,67
supply,66
with,61
i,60
workers,60
education,57
group,56
north,51
from,50
years,50
percent,49
or,48
an,46
have,45
blacks,45
as,42
race,42
groups,41
no,41
northern,39
southern,39
school,38
be,38
experience,35
substitution,35
would,33
table,33
ratio,32
elasticity,31
not,31
migrant,30
south,30
effect,29
cell,27
within,27
whites,27
ln,26
average,26
between,26
journal,25
than,24
migrants,24
into,23
competition,23
their,22
increase,22
if,21
may,21
economic,21
can,21
relative,21
s,20
levels,20
convergence,19
were,19
gap,18
had,18
more,18
discrimination,18
high,18
land,18
market,17
earnings,17
boustan,17
r,17
only,17
new,17
who,17
share,17
both,17
quality,16
due,16
changes,16
schooling,16
while,16
flow,15
will,15
first,15
all,15
e,15
promised,15
results,15
but,15
these,15
which,15
column,15
over,15
each,15
effects,15
at,14
different,14
estimates,14
blackwhite,14
across,14
stock,14
same,14
two,14
one,13
x,13
growth,13
was,13
notes,13
been,13
equation,13
categories,13
southerners,13
production,12
differences,12
l,12
economics,12
level,12
when,12
time,12
capital,12
force,12
job,12
using,12
ols,11
cells,11
total,11
sample,11
estimate,11
perfect,11
b,11
n,11
census,11
work,11
margo,11
demand,11
also,11
larger,11
use,11
terms,11
evidence,11
large,10
schools,10
racial,10
iv,10
university,10
could,10
because,10
working,10
panel,10
existing,10
function,10
educational,10
we,10
economy,10
reported,10
press,10
it,9
great,9
higher,9
term,9
war,9
data,9
used,9
annual,9
counterfactual,9
calculate,9
contains,9
assumption,9
substitutes,9
article,9
making,9
they,8
likely,8
flows,8
source,8
framework,8
either,8
case,8
estimating,8
even,8
similar,8
p,8
borjas,8
unobserved,8
ottaviano,8
public,8
during,8
change,8
under,8
al,8
peri,8
income,8
see,8
five,8
fall,8
following,8
series,8
welch,8
william,8
integrated,8
defined,8
estimated,7
presents,7
j,7
west,7
rather,7
card,7
how,7
coefficients,7
most,7
additional,7
example,7
et,7
next,7
productivity,7
microdata,7
occupations,7
imperfect,7
birth,7
attainment,7
three,7
james,7
immigration,7
set,7
born,7
oo,7
arrivals,7
coefficient,7
chicago,7
among,7
o,6
american,6
other,6
political,6
rethinking,6
has,6
calculated,6
instrument,6
age,6
result,6
based,6
krueger,6
worker,6
however,6
ruggles,6
composite,6
workforce,6
world,6
second,6
logarithm,6
earned,6
lexb,6
model,6
where,6
quarterly,6
figure,6
appendix,6
living,6
size,6
national,6
increased,6
does,5
gottlieb,5
per,5
columns,5
history,5
ii,5
neal,5
there,5
regression,5
some,5
includes,5
main,5
mean,5
eight,5
section,5
driven,5
impact,5
quarters,5
further,5
equal,5
well,5
year,5
forces,5
below,5
around,5
intervals,5
percentage,5
smith,5
sector,5
armed,5
heckman,5
number,5
cohort,5
restrictions,5
region,5
including,5
described,5
assignment,5
wexw,5
substitutability,5
farm,5
fewer,5
length,5
variable,5
implied,5
scenario,5
better,5
distribution,5
sundstrom,5
attendees,5
states,5
trotter,4
pittsburgh,4
elementary,4
bias,4
equations,4
uses,4
du,4
lower,4
compression,4
explaining,4
maloney,4
ô,4
robert,4
milwaukee,4
collins,4
segregation,4
million,4
review,4
reject,4
exercise,4
output,4
find,4
student,4
general,4
rates,4
rights,4
weighted,4
contributions,4
factors,4
category,4
days,4
four,4
david,4
graduates,4
finis,4
arrival,4
declined,4
markets,4
explain,4
line,4
gains,4
industrial,4
bois,4
positions,4
demonstrates,4
employed,4
own,4
errors,4
t,4
interregional,4
lowest,4
presence,4
decline,4
dependent,4
aggregate,4
counterparts,4
wright,4
already,4
similarly,4
experienced,4
many,4
awexw,4
john,4
variation,4
identical,4
patterns,4
ages,4
jobs,4
less,4
factor,4
actual,4
held,4
divisions,4
curve,4
least,4
k,4
whatley,4
standard,4
stage,4
segregated,4
employment,4
small,4
simply,4
paper,4
particularly,4
cities,4
what,4
middle,4
presented,4
role,4
firms,4
finding,4
instead,4
early,4
clustered,3
college,3
ma,3
federal,3
position,3
fixed,3
operatives,3
negative,3
sources,3
worked,3
variables,3
wave,3
enrolled,3
subsequent,3
state,3
those,3
classified,3
nber,3
alone,3
point,3
resources,3
thus,3
influx,3
since,3
alexb,3
century,3
decisions,3
races,3
unchanged,3
third,3
y,3
hanushek,3
employ,3
slowed,3
americans,3
york,3
midwest,3
direct,3
derek,3
parentheses,3
consider,3
entry,3
statistical,3
established,3
observations,3
show,3
decades,3
gregory,3
allow,3
color,3
sexb,3
myrdal,3
skilled,3
cannot,3
ford,3
directly,3
civil,3
literature,3
falling,3
statistics,3
racespecific,3
ucla,3
regions,3
le,3
contrast,3
every,3
replace,3
industry,3
paid,3
value,3
reduced,3
discriminatory,3
absence,3
limited,3
return,3
still,3
translates,3
positive,3
about,3
cohorts,3
opportunities,3
adjusted,3
rise,3
chose,3
addition,3
lack,3
zero,3
enough,3
increases,3
local,3
status,3
parameter,3
supervisory,3
concern,3
theoretical,3
low,3
urbana,3
points,3
period,3
after,3
thomas,3
class,3
comparing,3
slightly,3
parameters,3
versus,3
regressions,3
separate,3
relationship,3
provide,3
bound,3
predict,3
often,3
analysis,3
united,3
constant,3
version,3
demonstrate,3
log,3
pace,3
offers,3
alternative,3
report,3
grossman,3
very,3
associated,3
historical,3
them,3
particular,3
calculations,3
doubled,3
theory,3
extent,3
w,3
urban,3
progress,3
assumptions,3
measure,3
goldin,3
cambridge,3
illinois,3
completed,3
include,3
rhs,3
diaspora,3
remains,3
summary,3
johnson,3
leah,3
problem,2
rate,2
common,2
generated,2
differentials,2
northeast,2
implies,2
measures,2
jure,2
expect,2
dc,2
mobility,2
sets,2
h,2
studies,2
higgs,2
grove,2
decade,2
policy,2
holding,2
freeman,2
before,2
princeton,2
pie,2
test,2
joe,2
consistent,2
earning,2
grogger,2
wrong,2
long,2
wexb,2
motor,2
hire,2
company,2
skills,2
belong,2
simple,2
government,2
closer,2
reestimate,2
composition,2
procedure,2
resulting,2
roosevelt,2
regressed,2
chandra,2
depends,2
key,2
account,2
possible,2
upward,2
disentangle,2
bous,2
move,2
taking,2
along,2
enter,2
human,2
central,2
bodnar,2
losers,2
illustrates,2
pursuit,2
de,2
relatively,2
ability,2
interchangeably,2
pay,2
february,2
expected,2
nested,2
fishback,2
lieberson,2
migrate,2
turn,2
old,2
immigrants,2
underlying,2
document,2
depend,2
refer,2
amount,2
response,2
compared,2
payner,2
employers,2
boom,2
billion,2
start,2
coal,2
influence,2
competitive,2
stanley,2
focused,2
foote,2
gianmarco,2
added,2
edited,2
his,2
absent,2
remain,2
process,2
determining,2
earlier,2
se,2
tan,2
means,2
lives,2
downward,2
affect,2
immigrant,2
biased,2
organized,2
warren,2
benefited,2
commonly,2
cotton,2
buoyed,2
m,2
important,2
detroit,2
faced,2
view,2
logarithms,2
lead,2
avenue,2
found,2
access,2
carolina,2
attained,2
occupation,2
continuous,2
donohue,2
appears,2
population,2
otherwise,2
produce,2
counties,2
absolute,2
ces,2
heinicke,2
almost,2
exb,2
advancement,2
reduction,2
nation,2
aged,2
platt,2
ten,2
loss,2
reduces,2
interchangeability,2
reflect,2
regional,2
alan,2
week,2
attributed,2
weeks,2
statistically,2
suggest,2
heltman,2
few,2
significantly,2
denotes,2
claudia,2
yrs,2
describes,2
neoclassical,2
episodic,2
periods,2
hosts,2
therefore,2
tasks,2
san,2
tide,2
arbitraging,2
exception,2
giovanni,2
prevailing,2
above,2
indicates,2
interactions,2
collect,2
fair,2
neither,2
classroom,2
positively,2
ipums,2
responsive,2
robust,2
delaware,2
department,2
definitions,2
dilemma,2
predicts,2
factory,2
others,2
lemieux,2
adjusts,2
upgrading,2
distributions,2
pattern,2
hand,2
do,2
geography,2
vigdor,2
wartime,2
perhaps,2
native,2
remained,2
another,2
simon,2
winners,2
clerical,2
reside,2
crafts,2
significant,2
expression,2
assume,2
worse,2
tripled,2
individuals,2
full,2
whitmore,2
remaining,2
adding,2
peter,2
christopher,2
so,2
graduated,2
pupil,2
provides,2
broussard,2
spent,2
mining,2
respectively,2
exactly,2
v,2
postwar,2
attended,2
increasing,2
george,2
obtained,2
stocks,2
sensitive,2
transformed,2
lawrence,2
foner,2
detail,2
magnitude,2
then,2
any,2
must,2
text,2
here,2
refused,2
shares,2
did,2
returns,2
sum,2
past,2
rural,2
assessment,2
masters,2
respect,2
drop,2
according,2
unlikely,2
nee,2
form,2
maryland,2
thirty,2
information,2
virginia,2
given,2
conclude,2
through,2
publishers,2
african,2
went,2
qualitative,2
allows,2
sb,2
gain,2
eric,2
shown,2
score,2
negro,2
z,2
quotas,2
ushered,2
finally,2
modifies,2
grown,2
correlated,2
smaller,2
piece,2
francisco,2
shift,2
hamermesh,2
offered,2
assumed,2
gavin,2
themselves,2
weber,2
little,2
interaction,2
focus,2
much,2
strong,2
recent,2
occur,2
row,2
hypothesis,2
final,1
residing,1
democracy,1
ending,1
now,1
lowskilled,1
hoxby,1
possessed,1
produces,1
struggle,1
way,1
concerned,1
created,1
represent,1
affected,1
wa,1
interventions,1
episodes,1
arrive,1
offset,1
resided,1
diane,1
introduction,1
differentiating,1
unbiased,1
allwhite,1
comparability,1
shocks,1
center,1
star,1
larry,1
stereotypical,1
identify,1
neighborhoods,1
completely,1
easily,1
modern,1
ti,1
hair,1
disadvantaged,1
predicting,1
exw,1
occurred,1
inequality,1
induced,1
edu,1
women,1
diffusion,1
round,1
being,1
cartoons,1
anything,1
inc,1
barriers,1
invention,1
twostage,1
caroline,1
slaughtered,1
later,1
taken,1
assign,1
concentrated,1
might,1
address,1
england,1
drivers,1
reber,1
dramatically,1
plart,1
europe,1
automobile,1
assess,1
suggesting,1
together,1
estimation,1
poverty,1
potentially,1
able,1
respondents,1
take,1
real,1
improved,1
mind,1
precisely,1
reserved,1
opposite,1
decreased,1
dora,1
barred,1
daniel,1
context,1
seminar,1
posts,1
akin,1
side,1
corresponded,1
inflows,1
gaps,1
advice,1
pub,1
u,1
amplified,1
firm,1
america,1
salesman,1
discuss,1
rests,1
jc,1
roger,1
vol,1
porter,1
determined,1
foreignand,1
activity,1
planters,1
functions,1
richard,1
carpenters,1
professor,1
combination,1
combine,1
disparities,1
far,1
yaby,1
laws,1
aggregating,1
foregone,1
experiencing,1
redefining,1
awaits,1
minimum,1
dollars,1
measurement,1
prevented,1
sign,1
split,1
interestingly,1
yx,1
learned,1
natives,1
comprehensive,1
throughout,1
differential,1
reservoir,1
relocation,1
surely,1
reverse,1
explained,1
mine,1
such,1
against,1
recasting,1
realized,1
september,1
assumes,1
g,1
author,1
equivalents,1
mixed,1
gunnar,1
relations,1
price,1
uniformity,1
jr,1
counter,1
algxb,1
learning,1
cases,1
adjustment,1
nor,1
orig,1
keep,1
subjects,1
body,1
lse,1
columbia,1
inclusion,1
young,1
attests,1
left,1
jacob,1
mechanical,1
warned,1
sexr,1
externalities,1
instruments,1
truck,1
hardly,1
generation,1
bypassed,1
cetera,1
babies,1
error,1
poorly,1
costa,1
surprisingly,1
exyj,1
lijb,1
forbidding,1
without,1
predicted,1
managers,1
performance,1
negatively,1
cleaned,1
developed,1
angeles,1
district,1
illustration,1
housing,1
basic,1
reexamining,1
capture,1
calculates,1
represented,1
elsevier,1
mechanics,1
opportunity,1
weighting,1
speculatively,1
ex,1
sarah,1
certain,1
leave,1
parts,1
ongoing,1
employees,1
yayb,1
retail,1
sejbmejb,1
animals,1
support,1
references,1
ensure,1
occupational,1
bit,1
elsewhere,1
constrain,1
receiving,1
placed,1
house,1
lng,1
threat,1
recovered,1
max,1
shorter,1
lrj,1
beyond,1
cost,1
requires,1
willing,1
admonishing,1
dominant,1
coincide,1
appear,1
perceive,1
union,1
whereas,1
greater,1
ranges,1
expressed,1
moving,1
closely,1
advance,1
my,1
endogenous,1
abated,1
brookings,1
elasticities,1
slexbllexb,1
lejb,1
entered,1
demise,1
entering,1
erosion,1
typical,1
amsterdam,1
effort,1
seven,1
generates,1
lexw,1
complete,1
late,1
unions,1
handbook,1
fourth,1
standardized,1
though,1
italians,1
let,1
counterf,1
hall,1
meet,1
truly,1
younger,1
record,1
instrumental,1
required,1
decadal,1
elastic,1
oh,1
wayne,1
possibility,1
influenced,1
criteria,1
aspects,1
improve,1
hierarchies,1
unequal,1
explore,1
basis,1
future,1
accounting,1
counterweight,1
scope,1
mayer,1
los,1
heart,1
prompted,1
reestimates,1
part,1
contracts,1
training,1
apparent,1
partitioned,1
grow,1
afroamericans,1
uc,1
older,1
place,1
overtly,1
destination,1
calculating,1
records,1
qexr,1
transported,1
focuses,1
believes,1
entails,1
showing,1
project,1
president,1
alleviation,1
count,1
towards,1
violated,1
prices,1
solution,1
construct,1
ratios,1
negligible,1
peterson,1
tested,1
generality,1
order,1
exclude,1
southernborn,1
encompasses,1
specificity,1
recalculates,1
sufficient,1
separately,1
concerns,1
choose,1
migrating,1
components,1
adjust,1
eighth,1
observe,1
shaded,1
essentially,1
portions,1
philip,1
packinghouses,1
invariant,1
ïj,1
tanneries,1
impediment,1
substituted,1
normalized,1
grateful,1
provided,1
paul,1
finds,1
moved,1
rest,1
capturing,1
invest,1
avoid,1
input,1
clingingsmith,1
industries,1
portion,1
foremen,1
ramifications,1
equality,1
matter,1
practices,1
impacts,1
relax,1
identified,1
service,1
expansion,1
corporation,1
forward,1
nearly,1
awejwexw,1
reduce,1
community,1
boss,1
bill,1
boy,1
study,1
movement,1
hold,1
religious,1
single,1
once,1
metric,1
contributing,1
pacific,1
interpretation,1
lagged,1
pp,1
marginal,1
database,1
albert,1
whose,1
technology,1
restricted,1
selective,1
us,1
compiled,1
today,1
participants,1
included,1
falls,1
qexb,1
shock,1
rising,1
largest,1
earns,1
reports,1
begins,1
hearth,1
increasingly,1
baby,1
irvine,1
published,1
harper,1
faster,1
useful,1
worst,1
birthplace,1
outflows,1
jeffrey,1
power,1
journey,1
toward,1
rows,1
available,1
put,1
financial,1
lime,1
demographic,1
complementary,1
investigates,1
longer,1
factual,1
praeger,1
conduct,1
rents,1
wesley,1
minnesota,1
hottest,1
choice,1
teachers,1
educated,1
fallen,1
substantially,1
appropriately,1
segmentation,1
relaxes,1
impending,1
convert,1
channel,1
adjacent,1
learn,1
present,1
proletariat,1
ironically,1
derivative,1
banned,1
couldn,1
validity,1
equitable,1
michael,1
interview,1
hides,1
necessary,1
focusing,1
poles,1
books,1
gives,1
mill,1
editorials,1
degree,1
remove,1
argues,1
kansas,1
pooling,1
aggregation,1
understanding,1
exhibit,1
discussion,1
apprenticeships,1
made,1
eexwt,1
craig,1
reversed,1
upon,1
proscribed,1
contours,1
aggregated,1
bucket,1
wexbt,1
detailed,1
sufficiently,1
recover,1
samples,1
looking,1
omit,1
empirical,1
bust,1
entirely,1
raven,1
emphasize,1
refers,1
dress,1
complements,1
net,1
satisfactorily,1
ethnic,1
exhibited,1
trend,1
awexb,1
frydman,1
forestalling,1
stay,1
intestines,1
previous,1
option,1
delay,1
relegated,1
improvements,1
california,1
dummy,1
trade,1
open,1
explorations,1
clear,1
loosely,1
carola,1
dirtiest,1
express,1
obtaining,1
august,1
issn,1
individual,1
times,1
allowed,1
started,1
helpful,1
plant,1
explanation,1
played,1
dry,1
mountain,1
filled,1
kept,1
lexr,1
nativeborn,1
ascending,1
promotion,1
strict,1
behind,1
chapel,1
newspapers,1
become,1
greatly,1
examine,1
nationally,1
accrue,1
structure,1
implication,1
sijbalijb,1
analyze,1
differ,1
embeds,1
equivalent,1
attracted,1
occupied,1
institution,1
beam,1
caution,1
sandra,1
picker,1
decision,1
limiting,1
european,1
implicitly,1
payroll,1
nqex,1
inelastic,1
tests,1
assigned,1
illusory,1
foreseen,1
peers,1
saks,1
subdivided,1
continued,1
usually,1
suggestive,1
hill,1
reasonable,1
begin,1
lexwt,1
alternate,1
lines,1
bunche,1
stopped,1
widespread,1
slow,1
parttime,1
excluding,1
strongly,1
returned,1
wilson,1
qexw,1
whereby,1
executive,1
lesseducated,1
life,1
expectations,1
construction,1
machinists,1
grade,1
hope,1
composed,1
supporting,1
get,1
combines,1
susan,1
earliest,1
antidiscrimination,1
stephen,1
lexi,1
assistant,1
laborer,1
baseline,1
graphs,1
suggestions,1
contained,1
rarely,1
fifteen,1
specification,1
conclusion,1
norms,1
minneapolis,1
steel,1
zexbt,1
accruing,1
unadjusted,1
constructed,1
temporal,1
ignore,1
augmenting,1
forty,1
why,1
lynne,1
berkeley,1
partitioning,1
natural,1
principle,1
katz,1
country,1
parental,1
correspond,1
northward,1
sizes,1
east,1
setting,1
historians,1
detroiters,1
referees,1
incorporating,1
argue,1
half,1
current,1
assignments,1
harvest,1
alternatively,1
losses,1
exhibits,1
relocate,1
research,1
perfectly,1
doubling,1
infer,1
equilibrium,1
written,1
jencks,1
differed,1
c,1
works,1
absolutely,1
turned,1
qualitatively,1
lexbt,1
noise,1
dlog,1
preexisting,1
lboustan,1
squares,1
combined,1
depicts,1
whether,1
rose,1
prefers,1
oglb,1
overcrowded,1
accounts,1
sociology,1
males,1
maintain,1
agricultural,1
sloping,1
lengths,1
helper,1
inflow,1
substitutable,1
allocate,1
divide,1
grades,1
migrations,1
explored,1
hastened,1
generally,1
suggests,1
incomes,1
asians,1
wexwt,1
zxqexlex,1
translated,1
conference,1
janitor,1
nj,1
pits,1
uniform,1
sea,1
despite,1
revolutions,1
econ,1
unaffected,1
step,1
contribute,1
manufacturing,1
sizeable,1
phenomenon,1
exploit,1
diverged,1
writing,1
àlexb,1
think,1
varied,1
precision,1
amitabh,1
layers,1
lsex,1
punctually,1
fi,1
difference,1
sharpest,1
generate,1
julius,1
decrease,1
twentieth,1
conditions,1
machinereadable,1
washington,1
naomi,1
harm,1
wexr,1
dangerous,1
hiring,1
unloaded,1
define,1
d,1
product,1
manufacturer,1
off,1
trucks,1
hours,1
association,1
brook,1
anonymous,1
comparison,1
am,1
specific,1
lamoreaux,1
nativity,1
attending,1
prospects,1
robustness,1
scholarship,1
cook,1
era,1
partial,1
exclusively,1
counts,1
unequivocal,1
laborers,1
profiles,1
building,1
broader,1
doing,1
attendance,1
conversations,1
ca,1
brevity,1
major,1
sexbalexb,1
