WORDCOUNTS,WEIGHT
the,748
of,606
and,449
in,286
to,245
a,178
was,105
as,92
for,90
by,85
that,84
demesnes,81
from,79
were,76
more,61
than,60
percent,58
is,58
it,57
their,56
with,56
at,55
economic,54
production,53
england,52
market,51
norfolk,51
demand,50
campbell,48
cropping,48
medieval,47
s,47
century,47
on,45
grain,43
ftc,42
london,41
pp,41
university,39
counties,38
accounts,38
these,37
which,37
all,36
most,36
this,36
less,36
crop,35
history,34
cambridge,34
arable,33
fourteenth,33
are,33
had,32
sown,32
mean,31
land,31
its,30
oats,30
area,30
or,28
acreage,27
supply,27
no,27
barley,27
be,27
they,26
demesne,26
grains,26
legumes,26
upon,26
been,26
per,25
an,25
m,25
table,25
press,25
crops,24
many,24
commercialized,24
systems,24
rent,23
cropped,23
bread,23
percentage,23
much,23
agrarian,22
those,22
both,22
have,22
within,21
agricultural,21
et,21
wheat,21
prices,21
rye,21
edited,21
but,21
national,21
estates,20
type,20
english,19
total,19
relative,19
c,19
sales,18
least,18
also,18
period,18
country,18
seignorial,18
there,17
p,17
population,17
where,17
sold,17
net,17
evidence,17
types,17
over,17
fodder,17
bruce,16
matching,16
database,16
john,16
not,16
produce,16
estate,15
acres,15
some,15
rather,15
greater,15
lords,15
al,15
trade,15
them,15
one,14
h,14
even,14
oxford,14
only,14
extensive,14
close,14
sale,13
such,13
price,13
manchester,13
sector,13
power,13
strongly,13
other,13
economy,13
between,13
library,12
capital,12
growth,12
changes,12
record,12
costs,12
made,12
brewing,12
commercial,12
source,11
nevertheless,11
agriculture,11
levels,11
mixtures,11
r,11
whole,11
middle,11
same,11
cultivated,11
conventual,11
number,11
remained,11
share,11
historical,11
consumption,11
now,10
review,10
development,10
commercialization,10
may,10
l,10
lay,10
producers,10
when,10
social,10
ages,10
so,10
high,10
city,10
pottage,9
system,9
labor,9
databases,9
journal,9
selling,9
standards,9
markets,9
data,9
part,9
decisions,9
two,9
increasingly,9
income,9
see,9
office,9
analysis,9
receipts,9
each,9
far,9
living,9
beginning,9
what,9
westminster,9
ownership,9
north,9
although,9
major,9
later,8
acre,8
provisions,8
hence,8
britnell,8
prevailing,8
thus,8
output,8
importance,8
von,8
intensive,8
before,8
scale,8
change,8
research,8
decline,8
intensively,8
husbandry,8
new,8
metropolitan,8
greatest,8
households,8
especially,8
geography,8
any,8
thames,8
disposal,8
d,8
miller,7
being,7
great,7
classified,7
animals,7
pastoral,7
location,7
configuration,7
well,7
manorial,7
consequently,7
county,7
field,7
few,7
essex,7
still,7
opportunities,7
europe,7
food,7
three,7
receipt,7
problems,7
contraction,7
case,7
manors,7
best,7
cultivation,7
better,7
almost,7
urban,7
transport,7
became,7
course,7
gross,7
early,7
substantial,7
if,6
dredge,6
proportion,6
lower,6
j,6
available,6
farmer,6
hall,6
consumed,6
quality,6
rates,6
whose,6
direct,6
means,6
retained,6
nor,6
hertfordshire,6
produced,6
feeding,6
intermediate,6
during,6
place,6
trends,6
level,6
involved,6
productivity,6
society,6
therefore,6
ale,6
areas,6
choice,6
edward,6
receiving,6
forms,6
unit,6
galloway,6
samples,6
i,6
individual,6
methods,6
occupied,6
too,6
here,6
did,6
involvement,6
extent,6
marketing,6
cash,6
collegiate,6
maslin,6
west,6
cheaper,6
common,5
extreme,5
college,5
use,5
true,5
studies,5
policy,5
either,5
localities,5
nature,5
measuring,5
very,5
commercialisation,5
since,5
de,5
influence,5
represented,5
study,5
wages,5
specialization,5
hatcher,5
further,5
however,5
because,5
proportions,5
own,5
commerce,5
highly,5
tended,5
progress,5
aggregate,5
second,5
overall,5
southeast,5
kent,5
yet,5
manor,5
management,5
regional,5
managers,5
death,5
demographic,5
foodstuffs,5
do,5
diets,5
weakly,5
local,5
langdon,5
keene,5
after,5
standard,5
exchange,5
thirteenth,5
liveries,5
norwich,5
life,5
often,5
exercised,5
series,5
expanding,5
down,5
half,5
past,5
capita,5
distribution,5
while,5
cluster,5
years,5
institutional,5
grown,5
classification,5
needs,5
potential,5
household,5
oftotal,4
provisioning,4
environmental,4
large,4
overton,4
peas,4
former,4
consistent,4
provision,4
long,4
ii,4
concentrated,4
advantage,4
transferred,4
miles,4
british,4
deviation,4
east,4
e,4
activity,4
diss,4
human,4
throughout,4
royal,4
immediate,4
unpublished,4
six,4
purchasing,4
higher,4
how,4
derived,4
parts,4
factors,4
derek,4
latter,4
peasants,4
age,4
four,4
appear,4
beveridge,4
commercialising,4
public,4
mapping,4
centers,4
abbey,4
diet,4
midlands,4
wales,4
hinterland,4
intensity,4
method,4
directly,4
work,4
received,4
significantly,4
ten,4
broad,4
falling,4
documented,4
forces,4
overseas,4
sense,4
value,4
provided,4
matter,4
taken,4
horses,4
limited,4
exception,4
expanded,4
once,4
selective,4
neither,4
episcopal,4
home,4
lord,4
mark,4
towns,4
diminishing,4
murphy,4
time,4
end,4
hand,4
contracted,4
practice,4
explanation,4
farming,4
values,4
evolution,4
considerable,4
low,4
thuinen,4
b,4
workers,4
like,4
would,4
black,4
class,4
can,4
james,4
dietary,4
european,4
yields,4
belonged,4
bulk,4
fewer,4
institutions,4
centuries,4
then,4
associated,4
growing,4
changing,4
intensification,4
has,4
returns,4
purchase,4
institute,4
belfast,4
soils,4
producer,4
devoted,4
until,4
generate,4
specific,4
ser,4
maximum,4
valley,4
strong,4
mostly,3
way,3
concerned,3
implies,3
likewise,3
essays,3
notwithstanding,3
occurred,3
raynham,3
based,3
buoyant,3
might,3
simple,3
differences,3
producing,3
composition,3
products,3
improved,3
fullest,3
principal,3
iii,3
eastern,3
berkshire,3
right,3
quantities,3
possible,3
postan,3
consumers,3
dutch,3
resources,3
minimum,3
collection,3
cutback,3
relationships,3
calculated,3
attained,3
relatively,3
relations,3
consumer,3
oxfordshire,3
profound,3
contrary,3
verhulst,3
pronounced,3
wheaten,3
town,3
without,3
across,3
developed,3
responded,3
poses,3
determining,3
aston,3
grew,3
certain,3
upstream,3
rising,3
winchester,3
proved,3
n,3
numbers,3
placed,3
autarky,3
show,3
efficient,3
bartley,3
hereafter,3
labour,3
important,3
whereas,3
character,3
opening,3
could,3
downstream,3
found,3
strength,3
aristocratic,3
out,3
changed,3
dyer,3
absolute,3
wide,3
masschaele,3
used,3
formerly,3
preferred,3
partly,3
hidden,3
sampled,3
good,3
la,3
wider,3
always,3
customary,3
dependent,3
using,3
massive,3
situation,3
thoen,3
expansion,3
constraints,3
single,3
cheap,3
professor,3
ed,3
nro,3
department,3
stronger,3
others,3
towards,3
nondemesne,3
pattern,3
serfdom,3
enough,3
took,3
ground,3
centre,3
existing,3
council,3
necessary,3
distance,3
another,3
examples,3
dcn,3
region,3
encouraged,3
factor,3
trend,3
significance,3
margaret,3
characterized,3
queen,3
conspicuously,3
article,3
accordingly,3
structure,3
probably,3
equivalent,3
regimes,3
widely,3
farm,3
bodleian,3
continued,3
usually,3
transformed,3
effectively,3
why,3
face,3
rurale,3
heavy,3
respective,3
alternative,3
shares,3
different,3
themselves,3
twelfth,3
unique,3
spatial,3
whether,3
yielded,3
allowance,3
transaction,3
balance,3
suggests,3
size,3
sea,3
role,3
ken,3
au,3
contrasts,3
grant,3
actively,3
approximately,3
range,3
defined,3
remains,3
association,3
exclusively,3
instance,3
focus,3
among,3
technological,3
drew,3
livestock,3
hilton,3
increase,3
modelling,2
archives,2
thiinen,2
rate,2
countryside,2
waltham,2
acreages,2
groups,2
pull,2
created,2
offset,2
introduction,2
plainly,2
kinds,2
northamptonshire,2
live,2
myhil,2
easily,2
ms,2
western,2
into,2
unlike,2
estrange,2
exceptions,2
attuned,2
corresponding,2
cutting,2
first,2
modest,2
wool,2
certainly,2
entailed,2
retreat,2
active,2
potentially,2
ph,2
real,2
gras,2
fresh,2
state,2
blackwell,2
grenville,2
alike,2
majority,2
depending,2
classifying,2
rolls,2
histoire,2
chapter,2
vol,2
prior,2
kowaleski,2
brewed,2
information,2
nouvelles,2
combination,2
classifications,2
quantity,2
legume,2
inflation,2
funded,2
central,2
differential,2
bieleman,2
dynamics,2
bailey,2
against,2
moment,2
afford,2
thunen,2
application,2
agricole,2
grigg,2
sample,2
basil,2
dean,2
highest,2
compared,2
honour,2
misleading,2
profit,2
tenants,2
navigable,2
operation,2
poor,2
dilemma,2
links,2
main,2
basic,2
weighted,2
landscape,2
revenues,2
subsistence,2
opportunity,2
waned,2
earlier,2
morimoto,2
river,2
peasant,2
elsewhere,2
just,2
preoccupation,2
weak,2
moyen,2
suffolk,2
observations,2
leverhulme,2
bridges,2
pulteney,2
consequence,2
vale,2
dominant,2
fallows,2
strategy,2
fuelling,2
expressed,2
result,2
advance,2
my,2
tithe,2
declined,2
fortunes,2
ftci,2
access,2
relating,2
seven,2
international,2
circa,2
late,2
equally,2
neighboring,2
though,2
durham,2
focused,2
brenner,2
required,2
expensive,2
gained,2
none,2
participation,2
leasing,2
prominent,2
example,2
reduction,2
gave,2
suppliers,2
figures,2
thereafter,2
winter,2
kinsboume,2
bishop,2
predominance,2
interpreted,2
markedly,2
moulsham,2
t,2
hard,2
suggest,2
order,2
contrast,2
ricardian,2
quite,2
small,2
upshot,2
several,2
soil,2
diversified,2
en,2
annual,2
struck,2
seed,2
st,2
harvey,2
results,2
notes,2
structured,2
grateful,2
am,2
concomitant,2
yarmouth,2
periods,2
will,2
f,2
reduced,2
various,2
steadily,2
above,2
landed,2
astill,2
hitherto,2
about,2
fair,2
marginal,2
technology,2
under,2
favorable,2
subcounty,2
missing,2
included,2
lowland,2
extravagant,2
conversely,2
collectively,2
largest,2
already,2
volume,2
entrepot,2
harrison,2
law,2
technique,2
fell,2
erik,2
similarly,2
lowering,2
projects,2
complementary,2
fact,2
striking,2
inevitably,2
larger,2
urbanized,2
variation,2
golden,2
townshend,2
never,2
patterns,2
everyday,2
strategies,2
malting,2
eds,2
sell,2
differentiation,2
ecology,2
convenient,2
degree,2
calculation,2
sir,2
crown,2
chiefly,2
hoppe,2
arose,2
crafts,2
significant,2
fed,2
operated,2
harvard,2
wrigley,2
engaged,2
services,2
cathedral,2
ibid,2
trust,2
full,2
disposable,2
peter,2
handlist,2
times,2
attach,2
supplying,2
geographically,2
general,2
practiced,2
proximity,2
thornton,2
generating,2
internal,2
become,2
trades,2
capitalism,2
southwest,2
quarter,2
canterbury,2
separate,2
profitable,2
depressed,2
abundance,2
characteristics,2
persson,2
george,2
sometimes,2
five,2
naturally,2
nnas,2
hogan,2
lost,2
off,2
progressively,2
detailed,2
force,2
clays,2
indicate,2
dans,2
existed,2
fall,2
hutchinson,2
olwen,2
contained,2
version,2
incorporated,2
circumstances,2
determinants,2
endowed,2
known,2
howell,2
precise,2
physical,2
meat,2
set,2
stem,2
extant,2
readily,2
cultures,2
specialized,2
ratio,2
seem,2
nutritious,2
appendix,2
victoria,2
expense,2
feed,2
birdbrook,2
foundation,2
harvest,2
milk,2
particularly,2
goods,2
reflected,2
distinctive,2
rural,2
livingstone,2
william,2
surpluses,2
investigation,2
rose,2
stability,2
list,2
manuscripts,2
listed,2
discriminant,2
adriaan,2
presented,2
little,2
nightingale,2
altogether,2
intended,2
measure,2
conventional,2
submeans,2
isolated,2
philpin,2
survival,2
strikingly,2
finally,2
crisis,2
need,2
smaller,2
firewood,2
biddick,2
increased,2
offered,2
supported,2
interdisciplinary,2
shrank,2
point,2
enterprise,2
debate,2
partial,2
views,2
entire,2
corn,2
should,2
nicholas,1
stiffer,1
final,1
magdalen,1
difficult,1
repay,1
margins,1
receded,1
done,1
triple,1
estimated,1
fertile,1
cliffe,1
populous,1
universite,1
everyone,1
affected,1
gravitational,1
consume,1
determine,1
intriguing,1
northeast,1
asset,1
economie,1
measures,1
alone,1
notably,1
pushed,1
distributed,1
entirely,1
church,1
conversion,1
group,1
becoming,1
led,1
complex,1
decimation,1
birmingham,1
tend,1
reassessment,1
prime,1
diversification,1
formed,1
likely,1
withered,1
continent,1
peaks,1
completely,1
bias,1
paysbas,1
modern,1
considerations,1
weaker,1
reasonably,1
page,1
comparisons,1
rivers,1
fixed,1
ian,1
driven,1
encourage,1
gleanings,1
variants,1
scamp,1
impediments,1
incentive,1
oxen,1
verystrong,1
triennial,1
arguing,1
acquainted,1
ingredients,1
verdict,1
du,1
lure,1
properties,1
contexts,1
women,1
experience,1
predominantly,1
anything,1
sit,1
attributable,1
upland,1
exacting,1
sources,1
kilocalories,1
inexorable,1
creation,1
connection,1
wantage,1
fifteenth,1
terrains,1
pervasive,1
steady,1
phil,1
melanges,1
vols,1
offerts,1
elusive,1
saul,1
humans,1
expectation,1
deriving,1
promoting,1
rational,1
shortage,1
stretch,1
brightwell,1
sustainable,1
editions,1
definition,1
dramatically,1
comparatively,1
shaped,1
oat,1
secondary,1
seigneurial,1
together,1
accompanied,1
coarseness,1
indulge,1
momentum,1
farmers,1
analyses,1
pressed,1
rich,1
arises,1
bulked,1
revisions,1
inherent,1
able,1
sometime,1
thanks,1
anglais,1
yearbook,1
subsequent,1
oiled,1
conclusion,1
achieved,1
feature,1
priories,1
traditionally,1
persistence,1
boydell,1
stand,1
influences,1
gakuin,1
reserved,1
cell,1
opposite,1
advantages,1
wage,1
solved,1
longmans,1
midessex,1
deteriorated,1
context,1
sound,1
computing,1
narrower,1
existence,1
forthcoming,1
carla,1
recorded,1
king,1
meridionaux,1
task,1
money,1
capacity,1
advice,1
mass,1
cunweighted,1
economics,1
retain,1
custom,1
reminder,1
busy,1
indirectly,1
replacement,1
stoney,1
opened,1
capable,1
determined,1
marked,1
politics,1
neighbor,1
leicester,1
shared,1
slight,1
dewindt,1
adopting,1
functions,1
socioproperty,1
occupy,1
vital,1
obvious,1
brewsters,1
mounting,1
veryweak,1
owners,1
climax,1
along,1
objective,1
undoubtedly,1
enter,1
demanded,1
bruxelles,1
forged,1
eroded,1
measurement,1
nosjours,1
fanner,1
evaluating,1
cheese,1
controlled,1
stevenage,1
voracious,1
holkham,1
exposed,1
mid,1
learned,1
doget,1
penalty,1
andrew,1
includes,1
accessible,1
berk,1
collapse,1
relocation,1
dependence,1
feering,1
g,1
harcourt,1
draught,1
component,1
spectrum,1
wold,1
wartenberg,1
points,1
due,1
overlooks,1
analyzing,1
tables,1
overland,1
paradoxically,1
scarce,1
dynamic,1
characteristic,1
interchangeably,1
juxtaposition,1
gunnar,1
hemsby,1
heightened,1
emerges,1
employing,1
extensively,1
forced,1
kind,1
understates,1
kibworth,1
progressive,1
sustain,1
cultivator,1
cases,1
aweighted,1
developments,1
reluctance,1
christopher,1
keep,1
displays,1
frequented,1
caput,1
depend,1
back,1
modifying,1
onethird,1
body,1
applying,1
maxima,1
ecclesiastical,1
weakening,1
compare,1
weight,1
mirrored,1
uniformity,1
beat,1
bennett,1
dwindling,1
strengthening,1
kelvedon,1
occasion,1
acted,1
valleys,1
handful,1
error,1
wheathampstead,1
countiyside,1
abiding,1
orr,1
rights,1
simultaneously,1
finalized,1
deviations,1
unhappily,1
adjunct,1
brezette,1
etched,1
operations,1
testimony,1
his,1
principally,1
esrc,1
absent,1
remain,1
farflung,1
sort,1
explicit,1
reference,1
coastal,1
process,1
remote,1
approaches,1
ce,1
adopted,1
analyzes,1
nottinghamshire,1
edwin,1
probability,1
legal,1
eight,1
similar,1
crowland,1
fat,1
suited,1
ftcii,1
empowered,1
enabled,1
scales,1
magnates,1
earl,1
consequences,1
reinforce,1
front,1
extremes,1
moreover,1
risks,1
lea,1
chiltem,1
countervailed,1
support,1
wash,1
reason,1
send,1
conformed,1
acquisition,1
maintaining,1
duvosquel,1
wanted,1
cause,1
costing,1
locally,1
possibly,1
dichotomy,1
cultivators,1
organization,1
improvement,1
nitrogen,1
clearly,1
intrinsically,1
bfigure,1
moderately,1
weather,1
impact,1
dominate,1
invariably,1
sensibly,1
perspective,1
northeastern,1
w,1
stocked,1
benefited,1
situations,1
wistow,1
communities,1
exploited,1
additional,1
powerful,1
encouragement,1
ipswich,1
beyond,1
surge,1
servile,1
mix,1
permanent,1
commongers,1
pole,1
helped,1
export,1
providing,1
edmund,1
bearing,1
shun,1
foodstuff,1
closely,1
came,1
antiquaries,1
participants,1
introduce,1
concentration,1
allow,1
harder,1
lain,1
carrying,1
basin,1
hands,1
search,1
explanatory,1
typical,1
davids,1
noordegraaf,1
pulse,1
amsterdam,1
holding,1
demands,1
requirements,1
centrally,1
emerge,1
percentages,1
brill,1
townsmen,1
harwell,1
app,1
density,1
abbeys,1
pure,1
pro,1
informed,1
war,1
displayed,1
michigan,1
pursued,1
bullion,1
bore,1
appears,1
moderne,1
suffered,1
applied,1
otherwise,1
woodbridge,1
wealth,1
outside,1
avington,1
occidentale,1
expedient,1
birthday,1
feudal,1
nottingham,1
elastic,1
property,1
ryland,1
responsive,1
jenitha,1
impression,1
aspects,1
distinguishes,1
jim,1
failure,1
shape,1
allocation,1
network,1
basis,1
accounting,1
marsh,1
line,1
gains,1
flaran,1
belonging,1
scope,1
ales,1
oseney,1
nine,1
concept,1
heavily,1
fared,1
apparent,1
confined,1
related,1
studia,1
confirms,1
hoebanx,1
description,1
mayhew,1
choi,1
consistently,1
northwest,1
issues,1
contains,1
calculating,1
people,1
ricardo,1
structures,1
villeinage,1
perishable,1
kings,1
personal,1
proliferation,1
versatile,1
thirstier,1
avonbridge,1
employed,1
anglia,1
systematic,1
smallest,1
status,1
famine,1
fulham,1
approach,1
exaggerates,1
surrey,1
substituting,1
staple,1
twilight,1
wholesale,1
responses,1
siecle,1
solution,1
successful,1
vetches,1
caused,1
fulfilled,1
constituent,1
responsibility,1
lowest,1
distances,1
reliable,1
coupled,1
trading,1
raftis,1
box,1
grass,1
edmonton,1
sharp,1
settlement,1
amidst,1
family,1
heat,1
gradations,1
revealing,1
strongest,1
bedfordshire,1
folk,1
transfer,1
brought,1
eclipse,1
dramatic,1
peak,1
climate,1
priory,1
hopeless,1
portions,1
bweighted,1
methodological,1
coast,1
dedicated,1
incurred,1
up,1
lessthan,1
peculiar,1
substituted,1
preliminary,1
lincoln,1
flour,1
geographical,1
bicester,1
flandre,1
appeal,1
provisioned,1
blanchard,1
south,1
counteract,1
highlights,1
specialisms,1
he,1
transform,1
productivite,1
sons,1
proxy,1
excludes,1
implications,1
epoque,1
minor,1
exeter,1
variety,1
absence,1
elimination,1
materials,1
noncontractual,1
appreciating,1
devon,1
fortunately,1
populations,1
cherished,1
lynn,1
rooo,1
service,1
comparative,1
analogue,1
return,1
classic,1
transition,1
fruit,1
commit,1
appearance,1
attaching,1
denominator,1
formative,1
christ,1
make,1
indicates,1
comments,1
wheels,1
relaxed,1
henceforth,1
billingbear,1
innovation,1
peterborough,1
positive,1
gent,1
reclaimed,1
vicinity,1
resilient,1
relationship,1
scarcity,1
maryanne,1
rectors,1
tolessthan,1
competition,1
samne,1
justifying,1
precondition,1
meanwhile,1
goran,1
coverage,1
makes,1
builds,1
serve,1
counterparts,1
artery,1
array,1
evidential,1
severn,1
index,1
perceived,1
smith,1
cicely,1
symptomatic,1
culturae,1
conveying,1
sowings,1
infrastructure,1
light,1
assistance,1
belge,1
middleton,1
sharply,1
mediaeval,1
buckinghamshire,1
boxley,1
illustrated,1
broadwell,1
reliance,1
wisdom,1
leicestershire,1
bar,1
maintained,1
inheritance,1
enterprises,1
picture,1
declining,1
chose,1
recycled,1
lack,1
thurrock,1
fire,1
shortest,1
museums,1
extracted,1
precocious,1
book,1
challenge,1
comparison,1
academy,1
approaching,1
preferences,1
drink,1
generously,1
water,1
headquarters,1
adherence,1
longer,1
mesure,1
ghent,1
chisholm,1
langton,1
newlees,1
colchester,1
environs,1
shire,1
really,1
substantially,1
doubt,1
hambledon,1
resolved,1
infers,1
marilyn,1
serious,1
estuary,1
external,1
reasons,1
gildeburgh,1
bulky,1
v,1
paris,1
present,1
remarkable,1
increases,1
model,1
aldenham,1
reversion,1
unquantifiable,1
developing,1
superimposed,1
ensured,1
seventeenth,1
relevant,1
karl,1
eton,1
underscores,1
judith,1
taxable,1
forns,1
lean,1
assorted,1
proportionately,1
bas,1
explicitly,1
remarkably,1
answers,1
isolate,1
demonstrated,1
grouping,1
fundamentally,1
interrelated,1
private,1
pitched,1
investment,1
kathleen,1
vast,1
divided,1
session,1
specializing,1
lambeth,1
eighteenth,1
ecologically,1
contours,1
appledore,1
undue,1
enhanced,1
previously,1
wymondham,1
sufficiently,1
individuality,1
faring,1
identity,1
grassland,1
expression,1
combining,1
glasscock,1
unfortunately,1
prevailed,1
largely,1
persisted,1
unprofitable,1
emphasize,1
bishopric,1
collaborative,1
grander,1
ideas,1
prominently,1
slipped,1
yorkshire,1
questions,1
rare,1
lawrence,1
individuals,1
examination,1
adderbury,1
archive,1
regions,1
humber,1
california,1
stratification,1
netherlands,1
discontinuities,1
fallowing,1
arguably,1
woolgar,1
modem,1
publication,1
obtaining,1
accounted,1
health,1
essay,1
ireland,1
issn,1
held,1
annie,1
afigure,1
allowed,1
function,1
brussels,1
induce,1
features,1
darby,1
risen,1
distinction,1
linking,1
structuring,1
lie,1
arteries,1
last,1
abundant,1
provides,1
lose,1
curtailing,1
margin,1
valued,1
dodgshon,1
honorem,1
satisfy,1
unsold,1
k,1
chapel,1
downgrading,1
editors,1
kilocalorie,1
geographers,1
references,1
excess,1
respectively,1
elveden,1
kalamazoo,1
inn,1
nationally,1
tweedwhere,1
ib,1
excluded,1
xilll,1
enjoyed,1
decisively,1
ate,1
pergamon,1
northern,1
macmillan,1
staff,1
tendency,1
atlas,1
basically,1
ambrose,1
minimally,1
thence,1
landextensive,1
division,1
examines,1
setbacks,1
increasing,1
ranging,1
hallam,1
belgique,1
inertia,1
topography,1
imply,1
dual,1
raise,1
processed,1
lot,1
evolve,1
forego,1
enquiry,1
remotest,1
bwn,1
science,1
crucial,1
henley,1
variously,1
impressive,1
bound,1
foster,1
begin,1
exacerbated,1
insufficient,1
dec,1
nemesis,1
pestilence,1
dimensions,1
sensitive,1
commended,1
mirroring,1
seen,1
bears,1
began,1
bekeswell,1
remaining,1
furnish,1
halved,1
littoral,1
traveled,1
reliability,1
countiesc,1
efficiency,1
transferring,1
surprising,1
ing,1
supporting,1
muted,1
fields,1
instances,1
itself,1
sawbridgeworth,1
marketgenerated,1
unusual,1
problematic,1
middlesex,1
occupies,1
pressures,1
beans,1
meant,1
differentiated,1
authorities,1
deposited,1
shadow,1
steepest,1
windsor,1
dispersed,1
trebling,1
complexity,1
conjunction,1
unweighted,1
predictions,1
demonstrate,1
breads,1
constituted,1
ever,1
sank,1
fuel,1
reinforced,1
elicited,1
les,1
tics,1
palace,1
resilience,1
wargrave,1
perhaps,1
funding,1
pottageand,1
offers,1
sustained,1
command,1
school,1
mirrors,1
know,1
outcome,1
defining,1
berkeley,1
respecting,1
natural,1
dominated,1
dairy,1
principle,1
tendencies,1
paper,1
extraction,1
seriously,1
eastwood,1
interested,1
eventful,1
accustomed,1
referees,1
straightforward,1
regard,1
domestic,1
post,1
exploiting,1
losses,1
supplyrather,1
plague,1
obviously,1
impossible,1
rely,1
equilibrium,1
narrowed,1
domesticated,1
wood,1
utilized,1
faster,1
risky,1
merely,1
respect,1
sag,1
following,1
animal,1
tenth,1
according,1
unlikely,1
englanda,1
explanations,1
attain,1
recession,1
pomeroy,1
notable,1
award,1
transfers,1
combined,1
implicit,1
terms,1
form,1
ref,1
particular,1
sociology,1
rationales,1
converting,1
disposing,1
delegate,1
contrasting,1
mere,1
axis,1
theory,1
warn,1
vigorously,1
transactions,1
ceased,1
penetration,1
sowing,1
rimpton,1
appetite,1
world,1
studying,1
account,1
influenced,1
wanton,1
emphasis,1
qf,1
infant,1
freedom,1
translated,1
conference,1
socioeconomic,1
intention,1
flattening,1
must,1
classes,1
altered,1
disparate,1
uniform,1
subsidies,1
content,1
alternatives,1
confirm,1
beer,1
nagoya,1
diversity,1
subject,1
listings,1
controls,1
everywhere,1
confronted,1
possessions,1
pattem,1
merchant,1
superior,1
distinguishable,1
relying,1
grantham,1
exploit,1
ospringe,1
gain,1
varied,1
jan,1
flowing,1
question,1
moderate,1
models,1
fumish,1
argument,1
unable,1
fi,1
commonfield,1
difference,1
biennial,1
hoof,1
plantes,1
disappear,1
average,1
detection,1
finding,1
contract,1
simmons,1
piecemeal,1
position,1
accept,1
pamela,1
entrust,1
reversed,1
arnold,1
offer,1
joined,1
pulling,1
instead,1
advantageous,1
lively,1
include,1
salt,1
integrated,1
constable,1
define,1
breckland,1
restorative,1
regime,1
heartland,1
cheapness,1
zoon,1
fairfield,1
playing,1
derive,1
leiden,1
discounted,1
marshland,1
shift,1
dispose,1
brunt,1
anonymous,1
unspecialized,1
profits,1
vi,1
tillage,1
removed,1
substitute,1
assumed,1
compounded,1
doubling,1
denser,1
charged,1
commodity,1
chicago,1
monetisation,1
era,1
sharing,1
given,1
comparable,1
whenever,1
norfolkb,1
topsliced,1
observed,1
copiously,1
laborers,1
profiles,1
showed,1
romney,1
locationally,1
evidently,1
depended,1
perpetual,1
