WORDCOUNTS,WEIGHT
the,894
of,635
and,542
in,501
to,362
a,328
for,229
malaya,209
as,123
p,112
on,107
rubber,104
that,100
by,100
is,97
s,95
i,90
money,85
malayan,78
economic,76
supply,72
trade,72
pp,70
currency,69
was,67
prices,67
this,65
chinese,61
it,59
development,58
with,58
an,54
from,54
at,53
were,53
bank,52
singapore,52
demand,50
are,49
terms,49
price,47
credit,47
have,47
but,46
industrialization,46
h,44
would,43
exchange,43
market,42
labor,42
government,41
real,41
no,40
had,40
not,40
or,39
states,39
rate,38
banks,37
tin,37
be,37
foreign,36
board,35
straits,35
figure,35
growth,34
wages,34
goods,34
model,33
r,32
industry,32
boom,31
more,30
see,30
manufacturing,30
importables,29
export,29
report,29
than,28
imports,28
also,28
if,27
settlements,27
loans,27
london,27
which,27
exports,27
economy,27
could,26
these,26
nontradeables,26
table,26
huff,26
ii,25
population,25
all,25
percent,25
local,25
press,25
into,24
university,24
its,24
monetary,24
bust,24
period,24
high,24
united,24
reserves,24
y,23
their,23
malay,23
so,23
capital,23
such,22
international,22
war,22
because,22
commodity,22
between,22
british,21
world,21
workers,21
been,21
employment,21
system,20
m,20
notes,20
when,20
c,20
estate,19
other,19
most,19
rise,19
nontradeable,19
effect,19
per,18
they,18
history,18
asia,18
n,18
census,18
southeast,18
under,18
two,18
financial,18
office,18
banking,18
countries,18
any,18
although,18
d,18
home,17
department,17
years,17
figures,17
appendix,17
colonial,17
average,17
equation,16
production,16
there,16
some,16
rates,16
data,16
annual,16
j,16
indian,16
sector,16
cc,16
central,15
w,15
investment,15
new,15
standard,15
equilibrium,15
through,15
pn,15
point,15
expenditure,14
sources,14
available,14
federated,14
u,14
review,14
even,14
changes,14
however,14
statistics,14
up,14
aggregate,14
index,14
lewis,14
time,14
asian,14
probably,14
country,14
both,14
large,13
due,13
base,13
oxford,13
printing,13
japan,13
made,13
significant,13
primary,12
g,12
further,12
third,12
literature,12
industrial,12
during,12
change,12
competitiveness,12
only,12
less,12
curve,12
dollars,12
european,12
boards,12
did,12
capita,12
liquidity,11
fluctuations,11
wage,11
one,11
costs,11
markets,11
year,11
depression,11
expansion,11
lack,11
bauer,11
fms,11
number,11
three,11
relationship,11
movements,11
fall,11
manufactures,11
little,11
increased,11
given,11
much,11
total,10
princeton,10
might,10
has,10
response,10
well,10
sterling,10
least,10
level,10
working,10
panel,10
entrepreneurship,10
second,10
short,10
causality,10
income,10
kingdom,10
article,10
series,10
them,10
almost,10
evidence,10
does,9
e,9
studies,9
policy,9
account,9
possible,9
consequent,9
million,9
journal,9
industries,9
t,9
india,9
four,9
important,9
lumpur,9
own,9
estates,9
value,9
same,9
kuala,9
fell,9
gdp,9
remained,9
deposits,9
function,9
mining,9
relative,9
analysis,9
finance,9
lm,9
size,9
using,9
conditions,9
before,8
rapid,8
side,8
entrepreneurs,8
dutch,8
x,8
relatively,8
van,8
higher,8
incentives,8
l,8
nontraded,8
drabble,8
just,8
helped,8
greater,8
shock,8
required,8
balance,8
example,8
first,8
commerce,8
mitchell,8
periods,8
therefore,8
revenue,8
where,8
range,8
b,8
latter,8
especially,8
often,8
brown,8
over,8
commission,8
beginning,8
multilateral,8
nominal,8
commodities,8
until,8
manufacture,8
defined,8
indonesian,7
england,7
immigrants,7
may,7
york,7
main,7
similar,7
balanced,7
k,7
economics,7
booming,7
sharp,7
reconstruction,7
make,7
positive,7
toward,7
similarly,7
experienced,7
present,7
developing,7
colony,7
disease,7
increase,7
empirical,7
variables,7
low,7
japanese,7
labour,7
can,7
immigration,7
contraction,7
bonds,7
why,7
here,7
interwar,7
john,7
role,7
schedule,7
booth,7
exportables,7
early,7
estimated,6
affected,6
natural,6
proportion,6
lower,6
hong,6
depends,6
king,6
functions,6
nn,6
fiscal,6
inflation,6
interest,6
nor,6
weighted,6
levels,6
cement,6
statistical,6
indonesia,6
requires,6
mo,6
dc,6
out,6
produced,6
possibility,6
loss,6
used,6
suggest,6
kong,6
small,6
research,6
penang,6
led,6
limited,6
many,6
shows,6
abstract,6
do,6
shown,6
perhaps,6
shifts,6
explanation,6
dollar,6
full,6
problems,6
structure,6
associated,6
must,6
granger,6
ratio,6
domestic,6
historical,6
always,6
while,6
transport,6
cash,6
contract,6
washington,6
typically,6
shift,6
recent,6
gold,6
now,5
o,5
shocks,5
true,5
soliva,5
either,5
china,5
sumatra,5
lim,5
move,5
above,5
along,5
indicates,5
against,5
club,5
century,5
left,5
effective,5
like,5
pacific,5
edited,5
rather,5
leftwards,5
how,5
risk,5
industrialize,5
locally,5
wong,5
elsewhere,5
peninsula,5
ha,5
tariffs,5
based,5
found,5
late,5
persons,5
aspects,5
basis,5
work,5
part,5
reserve,5
related,5
indigenous,5
wholesale,5
gross,5
society,5
movement,5
measure,5
falls,5
al,5
without,5
neary,5
backed,5
fact,5
head,5
council,5
manufactured,5
resulting,5
net,5
mrer,5
held,5
times,5
after,5
last,5
yes,5
availability,5
tests,5
corden,5
who,5
force,5
began,5
relevant,5
impulse,5
eng,5
der,5
control,5
current,5
very,5
according,5
rose,5
particular,5
extent,5
nj,5
whittlesey,5
subject,5
pi,5
argues,5
cambridge,5
argentina,5
crisis,5
land,5
blinder,5
harberger,5
effects,5
combination,5
substantial,5
import,5
considerably,4
judged,4
zero,4
sets,4
position,4
fixed,4
unlike,4
long,4
attractive,4
secondary,4
great,4
acreage,4
link,4
improved,4
case,4
issue,4
determined,4
likely,4
except,4
far,4
exist,4
thus,4
throughout,4
relationships,4
expected,4
asymmetrical,4
refer,4
back,4
drawn,4
malaysia,4
competitive,4
offices,4
opposed,4
added,4
december,4
developed,4
appreciation,4
bankruptcy,4
importance,4
variant,4
parts,4
section,4
unfavorable,4
undeveloped,4
cost,4
restriction,4
suggested,4
whereas,4
closely,4
beranke,4
term,4
furthermore,4
institute,4
silver,4
goh,4
downturn,4
rotary,4
details,4
et,4
overseas,4
hard,4
trading,4
mcfadyean,4
loan,4
hanke,4
fully,4
results,4
borneo,4
sons,4
annum,4
absence,4
return,4
classic,4
tropical,4
expanded,4
conventional,4
makes,4
east,4
tax,4
indians,4
reports,4
lee,4
ums,4
starting,4
book,4
areas,4
rents,4
supplies,4
likelihood,4
contracted,4
practice,4
schuler,4
divided,4
accompanying,4
formal,4
including,4
use,4
largely,4
archive,4
open,4
significance,4
substitutes,4
reality,4
peter,4
mainly,4
yn,4
macmillan,4
bankruptcies,4
relations,4
merchandise,4
authorities,4
log,4
too,4
text,4
excess,4
shares,4
argue,4
half,4
reflected,4
living,4
dlog,4
what,4
weights,4
suggests,4
urban,4
despite,4
twentieth,4
profits,4
industrialists,4
among,4
inflationary,3
hazelwood,3
booms,3
difficult,3
indicated,3
imported,3
encouraged,3
extreme,3
asset,3
measures,3
pushed,3
overton,3
mobility,3
ways,3
mentality,3
flows,3
considerations,3
trace,3
protection,3
royal,3
occurred,3
nineteenth,3
my,3
negative,3
test,3
experience,3
anything,3
every,3
certainly,3
taken,3
concentrated,3
worked,3
riskiness,3
official,3
monies,3
leading,3
together,3
ben,3
products,3
debt,3
those,3
owing,3
facts,3
agriculture,3
march,3
quantities,3
implies,3
panic,3
resources,3
economies,3
mckinnon,3
dorbusch,3
ranked,3
acres,3
component,3
accounted,3
initial,3
occurs,3
pay,3
turn,3
adjustment,3
lending,3
lin,3
squeeze,3
minus,3
argentine,3
estimate,3
find,3
equally,3
gives,3
about,3
jones,3
unskilled,3
automatic,3
federal,3
elasticity,3
capture,3
represented,3
earlier,3
assuming,3
moreover,3
dean,3
plus,3
consider,3
established,3
discouraged,3
ceylon,3
branch,3
impact,3
weak,3
show,3
internal,3
view,3
standards,3
came,3
output,3
unfederated,3
deficits,3
twice,3
skilled,3
yen,3
applied,3
criteria,3
colonies,3
keeping,3
abroad,3
significantly,3
knowledge,3
reduction,3
fail,3
reynolds,3
people,3
relevance,3
away,3
alan,3
successful,3
stabilization,3
volume,3
contrast,3
june,3
decline,3
dependent,3
avoid,3
lend,3
excludes,3
glasgow,3
exception,3
allen,3
still,3
hold,3
direction,3
competition,3
asiatic,3
arrangements,3
perceived,3
management,3
arold,3
unwin,3
processing,3
sharply,3
already,3
statements,3
power,3
others,3
idea,3
end,3
arthur,3
substantially,3
anne,3
never,3
v,3
decisively,3
establish,3
interview,3
metropolitan,3
ignoring,3
entrepreneurial,3
remarkably,3
equal,3
spending,3
upon,3
region,3
slump,3
refers,3
fermor,3
services,3
literate,3
yoshihara,3
points,3
allowed,3
spread,3
mines,3
class,3
educational,3
study,3
become,3
exported,3
accordingly,3
january,3
saw,3
note,3
george,3
begin,3
lost,3
ordering,3
effectively,3
contribution,3
construction,3
dodge,3
rises,3
school,3
thobum,3
then,3
senior,3
incorporated,3
restored,3
fluctuating,3
regime,3
swan,3
ls,3
partner,3
each,3
monthly,3
paper,3
share,3
best,3
particularly,3
constant,3
sum,3
surpluses,3
combined,3
form,3
cause,3
problem,3
px,3
produce,3
minimal,3
incomes,3
progress,3
duty,3
ken,3
williamson,3
exceeded,3
discussion,3
remarks,3
argument,3
finally,3
manufacturers,3
consumption,3
need,3
indices,3
securities,3
consisted,3
reached,3
create,3
fears,3
focus,3
observed,3
laborers,3
should,3
mostly,2
limits,2
common,2
way,2
generated,2
effected,2
created,2
credibility,2
goldsmith,2
sweder,2
budget,2
federation,2
group,2
american,2
agency,2
essays,2
liabilities,2
strictly,2
contend,2
additionally,2
inequality,2
figart,2
moving,2
marriott,2
permitted,2
turning,2
leads,2
predominantly,2
band,2
being,2
said,2
consistent,2
ranis,2
walters,2
commissions,2
creation,2
hongkong,2
shanghai,2
fund,2
vols,2
hire,2
definition,2
comparatively,2
entitlements,2
reasons,2
differences,2
potentially,2
arises,2
follows,2
scheme,2
take,2
nevertheless,2
subsequent,2
state,2
blackwell,2
principal,2
partners,2
negatively,2
inflows,2
adverse,2
planted,2
intermediaries,2
chapter,2
vol,2
keng,2
prior,2
obvious,2
taking,2
cited,2
requirements,2
representing,2
enter,2
financed,2
emigration,2
sign,2
surplus,2
framework,2
andrew,2
includes,2
severe,2
immediate,2
proportionate,2
quality,2
run,2
consumed,2
ability,2
difficulty,2
counter,2
funds,2
estimates,2
ct,2
disproportionately,2
six,2
served,2
unchanged,2
friedman,2
weight,2
explore,2
practically,2
hmso,2
orderings,2
apparently,2
general,2
failed,2
whose,2
operations,2
ox,2
his,2
observers,2
links,2
principally,2
abolished,2
centered,2
unit,2
var,2
revenues,2
mean,2
levine,2
opportunity,2
flexible,2
grew,2
certain,2
tan,2
witness,2
summarized,2
factors,2
moves,2
means,2
rising,2
downward,2
category,2
immigrant,2
producers,2
linked,2
numbers,2
record,2
benefited,2
schwarz,2
beyond,2
amount,2
guarantee,2
explain,2
bb,2
decades,2
drawing,2
cut,2
appear,2
reflections,2
holdings,2
expressed,2
arrived,2
result,2
assets,2
lead,2
snodgrass,2
allow,2
brookings,2
declined,2
rule,2
attack,2
fishing,2
monitoring,2
percentages,2
respects,2
circulation,2
rudiger,2
handbook,2
outset,2
though,2
precipitate,2
volkstelling,2
hinterland,2
fisher,2
companies,2
absolute,2
public,2
elastic,2
failure,2
taxes,2
expansionary,2
relatives,2
scope,2
nine,2
prominent,2
brought,2
competing,2
thoughts,2
whole,2
describe,2
millions,2
denominated,2
destitution,2
reflect,2
schwartz,2
institution,2
employed,2
imperfections,2
markedly,2
decomposition,2
clearance,2
payments,2
substituting,2
kasa,2
good,2
social,2
creating,2
caused,2
below,2
corresponds,2
indicators,2
fei,2
order,2
around,2
sufficient,2
few,2
concerns,2
choose,2
essentially,2
generally,2
inability,2
maddison,2
paid,2
moved,2
activities,2
ofthe,2
san,2
business,2
minor,2
materials,2
pushes,2
squared,2
populations,2
britain,2
buy,2
permits,2
overall,2
comparative,2
socalled,2
corporation,2
nearly,2
upward,2
outer,2
currencies,2
suppose,2
innovation,2
blythe,2
frank,2
yet,2
lloyd,2
read,2
mobile,2
us,2
neither,2
favorable,2
informal,2
supplied,2
uncompetitive,2
watson,2
allows,2
enterprises,2
unlimited,2
challenge,2
comparison,2
again,2
addition,2
averages,2
longer,2
deterioration,2
pressure,2
eastham,2
regulation,2
tariff,2
larger,2
classical,2
downwards,2
associates,2
overwhelmingly,2
contemporary,2
prejudiced,2
considerable,2
wijnbergen,2
serious,2
bell,2
external,2
none,2
geography,2
increases,2
derivation,2
purposes,2
existing,2
jobs,2
lines,2
simplicity,2
bernanke,2
australian,2
books,2
hamilton,2
free,2
deficit,2
day,2
violent,2
lags,2
another,2
sir,2
thousands,2
crown,2
powered,2
analyzed,2
collier,2
callis,2
restrictions,2
craig,2
chiefly,2
values,2
distinctly,2
europeans,2
assumption,2
factor,2
numerous,2
causes,2
evolution,2
actual,2
equivalently,2
engaged,2
option,2
theoretical,2
netherlands,2
described,2
rejected,2
transformation,2
modem,2
obtaining,2
greenwald,2
helpful,2
responses,2
obtained,2
multiplier,2
kept,2
quick,2
stiglitz,2
promote,2
assessing,2
rationalisation,2
sharper,2
haven,2
governor,2
venturing,2
parmer,2
swee,2
indentured,2
profitable,2
things,2
imply,2
equals,2
she,2
bulk,2
next,2
staples,2
flowed,2
dashed,2
overdrafts,2
fewer,2
wheelwright,2
yale,2
sequences,2
remaining,2
rapidly,2
indicate,2
frontier,2
itself,2
akaike,2
pndn,2
investigate,2
heavy,2
growing,2
obtain,2
changing,2
canberra,2
extending,2
extensive,2
bemanke,2
known,2
slope,2
alternative,2
receipts,2
highly,2
unavailable,2
lenders,2
variable,2
ofmalaya,2
regard,2
clearly,2
doubling,2
written,2
type,2
historian,2
plantation,2
goode,2
following,2
stability,2
references,2
add,2
maintain,2
transactions,2
yield,2
macroeconomy,2
property,2
presented,2
edwards,2
met,2
taxed,2
preferable,2
confirm,2
entrepreneur,2
administration,2
agents,2
bloomfield,2
rajeswary,2
coins,2
exceptionally,2
gain,2
jan,2
come,2
ultimately,2
commercial,2
unable,2
national,2
write,2
gunning,2
parallels,2
contributed,2
building,2
prosperity,2
off,2
buchanan,2
francisco,2
association,2
potential,2
safeguard,2
assumed,2
drying,2
fluctuated,2
themselves,2
sectors,2
rightwards,2
develop,2
traditional,2
benchmark,2
malays,2
barter,2
meeting,2
indicating,2
close,2
draft,2
occur,2
perception,2
kurt,1
nicholas,1
summed,1
frequent,1
tokyo,1
go,1
pxx,1
ofimportables,1
rescinded,1
done,1
pegged,1
customer,1
doubts,1
obligations,1
declared,1
midas,1
ready,1
undermines,1
consume,1
interventions,1
determine,1
tangentially,1
eliminated,1
shortsightedness,1
notably,1
leith,1
outweighed,1
contemporaneous,1
center,1
needed,1
larly,1
comprised,1
determinant,1
drastically,1
kinds,1
ginning,1
magnify,1
identify,1
tend,1
sterilization,1
misdirected,1
anchor,1
ma,1
linkages,1
authority,1
asserted,1
transmit,1
sticking,1
mexican,1
di,1
specified,1
modern,1
better,1
perfect,1
earnings,1
unresponsive,1
justified,1
western,1
committee,1
supposing,1
ian,1
wijinbergen,1
encourage,1
incentive,1
accentuated,1
assisted,1
conforming,1
steeply,1
something,1
assume,1
highpowered,1
source,1
chief,1
basil,1
accumulation,1
incomplete,1
smelting,1
synonymous,1
appreciating,1
fraction,1
decidedly,1
australia,1
lateral,1
wrong,1
curb,1
expands,1
importing,1
nonexistent,1
setting,1
give,1
attempts,1
economica,1
planting,1
possesses,1
elusive,1
vulnerability,1
develops,1
permanently,1
rational,1
snowden,1
hawker,1
shortage,1
externally,1
referees,1
chemicals,1
rubberindustry,1
brock,1
words,1
dramatically,1
shaped,1
route,1
sup,1
tradition,1
textiles,1
advantage,1
correspondingly,1
accompanied,1
augustin,1
nuffield,1
disproportionate,1
stood,1
accumulated,1
origin,1
producing,1
accommodated,1
able,1
lumped,1
thanks,1
concludes,1
aic,1
ruled,1
prevail,1
evolving,1
caine,1
ronald,1
achieved,1
feature,1
infinitely,1
murray,1
emphasized,1
greatly,1
concepts,1
primitive,1
reserved,1
alike,1
somewhat,1
signs,1
longmans,1
sheet,1
behind,1
within,1
lecturer,1
pdi,1
papers,1
seminar,1
devaluation,1
sq,1
takes,1
exogenous,1
dr,1
linear,1
recorded,1
eastern,1
tie,1
eventual,1
stretched,1
key,1
formulation,1
knowledgeable,1
causation,1
expenses,1
treasuries,1
ventures,1
residual,1
solving,1
changed,1
struggling,1
financing,1
logical,1
nber,1
prevailing,1
hevea,1
coutenay,1
slight,1
swiftly,1
restraints,1
powers,1
fluctuation,1
inflated,1
consumers,1
variations,1
moreskilled,1
reflecting,1
trevor,1
uses,1
pairs,1
quantity,1
realistic,1
desirable,1
annualreports,1
anticipated,1
constrained,1
demanded,1
identifies,1
letter,1
measurement,1
prevented,1
ross,1
internationally,1
tional,1
overlaps,1
attract,1
harold,1
corresponding,1
tons,1
chairman,1
retaining,1
reattainment,1
leigh,1
surely,1
historically,1
reverse,1
explained,1
campbell,1
since,1
dominated,1
ofy,1
september,1
curse,1
assumes,1
administratively,1
de,1
confer,1
agreeing,1
characteristic,1
ease,1
decided,1
establishments,1
vries,1
heightened,1
nick,1
unwillingness,1
tucson,1
cf,1
ray,1
realization,1
lan,1
assessment,1
cccc,1
dealings,1
extensively,1
compradore,1
poh,1
forced,1
kind,1
ai,1
congregated,1
wiley,1
advances,1
unity,1
sustain,1
eign,1
distinct,1
gla,1
old,1
symptoms,1
asymmetrically,1
underlying,1
feasible,1
perspective,1
depend,1
memorandum,1
furnivall,1
causing,1
contrary,1
smallholders,1
consumer,1
lse,1
completing,1
milling,1
houses,1
outweigh,1
suitable,1
compared,1
continuous,1
inelastically,1
rolefor,1
criterion,1
employers,1
upturn,1
consequently,1
deceased,1
instruments,1
bennett,1
critique,1
outflow,1
batavia,1
yi,1
weakness,1
cottons,1
acted,1
lender,1
handful,1
influence,1
contributing,1
plant,1
mechanism,1
impossible,1
employ,1
insofar,1
rights,1
socsci,1
philadelphia,1
recognized,1
adequate,1
german,1
predicted,1
managers,1
vlieland,1
purely,1
unwilling,1
impetus,1
dry,1
proceedings,1
stages,1
ply,1
adapt,1
basic,1
investigation,1
borrowing,1
culminating,1
kunio,1
process,1
precluded,1
signaled,1
goes,1
dealt,1
edwin,1
weighting,1
legal,1
loses,1
meaning,1
whether,1
chambers,1
del,1
leave,1
direct,1
plots,1
emergency,1
gratefully,1
tree,1
danger,1
mobilize,1
adam,1
antithesis,1
periodic,1
absorbed,1
onwards,1
support,1
raymond,1
reason,1
modified,1
arid,1
provinces,1
perceptions,1
circulated,1
affect,1
wanted,1
speculative,1
metropolis,1
supports,1
underdeveloped,1
flexibility,1
improvement,1
imposing,1
intensive,1
indenture,1
fertilizer,1
slowly,1
emergence,1
dated,1
specify,1
driven,1
unimportant,1
stabilizing,1
bruce,1
house,1
contemporaries,1
nots,1
frequently,1
observations,1
prevent,1
nascent,1
solid,1
totaled,1
rescued,1
milan,1
commonly,1
jacobson,1
acknowledges,1
commented,1
oi,1
followed,1
rp,1
engines,1
cycles,1
schooling,1
willing,1
pierre,1
shifted,1
david,1
preference,1
ofeconomics,1
hiew,1
withdraw,1
friends,1
ei,1
ordinarily,1
legislative,1
distribution,1
endogenous,1
iibankruptcies,1
earned,1
whom,1
acting,1
aftermath,1
unanimous,1
arrival,1
volatility,1
escalation,1
bocconi,1
holds,1
lain,1
begun,1
plot,1
called,1
bricks,1
strength,1
plural,1
access,1
relating,1
strongly,1
seven,1
kate,1
creates,1
scotland,1
near,1
emerge,1
feasibility,1
constantly,1
burst,1
big,1
accurately,1
exceptions,1
neighboring,1
stock,1
eventuality,1
nominally,1
province,1
afforded,1
appears,1
default,1
cannot,1
meet,1
suffered,1
unentrepreneurial,1
scale,1
appearing,1
otherwise,1
safe,1
placed,1
ofmalaysia,1
disincentive,1
counties,1
delays,1
facilities,1
enough,1
ld,1
drain,1
pence,1
kelly,1
eliminate,1
influenced,1
technical,1
improve,1
undermined,1
shape,1
underlie,1
gained,1
directly,1
feeding,1
anna,1
prewar,1
line,1
clears,1
oversupply,1
paints,1
taxing,1
steep,1
sketchy,1
tool,1
start,1
instituted,1
preferred,1
future,1
striking,1
story,1
crude,1
su,1
purpose,1
discusses,1
explains,1
apparent,1
aged,1
conduit,1
multiplied,1
penetrating,1
undistributed,1
ten,1
shrink,1
gave,1
consistently,1
depositors,1
place,1
suppliers,1
calculating,1
keep,1
falling,1
survey,1
predicts,1
waterlow,1
call,1
withstanding,1
personal,1
mated,1
revaluation,1
surrounding,1
cancelled,1
realms,1
stationary,1
flatter,1
seminars,1
resort,1
strengthened,1
universally,1
shrinkage,1
approach,1
responding,1
citing,1
oriental,1
stockholm,1
staple,1
untried,1
estonia,1
running,1
ratios,1
negligible,1
buildings,1
tested,1
applicability,1
adj,1
moder,1
trebled,1
emphasizes,1
assemble,1
owned,1
hence,1
specifically,1
several,1
autonomy,1
wider,1
replace,1
ship,1
components,1
hague,1
leather,1
schumpeter,1
dramatic,1
manchester,1
convincingly,1
reported,1
schedules,1
usual,1
systemmight,1
tended,1
malacca,1
enquire,1
yielded,1
budgets,1
credible,1
division,1
crux,1
invariant,1
st,1
majority,1
shortto,1
pays,1
passivity,1
proper,1
pa,1
dombusch,1
notice,1
plausible,1
provided,1
sydney,1
busts,1
swings,1
settle,1
valuable,1
eileen,1
reducing,1
promising,1
bolstered,1
behalf,1
casts,1
purchasing,1
seemed,1
nations,1
commensurate,1
transforming,1
south,1
will,1
happen,1
gustav,1
kawakatsu,1
he,1
approximate,1
reduced,1
offsetting,1
pairings,1
inhabitants,1
variety,1
various,1
summarize,1
attributable,1
publishers,1
journey,1
carried,1
paribus,1
identified,1
lag,1
techniques,1
wait,1
tide,1
acknowledged,1
transition,1
brief,1
forward,1
diagnostic,1
rendering,1
denominator,1
april,1
reduce,1
prove,1
attempt,1
whatever,1
willem,1
assumptions,1
bankers,1
comments,1
manifest,1
holders,1
initially,1
collapsed,1
degree,1
obtainable,1
settings,1
shipped,1
seemingly,1
thailand,1
hitherto,1
put,1
decisions,1
engineering,1
illuminating,1
percentage,1
aerated,1
listed,1
communications,1
relied,1
elaboration,1
housing,1
reference,1
push,1
opportunities,1
security,1
unattractive,1
represents,1
flush,1
accident,1
borrowers,1
soon,1
counterparts,1
unidirectional,1
dn,1
restricted,1
puzzle,1
substitutability,1
participants,1
included,1
indebted,1
positively,1
pervades,1
milton,1
repercussions,1
si,1
robust,1
acknowledging,1
reduces,1
largest,1
steve,1
sherwood,1
noted,1
increasingly,1
exit,1
phyllis,1
published,1
sketch,1
happening,1
double,1
act,1
administrators,1
investors,1
enquiry,1
entrepot,1
ho,1
brewmasters,1
paul,1
unprofitability,1
law,1
muscatelli,1
attacks,1
locust,1
stated,1
factory,1
kenneth,1
mark,1
pointed,1
varies,1
occupationally,1
projects,1
water,1
smith,1
intending,1
anecdotal,1
equating,1
incorporates,1
lengthy,1
landsdrukkerij,1
automobile,1
consideration,1
treatment,1
appeared,1
nathan,1
importsubstituting,1
attempting,1
disturbed,1
predominated,1
reasoning,1
educated,1
incorporation,1
farming,1
doubt,1
creditgdp,1
venture,1
mold,1
underpin,1
unsurprisingly,1
pennsylvania,1
discussed,1
thobur,1
sebastian,1
eatwell,1
patterns,1
conclusions,1
outside,1
took,1
fits,1
hand,1
establishment,1
adjacent,1
electricity,1
witnesses,1
centre,1
secular,1
continuing,1
systematic,1
empire,1
accepted,1
hinterlands,1
vulnerable,1
tell,1
ports,1
necessary,1
keynesian,1
ao,1
native,1
belief,1
exceeds,1
proportionately,1
counterpart,1
explicitly,1
destroyed,1
ibid,1
doubled,1
unhampered,1
matrix,1
stabilize,1
empirically,1
understanding,1
reveals,1
distress,1
extended,1
success,1
stuck,1
maximized,1
scaled,1
repatriating,1
ssar,1
enhanced,1
previously,1
sufficiently,1
load,1
medium,1
angus,1
findings,1
entirely,1
traded,1
combining,1
sold,1
persisted,1
operated,1
unprofitable,1
virtually,1
affects,1
sequence,1
labourers,1
reservoirs,1
questions,1
trend,1
engineers,1
maturation,1
examination,1
bivariate,1
chosen,1
raising,1
embark,1
improvements,1
dating,1
constancy,1
versions,1
oneto,1
crises,1
wilson,1
emphasizing,1
frustrated,1
express,1
language,1
portfolio,1
safety,1
essay,1
amounts,1
august,1
anxious,1
issn,1
eve,1
causal,1
hto,1
procyclically,1
characterized,1
perverse,1
geographically,1
regulate,1
distinction,1
panels,1
lie,1
administrative,1
probable,1
disequilibria,1
macroeconomic,1
applicable,1
abundant,1
expressing,1
martin,1
adequately,1
exporter,1
construct,1
sidestepped,1
men,1
spent,1
promotion,1
unambiguous,1
favored,1
valued,1
special,1
dearer,1
annually,1
advisors,1
wicksell,1
oecd,1
arizona,1
systems,1
costless,1
qualities,1
evolutionary,1
relation,1
narrow,1
overcome,1
respectively,1
exactly,1
judgement,1
capitalism,1
paris,1
differ,1
dominance,1
twofold,1
equivalent,1
looked,1
securing,1
attracted,1
universita,1
tap,1
sales,1
peninsular,1
milgate,1
tendency,1
irrevocably,1
joint,1
insignificant,1
quarterly,1
agenda,1
professional,1
walsh,1
regressions,1
testimony,1
deflator,1
inelasticity,1
courtenay,1
bibliographic,1
concluded,1
widely,1
applies,1
merger,1
decision,1
separate,1
increasing,1
hindered,1
telephone,1
refused,1
yields,1
flock,1
orthogonalize,1
importable,1
involve,1
helmut,1
modification,1
responsiveness,1
mitigate,1
today,1
raise,1
integration,1
continued,1
provide,1
sometimes,1
godsall,1
crucial,1
usually,1
five,1
exogeneity,1
testing,1
fear,1
prudent,1
reasonable,1
palgrave,1
quarrying,1
entity,1
foregoing,1
dec,1
primarily,1
institutions,1
independence,1
becomes,1
worldwide,1
concluding,1
detailed,1
worse,1
render,1
properties,1
try,1
consolidation,1
linking,1
literacy,1
methods,1
quite,1
existed,1
tapped,1
hope,1
chamber,1
collateral,1
centuries,1
months,1
sympathy,1
get,1
examine,1
canada,1
articles,1
crowded,1
chen,1
influencing,1
stipulation,1
stable,1
joseph,1
considered,1
bain,1
smallness,1
ensure,1
explicit,1
quantitative,1
suggestions,1
magnitude,1
almqvist,1
precedence,1
indeterminate,1
elaborate,1
females,1
version,1
conjunction,1
minneapolis,1
releases,1
demonstrate,1
simply,1
scarcely,1
economically,1
satisfying,1
extension,1
irrationality,1
gullick,1
exacted,1
quotes,1
brookfield,1
offers,1
sustained,1
command,1
set,1
ersatz,1
branches,1
benefits,1
deficiencies,1
withdrawals,1
explanationsfor,1
shipment,1
equaindustrialization,1
liquid,1
facing,1
different,1
worth,1
expanding,1
connection,1
unambiguously,1
seem,1
industryunited,1
cobbold,1
bursts,1
blinkered,1
straightforward,1
ph,1
clarify,1
tufo,1
returns,1
inquiry,1
post,1
eventually,1
foundation,1
newman,1
solved,1
entering,1
smallholdings,1
job,1
sc,1
leeway,1
perfectly,1
cultivation,1
build,1
past,1
numerator,1
rural,1
iv,1
february,1
options,1
bands,1
instant,1
risky,1
merely,1
subordinate,1
defend,1
helping,1
born,1
trying,1
penn,1
unlikely,1
purchase,1
explanations,1
notable,1
transmitted,1
month,1
circles,1
poses,1
implicit,1
namely,1
ones,1
coast,1
plants,1
want,1
imposed,1
allowance,1
males,1
converting,1
earthenware,1
ceased,1
shortages,1
consisting,1
argued,1
barely,1
rationality,1
information,1
phenomena,1
chian,1
port,1
categories,1
middle,1
deflation,1
finished,1
gratitude,1
bought,1
trees,1
circumstances,1
economist,1
commissioner,1
unaided,1
furniture,1
chettiar,1
affecting,1
decisive,1
fumivall,1
subsidies,1
beer,1
became,1
constricted,1
easy,1
unrealistic,1
african,1
ac,1
giving,1
predecessors,1
overdraft,1
impose,1
returning,1
rigid,1
poutney,1
hawkers,1
sheets,1
vertically,1
oil,1
testified,1
contribute,1
arguments,1
summarizes,1
james,1
appointed,1
pound,1
aims,1
ensuing,1
varied,1
tions,1
covariance,1
uk,1
nonperforming,1
question,1
choke,1
models,1
ulrich,1
ignored,1
valve,1
initiated,1
arrows,1
donald,1
institutional,1
grant,1
aware,1
latham,1
taxation,1
wish,1
joined,1
approximately,1
instead,1
richard,1
include,1
define,1
green,1
physical,1
moneylenders,1
unaffected,1
glass,1
modeled,1
cheapness,1
involving,1
woitek,1
resids,1
reducedform,1
area,1
choleski,1
ofmalayan,1
extremely,1
remains,1
speak,1
exporting,1
roughly,1
macroeconomics,1
anonymous,1
baffled,1
needs,1
am,1
offered,1
observation,1
charles,1
territories,1
oft,1
passages,1
substitute,1
compounded,1
ics,1
partial,1
norman,1
uncertainty,1
views,1
valley,1
ownership,1
severely,1
invest,1
duration,1
immediately,1
strong,1
mature,1
rush,1
ss,1
anton,1
drew,1
virtue,1
owe,1
broader,1
asked,1
doing,1
ibrd,1
showed,1
termed,1
depreciation,1
major,1
ceteris,1
reaching,1
continuously,1
hypothesis,1
