WORDCOUNTS,WEIGHT
the,796
of,476
and,358
in,274
to,158
a,153
bank,105
were,100
on,99
panic,97
for,92
accounts,87
was,86
that,85
banks,80
new,77
savings,75
panics,73
by,71
york,69
depositors,63
as,57
deposits,55
s,52
no,52
not,48
their,46
eisb,45
with,45
is,44
account,41
an,39
october,38
more,38
from,37
had,36
this,36
banking,35
it,33
percent,33
its,32
at,31
they,31
run,31
closed,30
city,30
irish,29
or,29
number,29
have,29
all,26
there,25
but,25
these,25
we,25
hazard,24
are,24
some,23
during,23
time,23
runs,22
be,22
p,21
table,21
although,21
did,20
higher,19
july,19
i,19
between,19
been,18
december,18
commercial,18
interest,17
most,17
less,17
o,16
closure,16
suspension,16
z,16
unskilled,16
white,16
closing,16
which,16
would,16
information,16
if,15
market,15
grada,15
loans,15
two,15
variables,15
drafts,15
one,14
first,14
million,14
funds,14
gorton,14
closings,14
only,14
held,14
other,14
bonds,14
who,14
years,14
states,14
calomiris,14
september,13
than,13
when,13
economic,13
deposit,13
united,13
variable,13
likely,12
behavior,12
journal,12
however,12
about,12
pp,12
where,12
state,12
very,12
average,12
evidence,12
withdrawals,11
before,11
those,11
university,11
out,11
informed,11
data,11
value,11
also,11
olmstead,11
january,11
figure,11
began,11
months,11
over,11
control,11
group,10
being,10
sample,10
w,10
important,10
contagion,10
financial,10
dollar,10
portfolio,10
after,10
finance,10
paper,10
press,10
much,10
rate,9
e,9
american,9
total,9
test,9
bowery,9
emigrant,9
opened,9
such,9
immigrants,9
knickerbocker,9
balance,9
depositor,9
paid,9
using,9
payments,9
see,9
individual,9
professional,9
analysis,9
both,9
mortgages,8
committee,8
into,8
source,8
differences,8
given,8
outflow,8
may,8
l,8
m,8
whereas,8
assets,8
professionals,8
prices,8
specie,8
led,8
outflows,8
children,8
end,8
books,8
day,8
made,8
open,8
workers,8
period,8
each,8
country,8
different,8
ratio,8
them,8
cash,8
securities,8
trans,7
u,7
mutual,7
married,7
times,7
six,7
capture,7
bond,7
similar,7
origins,7
appear,7
could,7
stock,7
appears,7
loss,7
demand,7
us,7
same,7
fell,7
many,7
clearing,7
another,7
august,7
life,7
news,7
capital,7
month,7
increased,7
duration,7
groups,6
asymmetric,6
per,6
history,6
women,6
lower,6
j,6
sophisticated,6
review,6
study,6
factors,6
days,6
followed,6
event,6
herald,6
economics,6
furthermore,6
though,6
cormac,6
year,6
call,6
monetary,6
characteristics,6
few,6
business,6
april,6
cum,6
do,6
haz,6
local,6
mean,6
connacht,6
ledgers,6
described,6
crises,6
ireland,6
institutions,6
seen,6
deposited,6
any,6
then,6
seasonal,6
size,6
little,6
ohio,6
november,6
manhattan,6
survival,6
crisis,6
d,6
charles,6
early,6
panicked,5
later,5
created,5
large,5
rapid,5
ulster,5
suggesting,5
last,5
system,5
reflecting,5
collapse,5
minutes,5
even,5
panickers,5
businessmen,5
philadelphia,5
provinces,5
view,5
failure,5
wealth,5
public,5
used,5
q,5
june,5
peak,5
decline,5
results,5
holders,5
baltimore,5
industrial,5
street,5
fact,5
shows,5
cumulative,5
panicking,5
leinster,5
munster,5
men,5
hand,5
significant,5
individuals,5
full,5
three,5
high,5
margin,5
article,5
examine,5
effect,5
george,5
payment,5
down,5
rose,5
transactions,5
withdrawal,5
our,5
north,5
effects,5
chicago,5
longer,5
close,5
customers,4
estimated,4
fraction,4
estate,4
newspapers,4
liquidity,4
shocks,4
identify,4
princeton,4
experience,4
modest,4
long,4
every,4
ii,4
gary,4
real,4
robert,4
political,4
march,4
activity,4
thus,4
relatively,4
compared,4
growth,4
represented,4
risk,4
probability,4
forced,4
affect,4
kelly,4
n,4
house,4
suspend,4
additional,4
further,4
because,4
well,4
lr,4
dybvig,4
r,4
prompted,4
example,4
records,4
contrast,4
philip,4
up,4
will,4
female,4
reports,4
experienced,4
contemporary,4
v,4
grdda,4
net,4
dummy,4
general,4
standard,4
diamond,4
priests,4
figures,4
closures,4
institution,4
provide,4
sometimes,4
contraction,4
dimensions,4
obs,4
seem,4
wealthy,4
beginning,4
terms,4
vol,4
almost,4
nj,4
role,4
until,4
washington,4
provided,4
smaller,4
interaction,4
declared,3
names,3
affected,3
episodes,3
considerably,3
informational,3
margo,3
peaks,3
holding,3
antebellum,3
accumulation,3
sources,3
fund,3
might,3
definition,3
company,3
daily,3
rich,3
nevertheless,3
half,3
municipals,3
tribune,3
issue,3
nber,3
america,3
chartered,3
alter,3
except,3
halted,3
merchants,3
due,3
kemmerer,3
conducted,3
amount,3
withdraw,3
schweikart,3
van,3
whose,3
rather,3
how,3
earlier,3
milton,3
support,3
category,3
immigrant,3
wages,3
established,3
presumably,3
weak,3
observations,3
hit,3
dc,3
found,3
houses,3
events,3
brokers,3
markets,3
late,3
produced,3
meet,3
safe,3
brooklyn,3
literature,3
rotella,3
whole,3
fail,3
earn,3
schwartz,3
nor,3
railroads,3
week,3
relative,3
regions,3
change,3
level,3
uninformed,3
quite,3
several,3
significantly,3
dramatic,3
tended,3
notes,3
society,3
he,3
reduced,3
make,3
phelps,3
single,3
guide,3
oxford,3
yet,3
residence,3
railroad,3
vleck,3
complete,3
jeffrey,3
similarly,3
seasonality,3
clerks,3
sprague,3
present,3
model,3
ordinary,3
upon,3
including,3
concern,3
entirely,3
portfolios,3
pattern,3
low,3
significance,3
friedman,3
remaining,3
dominated,3
provides,3
municipal,3
can,3
analyze,3
usually,3
foreign,3
detailed,3
case,3
following,3
redemption,3
here,3
poorest,3
quickly,3
miron,3
collateralized,3
perfectly,3
drop,3
according,3
what,3
economy,3
reported,3
exceeded,3
shown,3
models,3
goldin,3
national,3
hone,3
typically,3
nativity,3
reached,3
maximum,3
laborers,3
major,3
final,2
difficult,2
common,2
concerned,2
stood,2
nest,2
nationwide,2
arrive,2
poorer,2
forcing,2
mortgage,2
use,2
philanthropic,2
true,2
studies,2
decade,2
western,2
prosperous,2
predominantly,2
member,2
t,2
davis,2
gibbons,2
distinguishing,2
steady,2
indicated,2
investments,2
seems,2
kiefer,2
book,2
leading,2
uptown,2
wave,2
origin,2
composition,2
debt,2
henry,2
wage,2
declines,2
sound,2
dr,2
laboring,2
inflows,2
payne,2
recorded,2
eastern,2
has,2
key,2
propensity,2
condition,2
magazine,2
occupations,2
apart,2
far,2
kahn,2
directed,2
dublin,2
central,2
andrew,2
historical,2
dependence,2
facts,2
immediate,2
dynamics,2
professor,2
tables,2
century,2
affairs,2
estimates,2
distinct,2
elements,2
document,2
back,2
response,2
extraordinary,2
compare,2
overwhelmed,2
apparently,2
rates,2
error,2
chari,2
offices,2
midtown,2
predicted,2
act,2
grid,2
interpretation,2
unit,2
afterwards,2
levels,2
opportunity,2
determining,2
bankruptcy,2
proportion,2
lasted,2
chambers,2
b,2
easily,2
special,2
tuckerman,2
making,2
rumors,2
anbinder,2
plus,2
consider,2
occupational,2
linked,2
sum,2
elsewhere,2
impact,2
totaled,2
four,2
show,2
generally,2
providing,2
cut,2
greater,2
hours,2
closely,2
root,2
columbia,2
unanimous,2
avenue,2
declined,2
discount,2
typical,2
inclusion,2
monitoring,2
carolina,2
abnormally,2
accurately,2
focused,2
war,2
skilled,2
population,2
record,2
saving,2
networks,2
oo,2
briefly,2
accounting,2
douglas,2
received,2
brought,2
civil,2
island,2
people,2
microeconomic,2
somewhere,2
weekly,2
reflect,2
residents,2
president,2
assembly,2
below,2
wi,2
suggest,2
next,2
catholic,2
rutgers,2
insurance,2
withdrawing,2
family,2
dealers,2
driving,2
highly,2
eighth,2
research,2
annual,2
jumps,2
cycle,2
intermediation,2
second,2
situation,2
matter,2
absence,2
sophisticates,2
identified,2
short,2
gender,2
community,2
riches,2
edited,2
morgan,2
under,2
windows,2
senseless,2
included,2
shock,2
experiment,2
largest,2
solvent,2
department,2
rise,2
fairly,2
volume,2
diary,2
members,2
power,2
factory,2
again,2
analytical,2
pressure,2
substantially,2
variation,2
income,2
volatile,2
jacklin,2
charter,2
distance,2
spike,2
banknotes,2
credit,2
classes,2
extended,2
averaged,2
sold,2
jagannathan,2
edwin,2
theoretical,2
clear,2
authors,2
peter,2
started,2
characterized,2
spread,2
so,2
summer,2
played,2
collected,2
obtained,2
kept,2
improved,2
lose,2
especially,2
random,2
jm,2
cumdeposits,2
regression,2
probably,2
famine,2
joint,2
regressions,2
claudia,2
hunt,2
specifications,2
trustees,2
tests,2
usury,2
she,2
continued,2
citizens,2
widespread,2
primarily,2
temin,2
force,2
ferrie,2
vaults,2
often,2
lowered,2
fall,2
collateral,2
face,2
eugene,2
joseph,2
gpo,2
cannon,2
ignited,2
heavy,2
accordance,2
must,2
constituted,2
scarcely,2
specific,2
sums,2
convertibility,2
know,2
commission,2
donaldson,2
report,2
clearly,2
equilibrium,2
cities,2
domestics,2
examining,2
mass,2
elyce,2
born,2
seamstresses,2
recession,2
winton,2
whether,2
rising,2
maintain,2
statement,2
tightly,2
transaction,2
while,2
kaufman,2
property,2
anna,2
suggests,2
contain,2
middle,2
presented,2
multiple,2
cl,2
strangers,2
subject,2
reserves,2
pi,2
phenomenon,2
coming,2
cp,2
question,2
spring,2
initiated,2
course,2
joined,2
approximately,2
instead,2
land,2
summary,2
potential,2
battacharya,2
coefficient,2
upstate,2
withdrew,2
indicating,2
c,2
greenwich,2
uncertainty,2
substantial,2
abroad,2
among,2
recent,2
cause,2
costly,2
increase,2
nicholas,1
waited,1
directors,1
dominant,1
does,1
now,1
mostly,1
harboured,1
discourage,1
obligations,1
overvalued,1
holder,1
implying,1
generated,1
legislature,1
immune,1
emerson,1
wonder,1
fractions,1
represent,1
resulted,1
college,1
determine,1
slum,1
northeast,1
money,1
resided,1
frankel,1
stands,1
itors,1
expect,1
church,1
reflection,1
discover,1
speculated,1
ebbing,1
certificates,1
larry,1
terminated,1
vanadajaran,1
formed,1
library,1
federal,1
rewards,1
h,1
mexican,1
bias,1
reassured,1
discriminate,1
discounts,1
weaker,1
reasonably,1
policy,1
protection,1
position,1
fixed,1
character,1
emphasize,1
presents,1
occurred,1
redemptions,1
dae,1
observing,1
uses,1
nineteenth,1
induced,1
edu,1
descriptions,1
sequential,1
conjecture,1
permitted,1
relacd,1
negative,1
jammed,1
peaked,1
porters,1
www,1
gaylord,1
familiarity,1
embraced,1
certainly,1
disagreement,1
concentrated,1
enables,1
address,1
sunday,1
rational,1
freely,1
drivers,1
nature,1
containing,1
georgia,1
hedged,1
principles,1
europe,1
convert,1
display,1
lansdowne,1
farmers,1
downswings,1
potentially,1
soared,1
borne,1
government,1
resulting,1
deemed,1
uselessly,1
efficiently,1
separately,1
damage,1
genealogists,1
consist,1
written,1
date,1
emphasized,1
greatly,1
respond,1
reserved,1
principal,1
classified,1
contrasting,1
corroborate,1
regressed,1
within,1
choicest,1
papers,1
lessened,1
side,1
empty,1
forthcoming,1
classifying,1
owing,1
captures,1
constraint,1
sought,1
right,1
addresses,1
crowd,1
cents,1
porter,1
prior,1
implies,1
marked,1
politics,1
reaching,1
sale,1
picks,1
mm,1
etc,1
insight,1
investigator,1
dataset,1
purchases,1
dutch,1
desired,1
variations,1
point,1
noteholders,1
x,1
sent,1
laws,1
cited,1
representing,1
correlation,1
prevented,1
engage,1
holland,1
allayed,1
categorized,1
sign,1
diversity,1
signal,1
inertia,1
monday,1
labor,1
repeatedly,1
human,1
includes,1
accessible,1
throughout,1
measurably,1
proceeded,1
explained,1
severe,1
proportionate,1
points,1
longevity,1
objective,1
against,1
precipitating,1
realized,1
econometric,1
tailors,1
g,1
agent,1
base,1
weibull,1
regarded,1
mixed,1
establishments,1
sequentially,1
representative,1
issued,1
highlighting,1
price,1
participating,1
demandfor,1
employing,1
pay,1
assured,1
steadfastly,1
seaman,1
expected,1
spans,1
turn,1
cases,1
concentrations,1
bustling,1
developments,1
ct,1
speculative,1
interim,1
displays,1
marriage,1
highest,1
ofphillip,1
slave,1
served,1
puffing,1
drives,1
estimate,1
thin,1
erst,1
child,1
savvy,1
drawn,1
tenants,1
reasoned,1
clientele,1
kentucky,1
xavier,1
pronounced,1
weakness,1
loan,1
nuanced,1
fierce,1
lastly,1
unfortunate,1
tk,1
poverty,1
sparking,1
perfect,1
newer,1
vantage,1
employ,1
failed,1
seventh,1
rights,1
surprisingly,1
operation,1
poor,1
shortand,1
slowed,1
manipulated,1
urged,1
americans,1
added,1
deviations,1
without,1
exact,1
his,1
pledged,1
devastating,1
ernst,1
mattered,1
performance,1
ways,1
main,1
notable,1
ofnew,1
district,1
repayment,1
crash,1
thrift,1
resident,1
responded,1
knew,1
nybgs,1
requisite,1
mechanics,1
arrangements,1
neighborhood,1
granted,1
associate,1
connected,1
importance,1
induce,1
tidal,1
losing,1
assuming,1
ofpanickers,1
references,1
matched,1
gratefully,1
danger,1
reforms,1
awareness,1
augmented,1
pessimistic,1
moreover,1
supposed,1
onwards,1
watching,1
understand,1
brunswick,1
changes,1
presidents,1
servants,1
familiar,1
retained,1
image,1
caveat,1
depository,1
branch,1
coefficients,1
driven,1
just,1
welfare,1
gradually,1
jersey,1
contemporaries,1
northeastern,1
profile,1
accumulating,1
commented,1
shorter,1
follow,1
passed,1
beyond,1
exceed,1
bookkeepers,1
infrequently,1
tyler,1
sudipto,1
buoyed,1
nationality,1
grida,1
fed,1
drawing,1
ear,1
nebraska,1
holdings,1
uv,1
opening,1
ordinarily,1
keyes,1
arrived,1
result,1
treating,1
came,1
based,1
whom,1
thousands,1
sooner,1
location,1
arrival,1
abated,1
transmission,1
dependencethe,1
harder,1
demise,1
search,1
inappropriate,1
amsterdam,1
physicians,1
strongly,1
missouri,1
lived,1
wiped,1
deal,1
demands,1
international,1
infrequent,1
hopkins,1
worker,1
captured,1
term,1
saloonkeepers,1
eliminate,1
big,1
congregations,1
handbook,1
occupation,1
equal,1
mainly,1
michigan,1
districts,1
rejected,1
province,1
recently,1
intensity,1
pastors,1
constantinides,1
mischievous,1
counties,1
drain,1
bogus,1
peaking,1
influenced,1
impression,1
aspects,1
improve,1
emigrantbank,1
ofbeing,1
gained,1
suspended,1
keeping,1
relatives,1
future,1
artisans,1
line,1
seminal,1
makers,1
remittances,1
work,1
anking,1
vives,1
already,1
preferred,1
tapered,1
differ,1
part,1
hubbard,1
reserve,1
proportions,1
calls,1
reduction,1
appleton,1
confirms,1
multiplied,1
revealed,1
experiencing,1
description,1
ten,1
reminded,1
roll,1
precipitated,1
describe,1
millions,1
northwest,1
policies,1
neared,1
inferences,1
broad,1
partly,1
expend,1
thereafter,1
device,1
forces,1
bishop,1
rene,1
away,1
cartmen,1
employed,1
il,1
manage,1
alan,1
conform,1
weeks,1
spouses,1
either,1
evening,1
responses,1
stylized,1
macroeconomic,1
construct,1
optimal,1
ensued,1
indicator,1
caused,1
working,1
solvency,1
useful,1
glen,1
revolution,1
panel,1
involve,1
debts,1
coopers,1
sharp,1
midst,1
hence,1
settlement,1
acted,1
liquidation,1
around,1
small,1
inactive,1
nonstationary,1
proximate,1
consensus,1
issuing,1
dividend,1
components,1
distinctively,1
transfer,1
lawyers,1
subsided,1
notorious,1
distinguished,1
suddenly,1
diversified,1
always,1
managed,1
demandable,1
tightening,1
st,1
spurious,1
appropriate,1
gross,1
swings,1
stand,1
waiting,1
aggregate,1
rest,1
massive,1
seemed,1
avoid,1
ucd,1
periods,1
juneaugust,1
threatened,1
f,1
critical,1
unsound,1
piano,1
proxy,1
oftrans,1
implications,1
minor,1
onset,1
discriminatory,1
variety,1
summarize,1
ignite,1
tively,1
britain,1
giving,1
indeed,1
dodd,1
limited,1
wait,1
tide,1
acknowledged,1
brief,1
harris,1
nearly,1
exception,1
founding,1
needlessly,1
hammond,1
above,1
bill,1
comments,1
sending,1
initially,1
masons,1
labored,1
ceilings,1
positive,1
measure,1
assigned,1
southeast,1
once,1
andfinancial,1
recognized,1
meanwhile,1
examined,1
wake,1
soon,1
termination,1
neither,1
management,1
cumdepositspanictime,1
tnj,1
tn,1
earned,1
participants,1
adjusted,1
dummies,1
collectively,1
watson,1
lord,1
dropped,1
ed,1
si,1
uil,1
frightened,1
insights,1
constitute,1
touching,1
begins,1
warranted,1
gentlemen,1
sector,1
picture,1
social,1
declining,1
regardless,1
chose,1
investors,1
tomorrow,1
constituency,1
resolution,1
name,1
law,1
subjected,1
suit,1
temporarily,1
stated,1
toward,1
others,1
approaching,1
addition,1
happening,1
lack,1
limit,1
wg,1
areas,1
appeared,1
match,1
dividends,1
striking,1
exclusion,1
attempting,1
regulation,1
replicates,1
teachers,1
warning,1
personal,1
distrust,1
resolved,1
considerable,1
flocks,1
zero,1
great,1
serious,1
hill,1
patterns,1
took,1
drove,1
geography,1
covered,1
manner,1
sergio,1
accepted,1
unclear,1
jobs,1
perhaps,1
woman,1
compelled,1
sell,1
alarmed,1
outgrowth,1
differencebut,1
degree,1
washerwoman,1
lags,1
multicollinearity,1
original,1
kansas,1
deaf,1
washerwomen,1
analyzed,1
private,1
understanding,1
investment,1
encounter,1
secured,1
churches,1
invested,1
paying,1
birth,1
dipped,1
completed,1
active,1
aggregated,1
clients,1
parameter,1
previously,1
looking,1
intermountain,1
sufficiently,1
identity,1
exploits,1
findings,1
wound,1
empirical,1
insolvent,1
traded,1
confidence,1
largely,1
factor,1
causes,1
trend,1
recovery,1
services,1
trust,1
archive,1
raising,1
literate,1
strikingly,1
eight,1
dating,1
versions,1
stem,1
provoked,1
info,1
modem,1
accounted,1
feature,1
mead,1
co,1
gullible,1
issn,1
eve,1
postlewaite,1
keep,1
ri,1
like,1
features,1
serves,1
variance,1
structuring,1
counted,1
accurate,1
running,1
least,1
latter,1
exchange,1
quick,1
comparing,1
satisfy,1
promote,1
incapable,1
chapel,1
dollars,1
glenn,1
craft,1
become,1
businesses,1
schmukler,1
trouble,1
correlated,1
confidently,1
respectively,1
ables,1
nonpanic,1
containment,1
dumping,1
favorites,1
slightly,1
story,1
southwest,1
stulz,1
securing,1
quarter,1
comptroller,1
adf,1
decreased,1
separate,1
tennessee,1
discriminating,1
european,1
accepting,1
indication,1
lance,1
relying,1
beset,1
note,1
particular,1
window,1
wisdom,1
meets,1
johns,1
five,1
testing,1
smiths,1
fear,1
flowed,1
stocks,1
lines,1
resumed,1
sensitive,1
yale,1
ofthe,1
credited,1
drifting,1
threaten,1
relevant,1
excited,1
anxious,1
length,1
html,1
embarrassment,1
extra,1
expectations,1
surprising,1
erie,1
types,1
itself,1
contemplating,1
articles,1
mirror,1
investigate,1
regularly,1
ie,1
stable,1
yorkherald,1
sections,1
acquired,1
share,1
eventually,1
associated,1
specification,1
protracted,1
series,1
conclusion,1
mentioned,1
apprehension,1
founded,1
agents,1
struck,1
too,1
implied,1
ograda,1
insignificantly,1
besides,1
text,1
durations,1
offers,1
sustained,1
alternative,1
bayard,1
ironworkers,1
concerns,1
set,1
andlabor,1
troy,1
dillon,1
outcome,1
excess,1
dimension,1
ran,1
natural,1
ordered,1
refused,1
monthly,1
difficulty,1
hamilton,1
valuing,1
worth,1
east,1
historians,1
differenced,1
believe,1
leaders,1
cyclical,1
knowledgeable,1
proportional,1
grcda,1
post,1
foundation,1
iii,1
alternatively,1
wealthier,1
obviously,1
separating,1
section,1
differed,1
living,1
february,1
historian,1
risky,1
lending,1
evident,1
turned,1
censoring,1
blowing,1
unlikely,1
explanations,1
eavesdropped,1
denouncing,1
staten,1
nominal,1
unique,1
auctions,1
kevin,1
form,1
list,1
ones,1
totalled,1
supports,1
varying,1
independently,1
noticeable,1
theory,1
leaving,1
distribution,1
extent,1
catered,1
egg,1
her,1
reopened,1
savers,1
institute,1
require,1
hypothesize,1
yield,1
virginia,1
nonirish,1
categories,1
conference,1
informationbased,1
monitored,1
org,1
balances,1
preserved,1
ruled,1
bray,1
thereby,1
affecting,1
through,1
altogether,1
joining,1
nadir,1
waning,1
intended,1
ravi,1
conventional,1
rochester,1
resistance,1
underestimate,1
divided,1
insolvency,1
ized,1
gain,1
sparked,1
drive,1
come,1
formation,1
examples,1
unable,1
functions,1
finding,1
illinois,1
slashed,1
chemical,1
finally,1
accept,1
hurt,1
motives,1
wish,1
depressing,1
contributed,1
offer,1
include,1
define,1
eggs,1
impatiently,1
need,1
discernable,1
product,1
attributes,1
shutdown,1
defined,1
attempted,1
off,1
area,1
measured,1
remains,1
association,1
folly,1
classification,1
ships,1
roughly,1
tellers,1
offered,1
occurring,1
assumed,1
compounded,1
rejection,1
consisted,1
vary,1
belfield,1
era,1
avg,1
partial,1
fears,1
exclusively,1
surveys,1
traditional,1
re,1
immediately,1
artisanal,1
strong,1
drew,1
observed,1
profiles,1
employer,1
building,1
waiters,1
built,1
showed,1
draft,1
customs,1
proclivity,1
gold,1
heterogeneous,1
hypothesis,1
