WORDCOUNTS,WEIGHT
the,1104
of,598
and,531
to,506
in,478
a,273
salt,263
dow,170
bromine,147
s,140
with,140
was,137
that,127
by,120
for,114
pool,114
its,111
company,104
had,104
chemical,104
as,100
new,99
it,95
producers,95
not,92
were,90
from,89
p,87
output,85
distributors,85
price,77
united,75
prices,73
industry,69
an,66
their,64
bleach,63
but,61
states,57
pools,56
at,53
competition,53
american,52
production,52
this,52
pp,51
on,51
market,48
firm,48
u,47
than,47
they,46
also,46
entry,46
firms,46
products,44
customers,43
distributor,42
part,42
is,39
have,39
resources,38
kanawha,38
more,38
manufacturers,38
did,38
could,37
michigan,37
mineral,37
these,37
first,36
mallinckrodt,36
ohio,36
markets,35
national,35
washington,35
quality,34
geological,34
dc,34
because,34
survey,34
which,34
be,34
during,33
gpo,33
association,32
all,31
west,30
bromide,30
psa,30
between,30
file,29
collusion,29
other,29
about,29
distribution,29
virginia,29
w,29
alkali,28
organization,28
would,28
we,28
levenstein,28
product,28
into,27
haynes,27
no,27
century,26
costs,26
two,26
producer,26
york,25
business,25
herbert,25
been,25
years,25
own,24
sell,24
information,24
so,23
through,23
established,22
or,22
who,22
mass,22
one,21
antebellum,21
stealey,21
technology,21
made,21
contracts,21
summary,21
used,20
sales,20
period,20
there,19
year,19
midland,19
reputation,19
before,18
i,18
cooperation,18
developed,18
when,18
selling,18
where,18
both,18
cases,17
agreements,17
produced,17
mathieson,17
use,17
barrels,17
are,17
cents,17
integrated,17
if,16
e,16
position,16
producing,16
river,16
cost,16
important,16
war,16
small,16
limited,16
only,16
hill,16
any,16
increased,16
develop,16
much,16
per,15
attempts,15
advantage,15
able,15
after,15
university,15
successful,15
potassium,15
rosengarten,15
table,15
them,15
most,15
letter,14
ability,14
industries,14
same,14
many,14
financial,14
see,14
until,14
over,14
capability,14
marketing,14
contract,14
although,14
large,13
fixed,13
bromides,13
some,13
edward,13
make,13
competitors,13
sold,13
high,13
relationship,13
then,13
using,13
entrants,13
eskew,13
real,12
state,12
those,12
has,12
nbc,12
entrant,12
international,12
well,12
annual,12
increase,12
plant,12
percent,12
began,12
paper,12
despite,12
press,12
our,12
liquid,12
formed,11
history,11
nineteenth,11
lower,11
sources,11
case,11
agent,11
process,11
similar,11
benefits,11
directly,11
drug,11
order,11
value,11
contact,11
chlorine,11
reports,11
services,11
continued,11
figure,11
salts,11
jenks,11
produce,11
role,11
profits,11
barriers,10
g,10
without,10
strategy,10
technical,10
least,10
provided,10
shields,10
largest,10
pennsylvania,10
existing,10
necessary,10
another,10
increasing,10
vertical,10
offered,10
reputations,10
reported,10
became,10
average,10
morton,9
take,9
mr,9
british,9
consumers,9
controlled,9
million,9
collusive,9
coal,9
example,9
gave,9
reporter,9
several,9
will,9
led,9
variety,9
economic,9
paint,9
fell,9
d,9
number,9
three,9
son,9
oil,9
manufacturing,9
cambridge,9
arnold,9
later,8
created,8
h,8
might,8
great,8
sale,8
even,8
philadelphia,8
rather,8
result,8
purchased,8
scale,8
collude,8
nonmetallic,8
decline,8
cheating,8
f,8
he,8
second,8
wrote,8
pharmaceutical,8
barrel,8
contracted,8
merck,8
technologies,8
region,8
report,8
offer,8
manufacture,8
potential,8
early,8
little,8
technological,8
north,8
difficult,7
does,7
now,7
unlike,7
chandler,7
metallic,7
j,7
chloride,7
within,7
march,7
consumed,7
economies,7
development,7
sustain,7
consumer,7
bay,7
canal,7
higher,7
his,7
greater,7
pounds,7
however,7
metals,7
knowledge,7
older,7
regions,7
commerce,7
power,7
demand,7
department,7
again,7
john,7
less,7
local,7
restrictions,7
low,7
problems,7
internal,7
integration,7
success,7
construction,7
historical,7
works,7
introduced,7
november,7
vertically,7
pound,7
saginaw,7
themselves,7
built,7
long,6
capital,6
reach,6
found,6
antitrust,6
integrate,6
supply,6
except,6
thus,6
merchants,6
networks,6
competitive,6
may,6
relied,6
b,6
direct,6
changes,6
prevent,6
entered,6
access,6
further,6
required,6
r,6
clarke,6
protected,6
sutton,6
hackenberg,6
owned,6
paid,6
world,6
incentive,6
arrangement,6
incentives,6
forward,6
increasingly,6
powder,6
time,6
larger,6
end,6
outside,6
innovative,6
net,6
office,6
agreement,6
august,6
like,6
earlier,6
structure,6
relative,6
decision,6
get,6
dickinson,6
set,6
each,6
specialized,6
half,6
domestic,6
goods,6
turned,6
bleaching,6
almost,6
credit,6
given,6
city,6
techniques,6
tried,6
twentieth,6
instead,6
attempted,6
incumbent,6
create,6
valley,6
entire,6
customer,5
imported,5
distributed,5
western,5
total,5
source,5
experience,5
interests,5
exclusive,5
chemicals,5
vol,5
iron,5
run,5
september,5
donnally,5
old,5
cooperative,5
failed,5
german,5
growth,5
induce,5
study,5
facilitated,5
just,5
helped,5
standards,5
closely,5
armstrongs,5
out,5
facilitate,5
nonmetals,5
late,5
companies,5
gained,5
having,5
participation,5
network,5
data,5
scope,5
up,5
avoid,5
says,5
distribute,5
electrolytic,5
cleveland,5
under,5
falls,5
hoffman,5
declining,5
successfully,5
law,5
statistics,5
water,5
limit,5
break,5
hand,5
do,5
establish,5
compete,5
investment,5
managerial,5
coke,5
general,5
article,5
dollars,5
can,5
fall,5
usually,5
life,5
itself,5
following,5
series,5
concerns,5
natural,5
control,5
post,5
entering,5
february,5
better,5
purchase,5
nominal,5
particular,5
sunk,5
transport,5
manufacturer,5
fine,5
negotiate,5
among,5
sodium,5
cartel,4
transportation,4
final,4
common,4
way,4
minutes,4
needed,4
replaced,4
livesay,4
join,4
decade,4
cutting,4
member,4
december,4
creation,4
give,4
secretary,4
leading,4
cooperating,4
porter,4
reaching,4
restraints,4
human,4
difficulties,4
cooperate,4
barrier,4
manager,4
turn,4
innovation,4
clark,4
back,4
niagara,4
whose,4
l,4
knew,4
stout,4
importance,4
packaging,4
support,4
n,4
bownocker,4
threat,4
faced,4
providing,4
based,4
whom,4
concentration,4
though,4
stock,4
negotiated,4
basis,4
work,4
imports,4
civil,4
related,4
actually,4
weekly,4
monopoly,4
chemistry,4
wholesale,4
creating,4
haber,4
prologue,4
sufficient,4
visible,4
correspondence,4
hooker,4
valuable,4
therefore,4
sons,4
april,4
single,4
times,4
us,4
index,4
earned,4
members,4
lack,4
tariff,4
took,4
increases,4
doubled,4
deposits,4
including,4
sufficiently,4
finally,4
co,4
fost,4
him,4
played,4
thomas,4
leavitt,4
especially,4
systems,4
become,4
effect,4
merger,4
independent,4
provide,4
achieve,4
wars,4
founded,4
simply,4
ever,4
known,4
country,4
lamoreaux,4
different,4
appendix,4
particularly,4
imposed,4
hoped,4
imperial,4
size,4
conference,4
went,4
reached,4
directors,3
introduction,3
provisions,3
confidence,3
merged,3
easily,3
specified,3
former,3
protection,3
implemented,3
either,3
harvard,3
jointly,3
investments,3
attempt,3
chloroform,3
nature,3
skills,3
secondary,3
down,3
monitor,3
government,3
hundred,3
help,3
ruffner,3
robert,3
decreased,3
profitable,3
declines,3
worldwide,3
existence,3
sophisticated,3
dr,3
ltd,3
nber,3
possible,3
powers,3
diss,3
combination,3
weightman,3
expertise,3
responded,3
relationships,3
author,3
scarce,3
participating,3
expected,3
response,3
tetrachloride,3
student,3
advantages,3
apparently,3
forestall,3
ma,3
district,3
arrangements,3
eight,3
certain,3
brand,3
escape,3
wanted,3
tensions,3
organized,3
jersey,3
argued,3
superior,3
resource,3
paragraph,3
medicine,3
demise,3
inspectors,3
census,3
interstate,3
steele,3
patent,3
onondaga,3
wide,3
method,3
influenced,3
improve,3
restrain,3
line,3
literature,3
abroad,3
reader,3
discusses,3
ten,3
grimsley,3
partly,3
falling,3
participated,3
connections,3
t,3
good,3
suggest,3
governments,3
trusts,3
always,3
st,3
activities,3
challenge,3
steeles,3
steadily,3
service,3
expansion,3
play,3
above,3
expanded,3
movement,3
hold,3
oxford,3
deflated,3
predecessor,3
restricted,3
participants,3
railroad,3
quotations,3
enforce,3
regional,3
published,3
chose,3
organizations,3
westward,3
factory,3
similarly,3
put,3
averages,3
chemists,3
attempting,3
discussed,3
electricity,3
ibid,3
remained,3
stabilize,3
private,3
discovery,3
upon,3
values,3
formal,3
previously,3
depended,3
louis,3
significant,3
stem,3
margaret,3
geographically,3
length,3
distinction,3
methods,3
enjoyed,3
capabilities,3
probably,3
dominance,3
limiting,3
raise,3
note,3
fewer,3
contrast,3
wyandotte,3
existed,3
erie,3
osborn,3
dispose,3
meant,3
share,3
detect,3
quickly,3
know,3
finance,3
worth,3
commission,3
innovations,3
board,3
ph,3
brothers,3
research,3
very,3
past,3
hildt,3
beginning,3
what,3
terms,3
stability,3
soda,3
while,3
pursued,3
backing,3
presented,3
owner,3
uniform,3
agents,3
obtain,3
indiana,3
formation,3
illinois,3
ores,3
regular,3
off,3
area,3
carbon,3
c,3
chicago,3
substantial,3
inventories,3
hussey,2
archives,2
oriented,2
privately,2
corporate,2
dash,2
revolutionary,2
unsuccessful,2
group,2
told,2
diversification,2
likely,2
english,2
favor,2
unnamed,2
committee,2
bromate,2
encourage,2
induced,2
materials,2
fluctuations,2
being,2
modest,2
extraction,2
concentrated,2
lumber,2
emerged,2
neil,2
sustainable,2
available,2
together,2
accumulated,2
subsequent,2
inland,2
last,2
cell,2
dissolved,2
system,2
growing,2
alfred,2
key,2
capacity,2
primary,2
changed,2
quantities,2
prior,2
capable,2
activity,2
facilitating,2
contractual,2
laws,2
undoubtedly,2
financed,2
engage,2
leblanc,2
attract,2
specifically,2
conflict,2
central,2
technologically,2
such,2
interest,2
decided,2
southern,2
representative,2
competitor,2
forced,2
distinct,2
nor,2
david,2
withdraw,2
syracuse,2
restrict,2
served,2
left,2
continuous,2
details,2
billion,2
shall,2
restricting,2
purer,2
van,2
mechanisms,2
rights,2
surprisingly,2
economy,2
dilemma,2
bring,2
how,2
remain,2
biggest,2
coastal,2
capture,2
risk,2
proportion,2
persistent,2
offering,2
fred,2
marginal,2
moreover,2
bankrupting,2
consider,2
locally,2
imprimatur,2
sum,2
sturchio,2
impact,2
dominate,2
convers,2
frequently,2
four,2
saltworks,2
acknowledges,2
textile,2
origins,2
calcium,2
powerful,2
followed,2
willing,2
flow,2
cut,2
appear,2
whereas,2
opening,2
came,2
unanimous,2
declined,2
channels,2
public,2
inherent,2
called,2
lazonick,2
economics,2
intermediary,2
fourth,2
informed,2
focused,2
blow,2
something,2
applied,2
otherwise,2
facilities,2
undermined,2
trough,2
brine,2
received,2
industrial,2
brought,2
story,2
competing,2
training,2
secret,2
q,2
island,2
milgrom,2
trimble,2
records,2
people,2
thereafter,2
midwestern,2
documented,2
advertising,2
personal,2
president,2
week,2
trends,2
mahoney,2
next,2
bank,2
family,2
few,2
routine,2
mi,2
diversified,2
impossible,2
cincinnati,2
weiss,2
dependent,2
matured,2
notes,2
input,2
outsider,2
scientific,2
short,2
located,2
leased,2
prospered,2
salesmen,2
july,2
indicates,2
standing,2
cartels,2
cultivate,2
helman,2
label,2
percentage,2
once,2
edited,2
examined,2
opportunities,2
requiring,2
serve,2
fifth,2
official,2
included,2
cod,2
keeping,2
ed,2
wright,2
already,2
fairly,2
fix,2
street,2
name,2
ulen,2
addition,2
longer,2
complaints,2
areas,2
creative,2
agree,2
dividends,2
regulation,2
richer,2
gray,2
cooperated,2
ripley,2
adjacent,2
road,2
developing,2
hale,2
destroyed,2
day,2
valleys,2
argues,2
mills,2
kansas,2
pooling,2
understanding,2
discussion,2
invested,2
range,2
eighteenth,2
arose,2
manufactured,2
expand,2
batch,2
entirely,2
largely,2
operated,2
virtually,2
ideas,2
tripled,2
questions,2
processes,2
trend,2
trust,2
previous,2
improvements,2
trade,2
exports,2
switched,2
deal,2
individual,2
keep,2
controversies,2
allowed,2
promotions,2
pearce,2
ended,2
standard,2
hardie,2
mining,2
overcome,2
ann,2
january,2
analyze,2
cape,2
institution,2
quarter,2
louisiana,2
chemist,2
importer,2
dewing,2
enough,2
suggestion,2
third,2
relying,2
aid,2
backward,2
today,2
george,2
sometimes,2
five,2
ordinary,2
primarily,2
rapidly,2
executive,2
herman,2
often,2
centuries,2
instances,2
ash,2
claims,2
school,2
enterprising,2
broke,2
changing,2
grand,2
must,2
steel,2
determinants,2
physical,2
charles,2
appealing,2
here,2
saltville,2
unavailable,2
retained,2
ratio,2
setting,2
seem,2
unknown,2
accommodate,2
regard,2
reflected,2
build,2
respect,2
believed,2
knows,2
william,2
quiet,2
pooled,2
numbers,2
pomeroy,2
selected,2
plants,2
maintain,2
passed,2
manufactures,2
theory,2
penrose,2
bezanson,2
secure,2
grades,2
agreed,2
electrochemical,2
nj,2
occasionally,2
ken,2
buy,2
measure,2
operate,2
families,2
maintained,2
coming,2
come,2
bargaining,2
commercial,2
differentiation,2
ignored,2
decrease,2
charge,2
naomi,2
course,2
joined,2
include,2
consumption,2
locate,2
superintendent,2
specific,2
deciding,2
arrange,2
point,2
immediately,2
liebig,2
major,2
abreu,2
precipitously,1
frequent,1
intimately,1
entities,1
dominant,1
undergraduate,1
unobtainable,1
rate,1
done,1
personally,1
m,1
limits,1
edge,1
estimated,1
enter,1
estate,1
keller,1
mergers,1
integrating,1
suggested,1
emerson,1
ready,1
concern,1
represent,1
credibility,1
resulted,1
announced,1
measures,1
resided,1
adoption,1
compensated,1
bromates,1
endowments,1
quandary,1
sets,1
outweighed,1
overland,1
center,1
discover,1
organizer,1
director,1
agency,1
effective,1
identify,1
rebates,1
terminated,1
handles,1
miriam,1
motivation,1
federal,1
completely,1
dominating,1
studies,1
mit,1
licenses,1
enticed,1
flows,1
earnings,1
weaker,1
brandt,1
trace,1
policy,1
title,1
deliveries,1
replicate,1
shares,1
bromoseltzer,1
fragile,1
promote,1
acting,1
massproducing,1
migration,1
nonetheless,1
buys,1
properties,1
turning,1
according,1
cleanser,1
par,1
arms,1
prominently,1
provision,1
inc,1
every,1
advisable,1
drugs,1
container,1
preceding,1
importing,1
evolution,1
address,1
season,1
utilization,1
satisfy,1
permanently,1
worked,1
purchaser,1
snowden,1
advanced,1
experiments,1
grandfather,1
dramatically,1
rhode,1
keener,1
tradition,1
textiles,1
explores,1
credits,1
lessen,1
seller,1
desire,1
undertake,1
reasons,1
differences,1
tackling,1
timing,1
fully,1
mississippi,1
procedure,1
providence,1
carnegie,1
econometrica,1
packages,1
achieved,1
failures,1
date,1
replicated,1
emphasized,1
respond,1
trenton,1
keith,1
reserved,1
principal,1
creativity,1
complicated,1
nal,1
somewhat,1
committed,1
rahway,1
dumas,1
papers,1
seminar,1
similarities,1
evaluation,1
side,1
takes,1
proceeded,1
eastern,1
piped,1
knowledgeable,1
matthew,1
backer,1
standardizing,1
america,1
draw,1
loo,1
chlorates,1
undercut,1
design,1
custom,1
reincarnation,1
account,1
pharmacopeia,1
opened,1
distributing,1
felt,1
sixteenth,1
entrepreneurs,1
shared,1
functions,1
october,1
rid,1
weiman,1
convince,1
disadvantage,1
taking,1
say,1
events,1
far,1
establishment,1
owners,1
still,1
quota,1
compares,1
carolina,1
creatively,1
constrained,1
decreasing,1
against,1
distnrbution,1
prevented,1
slack,1
shut,1
framework,1
succeed,1
labor,1
learned,1
repeatedly,1
complained,1
regarding,1
throughout,1
review,1
relocation,1
surely,1
tonnage,1
jobbers,1
redeemed,1
severe,1
dynamics,1
professor,1
since,1
demanded,1
unpublished,1
redrawing,1
agreeing,1
relatively,1
ease,1
reminding,1
concentrations,1
adopted,1
amounts,1
enjoying,1
obtainable,1
adams,1
exist,1
rigorously,1
jr,1
jobber,1
pay,1
meyer,1
forerunners,1
ferguson,1
manuscript,1
z,1
learning,1
exercise,1
weaknesses,1
transitional,1
urbanization,1
legally,1
perspective,1
concerning,1
uniformly,1
amount,1
contrary,1
body,1
lancashire,1
six,1
tomorrow,1
difficulty,1
inclusion,1
myth,1
wholly,1
allowing,1
outweigh,1
stipulated,1
lost,1
dearly,1
ethylene,1
compared,1
arranged,1
issued,1
twice,1
chap,1
pure,1
publications,1
profit,1
helpful,1
heavy,1
weight,1
packing,1
y,1
consequently,1
memoir,1
bottles,1
journal,1
practically,1
nomi,1
kentucky,1
occasion,1
invites,1
bankrupted,1
nuanced,1
stymied,1
rates,1
businessmen,1
implementation,1
mechanism,1
promised,1
newer,1
lyon,1
finances,1
lesser,1
loyal,1
operation,1
simultaneously,1
escaped,1
manipulated,1
recognized,1
solvay,1
fickleness,1
hopes,1
basil,1
acid,1
lexington,1
photography,1
act,1
observers,1
crooked,1
bypassing,1
across,1
possession,1
organizing,1
profitably,1
explicit,1
month,1
preparing,1
treat,1
remote,1
convicted,1
active,1
afforded,1
granted,1
supplement,1
sacrificed,1
impure,1
parts,1
assuming,1
consuming,1
arbor,1
von,1
supposed,1
reason,1
send,1
downward,1
solutions,1
injury,1
maintaining,1
finer,1
partnership,1
ensure,1
immigrant,1
possibly,1
needless,1
flexibility,1
xxxviii,1
suspense,1
improvement,1
discouraged,1
borrowed,1
nellies,1
presumably,1
clearly,1
weather,1
stabilizing,1
placed,1
house,1
too,1
shrinking,1
brines,1
staley,1
balkanized,1
wire,1
store,1
requested,1
cotton,1
pnce,1
generally,1
comparisons,1
consequence,1
prosecution,1
enmeshed,1
utah,1
subsidiary,1
solve,1
ruin,1
founding,1
care,1
sedative,1
decades,1
view,1
dispersion,1
louisville,1
chloryl,1
experimentation,1
raw,1
treasurer,1
expressed,1
uses,1
tariffs,1
assets,1
lead,1
betrayal,1
sooner,1
affiliated,1
brennan,1
arrival,1
brominebased,1
municipalities,1
appearance,1
begun,1
search,1
strength,1
joy,1
sokoloff,1
temptation,1
adhered,1
iodide,1
effort,1
missouri,1
demands,1
infrequent,1
cady,1
requirements,1
emerge,1
antiknock,1
possibility,1
dates,1
employee,1
base,1
dyes,1
suits,1
coalitions,1
term,1
acquiring,1
extracting,1
density,1
disincentives,1
dilip,1
canneries,1
standardized,1
understood,1
solely,1
mediated,1
prohibit,1
tools,1
toured,1
divide,1
spout,1
cannot,1
meet,1
appraising,1
record,1
nothing,1
coompetition,1
reinvest,1
overwhelmed,1
fledgling,1
explosions,1
headache,1
creates,1
james,1
brooks,1
eliminate,1
failure,1
shape,1
representatives,1
taxes,1
none,1
sawdust,1
booking,1
trial,1
relief,1
benzoate,1
detract,1
bromkonvention,1
start,1
sept,1
garnett,1
floundered,1
prominent,1
significantly,1
london,1
proportions,1
apparent,1
nation,1
scraps,1
feared,1
crossings,1
frerichs,1
incremental,1
got,1
peniod,1
whole,1
intermediate,1
place,1
redrew,1
policies,1
issues,1
broad,1
reportedly,1
stipulates,1
noted,1
earn,1
ontario,1
friend,1
bankrupt,1
motors,1
prisoner,1
ammonium,1
away,1
rise,1
newspaper,1
systematic,1
participate,1
won,1
patented,1
visions,1
assembly,1
maury,1
telephoned,1
errors,1
thrived,1
aided,1
preceded,1
change,1
accused,1
optimal,1
whitehead,1
ensued,1
caused,1
goulet,1
level,1
working,1
responsibility,1
wildly,1
conquers,1
multiyear,1
lee,1
ginn,1
stage,1
hired,1
uncontrolled,1
politically,1
multitude,1
cope,1
imposition,1
wrong,1
emphasizes,1
quite,1
arbitrage,1
around,1
sole,1
intervals,1
pours,1
apportioned,1
unless,1
issuing,1
highly,1
ship,1
migrating,1
grow,1
temporary,1
breaking,1
facility,1
widnes,1
dramatic,1
newcomers,1
essentially,1
distinguished,1
texas,1
tended,1
coast,1
descendants,1
inability,1
extracted,1
delores,1
productivity,1
proper,1
describes,1
telluride,1
cycle,1
appoint,1
tinplate,1
finds,1
moved,1
aggregate,1
settle,1
enjoy,1
geographical,1
invest,1
periods,1
dibromide,1
barbara,1
advertised,1
transforming,1
south,1
reduction,1
portion,1
defended,1
reorganizations,1
film,1
edith,1
transform,1
underground,1
situation,1
lerner,1
matter,1
various,1
requirement,1
letters,1
birmingham,1
chlorinated,1
britain,1
noncompetitive,1
corporation,1
return,1
anniversary,1
mediating,1
constraints,1
object,1
reduce,1
converted,1
consolidating,1
harry,1
commenced,1
comments,1
eightfold,1
initially,1
spot,1
renew,1
strategic,1
decisions,1
positive,1
repurification,1
wv,1
mediator,1
lisa,1
daguerreotype,1
simultaneous,1
pivotal,1
victor,1
reference,1
refusing,1
makes,1
soon,1
chronology,1
challenged,1
latitude,1
management,1
marginally,1
home,1
assistance,1
granules,1
strategiesproduct,1
purity,1
um,1
colonial,1
fleeting,1
refirm,1
solvent,1
bushels,1
provocative,1
illustrated,1
delaware,1
beginnings,1
violations,1
overflowing,1
gentlemen,1
enterprises,1
avoided,1
harper,1
volume,1
investors,1
inspected,1
party,1
corporations,1
starting,1
leader,1
managers,1
paul,1
jeffrey,1
temporarily,1
ride,1
carolyn,1
frederick,1
mentions,1
sufferers,1
renewed,1
europe,1
reporting,1
shade,1
lowering,1
perfected,1
experienced,1
lime,1
smith,1
consumes,1
deutsche,1
efforts,1
idea,1
fundamental,1
rents,1
clarendon,1
engineering,1
instability,1
proposal,1
plan,1
nonbromine,1
afraid,1
nathan,1
choice,1
explosives,1
daily,1
associates,1
fallen,1
harmoniously,1
arthur,1
contemporary,1
venture,1
considerable,1
impending,1
pattern,1
man,1
feedback,1
pulp,1
serious,1
anne,1
simple,1
superintendents,1
enactment,1
never,1
sayles,1
arisen,1
harold,1
secular,1
coarse,1
bromid,1
strategies,1
practice,1
agencies,1
native,1
remarked,1
threats,1
stanford,1
entrepreneurial,1
wood,1
free,1
remarkably,1
refounded,1
difference,1
crystals,1
greatest,1
extended,1
averaged,1
sherman,1
memoranda,1
pricing,1
background,1
easier,1
completed,1
represented,1
endowment,1
restrained,1
desperate,1
enormous,1
pennsalt,1
troughs,1
judge,1
canals,1
encouraged,1
yale,1
impatient,1
gilt,1
food,1
unfortunately,1
dye,1
refers,1
robinson,1
factor,1
assume,1
engaging,1
congress,1
postbellum,1
resulting,1
underestimates,1
engaged,1
unanimity,1
individuals,1
laboratory,1
chosen,1
raising,1
sic,1
connected,1
stayed,1
california,1
theoretical,1
quadrupled,1
tom,1
clear,1
discovered,1
purifiers,1
grew,1
publication,1
customerspecific,1
ftrm,1
dominated,1
peter,1
faces,1
rains,1
issn,1
rationalized,1
function,1
mines,1
collected,1
stages,1
administrative,1
shortly,1
anyone,1
nostrand,1
winckel,1
lose,1
exporter,1
usgs,1
latter,1
behest,1
repeated,1
reputable,1
faith,1
favored,1
facing,1
queen,1
improving,1
trying,1
constructing,1
glenn,1
reads,1
monopolist,1
exported,1
respectively,1
blackwell,1
exactly,1
cooper,1
attendant,1
excluded,1
lowered,1
capitalism,1
slightly,1
guess,1
colluding,1
nails,1
northern,1
grain,1
saw,1
joint,1
signing,1
quarterly,1
modifications,1
attention,1
unrelated,1
claudia,1
division,1
potassi,1
harnessing,1
reluctant,1
separate,1
potash,1
ranging,1
dealing,1
asking,1
indication,1
foundings,1
rejected,1
devote,1
surpassed,1
herf,1
bureau,1
she,1
supporting,1
science,1
bulk,1
crucial,1
foreign,1
bromineand,1
buyers,1
outsiders,1
williams,1
fear,1
stocks,1
lines,1
attitude,1
bulletin,1
independence,1
dimensions,1
ting,1
experimenting,1
interfere,1
team,1
seventeenth,1
merchandise,1
economists,1
circumstance,1
importantly,1
colluders,1
inadequate,1
try,1
consolidation,1
satisfaction,1
examine,1
organizatton,1
continually,1
nonprice,1
grade,1
hydrate,1
drafted,1
enforced,1
coordination,1
measured,1
months,1
exists,1
sandstone,1
face,1
paying,1
investigate,1
regularly,1
benefitted,1
considered,1
detail,1
campaign,1
circumscribed,1
assistant,1
aniline,1
authorities,1
impurities,1
associated,1
stable,1
historian,1
material,1
kodak,1
dispersed,1
ici,1
intervened,1
disposing,1
principals,1
mentioned,1
conjunction,1
bill,1
nervous,1
receive,1
needs,1
contradiction,1
extensive,1
geographic,1
economically,1
reinforced,1
ether,1
fluctuating,1
signed,1
trapped,1
potency,1
funding,1
acquisitions,1
pt,1
equipment,1
sustained,1
alternative,1
cover,1
replace,1
acquired,1
favorably,1
refused,1
monthly,1
granular,1
guaranteed,1
xliii,1
expanding,1
east,1
referees,1
ubiquitous,1
gasoline,1
presence,1
current,1
returns,1
allied,1
sellers,1
provoke,1
eventually,1
job,1
doubling,1
sustaining,1
rely,1
houses,1
benefit,1
separating,1
cities,1
identities,1
faster,1
disputes,1
pour,1
quoted,1
passage,1
absolutely,1
advances,1
trademark,1
penn,1
reconfigured,1
preexisting,1
acetic,1
fiddle,1
levelling,1
unique,1
implicit,1
whether,1
worthwhile,1
form,1
ilf,1
woefully,1
references,1
cheaper,1
want,1
orleans,1
independently,1
ballast,1
ny,1
conclusion,1
writes,1
initiators,1
cartelizing,1
extent,1
transaction,1
hewitt,1
her,1
belknap,1
suggests,1
urban,1
contain,1
welcome,1
ivan,1
purification,1
boston,1
necessity,1
interrelated,1
altered,1
thereby,1
preferable,1
dee,1
zinc,1
duty,1
easy,1
giving,1
withdrawal,1
cash,1
controls,1
everywhere,1
gb,1
confronted,1
merchant,1
phenomenon,1
mention,1
imcera,1
representation,1
aspect,1
think,1
contrasts,1
sussman,1
partnerships,1
reprocessing,1
energies,1
buying,1
superseded,1
tell,1
examples,1
capitalizations,1
goldin,1
negative,1
nonpharmaceutical,1
locations,1
unable,1
innovate,1
manageable,1
julius,1
initiated,1
quotas,1
conditions,1
wheeling,1
accept,1
reversed,1
register,1
approximately,1
consolidated,1
dense,1
need,1
davies,1
evidence,1
smaller,1
stockholders,1
cheapness,1
you,1
settling,1
disrupt,1
wholesalers,1
oldest,1
extremely,1
madison,1
stray,1
ships,1
ranged,1
financially,1
anonymous,1
respective,1
thousand,1
supported,1
searching,1
delayed,1
thing,1
upstate,1
assumed,1
gavin,1
fontaine,1
fluctuated,1
desired,1
pharmacist,1
charged,1
furnaces,1
era,1
maximum,1
exclusively,1
import,1
element,1
ownership,1
castner,1
traditional,1
focus,1
duration,1
steamships,1
comparable,1
ss,1
recent,1
should,1
successive,1
doing,1
routing,1
lernerreferred,1
close,1
looking,1
gold,1
