WORDCOUNTS,WEIGHT
the,129
of,77
and,72
in,54
to,48
a,36
economic,32
soviet,30
for,28
by,21
that,20
on,14
was,13
these,12
economy,12
with,10
s,10
as,10
at,9
from,9
data,9
this,9
is,8
western,8
could,8
problem,8
were,8
their,7
over,7
harrison,7
came,7
one,6
available,6
some,6
hunter,6
evidence,6
output,6
be,6
performance,5
history,5
but,5
all,5
press,5
prices,5
national,5
states,5
problems,5
up,5
an,5
united,5
major,5
allen,4
after,4
analysis,4
control,4
changes,4
under,4
or,4
princeton,4
industrial,4
other,4
i,4
war,4
tools,4
system,4
used,4
use,4
issues,4
least,4
estimates,4
gerschenkron,4
it,3
bergson,3
led,3
dilemma,3
generated,3
bolshevik,3
market,3
growth,3
who,3
dixit,3
contributions,3
methods,3
sets,3
university,3
policy,3
committee,3
index,3
planned,3
producers,3
two,3
published,3
also,3
important,3
many,3
gregory,3
faulty,3
newly,3
scholars,3
alexander,3
appeared,3
new,3
monitoring,3
transactions,3
ambiguous,3
side,3
foundations,3
understanding,3
both,3
through,3
arose,3
despite,3
example,3
reports,3
plans,3
chronic,3
holland,3
during,3
bolsheviks,3
defence,3
which,3
like,3
period,3
cold,3
involved,3
research,3
russia,3
production,3
joint,3
avinash,2
model,2
analytic,2
now,2
lenin,2
availability,2
he,2
units,2
critics,2
demand,2
his,2
later,2
foreign,2
mark,2
service,2
how,2
basic,2
administered,2
outputs,2
introduction,2
economists,2
similar,2
large,2
achievements,2
statisticians,2
articles,2
pp,2
flows,2
into,2
environment,2
equations,2
before,2
efforts,2
most,2
experience,2
stalin,2
leontief,2
enterprises,2
kuznets,2
physical,2
party,2
defects,2
more,2
command,2
paul,2
crucially,2
military,2
quickly,2
outcomes,2
faced,2
others,2
preferences,2
pioneering,2
compiled,2
usually,2
official,2
had,2
are,2
heated,2
fundamental,2
did,2
creative,2
indeed,2
mises,2
together,2
economics,2
kurtzweg,2
very,2
bundle,2
considerable,2
zero,2
planners,2
further,2
political,2
scholarly,2
wage,2
within,2
income,2
terms,2
making,2
accounts,2
record,2
wartime,2
shortages,2
key,2
tending,2
money,2
number,2
conservatives,2
possible,2
accounting,2
millions,2
work,2
measures,2
planning,2
nj,2
made,2
moscow,2
values,2
heart,2
increase,2
dollar,2
szyrmer,2
goes,2
along,2
forces,2
findings,2
controls,2
congressional,2
began,2
much,2
using,2
framework,2
labor,2
goals,2
surpass,2
years,2
cambridge,2
trends,2
have,2
washington,2
catch,2
detailed,2
individual,2
include,2
would,2
need,2
late,2
keep,2
perspective,2
especially,2
few,2
internal,2
body,2
can,2
journal,2
world,2
controversy,2
operational,2
gross,2
von,2
hayek,2
limiting,1
mortem,1
smaller,1
replacing,1
will,1
rights,1
intricate,1
critical,1
therefore,1
usable,1
oftransaction,1
books,1
releases,1
imply,1
wishes,1
off,1
york,1
whose,1
german,1
no,1
absence,1
russian,1
costs,1
solid,1
naum,1
estimated,1
way,1
steadily,1
rested,1
statistical,1
stream,1
action,1
been,1
holzman,1
centered,1
developed,1
f,1
created,1
exile,1
soviets,1
limited,1
employment,1
investigation,1
might,1
everyone,1
extreme,1
gpo,1
brief,1
emigres,1
insufficiently,1
college,1
dec,1
wassily,1
presentation,1
renewed,1
institutions,1
communism,1
archives,1
e,1
referred,1
tracked,1
active,1
kahan,1
still,1
above,1
make,1
counterfactual,1
flexible,1
hearings,1
recognize,1
covering,1
direct,1
parts,1
life,1
settled,1
special,1
structural,1
k,1
ample,1
examine,1
summarized,1
productive,1
achieve,1
frank,1
ma,1
once,1
appraisals,1
collect,1
second,1
space,1
not,1
denunciation,1
library,1
criticism,1
true,1
ways,1
treatise,1
h,1
raymond,1
meet,1
clumsy,1
mein,1
references,1
examined,1
understand,1
contend,1
coverage,1
mit,1
developments,1
eugene,1
thought,1
kampf,1
soon,1
joseph,1
wages,1
evolved,1
fear,1
expounded,1
decade,1
tensions,1
acceptance,1
clash,1
matters,1
challenged,1
semester,1
selective,1
quantitative,1
contractors,1
perceived,1
management,1
familiar,1
multisectoral,1
presidency,1
authorities,1
policies,1
ambitious,1
light,1
constant,1
section,1
regime,1
following,1
ussr,1
fulfillment,1
arguing,1
monograph,1
unbalanced,1
restricted,1
gnp,1
pioneers,1
until,1
w,1
pentagon,1
materials,1
themes,1
show,1
test,1
congress,1
indexes,1
superior,1
breakdowns,1
resource,1
only,1
emeritus,1
recomputations,1
granick,1
either,1
sector,1
avoided,1
followed,1
cost,1
lead,1
rather,1
comparing,1
politics,1
lucid,1
name,1
imprisonment,1
backwardness,1
posed,1
appropriations,1
calamity,1
offers,1
here,1
dissertation,1
potential,1
courageous,1
exaggerated,1
potentials,1
ii,1
comparative,1
power,1
steady,1
methodologically,1
know,1
toward,1
trained,1
decades,1
cia,1
strengthen,1
death,1
decelerated,1
turbulent,1
around,1
dc,1
intellectual,1
deterioration,1
worked,1
corporation,1
union,1
boasting,1
england,1
moorsteen,1
gale,1
opening,1
chapman,1
scarcities,1
my,1
different,1
nutter,1
lying,1
including,1
d,1
identifying,1
extent,1
hyperinflation,1
conduct,1
unsolvable,1
best,1
pressure,1
industrializing,1
method,1
found,1
zaleski,1
studied,1
task,1
propaganda,1
lies,1
thank,1
access,1
solved,1
attack,1
potentially,1
marxian,1
post,1
grossman,1
rich,1
foundation,1
ideological,1
seven,1
reasoning,1
deal,1
named,1
job,1
haverford,1
obviously,1
ca,1
john,1
powell,1
goods,1
equilibrium,1
pioneer,1
resulting,1
warren,1
build,1
claimed,1
historical,1
diagram,1
almost,1
great,1
achieved,1
shipyard,1
damage,1
u,1
base,1
serious,1
living,1
markets,1
honor,1
m,1
better,1
france,1
papers,1
readers,1
state,1
oftime,1
greatly,1
growing,1
studies,1
monica,1
concepts,1
equally,1
present,1
reserved,1
staff,1
defend,1
assembling,1
current,1
increases,1
focused,1
where,1
what,1
mainly,1
hostility,1
hostile,1
studying,1
investment,1
purposes,1
nominal,1
transmitted,1
indirect,1
context,1
reactions,1
them,1
relevant,1
population,1
extended,1
see,1
painstaking,1
real,1
suffered,1
era,1
origin,1
material,1
depending,1
however,1
sophisticated,1
calculations,1
inputs,1
procedures,1
perhaps,1
masterly,1
required,1
harddriving,1
assembled,1
ignoring,1
east,1
public,1
tracking,1
structure,1
while,1
going,1
weights,1
agriculture,1
mokyr,1
technical,1
because,1
hitler,1
warriors,1
precept,1
well,1
overcommitments,1
losses,1
awarded,1
chapter,1
another,1
influenced,1
vol,1
simon,1
quantities,1
episode,1
suggests,1
basis,1
dilemmas,1
r,1
marked,1
upward,1
activity,1
targets,1
open,1
vast,1
discussion,1
gains,1
international,1
popular,1
intense,1
memoranda,1
skepticism,1
arcadius,1
burden,1
powers,1
bodies,1
even,1
consumers,1
strict,1
presented,1
countered,1
measuring,1
careful,1
west,1
seen,1
radicals,1
supply,1
revealed,1
crude,1
reflecting,1
extending,1
training,1
previously,1
resources,1
painfully,1
berliner,1
confirm,1
end,1
multiplied,1
its,1
concentrating,1
subject,1
outlays,1
empirical,1
significant,1
measurement,1
appraised,1
tortuous,1
obtain,1
demanding,1
has,1
editorial,1
rand,1
challenges,1
exposed,1
maintained,1
products,1
harvard,1
definitions,1
net,1
throw,1
statistics,1
goal,1
jan,1
unworkable,1
services,1
centralized,1
our,1
documented,1
spaces,1
reflect,1
question,1
than,1
formation,1
cast,1
ultimately,1
students,1
subfield,1
severe,1
immediate,1
such,1
reveals,1
quality,1
kennedy,1
chill,1
professor,1
challenging,1
past,1
since,1
follow,1
objective,1
inflation,1
against,1
spurt,1
hidden,1
camps,1
adding,1
conditions,1
authors,1
errors,1
executives,1
janous,1
de,1
author,1
beyond,1
lectures,1
lonely,1
change,1
responses,1
issn,1
ended,1
contributed,1
joined,1
general,1
richard,1
david,1
santa,1
vries,1
sense,1
viable,1
overfulfillment,1
issued,1
field,1
sputnik,1
specialists,1
so,1
function,1
theoretic,1
product,1
revolution,1
janet,1
eonomic,1
stage,1
features,1
overly,1
nine,1
computable,1
nobel,1
executions,1
obtained,1
lie,1
colleagues,1
order,1
defined,1
nep,1
kept,1
imposition,1
unsuccessfully,1
disbelief,1
midst,1
measured,1
elements,1
association,1
relations,1
increased,1
campaign,1
channeled,1
worst,1
underlying,1
calling,1
several,1
blank,1
carr,1
depend,1
refer,1
concerning,1
controllers,1
highly,1
components,1
study,1
between,1
consumer,1
depression,1
dollars,1
channels,1
young,1
correct,1
shrank,1
archival,1
libraries,1
johnson,1
coast,1
preparedfor,1
aggregates,1
find,1
debate,1
fully,1
jasny,1
landmark,1
substantial,1
consumption,1
capitalism,1
abroad,1
story,1
abram,1
looked,1
fellowship,1
results,1
describes,1
games,1
slowdown,1
fell,1
dwindling,1
robert,1
technological,1
often,1
answers,1
recent,1
joel,1
relative,1
fill,1
davies,1
evaluated,1
prizes,1
building,1
alternative,1
finds,1
sent,1
appraise,1
though,1
built,1
signals,1
laurie,1
competitive,1
bundles,1
rogers,1
