WORDCOUNTS,WEIGHT
the,999
of,684
and,440
in,354
to,280
a,226
british,166
that,141
combat,141
is,141
by,136
as,120
for,118
we,115
was,113
were,106
learning,89
ships,79
at,78
their,76
this,76
on,76
it,75
s,73
or,72
navy,72
losses,71
knowledge,69
are,69
captains,66
more,65
our,65
with,64
have,61
from,59
enemy,53
than,51
during,51
war,50
britain,49
be,48
fatalities,45
an,45
not,45
which,44
sea,44
foreign,43
period,40
years,40
strength,39
exposure,38
naval,38
no,37
time,37
see,37
fleet,36
would,36
command,36
commanders,35
had,35
data,34
but,34
also,34
measure,34
if,33
one,33
table,33
they,32
ship,32
benjamin,30
over,30
royal,28
because,28
its,28
when,28
battle,28
so,28
history,26
thus,26
intensity,26
other,25
even,25
year,25
these,25
only,25
fight,25
among,25
there,24
french,24
enemies,24
all,23
such,23
number,23
rate,22
those,22
wars,22
commander,22
given,22
doing,22
century,21
estimates,21
two,21
officers,21
fleets,21
both,21
rodger,20
navies,20
first,19
warfare,19
most,19
london,19
rates,19
cumulative,19
who,19
some,18
hazard,18
could,18
p,18
tifrea,18
success,18
text,18
column,17
dying,17
process,17
line,17
pp,17
men,17
relative,17
five,17
between,17
experience,16
dutch,16
rated,16
her,16
statistically,16
fighting,16
victory,16
variable,16
appendix,16
killed,16
world,16
although,16
english,15
fatality,15
glete,15
sail,15
any,15
each,15
vessels,15
vessel,15
before,14
possible,14
will,14
about,14
percent,14
decision,14
did,14
should,14
measures,13
into,13
american,13
battles,13
likely,13
age,13
tactics,13
revolution,13
results,13
lost,13
outcomes,13
prize,12
e,12
expected,12
how,12
higher,12
economic,12
where,12
made,12
can,12
them,12
press,12
shown,12
different,11
sources,11
regression,11
has,11
against,11
ability,11
nelson,11
his,11
performance,11
result,11
clowes,11
palmer,11
new,11
zero,11
maritime,11
effect,11
been,11
substantively,11
much,11
political,10
captured,10
david,10
incentives,10
predicted,10
up,10
ee,10
many,10
financial,10
including,10
ratio,10
firepower,10
distribution,10
captain,10
coefficient,10
early,10
columns,9
wareham,9
t,9
production,9
might,9
wooden,9
system,9
key,9
sample,9
effective,9
probability,9
means,9
win,9
university,9
sum,9
superior,9
officer,9
loss,9
value,9
second,9
action,9
same,9
figure,9
available,9
fact,9
windward,9
less,9
eighteenth,9
variables,9
times,9
regressions,9
often,9
napoleonic,9
survival,9
creswell,8
does,8
star,8
test,8
being,8
crews,8
military,8
i,8
warships,8
right,8
rather,8
warship,8
factors,8
organization,8
n,8
out,8
guns,8
spanish,8
he,8
indeed,8
yet,8
us,8
rise,8
hand,8
do,8
perhaps,8
values,8
high,8
standard,8
force,8
analysis,8
admirals,8
log,8
here,8
half,8
money,8
sunk,8
discussion,8
focus,8
way,7
hepper,7
modern,7
hence,7
long,7
england,7
advantage,7
great,7
accumulated,7
mistakes,7
journal,7
l,7
coefficients,7
weather,7
important,7
blockade,7
r,7
example,7
place,7
own,7
either,7
dependent,7
notes,7
nations,7
under,7
included,7
stronger,7
larger,7
took,7
after,7
use,7
actual,7
promotion,7
state,7
admiralty,7
spain,7
note,7
commanding,7
control,7
historical,7
past,7
whether,7
while,7
evidence,7
france,7
effects,7
era,7
little,7
estimated,6
tunstall,6
large,6
position,6
implications,6
case,6
prior,6
engage,6
due,6
mean,6
proportion,6
k,6
moreover,6
soul,6
wages,6
observations,6
view,6
cannot,6
died,6
well,6
part,6
correct,6
suggest,6
led,6
battleships,6
j,6
thornberg,6
sharply,6
flee,6
death,6
choice,6
casualties,6
john,6
discussed,6
sh,6
empirical,6
sm,6
independence,6
armed,6
share,6
then,6
growing,6
senior,6
alternative,6
post,6
combined,6
peace,6
despite,6
duty,6
predecessors,6
question,6
average,6
states,6
themselves,6
expect,5
h,5
total,5
negative,5
fractional,5
improved,5
daniel,5
determine,5
low,5
functions,5
except,5
resources,5
learned,5
review,5
estimate,5
may,5
clemson,5
opportunity,5
clearly,5
show,5
powerful,5
defeat,5
m,5
logit,5
commanded,5
opponents,5
greater,5
based,5
declined,5
economics,5
equal,5
institute,5
stock,5
future,5
heavily,5
trafalgar,5
work,5
commissioned,5
errors,5
preceded,5
successful,5
quite,5
research,5
using,5
prizes,5
sj,5
examined,5
skills,5
seventeenth,5
engaged,5
clear,5
variance,5
study,5
structure,5
engagement,5
continued,5
importantly,5
fought,5
equation,5
outcome,5
far,5
faster,5
what,5
admiral,5
produce,5
encounters,5
unaffected,5
die,5
product,5
observed,5
tournaments,4
created,4
instructions,4
considerations,4
occurred,4
concentrated,4
reasons,4
careers,4
convoy,4
sought,4
benkard,4
surely,4
unpublished,4
relatively,4
turn,4
developments,4
dates,4
constant,4
rosen,4
though,4
essential,4
patronage,4
capture,4
parentheses,4
numbers,4
impact,4
four,4
follow,4
cost,4
elasticities,4
rule,4
output,4
initial,4
martial,4
suffered,4
james,4
used,4
intense,4
brought,4
comment,4
island,4
forces,4
withstand,4
count,4
least,4
declining,4
below,4
exclude,4
several,4
decline,4
gage,4
valuable,4
airframe,4
casualty,4
reduced,4
matter,4
various,4
sl,4
strategic,4
narratives,4
published,4
paul,4
sometimes,4
similarly,4
put,4
simple,4
learn,4
model,4
michael,4
necessary,4
another,4
averaged,4
ea,4
range,4
significant,4
largely,4
annapolis,4
numerous,4
inflicted,4
finally,4
three,4
individual,4
function,4
conway,4
examine,4
sailing,4
respect,4
hill,4
arrow,4
why,4
expectations,4
sailors,4
meant,4
ensure,4
lessons,4
must,4
predictions,4
forgetting,4
md,4
continental,4
specialized,4
best,4
argue,4
lavery,4
disgrace,4
william,4
selected,4
accounts,4
theory,4
engagements,4
yt,4
vol,4
lagged,4
port,4
size,4
became,4
crew,4
jan,4
point,4
assume,4
built,4
occur,4
difficult,3
courts,3
der,3
struggle,3
later,3
implying,3
opponent,3
revolutionary,3
shipbuilding,3
unbiased,3
conducted,3
marcus,3
studies,3
motive,3
observing,3
incentive,3
lower,3
consistent,3
every,3
vols,3
knight,3
able,3
government,3
substantive,3
take,3
subsequent,3
melee,3
context,3
evaluation,3
jenkins,3
implies,3
determined,3
compelling,3
activity,3
october,3
measuring,3
europe,3
along,3
correlation,3
labor,3
hazards,3
quality,3
professor,3
september,3
wind,3
g,3
bottled,3
pay,3
decisions,3
served,3
find,3
influence,3
evenly,3
error,3
let,3
york,3
operations,3
elasticity,3
explicit,3
levels,3
grew,3
cardiff,3
cannons,3
support,3
affect,3
plus,3
crucially,3
labour,3
rapping,3
cut,3
effort,3
ocean,3
third,3
treat,3
produced,3
scale,3
record,3
gained,3
none,3
received,3
records,3
falling,3
statistics,3
stationary,3
approach,3
change,3
tom,3
next,3
small,3
june,3
highly,3
industry,3
kt,3
st,3
syrett,3
productivity,3
gort,3
binomial,3
avoid,3
periods,3
span,3
f,3
nearly,3
still,3
interpretation,3
meanwhile,3
alchian,3
opportunities,3
thought,3
fights,3
counterparts,3
sinking,3
performed,3
wright,3
si,3
largest,3
independent,3
useful,3
lewis,3
kreigsmarine,3
jeffrey,3
power,3
again,3
searle,3
addition,3
fallen,3
golden,3
never,3
covered,3
relevant,3
losing,3
ibid,3
crown,3
investment,3
postcaptains,3
enhanced,3
flees,3
increase,3
spanischen,3
tournament,3
muhlmann,3
nevertheless,3
netherlands,3
bahk,3
spent,3
arrayed,3
systems,3
become,3
land,3
dominance,3
patrol,3
penguin,3
she,3
chance,3
randomly,3
army,3
seen,3
overlap,3
harbron,3
rapidly,3
changes,3
united,3
surprising,3
months,3
itself,3
victorious,3
squadron,3
practice,3
row,3
simply,3
extensive,3
known,3
implied,3
set,3
monthly,3
capital,3
ft,3
harvest,3
particularly,3
type,3
nominal,3
terms,3
supplemented,3
aet,3
yield,3
generally,3
too,3
reported,3
through,3
republic,3
williamson,3
ranks,3
reveals,3
national,3
instead,3
d,3
bear,3
roughly,3
observation,3
charles,3
dinardo,3
strong,3
north,3
building,3
close,3
final,2
divisible,2
possessed,2
avoiding,2
culminated,2
alone,2
considerably,2
minimum,2
distributed,2
per,2
center,2
operator,2
complex,2
replaced,2
conflicts,2
afloat,2
entries,2
anchor,2
true,2
ways,2
approaches,2
favor,2
quadratic,2
earnings,2
navigational,2
behavior,2
carnage,2
accumulation,2
certainly,2
ii,2
official,2
dramatically,2
handling,2
hoffman,2
allan,2
panel,2
incessant,2
bruijn,2
differences,2
tactic,2
narrative,2
follows,2
service,2
hundred,2
court,2
real,2
harpercollins,2
damage,2
stand,2
raised,2
davids,2
somewhat,2
declines,2
takes,2
linear,2
recorded,2
king,2
knowledgeable,2
adverse,2
chapter,2
account,2
wooldridge,2
felt,2
recommended,2
international,2
powers,2
alter,2
move,2
richard,2
obvious,2
combination,2
x,2
very,2
anticipated,2
reliably,2
manuscript,2
regarding,2
conflict,2
throughout,2
roger,2
development,2
pursuit,2
tables,2
econometric,2
adopted,2
occurs,2
cumulating,2
cases,2
elements,2
perspective,2
depend,2
six,2
inclusion,2
allowing,2
avidly,2
compare,2
weight,2
drawn,2
vice,2
dispensing,2
master,2
lyon,2
cameron,2
quarterdeck,2
poor,2
parity,2
interesting,2
authority,2
whose,2
reflects,2
without,2
seaman,2
edited,2
jervis,2
subperiods,2
notion,2
knew,2
killing,2
goes,2
risk,2
supplement,2
importance,2
assuming,2
pages,2
navigation,2
rank,2
gratefully,2
enabled,2
summarized,2
consequences,2
onwards,2
accomplishing,2
nor,2
trivedi,2
source,2
improvement,2
statistical,2
established,2
image,2
minford,2
proved,2
driven,2
just,2
days,2
god,2
weak,2
textile,2
efficient,2
cotton,2
inflicting,2
permanent,2
imminent,2
dominant,2
helped,2
strategy,2
armen,2
decades,2
midshipman,2
skewed,2
closely,2
carrying,2
found,2
aristocratic,2
seven,2
patrick,2
objectives,2
demands,2
events,2
sanderson,2
longitude,2
manning,2
punishment,2
late,2
further,2
lethal,2
leonard,2
required,2
bow,2
improve,2
almost,2
sharpening,2
basis,2
honors,2
strengths,2
apparent,2
positions,2
ten,2
literature,2
gave,2
quadrant,2
discussions,2
reduces,2
earn,2
kpmg,2
cubic,2
merchantmen,2
merchant,2
won,2
status,2
sink,2
good,2
level,2
stage,2
reliable,2
arbitrary,2
emerging,2
intervals,2
errantly,2
separately,2
few,2
executed,2
observe,2
lazear,2
choosing,2
distinguished,2
yielded,2
philip,2
progress,2
scolar,2
paid,2
crime,2
provided,2
mahan,2
critical,2
aristocracy,2
onset,2
contact,2
incorrect,2
brian,2
subject,2
others,2
acknowledged,2
greatness,2
reorganization,2
april,2
allen,2
slower,2
indicates,2
experiences,2
drilled,2
discern,2
religious,2
innovation,2
conventional,2
convictions,2
once,2
relied,2
museum,2
reference,2
makes,2
technology,2
neither,2
perceived,2
unwin,2
participants,2
victories,2
complete,2
keeping,2
robust,2
noted,2
underway,2
chose,2
fellow,2
fell,2
height,2
added,2
efforts,2
shows,2
longer,2
unparalleled,2
fundamental,2
et,2
lieutenant,2
potentially,2
developed,2
enable,2
manifested,2
victualing,2
excluding,2
conclusions,2
enough,2
promoted,2
likelihood,2
napoleon,2
increases,2
vanquished,2
existing,2
execution,2
til,2
material,2
wartime,2
cdsh,2
books,2
compelled,2
thousands,2
analyzed,2
greatest,2
investigated,2
divided,2
absl,2
survive,2
chiefly,2
upon,2
israel,2
sides,2
assumption,2
factor,2
aside,2
nothing,2
option,2
improvements,2
trade,2
explorations,2
comprehensive,2
recognize,2
august,2
christopher,2
promotions,2
spread,2
general,2
creating,2
played,2
obtained,2
earlier,2
lose,2
construct,2
compute,2
accordingly,2
january,2
story,2
hope,2
brown,2
culmination,2
increasing,2
hawke,2
carried,2
yields,2
poisson,2
deck,2
kenneth,2
crucial,2
practical,2
begin,2
fewer,2
widespread,2
binary,2
predict,2
jaap,2
sobel,2
responsible,2
fall,2
centuries,2
investigate,2
issue,2
detail,2
genius,2
magnitude,2
associated,2
ranging,2
protracted,2
comes,2
determinants,2
entry,2
sweden,2
imprecision,2
readily,2
december,2
commission,2
historians,2
believe,2
albeit,2
laird,2
administer,2
returns,2
allied,2
goods,2
embodiment,2
reflected,2
examining,2
section,2
february,2
merely,2
lanier,2
better,2
evident,2
anca,2
suffering,2
according,2
economy,2
rose,2
passed,2
lengths,2
optimized,2
balance,2
information,2
missed,2
suggests,2
residuals,2
fundamentally,2
stern,2
boston,2
circumstances,2
toulon,2
decisive,2
recommendations,2
programs,2
ever,2
sank,2
think,2
byrn,2
cowardice,2
devoted,2
until,2
difference,2
solely,2
cambridge,2
nile,2
conditions,2
reversed,2
harm,2
fatal,2
typically,2
smaller,2
defined,2
area,2
brest,2
association,2
increased,2
summary,2
maintaining,2
offered,2
specific,2
potential,2
safeguard,2
rest,2
last,2
c,2
greenwich,2
succeeded,2
substantial,2
element,2
decomposing,2
entire,2
compensation,2
duration,2
seek,2
major,2
retention,2
keep,2
hypothesis,2
admirably,1
sufficiently,1
nicholas,1
go,1
now,1
decentralized,1
wishful,1
mostly,1
o,1
done,1
accidents,1
combatant,1
doubts,1
alumni,1
sussex,1
haddock,1
edge,1
common,1
decreasing,1
meaning,1
sevenvolume,1
dictate,1
centering,1
suggested,1
mariner,1
commitment,1
ready,1
europeans,1
represent,1
career,1
market,1
credibility,1
affected,1
flagships,1
resulted,1
perfection,1
northeast,1
ultimate,1
introduction,1
notably,1
evans,1
former,1
perc,1
unsuccessful,1
told,1
needed,1
judged,1
conquering,1
hay,1
systematically,1
karel,1
elaborated,1
properly,1
ma,1
informative,1
demurred,1
live,1
transform,1
usefully,1
motivation,1
rewards,1
bias,1
jonathan,1
ushant,1
mit,1
conscious,1
ardent,1
hannay,1
realities,1
weaker,1
protection,1
western,1
easily,1
minor,1
title,1
debacle,1
em,1
instance,1
ae,1
chased,1
exceptions,1
nominally,1
induced,1
edu,1
contested,1
track,1
descriptions,1
hayward,1
eager,1
koln,1
chief,1
suppose,1
themes,1
std,1
said,1
disgraced,1
highlighted,1
defeated,1
fraction,1
else,1
tracy,1
lightly,1
modest,1
invention,1
nto,1
concur,1
preceding,1
creation,1
progressed,1
interests,1
setting,1
entailed,1
scientific,1
hypothermia,1
give,1
taken,1
enables,1
address,1
rapid,1
attempt,1
expectation,1
promoting,1
referees,1
nature,1
supplied,1
altering,1
confirmed,1
tactically,1
seaworthy,1
textiles,1
down,1
suggesting,1
accompanied,1
inflict,1
thank,1
cumulated,1
timing,1
vienna,1
producing,1
achievement,1
aircraft,1
closer,1
reveal,1
resulting,1
econometrica,1
slots,1
achieved,1
dev,1
failures,1
analogue,1
shoals,1
written,1
date,1
miles,1
trouble,1
freshly,1
tv,1
reserved,1
normal,1
advantages,1
coordinated,1
alike,1
signs,1
hostile,1
visibility,1
worldwide,1
papers,1
designs,1
seminar,1
side,1
globe,1
preventing,1
hell,1
interpolating,1
jane,1
escort,1
peachtree,1
seufert,1
verlag,1
rigby,1
weakened,1
referee,1
task,1
draws,1
prone,1
firm,1
america,1
discuss,1
victims,1
addresses,1
design,1
marked,1
delivering,1
concentrating,1
overdispersion,1
condition,1
speeding,1
characterize,1
drive,1
taxation,1
vital,1
certifying,1
wien,1
disadvantage,1
mental,1
headed,1
conceptual,1
eliminating,1
erred,1
cited,1
painfully,1
monitoring,1
investing,1
himself,1
facto,1
writing,1
chronic,1
fiercely,1
measurement,1
urging,1
illustrating,1
exposed,1
cruisers,1
succeed,1
human,1
central,1
barbary,1
counterfactual,1
professionalism,1
frigate,1
obtains,1
explained,1
component,1
severe,1
facts,1
difficulties,1
dynamics,1
reject,1
run,1
approximation,1
since,1
faced,1
chooses,1
interior,1
stakes,1
silent,1
machine,1
de,1
sailor,1
interest,1
caird,1
janet,1
gun,1
decided,1
quantifying,1
jr,1
noncommissioned,1
nurtured,1
theoretic,1
ds,1
employing,1
extensively,1
forced,1
supposes,1
understates,1
touched,1
weaknesses,1
hold,1
thereof,1
candidates,1
defense,1
self,1
glory,1
clustering,1
fielding,1
freed,1
sized,1
uniformly,1
back,1
bloody,1
withdraw,1
speed,1
hopefully,1
response,1
columbia,1
extraordinary,1
suitable,1
riches,1
compared,1
characterized,1
left,1
continuous,1
twice,1
witnessed,1
monopolization,1
publications,1
helpful,1
rebuild,1
unequivocally,1
ips,1
y,1
grouped,1
instruments,1
ingredient,1
details,1
oversimplify,1
european,1
strengthening,1
formative,1
rigors,1
delivered,1
scheveningen,1
generation,1
unskilled,1
adjust,1
intuition,1
undisputed,1
wales,1
mentoring,1
industries,1
jean,1
finances,1
van,1
interpolation,1
drained,1
rights,1
behave,1
downwind,1
assessed,1
displacement,1
weapon,1
supremacy,1
colin,1
wishes,1
ably,1
finish,1
lt,1
act,1
subjected,1
observers,1
devastating,1
distinction,1
bring,1
mattered,1
main,1
absent,1
reorganisation,1
across,1
centered,1
essence,1
remain,1
farthest,1
aggressive,1
influential,1
weighted,1
af,1
culminating,1
pause,1
refine,1
pb,1
stranger,1
suffer,1
iae,1
determining,1
granted,1
associate,1
lag,1
sarah,1
similar,1
direct,1
huge,1
serial,1
doubted,1
matched,1
adversaries,1
lay,1
essentials,1
risks,1
characterizes,1
howe,1
reputations,1
shell,1
slope,1
firing,1
rising,1
maneuverable,1
settled,1
statistic,1
postcaptain,1
georgian,1
notwithstanding,1
consider,1
broadside,1
flexibility,1
intercept,1
familiar,1
intensive,1
organized,1
foul,1
devoting,1
underlying,1
leaves,1
wins,1
butcher,1
dominate,1
placed,1
sensibly,1
shore,1
quarters,1
w,1
presumed,1
commonly,1
experienced,1
origins,1
encouragement,1
storm,1
beyond,1
followed,1
subsamples,1
ideally,1
problems,1
signaling,1
reconsideration,1
method,1
destructive,1
zealous,1
wellmaintained,1
providing,1
constitution,1
allies,1
atlanta,1
union,1
whereas,1
legislative,1
problem,1
formidable,1
came,1
game,1
lead,1
cd,1
inequality,1
horatio,1
histories,1
demise,1
reestimated,1
called,1
ak,1
bitches,1
attack,1
archibald,1
aakt,1
decisiveness,1
scotland,1
shared,1
pass,1
criticisms,1
monitor,1
radical,1
requirements,1
carolina,1
hamper,1
noting,1
endeavor,1
gunnery,1
attenuated,1
fuel,1
im,1
superannuation,1
equally,1
supporters,1
traced,1
shall,1
precipitate,1
earliest,1
squadrons,1
block,1
redirect,1
honed,1
bore,1
viewed,1
promise,1
eternally,1
otherwise,1
however,1
yyh,1
bohlau,1
crewman,1
belljournal,1
triumph,1
unchallenged,1
influenced,1
sighted,1
preparations,1
failure,1
directly,1
carronade,1
episode,1
correctly,1
accomplishment,1
steep,1
decks,1
spiro,1
outperformed,1
setbacks,1
distinguish,1
claim,1
unless,1
eh,1
teyt,1
characterization,1
advancement,1
crude,1
appreciable,1
materialize,1
training,1
reduction,1
gabbard,1
supreme,1
routinely,1
consistently,1
northwest,1
references,1
literally,1
flight,1
contains,1
concentrate,1
round,1
fruitful,1
earhart,1
structures,1
reflect,1
employed,1
believes,1
ultimately,1
systematic,1
sutton,1
entails,1
flatter,1
showing,1
interpreted,1
foes,1
naraidoo,1
tempered,1
cologne,1
trends,1
markedly,1
trate,1
solidifying,1
descriptor,1
numerically,1
prices,1
stockholm,1
pravin,1
social,1
ratios,1
sense,1
indicator,1
caused,1
hard,1
regardless,1
responsibility,1
lowest,1
tested,1
politically,1
contrast,1
disembodiment,1
mediterranean,1
midst,1
boudriot,1
event,1
involved,1
specifically,1
around,1
proximate,1
sufficient,1
choose,1
exigencies,1
acts,1
decentralization,1
essentially,1
carrier,1
impossible,1
always,1
barely,1
tracks,1
necessity,1
enormously,1
structured,1
feasible,1
lore,1
marston,1
skill,1
swings,1
increments,1
macdonald,1
moved,1
aggregate,1
sporadic,1
massive,1
geographical,1
activities,1
promising,1
mechanism,1
seemed,1
society,1
anson,1
survived,1
provisioned,1
transforming,1
south,1
therefore,1
noteworthy,1
atifrea,1
role,1
hegemony,1
variety,1
absence,1
elimination,1
curves,1
logistical,1
contingent,1
injuring,1
turns,1
overall,1
labeled,1
comparative,1
limited,1
deadly,1
return,1
wait,1
classic,1
transition,1
fruit,1
reinforcements,1
renewed,1
posed,1
benefiting,1
cordingly,1
reduce,1
prove,1
suggestion,1
make,1
bill,1
flag,1
comments,1
commodore,1
unprecedented,1
initially,1
backdrop,1
abrupt,1
airframes,1
selection,1
lieutenants,1
spectacular,1
single,1
dockyards,1
guide,1
oxford,1
elapsed,1
turmoil,1
outperform,1
victor,1
violence,1
tremendous,1
gloom,1
recommendation,1
rules,1
accident,1
marginal,1
offensive,1
serve,1
soon,1
east,1
continuity,1
chatham,1
quantify,1
formally,1
tariff,1
compiled,1
nonswimming,1
ruthira,1
commoner,1
subset,1
lone,1
publishing,1
assistance,1
collectively,1
lord,1
dougan,1
experiment,1
qualitative,1
costs,1
inconclusive,1
department,1
truncate,1
reliance,1
lined,1
increasingly,1
dpb,1
ambiguities,1
hallmark,1
present,1
comparably,1
nonstationary,1
stemmed,1
resolution,1
fire,1
california,1
reassuring,1
law,1
multiplying,1
unremitting,1
approaching,1
accumulates,1
toll,1
traceable,1
lack,1
diminishing,1
aldershot,1
conduct,1
head,1
fleeing,1
distracted,1
newfoundland,1
exam,1
clarendon,1
documented,1
agree,1
documents,1
match,1
crush,1
unilaterally,1
insular,1
isolate,1
vernon,1
grows,1
end,1
foe,1
airplanes,1
identical,1
distributions,1
manned,1
arguably,1
imperfect,1
man,1
beliefs,1
serious,1
honor,1
channel,1
ruler,1
reasonable,1
geography,1
corps,1
seamanship,1
keys,1
substantially,1
refrain,1
ensured,1
income,1
muster,1
vulnerable,1
answer,1
strategies,1
jahrhundert,1
cojuc,1
misconduct,1
nigel,1
remarked,1
akt,1
distance,1
threats,1
gives,1
counterpart,1
shifts,1
explicitly,1
heed,1
recommend,1
smallest,1
fled,1
hardwon,1
convenient,1
remained,1
argues,1
calculation,1
sir,1
original,1
demonstrated,1
matrix,1
recognizing,1
understanding,1
exhibit,1
meaningful,1
encounter,1
examples,1
considering,1
effectiveness,1
observable,1
alliance,1
explanation,1
shipboard,1
helps,1
recording,1
reestimating,1
previously,1
selfinterests,1
sixth,1
depended,1
billy,1
clustered,1
versa,1
indecisive,1
ruthless,1
encouraged,1
findings,1
entirely,1
denies,1
hypotheses,1
prevailed,1
speedy,1
emphasize,1
refers,1
causes,1
lanes,1
engaging,1
evolution,1
maturation,1
individuals,1
examination,1
specifies,1
full,1
bodied,1
gunlock,1
hamstrung,1
hardened,1
complicated,1
optimistic,1
atrophying,1
theoretical,1
fused,1
legs,1
futile,1
open,1
discovered,1
deduce,1
reality,1
emphasizing,1
authors,1
b,1
wahoo,1
hampered,1
mt,1
agreement,1
points,1
feature,1
health,1
peter,1
faces,1
aeronautical,1
co,1
issn,1
fresh,1
held,1
pride,1
defensive,1
physics,1
allowed,1
started,1
external,1
like,1
crushing,1
rewarded,1
summer,1
optimum,1
him,1
features,1
collected,1
ended,1
administrative,1
devise,1
filled,1
provides,1
presaged,1
finite,1
decide,1
honorary,1
facing,1
comparing,1
include,1
internal,1
computed,1
greatly,1
symmetric,1
hierarchical,1
enjoyed,1
fluke,1
assistants,1
implication,1
contracts,1
blockaders,1
saw,1
commence,1
insignificant,1
evaluated,1
attention,1
decay,1
unrelated,1
competed,1
concluded,1
supplemental,1
concerted,1
anatomy,1
ours,1
modernized,1
entitled,1
seasons,1
fifty,1
dawn,1
tests,1
extracted,1
entail,1
autumn,1
imply,1
aid,1
declaration,1
today,1
belonged,1
raise,1
sealed,1
fairly,1
george,1
kh,1
usually,1
battled,1
program,1
pieces,1
unwarranted,1
dashed,1
institutions,1
upgrade,1
referred,1
directing,1
modified,1
rolf,1
returned,1
effectively,1
dent,1
remaining,1
inadequate,1
expert,1
length,1
compiling,1
spanning,1
life,1
sharp,1
efficiency,1
construction,1
norton,1
ward,1
inferior,1
loglikelihood,1
types,1
ebb,1
instances,1
get,1
face,1
mirror,1
rises,1
stable,1
vastly,1
addressed,1
quantitative,1
school,1
sampson,1
seriously,1
shadow,1
thinking,1
almqvist,1
specification,1
cromwell,1
series,1
comparison,1
principles,1
mercantile,1
disgruntled,1
extending,1
officially,1
bozeman,1
detect,1
damaging,1
bonaparte,1
midshipmen,1
precise,1
thousand,1
kemp,1
skillful,1
treats,1
physical,1
solved,1
generic,1
sciences,1
organizational,1
offers,1
sustained,1
quickly,1
replace,1
floating,1
flow,1
dominated,1
extant,1
rear,1
illuminate,1
shares,1
expenditures,1
worth,1
inclined,1
llp,1
sizes,1
openings,1
wiksell,1
interested,1
innovations,1
seem,1
board,1
authorities,1
regard,1
visiting,1
loyalty,1
feed,1
eventually,1
foundation,1
presumably,1
job,1
sc,1
countering,1
infer,1
crucible,1
differed,1
going,1
accepts,1
enlarged,1
disputes,1
passage,1
advances,1
hint,1
following,1
beginning,1
outlook,1
blowing,1
vary,1
transmitted,1
form,1
namely,1
malaise,1
making,1
coast,1
plants,1
varying,1
character,1
asymptotic,1
emblems,1
inputs,1
mere,1
ruin,1
extent,1
incompetence,1
fully,1
getting,1
local,1
require,1
rewrite,1
mercantilist,1
emphasis,1
threat,1
focused,1
royen,1
popular,1
presented,1
careful,1
gradual,1
affecting,1
introduced,1
drowning,1
certification,1
capitalizing,1
alternatives,1
confirm,1
easy,1
paribus,1
ruffian,1
waning,1
techniques,1
tried,1
impose,1
sitting,1
situated,1
ignorant,1
went,1
com,1
extended,1
target,1
lucassen,1
bloomfield,1
summarizes,1
cojoc,1
pepys,1
mention,1
maintained,1
firms,1
concenlearning,1
precision,1
remarks,1
prepared,1
come,1
intent,1
formation,1
dava,1
annihilation,1
unable,1
sailed,1
joel,1
generate,1
similarity,1
twentieth,1
institutional,1
write,1
samuel,1
cemented,1
aware,1
tactical,1
mindful,1
course,1
offer,1
joined,1
actively,1
hone,1
presumes,1
correlated,1
define,1
blockaded,1
regressor,1
constructed,1
discernable,1
willingness,1
scanty,1
forming,1
discounted,1
await,1
measured,1
shift,1
speak,1
campaign,1
backers,1
tipped,1
anonymous,1
endeavors,1
doru,1
apart,1
collective,1
teenth,1
ensuring,1
aboard,1
consisted,1
say,1
irrelevant,1
pool,1
oceans,1
bentley,1
maximum,1
exclusively,1
develop,1
treating,1
battlefleet,1
counts,1
recent,1
famous,1
cross,1
ga,1
roles,1
draft,1
depreciation,1
ceteris,1
costly,1
