WORDCOUNTS,WEIGHT
the,497
of,253
in,199
and,161
unemployment,156
for,94
black,87
to,81
a,63
rates,59
is,53
workers,51
were,49
that,47
south,46
on,45
blacks,44
by,42
racial,41
depression,37
labor,35
cities,34
whites,33
as,32
white,31
with,30
gap,30
occupations,30
new,30
census,29
during,27
north,26
was,25
employment,24
urban,24
discrimination,24
than,24
women,22
are,22
s,22
great,22
differences,22
jobs,22
have,21
higher,20
table,20
negro,20
market,19
from,19
be,18
an,18
more,17
between,17
effect,17
or,16
all,16
which,16
economic,15
pp,15
occupational,15
had,15
occupation,15
work,15
regions,15
race,15
rate,14
not,14
unemployed,14
composition,14
men,14
less,14
u,14
difference,14
this,14
large,13
report,13
vol,13
sample,13
southern,12
class,12
i,12
see,12
it,11
skilled,11
but,11
negroes,11
wage,11
at,11
three,11
would,11
york,10
within,10
males,10
policies,10
both,10
percent,10
even,10
may,9
if,9
been,9
gainful,9
two,9
bureau,9
lower,9
other,9
deal,9
layoffs,9
number,9
ross,9
average,9
northern,9
much,9
among,9
force,8
b,8
experience,8
consistent,8
job,8
population,8
some,8
data,8
sundstrom,8
results,8
statistics,8
central,8
such,8
national,8
evidence,8
although,8
journal,8
relative,8
consists,7
measure,7
females,7
included,7
fifteenth,7
areas,7
p,7
rural,7
well,7
variables,7
status,7
percentage,7
those,7
service,6
they,6
sex,6
history,6
total,6
same,6
migration,6
these,6
only,6
also,6
social,6
ratio,6
could,6
survey,6
relief,6
given,6
x,6
city,6
ten,6
variable,6
especially,6
temporary,6
industry,6
can,6
seeking,6
substantial,6
so,6
unskilled,6
distribution,5
states,5
observations,5
discriminatory,5
no,5
april,5
measures,5
proportion,5
suggests,5
importance,5
their,5
american,5
united,5
wolters,5
league,5
dc,5
wright,5
first,5
each,5
significantly,5
different,5
economics,5
government,5
full,5
when,5
worker,5
before,5
there,5
decomposition,5
causes,5
craft,5
unions,5
explanation,5
region,5
role,5
human,5
thus,5
differential,5
dummy,5
washington,5
points,5
relatively,5
effects,5
shulman,5
characteristics,5
chicago,5
january,5
partial,5
whatley,5
should,5
where,4
margo,4
relationship,4
female,4
growth,4
considerably,4
one,4
analysis,4
security,4
east,4
into,4
coefficients,4
published,4
important,4
larger,4
might,4
displacement,4
board,4
capital,4
atlantic,4
pattern,4
markets,4
regression,4
heads,4
selected,4
because,4
west,4
almost,4
used,4
likely,4
household,4
qualified,4
use,4
includes,4
employed,4
due,4
least,4
employer,4
period,4
myrdal,4
smaller,4
darby,4
family,4
specific,4
races,4
tended,4
employers,4
notes,4
aggregate,4
separate,4
final,3
suggest,3
rights,3
reflects,3
clara,3
costs,3
taken,3
fairly,3
rather,3
dilemma,3
observers,3
populations,3
contraction,3
uw,3
special,3
federal,3
category,3
modern,3
many,3
considered,3
university,3
presumably,3
warren,3
without,3
already,3
regional,3
denominator,3
nra,3
sources,3
concentrated,3
j,3
my,3
steven,3
concentration,3
competitive,3
did,3
half,3
educated,3
out,3
able,3
becker,3
contemporary,3
essentially,3
dec,3
last,3
state,3
equally,3
codes,3
somewhat,3
economy,3
form,3
persons,3
cannot,3
suffered,3
explain,3
problem,3
presented,3
range,3
cayton,3
r,3
part,3
including,3
minimum,3
controlling,3
whole,3
hypotheses,3
largely,3
using,3
segregation,3
winter,3
million,3
subsample,3
against,3
health,3
held,3
santa,3
dramatic,3
high,3
old,3
mitchell,3
formal,3
employees,3
six,3
qualifications,3
early,3
up,3
usa,3
surveys,3
figures,3
recent,3
regressions,3
gavin,3
periods,2
shorter,2
interesting,2
philadelphia,2
forces,2
century,2
various,2
sitkoff,2
mislaid,2
across,2
pittsburgh,2
how,2
levels,2
who,2
represented,2
adopted,2
strongly,2
entirely,2
emergency,2
civil,2
birmingham,2
lay,2
about,2
nonwhite,2
columns,2
listed,2
picking,2
paper,2
support,2
cleveland,2
older,2
favor,2
joseph,2
earnings,2
decade,2
dewey,2
comparisons,2
protect,2
discouraged,2
backsliding,2
retained,2
occurred,2
holding,2
then,2
any,2
light,2
associated,2
wallis,2
growing,2
numbers,2
impact,2
welfare,2
arguing,2
colored,2
affects,2
argued,2
conclusive,2
steel,2
follow,2
disaggregated,2
either,2
sector,2
shed,2
enumerative,2
generally,2
consequence,2
few,2
firms,2
schooling,2
alternative,2
houston,2
set,2
equation,2
disproportionately,2
detroit,2
others,2
actual,2
worked,2
primarily,2
control,2
taking,2
working,2
whereas,2
greater,2
smith,2
paternalism,2
standards,2
whom,2
available,2
assess,2
spero,2
entered,2
reasons,2
loyalty,2
cures,2
services,2
time,2
seven,2
particularly,2
clearly,2
aug,2
arthur,2
reflected,2
take,2
reflect,2
zero,2
appeared,2
late,2
patterns,2
hand,2
do,2
tenth,2
present,2
robert,2
william,2
political,2
poverty,2
unlikely,2
explanations,2
war,2
appears,2
vulnerable,2
michael,2
orleans,2
nul,2
gender,2
however,2
withinoccupation,2
harris,2
mere,2
required,2
has,2
historians,2
public,2
structure,2
getting,2
locations,2
agriculture,2
bureaucratic,2
degree,2
alston,2
losses,2
explored,2
information,2
participation,2
prior,2
classes,2
understanding,2
casual,2
condition,2
size,2
probably,2
middle,2
background,2
industrial,2
made,2
little,2
upon,2
practice,2
protected,2
fired,2
fared,2
looking,2
still,2
department,2
louis,2
reports,2
exceeded,2
manhattan,2
categories,2
d,2
substantially,2
manufacturing,2
layoff,2
jensen,2
net,2
check,2
review,2
dismissed,2
canvas,2
goldin,2
clearing,2
severe,2
argument,2
nonwhites,2
years,2
dynamics,2
since,2
finding,2
exclusion,2
twentieth,2
tables,2
institutional,2
author,2
rapidly,2
forgotten,2
sense,2
started,2
perverse,2
level,2
hard,2
tight,2
insisted,2
pay,2
features,2
term,2
played,2
hired,2
next,2
unwilling,2
subsamples,2
defined,2
off,2
after,2
ferrie,2
quite,2
ranged,2
small,2
why,2
times,2
several,2
comparing,2
replace,2
second,2
research,2
attributable,2
c,2
compared,2
third,2
commission,2
competition,2
identify,2
st,2
entire,2
slowdown,2
provided,2
skill,2
auto,2
ub,2
attention,2
close,2
vickery,2
occur,2
industries,1
increasing,1
newer,1
model,1
things,1
heteroscedasticity,1
opposed,1
parity,1
lowskilled,1
customers,1
related,1
sentiment,1
waiters,1
slowed,1
o,1
reliefjobs,1
americans,1
replacing,1
exhibit,1
demand,1
mitigate,1
heightened,1
absence,1
residual,1
residing,1
estimated,1
way,1
act,1
george,1
adopt,1
indicated,1
mattered,1
identified,1
usually,1
democracy,1
tabulated,1
aimed,1
covariates,1
preference,1
relieving,1
f,1
faced,1
activists,1
stop,1
created,1
remain,1
edward,1
snapshot,1
rough,1
hill,1
limited,1
basic,1
begin,1
affected,1
randomly,1
hire,1
regard,1
episodes,1
brief,1
findings,1
intercept,1
male,1
capture,1
bulletin,1
extreme,1
success,1
contrary,1
nondiscriminatory,1
above,1
over,1
bias,1
mar,1
determining,1
make,1
worse,1
assignments,1
xl,1
persistent,1
comments,1
expect,1
certain,1
paradoxically,1
movement,1
registered,1
covering,1
nonparametrically,1
expectation,1
suspecting,1
diss,1
hold,1
greatest,1
systematically,1
positive,1
kinds,1
often,1
responsible,1
conventional,1
construction,1
existed,1
values,1
consequences,1
factors,1
virtually,1
pacific,1
joshua,1
education,1
ones,1
yet,1
interpretation,1
puzzles,1
situation,1
reason,1
itself,1
opportunities,1
pressures,1
remains,1
involuntary,1
tenures,1
thought,1
notwithstanding,1
affect,1
meant,1
servants,1
source,1
flexibility,1
fij,1
protection,1
improvement,1
assistant,1
presents,1
organized,1
james,1
encourage,1
magnitude,1
emergence,1
sexes,1
informal,1
section,1
elsewhere,1
action,1
professor,1
linearly,1
senior,1
xij,1
series,1
indicating,1
words,1
reviewed,1
collective,1
turning,1
according,1
four,1
agricultural,1
show,1
mitigated,1
fluctuations,1
simply,1
predominantly,1
framework,1
noted,1
hypothesized,1
tabulation,1
additional,1
approximate,1
averaging,1
pace,1
based,1
implied,1
explaining,1
observation,1
double,1
constructed,1
lee,1
willingness,1
long,1
worst,1
ui,1
actually,1
bernstein,1
racially,1
fire,1
commonly,1
idle,1
willing,1
setting,1
column,1
hit,1
bulk,1
m,1
give,1
vigorously,1
coincide,1
providing,1
motor,1
cut,1
treatment,1
advocated,1
view,1
bricklaying,1
appear,1
arrival,1
varies,1
dominated,1
l,1
emerged,1
experienced,1
country,1
england,1
active,1
nature,1
uses,1
lacked,1
skills,1
reversal,1
dramatically,1
engaged,1
fact,1
december,1
shows,1
company,1
wars,1
premise,1
suffer,1
allow,1
sections,1
declined,1
assertion,1
suggesting,1
overall,1
method,1
found,1
strongholds,1
here,1
traditionally,1
intended,1
widening,1
thank,1
domestic,1
potentially,1
producing,1
manifested,1
issue,1
hence,1
john,1
downturn,1
ph,1
discharges,1
constraint,1
constant,1
historical,1
considerable,1
complete,1
automobiles,1
employee,1
removal,1
representative,1
decompositions,1
none,1
strength,1
advances,1
places,1
ages,1
conclusions,1
took,1
date,1
controlled,1
racist,1
following,1
likelihood,1
reserved,1
hardened,1
though,1
equal,1
covered,1
cuts,1
gary,1
burden,1
intensity,1
competitors,1
purposes,1
protections,1
existing,1
voluntarily,1
postal,1
context,1
require,1
them,1
residential,1
horace,1
references,1
pick,1
hides,1
estimate,1
particular,1
character,1
interventions,1
placed,1
dislocations,1
volatile,1
sessions,1
feb,1
existence,1
attitudes,1
ford,1
contention,1
trade,1
gaps,1
plausible,1
nber,1
exemptions,1
captures,1
gives,1
ladder,1
always,1
shifts,1
near,1
deficit,1
albany,1
assessing,1
aspects,1
failure,1
argues,1
eij,1
account,1
having,1
uneven,1
unequal,1
views,1
sterling,1
felt,1
emphasis,1
possible,1
private,1
referred,1
mandatory,1
afforded,1
corresponding,1
incidence,1
intense,1
excluding,1
skepticism,1
worsening,1
received,1
treated,1
worth,1
closer,1
move,1
richard,1
regressor,1
unquestionably,1
limitations,1
claim,1
calculated,1
sept,1
concept,1
disadvantage,1
ladders,1
say,1
very,1
competing,1
enormous,1
revolutions,1
reserve,1
calls,1
edn,1
bottom,1
became,1
november,1
aged,1
samples,1
equivalent,1
its,1
worsen,1
top,1
description,1
attempts,1
went,1
prevented,1
unit,1
freedom,1
discussions,1
emphasize,1
conversely,1
cited,1
families,1
interestingly,1
warranted,1
clients,1
prominently,1
harvard,1
adverse,1
trend,1
goal,1
jan,1
westport,1
accommodate,1
sick,1
contrasts,1
individuals,1
seniority,1
throughout,1
suppressed,1
recovery,1
focuses,1
annual,1
rosenbloom,1
collapse,1
strikingly,1
question,1
issues,1
wxij,1
theories,1
relationships,1
gunnar,1
uijb,1
spring,1
practices,1
grant,1
explained,1
unable,1
low,1
explorations,1
own,1
run,1
observed,1
donald,1
count,1
bumping,1
errors,1
finally,1
accept,1
scarce,1
restrictions,1
picture,1
detailed,1
widen,1
issn,1
offer,1
general,1
individual,1
instead,1
punctuated,1
grown,1
uijw,1
commerce,1
correlated,1
gauged,1
issued,1
critics,1
helpful,1
conducted,1
below,1
diminish,1
negligible,1
pronounced,1
summer,1
meeting,1
seemingly,1
reliable,1
division,1
integration,1
collected,1
arrivals,1
distinction,1
leavey,1
mountain,1
kind,1
counted,1
contrast,1
attempted,1
households,1
plausibility,1
routes,1
extremely,1
officials,1
distinct,1
association,1
involved,1
ct,1
latter,1
increased,1
better,1
never,1
educational,1
today,1
sufficient,1
random,1
june,1
include,1
remarking,1
contract,1
article,1
dealfor,1
vector,1
typically,1
chapel,1
suggested,1
handbook,1
interdisciplinary,1
narrow,1
minus,1
assa,1
contact,1
seems,1
claudia,1
exactly,1
twice,1
examine,1
lists,1
enlightened,1
excluded,1
assigning,1
find,1
sharing,1
like,1
trades,1
enumerated,1
progress,1
analyze,1
decomposing,1
abram,1
look,1
controls,1
focus,1
prohibiting,1
paid,1
world,1
counts,1
apparently,1
stagnation,1
raymond,1
classified,1
nothing,1
building,1
outright,1
bottomed,1
ca,1
resources,1
coal,1
massive,1
negative,1
activities,1
error,1
cliometric,1
costly,1
increase,1
society,1
moreover,1
standard,1
hypothesis,1
