WORDCOUNTS,WEIGHT
the,199
of,127
in,52
to,40
and,38
a,28
was,24
for,17
this,16
diet,14
with,13
is,11
not,11
were,11
an,11
orphanage,11
by,10
that,10
both,10
it,9
as,9
from,8
children,8
institution,8
at,7
they,7
mortality,7
more,7
dutch,7
been,6
one,6
their,6
meat,6
s,6
orphans,6
income,6
regents,6
have,6
consumption,6
calories,6
economic,5
charitable,5
but,5
only,5
amsterdam,5
do,5
purchase,5
well,5
on,5
percent,5
indeed,4
how,4
study,4
total,4
these,4
my,4
there,4
burgerweeshuis,4
vitamin,4
city,4
despite,4
its,4
thus,4
which,4
than,4
years,4
times,4
century,4
between,4
even,4
republic,3
demand,3
commitment,3
market,3
large,3
moreover,3
summaries,3
welfare,3
most,3
two,3
social,3
also,3
all,3
dissertations,3
did,3
time,3
rye,3
products,3
luxury,3
c,3
never,3
staff,3
has,3
while,3
expensive,3
boys,3
data,3
received,3
part,3
food,3
such,3
although,3
allowed,3
period,3
provided,3
function,3
second,2
adequate,2
no,2
needy,2
institutions,2
independence,2
community,2
still,2
reflection,2
class,2
bread,2
dairy,2
centuries,2
when,2
changes,2
paradox,2
modern,2
dissertation,2
or,2
seems,2
management,2
into,2
emergence,2
then,2
girls,2
same,2
charity,2
first,2
consistent,2
nutritional,2
provision,2
rather,2
important,2
respectable,2
spend,2
over,2
orphan,2
standards,2
other,2
seem,2
capitalist,2
elasticities,2
could,2
foods,2
daily,2
predominant,2
half,2
peaks,2
particularly,2
larger,2
found,2
basket,2
composition,2
contemporary,2
i,2
last,2
those,2
ironically,2
cultural,2
focused,2
what,2
economy,2
seventeenth,2
them,2
population,2
less,2
issue,2
maintain,2
public,2
capacity,2
property,2
generally,2
recommended,2
urban,2
travel,2
middle,2
completed,2
eighteenth,2
wheat,2
through,2
household,2
budget,2
use,2
issues,2
records,2
devoted,2
average,2
change,2
price,2
below,2
ability,2
suggest,2
expected,2
prosperity,2
life,2
amount,2
displayed,2
entire,2
strong,2
major,2
concomitant,2
deficiency,2
problem,1
may,1
residing,1
beer,1
civilization,1
indication,1
asset,1
tests,1
casualty,1
he,1
relationship,1
noteworthy,1
graduation,1
caretakers,1
monotony,1
abundance,1
whose,1
reduced,1
reflects,1
without,1
way,1
independent,1
continued,1
vicissitudes,1
figure,1
foreign,1
doctoral,1
maintenance,1
staples,1
faced,1
trained,1
sort,1
catholic,1
represent,1
basic,1
investigation,1
everyone,1
thrift,1
excess,1
consume,1
sizable,1
primarily,1
death,1
slow,1
reorganization,1
growth,1
who,1
sensitive,1
fifth,1
staple,1
considerably,1
persistent,1
predilection,1
yet,1
importantly,1
contribution,1
expect,1
similar,1
conversion,1
estimates,1
needs,1
rapidly,1
movement,1
huizinga,1
contributor,1
fat,1
plenty,1
religious,1
direction,1
often,1
fate,1
examine,1
construction,1
analysis,1
lay,1
artwork,1
once,1
rate,1
simultaneous,1
consistency,1
ways,1
furnishings,1
get,1
itself,1
face,1
sailors,1
york,1
affect,1
east,1
considerations,1
technology,1
under,1
evaluation,1
decade,1
university,1
acceptance,1
during,1
relative,1
organization,1
occupational,1
fixed,1
critical,1
history,1
environment,1
ration,1
grains,1
india,1
habits,1
placed,1
proved,1
assistance,1
complete,1
quoted,1
culture,1
growing,1
nineteenth,1
something,1
considered,1
receiving,1
generosity,1
mcleod,1
house,1
robust,1
earns,1
age,1
four,1
different,1
department,1
experience,1
noted,1
store,1
fact,1
known,1
else,1
either,1
beneficial,1
pallavincino,1
useful,1
annually,1
humble,1
sources,1
modest,1
long,1
worst,1
labor,1
lewis,1
sustained,1
odd,1
concerns,1
equation,1
taken,1
milieu,1
know,1
suggested,1
berkeley,1
protestant,1
rapid,1
austere,1
available,1
drink,1
profligacy,1
perceive,1
fundamental,1
extant,1
control,1
nuncio,1
holdings,1
financial,1
calvinism,1
budgetary,1
had,1
correspond,1
rudimentary,1
are,1
historiography,1
closely,1
memorial,1
others,1
lying,1
company,1
assets,1
historians,1
treatment,1
europe,1
allow,1
tradition,1
best,1
comments,1
generous,1
suggesting,1
accompanied,1
great,1
display,1
reformed,1
access,1
gradual,1
p,1
farmers,1
choice,1
rich,1
foundation,1
effort,1
follows,1
able,1
government,1
new,1
closer,1
menus,1
far,1
goods,1
massachusetts,1
end,1
cohesion,1
religion,1
associated,1
real,1
cities,1
increased,1
golden,1
eat,1
passage,1
anne,1
external,1
living,1
assessment,1
absolutely,1
merely,1
forms,1
behind,1
proverbial,1
left,1
sew,1
knit,1
furthermore,1
somewhat,1
where,1
dropped,1
unit,1
secular,1
impact,1
within,1
nominal,1
circles,1
terms,1
taught,1
system,1
making,1
suffered,1
case,1
particular,1
necessary,1
otherwise,1
energy,1
thirty,1
record,1
governmental,1
above,1
diets,1
firmly,1
ruminations,1
lean,1
books,1
dependents,1
necessities,1
travellers,1
style,1
task,1
number,1
managed,1
shipbuilding,1
remarkably,1
tenth,1
institute,1
kitchen,1
changing,1
remained,1
trades,1
deal,1
account,1
quantities,1
protected,1
artisans,1
activity,1
mabelle,1
caloric,1
literature,1
work,1
translated,1
intense,1
amazed,1
bought,1
varieties,1
level,1
locus,1
protein,1
preserved,1
true,1
calculated,1
barry,1
recipients,1
point,1
crude,1
breeding,1
very,1
training,1
uncertain,1
quantity,1
depended,1
increase,1
travelers,1
suffer,1
role,1
easy,1
morbidity,1
decreasing,1
lies,1
must,1
eichengreen,1
significant,1
exceeded,1
holland,1
reconstruct,1
sign,1
refined,1
harmony,1
inherited,1
partly,1
surplus,1
diaries,1
maintained,1
writing,1
elite,1
childhood,1
trend,1
variables,1
jan,1
relates,1
buying,1
per,1
sanctioned,1
affiliation,1
question,1
california,1
used,1
brucker,1
component,1
severe,1
development,1
austerity,1
quality,1
generate,1
own,1
crises,1
eating,1
cologne,1
sensibilities,1
frugality,1
health,1
importance,1
johan,1
realized,1
institutional,1
does,1
de,1
grant,1
finally,1
accounted,1
dominated,1
interest,1
mccants,1
crisis,1
good,1
relatively,1
parallels,1
professional,1
contributed,1
legacy,1
approximately,1
pride,1
homes,1
vries,1
indicator,1
socially,1
need,1
rarified,1
inherent,1
respects,1
product,1
unexpected,1
rooted,1
exceeding,1
shameful,1
lavish,1
kind,1
taste,1
unfortunately,1
plentiful,1
thing,1
fragility,1
unity,1
abundant,1
fluctuate,1
emerging,1
latter,1
municipal,1
ranged,1
loose,1
small,1
displays,1
educational,1
characteristics,1
thousand,1
especially,1
separately,1
papal,1
enough,1
wider,1
potential,1
response,1
wares,1
civic,1
combination,1
allowing,1
gene,1
consisted,1
supply,1
acquire,1
third,1
effect,1
be,1
fully,1
customary,1
early,1
annual,1
extravagance,1
intake,1
comfortably,1
would,1
capitalism,1
majority,1
little,1
interaction,1
charges,1
instruments,1
potato,1
results,1
using,1
grain,1
ground,1
artisanal,1
saw,1
we,1
recent,1
fall,1
connections,1
value,1
occasion,1
sugar,1
general,1
quarter,1
inferior,1
attention,1
visit,1
