WORDCOUNTS,WEIGHT
the,286
of,131
in,92
and,89
exchange,81
to,80
rate,63
a,53
weights,43
effective,43
that,39
index,36
for,34
series,33
real,32
period,32
is,27
during,27
trade,25
we,23
germany,21
with,21
from,20
british,20
rates,20
on,19
by,18
s,18
andrews,18
are,17
indices,17
redmond,17
appreciation,16
spliced,16
nominal,15
data,15
new,15
used,14
this,14
be,14
dimsdale,14
movements,13
as,13
multilateral,13
price,13
german,12
table,12
over,12
cambridge,12
countries,11
was,11
economy,11
has,11
have,11
notes,11
figure,10
level,10
university,9
solomou,9
based,9
i,9
fisher,9
overvaluation,9
world,9
been,8
britain,8
see,8
currency,8
exports,8
an,8
neer,7
economic,7
resulted,7
not,7
policy,7
history,7
bilateral,7
significant,7
monetary,7
sterling,7
consumer,7
early,7
percent,7
using,7
vartis,7
it,6
selection,6
also,6
press,6
number,6
reported,6
although,6
would,6
major,6
main,5
similar,5
shocks,5
united,5
nations,5
comparison,5
first,5
more,5
growth,5
hyperinflation,5
very,5
further,5
exclusion,5
existing,5
some,5
work,5
league,5
use,5
prices,5
macroeconomic,5
problems,5
appreciated,5
gold,5
solomos,4
note,4
no,4
derived,4
all,4
canada,4
coverage,4
pp,4
considered,4
india,4
n,4
result,4
these,4
sweden,4
fact,4
other,4
war,4
return,4
literature,4
interwar,4
terms,4
japan,4
calculations,4
suggests,4
eichengreen,4
our,4
comparable,4
netherlands,4
constructed,4
states,4
france,4
effects,4
derive,4
oxford,4
given,4
italy,4
need,4
uk,4
observed,4
parity,3
overvalued,3
excluding,3
make,3
large,3
study,3
likely,3
austria,3
geometric,3
but,3
show,3
two,3
here,3
important,3
switzerland,3
different,3
reer,3
transwar,3
greasley,3
choice,3
international,3
resulting,3
historical,3
base,3
evaluate,3
equals,3
oxley,3
however,3
adverse,3
clearly,3
holtfrerich,3
example,3
belgium,3
rebased,3
broadberry,3
reflect,3
evidence,3
relative,3
tables,3
magnitudes,3
wholesale,3
stabilization,3
exclude,3
adjustment,3
averaging,3
article,3
between,3
inclusion,3
correction,3
mainly,3
effect,3
can,3
depreciation,3
up,3
journal,3
nicholas,2
miller,2
he,2
compares,2
deflators,2
absence,2
act,2
performance,2
foreign,2
secondly,2
depression,2
converted,2
seen,2
temin,2
weighting,2
comparability,2
b,2
their,2
competitiveness,2
edited,2
ways,2
denmark,2
when,2
means,2
studies,2
many,2
les,2
us,2
comparisons,2
had,2
light,2
shock,2
ppp,2
same,2
lessons,2
differs,2
version,2
profile,2
industrial,2
reports,2
boost,2
lower,2
dimitris,2
consistent,2
present,2
australia,2
regime,2
offers,2
implications,2
export,2
norway,2
rapid,2
j,2
seems,2
shares,2
uses,2
available,2
advantage,2
found,2
speculators,2
display,2
p,2
time,2
reliability,2
john,2
facilitate,2
there,2
patterns,2
czechoslovakia,2
maizels,2
relevant,2
partners,2
maintain,2
portugal,2
extent,2
rapidly,2
currencies,2
appreciates,2
barry,2
significantly,2
themes,2
peterhouse,2
despite,2
markedly,2
anticipations,2
finland,2
partly,2
which,2
sensitivity,2
were,2
review,2
improvements,2
until,2
discontinuities,2
both,2
sutherland,2
average,2
three,2
inflation,2
argentina,2
approach,2
grew,2
finally,2
peter,2
instead,2
david,2
d,2
so,2
trading,2
after,2
standard,2
speculative,2
observation,2
constructing,2
second,2
research,2
egypt,2
compared,2
find,2
like,2
even,2
much,2
recent,2
finds,2
scandinavian,1
at,1
set,1
may,1
european,1
rights,1
increasing,1
does,1
yields,1
dale,1
interesting,1
high,1
moreover,1
fails,1
produces,1
experience,1
evaluates,1
inflationary,1
excludes,1
minor,1
matter,1
practices,1
various,1
common,1
basil,1
way,1
provide,1
floud,1
oneway,1
later,1
implying,1
distortion,1
esrc,1
developed,1
faced,1
h,1
how,1
outcome,1
bound,1
faceted,1
moggridge,1
weighted,1
affected,1
needing,1
merits,1
heights,1
marcus,1
multi,1
calculation,1
eltis,1
sensitive,1
adoption,1
above,1
pointed,1
smooth,1
berlin,1
production,1
comments,1
unprecedented,1
importance,1
group,1
covering,1
direct,1
serial,1
industry,1
unsatisfactory,1
makes,1
positive,1
methods,1
produced,1
conventional,1
construction,1
percentage,1
sidgwick,1
retail,1
about,1
ma,1
depreciated,1
sets,1
interpretation,1
lagged,1
measurement,1
reference,1
reason,1
references,1
suspending,1
mirror,1
mit,1
bet,1
modern,1
flows,1
cam,1
increased,1
fixed,1
thesis,1
immediate,1
conquest,1
seriously,1
wars,1
magnitude,1
any,1
cristiano,1
expressed,1
before,1
following,1
numbers,1
variety,1
frequently,1
four,1
valuations,1
extensive,1
being,1
member,1
only,1
implied,1
alfred,1
inconsistencies,1
beyond,1
picture,1
longer,1
followed,1
position,1
sources,1
wrong,1
every,1
carl,1
alternative,1
omission,1
belief,1
care,1
power,1
taken,1
suggested,1
providing,1
again,1
address,1
alan,1
country,1
financial,1
greater,1
hours,1
error,1
share,1
acting,1
idea,1
path,1
avenue,1
referees,1
timeprofile,1
volatility,1
suggesting,1
together,1
argue,1
great,1
depict,1
thank,1
differences,1
extended,1
domestic,1
inappropriate,1
report,1
years,1
follows,1
particularly,1
out,1
economics,1
deal,1
displays,1
contradictory,1
thanks,1
allowing,1
omitted,1
end,1
constant,1
captured,1
pattern,1
dates,1
u,1
representative,1
emerges,1
traditionally,1
better,1
pushing,1
respectively,1
conclusions,1
behind,1
fits,1
hysteresis,1
left,1
blackwell,1
limited,1
keynes,1
artefact,1
reserved,1
equal,1
covered,1
third,1
unlikely,1
due,1
impact,1
within,1
combined,1
lecturer,1
income,1
mccloskey,1
rose,1
reconcile,1
selected,1
form,1
dims,1
less,1
system,1
cannot,1
problematical,1
politically,1
practice,1
ed,1
depending,1
focusing,1
slowing,1
gdp,1
outlined,1
manufactures,1
explain,1
hike,1
required,1
problem,1
amounting,1
money,1
reconciled,1
explicitly,1
create,1
because,1
aspects,1
improve,1
degree,1
well,1
justifies,1
yield,1
presented,1
interpreting,1
chapter,1
balance,1
having,1
vol,1
agreed,1
prewar,1
discrepancies,1
prior,1
e,1
r,1
marked,1
stance,1
size,1
cluster,1
already,1
made,1
imports,1
thirdly,1
careful,1
calculated,1
disadvantage,1
combination,1
differ,1
supply,1
previously,1
econ,1
trends,1
reduction,1
became,1
apply,1
role,1
correlation,1
ac,1
its,1
austrian,1
discussed,1
economies,1
year,1
gave,1
describe,1
immaterial,1
discussions,1
assumption,1
needed,1
manufacturing,1
evaluating,1
ird,1
pound,1
affects,1
sequence,1
kingdom,1
relevance,1
gruyter,1
net,1
survey,1
faculty,1
variables,1
jan,1
thus,1
cantab,1
phase,1
imposes,1
chosen,1
converting,1
consumption,1
de,1
than,1
eer,1
moderate,1
unable,1
cycle,1
low,1
run,1
since,1
illustrates,1
initial,1
against,1
analyzing,1
authors,1
september,1
national,1
express,1
grant,1
agreement,1
accounted,1
movement,1
change,1
wish,1
relatively,1
issn,1
whilst,1
general,1
legacy,1
donald,1
walter,1
revised,1
suggest,1
analysing,1
sinclair,1
extensively,1
expected,1
stages,1
order,1
attempted,1
disclaimer,1
measure,1
provides,1
extremely,1
remains,1
association,1
around,1
clear,1
perspective,1
anonymous,1
stabilized,1
consensus,1
supported,1
floating,1
systems,1
k,1
ristuccia,1
assumed,1
arise,1
represent,1
observe,1
phd,1
peak,1
sensible,1
c,1
klovland,1
usual,1
witnessed,1
reached,1
parliament,1
norman,1
views,1
including,1
decomposing,1
results,1
paid,1
strong,1
saw,1
expire,1
stephen,1
fellow,1
arithmetic,1
competitive,1
applies,1
decision,1
purchasing,1
