WORDCOUNTS,WEIGHT
the,1382
of,621
in,315
and,289
a,241
to,238
percent,221
interest,149
that,146
annuity,146
for,126
was,122
is,122
at,102
annuities,102
l,93
market,80
by,77
with,73
rate,72
on,72
debt,71
reduction,70
government,61
price,61
it,60
as,58
war,57
were,57
p,56
prices,56
an,56
be,56
value,55
are,52
had,50
not,45
from,44
between,44
time,42
would,41
s,40
than,40
q,38
have,38
years,37
barnard,34
but,34
lower,33
which,33
this,32
loans,31
all,30
terms,30
history,29
no,29
after,29
t,28
about,28
new,28
figure,28
redemption,28
financial,27
england,26
chamley,26
r,26
when,26
holders,26
large,25
loan,25
rates,25
during,25
paid,25
reductions,25
two,25
payment,25
if,24
expected,24
could,24
sea,24
one,23
issued,23
expectations,23
before,22
million,22
year,22
these,22
been,22
first,21
old,21
his,21
public,21
south,21
we,21
par,20
cost,20
will,20
more,20
life,20
pelham,20
bonds,19
nexus,19
did,19
some,18
they,18
may,18
term,18
future,18
same,18
period,18
premium,18
policy,17
plan,17
equivalent,17
capital,17
h,16
its,16
only,16
end,16
c,16
coupon,15
because,15
investors,15
table,15
then,15
grellier,15
lottery,15
difference,15
per,14
higher,14
their,14
high,14
can,14
conversion,13
therefore,13
see,13
made,13
previous,13
i,13
bound,13
who,13
equation,13
coupons,12
there,12
since,12
journal,12
borrowing,12
he,12
payments,12
number,12
option,12
relation,12
column,12
finance,12
game,12
presented,12
much,12
dickson,11
into,11
subscription,11
risk,11
probability,11
additional,11
data,11
economic,11
april,11
also,11
present,11
coordination,11
face,11
any,11
each,11
beginning,11
e,10
parliamentary,10
j,10
march,10
thus,10
amount,10
instruments,10
ex,10
university,10
equal,10
used,10
reduce,10
or,10
do,10
where,10
off,10
following,10
redeemable,10
succession,9
taken,9
other,9
such,9
costs,9
represented,9
similar,9
issue,9
next,9
bank,9
around,9
small,9
income,9
process,9
increase,9
points,9
note,9
parliament,9
peace,9
assumptions,9
until,9
france,9
later,8
columns,8
century,8
m,8
method,8
well,8
loss,8
revolution,8
using,8
provided,8
above,8
under,8
proposal,8
model,8
standard,8
different,8
random,8
success,8
over,8
has,8
austrian,8
cash,8
should,8
convergence,7
asset,7
refinancing,7
consol,7
against,7
bills,7
main,7
london,7
example,7
place,7
call,7
return,7
fell,7
took,7
v,7
less,7
bond,7
actual,7
three,7
like,7
summer,7
why,7
parameters,7
fall,7
months,7
according,7
them,7
yield,7
instead,7
among,7
callable,7
perpetual,7
fixed,6
gideon,6
british,6
october,6
review,6
inflation,6
just,6
companies,6
however,6
information,6
line,6
strict,6
issuing,6
second,6
contingent,6
indeed,6
converted,6
power,6
pricing,6
traded,6
described,6
exchange,6
article,6
institutions,6
agents,6
excess,6
cobbett,6
appendix,6
speech,6
post,6
very,6
section,6
ones,6
given,6
through,6
conditions,6
national,6
course,6
early,6
observed,6
does,5
estimated,5
fraction,5
mimeo,5
american,5
use,5
total,5
source,5
hence,5
long,5
expectation,5
company,5
great,5
take,5
date,5
those,5
context,5
east,5
possible,5
point,5
x,5
anticipated,5
pay,5
redeem,5
failed,5
variance,5
how,5
mean,5
india,5
impact,5
assets,5
seven,5
out,5
default,5
fit,5
issues,5
delay,5
good,5
annual,5
computations,5
reduced,5
various,5
bill,5
creditors,5
included,5
lord,5
upon,5
significant,5
ipos,5
respectively,5
effect,5
today,5
wars,5
set,5
equilibrium,5
options,5
better,5
ticket,5
what,5
distribution,5
while,5
both,5
boston,5
come,5
average,5
decrease,5
final,4
proposed,4
commitment,4
advantage,4
estimation,4
feature,4
last,4
political,4
papers,4
depends,4
account,4
vol,4
schedule,4
magazine,4
redeemed,4
september,4
ante,4
speed,4
even,4
details,4
opposed,4
repayment,4
crash,4
official,4
pessimism,4
n,4
age,4
most,4
show,4
economics,4
markets,4
late,4
opposition,4
near,4
failure,4
significantly,4
part,4
actually,4
announcement,4
level,4
computation,4
sovereign,4
relied,4
pp,4
adjusted,4
gentleman,4
samson,4
shows,4
john,4
navy,4
question,4
shown,4
investment,4
eighteenth,4
values,4
factor,4
assume,4
low,4
peter,4
so,4
uca,4
computed,4
slightly,4
shiller,4
stars,4
averse,4
rapidly,4
united,4
case,4
share,4
variable,4
whig,4
christophe,4
text,4
current,4
accounts,4
particular,4
reported,4
sutherland,4
cambridge,4
evidence,4
discounted,4
strong,4
securitization,4
close,4
now,3
refund,3
vasicek,3
represent,3
measures,3
expect,3
convertible,3
presents,3
occurred,3
aversion,3
bp,3
entailed,3
rapid,3
available,3
daily,3
robert,3
within,3
paying,3
takes,3
u,3
italian,3
constraints,3
far,3
explained,3
de,3
g,3
relations,3
amounts,3
financing,3
six,3
compared,3
general,3
delivered,3
let,3
cartel,3
bet,3
sum,3
argued,3
too,3
menu,3
four,3
recovered,3
view,3
sooner,3
path,3
volatility,3
generates,3
subscribe,3
initial,3
mirowski,3
receive,3
accounting,3
characterization,3
surprise,3
fail,3
people,3
winter,3
solution,3
optimal,3
start,3
sense,3
debts,3
quinn,3
order,3
financiers,3
few,3
klovland,3
philip,3
up,3
coordinate,3
refinanced,3
results,3
rest,3
abrahamson,3
f,3
situation,3
november,3
demand,3
equality,3
issuers,3
european,3
britain,3
short,3
make,3
positive,3
yet,3
favorable,3
without,3
already,3
discussions,3
fact,3
dividends,3
choice,3
discussed,3
derivative,3
accepted,3
maturity,3
day,3
another,3
sir,3
analyzed,3
private,3
depended,3
budget,3
evolution,3
kingdom,3
nothing,3
autumn,3
weir,3
portfolio,3
august,3
least,3
valued,3
state,3
internal,3
structure,3
probably,3
harley,3
lines,3
subscribers,3
length,3
often,3
analysis,3
stable,3
constant,3
separately,3
compensation,3
worth,3
half,3
report,3
february,3
purchase,3
consols,3
transaction,3
velde,3
don,3
introduced,3
simply,3
argument,3
contract,3
institutional,3
accept,3
consolidated,3
measured,3
remains,3
increased,3
reached,3
debate,3
focus,3
showed,3
difficult,2
done,2
struggle,2
prize,2
faced,2
everyone,2
episodes,2
utility,2
cochrane,2
english,2
completely,2
specified,2
modern,2
inequality,2
edu,2
guinnane,2
turning,2
negative,2
cecco,2
implemented,2
marco,2
ii,2
fund,2
address,2
attempt,2
principles,2
fractional,2
differences,2
gradual,2
follows,2
able,2
real,2
nevertheless,2
emphasized,2
raised,2
regression,2
side,2
capacity,2
inverse,2
howard,2
politics,2
sussman,2
powers,2
taking,2
except,2
issuance,2
owners,2
due,2
financed,2
formula,2
hazard,2
surplus,2
monday,2
realized,2
succeed,2
central,2
centralized,2
annuitants,2
immediate,2
ingersoll,2
assumes,2
exercise,2
estimates,2
pessimistic,2
nor,2
constitutions,2
legally,2
times,2
fees,2
stabilized,2
dates,2
effective,2
twice,2
find,2
profit,2
rosen,2
integer,2
propositions,2
jones,2
implementation,2
perfect,2
finances,2
incentives,2
overestimated,2
essential,2
rather,2
growth,2
renegotiation,2
unit,2
levels,2
capture,2
calculation,2
opportunity,2
study,2
space,2
moreover,2
valuation,2
modified,2
affect,2
wanted,2
consider,2
linked,2
fairness,2
gradually,2
instrument,2
crosses,2
ucas,2
beyond,2
followed,2
defines,2
willard,2
willing,2
david,2
important,2
opponents,2
greater,2
came,2
brennan,2
conservative,2
compassion,2
pitfalls,2
appears,2
applied,2
expensive,2
goschen,2
work,2
scope,2
implement,2
received,2
swap,2
civil,2
yafeh,2
excessive,2
description,2
restructuring,2
gave,2
policies,2
reduces,2
being,2
weekly,2
schwartz,2
change,2
successful,2
below,2
negligible,2
chose,2
straight,2
trading,2
vam,2
involved,2
intervals,2
choose,2
pays,2
monied,2
notes,2
periods,2
critical,2
resisted,2
limited,2
still,2
bankers,2
collapsed,2
suppose,2
makes,2
marginal,2
management,2
raise,2
complete,2
al,2
reports,2
investor,2
mark,2
again,2
others,2
lowering,2
averages,2
faster,2
underestimated,2
bondholders,2
together,2
michaelmas,2
contemporary,2
minimize,2
jump,2
men,2
paris,2
establish,2
practice,2
installments,2
dots,2
ibid,2
tickets,2
determines,2
trend,2
discontinuity,2
examination,2
partisan,2
inversely,2
rejected,2
explorations,2
moral,2
held,2
individual,2
keep,2
started,2
characterized,2
tim,2
maastricht,2
distinction,2
obtained,2
earlier,2
ritter,2
provides,2
neutral,2
k,2
become,2
ann,2
january,2
analyze,2
covered,2
entitled,2
negotiations,2
relationship,2
provide,2
ministry,2
inside,2
slow,2
independence,2
seen,2
began,2
effectively,2
lives,2
efficiency,2
types,2
chen,2
addressed,2
school,2
stasavage,2
conclusion,2
log,2
known,2
here,2
outcome,2
dimension,2
monthly,2
ratio,2
setting,2
jenkinson,2
bu,2
eventually,2
losses,2
reflected,2
historical,2
richardson,2
quoted,2
type,2
person,2
economy,2
hidden,2
nominal,2
rose,2
equilibria,2
summarizes,2
suspicion,2
premia,2
size,2
weiller,2
multiple,2
despite,2
press,2
rigid,2
lotteries,2
sinking,2
redeemability,2
diagram,2
models,2
spring,2
agreement,2
finally,2
aware,2
offer,2
although,2
consumption,2
effects,2
association,2
culloden,2
supported,2
third,2
succeeded,2
entire,2
little,2
abandoned,2
delayed,2
normale,1
repay,1
go,1
margins,1
undergraduate,1
o,1
prefer,1
polish,1
horizontal,1
perspicuity,1
indicated,1
generated,1
groups,1
corporate,1
generous,1
asymmetric,1
cholmondy,1
created,1
fractions,1
credibility,1
affected,1
franfois,1
liquidity,1
distributed,1
germany,1
likewise,1
shocks,1
needed,1
saved,1
offerings,1
provisions,1
tend,1
ma,1
informative,1
likely,1
live,1
liabilities,1
di,1
expenditure,1
inconsistent,1
rt,1
jonathan,1
studies,1
favor,1
acceptance,1
trace,1
justified,1
supposing,1
rf,1
equations,1
tells,1
stochastic,1
induced,1
borrower,1
test,1
fluctuations,1
accumulation,1
member,1
way,1
priced,1
provision,1
earning,1
sources,1
collusion,1
definitely,1
commission,1
certainly,1
ipo,1
gilles,1
interests,1
deterministic,1
processes,1
give,1
military,1
walk,1
enables,1
sunday,1
rational,1
sustainable,1
words,1
dramatically,1
cortes,1
reach,1
succeeds,1
saxe,1
simple,1
accumulated,1
exotic,1
thanks,1
closer,1
overreact,1
prevail,1
subsequent,1
maurice,1
somewhat,1
depresses,1
abusing,1
intuitive,1
mind,1
written,1
miles,1
encouragements,1
holidays,1
fait,1
similarly,1
reserved,1
principal,1
opposite,1
decreased,1
solved,1
seminar,1
marketed,1
system,1
evaluation,1
yishay,1
existence,1
forthcoming,1
linear,1
pilar,1
historians,1
king,1
av,1
captures,1
adverse,1
sought,1
discuss,1
ventures,1
resumption,1
indirectly,1
announced,1
illustrate,1
fluctuation,1
taxation,1
move,1
apart,1
variations,1
reflecting,1
ignores,1
timothy,1
resources,1
quantity,1
holder,1
correlation,1
himself,1
minimum,1
sketched,1
expecting,1
controlled,1
expanded,1
exist,1
implements,1
regarding,1
conflict,1
cumulated,1
collapse,1
differential,1
merchants,1
dotted,1
component,1
severe,1
facts,1
difficulties,1
equalize,1
reputation,1
run,1
professor,1
illustrates,1
accumulate,1
initially,1
tables,1
simeon,1
relatively,1
ease,1
ability,1
sp,1
mixed,1
decided,1
raises,1
attested,1
carlos,1
application,1
coexistence,1
dozen,1
funded,1
supremacy,1
admitted,1
pdf,1
comprised,1
funds,1
priority,1
refuses,1
cases,1
garber,1
speculative,1
jl,1
bay,1
asterisk,1
back,1
contrary,1
differently,1
highest,1
http,1
determination,1
bubbles,1
guardian,1
estimate,1
weight,1
multifaceted,1
confident,1
stimulating,1
look,1
accompli,1
circled,1
deficits,1
jerusalem,1
overstates,1
incentive,1
kept,1
promised,1
bpp,1
refinance,1
rights,1
vm,1
assessed,1
poor,1
recognized,1
evaluates,1
simplified,1
york,1
whose,1
reflects,1
operations,1
etudes,1
tranche,1
negatively,1
unredeemable,1
illustration,1
investigation,1
jourdan,1
fastest,1
oppress,1
refine,1
knew,1
players,1
suffer,1
granted,1
heard,1
lasted,1
legal,1
importance,1
grew,1
certain,1
induce,1
assuming,1
special,1
enabled,1
distant,1
lay,1
rata,1
uncertainties,1
summarized,1
limitation,1
absorbed,1
support,1
references,1
recalled,1
fifteenth,1
downward,1
changes,1
bad,1
plus,1
locally,1
key,1
pales,1
exponential,1
pretender,1
rentier,1
driven,1
edition,1
moderately,1
days,1
numbers,1
receiving,1
landing,1
quarters,1
w,1
prevent,1
benefited,1
democratic,1
experienced,1
rationally,1
powerful,1
crecimiento,1
shed,1
efficient,1
generally,1
convincing,1
airport,1
dominant,1
helped,1
equivalence,1
strategy,1
suggested,1
stands,1
fates,1
hope,1
redeeming,1
holdings,1
opening,1
result,1
camila,1
my,1
lead,1
pounds,1
declined,1
discount,1
fortunes,1
carrying,1
derivatives,1
called,1
critically,1
objectives,1
deal,1
international,1
agendas,1
debentures,1
captured,1
approximation,1
acquiring,1
rudiger,1
further,1
pro,1
though,1
focused,1
rent,1
block,1
stock,1
treat,1
viewed,1
symbols,1
persons,1
cannot,1
suffered,1
xiv,1
fetched,1
guarantee,1
explain,1
required,1
directions,1
vo,1
affair,1
technical,1
discounting,1
taxes,1
gained,1
directly,1
having,1
eduardo,1
minimal,1
prewar,1
gains,1
consecutive,1
evolutions,1
vote,1
preferred,1
locus,1
nearest,1
prominent,1
brought,1
heavily,1
purpose,1
explains,1
competing,1
kristen,1
knowledge,1
related,1
nation,1
confirms,1
multiplied,1
highlight,1
perpetually,1
lobbying,1
obscured,1
inherited,1
broad,1
volcker,1
device,1
et,1
away,1
anticipating,1
showing,1
week,1
guessing,1
oversubscribed,1
markedly,1
indexed,1
weeks,1
manipulation,1
genoese,1
monetary,1
signing,1
tone,1
construct,1
caused,1
barro,1
hard,1
corresponds,1
lowest,1
reinforces,1
stage,1
contrast,1
stimulated,1
consolidation,1
reaches,1
quite,1
arbitrary,1
sake,1
fast,1
calling,1
proximate,1
consensus,1
driving,1
june,1
floating,1
transfer,1
temporary,1
governments,1
hebrew,1
notation,1
draghi,1
amounted,1
observe,1
research,1
decline,1
secrecy,1
texas,1
tended,1
impossible,1
core,1
clever,1
incurred,1
always,1
st,1
extracted,1
loci,1
guns,1
foscari,1
feasible,1
overestimation,1
newly,1
mechanism,1
seemed,1
avoid,1
subsequently,1
defended,1
intermediation,1
led,1
units,1
minor,1
matter,1
absence,1
alleviated,1
service,1
manipulate,1
wait,1
prevailing,1
deviation,1
community,1
july,1
slower,1
interactions,1
comments,1
targeted,1
hold,1
innovation,1
direction,1
single,1
once,1
oxford,1
competition,1
springs,1
emerged,1
widows,1
edited,1
selling,1
interpretation,1
liability,1
refusing,1
treaty,1
rules,1
overreacted,1
soon,1
borrowed,1
evolved,1
demanding,1
chronology,1
specifics,1
selective,1
us,1
neither,1
underestimate,1
merchant,1
jay,1
participants,1
light,1
assistance,1
dropped,1
superieure,1
outlined,1
robust,1
largest,1
odds,1
department,1
unspecified,1
considers,1
double,1
fix,1
lee,1
volume,1
cobbet,1
corporations,1
members,1
successfully,1
french,1
paul,1
suit,1
tilt,1
stronger,1
think,1
kenneth,1
rejects,1
put,1
obstinate,1
addition,1
added,1
many,1
efforts,1
persuasion,1
georgian,1
overwhelming,1
appeared,1
versailles,1
nathan,1
larger,1
banks,1
coordinates,1
fallen,1
victualing,1
overwhelmingly,1
identical,1
considerable,1
pattern,1
orphans,1
behind,1
reasonable,1
hand,1
likelihood,1
ehess,1
remarkable,1
increases,1
coraol,1
bonus,1
road,1
float,1
purposes,1
validity,1
existing,1
relevant,1
vulnerable,1
answer,1
strategies,1
necessary,1
swing,1
ignoring,1
fundamentals,1
mechanically,1
hovering,1
remarkably,1
anticipate,1
aq,1
remained,1
doubled,1
spending,1
extended,1
convexity,1
discussion,1
minimizing,1
considering,1
birth,1
observable,1
treated,1
easier,1
grossly,1
limitations,1
including,1
sufficiently,1
recover,1
louis,1
concern,1
top,1
confidence,1
steady,1
sold,1
unfortunately,1
oppose,1
refers,1
aside,1
net,1
individuals,1
stay,1
full,1
stayed,1
students,1
netherlands,1
harvey,1
ties,1
help,1
margaret,1
andrews,1
b,1
yrv,1
achieved,1
objection,1
symposium,1
allowed,1
spread,1
function,1
defaults,1
winner,1
played,1
paths,1
shortly,1
manufacturers,1
hansard,1
commons,1
segment,1
spent,1
gets,1
integers,1
margin,1
bottoming,1
sentiment,1
comparing,1
satisfy,1
sight,1
compute,1
mainly,1
story,1
contracts,1
universita,1
figures,1
macmillan,1
frictions,1
relative,1
conveyed,1
quarter,1
embodied,1
mortality,1
vector,1
widely,1
attended,1
decision,1
tore,1
fails,1
enough,1
accepting,1
yields,1
tests,1
christian,1
entail,1
assigned,1
imply,1
transformations,1
charters,1
she,1
continued,1
george,1
recall,1
movements,1
sometimes,1
excepting,1
ecole,1
buyers,1
rough,1
indispensable,1
vague,1
lobbies,1
randomly,1
resumed,1
referred,1
swaps,1
insist,1
detailed,1
seventeenth,1
jensen,1
directeur,1
remaining,1
countries,1
lowered,1
michael,1
inferior,1
dowloadable,1
extremely,1
examine,1
greenback,1
exchanged,1
earliest,1
considered,1
diminished,1
matters,1
detail,1
stephen,1
quantitative,1
environment,1
publicly,1
seriously,1
exercised,1
heavy,1
elected,1
believed,1
raisedfor,1
mentioned,1
must,1
mario,1
siege,1
ever,1
extension,1
tlog,1
charles,1
doi,1
offers,1
verify,1
cover,1
quickly,1
know,1
natural,1
principle,1
control,1
illuminate,1
lenders,1
expenditures,1
december,1
walpole,1
sizes,1
down,1
printed,1
expense,1
fluctuated,1
returns,1
particularly,1
expresses,1
bellicose,1
ca,1
enemy,1
rely,1
past,1
placing,1
works,1
risky,1
merely,1
turned,1
william,1
drop,1
surpluses,1
explanations,1
completion,1
squares,1
month,1
form,1
making,1
quote,1
imposed,1
allowance,1
maintain,1
passed,1
ssa,1
manias,1
axis,1
theory,1
interval,1
adaptation,1
lightening,1
excises,1
qt,1
her,1
getting,1
extract,1
smoothing,1
huge,1
almost,1
observations,1
suggests,1
maximum,1
upper,1
middle,1
subscriptions,1
conference,1
burden,1
bought,1
reaped,1
circumstances,1
bd,1
ruled,1
role,1
privatized,1
easy,1
variability,1
convinced,1
mayor,1
buy,1
infamous,1
subject,1
intended,1
administration,1
bv,1
happens,1
rationale,1
exceeded,1
obtain,1
reconstruct,1
arguments,1
ensuing,1
firms,1
gain,1
neglect,1
jan,1
friday,1
remarks,1
nominated,1
session,1
buying,1
false,1
bargaining,1
ultimately,1
oldrich,1
touch,1
lists,1
initiated,1
ushered,1
workhorse,1
joined,1
actively,1
correlated,1
define,1
d,1
soulh,1
smaller,1
states,1
contamination,1
attempted,1
voluntary,1
consequence,1
embodies,1
peacetime,1
ships,1
aachen,1
summary,1
ssna,1
marcello,1
comparison,1
respective,1
castile,1
profits,1
offered,1
observation,1
specific,1
potential,1
thatcher,1
coefficient,1
assumed,1
compounded,1
securities,1
charged,1
supply,1
cheaper,1
irrelevant,1
partial,1
uncertainty,1
views,1
bounds,1
substantial,1
treating,1
seek,1
recent,1
famous,1
pairs,1
gold,1
fiscal,1
doing,1
tuesday,1
major,1
costly,1
hovered,1
dornbusch,1
