WORDCOUNTS,WEIGHT
the,1048
and,550
in,476
of,428
to,174
jewish,172
a,131
jews,130
that,110
history,89
were,84
by,83
for,74
economic,74
from,65
was,63
as,54
vol,51
religious,49
this,45
is,44
education,44
century,43
on,43
social,42
press,41
ce,40
their,39
population,38
period,38
not,38
first,37
israel,37
at,36
muslim,36
synagogues,35
edited,35
many,35
new,34
urban,34
occupational,33
p,33
university,32
had,32
talmud,31
centuries,31
people,30
farmers,29
no,29
occupations,29
it,28
hebrew,28
who,28
an,27
with,27
mishna,27
they,26
jerusalem,26
time,26
responsa,26
torah,25
merchants,24
agriculture,24
eretz,24
most,24
pp,24
children,24
middle,24
be,24
there,23
or,23
also,23
which,23
judaism,23
land,23
all,22
s,22
selection,22
life,22
evidence,22
eckstein,21
trade,21
when,20
society,20
documents,20
empire,20
these,19
scholars,19
botticini,19
baron,19
among,19
small,18
communities,18
economics,17
some,17
egypt,17
read,17
minority,17
mesopotamia,17
but,17
europe,17
where,17
other,17
historical,17
babylonian,17
diaspora,17
early,17
one,16
into,16
vols,16
skilled,16
cairo,16
ed,16
safrai,16
literacy,16
cities,16
iraq,16
geniza,15
before,15
religion,15
primary,15
gil,15
york,15
ancient,15
teachers,15
rabbinic,15
institutions,15
did,15
them,15
later,14
e,14
east,14
millennium,14
during,14
rural,14
transition,14
j,13
after,13
could,13
world,13
second,13
about,13
roman,13
educational,13
synagogue,13
became,13
locations,13
princeton,12
babylon,12
such,12
goitein,12
neusner,12
his,12
m,12
whereas,12
rule,12
cultural,12
london,12
letters,12
community,12
more,12
ages,12
see,12
restrictions,12
engaged,12
we,12
academies,12
living,12
talmudic,12
have,12
common,11
studies,11
kingdom,11
even,11
main,11
mediterranean,11
he,11
under,11
only,11
reform,11
palestine,11
archaeological,11
would,11
written,11
structure,11
temple,11
almost,11
our,11
lands,11
era,11
should,11
schools,10
moneylending,10
large,10
byzantine,10
show,10
brill,10
kuznets,10
towns,10
farming,10
cambridge,10
made,10
islamic,10
leiden,10
information,10
nj,10
given,10
are,9
sources,9
ben,9
reading,9
very,9
learning,9
cohen,9
third,9
arab,9
geonim,9
age,9
urbanization,9
because,9
prompted,9
status,9
change,9
few,9
eighth,9
villages,9
oxford,9
rulings,9
culture,9
same,9
dan,9
law,9
oppenheimer,9
been,9
stem,9
everywhere,9
does,8
western,8
script,8
flesher,8
de,8
jacob,8
journal,8
growth,8
moved,8
occupation,8
am,8
ninth,8
rules,8
tax,8
two,8
paul,8
vast,8
father,8
crafts,8
destruction,8
capital,8
distinctive,8
abraham,8
through,8
jewry,8
north,8
group,7
occurred,7
every,7
political,7
america,7
human,7
throughout,7
encyclopedia,7
pay,7
philadelphia,7
l,7
baghdad,7
udovitch,7
lived,7
however,7
literature,7
tudela,7
majority,7
activities,7
poor,7
remained,7
rulers,7
louis,7
study,7
mainly,7
artisans,7
countries,7
any,7
has,7
number,7
medieval,6
center,6
elementary,6
illiterate,6
available,6
advantage,6
dellapergola,6
yeshiva,6
higher,6
civilization,6
basic,6
tel,6
benjamin,6
enabled,6
languages,6
edition,6
origins,6
view,6
herr,6
entered,6
centers,6
taught,6
example,6
urman,6
v,6
own,6
kasher,6
christians,6
comparative,6
argument,6
yet,6
lewis,6
aviv,6
jacobs,6
explanation,6
ruling,6
traders,6
described,6
publication,6
times,6
him,6
teach,6
contracts,6
macmillan,6
table,6
africa,6
provide,6
minorities,6
contribution,6
why,6
darwin,6
outcome,6
each,6
different,6
amoraim,6
agricultural,6
distribution,6
local,6
migrations,6
conditions,6
greif,6
bce,6
moshe,5
if,5
migrated,5
h,5
able,5
robert,5
within,5
sent,5
goal,5
thus,5
development,5
against,5
than,5
proportion,5
roth,5
shmuel,5
important,5
based,5
transactions,5
teacher,5
required,5
r,5
claim,5
its,5
josephus,5
being,5
craftsmen,5
around,5
finkelstein,5
aharon,5
research,5
abrahams,5
populations,5
hellenistic,5
joshua,5
publishing,5
gaonic,5
business,5
mark,5
communal,5
educated,5
menahem,5
away,5
discussed,5
geography,5
norms,5
ibid,5
simon,5
discovery,5
applebaum,5
literate,5
students,5
three,5
individual,5
high,5
instruction,5
article,5
percent,5
iran,5
analysis,5
acquired,5
returns,5
chiswick,5
gamla,5
economy,5
both,5
writing,5
years,5
flavius,5
write,5
rest,5
built,5
juster,4
identity,4
scholar,4
ma,4
physicians,4
source,4
book,4
haim,4
gaon,4
exogenous,4
eastern,4
household,4
engage,4
review,4
g,4
rabbis,4
assen,4
fees,4
refer,4
six,4
leadership,4
jones,4
implementation,4
may,4
gorcum,4
legal,4
b,4
support,4
established,4
david,4
standards,4
out,4
cannot,4
explain,4
near,4
hillel,4
related,4
trends,4
officials,4
long,4
characteristics,4
van,4
wrote,4
indicates,4
thesis,4
teaching,4
nathan,4
do,4
sergio,4
accepted,4
sacrifices,4
decreed,4
questions,4
eleventh,4
transformation,4
language,4
started,4
like,4
households,4
especially,4
yisrael,4
become,4
babylonia,4
spain,4
dealing,4
european,4
juifs,4
mosheh,4
male,4
school,4
then,4
comes,4
maristella,4
key,4
responsum,4
beginning,4
mann,4
boys,4
city,4
appointed,4
devoted,4
gafni,4
d,4
weber,4
consisted,4
pharisees,4
ca,4
major,4
child,3
implemented,3
hezser,3
landholding,3
prohibitions,3
american,3
eliezer,3
unlike,3
total,3
morony,3
learned,3
skills,3
reasons,3
berman,3
court,3
aretz,3
i,3
half,3
china,3
case,3
saying,3
condition,3
enter,3
central,3
facts,3
ability,3
flourishing,3
deeds,3
body,3
ha,3
young,3
left,3
helpful,3
brody,3
town,3
across,3
centered,3
developed,3
district,3
how,3
levine,3
parents,3
associate,3
kallah,3
voluntarily,3
maintaining,3
sefer,3
signed,3
india,3
imposed,3
latin,3
greenberg,3
numbers,3
house,3
argued,3
four,3
follow,3
atlanta,3
endogenous,3
location,3
torino,3
arabs,3
conversions,3
poverty,3
mccleary,3
aspects,3
well,3
network,3
shopkeepers,3
drazin,3
year,3
discussions,3
records,3
poll,3
il,3
judaica,3
dyers,3
barro,3
revolution,3
order,3
crescent,3
cepr,3
core,3
up,3
moneylenders,3
sons,3
motivated,3
still,3
expanded,3
alexandria,3
hold,3
interpretation,3
merchant,3
mekorot,3
garland,3
continued,3
regardless,3
oral,3
toward,3
academy,3
addition,3
demographic,3
longer,3
head,3
larger,3
end,3
debates,3
contemporary,3
pattern,3
patterns,3
paris,3
model,3
michael,3
material,3
minneapolis,3
abbasid,3
eds,3
books,3
fundamentals,3
free,3
mokyr,3
thousands,3
values,3
refers,3
itinerary,3
harvard,3
assaf,3
doctors,3
peter,3
august,3
sadducees,3
diasporas,3
earlier,3
can,3
wills,3
priests,3
galilee,3
figures,3
agus,3
widespread,3
temin,3
antiquity,3
construction,3
months,3
considered,3
partnerships,3
aryeh,3
masses,3
alternative,3
rappaport,3
over,3
leaders,3
wealthy,3
newman,3
explanations,3
heads,3
whether,3
adults,3
references,3
extent,3
prepare,3
sasanian,3
keter,3
tau,3
despite,3
beer,3
publishers,3
ac,3
zvi,3
jew,3
although,3
gross,3
illiteracy,3
area,3
thousand,3
west,3
between,3
c,3
issawi,3
entire,3
bernard,2
maller,2
aberbach,2
schlomo,2
resided,2
manuscript,2
germany,2
schiffman,2
cursive,2
essays,2
asserted,2
modern,2
amply,2
edu,2
reich,2
estimated,2
www,2
hence,2
glick,2
concentrated,2
might,2
orphan,2
sasson,2
beautiful,2
shleifer,2
million,2
ashtor,2
reach,2
divorce,2
studied,2
government,2
hundred,2
cohesion,2
maghribi,2
salary,2
state,2
greatly,2
universal,2
california,2
uriel,2
system,2
fortune,2
baumgarten,2
sophisticated,2
geuthner,2
u,2
international,2
functions,2
barry,2
except,2
establishment,2
kahn,2
investing,2
feldman,2
culturalreligious,2
jabneh,2
regarding,2
dispatched,2
explained,2
demsky,2
reputation,2
professor,2
since,2
characteristic,2
issued,2
financing,2
old,2
late,2
clark,2
umayyad,2
marriage,2
http,2
syracuse,2
compared,2
loans,2
industries,2
seventh,2
rights,2
segregate,2
colin,2
german,2
ayal,2
without,2
exact,2
bring,2
angeles,2
sherira,2
bias,2
direct,2
musallam,2
special,2
understand,2
empires,2
partnership,2
wages,2
les,2
organization,2
tanning,2
ovadiah,2
cecil,2
proposed,2
listed,2
max,2
limor,2
answers,2
providing,2
ranges,2
lead,2
columbia,2
found,2
begun,2
seven,2
coalitions,2
fourth,2
heirs,2
equal,2
brenner,2
wealth,2
public,2
content,2
possibility,2
data,2
romans,2
work,2
received,2
los,2
emphasis,2
parthian,2
charity,2
prominent,2
part,2
civil,2
knowledge,2
frerichs,2
bible,2
gave,2
size,2
moed,2
beginnings,2
mn,2
thereafter,2
redacted,2
documented,2
apion,2
haven,2
showing,2
caliphs,2
attributed,2
quarterly,2
someone,2
zeraim,2
level,2
kosher,2
responsibility,2
arabic,2
contrast,2
settlement,2
nachum,2
weiss,2
carmel,2
paid,2
provided,2
carlton,2
separate,2
haas,2
sanctions,2
led,2
demand,2
ebner,2
rome,2
expansion,2
sect,2
above,2
comments,2
yad,2
percentage,2
once,2
competition,2
push,2
opportunities,2
alon,2
watson,2
enforceability,2
tcherikover,2
kiefer,2
silk,2
contains,2
bar,2
picture,2
chose,2
volume,2
members,2
levied,2
foreign,2
fact,2
shows,2
leading,2
overwhelming,2
endless,2
beliefs,2
classical,2
man,2
orphans,2
mcevedy,2
learn,2
present,2
revolts,2
less,2
spoke,2
routledge,2
yitzhak,2
mohr,2
understanding,2
investment,2
toldot,2
discussion,2
invested,2
birth,2
siebeck,2
including,2
sixth,2
yale,2
significant,2
hosted,2
use,2
hypotheses,2
robinson,2
engaging,2
ethnic,2
maintains,2
stay,2
profession,2
points,2
co,2
good,2
spread,2
so,2
general,2
collected,2
administrative,2
dell,2
lapidus,2
outcomes,2
morris,2
atlas,2
greek,2
claudia,2
decision,2
legale,2
rachel,2
valuable,2
moses,2
perspectives,2
lot,2
independent,2
science,2
sec,2
palestinian,2
transformed,2
magnes,2
force,2
indicate,2
often,2
acemoglu,2
existed,2
united,2
types,2
princes,2
meant,2
historian,2
growing,2
circumstances,2
founded,2
extensive,2
known,2
eli,2
ritualistic,2
control,2
finance,2
literary,2
paper,2
reversal,2
steven,2
organized,2
december,2
argue,2
foundation,2
clearly,2
twelfth,2
far,2
salo,2
works,2
better,2
tenth,2
purchase,2
what,2
avner,2
selected,2
making,2
maintain,2
theory,2
while,2
gifts,2
property,2
goodman,2
travel,2
translated,2
stern,2
boston,2
confirm,2
role,2
november,2
reuven,2
colonial,2
mention,2
maintained,2
come,2
question,2
promoted,2
ephraim,2
until,2
damascus,2
joel,2
julius,2
contract,2
illinois,2
twentieth,2
glencoe,2
catherine,2
grant,2
completed,2
instead,2
range,2
green,2
opinions,2
mas,2
states,2
france,2
voluntary,2
universitai,2
increased,2
sanhedrin,2
tannaim,2
specific,2
externality,2
johnson,2
chicago,2
teshuvot,2
fellowship,2
hamel,2
nicholas,1
difficult,1
tannaitic,1
visigoths,1
ending,1
ora,1
now,1
customers,1
rate,1
struggle,1
prefer,1
jewels,1
way,1
stuart,1
concerned,1
indicated,1
meaning,1
tion,1
goldsmiths,1
groups,1
tekufat,1
college,1
shipbuilding,1
persia,1
per,1
village,1
becoming,1
needed,1
margo,1
summarizing,1
systematically,1
jewelers,1
instructions,1
elaborated,1
amrnold,1
live,1
true,1
collectivist,1
federal,1
ankara,1
di,1
completely,1
coalition,1
unwritten,1
union,1
marcus,1
specified,1
douglass,1
reasonably,1
motive,1
maristel,1
letorah,1
gerth,1
character,1
tween,1
em,1
expropriated,1
po,1
materials,1
permitted,1
contexts,1
women,1
chooses,1
test,1
congress,1
predominantly,1
highlighted,1
anything,1
fraction,1
either,1
asher,1
humble,1
fast,1
revisited,1
heller,1
disagreement,1
production,1
exclusive,1
fenoaltea,1
obey,1
lemitzvot,1
handicraftsmen,1
ii,1
individualist,1
gan,1
give,1
debating,1
degree,1
emerged,1
advanced,1
referees,1
gerson,1
asia,1
words,1
company,1
comparatively,1
height,1
secondary,1
professions,1
together,1
desire,1
rabbi,1
accumulated,1
revival,1
thanks,1
products,1
take,1
mind,1
priest,1
holidays,1
typical,1
blackwell,1
henry,1
those,1
reserved,1
principal,1
sura,1
mail,1
replies,1
el,1
papers,1
samaritans,1
ad,1
ernest,1
tilbingen,1
judah,1
dennis,1
alfred,1
kodashim,1
persian,1
blacksmiths,1
historians,1
sects,1
histoire,1
translations,1
expenses,1
demography,1
hall,1
march,1
prescriptions,1
damira,1
chapter,1
indirectly,1
italian,1
opened,1
isaiah,1
possible,1
activity,1
illustrate,1
geared,1
sale,1
solely,1
october,1
move,1
richard,1
medical,1
occurring,1
martindale,1
supply,1
regards,1
owners,1
laws,1
empirec,1
demanded,1
ritual,1
minimum,1
letter,1
palermo,1
philo,1
attract,1
commercial,1
authors,1
schocken,1
funded,1
labor,1
della,1
andrew,1
chapters,1
includes,1
whiston,1
tailors,1
umn,1
decree,1
dying,1
leur,1
kurumu,1
visited,1
simeon,1
sociale,1
doctor,1
daron,1
pentateuch,1
poetry,1
egypta,1
forgotten,1
knick,1
reflection,1
adopted,1
raises,1
excavations,1
rapoport,1
codified,1
ofmedieval,1
z,1
migrate,1
thing,1
haaretz,1
aramaic,1
nelson,1
pharisaic,1
nor,1
tibet,1
bay,1
keep,1
basra,1
back,1
generated,1
slam,1
ira,1
eliyahu,1
empireb,1
sidon,1
ullman,1
apparently,1
deeply,1
correctness,1
qalyub,1
adult,1
polytheists,1
though,1
kufa,1
word,1
stanley,1
unfortunate,1
jean,1
networking,1
economique,1
opposed,1
sweeping,1
sixteen,1
via,1
whose,1
rather,1
statements,1
istruzione,1
portrayed,1
performance,1
aimed,1
soviet,1
debated,1
baba,1
levels,1
taste,1
process,1
knew,1
suffer,1
heard,1
basim,1
importance,1
talk,1
certain,1
leave,1
handicrafts,1
huge,1
enacted,1
leaves,1
distant,1
summarized,1
discoveries,1
supposed,1
goldenberg,1
changes,1
mone,1
cause,1
greeks,1
empiresb,1
bloch,1
familiar,1
branch,1
sum,1
driven,1
shimon,1
w,1
upper,1
benefited,1
additional,1
akurgal,1
cananites,1
beyond,1
gentiles,1
saadya,1
consequence,1
cost,1
puts,1
schooling,1
shifted,1
owning,1
care,1
suggested,1
highest,1
tannaic,1
disappeared,1
holdings,1
raw,1
expressed,1
moving,1
result,1
remembered,1
came,1
dyeing,1
whom,1
sociological,1
pursuits,1
abandoning,1
avenue,1
societies,1
portable,1
sokoloff,1
access,1
dropsie,1
yossef,1
sabbath,1
embracing,1
changed,1
shetah,1
reply,1
her,1
pass,1
percentages,1
polina,1
megillah,1
big,1
acquiring,1
townsman,1
chinese,1
understood,1
italians,1
institute,1
war,1
performed,1
rei,1
leonard,1
olin,1
dynasty,1
indirect,1
cahiers,1
residential,1
yaron,1
produced,1
persons,1
devir,1
applied,1
scale,1
outlined,1
conferences,1
fox,1
sacrifice,1
hopkins,1
thebes,1
influenced,1
outstanding,1
gained,1
provincial,1
having,1
meir,1
tyre,1
mandatory,1
capitalism,1
industrial,1
schuster,1
ot,1
norm,1
reserve,1
masa,1
reduction,1
italy,1
confirms,1
tenure,1
whole,1
used,1
vieira,1
describe,1
place,1
issues,1
literally,1
constitute,1
actually,1
predicts,1
schoolchildren,1
irving,1
rituals,1
et,1
papyri,1
weekly,1
judaea,1
participate,1
frowde,1
seminars,1
sicily,1
president,1
interpreted,1
connections,1
holy,1
edomites,1
dirhems,1
t,1
unmarried,1
regions,1
signing,1
papyrological,1
commerce,1
sense,1
describing,1
hard,1
collins,1
shaping,1
lee,1
stage,1
debts,1
feasts,1
acted,1
event,1
bank,1
involved,1
family,1
consensus,1
june,1
migration,1
venice,1
constantinople,1
gedaliah,1
codes,1
weapons,1
impossible,1
yeme,1
da,1
budgets,1
parliament,1
cattle,1
unito,1
nonreligious,1
wife,1
schoenfeld,1
proper,1
describes,1
notes,1
reflected,1
dowries,1
bavli,1
promising,1
tithing,1
invest,1
avoid,1
tanners,1
pope,1
certainly,1
south,1
excommunication,1
kleiman,1
portion,1
therefore,1
tasks,1
obeying,1
situation,1
power,1
antioch,1
yerushalmi,1
juridique,1
various,1
requirement,1
scientific,1
jaffa,1
indeed,1
service,1
sous,1
behave,1
dressed,1
revolt,1
outlet,1
albany,1
exception,1
object,1
oferetz,1
rois,1
make,1
landed,1
sending,1
southeast,1
conventional,1
spoken,1
rational,1
victor,1
precondition,1
makes,1
creditors,1
happened,1
albert,1
continuity,1
caveat,1
fifth,1
restricted,1
turk,1
clarified,1
earned,1
participants,1
light,1
assistance,1
complete,1
purity,1
aden,1
baltimore,1
scriptures,1
hay,1
switch,1
sales,1
largest,1
belonging,1
already,1
illustrated,1
overrepresent,1
enforce,1
ct,1
functioned,1
salonika,1
simcha,1
cheated,1
gotten,1
fellow,1
britannica,1
fire,1
goals,1
name,1
cohesiveness,1
french,1
seville,1
jeffrey,1
abrogated,1
stated,1
shaye,1
again,1
cred,1
others,1
pointed,1
nezikin,1
intellect,1
crops,1
stories,1
areas,1
preserve,1
clarendon,1
minnesota,1
romain,1
gildas,1
appeared,1
witnesses,1
choice,1
foreigner,1
remain,1
prose,1
junior,1
agree,1
simple,1
rebuke,1
honor,1
golan,1
remarkable,1
hennepin,1
purposes,1
existing,1
noneconomic,1
establish,1
income,1
relevant,1
jobs,1
answer,1
judith,1
ekrem,1
esther,1
acquire,1
disregarded,1
argues,1
another,1
ktav,1
sombart,1
classes,1
redacting,1
arcadius,1
rosh,1
john,1
writings,1
discrimination,1
arose,1
enhanced,1
strongly,1
expand,1
findings,1
empirical,1
entirely,1
zeev,1
largely,1
numerous,1
maria,1
ilan,1
survey,1
submitted,1
scheduled,1
chosen,1
full,1
ceremonies,1
salaries,1
complicated,1
avi,1
theoretical,1
underwent,1
significance,1
quotation,1
modem,1
hai,1
grew,1
express,1
aaron,1
essay,1
maintenance,1
issn,1
held,1
bradford,1
ny,1
appointment,1
prayerbook,1
kept,1
commentaries,1
provides,1
martin,1
modjewish,1
class,1
witness,1
somehow,1
craft,1
specialize,1
topics,1
exactly,1
hoboken,1
james,1
brindisi,1
harley,1
implication,1
unexplained,1
conquest,1
looked,1
prohibiting,1
tarih,1
institution,1
relative,1
attend,1
ago,1
nashville,1
la,1
hedge,1
competed,1
widely,1
division,1
attended,1
dietary,1
contributes,1
goldschliger,1
consists,1
asking,1
discussing,1
penguin,1
increasing,1
singer,1
today,1
shel,1
note,1
ing,1
seventeen,1
kenneth,1
johns,1
invasion,1
five,1
criminal,1
husband,1
demographers,1
impressive,1
claimed,1
pieces,1
fear,1
deteriorating,1
archaeology,1
primarily,1
predict,1
slow,1
referred,1
subsidy,1
broad,1
concluding,1
detailed,1
lawrence,1
philosopher,1
remaining,1
deals,1
postulated,1
volumes,1
settled,1
implementing,1
dans,1
simha,1
fatimid,1
surprising,1
shazar,1
kings,1
supporting,1
ofbabylonia,1
ener,1
instances,1
uneducated,1
itself,1
tractate,1
paying,1
cognate,1
joseph,1
outcast,1
wittmayer,1
almahalla,1
matters,1
amalfi,1
addressed,1
quantitative,1
sections,1
archeology,1
thinking,1
ofjudaism,1
prohibited,1
demographics,1
bethlehem,1
mentioned,1
comparison,1
predictions,1
endowed,1
exacted,1
charles,1
ministero,1
fishbane,1
athena,1
ricerca,1
know,1
berkeley,1
natural,1
katz,1
descriptions,1
specialized,1
novel,1
fairs,1
interested,1
seem,1
alexander,1
bu,1
sloan,1
enable,1
marvin,1
amounted,1
current,1
movable,1
post,1
andrei,1
ishmael,1
speculation,1
brazil,1
goods,1
audience,1
associations,1
section,1
adler,1
invite,1
producers,1
garsai,1
outrage,1
disputes,1
just,1
tohorot,1
knows,1
william,1
according,1
discuss,1
succeeded,1
mongolian,1
champagne,1
pumpedita,1
notable,1
proceedings,1
carefully,1
investigation,1
month,1
mondiale,1
ones,1
rebellion,1
supports,1
particular,1
independently,1
attitudes,1
calculations,1
zalman,1
insightful,1
maccabean,1
studying,1
amy,1
imperial,1
bonner,1
don,1
ramat,1
contain,1
art,1
millions,1
cecilia,1
des,1
finished,1
vessels,1
shoemakers,1
presented,1
son,1
must,1
northwestern,1
economist,1
amish,1
peace,1
little,1
nashim,1
despairingly,1
rd,1
econ,1
williamson,1
techniques,1
went,1
nonmuslim,1
rationale,1
silva,1
target,1
commodities,1
alain,1
opportunistically,1
arguments,1
summarizes,1
families,1
indians,1
using,1
gain,1
behaved,1
faculty,1
remarks,1
formation,1
shown,1
spring,1
survival,1
goldin,1
touch,1
difference,1
quest,1
tiibingen,1
institutional,1
national,1
motives,1
course,1
offer,1
actively,1
glassmakers,1
include,1
judges,1
forming,1
instinct,1
fine,1
association,1
shift,1
moav,1
anonymous,1
batra,1
supported,1
contradicted,1
potential,1
engerman,1
penetrated,1
kokhba,1
themselves,1
reached,1
resent,1
bookselling,1
debate,1
texts,1
views,1
samarra,1
characters,1
interaction,1
xth,1
corn,1
abandoned,1
immediately,1
mobility,1
kroik,1
seek,1
comparable,1
recent,1
cross,1
asked,1
doing,1
attendance,1
arithmetic,1
linen,1
hans,1
portrait,1
draft,1
stefano,1
occur,1
costly,1
deeper,1
werner,1
