WORDCOUNTS,WEIGHT
the,1296
of,797
and,594
in,534
cotton,445
to,367
a,247
seed,230
for,173
s,148
was,146
that,143
p,116
with,116
by,108
on,105
as,102
pp,99
were,92
usda,78
percent,78
from,78
varieties,78
this,75
farmers,74
quality,73
no,72
marketing,72
an,71
production,68
u,63
new,62
communities,61
local,60
markets,58
at,56
california,56
community,51
agricultural,50
one,47
washington,46
it,45
state,45
dc,45
is,45
had,43
than,43
states,43
market,42
south,42
most,41
their,40
over,40
d,40
its,39
or,39
but,39
planting,37
other,37
gpo,37
report,36
be,36
variety,35
only,35
staple,33
agriculture,33
growers,33
history,32
price,32
movement,32
about,32
plant,32
c,32
these,31
sess,31
early,31
cong,31
system,30
number,30
length,30
more,29
olmstead,29
program,29
would,28
company,27
mississippi,27
w,27
breeding,27
service,27
department,27
crop,27
not,27
hearings,26
rhode,26
breeders,26
prices,26
pl,25
central,25
university,25
because,25
part,25
also,25
extension,25
between,25
they,24
gin,24
improved,24
example,24
southern,24
coker,24
united,24
delinting,23
such,23
r,23
yields,23
there,22
improvement,22
industry,22
certified,22
increased,22
grown,22
american,21
j,21
development,21
bulletin,21
research,21
problems,21
before,20
all,20
ware,20
texas,20
seeds,20
cottonseed,20
services,20
are,20
carolina,19
time,19
less,19
congress,19
better,19
reported,19
average,19
per,18
committee,18
acid,18
b,18
important,18
problem,18
made,18
sold,18
which,18
bureau,18
table,18
bales,18
commercial,18
have,18
cook,18
acre,17
acreage,17
i,17
mechanical,17
special,17
could,17
economic,17
many,17
period,17
high,17
who,17
given,17
association,17
much,17
higher,16
revolution,16
members,16
see,16
information,16
programs,16
has,15
change,15
inch,15
use,15
been,15
foundation,15
private,15
land,15
classification,15
those,14
planted,14
acres,14
journal,14
house,14
data,14
first,14
arkansas,14
small,14
brown,14
when,14
same,14
two,14
technologies,14
individual,14
doyle,14
delinted,14
producing,13
farmer,13
some,13
grading,13
acala,13
output,13
even,13
changes,13
delta,13
economics,13
oklahoma,13
companies,13
year,13
used,13
areas,13
years,13
differentials,12
e,12
crops,12
march,12
thus,12
after,12
census,12
pure,12
county,12
annual,12
f,12
practices,12
biological,12
law,12
smith,12
john,12
grade,12
farm,12
howell,12
february,12
roughly,12
technological,12
arizona,12
increase,12
o,11
college,11
labor,11
georgia,11
yearbook,11
cooperative,11
l,11
during,11
several,11
few,11
value,11
under,11
noted,11
statistics,11
where,11
agencies,11
westbrook,11
december,11
far,11
economy,11
institutional,11
valley,11
corn,11
north,11
if,10
ginning,10
studies,10
into,10
diffusion,10
sources,10
available,10
october,10
cottons,10
premiums,10
act,10
his,10
across,10
how,10
represented,10
classing,10
aaa,10
library,10
public,10
records,10
good,10
box,10
decline,10
up,10
circular,10
likely,10
sales,10
subcommittee,10
day,10
andrews,10
provide,10
began,10
growing,10
series,10
according,10
yield,10
became,10
role,10
pine,10
major,10
appropriation,9
common,9
adoption,9
h,9
press,9
conditions,9
government,9
vol,9
bill,9
general,9
cultural,9
incentives,9
without,9
organized,9
m,9
greater,9
ofagriculture,9
reduced,9
york,9
addition,9
efforts,9
lint,9
outside,9
ginned,9
especially,9
campaign,9
constantine,9
any,9
form,9
did,9
distribution,9
breeder,9
pedigreed,9
national,9
group,8
situation,8
being,8
within,8
sale,8
producers,8
supply,8
weevil,8
rather,8
growth,8
developed,8
benefits,8
certification,8
appropriations,8
result,8
found,8
representatives,8
basis,8
work,8
belt,8
mixing,8
nearly,8
reduce,8
technology,8
ed,8
experiment,8
reports,8
testimony,8
may,8
thousands,8
another,8
region,8
largely,8
resulting,8
nd,8
farms,8
buyers,8
hill,8
collections,8
then,8
different,8
uniform,8
spring,8
archives,7
policy,7
source,7
every,7
firm,7
prevailing,7
throughout,7
accounted,7
machine,7
boll,7
participating,7
old,7
rates,7
incentive,7
mexico,7
similar,7
accounts,7
four,7
based,7
concentration,7
out,7
almost,7
culture,7
standardized,7
war,7
produced,7
burgess,7
al,7
literature,7
et,7
regional,7
own,7
regions,7
characteristics,7
various,7
april,7
single,7
competition,7
edited,7
gins,7
compiled,7
wright,7
street,7
sell,7
mechanization,7
plantation,7
co,7
effect,7
story,7
hope,7
note,7
george,7
inferior,7
reflected,7
what,7
lengths,7
produce,7
administration,7
went,7
offer,7
green,7
product,7
recent,7
difficult,6
pcs,6
mckinney,6
way,6
later,6
groups,6
occurred,6
total,6
negative,6
lower,6
upland,6
mills,6
help,6
greatly,6
case,6
certifying,6
along,6
burges,6
g,6
relatively,6
century,6
machines,6
compared,6
externalities,6
advantages,6
alabama,6
operation,6
operations,6
card,6
importance,6
factors,6
section,6
cost,6
helped,6
came,6
method,6
late,6
further,6
purchased,6
scale,6
well,6
chopping,6
received,6
significantly,6
legislation,6
next,6
demand,6
still,6
yet,6
purity,6
longer,6
book,6
power,6
leading,6
break,6
larger,6
supplies,6
end,6
widespread,6
free,6
encouraged,6
rare,6
office,6
article,6
structure,6
we,6
increasing,6
circle,6
lemons,6
each,6
alexander,6
coruthers,6
classed,6
vicious,6
maintain,6
both,6
numerous,6
contributed,6
offered,6
develop,6
estimated,5
just,5
protection,5
long,5
processes,5
season,5
secretary,5
utilization,5
diseases,5
survey,5
soils,5
million,5
onevariety,5
september,5
mixed,5
adopted,5
ability,5
adjustment,5
developments,5
six,5
scott,5
hybrid,5
camp,5
support,5
maintaining,5
stand,5
established,5
argued,5
efficient,5
decades,5
standards,5
pounds,5
effort,5
international,5
captured,5
term,5
districts,5
counties,5
stations,5
improve,5
related,5
ten,5
president,5
solution,5
administrator,5
mitchell,5
sufficient,5
oral,5
results,5
fiber,5
led,5
bale,5
strains,5
soon,5
manning,5
watson,5
he,5
memorial,5
toward,5
shows,5
varietal,5
contemporary,5
serious,5
took,5
model,5
saunders,5
alston,5
campaigns,5
station,5
grower,5
trade,5
times,5
played,5
earlier,5
provides,5
systems,5
methods,5
saw,5
relative,5
division,5
tennessee,5
figure,5
testing,5
lost,5
detailed,5
often,5
types,5
fields,5
simply,5
intellectual,5
innovations,5
beginning,5
purchase,5
selected,5
property,5
through,5
varied,5
buying,5
twentieth,5
typically,5
off,5
summary,5
point,5
entire,5
little,5
rate,4
colwick,4
introduction,4
large,4
asserted,4
ms,4
tons,4
generated,4
knowing,4
scientists,4
together,4
improving,4
henry,4
robert,4
faught,4
key,4
america,4
changed,4
porter,4
west,4
except,4
genetic,4
economies,4
registered,4
conducted,4
jr,4
sample,4
wiley,4
turn,4
approved,4
david,4
engineering,4
practically,4
graded,4
loan,4
garside,4
failed,4
hackleman,4
district,4
study,4
white,4
congressional,4
memphis,4
plants,4
statistical,4
clearly,4
weather,4
receiving,4
perspective,4
weak,4
position,4
tyler,4
stoneville,4
irrigation,4
whereas,4
uses,4
demise,4
deal,4
required,4
january,4
technical,4
failure,4
place,4
alan,4
multiplication,4
officials,4
fuzzy,4
suggest,4
panel,4
june,4
productivity,4
paid,4
using,4
provided,4
reducing,4
activities,4
limited,4
return,4
smithdoxey,4
harry,4
percentage,4
official,4
tn,4
planned,4
ewing,4
published,4
catalog,4
fell,4
others,4
classers,4
put,4
added,4
waddle,4
cultivated,4
plan,4
increases,4
cards,4
purposes,4
interview,4
practice,4
mill,4
ibid,4
pooling,4
virts,4
pricing,4
formal,4
including,4
enormous,4
samples,4
significant,4
complicated,4
low,4
peter,4
plains,4
spread,4
premium,4
credit,4
promote,4
qualities,4
k,4
relation,4
james,4
louisiana,4
neely,4
effectively,4
rapidly,4
education,4
known,4
membership,4
set,4
control,4
down,4
cultivation,4
historical,4
meloy,4
advances,4
following,4
wilds,4
proceedings,4
making,4
sowing,4
generally,4
virginia,4
commissioner,4
buy,4
obtain,4
world,4
picker,4
come,4
fibers,4
although,4
need,4
evidence,4
specific,4
bylaws,4
traditional,4
willis,4
now,3
created,3
red,3
alone,3
manuscript,3
leding,3
betts,3
exceptions,3
plantations,3
chief,3
meade,3
file,3
inc,3
concentrated,3
promoting,3
cobb,3
reasons,3
shepherd,3
classified,3
political,3
context,3
marketed,3
issue,3
task,3
primary,3
great,3
quantities,3
possible,3
machinery,3
standardization,3
julian,3
wallace,3
member,3
review,3
severe,3
immediate,3
since,3
due,3
neighbors,3
defacto,3
convention,3
comprised,3
soxman,3
estimates,3
cases,3
nelson,3
systematically,3
amount,3
modernity,3
dates,3
crawford,3
ginners,3
impartial,3
rights,3
poor,3
organizing,3
process,3
eight,3
miscellaneous,3
facilitated,3
branch,3
prevent,3
benefited,3
duke,3
riverside,3
beyond,3
queen,3
faced,3
nancy,3
declined,3
treatments,3
missouri,3
monopolist,3
suitable,3
initial,3
accurately,3
equal,3
durham,3
stock,3
appears,3
inches,3
explain,3
expensive,3
gained,3
kelly,3
whole,3
distributors,3
tracy,3
creating,3
least,3
ratios,3
sense,3
order,3
around,3
multiple,3
peak,3
gene,3
progress,3
notes,3
florida,3
invest,3
san,3
business,3
insects,3
impacts,3
short,3
durable,3
musoke,3
shipped,3
southeast,3
evolved,3
neither,3
participants,3
included,3
largest,3
handling,3
increasingly,3
rise,3
volume,3
starting,3
harrison,3
paul,3
frederick,3
fact,3
lack,3
idea,3
reform,3
substantially,3
considerable,3
delint,3
seeding,3
fundamentally,3
discussion,3
previously,3
causes,3
net,3
remaining,3
august,3
allowed,3
started,3
so,3
fred,3
annually,3
chapel,3
become,3
mr,3
probably,3
durango,3
attention,3
concluded,3
enough,3
seasons,3
continued,3
staples,3
claimed,3
transformation,3
efficiency,3
meant,3
hancock,3
quantitative,3
associated,3
material,3
changing,3
equipment,3
offers,3
natural,3
cox,3
half,3
losses,3
obviously,3
benefit,3
william,3
whether,3
particular,3
nearby,3
extent,3
emphasis,3
bought,3
recommended,3
must,3
introduced,3
step,3
coclanis,3
oil,3
gain,3
stine,3
mcclelland,3
reinforced,3
webb,3
inefficient,3
textile,3
producer,3
bargaining,3
adopting,3
harvester,3
initiated,3
chemical,3
range,3
specialists,3
smaller,3
contamination,3
area,3
joaquin,3
christidis,3
valuable,3
among,3
evidently,3
directors,2
care,2
done,2
meaning,2
cent,2
suggested,2
represent,2
collin,2
berkeley,2
elliot,2
resulted,2
touting,2
determine,2
appear,2
distributed,2
needed,2
obsolete,2
complex,2
beeson,2
osband,2
larry,2
resistance,2
rogers,2
picking,2
completely,2
easily,2
modern,2
discounts,2
comparisons,2
western,2
carroll,2
yielding,2
ambitious,2
faded,2
paper,2
cornell,2
accomplishments,2
edu,2
descriptions,2
revision,2
round,2
consistent,2
highlighted,2
fraction,2
davis,2
embraced,2
experimented,2
handle,2
taken,2
address,2
rapid,2
experiments,2
best,2
assess,2
advantage,2
seller,2
timing,2
origin,2
scheme,2
real,2
jumped,2
traditionally,2
persistence,2
emphasized,2
mail,2
iowa,2
seminar,2
cherry,2
fortune,2
advocates,2
fertilizers,2
existence,2
alfred,2
tripling,2
dr,2
recorded,2
account,2
toothed,2
activity,2
etc,2
consumers,2
austin,2
very,2
classifications,2
undoubtedly,2
letter,2
eroded,2
prevented,2
sand,2
phenomenal,2
repeatedly,2
regarding,2
regularly,2
graders,2
campbell,2
run,2
professor,2
agent,2
interest,2
consumer,2
application,2
align,2
counter,2
salisbury,2
positive,2
kloppenburg,2
difficulty,2
allowing,2
continuous,2
properly,2
island,2
bennett,2
helping,2
kentucky,2
generation,2
poorly,2
referred,2
shipping,2
statements,2
middling,2
performance,2
declaring,2
weighted,2
hughes,2
analyzes,2
cully,2
legal,2
generating,2
helms,2
consequences,2
moreover,2
ames,2
bulow,2
bledsoe,2
exceptional,2
favor,2
remarks,2
bad,2
plus,2
consider,2
signed,2
organization,2
river,2
dated,2
quoted,2
days,2
n,2
impact,2
harvested,2
contemporaries,2
listed,2
situations,2
experienced,2
superior,2
valued,2
shorter,2
statement,2
predates,2
ballard,2
your,2
mcwhorter,2
terminology,2
seedsman,2
providing,2
view,2
opening,2
path,2
yuma,2
called,2
color,2
seven,2
circa,2
facilitate,2
requirements,2
pioneer,2
representative,2
collectively,2
exactly,2
focused,2
dropped,2
leonard,2
fisher,2
catalogs,2
suffered,2
excellent,2
placed,2
merrill,2
conferences,2
hopper,2
wide,2
near,2
eliminate,2
directly,2
hog,2
having,2
participation,2
accounting,2
vincent,2
preferred,2
ginner,2
claim,2
concept,2
prominent,2
brought,2
nc,2
civil,2
clearer,2
revealed,2
gave,2
rewarded,2
policies,2
keep,2
actually,2
falling,2
structures,2
runs,2
beltwide,2
emancipation,2
forces,2
away,2
reflect,2
employed,2
nor,2
wheat,2
griliches,2
multiplicity,2
successful,2
ago,2
working,2
tom,2
reliable,2
insecticides,2
willa,2
moder,2
stimulated,2
involved,2
pike,2
highly,2
choose,2
grow,2
amounted,2
choosing,2
essentially,2
boundaries,2
coachella,2
majority,2
purpose,2
hybrids,2
subsequently,2
morphology,2
critical,2
critics,2
classic,2
shafter,2
exception,2
gaining,2
narrowing,2
authorizing,2
july,2
above,2
expenditures,2
make,2
comments,2
initially,2
hold,2
relationship,2
once,2
contributing,2
selling,2
push,2
marginal,2
wasson,2
thought,2
message,2
roper,2
assisting,2
us,2
adjusted,2
lacked,2
costs,2
organize,2
sector,2
operators,2
seeders,2
enclaves,2
lewis,2
klug,2
passed,2
reporting,2
financial,2
analogous,2
turner,2
treatment,2
head,2
exclusion,2
daily,2
plagued,2
discussed,2
hand,2
present,2
ballinger,2
developing,2
buyer,2
until,2
council,2
perhaps,2
sherbakoff,2
project,2
guarantees,2
mechanically,2
remove,2
able,2
classes,2
apt,2
investment,2
success,2
stronger,2
farming,2
helps,2
arose,2
tripp,2
emphasize,2
refers,2
factor,2
evolution,2
reinforcing,2
subsequent,2
xv,2
loosely,2
three,2
modem,2
modernization,2
rains,2
workers,2
held,2
obtained,2
black,2
martin,2
educational,2
date,2
overcome,2
nobody,2
can,2
contracts,2
mauersberger,2
versus,2
whatley,2
quarterly,2
widely,2
enumerated,2
depressed,2
backward,2
nationally,2
coupled,2
popularity,2
usually,2
foreign,2
outsiders,2
stocks,2
ordinary,2
institutions,2
ofthe,2
contribution,2
furnish,2
indicate,2
stage,2
introductory,2
responsible,2
analysis,2
mckeever,2
existed,2
implications,2
get,2
served,2
mcdaniel,2
durability,2
bates,2
environment,2
share,2
authorities,2
bode,2
comes,2
conclusion,2
conjunction,2
leland,2
macormac,2
bushel,2
pollination,2
record,2
obsolescence,2
pt,2
ran,2
hilgard,2
blair,2
hoover,2
shares,2
contained,2
species,2
leaders,2
appendix,2
harvest,2
particularly,2
sc,2
asserting,2
equilibrium,2
associations,2
differed,2
aiken,2
director,2
assessment,2
lowery,2
ofagricultural,2
sectors,2
them,2
rising,2
leffler,2
remained,2
dallas,2
theory,2
while,2
institute,2
grades,2
agreed,2
baum,2
suggests,2
threat,2
agelasto,2
size,2
conference,2
burden,2
researchers,2
level,2
thereby,2
sea,2
shuts,2
november,2
giving,2
egyptian,2
agents,2
tag,2
commodities,2
mention,2
isolated,2
drive,2
our,2
darst,2
devoted,2
examples,2
difference,2
intensified,2
donald,2
steam,2
samuel,2
instead,2
phone,2
you,2
effects,2
voluntary,2
indices,2
anonymous,2
needs,2
charles,2
gavin,2
themselves,2
last,2
johnson,2
holley,2
create,2
substantial,2
interaction,2
abandoned,2
winston,2
taylor,2
cross,2
should,2
building,2
richards,2
workings,2
close,2
gold,2
billy,1
pneumatic,1
final,1
deltapine,1
go,1
advertised,1
thwarted,1
currently,1
releases,1
paralleled,1
flow,1
limits,1
prefer,1
evaluations,1
concerned,1
indicated,1
rev,1
wofford,1
names,1
asymmetric,1
stood,1
pair,1
fraudulent,1
unpleasant,1
concern,1
fractions,1
admin,1
everyone,1
affected,1
interfirm,1
strengthen,1
margins,1
offset,1
intriguing,1
ultimate,1
starts,1
notably,1
pushed,1
crossing,1
passing,1
expect,1
bakersfield,1
becoming,1
center,1
subcontracted,1
replaced,1
rayon,1
perpetuate,1
saved,1
envisioned,1
illegal,1
kinds,1
saws,1
intertemporal,1
agency,1
ample,1
fed,1
designed,1
picked,1
philanthropic,1
formed,1
second,1
authority,1
regulations,1
units,1
indiscriminately,1
complement,1
ofu,1
ostensibly,1
rewards,1
mexican,1
arrangement,1
outpaced,1
country,1
considerations,1
decade,1
collection,1
acceptance,1
earnest,1
devices,1
fixed,1
prhode,1
virtually,1
unincorporated,1
sr,1
nineteenth,1
jerome,1
controlled,1
basil,1
distilled,1
landowners,1
wilt,1
baker,1
par,1
warehouse,1
cutting,1
experience,1
macon,1
expanding,1
aside,1
else,1
either,1
humble,1
wrong,1
invention,1
jackson,1
preceding,1
ways,1
distinguishing,1
pervasive,1
morelli,1
ii,1
attempts,1
sampling,1
might,1
possesses,1
beltsville,1
arrival,1
degree,1
artificially,1
interrelated,1
goal,1
hauling,1
supplied,1
massimo,1
gary,1
containing,1
dramatically,1
comparatively,1
shaped,1
agronomy,1
copy,1
continue,1
twenty,1
secondary,1
assertion,1
convert,1
alolmstead,1
turnover,1
thank,1
differences,1
ofd,1
roland,1
germination,1
assembled,1
liverpool,1
achievement,1
follows,1
rule,1
studied,1
proves,1
munitions,1
banding,1
tx,1
take,1
spinners,1
efficiently,1
wealthy,1
achieved,1
roosevelt,1
fresh,1
patterned,1
mimeo,1
separated,1
pickers,1
miles,1
universal,1
mechanism,1
reserved,1
profitable,1
solved,1
sheet,1
surveys,1
administered,1
daniel,1
minimized,1
deteriorated,1
stringiness,1
side,1
globe,1
occasional,1
impartially,1
habitual,1
shelby,1
governmental,1
besides,1
embracing,1
clarence,1
roy,1
eastern,1
chemically,1
assertions,1
king,1
bur,1
money,1
capacity,1
misreading,1
mass,1
expenses,1
tenth,1
hall,1
bandwagon,1
jack,1
oftechnological,1
indirectly,1
uneven,1
discrepancies,1
prior,1
capable,1
implies,1
planters,1
open,1
condition,1
tractors,1
facilitating,1
schedule,1
chartered,1
establishing,1
magnified,1
earn,1
monopolists,1
alter,1
obvious,1
purchases,1
fine,1
irrigated,1
apart,1
taking,1
variations,1
say,1
reflecting,1
supervision,1
recoup,1
handicaps,1
bourland,1
goods,1
sent,1
selecting,1
laws,1
cited,1
compares,1
enter,1
himself,1
facto,1
fitzgerald,1
chronic,1
urging,1
gardner,1
unrecognized,1
behavior,1
attract,1
diversity,1
sulfuric,1
surplus,1
hudson,1
succeed,1
complained,1
etntc,1
shortchanged,1
penalty,1
phase,1
centralized,1
ronald,1
differential,1
surely,1
fayetteville,1
purportedly,1
relationships,1
southwestern,1
thirtyseconds,1
proceeded,1
icer,1
greenville,1
spectrum,1
difficulties,1
utopian,1
handwriting,1
demanded,1
analyzing,1
misgrading,1
realized,1
de,1
paradoxically,1
proliferated,1
characteristic,1
janet,1
relinquished,1
passage,1
thinned,1
spot,1
competitor,1
walter,1
uniformity,1
tied,1
overpaid,1
fabrics,1
type,1
dick,1
ucdavis,1
extensively,1
expected,1
admitted,1
affairs,1
cothren,1
admixture,1
conveyance,1
inserted,1
ct,1
destroyed,1
haunted,1
stored,1
legally,1
patch,1
displays,1
stokes,1
fees,1
crosses,1
averaging,1
depend,1
refer,1
concerning,1
causing,1
approval,1
contrary,1
instructions,1
withdraw,1
ithaca,1
compulsory,1
serving,1
restrict,1
handbook,1
stipulated,1
egypt,1
third,1
clock,1
jacob,1
truly,1
publications,1
like,1
upturn,1
marvelous,1
savvy,1
drawn,1
tenants,1
stimulating,1
instruments,1
interlocking,1
spite,1
outflow,1
tentatively,1
apparently,1
clientele,1
truck,1
quisenberry,1
collects,1
loans,1
implementation,1
scholarly,1
seeder,1
perfect,1
homegrown,1
aim,1
offices,1
opposed,1
trucked,1
utilizes,1
alive,1
clog,1
reflects,1
identification,1
predicted,1
specialist,1
exact,1
observers,1
mattered,1
iranzo,1
principally,1
aimed,1
federal,1
main,1
cleaned,1
predictably,1
remain,1
circularno,1
possession,1
repeal,1
basic,1
landscape,1
capture,1
highway,1
exercise,1
lasting,1
knew,1
goes,1
accurate,1
comply,1
determining,1
neighborhood,1
granted,1
associate,1
locations,1
hazardous,1
recently,1
parts,1
milton,1
ix,1
contributions,1
references,1
enacted,1
empowered,1
lacking,1
boyd,1
productive,1
scattered,1
supposed,1
lots,1
qualify,1
understand,1
voluntarily,1
vastly,1
playing,1
costing,1
possibly,1
tailored,1
image,1
fertilizer,1
emergence,1
susana,1
presumably,1
warren,1
driven,1
gradually,1
germane,1
kohel,1
frequently,1
hastened,1
profile,1
periodically,1
commonly,1
scuttle,1
ups,1
additional,1
dept,1
orchestrating,1
requested,1
exceed,1
followed,1
consequence,1
requires,1
hereafter,1
conditional,1
guidance,1
hit,1
reevaluating,1
vehicles,1
projected,1
strategy,1
trained,1
stands,1
atlanta,1
bureaucracy,1
opponents,1
munger,1
ordinarily,1
exacerbate,1
closely,1
advance,1
formidable,1
understate,1
lead,1
geoffrey,1
compress,1
ga,1
unanimous,1
location,1
brookings,1
blamed,1
withheld,1
appearance,1
train,1
graphing,1
midtwentieth,1
ofplanting,1
hands,1
strength,1
typical,1
access,1
against,1
chopped,1
wiped,1
true,1
ci,1
prepare,1
rooms,1
criticisms,1
shelagh,1
noting,1
pureline,1
wayne,1
percentages,1
inaugural,1
base,1
desideratum,1
lent,1
density,1
sparse,1
partially,1
outset,1
mackay,1
pointing,1
informed,1
transactions,1
longand,1
ofakerlof,1
clumping,1
precautions,1
agreements,1
population,1
devoid,1
tailor,1
meet,1
exert,1
crichton,1
steele,1
however,1
procedures,1
rest,1
guarantee,1
fledgling,1
opposition,1
lease,1
metering,1
bastion,1
fixtures,1
maturing,1
silver,1
aspects,1
outstanding,1
products,1
none,1
unequal,1
line,1
bumble,1
pima,1
minute,1
viability,1
strict,1
nine,1
dissatisfaction,1
prized,1
dulled,1
pricesfor,1
differ,1
london,1
cleaning,1
linters,1
knowledge,1
reduction,1
italy,1
unc,1
nation,1
comment,1
tenure,1
tune,1
feared,1
woodland,1
surprise,1
loss,1
fit,1
consistently,1
older,1
fail,1
riders,1
issues,1
collective,1
climatic,1
contains,1
seigler,1
grain,1
rows,1
dispense,1
ntr,1
call,1
reginned,1
occupied,1
mated,1
cry,1
institution,1
anything,1
overseas,1
rex,1
couple,1
preparation,1
monopoly,1
savings,1
endorsement,1
maulhardt,1
presentations,1
gap,1
chemistry,1
barr,1
susanna,1
gresham,1
hal,1
strove,1
running,1
worked,1
optimal,1
giant,1
correct,1
describing,1
presented,1
hard,1
field,1
below,1
useful,1
wi,1
shaping,1
prevalence,1
deborah,1
consolidation,1
exclude,1
hence,1
heart,1
emerging,1
kent,1
reporter,1
sole,1
upshot,1
specified,1
initiating,1
dealers,1
separately,1
driving,1
accomplished,1
migration,1
stanley,1
dramatic,1
clyde,1
wholesale,1
toehold,1
foremost,1
fully,1
descendants,1
underway,1
inability,1
offspring,1
sharer,1
paralleling,1
dependent,1
pays,1
proper,1
unpleasantness,1
cycle,1
restructure,1
structured,1
carlton,1
potentially,1
substituted,1
weigh,1
newly,1
preliminary,1
finds,1
cheating,1
heyday,1
aggregate,1
triangle,1
geographical,1
promising,1
purchasing,1
rigidity,1
contacted,1
society,1
input,1
edmonds,1
periods,1
inspection,1
hauled,1
specifying,1
industries,1
grousing,1
transcended,1
margo,1
catalysts,1
sons,1
investigating,1
roughness,1
exterior,1
middlemen,1
matter,1
publishers,1
bringing,1
requirement,1
prohibitively,1
scientific,1
bred,1
marketingpractices,1
redesign,1
distorted,1
shields,1
mechanisms,1
indeed,1
labors,1
comparative,1
expansion,1
intended,1
wait,1
brief,1
commit,1
salesmen,1
upward,1
disinclination,1
mechanize,1
grande,1
cultivar,1
expanded,1
got,1
folded,1
interactions,1
bankers,1
responsiveness,1
experiences,1
simplifying,1
dardized,1
incredibly,1
collapsed,1
distribute,1
roads,1
hitherto,1
cultivate,1
surveyed,1
hobbyhorse,1
innovation,1
ginnery,1
standardize,1
competitiveness,1
exceeded,1
plow,1
supplier,1
infeasible,1
guide,1
nevada,1
loaded,1
bonanza,1
harvesting,1
nappiness,1
unintended,1
gilbert,1
recognized,1
fair,1
arrangements,1
intense,1
moses,1
rules,1
pinal,1
lemon,1
happened,1
serve,1
aciddelinted,1
buyback,1
fifth,1
quantify,1
equally,1
thesis,1
today,1
processing,1
achieve,1
homogeneous,1
culp,1
light,1
assistance,1
shock,1
herbert,1
sharply,1
warehousemen,1
ofpolitical,1
illustrated,1
qualified,1
beginnings,1
processed,1
arranging,1
exit,1
enterprises,1
monopolized,1
avoided,1
fairly,1
double,1
regardless,1
ordinance,1
organizations,1
goals,1
name,1
successfully,1
durablegoods,1
omission,1
ride,1
sulphuric,1
technique,1
again,1
fin,1
europe,1
similarly,1
fundamental,1
cheaply,1
flat,1
projects,1
water,1
five,1
humidity,1
herbicides,1
averages,1
causality,1
expose,1
cheated,1
consideration,1
limit,1
preserve,1
deterioration,1
cumulative,1
striking,1
email,1
aegis,1
totals,1
centered,1
powerless,1
appeared,1
documents,1
revenue,1
regulation,1
choice,1
disliked,1
inconsistency,1
really,1
habitat,1
sowed,1
pray,1
clump,1
takeoff,1
emphatic,1
dampened,1
variation,1
charges,1
pattern,1
imperfect,1
habit,1
never,1
ages,1
disseminate,1
stuff,1
v,1
ground,1
riding,1
centre,1
manner,1
innovative,1
terminator,1
branding,1
existing,1
accepted,1
establish,1
structural,1
contracted,1
requiring,1
necessary,1
burdened,1
rivaling,1
distance,1
spacing,1
spaced,1
lauded,1
gladly,1
compete,1
encountered,1
mechanizing,1
violent,1
original,1
meetings,1
powered,1
subdivision,1
retaining,1
understanding,1
extended,1
vast,1
averaged,1
father,1
incidence,1
disease,1
hartsville,1
cambridge,1
newyork,1
agriculturalprice,1
chiefly,1
upon,1
pave,1
hinder,1
rapidity,1
transformed,1
depended,1
strongly,1
sufficiently,1
court,1
markedly,1
reduces,1
yale,1
omit,1
batch,1
dp,1
prevailed,1
persisted,1
licensed,1
engaging,1
educating,1
ideas,1
harvard,1
catalyst,1
books,1
trend,1
maturation,1
equivalently,1
agnostic,1
individuals,1
trust,1
dealer,1
full,1
raising,1
previous,1
improvements,1
synthetic,1
initiatives,1
countywide,1
described,1
douglas,1
rejected,1
authors,1
grew,1
comprehensive,1
hampered,1
anniversary,1
agreement,1
reputation,1
transpired,1
dominated,1
creditably,1
correcting,1
issn,1
noncertified,1
countries,1
feral,1
ny,1
fellow,1
reformers,1
features,1
stages,1
administrative,1
shortly,1
proximity,1
interacted,1
losing,1
ginnings,1
abundant,1
stagnating,1
latter,1
reuse,1
repeated,1
lighting,1
nonprofit,1
favored,1
preponderance,1
random,1
comparing,1
internal,1
flame,1
commentators,1
akerlof,1
parallel,1
salt,1
evolutionary,1
ocotton,1
dollars,1
juncture,1
indicator,1
oldsouth,1
suffers,1
extra,1
xvi,1
wedge,1
excluded,1
myriad,1
enemies,1
slightly,1
twofold,1
southwest,1
northern,1
attracted,1
workshop,1
figures,1
macmillan,1
save,1
haven,1
tendency,1
joint,1
conveyed,1
chain,1
controversial,1
embodied,1
outright,1
spinner,1
encompassing,1
akerlofs,1
exchanged,1
covered,1
standard,1
pest,1
culmination,1
fails,1
ranging,1
dealing,1
inventors,1
outreach,1
dawn,1
respect,1
median,1
zvi,1
bassett,1
mitigate,1
risks,1
fits,1
road,1
raise,1
ing,1
she,1
independent,1
mixture,1
tenant,1
science,1
movements,1
bulk,1
imbalance,1
naturally,1
practical,1
pieces,1
handing,1
meredith,1
exacerbated,1
select,1
alternate,1
lines,1
fewer,1
discard,1
leslie,1
lobbying,1
contrast,1
investigators,1
means,1
reason,1
team,1
force,1
embodying,1
economists,1
credited,1
recalled,1
proposition,1
inadequate,1
canada,1
covering,1
why,1
statewide,1
fall,1
bureaus,1
researcher,1
transform,1
surprising,1
reds,1
bypass,1
muted,1
horace,1
centuries,1
receive,1
itself,1
eugene,1
pressures,1
influencing,1
thick,1
stable,1
joseph,1
addressed,1
detail,1
ensure,1
stapling,1
rarity,1
sections,1
osborn,1
acquired,1
seriously,1
fuzz,1
heavy,1
cultivars,1
elected,1
breach,1
depending,1
soak,1
peoples,1
biography,1
tenancy,1
extensive,1
constituted,1
pace,1
theme,1
dissident,1
woody,1
precise,1
physical,1
ignore,1
ralph,1
carl,1
md,1
text,1
earle,1
appealing,1
organizational,1
command,1
starr,1
sharecropping,1
headed,1
know,1
defining,1
excess,1
tenderability,1
glowing,1
ave,1
hampton,1
monthly,1
readily,1
advertisements,1
proponents,1
scientist,1
specialized,1
insecticide,1
india,1
ratio,1
showcased,1
global,1
sizes,1
aims,1
interested,1
branches,1
seem,1
board,1
referees,1
magnitude,1
sprayed,1
prototypical,1
cochran,1
prominence,1
ofhartsville,1
gc,1
ph,1
argue,1
entrenched,1
dues,1
wall,1
marvin,1
presence,1
current,1
returns,1
sellers,1
eventually,1
searched,1
altered,1
linked,1
collins,1
brazil,1
sustaining,1
twelfth,1
longstanding,1
constant,1
scripps,1
distinctive,1
sharecropper,1
climate,1
biotechnology,1
proposed,1
senate,1
concrete,1
turned,1
andpine,1
animal,1
knows,1
jeremy,1
virtual,1
complications,1
automatically,1
catastrophic,1
fuller,1
reproduce,1
notable,1
combined,1
shipments,1
unique,1
imperfections,1
terms,1
offering,1
list,1
ofeconomics,1
met,1
supports,1
independently,1
dumping,1
add,1
textbook,1
agribusiness,1
pains,1
manufactures,1
firmly,1
sunk,1
shortages,1
unnecessary,1
tightly,1
barriers,1
chapter,1
always,1
array,1
bureaucratic,1
require,1
imperial,1
too,1
phenomena,1
incomes,1
vigor,1
freedom,1
rockefeller,1
monitored,1
apparatus,1
owner,1
occasionally,1
careful,1
bemoaning,1
ruled,1
overseeing,1
conclude,1
testimonials,1
despite,1
revolutions,1
alternatives,1
pecos,1
variability,1
convinced,1
wrought,1
turns,1
subject,1
plans,1
transition,1
clarkville,1
adapted,1
measure,1
hybridization,1
demanding,1
marketingactivities,1
botany,1
divided,1
bees,1
colonial,1
breakthrough,1
exceptionally,1
vocal,1
writing,1
rio,1
coming,1
precision,1
complaints,1
susceptible,1
invested,1
manufacturers,1
turin,1
conducive,1
argument,1
invasion,1
libecap,1
reaction,1
reveals,1
electronic,1
plowing,1
lands,1
advent,1
finding,1
illinois,1
argentina,1
nonlinear,1
materials,1
temperature,1
catch,1
hurt,1
trap,1
recycle,1
ended,1
applicable,1
richard,1
include,1
highyielding,1
harder,1
define,1
mutations,1
southeastern,1
willingness,1
giannini,1
forming,1
trucks,1
embodies,1
extremely,1
madison,1
definitive,1
dispose,1
nonpeak,1
comparison,1
profits,1
potential,1
orchestrated,1
removed,1
ofrepresentatives,1
fluctuated,1
raleigh,1
stemming,1
cheaper,1
era,1
enterprise,1
norman,1
uncertainty,1
fellowship,1
immediately,1
strong,1
willing,1
observed,1
test,1
owners,1
infancy,1
shippers,1
broader,1
meeting,1
successive,1
ca,1
built,1
signals,1
showed,1
costly,1
row,1
fulmer,1
faction,1
hypothesis,1
