WORDCOUNTS,WEIGHT
the,1103
and,761
of,716
in,516
to,322
for,264
a,230
that,185
from,182
revenues,181
by,156
as,150
i,134
were,131
fiscal,122
limited,118
war,103
is,103
government,102
per,99
political,97
was,91
centralization,88
with,86
gold,84
population,81
revenue,75
revolution,73
regimes,73
year,70
pp,67
years,66
see,65
capita,65
data,64
at,61
public,61
economic,59
series,58
press,58
on,57
university,56
one,55
countries,54
history,53
centralized,53
this,53
france,53
s,52
not,52
which,51
absolutist,49
also,49
regime,49
no,48
or,48
country,46
it,45
fragmented,45
tax,45
grams,43
v,43
england,42
french,42
europe,42
than,41
an,41
percent,41
over,41
figures,40
are,40
into,39
spain,39
sample,38
appendix,38
new,37
netherlands,37
first,36
cambridge,36
during,35
group,34
de,34
constitutional,34
second,33
fr,33
dincecco,33
van,31
table,31
each,31
state,30
however,30
all,30
financial,30
prussia,30
total,29
napoleonic,29
after,29
european,29
military,28
central,28
century,28
reforms,28
wars,28
dutch,27
mitchell,27
time,27
ah,27
sweden,27
did,27
journal,26
details,26
italy,26
belgium,26
two,26
denmark,25
had,25
nineteenth,25
since,25
interpolated,25
ones,25
turning,24
warfare,24
such,24
p,24
consists,24
transformed,24
control,24
hoffman,23
price,23
en,23
london,23
oxford,23
only,23
deaths,23
through,23
have,23
market,22
establishment,22
finances,22
though,22
change,22
economy,22
breaks,22
average,22
national,22
be,22
occurred,21
ihs,21
there,21
portugal,21
used,21
parliament,21
annual,21
world,21
figure,21
increase,21
would,21
analysis,21
associated,21
finance,21
revolutions,21
republic,21
coalition,20
nl,20
thus,20
civil,20
monarchy,20
structural,20
included,20
significant,20
variable,20
historical,20
between,20
long,19
conflict,19
sp,19
rates,19
changes,19
points,19
text,19
until,19
major,19
available,18
those,18
fritschy,18
indicates,18
urbanization,18
additional,18
well,18
start,18
results,18
set,18
they,17
established,17
pr,17
its,17
spanish,17
provided,17
rise,17
power,17
use,17
least,17
coup,17
column,17
yearly,17
effects,17
ounces,16
e,16
pounds,16
ru,16
york,16
edited,16
se,16
zanden,16
third,16
britain,16
end,16
polities,16
napoleon,16
british,16
rosenthal,16
modern,15
system,15
taxation,15
development,15
rather,15
na,15
my,15
tmd,15
under,15
crown,15
divided,15
administrative,15
standard,15
best,15
holland,14
point,14
english,14
growth,14
liberal,14
section,14
intermediate,14
led,14
income,14
k,14
effect,14
institutions,14
executive,14
observations,14
states,14
before,13
j,13
regression,13
king,13
higher,13
risk,13
w,13
most,13
populations,13
al,13
more,13
other,13
fragmentation,13
et,13
remained,13
spending,13
variables,13
transformations,13
institutional,13
typically,13
north,13
o,12
authority,12
princeton,12
sources,12
brien,12
onwards,12
great,12
statistical,12
prussian,12
conflicts,12
taxes,12
database,12
panel,12
value,12
tilly,12
but,12
these,12
ordinary,12
acemoglu,12
stable,12
any,12
following,12
dividing,12
both,12
level,12
include,12
increased,12
era,12
among,12
should,12
source,11
kingdom,11
review,11
http,11
may,11
belgian,11
constitution,11
economics,11
because,11
monetary,11
began,11
converted,11
industrial,11
multiplying,11
totals,11
free,11
dummy,11
so,11
united,11
centuries,11
velde,11
early,11
portuguese,10
rate,10
t,10
www,10
debt,10
prior,10
measures,10
old,10
find,10
bonney,10
decades,10
r,10
part,10
statistics,10
when,10
bourbon,10
increases,10
michael,10
rulers,10
esfdb,10
norberg,10
we,10
tests,10
then,10
expenditures,10
absolutism,10
cities,10
pi,10
way,9
revolutionary,9
succession,9
vs,9
hence,9
case,9
takes,9
clodfelter,9
significance,9
richard,9
three,9
wales,9
across,9
glorious,9
equal,9
stock,9
bordo,9
credible,9
notes,9
sovereign,9
break,9
local,9
including,9
exchange,9
regressions,9
independence,9
often,9
austria,9
jan,9
crises,9
evidence,9
commitment,8
cd,8
follows,8
within,8
less,8
millions,8
million,8
due,8
swedish,8
funds,8
displays,8
failed,8
their,8
provinces,8
impact,8
conquest,8
seven,8
danish,8
riding,8
polity,8
philip,8
about,8
largest,8
scotland,8
social,8
mark,8
many,8
do,8
where,8
gdp,8
upon,8
findings,8
tortella,8
times,8
la,8
msb,8
five,8
relevant,8
pt,8
troy,8
governments,8
austrian,8
dk,8
weingast,8
final,7
american,7
studies,7
lower,7
parliamentary,7
taken,7
emerged,7
carlist,7
date,7
epstein,7
italian,7
possible,7
riel,7
cases,7
back,7
lastly,7
just,7
age,7
officer,7
hart,7
m,7
important,7
could,7
international,7
term,7
silver,7
tr,7
significantly,7
approach,7
next,7
strictures,7
korw,7
constraints,7
still,7
shleifer,7
larger,7
john,7
took,7
paris,7
made,7
eighteenth,7
budget,7
net,7
described,7
low,7
period,7
came,7
article,7
pammer,7
yafeh,7
suggest,7
luiten,7
global,7
number,7
making,7
while,7
urban,7
categories,7
nj,7
beck,7
became,7
sussman,7
lists,7
gulden,7
charles,7
seventeenth,7
instance,7
if,6
correlation,6
coups,6
possessed,6
freedom,6
wantje,6
robert,6
california,6
against,6
peter,6
vries,6
turn,6
estimates,6
constitutions,6
dates,6
loan,6
ma,6
his,6
levels,6
certain,6
serial,6
study,6
white,6
mlb,6
david,6
rule,6
patrick,6
wooldridge,6
longman,6
parliaments,6
absolute,6
provincial,6
claim,6
example,6
ten,6
place,6
errors,6
le,6
event,6
involved,6
budgets,6
dependent,6
battle,6
merits,6
nearly,6
willem,6
exceptionalism,6
raise,6
useful,6
shows,6
employed,6
empire,6
coercion,6
routledge,6
alliance,6
robustness,6
harvard,6
ireland,6
individual,6
problems,6
systems,6
james,6
northern,6
means,6
fall,6
txt,6
according,6
what,6
suggests,6
monarchs,6
ac,6
françois,6
uk,6
concise,6
ca,6
common,5
later,5
germany,5
large,5
identify,5
ways,5
union,5
western,5
fixed,5
variety,5
different,5
discretion,5
definition,5
subsequent,5
mimeo,5
forthcoming,5
marjolein,5
iv,5
right,5
account,5
some,5
politics,5
calculated,5
framework,5
guilders,5
ferguson,5
subtracted,5
extraordinary,5
even,5
rights,5
lasted,5
similar,5
importance,5
emergence,5
n,5
defeat,5
method,5
royal,5
bhs,5
out,5
representative,5
gained,5
whole,5
structures,5
stanford,5
smallest,5
around,5
intervals,5
characteristics,5
up,5
society,5
units,5
various,5
brief,5
make,5
single,5
land,5
same,5
recall,5
fell,5
others,5
towards,5
missing,5
head,5
argues,5
sovereigns,5
values,5
services,5
previous,5
collected,5
provides,5
martin,5
thomas,5
methods,5
relative,5
brown,5
note,5
independent,5
who,5
efficiency,5
hi,5
fought,5
campaign,5
grand,5
sums,5
receipts,5
der,5
katz,5
ratio,5
argue,5
domestic,5
observe,5
enemy,5
them,5
terms,5
stability,5
rebellion,5
lucca,5
institute,5
lynch,5
uniform,5
perspective,5
controls,5
finally,5
duchies,5
themselves,5
strong,5
customs,5
popl,4
now,4
limits,4
created,4
hyslop,4
eliminated,4
holstein,4
elaborated,4
douglass,4
mauro,4
ii,4
nature,4
liberty,4
simple,4
throughout,4
take,4
dd,4
eastern,4
characterize,4
move,4
minimum,4
piedmont,4
econometric,4
executives,4
ability,4
adopted,4
encyclopedia,4
amount,4
effective,4
xavier,4
jones,4
battles,4
employ,4
poor,4
l,4
win,4
consider,4
wealth,4
weak,4
four,4
followed,4
faced,4
greater,4
events,4
wietse,4
compute,4
pesetas,4
voort,4
kathryn,4
implement,4
literature,4
dowd,4
streams,4
statistically,4
reported,4
portion,4
casualty,4
highlights,4
he,4
reduced,4
comparative,4
jaggers,4
bon,4
roberto,4
yet,4
arrangements,4
marshall,4
paul,4
technique,4
fact,4
cumulative,4
clarendon,4
documents,4
reform,4
choice,4
godechot,4
crowns,4
thousands,4
heavily,4
lombardy,4
doubled,4
mean,4
completed,4
limitations,4
mata,4
louis,4
robinson,4
purse,4
check,4
continuities,4
daron,4
allowed,4
brewer,4
computed,4
respectively,4
ounce,4
versus,4
relationship,4
gram,4
been,4
fgls,4
pop,4
veenstra,4
transferring,4
princes,4
bimetallism,4
stasavage,4
founded,4
sinews,4
offers,4
alternative,4
econometrics,4
innovations,4
capital,4
iii,4
abbreviations,4
very,4
kreuzer,4
william,4
explanations,4
lessons,4
list,4
particular,4
generally,4
bosnia,4
size,4
colonial,4
fine,4
iberian,4
argument,4
prak,4
ended,4
regular,4
roughly,4
summary,4
comparison,4
c,4
much,4
hans,4
close,4
occur,4
summed,3
difficult,3
does,3
polish,3
declared,3
medieval,3
rev,3
opponent,3
leandro,3
resulted,3
money,3
introduction,3
gelderland,3
stone,3
likely,3
true,3
bias,3
favor,3
assume,3
tafunell,3
escosura,3
attempts,3
chaos,3
restoration,3
killed,3
differences,3
franc,3
assembled,3
improved,3
lees,3
henry,3
rui,3
peso,3
revolt,3
key,3
austriahungary,3
magnusson,3
powers,3
greene,3
x,3
algorithm,3
phase,3
estimating,3
weir,3
dickson,3
thaler,3
carlos,3
forced,3
prados,3
feasible,3
refer,3
approval,3
imt,3
moving,3
contemporaneously,3
nathaniel,3
loans,3
sardinia,3
invaded,3
german,3
notion,3
process,3
players,3
korner,3
direct,3
plots,3
contributions,3
enabled,3
factors,3
moreover,3
schleswig,3
heteroskedasticity,3
reason,3
parentheses,3
wong,3
ms,3
dated,3
edition,3
decade,3
mauersberg,3
obstfeld,3
max,3
shorter,3
origins,3
calculations,3
efficient,3
peninsula,3
willard,3
monarch,3
vicens,3
methodology,3
result,3
closely,3
based,3
priori,3
found,3
strength,3
demands,3
captured,3
governing,3
markets,3
fourth,3
nobles,3
agreements,3
appears,3
basis,3
nogal,3
work,3
future,3
overijssel,3
fit,3
actually,3
rjb,3
reconsidered,3
francs,3
martinsson,3
project,3
ucla,3
bodies,3
hungary,3
quarterly,3
preceded,3
macroeconomic,3
lauenburg,3
correct,3
caused,3
alto,3
emerging,3
schularick,3
small,3
several,3
venetia,3
decline,3
vive,3
always,3
scott,3
st,3
maddison,3
comprised,3
describes,3
estates,3
woolf,3
estadisticas,3
knowledge,3
jeffrey,3
periods,3
will,3
unification,3
incentives,3
indeed,3
giovanni,3
toniolo,3
above,3
carreras,3
southern,3
positive,3
measure,3
breuilly,3
turmoil,3
interpretation,3
paradox,3
official,3
dummies,3
complete,3
pound,3
robust,3
reports,3
inhabitants,3
law,3
stronger,3
spend,3
death,3
averages,3
fundamental,3
checks,3
casualties,3
valerio,3
discussed,3
never,3
hand,3
present,3
unit,3
rosenthai,3
shifts,3
another,3
credit,3
strengthened,3
disease,3
hypotheses,3
sacks,3
maria,3
congress,3
evolution,3
hearder,3
chosen,3
dating,3
hohenberg,3
trade,3
clear,3
co,3
held,3
like,3
features,3
comin,3
internal,3
spreads,3
palo,3
niall,3
examine,3
structure,3
story,3
macmillan,3
industrialization,3
specifications,3
me,3
provide,3
palgrave,3
habsburg,3
lost,3
establish,3
force,3
cadastre,3
lawrence,3
flandreau,3
indicate,3
why,3
introductory,3
joel,3
morys,3
considered,3
claims,3
bates,3
exercised,3
mathias,3
must,3
unavailable,3
finanzstrukturen,3
monthly,3
reversal,3
coefficients,3
weber,3
mokyr,3
reign,3
selected,3
imposed,3
theory,3
bairoch,3
foundations,3
secure,3
conference,3
peace,3
brabant,3
federico,3
schon,3
exceeded,3
arguments,3
proceeds,3
false,3
formation,3
moderate,3
models,3
unable,3
difference,3
reveals,3
twentieth,3
jacques,3
crisis,3
correlated,3
d,3
computation,3
constructed,3
integration,3
classification,3
rest,3
given,3
traditional,3
taylor,3
empirical,3
hypothesis,3
scandinavian,2
juan,2
democracy,2
entities,2
go,2
corrects,2
statistique,2
implemented,2
jonker,2
ols,2
groups,2
either,2
fractions,2
modernize,2
henshall,2
elliot,2
extend,2
determine,2
offset,2
gustav,2
conversion,2
shocks,2
replaced,2
myth,2
kucher,2
continent,2
dupaquier,2
expenditure,2
jonathan,2
atjeh,2
cust,2
lindert,2
classify,2
ricuperati,2
exceptions,2
guinnane,2
chief,2
sequential,2
steven,2
negative,2
tc,2
std,2
consistent,2
estimated,2
rené,2
defeated,2
tracy,2
transitions,2
joost,2
jackson,2
fifteenth,2
spoerer,2
implications,2
altes,2
disturbance,2
bai,2
permanently,2
kroner,2
words,2
together,2
thank,2
timing,2
wade,2
able,2
scheme,2
procedure,2
dev,2
ashton,2
greatly,2
blackwell,2
keith,2
classified,2
wage,2
waterloo,2
luis,2
context,2
kingdoms,2
yishay,2
daunton,2
recorded,2
has,2
taille,2
histoire,2
u,2
incorporate,2
discuss,2
vol,2
marc,2
determined,2
marked,2
illustrate,2
appendices,2
barry,2
variations,2
say,2
timothy,2
cole,2
apply,2
lira,2
financiën,2
exist,2
relies,2
goal,2
includes,2
transleithania,2
sked,2
phyllis,2
responded,2
relationships,2
madrid,2
severe,2
mine,2
run,2
pd,2
republiek,2
tournois,2
ct,2
clark,2
veto,2
output,2
allowing,2
compared,2
truly,2
rosen,2
y,2
revt,2
corrected,2
tot,2
sutherland,2
delivered,2
error,2
added,2
monopolies,2
without,2
federal,2
nr,2
how,2
investigation,2
afterwards,2
capture,2
bond,2
johannes,2
rats,2
granted,2
kiser,2
grew,2
parts,2
hovy,2
support,2
references,2
affect,2
sorts,2
macartney,2
warren,2
squares,2
house,2
annuaire,2
reales,2
too,2
show,2
pierre,2
strengthen,2
bureaucracy,2
uses,2
inflation,2
pc,2
proxied,2
brennan,2
lains,2
societies,2
called,2
eh,2
sumatra,2
effort,2
deal,2
groningen,2
near,2
almost,2
base,2
evaluate,2
late,2
unions,2
further,2
reasons,2
bicameral,2
bullion,2
province,2
schneider,2
biases,2
applied,2
otherwise,2
outside,2
perform,2
explain,2
required,2
throne,2
balance,2
influenced,2
affair,2
nonoverlapping,2
improve,2
none,2
pedro,2
autocracy,2
gains,2
scope,2
received,2
role,2
del,2
angus,2
county,2
admiralty,2
kristen,2
reduction,2
zollverein,2
parameters,2
loss,2
tale,2
policies,2
reduces,2
runs,2
kings,2
exogenously,2
systematic,2
oaa,2
alan,2
interpreted,2
sterling,2
shapiro,2
carpanetto,2
olson,2
published,2
gelabert,2
wounded,2
los,2
sense,2
debts,2
josé,2
investors,2
quinn,2
order,2
sharp,2
submit,2
het,2
consensus,2
multiple,2
routine,2
levied,2
acts,2
andrei,2
cardoso,2
progress,2
majority,2
harvey,2
burdekin,2
brecke,2
south,2
therefore,2
poland,2
proxy,2
logarithm,2
esteves,2
gabriel,2
birmingham,2
lynn,2
short,2
holtman,2
brian,2
intended,2
classic,2
sargent,2
reduce,2
july,2
zumer,2
currencies,2
micheal,2
hold,2
selection,2
oakley,2
percentage,2
robin,2
competition,2
lagged,2
q,2
tp,2
makes,2
happened,2
voorstel,2
albert,2
east,2
windows,2
bo,2
home,2
infrastructure,2
rockoff,2
assimilated,2
totales,2
nuisance,2
avoided,2
considers,2
chose,2
britannica,2
yves,2
resolution,2
olivares,2
again,2
jushan,2
towns,2
addition,2
perron,2
saldi,2
longer,2
lack,2
limit,2
pressure,2
impractical,2
omitted,2
arthur,2
bradford,2
question,2
enough,2
nathan,2
likelihood,2
keefer,2
model,2
friesland,2
renaissance,2
coincided,2
kaiser,2
disparity,2
wartime,2
winks,2
eds,2
inglorious,2
railways,2
reflected,2
mcguire,2
lags,2
simon,2
nonetheless,2
private,2
wished,2
zeeland,2
paying,2
turkey,2
beller,2
parameter,2
markoff,2
monty,2
wrigley,2
een,2
herbst,2
cisleithania,2
improvements,2
requests,2
edling,2
transformation,2
kronor,2
authors,2
scandinavia,2
agreement,2
dominated,2
logic,2
amounts,2
orjan,2
ri,2
revised,2
reformers,2
knack,2
high,2
am,2
sieges,2
segment,2
spent,2
favored,2
oecd,2
blayo,2
can,2
construction,2
departmental,2
decadenza,2
consecutive,2
fe,2
papal,2
destruction,2
atlas,2
examines,2
separate,2
limiting,2
christian,2
oa,2
absolutes,2
africa,2
continued,2
foreign,2
hill,2
reasonable,2
begin,2
widespread,2
abnormal,2
migdal,2
contribution,2
rapidly,2
length,2
responsible,2
nationalization,2
dead,2
frey,2
itself,2
angeles,2
eugene,2
meant,2
storia,2
feijo,2
jespersen,2
naples,2
summerhill,2
carr,2
geographic,2
hirst,2
implied,2
precise,2
quantitative,2
levi,2
finanças,2
here,2
xt,2
quickly,2
legislature,2
ni,2
berkeley,2
natural,2
retained,2
worth,2
interested,2
nordstrom,2
last,2
goods,2
constant,2
bin,2
schofield,2
gewestelijke,2
growing,2
korthals,2
transfers,2
whether,2
vanssay,2
supports,2
min,2
unrest,2
exemptions,2
property,2
information,2
batavian,2
thereby,2
cl,2
sea,2
content,2
livres,2
fl,2
com,2
substance,2
dw,2
summarizes,2
varied,2
turkish,2
our,2
come,2
invested,2
offer,2
approximately,2
malet,2
peninsular,2
smaller,2
prosperity,2
defined,2
endogeneity,2
buchanan,2
measured,2
remains,2
shift,2
castile,2
restored,2
west,2
mason,2
russia,2
elites,2
johnson,2
alerted,2
chicago,2
cook,2
johansen,2
norman,2
maximum,2
interaction,2
benchmark,2
comparable,2
sa,1
florence,1
nicholas,1
hl,1
housekeeping,1
incited,1
repay,1
equation,1
ratcheted,1
done,1
triple,1
obligations,1
kandw,1
stuart,1
treaties,1
meaning,1
names,1
suggested,1
designated,1
extreme,1
paolo,1
overstated,1
counteract,1
intriguing,1
sovereignties,1
équivalente,1
swiftly,1
communes,1
elections,1
albeit,1
adoption,1
systemic,1
expect,1
forcing,1
unsuccessful,1
center,1
globalization,1
mounted,1
admirality,1
prime,1
drenthe,1
locked,1
formed,1
informative,1
massa,1
currency,1
sets,1
di,1
completely,1
quadruple,1
johns,1
cliometrics,1
convooien,1
satisfied,1
flows,1
trafalgar,1
former,1
acceptance,1
policy,1
protection,1
comparisons,1
zenuw,1
inequality,1
assisted,1
bend,1
russell,1
gregory,1
edu,1
azores,1
causes,1
nice,1
leipzig,1
helm,1
positives,1
borrower,1
basil,1
rome,1
properties,1
credence,1
leads,1
test,1
uprising,1
incomplete,1
member,1
coding,1
gap,1
provision,1
australia,1
geoffrey,1
venice,1
universitv,1
creation,1
ashgate,1
ghoc,1
rinehart,1
risorgimento,1
contrasted,1
quantitativa,1
cabrai,1
lastgeld,1
absolutists,1
downplay,1
precondition,1
advanced,1
referees,1
active,1
departure,1
globalfinancialdata,1
troops,1
admiralties,1
request,1
blips,1
freidrich,1
leiden,1
attractive,1
moderna,1
tenyear,1
https,1
secondary,1
assess,1
matthias,1
estimation,1
austrohungarian,1
yeilgeld,1
deposed,1
gradual,1
unwinhyman,1
wave,1
analyses,1
rich,1
mancur,1
intepretation,1
ingresos,1
proves,1
link,1
substantive,1
farther,1
croom,1
pùblicas,1
resulting,1
half,1
help,1
achieved,1
feature,1
monferrat,1
deane,1
particularism,1
horlings,1
persistence,1
glory,1
bismarck,1
reserved,1
physical,1
adventures,1
coordinated,1
china,1
relations,1
credibility,1
dissolved,1
threshold,1
coffers,1
bohemia,1
seminar,1
gréer,1
rouge,1
citizenship,1
negatives,1
employs,1
measuringworth,1
side,1
tallies,1
fortune,1
depending,1
gelimiteerd,1
promulgated,1
westview,1
pilar,1
conclude,1
autonomous,1
jurisdictional,1
advice,1
crowley,1
bases,1
firm,1
america,1
draw,1
science,1
march,1
presses,1
pisa,1
roger,1
identical,1
chapter,1
uneven,1
flgs,1
oscar,1
sixteenth,1
dissolution,1
reaching,1
sale,1
chartered,1
obvious,1
swoop,1
measuring,1
mercaturae,1
wolters,1
mental,1
thrones,1
desired,1
tto,1
far,1
birth,1
eliminating,1
resources,1
classifications,1
laws,1
cited,1
dynamic,1
quota,1
reconstruction,1
along,1
enter,1
himself,1
deel,1
identifies,1
prevented,1
deserted,1
herzegovina,1
slower,1
collection,1
harold,1
controlled,1
interestingly,1
usage,1
repeatedly,1
ends,1
jesperson,1
software,1
amendment,1
complied,1
collapse,1
eras,1
tonnage,1
merchants,1
proceeded,1
component,1
verenigde,1
aosta,1
professor,1
illustrates,1
objective,1
overlooks,1
demanded,1
analyzing,1
categorized,1
swamped,1
assumes,1
g,1
riego,1
histària,1
interest,1
abnormally,1
relatively,1
te,1
denote,1
convention,1
principalities,1
janet,1
pay,1
universitaires,1
ucdavis,1
suppose,1
tabulated,1
unwilling,1
z,1
kind,1
knud,1
amaru,1
aligned,1
anachronistic,1
nelson,1
defense,1
distinct,1
elements,1
nor,1
items,1
curiously,1
christopher,1
evident,1
profound,1
highest,1
achttiende,1
six,1
inclusion,1
outweigh,1
continuous,1
estimate,1
helpful,1
scripta,1
coinciding,1
prado,1
gilbert,1
seal,1
says,1
look,1
disruptions,1
general,1
hardly,1
unmeasured,1
lender,1
restricting,1
deadliest,1
implementation,1
poverty,1
costa,1
distribution,1
phases,1
mechanisms,1
wounds,1
offices,1
simultaneous,1
overestimated,1
topic,1
wishes,1
beperkt,1
essential,1
lt,1
russian,1
identification,1
nye,1
pj,1
exact,1
act,1
irenten,1
statements,1
devastating,1
bring,1
mattered,1
injuries,1
performance,1
main,1
lars,1
compatible,1
remain,1
calculates,1
sort,1
basic,1
linearly,1
assassination,1
sw,1
biggest,1
coastal,1
incidence,1
histôria,1
tuscany,1
analyzes,1
examined,1
determining,1
ufi,1
undercut,1
supplement,1
luxembourg,1
à,1
entre,1
electorate,1
matched,1
envision,1
adversaries,1
danger,1
tolls,1
resignation,1
persons,1
discoveries,1
dino,1
savoy,1
von,1
risks,1
yxit,1
gathering,1
raymond,1
methuen,1
exceptional,1
giuseppe,1
fervently,1
persistent,1
dean,1
ensure,1
adopt,1
marks,1
cause,1
annendix,1
signed,1
entry,1
river,1
familiar,1
benefits,1
boulder,1
india,1
comune,1
days,1
spirit,1
numbers,1
contemporaries,1
kimberly,1
frequently,1
nascent,1
benefited,1
totaled,1
menu,1
presumed,1
resorted,1
py,1
fundacion,1
democratic,1
experienced,1
stewart,1
powerful,1
harmed,1
peru,1
notions,1
cost,1
putting,1
imprecise,1
fronts,1
derechos,1
permanent,1
crimean,1
guarantee,1
bruno,1
carlo,1
care,1
setup,1
helped,1
export,1
providing,1
nsf,1
holdings,1
experimentation,1
ins,1
expressed,1
standards,1
tariffs,1
legislative,1
econômica,1
ustriahungary,1
endogenous,1
rode,1
confederation,1
lead,1
identifying,1
introduce,1
aftermath,1
locals,1
conservative,1
gelderblom,1
plot,1
erosion,1
search,1
sd,1
amsterdam,1
baton,1
obrien,1
resembles,1
tallied,1
generates,1
monarchies,1
gauge,1
census,1
abdicated,1
diet,1
emerge,1
tràgica,1
administratively,1
econdmica,1
marco,1
academic,1
eliminates,1
handbook,1
kronen,1
economia,1
sociological,1
glyn,1
rightfully,1
zwischen,1
indirect,1
presença,1
française,1
devoid,1
reinforce,1
cannot,1
suffered,1
scale,1
franco,1
placed,1
propositie,1
foreshadowed,1
contos,1
fledgling,1
opposition,1
triumph,1
died,1
decadal,1
hopkins,1
possibility,1
criteria,1
receive,1
holsteinwar,1
failure,1
commitments,1
abuse,1
deutscher,1
trough,1
weidenfeld,1
advisor,1
upheaval,1
distinguish,1
degrees,1
capabilities,1
intense,1
narratives,1
decimalized,1
byron,1
preferred,1
franchise,1
concept,1
gpih,1
debatable,1
nc,1
characterization,1
virtues,1
vetoed,1
annexation,1
unfinished,1
calls,1
arms,1
coded,1
nation,1
undivided,1
forge,1
multiplied,1
irish,1
feared,1
herero,1
nu,1
gave,1
skirt,1
issues,1
demonstrates,1
gianni,1
calculating,1
records,1
jo,1
carrara,1
impositions,1
thereafter,1
binding,1
prisoner,1
saluzzo,1
forces,1
personal,1
mauricio,1
miguelite,1
rivals,1
surrounding,1
frederic,1
haven,1
endorsed,1
nederlanden,1
few,1
sicily,1
vrijhavenstelsel,1
rowe,1
cornerstone,1
rendered,1
assembly,1
trends,1
graduate,1
redistribution,1
shortcomings,1
overhang,1
regions,1
related,1
massacres,1
good,1
eeuwe,1
construct,1
optimal,1
dramatic,1
indicator,1
successful,1
westport,1
working,1
corresponds,1
crosssection,1
lowest,1
afghan,1
grievance,1
fostered,1
crawford,1
things,1
seized,1
straight,1
francoaustrian,1
politically,1
contrast,1
consolidation,1
quite,1
sake,1
headaches,1
eugenia,1
troubles,1
autonomy,1
sufficient,1
eleven,1
concerns,1
republics,1
highly,1
ship,1
components,1
prompted,1
transfer,1
catalonia,1
compromise,1
disparate,1
adhere,1
bids,1
cepr,1
core,1
jumps,1
proper,1
paid,1
computations,1
achieves,1
crime,1
appoint,1
genoa,1
grateful,1
tacitus,1
moved,1
valuable,1
massive,1
geographical,1
invest,1
faber,1
lend,1
partitioned,1
specifying,1
chronological,1
analytic,1
threatened,1
happen,1
liquidados,1
improves,1
san,1
aristocracy,1
arrangement,1
demand,1
annum,1
reductions,1
wald,1
promulgation,1
territorial,1
elimination,1
practices,1
steadily,1
insurrections,1
gather,1
economica,1
squared,1
maderia,1
identified,1
action,1
hide,1
service,1
overall,1
resisted,1
pcse,1
play,1
schemes,1
deadly,1
steps,1
exception,1
unsystematic,1
forbidden,1
denominator,1
april,1
cash,1
saldanhacoup,1
estado,1
harry,1
corsica,1
estimations,1
catastro,1
bewildering,1
experiences,1
strife,1
eui,1
licenten,1
mo,1
roads,1
panelcorrected,1
decisions,1
innovation,1
authoritarian,1
zulu,1
mundial,1
homeland,1
once,1
collect,1
ineffective,1
selling,1
violence,1
reference,1
underdevelopment,1
etat,1
requiring,1
età,1
unitspecific,1
continuity,1
technology,1
restricted,1
combat,1
populated,1
disastrous,1
amidst,1
neither,1
thesis,1
oorlog,1
guerra,1
underestimate,1
riots,1
participants,1
editorial,1
analytical,1
pesos,1
bundesstaaten,1
choices,1
performed,1
cahiers,1
equalized,1
spagnola,1
baltimore,1
ed,1
locality,1
naval,1
broad,1
collective,1
armed,1
department,1
hampden,1
noted,1
inheritance,1
functioned,1
payments,1
company,1
jon,1
generality,1
outbreak,1
endured,1
members,1
name,1
precocious,1
ride,1
similarly,1
put,1
performs,1
mentana,1
efforts,1
consideration,1
gel,1
scholars,1
areas,1
statemaking,1
instability,1
plan,1
enact,1
striking,1
statesman,1
really,1
diverse,1
decreases,1
incorporation,1
ponziano,1
jumped,1
variation,1
resolved,1
program,1
considerable,1
isgdg,1
jump,1
uprisings,1
minister,1
forms,1
conclusions,1
jaime,1
geography,1
manner,1
mondiale,1
innovative,1
tupac,1
southwestern,1
unclear,1
disabled,1
portrayal,1
forth,1
disorganized,1
borrowing,1
duties,1
necessary,1
bbva,1
ceasefires,1
japan,1
governance,1
fundamentals,1
counterpart,1
deficit,1
website,1
distortions,1
won,1
day,1
identifiable,1
violent,1
imagine,1
original,1
temperley,1
collier,1
understanding,1
meaningful,1
vast,1
campaigns,1
negated,1
atlantic,1
intent,1
una,1
semana,1
fio,1
brady,1
shaky,1
range,1
bear,1
sides,1
unica,1
formal,1
unavailability,1
arose,1
enhanced,1
dissolve,1
holt,1
regeneraçâo,1
unpredictable,1
urnal,1
markedly,1
ruling,1
insurrection,1
mosaic,1
concern,1
top,1
tijde,1
asian,1
waste,1
expression,1
combining,1
unfortunately,1
inghist,1
largely,1
operated,1
oppose,1
refers,1
complements,1
curb,1
catalyst,1
rare,1
real,1
franklin,1
tgeld,1
advantages,1
vu,1
initiatives,1
theoretical,1
discontinuities,1
convert,1
vii,1
pattern,1
charge,1
harkens,1
prédation,1
upcoming,1
margaret,1
reality,1
jose,1
b,1
comprehensive,1
maurice,1
soldiers,1
mcfarland,1
essay,1
whereby,1
prevents,1
modena,1
issn,1
eve,1
isles,1
divisions,1
labini,1
collaboration,1
japanese,1
wealthiest,1
nuno,1
course,1
counted,1
kept,1
earlier,1
spam,1
dell,1
losing,1
latter,1
quick,1
valued,1
beyond,1
annually,1
dollars,1
hungarian,1
become,1
successors,1
suffers,1
tactics,1
bureaucracies,1
correction,1
xvi,1
accordingly,1
categorize,1
unites,1
excluded,1
availability,1
doléances,1
revit,1
analyze,1
norton,1
sylos,1
edwin,1
southwest,1
acceded,1
workshop,1
sales,1
saw,1
remarkable,1
stick,1
lang,1
louisiana,1
reckless,1
vain,1
vector,1
applies,1
hunt,1
greenwood,1
space,1
carried,1
incongruous,1
yields,1
dawn,1
monitor,1
reliable,1
applications,1
oh,1
derek,1
circle,1
dual,1
today,1
interdependent,1
george,1
misbehavior,1
segments,1
fiscally,1
stream,1
chance,1
domains,1
edgar,1
practical,1
nonmilitary,1
corsican,1
exacerbated,1
using,1
fuse,1
binary,1
enriches,1
predatory,1
lennart,1
detailed,1
yale,1
privileges,1
worse,1
joachim,1
instituting,1
piazza,1
frames,1
wilhelm,1
moritz,1
exclude,1
noorderkwartier,1
existed,1
surprising,1
carlile,1
equaled,1
ing,1
types,1
instances,1
abdication,1
articles,1
greenback,1
pûblicas,1
sound,1
rigorous,1
definitive,1
matters,1
detail,1
stephen,1
dissertation,1
school,1
obs,1
encompasses,1
assistant,1
admiraliteit,1
suggestions,1
authorities,1
chandaman,1
specification,1
drobak,1
comes,1
conclusion,1
mentioned,1
version,1
humane,1
banco,1
zeeuwse,1
extending,1
simply,1
struck,1
determinants,1
reinforced,1
ehs,1
democracies,1
confounding,1
microhistory,1
marcel,1
separately,1
carbondale,1
rotterdam,1
besides,1
md,1
crosscountry,1
durations,1
sustained,1
utrecht,1
phillippe,1
minimization,1
coincides,1
evade,1
replace,1
partitioning,1
ran,1
continental,1
parma,1
alvarez,1
readily,1
budgetary,1
correspond,1
paper,1
valencia,1
repaid,1
share,1
expanding,1
save,1
approximates,1
nber,1
unknown,1
leaders,1
ph,1
entrenched,1
wealthy,1
tunisia,1
current,1
captures,1
returns,1
vicious,1
reconocidos,1
inquiry,1
plague,1
research,1
brazil,1
twelfth,1
benefit,1
hundred,1
generalized,1
examining,1
sum,1
renteniers,1
chaotic,1
prospects,1
rural,1
proposed,1
hugh,1
ideally,1
better,1
pushing,1
places,1
bavarian,1
scholarly,1
protections,1
combined,1
unique,1
rose,1
worthwhile,1
form,1
accounts,1
met,1
independently,1
revisione,1
maintain,1
covers,1
hoped,1
passed,1
edinburgh,1
angela,1
problem,1
portuguesas,1
annexed,1
characterizes,1
saddle,1
redish,1
castronono,1
require,1
imperial,1
agreed,1
ideal,1
bargain,1
fraction,1
residuals,1
upper,1
follies,1
middle,1
peseta,1
burden,1
aragon,1
researchers,1
monitored,1
little,1
occasionally,1
oneglia,1
code,1
altered,1
ruled,1
attached,1
city,1
preferable,1
despite,1
november,1
paribus,1
subject,1
tried,1
impose,1
lies,1
administration,1
matches,1
putnam,1
histôricas,1
beatrice,1
organization,1
programs,1
lisboa,1
resistance,1
mandingo,1
superior,1
treasury,1
sizeable,1
qualitative,1
garland,1
mention,1
maintained,1
devolution,1
und,1
aims,1
representation,1
bargained,1
imtlucca,1
disentangle,1
sparked,1
primeira,1
tions,1
precision,1
counterrevolution,1
espouse,1
buying,1
suffrage,1
lone,1
adopting,1
spring,1
invisible,1
invasion,1
geld,1
matiners,1
leveled,1
frontiers,1
generate,1
lands,1
trusted,1
amendments,1
donald,1
quotas,1
decrease,1
illinois,1
katharinen,1
boosted,1
comprise,1
nell,1
grant,1
naomi,1
imperative,1
publishing,1
wish,1
emu,1
interpolations,1
contributed,1
joined,1
instead,1
grown,1
integrated,1
proceeding,1
define,1
resembled,1
consumption,1
nogués,1
bernard,1
willing,1
gross,1
levy,1
thomson,1
meiji,1
attempted,1
frederick,1
francisco,1
association,1
speak,1
seventeenthand,1
anonymous,1
territories,1
jefferson,1
surrender,1
laterza,1
lamoreaux,1
substitute,1
distinctions,1
shirked,1
regularity,1
interdisciplinary,1
espana,1
rejection,1
justify,1
negotiate,1
reached,1
avg,1
alberto,1
dark,1
uncertainty,1
texts,1
views,1
substantial,1
verlae,1
lisbon,1
develop,1
divergent,1
censuses,1
winston,1
nicolson,1
glance,1
mint,1
technological,1
whenever,1
programming,1
rivista,1
roles,1
race,1
ceteris,1
