WORDCOUNTS,WEIGHT
the,713
of,361
in,266
to,254
and,202
bank,187
a,141
that,130
s,96
was,96
for,83
new,82
by,71
were,66
york,60
bus,60
on,60
february,58
as,57
credit,53
january,52
march,47
at,44
is,44
securities,44
it,43
notes,43
with,43
their,42
have,41
states,41
united,40
hamilton,39
first,38
from,38
be,36
not,35
its,34
this,34
prices,34
p,33
philadelphia,32
had,32
loans,31
all,29
papers,29
banks,28
duer,28
william,27
one,26
other,26
paper,24
been,23
vol,23
discounts,22
i,22
u,22
million,22
or,22
mccormick,22
which,22
secretary,21
has,21
but,21
would,21
market,20
they,20
than,20
boston,20
biddle,19
may,19
an,19
percent,19
alexander,19
are,18
state,18
constable,18
early,18
will,17
cowen,17
two,17
when,17
national,17
pah,16
his,16
markets,16
during,16
december,16
capital,16
balance,16
wettereau,15
money,15
some,15
time,15
treasury,15
such,14
university,14
he,14
april,14
deposits,14
course,14
however,13
wright,13
business,13
made,13
clement,13
board,13
table,13
every,12
restriction,12
james,12
financial,12
end,12
curtailing,12
banking,12
panic,12
directors,11
if,11
into,11
government,11
there,11
daniel,11
king,11
america,11
no,11
crash,11
after,11
specie,11
up,11
society,11
therefore,11
about,11
sharply,11
also,11
bony,11
see,11
so,11
we,11
mentioned,11
month,11
cash,11
between,11
history,10
those,10
rufus,10
branch,10
discount,10
stock,10
claim,10
institution,10
macomb,10
second,10
pp,10
these,10
more,10
then,10
massachusetts,10
them,10
sheets,10
broker,10
evidence,10
american,9
policy,9
individuals,9
letter,9
public,9
out,9
part,9
several,9
seton,9
did,9
historical,9
curtailment,9
city,9
large,8
total,8
being,8
great,8
robert,8
accommodation,8
operations,8
my,8
late,8
outstanding,8
weeks,8
only,8
can,8
stocks,8
what,8
our,8
discounted,8
debt,7
wolcott,7
within,7
collection,7
amount,7
general,7
main,7
most,7
could,7
speculators,7
events,7
well,7
records,7
others,7
thomas,7
note,7
who,7
fall,7
any,7
must,7
branches,7
both,7
although,7
you,7
north,7
later,6
liquidity,6
library,6
opened,6
pay,6
funds,6
speculative,6
times,6
bills,6
loan,6
without,6
least,6
calling,6
few,6
cashier,6
economic,6
security,6
us,6
same,6
copied,6
john,6
present,6
reversed,6
individual,6
probably,6
george,6
figure,6
five,6
began,6
months,6
oliver,6
according,6
economy,6
while,6
almost,6
press,6
jefferson,6
much,6
now,5
distress,5
essays,5
federal,5
source,5
lower,5
rush,5
j,5
daily,5
take,5
subsequent,5
sheet,5
earlier,5
possible,5
sylla,5
issued,5
response,5
even,5
restricting,5
higher,5
letterbook,5
bonds,5
days,5
four,5
origins,5
followed,5
called,5
failure,5
gore,5
thereafter,5
president,5
newly,5
led,5
yet,5
payments,5
many,5
pennsylvania,5
do,5
sell,5
number,5
another,5
including,5
sic,5
low,5
borrowers,5
continued,5
quickly,5
over,5
post,5
lending,5
abruptly,5
too,5
reported,5
years,5
limits,4
concerned,4
before,4
davis,4
might,4
last,4
system,4
greenspan,4
richard,4
manuscript,4
due,4
application,4
expected,4
columbia,4
van,4
benjamin,4
support,4
n,4
appears,4
directly,4
because,4
instituted,4
example,4
doors,4
personal,4
week,4
change,4
speculations,4
next,4
attention,4
june,4
depression,4
paid,4
aggregate,4
demand,4
stated,4
july,4
holders,4
selling,4
light,4
ed,4
lewis,4
renewed,4
added,4
larger,4
contemporary,4
existing,4
less,4
private,4
discussion,4
confidence,4
office,4
three,4
christopher,4
like,4
period,4
him,4
renewal,4
outside,4
article,4
coordinated,4
checked,4
pintard,4
off,4
why,4
country,4
very,4
chairman,4
cities,4
combined,4
until,4
cambridge,4
washington,4
crisis,4
c,4
given,4
among,4
nicholas,3
archives,3
curtailed,3
repay,3
measures,3
fed,3
likely,3
better,3
position,3
discounting,3
either,3
certainly,3
fund,3
implications,3
taken,3
seems,3
words,3
restrictive,3
thank,3
follows,3
scheme,3
vices,3
date,3
october,3
move,3
dutch,3
issuance,3
far,3
means,3
gras,3
merchants,3
against,3
interest,3
gratz,3
price,3
jr,3
advertiser,3
old,3
blame,3
dates,3
influence,3
process,3
similar,3
reason,3
statistical,3
clearly,3
liberal,3
impact,3
commented,3
beyond,3
requires,3
willing,3
helped,3
view,3
opening,3
came,3
found,3
initial,3
informed,3
cannot,3
information,3
received,3
reserve,3
renewals,3
alan,3
own,3
memoirs,3
monetary,3
trading,3
involved,3
value,3
reducing,3
gibbs,3
bringing,3
action,3
short,3
wrote,3
indeed,3
still,3
above,3
make,3
currency,3
commenced,3
communications,3
interpretation,3
soon,3
under,3
sinking,3
matson,3
garland,3
withholding,3
plan,3
ledger,3
serious,3
hand,3
flooded,3
accepted,3
mercy,3
remained,3
upon,3
increase,3
curtail,3
david,3
started,3
exchange,3
stockholders,3
craigie,3
contraction,3
wilson,3
payment,3
respect,3
exists,3
joseph,3
increased,3
authorities,3
sums,3
excess,3
shares,3
speculation,3
past,3
archival,3
person,3
particular,3
subscriptions,3
reserves,3
went,3
publishing,3
approximately,3
d,3
flooding,3
building,3
major,3
proposed,2
go,2
along,2
common,2
estimated,2
way,2
higginson,2
nationwide,2
heights,2
connecticut,2
prudent,2
likewise,2
ma,2
formed,2
rogers,2
true,2
sudden,2
jonathan,2
former,2
greater,2
bubble,2
occurred,2
princeton,2
test,2
bna,2
member,2
newamerican,2
interests,2
address,2
attempt,2
freely,2
england,2
confirmed,2
company,2
gradual,2
inadvertently,2
corroborate,2
somewhat,2
indebtedness,2
historians,2
capacity,2
circulate,2
primary,2
draw,2
jack,2
quantities,2
slated,2
activity,2
diss,2
desired,2
bottomed,2
minimum,2
complained,2
indicates,2
central,2
andrew,2
explained,2
campbell,2
development,2
run,2
agent,2
commencing,2
squeeze,2
restrict,2
compared,2
third,2
find,2
boom,2
stagnation,2
jail,2
rates,2
error,2
rights,2
high,2
fleet,2
whose,2
rather,2
observers,2
bring,2
how,2
debated,2
myself,2
knew,2
bankruptcy,2
proportion,2
eight,2
keg,2
confederate,2
possibly,2
govemment,2
sum,2
just,2
receiving,2
gradually,2
contemporaries,2
show,2
recovered,2
additional,2
circulating,2
cost,2
instance,2
appear,2
contention,2
declined,2
hands,2
bostonians,2
prepare,2
circulation,2
boyd,2
companies,2
payable,2
wealth,2
safe,2
ofamerican,2
your,2
burrall,2
method,2
drain,2
possibility,2
receive,2
seth,2
suspended,2
having,2
data,2
calls,2
journal,2
caught,2
loss,2
whole,2
precipitated,2
discussions,2
bayley,2
winter,2
nj,2
attributed,2
refuse,2
t,2
officials,2
commerce,2
correct,2
caused,2
working,2
things,2
sharp,2
quite,2
concerns,2
dramatic,2
protect,2
syrett,2
using,2
moved,2
actions,2
dictated,2
behalf,2
lend,2
reduction,2
portion,2
situation,2
lit,2
various,2
expansion,2
schemes,2
comments,2
initially,2
renew,2
abrupt,2
relied,2
antiquarian,2
cazenove,2
push,2
happened,2
borrowed,2
restricted,2
official,2
home,2
adjusted,2
natural,2
warranted,2
noted,2
rise,2
published,2
name,2
book,2
fell,2
powder,2
fact,2
match,2
penned,2
substantially,2
discussed,2
employed,2
borrowing,2
necessary,2
perhaps,2
installments,2
gives,2
day,2
violent,2
charleston,2
analyzed,2
treated,2
dizzying,2
previously,2
kean,2
unfortunately,2
ofthe,2
congress,2
harvard,2
rare,2
securitiesmarket,2
check,2
chosen,2
full,2
finally,2
open,2
clear,2
upcoming,2
b,2
safety,2
august,2
receipt,2
shortly,2
lag,2
latter,2
artificial,2
especially,2
comparing,2
systems,2
trying,2
become,2
effect,2
saw,2
commence,2
tendency,2
summarized,2
sole,2
increasing,2
relationship,2
provide,2
sometimes,2
referred,2
lost,2
deposit,2
worse,2
rapidly,2
supporting,2
centuries,2
instances,2
commenting,2
withdrawing,2
stephen,2
dissertation,2
mcdonald,2
historian,2
following,2
specific,2
here,2
legislature,2
refused,2
gazette,2
finance,2
ratio,2
connection,2
setting,2
down,2
cochran,2
instantaneous,2
ph,2
half,2
report,2
sick,2
thinking,2
cautious,2
quoted,2
beginning,2
succeeded,2
panics,2
proceedings,2
investigation,2
making,2
collector,2
suggests,2
w,2
port,2
radically,2
bought,2
level,2
pain,2
through,2
prospect,2
confirm,2
became,2
role,2
november,2
reversal,2
measure,2
merchant,2
come,2
wild,2
spring,2
finding,2
write,2
aware,2
joined,2
effects,2
bjork,2
offered,2
assumed,2
resources,2
themselves,2
johnson,2
reached,2
bounds,2
comparable,2
recent,2
should,2
meeting,2
close,2
does,1
customers,1
rate,1
mania,1
unwinding,1
owes,1
obligations,1
stuart,1
anthony,1
indicated,1
yards,1
unpleasant,1
encouraged,1
expiring,1
truth,1
everyone,1
college,1
legitimate,1
asset,1
alone,1
extends,1
poorer,1
totally,1
utility,1
plainly,1
distributed,1
per,1
forcing,1
minutes,1
conversion,1
alluded,1
group,1
told,1
fora,1
heretofore,1
denied,1
shoulders,1
tend,1
mad,1
bankofengland,1
loaned,1
authorize,1
english,1
liabilities,1
continent,1
peaks,1
loomed,1
shortfall,1
specified,1
alanning,1
considerations,1
give,1
credulity,1
tempered,1
protection,1
malignity,1
committee,1
cured,1
presents,1
encourage,1
norden,1
sr,1
arrived,1
ofcongress,1
induced,1
conjecture,1
subscription,1
formidable,1
pieter,1
par,1
cutting,1
recourse,1
verplanck,1
accumulation,1
said,1
tumble,1
eitherdavis,1
sources,1
wrong,1
long,1
preceding,1
creation,1
alluding,1
exaggerated,1
underthe,1
phil,1
bodenhorn,1
rapid,1
lamenting,1
cathy,1
ourselves,1
advanced,1
referees,1
nature,1
hatched,1
comparatively,1
services,1
prayed,1
pampered,1
leading,1
accommodate,1
uneasy,1
assertion,1
warm,1
display,1
reasons,1
differences,1
pressed,1
brainchild,1
transferred,1
lumped,1
atlantic,1
plead,1
mississippi,1
providence,1
real,1
restore,1
alden,1
explicated,1
fresh,1
depress,1
devised,1
mind,1
trouble,1
stand,1
remainder,1
reserved,1
opposite,1
snug,1
decreased,1
ruined,1
depleted,1
overfed,1
purchasers,1
declines,1
deteriorated,1
explosive,1
triggered,1
retrenchment,1
akin,1
extend,1
case,1
issue,1
preventing,1
injected,1
existence,1
forthcoming,1
dr,1
intermarket,1
transact,1
tripwire,1
eastern,1
assertions,1
discontent,1
agriculture,1
discuss,1
chapter,1
dreaded,1
account,1
financing,1
backing,1
announced,1
welcome,1
howard,1
morristown,1
marked,1
politics,1
compelling,1
condition,1
player,1
reaching,1
sale,1
abrige,1
establishing,1
adopting,1
reaction,1
functions,1
julian,1
taxation,1
magazine,1
purchases,1
calculated,1
occurring,1
taking,1
combination,1
point,1
except,1
consequent,1
establishment,1
uncertain,1
quantity,1
givers,1
irrational,1
withhold,1
prevented,1
behavior,1
harold,1
learned,1
mistake,1
goal,1
bankarchives,1
accessible,1
endanger,1
influx,1
component,1
severe,1
drastic,1
equalize,1
unger,1
points,1
alarm,1
since,1
corner,1
computerized,1
deducting,1
precipitating,1
curse,1
de,1
g,1
scarce,1
becoming,1
phelan,1
relatively,1
interchangeably,1
publicfinance,1
adopted,1
afford,1
adams,1
depositories,1
dubbed,1
agitation,1
admitted,1
lessening,1
forced,1
seaboard,1
kind,1
exhausted,1
thing,1
occasioned,1
sallies,1
cases,1
nor,1
items,1
pushing,1
interim,1
perspective,1
canal,1
document,1
refer,1
convincing,1
back,1
causing,1
six,1
banker,1
estimate,1
weakening,1
fowler,1
warned,1
obscure,1
ny,1
obliging,1
sterling,1
copybooks,1
phidelphia,1
wounded,1
lender,1
selfimposed,1
renewing,1
infinite,1
unfortunate,1
contracting,1
snowball,1
seventh,1
operation,1
simultaneously,1
wilmington,1
recognized,1
commissioners,1
town,1
bull,1
essential,1
century,1
air,1
predicted,1
mcconmick,1
growth,1
wch,1
countrywide,1
unabated,1
across,1
centered,1
blames,1
ofhis,1
basic,1
en,1
irwin,1
levels,1
andprosperity,1
vitals,1
responded,1
lasting,1
represented,1
granted,1
probability,1
lasted,1
grew,1
fueling,1
headquartered,1
overissued,1
dissenting,1
induce,1
perkins,1
leaves,1
form,1
rata,1
feel,1
arbor,1
augmented,1
consequences,1
valuation,1
fn,1
statepapers,1
references,1
understand,1
pernicious,1
injury,1
accomplishing,1
mans,1
developments,1
partnership,1
circulated,1
bad,1
vastly,1
purchased,1
consider,1
locally,1
capitalization,1
objects,1
spreading,1
curiously,1
emergence,1
dated,1
director,1
numbers,1
placed,1
likened,1
quantify,1
observations,1
threat,1
advancing,1
age,1
powerful,1
pumping,1
follow,1
dimensions,1
substantiated,1
hereafter,1
imminent,1
dominant,1
flow,1
important,1
use,1
coincide,1
suggested,1
providing,1
drawing,1
footnote,1
cut,1
yorkct,1
talking,1
persued,1
moving,1
result,1
closely,1
stockholder,1
ostentatious,1
based,1
assets,1
lead,1
pounds,1
abated,1
dollars,1
blamed,1
mainspring,1
appearance,1
conservative,1
livingston,1
disgusting,1
amsterdam,1
exuberance,1
relating,1
strongly,1
decemberbalance,1
changed,1
countenance,1
census,1
radical,1
accommodations,1
fo,1
burst,1
implemented,1
yorkarchives,1
further,1
paralleled,1
fourth,1
ann,1
prompt,1
imbalances,1
buried,1
promoters,1
dropped,1
michigan,1
intramonth,1
produced,1
persons,1
reinforce,1
meet,1
wherein,1
applied,1
erratic,1
otherwise,1
record,1
perform,1
cabanal,1
sacrifice,1
oh,1
wayne,1
trough,1
r,1
restrain,1
line,1
correctly,1
work,1
commnencing,1
vote,1
writers,1
unless,1
prompted,1
brought,1
attacked,1
rabid,1
stir,1
secret,1
liberality,1
multiplied,1
thoughts,1
platt,1
outlays,1
got,1
shocking,1
year,1
gave,1
morris,1
policies,1
easiest,1
demonstrates,1
hamilfirst,1
keep,1
actually,1
superstructure,1
colossal,1
augment,1
lawsuit,1
undercapitalized,1
werecirculating,1
troup,1
endorsed,1
regulator,1
resort,1
rage,1
delay,1
faras,1
good,1
exemplary,1
creating,1
sense,1
tight,1
responsibility,1
debts,1
excuse,1
senator,1
stringencies,1
order,1
aol,1
squarely,1
hence,1
night,1
insurance,1
arbitrage,1
eeghen,1
dried,1
initiating,1
dealers,1
banknotes,1
wider,1
transfer,1
temporary,1
cool,1
industry,1
disaster,1
breaking,1
amounted,1
ton,1
barron,1
peak,1
decline,1
suddenly,1
usual,1
gambled,1
blessings,1
impossible,1
coast,1
occasions,1
always,1
generally,1
necessity,1
aggressively,1
purpose,1
exclusive,1
consistent,1
proper,1
correspondence,1
explains,1
plausible,1
provided,1
preliminary,1
lincoln,1
gordon,1
bolstered,1
subsequently,1
survived,1
prescribed,1
mess,1
herein,1
highlights,1
furnished,1
sons,1
power,1
fortunate,1
nation,1
reduced,1
obligd,1
matter,1
govenment,1
materials,1
demoralizing,1
paralyzed,1
happy,1
revival,1
located,1
limited,1
tried,1
return,1
prospered,1
merits,1
sop,1
whatever,1
bankers,1
precedes,1
stonny,1
sending,1
repeating,1
triggering,1
movement,1
adjusting,1
seemingly,1
hitherto,1
insert,1
decisions,1
tends,1
direction,1
improprieties,1
spectacular,1
bruchey,1
label,1
percentage,1
imply,1
oxford,1
andfinancial,1
cordials,1
fair,1
refusing,1
arrangements,1
lowpapers,1
makes,1
rumor,1
serve,1
ring,1
columbus,1
inspiration,1
neither,1
perceived,1
acting,1
summing,1
extravagant,1
planned,1
raise,1
collectively,1
abandon,1
performed,1
wiliam,1
baltimore,1
largest,1
insights,1
department,1
savannah,1
gentlemen,1
barrons,1
derieux,1
scrip,1
declining,1
chose,1
investors,1
chagrin,1
liquidated,1
party,1
corporations,1
members,1
resolution,1
fire,1
westward,1
law,1
suit,1
temporarily,1
inundated,1
request,1
lexander,1
stating,1
ask,1
addition,1
deutsche,1
anecdotal,1
belatedly,1
expose,1
admit,1
consideration,1
overwhelming,1
conduct,1
cursed,1
livingstons,1
credits,1
appeared,1
attempting,1
together,1
barrell,1
break,1
richer,1
turnpike,1
warning,1
fallen,1
grows,1
doubt,1
fashion,1
man,1
entertained,1
ought,1
conclusions,1
enough,1
took,1
nyhs,1
everyday,1
where,1
road,1
continuing,1
developing,1
purposes,1
ascribing,1
stadnitski,1
income,1
riley,1
material,1
amno,1
deteriorating,1
charter,1
learnt,1
streets,1
instigated,1
alarmed,1
fonn,1
forecasted,1
degree,1
calculation,1
local,1
imagine,1
original,1
meetings,1
breakdown,1
greatest,1
investment,1
extended,1
vast,1
pricing,1
background,1
easier,1
sober,1
restrained,1
aligning,1
trader,1
delicate,1
enormous,1
sixth,1
medium,1
concern,1
largely,1
speedy,1
edwin,1
factor,1
assume,1
rollovers,1
beneficially,1
band,1
sequence,1
engulfed,1
thereon,1
icy,1
nothing,1
continue,1
supposition,1
trust,1
fantastic,1
previous,1
stopping,1
nevertheless,1
discounter,1
nursing,1
reality,1
adding,1
publication,1
ceasing,1
accounted,1
indicatingthatpotentially,1
disappointed,1
amounts,1
co,1
issn,1
failures,1
resultant,1
pride,1
flood,1
tough,1
summer,1
responses,1
escaped,1
played,1
division,1
collected,1
ended,1
probable,1
attributing,1
prescription,1
believing,1
abundant,1
expressing,1
behest,1
repeated,1
preying,1
accused,1
secretaries,1
facing,1
internal,1
newspapers,1
allusion,1
exaggeration,1
notesand,1
editors,1
narrow,1
elliptically,1
pro,1
exactly,1
displayed,1
accordingly,1
capitalism,1
busfor,1
story,1
contracts,1
astonishing,1
slide,1
figures,1
slowdown,1
versus,1
bearer,1
relative,1
quarterly,1
ago,1
normal,1
brown,1
decision,1
clemnentbiddleletterbook,1
unwittingly,1
limiting,1
bells,1
consists,1
asking,1
bankruptcies,1
assigned,1
fueled,1
gloomy,1
circle,1
me,1
perspectives,1
succinctly,1
replied,1
fairly,1
movements,1
crucial,1
usually,1
foreign,1
vision,1
ataparvalue,1
trended,1
claimed,1
suspected,1
pieces,1
fear,1
reasonable,1
parent,1
citizens,1
stopped,1
speculator,1
dec,1
slow,1
machination,1
preemptive,1
relations,1
detailed,1
bears,1
render,1
credited,1
circumstance,1
monopolize,1
recognize,1
indicate,1
vaults,1
life,1
often,1
satisfaction,1
lowered,1
norton,1
existed,1
transferring,1
depreciated,1
unusual,1
capt,1
paying,1
overexpansion,1
investigate,1
exchanged,1
announces,1
matters,1
quantitative,1
multiple,1
semipublic,1
forthe,1
gpo,1
assistant,1
share,1
infusion,1
magnitude,1
heavy,1
pumped,1
constant,1
confederates,1
mordecai,1
brockholst,1
changing,1
ofboston,1
conjunction,1
conditions,1
biography,1
founded,1
curtius,1
simply,1
scarcely,1
extension,1
known,1
her,1
charles,1
besides,1
allegation,1
convertibility,1
set,1
know,1
exploded,1
unavailable,1
control,1
antidote,1
each,1
readily,1
gale,1
descriptions,1
borrower,1
artifice,1
different,1
organized,1
stretched,1
relieve,1
believe,1
spilled,1
unknown,1
brighten,1
sensational,1
temper,1
scenario,1
sellers,1
foundation,1
concurrently,1
particularly,1
hinted,1
written,1
raphael,1
benefit,1
ordered,1
prospects,1
mass,1
reachd,1
passage,1
conrad,1
assessment,1
absolutely,1
destroyed,1
turned,1
gratify,1
specter,1
tenth,1
scholarly,1
purchase,1
recession,1
unique,1
terms,1
selected,1
offering,1
namely,1
accounts,1
forwarders,1
maryland,1
want,1
orleans,1
cause,1
independently,1
ebullitions,1
add,1
hoped,1
ofnorth,1
clamour,1
packett,1
ceased,1
gambling,1
problem,1
extent,1
correspondent,1
clapham,1
fully,1
getting,1
lafayette,1
dark,1
huge,1
forprices,1
episode,1
agreed,1
missed,1
emphasis,1
virginia,1
strain,1
felt,1
translated,1
conference,1
intention,1
circumstances,1
economist,1
recognition,1
thereby,1
equalization,1
introduced,1
despite,1
practices,1
activated,1
duty,1
easy,1
giving,1
buy,1
plans,1
rendering,1
administration,1
returning,1
step,1
agents,1
everywhere,1
com,1
pencak,1
putnam,1
commodities,1
tender,1
demanding,1
indebted,1
secured,1
appointed,1
world,1
mention,1
ensuing,1
writing,1
think,1
schedule,1
daring,1
analogy,1
proceeds,1
buying,1
ends,1
circumspection,1
triumphing,1
argument,1
unable,1
difference,1
initiated,1
reassume,1
decrease,1
web,1
numerous,1
charge,1
nsing,1
harm,1
offer,1
land,1
need,1
facilitates,1
smaller,1
writer,1
integration,1
regular,1
attempted,1
presenting,1
association,1
rout,1
definitive,1
roughly,1
anonymous,1
manufacturesflourish,1
profits,1
vi,1
supported,1
wondered,1
forrest,1
valuable,1
withdrew,1
mason,1
shrank,1
protested,1
pending,1
supply,1
vary,1
renovating,1
yesterday,1
era,1
pleased,1
tendered,1
reversing,1
views,1
substantial,1
entire,1
lowing,1
verified,1
traditional,1
gulf,1
immediately,1
mature,1
asked,1
sent,1
tuesday,1
utmost,1
gold,1
lused,1
hypothesis,1
