WORDCOUNTS,WEIGHT
the,1407
of,964
in,572
and,566
to,299
corliss,292
a,277
that,252
steam,202
for,198
engines,182
as,175
by,153
engine,148
we,126
is,118
on,118
power,109
was,104
with,104
from,102
it,91
not,86
hp,85
were,85
growth,83
water,79
percent,73
population,66
more,66
which,66
at,64
these,60
data,58
this,57
mills,54
s,53
an,51
other,50
states,50
be,50
manufacturing,49
watermills,49
waterpower,48
are,46
than,46
had,45
petition,45
new,45
large,43
one,43
but,43
thus,42
hence,42
number,42
century,40
per,39
also,38
economic,37
have,37
its,36
buyers,34
industrial,32
time,32
sectors,32
all,31
or,31
trajtenberg,31
total,30
location,30
scale,30
fact,30
average,30
united,30
between,30
there,29
may,29
see,29
about,28
rosenberg,28
role,28
further,27
counties,27
such,26
county,26
industry,26
no,26
table,26
our,26
nineteenth,25
those,25
their,25
so,25
history,24
could,24
iron,24
technology,24
only,24
rolling,24
just,24
gpt,24
some,23
census,23
would,23
both,23
they,22
england,22
very,22
p,22
larger,22
use,22
locations,22
his,21
out,21
users,21
been,21
first,20
many,20
over,20
american,19
into,19
textile,19
important,19
however,19
much,19
prime,18
do,18
where,18
then,18
what,18
urban,18
press,18
e,17
providence,17
products,17
state,17
key,17
general,17
costs,17
university,17
cotton,17
second,17
industrialization,17
particular,17
rhode,16
even,16
turn,16
cost,16
because,16
purpose,16
island,16
up,16
indeed,16
two,16
played,16
capital,16
did,16
far,16
h,15
textiles,15
estimates,15
impact,15
whereas,15
during,15
pennsylvania,15
appendix,15
quite,14
still,14
technologies,14
significant,14
each,14
u,14
capita,14
them,14
through,14
technological,14
sources,13
processes,13
design,13
vol,13
after,13
most,13
sites,13
used,13
atack,13
horsepower,13
locational,13
variables,13
accounted,13
detailed,13
analysis,13
transportation,12
if,12
adoption,12
equations,12
source,12
railroads,12
case,12
motion,12
urbanization,12
requirements,12
well,12
research,12
percentage,12
gpts,12
figure,12
improvements,12
steel,12
agglomeration,12
terms,12
list,12
distribution,12
became,12
hunter,12
negative,11
advanced,11
great,11
has,11
primary,11
relocation,11
york,11
across,11
moreover,11
decades,11
fuel,11
late,11
having,11
results,11
sector,11
business,11
hand,11
made,11
including,11
deployed,11
period,11
can,11
george,11
efficiency,11
half,11
firms,11
enabling,11
i,10
constraint,10
economies,10
sample,10
speed,10
listed,10
centers,10
taxes,10
part,10
stationary,10
productivity,10
using,10
located,10
wood,10
who,10
region,10
sold,10
complementarities,10
clear,10
fall,10
following,10
economy,10
extent,10
information,10
size,10
cambridge,10
early,10
ols,9
likely,9
possible,9
machinery,9
activity,9
relatively,9
mover,9
river,9
metals,9
patent,9
already,9
savings,9
change,9
he,9
same,9
areas,9
innovational,9
range,9
effect,9
attracted,9
primarily,9
licensees,9
meant,9
column,9
different,9
particularly,9
imposed,9
inputs,9
north,9
built,9
rate,8
production,8
composition,8
establishments,8
libraries,8
estimate,8
though,8
industries,8
rather,8
main,8
process,8
markets,8
wide,8
public,8
huge,8
least,8
order,8
contrast,8
few,8
highly,8
annual,8
activities,8
critical,8
various,8
poisson,8
positive,8
makes,8
largest,8
less,8
upon,8
advantages,8
standard,8
computed,8
availability,8
any,8
mentioned,8
geographic,8
know,8
innovations,8
variable,8
works,8
type,8
according,8
almost,8
manufacturers,8
include,8
evidence,8
attributes,8
specific,8
introduction,7
factories,7
long,7
advantage,7
take,7
eastern,7
point,7
journal,7
higher,7
operation,7
waterwheels,7
metallurgy,7
dominant,7
based,7
r,7
work,7
constitute,7
fostered,7
brought,7
user,7
provided,7
expansion,7
make,7
pp,7
us,7
dummies,7
took,7
patents,7
function,7
specifications,7
temin,7
rapidly,7
itself,7
precise,7
set,7
report,7
massachusetts,7
cities,7
years,7
course,7
effects,7
coefficient,7
hypothesis,7
fiction,6
being,6
said,6
taken,6
rapid,6
lumber,6
available,6
differences,6
improved,6
within,6
system,6
account,6
tunzelmann,6
dynamic,6
along,6
throughout,6
econometric,6
g,6
ability,6
representative,6
application,6
times,6
mechanical,6
coal,6
movers,6
grew,6
study,6
von,6
factors,6
establishment,6
improvement,6
presumably,6
appear,6
result,6
economics,6
required,6
rotary,6
whole,6
diffusion,6
place,6
issues,6
contains,6
stanford,6
small,6
notes,6
binomial,6
therefore,6
forward,6
constraints,6
etc,6
choice,6
loop,6
electricity,6
mill,6
invested,6
food,6
factor,6
congress,6
latter,6
electric,6
probably,6
figures,6
regressions,6
widely,6
fenichel,6
bureau,6
employment,6
extensive,6
constituted,6
control,6
auxiliary,6
clearly,6
constant,6
historical,6
advances,6
plants,6
manufactures,6
helpman,6
given,6
ma,6
question,6
presence,6
difference,6
twentieth,6
contributed,6
deployment,6
should,6
doing,6
major,6
difficult,5
way,5
northeast,5
library,5
constitutes,5
chandler,5
certainly,5
bessemer,5
later,5
company,5
subsequent,5
america,5
sign,5
human,5
furnaces,5
rights,5
predicted,5
importance,5
changes,5
wealth,5
n,5
efficient,5
helped,5
m,5
uses,5
found,5
deal,5
share,5
technical,5
stock,5
biases,5
stringency,5
rail,5
ten,5
statistics,5
away,5
count,5
sense,5
revolution,5
involved,5
several,5
characteristics,5
when,5
rest,5
massive,5
manuel,5
concomitant,5
contest,5
controls,5
wheels,5
array,5
railroad,5
infringers,5
increasingly,5
delivery,5
again,5
towards,5
consideration,5
geography,5
model,5
vast,5
kindred,5
b,5
allowed,5
proximity,5
earlier,5
rails,5
versus,5
applications,5
transformation,5
remains,5
extension,5
perhaps,5
here,5
books,5
goods,5
embodiment,5
better,5
whether,5
reported,5
national,5
manufacturer,5
increased,5
observation,5
potential,5
re,5
increase,5
does,4
estimated,4
generated,4
names,4
pittsburgh,4
alone,4
mit,4
decade,4
comparisons,4
lower,4
might,4
skills,4
estimation,4
follows,4
able,4
atlantic,4
assumed,4
taking,4
except,4
himself,4
collection,4
attract,4
labor,4
review,4
run,4
due,4
against,4
regarded,4
realization,4
underlying,4
served,4
third,4
came,4
failed,4
mechanisms,4
how,4
mean,4
suffer,4
similar,4
white,4
support,4
means,4
benefits,4
proved,4
four,4
operate,4
powerful,4
entered,4
purchased,4
energy,4
gains,4
future,4
example,4
related,4
year,4
actually,4
et,4
errors,4
closing,4
around,4
driving,4
wider,4
managed,4
visible,4
notice,4
appropriate,4
geographical,4
will,4
play,4
anthracite,4
allen,4
modes,4
once,4
yet,4
j,4
smith,4
al,4
delaware,4
reliance,4
regional,4
name,4
towns,4
complementary,4
nathan,4
john,4
end,4
contemporary,4
foster,4
thousands,4
existing,4
practice,4
another,4
original,4
limitations,4
load,4
top,4
trend,4
significance,4
three,4
comprehensive,4
co,4
characterized,4
spread,4
obtained,4
abundant,4
thomas,4
especially,4
date,4
story,4
relative,4
brown,4
operating,4
science,4
endogeneity,4
ofthe,4
indicate,4
associated,4
physical,4
equation,4
country,4
argue,4
universal,4
turned,4
making,4
observations,4
virginia,4
ascertain,4
boston,4
regressors,4
wrought,4
counts,4
mode,4
although,4
locate,4
comparison,4
needs,4
offered,4
c,4
qml,4
now,3
mostly,3
represent,3
nationwide,3
likewise,3
sudden,3
necessarily,3
edu,3
variety,3
fluctuations,3
every,3
localities,3
actual,3
nature,3
onwards,3
leading,3
conshohocken,3
listing,3
greatly,3
robert,3
context,3
papers,3
issue,3
exogenous,3
capacity,3
mass,3
drastic,3
capable,3
mid,3
regarding,3
build,3
central,3
spectrum,3
development,3
blast,3
quality,3
europe,3
jeremy,3
uniformity,3
extensively,3
clark,3
freed,3
machines,3
allowing,3
compared,3
continuous,3
drawn,3
hardly,3
join,3
opposed,3
philadelphia,3
l,3
performance,3
sow,3
notion,3
represented,3
signaled,3
edwin,3
special,3
parentheses,3
fishlow,3
flexibility,3
section,3
elsewhere,3
driven,3
numbers,3
w,3
upper,3
additional,3
pumping,3
beyond,3
points,3
yes,3
suggested,3
view,3
chester,3
union,3
concentration,3
exhibition,3
declined,3
breakage,3
sokoloff,3
access,3
base,3
furthermore,3
shall,3
war,3
produced,3
intertwined,3
placed,3
scene,3
none,3
prominent,3
significantly,3
civil,3
reduction,3
multiplied,3
description,3
reynolds,3
expansive,3
icon,3
records,3
hampshire,3
employed,3
either,3
signing,3
computer,3
optimal,3
below,3
italics,3
next,3
applicability,3
amounted,3
maine,3
dependent,3
velocity,3
south,3
f,3
led,3
letters,3
overall,3
interdependence,3
reorganization,3
engineering,3
cheap,3
competition,3
pivotal,3
coverage,3
happened,3
metallurgical,3
favorable,3
index,3
wright,3
robust,3
department,3
reports,3
enterprises,3
published,3
starting,3
recall,3
factory,3
similarly,3
shows,3
faster,3
fundamental,3
propel,3
bundle,3
innovative,3
purposes,3
coarse,3
generic,3
ladder,3
spindles,3
local,3
powered,3
exhibit,3
own,3
values,3
findings,3
outliers,3
operated,3
virtually,3
bresnahan,3
feature,3
peter,3
david,3
ri,3
high,3
mines,3
renewal,3
provides,3
article,3
systems,3
employees,3
mining,3
excluded,3
slightly,3
pathway,3
embodied,3
increasing,3
fogel,3
note,3
provide,3
crucial,3
begin,3
lines,3
widespread,3
lesley,3
supporting,3
quantitative,3
acquired,3
heavy,3
yonekawa,3
hypothesized,3
too,3
ran,3
natural,3
paper,3
descriptions,3
building,3
setting,3
allied,3
rural,3
pleased,3
institute,3
balance,3
freedom,3
level,3
decisive,3
city,3
simply,3
obtain,3
twin,3
come,3
shown,3
metal,3
advent,3
finding,3
typically,3
d,3
canadian,3
off,3
area,3
association,3
classification,3
regularity,3
cheaper,3
era,3
little,3
interaction,3
censuses,3
traditional,3
close,3
variation,2
miller,2
done,2
page,2
flow,2
booms,2
undoubtedly,2
cambria,2
market,2
staggering,2
measures,2
thriving,2
connecticut,2
passing,2
expect,2
measurable,2
fed,2
lewiston,2
entries,2
pivoting,2
linkages,2
sets,2
ways,2
studies,2
favor,2
perfect,2
considerations,2
mclane,2
policy,2
western,2
litigation,2
induced,2
du,2
conjecture,2
permitted,2
myriad,2
consistent,2
fraction,2
t,2
invention,2
interests,2
exclusive,2
concentrated,2
attempt,2
reassuringly,2
words,2
assess,2
flotation,2
simple,2
testimonies,2
inherent,2
hundred,2
concludes,2
harvard,2
achieved,2
typical,2
doc,2
designs,2
british,2
involves,2
seven,2
task,2
bias,2
discuss,2
right,2
march,2
chapter,2
replacement,2
thurston,2
determined,2
compelling,2
move,2
obvious,2
combination,2
variations,2
say,2
x,2
constrained,2
representing,2
gavin,2
slower,2
framework,2
wherever,2
expanded,2
technologically,2
includes,2
differential,2
railway,2
dynamics,2
illustrates,2
tables,2
machine,2
interest,2
price,2
waterworks,2
thing,2
hold,2
militate,2
fractionalization,2
perspective,2
document,2
averaging,2
overtook,2
highest,2
hopefully,2
response,2
http,2
simultaneity,2
site,2
single,2
truly,2
find,2
delivered,2
competitive,2
valves,2
lastly,2
grasp,2
mechanism,2
speeds,2
book,2
interesting,2
floor,2
edited,2
levels,2
boff,2
capture,2
outputs,2
adopted,2
goes,2
proportion,2
connected,2
se,2
fueling,2
parts,2
hinder,2
gathering,2
editing,2
apparel,2
category,2
affect,2
coefficients,2
operates,2
wages,2
entry,2
image,2
appearing,2
linked,2
quoted,2
jersey,2
house,2
facturing,2
instrument,2
presumed,2
show,2
experienced,2
generally,2
position,2
consequence,2
exploitation,2
classify,2
descriptive,2
character,2
skewed,2
closely,2
advance,2
my,2
whom,2
columbia,2
included,2
allow,2
unfolding,2
histories,2
called,2
painstaking,2
persist,2
ofindustrial,2
term,2
sectoral,2
big,2
handbook,2
cannot,2
suffered,2
russell,2
your,2
absolute,2
instrumental,2
facilities,2
hay,2
possibility,2
shillitto,2
lr,2
mule,2
scope,2
comprises,2
horwitz,2
competing,2
confined,2
functionality,2
nation,2
engineer,2
crump,2
broad,2
people,2
streams,2
winter,2
gear,2
rise,2
resort,2
approach,2
thread,2
sparsely,2
running,2
rumford,2
viable,2
stage,2
turbines,2
indicators,2
textual,2
shapes,2
furniture,2
ls,2
fierce,2
resolution,2
dramatic,2
manchester,2
climate,2
foremost,2
fully,2
zeller,2
majority,2
gravitated,2
computations,2
feasible,2
moved,2
nations,2
span,2
demand,2
reduced,2
stated,2
bringing,2
impacts,2
populations,2
short,2
comparative,2
drops,2
workflow,2
movement,2
southern,2
innovation,2
assigned,2
contributing,2
oxford,2
relied,2
reference,2
optimally,2
cutoff,2
under,2
locomotives,2
populated,2
participants,2
light,2
performed,2
ed,2
icpsr,2
deliver,2
without,2
vermont,2
picture,2
regardless,2
fellow,2
successfully,2
aspect,2
westward,2
inventive,2
request,2
prompting,2
toward,2
others,2
pointed,2
put,2
printing,2
demographic,2
summing,2
efforts,2
lack,2
coincidence,2
occurrence,2
pulp,2
documents,2
ought,2
regulation,2
excluding,2
nonmanufacturing,2
fits,2
present,2
haul,2
influential,2
validity,2
income,2
nashua,2
focusing,2
gdp,2
project,2
degree,2
remained,2
calculation,2
discussion,2
averaged,2
adopters,2
comprise,2
archival,2
sworn,2
manufactured,2
looking,2
sufficiently,2
empirical,2
honorable,2
entirely,2
ciar,2
assumption,2
inherently,2
survey,2
submitted,2
net,2
catalyst,2
questions,2
watt,2
full,2
office,2
dummy,2
described,2
installed,2
wheel,2
obtaining,2
tail,2
held,2
features,2
last,2
believing,2
medal,2
forms,2
qualifications,2
become,2
wise,2
exactly,2
britain,2
ballpark,2
paris,2
translate,2
powering,2
louisiana,2
carried,2
panel,2
relying,2
topography,2
impair,2
backward,2
continued,2
usually,2
five,2
substitution,2
sewing,2
contribution,2
interplay,2
dynamism,2
why,2
often,2
sess,2
construction,2
hope,2
respect,2
charlottesville,2
centuries,2
sheldon,2
directories,2
vastly,2
school,2
material,2
comes,2
understate,2
conjunction,2
must,2
accounts,2
implied,2
equipment,2
readily,2
leather,2
expanding,2
seem,2
best,2
ft,2
down,2
print,2
appalachians,2
regard,2
expiration,2
eventually,2
obviously,2
equilibrium,2
sorted,2
examining,2
closest,2
propitious,2
outlier,2
consisted,2
beginning,2
automatic,2
award,2
unique,2
namely,2
maryland,2
setters,2
puddling,2
noticeable,2
add,2
converting,2
calculations,2
while,2
smoothness,2
cloth,2
episode,2
phenomena,2
incorporated,2
topographical,2
alterations,2
uniform,2
introduced,2
backwards,2
huber,2
easy,2
predecessors,2
subject,2
transition,2
conversely,2
treasury,2
coming,2
subsumed,2
until,2
commercial,2
reveals,2
valve,2
numerous,2
mindful,2
instead,2
land,2
consolidated,2
output,2
need,2
regressor,2
manufacture,2
smaller,2
pseudo,2
measured,2
shift,2
searching,2
substitute,2
pathways,2
vary,2
reached,2
stemming,2
parenthesis,2
substantial,2
exclusively,2
entire,2
cong,2
hometown,2
immediately,2
taylor,2
zachariah,2
previously,2
ca,2
stimuli,1
o,1
formance,1
clippings,1
limits,1
box,1
convergence,1
calibrated,1
hammering,1
common,1
wp,1
adopt,1
indicated,1
implying,1
calculators,1
groups,1
corporate,1
mechanize,1
tilting,1
created,1
snapshot,1
encouraged,1
extreme,1
schuylkill,1
resulted,1
legitimate,1
strengthen,1
shipbuilding,1
offset,1
resided,1
originating,1
succinct,1
royalties,1
starts,1
unsuccessful,1
conversion,1
rolled,1
group,1
told,1
center,1
needed,1
globalization,1
jury,1
complex,1
replaced,1
saved,1
effective,1
properly,1
identify,1
essays,1
designed,1
stone,1
transcribed,1
true,1
collected,1
contend,1
gravitating,1
effectual,1
january,1
diffuse,1
trace,1
earnest,1
bigger,1
fixed,1
talking,1
emphasize,1
presents,1
burn,1
amply,1
cornell,1
before,1
steeply,1
something,1
lib,1
chief,1
qualification,1
suppose,1
baker,1
leads,1
relaxing,1
cutting,1
experience,1
predominantly,1
clarifying,1
urgency,1
fabric,1
december,1
consortium,1
gap,1
automate,1
provision,1
browsing,1
www,1
please,1
modest,1
barriers,1
pounds,1
undersigned,1
ingenuity,1
motor,1
address,1
investments,1
secretary,1
ithaca,1
sub,1
annualized,1
terrain,1
emerged,1
fragmentary,1
ourselves,1
referees,1
official,1
seems,1
chemicals,1
liberty,1
definition,1
parties,1
containing,1
dramatically,1
loom,1
displacement,1
agglomerate,1
copy,1
secondary,1
suggesting,1
together,1
straightforward,1
potentially,1
vienna,1
rich,1
producing,1
assembled,1
arises,1
achievement,1
studied,1
displays,1
sometime,1
procedure,1
earliest,1
productive,1
kingdom,1
trifling,1
androscoggin,1
copious,1
exacter,1
improving,1
secondly,1
reserved,1
principal,1
henceforth,1
classified,1
political,1
california,1
indoors,1
commercially,1
ours,1
profitable,1
declines,1
elad,1
inctrease,1
circuits,1
filtering,1
marketed,1
decennial,1
inquiry,1
growing,1
proceed,1
depending,1
existence,1
suspect,1
hammond,1
downhill,1
mechanized,1
bleachery,1
albeit,1
captures,1
prone,1
exceedingly,1
sought,1
expenses,1
firm,1
incorporate,1
rests,1
trade,1
trowbridge,1
brings,1
prior,1
delivering,1
deem,1
oftopography,1
predominant,1
pretend,1
characterize,1
fritz,1
adopting,1
tipping,1
positioned,1
intriguingly,1
advantageous,1
vital,1
consumed,1
internet,1
brent,1
west,1
desired,1
timothy,1
ingenious,1
diffused,1
indicating,1
forjust,1
laws,1
aggregating,1
compares,1
anticipated,1
mountains,1
correlation,1
fiercely,1
midatlantic,1
prevented,1
engage,1
strengthens,1
split,1
diversity,1
facets,1
usage,1
ranked,1
manuscript,1
learned,1
relies,1
punishing,1
weakens,1
million,1
accommodate,1
phase,1
watermill,1
accessible,1
selves,1
dependence,1
eras,1
delimit,1
estimating,1
severe,1
difficulties,1
reputation,1
professor,1
interior,1
spurt,1
precipitating,1
september,1
backdrop,1
de,1
redrawing,1
proliferated,1
adjusting,1
retarded,1
clay,1
te,1
quantifying,1
conducted,1
jr,1
pig,1
kinetic,1
ease,1
fabrics,1
trail,1
expected,1
accelerating,1
kind,1
exhausted,1
understates,1
attracting,1
wiley,1
candidates,1
cases,1
distinct,1
items,1
old,1
ct,1
direction,1
merrimack,1
irregularities,1
clustering,1
concerning,1
oldham,1
convincing,1
ante,1
approval,1
body,1
serving,1
channels,1
holds,1
extraordinary,1
inclusion,1
suitable,1
andbritish,1
left,1
scott,1
twice,1
ideal,1
criterion,1
died,1
landmark,1
externalities,1
ny,1
postulate,1
instruments,1
spite,1
waterways,1
details,1
apparently,1
looms,1
generation,1
handful,1
acknowledge,1
stanley,1
implementation,1
navigable,1
accolade,1
surprisingly,1
deviation,1
enhancing,1
wilmington,1
shipyards,1
recognized,1
town,1
infringing,1
whose,1
crowning,1
operations,1
testimony,1
subjected,1
bring,1
induces,1
impetus,1
centered,1
developed,1
proceedings,1
illustration,1
sort,1
organizing,1
basic,1
fuels,1
landscape,1
mitigates,1
afterwards,1
radius,1
revenues,1
remunerated,1
remote,1
designers,1
environments,1
accurate,1
vs,1
tel,1
probability,1
associate,1
persistent,1
legal,1
ex,1
certain,1
direct,1
induce,1
suited,1
inventor,1
hugely,1
generating,1
references,1
matched,1
consuming,1
bosom,1
black,1
receding,1
limitation,1
bibliographical,1
consequences,1
expired,1
qualify,1
subsectors,1
factoring,1
finer,1
monumental,1
umich,1
biased,1
capitalization,1
signed,1
established,1
familiar,1
india,1
grounds,1
workplace,1
unaccounted,1
lowell,1
weather,1
buttresses,1
dominate,1
gradually,1
germane,1
differs,1
advancing,1
age,1
unavoidable,1
commonly,1
exploited,1
emeritus,1
passed,1
refer,1
shed,1
isolation,1
followed,1
wheelbarrows,1
willard,1
perform,1
ivs,1
subsector,1
mix,1
answers,1
crucially,1
care,1
overland,1
tsls,1
strategy,1
providing,1
drawing,1
ofeconomics,1
cut,1
methodology,1
dc,1
thrust,1
constructive,1
charcoal,1
draws,1
raw,1
expressed,1
uptime,1
incomplete,1
dyeing,1
misses,1
identifying,1
priori,1
path,1
unfold,1
route,1
restrict,1
downstream,1
appearance,1
difficulty,1
totaling,1
corlisstype,1
cylinder,1
demands,1
international,1
events,1
primacy,1
mimicked,1
captured,1
initial,1
burst,1
spinning,1
disruptive,1
inter,1
respectfully,1
installation,1
circulation,1
density,1
intervening,1
asme,1
unchanged,1
pawtucket,1
prompt,1
urgent,1
informed,1
acquire,1
equal,1
polishing,1
let,1
displayed,1
michigan,1
fisher,1
newfound,1
viewed,1
intensity,1
applied,1
otherwise,1
rubber,1
extrapolation,1
ofamerican,1
repercussions,1
saving,1
reynoldscorliss,1
elastic,1
hopkins,1
near,1
fixtures,1
receive,1
expensive,1
aspects,1
improve,1
representatives,1
specifically,1
directly,1
network,1
basis,1
distinguish,1
accounting,1
line,1
seminal,1
demystify,1
mapped,1
belonging,1
intense,1
responding,1
tool,1
preferred,1
nine,1
locus,1
ingots,1
heart,1
fosters,1
horse,1
london,1
drew,1
discusses,1
booklet,1
calls,1
test,1
revealed,1
pocket,1
geology,1
booming,1
overview,1
ayer,1
cane,1
inspire,1
beginnings,1
laggard,1
thereafter,1
motors,1
documented,1
focuses,1
felting,1
surrounding,1
complemented,1
newspaper,1
il,1
converters,1
oblige,1
astute,1
showing,1
preparation,1
manage,1
alan,1
burden,1
interpreted,1
status,1
withstand,1
rendered,1
connections,1
trends,1
announcement,1
manifestation,1
regions,1
subtle,1
aa,1
wholesale,1
social,1
ratios,1
organized,1
ensued,1
indicator,1
successful,1
describing,1
presented,1
working,1
wi,1
questionable,1
pronounced,1
suggest,1
involve,1
prevalence,1
impacting,1
hpa,1
waterwheel,1
cope,1
consolidation,1
squarely,1
owned,1
sharp,1
admired,1
ofeconometrics,1
sake,1
inextricably,1
family,1
heat,1
dwell,1
affluent,1
mineral,1
exemplifies,1
migration,1
cool,1
breaking,1
invoke,1
gasoline,1
peak,1
decline,1
distinguished,1
attached,1
boundaries,1
methodological,1
whatsoever,1
dedicated,1
weiss,1
piston,1
slopes,1
mbe,1
loci,1
transparent,1
plausible,1
florida,1
value,1
newly,1
computation,1
preliminary,1
finds,1
dam,1
pervasive,1
capturing,1
invest,1
seemed,1
society,1
petroleum,1
awards,1
survived,1
multiplying,1
cite,1
transforming,1
sidney,1
portion,1
uncommon,1
printers,1
electrical,1
genesis,1
proxy,1
excludes,1
minor,1
dealing,1
matter,1
absence,1
materials,1
gears,1
functioning,1
narrows,1
alia,1
indicative,1
happy,1
service,1
exults,1
limited,1
ofpublic,1
return,1
inclusive,1
yours,1
nearly,1
exception,1
benefiting,1
concern,1
object,1
reduce,1
converted,1
judgment,1
bill,1
comments,1
builders,1
wind,1
registered,1
paint,1
abrupt,1
aligned,1
anywhere,1
bucolic,1
exceeded,1
relationship,1
scarcity,1
argumentation,1
guide,1
frank,1
dwells,1
lifting,1
incipient,1
intuitively,1
forges,1
barak,1
arrangements,1
fit,1
addition,1
marginal,1
paradox,1
abundance,1
ofmanufacturers,1
east,1
evolved,1
fifth,1
upwards,1
ne,1
processor,1
salient,1
compiled,1
missing,1
tax,1
tackle,1
home,1
falls,1
positively,1
k,1
shifting,1
baltimore,1
barely,1
responsive,1
excellence,1
offall,1
nineteenthcentury,1
odds,1
qualified,1
goldfarb,1
warranted,1
visualize,1
nicety,1
misc,1
bldg,1
payments,1
directions,1
chose,1
persuade,1
simulation,1
topographically,1
flowing,1
law,1
tilt,1
challenge,1
confound,1
mark,1
ofwatermills,1
academy,1
knowing,1
reporting,1
performs,1
tremendous,1
financial,1
release,1
upgrades,1
usefulness,1
averages,1
lengthy,1
binding,1
unparalleled,1
requisites,1
conduct,1
bridgeport,1
professed,1
relates,1
striking,1
hyphenated,1
totals,1
fontenay,1
fascinating,1
compound,1
indeedfaster,1
suppressed,1
enable,1
really,1
yams,1
forge,1
copied,1
takeoff,1
proliferation,1
collinearity,1
substantially,1
doubt,1
distributions,1
pattern,1
feedback,1
jump,1
zero,1
greater,1
utilize,1
vt,1
removal,1
reasons,1
honor,1
nate,1
aviv,1
overstate,1
conclusions,1
outside,1
hubs,1
adjacent,1
v,1
impinge,1
threads,1
manner,1
linearly,1
obscures,1
buyer,1
establish,1
unclear,1
jobs,1
ofwaterpower,1
offactories,1
ports,1
arduous,1
reshaped,1
ofpower,1
guesstimates,1
japan,1
capacities,1
invitation,1
frequency,1
governance,1
gives,1
counterpart,1
shifts,1
machinist,1
argument,1
compete,1
realize,1
regulator,1
doubled,1
multicollinearity,1
demonstrated,1
crown,1
empirically,1
private,1
aptly,1
extended,1
decreases,1
bateman,1
managerial,1
easier,1
facility,1
eighteenth,1
israel,1
aggregated,1
extrapolated,1
formal,1
narrowly,1
attainment,1
eddystone,1
deposits,1
undercount,1
owe,1
canals,1
mosaic,1
louis,1
wonder,1
aretas,1
combining,1
unfortunately,1
largely,1
presumption,1
conditions,1
affects,1
sequence,1
aside,1
tripled,1
descendant,1
evolution,1
exhibited,1
rare,1
engineers,1
real,1
maintains,1
hour,1
like,1
engaged,1
examination,1
chosen,1
previous,1
option,1
shortly,1
nevertheless,1
washington,1
efficiently,1
open,1
explorations,1
historic,1
remaining,1
directed,1
modem,1
sensitivity,1
publication,1
yael,1
sustain,1
maintenance,1
reap,1
amounts,1
interpret,1
issn,1
individual,1
started,1
supplying,1
helpful,1
crushing,1
geographically,1
interpolate,1
summer,1
plant,1
eaton,1
serves,1
variance,1
static,1
lie,1
kept,1
lose,1
adequately,1
lighting,1
strongly,1
favored,1
random,1
borderline,1
oecd,1
purely,1
evolutionary,1
castleton,1
sawmills,1
exaggeration,1
responsible,1
narrow,1
malleability,1
correlated,1
enabled,1
stand,1
ann,1
james,1
concluding,1
sharper,1
looks,1
contracts,1
dividing,1
buffum,1
workshop,1
dreamt,1
forefront,1
sales,1
insignificant,1
quarterly,1
governor,1
professional,1
caution,1
sugar,1
basically,1
blunting,1
arbor,1
increases,1
convincingly,1
competed,1
dynamo,1
examines,1
decision,1
separate,1
ranging,1
hindered,1
space,1
consists,1
asking,1
valuable,1
imply,1
untenable,1
aid,1
me,1
dual,1
chances,1
publishing,1
irregular,1
spelling,1
perspectives,1
lot,1
meets,1
involving,1
movements,1
segments,1
assert,1
kenneth,1
therefor,1
naturally,1
impressive,1
practical,1
suggestive,1
bound,1
claimed,1
program,1
reasonable,1
inside,1
fewer,1
bare,1
success,1
insist,1
seen,1
transformed,1
progressively,1
began,1
plentiful,1
embodying,1
effectively,1
localization,1
relevant,1
krugman,1
whereby,1
covering,1
length,1
contributor,1
html,1
owed,1
life,1
infringement,1
steamboat,1
blood,1
wheelwrighting,1
surprising,1
simulated,1
hagley,1
types,1
fields,1
instances,1
get,1
propelling,1
mirror,1
arts,1
pentium,1
completeness,1
converter,1
interpolated,1
spreadsheets,1
immensely,1
forest,1
rises,1
tribe,1
selectivity,1
matters,1
detail,1
circumscribed,1
gpo,1
baseline,1
environment,1
suggestions,1
extrapolate,1
pumped,1
liked,1
ofelectrification,1
protracted,1
singular,1
overriding,1
series,1
conclusion,1
accordance,1
bombay,1
milwaukee,1
manual,1
regulated,1
ever,1
economically,1
reinforced,1
pace,1
exposition,1
suffers,1
thousand,1
willingness,1
ralph,1
rolls,1
symbol,1
appealing,1
useful,1
sustained,1
alternative,1
receipts,1
cover,1
mirrors,1
andproductivity,1
allegheny,1
choose,1
favorably,1
unavailable,1
principle,1
monthly,1
sure,1
advertisements,1
specialized,1
worth,1
newcomen,1
ratio,1
capability,1
prolific,1
embodiments,1
believe,1
king,1
unknown,1
prominence,1
denio,1
intrusion,1
cooling,1
reaping,1
post,1
foundation,1
exploiting,1
brothers,1
reliability,1
relocate,1
loads,1
infer,1
epochal,1
gas,1
reflected,1
chairman,1
distinctive,1
impinged,1
essentially,1
utilized,1
innumerable,1
hamlets,1
iv,1
emerges,1
senate,1
hydrology,1
proxies,1
believed,1
blowing,1
exec,1
hall,1
reciprocating,1
avoidance,1
automatically,1
pendency,1
ashcroft,1
ofmechanics,1
worthwhile,1
offering,1
ibid,1
writes,1
transactions,1
novelty,1
heavier,1
supplemented,1
consisting,1
enginesa,1
getting,1
bleaching,1
argued,1
studying,1
secure,1
hypothesize,1
pagination,1
grades,1
awarded,1
belknap,1
suggests,1
emphasis,1
progress,1
middle,1
gratitude,1
presume,1
radically,1
tau,1
recognition,1
altered,1
disparate,1
conclude,1
understated,1
assistantship,1
excursion,1
revolutions,1
atmospheric,1
rd,1
alternatives,1
landau,1
ac,1
tried,1
overdispersion,1
casual,1
rigid,1
fostering,1
happens,1
rationale,1
adapted,1
measure,1
fabricated,1
arguments,1
qualitative,1
orbach,1
mention,1
isolated,1
ofboulton,1
tions,1
remarks,1
prepared,1
disadvantages,1
promoted,1
fred,1
nately,1
formation,1
centennial,1
devoted,1
models,1
spring,1
unable,1
innovate,1
editor,1
steamnewae,1
intensified,1
catherine,1
motives,1
manufactories,1
richard,1
touches,1
integrated,1
ofapplications,1
consumption,1
grateful,1
gross,1
unified,1
glass,1
regular,1
binational,1
aparticular,1
playing,1
inducement,1
tobacco,1
recalling,1
superintendent,1
roughly,1
unassigned,1
requesting,1
enclosed,1
charles,1
engerman,1
tip,1
removing,1
actions,1
attending,1
themselves,1
petitioned,1
smooth,1
gordon,1
scholarship,1
supply,1
debate,1
partial,1
uncertainty,1
stream,1
abroad,1
sciences,1
develop,1
focus,1
glance,1
strong,1
among,1
telecommuting,1
crankshaft,1
virtue,1
meeting,1
successive,1
southeastern,1
sixth,1
brevity,1
costly,1
deeper,1
