WORDCOUNTS,WEIGHT
the,963
of,617
and,383
in,370
to,345
prices,296
a,206
for,200
unchanged,169
was,162
products,149
by,137
were,113
new,106
soviet,86
price,85
with,84
on,83
be,76
which,74
as,73
industry,71
producers,68
from,67
product,65
at,61
that,58
is,58
not,58
production,57
this,53
planners,51
would,51
had,48
rgae,45
economic,45
or,45
but,45
prevailing,44
costs,44
plan,44
s,41
gvo,38
folios,38
system,37
output,37
no,37
innovation,37
other,36
their,34
p,34
wholesale,33
reform,33
between,33
real,31
could,31
level,31
it,30
than,29
year,29
been,29
more,28
existing,28
years,28
an,28
are,28
old,26
have,26
all,25
some,25
only,25
growth,24
pp,24
these,24
nominal,24
harrison,24
industrial,23
they,22
official,22
i,22
there,22
ratio,22
economy,22
folio,22
machinery,21
however,21
also,21
one,20
statistics,20
percent,20
producer,20
enterprise,20
gosplan,19
already,19
where,19
heavy,19
first,18
effort,18
planning,18
under,18
fixed,17
sample,17
base,17
ofthe,17
national,17
problem,16
university,16
statistical,16
see,16
when,16
press,16
attributes,16
inflation,15
up,15
enterprises,15
relative,15
table,15
did,15
given,14
its,14
light,14
two,14
high,14
different,14
goods,14
market,13
being,13
thus,13
review,13
based,13
turetskii,13
hidden,13
time,13
income,13
less,13
significant,13
branches,13
capacity,13
them,13
both,13
into,12
those,12
within,12
such,12
information,12
because,12
results,12
gross,12
therefore,12
period,12
plans,12
figures,12
opportunism,12
any,12
behavior,11
state,11
case,11
russian,11
tsunkhu,11
out,11
change,11
ministries,11
assortment,11
group,11
so,11
standard,11
over,11
each,11
cambridge,11
if,10
revisions,10
principal,10
about,10
most,10
further,10
value,10
planned,10
made,10
increase,10
use,10
food,10
after,10
lying,10
commodities,10
history,9
economics,9
timber,9
decree,9
voznesenskii,9
industries,9
performance,9
mean,9
b,9
n,9
rule,9
produced,9
required,9
public,9
scope,9
people,9
t,9
will,9
same,9
many,9
hand,9
rotshtein,9
times,9
effect,9
then,9
agents,9
current,9
whether,9
rising,9
particular,9
underperforming,9
among,9
ussr,8
fulfillment,8
might,8
link,8
october,8
quality,8
even,8
general,8
fulfill,8
prewar,8
basis,8
used,8
denominated,8
published,8
order,8
subsequently,8
pressure,8
v,8
bergson,8
three,8
problems,8
september,8
means,8
ministerial,8
commission,8
historical,8
opportunistic,8
moscow,8
point,8
civilian,8
inflationary,7
introduction,7
approved,7
rewards,7
before,7
military,7
political,7
measurement,7
central,7
g,7
commissariat,7
may,7
higher,7
rather,7
aimed,7
nove,7
comparator,7
war,7
rubles,7
problemy,7
actually,7
still,7
single,7
plywood,7
again,7
regulation,7
sh,7
berliner,7
ln,7
jasny,7
postwar,7
appraisals,7
control,7
terms,7
while,7
introduced,7
became,7
early,7
much,7
way,6
agency,6
anchor,6
western,6
total,6
sources,6
seller,6
overall,6
subsequent,6
march,6
supply,6
x,6
letter,6
sssr,6
pilot,6
since,6
consumer,6
back,6
find,6
without,6
basic,6
upward,6
risk,6
matched,6
reforms,6
changes,6
chego,6
directly,6
r,6
london,6
ratios,6
reported,6
once,6
sector,6
behind,6
present,6
remained,6
pricing,6
harvard,6
office,6
low,6
become,6
we,6
deflator,6
relationship,6
five,6
ministry,6
dlia,6
cia,6
what,6
form,6
through,6
williamson,6
quotas,6
defence,6
davies,6
physical,6
provided,6
measured,6
themselves,6
substantial,6
sovnarkom,6
draft,6
later,5
regulatory,5
ma,5
formed,5
source,5
lower,5
december,5
planiruetsia,5
either,5
produktsiia,5
sought,5
differential,5
relatively,5
moment,5
document,5
left,5
gerschenkron,5
influence,5
bonuses,5
main,5
regulators,5
direct,5
k,5
nor,5
proved,5
just,5
w,5
important,5
opinion,5
commissariats,5
eliminate,5
well,5
allocation,5
own,5
socialist,5
indicators,5
next,5
several,5
few,5
research,5
schedules,5
mechanism,5
attributable,5
action,5
seton,5
edited,5
arrangements,5
j,5
complaining,5
business,5
mark,5
took,5
council,5
tssu,5
ruble,5
including,5
upgraded,5
samples,5
outcomes,5
risks,5
fixing,5
success,5
detailed,5
analysis,5
considered,5
authorities,5
practice,5
set,5
very,5
february,5
according,5
targets,5
deflation,5
multiple,5
despite,5
intended,5
transition,5
using,5
nutter,5
average,5
now,4
currently,4
created,4
resulted,4
utility,4
obsolete,4
studies,4
specified,4
starovskii,4
revision,4
chief,4
indexes,4
gap,4
labor,4
dobb,4
implications,4
rapid,4
follows,4
government,4
composition,4
context,4
mass,4
calculated,4
far,4
economies,4
phase,4
kaser,4
kind,4
cases,4
oxford,4
compared,4
weight,4
drawn,4
graded,4
incentives,4
tsen,4
deflated,4
across,4
how,4
process,4
periodic,4
too,4
ministers,4
commonly,4
cost,4
m,4
gregory,4
result,4
improve,4
accounting,4
work,4
tens,4
example,4
comment,4
whole,4
partly,4
probleme,4
solution,4
involved,4
highly,4
generally,4
tasks,4
power,4
reduced,4
reductions,4
mechanisms,4
short,4
limited,4
harris,4
nearly,4
make,4
statisticians,4
soon,4
us,4
neither,4
management,4
included,4
rise,4
stalin,4
volume,4
aggregates,4
factory,4
fell,4
addition,4
efforts,4
shows,4
moorsteen,4
forms,4
increases,4
formation,4
innovative,4
number,4
another,4
thousands,4
budget,4
factor,4
net,4
held,4
defense,4
richard,4
administrative,4
latter,4
comparing,4
structure,4
separate,4
raise,4
note,4
continued,4
provide,4
figure,4
expectations,4
fall,4
simulated,4
itself,4
environment,4
associated,4
productive,4
regime,4
here,4
equation,4
connection,4
setting,4
down,4
concealing,4
dated,4
assignments,4
returns,4
clearly,4
ones,4
theory,4
distribution,4
local,4
vol,4
simply,4
subsidies,4
controls,4
mezhlauk,4
shown,4
although,4
evidence,4
indices,4
comparison,4
coefficient,4
looking,4
abolition,3
o,3
sobol,3
limits,3
alone,3
large,3
replaced,3
instructions,3
effective,3
completely,3
encourage,3
variety,3
corresponding,3
said,3
taken,3
anomalies,3
capital,3
supplied,3
available,3
great,3
differences,3
able,3
neizmennykh,3
fulfilling,3
nearer,3
account,3
possible,3
disparities,3
cited,3
quota,3
engage,3
hazard,3
dependence,3
difficulties,3
purpose,3
agent,3
ekonomiki,3
establishments,3
turn,3
adjustment,3
clark,3
approval,3
journal,3
billion,3
rates,3
recognized,3
his,3
developed,3
remain,3
indirect,3
opportunity,3
lag,3
retail,3
affect,3
ensure,3
consider,3
organization,3
improvement,3
neutral,3
argued,3
inflating,3
inflated,3
followed,3
evaluation,3
yugow,3
view,3
methodology,3
bureaucracy,3
union,3
incomplete,3
conservative,3
called,3
pisarev,3
markets,3
transactions,3
bore,3
notes,3
scale,3
grounds,3
record,3
failure,3
retribution,3
data,3
gains,3
future,3
part,3
apparent,3
restructuring,3
place,3
falling,3
stanford,3
officials,3
below,3
generation,3
small,3
decline,3
aggregate,3
second,3
demand,3
deflators,3
various,3
warwick,3
minority,3
ineffective,3
yet,3
interpretation,3
meanwhile,3
compiled,3
natural,3
department,3
increasingly,3
regardless,3
fix,3
think,3
procurements,3
others,3
put,3
lowering,3
fact,3
limit,3
arising,3
appeared,3
john,3
end,3
goodwill,3
identical,3
covered,3
paired,3
wartime,3
original,3
understanding,3
discussion,3
upon,3
range,3
arose,3
previously,3
nothing,3
archive,3
raising,3
significance,3
moral,3
reward,3
allowed,3
distinction,3
valued,3
internal,3
pautin,3
nonproductive,3
study,3
january,3
probably,3
macmillan,3
invented,3
decision,3
assigned,3
procedures,3
granick,3
claimed,3
spravochnik,3
often,3
protocol,3
get,3
series,3
mentioned,3
punishments,3
must,3
claims,3
pt,3
command,3
paper,3
basingstoke,3
best,3
universal,3
eventually,3
u,3
respect,3
growing,3
commodity,3
leaving,3
transaction,3
weights,3
almost,3
profile,3
intention,3
administration,3
khanin,3
gain,3
until,3
chained,3
ignored,3
conditions,3
institutional,3
instead,3
consumption,3
need,3
unified,3
increased,3
era,3
should,3
ca,3
frequent,2
rate,2
evaluations,2
estimated,2
concerned,2
privately,2
ready,2
levers,2
khoz,2
nakoplenie,2
e,2
pushed,2
forcing,2
center,2
complex,2
kinds,2
designed,2
seliunin,2
live,2
additionally,2
comparisons,2
incentive,2
expressed,2
po,2
track,2
princeton,2
skii,2
consistent,2
implemented,2
discretion,2
wrong,2
long,2
defects,2
originally,2
elusive,2
worked,2
damped,2
words,2
possibilities,2
withholding,2
economizing,2
broken,2
together,2
buyer,2
procedure,2
take,2
improving,2
greatly,2
industrialisation,2
normal,2
somewhat,2
revise,2
urss,2
issue,2
side,2
nar,2
existence,2
promulgated,2
recorded,2
has,2
constraint,2
primary,2
right,2
gnp,2
distortion,2
quantities,2
opened,2
simonov,2
methodologies,2
marked,2
activity,2
oformlenii,2
nyi,2
west,2
quantity,2
voenpriemka,2
constrained,2
against,2
ross,2
controlled,2
comparators,2
includes,2
widened,2
proceeded,2
reject,2
komai,2
illustrates,2
realized,2
de,2
domain,2
ease,2
overt,2
pokazatelei,2
learning,2
individual,2
effortless,2
concerning,2
convincing,2
arkhiv,2
third,2
compare,2
liar,2
apparently,2
unmeasured,2
constraints,2
likely,2
operation,2
slowed,2
york,2
observers,2
links,2
bring,2
l,2
innovated,2
influenced,2
unit,2
afterwards,2
levels,2
preparing,2
communism,2
represented,2
excessively,2
determining,2
proportion,2
eight,2
distant,2
lay,2
requiring,2
supposed,2
accounts,2
established,2
tenability,2
linked,2
director,2
four,2
retrospective,2
putting,2
mix,2
setup,2
faced,2
appear,2
dc,2
conflicts,2
logarithms,2
whereas,2
found,2
entered,2
users,2
monitoring,2
punishment,2
handbook,2
fourth,2
ivanov,2
reforn,2
creates,2
possibility,2
wants,2
aspects,2
taxes,2
hodgman,2
having,2
distinguish,2
start,2
rail,2
comprises,2
significantly,2
brought,2
heavily,2
reduction,2
loss,2
intermediate,2
issues,2
gosudarstvennyi,2
accumulation,2
thereafter,2
away,2
cancelled,2
smallest,2
indexed,2
towards,2
approach,2
regions,2
monetary,2
contests,2
sense,2
fulfilled,2
cinematography,2
revolution,2
le,2
tsenoobrazovaniia,2
quite,2
atmosphere,2
liquidation,2
transport,2
june,2
furniture,2
leather,2
transfer,2
essentially,2
world,2
correspondence,2
tsennikov,2
gordon,2
avoid,2
society,2
periods,2
temporarily,2
critical,2
excludes,2
observations,2
matter,2
attempts,2
materials,2
stratagems,2
indeed,2
concentrated,2
ia,2
forward,2
reduce,2
attempt,2
whatever,2
allen,2
july,2
currency,2
registered,2
suppose,2
exceeded,2
inflate,2
sweeping,2
criticism,2
rules,2
continuity,2
evolved,2
states,2
index,2
unwin,2
sharply,2
rossiiskii,2
illustrated,2
reports,2
seymour,2
simulation,2
renewed,2
similarly,2
overload,2
analogous,2
lack,2
deterioration,2
abilities,2
powerless,2
documents,2
vnutripromyshlennoe,2
metodike,2
fallen,2
substantially,2
variation,2
pattern,2
sanctioned,2
removal,2
tsenniki,2
never,2
procurement,2
do,2
model,2
bonus,2
michael,2
tsifra,2
wiles,2
izbrannyeproizvedeniia,2
gives,2
pitzer,2
degree,2
lags,2
aggregation,2
private,2
alec,2
investment,2
incidence,2
explanation,2
values,2
ofproduct,2
judge,2
largely,2
persisted,2
virtually,2
francis,2
trend,2
recovery,2
engaged,2
shirking,2
ibid,2
previous,2
ob,2
adding,2
accounted,2
peter,2
workers,2
kotowitz,2
symposium,2
good,2
characterized,2
revised,2
premium,2
obtained,2
lie,2
kept,2
intrinsic,2
subordinated,2
especially,2
annually,2
satisfy,2
promote,2
methods,2
respectively,2
mainly,2
can,2
construction,2
contracts,2
saw,2
insignificant,2
centre,2
files,2
la,2
iampol,2
principals,2
carried,2
bureau,2
usually,2
foreign,2
naturally,2
practical,2
maxima,2
arrow,2
widespread,2
resumed,2
substitution,2
slow,2
seen,2
assortnent,2
balloon,2
effectively,2
transformation,2
originated,2
rapidly,2
hierarchical,2
united,2
months,2
event,2
joseph,2
meant,2
stratagem,2
stable,2
detail,2
gpo,2
ofindustrial,2
following,2
conclusion,2
narkommash,2
forwarded,2
recomputation,2
alternative,2
column,2
comparative,2
outcome,2
contained,2
regard,2
searched,2
impossible,2
malafeev,2
oliver,2
evident,2
quietly,2
kuromiya,2
worthwhile,2
selected,2
list,2
maintain,2
act,2
extent,2
getting,2
simplicity,2
grades,2
balance,2
huge,2
suggests,2
incomes,2
emphasis,2
threat,2
size,2
circumstances,2
met,2
role,2
november,2
subject,2
durable,2
cash,2
regulated,2
went,2
divided,2
officially,2
mention,2
allows,2
exploit,2
minima,2
proportionality,2
soft,2
argument,2
lists,2
contract,2
washington,2
aware,2
documentation,2
course,2
consumers,2
include,2
d,2
underperformance,2
effects,2
defined,2
pannell,2
shift,2
classification,2
roughly,2
observation,2
drift,2
potential,2
artisan,2
removed,2
footwear,2
chicago,2
priced,2
obligation,2
exclusively,2
element,2
ownership,2
entire,2
documentary,2
abram,2
technological,2
comparable,2
detection,2
meeting,2
arithmetic,2
termed,2
heterogeneous,2
continuously,2
hypothesis,2
sufficiently,1
final,1
difficult,1
sluzhebnogo,1
impossibility,1
archives,1
ekon,1
explosion,1
tsentral,1
along,1
metal,1
wreckers,1
deter,1
common,1
ambivalence,1
avoiding,1
regulate,1
groups,1
revaluations,1
volts,1
imported,1
fourto,1
valeur,1
credibility,1
struggled,1
shipbuilding,1
filing,1
measures,1
ultimate,1
menshevik,1
notably,1
kornai,1
distributed,1
germany,1
infond,1
shocks,1
becoming,1
registering,1
american,1
he,1
leningrad,1
fed,1
offlcial,1
nostalgia,1
closure,1
remind,1
zero,1
openness,1
confines,1
authorize,1
confiscate,1
true,1
motivation,1
h,1
strictly,1
bias,1
shortfall,1
easily,1
incidentally,1
soveta,1
former,1
decade,1
collection,1
describedasmorefiully,1
policy,1
unvarying,1
justified,1
committee,1
harsh,1
unreasonably,1
invent,1
variants,1
ambitious,1
lukavaia,1
tells,1
detailing,1
connotations,1
kachestvu,1
practices,1
my,1
credence,1
negative,1
test,1
experience,1
round,1
came,1
highlighted,1
defeated,1
transitions,1
explaining,1
markettested,1
forexample,1
failing,1
collusion,1
hence,1
every,1
supposedly,1
sorokin,1
creation,1
localities,1
posed,1
interests,1
allocations,1
interested,1
tsenovykh,1
introduce,1
aftermath,1
give,1
adopt,1
amendments,1
motivations,1
address,1
secretary,1
kosiachenko,1
utilization,1
vnosimykhv,1
purchaser,1
annmaire,1
emerged,1
miniuk,1
england,1
seems,1
chemicals,1
scarcities,1
altering,1
unchangedprices,1
comparatively,1
immense,1
onwards,1
gloat,1
attractive,1
desire,1
reasons,1
careers,1
turnover,1
thank,1
riskless,1
check,1
uncovered,1
efficiently,1
help,1
achieved,1
copious,1
improved,1
meantime,1
loose,1
relaunches,1
murray,1
blackwell,1
precisely,1
secondly,1
raised,1
reserved,1
robert,1
classified,1
oftwo,1
california,1
ofpilot,1
wage,1
ambiguous,1
intelligence,1
surveys,1
personnel,1
dissolved,1
majority,1
triggered,1
proposals,1
historically,1
concealed,1
depending,1
classifying,1
istorila,1
inparticular,1
eastern,1
supplant,1
key,1
pulled,1
money,1
draws,1
advice,1
earlier,1
translations,1
firm,1
incorporate,1
agriculture,1
nonmonetary,1
solving,1
disproportions,1
tenns,1
chapter,1
macroeconomy,1
uneven,1
capable,1
politics,1
understated,1
stance,1
concentrating,1
condition,1
cap,1
schedule,1
sale,1
janos,1
etc,1
solely,1
functions,1
taxation,1
advantageous,1
combination,1
liubimov,1
malyshev,1
resources,1
selecting,1
uncertain,1
desirable,1
acircularwithinnarkomles,1
reconstruction,1
correlation,1
negotiation,1
enter,1
rees,1
permissive,1
formula,1
newproduct,1
prevented,1
modem,1
evaluating,1
shut,1
complicating,1
surplus,1
funded,1
winning,1
repeatedly,1
complained,1
goal,1
penalty,1
filfilledwere,1
centralized,1
amendment,1
throughout,1
purges,1
surely,1
angles,1
firther,1
immediate,1
utopian,1
development,1
gosstatizdat,1
inevitable,1
run,1
professor,1
bent,1
retrospectively,1
arrested,1
demanded,1
tables,1
inorder,1
hierarchy,1
plaing,1
politizdat,1
police,1
proliferated,1
accelerating,1
intact,1
interest,1
compulsorily,1
characteristic,1
contributors,1
mixed,1
santa,1
issued,1
uniformity,1
application,1
co,1
deflating,1
regarded,1
assessment,1
align,1
mild,1
expected,1
admitted,1
forced,1
momentarily,1
big,1
estimates,1
distinct,1
maintaining,1
pushing,1
rejecting,1
keep,1
enhancement,1
behaving,1
fond,1
ovazhmeishikhpopravkakh,1
allocating,1
response,1
columbia,1
transitional,1
restrict,1
holds,1
difficulty,1
continuous,1
twice,1
witnessed,1
stanforduniversitypress,1
pure,1
estimate,1
profit,1
like,1
noise,1
umbilicus,1
corrected,1
statisticheskoe,1
critique,1
viticulture,1
deeply,1
occasion,1
cooperative,1
pronounced,1
reformers,1
betweenthe,1
catalogues,1
though,1
coal,1
parlance,1
manager,1
cites,1
implementation,1
postanovleniia,1
contracting,1
grasp,1
purchasing,1
dla,1
centrallyplanned,1
rights,1
premiums,1
behave,1
offices,1
deviation,1
simultaneously,1
weapon,1
whose,1
essential,1
genuinely,1
monopolies,1
predicted,1
managers,1
undervaluing,1
stvo,1
negatively,1
ofnew,1
eatwell,1
investigation,1
en,1
zovaniia,1
revenues,1
combined,1
outputs,1
remote,1
precluded,1
levine,1
deliberately,1
mbmw,1
expenditure,1
popravochnykh,1
transifion,1
importance,1
derived,1
balanced,1
special,1
deputy,1
debat,1
redundancy,1
utilities,1
moreover,1
raymond,1
firing,1
meet,1
exceptional,1
modified,1
determination,1
hiroaki,1
serve,1
win,1
circulated,1
nonferrous,1
wages,1
decrees,1
fiveyear,1
lowergrade,1
signed,1
river,1
imposing,1
retained,1
metallurgy,1
govemment,1
otherwise,1
workplace,1
fmal,1
presumably,1
warren,1
threatening,1
spirit,1
variance,1
impact,1
placed,1
welfare,1
reprice,1
allocative,1
prevent,1
periodically,1
coventry,1
simplifies,1
looser,1
presumed,1
initiative,1
operate,1
superior,1
resource,1
additional,1
rationally,1
efficient,1
feinstein,1
position,1
circulating,1
dissenting,1
requires,1
hereafter,1
kerry,1
willing,1
ofsovietmachinery,1
absolute,1
shifted,1
crucially,1
biasing,1
dominant,1
discouraging,1
etude,1
decades,1
drawing,1
ofeconomics,1
cut,1
countervailing,1
greater,1
raw,1
compulsory,1
skewed,1
appraisal,1
disbelief,1
sooner,1
path,1
six,1
detrimental,1
ahiringtheplan,1
begun,1
nt,1
search,1
color,1
mildly,1
nagging,1
typical,1
access,1
attack,1
relating,1
ofthree,1
changed,1
beenpartial,1
jn,1
shared,1
onuntilthe,1
januaty,1
infrequent,1
facilitate,1
criticisms,1
centrally,1
mobilization,1
persist,1
multiples,1
overheads,1
vtoraia,1
initial,1
fuel,1
respects,1
term,1
sots,1
evaluate,1
late,1
unobserved,1
embedded,1
contest,1
accurately,1
david,1
shadowed,1
intervening,1
sacrosanct,1
understood,1
informed,1
let,1
blow,1
ensurethattheprices,1
cuts,1
metalworking,1
twoyears,1
recently,1
applied,1
inadequately,1
metals,1
nikolai,1
tbe,1
guarantee,1
delays,1
yehuda,1
enough,1
narkomatam,1
microeconomy,1
duly,1
impression,1
exert,1
shape,1
specifically,1
hierarchies,1
collude,1
none,1
degrees,1
line,1
literature,1
assistants,1
received,1
sanction,1
tool,1
mibmw,1
claim,1
statistika,1
beenjust,1
characterization,1
attacked,1
uncover,1
stripe,1
watts,1
norm,1
proportions,1
multiplied,1
supreme,1
revealed,1
normalization,1
routinely,1
description,1
gave,1
domestically,1
during,1
millions,1
constitute,1
sacked,1
strenuous,1
structures,1
details,1
date,1
past,1
documented,1
repackaging,1
izdatel,1
reflect,1
cubic,1
employed,1
clinging,1
ultimately,1
capacities,1
regulator,1
planiruetsiaproduktsiia,1
trends,1
relentless,1
errors,1
crude,1
aspired,1
incompleteness,1
statistically,1
least,1
prelim,1
normally,1
hard,1
working,1
corresponds,1
inference,1
alterations,1
fuzzy,1
responsibility,1
lowest,1
theoretically,1
suggest,1
wished,1
dictionary,1
coupled,1
standpoint,1
sharp,1
stalinist,1
acted,1
arbitrary,1
uporiadochenii,1
sake,1
godai,1
melanie,1
lukovaia,1
separately,1
wider,1
components,1
executed,1
temporary,1
invoke,1
observe,1
urgently,1
closeness,1
tended,1
methodological,1
altogether,1
credible,1
incurred,1
always,1
progress,1
necessity,1
user,1
productivity,1
nettle,1
ffian,1
proper,1
paid,1
unpleasantness,1
ellen,1
organs,1
cycle,1
inabilities,1
plausible,1
unduly,1
strukture,1
econom,1
newly,1
grateful,1
displaced,1
am,1
evoked,1
rest,1
sporadic,1
reducing,1
activities,1
correctionwould,1
barbara,1
mess,1
pearson,1
sanctions,1
counteract,1
offarmmachinery,1
partially,1
phases,1
units,1
situation,1
critics,1
resist,1
ingredients,1
absence,1
steadily,1
requirement,1
penalized,1
incorrect,1
separation,1
distorted,1
wrote,1
reinstated,1
foodindustry,1
breaches,1
resisted,1
socalled,1
jeffery,1
return,1
rozovskii,1
notoriously,1
classic,1
merits,1
exception,1
etween,1
assurance,1
object,1
april,1
converted,1
industly,1
authorizing,1
above,1
sopostavleniia,1
comments,1
covert,1
undefined,1
za,1
strategic,1
decisions,1
direction,1
selection,1
notional,1
rationing,1
guide,1
ilic,1
calculate,1
colin,1
relied,1
lagged,1
reference,1
selyunin,1
push,1
opportunities,1
novyi,1
coverage,1
marginal,1
thought,1
frowned,1
incrementally,1
neous,1
durables,1
formally,1
sfill,1
favorable,1
perceived,1
participants,1
homogeneous,1
adjusted,1
assistance,1
abandon,1
shifting,1
ed,1
farm,1
outlined,1
switch,1
andproduction,1
begins,1
quotations,1
speaking,1
assimilated,1
predominate,1
pol,1
chast,1
evolve,1
social,1
considers,1
comparisonswithinthis,1
name,1
successfully,1
narkompishcheprom,1
paul,1
law,1
multiplying,1
tilt,1
kenneth,1
toward,1
pointed,1
reporting,1
added,1
assortmnent,1
ofthis,1
release,1
barber,1
registration,1
arguing,1
diminishing,1
consideration,1
head,1
proposal,1
clarendon,1
conference,1
disturbed,1
choice,1
enable,1
informing,1
upgrading,1
istoriia,1
charges,1
retraded,1
discussed,1
advocacy,1
serious,1
offeredby,1
forwarding,1
likelihood,1
electricity,1
commissars,1
intraindustry,1
machinebuilding,1
deceptive,1
purposes,1
superimposed,1
mysl,1
empire,1
skewing,1
accepted,1
establish,1
disuse,1
ofgovernance,1
interview,1
forthe,1
necessary,1
planirovaniia,1
unenforced,1
disparity,1
ofsovietriussia,1
counterrevolutionary,1
showing,1
weaken,1
governance,1
acquiesce,1
ssha,1
centralization,1
going,1
free,1
mokyr,1
score,1
virtualy,1
reminds,1
plane,1
institutions,1
wheatcroft,1
calculation,1
deistvuiushchietseny,1
imagine,1
chide,1
credit,1
nonetheless,1
classes,1
oil,1
dimensions,1
effectiveness,1
stumbled,1
regrading,1
comprise,1
sacrifices,1
bear,1
limitations,1
aggregated,1
rapidity,1
region,1
logs,1
transformed,1
enhanced,1
tiurina,1
copies,1
concern,1
misallocation,1
varying,1
ministrov,1
entirely,1
traded,1
sold,1
prevailed,1
revising,1
assumption,1
began,1
khoziaistvo,1
worse,1
engaging,1
survey,1
resulting,1
processes,1
variables,1
continue,1
specifies,1
exerted,1
falsification,1
nightmare,1
advantages,1
theories,1
optimistic,1
ofraising,1
described,1
finally,1
trade,1
inflafion,1
quotation,1
clear,1
loi,1
historic,1
remaining,1
reality,1
frustrated,1
authors,1
comprehensive,1
maurice,1
profession,1
modernization,1
subtitle,1
issn,1
started,1
gospolitizdat,1
helpful,1
indexing,1
munit,1
spread,1
rewarded,1
function,1
acquiescence,1
plant,1
responses,1
bolsheviks,1
played,1
farms,1
stages,1
upravlenie,1
accurate,1
probable,1
commentaries,1
exchange,1
repeated,1
artificial,1
koefitsientov,1
strict,1
strongly,1
ispt,1
ip,1
random,1
mining,1
parallel,1
computed,1
exaggeration,1
relation,1
narrow,1
references,1
electric,1
usa,1
paris,1
analyze,1
slightly,1
story,1
restorationist,1
northern,1
acceded,1
workshop,1
voiced,1
milgate,1
tendency,1
destruction,1
unconcealed,1
outright,1
uncanny,1
manufactured,1
surprising,1
staffed,1
specifications,1
asthose,1
consists,1
readiness,1
ofmachinery,1
anchorto,1
memo,1
markup,1
problemypromyshlennoi,1
commentator,1
residual,1
naum,1
independent,1
fortextile,1
bulk,1
crucial,1
suspected,1
support,1
cnrs,1
resistant,1
palgrave,1
remotely,1
dec,1
primarily,1
dragged,1
gos,1
becomes,1
investigators,1
subsidy,1
who,1
sensitive,1
butinthe,1
obedient,1
interfere,1
translation,1
bears,1
economists,1
credited,1
bypa,1
deals,1
expert,1
indicate,1
compiling,1
delo,1
zeckhauser,1
why,1
intend,1
responsible,1
extra,1
existed,1
inferior,1
famous,1
drafted,1
enforced,1
strategically,1
articles,1
pressures,1
rationalize,1
benefitted,1
durability,1
addressed,1
stephen,1
quantitative,1
narrowed,1
differentiated,1
acquired,1
baseline,1
reciprocal,1
valuing,1
abandonment,1
seriously,1
punished,1
exercised,1
rarely,1
thinking,1
upposed,1
comparingplannedandactual,1
overriding,1
complexity,1
changing,1
godu,1
conjunction,1
deep,1
unweighted,1
respective,1
instructed,1
steel,1
ever,1
scarcely,1
hypothesized,1
detect,1
reinforced,1
accruing,1
importprices,1
sawn,1
ignore,1
trapped,1
charles,1
distort,1
highergrade,1
funding,1
xt,1
verify,1
school,1
forty,1
quickly,1
objectively,1
know,1
ni,1
defining,1
ran,1
unavailable,1
principle,1
introducing,1
sure,1
chaining,1
guaranteed,1
publicly,1
reversal,1
share,1
attribute,1
historians,1
spravka,1
board,1
variable,1
referees,1
iul,1
alexander,1
print,1
appendix,1
andfond,1
half,1
domestic,1
proportional,1
ulfill,1
grossman,1
harvest,1
andrei,1
alternatively,1
newman,1
solved,1
speculation,1
powell,1
rearmament,1
written,1
benefit,1
constant,1
reflected,1
convey,1
allocated,1
chairman,1
trailing,1
works,1
type,1
absolutely,1
ideally,1
better,1
subordinate,1
elena,1
beginning,1
switchback,1
blowing,1
regulations,1
game,1
bid,1
unlikely,1
automatic,1
fuller,1
carefully,1
resurfaced,1
conservatism,1
unique,1
implicit,1
rose,1
stability,1
imposed,1
add,1
lengths,1
ceased,1
tightly,1
consisting,1
allocate,1
officialrealgvot,1
bureaucratic,1
secure,1
produce,1
lagging,1
listed,1
agreed,1
inprocedures,1
categories,1
freedom,1
popromyshlennym,1
periodicals,1
voprosy,1
penalize,1
mir,1
hindsight,1
nj,1
researchers,1
boston,1
ekonomicheskikh,1
emergent,1
displace,1
atwhichits,1
uncontrolled,1
relativities,1
recognition,1
ruled,1
peace,1
attached,1
uniform,1
narodnoe,1
unaffected,1
predecessors,1
assumptions,1
commissioned,1
territory,1
adapted,1
measure,1
finish,1
opportunistically,1
freer,1
startling,1
neglect,1
varied,1
narkom,1
leap,1
our,1
prepared,1
come,1
named,1
false,1
afflicted,1
opis,1
models,1
examples,1
obliged,1
subset,1
survival,1
recording,1
drafts,1
differentiation,1
unable,1
argues,1
authorized,1
difference,1
joel,1
disappear,1
observed,1
disarray,1
initiated,1
donald,1
rationalization,1
slashed,1
zovannogo,1
opens,1
grant,1
charge,1
crisis,1
depressing,1
actively,1
typically,1
computation,1
confiscated,1
sur,1
manufacture,1
sautin,1
smaller,1
involving,1
punitive,1
attempted,1
off,1
socialism,1
comprising,1
researchgrant,1
remains,1
association,1
speak,1
incenfive,1
showed,1
anonymous,1
needs,1
dissent,1
offered,1
supported,1
pleasantness,1
distinctions,1
encouraging,1
ofrussian,1
intolerant,1
softness,1
statistiki,1
c,1
russia,1
redolent,1
charged,1
politburo,1
succeeded,1
encroaches,1
vary,1
mezhlaukto,1
sharing,1
partial,1
selfinterested,1
pratt,1
import,1
incur,1
little,1
statistician,1
benchmark,1
fabricated,1
immediately,1
uk,1
seven,1
recent,1
economize,1
whistle,1
detriment,1
pulling,1
successive,1
noe,1
sent,1
built,1
roles,1
unify,1
household,1
major,1
costly,1
inwhichplanswere,1
