WORDCOUNTS,WEIGHT
the,606
of,280
opium,247
in,203
and,161
to,143
a,111
was,88
price,73
regie,63
by,61
for,57
that,49
on,49
is,46
from,46
percent,44
it,43
we,43
consumption,43
this,42
van,38
were,34
period,33
as,33
morphine,32
revenue,31
policy,30
government,30
at,29
effect,29
with,29
dutch,25
an,25
change,24
but,24
first,23
which,23
there,23
about,22
java,22
be,21
had,20
year,20
see,20
colonial,20
interceptions,19
decline,19
number,19
use,19
not,19
content,19
also,18
effects,18
ours,17
s,16
system,16
elasticity,16
p,16
indies,16
javanese,16
are,16
its,15
monopoly,15
smuggling,15
per,14
east,14
voc,14
data,14
under,14
these,14
have,14
districts,13
drug,13
trade,13
would,13
between,13
one,12
guilders,12
no,12
economic,12
kilograms,12
many,12
table,12
introduced,12
all,11
real,11
their,11
more,11
average,11
illegal,10
into,10
thus,10
incentive,10
revenues,10
b,10
second,10
demand,10
sold,10
netherlands,10
been,10
column,10
transition,10
years,10
fixed,9
history,9
rush,9
j,9
farmers,9
quantities,9
than,9
information,9
during,9
prices,9
annual,9
or,9
farming,9
including,9
farm,9
regime,9
variable,9
did,9
c,9
introduction,8
they,8
batavia,8
luijk,8
used,8
two,8
shows,8
local,8
new,8
figure,8
whether,8
early,8
our,8
increased,8
estimated,7
intercepted,7
century,7
district,7
en,7
retail,7
wages,7
raw,7
out,7
when,7
lagged,7
importation,7
time,7
income,7
increase,7
amounts,7
analysis,7
text,7
over,7
both,7
if,6
total,6
bengal,6
asia,6
consumers,6
de,6
consumer,6
his,6
legal,6
could,6
because,6
has,6
southeast,6
substantially,6
refining,6
assume,6
latter,6
who,6
then,6
natural,6
kilogram,6
very,6
through,6
press,6
difference,6
d,6
substantial,6
much,6
investigated,5
market,5
before,5
nineteenth,5
fluctuations,5
sources,5
other,5
throughout,5
farmer,5
such,5
since,5
auctioned,5
journal,5
university,5
most,5
rice,5
least,5
caused,5
level,5
therefore,5
reduce,5
same,5
only,5
volume,5
gives,5
variables,5
note,5
changing,5
finally,5
indonesia,5
does,4
proeve,4
affected,4
e,4
replaced,4
source,4
drugs,4
differences,4
state,4
within,4
british,4
case,4
right,4
consumed,4
quantity,4
due,4
even,4
rights,4
shortand,4
butcher,4
gradually,4
w,4
additional,4
important,4
elasticities,4
found,4
chinese,4
example,4
conclude,4
coast,4
candu,4
logarithm,4
various,4
sales,4
reports,4
rise,4
french,4
fact,4
end,4
significant,4
so,4
high,4
farms,4
following,4
historical,4
transport,4
assumptions,4
jan,4
now,3
later,3
indicated,3
police,3
large,3
modern,3
wiselius,3
verspreiding,3
lower,3
t,3
last,3
madura,3
key,3
retailers,3
auction,3
changed,3
account,3
vol,3
some,3
sale,3
along,3
component,3
calculated,3
september,3
estimates,3
retailing,3
witnessed,3
estimate,3
higher,3
subperiod,3
york,3
monopolies,3
main,3
nijhoff,3
employees,3
parentheses,3
dens,3
india,3
whereas,3
problem,3
users,3
further,3
purchased,3
well,3
directly,3
distinguish,3
received,3
part,3
description,3
refined,3
employed,3
trends,3
hard,3
seized,3
reliable,3
indicators,3
quite,3
small,3
het,3
hague,3
results,3
value,3
he,3
matter,3
leased,3
corporation,3
still,3
indicates,3
study,3
opiumcultuur,3
edited,3
factory,3
fell,3
john,3
contemporary,3
hand,3
do,3
sell,3
another,3
private,3
prohibition,3
trend,3
full,3
previous,3
three,3
allowed,3
after,3
illicit,3
martin,3
exchange,3
k,3
indochina,3
health,3
off,3
fall,3
contained,3
addens,3
set,3
equation,3
know,3
martinus,3
control,3
each,3
what,3
economy,3
nominal,3
influenced,3
buy,3
eric,3
haak,3
contract,3
conditions,3
institutional,3
course,3
themselves,3
maximum,3
major,3
difficult,2
zero,2
o,2
way,2
indie,2
distributed,2
walker,2
studies,2
specified,2
former,2
missionaries,2
motive,2
presents,2
cornell,2
negative,2
antismuggling,2
exclusive,2
purchaser,2
england,2
nature,2
priangan,2
company,2
available,2
daily,2
estimation,2
great,2
simple,2
studied,2
murray,2
regression,2
henceforth,2
political,2
depends,2
ceribon,2
proceed,2
march,2
howard,2
determined,2
supply,2
pekalongan,2
correlation,2
million,2
handel,2
quality,2
against,2
tables,2
dick,2
assured,2
affairs,2
amount,2
ithaca,2
compared,2
find,2
profit,2
smugglers,2
corrected,2
delivered,2
though,2
al,2
may,2
incentives,2
operation,2
reflects,2
growth,2
active,2
granted,2
similar,2
derived,2
induce,2
drugsbeleid,2
risks,2
means,2
rising,2
dilution,2
historisch,2
wanted,2
consider,2
emergence,2
proved,2
n,2
origins,2
efficient,2
lubbers,2
obstacles,2
article,2
logarithms,2
semarang,2
included,2
declined,2
demise,2
economics,2
term,2
big,2
late,2
furthermore,2
shall,2
third,2
war,2
appears,2
population,2
excellent,2
banyumas,2
however,2
absolute,2
levant,2
public,2
eliminate,2
trocki,2
lodwick,2
taxes,2
kg,2
r,2
degrees,2
line,2
island,2
work,2
implement,2
significantly,2
combating,2
london,2
stores,2
whole,2
overview,2
suppliers,2
stimulate,2
et,2
own,2
good,2
wholesale,2
trading,2
order,2
sharp,2
around,2
distinguished,2
malacca,2
parliament,2
lui,2
st,2
dependent,2
addictive,2
paid,2
notes,2
activities,2
society,2
addiction,2
will,2
fa,2
middlemen,2
govenment,2
indeed,2
expanded,2
initially,2
percentage,2
outlets,2
den,2
official,2
calculations,2
polak,2
switch,2
experiment,2
social,2
liu,2
again,2
efforts,2
idea,2
rembang,2
tilburg,2
smokable,2
increases,2
where,2
empire,2
free,2
baud,2
remained,2
upon,2
dros,2
region,2
asian,2
licensed,2
ofthe,2
ibid,2
subsequent,2
clear,2
modem,2
dominated,2
started,2
general,2
administrative,2
black,2
standard,2
annually,2
surabaya,2
respectively,2
mainly,2
can,2
structure,2
james,2
probably,2
madiun,2
decreased,2
states,2
residual,2
sometimes,2
foreign,2
returned,2
invloed,2
indicate,2
often,2
nhm,2
itself,2
investigate,2
nankoe,2
considered,2
any,2
version,2
must,2
surakarta,2
agents,2
accounts,2
determinants,2
known,2
creutzberg,2
kediri,2
taiwan,2
finance,2
different,2
organized,2
half,2
associated,2
section,2
past,2
enlarged,2
crusaders,2
according,2
purchase,2
shipments,2
form,2
particular,2
extent,2
while,2
yield,2
balance,2
burgerschap,2
freedom,2
researchers,2
bought,2
reported,2
little,2
yearly,2
subject,2
administration,2
gerlus,2
shareholders,2
besuki,2
diehl,2
question,2
singapore,2
intent,2
until,2
kedu,2
intensified,2
decrease,2
pasuruan,2
national,2
pocketed,2
evidence,2
files,2
smaller,2
archipelago,2
regular,2
endogeneity,2
nederlandsch,2
association,2
profits,2
coefficient,2
import,2
given,2
strong,2
north,2
should,2
melioration,1
ending,1
portuguese,1
der,1
discourage,1
societeit,1
generated,1
ols,1
privately,1
groups,1
corruption,1
probolinggo,1
imported,1
slaughter,1
represent,1
personnel,1
prohibitionist,1
offset,1
considerably,1
starts,1
coastlines,1
overland,1
center,1
american,1
determinant,1
businesselites,1
columns,1
authority,1
true,1
h,1
nl,1
intermittent,1
favor,1
experimentation,1
clandestine,1
ricklefs,1
tells,1
steeply,1
ferret,1
stochastic,1
plantations,1
operatives,1
koninklijk,1
expenditures,1
test,1
cutting,1
said,1
reprinted,1
consistent,1
else,1
permit,1
undermine,1
lexington,1
every,1
normalize,1
preceding,1
importing,1
production,1
crews,1
ii,1
taken,1
military,1
enables,1
disturbance,1
attempt,1
fann,1
referees,1
cepr,1
reimposed,1
parties,1
dramatically,1
continue,1
thank,1
stood,1
rich,1
follows,1
concludes,1
composition,1
procedure,1
yogya,1
take,1
i,1
tijdschrift,1
help,1
stand,1
raised,1
those,1
reserved,1
federated,1
china,1
profitable,1
purchasers,1
checked,1
regressed,1
citizenship,1
exogenous,1
luifk,1
sophisticated,1
oeconomisch,1
linear,1
albeit,1
money,1
capacity,1
encouraging,1
sought,1
compagnie,1
tenns,1
opened,1
possible,1
joh,1
cooperation,1
activity,1
hausman,1
insight,1
obvious,1
west,1
apart,1
taking,1
business,1
reflecting,1
immoral,1
utmost,1
mataram,1
apply,1
representing,1
himself,1
krawang,1
engage,1
collection,1
split,1
complicating,1
parapolice,1
controlled,1
surplus,1
hakiem,1
succeed,1
learned,1
central,1
cumulated,1
yogyakarta,1
merchants,1
severe,1
eating,1
interior,1
agent,1
criminality,1
characteristic,1
decided,1
relations,1
landand,1
employing,1
exercise,1
attracting,1
weaknesses,1
turn,1
economical,1
nor,1
urbanization,1
perspective,1
restrict,1
extraordinary,1
tegal,1
criterion,1
coinciding,1
y,1
kapteyn,1
instruments,1
apparently,1
kentucky,1
instituut,1
handful,1
adjust,1
error,1
haarlem,1
implementation,1
focused,1
finances,1
failed,1
couraged,1
fixes,1
adequate,1
license,1
without,1
l,1
wanting,1
absent,1
how,1
luiqk,1
smoking,1
subperiods,1
taalland,1
levels,1
process,1
analyzes,1
thing,1
importance,1
se,1
economische,1
japanese,1
doubted,1
special,1
enabled,1
tolls,1
interlopement,1
vereenigde,1
moreover,1
multivariate,1
pleasures,1
reason,1
salaried,1
amphioen,1
changes,1
bad,1
deflate,1
affect,1
ensure,1
intercept,1
statistical,1
established,1
samarang,1
govemment,1
thenetherlands,1
clearly,1
coefficients,1
sum,1
elsewhere,1
director,1
numbers,1
impact,1
squares,1
proxied,1
gunsteren,1
prevent,1
statics,1
stripping,1
passed,1
dorp,1
discomfort,1
cost,1
wehave,1
fishnets,1
problems,1
puts,1
instance,1
tjako,1
opinion,1
export,1
adapting,1
decades,1
protestant,1
cut,1
appear,1
constructive,1
opponents,1
explanatory,1
result,1
endogenous,1
came,1
whom,1
concentration,1
harbor,1
begun,1
hands,1
search,1
typical,1
access,1
deal,1
international,1
fishing,1
carolina,1
percentages,1
arie,1
unobserved,1
embedded,1
pure,1
cultural,1
narcotic,1
opprobrium,1
viewed,1
promise,1
scale,1
safe,1
placed,1
instrumental,1
facilities,1
near,1
governing,1
receive,1
expensive,1
preparations,1
lost,1
farner,1
destinations,1
fax,1
imports,1
strict,1
preferred,1
heart,1
optimizing,1
brought,1
story,1
user,1
bazaars,1
reduction,1
indigenous,1
ten,1
realm,1
q,1
partly,1
people,1
officers,1
unrestricted,1
statistics,1
thereafter,1
bankrupt,1
forces,1
personal,1
reflect,1
surrounding,1
systematic,1
bid,1
preparation,1
abolish,1
approach,1
shortcomings,1
depressie,1
either,1
traders,1
published,1
start,1
normally,1
sense,1
indicator,1
correct,1
negligible,1
things,1
impair,1
hired,1
next,1
box,1
le,1
contrast,1
owned,1
involved,1
inst,1
teams,1
calendaryear,1
influence,1
dealers,1
separately,1
raffles,1
few,1
highly,1
depression,1
transfer,1
governments,1
facility,1
denotes,1
peak,1
met,1
protect,1
usual,1
villages,1
tended,1
occasions,1
os,1
using,1
nico,1
undergoing,1
provided,1
finds,1
reducing,1
interception,1
secret,1
f,1
portion,1
critical,1
situation,1
employrnent,1
reduced,1
minor,1
bagelen,1
service,1
comparative,1
peddle,1
socalled,1
limited,1
tried,1
return,1
inhibit,1
constraints,1
attaching,1
landed,1
comments,1
studien,1
hawkers,1
registered,1
shipped,1
hold,1
positive,1
infeasible,1
once,1
collect,1
pacific,1
selling,1
violence,1
meanwhile,1
unfriendly,1
treaty,1
coverage,1
represents,1
rules,1
requiring,1
rife,1
westem,1
sounds,1
combat,1
us,1
neither,1
management,1
malay,1
peddling,1
assistance,1
marketeers,1
culture,1
refine,1
costs,1
department,1
tum,1
begins,1
vanours,1
useful,1
shops,1
members,1
starting,1
detectives,1
goals,1
neerlandsch,1
unlimited,1
onwards,1
power,1
stated,1
subcontinent,1
mighty,1
welllaid,1
others,1
addition,1
experienced,1
financial,1
mogul,1
investigates,1
longer,1
japara,1
areas,1
endless,1
lieutenant,1
plan,1
implir,1
illegality,1
reform,1
break,1
larger,1
banks,1
decreases,1
supplies,1
fallen,1
omitted,1
strait,1
variation,1
pattern,1
reasons,1
men,1
conclusions,1
outside,1
drinking,1
present,1
covered,1
model,1
secular,1
seventeenth,1
less,1
opiumtrade,1
council,1
stirred,1
ports,1
duties,1
necessary,1
koloniale,1
perhaps,1
fanning,1
nonshareholders,1
explicitly,1
compete,1
deficit,1
thoroughly,1
degree,1
remove,1
calculation,1
original,1
credit,1
analyzed,1
wrr,1
understanding,1
greatest,1
extended,1
clients,1
rulers,1
excluding,1
easier,1
made,1
completed,1
garner,1
enhanced,1
infornation,1
wholesaler,1
expand,1
attributed,1
encouraged,1
britsch,1
findings,1
fams,1
controlling,1
unfortunately,1
largely,1
boatmen,1
refers,1
factor,1
affects,1
ethnic,1
processes,1
actual,1
engaged,1
individuals,1
ashore,1
check,1
regions,1
ratified,1
complicated,1
dummy,1
perspectief,1
reality,1
authors,1
op,1
sensitivity,1
essay,1
workers,1
issn,1
times,1
characterized,1
helpful,1
crushing,1
spread,1
direct,1
collected,1
distinction,1
reversals,1
disclaimer,1
quick,1
random,1
enough,1
geschiedenis,1
cultuurstelsel,1
outcomes,1
systems,1
opiumgebruik,1
chapel,1
greatly,1
enschede,1
accordingly,1
sentiments,1
verbruik,1
implication,1
differ,1
contracts,1
twofold,1
attracted,1
patrol,1
occupied,1
govemrnent,1
quarter,1
fee,1
regimes,1
attention,1
deflator,1
widely,1
applies,1
separate,1
indication,1
escaping,1
respect,1
mitigate,1
supposed,1
morphineweak,1
bureau,1
continued,1
luuk,1
criminal,1
naturally,1
practical,1
ministry,1
suspected,1
hill,1
reasonable,1
begin,1
ordinary,1
success,1
force,1
began,1
bt,1
downward,1
transformation,1
rapidly,1
expert,1
regresses,1
expedients,1
responsible,1
sevenfold,1
lowered,1
voorstudie,1
existed,1
united,1
achieve,1
get,1
face,1
departnent,1
figured,1
gathered,1
benefitted,1
subscript,1
authorities,1
takes,1
constant,1
specification,1
lessons,1
broke,1
sduuitgeverij,1
series,1
conclusion,1
extensive,1
farmed,1
syndicate,1
log,1
praktijken,1
decorum,1
carl,1
here,1
outcome,1
stamp,1
specialized,1
ratio,1
connection,1
seem,1
king,1
flowing,1
best,1
pragmatic,1
straightforward,1
gc,1
ofrevenuefarming,1
expense,1
domestic,1
revenuefarming,1
bant,1
exploiting,1
research,1
govement,1
goods,1
visits,1
placing,1
passage,1
living,1
hoed,1
beginning,1
jakarta,1
william,1
cated,1
combined,1
unique,1
them,1
list,1
voor,1
references,1
want,1
pains,1
firmly,1
transactions,1
executing,1
leaving,1
distribution,1
kub,1
qt,1
thousands,1
almost,1
episode,1
alcohol,1
volkenkunde,1
contain,1
millions,1
sublicenses,1
policemen,1
vitiated,1
reaped,1
eene,1
presented,1
zonen,1
banten,1
thereby,1
cl,1
uniform,1
sgravenhage,1
concessions,1
intended,1
everywhere,1
went,1
territory,1
measure,1
obtain,1
lump,1
retailed,1
socializing,1
ensuing,1
firms,1
gain,1
critisch,1
cordon,1
come,1
buying,1
ultimately,1
commercial,1
generate,1
initiated,1
charts,1
subcontractors,1
offer,1
applicable,1
undiminished,1
approximately,1
instead,1
correlated,1
critics,1
range,1
need,1
opinions,1
product,1
phone,1
defined,1
derive,1
wholesalers,1
campaign,1
ships,1
roughly,1
anonymous,1
comparison,1
observation,1
specific,1
removed,1
assumed,1
ensuring,1
pharmacist,1
prospects,1
elites,1
commodity,1
reached,1
obligation,1
era,1
enterprise,1
debate,1
routinely,1
focus,1
duration,1
among,1
ends,1
networks,1
livestock,1
observed,1
fiscal,1
alternative,1
farners,1
built,1
nederlandsindie,1
