WORDCOUNTS,WEIGHT
the,508
in,190
of,188
to,175
and,136
a,103
was,88
for,84
rice,83
is,75
sugarcane,74
that,70
price,70
taiwan,68
this,59
pricing,53
indexed,51
mills,50
by,50
mill,48
method,45
s,44
sugar,43
on,42
farmers,40
not,38
be,38
at,36
we,32
from,32
it,31
would,30
were,28
with,28
land,27
as,27
insurance,26
only,26
are,26
cane,25
when,25
model,24
which,24
per,23
more,23
also,23
yuan,23
gin,22
their,22
chia,22
paddy,21
period,21
all,20
crops,20
japanese,20
industry,20
our,20
other,19
these,19
moonbrow,19
risk,18
because,18
its,18
used,18
where,18
an,18
table,18
one,17
no,17
had,17
could,17
percent,17
if,16
instance,16
crop,16
than,15
study,15
prices,15
koo,14
farmer,14
did,14
have,14
let,13
p,13
q,13
there,12
self,12
guarantee,12
year,12
growing,12
between,12
they,11
might,11
proportion,11
applied,11
during,11
statistics,11
time,11
income,11
see,11
real,10
thus,10
will,10
likelihood,10
significant,10
so,10
can,10
subsidy,10
each,10
purchase,10
territory,10
grown,10
before,9
probit,9
explain,9
but,9
t,9
japan,9
use,9
different,9
according,9
wang,9
area,9
increased,9
needed,8
suitable,8
b,8
consider,8
however,8
required,8
level,8
economic,8
never,8
guarantees,8
local,8
tigertail,8
times,8
effect,8
set,8
terms,8
colonial,8
average,8
territories,8
among,8
market,7
season,7
i,7
some,7
supply,7
such,7
his,7
university,7
whereas,7
grow,7
value,7
marginal,7
or,7
ponlai,7
less,7
discussion,7
food,7
fields,7
whether,7
agricultural,7
cash,7
row,7
production,6
taipei,6
output,6
may,6
higher,6
coefficients,6
logit,6
future,6
data,6
research,6
up,6
same,6
two,6
cultivated,6
increases,6
bonus,6
been,6
analysis,6
variable,6
constant,6
very,6
yield,6
years,6
expect,5
total,5
plantations,5
source,5
case,5
rivalry,5
planted,5
agriculture,5
trade,5
pomareda,5
irrigated,5
due,5
profit,5
across,5
cost,5
irrigation,5
problem,5
late,5
issues,5
change,5
always,5
productivity,5
aggregate,5
therefore,5
suppose,5
pp,5
us,5
department,5
areas,5
abstract,5
hand,5
increase,5
dpc,5
exports,5
three,5
indexing,5
after,5
figure,5
why,5
over,5
conglomerate,5
harvest,5
type,5
inputs,5
while,5
both,5
through,5
conditions,5
offer,5
effects,5
now,4
fertile,4
units,4
experience,4
long,4
every,4
pc,4
later,4
planting,4
taiwanese,4
scheme,4
correlation,4
mc,4
adopted,4
little,4
sample,4
response,4
induce,4
reason,4
hazell,4
most,4
show,4
came,4
out,4
receive,4
kg,4
heavily,4
journal,4
good,4
field,4
quite,4
small,4
july,4
about,4
under,4
rise,4
shows,4
regulation,4
wu,4
farming,4
material,4
discrimination,4
previously,4
full,4
grew,4
premium,4
standard,4
article,4
respectively,4
division,4
qr,4
then,4
addendum,4
december,4
has,4
following,4
rose,4
conglomerates,4
particular,4
dpr,4
press,4
difference,4
coefficient,4
strong,4
tract,4
zero,3
o,3
common,3
faced,3
large,3
fixed,3
first,3
estimated,3
lightly,3
official,3
company,3
follows,3
thanks,3
take,3
johns,3
adopting,3
except,3
review,3
development,3
calculated,3
predetermined,3
against,3
carlos,3
assured,3
century,3
amount,3
estimate,3
find,3
rather,3
main,3
mean,3
opportunity,3
coase,3
similar,3
risks,3
rising,3
fertilizer,3
section,3
cotton,3
important,3
based,3
rule,3
sowing,3
economics,3
served,3
noting,3
markets,3
big,3
shall,3
harvested,3
hopkins,3
well,3
received,3
even,3
r,3
london,3
example,3
though,3
own,3
shieh,3
contrast,3
observe,3
world,3
notes,3
them,3
second,3
demand,3
territorial,3
indeed,3
limited,3
single,3
relied,3
qc,3
index,3
baltimore,3
business,3
water,3
fact,3
choice,3
larger,3
supplies,3
do,3
number,3
free,3
another,3
made,3
upon,3
wpi,3
cropping,3
sold,3
peter,3
individual,3
started,3
high,3
random,3
become,3
exported,3
fee,3
decision,3
increasing,3
who,3
considered,3
environment,3
practice,3
colonists,3
rival,3
besides,3
worth,3
rural,3
february,3
places,3
subsidies,3
commodities,3
decrease,3
instead,3
correlated,3
early,3
much,3
observed,3
does,2
way,2
adopt,2
midpoint,2
designated,2
created,2
announced,2
compensated,2
phonetic,2
american,2
drastically,2
designed,2
authority,2
h,2
specified,2
modern,2
western,2
committee,2
history,2
into,2
encourage,2
nineteenth,2
lower,2
consistent,2
acres,2
nature,2
available,2
usually,2
zhailai,2
estimation,2
simple,2
thank,2
government,2
help,2
feature,2
last,2
greatly,2
those,2
decreased,2
fertilizers,2
suspect,2
changed,2
prior,2
greene,2
x,2
owners,2
uncertain,2
valdes,2
fanner,2
labor,2
announce,2
explained,2
points,2
since,2
econometric,2
interest,2
ds,2
employing,2
pay,2
expected,2
estimates,2
approval,2
differently,2
third,2
like,2
amemiya,2
bonuses,2
fraginals,2
operation,2
simultaneously,2
ka,2
slavery,2
tzen,2
how,2
basic,2
unit,2
subsistence,2
importance,2
productive,2
sown,2
acquisition,2
statistical,2
established,2
days,2
differs,2
helped,2
greater,2
result,2
advance,2
found,2
reestimated,2
handbook,2
war,2
mainly,2
produced,2
companies,2
scale,2
literature,2
implement,2
pr,2
significantly,2
ten,2
fit,2
ammonium,2
graduate,2
errors,2
regions,2
optimal,2
below,2
few,2
choose,2
amounted,2
generally,2
mechanism,2
threatened,2
situation,2
various,2
contingent,2
short,2
service,2
still,2
above,2
make,2
expanded,2
calculate,2
edited,2
restricted,2
exposure,2
wright,2
kunreuther,2
speaking,2
published,2
law,2
similarly,2
end,2
everything,2
channel,2
behind,2
arcia,2
wartime,2
paddyi,2
sell,2
survive,2
bear,2
wonder,2
insure,2
trend,2
variables,2
previous,2
improvements,2
dummy,2
portfolio,2
dominated,2
general,2
caribbean,2
revised,2
plant,2
households,2
fmancially,2
exchange,2
enough,2
regressors,2
excluded,2
consumed,2
seasons,2
twelve,2
belonged,2
note,2
equals,2
spelling,2
within,2
lost,2
ofthe,2
indicate,2
mitsubishi,2
existed,2
respect,2
taichung,2
detail,2
any,2
rotate,2
mentioned,2
colonialism,2
quickly,2
ran,2
natural,2
guaranteed,2
best,2
returns,2
written,2
cultivation,2
differed,2
plantation,2
what,2
nominal,2
professors,2
references,2
theory,2
distribution,2
produce,2
listed,2
incomes,2
translated,2
monopsony,2
occasionally,2
prevalent,2
became,2
november,2
exceeded,2
qualitative,2
firms,2
shown,2
until,2
models,2
contract,2
nonlinear,2
chemical,2
pons,2
course,2
roughly,2
comparison,2
offered,2
supported,2
point,2
alberto,2
uncertainty,2
given,2
corn,2
traditional,2
should,2
hypothesis,2
summed,1
final,1
resolve,1
handicapped,1
moreno,1
possessed,1
deny,1
implemented,1
concerned,1
hesitation,1
compensate,1
fractions,1
affected,1
cells,1
extend,1
determine,1
adoption,1
starts,1
distributed,1
fimction,1
prediction,1
kinds,1
properly,1
tend,1
essays,1
stays,1
referring,1
strictly,1
completely,1
conjectures,1
inthe,1
easily,1
park,1
correlatd,1
apprised,1
position,1
unlike,1
finely,1
induced,1
revision,1
onthe,1
turning,1
negative,1
test,1
fluctuations,1
being,1
priced,1
upland,1
either,1
sources,1
hence,1
interests,1
exclusive,1
ii,1
economica,1
concentrated,1
thrive,1
agraran,1
worked,1
capital,1
parties,1
insuers,1
kern,1
keener,1
explores,1
agrarian,1
great,1
ftiin,1
differences,1
borne,1
transferred,1
survey,1
alignment,1
jumped,1
whendiscussingthie,1
ofmore,1
state,1
raised,1
reserved,1
somewhat,1
livelihood,1
nowhere,1
issue,1
acknowledged,1
depending,1
existence,1
reconstruction,1
westview,1
allthe,1
recorded,1
tie,1
east,1
capacity,1
primary,1
firm,1
america,1
design,1
vol,1
howard,1
possible,1
logical,1
paddyt,1
condition,1
entrepreneurs,1
illustrate,1
contractual,1
functions,1
consumers,1
professor,1
dutch,1
say,1
sporadically,1
far,1
sent,1
household,1
foregone,1
compares,1
gustavo,1
millspecific,1
evaluating,1
controlled,1
exist,1
ronald,1
relationships,1
reverse,1
estimating,1
component,1
difficulties,1
proportionate,1
neighbor,1
converged,1
de,1
relatively,1
insurer,1
decided,1
enjoying,1
vries,1
denote,1
lndex,1
z,1
forced,1
taste,1
aligned,1
distinct,1
stabilized,1
cancel,1
highest,1
smallholders,1
univariate,1
simplest,1
machines,1
six,1
difficulty,1
allowing,1
left,1
continuous,1
vendors,1
misleading,1
publications,1
compare,1
kelly,1
drawn,1
yeari,1
student,1
olds,1
pletely,1
look,1
protects,1
ofrice,1
acted,1
fierce,1
adjust,1
stanley,1
bothered,1
incentive,1
collect,1
rights,1
poor,1
interesting,1
evinced,1
topic,1
york,1
mexico,1
without,1
ofoperating,1
counterbalanced,1
developed,1
dry,1
sort,1
justifying,1
deducted,1
notices,1
levels,1
revenues,1
responded,1
calculation,1
phosphate,1
mell,1
gnin,1
idiosyncratic,1
leave,1
derived,1
parts,1
special,1
offering,1
fumnction,1
animals,1
overlooked,1
space,1
moreover,1
changes,1
parentheses,1
cropland,1
stand,1
biased,1
intensive,1
peasant,1
presumably,1
linked,1
latin,1
elsewhere,1
producers,1
proposed,1
n,1
dominate,1
weak,1
frequently,1
misured,1
calendar,1
observations,1
benefited,1
four,1
unavoidable,1
commonly,1
additional,1
calcium,1
encouragement,1
follow,1
beyond,1
efficient,1
indonesia,1
mere,1
jan,1
dominant,1
m,1
decades,1
appear,1
dependency,1
yielding,1
foodstuff,1
arrived,1
closely,1
assets,1
whom,1
cd,1
volatility,1
hands,1
called,1
cell,1
format,1
facilitate,1
zone,1
stipulated,1
term,1
embedded,1
further,1
furthermore,1
equal,1
effective,1
bountiful,1
province,1
appears,1
tainan,1
purchased,1
qdq,1
ofyuan,1
handled,1
perform,1
facilities,1
numerous,1
possibility,1
suigar,1
directly,1
provincial,1
none,1
line,1
work,1
optimize,1
scope,1
start,1
brought,1
explains,1
civil,1
knowledge,1
loss,1
gave,1
kindly,1
describe,1
consistently,1
place,1
partly,1
suppliers,1
records,1
actually,1
rotation,1
yuanper,1
reflect,1
manage,1
wheat,1
challenging,1
offand,1
else,1
announcement,1
approach,1
yeart,1
yieldrisk,1
concentrates,1
wholesale,1
statistically,1
sense,1
caused,1
responsibility,1
ofproduction,1
things,1
panel,1
prevalence,1
hired,1
trading,1
next,1
specifically,1
family,1
several,1
revealing,1
quartiles,1
county,1
cyanamide,1
citingearlierresearch,1
suddenly,1
incurred,1
invariant,1
liu,1
results,1
describes,1
paid,1
structured,1
diminished,1
newly,1
provided,1
finds,1
divisional,1
ofthinking,1
gavin,1
manuel,1
dictated,1
fmancial,1
input,1
periods,1
appeal,1
south,1
f,1
he,1
lengthening,1
omittedbecause,1
arrangement,1
conditioning,1
middleman,1
overall,1
appreciate,1
classic,1
constraints,1
deviation,1
reduce,1
says,1
indicates,1
commenced,1
comments,1
holders,1
capitalists,1
southern,1
shipped,1
hold,1
governorgeneral,1
frank,1
once,1
flux,1
sulphate,1
competition,1
lagged,1
security,1
makes,1
switching,1
read,1
counterparts,1
evolved,1
fifth,1
j,1
management,1
included,1
adjusted,1
positively,1
light,1
choices,1
sharply,1
indian,1
residual,1
belonging,1
already,1
reports,1
midpoints,1
subsidize,1
considers,1
fix,1
chose,1
delivery,1
oftaiwanese,1
ricesugar,1
critiques,1
successfully,1
onwards,1
stated,1
fell,1
again,1
varies,1
l,1
abounded,1
added,1
many,1
ofthis,1
averages,1
decumulation,1
longer,1
lack,1
agricultuire,1
diversitying,1
idea,1
foodstuffs,1
rents,1
revenue,1
plan,1
cropnsuance,1
rotated,1
impressive,1
diverse,1
grows,1
omitted,1
variation,1
book,1
pennsylvania,1
serious,1
conclusions,1
uring,1
drove,1
covered,1
manded,1
road,1
establish,1
tndexit,1
necessary,1
volatile,1
gdp,1
native,1
tails,1
fafchamps,1
amounting,1
mokyr,1
degree,1
insured,1
remained,1
investment,1
new,1
invested,1
considering,1
background,1
explanation,1
hundred,1
regressor,1
values,1
helps,1
refining,1
endowment,1
maximized,1
including,1
enhanced,1
needing,1
unfortunately,1
hypotheses,1
operated,1
decreed,1
factor,1
assume,1
maria,1
actual,1
examination,1
luz,1
office,1
nevertheless,1
andp,1
subsequent,1
dichotomous,1
open,1
modem,1
authors,1
accounted,1
workers,1
issn,1
held,1
helpful,1
direct,1
function,1
played,1
stresses,1
kept,1
manufacturers,1
latter,1
decide,1
annually,1
comparing,1
acquire,1
examine,1
accordingly,1
structure,1
january,1
contracts,1
dividing,1
macmillan,1
joint,1
insignificant,1
outright,1
sole,1
widely,1
separate,1
regained,1
carried,1
testable,1
relying,1
assigned,1
applications,1
devote,1
imply,1
bureau,1
processed,1
kuan,1
undiversifiable,1
bulk,1
brassoco,1
naturally,1
staples,1
suspected,1
employment,1
indexi,1
randomly,1
dec,1
seen,1
bears,1
threaten,1
remaining,1
executive,1
linking,1
methods,1
unsurprising,1
fall,1
united,1
types,1
months,1
itself,1
face,1
unusual,1
association,1
sound,1
investigate,1
fertility,1
baseline,1
suggestions,1
magnitude,1
panama,1
indeterminate,1
comes,1
series,1
conclusion,1
ronment,1
fafehamps,1
demonstrate,1
regulated,1
extensive,1
officially,1
implied,1
marcel,1
subsidized,1
fluctuating,1
physical,1
text,1
equation,1
know,1
control,1
paper,1
share,1
ratio,1
capability,1
commission,1
setting,1
believe,1
referees,1
govemment,1
half,1
hterature,1
report,1
post,1
feed,1
eventually,1
alternatively,1
particularly,1
reproduces,1
clearly,1
hn,1
rely,1
allocated,1
takeshi,1
distinctive,1
past,1
risky,1
beginning,1
william,1
peanuts,1
automatically,1
unique,1
yearit,1
implicit,1
withnegatively,1
cause,1
tailored,1
covers,1
retuns,1
fanners,1
supplemented,1
substitutable,1
weights,1
concened,1
institute,1
studying,1
rationality,1
almost,1
suggests,1
residuals,1
selfdiversify,1
reparation,1
size,1
middle,1
midtaiwan,1
andengerman,1
moya,1
bought,1
reaped,1
presented,1
multiple,1
reported,1
surveys,1
conclude,1
introduced,1
wording,1
role,1
yearly,1
paribus,1
buy,1
subject,1
intended,1
simply,1
went,1
adapted,1
obtain,1
hitotsubashi,1
pa,1
ever,1
phenomenon,1
using,1
coming,1
varied,1
prolong,1
pair,1
proceeds,1
tabular,1
obliged,1
joel,1
bassoco,1
national,1
samuel,1
selfi,1
charge,1
industryaddendum,1
public,1
applicable,1
approximately,1
although,1
typically,1
d,1
commills,1
consumption,1
range,1
need,1
evidence,1
constructed,1
yeh,1
product,1
smaller,1
states,1
integration,1
meiji,1
piece,1
recourse,1
plentiful,1
tobacco,1
slaves,1
remains,1
bigger,1
ranged,1
growmg,1
summary,1
anonymous,1
profits,1
observation,1
engerman,1
c,1
consisted,1
era,1
regards,1
potatoes,1
chung,1
maximum,1
predictable,1
focus,1
redesign,1
counts,1
mature,1
nce,1
building,1
indicating,1
built,1
showed,1
cited,1
ceteris,1
