WORDCOUNTS,WEIGHT
the,587
of,361
and,208
in,204
to,178
war,116
for,110
capital,100
a,91
s,86
that,85
government,71
wartime,69
by,63
investment,63
billion,56
p,54
economic,48
from,46
during,45
at,40
as,40
have,38
on,37
it,36
u,35
private,34
stock,32
industrial,31
world,29
had,28
military,28
net,28
which,28
percent,28
not,28
production,27
than,27
was,27
ii,26
is,26
some,25
economy,25
be,25
this,24
or,24
an,24
national,24
data,23
pp,23
we,23
formation,23
its,22
all,21
new,21
with,21
no,20
see,20
been,20
equipment,20
higgs,19
total,19
more,19
other,19
table,19
depreciation,19
they,18
defense,18
facilities,18
department,18
dollars,18
plants,18
years,18
if,17
such,17
value,17
business,17
postwar,17
munitions,16
has,16
their,15
socialization,15
those,14
gross,14
but,14
united,14
are,14
states,14
american,13
official,13
will,13
ibid,13
program,13
most,13
privately,12
into,12
i,12
robert,12
york,12
planning,12
commerce,12
army,12
press,12
market,11
history,11
even,11
may,11
because,11
mobilization,11
part,11
expansion,11
corporation,11
income,11
were,11
spent,11
board,11
ships,11
per,10
fixed,10
real,10
university,10
structures,10
prices,10
when,10
many,10
ofinvestment,10
so,10
bureau,10
analysis,10
then,10
here,10
through,10
washington,10
between,10
gordon,10
much,10
one,9
estimates,9
industries,9
dc,9
kuznets,9
these,9
only,9
smith,9
purposes,9
operated,9
would,9
durable,9
smaller,9
increased,9
account,8
price,8
after,8
just,8
my,8
concentration,8
cannot,8
however,8
bea,8
also,8
mises,8
any,8
half,8
current,8
lane,8
must,8
little,8
product,8
investments,7
utilization,7
products,7
money,7
gopo,7
example,7
officials,7
about,7
edited,7
j,7
shown,7
less,7
time,7
general,7
over,7
civilian,7
controls,7
manufacturing,7
peacetime,7
ammunition,6
way,6
expenditures,6
might,6
there,6
america,6
resources,6
output,6
his,6
growth,6
how,6
mclaughlin,6
certain,6
greater,6
centers,6
used,6
field,6
industry,6
therefore,6
he,6
nearly,6
make,6
repair,6
planned,6
without,6
sector,6
john,6
present,6
distortions,6
made,6
actual,6
victory,6
plant,6
especially,6
relation,6
reconversion,6
construction,6
gpo,6
different,6
did,6
goods,6
c,6
according,6
what,6
making,6
theory,6
property,6
went,6
early,6
given,6
among,6
later,5
cent,5
h,5
decade,5
www,5
assets,5
chaos,5
great,5
state,5
political,5
normal,5
march,5
edelstein,5
throughout,5
review,5
hooks,5
adjustment,5
http,5
standard,5
four,5
cost,5
important,5
economics,5
prewar,5
year,5
forces,5
jones,5
contrast,5
owned,5
highly,5
decline,5
guns,5
using,5
massive,5
hayek,5
asp,5
critical,5
rockoff,5
same,5
two,5
fell,5
usefulness,5
fact,5
lack,5
end,5
navy,5
do,5
values,5
increase,5
citing,5
period,5
figures,5
bulk,5
economists,5
eiler,5
command,5
report,5
far,5
keynes,5
them,5
accounts,5
course,5
approximately,5
although,5
consumption,5
prosperity,5
does,4
complex,4
strictly,4
studies,4
winning,4
before,4
princeton,4
negative,4
anything,4
aircraft,4
doc,4
within,4
system,4
capacity,4
bases,4
e,4
purchases,4
central,4
historical,4
immediate,4
tables,4
century,4
amount,4
essential,4
calculation,4
grew,4
parts,4
beyond,4
effort,4
late,4
though,4
nipaweb,4
produced,4
stations,4
accounting,4
tableviewfixed,4
purpose,4
small,4
june,4
research,4
peak,4
f,4
matter,4
materials,4
indeed,4
whatever,4
serve,4
dn,4
under,4
gov,4
armed,4
foss,4
simon,4
spending,4
use,4
substantially,4
office,4
formulas,4
like,4
earlier,4
can,4
structure,4
fifty,4
matters,4
series,4
finance,4
specialized,4
domestic,4
while,4
installations,4
cambridge,4
conditions,4
mobilizing,4
entire,4
final,3
metal,3
yards,3
measures,3
obsolete,3
musgrave,3
reassessment,3
federal,3
undertaken,3
occurred,3
source,3
pentagon,3
first,3
t,3
sources,3
attempt,3
billions,3
available,3
producing,3
take,3
murray,3
alone,3
taking,3
above,3
financed,3
measurement,3
modem,3
usage,3
labor,3
million,3
drastic,3
financing,3
nor,3
items,3
ohanian,3
estimate,3
ny,3
journal,3
failed,3
rights,3
truppner,3
costs,3
levels,3
outputs,3
adjustments,3
study,3
ludwig,3
von,3
means,3
category,3
old,3
w,3
definite,3
bombs,3
view,3
conflicts,3
expressed,3
public,3
hutt,3
demands,3
recently,3
near,3
nation,3
genuine,3
wasson,3
nipa,3
change,3
macroeconomic,3
construct,3
negligible,3
things,3
depression,3
amounted,3
annual,3
productivity,3
appropriate,3
displaced,3
battle,3
power,3
mislaid,3
decisions,3
shipyards,3
hugh,3
rise,3
lee,3
others,3
similarly,3
addition,3
locational,3
shows,3
areas,3
remarked,3
forging,3
contemporary,3
pattern,3
enough,3
advisers,3
council,3
another,3
original,3
novick,3
rfc,3
janeway,3
including,3
dollar,3
budget,3
unfortunately,3
previous,3
three,3
adding,3
amounts,3
latter,3
article,3
slightly,3
overlooked,3
independent,3
continued,3
success,3
contribution,3
anshen,3
regime,3
alternative,3
korean,3
each,3
seem,3
best,3
alexander,3
cochran,3
reflected,3
director,3
day,3
purchase,3
require,3
produce,3
almost,3
episode,3
size,3
deflation,3
level,3
org,3
became,3
supplies,3
our,3
analysts,3
survival,3
camps,3
crisis,3
instead,3
building,3
need,3
physical,3
shift,3
nonfarm,3
debate,3
uncertainty,3
substantial,3
harkins,3
should,3
close,3
summed,2
difficult,2
polenberg,2
struggle,2
estimated,2
created,2
compensate,2
insurmountable,2
represent,2
shipbuilding,2
connery,2
large,2
achievements,2
zero,2
true,2
collectivist,2
completely,2
notwithstanding,2
hours,2
western,2
committee,2
planes,2
something,2
being,2
jesse,2
certainly,2
interests,2
allocations,2
give,2
rational,2
tear,2
company,2
possibilities,2
undertake,2
composition,2
analyst,2
subsequent,2
governors,2
sound,2
issue,2
wasted,2
historians,2
leebaert,2
mass,2
vol,2
replacement,2
possible,2
politics,2
machinery,2
entrepreneurs,2
taxation,2
maynard,2
technologically,2
thus,2
harcourt,2
accounted,2
calculated,2
illustrates,2
against,2
interest,2
decided,2
application,2
exercise,2
progressive,2
theorists,2
spanned,2
contrary,2
extraordinary,2
suitable,2
brace,2
dates,2
compared,2
left,2
cohen,2
profit,2
equally,2
drawn,2
shall,2
influence,2
adjust,2
purchasing,2
operation,2
expansions,2
whose,2
operations,2
l,2
variant,2
contributions,2
productive,2
derek,2
mccartney,2
vastly,2
established,2
intensive,2
potomac,2
proved,2
edition,2
locomotives,2
air,2
numbers,2
house,2
sheer,2
argued,2
unavoidable,2
show,2
additional,2
generally,2
obstacles,2
hennings,2
engines,2
vehicles,2
throwing,2
appear,2
friends,2
whereas,2
ranges,2
interventionism,2
character,2
uses,2
harbor,2
could,2
kegan,2
purport,2
strength,2
sights,2
inappropriate,2
bomb,2
census,2
eliot,2
base,2
big,2
nonhousing,2
dirks,2
grounds,2
troops,2
metals,2
method,2
none,2
directly,2
having,2
replacements,2
basis,2
future,2
received,2
already,2
london,2
training,2
reserve,2
related,2
electrical,2
criticized,2
outlays,2
whole,2
partly,2
survey,2
repairs,2
nj,2
errors,2
good,2
caused,2
aluminum,2
allowances,2
incomparability,2
always,2
up,2
am,2
valuable,2
various,2
steadily,2
short,2
cloud,2
computing,2
july,2
still,2
judgment,2
unprecedented,2
security,2
parked,2
tremendous,2
paradox,2
us,2
index,2
acting,2
included,2
homogeneous,2
friedrich,2
accelerated,2
sales,2
noted,2
investor,2
investors,2
members,2
paul,2
toward,2
statistics,2
projects,2
water,2
idea,2
cumulative,2
plan,2
really,2
planners,2
never,2
overstate,2
took,2
increases,2
manner,2
continuing,2
empire,2
michael,2
keynesian,2
routledge,2
achievement,2
entrepreneurial,2
number,2
interpreting,2
local,2
understanding,2
extended,2
vast,2
atomic,2
arose,2
enormous,2
deserts,2
wound,2
entirely,2
significant,2
sold,2
assumption,2
congress,2
services,2
continue,2
clear,2
accessed,2
directed,2
maintenance,2
logic,2
allowed,2
miracle,2
depots,2
least,2
men,2
why,2
problems,2
trying,2
glenn,2
effect,2
reconversions,2
sense,2
patterson,2
implication,2
relative,2
attention,2
division,2
suggest,2
me,2
bureaucrats,2
five,2
vision,2
fixing,2
foregoing,2
who,2
seen,2
began,2
twight,2
remaining,2
rapidly,2
intend,2
education,2
types,2
iowa,2
added,2
considered,2
shadow,2
constant,2
believed,2
wear,2
steel,2
economically,2
implied,2
precise,2
column,2
know,2
outcome,2
country,2
elberton,2
commission,2
down,2
catton,2
expense,2
regard,2
foundation,2
solved,2
clearly,2
enemy,2
works,2
freight,2
type,2
better,2
places,2
beginning,2
form,2
particular,2
pertinent,2
mothballed,2
fully,2
boston,2
thereby,2
reported,2
conclude,2
november,2
transition,2
administration,2
measure,2
gain,2
spring,2
twentieth,2
contributed,2
actively,2
land,2
manufacture,2
maritime,2
effects,2
shells,2
socialism,2
remains,2
tanks,2
consisted,2
reached,2
comparable,2
doing,2
emerged,2
go,1
ending,1
releases,1
rate,1
compares,1
done,1
common,1
declared,1
undoubtedly,1
heroic,1
socialisation,1
antecedents,1
meaning,1
retrofitting,1
reconsignment,1
guaranteeing,1
freezing,1
deepen,1
redstone,1
insulated,1
personnel,1
affected,1
extreme,1
consume,1
episodes,1
privations,1
defended,1
arrive,1
loading,1
implies,1
branches,1
plainly,1
pushed,1
defenses,1
mouth,1
expect,1
hearings,1
police,1
center,1
needed,1
engineered,1
agency,1
properly,1
identify,1
multifaceted,1
essays,1
cars,1
ma,1
referring,1
schools,1
authority,1
gallman,1
johns,1
easily,1
compilation,1
hotly,1
hazard,1
devices,1
recreation,1
necessarily,1
presents,1
burn,1
stan,1
holding,1
cornell,1
shrunken,1
induced,1
monograph,1
chief,1
governmentowned,1
disputed,1
women,1
experience,1
fluctuations,1
predominantly,1
accumulation,1
melvin,1
permit,1
surmounted,1
long,1
acres,1
embraced,1
preceding,1
subscribed,1
exaggerated,1
adaptable,1
attempts,1
address,1
secretary,1
anywhere,1
permanently,1
worked,1
advanced,1
seems,1
chemicals,1
liberty,1
scarcities,1
intricately,1
declares,1
confirmed,1
dramatically,1
loom,1
principles,1
book,1
passenger,1
accommodate,1
together,1
display,1
disproportionate,1
wave,1
soared,1
follows,1
rule,1
obeyed,1
studied,1
mills,1
substantive,1
statisticians,1
scheme,1
wore,1
misled,1
efficiently,1
help,1
shipyard,1
roosevelt,1
improved,1
mind,1
date,1
miles,1
greatly,1
warships,1
remainder,1
reserved,1
platforms,1
wage,1
somewhat,1
purchasers,1
propellerdriven,1
posts,1
episodically,1
globe,1
existence,1
ark,1
recorded,1
owing,1
accountants,1
nber,1
mysteries,1
task,1
misunderstood,1
motion,1
propensity,1
primary,1
recommissioned,1
discuss,1
rests,1
auburn,1
chapter,1
bathtub,1
indirectly,1
restoring,1
quantities,1
occupying,1
prior,1
reaching,1
april,1
consumers,1
vanity,1
likely,1
point,1
say,1
except,1
kuper,1
very,1
owners,1
cited,1
bottom,1
centrally,1
peacefully,1
representing,1
facto,1
treatise,1
collection,1
penetrate,1
inventory,1
reliably,1
localized,1
corresponding,1
surplus,1
complained,1
gorilla,1
hospitals,1
relocation,1
cemeteries,1
surely,1
proceeded,1
overstatement,1
severe,1
objective,1
development,1
countless,1
due,1
interior,1
pursuit,1
september,1
sacramento,1
executives,1
machine,1
author,1
scarce,1
putty,1
expeditions,1
ability,1
gun,1
establishments,1
consumer,1
justifications,1
deflating,1
realization,1
convalescent,1
quicker,1
pay,1
topic,1
extensively,1
vengeance,1
admitted,1
nelson,1
drainage,1
ct,1
channeled,1
underlying,1
david,1
document,1
convincing,1
remarking,1
ithaca,1
inclusion,1
radio,1
allowing,1
minus,1
effective,1
twice,1
weight,1
unresolved,1
artillery,1
details,1
looms,1
rationing,1
fellow,1
upkeep,1
delivered,1
hardly,1
unmeasured,1
weakness,1
appraise,1
handful,1
coal,1
stanley,1
rates,1
error,1
distribution,1
van,1
offices,1
opposed,1
privatized,1
online,1
recognized,1
fleet,1
adequate,1
german,1
rather,1
purely,1
performance,1
essence,1
adds,1
edward,1
eatwell,1
basic,1
deducted,1
capture,1
responded,1
highway,1
remote,1
politicians,1
represented,1
permanent,1
dealt,1
mortar,1
titled,1
risk,1
proportion,1
lasted,1
supplement,1
similar,1
direct,1
shrift,1
compromises,1
special,1
possess,1
emergency,1
worthless,1
lay,1
summarized,1
awareness,1
consequences,1
front,1
moreover,1
ames,1
risks,1
valuation,1
shell,1
suffice,1
involvement,1
understand,1
acquisition,1
ofmobilization,1
ordnance,1
proving,1
nonferrous,1
marks,1
possibly,1
sorts,1
river,1
raged,1
gallo,1
retained,1
govemment,1
attends,1
otherwise,1
seeing,1
emptying,1
korea,1
elsewhere,1
producers,1
bruce,1
articulated,1
exploratory,1
add,1
listed,1
profile,1
totaled,1
situations,1
age,1
valuations,1
initiative,1
operate,1
experienced,1
validate,1
valued,1
bechtel,1
resource,1
textile,1
powerful,1
follow,1
followed,1
cotton,1
stark,1
plates,1
surge,1
otiose,1
huntsville,1
willing,1
subsidiary,1
setup,1
photos,1
m,1
symbolized,1
opinion,1
decades,1
retirement,1
nondefense,1
arms,1
raw,1
gregory,1
result,1
came,1
based,1
arsenals,1
lead,1
whom,1
columbia,1
path,1
complications,1
allow,1
bearing,1
histories,1
carrying,1
found,1
conservative,1
houses,1
hands,1
called,1
commonwealth,1
attack,1
relating,1
out,1
deal,1
requirements,1
dispute,1
hopkins,1
zone,1
bombing,1
complete,1
feasibility,1
initial,1
arsenal,1
markets,1
sectoral,1
further,1
outset,1
motorized,1
pointing,1
equal,1
focused,1
rent,1
mushroomed,1
indirect,1
tools,1
kuipers,1
devoid,1
intensity,1
meet,1
suffered,1
applied,1
well,1
rubber,1
delays,1
required,1
wide,1
triumph,1
al,1
information,1
impression,1
aspects,1
failure,1
representatives,1
taxes,1
lost,1
keeping,1
storage,1
line,1
network,1
inferred,1
scope,1
schuster,1
specialpurpose,1
deactivation,1
turning,1
writers,1
lords,1
imagined,1
r,1
concept,1
unless,1
brought,1
heavily,1
crude,1
explains,1
apparent,1
reduction,1
excessive,1
got,1
indexes,1
loss,1
indianapolis,1
moorage,1
gave,1
outpouring,1
fail,1
refined,1
issues,1
broad,1
warranted,1
officers,1
actually,1
unrestricted,1
rows,1
boom,1
thereafter,1
announcing,1
hovers,1
prisoner,1
call,1
saddled,1
personal,1
away,1
frederic,1
overseas,1
capacities,1
president,1
conform,1
own,1
drug,1
count,1
shortcomings,1
workaday,1
monetary,1
detailed,1
normally,1
arise,1
fungible,1
successful,1
describing,1
working,1
below,1
cold,1
carry,1
buildings,1
reliable,1
dictionary,1
nonresidential,1
trading,1
next,1
order,1
exclude,1
upshot,1
several,1
sufficient,1
few,1
concerns,1
ship,1
routine,1
deflator,1
transfer,1
schedules,1
essentially,1
weapons,1
coast,1
warplanes,1
dedicated,1
futility,1
orthodox,1
necessity,1
filling,1
resistance,1
cycle,1
notes,1
grateful,1
landlords,1
activities,1
invest,1
seemed,1
society,1
petroleum,1
input,1
periods,1
barbara,1
secret,1
portion,1
evaporation,1
pertaining,1
underlies,1
privation,1
second,1
fund,1
demand,1
forever,1
deflators,1
dollarsfrom,1
attributable,1
bringing,1
supersecret,1
located,1
overall,1
embarkation,1
released,1
drops,1
exception,1
prevailing,1
gaining,1
etc,1
intensively,1
wallowed,1
nonmunitions,1
reconstruction,1
domination,1
battleships,1
comments,1
standing,1
initially,1
suppose,1
direction,1
ipso,1
positive,1
spectacular,1
buses,1
fighting,1
percentage,1
scarcity,1
confronting,1
frank,1
once,1
calculate,1
chronicle,1
forts,1
oxford,1
magnesium,1
deflated,1
interpretation,1
housing,1
opportunities,1
represents,1
kluwer,1
technology,1
expounded,1
exposes,1
combat,1
times,1
confidence,1
neither,1
favorable,1
perceived,1
management,1
compiled,1
puzzle,1
tax,1
home,1
falls,1
railroad,1
perspectives,1
gunnery,1
abandon,1
dropped,1
sharply,1
baltimore,1
ed,1
onefifth,1
insights,1
illustrated,1
reports,1
increasingly,1
speaking,1
facilitiesgobbled,1
subsidize,1
social,1
declining,1
regardless,1
falling,1
fraumeni,1
goals,1
unmistakably,1
unreliable,1
anemic,1
unsustainable,1
frederick,1
brown,1
figure,1
again,1
preferences,1
missoula,1
towards,1
financial,1
analytical,1
endless,1
fundamental,1
head,1
scholars,1
deficient,1
striking,1
viii,1
explosives,1
daily,1
larger,1
plagued,1
airplanes,1
nonmilitary,1
considerable,1
observes,1
serious,1
rough,1
summations,1
forms,1
procurement,1
readers,1
leviathan,1
v,1
ground,1
thousands,1
operating,1
geofrey,1
validity,1
existing,1
relevant,1
contemporaries,1
ports,1
necessary,1
practice,1
agencies,1
tiny,1
metropolitan,1
rusting,1
exceeds,1
gives,1
shifts,1
realize,1
anticipate,1
stockton,1
desires,1
remained,1
process,1
understatement,1
analyzed,1
greatest,1
discussion,1
fetish,1
invested,1
examples,1
staging,1
completed,1
itemization,1
range,1
bear,1
contours,1
limitations,1
concludes,1
amountsetting,1
desperate,1
previously,1
wonder,1
cripple,1
waste,1
largely,1
oppose,1
emphasize,1
factor,1
assume,1
causes,1
fullfledged,1
laton,1
resulting,1
numbered,1
exhibited,1
variables,1
exerted,1
california,1
optimistic,1
synthetic,1
students,1
described,1
exceedingly,1
dpc,1
distortion,1
low,1
passim,1
scanning,1
afterward,1
quotation,1
urbana,1
angly,1
laboratories,1
b,1
comprehensive,1
publication,1
mt,1
profession,1
virtues,1
definitely,1
peter,1
issn,1
held,1
individual,1
keep,1
pride,1
characterized,1
geographically,1
japanese,1
rewarded,1
function,1
richard,1
mount,1
high,1
played,1
obtained,1
counted,1
kept,1
accurate,1
probable,1
losing,1
lose,1
sweetheart,1
preponderance,1
random,1
pearl,1
include,1
coercive,1
k,1
mining,1
methods,1
constructing,1
exaggeration,1
giant,1
references,1
displayed,1
closures,1
keith,1
january,1
enemies,1
airfields,1
probably,1
story,1
warlords,1
macmillan,1
haven,1
milgate,1
attend,1
embodied,1
subtitled,1
congressional,1
mil,1
questionable,1
semiautonomous,1
unrelated,1
claudia,1
shocked,1
increasing,1
consists,1
pictorial,1
undifferentiated,1
socialist,1
rhiggs,1
entail,1
respect,1
imply,1
undoubted,1
today,1
publishing,1
note,1
stars,1
provide,1
recall,1
stream,1
chance,1
usually,1
gigantic,1
naturally,1
impressive,1
ideology,1
testing,1
spindle,1
flowed,1
unwarranted,1
stocks,1
reasonable,1
employment,1
palgrave,1
citizens,1
laundries,1
insufficient,1
ordinary,1
roundabout,1
resumed,1
substitution,1
becomes,1
referred,1
concluding,1
transformed,1
strongly,1
yale,1
bears,1
force,1
worse,1
lippincott,1
effectively,1
credited,1
offsets,1
determination,1
thirteen,1
recognize,1
area,1
deals,1
executive,1
indicate,1
html,1
life,1
class,1
often,1
responsible,1
extra,1
britain,1
entrusted,1
achieve,1
proportionally,1
tub,1
holmes,1
extremely,1
obe,1
get,1
itself,1
served,1
articles,1
problematic,1
bigger,1
confessed,1
pressures,1
cols,1
photographs,1
legacies,1
durability,1
acquired,1
variable,1
magnitude,1
senior,1
comes,1
conclusion,1
changing,1
comparison,1
circumstances,1
struck,1
officially,1
scarcely,1
damaging,1
theme,1
dubious,1
truman,1
corrections,1
besides,1
obsolescence,1
sinews,1
periodized,1
sustained,1
nonwar,1
swan,1
quickly,1
physically,1
civilians,1
flow,1
natural,1
control,1
paper,1
auxiliary,1
meier,1
visiting,1
inquiry,1
eventually,1
governmentfinanced,1
particularly,1
newman,1
job,1
loads,1
infer,1
rearmament,1
useless,1
iron,1
adler,1
unrealized,1
disputes,1
quoted,1
passage,1
scores,1
senate,1
justify,1
following,1
vfor,1
recommend,1
helping,1
drop,1
surpluses,1
n,1
carefully,1
transfers,1
reactions,1
implicit,1
rose,1
aiding,1
list,1
induction,1
allowance,1
alston,1
hastening,1
austrian,1
inputs,1
mere,1
protective,1
starkly,1
leaving,1
problem,1
extent,1
fabricating,1
extract,1
institute,1
deduct,1
dark,1
rationality,1
macroeconomy,1
huge,1
apartment,1
andres,1
emphasis,1
incorporated,1
translated,1
vessels,1
conference,1
presume,1
radically,1
apparatus,1
trivial,1
recognition,1
swallowing,1
maneuvering,1
uniform,1
despite,1
prospect,1
role,1
publishers,1
gerard,1
turns,1
extensive,1
merchant,1
indebted,1
colonial,1
mention,1
maintained,1
takeover,1
representation,1
oakland,1
come,1
propose,1
false,1
spells,1
producer,1
moderate,1
ultimately,1
argument,1
lists,1
difference,1
generate,1
average,1
donald,1
finding,1
illinois,1
institutional,1
grossly,1
accept,1
harm,1
fatal,1
evidence,1
guiding,1
forgo,1
defiance,1
philosophy,1
trucks,1
measured,1
association,1
summary,1
macroeconomics,1
needs,1
thousand,1
specific,1
supported,1
potential,1
engerman,1
charlotte,1
actions,1
bart,1
third,1
themselves,1
mystery,1
bottoms,1
succeeded,1
partial,1
composing,1
views,1
maximum,1
element,1
ownership,1
conventions,1
counts,1
technological,1
whenever,1
observed,1
tricky,1
col,1
nonmarket,1
ca,1
signals,1
draft,1
major,1
costly,1
perpetual,1
heterogeneous,1
