WORDCOUNTS,WEIGHT
the,532
of,408
in,306
and,248
to,225
wages,212
a,140
labor,122
by,110
were,103
for,102
data,95
that,93
workers,90
paid,73
on,71
is,70
women,68
percent,68
asked,66
new,61
clerical,59
from,57
years,57
between,57
have,55
wage,54
supply,52
employment,49
this,48
with,48
wanted,47
among,45
than,44
as,43
average,42
york,40
not,38
more,37
was,34
situations,34
unemployment,34
are,34
be,34
fell,33
manufacturing,32
at,31
depression,31
s,29
table,29
experience,28
which,28
it,26
an,26
figure,26
advertisements,26
all,24
during,24
decline,24
female,24
asking,24
offered,24
married,23
no,23
p,23
however,23
or,23
only,23
price,22
see,22
office,22
been,22
job,21
about,21
census,21
work,21
these,20
evidence,20
market,19
series,19
ads,18
percentage,18
occupations,18
jobs,18
three,18
secretaries,18
help,17
also,17
men,17
one,16
stenographers,16
source,16
there,16
their,16
changes,16
declined,16
but,16
less,16
number,16
would,16
collected,16
dollars,16
who,16
monthly,16
rose,16
city,16
if,15
first,15
composition,15
distribution,15
may,15
had,15
simon,15
force,15
some,15
firms,15
great,14
times,14
bookkeepers,14
employed,14
normalized,14
bureau,14
over,14
u,14
per,13
margo,13
other,13
i,13
those,13
robert,13
higher,13
economic,13
same,13
rate,12
review,12
journal,12
seekers,12
unemployed,12
out,12
because,12
large,11
fraction,11
agriculture,11
flexible,11
level,11
hired,11
annual,11
notes,11
included,11
each,11
they,10
earnings,10
most,10
schooling,10
found,10
year,10
statistics,10
demand,10
period,10
article,10
january,10
involuntary,10
economy,10
might,9
compared,9
left,9
employers,9
unskilled,9
university,9
elasticities,9
well,9
mentioning,9
small,9
using,9
interpretation,9
issues,9
two,9
agencies,9
mentioned,9
did,9
research,9
according,9
both,9
goldin,9
increased,9
much,9
sunday,8
survey,8
real,8
even,8
elasticity,8
b,8
w,8
could,8
study,8
single,8
rise,8
time,8
hires,8
effect,8
slightly,8
farm,8
lucas,8
stickiness,8
suggests,8
reported,8
shown,8
o,7
e,7
bias,7
lower,7
gap,7
j,7
possible,7
such,7
quality,7
employees,7
hourly,7
whereas,7
worker,7
part,7
whole,7
weekly,7
highly,7
f,7
various,7
available,7
existing,7
week,7
explanation,7
curve,7
just,7
whether,7
information,7
through,7
press,7
question,7
although,7
difficult,6
wo,6
true,6
into,6
total,6
consistent,6
brien,6
differences,6
hall,6
relatively,6
rates,6
how,6
females,6
dighe,6
appears,6
participation,6
example,6
used,6
advertising,6
change,6
april,6
gainful,6
department,6
business,6
shows,6
distributions,6
another,6
virtually,6
so,6
can,6
probably,6
provide,6
why,6
analysis,6
fall,6
males,6
observations,6
rationed,6
little,6
entrance,6
hiring,6
smaller,6
comparison,6
should,6
estimated,5
way,5
groups,5
t,5
within,5
case,5
has,5
march,5
along,5
points,5
marriage,5
his,5
levels,5
occupational,5
numbers,5
too,5
comparisons,5
shifted,5
rapping,5
view,5
dc,5
markets,5
placed,5
elastic,5
industrial,5
least,5
contrast,5
newly,5
gordon,5
rigidity,5
notion,5
advertised,5
therefore,5
nearly,5
selection,5
sharply,5
sector,5
again,5
many,5
yew,5
gender,5
understanding,5
bls,5
after,5
relative,5
strongly,5
when,5
graphs,5
magnitude,5
then,5
offers,5
december,5
microeconomics,5
very,5
while,5
national,5
washington,5
voluntary,5
assumed,5
nonfarm,5
anthony,4
group,4
factories,4
likely,4
inconsistent,4
history,4
sources,4
last,4
declines,4
surveys,4
money,4
desirable,4
million,4
sample,4
nor,4
marital,4
industries,4
offices,4
whose,4
mean,4
proportion,4
eight,4
reason,4
greater,4
based,4
home,4
changed,4
events,4
density,4
occupation,4
equal,4
explain,4
trends,4
june,4
tended,4
up,4
deepened,4
he,4
overall,4
phelps,4
edited,4
pp,4
clerks,4
larger,4
remarkably,4
bulletin,4
difference,4
private,4
divided,4
course,4
class,4
especially,4
quarterly,4
inelastic,4
note,4
male,4
seen,4
gpo,4
implied,4
board,4
particularly,4
recessions,4
historical,4
drop,4
what,4
conference,4
donald,4
accept,4
remains,4
differentials,3
policy,3
before,3
hence,3
production,3
fifteenth,3
originally,3
state,3
economics,3
account,3
fine,3
far,3
wallace,3
behavior,3
regarding,3
thus,3
weekday,3
dynamics,3
unity,3
columbia,3
ofjob,3
unchanged,3
estimate,3
find,3
look,3
philadelphia,3
boroughs,3
vacancies,3
special,3
means,3
understand,3
possibly,3
gradually,3
argued,3
show,3
m,3
hours,3
standards,3
closely,3
seven,3
patrick,3
bakke,3
late,3
further,3
leonard,3
cannot,3
future,3
line,3
relief,3
r,3
positions,3
ten,3
newspaper,3
markedly,3
glasser,3
working,3
suggest,3
family,3
peak,3
provided,3
second,3
reduced,3
surveyed,3
examined,3
counterparts,3
evolved,3
neither,3
earned,3
informal,3
dropped,3
noted,3
mark,3
experienced,3
smith,3
lack,3
educated,3
john,3
doubt,3
frequency,3
ibid,3
made,3
including,3
significant,3
use,3
individuals,3
percentiles,3
individual,3
high,3
risen,3
edmund,3
often,3
become,3
respectively,3
we,3
increasing,3
carried,3
continued,3
lost,3
economists,3
methods,3
examine,3
share,3
contained,3
any,3
known,3
consensus,3
paper,3
different,3
equilibrium,3
reflected,3
utilized,3
february,3
merely,3
better,3
unlikely,3
month,3
them,3
degree,3
agricultural,3
theory,3
rigid,3
effects,3
summary,3
thousand,3
chicago,3
early,3
substantial,3
given,3
laborers,3
hypothesis,3
does,2
implying,2
either,2
personnel,2
college,2
determine,2
tracked,2
american,2
tend,2
terminated,2
studies,2
cycles,2
necessarily,2
presents,2
negative,2
being,2
inc,2
nonwage,2
certainly,2
progressed,2
taken,2
beaudry,2
worked,2
nature,2
words,2
knowing,2
wpa,2
ben,2
thank,2
political,2
decreased,2
somewhat,2
evaluation,2
existence,2
task,2
firm,2
vol,2
implies,2
determined,2
warner,2
reaching,2
alter,2
cited,2
increase,2
rees,2
minimum,2
due,2
bailey,2
inflation,2
against,2
september,2
findings,2
jr,2
pay,2
century,2
relations,2
perspective,2
disproportionately,2
response,2
ranjit,2
third,2
compare,2
y,2
obscure,2
general,2
divergence,2
added,2
without,2
clemson,2
across,2
renegotiation,2
probability,2
ponder,2
derived,2
direct,2
emergency,2
fann,2
white,2
firing,2
voluntarily,2
plants,2
flexibility,2
wight,2
section,2
impact,2
frequently,2
important,2
suggested,2
appear,2
graduates,2
whom,2
brookings,2
entered,2
behavioral,2
requirements,2
initial,2
representative,2
stock,2
persons,2
biases,2
grounds,2
brooklyn,2
possibility,2
shape,2
literature,2
received,2
nine,2
partly,2
forces,2
killingsworth,2
attributed,2
errors,2
prices,2
statistically,2
indicator,2
below,2
hatton,2
reliable,2
order,2
rutgers,2
mitchell,2
finnegan,2
presence,2
claudia,2
generally,2
productivity,2
pa,2
cycle,2
neoclassical,2
appropriate,2
value,2
aggregate,2
will,2
indeed,2
service,2
labeled,2
curtis,2
july,2
still,2
movement,2
rationing,2
collect,2
oxford,2
relied,2
albert,2
picture,2
published,2
fill,2
lee,2
volume,2
skill,2
others,2
fact,2
fallen,2
patterns,2
readers,2
necessary,2
bernanke,2
remained,2
local,2
original,2
looking,2
entirely,2
unfortunately,2
intermittent,2
trend,2
rosenbloom,2
georgina,2
modem,2
authors,2
accounted,2
dominated,2
correcting,2
ny,2
darby,2
martin,2
never,2
qualities,2
figures,2
haven,2
react,2
median,2
bars,2
begin,2
contraction,2
lines,2
primarily,2
arebased,2
determination,2
salaries,2
united,2
education,2
months,2
association,2
school,2
ration,2
rarely,2
conclusion,2
version,2
must,2
manual,2
extensive,2
detect,2
truman,2
willingness,2
heckman,2
compensation,2
alternative,2
skyscraper,2
sizes,2
cyclical,2
report,2
constant,2
explanations,2
terms,2
making,2
want,2
alston,2
quartile,2
bronx,2
problem,2
extent,2
status,2
weights,2
institute,2
cents,2
almost,2
size,2
researchers,2
careful,2
ohio,2
micro,2
manhattan,2
james,2
mention,2
until,2
models,2
bewley,2
twentieth,2
finally,2
typically,2
states,2
graphed,2
measured,2
ranged,2
point,2
souls,2
dinardo,2
recent,2
icyw,1
final,1
gerald,1
horizontal,1
later,1
cent,1
stood,1
separated,1
truth,1
represent,1
nationwide,1
offset,1
alone,1
considerably,1
totally,1
connecticut,1
expect,1
mfgun,1
agency,1
disentangling,1
ma,1
cashiers,1
units,1
ways,1
h,1
favor,1
contention,1
parcicularly,1
leftward,1
position,1
ambitious,1
clercal,1
steeply,1
nominally,1
cpi,1
edu,1
empircal,1
fluctuations,1
dolars,1
explaining,1
browsing,1
every,1
chasm,1
priori,1
hire,1
attempt,1
secretary,1
emerged,1
ahearn,1
advanced,1
neil,1
seems,1
dramatically,1
ofjust,1
company,1
possibilities,1
broadly,1
together,1
desire,1
reasons,1
producing,1
follows,1
theoiy,1
studied,1
inherent,1
able,1
recruit,1
lebergott,1
link,1
thanks,1
closer,1
algebraically,1
salary,1
mind,1
blackwell,1
precisely,1
remainder,1
reserved,1
classified,1
opposite,1
ber,1
negligible,1
papers,1
ad,1
corresponded,1
accounlted,1
aheam,1
nber,1
primary,1
mass,1
draw,1
sirrine,1
retain,1
intermediaries,1
quantities,1
ofperquisites,1
opened,1
prior,1
tnmcated,1
omissions,1
withdrawal,1
condition,1
october,1
consumers,1
converted,1
except,1
regards,1
establishment,1
exchanges,1
bottomed,1
quantity,1
representing,1
unboarded,1
prevented,1
holland,1
collection,1
ofpoliticaleconomy,1
succeed,1
learned,1
goal,1
includes,1
offsettingbias,1
differential,1
severe,1
difficulties,1
conant,1
reject,1
patient,1
professor,1
vacancy,1
since,1
cjsmnwclemson,1
agate,1
author,1
daniel,1
ability,1
prohibitions,1
thiis,1
num,1
establishments,1
grouped,1
unwillingness,1
denote,1
alison,1
overly,1
basil,1
unwilling,1
yzmes,1
unpaid,1
estimates,1
plausibility,1
adjustment,1
ct,1
concerning,1
infrequently,1
hopefully,1
channels,1
layoffwithout,1
separations,1
allowing,1
quit,1
nonreporting,1
femalelabor,1
misleading,1
like,1
coauthorship,1
drawn,1
tenants,1
colleague,1
looms,1
perplexing,1
jones,1
hardly,1
conceded,1
unobservable,1
wl,1
acknowledge,1
stanley,1
unused,1
typified,1
ued,1
rights,1
assessed,1
suppressing,1
interesting,1
reliefjobs,1
reflects,1
act,1
rather,1
managers,1
purely,1
l,1
growth,1
developed,1
remain,1
crash,1
explicit,1
responded,1
process,1
knew,1
opportunity,1
associate,1
similar,1
certain,1
emrloyment,1
leave,1
adjustments,1
parts,1
contributions,1
generating,1
gratefully,1
retail,1
list,1
productive,1
consequences,1
scattered,1
factors,1
offsd,1
moreover,1
addressing,1
support,1
references,1
parentheses,1
affect,1
consider,1
organization,1
discouraged,1
retained,1
slowly,1
otherwise,1
sick,1
presumably,1
clearly,1
quoted,1
n,1
dominate,1
jersey,1
weak,1
age,1
four,1
commonly,1
wagespaid,1
additional,1
roffice,1
linkage,1
followed,1
consequence,1
cost,1
instance,1
fixed,1
yes,1
dominant,1
ofeconomics,1
italics,1
ordinate,1
starkly,1
raw,1
expressed,1
my,1
acceptable,1
responsibility,1
rule,1
search,1
called,1
traditionally,1
typical,1
cell,1
amsterdam,1
holding,1
caveat,1
referee,1
deal,1
demands,1
issue,1
facilitate,1
carolina,1
percentages,1
base,1
evaluate,1
handbook,1
equally,1
pointing,1
posited,1
cuts,1
war,1
reviews,1
skilled,1
broader,1
reservation,1
recently,1
population,1
companies,1
younger,1
required,1
public,1
hopkins,1
cericdal,1
keeping,1
having,1
tobin,1
distinguish,1
accounting,1
raf,1
scope,1
circumstantial,1
concept,1
fired,1
explains,1
proportions,1
knowledge,1
apparent,1
related,1
nicb,1
its,1
carrie,1
overview,1
describe,1
consistently,1
discussions,1
inferences,1
broad,1
constitute,1
truncated,1
actually,1
falling,1
participated,1
runs,1
call,1
microeconomic,1
translated,1
personal,1
institution,1
gai,1
matt,1
achieving,1
project,1
interpreted,1
breakdown,1
strengthened,1
precipitously,1
connections,1
discretion,1
purposely,1
substituting,1
detailed,1
wholesale,1
social,1
sense,1
correct,1
caused,1
fiftieth,1
useful,1
reinforces,1
panel,1
rarer,1
quite,1
around,1
reporter,1
several,1
stenographer,1
characteristics,1
shapes,1
few,1
significantly,1
industry,1
mi,1
denotes,1
distinguished,1
workforce,1
dedicated,1
always,1
progress,1
asnd,1
results,1
doso,1
plausible,1
computation,1
paul,1
moved,1
rest,1
reducing,1
input,1
deleting,1
south,1
led,1
inch,1
reductions,1
minor,1
onset,1
practices,1
curves,1
separation,1
mislaid,1
short,1
openings,1
limited,1
acknowledged,1
exception,1
prevailing,1
convince,1
above,1
make,1
expanded,1
calculated,1
indicates,1
landed,1
comments,1
experiences,1
unprecedented,1
modes,1
shortand,1
southern,1
tenures,1
seemingly,1
suppose,1
upjohn,1
put,1
hold,1
decisions,1
lisa,1
once,1
joshua,1
yet,1
pums,1
sex,1
under,1
us,1
termination,1
index,1
demographic,1
management,1
mullin,1
participants,1
yewrs,1
homogeneous,1
assistance,1
shock,1
dougan,1
ofpolitical,1
typists,1
already,1
friend,1
payments,1
declining,1
regardless,1
havebeen,1
ashenfelter,1
eldon,1
fruitful,1
starting,1
idle,1
stronger,1
factory,1
spend,1
reporting,1
similarly,1
ask,1
missing,1
longer,1
limit,1
collar,1
lives,1
cumulative,1
utilizing,1
afraid,1
ought,1
lindsay,1
daily,1
beg,1
end,1
contemporary,1
substantially,1
identical,1
macroeconomists,1
unsurprisingly,1
considerable,1
pattern,1
seldom,1
superintendents,1
overstate,1
outside,1
hand,1
kalamazoo,1
do,1
basic,1
remarkable,1
covered,1
model,1
where,1
validity,1
income,1
compositional,1
relevant,1
ultimately,1
answer,1
sw,1
askk,1
keynesian,1
deep,1
totbe,1
simplicity,1
perhaps,1
tails,1
explicitly,1
free,1
casting,1
mccormick,1
interpreting,1
meetings,1
credit,1
classes,1
supplies,1
survive,1
excluding,1
background,1
comprise,1
chiefly,1
bear,1
values,1
limitations,1
formal,1
previously,1
sufficiently,1
dollar,1
contacts,1
strengthening,1
wonder,1
yale,1
croppers,1
factor,1
causes,1
affects,1
resulting,1
harvard,1
extraordinarily,1
net,1
satisfactorily,1
rare,1
recovery,1
examination,1
full,1
reshma,1
improvements,1
dismissed,1
complicated,1
theories,1
nevertheless,1
ernployment,1
versions,1
trade,1
low,1
communicates,1
afterward,1
clear,1
discovered,1
loosely,1
interpret,1
august,1
issn,1
held,1
christopher,1
david,1
collaboration,1
helpful,1
function,1
him,1
counted,1
filled,1
accurate,1
provides,1
foreshadow,1
instruction,1
ap,1
exchange,1
unambiguous,1
educational,1
ages,1
tabulate,1
conclusions,1
comparing,1
k,1
understate,1
computed,1
lacking,1
topics,1
displayed,1
postwar,1
translate,1
contracts,1
negligibly,1
evaluated,1
sticky,1
quarter,1
sole,1
concluded,1
widely,1
reluctant,1
qsore,1
telephone,1
accepting,1
addedworker,1
posted,1
assigned,1
applications,1
imply,1
oa,1
stems,1
marginally,1
perspectives,1
fairly,1
recall,1
bulk,1
crucial,1
usually,1
five,1
program,1
spouse,1
fewer,1
widespread,1
substitution,1
institutions,1
eginning,1
began,1
indicate,1
eaton,1
satisfaction,1
norton,1
michael,1
wheeler,1
activity,1
types,1
instances,1
face,1
stable,1
considered,1
aldrich,1
addressed,1
sections,1
averagebetween,1
shaw,1
associated,1
proprietors,1
themeasurement,1
believed,1
rivaled,1
simply,1
nonagricultural,1
reinforced,1
precise,1
constructed,1
whetherjobs,1
temple,1
orley,1
examnple,1
peiod,1
principle,1
employe,1
lying,1
connection,1
seem,1
gone,1
referees,1
best,1
oversample,1
current,1
domestic,1
layard,1
inquiry,1
eventually,1
losses,1
sc,1
reliability,1
infer,1
goods,1
montly,1
cities,1
rural,1
passage,1
works,1
living,1
following,1
clarity,1
beginning,1
william,1
recession,1
nominal,1
combined,1
depicts,1
implicit,1
reconcile,1
nonwhite,1
dwyer,1
particular,1
calculations,1
mftau,1
myles,1
axis,1
eaknesses,1
bookkeeper,1
foundations,1
don,1
emphasis,1
eamings,1
urban,1
categories,1
unnoticed,1
popular,1
nj,1
wereoffered,1
presented,1
occasionally,1
bd,1
trivial,1
ill,1
sheer,1
uniform,1
despite,1
nadir,1
november,1
durable,1
sop,1
administration,1
went,1
exceeded,1
conventional,1
obtain,1
arguments,1
colonial,1
world,1
diverged,1
comprised,1
varied,1
contrasts,1
mentor,1
suppressed,1
inefficient,1
diagram,1
trivially,1
devoted,1
moderate,1
spring,1
commercial,1
argument,1
unable,1
editor,1
manageable,1
cambridge,1
similarity,1
decrease,1
paradigm,1
numerous,1
chabria,1
offer,1
richard,1
wlw,1
include,1
ye,1
need,1
fgr,1
grateful,1
plentiful,1
bigger,1
shift,1
roughly,1
macroeconomics,1
am,1
observation,1
succeeded,1
reached,1
obligation,1
uncertainty,1
maximum,1
exclusively,1
treating,1
comparable,1
north,1
percentile,1
ga,1
unrepresentative,1
indicating,1
close,1
empiloyed,1
depreciation,1
major,1
occur,1
accountants,1
hovered,1
