WORDCOUNTS,WEIGHT
the,1444
of,855
and,580
in,477
to,399
a,274
that,183
for,174
is,154
on,145
fertility,139
was,115
from,112
s,108
by,105
this,98
market,97
dissertation,82
as,81
with,80
i,79
at,78
were,76
economic,74
an,74
new,71
have,64
data,59
not,57
are,54
city,54
between,53
war,51
silver,51
their,50
bullion,49
chapter,47
these,47
children,47
history,46
model,46
it,45
home,45
york,43
cadiz,42
food,41
more,40
markets,39
analysis,39
meat,39
had,38
some,37
decline,36
world,36
than,35
most,35
they,34
urban,34
summaries,33
price,33
american,33
public,33
also,33
no,32
housing,32
be,32
rates,31
transition,30
land,30
ownership,30
one,29
century,29
spanish,29
research,29
but,29
been,29
provisioning,28
first,28
other,28
because,28
social,28
value,28
two,28
time,28
effects,28
growth,27
university,27
important,27
or,27
which,27
institutions,27
evidence,27
household,26
labor,25
merchants,25
during,25
family,25
over,25
literature,24
prices,24
status,24
trade,24
changes,23
about,23
empirical,23
france,23
ii,22
has,22
mechanism,22
demographic,22
households,22
africa,22
cities,22
veterans,22
population,21
arbitrage,21
results,21
second,21
increase,21
who,21
control,21
using,21
cummins,21
common,20
there,20
journal,20
may,20
service,20
why,20
increased,20
hypothesis,20
military,19
could,19
its,19
where,19
council,19
level,19
those,18
his,18
fetter,18
wanamaker,18
show,18
england,18
under,18
percent,18
early,18
likely,17
before,17
all,17
such,17
rights,17
benefits,17
economics,17
wealth,17
fenske,17
would,17
smuggling,17
different,17
did,17
while,17
consumption,17
child,16
inequality,16
lower,16
fresh,16
quality,16
slavery,16
how,16
many,16
after,16
black,16
effect,16
we,16
should,16
large,15
international,15
greater,15
my,15
rent,15
emancipation,15
south,15
bullionist,15
period,15
exchange,15
role,15
mobility,14
into,14
nineteenth,14
sample,14
age,14
explain,14
well,14
own,14
when,14
do,14
income,14
use,14
can,14
relationship,14
theory,14
property,14
both,14
our,14
among,14
modern,13
political,13
slave,13
census,13
residents,13
records,13
french,13
years,13
three,13
european,13
korean,13
economy,13
through,13
rate,12
he,12
europe,12
find,12
main,12
similar,12
however,12
london,12
cohorts,12
only,12
becker,12
see,12
nogues,12
causes,12
net,12
so,12
baics,12
historical,12
what,12
them,12
particular,12
local,12
press,12
merchant,12
way,11
federal,11
system,11
case,11
laws,11
parity,11
marriage,11
carolina,11
will,11
therefore,11
demand,11
yet,11
dissertations,11
free,11
investment,11
supplies,11
made,11
spain,11
foreign,11
mortality,11
any,11
butchers,11
controls,11
models,11
supply,11
if,10
per,10
sources,10
government,10
state,10
account,10
behavior,10
human,10
estimate,10
smugglers,10
probability,10
impact,10
amsterdam,10
related,10
industrialization,10
change,10
j,10
available,10
provides,10
veteran,10
deregulation,10
egba,10
whether,10
her,10
information,10
african,10
cambridge,10
much,10
center,9
flows,9
rich,9
within,9
side,9
estimates,9
costs,9
earlier,9
study,9
occupational,9
based,9
out,9
oligopsony,9
directly,9
having,9
part,9
tenure,9
private,9
several,9
va,9
positive,9
without,9
department,9
break,9
mills,9
slaves,9
municipal,9
class,9
capital,9
growing,9
colonial,9
quantity,9
presents,8
guinnane,8
princeton,8
official,8
constraints,8
review,8
development,8
vendors,8
general,8
sets,8
levels,8
consequences,8
support,8
textile,8
networks,8
colonies,8
good,8
working,8
order,8
loan,8
society,8
selling,8
industrial,8
across,8
patterns,8
existing,8
process,8
including,8
findings,8
significant,8
sold,8
theories,8
theoretical,8
relative,8
provide,8
program,8
returns,8
difference,8
explanation,8
d,8
states,8
archival,8
gold,8
affected,7
college,7
neighborhoods,7
studies,7
consistent,7
production,7
neil,7
historians,7
u,7
framework,7
thus,7
clark,7
served,7
higher,7
standard,7
precious,7
entry,7
policy,7
result,7
access,7
centers,7
otherwise,7
work,7
test,7
used,7
characteristics,7
female,7
competition,7
fact,7
areas,7
rents,7
variation,7
increases,7
less,7
number,7
understanding,7
top,7
questions,7
outside,7
decision,7
contribution,7
often,7
assistant,7
very,7
living,7
spatial,7
terms,7
nonveterans,7
problem,7
gotham,7
middle,7
formation,7
conditions,7
finally,7
contributed,7
c,7
major,7
does,6
archives,6
measures,6
occurred,6
antebellum,6
gap,6
take,6
m,6
henry,6
oligopsonistic,6
america,6
possible,6
controlled,6
central,6
since,6
due,6
de,6
retailing,6
urbanization,6
amount,6
houses,6
competitive,6
rather,6
parents,6
analyzes,6
too,6
w,6
tax,6
declined,6
societies,6
late,6
further,6
metals,6
future,6
civil,6
long,6
systematic,6
field,6
below,6
revolution,6
small,6
enslaved,6
few,6
up,6
provided,6
finds,6
aggregate,6
contributes,6
business,6
entitled,6
southern,6
decisions,6
makes,6
puzzle,6
allows,6
rise,6
financial,6
ages,6
present,6
geography,6
another,6
completed,6
high,6
comparing,6
james,6
wills,6
joint,6
abundance,6
bureau,6
testing,6
geographic,6
know,6
natural,6
equilibrium,6
rural,6
born,6
step,6
families,6
twentieth,6
focus,6
finalists,5
mortgage,5
nigeria,5
h,5
various,5
implications,5
able,5
court,5
regression,5
surveys,5
existence,5
changed,5
professor,5
west,5
point,5
supervision,5
health,5
oxford,5
third,5
even,5
marital,5
bills,5
capita,5
opportunity,5
legal,5
factors,5
moreover,5
partnership,5
testator,5
house,5
prevent,5
shed,5
view,5
appear,5
closely,5
rule,5
traditionally,5
relating,5
received,5
database,5
policies,5
least,5
despite,5
domar,5
proxy,5
reduced,5
variety,5
expansion,5
return,5
intervention,5
bill,5
thesis,5
informal,5
infrastructure,5
light,5
culture,5
same,5
rising,5
sales,5
experiment,5
declining,5
members,5
outflows,5
power,5
palm,5
others,5
l,5
addition,5
lack,5
treatment,5
scholars,5
daily,5
larger,5
reasons,5
project,5
hamilton,5
going,5
mill,5
original,5
credit,5
crown,5
previously,5
variables,5
discontinuity,5
characterized,5
availability,5
structure,5
movements,5
economists,5
construction,5
united,5
itself,5
associated,5
following,5
lessons,5
changing,5
predictions,5
partner,5
best,5
just,5
better,5
explanations,5
references,5
agricultural,5
liberalization,5
suggests,5
size,5
simply,5
measure,5
argues,5
institutional,5
building,5
commodity,5
wellesley,5
broader,5
final,4
gis,4
slaveowners,4
groups,4
red,4
introduction,4
minutes,4
shocks,4
provisions,4
ma,4
institute,4
horowitz,4
homeownership,4
western,4
edu,4
source,4
specifically,4
certainly,4
ways,4
shaped,4
individuals,4
tradition,4
great,4
differences,4
link,4
reveal,4
profitable,4
daniel,4
devaluation,4
discontinuities,4
depending,4
correlated,4
pilar,4
design,4
quantities,4
prior,4
greg,4
bans,4
timothy,4
madrid,4
spot,4
david,4
document,4
marianne,4
rosen,4
details,4
loans,4
failed,4
operation,4
interesting,4
predicted,4
certain,4
direct,4
understand,4
peasants,4
driven,4
four,4
followed,4
problems,4
providing,4
decades,4
holdings,4
whereas,4
young,4
appears,4
failure,4
network,4
angrist,4
significantly,4
constructs,4
gave,4
gi,4
employed,4
approach,4
officials,4
uncontrolled,4
owned,4
quite,4
around,4
concerns,4
impossible,4
clever,4
annual,4
f,4
margo,4
units,4
matter,4
yorkers,4
comparative,4
play,4
still,4
precolonial,4
galor,4
selection,4
calculate,4
interpretation,4
pp,4
restricted,4
us,4
gary,4
reports,4
increasingly,4
published,4
street,4
law,4
fell,4
fragmentation,4
death,4
analytical,4
investigates,4
contemporary,4
substantially,4
men,4
took,4
paris,4
developing,4
material,4
focusing,4
books,4
classes,4
greatest,4
easier,4
eighteenth,4
formal,4
exploits,4
survey,4
previous,4
subsequent,4
exports,4
transformation,4
function,4
played,4
collected,4
polygyny,4
topics,4
analyze,4
brown,4
examines,4
tests,4
richest,4
independent,4
detailed,4
force,4
began,4
determined,4
nunn,4
countries,4
voe,4
life,4
settled,4
gergely,4
responsible,4
centuries,4
citizens,4
association,4
investigate,4
meant,4
environment,4
then,4
series,4
alternative,4
paper,4
sizes,4
works,4
game,4
unlikely,4
imposed,4
extent,4
multiple,4
little,4
sale,4
question,4
until,4
average,4
unified,4
themselves,4
era,4
beef,4
northwestern,4
now,3
customers,3
flow,3
estimated,3
curtailed,3
prize,3
profitability,3
liquidity,3
manuscript,3
illegal,3
identify,3
english,3
approaches,3
purveyors,3
comparisons,3
total,3
preindustrial,3
induced,3
civic,3
relaxing,3
negative,3
being,3
t,3
complements,3
explaining,3
taken,3
rapid,3
supplied,3
sell,3
parties,3
simple,3
studied,3
overall,3
resulting,3
barnard,3
strength,3
last,3
limited,3
physical,3
decreased,3
reading,3
behind,3
threshold,3
context,3
papers,3
exogenous,3
tangires,3
money,3
primary,3
me,3
retailers,3
discuss,3
drive,3
dynamic,3
along,3
segregation,3
chapters,3
issues,3
component,3
severe,3
september,3
author,3
relatively,3
consumer,3
cases,3
individual,3
old,3
contrary,3
response,3
left,3
friedman,3
compare,3
like,3
y,3
drawn,3
ny,3
stagnation,3
adult,3
perfect,3
via,3
knoxville,3
adequate,3
license,3
identification,3
developed,3
influenced,3
basic,3
represented,3
neighborhood,3
granted,3
importance,3
contributions,3
special,3
smuggled,3
linked,3
n,3
malthus,3
argued,3
methodology,3
arrived,3
came,3
location,3
relate,3
diet,3
produced,3
younger,3
malthusian,3
counties,3
hopkins,3
balance,3
taxes,3
feeding,3
postwar,3
circumstantial,3
ideal,3
r,3
brought,3
example,3
reduction,3
gender,3
year,3
place,3
et,3
microeconomic,3
forces,3
weekly,3
regions,3
monetary,3
wholesale,3
presented,3
lowest,3
panel,3
next,3
involved,3
highly,3
industry,3
dramatic,3
villages,3
dependent,3
newly,3
grocers,3
led,3
absence,3
stigler,3
short,3
nearly,3
reduce,3
make,3
counterfactual,3
achieve,3
unprecedented,3
distribute,3
direction,3
cheap,3
relied,3
underdevelopment,3
serve,3
arbitrated,3
index,3
choices,3
stevenson,3
largest,3
begins,3
volume,3
preferences,3
put,3
towns,3
towards,3
water,3
arbitrageurs,3
preserve,3
relates,3
documents,3
nathan,3
choice,3
decreases,3
john,3
end,3
ledger,3
enough,3
vigdor,3
covered,3
relevant,3
strategies,3
wartime,3
breaks,3
day,3
remained,3
analyzed,3
upon,3
enormous,3
depended,3
samples,3
combining,3
largely,3
assumption,3
ethnic,3
evolution,3
national,3
chosen,3
observed,3
nevertheless,3
shelter,3
ties,3
low,3
substitutes,3
profession,3
points,3
held,3
slaveowner,3
times,3
abundant,3
thomas,3
nationality,3
systems,3
saw,3
develop,3
propose,3
limiting,3
increasing,3
she,3
george,3
meats,3
maps,3
bound,3
employment,3
rapidly,3
linking,3
fall,3
education,3
metropolis,3
demonstrate,3
regulated,3
extensive,3
precise,3
lefebvre,3
marketplaces,3
offers,3
here,3
set,3
poorest,3
each,3
finance,3
share,3
novel,3
expanding,3
setting,3
down,3
current,3
privileged,3
written,3
schedules,3
disputes,3
beginning,3
stature,3
purchase,3
proceedings,3
unique,3
implicit,3
rose,3
ones,3
making,3
seasonal,3
inputs,3
tightly,3
correlates,3
extract,3
illegally,3
quarters,3
generally,3
hundreds,3
infant,3
owner,3
marketing,3
became,3
agents,3
assumptions,3
programs,3
obtain,3
resource,3
survival,3
background,3
joel,3
generate,3
finding,3
approximately,3
smaller,3
disruption,3
measured,3
shift,3
offered,3
potential,3
th,3
substantial,3
given,3
comparable,3
famous,3
difficult,2
allocation,2
mostly,2
o,2
later,2
develops,2
pull,2
former,2
separated,2
extend,2
determine,2
e,2
considerably,2
utility,2
expect,2
group,2
needed,2
complex,2
systematically,2
kinds,2
effective,2
diplomatic,2
entries,2
formed,2
pse,2
true,2
bias,2
tomes,2
decade,2
committee,2
lindert,2
character,2
unlike,2
instance,2
factor,2
sheiner,2
corresponding,2
experience,2
clarifying,2
efp,2
every,2
interested,2
krueger,2
concentrated,2
planting,2
address,2
worked,2
advanced,2
million,2
experiments,2
historiography,2
puga,2
together,2
oded,2
narrative,2
arises,2
slemrod,2
imbens,2
concludes,2
created,2
real,2
reproduction,2
evolving,2
quarter,2
robert,2
opposite,2
favoring,2
partners,2
tim,2
sophisticated,2
nber,2
adverse,2
constructing,2
agriculture,2
right,2
watkins,2
march,2
addresses,2
replacement,2
opened,2
marked,2
activity,2
illustrate,2
spillover,2
alter,2
october,2
consumers,2
measuring,2
apart,2
say,2
uses,2
sent,2
selecting,2
apply,2
unwholesome,2
collection,2
comment,2
relies,2
regarding,2
ends,2
throughout,2
comments,2
married,2
historically,2
mispricing,2
facts,2
stores,2
calculated,2
against,2
tables,2
econometric,2
g,2
reflection,2
ransom,2
heterogeneity,2
carlos,2
treasure,2
masters,2
comprised,2
marseille,2
forced,2
exercise,2
funds,2
turn,2
adjustment,2
nor,2
freed,2
back,2
differently,2
highest,2
withdraw,2
modernity,2
holds,2
enquete,2
simultaneity,2
compared,2
igbo,2
continuous,2
converging,2
profit,2
essays,2
look,2
outflow,2
generation,2
immunity,2
intuition,2
incentive,2
importers,2
distribution,2
finances,2
mechanisms,2
assessed,2
poor,2
reflects,2
operations,2
exact,2
negatively,2
checks,2
centered,2
remain,2
influential,2
landscape,2
kind,2
cohort,2
avner,2
proportion,2
locations,2
milton,2
assuming,2
enacted,2
tree,2
accounts,2
bad,2
ensure,2
space,2
civilizations,2
statistical,2
severity,2
emergence,2
technology,2
underlines,2
proposed,2
butcher,2
milanovic,2
artie,2
shrinking,2
cashed,2
recovered,2
follow,2
beyond,2
rental,2
cost,2
putting,2
conditional,2
veal,2
metal,2
strategy,2
faced,2
management,2
perceive,2
ruggedness,2
standards,2
introduce,2
arrival,2
allow,2
doepke,2
histories,2
found,2
entered,2
sokoloff,2
ambitions,2
issue,2
shared,2
emerge,2
approximation,2
representative,2
embedded,2
density,2
parenthood,2
equal,2
poverty,2
gillian,2
sear,2
stock,2
residential,2
cannot,2
scale,2
alliances,2
universidad,2
pork,2
required,2
facilities,2
dwellers,2
january,2
possibility,2
sparse,2
briefly,2
expensive,2
almost,2
unequal,2
basis,2
accounting,2
line,2
abroad,2
scope,2
strict,2
endowments,2
purpose,2
civilisation,2
knowledge,2
pilcher,2
description,2
deregulate,2
fit,2
broad,2
queens,2
suppliers,2
actually,2
predicts,2
coale,2
proliferation,2
away,2
differentially,2
submissions,2
savings,2
interpreted,2
craftsman,2
trends,2
discreet,2
either,2
okun,2
wards,2
coupled,2
contrast,2
imposition,2
fallow,2
sharp,2
overhang,2
debit,2
june,2
munich,2
presence,2
tended,2
always,2
inability,2
weiss,2
st,2
majority,2
describes,2
paid,2
explains,2
excise,2
watts,2
carlton,2
grateful,2
paul,2
moved,2
landlords,2
tennessee,2
bartik,2
periods,2
critical,2
sutch,2
borders,2
highlights,2
attributable,2
letters,2
contingent,2
saiz,2
incentives,2
indeed,2
classic,2
oversight,2
brings,2
etc,2
bankers,2
dumont,2
structural,2
single,2
biological,2
lagerlof,2
once,2
collect,2
communities,2
komlos,2
performs,2
joshua,2
reference,2
opportunities,2
rules,2
marginal,2
counterparts,2
multitudes,2
ancient,2
included,2
shock,2
sourced,2
performed,2
equalized,2
baltimore,2
wright,2
robust,2
insights,2
enforce,2
causality,2
shows,2
woessmann,2
shops,2
lamb,2
lewis,2
again,2
testators,2
projects,2
residence,2
efforts,2
incorporates,2
registration,2
limit,2
turner,2
matteson,2
extended,2
banks,2
polygamy,2
justification,2
debates,2
trussell,2
book,2
external,2
conclusions,2
drove,2
diminished,2
analyses,2
duties,2
necessary,2
peddlers,2
deschenes,2
spacing,2
mokyr,2
degree,2
responded,2
hoarded,2
empirically,2
vast,2
mix,2
bls,2
examples,2
birth,2
panelists,2
craig,2
discovery,2
chiefly,2
writings,2
robustness,2
beal,2
controlling,2
entirely,2
skeptical,2
hypotheses,2
operated,2
licensed,2
refers,2
privileges,2
harvard,2
submitted,2
exhibited,2
tradeoff,2
continue,2
macro,2
netherlands,2
open,2
clear,2
authors,2
hampered,2
aaron,2
dominated,2
rebecca,2
features,2
winner,2
farms,2
obtained,2
ended,2
deregulated,2
adequately,2
educational,2
roofs,2
facing,2
random,2
leaves,2
outcomes,2
matched,2
k,2
methods,2
cuny,2
become,2
relation,2
trades,2
implication,2
looks,2
slightly,2
retail,2
reforms,2
quarterly,2
attention,2
widely,2
offspring,2
bedard,2
carried,2
wage,2
suggest,2
testable,2
chesnais,2
sanitation,2
hayashi,2
kenneth,2
johns,2
email,2
begin,2
parent,2
lines,2
lost,2
collections,2
yale,2
determination,2
whereby,2
existed,2
dead,2
respect,2
worlds,2
joseph,2
tribe,2
quantitative,2
school,2
wars,2
practice,2
conclusion,2
roux,2
version,2
must,2
representativeness,2
ever,2
mutton,2
reinforced,2
extension,2
regime,2
temporal,2
unlicensed,2
perhaps,2
md,2
hornung,2
ito,2
outcome,2
cesifo,2
monthly,2
governance,2
appropriate,2
groceries,2
argue,2
half,2
iii,2
observe,2
mccurry,2
collins,2
rely,2
goods,2
build,2
elsewhere,2
distinctive,2
country,2
february,2
elites,2
table,2
scholarship,2
regulations,2
drop,2
according,2
carefully,2
combined,2
adults,2
stability,2
selected,2
manuscripts,2
correspondent,2
produce,2
treatises,2
incomes,2
marriages,2
freedom,2
burden,2
socioeconomic,2
nj,2
bought,2
outline,2
trees,2
preserved,2
careful,2
subsidies,2
rd,2
schulze,2
undertaken,2
easy,2
williamson,2
subject,2
confronted,2
unregulated,2
reconstruct,2
qualitative,2
challenges,2
coins,2
exploit,2
blacker,2
come,2
shown,2
argument,2
restrictions,2
washington,2
catch,2
cross,2
course,2
instead,2
include,2
although,2
constructed,2
you,2
prosperity,2
defined,2
attempted,2
inequalities,2
area,2
fine,2
dc,2
greif,2
varaiya,2
supported,2
engerman,2
haines,2
attainment,2
valuable,2
partial,2
create,2
maximum,2
firstly,2
import,2
interaction,2
censuses,2
strong,2
technological,2
north,2
recent,2
weil,2
fiscal,2
resources,2
race,2
close,2
heterogeneous,2
normale,1
countryside,1
resolve,1
erik,1
superiority,1
barbara,1
decentralized,1
transportation,1
currently,1
fragmenting,1
situate,1
oriented,1
limits,1
prefer,1
convergence,1
edge,1
bourgeoning,1
versa,1
horizontal,1
conflicting,1
avoiding,1
correlation,1
medieval,1
underpopulated,1
treaties,1
ols,1
extrapolating,1
milieu,1
generous,1
differentials,1
portion,1
mimeo,1
migrated,1
cradle,1
epidemics,1
resulted,1
reintroduce,1
struggled,1
legitimate,1
revolutionary,1
arrive,1
alone,1
clio,1
poorer,1
ultimate,1
spurred,1
starts,1
pushed,1
distributed,1
germany,1
comparability,1
conversion,1
globalization,1
conducted,1
discover,1
speculated,1
bullionism,1
judged,1
mounted,1
cartelized,1
saved,1
approved,1
ludger,1
properly,1
enhance,1
informative,1
library,1
carnivorous,1
strictly,1
expenditure,1
inconsistent,1
conjectures,1
additionally,1
specified,1
mortgages,1
fault,1
satisfied,1
licenses,1
considerations,1
weaker,1
trace,1
ipswich,1
suprieure,1
fixed,1
title,1
laid,1
variants,1
steeply,1
detailing,1
remedy,1
exceptions,1
something,1
litigation,1
operatives,1
po,1
track,1
migration,1
nice,1
ingredients,1
calibrated,1
properties,1
contexts,1
fumio,1
turning,1
women,1
cutting,1
fluctuations,1
indexes,1
summarize,1
bargain,1
highlighted,1
concepts,1
grada,1
aside,1
transitions,1
stressed,1
resolving,1
extraordinarily,1
coalesced,1
barriers,1
embraced,1
commission,1
takatoshi,1
posed,1
gilles,1
victim,1
interests,1
derives,1
exclusive,1
entailed,1
researched,1
deterministic,1
aftermath,1
severely,1
attempts,1
rested,1
culturally,1
enables,1
vols,1
elusive,1
opted,1
generated,1
sunday,1
imachi,1
promoting,1
emerged,1
pendulum,1
knowing,1
seems,1
nature,1
sustainable,1
containing,1
dramatically,1
handling,1
possibilities,1
alexander,1
packed,1
leading,1
explores,1
assess,1
advantage,1
alphabetical,1
assertion,1
suggesting,1
correspondingly,1
generalize,1
seller,1
desire,1
estimation,1
undertake,1
display,1
farmers,1
buyer,1
roland,1
riskless,1
follows,1
shot,1
fruits,1
correlations,1
transferred,1
closer,1
composition,1
room,1
cohesion,1
econometrica,1
debt,1
harvey,1
wealthy,1
introduces,1
achieved,1
differential,1
integrate,1
tempted,1
devised,1
loose,1
date,1
blackwell,1
raised,1
principal,1
advantages,1
somewhat,1
declines,1
checked,1
stopped,1
lecturer,1
intersection,1
circumvent,1
documenting,1
evaluation,1
takes,1
generosity,1
regimented,1
deviation,1
famously,1
ltd,1
inversely,1
portugal,1
recorded,1
eastern,1
owing,1
tie,1
dying,1
formulation,1
referee,1
task,1
advice,1
billon,1
constraint,1
incorporate,1
correspondents,1
draw,1
ventures,1
vol,1
inverse,1
futile,1
distributing,1
welcome,1
marc,1
methodologies,1
lifetime,1
understated,1
nordic,1
entrepreneurs,1
exhibits,1
facilitating,1
player,1
explorations,1
reaching,1
appendices,1
producers,1
powers,1
mutual,1
taxation,1
move,1
births,1
vital,1
purchases,1
diss,1
community,1
delay,1
variations,1
far,1
eliminating,1
owners,1
etbabe,1
realistic,1
above,1
arbitrageur,1
constrained,1
fragmented,1
enter,1
economies,1
minimum,1
identifies,1
fragment,1
reward,1
pursuing,1
interestingly,1
funded,1
expanded,1
exist,1
learned,1
goal,1
renterto,1
retaining,1
royal,1
regularly,1
eras,1
monogamy,1
explained,1
weakened,1
croton,1
mine,1
immediate,1
roger,1
neighbor,1
eating,1
vacancy,1
corner,1
barton,1
initial,1
deducting,1
precipitating,1
software,1
unpublished,1
cornerstone,1
agent,1
scarce,1
interest,1
characteristic,1
ability,1
consuls,1
futures,1
contributors,1
intercensal,1
relations,1
occurs,1
highlighting,1
difficulty,1
utk,1
application,1
prediction,1
dozen,1
forbade,1
convene,1
employing,1
theorized,1
responds,1
preparation,1
rooted,1
getafe,1
dudley,1
expected,1
options,1
hat,1
financing,1
taste,1
deregulating,1
distinct,1
items,1
immigrants,1
underlying,1
legally,1
places,1
commercialization,1
perspective,1
depend,1
concerning,1
fond,1
convincing,1
profound,1
spanned,1
body,1
shopped,1
inclusion,1
afford,1
suitable,1
ecclesiastical,1
jacob,1
criterion,1
epopulation,1
rhythm,1
undertaking,1
unfettered,1
confident,1
instruments,1
ingredient,1
corrected,1
vice,1
broadberry,1
ethnolinguistic,1
perplexing,1
helping,1
cfee,1
upkeep,1
pronounced,1
insurgent,1
progressed,1
mispriced,1
acted,1
restricting,1
rabbit,1
influence,1
bonuses,1
word,1
stanley,1
guido,1
poorly,1
unused,1
emographiques,1
focused,1
newer,1
lyon,1
arbitraged,1
van,1
aim,1
branko,1
site,1
utilizes,1
simultaneously,1
topic,1
nevins,1
philadelphia,1
shipping,1
town,1
essential,1
german,1
mexico,1
extensively,1
cartel,1
edited,1
ox,1
etudes,1
dilemma,1
observers,1
links,1
performance,1
aimed,1
arsene,1
adds,1
ofnew,1
district,1
edward,1
sort,1
repeal,1
vegetables,1
posits,1
essence,1
fascinating,1
fastest,1
doctrine,1
myself,1
calculates,1
calculation,1
subsistence,1
mean,1
slaveownership,1
precluded,1
completely,1
environments,1
elsevier,1
goes,1
blessing,1
protecting,1
reworked,1
risk,1
pressure,1
wake,1
flexible,1
interwar,1
hautcoeur,1
b,1
se,1
leave,1
variant,1
parts,1
huge,1
institutionalized,1
stephanie,1
reconstitution,1
lacking,1
form,1
lay,1
read,1
diminishes,1
persons,1
usgpo,1
collecting,1
summarized,1
limitation,1
animals,1
moves,1
gathering,1
replete,1
puzzles,1
reason,1
endogenously,1
downward,1
category,1
albert,1
perceptions,1
fractionalization,1
affect,1
wanted,1
marks,1
biased,1
females,1
consider,1
objects,1
fast,1
established,1
claims,1
organized,1
fertilizer,1
peasant,1
sum,1
constrain,1
numbers,1
gbaics,1
weak,1
suffolk,1
profile,1
tsas,1
enjoyed,1
motivates,1
supplying,1
riverside,1
acknowledges,1
experienced,1
glaeser,1
migrants,1
heading,1
lecrosnier,1
stewart,1
additional,1
origins,1
spirit,1
olivier,1
efficient,1
position,1
consequence,1
requires,1
chely,1
infractions,1
victorian,1
saving,1
thieves,1
foodborne,1
shifted,1
liberalizations,1
dominant,1
believed,1
helped,1
panels,1
article,1
hilt,1
predictor,1
opinion,1
drawing,1
eludes,1
plausibly,1
regulatory,1
graduates,1
causation,1
opening,1
foodstuff,1
lifecycle,1
gregory,1
legislative,1
formidable,1
whom,1
pounds,1
thousands,1
path,1
complications,1
concentration,1
bearing,1
brookings,1
diverging,1
kegan,1
six,1
opposing,1
begun,1
search,1
baton,1
effort,1
lived,1
deal,1
rooms,1
mpra,1
caretakers,1
pass,1
criticisms,1
hebrew,1
monitoring,1
pioneer,1
parisian,1
noting,1
successively,1
locales,1
continents,1
emographique,1
term,1
tracking,1
academic,1
coin,1
handbook,1
banker,1
fourth,1
knit,1
equally,1
heirs,1
demanders,1
understood,1
transactions,1
cultural,1
wales,1
biographies,1
mainly,1
block,1
emporia,1
michigan,1
districts,1
pursued,1
recently,1
constraining,1
companies,1
priorities,1
promise,1
analogous,1
applied,1
purchased,1
excellent,1
fish,1
record,1
hypothetical,1
dwelling,1
guarantee,1
brooklyn,1
taught,1
ascendance,1
drain,1
schema,1
switch,1
rourke,1
eliminate,1
marie,1
criteria,1
technical,1
undermined,1
outstanding,1
repealing,1
none,1
agglomerating,1
participation,1
relatives,1
stringency,1
kelly,1
remittances,1
formerly,1
anecdotes,1
planning,1
preconditions,1
already,1
imports,1
carry,1
nine,1
protein,1
clean,1
cormac,1
concept,1
prominent,1
distinctively,1
heavily,1
training,1
apparent,1
remarkable,1
coded,1
lays,1
confirms,1
irish,1
cleanliness,1
bite,1
booming,1
diffusion,1
consistently,1
fail,1
exceed,1
contains,1
calculating,1
stipulates,1
people,1
relevance,1
densely,1
falling,1
structures,1
earn,1
statistics,1
claiming,1
creative,1
winter,1
binding,1
cabris,1
kelley,1
reflect,1
unanticipated,1
surrounding,1
legislation,1
intersections,1
reconstructing,1
imperfections,1
monopoly,1
alan,1
breakdown,1
exporters,1
townships,1
ethnicity,1
connections,1
concave,1
transmit,1
attributed,1
mnogues,1
sampled,1
hitherto,1
ologipsony,1
concentrates,1
preceded,1
causal,1
pravin,1
exemplary,1
statistically,1
stylized,1
macroeconomic,1
optimal,1
commerce,1
indicator,1
correct,1
josef,1
specie,1
spatially,1
constituent,1
responsibility,1
fostered,1
shaping,1
parish,1
involve,1
excuse,1
trading,1
villagers,1
renters,1
tries,1
emphasizes,1
comptroller,1
ward,1
settlement,1
emerging,1
navigated,1
calling,1
initiating,1
shapes,1
driving,1
wider,1
choose,1
legitimize,1
narrating,1
depression,1
transfer,1
temporary,1
governments,1
figure,1
mi,1
registry,1
secrecy,1
suddenly,1
renegotiated,1
concluded,1
igboland,1
petitions,1
gradient,1
auctioneering,1
condemned,1
tracks,1
method,1
productivity,1
proper,1
correspondence,1
cycle,1
binomial,1
prizes,1
settle,1
rest,1
geographical,1
eric,1
lend,1
rhythmanalysis,1
survived,1
inspection,1
bretagne,1
span,1
republican,1
privilege,1
challenge,1
improves,1
furnished,1
specifications,1
chains,1
steady,1
onset,1
rome,1
curves,1
baines,1
bringing,1
journey,1
fortunately,1
paribus,1
lesser,1
meticulously,1
marketplace,1
populations,1
identified,1
descending,1
separation,1
doctoral,1
cheapest,1
motivations,1
quantified,1
essex,1
analogue,1
diego,1
secondly,1
acknowledged,1
brief,1
forward,1
renewed,1
eltis,1
upward,1
suburban,1
gaining,1
attempt,1
implying,1
july,1
establishes,1
judgment,1
dwellings,1
mainstream,1
currency,1
feeds,1
initially,1
shipped,1
ceilings,1
strategic,1
upjohn,1
ask,1
hold,1
innovation,1
resilient,1
dimensions,1
percentage,1
scarcity,1
guide,1
ferrie,1
simultaneous,1
probate,1
meanwhile,1
push,1
examined,1
foreclosed,1
security,1
older,1
thought,1
qc,1
sex,1
caveat,1
chronology,1
manor,1
neither,1
favorable,1
fishmongers,1
tn,1
curie,1
abeokuta,1
earned,1
refrigeration,1
falls,1
subset,1
adjusted,1
positively,1
unverified,1
complete,1
shifting,1
ed,1
inferences,1
accelerated,1
responsive,1
nineteenthcentury,1
traders,1
cargoes,1
violations,1
quotations,1
strata,1
lot,1
payments,1
avoided,1
picture,1
love,1
chose,1
enclaves,1
scf,1
inspected,1
simulation,1
oral,1
skill,1
heritage,1
jeffrey,1
colinearity,1
omission,1
coming,1
technique,1
mark,1
toward,1
similarly,1
printing,1
deterioration,1
flushing,1
homo,1
charters,1
complementary,1
arbitrate,1
communal,1
textiles,1
unifying,1
expose,1
cheated,1
idea,1
fundamental,1
conduct,1
blocks,1
bourgeoisie,1
clarendon,1
striking,1
marseilles,1
complementing,1
stokely,1
milestone,1
occupations,1
clerks,1
crop,1
swung,1
really,1
reacted,1
diverse,1
fallen,1
omitted,1
identical,1
considerable,1
pennsylvania,1
arguably,1
imperfect,1
jacksonians,1
hinges,1
zero,1
discussed,1
serious,1
william,1
honor,1
depopulation,1
rhythms,1
puts,1
possession,1
reproductive,1
hand,1
kalamazoo,1
learn,1
everyday,1
privatization,1
manner,1
evesy,1
road,1
competitors,1
validity,1
ensured,1
timing,1
accepted,1
establish,1
departements,1
ultimately,1
answer,1
coexisted,1
coincided,1
maturity,1
japan,1
cantons,1
gdp,1
diets,1
nigel,1
binford,1
belief,1
eds,1
reasoning,1
routledge,1
distance,1
weakly,1
ladder,1
perseverance,1
tude,1
dfetter,1
aggregation,1
richer,1
exhibit,1
reveals,1
nutrition,1
overgeneralize,1
miss,1
oil,1
father,1
disease,1
atlantic,1
invested,1
effectiveness,1
observable,1
onerous,1
stuck,1
native,1
incidents,1
limitations,1
exporting,1
sides,1
hermetic,1
arriving,1
transformed,1
industrialized,1
judge,1
debasing,1
expand,1
louis,1
concern,1
host,1
decrease,1
traded,1
reconstructs,1
angle,1
prevailed,1
persisted,1
fourteenth,1
additions,1
virtually,1
gilder,1
numerous,1
shopping,1
consortium,1
pleasure,1
poultry,1
trend,1
actual,1
recovery,1
hour,1
services,1
ibid,1
trust,1
archive,1
full,1
raising,1
option,1
strikingly,1
office,1
recruitment,1
stopping,1
complicated,1
rouge,1
underwent,1
sarah,1
landscapes,1
help,1
crises,1
discovered,1
eddie,1
directed,1
modem,1
comprehensive,1
talk,1
language,1
ansley,1
peter,1
logic,1
co,1
workers,1
august,1
defense,1
homes,1
allowed,1
derived,1
momentous,1
helpful,1
revised,1
geographically,1
nkwu,1
rewarded,1
summer,1
bequests,1
him,1
responses,1
causally,1
am,1
mines,1
serves,1
distinction,1
static,1
stages,1
paths,1
administrative,1
filled,1
practiced,1
losing,1
preservation,1
ascending,1
serfdom,1
permitting,1
construct,1
forms,1
generating,1
valued,1
readers,1
especially,1
promote,1
qualities,1
parallel,1
consulates,1
exaggeration,1
narrow,1
let,1
institut,1
interpretations,1
exactly,1
banking,1
examine,1
accordingly,1
lowered,1
confusing,1
seeking,1
spatiality,1
probably,1
differ,1
ate,1
hume,1
earl,1
figures,1
staff,1
empiricist,1
institution,1
tendency,1
temporality,1
chain,1
ago,1
controversial,1
louisiana,1
maturities,1
regressions,1
incoming,1
claudia,1
hunt,1
consumed,1
diseased,1
sascha,1
culmination,1
farm,1
lehrman,1
dealing,1
implicitly,1
aspirations,1
twelve,1
alters,1
discussing,1
negotiations,1
devote,1
imply,1
modification,1
aid,1
tested,1
violation,1
today,1
stony,1
prevalence,1
perspectives,1
succinctly,1
tentative,1
wisdom,1
drafted,1
segregated,1
science,1
crucial,1
ecole,1
recreate,1
stalls,1
deep,1
impressive,1
ideology,1
suggestive,1
pieces,1
largelofs,1
exacerbated,1
inside,1
deteriorating,1
male,1
binary,1
becomes,1
slaughtering,1
sensitive,1
developments,1
commended,1
directions,1
outpaced,1
diversity,1
returned,1
markers,1
importantly,1
specific,1
flandreau,1
originated,1
sharply,1
es,1
literacy,1
inspired,1
unusual,1
expectations,1
researcher,1
equaled,1
supporting,1
enforced,1
aqueduct,1
types,1
receive,1
grounded,1
face,1
combines,1
commenting,1
problematic,1
crowded,1
paying,1
impacted,1
pressures,1
susan,1
pay,1
rises,1
stable,1
influencing,1
considered,1
directories,1
untouched,1
detail,1
stephen,1
immigrant,1
proof,1
gershenkron,1
suggestions,1
authorities,1
curious,1
shadow,1
heavy,1
rarely,1
specification,1
outlier,1
prohibited,1
dispersed,1
broke,1
mentioned,1
incorporated,1
rosny,1
broadway,1
converges,1
economically,1
hypothesized,1
determinants,1
known,1
reignited,1
treats,1
consensus,1
palace,1
sussman,1
regress,1
sorts,1
doi,1
sciences,1
daunting,1
sustained,1
recreates,1
receipts,1
methodologically,1
shortcoming,1
quickly,1
relaxation,1
japanese,1
favorably,1
mutually,1
removed,1
extant,1
provence,1
commonplace,1
missing,1
guaranteed,1
graduate,1
lenders,1
worth,1
ratio,1
louise,1
capability,1
extraction,1
focuses,1
seem,1
variable,1
believe,1
albeit,1
illnesses,1
circumvented,1
hucksters,1
leaders,1
ph,1
printed,1
universal,1
rearing,1
domestic,1
hindering,1
inquiry,1
sellers,1
feed,1
eventually,1
foundation,1
vibrant,1
losses,1
presumably,1
gregg,1
reliability,1
clearly,1
contradictory,1
sustaining,1
aged,1
benefit,1
constant,1
sought,1
examining,1
section,1
sapiens,1
past,1
utilized,1
impressively,1
type,1
smuggle,1
lending,1
ideally,1
evident,1
person,1
demography,1
saying,1
searchable,1
outlines,1
cycles,1
recession,1
investigation,1
markdown,1
kevin,1
afield,1
namely,1
supports,1
maintain,1
passed,1
demographers,1
fathering,1
getting,1
foundations,1
appetite,1
allocate,1
infrastructures,1
abattoirs,1
smoothness,1
studying,1
secure,1
manure,1
proposing,1
backwardness,1
suppress,1
tempting,1
lends,1
contain,1
socialized,1
art,1
mcneil,1
des,1
popular,1
conference,1
yeoman,1
researchers,1
boston,1
monitored,1
occasionally,1
notary,1
reader,1
son,1
circumstances,1
digitized,1
entire,1
economist,1
entrance,1
ruled,1
politics,1
reported,1
preferable,1
conservator,1
marble,1
joining,1
procure,1
duty,1
regulate,1
ac,1
giving,1
intended,1
disciplines,1
rendering,1
administration,1
returning,1
cash,1
went,1
rationale,1
conventional,1
revisits,1
harvesting,1
bimetallic,1
commodities,1
operate,1
cleverly,1
retailed,1
conversely,1
treasury,1
ranks,1
mention,1
exceptionally,1
aims,1
quantifiable,1
aspect,1
think,1
categorization,1
varied,1
rewarding,1
prepared,1
ngwa,1
examinations,1
proceeds,1
white,1
producer,1
wild,1
students,1
devoted,1
spring,1
goldin,1
henri,1
commercial,1
worsening,1
ignored,1
departementales,1
detection,1
understudy,1
deutschland,1
zanten,1
fraud,1
configured,1
chemical,1
grant,1
aware,1
substituted,1
crisis,1
revives,1
richard,1
americas,1
judges,1
integrated,1
define,1
need,1
discernable,1
ll,1
intergenerational,1
clearest,1
attributes,1
proposes,1
disrupt,1
off,1
exportation,1
maximization,1
successions,1
slaveholdings,1
evermore,1
saturday,1
bigger,1
catharine,1
classification,1
brook,1
meals,1
profits,1
observation,1
measurable,1
safeguard,1
gavin,1
klein,1
fluctuated,1
tribes,1
combination,1
mystery,1
broadening,1
justify,1
funding,1
reached,1
improved,1
refines,1
element,1
absences,1
fellowship,1
immediately,1
uk,1
vendor,1
resist,1
longer,1
solve,1
profiles,1
calibrations,1
built,1
showed,1
workings,1
cited,1
occur,1
ceteris,1
costly,1
looking,1
richly,1
continuously,1
thorough,1
