WORDCOUNTS,WEIGHT
the,76
of,64
and,56
that,41
to,40
in,34
a,31
they,26
is,19
this,18
or,16
historical,15
their,14
it,12
but,11
booth,11
melling,10
as,9
with,9
an,9
not,8
are,8
do,8
economic,7
rise,7
also,7
for,7
have,7
even,7
dartmann,7
i,6
theory,6
were,6
such,6
decline,6
productivity,6
we,6
incentives,5
situation,5
make,5
had,5
from,5
contexts,5
swedish,5
more,5
alternative,5
all,5
agree,5
context,5
institutions,5
some,5
firms,5
olson,5
on,5
point,5
be,5
germany,4
often,4
was,4
no,4
by,4
social,4
book,4
cumulative,4
right,4
british,4
understanding,4
say,4
good,4
britain,4
can,4
encompassing,4
nations,3
at,3
me,3
contribution,3
one,3
study,3
respect,3
coalition,3
pp,3
most,3
sweden,3
sometimes,3
contingencies,3
argue,3
mancur,3
out,3
there,3
state,3
cannot,3
particular,3
necessary,3
perhaps,3
because,3
explanation,3
example,3
labor,3
institutional,3
offer,3
profits,3
outcomes,3
narrow,3
employers,3
structure,3
when,3
much,3
than,3
periods,2
will,2
rights,2
go,2
does,2
done,2
nonetheless,2
later,2
indeed,2
appreciation,2
growth,2
detailed,2
large,2
special,2
about,2
factors,2
ways,2
strategies,2
university,2
key,2
history,2
any,2
conclusion,2
al,2
experience,2
only,2
s,2
outcome,2
elusive,2
appear,2
constructive,2
union,2
other,2
capital,2
continuities,2
losses,2
reply,2
very,2
debates,2
liberal,2
pattern,2
markets,2
though,2
what,2
within,2
see,2
idiosyncrasies,2
historians,2
saying,2
degree,2
almost,2
dartnann,2
made,2
disagree,2
its,2
emphasize,2
ranks,2
structures,2
refutation,2
et,2
historically,2
manage,2
argument,2
inevitable,2
try,2
course,2
arise,2
would,2
so,2
latter,2
especially,2
june,2
between,2
scholarship,2
always,2
journal,2
fierce,2
applies,2
society,2
incentive,2
inapplicable,1
model,1
fails,1
may,1
seems,1
reactive,1
portion,1
defended,1
tasks,1
adequate,1
understands,1
german,1
provide,1
predicted,1
operations,1
way,1
true,1
science,1
if,1
scientific,1
chance,1
been,1
main,1
short,1
how,1
stop,1
providing,1
ready,1
breadth,1
basic,1
play,1
plans,1
account,1
college,1
centralization,1
responded,1
lobbying,1
trait,1
lasting,1
who,1
prove,1
alone,1
suffer,1
polemical,1
yale,1
joyful,1
importance,1
idiosyncratic,1
reservations,1
movement,1
countries,1
procession,1
life,1
pertinent,1
zeal,1
kinds,1
analysis,1
promptly,1
cases,1
spotlight,1
productive,1
olsonians,1
yet,1
indispensable,1
exceptional,1
face,1
category,1
dartrnann,1
studies,1
insistence,1
read,1
proactive,1
developments,1
happened,1
case,1
serve,1
floor,1
notwithstanding,1
joseph,1
evolved,1
considered,1
possibly,1
us,1
park,1
share,1
rolling,1
behavior,1
falls,1
cartelistic,1
growing,1
welfare,1
result,1
conflictual,1
argued,1
iris,1
show,1
department,1
detachment,1
follow,1
shop,1
avoided,1
efficient,1
rigidities,1
wrong,1
long,1
besides,1
md,1
requires,1
here,1
interests,1
power,1
processes,1
give,1
limit,1
important,1
know,1
overwhelm,1
defining,1
strengthen,1
over,1
generated,1
put,1
control,1
emerged,1
towards,1
character,1
lbid,1
advance,1
my,1
connection,1
opposition,1
seem,1
tradition,1
did,1
best,1
contextual,1
could,1
our,1
christoph,1
somhe,1
forces,1
analyses,1
deal,1
demands,1
richer,1
proves,1
farther,1
closer,1
ferocity,1
striven,1
kingdom,1
haven,1
help,1
damage,1
disputes,1
polemics,1
evident,1
person,1
justify,1
respond,1
precisely,1
reserved,1
political,1
reading,1
explanations,1
them,1
whether,1
terms,1
inquiry,1
making,1
references,1
maryland,1
applied,1
issue,1
side,1
takes,1
placed,1
however,1
intemational,1
contrasting,1
badly,1
explain,1
unnecessary,1
find,1
task,1
money,1
capacity,1
strikes,1
failure,1
well,1
economics,1
local,1
keeping,1
vol,1
fundamentally,1
possible,1
logical,1
politics,1
cooperation,1
minute,1
illustrate,1
new,1
these,1
both,1
comprise,1
level,1
bear,1
concluding,1
claim,1
west,1
unless,1
given,1
conclude,1
unionization,1
arose,1
explains,1
tenaciously,1
dice,1
increase,1
press,1
role,1
along,1
marketplace,1
room,1
concern,1
tried,1
lies,1
everywhere,1
loss,1
use,1
which,1
obtain,1
fail,1
engineer,1
policies,1
mention,1
evolution,1
think,1
stagflation,1
thus,1
centralized,1
amendment,1
analogy,1
denying,1
full,1
question,1
fun,1
dismissed,1
surely,1
systematic,1
vituperation,1
alan,1
argues,1
development,1
difference,1
mentalities,1
points,1
professor,1
challenging,1
strongest,1
certain,1
finally,1
accounted,1
dominated,1
causal,1
interpret,1
exemplary,1
relatively,1
issn,1
mindful,1
general,1
adopted,1
instead,1
successful,1
like,1
period,1
need,1
jr,1
obstructed,1
unexpected,1
things,1
features,1
exerting,1
kind,1
contrast,1
area,1
managerial,1
objections,1
valid,1
lose,1
association,1
speak,1
ignore,1
internal,1
article,1
organizations,1
leaves,1
disputants,1
industrialists,1
become,1
rejection,1
effective,1
overwhelmed,1
prerogatives,1
bargain,1
capitalism,1
rhetorical,1
little,1
spite,1
immediately,1
strong,1
apparently,1
inquiries,1
traditions,1
value,1
caution,1
should,1
evidence,1
cooperative,1
united,1
doing,1
shall,1
roles,1
influence,1
competitive,1
rates,1
occur,1
avoid,1
