WORDCOUNTS,WEIGHT
the,633
of,458
in,284
and,269
to,151
for,124
a,115
barbados,110
is,69
was,63
that,61
on,58
sugar,55
total,53
population,53
export,49
percent,49
this,49
slaves,49
have,46
from,44
pp,43
as,42
produce,41
at,40
an,40
were,39
than,38
per,36
slave,36
exports,36
sector,35
but,34
by,33
p,32
not,32
estimate,28
income,28
are,28
all,27
jamaica,27
with,27
england,26
or,26
capita,26
between,26
servants,24
product,24
english,23
s,23
estimates,23
economic,23
food,23
island,22
column,22
trade,21
if,20
history,20
these,20
been,20
share,20
ratio,20
estimated,19
those,19
british,19
had,19
new,19
would,19
table,19
see,18
years,18
planters,17
no,17
entered,17
eltis,17
economy,17
be,17
it,16
x,16
may,16
other,16
merchants,15
most,15
only,15
more,15
time,15
thousand,15
one,14
pounds,14
rum,14
dunn,14
books,14
crops,13
their,13
well,13
less,13
probably,13
then,13
labor,12
there,12
output,12
proportion,12
entering,12
colonies,12
data,12
value,12
society,12
also,12
exported,12
customs,12
they,11
into,11
some,11
caribbean,11
london,11
small,11
estates,11
top,11
mccusker,11
americas,11
much,11
such,10
census,10
year,10
about,10
fifth,10
two,10
crop,10
quintile,10
did,10
what,10
terms,10
distribution,10
production,9
handler,9
thus,9
calculated,9
plantation,9
york,9
growth,9
however,9
sterling,9
number,9
larger,9
made,9
held,9
period,9
very,9
little,9
group,8
american,8
first,8
jamaican,8
richard,8
chesapeake,8
century,8
journal,8
second,8
seventeenth,8
b,8
yields,8
historical,8
urban,8
major,8
conversion,7
large,7
plantations,7
atlantic,7
vol,7
west,7
david,7
y,7
rather,7
slavery,7
white,7
latter,7
cotton,7
produced,7
few,7
activities,7
same,7
shows,7
discussion,7
three,7
who,7
over,7
each,7
both,7
colonial,7
tobacco,7
rate,6
later,6
holding,6
before,6
taken,6
products,6
i,6
price,6
similar,6
four,6
societies,6
could,6
though,6
records,6
prices,6
working,6
minor,6
many,6
values,6
which,6
after,6
force,6
here,6
suggests,6
cambridge,6
average,6
engerman,6
entries,5
likely,5
j,5
enterers,5
america,5
custom,5
activity,5
adult,5
higher,5
how,5
mean,5
grew,5
impact,5
w,5
bl,5
late,5
line,5
imports,5
its,5
people,5
below,5
revolution,5
research,5
up,5
them,5
l,5
transatlantic,5
michael,5
council,5
bridenbaugh,5
higman,5
identity,5
jerome,5
real,5
office,5
accounted,5
peter,5
high,5
muscovado,5
mss,5
panel,5
any,5
must,5
text,5
equation,5
menard,5
clearly,5
vestry,5
allowance,5
listed,5
peace,5
quintiles,5
notes,5
grown,5
evidence,5
barbadian,5
willoughby,5
fol,5
era,5
early,5
imported,4
library,4
true,4
secretary,4
capital,4
supplied,4
book,4
together,4
able,4
case,4
has,4
whites,4
eisner,4
highest,4
compare,4
bennett,4
stanley,4
nonslave,4
shipping,4
across,4
represented,4
earlier,4
n,4
house,4
calendar,4
age,4
cost,4
hereafter,4
important,4
based,4
out,4
coldham,4
wealth,4
public,4
basis,4
r,4
work,4
part,4
employed,4
least,4
suggest,4
amounted,4
st,4
productivity,4
using,4
freemen,4
pares,4
f,4
populations,4
indeed,4
overall,4
still,4
oxford,4
counterparts,4
already,4
rise,4
social,4
puckrein,4
available,4
john,4
guiana,4
enough,4
hsa,4
perhaps,4
eds,4
free,4
thousands,4
range,4
eighteenth,4
servant,4
region,4
individuals,4
august,4
so,4
ligon,4
pro,4
equivalent,4
we,4
relative,4
separate,4
indentured,4
united,4
centuries,4
ships,4
set,4
best,4
current,4
nonexport,4
just,4
better,4
growing,4
william,4
list,4
national,4
consumption,4
off,4
harlow,4
north,4
distributed,3
comprised,3
provisions,3
ma,3
mainland,3
preindustrial,3
nineteenth,3
source,3
lower,3
being,3
sources,3
producing,3
within,3
livelihood,3
recorded,3
king,3
surplus,3
million,3
tables,3
old,3
africans,3
even,3
jones,3
plant,3
exact,3
museum,3
absorbed,3
producers,3
comparisons,3
whereas,3
whom,3
effort,3
wales,3
almost,3
cane,3
broad,3
statistics,3
schofield,3
emancipation,3
own,3
ratios,3
normally,3
involved,3
industry,3
county,3
workforce,3
annual,3
local,3
annum,3
expansion,3
april,3
make,3
yet,3
makes,3
under,3
us,3
index,3
falls,3
complete,3
lord,3
baltimore,3
noted,3
paul,3
documents,3
indies,3
contemporary,3
men,3
hand,3
do,3
where,3
derivation,3
metropolitan,3
gives,3
sir,3
moohr,3
investment,3
spending,3
link,3
clear,3
times,3
can,3
structure,3
thirsk,3
widely,3
support,3
wilson,3
remaining,3
analysis,3
existed,3
associated,3
bean,3
following,3
equipment,3
sustained,3
down,3
half,3
domestic,3
adults,3
making,3
port,3
folios,3
reported,3
wrigley,3
beer,3
went,3
merchant,3
our,3
although,3
cooper,3
d,3
ye,3
manufacture,3
fob,3
nonsugar,3
c,3
bridgetown,3
transportation,2
common,2
estate,2
names,2
market,2
alone,2
expect,2
columns,2
policy,2
lindert,2
royal,2
necessarily,2
slaveholders,2
different,2
consistent,2
either,2
signifies,2
certainly,2
implications,2
attempts,2
restoration,2
vols,2
might,2
rapid,2
gary,2
europe,2
great,2
reasons,2
thank,2
follows,2
government,2
composition,2
kingdom,2
deane,2
state,2
shepherd,2
henry,2
raised,2
robert,2
regiment,2
somewhat,2
behind,2
similarities,2
system,2
departures,2
issue,2
forthcoming,2
money,2
account,2
prior,2
possible,2
dimity,2
purchases,2
apart,2
except,2
owners,2
cole,2
indigo,2
economies,2
review,2
deducting,2
amerindians,2
g,2
expeditions,2
consumer,2
forced,2
clay,2
individual,2
nor,2
asterisk,2
back,2
compared,2
third,2
profit,2
weight,2
focussed,2
general,2
failed,2
opposed,2
costs,2
ginger,2
indigents,2
his,2
panels,2
infestation,2
unit,2
supplement,2
assuming,2
study,2
lay,2
references,2
downward,2
category,2
biased,2
university,2
india,2
presumably,2
russell,2
mary,2
breakdowns,2
m,2
expressed,2
standards,2
gregory,2
came,2
allow,2
changed,2
barry,2
spinning,2
hispanic,2
equivalencies,2
war,2
hanson,2
seventeenthcentury,2
scale,2
fish,2
record,2
approached,2
sparse,2
because,2
received,2
leewards,2
planter,2
multiplied,2
used,2
during,2
refined,2
actually,2
winter,2
systematic,2
lange,2
wheat,2
count,2
substituting,2
staple,2
lowest,2
reliable,2
trading,2
contrast,2
owned,2
family,2
spanish,2
migration,2
highly,2
bedfordshire,2
paid,2
provided,2
rest,2
comparative,2
islands,2
nearly,2
gnp,2
denominator,2
community,2
above,2
currency,2
lbs,2
emigrants,2
sex,2
neither,2
naval,2
indian,2
largest,2
mandle,2
sketch,2
french,2
multiplying,2
business,2
stronger,2
others,2
surinam,2
towns,2
added,2
skills,2
fact,2
mintz,2
revenue,2
children,2
end,2
curtin,2
discussed,2
clemens,2
employment,2
coi,2
male,2
mill,2
valued,2
remained,2
private,2
specializing,2
exporting,2
salted,2
walton,2
labat,2
increase,2
sufficiently,2
significant,2
sold,2
assumption,2
trend,2
actual,2
recovery,2
services,2
full,2
stayed,2
oneto,2
defense,2
gate,2
like,2
provides,2
thomas,2
thornton,2
especially,2
outside,2
dollars,2
computed,2
coppie,2
excluded,2
january,2
dividing,2
quarterly,2
pottery,2
bondsmen,2
sailing,2
division,2
farm,2
european,2
parish,2
fogel,2
bodleian,2
africa,2
bulk,2
usually,2
five,2
staples,2
bound,2
claimed,2
becomes,2
strongly,2
rapidly,2
payment,2
mother,2
canada,2
rarely,2
proprietors,2
series,2
hammocks,2
known,2
revising,2
funding,2
excess,2
continental,2
country,2
shares,2
specialized,2
straightforward,2
living,2
according,2
selected,2
form,2
molasses,2
involvement,2
males,2
feb,2
unemployed,2
alice,2
leaving,2
information,2
incomes,2
upper,2
size,2
through,2
african,2
williamson,2
pound,2
world,2
nov,2
question,2
formation,2
lists,2
typically,2
states,2
derive,2
farming,2
measured,2
summary,2
supported,2
blacks,2
sectors,2
given,2
strong,2
among,2
broader,2
close,2
does,1
ending,1
now,1
produces,1
o,1
flow,1
way,1
generated,1
differentials,1
begging,1
commitment,1
ready,1
separated,1
berkeley,1
interlude,1
offset,1
e,1
jamaicans,1
poorer,1
peasantries,1
mar,1
coerce,1
center,1
bridenbaughs,1
use,1
tend,1
maize,1
formed,1
live,1
recalculated,1
continent,1
h,1
bias,1
expenditure,1
conjectures,1
mortgages,1
modern,1
former,1
acceptance,1
position,1
greate,1
presents,1
something,1
controlled,1
amongst,1
du,1
turning,1
fluctuations,1
said,1
doubtfull,1
softest,1
provision,1
permit,1
importing,1
unexpected,1
planting,1
worked,1
seems,1
company,1
rhode,1
packed,1
assess,1
broadly,1
broken,1
landholders,1
farmers,1
buyer,1
pressed,1
origin,1
borne,1
transporting,1
hundred,1
procedure,1
take,1
listing,1
fitt,1
wealthy,1
maurice,1
miles,1
reserved,1
alike,1
profitable,1
governors,1
papers,1
side,1
takes,1
preventing,1
depending,1
eastern,1
key,1
bahia,1
capacity,1
advice,1
primary,1
reynell,1
right,1
solving,1
apprenticeship,1
capable,1
marked,1
politics,1
explorations,1
move,1
rubin,1
professor,1
dutch,1
variations,1
say,1
disparities,1
far,1
resources,1
quantity,1
cited,1
reconstruction,1
financed,1
nd,1
minimum,1
measurement,1
corresponding,1
ranked,1
acres,1
joan,1
includes,1
throughout,1
phemonenon,1
captured,1
explained,1
estimating,1
development,1
since,1
against,1
realized,1
slaveand,1
ability,1
raises,1
pay,1
emigration,1
plausibility,1
speculative,1
perspective,1
depend,1
refer,1
cancel,1
smallholders,1
houses,1
wholly,1
allowing,1
egypt,1
left,1
pure,1
employers,1
find,1
helpful,1
storage,1
vincent,1
look,1
boom,1
belief,1
delivered,1
rates,1
inhabitant,1
outrelief,1
employ,1
rights,1
poor,1
philadelphia,1
town,1
blew,1
links,1
main,1
developed,1
proceedings,1
interpretation,1
sort,1
basic,1
sizable,1
uninhabited,1
subsistence,1
associate,1
connected,1
millions,1
adjustments,1
derived,1
direct,1
strange,1
contributions,1
matched,1
productive,1
factors,1
moreover,1
suffice,1
vera,1
means,1
privy,1
factoring,1
partnership,1
affect,1
plus,1
females,1
entry,1
fast,1
established,1
wharves,1
linked,1
sum,1
proposed,1
receiving,1
contemporaries,1
locusts,1
too,1
prevent,1
show,1
additional,1
egerton,1
beyond,1
hertfordshire,1
bishops,1
followed,1
disembarked,1
bookkeepers,1
sanford,1
archeological,1
growers,1
suggested,1
appear,1
plaine,1
commanded,1
reflections,1
matching,1
greater,1
arrived,1
aftermath,1
location,1
declined,1
six,1
rule,1
hands,1
typical,1
seven,1
centers,1
ocean,1
destined,1
requirements,1
carolina,1
worker,1
diet,1
attenuated,1
base,1
humanties,1
term,1
further,1
fourth,1
outset,1
boyled,1
poverty,1
institute,1
skilled,1
jacob,1
residential,1
persons,1
intensity,1
wherein,1
biases,1
purchased,1
grounds,1
ford,1
counties,1
explain,1
required,1
facilities,1
wide,1
jewish,1
drain,1
pence,1
james,1
expensive,1
directly,1
none,1
participation,1
unequal,1
accounting,1
relief,1
literature,1
abroad,1
residents,1
industrial,1
carry,1
claim,1
concept,1
unless,1
prominent,1
brought,1
crude,1
bois,1
example,1
edn,1
related,1
nation,1
comment,1
ten,1
describe,1
inferences,1
contains,1
call,1
away,1
reflect,1
craftsmen,1
ultimately,1
president,1
efined,1
genealogical,1
trends,1
wealthas,1
t,1
regions,1
porters,1
supplying,1
haber,1
buildings,1
stage,1
pedigree,1
melted,1
things,1
settlement,1
specifically,1
oct,1
ignore,1
june,1
manchester,1
petition,1
implausible,1
tended,1
philip,1
managed,1
when,1
majority,1
dependent,1
joel,1
plausible,1
computation,1
aggregate,1
reducing,1
tuden,1
jeffrey,1
periods,1
survived,1
temporarily,1
sidney,1
midpoint,1
critical,1
tasks,1
partially,1
approximate,1
proxy,1
frederick,1
fryits,1
cottage,1
lesser,1
hinge,1
eginton,1
modyford,1
upward,1
harry,1
expanded,1
nursery,1
initially,1
shipped,1
roads,1
direction,1
chap,1
relationship,1
revamping,1
forts,1
land,1
probate,1
relied,1
antiquarian,1
recognized,1
lagged,1
reference,1
doe,1
me,1
technology,1
restricted,1
clayed,1
jay,1
included,1
home,1
collectively,1
outlined,1
reliance,1
begins,1
phyllis,1
payments,1
faster,1
useful,1
volume,1
persuasive,1
domesticsand,1
fellow,1
provide,1
members,1
aggregates,1
law,1
stated,1
fell,1
again,1
ontario,1
spend,1
put,1
redress,1
addition,1
tiny,1
demographic,1
efforts,1
averages,1
longer,1
quandaryes,1
overwhelming,1
scholars,1
areas,1
clarendon,1
striking,1
foods,1
wine,1
exclusion,1
predominated,1
choice,1
kendall,1
adjusts,1
arthur,1
doubt,1
identical,1
considerable,1
charges,1
pattern,1
hinges,1
docks,1
patterns,1
conclusions,1
caterpillars,1
likelihood,1
present,1
remarkable,1
ninety,1
shown,1
armaments,1
validity,1
newport,1
coarse,1
jobs,1
forth,1
ports,1
material,1
sell,1
amounting,1
counterpart,1
imputed,1
mokyr,1
day,1
custome,1
doubled,1
another,1
grouping,1
extended,1
averaged,1
survive,1
comprise,1
explanation,1
upon,1
helps,1
formal,1
including,1
ethnology,1
medium,1
entirely,1
traded,1
antilles,1
canefarming,1
harvard,1
extraordinarily,1
net,1
evolution,1
unusuall,1
raising,1
previous,1
farmer,1
weaving,1
versions,1
low,1
significance,1
modem,1
increment,1
adding,1
authors,1
hinged,1
sensitivity,1
soldiers,1
sustain,1
spawned,1
issn,1
eve,1
blend,1
allowed,1
change,1
sugars,1
ny,1
resultant,1
summer,1
parts,1
collected,1
indisputable,1
stages,1
counted,1
standard,1
construct,1
exchange,1
class,1
jeremiah,1
migrants,1
queen,1
article,1
costless,1
leaves,1
looke,1
chapel,1
become,1
respectively,1
effect,1
trades,1
claiming,1
artisans,1
implication,1
slightly,1
begs,1
worms,1
muscovad,1
occupied,1
governor,1
quarter,1
deflator,1
consumed,1
caterpillar,1
increasing,1
codrington,1
wage,1
depressed,1
christian,1
hammacoes,1
abundance,1
perspectives,1
note,1
equals,1
independent,1
inhabitants,1
science,1
figure,1
imbalance,1
buyers,1
testing,1
rough,1
hill,1
begin,1
widespread,1
modified,1
seen,1
translation,1
merchandise,1
thirteen,1
recognize,1
smuggling,1
linking,1
life,1
methods,1
responsible,1
paquette,1
extra,1
construction,1
fall,1
arriving,1
supporting,1
types,1
itself,1
contemplating,1
face,1
premier,1
jobbing,1
stephen,1
meant,1
comes,1
conclusion,1
colonists,1
peoples,1
simply,1
extensive,1
wear,1
mucovado,1
beverage,1
precise,1
convicts,1
physical,1
carl,1
overseas,1
compensation,1
xt,1
leeward,1
focussing,1
quickly,1
know,1
natural,1
readily,1
paper,1
expenditures,1
worth,1
organized,1
setting,1
sugers,1
classed,1
returns,1
eventually,1
particularly,1
brothers,1
reliability,1
relocate,1
obviously,1
potts,1
col,1
numerator,1
richardson,1
assessment,1
february,1
carew,1
places,1
beginning,1
drop,1
barbadians,1
trangers,1
commodity,1
fuller,1
investigation,1
idem,1
coffee,1
accounts,1
billeted,1
maryland,1
maintain,1
covers,1
converting,1
passed,1
map,1
earners,1
bairoch,1
while,1
version,1
precursor,1
require,1
cloth,1
grades,1
yield,1
imperial,1
balance,1
resident,1
alcohol,1
emphasis,1
virginia,1
contain,1
fourteen,1
unreasonable,1
colleton,1
boston,1
level,1
owner,1
gisela,1
trivial,1
became,1
easy,1
tried,1
cash,1
agents,1
gang,1
measure,1
smallholder,1
commodities,1
kingston,1
possessions,1
jun,1
families,1
maintained,1
firms,1
gain,1
devoured,1
pair,1
analogy,1
named,1
buying,1
canvas,1
until,1
reveals,1
generate,1
sufficed,1
decrease,1
twentieth,1
charge,1
accept,1
wish,1
course,1
applicable,1
approximately,1
instead,1
include,1
correlated,1
need,1
smaller,1
arrivals,1
effects,1
piece,1
roberta,1
attempted,1
madison,1
association,1
increased,1
seventeenthand,1
indices,1
comparison,1
needs,1
assumed,1
ser,1
consisted,1
reached,1
pool,1
devouring,1
ownership,1
overtake,1
corn,1
ost,1
immediately,1
comparable,1
recent,1
livestock,1
observed,1
cross,1
should,1
asked,1
noe,1
inventories,1
costly,1
row,1
suger,1
