WORDCOUNTS,WEIGHT
the,502
of,279
and,221
in,184
to,132
for,95
that,82
a,82
is,76
hours,73
are,60
as,56
by,52
estimates,50
this,48
working,47
work,46
labor,45
growth,45
from,42
our,39
on,39
data,36
be,36
between,35
economic,34
industrial,34
time,34
revolution,33
i,31
we,30
crafts,29
not,28
london,27
with,27
at,26
observations,25
input,25
table,25
set,25
per,24
british,24
no,24
number,24
period,24
results,23
also,23
witnesses,23
s,21
during,21
were,21
it,20
agriculture,20
voth,20
new,20
percent,20
p,19
have,19
england,18
changes,18
leisure,18
see,18
history,17
two,17
standard,17
confidence,16
there,16
than,16
was,16
only,16
can,16
bound,16
average,16
if,15
since,15
feinstein,15
year,15
annual,15
these,15
an,15
has,15
cambridge,15
n,14
intervals,14
been,14
force,14
manufacturing,14
years,14
difference,14
may,13
method,13
day,13
use,13
used,12
errors,12
change,12
when,12
percentage,12
or,12
note,12
north,12
lower,11
very,11
estimate,11
similar,11
university,11
population,11
productivity,11
services,11
would,11
capita,11
press,11
consumption,11
increase,11
one,10
all,10
other,10
some,10
even,10
journal,10
their,10
significant,10
harley,10
employment,10
length,10
over,10
suggests,10
sources,9
those,9
wage,9
weight,9
accounts,9
upper,9
most,9
oxford,9
adjusted,9
trade,9
living,9
shift,9
much,9
rate,8
first,8
relatively,8
find,8
error,8
derived,8
witness,8
unemployment,8
however,8
markedly,8
small,8
activities,8
calculate,8
more,8
where,8
northern,8
figures,8
text,8
size,8
evidence,8
derive,8
bias,7
review,7
clark,7
output,7
english,7
view,7
result,7
earlier,7
crime,7
britain,7
overall,7
which,7
alternative,7
combined,7
given,7
assumptions,7
smaller,7
der,6
large,6
worked,6
differences,6
changed,6
century,6
rates,6
van,6
weighted,6
based,6
census,6
cannot,6
example,6
both,6
suggest,6
werf,6
progress,6
f,6
annum,6
edited,6
pp,6
longer,6
income,6
then,6
males,6
increased,6
way,5
h,5
pessimism,5
into,5
before,5
implications,5
real,5
second,5
such,5
bailey,5
cases,5
old,5
compared,5
probability,5
proportion,5
wages,5
days,5
argued,5
additional,5
standards,5
found,5
percentages,5
sectoral,5
further,5
persons,5
because,5
well,5
basis,5
whole,5
long,5
assize,5
decline,5
periods,5
nonetheless,5
upward,5
under,5
starting,5
larger,5
sleep,5
substantially,5
do,5
less,5
largely,5
revised,5
wl,5
implied,5
each,5
capital,5
calculations,5
wrigley,5
charles,5
views,5
tfp,5
now,4
estimated,4
later,4
college,4
they,4
zero,4
sets,4
total,4
nineteenth,4
gap,4
might,4
reasons,4
composition,4
case,4
recorded,4
mealtimes,4
vol,4
x,4
bootstrapping,4
includes,4
due,4
sample,4
six,4
using,4
distribution,4
higher,4
york,4
adds,4
how,4
after,4
se,4
certain,4
factors,4
statistical,4
problems,4
depositions,4
m,4
had,4
out,4
economics,4
recently,4
biases,4
r,4
women,4
part,4
regional,4
employed,4
approach,4
either,4
statistically,4
level,4
order,4
family,4
st,4
rest,4
will,4
reduce,4
adjusting,4
but,4
lee,4
europe,4
reporting,4
averages,4
simple,4
present,4
increases,4
gives,4
male,4
efron,4
low,4
workers,4
high,4
thomas,4
probably,4
guess,4
industrialization,4
increasing,4
marginally,4
fewer,4
share,4
did,4
half,4
mccloskey,4
whether,4
information,4
presented,4
national,4
need,4
c,4
observed,4
does,3
juster,3
determine,3
introduction,3
comparability,3
true,3
conjectures,3
harvests,3
assume,3
source,3
stafford,3
production,3
usher,3
procedure,3
date,3
particular,3
money,3
account,3
measurement,3
thus,3
seventy,3
vries,3
response,3
compare,3
y,3
levels,3
eight,3
grew,3
clearly,3
guesses,3
tibshirani,3
could,3
applied,3
industrious,3
participation,3
gains,3
its,3
statistics,3
et,3
prices,3
good,3
correct,3
wi,3
value,3
therefore,3
likely,3
limited,3
still,3
direction,3
selection,3
structural,3
about,3
same,3
al,3
robust,3
unusually,3
sector,3
reweighting,3
fact,3
areas,3
educated,3
john,3
pattern,3
patterns,3
conclusions,3
hand,3
degree,3
matthews,3
empirical,3
robinson,3
factor,3
ibid,3
full,3
significance,3
authors,3
so,3
random,3
article,3
saw,3
figure,3
temin,3
strongly,3
often,3
wars,3
magnitude,3
any,3
constant,3
napoleonic,3
different,3
sampling,3
observe,3
reliability,3
goods,3
averagea,3
what,3
methodological,3
asymptotic,3
thirty,3
agricultural,3
interval,3
require,3
early,3
almost,3
contain,3
giving,3
definitions,3
shorter,3
discrepancy,3
donald,3
course,3
offer,3
uncertainty,3
substantial,3
strong,3
affected,2
extends,2
tend,2
earnings,2
position,2
presents,2
occurred,2
fragile,2
revision,2
leads,2
being,2
disaggregated,2
t,2
questions,2
rapid,2
definition,2
daily,2
incident,2
robert,2
classified,2
somewhat,2
cuenca,2
papers,2
side,2
east,2
weddings,2
residual,2
uneven,2
possible,2
implies,2
activity,2
obvious,2
taking,2
supply,2
say,2
enter,2
hudson,2
monday,2
human,2
throughout,2
estimating,2
development,2
calculated,2
de,2
knick,2
exercise,2
pessimistic,2
adjustment,2
tanis,2
refer,2
subjects,2
dates,2
assi,2
third,2
twice,2
witnessed,2
adjust,2
once,2
purchasing,2
rehabilitating,2
poor,2
pompeu,2
sessions,2
elasticity,2
associate,2
balanced,2
durationbased,2
fabra,2
reason,2
downward,2
affect,2
ensure,2
revising,2
established,2
slowly,2
workplace,2
edition,2
impact,2
circuit,2
leverhulme,2
textile,2
schwarz,2
comparisons,2
important,2
suggested,2
appear,2
whereas,2
gregory,2
my,2
effort,2
seven,2
criticisms,2
interpretations,2
representative,2
equally,2
equal,2
appears,2
record,2
counties,2
numerous,2
acceleration,2
public,2
hopkins,2
ht,2
hogg,2
directly,2
allocation,2
accounting,2
line,2
literature,2
reid,2
reduction,2
calculating,2
records,2
showing,2
week,2
own,2
bootstrap,2
caused,2
sharper,2
useful,2
lowest,2
berg,2
wider,2
dramatic,2
research,2
finishing,2
paid,2
joel,2
reducing,2
midpoint,2
tranter,2
distorted,2
short,2
female,2
prove,2
slower,2
make,2
xl,2
positive,2
robin,2
frank,2
esteban,2
makes,2
restricted,2
us,2
index,2
falls,2
largest,2
department,2
power,2
added,2
many,2
shows,2
occupations,2
totals,2
identical,2
antras,2
likelihood,2
validity,2
horrell,2
orthodoxy,2
focusing,2
shifts,2
mokyr,2
remained,2
range,2
previously,2
simulating,2
expand,2
findings,2
assumption,2
wt,2
trend,2
engaged,2
stopping,2
described,2
peter,2
spread,2
collected,2
reconstitutions,2
comparing,2
methods,2
disaggregation,2
become,2
pro,2
examine,2
excluded,2
spain,2
relative,2
ranging,2
equals,2
fairly,2
slow,2
who,2
universitat,2
covering,2
floud,2
unusual,2
problematic,2
valuing,2
series,2
must,2
plea,2
pt,2
country,2
paper,2
believe,2
king,2
straightforward,2
appendix,2
barcelona,2
historical,2
past,2
bands,2
rodrick,2
according,2
unlikely,2
economy,2
ones,2
rising,2
seasonal,2
inputs,2
theory,2
problem,2
extent,2
while,2
weights,2
institute,2
minimal,2
middle,2
kew,2
peace,2
through,2
despite,2
unaffected,2
conventional,2
souls,2
world,2
ho,2
jan,2
uk,2
formation,2
until,2
conditions,2
finally,2
instead,2
include,2
morning,2
potential,2
assumed,2
sectors,2
exploitation,2
little,2
recent,2
should,2
difficult,1
thenorthern,1
ending,1
occulted,1
rothschild,1
child,1
anthony,1
generated,1
tion,1
generous,1
prize,1
truth,1
jane,1
cascading,1
e,1
measures,1
alone,1
considerably,1
notably,1
manuscript,1
expect,1
minutes,1
becoming,1
needed,1
prediction,1
speculated,1
factories,1
unsatisfactory,1
birmingham,1
formed,1
recalculated,1
approaches,1
easily,1
studies,1
favor,1
western,1
driven,1
something,1
arguing,1
emits,1
negative,1
fluctuations,1
consistent,1
permit,1
hence,1
normality,1
every,1
interested,1
give,1
attempts,1
slumps,1
concentrated,1
reassuringly,1
referees,1
anu,1
nature,1
experiments,1
asia,1
containing,1
likeliest,1
impute,1
available,1
broadly,1
correspondingly,1
great,1
origin,1
revisions,1
closer,1
survey,1
take,1
help,1
introduces,1
petty,1
last,1
intuitive,1
holidays,1
raised,1
reserved,1
principal,1
checked,1
corfield,1
seminar,1
ad,1
nonwork,1
depending,1
adrian,1
linear,1
roy,1
asleep,1
historians,1
albeit,1
u,1
draw,1
hall,1
porter,1
replacement,1
welcome,1
greg,1
entrepreneurs,1
slight,1
functions,1
ings,1
richard,1
professor,1
west,1
combination,1
except,1
combine,1
cited,1
cumberland,1
desirable,1
apply,1
minimum,1
formula,1
behavior,1
controlled,1
usage,1
exist,1
central,1
err,1
therein,1
difficulties,1
roger,1
pursue,1
against,1
tables,1
september,1
assumes,1
workyear,1
unpublished,1
scarce,1
fora,1
moment,1
price,1
nick,1
emerges,1
insofar,1
mild,1
expected,1
courtroom,1
advances,1
turn,1
northem,1
rank,1
probabilities,1
nor,1
items,1
underlying,1
uniformly,1
contrary,1
lse,1
columbia,1
ik,1
minus,1
unchanged,1
rounding,1
stagnation,1
occasion,1
handful,1
larceny,1
influence,1
industries,1
rights,1
workplaces,1
simultaneously,1
expansions,1
alleged,1
reflects,1
without,1
rather,1
l,1
performance,1
essence,1
edward,1
longest,1
derbyshire,1
avner,1
mean,1
heard,1
ns,1
importance,1
leave,1
adjustments,1
parts,1
contributions,1
study,1
gratefully,1
enabled,1
uncertainties,1
arbor,1
augmented,1
moreover,1
support,1
modified,1
category,1
javier,1
bad,1
undersampling,1
representativeness,1
possibly,1
director,1
just,1
dominate,1
quoted,1
unproblematic,1
upwards,1
fare,1
periodically,1
age,1
converting,1
show,1
experienced,1
exploited,1
follow,1
imprecise,1
hourly,1
decades,1
uses,1
lead,1
restricting,1
introduce,1
allow,1
bearing,1
declined,1
elasticities,1
downstream,1
industrializing,1
rule,1
entering,1
behavioral,1
deal,1
austin,1
vigorous,1
approximation,1
initial,1
attained,1
base,1
celebrated,1
respects,1
big,1
fourth,1
ann,1
occupation,1
though,1
durham,1
let,1
war,1
michigan,1
reinforce,1
appearing,1
dan,1
confirmation,1
xn,1
absolute,1
conmpletely,1
wide,1
contrivances,1
possibility,1
scribe,1
wla,1
elliott,1
trial,1
perpetuated,1
inferred,1
douglas,1
scope,1
received,1
carry,1
unless,1
wtht,1
norm,1
aged,1
revealed,1
loss,1
gave,1
kindly,1
place,1
reduces,1
contains,1
people,1
actually,1
falling,1
earn,1
thereafter,1
device,1
documented,1
ainual,1
illustrative,1
canberra,1
resort,1
savings,1
indexed,1
regions,1
least,1
restatement,1
slowdown,1
indicator,1
reinforces,1
stage,1
reliable,1
fluctuates,1
compensating,1
contrast,1
emphasizes,1
phrase,1
quite,1
several,1
reweighted,1
sufficient,1
separately,1
few,1
highly,1
emplojment,1
essentially,1
impossible,1
philip,1
westmoreland,1
always,1
visible,1
up,1
postan,1
rowman,1
plausible,1
unduly,1
appropriate,1
provided,1
aggregate,1
massive,1
geographical,1
experimented,1
stratify,1
tea,1
he,1
proxy,1
demand,1
clive,1
offsetting,1
matter,1
macaulay,1
interpolation,1
play,1
trials,1
tide,1
acknowledged,1
exception,1
etc,1
converted,1
violates,1
expanded,1
signiflcantly,1
standing,1
movement,1
southern,1
evenly,1
criticism,1
interpretation,1
opportunities,1
rules,1
thought,1
fifth,1
exposure,1
challenged,1
neither,1
demographic,1
sociological,1
included,1
pennv,1
performed,1
sharply,1
niot,1
popularized,1
accelerated,1
confirms,1
reports,1
lunch,1
noted,1
rise,1
avoided,1
independent,1
social,1
inference,1
tries,1
technique,1
stronger,1
stated,1
mark,1
again,1
others,1
addition,1
financial,1
smith,1
lack,1
breakfast,1
underestimated,1
advantage,1
compound,1
children,1
downwards,1
end,1
contemporary,1
distributions,1
considerable,1
felonies,1
audiences,1
transit,1
men,1
enough,1
took,1
allanheld,1
centre,1
covered,1
derivation,1
ch,1
contracted,1
verbatim,1
weekdays,1
answer,1
necessary,1
material,1
fromhighest,1
books,1
routledge,1
going,1
borne,1
siiice,1
analyzed,1
understanding,1
discussion,1
northumberland,1
lost,1
easier,1
made,1
eighteenth,1
values,1
limitations,1
retains,1
detailed,1
pessimists,1
affects,1
engaging,1
diaries,1
bed,1
yorkshire,1
net,1
workloads,1
weighting,1
actual,1
hoc,1
discontinuity,1
hour,1
pagan,1
infonnation,1
improvements,1
advantages,1
theoretical,1
open,1
explorations,1
clear,1
equates,1
three,1
modem,1
adding,1
b,1
points,1
dominated,1
formulas,1
issn,1
individual,1
like,1
geographically,1
function,1
brewer,1
serves,1
variance,1
counted,1
lag,1
interacted,1
improved,1
construct,1
ture,1
favored,1
valued,1
laborinput,1
k,1
sensible,1
references,1
overcome,1
effect,1
james,1
analyze,1
slightly,1
macmillan,1
subtracting,1
tlhis,1
versus,1
modifications,1
la,1
widely,1
decision,1
consumed,1
european,1
yields,1
assigned,1
imply,1
tentative,1
hurnphries,1
ridings,1
unclassified,1
disaggregating,1
obscuring,1
pieces,1
rough,1
reasonable,1
randomly,1
widespread,1
dec,1
referred,1
beep,1
excluding,1
overlap,1
contribution,1
remaining,1
indicate,1
distort,1
ysbrand,1
workdays,1
responsible,1
sharp,1
efficiency,1
extra,1
analysis,1
fall,1
influencing,1
regularly,1
cam,1
considered,1
sara,1
suggestions,1
contained,1
emma,1
mathias,1
singular,1
practice,1
simply,1
economically,1
reinforced,1
dubious,1
consensus,1
calendars,1
here,1
tony,1
equation,1
cover,1
know,1
ni,1
enters,1
mutually,1
unadjusted,1
chapman,1
shares,1
worth,1
expanding,1
unambiguously,1
best,1
colorful,1
argue,1
current,1
regard,1
scenario,1
humphries,1
foundation,1
particularly,1
unevenness,1
far,1
rxy,1
examining,1
differed,1
schofield,1
replication,1
proposed,1
outlier,1
ideally,1
better,1
person,1
stagnated,1
discuss,1
pooled,1
terms,1
selected,1
varying,1
proven,1
firmly,1
tightly,1
yt,1
produce,1
emphasis,1
bounds,1
urban,1
bob,1
neglected,1
oath,1
radically,1
researchers,1
circumstances,1
ruled,1
thereby,1
reported,1
city,1
justices,1
ac,1
tried,1
transition,1
obtain,1
bradley,1
exceptionally,1
pol,1
diverged,1
coming,1
named,1
eric,1
moderate,1
models,1
electronic,1
generate,1
similarity,1
finding,1
decrease,1
modern,1
contributed,1
magnitudes,1
d,1
effects,1
area,1
participationa,1
maxine,1
remains,1
association,1
ranged,1
underlined,1
anonymous,1
offered,1
observation,1
compounded,1
doubling,1
debate,1
maximum,1
exclusively,1
pat,1
fellowship,1
focus,1
resampling,1
among,1
comparable,1
percentile,1
compounding,1
broader,1
asked,1
household,1
major,1
evidently,1
