WORDCOUNTS,WEIGHT
the,123
of,98
and,68
in,52
to,40
black,35
a,25
on,21
migration,20
for,20
this,19
that,16
housing,14
from,14
by,14
percent,14
no,13
white,13
with,13
cities,12
i,12
university,11
urban,11
city,10
labor,10
their,9
southern,9
areas,9
census,9
prices,9
between,9
journal,9
south,8
economic,8
suburbanization,8
american,8
economics,8
population,8
were,8
have,8
an,8
margo,7
dissertation,7
political,7
racial,7
local,7
data,7
migrants,7
northern,7
suburban,6
is,6
not,6
changes,6
these,6
school,6
are,6
new,6
metropolitan,6
press,6
change,6
workers,6
effect,6
also,6
may,5
relationship,5
market,5
summaries,5
was,5
but,5
explaining,5
over,5
suburbs,5
residents,5
flight,5
states,5
blacks,5
state,5
higher,4
york,4
center,4
united,4
skill,4
j,4
my,4
gpo,4
living,4
wage,4
see,4
public,4
cambridge,4
whites,4
role,4
central,4
washington,4
left,4
as,4
be,4
postwar,4
north,4
at,3
desegregation,3
reduced,3
flow,3
convergence,3
been,3
angeles,3
who,3
neighborhood,3
county,3
jurisdictions,3
education,3
policy,3
into,3
impact,3
highways,3
first,3
only,3
similarly,3
dc,3
each,3
riots,3
had,3
causality,3
s,3
other,3
inequality,3
did,3
borders,3
grossman,3
john,3
william,3
robert,3
poverty,3
economy,3
making,3
agricultural,3
books,3
because,3
chapter,3
government,3
some,3
los,3
supply,3
example,3
which,3
relocation,3
substitutes,3
riot,3
illinois,3
neighbors,3
price,3
would,3
schools,3
area,3
better,3
land,3
chicago,3
border,3
quarterly,3
space,2
units,2
along,2
demand,2
way,2
george,2
card,2
dilemma,2
if,2
within,2
groups,2
located,2
various,2
logan,2
gottlieb,2
boustan,2
lawrence,2
persistent,2
they,2
donohue,2
group,2
large,2
elementary,2
positive,2
structural,2
civil,2
rate,2
factors,2
frey,2
immigrant,2
wages,2
municipal,2
fligstein,2
index,2
demographic,2
history,2
share,2
any,2
associated,2
following,2
choices,2
edu,2
princeton,2
sugrue,2
already,2
milwaukee,2
department,2
file,2
glaeser,2
compression,2
rise,2
origins,2
negro,2
stephen,2
social,2
long,2
more,2
shifted,2
maloney,2
trotter,2
taken,2
address,2
native,2
growth,2
fact,2
aftermath,2
migrant,2
location,2
could,2
heim,2
great,2
documents,2
episodic,2
p,2
time,2
out,2
thurston,2
diverse,2
composition,2
while,2
historical,2
pattern,2
m,2
patterns,2
do,2
vigdor,2
myrdal,2
war,2
skilled,2
existing,2
settled,2
income,2
rising,2
particular,2
however,2
heckman,2
inflows,2
downtown,2
wright,2
borjas,2
going,2
property,2
incomes,2
e,2
r,2
literature,2
collins,2
birth,2
move,2
values,2
average,2
including,2
increase,2
correlation,2
plans,2
platt,2
use,2
yezer,2
during,2
manufacturing,2
harvard,2
review,2
california,2
immediate,2
quality,2
own,2
urbana,2
david,2
include,2
although,2
period,2
so,2
meyer,2
features,2
industrial,2
households,2
after,2
estimates,2
lifecourse,2
settlement,2
cutler,2
thomas,2
old,2
termed,2
jurisdiction,2
internal,2
members,2
study,2
channels,2
decline,2
continuous,2
brown,2
compare,2
james,2
up,2
censuses,2
versus,2
value,2
should,2
evidence,2
immigration,2
race,2
perfect,1
increasing,1
newer,1
variation,1
enough,1
pay,1
rights,1
poor,1
oflabor,1
hoxby,1
second,1
town,1
matter,1
costs,1
integration,1
identification,1
stock,1
fell,1
valuation,1
his,1
avoiding,1
anthony,1
partition,1
impacts,1
mattered,1
l,1
action,1
democracy,1
generous,1
across,1
pittsburgh,1
program,1
limited,1
basic,1
posits,1
affected,1
cells,1
reexamining,1
bunche,1
notion,1
implies,1
mean,1
sensitive,1
zoning,1
represented,1
whatever,1
above,1
starts,1
gregg,1
vol,1
crossing,1
nj,1
contribution,1
remaining,1
importance,1
b,1
shocks,1
ongoing,1
partially,1
class,1
studies,1
nuance,1
leaves,1
mobility,1
single,1
construction,1
identify,1
hope,1
ma,1
consequences,1
collect,1
crisis,1
edited,1
gallman,1
motivation,1
lots,1
h,1
support,1
assigns,1
violence,1
katz,1
references,1
itself,1
send,1
wake,1
downward,1
escape,1
presciently,1
inducing,1
case,1
alongside,1
neil,1
flows,1
earnings,1
under,1
quantify,1
door,1
consider,1
sex,1
fixed,1
distaste,1
perceived,1
or,1
necessarily,1
assistant,1
severity,1
intensive,1
sociological,1
occurred,1
magnitude,1
home,1
taubman,1
then,1
seeking,1
stable,1
edition,1
remedy,1
same,1
series,1
sloping,1
demographics,1
goldin,1
source,1
al,1
differs,1
version,1
changing,1
du,1
w,1
respective,1
predictions,1
experience,1
joe,1
begins,1
lower,1
detect,1
consistent,1
highlighted,1
htm,1
governments,1
based,1
consortium,1
gap,1
either,1
www,1
faster,1
followed,1
inc,1
imply,1
sources,1
routes,1
three,1
caroline,1
whom,1
bussing,1
science,1
majority,1
outflows,1
begin,1
willing,1
command,1
book,1
challenge,1
microdata,1
ii,1
power,1
fund,1
important,1
detroit,1
engerman,1
concentrated,1
decades,1
attractive,1
view,1
arrival,1
methodology,1
proof,1
matching,1
experienced,1
financial,1
whereas,1
generously,1
pantheon,1
parental,1
discontinuity,1
paper,1
shares,1
dissertations,1
leah,1
ditions,1
premise,1
ghetto,1
available,1
nber,1
twenty,1
carter,1
et,1
minnesota,1
method,1
desire,1
color,1
differences,1
timing,1
carol,1
foundation,1
train,1
children,1
lived,1
together,1
isolate,1
far,1
procedure,1
interstate,1
room,1
number,1
edward,1
tracts,1
imperfect,1
damage,1
rural,1
markets,1
assessing,1
evaluate,1
late,1
outside,1
growing,1
regression,1
employment,1
those,1
neighboring,1
regulations,1
proletariat,1
according,1
hall,1
assignments,1
neighborhoods,1
block,1
declines,1
segregated,1
lboustan,1
workforce,1
receives,1
appears,1
compromising,1
residential,1
jobs,1
professors,1
triggered,1
system,1
departures,1
plants,1
cause,1
side,1
males,1
decade,1
minneapolis,1
forthcoming,1
counties,1
explain,1
problem,1
distance,1
pulled,1
mn,1
counterpart,1
near,1
reflected,1
particularly,1
chair,1
world,1
mandated,1
discuss,1
bolsters,1
abruptly,1
require,1
multidisciplinary,1
degree,1
remained,1
larger,1
underlie,1
computer,1
taxes,1
design,1
homogeneity,1
account,1
when,1
don,1
suggests,1
possible,1
accounting,1
line,1
balance,1
activity,1
conleah,1
dimensions,1
size,1
divided,1
work,1
middle,1
inferred,1
ruggles,1
examples,1
both,1
benefited,1
completed,1
vote,1
helps,1
community,1
four,1
since,1
advancement,1
supervision,1
x,1
discusses,1
competing,1
goods,1
revolutions,1
predominately,1
econ,1
due,1
centrally,1
its,1
turns,1
exploits,1
ring,1
findings,1
elections,1
whole,1
southerners,1
events,1
schoolsegregation,1
consistently,1
database,1
assumption,1
tied,1
evaluating,1
ofdoctoral,1
racially,1
exploit,1
gravity,1
falling,1
segregation,1
underscored,1
predicts,1
statistics,1
conflict,1
million,1
our,1
rowman,1
sensitivity,1
bureau,1
reservoir,1
surrounding,1
regional,1
influx,1
bid,1
reverse,1
project,1
subsequent,1
negative,1
years,1
littlefield,1
inner,1
status,1
municipalities,1
professor,1
observed,1
faced,1
opportunities,1
strongest,1
ucla,1
attributed,1
t,1
national,1
grant,1
peter,1
causal,1
homeowners,1
gunnar,1
relations,1
instead,1
inmigration,1
arise,1
integrated,1
correlated,1
consolidated,1
shared,1
jr,1
n,1
electorate,1
suggest,1
diversity,1
curve,1
played,1
arrivals,1
attributes,1
next,1
forced,1
contrast,1
emphasizes,1
association,1
shift,1
increased,1
family,1
channeled,1
underlying,1
promotion,1
academic,1
autonomy,1
communities,1
specific,1
highly,1
enacted,1
response,1
assumed,1
http,1
rovensky,1
mi,1
civic,1
newcomers,1
research,1
themselves,1
massachusetts,1
compared,1
ann,1
boundaries,1
third,1
jacob,1
cheaper,1
can,1
networks,1
all,1
sharing,1
structure,1
annual,1
nathaniel,1
explore,1
substantial,1
drawn,1
working,1
even,1
attracted,1
focus,1
using,1
strong,1
bois,1
among,1
production,1
than,1
recent,1
relative,1
modern,1
pairs,1
building,1
gavin,1
sandra,1
arbor,1
attendance,1
ca,1
acknowledge,1
equal,1
close,1
claudia,1
lastly,1
division,1
applies,1
avoid,1
content,1
separate,1
continuously,1
empirical,1
hypothesis,1
