WORDCOUNTS,WEIGHT
the,496
of,303
in,269
and,253
to,163
a,141
for,98
by,98
coins,96
that,93
is,92
debasement,89
minting,75
debasements,68
we,68
silver,67
money,58
mint,57
as,52
was,51
were,51
gold,48
are,44
france,44
seigniorage,40
not,40
or,37
it,36
this,36
with,36
from,35
at,34
new,34
de,33
revenues,33
years,33
during,32
circulation,31
have,31
which,31
percent,31
following,30
on,30
an,29
volumes,29
coin,27
monetary,26
large,25
paris,25
medieval,24
price,24
england,23
old,23
than,23
no,23
history,22
total,22
there,22
weight,22
tale,22
period,22
explanation,21
evidence,21
they,20
prices,20
their,19
all,18
university,18
reinforcement,18
value,18
periods,18
be,18
metal,17
data,17
occurred,16
other,16
vol,16
output,16
circulated,16
bullion,16
currency,16
coinage,16
mints,16
between,16
if,15
also,15
rate,14
one,14
such,14
sovereign,14
puzzle,14
but,14
table,14
press,14
account,13
per,13
miskimin,13
rates,13
after,13
could,13
p,13
only,13
would,13
rolnick,12
great,12
normal,12
some,12
most,12
its,12
more,12
see,12
weber,12
capita,12
velde,12
increased,12
into,11
different,11
legal,11
content,11
pp,11
these,11
existing,11
less,11
another,11
use,11
can,11
appendix,11
cambridge,11
nondebasement,11
c,11
e,10
even,10
gross,10
recueil,10
power,10
saulcy,10
months,10
ratio,10
des,10
fineness,9
sources,9
s,9
real,9
facts,9
show,9
brought,9
same,9
debtors,9
fact,9
number,9
la,9
then,9
tender,9
our,9
did,9
commodity,9
strong,9
market,8
challis,8
royal,8
source,8
circulate,8
histoire,8
l,8
population,8
year,8
economic,8
j,8
volume,8
increase,8
low,8
intrinsic,8
when,8
any,8
both,8
although,8
d,8
comparison,8
much,8
does,7
du,7
minted,7
those,7
side,7
very,7
since,7
century,7
stock,7
however,7
toulouse,7
because,7
change,7
several,7
units,7
edited,7
two,7
challenge,7
shows,7
ages,7
model,7
values,7
clear,7
exchange,7
provide,7
middle,7
comptes,7
before,6
debased,6
available,6
thus,6
gros,6
g,6
joumal,6
amount,6
economique,6
his,6
bring,6
mean,6
les,6
had,6
called,6
bordo,6
people,6
grams,6
always,6
oxford,6
creditors,6
unusually,6
europe,6
do,6
minneapolis,6
average,6
assumption,6
authors,6
so,6
valued,6
note,6
usually,6
been,6
why,6
share,6
given,6
livres,6
until,6
federal,5
first,5
official,5
debt,5
ltv,5
has,5
activity,5
supply,5
cases,5
adjustment,5
wages,5
weak,5
based,5
explain,5
reserve,5
whole,5
used,5
et,5
concurrent,5
ratios,5
le,5
small,5
amounted,5
annual,5
incentive,5
will,5
he,5
reduce,5
tax,5
light,5
french,5
missing,5
larger,5
john,5
empirical,5
landry,5
times,5
tournai,5
features,5
me,5
figure,5
five,5
voluntarily,5
countries,5
known,5
receipts,5
par,5
type,5
montauban,5
accounts,5
redish,5
sussman,5
shown,5
fawtier,5
occur,5
english,4
each,4
specified,4
taken,4
seems,4
i,4
monnaies,4
within,4
reminting,4
reject,4
adolphe,4
estimates,4
montpellier,4
troyes,4
compared,4
mayhew,4
higher,4
munro,4
opportunity,4
b,4
additional,4
followed,4
holdings,4
out,4
equivalents,4
pure,4
hopkins,4
kg,4
r,4
ten,4
weeks,4
least,4
glassman,4
contrast,4
bank,4
st,4
spufford,4
second,4
matter,4
reinforcements,4
about,4
complete,4
essai,4
rather,4
kilograms,4
law,4
time,4
enough,4
present,4
establish,4
sluggish,4
thousands,4
made,4
theoretical,4
christopher,4
relative,4
who,4
centuries,4
instances,4
face,4
heavy,4
simply,4
regime,4
charles,4
text,4
over,4
current,4
explanations,4
nominal,4
terms,4
theory,4
gain,4
think,4
come,4
argument,4
fourteenth,4
define,4
mutations,4
among,4
depreciation,4
later,3
indicated,3
presses,3
unsatisfactory,3
ecu,3
flows,3
long,3
preceding,3
fifteenth,3
might,3
nature,3
altering,3
marchands,3
henry,3
british,3
mutation,3
possible,3
logical,3
except,3
laws,3
review,3
merchants,3
tables,3
pay,3
universitaires,3
counter,3
recoinage,3
imprimerie,3
six,3
estimate,3
find,3
profit,3
manuel,3
finances,3
may,3
costs,3
how,3
established,3
numbers,3
four,3
organisation,3
solve,3
instantaneously,3
result,3
found,3
seven,3
economics,3
transactions,3
russell,3
documented,3
sterling,3
oresme,3
few,3
philip,3
gould,3
finds,3
rest,3
therefore,3
reduced,3
sargent,3
converted,3
still,3
once,3
represents,3
under,3
others,3
smith,3
revenue,3
end,3
convert,3
fixed,3
riley,3
practice,3
mccusker,3
day,3
range,3
cremieu,3
blanchet,3
previously,3
convenience,3
assume,3
three,3
accounted,3
amounts,3
like,3
general,3
computed,3
avenel,3
probably,3
contracts,3
equivalent,3
lot,3
sometimes,3
institutions,3
contained,3
series,3
nationale,3
set,3
dupaquier,3
monthly,3
far,3
renegotiate,3
particular,3
suggests,3
emphasis,3
through,3
bourgeois,3
agents,3
went,3
obtain,3
billon,3
difference,3
sur,3
indices,3
modeling,3
forestie,3
mp,3
early,3
immediately,3
should,3
accountants,3
nicholas,2
frequent,2
now,2
picard,2
done,2
fraction,2
poitiers,2
edouard,2
represent,2
episodes,2
ferdinand,2
measures,2
considerably,2
introduction,2
manuscript,2
serres,2
kinds,2
philippe,2
h,2
modern,2
policy,2
track,2
wolff,2
proclamation,2
moneta,2
either,2
replaces,2
together,2
accompanied,2
follows,2
government,2
take,2
m,2
state,2
raised,2
robert,2
political,2
context,2
decree,2
system,2
issue,2
king,2
constraint,2
iv,2
changed,2
blancs,2
rois,2
kgs,2
holder,2
treatise,2
central,2
million,2
explained,2
september,2
kind,2
pocquet,2
nor,2
concerning,2
back,2
subjects,2
unchanged,2
twice,2
georges,2
tenants,2
journal,2
dramatic,2
adjust,2
purchasing,2
incentives,2
etudes,2
ways,2
adds,2
weighted,2
unit,2
dietz,2
process,2
similar,2
variant,2
direct,2
marquette,2
precious,2
fn,2
means,2
recherches,2
changes,2
consider,2
govemment,2
compte,2
warren,2
proposed,2
bruce,2
moyen,2
leases,2
commonly,2
indications,2
requires,2
queue,2
weighed,2
stands,2
whereas,2
salaire,2
allow,2
withheld,2
debasing,2
abbey,2
fourquin,2
late,2
war,2
indirect,2
appears,2
recently,2
produced,2
cannot,2
scale,2
otherwise,2
public,2
taxes,2
line,2
romans,2
mn,2
received,2
characterization,2
london,2
example,2
italy,2
millions,2
constitute,2
denominated,2
runs,2
dijon,2
attributed,2
count,2
gresham,2
siecle,2
sense,2
hard,2
negligible,2
theoretically,2
things,2
debts,2
next,2
sharp,2
quite,2
arbitrage,2
around,2
characteristics,2
paid,2
production,2
notes,2
newly,2
normalized,2
avoid,2
champion,2
business,2
rey,2
indeed,2
sous,2
carats,2
brief,2
july,2
harry,2
single,2
percentage,2
yet,2
campagnes,2
evil,2
us,2
cipolla,2
index,2
salient,2
adjusted,2
lord,2
sales,2
largest,2
williams,2
regional,2
alteration,2
diary,2
movements,2
book,2
mark,2
similarly,2
many,2
lighter,2
rents,2
clarendon,2
documents,2
striking,2
viii,2
escut,2
arthur,2
contemporary,2
aur,2
puzzling,2
never,2
increases,2
decried,2
en,2
michael,2
hamilton,2
vuitry,2
cleric,2
nicole,2
remained,2
grounds,2
analyzed,2
private,2
examples,2
flaw,2
medium,2
significant,2
factor,2
individuals,2
previous,2
underwent,2
explorations,2
essay,2
peter,2
receipt,2
high,2
collected,2
distinction,2
ended,2
lag,2
thomas,2
annually,2
internal,2
article,2
leaves,2
hastings,2
thirteenth,2
haven,2
separate,2
suggest,2
monnoie,2
dominates,2
johns,2
stocks,2
fewer,2
xive,2
lost,2
progressively,2
yale,2
rouen,2
fall,2
itself,2
jenkinson,2
conclusion,2
borrelli,2
monasteries,2
steel,2
numismatic,2
here,2
ave,2
control,2
country,2
shares,2
worth,2
half,2
groats,2
concurrently,2
brothers,2
baulant,2
brassage,2
reflected,2
beginning,2
economy,2
them,2
stability,2
selected,2
ones,2
add,2
angela,2
extent,2
while,2
information,2
almost,2
substantial,2
lafaurie,2
burden,2
level,2
altered,2
conclude,2
altogether,2
became,2
domaine,2
pound,2
au,2
prepared,2
models,2
charge,2
accept,2
course,2
states,2
defined,2
vi,2
florence,1
vys,1
ounces,1
final,1
archives,1
produces,1
anthony,1
prix,1
goldsmiths,1
deepen,1
librairie,1
college,1
fiat,1
announced,1
denomination,1
eliminated,1
appear,1
sorbonne,1
expect,1
contemporaneous,1
prediction,1
letter,1
systematically,1
instructions,1
essays,1
word,1
zero,1
carpenter,1
lajhen,1
true,1
econjhu,1
inconsistent,1
easily,1
studies,1
divers,1
satisfied,1
reasonably,1
achat,1
obligations,1
cycles,1
necessarily,1
pose,1
silverware,1
holding,1
erasme,1
edu,1
revision,1
leads,1
metallic,1
lower,1
being,1
notre,1
consistent,1
way,1
leon,1
every,1
parliamentary,1
sousparisis,1
distinguishing,1
likewise,1
give,1
estate,1
royaume,1
vols,1
address,1
rush,1
possesses,1
tolerated,1
words,1
frangois,1
dramatically,1
resemblance,1
hoffman,1
comparatively,1
monies,1
explores,1
advantage,1
tours,1
debra,1
reasons,1
thank,1
compounds,1
richards,1
potentially,1
miskimiin,1
sovereigns,1
hundred,1
reveal,1
labeled,1
hands,1
help,1
maurice,1
feature,1
petty,1
last,1
date,1
greatly,1
reserved,1
profitable,1
stopped,1
seminar,1
weighing,1
case,1
proceed,1
existence,1
lest,1
coining,1
recorded,1
pourcain,1
assertions,1
saying,1
discuss,1
right,1
march,1
solving,1
design,1
quantities,1
prior,1
marc,1
implies,1
delivers,1
enforcement,1
innocuous,1
condition,1
entrepreneurs,1
paucity,1
sale,1
guy,1
purchases,1
fine,1
emile,1
whatever,1
occurring,1
likely,1
doubles,1
flatly,1
sent,1
household,1
batiment,1
tous,1
scandal,1
negotiation,1
formula,1
plenty,1
melting,1
engage,1
wallace,1
collection,1
reyerson,1
attract,1
frangaise,1
complained,1
indicates,1
throughout,1
immediate,1
run,1
prevails,1
riot,1
inflation,1
against,1
attesting,1
moneychangers,1
assumes,1
doctor,1
relatively,1
raises,1
issued,1
dame,1
franqaises,1
sample,1
tierce,1
february,1
forced,1
ai,1
tournois,1
foible,1
nelson,1
distinct,1
complains,1
legally,1
frres,1
keep,1
enhancement,1
document,1
convincing,1
cancel,1
contrary,1
speed,1
compulsory,1
http,1
restrict,1
extraordinary,1
left,1
third,1
mechanical,1
compare,1
critique,1
details,1
apparently,1
micheline,1
avant,1
tableware,1
occasion,1
ceases,1
bel,1
ma,1
loans,1
jean,1
pourgain,1
rights,1
disapprove,1
imagine,1
operation,1
goldware,1
simultaneously,1
york,1
town,1
ancienne,1
operations,1
testimony,1
ordinance,1
growth,1
abolished,1
main,1
bypassing,1
developed,1
edward,1
roi,1
posits,1
befall,1
levels,1
active,1
relatifs,1
lasted,1
eight,1
parts,1
ongoing,1
study,1
earl,1
productive,1
factors,1
lowers,1
consistency,1
extraordinaires,1
reason,1
tower,1
bopis,1
plus,1
clark,1
sorts,1
retained,1
clearly,1
sum,1
n,1
dominate,1
tolerates,1
argued,1
denrees,1
too,1
presumed,1
age,1
renegotiations,1
shorter,1
albuquerque,1
officer,1
xviie,1
circulating,1
cost,1
willing,1
pierre,1
carlo,1
flow,1
opinion,1
suggested,1
view,1
contention,1
treasurer,1
ordinarily,1
expressed,1
troubling,1
arrived,1
gregory,1
closely,1
bibliotheque,1
lead,1
pounds,1
priori,1
bearing,1
rule,1
difficulty,1
plot,1
mandate,1
typical,1
salaires,1
monarchies,1
austin,1
carolina,1
parisian,1
configuration,1
publics,1
base,1
secretly,1
term,1
extracting,1
academic,1
brothels,1
further,1
furthermore,1
vile,1
whichever,1
durham,1
posited,1
debase,1
purchased,1
hackens,1
separates,1
monetaire,1
metals,1
required,1
throne,1
honore,1
james,1
near,1
randy,1
possibility,1
commerces,1
kathryn,1
payable,1
well,1
justifies,1
gained,1
keeping,1
padis,1
literature,1
vers,1
preferred,1
concept,1
unless,1
significantly,1
part,1
rythmes,1
purpose,1
confirms,1
marketplace,1
loss,1
overview,1
realm,1
gave,1
older,1
discussions,1
propriete,1
work,1
officers,1
noted,1
fruitful,1
falling,1
statistics,1
call,1
reflect,1
institution,1
monopoly,1
doubtful,1
strengthened,1
own,1
graph,1
wheat,1
redistribution,1
financier,1
xve,1
exchequer,1
earth,1
creating,1
solution,1
officials,1
commerce,1
normally,1
viable,1
presented,1
working,1
ascended,1
revolution,1
order,1
intervals,1
calling,1
june,1
tony,1
eighth,1
receveur,1
observe,1
denotes,1
bookkeeping,1
decline,1
texas,1
yielded,1
ocpasions,1
generally,1
up,1
necessity,1
os,1
results,1
using,1
ltvto,1
landlords,1
dictated,1
appeal,1
survived,1
south,1
f,1
herein,1
toujours,1
poche,1
imprint,1
arrangement,1
frederick,1
nonetheless,1
bringing,1
populations,1
identified,1
leased,1
moucharte,1
onward,1
exception,1
april,1
community,1
make,1
comments,1
experiences,1
sending,1
southern,1
hold,1
structural,1
confronting,1
simultaneous,1
fragmentary,1
examined,1
depeyrot,1
thought,1
neil,1
edict,1
neither,1
recruited,1
participants,1
included,1
ouvriers,1
sharply,1
baltimore,1
wright,1
deliver,1
without,1
insights,1
department,1
reports,1
violations,1
enforce,1
payments,1
picture,1
published,1
starting,1
name,1
successfully,1
stronger,1
stated,1
again,1
fin,1
varies,1
experienced,1
anecdotal,1
consideration,1
head,1
areas,1
minnesota,1
jours,1
nathan,1
francaise,1
substantially,1
pattern,1
parisienne,1
likelihood,1
v,1
where,1
xiiie,1
purposes,1
penry,1
accepted,1
receives,1
sevpen,1
occasionaliy,1
coincided,1
necessary,1
aux,1
perhaps,1
weaken,1
books,1
sell,1
proportionately,1
gives,1
stanford,1
explicitly,1
dots,1
convenient,1
doubled,1
original,1
pric,1
dishonorable,1
vintages,1
crown,1
empirically,1
understanding,1
exhibit,1
divided,1
upon,1
eighteenth,1
bear,1
region,1
including,1
louis,1
findings,1
host,1
entirely,1
traded,1
unfortunately,1
operated,1
decreed,1
virtually,1
harvard,1
net,1
jusqu,1
canon,1
services,1
full,1
option,1
dge,1
reinforcing,1
california,1
parisis,1
described,1
vii,1
finally,1
open,1
urbana,1
josiah,1
modem,1
deniers,1
issn,1
symposium,1
allowed,1
plant,1
him,1
chartes,1
mexico,1
kept,1
black,1
standard,1
provides,1
martin,1
repeated,1
payment,1
edmund,1
tudor,1
often,1
businesses,1
references,1
montalbanais,1
respectively,1
ounce,1
enjoyed,1
structure,1
january,1
implication,1
slightly,1
spain,1
figures,1
renouard,1
joint,1
quarter,1
propose,1
depuis,1
guillaumin,1
european,1
carried,1
indication,1
alters,1
usury,1
median,1
imply,1
gram,1
continued,1
evideifce,1
assert,1
ecole,1
foreign,1
rough,1
unwarranted,1
contraction,1
widespread,1
dec,1
predict,1
un,1
insist,1
seventeenth,1
force,1
began,1
worse,1
logzarithmic,1
methods,1
dans,1
lowered,1
surprising,1
sheila,1
bypass,1
extremely,1
types,1
exists,1
get,1
plon,1
worlds,1
exchanged,1
stable,1
claims,1
bimetallism,1
methodist,1
broke,1
comes,1
tudorregime,1
changing,1
demonetization,1
wear,1
adrien,1
htm,1
offered,1
md,1
equipment,1
sums,1
appealing,1
offers,1
alternative,1
troy,1
quickly,1
know,1
outcome,1
berkeley,1
persisting,1
refused,1
principle,1
hoover,1
correspond,1
valencia,1
setting,1
capital,1
tear,1
down,1
dieudonne,1
regard,1
dennis,1
hospital,1
losses,1
research,1
alloyed,1
rely,1
goods,1
equilibrium,1
section,1
distinctive,1
courait,1
pour,1
just,1
emerges,1
masters,1
merely,1
inducements,1
unlikely,1
what,1
annales,1
reign,1
unique,1
imperfections,1
rose,1
want,1
independently,1
quote,1
nearby,1
noticeable,1
covers,1
converting,1
despite,1
quoted,1
passed,1
mere,1
gorremon,1
writes,1
bonis,1
changers,1
supplemented,1
transaction,1
require,1
produce,1
yield,1
renegotiating,1
pleases,1
siecles,1
hundreds,1
livre,1
size,1
deflation,1
translated,1
aragon,1
bought,1
capable,1
son,1
trivial,1
thereby,1
city,1
prospect,1
november,1
techniques,1
administration,1
reappraisal,1
numismatique,1
confronted,1
measure,1
tresor,1
merchant,1
copper,1
phenomenon,1
ghislaine,1
coming,1
ina,1
bargaining,1
antiquite,1
francois,1
spring,1
unable,1
entity,1
econlo,1
contract,1
decrease,1
illinois,1
web,1
numerous,1
jacques,1
marchandise,1
fordham,1
shed,1
offer,1
approximately,1
instead,1
suffers,1
fooled,1
physical,1
provided,1
opinions,1
writer,1
regular,1
attempted,1
reminted,1
association,1
ranged,1
anonymous,1
thousand,1
observation,1
specific,1
supported,1
bourgey,1
contradicted,1
apart,1
assumed,1
compounded,1
fluctuated,1
themselves,1
obole,1
rejection,1
consisted,1
point,1
hotel,1
views,1
recoined,1
exclusively,1
navarre,1
entire,1
little,1
verified,1
treating,1
forte,1
counts,1
ab,1
recent,1
building,1
proponent,1
resources,1
ca,1
quantity,1
major,1
