WORDCOUNTS,WEIGHT
the,815
of,517
and,360
in,309
to,294
a,256
for,150
was,116
that,113
is,109
as,100
money,94
on,88
this,78
with,77
gold,77
monetary,75
by,61
would,61
it,59
were,58
silver,55
are,53
have,53
an,52
economic,52
not,50
price,49
populism,48
hard,47
all,45
at,44
prices,44
populist,44
soft,43
rate,42
debt,42
economy,42
from,40
percent,38
one,36
more,36
states,36
s,35
be,35
real,34
voting,34
but,34
standard,34
no,33
they,32
political,32
exchange,32
other,31
trade,31
american,29
had,29
democrats,28
variables,28
farm,28
or,27
relative,27
goods,27
share,27
table,26
politics,25
support,25
votes,25
policies,25
populists,25
state,24
open,24
effects,24
farmers,23
these,23
which,23
estate,22
about,22
free,22
policy,21
impact,21
most,21
vote,21
new,21
level,21
some,20
such,20
their,20
international,20
results,20
financial,20
been,20
united,20
statistical,19
than,19
he,19
frieden,19
also,19
see,19
congress,19
greenback,19
democratic,19
first,18
house,18
value,18
dollar,18
mining,18
variable,18
agricultural,18
university,17
producers,17
service,17
party,17
employment,17
analysis,17
associated,17
senate,17
nominal,17
press,17
manufacturers,17
depreciation,17
products,16
journal,16
between,16
logit,15
history,15
those,15
devaluation,15
against,15
many,15
can,15
although,15
probability,14
means,14
bill,14
pp,14
same,14
premium,14
increase,14
mortgages,13
analyses,13
there,13
agriculture,13
act,13
explanatory,13
p,13
however,13
only,13
professional,13
over,13
country,13
transport,13
manufacturing,13
land,13
off,13
if,12
certainly,12
currency,12
expected,12
opposed,12
his,12
levels,12
republicans,12
significant,12
especially,12
evidence,12
here,12
typically,12
point,12
miners,11
very,11
example,11
used,11
wheat,11
floating,11
will,11
second,11
percentage,11
who,11
each,11
decline,11
both,11
national,11
coefficient,11
much,11
negative,10
member,10
might,10
century,10
york,10
repeal,10
after,10
congressional,10
data,10
rates,10
indeed,10
administration,10
positive,10
fact,10
services,10
so,10
different,10
groups,9
protection,9
position,9
output,9
friedman,9
higher,9
delegation,9
result,9
markets,9
late,9
because,9
members,9
dependent,9
world,9
notes,9
debtors,9
coinage,9
force,9
ratio,9
nontradables,9
did,9
coefficients,9
our,9
era,9
ols,8
presents,8
nineteenth,8
princeton,8
indebtedness,8
primary,8
labor,8
mechanical,8
may,8
whose,8
statistic,8
passed,8
tradables,8
important,8
whereas,8
could,8
found,8
representatives,8
odds,8
issues,8
personal,8
statistically,8
republican,8
led,8
overall,8
individual,8
period,8
series,8
alternative,8
purchase,8
terms,8
commercial,8
cambridge,8
among,8
commitment,7
mortgage,7
studies,7
total,7
parties,7
agrarian,7
stance,7
along,7
review,7
inflation,7
sherman,7
analogous,7
view,7
census,7
trends,7
indicates,7
two,7
john,7
heavily,7
going,7
kansas,7
understanding,7
exports,7
relationship,7
constant,7
pooled,7
them,7
less,7
deflation,7
c,7
strong,7
does,6
way,6
market,6
large,6
fixed,6
into,6
experience,6
interests,6
principal,6
evaluation,6
has,6
central,6
thus,6
amendment,6
dynamics,6
interest,6
even,6
william,6
failed,6
wanted,6
n,6
four,6
tariffs,6
demands,6
its,6
during,6
characteristics,6
tended,6
aggregate,6
movement,6
where,6
relevant,6
background,6
closed,6
concern,6
largely,6
significance,6
effect,6
column,6
domestic,6
just,6
measure,6
course,6
pseudo,6
integration,6
commodity,6
traditional,6
focus,6
measures,5
favor,5
available,5
great,5
government,5
raised,5
robert,5
proposals,5
case,5
hr,5
resumption,5
relatively,5
pay,5
predicted,5
rather,5
similar,5
b,5
variant,5
bryan,5
factors,5
senators,5
preference,5
tradable,5
out,5
economics,5
supporters,5
well,5
relief,5
correctly,5
related,5
bordo,5
approach,5
change,5
debts,5
finds,5
demand,5
edited,5
included,5
rise,5
volume,5
time,5
income,5
michael,5
number,5
net,5
story,5
dummy,5
general,5
dollars,5
movements,5
indicate,5
expectations,5
simply,5
set,5
particularly,5
particular,5
almost,5
buy,5
question,5
years,5
instead,5
specific,5
west,5
now,4
transportation,4
common,4
greenbacks,4
alone,4
center,4
tend,4
zero,4
gallman,4
t,4
concerned,4
implications,4
take,4
i,4
help,4
silverite,4
america,4
say,4
historical,4
due,4
bowman,4
keep,4
third,4
bills,4
parity,4
depreciate,4
camp,4
across,4
appreciation,4
nontraded,4
warren,4
export,4
incomplete,4
lead,4
wealth,4
opposition,4
taxes,4
imports,4
preferred,4
voted,4
people,4
midwestern,4
schwartz,4
president,4
exporters,4
either,4
panel,4
senator,4
quite,4
few,4
strongest,4
when,4
pearson,4
south,4
thinkers,4
railroad,4
light,4
rockoff,4
industrial,4
toward,4
addition,4
tariff,4
clause,4
debates,4
do,4
necessary,4
analyzed,4
made,4
looking,4
traded,4
raising,4
held,4
high,4
correlated,4
we,4
tendency,4
widely,4
foreign,4
primarily,4
seen,4
began,4
lawrence,4
countries,4
construction,4
depreciated,4
distributional,4
any,4
control,4
readily,4
capital,4
appendix,4
little,4
despite,4
november,4
indebted,4
using,4
argument,4
difference,4
increased,4
supported,4
reflation,4
vary,4
chicago,4
substantial,4
given,4
broader,4
go,3
m,3
nontradable,3
sundquist,3
distress,3
elections,3
true,3
sources,3
modest,3
relies,3
wizard,3
allow,3
snowden,3
volatility,3
reasons,3
mississippi,3
farmer,3
system,3
takes,3
linear,3
historians,3
adverse,3
march,3
account,3
vol,3
felt,3
possible,3
e,3
explorations,3
election,3
purchases,3
barry,3
sign,3
difficulties,3
since,3
analyzing,3
convention,3
nor,3
veto,3
six,3
find,3
look,3
deviation,3
without,3
negatively,3
aimed,3
how,3
importance,3
population,3
perspective,3
weak,3
cotton,3
requires,3
instance,3
dc,3
greenbackers,3
pass,3
representative,3
term,3
focused,3
war,3
milton,3
promise,3
public,3
hicks,3
coin,3
directly,3
line,3
currencies,3
role,3
emphasis,3
part,3
actors,3
eichengreen,3
gave,3
broad,3
actually,3
statistics,3
regional,3
regions,3
good,3
macroeconomic,3
presented,3
involve,3
protest,3
politically,3
depression,3
research,3
massachusetts,3
st,3
majority,3
crime,3
provided,3
activities,3
techniques,3
return,3
reduce,3
above,3
bawn,3
strategic,3
interpretation,3
cleveland,3
adjusted,3
jeffry,3
stevans,3
business,3
preferences,3
cumulative,3
identical,3
float,3
intemational,3
kathleen,3
averaged,3
lost,3
manufactured,3
louis,3
causes,3
trend,3
partisan,3
clear,3
three,3
responses,3
obtained,3
problems,3
exported,3
probably,3
figures,3
increasing,3
bureau,3
provide,3
kenneth,3
lines,3
institutions,3
understand,3
silverites,3
efficiency,3
issue,3
bimetallism,3
school,3
log,3
principle,3
paper,3
then,3
lending,3
what,3
proceedings,3
whether,3
add,3
manufactures,3
burden,3
reported,3
through,3
decrease,3
washington,3
richard,3
include,3
product,3
cost,3
summary,3
observation,3
potential,3
abroad,3
valley,3
should,3
tract,3
major,3
miller,2
o,2
inflationary,2
page,2
oriented,2
prefer,2
imported,2
career,2
credibility,2
affected,2
implies,2
manuscript,2
per,2
passing,2
told,2
fate,2
use,2
ma,2
ways,2
coalition,2
easily,2
expects,2
considerations,2
tempered,2
minor,2
something,2
nominally,2
yohe,2
lower,2
came,2
consistent,2
anything,2
cast,2
barriers,2
long,2
logistic,2
ii,2
attempts,2
taken,2
concentrated,2
attempt,2
worked,2
england,2
official,2
seems,2
oppers,2
words,2
secondary,2
neal,2
together,2
reflationary,2
producing,2
substantive,2
precisely,2
decreased,2
signs,2
hostility,2
hostile,2
keehn,2
worldwide,2
depends,2
side,2
revolt,2
advocates,2
assertions,2
u,2
discontent,2
alesina,2
machinery,2
likely,2
except,2
reconstruction,2
anticipated,2
correlation,2
behavior,2
expanded,2
implements,2
prerequisite,2
cities,2
whirligig,2
relationships,2
brought,2
unger,2
inevitable,2
tables,2
unpublished,2
author,2
regarded,2
moment,2
argentinian,2
nugent,2
restore,2
estimates,2
candidates,2
nelson,2
passell,2
amount,2
response,2
oxford,2
misleading,2
bonds,2
drawn,2
mayhew,2
appreciated,2
hardly,2
adjust,2
compromise,2
shave,2
loans,2
implementation,2
overide,2
masciandaro,2
interesting,2
millionaires,2
americans,2
destroy,2
adds,2
explicit,2
mean,2
ignatius,2
ostler,2
proportion,2
flexible,2
fann,2
determination,2
affect,2
wages,2
timberlake,2
consider,2
needless,2
numbers,2
weinstein,2
northeastern,2
argued,2
observations,2
show,2
textile,2
officer,2
mckinley,2
tabellini,2
generally,2
prairie,2
cycles,2
tvariables,2
j,2
suggested,2
appear,2
nebraska,2
character,2
closely,2
appraisal,2
whom,2
krueger,2
agenda,2
declined,2
conflict,2
grilli,2
percentages,2
big,2
further,2
handbook,2
cultural,2
equal,2
stock,2
explain,2
conferences,2
james,2
aspects,2
elliott,2
work,2
formerly,2
received,2
framed,2
leads,2
characterization,2
proportions,2
clearer,2
jeffrey,2
ten,2
place,2
northwest,2
denominated,2
falling,2
interpreted,2
least,2
caused,2
things,2
order,2
imagined,2
involved,2
around,2
small,2
mineral,2
county,2
mcnall,2
foremost,2
core,2
always,2
productivity,2
paid,2
nations,2
battle,2
specifications,2
reduced,2
deflators,2
action,2
short,2
successes,2
nearly,2
july,2
targeted,2
suppose,2
frank,2
communities,2
hugh,2
creditors,2
favorable,2
seigniorage,2
home,2
indian,2
russian,2
largest,2
costs,2
donnelly,2
payments,2
social,2
declining,2
lee,2
comparison,2
again,2
others,2
put,2
nevada,2
efforts,2
treatment,2
deterioration,2
scholars,2
pressure,2
choice,2
pamphlet,2
banks,2
fallen,2
end,2
substantially,2
variation,2
override,2
anne,2
simple,2
rhetoric,2
men,2
patterns,2
took,2
henning,2
hand,2
present,2
model,2
road,2
noneconomic,2
practice,2
antigold,2
perhaps,2
day,2
convenient,2
mcguire,2
degree,2
remained,2
another,2
local,2
original,2
credit,2
brady,2
upon,2
values,2
helps,2
exporting,2
including,2
depended,2
empirical,2
sold,2
affects,2
survey,2
harvard,2
evolution,2
prelude,2
full,2
platform,2
ties,2
low,2
appreciably,2
obtaining,2
peter,2
objection,2
divisions,2
him,2
curve,2
played,2
presidential,2
gets,2
article,2
outcomes,2
study,2
respectively,2
correction,2
goodwyn,2
january,2
parameters,2
regimes,2
staying,2
hollingsworth,2
surprising,2
suggest,2
yields,2
imply,2
raise,2
independent,2
george,2
crucial,2
usually,2
bound,2
program,2
endogeneity,2
detailed,2
yale,2
why,2
often,2
examine,2
instances,2
get,2
india,2
stable,2
aldrich,2
shaw,2
mentioned,2
changing,2
circumstances,2
ever,2
regime,2
charles,2
besides,2
convertibility,2
drake,2
know,2
defining,2
components,2
rainfall,2
finance,2
global,2
setting,2
argue,2
report,2
far,2
houses,2
better,2
believed,2
according,2
sectors,2
explanations,2
literature,2
jennings,2
rose,2
accounts,2
cause,2
quote,2
hoped,2
inputs,2
unrest,2
too,2
episode,2
agreed,2
suggests,2
popular,2
thereby,2
city,2
kydland,2
step,2
reappraisal,2
went,2
bimetallic,2
programs,2
arguments,2
divided,2
qualitative,2
mention,2
varied,2
invested,2
formation,2
shown,2
finding,2
conditions,2
shed,2
constituencies,2
defined,2
calomiris,2
measured,2
shift,2
campaign,2
roughly,2
forrest,2
themselves,2
early,2
import,2
benchmark,2
north,2
recent,2
observed,2
farners,2
dornbusch,2
scoring,1
ounces,1
final,1
proposed,1
resolve,1
difficult,1
housekeeping,1
democracy,1
mostly,1
done,1
deny,1
arcane,1
estimated,1
declared,1
car,1
enter,1
cent,1
referral,1
represent,1
extreme,1
fiat,1
therefore,1
starts,1
compensated,1
pushed,1
pools,1
expect,1
conversion,1
group,1
factories,1
kinds,1
certificates,1
larry,1
essays,1
designed,1
columns,1
formed,1
rogers,1
authorize,1
recalculated,1
motivation,1
h,1
hoarding,1
approaches,1
devalue,1
ttodds,1
specified,1
candidate,1
park,1
cement,1
boulder,1
beleaguered,1
former,1
decade,1
acceptance,1
western,1
committee,1
predictor,1
necessarily,1
stefan,1
unlike,1
variants,1
avow,1
before,1
remedy,1
dakotas,1
operatives,1
contested,1
newbury,1
variety,1
source,1
buys,1
properties,1
themes,1
prosperous,1
test,1
said,1
reputational,1
railroads,1
defeated,1
beneficial,1
electoral,1
every,1
li,1
production,1
jointly,1
guises,1
give,1
address,1
rapid,1
cessation,1
stretch,1
advanced,1
freely,1
ranchers,1
furnace,1
loom,1
hoffman,1
reach,1
individuals,1
crops,1
leading,1
advantage,1
rich,1
capie,1
follows,1
borne,1
inherent,1
thanks,1
onto,1
court,1
expense,1
subsequent,1
slippage,1
coffee,1
achieved,1
salary,1
depress,1
devised,1
meantime,1
miles,1
oz,1
regression,1
reserved,1
opposite,1
somewhat,1
ambiguous,1
relations,1
within,1
iowa,1
context,1
rethinking,1
elliot,1
explosive,1
unlit,1
british,1
milner,1
ascribed,1
existence,1
forthcoming,1
westview,1
inflows,1
eastern,1
tie,1
draws,1
continuum,1
bases,1
orator,1
firm,1
nonmonetary,1
rests,1
right,1
dichotomous,1
tenns,1
indirectly,1
italian,1
discrepancies,1
logical,1
reaching,1
sale,1
adopting,1
april,1
reaction,1
lodging,1
mutual,1
alter,1
october,1
consumers,1
exaggerate,1
ironclad,1
obvious,1
supply,1
panic,1
toughened,1
adversely,1
constrained,1
buxton,1
undoubtedly,1
facto,1
computationally,1
internationally,1
split,1
perplexed,1
framework,1
exposed,1
mistake,1
million,1
includes,1
throughout,1
collapse,1
differential,1
affiliation,1
historically,1
reverse,1
explained,1
peculiarities,1
development,1
farrell,1
run,1
calculated,1
helen,1
assumes,1
de,1
bamlhart,1
characteristic,1
ability,1
adopted,1
raises,1
fitch,1
intersectoral,1
co,1
ins,1
insisted,1
sample,1
assured,1
issn,1
tennyson,1
forced,1
wiley,1
rank,1
precludes,1
probabilities,1
items,1
old,1
ct,1
urbanization,1
commercialization,1
displays,1
burgeoning,1
convincing,1
back,1
causing,1
approval,1
intensities,1
farns,1
columbia,1
channels,1
extraordinary,1
provisions,1
allowing,1
outweigh,1
argentine,1
left,1
continuous,1
twice,1
estimate,1
weight,1
obscure,1
seal,1
exportable,1
industries,1
standardized,1
rationing,1
weakness,1
loan,1
silverbacked,1
error,1
neill,1
poorly,1
bounty,1
perfect,1
distribution,1
rights,1
simultaneously,1
evinced,1
philadelphia,1
recognized,1
golddollar,1
deviations,1
german,1
agitation,1
license,1
mild,1
hopes,1
jervis,1
statements,1
purely,1
l,1
harrington,1
redress,1
developed,1
swell,1
activists,1
remain,1
illustration,1
investigation,1
influential,1
institution,1
fastest,1
patronage,1
repudiation,1
process,1
politicians,1
goes,1
risk,1
resume,1
developments,1
depot,1
baselines,1
certain,1
leave,1
direct,1
parts,1
heteroskedasticity,1
allegory,1
elaborate,1
retail,1
consequences,1
scattered,1
moreover,1
lowers,1
enlisted,1
multivariate,1
addressing,1
raymond,1
antiprotectionists,1
reason,1
references,1
rebellion,1
maryland,1
parentheses,1
maintaining,1
donato,1
ensure,1
biased,1
locally,1
flexibility,1
signed,1
revising,1
organized,1
fertilizer,1
slowly,1
hotly,1
presumably,1
clearly,1
vivid,1
amid,1
section,1
disadvantaged,1
quoted,1
moderately,1
unimportant,1
dominate,1
solidified,1
facturing,1
frequently,1
fare,1
perceptibly,1
pullman,1
fictitious,1
benefited,1
ulysses,1
commonly,1
jacobson,1
acknowledges,1
additional,1
origins,1
keohane,1
inflating,1
drought,1
beyond,1
defeat,1
indications,1
undertaken,1
sentiment,1
restaurant,1
permanent,1
shifted,1
crucially,1
tributional,1
helped,1
metal,1
providing,1
decades,1
fanners,1
monetization,1
analymonetary,1
yielding,1
standards,1
remembered,1
based,1
acceptable,1
midtenn,1
brookings,1
blamed,1
publicists,1
elasticities,1
rule,1
entered,1
demise,1
difficulty,1
called,1
sokoloff,1
treatments,1
relating,1
hattie,1
centers,1
cleavages,1
served,1
radical,1
probit,1
haven,1
initial,1
interpretations,1
passionate,1
sends,1
circulation,1
academic,1
rudiger,1
fourth,1
occupation,1
understood,1
proinflation,1
fielded,1
districts,1
unsympathetic,1
bore,1
appears,1
pitting,1
secure,1
residential,1
produced,1
reinforce,1
cannot,1
meet,1
suffered,1
purchased,1
excellent,1
grounds,1
fanms,1
ofamerican,1
hypothetical,1
produce,1
counties,1
required,1
previant,1
wide,1
sacrifice,1
influenced,1
briefly,1
jim,1
shape,1
gained,1
none,1
having,1
participation,1
anna,1
expansionary,1
prewar,1
junkers,1
distinguish,1
r,1
accounting,1
makers,1
noxious,1
reinterpreting,1
predictability,1
bounded,1
implement,1
coping,1
prominent,1
unexplained,1
london,1
appreciable,1
discusses,1
competing,1
civil,1
apparent,1
confined,1
experiencing,1
excessive,1
feared,1
description,1
got,1
whole,1
older,1
discussions,1
reduces,1
officers,1
relevance,1
irwin,1
runs,1
stimulate,1
prairies,1
focuses,1
illustrative,1
away,1
highlighted,1
legislation,1
overseas,1
smallest,1
sterling,1
alliance,1
overrepresented,1
ucla,1
attributed,1
following,1
presumption,1
wholesale,1
published,1
stylized,1
homeowners,1
interregional,1
sense,1
correct,1
successful,1
working,1
diminish,1
carry,1
theoretically,1
indicators,1
trading,1
imposition,1
stimulated,1
standpoint,1
owned,1
event,1
arbitrage,1
openly,1
several,1
intermonetary,1
sufficient,1
separately,1
driving,1
june,1
burdensome,1
highly,1
resolution,1
exigencies,1
observe,1
essentially,1
deflationists,1
fonner,1
weapons,1
guido,1
up,1
scott,1
purpose,1
describes,1
nondichotomous,1
appropriate,1
feasible,1
protagonist,1
lohmann,1
rest,1
behalf,1
seemed,1
avoid,1
society,1
congressiohal,1
input,1
tea,1
f,1
peffer,1
counteract,1
asset,1
scored,1
coded,1
sons,1
authorization,1
positions,1
nonetheless,1
absence,1
shernan,1
materials,1
protecting,1
antipopulist,1
fell,1
contingent,1
britain,1
incorrect,1
brian,1
limited,1
schemes,1
receptive,1
appreciate,1
brief,1
forward,1
interdependence,1
exception,1
prevailing,1
poor,1
etc,1
sixteen,1
allen,1
still,1
assumptions,1
capacity,1
bankers,1
comments,1
experiences,1
ask,1
hold,1
engineering,1
lisa,1
scarcity,1
once,1
communications,1
competition,1
importcompeting,1
fair,1
examined,1
opportunities,1
makes,1
rules,1
requiring,1
coincidental,1
under,1
fifth,1
goals,1
clash,1
specifics,1
us,1
neither,1
salient,1
reflects,1
mildly,1
positively,1
assistance,1
baltimore,1
ed,1
gratifying,1
faction,1
robust,1
nineteenthcentury,1
gary,1
department,1
cum,1
williams,1
refix,1
subsidize,1
operators,1
double,1
useful,1
fellow,1
worst,1
constituency,1
sis,1
dire,1
starting,1
fire,1
portnoy,1
science,1
law,1
book,1
technique,1
request,1
readjustment,1
alleviated,1
figure,1
europe,1
varies,1
wanting,1
summing,1
analytical,1
shows,1
idea,1
preserve,1
areas,1
nineties,1
minnesota,1
checks,1
broadly,1
totals,1
plan,1
predominant,1
contingencies,1
abstract,1
unilaterally,1
propopulist,1
really,1
larger,1
classical,1
never,1
somewhere,1
contemporary,1
doubt,1
considerable,1
pennsylvania,1
fashion,1
arguably,1
man,1
snyder,1
enlarge,1
puzzling,1
enough,1
likelihood,1
increases,1
flooded,1
secular,1
dorothy,1
refrain,1
answer,1
forth,1
dance,1
spoke,1
maturity,1
minneapolis,1
gdp,1
fewer,1
sell,1
gives,1
inflationists,1
won,1
identifiable,1
spindles,1
responded,1
argues,1
recognizing,1
ence,1
vast,1
discussion,1
registers,1
examples,1
easier,1
sacrifices,1
range,1
eighteenth,1
bear,1
randall,1
enthusiastic,1
trader,1
logs,1
lake,1
conceivable,1
dealt,1
findings,1
host,1
controlling,1
doug,1
confidence,1
food,1
prevailed,1
oppose,1
rivers,1
navy,1
protectionists,1
assume,1
ideas,1
resulting,1
pamphlets,1
imposes,1
previous,1
option,1
office,1
redone,1
eleventh,1
charges,1
described,1
harvey,1
substitutes,1
moral,1
emphasizing,1
adding,1
grew,1
hampered,1
reputation,1
sustain,1
essay,1
subtitle,1
august,1
counter,1
david,1
controversies,1
allowed,1
eminently,1
reviewers,1
ellis,1
function,1
meets,1
variance,1
unjustifiable,1
counted,1
anyone,1
lag,1
running,1
losing,1
juggernaut,1
segment,1
martin,1
thomas,1
adequately,1
exporter,1
latter,1
repeated,1
class,1
favored,1
lukewarm,1
systems,1
satisfy,1
parallel,1
viewpoint,1
banking,1
ounce,1
excluded,1
judgement,1
postwar,1
horse,1
assesses,1
softmoney,1
nomic,1
maturities,1
regressions,1
awareness,1
attention,1
competed,1
suspension,1
separate,1
limiting,1
european,1
space,1
depth,1
neely,1
undifferentiated,1
discussing,1
negotiations,1
assigned,1
undoubted,1
nationally,1
note,1
hofstadter,1
recall,1
assert,1
especiallyatp,1
continue,1
impressive,1
spindle,1
fixing,1
puzzles,1
alternate,1
attitude,1
insufficient,1
debtor,1
predict,1
referred,1
harmed,1
dimensions,1
success,1
army,1
bimetallists,1
transformed,1
consonant,1
worse,1
norton,1
achieve,1
nonlinearity,1
sage,1
frontier,1
decreasing,1
fluctuate,1
centuries,1
face,1
susan,1
paying,1
resemble,1
fought,1
extensions,1
immensely,1
influencing,1
definitive,1
quantitative,1
gpo,1
laborer,1
presidency,1
suggestions,1
seriously,1
heavy,1
rarely,1
eventually,1
kenen,1
growing,1
considered,1
paired,1
exploitable,1
comes,1
conclusion,1
accordance,1
complexity,1
predictions,1
economically,1
committees,1
democracies,1
confounding,1
pace,1
implied,1
precise,1
fluctuating,1
organization,1
borrow,1
narrowly,1
text,1
phillips,1
accomplished,1
vittorio,1
minerals,1
outcome,1
dimension,1
grover,1
finned,1
secured,1
stimulates,1
shares,1
borrower,1
specialized,1
worth,1
abandonment,1
december,1
confident,1
temporary,1
exploration,1
seem,1
board,1
authorities,1
believe,1
best,1
skinner,1
half,1
propaganda,1
speech,1
linked,1
guy,1
sustaining,1
attractions,1
benefit,1
reflected,1
incumbrance,1
demonetized,1
examining,1
driven,1
passage,1
adduced,1
february,1
turned,1
analytically,1
beginning,1
creditworthy,1
helping,1
game,1
unlikely,1
lighten,1
lessons,1
reign,1
combined,1
implicit,1
stability,1
refloating,1
whitten,1
maintain,1
alberto,1
erupted,1
protective,1
doubled,1
theory,1
incumbered,1
tightly,1
problem,1
extent,1
jack,1
telegram,1
while,1
remedies,1
complain,1
institute,1
divide,1
destler,1
outlandish,1
cents,1
information,1
nuances,1
hundreds,1
urban,1
size,1
backing,1
goldhoarding,1
boston,1
empirically,1
foreclosures,1
careful,1
ofagrarian,1
multiple,1
affecting,1
introduced,1
joining,1
subsidies,1
content,1
alternatives,1
republic,1
easy,1
variability,1
subject,1
intended,1
transition,1
agents,1
pi,1
policymaking,1
commodities,1
treasury,1
pound,1
phenomenon,1
smokescreen,1
susanne,1
gain,1
weingast,1
complaints,1
mint,1
buying,1
moderate,1
finn,1
until,1
models,1
radicalism,1
instructive,1
internationalization,1
libecap,1
ignored,1
copies,1
contract,1
argentina,1
twentieth,1
institutional,1
grant,1
naomi,1
bamhart,1
wish,1
joined,1
grown,1
integrated,1
presumes,1
d,1
fiscal,1
sticky,1
bland,1
you,1
prosperity,1
defiance,1
colleagues,1
contours,1
buchanan,1
farn,1
mandating,1
association,1
burdens,1
indices,1
macroeconomics,1
anonymous,1
pincer,1
walter,1
removed,1
lamoreaux,1
substitute,1
assumed,1
fluctuated,1
industrialists,1
hotel,1
inasmuch,1
reached,1
obligation,1
twothirds,1
pool,1
uncertainty,1
reversing,1
predictable,1
entire,1
token,1
immediately,1
objected,1
famous,1
building,1
close,1
heterogeneous,1
