WORDCOUNTS,WEIGHT
the,197
of,119
to,93
in,60
that,58
a,44
and,43
is,31
on,29
was,22
not,21
it,20
have,20
for,19
be,18
banks,15
i,15
with,14
would,14
cowen,12
or,12
from,12
but,12
hanley,12
finance,12
we,12
market,11
by,11
monetary,11
as,11
their,10
countries,10
one,10
then,10
what,10
an,10
growth,9
industrial,9
if,9
did,9
has,9
should,9
sample,8
they,8
yet,8
these,8
voth,8
more,8
are,8
s,8
could,8
data,8
work,8
who,8
were,8
this,8
than,8
rates,8
at,7
had,7
dissertations,7
there,7
some,7
years,7
few,7
much,7
regimes,7
no,6
institutions,6
second,6
must,6
might,6
government,6
stock,6
because,6
interest,6
between,6
those,6
evidence,6
been,5
how,5
whether,5
about,5
united,5
policy,5
latin,5
labor,5
his,5
all,5
other,5
capital,5
do,5
information,5
credit,5
point,5
during,5
broad,5
world,5
period,5
so,5
up,5
little,5
aggregate,5
rate,4
after,4
large,4
selection,4
britain,4
changes,4
statistical,4
dissertation,4
history,4
into,4
informal,4
economic,4
paulo,4
regime,4
financial,4
century,4
further,4
witnesses,4
war,4
rising,4
victims,4
used,4
likely,4
given,4
court,4
firms,4
which,4
sao,4
rise,4
such,4
output,4
states,4
effects,4
small,4
problems,4
research,4
uncertainty,4
revolution,4
activities,4
does,3
he,3
rather,3
created,3
expansion,3
make,3
currency,3
american,3
analysis,3
investigate,3
wages,3
western,3
sectors,3
conclusion,3
intensification,3
most,3
first,3
only,3
summaries,3
set,3
know,3
attempt,3
view,3
over,3
many,3
my,3
fact,3
europe,3
half,3
out,3
brazil,3
real,3
debt,3
markets,3
hand,3
increases,3
unlikely,3
where,3
side,3
wealth,3
time,3
america,3
day,3
possible,3
size,3
personal,3
eighteenth,3
literature,3
vast,3
largely,3
thus,3
however,3
since,3
three,3
shocks,3
change,3
crime,3
caused,3
price,3
cases,3
exchange,3
potential,3
right,3
can,3
industrialization,3
rest,3
problem,2
will,2
england,2
abundance,2
commentaire,2
crucial,2
liberation,2
differentials,2
both,2
begin,2
determine,2
rapid,2
get,2
germany,2
argued,2
use,2
bonds,2
awake,2
nor,2
me,2
under,2
us,2
quantitative,2
supply,2
fixed,2
occurred,2
associated,2
before,2
just,2
impact,2
result,2
experience,2
came,2
either,2
sector,2
instance,2
alternative,2
sections,2
important,2
address,2
dependency,2
towards,2
hours,2
parties,2
different,2
lack,2
pair,2
neatly,2
extent,2
seem,2
best,2
down,2
found,2
prior,2
argue,2
great,2
current,2
choice,2
effort,2
deal,2
new,2
encilhamento,2
impersonal,2
variation,2
survey,2
precisely,2
focused,2
return,2
agreements,2
them,2
population,2
less,2
want,2
issue,2
scant,2
perhaps,2
theory,2
significance,2
find,2
distribution,2
historians,2
money,2
going,2
well,2
remained,2
another,2
compose,2
mobilization,2
received,2
october,2
range,2
circumstances,2
part,2
through,2
despite,2
example,2
quantity,2
role,2
monday,2
its,2
findings,2
experiments,2
redistribution,2
place,2
londoners,2
policies,2
records,2
people,2
variables,2
bed,2
our,2
come,2
chosen,2
focuses,2
question,2
advantages,2
week,2
modem,2
notaries,2
points,2
macroeconomic,2
need,2
high,2
france,2
exercise,2
event,2
maximized,2
increased,2
optimal,2
times,2
macroeconomics,2
governments,2
newspapers,2
channels,2
topics,2
early,2
london,2
even,2
using,2
seek,2
document,2
longterm,2
finds,2
generation,2
avoid,2
perform,2
periods,1
increasing,1
omission,1
may,1
chronological,1
span,1
european,1
implicitly,1
enough,1
suggest,1
failed,1
mechanisms,1
rights,1
go,1
happen,1
therefore,1
tests,1
led,1
compete,1
stagnant,1
manipulated,1
firmed,1
deny,1
german,1
today,1
coupled,1
booms,1
ably,1
matter,1
absence,1
contact,1
charters,1
higher,1
she,1
privilege,1
way,1
rested,1
guarded,1
statements,1
movements,1
bulk,1
later,1
wony,1
foreign,1
rosenthal,1
alphabetical,1
wrote,1
indeed,1
scholar,1
angeles,1
experiencing,1
comparative,1
zeroes,1
limited,1
neglecting,1
decades,1
affected,1
extreme,1
afterwards,1
per,1
colleagues,1
fingers,1
family,1
nearly,1
offset,1
slow,1
implies,1
meanwhile,1
knew,1
lost,1
concluding,1
batch,1
notion,1
detailed,1
still,1
opportunity,1
dealt,1
bias,1
plows,1
garnering,1
coffee,1
persistent,1
understand,1
comments,1
flexible,1
passing,1
expect,1
similar,1
rapidly,1
movement,1
whereby,1
currencies,1
nontrivial,1
direct,1
outside,1
hold,1
prize,1
witness,1
year,1
often,1
belabor,1
got,1
efficiency,1
properly,1
verdun,1
lay,1
read,1
worked,1
summarized,1
grade,1
baron,1
linkages,1
surprising,1
collect,1
frontier,1
eyebrows,1
gathering,1
weekend,1
elaboration,1
british,1
unconventional,1
coalition,1
sudden,1
leaps,1
treaty,1
bankless,1
sure,1
brazilian,1
builds,1
modern,1
favor,1
incidentally,1
detectable,1
lending,1
whose,1
latter,1
cause,1
greater,1
restricted,1
university,1
consider,1
chronology,1
reconstruct,1
liquidity,1
detail,1
confidence,1
school,1
critical,1
driven,1
gershenkron,1
neutral,1
earned,1
dictator,1
risers,1
liked,1
clearly,1
raise,1
maybe,1
section,1
note,1
historian,1
abandon,1
same,1
stabilizing,1
nonbank,1
reviewing,1
haltingly,1
demonstrates,1
source,1
joint,1
switch,1
unfavorable,1
frequently,1
delved,1
without,1
turning,1
switches,1
resorted,1
show,1
two,1
forge,1
fluctuations,1
simply,1
extensive,1
begins,1
bum,1
graces,1
increasingly,1
consistent,1
continues,1
confront,1
railroads,1
measuring,1
declining,1
followed,1
chose,1
alludes,1
requirement,1
consequence,1
cost,1
every,1
microeconomist,1
narrowly,1
members,1
falling,1
fire,1
boggling,1
name,1
titling,1
closing,1
idle,1
creations,1
here,1
thesis,1
interests,1
law,1
hourly,1
odd,1
eha,1
subjects,1
power,1
implications,1
adopt,1
mentions,1
association,1
feeling,1
ran,1
renewed,1
total,1
appear,1
continental,1
terrain,1
highest,1
intellectual,1
refused,1
proof,1
primarily,1
netted,1
each,1
perfected,1
union,1
paper,1
moving,1
skewed,1
efforts,1
benevolent,1
words,1
attribute,1
based,1
company,1
bilateral,1
consideration,1
offers,1
scholars,1
leading,1
areas,1
hyperinflation,1
advantage,1
robust,1
microeconomics,1
firm,1
erosion,1
terse,1
documents,1
versailles,1
thank,1
oil,1
attack,1
timing,1
analyses,1
teachers,1
narrative,1
assembled,1
exonerate,1
alternatively,1
able,1
ftirhier,1
magnified,1
economically,1
concludes,1
rely,1
events,1
very,1
relate,1
end,1
orthodoxy,1
parisian,1
blocked,1
take,1
venture,1
considerable,1
nail,1
featured,1
correlates,1
experts,1
really,1
representative,1
plutocracy,1
economy,1
term,1
persistence,1
last,1
seen,1
merely,1
forms,1
never,1
examination,1
mind,1
state,1
fits,1
fourth,1
ann,1
learn,1
equally,1
present,1
probates,1
knows,1
remarkable,1
available,1
political,1
california,1
discipline,1
welcome,1
somewhat,1
ambiguous,1
midnight,1
numbers,1
behind,1
capita,1
investigation,1
subjugation,1
province,1
setting,1
income,1
implicit,1
interwar,1
rose,1
selected,1
insures,1
cannot,1
entails,1
case,1
coincided,1
ahead,1
narrower,1
depending,1
add,1
ignorance,1
japan,1
suspect,1
gunners,1
saint,1
variances,1
trial,1
colonies,1
continuum,1
earlier,1
her,1
reflected,1
mass,1
remarkably,1
wants,1
technical,1
require,1
addresses,1
engine,1
failure,1
fruitfully,1
dragged,1
argues,1
property,1
local,1
keeping,1
having,1
participation,1
differ,1
development,1
backbone,1
distinguish,1
future,1
relief,1
ascertain,1
condition,1
discussion,1
characterize,1
intennediaries,1
intemal,1
survive,1
georgian,1
burden,1
nonneutral,1
phenomena,1
discovery,1
move,1
los,1
tentative,1
preferred,1
decipher,1
careful,1
reader,1
occurring,1
founded,1
nimble,1
city,1
increase,1
disconnection,1
lamoureaux,1
due,1
means,1
finding,1
combing,1
convinced,1
paulista,1
himself,1
thoughts,1
resolve,1
against,1
subject,1
activity,1
presenters,1
economies,1
assumptions,1
controls,1
surprise,1
significant,1
whole,1
measure,1
steady,1
longsummaries,1
contribute,1
fit,1
faiths,1
says,1
assumption,1
unprofitable,1
factor,1
assume,1
phenomenon,1
contains,1
allows,1
exploit,1
aside,1
harvard,1
accumulation,1
endowments,1
actually,1
goals,1
questions,1
coming,1
earn,1
roman,1
resolved,1
remarks,1
individuals,1
call,1
flnancial,1
devoted,1
participate,1
until,1
underwent,1
proceeded,1
reverse,1
disruptions,1
commercial,1
argument,1
restrictions,1
reject,1
nominal,1
patient,1
clear,1
illustrates,1
abound,1
industry,1
cocktail,1
count,1
conditions,1
made,1
steam,1
formal,1
peripheral,1
prices,1
accept,1
naomi,1
aware,1
lifted,1
good,1
relatively,1
statistically,1
pin,1
offer,1
solution,1
mixed,1
least,1
instead,1
david,1
indicate,1
started,1
land,1
like,1
hard,1
epiphany,1
effectively,1
willing,1
function,1
dubbed,1
smaller,1
notions,1
pay,1
reliable,1
mexico,1
collected,1
miracle,1
borrowers,1
sources,1
kind,1
order,1
funds,1
kept,1
anyone,1
weaknesses,1
highor,1
enriched,1
quite,1
quibbles,1
adjustment,1
extremely,1
bank,1
better,1
hemisphere,1
gets,1
awakened,1
needs,1
profits,1
leads,1
preferably,1
amount,1
back,1
although,1
floating,1
body,1
trying,1
alleviate,1
imaginative,1
rethink,1
grow,1
nicely,1
topic,1
third,1
dramatic,1
become,1
themselves,1
allowing,1
decline,1
played,1
archival,1
left,1
succeeded,1
banking,1
effect,1
yielded,1
debate,1
loans,1
always,1
create,1
texts,1
contracts,1
traditional,1
reasoned,1
duration,1
boom,1
among,1
deeply,1
north,1
recent,1
connections,1
slept,1
crashes,1
reforms,1
coffin,1
caution,1
ago,1
provided,1
loan,1
learned,1
attention,1
adjust,1
close,1
informational,1
competed,1
dictated,1
major,1
invest,1
seemed,1
separate,1
mechanism,1
input,1
