WORDCOUNTS,WEIGHT
the,821
of,473
in,334
to,311
and,213
a,196
was,159
that,153
for,121
by,107
as,88
reich,86
state,77
private,76
not,75
it,72
with,68
nazi,67
industry,65
is,61
were,54
und,52
be,52
this,51
der,51
from,50
on,50
firms,49
economic,47
an,44
economy,42
which,41
investment,40
pp,39
their,37
regime,35
even,33
p,33
its,33
but,33
r,32
enterprises,32
property,32
had,31
third,30
also,30
there,29
barch,29
could,28
die,28
they,27
ministry,26
no,25
however,25
therefore,25
see,25
did,25
s,24
during,24
only,24
german,23
production,23
finance,23
war,22
one,21
thus,21
buchheim,21
von,21
im,21
more,21
have,21
all,20
case,20
firm,20
companies,20
contract,19
at,18
because,18
about,18
under,18
other,18
deutsche,18
plan,18
new,18
period,18
very,18
ownership,18
important,17
after,17
been,17
iron,17
des,17
germany,16
business,16
or,16
would,16
temin,16
steel,16
much,16
if,15
four,15
big,15
year,15
public,14
well,14
industrial,14
projects,14
so,14
such,13
montan,13
his,13
planning,13
schemer,13
edited,13
fact,13
armaments,13
any,13
according,13
ig,13
national,13
way,12
dritten,12
investments,12
system,12
university,12
most,12
economics,12
example,12
materials,12
still,12
can,12
has,12
regard,12
between,12
berlin,11
goring,11
policy,11
being,11
rationing,11
zwischen,11
order,11
hermann,11
where,11
own,11
deutschen,11
high,11
expectations,11
are,11
some,10
rather,10
certain,10
raw,10
further,10
whole,10
autonomy,10
he,10
demand,10
orders,10
these,10
financial,10
necessary,10
plant,10
them,10
aviation,9
military,9
company,9
possible,9
politics,9
behavior,9
peter,9
compare,9
profit,9
without,9
soviet,9
similar,9
socialist,9
quite,9
second,9
staat,9
use,9
synthetic,9
plans,9
often,9
itself,9
capital,9
plants,9
zur,9
press,9
mason,9
kriegswirtschaft,8
market,8
large,8
overy,8
history,8
those,8
capacity,8
rights,8
means,8
latter,8
scherner,8
markets,8
hayes,8
already,8
many,8
time,8
general,8
article,8
who,8
considered,8
freedom,8
farben,8
cambridge,8
c,8
enterprise,8
than,7
profitability,7
first,7
entrepreneurs,7
price,7
competitive,7
incentives,7
hopmann,7
main,7
stuttgart,7
rule,7
otherwise,7
part,7
project,7
normally,7
when,7
provided,7
will,7
nationalsozialismus,7
role,7
indeed,7
costs,7
party,7
law,7
hydrogenation,7
agencies,7
das,7
made,7
clear,7
artificial,7
contracts,7
seen,7
efficiency,7
existed,7
following,7
profits,7
markt,7
rearmament,7
wirtschaft,7
respect,7
generally,7
basf,7
course,7
socialism,7
given,7
total,6
frankfurt,6
taken,6
actual,6
christoph,6
great,6
right,6
vol,6
framework,6
g,6
ag,6
kind,6
nazis,6
cases,6
essen,6
established,6
textile,6
fiir,6
appears,6
applied,6
future,6
used,6
scope,6
actors,6
few,6
july,6
make,6
restricted,6
planned,6
power,6
stated,6
again,6
addition,6
do,6
thirties,6
montankonzerne,6
krieg,6
entrepreneurial,6
mollin,6
eine,6
january,6
reichswerke,6
we,6
gmbh,6
note,6
continued,6
sometimes,6
force,6
why,6
control,6
riistungspolitik,6
despite,6
became,6
finally,6
instead,6
although,6
specific,6
instance,6
done,5
m,5
later,5
fixed,5
exceptions,5
interests,5
spoerer,5
textiles,5
producing,5
products,5
achieved,5
context,5
abelshauser,5
verlag,5
far,5
steiner,5
development,5
run,5
against,5
concerning,5
akademie,5
left,5
consequently,5
industries,5
forced,5
earlier,5
petzina,5
reason,5
autarky,5
cost,5
werkstoffe,5
primacy,5
wirtschaftlichkeitsgarantievertrag,5
degussa,5
al,5
almost,5
probably,5
et,5
good,5
always,5
actions,5
wirtschaftsgeschichte,5
april,5
positive,5
rohund,5
sales,5
social,5
dictatorship,5
tooze,5
regulation,5
end,5
question,5
hand,5
material,5
explicitly,5
remained,5
increase,5
largely,5
option,5
three,5
least,5
versus,5
amt,5
krupp,5
mannheim,5
output,5
natural,5
over,5
principle,5
privileged,5
geschichte,5
nominal,5
namely,5
making,5
inputs,5
extent,5
level,5
owner,5
preserved,5
little,5
through,5
november,5
prepared,5
product,5
among,5
recent,5
werner,5
group,4
former,4
politik,4
miinchen,4
provision,4
seems,4
government,4
i,4
within,4
vierjahresplan,4
money,4
exception,4
west,4
minimum,4
regarding,4
central,4
million,4
due,4
september,4
speer,4
turn,4
journal,4
plumpe,4
higher,4
interesting,4
york,4
birkenfeld,4
organization,4
allocation,4
buna,4
franz,4
commanded,4
bureaucracy,4
union,4
found,4
schweitzer,4
deal,4
centrally,4
fuel,4
rubber,4
guarantee,4
work,4
purpose,4
rm,4
treibstoff,4
monopoly,4
sense,4
bank,4
long,4
dividend,4
choose,4
resistance,4
notes,4
fiber,4
invest,4
bis,4
airplane,4
decisions,4
rational,4
neither,4
weltkrieg,4
factory,4
available,4
towards,4
jonas,4
michael,4
conviction,4
ibid,4
strengthened,4
herbst,4
full,4
exports,4
enlargement,4
played,4
neumann,4
structure,4
concluded,4
weimar,4
relationship,4
fascism,4
widespread,4
institutions,4
yale,4
analysis,4
ritschl,4
then,4
mentioned,4
different,4
ludwigshafen,4
speech,4
obviously,4
beginning,4
sectors,4
form,4
theory,4
produce,4
both,4
lorentz,4
aims,4
difference,4
deutschland,4
fibers,4
effects,4
modernisierung,4
increased,4
needs,4
supply,4
obligation,4
early,4
comparable,4
doing,4
depreciation,4
groups,3
guaranteeing,3
created,3
totaler,3
factories,3
krauch,3
true,3
h,3
strictly,3
slump,3
incidentally,3
scheingewinne,3
position,3
into,3
properties,3
negative,3
experience,3
every,3
redvers,3
interested,3
voss,3
confirmed,3
onwards,3
credits,3
gregor,3
able,3
composition,3
procedure,3
real,3
reserved,3
principal,3
political,3
autonomous,3
changed,3
financing,3
activity,3
obvious,3
information,3
owners,3
apply,3
economies,3
engage,3
interestingly,3
eventual,3
de,3
interest,3
characteristic,3
streb,3
jahrbuch,3
dealings,3
manager,3
funds,3
priority,3
relations,3
ct,3
contrary,3
instruments,3
boom,3
leadership,3
hardly,3
coal,3
may,3
garside,3
aim,3
surprisingly,3
wishes,3
growth,3
basic,3
process,3
opportunity,3
risk,3
b,3
direct,3
induce,3
augmented,3
nor,3
wanted,3
clearly,3
section,3
quoted,3
welfare,3
argued,3
too,3
initiative,3
additional,3
undertaken,3
consequence,3
respected,3
opinion,3
view,3
access,3
out,3
unternehmen,3
haven,3
greater,3
though,3
schneider,3
cannot,3
huge,3
representatives,3
postwar,3
prewar,3
leasing,3
gains,3
capitalism,3
london,3
nation,3
nationalized,3
gave,3
people,3
employed,3
lurie,3
allies,3
prices,3
change,3
successful,3
working,3
small,3
deutsches,3
up,3
proper,3
world,3
activities,3
arrangement,3
various,3
britain,3
short,3
expansion,3
reduce,3
cartels,3
strategic,3
single,3
competition,3
management,3
processing,3
included,3
same,3
two,3
eichholtz,3
request,3
consent,3
enlarge,3
enough,3
purposes,3
blohm,3
fibre,3
perhaps,3
number,3
calculation,3
another,3
demonstrated,3
oil,3
discussion,3
examples,3
including,3
ffir,3
operated,3
conditions,3
zum,3
described,3
low,3
directed,3
amounts,3
august,3
held,3
tim,3
miracle,3
especially,3
armament,3
internal,3
become,3
percent,3
astonishing,3
engagement,3
lang,3
decision,3
increasing,3
foreign,3
marktwirtschaft,3
ideology,3
attitude,3
subsidy,3
execution,3
extra,3
construction,3
rho,3
get,3
prollius,3
proof,3
share,3
authorities,3
practice,3
lessons,3
founded,3
spring,3
here,3
refused,3
guaranteed,3
substance,3
goods,3
just,3
options,3
ruhr,3
regulations,3
what,3
terms,3
less,3
problem,3
bureaucratic,3
secure,3
ohlendorf,3
beck,3
decisive,3
republic,3
tried,3
manufacturing,3
punktuelle,3
writing,3
ein,3
flugzeugindustrie,3
our,3
years,3
quotas,3
accept,3
motives,3
potential,3
textilindustrie,3
debate,3
fir,2
olpolitik,2
customers,2
implying,2
everyone,2
extreme,2
considerably,2
totally,2
introduction,2
becoming,2
regulatory,2
jews,2
agency,2
ample,2
old,2
designed,2
word,2
mit,2
ore,2
justified,2
western,2
geer,2
staatliche,2
occurred,2
verhiltnis,2
before,2
detected,2
said,2
anything,2
haushaltsrecht,2
either,2
unternehmensstrategien,2
certainly,2
might,2
expectation,2
incomplete,2
official,2
chemicals,2
als,2
best,2
capitalist,2
together,2
undertake,2
potentially,2
lebenshaltungskostenindex,2
last,2
meantime,2
mind,2
zu,2
emphasized,2
greatly,2
wage,2
wagner,2
behind,2
nazism,2
iv,2
march,2
felt,2
den,2
geared,2
sale,2
producers,2
october,2
richard,2
establishment,2
resources,2
quota,2
along,2
controlled,2
wherever,2
wawerla,2
labor,2
repeatedly,2
forschungsamt,2
review,2
decree,2
immediate,2
calculated,2
since,2
machine,2
agent,2
ability,2
gun,2
application,2
insisted,2
adam,2
ambrosius,2
legally,2
perspective,2
stokes,2
amount,2
back,2
highest,2
machines,2
served,2
compared,2
riistung,2
hedemann,2
poor,2
jochen,2
act,2
purely,2
l,2
principally,2
abolished,2
developed,2
how,2
aggressive,2
possession,2
fuels,2
explicit,2
biggest,2
notion,2
rwwa,2
determining,2
ohne,2
conversation,2
importance,2
brand,2
derived,2
rumms,2
albert,2
turroni,2
consider,2
industriearbeit,2
organized,2
statistisches,2
slowly,2
tolerated,2
froriep,2
threat,2
prevent,2
industrieelite,2
powerful,2
hart,2
requested,2
efficient,2
exploitation,2
export,2
investitionshilfe,2
methanol,2
paragraph,2
expressed,2
result,2
lead,2
restrict,2
effort,2
demands,2
requirements,2
meyhoff,2
term,2
kopper,2
unions,2
zweiten,2
equal,2
synthetischer,2
auschwitz,2
indirect,2
tools,2
rwb,2
viewed,2
recently,2
explain,2
technical,2
shape,2
rations,2
data,2
permitted,2
imports,2
explains,2
criticized,2
autarkiepolitik,2
plenipotentiary,2
baden,2
genuine,2
partly,2
collective,2
device,2
durch,2
duisburg,2
corollary,2
wirtschaftspolitik,2
won,2
approach,2
refuse,2
published,2
walsh,2
officials,2
responsibility,2
demystifying,2
contrast,2
acted,2
several,2
wirtschaftsordnung,2
characteristics,2
mineral,2
june,2
allotted,2
executed,2
depression,2
impossible,2
annual,2
orthodox,2
bundesarchiv,2
majority,2
farbenindustrie,2
paid,2
werke,2
wolfgang,2
am,2
avoid,2
input,2
led,2
san,2
situation,2
deutschlands,2
letters,2
nachfrage,2
action,2
licensing,2
schmidt,2
overall,2
community,2
above,2
lutz,2
handbuch,2
shortand,2
direction,2
selection,2
percentage,2
overview,2
hoffmann,2
precondition,2
serve,2
vereinigte,2
ed,2
ruprecht,2
largest,2
increasingly,2
rtistungsschmiede,2
fraenkel,2
members,2
organizations,2
wirtschaftsarchiv,2
mobilisierung,2
others,2
pointed,2
similarly,2
bopp,2
ban,2
powder,2
shows,2
lack,2
unternehmensgeschichte,2
consideration,2
pressure,2
appeared,2
droste,2
reasoning,2
explosives,2
really,2
reacted,2
banks,2
becker,2
arthur,2
doubt,2
spain,2
shown,2
continuing,2
accepted,2
jahrhundert,2
einer,2
upswing,2
free,2
realize,2
credit,2
meaningful,2
range,2
recht,2
manufactured,2
budraf,2
semantik,2
wachstum,2
budget,2
characteristically,2
assumption,2
dietmar,2
nationalsozialisten,2
evolution,2
recovery,2
engaged,2
auf,2
chosen,2
contribution,2
mineralilwirtschaft,2
trade,2
significance,2
quotation,2
wirtschaftsrecht,2
reality,2
authors,2
definitely,2
dominated,2
brabag,2
workers,2
individual,2
times,2
characterized,2
interventionist,2
ernst,2
multiplier,2
devise,2
preservation,2
technologiepolitik,2
vgf,2
instruction,2
exchange,2
textbooks,2
poensgen,2
krise,2
consciously,2
exactly,2
excluded,2
bresciani,2
lay,2
tendency,2
totalen,2
basically,2
normal,2
hachtmann,2
entitled,2
profitable,2
things,2
mfinchen,2
wirtschaftssystem,2
negotiations,2
states,2
aid,2
dual,2
today,2
perspectives,2
residual,2
geschlossenen,2
erker,2
employment,2
foregoing,2
class,2
substitution,2
hesse,2
kershaw,2
nagel,2
achieve,2
nationalization,2
table,2
instances,2
bigger,2
crowded,2
dissertation,2
marshal,2
meant,2
adamsen,2
heavy,2
dirigismus,2
conclusion,2
circumstances,2
extensive,2
syndicate,2
gerhard,2
besides,2
benefits,2
each,2
paper,2
shares,2
temporary,2
setting,2
historians,2
propaganda,2
konjunktur,2
domestic,2
contradictory,2
kockel,2
proved,2
assessment,2
february,2
behemoth,2
purchase,2
list,2
want,2
cause,2
maintain,2
bernhard,2
mere,2
wirtschaftsentwicklung,2
fully,2
engagements,2
influenced,2
precedent,2
agreed,2
rationed,2
chemie,2
varieties,2
giving,2
measure,2
generals,2
paderborn,2
barkai,2
using,2
maintained,2
kosten,2
until,2
pricing,2
obliged,2
average,2
unexpectedly,2
numerous,2
crisis,2
offer,2
actively,2
include,2
consumption,2
shirley,2
evidence,2
constructed,2
opinions,2
managing,2
hitlers,2
autumn,2
programme,2
speak,2
offered,2
observation,2
carl,2
rest,2
industrialists,2
themselves,2
marxist,2
zweite,2
era,2
book,2
import,2
severely,2
traditional,2
strong,2
famous,2
should,2
asked,2
built,2
frankly,2
race,2
close,2
hypothesis,2
exhibiting,1
difficult,1
democracy,1
does,1
propylaen,1
barbara,1
formulated,1
handsome,1
currently,1
allegedly,1
avraham,1
rate,1
punch,1
mineralblindustrie,1
costantino,1
avoiding,1
indicated,1
unlawful,1
generated,1
productions,1
hischle,1
corruption,1
mergers,1
auswirkung,1
jber,1
ready,1
degraded,1
represent,1
verwertungsgesellschaftfiir,1
wa,1
interventions,1
resulted,1
shipbuilding,1
liquidity,1
implies,1
measures,1
branches,1
neueinschditzung,1
originating,1
reprivatization,1
overcapacities,1
pushed,1
per,1
expect,1
halbsynthetische,1
center,1
american,1
operator,1
replaced,1
rayon,1
judged,1
saved,1
rainer,1
kinds,1
disbursed,1
essays,1
terminated,1
reparationsproblem,1
authority,1
openness,1
english,1
ways,1
irrespective,1
coalition,1
totale,1
jonathan,1
gollancz,1
specified,1
vernichtung,1
earnings,1
nicht,1
necessarily,1
unlike,1
holding,1
entwicklung,1
chemischen,1
ideologie,1
expropriated,1
something,1
nominally,1
staatsinterventionismus,1
hesitated,1
blechhammer,1
contested,1
beispiel,1
causes,1
source,1
meaningless,1
offering,1
proclamation,1
intentions,1
wirtschafi,1
predominantly,1
lower,1
urgency,1
inauguration,1
stressed,1
conforms,1
warand,1
sources,1
fast,1
constituting,1
creation,1
roman,1
mtihlheim,1
distinguishing,1
vandenhoeck,1
exclusive,1
silesian,1
originally,1
ii,1
zwischenbilanz,1
vierteljahrsheftefiir,1
give,1
zwangsarbeit,1
luftriistung,1
opted,1
watersheds,1
permanently,1
emerged,1
dispossessing,1
shortage,1
planwirtschaft,1
retreat,1
freely,1
neil,1
referees,1
duncker,1
negates,1
bloomington,1
mfiller,1
words,1
definition,1
parties,1
possibilities,1
principles,1
europe,1
leading,1
advantage,1
assertion,1
accompanied,1
industrie,1
reasons,1
fiihrungsoder,1
thank,1
differences,1
accumulated,1
senses,1
follows,1
annahme,1
aircraft,1
proves,1
closer,1
stateunlike,1
take,1
deemed,1
monopolindustrie,1
half,1
help,1
lagers,1
dtinnhaupt,1
precisely,1
weltkriegs,1
titbingen,1
opposite,1
motivated,1
fulfilling,1
seminar,1
proposals,1
proceed,1
preventing,1
lic,1
forward,1
forthcoming,1
alfred,1
synthetische,1
save,1
key,1
industrieverwaltungsgesellschaft,1
task,1
lehrbitchern,1
prone,1
constraint,1
primary,1
u,1
bankenpolitik,1
design,1
lignite,1
chapter,1
socialized,1
account,1
quantities,1
replacement,1
opened,1
distributing,1
e,1
determined,1
machinery,1
cooperation,1
concentrating,1
uwe,1
characterize,1
establishing,1
willy,1
mutual,1
consciousness,1
diss,1
chemnitz,1
nationalkkonomischen,1
point,1
except,1
grdflich,1
utmost,1
quantity,1
cited,1
enlargements,1
desirable,1
cient,1
compares,1
mining,1
decreasing,1
promises,1
investing,1
demanded,1
irrational,1
productivityenhancing,1
warfare,1
internationally,1
reichshaushaltsordnung,1
realizing,1
ivg,1
furthering,1
human,1
siedler,1
build,1
goal,1
albrecht,1
phase,1
throughout,1
promulgating,1
collapse,1
dependence,1
militdrgeschichtliches,1
relationships,1
erection,1
proceeded,1
severe,1
studien,1
quality,1
wirtschaftsund,1
wunder,1
bonn,1
author,1
scarce,1
intact,1
lectures,1
pier,1
untersuchungen,1
polycratic,1
experts,1
unspecified,1
relinquished,1
occurs,1
studie,1
morphologische,1
gall,1
nationalsozialistischen,1
type,1
execute,1
nonstate,1
learning,1
affairs,1
backes,1
mixed,1
commerzbank,1
elements,1
subordinated,1
humblot,1
uberlegungen,1
reluctance,1
christopher,1
keep,1
document,1
vom,1
memorandum,1
walther,1
serving,1
columbia,1
channels,1
flawed,1
fate,1
allowing,1
iber,1
dates,1
minus,1
ally,1
applying,1
continuous,1
effective,1
criterion,1
publications,1
vanish,1
ttingen,1
helpful,1
undertaking,1
verwaltungsrechts,1
y,1
firmenarchivs,1
unconditional,1
vergangenheit,1
practically,1
rtidiger,1
appreciated,1
terror,1
ruinous,1
loan,1
influence,1
spannungsfeld,1
ma,1
businessmen,1
error,1
implementation,1
festschrift,1
contracting,1
focused,1
incentive,1
uncooperative,1
goering,1
maschinenbauindustrie,1
reichsbehorden,1
hanneken,1
alleged,1
laboring,1
whose,1
hamburg,1
essential,1
gestaltung,1
operations,1
exact,1
mbh,1
subjected,1
observers,1
performance,1
aimed,1
federal,1
interpretation,1
wehrmacht,1
remain,1
ironic,1
innovationserfolge,1
adapt,1
griindung,1
unit,1
appreciation,1
levels,1
dilsseldorf,1
realistically,1
bore,1
mean,1
johannes,1
deliberately,1
zeitgeschichte,1
staatsarchiv,1
comply,1
granted,1
connected,1
meaning,1
untemehmen,1
reprivatize,1
anordnung,1
special,1
enacted,1
k,1
emergency,1
buchgesellschaft,1
wehrmachtsund,1
ludwig,1
productive,1
consequences,1
carles,1
front,1
eigenkapitalrentabilitdt,1
shell,1
support,1
raymond,1
references,1
ralf,1
determination,1
kuln,1
suppression,1
paragraphs,1
win,1
partnership,1
bad,1
ffr,1
freeze,1
decrees,1
ausfuhr,1
privatizations,1
possibly,1
retained,1
schaffgott,1
contradicts,1
dated,1
franco,1
liberal,1
forschungen,1
threatening,1
mary,1
verein,1
contemporaries,1
arbeitsbedingungen,1
instrument,1
weak,1
frequently,1
quarters,1
profile,1
situations,1
steuerung,1
show,1
heading,1
nationalize,1
caplan,1
follow,1
officer,1
followed,1
organisation,1
problems,1
mix,1
willing,1
restriction,1
liberally,1
nationality,1
metal,1
erzeugung,1
adapting,1
providing,1
ian,1
advocated,1
dc,1
ludolf,1
draws,1
contention,1
interventionism,1
moving,1
standards,1
ersten,1
zitelmann,1
klaus,1
came,1
based,1
assets,1
whom,1
socialpolitik,1
path,1
volkmann,1
zeit,1
declined,1
harder,1
kehrl,1
jewish,1
ambition,1
called,1
strength,1
inclusion,1
temptation,1
drittes,1
patrick,1
wrongly,1
hochdrucksynthesen,1
international,1
saur,1
luftfahrt,1
monate,1
utopie,1
weltbild,1
tires,1
respects,1
schriftenprivate,1
late,1
disincentives,1
wissenstransfer,1
fourth,1
outset,1
hamburger,1
furthermore,1
understood,1
oder,1
flir,1
aryan,1
profited,1
displayed,1
hitler,1
grenzregion,1
creativeness,1
prohibit,1
population,1
sentence,1
priorities,1
meet,1
russell,1
verhaltnis,1
placed,1
fashionable,1
wirtschaftsbestimmungen,1
eye,1
procedures,1
depriving,1
musterschmidt,1
required,1
andre,1
bow,1
opposition,1
approvingly,1
materialized,1
benign,1
hervorhebung,1
engine,1
expensive,1
transcription,1
reopening,1
failure,1
directly,1
keeping,1
participation,1
unequal,1
resold,1
junkers,1
degrees,1
injection,1
closed,1
foresaw,1
garingwerke,1
writers,1
landwirtschaftlichen,1
prominent,1
favourable,1
characterization,1
competing,1
civil,1
reduction,1
reemergence,1
brushed,1
caught,1
description,1
ten,1
cracking,1
literature,1
bouvier,1
older,1
reihe,1
discussions,1
place,1
broad,1
johann,1
concentrate,1
noted,1
unrestricted,1
survey,1
earn,1
statistics,1
neue,1
augment,1
call,1
hensler,1
garing,1
participate,1
achieving,1
capacities,1
wissenschaftliche,1
gently,1
overcapacity,1
auslieferung,1
doubtful,1
status,1
conform,1
muller,1
alliance,1
lionel,1
enthusiastic,1
interpreted,1
grundriss,1
longterm,1
sic,1
wendel,1
bought,1
creating,1
construct,1
esteem,1
correct,1
oberschlesische,1
fulfilled,1
hard,1
field,1
constituent,1
revolution,1
suggest,1
wished,1
debts,1
nationalizing,1
auslandsverschuldung,1
unbearable,1
obligatory,1
sudrii,1
owned,1
phrase,1
stalinist,1
ehrenwirth,1
outbreak,1
miglheim,1
disunity,1
geburtstag,1
highly,1
ordnung,1
components,1
bowed,1
exigencies,1
amounted,1
andrei,1
trusts,1
decline,1
bernd,1
protect,1
distinguished,1
inefficiency,1
potent,1
altogether,1
forstmeier,1
bahr,1
shliefer,1
christians,1
fyr,1
progress,1
interventionsstaat,1
dependent,1
productivity,1
lorenz,1
wettbewerb,1
relic,1
plausible,1
diminished,1
value,1
newly,1
paul,1
fwh,1
letting,1
entrepreneurship,1
grasp,1
promising,1
top,1
seemed,1
marktordnung,1
society,1
deferring,1
smashed,1
prescribed,1
inspection,1
threatened,1
critical,1
pertaining,1
tive,1
reductions,1
territorial,1
boards,1
employ,1
interference,1
incorrect,1
separation,1
comparative,1
resisted,1
emergente,1
intended,1
return,1
indication,1
entrepreneur,1
gnp,1
prevailing,1
forbidden,1
privatized,1
prove,1
uber,1
echoing,1
intervention,1
expanded,1
unternehmer,1
schacht,1
targeted,1
movement,1
adapted,1
sion,1
spectacular,1
gajewski,1
ristungsschmiede,1
oxford,1
yet,1
urged,1
victor,1
violence,1
reference,1
permission,1
refusing,1
arrangements,1
thought,1
corroborated,1
soon,1
shleifer,1
ring,1
east,1
igfiles,1
technology,1
j,1
termination,1
kriegfiihrung,1
tax,1
earned,1
participants,1
lohnund,1
scheingewinnen,1
junker,1
release,1
rightly,1
complete,1
shifting,1
choices,1
friedrich,1
deliver,1
hanserich,1
determine,1
insights,1
qualified,1
oldenbourg,1
enforce,1
rise,1
wuppertal,1
functioned,1
payments,1
avoided,1
subsidize,1
hallmark,1
declining,1
desaster,1
useful,1
chose,1
balancing,1
stemmed,1
unlimited,1
managers,1
attainable,1
aspect,1
lenkungswirtschaft,1
stahlwerke,1
mark,1
reprivatized,1
shipbuilder,1
stating,1
put,1
notarial,1
analyse,1
reaktionare,1
nationalizations,1
missing,1
rationalitdt,1
abilities,1
rtistungspolitik,1
longer,1
coincidence,1
fundamental,1
head,1
abstain,1
romain,1
creative,1
proposal,1
clarendon,1
agree,1
afraid,1
chemischer,1
enable,1
contradict,1
daily,1
larger,1
wedded,1
clause,1
personality,1
seize,1
contemporary,1
navy,1
bundle,1
reckoned,1
beliefs,1
woolston,1
minister,1
sebastian,1
rhetoric,1
sozialismus,1
never,1
beforehand,1
took,1
slavishly,1
fuir,1
goiring,1
nuernberg,1
jane,1
privatization,1
cards,1
devoted,1
developing,1
existing,1
warrelated,1
noneconomic,1
relevant,1
heavily,1
roland,1
spoke,1
diusseldorf,1
assortment,1
vorabend,1
seminars,1
books,1
socialization,1
monowitz,1
guarantees,1
ordinary,1
arises,1
compete,1
chair,1
reichsnahrstandes,1
organize,1
argues,1
minded,1
original,1
complicity,1
week,1
binnenkonjunktur,1
banken,1
indiana,1
invested,1
background,1
treated,1
reaped,1
autarkic,1
reversed,1
reichsbahn,1
prohibition,1
exporting,1
sides,1
discrimination,1
formal,1
deposits,1
translation,1
characterizing,1
werkzeugmaschinen,1
reichs,1
load,1
elite,1
functionaries,1
medium,1
encroach,1
significant,1
expression,1
combining,1
food,1
sold,1
unfortunately,1
deleterious,1
residues,1
unprofitable,1
additions,1
mehr,1
equity,1
staatswissenschaften,1
selbstverwaltung,1
duisseldorf,1
aside,1
resulting,1
harvard,1
uneconomically,1
rare,1
besonderer,1
nothing,1
giring,1
heinrich,1
legal,1
rticksicht,1
advantages,1
charge,1
titus,1
budrab,1
switched,1
eisenkontingentierung,1
montanindustrie,1
modem,1
grew,1
appreciably,1
publication,1
ceasing,1
unternehmens,1
modernization,1
krosigk,1
related,1
sozialund,1
reap,1
interpret,1
issn,1
lifted,1
hdschle,1
weltwirtschaftskrise,1
liberate,1
like,1
summer,1
hammer,1
risen,1
germanic,1
mines,1
haftlingen,1
kept,1
keen,1
vandenhoek,1
improved,1
permitting,1
transcends,1
spent,1
jfir,1
margin,1
vorkriegszeit,1
outside,1
wirtschaftsrechts,1
akkumulation,1
qualities,1
eyes,1
businesses,1
sight,1
let,1
weakest,1
mitte,1
banking,1
mainly,1
prisons,1
accordingly,1
effect,1
closures,1
confusing,1
fur,1
seeking,1
gegensatz,1
lothar,1
gerd,1
analyze,1
equivalent,1
robbins,1
cape,1
figures,1
ftirstenberg,1
saw,1
institution,1
htschle,1
vierteljahrschrift,1
quarterly,1
kruppkonzern,1
quarter,1
creativity,1
andreas,1
sole,1
encompassing,1
chemnitzer,1
secret,1
erzeugungsplan,1
stiftung,1
operating,1
staffed,1
implicitly,1
carried,1
depth,1
telephone,1
asking,1
suggestion,1
soziale,1
valuable,1
brancheniibergreifender,1
hydrierwerke,1
belonged,1
transfersperre,1
sche,1
sealed,1
nachkriegszeit,1
mixture,1
bureaucrats,1
figure,1
five,1
bewailed,1
fear,1
stocks,1
select,1
preferably,1
lines,1
primarily,1
schwerin,1
racial,1
lobbying,1
independence,1
multitude,1
heiner,1
exceptional,1
success,1
concluding,1
transformed,1
strongly,1
miuller,1
maments,1
effectively,1
wirtschaftsleben,1
telex,1
proposition,1
investitionsvertragen,1
requests,1
rapidly,1
executive,1
dietrich,1
wilhelm,1
life,1
inspired,1
furthered,1
responsible,1
united,1
months,1
steigerung,1
paying,1
unacceptable,1
octagon,1
attachment,1
wirtschaftssteuerung,1
matters,1
quantitatively,1
family,1
circumscribed,1
kunststoffindustrie,1
undertook,1
riicksicht,1
exercised,1
constant,1
reckon,1
sorting,1
version,1
subsidization,1
audits,1
industrieaktiengesellschaften,1
respective,1
contradiction,1
simply,1
constituted,1
ever,1
scarcely,1
accruing,1
implied,1
precise,1
subsidized,1
beitrag,1
decreed,1
quotes,1
exaggeratedly,1
mifller,1
sums,1
compensation,1
offers,1
set,1
grojfwerft,1
quickly,1
reiches,1
berkeley,1
reichsgesetzblatt,1
exploded,1
schwann,1
prinz,1
modemisierungsprogramm,1
sure,1
country,1
governance,1
contemplated,1
worth,1
zuschussvertrags,1
december,1
innovations,1
crediblethe,1
nevertheless,1
down,1
barcelona,1
ph,1
geschift,1
endeavored,1
current,1
report,1
eventually,1
iii,1
ikonomische,1
wirtschaftsgruppe,1
research,1
perfectly,1
arbeitseinsatz,1
allocated,1
sum,1
director,1
noncompetitive,1
chaotic,1
impressively,1
living,1
absolutely,1
oliver,1
riistungsboom,1
elena,1
prosecute,1
privatize,1
verhdltnis,1
automatically,1
darmstadt,1
whether,1
worthwhile,1
selected,1
involvement,1
chemiefaserindustrie,1
add,1
proven,1
statement,1
writes,1
shortages,1
prozesse,1
leaving,1
dream,1
supplemented,1
while,1
guring,1
yield,1
sudria,1
springer,1
ideal,1
w,1
scruples,1
upper,1
categories,1
art,1
middle,1
finished,1
forschungskontroverse,1
conference,1
fieseler,1
reichsgruppe,1
apparatus,1
intention,1
recognition,1
apt,1
conclude,1
introduced,1
surrendered,1
jahrhunderts,1
wiederaufbau,1
adolf,1
content,1
easy,1
subject,1
recommendations,1
thankful,1
administration,1
step,1
regulated,1
commissioned,1
confronted,1
shareholders,1
hiberlein,1
results,1
copper,1
clothing,1
ranks,1
dock,1
takeover,1
abstained,1
think,1
reintroduced,1
militargeschichtliches,1
nationalsozialistische,1
come,1
producer,1
bargaining,1
ss,1
cartelization,1
ulrich,1
seit,1
differentiation,1
unable,1
reveals,1
disposal,1
unilateral,1
intensified,1
verbende,1
rationalization,1
moiller,1
institutional,1
ores,1
samuel,1
washington,1
befehlswirtschaft,1
aware,1
wish,1
arnold,1
advantageous,1
employer,1
typically,1
integrated,1
define,1
d,1
neugriindung,1
need,1
manufacture,1
internationalen,1
writer,1
disintegrated,1
justus,1
schatten,1
regular,1
piece,1
forming,1
overutilized,1
kassel,1
dresdner,1
association,1
peacetime,1
dispose,1
underlined,1
repealed,1
anonymous,1
restored,1
inclination,1
mounting,1
consisting,1
overambitious,1
deciding,1
substitute,1
withdrew,1
russia,1
drdiger,1
politische,1
hills,1
liquid,1
negotiate,1
jahren,1
reached,1
cheaper,1
irrelevant,1
partial,1
create,1
civilian,1
ursachen,1
substantial,1
exclusively,1
element,1
abroad,1
burden,1
persuaded,1
casts,1
genshagen,1
whenever,1
observed,1
profiles,1
detriment,1
conversations,1
hans,1
otto,1
neugrfindung,1
major,1
drdgerwerk,1
