WORDCOUNTS,WEIGHT
the,122
of,52
and,33
in,24
that,22
uncertainty,22
risk,21
premium,20
to,17
investment,15
during,13
for,11
this,11
a,10
i,10
on,10
period,9
depression,9
financial,7
great,7
crash,7
interwar,7
standard,7
decline,7
was,6
by,6
hypothesis,6
may,5
relationship,5
with,5
s,5
volatility,5
real,5
stock,5
crises,5
have,5
interest,5
an,5
early,5
gold,5
shocks,4
analysis,4
is,4
support,4
policy,4
behavior,4
associated,4
from,4
these,4
test,4
business,4
robert,4
findings,4
contributed,4
romer,4
between,4
than,4
market,3
measures,3
as,3
united,3
changes,3
pp,3
irreversibility,3
only,3
provide,3
j,3
my,3
activity,3
literature,3
example,3
its,3
empirical,3
measure,3
results,3
policies,3
models,3
finally,3
states,3
after,3
increased,3
banking,3
rates,3
at,2
f,2
rate,2
york,2
durables,2
levels,2
propagation,2
unprecedented,2
about,2
not,2
moreover,2
summaries,2
dissertation,2
into,2
abandon,2
but,2
regime,2
important,2
dissertations,2
are,2
expenditures,2
capital,2
economics,2
new,2
john,2
events,2
variation,2
term,2
declines,2
nominal,2
income,2
rose,2
see,2
time,2
autonomous,2
money,2
stabilize,2
suggests,2
cooperation,2
spending,2
work,2
international,2
explains,2
significant,2
use,2
factor,2
structures,2
cycle,2
finding,2
prices,2
david,2
american,2
effects,2
response,2
effect,2
structure,2
journal,2
focus,2
value,2
evidence,2
christina,2
gordon,2
model,1
regained,1
will,1
it,1
does,1
intermediation,1
high,1
recognized,1
doubts,1
mitigate,1
onset,1
without,1
economy,1
implemented,1
steadily,1
rather,1
economic,1
responds,1
ways,1
fear,1
credibility,1
motivated,1
college,1
widespread,1
bond,1
lost,1
extends,1
mar,1
economists,1
ferderer,1
they,1
eichengreen,1
their,1
fetters,1
replaced,1
direction,1
studies,1
positive,1
confidence,1
expectations,1
lowered,1
calculate,1
second,1
factors,1
turmoil,1
federal,1
q,1
veitch,1
bank,1
continuity,1
rises,1
under,1
university,1
fixed,1
total,1
ed,1
most,1
show,1
two,1
agents,1
first,1
beyond,1
destabilizing,1
stabilization,1
imply,1
regress,1
cost,1
long,1
besides,1
expands,1
successfully,1
also,1
alternative,1
helped,1
m,1
faced,1
again,1
timevarying,1
view,1
experienced,1
many,1
greater,1
had,1
dramatically,1
fact,1
lack,1
other,1
aftermath,1
asserts,1
incorporating,1
lessen,1
found,1
argue,1
zalewski,1
half,1
appeared,1
reflationary,1
narrative,1
speculation,1
plagued,1
embodiment,1
aug,1
providence,1
resulting,1
econometrica,1
golden,1
roosevelt,1
markets,1
embedded,1
hand,1
greatly,1
present,1
political,1
increases,1
focused,1
recently,1
less,1
system,1
until,1
case,1
supports,1
necessary,1
russell,1
volatile,1
shifts,1
u,1
incorporate,1
technical,1
because,1
larger,1
influenced,1
tobin,1
upheaval,1
empirically,1
emanating,1
attiat,1
discussion,1
who,1
scope,1
pursue,1
both,1
completed,1
level,1
calmed,1
barry,1
likely,1
point,1
competing,1
reserve,1
cited,1
increase,1
dollar,1
confirm,1
end,1
negative,1
department,1
administration,1
premia,1
hypotheses,1
largely,1
turbulence,1
warranted,1
optimism,1
net,1
trend,1
recovery,1
were,1
focuses,1
raising,1
collapse,1
producer,1
legislation,1
initiatives,1
lessened,1
spring,1
reverse,1
explained,1
estimating,1
monetary,1
such,1
breakdown,1
significance,1
three,1
inflation,1
against,1
approach,1
delay,1
pindyck,1
health,1
peter,1
crisis,1
change,1
although,1
consumer,1
allowed,1
characterized,1
price,1
d,1
consumption,1
suggest,1
nonresidential,1
next,1
engle,1
multiplier,1
attempted,1
shortly,1
reaches,1
sharp,1
provides,1
measured,1
developments,1
clark,1
stabilized,1
especially,1
amount,1
highest,1
research,1
c,1
supply,1
chicago,1
credible,1
be,1
ott,1
find,1
when,1
progress,1
analyze,1
entire,1
sept,1
describes,1
using,1
avoid,1
recent,1
quarterly,1
lilien,1
delayed,1
aggregate,1
robins,1
widely,1
brown,1
major,1
costly,1
decision,1
