WORDCOUNTS,WEIGHT
the,461
of,314
and,203
in,142
plank,126
to,120
a,117
roads,106
road,91
new,79
that,72
for,58
york,58
state,45
by,43
were,43
on,40
with,36
pp,34
from,33
as,32
at,30
was,29
p,29
population,26
rural,26
county,25
but,25
is,25
their,23
had,22
economic,22
not,22
s,21
we,21
most,20
city,20
townships,20
be,20
more,19
investment,19
railroads,18
or,18
would,18
boom,17
than,17
community,17
see,17
an,17
percent,17
counties,16
could,15
maps,15
big,14
companies,14
this,14
investors,14
also,14
klein,14
cities,14
have,14
market,13
all,13
construction,13
report,13
between,13
built,13
growth,12
majewski,12
are,12
canals,11
per,11
large,11
those,11
no,11
markets,11
railroad,11
only,11
which,11
table,11
it,10
history,10
farmers,10
b,10
public,10
baer,10
many,10
number,10
states,10
articles,10
association,10
dairy,10
capital,10
transportation,9
h,9
spirit,9
committee,9
sources,9
miles,9
yorkers,9
mileage,9
used,9
residents,9
albany,9
macadam,9
farm,9
been,9
land,9
they,8
american,8
one,8
first,8
lumber,8
other,8
i,8
some,8
canal,8
syracuse,8
even,8
after,8
cost,8
gillespie,8
these,8
reports,8
who,8
citizens,8
travel,8
surfacing,8
estate,7
library,7
into,7
total,7
did,7
real,7
america,7
costs,7
census,7
promoters,7
stock,7
turnpikes,7
example,7
few,7
value,7
local,7
oneida,7
communities,7
towns,7
five,7
variable,7
appendix,7
returns,7
massachusetts,7
william,7
enterprise,7
rate,6
labor,6
ithaca,6
words,6
there,6
less,6
chartered,6
such,6
mile,6
special,6
n,6
holdings,6
near,6
because,6
geddes,6
acts,6
decline,6
production,6
planks,6
movement,6
wisconsin,6
social,6
law,6
assembly,6
values,6
allowed,6
especially,6
regressions,6
manual,6
each,6
historical,6
capita,6
map,6
both,6
through,6
if,5
later,5
manuscript,5
source,5
island,5
t,5
long,5
georgia,5
improved,5
henry,5
has,5
review,5
century,5
poor,5
town,5
university,5
emergence,5
important,5
michigan,5
data,5
kingsford,5
utica,5
wheat,5
least,5
annual,5
when,5
society,5
he,5
located,5
about,5
j,5
noted,5
financial,5
shows,5
pennsylvania,5
weighted,5
free,5
upon,5
dummy,5
relative,5
george,5
usually,5
united,5
rider,5
them,5
almost,5
ohio,5
manufacturing,5
invested,5
illinois,5
c,5
north,5
deeper,5
archives,4
pierce,4
studies,4
england,4
rothenberg,4
government,4
daniel,4
u,4
poughkeepsie,4
account,4
laws,4
along,4
letter,4
collection,4
merchants,4
development,4
calculated,4
interest,4
relatively,4
output,4
journal,4
bogart,4
mean,4
importance,4
study,4
benefits,4
observations,4
greater,4
gregory,4
legislative,4
came,4
hands,4
missouri,4
carolina,4
wealth,4
improve,4
well,4
part,4
during,4
unimproved,4
landownership,4
box,4
small,4
various,4
indicates,4
tax,4
factory,4
others,4
areas,4
time,4
larger,4
turnpike,4
john,4
contemporary,4
another,4
made,4
beekmantown,4
three,4
ellis,4
like,4
period,4
high,4
organizers,4
james,4
foster,4
subscribers,4
often,4
erie,4
quickly,4
legislature,4
senate,4
better,4
economy,4
maryland,4
manuscripts,4
problem,4
property,4
episode,4
our,4
enthusiasm,4
until,4
average,4
d,4
early,4
much,4
taylor,4
meeting,4
o,3
winifred,3
e,3
stephenson,3
antebellum,3
negative,3
give,3
variables,3
official,3
company,3
wooden,3
products,3
farmer,3
help,3
argus,3
california,3
durrenberger,3
magazine,3
except,3
very,3
buck,3
against,3
de,3
ease,3
democrat,3
general,3
may,3
seventh,3
act,3
shupe,3
rising,3
capitalization,3
improvement,3
branch,3
proved,3
just,3
mary,3
jersey,3
argued,3
w,3
age,3
four,3
show,3
buffalo,3
providing,3
location,3
found,3
stormville,3
hinterland,3
produced,3
however,3
absolute,3
onondaga,3
professionals,3
network,3
its,3
year,3
figures,3
monroe,3
ruts,3
commerce,3
revolution,3
around,3
several,3
impossible,3
using,3
will,3
goodrich,3
coleman,3
secretary,3
engineering,3
median,3
competition,3
index,3
falls,3
adjusted,3
complete,3
ed,3
without,3
isolated,3
irvine,3
stones,3
declining,3
members,3
statistics,3
lack,3
documents,3
incorporation,3
never,3
behind,3
wood,3
thousands,3
planking,3
region,3
dutchess,3
gazetteer,3
individuals,3
examination,3
improvements,3
advantages,3
significance,3
held,3
christopher,3
gates,3
uriah,3
internal,3
become,3
can,3
probably,3
hunt,3
independent,3
tocqueville,3
began,3
canada,3
sections,3
incorporated,3
ratio,3
figure,3
benefit,3
constant,3
what,3
corporations,3
making,3
while,3
institute,3
produce,3
urban,3
level,3
barron,3
gain,3
reveals,3
national,3
fairfield,3
bigger,3
increased,3
offered,3
upstate,3
hills,3
given,3
abandoned,3
building,3
close,3
major,3
proposed,2
miller,2
democracy,2
declared,2
created,2
iowa,2
measures,2
connecticut,2
village,2
group,2
needed,2
organizer,2
rogers,2
zero,2
ways,2
modern,2
candidate,2
western,2
encourage,2
nineteenth,2
landowners,2
different,2
provision,2
modest,2
kulikoff,2
certainly,2
taken,2
motivations,2
might,2
generated,2
rhode,2
reach,2
leading,2
carter,2
suggesting,2
great,2
take,2
integrate,2
regression,2
profitable,2
regressed,2
lincklaer,2
papers,2
british,2
side,2
takes,2
historians,2
primary,2
vol,2
west,2
still,2
cheese,2
ranked,2
timber,2
pay,2
expected,2
forced,2
rank,2
clark,2
david,2
amount,2
compared,2
estimate,2
raitt,2
stagnation,2
so,2
hardly,2
rates,2
mohawk,2
assessed,2
philadelphia,2
plotted,2
macadamize,2
his,2
traffic,2
main,2
proceedings,2
remain,2
square,2
proportion,2
travels,2
matched,2
white,2
factors,2
support,2
wagon,2
day,2
occupational,2
statistical,2
dated,2
section,2
impact,2
frequently,2
starling,2
filed,2
followed,2
alexis,2
faced,2
dc,2
whereas,2
sleepers,2
expressed,2
my,2
based,2
suburbs,2
affordable,2
societies,2
histories,2
speeches,2
called,2
access,2
lived,2
out,2
henretta,2
scheiber,2
occupation,2
understood,2
war,2
otherwise,2
spur,2
wayne,2
information,2
technical,2
failure,2
stake,2
ten,2
broad,2
people,2
et,2
folder,2
consistent,2
president,2
washington,2
celebrations,2
enthusiastic,2
ledyard,2
earth,2
quarterly,2
sense,2
successful,2
responsibility,2
suggest,2
order,2
owned,2
driving,2
june,2
blunt,2
maine,2
fully,2
up,2
results,2
roots,2
notes,2
provided,2
moved,2
invest,2
periods,2
likely,2
situation,2
power,2
variety,2
horses,2
benson,2
harry,2
unsurfaced,2
museum,2
professor,2
culture,2
same,2
generally,2
al,2
toronto,2
vermont,2
regional,2
french,2
put,2
l,2
experienced,2
water,2
toll,2
pressure,2
occupations,2
dividends,2
end,2
considerable,2
pattern,2
trips,2
took,2
ground,2
covered,2
where,2
norms,2
simplicity,2
binford,2
mill,2
valleys,2
monkkonen,2
published,2
original,2
session,2
lost,2
haydon,2
increase,2
operated,2
congress,2
engineers,2
office,2
stayed,2
described,2
low,2
adding,2
co,2
individual,2
times,2
pride,2
farms,2
last,2
municipal,2
include,2
article,2
k,2
overcome,2
excluded,2
danhof,2
artisans,2
capitalism,2
gunn,2
travelers,2
northern,2
grain,2
atlas,2
hope,2
carried,2
guillet,2
seasons,2
relationship,2
aid,2
raise,2
integration,2
charters,2
provide,2
bound,2
promotional,2
lines,2
means,2
dirt,2
federalism,2
class,2
fall,2
hagley,2
types,2
sheldon,2
mud,2
claims,2
assistant,2
contained,2
delorme,2
associated,2
following,2
series,2
must,2
constituted,2
besides,2
alternative,2
over,2
country,2
half,2
far,2
build,2
quoted,2
living,2
beginning,2
according,2
completion,2
list,2
suggests,2
middle,2
boston,2
hal,2
code,2
transport,2
little,2
despite,2
easy,2
transition,2
rochester,2
merchant,2
bridges,2
abbott,2
producer,2
shown,2
spring,2
lists,2
years,2
cambridge,2
conditions,2
contributed,2
gravel,2
dinner,2
evidence,2
smaller,2
you,2
prosperity,2
gentry,2
off,2
voluntary,2
area,2
madison,2
financially,2
supported,2
potential,2
landlords,2
valley,2
cross,2
should,2
resources,2
ca,2
cll,1
frequent,1
does,1
now,1
gerald,1
handsome,1
convergence,1
common,1
estimated,1
conflicting,1
bonding,1
commentary,1
names,1
groups,1
generous,1
stood,1
ready,1
sequestered,1
laud,1
college,1
determine,1
busy,1
hemlock,1
considerably,1
spurred,1
mar,1
utility,1
distributed,1
connect,1
center,1
unsure,1
complex,1
residences,1
doom,1
illegal,1
confidence,1
enhance,1
stone,1
formed,1
live,1
asserted,1
picking,1
true,1
sudden,1
union,1
specified,1
clifford,1
beleaguered,1
weaker,1
halt,1
motive,1
policy,1
bodle,1
fixed,1
equated,1
necessarily,1
unlike,1
ambitious,1
equations,1
before,1
impeded,1
attractiveness,1
descriptions,1
genesee,1
turning,1
baker,1
journeys,1
test,1
experience,1
said,1
highlighted,1
amihai,1
hence,1
subscribed,1
matured,1
finger,1
originally,1
thoroughfare,1
investments,1
rapid,1
attempt,1
ears,1
referees,1
nature,1
confirmed,1
principles,1
height,1
attractive,1
available,1
seneca,1
advantage,1
together,1
editorialists,1
thank,1
mills,1
atlantic,1
onto,1
composition,1
tx,1
replanking,1
yearbook,1
wealthy,1
feature,1
loose,1
precisely,1
raised,1
reserved,1
robert,1
political,1
mail,1
somewhat,1
declines,1
within,1
dissolved,1
backlash,1
seminar,1
retrenchment,1
case,1
documenting,1
clarence,1
task,1
money,1
planted,1
retailers,1
agriculture,1
right,1
march,1
roger,1
jack,1
discrepancies,1
felt,1
prior,1
recommended,1
possible,1
outlying,1
condition,1
drive,1
reaction,1
diplomat,1
move,1
mobilizing,1
obvious,1
clear,1
smooth,1
reflecting,1
x,1
recalcitrant,1
indicating,1
uncertain,1
chart,1
anticipated,1
incorporations,1
representing,1
financed,1
inexpensive,1
todd,1
treatise,1
fellow,1
expertise,1
acres,1
chairman,1
central,1
million,1
iron,1
township,1
throughout,1
expect,1
lakes,1
aborted,1
lammert,1
run,1
since,1
realized,1
unpublished,1
toasts,1
janet,1
mentalite,1
consumer,1
price,1
participating,1
ray,1
materially,1
convention,1
sample,1
z,1
worn,1
taste,1
progressive,1
thakerian,1
maintaining,1
old,1
ct,1
urbanization,1
stored,1
document,1
seeing,1
approval,1
speed,1
difficulty,1
left,1
libraries,1
twice,1
chap,1
traveler,1
thin,1
profit,1
explore,1
y,1
ira,1
fulton,1
apparently,1
niagara,1
unskilled,1
summer,1
poorly,1
rights,1
operation,1
sleighs,1
wilmington,1
recognized,1
adequate,1
reflects,1
hopes,1
westport,1
rather,1
links,1
curator,1
performance,1
across,1
developed,1
angeles,1
how,1
sort,1
influential,1
johnston,1
highway,1
snowfall,1
overwhelm,1
opportunity,1
compacted,1
neighborhood,1
edwin,1
freeport,1
heard,1
eight,1
similar,1
derived,1
partially,1
lacking,1
distant,1
tolls,1
lay,1
feel,1
scattered,1
miscellaneous,1
moreover,1
supposed,1
bonds,1
reason,1
broome,1
changes,1
parentheses,1
measured,1
bad,1
item,1
locally,1
signed,1
entry,1
river,1
established,1
linked,1
warren,1
elsewhere,1
producers,1
accrued,1
bruce,1
decade,1
contemporaries,1
accurate,1
montgomery,1
superior,1
breakdowns,1
tried,1
additional,1
textile,1
bender,1
facing,1
problems,1
tyler,1
shifted,1
landlord,1
triangle,1
m,1
opinion,1
strategy,1
drawing,1
cut,1
disappeared,1
radial,1
authority,1
character,1
result,1
advance,1
upperand,1
laid,1
pounds,1
allow,1
newspapers,1
route,1
discount,1
explanatory,1
sokoloff,1
exaggerating,1
mapping,1
speaker,1
effort,1
users,1
economics,1
shared,1
austin,1
pass,1
depletion,1
captured,1
philosophical,1
pavements,1
mimeograph,1
steins,1
late,1
embedded,1
radnitzky,1
stringers,1
banker,1
intervening,1
fourth,1
dimensionally,1
furthermore,1
transactions,1
equal,1
viewed,1
residential,1
inches,1
hailed,1
suffered,1
binghamton,1
applied,1
purchased,1
safe,1
fashionable,1
required,1
dwellers,1
enough,1
eager,1
sales,1
engine,1
aspects,1
sites,1
animated,1
directly,1
none,1
chittenango,1
crushed,1
line,1
gains,1
work,1
inferred,1
permitted,1
received,1
responding,1
los,1
waterway,1
nearest,1
significantly,1
story,1
fared,1
training,1
civil,1
deluded,1
aspirations,1
got,1
booming,1
rollers,1
uc,1
q,1
fit,1
editorial,1
topographical,1
records,1
falling,1
butter,1
stimulate,1
ontario,1
forces,1
personal,1
surrounding,1
il,1
achieving,1
project,1
week,1
fishback,1
genealogical,1
ucla,1
enterprises,1
tolerance,1
lumbermen,1
annotated,1
good,1
bernholz,1
strove,1
solution,1
viable,1
presented,1
flatness,1
reliable,1
foundry,1
family,1
teams,1
soil,1
sufficient,1
separately,1
propelled,1
grow,1
governments,1
mi,1
presence,1
observe,1
research,1
peak,1
convey,1
climate,1
suddenly,1
portions,1
boundaries,1
villages,1
tended,1
philip,1
st,1
majority,1
inaccessible,1
proper,1
impassible,1
lansing,1
rest,1
enjoy,1
geographical,1
holding,1
seemed,1
marveled,1
barbara,1
promised,1
jyoti,1
threatened,1
f,1
republican,1
usable,1
highlights,1
reduced,1
rejoice,1
rome,1
populations,1
doctoral,1
short,1
indeed,1
comparative,1
resisted,1
saratoga,1
plans,1
notoriously,1
inclusive,1
listings,1
suburban,1
subscriber,1
visionary,1
supplementing,1
converted,1
cole,1
above,1
slower,1
comments,1
wheels,1
standing,1
passengers,1
builders,1
terrain,1
shipped,1
seemingly,1
va,1
whole,1
croaking,1
positive,1
vicinity,1
percentage,1
collect,1
cheap,1
loaded,1
cowen,1
edited,1
relied,1
yet,1
serviceable,1
observer,1
suited,1
represents,1
salvation,1
cayuga,1
rain,1
repair,1
under,1
fifth,1
neither,1
favorable,1
thesis,1
revitalization,1
perceived,1
participants,1
positively,1
light,1
rightly,1
assistance,1
abandon,1
outlined,1
literally,1
appeals,1
bushels,1
delaware,1
department,1
prematurely,1
exit,1
subsidize,1
lee,1
delivery,1
gentleman,1
chagrin,1
routes,1
paul,1
anemic,1
business,1
frederick,1
prompting,1
alwood,1
toward,1
again,1
pointed,1
similarly,1
addition,1
projects,1
residence,1
joyce,1
fact,1
wide,1
cumulative,1
totals,1
proposal,1
agree,1
revenue,1
motivational,1
attempting,1
eagle,1
layer,1
pamphlet,1
diverse,1
plagued,1
surfaces,1
utilizing,1
arthur,1
doubt,1
venture,1
impending,1
discussed,1
external,1
rhetoric,1
hand,1
do,1
present,1
operating,1
preforms,1
empire,1
overextended,1
underscores,1
heavily,1
forth,1
capitalists,1
necessary,1
practice,1
maturity,1
disparity,1
producing,1
eds,1
frequency,1
compelled,1
sell,1
ordinary,1
manuals,1
railways,1
entrepreneurial,1
outlines,1
ibid,1
meetings,1
credit,1
deaf,1
emanating,1
private,1
understanding,1
indiana,1
thereee,1
collated,1
effectiveness,1
completed,1
stuck,1
range,1
formal,1
scaled,1
including,1
enhanced,1
newburgh,1
glazer,1
identification,1
top,1
thriving,1
significant,1
use,1
illusion,1
convenience,1
rivers,1
refers,1
granted,1
numerous,1
survey,1
harvard,1
submitted,1
weighting,1
lawrence,1
pamphlets,1
services,1
franklin,1
trip,1
connected,1
nevertheless,1
obliterated,1
trade,1
exertion,1
meriwether,1
discovered,1
switched,1
transformation,1
authors,1
grew,1
comprehensive,1
perpendicular,1
peter,1
reap,1
rains,1
workers,1
issn,1
gate,1
homes,1
started,1
characterized,1
ny,1
spread,1
truck,1
plant,1
mines,1
distinction,1
traveled,1
maximize,1
manufacturers,1
traction,1
earlier,1
depots,1
thomas,1
construct,1
behest,1
spent,1
why,1
valdosta,1
annually,1
outside,1
systems,1
promote,1
methods,1
dollars,1
farthest,1
editors,1
references,1
displayed,1
sentiments,1
viken,1
enjoyed,1
structure,1
horse,1
salina,1
looked,1
tap,1
subpar,1
amateur,1
conveyed,1
accounts,1
concluded,1
widely,1
oswego,1
maldwyn,1
increasing,1
fails,1
space,1
withstood,1
twelve,1
ogdensburg,1
smattering,1
me,1
note,1
delhi,1
intelligence,1
continued,1
seventeen,1
science,1
commuted,1
cazenovia,1
kenneth,1
crucial,1
foreign,1
impressive,1
claimed,1
hooves,1
celebration,1
widespread,1
primarily,1
becomes,1
success,1
seen,1
returned,1
importantly,1
remaining,1
inadequate,1
indicate,1
covering,1
length,1
linking,1
efficiency,1
extra,1
infuse,1
achieve,1
sheds,1
surprising,1
frontier,1
charlottesville,1
supporting,1
imperialism,1
tapping,1
commenting,1
joseph,1
thick,1
forest,1
meant,1
earliest,1
considered,1
directories,1
forests,1
dissertation,1
springfield,1
proof,1
suggestions,1
dependable,1
eventually,1
thinking,1
specification,1
historian,1
graven,1
conclusion,1
mentioned,1
changing,1
humane,1
founded,1
adjoining,1
wear,1
scarcely,1
economically,1
characteristics,1
constructed,1
charles,1
perhaps,1
appealing,1
drew,1
pandit,1
know,1
berkeley,1
checklist,1
natural,1
glowing,1
extant,1
introducing,1
books,1
readily,1
surfaced,1
finance,1
expenditures,1
worth,1
boundless,1
authorities,1
believe,1
gone,1
celebratory,1
tear,1
best,1
skinner,1
facility,1
captures,1
inquiry,1
dennis,1
then,1
foundation,1
alward,1
losses,1
clearly,1
loads,1
goods,1
attractions,1
visits,1
disputes,1
works,1
freight,1
type,1
places,1
turned,1
virtual,1
fuller,1
chicago,1
combined,1
allan,1
whether,1
involvement,1
orleans,1
particular,1
nearby,1
feb,1
textbook,1
agricultural,1
apologized,1
mere,1
lengths,1
firmly,1
inscriptions,1
always,1
periphery,1
smoothness,1
cents,1
huge,1
too,1
emphasis,1
quagmires,1
millions,1
subscriptions,1
popular,1
bought,1
ill,1
reported,1
introduced,1
press,1
became,1
november,1
intended,1
simply,1
reserves,1
contribute,1
lesson,1
inventions,1
appointed,1
colonial,1
families,1
mention,1
allows,1
maintained,1
snow,1
evidenced,1
firms,1
sparked,1
come,1
eric,1
inefficient,1
question,1
pine,1
moderate,1
commercial,1
abridged,1
advent,1
twentieth,1
piecemeal,1
unease,1
wish,1
offer,1
joined,1
richard,1
grown,1
although,1
salt,1
integrated,1
fiscal,1
manufacturer,1
autumn,1
innkeepers,1
cheapness,1
effects,1
roberta,1
defined,1
appleby,1
extremely,1
mobilized,1
imaginations,1
carl,1
coefficient,1
assumed,1
second,1
attending,1
single,1
mason,1
themselves,1
russia,1
elites,1
morse,1
era,1
solicit,1
debate,1
create,1
views,1
entire,1
verified,1
strong,1
seek,1
recent,1
yeager,1
herkimer,1
ga,1
showed,1
eagerly,1
