WORDCOUNTS,WEIGHT
the,798
of,344
in,250
and,215
to,198
tax,155
a,135
for,103
that,102
was,100
state,85
by,76
were,70
on,70
from,68
california,67
this,52
expenditures,51
would,51
percent,50
as,48
property,47
spending,47
general,46
government,44
fiscal,44
fund,43
have,42
it,41
sales,39
is,39
revenues,38
we,38
be,38
taxes,37
income,36
during,34
an,33
at,32
not,32
budget,31
s,31
growth,31
with,31
but,30
these,28
voters,26
had,25
there,24
system,24
real,23
million,23
percentage,23
other,22
local,22
did,22
total,21
amendment,21
counties,21
also,21
two,21
variables,21
governor,21
are,21
rate,20
per,20
depression,20
which,20
gross,20
early,20
p,19
because,19
receipts,19
years,19
taxation,18
personal,18
change,18
revenue,18
legislature,18
vote,17
county,17
than,16
year,16
level,16
san,16
or,16
table,16
crisis,16
expenditure,15
fixed,15
regression,15
no,15
changes,15
new,15
significant,15
been,15
francisco,15
utility,14
first,14
rapid,14
rates,14
its,14
economic,14
measure,14
deficit,14
surplus,13
funds,13
hartley,13
assembly,13
proposition,13
although,13
they,12
one,12
schools,12
most,12
relief,12
see,12
over,12
through,12
states,12
increased,12
history,11
his,11
across,11
highway,11
additional,11
public,11
results,11
he,11
pp,11
only,11
limitations,11
increase,11
january,11
education,11
variable,11
series,11
vashe,11
both,11
average,11
great,10
political,10
special,10
retail,10
initiative,10
cost,10
could,10
deficits,10
used,10
june,10
school,10
board,10
size,10
large,9
source,9
example,9
more,9
period,9
regressions,9
aid,9
controller,9
our,9
mix,9
if,8
into,8
occurred,8
interests,8
rolls,8
higher,8
angeles,8
support,8
based,8
data,8
los,8
issues,8
about,8
reports,8
office,8
alternative,8
report,8
passage,8
what,8
shoup,8
between,8
some,7
thus,7
such,7
sheffrin,7
interest,7
without,7
grew,7
their,7
university,7
out,7
base,7
however,7
well,7
reduced,7
haig,7
same,7
increases,7
time,7
when,7
constant,7
conference,7
introduction,6
elementary,6
second,6
decade,6
committee,6
all,6
emphasized,6
robert,6
has,6
prior,6
election,6
relations,6
merriam,6
similar,6
proposed,6
part,6
reduction,6
grow,6
sheifrin,6
reduce,6
included,6
sharply,6
reform,6
end,6
charges,6
do,6
rolph,6
another,6
actual,6
crises,6
systems,6
effect,6
continued,6
baseline,6
growing,6
control,6
capita,6
nominal,6
whether,6
rose,6
role,6
national,6
digest,6
should,6
measures,5
higgs,5
policy,5
throughout,5
joumal,5
interim,5
assessed,5
standard,5
utilities,5
bonds,5
four,5
yes,5
m,5
late,5
elastic,5
officials,5
small,5
dependent,5
provided,5
value,5
republican,5
led,5
nonetheless,5
absence,5
overall,5
make,5
under,5
adjusted,5
plan,5
stockwell,5
larger,5
ballot,5
allowed,5
dollars,5
primarily,5
warrants,5
log,5
different,5
very,5
vandegrift,5
balance,5
burden,5
press,5
effects,5
later,4
studies,4
consistent,4
available,4
secondary,4
differences,4
principal,4
side,4
primary,4
account,4
politics,4
against,4
sacramento,4
price,4
pay,4
estimates,4
adopted,4
compared,4
estimate,4
journal,4
york,4
proportion,4
after,4
direct,4
enacted,4
heteroskedasticity,4
projected,4
whereas,4
deal,4
population,4
placed,4
project,4
next,4
several,4
dramatic,4
using,4
trends,4
reductions,4
indeed,4
return,4
nearly,4
registered,4
reliance,4
noted,4
avoided,4
fell,4
cumulative,4
model,4
existing,4
less,4
biennium,4
including,4
returned,4
modernization,4
problems,4
can,4
intergovernmental,4
structure,4
increasing,4
independent,4
provide,4
who,4
salaries,4
transformation,4
rapidly,4
then,4
each,4
commission,4
assessment,4
surpluses,4
terms,4
mandated,4
constitutional,4
reported,4
equalization,4
introduced,4
james,4
question,4
approximately,4
need,4
supported,4
focus,4
common,3
groups,3
market,3
resulted,3
e,3
needed,3
use,3
designed,3
columns,3
federal,3
estimated,3
sources,3
every,3
taken,3
motor,3
address,3
parties,3
daily,3
desire,3
transferred,3
resulting,3
subsequent,3
remainder,3
those,3
case,3
proxies,3
powers,3
point,3
x,3
severe,3
difficulties,3
run,3
tables,3
legislators,3
financing,3
times,3
perspective,3
even,3
equal,3
may,3
economy,3
rather,3
basic,3
levels,3
capture,3
persistent,3
ratchet,3
factors,3
actions,3
ensure,3
wanted,3
clearly,3
director,3
argued,3
frozen,3
calculations,3
votes,3
required,3
faced,3
legislative,3
allow,3
conservative,3
economics,3
radical,3
constitutionally,3
appears,3
viewed,3
meet,3
none,3
significantly,3
related,3
restructuring,3
place,3
errors,3
paid,3
appropriate,3
reducing,3
various,3
still,3
chronicle,3
wallis,3
costs,3
industrial,3
department,3
rise,3
payments,3
many,3
fact,3
pattern,3
enough,3
operating,3
discussion,3
made,3
rileystewart,3
factor,3
assume,3
services,3
ibid,3
dummy,3
rejected,3
modem,3
adding,3
authors,3
health,3
david,3
him,3
provides,3
educational,3
article,3
commerce,3
relative,3
tests,3
testing,3
means,3
jensen,3
statewide,3
existed,3
any,3
text,3
quickly,3
country,3
steven,3
ratio,3
half,3
historical,3
forecasts,3
beginning,3
them,3
problem,3
extent,3
presented,3
november,3
putnam,3
taxpayer,3
obtain,3
qualitative,3
mention,3
until,3
decrease,3
grown,3
offered,3
given,3
much,3
attendance,3
close,3
major,3
now,2
limits,2
way,2
concerned,2
estate,2
created,2
alone,2
adoption,2
approved,2
jurisdictions,2
favor,2
before,2
permitted,2
negative,2
test,2
experience,2
lower,2
defeated,2
either,2
permit,2
davis,2
adopt,2
emerged,2
j,2
nature,2
words,2
definition,2
leading,2
thank,2
blind,2
freezing,2
debt,2
bieto,2
last,2
raised,2
declines,2
voting,2
issue,2
captures,2
u,2
changed,2
recommended,2
possible,2
recommendations,2
consumers,2
measuring,2
professor,2
desired,2
tastes,2
far,2
along,2
financed,2
prevented,2
behavior,2
restraint,2
since,2
econometric,2
jr,2
sinclair,2
sample,2
progressive,2
nor,2
concerning,2
taxpayers,2
amount,2
allowing,2
third,2
witnessed,2
find,2
ada,2
phases,2
failed,2
opposed,2
l,2
abolished,2
elasticity,2
weighted,2
midwest,2
notion,2
politicians,2
derived,2
balanced,2
republicans,2
consequences,2
moreover,2
category,2
perceptions,2
developments,2
record,2
welfare,2
observations,2
commonly,2
zimmerman,2
stewart,2
dept,2
beyond,2
instance,2
appropriations,2
important,2
decades,2
constitution,2
constructive,2
greater,2
result,2
closely,2
came,2
called,2
typical,2
demands,2
depletion,2
initial,2
pure,2
supporters,2
brownlee,2
eliminate,2
voter,2
basis,2
franchise,2
framed,2
london,2
marvel,2
actors,2
loss,2
overview,2
fit,2
millions,2
people,2
documented,2
propositions,2
savings,2
t,2
statistically,2
caused,2
suggest,2
quite,2
bridge,2
governments,2
gasoline,2
regulative,2
research,2
up,2
developmental,2
aggregate,2
rest,2
periods,2
f,2
therefore,2
likely,2
situation,2
demand,2
short,2
acknowledged,2
july,2
movement,2
suppose,2
printing,2
single,2
perchan,2
frank,2
oxford,2
edited,2
message,2
us,2
neither,2
perceived,2
jens,2
olsen,2
experiment,2
members,2
majority,2
law,2
power,2
ebel,2
pointed,2
put,2
rolland,2
treatment,2
benevolent,2
teachers,2
remarked,2
john,2
administrations,2
hand,2
continuing,2
developing,2
purposes,2
projections,2
morosco,2
rueben,2
curative,2
editorials,2
degree,2
understanding,2
mean,2
ignored,2
birth,2
upon,2
restrained,2
dollar,2
confidence,2
largely,2
assumption,2
continue,2
examination,2
full,2
previous,2
low,2
remaining,2
appreciably,2
points,2
divisions,2
like,2
vasche,2
so,2
risen,2
engle,2
earlier,2
favored,2
ratios,2
seeking,2
looked,2
saw,2
regimes,2
widely,2
farm,2
implicitly,2
califomia,2
relationship,2
today,2
slow,2
transformed,2
detailed,2
began,2
carryover,2
recognize,2
examine,2
construction,2
analysis,2
parentheses,2
united,2
achieve,2
extremely,2
plus,2
historian,2
corrections,2
carl,2
delinquencies,2
set,2
ran,2
alleviate,2
introducing,2
proponents,2
paper,2
share,2
interested,2
historians,2
current,2
particularly,2
differed,2
particular,2
passed,2
protective,2
urban,2
kim,2
thereby,2
city,2
cash,2
assumptions,2
exceeded,2
conventional,2
programs,2
resistance,2
divided,2
allows,2
notes,2
finding,2
finally,2
corrective,2
course,2
instead,2
smaller,2
association,2
maintaining,2
potential,2
assumed,2
c,2
reached,2
debate,2
immediately,2
comparable,2
penal,2
ca,2
showed,2
attiyeh,2
hypothesis,2
sufficiently,1
final,1
residing,1
does,1
ending,1
o,1
struggle,1
obligations,1
add,1
difficult,1
implemented,1
conflicting,1
generated,1
ols,1
names,1
corporate,1
suggested,1
portion,1
affected,1
distress,1
college,1
legitimate,1
determine,1
intriguing,1
eliminated,1
ultimate,1
considerably,1
contemporaneous,1
group,1
told,1
center,1
american,1
engineered,1
replaced,1
achievements,1
unsatisfactory,1
provisions,1
disappeared,1
ma,1
asserted,1
h,1
considerations,1
spirit,1
protection,1
ceremonial,1
position,1
explanatory,1
presents,1
unlike,1
inequality,1
equations,1
forecasting,1
assisted,1
fashioning,1
smile,1
something,1
redirect,1
arguing,1
descriptions,1
variety,1
chief,1
overhauled,1
controlled,1
greeter,1
being,1
highlighted,1
provision,1
coalesced,1
electoral,1
modest,1
commissions,1
concur,1
preceding,1
creation,1
originally,1
ii,1
give,1
restoration,1
unconstrained,1
attempt,1
anywhere,1
worked,1
company,1
rhode,1
explores,1
down,1
simple,1
potentially,1
nineteen,1
able,1
slemrod,1
abolishing,1
chosen,1
composition,1
court,1
take,1
deemed,1
analyst,1
i,1
shefrin,1
feature,1
failures,1
uncollected,1
improving,1
murray,1
reserved,1
depleted,1
wage,1
ambiguous,1
governors,1
regressed,1
within,1
deteriorated,1
elliot,1
ad,1
triggered,1
proposals,1
revolt,1
computing,1
takes,1
advocates,1
milwaukee,1
attacked,1
gaps,1
key,1
task,1
sought,1
discontent,1
agriculture,1
discuss,1
motivating,1
addresses,1
resumption,1
preordained,1
vol,1
innocuous,1
restraints,1
erased,1
functions,1
alter,1
occurring,1
taking,1
mental,1
resources,1
laws,1
three,1
constrained,1
undoubtedly,1
patrolman,1
accustomed,1
diversity,1
optimism,1
winning,1
reassurance,1
central,1
counterfactual,1
manifest,1
soar,1
component,1
immediate,1
inevitable,1
calculated,1
restraining,1
analyzing,1
cognizant,1
realized,1
september,1
police,1
investigation,1
ray,1
santa,1
relatively,1
materially,1
century,1
extensively,1
westport,1
turn,1
cases,1
levies,1
distinct,1
ct,1
reluctance,1
evident,1
bay,1
fees,1
depend,1
cali,1
highest,1
response,1
columbia,1
young,1
postponed,1
twice,1
truly,1
weight,1
explore,1
dry,1
corrected,1
furthermore,1
guard,1
leadership,1
adult,1
bills,1
pronounced,1
error,1
poorly,1
vantage,1
incentives,1
rights,1
premiums,1
deviation,1
governorship,1
recognized,1
predicted,1
transformations,1
act,1
programmatic,1
statements,1
bring,1
principally,1
aimed,1
main,1
district,1
fuels,1
explicit,1
holyoke,1
reference,1
fastest,1
lasting,1
opportunity,1
determining,1
teacher,1
importance,1
lamented,1
certain,1
parts,1
assuming,1
k,1
enabled,1
brought,1
replete,1
inanimate,1
lettuce,1
reason,1
references,1
bad,1
old,1
consider,1
established,1
benefits,1
organized,1
coefficients,1
weather,1
numbers,1
impact,1
glorious,1
desirability,1
weak,1
frequently,1
prevent,1
valuations,1
democratic,1
experienced,1
superior,1
follow,1
followed,1
permanent,1
solve,1
phased,1
shifted,1
froze,1
cut,1
advocated,1
view,1
promote,1
regulatory,1
assessments,1
uses,1
root,1
whom,1
chapel,1
newspapers,1
blamed,1
harbor,1
declined,1
histories,1
found,1
entering,1
aaa,1
effort,1
requirements,1
carolina,1
emerge,1
hospitals,1
percentages,1
reactionary,1
hadley,1
unobserved,1
though,1
vocational,1
poverty,1
war,1
mainly,1
stock,1
districts,1
bore,1
tools,1
boyd,1
cannot,1
promise,1
otherwise,1
explain,1
vehicles,1
fox,1
acceleration,1
opposition,1
possibility,1
technical,1
jim,1
failure,1
outstanding,1
future,1
work,1
taxing,1
residents,1
suggests,1
tool,1
fraser,1
voted,1
user,1
vetoed,1
knowledge,1
nation,1
aged,1
positions,1
description,1
uc,1
gave,1
policies,1
partly,1
contains,1
officers,1
actually,1
structures,1
thereafter,1
device,1
call,1
justification,1
member,1
cry,1
newspaper,1
showing,1
horizon,1
own,1
strongest,1
culbert,1
count,1
approach,1
causal,1
stressed,1
closing,1
strict,1
unpopular,1
hard,1
panel,1
tested,1
coupled,1
keenly,1
midst,1
event,1
bank,1
around,1
overpredicts,1
issuing,1
highly,1
components,1
transfer,1
industry,1
psychological,1
peak,1
decline,1
essentially,1
streamlining,1
jackson,1
potent,1
impossible,1
budgets,1
incurred,1
annual,1
generally,1
dim,1
marching,1
altogether,1
restructure,1
plausible,1
massive,1
subtract,1
seemed,1
barbara,1
south,1
will,1
critical,1
highlights,1
deplete,1
specifications,1
ironies,1
onset,1
elimination,1
steadily,1
contingent,1
impacts,1
identified,1
ajncome,1
levied,1
mechanisms,1
experiencing,1
expansion,1
limited,1
correctional,1
corporation,1
classic,1
forward,1
veterans,1
aggravate,1
gift,1
converted,1
establishes,1
slower,1
expanded,1
comments,1
translates,1
exuded,1
initially,1
roads,1
seemingly,1
ask,1
adamant,1
forecast,1
calculate,1
assuring,1
oblivious,1
unintended,1
observer,1
examined,1
democrats,1
happened,1
adoptions,1
official,1
selective,1
differentiate,1
participants,1
raise,1
assistance,1
equalized,1
robust,1
highways,1
controllable,1
heroes,1
salinas,1
inheritance,1
published,1
retired,1
chose,1
organizations,1
name,1
paul,1
mark,1
again,1
praeger,1
preferences,1
similarly,1
valorem,1
added,1
efforts,1
ornians,1
faster,1
overwhelming,1
fundamental,1
xii,1
areas,1
proposal,1
appeared,1
striking,1
regulation,1
inevitably,1
children,1
banks,1
debates,1
overwhelmingly,1
contemporary,1
substantially,1
golden,1
orphans,1
zero,1
rough,1
took,1
leviathan,1
remade,1
sheffirin,1
where,1
innovative,1
square,1
establish,1
strategies,1
forth,1
riley,1
necessary,1
deep,1
banner,1
perhaps,1
daunting,1
controversy,1
number,1
free,1
regressing,1
thoroughly,1
registrants,1
analyzed,1
classes,1
vast,1
averaged,1
excluding,1
examples,1
explanation,1
bear,1
values,1
scaled,1
robustness,1
previously,1
unpredictable,1
top,1
findings,1
elections,1
hosted,1
persisted,1
prominently,1
net,1
engaged,1
ln,1
raising,1
epic,1
significance,1
clear,1
referendum,1
uncontrollable,1
language,1
mt,1
spawned,1
amounts,1
issn,1
held,1
individual,1
gate,1
christopher,1
flood,1
spread,1
high,1
ended,1
lie,1
administrative,1
counted,1
shortly,1
fred,1
pupil,1
legacy,1
permitting,1
latter,1
why,1
margin,1
especially,1
sentiment,1
comparing,1
outcomes,1
trying,1
mining,1
alpine,1
become,1
strikers,1
respectively,1
prisons,1
excluded,1
analyze,1
sept,1
differ,1
editorialized,1
figures,1
versus,1
joint,1
controversial,1
division,1
applies,1
examines,1
broadbased,1
limiting,1
ranging,1
boards,1
asking,1
discussing,1
modification,1
longshoreman,1
assisting,1
perspectives,1
bureau,1
she,1
bulk,1
crucial,1
usually,1
five,1
imbalance,1
relieved,1
naturally,1
obtained,1
sunny,1
claimed,1
fear,1
hill,1
employment,1
exacerbated,1
insufficient,1
widespread,1
dimensions,1
lost,1
team,1
force,1
effectively,1
importantly,1
federalism,1
originated,1
whereby,1
executive,1
indicate,1
distort,1
class,1
joel,1
fall,1
surprising,1
chamber,1
supporting,1
types,1
insurance,1
unusual,1
figured,1
joseph,1
regularly,1
addressed,1
detail,1
claims,1
assistant,1
meant,1
suggestions,1
heavy,1
specification,1
citizen,1
conclusion,1
version,1
changing,1
must,1
unweighted,1
constituted,1
continues,1
precise,1
irrepressible,1
borrow,1
sustained,1
avoidable,1
column,1
cover,1
replace,1
know,1
berkeley,1
favorably,1
natural,1
sure,1
finance,1
tuberculosis,1
sizes,1
deceive,1
best,1
administer,1
expense,1
money,1
coffers,1
drifted,1
eventually,1
ideological,1
alternatively,1
goods,1
written,1
benefit,1
associated,1
cities,1
happiness,1
driven,1
closest,1
enlarged,1
works,1
february,1
risky,1
merely,1
ideally,1
better,1
places,1
turned,1
upton,1
believed,1
william,1
drop,1
redeem,1
deteriorate,1
transfers,1
combined,1
reelection,1
fairness,1
worthwhile,1
selected,1
reuben,1
ones,1
rising,1
want,1
supports,1
house,1
agricultural,1
attitudes,1
unnecessary,1
leaving,1
while,1
vehicle,1
thousands,1
premised,1
projection,1
hypothesize,1
proposing,1
almost,1
too,1
benevolence,1
contain,1
deflation,1
researchers,1
little,1
balances,1
careful,1
despite,1
subsidies,1
rateof,1
became,1
unaffected,1
intended,1
administration,1
went,1
arguments,1
summarizes,1
phenomenon,1
world,1
maintained,1
gain,1
coming,1
varied,1
proceeds,1
moderate,1
ultimately,1
spring,1
crucible,1
authorized,1
difference,1
reveals,1
cambridge,1
initiated,1
institutional,1
progressivity,1
grant,1
accept,1
hurt,1
publishing,1
contributed,1
richard,1
include,1
magnitudes,1
judges,1
critics,1
d,1
mandates,1
evidence,1
cautionary,1
prohibition,1
off,1
area,1
presenting,1
measured,1
campaign,1
roughly,1
summary,1
rileyconstant,1
observation,1
securities,1
coefficient,1
removed,1
raid,1
conflated,1
chicago,1
create,1
substantial,1
rein,1
entire,1
develop,1
traditional,1
strong,1
among,1
north,1
recent,1
building,1
termed,1
occur,1
grants,1
