WORDCOUNTS,WEIGHT
the,583
of,374
and,357
in,250
to,247
for,106
a,104
were,103
fruit,102
washington,82
quality,81
was,81
apples,81
by,72
prices,67
from,67
market,61
s,59
apple,54
marketing,51
that,49
growers,49
on,49
are,45
new,43
pacific,42
with,40
california,39
production,36
shipping,36
state,35
or,35
york,33
as,33
states,33
p,32
inspection,32
agriculture,32
shipments,32
at,31
dc,31
oregon,31
number,30
not,30
gpo,30
census,29
industry,29
all,28
u,28
markets,27
which,27
years,27
this,26
is,26
no,25
institutions,25
point,25
over,24
agricultural,24
an,23
inspections,23
two,23
both,23
na,22
had,22
standards,22
these,22
department,22
act,21
be,21
there,20
auction,20
receiving,20
fob,20
it,19
table,19
federal,18
statistics,18
shipped,18
sales,18
bulletin,18
million,17
when,17
service,17
railroad,17
buyers,17
between,17
h,16
price,16
percent,16
law,16
after,16
made,16
increased,16
produce,16
transportation,15
first,15
farmers,15
eastern,15
could,15
fruits,15
would,15
long,14
delivered,14
their,14
dimitri,14
most,14
because,14
data,14
issues,14
regions,14
available,14
time,14
bureau,14
report,14
contract,14
have,14
damage,13
fresh,13
vol,13
vegetables,13
period,13
standard,13
united,13
sellers,13
through,13
one,12
farmer,12
supply,12
than,12
established,12
cost,12
year,12
economic,12
consignment,12
barrels,12
shipment,12
each,12
history,11
into,11
other,11
possible,11
usda,11
costs,11
growth,11
r,11
during,11
various,11
inspected,11
region,11
sold,11
grower,11
problems,11
different,11
national,11
hypothesis,11
if,10
large,10
merchants,10
cooperative,10
w,10
required,10
ofagriculture,10
part,10
used,10
but,10
only,10
services,10
low,10
contracts,10
grades,10
information,10
biennial,10
evidence,10
american,9
total,9
government,9
grading,9
yakima,9
distances,9
reported,9
annual,9
second,9
reports,9
income,9
railways,9
high,9
refrigerated,9
east,9
created,8
hearings,8
producing,8
real,8
prior,8
enforcement,8
sale,8
journal,8
failed,8
support,8
statistical,8
irrigation,8
declined,8
economics,8
boxes,8
nation,8
perishable,8
about,8
selling,8
delivery,8
reporting,8
see,8
until,8
increase,8
trade,8
freight,8
suggests,8
grown,8
defined,8
north,8
later,7
per,7
before,7
sources,7
wenatchee,7
j,7
great,7
yearbook,7
quantity,7
estimates,7
transactions,7
however,7
legislation,7
movement,7
under,7
more,7
also,7
charges,7
three,7
northern,7
did,7
capita,7
city,7
institutional,7
chicago,7
valley,7
difficult,6
agency,6
specified,6
paca,6
able,6
political,6
system,6
quantities,6
central,6
such,6
reputation,6
poor,6
river,6
certification,6
m,6
erdman,6
next,6
box,6
ship,6
results,6
bushels,6
efforts,6
shows,6
took,6
congress,6
eleventh,6
cooperatives,6
who,6
began,6
carlot,6
then,6
according,6
passed,6
carlots,6
trees,6
role,6
commodities,6
commercial,6
libecap,6
news,6
early,6
major,6
e,5
mountains,5
they,5
cars,5
consistent,5
railroads,5
orchards,5
fifteenth,5
planting,5
rhode,5
crops,5
railcars,5
merchandising,5
cooperation,5
bill,5
learning,5
effective,5
packing,5
rates,5
vegetable,5
carloads,5
sherman,5
result,5
bearing,5
population,5
rail,5
its,5
place,5
northwest,5
change,5
published,5
thirteenth,5
volume,5
order,5
using,5
reducing,5
reduced,5
incentives,5
rights,5
included,5
barrel,5
end,5
do,5
another,5
food,5
exports,5
transformation,5
general,5
transit,5
effect,5
five,5
any,5
series,5
must,5
board,5
capital,5
cities,5
disputes,5
auctions,5
making,5
transport,5
terminal,5
provided,5
wholesalers,5
association,5
rest,5
commodity,5
authority,4
park,4
western,4
occurred,4
nineteenth,4
source,4
either,4
profitable,4
determined,4
west,4
horticultural,4
century,4
weight,4
influence,4
cartel,4
how,4
kraemer,4
earlier,4
similar,4
involvement,4
university,4
too,4
faced,4
whereas,4
inspectors,4
literature,4
received,4
reflect,4
small,4
climate,4
st,4
notes,4
demand,4
variety,4
practices,4
nearly,4
gave,4
same,4
company,4
social,4
declining,4
members,4
explanation,4
farming,4
use,4
evolution,4
office,4
nonbearing,4
notaries,4
so,4
exchange,4
structure,4
been,4
indicate,4
methods,4
analysis,4
rocky,4
printer,4
carload,4
losses,4
historical,4
what,4
form,4
property,4
size,4
varieties,4
became,4
commissioned,4
complaints,4
session,4
bargaining,4
cambridge,4
average,4
numerous,4
should,4
d,4
canadian,4
voluntary,4
create,4
uncertainty,4
traditional,4
miller,3
ending,3
archives,3
appropriation,3
estimated,3
deciduous,3
provisions,3
certificates,3
douglass,3
hazard,3
hood,3
worked,3
supplied,3
hoffman,3
packed,3
advantage,3
seller,3
lambom,3
marketed,3
march,3
intermediaries,3
some,3
fraud,3
irrigated,3
along,3
acres,3
columbia,3
storage,3
instruments,3
olympia,3
may,3
portland,3
barreled,3
interpretation,3
revenues,3
midwest,3
granted,3
legal,3
ex,3
b,3
direct,3
enabled,3
factors,3
retained,3
warren,3
impact,3
frequently,3
totaled,3
followed,3
union,3
greater,3
pounds,3
effort,3
seven,3
deal,3
emerge,3
late,3
third,3
appears,3
companies,3
delays,3
public,3
package,3
line,3
horticulture,3
claim,3
example,3
related,3
records,3
being,3
caused,3
suggest,3
trading,3
soil,3
few,3
impossible,3
paid,3
value,3
avoid,3
periods,3
pearson,3
therefore,3
press,3
power,3
constraints,3
reduce,3
indicates,3
innovation,3
frank,3
relied,3
yet,3
pp,3
rules,3
us,3
largest,3
organize,3
gary,3
name,3
paul,3
business,3
again,3
others,3
many,3
lack,3
together,3
john,3
enough,3
less,3
collecting,3
including,3
concern,3
factor,3
pack,3
delay,3
moral,3
nut,3
points,3
farms,3
mountain,3
boxed,3
successful,3
governor,3
ellison,3
raise,3
note,3
statutes,3
ofthe,3
traveled,3
enforced,3
claims,3
inspect,3
constant,3
growing,3
alternative,3
set,3
paper,3
share,3
commission,3
half,3
powell,3
legislated,3
associations,3
differed,3
type,3
better,3
beginning,3
whether,3
terms,3
references,3
nearby,3
cartelizing,3
transaction,3
while,3
local,3
boston,3
despite,3
verification,3
transcontinental,3
writing,3
unable,3
although,3
combination,3
c,3
ownership,3
among,3
taylor,3
shippers,3
resolve,2
common,2
names,2
groups,2
college,2
nabar,2
originating,2
group,2
measurable,2
illegal,2
anchor,2
formed,2
favor,2
committee,2
track,2
guinnane,2
negative,2
test,2
else,2
regulating,2
implications,2
address,2
rapid,2
transplant,2
nature,2
handling,2
europe,2
daily,2
own,2
desire,2
estimation,2
confusion,2
timing,2
atlantic,2
thanks,2
room,2
antitrust,2
maghribi,2
resulting,2
take,2
devised,2
those,2
paying,2
issue,2
exogenous,2
recorded,2
has,2
money,2
adverse,2
primary,2
standardizing,2
lends,2
functions,2
consumers,2
twelfth,2
eliminating,2
indicating,2
asymmetric,2
requirements,2
enter,2
minimum,2
benefit,2
behavior,2
development,2
econometric,2
de,2
interest,2
consumer,2
participating,2
expected,2
legally,2
amount,2
ante,2
response,2
allowing,2
left,2
compare,2
blue,2
consequently,2
walla,2
error,2
higher,2
mechanisms,2
competition,2
rather,2
developed,2
determining,2
study,2
commercially,2
changes,2
certify,2
specify,2
producers,2
n,2
argued,2
prima,2
appropriations,2
solve,2
important,2
providing,2
systems,2
my,2
access,2
stations,2
initial,2
coalitions,2
further,2
standardized,2
equal,2
enforceability,2
michigan,2
fisher,2
produced,2
intermediated,2
handled,2
near,2
basis,2
work,2
preferred,2
future,2
london,2
reduction,2
destination,2
beginnings,2
binding,2
systematic,2
weeks,2
approach,2
t,2
hauck,2
commerce,2
cold,2
contrast,2
subtotal,2
purchasing,2
textual,2
samson,2
leland,2
depression,2
observe,2
research,2
decline,2
inability,2
proper,2
gross,2
cheating,2
subsequently,2
portion,2
approximated,2
situation,2
unaffected,2
taken,2
licensing,2
located,2
labeled,2
standardization,2
april,2
allen,2
selection,2
scarcity,2
outlets,2
fair,2
cleveland,2
serve,2
technology,2
orange,2
index,2
orders,2
wallis,2
traders,2
enforce,2
party,2
successfully,2
carolyn,2
technique,2
similarly,2
addition,2
financial,2
deterioration,2
regulation,2
crop,2
larger,2
supplies,2
imperfect,2
enactment,2
increases,2
buyer,2
establish,2
contracted,2
waugh,2
necessary,2
sell,2
gives,2
valleys,2
thousands,2
credit,2
extended,2
accelerate,2
contending,2
wholesaler,2
empirical,2
largely,2
products,2
actual,2
variables,2
trip,2
advantages,2
theoretical,2
finally,2
pruning,2
clear,2
switched,2
maintenance,2
held,2
times,2
revised,2
function,2
creating,2
played,2
lag,2
improved,2
annually,2
labels,2
characteristics,2
employees,2
orchard,2
achieve,2
increasing,2
carried,2
today,2
continued,2
naturally,2
lines,2
dimensions,2
success,2
effectively,2
rapidly,2
quacks,2
viscusi,2
existed,2
grade,2
surprising,2
face,2
case,2
variable,2
lemons,2
sorting,2
manual,2
agents,2
organization,2
facie,2
linear,2
verify,2
receipts,2
excess,2
natural,2
sizes,2
harvest,2
particularly,2
collins,2
audience,2
allocated,2
ideally,2
regulations,2
economy,2
maryland,2
dumping,2
virginia,2
private,2
given,2
techniques,2
regulated,2
went,2
harvesting,2
weingast,2
varied,2
disadvantages,2
shown,2
difference,2
write,2
instead,2
land,2
define,2
fiscal,2
measured,2
railcar,2
anonymous,2
greif,2
profits,2
thousand,2
coefficient,2
removed,2
assumed,2
little,2
develop,2
william,2
much,2
contractenforcement,2
rosenthal,2
building,2
spokane,2
close,2
final,1
frequent,1
deception,1
brighter,1
fraudulent,1
does,1
atlarge,1
customers,1
apply,1
rate,1
lem,1
way,1
car,1
medieval,1
indicated,1
pittsburgh,1
f,1
ready,1
separated,1
represent,1
iowa,1
berkeley,1
nationwide,1
resulted,1
eastem,1
filing,1
tracked,1
measures,1
spurred,1
outweighed,1
becoming,1
needed,1
complex,1
partially,1
denied,1
systematically,1
merged,1
locked,1
ways,1
approaches,1
coalition,1
satisfied,1
licenses,1
licensed,1
explanatory,1
unlike,1
observing,1
interestingly,1
buys,1
applegrowing,1
file,1
lower,1
accumulation,1
transmitting,1
provision,1
earning,1
inc,1
every,1
certified,1
creation,1
experimented,1
handle,1
give,1
complications,1
might,1
investments,1
season,1
waldo,1
utilization,1
burlington,1
purchaser,1
emerged,1
england,1
revival,1
altering,1
words,1
parties,1
damaged,1
dramatically,1
possibilities,1
height,1
leading,1
undertake,1
reasons,1
terminalmarket,1
swindled,1
acreage,1
rich,1
refrigerator,1
packages,1
jumped,1
efficiently,1
nonstationary,1
misrepresenting,1
last,1
remove,1
erich,1
holidays,1
tons,1
henry,1
reserved,1
decreased,1
signs,1
purchasers,1
declines,1
within,1
affected,1
rg,1
deteriorated,1
customs,1
hayne,1
ofinstitutional,1
preventing,1
depending,1
interpolating,1
plain,1
nber,1
outlet,1
sought,1
planted,1
retailers,1
objectives,1
right,1
unmarketable,1
inverse,1
felt,1
implies,1
marked,1
politics,1
delivering,1
activity,1
condition,1
soils,1
explorations,1
complicated,1
contractual,1
move,1
countered,1
fine,1
taking,1
inhibiting,1
except,1
recoup,1
timothy,1
surged,1
financed,1
letter,1
safely,1
engage,1
gardner,1
signal,1
mid,1
learned,1
marketsupply,1
possessing,1
goal,1
includes,1
review,1
collapse,1
durbin,1
accountable,1
difficulties,1
calculated,1
since,1
due,1
sustain,1
assumes,1
g,1
author,1
police,1
agent,1
ireland,1
agreeing,1
ability,1
moment,1
adopted,1
representative,1
issued,1
jr,1
honestly,1
drawback,1
pay,1
seeming,1
forced,1
wiley,1
cases,1
adjustment,1
distinct,1
elements,1
nor,1
relations,1
perspective,1
depend,1
inattention,1
profound,1
remarking,1
highest,1
baldwin,1
channels,1
six,1
inception,1
suitable,1
raiffeisen,1
fines,1
twice,1
estimate,1
corrected,1
admer,1
kentucky,1
billion,1
bills,1
handful,1
lastly,1
cliometric,1
contracting,1
incentive,1
industries,1
distribution,1
phases,1
ers,1
behave,1
assessed,1
steps,1
parity,1
via,1
slowed,1
philadelphia,1
adequate,1
whose,1
essential,1
cheat,1
hopes,1
edited,1
his,1
deflated,1
sessions,1
mistrust,1
performance,1
negatively,1
prafulla,1
main,1
arising,1
impetus,1
across,1
centered,1
organizing,1
reference,1
realistically,1
coastal,1
levying,1
process,1
easternand,1
lichtenberg,1
eomnomy,1
kept,1
mechanics,1
accurate,1
arrangements,1
sulzer,1
comply,1
risk,1
probability,1
inordinately,1
certain,1
brand,1
hearing,1
fanns,1
special,1
reborn,1
empowered,1
clayton,1
ofproducing,1
distant,1
consequences,1
lots,1
modified,1
arid,1
salaried,1
solutions,1
bad,1
plus,1
marks,1
lane,1
entry,1
encourages,1
organized,1
tricky,1
emergence,1
berry,1
branch,1
linked,1
sum,1
just,1
harvested,1
bruce,1
house,1
sheer,1
instrument,1
prevent,1
covers,1
age,1
four,1
stationed,1
additional,1
follow,1
random,1
surge,1
punishable,1
buffalo,1
leaming,1
defectors,1
willing,1
phased,1
shifted,1
theory,1
detroit,1
cut,1
kip,1
hot,1
conflicts,1
arrived,1
advance,1
came,1
based,1
pest,1
arrival,1
nancy,1
restrict,1
federally,1
inherent,1
entered,1
color,1
missouri,1
centers,1
heaings,1
facilitate,1
intermediary,1
monitoring,1
carolina,1
parisian,1
base,1
lent,1
watson,1
accurately,1
cricher,1
eased,1
informed,1
technical,1
circular,1
districts,1
catalogs,1
constraining,1
intensity,1
applied,1
purchased,1
ofagricultural,1
placed,1
procedures,1
counties,1
facilities,1
probmarketing,1
possibility,1
eliminate,1
influenced,1
distressed,1
expensive,1
well,1
exert,1
tack,1
directly,1
revoking,1
distinguish,1
degrees,1
closed,1
douglas,1
instituted,1
ofrailways,1
unless,1
significantly,1
fared,1
user,1
knowledge,1
irish,1
elizabeth,1
ten,1
loss,1
whole,1
piecing,1
designate,1
describe,1
milgrom,1
fail,1
printers,1
partly,1
collective,1
people,1
midwestern,1
tumultuous,1
personal,1
away,1
complemented,1
rise,1
squeezed,1
employed,1
judd,1
overseas,1
achieving,1
bid,1
rendered,1
wheat,1
towards,1
errors,1
monetary,1
wholesale,1
responses,1
least,1
tops,1
presented,1
working,1
tight,1
below,1
corresponds,1
negligible,1
resolving,1
senator,1
insurance,1
sankar,1
around,1
commissioner,1
several,1
sufficient,1
multiple,1
scattering,1
grow,1
transfer,1
breaking,1
theannualreport,1
coast,1
philip,1
hoffnman,1
cincinnati,1
tracks,1
up,1
exempting,1
ington,1
purpose,1
inaccessible,1
cardboard,1
gilles,1
plausible,1
appropriate,1
finds,1
cascade,1
settle,1
actions,1
dictated,1
mechanism,1
society,1
notion,1
span,1
integrating,1
seibels,1
led,1
he,1
san,1
lyon,1
sons,1
impartial,1
reductions,1
journey,1
boards,1
letters,1
action,1
short,1
overall,1
comparative,1
expansion,1
limited,1
jostled,1
manipulate,1
onward,1
albany,1
gnp,1
etween,1
grande,1
intervention,1
expanded,1
comments,1
yoram,1
railway,1
initially,1
cartels,1
distribute,1
southern,1
hold,1
standardize,1
measure,1
biological,1
label,1
interstate,1
once,1
collect,1
misuse,1
ineffective,1
turmoil,1
urged,1
refusing,1
excessively,1
detectable,1
evolved,1
neither,1
fiveby,1
statistically,1
refrigeration,1
homogeneous,1
adjusted,1
informal,1
shifting,1
dropped,1
gov,1
baltimore,1
nw,1
outlined,1
appleproducing,1
violations,1
lined,1
penalties,1
regional,1
payments,1
avoided,1
regardless,1
street,1
shops,1
organizations,1
mishandling,1
book,1
request,1
prompting,1
fell,1
erik,1
toward,1
stating,1
earmarked,1
preferences,1
added,1
water,1
ofthis,1
puffers,1
humidity,1
averages,1
registration,1
fact,1
expeditiously,1
cheated,1
idea,1
coinage,1
storing,1
areas,1
verifiable,1
totals,1
loading,1
unilaterally,1
contradict,1
isolate,1
plagued,1
seize,1
inherently,1
pennsylvania,1
bell,1
excluding,1
simple,1
forms,1
v,1
paris,1
arisen,1
model,1
where,1
summaryfor,1
bidding,1
relevant,1
vulnerable,1
cartelization,1
immature,1
containers,1
material,1
norms,1
branched,1
minneapolis,1
wilbur,1
packs,1
frequency,1
distance,1
explicitly,1
compete,1
transparent,1
degree,1
veered,1
wrapped,1
entity,1
original,1
authorized,1
meetings,1
stabilize,1
clout,1
greatest,1
balance,1
divided,1
minimizing,1
indiana,1
intent,1
observable,1
bear,1
cdimitri,1
aggregated,1
tenney,1
depended,1
dollar,1
load,1
samples,1
louis,1
top,1
controlling,1
heath,1
curtail,1
rho,1
incarnations,1
hypotheses,1
operated,1
fourteenth,1
rivers,1
guidance,1
variation,1
overcoming,1
net,1
numbered,1
perishables,1
ibid,1
full,1
importantly,1
dummy,1
underwent,1
inversely,1
subsequent,1
substitutes,1
loosely,1
adding,1
grew,1
publication,1
language,1
obtaining,1
lakes,1
dominated,1
issn,1
unloads,1
reviewers,1
helpful,1
flood,1
plant,1
collected,1
counted,1
filled,1
shortly,1
proximity,1
tasting,1
class,1
especially,1
comparing,1
internal,1
article,1
satisfy,1
qualities,1
packaging,1
editors,1
become,1
tree,1
assessing,1
plans,1
displayed,1
excluded,1
availability,1
claiming,1
probably,1
intercontinental,1
guess,1
wells,1
grain,1
alleviated,1
relative,1
insignificant,1
quarterly,1
fee,1
luring,1
immigration,1
deflator,1
competed,1
claudia,1
widely,1
improperly,1
separate,1
tennessee,1
farm,1
surging,1
inelastic,1
tests,1
bockstael,1
relationship,1
lot,1
independent,1
provide,1
science,1
bulk,1
broadened,1
usually,1
testing,1
threshold,1
exacerbated,1
insufficient,1
slow,1
detailed,1
merchandise,1
remaining,1
inadequate,1
length,1
life,1
payment,1
settled,1
efficiency,1
expectations,1
fall,1
inferior,1
transferring,1
centuries,1
months,1
itself,1
suspending,1
problematic,1
investigate,1
joseph,1
ash,1
stable,1
ensure,1
packer,1
shipper,1
suggestions,1
earliest,1
eventually,1
specification,1
occasional,1
prohibited,1
elaborate,1
conclusion,1
changing,1
simplify,1
ronde,1
detect,1
extension,1
accruing,1
recognizable,1
offered,1
record,1
text,1
funding,1
equipment,1
organizational,1
dormancy,1
equation,1
cover,1
labeling,1
outcome,1
defining,1
ran,1
unavailable,1
receivers,1
december,1
marketprices,1
fairs,1
oranges,1
accustomed,1
resentment,1
believe,1
best,1
acts,1
printed,1
domestic,1
allied,1
post,1
firuit,1
clearly,1
speculation,1
perfectly,1
section,1
driven,1
essentially,1
proposed,1
passage,1
february,1
risky,1
following,1
packers,1
unlikely,1
champagne,1
purchase,1
explanations,1
nominal,1
lands,1
avner,1
them,1
volcanic,1
rose,1
selected,1
plants,1
orleans,1
particular,1
independently,1
character,1
strawberry,1
opportunistic,1
doubled,1
cooperatively,1
tightly,1
custom,1
tending,1
weights,1
secure,1
renegotiating,1
agreed,1
quincy,1
incomes,1
ideal,1
suspicion,1
contain,1
targets,1
freedom,1
level,1
economist,1
entrance,1
thereby,1
met,1
ohio,1
timely,1
introduced,1
verified,1
regulate,1
buy,1
tried,1
administration,1
exceeded,1
rochester,1
obtain,1
gradesfor,1
merchant,1
colonial,1
evidenced,1
goals,1
false,1
fred,1
tell,1
models,1
goldin,1
disappear,1
initiated,1
finding,1
illinois,1
steam,1
charge,1
completed,1
contributed,1
insight,1
actively,1
approximately,1
typically,1
judges,1
consumption,1
range,1
barzel,1
thomson,1
arrivals,1
effects,1
attempted,1
francisco,1
shift,1
ranged,1
roughly,1
comparison,1
observation,1
charles,1
barry,1
endeavors,1
potential,1
withdrew,1
kramer,1
doubling,1
bottoms,1
tsp,1
reached,1
temperatures,1
industryl,1
northwestern,1
ends,1
longer,1
asked,1
fostering,1
delayed,1
outlawed,1
laws,1
discern,1
autocorrelation,1
