WORDCOUNTS,WEIGHT
the,563
of,409
and,298
in,226
to,131
a,111
that,83
this,72
for,67
on,66
from,51
paper,47
economic,47
university,45
by,45
we,40
as,39
an,35
with,35
is,33
s,32
growth,31
was,29
development,28
were,26
new,25
between,25
data,24
it,22
during,22
more,21
period,21
economy,20
have,20
century,19
these,19
market,18
state,18
abstracts,18
states,18
fertility,17
has,16
how,16
their,16
session,16
which,16
eha,16
public,15
trade,15
at,14
i,14
rights,14
markets,14
been,14
evidence,14
modern,13
first,13
than,13
information,13
technology,13
or,13
also,13
analysis,13
united,13
not,13
are,13
firms,13
our,13
institutional,13
history,12
its,12
revolution,12
industry,12
results,12
innovation,12
local,12
school,12
capital,12
early,12
schools,11
political,11
had,11
well,11
rates,11
corporations,11
through,11
using,11
effect,11
historical,11
urban,11
colonial,11
into,10
part,10
suggest,10
but,10
industrial,10
children,10
patterns,10
who,10
what,10
agricultural,10
role,10
transition,10
land,10
production,9
some,9
supply,9
industries,9
higher,9
most,9
show,9
could,9
property,9
change,9
research,9
decline,9
railroad,9
two,9
number,9
patents,9
over,9
each,9
both,9
twentieth,9
technological,9
before,8
government,8
agriculture,8
process,8
important,8
war,8
family,8
productivity,8
europe,8
financial,8
technologies,8
health,8
after,8
destruction,8
countries,8
education,8
set,8
goods,8
rural,8
size,8
much,8
large,7
one,7
all,7
china,7
such,7
emigration,7
find,7
german,7
legal,7
changes,7
impact,7
chinese,7
however,7
successful,7
south,7
shows,7
gdp,7
trust,7
california,7
standard,7
africa,7
institutions,7
securities,7
organization,7
control,7
did,7
private,7
world,7
regime,7
college,6
per,6
they,6
group,6
nineteenth,6
migration,6
labor,6
rapid,6
england,6
other,6
within,6
case,6
u,6
old,6
slave,6
general,6
based,6
international,6
events,6
stock,6
population,6
literature,6
remittances,6
zollverein,6
evening,6
examines,6
second,6
britain,6
southern,6
about,6
cleveland,6
only,6
many,6
areas,6
creative,6
including,6
evolution,6
whether,6
examine,6
construction,6
taiwan,6
them,6
commercial,6
germany,5
physicians,5
women,5
different,5
those,5
america,5
economics,5
activity,5
apprenticeship,5
may,5
costs,5
rather,5
across,5
analyzes,5
zemstvo,5
form,5
consequences,5
cost,5
societies,5
out,5
r,5
scope,5
london,5
civil,5
villages,5
periods,5
emigrants,5
rise,5
french,5
incorporation,5
pattern,5
do,5
income,5
entrepreneurial,5
understanding,5
slaves,5
findings,5
use,5
net,5
three,5
individual,5
played,5
provides,5
can,5
structure,5
inventors,5
relationship,5
five,5
intellectual,5
innovations,5
capita,5
particular,5
while,5
little,5
manufacturing,5
survival,5
d,5
effects,5
major,5
rate,4
child,4
created,4
heights,4
american,4
diversification,4
studies,4
diffusion,4
provision,4
creation,4
implications,4
differences,4
rich,4
there,4
wuxi,4
account,4
planters,4
entrepreneurs,4
human,4
since,4
due,4
econometric,4
response,4
left,4
york,4
russian,4
study,4
support,4
numbers,4
export,4
access,4
late,4
patent,4
counties,4
because,4
work,4
concept,4
significantly,4
enterprises,4
regions,4
physician,4
caused,4
level,4
insurance,4
massachusetts,4
up,4
reduced,4
positive,4
competition,4
under,4
tax,4
social,4
investors,4
demographic,4
choice,4
time,4
hand,4
model,4
empire,4
japan,4
free,4
years,4
investment,4
birth,4
significant,4
engineers,4
internal,4
percent,4
institution,4
industrialization,4
transformed,4
detailed,4
often,4
investigate,4
geographic,4
organizational,4
half,4
living,4
sericulture,4
influenced,4
became,4
question,4
models,4
contract,4
conditions,4
although,4
area,4
increased,4
profits,4
supported,4
traditional,4
household,4
gold,4
mostly,3
asymmetric,3
episodes,3
adoption,3
center,3
mobility,3
cycles,3
inequality,3
test,3
experience,3
consistent,3
gap,3
sources,3
davis,3
long,3
investments,3
available,3
advantage,3
accompanied,3
miles,3
system,3
issue,3
computing,3
capacity,3
establishment,3
qing,3
central,3
throughout,3
european,3
border,3
simultaneously,3
negatively,3
aimed,3
ways,3
developed,3
levels,3
lag,3
utilities,3
entry,3
statistical,3
peasant,3
age,3
schooling,3
strategy,3
uses,3
distribution,3
guns,3
census,3
further,3
michigan,3
scale,3
explain,3
having,3
discusses,3
training,3
policies,3
people,3
actually,3
falling,3
trends,3
creating,3
panel,3
stimulated,3
several,3
enslaved,3
characteristics,3
governments,3
acts,3
universities,3
paid,3
newly,3
preliminary,3
aggregate,3
entrepreneurship,3
activities,3
town,3
demand,3
matter,3
variety,3
service,3
indicates,3
engineering,3
exit,3
considers,3
stronger,3
towns,3
experienced,3
longer,3
revenue,3
regulation,3
farming,3
considerable,3
present,3
innovative,3
existing,3
degree,3
made,3
formal,3
region,3
arose,3
increase,3
controlling,3
largely,3
harvard,3
variables,3
individuals,3
previous,3
low,3
david,3
characterized,3
function,3
high,3
black,3
migrants,3
businesses,3
banking,3
analyze,3
homogamy,3
apprentices,3
rapidly,3
diseconomies,3
environment,3
then,3
practice,3
following,3
changing,3
accounts,3
known,3
country,3
finance,3
expanding,3
argue,3
particularly,3
cities,3
better,3
growing,3
want,3
institute,3
produce,3
suggests,3
northwestern,3
conclude,3
city,3
techniques,3
entrepreneur,3
urbanization,3
national,3
contributed,3
specific,3
potential,3
be,3
enterprise,3
substantial,3
given,3
among,3
recent,3
laborers,3
gis,2
go,2
transportation,2
versa,2
common,2
medieval,2
later,2
corporate,2
interviews,2
environmental,2
coast,2
e,2
utility,2
factories,2
sets,2
o,2
regulators,2
favor,2
former,2
decade,2
policy,2
protection,2
western,2
presents,2
source,2
being,2
ii,2
taken,2
address,2
asia,2
comparatively,2
skills,2
textiles,2
automobile,2
explores,2
assess,2
borders,2
great,2
analyses,2
producing,2
transferred,2
atlantic,2
survey,2
feature,2
persistence,2
improved,2
improving,2
regression,2
papers,2
british,2
referenda,2
principality,2
historians,2
adverse,2
addresses,2
intermediaries,2
prior,2
eliminating,2
timothy,2
minimum,2
hazard,2
framework,2
difficulties,2
medical,2
against,2
g,2
multinationals,2
neighbors,2
consumer,2
saxony,2
turn,2
adjustment,2
distinct,2
nor,2
clark,2
commercialization,2
université,2
profound,2
machines,2
third,2
estimate,2
mechanical,2
compare,2
explore,2
drawn,2
even,2
vice,2
influence,2
incentives,2
angeles,2
premodern,2
represented,2
opportunity,2
persistent,2
importance,2
talk,2
certain,2
enabled,2
reforms,2
zemstva,2
factors,2
moreover,2
organized,2
peasants,2
linked,2
warren,2
just,2
malthus,2
profile,2
resource,2
textile,2
efficient,2
intrastate,2
shifted,2
growers,2
dominant,2
decades,2
globalization,2
greater,2
raw,2
compulsory,2
result,2
changed,2
worker,2
though,2
technical,2
mainly,2
indirect,2
viewed,2
youths,2
companies,2
fulfill,2
possibility,2
rourke,2
criteria,2
failure,2
shape,2
received,2
explains,2
example,2
knowledge,2
tenure,2
loss,2
issues,2
broad,2
regional,2
stanford,2
researchers,2
los,2
next,2
barriers,2
small,2
few,2
schumpeter,2
annual,2
when,2
st,2
triangular,2
transforming,2
will,2
critical,2
led,2
situation,2
practices,2
various,2
fell,2
populations,2
divergence,2
poor,2
aggregative,2
illustrating,2
expanded,2
movement,2
decisions,2
communities,2
yet,2
examined,2
opportunities,2
makes,2
marginal,2
us,2
neither,2
light,2
same,2
choices,2
wright,2
silk,2
largest,2
nankai,2
transatlantic,2
gotten,2
law,2
technique,2
power,2
others,2
put,2
investigates,2
efforts,2
leading,2
fundamental,2
scholars,2
wine,2
crop,2
tariff,2
contemporary,2
automobiles,2
external,2
ages,2
paris,2
remarkable,2
continuing,2
less,2
focusing,2
metropolitan,2
distance,2
day,2
alston,2
timelines,2
lags,2
able,2
spending,2
john,2
helps,2
obstruction,2
louis,2
empirical,2
hypotheses,2
causes,2
postbellum,2
ethnic,2
trend,2
portfolios,2
services,2
examination,2
exports,2
historic,2
moral,2
b,2
assignment,2
profession,2
accounted,2
portfolio,2
logic,2
japanese,2
so,2
reformers,2
ex,2
features,2
collected,2
latter,2
exchange,2
especially,2
outcomes,2
correlated,2
james,2
irvine,2
contracts,2
assesses,2
relative,2
sugar,2
attention,2
farm,2
means,2
lost,2
force,2
began,2
efficiency,2
wives,2
measured,2
joseph,2
any,2
associated,2
extensive,2
determinants,2
funding,2
colorado,2
couples,2
colonization,2
commission,2
east,2
key,2
foundation,2
job,2
separating,2
differed,2
distinctive,2
chesapeake,2
masters,2
beginning,2
explanations,2
bristol,2
interwar,2
rose,2
stability,2
ones,2
rising,2
trinity,2
sunk,2
problem,2
gpt,2
imperial,2
voice,2
outline,2
african,2
step,2
measure,2
inventions,2
aims,2
representation,2
ultimately,2
until,2
argument,2
argues,2
decrease,2
course,2
americas,2
typically,2
range,2
unified,2
off,2
tobacco,2
extremely,2
association,2
era,2
uncertainty,2
ownership,2
strong,2
broader,2
attendance,2
tourists,1
democracy,1
tokyo,1
does,1
now,1
formulated,1
currently,1
final,1
inhibits,1
antoine,1
revisionist,1
limits,1
edge,1
evaluations,1
estimated,1
way,1
if,1
multiple,1
indicated,1
generated,1
locates,1
groups,1
legislature,1
commitment,1
gerben,1
expiring,1
deserve,1
affected,1
schism,1
resulted,1
wegge,1
offset,1
filing,1
assembles,1
measures,1
ultimate,1
introduction,1
federation,1
endowments,1
village,1
hot,1
inconsequential,1
touched,1
downplayed,1
certificates,1
birmingham,1
yuru,1
ma,1
formed,1
zero,1
zorina,1
saxon,1
true,1
managing,1
ploeckl,1
done,1
sudden,1
pardey,1
rolf,1
upheaval,1
han,1
flows,1
hip,1
trace,1
servitude,1
virtually,1
mainland,1
behavior,1
total,1
holding,1
husbands,1
antebellum,1
moving,1
something,1
assume,1
plantations,1
tariffs,1
arguing,1
khan,1
princeton,1
societal,1
contact,1
my,1
hoping,1
disutility,1
disturbances,1
negative,1
fluctuations,1
mêmes,1
thuringia,1
member,1
railroads,1
fraction,1
explaining,1
permit,1
florian,1
australia,1
invention,1
chasm,1
jaret,1
localities,1
posed,1
melissa,1
interests,1
deindustrialization,1
give,1
rested,1
secretary,1
darkness,1
utilization,1
infinitesimal,1
promoting,1
emerged,1
burhop,1
chemicals,1
tunghai,1
words,1
gary,1
best,1
possibilities,1
kao,1
nonmigrants,1
withholding,1
carter,1
assertion,1
together,1
desire,1
estimation,1
simple,1
disproportionate,1
farmers,1
accumulated,1
potentially,1
acreage,1
assembled,1
studied,1
mills,1
aircraft,1
composition,1
functional,1
merchandisers,1
take,1
evolving,1
subsequent,1
barnard,1
failures,1
demandresponsive,1
browser,1
allocating,1
intuitive,1
murray,1
emphasized,1
greatly,1
precisely,1
influences,1
raised,1
rui,1
robert,1
tsarist,1
normal,1
decreased,1
wage,1
educate,1
behind,1
return,1
daniel,1
technologybased,1
livelihood,1
triggered,1
decennial,1
lawmakers,1
partners,1
takes,1
dearth,1
sophisticated,1
rivalry,1
assertions,1
marketer,1
shane,1
advice,1
winemakers,1
firm,1
retailers,1
incorporate,1
draw,1
discuss,1
ventures,1
bribes,1
bessen,1
possible,1
enforcement,1
concentrating,1
condition,1
illustrate,1
tractors,1
soils,1
chartered,1
establishing,1
erased,1
functions,1
idiosyncratically,1
julian,1
move,1
consumers,1
pharmaceuticals,1
vital,1
measuring,1
likely,1
desired,1
combine,1
processes,1
indicating,1
conception,1
cited,1
dynamic,1
apply,1
compares,1
decreasing,1
investing,1
innovator,1
financed,1
zhang,1
longstanding,1
warfare,1
probationary,1
karen,1
carsten,1
li,1
regarding,1
conflict,1
weakens,1
comprehensive,1
includes,1
differential,1
constructed,1
relationships,1
merchants,1
madrid,1
severe,1
facts,1
sibylle,1
analyzing,1
recasting,1
nafziger,1
software,1
de,1
author,1
relatively,1
moment,1
lin,1
santa,1
carlos,1
issued,1
rigorously,1
pay,1
align,1
utilizes,1
topic,1
montana,1
comprised,1
arena,1
learning,1
financing,1
funds,1
attracting,1
estimates,1
cases,1
spawn,1
phasing,1
destroyed,1
immigrants,1
channeled,1
simpson,1
grape,1
amount,1
back,1
ante,1
contrary,1
structural,1
body,1
modernity,1
africans,1
flawed,1
oxford,1
strength,1
served,1
applying,1
varieties,1
single,1
publications,1
supplier,1
contemporaneously,1
island,1
details,1
stagnation,1
sun,1
traditions,1
longterm,1
leadership,1
climates,1
weakness,1
acted,1
competitive,1
stanley,1
master,1
error,1
kenyon,1
contracting,1
bogart,1
opium,1
failed,1
absolutist,1
parity,1
via,1
promoters,1
essential,1
mexico,1
no,1
operations,1
pompeu,1
act,1
his,1
respondent,1
l,1
performance,1
main,1
district,1
elasticity,1
commentators,1
possession,1
investigation,1
landscape,1
afterwards,1
centralization,1
outputs,1
incidence,1
politicians,1
vs,1
embarking,1
transferable,1
risk,1
probability,1
proportion,1
flexible,1
locations,1
patentable,1
taiping,1
grew,1
brand,1
leave,1
mitch,1
direct,1
masayuki,1
parts,1
contributions,1
generating,1
overcapitalization,1
enacted,1
productive,1
awareness,1
overlooked,1
supposed,1
thomasson,1
williamsburg,1
cuba,1
involvement,1
solutions,1
category,1
acquisition,1
applied,1
facilitated,1
affect,1
wages,1
speculative,1
females,1
improvement,1
occupational,1
established,1
imposing,1
toy,1
benefits,1
grains,1
indenture,1
plenary,1
emergence,1
sick,1
latin,1
specify,1
sum,1
disadvantaged,1
mechanisms,1
patenting,1
windfall,1
instrument,1
unfavorable,1
listed,1
upper,1
retrospective,1
democratic,1
filed,1
max,1
origins,1
consequential,1
cotton,1
facing,1
obstacles,1
exploitation,1
asks,1
mix,1
care,1
helped,1
flow,1
vehicles,1
hilt,1
trained,1
drawing,1
underutilization,1
trajectories,1
startup,1
fluid,1
regulatory,1
nebraska,1
graduates,1
assessments,1
bureaucracy,1
union,1
standards,1
gregory,1
endogenous,1
came,1
pc,1
identifying,1
migrant,1
concentration,1
location,1
nancy,1
six,1
entering,1
hands,1
traditionally,1
critically,1
sokoloff,1
discrete,1
inappropriate,1
schumpeterian,1
centers,1
patrick,1
output,1
demands,1
radical,1
requirements,1
interstate,1
parisian,1
davide,1
vigorous,1
sanderson,1
initial,1
term,1
sectoral,1
evaluate,1
acquiring,1
outset,1
lose,1
furthermore,1
standardized,1
informed,1
equal,1
focused,1
imbalances,1
revisits,1
skilled,1
leonard,1
separated,1
appears,1
intensity,1
tsars,1
buffer,1
younger,1
safe,1
record,1
democratization,1
universidad,1
watershed,1
instrumental,1
required,1
facilities,1
wide,1
claimants,1
tracking,1
spain,1
elastic,1
cointegrated,1
engine,1
receive,1
sites,1
taxes,1
almost,1
directly,1
squares,1
unequal,1
network,1
designation,1
basis,1
relatives,1
diminution,1
artisans,1
simone,1
residents,1
organize,1
tool,1
start,1
instituted,1
locus,1
voted,1
heart,1
prominent,1
advancement,1
purpose,1
competing,1
proportions,1
calls,1
reduction,1
related,1
actors,1
indigenous,1
confirms,1
crowding,1
ten,1
cepii,1
got,1
used,1
describe,1
fit,1
consistently,1
database,1
reaped,1
intermediate,1
place,1
engineer,1
collective,1
records,1
bias,1
transmitting,1
structures,1
emancipation,1
music,1
documented,1
focuses,1
illustrative,1
away,1
legislation,1
employed,1
systematic,1
entails,1
showing,1
reconstructing,1
alan,1
status,1
patented,1
wheat,1
attributed,1
redistribution,1
manipulation,1
spouses,1
prices,1
causal,1
stylized,1
running,1
least,1
sense,1
hard,1
working,1
reversals,1
hatton,1
enrollment,1
tested,1
contrast,1
poster,1
destiny,1
consolidation,1
quite,1
enriqueta,1
night,1
bank,1
involved,1
around,1
affluent,1
workshops,1
driving,1
claims,1
wider,1
floating,1
multinational,1
alleviate,1
assimilate,1
transfer,1
lawyers,1
observe,1
australian,1
slaving,1
petition,1
junctures,1
yielded,1
philip,1
credible,1
gunpowder,1
fully,1
managed,1
progress,1
unlimited,1
gloria,1
marriageage,1
filling,1
decision,1
distinguishing,1
cycle,1
despite,1
provided,1
untested,1
waiting,1
valuable,1
massive,1
incumbent,1
bolstered,1
capturing,1
society,1
petroleum,1
input,1
nations,1
threatened,1
retreated,1
increasing,1
noteworthy,1
units,1
business,1
communist,1
specifications,1
cuban,1
clara,1
absence,1
vanderbilt,1
summarize,1
esteves,1
impacts,1
identified,1
action,1
indeed,1
located,1
overall,1
labeled,1
limited,1
minority,1
corporation,1
motivated,1
kilometers,1
classic,1
impose,1
female,1
brings,1
constraints,1
community,1
still,1
above,1
intervention,1
interactions,1
railway,1
targeted,1
registered,1
roads,1
seemingly,1
ask,1
selection,1
competitiveness,1
geiger,1
reclaimed,1
gigi,1
biological,1
percentage,1
once,1
cheap,1
unintended,1
interpretation,1
underdevelopment,1
coverage,1
represents,1
towards,1
rules,1
thought,1
neil,1
rain,1
favorable,1
perceived,1
compiled,1
home,1
peddling,1
infrastructure,1
positively,1
ipums,1
gpts,1
wallis,1
pioneered,1
shifting,1
sharply,1
dan,1
microdata,1
levenstein,1
nineteenthcentury,1
suppliers,1
without,1
algeria,1
prematurely,1
increasingly,1
williams,1
inheritance,1
functioned,1
payments,1
weavers,1
useful,1
lee,1
fellow,1
street,1
soundness,1
members,1
resolution,1
name,1
bureaucrat,1
paul,1
inventive,1
moneys,1
factory,1
alleviated,1
mark,1
toward,1
preferences,1
slavery,1
curtails,1
rock,1
varied,1
water,1
unsuccessful,1
subsidiaries,1
lack,1
valid,1
allow,1
agrarian,1
rents,1
minnesota,1
predominant,1
appeared,1
reformed,1
nathan,1
reform,1
enable,1
grave,1
larger,1
classical,1
banks,1
warning,1
secondly,1
deleterious,1
substantially,1
variation,1
man,1
producer,1
reasons,1
bargaining,1
contrôlée,1
forms,1
men,1
enough,1
multiplication,1
clemens,1
performances,1
begin,1
covered,1
lehmann,1
developing,1
seventeenth,1
vulnerable,1
contracted,1
strategies,1
coincided,1
fend,1
marketable,1
necessary,1
material,1
deep,1
charter,1
project,1
hamilton,1
sell,1
ladder,1
mokyr,1
elevation,1
microsoft,1
original,1
demonstrated,1
fundamentally,1
commercialized,1
credit,1
empirically,1
analyzed,1
classes,1
apt,1
greatest,1
balance,1
nutrition,1
diverse,1
extended,1
vast,1
discussion,1
disease,1
survive,1
intent,1
examples,1
apogee,1
explanation,1
tulane,1
conceptions,1
mothers,1
active,1
sides,1
kickstart,1
winemaking,1
manufactured,1
holt,1
samples,1
elite,1
medium,1
encouraged,1
thriving,1
entirely,1
asian,1
traded,1
combining,1
religiously,1
treber,1
persisted,1
dye,1
rivers,1
emphasize,1
prospective,1
factor,1
numerous,1
ideas,1
catalyst,1
questions,1
logics,1
aids,1
obstruct,1
proposition,1
stops,1
redistributed,1
office,1
improvements,1
initiatives,1
theoretical,1
weaving,1
arguably,1
bresnahan,1
help,1
corrupted,1
moderator,1
margaret,1
remaining,1
essay,1
daron,1
rebecca,1
interpret,1
workers,1
watered,1
good,1
supplying,1
like,1
would,1
causally,1
mask,1
obtained,1
filled,1
households,1
last,1
claim,1
martin,1
why,1
educational,1
favored,1
annually,1
problems,1
article,1
matched,1
toledo,1
evolutionary,1
tanimoto,1
postworld,1
respectively,1
correction,1
enjoyed,1
wills,1
electric,1
trades,1
seeking,1
probably,1
electricity,1
field,1
slightly,1
italy,1
henderson,1
northern,1
occupied,1
cooperatives,1
whatley,1
tendency,1
agenda,1
professional,1
walsh,1
electronics,1
regimes,1
greek,1
decay,1
vector,1
widely,1
brown,1
decolonization,1
clusters,1
tennessee,1
contributes,1
discipline,1
depth,1
consists,1
fog,1
fabra,1
yields,1
speculate,1
tests,1
topography,1
abundance,1
initiates,1
responsiveness,1
commentator,1
absorbing,1
transformations,1
note,1
continued,1
tenant,1
movements,1
sometimes,1
kenneth,1
linda,1
practical,1
testing,1
unwarranted,1
serfs,1
appellation,1
parent,1
insufficient,1
widespread,1
male,1
substitution,1
statutes,1
abnormal,1
yale,1
economists,1
effectively,1
nunn,1
contribution,1
universitat,1
transformation,1
recognize,1
ferrie,1
maximizing,1
length,1
dynamism,1
life,1
class,1
miami,1
applicants,1
responsible,1
expectations,1
acemoglu,1
interconnected,1
proposals,1
sheds,1
entertainment,1
delineates,1
assigns,1
stable,1
quantitative,1
share,1
sketches,1
fifteen,1
specification,1
dispersed,1
fantastic,1
series,1
heeded,1
wartime,1
founded,1
tenancy,1
agents,1
steel,1
granger,1
extension,1
physical,1
masses,1
membership,1
phillips,1
sustained,1
debin,1
quickly,1
know,1
physically,1
mass,1
natural,1
hotbed,1
interpersonal,1
reversal,1
steven,1
expenditures,1
neglected,1
global,1
noam,1
incorporating,1
alexander,1
leaders,1
down,1
prominence,1
bifurcated,1
universal,1
current,1
assignments,1
returns,1
post,1
iii,1
losses,1
clearly,1
speculation,1
hence,1
rely,1
very,1
ibm,1
mistrust,1
gas,1
benefit,1
interconnection,1
allocation,1
placing,1
closest,1
specially,1
type,1
exited,1
advances,1
places,1
overcrowding,1
abolishment,1
william,1
greenstein,1
succeeded,1
unlikely,1
santow,1
nominal,1
transfers,1
tying,1
combined,1
unique,1
kevin,1
terms,1
offering,1
equilibria,1
rebellion,1
maryland,1
semiskilled,1
imposed,1
remained,1
males,1
suspicions,1
map,1
manuscripts,1
firmly,1
yuchtman,1
adaptation,1
extent,1
transaction,1
always,1
mandated,1
vehicle,1
generally,1
observations,1
exemplify,1
incomes,1
emphasis,1
virginia,1
hundreds,1
categories,1
finished,1
socioeconomic,1
radically,1
bodies,1
boston,1
presented,1
owner,1
modernizing,1
muriel,1
dependent,1
emperor,1
altogether,1
backwards,1
marketing,1
confirm,1
williamson,1
withdrawal,1
intended,1
administration,1
assumptions,1
everywhere,1
went,1
rochester,1
contribute,1
wantchekon,1
underestimate,1
phenomenon,1
allows,1
exploit,1
takeover,1
cantoni,1
accorded,1
syndrome,1
lille,1
come,1
eric,1
indiana,1
sickness,1
promoted,1
innovate,1
authorized,1
adulteration,1
difference,1
ignored,1
joel,1
average,1
wang,1
advent,1
similarity,1
deepening,1
illinois,1
camps,1
washington,1
naomi,1
unbridgeable,1
planck,1
offer,1
approximately,1
richard,1
should,1
cointegration,1
integrated,1
grabbing,1
building,1
certificate,1
need,1
product,1
smaller,1
cummins,1
integration,1
france,1
defined,1
haphazard,1
burdens,1
speak,1
untouched,1
ranged,1
needs,1
offered,1
papal,1
settled,1
engerman,1
workforces,1
charlotte,1
lamoreaux,1
assumed,1
gavin,1
clarify,1
themselves,1
c,1
scholarship,1
point,1
sectors,1
reached,1
bakker,1
lorena,1
wellesley,1
maximum,1
engines,1
severely,1
interaction,1
ends,1
panic,1
profiles,1
operational,1
fiscal,1
meeting,1
southeastern,1
doing,1
resources,1
close,1
customs,1
perception,1
continuously,1
grants,1
