WORDCOUNTS,WEIGHT
the,210
of,131
to,106
in,100
and,99
a,73
note,70
issue,53
banks,45
that,43
was,42
bank,40
new,35
notes,34
free,32
were,32
as,30
on,29
york,28
percent,28
it,27
for,27
banking,27
not,23
p,23
s,22
at,21
deposit,21
by,20
is,20
be,20
have,18
bonds,17
issues,17
national,17
they,16
redemption,16
but,16
creation,16
circulation,16
rates,16
return,15
bankers,15
paradox,15
more,15
if,14
from,14
i,14
this,14
value,14
costs,13
bond,13
their,13
or,13
could,13
iii,13
interest,13
state,12
an,12
no,11
bodenhorn,11
are,11
so,11
c,11
than,11
been,10
most,10
had,10
par,10
other,10
balances,10
risks,9
constant,9
additional,9
alternative,9
haupert,9
equal,9
era,9
its,9
price,9
would,9
rate,8
about,8
antebellum,8
all,8
profitable,8
returns,8
min,8
calculations,8
credit,8
deposits,8
city,8
during,8
although,8
assumed,8
where,7
market,7
marginal,7
collateral,7
then,7
capital,7
assets,7
found,7
ra,7
champ,7
because,7
conundrum,7
increased,7
loans,7
legal,6
only,6
based,6
earning,6
cost,6
with,6
rb,6
did,6
required,6
increase,6
low,6
either,6
prices,6
weber,6
also,6
reserves,5
studies,5
table,5
howard,5
country,5
university,5
issuing,5
holding,5
same,5
idle,5
addition,5
greater,5
those,5
them,5
system,5
another,5
through,5
which,5
resolving,5
funds,5
profits,5
between,5
profit,5
james,5
arbitrage,5
comptroller,5
may,4
therefore,4
l,4
economic,4
created,4
profitability,4
calculation,4
opportunity,4
income,4
risk,4
why,4
when,4
meant,4
history,4
rockoff,4
various,4
ratio,4
review,4
viewed,4
michael,4
less,4
imposed,4
hammond,4
specie,4
well,4
these,4
million,4
previous,4
such,4
relatively,4
like,4
period,4
forced,4
joumal,4
rr,4
potential,4
can,4
up,4
probably,4
paid,4
we,4
y,4
high,3
recognized,3
reductions,3
rather,3
allowable,3
albany,3
above,3
significant,3
easily,3
percentage,3
existed,3
overlooked,3
see,3
hugh,3
underissue,3
pp,3
puzzle,3
earned,3
any,3
bruce,3
argued,3
two,3
lower,3
payments,3
warren,3
long,3
law,3
rolnick,3
faced,3
might,3
dominated,3
many,3
england,3
rl,3
total,3
time,3
out,3
debt,3
pure,3
banknotes,3
accepted,3
money,3
u,3
america,3
yield,3
cents,3
account,3
cagan,3
government,3
basis,3
unexploited,3
average,3
fluctuations,3
wallace,3
per,3
net,3
throughout,3
schwartz,3
redeemed,3
assembly,3
portfolio,3
creating,3
held,3
states,3
privilege,3
loan,3
times,3
reported,3
given,3
resolutions,3
acted,3
apparent,3
resolve,2
higher,2
failed,2
accepting,2
yields,2
press,2
demand,2
estimated,2
way,2
federal,2
legislature,2
both,2
revenues,2
comparable,2
who,2
suffer,2
earlier,2
standing,2
similar,2
large,2
american,2
direct,2
interbank,2
one,2
mobility,2
form,2
factors,2
losses,2
modified,2
case,2
financial,2
considered,2
necessarily,2
included,2
equations,2
rbp,2
generally,2
process,2
accomplishment,2
noted,2
implied,2
passed,2
crosse,2
putting,2
text,2
entailed,2
equation,2
quickly,2
over,2
withdrawals,2
into,2
paper,2
share,2
expanding,2
herald,2
yal,2
seriously,2
report,2
daily,2
economics,2
john,2
arthur,2
persist,2
captured,2
there,2
markets,2
term,2
lending,2
transactions,2
unlikely,2
purchase,2
chicago,2
indirect,2
lion,2
making,2
paying,2
placed,2
minneapolis,2
controversy,2
sell,2
has,2
princeton,2
fully,2
remained,2
balance,2
some,2
data,2
used,2
received,2
explanation,2
purchases,2
bray,2
bell,2
extending,2
became,2
means,2
financed,2
simply,2
minimum,2
went,2
gave,2
sold,2
behavior,2
meet,2
thin,2
eligible,2
regional,2
revoked,2
years,2
difference,2
professor,2
finding,2
extend,2
approach,2
closing,2
volume,2
below,2
irrationally,2
unexpected,2
modeled,2
sharp,2
quite,2
superintendent,2
ranged,2
several,2
margin,2
systems,2
served,2
kuehlwein,2
create,2
annual,2
substantial,2
sudden,2
results,2
using,2
among,2
quarterly,2
should,2
general,2
quarter,2
la,2
argus,2
reserve,2
applies,2
incidental,2
standard,2
surprising,2
increasing,1
bicknell,1
revolution,1
ranging,1
periods,1
carried,1
lesser,1
suggest,1
incentives,1
rights,1
wished,1
does,1
operation,1
fogel,1
customers,1
led,1
he,1
rescinded,1
moreover,1
averaged,1
advertisement,1
objectionable,1
raise,1
matter,1
window,1
charters,1
expected,1
important,1
his,1
recall,1
later,1
wary,1
action,1
lynn,1
unwilling,1
glasgow,1
reporter,1
how,1
presupposed,1
concern,1
prudent,1
caught,1
reinterpreted,1
exacerbated,1
excess,1
kiesling,1
promising,1
explicit,1
attitude,1
anks,1
fewer,1
college,1
bore,1
asset,1
attempted,1
reduce,1
concluding,1
seen,1
contrary,1
considerably,1
necessary,1
determining,1
opportunities,1
seemingly,1
manuscript,1
currency,1
proportion,1
associate,1
proposition,1
forcing,1
b,1
democrats,1
shocks,1
registered,1
adjustments,1
portent,1
sacrificed,1
terms,1
judged,1
hold,1
decisions,1
assuming,1
special,1
bodenhorm,1
often,1
responsible,1
counterfeir,1
detrimental,1
use,1
goldin,1
analysis,1
legality,1
fall,1
spoken,1
spurgeon,1
calculate,1
thrusting,1
itself,1
equaled,1
cashiers,1
true,1
liabilities,1
yet,1
extremely,1
selling,1
o,1
reference,1
accounts,1
endogenously,1
concerns,1
holdings,1
represents,1
changes,1
escape,1
rules,1
creditors,1
presidents,1
gathered,1
unacceptable,1
ensure,1
sounds,1
earliest,1
caveat,1
whereas,1
under,1
around,1
extensions,1
position,1
justified,1
thesis,1
guaranteed,1
assistant,1
presents,1
unlike,1
suggestions,1
participants,1
occurred,1
victories,1
deposited,1
redemptions,1
rarely,1
light,1
before,1
just,1
following,1
nineteenth,1
numbers,1
induced,1
maturity,1
hanging,1
conclusion,1
weak,1
accordance,1
al,1
changing,1
suffolk,1
too,1
w,1
reasonably,1
tellers,1
downturns,1
solvent,1
four,1
show,1
mitigated,1
reports,1
demonstrate,1
agents,1
struck,1
superior,1
being,1
satisfying,1
legislatures,1
first,1
consistent,1
exploit,1
diversifying,1
provision,1
longer,1
gotten,1
specific,1
failing,1
sources,1
requirement,1
comparing,1
falling,1
certainly,1
name,1
namely,1
majority,1
amount,1
offers,1
here,1
unreliable,1
interested,1
dominant,1
edited,1
business,1
fund,1
stated,1
taken,1
fell,1
detector,1
toward,1
others,1
investments,1
ran,1
disgruntled,1
constitution,1
termination,1
put,1
printing,1
each,1
advanced,1
j,1
expressed,1
leaving,1
legislative,1
closely,1
averages,1
worth,1
fact,1
naive,1
macroeconomic,1
intermediating,1
remarks,1
believe,1
avenue,1
referees,1
volatility,1
down,1
lessen,1
approximately,1
appendix,1
together,1
conservative,1
employments,1
reexamined,1
argue,1
cyclical,1
appeared,1
documents,1
smart,1
public,1
counter,1
thank,1
current,1
differences,1
potentially,1
eventually,1
end,1
charge,1
able,1
demands,1
decreases,1
reed,1
radical,1
buying,1
depletion,1
artfully,1
resulting,1
clearly,1
weekly,1
generalized,1
imperfect,1
numerator,1
habit,1
lafayette,1
finally,1
representative,1
reasons,1
limbo,1
acquiring,1
late,1
never,1
overstate,1
days,1
further,1
hand,1
trouble,1
forwarding,1
do,1
remainder,1
employment,1
reserved,1
furthermore,1
regulations,1
political,1
increases,1
offered,1
focused,1
rising,1
somewhat,1
explanations,1
committed,1
what,1
war,1
bonus,1
sheet,1
economy,1
derivation,1
within,1
validity,1
countersigned,1
papers,1
tended,1
offering,1
requiring,1
answer,1
ones,1
analogous,1
constitutional,1
constitutionality,1
grades,1
decade,1
maintain,1
year,1
seasonal,1
perhaps,1
laboring,1
explain,1
enough,1
unsavory,1
method,1
understandably,1
drain,1
guidelines,1
number,1
particularly,1
going,1
inject,1
neil,1
correspondents,1
expensive,1
march,1
require,1
ibid,1
larger,1
doubtful,1
influenced,1
local,1
vol,1
revoking,1
authorized,1
anna,1
virginia,1
r,1
politics,1
understated,1
investment,1
qtr,1
secured,1
work,1
choose,1
measures,1
sale,1
hung,1
treated,1
radically,1
rises,1
dipped,1
bought,1
closings,1
presented,1
instituted,1
wisconsin,1
possible,1
obvious,1
entire,1
slightly,1
recognition,1
attachments,1
thereby,1
met,1
noteholders,1
part,1
promptly,1
arose,1
shinplasters,1
panic,1
despite,1
example,1
coupon,1
resources,1
laws,1
delinquent,1
foregone,1
anomalous,1
sufficiently,1
dollar,1
reduction,1
vexing,1
confined,1
apply,1
recover,1
variability,1
journal,1
sympathetic,1
investing,1
expand,1
discussed,1
feared,1
minority,1
impose,1
keeping,1
cash,1
sheets,1
disappears,1
exceeded,1
shareholders,1
continuation,1
depositors,1
obtain,1
fail,1
tied,1
precipitating,1
additions,1
needed,1
granted,1
equity,1
pa,1
partly,1
postbellum,1
exposed,1
maintained,1
september,1
questions,1
regarding,1
think,1
take,1
portfolios,1
actual,1
varied,1
thus,1
nothing,1
our,1
violated,1
forwarded,1
search,1
comments,1
away,1
simplify,1
question,1
institution,1
employed,1
surely,1
eras,1
nor,1
shown,1
students,1
spring,1
presence,1
bid,1
seminars,1
revocation,1
commercial,1
argument,1
restrictions,1
open,1
wildcat,1
challenging,1
naomi,1
three,1
demanded,1
jourmal,1
decrease,1
continuance,1
authors,1
institutional,1
wind,1
washington,1
inflated,1
safety,1
calls,1
reap,1
crisis,1
retiring,1
easton,1
leave,1
issn,1
statutory,1
solution,1
least,1
instead,1
keep,1
judges,1
change,1
wi,1
function,1
product,1
pay,1
legislators,1
rearranging,1
features,1
century,1
integration,1
honor,1
percents,1
effects,1
engraving,1
prospect,1
order,1
attracting,1
accurate,1
calomiris,1
after,1
estimates,1
rutgers,1
midst,1
impending,1
association,1
better,1
optimal,1
bicknells,1
small,1
legally,1
calling,1
anonymous,1
needs,1
sufficient,1
especially,1
securities,1
charles,1
few,1
outside,1
preferred,1
sidestepped,1
back,1
ratios,1
costless,1
surrender,1
parcel,1
lamoreaux,1
resolution,1
substitute,1
columbia,1
second,1
amounted,1
strategic,1
usual,1
point,1
witnessed,1
effect,1
philip,1
valuable,1
helpful,1
tendered,1
including,1
even,1
northwestern,1
sept,1
begs,1
lingered,1
assumptions,1
equivalent,1
attracted,1
much,1
robert,1
recent,1
rearrange,1
unpublished,1
appropriate,1
pulling,1
civil,1
doing,1
heyday,1
handful,1
rdeposits,1
close,1
manner,1
claudia,1
widely,1
irrationality,1
referring,1
invest,1
decision,1
hidden,1
looking,1
hovered,1
references,1
