WORDCOUNTS,WEIGHT
the,148
of,90
and,87
in,84
to,46
a,31
from,26
by,26
as,25
prices,23
lee,22
slave,21
that,20
wages,19
rice,19
century,19
price,18
on,18
choson,17
korea,17
seoul,17
cha,16
kim,16
productivity,16
nineteenth,14
hugi,14
wage,13
trend,13
lewis,12
jun,12
figure,11
was,11
for,11
data,11
not,10
ui,10
factor,10
which,10
centuries,9
p,9
records,9
university,8
kang,8
are,8
available,8
terms,8
eighteenth,8
have,8
national,8
decline,8
than,8
press,7
male,7
pp,7
park,7
two,7
uikwe,7
i,7
number,7
slaves,7
economic,6
is,6
with,6
myung,6
also,6
fell,6
soo,6
declined,6
real,6
seventeenth,6
were,6
james,6
an,6
asset,5
edited,5
youn,5
paddy,5
published,5
cotton,5
more,5
growth,5
documents,5
found,5
woo,5
series,5
supply,5
during,5
palais,5
chosonsitae,5
field,5
evidence,5
pak,5
average,4
expansion,4
precolonial,4
per,4
one,4
hedonic,4
or,4
history,4
total,4
sales,4
observations,4
only,4
urinara,4
korean,4
different,4
other,4
late,4
used,4
made,4
claim,4
year,4
labor,4
falling,4
such,4
this,4
kijoo,4
commodity,4
estimate,4
all,4
using,4
it,3
does,3
no,3
estimated,3
been,3
market,3
e,3
expanded,3
they,3
downward,3
indicate,3
about,3
rate,3
chongsu,3
coefficients,3
ro,3
source,3
but,3
age,3
first,3
textile,3
rise,3
imgum,3
rents,3
half,3
then,3
markets,3
further,3
regression,3
standardized,3
third,3
rent,3
kyongjesa,3
see,3
yun,3
money,3
while,3
percent,3
having,3
at,3
consistently,3
collection,3
copper,3
ho,3
relative,3
three,3
approach,3
nongop,3
interest,3
workers,3
land,3
suryang,3
rhee,3
seong,3
huiho,3
remains,3
article,3
research,3
respectively,3
be,3
y,3
journal,3
figures,3
tasibon,3
am,3
unskilled,3
yonku,2
kyungje,2
rights,2
second,2
nongchon,2
dual,2
matter,2
his,2
statecraft,2
wa,2
remaining,2
movement,2
large,2
derived,2
support,2
mit,2
stable,2
policy,2
into,2
their,2
sum,2
following,2
costs,2
being,2
sector,2
imply,2
surge,2
drew,2
alternative,2
indicated,2
decades,2
view,2
averages,2
shows,2
faster,2
s,2
sahak,2
hsieh,2
did,2
could,2
transaction,2
government,2
text,2
far,2
procedure,2
confucian,2
historical,2
there,2
what,2
stock,2
yangbanka,2
them,2
whether,2
ch,2
population,2
stability,2
agricultural,2
recorded,2
public,2
institute,2
because,2
expensive,2
cloth,2
remained,2
information,2
analyzed,2
r,2
politics,2
both,2
calculated,2
sokchong,2
explains,2
expressed,2
comment,2
chong,2
cash,2
adding,2
coins,2
shown,2
explained,2
won,2
interpreted,2
since,2
inflation,2
authors,2
pyondong,2
yitaek,2
amounts,2
although,2
southern,2
working,2
period,2
so,2
yong,2
after,2
indices,2
stabilized,2
refer,2
output,2
themselves,2
hunchang,2
early,2
when,2
would,2
given,2
farmland,2
paid,2
these,2
notes,2
ijayul,2
laborers,2
quarter,2
equal,2
rates,2
china,2
subsequently,1
periods,1
survived,1
south,1
indication,1
chunghugi,1
led,1
silchilimgum,1
alleged,1
units,1
me,1
rxr,1
demand,1
speeds,1
without,1
lot,1
nobi,1
rather,1
if,1
jaeho,1
kydngje,1
stabilization,1
slavery,1
five,1
developed,1
trended,1
suggested,1
proceedings,1
claimed,1
yoksapipyongsa,1
rough,1
unwarranted,1
represent,1
employment,1
weighted,1
dashed,1
affected,1
contraction,1
onward,1
lines,1
insufficiently,1
primarily,1
rapid,1
institutions,1
calculation,1
oooooo,1
measures,1
alone,1
converted,1
seen,1
parents,1
aa,1
mscha,1
appear,1
began,1
surviving,1
indicates,1
non,1
visual,1
eight,1
taiping,1
b,1
rapidly,1
american,1
parts,1
unhusked,1
sujun,1
spanning,1
assuming,1
generating,1
yuhan,1
measure,1
gratefully,1
identify,1
entries,1
productive,1
ma,1
calculate,1
collect,1
factors,1
moreover,1
sets,1
ways,1
irrigation,1
assets,1
wake,1
security,1
served,1
specified,1
proving,1
marginal,1
abundance,1
better,1
yoyokche,1
benefitted,1
issue,1
greater,1
hwapyesa,1
explicable,1
family,1
index,1
school,1
necessarily,1
presents,1
kr,1
earned,1
participants,1
wars,1
variable,1
dae,1
fifteen,1
proved,1
dummies,1
driven,1
quoted,1
days,1
same,1
ul,1
saengsanryok,1
several,1
argued,1
comparison,1
solid,1
industrial,1
debased,1
four,1
japan,1
most,1
agents,1
clarifying,1
december,1
pace,1
known,1
either,1
taegu,1
declining,1
followed,1
sources,1
consequence,1
actually,1
requires,1
production,1
derives,1
saengsansong,1
m,1
contrary,1
kyongbuktahakkyochulpanpu,1
asia,1
providing,1
spend,1
dynastic,1
attempt,1
pointed,1
unavailable,1
mutually,1
coinage,1
permanently,1
worked,1
sok,1
country,1
financial,1
readily,1
finance,1
official,1
cm,1
smith,1
opening,1
paper,1
shares,1
standards,1
efforts,1
fact,1
expanding,1
yechon,1
sell,1
contained,1
location,1
believe,1
outdoor,1
unknown,1
societies,1
nanam,1
revenue,1
ynu,1
expense,1
ooooooooooooo,1
kyongju,1
confirming,1
decadal,1
turak,1
foundation,1
producing,1
time,1
seven,1
children,1
out,1
economics,1
downwards,1
contradictory,1
accounted,1
farming,1
facilitate,1
infer,1
qing,1
end,1
hankugyonkuwon,1
reflected,1
products,1
tangpaekchon,1
uikwes,1
depress,1
saenghwal,1
term,1
last,1
places,1
debasement,1
sahoe,1
hand,1
consisted,1
ooooooooooooooooooooo,1
likelihood,1
v,1
equally,1
reserved,1
regulations,1
nodongja,1
transactions,1
deficits,1
scholarly,1
item,1
discussing,1
kyungsan,1
regressed,1
capita,1
nominal,1
existing,1
income,1
adults,1
less,1
references,1
rebellion,1
applied,1
cause,1
younger,1
appearing,1
wealth,1
meeting,1
however,1
recording,1
sangsanryok,1
itaek,1
books,1
find,1
dependents,1
acceleration,1
east,1
yongchul,1
natanan,1
toe,1
always,1
shifts,1
free,1
another,1
coin,1
husked,1
silver,1
otna,1
saenghwalsuchun,1
larger,1
produce,1
hankuk,1
property,1
dong,1
account,1
vol,1
group,1
suggests,1
sdngjangsa,1
private,1
relief,1
port,1
discussion,1
imprecisely,1
kagyok,1
who,1
inferred,1
chang,1
considering,1
worsening,1
birth,1
cambridge,1
imports,1
start,1
presented,1
hundred,1
ownership,1
represented,1
un,1
koyong,1
yongch,1
affecting,1
part,1
including,1
goods,1
example,1
increase,1
soyupangsik,1
confirm,1
became,1
chooses,1
ac,1
kongche,1
buy,1
nodong,1
ten,1
assumptions,1
significant,1
whole,1
use,1
sold,1
older,1
oso,1
make,1
assume,1
gi,1
families,1
xsx,1
mid,1
harvard,1
exist,1
statistics,1
london,1
review,1
observed,1
employed,1
complicated,1
until,1
washington,1
described,1
showing,1
project,1
mine,1
exports,1
decimated,1
professor,1
saeroun,1
trends,1
attributed,1
naksungdae,1
diminished,1
errors,1
express,1
ahn,1
points,1
maintenance,1
preceded,1
issn,1
running,1
adopted,1
instead,1
include,1
normally,1
d,1
kyongyong,1
need,1
palchonhago,1
living,1
revolution,1
chose,1
reliable,1
risen,1
collected,1
hired,1
dry,1
defined,1
derive,1
identified,1
turn,1
yeungnam,1
standard,1
adam,1
association,1
increased,1
resorting,1
nro,1
roughly,1
underlying,1
proximate,1
thousand,1
observation,1
eleven,1
claims,1
infrequently,1
back,1
causing,1
peasants,1
choose,1
response,1
started,1
stipulated,1
compared,1
tochi,1
ilchogak,1
justify,1
characterization,1
britain,1
chosdnsitae,1
can,1
sukryon,1
seattle,1
availability,1
misukryon,1
annual,1
up,1
probably,1
even,1
primal,1
traditional,1
attracted,1
palchonsa,1
recent,1
famine,1
value,1
adult,1
grateful,1
provided,1
hardly,1
regressions,1
attention,1
showed,1
acknowledge,1
controversial,1
aggregate,1
digging,1
overlooked,1
occur,1
perception,1
hanguk,1
society,1
input,1
