WORDCOUNTS,WEIGHT
the,505
of,257
and,256
in,189
to,152
a,130
financial,102
s,86
was,73
that,63
i,62
as,56
by,49
it,47
had,45
economic,43
for,41
system,38
with,38
on,35
at,34
bank,33
united,33
states,33
from,32
history,31
world,31
new,31
is,31
we,28
were,28
an,27
not,27
they,26
have,26
japan,24
u,24
all,23
its,23
modem,23
systems,23
growth,22
markets,22
hamilton,22
british,21
revolution,21
what,21
first,20
other,20
there,20
this,20
but,19
which,19
securities,19
be,19
debt,18
such,18
matsukata,17
sylla,17
state,16
about,16
more,16
economy,16
early,16
one,15
york,15
his,15
my,15
public,15
or,15
central,14
century,14
no,14
their,14
he,14
banks,14
banking,14
country,14
our,14
before,13
dutch,13
after,13
when,13
did,13
government,12
money,12
insurance,12
would,12
so,12
finance,12
key,12
cambridge,12
those,11
p,11
most,11
companies,11
components,11
also,11
years,11
leaders,11
national,11
if,10
are,10
interest,10
finances,10
how,10
university,10
well,10
these,10
do,10
modernization,10
me,10
who,10
capital,10
later,9
american,9
into,9
nineteenth,9
some,9
during,9
corporations,9
annual,9
maddison,9
currency,9
see,9
like,9
been,9
then,9
them,9
press,9
federal,8
case,8
clark,8
leadership,8
philadelphia,8
could,8
part,8
good,8
led,8
two,8
many,8
bonds,8
table,8
know,8
became,8
average,8
institutional,8
modern,7
every,7
richard,7
even,7
journal,7
gerschenkron,7
developed,7
just,7
came,7
sector,7
investors,7
minister,7
harvard,7
three,7
began,7
countries,7
buchanan,7
has,6
chartered,6
say,6
million,6
thus,6
old,6
dates,6
americans,6
l,6
age,6
decades,6
industrial,6
than,6
president,6
lowest,6
rates,6
second,6
us,6
tax,6
wright,6
only,6
time,6
savings,6
consul,6
eighteenth,6
kingdom,6
sound,6
netherlands,6
school,6
each,6
alexander,6
course,6
product,6
france,6
way,5
per,5
large,5
occurred,5
political,5
development,5
rosovsky,5
issued,5
estimates,5
six,5
may,5
japanese,5
out,5
war,5
stock,5
wealth,5
taught,5
work,5
whole,5
people,5
own,5
t,5
successful,5
specie,5
quite,5
emerging,5
up,5
paid,5
nations,5
still,5
leader,5
another,5
local,5
him,5
can,5
italy,5
relative,5
centuries,5
eha,5
revolutions,5
republic,5
although,5
association,5
point,5
era,5
much,5
meeting,5
now,4
since,4
liquidity,4
becoming,4
ma,4
england,4
differences,4
able,4
discipline,4
historians,4
earlier,4
along,4
economies,4
learned,4
inflation,4
perspective,4
highest,4
recognized,4
knew,4
lives,4
origins,4
called,4
international,4
however,4
taxes,4
year,4
issues,4
call,4
monetary,4
things,4
around,4
small,4
governments,4
role,4
federalist,4
business,4
others,4
fact,4
pretty,4
really,4
end,4
took,4
learn,4
less,4
perhaps,4
meetings,4
easterlin,4
times,4
james,4
ago,4
isn,4
foreign,4
institutions,4
rapidly,4
why,4
any,4
seem,4
historical,4
capita,4
both,4
introduced,4
went,4
manufacturing,4
treasury,4
regular,4
should,4
does,3
transportation,3
rate,3
measures,3
germany,3
effective,3
convertible,3
something,3
either,3
interests,3
might,3
address,3
rapid,3
ourselves,3
leading,3
neal,3
date,3
grad,3
mass,3
intermediaries,3
account,3
october,3
throughout,3
september,3
pay,3
funds,3
served,3
third,3
whose,3
rousseau,3
edited,3
derived,3
changes,3
established,3
organized,3
house,3
too,3
w,3
four,3
schooling,3
result,3
big,3
late,3
population,3
ike,3
nonfinancial,3
jim,3
data,3
london,3
reserve,3
secret,3
used,3
gave,3
place,3
fogy,3
next,3
bryce,3
several,3
few,3
generally,3
notes,3
power,3
reduced,3
various,3
britain,3
community,3
above,3
initially,3
pp,3
thought,3
serve,3
soon,3
included,3
same,3
already,3
noted,3
rise,3
appeared,3
ought,3
samurai,3
larger,3
john,3
honor,3
conclusions,3
present,3
where,3
seventeenth,3
gdp,3
number,3
technologies,3
angus,3
congress,3
economists,3
man,3
shortly,3
martin,3
mainly,3
effect,3
henry,3
lot,3
indicate,3
life,3
embarrassment,3
get,3
stable,3
wars,3
mentioned,3
here,3
paper,3
global,3
innovations,3
emergence,3
half,3
report,3
eventually,3
according,3
terms,3
extent,3
fully,3
while,3
schama,3
credit,3
amazed,3
boston,3
through,3
publishers,3
transition,3
coming,3
think,3
question,3
until,3
twentieth,3
off,3
summary,3
between,3
chicago,3
strong,3
convertibility,3
accomplish,2
inconvertible,2
medieval,2
created,2
market,2
appear,2
globalization,2
replaced,2
identify,2
picked,2
library,2
english,2
situation,2
decade,2
western,2
title,2
moving,2
princeton,2
experience,2
being,2
said,2
anything,2
long,2
production,2
fund,2
economica,2
secretary,2
advanced,2
company,2
rich,2
achievement,2
real,2
help,2
last,2
niall,2
robert,2
issue,2
existence,2
suspect,2
inflows,2
nber,2
revolutionary,2
right,2
exception,2
restoring,2
italian,2
opened,2
delivering,2
player,2
mutual,2
conceptual,2
exchanges,2
resources,2
framework,2
mid,2
explained,2
dickson,2
analyzing,2
mcchesney,2
de,2
g,2
millennium,2
ability,2
vries,2
application,2
ferguson,2
learning,2
cases,2
maxims,2
houses,2
william,2
delivered,2
loans,2
banquet,2
van,2
opposed,2
poor,2
rather,2
troubled,2
across,2
levine,2
talk,2
study,2
reforms,2
support,2
reason,2
acquisition,2
possibly,2
sorts,2
statistical,2
familiar,2
bit,2
section,2
impact,2
northeastern,2
menu,2
follow,2
hart,2
rice,2
m,2
important,2
retirement,2
constitution,2
friends,2
arrived,2
gregory,2
found,2
enterprize,2
academic,2
fourth,2
italians,2
let,2
because,2
purchased,2
energy,2
safe,2
acceleration,2
briefly,2
silver,2
relatives,2
currencies,2
nation,2
got,2
policies,2
et,2
graduate,2
sic,2
causal,2
running,2
working,2
restructured,2
debts,2
involved,2
june,2
grow,2
st,2
am,2
invest,2
issuer,2
flourished,2
edith,2
matter,2
short,2
gradual,2
forward,2
make,2
movement,2
roads,2
neat,2
once,2
cowen,2
under,2
fifth,2
orange,2
management,2
today,2
earned,2
commonwealth,2
al,2
bodie,2
resented,2
increasingly,2
payments,2
published,2
again,2
encompassed,2
head,2
revenue,2
grows,2
golden,2
pennsylvania,2
favorite,2
rough,2
paris,2
operating,2
purposes,2
renaissance,2
answer,2
homer,2
forth,2
ahead,2
realize,2
ibid,2
simon,2
spending,2
made,2
including,2
sixth,2
dollar,2
services,2
stay,2
students,2
clear,2
held,2
ellis,2
period,2
spread,2
function,2
pension,2
presidential,2
margin,2
parallel,2
dollars,2
become,2
structure,2
duesenberry,2
percent,2
looked,2
saw,2
accord,2
quarterly,2
controversial,2
louisiana,2
attended,2
stands,2
suggest,2
note,2
usually,2
nexus,2
independence,2
becomes,2
merton,2
detailed,2
hope,2
event,2
canada,2
blodget,2
founders,2
senior,2
incorporated,2
founded,2
woude,2
bonaparte,2
quickly,2
branches,2
over,2
different,2
lying,2
best,2
down,2
printed,2
surprised,2
domestic,2
far,2
cities,2
past,2
living,2
america,2
growing,2
day,2
purchase,2
literature,2
rose,2
list,2
namely,2
accounts,2
agricultural,2
problem,2
main,2
property,2
almost,2
middle,2
deflation,2
given,2
buy,2
techniques,2
cash,2
benchmark,2
jan,2
argues,2
functions,2
washington,2
crisis,2
need,2
integration,2
meiji,2
countrymen,2
you,2
comparison,2
needs,2
assumed,2
substantial,2
little,2
fellowship,2
dad,2
mint,2
north,2
recent,2
gold,2
nicholas,1
emulate,1
tokyo,1
superiority,1
ending,1
paperboy,1
tavern,1
formulated,1
mostly,1
o,1
done,1
nyu,1
child,1
millennial,1
common,1
implemented,1
car,1
concerned,1
rev,1
jonker,1
goldsmiths,1
corporate,1
louis,1
functional,1
insuring,1
modernize,1
nationwide,1
college,1
goldsmith,1
fiat,1
e,1
crossing,1
sympathetic,1
mortgage,1
organizer,1
factories,1
expression,1
ample,1
confidence,1
larry,1
essays,1
prime,1
formed,1
asserted,1
contend,1
mit,1
checking,1
mortgages,1
discounts,1
former,1
personally,1
policy,1
protection,1
position,1
presents,1
unlike,1
encourage,1
total,1
tells,1
incentive,1
maybe,1
equity,1
vs,1
nonbank,1
edu,1
nice,1
source,1
chief,1
amongst,1
turning,1
subscription,1
par,1
metallic,1
firmness,1
uome,1
summarize,1
lower,1
member,1
cast,1
railroads,1
estimated,1
else,1
paterson,1
joost,1
wrong,1
davis,1
certainly,1
creation,1
nassau,1
ii,1
implications,1
give,1
taken,1
stipends,1
vols,1
attempt,1
ryuzo,1
j,1
seems,1
switzerland,1
asia,1
confirmed,1
available,1
copy,1
individuals,1
skills,1
great,1
disproportionate,1
ofalexander,1
indeed,1
analyses,1
enrolled,1
shot,1
transferred,1
sometime,1
hundred,1
anyway,1
products,1
take,1
prevail,1
subsequent,1
marches,1
achieved,1
salary,1
mind,1
precisely,1
freshly,1
remainder,1
mr,1
raised,1
reserved,1
insomuch,1
governors,1
bundling,1
sato,1
behind,1
within,1
worldwide,1
papers,1
regaining,1
similarities,1
ad,1
akin,1
narrower,1
cabinet,1
lest,1
forthcoming,1
cleared,1
saying,1
draw,1
discuss,1
march,1
installed,1
jack,1
vol,1
possible,1
lifetime,1
machinery,1
condition,1
drive,1
powers,1
taxation,1
splendid,1
move,1
west,1
leon,1
taking,1
supply,1
sporadically,1
establishment,1
cited,1
incorporations,1
interact,1
identifies,1
letter,1
sketched,1
prevented,1
urging,1
ross,1
attract,1
harold,1
localized,1
corresponding,1
surplus,1
subdividing,1
exist,1
winning,1
human,1
conflict,1
goal,1
review,1
eras,1
historically,1
proceeded,1
accuracy,1
component,1
kazuo,1
lombard,1
accommodation,1
countless,1
professor,1
surrounded,1
against,1
integral,1
author,1
characteristic,1
relatively,1
regarded,1
biddle,1
publicfinance,1
brother,1
adopted,1
peruzzi,1
te,1
afford,1
price,1
jr,1
ins,1
bardi,1
witt,1
restore,1
convention,1
westport,1
affairs,1
financing,1
attracting,1
wiley,1
willems,1
turn,1
items,1
ct,1
david,1
stabilized,1
back,1
cancel,1
subjects,1
architect,1
lifecycle,1
wholly,1
compared,1
left,1
oecd,1
twice,1
traveler,1
truly,1
networks,1
swiss,1
peasantry,1
innovators,1
student,1
shiny,1
instruments,1
apparently,1
citizen,1
eager,1
deeply,1
crashes,1
truck,1
general,1
rama,1
loan,1
nuanced,1
reischauer,1
competitive,1
stanley,1
build,1
higher,1
lesser,1
rights,1
premiums,1
homeowner,1
haru,1
francoprussian,1
parity,1
interesting,1
grandchildren,1
ramachandran,1
felicity,1
parlayed,1
hopes,1
without,1
statements,1
sets,1
devastating,1
destroy,1
managing,1
counterbalanced,1
ofnew,1
proceedings,1
remain,1
interpretation,1
sort,1
basic,1
administrative,1
unit,1
afterwards,1
explicit,1
politicians,1
opportunity,1
dealt,1
excessively,1
titled,1
edwin,1
risk,1
heard,1
proportion,1
lag,1
supplement,1
thing,1
similar,1
importance,1
grew,1
leave,1
greenwood,1
stability,1
inn,1
rediscovered,1
white,1
lassitude,1
productive,1
rooming,1
dismiss,1
consequences,1
space,1
risks,1
inflations,1
means,1
references,1
send,1
provinces,1
bad,1
vastly,1
plus,1
marks,1
consider,1
pastime,1
improvement,1
dwight,1
osaka,1
reformer,1
troops,1
liberal,1
spirit,1
stabilizing,1
numbers,1
gradually,1
jersey,1
contemporaries,1
weak,1
argued,1
superior,1
resource,1
defeat,1
mercein,1
notions,1
modeled,1
circulating,1
putting,1
comparing,1
unbound,1
belgian,1
dominant,1
providing,1
drawing,1
footnote,1
amazing,1
dc,1
assets,1
pitts,1
newspapers,1
harbor,1
histories,1
rule,1
hands,1
access,1
item,1
zanden,1
amsterdam,1
changed,1
circa,1
facilitate,1
events,1
requirements,1
carolina,1
spurts,1
burst,1
brokers,1
pickup,1
lord,1
understood,1
equal,1
eisenhower,1
cuts,1
fellowships,1
bullion,1
afforded,1
default,1
reinforce,1
cannot,1
meet,1
younger,1
introspection,1
record,1
nothing,1
judicial,1
saving,1
explain,1
newand,1
facilities,1
congratulated,1
duly,1
maturing,1
impression,1
torpidity,1
failure,1
shape,1
none,1
having,1
crane,1
justly,1
taxing,1
implement,1
steep,1
decks,1
masayoshi,1
admired,1
concept,1
prompted,1
illustrated,1
characterization,1
example,1
knowledge,1
related,1
bordo,1
positions,1
excessive,1
pocket,1
restructuring,1
precipitated,1
v,1
realm,1
toronto,1
describe,1
older,1
millions,1
beginnings,1
accomplishment,1
bits,1
speaking,1
bankrupt,1
lanham,1
personal,1
proliferation,1
couple,1
regulator,1
manage,1
indianapolis,1
emergingfinancial,1
alan,1
burden,1
wildcat,1
connections,1
weeks,1
johan,1
misguided,1
innis,1
accelerates,1
least,1
commerce,1
govemments,1
presented,1
tight,1
stage,1
involve,1
trading,1
politically,1
granddaughter,1
rutgers,1
owned,1
sake,1
consensus,1
issuing,1
bridge,1
executed,1
industry,1
acts,1
presence,1
met,1
essentially,1
portions,1
latest,1
tended,1
comparetheu,1
incurred,1
always,1
orthodox,1
scott,1
deflations,1
wife,1
results,1
proper,1
rowman,1
lightened,1
undergoing,1
value,1
imf,1
aggregate,1
valuable,1
purchasing,1
society,1
mess,1
south,1
sidney,1
f,1
critical,1
uncommon,1
therefore,1
tasks,1
risking,1
unsound,1
sons,1
investigating,1
nonetheless,1
european,1
journey,1
scientific,1
littlefield,1
impacts,1
identified,1
action,1
tedious,1
williamson,1
wrote,1
iou,1
labors,1
overall,1
comparative,1
expansion,1
play,1
wait,1
gnp,1
prevailing,1
suburban,1
privatized,1
reduce,1
assumptions,1
bankers,1
seemingly,1
hitherto,1
put,1
innovation,1
positive,1
riches,1
chap,1
guide,1
gifts,1
competition,1
military,1
turmoil,1
urged,1
engennan,1
goaded,1
arrangements,1
perseverence,1
flush,1
happened,1
kluwer,1
predecessor,1
formally,1
favorable,1
fringes,1
home,1
informal,1
infrastructure,1
raise,1
liberty,1
culture,1
keeping,1
teaching,1
ed,1
medici,1
accelerated,1
silk,1
largest,1
alien,1
gay,1
department,1
reports,1
garland,1
begins,1
quotations,1
friend,1
investor,1
double,1
volume,1
street,1
organizations,1
goals,1
managers,1
french,1
westward,1
law,1
heritage,1
jeffrey,1
alleviated,1
kenneth,1
toward,1
europe,1
conceived,1
ask,1
addition,1
experienced,1
water,1
demirgui,1
missing,1
headquarters,1
lacked,1
shows,1
outside,1
benevolent,1
areas,1
plan,1
abstract,1
reform,1
arisen,1
pamphlet,1
incorporation,1
debates,1
contemporary,1
navy,1
clearing,1
jacksonians,1
asli,1
forms,1
never,1
ages,1
enough,1
hand,1
model,1
innovative,1
road,1
continuing,1
developing,1
empire,1
income,1
orthodoxy,1
jobs,1
michael,1
outs,1
guesstimates,1
focusing,1
charter,1
tiny,1
native,1
belief,1
books,1
apartnents,1
coined,1
going,1
mill,1
panics,1
convenient,1
remove,1
autobiography,1
understatement,1
pooling,1
austerity,1
classes,1
private,1
turnpike,1
investment,1
extended,1
discussion,1
invested,1
examples,1
effectiveness,1
background,1
knopf,1
range,1
meals,1
formal,1
alas,1
owe,1
sufficiently,1
canals,1
medium,1
europeans,1
top,1
lecture,1
traded,1
fed,1
sumurai,1
sold,1
assumption,1
wouldbuy,1
factor,1
fevefs,1
ofthe,1
autobiographical,1
ideas,1
questions,1
actual,1
continue,1
check,1
full,1
office,1
improvements,1
california,1
necessitated,1
bedroom,1
described,1
pattern,1
trade,1
low,1
switched,1
nonbankfinancial,1
b,1
discussed,1
agreement,1
points,1
peter,1
interpret,1
issn,1
rungs,1
allowed,1
someone,1
started,1
ny,1
direct,1
demosthenes,1
played,1
mines,1
collected,1
herculean,1
standard,1
thomas,1
latter,1
quick,1
legislatures,1
especially,1
pearl,1
problems,1
maxim,1
internal,1
furds,1
successors,1
wise,1
awful,1
altemative,1
capitalism,1
story,1
northern,1
grain,1
macmillan,1
save,1
industrialization,1
wick,1
basically,1
cede,1
reckless,1
propose,1
achieve,1
sole,1
encompassing,1
adviser,1
supplemental,1
reluctant,1
modernized,1
dealing,1
entitled,1
letting,1
imply,1
zvi,1
change,1
supposed,1
perspectives,1
wisdom,1
continued,1
george,1
luiten,1
commuted,1
sometimes,1
figure,1
crucial,1
prophets,1
buyers,1
program,1
fear,1
stocks,1
begin,1
federalists,1
priors,1
raging,1
enriches,1
success,1
army,1
occufred,1
worse,1
render,1
lawrence,1
understand,1
overlap,1
reservations,1
sheer,1
brokerage,1
owed,1
methods,1
steamboat,1
analysis,1
interconnected,1
transferring,1
majolein,1
collateral,1
months,1
bingham,1
paying,1
superintendent,1
joseph,1
mathematically,1
dissertation,1
sections,1
proof,1
environment,1
abandonment,1
magnitude,1
thinking,1
associated,1
following,1
lessons,1
regrettably,1
series,1
biography,1
circumstances,1
manual,1
agents,1
ever,1
unbroken,1
discrepancy,1
exposition,1
precise,1
financed,1
banknotes,1
borrow,1
besides,1
md,1
crosscountry,1
acumen,1
caff,1
sustained,1
set,1
affords,1
der,1
modeling,1
legislature,1
defining,1
ran,1
intellectual,1
stem,1
control,1
sure,1
shares,1
reverberations,1
lenders,1
india,1
december,1
busily,1
walpole,1
east,1
interested,1
iras,1
board,1
gone,1
pelham,1
current,1
ratification,1
particularly,1
stretching,1
sustaining,1
chairman,1
associations,1
premodem,1
works,1
anglophiles,1
lending,1
destroyed,1
reproach,1
helping,1
redeem,1
succeeded,1
combined,1
unique,1
implicit,1
professors,1
selected,1
ferry,1
rebellion,1
particular,1
add,1
fictitious,1
delegate,1
manias,1
postponing,1
froot,1
ingenues,1
yorker,1
junk,1
brilliant,1
constitutional,1
mino,1
produce,1
information,1
apartment,1
observations,1
suggests,1
emphasis,1
art,1
size,1
godolphin,1
rsylla,1
stern,1
nj,1
remember,1
cousins,1
level,1
feat,1
modernizing,1
reported,1
simply,1
decisive,1
city,1
despite,1
giving,1
predecessors,1
plans,1
administration,1
returning,1
adjoining,1
reserves,1
measure,1
bridges,1
nonhuman,1
ofriches,1
lesson,1
sinking,1
anonymously,1
conversely,1
coins,1
using,1
isolated,1
gain,1
aspect,1
montague,1
formation,1
commercial,1
chained,1
score,1
difference,1
similarity,1
dedicating,1
argentina,1
fourteenth,1
slashed,1
write,1
samuel,1
entrust,1
publishing,1
dangerous,1
manufactories,1
indolence,1
grown,1
include,1
integrated,1
land,1
attendees,1
d,1
fiscal,1
facilitates,1
paychecks,1
effects,1
settling,1
prosperity,1
defined,1
kress,1
tobacco,1
crib,1
shift,1
burdens,1
folly,1
roughly,1
financially,1
jefferson,1
cousin,1
engerman,1
paperboys,1
mason,1
c,1
charged,1
sectors,1
deemphasis,1
dark,1
traditional,1
impress,1
focus,1
immediately,1
mature,1
among,1
whenever,1
taylor,1
famous,1
building,1
roles,1
tragic,1
major,1
