WORDCOUNTS,WEIGHT
the,780
of,514
and,416
in,358
to,230
earnings,198
family,166
for,148
a,131
male,129
on,85
from,84
income,83
incomes,80
s,77
that,76
p,76
c,76
by,70
our,70
is,68
growth,67
as,63
with,63
wages,62
workers,59
was,56
were,56
agriculture,54
families,51
than,50
pp,48
ie,48
but,45
x,44
household,44
this,43
are,43
living,41
williamson,39
data,37
not,37
it,35
london,35
factory,35
employment,35
nominal,35
real,34
have,34
history,33
more,33
percent,33
humphries,33
years,33
index,32
or,32
time,32
lindert,31
other,31
horrell,31
trends,31
at,30
women,30
british,30
standards,30
children,30
see,30
rates,29
series,29
we,28
i,27
occupations,27
number,27
industrialization,27
agricultural,27
english,26
journal,26
their,26
which,26
some,25
crafts,25
be,25
inequality,24
poor,24
during,24
industrial,24
period,24
occupational,23
economic,23
mining,23
evidence,23
sources,22
wage,22
sample,22
estimates,22
weavers,22
table,22
over,22
j,21
also,21
m,20
per,20
handloom,20
these,20
an,20
increased,20
lancashire,19
statistics,19
society,19
o,18
composition,18
may,18
members,18
less,18
average,18
h,17
those,17
g,17
outworkers,17
statistical,17
used,17
about,17
only,17
although,17
laborers,17
w,16
though,16
r,16
wood,16
casual,16
trades,16
appendix,16
cambridge,16
given,15
miners,15
first,15
england,15
changes,15
occupation,15
report,15
between,15
there,14
has,14
dependency,14
unemployment,14
gains,14
working,14
been,14
ratio,14
did,14
deane,13
relatively,13
work,13
whole,13
budgets,13
same,13
law,13
end,13
would,13
households,13
increasing,13
weights,13
indices,13
forties,12
e,12
all,12
labor,12
te,12
because,12
revolution,12
decline,12
two,12
slump,12
varied,12
consumption,12
if,11
they,11
differences,11
based,11
industry,11
when,11
up,11
again,11
new,11
standard,11
note,11
wars,11
any,11
adult,10
higher,10
view,10
found,10
f,10
pattern,10
authors,10
can,10
then,10
through,10
early,10
groups,9
source,9
textiles,9
case,9
such,9
price,9
commissioners,9
l,9
welfare,9
manchester,9
using,9
opportunities,9
neither,9
variation,9
men,9
low,9
relative,9
brown,9
set,9
unknown,9
whether,9
accounts,9
size,9
much,9
estimated,8
offset,8
budget,8
expenditure,8
committee,8
total,8
experience,8
cole,8
century,8
nor,8
general,8
after,8
n,8
argued,8
most,8
cotton,8
had,8
overall,8
regional,8
behind,8
including,8
kingdom,8
outwork,8
postwar,8
capitalism,8
figures,8
hunt,8
detailed,8
life,8
united,8
terms,8
males,8
both,8
bowley,8
later,7
into,7
nineteenth,7
available,7
earlier,7
welcome,7
calculated,7
ability,7
no,7
similar,7
comparisons,7
whereas,7
compared,7
understood,7
counties,7
t,7
dependent,7
various,7
phelps,7
rx,7
northumberland,7
trend,7
so,7
artisans,7
sx,7
select,7
force,7
analysis,7
fall,7
each,7
distribution,7
substantial,7
does,6
differentials,6
different,6
morning,6
money,6
thus,6
royal,6
even,6
rather,6
his,6
across,6
contributions,6
observations,6
dispersion,6
declined,6
representative,6
wales,6
county,6
second,6
still,6
chronicle,6
oxford,6
deflated,6
declining,6
french,6
fell,6
cycle,6
conclusions,6
do,6
v,6
head,6
food,6
norfolk,6
b,6
britain,6
downturn,6
yorks,6
dec,6
class,6
variable,6
nonagricultural,6
here,6
economy,6
shown,6
effects,6
mar,5
before,5
lower,5
either,5
commission,5
regression,5
vol,5
possible,5
throughout,5
tables,5
rank,5
response,5
like,5
subperiod,5
certain,5
textile,5
important,5
appear,5
economics,5
scotland,5
applied,5
well,5
participation,5
relief,5
year,5
falling,5
approach,5
level,5
around,5
several,5
progress,5
will,5
upward,5
percentage,5
included,5
social,5
demographic,5
larger,5
thirties,5
local,5
made,5
variables,5
trade,5
revised,5
effect,5
midcentury,5
highand,5
detail,5
text,5
napoleonic,5
better,5
according,5
what,5
capita,5
suggests,5
categories,5
subsidies,5
divided,5
course,5
comparison,5
among,5
common,4
alone,4
minutes,4
carpenter,4
studies,4
suggesting,4
follows,4
closer,4
hundred,4
take,4
state,4
account,4
point,4
decreasing,4
old,4
back,4
young,4
left,4
chap,4
compare,4
coal,4
whose,4
levels,4
grew,4
neale,4
parentheses,4
section,4
show,4
laslett,4
greater,4
result,4
war,4
record,4
gini,4
hopkins,4
information,4
line,4
sept,4
guess,4
part,4
example,4
apparent,4
its,4
actually,4
thereafter,4
weekly,4
weeks,4
responses,4
least,4
mitchell,4
characteristics,4
notes,4
provided,4
periods,4
therefore,4
reduced,4
make,4
us,4
ed,4
department,4
reports,4
experienced,4
many,4
longer,4
exclusion,4
distributions,4
patterns,4
present,4
jobs,4
perhaps,4
empirical,4
significant,4
labourers,4
actual,4
three,4
points,4
high,4
last,4
latter,4
anderson,4
story,4
provide,4
centuries,4
mathias,4
summary,4
alternative,4
equation,4
seem,4
best,4
down,4
very,4
historical,4
them,4
too,4
somerset,4
should,4
d,4
leicester,4
rate,3
done,3
child,3
created,3
market,3
widening,3
large,3
one,3
use,3
likely,3
library,3
operatives,3
turning,3
consistent,3
nonwage,3
ii,3
implications,3
give,3
rapid,3
dramatically,3
accompanied,3
subsequent,3
burnett,3
declines,3
depends,3
recorded,3
changed,3
condition,3
plenty,3
review,3
inflation,3
unpublished,3
quinquennium,3
continuous,3
estimate,3
consequently,3
boom,3
remain,3
investigation,3
process,3
supplement,3
importance,3
support,3
established,3
coefficients,3
quoted,3
mckendrick,3
impact,3
suffolk,3
age,3
statement,3
officer,3
followed,3
bedford,3
suggested,3
wiltshire,3
could,3
seven,3
shared,3
census,3
further,3
ranking,3
districts,3
appears,3
population,3
persons,3
however,3
lyons,3
public,3
received,3
weaver,3
nation,3
people,3
details,3
xviii,3
ratios,3
suggest,3
small,3
research,3
annual,3
jordan,3
subsequently,3
business,3
fortunate,3
demand,3
annum,3
comparative,3
brings,3
reduce,3
surviving,3
initially,3
single,3
yet,3
q,3
happened,3
smith,3
adjusted,3
others,3
jan,3
averages,3
fact,3
consideration,3
abstract,3
aug,3
overstate,3
ground,3
where,3
council,3
material,3
wartime,3
showing,3
classes,3
exhibit,3
discussion,3
range,3
moykr,3
top,3
emphasize,3
yorkshire,3
questions,3
inversely,3
health,3
ireland,3
article,3
xvi,3
structure,3
cr,3
figure,3
who,3
rapidly,3
often,3
discernible,3
supporting,3
stable,3
assistant,3
constant,3
following,3
worsted,3
must,3
cover,3
interrupted,3
expenditures,3
cyclical,3
domestic,3
particularly,3
past,3
heads,3
recession,3
implicit,3
rose,3
want,3
photocopy,3
despite,3
became,3
writing,3
nov,3
nailers,3
knitters,3
ete,3
include,3
product,3
off,3
quinquennia,3
coefficient,3
marxist,3
debate,3
little,3
benchmark,3
building,3
struggle,2
fathers,2
cent,2
faced,2
compensate,2
credibility,2
jane,2
college,2
distributed,2
expect,2
group,2
sheffield,2
true,2
shipping,2
bias,2
decade,2
western,2
explanatory,2
test,2
being,2
said,2
subsample,2
parliamentary,2
attempts,2
slumps,2
might,2
worked,2
breadwinner,2
height,2
broadly,2
thank,2
richards,2
analyses,2
optimist,2
able,2
xiii,2
spinners,2
achieved,2
cheshire,2
classified,2
opposite,2
waterloo,2
within,2
papers,2
similarities,2
system,2
issue,2
side,2
u,2
expenses,2
auburn,2
activity,2
hungry,2
appendices,2
solely,2
measuring,2
west,2
far,2
bottom,2
correlation,2
sweet,2
framework,2
amendment,2
dependence,2
relationships,2
lw,2
component,2
church,2
due,2
against,2
relations,2
comprised,2
z,2
pessimistic,2
perspective,2
inclusion,2
apr,2
look,2
apparently,2
stagnation,2
rights,2
operation,2
york,2
town,2
without,2
act,2
mattered,2
capture,2
levine,2
pollard,2
ix,2
assuming,2
matched,2
moreover,2
privy,2
provinces,2
bad,2
midquinquennium,2
improvement,2
severity,2
clearly,2
numbers,2
boyer,2
xvii,2
gloucester,2
follow,2
cost,2
internal,2
compositor,2
providing,2
gregory,2
intraperiod,2
flinn,2
harder,2
facilitate,2
stocking,2
late,2
imparts,2
labouring,2
durham,2
mainly,2
cannot,2
absolute,2
explain,2
possibility,2
almost,2
basis,2
accounting,2
makers,2
probably,2
fared,2
reduction,2
confirms,2
revealed,2
optimists,2
gave,2
botham,2
discussions,2
printers,2
inferences,2
broad,2
partly,2
constitute,2
records,2
earn,2
reflect,2
employed,2
scrope,2
cast,2
cornwall,2
prices,2
change,2
commerce,2
hard,2
below,2
speculations,2
glove,2
consensus,2
grow,2
depression,2
petitions,2
always,2
paid,2
outworking,2
ay,2
lincoln,2
moved,2
interruptions,2
request,2
minor,2
deflators,2
variety,2
lurking,2
indeed,2
essex,2
warwick,2
wings,2
benson,2
acknowledged,2
classic,2
brief,2
female,2
hammond,2
wachter,2
southern,2
selection,2
positive,2
interpretation,2
security,2
makes,2
fifth,2
hourly,2
home,2
railroad,2
raise,2
light,2
cis,2
silk,2
gentlemen,2
useful,2
lee,2
starting,2
skill,2
jeffrey,2
toward,2
similarly,2
lowering,2
addition,2
shows,2
underestimated,2
woollen,2
choice,2
contemporary,2
identical,2
oc,2
hand,2
riding,2
existing,2
until,2
ahead,2
miner,2
lags,2
original,2
father,2
increase,2
recover,2
powerloom,2
heath,2
confidence,2
survey,2
check,2
raising,2
optimistic,2
discontinuities,2
metalworkers,2
cunningham,2
peter,2
interpret,2
individual,2
times,2
curve,2
mines,2
static,2
lag,2
thomas,2
spent,2
dispersions,2
ages,2
comparing,2
labour,2
k,2
parallel,2
respectively,2
caution,2
regressions,2
xxviii,2
widely,2
parish,2
indication,2
suggestion,2
imply,2
perspectives,2
independent,2
movements,2
usually,2
husband,2
foster,2
reasonable,2
deteriorating,2
lost,2
indicate,2
floud,2
wives,2
coalminers,2
pressures,2
interpolated,2
investigate,2
considered,2
sara,2
claims,2
border,2
contained,2
magnitude,2
conclusion,2
changing,2
simply,2
constituted,2
pace,2
known,2
slope,2
paper,2
wavelike,2
assumed,2
sizes,2
half,2
wall,2
alternatively,2
explicitly,2
rural,2
iv,2
drop,2
medical,2
day,2
unlikely,2
supports,2
manufactures,2
earners,2
influenced,2
generally,2
disparate,2
reported,2
withdrawal,2
tried,2
transition,2
step,2
assumptions,2
conventional,2
twenties,2
manufacturing,2
ranks,2
come,2
question,2
sickness,2
formation,2
recent,2
difference,2
conditions,2
constructed,2
remains,2
association,2
harlow,2
views,2
predictable,2
strong,2
close,2
major,2
occur,2
hypothesis,2
dip,1
lowand,1
go,1
archives,1
now,1
courier,1
produces,1
sussex,1
edge,1
difficult,1
way,1
concerned,1
indicated,1
tion,1
generous,1
represent,1
affected,1
struggled,1
measures,1
combine,1
eliminated,1
considerably,1
starts,1
compensated,1
utility,1
originate,1
comparability,1
village,1
becoming,1
letter,1
summarizing,1
unsatisfactory,1
determinant,1
systematically,1
elaborated,1
ma,1
formed,1
rogers,1
confines,1
picking,1
constitutes,1
motivation,1
ways,1
approaches,1
oracle,1
hindmarsh,1
boulder,1
former,1
ranges,1
position,1
justified,1
fixed,1
harsh,1
presents,1
occurred,1
equations,1
preindustrial,1
husbands,1
detailing,1
oos,1
buffer,1
meaningless,1
annals,1
disutility,1
negative,1
cutting,1
fluctuations,1
colliers,1
undermine,1
hence,1
neglects,1
majority,1
production,1
derives,1
taken,1
economica,1
abound,1
diego,1
address,1
yorkshirehire,1
attempt,1
kent,1
compositors,1
capital,1
seems,1
familby,1
historiography,1
combers,1
containing,1
company,1
sketchy,1
spectacle,1
carter,1
great,1
senses,1
borne,1
archive,1
reveal,1
ol,1
hulo,1
products,1
reproduction,1
help,1
ashton,1
persistence,1
improved,1
mind,1
date,1
greatly,1
respond,1
remainder,1
reserved,1
political,1
decreased,1
ambiguous,1
stopped,1
lecturer,1
context,1
nonworkers,1
problematical,1
weaving,1
stockingers,1
resulted,1
alfred,1
abbreviated,1
resilience,1
inquire,1
laboring,1
plain,1
linear,1
blacksmiths,1
key,1
overstatement,1
advice,1
adverse,1
firm,1
march,1
jc,1
addresses,1
retain,1
uneven,1
ostlers,1
determined,1
lifetime,1
machinery,1
waec,1
tracing,1
paucity,1
facilitating,1
reply,1
ih,1
establishing,1
sewers,1
carpenters,1
taking,1
combination,1
variations,1
except,1
reflecting,1
resources,1
chart,1
compares,1
constrained,1
himself,1
chronic,1
overestimates,1
desertion,1
slower,1
sign,1
exposed,1
subdividing,1
poulett,1
relies,1
regarding,1
prerequisite,1
central,1
phase,1
tottington,1
includes,1
township,1
xxiii,1
differential,1
widened,1
explained,1
eventual,1
mine,1
campbell,1
immediate,1
run,1
since,1
copperthwaite,1
september,1
tailors,1
caird,1
materially,1
alison,1
pay,1
emigration,1
hat,1
kind,1
weaknesses,1
turn,1
unity,1
cases,1
adjustment,1
huddling,1
burgeoning,1
averaging,1
refer,1
hants,1
amount,1
highest,1
starved,1
speed,1
dflamilyicm,1
allowing,1
unemfamilies,1
guardian,1
unchanged,1
publications,1
weight,1
explore,1
y,1
drawn,1
peasantry,1
guide,1
acted,1
restricting,1
barnsby,1
bypassed,1
staffordshire,1
unaltered,1
poorly,1
unused,1
contracting,1
soton,1
purchasing,1
book,1
insofar,1
surprisingly,1
offices,1
alleged,1
recognized,1
usefully,1
added,1
autobiographies,1
performance,1
main,1
generations,1
developed,1
compatible,1
district,1
how,1
housing,1
mitigates,1
conflation,1
resident,1
presentation,1
haydock,1
notion,1
highway,1
subdivision,1
mean,1
represented,1
adopted,1
suffer,1
compacted,1
probability,1
proportion,1
flexible,1
shoe,1
leave,1
handicrafts,1
direct,1
special,1
oooooooooeno,1
study,1
gratefully,1
illustrations,1
summarized,1
nuptiality,1
factors,1
periodic,1
consistency,1
troublesome,1
reason,1
references,1
lives,1
mrs,1
developments,1
winchester,1
deflate,1
ensure,1
biased,1
university,1
possibly,1
les,1
familiar,1
xe,1
workmen,1
peasant,1
slowly,1
expectancy,1
vindicated,1
allocation,1
elevated,1
house,1
preoccupation,1
leverhulme,1
dukinfield,1
recovered,1
powerful,1
derby,1
indications,1
roller,1
feinstein,1
consequence,1
requires,1
unequally,1
oppression,1
victorian,1
disinclined,1
fifties,1
crucially,1
hit,1
metal,1
fed,1
mon,1
decades,1
cork,1
chester,1
countervailing,1
hours,1
advance,1
problem,1
endogenous,1
reprinted,1
ooo,1
esq,1
whom,1
priori,1
path,1
location,1
plumb,1
opposing,1
needlewomen,1
critically,1
typical,1
access,1
out,1
periodization,1
deal,1
malton,1
fading,1
events,1
worker,1
diet,1
illness,1
captured,1
equivalents,1
intercase,1
honour,1
unions,1
midlands,1
intervening,1
parenthood,1
poverty,1
rent,1
buckinghamshire,1
afforded,1
recently,1
reinforce,1
excellent,1
younger,1
otherwise,1
excluded,1
xiv,1
nottingham,1
gained,1
peaking,1
lanarkshire,1
directly,1
provincial,1
keeping,1
relatives,1
future,1
xxxv,1
scope,1
residents,1
already,1
ideal,1
heart,1
unless,1
significantly,1
brought,1
session,1
pessimist,1
proportions,1
enter,1
mitigated,1
experiencing,1
coaster,1
bosanquet,1
spiraling,1
got,1
labourer,1
instills,1
fit,1
place,1
northwest,1
unreported,1
queens,1
contains,1
emancipation,1
saw,1
contentious,1
legislation,1
cubic,1
ously,1
mefaled,1
capacities,1
seminars,1
breakdown,1
own,1
indexed,1
bypasses,1
timeand,1
monetary,1
widen,1
pick,1
commons,1
normally,1
arise,1
viable,1
love,1
negligible,1
coopers,1
order,1
wesiriing,1
le,1
contrast,1
subperiods,1
discredit,1
exclude,1
allowances,1
claim,1
insurance,1
perquisites,1
intervals,1
rylands,1
underscore,1
proximate,1
sufficient,1
driving,1
somerville,1
bedfordshire,1
bolton,1
notation,1
dramatic,1
notorious,1
cur,1
villages,1
tended,1
rundell,1
managed,1
extracted,1
wife,1
results,1
subgroups,1
plausible,1
breed,1
appropriate,1
washing,1
value,1
inform,1
aggregate,1
questioning,1
geographical,1
seemed,1
avoid,1
dlesex,1
laing,1
contributes,1
highlights,1
he,1
san,1
privation,1
role,1
situation,1
proxy,1
excludes,1
offsetting,1
curves,1
summarize,1
pushes,1
carters,1
short,1
hardest,1
charlton,1
play,1
return,1
listings,1
prove,1
july,1
alms,1
illustrating,1
expanded,1
comments,1
manifest,1
builders,1
registered,1
masons,1
robin,1
allegations,1
lagged,1
swept,1
push,1
thought,1
cutlers,1
plough,1
ployment,1
under,1
official,1
favorable,1
management,1
compiled,1
marshall,1
tn,1
falls,1
outworker,1
orders,1
complete,1
ouvriers,1
shored,1
shifting,1
gi,1
largest,1
exacerbating,1
confirmed,1
reliance,1
boost,1
exit,1
phyllis,1
payments,1
fairly,1
considers,1
forfeited,1
sam,1
gentleman,1
worst,1
midland,1
reassuring,1
power,1
stronger,1
death,1
deserves,1
towns,1
europeens,1
occupationally,1
husbandry,1
eabig,1
idea,1
deterioration,1
xii,1
pressure,1
amenities,1
checks,1
artizans,1
scottish,1
agree,1
underand,1
clerks,1
teachers,1
chadwick,1
really,1
isolate,1
never,1
grows,1
man,1
seldom,1
numnber,1
audiences,1
bradford,1
puzzling,1
paris,1
deploy,1
increases,1
covered,1
road,1
continuing,1
superimposed,1
timing,1
establish,1
relevant,1
vulnerable,1
pations,1
answer,1
necessary,1
focusing,1
walcot,1
parted,1
eds,1
books,1
proportionately,1
locations,1
revisions,1
imputed,1
distortions,1
transparent,1
ibid,1
remained,1
derbyshire,1
calculation,1
another,1
sir,1
published,1
meetings,1
acknowledgment,1
status,1
analyzed,1
collier,1
dissimilar,1
registers,1
excluding,1
observable,1
grossly,1
explanation,1
eighteenth,1
bear,1
matthews,1
helps,1
aggregated,1
discrimination,1
region,1
distinctly,1
previously,1
sixth,1
looking,1
tradesmens,1
findings,1
skeptical,1
combining,1
steady,1
unfortunately,1
hypotheses,1
precensus,1
assumption,1
winders,1
factor,1
pessimists,1
shades,1
aside,1
evolution,1
recovery,1
eden,1
pamphlets,1
trust,1
full,1
previous,1
office,1
improvements,1
lessened,1
described,1
berkshire,1
xv,1
remaining,1
emphasizing,1
hinged,1
sensitivity,1
northumnberd,1
warwickshire,1
clue,1
prevents,1
co,1
issn,1
held,1
rationalized,1
whistler,1
helpful,1
labourerfor,1
collected,1
distinction,1
obtained,1
kept,1
accurate,1
illicit,1
preservation,1
black,1
cutler,1
stagnating,1
repeated,1
problems,1
construct,1
commentators,1
rsno,1
newspapers,1
become,1
parochial,1
salford,1
weakest,1
dockyard,1
millers,1
tradesmen,1
enjoyed,1
implication,1
translate,1
slightly,1
travelers,1
bestowed,1
childrenespecially,1
versus,1
occupied,1
tendency,1
wes,1
attention,1
deflator,1
separate,1
setbacks,1
farm,1
regained,1
carried,1
depth,1
christian,1
posted,1
shattered,1
mitigate,1
irregular,1
wisdom,1
lot,1
george,1
howe,1
crucial,1
wigan,1
five,1
impressive,1
practical,1
randomly,1
widespread,1
slow,1
sensitive,1
seen,1
worse,1
effectively,1
determination,1
contribution,1
transformation,1
recognize,1
covering,1
distort,1
linking,1
ose,1
bellingham,1
sharp,1
expectations,1
construction,1
continually,1
dockray,1
elderly,1
get,1
face,1
involuntary,1
meant,1
dorset,1
recombined,1
fertility,1
jobbing,1
exercised,1
kilmurray,1
judgments,1
practice,1
underpinned,1
mentioned,1
version,1
ao,1
determinants,1
nutritional,1
exposition,1
kay,1
framers,1
physical,1
supported,1
intracategory,1
bullen,1
occupationssuch,1
equipment,1
sustained,1
sawyers,1
receipts,1
colorado,1
know,1
ran,1
lincolnsrehirea,1
overestimate,1
tj,1
country,1
expanding,1
confident,1
believe,1
referees,1
yeomen,1
glaziers,1
returns,1
recessions,1
honourable,1
sc,1
exhibits,1
rely,1
infer,1
goods,1
reflected,1
cq,1
chairman,1
sum,1
faster,1
type,1
options,1
ashworth,1
purdy,1
evident,1
turned,1
beginning,1
stature,1
stagnated,1
explanations,1
combined,1
neild,1
adults,1
selected,1
making,1
particular,1
feb,1
nascent,1
calculations,1
edinburgh,1
protective,1
warn,1
extent,1
springall,1
annexed,1
exacerbation,1
while,1
foundations,1
lagging,1
emphasis,1
urban,1
premia,1
middle,1
disability,1
prematurity,1
shoemakers,1
intention,1
presented,1
bath,1
careful,1
commissioner,1
attached,1
conclude,1
timely,1
ndr,1
stagnant,1
giving,1
cash,1
dismal,1
exceeded,1
smooths,1
contribute,1
obtain,1
souls,1
arguments,1
summarizes,1
appointed,1
allows,1
exploit,1
foundry,1
gain,1
faculty,1
correspondence,1
subsumed,1
wstmorband,1
runs,1
compulsion,1
tell,1
survival,1
recording,1
argument,1
unable,1
editor,1
ig,1
nrt,1
institutional,1
national,1
crisis,1
documentation,1
ridinggj,1
manufacturers,1
applicable,1
oldknow,1
underor,1
depart,1
davies,1
smaller,1
voluntary,1
measured,1
classification,1
anonymous,1
vi,1
caveats,1
specific,1
charles,1
potential,1
artisan,1
distinctions,1
regularity,1
themselves,1
sectors,1
vary,1
easlridngg,1
era,1
th,1
uncertainty,1
styal,1
shropshire,1
vagaries,1
divergent,1
censuses,1
traditional,1
reconciling,1
focus,1
immediately,1
crucible,1
economize,1
workpeople,1
employer,1
compounding,1
unrepresentative,1
arithmetic,1
showed,1
warrington,1
xxv,1
averand,1
fitton,1
