WORDCOUNTS,WEIGHT
the,560
and,306
of,278
in,228
to,128
wage,125
workers,122
a,106
wages,97
for,93
patronage,91
that,81
sector,71
premium,63
were,60
public,56
is,53
than,51
as,49
percent,48
employees,46
are,46
have,45
this,43
with,43
by,42
more,42
city,42
private,41
occupations,40
new,40
local,40
york,39
federal,39
i,37
state,36
civil,35
their,34
occupation,34
s,32
included,32
would,32
on,32
if,31
one,29
boston,29
hours,28
service,28
not,28
from,28
at,27
worked,27
all,26
cities,26
philadelphia,25
was,25
it,23
government,23
political,23
these,23
across,21
dummies,21
baltimore,21
had,20
or,20
see,20
dummy,20
they,19
politicians,19
been,19
century,18
no,18
also,18
jobs,18
municipal,18
who,18
politics,17
p,17
data,17
pp,17
same,17
per,16
history,16
sample,16
n,16
variation,16
coefficient,16
large,15
nineteenth,15
mean,15
during,15
hourly,15
log,15
there,14
troesken,14
because,14
example,14
results,14
paid,14
economic,14
only,14
less,14
figure,14
table,14
worker,13
about,13
employment,13
press,13
d,13
sectors,13
percentile,13
first,12
other,12
university,12
employed,12
earned,12
larger,12
enjoyed,12
historical,12
according,12
libecap,12
evidence,12
states,12
might,11
u,11
labor,11
when,11
above,11
full,11
variable,11
natural,11
johnson,11
chicago,11
comparable,11
case,10
higher,10
assessments,10
otherwise,10
however,10
work,10
survey,10
level,10
number,10
an,10
today,10
united,10
did,10
federation,9
studies,9
skills,9
pay,9
journal,9
act,9
most,9
late,9
required,9
statistics,9
weekly,9
dependent,9
where,9
significant,9
fewer,9
varied,9
twentieth,9
between,9
american,8
earnings,8
source,8
procedure,8
such,8
occupational,8
census,8
systematic,8
second,8
two,8
law,8
do,8
unionization,8
elections,8
high,8
relative,8
specifications,8
equals,8
ofthe,8
griffith,8
pendleton,8
through,8
much,8
j,7
some,7
laws,7
how,7
after,7
servants,7
working,7
few,7
k,7
degree,7
week,7
hour,7
three,7
efficiency,7
schiesl,7
associated,7
dispersed,7
series,7
passed,7
intercity,7
premia,7
be,7
early,7
among,7
does,6
regression,6
account,6
estimating,6
estimates,6
patrons,6
voters,6
bosses,6
dc,6
krueger,6
part,6
civic,6
annual,6
nearly,6
marginal,6
costs,6
department,6
reform,6
patterns,6
period,6
so,6
reformers,6
payrolls,6
comparing,6
suggest,6
widespread,6
following,6
set,6
occupationj,6
each,6
historians,6
nominal,6
while,6
information,6
suggests,6
given,6
washington,6
expects,5
hire,5
available,5
differences,5
classified,5
economics,5
possible,5
election,5
used,5
like,5
even,5
rates,5
support,5
frequently,5
subsamples,5
votes,5
could,5
conspicuous,5
equal,5
appears,5
failure,5
its,5
productivity,5
constant,5
similarly,5
many,5
shows,5
variables,5
b,5
we,5
median,5
note,5
bureau,5
why,5
gpo,5
text,5
job,5
explanations,5
terms,5
distribution,5
argument,5
effects,5
true,4
queues,4
before,4
gap,4
sources,4
america,4
x,4
against,4
relatively,4
friedman,4
times,4
machines,4
compare,4
find,4
explore,4
coal,4
without,4
basic,4
similar,4
grew,4
argued,4
shorter,4
publicsector,4
m,4
appear,4
demise,4
reports,4
people,4
ratios,4
governments,4
using,4
value,4
rigidity,4
distorted,4
edited,4
but,4
lewis,4
stronger,4
fell,4
low,4
compressed,4
interacted,4
regressions,4
indicate,4
appointments,4
workweeks,4
share,4
then,4
any,4
specification,4
over,4
different,4
ratio,4
argue,4
william,4
cents,4
manufacturing,4
models,4
national,4
enterprise,4
interaction,4
observed,4
frequent,3
lowskilled,3
zero,3
common,3
estimated,3
later,3
differentials,3
market,3
rate,3
operated,3
descriptive,3
explanatory,3
occurred,3
freeman,3
princeton,3
negative,3
test,3
experience,3
consistent,3
compression,3
kurth,3
reasons,3
lebergott,3
those,3
regressed,3
system,3
moulton,3
has,3
primary,3
police,3
richard,3
minimum,3
iron,3
machine,3
unionized,3
venti,3
third,3
estimate,3
operation,3
deviation,3
his,3
l,3
changes,3
coefficients,3
fired,3
age,3
four,3
result,3
based,3
years,3
changed,3
base,3
term,3
rent,3
moore,3
scale,3
explain,3
r,3
degrees,3
reid,3
partly,3
long,3
le,3
owned,3
small,3
enjoy,3
f,3
populations,3
limited,3
still,3
indicates,3
adjusted,3
smith,3
praeger,3
clerks,3
time,3
pattern,3
drove,3
perhaps,3
exploits,3
force,3
products,3
questions,3
dominated,3
article,3
often,3
effect,3
trades,3
differ,3
continued,3
rammers,3
lost,3
pavers,3
lawrence,3
salaries,3
fall,3
paying,3
mcdonald,3
mixes,3
alternative,3
katz,3
plunkitt,3
circumvented,3
gas,3
passage,3
what,3
economy,3
reexamination,3
rose,3
freedom,3
presented,3
severely,3
sundstrom,3
publishers,3
rigid,3
conditions,3
include,3
although,3
product,3
maximum,3
little,3
recent,3
laborers,3
building,3
costly,3
niskanen,2
done,2
groups,2
pittsburgh,2
affected,2
extend,2
empirical,2
needed,2
miners,2
identify,2
designed,2
vj,2
h,2
policy,2
into,2
presents,2
peaked,2
lower,2
tullock,2
way,2
t,2
davis,2
commissions,2
drivers,2
gary,2
dramatically,2
company,2
advantage,2
careers,2
monitor,2
helpers,2
subsequent,2
salary,2
johns,2
adrian,2
tenth,2
hall,2
vol,2
delivering,2
bricklayers,2
say,2
far,2
patrolmen,2
behavior,2
exist,2
throughout,2
review,2
ronald,2
severe,2
development,2
calculated,2
interior,2
g,2
exam,2
expected,2
progressive,2
response,2
look,2
general,2
rewarded,2
industries,2
deviations,2
rather,2
growth,2
roofers,2
levels,2
calculation,2
represented,2
tammany,2
proportion,2
plots,2
assuming,2
productive,2
periodic,2
reason,2
category,2
ippolito,2
highskilled,2
house,2
w,2
additional,2
allswang,2
exceed,2
cost,2
requires,2
belgian,2
mix,2
restriction,2
dispersion,2
bureaucracy,2
problem,2
declined,2
found,2
kurtosis,2
out,2
monitoring,2
disamenities,2
pure,2
supporters,2
block,2
population,2
cannot,2
procedures,2
triumph,2
hopkins,2
well,2
representatives,2
having,2
received,2
claim,2
significantly,2
insubordination,2
year,2
q,2
engineer,2
actually,2
et,2
away,2
legislation,2
smallest,2
alan,2
reder,2
change,2
statistically,2
least,2
sense,2
correct,2
hired,2
quinn,2
interacting,2
specifically,2
driving,2
outliers,2
massachusetts,2
workforce,2
fully,2
cincinnati,2
appropriate,2
crime,2
incumbent,2
incentive,2
he,2
reductions,2
practices,2
various,2
steadily,2
identified,2
measure,2
percentage,2
ineffective,2
yet,2
andnewman,2
switching,2
rules,2
counterparts,2
under,2
management,2
al,2
largest,2
gainfully,2
ofbureaucracy,2
quotations,2
regardless,2
houston,2
plumbers,2
campaigning,2
addition,2
anecdotal,2
unionism,2
departments,2
omitted,2
end,2
golden,2
transit,2
model,2
calkers,2
publicjobs,2
postal,2
metropolitan,2
exceeds,2
books,2
wood,2
day,2
another,2
discussion,2
examples,2
made,2
clerical,2
concern,2
controlling,2
use,2
zink,2
congress,2
services,2
merit,2
exams,2
which,2
office,2
california,2
privatesector,2
explorations,2
clear,2
hanes,2
interpret,2
behind,2
individual,2
david,2
characterized,2
collected,2
variance,2
provides,2
martin,2
study,2
mining,2
nth,2
wise,2
can,2
compendium,2
payroll,2
belonged,2
within,2
bulletin,2
shoveler,2
wilson,2
countries,2
joseph,2
claims,2
favors,2
phillips,2
defray,2
believe,2
restrictive,2
report,2
exploiting,2
very,2
person,2
id,2
unique,2
selected,2
particular,2
theory,2
incompetence,2
bureaucratic,2
categories,2
size,2
both,2
nj,2
ohio,2
despite,2
buy,2
snow,2
come,2
formation,2
plausible,2
cobblestone,2
finally,2
course,2
employer,2
emest,2
defined,2
ninetieth,2
superintendent,2
specific,2
vary,2
restricts,2
th,2
teaford,2
develop,2
resources,2
looking,2
asphalt,2
keep,2
werner,2
lowand,1
difficult,1
winds,1
appointees,1
revisionist,1
limits,1
fraction,1
ols,1
cent,1
privately,1
prize,1
created,1
determine,1
overstated,1
e,1
eliminated,1
compensated,1
pushed,1
expect,1
group,1
rick,1
factories,1
beeson,1
stone,1
formed,1
authority,1
withered,1
ostensibly,1
illiterate,1
bias,1
kl,1
easily,1
discriminate,1
candidate,1
duke,1
ranges,1
committee,1
total,1
equations,1
something,1
edu,1
track,1
materials,1
melvin,1
fast,1
ways,1
abstractofthe,1
implications,1
give,1
andpolitics,1
investments,1
relax,1
assist,1
tolerated,1
england,1
jewell,1
nature,1
twenty,1
suggesting,1
generalize,1
councilmen,1
wave,1
reveal,1
take,1
comparative,1
written,1
stand,1
respond,1
precisely,1
twelfh,1
reserved,1
robert,1
corroborate,1
opposite,1
pitt,1
suspension,1
discipline,1
ernest,1
lawmakers,1
documenting,1
ofinstitutional,1
classic,1
depending,1
linear,1
iintraoccupation,1
blacksmiths,1
key,1
politicized,1
pub,1
firm,1
right,1
seventieth,1
nonpatronage,1
solely,1
sewers,1
evennegative,1
professor,1
waste,1
brent,1
disadvantage,1
desired,1
point,1
eliminating,1
endnote,1
indicating,1
compares,1
correlation,1
sanple,1
ichniowski,1
fmds,1
harold,1
human,1
heaters,1
lara,1
includes,1
differential,1
historically,1
explained,1
quality,1
illustrates,1
visited,1
realized,1
longitudinal,1
scarce,1
relations,1
portray,1
plotting,1
representative,1
conducted,1
overpaid,1
easterlin,1
extensively,1
affairs,1
bus,1
candidates,1
distinct,1
nor,1
profound,1
amount,1
serving,1
restrict,1
six,1
output,1
quit,1
dates,1
compared,1
twice,1
skewness,1
consequently,1
spoils,1
marital,1
traditions,1
delivered,1
acknowledge,1
competitive,1
stanley,1
error,1
parks,1
critics,1
lesser,1
theorized,1
failed,1
rights,1
steps,1
whose,1
developed,1
assassination,1
analogously,1
mechanics,1
goes,1
risk,1
associate,1
flexible,1
locations,1
lamented,1
adjustments,1
variant,1
parts,1
unitedstates,1
makes,1
prij,1
gratefully,1
enabled,1
scales,1
reforms,1
utilities,1
moreover,1
lots,1
raymond,1
fantasy,1
parentheses,1
riveters,1
affect,1
ninetyninth,1
consider,1
organization,1
wheeling,1
severity,1
abuses,1
section,1
just,1
threatening,1
dominate,1
jersey,1
slate,1
bridges,1
continual,1
bedford,1
appropriations,1
willing,1
endemic,1
strategy,1
greater,1
identifying,1
aftermath,1
location,1
allow,1
rule,1
andadministration,1
intraoccupation,1
pass,1
unionize,1
peakedness,1
punishment,1
big,1
unions,1
ranking,1
equally,1
premnjm,1
though,1
durham,1
effective,1
coefflcient,1
indirect,1
tools,1
whenpatronage,1
ofamerican,1
governing,1
undermined,1
retribution,1
keeping,1
basis,1
literature,1
probably,1
anecdotes,1
viability,1
primaries,1
preferred,1
aldineatherton,1
brought,1
nc,1
horse,1
sharon,1
competing,1
related,1
multiplied,1
thoughts,1
positions,1
indianapolis,1
overview,1
gave,1
hammermesh,1
overtly,1
officers,1
call,1
believes,1
flatter,1
showing,1
president,1
vjpub,1
graded,1
graph,1
trends,1
weeks,1
approach,1
rivet,1
either,1
circumventing,1
hroughout,1
ofnearly,1
below,1
useful,1
censusofthe,1
things,1
terrence,1
contrast,1
sharp,1
midst,1
hence,1
trivial,1
teams,1
several,1
characteristics,1
sufficient,1
separately,1
imagines,1
june,1
oftheir,1
depression,1
temporary,1
ton,1
observe,1
research,1
inefficiency,1
usual,1
up,1
st,1
flouri,1
citations,1
ofhuman,1
notes,1
exceptionhere,1
them,1
tannery,1
finds,1
subcommittee,1
gordon,1
promising,1
periods,1
thirtieth,1
flourished,1
happen,1
therefore,1
scored,1
termns,1
highlights,1
demand,1
reduced,1
interpolation,1
bringing,1
employ,1
buttress,1
action,1
wrote,1
cheapest,1
overall,1
ia,1
competitively,1
intended,1
return,1
notoriously,1
theorizing,1
community,1
slower,1
make,1
comments,1
lb,1
suppose,1
surveyed,1
ask,1
parker,1
lieutenants,1
structural,1
once,1
interpretation,1
lagged,1
push,1
coverage,1
happened,1
older,1
manpower,1
sex,1
fifth,1
formally,1
falls,1
unheralded,1
queuing,1
performed,1
ed,1
ornamental,1
industrial,1
conciliate,1
wisconsin,1
wolfinger,1
enterprises,1
harper,1
jon,1
fill,1
blacksmith,1
street,1
party,1
stemmed,1
fire,1
successfully,1
skill,1
again,1
others,1
put,1
experienced,1
tiny,1
efforts,1
usefulness,1
fact,1
limit,1
fundamental,1
scholars,1
rents,1
pressure,1
striking,1
choice,1
john,1
contemporary,1
minimize,1
seldom,1
favorite,1
serious,1
simple,1
mustered,1
men,1
conclusions,1
enough,1
abstract,1
kj,1
purposes,1
michael,1
answer,1
duties,1
patty,1
tails,1
dlummies,1
ability,1
free,1
distortions,1
argues,1
interpreting,1
boilermaker,1
pooling,1
extended,1
campaigns,1
session,1
success,1
crudely,1
effectiveness,1
easier,1
newyork,1
explanation,1
ic,1
helps,1
maximized,1
formal,1
scaled,1
previously,1
retains,1
increase,1
curtail,1
andnonprof,1
persisted,1
assumption,1
assume,1
aside,1
net,1
continue,1
publicand,1
sees,1
eleventh,1
dismissed,1
theories,1
sound,1
percentiles,1
ties,1
quotation,1
logic,1
issn,1
christopher,1
allowed,1
derived,1
helpful,1
filled,1
disclaimer,1
earlier,1
losing,1
standard,1
construct,1
exchange,1
class,1
promotion,1
especially,1
problems,1
systems,1
become,1
interpretations,1
accordingly,1
describing,1
excluded,1
structure,1
james,1
claiming,1
downturn,1
diffierent,1
fmding,1
macmillan,1
saw,1
la,1
inperiods,1
applies,1
justice,1
limiting,1
increasing,1
accepting,1
lance,1
tests,1
relationship,1
vjpi,1
stems,1
george,1
bureaucrats,1
foreign,1
criminal,1
informing,1
claimed,1
contraction,1
primarily,1
lntercity,1
becomes,1
directions,1
began,1
rapidly,1
maximizing,1
length,1
methods,1
education,1
types,1
get,1
rider,1
ash,1
stable,1
considered,1
ished,1
magnitude,1
wolfmger,1
historian,1
favoritism,1
predictions,1
regulated,1
constituted,1
continues,1
pace,1
delegates,1
precise,1
constructed,1
quotes,1
compensation,1
drew,1
mixers,1
colorado,1
know,1
berkeley,1
disgruntled,1
substantively,1
stem,1
control,1
sure,1
country,1
tenders,1
steven,1
december,1
commission,1
referees,1
municipally,1
prominence,1
half,1
wall,1
current,1
post,1
newman,1
equilibrium,1
supervisor,1
reflected,1
placing,1
works,1
type,1
merely,1
better,1
places,1
drop,1
ofthese,1
eightieth,1
communicate,1
discharge,1
undercut,1
whether,1
making,1
references,1
maryland,1
boyer,1
writes,1
hypothesize,1
generally,1
don,1
urban,1
garbage,1
researchers,1
bought,1
economist,1
reported,1
garfield,1
prevalent,1
swollen,1
cleaners,1
tried,1
administration,1
simply,1
assumptions,1
controls,1
exceeded,1
pa,1
sizeable,1
colonial,1
allows,1
exploit,1
firms,1
think,1
precision,1
examinations,1
layers,1
entity,1
average,1
mitigating,1
illinois,1
write,1
instead,1
typically,1
handsomely,1
correlated,1
smaller,1
piece,1
boilermakers,1
contours,1
area,1
salience,1
association,1
increased,1
ranged,1
roughly,1
summary,1
anonymous,1
comparison,1
needs,1
avoluminous,1
charles,1
potential,1
distinctions,1
attending,1
pensions,1
c,1
era,1
substantial,1
entire,1
abandoned,1
aji,1
immediately,1
strong,1
here,1
should,1
close,1
senators,1
row,1
hypothesis,1
