WORDCOUNTS,WEIGHT
the,782
of,511
and,471
in,417
malaria,281
to,232
o,185
s,160
a,158
n,135
that,132
i,132
on,126
is,124
for,114
risk,109
as,107
this,100
by,95
were,95
from,81
h,74
m,69
veterans,69
be,65
counties,64
at,63
county,60
t,59
infections,58
c,58
u,57
r,56
during,56
mortality,56
forts,55
was,54
health,52
malarial,50
with,49
early,49
are,48
g,47
d,47
data,46
not,46
exposure,45
no,42
more,41
army,41
incidence,40
p,40
w,39
have,38
states,38
oo,37
j,36
could,36
war,36
but,36
also,36
enlistment,36
fevers,34
model,34
appendix,34
population,33
it,32
fever,32
union,32
had,32
than,31
effect,31
because,30
these,30
diseases,29
census,29
status,29
can,29
table,29
been,29
height,28
fort,28
result,28
malnutrition,28
which,28
estimated,26
infection,26
civil,26
records,26
between,26
environmental,25
e,25
century,25
regions,25
immune,24
estimation,24
those,24
weather,24
its,24
using,24
or,24
childhood,24
children,24
general,24
other,23
typhoid,23
environments,23
their,23
most,23
q,23
united,23
land,22
two,21
less,21
number,21
disease,21
would,21
who,21
burden,21
such,20
development,20
l,20
study,20
economic,20
high,20
temperature,20
among,20
all,19
hong,19
journal,19
impact,19
statistics,19
periods,19
areas,19
period,19
some,18
may,18
factors,18
university,18
vo,18
well,18
so,18
variable,18
conditions,18
studies,17
various,17
variables,17
they,16
ii,16
has,16
prior,16
sample,16
an,16
remittent,16
et,16
southern,16
al,16
where,16
percent,16
nutritional,16
reported,16
later,15
before,15
rates,15
age,15
transmission,15
year,15
f,15
about,15
infectious,15
wartime,15
nutrition,15
rainfall,15
results,15
although,15
america,14
unhealthy,14
higher,14
improvement,14
used,14
climate,14
water,14
new,14
article,14
k,14
chicago,14
if,13
susceptibility,13
lived,13
estimate,13
control,13
whether,13
vivax,13
first,12
system,12
information,12
immunity,12
american,12
people,12
around,12
annual,12
under,12
use,12
soldiers,12
bureau,12
life,12
years,12
rate,11
implies,11
mean,11
significantly,11
breeding,11
caused,11
level,11
rn,11
geographical,11
located,11
see,11
features,11
deaths,11
urbanization,11
recruits,11
susceptible,11
average,11
washington,11
evidence,11
large,10
into,10
lower,10
available,10
thus,10
medical,10
diarrhea,10
growth,10
section,10
dc,10
based,10
medicine,10
found,10
though,10
however,10
press,10
only,10
including,10
low,10
figure,10
five,10
altitude,10
over,10
different,10
socioeconomic,10
effects,10
increased,10
coefficient,10
represent,9
intermittent,9
military,9
there,9
robert,9
calculated,9
chronic,9
hygiene,9
z,9
contracting,9
costa,9
falciparum,9
tropical,9
economics,9
infected,9
generally,9
up,9
many,9
reports,9
lee,9
v,9
another,9
morbidity,9
significant,9
standard,9
especially,9
fogel,9
countries,9
types,9
correlates,9
both,9
finally,9
tf,9
epidemiological,8
nineteenth,8
regression,8
x,8
correlation,8
regarding,8
young,8
parasites,8
distribution,8
deviation,8
tt,8
b,8
mosquito,8
wealth,8
public,8
order,8
humphreys,8
above,8
without,8
flat,8
addition,8
considerable,8
increases,8
findings,8
discussed,8
co,8
africa,8
cn,8
did,8
living,8
cause,8
particular,8
measles,8
through,8
measure,8
potential,8
much,8
north,8
major,8
determine,7
total,7
season,7
mississippi,7
mosquitoes,7
minimum,7
estimating,7
rank,7
cases,7
edited,7
typhus,7
stations,7
older,7
precipitation,7
resistance,7
will,7
likely,7
impacts,7
reduce,7
favorable,7
death,7
residence,7
efforts,7
surgeon,7
elevation,7
causes,7
previous,7
provide,7
analysis,7
determinants,7
each,7
ratio,7
report,7
historical,7
born,7
what,7
prevalent,7
sickness,7
national,7
temperatures,7
does,6
one,6
history,6
source,6
indicating,6
compared,6
probability,6
after,6
drainage,6
established,6
disorders,6
inches,6
middle,6
project,6
interpreted,6
research,6
decline,6
critical,6
pneumonia,6
might,6
relationship,6
shows,6
ages,6
factor,6
individuals,6
office,6
dummy,6
obtained,6
primarily,6
characteristics,6
physical,6
global,6
problem,6
while,6
when,6
twentieth,6
surgeons,6
specific,6
maximum,6
valley,6
develop,6
go,5
affected,5
per,5
group,5
center,5
second,5
rf,5
ppp,5
england,5
atlantic,5
subsequent,5
principal,5
dora,5
issue,5
recorded,5
agriculture,5
household,5
measurement,5
exposed,5
central,5
throughout,5
individual,5
old,5
third,5
consequently,5
developed,5
how,5
en,5
certain,5
coefficients,5
late,5
mainly,5
aging,5
work,5
suggest,5
prevalence,5
notes,5
value,5
provided,5
oooo,5
populated,5
index,5
department,5
similarly,5
distance,5
vectors,5
local,5
discussion,5
samples,5
actual,5
recruitment,5
ri,5
black,5
include,5
northern,5
vector,5
fe,5
clinical,5
considered,5
then,5
very,5
better,5
adults,5
suggests,5
snow,5
shown,5
haines,5
observed,5
should,5
gis,4
resulted,4
conducted,4
rt,4
additionally,4
cox,4
ti,4
presents,4
physicians,4
incidences,4
symptoms,4
negative,4
indexes,4
being,4
leading,4
accumulated,4
studied,4
state,4
limited,4
case,4
key,4
determined,4
three,4
human,4
review,4
severe,4
mm,4
due,4
nr,4
learning,4
fahrenheit,4
contagious,4
even,4
error,4
rutman,4
york,4
proportion,4
direct,4
white,4
moreover,4
provides,4
means,4
affect,4
linked,4
upper,4
show,4
additional,4
shorter,4
uses,4
my,4
ooo,4
missouri,4
nutrient,4
term,4
suffered,4
energy,4
possibility,4
degrees,4
reduction,4
partly,4
change,4
bleakley,4
least,4
hookworm,4
reliable,4
indicators,4
quite,4
migration,4
highly,4
draining,4
ts,4
st,4
os,4
south,4
therefore,4
io,4
implications,4
overall,4
indicates,4
od,4
pp,4
pppp,4
included,4
same,4
regional,4
fact,4
hand,4
likelihood,4
accepted,4
thomson,4
oddd,4
active,4
depended,4
station,4
similar,4
sachs,4
david,4
ackerknecht,4
collected,4
spent,4
feet,4
respectively,4
quarterly,4
louisiana,4
increasing,4
imply,4
mouchet,4
rarely,4
associated,4
set,4
gpo,4
monthly,4
current,4
cities,4
rural,4
agricultural,4
seasonal,4
infant,4
presented,4
scrimshaw,4
plasmodium,4
obtain,4
bradley,4
models,4
caulfield,4
illinois,4
smaller,4
association,4
burdens,4
substantial,4
northwestern,4
strong,4
final,3
mostly,3
guyatt,3
common,3
drake,3
steckel,3
created,3
extreme,3
measures,3
resided,3
crimmins,3
poorer,3
policy,3
antebellum,3
coo,3
quinine,3
grimwade,3
asia,3
secondary,3
differences,3
analyses,3
pem,3
fresh,3
improved,3
greatly,3
declines,3
dd,3
iowa,3
schaible,3
brigham,3
undernutrition,3
boyd,3
richard,3
along,3
newly,3
million,3
september,3
price,3
nourished,3
causing,3
mechanisms,3
komlos,3
added,3
moo,3
federal,3
main,3
levels,3
suffer,3
ua,3
lay,3
limitation,3
changes,3
wages,3
driven,3
eradication,3
instance,3
endemic,3
ranges,3
cd,3
method,3
output,3
events,3
fo,3
density,3
sites,3
basis,3
revealed,3
protein,3
nearest,3
future,3
issues,3
reflect,3
il,3
flatter,3
showing,3
own,3
social,3
ratios,3
small,3
inactive,3
soil,3
rr,3
june,3
pregnancy,3
dodo,3
schedules,3
fetal,3
weiss,3
kaufmann,3
mendis,3
squared,3
short,3
service,3
still,3
estimations,3
positive,3
depicted,3
barker,3
light,3
complete,3
ro,3
published,3
sketch,3
hoyt,3
wetlands,3
treatment,3
carter,3
maternal,3
impractical,3
time,3
farming,3
variation,3
pattern,3
pq,3
forms,3
do,3
malaney,3
income,3
vulnerable,3
michael,3
craig,3
previously,3
increase,3
host,3
food,3
theories,3
roo,3
grew,3
noo,3
counted,3
pension,3
chulhee,3
problems,3
anemia,3
correlated,3
examine,3
looked,3
we,3
industrialization,3
regressions,3
widely,3
crucial,3
confused,3
resistant,3
fewer,3
widespread,3
detailed,3
settlement,3
respect,3
problematic,3
joseph,3
any,3
believed,3
suppl,3
known,3
printer,3
tuberculosis,3
december,3
seem,3
iii,3
searched,3
particularly,3
utilized,3
type,3
beginning,3
according,3
capita,3
them,3
extent,3
unfavorable,3
healthy,3
influenced,3
nvo,3
role,3
african,3
underestimate,3
colonial,3
eggs,3
consumption,3
surgical,3
ncdc,3
defined,3
area,3
nativity,3
censuses,3
difficult,2
currently,2
child,2
argued,2
groups,2
correlations,2
epidemics,2
considerably,2
changed,2
complex,2
kinds,2
nvq,2
om,2
ma,2
injuries,2
comorbidity,2
irrigation,2
johns,2
lltl,2
quadratic,2
january,2
resistances,2
position,2
cured,2
occurred,2
holding,2
corresponding,2
women,2
laura,2
test,2
accumulation,2
deter,2
undermine,2
sources,2
every,2
labor,2
severely,2
address,2
capital,2
casman,2
troops,2
farmers,2
mills,2
nonflat,2
survey,2
miles,2
blackwell,2
classified,2
nature,2
ffl,2
eastern,2
adverse,2
demography,2
march,2
vol,2
possible,2
lifetime,2
delivering,2
alter,2
october,2
vital,2
variations,2
say,2
reflecting,2
pediatrics,2
far,2
interior,2
sign,2
behavior,2
acres,2
jg,2
disorder,2
deteriorates,2
weakened,2
against,2
millennium,2
sangiovanni,2
misdiagnoses,2
fenn,2
estimates,2
tape,2
probabilities,2
chul,2
amount,2
contrary,2
highest,2
response,2
frailty,2
misleading,2
weakening,2
died,2
weight,2
swamps,2
influence,2
mechanism,2
reviews,2
performance,2
stressful,2
matter,2
influential,2
bateman,2
represented,2
unsanitary,2
determining,2
parasite,2
parts,2
agues,2
consequences,2
enlisted,2
misdiagnosis,2
escape,2
biased,2
consider,2
underlying,2
welfare,2
frequently,2
shrinking,2
benefited,2
situations,2
origins,2
zp,2
dominant,2
suggested,2
footnote,2
parasitemia,2
view,2
supports,2
puzzle,2
standards,2
ou,2
incomplete,2
nutrients,2
international,2
hopkins,2
impaired,2
probit,2
cardiovascular,2
initial,2
acquiring,2
occupation,2
poverty,2
fli,2
persons,2
cannot,2
younger,2
hayward,2
procedures,2
explored,2
having,2
zq,2
part,2
example,2
knowledge,2
related,2
atack,2
place,2
climatic,2
williams,2
away,2
oceans,2
employed,2
missions,2
phindela,2
trends,2
malariafree,2
approach,2
sharma,2
below,2
diminish,2
panel,2
impair,2
veteran,2
family,2
several,2
sufficient,2
pregnant,2
presence,2
impairment,2
dddd,2
dependent,2
user,2
discusses,2
cycle,2
nations,2
leonardo,2
led,2
margo,2
reduced,2
return,2
upward,2
april,2
community,2
july,2
make,2
selection,2
southeast,2
once,2
yet,2
rain,2
sok,2
dummies,2
assistance,2
kiszewski,2
nonfarmers,2
baltimore,2
icpsr,2
already,2
hunger,2
speaking,2
ntt,2
baby,2
nicholson,2
mark,2
experienced,2
demographic,2
missing,2
head,2
recurrent,2
lindsay,2
grave,2
substantially,2
serious,2
men,2
adjacent,2
existing,2
contracted,2
riley,2
chima,2
jj,2
locations,2
valleys,2
meetings,2
private,2
understanding,2
indiana,2
birth,2
made,2
prevention,2
mothers,2
values,2
region,2
concern,2
controlling,2
largely,2
resulting,2
insults,2
advantages,2
described,2
sodemann,2
discovered,2
adding,2
covering,2
like,2
uo,2
earlier,2
thomas,2
usgs,2
novo,2
grown,2
outcomes,2
systems,2
computed,2
availability,2
james,2
blood,2
morris,2
insignificant,2
quarter,2
nevin,2
normal,2
la,2
immigration,2
division,2
infants,2
median,2
today,2
ecological,2
reasonable,2
daniel,2
insufficient,2
rj,2
vorroo,2
ea,2
non,2
often,2
cartmell,2
frontier,2
supporting,2
centuries,2
months,2
exists,2
school,2
environment,2
magnitude,2
heavy,2
version,2
changing,2
comparison,2
manual,2
geographic,2
reisinger,2
ll,2
statistical,2
column,2
cover,2
overestimate,2
tj,2
country,2
paper,2
sampling,2
contextual,2
argue,2
regard,2
brinkley,2
frailer,2
following,2
warnings,2
economy,2
erwin,2
terms,2
form,2
making,2
accounts,2
era,2
climatological,2
theory,2
woodward,2
her,2
intake,2
observations,2
goodman,2
categories,2
entire,2
ill,2
ohio,2
dowlatabadi,2
divided,2
world,2
difference,2
surface,2
epidemiologists,2
approximately,2
fatal,2
salt,2
cognitive,2
developmental,2
measured,2
roughly,2
vi,2
duffy,2
mason,2
given,2
recent,2
connor,2
resources,2
ca,2
odd,2
hypothesis,2
processes,1
frequent,1
tdhu,1
archives,1
frail,1
possessed,1
done,1
onooon,1
residing,1
slows,1
schistosomiasis,1
indicated,1
implying,1
imported,1
sivooooro,1
functional,1
influxes,1
interventions,1
episodes,1
heights,1
alone,1
extends,1
isr,1
rrk,1
distributed,1
defenses,1
weatherall,1
burton,1
partially,1
effective,1
subsaharan,1
certificates,1
identify,1
villarreal,1
oorn,1
columns,1
biodemography,1
true,1
gallman,1
itj,1
qjm,1
di,1
completely,1
sudden,1
jonathan,1
easily,1
modern,1
zt,1
cough,1
considerations,1
hours,1
mellinger,1
lees,1
western,1
explanatory,1
kr,1
rs,1
forecasting,1
botswana,1
exceptions,1
oos,1
edu,1
institutes,1
disputed,1
nooo,1
pathogen,1
came,1
inhibited,1
ooooooo,1
inc,1
osr,1
exist,1
long,1
wq,1
proxied,1
preceding,1
ways,1
production,1
eap,1
melissa,1
meters,1
planting,1
attempt,1
saul,1
ok,1
promoting,1
downplay,1
seems,1
bitten,1
words,1
definition,1
gary,1
georgia,1
illuslliill,1
auite,1
company,1
scientists,1
continue,1
explores,1
zi,1
belong,1
vpf,1
stay,1
culate,1
convert,1
ravaged,1
potentially,1
origin,1
rich,1
hcnoo,1
follows,1
till,1
reveal,1
ooro,1
composition,1
jere,1
earliest,1
oodd,1
take,1
real,1
reproduction,1
farmer,1
xoomtn,1
nil,1
gideon,1
ancestry,1
confers,1
julie,1
nm,1
date,1
emphasized,1
onis,1
leptin,1
reserved,1
political,1
opposite,1
conseburden,1
california,1
wage,1
checked,1
within,1
tjnm,1
rg,1
sina,1
worldwide,1
el,1
digital,1
dddo,1
depends,1
british,1
growing,1
aaby,1
wetter,1
inr,1
relapses,1
linear,1
nn,1
sg,1
hr,1
sooorootto,1
primary,1
sought,1
mutation,1
qcd,1
discuss,1
addresses,1
vulnerability,1
cain,1
ntn,1
fl,1
condition,1
asc,1
vntr,1
ih,1
wealthier,1
adopting,1
functions,1
run,1
measuring,1
disparities,1
canning,1
eliminating,1
timothy,1
monitoring,1
milder,1
representing,1
hongs,1
economies,1
ross,1
collection,1
altitudes,1
controlled,1
ranked,1
saltwater,1
prerequisite,1
op,1
puirt,1
ofloo,1
sponsored,1
farmhouses,1
historically,1
influx,1
explained,1
patient,1
since,1
dominated,1
tables,1
helen,1
ql,1
de,1
nrir,1
ability,1
concentrations,1
raises,1
carlos,1
jeremy,1
mbatha,1
tjm,1
csooovorfk,1
creased,1
jr,1
denote,1
janet,1
ttt,1
admitted,1
insult,1
forced,1
seaboard,1
turn,1
tptnp,1
uchicago,1
developments,1
jl,1
immigrants,1
stored,1
times,1
displays,1
depend,1
ddd,1
ilisllillilliiiiifiitllli,1
convincing,1
back,1
differently,1
body,1
outbreaks,1
six,1
inclusion,1
served,1
nonafrican,1
suitable,1
cegielski,1
inadequately,1
ckr,1
compare,1
nfn,1
explore,1
y,1
geological,1
plos,1
krejs,1
look,1
bennett,1
spite,1
corrected,1
monika,1
synergism,1
causespecific,1
kentucky,1
adult,1
generation,1
babies,1
focused,1
alabama,1
baris,1
rights,1
workplaces,1
suppressing,1
overestimated,1
via,1
kidney,1
iti,1
town,1
whose,1
essential,1
reflects,1
mexico,1
costs,1
deteriorate,1
pj,1
exact,1
underway,1
rather,1
zzz,1
summaries,1
sensing,1
across,1
dry,1
ntfvo,1
fishback,1
interuniversity,1
ptacek,1
tiu,1
deters,1
onoo,1
odoo,1
calculation,1
remote,1
broaden,1
stuttgart,1
noa,1
musculoskeletal,1
killing,1
survives,1
dp,1
associate,1
mile,1
stops,1
connected,1
initiate,1
derived,1
induce,1
plots,1
veronica,1
onvoon,1
hoot,1
nos,1
enabled,1
offering,1
chills,1
summarized,1
arbor,1
ames,1
risks,1
oovo,1
hf,1
fn,1
reason,1
references,1
ij,1
understand,1
rebellion,1
injury,1
park,1
weights,1
acquisition,1
riril,1
hcn,1
sorts,1
ttm,1
benefits,1
severity,1
exponential,1
hotter,1
contaminated,1
just,1
otfonp,1
mary,1
perspective,1
pfe,1
listed,1
fihcei,1
rzzpgp,1
solid,1
four,1
commonly,1
resource,1
mvo,1
malariae,1
beyond,1
indications,1
gendlin,1
linkage,1
followed,1
annually,1
undertaken,1
evaluation,1
truly,1
requires,1
hereafter,1
hagedorn,1
care,1
bos,1
important,1
undermines,1
milt,1
ei,1
whereas,1
exacerbate,1
closely,1
ocnon,1
lead,1
whom,1
jaehee,1
jsvoc,1
bantayan,1
bctc,1
location,1
bearing,1
declined,1
entered,1
nt,1
search,1
strength,1
critically,1
sd,1
access,1
noom,1
baton,1
relating,1
gj,1
out,1
ocean,1
vstj,1
mistakenly,1
requirements,1
parasitical,1
hospital,1
insulted,1
ipums,1
shock,1
oncn,1
longitude,1
representative,1
markets,1
khamis,1
accurately,1
further,1
equally,1
rvoo,1
understood,1
nationally,1
acceptably,1
jacob,1
appears,1
absorption,1
produced,1
intensity,1
lung,1
biases,1
oncor,1
record,1
virus,1
marchesini,1
fatality,1
jzi,1
near,1
sustenance,1
eliminate,1
ht,1
cncnvo,1
failure,1
participation,1
nourishment,1
cncncno,1
line,1
rare,1
choi,1
aiseirithe,1
mi,1
vq,1
inferred,1
residents,1
peto,1
cop,1
industrial,1
fluctuate,1
strict,1
nonspecific,1
accounting,1
woodlawn,1
london,1
purpose,1
ot,1
proportions,1
eradicated,1
wald,1
aged,1
wtri,1
elizabeth,1
ten,1
rivera,1
overview,1
ghana,1
editorial,1
demonstrates,1
contains,1
calculating,1
relevance,1
actually,1
logy,1
winter,1
hnp,1
documented,1
personal,1
focuses,1
srfpooo,1
quences,1
onmk,1
molbak,1
graduate,1
errors,1
either,1
persistently,1
thrived,1
prenatally,1
arkansas,1
good,1
statistically,1
sorsonm,1
lowest,1
drier,1
ppoopp,1
next,1
ddddo,1
bengtsson,1
ward,1
ptt,1
bank,1
involved,1
specifically,1
scarlet,1
heat,1
affluent,1
habitation,1
cni,1
concerns,1
temporary,1
oro,1
dramatic,1
berguist,1
peak,1
gene,1
texas,1
colored,1
mixing,1
impossible,1
impounded,1
always,1
richness,1
progress,1
productivity,1
npoop,1
proper,1
paid,1
city,1
ferreira,1
troentero,1
breed,1
florida,1
grateful,1
preliminary,1
nv,1
relapse,1
am,1
hw,1
eileen,1
reducing,1
deficiency,1
cx,1
jh,1
subsequently,1
survived,1
prescribed,1
temporarily,1
span,1
uncommon,1
brian,1
polk,1
rni,1
immunities,1
churchill,1
stagnant,1
investigating,1
power,1
proxy,1
logarithm,1
excludes,1
ttdu,1
onset,1
vdcndr,1
contact,1
oooor,1
fortunately,1
populations,1
immunodeficiency,1
seventh,1
ttr,1
comparative,1
secondly,1
onward,1
microbiology,1
unstable,1
wetland,1
drops,1
assurance,1
poor,1
converted,1
says,1
presently,1
comments,1
experiences,1
initially,1
longitudinal,1
movement,1
newton,1
phelps,1
biological,1
forecast,1
scarcity,1
calculate,1
collect,1
pacific,1
feme,1
cohorts,1
floods,1
extents,1
victor,1
utero,1
excessively,1
tremendous,1
marshes,1
represents,1
kirby,1
lafayette,1
database,1
thought,1
martins,1
crisostomo,1
cutoff,1
technology,1
latitude,1
us,1
recruited,1
smith,1
management,1
compiled,1
tn,1
palmer,1
participants,1
victories,1
natalal,1
perspectives,1
whooping,1
ed,1
outlined,1
microdata,1
si,1
nro,1
nineteenthcentury,1
exacerbating,1
tjr,1
innate,1
krause,1
avoided,1
declining,1
support,1
mcmurrary,1
dedicoat,1
french,1
surpass,1
deterred,1
jeffrey,1
omission,1
cnoo,1
business,1
ipt,1
brain,1
europe,1
varies,1
ttiomm,1
nevada,1
sssf,1
spppp,1
summing,1
investigates,1
idea,1
limit,1
deterioration,1
epidemiology,1
minnesota,1
nmoor,1
neville,1
grahnquist,1
bowden,1
oomom,1
clegg,1
named,1
warning,1
coordinates,1
becker,1
end,1
contemporary,1
distributions,1
smvomoo,1
parallel,1
oc,1
utilize,1
guineabissau,1
mustered,1
disadvantages,1
patterns,1
enough,1
surroundings,1
smu,1
ras,1
developing,1
seventeenth,1
tjc,1
compromising,1
nonmalarial,1
marginal,1
necessary,1
eg,1
til,1
rooovooooo,1
focusing,1
weaken,1
frequency,1
sarol,1
lts,1
behrman,1
fight,1
process,1
rsjp,1
able,1
koxt,1
entirety,1
gilks,1
lowbirthweight,1
accelerate,1
considering,1
waite,1
upon,1
john,1
regressor,1
contours,1
kvoofoon,1
slaves,1
iiiinpi,1
aggregated,1
js,1
enhanced,1
industrialized,1
sufficiently,1
clustered,1
canals,1
ioa,1
louis,1
top,1
unfortunately,1
bridget,1
rivers,1
assume,1
lillll,1
consortium,1
wt,1
net,1
swampy,1
assign,1
basel,1
examination,1
fitted,1
chosen,1
ucninr,1
deforestation,1
improvements,1
nevertheless,1
rouge,1
significance,1
ki,1
urbana,1
margaret,1
ooocoo,1
nco,1
fallacy,1
points,1
catabolic,1
onojo,1
rains,1
august,1
issn,1
defense,1
characterized,1
ny,1
played,1
tjt,1
stages,1
omdls,1
contributed,1
unintentionally,1
proximity,1
stimulation,1
abundant,1
noor,1
callated,1
airborne,1
ap,1
ncooo,1
educational,1
uscnorn,1
cs,1
oocomvo,1
ovo,1
insists,1
pmoo,1
overcome,1
ann,1
accordingly,1
excluded,1
hi,1
cerebral,1
implication,1
dekker,1
workshop,1
figures,1
revolution,1
saw,1
diabetes,1
connections,1
tttmoed,1
attention,1
concluded,1
applies,1
species,1
examines,1
unhealthier,1
harvest,1
tennessee,1
tommy,1
dysentery,1
countyor,1
farm,1
consists,1
ncn,1
tests,1
amanda,1
conscripted,1
oa,1
abundance,1
impairments,1
chances,1
alex,1
raise,1
sanitation,1
blossner,1
continued,1
george,1
shortest,1
science,1
usually,1
foreign,1
rtvovo,1
oooddo,1
plays,1
tm,1
threshold,1
alvarenga,1
randomly,1
deteriorating,1
guglielmo,1
male,1
inburden,1
slow,1
referred,1
excluding,1
concluding,1
ddotfd,1
force,1
began,1
returned,1
importantly,1
contribution,1
karlan,1
relevant,1
originated,1
pia,1
smallpox,1
ferrie,1
indicate,1
length,1
cpddd,1
diagnosis,1
floud,1
construction,1
cease,1
existed,1
oncncotfr,1
ikoon,1
zungu,1
aippsa,1
dead,1
get,1
itself,1
gathered,1
blurred,1
rises,1
quantitative,1
sections,1
acquired,1
impairing,1
suggestions,1
seriously,1
ned,1
senior,1
cnt,1
comes,1
series,1
llill,1
struck,1
detect,1
marcel,1
wanner,1
charles,1
besides,1
tnt,1
text,1
katana,1
alternative,1
nih,1
discharged,1
ttoo,1
know,1
midnineteenth,1
unavailable,1
deficiencies,1
ave,1
parassitologia,1
books,1
mercedes,1
neglected,1
contained,1
east,1
cautiously,1
sm,1
referees,1
best,1
ft,1
denoted,1
maitland,1
ph,1
cc,1
universal,1
obiero,1
foundation,1
losses,1
plague,1
magnified,1
rfr,1
ir,1
gas,1
omas,1
differed,1
chesapeake,1
past,1
works,1
person,1
viji,1
proxies,1
forecasts,1
stature,1
id,1
tenth,1
livingstone,1
william,1
suffering,1
unlikely,1
jean,1
explanations,1
morse,1
transmitted,1
month,1
unique,1
physiology,1
stability,1
selected,1
ones,1
males,1
add,1
pathogens,1
edinburgh,1
cnono,1
unestimatable,1
densities,1
contagions,1
appetite,1
require,1
migrations,1
produce,1
original,1
baten,1
typical,1
property,1
ovale,1
htf,1
urban,1
bacteria,1
size,1
ddddd,1
disability,1
fritzsche,1
tton,1
nj,1
researchers,1
dams,1
affecting,1
sea,1
ttiop,1
ensembles,1
became,1
rampant,1
bloom,1
dddddd,1
undermining,1
maputo,1
cpcntfd,1
com,1
iijtm,1
dw,1
alternating,1
manufacturing,1
impeding,1
families,1
disrupted,1
metabolic,1
maintained,1
definitions,1
ix,1
think,1
remarks,1
our,1
cp,1
suppressed,1
examinations,1
question,1
fred,1
francois,1
until,1
soncn,1
spring,1
survival,1
argument,1
fi,1
background,1
editor,1
reveals,1
cambridge,1
finding,1
decrease,1
nonlinear,1
mung,1
grant,1
hurt,1
hepatology,1
course,1
exceed,1
instead,1
cnppp,1
integrated,1
dense,1
define,1
iss,1
regular,1
hinder,1
voom,1
presenting,1
remains,1
anonymous,1
profits,1
supported,1
engerman,1
removing,1
mystery,1
countylevel,1
fera,1
debate,1
laria,1
create,1
civilian,1
jakobsen,1
df,1
spielman,1
gulf,1
ss,1
philippines,1
calories,1
infancy,1
premature,1
dos,1
compounding,1
gvooo,1
attendance,1
showed,1
race,1
close,1
occur,1
arizona,1
heterogeneous,1
householdwealth,1
