WORDCOUNTS,WEIGHT
the,279
of,234
in,132
and,112
percent,72
output,62
a,59
to,56
was,50
industrial,37
for,37
regional,36
by,31
s,31
italy,31
were,30
from,28
that,28
national,28
share,27
regions,27
its,25
as,25
employment,24
italian,24
per,23
this,23
south,22
not,22
growth,22
horsepower,22
northwest,21
it,20
installed,20
with,19
capita,19
industrialization,19
had,18
at,17
rate,17
only,17
estimates,17
on,17
total,16
industries,15
economic,15
sector,15
lombardy,15
i,14
which,14
than,14
shares,12
increased,12
labor,12
an,12
industry,12
most,11
my,11
great,11
gerschenkron,11
metallurgy,10
these,10
textile,10
more,10
did,10
campania,10
less,10
piedmont,10
surveys,10
or,9
there,9
liguria,9
spurt,9
about,8
all,8
pp,8
are,8
zamagni,8
other,8
veneto,8
those,8
industria,8
esposto,8
however,8
u,8
statistics,8
development,8
period,8
traditional,8
been,7
di,7
over,7
engineering,7
three,7
have,7
like,7
annual,7
one,6
united,6
is,6
first,6
sources,6
also,6
important,6
experienced,6
time,6
new,6
census,6
italia,6
distribution,6
data,6
used,6
statistica,6
average,6
their,6
states,6
century,6
tuscany,6
be,6
figures,6
table,5
expansion,5
they,5
included,5
same,5
but,5
four,5
two,5
experience,5
fenoaltea,5
concentrated,5
paper,5
see,5
historians,5
while,5
well,5
increase,5
manufacturing,5
workers,5
least,5
highest,5
between,5
can,5
much,5
rates,5
major,5
no,4
provide,4
e,4
large,4
many,4
index,4
history,4
istat,4
nineteenth,4
show,4
position,4
production,4
capital,4
areas,4
p,4
when,4
zone,4
late,4
population,4
has,4
disparities,4
region,4
significant,4
pattern,4
years,4
nearly,4
prices,4
manufacturers,4
few,4
early,4
saw,4
zones,4
therefore,3
bureau,3
higher,3
figure,3
emilia,3
outputs,3
force,3
countries,3
annali,3
britain,3
analysis,3
maic,3
roma,3
yet,3
vera,3
modern,3
under,3
quantitative,3
occurred,3
largest,3
aggregates,3
europe,3
country,3
five,3
efforts,3
different,3
textiles,3
half,3
differences,3
out,3
according,3
stock,3
giordano,3
industriale,3
produced,3
railways,3
provincial,3
because,3
equal,3
serie,3
vol,3
work,3
both,3
made,3
level,3
example,3
crafts,3
calabria,3
umbria,3
approximately,3
trend,3
della,3
employed,3
relative,3
decrease,3
product,3
around,3
perspective,3
often,3
iron,3
sectors,3
substantial,3
northwestern,3
we,3
economy,3
value,3
gross,3
occur,3
phases,2
final,2
f,2
triangle,2
led,2
sardinia,2
cottage,2
without,2
his,2
identified,2
located,2
claimed,2
top,2
indagine,2
widening,2
institutions,2
resided,2
alone,2
seen,2
emigrazione,2
detailed,2
stands,2
deindustrialize,2
indicates,2
proportion,2
after,2
germany,2
similar,2
grew,2
del,2
indicate,2
southern,2
study,2
methods,2
percentage,2
formed,2
second,2
moreover,2
nota,2
studies,2
meant,2
fifth,2
quantify,2
university,2
key,2
into,2
clearly,2
just,2
n,2
shrinking,2
gerschenkronian,2
steel,2
geographic,2
lower,2
based,2
way,2
lungonelli,2
followed,2
anemic,2
attempts,2
again,2
view,2
dc,2
sulle,2
each,2
greater,2
tra,2
outside,2
d,2
believe,2
capitalist,2
alexander,2
down,2
any,2
latium,2
abstract,2
ellena,2
fallen,2
end,2
subsequent,2
marches,2
almost,2
sectoral,2
big,2
behind,2
further,2
hand,2
though,2
increases,2
what,2
war,2
whether,2
terms,2
missaggia,2
case,2
particular,2
agriculture,2
italiane,2
ibid,2
information,2
some,2
statistiche,2
little,2
values,2
true,2
clear,2
extrapolated,2
reported,2
part,2
very,2
despite,2
goods,2
productivity,2
look,2
economies,2
measure,2
use,2
emigration,2
during,2
burocrazia,2
throughout,2
away,2
until,2
sicily,2
such,2
annuario,2
since,2
ufficiali,2
conditions,2
shortcomings,2
g,2
washington,2
good,2
relatively,2
industrializzazione,2
course,2
construct,2
instead,2
geographically,2
below,2
contrast,2
earlier,2
dell,2
apulia,2
measured,2
association,2
moved,2
annually,2
enough,2
article,2
artisan,2
rest,2
abruzzi,2
russia,2
lire,2
estimate,2
weight,2
up,2
alfredo,2
even,2
slightly,2
maddison,2
journal,2
censuses,2
benchmark,2
stagnated,2
looms,2
notes,2
should,2
evidence,2
la,2
stefano,2
seems,1
chronological,1
ypsilanti,1
european,1
void,1
divergence,1
does,1
now,1
partially,1
high,1
o,1
situation,1
proxy,1
me,1
backward,1
added,1
common,1
compensating,1
disaggregated,1
commune,1
fell,1
bulk,1
bring,1
giolittiana,1
unification,1
encompassed,1
doctoral,1
seventh,1
stood,1
rights,1
chemical,1
created,1
limited,1
movers,1
unit,1
parent,1
resident,1
levels,1
disproportionately,1
primarily,1
statisticians,1
meanwhile,1
who,1
fasciolo,1
sixteen,1
signaled,1
july,1
cole,1
above,1
dealt,1
granted,1
notably,1
handicraft,1
symmetry,1
pig,1
thirteen,1
developments,1
gli,1
transformation,1
importance,1
certain,1
center,1
american,1
factories,1
changes,1
special,1
lacking,1
construction,1
identify,1
lay,1
prime,1
repeats,1
existed,1
fall,1
list,1
implies,1
once,1
factors,1
usefully,1
composed,1
likely,1
segment,1
concentration,1
h,1
lagged,1
sullo,1
york,1
nor,1
dal,1
east,1
earliest,1
technology,1
brien,1
follower,1
place,1
protection,1
us,1
neither,1
periods,1
thesis,1
virtually,1
familiar,1
magnitude,1
home,1
aosta,1
storia,1
felice,1
before,1
k,1
represented,1
aspiring,1
exceptions,1
impact,1
lacked,1
result,1
series,1
conclusion,1
source,1
chief,1
al,1
fare,1
silk,1
w,1
materials,1
metals,1
age,1
department,1
predominantly,1
extensive,1
ph,1
being,1
lxv,1
picture,1
published,1
double,1
cotton,1
tries,1
stark,1
actually,1
wool,1
ministero,1
earthenwares,1
uniformly,1
text,1
backwardness,1
sweden,1
nazionale,1
sustained,1
sections,1
tariffs,1
dominant,1
comparison,1
power,1
fund,1
taken,1
economica,1
bilancio,1
verge,1
might,1
others,1
appear,1
promote,1
put,1
l,1
giovanna,1
addition,1
advanced,1
attempting,1
presents,1
stay,1
character,1
chemicals,1
expressed,1
editions,1
moving,1
worth,1
fact,1
december,1
shows,1
company,1
lack,1
limit,1
arrival,1
foodstuffs,1
constructing,1
bologna,1
leaders,1
tumultuous,1
appearance,1
torino,1
appendix,1
found,1
agree,1
thank,1
heavy,1
inappropriate,1
rarely,1
timing,1
wither,1
wave,1
producing,1
seven,1
enable,1
patrick,1
economics,1
industrializazzione,1
commercio,1
ministry,1
worker,1
arthur,1
number,1
survey,1
build,1
real,1
historical,1
examining,1
importantly,1
discussed,1
achieved,1
emerges,1
last,1
evident,1
patterns,1
took,1
growing,1
do,1
beginning,1
raised,1
reserved,1
furthermore,1
available,1
political,1
decreased,1
focused,1
engulf,1
mainly,1
market,1
michigan,1
within,1
developing,1
deteriorated,1
report,1
tools,1
rested,1
rose,1
selected,1
ed,1
ones,1
michele,1
references,1
confirm,1
basilicata,1
italiana,1
governmental,1
suspicions,1
japan,1
juxtaposed,1
year,1
esordi,1
vittorio,1
absolute,1
vehicles,1
eastern,1
acceleration,1
public,1
primary,1
topology,1
main,1
chapter,1
another,1
advisor,1
having,1
uneven,1
status,1
suggests,1
basis,1
analyzed,1
r,1
marked,1
accounting,1
problems,1
contain,1
situated,1
decreases,1
divided,1
studi,1
delferro,1
agricoltura,1
range,1
flaw,1
significantly,1
unweighted,1
emigrates,1
given,1
point,1
except,1
dominance,1
uncover,1
through,1
purpose,1
proportions,1
latecomer,1
eta,1
due,1
nation,1
along,1
confirms,1
basilica,1
angus,1
activity,1
ten,1
surprise,1
went,1
storici,1
prevailed,1
largely,1
modem,1
discussions,1
sign,1
clothing,1
regionspiedmont,1
diversity,1
maria,1
phenomenon,1
funded,1
maintained,1
aside,1
products,1
ranked,1
economists,1
including,1
reddito,1
london,1
recovery,1
million,1
hour,1
domination,1
continue,1
our,1
includes,1
occupied,1
armaments,1
comments,1
highlighted,1
producer,1
stagnation,1
rise,1
eight,1
ferro,1
nevertheless,1
shown,1
estimating,1
severe,1
spectrum,1
smallest,1
low,1
machineries,1
explorations,1
challenging,1
initial,1
remaining,1
gap,1
twentieth,1
tables,1
washing,1
ere,1
accounted,1
thus,1
wish,1
leatherworking,1
deindustrialized,1
issn,1
rivista,1
general,1
officials,1
david,1
include,1
commerce,1
typically,1
mirrored,1
describing,1
define,1
would,1
so,1
fill,1
lowest,1
declined,1
revolution,1
stage,1
excuse,1
extensively,1
collected,1
france,1
counted,1
turn,1
surprisingly,1
quite,1
cases,1
better,1
classification,1
ships,1
roughly,1
indices,1
woodworking,1
shops,1
fastest,1
diss,1
averaging,1
workshops,1
amount,1
back,1
although,1
highly,1
pioneering,1
employees,1
mining,1
distinctions,1
june,1
milling,1
sviluppo,1
six,1
mi,1
young,1
temple,1
research,1
inflicted,1
decline,1
c,1
compared,1
left,1
unchanged,1
reached,1
squilibri,1
helpful,1
always,1
managed,1
create,1
exclusively,1
drawn,1
extent,1
comsumption,1
grouped,1
flawless,1
northern,1
strong,1
north,1
recent,1
structured,1
reflected,1
appropriate,1
professional,1
influence,1
importer,1
ninth,1
small,1
perception,1
regionali,1
modernized,1
input,1
