WORDCOUNTS,WEIGHT
the,802
and,544
of,465
in,292
a,266
to,259
that,156
for,112
rothschild,100
was,96
on,95
were,93
by,92
s,90
debt,80
is,80
market,76
we,73
sovereign,72
with,71
as,68
from,65
they,64
not,61
at,59
bonds,59
p,59
had,55
london,54
issues,54
this,54
issue,51
but,49
financial,49
an,49
rothschilds,49
their,47
which,47
are,43
flandreau,42
have,42
n,41
or,41
investors,41
securities,40
it,39
no,39
intermediaries,38
percent,38
be,38
other,37
first,36
would,36
information,36
could,34
one,33
co,33
banks,33
there,32
vol,32
price,32
b,32
see,32
reputation,32
flores,31
university,31
bank,31
countries,31
gille,30
j,30
new,30
public,29
also,28
borrowers,28
goldschmidt,28
press,28
t,26
journal,26
when,26
prestigious,25
foreign,25
did,25
capital,24
international,24
american,23
history,23
sharp,23
two,23
underwriters,23
naples,23
barings,23
finance,23
if,22
bond,22
r,22
our,22
between,22
i,21
latin,21
good,21
brands,21
table,21
crisis,21
states,21
f,20
may,20
loan,20
power,20
about,20
figure,20
house,19
only,19
who,19
changes,19
brazil,19
cambridge,19
since,18
issued,18
markets,18
during,18
funds,17
economic,17
more,17
chapman,17
arrears,16
all,16
great,16
government,16
has,16
such,16
than,16
after,16
m,16
prices,16
governments,16
pp,16
period,16
exchange,16
banking,16
british,15
stock,15
bankers,15
paris,15
what,15
evidence,15
o,14
loans,14
risk,14
initial,14
because,14
underwritten,14
these,14
number,14
thomas,14
early,14
c,14
group,13
baring,13
century,13
neapolitan,13
how,13
where,13
underwriter,13
country,13
merchant,13
denmark,12
sources,12
case,12
de,12
peru,12
its,12
another,12
wilson,12
james,12
then,12
over,12
research,12
yield,12
political,11
fortune,11
g,11
so,11
performance,11
h,11
economics,11
asymmetries,11
up,11
world,11
value,11
second,11
business,11
article,11
britain,11
while,11
course,11
offerings,10
every,10
ipo,10
reasons,10
returns,10
portugal,10
america,10
spain,10
million,10
his,10
default,10
source,10
debts,10
various,10
return,10
security,10
wetenhall,10
bondholders,10
shows,10
man,10
do,10
stocks,10
herring,10
sell,10
investment,10
prussia,10
authors,10
provides,10
ordinary,10
historical,10
w,10
through,10
epitome,10
much,10
gold,10
does,9
nineteenth,9
kingdom,9
system,9
u,9
some,9
coupon,9
boom,9
york,9
costs,9
bad,9
democratic,9
well,9
managed,9
ziegler,9
same,9
ricardo,9
sixth,9
three,9
dawson,9
been,9
united,9
borrower,9
them,9
suggests,9
d,9
russia,9
large,8
studies,8
modern,8
lower,8
date,8
those,8
signal,8
thus,8
collapse,8
against,8
perspective,8
houses,8
higher,8
study,8
barclay,8
amsterdam,8
out,8
underpricing,8
contagion,8
basis,8
own,8
sons,8
edited,8
underwriting,8
advantage,8
time,8
borrowing,8
pricing,8
made,8
sold,8
archive,8
k,8
provide,8
global,8
lending,8
constitutional,8
both,8
weingast,8
argument,8
known,8
review,8
france,8
among,8
later,7
vienna,7
princeton,7
came,7
carter,7
neal,7
discount,7
cooperation,7
sussman,7
amount,7
l,7
similar,7
support,7
points,7
result,7
access,7
future,7
work,7
part,7
eichengreen,7
monopoly,7
emerging,7
involved,7
several,7
issuer,7
guide,7
oxford,7
complete,7
without,7
less,7
argues,7
fodor,7
use,7
change,7
defaults,7
spreads,7
can,7
greece,7
yafeh,7
la,7
ones,7
european,7
institutions,7
why,7
austria,7
share,7
argue,7
brothers,7
richardson,7
prestige,7
became,7
chile,7
finally,7
powles,7
problem,6
portuguese,6
commitment,6
e,6
kinder,6
hot,6
policy,6
editions,6
buenos,6
within,6
seminar,6
firm,6
september,6
ferguson,6
tomz,6
failed,6
geneva,6
certain,6
enabled,6
risks,6
morgan,6
edition,6
however,6
show,6
beyond,6
intermediary,6
failure,6
data,6
working,6
trading,6
order,6
emphasizes,6
computations,6
he,6
sponsored,6
competition,6
reports,6
french,6
aires,6
end,6
hand,6
model,6
going,6
open,6
amounts,6
earlier,6
ritter,6
standard,6
emphasized,6
defaulting,6
any,6
paper,6
december,6
report,6
theory,6
rating,6
des,6
careful,6
role,6
offered,6
point,6
rate,5
common,5
way,5
credibility,5
liquidity,5
before,5
test,5
mauro,5
capitalists,5
leading,5
take,5
state,5
account,5
marc,5
possible,5
politics,5
october,5
development,5
quality,5
carlos,5
constitutions,5
times,5
approval,5
third,5
y,5
even,5
incentives,5
importance,5
consider,5
speculators,5
deal,5
banker,5
commitments,5
gains,5
claim,5
year,5
haldimand,5
characteristics,5
parliament,5
method,5
actions,5
will,5
therefore,5
april,5
selection,5
rules,5
caveat,5
under,5
guatemala,5
insights,5
again,5
many,5
nathan,5
relevant,5
free,5
day,5
success,5
harvard,5
previous,5
trade,5
payment,5
relation,5
contracts,5
note,5
seen,5
mimeo,5
months,5
jenks,5
quotes,5
sustained,5
ran,5
control,5
migration,5
ratio,5
current,5
quoted,5
according,5
terms,5
secure,5
conclude,5
measure,5
firms,5
national,5
include,5
although,5
association,5
strong,5
north,5
recent,5
should,5
archives,4
names,4
groups,4
corporate,4
cours,4
ma,4
mexican,4
bias,4
decade,4
contractor,4
bubble,4
v,4
total,4
parliamentary,4
taken,4
might,4
principles,4
secondary,4
monitor,4
listing,4
subsequent,4
last,4
existence,4
historians,4
money,4
colombia,4
etc,4
invited,4
events,4
regarding,4
doubleday,4
rentes,4
portes,4
columbia,4
find,4
seal,4
instruments,4
main,4
developed,4
process,4
probability,4
à,4
form,4
reason,4
emergence,4
clearly,4
contemporaries,4
too,4
most,4
suggested,4
view,4
globalization,4
included,4
rule,4
found,4
fry,4
poyais,4
nonrothschild,4
literature,4
bordo,4
platt,4
jo,4
call,4
carey,4
hullett,4
least,4
suggest,4
cassis,4
uninformed,4
cfb,4
around,4
highly,4
observe,4
decline,4
essentially,4
buy,4
provided,4
critical,4
esteves,4
action,4
zumer,4
make,4
hidy,4
selling,4
place,4
participants,4
rockoff,4
leader,4
others,4
available,4
took,4
competitors,4
effets,4
rogoff,4
governance,4
buist,4
traded,4
emphasize,4
ibid,4
like,4
spread,4
mexico,4
never,4
problems,4
computed,4
structure,4
institution,4
delong,4
rise,4
sometimes,4
bulow,4
begin,4
select,4
hope,4
transferring,4
chemmamur,4
following,4
agents,4
regime,4
here,4
worth,4
down,4
bourse,4
very,4
february,4
turned,4
economy,4
reputations,4
making,4
manaster,4
tried,4
insolvency,4
years,4
broker,4
offer,4
settling,4
costeloe,4
spes,4
archival,4
era,4
given,4
doing,4
final,3
repay,3
now,3
customers,3
fletcher,3
extreme,3
expect,3
larry,3
prime,3
library,3
brazilian,3
committee,3
necessarily,3
into,3
shares,3
different,3
lenders,3
du,3
subscription,3
huth,3
consistent,3
else,3
long,3
production,3
military,3
investments,3
england,3
nature,3
containing,3
cortes,3
hoffman,3
rich,3
follows,3
graham,3
papers,3
primary,3
discuss,3
distributing,3
richard,3
barry,3
say,3
along,3
supersanctions,3
hazard,3
guildhall,3
campbell,3
lombard,3
tables,3
interest,3
régime,3
strategic,3
rank,3
ct,3
fees,3
fulford,3
contracting,3
mechanism,3
recognized,3
remain,3
whether,3
brand,3
fulghieri,3
beatty,3
wynne,3
organization,3
organized,3
polanyi,3
followed,3
conditional,3
helped,3
providing,3
standards,3
based,3
introduce,3
mitchener,3
marichal,3
emerge,3
late,3
informed,3
cannot,3
boosey,3
universidad,3
january,3
silver,3
gorton,3
brought,3
stake,3
loughnan,3
used,3
disraeli,3
reflect,3
participate,3
logue,3
wildcat,3
commerçables,3
monetary,3
successful,3
level,3
revolution,3
next,3
contrast,3
insurance,3
june,3
concerns,3
transfer,3
atomistic,3
tended,3
annual,3
weiss,3
results,3
paid,3
sanctions,3
issuers,3
wilsons,3
ancien,3
corporation,3
forward,3
commit,3
andj,3
allen,3
frankfort,3
percentage,3
outperform,3
interpretation,3
creditors,3
management,3
puzzle,3
sustainable,3
schultz,3
quotations,3
street,3
lewis,3
name,3
frederick,3
added,3
fact,3
mintz,3
contemporary,3
venture,3
imperfect,3
simple,3
learn,3
manner,3
suzuki,3
gives,3
status,3
credit,3
compendia,3
enormous,3
looking,3
empirical,3
began,3
congress,3
actual,3
partisan,3
described,3
weidenmier,3
low,3
ipos,3
moral,3
discussed,3
failures,3
held,3
general,3
individual,3
someone,3
high,3
stages,3
ended,3
administrative,3
metternich,3
lose,3
megginson,3
obrien,3
diamond,3
probably,3
capitalism,3
relative,3
attention,3
window,3
continued,3
using,3
independence,3
yale,3
juan,3
deals,3
macgregor,3
mosley,3
ouvrard,3
school,3
material,3
conclusion,3
summerhill,3
demonstrate,3
borrow,3
issuing,3
der,3
singh,3
know,3
excess,3
each,3
domestic,3
eventually,3
iii,3
losses,3
equilibrium,3
offering,3
consols,3
sunk,3
extent,3
danish,3
ex,3
conference,3
nj,3
son,3
went,3
bargaining,3
formation,3
until,3
average,3
argentina,3
borchard,3
themselves,3
charged,3
dark,3
views,3
substantial,3
instance,3
comparable,3
cross,3
increase,3
miller,2
housekeeping,2
go,2
ja,2
prefer,2
faced,2
giorgio,2
intriguing,2
asset,2
qn,2
becoming,2
center,2
settlements,2
rosenau,2
identify,2
likely,2
true,2
english,2
liabilities,2
ways,2
rewards,2
mit,2
collection,2
defaulted,2
lindert,2
occurred,2
hayes,2
po,2
causes,2
variety,2
credibly,2
my,2
experience,2
being,2
said,2
wrong,2
frankfurt,2
chaire,2
subscribed,2
ii,2
rested,2
switzerland,2
words,2
attractive,2
together,2
appendix,2
liverpool,2
able,2
damage,2
trouble,2
precisely,2
rui,2
somewhat,2
purchasers,2
side,2
madrid,2
correlated,2
tenders,2
king,2
advice,2
messengers,2
histoire,2
auction,2
retain,2
installment,2
purchases,2
occurring,2
jeff,2
except,2
canning,2
sent,2
guano,2
behavior,2
framework,2
ibbotson,2
exist,2
winning,2
defaulters,2
centralized,2
includes,2
razaghian,2
sylla,2
difficulties,2
run,2
professor,2
mispricing,2
agent,2
ability,2
needed,2
expected,2
cases,2
elements,2
underlying,2
veto,2
highest,2
holds,2
agency,2
served,2
minus,2
argentine,2
left,2
monopolization,2
compare,2
explore,2
look,2
landes,2
competitive,2
shroders,2
perfect,2
vantage,2
finances,2
lesser,2
behave,2
operation,2
poor,2
authority,2
escaped,2
fenn,2
whose,2
hamburg,2
rather,2
bring,2
checks,2
predictably,2
repayment,2
johnston,2
represented,2
signaled,2
benjamin,2
assuming,2
special,2
gratefully,2
references,2
ij,2
send,2
favor,2
droz,2
escape,2
acquisition,2
rumors,2
partnership,2
ensure,2
wanted,2
statistical,2
branch,2
just,2
suspend,2
ministers,2
ferns,2
care,2
important,2
royal,2
root,2
incomplete,2
lead,2
lyonnais,2
blamed,2
volatility,2
six,2
called,2
typical,2
strongly,2
monitoring,2
reactionary,2
punishment,2
big,2
further,2
occupation,2
exactly,2
let,2
shrôder,2
recently,2
criterion,2
russell,2
required,2
custodiet,2
payer,2
line,2
zeitung,2
reid,2
carosso,2
outperformed,2
preferred,2
example,2
reserve,2
revealed,2
ten,2
got,2
genuine,2
q,2
consistently,2
database,2
policies,2
collective,2
denominated,2
relevance,2
noted,2
irving,2
corollary,2
haven,2
sutton,2
sterling,2
glitter,2
trends,2
bazett,2
approach,2
scrip,2
specie,2
below,2
lowest,2
box,2
le,2
banknotes,2
amounted,2
crédit,2
philip,2
credible,2
fully,2
commission,2
kehr,2
gunboat,2
grateful,2
monarchy,2
longer,2
incumbent,2
purchasing,2
avoid,2
lend,2
periods,2
south,2
lizardi,2
intermediation,2
led,2
adhering,2
situation,2
architecture,2
happy,2
located,2
limited,2
play,2
successes,2
gilbart,2
faulhaber,2
acknowledged,2
above,2
pashas,2
intervention,2
surviving,2
indicates,2
comments,2
southern,2
put,2
decisions,2
positive,2
once,2
screen,2
buckle,2
reference,2
meanwhile,2
preussichen,2
arrangements,2
makes,2
lemon,2
happened,2
serve,2
us,2
favorable,2
earned,2
home,2
monnypenny,2
perspectives,2
light,2
rising,2
wright,2
already,2
department,2
operations,2
payments,2
published,2
inference,2
quis,2
tombstone,2
deterred,2
law,2
similarly,2
backed,2
rock,2
addition,2
lacked,2
michaely,2
idea,2
deterioration,2
across,2
choice,2
really,2
variation,2
identical,2
reilly,2
serious,2
external,2
men,2
intervene,2
increases,2
accepted,2
michael,2
riley,2
necessary,2
origin,2
volatile,2
installments,2
degree,2
private,2
understanding,2
mean,2
discussion,2
background,2
easier,2
vizcarra,2
limitations,2
including,2
louis,2
bust,2
entirely,2
rescue,2
glyn,2
wildcats,2
chosen,2
full,2
roberts,2
exports,2
crises,2
clear,2
transformation,2
agreement,2
diplomats,2
feasible,2
started,2
minister,2
federal,2
japanese,2
premium,2
kept,2
forms,2
faith,2
systems,2
commerce,2
become,2
overcome,2
deluge,2
effect,2
story,2
present,2
looked,2
attracted,2
macmillan,2
saw,2
fee,2
decision,2
things,2
panel,2
suggestion,2
relying,2
triangles,2
relationship,2
sustainability,2
today,2
raise,2
wisdom,2
tm,2
cn,2
wiener,2
dec,2
predict,2
lost,2
autopsy,2
effectively,2
contribution,2
ch,2
recognize,2
life,2
maison,2
responsible,2
analysis,2
lipson,2
existed,2
paying,2
meant,2
stable,2
door,2
mortimer,2
claims,2
bimetallism,2
shaw,2
wars,2
authorities,2
heavy,2
associated,2
stasavage,2
chowdry,2
bidders,2
extensive,2
accounts,2
entry,2
falconet,2
funding,2
sciences,2
offers,2
alternative,2
convertibility,2
set,2
paolo,2
tj,2
principle,2
suggestions,2
setting,2
printed,2
half,2
alternatively,2
nicolle,2
ar,2
perfectly,2
rely,2
winkler,2
euronext,2
fitted,2
places,2
realize,2
chicago,2
reign,2
interwar,2
means,2
selected,2
involvement,2
dwyer,2
series,2
mere,2
axis,2
mathew,2
announcements,2
distribution,2
foundations,2
appetite,2
argued,2
extract,2
junk,2
require,2
almost,2
listed,2
episode,2
boston,2
bought,2
presented,2
occasionally,2
frédéric,2
corti,2
sheer,2
introduced,2
certification,2
techniques,2
conversely,2
coins,2
gain,2
coming,2
uk,2
prepared,2
come,2
buying,2
shown,2
models,2
cycle,2
finding,2
numerous,2
opens,2
contributed,2
rosenthal,2
typically,2
upon,2
signalling,2
need,2
meiji,2
measured,2
morgans,2
charles,2
rest,2
gibbs,2
enterprise,2
abroad,2
focus,2
observed,2
ca,2
close,2
major,2
occur,2
desirable,1
frequent,1
riskier,1
difficult,1
margins,1
nber,1
clippings,1
tuning,1
deter,1
convergence,1
fineness,1
horizontal,1
implemented,1
concerned,1
investing,1
internationals,1
created,1
compensate,1
encouraged,1
judging,1
career,1
ignore,1
interventions,1
profitability,1
euphoria,1
determine,1
internationales,1
measures,1
unwin,1
alone,1
introduction,1
gem,1
pushed,1
berlin,1
everybody,1
forcing,1
minutes,1
shocks,1
mortgage,1
sirte,1
tattara,1
denied,1
auctioning,1
confidence,1
imperfection,1
atlanta,1
entries,1
precede,1
merged,1
overprice,1
formed,1
services,1
picking,1
protection,1
moniteur,1
reintroduction,1
shortfall,1
monthly,1
discounts,1
flows,1
douglass,1
considerations,1
spirit,1
devices,1
allies,1
kew,1
laid,1
deliveries,1
holding,1
observing,1
incentive,1
booms,1
equity,1
chased,1
remedy,1
something,1
jobst,1
meaningless,1
persuade,1
burokratie,1
leads,1
thursday,1
negative,1
reputational,1
member,1
forgive,1
sponsoring,1
widens,1
coupons,1
stabilization,1
revisited,1
rivals,1
complained,1
norbert,1
exclusive,1
recall,1
implications,1
give,1
prospectuses,1
concentrated,1
vols,1
brien,1
arrival,1
annualized,1
rare,1
articulate,1
emerged,1
funerals,1
taking,1
aldo,1
departure,1
grandfather,1
definition,1
gary,1
best,1
unpopular,1
alexander,1
europe,1
individuals,1
broadly,1
seller,1
differences,1
accumulated,1
imaginary,1
consular,1
exotic,1
franc,1
shot,1
borne,1
gregor,1
verbal,1
incident,1
xiii,1
amschel,1
closer,1
reveal,1
entered,1
shelves,1
volunteered,1
consol,1
nil,1
roosevelt,1
fresh,1
analogue,1
faithful,1
niall,1
mr,1
tv,1
reserved,1
principal,1
displayed,1
towered,1
verona,1
profitable,1
reading,1
sheet,1
numéraire,1
infection,1
stopped,1
context,1
majnoni,1
triggered,1
notoriously,1
expedition,1
occasional,1
governmental,1
yishay,1
dearth,1
suspect,1
sophisticated,1
badly,1
pilar,1
adopts,1
adverse,1
correspondents,1
draw,1
right,1
march,1
offset,1
reminder,1
zur,1
financing,1
anticipation,1
placement,1
catroand,1
holtfrerich,1
enforcement,1
fl,1
pretend,1
establishing,1
powers,1
reduce,1
fluctuation,1
move,1
driver,1
obvious,1
fine,1
variations,1
x,1
far,1
panic,1
liberal,1
bottom,1
chart,1
apply,1
compares,1
representing,1
correlation,1
irrational,1
atm,1
primat,1
sardinian,1
unhappy,1
beneath,1
lars,1
eroded,1
impartial,1
says,1
split,1
harold,1
controlled,1
succeed,1
relies,1
distributed,1
retaining,1
therein,1
apex,1
hazards,1
merchants,1
veracity,1
explained,1
eventual,1
redeemed,1
severe,1
proportionate,1
inner,1
arno,1
illustrates,1
sustain,1
claredon,1
reported,1
realized,1
unpublished,1
scarce,1
remorse,1
dynamic,1
neighbors,1
collapsed,1
basingstoke,1
relatively,1
absolved,1
raises,1
portray,1
occurs,1
spot,1
jeremy,1
walter,1
grouped,1
conducted,1
tied,1
quantitative,1
rapoport,1
cadiz,1
employing,1
reproduced,1
pay,1
topic,1
dick,1
accelerating,1
forced,1
interprets,1
kind,1
contagious,1
turn,1
hold,1
nelson,1
merely,1
speculative,1
anarchy,1
chilean,1
crosses,1
nicholson,1
concerning,1
intercourse,1
asterisk,1
back,1
ante,1
architect,1
body,1
machines,1
honesty,1
restrict,1
flawed,1
young,1
gauge,1
displeasure,1
ticket,1
diplomatic,1
guardian,1
cohen,1
twice,1
chap,1
ideal,1
estimate,1
thin,1
vanish,1
helpful,1
lorsque,1
theoreticians,1
weight,1
vincent,1
underperform,1
apparently,1
oksendal,1
stays,1
fruhling,1
leadership,1
fellow,1
renege,1
rewarded,1
immunity,1
acted,1
lender,1
footed,1
stanley,1
rates,1
gomez,1
conditionally,1
van,1
rights,1
proverb,1
opposed,1
underpriced,1
interesting,1
adequate,1
cheat,1
foule,1
grille,1
hopes,1
hulett,1
smidt,1
examine,1
act,1
statements,1
mattered,1
stricter,1
managing,1
absent,1
impetus,1
generations,1
adds,1
blames,1
angeles,1
edward,1
renegotiation,1
influential,1
mitigates,1
afterwards,1
explicit,1
fascinating,1
revenues,1
capture,1
notion,1
knew,1
reinhart,1
deliberately,1
push,1
dealt,1
tel,1
edwin,1
proportion,1
resume,1
persistent,1
connected,1
sponsor,1
inconsistent,1
adjustments,1
variant,1
direct,1
parts,1
noguèsmarco,1
earl,1
danger,1
powerhouse,1
lay,1
lth,1
reforms,1
trento,1
crise,1
factors,1
primer,1
satellites,1
motivation,1
gathering,1
giuseppe,1
settled,1
finer,1
funeral,1
underprice,1
facilitated,1
stand,1
maiden,1
possibly,1
signed,1
sorts,1
established,1
imposing,1
benefits,1
spreading,1
serviced,1
dated,1
mistakes,1
proved,1
section,1
underlines,1
congregate,1
former,1
air,1
constrain,1
numbers,1
articulated,1
add,1
surpassing,1
differs,1
profile,1
threat,1
prevent,1
solid,1
age,1
milan,1
cashed,1
experienced,1
superior,1
recovered,1
additional,1
prussian,1
encouragement,1
follow,1
olivier,1
shed,1
cost,1
comparing,1
signaling,1
oliveira,1
victorian,1
shifted,1
event,1
equities,1
hit,1
opinion,1
constitution,1
dc,1
conflicts,1
veil,1
opponents,1
whereas,1
greater,1
yielding,1
uses,1
assets,1
whom,1
archivists,1
complications,1
walk,1
allow,1
brookings,1
iniquity,1
declined,1
antithetic,1
unorganized,1
histories,1
burgomaster,1
conservative,1
plot,1
mandate,1
flanders,1
exuberance,1
centers,1
patrick,1
monopolist,1
circa,1
couriers,1
captured,1
governing,1
egypt,1
none,1
term,1
embedded,1
academic,1
infrastructures,1
handbook,1
intervening,1
furthermore,1
supporters,1
understood,1
equal,1
signalled,1
rent,1
war,1
promoters,1
dropped,1
debase,1
bullion,1
appears,1
companies,1
syndication,1
meet,1
purchased,1
excellent,1
scale,1
record,1
ignorance,1
extrapolation,1
representatives,1
absolute,1
approached,1
facilities,1
enough,1
died,1
ficquelmont,1
creates,1
possibility,1
verbally,1
huge,1
criteria,1
receive,1
outstanding,1
weidenfeld,1
goschen,1
having,1
participation,1
supplanted,1
musaccio,1
closed,1
network,1
douglas,1
implement,1
beaconsfleld,1
received,1
externalities,1
industrial,1
reader,1
coping,1
prominent,1
fared,1
bignon,1
hillel,1
civil,1
readjustments,1
knowledge,1
calls,1
secret,1
related,1
hambros,1
equivalent,1
irish,1
positions,1
caught,1
restructuring,1
loss,1
whole,1
gave,1
kindly,1
fit,1
corrupt,1
frieden,1
jai,1
calculating,1
people,1
keep,1
actually,1
rocked,1
details,1
winter,1
device,1
popular,1
focuses,1
away,1
cry,1
riding,1
overseas,1
ultimately,1
bidding,1
predominance,1
bid,1
won,1
interpreted,1
league,1
holy,1
heinemann,1
commerçâmes,1
graduate,1
weeks,1
heuristic,1
shortcomings,1
either,1
preceded,1
solution,1
ratios,1
unsold,1
indicator,1
correct,1
caused,1
hard,1
solvency,1
chateaubriand,1
responsibility,1
cold,1
macedo,1
ambassador,1
tom,1
stage,1
reliable,1
involve,1
broz,1
hired,1
balances,1
discredit,1
owned,1
midst,1
settlement,1
submit,1
family,1
sole,1
small,1
few,1
republics,1
mediocre,1
choose,1
alleviate,1
shockingly,1
depression,1
industry,1
miserably,1
subsided,1
trusts,1
choosing,1
distinguished,1
usual,1
reverberate,1
foremost,1
vein,1
beacon,1
coordinate,1
st,1
spurious,1
proper,1
describes,1
und,1
distinguishing,1
notes,1
biirokratie,1
normalized,1
cheating,1
reducing,1
activities,1
invest,1
society,1
wield,1
clientele,1
transforming,1
meaningfully,1
aurora,1
responsibly,1
horizons,1
tasks,1
furnished,1
genesis,1
sisct,1
westport,1
excludes,1
request,1
observations,1
nonetheless,1
territorial,1
gurney,1
shrôeder,1
fractal,1
fortunately,1
identified,1
spell,1
logically,1
giving,1
separation,1
overlapped,1
mechanisms,1
short,1
wrote,1
indeed,1
focal,1
service,1
comparative,1
tempted,1
competitively,1
wait,1
oversight,1
underdevelopment,1
constraints,1
cared,1
fixture,1
converted,1
july,1
still,1
judgment,1
harry,1
manifest,1
railway,1
yiddish,1
initially,1
relaxed,1
simultaneously,1
aligned,1
complicity,1
single,1
illuminating,1
frank,1
repression,1
flux,1
cheap,1
relied,1
yet,1
cazenove,1
hugh,1
opportunities,1
coverage,1
represents,1
switching,1
marginal,1
thought,1
kluwer,1
martins,1
counterparts,1
subservient,1
message,1
borrowed,1
formally,1
zurich,1
index,1
contractors,1
clarified,1
marginally,1
summarizes,1
processing,1
constant,1
quern,1
editorial,1
une,1
clothing,1
assistance,1
cried,1
khedari,1
pioneered,1
lord,1
performed,1
efforts,1
formalized,1
deliver,1
experiment,1
robust,1
nineteenthcentury,1
earns,1
vermont,1
enforce,1
seasoned,1
regional,1
sealed,1
picture,1
sketch,1
considers,1
declining,1
chose,1
chagrin,1
dire,1
successfully,1
discussions,1
movements,1
suit,1
unsustainable,1
stated,1
readjustment,1
renewed,1
fundamental,1
toll,1
five,1
anecdotal,1
lund,1
naive,1
outside,1
lack,1
underwrote,1
effingham,1
praeger,1
aldershot,1
head,1
abstain,1
pressure,1
striking,1
clarendon,1
abstract,1
solidity,1
clerks,1
disturbed,1
embryo,1
reasoning,1
enable,1
break,1
shipley,1
foreigner,1
associates,1
understandable,1
indemnity,1
john,1
wehler,1
navy,1
crumbled,1
segmentation,1
youssef,1
pattern,1
feedback,1
microéconomique,1
remark,1
honor,1
aviv,1
patterns,1
readers,1
behind,1
stuff,1
clemens,1
recontracting,1
thank,1
ground,1
journalists,1
ironically,1
centre,1
standarding,1
crash,1
refrain,1
empire,1
bets,1
income,1
non,1
karl,1
answer,1
tell,1
strategies,1
informally,1
stirred,1
chemmanur,1
practice,1
ahead,1
maturity,1
agencies,1
simplicity,1
showing,1
perhaps,1
tiny,1
remarked,1
books,1
guarantees,1
style,1
fundamentals,1
weakly,1
stanford,1
doctors,1
centralization,1
iil,1
compete,1
encountered,1
panics,1
anticipate,1
remained,1
lags,1
antony,1
original,1
mills,1
demonstrated,1
horizon,1
envelopes,1
exploring,1
meaningful,1
clients,1
incidence,1
survive,1
considering,1
observable,1
treated,1
alliance,1
eighteenth,1
bear,1
formal,1
robustness,1
scatter,1
previously,1
montevideo,1
clustered,1
ruthless,1
identity,1
concern,1
ugolini,1
forgot,1
assumption,1
hooper,1
factor,1
shopping,1
shades,1
satisfactorily,1
institutional,1
evolution,1
methodology,1
trend,1
portfolios,1
recovery,1
real,1
contrarian,1
eligible,1
nothing,1
examination,1
trust,1
option,1
california,1
theories,1
nevertheless,1
monopolize,1
theoretical,1
involves,1
tort,1
counteroffers,1
rejected,1
helpless,1
passim,1
accessed,1
reality,1
coffee,1
emphasizing,1
adding,1
communicated,1
restraint,1
language,1
feature,1
safety,1
odious,1
peter,1
logic,1
interpret,1
august,1
issn,1
accominotti,1
starring,1
allowed,1
bradford,1
syndicated,1
foundered,1
function,1
summer,1
plant,1
winner,1
risen,1
collected,1
ratings,1
revolves,1
amorphous,1
commons,1
abundant,1
glynn,1
anybody,1
quick,1
decide,1
venezia,1
favored,1
carlson,1
shannon,1
especially,1
labels,1
oecd,1
internal,1
trying,1
mining,1
parallel,1
often,1
handsomely,1
narrow,1
respectively,1
compute,1
vulgarly,1
nobody,1
excluded,1
enjoyed,1
undemocratic,1
tripped,1
henry,1
postwar,1
usa,1
looks,1
unige,1
dominance,1
mees,1
slide,1
workshop,1
versus,1
jerry,1
stick,1
ago,1
financiers,1
betting,1
instalments,1
hedge,1
competed,1
brown,1
ajai,1
reluctant,1
performing,1
mss,1
stands,1
increasing,1
compendium,1
suspects,1
ranging,1
dealing,1
boards,1
trustees,1
yields,1
twelve,1
tests,1
choosy,1
imply,1
circle,1
bureau,1
lot,1
independent,1
tailed,1
george,1
mixture,1
science,1
kenneth,1
whig,1
domains,1
gaillard,1
colombian,1
syndicates,1
plays,1
claimed,1
abject,1
prudent,1
employment,1
vague,1
validity,1
contraction,1
inside,1
vertical,1
recognizes,1
becomes,1
exceptional,1
temin,1
detailed,1
exchangealley,1
lawrence,1
helten,1
los,1
executive,1
linking,1
inspired,1
methods,1
implementing,1
dans,1
expectations,1
hierarchical,1
fall,1
grade,1
frontier,1
athlone,1
respect,1
drafted,1
types,1
centuries,1
exists,1
instances,1
get,1
imperialism,1
suspending,1
face,1
unusual,1
longman,1
gathered,1
arbitrage,1
graduateinstitute,1
earliest,1
matters,1
plus,1
dissertation,1
sections,1
acquired,1
undertook,1
assistant,1
contained,1
dependable,1
thinking,1
counterf,1
gryuter,1
hierarchy,1
lessons,1
sorting,1
comes,1
protect,1
mentioned,1
forget,1
must,1
reverberated,1
predictions,1
ever,1
invoked,1
theme,1
gunboats,1
detail,1
precise,1
frightening,1
specific,1
supported,1
compensates,1
carl,1
cover,1
downfall,1
outcome,1
supposed,1
dominated,1
refused,1
bertrand,1
arve,1
par,1
routledge,1
rilev,1
jorge,1
rechtaats,1
adjudication,1
believe,1
albeit,1
referees,1
disaster,1
contextual,1
leaders,1
supremacy,1
restrictive,1
microeconomics,1
capie,1
collateralized,1
sellers,1
post,1
underwrite,1
dramatic,1
carmen,1
universel,1
presumably,1
collins,1
exhaustive,1
goods,1
separating,1
reflected,1
unaccountable,1
pictures,1
past,1
disputes,1
ascendancy,1
works,1
frederik,1
salomon,1
knows,1
william,1
born,1
thanked,1
unanimous,1
rests,1
explanations,1
avowed,1
proceedings,1
bailout,1
transfers,1
auctions,1
idem,1
implicit,1
list,1
insistence,1
want,1
cause,1
particular,1
lottery,1
fictitious,1
austrian,1
storm,1
identiiied,1
manias,1
writes,1
novelty,1
surveying,1
transaction,1
woodward,1
institute,1
studying,1
imperial,1
oo,1
balance,1
batches,1
emphasis,1
swindles,1
upper,1
ambitious,1
size,1
cluster,1
translated,1
derived,1
autocratic,1
burden,1
researchers,1
outline,1
apparatus,1
joaquim,1
bd,1
economist,1
os,1
maneuvering,1
met,1
affecting,1
decisive,1
plummeted,1
city,1
content,1
innenpolitik,1
unaffected,1
easy,1
concessions,1
williamson,1
infamous,1
turns,1
step,1
cash,1
assumptions,1
rash,1
bimetallic,1
contribute,1
unseasoned,1
levich,1
policymakers,1
impeding,1
appointed,1
colonial,1
phenomenon,1
challenges,1
ups,1
abstained,1
behaved,1
think,1
tranches,1
proceeds,1
robertson,1
entrants,1
enthusiasm,1
layers,1
emptor,1
lists,1
birth,1
difference,1
ignored,1
generate,1
initiated,1
contract,1
twentieth,1
commonality,1
diminished,1
washington,1
grant,1
latecomers,1
braga,1
aware,1
mode,1
origines,1
sat,1
defeat,1
parallels,1
applicable,1
dessoulavy,1
instead,1
integrated,1
suffers,1
unloaded,1
consolidated,1
fiscal,1
certificate,1
constructed,1
elgar,1
opinions,1
staying,1
smaller,1
giovanni,1
willingness,1
effects,1
upfront,1
defined,1
tellingly,1
off,1
locate,1
repeat,1
burdens,1
surge,1
respective,1
restored,1
vi,1
observation,1
insider,1
besides,1
forrest,1
assumed,1
withdrew,1
compounded,1
mediocrity,1
mystery,1
kris,1
priced,1
reached,1
partial,1
disrupting,1
uncertainty,1
asymmetry,1
predictable,1
lisbon,1
interaction,1
arose,1
develop,1
benchmark,1
duration,1
mature,1
behaves,1
resembled,1
meeting,1
signals,1
stefano,1
gollancz,1
super,1
owns,1
retention,1
labelling,1
perpetual,1
continuously,1
hypothesis,1
