WORDCOUNTS,WEIGHT
the,269
of,193
and,110
to,105
coal,92
in,85
wagons,82
a,73
on,55
costs,44
by,43
p,42
that,40
for,39
would,35
small,30
from,29
were,29
this,28
was,27
at,26
percent,26
be,25
railway,23
wagon,23
s,23
british,23
which,23
it,22
van,21
private,21
industry,21
as,21
vleck,20
cost,20
rail,20
is,19
with,19
kingdom,19
freight,19
transport,19
royal,18
railways,18
commission,17
an,17
pp,16
their,15
these,15
system,15
per,14
not,14
more,14
traffic,13
united,13
no,12
britain,12
only,12
capacity,12
shunting,12
than,12
principal,11
operating,11
number,11
even,11
factors,10
economic,10
or,10
had,10
but,10
scott,10
have,10
if,9
they,9
scmt,9
could,9
there,9
road,9
however,9
london,9
merchants,9
savings,9
around,9
estimated,8
estimate,8
history,8
also,8
report,8
saving,8
while,8
increase,8
general,8
weight,8
ownership,8
journal,8
may,7
demand,7
large,7
increased,7
any,7
are,7
volume,7
evidence,7
capital,7
haulage,7
stock,7
pooling,7
both,7
its,7
thus,7
average,7
brakes,7
mss,7
reduced,6
comment,6
installed,6
return,6
congestion,6
ofthe,6
standing,6
efficiency,6
committee,6
lower,6
additional,6
collieries,6
economics,6
base,6
delivering,6
reduction,6
use,6
mt,6
high,6
bagwell,6
depots,6
given,6
eb,6
therefore,5
rather,5
represented,5
introduction,5
about,5
earnings,5
into,5
total,5
over,5
greater,5
household,5
interrelatedness,5
further,5
those,5
see,5
larger,5
network,5
used,5
little,5
investment,5
tons,5
made,5
times,5
distribution,5
owned,5
involved,5
much,5
burtt,5
relative,5
reducing,5
increasing,4
frictional,4
various,4
trains,4
l,4
been,4
privately,4
arising,4
overall,4
proportion,4
direct,4
cd,4
one,4
analysis,4
table,4
under,4
university,4
share,4
note,4
most,4
long,4
minerals,4
journey,4
all,4
union,4
many,4
working,4
planning,4
fact,4
train,4
bobtailed,4
political,4
centre,4
according,4
tare,4
interwar,4
empty,4
problem,4
stations,4
some,4
possible,4
backwardness,4
vieck,4
periods,4
reassessing,4
during,4
throughout,4
national,4
charges,4
comprehensive,4
d,4
peter,4
maintenance,4
least,4
allowed,4
period,4
mineral,4
silly,4
third,4
enterprise,4
technological,4
mrc,4
grease,4
carried,3
speeds,3
raise,3
she,3
main,3
limited,3
dec,3
calculation,3
tento,3
still,3
after,3
minutes,3
assuming,3
contributing,3
h,3
expenditure,3
technology,3
fixed,3
infrastructure,3
continuous,3
w,3
must,3
department,3
technical,3
first,3
t,3
gazette,3
here,3
statistical,3
entailed,3
receipts,3
stated,3
rapid,3
shipment,3
each,3
nature,3
result,3
based,3
other,3
rolling,3
down,3
great,3
typical,3
very,3
considerable,3
i,3
serious,3
particularly,3
existing,3
papers,3
storage,3
companies,3
less,3
parkhouse,3
has,3
her,3
weights,3
engine,3
marshaling,3
ibid,3
years,3
account,3
sidings,3
farrell,3
r,3
thereby,3
resources,3
november,3
considerably,3
prevented,3
returned,3
destination,3
records,3
quantifiable,3
million,3
full,3
railwaymen,3
such,3
institutional,3
fenelon,3
points,3
fuel,3
evening,3
workers,3
price,3
obsolete,3
speed,3
between,3
effects,3
growth,3
memorandum,3
allowing,3
incurred,3
up,3
news,3
saloner,3
resistance,3
figures,3
ton,3
major,3
hauled,2
revolution,2
difficult,2
failed,2
cover,2
absence,2
economy,2
operations,2
important,2
will,2
sometimes,2
indicated,2
strike,2
warwick,2
standardization,2
unwin,2
prove,2
inefficiencies,2
contrary,2
july,2
detailed,2
fragmented,2
weighting,2
owner,2
american,2
inland,2
construction,2
once,2
rate,2
competition,2
english,2
stephenson,2
addition,2
unattractive,2
aldcroft,2
station,2
flexibility,2
easing,2
magnitude,2
deliveries,2
facilities,2
competing,2
sum,2
veblen,2
same,2
source,2
switch,2
demurrage,2
preponderance,2
two,2
trainloads,2
demonstrate,2
ratio,2
avoided,2
innovation,2
claims,2
commissions,2
hereafter,2
engines,2
siding,2
interests,2
bulk,2
business,2
figure,2
excess,2
view,2
available,2
paper,2
moving,2
december,2
unifying,2
reloading,2
allow,2
did,2
cumulative,2
clarendon,2
conservative,2
returns,2
fell,2
proportional,2
time,2
together,2
pass,2
lner,2
meanwhile,2
portsmouth,2
achieved,2
markets,2
docks,2
late,2
watson,2
greatly,2
industrial,2
motorized,2
costlier,2
furthermore,2
purchase,2
where,2
orders,2
technologies,2
them,2
accounts,2
practice,2
sunk,2
trade,2
eastern,2
expenses,2
world,2
expensive,2
colliery,2
cain,2
directly,2
original,2
vol,2
e,2
replacement,2
data,2
port,2
discussion,2
slowed,2
church,2
pricing,2
solely,2
expected,2
crude,2
arose,2
despite,2
owners,2
example,2
allen,2
gourvish,2
load,2
encouraged,2
assumptions,2
measure,2
substantially,2
factor,2
arthur,2
noted,2
neglect,2
statistics,2
actual,2
penalty,2
accommodate,2
review,2
tonnage,2
clio,2
argument,2
north,2
argues,2
received,2
economize,2
following,2
conditions,2
g,2
compatibility,2
dangerous,2
individual,2
type,2
smaller,2
horse,2
manager,2
mines,2
involving,2
associated,2
elements,2
old,2
david,2
offered,2
k,2
ser,2
presence,2
oxford,2
rates,2
compared,2
effect,2
annual,2
modem,2
externalities,2
shunters,2
need,2
among,2
occupied,2
notes,2
operational,2
close,2
sample,2
scmta,2
nations,1
absolving,1
final,1
south,1
employ,1
rights,1
ofthese,1
unusually,1
uncommon,1
yields,1
operation,1
southsea,1
abolition,1
compete,1
profoundly,1
moreover,1
likely,1
war,1
power,1
arrangement,1
adequate,1
abundance,1
marginally,1
bins,1
saw,1
idem,1
anticipation,1
act,1
payload,1
trader,1
car,1
paul,1
yards,1
email,1
short,1
nineteenth,1
service,1
brian,1
discharging,1
ofevidence,1
horses,1
reasonable,1
fuels,1
utility,1
exacerbated,1
market,1
vanee,1
lines,1
economized,1
resulted,1
fewer,1
resistence,1
obviate,1
loading,1
slow,1
becomes,1
seeks,1
poor,1
who,1
reduce,1
inhibiting,1
departmentalcommittee,1
above,1
reappraisal,1
merchandise,1
qwerty,1
operatingeconomy,1
realizing,1
embodying,1
systemic,1
outweighed,1
importantly,1
depot,1
scottish,1
remaining,1
importance,1
b,1
se,1
inadequate,1
movement,1
similarly,1
terms,1
easily,1
va,1
generating,1
imposed,1
competitiveness,1
year,1
often,1
effective,1
offering,1
fmd,1
evolution,1
sectional,1
diminishes,1
nonprice,1
binding,1
calculate,1
dismiss,1
surprising,1
space,1
institute,1
athird,1
valuation,1
insubstantial,1
selling,1
beyond,1
support,1
when,1
methuen,1
thomas,1
means,1
modified,1
references,1
obstacle,1
stockpiling,1
iowa,1
nor,1
modern,1
items,1
favor,1
rationalize,1
ofnonstandard,1
facilitated,1
counterparts,1
carting,1
former,1
augmented,1
hours,1
industiy,1
rebate,1
neither,1
western,1
established,1
scope,1
undertook,1
output,1
minor,1
presents,1
unlike,1
amounting,1
occurred,1
chris,1
emergence,1
workplace,1
then,1
hay,1
better,1
before,1
mainly,1
month,1
collectively,1
days,1
uses,1
cluttered,1
shifting,1
n,1
senior,1
taken,1
generally,1
track,1
contemporaries,1
truck,1
weak,1
congested,1
until,1
contact,1
already,1
undercutting,1
impracticable,1
confirmed,1
thorstein,1
externality,1
conclusion,1
extensive,1
wear,1
operate,1
constituted,1
locomotive,1
pace,1
possibilities,1
implied,1
justify,1
sector,1
efficient,1
especially,1
double,1
compliance,1
provide,1
observed,1
subsidiary,1
alternative,1
hawk,1
erroneous,1
owning,1
terminal,1
comparison,1
severely,1
tractive,1
attempts,1
stimulate,1
decided,1
preference,1
physically,1
providing,1
appliances,1
meeting,1
seem,1
ran,1
attractive,1
public,1
rejects,1
expectation,1
central,1
awaited,1
engaged,1
exports,1
added,1
taking,1
technologically,1
j,1
bottlenecks,1
supplied,1
lacked,1
my,1
true,1
expenditures,1
handling,1
company,1
longer,1
lack,1
empties,1
path,1
dized,1
concentration,1
board,1
exercise,1
passenger,1
referees,1
transporthistory,1
economizing,1
occupations,1
departments,1
instability,1
entered,1
daily,1
half,1
bricks,1
plethora,1
thank,1
regard,1
developed,1
domestic,1
visiting,1
seven,1
magnifying,1
supplies,1
users,1
deal,1
isolate,1
government,1
gauge,1
linked,1
new,1
link,1
accounted,1
loads,1
transporting,1
susceptible,1
john,1
ph,1
events,1
urbanized,1
omitted,1
end,1
causes,1
predation,1
benefit,1
false,1
reflected,1
survey,1
take,1
discharged,1
historical,1
fourfold,1
assistance,1
deemed,1
unequal,1
rooth,1
translating,1
dates,1
damage,1
u,1
experts,1
representative,1
tunnels,1
indiscriminately,1
seen,1
pep,1
cup,1
took,1
hand,1
turnover,1
incorporate,1
do,1
raised,1
reserved,1
haul,1
communities,1
byg,1
powers,1
profitable,1
chief,1
vary,1
samuelson,1
within,1
purposes,1
similar,1
differing,1
imposing,1
does,1
indirect,1
lecturer,1
expanded,1
afforded,1
establish,1
contents,1
rose,1
inventory,1
population,1
nee,1
form,1
cannot,1
case,1
purchased,1
issue,1
particular,1
necessary,1
batsford,1
deaths,1
risk,1
feb,1
converting,1
turnaround,1
revision,1
seasonal,1
calculations,1
procedures,1
tareweight,1
delays,1
required,1
centers,1
weakened,1
leaving,1
assertions,1
sell,1
extent,1
subsequent,1
method,1
cambridge,1
oats,1
forging,1
repetitive,1
sought,1
overheads,1
out,1
cleared,1
ofbothrailway,1
saying,1
day,1
local,1
right,1
aresult,1
march,1
require,1
crux,1
failure,1
representatives,1
produce,1
yield,1
design,1
regarding,1
process,1
balance,1
information,1
thousands,1
included,1
demonstrated,1
quantities,1
allocation,1
differ,1
agreed,1
distributing,1
basis,1
andstatistical,1
protected,1
accounting,1
understanding,1
omissions,1
substantial,1
condition,1
size,1
facilitating,1
belonging,1
minimizing,1
heading,1
characterized,1
shortages,1
remember,1
reid,1
presented,1
hundred,1
joseph,1
carry,1
noncoal,1
alone,1
clear,1
reader,1
sides,1
diss,1
marked,1
pits,1
characterization,1
givenbyburtt,1
part,1
preannouncements,1
far,1
explains,1
industrialized,1
explorations,1
quantity,1
show,1
sufficiently,1
oftotal,1
press,1
negative,1
unrealistic,1
ac,1
giving,1
buy,1
though,1
returning,1
undue,1
economies,1
increases,1
frankel,1
territory,1
significant,1
hauliers,1
frequent,1
percentages,1
practically,1
q,1
loaded,1
entry,1
persisted,1
operated,1
assumption,1
nonrailway,1
raihvay,1
underestimate,1
rand,1
approach,1
cited,1
peculiar,1
welsh,1
calculating,1
people,1
ranked,1
firms,1
gain,1
numbered,1
human,1
earn,1
trend,1
perishable,1
services,1
scratch,1
examination,1
attributable,1
merchant,1
trip,1
apparently,1
comments,1
previous,1
traders,1
breaks,1
distributors,1
range,1
legislation,1
issues,1
dependence,1
hampshire,1
disguised,1
theoretical,1
constraint,1
involves,1
practices,1
couple,1
explained,1
drafts,1
estimating,1
charge,1
appendices,1
low,1
known,1
difference,1
inhibited,1
accommodation,1
own,1
hundreds,1
run,1
modernrecords,1
since,1
substituting,1
due,1
demanded,1
rationalization,1
misrepresent,1
enginehours,1
reward,1
errors,1
ores,1
halving,1
write,1
modernization,1
interest,1
conveyed,1
change,1
co,1
sat,1
ability,1
issn,1
armstrong,1
mixed,1
instead,1
should,1
although,1
typically,1
correct,1
firns,1
minister,1
caused,1
declining,1
like,1
tim,1
carriage,1
roadstone,1
wagonloads,1
so,1
questionable,1
overt,1
gross,1
unified,1
product,1
gibbl,1
century,1
collected,1
ofwagon,1
comprised,1
pit,1
order,1
contrast,1
persistence,1
probable,1
earlier,1
trucks,1
thing,1
estimates,1
installation,1
sharp,1
volumes,1
nelson,1
coalindustry,1
association,1
speak,1
latter,1
inextricably,1
vans,1
reporter,1
roughly,1
winters,1
canal,1
anonymous,1
overheating,1
valued,1
today,1
endowed,1
amounted,1
munby,1
specific,1
comparing,1
june,1
having,1
amount,1
measurable,1
sburtt,1
accurately,1
article,1
highly,1
systems,1
aggregate,1
removed,1
components,1
props,1
mining,1
compulsory,1
transfer,1
six,1
second,1
become,1
arrived,1
doubling,1
gratefully,1
victorian,1
c,1
goods,1
inefficiency,1
applying,1
left,1
extra,1
preponderantly,1
atomistic,1
exactly,1
twice,1
speedier,1
accusations,1
philip,1
can,1
availability,1
parliament,1
departmental,1
early,1
delivered,1
tracks,1
including,1
nonminerals,1
incur,1
bunched,1
entire,1
dominance,1
huge,1
present,1
snmall,1
section,1
miners,1
locksway,1
below,1
unload,1
using,1
ground,1
details,1
uk,1
gibb,1
recent,1
enormous,1
davies,1
substituted,1
value,1
develop,1
broader,1
provided,1
hardly,1
preliminary,1
petroleum,1
garth,1
investigations,1
restricting,1
moved,1
acknowledge,1
delayed,1
dust,1
equal,1
rationalizing,1
subsidies,1
depreciation,1
costly,1
poorly,1
wales,1
separate,1
