WORDCOUNTS,WEIGHT
the,185
of,182
and,152
in,129
a,53
wealth,47
was,42
s,42
to,40
land,39
percent,37
county,36
than,31
prince,30
that,28
maryland,28
property,27
inequality,26
by,26
for,26
slaves,24
george,21
number,21
total,20
distribution,19
but,18
university,17
more,17
were,17
as,17
pp,16
other,16
from,16
wealthiest,16
all,15
owned,15
groups,14
percentage,14
on,14
at,13
so,13
with,12
over,12
greater,12
decile,12
among,12
sarson,11
table,11
also,11
national,11
g,11
value,11
held,11
values,11
slave,11
early,11
no,10
fell,10
share,10
this,10
figures,10
soltow,9
economic,9
mary,9
ownership,9
press,9
have,9
dollars,9
south,8
it,8
history,8
georgians,8
nontaxables,8
marks,8
landownership,8
only,8
social,8
are,8
real,8
levy,8
society,8
distributed,7
remaining,7
not,7
tax,7
these,7
lower,7
did,7
householders,7
there,7
taxables,7
historians,7
while,7
some,7
owners,7
century,7
tobacco,7
carr,7
second,7
st,7
slightly,7
kentucky,7
higher,6
estate,6
been,6
deciles,6
slaveholders,6
analysis,6
assessments,6
or,6
taxable,6
two,6
had,6
shows,6
landowners,6
i,6
landlessness,6
frequency,6
see,6
top,6
records,6
d,6
through,6
per,5
their,5
southern,5
one,5
is,5
acres,5
slaveholding,5
shares,5
ph,5
time,5
economics,5
slaveownership,5
state,5
johns,5
population,5
hopkins,5
remained,5
almost,5
diss,5
thus,5
which,5
shown,5
average,5
rose,5
after,5
percentile,5
walsh,5
poor,4
an,4
edward,4
opportunity,4
chap,4
about,4
united,4
rate,4
many,4
fifth,4
growing,4
numbers,4
show,4
first,4
here,4
poorest,4
indicated,4
each,4
worth,4
agrarian,4
found,4
p,4
menard,4
new,4
census,4
court,4
plantation,4
those,4
economy,4
lois,4
significantly,4
household,4
although,4
area,4
taxpayers,4
between,4
schedules,4
third,4
probably,4
journal,4
green,4
increasing,3
swansea,3
republican,3
whose,3
main,3
synthesis,3
decades,3
teute,3
mean,3
growth,3
who,3
lost,3
poorer,3
holders,3
group,3
direct,3
mobility,3
evenly,3
edited,3
before,3
nineteenth,3
most,3
extensive,3
kilty,3
extant,3
steven,3
half,3
government,3
john,3
contemporary,3
historical,3
papers,3
fourth,3
though,3
poverty,3
majority,3
era,3
free,3
account,3
virginia,3
politics,3
data,3
literature,3
socioeconomic,3
eighteenth,3
region,3
indicating,3
laws,3
became,3
carolina,3
its,3
findings,3
use,3
colonial,3
people,3
kulikoff,3
proportion,3
rage,3
they,3
landvalue,3
federal,3
jr,3
papenfuse,3
states,3
minority,3
households,3
c,3
even,3
we,3
william,3
farm,2
likely,2
americans,2
stills,2
york,2
town,2
belonged,2
note,2
richest,2
indeed,2
result,2
ready,2
acre,2
dash,2
thomton,2
harris,2
hughes,2
contrast,2
staple,2
ofthe,2
tidewater,2
expect,2
pgcta,2
similar,2
b,2
large,2
methods,2
shalhope,2
lots,2
bayly,2
means,2
labor,2
baltimore,2
quantitative,2
servitude,2
western,2
then,2
under,2
just,2
antebellum,2
russell,2
sharply,2
shore,2
department,2
tenancy,2
origins,2
inheritance,2
either,2
lee,2
sources,2
gain,2
hereafter,2
earle,2
slavevalue,2
larger,2
others,2
whereas,2
j,2
correspond,2
historiography,2
georgian,2
extent,2
pittsburgh,2
wealthy,2
rich,2
reveal,2
considerable,2
republicanism,2
respects,2
patterns,2
may,2
plate,2
neighboring,2
geography,2
furthermore,2
wales,2
where,2
within,2
heads,2
capita,2
whether,2
less,2
heavily,2
system,2
fall,2
fractionally,2
depending,2
decade,2
however,2
ford,2
levels,2
perhaps,2
landowning,2
has,2
structure,2
campbell,2
silver,2
because,2
carriages,2
unequal,2
assessors,2
r,2
planters,2
discussion,2
work,2
vessels,2
both,2
made,2
west,2
except,2
including,2
city,2
planter,2
europeans,2
elizabeth,2
cash,2
largely,2
baton,2
behavior,2
divided,2
tons,2
human,2
oftaxables,2
personal,2
improvements,2
riding,2
rouge,2
used,2
years,2
chesapeake,2
author,2
least,2
derived,2
like,2
would,2
below,2
general,2
high,2
finds,2
thomas,2
latter,2
better,2
ranged,2
migrants,2
k,2
moving,2
research,2
compared,2
exactly,2
chicago,2
unequally,2
can,2
lorena,2
equipment,2
censuses,2
much,2
stiverson,2
robert,2
taylor,2
roots,2
north,2
livestock,2
quarter,2
louisiana,2
rodgers,2
doing,2
norm,2
opposite,2
moved,2
rates,2
inventories,2
gold,2
alabama,1
revolution,1
will,1
parish,1
oxford,1
rights,1
assessed,1
steps,1
relying,1
proportionally,1
sample,1
undermines,1
averaged,1
wends,1
jeffersonian,1
equality,1
perspectives,1
fuller,1
without,1
moldy,1
residing,1
common,1
expected,1
unrepresentativeness,1
lot,1
independent,1
continued,1
tenant,1
science,1
if,1
lesser,1
skilled,1
slavery,1
democracy,1
across,1
nonslaveholding,1
majorities,1
hide,1
taxpaying,1
legislature,1
how,1
proceedings,1
expansion,1
calvert,1
hill,1
truth,1
daniel,1
market,1
return,1
contraction,1
resident,1
jane,1
fewer,1
nonslaveholders,1
widespread,1
nearly,1
uplands,1
notion,1
slaveof,1
alone,1
converted,1
empirical,1
iii,1
still,1
emulated,1
postrevolution,1
end,1
make,1
indicates,1
earlier,1
unevenly,1
xii,1
conversion,1
movement,1
colonialists,1
american,1
pgclc,1
returned,1
matched,1
stability,1
myth,1
unusual,1
nolen,1
ofnot,1
higginbotham,1
frontier,1
sufflciency,1
upcountry,1
risks,1
probate,1
absentee,1
nonhouseholders,1
reference,1
qualify,1
downward,1
category,1
studies,1
aubrey,1
developments,1
park,1
optimally,1
sex,1
east,1
meant,1
collected,1
realities,1
during,1
detail,1
dissertation,1
differentiated,1
seems,1
rated,1
intellectually,1
hands,1
into,1
occurred,1
shaver,1
any,1
specify,1
constant,1
complete,1
culture,1
same,1
projections,1
series,1
andi,1
conclusion,1
nonetheless,1
demonstrates,1
too,1
w,1
upper,1
amonghalfto,1
already,1
age,1
four,1
ofmaryland,1
agricultural,1
garland,1
begins,1
superior,1
economically,1
e,1
speculating,1
pastoral,1
lacy,1
else,1
fairly,1
constructed,1
generally,1
management,1
caroline,1
members,1
certainly,1
annapolis,1
jackson,1
relies,1
late,1
evelyn,1
law,1
landlord,1
acquiring,1
destitute,1
owning,1
essays,1
m,1
required,1
taken,1
concentrated,1
again,1
might,1
necessarily,1
advocated,1
revealing,1
nulmber,1
similarly,1
perceive,1
disappeared,1
confldent,1
holdings,1
addition,1
country,1
england,1
authority,1
thouight,1
cultures,1
leaps,1
gregory,1
different,1
based,1
whom,1
pounds,1
yeoman,1
columbia,1
height,1
turner,1
europe,1
referees,1
head,1
declined,1
unknown,1
down,1
fortunes,1
subsumed,1
totals,1
disproportionate,1
thank,1
current,1
differences,1
rarely,1
adds,1
predominated,1
acreage,1
suggesting,1
breuning,1
quarterly,1
mills,1
figure,1
promised,1
mississippi,1
very,1
buse,1
uncovered,1
substantially,1
surmise,1
perpetuating,1
take,1
kingdom,1
examining,1
elsewhere,1
help,1
past,1
oflandowners,1
base,1
rural,1
ofsouthern,1
assessment,1
quality,1
last,1
flaws,1
took,1
beginning,1
henry,1
equally,1
randolph,1
reserved,1
helping,1
ron,1
corroborate,1
none,1
career,1
reading,1
historiographical,1
elicits,1
dropped,1
equate,1
lecturer,1
changed,1
allan,1
terms,1
produced,1
form,1
cannot,1
british,1
references,1
case,1
particular,1
scale,1
occasional,1
leveling,1
thereafter,1
boles,1
year,1
ofamerican,1
predomination,1
andprince,1
gini,1
counties,1
plain,1
firniture,1
college,1
gaps,1
leaving,1
ofa,1
interpreting,1
woodward,1
boston,1
alternatively,1
remarkably,1
agriculture,1
improve,1
well,1
annual,1
jack,1
another,1
local,1
vol,1
stood,1
credit,1
takers,1
analyzed,1
line,1
egalitarian,1
condition,1
migration,1
andpower,1
taxing,1
residents,1
liberty,1
alter,1
fluctuation,1
outline,1
greene,1
upon,1
exaggerate,1
scheme,1
comprises,1
represented,1
underappreciated,1
sept,1
furniture,1
given,1
point,1
repuiblican,1
forms,1
part,1
ofsanford,1
nonresidents,1
amass,1
eleanor,1
alternatives,1
increased,1
republic,1
nation,1
yeomanry,1
aged,1
samples,1
publishers,1
elite,1
undercounted,1
finland,1
lies,1
plenty,1
measure,1
countylandrecords,1
fit,1
reconstruct,1
conditions,1
issues,1
partly,1
nonlandowners,1
qualitative,1
immediately,1
aside,1
estates,1
harvard,1
swanseaac,1
numbered,1
evolution,1
discontinued,1
andnick,1
variables,1
when,1
nothing,1
individuals,1
examination,1
throughout,1
proceeds,1
review,1
differential,1
fredrika,1
hallow,1
believes,1
nevertheless,1
until,1
folks,1
radicalism,1
sarah,1
differentiation,1
such,1
development,1
yet,1
muller,1
own,1
run,1
since,1
nulmbers,1
three,1
finding,1
against,1
tables,1
approach,1
october,1
errors,1
t,1
honor,1
income,1
finally,1
dominated,1
essay,1
disappointed,1
aberrant,1
someone,1
change,1
stressed,1
issn,1
contributed,1
moment,1
individual,1
include,1
level,1
revised,1
magazine,1
apractice,1
walters,1
ease,1
smaller,1
suggest,1
emigration,1
stages,1
course,1
counted,1
forming,1
off,1
twayne,1
improved,1
believing,1
settlement,1
association,1
relations,1
around,1
favored,1
small,1
affluent,1
nontaxable,1
mitchell,1
concept,1
soil,1
refer,1
thousand,1
charles,1
few,1
intidewater,1
jefferson,1
conspicuously,1
highly,1
coefficient,1
migrating,1
hoped,1
carville,1
chapel,1
editors,1
single,1
decline,1
equalization,1
respectively,1
scholarship,1
twice,1
methodological,1
geographical,1
be,1
died,1
v,1
barely,1
evoluition,1
consumption,1
valley,1
leaseholder,1
differ,1
dominance,1
capital,1
southwest,1
slight,1
using,1
ellen,1
uk,1
propertyless,1
notes,1
evidence,1
built,1
sj,1
equal,1
close,1
entrepreneurship,1
widely,1
cited,1
singleton,1
increase,1
readable,1
tennessee,1
agricultuiral,1
ofhouseholders,1
