WORDCOUNTS,WEIGHT
the,708
of,459
and,355
in,354
to,180
a,129
land,84
on,81
housing,77
for,71
that,63
was,63
p,63
by,63
with,60
construction,55
new,52
as,49
is,45
subdivision,43
pp,42
from,40
development,39
percent,39
not,38
real,37
it,35
s,35
had,35
were,35
more,34
or,32
see,31
which,31
be,30
their,29
spending,29
are,29
residential,27
this,27
than,26
capital,25
at,24
investment,24
been,24
have,24
lots,23
planning,23
its,23
depression,23
also,23
american,22
an,22
boom,21
growth,21
series,21
states,21
during,20
but,20
billion,19
york,19
costs,19
cost,19
stock,19
public,19
field,19
economic,19
services,19
united,19
between,19
federal,18
vol,18
statistics,18
table,18
through,18
these,17
bureau,17
other,16
demand,16
private,16
use,16
uncontrolled,16
years,16
great,15
administration,15
estate,14
one,14
dc,14
washington,14
value,14
aggregate,14
column,14
cities,14
historical,14
building,14
state,13
such,13
war,13
platting,13
monetary,13
gordon,13
only,13
did,13
urban,13
even,12
legal,12
jersey,12
census,12
structures,12
decline,12
acreage,12
made,12
would,12
what,12
design,12
premature,12
per,11
mortgage,11
j,11
those,11
within,11
bankruptcy,11
developers,11
data,11
lot,11
dollar,11
durables,11
lending,11
formation,11
much,11
they,10
interest,10
output,10
study,10
flow,10
could,10
because,10
units,10
business,10
subdivisions,10
financial,10
local,10
values,10
increase,10
improvements,10
period,10
so,10
after,10
when,10
rose,10
both,10
consumption,10
total,9
all,9
side,9
activity,9
loans,9
most,9
michigan,9
failure,9
prices,9
annual,9
weiss,9
cycle,9
suburban,9
street,9
automobile,9
less,9
colean,9
redevelopment,9
temin,9
over,9
increased,9
chicago,9
ii,8
debt,8
i,8
some,8
supply,8
collapse,8
unit,8
revive,8
part,8
service,8
regional,8
blocks,8
areas,8
recovery,8
article,8
can,8
subdivided,8
each,8
particularly,8
speculation,8
drop,8
institutional,8
national,8
undeveloped,8
although,8
traditional,8
duration,8
regulatory,7
history,7
hickman,7
u,7
richard,7
rates,7
his,7
developed,7
conflicts,7
well,7
year,7
poorly,7
intermediation,7
absence,7
zoning,7
community,7
builders,7
structural,7
tax,7
many,7
larger,7
postwar,7
continued,7
analysis,7
associated,7
physical,7
half,7
terms,7
emphasis,7
nonfarm,7
problem,6
reassembly,6
flows,6
decade,6
first,6
muth,6
m,6
robert,6
prior,6
grebler,6
review,6
estimates,6
simpson,6
houses,6
understood,6
may,6
factors,6
changes,6
impact,6
obstacles,6
location,6
municipalities,6
economics,6
fisher,6
line,6
savings,6
peak,6
up,6
reduced,6
expansion,6
under,6
planned,6
developer,6
sector,6
fell,6
do,6
credit,6
low,6
downturn,6
vacant,6
paper,6
commission,6
current,6
report,6
property,6
city,6
producer,6
commercial,6
area,6
improved,6
ownership,6
built,6
market,5
goldsmith,5
mar,5
large,5
effective,5
neighborhoods,5
into,5
princeton,5
available,5
cornick,5
has,5
blank,5
estimate,5
journal,5
general,5
site,5
no,5
angeles,5
crash,5
earlier,5
consequences,5
utilities,5
university,5
important,5
raw,5
out,5
share,5
transactions,5
population,5
los,5
place,5
forces,5
rise,5
legacy,5
level,5
working,5
filings,5
research,5
productivity,5
f,5
uncoordinated,5
allen,5
controls,5
percentage,5
about,5
ed,5
two,5
infrastructural,5
choice,5
where,5
income,5
streets,5
remained,5
net,5
california,5
three,5
grew,5
individual,5
architectural,5
control,5
ratio,5
alexander,5
number,5
contributed,5
approximately,5
potential,5
early,5
longer,5
major,5
rate,4
if,4
utility,4
studies,4
before,4
experience,4
fluctuations,4
provision,4
long,4
principles,4
miles,4
coordinated,4
profitable,4
declines,4
system,4
forum,4
nber,4
account,4
wilcox,4
sale,4
labor,4
million,4
relationships,4
campbell,4
pay,4
single,4
influence,4
fha,4
orientation,4
show,4
beyond,4
rental,4
detroit,4
standards,4
based,4
found,4
late,4
block,4
cannot,4
record,4
saving,4
required,4
al,4
almost,4
oversupply,4
county,4
whole,4
et,4
occupied,4
schwartz,4
contrast,4
small,4
industry,4
covenants,4
world,4
portion,4
second,4
short,4
located,4
still,4
interpretation,4
infrastructure,4
prematurely,4
volume,4
monetarist,4
hoyt,4
disappointing,4
power,4
regulation,4
john,4
metropolitan,4
represented,4
full,4
municipal,4
internal,4
feet,4
interpretations,4
banking,4
structure,4
european,4
depth,4
sometimes,4
employment,4
unplanned,4
lines,4
began,4
life,4
often,4
environment,4
simply,4
here,4
expenditures,4
board,4
down,4
constant,4
better,4
economy,4
them,4
interwar,4
making,4
apartment,4
became,4
role,4
situated,4
typically,4
provided,4
prosperity,4
among,4
household,4
way,3
asset,3
alone,3
usable,3
hookups,3
h,3
mortgages,3
policy,3
fixed,3
character,3
title,3
source,3
peaked,3
t,3
certainly,3
might,3
investments,3
layout,3
differences,3
revival,3
take,3
there,3
purchasers,3
sheet,3
sewers,3
exchanges,3
owners,3
along,3
emphasizing,3
expanded,3
central,3
throughout,3
immediate,3
quality,3
since,3
due,3
initially,3
relatively,3
occupancy,3
price,3
developments,3
speculative,3
perspective,3
fees,3
santa,3
unchanged,3
third,3
barger,3
friedman,3
columns,3
higher,3
poor,3
district,3
levels,3
b,3
raymond,3
sidewalks,3
statistic,3
improvement,3
slowly,3
w,3
surge,3
problems,3
amount,3
willing,3
david,3
greater,3
closely,3
my,3
base,3
further,3
equal,3
rent,3
wealth,3
however,3
procedures,3
balance,3
accounting,3
already,3
significantly,3
related,3
nation,3
used,3
gave,3
issues,3
people,3
approach,3
sharp,3
insurance,3
bank,3
involved,3
several,3
oct,3
june,3
florida,3
clara,3
variety,3
overall,3
gnp,3
constraints,3
unprecedented,3
chap,3
home,3
sales,3
largest,3
industrial,3
department,3
noted,3
toward,3
experienced,3
water,3
smith,3
deterioration,3
time,3
personal,3
end,3
substantially,3
took,3
existing,3
vulnerable,3
understanding,3
explanation,3
enormous,3
entirely,3
assumption,3
virtually,3
causes,3
townships,3
dominated,3
peter,3
least,3
latter,3
dollars,3
unoccupied,3
james,3
electric,3
professional,3
hindered,3
nonresidential,3
five,3
buyers,3
means,3
locationally,3
platted,3
contribution,3
denison,3
length,3
surprising,3
lessons,3
highly,3
country,3
cyclical,3
past,3
living,3
regulations,3
stability,3
millions,3
government,3
reported,3
disrupted,3
our,3
argument,3
lands,3
average,3
encumbrances,3
illinois,3
crisis,3
detached,3
effects,3
remains,3
association,3
comparison,3
yesterday,3
reached,3
death,3
farmland,3
abandoned,3
arithmetic,3
depreciation,3
hypothesis,3
does,2
booms,2
limits,2
stood,2
affected,2
resulted,2
debris,2
partially,2
agency,2
essays,2
ma,2
linkages,2
retardation,2
liens,2
encumbering,2
cpi,2
properties,2
deregulatory,2
different,2
lower,2
came,2
fraction,2
stressed,2
sources,2
lexington,2
every,2
posed,2
implications,2
taken,2
generated,2
billions,2
tradition,2
together,2
hundred,2
reps,2
survey,2
subsequent,2
political,2
ernest,2
recorded,2
money,2
america,2
intermediaries,2
marc,2
possible,2
machinery,2
explorations,2
very,2
establishment,2
uncertain,2
cited,2
anticipated,2
herman,2
economies,2
minimum,2
behavior,2
subdividing,2
thus,2
against,2
tables,2
relaxed,2
peaking,2
issued,2
adams,2
forced,2
hold,2
clark,2
evident,2
times,2
compared,2
left,2
section,2
though,2
renewing,2
parks,2
mechanisms,2
operation,2
slowed,2
town,2
whose,2
true,2
principally,2
performance,2
remain,2
appreciation,2
process,2
lasting,2
goes,2
risk,2
ex,2
similar,2
plots,2
retail,2
rising,2
facilitated,2
underlying,2
linked,2
sum,2
elsewhere,2
four,2
us,2
consequence,2
dwelling,2
decades,2
view,2
upsurge,2
experimentation,2
uses,2
assets,2
kennedy,2
declined,2
saulnier,2
access,2
pass,2
initial,2
respects,2
markets,2
handbook,2
haberler,2
districts,2
effect,2
default,2
companies,2
scale,2
otherwise,2
revived,2
accelerated,2
expensive,2
kayden,2
directly,2
anna,2
r,2
gains,2
heavily,2
reserve,2
siegan,2
eichengreen,2
older,2
opened,2
haar,2
bankrupt,2
away,2
stanford,2
assembly,2
trends,2
attributed,2
either,2
overbuilding,2
good,2
wholesale,2
macroeconomic,2
sense,2
responsibility,2
debts,2
allowances,2
loan,2
mains,2
components,2
always,2
story,2
notes,2
reflected,2
subsequently,2
will,2
therefore,2
led,2
onset,2
veitch,2
seventh,2
vols,2
limited,2
drops,2
denominator,2
bert,2
make,2
holders,2
collapsed,2
roads,2
decisions,2
yet,2
selling,2
arrangements,2
security,2
mishkin,2
demolition,2
semioccupied,2
favorable,2
included,2
complete,2
same,2
dropped,2
without,2
reports,2
gridiron,2
laid,2
frederick,2
treatment,2
mintz,2
fact,2
striking,2
match,2
banks,2
prospects,2
edward,2
pattern,2
serious,2
conclusions,2
increases,2
manner,2
continuing,2
keynesian,2
marketers,2
til,2
agencies,2
focusing,2
perhaps,2
begun,2
free,2
sould,2
imputed,2
degree,2
meetings,2
extended,2
cambridge,2
farther,2
including,2
sixth,2
sold,2
microlevel,2
academics,2
overcoming,2
prominently,2
processes,2
actual,2
individuals,2
theoretical,2
exports,2
clear,2
increment,2
accounted,2
feasible,2
characterized,2
ely,2
high,2
multiplier,2
configurations,2
households,2
tangible,2
provides,2
valued,2
enough,2
methods,2
become,2
slightly,2
we,2
ratcliff,2
attention,2
justice,2
contoured,2
abramovitz,2
layouts,2
moses,2
note,2
george,2
provide,2
bulk,2
figure,2
foreign,2
widespread,2
dec,2
bulletin,2
who,2
parcel,2
effectively,2
rapidly,2
why,2
unimportance,2
dead,2
coordination,2
itself,2
case,2
influencing,2
sections,2
contained,2
magnitude,2
exercised,2
then,2
any,2
conclusion,2
subdividers,2
economically,2
text,2
set,2
quickly,2
eds,2
favorably,2
deficiencies,2
hamilton,2
lenders,2
novel,2
restrictive,2
outlay,2
domestic,2
post,2
galbraith,2
far,2
tracts,2
rural,2
places,2
beginning,2
keynes,2
according,2
virtual,2
purchase,2
nominal,2
accounts,2
cause,2
agricultural,2
ceased,2
act,2
extent,2
dream,2
fully,2
macroeconomy,2
parcels,2
minimal,2
hundreds,2
categories,2
deflation,2
boston,2
presented,2
winnick,2
must,2
transport,2
edwards,2
reproducible,2
excesses,2
marketing,2
cash,2
went,2
exceeded,2
arguments,2
divided,2
using,2
moderate,2
shown,2
perforce,2
contract,2
conditions,2
romer,2
include,2
d,2
evidence,2
macroeconomics,2
size,2
themselves,2
fervor,2
views,2
mismatch,2
unregulated,2
comparable,2
ownerships,1
difficult,1
intimately,1
entities,1
transportation,1
o,1
underrate,1
obligations,1
deleeuw,1
edge,1
common,1
estimated,1
concerned,1
logjam,1
adopt,1
develops,1
names,1
effected,1
groups,1
corporate,1
wea,1
c,1
designated,1
created,1
ready,1
appliances,1
concern,1
burdening,1
deserve,1
episodes,1
insufficiently,1
liquidity,1
propagation,1
seizure,1
poorer,1
eliminated,1
considerably,1
compensated,1
evans,1
regrouping,1
expect,1
conversion,1
group,1
center,1
burton,1
residences,1
systematically,1
mobility,1
informative,1
likely,1
schools,1
crunch,1
complement,1
strictly,1
pontiac,1
reopen,1
completely,1
coalition,1
thoroughfares,1
modern,1
deregulation,1
favor,1
conscious,1
unaccommodated,1
diffuse,1
reasonably,1
acceptance,1
western,1
unrecognized,1
encourage,1
occurred,1
unincorporated,1
holding,1
deteriorations,1
exceptions,1
track,1
contexts,1
accumulation,1
combustion,1
consistent,1
anything,1
melvin,1
barbecue,1
morton,1
explaining,1
attorney,1
modest,1
revisited,1
embraced,1
commissions,1
localities,1
production,1
unimaginable,1
thoroughfare,1
later,1
restoration,1
motor,1
address,1
rapid,1
utilization,1
worked,1
cessation,1
analogies,1
seems,1
trenton,1
detritus,1
comparatively,1
attractive,1
passenger,1
twenty,1
explores,1
accommodate,1
reversible,1
accompanied,1
disproportionate,1
ben,1
noninclusion,1
roland,1
wave,1
analyses,1
sprawling,1
producing,1
narrative,1
carrying,1
unhampered,1
thanks,1
onto,1
amplitude,1
feature,1
squeezing,1
depress,1
strength,1
last,1
forgiving,1
stand,1
respond,1
unutilized,1
remainder,1
henry,1
raised,1
reserved,1
principal,1
somewhat,1
committed,1
elucidating,1
racial,1
upturns,1
papers,1
explosive,1
marketed,1
uncoorrule,1
british,1
nodes,1
sound,1
relating,1
governmental,1
eastern,1
autonomous,1
key,1
unaware,1
capacity,1
paved,1
advice,1
encouraging,1
rta,1
auction,1
pari,1
changed,1
fractionation,1
stepped,1
mistakes,1
indirectly,1
restoring,1
assessors,1
lamented,1
recommended,1
dismantling,1
marked,1
outlying,1
ordinances,1
mismatchs,1
karl,1
international,1
slight,1
moderation,1
move,1
obvious,1
diss,1
barry,1
whatever,1
desired,1
variations,1
reflecting,1
x,1
paving,1
eliminating,1
resources,1
apply,1
promises,1
precipitous,1
undergone,1
prevented,1
lights,1
collection,1
inventory,1
harold,1
controlled,1
framework,1
apartments,1
regarding,1
includes,1
historically,1
weakened,1
component,1
severe,1
nonmonetary,1
reject,1
points,1
run,1
professor,1
arrested,1
safety,1
assumes,1
stakes,1
author,1
police,1
cooperate,1
domain,1
ease,1
ability,1
heterogeneity,1
consumer,1
outrun,1
club,1
application,1
conducted,1
foreclose,1
codified,1
term,1
accelerating,1
financing,1
funds,1
turn,1
conveyance,1
recoveries,1
cases,1
urbanization,1
deeds,1
interim,1
document,1
hampering,1
averaging,1
infrequently,1
ante,1
disproportionately,1
deed,1
differently,1
defects,1
response,1
channels,1
six,1
jurisdictions,1
occurs,1
twice,1
publications,1
weakening,1
mechanical,1
find,1
undevelopeda,1
bonds,1
drawn,1
externalities,1
consequently,1
crumbling,1
critique,1
outflow,1
orderings,1
apparently,1
guard,1
macrodynamics,1
exposed,1
generation,1
bothered,1
westchester,1
payoff,1
contracting,1
let,1
industries,1
speeds,1
failed,1
rights,1
behave,1
offices,1
opposed,1
simultaneously,1
builder,1
escaped,1
geneva,1
expansions,1
recognized,1
simplified,1
added,1
german,1
carpets,1
reagan,1
operations,1
testimony,1
pledged,1
mattered,1
grid,1
ways,1
systematized,1
absent,1
how,1
adjoining,1
aggressive,1
square,1
vacancies,1
borrowing,1
rapids,1
highway,1
outputs,1
incidence,1
politicians,1
active,1
arm,1
titled,1
granted,1
inexperience,1
importance,1
michel,1
burnham,1
derived,1
direct,1
balanced,1
perkins,1
milton,1
assuming,1
references,1
signatures,1
special,1
matched,1
illustrations,1
white,1
uncertainties,1
summarized,1
productive,1
scattered,1
front,1
periodic,1
moreover,1
valuation,1
support,1
undivided,1
reason,1
downward,1
category,1
parentheses,1
nor,1
plus,1
palos,1
wanted,1
charges,1
cement,1
river,1
statistical,1
severity,1
fiduciary,1
plat,1
abuses,1
technology,1
driven,1
just,1
moderately,1
invariably,1
gradually,1
mary,1
house,1
streetcar,1
recycling,1
weak,1
egregious,1
differs,1
too,1
prevent,1
shrinking,1
benefited,1
age,1
retrospective,1
graphic,1
recovered,1
additional,1
ginsburg,1
powerful,1
calculations,1
buffalo,1
conditional,1
method,1
cycles,1
helped,1
faced,1
reattained,1
stands,1
methodology,1
assessments,1
whereas,1
expressed,1
result,1
formidable,1
incomplete,1
acceleration,1
rivals,1
proxied,1
aftermath,1
abandoning,1
bearing,1
blamed,1
volatility,1
overoptimism,1
fortunes,1
histories,1
heim,1
rule,1
hands,1
called,1
traditionally,1
critically,1
carol,1
deal,1
businesses,1
shared,1
facilitate,1
events,1
requirements,1
impaired,1
luxury,1
emerge,1
percentages,1
possibility,1
fuel,1
brokers,1
inversion,1
fourth,1
urgent,1
focused,1
nonfinancial,1
brokering,1
province,1
disproportion,1
viewed,1
recently,1
produced,1
unemployment,1
intensity,1
meet,1
arguing,1
purchased,1
excellent,1
groundwork,1
nothing,1
counties,1
judicial,1
networks,1
profit,1
rectilinear,1
wide,1
engine,1
information,1
fnma,1
outstanding,1
representatives,1
underlie,1
taxes,1
trough,1
participation,1
differ,1
designation,1
basis,1
stringency,1
curbstoners,1
noxious,1
overinvestment,1
work,1
radburn,1
scope,1
residents,1
nonhousekeeping,1
goodman,1
preferred,1
clean,1
claim,1
orgy,1
prominent,1
example,1
proportions,1
apparent,1
jerold,1
fractionated,1
excessive,1
midwifed,1
incremental,1
context,1
midand,1
counterbalance,1
diffusion,1
depositors,1
refined,1
policies,1
broad,1
aggravated,1
destination,1
records,1
keep,1
relevance,1
actually,1
oaks,1
midwestern,1
saddled,1
reflect,1
surrounding,1
subdivide,1
institution,1
unimproved,1
compact,1
systematic,1
climb,1
strengthened,1
elephant,1
own,1
monroe,1
presumption,1
errors,1
reder,1
causal,1
change,1
construct,1
nyc,1
start,1
successful,1
caused,1
comparably,1
below,1
tom,1
buildings,1
suggest,1
noisy,1
involve,1
prevalence,1
tinder,1
storm,1
bankrupted,1
grass,1
order,1
imposition,1
stresses,1
realtors,1
chinloy,1
suppi,1
fast,1
family,1
initiating,1
characteristics,1
metropolitian,1
consensus,1
altered,1
erected,1
choose,1
revealing,1
brought,1
breaking,1
mi,1
climate,1
villages,1
corporations,1
philip,1
bahr,1
generally,1
tracks,1
tangles,1
refinanced,1
describes,1
paid,1
estates,1
appropriate,1
lansing,1
grateful,1
developmental,1
paul,1
swings,1
inform,1
moved,1
actions,1
reducing,1
purchasing,1
society,1
experimented,1
nations,1
south,1
threatened,1
stucco,1
he,1
imprint,1
reductions,1
minor,1
practices,1
steadily,1
action,1
licensing,1
separation,1
indeed,1
permits,1
lag,1
bereft,1
return,1
subdivider,1
onward,1
eminent,1
benefiting,1
reduce,1
disaggregated,1
dwellings,1
intervention,1
bill,1
bankers,1
comments,1
premises,1
southern,1
leftover,1
aligned,1
innovation,1
measure,1
supplier,1
frank,1
once,1
contributing,1
cheap,1
communities,1
criticism,1
relied,1
opportunities,1
foreclosed,1
coverage,1
makes,1
switching,1
rules,1
marginal,1
builds,1
continuity,1
fifth,1
index,1
demographic,1
eagerness,1
shock,1
attractively,1
shutting,1
ky,1
baltimore,1
dan,1
responsive,1
robust,1
exacerbating,1
steve,1
reliance,1
begins,1
ph,1
increasingly,1
economyin,1
payments,1
avoided,1
pompous,1
social,1
declining,1
chose,1
catalog,1
members,1
resolution,1
lewis,1
successfully,1
majority,1
contractionary,1
law,1
houston,1
ride,1
rejuvenate,1
inflexible,1
kenneth,1
others,1
renewed,1
chaps,1
perfected,1
projects,1
complementary,1
traffic,1
herbert,1
efforts,1
lengthy,1
reassemble,1
outskirts,1
villard,1
designing,1
stimulus,1
pressure,1
walked,1
aegis,1
totals,1
plan,1
strapped,1
exclusion,1
dysfunctional,1
manifested,1
pamphlet,1
understandable,1
fallen,1
aug,1
overwhelmingly,1
patchwork,1
fashion,1
automobiles,1
foreclosure,1
removal,1
success,1
honor,1
foreseeable,1
never,1
outside,1
orradre,1
likelihood,1
present,1
motel,1
road,1
purposes,1
requiring,1
foot,1
strategies,1
homer,1
forth,1
deficiency,1
deep,1
bernanke,1
variances,1
verdes,1
militated,1
frequency,1
flint,1
unusable,1
outlines,1
institutions,1
original,1
kansas,1
emanating,1
fiscal,1
ingress,1
discussion,1
averaged,1
coherent,1
link,1
invested,1
examples,1
birth,1
restrictions,1
accompanying,1
sides,1
assa,1
lake,1
nonresidents,1
depended,1
unpredictable,1
traversing,1
anathema,1
interrelation,1
expand,1
louis,1
encouraged,1
lawsuits,1
significant,1
skeptical,1
expression,1
combining,1
steady,1
largely,1
persisted,1
residues,1
additions,1
edwin,1
aesthetics,1
harvard,1
resulting,1
grip,1
ibid,1
raising,1
dismissed,1
necessitated,1
nevertheless,1
initiatives,1
described,1
vii,1
versions,1
oneto,1
significance,1
appraisal,1
loosely,1
remaining,1
modem,1
authors,1
comprehensive,1
idiosyncratic,1
publication,1
maintenance,1
lonely,1
issn,1
failures,1
held,1
drains,1
eve,1
homes,1
countries,1
like,1
sat,1
gates,1
features,1
risen,1
played,1
collected,1
obtained,1
stages,1
profitably,1
persistence,1
thomas,1
payment,1
lighting,1
ratios,1
outcomes,1
relation,1
dinated,1
narrow,1
quadrupling,1
brunner,1
ann,1
nationally,1
influences,1
excluded,1
enthusiastically,1
concluding,1
implementers,1
unexplained,1
dominance,1
henderson,1
prohibitive,1
figures,1
slowdown,1
staff,1
versus,1
saw,1
tendency,1
crunches,1
imperfectly,1
arbor,1
immigration,1
widely,1
division,1
improperly,1
decreased,1
separate,1
setbacks,1
increasing,1
fails,1
boards,1
suggestion,1
topography,1
relationship,1
surpassed,1
payoffs,1
palmetto,1
mixture,1
program,1
topping,1
fewer,1
recognizes,1
resumed,1
predict,1
slow,1
referred,1
dimensions,1
excluding,1
riddled,1
recyle,1
affinity,1
strongly,1
force,1
importantly,1
deflected,1
whereby,1
covering,1
contributor,1
linking,1
spanning,1
tearing,1
miami,1
statewide,1
gorman,1
fall,1
frontier,1
composed,1
collateral,1
enforced,1
instances,1
get,1
problematic,1
susan,1
interpolated,1
forest,1
meant,1
evaluation,1
buildable,1
addressed,1
ensure,1
quantitatively,1
quantitative,1
deceleration,1
school,1
suggestions,1
heavy,1
growing,1
dispersed,1
broke,1
redesigning,1
incompleted,1
changing,1
incorporated,1
grand,1
wartime,1
circumstances,1
suppl,1
extensive,1
wear,1
geographic,1
hypothesized,1
damaging,1
proximate,1
continues,1
pace,1
implied,1
discrepancy,1
precise,1
ignore,1
workshops,1
overreaching,1
alternative,1
equation,1
downtown,1
differentiated,1
conformance,1
excess,1
ran,1
forfeiture,1
overestimate,1
stem,1
books,1
econometrics,1
recurrence,1
shares,1
dismantled,1
repaid,1
worth,1
abandonment,1
seriously,1
connection,1
best,1
appendix,1
serviced,1
ideological,1
exploiting,1
clearly,1
written,1
resale,1
gas,1
diffusing,1
differed,1
anomalous,1
faster,1
proposed,1
type,1
options,1
governing,1
turned,1
following,1
purported,1
egress,1
recession,1
literature,1
proceedings,1
combined,1
spatial,1
form,1
orleans,1
particular,1
quote,1
nearby,1
thirty,1
rebelled,1
mere,1
interval,1
distribution,1
transaction,1
highs,1
while,1
vehicle,1
thousands,1
abruptly,1
barely,1
yield,1
influenced,1
resident,1
episode,1
incomes,1
gottfried,1
permeated,1
conference,1
radically,1
researchers,1
ilse,1
multiple,1
furniture,1
thereby,1
little,1
conclude,1
unsnarl,1
leo,1
altogether,1
sundstrom,1
ashes,1
alternatives,1
confirm,1
easy,1
subject,1
intended,1
quilt,1
regulated,1
headship,1
shareholders,1
rochester,1
twenties,1
focus,1
manufacturing,1
indebted,1
equipped,1
unitary,1
colonial,1
phenomenon,1
writing,1
elapse,1
neglect,1
amenities,1
come,1
buying,1
strung,1
question,1
devoted,1
afresh,1
modal,1
disposal,1
unencumbered,1
obliterated,1
finally,1
completed,1
illiquid,1
sterilized,1
course,1
prolonged,1
advantageous,1
obstructing,1
proscribed,1
uneconomic,1
bernard,1
constructed,1
manufacture,1
smaller,1
curbs,1
integration,1
attributes,1
reviving,1
embodies,1
measured,1
journalistic,1
repeat,1
burdens,1
peacetime,1
roughly,1
brunt,1
summary,1
pincer,1
am,1
offered,1
specific,1
charles,1
decelerations,1
coefficient,1
requires,1
removing,1
pending,1
consisted,1
point,1
hotel,1
cook,1
enterprise,1
partial,1
bargain,1
substantial,1
entire,1
sheer,1
develop,1
observed,1
should,1
broader,1
christina,1
doing,1
bodfish,1
ca,1
delayed,1
customs,1
inventories,1
occur,1
delinquent,1
costly,1
gold,1
heterogeneous,1
