WORDCOUNTS,WEIGHT
the,380
of,219
and,156
in,148
to,95
a,78
for,62
was,47
by,47
that,45
market,38
as,35
is,35
were,31
united,30
cars,29
percent,28
ford,27
this,27
ownership,27
on,23
car,22
diffusion,22
bowden,22
demand,21
with,21
purchase,21
motor,20
p,20
are,19
s,18
price,18
table,17
pp,17
level,17
an,17
u,16
from,15
consumer,15
than,15
at,14
k,14
hire,14
kingdom,14
its,14
we,14
it,13
growth,13
credit,13
coachbuilt,13
terms,13
not,12
economic,12
turner,12
have,12
stage,12
households,12
durables,11
percentage,11
each,11
income,11
manufacturers,11
owning,10
reductions,10
variable,10
sales,10
only,10
mass,10
values,10
our,10
be,10
olney,9
but,9
more,9
evidence,9
figure,9
had,9
states,9
general,9
type,9
shift,9
figures,9
model,8
saturation,8
saloon,8
all,8
these,8
two,8
finance,8
there,8
data,8
middle,8
such,8
between,8
morris,8
notes,8
may,7
second,7
no,7
deposit,7
source,7
regional,7
important,7
different,7
britain,7
midlands,7
interwar,7
population,7
form,7
however,7
vehicles,7
distribution,7
installment,7
size,7
dominions,7
county,7
used,7
cambridge,7
prices,7
london,7
uk,7
north,7
curves,6
process,6
constraints,6
risk,6
eight,6
group,6
southeast,6
analysis,6
when,6
or,6
history,6
any,6
series,6
also,6
business,6
endogenous,6
head,6
i,6
those,6
see,6
scale,6
some,6
classes,6
region,6
buy,6
economies,6
statistics,6
would,6
period,6
curve,6
industry,6
given,6
southwest,6
critical,5
now,5
rather,5
groups,5
claa,5
one,5
prof,5
muir,5
into,5
section,5
logistic,5
schemes,5
prevailing,5
j,5
company,5
other,5
could,5
time,5
new,5
where,5
sue,5
existing,5
case,5
installments,5
ibid,5
shape,5
role,5
test,5
trend,5
motors,5
trust,5
which,5
regions,5
models,5
acted,5
houses,5
c,5
respectively,5
journal,5
results,5
davies,5
value,5
therefore,4
udt,4
his,4
been,4
f,4
comparative,4
limited,4
profitability,4
they,4
types,4
lagged,4
making,4
financial,4
policy,4
home,4
their,4
total,4
coefficients,4
following,4
most,4
proportion,4
maxcy,4
hence,4
here,4
tourer,4
behaviour,4
thus,4
rsw,4
did,4
term,4
according,4
appears,4
rose,4
less,4
british,4
martha,4
clab,4
significant,4
silberston,4
years,4
average,4
conditions,4
so,4
sample,4
rur,4
potential,4
third,4
can,4
rationing,4
cross,4
deaton,4
aggregate,4
cij,3
he,3
high,3
bureau,3
estimated,3
if,3
short,3
knight,3
levels,3
institutions,3
seen,3
salaried,3
distributed,3
large,3
american,3
volumes,3
methods,3
wages,3
intercept,3
statistical,3
share,3
n,3
repayments,3
industrial,3
being,3
log,3
slope,3
output,3
production,3
set,3
might,3
arden,3
monthly,3
many,3
england,3
nature,3
chapman,3
shares,3
exploration,3
areas,3
domestic,3
out,3
census,3
take,3
diffusing,3
achieved,3
fabric,3
rural,3
folding,3
equally,3
leeds,3
economy,3
particular,3
estimating,3
america,3
vehicle,3
pursued,3
well,3
balance,3
categories,3
initial,3
suggests,3
range,3
customers,3
little,3
x,3
confirm,3
along,3
assumptions,3
year,3
sold,3
stewart,3
per,3
review,3
charges,3
development,3
jarvie,3
although,3
commerce,3
need,3
approximately,3
profits,3
stationarity,3
salaries,3
among,3
professional,3
society,3
standard,3
problem,2
wage,2
failed,2
experience,2
customer,2
annum,2
reduced,2
absence,2
common,2
taken,2
disaggregated,2
fairly,2
crafts,2
later,2
indicated,2
usually,2
coupe,2
aimed,2
across,2
competitors,2
support,2
play,2
class,2
capture,2
success,2
still,2
minimum,2
introduction,2
expenditure,2
similar,2
rationale,2
changes,2
positive,2
michael,2
augmented,2
factors,2
english,2
interpretation,2
months,2
means,2
examined,2
determination,2
studies,2
bank,2
applied,2
regularly,2
bain,2
university,2
quantitative,2
occupational,2
acquired,2
earned,2
equations,2
aversion,2
incentive,2
historian,2
squares,2
nice,2
asymptotically,2
upper,2
four,2
department,2
boost,2
lower,2
first,2
constructed,2
feinstein,2
june,2
exploitation,2
angus,2
harrison,2
paul,2
deterministic,2
required,2
natural,2
view,2
l,2
lowering,2
weekend,2
experienced,2
path,2
available,2
professions,2
sloan,2
great,2
differences,2
returns,2
choice,2
particularly,2
generates,2
economics,2
mills,2
resulting,2
living,2
men,2
evident,2
took,2
constrained,2
shepherd,2
regression,2
occupation,2
criteria,2
political,2
though,2
covered,2
expressed,2
war,2
within,2
ensured,2
list,2
strategies,2
muellbauer,2
side,2
maintain,2
has,2
after,2
annually,2
wood,2
argument,2
because,2
trade,2
information,2
lends,2
basis,2
possible,2
up,2
upward,2
residuals,2
urban,2
extended,2
work,2
blundell,2
planning,2
viability,2
both,2
made,2
mercantile,2
r,2
reported,2
europe,2
except,2
through,2
purpose,2
extending,2
household,2
increase,2
reduction,2
productivity,2
null,2
pyramids,2
registrar,2
unprofitable,2
policies,2
qualitative,2
survey,2
million,2
device,2
additional,2
option,2
shown,2
volume,2
rejected,2
restrictions,2
own,2
trends,2
transformation,2
tables,2
national,2
traders,2
change,2
relatively,2
individual,2
least,2
viable,2
characterized,2
collins,2
pay,2
features,2
obvious,2
regular,2
television,2
defined,2
contrast,2
offer,2
quite,2
cases,2
event,2
distinct,2
small,2
acceptable,2
several,2
mitchell,2
problems,2
article,2
computed,2
six,2
sliding,2
tended,2
reached,2
create,2
annual,2
maximum,2
even,2
using,2
strong,2
rostas,2
relative,2
provided,2
regressions,2
misspecification,2
equal,2
october,2
brown,2
unearned,2
hypothesis,2
premise,1
massey,1
increasing,1
higher,1
maintenance,1
rights,1
premiums,1
go,1
manufacturer,1
gibson,1
via,1
competition,1
approximate,1
ruralization,1
york,1
minor,1
equality,1
give,1
comment,1
investigated,1
inaugurated,1
span,1
without,1
fit,1
continued,1
george,1
quo,1
aim,1
m,1
crucial,1
identified,1
indicative,1
foreign,1
managing,1
main,1
impetus,1
modern,1
developed,1
adds,1
impressive,1
raising,1
created,1
functional,1
rough,1
thrifty,1
consists,1
lie,1
basic,1
weighted,1
return,1
excess,1
extend,1
rush,1
insufficient,1
dec,1
determine,1
e,1
get,1
responding,1
measures,1
reduce,1
attempt,1
ce,1
adopted,1
poorer,1
detailed,1
above,1
payer,1
ii,1
mar,1
make,1
indicates,1
barnet,1
lag,1
comments,1
whether,1
cash,1
remaining,1
importance,1
grew,1
likewise,1
becoming,1
mortgage,1
indicate,1
derived,1
serial,1
why,1
taxation,1
responsible,1
lecturers,1
designed,1
medium,1
retail,1
fall,1
about,1
guide,1
namely,1
transform,1
performs,1
lcy,1
moves,1
heteroskedasticity,1
motivation,1
ways,1
selling,1
approaches,1
accounts,1
statistic,1
parentheses,1
respectability,1
satisfied,1
ensure,1
probably,1
whereas,1
under,1
biased,1
formally,1
consider,1
structure,1
us,1
key,1
favorable,1
fixed,1
perceived,1
graphs,1
wars,1
techniques,1
consistency,1
entrenched,1
then,1
paper,1
vindicated,1
associated,1
before,1
director,1
quoted,1
watson,1
same,1
repayment,1
shifting,1
constrain,1
maturity,1
variety,1
barely,1
changing,1
observations,1
reasonably,1
turning,1
aubrey,1
confirmed,1
show,1
worth,1
included,1
goodness,1
constituted,1
noted,1
determinants,1
too,1
addressed,1
follow,1
way,1
t,1
beyond,1
explaining,1
provision,1
ramsey,1
affairs,1
present,1
lcu,1
declining,1
chose,1
explicable,1
disguise,1
specifically,1
every,1
ui,1
falling,1
pounds,1
regeneration,1
majority,1
subsidiary,1
setting,1
xt,1
jan,1
care,1
equation,1
unsustainable,1
steady,1
prompting,1
detroit,1
use,1
larger,1
suggested,1
enables,1
address,1
strengthen,1
dominate,1
over,1
continental,1
promote,1
dc,1
rational,1
econometrics,1
sustained,1
diamonds,1
sustainable,1
experiments,1
skewed,1
stimulus,1
agatha,1
averages,1
handling,1
came,1
expanding,1
based,1
shows,1
effected,1
rivals,1
sizes,1
international,1
best,1
leading,1
assess,1
future,1
advantage,1
carrying,1
together,1
plan,1
slippage,1
reasons,1
outlay,1
amounted,1
thank,1
right,1
creditworthiness,1
desirable,1
effort,1
seven,1
children,1
arises,1
follows,1
deal,1
clearly,1
atlantic,1
school,1
thanks,1
john,1
austin,1
infrastructure,1
very,1
stocking,1
while,1
contemporary,1
constant,1
reflected,1
allocated,1
increased,1
persist,1
deemed,1
pattern,1
man,1
compound,1
approximation,1
automobiles,1
essentially,1
feature,1
weights,1
ethos,1
excluding,1
abortive,1
markets,1
detailing,1
middleclass,1
app,1
better,1
patterns,1
mind,1
regressing,1
none,1
usual,1
beginning,1
reserved,1
seater,1
ur,1
manner,1
banking,1
cuts,1
deliberate,1
behind,1
fordist,1
underpinned,1
tick,1
them,1
viewed,1
produced,1
marketed,1
system,1
loi,1
royal,1
explanation,1
practice,1
placed,1
feb,1
ao,1
seasonal,1
negated,1
ltd,1
producing,1
counties,1
saving,1
absolute,1
explain,1
linear,1
error,1
eds,1
pep,1
felt,1
necessities,1
transaction,1
money,1
draws,1
lease,1
status,1
creates,1
property,1
number,1
firm,1
retailers,1
reason,1
realize,1
receive,1
insensitive,1
failure,1
outstanding,1
bulletin,1
cain,1
smoothing,1
permits,1
another,1
local,1
account,1
financing,1
vol,1
demonstrated,1
sterling,1
long,1
prior,1
retaining,1
outlying,1
closed,1
investment,1
apr,1
divided,1
who,1
sale,1
suitability,1
correlation,1
considering,1
americanstyle,1
onerous,1
tool,1
move,1
richard,1
theory,1
terence,1
sides,1
transport,1
engineering,1
private,1
disadvantage,1
significantly,1
nc,1
point,1
transformed,1
regards,1
introduced,1
parameter,1
erred,1
apparent,1
alternatives,1
became,1
quotas,1
representing,1
akin,1
louis,1
contract,1
concern,1
transition,1
respectable,1
tradesfolk,1
lcij,1
catalogue,1
expression,1
tests,1
consistently,1
largely,1
obtain,1
during,1
lesson,1
indebted,1
discussion,1
equity,1
meet,1
issues,1
diversity,1
constitute,1
world,1
durbinaugmented,1
maintained,1
overcoming,1
evidenced,1
reports,1
slipped,1
firms,1
isis,1
questions,1
cq,1
stimulate,1
story,1
variables,1
opt,1
andrew,1
drive,1
broadberry,1
prepared,1
advertising,1
unpublished,1
check,1
white,1
previous,1
married,1
concentrated,1
stagnation,1
intent,1
employed,1
g,1
others,1
stationary,1
until,1
spring,1
attraction,1
locations,1
dynamics,1
low,1
difference,1
precluding,1
significance,1
run,1
my,1
three,1
deducting,1
reset,1
authors,1
stress,1
payments,1
certain,1
washington,1
finally,1
points,1
d,1
dominated,1
clue,1
interest,1
completed,1
causal,1
guaranty,1
good,1
characteristic,1
workers,1
try,1
issn,1
held,1
applicable,1
deposits,1
david,1
empirical,1
include,1
like,1
enabling,1
nick,1
below,1
effectively,1
hill,1
function,1
distances,1
smaller,1
alfred,1
reliable,1
risen,1
tested,1
played,1
householder,1
next,1
manuscript,1
z,1
sources,1
paths,1
practiced,1
disclaimer,1
earlier,1
owned,1
extremely,1
elements,1
association,1
around,1
attention,1
underlying,1
approved,1
firmly,1
sufficient,1
dealers,1
specific,1
memorandum,1
references,1
body,1
highest,1
incapable,1
response,1
often,1
assumed,1
chapel,1
normal,1
presence,1
handbook,1
served,1
research,1
themselves,1
decline,1
enabled,1
applying,1
justify,1
supply,1
charles,1
examine,1
cheaper,1
philip,1
division,1
part,1
hertfordshire,1
helpful,1
weight,1
views,1
drawn,1
predictable,1
extent,1
slightly,1
stimulating,1
twofold,1
look,1
parameters,1
paid,1
inverted,1
modeling,1
lengthy,1
tendency,1
fordism,1
eights,1
joint,1
explanations,1
caution,1
conceded,1
doing,1
transactions,1
strategy,1
rates,1
invalidity,1
proportions,1
applies,1
major,1
avoid,1
react,1
autocorrelation,1
appeal,1
