WORDCOUNTS,WEIGHT
the,407
of,222
in,117
a,105
that,92
to,87
and,83
war,68
economic,53
history,53
is,46
i,46
counterfactual,40
by,37
this,37
my,36
have,36
was,35
on,34
for,33
as,31
civil,30
had,28
an,28
their,26
not,26
what,25
would,25
south,22
american,22
new,22
if,21
been,21
be,21
at,20
s,19
ransom,19
with,18
there,18
they,17
it,16
who,16
beards,16
historians,16
world,16
are,15
were,15
york,14
revolution,14
states,14
more,13
p,13
has,13
north,13
one,12
university,12
but,12
which,12
so,12
second,11
no,11
growth,11
time,11
historical,11
economy,11
beard,11
might,10
all,10
some,10
cliometricians,10
years,10
can,10
gallman,9
or,9
into,9
from,9
out,9
richard,9
point,9
part,9
national,9
research,9
he,8
his,8
first,8
over,8
book,8
political,8
where,8
you,8
after,8
when,8
we,8
sutch,7
press,7
southern,7
hacker,7
cliometrics,7
me,7
confederate,7
historian,7
outcome,7
counterfactuals,7
fact,7
robert,7
work,7
victory,7
imagination,7
parker,7
northern,7
will,6
century,6
way,6
how,6
market,6
about,6
any,6
many,6
did,6
cochran,6
problem,6
america,6
causes,6
conflict,6
question,6
won,6
roger,6
change,6
association,6
product,6
order,6
large,6
civilization,5
critics,5
l,5
support,5
csa,5
win,5
antebellum,5
same,5
result,5
two,5
noted,5
t,5
rather,5
thesis,5
view,5
only,5
could,5
cowley,5
economics,5
very,5
end,5
take,5
independent,5
kantor,5
see,5
however,5
data,5
made,5
story,5
analysis,5
during,5
mistake,5
such,5
group,5
social,5
period,5
collected,5
effects,5
estimates,5
spanish,5
between,5
output,5
narrative,5
capitalism,5
changed,5
look,5
model,4
may,4
things,4
common,4
decades,4
revolutionary,4
life,4
united,4
interpretation,4
happened,4
pudding,4
statistical,4
confederates,4
just,4
impact,4
princeton,4
most,4
different,4
rise,4
efforts,4
carr,4
past,4
readers,4
further,4
do,4
answer,4
ed,4
significance,4
triumph,4
advice,4
vol,4
reality,4
doug,4
place,4
ideas,4
visions,4
issue,4
next,4
up,4
also,4
those,4
figures,4
than,4
gross,4
major,4
battle,3
conflicting,3
provide,3
figure,3
indeed,3
gnp,3
still,3
fighting,3
word,3
consequences,3
edited,3
thought,3
changes,3
soon,3
bureau,3
decade,3
heaton,3
connie,3
argued,3
these,3
four,3
show,3
riverside,3
theme,3
kuznets,3
published,3
cotton,3
every,3
alternative,3
interested,3
quickly,3
address,3
england,3
succeeded,3
based,3
scholars,3
best,3
nineteenth,3
great,3
southerners,3
imaginary,3
events,3
cry,3
took,3
models,3
mcpherson,3
your,3
acceleration,3
particularly,3
day,3
scenario,3
ibid,3
robertson,3
both,3
explanation,3
writers,3
must,3
careful,3
claim,3
reader,3
significant,3
began,3
people,3
actually,3
central,3
nothing,3
call,3
review,3
california,3
used,3
paradigm,3
essay,3
good,3
sense,3
like,3
why,3
charles,3
few,3
article,3
engerman,3
commodity,3
early,3
journal,3
because,3
plausible,3
evidence,3
lincoln,3
ingredients,3
illustrate,3
concluded,3
dealing,2
seems,2
failed,2
now,2
situation,2
struggle,2
doubts,2
today,2
bensel,2
recall,2
writer,2
within,2
december,2
writing,2
vision,2
claimed,2
go,2
basic,2
celebration,2
nearly,2
process,2
success,2
republican,2
sectional,2
above,2
pointed,2
yankee,2
expanded,2
earlier,2
nj,2
went,2
deals,2
appleby,2
facing,2
use,2
tend,2
rate,2
putnam,2
ways,2
means,2
presidential,2
partnership,2
usa,2
douglass,2
under,2
m,2
recipe,2
w,2
phillip,2
seriously,2
wars,2
included,2
bit,2
then,2
wins,2
before,2
teaching,2
limits,2
summary,2
mary,2
series,2
consider,2
department,2
toronto,2
framework,2
being,2
said,2
beyond,2
long,2
useful,2
set,2
important,2
military,2
suggested,2
body,2
put,2
union,2
capital,2
herbert,2
egnal,2
geoffrey,2
idea,2
found,2
here,2
called,2
confederacy,2
domestic,2
sellers,2
effort,2
become,2
mississippi,2
examining,2
subsequent,2
seldom,2
works,2
never,2
academic,2
leviathan,2
niall,2
following,2
present,2
adventures,2
virtual,2
let,2
somewhat,2
setting,2
repulse,2
produced,2
less,2
british,2
want,2
particular,2
well,2
add,2
saving,2
theory,2
find,2
while,2
number,2
really,2
right,2
march,2
larger,2
simon,2
don,2
meetings,2
felt,2
future,2
discussion,2
vast,2
remember,2
possible,2
g,2
horwitz,2
through,2
ignores,2
despite,2
example,2
role,2
constrained,2
easy,2
its,2
louis,2
discussed,2
transition,2
texture,2
conventional,2
ross,2
describe,2
freedom,2
prevailed,2
largely,2
focus,2
refined,2
phenomenon,2
challenges,2
postbellum,2
think,2
discontinuity,2
our,2
includes,2
mentor,2
conquest,2
scope,2
novelists,2
centennial,2
until,2
spring,2
modernization,2
argument,2
since,2
three,2
quest,2
against,2
summer,2
realized,2
september,2
write,2
washington,2
interest,2
try,2
least,2
provided,2
suggest,2
get,2
exercise,2
thomas,2
event,2
nor,2
construct,2
better,2
ferguson,2
mistakes,2
turned,2
english,2
june,2
back,2
forces,2
oxford,2
single,2
themselves,2
c,2
implausible,2
james,2
annual,2
valley,2
little,2
wife,2
results,2
macmillan,2
among,2
ago,2
quarter,2
questions,2
stanley,2
widely,2
brown,2
ofamerica,2
cliometric,2
eagerly,2
society,2
battles,2
subsequently,1
ended,1
ranging,1
difficult,1
implicitly,1
rights,1
depth,1
sbeard,1
happen,1
therefore,1
fogel,1
battlefield,1
depressed,1
interesting,1
books,1
sample,1
reviewers,1
table,1
fueled,1
fails,1
bantam,1
final,1
done,1
essential,1
cover,1
comment,1
saw,1
bright,1
macaulay,1
leaping,1
hopes,1
costs,1
dull,1
reviewer,1
various,1
mix,1
replied,1
steadily,1
yogi,1
agreed,1
renewed,1
contingent,1
later,1
bring,1
crucial,1
cessation,1
mark,1
federal,1
main,1
appetit,1
superficial,1
bleak,1
f,1
faced,1
broadest,1
created,1
remain,1
program,1
vols,1
dragons,1
longtime,1
employment,1
ironically,1
schemes,1
affected,1
berkeley,1
ucr,1
extend,1
appreciation,1
tenets,1
eminent,1
forward,1
findings,1
fiction,1
notion,1
revisionism,1
brings,1
e,1
referred,1
reason,1
prove,1
active,1
whatever,1
transformed,1
eliminated,1
strongly,1
examined,1
titled,1
make,1
returned,1
manuscript,1
persistent,1
wake,1
reflective,1
conceive,1
case,1
ventional,1
transformation,1
importance,1
reservations,1
rapidly,1
eager,1
countries,1
direct,1
armada,1
complex,1
plots,1
touched,1
mounted,1
hugely,1
ix,1
assuming,1
pages,1
whole,1
qualms,1
articulate,1
study,1
often,1
responsible,1
provisions,1
elaborated,1
identify,1
norton,1
adventure,1
uncomfortable,1
confronting,1
fall,1
origins,1
once,1
factors,1
bon,1
authority,1
moreover,1
provides,1
criticism,1
sort,1
yet,1
constants,1
h,1
deep,1
swept,1
approaches,1
itself,1
mid,1
lives,1
treaty,1
remarks,1
leave,1
pp,1
albert,1
picture,1
involved,1
parts,1
expunged,1
old,1
fought,1
affect,1
realities,1
limned,1
considered,1
forget,1
equally,1
inspired,1
challenged,1
structure,1
hearts,1
unfriendly,1
neither,1
established,1
demographic,1
skepticism,1
virtually,1
woke,1
magnitude,1
invent,1
usual,1
workplace,1
glum,1
proved,1
goes,1
keeping,1
growing,1
numbers,1
edu,1
era,1
disposing,1
outlined,1
flirt,1
source,1
meaningless,1
robust,1
dose,1
too,1
defend,1
incorporated,1
without,1
already,1
president,1
textbook,1
circumstances,1
constraints,1
mold,1
reports,1
highlight,1
simply,1
limit,1
mine,1
serve,1
ask,1
pantheon,1
retard,1
friend,1
counterrevolution,1
fishlow,1
imagining,1
anything,1
railroads,1
known,1
threat,1
follow,1
terminates,1
scrutiny,1
irrepressible,1
undermine,1
boring,1
love,1
volume,1
persuasive,1
undertaken,1
ease,1
wrong,1
evaluation,1
fellow,1
cost,1
winning,1
blithely,1
justified,1
fire,1
western,1
blended,1
served,1
science,1
majority,1
conjecturing,1
willing,1
searching,1
law,1
dominant,1
challenge,1
believed,1
ii,1
business,1
implications,1
stated,1
sides,1
taken,1
debating,1
highly,1
know,1
verge,1
again,1
drawing,1
ran,1
rapid,1
differently,1
chasing,1
provisional,1
chance,1
methodology,1
intellectual,1
partner,1
allow,1
proof,1
control,1
emerged,1
friends,1
sticking,1
sure,1
retreat,1
working,1
finance,1
stay,1
opening,1
sparked,1
purview,1
analytical,1
excellent,1
words,1
incorporates,1
joyce,1
confirmed,1
parties,1
longer,1
lack,1
shaped,1
columbia,1
extent,1
seem,1
available,1
agenda,1
gone,1
dollars,1
flowing,1
victories,1
canada,1
leading,1
leaders,1
down,1
appearance,1
assertion,1
overall,1
together,1
entered,1
morning,1
half,1
afraid,1
doesn,1
unaware,1
current,1
differences,1
developed,1
attack,1
impressionistic,1
successors,1
followers,1
raised,1
savings,1
eventually,1
last,1
looked,1
confront,1
departments,1
objectives,1
break,1
gene,1
transferred,1
dispatches,1
clearly,1
thanks,1
demonstrating,1
gray,1
cooperating,1
reunion,1
census,1
launched,1
relate,1
state,1
debates,1
entrepreneurial,1
narrow,1
real,1
away,1
evolving,1
deja,1
man,1
conclusion,1
interpretations,1
feature,1
attained,1
serious,1
embrace,1
productivity,1
term,1
detailing,1
jelled,1
big,1
other,1
merely,1
late,1
mind,1
unions,1
hand,1
scholarship,1
dismissing,1
hypothesis,1
outset,1
reserved,1
sorts,1
william,1
remarkable,1
though,1
game,1
formation,1
ours,1
gettysburg,1
something,1
mckinlay,1
mackinlay,1
honeymoon,1
returns,1
developing,1
carefully,1
investigation,1
does,1
existing,1
coarse,1
circles,1
armed,1
income,1
them,1
whether,1
viewed,1
terms,1
form,1
constraining,1
ones,1
references,1
notes,1
forth,1
colossus,1
imposed,1
otherwise,1
occasional,1
record,1
exogenous,1
agricultural,1
year,1
resulted,1
erupted,1
losing,1
perished,1
george,1
iii,1
firmly,1
explain,1
project,1
unnecessary,1
slowed,1
conquer,1
wide,1
reminder,1
cambridge,1
pool,1
edward,1
always,1
railways,1
constraint,1
free,1
agriculture,1
briefly,1
institute,1
improve,1
discovered,1
addresses,1
crux,1
constitutional,1
remained,1
wrapped,1
produce,1
remove,1
answers,1
advise,1
predict,1
another,1
potential,1
imagine,1
uneven,1
minimal,1
ineptitude,1
fundamentally,1
development,1
suggests,1
marc,1
myself,1
king,1
compelling,1
understanding,1
vogue,1
disprove,1
attended,1
extended,1
argue,1
millions,1
travel,1
northerners,1
hapsburg,1
unnoticed,1
jacksonian,1
object,1
counterfact,1
element,1
examples,1
pursue,1
industrial,1
hallett,1
even,1
narrowing,1
presented,1
carries,1
asides,1
hemisphere,1
obvious,1
limitations,1
incorporating,1
reflection,1
concept,1
brought,1
narrowly,1
say,1
except,1
understated,1
fictional,1
drew,1
far,1
introduced,1
parameter,1
revolutions,1
unfinished,1
seminal,1
industrialization,1
secret,1
develop,1
improves,1
predictions,1
canals,1
suspiciously,1
convinced,1
provoking,1
totally,1
wore,1
feared,1
traditional,1
disciplines,1
assumptions,1
spite,1
happens,1
confronted,1
substance,1
unfortunately,1
modem,1
arguments,1
summarizes,1
refers,1
perhaps,1
numerous,1
qualitative,1
fiddling,1
exist,1
gain,1
complained,1
aspect,1
coming,1
regarding,1
attic,1
contribute,1
commissioned,1
announcing,1
thus,1
leap,1
individuals,1
chapters,1
check,1
asked,1
vignettes,1
reflect,1
gnawed,1
novels,1
de,1
grace,1
announce,1
harcourt,1
statute,1
endorsed,1
shown,1
students,1
election,1
tendency,1
accuracy,1
showing,1
considering,1
attraction,1
confine,1
immediate,1
catch,1
knopf,1
ignored,1
endorsement,1
explorations,1
own,1
blockade,1
defeated,1
professor,1
wang,1
observed,1
truths,1
initial,1
exit,1
graduate,1
adding,1
approach,1
authors,1
assignment,1
express,1
articulating,1
rooting,1
finally,1
accept,1
d,1
alternatives,1
lectures,1
signing,1
staple,1
pour,1
creating,1
issn,1
fresh,1
course,1
moment,1
giving,1
decided,1
worried,1
include,1
needed,1
commerce,1
typically,1
successful,1
caused,1
hard,1
field,1
magazine,1
need,1
discover,1
inventing,1
hill,1
investigators,1
insisted,1
coup,1
busy,1
arms,1
ecession,1
high,1
played,1
vue,1
famine,1
tackle,1
forced,1
espoused,1
emerging,1
off,1
postwar,1
pinned,1
area,1
hold,1
plausibility,1
sixty,1
phrase,1
black,1
heart,1
lose,1
remains,1
shift,1
tends,1
short,1
family,1
ships,1
loose,1
calling,1
footnotes,1
decide,1
revisited,1
devotees,1
ignore,1
tony,1
subjects,1
accurately,1
systems,1
pioneering,1
trying,1
rethink,1
eyes,1
papers,1
harmony,1
industry,1
constructing,1
close,1
speculated,1
peace,1
fate,1
specialize,1
brace,1
distinguished,1
smooth,1
applying,1
left,1
distain,1
antietam,1
exactly,1
economists,1
displayed,1
fit,1
effect,1
altogether,1
enterprise,1
reveled,1
debate,1
managed,1
create,1
struck,1
views,1
revised,1
london,1
easily,1
entire,1
opposite,1
dominance,1
dependent,1
divergent,1
sudden,1
critique,1
much,1
seemed,1
details,1
colleague,1
strong,1
apparently,1
frictions,1
nice,1
cycle,1
competing,1
trends,1
infancy,1
muniments,1
engulfing,1
pointing,1
should,1
deigned,1
ca,1
improbable,1
showed,1
berra,1
trevelyan,1
reluctant,1
stagnate,1
stalemate,1
perils,1
outcomes,1
defeating,1
surprising,1
