WORDCOUNTS,WEIGHT
the,698
of,482
and,298
in,194
to,173
a,147
silver,112
money,108
coins,100
that,92
subsidiary,86
for,72
is,69
p,63
was,61
as,61
free,60
by,57
see,57
from,51
on,51
notes,49
coin,46
circulation,45
currency,40
at,38
small,38
were,37
period,37
it,35
s,35
states,34
fractional,33
during,33
would,33
coinage,32
not,32
with,32
this,30
history,29
gramm,29
have,29
real,28
denominations,28
value,28
united,28
be,28
shortage,26
an,26
pp,26
dollar,26
had,24
been,24
nominal,24
issue,23
transactions,23
demand,23
are,23
state,22
no,22
monetary,22
movement,22
bank,21
new,21
we,21
treasury,21
all,20
wages,20
than,19
level,19
or,19
but,19
report,19
premium,18
u,17
million,17
carothers,17
war,17
annual,17
when,17
which,17
there,16
west,16
south,16
where,16
significant,16
exchange,16
ratio,16
they,15
one,15
issued,15
more,15
banking,15
shortages,15
civil,14
substitutes,14
evidence,14
american,13
into,13
secretary,13
price,13
costs,13
their,13
data,13
ibid,13
dollars,13
denomination,12
total,12
supply,12
dc,12
specie,12
economic,12
only,12
also,12
existed,12
gpo,12
historical,12
national,12
washington,12
if,11
taken,11
those,11
some,11
such,11
legal,11
could,11
statistics,11
private,11
increase,11
congress,11
times,11
comptroller,11
bureau,11
convertibility,11
theory,11
colonial,11
other,10
available,10
debt,10
york,10
most,10
bill,10
use,10
mint,10
gold,10
lower,9
interest,9
journal,9
circulated,9
result,9
stock,9
produced,9
r,9
relative,9
two,9
law,9
time,9
banks,9
held,9
general,9
after,9
timberlake,9
can,9
who,9
analysis,9
any,9
par,9
half,9
denominational,9
expect,8
before,8
production,8
wage,8
america,8
friedman,8
century,8
even,8
bills,8
act,8
federal,8
w,8
cost,8
public,8
because,8
up,8
these,8
debtors,8
fact,8
explanation,8
percent,8
note,8
figure,8
foreign,8
did,8
economy,8
using,8
our,8
years,8
increased,8
coefficient,8
greenbacks,7
rate,7
prior,7
premiums,7
his,7
university,7
effect,7
prices,7
change,7
f,7
short,7
hourly,7
department,7
limit,7
less,7
values,7
trade,7
standard,7
bimetallism,7
series,7
has,7
press,7
until,7
given,7
likely,6
bryan,6
occurred,6
holding,6
princeton,6
minted,6
laughlin,6
j,6
seems,6
company,6
system,6
advocates,6
gnp,6
higher,6
support,6
m,6
wealth,6
almost,6
denominated,6
schwartz,6
aggregate,6
periods,6
positive,6
cheap,6
same,6
dummy,6
today,6
variable,6
then,6
equation,6
manufacturing,6
although,6
measured,6
era,6
substantial,6
does,5
market,5
nineteenth,5
first,5
farmers,5
composition,5
political,5
resumption,5
throughout,5
differential,5
g,5
old,5
extraordinary,5
factors,5
house,5
found,5
speeches,5
census,5
bullion,5
outstanding,5
prewar,5
ten,5
decline,5
will,5
units,5
creditors,5
added,5
larger,5
contemporary,5
government,5
valued,5
greenback,5
over,5
domestic,5
very,5
closest,5
ones,5
must,5
through,5
became,5
product,5
between,5
substitute,5
chicago,5
laws,5
barter,5
large,4
twenty,4
great,4
last,4
raised,4
regression,4
sought,4
account,4
review,4
unger,4
inflation,4
hepburn,4
document,4
l,4
growth,4
grew,4
dutton,4
amount,4
came,4
effort,4
appears,4
however,4
saving,4
used,4
work,4
brought,4
least,4
debts,4
mitchell,4
presence,4
gross,4
various,4
sargent,4
reduce,4
july,4
under,4
dewey,4
volume,4
business,4
never,4
model,4
empirical,4
significance,4
clear,4
especially,4
structure,4
equivalent,4
widely,4
recognize,4
types,4
canada,4
case,4
selgin,4
redemption,4
according,4
velde,4
burden,4
little,4
balances,4
d,4
smaller,4
mints,4
problem,3
common,3
extreme,3
resulted,3
taussig,3
per,3
certificates,3
h,3
policy,3
knox,3
negative,3
freely,3
follows,3
i,3
limited,3
context,3
fortune,3
existence,3
historians,3
issuance,3
quantity,3
conducted,3
expected,3
garber,3
back,3
reflux,3
allowing,3
sherman,3
special,3
miscellaneous,3
n,3
impact,3
welfare,3
quarters,3
show,3
store,3
demise,3
big,3
demanders,3
supporters,3
equal,3
near,3
representatives,3
relief,3
part,3
its,3
year,3
issues,3
t,3
running,3
suggest,3
senator,3
melted,3
long,3
issuing,3
velocity,3
second,3
onset,3
return,3
converted,3
hold,3
exceeded,3
about,3
tax,3
muhleman,3
lowering,3
shows,3
areas,3
end,3
took,3
debasement,3
existing,3
inflationists,3
day,3
thousands,3
credit,3
restrictions,3
largely,3
virtually,3
actual,3
logic,3
so,3
function,3
statistically,3
spliced,3
outcry,3
problems,3
systems,3
exported,3
quarter,3
increasing,3
substitution,3
lost,3
accepted,3
began,3
nj,3
coefficients,3
payment,3
table,3
exchanged,3
plus,3
simply,3
appealing,3
excess,3
each,3
country,3
down,3
returns,3
number,3
what,3
capita,3
them,3
while,3
generally,3
suggests,3
middle,3
presented,3
argument,3
average,3
decrease,3
provided,3
c,3
traditional,3
much,3
taylor,3
should,3
zero,2
o,2
estimated,2
way,2
medieval,2
phil,2
privately,2
ready,2
superceded,2
eliminated,2
paradoxically,2
unclaimed,2
authority,2
upheaval,2
greater,2
western,2
fixed,2
equations,2
induced,2
metallic,2
consistent,2
provision,2
sources,2
pennies,2
worked,2
estimation,2
indifferent,2
resulting,2
antipathy,2
failures,2
alike,2
within,2
stopped,2
paying,2
constraint,2
march,2
nonoptimum,2
purchases,2
panic,2
apply,2
sign,2
surplus,2
labor,2
thus,2
cities,2
merchants,2
since,2
assumes,2
capped,2
forced,2
estimates,2
compared,2
find,2
y,2
error,2
purchasing,2
predicted,2
how,2
study,2
retail,2
accounts,2
suppression,2
objects,2
statistical,2
producers,2
latin,2
director,2
just,2
days,2
numbers,2
decade,2
followed,2
circulating,2
important,2
providing,2
appear,2
disappeared,2
holdings,2
hours,2
appearance,2
out,2
economics,2
relation,2
requirements,2
late,2
further,2
understood,2
population,2
purchased,2
workday,2
approached,2
required,2
facilities,2
source,2
well,2
seeking,2
nucleus,2
apparent,2
whole,2
earn,2
resort,2
hardship,2
commerce,2
below,2
sole,2
transfer,2
always,2
results,2
paid,2
cycle,2
portion,2
therefore,2
sons,2
situation,2
power,2
absence,2
contended,2
action,2
logically,2
indeed,2
concentrated,2
exception,2
make,2
bankers,2
initially,2
southern,2
once,2
selling,2
interpretation,2
morgan,2
marshall,2
sales,2
without,2
reports,2
enforce,2
rise,2
payments,2
unreliable,2
stated,2
toward,2
again,2
europe,2
rhodes,2
complementary,2
anecdotal,2
abstract,2
reform,2
john,2
clause,2
behind,2
do,2
income,2
renaissance,2
perhaps,2
doubled,2
hoarded,2
session,2
made,2
depended,2
medium,2
sold,2
variables,2
dime,2
amounts,2
statues,2
optimum,2
dimes,2
municipal,2
strongly,2
article,2
respectively,2
anderson,2
january,2
contracts,2
doc,2
prohibiting,2
institution,2
insignificant,2
things,2
five,2
consummate,2
resumed,2
seen,2
force,2
returned,2
rapidly,2
executive,2
matters,2
shaw,2
circumstances,2
ever,2
command,2
alternative,2
highly,2
worth,2
december,2
best,2
universal,2
current,2
constant,2
sanger,2
following,2
william,2
jennings,2
making,2
rising,2
cause,2
imposed,2
add,2
hoped,2
produce,2
redish,2
cents,2
popular,2
xi,2
boston,2
thereby,2
despite,2
shinplasters,2
november,2
acute,2
measure,2
conventional,2
putnam,2
bimetallic,2
tender,2
officially,2
maintained,2
firms,2
buying,2
statute,2
cambridge,2
numerous,2
finally,2
accept,2
ended,2
romer,2
sur,2
piece,2
association,2
restored,2
assumed,2
reached,2
recent,2
close,2
eagerly,2
difficult,1
now,1
complaint,1
explosion,1
possessed,1
done,1
limits,1
appealed,1
declared,1
holder,1
concerned,1
meaning,1
groups,1
created,1
engendered,1
affected,1
reconsidered,1
college,1
determine,1
offset,1
e,1
balke,1
formed,1
convertible,1
true,1
ways,1
completely,1
walker,1
sudden,1
inconsistent,1
studies,1
modern,1
quadratic,1
streamed,1
clamored,1
equated,1
explanatory,1
presents,1
something,1
edu,1
eager,1
agitated,1
permitted,1
turning,1
debased,1
test,1
experience,1
being,1
anything,1
railroads,1
either,1
attorney,1
stabilization,1
zellner,1
fast,1
revisited,1
certainly,1
pervasive,1
entailed,1
handle,1
chaos,1
abound,1
postage,1
generated,1
artificially,1
supplied,1
confirmed,1
salmon,1
monies,1
individuals,1
suggesting,1
together,1
desire,1
thank,1
timing,1
accumulated,1
studied,1
fives,1
disappearance,1
vanishing,1
substantive,1
closer,1
hundred,1
court,1
take,1
efficiently,1
help,1
delirium,1
consist,1
date,1
respond,1
circumvention,1
reserved,1
onedollar,1
normal,1
invalid,1
suspension,1
ad,1
takes,1
dearth,1
iola,1
east,1
circulate,1
orator,1
agriculture,1
vol,1
quantities,1
replacement,1
activity,1
reaching,1
sale,1
reaction,1
functions,1
october,1
richard,1
obvious,1
professor,1
diss,1
taking,1
desired,1
classics,1
exchanges,1
indicating,1
conception,1
household,1
due,1
anticipated,1
undoubtedly,1
decreasing,1
chronic,1
letter,1
engage,1
tied,1
cursory,1
interestingly,1
exist,1
generalized,1
central,1
historically,1
explained,1
estimating,1
redeemed,1
development,1
calculated,1
restraining,1
lauglin,1
against,1
afterthought,1
scarce,1
domain,1
hid,1
occurs,1
jr,1
pay,1
assured,1
vault,1
turn,1
unity,1
distinct,1
nor,1
recoinage,1
legally,1
keep,1
perspective,1
stabilized,1
consummated,1
infrequently,1
contrary,1
highest,1
mccullock,1
restrict,1
six,1
served,1
left,1
effective,1
estimate,1
publications,1
compare,1
profit,1
weight,1
vice,1
urgent,1
hardly,1
though,1
redeem,1
rates,1
ubs,1
may,1
rights,1
poor,1
interesting,1
simultaneously,1
recognized,1
americans,1
whose,1
reflects,1
rather,1
observers,1
mattered,1
principally,1
factual,1
impetus,1
developed,1
declaring,1
stop,1
debated,1
square,1
unit,1
explicit,1
responded,1
pause,1
politicians,1
represented,1
analyzes,1
similar,1
certain,1
unconstitutional,1
parts,1
greenwood,1
hardships,1
matched,1
white,1
confederate,1
limitation,1
congressional,1
perilously,1
moreover,1
absorbed,1
supposed,1
memphis,1
reinterpretation,1
bonds,1
reason,1
eighteen,1
voluntarily,1
settled,1
affect,1
unaccounted,1
clearly,1
vivid,1
elsewhere,1
edition,1
squares,1
record,1
argued,1
benefited,1
additional,1
statement,1
exceed,1
evaders,1
surge,1
reconsideration,1
mix,1
index,1
froze,1
equivalence,1
opinion,1
export,1
suggested,1
cut,1
methodology,1
prisoners,1
contention,1
moving,1
legislative,1
endow,1
lead,1
priori,1
declined,1
discount,1
rule,1
entered,1
called,1
joy,1
typical,1
cell,1
lived,1
demands,1
shared,1
events,1
dispute,1
initial,1
acquiring,1
banker,1
equally,1
focused,1
reappeared,1
impeded,1
companies,1
meet,1
suffered,1
excellent,1
scale,1
otherwise,1
placed,1
explored,1
perform,1
wide,1
gained,1
possibility,1
eliminate,1
suspended,1
none,1
kelly,1
abroad,1
received,1
preferred,1
debit,1
unless,1
significantly,1
tens,1
ot,1
example,1
marvel,1
calls,1
reduction,1
related,1
nation,1
confirms,1
supreme,1
description,1
currencies,1
gave,1
determiner,1
policies,1
records,1
people,1
noted,1
actually,1
winter,1
binding,1
device,1
et,1
reflect,1
nickels,1
smallest,1
concave,1
redistribution,1
good,1
wholesale,1
parkway,1
normally,1
sense,1
correct,1
caused,1
exchanging,1
seized,1
protest,1
trading,1
next,1
order,1
contrast,1
around,1
indictment,1
spanish,1
driving,1
few,1
replace,1
components,1
temporary,1
industry,1
notorious,1
twos,1
suddenly,1
texas,1
portions,1
corporations,1
incurred,1
customary,1
visible,1
describes,1
world,1
sophistication,1
gordon,1
reducing,1
ognp,1
marveled,1
society,1
input,1
void,1
happen,1
he,1
proxy,1
matter,1
nonetheless,1
chase,1
britain,1
denuding,1
mintage,1
secondly,1
notoriously,1
constraints,1
denominator,1
community,1
still,1
bridle,1
degree,1
seemingly,1
ask,1
reimportation,1
finance,1
yet,1
reference,1
makes,1
thought,1
many,1
optimally,1
evil,1
array,1
neither,1
tn,1
jay,1
railroad,1
homogeneous,1
orders,1
perspectives,1
assistance,1
surrenders,1
reprint,1
industrial,1
preeminent,1
functioned,1
krause,1
sector,1
social,1
resolution,1
book,1
multiplying,1
fell,1
others,1
put,1
abounded,1
reappearance,1
longer,1
lack,1
diminishing,1
offseting,1
coincidence,1
scholars,1
indies,1
appeared,1
manifested,1
daily,1
decreases,1
fallen,1
remain,1
substantially,1
identical,1
pattern,1
convert,1
enlarge,1
conclusions,1
promoted,1
drove,1
everyday,1
increases,1
cards,1
covered,1
consummation,1
secular,1
purposes,1
ascribing,1
postal,1
unanticipated,1
necessary,1
stitutes,1
ao,1
belief,1
hamilton,1
sell,1
ordinary,1
gives,1
coined,1
reflected,1
remarkably,1
another,1
kansas,1
greatest,1
meaningful,1
investment,1
vast,1
discussion,1
upon,1
deposits,1
including,1
desperate,1
manufactured,1
holt,1
sufficiently,1
expand,1
eighties,1
traded,1
hypotheses,1
assumption,1
rivers,1
conditions,1
hoc,1
services,1
continue,1
chosen,1
previous,1
farmer,1
office,1
theories,1
described,1
afterward,1
reality,1
b,1
inadequate,1
reputation,1
dominated,1
reap,1
spawned,1
august,1
tokens,1
issn,1
allowed,1
started,1
like,1
risen,1
obtained,1
hepbum,1
arteries,1
filled,1
kept,1
accurate,1
probable,1
households,1
macroeconomic,1
misunderstanding,1
provides,1
expired,1
thomas,1
construct,1
artificial,1
possess,1
promote,1
mining,1
methods,1
computed,1
eloquent,1
become,1
businesses,1
successors,1
references,1
acquire,1
mainly,1
abounds,1
minting,1
probably,1
looked,1
macmillan,1
saw,1
famine,1
joint,1
quarterly,1
stimulant,1
opposite,1
attention,1
unrelated,1
brown,1
overrun,1
mail,1
carried,1
consists,1
yields,1
fifty,1
wagnalls,1
violation,1
dominates,1
raise,1
continued,1
george,1
bulk,1
usually,1
practical,1
claimed,1
pieces,1
flowed,1
begin,1
exacerbated,1
deeming,1
contraction,1
fewer,1
sec,1
widespread,1
debtor,1
lobbying,1
statutes,1
investigators,1
means,1
sectional,1
directory,1
fs,1
economists,1
importantly,1
remaining,1
furnish,1
changes,1
often,1
extra,1
blood,1
surprising,1
extremely,1
fields,1
citizens,1
get,1
itself,1
coincided,1
stable,1
considered,1
distributional,1
assistant,1
neglected,1
heavy,1
freak,1
precedence,1
growing,1
comes,1
several,1
version,1
demonetization,1
struck,1
retard,1
pace,1
implied,1
dubious,1
offered,1
treats,1
constructed,1
occurrences,1
plea,1
halfpeso,1
set,1
minimization,1
why,1
principle,1
readily,1
halt,1
guaranteed,1
proponents,1
paper,1
commission,1
innovations,1
seem,1
believe,1
referees,1
deprivation,1
restrictive,1
ph,1
printed,1
inquiry,1
collectors,1
ar,1
impossible,1
rely,1
disequilibrium,1
benefit,1
pollock,1
chairman,1
demonetized,1
past,1
rural,1
living,1
assessment,1
evident,1
stamps,1
insistent,1
beginning,1
funk,1
suffering,1
surpluses,1
virtual,1
alabama,1
purchase,1
combined,1
implicit,1
terms,1
stability,1
form,1
maintain,1
passed,1
shall,1
distribution,1
transaction,1
collector,1
local,1
yield,1
size,1
deflation,1
ginn,1
both,1
preserved,1
reported,1
sheer,1
confirm,1
innocent,1
buy,1
subject,1
intended,1
administration,1
assumptions,1
hamper,1
adapted,1
deviate,1
substance,1
penny,1
obtain,1
twenties,1
breakers,1
impeding,1
isolated,1
quantifiable,1
ensuing,1
goals,1
transacted,1
drive,1
come,1
question,1
wild,1
deferred,1
shown,1
obliged,1
instructive,1
differentiation,1
unable,1
generate,1
disappear,1
initiated,1
proclamations,1
finding,1
illinois,1
publishing,1
contributed,1
offer,1
joined,1
unfit,1
need,1
opinions,1
build,1
effects,1
voluntary,1
plentiful,1
area,1
summary,1
anonymous,1
needs,1
thousand,1
observation,1
specific,1
potential,1
sen,1
doubling,1
nonoptimal,1
consisted,1
point,1
enterprise,1
early,1
views,1
abandoned,1
focus,1
among,1
north,1
economize,1
famous,1
termed,1
major,1
occur,1
harmful,1
continuously,1
hypothesis,1
