WORDCOUNTS,WEIGHT
the,575
of,373
in,286
and,272
japanese,229
to,173
california,154
a,98
by,94
farm,91
land,88
farmers,83
from,77
that,74
were,72
percent,72
for,66
pp,66
law,65
was,64
number,61
immigrant,56
p,53
as,52
agriculture,50
alien,50
on,50
prices,48
immigrants,47
farms,47
s,45
american,43
states,40
during,38
this,38
agricultural,38
not,35
labor,34
farming,34
decline,29
see,29
united,29
war,28
laws,27
or,27
real,26
census,26
acres,25
is,25
u,24
than,24
only,24
also,24
after,23
estate,22
total,22
all,22
who,22
no,21
had,21
fell,21
an,21
between,21
world,20
higgs,19
other,19
their,19
but,19
with,19
did,19
be,19
americans,18
which,18
more,17
crops,16
university,16
data,16
increase,16
there,15
impact,15
boom,15
index,15
have,15
press,15
one,14
suzuki,14
table,14
farmed,14
washington,14
impotent,14
history,13
are,13
i,13
managers,13
value,13
less,13
almost,13
ii,12
however,12
up,12
these,12
tenant,12
ichioka,12
national,12
johnson,12
important,11
dc,11
based,11
population,11
economic,11
landless,11
many,11
berkeley,11
grown,11
farmland,11
it,10
stover,10
angeles,10
under,10
general,10
although,10
ca,10
at,9
sources,9
hawaii,9
century,9
compared,9
grew,9
chinese,9
because,9
los,9
san,9
second,9
about,9
new,9
where,9
japan,9
daniels,9
immigration,9
gpo,9
passage,9
reported,9
issei,9
they,8
price,8
journal,8
generation,8
growth,8
could,8
further,8
depression,8
percentage,8
social,8
asian,8
operated,8
exports,8
would,8
can,8
fall,8
passed,8
while,8
years,8
average,8
crisis,8
much,8
h,7
rhode,7
politics,7
supply,7
tenants,7
york,7
output,7
actually,7
change,7
owned,7
when,7
trends,7
same,7
two,7
ibid,7
made,7
including,7
fruits,7
so,7
figure,7
following,7
over,7
continental,7
argue,7
growing,7
francisco,7
increased,7
market,6
committee,6
production,6
j,6
court,6
robert,6
citizenship,6
some,6
owners,6
due,6
white,6
numbers,6
declined,6
economics,6
wright,6
leasing,6
part,6
tenure,6
people,6
stanford,6
led,6
fruit,6
azuma,6
loopholes,6
vegetables,6
efforts,6
regan,6
chuman,6
use,6
three,6
continued,6
been,6
migration,6
report,6
historical,6
drop,6
rose,6
both,6
despite,6
twentieth,6
little,6
laborers,6
major,6
bamboo,5
policy,5
into,5
negative,5
acreage,5
able,5
state,5
optimism,5
explained,5
severe,5
cases,5
response,5
earlier,5
show,5
initiative,5
view,5
came,5
tolan,5
public,5
its,5
whole,5
foreclosures,5
buildings,5
family,5
grapes,5
progress,5
south,5
demand,5
movement,5
crop,5
banks,5
ladder,5
story,5
agreement,5
thomas,5
article,5
downturn,5
bureau,5
iwata,5
then,5
soil,5
country,5
rented,5
sixteenth,5
strong,5
o,4
if,4
per,4
large,4
authority,4
studies,4
largely,4
decade,4
evasion,4
princeton,4
women,4
first,4
long,4
government,4
products,4
barred,4
planted,4
gavin,4
relocation,4
such,4
run,4
calculated,4
times,4
even,4
whose,4
bunje,4
main,4
proportion,4
miscellaneous,4
argued,4
most,4
cotton,4
m,4
whereas,4
opposition,4
concentration,4
markets,4
supreme,4
loss,4
place,4
contrast,4
whecking,4
annual,4
business,4
community,4
included,4
home,4
department,4
records,4
paul,4
addition,4
financial,4
scholars,4
children,4
olmstead,4
bust,4
factor,4
defense,4
allowed,4
like,4
period,4
exported,4
postwar,4
contracts,4
relative,4
offspring,4
male,4
seen,4
sharp,4
different,4
half,4
rural,4
modell,4
better,4
fuller,4
african,4
contract,4
association,4
rate,3
stuart,3
groups,3
masao,3
decades,3
affected,3
distress,3
college,3
e,3
expect,3
ways,3
nuts,3
cycles,3
fifteenth,3
taken,3
operators,3
scientists,3
continue,3
great,3
overall,3
those,3
political,3
matsumoto,3
issue,3
america,3
vol,3
move,3
development,3
author,3
learning,3
turn,3
adjustment,3
back,3
truck,3
adult,3
chan,3
berries,3
act,3
his,3
vs,3
study,3
beets,3
statistical,3
intensive,3
section,3
w,3
age,3
aliens,3
salvage,3
cannot,3
used,3
work,3
discusses,3
example,3
nation,3
ten,3
onions,3
figures,3
citizen,3
legislation,3
wheat,3
good,3
legacy,3
level,3
working,3
june,3
peak,3
gordon,3
expansion,3
still,3
southern,3
ineligible,3
frank,3
soon,3
hay,3
gentlemen,3
demographic,3
fact,3
shows,3
sullivan,3
exclusion,3
end,3
employment,3
banned,3
jiobu,3
alston,3
another,3
local,3
effectiveness,3
background,3
explanation,3
significant,3
congress,3
accounted,3
slightly,3
grain,3
sugar,3
consequences,3
kidner,3
increasing,3
ichihashi,3
success,3
force,3
lawrence,3
rapidly,3
quite,3
citizens,3
beans,3
consulate,3
conclusion,3
alternative,3
evade,3
monthly,3
best,3
appendix,3
foundation,3
harvest,3
senate,3
purchase,3
what,3
combined,3
adults,3
institute,3
information,3
incomes,3
size,3
buy,3
went,3
manufacturing,3
webb,3
cantaloupes,3
camps,3
giannini,3
rest,3
potatoes,3
early,3
among,3
does,2
way,2
northeast,2
alone,2
true,2
grove,2
hegemony,2
before,2
nineteenth,2
edu,2
inc,2
attempts,2
rapid,2
worked,2
available,2
leading,2
fully,2
verbal,2
lebergott,2
takaki,2
concludes,2
farmer,2
failures,2
swat,2
racial,2
circumvent,2
engstrand,2
case,2
has,2
apricots,2
outlying,2
hallagan,2
taking,2
cited,2
plenty,2
thus,2
upheld,2
includes,2
review,2
roger,2
against,2
walnut,2
californians,2
old,2
http,2
restrict,2
incarceration,2
exempt,2
acknowledge,2
contracting,2
purchasing,2
higher,2
rights,2
vegetable,2
circular,2
weighted,2
midwest,2
represented,2
dealt,2
means,2
changes,2
url,2
origins,2
okihiro,2
rental,2
followed,2
utah,2
willing,2
owning,2
wyoming,2
greater,2
lead,2
asparagus,2
found,2
entering,2
lived,2
out,2
pass,2
late,2
though,2
blow,2
suffered,2
wealth,2
explain,2
basis,2
r,2
closed,2
ruggles,2
excessive,2
year,2
overview,2
horn,2
sobek,2
lukes,2
et,2
focuses,2
employed,2
alan,2
status,2
artichokes,2
errors,2
arkansas,2
thirteenth,2
nine,2
exclude,2
settlement,2
around,2
characteristics,2
few,2
research,2
seeds,2
coast,2
covenants,2
using,2
hops,2
lend,2
periods,2
fuchs,2
he,2
situation,2
short,2
return,2
july,2
make,2
lipsey,2
pacific,2
edited,2
emil,2
contractors,2
ipums,2
ed,2
icpsr,2
al,2
reports,2
rise,2
lee,2
members,2
power,2
toward,2
again,2
europe,2
put,2
towards,2
lack,2
occupations,2
setback,2
oregon,2
empire,2
seventeenth,2
income,2
jobs,2
michael,2
downtown,2
pajus,2
jelinek,2
poli,2
argues,2
session,2
john,2
values,2
mortgaged,2
postbellum,2
tripled,2
ethnic,2
celery,2
trade,2
peter,2
vassey,2
keep,2
mexico,2
prunes,2
men,2
especially,2
nationally,2
sentiments,2
excluded,2
james,2
save,2
saw,2
hunt,2
european,2
foreign,2
began,2
transformation,2
suggestions,2
any,2
lemons,2
mentioned,2
tenancy,2
set,2
critz,2
legislature,2
lenders,2
oranges,2
historians,2
seem,2
interviewer,2
restrictive,2
mcgovney,2
losses,2
very,2
turned,2
beginning,2
born,2
according,2
recession,2
them,2
terms,2
particular,2
quote,2
seasonal,2
getting,2
conference,2
nj,2
boston,2
bittersweet,2
city,2
strangers,2
tomatoes,2
buying,2
lands,2
fourteenth,2
include,2
evidence,2
provided,2
effects,2
campaign,2
territories,2
rice,2
themselves,2
corn,2
taylor,2
quantity,2
courts,1
stiffer,1
problem,1
final,1
varden,1
struggle,1
child,1
page,1
appealed,1
common,1
estimated,1
later,1
treaties,1
imported,1
immune,1
acre,1
excess,1
offset,1
measures,1
mar,1
utility,1
federation,1
pushed,1
passing,1
hearings,1
center,1
oflos,1
partially,1
andnew,1
illegal,1
likely,1
peas,1
easily,1
mortgages,1
skyline,1
considerations,1
harsh,1
unlike,1
holding,1
legion,1
something,1
attractiveness,1
source,1
adon,1
experience,1
diffusion,1
lower,1
accumulation,1
being,1
middletown,1
either,1
stressed,1
www,1
abate,1
insure,1
upholding,1
connection,1
give,1
andpolitics,1
concentrated,1
diego,1
yamato,1
season,1
attempt,1
brien,1
expectation,1
discerned,1
maturation,1
words,1
gary,1
confirmed,1
dramatically,1
attractive,1
carter,1
broken,1
pono,1
together,1
simple,1
differences,1
achievement,1
follows,1
take,1
porterfield,1
damage,1
last,1
greatly,1
raised,1
reserved,1
staff,1
opposite,1
china,1
diversify,1
wage,1
kilby,1
seminar,1
governmental,1
cupertino,1
mechanized,1
ngai,1
clarence,1
escheat,1
key,1
money,1
motion,1
masked,1
ofprejudice,1
hall,1
march,1
figs,1
plums,1
enforcement,1
explorations,1
drive,1
siebert,1
purchases,1
professor,1
west,1
occurring,1
onethe,1
combination,1
peggy,1
except,1
coolies,1
timothy,1
resources,1
undoubtedly,1
precipitous,1
prevented,1
string,1
controlled,1
funded,1
succeed,1
daughters,1
arguments,1
collapse,1
ronald,1
harcourt,1
umn,1
historically,1
points,1
accommodation,1
overlooks,1
tables,1
assumes,1
unpublished,1
g,1
raisins,1
phelan,1
valerie,1
relatively,1
santa,1
emigration,1
dudley,1
expected,1
montana,1
developments,1
ct,1
speculative,1
amended,1
cancel,1
contrary,1
ithaca,1
six,1
difficulty,1
young,1
served,1
ally,1
outnumbered,1
effective,1
employers,1
find,1
look,1
details,1
apparently,1
fellow,1
loan,1
unskilled,1
stanley,1
rates,1
implementation,1
jean,1
failed,1
opposed,1
via,1
voters,1
without,1
operations,1
rather,1
l,1
performance,1
developed,1
how,1
edward,1
joan,1
basic,1
cauliflower,1
explicit,1
biggest,1
levels,1
calculation,1
parents,1
weighting,1
resume,1
supplement,1
legal,1
whether,1
publisher,1
similar,1
parts,1
pages,1
feel,1
arbor,1
factors,1
support,1
lettuce,1
reason,1
rising,1
understand,1
utterly,1
escape,1
win,1
carrots,1
bad,1
affect,1
wages,1
organization,1
organized,1
bit,1
warren,1
driven,1
just,1
dominate,1
house,1
shore,1
leases,1
four,1
consequence,1
smccd,1
transgress,1
niiya,1
yes,1
bruno,1
restriction,1
erroneous,1
outpacing,1
export,1
tory,1
cut,1
appear,1
grange,1
globalization,1
nebraska,1
banning,1
moving,1
result,1
cynthia,1
whom,1
sociological,1
path,1
questioned,1
histories,1
effort,1
missouri,1
seven,1
demands,1
international,1
cornell,1
noting,1
percentages,1
representative,1
acquiring,1
rent,1
promoters,1
stock,1
skilled,1
effect,1
fisher,1
agreements,1
appears,1
produced,1
boyd,1
purchased,1
pork,1
foreshadowed,1
absolute,1
lib,1
possibility,1
failure,1
well,1
sites,1
taxes,1
managrs,1
none,1
prewar,1
accounting,1
gains,1
planning,1
chang,1
amend,1
evading,1
fraser,1
vote,1
del,1
overturn,1
steve,1
heavily,1
denial,1
afortiori,1
minority,1
booming,1
inherited,1
issues,1
cheated,1
falling,1
forces,1
reflect,1
foreclosure,1
participate,1
horticulture,1
smallest,1
rendered,1
strongest,1
refuse,1
japs,1
least,1
closing,1
successful,1
caused,1
describing,1
tom,1
guardians,1
mediterranean,1
walnuts,1
driving,1
highly,1
takao,1
texas,1
differing,1
mixing,1
corporations,1
brown,1
core,1
always,1
spurious,1
paid,1
undergoing,1
gross,1
finds,1
actions,1
entrepreneurship,1
behalf,1
eiichiro,1
threatened,1
sons,1
minor,1
clara,1
indeed,1
brian,1
leased,1
spearheaded,1
socalled,1
corporation,1
object,1
indicates,1
comments,1
targeted,1
hold,1
contributing,1
pursuant,1
apples,1
yet,1
excessively,1
happened,1
proletarianization,1
rebounded,1
selective,1
calculations,1
recruited,1
sucheng,1
idaho,1
compiled,1
acting,1
assistance,1
eichiro,1
dropped,1
dan,1
microdata,1
ofland,1
appeals,1
odds,1
bar,1
sector,1
company,1
months,1
declining,1
culprit,1
rebounding,1
resolution,1
name,1
challenge,1
others,1
spinach,1
almonds,1
minorities,1
faster,1
twenty,1
rents,1
minnesota,1
agree,1
time,1
really,1
associates,1
fallen,1
urbanized,1
substantially,1
golden,1
pattern,1
feedback,1
mcmillan,1
utilize,1
wesleyan,1
never,1
conclusions,1
behind,1
do,1
increases,1
covered,1
model,1
continuing,1
dorothy,1
overextended,1
vulnerable,1
practice,1
minneapolis,1
perhaps,1
books,1
pears,1
lid,1
explicitly,1
free,1
refuted,1
teitz,1
doubled,1
kansas,1
credit,1
displace,1
classes,1
exhibit,1
sales,1
divided,1
accelerate,1
treated,1
bear,1
mechanization,1
depended,1
ruling,1
recover,1
top,1
empirical,1
virtually,1
refers,1
causes,1
grizzly,1
consortium,1
resulting,1
net,1
numbered,1
evolution,1
trend,1
individuals,1
examination,1
chosen,1
previous,1
overturned,1
platform,1
versions,1
low,1
clear,1
peaches,1
urbana,1
margaret,1
jose,1
b,1
nut,1
dominated,1
correcting,1
workers,1
issn,1
held,1
defensive,1
ny,1
high,1
filled,1
improved,1
nativeborn,1
lose,1
margin,1
bottoming,1
prosecution,1
appellate,1
outcomes,1
trying,1
k,1
dollars,1
become,1
relation,1
respectively,1
ann,1
acquire,1
examine,1
seattle,1
differ,1
capital,1
versus,1
cooperatives,1
tendency,1
masakazu,1
quarterly,1
lang,1
naturalization,1
louisiana,1
diferent,1
nativist,1
concluded,1
division,1
applies,1
examines,1
escaping,1
violation,1
note,1
cabbage,1
science,1
movements,1
five,1
yuji,1
staples,1
bound,1
ballot,1
attitude,1
fewer,1
render,1
lives,1
proposition,1
refrigerated,1
countries,1
life,1
class,1
often,1
responsible,1
slogan,1
frontier,1
education,1
obstacle,1
canada,1
olives,1
interpretive,1
susan,1
considered,1
quiddity,1
sections,1
historian,1
prohibited,1
series,1
demographics,1
version,1
comparison,1
must,1
simply,1
extensive,1
subterfuges,1
known,1
reignited,1
constructed,1
quotes,1
drew,1
sustained,1
cover,1
hannon,1
natural,1
reemerged,1
each,1
expanding,1
ratio,1
east,1
referees,1
down,1
mi,1
domestic,1
visiting,1
ozawa,1
matthew,1
goods,1
written,1
differed,1
going,1
c,1
curtailment,1
risky,1
lending,1
ofracial,1
mimeographed,1
william,1
suffering,1
discuss,1
frick,1
ruse,1
explanations,1
protections,1
reelection,1
interwar,1
selected,1
references,1
want,1
sociology,1
males,1
covers,1
leaving,1
distribution,1
her,1
oo,1
property,1
agreed,1
suggests,1
virginia,1
targets,1
asians,1
deflation,1
presented,1
owner,1
transport,1
multiple,1
affecting,1
through,1
sea,1
marketing,1
became,1
publishers,1
subject,1
tried,1
administration,1
agents,1
target,1
commodities,1
possessions,1
angered,1
sizeable,1
qualitative,1
challenges,1
glance,1
coming,1
oakland,1
formation,1
shown,1
until,1
argument,1
difference,1
sharpest,1
illinois,1
gillick,1
finally,1
hurt,1
reversed,1
parallels,1
ended,1
contributed,1
approximately,1
integrated,1
opinions,1
product,1
smaller,1
off,1
indices,1
mae,1
anonymous,1
observation,1
supported,1
nonfarm,1
consisted,1
debate,1
hogs,1
views,1
valley,1
ownership,1
entire,1
erroneously,1
bulwark,1
counts,1
longer,1
should,1
showed,1
race,1
close,1
arizona,1
looking,1
