WORDCOUNTS,WEIGHT
the,946
of,500
and,312
in,302
to,230
ottoman,125
a,109
for,108
coinage,105
as,90
that,88
was,87
this,86
silver,84
coins,69
from,68
not,67
were,62
century,60
these,55
during,53
it,52
european,51
with,48
monetary,44
by,44
pp,42
at,39
is,38
copper,38
empire,35
europe,34
money,34
on,34
fiscal,33
their,32
also,32
history,31
debased,31
period,31
government,30
new,30
ak,29
be,29
or,28
more,28
trade,27
one,25
state,25
markets,25
mints,25
sixteenth,24
economic,24
seventeenth,23
however,22
currency,22
which,22
e,21
pamuk,21
began,21
economy,21
content,21
istanbul,21
price,20
after,20
most,20
had,19
p,19
gold,19
large,18
but,18
have,18
east,18
asia,17
did,17
could,17
available,17
years,17
an,17
are,17
they,16
debasements,16
eight,16
well,16
until,16
evidence,16
mint,16
there,15
merchants,15
journal,15
university,15
many,15
pieces,15
between,15
production,14
since,14
part,14
decline,14
end,14
local,14
exchange,14
especially,14
press,14
piece,14
minted,13
some,13
revenues,13
its,13
mediterranean,13
see,13
cambridge,13
been,13
table,13
early,13
all,12
even,12
than,12
no,12
specie,12
revolution,12
small,12
same,12
time,12
when,12
france,12
s,11
difficulties,11
seigniorage,11
towards,11
spanish,11
two,11
barkan,11
volume,11
revenue,11
medieval,10
thus,10
i,10
those,10
has,10
used,10
rates,10
operations,10
nominal,10
provinces,10
provincial,10
about,10
debasement,10
who,10
world,10
use,9
first,9
eastern,9
unit,9
international,9
levantine,9
circulation,9
records,9
absence,9
only,9
so,9
mines,9
standard,9
can,9
detailed,9
es,9
over,9
them,9
episode,9
much,9
earlier,8
possible,8
point,8
very,8
such,8
output,8
transactions,8
his,8
important,8
war,8
near,8
coin,8
year,8
least,8
grams,8
addition,8
continued,8
centuries,8
numismatic,8
recent,8
studies,7
flows,7
western,7
long,7
daily,7
last,7
case,7
account,7
million,7
due,7
inflation,7
finances,7
without,7
circulated,7
standards,7
base,7
late,7
population,7
social,7
provided,7
value,7
edited,7
index,7
payments,7
remained,7
another,7
sahillioglu,7
percent,7
para,7
foreign,7
then,7
expenditures,7
urban,7
middle,7
conditions,7
crisis,7
ducat,6
system,6
against,6
york,6
parts,6
consequences,6
reason,6
venetian,6
result,6
arrival,6
public,6
called,6
out,6
deficits,6
appears,6
produced,6
good,6
will,6
he,6
may,6
reduced,6
above,6
soon,6
j,6
other,6
instability,6
considerable,6
accepted,6
including,6
amounts,6
would,6
relation,6
raise,6
provide,6
osmanli,6
any,6
known,6
each,6
half,6
current,6
far,6
goods,6
imperial,6
became,6
role,6
turkish,6
states,6
archives,5
now,5
rate,5
mantran,5
english,5
h,5
into,5
sources,5
taken,5
military,5
leading,5
help,5
dutch,5
central,5
issued,5
turn,5
amount,5
egypt,5
numismatik,5
substandard,5
india,5
ottomans,5
decades,5
declined,5
syria,5
brought,5
london,5
example,5
sufficient,5
always,5
spufford,5
society,5
periods,5
f,5
osmanische,5
second,5
limited,5
initially,5
southern,5
cipolla,5
routes,5
murphey,5
experienced,5
larger,5
pattern,5
took,5
turkey,5
values,5
asian,5
clear,5
correction,5
spain,5
balkans,5
quarter,5
substitution,5
volumes,5
payment,5
hasluck,5
detail,5
authorities,5
capital,5
down,5
chardin,5
inalclk,5
terms,5
while,5
almost,5
treasury,5
accept,5
d,5
given,5
if,4
later,4
market,4
affected,4
closure,4
du,4
being,4
fifteenth,4
attempts,4
differences,4
able,4
disappearance,4
issue,4
adverse,4
activity,4
entrepreneurs,4
de,4
back,4
weight,4
active,4
similar,4
study,4
argued,4
benefited,4
show,4
strategy,4
faced,4
levant,4
greater,4
came,4
based,4
gurush,4
bullion,4
metals,4
enjoyed,4
because,4
taxes,4
clean,4
related,4
bordo,4
currencies,4
et,4
ake,4
groschen,4
prices,4
schaendlinger,4
intercontinental,4
involved,4
around,4
governments,4
research,4
budgets,4
paid,4
led,4
demand,4
make,4
sultani,4
motomura,4
power,4
deterioration,4
do,4
increases,4
establish,4
perhaps,4
medium,4
tavernier,4
modem,4
soldiers,4
provides,4
latter,4
why,4
article,4
anatolia,4
increasing,4
bir,4
carried,4
precious,4
voyages,4
pressures,4
narh,4
exchanged,4
stable,4
series,4
mangir,4
what,4
stability,4
inscriptions,4
both,4
little,4
through,4
city,4
shown,4
fourteenth,4
explanation,4
contributed,4
although,4
ships,4
rycaut,4
c,4
supply,4
dirhams,3
metal,3
fractions,3
needed,3
american,3
ankara,3
compilation,3
modern,3
policy,3
halil,3
total,3
source,3
princeton,3
official,3
company,3
reasons,3
producing,3
sultans,3
faroqhi,3
china,3
context,3
agriculture,3
vol,3
determined,3
sussman,3
combination,3
belgeler,3
rhoads,3
indicates,3
explained,3
quality,3
run,3
demanded,3
tables,3
moneychangers,3
pay,3
old,3
purchasing,3
higher,3
premiums,3
added,3
observers,3
traffic,3
lasted,3
b,3
summarized,3
von,3
bursa,3
support,3
les,3
established,3
peasants,3
latin,3
numbers,3
w,3
four,3
followed,3
undertaken,3
sultan,3
flow,3
closely,3
appearance,3
giraldez,3
carolina,3
scale,3
fetched,3
receive,3
literature,3
italy,3
northern,3
place,3
forces,3
glahn,3
chevalier,3
employed,3
trends,3
change,3
siecle,3
successful,3
below,3
order,3
orient,3
troubles,3
tarihi,3
short,3
located,3
under,3
note,3
increasingly,3
published,3
worst,3
french,3
others,3
together,3
identical,3
practice,3
private,3
made,3
court,3
significant,3
accession,3
akes,3
versions,3
exports,3
three,3
unciarum,3
times,3
premium,3
disintegration,3
availability,3
probably,3
figures,3
la,3
reluctant,3
midcentury,3
iran,3
monetaires,3
collections,3
importantly,3
kafadar,3
often,3
existed,3
fall,3
equaled,3
shaw,3
protracted,3
ve,3
best,3
eventually,3
number,3
according,3
janissaries,3
reign,3
whether,3
rose,3
accounts,3
maintain,3
substantial,3
millions,3
deflation,3
occasionally,3
met,3
supplies,3
subject,3
omer,3
unable,3
lands,3
disappear,3
aware,3
approximately,3
americas,3
need,3
willing,3
attempted,3
increased,3
needs,3
kindleberger,3
bonitatis,3
technological,3
ends,3
close,3
florence,2
o,2
difficult,2
way,2
anatolian,2
announced,2
per,2
establet,2
myth,2
murat,2
expenditure,2
acceptance,2
fixed,2
royal,2
occurred,2
before,2
turning,2
fluctuations,2
either,2
eruireten,2
ii,2
attempt,2
turbulent,2
emerged,2
containing,2
book,2
cilt,2
stood,2
raising,2
take,2
luigini,2
akse,2
m,2
precisely,2
raised,2
robert,2
political,2
wage,2
within,2
papers,2
erder,2
contents,2
weighing,2
less,2
side,2
existence,2
circulate,2
america,2
right,2
changed,2
quantities,2
italian,2
thaler,2
richard,2
west,2
along,2
economies,2
evket,2
sundhaussen,2
throughout,2
spoon,2
spooner,2
izmir,2
miskimin,2
mine,2
kurumu,2
hierarchy,2
extensively,2
kind,2
reluctance,2
restrict,2
six,2
difficulty,2
gaastra,2
thin,2
find,2
outflow,2
loans,2
denominations,2
surpluses,2
ducats,2
ze,2
failed,2
operation,2
interesting,2
whose,2
how,2
debated,2
munro,2
serbia,2
generating,2
distant,2
periodic,2
counterfeiting,2
understand,2
empires,2
n,2
prevent,2
origins,2
circulating,2
problems,2
subsidiary,2
carlo,2
gerileme,2
disappeared,2
bureaucracy,2
centers,2
economics,2
alloy,2
ocean,2
politique,2
pure,2
prohibit,2
recently,2
xvii,2
osmanlilarda,2
explain,2
opposition,2
wide,2
method,2
information,2
experiment,2
network,2
inalcik,2
basis,2
durham,2
apparent,2
ten,2
though,2
suppliers,2
rise,2
approach,2
regions,2
solution,2
ratios,2
protest,2
trading,2
arabic,2
quite,2
concerns,2
industry,2
venice,2
codes,2
boundaries,2
generally,2
up,2
inability,2
notes,2
diminished,2
moved,2
therefore,2
numismatics,2
poland,2
functioning,2
cessation,2
overall,2
expansion,2
harry,2
rebellions,2
chap,2
loaded,2
probate,2
relied,2
examined,2
happened,2
serve,2
counterparts,2
technology,2
fifth,2
turk,2
puzzle,2
tax,2
orders,2
supplied,2
sharply,2
cargoes,2
regional,2
sometimes,2
faster,2
name,2
paul,2
segments,2
strike,2
similarly,2
demographic,2
ban,2
fact,2
pressure,2
iktisat,2
marseilles,2
documents,2
nathan,2
contemporary,2
serious,2
grierson,2
richards,2
michael,2
akira,2
widespread,2
reflected,2
barrett,2
credit,2
extended,2
discussion,2
campaigns,2
economie,2
range,2
chaudhuri,2
suraiya,2
budget,2
net,2
engaged,2
examination,2
ibid,2
low,2
transformation,2
quataert,2
flynn,2
points,2
peter,2
like,2
collected,2
obtained,2
different,2
spent,2
grosso,2
acquire,2
minting,2
tarih,2
monnaie,2
attention,2
unfolded,2
crete,2
islamic,2
movements,2
popularity,2
lutfi,2
primarily,2
army,2
seen,2
force,2
sharp,2
dans,2
construction,2
itself,2
worlds,2
earliest,2
zirai,2
meant,2
wars,2
magnitude,2
rarely,2
constant,2
growing,2
respective,2
extensive,2
sweden,2
organizational,2
here,2
shortcoming,2
quickly,2
refused,2
control,2
books,2
damascene,2
unknown,2
argue,2
gap,2
dennis,2
steensgaard,2
elsewhere,2
rural,2
gerber,2
masters,2
preisrevolution,2
akce,2
born,2
chicago,2
jennings,2
selected,2
form,2
list,2
particular,2
tabakoglu,2
akve,2
balance,2
suggests,2
hundreds,2
popular,2
asnn,2
presented,2
circumstances,2
despite,2
die,2
exceeded,2
bakir,2
question,2
examples,2
commercial,2
lists,2
argues,2
arturo,2
difference,2
average,2
finally,2
offer,2
joined,2
instead,2
gross,2
willingness,2
reminted,2
remains,2
roughly,2
charles,2
resources,2
russia,2
archival,2
asirlik,2
reached,2
evi,2
doneminde,2
strong,2
whenever,2
north,2
fourteenthand,2
customs,2
inventories,2
depreciation,2
major,2
scandinavian,1
aevket,1
final,1
countryside,1
quatuor,1
defective,1
trevoux,1
abolition,1
decentralized,1
jahrhundrets,1
possessed,1
mostly,1
done,1
struggle,1
frequent,1
fineness,1
common,1
estimated,1
names,1
imported,1
created,1
culminated,1
extreme,1
episodes,1
resulted,1
struggled,1
determine,1
intriguing,1
vogue,1
inconvenience,1
propagation,1
considerably,1
notably,1
holm,1
persia,1
germany,1
forcing,1
unsuccessful,1
overland,1
unscrupulous,1
yerleri,1
trium,1
ma,1
linkages,1
crunch,1
true,1
rado,1
illiterate,1
ecu,1
favor,1
idare,1
sancaks,1
decade,1
reasonably,1
motive,1
position,1
necessarily,1
mainland,1
pose,1
isolette,1
indes,1
kire,1
amongst,1
reich,1
baklr,1
practices,1
permitted,1
women,1
polish,1
par,1
various,1
experience,1
lower,1
anything,1
else,1
tracy,1
fairs,1
every,1
certainly,1
roman,1
exaggerated,1
handle,1
originally,1
quinque,1
steady,1
bilginsoy,1
proculpretium,1
location,1
xviieme,1
action,1
convert,1
referees,1
departure,1
scarcities,1
artur,1
reach,1
attractive,1
mehmet,1
momentum,1
confusion,1
thank,1
accumulated,1
pressed,1
origin,1
fruits,1
studied,1
incident,1
xiii,1
link,1
closer,1
scheme,1
potentate,1
haim,1
real,1
luitfi,1
feature,1
beylerbeyi,1
petty,1
meantime,1
date,1
kanunname,1
reserved,1
principal,1
ilk,1
california,1
hanc,1
stopped,1
passable,1
legend,1
tenms,1
tarihli,1
mercantilism,1
corresponded,1
incredulous,1
inflows,1
skopje,1
historians,1
task,1
constraint,1
primary,1
iv,1
draw,1
uzerine,1
celali,1
ornamentation,1
felt,1
marc,1
politics,1
explorations,1
haellquist,1
emre,1
taxation,1
move,1
obvious,1
reminting,1
diss,1
except,1
indicating,1
quantity,1
bottom,1
clipped,1
murad,1
inventory,1
alper,1
corresponding,1
exist,1
coating,1
defaulters,1
regularly,1
review,1
ronald,1
akqes,1
severe,1
miuessesesi,1
izaksa,1
accounted,1
pursue,1
professor,1
auctioned,1
fifteenthcentury,1
g,1
author,1
dozen,1
moment,1
decided,1
relations,1
raises,1
afford,1
tedaviildeki,1
participating,1
ocho,1
insisted,1
affairs,1
muibahat,1
attracting,1
estimates,1
cases,1
inserted,1
developments,1
govermnent,1
interim,1
commercialization,1
keep,1
perspective,1
ilkhanid,1
subtracted,1
birasirlik,1
differently,1
metin,1
response,1
serving,1
ample,1
suitable,1
dates,1
compared,1
left,1
au,1
single,1
despair,1
gtimuhane,1
estimate,1
mechanical,1
coincidentally,1
enderun,1
spite,1
vice,1
critique,1
tiirkiye,1
deeply,1
traditions,1
longterm,1
catalogues,1
unskilled,1
equal,1
jerusalem,1
importers,1
rights,1
surprisingly,1
civilization,1
poor,1
via,1
subperiod,1
adequate,1
essential,1
monopolies,1
diminutive,1
exact,1
seized,1
bring,1
l,1
across,1
developed,1
district,1
reinhold,1
berkes,1
forced,1
basic,1
secrets,1
en,1
financing,1
pascal,1
biggest,1
levels,1
onefourth,1
lasting,1
adopted,1
deprived,1
legal,1
lamented,1
certain,1
retinue,1
direct,1
pul,1
contributions,1
special,1
gratefully,1
mobilize,1
feel,1
factors,1
moreover,1
absorbed,1
milled,1
puzzles,1
fulfill,1
exceptional,1
rising,1
perceptions,1
win,1
nor,1
dergah,1
adopt,1
wanted,1
tensions,1
locally,1
possibly,1
intensive,1
peasant,1
smuggled,1
clearly,1
proved,1
byzantine,1
producers,1
akfes,1
just,1
days,1
pascual,1
impact,1
reexamination,1
bruce,1
pragmatism,1
reales,1
frequently,1
halfte,1
orientation,1
austrian,1
ministers,1
recovered,1
additional,1
shorter,1
ibrahim,1
depend,1
follow,1
sikke,1
turkan,1
favorable,1
exploitation,1
permanent,1
labour,1
denemesi,1
empirefrom,1
export,1
sunk,1
view,1
balkan,1
akseleri,1
monetization,1
complete,1
tavemier,1
expressed,1
arrived,1
questioned,1
bearing,1
volatility,1
route,1
train,1
found,1
basin,1
entering,1
hands,1
gurushes,1
flanders,1
effort,1
conspicuous,1
deal,1
sedentary,1
circa,1
facilitate,1
worker,1
multiples,1
dirham,1
struggles,1
im,1
app,1
academic,1
share,1
zweiten,1
understood,1
shall,1
exactly,1
italians,1
rent,1
silence,1
orientales,1
companies,1
meet,1
sovereignty,1
kadi,1
appearing,1
energy,1
wealth,1
birasirltk,1
placed,1
outside,1
equip,1
judicial,1
required,1
dror,1
aleppo,1
possibility,1
affair,1
expensive,1
failure,1
representatives,1
throne,1
directly,1
having,1
participation,1
imprisoned,1
relief,1
closed,1
revealed,1
remittances,1
work,1
abroad,1
scope,1
residents,1
tabriz,1
received,1
tool,1
atman,1
writers,1
prominent,1
dominance,1
purpose,1
proportions,1
knowledge,1
confirms,1
biulten,1
description,1
loss,1
whole,1
gave,1
island,1
docent,1
ottomanicum,1
references,1
flight,1
constitute,1
officers,1
thereafter,1
transported,1
documented,1
somewhere,1
away,1
piles,1
systematic,1
ekonomi,1
breakdown,1
osmanischen,1
own,1
hidden,1
refuse,1
citing,1
hungary,1
bribing,1
wholesale,1
officials,1
mesopotamia,1
commerce,1
upheavals,1
thirteenth,1
suggest,1
assay,1
administrators,1
coupled,1
contrast,1
quattrini,1
voluit,1
exclude,1
cvrrens,1
glutted,1
several,1
driving,1
june,1
adversely,1
temporary,1
peak,1
torrent,1
impossible,1
altogether,1
philip,1
occasions,1
core,1
parliament,1
managed,1
annual,1
ofasia,1
attended,1
results,1
describes,1
using,1
underlying,1
preliminary,1
valuable,1
sporadic,1
massive,1
activities,1
dictated,1
nations,1
critical,1
approximated,1
sikkelerin,1
san,1
ekonominin,1
approximate,1
sons,1
aristocracy,1
stanford,1
variety,1
materials,1
easy,1
numerals,1
happy,1
hasan,1
return,1
acknowledged,1
scandalous,1
forward,1
reinforcements,1
albany,1
prevailing,1
still,1
intervention,1
expanded,1
landed,1
comments,1
experiences,1
cihan,1
wind,1
turks,1
leila,1
ceilings,1
hold,1
tends,1
direction,1
declin,1
xvie,1
approaches,1
percentage,1
frank,1
chronicle,1
collect,1
rational,1
interpretation,1
subperiods,1
opportunities,1
caravan,1
sex,1
exposure,1
neither,1
differentiate,1
thesis,1
sosyal,1
undeceived,1
riots,1
falls,1
indebted,1
adjusted,1
assistance,1
continents,1
aux,1
dropped,1
dombes,1
indian,1
silk,1
costs,1
industrial,1
alien,1
foodprice,1
department,1
begins,1
boost,1
considers,1
ekonomik,1
useful,1
chose,1
alleging,1
members,1
seraglio,1
defteri,1
ahmet,1
sumun,1
habsburgs,1
stronger,1
fiscally,1
avignon,1
fell,1
fin,1
academy,1
put,1
kutiikoglu,1
towns,1
financial,1
missing,1
vizier,1
burgundy,1
efforts,1
shows,1
happening,1
lack,1
treatment,1
overwhelming,1
storing,1
alloys,1
areas,1
recurrent,1
ought,1
striking,1
reform,1
viii,1
importation,1
numeral,1
john,1
doubt,1
reckoned,1
fashion,1
great,1
triumphed,1
civilisations,1
simple,1
transit,1
puzzling,1
forms,1
never,1
patterns,1
overstate,1
enough,1
mali,1
paris,1
present,1
manner,1
flooded,1
bulten,1
continuing,1
ottomane,1
unclear,1
karl,1
raici,1
coincided,1
ports,1
necessary,1
intensify,1
frequency,1
sell,1
rage,1
compete,1
mokyr,1
day,1
degree,1
archivum,1
stabilize,1
empirically,1
akfe,1
rulers,1
sicillerinden,1
discovery,1
reversed,1
limitations,1
exporting,1
writings,1
region,1
enormous,1
depended,1
yayinlarn,1
versa,1
louis,1
europeans,1
entirely,1
moitie,1
confidence,1
food,1
shamelessness,1
sold,1
hurde,1
persisted,1
emphasize,1
assume,1
causes,1
congress,1
harvard,1
attman,1
questions,1
processes,1
actual,1
trip,1
full,1
turkiye,1
dating,1
rycault,1
described,1
seignor,1
ties,1
open,1
princess,1
crises,1
discovered,1
ceremonial,1
wilson,1
reality,1
adding,1
authors,1
welcomed,1
cemal,1
obtaining,1
issn,1
yayinlan,1
allowed,1
yansinda,1
geographically,1
spread,1
function,1
hammer,1
captured,1
him,1
high,1
played,1
ahmed,1
devise,1
kept,1
lag,1
lose,1
adequately,1
repeated,1
inscribed,1
uskiip,1
margin,1
xviie,1
behind,1
include,1
internal,1
outcomes,1
trying,1
k,1
bebek,1
edged,1
hungarian,1
narrow,1
interpretations,1
lowered,1
societes,1
james,1
hard,1
artisans,1
maliyesi,1
conscience,1
revolted,1
travelers,1
securing,1
haven,1
tendency,1
relative,1
ago,1
asiam,1
niyazi,1
concluded,1
widely,1
sented,1
temelleri,1
imply,1
governors,1
masse,1
darp,1
bureaucrats,1
bulk,1
five,1
exacerbated,1
deteriorating,1
ordinary,1
becomes,1
consul,1
success,1
difflcult,1
execution,1
yale,1
returned,1
millennia,1
lives,1
kittiukoglu,1
relevant,1
remaining,1
expert,1
indicate,1
emphasizes,1
responsible,1
examine,1
joel,1
blood,1
ward,1
inferior,1
chamber,1
arriving,1
monaco,1
measured,1
get,1
perse,1
unusual,1
princes,1
ersel,1
colette,1
considered,1
claims,1
acquired,1
nomadism,1
contained,1
transfonnation,1
material,1
prohibited,1
broke,1
conclusion,1
incorporated,1
peoples,1
must,1
simply,1
instructed,1
ever,1
yayinevi,1
pace,1
carriers,1
precise,1
physical,1
palace,1
robbed,1
symbol,1
sciences,1
alternative,1
okyar,1
clement,1
column,1
der,1
labeling,1
outcome,1
berkeley,1
appeased,1
provence,1
monthly,1
halt,1
budgetary,1
organized,1
interested,1
oranges,1
tumn,1
rumelia,1
guild,1
domestic,1
report,1
osman,1
linked,1
exhausting,1
hundred,1
associated,1
cultivation,1
build,1
cities,1
historical,1
differed,1
driven,1
kanunnameler,1
better,1
respect,1
evident,1
turned,1
catalogue,1
qualitatively,1
beginning,1
stagnated,1
drop,1
wit,1
virtual,1
purchase,1
cycles,1
annales,1
shipments,1
means,1
namely,1
making,1
da,1
agricultural,1
seconde,1
warn,1
ceased,1
shortages,1
leaving,1
problem,1
adaptation,1
extent,1
reminder,1
her,1
unfavorable,1
institute,1
studying,1
secure,1
secmeler,1
ilgili,1
explored,1
influenced,1
bosnia,1
phenomena,1
incomes,1
emphasis,1
port,1
premia,1
grand,1
des,1
kasaba,1
braunschweig,1
balances,1
mercem,1
bottleneck,1
nomads,1
enflasyon,1
introduced,1
sea,1
confirm,1
monarchs,1
eius,1
tried,1
administration,1
reserves,1
went,1
territory,1
struck,1
putnam,1
possessions,1
obtain,1
demanding,1
merchant,1
phenomenon,1
challenges,1
exceptionally,1
divulge,1
ensuing,1
gain,1
coming,1
discontinued,1
relates,1
prepared,1
distribute,1
come,1
considering,1
argument,1
invasion,1
tarihiyle,1
genova,1
similarity,1
contract,1
mongols,1
akves,1
typically,1
land,1
specialists,1
constructed,1
manufacture,1
smaller,1
niels,1
prise,1
effects,1
prosperity,1
regnal,1
off,1
association,1
shift,1
underlined,1
indices,1
summary,1
anonymous,1
unsuspecting,1
territories,1
themselves,1
hukuki,1
era,1
pleased,1
partial,1
deposition,1
maximum,1
recoined,1
import,1
equipment,1
abandoned,1
traditional,1
re,1
totam,1
among,1
networks,1
anton,1
observed,1
unequivocal,1
seignorial,1
longer,1
should,1
wahrend,1
sent,1
astrlik,1
