WORDCOUNTS,WEIGHT
the,1011
of,689
and,519
in,377
a,296
to,296
growth,284
health,248
for,230
that,193
is,132
s,115
on,114
as,108
may,107
from,106
it,103
at,99
life,95
variables,92
not,85
schooling,84
are,84
an,83
years,83
expectancy,80
changes,76
would,75
by,73
population,70
economic,69
data,64
or,62
with,62
if,60
level,58
countries,55
time,54
per,53
f,53
period,53
stature,51
results,50
rate,49
because,49
effects,49
their,46
output,45
disease,45
variable,45
japan,45
capital,45
france,45
netherlands,44
this,43
united,42
denmark,41
see,41
over,41
human,40
table,40
norway,39
i,39
likely,39
percent,39
be,39
sweden,38
have,38
m,37
finland,37
no,37
other,35
development,35
university,35
physical,35
they,34
kingdom,34
during,34
were,34
capita,34
t,33
century,33
its,33
one,30
sample,30
do,30
returns,30
average,30
diseases,29
hours,29
arora,29
change,29
two,29
does,28
such,28
work,28
journal,28
italy,28
press,28
however,27
which,27
australia,26
estimates,26
only,26
all,25
example,25
theory,25
age,24
more,24
income,24
then,24
permanently,23
was,23
endogenous,23
well,23
increase,23
equation,23
those,22
ability,22
influence,22
leisure,22
so,22
each,22
has,22
chicago,22
nineteenth,21
ii,21
information,21
figure,21
last,20
even,20
could,20
et,20
when,20
k,20
economy,20
source,19
j,19
exogenous,19
than,19
war,19
h,19
p,19
statistics,19
empirical,19
pace,19
accumulation,18
first,18
secondary,18
since,18
b,18
factors,18
experience,18
death,18
less,18
number,18
industrialized,18
country,18
through,18
between,18
c,18
steckel,17
higher,17
similar,17
statistical,17
used,17
but,17
ages,17
increases,17
significant,17
effect,17
relationship,17
e,16
test,16
yearbook,16
across,16
standard,16
further,16
world,16
various,16
also,16
model,16
investment,16
any,16
appendix,16
whether,16
childhood,16
d,16
studies,15
history,15
total,15
eo,15
rates,15
study,15
follow,15
r,15
productivity,15
shows,15
series,15
second,15
did,14
system,14
levels,14
panel,14
st,14
about,14
social,14
longer,14
larger,14
food,14
who,14
floud,14
historical,14
despite,14
correlate,14
longevity,13
cases,13
importance,13
welfare,13
path,13
these,13
increasing,13
therefore,13
nearly,13
al,13
where,13
been,13
mortality,13
slope,13
primary,13
both,13
ho,13
disturbances,12
prior,12
some,12
say,12
y,12
developed,12
contagious,12
appear,12
knowledge,12
year,12
neoclassical,12
aggregate,12
span,12
yet,12
diminishing,12
birth,12
differences,12
generate,12
conditions,12
increased,12
fraction,11
sources,11
error,11
how,11
consider,11
too,11
most,11
out,11
new,11
ecm,11
reasons,11
today,11
why,11
constant,11
text,11
u,11
cambridge,11
precede,10
different,10
british,10
richard,10
influenza,10
correlation,10
l,10
term,10
people,10
trends,10
annual,10
periods,10
available,10
towards,10
another,10
use,10
theories,10
three,10
germ,10
deaths,10
ofthe,10
centuries,10
researchers,10
difference,10
instead,10
evidence,10
should,10
hypothesis,10
earnings,9
cointegrate,9
labor,9
investments,9
worked,9
robert,9
run,9
g,9
without,9
learning,9
productive,9
w,9
decades,9
behavioral,9
economics,9
though,9
explain,9
method,9
come,9
either,9
cellular,9
many,9
low,9
industrialization,9
analysis,9
school,9
nutritional,9
adulthood,8
ma,8
epidemiological,8
into,8
lower,8
long,8
individuals,8
behavior,8
reject,8
edited,8
obtained,8
affect,8
n,8
least,8
progress,8
cohorts,8
under,8
positively,8
paul,8
hand,8
gdp,8
persisted,8
ln,8
improvements,8
state,8
britain,8
following,8
must,8
alternative,8
research,8
better,8
what,8
particular,8
remains,8
interaction,8
child,7
estimated,7
represent,7
true,7
policy,7
necessarily,7
skills,7
within,7
issue,7
implies,7
solely,7
alter,7
household,7
framework,7
thus,7
adult,7
deviation,7
york,7
deviations,7
capture,7
notion,7
consequences,7
support,7
organization,7
yh,7
epidemics,7
panels,7
important,7
status,7
errors,7
prevalence,7
return,7
positive,7
biological,7
becker,7
factor,7
anthropometric,7
high,7
improved,7
especially,7
intake,7
parameters,7
bulk,7
fewer,7
itself,7
healthrelated,7
dissemination,7
living,7
accounts,7
reported,7
reproducible,7
subject,7
question,7
shown,7
potential,7
themselves,7
given,7
much,7
among,7
consistent,6
england,6
yg,6
report,6
influences,6
case,6
cointegrating,6
lifetime,6
activity,6
adjustment,6
consequently,6
negatively,6
opportunity,6
induce,6
augmented,6
reason,6
parentheses,6
improvement,6
had,6
result,6
based,6
generates,6
relate,6
before,6
nutrient,6
null,6
microeconomic,6
microlevel,6
patience,6
annum,6
statistically,6
demographic,6
fact,6
choice,6
infectious,6
nutrition,6
invested,6
values,6
including,6
largely,6
numerous,6
assessing,6
respectively,6
tests,6
imply,6
five,6
indicate,6
roderick,6
eventually,6
merely,6
them,6
suggests,6
urban,6
public,6
approximately,6
off,6
infirmity,6
early,6
premature,6
go,5
o,5
way,5
implying,5
groups,5
measures,5
alone,5
intertemporal,5
zero,5
replicate,5
pneumonia,5
production,5
steady,5
procedure,5
vital,5
medical,5
x,5
chronic,5
turn,5
maladies,5
distinct,5
amount,5
estimate,5
jones,5
mechanism,5
mechanisms,5
unique,5
constrain,5
impact,5
indefinitely,5
shorter,5
view,5
whereas,5
arrival,5
initial,5
malnutrition,5
skater,5
appears,5
scale,5
none,5
basis,5
heart,5
issues,5
forces,5
savings,5
infections,5
waterlow,5
biomedical,5
fetal,5
up,5
value,5
provided,5
short,5
represents,5
makes,5
us,5
cholera,5
same,5
ed,5
useful,5
others,5
children,5
adjusts,5
channel,5
respiratory,5
discussion,5
made,5
upon,5
bear,5
refers,5
resulting,5
harvard,5
feature,5
paths,5
relation,5
can,5
diabetes,5
relative,5
political,5
fogel,5
mckeown,5
economists,5
contribution,5
pregnancy,5
set,5
natural,5
unavailable,5
inquiry,5
ones,5
cause,5
scrimshaw,5
role,5
models,5
brain,5
romer,5
botswana,5
include,5
observed,5
frequent,4
produces,4
generated,4
functional,4
extend,4
heights,4
determine,4
evans,4
live,4
overlook,4
occurred,4
women,4
being,4
transitions,4
height,4
thank,4
potentially,4
respond,4
infection,4
wasted,4
gaps,4
referee,4
schedule,4
slower,4
intervention,4
central,4
reverse,4
estimating,4
tables,4
econometric,4
taper,4
restore,4
developments,4
times,4
outbreaks,4
six,4
oxford,4
third,4
stimulating,4
function,4
inht,4
permits,4
rather,4
induces,4
remain,4
calculation,4
mechanics,4
govern,4
mincer,4
additional,4
oi,4
cancer,4
my,4
international,4
persist,4
fleiger,4
suffered,4
younger,4
energy,4
workday,4
improve,4
scope,4
significantly,4
q,4
reflect,4
entails,4
quarterly,4
closing,4
below,4
inference,4
unexpected,4
small,4
decline,4
london,4
organs,4
notes,4
society,4
nations,4
will,4
excludes,4
matter,4
functioning,4
keyfitz,4
selection,4
single,4
pivotal,4
barker,4
adjusted,4
shock,4
robust,4
schultz,4
department,4
rise,4
water,4
stimulus,4
appeared,4
conclusions,4
v,4
relevant,4
necessary,4
frequency,4
aids,4
david,4
stages,4
solow,4
after,4
provides,4
outcomes,4
become,4
attention,4
yields,4
note,4
bureau,4
recall,4
testing,4
reasonable,4
becomes,4
strongly,4
force,4
lucas,4
supply,4
specification,4
granger,4
log,4
implied,4
here,4
outcome,4
ratio,4
capacity,4
grossman,4
plague,4
sum,4
past,4
faster,4
elders,4
investigation,4
mere,4
adaptation,4
while,4
size,4
ohio,4
deviate,4
using,4
metabolic,4
survival,4
cointegration,4
states,4
arithmetic,4
resources,4
ols,3
market,3
epidemic,3
extends,3
poorer,3
originating,3
american,3
retardation,3
bias,3
inconsistent,3
mit,3
reduced,3
equations,3
migration,3
vaccinations,3
attributable,3
connection,3
progression,3
nature,3
europe,3
suggesting,3
correspondingly,3
simple,3
invigorated,3
accumulated,3
enrolled,3
follows,3
schooled,3
government,3
econometrica,3
persistence,3
regression,3
howitt,3
wage,3
worldwide,3
context,3
el,3
side,3
preventing,3
albeit,3
draws,3
adverse,3
october,3
west,3
reflecting,3
implications,3
facets,3
includes,3
throughout,3
review,3
martorell,3
points,3
calculated,3
raises,3
occurs,3
affairs,3
elements,3
underlying,3
tamura,3
encompass,3
response,3
unchanged,3
tend,3
look,3
longterm,3
simultaneously,3
sloped,3
essential,3
reflects,3
unit,3
aht,3
incidence,3
lag,3
idiosyncratic,3
heteroskedasticity,3
foul,3
coefficients,3
unimportant,3
numbers,3
frequently,3
four,3
show,3
beyond,3
requires,3
permanent,3
preference,3
perceive,3
expressed,3
cancers,3
medicine,3
szreter,3
typical,3
ak,3
seven,3
diet,3
emerge,3
illness,3
urbanization,3
particularly,3
absorption,3
cannot,3
procedures,3
weight,3
directly,3
discusses,3
related,3
literature,3
predicts,3
stimulate,3
away,3
enhances,3
preceded,3
diminish,3
hurdles,3
protein,3
contrast,3
mitchell,3
few,3
hiv,3
impossible,3
odor,3
resistance,3
appropriate,3
gordon,3
subsequently,3
unrealistic,3
harris,3
unprecedented,3
movement,3
adjusting,3
innovation,3
komlos,3
lagged,3
technology,3
restricted,3
signaling,3
salutary,3
subset,3
infrastructure,3
inferences,3
industrial,3
reports,3
declining,3
nonstationary,3
temporarily,3
kenneth,3
similarly,3
ht,3
lack,3
fundamental,3
murphy,3
collinearity,3
newey,3
man,3
vt,3
likelihood,3
physiological,3
posits,3
smallpox,3
requiring,3
strauss,3
lags,3
survive,3
pertain,3
yo,3
parents,3
parameter,3
previously,3
findings,3
hypotheses,3
causes,3
processes,3
actual,3
bivariate,3
suggested,3
considerable,3
peter,3
interpret,3
co,3
spread,3
spent,3
finite,3
article,3
systems,3
unitedkingdom,3
hi,3
versus,3
unrelated,3
division,3
suggest,3
indicators,3
bound,3
pasteurization,3
bulletin,3
paradoxical,3
often,3
types,3
fertility,3
duncan,3
extending,3
besides,3
column,3
stem,3
parental,3
tuberculosis,3
losses,3
far,3
benefit,3
cities,3
assessment,3
places,3
person,3
according,3
gastroenteritis,3
march,3
terms,3
underpinnings,3
understandably,3
bronchitis,3
produce,3
balance,3
influenced,3
ascertain,3
infant,3
conclude,3
african,3
transition,3
measure,3
representation,3
analogy,3
afflicted,3
sickness,3
editor,3
aln,3
although,3
need,3
contamination,3
association,3
macroeconomics,3
externality,3
elo,3
irrelevant,3
uncertainty,3
technological,3
deficiency,3
major,3
perception,3
nicholas,2
dynamic,2
resolve,2
tokyo,2
now,2
corrects,2
common,2
curtailed,2
affected,2
lni,2
originate,2
expect,2
complex,2
effective,2
essays,2
synergism,2
sets,2
ways,2
modern,2
january,2
former,2
reasonably,2
position,2
fixed,2
aversion,2
tells,2
princeton,2
dissipate,2
immutable,2
highlight,2
ideas,2
permit,2
taken,2
enables,2
might,2
disturbance,2
switzerland,2
gary,2
possibilities,2
reach,2
twenty,2
assess,2
analyses,2
there,2
damage,2
written,2
stupendous,2
advances,2
typhoid,2
cg,2
inseparable,2
east,2
historians,2
earlier,2
mass,2
demography,2
agriculture,2
changed,2
constraints,2
leicester,2
condition,2
illustrate,2
occurring,2
mental,2
point,2
except,2
consequent,2
uncertain,2
overlooking,2
monitoring,2
along,2
economies,2
standards,2
treatise,2
exist,2
inyt,2
arguments,2
surely,2
sah,2
quality,2
inevitable,2
restraining,2
ut,2
unrestricted,2
whitney,2
encyclopedia,2
type,2
digestive,2
z,2
innovate,2
unity,2
perspective,2
body,2
columbia,2
engineering,2
jacob,2
misleading,2
criterion,2
find,2
died,2
hales,2
pasts,2
strs,2
general,2
enrich,2
drukker,2
shall,2
meningitis,2
costa,2
distribution,2
economique,2
topic,2
geneva,2
evaluates,2
agt,2
whose,2
act,2
performance,2
absent,2
tansel,2
interpretation,2
edward,2
en,2
stumbling,2
tb,2
mean,2
represented,2
dwindle,2
fever,2
risk,2
serial,2
mercer,2
healthier,2
moreover,2
susceptibility,2
nor,2
expects,2
ensure,2
females,2
sandberg,2
crosscountry,2
proposed,2
germane,2
vitality,2
exemplify,2
steeper,2
consequence,2
cost,2
flow,2
faced,2
retirement,2
advocated,2
greater,2
mcneill,2
declined,2
haddad,2
rule,2
found,2
treatments,2
specifications,2
survivors,2
percentages,2
prompt,2
stock,2
recently,2
lung,2
inadequately,2
workhours,2
explored,2
james,2
property,2
possibility,2
briefly,2
aspects,2
undermined,2
lost,2
rosen,2
participation,2
perpetuated,2
accounting,2
line,2
gains,2
inferred,2
paho,2
reader,2
civil,2
norm,2
ten,2
dividing,2
database,2
fail,2
ffor,2
calculating,2
partiality,2
contentious,2
suchit,2
latour,2
interpreted,2
bouis,2
lungs,2
else,2
relentless,2
causal,2
governs,2
sense,2
caused,2
barro,2
negligible,2
exclude,2
bank,2
around,2
intervals,2
several,2
sufficient,2
separately,2
multiple,2
adversely,2
hague,2
grow,2
temporary,2
observe,2
australian,2
maddison,2
theorem,2
diminished,2
finds,2
am,2
invest,2
incentive,2
weak,2
critical,2
diabetologia,2
improves,2
highlights,2
he,2
logarithm,2
demand,2
absence,2
indeed,2
rights,2
revival,2
ia,2
clarifies,2
observations,2
plagues,2
says,2
indicates,2
comments,2
negate,2
suppose,2
rodent,2
percentage,2
omits,2
once,2
fetus,2
utero,2
examined,2
opportunities,2
coverage,2
paradox,2
lnkt,2
paradoxes,2
confidence,2
neither,2
perceived,2
kremer,2
included,2
initiation,2
light,2
cardiovascular,2
watson,2
outlined,2
ofpolitical,2
largest,2
invigorate,2
tanner,2
diarrheas,2
tries,2
usable,2
law,2
power,2
clive,2
sometimes,2
deterioration,2
ofeconomic,2
addition,2
investigates,2
causality,2
traceable,2
leading,2
consideration,2
onm,2
recurrent,2
abstract,2
teachers,2
john,2
polio,2
substantially,2
discussed,2
mcevedy,2
external,2
spurr,2
transit,2
answer,2
until,2
stumble,2
hamilton,2
distance,2
reher,2
mokyr,2
day,2
remained,2
constrains,2
matrix,2
averaged,2
supplies,2
end,2
arbitrarily,2
controlling,2
expression,2
assumption,2
variation,2
net,2
questions,2
wrigley,2
trend,2
continue,2
previous,2
office,2
importantly,2
theoretical,2
intakes,2
nursing,2
adding,2
comprehensive,2
weir,2
easterlin,2
august,2
individual,2
like,2
engle,2
course,2
meerten,2
filled,2
households,2
thomas,2
construct,2
latter,2
strides,2
overcome,2
differ,2
synergistic,2
atlas,2
caution,2
tenuous,2
nevin,2
normal,2
fostered,2
aghion,2
hindered,2
european,2
elder,2
alters,2
beset,2
hurdle,2
raise,2
arnold,2
residual,2
perspectives,2
independent,2
continued,2
bold,2
crucial,2
usually,2
primarily,2
unclear,2
diarrheal,2
deals,2
length,2
pertinence,2
continually,2
skaters,2
education,2
mother,2
inducing,2
sound,2
investigate,2
vigor,2
dissertation,2
acquired,2
ofthat,2
magnitude,2
resonates,2
fifteen,2
material,2
dispersed,2
accordance,2
mentioned,2
staggered,2
nervous,2
disentangle,2
converges,2
discrepancy,2
exposition,2
arthritis,2
berkeley,2
control,2
econometrics,2
environment,2
actuality,2
expanding,2
seem,2
altering,2
down,2
propaganda,2
sewage,2
alternatively,2
expresses,2
infer,2
equilibrium,2
schofield,2
just,2
tastes,2
born,2
johnson,2
selected,2
making,2
independently,2
pertinent,2
males,2
bairoch,2
extent,2
pool,2
mankiw,2
studying,2
malaria,2
smoothing,2
minimal,2
profile,2
helpman,2
altered,2
became,2
tried,2
summarizes,2
inventions,2
phenomenon,2
allows,2
maintained,2
hypertension,2
kohn,2
pair,2
tell,2
reveals,2
finding,2
decrease,2
dasgupta,2
national,2
rebelo,2
isles,2
grown,2
gross,2
doing,2
approach,2
forming,2
embodies,2
measured,2
ofliving,2
flora,2
drift,2
broadening,2
ascendancy,2
estimator,2
impedes,2
substantial,2
entire,2
erroneously,2
focus,2
counts,2
diverts,2
strong,2
rosenbaum,2
behaves,2
occur,2
valdez,2
difficult,1
hinders,1
bernard,1
commensurate,1
stimuli,1
mostly,1
pertnanently,1
dies,1
later,1
yas,1
ofwarnings,1
sevenoaks,1
eobtained,1
fourteenti,1
reverts,1
scholar,1
correlations,1
ageing,1
immune,1
prompts,1
movrement,1
truth,1
engendered,1
resulted,1
thrown,1
mellitus,1
tijdreeksen,1
propagation,1
stands,1
slx,1
distributed,1
contemporaneous,1
lancet,1
group,1
told,1
center,1
large,1
prediction,1
perpetuate,1
asymmetrically,1
conveys,1
agency,1
lhio,1
properly,1
multifaceted,1
howarth,1
conducting,1
mute,1
rogers,1
schools,1
labormarket,1
fitness,1
fom,1
easily,1
microorganisms,1
favor,1
satisfied,1
wolf,1
boulder,1
ti,1
ciba,1
unresponsive,1
anthropology,1
protection,1
western,1
committee,1
explanatory,1
kr,1
encourage,1
learing,1
holding,1
exacerbate,1
adolescence,1
pandemic,1
impede,1
something,1
po,1
revision,1
flared,1
kobenhavn,1
controlled,1
signal,1
leads,1
negative,1
indexes,1
december,1
alteringpermanently,1
gap,1
www,1
earning,1
fshown,1
hence,1
expands,1
preceding,1
creation,1
sewerage,1
imael,1
ank,1
assist,1
expectation,1
countryspecific,1
unitedkigdom,1
referees,1
seems,1
stylize,1
editions,1
intricately,1
definition,1
damaged,1
shaped,1
scientists,1
together,1
accompanied,1
estimation,1
great,1
converse,1
multiplyig,1
fomhistorical,1
timing,1
fragilit,1
liverpool,1
revisions,1
studied,1
ofcointegration,1
able,1
yhe,1
closer,1
raising,1
anyway,1
survey,1
subsequent,1
help,1
ect,1
embrace,1
fractions,1
emphasized,1
stand,1
containment,1
raised,1
reserved,1
classified,1
creativity,1
opposite,1
engulf,1
reading,1
pertains,1
behind,1
macroecohealth,1
circumvent,1
papers,1
cures,1
producing,1
depends,1
cote,1
employs,1
pl,1
blaxter,1
proceed,1
encumber,1
suspect,1
vincent,1
westview,1
efijlaht,1
magnifying,1
weakened,1
ug,1
unaware,1
constraint,1
encouraging,1
bones,1
draw,1
rests,1
motivating,1
addresses,1
disseminated,1
construction,1
indirectly,1
vol,1
amplification,1
hea,1
replacement,1
possible,1
compelling,1
fmd,1
facilitating,1
ih,1
drive,1
estiiates,1
functions,1
structurally,1
obvious,1
inposes,1
dutch,1
lozoffet,1
dissociate,1
smooth,1
adoption,1
supervision,1
issuance,1
lnk,1
indicating,1
quantity,1
rej,1
desirable,1
reconstruction,1
constrained,1
surged,1
juvenile,1
nutritionaladaptation,1
interact,1
unhappy,1
lars,1
corresponding,1
impaired,1
hygiene,1
therelevant,1
li,1
allocated,1
million,1
confounds,1
iamework,1
iron,1
royal,1
tassenar,1
gauges,1
dotted,1
severe,1
facts,1
immediate,1
krauz,1
govems,1
due,1
overlooks,1
september,1
assumes,1
pertussis,1
eui,1
shocks,1
tokei,1
ivoire,1
interest,1
ag,1
lozoff,1
issued,1
highlighting,1
heightened,1
demandfor,1
conducted,1
jr,1
harrison,1
ascertains,1
theorized,1
precautionary,1
execute,1
counter,1
expected,1
sectoral,1
spans,1
interprets,1
exercise,1
wiley,1
transitional,1
undiscovered,1
attending,1
lending,1
irreversible,1
old,1
jl,1
godliness,1
depend,1
refer,1
uniformly,1
spanned,1
contrary,1
sbc,1
handbook,1
gauge,1
allowing,1
suitable,1
compared,1
grandparents,1
applying,1
intervening,1
lnht,1
compare,1
storage,1
explore,1
idiaquez,1
alnyt,1
ingredient,1
obstructions,1
corrected,1
hmso,1
yi,1
stagnation,1
operative,1
iiieee,1
underemphasized,1
stephen,1
xavier,1
tolerance,1
handful,1
welzijn,1
extremely,1
adjust,1
unaltered,1
bubonic,1
contaminate,1
worldhealth,1
epersist,1
preventive,1
perfect,1
employ,1
retarding,1
assessed,1
overestimated,1
via,1
kidney,1
subperiod,1
adequate,1
communicable,1
ginger,1
deteriorate,1
basil,1
surreptitiously,1
links,1
static,1
andpopulation,1
aimed,1
main,1
superficial,1
illustration,1
fuels,1
sizable,1
invigorating,1
breast,1
ce,1
musculoskeletal,1
titled,1
edwin,1
cno,1
persistent,1
supplement,1
physiology,1
ex,1
kevin,1
hp,1
projections,1
derived,1
direct,1
suited,1
generating,1
investmnent,1
reassess,1
steer,1
overlooked,1
clarification,1
front,1
risks,1
jargon,1
killers,1
guides,1
means,1
references,1
tissue,1
lives,1
downward,1
statistic,1
defies,1
circulated,1
helsinki,1
wages,1
itselfmay,1
noberto,1
vilfennegentig,1
instruction,1
benefits,1
imposed,1
govemment,1
antiseptic,1
sick,1
stored,1
clearly,1
section,1
driven,1
days,1
accrued,1
cointegrates,1
instrument,1
inextricable,1
michael,1
medicalassociation,1
upwards,1
prevent,1
naural,1
antibodies,1
ofpopulation,1
schwarz,1
consequential,1
shed,1
sherwin,1
idaquez,1
invigorates,1
comntegration,1
obstacles,1
undertaken,1
evaluation,1
surge,1
winfred,1
problems,1
unhindered,1
eradication,1
begin,1
answers,1
internal,1
eaverages,1
erroneous,1
devastate,1
providing,1
management,1
thrust,1
neurology,1
unproductive,1
plus,1
yielding,1
uses,1
gregory,1
closely,1
lead,1
geoffrey,1
inkt,1
http,1
priori,1
cd,1
questioned,1
bearing,1
transmission,1
societies,1
future,1
stroke,1
reestimated,1
called,1
commonwealth,1
inappropriate,1
producible,1
relating,1
centers,1
lived,1
nutrients,1
wiped,1
deal,1
process,1
circa,1
census,1
requirements,1
contagion,1
disorders,1
depletion,1
worker,1
postworld,1
captured,1
iain,1
attained,1
suits,1
implemented,1
disruptive,1
midway,1
manna,1
guatemala,1
pointing,1
understood,1
wales,1
let,1
tietotm,1
posited,1
metabolism,1
heaven,1
skilled,1
calcuatd,1
treat,1
intangible,1
distorts,1
wealth,1
survivor,1
outside,1
phillipe,1
ofamerican,1
hypothetical,1
your,1
instrumental,1
required,1
facilities,1
developmentfrom,1
virus,1
gezondheid,1
corroborates,1
wide,1
oh,1
sustenance,1
cointegrated,1
andincrease,1
anddestitution,1
agex,1
averageduration,1
allocation,1
distinguish,1
wallstam,1
degrees,1
steep,1
ensue,1
andpestilence,1
slightly,1
heories,1
tapered,1
executes,1
cleaning,1
explains,1
training,1
reduction,1
penetrating,1
cleanliness,1
eva,1
crowding,1
nonzero,1
whr,1
annalesesc,1
freedom,1
millions,1
ghana,1
broad,1
ofmonetary,1
contains,1
fruitful,1
falling,1
rows,1
pan,1
somewhere,1
focuses,1
accord,1
corollary,1
employed,1
project,1
destruction,1
own,1
connections,1
wastage,1
refuse,1
impinging,1
garb,1
citing,1
prices,1
creating,1
stylized,1
maatschappelik,1
physician,1
normally,1
correct,1
working,1
field,1
theoretically,1
things,1
reliable,1
involve,1
jiminez,1
wellbeing,1
productivityhealth,1
next,1
applicability,1
stylizes,1
interacting,1
emphasizes,1
ofaustralian,1
event,1
lichting,1
involved,1
family,1
encompasses,1
sole,1
habitation,1
proximate,1
june,1
concerns,1
oftheir,1
components,1
frankfurt,1
transfer,1
oe,1
engenders,1
breaking,1
disparate,1
denotes,1
convey,1
essentially,1
dispels,1
yielded,1
affecting,1
kt,1
always,1
examiningjust,1
finishing,1
universities,1
os,1
dependent,1
yand,1
connected,1
unduly,1
grateful,1
skill,1
inhti,1
compels,1
inform,1
infants,1
geographical,1
activities,1
capturing,1
appeal,1
multiplying,1
oslo,1
makinga,1
approximate,1
units,1
sons,1
irrespective,1
deplete,1
intestinal,1
upset,1
onset,1
holds,1
dissipates,1
practices,1
stronger,1
interpolation,1
bringing,1
recuperation,1
ensues,1
miasma,1
doctoral,1
synthesis,1
melbourne,1
overall,1
expansion,1
limited,1
deadly,1
classic,1
dawn,1
prevailing,1
poor,1
april,1
july,1
above,1
forj,1
wachter,1
technically,1
make,1
expanded,1
libbey,1
experiences,1
longitudinal,1
modes,1
unfamiliar,1
decisions,1
direction,1
answering,1
spectacular,1
demic,1
guide,1
sweeping,1
tassenaar,1
inspecting,1
advent,1
canbridge,1
reference,1
recommendation,1
rules,1
disorderly,1
cochair,1
ainyt,1
thought,1
soon,1
unidirectional,1
discussions,1
evolved,1
repair,1
columbus,1
formally,1
exposure,1
combat,1
thesis,1
marginally,1
tn,1
participants,1
informal,1
assistance,1
continents,1
sectors,1
choices,1
dropped,1
restrainiing,1
deliver,1
infrance,1
exacerbating,1
insights,1
aysit,1
prematurely,1
learns,1
lengte,1
unsalutary,1
evolve,1
present,1
fill,1
definitions,1
street,1
outbreak,1
members,1
starting,1
etiology,1
angus,1
surpass,1
statistiek,1
prompting,1
reexamines,1
mark,1
excepting,1
pointed,1
safety,1
ask,1
lowering,1
missing,1
persuasion,1
averages,1
unparalleled,1
toll,1
abilities,1
amathematical,1
cumulative,1
exogenously,1
pressure,1
impetus,1
sleep,1
creative,1
match,1
arterial,1
tangible,1
aerobic,1
chadwick,1
break,1
classical,1
decreases,1
incorporation,1
proliferation,1
grows,1
personality,1
elasticity,1
identical,1
accountingfor,1
hinges,1
conferred,1
tilastokeskus,1
forms,1
men,1
patterns,1
jto,1
took,1
mucosa,1
surgeon,1
thumb,1
ofhiv,1
remarkable,1
posit,1
handed,1
manner,1
sergio,1
developing,1
poses,1
existing,1
autocovariance,1
stationary,1
iny,1
disabled,1
ultimately,1
rh,1
leprosy,1
filt,1
gauging,1
maturity,1
arorasestrsoh,1
terns,1
perhaps,1
acids,1
eds,1
exceeds,1
improvemenits,1
conceivably,1
remarkably,1
cohort,1
retums,1
stockton,1
sir,1
demonstrated,1
breakdown,1
efj,1
private,1
technologies,1
strengthened,1
extended,1
dissimilar,1
sensory,1
airways,1
bacteriology,1
jaren,1
substantive,1
considering,1
prevention,1
asthma,1
fgue,1
explanation,1
bone,1
mutated,1
range,1
helps,1
instructor,1
eight,1
formal,1
logs,1
robustness,1
composition,1
aic,1
depended,1
dollar,1
recover,1
medium,1
skeletal,1
europeans,1
top,1
persists,1
asian,1
waste,1
unfortunately,1
emphasize,1
affects,1
overcoming,1
probability,1
inflicted,1
books,1
assign,1
engineers,1
recovery,1
real,1
hour,1
engaged,1
intestines,1
parasitic,1
complicated,1
amented,1
students,1
patents,1
underwent,1
filth,1
inversely,1
insurmountable,1
rejected,1
ties,1
clear,1
growthpath,1
accessed,1
reality,1
grew,1
ofphysiological,1
se,1
express,1
language,1
mt,1
modernization,1
bayesian,1
accounted,1
unconnected,1
sustain,1
conception,1
maintenance,1
hazardous,1
cartilage,1
try,1
issn,1
held,1
drains,1
tenuously,1
symposium,1
allowed,1
characterized,1
collaboration,1
growths,1
ny,1
unexamined,1
responses,1
features,1
mask,1
collected,1
exacerbates,1
int,1
underestimating,1
proximity,1
attributing,1
connects,1
fred,1
unimplemented,1
adequately,1
amino,1
vitamin,1
consltraints,1
class,1
titmuss,1
fumdamentals,1
workdays,1
oecd,1
leaves,1
upward,1
satisfy,1
promote,1
ensued,1
unconvinced,1
inengland,1
narrow,1
correction,1
blackwell,1
nobody,1
deliberate,1
accrue,1
availability,1
structure,1
materialized,1
enabling,1
duringindustrialization,1
implication,1
directs,1
paris,1
sept,1
workshop,1
assesses,1
fmding,1
stumbles,1
we,1
nomic,1
tenfold,1
embodied,1
regressions,1
encompassing,1
ofnutrition,1
sheds,1
priarily,1
decision,1
performing,1
dora,1
pest,1
setbacks,1
contributes,1
phillippines,1
asking,1
stage,1
penguin,1
weights,1
meander,1
tinxe,1
stems,1
tentative,1
moves,1
george,1
provide,1
movements,1
etiological,1
ialnkt,1
oniumwn,1
exogeneity,1
circulatory,1
dienstplicheigen,1
plays,1
naturally,1
trended,1
practical,1
suggestive,1
prudent,1
rg,1
vague,1
exacerbated,1
select,1
vertical,1
anchor,1
insufficient,1
widespread,1
substitution,1
predict,1
nemesis,1
excluding,1
obstacle,1
juan,1
effectively,1
empirics,1
tobacco,1
furnish,1
rapidly,1
tee,1
wilhelm,1
volumes,1
es,1
autonomic,1
responsible,1
implementing,1
examine,1
expectations,1
tapers,1
blood,1
existed,1
fall,1
developpement,1
researcher,1
surprising,1
frontier,1
offrance,1
coordination,1
fluctuate,1
corroborating,1
quicken,1
instances,1
tial,1
akaike,1
interpolated,1
influencing,1
rises,1
considered,1
erode,1
vastly,1
detail,1
finction,1
quantitative,1
circumvents,1
warrants,1
recurrence,1
suggestions,1
rarely,1
breach,1
mirage,1
reasoning,1
version,1
comparison,1
peoples,1
predictions,1
extensive,1
retard,1
damaging,1
determinants,1
extension,1
known,1
temporal,1
shapes,1
charles,1
statistiske,1
sentralbyra,1
insignificantly,1
offers,1
examnple,1
linear,1
ko,1
englandjournal,1
divert,1
dachs,1
dimension,1
intellectual,1
partner,1
ansd,1
hll,1
readily,1
paper,1
expenditures,1
global,1
laborforce,1
hertsfordshire,1
authorities,1
industry,1
incorporating,1
unknown,1
politics,1
deprivation,1
wordsworth,1
suggestingthat,1
acts,1
denoted,1
nihon,1
ph,1
argue,1
clarify,1
emergence,1
half,1
ju,1
current,1
scenario,1
hindering,1
counting,1
foundation,1
nieteenth,1
frees,1
ugo,1
manchester,1
magnified,1
brazil,1
kingdoma,1
embodiment,1
associated,1
pulmonary,1
conscription,1
sought,1
protect,1
enlarged,1
works,1
conscripts,1
growing,1
beginning,1
panizza,1
william,1
realize,1
unlikely,1
explanations,1
attain,1
investnent,1
divided,1
depicts,1
implicit,1
apple,1
professors,1
list,1
aito,1
cornerstones,1
add,1
pathogens,1
covers,1
agricultural,1
erupted,1
quired,1
unnecessary,1
problem,1
dream,1
glucose,1
jinht,1
exacerbation,1
correlates,1
ofjapan,1
obstructive,1
wider,1
healthy,1
presumable,1
secure,1
mg,1
measles,1
phenomena,1
emphasis,1
siecles,1
unrelenting,1
practice,1
unreasonable,1
ithas,1
fornal,1
org,1
gt,1
transport,1
thereby,1
surveys,1
nontechnical,1
uniform,1
infmity,1
emphysema,1
micro,1
easy,1
publishers,1
rampant,1
die,1
bsecondary,1
controls,1
pi,1
rationale,1
conventional,1
tur,1
tissues,1
obtain,1
underestimate,1
conversely,1
tbodcasof,1
quinquinneal,1
comprehend,1
aspect,1
kyokai,1
imbibe,1
slight,1
syndrome,1
terminal,1
costineffective,1
covariance,1
relates,1
prepared,1
unexplored,1
suppressed,1
campus,1
formation,1
moderate,1
hyperlipidaemia,1
conducive,1
youth,1
lists,1
joel,1
declination,1
disposal,1
revert,1
biochemical,1
twentieth,1
ailments,1
worldpopulation,1
precise,1
fluctuations,1
aware,1
discovery,1
profiles,1
exceed,1
applicable,1
integrated,1
building,1
consumption,1
broader,1
constructed,1
blueprint,1
gi,1
smaller,1
disruption,1
defined,1
seeks,1
organ,1
followingvalues,1
bliss,1
shift,1
classification,1
roughly,1
suce,1
summary,1
anonymous,1
needs,1
offered,1
observation,1
supported,1
ofplague,1
apart,1
coefficient,1
cleaner,1
substitute,1
assumed,1
fluctuated,1
fourth,1
ensuring,1
lx,1
astaire,1
statistisk,1
vary,1
transitory,1
reached,1
stemming,1
debate,1
reversing,1
views,1
asks,1
traditional,1
duration,1
manifests,1
comparable,1
whenever,1
infancy,1
weil,1
owe,1
bump,1
delayed,1
utmost,1
depreciation,1
autocorrelation,1
els,1
