WORDCOUNTS,WEIGHT
the,595
of,343
to,236
in,233
and,204
a,166
contracts,132
that,107
for,103
were,91
apprentice,84
his,82
apprenticeship,81
have,73
was,72
apprentices,72
not,68
is,66
an,64
contract,64
age,61
or,61
their,60
with,59
enforcement,58
s,58
montreal,57
at,55
as,53
masters,52
this,50
percent,47
on,45
he,42
years,41
new,40
more,39
would,38
boys,37
may,36
if,35
end,35
from,35
master,34
by,34
it,33
i,33
than,32
p,32
these,32
they,30
but,30
wage,29
see,29
some,28
clause,28
duration,28
no,27
been,27
desertion,26
between,26
term,25
other,24
away,24
also,24
less,23
all,22
sponsor,22
did,22
be,22
those,21
value,21
likely,21
are,21
cash,21
sample,20
cases,20
example,20
starting,20
however,19
time,19
hamilton,19
anqm,19
one,18
york,18
runaways,18
because,18
mechanisms,18
included,18
which,18
craft,18
advertisements,18
terms,18
evidence,18
american,17
quebec,17
without,17
two,17
apprenticeships,17
period,17
city,17
clothing,17
gain,17
there,16
boy,16
costs,16
who,16
states,16
court,15
training,15
during,15
net,15
payment,15
different,15
had,14
university,14
productivity,14
only,14
payments,14
united,14
such,13
pay,13
incentive,13
higher,13
found,13
when,13
another,13
table,13
quimby,12
similar,12
ruddel,12
n,12
received,12
long,12
longer,12
runaway,12
desert,12
whether,12
level,12
thus,11
legal,11
work,11
about,11
pp,11
clauses,11
canada,11
few,11
compensation,11
each,11
information,11
audet,11
either,10
america,10
includes,10
significantly,10
year,10
t,10
running,10
rorabaugh,10
still,10
ep,10
enforceable,9
run,9
parents,9
most,9
could,9
data,9
will,9
reputation,9
usually,9
means,9
contained,9
over,9
worth,9
job,9
very,9
beginning,9
suggests,9
include,9
probation,9
occurred,8
source,8
religion,8
historians,8
annulments,8
old,8
young,8
just,8
appear,8
equal,8
younger,8
burgess,8
receive,8
v,8
where,8
number,8
refers,8
notaries,8
increasing,8
any,8
dur,8
half,8
press,8
c,8
among,8
north,8
common,7
groups,7
before,7
least,7
within,7
case,7
served,7
servants,7
decline,7
up,7
elbaum,7
same,7
ages,7
present,7
original,7
figure,7
deferred,7
constant,7
allowance,7
problem,7
both,7
difference,7
d,7
involving,7
early,7
difficult,6
large,6
english,6
total,6
nineteenth,6
lower,6
issue,6
labor,6
relatively,6
century,6
stipulated,6
fines,6
journal,6
across,6
important,6
result,6
appears,6
older,6
notes,6
economic,6
short,6
indeed,6
deserters,6
indicates,6
many,6
stated,6
took,6
hardy,6
why,6
set,6
appendix,6
vary,6
agreed,6
notary,6
although,6
effects,6
roughly,6
point,6
given,6
does,5
archives,5
faced,5
market,5
rate,5
differences,5
able,5
date,5
system,5
possible,5
drawn,5
so,5
incentives,5
basic,5
deserting,5
support,5
mean,5
numbers,5
greater,5
out,5
further,5
skilled,5
population,5
annulled,5
future,5
proportions,5
versus,5
quite,5
provided,5
therefore,5
earned,5
french,5
appeared,5
variation,5
perhaps,5
explicitly,5
significant,5
three,5
allowed,5
article,5
effect,5
suggest,5
began,5
extra,5
examine,5
chaboillez,5
rarely,5
here,5
regulations,5
them,5
little,5
colonial,5
average,5
typically,5
increased,5
gazette,5
assumed,5
should,5
later,4
true,4
history,4
into,4
du,4
first,4
desautels,4
certainly,4
england,4
seems,4
parties,4
m,4
recorded,4
u,4
annulment,4
laws,4
cited,4
deserted,4
humanely,4
de,4
quality,4
turn,4
amount,4
guardian,4
grubb,4
adult,4
philadelphia,4
whose,4
absent,4
proportion,4
bonds,4
w,4
certification,4
shorter,4
whereas,4
guilds,4
late,4
required,4
well,4
none,4
et,4
craftsmen,4
allowances,4
several,4
majority,4
using,4
actions,4
absence,4
return,4
under,4
toronto,4
blacksmith,4
name,4
rock,4
addition,4
fact,4
larger,4
john,4
relevant,4
incidence,4
formal,4
including,4
samples,4
apprentis,4
pennsylvania,4
artisans,4
probably,4
relationship,4
continued,4
sometimes,4
male,4
detailed,4
often,4
variable,4
chores,4
then,4
past,4
references,4
particular,4
must,4
definitions,4
until,4
conditions,4
instead,4
maximum,4
courts,3
frequent,3
zero,3
indicated,3
per,3
group,3
earnings,3
paternalistic,3
lindert,3
baker,3
might,3
tradition,3
suggesting,3
ottawa,3
rich,3
ph,3
room,3
remainder,3
raised,3
principal,3
march,3
account,3
activity,3
diss,3
sign,3
guilty,3
penalty,3
september,3
agreeing,3
representative,3
learning,3
kind,3
fees,3
even,3
rights,3
l,3
levels,3
responded,3
bond,3
certain,3
leave,3
assuming,3
productive,3
factors,3
reason,3
ensure,3
immigrant,3
les,3
presumably,3
clearly,3
specify,3
receiving,3
placed,3
argued,3
four,3
follow,3
hereafter,3
schooling,3
my,3
lead,3
suburbs,3
carmichael,3
search,3
lived,3
percentages,3
effective,3
lukin,3
fulfill,3
necessities,3
gillian,3
used,3
start,3
related,3
meaders,3
people,3
reflect,3
legislation,3
newspaper,3
employed,3
craftsman,3
guardians,3
order,3
clothes,3
sponsors,3
results,3
commensurate,3
excludes,3
overall,3
cloud,3
exception,3
relied,3
liability,3
permission,3
rules,3
thesis,3
complete,3
law,3
similarly,3
towards,3
isolate,3
serious,3
hand,3
probations,3
made,3
crafts,3
use,3
trade,3
remaining,3
b,3
agreement,3
david,3
after,3
newspapers,3
trades,3
institution,3
increases,3
note,3
parent,3
effectively,3
length,3
life,3
efficiency,3
months,3
school,3
associated,3
circumstances,3
ran,3
ratio,3
board,3
argue,3
current,3
reflected,3
turned,3
birthday,3
son,3
through,3
role,3
unable,3
finally,3
galenson,3
france,3
defined,3
themselves,3
bernard,2
fined,2
obligations,2
way,2
undoubtedly,2
represent,2
affected,2
goldsmith,2
systematically,2
designed,2
kl,2
easily,2
studies,2
devices,2
ian,2
assume,2
princeton,2
shoemaker,2
said,2
came,2
deter,2
sources,2
hence,2
pervasive,2
qudbec,2
worked,2
nature,2
paternalism,2
damaged,2
possibilities,2
skills,2
accompanied,2
reasons,2
potentially,2
studied,2
verbal,2
composition,2
take,2
shillings,2
state,2
mr,2
daniel,2
moogk,2
money,2
presses,2
retain,2
vol,2
ordinances,2
alter,2
october,2
supply,2
journeyman,2
behavior,2
exist,2
learned,2
sponsored,2
language,2
woodworker,2
weakened,2
immediate,2
g,2
relations,2
expected,2
legally,2
uniformly,2
pierre,2
completing,2
quit,2
compared,2
kinship,2
compare,2
details,2
william,2
chinese,2
competitive,2
rates,2
absconding,2
sentences,2
explicit,2
stipulating,2
probability,2
importance,2
white,2
moreover,2
charges,2
completion,2
notarized,2
upper,2
commonly,2
cost,2
trained,2
piastres,2
view,2
based,2
called,2
economics,2
illness,2
suits,2
punishment,2
fourth,2
pointing,2
cultural,2
suffered,2
lachance,2
public,2
possibility,2
criteria,2
hogg,2
numerous,2
having,2
line,2
liable,2
gains,2
civil,2
apparent,2
its,2
loss,2
gave,2
place,2
records,2
actually,2
seybolt,2
earn,2
breakdown,2
own,2
following,2
washing,2
statistically,2
joanne,2
responsibility,2
appended,2
le,2
contrast,2
involved,2
characteristics,2
sufficient,2
wider,2
choose,2
leather,2
presence,2
research,2
always,2
concordia,2
st,2
paid,2
cycle,2
reducing,2
mechanism,2
seemed,2
periods,2
cite,2
f,2
uncommon,2
tasks,2
situation,2
arrangement,2
reduced,2
various,2
letters,2
britain,2
located,2
nearly,2
april,2
community,2
intolerance,2
make,2
surviving,2
initially,2
mending,2
chap,2
once,2
security,2
represents,2
thought,2
nancy,2
participants,2
mckee,2
enforceability,2
illustrated,2
social,2
suit,2
again,2
others,2
responsibilities,2
put,2
anecdotal,2
turner,2
apprenticing,2
areas,2
match,2
choice,2
substantially,2
doubt,2
conclusions,2
enough,2
loyaux,2
continuing,2
necessary,2
bridenbaugh,2
simplicity,2
day,2
discussion,2
father,2
range,2
eighteenth,2
slaves,2
increase,2
food,2
lorne,2
diaries,2
nothing,2
continue,2
chosen,2
option,2
substitutes,2
ki,2
peter,2
workers,2
signing,2
jail,2
him,2
kept,2
standard,2
construct,2
latter,2
municipal,2
especially,2
publics,2
respectively,2
can,2
tradesmen,2
enjoyed,2
structure,2
january,2
we,2
immigration,2
unrelated,2
consists,2
chances,2
provide,2
five,2
employment,2
begin,2
insufficient,2
referred,2
lost,2
contribution,2
transformation,2
responsible,2
analysis,2
existed,2
types,2
unilingual,2
desertions,2
addressed,2
fertility,2
warrants,2
girls,2
believed,2
breach,2
apprentissages,2
continues,2
durations,2
nationales,2
printer,2
parental,2
december,2
domestic,2
report,2
negligent,2
benefit,2
masterpiece,2
growing,2
according,2
unlikely,2
explanations,2
what,2
transfers,2
selected,2
form,2
making,2
orleans,2
leaving,2
property,2
almost,2
espagne,2
freedom,2
strain,2
potters,2
bons,2
met,2
despite,2
traditional,2
went,2
exceeded,2
conventional,2
allows,2
varied,2
terminal,2
jacoby,2
argument,2
copies,2
national,2
accept,2
publishing,2
completed,2
cooper,2
define,2
canadian,2
smaller,2
off,2
measured,2
practiced,2
needs,2
charles,2
artisan,2
rest,2
inconclusive,2
hypothesis,2
final,1
go,1
laing,1
personally,1
fathers,1
oriented,1
declared,1
goldsmiths,1
compensate,1
mimeo,1
truth,1
contractsdiscussed,1
mackinnon,1
determine,1
overstated,1
offset,1
fut,1
e,1
measures,1
socidtd,1
considerably,1
minimum,1
crossing,1
outweighed,1
expect,1
arno,1
needed,1
integrity,1
determinant,1
mobility,1
identify,1
laval,1
informative,1
live,1
schools,1
asserted,1
ways,1
h,1
completely,1
contend,1
specified,1
ly,1
weaker,1
dupre,1
brandt,1
reasonably,1
servitude,1
western,1
enticing,1
painters,1
francis,1
probationary,1
detailing,1
exceptions,1
enumeration,1
arguing,1
closely,1
lal,1
conjecture,1
experience,1
being,1
consistent,1
attribute,1
cast,1
mddidvistes,1
specifically,1
every,1
whom,1
relies,1
production,1
regulating,1
exclusive,1
exaggerated,1
fund,1
give,1
taken,1
hire,1
attempt,1
dissatisfied,1
universitd,1
advanced,1
capital,1
j,1
departure,1
brock,1
words,1
dramatically,1
unworkable,1
company,1
sketchy,1
available,1
reexamined,1
individuals,1
leading,1
professions,1
assess,1
shirking,1
quel,1
desire,1
thank,1
farmers,1
timing,1
accumulated,1
follows,1
transferred,1
closer,1
startai,1
unto,1
subsequent,1
help,1
feature,1
traditionally,1
last,1
faithful,1
respond,1
reserved,1
robert,1
reading,1
somewhat,1
waterloo,1
livelihood,1
contents,1
depends,1
deviation,1
arise,1
eastern,1
eventual,1
has,1
propensity,1
primary,1
draw,1
discuss,1
rests,1
addresses,1
chapter,1
prior,1
howard,1
happier,1
lifetime,1
illustrate,1
contractual,1
carpenters,1
measuring,1
clear,1
restless,1
variations,1
say,1
except,1
reflecting,1
davidthiery,1
relocated,1
desirable,1
constrained,1
representing,1
juvenile,1
himself,1
hullabaloo,1
orldanais,1
millwrights,1
letter,1
engage,1
damages,1
interestingly,1
complained,1
human,1
fleshed,1
upheld,1
collapse,1
differential,1
announce,1
relationships,1
merchants,1
component,1
breaching,1
professor,1
since,1
objective,1
tables,1
machine,1
yeairs,1
author,1
police,1
gaining,1
interest,1
disputes,1
regarded,1
ability,1
absolved,1
mixed,1
honest,1
watchmaker,1
collusive,1
tacit,1
employing,1
universitaires,1
barrier,1
unwilling,1
placid,1
z,1
hat,1
understates,1
iannulled,1
pertained,1
adjustment,1
resting,1
union,1
unhappiness,1
abscond,1
mistakes,1
times,1
document,1
deterrent,1
body,1
adequately,1
compulsory,1
serving,1
columbia,1
restrict,1
wares,1
delisle,1
allowing,1
outweigh,1
dates,1
issued,1
twice,1
single,1
misleading,1
find,1
helpful,1
consequently,1
look,1
reasoned,1
apparently,1
jr,1
smoother,1
adjust,1
promised,1
industries,1
distribution,1
annulledd,1
surprisingly,1
offices,1
poor,1
simultaneously,1
topic,1
sue,1
recognized,1
gunand,1
deviations,1
reflects,1
westport,1
exact,1
act,1
purely,1
principally,1
growth,1
main,1
predictably,1
district,1
remain,1
sort,1
en,1
linearly,1
reexamining,1
analogously,1
notices,1
patronage,1
agreements,1
enseignement,1
knew,1
abrogation,1
active,1
aloysius,1
suffer,1
goes,1
examined,1
phrases,1
risk,1
lasted,1
supplement,1
eight,1
loses,1
default,1
grew,1
entre,1
balanced,1
greenwood,1
adults,1
matched,1
study,1
diminishes,1
cannot,1
meet,1
changes,1
carpentry,1
facilitated,1
ct,1
wanted,1
marks,1
loren,1
possibly,1
signed,1
imposing,1
retained,1
severity,1
abgh,1
liberal,1
sum,1
elsewhere,1
driven,1
days,1
butcher,1
invariably,1
reconstituted,1
mary,1
jersey,1
weak,1
unresponsive,1
renegotiations,1
andperhaps,1
superior,1
additional,1
montrealers,1
statement,1
followed,1
notions,1
postapprenticing,1
occupationa,1
harsher,1
instance,1
willing,1
restriction,1
helped,1
flow,1
preference,1
suggested,1
providing,1
encompass,1
necessarily,1
drawing,1
dispersion,1
coopering,1
friends,1
holdings,1
unproductive,1
ranges,1
character,1
moving,1
theft,1
lieu,1
wayward,1
incomplete,1
substitutability,1
gdef,1
precluded,1
mcgill,1
method,1
demise,1
superfluous,1
strength,1
typical,1
temptation,1
relating,1
seven,1
solicits,1
census,1
requirements,1
identifiably,1
accompany,1
initial,1
compromised,1
acquiring,1
unions,1
accurately,1
weed,1
left,1
knit,1
equally,1
occupation,1
furthermore,1
posting,1
precautions,1
treat,1
province,1
tools,1
recently,1
tailor,1
baltimore,1
otherwise,1
record,1
explain,1
hath,1
james,1
aspects,1
commitments,1
discounting,1
directly,1
collude,1
advisor,1
faire,1
candyand,1
menuisier,1
postapprenticeship,1
industrial,1
fraser,1
stiff,1
nine,1
claim,1
odds,1
r,1
unless,1
part,1
discusses,1
faithfully,1
crying,1
revealed,1
wigmakers,1
caught,1
platt,1
reminded,1
literature,1
domestically,1
issues,1
concentrate,1
noted,1
statistics,1
binding,1
mantua,1
call,1
documented,1
advertising,1
mathematical,1
teenage,1
somewhere,1
halfway,1
surrounding,1
believes,1
il,1
systematic,1
blacksmithing,1
alan,1
strengthened,1
tobaccomakers,1
genealogical,1
weeks,1
ironwork,1
shoemaking,1
preceded,1
good,1
change,1
published,1
tinsmiths,1
legacy,1
bookmakers,1
sense,1
viable,1
successful,1
caused,1
presented,1
fulfilled,1
working,1
below,1
vouched,1
theoretically,1
parish,1
wished,1
hiding,1
prevalence,1
night,1
event,1
around,1
family,1
eleven,1
replace,1
revealing,1
peace,1
invaluable,1
usual,1
villages,1
delinquency,1
credible,1
annual,1
proper,1
describes,1
plausible,1
harboring,1
grateful,1
interests,1
am,1
dictated,1
avoid,1
society,1
survived,1
prescribed,1
advertised,1
void,1
threatened,1
critical,1
siow,1
republic,1
sons,1
conditioning,1
request,1
minor,1
reexamine,1
positions,1
nonetheless,1
practices,1
noncontractual,1
requirement,1
sanctity,1
penalized,1
separation,1
pastrymakers,1
service,1
housewifery,1
labeled,1
released,1
stating,1
female,1
wh,1
july,1
above,1
forfeit,1
congros,1
slower,1
comments,1
experiences,1
afield,1
registered,1
spot,1
hatter,1
certifie,1
selection,1
positive,1
measure,1
vie,1
sponsorship,1
undergo,1
scarcity,1
frank,1
collect,1
communities,1
widows,1
edited,1
yet,1
interpretation,1
refusing,1
arrangements,1
accident,1
marginal,1
notable,1
restricted,1
us,1
neither,1
insanity,1
subset,1
perspectives,1
light,1
abandon,1
teaching,1
shortsighted,1
ed,1
responsive,1
largest,1
already,1
earns,1
tanner,1
confirmed,1
department,1
reports,1
reliance,1
warranted,1
enforce,1
increasingly,1
penalties,1
gentlemen,1
fugitive,1
apprenticel,1
functioned,1
avoided,1
regardless,1
party,1
lewis,1
successfully,1
paul,1
omission,1
business,1
stronger,1
mark,1
ontario,1
spend,1
earmarked,1
locating,1
pointed,1
notarial,1
lowering,1
residence,1
financial,1
conduct,1
water,1
missing,1
shows,1
lack,1
twenty,1
queen,1
diminishing,1
terminating,1
treatment,1
deterioration,1
designing,1
scholars,1
xii,1
utilizing,1
predominant,1
knowingly,1
children,1
really,1
susceptible,1
grows,1
contemporary,1
considerable,1
minimize,1
arguably,1
man,1
seldom,1
discussed,1
contrats,1
adh,1
enactment,1
forms,1
hairdressers,1
do,1
fidel,1
haul,1
model,1
developing,1
existing,1
ensured,1
receives,1
michael,1
tell,1
duties,1
material,1
disparity,1
upswing,1
meting,1
ignoring,1
sell,1
confront,1
free,1
argues,1
local,1
classes,1
charivari,1
lasting,1
greatest,1
exhibit,1
vast,1
registers,1
excluding,1
restrictions,1
treated,1
discovery,1
explanation,1
bear,1
values,1
represented,1
culpability,1
patricia,1
signaled,1
arose,1
previously,1
delinquent,1
dollar,1
services,1
desirous,1
mistresses,1
findings,1
varying,1
controlling,1
characteristicsc,1
cabinetmaking,1
persisted,1
approach,1
frenchspeaking,1
evolution,1
merit,1
examination,1
franklin,1
full,1
previous,1
office,1
theoretical,1
underwent,1
low,1
explorations,1
directed,1
authors,1
disguised,1
rapidly,1
damage,1
dominated,1
interpret,1
hamtlton,1
august,1
issn,1
held,1
like,1
revised,1
general,1
divlded,1
inadequacies,1
high,1
collected,1
serves,1
distinction,1
anyone,1
improved,1
offense,1
provides,1
instruction,1
woodworking,1
farley,1
margin,1
disseminate,1
facing,1
random,1
problems,1
enacted,1
trying,1
incapable,1
initiations,1
constructing,1
tradesman,1
saddler,1
proceeding,1
chatter,1
learn,1
seeking,1
implication,1
analyze,1
sept,1
revolution,1
attend,1
negligible,1
quarter,1
fee,1
la,1
concluded,1
joiners,1
unwittingly,1
indentured,1
dealing,1
european,1
indented,1
profitable,1
oxford,1
escaping,1
posted,1
informs,1
raise,1
else,1
she,1
george,1
chance,1
chop,1
suggestive,1
bound,1
reasonable,1
favour,1
fewer,1
widespread,1
trait,1
recourse,1
returned,1
render,1
proposition,1
originated,1
inadequate,1
seminar,1
owed,1
increasingenforcement,1
es,1
dans,1
paternal,1
sailors,1
implies,1
catechism,1
surprising,1
historiens,1
deterrents,1
education,1
drafted,1
centuries,1
exists,1
itself,1
paying,1
consenting,1
regularly,1
rises,1
stable,1
detail,1
perspective,1
dissertation,1
assistant,1
meant,1
suggestions,1
punished,1
eventually,1
going,1
confederates,1
comes,1
version,1
changing,1
incorporated,1
punishments,1
staggered,1
extending,1
demonstrate,1
simply,1
extensive,1
francophone,1
qu,1
clty,1
costsundoubtedly,1
shop,1
convicts,1
named,1
constructed,1
text,1
offers,1
indentures,1
jefferson,1
cover,1
mirrors,1
quickly,1
know,1
clockmakers,1
control,1
readily,1
paper,1
abandonment,1
prolific,1
authorities,1
referees,1
nevertheless,1
alexander,1
ajourneyman,1
universal,1
scenario,1
post,1
counting,1
carl,1
losses,1
exhibits,1
goods,1
oversampling,1
cities,1
wood,1
closest,1
sailor,1
pour,1
rural,1
passage,1
works,1
type,1
better,1
evident,1
person,1
bien,1
gardeners,1
bilingual,1
woodmaker,1
logbooks,1
carefully,1
nominal,1
month,1
worthwhile,1
reputations,1
lane,1
imposed,1
maintain,1
pains,1
signature,1
theory,1
extent,1
consisting,1
predate,1
her,1
partial,1
extract,1
studying,1
require,1
smoothing,1
missed,1
inability,1
ascertain,1
port,1
size,1
travel,1
des,1
penalize,1
bought,1
careful,1
code,1
idleness,1
affecting,1
joining,1
show,1
prevalent,1
procure,1
became,1
november,1
unaffected,1
justices,1
tried,1
reconstruct,1
arguments,1
ever,1
families,1
phenomenon,1
garland,1
writing,1
sparked,1
complaints,1
session,1
question,1
runs,1
ultimately,1
obliged,1
eam,1
generate,1
finding,1
institutional,1
write,1
samuel,1
naomi,1
motives,1
ended,1
employer,1
correlated,1
connaught,1
need,1
green,1
files,1
opinions,1
exceeding,1
fine,1
association,1
summary,1
ruth,1
anonymous,1
comparison,1
profits,1
offered,1
specific,1
potential,1
besides,1
lamoreaux,1
substitute,1
ensuring,1
mason,1
archival,1
consisted,1
obligation,1
avantage,1
minors,1
furriers,1
wooldyers,1
documentary,1
ks,1
appealing,1
focus,1
much,1
prison,1
grace,1
ss,1
strting,1
asked,1
delayed,1
household,1
costly,1
heterogeneous,1
