WORDCOUNTS,WEIGHT
the,959
of,658
and,451
in,365
to,280
wealth,184
for,177
a,176
on,160
that,121
health,119
is,119
were,117
as,113
by,106
from,91
who,90
recruits,86
mortality,79
accumulation,76
wartime,73
war,71
was,67
wounds,66
this,63
sample,61
be,60
economic,58
company,57
veterans,57
army,56
not,55
service,54
are,53
variables,53
ni,53
than,49
with,48
or,45
more,45
percent,45
enlistment,45
it,44
union,44
census,42
s,41
effect,41
at,40
military,39
those,39
effects,38
diseases,37
had,37
table,37
no,36
linked,36
pension,36
illnesses,36
stress,35
medical,35
while,35
mobility,34
between,34
occupational,33
used,33
experiences,33
age,32
their,31
such,30
records,30
exposure,30
lee,30
farmers,29
university,29
i,28
an,28
results,28
disease,28
civil,27
personal,27
also,27
other,26
combat,26
have,26
likely,25
journal,25
wounded,25
study,25
new,25
prior,24
status,24
because,23
data,23
wound,23
if,22
height,22
found,22
men,22
variable,22
total,21
instrumental,21
these,21
strong,21
studies,20
history,20
real,20
served,20
unskilled,20
events,20
among,20
being,19
all,19
estimate,19
less,19
which,19
entire,19
pensions,19
chicago,19
different,18
co,18
particular,18
press,18
rate,17
regression,17
infectious,17
general,17
over,17
extent,17
characteristics,16
significant,16
workers,16
size,16
measures,15
negative,15
some,15
american,15
after,15
skilled,15
only,15
death,15
time,15
children,15
would,15
regressions,15
first,14
proportion,14
vietnam,14
greater,14
based,14
same,14
costs,13
mean,13
could,13
economics,13
occupation,13
population,13
et,13
will,13
various,13
al,13
d,13
hand,13
income,13
ln,13
reported,13
north,13
estimated,12
they,12
amount,12
may,12
poor,12
coefficients,12
persons,12
information,12
older,12
change,12
but,12
use,12
dummy,12
given,12
evidence,12
c,12
much,12
problem,11
large,11
bias,11
u,11
labor,11
human,11
relatively,11
costa,11
probability,11
enlisted,11
illness,11
diarrhea,11
r,11
during,11
caused,11
family,11
significantly,11
edited,11
index,11
residence,11
been,11
socioeconomic,11
conditions,11
therefore,10
there,10
affected,10
due,10
century,10
most,10
linkage,10
companies,10
however,10
year,10
savings,10
suggest,10
small,10
prisoners,10
included,10
present,10
see,10
number,10
especially,10
can,10
here,10
malaria,10
goldin,10
states,10
early,10
censuses,10
nineteenth,9
farmer,9
influences,9
killed,9
west,9
central,9
million,9
pows,9
higher,9
persistent,9
n,9
impact,9
ten,9
employed,9
geographical,9
second,9
two,9
respiratory,9
individual,9
analysis,9
united,9
each,9
losses,9
month,9
suggests,9
w,9
through,9
measure,9
average,9
national,9
potential,9
later,8
h,8
ii,8
capital,8
did,8
how,8
important,8
public,8
well,8
received,8
county,8
place,8
statistically,8
survived,8
impacts,8
accumulations,8
social,8
previous,8
similar,8
three,8
ages,8
preston,8
provide,8
quintile,8
particularly,8
type,8
cambridge,8
correlated,8
rheumatism,8
into,8
one,7
injuries,7
experience,7
j,7
state,7
typhoid,7
exposed,7
immigrants,7
young,7
dates,7
injury,7
four,7
cost,7
medicine,7
p,7
participation,7
work,7
project,7
contrast,7
veteran,7
several,7
research,7
world,7
pope,7
many,7
positively,7
lewis,7
addition,7
occupations,7
choice,7
degree,7
problems,7
respectively,7
probably,7
relationship,7
note,7
measles,7
both,7
subject,7
using,7
years,7
physical,7
sources,6
infections,6
estate,6
recruit,6
subsequent,6
deolaliker,6
case,6
america,6
chronic,6
tape,6
cases,6
even,6
rates,6
york,6
his,6
risk,6
b,6
direct,6
factors,6
category,6
changes,6
wages,6
severity,6
too,6
additional,6
result,6
location,6
entered,6
required,6
part,6
example,6
migration,6
when,6
battle,6
positive,6
about,6
smith,6
areas,6
surgeon,6
do,6
where,6
understanding,6
nutrition,6
link,6
explanation,6
region,6
samples,6
morbidity,6
so,6
include,6
hernia,6
force,6
examine,6
associated,6
control,6
tuberculosis,6
has,6
searched,6
past,6
rural,6
person,6
selected,6
distribution,6
duty,6
difference,6
galenson,6
although,6
endogeneity,6
ferrie,6
draft,6
common,5
probabilities,5
manuscript,5
center,5
syphilis,5
available,5
skills,5
differences,5
adverse,5
foreigners,5
household,5
mid,5
disorder,5
explained,5
severe,5
rank,5
david,5
body,5
compared,5
influence,5
summer,5
traumatic,5
whose,5
affect,5
weak,5
powerful,5
my,5
inches,5
suffered,5
younger,5
aging,5
south,5
f,5
casualty,5
percentage,5
foot,5
nonfarmers,5
omitted,5
serious,5
smallpox,5
another,5
including,5
parameter,5
individuals,5
earlier,5
thomas,5
leg,5
dollars,5
we,5
fogel,5
detailed,5
types,5
fought,5
environment,5
following,5
determinants,5
wealthier,5
very,5
born,5
according,5
terms,5
healthy,5
disability,5
dangerous,5
goulston,5
magnitudes,5
association,5
assumed,5
nativity,5
should,5
major,5
group,4
columns,4
earnings,4
before,4
indexes,4
lower,4
either,4
england,4
estimation,4
simple,4
timing,4
follows,4
robert,4
dora,4
brigham,4
rolls,4
nber,4
account,4
possible,4
calculated,4
except,4
damages,4
natives,4
review,4
instruments,4
ma,4
contracting,4
town,4
predicted,4
opportunity,4
taller,4
arm,4
reason,4
biased,4
sick,4
show,4
instance,4
event,4
m,4
dc,4
strongly,4
late,4
receive,4
literature,4
related,4
department,4
its,4
positions,4
statistics,4
missions,4
t,4
good,4
yankeys,4
few,4
schedules,4
up,4
productivity,4
moved,4
above,4
estimations,4
choices,4
reports,4
again,4
shows,4
head,4
contracted,4
vinovskis,4
birth,4
range,4
controlling,4
largely,4
assignment,4
obtained,4
provides,4
why,4
insignificant,4
bureau,4
continued,4
unclassified,4
lost,4
life,4
often,4
dent,4
acquired,4
magnitude,4
any,4
manual,4
nutritional,4
known,4
korean,4
paper,4
scores,4
suffering,4
discharge,4
them,4
form,4
namely,4
agricultural,4
urban,4
die,4
seoul,4
washington,4
finally,4
shift,4
specific,4
elo,4
delayed,4
does,3
possessed,3
child,3
indicated,3
ols,3
iowa,3
implies,3
per,3
determinant,3
zero,3
sets,3
former,3
richlin,3
presents,3
enlistees,3
finger,3
troops,3
damaged,3
user,3
analyses,3
rich,3
able,3
atlantic,3
thanks,3
survey,3
greatly,3
within,3
beebe,3
east,3
e,3
determined,3
lifetime,3
condition,3
measuring,3
x,3
sent,3
anticipated,3
representing,3
correlation,3
thus,3
dying,3
dynamics,3
development,3
application,3
unhealthy,3
expected,3
died,3
pueblo,3
consequently,3
immunity,3
hamersly,3
ptsd,3
rather,3
arising,3
across,3
developed,3
district,3
process,3
represented,3
hepatitis,3
connected,3
clayne,3
confederate,3
downward,3
dean,3
consider,3
statistical,3
experienced,3
tuddenham,3
suggested,3
retirement,3
whereas,3
whom,3
allow,3
out,3
initial,3
markets,3
applied,3
silver,3
directly,3
having,3
people,3
prisoner,3
overrepresented,3
ursano,3
construct,3
working,3
useful,3
indicators,3
berg,3
spaulding,3
separately,3
june,3
disabilities,3
decline,3
cycle,3
value,3
provided,3
rest,3
reduced,3
implications,3
limited,3
nearly,3
movement,3
direction,3
selection,3
single,3
examined,3
selective,3
adjusted,3
prause,3
noted,3
inheritance,3
hulley,3
members,3
demographic,3
lund,3
fact,3
minnesota,3
larger,3
hearst,3
pattern,3
patterns,3
unanticipated,3
native,3
strauss,3
observable,3
specifications,3
farming,3
previously,3
findings,3
pizarro,3
assumption,3
evolution,3
examination,3
full,3
office,3
advantages,3
nevertheless,3
significance,3
soldiers,3
held,3
shortly,3
households,3
least,3
chulhee,3
article,3
sutker,3
mainly,3
structure,3
postwar,3
evaluated,3
attention,3
claudia,3
ranging,3
farm,3
assigned,3
chances,3
five,3
rough,3
deaths,3
face,3
length,3
frontier,3
composed,3
considered,3
specification,3
version,3
log,3
kearl,3
gpo,3
natural,3
unknown,3
denoted,3
report,3
post,3
newman,3
job,3
enemy,3
cities,3
differed,3
better,3
nefzger,3
generally,3
psychology,3
categories,3
middle,3
bodies,3
level,3
became,3
come,3
disadvantages,3
formation,3
injured,3
trauma,3
cognitive,3
attributes,3
measured,3
increased,3
comparison,3
coefficient,3
haines,3
substantial,3
miller,2
difficult,2
now,2
produces,2
concerned,2
steckel,2
heights,2
legitimate,2
totally,2
conducted,2
margo,2
certificates,2
join,2
true,2
federal,2
pedersen,2
psychiatry,2
predictor,2
antebellum,2
mcclellan,2
evasion,2
princeton,2
symptoms,2
institutes,2
women,2
consistent,2
subsample,2
australia,2
onsets,2
taken,2
nature,2
shaped,2
together,2
accumulated,2
damage,2
improved,2
classified,2
nonfarm,2
issue,2
side,2
exogenous,2
hell,2
owing,2
key,2
primary,2
agriculture,2
hirsch,2
vol,2
variations,2
supply,2
disparities,2
laws,2
desirable,2
undergone,2
steiner,2
collection,2
differential,2
relocation,2
difficulties,2
quality,2
since,2
analyzing,2
g,2
ability,2
employing,2
estimates,2
survivors,2
bloody,2
unchanged,2
third,2
twice,2
compare,2
find,2
weight,2
rosen,2
adult,2
adjust,2
formed,2
perfect,2
employ,2
high,2
soltow,2
reflects,2
camp,2
l,2
clinical,2
main,2
levels,2
incidence,2
environments,2
musculoskeletal,2
assuming,2
possess,2
front,2
healthier,2
support,2
flexibility,2
attanasio,2
benefits,2
india,2
presumably,2
korea,2
instrument,2
profile,2
superior,2
shorter,2
officer,2
modeled,2
evaluation,2
utah,2
care,2
anil,2
appear,2
reflections,2
logarithms,2
closely,2
misses,2
columbia,2
discount,2
method,2
search,2
sd,2
archibald,2
mcdonough,2
missouri,2
postservice,2
international,2
depletion,2
captured,2
term,2
sectoral,2
furthermore,2
though,2
institute,2
stock,2
indirect,2
intensity,2
explored,2
saving,2
ruggles,2
residents,2
angrist,2
heart,2
knowledge,2
confined,2
loss,2
sobek,2
issues,2
documented,2
reflect,2
hampshire,2
prices,2
indicator,2
successful,2
presented,2
reliable,2
sipprelle,2
foy,2
insurance,2
presence,2
australian,2
tended,2
maine,2
fully,2
purpose,2
notes,2
diminished,2
wimmer,2
pertaining,2
he,2
proxy,2
onset,2
absence,2
rampant,2
squared,2
action,2
alphabetical,2
upward,2
gift,2
reduce,2
joann,2
once,2
thought,2
serve,2
pensioners,2
us,2
recruited,2
shook,2
dummies,2
assistance,2
complete,2
locality,2
switch,2
robust,2
already,2
odds,2
delaware,2
volunteers,2
roxane,2
successfully,2
stronger,2
mark,2
toward,2
others,2
locating,2
ecological,2
added,2
longer,2
epidemiology,2
navy,2
never,2
overstate,2
meara,2
increases,2
unclear,2
jobs,2
disabled,2
judith,2
weakly,2
deficit,2
remained,2
fight,2
original,2
murdock,2
kansas,2
luck,2
upon,2
berhman,2
depended,2
dollar,2
maris,2
empirical,2
rare,2
eligible,2
services,2
lasted,2
exerted,2
explorations,2
glasson,2
august,2
times,2
period,2
noninfantry,2
collected,2
course,2
margin,2
outcomes,2
matched,2
k,2
understate,2
nobody,2
accordingly,2
excluded,2
james,2
analyze,2
captivity,2
northern,2
oxford,2
belonged,2
independent,2
tenant,2
figure,2
contraction,2
lavine,2
nexus,2
gastrointestinal,2
overrepresentation,2
countries,2
linking,2
class,2
literacy,2
heavily,2
surprising,2
dead,2
extremely,2
susan,2
joseph,2
berger,2
meer,2
duncan,2
seriously,2
geographic,2
alternative,2
discharged,2
monthly,2
steven,2
current,2
clearly,2
perfectly,2
historical,2
examining,2
living,2
william,2
what,2
whether,2
males,2
seasonal,2
toe,2
her,2
correlates,2
studying,2
virginia,2
contain,2
john,2
ill,2
recipients,2
ohio,2
exhibit,2
controls,2
contribute,2
varied,2
our,2
shown,2
models,2
spring,2
background,2
decrease,2
illinois,2
twentieth,2
samuel,2
fatal,2
attempted,2
remains,2
detray,2
ettner,2
privates,2
resources,2
era,2
civilian,2
severely,2
laborers,2
meeting,2
indicating,2
nificance,1
final,1
archives,1
gilbert,1
o,1
fraction,1
shortterm,1
fering,1
functional,1
degraded,1
migrated,1
career,1
extreme,1
college,1
offset,1
resided,1
alone,1
poorer,1
eliminated,1
ultimate,1
originating,1
considerably,1
stands,1
connecticut,1
shocks,1
screening,1
effective,1
larry,1
identify,1
tend,1
conducting,1
bmi,1
overrepresents,1
alive,1
illiterate,1
johns,1
jonathan,1
servicemen,1
epidemiological,1
park,1
weaker,1
decade,1
kerry,1
position,1
comrades,1
cured,1
chullee,1
unlike,1
kr,1
carroll,1
occurred,1
moving,1
impeded,1
pneumonia,1
edu,1
arguing,1
source,1
discounting,1
test,1
peaked,1
gap,1
www,1
titles,1
long,1
hospitalized,1
jointly,1
logistic,1
originally,1
fund,1
might,1
address,1
hire,1
rapid,1
attempt,1
geary,1
actual,1
bloomington,1
definition,1
allan,1
fractional,1
explores,1
sahn,1
figley,1
suggesting,1
thank,1
potentially,1
acreage,1
enrolled,1
revisions,1
government,1
respondents,1
chosen,1
hundred,1
whitecollar,1
composition,1
jere,1
procedure,1
take,1
galina,1
mimeo,1
solicited,1
typical,1
marine,1
consulting,1
reserved,1
regiment,1
ambiguous,1
hostile,1
infection,1
el,1
papers,1
bodnar,1
hilary,1
takes,1
depending,1
effort,1
linear,1
recorded,1
strachan,1
iv,1
demography,1
ths,1
changed,1
chapter,1
reaction,1
functions,1
alter,1
datasets,1
joon,1
move,1
richard,1
dataset,1
community,1
taking,1
mental,1
timothy,1
classifications,1
kahn,1
apply,1
compares,1
along,1
zone,1
measurement,1
warfare,1
desertion,1
behavior,1
harold,1
infantrywealth,1
hoynes,1
segregation,1
inheritances,1
regarding,1
possessing,1
converting,1
sponsored,1
estimating,1
overstatement,1
professor,1
longevity,1
backgrounds,1
against,1
tables,1
econometric,1
september,1
occuerans,1
adjusting,1
regarded,1
richardson,1
mixed,1
consumer,1
jeremy,1
price,1
participating,1
jr,1
assessment,1
janet,1
pay,1
z,1
understates,1
turn,1
uchicago,1
distinct,1
old,1
ct,1
underlying,1
rueger,1
http,1
postponed,1
applying,1
criterion,1
y,1
drawn,1
austria,1
spite,1
corrected,1
industries,1
apparently,1
kentucky,1
jones,1
commanding,1
deficits,1
stanley,1
focused,1
battles,1
mechanisms,1
rights,1
loyal,1
site,1
via,1
precautionary,1
americans,1
identification,1
managers,1
gallman,1
purely,1
growth,1
performance,1
spousal,1
stressful,1
remain,1
unit,1
mitigates,1
longest,1
cohort,1
broaden,1
politicians,1
killing,1
titled,1
granted,1
associate,1
underrepresents,1
ua,1
accumulate,1
maladjustments,1
parts,1
induce,1
milton,1
lacking,1
crusade,1
diminishes,1
watching,1
mission,1
cause,1
intercept,1
improvement,1
established,1
rated,1
bit,1
expectancy,1
section,1
elsewhere,1
unimportant,1
house,1
threat,1
benefited,1
stationed,1
commonly,1
democratic,1
recovered,1
voluminous,1
encouragement,1
calculations,1
isolation,1
followed,1
chapuis,1
represent,1
requires,1
hereafter,1
imprisonment,1
lottery,1
dwelling,1
helped,1
modifying,1
providing,1
conflicts,1
friends,1
sigwealth,1
ei,1
impede,1
assets,1
lead,1
identifying,1
priori,1
histories,1
entering,1
strength,1
frye,1
inappropriate,1
lived,1
deal,1
circa,1
requirements,1
owen,1
disorders,1
representative,1
nonphysical,1
overcome,1
further,1
pure,1
cultural,1
equal,1
let,1
persisters,1
michigan,1
viewed,1
residential,1
recently,1
produced,1
unemployment,1
purchased,1
excellent,1
scale,1
placed,1
mcpherson,1
explain,1
virus,1
dwellers,1
dependents,1
professionals,1
hopkins,1
near,1
eliminate,1
criteria,1
aspects,1
gained,1
accounting,1
degrees,1
gains,1
douglas,1
discriminant,1
tenants,1
concept,1
fired,1
characterization,1
fared,1
seogang,1
explains,1
training,1
reduction,1
coded,1
atack,1
surprise,1
uc,1
editorial,1
broad,1
reduces,1
imputation,1
participated,1
winter,1
call,1
craftsmen,1
systematic,1
ethnicity,1
trends,1
errors,1
regions,1
solution,1
sense,1
correct,1
billion,1
uncorrelated,1
shaping,1
panel,1
speculations,1
prevalence,1
next,1
order,1
enlist,1
owned,1
quite,1
involved,1
around,1
contingency,1
coping,1
wider,1
highly,1
revealing,1
iussp,1
brought,1
observe,1
massachusetts,1
met,1
codes,1
managed,1
visible,1
richness,1
universities,1
majority,1
dependent,1
instrumenting,1
paid,1
ofhuman,1
peculiar,1
plausible,1
newly,1
preliminary,1
lincoln,1
aggregate,1
allocations,1
spare,1
increasing,1
critical,1
asset,1
san,1
units,1
logarithm,1
authorization,1
matter,1
variety,1
summarize,1
scientific,1
populations,1
indeed,1
located,1
techniques,1
return,1
landless,1
released,1
exception,1
nonpensioners,1
july,1
still,1
comments,1
sending,1
initially,1
relaxed,1
suppose,1
strategic,1
tends,1
biological,1
frank,1
joshua,1
housing,1
violence,1
fair,1
randomized,1
threeyear,1
security,1
represents,1
makes,1
pp,1
switching,1
read,1
requiring,1
soon,1
orazio,1
restricted,1
mitigate,1
favorable,1
perceived,1
participants,1
subset,1
rockoff,1
baltimore,1
microdata,1
wright,1
experiment,1
rebellion,1
largest,1
without,1
gainfully,1
enumerated,1
unusually,1
vermont,1
regional,1
irvine,1
considers,1
regardless,1
fill,1
murdoch,1
shortest,1
etiology,1
skill,1
law,1
liege,1
similarly,1
printing,1
towns,1
scientists,1
release,1
incorporates,1
causality,1
limit,1
device,1
conduct,1
abilities,1
rents,1
plan,1
match,1
seasonality,1
adds,1
crop,1
enable,1
isolate,1
cure,1
secondly,1
hugh,1
end,1
contemporary,1
variation,1
considerable,1
pennsylvania,1
man,1
wallets,1
discussed,1
utilize,1
reasons,1
conclusions,1
behind,1
likelihood,1
performances,1
ground,1
corps,1
yale,1
secular,1
developing,1
pations,1
michael,1
necessary,1
ahead,1
disparity,1
eighth,1
pamuk,1
seminars,1
behrman,1
free,1
remarkably,1
capture,1
anticipate,1
stockton,1
multicollinearity,1
incident,1
classes,1
behaviors,1
spending,1
finish,1
mix,1
intimate,1
winstead,1
indiana,1
considering,1
easier,1
made,1
helps,1
locate,1
slaves,1
enormous,1
looking,1
reside,1
concern,1
top,1
hrs,1
entirely,1
additions,1
emphasize,1
assume,1
causes,1
congress,1
resulting,1
harvard,1
net,1
seasoning,1
engaged,1
laboratory,1
insults,1
underwent,1
described,1
harvey,1
low,1
compositions,1
modem,1
hampered,1
points,1
peter,1
issn,1
ofpsychiatry,1
allowed,1
characterized,1
helpful,1
japanese,1
features,1
escaped,1
mask,1
register,1
lowerclass,1
paths,1
administrative,1
counted,1
filled,1
accurate,1
dekalb,1
migrants,1
lukewarm,1
cardiac,1
methods,1
computed,1
relation,1
land,1
regressors,1
wise,1
patterson,1
implication,1
slightly,1
save,1
saw,1
haven,1
industrialization,1
relative,1
joint,1
quarter,1
immigration,1
unrelated,1
contributes,1
implicitly,1
enough,1
applications,1
dual,1
bassett,1
assisting,1
today,1
raise,1
she,1
perspectives,1
science,1
chance,1
selections,1
reasonable,1
select,1
lines,1
foregoing,1
fewer,1
widespread,1
primarily,1
means,1
seen,1
team,1
began,1
economists,1
cpe,1
wilson,1
indicate,1
diagnosis,1
education,1
fields,1
centuries,1
months,1
itself,1
eugene,1
gathered,1
militia,1
thick,1
addressed,1
school,1
premilitary,1
impairing,1
springfield,1
baseline,1
border,1
suggestions,1
heavy,1
then,1
prohibited,1
summary,1
comes,1
series,1
psychopathology,1
accordance,1
nervous,1
kemp,1
constructed,1
text,1
pregnancy,1
set,1
conley,1
quickly,1
outcome,1
dimension,1
midnineteenth,1
parental,1
shares,1
descriptions,1
expenditures,1
share,1
contained,1
sizes,1
setting,1
historians,1
seem,1
board,1
believe,1
referees,1
altering,1
best,1
cine,1
straightforward,1
appendix,1
half,1
wall,1
allied,1
dennis,1
iii,1
exploiting,1
hospital,1
matthew,1
constant,1
polynomials,1
choosing,1
allocated,1
numerator,1
utilized,1
options,1
imputed,1
turned,1
growing,1
stature,1
ofaging,1
explanations,1
deteriorate,1
capita,1
making,1
references,1
maryland,1
semiskilled,1
supports,1
add,1
pathogens,1
passed,1
nonnatives,1
mathew,1
ofretirement,1
unnecessary,1
leaving,1
rating,1
require,1
divide,1
bronchitis,1
snu,1
property,1
influenced,1
intake,1
witnessing,1
incomes,1
ideal,1
premia,1
appanoose,1
conference,1
nj,1
eligibility,1
transplanted,1
careful,1
prevalent,1
role,1
exploring,1
variability,1
convinced,1
ac,1
williamson,1
acute,1
vetwealth,1
resistance,1
appointed,1
colonial,1
families,1
crew,1
ellen,1
underestimation,1
eric,1
susceptible,1
until,1
survival,1
score,1
urbanization,1
caloric,1
frontiers,1
contract,1
web,1
epidemiologists,1
write,1
regimental,1
brain,1
joined,1
integrated,1
need,1
smaller,1
illiteracy,1
surgical,1
oldest,1
surgeons,1
morning,1
anonymous,1
needs,1
supported,1
barry,1
engerman,1
surrender,1
gavin,1
regularity,1
fourth,1
combination,1
vary,1
debate,1
pool,1
partial,1
maximum,1
exclusively,1
incur,1
element,1
kim,1
little,1
develop,1
focus,1
duration,1
cubed,1
whenever,1
recent,1
herscovici,1
race,1
manila,1
irma,1
heterogeneous,1
hypothesis,1
