WORDCOUNTS,WEIGHT
the,780
of,529
and,348
in,284
to,195
a,142
virginia,120
that,107
for,98
s,95
investors,91
railroad,75
transportation,68
from,68
state,64
cumberland,64
railroads,62
albemarle,59
investment,58
was,55
as,53
stock,52
local,49
county,45
pennsylvania,45
percent,43
capital,39
with,38
companies,37
university,34
more,33
new,33
only,32
were,32
corporations,31
improvements,31
central,30
than,29
philadelphia,29
or,29
company,28
had,28
economic,28
but,28
press,28
their,27
road,27
an,26
river,26
most,26
not,26
regional,24
turnpike,24
table,24
valley,24
york,23
john,23
would,23
history,22
even,22
public,22
this,22
majewski,22
on,22
number,22
financing,21
p,21
pp,21
board,21
carlisle,21
harrisburg,21
early,21
planters,20
no,20
james,20
its,20
who,20
have,20
one,19
these,19
which,19
shares,19
development,18
owned,18
by,18
other,18
projects,18
is,18
works,18
property,18
stockholders,18
it,17
all,17
divergence,17
census,17
south,17
american,16
benefits,16
indirect,16
economy,16
states,16
at,15
antebellum,15
direct,15
richmond,15
revolution,15
index,15
also,15
between,15
such,14
markets,14
small,14
annual,14
dollars,14
northern,14
while,14
lists,14
archives,13
market,13
capitalists,13
million,13
poor,13
growth,13
turnpikes,13
bank,13
many,13
tax,13
two,13
be,13
ohio,13
north,13
sources,12
government,12
papers,12
system,12
sample,12
linked,12
location,12
could,12
network,12
example,12
dividends,12
held,12
are,12
did,12
urban,12
large,11
farmers,11
i,11
america,11
carolina,11
well,11
data,11
residents,11
dividend,11
made,11
slaves,11
internal,11
lines,11
construction,11
united,11
charlottesville,11
manufacturing,11
directors,10
might,10
money,10
journal,10
bonds,10
sokoloff,10
same,10
reports,10
staunton,10
appeared,10
see,10
canals,10
so,10
earlier,10
cities,10
list,10
years,10
average,10
they,9
library,9
into,9
total,9
return,9
some,9
merchants,9
old,9
improvement,9
legislative,9
stockholder,9
purchased,9
chambersburg,9
financial,9
toll,9
trade,9
thomas,9
each,9
almost,9
city,9
evidence,9
charles,9
klein,9
policy,8
came,8
real,8
financed,8
plantation,8
slavery,8
performance,8
slaveholders,8
preferred,8
hanover,8
bridge,8
southern,8
shows,8
lack,8
private,8
cambridge,8
values,8
microfilm,8
b,8
figures,8
often,8
share,8
through,8
developmental,8
substantial,8
close,8
if,7
per,7
ma,7
rivanna,7
historians,7
miles,7
those,7
pay,7
canal,7
distribution,7
importance,7
population,7
helped,7
whereas,7
greater,7
found,7
lived,7
counties,7
used,7
records,7
least,7
notes,7
value,7
payments,7
name,7
business,7
l,7
less,7
banks,7
increase,7
been,7
then,7
cocke,7
potential,7
returns,7
problem,7
suggests,7
invested,7
land,7
profits,7
jefferson,7
enterprise,7
little,7
names,6
navigation,6
improved,6
has,6
activity,6
issued,6
twice,6
hardly,6
town,6
how,6
important,6
war,6
wealth,6
because,6
rail,6
kanawha,6
civil,6
statistics,6
president,6
own,6
connections,6
good,6
commerce,6
productivity,6
provided,6
cvrr,6
f,6
community,6
roads,6
about,6
once,6
included,6
baltimore,6
without,6
social,6
hartwell,6
larger,6
dominion,6
harvard,6
three,6
high,6
never,6
study,6
artisans,6
five,6
joseph,6
extension,6
trunk,6
control,6
wealthy,6
report,6
build,6
historical,6
c,6
rural,6
living,6
although,6
d,6
increased,6
m,5
fountaine,5
estate,5
group,5
center,5
fund,5
investments,5
robert,5
political,5
behind,5
agriculture,5
investing,5
segar,5
interest,5
relatively,5
plank,5
slave,5
kinship,5
single,5
influence,5
higher,5
his,5
handlin,5
special,5
capitalization,5
w,5
show,5
additional,5
holdings,5
virginians,5
however,5
information,5
randolph,5
line,5
received,5
freerider,5
abpw,5
box,5
few,5
up,5
paid,5
society,5
various,5
corporation,5
covington,5
augusta,5
wright,5
inventive,5
put,5
residence,5
revenue,5
occupations,5
personal,5
patterns,5
hand,5
sold,5
ties,5
chapel,5
probably,5
raise,5
kenneth,5
hill,5
shaw,5
any,5
hartz,5
over,5
finance,5
finished,5
both,5
ownership,5
lamoreaux,5
chicago,5
invest,5
much,5
recent,5
rate,4
common,4
way,4
profitability,4
before,4
jackson,4
book,4
daniel,4
jacksonian,4
review,4
oxford,4
vcrr,4
failed,4
managers,4
traffic,4
basic,4
risk,4
after,4
mile,4
derived,4
summarized,4
consequences,4
bruce,4
argued,4
bridges,4
view,4
dc,4
concentration,4
urbanization,4
near,4
work,4
gave,4
during,4
baer,4
will,4
second,4
goodrich,4
still,4
movement,4
edited,4
yet,4
tp,4
under,4
watson,4
ed,4
industrial,4
investor,4
towns,4
outside,4
considerable,4
enough,4
took,4
free,4
including,4
top,4
significant,4
low,4
co,4
linking,4
edmund,4
usually,4
slow,4
strongly,4
why,4
case,4
funding,4
phillips,4
set,4
legislature,4
speech,4
clearly,4
far,4
better,4
william,4
purchase,4
them,4
selected,4
hoped,4
boston,4
thereby,4
coles,4
commercial,4
goldfield,4
washington,4
include,4
building,4
integration,4
tobacco,4
comparison,4
among,4
resembled,4
difficult,3
rev,3
pittsburgh,3
stood,3
endowments,3
federal,3
modern,3
spirit,3
western,3
chandler,3
cast,3
provision,3
long,3
georgia,3
differences,3
supple,3
rich,3
link,3
products,3
help,3
there,3
henry,3
within,3
issue,3
forthcoming,3
politics,3
professionals,3
calculated,3
diss,3
west,3
collection,3
ronald,3
expect,3
since,3
ability,3
biddle,3
mixed,3
jr,3
expected,3
amount,3
assessed,3
whose,3
costs,3
forced,3
mean,3
funds,3
lindstrom,3
organized,3
quoted,3
frequently,3
democratic,3
origins,3
systems,3
incomplete,3
columbia,3
out,3
tucker,3
output,3
evaluate,3
wallis,3
occupation,3
cultural,3
spur,3
wide,3
expensive,3
future,3
organize,3
part,3
competing,3
year,3
millions,3
broad,3
newspaper,3
staple,3
family,3
rr,3
governments,3
yielded,3
managed,3
majority,3
results,3
roots,3
westward,3
gordon,3
seemed,3
he,3
power,3
indeed,3
expansion,3
nearly,3
indicates,3
shareholder,3
va,3
engineering,3
relied,3
thought,3
management,3
arguments,3
largest,3
noted,3
enterprises,3
fell,3
pressure,3
diverse,3
away,3
do,3
where,3
alderman,3
books,3
sell,3
jacobs,3
entrepreneurial,3
calculations,3
coherent,3
upon,3
heath,3
use,3
unprofitable,3
factor,3
net,3
gazetteer,3
david,3
like,3
spent,3
class,3
especially,3
can,3
excluded,3
working,3
industrialization,3
ranging,3
fogel,3
median,3
bureau,3
tchakerian,3
george,3
provide,3
sometimes,3
consent,3
fewer,3
collections,3
began,3
unknown,3
ph,3
sellers,3
particularly,3
research,3
johnson,3
march,3
larson,3
agricultural,3
women,3
payable,3
hundreds,3
given,3
despite,3
marketing,3
became,3
simply,3
southem,3
come,3
naomi,3
integrated,3
hunter,3
voluntary,3
insider,3
engerman,3
revenues,3
scholarship,3
built,3
later,2
slaveowners,2
created,2
resulted,2
offset,2
connect,2
complex,2
residences,2
constructive,2
cars,2
rogers,2
h,2
apiece,2
nineteenth,2
controlled,2
turning,2
subscription,2
squire,2
par,2
indexes,2
either,2
humble,2
localities,2
exaggerated,2
implications,2
taken,2
stover,2
worked,2
liberty,2
possibilities,2
available,2
crops,2
carter,2
great,2
monitor,2
rothenberg,2
thanks,2
hundred,2
procedure,2
take,2
farmer,2
subsequent,2
murray,2
california,2
china,2
westhaeffer,2
paying,2
schotter,2
sophisticated,2
jane,2
alfred,2
chants,2
u,2
retailers,2
e,2
determined,2
entrepreneurs,2
chartered,2
obvious,2
weiman,2
regards,2
very,2
panic,2
owners,2
undoubtedly,2
wallace,2
attract,2
diversity,2
manuscript,2
teeples,2
includes,2
difficulties,2
heckelman,2
g,2
ut,2
predicament,2
price,2
adams,2
century,2
lending,2
elements,2
back,2
vern,2
compared,2
siegel,2
estimate,2
networks,2
rives,2
boom,2
acted,2
handful,2
loans,2
promised,2
typified,2
may,2
rights,2
rather,2
oldway,2
impetus,2
developed,2
proceedings,2
square,2
appreciation,2
johnston,2
midwest,2
process,2
politicians,2
represented,2
connected,2
varnum,2
distant,2
factors,2
upcountry,2
reason,2
t,2
fishlow,2
occupational,2
section,2
mary,2
too,2
age,2
procedures,2
problems,2
mackinney,2
flow,2
friends,2
mileage,2
result,2
whom,2
allow,2
livingston,2
initial,2
efforts,2
further,2
left,2
rousing,2
neighboring,2
supporters,2
though,2
bountiful,2
milton,2
produced,2
persons,2
applied,2
safe,2
record,2
ford,2
mcpherson,2
explain,2
approached,2
opposition,2
blake,2
taxes,2
none,2
gains,2
planning,2
responding,2
rupp,2
r,2
calls,2
elizabeth,2
issues,2
beginnings,2
grain,2
cry,2
rise,2
project,2
manage,2
stanford,2
doubtful,2
shortcomings,2
errors,2
prices,2
running,2
hard,2
stage,2
senator,2
contrast,2
insurance,2
lawyers,2
civic,2
decline,2
distinguished,2
petition,2
petitions,2
commission,2
visible,2
proper,2
pa,2
using,2
gross,2
gavin,2
nations,2
battle,2
republican,2
led,2
approximate,2
role,2
matter,2
uncoordinated,2
letters,2
scientific,2
interference,2
wrote,2
schemes,2
motivated,2
coleman,2
oscar,2
esq,2
allen,2
railway,2
percentage,2
villaflor,2
communities,2
competition,2
museum,2
westem,2
england,2
east,2
disastrous,2
failure,2
compiled,2
commonwealth,2
complete,2
accelerated,2
reprint,2
reliance,2
volume,2
successfully,2
scottsville,2
law,2
heritage,2
factory,2
figure,2
towards,2
smith,2
headquarters,2
scholars,2
areas,2
documents,2
confederacy,2
time,2
children,2
overwhelmingly,2
arthur,2
substantially,2
snyder,2
ledger,2
reasons,2
men,2
present,2
charter,2
reflected,2
outlines,2
remained,2
meetings,2
limitations,2
refers,2
trend,2
franklin,2
advantages,2
exceedingly,2
exertion,2
explorations,2
clear,2
transformation,2
christopher,2
pride,2
indexing,2
period,2
spread,2
general,2
paths,2
probable,2
provides,2
different,2
coyner,2
article,2
overcome,2
organizers,2
relative,2
claudia,2
increasing,2
farm,2
liberalism,2
continued,2
science,2
bulk,2
crucial,2
outsiders,2
rough,2
institutions,2
success,2
subscribers,2
life,2
efficiency,2
when,2
investigate,2
dependable,2
associated,2
growing,2
stephen,2
supported,2
fraught,2
here,2
receipts,2
quickly,2
connection,2
appalachians,2
hindering,2
eventually,2
rivalry,2
vibrant,2
goods,2
closest,2
freight,2
risky,2
following,2
according,2
catastrophic,2
capita,2
form,2
making,2
vigorously,2
extent,2
allocate,2
acc,2
influenced,2
mg,2
incomes,2
size,2
middle,2
presented,2
entire,2
sea,2
transition,2
dauphin,2
wilentz,2
until,2
goldin,2
reveals,2
hurt,2
course,2
should,2
forbes,2
summary,2
specific,2
barry,2
assumed,2
lauritz,2
hills,2
enjoy,2
era,2
debate,2
censuses,2
technological,2
taylor,2
diffused,2
nicholas,1
miller,1
handicapped,1
bernard,1
aristocrat,1
permeating,1
now,1
abolition,1
gilbert,1
forceful,1
deny,1
declared,1
representing,1
avoiding,1
fertile,1
generous,1
nest,1
bicentennial,1
angus,1
praised,1
wonder,1
truth,1
culminated,1
everyone,1
winifred,1
extend,1
struggled,1
determine,1
fences,1
pierce,1
northeast,1
implies,1
measures,1
resided,1
diane,1
poorer,1
eliminated,1
mountains,1
yankee,1
fullerton,1
village,1
just,1
becoming,1
engineered,1
plenty,1
margo,1
confidence,1
identify,1
designed,1
formed,1
live,1
evocative,1
motivation,1
completely,1
bias,1
desperately,1
respectability,1
noonday,1
nieces,1
lavished,1
ardent,1
duke,1
conclusive,1
ideals,1
discourage,1
contractor,1
rivers,1
committee,1
necessarily,1
classify,1
unlike,1
replicate,1
ambitious,1
accentuated,1
equity,1
feels,1
exceptions,1
seventh,1
chief,1
lure,1
landowners,1
highlight,1
diffusion,1
being,1
first,1
keystone,1
else,1
decidedly,1
smiles,1
lil,1
every,1
rivals,1
modemization,1
subscribed,1
distinguishing,1
interests,1
rinehart,1
exclusive,1
greatness,1
setting,1
ii,1
give,1
stranded,1
motivations,1
vols,1
secretary,1
expectation,1
actual,1
shortage,1
stretch,1
advanced,1
cent,1
j,1
sean,1
xxxiv,1
words,1
gary,1
reach,1
principles,1
route,1
individuals,1
leading,1
broadly,1
ceounty,1
trelease,1
together,1
dismayed,1
simple,1
amendment,1
sectionalism,1
mills,1
reveal,1
concludes,1
debt,1
paltry,1
trifling,1
half,1
achieved,1
feature,1
confers,1
mind,1
typical,1
greatly,1
raised,1
reserved,1
access,1
scrape,1
coordinated,1
diversify,1
profitable,1
governors,1
sheet,1
similarities,1
insures,1
retrenchment,1
inquiry,1
documenting,1
side,1
takes,1
preventing,1
recorded,1
eastern,1
blacksmiths,1
key,1
nber,1
advice,1
carry,1
sought,1
expenses,1
firm,1
ventures,1
right,1
motivating,1
weston,1
collectors,1
auburn,1
chapter,1
commencement,1
vol,1
uneven,1
wonders,1
felt,1
recommended,1
marked,1
omissions,1
soils,1
sale,1
restraints,1
mutual,1
terminus,1
engineer,1
move,1
strayed,1
magazine,1
measuring,1
combination,1
bell,1
eliminating,1
whites,1
resources,1
uncertain,1
dynamic,1
chart,1
plunge,1
irrational,1
economies,1
letter,1
overestimates,1
behavior,1
pursuing,1
ranked,1
complained,1
surveyor,1
regarding,1
cowpen,1
throughout,1
differential,1
gauges,1
dependence,1
sponsored,1
railroadsoperating,1
eventual,1
modify,1
spectrum,1
losers,1
accounted,1
professor,1
understand,1
computerized,1
against,1
intensifying,1
tables,1
hostilities,1
endangering,1
de,1
fredericksburg,1
neighbors,1
brotherly,1
gratz,1
democrat,1
decided,1
sot,1
santa,1
consumer,1
coalitions,1
belknap,1
convention,1
drawback,1
quicker,1
unhealthy,1
fishback,1
affairs,1
pinpointed,1
bus,1
turn,1
candidates,1
cases,1
adam,1
mistakes,1
lax,1
times,1
stokes,1
averaging,1
refer,1
concerning,1
profound,1
approval,1
differently,1
completing,1
lanacaster,1
six,1
difficulty,1
served,1
allowing,1
interfered,1
scott,1
rebuild,1
ny,1
essays,1
communication,1
shippensburg,1
standardized,1
leadership,1
kentucky,1
pronounced,1
stanley,1
businessmen,1
gates,1
poorly,1
incentive,1
vantage,1
ridge,1
downright,1
supremacy,1
wilmington,1
recognized,1
stills,1
adequate,1
reflects,1
voters,1
finish,1
hopes,1
bonnell,1
bring,1
middling,1
encompassed,1
absent,1
checks,1
centered,1
declaring,1
obtained,1
district,1
organizing,1
influential,1
landscape,1
ascertaining,1
preparing,1
centralization,1
capture,1
pinpoint,1
circumstantial,1
sulphur,1
opportunity,1
opportunities,1
proportion,1
legal,1
sarah,1
similar,1
grew,1
leave,1
huge,1
generating,1
references,1
lacking,1
cumbersome,1
tolls,1
managerial,1
retail,1
productive,1
scattered,1
support,1
rising,1
goodly,1
category,1
statistic,1
wages,1
wanted,1
organization,1
specialization,1
potomac,1
govemment,1
latin,1
liberal,1
edition,1
mechanisms,1
former,1
impact,1
dominate,1
windfall,1
articulated,1
k,1
house,1
accumulating,1
benefited,1
jacobson,1
filed,1
stewart,1
lacy,1
connecting,1
derby,1
followed,1
cotton,1
shop,1
cost,1
cultured,1
putting,1
patent,1
hereafter,1
backwardness,1
instance,1
appropriations,1
solve,1
senators,1
appeals,1
strategy,1
faced,1
providing,1
decades,1
boosterism,1
duel,1
eastem,1
appear,1
disappeared,1
opening,1
uses,1
closely,1
my,1
assets,1
vrii,1
introduce,1
aftermath,1
municipalities,1
diverging,1
peyton,1
negotiated,1
histories,1
conservative,1
plot,1
ambitions,1
baton,1
effort,1
centers,1
peny,1
monitoring,1
philosophical,1
representative,1
collectively,1
respects,1
density,1
traversed,1
knit,1
embarrassing,1
deficits,1
durham,1
promoters,1
hinterland,1
silence,1
districts,1
stressing,1
appears,1
recently,1
boyd,1
suffered,1
excellent,1
constitutional,1
perform,1
saving,1
required,1
method,1
hopkins,1
expressions,1
receive,1
aspects,1
improve,1
buckingham,1
resident,1
having,1
participation,1
unequal,1
distinctiveness,1
accounting,1
stances,1
congressmen,1
literature,1
minute,1
abolitionist,1
blue,1
los,1
striking,1
significantly,1
stake,1
advancement,1
herd,1
planter,1
transcended,1
related,1
nation,1
confirms,1
sydney,1
pocket,1
ten,1
incremental,1
securing,1
repeating,1
booming,1
loss,1
describe,1
consistently,1
clarke,1
destination,1
actually,1
jilted,1
repairs,1
midwestern,1
call,1
somewhere,1
surname,1
reflect,1
surrounding,1
illustrious,1
shunpikes,1
strengthened,1
wheat,1
sampled,1
laughing,1
traders,1
change,1
multiplicity,1
creating,1
solution,1
indicator,1
correct,1
below,1
sweep,1
questionable,1
delivered,1
danville,1
fostered,1
suggest,1
reliable,1
flug,1
trading,1
order,1
phrase,1
emerging,1
sake,1
belt,1
around,1
heat,1
characteristics,1
amounted,1
sufficient,1
unless,1
concerns,1
replace,1
revealing,1
alleviate,1
curboan,1
depression,1
transfer,1
disaster,1
trusts,1
massachusetts,1
essentially,1
portions,1
latest,1
diversified,1
differing,1
potent,1
reeves,1
incurred,1
always,1
generally,1
tracks,1
inability,1
progress,1
cattle,1
filling,1
abrahams,1
peculiar,1
paul,1
preliminary,1
landlords,1
reducing,1
championed,1
unfinished,1
casts,1
battles,1
avoid,1
appeal,1
barbara,1
chronological,1
void,1
threatened,1
portion,1
therefore,1
centralize,1
reduced,1
ingenuity,1
attempts,1
variety,1
commu,1
rivalries,1
bred,1
action,1
incentives,1
short,1
lag,1
service,1
located,1
labeled,1
horses,1
limited,1
oversight,1
exception,1
upward,1
subscriber,1
reduce,1
ears,1
above,1
harry,1
make,1
expanded,1
domination,1
bankers,1
comments,1
terrain,1
degree,1
strategic,1
religious,1
acquisitive,1
exceeded,1
lisa,1
springs,1
widows,1
selling,1
interpretation,1
swept,1
hugh,1
push,1
makes,1
cleveland,1
bet,1
albert,1
borrowed,1
subterfuge,1
repair,1
combat,1
orange,1
puzzle,1
participants,1
infrastructure,1
light,1
eagerness,1
culture,1
rockoff,1
performed,1
lacked,1
outlined,1
deliver,1
schultz,1
tap,1
department,1
increasingly,1
speaking,1
bremo,1
sector,1
love,1
chose,1
gentleman,1
routes,1
shops,1
members,1
resolution,1
levied,1
evaluating,1
goals,1
boundries,1
frederick,1
toward,1
purely,1
pointed,1
similarly,1
patriotic,1
conduct,1
nsvi,1
averages,1
cultivated,1
gritty,1
fact,1
surfacing,1
rosy,1
chowarlottesville,1
maternal,1
cumulative,1
angeles,1
transregional,1
wantonness,1
doubt,1
identical,1
venture,1
program,1
fashion,1
impending,1
pattern,1
mchncsug,1
honor,1
fits,1
franklintj,1
nity,1
corps,1
begin,1
covered,1
operating,1
model,1
rlvriver,1
capricious,1
income,1
forth,1
necessary,1
spoke,1
taxable,1
boles,1
eds,1
controversy,1
guarantees,1
repeated,1
amounting,1
gladly,1
mill,1
girard,1
editorials,1
ibid,1
another,1
thousands,1
imagine,1
able,1
credit,1
deaf,1
interrelated,1
fiscal,1
understanding,1
bond,1
balance,1
associates,1
aptly,1
spending,1
extended,1
discussion,1
excluding,1
examples,1
background,1
craig,1
completed,1
sacrifices,1
range,1
contours,1
region,1
depended,1
dollar,1
iiver,1
infusions,1
louis,1
encouraged,1
needing,1
findings,1
controlling,1
motley,1
unfortunately,1
ledgers,1
causes,1
aside,1
submitted,1
kingdom,1
nothing,1
continue,1
trust,1
national,1
check,1
full,1
raising,1
option,1
fold,1
dime,1
eight,1
rouge,1
arguably,1
quadrupled,1
directed,1
freeriders,1
frustrated,1
doctors,1
discussed,1
reputation,1
dominated,1
peter,1
urge,1
reap,1
logic,1
neluson,1
workers,1
august,1
deals,1
vested,1
individual,1
allowed,1
started,1
characterized,1
flood,1
bringing,1
summer,1
wealthiest,1
mccool,1
farms,1
stresses,1
ended,1
filled,1
anyone,1
last,1
haber,1
black,1
depots,1
prostrate,1
driving,1
jac,1
sternly,1
random,1
comparing,1
conspicuously,1
satisfy,1
nicely,1
constructing,1
conway,1
editors,1
portation,1
hammersley,1
interpretations,1
yankees,1
acquire,1
displayed,1
millers,1
viken,1
january,1
mr,1
seeking,1
implication,1
analyze,1
white,1
story,1
travelers,1
attracted,1
prohibiting,1
invented,1
saw,1
we,1
quarterly,1
professional,1
remarkable,1
ago,1
embodied,1
louisiana,1
outright,1
attention,1
reluctant,1
suspension,1
visit,1
separate,1
dabney,1
hindered,1
boards,1
topography,1
melvyn,1
devote,1
aid,1
dual,1
perry,1
belonged,1
note,1
collateral,1
fairly,1
johns,1
buyers,1
smithian,1
ideology,1
maps,1
suggestive,1
delighted,1
claimed,1
foster,1
smiths,1
ironically,1
libray,1
parent,1
dec,1
independence,1
machination,1
riddled,1
dispatch,1
boker,1
force,1
worse,1
recalled,1
proposition,1
importantly,1
thirteen,1
remaining,1
maury,1
try,1
traveled,1
escape,1
satisfaction,1
sharp,1
analysis,1
laborlords,1
norton,1
fall,1
supporting,1
coordination,1
types,1
fields,1
articles,1
bigger,1
rationalize,1
enoch,1
octagon,1
seat,1
immensely,1
vigor,1
fought,1
bemard,1
evaluation,1
isaac,1
sections,1
gpo,1
assistant,1
rolling,1
localitiesalbemarle,1
exercised,1
enterprising,1
elected,1
historian,1
dispersed,1
impulse,1
series,1
mentioned,1
enviable,1
grand,1
bonded,1
summerhill,1
agents,1
geographic,1
constituted,1
ever,1
economically,1
solidly,1
known,1
howell,1
regime,1
sustained,1
cover,1
divert,1
patriot,1
overestimate,1
revolutionized,1
mutually,1
dairy,1
refused,1
sure,1
budgetary,1
gertrude,1
repaid,1
expenditures,1
worth,1
afty,1
december,1
eloquence,1
confident,1
interested,1
exploration,1
innovations,1
seem,1
alexander,1
fontaine,1
presence,1
coffers,1
foundation,1
losses,1
hinted,1
wealthier,1
eleutherian,1
impossible,1
resale,1
mistrust,1
constant,1
sum,1
distinctive,1
proposed,1
assessment,1
scores,1
february,1
tunnels,1
advances,1
merely,1
evident,1
person,1
suscuehanna,1
beginning,1
hyman,1
jarnes,1
suffering,1
scholarly,1
pennsylvanians,1
explanations,1
what,1
recollections,1
completion,1
combined,1
telling,1
unique,1
implicit,1
terms,1
involvement,1
supports,1
lane,1
imposed,1
passed,1
manuscripts,1
manufactures,1
egg,1
surveying,1
transaction,1
densities,1
nephews,1
indignantly,1
mandated,1
institute,1
require,1
produce,1
minimal,1
ideal,1
wove,1
incorporated,1
freedom,1
intemal,1
popular,1
biography,1
echncbr,1
mercantile,1
quadrangle,1
decisive,1
kin,1
timely,1
preferable,1
revolutions,1
republic,1
tried,1
dismal,1
went,1
measure,1
shareholders,1
contribute,1
underestimate,1
merchant,1
louisatn,1
colonial,1
families,1
rightfully,1
motivate,1
world,1
gain,1
northerners,1
think,1
varied,1
terminal,1
precision,1
our,1
analysts,1
lone,1
enthusiasm,1
ultimately,1
radicalism,1
ulrich,1
mayo,1
instructive,1
difference,1
lands,1
trusted,1
contract,1
rationalization,1
gronvlle,1
exerted,1
write,1
embarked,1
motives,1
contributed,1
instead,1
lively,1
presumes,1
need,1
smaller,1
disad,1
piece,1
clues,1
crafty,1
hinder,1
snapped,1
battleground,1
purchases,1
extremely,1
remains,1
association,1
comical,1
ranged,1
artisan,1
ambitiously,1
ralra,1
ser,1
fluctuated,1
ensuring,1
themselves,1
prospects,1
grandson,1
stemming,1
obligation,1
contrasting,1
sharing,1
create,1
acrimonious,1
characters,1
severely,1
benchmark,1
immediately,1
artisanal,1
comparable,1
unexpectedly,1
statement,1
operational,1
anldise,1
southeastern,1
ca,1
showed,1
delayed,1
race,1
late,1
