WORDCOUNTS,WEIGHT
the,888
of,543
in,405
and,285
to,201
for,157
a,156
production,133
is,107
land,102
java,91
as,90
change,84
that,82
labor,81
this,81
are,81
sugar,78
by,74
we,72
cultivation,71
was,66
on,59
from,58
system,54
not,49
be,49
these,46
structural,44
agricultural,44
data,43
which,42
with,42
it,41
involution,41
were,38
at,37
sugarcane,37
an,37
output,35
changes,34
s,32
see,32
indigo,31
residencies,30
estimates,29
geertz,28
van,28
economic,27
significant,27
also,26
series,26
have,26
evidence,26
crops,25
or,24
cirebon,24
inputs,23
more,23
technological,23
all,22
model,22
after,22
analysis,22
level,22
village,21
first,21
pekalongan,21
growth,21
rice,21
because,21
can,21
there,20
functions,20
vogelsang,20
under,20
between,20
government,19
no,19
semarang,19
surabaya,19
period,19
table,19
colonial,19
but,18
time,18
new,18
would,18
elasticities,17
p,17
population,17
other,17
function,17
over,17
form,17
final,16
chandra,16
university,16
however,16
results,16
pp,16
postbreak,16
if,15
such,15
quality,15
using,15
input,15
about,15
j,15
number,15
full,15
been,15
both,15
had,14
before,14
some,14
dutch,14
residency,14
example,14
ofthe,14
trend,14
tests,14
prebreak,14
then,14
each,14
variable,13
while,13
history,12
case,12
two,12
break,12
where,12
years,12
should,12
affected,11
large,11
regression,11
w,11
four,11
most,11
fasseur,11
used,11
sawah,11
second,11
areas,11
use,11
so,11
percent,11
parameters,11
famine,11
boomgaard,10
politics,10
study,10
corvee,10
elson,10
trends,10
interpretation,10
fact,10
report,10
economy,10
per,9
they,9
studies,9
source,9
estimation,9
those,9
baardewijk,9
east,9
development,9
their,9
t,9
peasants,9
peasant,9
important,9
amsterdam,9
late,9
cane,9
when,9
will,9
he,9
included,9
same,9
only,9
variables,9
javanese,9
regressions,9
increasing,9
did,9
what,9
one,8
cornell,8
plantations,8
available,8
than,8
export,8
demands,8
literature,8
errors,8
indies,8
transcendental,8
parameter,8
improvements,8
three,8
standard,8
changing,8
has,8
constant,8
estimated,7
test,7
koloniaal,7
follows,7
i,7
since,7
de,7
cases,7
elasticity,7
levels,7
process,7
similar,7
reforms,7
impact,7
could,7
order,7
productivity,7
industrial,7
addition,7
many,7
food,7
low,7
small,7
very,7
whether,7
particular,7
press,7
role,7
strong,7
hypothesis,7
functional,6
into,6
consistent,6
nature,6
earlier,6
agriculture,6
account,6
point,6
household,6
century,6
peasantry,6
productive,6
support,6
parentheses,6
welfare,6
viewed,6
required,6
its,6
soil,6
edited,6
tax,6
crop,6
less,6
analyzed,6
made,6
households,6
k,6
note,6
testing,6
any,6
log,6
different,6
authorities,6
our,6
approximately,6
d,6
indonesia,6
booth,6
indicating,6
indonesian,5
policy,5
resulting,5
tons,5
central,5
univariate,5
milling,5
y,5
how,5
mean,5
buffaloes,5
coefficients,5
observations,5
appear,5
ithaca,5
out,5
economics,5
aspects,5
well,5
r,5
work,5
year,5
regions,5
statistically,5
working,5
therefore,5
famines,5
expansion,5
tropical,5
positive,5
southeast,5
metric,5
asia,5
increasingly,5
larger,5
end,5
zero,5
discussed,5
anne,5
do,5
models,5
technologies,5
increase,5
refers,5
factor,5
netherlands,5
individual,5
ny,5
high,5
provides,5
problems,5
methods,5
effect,5
provide,5
figure,5
effects,5
detailed,5
section,5
following,5
terms,5
problem,5
suggests,5
through,5
became,5
finally,5
shift,5
increased,5
c,5
era,5
among,5
laborers,5
o,4
fraction,4
indie,4
measures,4
introduction,4
systematically,4
fixed,4
total,4
monograph,4
negative,4
accompanied,4
reasons,4
econometrica,4
improved,4
e,4
boserup,4
thus,4
phase,4
explained,4
severe,4
relatively,4
ct,4
estimate,4
find,4
may,4
en,4
unit,4
derived,4
heteroskedasticity,4
reason,4
clearly,4
numbers,4
irrigation,4
zanden,4
term,4
exhaustion,4
technical,4
degrees,4
basis,4
significantly,4
brought,4
part,4
related,4
wald,4
during,4
contains,4
statistics,4
least,4
caused,4
research,4
decline,4
up,4
dependent,4
value,4
aggregate,4
malley,4
reduce,4
make,4
anna,4
noted,4
scholars,4
simple,4
increases,4
hectares,4
local,4
matrix,4
discussion,4
previously,4
like,4
obtained,4
especially,4
correlated,4
haven,4
who,4
yale,4
itself,4
specification,4
must,4
text,4
set,4
weidemann,4
allocated,4
historical,4
produce,4
given,4
spurious,4
techniques,4
conditions,4
defined,4
nederlandsch,4
association,4
substantial,4
little,4
close,4
major,4
does,3
rate,3
later,3
asian,3
center,3
niel,3
occurred,3
holding,3
nineteenth,3
corresponding,3
being,3
way,3
either,3
planting,3
suggesting,3
thank,3
transferred,3
hoevell,3
context,3
planted,3
incorporate,3
changed,3
oftechnological,3
vol,3
possible,3
marked,3
west,3
timothy,3
behavior,3
includes,3
fit,3
estimating,3
econometric,3
expected,3
developments,3
amount,3
body,3
hayami,3
dates,3
left,3
journal,3
scarcity,3
rates,3
phases,3
tegal,3
york,3
trending,3
chow,3
l,3
main,3
across,3
forced,3
grew,3
means,3
cultivators,3
improvement,3
allocation,3
show,3
definite,3
restriction,3
royal,3
result,3
advance,3
extent,3
international,3
requirements,3
rent,3
intensity,3
cannot,3
public,3
possibility,3
concept,3
tenure,3
whole,3
people,3
reflect,3
systematic,3
verslag,3
stage,3
tested,3
long,3
several,3
highly,3
kt,3
them,3
analytic,3
led,3
various,3
subject,3
limited,3
still,3
saturation,3
steyn,3
technology,3
formally,3
processing,3
dropped,3
sector,3
power,3
fell,3
japara,3
debates,3
considerable,3
conclusions,3
pasisir,3
multicollinearity,3
mills,3
ruttan,3
including,3
empirical,3
sold,3
rejected,3
significance,3
andrews,3
authors,3
accounted,3
interpret,3
characterized,3
disasters,3
margin,3
computed,3
respectively,3
siddharth,3
structure,3
preand,3
verslagen,3
respect,3
usually,3
hectare,3
indicate,3
eeuw,3
xt,3
natural,3
control,3
driven,3
rural,3
coffee,3
rose,3
voor,3
cause,3
map,3
yt,3
institute,3
annual,3
freedom,3
inaccuracies,3
cash,3
newey,3
question,3
synopsis,3
define,3
need,3
leiden,3
area,3
measured,3
observation,3
specific,3
potential,3
focus,3
much,3
occur,3
lation,2
finctions,2
pittsburgh,2
epidemic,2
mountains,2
constitution,2
expect,2
prime,2
sets,2
sudden,2
modern,2
clifford,2
suikermolen,2
debacle,2
deliveries,2
induced,2
edu,2
princeton,2
properties,2
parve,2
predominantly,2
lower,2
specifically,2
implications,2
rapid,2
processors,2
referees,2
words,2
definition,2
book,2
farmers,2
chosen,2
take,2
feature,2
mind,2
emphasized,2
normal,2
issue,2
takes,2
albeit,2
captures,2
primary,2
lindblad,2
characterize,2
contractual,2
professor,2
processes,2
resources,2
along,2
controlled,2
repeatedly,2
regarding,2
review,2
weakened,2
component,2
facts,2
tables,2
g,2
domain,2
characteristic,2
ability,2
heterogeneity,2
price,2
pay,2
sample,2
exhausted,2
funds,2
turn,2
unity,2
better,2
inclusion,2
oxford,2
even,2
peper,2
general,2
error,2
constraints,2
rights,2
interesting,2
his,2
distinction,2
basic,2
revenues,2
notion,2
bias,2
eight,2
serial,2
detrend,2
awareness,2
consequences,2
factors,2
marks,2
flexibility,2
established,2
liberal,2
gradually,2
perspective,2
additional,2
follow,2
followed,2
modeled,2
buffalo,2
m,2
view,2
monetization,2
expressed,2
allow,2
cornelis,2
breman,2
relating,2
effort,2
captured,2
initial,2
arable,2
im,2
further,2
though,2
focused,2
piculs,2
scale,2
serially,2
thorbecke,2
leidelmeijer,2
presented,2
directly,2
kg,2
distinguish,2
characterization,2
purpose,2
competing,2
knight,2
excessive,2
description,2
precipitated,2
discussions,2
broad,2
partly,2
details,2
et,2
forces,2
attributed,2
prices,2
stylized,2
sense,2
fallow,2
around,2
separately,2
few,2
transfer,2
industry,2
presence,2
essentially,2
villages,2
always,2
inability,2
progress,2
method,2
paid,2
provided,2
reducing,2
sovereign,2
logarithm,2
variety,2
elimination,2
steadily,2
short,2
overall,2
enables,2
classic,2
upward,2
indicates,2
percentage,2
arrangements,2
marginal,2
obtain,2
den,2
substitutability,2
pseudonym,2
department,2
reports,2
recall,2
nitisastro,2
again,2
anecdotal,2
longer,2
lack,2
plan,2
epidemie,2
reform,2
children,2
vernon,2
variation,2
sort,2
took,2
hand,2
answer,2
until,2
council,2
practice,2
hamilton,2
shifts,2
free,2
remarkably,2
degree,2
remained,2
vast,2
disease,2
background,2
restrictions,2
region,2
logs,2
concern,2
hypotheses,2
largely,2
persisted,2
assume,2
aside,2
questions,2
evolution,2
ln,2
raising,2
stayed,2
complicated,2
underwent,2
subsequent,2
clear,2
peter,2
workers,2
keep,2
allowed,2
played,2
stages,2
abundant,2
monopoliestelsel,2
latter,2
systems,2
parallel,2
millers,2
analyze,2
field,2
figures,2
attention,2
brown,2
specifications,2
indication,2
processed,2
independent,2
klt,2
deteriorated,2
began,2
contribution,2
often,2
construction,2
fall,2
fields,2
purseglove,2
detrended,2
detail,2
magnitude,2
associated,2
growing,2
struck,2
characteristics,2
known,2
intercept,2
heteroskedasticityand,2
here,2
paper,2
extraction,2
best,2
half,2
reflected,2
works,2
beginning,2
drop,2
surpluses,2
jeronymus,2
heads,2
namely,2
theory,2
hypothesize,2
size,2
strain,2
translated,2
burden,2
eene,2
multiple,2
conclude,2
headmen,2
yujiro,2
phenomenon,2
challenges,2
allows,2
aspect,2
covariance,2
proceeds,2
notes,2
twentieth,2
contributed,2
instead,2
include,2
smaller,2
burdens,2
third,2
rejection,2
supply,2
sectors,2
early,2
zones,2
fiscal,2
autocorrelation,2
periods,1
difficult,1
eastemmost,1
intricate,1
pervaded,1
inspection,1
transportation,1
dissipated,1
obligations,1
prefer,1
stationarity,1
correlation,1
inaccurate,1
generated,1
ols,1
tion,1
probolinggo,1
suggested,1
degraded,1
uptake,1
everyone,1
market,1
extend,1
negentiende,1
determine,1
misery,1
archives,1
declime,1
alone,1
adoption,1
diagnose,1
necessitates,1
monocotyledons,1
group,1
shocks,1
american,1
drawback,1
partially,1
confidence,1
fellowsliip,1
stays,1
word,1
formed,1
picking,1
motivation,1
summaries,1
strictly,1
inaccuracy,1
johns,1
tidschrift,1
inthe,1
specified,1
ly,1
han,1
yphoid,1
quadratic,1
considerations,1
former,1
justified,1
western,1
ameliorated,1
necessarily,1
virtually,1
title,1
assisted,1
enumeration,1
totgrootbedrjf,1
something,1
causes,1
dschrift,1
cultivable,1
turning,1
fluctuations,1
reprinted,1
implemented,1
permit,1
withdrawn,1
australia,1
sources,1
tiwo,1
figr,1
certainly,1
preceding,1
posed,1
jointly,1
entailed,1
originally,1
taken,1
meters,1
unconstrained,1
contrasted,1
kilometers,1
acutely,1
attempt,1
staathuiskunde,1
worked,1
absurd,1
incomplete,1
rational,1
official,1
discussedjust,1
operationally,1
agrarian,1
assess,1
predissertation,1
assertion,1
together,1
confusion,1
counter,1
differences,1
indeed,1
wave,1
rich,1
producing,1
base,1
arises,1
borne,1
able,1
thanks,1
onto,1
procedure,1
providence,1
labeled,1
invalidate,1
farmer,1
niche,1
tijdschrift,1
nil,1
state,1
greatly,1
henry,1
reserved,1
robert,1
current,1
political,1
oftwo,1
pitt,1
wage,1
typhoid,1
ary,1
regressed,1
within,1
llt,1
soundly,1
nederland,1
akin,1
side,1
depending,1
described,1
tripling,1
translog,1
plain,1
linear,1
kabupaten,1
seven,1
goverment,1
gaps,1
sugarcanegrowing,1
historians,1
westernmost,1
u,1
draw,1
bundel,1
leisurely,1
indirectly,1
quantities,1
replacement,1
ofthose,1
prior,1
getoetst,1
activity,1
condition,1
sale,1
powers,1
taxation,1
move,1
measuring,1
taking,1
desired,1
variations,1
say,1
genetic,1
considerably,1
decreasing,1
financed,1
measurement,1
holland,1
andeconomicdevelopment,1
optimism,1
learned,1
goal,1
relationships,1
immediate,1
calculated,1
brill,1
due,1
assumes,1
withpvalues,1
integral,1
interest,1
fimction,1
regarded,1
moment,1
relations,1
vries,1
occurs,1
technische,1
nurtured,1
licencing,1
issn,1
affairs,1
kind,1
wiley,1
progressive,1
northem,1
valid,1
distinct,1
adopted,1
regencies,1
govermnent,1
kaefk,1
burgeoning,1
pierre,1
allocating,1
highest,1
response,1
ik,1
suitable,1
applying,1
continuous,1
effective,1
publications,1
vanish,1
profit,1
helpful,1
bestuur,1
propagated,1
terrace,1
look,1
spite,1
balan,1
yi,1
cooperative,1
delivered,1
unmeasured,1
start,1
misspecification,1
cites,1
noman,1
incentive,1
higher,1
householdfarmer,1
aim,1
ofthese,1
steps,1
operation,1
sweeping,1
via,1
simultaneously,1
subperiod,1
ka,1
hetkoloniaal,1
lt,1
foris,1
without,1
rather,1
sessions,1
prince,1
absent,1
arising,1
counterbalanced,1
developed,1
sum,1
debated,1
possession,1
oversee,1
preparing,1
coastal,1
subsistence,1
johannes,1
nijhoff,1
ce,1
proportion,1
associate,1
insufficiency,1
flexible,1
importance,1
adjustments,1
direct,1
parts,1
unhusked,1
carnbee,1
special,1
enabled,1
milled,1
hook,1
thomas,1
modified,1
candidate,1
statistic,1
provinces,1
proving,1
facilitated,1
biased,1
supports,1
blt,1
statistical,1
usability,1
specialization,1
intensive,1
organized,1
falloff,1
tenacity,1
elsewhere,1
proposed,1
ndies,1
days,1
n,1
paddy,1
argued,1
frequently,1
defition,1
cost,1
exploitation,1
servile,1
mix,1
willing,1
plight,1
phased,1
shifted,1
dominant,1
care,1
geschiedenis,1
opinion,1
faced,1
decades,1
ian,1
cultivating,1
unproductive,1
hours,1
raw,1
yielding,1
arrived,1
closely,1
lieu,1
came,1
based,1
kuala,1
ilt,1
declined,1
societies,1
rule,1
found,1
plot,1
abrief,1
feedom,1
referee,1
nutrients,1
served,1
jn,1
worker,1
lumpur,1
governing,1
approximation,1
nutrient,1
markets,1
thn,1
density,1
furthermore,1
skilled,1
indirect,1
appears,1
recently,1
produced,1
wherein,1
suffered,1
applied,1
purchased,1
excellent,1
bram,1
trendstationary,1
cornelluniversitypress,1
ford,1
explain,1
facilities,1
numerous,1
schandra,1
hopkins,1
near,1
eliminate,1
influenced,1
failure,1
watershed,1
none,1
mobilization,1
versteeg,1
foresaw,1
mandatory,1
gains,1
drawn,1
scope,1
bounded,1
detract,1
ielson,1
already,1
strict,1
future,1
pacitan,1
unless,1
heavily,1
explains,1
reserve,1
proportions,1
knowledge,1
reduction,1
anew,1
sydney,1
chandrais,1
continuation,1
gave,1
describe,1
island,1
place,1
inherited,1
issues,1
collective,1
records,1
falling,1
middle,1
obtrusive,1
away,1
surrounding,1
legislation,1
everincreasing,1
nederlands,1
employed,1
underreporting,1
workload,1
seminars,1
specifi,1
interpreted,1
inuing,1
graduate,1
approach,1
shortcomings,1
launching,1
violated,1
published,1
centrifuges,1
legacy,1
ratios,1
commerce,1
replenished,1
hard,1
regardless,1
responsibility,1
indramayu,1
reliable,1
administrators,1
coupled,1
next,1
quite,1
sake,1
sole,1
every,1
het,1
influence,1
burdensome,1
wider,1
alleviate,1
grow,1
insulate,1
xit,1
dramatic,1
indonesische,1
hairsplitting,1
unriversity,1
monetized,1
vacuum,1
telling,1
impossible,1
parliament,1
barely,1
visible,1
majority,1
cliometric,1
maddison,1
degeneration,1
pa,1
notice,1
pik,1
roots,1
zaken,1
joel,1
nonrice,1
valuable,1
massive,1
cont,1
avoid,1
society,1
cropped,1
misreported,1
subsequently,1
erik,1
exaggerated,1
stratify,1
indikr,1
pearson,1
south,1
andarable,1
f,1
portion,1
critical,1
administative,1
tasks,1
units,1
arrangement,1
proxy,1
annum,1
reduced,1
equality,1
absence,1
practices,1
requirement,1
levied,1
gradual,1
located,1
opstellen,1
released,1
acknowledged,1
brief,1
yields,1
exception,1
intensively,1
allen,1
ofecological,1
above,1
expanded,1
interactions,1
comments,1
initially,1
aldine,1
strategic,1
melvill,1
phasing,1
nutritive,1
single,1
relationship,1
fueled,1
once,1
foot,1
elaboration,1
liability,1
od,1
extraneous,1
wake,1
suited,1
makes,1
happened,1
mission,1
detectable,1
uinder,1
dw,1
us,1
parsimonious,1
thesis,1
widjojo,1
management,1
cholera,1
unwin,1
participants,1
lowland,1
homogeneous,1
adjusted,1
infrastructure,1
positively,1
light,1
takashi,1
complete,1
baltimore,1
ed,1
switch,1
nineteenthcentury,1
she,1
regional,1
functioned,1
payments,1
social,1
useful,1
chose,1
delivery,1
significantet,1
name,1
unreliable,1
law,1
omission,1
stronger,1
renewed,1
approaching,1
similarly,1
experienced,1
yl,1
water,1
ofthis,1
demographic,1
missing,1
lacked,1
cultivated,1
communal,1
causality,1
shows,1
diminishing,1
idea,1
unaccustomed,1
rents,1
pressure,1
revenue,1
agree,1
vision,1
remuneration,1
admissible,1
pamphlet,1
diverse,1
incorporation,1
plagued,1
grows,1
seldom,1
gothic,1
minister,1
starvation,1
patterns,1
behind,1
learn,1
present,1
confnrm,1
centre,1
purposes,1
equate,1
existing,1
income,1
relevant,1
offactories,1
focusing,1
japan,1
uneventfully,1
esther,1
begun,1
burdened,1
akt,1
baardewiik,1
pasundan,1
conceivably,1
mokyr,1
laborintensity,1
ecology,1
alan,1
interpreting,1
original,1
kraal,1
private,1
kernel,1
nutrition,1
haag,1
examples,1
treated,1
transporting,1
explanation,1
width,1
accompanying,1
eighteenth,1
values,1
helps,1
endowment,1
sides,1
writings,1
assa,1
unavailability,1
enhanced,1
retains,1
multicollinear,1
canals,1
ruling,1
upgraded,1
fmnction,1
expand,1
angus,1
findings,1
indier,1
disaggregate,1
heath,1
overtime,1
operated,1
assumption,1
dye,1
emphasize,1
anld,1
affects,1
products,1
net,1
anderhalve,1
assign,1
engaged,1
services,1
een,1
dummy,1
ties,1
open,1
crises,1
margaret,1
directed,1
kampen,1
op,1
obtaining,1
amounts,1
comnmuintyoriented,1
theirjurisdiction,1
organism,1
ri,1
spread,1
inadequacies,1
diversity,1
ge,1
discernible,1
collected,1
afixed,1
serves,1
variance,1
counted,1
accurate,1
probable,1
black,1
minimal,1
aan,1
exchange,1
why,1
favored,1
neha,1
comparing,1
internal,1
article,1
narrow,1
examine,1
attendant,1
excluded,1
james,1
drie,1
probably,1
story,1
equivalent,1
aext,1
saw,1
summarized,1
insignificant,1
atlas,1
evaluated,1
preempted,1
unrelated,1
madiun,1
widely,1
kitlv,1
separate,1
profitable,1
speculate,1
testable,1
lo,1
assigned,1
landsaving,1
conscripted,1
ester,1
dual,1
stems,1
mitigate,1
marginally,1
raise,1
pans,1
lot,1
science,1
movements,1
ecological,1
five,1
relieved,1
program,1
reasonable,1
begin,1
dec,1
primarily,1
institutions,1
slow,1
heterogenleous,1
transformed,1
force,1
returned,1
colonialstate,1
effectively,1
visual,1
length,1
spanning,1
life,1
class,1
tenuire,1
responsible,1
efficiency,1
mismeasurements,1
wan,1
ylt,1
inferior,1
alleviating,1
surprising,1
sage,1
tormenting,1
face,1
ornateness,1
unusual,1
completeness,1
paying,1
shiraishi,1
interpolated,1
stable,1
dordrecht,1
addressed,1
quantitatively,1
school,1
assistant,1
laborer,1
archipel,1
suggestions,1
contained,1
forn,1
elected,1
parameterization,1
conclusion,1
complexity,1
mentioned,1
version,1
intensification,1
homogeneity,1
tenancy,1
regulated,1
hypothesized,1
eng,1
cultivationsystem,1
discrepancy,1
precise,1
kediri,1
vernieuwingin,1
alternative,1
der,1
deell,1
erected,1
know,1
legislature,1
berkeley,1
martinus,1
components,1
stem,1
readily,1
finance,1
anthropology,1
cm,1
shares,1
expanding,1
ratio,1
sizes,1
king,1
certainty,1
capital,1
restrictive,1
appendix,1
frans,1
tity,1
temper,1
heavy,1
coolie,1
scenario,1
volume,1
returns,1
foundation,1
particularly,1
breakdown,1
written,1
differed,1
sanme,1
passage,1
mill,1
ideally,1
plantation,1
evident,1
fortifications,1
qualitatively,1
bouw,1
automatic,1
notable,1
proceedings,1
references,1
orleans,1
imposed,1
thirty,1
passed,1
vigorously,1
virtuosity,1
appropriated,1
inindonesia,1
allocate,1
extract,1
require,1
yield,1
balance,1
information,1
geografische,1
almost,1
listed,1
phenomena,1
ideal,1
contain,1
zaltbommel,1
noticeably,1
conference,1
varieties,1
circumstances,1
careful,1
rijksarchief,1
quadrangle,1
dams,1
prerogative,1
reported,1
affecting,1
redundant,1
uniform,1
sea,1
content,1
alternatives,1
confirm,1
yearly,1
unaffected,1
easy,1
impose,1
lies,1
administration,1
step,1
extensive,1
measure,1
substance,1
harvesting,1
contribute,1
debilitated,1
necessitate,1
demanding,1
pattem,1
manufacturing,1
besuki,1
divided,1
dropping,1
inbanyuwangi,1
gain,1
bosch,1
corvie,1
discontinued,1
varied,1
jan,1
afflicted,1
producer,1
singapore,1
extension,1
devoted,1
ultimately,1
tell,1
algemeene,1
obliged,1
breaks,1
drafts,1
commercial,1
reinaugurated,1
geld,1
entity,1
difference,1
reveals,1
generate,1
solely,1
lands,1
average,1
observed,1
wielded,1
steam,1
pasuruan,1
write,1
aware,1
unending,1
unfit,1
grown,1
typically,1
magnitudes,1
consolidated,1
forbes,1
nonstationarity,1
product,1
censors,1
zoon,1
attributes,1
imcluding,1
programme,1
geweten,1
remains,1
summary,1
anonymous,1
needs,1
tz,1
supported,1
javasuikerindustrie,1
coefficient,1
assumed,1
interlinked,1
robustness,1
justify,1
chicago,1
reached,1
stemming,1
partial,1
figurue,1
spectral,1
interaction,1
traditional,1
fellowship,1
duration,1
north,1
recent,1
broader,1
doing,1
termed,1
row,1
treading,1
heterogeneous,1
