WORDCOUNTS,WEIGHT
the,1238
of,726
and,534
in,477
to,293
a,228
that,217
for,208
was,121
new,108
is,105
african,102
labor,91
disease,89
were,85
not,83
world,79
as,79
africans,78
diseases,77
economic,77
are,77
europeans,76
from,75
european,72
by,71
malaria,71
an,67
mortality,67
with,65
have,64
on,61
slavery,58
p,58
slaves,58
death,56
slave,54
than,54
this,54
no,54
servants,51
it,50
history,50
american,49
british,48
be,48
rate,47
data,47
population,46
chesapeake,46
s,45
south,45
percent,45
africa,45
press,45
rates,44
university,44
these,44
would,44
caribbean,43
tropical,42
or,42
their,41
hookworm,41
west,39
years,39
per,38
see,38
fever,37
had,37
they,35
century,35
more,35
because,33
during,33
relative,33
cambridge,33
yellow,31
also,31
york,30
people,30
kiple,30
been,30
environment,30
at,29
biological,29
bound,29
agricultural,29
different,28
colonies,28
america,28
but,27
human,26
one,26
populations,26
thousand,26
other,25
price,25
over,25
all,24
white,24
morbidity,24
choices,23
regions,23
mhc,22
impact,22
troops,21
upon,21
pathogens,21
colonial,21
i,20
there,20
glycoproteins,20
case,20
consequences,20
resistance,20
only,20
period,20
did,20
north,20
has,19
journal,19
after,19
pp,19
mcguire,19
coelho,19
smallpox,19
although,19
between,19
early,19
tropics,18
servitude,18
which,18
among,18
epidemic,17
edited,17
productivity,17
f,17
indentured,17
peoples,17
changed,16
old,16
when,16
europe,16
number,16
eighteenth,16
servant,16
high,16
class,16
table,16
if,15
greater,15
differences,15
estimates,15
endemic,15
year,15
l,15
region,15
life,15
transition,15
evidence,15
into,15
given,15
first,14
supply,14
kenneth,14
southern,14
same,14
less,14
native,14
another,14
seventeenth,14
efficiency,14
contract,14
blacks,14
mainland,13
those,13
consequently,13
mean,13
about,13
indies,13
time,13
do,13
explanation,13
use,13
black,13
can,13
northern,13
sugar,13
does,12
explaining,12
historians,12
whites,12
may,12
higher,12
could,12
economics,12
scale,12
variety,12
present,12
trade,12
low,12
until,12
immune,11
lower,11
england,11
some,11
richard,11
economies,11
exist,11
general,11
unskilled,11
carolina,11
klepp,11
infected,11
crude,11
many,11
curtin,11
causes,11
we,11
force,11
why,11
through,11
galenson,11
d,11
much,11
system,10
influenza,10
environments,10
w,10
further,10
explain,10
its,10
middle,10
annual,10
will,10
two,10
regional,10
areas,10
ecology,10
article,10
liberia,10
little,10
introduced,10
e,9
humans,9
natives,9
relatively,9
david,9
how,9
them,9
changes,9
most,9
cost,9
distinctiveness,9
imports,9
part,9
demand,9
philadelphia,9
al,9
deaths,9
free,9
ibid,9
ancestry,9
least,9
evolutionary,9
james,9
trait,9
analysis,9
blood,9
acquired,9
any,9
each,9
seasoning,9
approximately,9
americas,9
states,9
effects,9
engerman,9
imported,8
migrated,8
likely,8
h,8
robert,8
agriculture,8
differential,8
interest,8
expected,8
died,8
grubb,8
recognized,8
americans,8
reason,8
expectancy,8
late,8
brooks,8
literature,8
brought,8
rise,8
value,8
contact,8
percentage,8
lack,8
choice,8
john,8
substantially,8
discussion,8
made,8
similar,8
indicate,8
fogel,8
stream,8
who,8
months,8
very,8
almost,8
suggests,8
both,8
indians,8
specific,8
estimated,7
source,7
being,7
victim,7
within,7
king,7
genetic,7
development,7
immunity,7
means,7
indenture,7
numbers,7
origins,7
calculations,7
mosquito,7
view,7
r,7
protozoa,7
where,7
individual,7
spread,7
summer,7
five,7
primarily,7
united,7
types,7
centuries,7
mcdaniel,7
then,7
menard,7
historical,7
living,7
what,7
seasonal,7
boston,7
entire,7
became,7
society,7
epidemics,6
cells,6
large,6
english,6
conquest,6
nineteenth,6
experience,6
fenoaltea,6
season,6
demographic,6
mosquitoes,6
issue,6
prior,6
strains,6
plasmodia,6
exposed,6
thus,6
review,6
tables,6
nor,6
body,6
young,6
estimate,6
ecologies,6
costs,6
his,6
across,6
process,6
risk,6
age,6
whereas,6
contention,6
initial,6
well,6
prices,6
viable,6
caused,6
cold,6
suggest,6
germ,6
infections,6
still,6
once,6
yet,6
without,6
noted,6
innate,6
survive,6
increase,6
crosby,6
net,6
three,6
times,6
become,6
ecological,6
dimension,6
natural,6
subtropics,6
brinkley,6
type,6
william,6
purchase,6
measles,6
virginia,6
plasmodium,6
davies,6
miller,5
way,5
later,5
affected,5
introduction,5
western,5
antebellum,5
long,5
production,5
j,5
nature,5
georgia,5
atlantic,5
decreased,5
lifetime,5
except,5
against,5
climates,5
rutman,5
immunities,5
rights,5
knoxville,5
aborigines,5
rather,5
generations,5
factors,5
established,5
dobyns,5
additional,5
falciparum,5
mcneill,5
came,5
location,5
lived,5
barbados,5
produced,5
et,5
good,5
field,5
enslaved,5
gene,5
notes,5
he,5
identified,5
deadly,5
plagues,5
argument,5
exposure,5
switch,5
indian,5
jamaica,5
reports,5
savitt,5
higgins,5
similarly,5
pennsylvania,5
dunn,5
children,5
argues,5
discovery,5
organisms,5
prevailed,5
assumption,5
factor,5
b,5
schmitz,5
earlier,5
dominance,5
quarterly,5
tennessee,5
imply,5
note,5
hill,5
resistant,5
millennia,5
length,5
imperialism,5
findlay,5
differed,5
better,5
adults,5
while,5
colonists,5
property,5
childhood,5
barzel,5
even,5
c,5
substantial,5
cause,5
phenotypic,4
expect,4
essays,4
illiterate,4
former,4
before,4
migration,4
sources,4
scientific,4
give,4
company,4
available,4
reasons,4
timing,4
producing,4
liverpool,4
found,4
subsequent,4
raised,4
primary,4
borah,4
sixteenth,4
along,4
todd,4
diversity,4
g,4
stanley,4
devastating,4
growth,4
nematode,4
probability,4
parasite,4
columbian,4
revising,4
russell,4
too,4
four,4
care,4
result,4
closely,4
ettling,4
illness,4
childs,4
example,4
settlement,4
small,4
philip,4
descendants,4
majority,4
appropriate,4
paul,4
planter,4
absence,4
various,4
exception,4
make,4
experiences,4
selection,4
positive,4
fevers,4
neither,4
favorable,4
generally,4
others,4
epidemiology,4
simple,4
forms,4
stitt,4
range,4
productivities,4
significant,4
ethnic,4
individuals,4
harvey,4
explorations,4
peter,4
workers,4
so,4
exchange,4
men,4
americanus,4
migrants,4
chapel,4
land,4
science,4
usually,4
army,4
recognize,4
existed,4
aboriginal,4
joseph,4
contained,4
changing,4
spanish,4
observation,4
offers,4
set,4
know,4
ancestor,4
debilitating,4
stiles,4
dues,4
eventually,4
cities,4
person,4
economy,4
transmitted,4
reactions,4
form,4
necator,4
vivax,4
yield,4
freedom,4
disparate,4
using,4
genetically,4
decrease,4
area,4
increased,4
interdisciplinary,4
themselves,4
cook,4
should,4
meeting,4
major,4
row,4
hypothesis,4
common,3
steckel,3
profitability,3
alone,3
tend,3
studies,3
epidemiological,3
considerations,3
royal,3
presents,3
plantations,3
negative,3
pathogen,3
consistent,3
anything,3
ii,3
address,3
virulent,3
crops,3
origin,3
henry,3
profitable,3
racial,3
exogenous,3
particularly,3
sheridan,3
implies,3
beckles,3
million,3
eventual,3
such,3
health,3
downes,3
sickly,3
turn,3
cases,3
passell,3
climatically,3
compared,3
farley,3
adult,3
domar,3
dengue,3
mexico,3
gallman,3
incidence,3
grew,3
se,3
derived,3
agues,3
seasonality,3
chills,3
productive,3
healthier,3
category,3
susceptibility,3
coldweather,3
biased,3
descent,3
sick,3
upper,3
antibodies,3
mix,3
faced,3
bearing,3
based,3
pounds,3
path,3
medicine,3
cell,3
reply,3
cates,3
suitable,3
markets,3
genes,3
schaefer,3
suffered,3
aspects,3
directly,3
work,3
reid,3
related,3
atack,3
afroamericans,3
concentrate,3
predominance,3
sterling,3
wheat,3
fatherless,3
sufficient,3
peak,3
decline,3
up,3
st,3
dependent,3
plasmodiumfalciparum,3
cycle,3
tasks,3
second,3
reduced,3
service,3
calculated,3
initially,3
suited,3
serve,3
counterparts,3
under,3
us,3
temperate,3
guerra,3
homogeneous,3
ed,3
wright,3
predominate,3
crew,3
french,3
smith,3
longer,3
importation,3
crop,3
man,3
patterns,3
model,3
existing,3
income,3
relevant,3
colony,3
swing,3
male,3
wood,3
regionally,3
remained,3
investment,3
examples,3
treated,3
previously,3
load,3
host,3
entirely,3
biology,3
assume,3
contends,3
trend,3
substitutes,3
allowed,3
started,3
function,3
curve,3
played,3
especially,3
systems,3
study,3
respectively,3
blanton,3
anderson,3
dense,3
hispaniola,3
institution,3
walsh,3
engelhard,3
ranging,3
farm,3
itself,3
began,3
jensen,3
norton,3
fall,3
dead,3
mumps,3
earliest,3
detail,3
wars,3
known,3
malarial,3
colonization,3
half,3
past,3
climate,3
reproduce,3
rose,3
maryland,3
particular,3
problem,3
her,3
migrations,3
produce,3
unhealthful,3
size,3
reported,3
prevalent,3
paribus,3
die,3
assumptions,3
isolated,3
voyage,3
jan,3
susceptible,3
afflicted,3
locations,3
negro,3
invasion,3
difference,3
sickling,3
conditions,3
course,3
grown,3
typically,3
eggs,3
association,3
lorena,3
views,3
race,3
close,3
ceteris,3
horror,2
reckoning,2
portuguese,2
gerald,2
franklin,2
lovejoy,2
groups,2
separated,2
market,2
ant,2
offset,2
therefore,2
clio,2
considerably,2
just,2
group,2
settlements,2
continent,2
bias,2
convict,2
marcus,2
favor,2
sickle,2
intestinal,2
position,2
fixed,2
aedes,2
total,2
pleurisy,2
princeton,2
round,2
gap,2
t,2
every,2
certainly,2
implications,2
taken,2
investments,2
rational,2
asia,2
bitten,2
jamaican,2
attractive,2
great,2
thank,2
fully,2
genus,2
resulting,2
kingdom,2
reproduction,2
evolving,2
bering,2
strain,2
last,2
state,2
tropic,2
political,2
normal,2
rogozinski,2
sheet,2
threshold,2
infection,2
context,2
existence,2
helminthic,2
motion,2
carry,2
emigrant,2
chromosomal,2
opened,2
determined,2
upward,2
activity,2
ball,2
condition,2
reaction,2
measuring,2
medical,2
combination,2
gemery,2
owners,2
resources,2
cited,2
gavin,2
prejudice,2
piedmont,2
hookwonn,2
includes,2
throughout,2
ronald,2
enslave,2
sylla,2
explained,2
professor,2
confer,2
agent,2
regarded,2
reproduced,2
mixed,2
jr,2
irreversibly,2
sample,2
economical,2
symptoms,2
legally,2
stabilized,2
debatable,2
causing,2
third,2
compare,2
parasites,2
upkeep,2
cronin,2
unlikely,2
opposed,2
diagnosis,2
racism,2
immunologically,2
infestation,2
revenues,2
lauber,2
represented,2
edwin,2
strands,2
humanity,2
importance,2
leave,2
parts,2
perkins,2
possess,2
k,2
discoveries,2
animals,2
enlisted,2
involvement,2
voluntarily,2
days,2
weather,2
mary,2
frequently,2
show,2
beyond,2
unsuitable,2
permanent,2
m,2
negroes,2
important,2
loading,2
dc,2
aliens,2
aegypti,2
laziness,2
transmission,2
societies,2
carrying,2
inherent,2
hands,2
typical,2
attack,2
molecules,2
events,2
shock,2
equally,2
occupation,2
furthermore,2
equal,2
war,2
stock,2
warmweather,2
treat,2
biases,2
excellent,2
otherwise,2
however,2
thrives,2
metzer,2
absolute,2
virus,2
wide,2
public,2
basis,2
closed,2
received,2
preferred,2
unless,2
story,2
explains,2
knowledge,2
reduction,2
indigenous,2
gender,2
ten,2
used,2
place,2
climatic,2
winter,2
bishop,2
employed,2
markedly,2
transmit,2
following,2
expectancies,2
airborne,2
level,2
lowest,2
reliable,2
contrast,2
laveran,2
owned,2
quite,2
hemisphere,2
few,2
bridge,2
julien,2
county,2
hopkins,2
jordan,2
ramenofsky,2
finds,2
omission,2
led,2
offsetting,2
indeed,2
limited,2
brief,2
islands,2
prevailing,2
reduce,2
abnormalities,2
yoram,2
healthful,2
amerindian,2
suppose,2
komlos,2
relied,2
represents,2
makes,2
accident,2
marginal,2
ravenel,2
evolved,2
columbus,2
management,2
amazon,2
heaton,2
baltimore,2
dna,2
wisconsin,2
garland,2
wyndham,2
speaking,2
evolve,2
social,2
exact,2
regardless,2
higman,2
inhabitants,2
recall,2
skill,2
business,2
mark,2
herbert,2
truncating,2
fact,2
fleisig,2
revenue,2
tolerate,2
consent,2
predominated,2
foreigner,2
infectious,2
antonio,2
omitted,2
end,2
deleterious,2
windward,2
conclusions,2
outside,2
took,2
begin,2
increases,2
purposes,2
contracted,2
riley,2
necessary,2
perhaps,2
eds,2
compete,2
johns,2
studied,2
voyages,2
local,2
infect,2
fundamentally,2
greatest,2
exploring,2
vast,2
virgin,2
preadapted,2
including,2
depended,2
dollar,2
findings,2
francis,2
extraordinarily,2
reservoirs,2
questions,2
evolution,2
parasitic,2
eight,2
california,2
significance,2
authors,2
rapidly,2
genetics,2
antigens,2
probable,2
enough,2
influencing,2
correct,2
effect,2
versus,2
attention,2
stannard,2
brown,2
decision,2
implicitly,2
seasons,2
akron,2
chances,2
transformations,2
practical,2
chicken,2
reasonable,2
mccusker,2
substitution,2
restarts,2
discounted,2
affinity,2
temin,2
remaining,2
comment,2
plains,2
fenner,2
get,2
face,2
susan,2
heavy,2
associated,2
believed,2
series,2
cellular,2
incorporated,2
worse,2
graveyard,2
simply,2
geographic,2
economically,2
favors,2
physical,2
organization,2
ralph,2
charles,2
phillips,2
alternative,2
leeward,2
quickly,2
excess,2
enters,2
east,2
wardell,2
believe,2
ubiquitous,2
argue,2
current,2
harvest,2
figure,2
obviously,2
written,2
unfree,2
justify,2
growing,2
born,2
according,2
anopheles,2
ethnically,2
explanations,2
combined,2
making,2
supports,2
breeden,2
males,2
coerced,2
lengths,2
writes,2
transaction,2
studying,2
account,2
listed,2
bacteria,2
rockefeller,2
presented,2
must,2
affecting,2
city,2
alternatives,2
role,2
lies,2
exceeded,2
engennan,2
results,2
summarizes,2
mention,2
allows,2
hogendorn,2
southem,2
varied,2
our,2
sickness,2
survival,2
commercial,2
donald,2
washington,2
finally,2
mccaa,2
contributed,2
cooper,2
provided,2
smaller,2
crossed,2
regular,2
madison,2
duffy,2
point,2
chicago,2
reached,2
cheaper,2
pox,2
nahuatl,2
compounding,2
resembled,2
stefano,2
luanda,2
resolve,1
frequent,1
difficult,1
go,1
ending,1
barbara,1
o,1
revisionist,1
encountering,1
flow,1
euroamerican,1
gutman,1
feces,1
evaluations,1
schistosomiasis,1
concerned,1
inaccurate,1
indicated,1
implying,1
rev,1
generated,1
correlations,1
either,1
functional,1
ready,1
northernmost,1
concern,1
alphonse,1
asiatics,1
extreme,1
resulted,1
propagation,1
englehard,1
now,1
ultimate,1
mar,1
endowments,1
defenses,1
connecticut,1
crossing,1
passing,1
arno,1
village,1
burton,1
complex,1
replaced,1
comprised,1
partially,1
systematically,1
whip,1
kinds,1
jews,1
provisions,1
qwerty,1
identify,1
surviving,1
anchor,1
ma,1
rickettsia,1
mulattos,1
whimsical,1
slack,1
rounded,1
completely,1
cliometrics,1
microorganisms,1
mortgages,1
modern,1
earnings,1
cough,1
resistances,1
protection,1
enjoys,1
simultaneously,1
occurred,1
vestiges,1
physicians,1
aversion,1
incentive,1
congestive,1
exceptions,1
lowlands,1
induced,1
nonetheless,1
strikes,1
practices,1
prosperous,1
file,1
refractory,1
decidedly,1
australia,1
undermine,1
stabilization,1
capability,1
modest,1
davis,1
malarious,1
attempts,1
concentrated,1
vols,1
planting,1
berkeley,1
rapid,1
plateau,1
assist,1
expectation,1
anywhere,1
fragmentary,1
advanced,1
capital,1
knowing,1
switzerland,1
fonns,1
words,1
definition,1
bites,1
parties,1
dramatically,1
frederick,1
abnonnalities,1
yaws,1
reinoculation,1
leading,1
advantage,1
assertion,1
prey,1
reversible,1
desire,1
disproportionate,1
potentially,1
imaginary,1
assembled,1
vectors,1
able,1
hundred,1
reveal,1
onto,1
concludes,1
composition,1
uncovered,1
damage,1
confers,1
persistence,1
ubelaker,1
precisely,1
represent,1
shepherd,1
reserved,1
richmond,1
asexually,1
invalid,1
somewhat,1
typhoid,1
returns,1
stopped,1
calculus,1
violating,1
decennial,1
depends,1
side,1
occasional,1
killer,1
forthcoming,1
alfred,1
mortal,1
resilience,1
portugal,1
unmixed,1
attacked,1
inborn,1
task,1
almond,1
adverse,1
facetious,1
facts,1
cleared,1
demography,1
killed,1
march,1
honolulu,1
design,1
intermediaries,1
vol,1
felt,1
possible,1
delivering,1
planters,1
attaching,1
solely,1
arita,1
magazine,1
vital,1
obvious,1
occupations,1
fecal,1
variations,1
tastes,1
supervision,1
uses,1
ignores,1
establishment,1
laws,1
sherburne,1
diss,1
above,1
correlation,1
recapture,1
malariae,1
interact,1
minimum,1
prevented,1
sweet,1
holland,1
wallace,1
phenomenal,1
wherever,1
hygiene,1
relies,1
andrew,1
iron,1
therein,1
ice,1
anita,1
captured,1
stomach,1
genovese,1
accounted,1
lining,1
run,1
premunition,1
since,1
offseason,1
due,1
amerindians,1
september,1
curse,1
bodily,1
hookworms,1
hawaii,1
raises,1
lasts,1
jeremy,1
ease,1
employing,1
utilizes,1
dealings,1
masters,1
issn,1
manuscript,1
spans,1
forced,1
conundrum,1
contagious,1
hold,1
nelson,1
nematodes,1
precludes,1
defense,1
irreversible,1
immigrants,1
perspective,1
concrete,1
extracellular,1
thinned,1
concerning,1
back,1
disproportionately,1
baldwin,1
response,1
serving,1
six,1
served,1
nonafrican,1
postponed,1
dates,1
left,1
twice,1
truly,1
diarrhea,1
externalities,1
blue,1
scarlatina,1
look,1
spite,1
details,1
apparently,1
delivered,1
transactions,1
adjust,1
competitive,1
error,1
cites,1
materially,1
catastrophe,1
carolinas,1
contracting,1
mechanism,1
liberian,1
bulletin,1
failed,1
incentives,1
surprisingly,1
oxford,1
glycoprotein,1
interesting,1
competition,1
escaped,1
grandchildren,1
invaded,1
recovers,1
adequate,1
added,1
whose,1
mild,1
locality,1
identification,1
deirdre,1
observers,1
mattered,1
clinical,1
stages,1
peacock,1
irwin,1
levels,1
approaches,1
parents,1
goes,1
determining,1
legal,1
connected,1
certain,1
brand,1
typhus,1
japanese,1
greenwood,1
benjamin,1
easily,1
assuming,1
references,1
dropsy,1
distant,1
mcd,1
support,1
modified,1
adequately,1
brunswick,1
elements,1
acquisition,1
expects,1
latter,1
alaskan,1
civilizations,1
greeks,1
possibly,1
discouraged,1
retained,1
grains,1
india,1
dated,1
presumably,1
linked,1
warren,1
elsewhere,1
driven,1
enslaving,1
intercellular,1
n,1
footnotes,1
invariably,1
jersey,1
northeastern,1
clyde,1
argued,1
nourished,1
mixtures,1
verano,1
puberty,1
resorted,1
viruses,1
resource,1
shorter,1
depend,1
isolation,1
peninsula,1
evaluation,1
thornton,1
merited,1
justified,1
servile,1
answers,1
stono,1
publicity,1
warmer,1
undermines,1
footnote,1
appear,1
dependency,1
hot,1
union,1
ranges,1
cancer,1
arrived,1
distribution,1
endogenous,1
pursuits,1
columbia,1
simplifying,1
interchanges,1
declined,1
appearance,1
basin,1
devastation,1
called,1
byrd,1
exposures,1
seven,1
centers,1
out,1
deal,1
demands,1
muncie,1
dispute,1
runaways,1
disorders,1
possibility,1
approximation,1
interpretations,1
base,1
term,1
acquiring,1
density,1
attach,1
pure,1
agriculturalist,1
standardized,1
pointing,1
traits,1
illegally,1
though,1
omitting,1
skilled,1
accordingly,1
fisher,1
jacob,1
appears,1
recently,1
moore,1
sentence,1
reinforce,1
cannot,1
dispersal,1
lung,1
safe,1
ravages,1
ofamerican,1
hypothetical,1
required,1
numerous,1
oh,1
randy,1
eliminate,1
information,1
undermined,1
failure,1
gained,1
having,1
relatives,1
distinguish,1
accounting,1
liable,1
drawn,1
douglas,1
abolitionist,1
obscure,1
helena,1
ideal,1
croup,1
nine,1
locus,1
invisible,1
heart,1
prominent,1
significantly,1
fared,1
civil,1
shortness,1
lays,1
proxies,1
flourish,1
criticized,1
perpetually,1
got,1
parameters,1
repeating,1
asymptomatic,1
fit,1
fairly,1
inherited,1
cane,1
issues,1
flight,1
reduces,1
records,1
falling,1
eighteenthcentury,1
rows,1
sobriquet,1
call,1
personal,1
focuses,1
africanization,1
legislation,1
newspaper,1
xviii,1
showing,1
monopoly,1
alan,1
interpreted,1
eastern,1
weeks,1
supplying,1
accused,1
ratios,1
normally,1
successful,1
below,1
inference,1
negligible,1
ambassador,1
prevalence,1
relating,1
catholic,1
emphasizes,1
rutgers,1
sharp,1
perished,1
involved,1
inextricably,1
scarlet,1
reporter,1
several,1
specificity,1
consensus,1
altered,1
immigration,1
adversely,1
grow,1
prompted,1
master,1
dramatic,1
research,1
tachycardia,1
choosing,1
essentially,1
differing,1
implausible,1
coast,1
engages,1
always,1
woodrow,1
estates,1
poorly,1
interchange,1
weisbrod,1
brinidey,1
plausible,1
newly,1
viral,1
moved,1
actions,1
execution,1
swine,1
geographical,1
purchasing,1
avoid,1
deficiency,1
selectively,1
periods,1
survived,1
settlers,1
flourished,1
sidney,1
portion,1
battle,1
critical,1
uncommon,1
hosts,1
asset,1
hnmigrant,1
westport,1
observations,1
summarize,1
ague,1
contingent,1
gather,1
impacts,1
geneva,1
correlating,1
short,1
wrote,1
brian,1
comparative,1
expansion,1
resisted,1
play,1
tried,1
motivated,1
female,1
thrive,1
april,1
establishes,1
intervention,1
interactions,1
landed,1
virulence,1
comments,1
movement,1
madras,1
shipped,1
surveyed,1
inhabited,1
va,1
sexually,1
relationship,1
frank,1
calculate,1
foot,1
asiatic,1
interpretation,1
victor,1
reference,1
happened,1
scientifc,1
soon,1
cats,1
tourist,1
pattems,1
chronology,1
populated,1
selective,1
cooks,1
participants,1
assimilation,1
queensland,1
ams,1
mildly,1
extinction,1
light,1
supplied,1
assistance,1
complete,1
whooping,1
rogoziniski,1
robust,1
delaware,1
microparasite,1
department,1
reliance,1
disrupted,1
payments,1
sector,1
considers,1
lee,1
street,1
causative,1
simulation,1
successfully,1
law,1
attacks,1
multiplying,1
comparison,1
stronger,1
neglect,1
passed,1
toward,1
again,1
colt,1
varies,1
experienced,1
angola,1
ban,1
lacked,1
skills,1
shows,1
limit,1
tumultuous,1
frances,1
mountainous,1
giddiness,1
striking,1
philanthropy,1
culled,1
reasoning,1
enable,1
grave,1
diverse,1
contemporary,1
variation,1
infonnation,1
considerable,1
succeeding,1
imperfect,1
zero,1
discussed,1
observes,1
starvation,1
serfdom,1
ages,1
hand,1
v,1
physiological,1
geography,1
impinge,1
clusters,1
euroamericans,1
continuing,1
validity,1
accepted,1
establish,1
himmelsteib,1
vulnerable,1
tell,1
homer,1
breath,1
sluggish,1
material,1
disparity,1
dizziness,1
charter,1
patently,1
books,1
style,1
threats,1
gives,1
worming,1
northwestern,1
charleston,1
summers,1
status,1
stabilize,1
deaf,1
recognizing,1
lasting,1
dissimilar,1
effectiveness,1
birth,1
leone,1
renders,1
churchmen,1
sutch,1
formal,1
transformed,1
arose,1
passes,1
onslaught,1
sufficiently,1
evsey,1
vexing,1
samples,1
expression,1
histocompatibility,1
secondarily,1
pervasiveness,1
bondage,1
plantation,1
virtually,1
affects,1
survey,1
harvard,1
actual,1
real,1
engaged,1
services,1
bom,1
chosen,1
full,1
previous,1
option,1
hilary,1
reinforcing,1
listless,1
epitopes,1
nevertheless,1
dating,1
theoretical,1
involves,1
prelates,1
computational,1
discovered,1
wilson,1
transformation,1
comprehensive,1
obtaining,1
points,1
soldiers,1
dominated,1
essay,1
co,1
travels,1
counter,1
hnplications,1
adjustments,1
geographically,1
obtained,1
attaches,1
solow,1
kept,1
accurate,1
conversation,1
provides,1
disasters,1
parasitize,1
continents,1
chariot,1
favored,1
outcomes,1
eyes,1
computed,1
viewpoint,1
relation,1
ann,1
acquire,1
britain,1
trades,1
seeking,1
probably,1
implication,1
differ,1
contracts,1
spain,1
henderson,1
equivalent,1
sanitary,1
destruction,1
industrialization,1
insignificant,1
jerry,1
lassitude,1
quarter,1
colonizing,1
vector,1
widely,1
exiling,1
species,1
separate,1
diseased,1
unwittingly,1
carried,1
consists,1
indication,1
dawn,1
iranians,1
twelve,1
christian,1
bonnell,1
median,1
friendless,1
peers,1
sanitation,1
tentative,1
she,1
peonage,1
lot,1
independent,1
continued,1
provide,1
ingests,1
defenders,1
darrett,1
stocks,1
employment,1
appellation,1
inside,1
andean,1
citizens,1
deteriorated,1
fewer,1
institutions,1
investigators,1
success,1
colonizers,1
chronically,1
gut,1
dehydrogenase,1
economists,1
markers,1
dent,1
unclear,1
paradoxical,1
colonialists,1
traveled,1
settled,1
anthropocentric,1
responsible,1
lowered,1
kill,1
researcher,1
sheds,1
respect,1
composed,1
deploys,1
microparasitic,1
departnent,1
worlds,1
problematic,1
eugene,1
resemble,1
manumission,1
meant,1
benefitted,1
considered,1
definitive,1
meal,1
quantitative,1
gpo,1
suggestions,1
authorities,1
magnitude,1
reproducing,1
forn,1
sephardic,1
bean,1
prohibited,1
demographics,1
signjijicant,1
inpact,1
version,1
circumstances,1
unweighted,1
measurements,1
respective,1
tenancy,1
struck,1
carr,1
ascaris,1
reinforced,1
extension,1
precise,1
convicts,1
wanner,1
adrian,1
ignore,1
darwin,1
maladaptive,1
here,1
tony,1
smithsonian,1
coincides,1
winthrop,1
monthly,1
country,1
zoonotic,1
paper,1
rented,1
tuberculosis,1
organized,1
ratio,1
schematic,1
commission,1
seem,1
albeit,1
acclimated,1
referees,1
best,1
unknown,1
leaders,1
down,1
ph,1
wall,1
domestic,1
inquiry,1
foundation,1
humid,1
offend,1
perfectly,1
massachusetts,1
benefit,1
cultivation,1
associations,1
domesticated,1
sierra,1
quoted,1
passage,1
february,1
infecting,1
ideally,1
places,1
andreano,1
canary,1
animal,1
beginning,1
sexual,1
return,1
capita,1
victims,1
coffee,1
mccloskey,1
whether,1
terms,1
selected,1
list,1
accounts,1
rebellion,1
unsuitability,1
orleans,1
disseminated,1
dehydration,1
civilized,1
maintain,1
textbook,1
attitudes,1
statement,1
recapturing,1
leaving,1
apropos,1
glucose,1
linger,1
heywood,1
healthy,1
require,1
offending,1
enslavement,1
influenced,1
intake,1
exertions,1
incomes,1
emphasis,1
maximum,1
urban,1
categories,1
asians,1
laggard,1
conference,1
varieties,1
owner,1
lois,1
capricorn,1
multiple,1
despite,1
november,1
verification,1
nutrition,1
subject,1
durable,1
feeds,1
gang,1
rationale,1
southerners,1
pesthouse,1
encounter,1
descendent,1
divided,1
abbott,1
afflicting,1
exploit,1
writing,1
precision,1
iberian,1
named,1
diagram,1
discriminated,1
homologous,1
polynesia,1
models,1
ulrich,1
background,1
harper,1
modal,1
ignored,1
average,1
naomi,1
aware,1
barry,1
inured,1
offer,1
fatal,1
presumes,1
correlated,1
mandates,1
product,1
trichuris,1
maids,1
arrivals,1
france,1
off,1
voluntary,1
tobacco,1
diaspora,1
remains,1
francisco,1
classification,1
ships,1
ranged,1
mcclure,1
roughly,1
anonymous,1
interbreed,1
pathogenic,1
treats,1
supported,1
papal,1
lamoreaux,1
rest,1
lucia,1
suggested,1
consisted,1
yearround,1
valuable,1
disrupting,1
dub,1
indigestion,1
bounds,1
diphtheria,1
exclusively,1
import,1
instance,1
severely,1
engernan,1
interaction,1
treating,1
fellowship,1
focus,1
tatoo,1
strong,1
mature,1
willing,1
observed,1
tired,1
laborers,1
cross,1
doing,1
arithmetic,1
devastated,1
termed,1
haiti,1
occur,1
paroxysmal,1
susceptibilities,1
gold,1
