WORDCOUNTS,WEIGHT
the,707
of,342
and,233
in,216
clearinghouse,172
to,159
new,115
york,114
that,103
a,100
for,85
banks,83
on,82
chicago,74
is,73
were,71
trust,66
trusts,65
deposits,56
bank,54
panic,51
national,46
was,45
had,45
membership,45
by,40
members,40
as,40
from,39
state,38
we,38
not,37
institutions,34
regression,31
with,31
or,30
at,29
member,29
s,29
intermediary,29
cash,29
liquidity,28
intermediaries,27
no,27
reserve,27
contraction,27
companies,26
it,25
deposit,25
p,24
are,24
clearinghouses,23
than,23
this,23
loan,23
an,21
their,21
demand,21
also,21
dummy,21
banking,21
depositors,20
during,20
moen,20
percent,20
variable,20
company,19
times,19
nonmember,19
certificates,18
october,18
would,18
ratio,18
if,17
they,17
tallman,17
more,17
type,17
city,17
system,16
other,15
runs,15
proxy,15
those,14
change,14
clearing,14
have,14
be,14
run,13
knickerbocker,13
james,13
ofthe,13
table,13
bias,12
loans,12
morgan,12
its,12
pp,12
aid,12
both,12
role,12
ols,11
e,11
one,11
first,11
all,11
there,11
tribune,11
america,11
call,11
ratios,11
did,11
committee,10
federal,10
similar,10
suffered,10
because,10
characteristics,10
results,10
percentage,10
reports,10
nonmembers,10
reserves,10
smaller,10
some,9
x,9
sample,9
important,9
stock,9
however,9
solvency,9
stage,9
but,9
these,9
payments,9
exchange,9
institution,9
withdrawals,9
reported,9
coefficient,9
between,9
american,8
second,8
j,8
less,8
central,8
across,8
information,8
data,8
about,8
two,8
financial,8
efforts,8
do,8
held,8
regressions,8
selectivity,8
over,8
each,8
while,8
average,8
crisis,8
evidence,8
tuesday,8
into,7
before,7
journal,7
w,7
most,7
found,7
probit,7
appears,7
related,7
economic,7
private,7
august,7
equals,7
been,7
report,7
size,7
through,7
although,7
does,6
large,6
unlike,6
procedure,6
million,6
tables,6
may,6
higher,6
observations,6
location,6
discount,6
out,6
well,6
depositor,6
lambda,6
noted,6
time,6
larger,6
see,6
heckman,6
panics,6
local,6
contractions,6
which,6
roberds,6
high,6
standard,6
examine,6
cannon,6
number,6
cities,6
respective,6
actions,6
liquid,6
much,6
market,5
history,5
total,5
being,5
i,5
condition,5
resources,5
surplus,5
interest,5
find,5
y,5
error,5
growth,5
support,5
benefits,5
further,5
examiners,5
gorton,5
used,5
part,5
suggest,5
when,5
using,5
will,5
f,5
likely,5
make,5
selection,5
same,5
only,5
volume,5
sprague,5
where,5
coinsurance,5
risk,5
low,5
three,5
individual,5
dumclr,5
outside,5
analysis,5
totres,5
december,5
problem,5
mcandrews,5
our,5
approximately,5
including,5
among,5
position,4
predicting,4
either,4
explaining,4
available,4
differences,4
issue,4
greene,4
point,4
issuance,4
monitoring,4
behavior,4
monday,4
thus,4
such,4
issued,4
mean,4
reason,4
presidents,4
university,4
n,4
appear,4
atlanta,4
access,4
full,4
informed,4
directly,4
r,4
place,4
savings,4
own,4
commerce,4
several,4
presence,4
notes,4
therefore,4
neither,4
included,4
jon,4
power,4
addition,4
checks,4
daily,4
controlling,4
variables,4
crises,4
ellis,4
like,4
so,4
statistically,4
after,4
article,4
relative,4
insignificant,4
decision,4
relationship,4
window,4
provide,4
united,4
any,4
specification,4
equation,4
interested,4
then,4
william,4
notable,4
whether,4
extent,4
suggests,4
given,4
despite,4
merchant,4
difference,4
illinois,4
profits,4
morse,4
measurable,3
control,3
descriptive,3
explanatory,3
source,3
lower,3
creation,3
capital,3
able,3
molding,3
normal,3
within,3
suspect,3
jenkins,3
has,3
money,3
u,3
account,3
powers,3
along,3
development,3
ability,3
price,3
spchange,3
pay,3
funds,3
drawn,3
even,3
lender,3
without,3
earlier,3
importance,3
williamsburg,3
means,3
established,3
yes,3
dc,3
whereas,3
result,3
based,3
assets,3
could,3
late,3
morning,3
public,3
example,3
department,3
resort,3
monetary,3
prices,3
wednesday,3
limes,3
small,3
research,3
met,3
protect,3
up,3
dependent,3
provided,3
reducing,3
business,3
nearly,3
coverage,3
us,3
largest,3
published,3
request,3
others,3
many,3
smith,3
variation,3
enough,3
present,3
guarantees,3
day,3
credit,3
made,3
formal,3
significant,3
office,3
portfolio,3
co,3
general,3
structure,3
story,3
undivided,3
ch,3
gpo,3
following,3
lessons,3
examiner,3
redlich,3
set,3
cover,3
ran,3
econometrics,3
different,3
commission,3
collateralized,3
particularly,3
implicit,3
terms,3
aiding,3
particular,3
maintain,3
noticeably,3
balances,3
insolvency,3
isolated,3
question,3
commercial,3
unable,3
mitigating,3
washington,3
states,3
effects,3
superintendent,3
charles,3
c,3
era,3
element,3
little,3
close,3
now,2
page,2
common,2
way,2
concerned,2
extreme,2
extend,2
announced,2
measures,2
alone,2
becoming,2
join,2
formed,2
liabilities,2
union,2
presents,2
holding,2
highlight,2
incomplete,2
consistent,2
provision,2
sources,2
production,2
taken,2
sunday,2
nature,2
gary,2
broken,2
great,2
thank,2
arises,2
mississippi,2
take,2
subsequent,2
help,2
feature,2
last,2
stand,2
sound,2
side,2
preventing,2
vol,2
possible,2
implies,2
auditor,2
richard,2
west,2
kahn,2
correlation,2
mcculley,2
controlled,2
currency,2
review,2
relationships,2
quality,2
against,2
g,2
relatively,2
financing,2
lending,2
distinct,2
items,2
response,2
allowing,2
afternoon,2
brackets,2
estimate,2
influence,2
lesser,2
failed,2
rather,2
how,2
borrowing,2
probability,2
associate,2
b,2
fmd,2
perceptions,2
rumors,2
clearings,2
additional,2
origins,2
beyond,2
isolation,2
journalistic,2
willing,2
helped,2
providing,2
dispersion,2
closely,2
distribution,2
rule,2
strength,2
amsterdam,2
deal,2
calm,2
requirements,2
markets,2
term,2
banker,2
deficits,2
focused,2
viewed,2
explain,2
required,2
brooklyn,2
failure,2
closed,2
clearinghouises,2
significantly,2
uncover,2
loss,2
millions,2
inferences,2
actually,2
apparently,2
president,2
t,2
mullineaux,2
responses,2
normally,2
level,2
contrast,2
financiers,2
insurance,2
specifically,2
around,2
county,2
mechanic,2
describes,2
paid,2
valuable,2
he,2
units,2
absence,2
various,2
requirement,2
action,2
subject,2
limited,2
still,2
above,2
indicates,2
single,2
arrangements,2
rules,2
requiring,2
under,2
fifth,2
perceived,2
management,2
tax,2
already,2
forge,2
street,2
locating,2
stricken,2
similarly,2
experienced,2
missing,2
shows,2
longer,2
appeared,2
isolate,2
discussed,2
overstate,2
model,2
empire,2
relevant,2
contracted,2
moderating,2
perhaps,2
metropolitan,2
books,2
reflected,2
degree,2
effectiveness,2
observable,2
values,2
active,2
trader,2
scaled,2
barney,2
empirical,2
outliers,2
examination,2
previous,2
theoretical,2
described,2
significance,2
timberlake,2
men,2
random,2
comparing,2
outcomes,2
trying,2
dollars,2
can,2
versus,2
joint,2
comptroller,2
separate,2
btust,2
median,2
note,2
independent,2
continued,2
excluding,2
remaining,2
class,2
parentheses,2
collateral,2
types,2
case,2
investigate,2
publicly,2
known,2
here,2
alternative,2
innew,2
proxying,2
believe,2
down,2
argue,2
examining,2
risky,2
function,2
cleared,2
perrine,2
form,2
accounts,2
add,2
announcements,2
balance,2
influenced,2
november,2
sheets,2
proxies,2
models,2
conditions,2
contributed,2
include,2
correlated,2
d,2
certificate,2
voluntary,2
association,2
comparison,2
potential,2
early,2
corn,2
focus,2
digest,2
north,2
classifications,2
final,1
hinders,1
directors,1
archives,1
customers,1
zero,1
done,1
farwell,1
appealed,1
estimated,1
later,1
indicated,1
groups,1
imported,1
holman,1
unfounded,1
overstated,1
eliminated,1
differentiating,1
notably,1
systemic,1
center,1
truncation,1
ample,1
effective,1
larry,1
informative,1
authority,1
loaned,1
authorize,1
tors,1
ways,1
h,1
studies,1
specified,1
park,1
ms,1
acceptance,1
statechartered,1
predictor,1
necessarily,1
joumalistic,1
norden,1
nineteenth,1
edu,1
po,1
revision,1
annals,1
footing,1
subsample,1
cyril,1
moderated,1
cope,1
modest,1
hence,1
submit,1
posed,1
nassau,1
interests,1
setting,1
originally,1
fund,1
implications,1
weekend,1
riskiness,1
liberty,1
dramatically,1
fractional,1
atl,1
suggesting,1
together,1
ofnonmember,1
display,1
reasons,1
follows,1
fimes,1
studied,1
thanks,1
closer,1
reveal,1
jouirnal,1
debt,1
deemed,1
failures,1
murray,1
mr,1
reserved,1
staff,1
political,1
coordinated,1
governors,1
declines,1
dd,1
stopped,1
context,1
ad,1
takes,1
heinze,1
forthcoming,1
owing,1
key,1
king,1
bowery,1
saying,1
discuss,1
march,1
solving,1
politics,1
compelling,1
fritz,1
functions,1
alter,1
insight,1
obvious,1
apart,1
taking,1
except,1
events,1
far,1
ignores,1
owners,1
uncertain,1
apply,1
representing,1
himself,1
measurement,1
engage,1
signal,1
exist,1
labor,1
complained,1
ofamericanbanking,1
regarding,1
conflict,1
includes,1
collapse,1
estimating,1
reputation,1
professor,1
due,1
analyzing,1
econometric,1
september,1
executives,1
agent,1
olemiss,1
highlighting,1
heightened,1
application,1
shielding,1
century,1
expected,1
unwilling,1
seaboard,1
progressive,1
cases,1
nor,1
underlying,1
displays,1
amount,1
six,1
inclusion,1
dates,1
unchanged,1
third,1
twice,1
constant,1
fulton,1
continental,1
vice,1
yi,1
assurances,1
citizen,1
strengthening,1
deeply,1
helping,1
tothe,1
observably,1
acted,1
rates,1
mechanism,1
van,1
rights,1
poor,1
library,1
fort,1
german,1
ofmember,1
operations,1
act,1
his,1
statements,1
main,1
absent,1
ofnew,1
obtained,1
ironic,1
edward,1
gallatin,1
culminating,1
capture,1
process,1
bus,1
represented,1
suffer,1
dealt,1
phenix,1
rescue,1
proportion,1
legal,1
certain,1
republic,1
direct,1
revelation,1
study,1
stability,1
emergency,1
limitation,1
congressional,1
factors,1
front,1
reinterpretation,1
references,1
category,1
plus,1
metropolis,1
river,1
statistical,1
image,1
severity,1
presumably,1
coefficients,1
sum,1
producers,1
quoted,1
days,1
butcher,1
house,1
weak,1
unfavorable,1
prevent,1
four,1
show,1
follow,1
followed,1
method,1
restriction,1
imminent,1
care,1
m,1
david,1
preference,1
holdings,1
greater,1
pox,1
expressed,1
hibernian,1
lieu,1
endogenous,1
came,1
rivals,1
allow,1
avenue,1
declined,1
regenstein,1
effort,1
referee,1
conspicuous,1
economics,1
demands,1
depletion,1
impaired,1
percentages,1
captured,1
respects,1
lent,1
density,1
fourth,1
equally,1
furthermore,1
omitting,1
akey,1
bore,1
meet,1
applied,1
scale,1
addich,1
otherwise,1
record,1
possibility,1
suspended,1
representatives,1
none,1
distinguish,1
line,1
relief,1
clarke,1
intense,1
insignificance,1
start,1
conjectured,1
brought,1
london,1
explains,1
proportions,1
knowledge,1
apparent,1
twofold,1
anew,1
revealed,1
description,1
broad,1
queens,1
reportedly,1
people,1
marietta,1
long,1
statistics,1
irving,1
legislation,1
newspaper,1
employed,1
nationaland,1
regulator,1
smallest,1
interpreted,1
status,1
withstand,1
weeks,1
errors,1
oriental,1
aided,1
evening,1
social,1
arelatively,1
construct,1
optimal,1
arise,1
indicator,1
correct,1
specie,1
regardless,1
questionable,1
reliable,1
next,1
interacting,1
night,1
withdrawing,1
few,1
june,1
multiple,1
concerns,1
dire,1
highly,1
alleviate,1
vector,1
temporary,1
acts,1
dramatic,1
germania,1
impossible,1
always,1
demandable,1
annual,1
correspondence,1
lincoln,1
am,1
settle,1
massive,1
activities,1
incentive,1
periods,1
advertised,1
threatened,1
critical,1
intermediation,1
casualty,1
led,1
risking,1
noteworthy,1
reduced,1
upset,1
onset,1
protecting,1
chase,1
gather,1
short,1
located,1
comparative,1
play,1
motivated,1
passively,1
oversight,1
exception,1
deviation,1
converted,1
july,1
assumptions,1
bankers,1
comments,1
initially,1
aligned,1
decisions,1
frank,1
chronicle,1
pacific,1
relied,1
reference,1
thursday,1
suspicious,1
chatham,1
evolved,1
differentiate,1
lowvolume,1
commonwealth,1
positively,1
light,1
assistance,1
keeping,1
dropped,1
formalized,1
ed,1
nw,1
demonstrates,1
reprint,1
solvent,1
insights,1
garland,1
increasingly,1
disciplinary,1
harper,1
double,1
retired,1
successfully,1
suit,1
stated,1
pointed,1
responsibilities,1
truist,1
release,1
investigates,1
fact,1
lack,1
troubled,1
ailing,1
valid,1
treatment,1
reputed,1
occurrence,1
cumulative,1
striking,1
ccess,1
regulation,1
choice,1
enable,1
associates,1
john,1
contemporary,1
donald,1
appropriately,1
pattern,1
serious,1
simple,1
never,1
took,1
likelihood,1
chain,1
increases,1
covered,1
operating,1
derivation,1
continuing,1
competitors,1
panc,1
heavily,1
explicit,1
necessary,1
practice,1
agencies,1
resigned,1
withthe,1
project,1
threats,1
gives,1
explicitly,1
deficit,1
alarmed,1
wheelock,1
grouping,1
meetings,1
week,1
statutes,1
classes,1
understanding,1
collecting,1
investment,1
investigated,1
discussion,1
supplies,1
invested,1
yo,1
initiated,1
parameter,1
previously,1
depended,1
strongly,1
holt,1
dollar,1
borough,1
concern,1
insolvent,1
confidence,1
largely,1
unfair,1
virtually,1
prospective,1
factor,1
assume,1
bankcing,1
sequence,1
ideas,1
actual,1
hoc,1
eligible,1
continue,1
bivariate,1
check,1
chosen,1
stockyards,1
eleventh,1
advantages,1
aprobit,1
finally,1
versions,1
emphasizing,1
authors,1
obtaining,1
points,1
correcting,1
issn,1
keep,1
good,1
started,1
spread,1
summer,1
collected,1
distinction,1
borrowers,1
paths,1
talhman,1
applicable,1
believing,1
lose,1
least,1
drover,1
facing,1
internal,1
satisfy,1
often,1
disaggregation,1
become,1
respectively,1
correction,1
effect,1
sept,1
tstatistics,1
northern,1
figures,1
macmillan,1
tendency,1
jerry,1
hanover,1
drovers,1
importer,1
unrelated,1
widely,1
unfolded,1
summary,1
limiting,1
increasing,1
fails,1
dealing,1
entitled,1
implicitly,1
clarifry,1
consists,1
alters,1
imply,1
adversarial,1
mitigate,1
publishing,1
supporting,1
recall,1
usually,1
five,1
bound,1
program,1
reasonable,1
lines,1
insufficient,1
becomes,1
mood,1
who,1
seen,1
detailed,1
force,1
began,1
effectively,1
indicate,1
volumes,1
vaults,1
displaying,1
bothpractices,1
methods,1
cease,1
surprising,1
coordination,1
months,1
eugene,1
gathered,1
chant,1
rigorous,1
joseph,1
regularly,1
freeing,1
detail,1
quantitative,1
school,1
assistant,1
magnitude,1
heavy,1
eventually,1
associated,1
weldon,1
occasional,1
outlier,1
senior,1
series,1
mercantile,1
circumstances,1
predictions,1
ever,1
detect,1
committees,1
log,1
continues,1
accruing,1
implied,1
spots,1
moser,1
text,1
useful,1
offers,1
quickly,1
excess,1
finance,1
guarding,1
paper,1
cushion,1
east,1
sampling,1
board,1
referees,1
appendix,1
suspensions,1
wall,1
inquiry,1
rivalry,1
brothers,1
contradictory,1
infer,1
very,1
separating,1
associations,1
historical,1
differed,1
merely,1
defend,1
trademark,1
according,1
virtual,1
johnson,1
unlikely,1
tusts,1
dearborn,1
unique,1
namely,1
making,1
dwyer,1
want,1
imposed,1
noticeable,1
feb,1
passed,1
shortages,1
correspondent,1
reopened,1
lafayette,1
argued,1
require,1
factormitigatingwithdrawals,1
explored,1
too,1
contain,1
categories,1
finished,1
researchers,1
presented,1
org,1
economist,1
messengers,1
garfield,1
affecting,1
timely,1
joining,1
easy,1
techniques,1
plans,1
impose,1
administration,1
went,1
measure,1
manhattan,1
putnam,1
tender,1
allows,1
maintained,1
aspect,1
coming,1
comprised,1
prepared,1
white,1
false,1
formation,1
propagating,1
ultimately,1
until,1
drafts,1
locations,1
authorized,1
ence,1
generate,1
abridged,1
similarity,1
finding,1
institutional,1
chemical,1
samuel,1
grant,1
charge,1
motives,1
publicized,1
structuring,1
offer,1
joined,1
asset,1
typically,1
define,1
need,1
product,1
calomiris,1
presenting,1
measured,1
inwhich,1
prairie,1
semblance,1
classification,1
reorganized,1
anonymous,1
offered,1
specific,1
assumed,1
withdrew,1
frb,1
greenwich,1
huston,1
estimator,1
stemming,1
pool,1
fears,1
views,1
eliminating,1
strong,1
comparable,1
whenever,1
welldon,1
recent,1
observed,1
hovered,1
should,1
ga,1
meeting,1
indicating,1
signals,1
showed,1
major,1
costly,1
increase,1
gold,1
