WORDCOUNTS,WEIGHT
the,1674
of,825
banks,503
and,471
in,468
to,392
a,262
crisis,203
at,185
that,181
by,170
foreign,166
great,162
banking,153
on,146
deposits,145
was,144
were,141
reichsbank,133
bank,133
as,133
german,130
currency,121
had,99
for,90
is,89
branch,86
p,83
their,82
this,80
percent,80
liquidity,79
from,78
debt,76
it,71
which,70
with,70
withdrawals,69
crises,68
domestic,66
be,62
s,61
other,61
have,61
not,60
been,55
these,53
than,52
gold,52
large,51
however,51
an,50
twin,49
deutsche,48
danatbank,48
capital,48
deposit,47
reporting,46
are,45
because,43
credit,43
no,42
monthly,42
only,40
into,39
high,39
more,39
system,38
but,38
there,37
data,37
also,37
problems,37
between,37
groups,35
all,35
political,34
bills,34
may,34
nonbranch,33
one,31
two,31
sector,31
balance,31
germany,30
total,30
i,30
most,30
its,30
july,30
figure,30
table,30
they,29
could,29
such,29
june,29
end,29
reserves,29
can,28
increased,28
berlin,27
has,27
discount,27
or,27
schnabel,27
due,26
loans,26
both,26
even,25
savings,25
shares,25
losses,25
sheets,25
run,24
economic,24
financial,24
time,24
part,23
would,23
standard,23
therefore,22
before,22
hence,22
first,21
support,21
assets,21
reichsmark,21
provincial,21
made,21
after,21
stability,21
international,20
breakdown,20
ratios,20
up,20
second,20
about,20
same,20
different,20
cash,20
panic,19
central,19
interbank,19
hardach,19
und,19
various,19
equity,19
while,19
public,18
literature,18
when,18
addition,18
james,18
who,18
cover,18
problem,18
dresdner,18
if,17
levels,17
small,17
restrictions,17
reparations,17
evolution,17
bhg,17
particularly,17
share,17
increase,17
liabilities,16
seems,16
triggered,16
some,16
balderston,16
again,16
private,16
analysis,16
very,16
level,16
through,16
much,16
group,15
causes,15
dates,15
loan,15
rb,15
reserve,15
depositors,15
bab,15
business,15
number,15
started,15
exchange,15
note,15
did,15
march,15
combined,15
stock,15
market,14
sources,14
rkg,14
case,14
episodes,14
funds,14
risk,14
earlier,14
further,14
deutscher,14
policies,14
outflows,14
fact,14
temin,14
bankenkrise,14
die,14
strong,14
flows,13
policy,13
staatsanzeiger,13
guarantee,13
out,13
competition,13
them,13
implicit,13
failures,12
last,12
million,12
ferguson,12
numbers,12
show,12
important,12
whereas,12
well,12
abroad,12
example,12
positions,12
during,12
bundesbank,12
reichsund,12
creditors,12
largest,12
general,12
der,12
risky,12
born,12
namely,12
became,12
role,12
years,12
c,12
shocks,11
history,11
nordwolle,11
weltmarktorientierung,11
lender,11
moreover,11
found,11
events,11
contagion,11
macroeconomic,11
contrast,11
will,11
situation,11
see,11
decreased,11
instead,11
smaller,11
common,10
induced,10
bankwesen,10
less,10
thus,10
relatively,10
compared,10
journal,10
origins,10
view,10
strongly,10
resort,10
still,10
bankers,10
towards,10
held,10
so,10
following,10
each,10
respect,10
economy,10
selected,10
ones,10
slgs,10
effects,10
recent,10
should,10
source,9
able,9
untersuchung,9
review,9
commerzbank,9
third,9
higher,9
whether,9
similar,9
too,9
experienced,9
used,9
fail,9
flight,9
deutsches,9
amounted,9
decline,9
expanded,9
sharply,9
investors,9
many,9
shows,9
new,9
model,9
low,9
individual,9
we,9
increasing,9
fall,9
paper,9
december,9
vicious,9
geldund,9
almost,9
until,9
models,9
early,9
showed,9
major,9
doubts,8
accompanied,8
information,8
against,8
bill,8
rates,8
favag,8
certain,8
big,8
war,8
cannot,8
monetary,8
insurance,8
led,8
limited,8
shock,8
another,8
decrease,8
ibid,8
amounts,8
period,8
especially,8
circle,8
claims,8
any,8
over,8
seem,8
liquid,8
particular,8
huge,8
balances,8
press,8
fiscal,8
american,7
easily,7
my,7
either,7
provision,7
half,7
money,7
feldman,7
interest,7
refer,7
rather,7
study,7
university,7
argued,7
acceptances,7
discounting,7
excessive,7
eichengreen,7
whole,7
translated,7
own,7
below,7
transfer,7
pp,7
pressure,7
where,7
michael,7
investment,7
explanation,7
insolvent,7
confidence,7
times,7
like,7
played,7
why,7
considered,7
then,7
finance,7
austrian,7
suggests,7
november,7
bankkredit,7
cambridge,7
average,7
evidence,7
provided,7
mostly,6
acceptance,6
holding,6
zwischen,6
reich,6
failing,6
long,6
taken,6
those,6
sheet,6
ability,6
incentives,6
without,6
growth,6
main,6
reinhart,6
b,6
fetters,6
von,6
bad,6
kaminsky,6
verlag,6
circulation,6
default,6
scale,6
explain,6
failure,6
directly,6
bordo,6
relative,6
prices,6
caused,6
solvency,6
moratorium,6
cl,6
aggregate,6
under,6
costs,6
contains,6
increasingly,6
golden,6
slump,6
described,6
mainly,6
european,6
shattered,6
wirtschaft,6
independent,6
continued,6
often,6
types,6
series,6
reichsmarks,6
ratio,6
beginning,6
month,6
controls,6
spring,6
depression,6
files,6
little,6
observed,6
rate,5
credibility,5
resulted,5
measures,5
mar,5
true,5
nonbank,5
disturbances,5
experience,5
frankfurt,5
bayerische,5
government,5
somewhat,5
borchardt,5
collapse,5
severe,5
exhausted,5
speculative,5
memorandum,5
amount,5
cooperative,5
edited,5
girozentralen,5
severity,5
prevent,5
consequence,5
hit,5
holdings,5
required,5
denominated,5
concurrent,5
strongest,5
attributed,5
quarterly,5
annual,5
activities,5
absence,5
expansion,5
april,5
movement,5
handbuch,5
restricted,5
missing,5
dropped,5
already,5
solvent,5
decomposition,5
payments,5
published,5
outbreak,5
fell,5
coincidence,5
substantially,5
channel,5
existing,5
discounted,5
material,5
stabilisierung,5
lost,5
ffir,5
portfolios,5
clear,5
three,5
martin,5
article,5
krise,5
effect,5
structure,5
probably,5
working,5
figures,5
window,5
primarily,5
itself,5
country,5
markt,5
abandonment,5
konjunkturstatistisches,5
type,5
lending,5
unlikely,5
explanations,5
goldschmidt,5
thereby,5
jun,5
firms,5
macht,5
argument,5
preujfischer,5
illiquid,5
contributed,5
respective,5
themselves,5
archival,5
fir,4
way,4
later,4
implies,4
mortgage,4
mobility,4
merged,4
ma,4
h,4
completely,4
sudden,4
studies,4
earnings,4
occurred,4
factor,4
guinnane,4
miinchen,4
lower,4
being,4
consistent,4
withdrawn,4
banksa,4
reasons,4
timing,4
help,4
declines,4
devaluation,4
gaps,4
economics,4
account,4
possible,4
e,4
indicating,4
scandal,4
jakob,4
behavior,4
attract,4
staatsbanken,4
harold,4
conflict,4
heterogeneity,4
highest,4
find,4
spite,4
billion,4
using,4
how,4
barmer,4
crash,4
factors,4
risks,4
bonds,4
changes,4
tensions,4
presumably,4
linked,4
weak,4
frequently,4
generally,4
restriction,4
use,4
result,4
lead,4
concentration,4
declined,4
vulnerability,4
term,4
though,4
networks,4
prewar,4
basis,4
line,4
mandatory,4
received,4
prominent,4
year,4
konjunkturforschung,4
middle,4
runs,4
et,4
rise,4
weeks,4
petri,4
quite,4
few,4
research,4
always,4
world,4
incentive,4
prescribed,4
institut,4
asset,4
he,4
reduced,4
deutschlands,4
tilly,4
above,4
percentage,4
interpretation,4
happened,4
serve,4
bankinsolvenzen,4
al,4
landesbanken,4
stronger,4
similarly,4
causality,4
treatment,4
rents,4
across,4
larger,4
patterns,4
hand,4
establish,4
preferential,4
deutschland,4
berliner,4
net,4
significance,4
authors,4
publication,4
reversals,4
become,4
negotiations,4
exacerbated,4
directions,4
remaining,4
similarities,4
ritschl,4
environment,4
heavy,4
practice,4
lessons,4
intensification,4
known,4
convertibility,4
kind,4
down,4
clearly,4
drop,4
what,4
terms,4
mere,4
extent,4
episode,4
des,4
subject,4
obtain,4
goals,4
question,4
difference,4
finally,4
course,4
am,4
fears,4
focus,4
among,4
close,4
difficult,3
does,3
customers,3
declared,3
affected,3
hoover,3
largely,3
fixed,3
jul,3
stabilization,3
neglects,3
preceding,3
fund,3
attempts,3
concentrated,3
wechselbank,3
available,3
together,3
convert,3
thank,3
scheme,3
downturn,3
take,3
real,3
feature,3
issue,3
vol,3
strand,3
fritz,3
foreigners,3
taking,3
likely,3
far,3
prevented,3
hazard,3
goal,3
branching,3
creditanstalt,3
development,3
quality,3
since,3
september,3
peter,3
sample,3
expected,3
turn,3
withdraw,3
restrict,3
left,3
magazin,3
preuflischer,3
pronounced,3
hardly,3
krugman,3
selectively,3
poor,3
york,3
explicit,3
proportion,3
importance,3
direct,3
banksb,3
rules,3
rising,3
wanted,3
possibly,3
driven,3
impact,3
w,3
situations,3
discountable,3
followed,3
dooley,3
hot,3
came,3
das,3
monitoring,3
markets,3
suffered,3
applied,3
exhaustion,3
intertwined,3
suspended,3
distinguish,3
work,3
scope,3
imports,3
preferred,3
protected,3
reduction,3
gave,3
describe,3
enqu,3
place,3
forces,3
entails,3
related,3
order,3
sharp,3
involved,3
attention,3
tended,3
delegated,3
bundesarchiv,3
results,3
notes,3
attacks,3
threatened,3
happen,3
demand,3
short,3
exception,3
allen,3
oxford,3
simultaneous,3
turmoil,3
adca,3
makes,3
mobile,3
challenged,3
tax,3
light,3
partly,3
reports,3
noted,3
regional,3
maintained,3
mark,3
averages,3
deterioration,3
striking,3
appeared,3
regulation,3
reacted,3
fallen,3
interim,3
enough,3
present,3
vulnerable,3
meant,3
showing,3
frequency,3
guarantees,3
explicitly,3
free,3
remained,3
local,3
extended,3
examples,3
graph,3
including,3
desperate,3
enormous,3
depended,3
asian,3
significant,3
rescue,3
peg,3
theoretical,3
moral,3
dominated,3
hypothekenund,3
distinction,3
ended,3
monitors,3
latter,3
translate,3
slightly,3
weimar,3
perspectives,3
inducing,3
five,3
obtained,3
dec,3
seen,3
detailed,3
surprising,3
months,3
event,3
austria,3
publicly,3
constant,3
reinforced,3
regime,3
set,3
gale,3
reversal,3
contained,3
connection,3
universal,3
current,3
privileged,3
advances,3
according,3
cause,3
phenomena,3
size,3
beck,3
given,3
conclude,3
scramble,3
tried,3
arguments,3
aspect,3
shown,3
allgemeine,3
include,3
although,3
typically,3
d,3
gerd,3
need,3
willingness,3
defined,3
shift,3
injections,3
velasco,3
consisted,3
traditional,3
comparable,3
arithmetic,3
hans,3
final,2
miller,2
abgrund,2
gerald,2
o,2
vor,2
concerned,2
indicated,2
tion,2
generous,2
till,2
commitment,2
dangers,2
culminated,2
extreme,2
berkeley,2
interventions,2
schuker,2
alone,2
compensated,2
bagehot,2
nationalbank,2
tigers,2
complex,2
saved,2
identify,2
refused,2
philippe,2
former,2
virtually,2
laid,2
exceptions,2
graciella,2
princeton,2
credibly,2
negative,2
explaining,2
glick,2
certainly,2
creation,2
knut,2
spoerer,2
implications,2
give,2
refusal,2
nature,2
asia,2
company,2
christoph,2
suggesting,2
berichte,2
differences,2
potentially,2
transferred,2
subsequent,2
luther,2
date,2
raised,2
reserved,2
letting,2
favoring,2
within,2
governmental,2
indebtedness,2
inflows,2
nber,2
capacity,2
u,2
draw,2
victims,2
zur,2
felt,2
marked,2
politics,2
karl,2
commerzund,2
mutual,2
richard,2
barry,2
apart,2
point,2
supervision,2
timothy,2
along,2
osterreichische,2
interestingly,2
cooperation,2
indicates,2
weakened,2
points,2
analyzing,2
intensifying,2
tornell,2
endangering,2
issued,2
unobtainable,2
bankverein,2
forced,2
weaknesses,2
cases,2
maintaining,2
young,2
hutchison,2
apr,2
pure,2
compare,2
committing,2
vice,2
outflow,2
clientele,2
react,2
offices,2
interesting,2
whose,2
cartel,2
his,2
links,2
l,2
incidence,2
represented,2
suffer,2
goldfajn,2
buchheim,2
connected,2
parts,2
special,2
moralhazard,2
reason,2
affect,2
plus,2
servants,2
reinforcement,2
days,2
n,2
footnotes,2
frozen,2
four,2
gertler,2
additional,2
modeled,2
finanzwesen,2
putting,2
hereafter,2
willing,2
helped,2
dc,2
regulatory,2
expressed,2
closely,2
carmen,2
based,2
hyperinflation,2
channels,2
marion,2
conservative,2
erosion,2
called,2
access,2
kreditstopp,2
simultaneity,2
fourth,2
equally,2
stressing,2
schneider,2
boyd,2
otherwise,2
outside,2
absolute,2
acceleration,2
aspects,2
distinguishes,2
gained,2
chang,2
explains,2
competing,2
civil,2
apparent,2
unterausschusses,2
constitute,2
people,2
keep,2
actually,2
falling,2
schubert,2
microeconomic,2
verhandlungen,2
president,2
knapp,2
announcement,2
violated,2
preceded,2
causal,2
optimal,2
pesenti,2
correct,2
lowest,2
suggest,2
coupled,2
owned,2
burnside,2
acted,2
several,2
characteristics,2
sufficient,2
separately,2
concerns,2
choose,2
industry,2
dramatic,2
protect,2
distinguished,2
dem,2
incurred,2
managed,2
value,2
rest,2
wirtschaftsgeschichte,2
risking,2
bringing,2
identified,2
service,2
sohn,2
play,2
bis,2
commit,2
reduce,2
exceeded,2
spectacular,2
illuminating,2
once,2
depicted,2
keeley,2
yet,2
liability,2
excessively,2
older,2
soon,2
hamburg,2
disastrous,2
perceived,2
participants,2
included,2
homogeneous,2
assistance,2
complete,2
geheimnis,2
switch,2
reliance,2
debtors,2
avoided,2
picture,2
kreditund,2
name,2
law,2
comparison,2
mittler,2
put,2
longer,2
lack,2
valid,2
occurrence,2
areas,2
giro,2
advantage,2
documents,2
really,2
contemporary,2
considerable,2
prudential,2
never,2
do,2
corsetti,2
covered,2
threads,2
maturity,2
deep,2
fundamentals,2
ziirich,2
remarkably,2
day,2
panics,2
stabilize,2
understanding,2
bond,2
eichenbaum,2
discussion,2
treated,2
bear,2
stucken,2
sides,2
enqueteausschul,2
discrimination,2
looking,2
versa,2
bacchetta,2
findings,2
entirely,2
confidentially,2
operated,2
refers,2
exhibited,2
variables,2
full,2
california,2
substitutes,2
provoked,2
stress,2
hinged,2
accounted,2
maintenance,2
august,2
characterized,2
flood,2
spread,2
shortly,2
fragility,2
abundant,2
thomas,2
erich,2
decide,2
internal,2
systems,2
excluded,2
availability,2
slowdown,2
theo,2
isabel,2
negligible,2
caution,2
basically,2
quarter,2
separate,2
hanseatische,2
aghion,2
relationship,2
declaration,2
belonged,2
lot,2
provide,2
crucial,2
claimed,2
prudent,2
deteriorated,2
insufficient,2
referred,2
denotes,2
try,2
excluding,2
volumes,2
settled,2
spared,2
supporting,2
vereinsbank,2
roubini,2
wirtschaftskurve,2
detail,2
ensure,2
acquired,2
magnitude,2
mentioned,2
extending,2
regulated,2
ever,2
accounts,2
besides,2
text,2
quickly,2
ran,2
principle,2
heyde,2
branches,2
banerjee,2
best,2
appendix,2
wealthy,2
report,2
precarious,2
reflected,2
differed,2
translating,2
believed,2
recession,2
references,2
maintain,2
hoped,2
liberalization,2
transactions,2
foundations,2
observations,2
emphasis,2
contain,2
conference,2
burden,2
bought,2
simply,2
tightening,2
plummeted,2
buy,2
impose,2
went,2
measure,2
insolvency,2
definitions,2
come,2
promoted,2
commercial,2
seit,2
geld,2
priester,2
numerous,2
october,2
national,2
washington,2
rebelo,2
approximately,2
kassel,2
anonymous,2
kindleberger,2
carl,2
risktaking,2
beiheft,2
unstable,2
debate,2
uncertainty,2
maximum,2
immediately,2
famous,2
clashed,2
heterogeneous,2
ende,2
scandinavian,1
entities,1
reichstag,1
directors,1
founding,1
explosion,1
done,1
arranging,1
replacing,1
liquidate,1
higginson,1
meaning,1
wiihrung,1
harmful,1
names,1
shortterm,1
stood,1
correlations,1
forschung,1
compensate,1
accessories,1
mimeo,1
truth,1
distress,1
extend,1
coll,1
determine,1
overstated,1
saver,1
hutter,1
elections,1
succession,1
minimum,1
introduction,1
starts,1
notably,1
plainly,1
sphere,1
distributed,1
disregard,1
per,1
expect,1
conversion,1
methodology,1
determinant,1
approved,1
kinds,1
spener,1
intertemporal,1
provisions,1
fed,1
tend,1
precede,1
zero,1
reparationsproblem,1
sets,1
federal,1
strictly,1
parlancein,1
actions,1
inconsistent,1
mit,1
modern,1
preujischer,1
satisfied,1
incidentally,1
january,1
statutory,1
dressing,1
halt,1
tied,1
refutes,1
deteriorating,1
devices,1
position,1
justified,1
defaulted,1
necessarily,1
presents,1
proponents,1
shrunken,1
leaked,1
wdhrungspolitik,1
chased,1
enqueteausschub,1
nineteenth,1
assume,1
jahrbuch,1
evasion,1
detected,1
institutes,1
themes,1
relaxing,1
par,1
test,1
mitigated,1
said,1
incomplete,1
anything,1
cast,1
akl,1
harvard,1
modest,1
every,1
parliamentary,1
commissions,1
localities,1
exclusive,1
tighten,1
stilke,1
ii,1
vols,1
rapid,1
acutely,1
turbulent,1
litke,1
worked,1
fragmentary,1
shortage,1
riskiness,1
referees,1
duncker,1
dramatically,1
comparatively,1
goodbye,1
continue,1
leading,1
broadly,1
broken,1
borders,1
disproportionate,1
accumulated,1
rich,1
narrative,1
arises,1
soared,1
follows,1
ullstein,1
ences,1
revival,1
farther,1
basin,1
composition,1
procedure,1
expense,1
resulting,1
reinterpret,1
integrate,1
strain,1
brkg,1
written,1
holidays,1
trouble,1
stand,1
hjalmar,1
conserve,1
robert,1
opposite,1
suspension,1
causalities,1
stopped,1
context,1
rolf,1
seminar,1
piper,1
explosively,1
growing,1
americanstyle,1
hellwig,1
standstill,1
takes,1
preventing,1
forum,1
depending,1
corresponded,1
existence,1
stuffed,1
protagonists,1
tie,1
bankwesens,1
circulate,1
advice,1
exploiting,1
adverse,1
notoriety,1
aurel,1
agriculture,1
right,1
illiquidity,1
indirectly,1
lends,1
constraints,1
holtfrerich,1
enforcement,1
fl,1
withdrawal,1
characterize,1
slight,1
drive,1
warburg,1
contractual,1
solely,1
fraud,1
taxation,1
obvious,1
rid,1
calmed,1
purchases,1
diss,1
smooth,1
recoup,1
cautious,1
bottom,1
reconstruction,1
objective,1
decreasing,1
appease,1
financed,1
fiercely,1
valdes,1
corresponding,1
optimism,1
exist,1
learned,1
verlagsbuchhandlung,1
albrecht,1
phase,1
seniority,1
subsume,1
crossing,1
complied,1
regularly,1
affiliation,1
endanger,1
surely,1
decree,1
explained,1
facts,1
difficulties,1
immediate,1
reject,1
past,1
ernst,1
safety,1
tables,1
econometric,1
kapital,1
de,1
g,1
scarce,1
collapsed,1
ease,1
viewing,1
mixed,1
decided,1
relations,1
carlos,1
participating,1
conducted,1
rigorously,1
gall,1
insisted,1
threatens,1
century,1
mild,1
overly,1
financing,1
vierteljahresschrift,1
siness,1
sustain,1
venturous,1
defense,1
elements,1
blame,1
humblot,1
reluctance,1
underlying,1
feasible,1
perspective,1
calming,1
uncontroversial,1
vom,1
intensities,1
differently,1
serving,1
justifiable,1
polygraphischer,1
extraordinary,1
renowned,1
served,1
allowing,1
bankersa,1
applying,1
continuous,1
twice,1
jacob,1
external,1
schulz,1
helpful,1
outset,1
kredit,1
externalities,1
ticularly,1
unresolved,1
lf,1
details,1
apparently,1
fellow,1
weakness,1
influence,1
fierce,1
competitive,1
klingebiel,1
implementation,1
frankreich,1
poorly,1
kept,1
industries,1
newer,1
distribution,1
lesser,1
failed,1
rights,1
simultaneously,1
r,1
slowed,1
recognized,1
adequate,1
added,1
liuke,1
essential,1
fiinfzig,1
extensively,1
deteriorate,1
turbulences,1
act,1
dilemma,1
observers,1
performance,1
stresses,1
stop,1
influenced,1
debated,1
loosing,1
carefully,1
posits,1
influential,1
manoevre,1
doctrine,1
bankgerman,1
mean,1
pinpoint,1
players,1
poses,1
misallocation,1
granted,1
idiosyncratic,1
induce,1
suited,1
contributions,1
emergency,1
enabled,1
danger,1
inserted,1
dismiss,1
reappears,1
ultimo,1
underline,1
bruining,1
meet,1
modified,1
endogenously,1
category,1
discernible,1
acquisition,1
developments,1
distorts,1
redeposited,1
marks,1
supports,1
monolithic,1
locally,1
improvement,1
statistical,1
spreading,1
emergence,1
vindicated,1
proved,1
sum,1
proposed,1
edition,1
stabilizing,1
gradually,1
verein,1
unemployed,1
heymanns,1
shrinking,1
suspend,1
enjoyed,1
textbook,1
max,1
zerrissene,1
textile,1
versicherungsag,1
breached,1
encouragement,1
statement,1
withdrawing,1
beyond,1
indications,1
fiir,1
majority,1
cost,1
stark,1
requires,1
shifted,1
running,1
imminent,1
m,1
export,1
faced,1
providing,1
decades,1
jumped,1
stands,1
dispersion,1
ihre,1
beratungsstelle,1
opponents,1
greater,1
daniela,1
arrived,1
haude,1
acceptable,1
whom,1
socialpolitik,1
tackle,1
allow,1
gesellschaft,1
volatility,1
opposing,1
rule,1
entered,1
begun,1
traditionally,1
cli,1
inappropriate,1
attack,1
feldenkirchen,1
tumbling,1
exposures,1
merely,1
seven,1
referee,1
deal,1
detracted,1
rudolf,1
discontinuation,1
impaired,1
emerge,1
representative,1
cancellation,1
installation,1
accurately,1
akademie,1
banker,1
ckl,1
abhijit,1
furthermore,1
healthy,1
hartmann,1
informed,1
blow,1
block,1
circular,1
eventuality,1
instable,1
precautions,1
agreements,1
province,1
appears,1
viewed,1
recently,1
unemployment,1
intensity,1
fulfill,1
safe,1
record,1
approached,1
facilities,1
reinvest,1
opposition,1
drain,1
materialized,1
accelerated,1
wants,1
erodes,1
criteria,1
nonfinancial,1
shape,1
commitments,1
stacks,1
precursors,1
none,1
hello,1
claiming,1
future,1
correctly,1
network,1
formerly,1
preconditions,1
steep,1
industrial,1
start,1
analyze,1
comprises,1
nine,1
claim,1
easiness,1
unless,1
prompted,1
illustrated,1
story,1
crude,1
denial,1
knowledge,1
clearer,1
forcefully,1
closed,1
multiplied,1
revealed,1
crowding,1
continuation,1
genuine,1
fit,1
issues,1
collective,1
grain,1
martinezperia,1
participated,1
binding,1
jahre,1
focuses,1
publish,1
revaluation,1
away,1
stagnation,1
cone,1
systematic,1
implement,1
turbulence,1
capacities,1
interpreted,1
miss,1
underlining,1
shrinkage,1
aonly,1
misguided,1
t,1
waihrung,1
regions,1
hungary,1
concentrates,1
change,1
exemplary,1
social,1
stylized,1
least,1
stick,1
tight,1
exchanging,1
responsibility,1
wished,1
impair,1
debts,1
tested,1
speculations,1
porting,1
depositing,1
auslandsverschuldung,1
emerging,1
purchasing,1
around,1
troubles,1
embraced,1
dividend,1
grow,1
significantly,1
acts,1
falsifications,1
presence,1
peak,1
firstand,1
diversified,1
interweavement,1
impossible,1
credible,1
sdeposit,1
interpreta,1
justice,1
os,1
productivity,1
paid,1
city,1
unterausschub,1
peculiar,1
roots,1
scandals,1
simple,1
moved,1
reducing,1
avoid,1
periods,1
survived,1
prevalence,1
f,1
battle,1
intermediation,1
highlights,1
adhering,1
noteworthy,1
sovereign,1
power,1
proxy,1
btischgen,1
steady,1
minor,1
onset,1
exhaust,1
contingent,1
interference,1
distorted,1
wrote,1
gradual,1
permits,1
zeitschriftifir,1
located,1
overall,1
classic,1
yields,1
interdependence,1
oscar,1
prevailing,1
deviation,1
prove,1
converted,1
useless,1
slower,1
make,1
assist,1
comments,1
translates,1
holders,1
standing,1
schacht,1
unprecedented,1
relaxed,1
southern,1
direction,1
buffers,1
roberto,1
repression,1
demolished,1
reference,1
foreigncurrency,1
oprovince,1
unattractive,1
switching,1
read,1
veiled,1
thought,1
giancarlo,1
fierceness,1
unidirectional,1
unternehmen,1
borrowed,1
exposure,1
nancy,1
loosening,1
inconsistencies,1
us,1
redepositing,1
boundary,1
index,1
auslandskredite,1
planned,1
ci,1
raise,1
rightly,1
abandon,1
shifting,1
choices,1
repercussions,1
odds,1
touching,1
verlagsgesellschaft,1
records,1
weltkrieg,1
literaturethe,1
fairly,1
comparably,1
double,1
inference,1
lee,1
volume,1
tries,1
street,1
valdds,1
stemmed,1
organizations,1
nouriel,1
extracted,1
unlimited,1
tatsachenbericht,1
soledad,1
predicts,1
paul,1
conceal,1
temporarily,1
others,1
stating,1
towns,1
projects,1
handelswissenschaftliche,1
complementary,1
anecdotal,1
lengthy,1
discussed,1
troubled,1
idea,1
limit,1
conduct,1
head,1
verlagsanstalt,1
plan,1
clarendon,1
documented,1
dividends,1
lc,1
paderborn,1
choice,1
manifested,1
pacific,1
diverse,1
john,1
frankfurter,1
state,1
doubt,1
inherently,1
weekly,1
predominant,1
clearing,1
hinges,1
observes,1
serious,1
minister,1
forms,1
complaint,1
corollary,1
took,1
drove,1
v,1
remarkable,1
subside,1
increases,1
manner,1
stocks,1
sergio,1
purposes,1
superimposed,1
empire,1
relevant,1
heavily,1
answer,1
borrowing,1
necessary,1
jahrhundert,1
volatile,1
gdp,1
swing,1
charter,1
corporatistic,1
abstaining,1
ltike,1
hen,1
compete,1
inject,1
building,1
spike,1
degree,1
doubled,1
argues,1
aconstant,1
original,1
binnenkonjunktur,1
banken,1
clients,1
craig,1
upon,1
values,1
formal,1
oesterreichische,1
wahrung,1
hereby,1
recover,1
interrelation,1
expand,1
empirical,1
curtail,1
hidden,1
unfortunately,1
darmstddter,1
persisted,1
orientated,1
conditions,1
maria,1
ilan,1
prominently,1
tripled,1
curb,1
questions,1
zwischenkriegszeit,1
actual,1
eligible,1
individuals,1
stay,1
franklin,1
exerted,1
reinforcing,1
importantly,1
sound,1
nevertheless,1
underwent,1
douglas,1
rumors,1
pattern,1
attraction,1
deutschen,1
strands,1
transformation,1
directed,1
welcomed,1
obtaining,1
aaron,1
agreement,1
bonn,1
sozialund,1
faces,1
supportive,1
issn,1
weltwirtschaftskrise,1
allowed,1
philipp,1
impelled,1
obstructed,1
defaults,1
summer,1
reconstructed,1
collected,1
lie,1
wish,1
black,1
construct,1
payment,1
strict,1
indication,1
facing,1
comparing,1
fatal,1
cs,1
distrusted,1
k,1
arise,1
hungarian,1
exported,1
narrow,1
sight,1
interpretations,1
weakest,1
topics,1
exactly,1
domino,1
lothar,1
looks,1
differ,1
selective,1
saw,1
overthrow,1
joint,1
insignificant,1
propose,1
sole,1
unrelated,1
widely,1
merger,1
exchanged,1
annuity,1
decision,1
operating,1
provoking,1
depressed,1
crashed,1
spiral,1
absorbing,1
residual,1
sche,1
solid,1
movements,1
bulk,1
usually,1
zealously,1
holiday,1
neglecting,1
lilke,1
dashed,1
youngplan,1
lines,1
foregoing,1
widespread,1
substitution,1
predict,1
slow,1
means,1
success,1
trading,1
began,1
worse,1
threaten,1
wirtschaf,1
originated,1
rapidly,1
indicate,1
dietrich,1
countries,1
furthered,1
norton,1
existed,1
maturities,1
hope,1
depreciated,1
ing,1
extremely,1
fields,1
exists,1
instances,1
suitcases,1
obstacle,1
sake,1
unusual,1
figured,1
problematic,1
paying,1
safeguarding,1
chen,1
mannheim,1
stable,1
notenbank,1
impairing,1
graphs,1
suggestions,1
wars,1
authorities,1
victoria,1
swallowed,1
triplet,1
protracted,1
senior,1
paired,1
comes,1
conclusion,1
redemption,1
minneapolis,1
circumstances,1
twins,1
extensive,1
constituted,1
satisfying,1
extension,1
unleashed,1
implied,1
dubious,1
exposition,1
stephen,1
securities,1
quantitative,1
corrections,1
creditor,1
andr,1
acquisitions,1
endangered,1
sums,1
offers,1
alternative,1
disregarded,1
shortcoming,1
know,1
outcome,1
excess,1
paolo,1
enters,1
natural,1
mutually,1
zahlen,1
structures,1
rodrigo,1
reemergence,1
beitrdge,1
owing,1
stinnes,1
sure,1
reparationen,1
guaranteed,1
unfeasible,1
faulty,1
commission,1
board,1
gone,1
collapsing,1
bu,1
prominence,1
unscathed,1
ph,1
argue,1
cyclical,1
wall,1
konjunktur,1
allied,1
exceptional,1
eventually,1
alternatively,1
haustion,1
speculation,1
goods,1
indisputably,1
transfersperre,1
chairman,1
placing,1
climate,1
ftir,1
rural,1
impressively,1
february,1
odomestic,1
better,1
turned,1
justify,1
einem,1
fln,1
abolishment,1
integrates,1
surpluses,1
jeidels,1
wdhrung,1
svelasco,1
answered,1
notable,1
bailout,1
unique,1
interwar,1
reconcile,1
form,1
involvement,1
quote,1
imposed,1
allowance,1
covers,1
seasonal,1
erupted,1
signature,1
theory,1
brink,1
ersten,1
supplemented,1
interallied,1
transaction,1
exemptions,1
inflow,1
fully,1
getting,1
savers,1
differs,1
institute,1
pursued,1
noticed,1
precedent,1
andres,1
agreed,1
quantities,1
ursachen,1
tempting,1
chairmen,1
canceled,1
popular,1
neglected,1
hindsight,1
nj,1
fiirstenberg,1
subset,1
decisive,1
introduced,1
despite,1
adolf,1
yearly,1
rendering,1
returning,1
bv,1
agents,1
regularities,1
condition,1
reuven,1
presupposes,1
trigger,1
phenomenon,1
exploit,1
ensuing,1
eroding,1
neglect,1
ein,1
prolong,1
friday,1
our,1
subsumed,1
proceeds,1
buying,1
discriminated,1
interba,1
formation,1
imprudent,1
authorized,1
yehning,1
initiated,1
zentralkassen,1
quotas,1
aware,1
juli,1
planck,1
shrunk,1
andpublic,1
move,1
joined,1
lively,1
grown,1
physical,1
states,1
france,1
off,1
voluntary,1
plentiful,1
measured,1
remains,1
association,1
roughly,1
financially,1
restrained,1
summary,1
profits,1
specific,1
charles,1
wien,1
news,1
brtider,1
assumed,1
withdrew,1
combination,1
supply,1
sectors,1
wirtschaftshistorische,1
nomos,1
bgiro,1
reached,1
mpg,1
create,1
views,1
ownership,1
interaction,1
arose,1
re,1
mismatch,1
glance,1
slgsb,1
nonbanks,1
resembled,1
globalization,1
ca,1
built,1
delayed,1
strategy,1
otto,1
occur,1
perception,1
costly,1
hypothesis,1
thorough,1
