WORDCOUNTS,WEIGHT
the,683
of,372
and,281
in,267
hookworm,129
a,125
to,109
that,106
for,88
by,83
is,80
was,66
agricultural,63
southern,58
output,53
this,52
population,50
decline,48
income,47
disease,46
are,46
with,45
war,43
civil,42
as,40
capital,40
on,38
infection,35
variable,34
between,34
per,33
p,33
county,33
were,32
south,31
no,28
significant,28
at,27
s,27
during,27
not,27
from,27
acres,25
health,25
each,25
coefficient,25
be,25
positive,23
improved,23
than,22
results,22
percentage,22
cotton,21
had,21
one,20
variables,20
regression,20
sharecropping,20
slaves,20
would,20
labor,19
states,19
among,19
regressions,18
have,18
or,17
number,17
an,17
analysis,17
proportion,16
census,16
shoes,16
prices,16
level,16
also,16
black,16
capita,16
other,15
american,15
confederate,15
impact,15
because,15
data,15
but,15
brinkley,15
living,15
total,14
negative,14
rates,14
change,14
percent,14
rural,14
average,14
increase,14
linear,13
journal,13
effect,13
divided,13
table,13
physical,13
both,13
it,12
production,12
slave,12
university,12
result,12
counties,12
value,12
economic,12
postbellum,12
army,12
constant,12
all,11
medical,11
most,11
infected,11
emancipation,11
sutch,11
two,11
more,11
outside,11
less,11
soldiers,11
united,11
if,10
into,10
those,10
sign,10
expected,10
infestation,10
coefficients,10
dc,10
out,10
skeletal,10
sanitary,10
independent,10
indicate,10
washington,10
common,9
market,9
they,9
antebellum,9
l,9
levels,9
armies,9
symptoms,9
people,9
productivity,9
gross,9
noted,9
slavery,9
time,9
new,9
years,9
plantation,9
mcds,9
equals,9
mortality,9
ve,9
through,9
press,9
increased,9
c,9
he,8
different,8
j,8
has,8
calculated,8
due,8
ransom,8
using,8
his,8
their,8
support,8
four,8
greater,8
public,8
used,8
dependent,8
world,8
these,8
upon,8
high,8
can,8
commission,8
southerners,8
effects,8
engerman,8
substantial,8
sla,7
retardation,7
studies,7
farmers,7
i,7
mental,7
general,7
may,7
capture,7
changes,7
union,7
its,7
status,7
annual,7
will,7
pp,7
same,7
only,7
itch,7
present,7
where,7
see,7
dollars,7
tennessee,7
fogel,7
relationship,7
been,7
who,7
gpo,7
temporal,7
did,7
person,7
rockefeller,7
reported,7
major,7
e,6
h,6
history,6
crops,6
state,6
richard,6
carolina,6
mules,6
arkansas,6
caused,6
demand,6
reductions,6
indicates,6
direction,6
edited,6
free,6
values,6
which,6
so,6
after,6
least,6
relative,6
louisiana,6
sanitation,6
life,6
then,6
any,6
appendix,6
particularly,6
distribution,6
while,6
camps,6
interaction,6
north,6
should,6
rate,5
estimated,5
lower,5
first,5
davis,5
diseases,5
differences,5
there,5
system,5
agriculture,5
determined,5
very,5
correlation,5
kind,5
wiley,5
even,5
mean,5
incidence,5
statistical,5
eradication,5
declined,5
medicine,5
hat,5
example,5
description,5
fatigue,5
soil,5
highly,5
minor,5
sociological,5
included,5
symptom,5
reports,5
lack,5
revenue,5
confederacy,5
john,5
increases,5
low,5
three,5
doctors,5
period,5
barefoot,5
land,5
bureau,5
tenant,5
assert,5
testing,5
widespread,5
inadequate,5
often,5
paper,5
ubiquitous,5
current,5
according,5
conditions,5
approximately,5
evidence,5
remains,5
association,5
protection,4
reduced,4
before,4
source,4
explaining,4
long,4
infections,4
follows,4
robert,4
historians,4
soldier,4
some,4
fecal,4
severe,4
author,4
exist,4
century,4
third,4
york,4
without,4
camp,4
irwin,4
arrangements,4
productive,4
cause,4
squares,4
show,4
decades,4
uses,4
economics,4
illness,4
poverty,4
r,4
year,4
et,4
il,4
t,4
statistically,4
describing,4
stage,4
prevalence,4
hence,4
family,4
research,4
when,4
up,4
notes,4
reducing,4
led,4
proxy,4
indeed,4
female,4
about,4
foot,4
sharecroppers,4
wright,4
al,4
angel,4
causality,4
treatment,4
crop,4
children,4
ground,4
unshod,4
hookworn,4
itching,4
detailed,4
jerome,4
cunningham,4
points,4
easterlin,4
divisions,4
thomas,4
james,4
northern,4
specifications,4
share,4
specification,4
determinants,4
patients,4
over,4
returns,4
report,4
sharecropper,4
alabama,4
rose,4
generally,4
virginia,4
presented,4
entire,4
prevalent,4
colonial,4
afflicted,4
difference,4
finally,4
d,4
charles,4
parenthesis,4
severely,4
cross,4
go,3
does,3
abolition,3
rsc,3
indicated,3
implying,3
personnel,3
zero,3
stephenson,3
modern,3
decade,3
policy,3
occurred,3
chandler,3
causes,3
being,3
consistent,3
either,3
military,3
definition,3
company,3
leading,3
signs,3
uncinariasis,3
within,3
alfred,3
plain,3
capacity,3
u,3
whites,3
chronic,3
steiner,3
roger,3
since,3
econometric,3
g,3
peter,3
sample,3
diarrhea,3
stanley,3
higher,3
predicted,3
parasite,3
consequences,3
substandard,3
n,3
w,3
method,3
whereas,3
hours,3
aftermath,3
cd,3
asserts,3
produced,3
suffered,3
however,3
work,3
forces,3
trends,3
attributed,3
skeletons,3
interregional,3
field,3
small,3
june,3
texas,3
aggregate,3
therefore,3
partially,3
farm,3
matter,3
various,3
service,3
overall,3
nearly,3
biological,3
once,3
fevers,3
vs,3
marginal,3
ed,3
department,3
paul,3
mark,3
many,3
larva,3
infectious,3
pattern,3
contention,3
bass,3
another,3
original,3
greatest,3
discussion,3
cambridge,3
explanation,3
logs,3
dollar,3
samples,3
morbidity,3
host,3
survey,3
services,3
modem,3
b,3
spread,3
excluded,3
eggs,3
probably,3
increasing,3
segments,3
composed,3
clinical,3
dissertation,3
tenancy,3
geographic,3
known,3
text,3
natural,3
anthropology,3
debilitating,3
unknown,3
exhibits,3
associated,3
conrad,3
what,3
selected,3
ibid,3
inputs,3
theory,3
lawrence,3
size,3
prior,3
meeker,3
confirm,3
gang,3
sectional,3
garland,3
course,3
although,3
smaller,3
shift,3
indices,3
blacks,3
second,3
supply,3
early,3
hypothesis,3
mostly,2
louis,2
resulted,2
determine,2
measures,2
alone,2
large,2
ma,2
asserted,2
currency,2
true,2
mechanic,2
comparisons,2
western,2
committee,2
presents,2
detrimental,2
physicians,2
princeton,2
landowners,2
member,2
inc,2
sources,2
victim,2
taken,2
spencer,2
worked,2
gone,2
poison,2
confirmed,2
georgia,2
great,2
acreage,2
differentials,2
mississippi,2
resulting,2
last,2
decreased,2
described,2
behavioral,2
anthropologists,2
king,2
vol,2
possible,2
inductees,2
pritchard,2
soils,2
bell,2
indicating,2
quantity,2
compares,2
holland,2
corresponding,2
human,2
central,2
dew,2
explained,2
campbell,2
such,2
development,2
mm,2
characteristic,2
workers,2
meyer,2
goff,2
cases,2
clark,2
temp,2
amount,2
causing,2
body,2
difficulty,2
young,2
unchanged,2
pccapital,2
y,2
details,2
kelley,2
tsls,2
preventive,2
poor,2
stock,2
growth,2
edward,2
fever,2
flexible,2
similar,2
travels,2
direct,2
gartly,2
study,2
factors,2
asa,2
references,2
freedmen,2
biased,2
rain,2
potomac,2
clearly,2
francis,2
contaminated,2
pchookworm,2
archeological,2
misdiagnosed,2
care,2
m,2
important,2
view,2
soiltype,2
rathburn,2
could,2
called,2
baton,2
positively,2
ettling,2
sanit,2
pcsla,2
compiledfrom,2
appears,2
ashford,2
confirmation,2
well,2
almost,2
literature,2
received,2
reid,2
leisure,2
unless,2
part,2
reduction,2
confined,2
multiplied,2
penetrating,2
actually,2
parasitology,2
mcculloch,2
squeezed,2
indianapolis,2
sourcebook,2
regions,2
macroeconomic,2
working,2
suggest,2
few,2
eighth,2
essentially,2
lymphatic,2
st,2
cycle,2
declines,2
inducted,2
gavin,2
africanamericans,2
intestinal,2
short,2
wrote,2
estimations,2
interactions,2
structural,2
competition,2
dowling,2
unreported,2
complete,2
skin,2
social,2
lee,2
members,2
savitt,2
multiplying,2
stated,2
factory,2
addition,2
smith,2
summing,2
larger,2
contemporary,2
identical,2
men,2
hand,2
practice,2
gives,2
remained,2
thousands,2
demonstrated,2
exhibit,2
averaged,2
supplies,2
considering,2
made,2
waite,2
farming,2
pathology,2
region,2
findings,2
use,2
assumption,2
net,2
recovery,2
individuals,2
intestines,2
theories,2
rouge,2
underwent,2
significance,2
explorations,2
supportive,2
blankets,2
individual,2
ellis,2
like,2
ted,2
synergistically,2
exchange,2
especially,2
annually,2
article,2
k,2
feet,2
become,2
ann,2
destruction,2
normal,2
logistics,2
justice,2
rebel,2
today,2
publishing,2
george,2
science,2
foreign,2
germ,2
male,2
bulletin,2
strongly,2
force,2
linking,2
diagnosis,2
responsible,2
efficiency,2
lowered,2
existed,2
fourths,2
extremely,2
itself,2
celia,2
aldrich,2
school,2
springfield,2
series,2
conclusion,2
changing,2
demonstrate,2
malingering,2
nutritional,2
proposes,2
irvin,2
malarial,2
equation,2
pcsharecropping,2
proxying,2
cemetery,2
stiles,2
enemy,2
far,2
warren,2
cities,2
past,2
jaco,2
better,2
tenth,2
drop,2
explanations,2
shortages,2
extent,2
healthy,2
malaria,2
thereby,2
went,2
arguments,2
clothing,2
pound,2
families,2
dock,2
allows,2
aspect,2
until,2
glencoe,2
contributed,2
unfit,2
grown,2
measure,2
classification,2
comparison,2
specific,2
crompton,2
civilian,2
little,2
corn,2
much,2
strong,2
hotez,2
taylor,2
society,2
meeting,2
ca,2
puny,1
difficult,1
gilbert,1
explosion,1
currently,1
afflicts,1
frequent,1
quotient,1
chivalry,1
enter,1
later,1
correlations,1
pale,1
dangers,1
arny,1
nationwide,1
environmental,1
mar,1
manuscript,1
group,1
needed,1
conducted,1
complex,1
replaced,1
touched,1
envisioned,1
provisions,1
identify,1
mccutchan,1
control,1
live,1
medicin,1
federal,1
warfare,1
strictly,1
approaches,1
specified,1
epidemiological,1
duke,1
grove,1
conclusive,1
tents,1
follower,1
lindert,1
malingerers,1
equations,1
nineteenth,1
descriptions,1
turning,1
prosperous,1
test,1
scurry,1
congress,1
said,1
anything,1
ingestion,1
earning,1
australia,1
quartermaster,1
pervasive,1
rinehart,1
hood,1
proud,1
berkeley,1
rapid,1
rita,1
shortage,1
seems,1
words,1
scarecrows,1
available,1
interred,1
advantage,1
assertion,1
suggesting,1
together,1
accompanied,1
debra,1
estimation,1
simple,1
thank,1
confirming,1
origin,1
manassas,1
afflict,1
government,1
recruit,1
atlantic,1
hundred,1
prognosis,1
reveal,1
concludes,1
bronchial,1
esophagus,1
take,1
debt,1
subsequent,1
date,1
reserved,1
subtracting,1
opposite,1
typhoid,1
intelligence,1
deteriorated,1
depends,1
british,1
exogenous,1
promulgated,1
eastern,1
assertions,1
unaware,1
combatants,1
discuss,1
march,1
addresses,1
drastic,1
changed,1
hardee,1
quantities,1
felt,1
implies,1
condition,1
slight,1
appendices,1
functions,1
alter,1
october,1
cupp,1
taking,1
combination,1
say,1
contraband,1
owners,1
genetic,1
constrained,1
himself,1
todd,1
collection,1
exposed,1
expertise,1
segregation,1
biohistory,1
hookwonn,1
includes,1
throughout,1
cemeteries,1
fayetteville,1
relationships,1
cortical,1
accuracy,1
reverse,1
weakened,1
estimating,1
run,1
sustain,1
precipitous,1
september,1
silent,1
agent,1
mosby,1
interest,1
relatively,1
ability,1
johnny,1
concentrations,1
bone,1
price,1
dozen,1
unhealthy,1
issn,1
admitted,1
given,1
comprised,1
turn,1
estimates,1
items,1
destroyed,1
infective,1
underlying,1
bay,1
david,1
softened,1
back,1
response,1
inclusion,1
minus,1
egypt,1
compared,1
left,1
jacob,1
mechanical,1
find,1
tenants,1
brigade,1
febiger,1
mustering,1
descriptive,1
kentucky,1
wounded,1
billion,1
though,1
influence,1
adjust,1
commanders,1
traumatic,1
mechanism,1
lesser,1
failed,1
incentives,1
rights,1
surprisingly,1
offices,1
usda,1
knoxville,1
slowed,1
philadelphia,1
recognized,1
adequate,1
bull,1
battistella,1
identification,1
absent,1
orancylostomiasis,1
how,1
remain,1
elasticity,1
infested,1
basic,1
influential,1
nematode,1
appreciation,1
process,1
subsistence,1
particle,1
practiced,1
unsanitary,1
suffer,1
grew,1
certain,1
boothill,1
standard,1
read,1
authoi,1
overlooked,1
ves,1
absorbed,1
supposed,1
lea,1
addressing,1
understand,1
category,1
ragged,1
plus,1
consider,1
india,1
yellow,1
sick,1
presumably,1
section,1
producers,1
just,1
days,1
weather,1
numbers,1
differs,1
frequently,1
xi,1
experienced,1
stewart,1
larvae,1
shorter,1
encouragement,1
efficient,1
peninsula,1
position,1
consequence,1
shifted,1
helped,1
negroes,1
strategy,1
faced,1
numerical,1
methodology,1
invading,1
beaver,1
chester,1
causation,1
gregory,1
came,1
laziness,1
lead,1
whom,1
magennis,1
concentration,1
queensland,1
formulations,1
rule,1
found,1
conservative,1
entered,1
devastation,1
critically,1
typical,1
missouri,1
seven,1
pass,1
events,1
worker,1
noting,1
diet,1
percentages,1
rundall,1
secretly,1
term,1
grayish,1
further,1
belleview,1
oklahoma,1
pointing,1
shall,1
institute,1
circular,1
stratford,1
biases,1
monograph,1
otherwise,1
wealth,1
ravages,1
saboteur,1
bumper,1
perform,1
absolute,1
guidance,1
instrumental,1
crossproduct,1
industrious,1
wayne,1
brooks,1
improve,1
reacting,1
failure,1
products,1
directly,1
none,1
having,1
distinctiveness,1
dulling,1
ziaijxa,1
douglas,1
disputed,1
brought,1
related,1
lays,1
dividing,1
whole,1
uc,1
gave,1
describe,1
place,1
dowd,1
policies,1
partly,1
calculating,1
records,1
figures,1
nielson,1
stimulate,1
statistics,1
ias,1
midwestern,1
scuny,1
showing,1
alan,1
conform,1
own,1
lungs,1
concurrent,1
approach,1
causal,1
published,1
legacy,1
normally,1
sense,1
hygienic,1
synergistic,1
reliable,1
microfilms,1
tested,1
next,1
renters,1
keenly,1
involved,1
several,1
la,1
smithsonian,1
disposition,1
revealing,1
mi,1
dramatic,1
concluded,1
differing,1
noncombatants,1
congess,1
inability,1
majority,1
harvey,1
guns,1
pa,1
florida,1
weigh,1
preliminary,1
am,1
footwear,1
capturing,1
battles,1
deficiency,1
nations,1
periods,1
midpoint,1
portion,1
herein,1
culprits,1
likely,1
investigating,1
yearly,1
attempts,1
variety,1
materials,1
scientific,1
marketplace,1
identified,1
labors,1
located,1
expansion,1
forman,1
corporation,1
brief,1
oscar,1
upward,1
deviation,1
whatever,1
califomia,1
july,1
above,1
distribute,1
selection,1
irritation,1
fighting,1
undergo,1
contributing,1
collect,1
annoying,1
untold,1
fair,1
crosssectional,1
represents,1
kirby,1
heaviest,1
counterparts,1
multitudes,1
exposure,1
disastrous,1
boundary,1
index,1
specimens,1
tn,1
modestly,1
light,1
sharply,1
colored,1
scabies,1
anaemia,1
harrisburg,1
speaking,1
paleopathological,1
fairly,1
kuznets,1
sketch,1
considers,1
declining,1
alleging,1
ricardo,1
organizations,1
etiology,1
houston,1
destitute,1
ridden,1
request,1
others,1
death,1
pointed,1
similarly,1
lowering,1
added,1
financial,1
pemberton,1
sharecropped,1
cedar,1
efforts,1
fact,1
bordering,1
longer,1
deficient,1
epidemiology,1
reb,1
lani,1
appeared,1
striking,1
philanthropy,1
predominated,1
daily,1
decreases,1
understandable,1
gray,1
discharges,1
rodney,1
substantially,1
jung,1
diameter,1
man,1
serious,1
puzzling,1
deflationary,1
mucosa,1
weighted,1
epidermis,1
coercion,1
surprises,1
jx,1
longstreet,1
contracted,1
horace,1
necessary,1
paired,1
dislocations,1
deep,1
lumen,1
apathy,1
hays,1
ordinary,1
conceivably,1
defecation,1
day,1
runaway,1
degree,1
calculation,1
summers,1
olmstead,1
simon,1
debilitation,1
credit,1
incident,1
richer,1
understanding,1
lasting,1
nutrition,1
casual,1
extended,1
worsening,1
neilson,1
evacuation,1
deposits,1
including,1
arose,1
previously,1
contract,1
stockings,1
entirely,1
hypotheses,1
operated,1
refers,1
allege,1
factor,1
numerous,1
whiskery,1
harvard,1
volunteered,1
actual,1
detenmined,1
tradeoff,1
engaged,1
laboratory,1
previous,1
larval,1
improvements,1
california,1
clifton,1
filth,1
excused,1
ved,1
volunteer,1
discovered,1
eddie,1
historic,1
gaunt,1
adding,1
obtaining,1
maintenance,1
hookworms,1
counter,1
times,1
covering,1
geographically,1
summer,1
him,1
played,1
stages,1
kept,1
depots,1
martin,1
margin,1
educational,1
valued,1
random,1
problems,1
examined,1
internal,1
systems,1
improving,1
anemia,1
abounds,1
cognitive,1
slightly,1
differ,1
southwest,1
grain,1
macmillan,1
dunham,1
lazy,1
institution,1
summarized,1
acre,1
arbor,1
nashville,1
thence,1
brown,1
species,1
diseased,1
fails,1
regained,1
european,1
carried,1
seasons,1
hospital,1
panel,1
tests,1
imply,1
aid,1
backward,1
note,1
five,1
circulatory,1
relieved,1
claimed,1
deaths,1
fewer,1
directions,1
obstacle,1
dirt,1
downward,1
countries,1
distort,1
why,1
americanus,1
expectations,1
fall,1
researcher,1
decreasing,1
types,1
months,1
instances,1
departnent,1
combines,1
meant,1
freeing,1
biology,1
helminth,1
prophylaxis,1
addressed,1
claims,1
pcimproved,1
environment,1
reddish,1
seriously,1
regiments,1
believed,1
neglectful,1
nervous,1
ao,1
predictions,1
agents,1
struck,1
scarcely,1
continues,1
embryos,1
recruits,1
quantitative,1
supported,1
here,1
bales,1
set,1
rathbun,1
outcome,1
civilians,1
enters,1
smillie,1
deficiencies,1
rainfall,1
sure,1
country,1
worth,1
december,1
illnesses,1
deprivation,1
half,1
regaining,1
alternatively,1
sc,1
brazil,1
asserting,1
benefit,1
precarious,1
historical,1
examining,1
chesapeake,1
debilitations,1
hostilities,1
confederates,1
quoted,1
passage,1
masters,1
absolutely,1
merely,1
places,1
following,1
beginning,1
southerner,1
boundaries,1
suffering,1
penn,1
economy,1
affirm,1
victims,1
investigation,1
spatial,1
them,1
offering,1
tenents,1
woefully,1
enlistment,1
maryland,1
orleans,1
supports,1
necator,1
calculations,1
enterprise,1
schad,1
penetration,1
heavier,1
egg,1
undertones,1
exhumed,1
fighters,1
cents,1
information,1
intake,1
apathetic,1
psychology,1
categories,1
freedom,1
boston,1
bowel,1
joseph,1
apt,1
attached,1
duty,1
unaffected,1
die,1
returning,1
ignorant,1
acute,1
disappears,1
matches,1
contribute,1
treasury,1
afflicting,1
languid,1
definitions,1
gloucester,1
susceptible,1
additional,1
question,1
refugees,1
spring,1
argues,1
reveals,1
lands,1
similarity,1
anew,1
decrease,1
institutional,1
temperature,1
improvedacres,1
instead,1
include,1
salt,1
correlated,1
promiscuous,1
usa,1
range,1
need,1
manufacture,1
nonsignificant,1
contamination,1
defined,1
oldest,1
measured,1
ranged,1
roles,1
traveling,1
offered,1
wrght,1
passages,1
rest,1
clarify,1
themselves,1
subcutaneously,1
transitory,1
pcimpro,1
texts,1
exclusively,1
valley,1
ownership,1
eloquently,1
develop,1
traditional,1
immediately,1
manifests,1
comparable,1
whenever,1
recent,1
showed,1
race,1
close,1
occur,1
