WORDCOUNTS,WEIGHT
the,731
of,443
and,329
in,291
to,164
a,145
for,102
de,82
that,76
on,71
trade,69
was,67
economic,67
by,66
free,66
as,62
interests,60
pp,58
corn,57
is,56
repeal,54
law,54
belgian,49
representatives,48
agricultural,44
this,42
were,38
van,37
political,36
are,35
be,34
no,33
their,33
p,33
more,33
we,33
it,32
ideas,32
from,32
vote,31
all,30
laws,30
an,30
at,29
but,29
party,29
with,29
percent,28
not,28
votes,27
had,27
which,27
analysis,27
protectionist,26
prices,26
case,26
tariffs,25
british,24
population,24
belgium,24
because,23
personal,23
brussels,23
dijck,22
constituencies,22
crisis,21
agriculture,20
liberalization,20
also,19
tariff,19
la,19
des,19
they,18
affiliation,18
variables,18
protection,17
s,17
than,17
subsistence,17
between,17
history,16
truyts,16
university,16
catholic,16
have,16
one,15
policy,15
other,15
belgique,15
wheat,15
when,15
constituency,15
en,15
years,15
december,15
february,15
voting,14
scale,14
change,14
bef,14
industrial,14
after,14
ideology,14
economists,14
economy,14
politics,13
parliament,13
or,13
these,13
only,13
many,13
sliding,13
can,13
variable,13
did,13
journal,12
house,12
et,12
press,12
two,12
new,12
see,12
article,12
table,12
effects,12
first,11
production,11
leuven,11
industry,11
percentage,11
beige,11
significant,11
high,11
peel,11
liberal,11
cities,11
level,11
our,11
land,11
d,11
if,10
measures,10
du,10
nr,10
even,10
l,10
most,10
its,10
le,10
rye,10
britain,10
edited,10
marginal,10
who,10
share,10
shift,10
mclean,9
likely,9
before,9
since,9
his,9
changes,9
based,9
data,9
bill,9
dummy,9
authors,9
would,9
much,9
livestock,9
large,8
parliamentary,8
has,8
interest,8
price,8
general,8
voters,8
districts,8
support,8
important,8
could,8
decker,8
explain,8
imports,8
research,8
apc,8
interpretation,8
choice,8
number,8
protectionism,8
background,8
food,8
protectionists,8
mckeown,8
living,8
into,7
landowners,7
i,7
vol,7
behavior,7
development,7
econometric,7
bustani,7
century,7
compromise,7
m,7
conservative,7
probit,7
however,7
centrale,7
voted,7
during,7
using,7
towards,7
foodstuffs,7
three,7
effect,7
industrialization,7
science,7
chambre,7
became,7
role,7
cambridge,7
average,7
difficult,6
expect,6
favor,6
position,6
nineteenth,6
sources,6
long,6
europe,6
government,6
ad,6
very,6
review,6
york,6
factors,6
les,6
public,6
found,6
economics,6
representative,6
abstentions,6
characteristics,6
results,6
therefore,6
he,6
still,6
about,6
pointed,6
valorem,6
time,6
minister,6
amendments,6
option,6
potato,6
cfm,6
figure,6
then,6
over,6
industriele,6
november,6
until,6
der,5
perfree,5
prime,5
lib,5
shortage,5
parties,5
great,5
constituents,5
robert,5
issue,5
histoire,5
march,5
account,5
liberals,5
wetenschap,5
structural,5
influence,5
how,5
catholics,5
alimentaires,5
importance,5
n,5
argued,5
opinion,5
strategy,5
flanders,5
cannot,5
part,5
year,5
people,5
legislation,5
temporary,5
delfosse,5
situation,5
us,5
same,5
members,5
financial,5
end,5
less,5
perboth,5
made,5
probability,5
period,5
so,5
institutions,5
parlementaires,5
log,5
different,5
best,5
historical,5
while,5
yearly,5
commercial,5
web,5
institutional,5
specific,5
potatoes,5
maarten,4
archives,4
now,4
o,4
introduction,4
group,4
moniteur,4
studies,4
biographical,4
oris,4
t,4
www,4
erreygers,4
taken,4
j,4
last,4
those,4
cereal,4
growing,4
right,4
changed,4
amendment,4
against,4
theoretical,4
liberte,4
higher,4
economique,4
mosselmans,4
irwin,4
mean,4
references,4
wanted,4
statistical,4
grampp,4
section,4
proposed,4
potatocris,4
geschiedenis,4
union,4
result,4
societe,4
example,4
unanimous,4
allow,4
swinnen,4
equal,4
witte,4
conservatives,4
used,4
denrees,4
irish,4
quetelet,4
literature,4
discussions,4
rise,4
perind,4
league,4
own,4
famine,4
tom,4
contrast,4
propratio,4
wheatryerel,4
society,4
will,4
aydelotte,4
vanhaute,4
july,4
indicates,4
put,4
thought,4
under,4
published,4
longer,4
needy,4
majority,4
idea,4
pressure,4
documents,4
john,4
where,4
remained,4
analyzed,4
classes,4
economie,4
explanation,4
factor,4
evolution,4
dpc,4
clear,4
like,4
computed,4
decision,4
she,4
been,4
detailed,4
began,4
malou,4
paepe,4
measured,4
considered,4
quantitative,4
ordered,4
version,4
set,4
commission,4
adolphe,4
representants,4
william,4
calculations,4
belgie,4
indrelloo,4
measure,4
qualitative,4
allows,4
jan,4
formation,4
parlement,4
debate,4
perception,4
fraction,3
groups,3
center,3
completely,3
orts,3
explanatory,3
harvests,3
iain,3
lower,3
way,3
electoral,3
rational,3
dekamer,3
england,3
differences,3
farmers,3
religion,3
ducpetiaux,3
state,3
some,3
consumers,3
professor,3
central,3
thus,3
explained,3
such,3
abstention,3
mixed,3
old,3
clark,3
may,3
opposed,3
interesting,3
recognized,3
whose,3
farms,3
nye,3
rather,3
district,3
represented,3
peeters,3
proved,3
producers,3
follow,3
export,3
preference,3
came,3
serstevens,3
census,3
captured,3
pasinomie,3
companies,3
farmloha,3
well,3
voter,3
kg,3
work,3
heyrman,3
goldstein,3
significantly,3
nation,3
ten,3
middle,3
johan,3
errors,3
groter,3
landownership,3
commerce,3
things,3
colman,3
royale,3
around,3
small,3
het,3
concerns,3
brought,3
up,3
value,3
moved,3
seemed,3
f,3
second,3
leased,3
limited,3
landed,3
once,3
etat,3
read,3
complete,3
dropped,3
available,3
backed,3
subsistances,3
consideration,3
dumortier,3
debates,3
relevant,3
bulletin,3
mps,3
laureyssens,3
increase,3
use,3
jacobsen,3
finally,3
low,3
remaining,3
played,3
standard,3
pro,3
supported,3
january,3
equivalent,3
relative,3
increasing,3
european,3
rogier,3
residual,3
laveleye,3
independence,3
seen,3
force,3
lowered,3
academie,3
face,3
any,3
circumstances,3
simply,3
known,3
principle,3
each,3
country,3
banerjee,3
senate,3
turned,3
explanations,3
what,3
proceedings,3
whether,3
terms,3
particular,3
theory,3
kuleuven,3
both,3
economist,3
peelites,3
blyth,3
introduced,3
step,3
world,3
au,3
cheryl,3
models,3
evidence,3
extremely,3
association,3
increased,3
comparison,3
kindleberger,3
charles,3
industrialists,3
keohane,3
censuses,3
should,3
does,2
zero,2
prefer,2
anthony,2
revue,2
edouard,2
historiques,2
worthy,2
e,2
alone,2
pushed,2
per,2
myth,2
ma,2
diversification,2
cachee,2
nl,2
presents,2
lusztig,2
total,2
pascale,2
contested,2
source,2
being,2
member,2
explaining,2
marco,2
every,2
worked,2
advanced,2
capital,2
seems,2
massimo,2
confirmed,2
scientists,2
advantage,2
arrivabene,2
reasons,2
thank,2
rich,2
veraghtert,2
resulting,2
take,2
kingdom,2
speeches,2
tyrrell,2
horlings,2
truth,2
within,2
stopped,2
pecuniary,2
system,2
smaele,2
u,2
solving,2
possible,2
gadisseur,2
international,2
move,2
measuring,2
emile,2
except,2
timothy,2
representing,2
correlation,2
investing,2
renewable,2
sign,2
kvvcr,2
severe,2
facts,2
due,2
g,2
turn,2
amount,2
gent,2
http,2
young,2
consulted,2
single,2
find,2
vincent,2
doorbraak,2
smits,2
leaning,2
next,2
sparking,2
jean,2
rights,2
tollison,2
online,2
dictionnaire,2
etudes,2
purely,2
abolished,2
debated,2
levels,2
politicians,2
geert,2
similar,2
michel,2
study,2
consequences,2
crise,2
howe,2
parentheses,2
wee,2
affect,2
administratif,2
diepenbeek,2
mouvement,2
organized,2
monde,2
perspective,2
downs,2
belgische,2
four,2
show,2
popcitrel,2
naamloze,2
instance,2
permanent,2
view,2
disappeared,2
greater,2
endogenous,2
pc,2
declined,2
economiste,2
typical,2
inappropriate,2
out,2
demands,2
contexte,2
positively,2
narrow,2
urbanization,2
density,2
though,2
war,2
opposition,2
method,2
motivated,2
belder,2
taxes,2
line,2
douglas,2
nine,2
calls,2
actors,2
gambles,2
jacquemyns,2
roll,2
q,2
citation,2
older,2
place,2
libre,2
statistics,2
employed,2
statistique,2
strongest,2
olson,2
good,2
commons,2
hard,2
below,2
stage,2
box,2
order,2
owned,2
sharp,2
involved,2
provincieraad,2
popdensity,2
amounted,2
partis,2
impossible,2
always,2
guido,2
progress,2
dependent,2
notes,2
interieur,2
ado,2
battle,2
led,2
deneckere,2
kadoc,2
alarmingly,2
potatoerel,2
action,2
failed,2
acknowledged,2
april,2
sire,2
bert,2
harry,2
make,2
bread,2
exceeded,2
yet,2
donnees,2
reference,2
east,2
index,2
puzzle,2
riots,2
included,2
politiques,2
antwerp,2
al,2
robust,2
showpage,2
department,2
hasselt,2
gentlemen,2
journalist,2
sector,2
chose,2
blomme,2
starting,2
vennootschappen,2
paul,2
mark,2
toward,2
liege,2
motifs,2
growth,2
demographic,2
missing,2
fact,2
shows,2
expose,2
leading,2
scholars,2
revenue,2
unionists,2
crop,2
eric,2
urbanized,2
descended,2
man,2
magee,2
removal,2
rhetoric,2
never,2
do,2
present,2
increases,2
clusters,2
model,2
valcke,2
hectares,2
craeybeckx,2
judith,2
gdp,2
perhaps,2
eds,2
routledge,2
nicole,2
divided,2
lost,2
prohibition,2
region,2
empirical,2
herten,2
een,2
full,2
ontwikkeling,2
previous,2
netherlands,2
rejected,2
exports,2
language,2
points,2
portfolio,2
peter,2
logic,2
individual,2
started,2
verviers,2
statistically,2
collected,2
counted,2
roegiers,2
preservation,2
black,2
k,2
become,2
specialize,2
correlated,2
respectively,2
anderson,2
camilla,2
structure,2
henry,2
regressions,2
concluded,2
separate,2
gustave,2
trustees,2
nijver,2
median,2
rapport,2
today,2
transformations,2
george,2
five,2
vandenpeereboom,2
attitude,2
insufficient,2
accepted,2
solutions,2
rapidly,2
linking,2
inspired,2
ministre,2
fall,2
researcher,2
united,2
economiepolitique,2
itself,2
kitson,2
eeuw,2
meynen,2
prohibited,2
complexity,2
changing,2
needs,2
delegates,2
precise,2
discrete,2
membership,2
text,2
anurag,2
social,2
scientist,2
pickering,2
board,2
believe,2
prominence,2
universal,2
domestic,2
speech,2
feed,2
harvest,2
veranderingen,2
particularly,2
postdoctoral,2
papiers,2
far,2
associations,2
specification,2
stengers,2
works,2
options,2
better,2
hesselle,2
defend,2
suffering,2
according,2
defending,2
combined,2
them,2
rose,2
list,2
hymans,2
making,2
hoped,2
gouvernement,2
studying,2
produce,2
oo,2
almost,2
urban,2
engineer,2
radically,2
eligibility,2
conclude,2
through,2
econ,2
agents,2
struck,2
officially,2
think,2
come,2
guidi,2
schepens,2
tot,2
needyrel,2
sur,2
fonteinen,2
pseudo,2
france,2
area,2
respective,2
potential,2
removed,2
sectors,2
reached,2
import,2
comparable,2
famous,2
molinari,2
showed,2
lehoucq,2
augello,2
els,2
dip,1
generaux,1
final,1
countryside,1
periods,1
endemic,1
democracy,1
superiority,1
abolition,1
halleux,1
stimuli,1
mostly,1
forties,1
deny,1
pleaded,1
estimated,1
stapleaux,1
decreasing,1
indicated,1
generated,1
hesitation,1
journalism,1
correlations,1
guaranteeing,1
created,1
universite,1
represent,1
dangers,1
market,1
affected,1
extreme,1
extend,1
heights,1
intriguing,1
depict,1
adoption,1
forth,1
everybody,1
church,1
told,1
methodology,1
american,1
complex,1
replaced,1
partially,1
mounted,1
sociaalprotest,1
hentenryk,1
moreau,1
karel,1
peuvent,1
tend,1
cours,1
pieter,1
formed,1
live,1
schools,1
true,1
english,1
continent,1
irrespective,1
coalition,1
holdings,1
ministere,1
mit,1
modern,1
hotly,1
reasonably,1
lesoinne,1
motive,1
trace,1
western,1
fixed,1
necessarily,1
cityvoterelt,1
predicting,1
charitable,1
occurred,1
equations,1
cornell,1
jos,1
interpretative,1
corbisier,1
descriptions,1
annals,1
character,1
leads,1
dictionaries,1
test,1
mitigated,1
produit,1
consistent,1
cast,1
grada,1
else,1
certainly,1
preceding,1
ashgate,1
circulaire,1
sad,1
exclusive,1
concerned,1
ii,1
wane,1
military,1
concentrated,1
senat,1
address,1
investments,1
rapid,1
ithaca,1
liberty,1
definition,1
vanpaemel,1
hoffman,1
comparatively,1
immense,1
officiel,1
vandijck,1
height,1
twenty,1
split,1
secondary,1
professions,1
echangiste,1
estimation,1
unionist,1
confusion,1
timing,1
acreage,1
producing,1
mancur,1
verbal,1
able,1
transferred,1
cobden,1
composition,1
room,1
algemene,1
eligibles,1
subsequent,1
nauwelaerts,1
reinterpret,1
mind,1
stupid,1
stand,1
fait,1
influences,1
twintig,1
mr,1
regression,1
reserved,1
parlementaire,1
decreased,1
theories,1
histoireparlementaire,1
signs,1
wolfram,1
boeck,1
threshold,1
deduced,1
lecturer,1
context,1
papers,1
seminar,1
ernest,1
sound,1
employs,1
side,1
docte,1
takes,1
governmental,1
leproduitphysique,1
sophisticated,1
lobbyists,1
mueller,1
promulgated,1
mechanized,1
oranjeberg,1
lnterieur,1
king,1
tightened,1
vleminckx,1
task,1
captures,1
volk,1
encouraging,1
sought,1
dreamers,1
luc,1
cu,1
opened,1
dexia,1
determined,1
marked,1
cooperation,1
activity,1
accroissement,1
tielt,1
characterize,1
disentangle,1
dared,1
quantifications,1
renowned,1
october,1
intensively,1
obvious,1
west,1
doctrinal,1
combination,1
variations,1
point,1
eliminating,1
fur,1
household,1
apply,1
annates,1
damiaan,1
orthogonal,1
minimum,1
undergone,1
collection,1
descend,1
framework,1
learned,1
regarding,1
conflict,1
retaining,1
includes,1
indefinite,1
palais,1
cemeteries,1
historically,1
christiane,1
dotted,1
component,1
difficulties,1
immediate,1
calculated,1
visited,1
dhaene,1
september,1
kleuren,1
sociale,1
doctor,1
osy,1
vlamingenstraat,1
raises,1
catholique,1
coalitions,1
grouped,1
conducted,1
jahrbuch,1
relatively,1
cricra,1
legislators,1
overly,1
expected,1
pdf,1
lessening,1
landbouwbeleid,1
popularization,1
defense,1
par,1
nor,1
makeup,1
transformation,1
christopher,1
underlying,1
displays,1
document,1
back,1
causing,1
architect,1
differently,1
highest,1
restrict,1
six,1
flemish,1
dates,1
left,1
effective,1
publications,1
alliances,1
compare,1
helpful,1
leurs,1
ny,1
tenants,1
dear,1
patrons,1
stichting,1
leadership,1
chimera,1
pronounced,1
coal,1
acknowledge,1
collects,1
leopold,1
haarlem,1
henk,1
turnhout,1
react,1
mechanism,1
rent,1
affiliations,1
surprisingly,1
poor,1
leaseholders,1
evaluates,1
air,1
without,1
kultuur,1
woolens,1
infiltrated,1
main,1
indre,1
adds,1
interuniversity,1
weighted,1
unit,1
doctrine,1
capture,1
presentation,1
process,1
unanimously,1
dealt,1
edwin,1
auguste,1
industrialize,1
insufficiency,1
luxembourg,1
grew,1
certain,1
economische,1
entre,1
leave,1
derived,1
principe,1
direct,1
possess,1
scales,1
lawyer,1
impressed,1
awareness,1
moreover,1
absorbed,1
barthelemy,1
moves,1
guides,1
reason,1
understand,1
sown,1
category,1
provinces,1
bad,1
theorists,1
plus,1
wages,1
tensions,1
flexibility,1
entry,1
established,1
specialization,1
grains,1
bit,1
disappointment,1
clearly,1
edition,1
numbers,1
impact,1
shaking,1
too,1
profile,1
menu,1
age,1
experienced,1
commented,1
max,1
pinnacle,1
additional,1
powerful,1
connecting,1
officer,1
https,1
rental,1
heresthetic,1
generally,1
conditional,1
victorian,1
crimean,1
yes,1
rousselle,1
owning,1
hit,1
provisional,1
faced,1
decades,1
footnote,1
eludes,1
stands,1
ha,1
qui,1
modernisation,1
expressed,1
legislative,1
confronted,1
acceptable,1
lead,1
harder,1
holds,1
commerciale,1
search,1
called,1
boydell,1
julienne,1
salaires,1
lived,1
shared,1
radical,1
entreprises,1
percentages,1
equivalents,1
markets,1
evaluate,1
vub,1
wim,1
unobserved,1
academic,1
further,1
handbook,1
equally,1
furthermore,1
supporters,1
aux,1
poverty,1
buried,1
flwb,1
appears,1
reseaux,1
produced,1
persons,1
hyacinthe,1
failure,1
otherwise,1
woodbridge,1
procedures,1
malthusian,1
ouvrieres,1
guarantee,1
required,1
revived,1
triumph,1
cows,1
suspended,1
criteria,1
receive,1
payable,1
pigs,1
animated,1
directly,1
keeping,1
having,1
franchise,1
r,1
accounting,1
hegemon,1
maeyer,1
reglements,1
francs,1
already,1
start,1
hentenrijk,1
cormac,1
prominent,1
county,1
stake,1
characterization,1
explains,1
competing,1
civil,1
apparent,1
universelle,1
leen,1
invoques,1
fwo,1
fit,1
intermediate,1
cricragen,1
critique,1
broad,1
collective,1
relevance,1
densely,1
actually,1
thereafter,1
call,1
forces,1
complemented,1
nederlanden,1
project,1
interpreted,1
status,1
oppose,1
either,1
regions,1
flentenrijk,1
contests,1
representatif,1
hardship,1
adel,1
least,1
sense,1
indicator,1
successful,1
caused,1
presented,1
working,1
nordll,1
dictionary,1
adequacy,1
lois,1
discourse,1
outbreak,1
several,1
leaves,1
separately,1
driving,1
june,1
tony,1
highly,1
floating,1
grow,1
governments,1
invoke,1
subsided,1
dramatic,1
notorious,1
manchester,1
reported,1
protect,1
diversified,1
telling,1
yielded,1
philip,1
core,1
bruylant,1
fortress,1
pays,1
brepols,1
politiek,1
grateful,1
provided,1
academies,1
jules,1
wetgever,1
settle,1
actions,1
landlords,1
geographical,1
incentive,1
wirtschaftsgeschichte,1
positie,1
erik,1
survived,1
flourished,1
liberation,1
revolved,1
ew,1
eeuwen,1
critics,1
duty,1
nonetheless,1
cottage,1
stigler,1
functioning,1
contended,1
guarded,1
letters,1
klassieke,1
short,1
wrote,1
indeed,1
comparative,1
play,1
return,1
forward,1
islands,1
penchant,1
giovanni,1
prevailing,1
prove,1
leon,1
mainstream,1
comments,1
yiddish,1
seemingly,1
direction,1
com,1
chap,1
nu,1
label,1
mascart,1
scarcity,1
spoken,1
unionisme,1
depicted,1
competition,1
pivotal,1
absentees,1
anspach,1
goaded,1
surpassed,1
makes,1
pirson,1
alongside,1
cutoff,1
metallurgical,1
populated,1
cholera,1
hayez,1
nom,1
raise,1
rightly,1
dummies,1
culture,1
diekirch,1
choices,1
ranks,1
rising,1
ed,1
colored,1
samenleving,1
gary,1
essai,1
goodness,1
boost,1
noted,1
voie,1
functioned,1
operators,1
considers,1
harper,1
regardless,1
volume,1
politieke,1
leader,1
critiques,1
french,1
onwards,1
business,1
again,1
renewed,1
addition,1
projects,1
averages,1
lengthy,1
econover,1
aldershot,1
instability,1
clarendon,1
beliefs,1
alimentaire,1
origine,1
reacted,1
forge,1
omitted,1
accession,1
variation,1
pattern,1
decrets,1
discussed,1
etre,1
conclusions,1
behind,1
took,1
hand,1
likelihood,1
actor,1
banned,1
execution,1
establish,1
michael,1
explicit,1
kaiser,1
duties,1
necessary,1
material,1
poles,1
louvain,1
chronologically,1
remarked,1
mort,1
imputed,1
website,1
day,1
omstreeks,1
ibid,1
another,1
multicollinearity,1
original,1
physique,1
meetings,1
matrix,1
difference,1
private,1
deltombe,1
technologies,1
strived,1
memoranda,1
statistician,1
flandres,1
farming,1
eighteenth,1
values,1
active,1
servant,1
robustness,1
including,1
enormous,1
previously,1
depended,1
elite,1
ginette,1
louis,1
concern,1
performs,1
honorable,1
mim,1
largely,1
contemporary,1
causes,1
affects,1
lannoo,1
products,1
harvard,1
extraordinarily,1
questions,1
portfolios,1
eligible,1
nothing,1
exerted,1
traders,1
charleroi,1
complicated,1
terreinverkenning,1
students,1
tijdschrift,1
attraction,1
defect,1
orban,1
open,1
significance,1
crises,1
reality,1
impr,1
b,1
worrying,1
express,1
dominated,1
ireland,1
logarithmic,1
beaulieu,1
professionalization,1
times,1
allowed,1
external,1
geographically,1
spread,1
fibula,1
maastricht,1
distinction,1
reinstate,1
construct,1
herman,1
proclaim,1
agriculturalists,1
faith,1
favored,1
especially,1
comparing,1
written,1
mining,1
often,1
guillaume,1
relation,1
exactly,1
mainly,1
hardy,1
roermond,1
analyze,1
eliane,1
looked,1
attracted,1
assesses,1
grain,1
maximal,1
institution,1
professional,1
mens,1
quarter,1
outright,1
dishoeck,1
attention,1
justice,1
cereals,1
genesis,1
farm,1
enough,1
gebouw,1
gubin,1
arretes,1
me,1
declaration,1
agoralaan,1
alex,1
note,1
bureau,1
replied,1
perspectives,1
independent,1
seventeen,1
inhabitants,1
foreign,1
hommes,1
claimed,1
program,1
vague,1
gita,1
vertical,1
lines,1
happening,1
lardinois,1
fewer,1
defined,1
binary,1
predict,1
slow,1
delexhy,1
success,1
paping,1
importantly,1
reverted,1
naamsestraat,1
cognitive,1
countries,1
why,1
taxation,1
methods,1
dans,1
supporting,1
constants,1
suisse,1
centuries,1
months,1
sympathy,1
get,1
examine,1
rurale,1
gathered,1
unacceptable,1
attachment,1
rises,1
res,1
provincie,1
stephen,1
quantitatively,1
enigma,1
institutionele,1
hollande,1
wars,1
magnitude,1
publico,1
exercised,1
following,1
flwbgen,1
series,1
conclusion,1
incorporated,1
monasteries,1
lamertin,1
extensive,1
geographic,1
dirk,1
ever,1
economically,1
qu,1
pace,1
buyst,1
quotes,1
besides,1
doi,1
sciences,1
here,1
equation,1
continental,1
mutually,1
dairy,1
interets,1
introducing,1
finance,1
proponents,1
ratio,1
roman,1
rodenbach,1
liegeois,1
partisans,1
referees,1
restrictive,1
appendix,1
argue,1
half,1
mons,1
current,1
foundation,1
ideological,1
observe,1
continuum,1
obviously,1
avec,1
perfectly,1
disregarded,1
examining,1
past,1
c,1
pour,1
rural,1
redefined,1
qualitatively,1
biographiques,1
believed,1
succeeded,1
automatically,1
annales,1
depicts,1
ones,1
voor,1
accounts,1
want,1
statistiques,1
perland,1
imposed,1
maintain,1
vlaanderen,1
leaving,1
distribution,1
ordonnances,1
supplemented,1
her,1
correlates,1
rapports,1
stammer,1
pitted,1
suffolk,1
property,1
information,1
anna,1
episode,1
suggests,1
incomes,1
tempting,1
ses,1
molle,1
cluster,1
remunerative,1
intention,1
owner,1
notary,1
son,1
logical,1
decisive,1
sea,1
city,1
subsidies,1
content,1
publishers,1
inaugurated,1
decq,1
subject,1
absolute,1
alain,1
obtain,1
manufacturing,1
discussion,1
maintained,1
conflits,1
vocal,1
definitions,1
firms,1
gain,1
banque,1
sparked,1
previnaire,1
determinants,1
generale,1
campus,1
question,1
survival,1
touch,1
argues,1
reaction,1
frere,1
twentieth,1
national,1
guest,1
aristocratic,1
accept,1
completed,1
ended,1
prolonged,1
richard,1
include,1
fiscal,1
need,1
guiding,1
product,1
smaller,1
you,1
prosperity,1
blok,1
playing,1
persyn,1
seeks,1
primary,1
standaard,1
remains,1
untouched,1
campaign,1
roughly,1
summary,1
repealed,1
anonymous,1
landschap,1
geuren,1
bart,1
compounded,1
recherche,1
elites,1
era,1
th,1
uncertainty,1
severely,1
little,1
farmland,1
traditional,1
immediately,1
among,1
corns,1
recent,1
paying,1
resembled,1
broader,1
proponent,1
ca,1
chambers,1
cited,1
major,1
occur,1
row,1
continuously,1
thorough,1
