WORDCOUNTS,WEIGHT
the,419
of,264
and,229
in,178
to,161
a,116
is,92
that,72
technological,72
as,70
resistance,52
for,49
technology,46
it,45
by,42
was,40
change,40
new,40
not,36
have,35
an,34
are,31
s,30
economic,30
pp,30
be,28
progress,27
which,27
from,27
this,26
were,26
with,25
such,24
history,23
one,21
its,21
innovation,20
mokyr,19
on,19
at,18
see,18
has,17
their,17
all,16
century,16
more,16
would,16
britain,16
there,15
system,15
or,15
been,15
some,14
social,14
political,13
out,13
can,13
american,12
nature,12
york,12
most,12
had,12
however,12
industrial,12
i,11
p,11
because,11
made,11
evolution,11
economy,11
they,10
british,10
labor,10
world,10
yet,10
but,10
also,10
creativity,10
we,10
inertia,10
theory,10
much,10
if,9
machine,9
than,9
powerful,9
revolution,9
power,9
many,9
so,9
systems,9
who,9
different,9
what,9
inventions,9
question,9
france,9
modern,8
production,8
no,8
same,8
these,8
randall,8
trade,8
success,8
any,8
through,8
cambridge,8
although,8
medieval,7
before,7
first,7
other,7
case,7
economics,7
west,7
against,7
luddites,7
even,7
his,7
how,7
changes,7
western,7
example,7
status,7
order,7
industry,7
about,7
french,7
workers,7
over,7
joel,7
into,6
government,6
machinery,6
resources,6
economies,6
thus,6
r,6
l,6
growth,6
work,6
during,6
when,6
will,6
movement,6
ed,6
only,6
time,6
do,6
perhaps,6
free,6
after,6
quo,6
historians,6
attitudes,6
resist,6
rosenberg,6
between,6
ideas,5
interests,5
j,5
leadership,5
jones,5
mechanisms,5
rights,5
hughes,5
white,5
important,5
conservative,5
part,5
people,5
successful,5
involved,5
always,5
threatened,5
selection,5
culture,5
cardwell,5
others,5
printing,5
john,5
eighteenth,5
evolutionary,5
become,5
science,5
usually,5
often,5
control,5
innovations,5
did,5
schumpeter,5
historical,5
form,5
property,5
techniques,5
among,5
groups,4
created,4
market,4
e,4
introduction,4
aversion,4
long,4
england,4
those,4
china,4
intellectuals,4
far,4
luddite,4
human,4
central,4
technologically,4
losers,4
interest,4
cases,4
innovators,4
journal,4
industries,4
may,4
interesting,4
without,4
risk,4
grew,4
means,4
benefits,4
too,4
view,4
guilds,4
cultural,4
find,4
information,4
technical,4
policies,4
governments,4
duds,4
brown,4
f,4
likely,4
rules,4
thought,4
costs,4
two,4
birdzell,4
increasingly,4
law,4
idea,4
eric,4
forms,4
existing,4
wiener,4
technologies,4
writings,4
points,4
high,4
especially,4
effect,4
capitalism,4
life,4
ever,4
intellectual,4
them,4
role,4
tried,4
writing,4
our,4
motives,4
correlated,4
effects,4
increased,4
problem,3
does,3
stuart,3
environmental,3
essays,3
word,3
jonathan,3
dobzhansky,3
macleod,3
source,3
turning,3
experience,3
either,3
sources,3
every,3
lathe,3
chaos,3
europe,3
rich,3
religion,3
takes,3
existence,3
forthcoming,3
vol,3
controlled,3
iron,3
inevitable,3
regarded,3
consumer,3
elements,3
old,3
destroyed,3
times,3
effective,3
equipment,3
generation,3
though,3
industrialism,3
whose,3
process,3
humanity,3
parts,3
special,3
unemployment,3
rifkin,3
age,3
exploitation,3
david,3
my,3
could,3
found,3
unions,3
counties,3
well,3
allocation,3
distinguish,3
protected,3
london,3
used,3
place,3
collective,3
forces,3
personal,3
own,3
manipulation,3
t,3
olson,3
closing,3
decline,3
value,3
am,3
nations,3
he,3
action,3
lynn,3
resisted,3
classic,3
coleman,3
riches,3
riots,3
commoner,3
railroad,3
toward,3
purely,3
nathan,3
forging,3
end,3
mishan,3
never,3
outside,3
took,3
jobs,3
answer,3
necessary,3
material,3
eds,3
degree,3
previously,3
elite,3
like,3
period,3
standard,3
thomas,3
story,3
prigogine,3
sometimes,3
force,3
lever,3
itself,3
environment,3
then,3
mccloy,3
must,3
charles,3
natural,3
domestic,3
very,3
past,3
better,3
growing,3
landes,3
conservatism,3
ma,3
statement,3
popular,3
economist,3
press,3
until,3
difference,3
finally,3
d,3
mutations,3
need,3
regime,3
alder,3
remains,3
point,3
early,3
element,3
little,3
victorian,3
strong,3
recent,3
democracy,2
modelling,2
struggle,2
discourage,2
way,2
car,2
geopolitics,2
berkeley,2
determine,2
red,2
adoption,2
eliminated,2
gille,2
germany,2
church,2
group,2
becoming,2
large,2
complex,2
second,2
true,2
english,2
ways,2
gillispie,2
notwithstanding,2
considerations,2
protection,2
necessarily,2
nineteenth,2
disturbances,2
negative,2
diffusion,2
lower,2
anything,2
invention,2
exclusive,2
ii,2
processes,2
concentrated,2
seems,2
technophobes,2
parties,2
tradition,2
skills,2
advantage,2
thank,2
mancur,2
m,2
biologists,2
improved,2
reserved,2
side,2
inseparable,2
adrian,2
autonomous,2
key,2
task,2
histoire,2
mass,2
chapter,2
politics,2
ilya,2
reaction,2
vital,2
technophobic,2
supply,2
worker,2
silverberg,2
behavior,2
centralized,2
review,2
dynamics,2
development,2
quality,2
mckibben,2
run,2
scarce,2
jeremy,2
pay,2
expected,2
kind,2
interchangeable,2
machines,2
served,2
employers,2
traditions,2
influence,2
master,2
manuel,2
higher,2
federal,2
generations,2
explicit,2
notion,2
earlier,2
legal,2
ex,2
similar,2
talk,2
certain,2
danger,2
dismiss,2
factors,2
moreover,2
martin,2
understand,2
university,2
possibly,2
organization,2
improvement,2
organized,2
elsewhere,2
days,2
argued,2
resource,2
origins,2
cost,2
unbound,2
instance,2
export,2
filature,2
appear,2
bureaucracy,2
standards,2
opposition,2
dosi,2
societies,2
rule,2
called,2
strength,2
access,2
changed,2
reactionary,2
coalitions,2
late,2
furthermore,2
third,2
recently,2
inventor,2
taught,2
honore,2
basis,2
algeny,2
purpose,2
ewo,2
related,2
whole,2
printers,2
et,2
legislation,2
polity,2
staudenmaier,2
approach,2
good,2
punctuated,2
tentacles,2
berg,2
soil,2
sufficient,2
transfer,2
protect,2
impossible,2
managed,2
finishing,2
roots,2
perils,2
hayek,2
incentive,2
led,2
reduced,2
noble,2
carried,2
indeed,2
giovanni,2
headrick,2
reduce,2
allen,2
still,2
make,2
expanded,2
engineering,2
arson,2
vs,2
marginal,2
declaration,2
liberty,2
wright,2
al,2
noted,2
rise,2
thomis,2
strike,2
klemm,2
gig,2
smith,2
prometheus,2
occupations,2
choice,2
larger,2
heretic,2
simple,2
honor,2
hand,2
likelihood,2
accepted,2
orthodoxy,2
less,2
compagnonnages,2
sell,2
wood,2
mill,2
turf,2
another,2
local,2
greatest,2
sewing,2
examples,2
explanation,2
values,2
region,2
looking,2
concern,2
use,2
hypotheses,2
theodosius,2
tenacious,2
factor,2
assignment,2
language,2
modernization,2
safety,2
peter,2
vested,2
keep,2
function,2
winner,2
anyone,2
last,2
class,2
shannon,2
queen,2
somehow,2
trying,2
overcome,2
antichaos,2
artisans,2
workshop,2
attention,2
species,2
genesis,2
circle,2
education,2
movements,2
chance,2
guillerme,2
foreign,2
fear,2
unwarranted,2
attitude,2
institutions,2
lobbying,2
slow,2
began,2
degregory,2
economists,2
try,2
why,2
efficiency,2
analysis,2
quite,2
enforced,2
arts,2
biology,2
matters,2
suggestions,2
seriously,2
authorities,2
rarely,2
believed,2
known,2
masses,2
command,2
alternative,2
ecologic,2
principle,2
paper,2
seem,2
kuran,2
leaders,2
down,2
acts,2
guild,2
report,2
post,2
perfectly,2
number,2
associations,2
stengers,2
living,2
turned,2
greenwich,2
whether,2
equilibria,2
ones,2
cause,2
manufactures,2
adaptation,2
extent,2
create,2
calhoun,2
produce,2
almost,2
des,2
level,2
given,2
despite,2
became,2
easy,2
blanc,2
manufacturing,2
stevenson,2
phenomenon,2
using,2
conventions,2
enthusiasm,2
extralegal,2
argument,2
urbanization,2
years,2
libecap,2
scribes,2
twentieth,2
write,2
crisis,2
course,2
consumers,2
typically,2
glass,2
socialism,2
barry,2
potential,2
pioneering,2
kauffman,2
chicago,2
manifests,2
north,2
should,2
asked,2
costly,2
irrelevancy,1
final,1
difficult,1
shipbuilding,1
now,1
tuckers,1
decentralized,1
fernand,1
helped,1
allegedly,1
clerks,1
flow,1
ruling,1
edge,1
common,1
sterile,1
destroying,1
curtailed,1
fertile,1
later,1
indicated,1
differentials,1
powerloom,1
greenpeace,1
attains,1
propels,1
encouraged,1
suffocated,1
cradle,1
deserve,1
iowa,1
extreme,1
reconsidered,1
kiesling,1
resisting,1
alone,1
utility,1
pushed,1
venturesome,1
incomprehensible,1
conversion,1
shocks,1
gerald,1
needed,1
partially,1
illegal,1
fate,1
stone,1
cars,1
formed,1
live,1
motivation,1
decelerating,1
each,1
approaches,1
coalition,1
shoe,1
studies,1
douglass,1
bf,1
diffuse,1
unnatural,1
follower,1
policy,1
position,1
committee,1
distaste,1
unlike,1
laid,1
technics,1
goldstone,1
ambitious,1
impediments,1
impeded,1
bethlehem,1
princeton,1
diversity,1
strikes,1
pentagon,1
materials,1
credence,1
test,1
being,1
combustion,1
implemented,1
pareto,1
wrong,1
lexington,1
winning,1
preceding,1
harebrained,1
mumford,1
attempts,1
exploration,1
rested,1
usher,1
might,1
rapid,1
attempt,1
refusal,1
emerged,1
discerned,1
experiments,1
malleable,1
capitalist,1
leading,1
suggesting,1
accompanied,1
great,1
reasons,1
timing,1
origin,1
ephemeral,1
incident,1
atlantic,1
misfires,1
room,1
antitrust,1
expense,1
befell,1
take,1
real,1
timur,1
cleans,1
harmondsworth,1
written,1
trouble,1
stand,1
precisely,1
cling,1
primitive,1
leadbased,1
dynamo,1
decreased,1
wage,1
reading,1
favoring,1
additives,1
regoldstone,1
hostility,1
hostile,1
within,1
personnel,1
daniel,1
livelihood,1
context,1
circumvent,1
depends,1
tim,1
shelby,1
slowing,1
nip,1
promulgated,1
mechanized,1
blacksmiths,1
pulled,1
advice,1
pub,1
firm,1
whitworth,1
pacifism,1
cain,1
design,1
custom,1
distortion,1
lignite,1
czar,1
possible,1
determined,1
cooperation,1
sixteenth,1
illustrate,1
burning,1
ruskin,1
mutual,1
etienne,1
insight,1
richard,1
obvious,1
carpenters,1
diss,1
carlyle,1
laws,1
cited,1
dynamic,1
persecuted,1
correlation,1
irrational,1
measurement,1
expecting,1
leblanc,1
hudson,1
bill,1
usage,1
succeed,1
repeatedly,1
comprehensive,1
denying,1
differential,1
relationships,1
germinate,1
professor,1
since,1
sinful,1
spinning,1
domain,1
relatively,1
adopted,1
lasts,1
occurs,1
application,1
disrepute,1
vanished,1
learning,1
forced,1
migrate,1
progressive,1
thing,1
surmounting,1
adam,1
adjustment,1
nor,1
orig,1
tends,1
immigrants,1
wiping,1
pathbreaking,1
legally,1
perspective,1
technophobia,1
ozone,1
marriage,1
difficulty,1
young,1
applying,1
continuous,1
price,1
networks,1
externalities,1
student,1
beat,1
stimulating,1
corrected,1
practically,1
details,1
fool,1
william,1
general,1
marx,1
coal,1
fierce,1
undone,1
according,1
businessmen,1
ferranti,1
mechanism,1
insofar,1
failed,1
loyal,1
civilization,1
assessed,1
opposed,1
alleged,1
wishes,1
deviations,1
essential,1
predicted,1
privilege,1
exact,1
rather,1
bring,1
mattered,1
soviet,1
across,1
essence,1
stop,1
iterations,1
aggressive,1
organizing,1
influential,1
transmitted,1
mean,1
christine,1
deliberately,1
handloom,1
threshers,1
proportion,1
initiate,1
bacon,1
leave,1
direct,1
generating,1
study,1
lay,1
consequences,1
ames,1
barthelemy,1
modified,1
references,1
romantic,1
bad,1
freeze,1
wages,1
counterparts,1
stifling,1
cad,1
specialization,1
languages,1
peasants,1
vcr,1
peasant,1
slowly,1
emergence,1
workplace,1
presumably,1
clearly,1
proved,1
producers,1
just,1
spirit,1
n,1
imitation,1
traces,1
invariably,1
instrument,1
weak,1
ignorance,1
frequently,1
w,1
four,1
show,1
shorter,1
follow,1
passed,1
cotton,1
avert,1
turners,1
requires,1
siding,1
destructive,1
odd,1
hardware,1
disproportionately,1
metal,1
strategy,1
andre,1
decades,1
cut,1
thinks,1
union,1
greater,1
hours,1
uv,1
raw,1
expressed,1
tariffs,1
result,1
advance,1
came,1
assets,1
lead,1
encourage,1
path,1
nancy,1
competitive,1
declined,1
demise,1
begun,1
search,1
effort,1
crowd,1
furious,1
international,1
criticisms,1
events,1
centrally,1
jeopardized,1
horsebreeders,1
constantly,1
philosophical,1
term,1
arranged,1
infected,1
topics,1
equally,1
undeniable,1
pointing,1
transactions,1
rent,1
healthy,1
war,1
something,1
enthusiast,1
skilled,1
tools,1
appears,1
viewed,1
persons,1
throttling,1
intensity,1
cannot,1
promise,1
analogous,1
distorts,1
excellent,1
ravages,1
democratization,1
redistributes,1
procedures,1
required,1
facilities,1
flatware,1
public,1
victorians,1
james,1
governing,1
engine,1
criteria,1
expensive,1
failure,1
shape,1
hierarchies,1
lost,1
directly,1
boot,1
rioting,1
again,1
line,1
correctly,1
literature,1
paints,1
gains,1
noisome,1
bounded,1
received,1
organize,1
tool,1
start,1
stiff,1
carries,1
optimizing,1
sept,1
brought,1
stake,1
pessimist,1
training,1
apparent,1
calls,1
electrical,1
unbridled,1
feared,1
criticized,1
friedrich,1
loss,1
genuine,1
tale,1
consistently,1
morris,1
ricardo,1
mentioning,1
coulson,1
runs,1
call,1
mathematical,1
bud,1
away,1
idyllic,1
monopoly,1
conform,1
trends,1
bored,1
graduate,1
pollution,1
regions,1
pick,1
creating,1
computer,1
hectic,1
commerce,1
sense,1
viable,1
caused,1
presented,1
hard,1
working,1
field,1
manners,1
pharmaceutics,1
compensating,1
schumacher,1
sharp,1
diagnostic,1
ward,1
small,1
pike,1
ignore,1
few,1
june,1
maneuvering,1
highly,1
choose,1
routine,1
grow,1
temporary,1
breaking,1
gasoline,1
newcomers,1
research,1
schedules,1
usual,1
weapons,1
junctures,1
seeds,1
tiberius,1
parliament,1
patience,1
drudgery,1
up,1
quixotic,1
evanston,1
st,1
method,1
dim,1
pa,1
paid,1
altogether,1
breed,1
neoclassical,1
provided,1
displaced,1
actions,1
activities,1
rigidity,1
society,1
lend,1
inspection,1
haas,1
asset,1
stagnant,1
demand,1
stronger,1
offsetting,1
minor,1
give,1
matter,1
absence,1
elimination,1
practices,1
protecting,1
gears,1
uncoordinated,1
prohibitively,1
scientific,1
identified,1
correlating,1
licensing,1
subject,1
mansion,1
ancien,1
limited,1
intended,1
outlet,1
exception,1
supplementing,1
july,1
above,1
technically,1
mainstream,1
domination,1
bewildering,1
greed,1
thimonnier,1
cfc,1
approve,1
pastures,1
sincere,1
communities,1
q,1
violence,1
fit,1
happened,1
evil,1
east,1
evolved,1
under,1
mobile,1
combat,1
siemens,1
beneficiaries,1
disastrous,1
us,1
favorable,1
thesis,1
perceived,1
ancient,1
custodian,1
puzzle,1
debacles,1
sociological,1
editorial,1
planned,1
complete,1
portentous,1
olsen,1
choices,1
woolen,1
planet,1
persuasion,1
reduces,1
gary,1
mention,1
weavers,1
present,1
investors,1
catalog,1
routes,1
louder,1
party,1
organizations,1
starting,1
lewis,1
successfully,1
unlimited,1
hollander,1
impediment,1
skill,1
technique,1
oscillated,1
sensu,1
fell,1
molina,1
mark,1
selfish,1
pointed,1
bald,1
ecological,1
meatpacking,1
tremendous,1
added,1
projects,1
hartwell,1
scholars,1
efforts,1
dehumanizing,1
conformity,1
fact,1
shows,1
automobile,1
admit,1
fundamental,1
conduct,1
lobby,1
areas,1
woollen,1
creative,1
pulp,1
developed,1
admissible,1
regulation,1
gainers,1
demonstrations,1
inevitably,1
layer,1
children,1
catallaxy,1
demonstrating,1
resolved,1
dull,1
pattern,1
man,1
feedback,1
automobiles,1
utilize,1
deviancy,1
electricity,1
spain,1
available,1
operating,1
model,1
manner,1
isabelle,1
empire,1
sanctimoniously,1
seventeenth,1
unclear,1
renaissance,1
council,1
blaming,1
swing,1
sung,1
guarantees,1
reflected,1
brainchild,1
realize,1
romantics,1
fight,1
argues,1
mills,1
feverish,1
credit,1
analyzed,1
classes,1
understanding,1
spending,1
vast,1
protectionism,1
survive,1
excluding,1
mutants,1
treated,1
strictu,1
easier,1
craig,1
virgin,1
range,1
winners,1
braudel,1
restrained,1
appliance,1
conceivable,1
parameter,1
depended,1
sufficiently,1
langdon,1
supervisory,1
olsonian,1
ruthless,1
louis,1
attributed,1
entirely,1
food,1
sold,1
unfortunately,1
largely,1
bicycle,1
assumption,1
virtually,1
strangled,1
shoemaking,1
lovins,1
overcoming,1
harvard,1
questions,1
rhetorically,1
idealization,1
rare,1
friction,1
stay,1
obstruct,1
full,1
chemical,1
improvements,1
advantages,1
theories,1
students,1
involves,1
underwent,1
rejected,1
open,1
rowland,1
clear,1
incisiveness,1
alienating,1
transformation,1
moral,1
modem,1
sabotage,1
authors,1
stress,1
uncontrollable,1
interpret,1
august,1
issn,1
held,1
defense,1
pride,1
threw,1
geographically,1
plant,1
him,1
waged,1
played,1
indisputable,1
variance,1
static,1
ended,1
lie,1
enriched,1
imprison,1
dialogue,1
spent,1
enough,1
carelessly,1
internal,1
guilt,1
outcomes,1
satisfy,1
anthropocentric,1
textbooks,1
constructing,1
exaggeration,1
craft,1
narrow,1
kays,1
land,1
tactics,1
bureaucracies,1
preston,1
symmetric,1
exactly,1
accordingly,1
laughable,1
january,1
trades,1
raised,1
probably,1
paris,1
analyze,1
slightly,1
napoleon,1
slide,1
wonderland,1
invented,1
haven,1
sunshield,1
tendency,1
insignificant,1
adaptive,1
basically,1
facilitates,1
dud,1
chemist,1
propose,1
concluded,1
widely,1
division,1
armorers,1
limiting,1
increasing,1
hindered,1
inventors,1
socket,1
discipline,1
consists,1
fifty,1
entail,1
imply,1
stems,1
singer,1
folbre,1
mixture,1
kenneth,1
crucial,1
invasion,1
emphasized,1
plays,1
ideology,1
testing,1
sole,1
fully,1
employment,1
sauvade,1
directions,1
seen,1
relations,1
bears,1
parcel,1
basel,1
threaten,1
importantly,1
refrigerated,1
ch,1
remaining,1
peril,1
rapidly,1
countries,1
wilhelm,1
inspired,1
construction,1
existed,1
reshuffled,1
fall,1
united,1
achieve,1
oldest,1
ing,1
rider,1
unacceptable,1
fought,1
considered,1
distributional,1
detail,1
pcb,1
crackpots,1
curious,1
heavy,1
thinking,1
ordered,1
blocked,1
historian,1
ayala,1
prohibited,1
reckon,1
sorting,1
comes,1
arrest,1
implicit,1
biography,1
exogenous,1
constituted,1
retard,1
detect,1
counterrevolution,1
reinforced,1
characteristics,1
theme,1
exposition,1
physical,1
obsolescence,1
meat,1
sciences,1
offers,1
sustained,1
novelties,1
lynne,1
know,1
darwinian,1
nuremberg,1
dimension,1
uprooted,1
breeds,1
fitness,1
bertrand,1
thwart,1
readily,1
exaggerations,1
steven,1
expanding,1
inclined,1
global,1
roman,1
believe,1
best,1
appendix,1
instantaneous,1
ph,1
argue,1
half,1
inquiry,1
exploiting,1
particularly,1
losses,1
job,1
obviously,1
themselves,1
chlorofluorocarbons,1
benefit,1
associated,1
allocated,1
build,1
paracelsus,1
unbreakable,1
essentially,1
passage,1
risky,1
id,1
noise,1
regulations,1
quiet,1
defending,1
numbers,1
reallocates,1
irritating,1
welfare,1
stability,1
making,1
minddeadening,1
degenerate,1
particular,1
goldman,1
rags,1
agricultural,1
edinburgh,1
soda,1
protective,1
vigorously,1
alice,1
debate,1
distribution,1
heavier,1
jack,1
her,1
while,1
customary,1
foundations,1
prestige,1
brilliant,1
noticed,1
influenced,1
apathetic,1
phenomena,1
threat,1
permeated,1
engineer,1
travel,1
middle,1
both,1
boston,1
joseph,1
owner,1
ownership,1
altered,1
ill,1
redundant,1
mozing,1
emperor,1
city,1
giving,1
hy,1
turns,1
radiation,1
everywhere,1
exceeded,1
deviate,1
indebted,1
families,1
disrupted,1
varied,1
coherent,1
rewarding,1
come,1
proceeds,1
layers,1
shown,1
models,1
radicalism,1
conducive,1
plowing,1
donald,1
finding,1
decrease,1
conditions,1
steam,1
jacques,1
accept,1
marconi,1
manufactories,1
corrective,1
revolutionize,1
actively,1
lotions,1
include,1
consumption,1
green,1
product,1
manufacturer,1
states,1
ecologically,1
piece,1
off,1
calomiris,1
philosophy,1
area,1
posterity,1
objections,1
inertness,1
captain,1
embodies,1
extremely,1
maxine,1
francisco,1
association,1
speak,1
archaic,1
repealed,1
overtaking,1
specific,1
supported,1
searching,1
rest,1
revolting,1
customs,1
c,1
russia,1
oversimplification,1
consisted,1
hills,1
succeeded,1
gestate,1
valuable,1
disrupting,1
papermaking,1
endangered,1
northwestern,1
asbestos,1
interaction,1
caretaker,1
pat,1
abandoned,1
focus,1
observed,1
famous,1
laborers,1
successive,1
conversations,1
malcolm,1
amory,1
marxism,1
outlawed,1
coppersmith,1
occur,1
jackie,1
