WORDCOUNTS,WEIGHT
the,1392
of,850
and,608
in,567
to,476
a,317
that,241
housing,237
on,199
is,155
for,152
this,150
public,138
was,111
with,109
as,106
s,105
by,102
from,96
were,94
i,92
are,81
it,80
these,80
dissertation,75
which,67
data,66
effects,66
productivity,62
market,59
at,58
their,56
an,52
have,52
be,51
between,50
growth,49
during,48
new,46
not,46
financial,44
how,43
university,43
states,43
information,41
or,41
they,40
chapter,40
first,39
no,38
had,38
more,38
capital,38
summaries,37
economic,37
period,37
crisis,37
rates,36
labor,35
also,35
than,34
my,34
about,34
fertility,34
results,34
use,33
markets,33
bank,33
all,32
government,32
its,32
when,32
programs,32
one,31
values,31
exchange,31
effect,31
development,30
china,30
countries,30
united,30
there,29
could,28
would,28
city,28
federal,27
important,27
however,27
projects,27
other,26
home,26
but,26
depression,26
great,25
his,25
prices,25
we,25
program,25
press,25
system,24
price,24
york,24
two,24
time,24
can,24
has,24
british,23
laws,23
international,23
both,23
three,23
percent,23
foreign,23
set,23
through,23
early,23
neighborhoods,22
some,22
chinese,22
london,22
so,22
while,22
firms,22
child,21
policy,21
into,21
most,21
industry,21
he,21
households,21
gold,21
if,20
american,20
negative,20
find,20
children,20
banks,20
analysis,20
historical,20
such,19
sterling,19
across,19
local,19
been,19
shester,19
kollmann,19
over,19
what,19
particular,19
african,19
france,19
ownership,19
history,18
lower,18
central,18
may,18
decline,18
only,18
workers,18
european,18
then,18
reserves,18
large,17
incentive,17
quality,17
even,17
out,17
same,17
puerta,17
where,17
economy,17
families,17
evidence,17
using,16
poor,16
property,16
variables,16
different,16
national,16
affected,15
finance,15
state,15
due,15
identification,15
black,15
impact,15
approach,15
characteristics,15
migration,15
positive,15
industrial,15
variation,15
accominotti,15
after,15
them,15
cambridge,15
e,14
studies,14
americans,14
performance,14
study,14
schooling,14
economics,14
population,14
intensity,14
legislation,14
trading,14
research,14
therefore,14
second,14
under,14
income,14
who,14
school,14
global,14
transition,14
world,14
models,14
introduction,13
whether,13
stock,13
used,13
part,13
monetary,13
industries,13
private,13
findings,13
questions,13
trade,13
white,13
education,13
cities,13
literature,13
liquidity,12
essays,12
modern,12
might,12
u,12
human,12
century,12
influence,12
neighborhood,12
similar,12
estimates,12
japanese,12
show,12
compulsory,12
based,12
amsterdam,12
census,12
late,12
year,12
several,12
finds,12
currency,12
oxford,12
technology,12
number,12
significant,12
factor,12
outcomes,12
construction,12
plants,12
level,12
pound,12
average,12
little,12
recent,12
should,12
identify,11
likely,11
less,11
possible,11
run,11
sample,11
communities,11
factors,11
greater,11
result,11
example,11
journal,11
csls,11
periods,11
led,11
single,11
thesis,11
management,11
many,11
rents,11
do,11
see,11
previous,11
low,11
banking,11
she,11
equipment,11
control,11
did,11
administration,11
news,11
much,11
among,11
race,11
asset,10
associated,10
source,10
sources,10
able,10
third,10
higher,10
rather,10
process,10
well,10
work,10
policies,10
focuses,10
statistically,10
practices,10
decisions,10
department,10
enterprises,10
zeitz,10
pressure,10
increases,10
bonus,10
years,10
credit,10
increase,10
clear,10
high,10
problems,10
provide,10
merchant,10
question,10
conditions,10
washington,10
enterprise,10
final,9
m,9
way,9
groups,9
measures,9
shocks,9
mortgage,9
princeton,9
women,9
test,9
europe,9
farmers,9
timing,9
political,9
within,9
issue,9
firm,9
household,9
dynamics,9
poverty,9
soviet,9
levels,9
changes,9
deal,9
having,9
suggest,9
enrollment,9
incentives,9
empirical,9
peter,9
provides,9
educational,9
regressions,9
examines,9
steel,9
paper,9
share,9
unique,9
theory,9
careful,9
role,9
although,9
increased,9
koudjis,8
adoption,8
h,8
diffusion,8
j,8
limited,8
racial,8
case,8
g,8
risk,8
standard,8
voth,8
assets,8
counties,8
improve,8
future,8
related,8
good,8
family,8
small,8
iron,8
dramatic,8
value,8
being,8
make,8
light,8
rise,8
others,8
addition,8
dissertations,8
larger,8
model,8
developing,8
essay,8
contrast,8
began,8
here,8
clls,8
references,8
urban,8
constructed,8
technological,8
changed,7
units,7
holdings,7
uses,7
consistent,7
production,7
tradeoff,7
those,7
account,7
point,7
supervision,7
since,7
interest,7
explore,7
without,7
act,7
support,7
just,7
instrument,7
pwa,7
explain,7
contagion,7
eichengreen,7
place,7
change,7
around,7
south,7
demand,7
measure,7
experienced,7
later,7
us,7
fact,7
areas,7
holc,7
investment,7
attainment,7
why,7
environment,7
any,7
series,7
each,7
variable,7
returns,7
build,7
passed,7
suggests,7
given,7
sea,7
contract,7
contributed,7
compensation,7
observed,7
built,7
common,6
will,6
adopt,6
sudden,6
flows,6
fixed,6
total,6
estimated,6
creation,6
england,6
explores,6
politics,6
owners,6
behavior,6
thus,6
review,6
left,6
fha,6
affect,6
statistical,6
argued,6
textile,6
olivier,6
malthusian,6
strategy,6
decades,6
dc,6
location,6
arrival,6
found,6
effort,6
initial,6
further,6
directly,6
currencies,6
employment,6
own,6
social,6
panel,6
next,6
order,6
up,6
covenants,6
located,6
initially,6
direction,6
selection,6
exposure,6
french,6
fell,6
put,6
demographic,6
treatment,6
reform,6
choice,6
reasons,6
channel,6
relevant,6
project,6
adopters,6
completed,6
dollar,6
individuals,6
crises,6
portfolio,6
course,6
structure,6
present,6
increasing,6
stage,6
median,6
today,6
niger,6
current,6
very,6
manufacturing,6
instead,6
difficult,5
rate,5
concerned,5
imported,5
examine,5
expect,5
contemporaneous,5
live,5
english,5
mortgages,5
position,5
before,5
experience,5
worked,5
dramatically,5
assess,5
advantage,5
context,5
ordinances,5
throughout,5
against,5
september,5
author,5
heterogeneity,5
funds,5
authority,5
influenced,5
bond,5
earlier,5
pp,5
reforms,5
consequences,5
established,5
came,5
allow,5
supervisors,5
distressed,5
residents,5
imports,5
r,5
purpose,5
training,5
reserve,5
knowledge,5
loss,5
domestically,5
stanford,5
relative,5
traders,5
debts,5
driving,5
variety,5
various,5
indeed,5
expansion,5
reduce,5
interesting,5
assistance,5
law,5
business,5
again,5
relates,5
becker,5
patterns,5
hand,5
katharine,5
answer,5
japan,5
perhaps,5
mothers,5
including,5
largely,5
real,5
authors,5
plant,5
especially,5
britain,5
sales,5
attention,5
decision,5
farm,5
galor,5
relationship,5
movements,5
institutions,5
economists,5
often,5
fall,5
magnitude,5
heavy,5
usha,5
quantitative,5
outcome,5
capie,5
argue,5
domestic,5
particularly,5
examining,5
wood,5
driven,5
passage,5
living,5
america,5
according,5
making,5
slums,5
became,5
controls,5
twentieth,5
hiring,5
microstructure,5
c,5
hypothesis,5
does,4
koudijs,4
o,4
prize,4
concern,4
slum,4
distributed,4
per,4
agency,4
ma,4
sovereign,4
abrams,4
committee,4
britishand,4
nice,4
provision,4
hence,4
long,4
dominate,4
together,4
restrictive,4
differences,4
rich,4
composition,4
created,4
take,4
regression,4
mail,4
devaluation,4
exogenous,4
historians,4
primary,4
sought,4
iv,4
move,4
richard,4
trevor,4
above,4
correlation,4
economies,4
collection,4
framework,4
comprehensive,4
chapters,4
collapse,4
dependence,4
professor,4
neighbors,4
relatively,4
relations,4
pay,4
fishback,4
developments,4
response,4
young,4
estimate,4
unobservable,4
bonuses,4
loans,4
nevins,4
added,4
sets,4
l,4
main,4
active,4
certain,4
evolution,4
wages,4
welfare,4
weak,4
origins,4
flow,4
union,4
opening,4
access,4
mapping,4
lived,4
big,4
unobserved,4
ugt,4
focused,4
because,4
war,4
unemployment,4
cannot,4
instrumental,4
facilities,4
provincial,4
participation,4
significantly,4
explains,4
older,4
issues,4
actually,4
increasingly,4
trends,4
causal,4
least,4
successful,4
hard,4
indicators,4
insurance,4
involved,4
troubles,4
division,4
progress,4
manuel,4
reduced,4
impacts,4
populations,4
corporation,4
forbidden,4
community,4
wachter,4
edited,4
hedonic,4
participants,4
costs,4
shows,4
published,4
lee,4
investors,4
fire,4
available,4
towards,4
really,4
reasonable,4
heavily,4
original,4
understanding,4
eighteenth,4
controlling,4
assumption,4
juan,4
harvard,4
direct,4
general,4
summer,4
him,4
managerial,4
migrants,4
promote,4
spreads,4
james,4
enabling,4
calvo,4
wage,4
five,4
impressive,4
stocks,4
means,4
understand,4
boats,4
itself,4
crowded,4
assistant,4
growing,4
worried,4
lessons,4
comes,4
agents,4
vouchers,4
cochran,4
half,4
federally,4
goods,4
massachusetts,4
equilibrium,4
differed,4
rural,4
works,4
lending,4
better,4
william,4
spatial,4
interwar,4
selected,4
densities,4
balance,4
huge,4
almost,4
incomes,4
affecting,4
techniques,4
sheets,4
think,4
our,4
institutional,4
trap,4
d,4
unified,4
you,4
roughly,4
securities,4
charles,4
vary,4
chicago,4
estimator,4
entire,4
focus,4
problem,3
now,3
transportation,3
finalists,3
implemented,3
ols,3
resulted,3
determine,3
propagation,3
avoid,3
notably,3
taber,3
germany,3
center,3
factories,3
true,3
seem,3
western,3
occurred,3
nineteenth,3
something,3
edu,3
predominantly,3
anything,3
every,3
implications,3
attempts,3
taken,3
snowden,3
advanced,3
seems,3
nature,3
company,3
neal,3
suggesting,3
borders,3
estimation,3
simple,3
opposing,3
follows,3
studied,3
reveal,3
survey,3
kingdom,3
subsequent,3
help,3
roosevelt,3
aaa,3
greatly,3
principal,3
behind,3
papers,3
documenting,3
discuss,3
player,3
reaction,3
dutch,3
barry,3
panic,3
along,3
holland,3
interestingly,3
funded,3
regarding,3
component,3
past,3
econometric,3
migrate,3
turn,3
concentrations,3
keep,3
amount,3
back,3
output,3
moving,3
packet,3
compare,3
look,3
stagnation,3
transactions,3
german,3
pompeu,3
managers,3
crash,3
minorities,3
opportunity,3
bias,3
probability,3
stops,3
fetters,3
form,3
fabra,3
moreover,3
substandard,3
india,3
section,3
down,3
too,3
benefited,3
age,3
observable,3
cost,3
requires,3
acceptances,3
providing,3
globalization,3
hasbrouck,3
arrived,3
endogenous,3
lead,3
concentration,3
dollars,3
transmission,3
her,3
probit,3
indirect,3
produced,3
near,3
revisits,3
aspects,3
failure,3
already,3
slightly,3
reduction,3
whole,3
gave,3
records,3
people,3
reflect,3
foreclosure,3
surrounding,3
graduate,3
sense,3
field,3
loan,3
autonomy,3
few,3
claims,3
courtemanche,3
transfer,3
spillovers,3
enrollments,3
tended,3
always,3
annual,3
generally,3
dependent,3
crime,3
mechanism,3
wrote,3
forward,3
etc,3
dwellings,3
comments,3
percentage,3
policymaking,3
makes,3
restricted,3
chronology,3
positively,3
shock,3
sectors,3
choices,3
noted,3
exact,3
volume,3
paul,3
hoyt,3
efforts,3
locational,3
scholars,3
instability,3
appeared,3
omitted,3
end,3
golden,3
outside,3
v,3
jobs,3
until,3
focusing,3
bernanke,3
free,3
another,3
mills,3
status,3
gordon,3
effectiveness,3
birth,3
restrictions,3
upon,3
range,3
depended,3
finding,3
exploits,3
encouraged,3
operated,3
submitted,3
recovery,3
improvements,3
theories,3
nevertheless,3
theoretical,3
described,3
points,3
amounts,3
individual,3
homes,3
covering,3
like,3
premium,3
played,3
collected,3
obtained,3
interacted,3
last,3
construct,3
nyc,3
systems,3
nicely,3
efficiency,3
assessing,3
availability,3
aid,3
me,3
perspectives,3
headship,3
science,3
kenneth,3
fear,3
begin,3
inside,3
fewer,3
substitution,3
yale,3
force,3
lucas,3
linking,3
mother,3
types,3
elder,3
event,3
meant,3
authorities,3
eventually,3
altonji,3
extensive,3
regime,3
specific,3
blacks,3
triggers,3
sustained,3
quickly,3
know,3
monthly,3
country,3
officials,3
novel,3
key,3
governments,3
report,3
degree,3
linked,3
places,3
following,3
beginning,3
capita,3
terms,3
cause,3
involvement,3
maintain,3
inputs,3
distribution,3
extent,3
useful,3
size,3
nj,3
researchers,3
determined,3
technologies,3
tried,3
gang,3
spending,3
writing,3
singapore,3
unable,3
argues,3
difference,3
typically,3
correlated,3
define,3
shift,3
west,3
centralized,3
potential,3
coefficient,3
forrest,3
archival,3
pool,3
interaction,3
weil,3
broader,3
quantity,3
major,3
grants,3
archives,2
mostly,2
encountering,2
prefer,2
shawn,2
faced,2
credibility,2
distress,2
northeast,2
considerably,2
starts,2
group,2
needed,2
methodology,2
replaced,2
todd,2
trobe,2
designed,2
picking,2
managing,2
treatise,2
acceptance,2
robinson,2
presents,2
guillermo,2
detrimental,2
kanaiaupuni,2
nurkse,2
vs,2
mortality,2
track,2
nonetheless,2
guinnane,2
sequential,2
lenders,2
fluctuations,2
accumulation,2
said,2
either,2
morton,2
explaining,2
failing,2
suburbs,2
interested,2
give,2
address,2
rapid,2
assist,2
switzerland,2
supplied,2
rhode,2
jeanne,2
leading,2
carter,2
ben,2
potentially,2
franc,2
narrative,2
achievement,2
link,2
substantive,2
chosen,2
brian,2
econometrica,2
yearbook,2
feature,2
improved,2
emphasized,2
precisely,2
somewhat,2
duffie,2
lifetimes,2
designs,2
tragedy,2
side,2
standstill,2
takes,2
depending,2
recorded,2
east,2
task,2
adverse,2
cleared,2
watkins,2
addresses,2
anselin,2
design,2
indirectly,2
activity,2
condition,2
uchida,2
resided,2
october,2
zoning,2
combine,2
far,2
whites,2
constrained,2
localized,2
mistake,2
goal,2
technologically,2
million,2
microfiche,2
therein,2
differential,2
relationships,2
obtains,2
determinants,2
luc,2
targeted,2
de,2
characteristic,2
lin,2
difficulty,2
assessment,2
extensively,2
learning,2
cases,2
adjustment,2
mihov,2
adopted,2
speculative,2
clark,2
kyle,2
underlying,2
perspective,2
convincing,2
deed,2
speed,2
channels,2
houses,2
continuous,2
networks,2
profit,2
competition,2
propagated,2
externalities,2
constructs,2
border,2
hardly,2
function,2
restricting,2
virtuous,2
implementation,2
poorly,2
rent,2
topic,2
philadelphia,2
boroughs,2
whose,2
polarization,2
expected,2
developed,2
massey,2
dilemma,2
moggridge,2
breadth,2
weighted,2
sherman,2
suffer,2
boustan,2
bankruptcy,2
persistent,2
grew,2
productive,2
bonds,2
accounts,2
provinces,2
discernible,2
want,2
females,2
consider,2
signed,2
entry,2
river,2
slowly,2
entrenched,2
clearly,2
weather,2
numbers,2
traces,2
yelowitz,2
threat,2
agricultural,2
kazuaki,2
additional,2
follow,2
beyond,2
followed,2
consequence,2
shifted,2
hit,2
negroes,2
suggested,2
ugts,2
appear,2
hope,2
plausibly,2
geoffrey,2
columbia,2
declined,2
cdd,2
rule,2
extraordinary,2
strength,2
p,2
miyamoto,2
relate,2
tease,2
drawbacks,2
worker,2
takashi,2
ipums,2
disamenities,2
paez,2
neighboring,2
furthermore,2
understood,2
informed,2
though,2
deficits,2
currie,2
myrdal,2
clearing,2
displayed,2
schill,2
jacob,2
default,2
residential,2
applied,2
otherwise,2
wealth,2
required,2
opposition,2
brooks,2
eliminate,2
advisor,2
network,2
revealed,2
planning,2
einzig,2
vives,2
carry,2
reader,2
instruments,2
knight,2
caught,2
describe,2
island,2
demonstrates,2
flight,2
contains,2
predicts,2
structures,2
statistics,2
coale,2
et,2
douglas,2
newspaper,2
employed,2
president,2
interpreted,2
exporters,2
attributed,2
clearance,2
errors,2
t,2
hungary,2
optimal,2
organized,2
presented,2
below,2
theoretically,2
multitude,2
reaches,2
sharp,2
quite,2
teams,2
sufficient,2
highly,2
strongest,2
moure,2
county,2
presence,2
peak,2
impossible,2
majority,2
resistance,2
story,2
altogether,2
plausible,2
provided,2
appropriate,2
newly,2
moved,2
actions,2
massive,2
activities,2
leah,2
lend,2
nations,2
critical,2
belgium,2
edith,2
meehan,2
situation,2
discriminatory,2
matter,2
absence,2
entitled,2
letters,2
unleash,2
identified,2
doctoral,2
short,2
positions,2
comparative,2
rabiega,2
secondly,2
brief,2
female,2
constraints,2
converted,2
july,2
still,2
reconstruction,2
plunz,2
movement,2
sayers,2
simultaneously,2
ask,2
once,2
talvi,2
causality,2
relied,2
selling,2
interpretation,2
opportunities,2
marginal,2
happened,2
borrowers,2
nancy,2
times,2
compiled,2
technical,2
planned,2
subset,2
complete,2
sharply,2
accelerated,2
al,2
experiment,2
words,2
largest,2
insights,2
denominated,2
qualified,2
allows,2
williams,2
sector,2
lewis,2
outflows,2
cairncross,2
comparison,2
technique,2
stronger,2
stated,2
brown,2
figure,2
mark,2
purely,2
hasten,2
similarly,2
wanting,2
investigates,2
longer,2
lack,2
consideration,2
overwhelming,2
head,2
documents,2
culhane,2
break,2
reacted,2
antonio,2
debates,2
deleterious,2
considerable,2
pattern,2
discussed,2
serious,2
elegant,2
conclusions,2
took,2
billings,2
likelihood,2
paris,2
covered,2
existing,2
strategies,2
homer,2
necessary,2
material,2
gdp,2
woman,2
native,2
distance,2
educated,2
staiger,2
deficit,2
interpreting,2
sutherland,2
extended,2
discussion,2
treated,2
made,2
bear,2
discrimination,2
formal,2
robustness,2
endogeneity,2
supervisory,2
hara,2
hemmeon,2
louis,2
varying,2
entirely,2
skeptical,2
traded,2
illusion,2
products,2
net,2
ethnic,2
processes,2
portfolios,2
services,2
ameliorate,2
examination,2
earner,2
option,2
office,2
california,2
forepersons,2
students,2
netherlands,2
maintenance,2
try,2
observables,2
christopher,2
david,2
methodological,2
revised,2
geographically,2
spread,2
responses,2
causally,2
stages,2
nhgis,2
filled,2
adequately,2
latter,2
ages,2
enacted,2
employees,2
newspapers,2
unskilled,2
become,2
land,2
overcome,2
izquierdo,2
topics,2
exactly,2
influences,2
excluded,2
trades,2
downturn,2
capitalism,2
analyze,2
macmillan,2
saw,2
whatley,2
destruction,2
industrialization,2
joint,2
insignificant,2
imperfectly,2
corporations,2
ago,2
quarter,2
opposite,2
sailing,2
la,2
dealing,2
circle,2
independent,2
continued,2
tenant,2
crucial,2
criminal,2
suggestive,2
nigerien,2
contraction,2
randomly,2
comovement,2
directory,2
repairing,2
predict,2
sensitive,2
health,2
temin,2
detailed,2
accommodating,2
joachim,2
importantly,2
properties,2
rapidly,2
deals,2
indicate,2
responsible,2
implementing,2
researcher,2
measured,2
months,2
combines,2
susan,2
grounded,2
joseph,2
matters,2
detail,2
version,2
changing,2
geographic,2
husock,2
log,2
known,2
supported,2
funding,2
organizational,2
excess,2
ran,2
guaranteed,2
specialized,2
setting,2
incorporating,2
post,2
observe,2
altered,2
job,2
propensity,2
rely,2
privileged,2
benefit,2
type,2
risky,2
turned,2
highlights,2
dismissal,2
born,2
elmer,2
johnson,2
pooled,2
boat,2
preexisting,2
auctions,2
implicit,2
manufactures,2
transaction,2
require,2
hypothesize,2
episode,2
w,2
contain,2
targets,2
deflation,2
multiple,2
despite,2
williamson,2
turns,2
simply,2
obtain,2
treasury,2
exceptionally,2
aims,2
goals,2
jan,2
come,2
formation,2
reveals,2
electronic,2
generate,2
scholes,2
initiated,2
advent,2
naomi,2
approximately,2
integrated,2
consolidated,2
green,2
preliminary,2
off,2
maximization,2
exceeded,2
extremely,2
ships,2
summary,2
am,2
insider,2
best,2
lamoreaux,2
substitute,2
assumed,2
themselves,2
supply,2
era,2
reflecting,2
uncertainty,2
fears,2
exclusively,2
censuses,2
conventions,2
north,2
cross,2
fiscal,2
doing,2
attendance,2
sent,2
hans,2
depreciation,2
looking,2
soes,1
compile,1
democracy,1
bernard,1
go,1
cindy,1
customers,1
decentralized,1
compares,1
dominating,1
personally,1
discourage,1
bowing,1
limits,1
underpinning,1
estate,1
implying,1
develops,1
restroom,1
names,1
enlightening,1
corporate,1
generous,1
corruption,1
correlations,1
freezing,1
intricate,1
epidemics,1
berkeley,1
episodes,1
profitability,1
intriguing,1
staggering,1
assembles,1
spurred,1
celebrate,1
pushed,1
crossing,1
comparability,1
forcing,1
formulated,1
becoming,1
complex,1
residences,1
achievements,1
asymmetrically,1
envisioned,1
fate,1
judicious,1
larry,1
enhance,1
tend,1
columns,1
formed,1
remind,1
schools,1
crunch,1
motivation,1
completely,1
unanswered,1
refinancing,1
favor,1
unsuccessful,1
severalfold,1
diffuse,1
weaker,1
conclusive,1
tempered,1
resourcefulness,1
emphasize,1
harsh,1
predicting,1
inequality,1
ambitious,1
tells,1
instance,1
assisted,1
revalue,1
accomplishments,1
induced,1
thematic,1
tongue,1
chief,1
corresponding,1
strikes,1
dissipate,1
materials,1
permitted,1
leads,1
intentions,1
expenditures,1
personae,1
transmitting,1
approximate,1
gap,1
renting,1
permit,1
www,1
fortune,1
efp,1
australia,1
glassblowing,1
lexington,1
beautifully,1
certainly,1
drugs,1
swelling,1
impounded,1
polished,1
comprehensively,1
interests,1
introduce,1
ii,1
path,1
fund,1
motivations,1
enables,1
hire,1
investments,1
attempt,1
factored,1
chineseand,1
piatt,1
action,1
emerged,1
altering,1
definition,1
damaged,1
privately,1
dampening,1
possibilities,1
shaped,1
displacement,1
attractive,1
capitalist,1
continue,1
assembling,1
secondary,1
accompanied,1
generalize,1
prop,1
asymmetric,1
ravaged,1
histories,1
wave,1
origin,1
transferred,1
scheme,1
footsteps,1
mississippi,1
court,1
religion,1
expense,1
anyway,1
debt,1
vic,1
zingales,1
lengthened,1
faculty,1
backdrop,1
intuitive,1
mind,1
blackwell,1
robert,1
henceforth,1
normal,1
physical,1
dora,1
discipline,1
reading,1
committed,1
personnel,1
latrobe,1
threshold,1
daniel,1
deteriorated,1
worldwide,1
cells,1
bluntly,1
triggered,1
depends,1
eradicate,1
globe,1
discontinuities,1
hearn,1
advocates,1
sophisticated,1
ltd,1
iii,1
shaken,1
behavioral,1
linear,1
eastern,1
fernando,1
gaps,1
eventual,1
nber,1
prone,1
advice,1
causation,1
alternatively,1
theses,1
constraint,1
difficulties,1
right,1
policymakers,1
worthy,1
solving,1
vulnerability,1
installed,1
intensities,1
amplification,1
red,1
lends,1
definitional,1
prior,1
marc,1
greg,1
marked,1
machinery,1
concentrating,1
exhibits,1
illustrate,1
geared,1
shared,1
disentangle,1
cater,1
election,1
functions,1
alter,1
irreparable,1
terence,1
rid,1
decipher,1
purchases,1
apart,1
taking,1
suburban,1
say,1
except,1
regards,1
x,1
exchanges,1
resources,1
genetic,1
anticipated,1
mitchener,1
marriage,1
gmail,1
speculators,1
identifies,1
measurement,1
engage,1
impound,1
childbearing,1
congruence,1
anstalt,1
audience,1
prejudice,1
inventory,1
attract,1
harold,1
controlled,1
mid,1
expertise,1
learned,1
relies,1
prey,1
multidimensional,1
halted,1
fun,1
merchants,1
startles,1
reverse,1
explained,1
weakened,1
immediate,1
accounted,1
speakers,1
objective,1
analyzing,1
realized,1
wind,1
unpublished,1
agent,1
counters,1
perennial,1
ability,1
trench,1
moment,1
decided,1
kennikat,1
santa,1
quantifying,1
occurs,1
issued,1
jeremy,1
walter,1
conducted,1
tucson,1
jr,1
emerges,1
employing,1
janet,1
basil,1
pin,1
forced,1
financing,1
exercise,1
attracting,1
priority,1
progressive,1
heterogenous,1
getz,1
gunnar,1
items,1
ct,1
amended,1
determinant,1
realizations,1
loadings,1
burgeoning,1
depend,1
ante,1
spanned,1
disproportionately,1
contrary,1
regions,1
vries,1
lse,1
machines,1
http,1
six,1
contributes,1
inception,1
allowing,1
dates,1
twice,1
drives,1
overcomes,1
truly,1
publications,1
weakening,1
collaboration,1
databases,1
weight,1
checks,1
ny,1
communication,1
vice,1
kam,1
boom,1
regulations,1
bills,1
cooperative,1
pronounced,1
weakness,1
talent,1
adjust,1
equal,1
collects,1
ceu,1
krugman,1
kept,1
importers,1
lock,1
perfect,1
newer,1
costa,1
phases,1
van,1
employ,1
insofar,1
failed,1
mechanisms,1
operation,1
parity,1
via,1
shortand,1
geneva,1
colin,1
wishes,1
adequate,1
town,1
essential,1
reflects,1
mexico,1
heads,1
turmoil,1
etudes,1
card,1
bring,1
negatively,1
generations,1
solidarity,1
angeles,1
spatially,1
stop,1
illustration,1
spans,1
sort,1
agonizing,1
basic,1
oversee,1
appreciation,1
kind,1
unwound,1
biggest,1
culminating,1
fascinating,1
proud,1
harassment,1
enacting,1
notion,1
outputs,1
paribus,1
programmed,1
environments,1
deliberately,1
analyzes,1
mechanics,1
goes,1
catholics,1
dealt,1
waned,1
upward,1
substantiate,1
granted,1
proportion,1
associate,1
supplement,1
eight,1
ex,1
brand,1
contend,1
derived,1
recently,1
induce,1
losing,1
oportunidades,1
contributions,1
revelation,1
matched,1
emergency,1
gratefully,1
danger,1
kantor,1
awareness,1
von,1
supplements,1
crafted,1
overreacted,1
supposed,1
moves,1
intrinsic,1
hook,1
reason,1
mean,1
distinct,1
statistic,1
nor,1
defines,1
bad,1
self,1
metropolis,1
supports,1
locally,1
needless,1
bribery,1
improvement,1
seas,1
improving,1
retained,1
wong,1
tricky,1
expectancy,1
branch,1
richer,1
proved,1
warren,1
shesterk,1
allocation,1
edition,1
days,1
former,1
broner,1
air,1
squares,1
gradually,1
house,1
decade,1
contemporaries,1
quantify,1
uninformed,1
four,1
overlook,1
timings,1
hoped,1
acknowledges,1
exploited,1
riots,1
n,1
powerful,1
vietnam,1
saint,1
wondering,1
shed,1
procedures,1
isolation,1
cotton,1
notions,1
undertaken,1
putting,1
ambient,1
conditional,1
eradication,1
method,1
infrequently,1
ventura,1
willing,1
childhood,1
crucially,1
bubble,1
owning,1
care,1
setup,1
believed,1
helped,1
approval,1
providers,1
cut,1
view,1
insuring,1
dispersion,1
cholera,1
correlate,1
assessments,1
conquest,1
matching,1
whereas,1
ranges,1
commodity,1
legislative,1
segregating,1
prins,1
heckman,1
pounds,1
krueger,1
aftermath,1
complications,1
societies,1
kegan,1
discount,1
soliciting,1
train,1
demise,1
protector,1
called,1
houghton,1
typical,1
nira,1
attack,1
zanden,1
painstaking,1
relating,1
missouri,1
seven,1
centers,1
format,1
furstenberg,1
intrastate,1
pass,1
events,1
centrally,1
markedly,1
hazard,1
overtures,1
emerge,1
featured,1
base,1
term,1
installation,1
wonder,1
creating,1
density,1
unions,1
repatriate,1
erodes,1
banker,1
conversions,1
cultuurfonds,1
reentered,1
imbalances,1
receive,1
fertilities,1
block,1
reviews,1
skilled,1
bullion,1
agreements,1
prohibit,1
appears,1
interbank,1
companies,1
suffered,1
phas,1
contiguous,1
record,1
nothing,1
subcontracting,1
repercussions,1
perform,1
ways,1
balanced,1
occurrence,1
enough,1
exploration,1
wide,1
leafing,1
suspended,1
marie,1
criteria,1
briefly,1
sites,1
resident,1
none,1
believable,1
closed,1
liable,1
egalitarian,1
minute,1
probably,1
conjecture,1
inferred,1
intense,1
received,1
los,1
writers,1
student,1
clean,1
claim,1
equipped,1
brought,1
accounting,1
guess,1
fared,1
virtues,1
numerous,1
threatens,1
predominately,1
apparent,1
clearer,1
twofold,1
nycha,1
comment,1
predictability,1
tenure,1
supreme,1
atack,1
normalization,1
excessive,1
description,1
criticized,1
wedlock,1
highlight,1
port,1
shrink,1
uc,1
overview,1
consistently,1
corrupt,1
intermediate,1
refined,1
myriad,1
collective,1
liquidations,1
relevance,1
densely,1
slowdown,1
stimulate,1
details,1
date,1
panacea,1
microeconomic,1
forces,1
apparently,1
weekly,1
away,1
cry,1
floors,1
institution,1
implement,1
showing,1
nadoru,1
preparation,1
manage,1
arrangements,1
week,1
universally,1
ethnicity,1
radically,1
ucla,1
wastage,1
else,1
transitions,1
exemplary,1
homeowners,1
running,1
accused,1
interregional,1
harper,1
ratios,1
normally,1
indicator,1
caused,1
working,1
corresponds,1
inference,1
diminish,1
cold,1
unexpected,1
ilian,1
initiates,1
prevalence,1
hired,1
catholic,1
homogenous,1
cope,1
militant,1
enrich,1
ministries,1
emphasizes,1
moratorium,1
midst,1
settlement,1
emerging,1
purchasing,1
specifically,1
mangers,1
dried,1
spanish,1
unsafe,1
leaves,1
ignore,1
anticipation,1
concerns,1
floating,1
migrating,1
grow,1
starting,1
eh,1
puertajm,1
acts,1
occupants,1
choosing,1
essentially,1
suddenly,1
cepr,1
jaret,1
workforce,1
philip,1
clever,1
customary,1
richness,1
reuniting,1
st,1
universities,1
pays,1
refinanced,1
describes,1
paid,1
plummeted,1
nigeriens,1
paraguay,1
cycle,1
diminished,1
grateful,1
gross,1
skill,1
nobel,1
passive,1
inform,1
aggregate,1
reducing,1
geographical,1
seemed,1
alejandro,1
subsequently,1
replacing,1
institut,1
void,1
embarked,1
portion,1
happen,1
tasks,1
wiping,1
sail,1
transform,1
stagnant,1
communist,1
proxy,1
critics,1
reductions,1
ingenuity,1
lit,1
clara,1
vanderbilt,1
attributable,1
impresses,1
bringing,1
scientific,1
cessation,1
concentrated,1
hardest,1
insiders,1
play,1
schemes,1
return,1
acknowledged,1
ten,1
nearly,1
allan,1
brings,1
standardization,1
intimidation,1
bloc,1
moratoria,1
harry,1
assumptions,1
slower,1
intervention,1
expanded,1
interactions,1
bankers,1
crowd,1
holders,1
poincare,1
builders,1
triggering,1
collapsed,1
decent,1
settings,1
seemingly,1
va,1
tends,1
pegs,1
vicinity,1
resilient,1
approaches,1
calculate,1
contributing,1
collect,1
slowed,1
pacific,1
siegfried,1
criticism,1
yet,1
liability,1
observer,1
examined,1
wake,1
security,1
democrats,1
tremendous,1
coverage,1
rules,1
planner,1
creditors,1
massively,1
depositors,1
redlining,1
populated,1
beneficiaries,1
selective,1
neither,1
protect,1
perceived,1
prisoners,1
protestants,1
curie,1
constant,1
earned,1
included,1
politiques,1
barrel,1
performed,1
shortsighted,1
floor,1
microdata,1
broad,1
topical,1
deliver,1
reduces,1
wisconsin,1
odds,1
emotional,1
begins,1
quotations,1
debtors,1
geologists,1
payments,1
picture,1
investor,1
regardless,1
fill,1
bandwidths,1
peti,1
tries,1
fellow,1
street,1
party,1
members,1
organizations,1
delving,1
aggregates,1
name,1
successfully,1
luiten,1
soe,1
hud,1
book,1
attacks,1
challenge,1
neglect,1
stating,1
excepting,1
ended,1
punish,1
gathered,1
gathers,1
deterioration,1
lowering,1
jaume,1
water,1
missing,1
adherence,1
preprogram,1
gravely,1
unifying,1
twenty,1
troubled,1
idea,1
fundamental,1
identifying,1
fearing,1
revenue,1
minnesota,1
departments,1
plan,1
conference,1
pretty,1
dilapidated,1
dramatis,1
diverse,1
john,1
fallen,1
takeoff,1
justification,1
grows,1
contemporary,1
moments,1
garretsen,1
distributions,1
pennsylvania,1
seldom,1
removal,1
external,1
bargaining,1
puts,1
puzzling,1
never,1
deflationary,1
cohorts,1
arisen,1
geography,1
shortrun,1
operating,1
manner,1
lobbies,1
undercounting,1
purposes,1
validity,1
empire,1
accepted,1
receives,1
unwind,1
armed,1
vulnerable,1
contracted,1
requiring,1
michael,1
coincided,1
paved,1
reshaped,1
agencies,1
deep,1
hu,1
subway,1
indication,1
chronologically,1
enrolled,1
belief,1
metropolitan,1
eds,1
interdependencies,1
beta,1
ragnar,1
exceeds,1
idiosyncrasies,1
compelled,1
showcased,1
ordinary,1
gives,1
coined,1
shifts,1
zeitzp,1
going,1
chair,1
overvaluation,1
realize,1
midwest,1
panics,1
casting,1
confidentiality,1
ibid,1
reminds,1
myself,1
remained,1
adopter,1
anglophones,1
submit,1
proceedings,1
subsistence,1
recognizing,1
horizon,1
alec,1
behaviors,1
kernel,1
dimensions,1
averaged,1
disease,1
closer,1
helps,1
represented,1
aggregated,1
onto,1
deposits,1
enhanced,1
enormous,1
previously,1
sufficiently,1
individualand,1
csl,1
infusions,1
versa,1
expand,1
persists,1
elucidated,1
profitable,1
confidence,1
food,1
unfortunately,1
determining,1
treber,1
convenience,1
uganda,1
virtually,1
assume,1
causes,1
affects,1
pleasure,1
resulting,1
trend,1
actual,1
engineers,1
pamphlets,1
kolmann,1
exerted,1
check,1
full,1
raising,1
delay,1
recruitment,1
reinforcing,1
segregated,1
prospects,1
publish,1
vii,1
nuclear,1
complementarities,1
presentist,1
open,1
significance,1
exports,1
worry,1
switched,1
demolitions,1
importance,1
stress,1
assignment,1
sensitivity,1
express,1
obtaining,1
aaron,1
agreement,1
safety,1
recipient,1
faces,1
interpret,1
co,1
disproportionably,1
held,1
eve,1
allowed,1
started,1
stymied,1
features,1
winner,1
serves,1
variance,1
lobbied,1
submissions,1
shortly,1
comforts,1
offer,1
diversion,1
threefold,1
segment,1
lose,1
computer,1
presidential,1
repeated,1
payment,1
promotion,1
strict,1
unambiguous,1
strongly,1
random,1
comparing,1
fits,1
incapable,1
chose,1
narrow,1
sensible,1
let,1
basing,1
assigning,1
hierarchical,1
monographs,1
learn,1
ackerberg,1
seeking,1
implication,1
electricity,1
differ,1
attracted,1
assesses,1
figures,1
versus,1
haven,1
connections,1
quarterly,1
controversial,1
embodied,1
outright,1
creativity,1
congressional,1
widely,1
trubner,1
voters,1
attended,1
beg,1
volbert,1
draw,1
limiting,1
carried,1
consists,1
asking,1
accepting,1
provoking,1
arriving,1
testable,1
relying,1
abstracting,1
beset,1
laureate,1
sustainability,1
imply,1
tested,1
peers,1
note,1
sanitation,1
africa,1
blacklists,1
reviewer,1
bureau,1
compensating,1
raise,1
lot,1
impacting,1
george,1
salient,1
linda,1
economist,1
ernesto,1
demographers,1
testing,1
bound,1
claimed,1
profusely,1
neglecting,1
resistant,1
exacerbated,1
select,1
lines,1
insufficient,1
widespread,1
primarily,1
slow,1
independence,1
becomes,1
swaps,1
lecturer,1
success,1
recourse,1
un,1
bundoora,1
seen,1
collections,1
rim,1
worse,1
effectively,1
contribution,1
thirteen,1
universitat,1
unclear,1
flandreau,1
originated,1
reversals,1
executive,1
life,1
settled,1
owned,1
perceptions,1
inferior,1
sheds,1
transferring,1
surprising,1
prie,1
respect,1
canonical,1
centuries,1
get,1
face,1
propelling,1
problematic,1
eugene,1
occupies,1
pressures,1
investigate,1
liquidation,1
singleand,1
earliest,1
stable,1
considered,1
austria,1
echoes,1
sections,1
gpo,1
reciprocal,1
suggestions,1
seriously,1
wars,1
supervisor,1
resisting,1
reliant,1
biased,1
practice,1
wlu,1
worsened,1
sorting,1
conclusion,1
unlikely,1
must,1
extending,1
demonstrate,1
economically,1
hypothesized,1
profits,1
continues,1
extension,1
addressed,1
precise,1
irrationality,1
swing,1
fulbright,1
trapped,1
borrow,1
narrowly,1
doi,1
sourcing,1
offers,1
utrecht,1
alternative,1
wider,1
wipe,1
beckerian,1
modeling,1
differentiated,1
imposing,1
enters,1
natural,1
hardship,1
privacy,1
dominated,1
deficiencies,1
frequency,1
econometrics,1
sure,1
halt,1
budgetary,1
shares,1
publicly,1
descriptions,1
reversal,1
expanding,1
capability,1
prolific,1
innovations,1
alexander,1
leaders,1
accommodate,1
receipt,1
attending,1
bit,1
raj,1
unaccounted,1
dennis,1
foundation,1
exploiting,1
losses,1
collins,1
dared,1
covariates,1
malcolm,1
brazil,1
perfectly,1
infiltration,1
enforcing,1
written,1
ordered,1
melitz,1
allocated,1
bin,1
sum,1
nonfarm,1
utilized,1
mass,1
proposed,1
ideally,1
dismissing,1
maoist,1
stagnated,1
suffering,1
alfonso,1
catastrophic,1
kris,1
notable,1
investigation,1
transmitted,1
averse,1
stability,1
offering,1
overcrowded,1
laying,1
migratory,1
insured,1
nearby,1
thirty,1
hastening,1
austrian,1
racketeering,1
liberalization,1
composed,1
firmly,1
ripe,1
unrest,1
leaving,1
adaptation,1
notes,1
actors,1
fully,1
linger,1
managed,1
differs,1
extract,1
institute,1
bureaucratic,1
studying,1
abruptly,1
bandwidth,1
explored,1
yield,1
noticed,1
rationality,1
bribes,1
ideal,1
wonders,1
art,1
travel,1
thematically,1
predictable,1
characterize,1
gratitude,1
burden,1
league,1
socioeconomic,1
adopts,1
bought,1
howard,1
situations,1
empirically,1
org,1
circumstances,1
renovations,1
rescued,1
disparate,1
reported,1
ohio,1
introduced,1
scramble,1
content,1
confirm,1
horrace,1
november,1
easy,1
ac,1
concessions,1
generalizable,1
lies,1
returning,1
acute,1
com,1
sectional,1
manhattan,1
matches,1
kids,1
target,1
commodities,1
cleverly,1
reconstruct,1
commentators,1
trigger,1
phenomenon,1
motivate,1
isolated,1
au,1
aspect,1
coming,1
budapest,1
slight,1
varied,1
contrasts,1
dominant,1
amenities,1
analysts,1
unexplored,1
buying,1
inefficient,1
discriminated,1
tantalizing,1
moderate,1
shown,1
tell,1
spring,1
locations,1
differentiation,1
negro,1
sailed,1
authorized,1
reallocated,1
resist,1
intensified,1
donald,1
deepening,1
gerschenkron,1
argentina,1
unexpectedly,1
boosted,1
jacques,1
thanking,1
grant,1
finally,1
motives,1
explanation,1
depressing,1
register,1
manufacturers,1
romer,1
prolonged,1
actively,1
rosenthal,1
efficient,1
magnitudes,1
building,1
consumption,1
need,1
appreciated,1
developmental,1
smaller,1
countered,1
attributes,1
piece,1
prosperity,1
clues,1
defined,1
attempted,1
rupture,1
area,1
objections,1
madison,1
maximizing,1
remains,1
association,1
ranged,1
limitations,1
anonymous,1
restored,1
vi,1
legislations,1
occurring,1
tip,1
spilled,1
indicating,1
charged,1
enjoy,1
liquid,1
disaster,1
reached,1
cheaper,1
debate,1
partial,1
create,1
norman,1
capable,1
views,1
asymmetry,1
substantial,1
asks,1
element,1
abroad,1
valley,1
ceteris,1
traditional,1
complementarity,1
racially,1
strong,1
uk,1
seek,1
comparable,1
famous,1
tract,1
christina,1
asked,1
ca,1
roles,1
delayed,1
close,1
vandalism,1
occur,1
arizona,1
delinquent,1
discern,1
continuously,1
