WORDCOUNTS,WEIGHT
the,461
and,299
of,277
water,193
to,180
in,179
public,133
typhoid,132
a,120
cities,100
companies,93
for,88
private,85
that,80
rates,80
from,76
ownership,65
city,59
company,57
were,55
is,54
this,44
it,42
as,42
if,41
on,41
with,40
their,39
not,39
had,37
filtration,37
ri,37
by,35
health,35
s,33
are,32
see,31
or,29
at,28
than,28
these,28
was,27
years,27
have,27
they,25
one,25
all,25
no,25
pp,25
equals,25
filters,23
data,23
time,23
systems,23
variable,23
before,22
none,22
also,20
would,20
municipal,20
expenditures,20
switching,19
more,19
united,19
did,19
states,19
troesken,18
change,18
panel,18
new,18
switched,18
an,17
university,17
year,17
disease,17
sanitation,17
over,17
history,16
i,16
acquisition,16
statistics,16
owned,16
trend,16
percent,16
la,16
following,16
yes,16
mean,15
results,15
general,15
table,15
size,15
municipalization,14
rate,13
source,13
provision,13
other,13
fever,13
otherwise,13
dummy,13
reformers,13
per,12
sources,12
there,12
population,12
however,12
drew,12
its,12
used,12
service,12
only,12
death,12
variables,12
installed,12
through,12
pittsburgh,11
system,11
likely,11
any,11
be,11
much,11
federation,10
franchises,10
after,10
chlorination,10
p,10
people,10
trends,10
about,10
two,10
prevention,10
when,10
average,10
survey,9
cain,9
such,9
river,9
because,9
dependent,9
percentage,9
but,9
less,9
number,9
local,9
significant,9
period,9
we,9
suggest,9
works,9
between,9
large,8
zero,8
rotella,8
test,8
first,8
diseases,8
government,8
possible,8
supply,8
example,8
always,8
took,8
do,8
three,8
plant,8
standard,8
provide,8
ofthe,8
publicly,8
control,8
each,8
mcdonnell,8
board,8
information,8
level,8
coefficient,8
estimated,7
taken,7
investments,7
state,7
epidemics,7
some,7
laws,7
includes,7
across,7
process,7
b,7
benefits,7
four,7
show,7
could,7
civic,7
various,7
duluth,7
lake,7
rivers,7
ny,7
spread,7
effect,7
been,7
deaths,7
often,7
mortality,7
temperature,7
consumers,7
chicago,7
observed,7
waterworks,6
might,6
sedimentation,6
take,6
regression,6
syracuse,6
mechanical,6
york,6
main,6
politicians,6
cost,6
greater,6
lead,6
spline,6
required,6
filter,6
oh,6
during,6
least,6
economic,6
deviation,6
study,6
springs,6
dummies,6
shock,6
department,6
experienced,6
faster,6
invested,6
including,6
regressions,6
five,6
budd,6
report,6
nonwhite,6
suggests,6
little,6
press,6
second,6
nonswitching,6
ca,6
sterilization,5
higgs,5
install,5
explanatory,5
human,5
quality,5
sample,5
ma,5
rights,5
poor,5
category,5
changes,5
t,5
dc,5
hands,5
possibility,5
caused,5
small,5
florida,5
invest,5
underground,5
indicates,5
lagged,5
cleveland,5
included,5
switch,5
fell,5
towns,5
omitted,5
waterborne,5
operating,5
model,5
reversion,5
truelson,5
remained,5
kansas,5
use,5
finally,5
adding,5
function,5
wells,5
haven,5
insignificant,5
median,5
bureau,5
who,5
ever,5
gpo,5
authorities,5
constant,5
u,5
type,5
distribution,5
while,5
nj,5
entire,5
firms,5
question,5
cambridge,5
national,5
washington,5
include,5
although,5
evidence,5
effects,5
given,5
utility,4
shocks,4
needed,4
american,4
sedgwick,4
into,4
occurred,4
lower,4
principles,4
estimation,4
those,4
robert,4
classified,4
filtering,4
has,4
identifies,4
collection,4
severe,4
compare,4
even,4
pueblo,4
journal,4
adequate,4
century,4
how,4
patronage,4
special,4
downward,4
coagulation,4
coefficients,4
just,4
observations,4
most,4
care,4
important,4
against,4
census,4
carolina,4
probit,4
clean,4
reduces,4
indianapolis,4
statistically,4
contrast,4
kiple,4
periods,4
f,4
reduced,4
nearly,4
oftyphoid,4
infrastructure,4
boiling,4
reports,4
social,4
shows,4
al,4
another,4
spending,4
upon,4
washing,4
which,4
co,4
so,4
high,4
provides,4
sanitary,4
usually,4
institutions,4
remaining,4
analysis,4
types,4
citizens,4
then,4
associated,4
text,4
here,4
set,4
municipally,4
down,4
mokyr,4
capita,4
whether,4
terms,4
particular,4
pa,4
joel,4
chemical,4
whipple,4
association,4
news,4
assumed,4
north,4
courts,3
difficult,3
common,3
way,3
e,3
customers,3
neighborhoods,3
protection,3
nineteenth,3
consistent,3
labor,3
privately,3
available,3
copy,3
differences,3
link,3
political,3
preventing,3
victims,3
politics,3
disentangle,3
classifications,3
explained,3
price,3
ct,3
six,3
third,3
steps,3
added,3
without,3
developed,3
stein,3
upstream,3
means,3
jersey,3
threat,3
age,3
mo,3
appear,3
standards,3
further,3
pure,3
precautions,3
camden,3
governing,3
improve,3
failure,3
well,3
part,3
coded,3
description,3
preceded,3
describing,3
below,3
wi,3
leaves,3
governments,3
industry,3
annual,3
pritchett,3
notes,3
incentive,3
populations,3
return,3
make,3
hold,3
engineering,3
once,3
rules,3
under,3
ne,3
tn,3
purity,3
largest,3
noted,3
volume,3
science,3
many,3
financial,3
dividends,3
pattern,3
where,3
necessary,3
free,3
investment,3
values,3
louis,3
unfortunately,3
ideas,3
actual,3
full,3
clear,3
points,3
dollars,3
acquire,3
sometimes,3
figure,3
reasonable,3
primarily,3
huch,3
why,3
construction,3
acquired,3
very,3
according,3
plants,3
urban,3
controls,3
recent,3
disposal,3
charge,3
smaller,3
contamination,3
c,3
northwestern,3
among,3
built,3
frequent,2
does,2
tainted,2
later,2
encouraged,2
wa,2
epidemic,2
provisions,2
identify,2
columns,2
word,2
newark,2
h,2
jonathan,2
studies,2
decade,2
unprofitable,2
cycles,2
holding,2
migration,2
practices,2
experience,2
boil,2
else,2
hence,2
preceding,2
sewerage,2
diego,2
england,2
j,2
great,2
rich,2
real,2
improved,2
greatly,2
access,2
alike,2
case,2
eradicate,2
linear,2
money,2
america,2
economics,2
wilcox,2
socialized,2
prior,2
recommendations,2
illustrate,2
sale,2
household,2
regarding,2
patient,2
illustrates,2
assumes,2
agent,2
purify,2
conducted,2
voters,2
oshkosh,2
turn,2
urbanization,2
clark,2
document,2
amount,2
response,2
allowing,2
simultaneity,2
immunity,2
error,2
higher,2
employ,2
operation,2
trending,2
his,2
growth,2
angeles,2
en,2
remote,2
similar,2
importance,2
ratchet,2
elaborate,2
factors,2
utilities,2
memphis,2
reason,2
consider,2
statistical,2
established,2
producers,2
weather,2
spontaneously,2
squares,2
instrument,2
prevent,2
n,2
followed,2
eradication,2
helped,2
decades,2
view,2
louisville,2
atlanta,2
raw,2
location,2
affordable,2
transmission,2
declined,2
seven,2
out,2
changed,2
symptoms,2
though,2
poverty,2
argument,2
hsiao,2
appears,2
persons,2
preventers,2
excellent,2
municipalized,2
ofamerican,2
explain,2
blake,2
eliminate,2
influenced,2
los,2
r,2
reduction,2
wholesome,2
mn,2
call,2
systematic,2
good,2
commerce,2
allegiance,2
omaha,2
mains,2
few,2
mi,2
research,2
decline,2
up,2
using,2
seemed,2
inspection,2
therefore,2
polluters,2
san,2
nonetheless,2
chlorine,2
action,2
located,2
overall,2
limited,2
portland,2
reduce,2
above,2
comments,2
precedes,2
movement,2
suppose,2
va,2
simultaneous,2
edited,2
mobile,2
pattems,2
exposure,2
light,2
same,2
ky,2
baltimore,2
unusually,2
rise,2
request,2
others,2
pointed,2
europe,2
drink,2
put,2
lobby,2
areas,2
agree,2
reasoning,2
larger,2
fallen,2
patterns,2
overstate,2
enough,2
drinking,2
ground,2
begana,2
privatization,2
tunali,2
ao,2
vaccine,2
tarr,2
streets,2
extended,2
indiana,2
made,2
explanation,2
arose,2
previously,2
controlling,2
individuals,2
significance,2
explorations,2
lakes,2
rebecca,2
allowed,2
helpful,2
administrative,2
quick,2
legislatures,2
especially,2
problems,2
article,2
date,2
k,2
differ,2
vector,2
loyola,2
akron,2
stems,2
note,2
claimed,2
months,2
widespread,2
began,2
fall,2
equaled,2
benefitted,2
sections,2
impurities,2
specification,2
complexity,2
extending,2
dubious,2
borrow,2
alternative,2
equation,2
pasadena,2
goods,2
gas,2
historical,2
elyce,2
reverting,2
person,2
believed,2
william,2
unlikely,2
what,2
them,2
making,2
orleans,2
cause,2
theory,2
fully,2
yt,2
ideal,2
boiled,2
purification,2
reported,2
meeker,2
strangers,2
role,2
went,2
arguments,2
come,2
vrtm,2
until,2
spring,2
biennial,2
reveals,2
twentieth,2
conditions,2
crisis,2
diligence,2
typically,2
correlated,2
stockholders,2
roughly,2
summary,2
thousand,2
point,2
early,2
delayed,2
major,2
werner,2
final,1
decaying,1
complaint,1
xxxvi,1
implemented,1
sued,1
problematic,1
ols,1
names,1
groups,1
defy,1
steckel,1
guaranteeing,1
minnesotahistory,1
dangers,1
career,1
affected,1
extreme,1
environmental,1
determine,1
measures,1
combine,1
eliminated,1
likewise,1
group,1
beeson,1
approved,1
aresidual,1
effective,1
essays,1
designed,1
schools,1
authority,1
sets,1
summaries,1
federal,1
rewards,1
installing,1
bias,1
expenditure,1
inconsistent,1
cliometrics,1
favor,1
motive,1
acceptance,1
devices,1
charitable,1
total,1
limits,1
litigation,1
defmed,1
variety,1
women,1
peaked,1
anything,1
sewer,1
nose,1
paterson,1
beneficial,1
long,1
every,1
notify,1
expands,1
alarmingly,1
localities,1
bacilli,1
originally,1
ii,1
implications,1
rested,1
concentrated,1
refusal,1
oflllinois,1
dissatisfied,1
seems,1
nature,1
chemicals,1
supplied,1
words,1
scientists,1
leading,1
explores,1
warm,1
governed,1
seller,1
undertake,1
reasons,1
buyer,1
follows,1
thanks,1
reveal,1
onto,1
composition,1
launched,1
court,1
providence,1
carnegie,1
debt,1
shudder,1
improving,1
reserved,1
reading,1
discrete,1
oftransmission,1
daniel,1
infection,1
context,1
seminar,1
british,1
voting,1
issue,1
contraxy,1
ascribed,1
described,1
milwaukee,1
attacked,1
historians,1
capitaf,1
task,1
mass,1
firm,1
agriculture,1
killed,1
ofinstalling,1
vol,1
recommended,1
fl,1
delos,1
condition,1
evan,1
adopting,1
contractual,1
sewers,1
october,1
richard,1
vital,1
calculated,1
indigent,1
whatever,1
regards,1
treating,1
eliminating,1
timothy,1
exchanges,1
shellfish,1
cheng,1
interior,1
enter,1
explainthat,1
givers,1
prevented,1
sand,1
pittsburghapplied,1
sign,1
damages,1
fmds,1
mid,1
exist,1
winning,1
million,1
interms,1
thus,1
lara,1
phase,1
throughout,1
ronald,1
differential,1
relationships,1
component,1
development,1
pockets,1
medical,1
faced,1
dominated,1
demanded,1
tables,1
furthering,1
g,1
author,1
police,1
interest,1
domain,1
ut,1
relatively,1
consumer,1
heightened,1
ability,1
pay,1
expected,1
ai,1
fahrenheit,1
wiley,1
progressive,1
estimates,1
rank,1
cases,1
nelson,1
adjustment,1
sanders,1
nor,1
times,1
taxpayers,1
back,1
body,1
speed,1
outbreaks,1
oxford,1
output,1
suitable,1
compared,1
continuous,1
estimate,1
profit,1
weight,1
diarrhea,1
explore,1
y,1
insomnia,1
practically,1
hooverinstitution,1
patrons,1
insteaid,1
apparently,1
swamps,1
climates,1
acknowledge,1
referendums,1
pasteur,1
incidental,1
purchasing,1
promised,1
perfect,1
may,1
incentives,1
late,1
hian,1
via,1
forwhatever,1
philadelphia,1
communicable,1
exact,1
act,1
rather,1
links,1
absent,1
arising,1
remain,1
edward,1
excerpts,1
basic,1
explicit,1
rapids,1
levels,1
revenues,1
capture,1
responded,1
withthis,1
wernertroeskenisnationalfellow,1
determining,1
granted,1
risk,1
probability,1
legal,1
eight,1
inthe,1
creek,1
gratefully,1
eradicating,1
lay,1
chills,1
criticalepisodes,1
animals,1
actions,1
tern,1
parentheses,1
wages,1
biased,1
organization,1
bleeds,1
yellow,1
slowly,1
lowell,1
clearly,1
poisonous,1
days,1
completion,1
house,1
argued,1
ignorance,1
frequently,1
xi,1
operate,1
exploited,1
powerful,1
follow,1
beyond,1
bedford,1
buffalo,1
willing,1
answers,1
guarantee,1
restriction,1
ontyphoid,1
endemic,1
providers,1
detroit,1
strategy,1
suggested,1
providing,1
drawing,1
causation,1
whereas,1
problem,1
came,1
based,1
acceptable,1
bilateral,1
migrant,1
municipalities,1
found,1
color,1
typical,1
richmond,1
missouri,1
ofideological,1
diet,1
publicy,1
hospitals,1
suits,1
infected,1
intervening,1
prompt,1
supporters,1
block,1
stock,1
treat,1
intolerable,1
intensity,1
purchased,1
seth,1
inprobability,1
fish,1
safe,1
ofpopulation,1
procedures,1
absolute,1
wide,1
expensive,1
bother,1
undermined,1
taxes,1
almost,1
having,1
spheres,1
future,1
ifpublic,1
degrees,1
liable,1
literature,1
work,1
residents,1
steep,1
preferred,1
claim,1
prompted,1
heavily,1
reporters,1
calls,1
related,1
miasmas,1
caught,1
ten,1
anand,1
overview,1
fail,1
place,1
engineer,1
scranton,1
issues,1
climatic,1
records,1
actually,1
falling,1
justification,1
oceans,1
employed,1
il,1
waterbome,1
showing,1
project,1
monopoly,1
won,1
status,1
both,1
own,1
attributed,1
approach,1
refuse,1
errors,1
either,1
norfolk,1
pollution,1
thrived,1
causal,1
published,1
chlorinating,1
running,1
officials,1
sense,1
presented,1
hard,1
diminish,1
lowest,1
administrator,1
revolution,1
things,1
seized,1
socialist,1
excuse,1
germ,1
involved,1
specifically,1
around,1
intervals,1
monongahela,1
several,1
characteristics,1
driving,1
june,1
highly,1
allegheny,1
transfer,1
protect,1
usual,1
tended,1
impossible,1
dedicated,1
cincinnati,1
generally,1
inability,1
st,1
eit,1
citations,1
purporting,1
value,1
provided,1
law,1
valuable,1
gordon,1
enjoy,1
incumbent,1
championed,1
society,1
appeal,1
survived,1
he,1
sons,1
demand,1
reductions,1
matter,1
absence,1
contact,1
protecting,1
interpolation,1
birmingham,1
chlorinated,1
alnalysis,1
deati,1
short,1
wrote,1
indeed,1
lag,1
consists,1
ofpublic,1
jacksonville,1
correctional,1
eminent,1
albany,1
etween,1
concern,1
april,1
community,1
authorizing,1
still,1
ownersh,1
illustrating,1
modes,1
surveyed,1
communities,1
yet,1
reference,1
arrangements,1
marginal,1
thought,1
serve,1
soon,1
sex,1
technology,1
columbus,1
challenged,1
participants,1
abandon,1
obligated,1
unbalanced,1
sales,1
aforementioned,1
restrooms,1
highways,1
ofgeneral,1
spokanne,1
toronto,1
quotations,1
williams,1
enterprises,1
squabbling,1
lee,1
diary,1
fire,1
followingyears,1
attacks,1
power,1
stated,1
kenneth,1
admirable,1
stating,1
approaching,1
similarly,1
varies,1
addition,1
demographic,1
missing,1
lack,1
treatment,1
benevolent,1
pressure,1
minnesota,1
departments,1
epidemiology,1
ofprimary,1
choice,1
inconsistency,1
together,1
really,1
break,1
infectious,1
never,1
john,1
collinearity,1
debates,1
everything,1
seize,1
variation,1
discussed,1
conferred,1
men,1
conclusions,1
likelihood,1
increases,1
existing,1
accepted,1
relevant,1
jobs,1
celebrated,1
patty,1
practice,1
terns,1
blaming,1
perhaps,1
frequency,1
children,1
hays,1
gives,1
recommend,1
smallest,1
degree,1
ineptitude,1
meetings,1
bond,1
greatest,1
ignored,1
discussion,1
supplies,1
session,1
effectiveness,1
treated,1
range,1
regressor,1
helps,1
limitations,1
enormous,1
procedure,1
depended,1
sufficiently,1
recover,1
healthfulness,1
complexities,1
identity,1
exploits,1
insuring,1
findings,1
empirical,1
entirely,1
waste,1
food,1
sold,1
hypotheses,1
pervasiveness,1
assumption,1
beito,1
privileges,1
congress,1
bed,1
poultry,1
recovery,1
examination,1
theories,1
ayear,1
filth,1
bresnahan,1
negotiating,1
low,1
tremors,1
quotation,1
discovered,1
modem,1
doctors,1
grew,1
departmnent,1
furnish,1
inadequate,1
safety,1
prevents,1
issn,1
serious,1
held,1
watered,1
david,1
summer,1
untreated,1
ongoing,1
distinction,1
mountain,1
stanforduniversity,1
disclaimer,1
earlier,1
believing,1
construct,1
curtailing,1
inposing,1
spent,1
qqq,1
random,1
wilkins,1
salt,1
overcome,1
examine,1
seattle,1
mellon,1
structure,1
electric,1
refrained,1
contracts,1
workshop,1
macmillan,1
relative,1
joint,1
insan,1
nashville,1
fourteenth,1
applies,1
bickering,1
specifications,1
european,1
carried,1
birmingha,1
stage,1
tests,1
alleys,1
me,1
effluents,1
today,1
raise,1
independent,1
continued,1
george,1
recall,1
bureaucrats,1
washed,1
foreign,1
trended,1
bound,1
hill,1
begin,1
vague,1
dec,1
slow,1
sensitive,1
ofmmunicipal,1
concluding,1
detailed,1
bears,1
credited,1
sukkoo,1
recognize,1
yit,1
volumes,1
owed,1
life,1
strides,1
censuis,1
surprising,1
dead,1
centuries,1
itself,1
canada,1
wellsandsprings,1
inducing,1
gathered,1
interpolated,1
influencing,1
regularly,1
clamoring,1
claims,1
school,1
larryneal,1
springfield,1
proof,1
environment,1
fifteen,1
elected,1
series,1
changing,1
grand,1
nervous,1
must,1
undertyphoid,1
manual,1
simply,1
extensive,1
constituted,1
determinants,1
log,1
municipality,1
carriers,1
precise,1
coughing,1
willingness,1
spots,1
meat,1
acquisitions,1
consented,1
oftown,1
column,1
colorado,1
quickly,1
ran,1
natural,1
overestimate,1
ofyear,1
substantively,1
sure,1
country,1
halt,1
referees,1
best,1
microeconomics,1
klein,1
half,1
palatka,1
captures,1
domestic,1
abdomen,1
eventually,1
ideological,1
milk,1
alternatively,1
denver,1
dumped,1
differed,1
consciousness,1
merely,1
beginning,1
dayton,1
purchase,1
investnent,1
preexisting,1
cauisation,1
burns,1
corporations,1
references,1
era,1
imposed,1
nearby,1
alston,1
proven,1
climatological,1
passed,1
vigorously,1
intercity,1
leaving,1
waters,1
healthy,1
property,1
hundreds,1
bacteria,1
categories,1
freedom,1
empowering,1
boston,1
owner,1
commissioner,1
code,1
surveys,1
exercising,1
despite,1
subsidies,1
prevalent,1
duty,1
mayor,1
ofmean,1
administration,1
confronted,1
rochester,1
resistance,1
ranks,1
world,1
takeover,1
writing,1
reaching,1
varied,1
remarks,1
espouse,1
susceptible,1
sanitarians,1
models,1
englishman,1
locations,1
initiated,1
reconsiders,1
finding,1
turbidity,1
andleviathan,1
mayoralty,1
samuel,1
imperative,1
motives,1
dangerous,1
contributed,1
d,1
socially,1
product,1
defined,1
off,1
promptly,1
remains,1
shift,1
increased,1
classification,1
brook,1
anonymous,1
comparison,1
needs,1
intercollegiate,1
rest,1
nausea,1
mcgraw,1
revolting,1
dependant,1
liquid,1
temperatures,1
bargain,1
import,1
kim,1
comparable,1
complement,1
should,1
building,1
ga,1
showed,1
race,1
hospitalization,1
