WORDCOUNTS,WEIGHT
the,833
of,377
and,273
to,220
in,218
a,190
bank,186
policy,146
gold,142
that,114
is,111
was,101
monetary,98
for,90
as,83
s,79
market,77
by,67
an,65
with,64
from,62
rate,55
expectations,52
norman,52
not,48
were,47
million,42
central,41
this,41
rates,39
portfolio,38
see,36
be,36
standard,35
model,34
sayers,33
are,33
have,33
it,32
new,32
on,32
reserves,30
at,28
england,28
had,28
which,28
would,26
he,25
or,25
through,25
flows,24
no,24
br,23
than,23
economic,23
control,23
change,21
garrett,21
history,20
bl,20
but,20
table,20
inflows,19
interwar,19
two,19
channel,19
deposits,19
reported,19
treasury,19
markets,18
however,18
classical,18
period,18
credibility,17
information,17
expected,17
flow,17
p,17
given,17
because,16
during,16
more,16
note,16
been,16
securities,16
if,15
his,15
could,15
depression,15
financial,15
all,14
interest,14
may,14
public,14
decline,14
pp,14
ratio,14
pound,14
they,13
great,13
their,13
changes,13
reserve,13
only,13
banks,13
increase,13
brown,13
rd,13
until,13
large,12
negative,12
issue,12
output,12
means,12
discount,12
example,12
optimal,12
results,12
published,12
dummy,12
both,12
cambridge,12
average,12
between,12
problem,11
has,11
journal,11
bills,11
operations,11
university,11
n,11
pounds,11
inflow,11
produced,11
its,11
rules,11
less,11
one,10
money,10
used,10
special,10
required,10
r,10
eichengreen,10
macroeconomic,10
when,10
bankers,10
time,10
so,10
can,10
figure,10
over,10
keynes,10
ways,9
british,9
review,9
keep,9
even,9
cost,9
base,9
stock,9
percent,9
london,9
size,9
caused,9
will,9
return,9
under,9
after,9
equation,9
advances,9
press,9
although,9
effective,8
rational,8
other,8
i,8
there,8
thus,8
forced,8
outflow,8
late,8
literature,8
policies,8
using,8
these,8
department,8
also,8
private,8
assumption,8
variables,8
real,8
three,8
held,8
independent,8
temin,8
regime,8
current,8
seasonal,8
level,8
role,8
models,8
therefore,7
into,7
first,7
consistent,7
either,7
did,7
regression,7
case,7
above,7
minimum,7
behavior,7
houses,7
intercept,7
instrument,7
data,7
up,7
games,7
second,7
indicates,7
contractionary,7
ibid,7
actual,7
low,7
spread,7
high,7
quarter,7
amalgamation,7
months,7
variable,7
then,7
set,7
monthly,7
very,7
deflation,7
little,7
does,6
lower,6
sources,6
vol,6
events,6
bill,6
september,6
york,6
federal,6
support,6
too,6
additional,6
important,6
view,6
out,6
economics,6
oh,6
well,6
barro,6
gordon,6
periods,6
britain,6
strategic,6
positive,6
about,6
outflows,6
john,6
deflationary,6
trend,6
general,6
figures,6
garfinkel,6
united,6
conclusion,6
economy,6
maintain,6
off,6
kindleberger,6
assumed,6
montagu,5
conducted,5
holding,5
source,5
steady,5
capie,5
government,5
political,5
system,5
u,5
far,5
run,5
inflation,5
author,5
adjustment,5
channels,5
webber,5
operation,5
without,5
coefficients,5
sum,5
four,5
hereafter,5
holdings,5
moving,5
result,5
assets,5
strength,5
further,5
prewar,5
basis,5
exp,5
weekly,5
below,5
small,5
sufficient,5
june,5
notes,5
value,5
sargent,5
reporting,5
easing,5
canzoneri,5
end,5
where,5
necessary,5
maturity,5
effectiveness,5
significant,5
full,5
peter,5
function,5
banking,5
effect,5
independence,5
following,5
lessons,5
equilibrium,5
theory,5
balance,5
assumptions,5
false,5
kingdom,5
evidence,5
defined,5
macroeconomics,5
coefficient,5
traditional,5
inflationary,4
estimated,4
rdt,4
zero,4
liabilities,4
considerations,4
dressing,4
position,4
committee,4
dg,4
total,4
inconsistency,4
long,4
expectation,4
able,4
state,4
constraint,4
some,4
politics,4
reaction,4
barry,4
likely,4
such,4
against,4
price,4
american,4
left,4
estimate,4
details,4
though,4
adequate,4
act,4
rather,4
borrowing,4
levels,4
opportunity,4
similar,4
derived,4
consequences,4
factors,4
tightness,4
international,4
clarke,4
part,4
secret,4
related,4
surprise,4
issues,4
broad,4
t,4
causal,4
order,4
around,4
mechanism,4
asset,4
april,4
forecast,4
interpretation,4
j,4
times,4
same,4
street,4
party,4
strike,4
addition,4
choice,4
contradict,4
howson,4
do,4
hidden,4
refers,4
stabilizers,4
narrow,4
january,4
maturities,4
opposite,4
separate,4
yields,4
window,4
usually,4
who,4
constant,4
here,4
capital,4
confidential,4
restrictive,4
wall,4
domestic,4
merely,4
game,4
them,4
stability,4
calculations,4
maturing,4
episode,4
must,4
step,4
target,4
maintained,4
spring,4
years,4
difference,4
conditions,4
substantial,4
much,4
should,4
close,4
major,4
difficult,3
archives,3
o,3
m,3
commitment,3
resulted,3
implies,3
measures,3
germany,3
prime,3
bias,3
before,3
elusive,3
official,3
words,3
reach,3
ble,3
daily,3
debt,3
chancellor,3
greatly,3
those,3
existence,3
possible,3
e,3
holtfrerich,3
supply,3
conflict,3
differential,3
accuracy,3
difficulties,3
clay,3
body,3
response,3
inclusion,3
friedman,3
influence,3
finances,3
how,3
assuming,3
nos,3
maintaining,3
statistical,3
stabilizing,3
impact,3
weak,3
frequently,3
w,3
most,3
origins,3
problems,3
based,3
found,3
conservative,3
extraordinary,3
called,3
access,3
transactions,3
equal,3
record,3
drain,3
james,3
governing,3
failure,3
unless,3
ten,3
depositors,3
boom,3
call,3
reflect,3
schwartz,3
interpreted,3
manipulation,3
exchequer,3
presented,3
hiding,3
driving,3
research,3
dependent,3
appropriate,3
led,3
matter,3
play,3
attempt,3
hold,3
direction,3
woolley,3
management,3
positively,3
sales,3
rise,3
business,3
longer,3
cumulative,3
abstract,3
seldom,3
never,3
moggridge,3
hand,3
v,3
accepted,3
confrontation,3
controversy,3
averaged,3
range,3
including,3
use,3
net,3
portfolios,3
clearing,3
co,3
august,3
played,3
kept,3
thomas,3
exchange,3
repeated,3
respectively,3
probably,3
equivalent,3
governor,3
regressions,3
provide,3
five,3
foreign,3
employment,3
deposit,3
force,3
analysis,3
considered,3
magnitude,3
circumstances,3
slope,3
charles,3
text,3
lying,3
down,3
appendix,3
what,3
march,3
month,3
unique,3
always,3
early,3
rdd,3
targets,3
timely,3
became,3
techniques,3
world,3
institutional,3
states,3
profits,3
supported,3
point,3
costly,3
deception,2
go,2
way,2
later,2
indicated,2
generated,2
episodes,2
profitability,2
offset,2
utility,2
hawtrey,2
complex,2
midquarter,2
entries,2
authority,2
sets,2
necessarily,2
presents,2
princeton,2
discounting,2
test,2
being,2
discretion,2
earning,2
stabilization,2
electoral,2
parliamentary,2
creation,2
derives,2
setting,2
degree,2
incomplete,2
seems,2
nature,2
simple,2
incident,2
survey,2
take,2
grip,2
last,2
raised,2
robert,2
normal,2
discipline,2
sheet,2
within,2
threshold,2
side,2
linear,2
subsequent,2
primary,2
buiter,2
firm,2
right,2
solving,2
understated,2
activity,2
sale,2
strayed,2
anticipated,2
constrained,2
prevented,2
openmarket,2
currency,2
severe,2
reject,2
ease,2
ability,2
pay,2
asymmetrical,2
turn,2
driffill,2
nor,2
amount,2
causing,2
wholly,2
compared,2
y,2
instruments,2
corrected,2
apparently,2
adjust,2
drained,2
simultaneously,2
essential,2
centered,2
square,2
knew,2
tary,2
importance,2
certain,2
proffered,2
monetarists,2
macromodel,2
downward,2
servants,2
consider,2
flexibility,2
fiduciary,2
driven,2
just,2
shrinking,2
show,2
aon,2
powerful,2
follow,2
beyond,2
modeled,2
willing,2
dominant,2
david,2
whereas,2
greater,2
advance,2
my,2
came,2
lead,2
declined,2
misreported,2
prescott,2
underreported,2
leonard,2
otherwise,2
safe,2
coin,2
directly,2
tobin,2
future,2
correctly,2
currencies,2
work,2
received,2
tool,2
strict,2
slightly,2
civil,2
loss,2
year,2
fit,2
consistently,2
records,2
forces,2
michelle,2
tendency,2
resort,2
alan,2
status,2
weeks,2
approach,2
errors,2
substituting,2
solution,2
officials,2
least,2
correct,2
hard,2
tight,2
consensus,2
few,2
accomplished,2
highly,2
secrecy,2
describes,2
provided,2
lohmann,2
keynesians,2
tighten,2
lend,2
counteract,2
churchill,2
proxy,2
demand,2
requirement,2
short,2
limited,2
kydland,2
july,2
reconstruction,2
accumulate,2
manipulated,2
arrangements,2
marginal,2
dummies,2
watson,2
lord,2
ed,2
largest,2
reports,2
double,2
successfully,2
toward,2
fact,2
limit,2
pressure,2
seonghwan,2
substantially,2
fashion,2
pattern,2
serious,2
conclusions,2
surprises,2
rogoff,2
simplicity,2
day,2
convenient,2
remained,2
extended,2
easier,2
made,2
explanation,2
sterilize,2
judge,2
concern,2
empirical,2
sold,2
questions,2
evolution,2
deployed,2
minimize,2
described,2
microfoundations,2
b,2
bonn,2
allowed,2
started,2
him,2
multiplier,2
anyone,2
provides,2
written,2
outcomes,2
neumann,2
become,2
efficiency,2
structure,2
claiming,2
parameters,2
macmillan,2
often,2
attention,2
tennessee,2
nonlinearity,2
european,2
implicitly,2
carried,2
relationship,2
raise,2
persson,2
continued,2
movements,2
testing,2
referred,2
began,2
economists,2
transformation,2
rapidly,2
maximizing,2
indicate,2
cease,2
fall,2
surprising,2
face,2
pressures,2
susan,2
meant,2
stable,2
quantitatively,2
quantitative,2
liked,2
any,2
senior,2
simply,2
chattanooga,2
known,2
overreported,2
column,2
cover,2
each,2
cushion,2
december,2
historians,2
seem,2
believe,2
half,2
scenario,2
grossman,2
losses,2
february,2
believed,2
beginning,2
defend,2
according,2
nominal,2
whether,2
particular,2
writes,2
produce,2
almost,2
threat,2
millions,2
intention,2
despite,2
november,2
giving,2
sheets,2
measure,2
qualitative,2
manfred,2
reveals,2
dubious,2
sterilized,2
upon,2
d,2
regular,2
plentiful,2
increased,2
ranged,2
needs,2
tations,2
reached,2
abandoned,2
among,2
waited,1
trick,1
fraudulent,1
margins,1
formulated,1
done,1
owes,1
liquidate,1
limits,1
conflicting,1
declared,1
fertile,1
concerned,1
asymmetric,1
modelexpectations,1
nest,1
till,1
created,1
facade,1
actuated,1
mimeo,1
affected,1
extreme,1
berkeley,1
hogarth,1
sagged,1
overstated,1
liquidity,1
propagation,1
jure,1
budget,1
introduction,1
originate,1
contradicts,1
berlin,1
per,1
forcing,1
informational,1
contemporaneous,1
ultimatum,1
group,1
shocks,1
highlights,1
needed,1
replaced,1
drastically,1
ma,1
formed,1
true,1
h,1
strictly,1
completely,1
inconsistent,1
specified,1
mit,1
checking,1
discounts,1
satisfied,1
wolf,1
finance,1
reasonably,1
justified,1
fixed,1
lindert,1
occurred,1
habits,1
equations,1
inadvisable,1
mcgrawhill,1
remedy,1
buffer,1
chief,1
sayer,1
intentions,1
reputational,1
fitted,1
member,1
attribute,1
arguing,1
explaining,1
modest,1
every,1
revisited,1
pervasive,1
fund,1
taken,1
symmetrical,1
misstated,1
opted,1
meaning,1
reduction,1
allow,1
stretch,1
referees,1
overnight,1
declares,1
containing,1
height,1
available,1
internationalness,1
assertion,1
estimation,1
fighter,1
marketable,1
origin,1
admittedly,1
rule,1
proves,1
link,1
thanks,1
closer,1
reveal,1
concludes,1
trivialization,1
procedure,1
court,1
hunting,1
risk,1
harvey,1
identically,1
help,1
depress,1
manipulating,1
influences,1
henry,1
reserved,1
adventures,1
snug,1
depleted,1
reading,1
somewhat,1
pertains,1
committed,1
tireless,1
governors,1
declines,1
worldwide,1
seminar,1
ernest,1
booked,1
empty,1
moneymultiplier,1
exogenous,1
establishes,1
gaming,1
dr,1
ltd,1
eventual,1
autonomous,1
key,1
task,1
matthew,1
treasuries,1
nonlinearities,1
draw,1
motivating,1
openpublic,1
account,1
inverse,1
opened,1
prior,1
constraints,1
cooperation,1
condition,1
shared,1
characterize,1
slight,1
strains,1
alter,1
october,1
move,1
advantageous,1
alone,1
professor,1
desired,1
since,1
except,1
x,1
classics,1
coordinating,1
indicating,1
utmost,1
quantity,1
along,1
milder,1
representing,1
enter,1
comingled,1
chronic,1
specia,1
internationally,1
overstating,1
tied,1
sign,1
harold,1
guilty,1
exist,1
repeatedly,1
maynard,1
iron,1
includes,1
counterfactual,1
affiliation,1
targeting,1
reverse,1
brt,1
inner,1
reputation,1
pursue,1
calculated,1
surrounded,1
illustrates,1
initial,1
precipitating,1
econometric,1
victory,1
implicating,1
de,1
g,1
forbearance,1
track,1
adjusting,1
relatively,1
precise,1
defacto,1
relations,1
adams,1
suitably,1
jr,1
restore,1
sample,1
inversion,1
tripartite,1
unwilling,1
exhausted,1
exercise,1
priority,1
kommission,1
estimates,1
cases,1
reluctance,1
underlying,1
twoand,1
displays,1
turned,1
refer,1
convincing,1
accurately,1
contrary,1
six,1
allowing,1
underreport,1
unchanged,1
continuous,1
third,1
misleading,1
thin,1
mechanical,1
stimulating,1
negating,1
sterilizing,1
strengthening,1
weakness,1
subversion,1
chancellors,1
loans,1
error,1
implementation,1
react,1
focused,1
purchasing,1
longing,1
higher,1
failed,1
mechanisms,1
rights,1
steps,1
bluffing,1
deviation,1
parity,1
wishes,1
added,1
whose,1
german,1
reflects,1
mild,1
hopes,1
predicted,1
undistorted,1
devastating,1
motivation,1
l,1
performance,1
negatively,1
main,1
across,1
developed,1
edward,1
possession,1
repayment,1
lagged,1
basic,1
influential,1
crash,1
sorely,1
notion,1
abrogation,1
active,1
environments,1
requisite,1
sudden,1
comply,1
determining,1
granted,1
rescue,1
associate,1
earlier,1
persistent,1
flexible,1
pollard,1
monetize,1
grew,1
se,1
adjustments,1
direct,1
balanced,1
gratefully,1
deputy,1
riskaversion,1
abysmal,1
summarized,1
doktorvater,1
onwards,1
perilous,1
methuen,1
reason,1
references,1
bosses,1
determination,1
solutions,1
category,1
parentheses,1
acquisition,1
affect,1
plus,1
supports,1
possibly,1
meekly,1
benefits,1
neutral,1
misstating,1
internationale,1
clearly,1
liberal,1
threatening,1
days,1
elevated,1
numbers,1
traces,1
welfare,1
gradually,1
enhancement,1
house,1
contemporaries,1
ignorance,1
unproblematic,1
prevent,1
proven,1
unavoidable,1
commonly,1
experienced,1
superior,1
voluminous,1
cunliffe,1
requested,1
unsuitable,1
followed,1
instance,1
imminent,1
helped,1
rapping,1
suggested,1
ancient,1
footnote,1
cut,1
appear,1
conflicts,1
constructive,1
standards,1
priori,1
path,1
complications,1
corridors,1
asserts,1
stroke,1
method,1
entered,1
das,1
inappropriate,1
indeterminant,1
ambiguity,1
effort,1
seven,1
deal,1
eserves,1
intermediary,1
radical,1
disingenuous,1
captured,1
constantly,1
secretly,1
term,1
evaluate,1
academic,1
unions,1
eliminates,1
fourth,1
furthermore,1
precomitment,1
traced,1
understood,1
let,1
cuts,1
war,1
hitler,1
precautions,1
recently,1
milton,1
unemployment,1
probed,1
purchased,1
teach,1
scale,1
representatives,1
perform,1
absolute,1
enough,1
premise,1
nonstabilizers,1
wants,1
influenced,1
briefly,1
improve,1
temporized,1
specifically,1
anna,1
expansionary,1
line,1
conduit,1
makers,1
publish,1
rainy,1
carry,1
swap,1
prominent,1
brought,1
expectationsbased,1
knowledge,1
shortness,1
nationalized,1
excessive,1
uc,1
realm,1
older,1
intermediate,1
overtly,1
easiest,1
depositor,1
contains,1
enforce,1
colinearity,1
earn,1
dispense,1
thereafter,1
winter,1
documented,1
hither,1
justification,1
surrounding,1
employed,1
anything,1
systematic,1
underreporting,1
own,1
strongest,1
absorb,1
good,1
statistically,1
padding,1
normally,1
successful,1
lowest,1
fostered,1
unexpected,1
suggest,1
reliable,1
tested,1
coupled,1
next,1
wrong,1
consolidation,1
assemble,1
quite,1
acted,1
persuade,1
involved,1
signifies,1
several,1
disseminator,1
characteristics,1
issuing,1
dividend,1
temporary,1
governments,1
industry,1
falsifications,1
fixity,1
mse,1
legislated,1
blunt,1
essentially,1
deviant,1
usual,1
potent,1
impossible,1
credible,1
arket,1
core,1
wirtschaftswissenschaft,1
parliament,1
fully,1
managed,1
publishedwould,1
invariant,1
st,1
notice,1
peculiar,1
plausible,1
confidant,1
eventuated,1
finds,1
swings,1
moved,1
valuable,1
activities,1
leveraged,1
content,1
endorses,1
occasions,1
institut,1
sidney,1
threatened,1
portion,1
critical,1
horizons,1
heretofore,1
fails,1
irrespective,1
power,1
arrangement,1
forever,1
reduced,1
reductions,1
minor,1
observations,1
advocate,1
variety,1
demonetize,1
steadily,1
inadequacy,1
kenneth,1
distorted,1
permits,1
yon,1
reinterpreted,1
manipulate,1
notoriously,1
acknowledged,1
classic,1
indication,1
drops,1
exception,1
upward,1
needlessly,1
denominator,1
prove,1
exerts,1
whatever,1
allen,1
specifying,1
willem,1
nonstandard,1
technically,1
expanded,1
comments,1
unprecedented,1
targeted,1
relaxed,1
contra,1
backed,1
decisions,1
structural,1
single,1
inconvenient,1
guide,1
once,1
ineffective,1
edited,1
yet,1
selling,1
incipient,1
makes,1
steer,1
canceling,1
soon,1
technology,1
restricted,1
upwards,1
rists,1
expediency,1
unwin,1
tn,1
adjusted,1
complete,1
choices,1
pangloss,1
deliver,1
costs,1
already,1
warranted,1
noted,1
friend,1
sector,1
avoided,1
fairly,1
considers,1
declining,1
chose,1
worst,1
dire,1
uncontested,1
sided,1
name,1
monetarist,1
book,1
temporarily,1
runs,1
fell,1
stream,1
mark,1
again,1
stating,1
mattered,1
approaching,1
preferences,1
conceived,1
ask,1
lowering,1
towards,1
blip,1
remaining,1
marketcontrol,1
shows,1
lack,1
consideration,1
conduct,1
scholars,1
seasonality,1
instability,1
documents,1
audacious,1
regulation,1
dysfunctional,1
grave,1
governed,1
larger,1
isolate,1
decreases,1
bluff,1
variation,1
bruening,1
discussed,1
enactment,1
puzzling,1
forms,1
outside,1
likelihood,1
ground,1
remarkable,1
increases,1
topped,1
operating,1
manner,1
innovative,1
understating,1
boldest,1
validity,1
empire,1
ensured,1
income,1
orthodoxy,1
muster,1
relevant,1
tell,1
explicit,1
keynesian,1
ahead,1
norms,1
ao,1
charter,1
perhaps,1
fullemployment,1
sell,1
mechanically,1
follows,1
shifts,1
number,1
explicitly,1
al,1
distortions,1
nonseasonal,1
anticipate,1
scant,1
responded,1
argues,1
original,1
meetings,1
stabilize,1
credit,1
emanating,1
exhibit,1
ignored,1
discussion,1
admits,1
crank,1
success,1
treated,1
contractions,1
sides,1
writings,1
robustness,1
enormous,1
ruling,1
therefrom,1
tighter,1
louis,1
findings,1
conservatively,1
combining,1
prevailed,1
slump,1
largely,1
virtually,1
factor,1
misreporting,1
assume,1
causes,1
revelations,1
assign,1
maintains,1
engaged,1
nothing,1
examination,1
chosen,1
falsification,1
option,1
embark,1
reinforcing,1
enforcers,1
california,1
optimistic,1
theoretical,1
reevaluated,1
significance,1
clear,1
discovered,1
torsten,1
adding,1
spike,1
points,1
dominated,1
logic,1
amounts,1
issn,1
individual,1
feasible,1
summer,1
features,1
curve,1
serves,1
obtained,1
lie,1
running,1
losing,1
lose,1
latter,1
spent,1
payment,1
margin,1
especially,1
labour,1
article,1
satisfy,1
dollars,1
sensible,1
overcome,1
xvi,1
mainly,1
deliberate,1
accordingly,1
attendant,1
mr,1
postwar,1
implication,1
sept,1
refrained,1
story,1
theo,1
we,1
ular,1
relative,1
precommitment,1
quarterly,1
postpone,1
tenuous,1
trivialities,1
la,1
claudia,1
nationalization,1
increasing,1
neuman,1
genesis,1
depth,1
stage,1
alters,1
depressed,1
signs,1
autumn,1
aid,1
violation,1
longmans,1
bureau,1
replied,1
george,1
popularity,1
crucial,1
utc,1
vitiate,1
averse,1
sec,1
institutions,1
attempted,1
execution,1
recourse,1
seen,1
detailed,1
universitat,1
why,1
methods,1
embarrassment,1
coordination,1
extremely,1
raising,1
forest,1
erode,1
noninflationary,1
durability,1
enforcer,1
expec,1
contemplated,1
seriously,1
wars,1
specification,1
counterintuitive,1
version,1
changing,1
conjunction,1
nervous,1
extensive,1
ever,1
lest,1
discrepancy,1
specific,1
claims,1
fulbright,1
alternative,1
established,1
concerns,1
know,1
outcome,1
excess,1
natural,1
solves,1
readily,1
qualifier,1
paper,1
deleted,1
contained,1
connection,1
falsely,1
board,1
altering,1
assumes,1
forsworn,1
inquiry,1
counting,1
eventually,1
foundation,1
concurrently,1
exploiting,1
particularly,1
expresses,1
build,1
historical,1
section,1
numerator,1
utilized,1
mass,1
recorder,1
emerges,1
type,1
better,1
sag,1
faithfully,1
william,1
didn,1
ruse,1
unlikely,1
purchase,1
automatically,1
recession,1
strained,1
vs,1
biannual,1
form,1
misreport,1
making,1
rising,1
cause,1
independently,1
add,1
textbook,1
validate,1
firmly,1
leaving,1
distribution,1
egg,1
unwise,1
insightful,1
highs,1
remedies,1
bureaucratic,1
rewrite,1
listed,1
missed,1
virginia,1
maximum,1
contain,1
middle,1
marking,1
bodies,1
bought,1
boldly,1
occasionally,1
balances,1
profitmaximizing,1
multiple,1
protected,1
thereby,1
affecting,1
tightening,1
introduced,1
interaction,1
unaffected,1
convinced,1
paribus,1
plans,1
lies,1
administration,1
territory,1
confronted,1
taxpayer,1
phenomenon,1
exceptionally,1
comprehend,1
susanne,1
varied,1
remarks,1
unrecognizable,1
uncharacteristically,1
proceeds,1
depositsa,1
formation,1
finn,1
shown,1
commercial,1
argument,1
unable,1
frontiers,1
finding,1
knights,1
decrease,1
lately,1
paradigm,1
national,1
leverage,1
write,1
purporting,1
finally,1
accept,1
aware,1
reversed,1
unending,1
course,1
approximately,1
richard,1
efficient,1
magnitudes,1
judges,1
exaggerate,1
need,1
green,1
smaller,1
discusslions,1
effects,1
playing,1
forming,1
freie,1
measured,1
association,1
roughly,1
anonymous,1
sonderforschungsbereich,1
contradicted,1
nqrman,1
dishonesty,1
substitute,1
actions,1
spilled,1
klein,1
dziobek,1
c,1
protested,1
succeeded,1
say,1
enterprise,1
partial,1
create,1
dark,1
uncertainty,1
bounds,1
element,1
abroad,1
entire,1
backwards,1
ceteris,1
re,1
bre,1
strong,1
avoid,1
whenever,1
rabin,1
exchanges,1
fiscal,1
meeting,1
doing,1
fur,1
predicated,1
laws,1
martin,1
convertibility,1
hypothesis,1
