WORDCOUNTS,WEIGHT
the,805
of,450
in,418
and,402
to,229
labor,195
a,173
southern,150
for,143
south,128
union,113
unions,102
by,102
state,94
workers,94
that,86
is,84
political,83
states,81
with,79
were,74
from,73
s,72
as,69
university,67
on,67
was,66
press,66
new,60
p,55
are,53
united,53
american,46
see,46
unionization,46
election,43
their,40
membership,40
but,39
strike,39
had,37
black,37
it,36
not,36
employers,35
northern,35
unionism,35
no,34
white,34
this,34
percent,33
north,33
table,32
strikes,30
than,28
york,28
pp,28
company,27
there,27
democratic,27
friedman,26
an,26
negro,26
they,25
or,25
early,25
where,24
cities,24
economic,23
after,23
economy,23
history,22
i,22
census,22
force,22
race,22
alabama,21
support,21
organized,21
because,21
industry,21
social,21
also,21
regressions,21
at,20
against,20
example,20
towns,20
margins,19
other,19
politics,19
quoted,19
population,19
city,19
only,19
variable,19
have,19
racial,18
percentage,18
class,18
number,18
sources,17
politicians,17
party,17
members,17
strikebreakers,17
over,17
one,16
proportion,16
data,16
culture,16
more,16
many,16
margin,16
been,16
washington,16
between,16
rate,15
such,15
weakness,15
strikers,15
industrialization,15
officials,15
he,15
local,15
chicago,15
be,15
even,14
edited,14
carolina,14
its,14
used,14
size,14
industrial,14
less,14
report,14
all,13
racism,13
his,13
origins,13
results,13
competition,13
presidential,13
associated,13
them,13
has,12
could,12
failure,12
massachusetts,12
would,12
did,12
miners,11
some,11
cambridge,11
without,11
growth,11
reforms,11
elsewhere,11
pullman,11
work,11
statistics,11
power,11
model,11
variables,11
effect,11
quarterly,11
who,11
elected,11
few,11
william,11
average,11
d,11
much,11
t,10
whites,10
coal,10
factors,10
worker,10
vote,10
during,10
legislation,10
movement,10
structural,10
wright,10
john,10
mill,10
made,10
victory,10
bureau,10
knights,10
among,10
use,9
birmingham,9
those,9
voting,9
historical,9
throughout,9
police,9
b,9
organization,9
war,9
dependent,9
hegemony,9
community,9
j,9
reform,9
any,9
dixie,9
tenth,9
urban,9
both,9
world,9
national,9
estimated,8
large,8
regression,8
establishment,8
fishback,8
old,8
oxford,8
compared,8
higher,8
town,8
congressional,8
wages,8
weak,8
w,8
most,8
conservative,8
out,8
economics,8
successful,8
small,8
mitchell,8
reported,8
these,8
afl,8
years,8
ny,8
so,8
note,8
gpo,8
nonagricultural,8
international,8
woodward,8
through,8
cash,8
manufacturing,8
blacks,8
strong,8
e,7
ma,7
policy,7
protection,7
gap,7
every,7
government,7
reed,7
robert,7
wage,7
within,7
richard,7
mine,7
since,7
forced,7
warned,7
journal,7
rates,7
voters,7
organizing,7
mean,7
nonwhite,7
dc,7
cultural,7
public,7
well,7
up,7
likely,7
action,7
guide,7
arbitration,7
discussed,7
free,7
including,7
which,7
described,7
period,7
him,7
chapel,7
we,7
louisiana,7
george,7
hill,7
fewer,7
life,7
analysis,7
country,7
share,7
c,7
programs,7
smaller,7
employer,7
struggle,6
common,6
if,6
federation,6
negative,6
first,6
available,6
mind,6
october,6
carpenters,6
point,6
supremacy,6
estimates,6
freed,6
strikebreaking,6
join,6
industries,6
operation,6
act,6
greenwood,6
welfare,6
textile,6
logit,6
found,6
demands,6
cio,6
civil,6
year,6
collective,6
won,6
working,6
several,6
when,6
upr,6
exceptionalism,6
marshall,6
ed,6
department,6
organizations,6
challenge,6
business,6
do,6
region,6
goldfield,6
significant,6
dummy,6
trade,6
divisions,6
allowed,6
m,6
behind,6
militancy,6
ofthe,6
machinists,6
log,6
u,6
what,6
comer,6
earners,6
disfranchisement,6
illinois,6
course,6
straw,6
h,5
coalition,5
before,5
said,5
capitalist,5
great,5
influences,5
construction,5
diss,5
laws,5
winning,5
central,5
review,5
century,5
ct,5
back,5
leadership,5
kentucky,5
may,5
johns,5
established,5
bruce,5
cotton,5
votes,5
david,5
greater,5
locals,5
baton,5
hopkins,5
literature,5
london,5
bois,5
nation,5
people,5
employed,5
reduced,5
still,5
counterparts,5
same,5
gary,5
oflabor,5
fink,5
factory,5
towards,5
michael,5
eds,5
day,5
elite,5
arnesen,5
verso,5
harvard,5
office,5
rouge,5
held,5
why,5
especially,5
tennessee,5
independent,5
sometimes,5
amherst,5
fear,5
success,5
bureaus,5
leaders,5
ph,5
explanations,5
agricultural,5
annual,5
commissioner,5
southerners,5
vann,5
instead,5
include,5
you,5
meyers,5
zieger,5
democracy,4
gerald,4
later,4
measures,4
needed,4
rick,4
rogers,4
into,4
carroll,4
controlled,4
du,4
lichtenstein,4
electoral,4
davis,4
interests,4
rapid,4
paternalism,4
parties,4
georgia,4
california,4
hostile,4
system,4
case,4
america,4
bricklayers,4
gardner,4
prejudice,4
thus,4
calculated,4
tables,4
g,4
relations,4
fitch,4
distinct,4
immigrants,4
ithaca,4
third,4
jones,4
influence,4
westport,4
activists,4
populism,4
philadelphia,4
enacted,4
clayton,4
kantor,4
immigrant,4
intercept,4
n,4
numbers,4
impact,4
argued,4
too,4
beyond,4
defeat,4
metal,4
distribution,4
missouri,4
waterfront,4
explain,4
opposition,4
wide,4
basis,4
r,4
prominent,4
part,4
gave,4
level,4
order,4
ward,4
county,4
presence,4
texas,4
roots,4
carlton,4
society,4
will,4
f,4
make,4
authoritarian,4
us,4
included,4
experiment,4
two,4
mandle,4
law,4
attacks,4
europe,4
fact,4
herring,4
reflected,4
letwin,4
able,4
discussion,4
link,4
upon,4
increase,4
elections,4
confidence,4
worthman,4
dominated,4
individual,4
favored,4
promote,4
mining,4
land,4
hackney,4
james,4
morris,4
nonag,4
science,4
movements,4
holiday,4
ideology,4
employment,4
wiener,4
gubernatorial,4
itself,4
then,4
troy,4
different,4
down,4
halpern,4
just,4
selected,4
orleans,4
leaving,4
problem,4
prevent,4
freedom,4
divided,4
our,4
artisan,4
coefficient,4
price,4
salmond,4
gutman,3
does,3
along,3
edge,3
taft,3
manuscript,3
per,3
passing,3
mobility,3
zero,3
authority,3
convict,3
studies,3
favor,3
freeman,3
inhibited,3
undermine,3
lexington,3
long,3
official,3
subsequent,3
persistence,3
molders,3
sought,3
booker,3
agriculture,3
deal,3
account,3
april,3
operators,3
owners,3
cited,3
grantham,3
conflict,3
includes,3
explained,3
development,3
interior,3
unpublished,3
legislators,3
cohen,3
restricting,3
competitive,3
summer,3
opposed,3
rather,3
mattered,3
district,3
how,3
basic,3
similar,3
employees,3
exceptional,3
win,3
linked,3
warren,3
mclaurin,3
atlanta,3
presents,3
result,3
concentration,3
cornell,3
twice,3
persons,3
otherwise,3
equals,3
property,3
undermined,3
voter,3
makers,3
sanction,3
organize,3
reid,3
issues,3
rise,3
president,3
attributed,3
approach,3
regions,3
good,3
lipset,3
around,3
june,3
research,3
barely,3
using,3
am,3
roediger,3
inspection,3
led,3
stronger,3
equality,3
provide,3
concessions,3
acknowledged,3
spero,3
harris,3
nearly,3
inspections,3
july,3
domination,3
study,3
hold,3
positive,3
democrats,3
under,3
baltimore,3
ballots,3
regional,3
others,3
areas,3
workingclass,3
striking,3
larger,3
mink,3
man,3
postal,3
deep,3
populist,3
lean,3
books,3
another,3
private,3
lost,3
examples,3
values,3
eight,3
peter,3
keep,3
martin,3
article,3
narrow,3
charles,3
dividing,3
governor,3
immigration,3
concluded,3
justice,3
usually,3
program,3
lines,3
institutions,3
dubois,3
rarely,3
arrest,3
struck,3
douty,3
phillips,3
here,3
control,3
laborforce,3
capital,3
particularly,3
enemy,3
indispensable,3
medoff,3
disputes,3
unique,3
terms,3
maintain,3
produce,3
agreed,3
burden,3
given,3
saxton,3
shorter,3
question,3
formation,3
survival,3
difference,3
rachleff,3
leverage,3
explanation,3
evidence,3
glass,3
boilermakers,3
off,3
socialism,3
increased,3
industrialists,3
elites,3
little,3
penal,3
defeats,2
bensel,2
way,2
ibew,2
shawn,2
career,2
market,2
tuscaloosa,2
yankee,2
genovese,2
told,2
enduring,2
margo,2
regulatory,2
chi,2
effective,2
essays,2
live,2
shoe,2
burnham,2
modern,2
earnings,2
ideals,2
committee,2
painters,2
nineteenth,2
princeton,2
root,2
test,2
lower,2
notre,2
consistent,2
attorney,2
federationist,2
egalitarianism,2
atkins,2
attempts,2
taken,2
karson,2
address,2
allow,2
nature,2
brock,2
words,2
request,2
jaynes,2
tradition,2
leading,2
laundry,2
advantage,2
mills,2
harriet,2
gompers,2
failures,2
committed,2
organizedlabor,2
revolt,2
narrower,2
advocates,2
right,2
march,2
vol,2
planters,2
greene,2
west,2
taking,2
doubleday,2
halpem,2
picket,2
shut,2
complained,2
cannibals,2
groat,2
dependence,2
reject,2
due,2
ray,2
walter,2
relatively,2
admission,2
convention,2
senate,2
candidates,2
times,2
perspective,2
stokes,2
response,2
syracuse,2
bag,2
estimate,2
publications,2
mullenix,2
fulton,2
boom,2
oklahoma,2
general,2
marx,2
referendums,2
stanley,2
andpolitical,2
battles,2
deplorable,2
phases,2
flynt,2
failed,2
late,2
wishes,2
recognized,2
dilemma,2
l,2
across,2
remain,2
edward,2
bateman,2
active,2
itu,2
opportunity,2
probability,2
jonathan,2
strange,2
special,2
deputy,2
republicans,2
consequences,2
memphis,2
brought,2
send,2
plus,2
consider,2
morgan,2
section,2
house,2
advancing,2
age,2
four,2
radosh,2
powerful,2
berquist,2
followed,2
guarantee,2
nationality,2
negroes,2
important,2
view,2
conflicts,2
prisoners,2
opponents,2
mcneill,2
closely,2
advance,2
came,2
columbia,2
rule,2
color,2
lindsey,2
shared,2
hough,2
radical,2
wayne,2
percentages,2
vigorous,2
urbanization,2
density,2
further,2
occupation,2
poverty,2
myrdal,2
moore,2
gilded,2
record,2
ofamerican,2
ofunion,2
almost,2
participation,2
future,2
intense,2
tool,2
voted,2
significantly,2
purpose,2
explains,2
polishers,2
irish,2
buder,2
whole,2
antagonizing,2
place,2
et,2
own,2
refuse,2
either,2
twilight,2
commons,2
below,2
responsibility,2
shaping,2
revolution,2
suggest,2
socialist,2
coopers,2
politically,2
cartosio,2
korpi,2
memb,2
stove,2
jacobson,2
ashenfelter,2
tannenbaum,2
ignore,2
wider,2
claudia,2
workforce,2
gitlin,2
mobbed,2
always,2
perlman,2
weiss,2
necessity,2
rest,2
establishments,2
activities,2
critical,2
republican,2
hatch,2
electrical,2
protecting,2
various,2
squared,2
authoritarianism,2
schneirov,2
schmidt,2
service,2
comparative,2
exception,2
tilly,2
poor,2
reduce,2
garden,2
argument,2
capitalists,2
parker,2
scarcity,2
about,2
once,2
housing,2
paradox,2
sex,2
slavic,2
victories,2
dummies,2
dame,2
al,2
largest,2
reports,2
noted,2
sketch,2
lee,2
seymour,2
leader,2
idle,2
french,2
scoville,2
reporting,2
put,2
herbert,2
efforts,2
longer,2
lack,2
idea,2
wesley,2
occupations,2
rugged,2
mounters,2
regulation,2
end,2
everything,2
ignatiev,2
considerable,2
brattain,2
serious,2
forms,2
frederic,2
enough,2
leviathan,2
racist,2
hand,2
v,2
present,2
increases,2
moderate,2
purposes,2
existing,2
ch,2
vulnerable,2
attitude,2
disparity,2
progressivism,2
strauss,2
flint,2
routledge,2
streets,2
barrett,2
remained,2
responded,2
campaigns,2
churches,2
bls,2
restrictions,2
atlantic,2
distinctly,2
kousser,2
depended,2
controlling,2
robinson,2
postbellum,2
ethnic,2
rare,2
eligible,2
advantages,2
moral,2
co,2
fitzhugh,2
leiby,2
gates,2
vintage,2
northrup,2
systems,2
divest,2
organizers,2
trades,2
boot,2
whatley,2
summarized,2
darker,2
brown,2
separate,2
european,2
discipline,2
individualism,2
honey,2
melvyn,2
else,2
residual,2
continued,2
crucial,2
five,2
widespread,2
accepted,2
yale,2
establish,2
economists,2
karl,2
countries,2
often,2
fall,2
achieve,2
deterrents,2
griffith,2
fields,2
tribune,2
regularly,2
freeing,2
claims,2
cannon,2
laborer,2
shaw,2
believed,2
peoples,2
rabinowitz,2
characteristics,2
bernstein,2
temple,2
compensation,2
discharged,2
equation,2
know,2
legislature,2
outcome,2
berkeley,2
miner,2
enters,2
branches,2
cigar,2
secured,2
alexander,2
expense,2
half,2
dues,2
wolfe,2
regard,2
wagner,2
allied,2
newman,2
job,2
twelfth,2
very,2
narrowed,2
berg,2
distinctive,2
rural,2
living,2
masters,2
plantation,2
born,2
investigation,2
typographers,2
form,2
list,2
making,2
males,2
manufactures,2
while,2
localities,2
secure,2
constitutional,2
virginia,2
cheerfully,2
boston,2
biracial,2
apparatus,2
presented,2
owner,2
imu,2
breen,2
became,2
alcoa,2
returning,2
sectional,2
resistance,2
arguments,2
isolated,2
writing,2
soft,2
goldin,2
julius,2
finding,2
twentieth,2
accept,2
crisis,2
manufacturers,2
joined,2
need,2
constituencies,2
france,2
association,2
willoughby,2
wealth,2
supported,2
removed,2
themselves,2
prospects,2
johnson,2
ingalls,2
views,2
bulwark,2
duration,2
comparable,2
recent,2
shalev,2
cross,2
building,2
broader,2
ca,2
close,2
hypothesis,2
courts,1
proposed,1
exhibiting,1
difficult,1
bernard,1
donations,1
barbara,1
transportation,1
resolve,1
flow,1
declared,1
destroying,1
concerned,1
corporate,1
generous,1
opponent,1
faced,1
created,1
ready,1
represent,1
iowa,1
slaveholders,1
heights,1
homeless,1
resisting,1
czar,1
adoption,1
connecticut,1
crossing,1
withstood,1
expect,1
sympathetic,1
church,1
speakers,1
group,1
measurable,1
residences,1
denied,1
mike,1
systematically,1
designed,1
approve,1
competitions,1
federal,1
rewards,1
solidarity,1
sinister,1
dump,1
completely,1
bias,1
inthe,1
mit,1
sophia,1
upheaval,1
candidate,1
conscious,1
notwithstanding,1
monolithic,1
blows,1
boulder,1
unnamed,1
considerations,1
spirit,1
weaker,1
tied,1
position,1
govern,1
redistribute,1
champaign,1
laid,1
probusiness,1
holding,1
observing,1
niggers,1
jos,1
antebellum,1
village,1
russell,1
plantations,1
edu,1
arguing,1
revision,1
eager,1
chief,1
discounting,1
turning,1
urbana,1
hoping,1
norton,1
being,1
statist,1
anything,1
railroads,1
almont,1
defeated,1
explaining,1
upholding,1
disagreement,1
regulating,1
exclusive,1
maloney,1
ii,1
fund,1
implications,1
give,1
negroartisan,1
unconstrained,1
andpolitics,1
feeling,1
might,1
attempt,1
secretary,1
assist,1
terrain,1
anywhere,1
dreams,1
referees,1
picketing,1
revival,1
hatred,1
confirmed,1
friendly,1
scientists,1
textiles,1
agrarian,1
accommodate,1
andlockouts,1
antagonize,1
employments,1
pittsburgh,1
reasons,1
differences,1
farmers,1
pressed,1
follows,1
inquisitive,1
composition,1
procedure,1
court,1
anyway,1
entering,1
take,1
grip,1
farmer,1
expansion,1
help,1
maurice,1
ofsouthern,1
trouble,1
stand,1
respond,1
keith,1
henry,1
discharging,1
reserved,1
alike,1
outstripped,1
sheet,1
fanaticism,1
daniel,1
worldwide,1
context,1
papers,1
hindering,1
backlash,1
seminar,1
majority,1
sloss,1
raiser,1
nowhere,1
issue,1
moderates,1
preventing,1
existence,1
alfred,1
lam,1
westview,1
autonomous,1
key,1
money,1
primary,1
masked,1
discuss,1
italian,1
responses,1
lowered,1
marc,1
recommended,1
possible,1
determined,1
compelling,1
leo,1
melton,1
enforcement,1
condition,1
fmd,1
fortresses,1
hungry,1
cater,1
establishing,1
adopting,1
consciousness,1
move,1
therborn,1
professor,1
bridgeman,1
say,1
far,1
benefactors,1
eliminating,1
desirable,1
interstate,1
representing,1
enter,1
gavin,1
demanded,1
fitzgerald,1
economies,1
withhold,1
safely,1
todd,1
prevented,1
amend,1
harmony,1
behavior,1
pillar,1
surplus,1
learned,1
mistake,1
whyamerica,1
appalachia,1
ronald,1
associationofmachinists,1
irritations,1
alignments,1
weakened,1
difficulties,1
immediate,1
quality,1
initially,1
breaker,1
realized,1
september,1
de,1
doctor,1
noel,1
interest,1
lectures,1
retarded,1
characteristic,1
regarded,1
ability,1
mixed,1
gunnar,1
heterogeneity,1
adams,1
conducted,1
vanguard,1
laurie,1
forbade,1
reproduced,1
barrier,1
emigration,1
manager,1
privilege,1
admitted,1
outraged,1
understates,1
thing,1
unity,1
cases,1
defense,1
logodds,1
maintaining,1
blame,1
deeds,1
curiously,1
depend,1
incendiary,1
demonstrative,1
profound,1
approval,1
bloody,1
homes,1
serving,1
slave,1
six,1
extraordinary,1
strikebreaker,1
defeating,1
disfranchised,1
drives,1
spin,1
compare,1
weight,1
compel,1
drawn,1
unfettered,1
beat,1
look,1
corrected,1
vice,1
colleague,1
language,1
businessman,1
tmembti,1
homework,1
unskilled,1
businessmen,1
ofamerica,1
marching,1
crow,1
monthly,1
employ,1
contemporaryage,1
cherished,1
rights,1
site,1
talks,1
gwendolyn,1
gaining,1
knoxville,1
assured,1
adequate,1
menace,1
added,1
bull,1
reflects,1
identification,1
bring,1
destroy,1
december,1
essence,1
ofnew,1
compatible,1
midi,1
aggressive,1
affairs,1
weighted,1
levels,1
preparing,1
capture,1
process,1
precluded,1
goes,1
deprived,1
granted,1
industrialize,1
associate,1
earlier,1
legal,1
connected,1
expelled,1
oflife,1
electorate,1
assuming,1
empowered,1
lacking,1
enabled,1
lay,1
retail,1
espionage,1
howard,1
bosses,1
goren,1
facilitated,1
dean,1
shelton,1
begets,1
blacklabor,1
confederate,1
familiar,1
govemment,1
emergence,1
duke,1
presumably,1
latin,1
coefficients,1
director,1
days,1
former,1
dominate,1
mary,1
jersey,1
membi,1
dewey,1
upper,1
solid,1
hoerder,1
montgomery,1
store,1
zimmerman,1
ofnegro,1
voluminous,1
encouragement,1
follow,1
isolation,1
problems,1
andwas,1
oppression,1
sweatshops,1
puts,1
bruno,1
restriction,1
feeble,1
dominant,1
detroit,1
providing,1
unrest,1
decades,1
myths,1
nebraska,1
umass,1
pencil,1
enacting,1
carelessness,1
character,1
confronted,1
acceptable,1
identifying,1
introduce,1
location,1
abandoning,1
nancy,1
estabunion,1
blamed,1
societies,1
wracked,1
harder,1
heim,1
begun,1
ambition,1
search,1
called,1
strength,1
houghton,1
richmond,1
attack,1
editors,1
carol,1
banned,1
centers,1
equations,1
lived,1
become,1
sinecures,1
relation,1
circa,1
mccormack,1
dispute,1
pioneer,1
mobilization,1
insisting,1
palo,1
initial,1
base,1
coalitions,1
evaluate,1
attomey,1
sword,1
honoring,1
furthermore,1
informed,1
shall,1
equal,1
durham,1
courteous,1
block,1
michigan,1
districts,1
activist,1
leonard,1
hesitated,1
improve,1
treat,1
overpopulated,1
hurting,1
divide,1
wej,1
companies,1
reinforce,1
cannot,1
dispersal,1
merl,1
suffered,1
scale,1
inexorableness,1
troops,1
membj,1
ofpopulation,1
judicial,1
absolute,1
required,1
triumph,1
structure,1
gained,1
january,1
bastion,1
possibility,1
aracially,1
memory,1
electing,1
deprive,1
taxes,1
conservatives,1
keeping,1
unequal,1
distinctiveness,1
trial,1
line,1
egalitarian,1
northerners,1
ira,1
planning,1
residents,1
fearful,1
received,1
start,1
nine,1
higdon,1
unless,1
psychological,1
nc,1
training,1
planter,1
bettering,1
experiencing,1
feared,1
pretenses,1
attracted,1
practically,1
consistently,1
inauspicious,1
discussions,1
policies,1
officers,1
survey,1
winter,1
irving,1
emancipation,1
call,1
doors,1
saw,1
haven,1
il,1
michelle,1
idyllic,1
showing,1
stanford,1
alan,1
sterling,1
horizon,1
relative,1
holy,1
polity,1
strongest,1
dispenses,1
hidden,1
corporatist,1
heritage,1
interracial,1
near,1
citing,1
prices,1
inwoodward,1
statistically,1
least,1
mass,1
strict,1
commerce,1
sense,1
correct,1
caused,1
hard,1
field,1
offlce,1
grievance,1
simpler,1
involve,1
next,1
alto,1
contrast,1
emphasizes,1
owned,1
quite,1
settlement,1
emerging,1
involved,1
ofnecessaries,1
troubles,1
wl,1
hod,1
soil,1
eleven,1
accomplished,1
migration,1
oftheir,1
disposition,1
feelings,1
grow,1
leather,1
idleness,1
lark,1
sharpen,1
climate,1
usual,1
villages,1
philip,1
dedicated,1
maine,1
condemned,1
bulletin,1
st,1
ghastly,1
aggressively,1
sheriff,1
describes,1
ilr,1
value,1
crime,1
grateful,1
provided,1
racists,1
heyday,1
auto,1
bible,1
indomitably,1
reducing,1
objected,1
periods,1
survived,1
replacing,1
andtheir,1
therefore,1
san,1
timeless,1
insurgency,1
sovereign,1
genesis,1
situation,1
liberality,1
logarithm,1
demand,1
creed,1
advocate,1
hindered,1
matter,1
absence,1
materials,1
nativism,1
bringing,1
restoration,1
impacts,1
hy,1
wrote,1
indeed,1
highways,1
concentrated,1
located,1
leased,1
workplaces,1
resisted,1
limited,1
mccormicks,1
passively,1
classic,1
ten,1
assure,1
prove,1
inhibiting,1
boss,1
experiences,1
closet,1
ofsegregation,1
strategic,1
dirk,1
decisions,1
rollers,1
sion,1
promoting,1
frank,1
communities,1
simultaneous,1
turmoil,1
yet,1
interpretation,1
victor,1
violence,1
hugh,1
examined,1
security,1
emigrants,1
corrupt,1
clergy,1
restricted,1
assemblies,1
supplementary,1
clash,1
harlan,1
favorable,1
ofworkers,1
hadn,1
participants,1
crump,1
blowers,1
pernman,1
orders,1
perspectives,1
rockoff,1
choices,1
performed,1
sharply,1
passions,1
locality,1
colored,1
historiography,1
castings,1
responsive,1
reprint,1
wisconsin,1
alien,1
bar,1
avoided,1
ofstate,1
investor,1
harper,1
regardless,1
investors,1
usmembj,1
oral,1
fire,1
name,1
lagged,1
managers,1
paul,1
suit,1
book,1
temporarily,1
frederick,1
mark,1
centuryamerican,1
death,1
chance,1
similarly,1
addition,1
anecdotal,1
averages,1
populists,1
shows,1
arlington,1
turner,1
overwhelming,1
scholars,1
xii,1
blocks,1
breakwater,1
tolerate,1
minnesota,1
statemaking,1
confederacy,1
intimidated,1
demonstrations,1
forces,1
choice,1
viii,1
time,1
children,1
really,1
break,1
quiarterly,1
diverse,1
personal,1
granting,1
distrust,1
camera,1
variation,1
excluding,1
simple,1
industrialist,1
rhetoric,1
afldelegates,1
enact,1
enactment,1
men,1
conclusions,1
drove,1
remarkable,1
ofindustrialization,1
ballinger,1
unionists,1
oregon,1
celebrated,1
renaissance,1
marxian,1
forth,1
forthe,1
conviction,1
intemational,1
swing,1
perhaps,1
native,1
rawls,1
tmembjs,1
jacobs,1
threats,1
complicated,1
going,1
gorham,1
heed,1
stance,1
olmstead,1
meetings,1
kansas,1
statutes,1
credit,1
recognizing,1
dominions,1
whiteness,1
exploring,1
hilda,1
extended,1
vagrancy,1
session,1
indiana,1
birth,1
rendered,1
doomed,1
represented,1
slaves,1
restrained,1
formal,1
industrialized,1
holt,1
ofreplacement,1
identity,1
heath,1
weeks,1
unfortunately,1
nigger,1
radicalism,1
edgar,1
virtually,1
prospective,1
ideas,1
moffis,1
storms,1
real,1
franklin,1
raising,1
partisan,1
theories,1
longshoremen,1
vii,1
insurmountable,1
rejected,1
ties,1
low,1
passim,1
open,1
worry,1
cameras,1
ofbituminouxs,1
welcomed,1
withoutroots,1
scandinavia,1
usmembt,1
ensley,1
amounts,1
bialer,1
issn,1
tallapoosa,1
like,1
spread,1
obstructed,1
anaemic,1
plant,1
tstatistic,1
creating,1
features,1
high,1
winner,1
lcials,1
mines,1
collected,1
ended,1
animosities,1
counted,1
reassessment,1
kept,1
attributing,1
losing,1
readier,1
fred,1
selig,1
thomas,1
morals,1
seweryn,1
educational,1
valued,1
facing,1
incapable,1
k,1
methods,1
methodically,1
craft,1
businesses,1
sight,1
emphasized,1
assessing,1
overcome,1
incompatible,1
agrarianism,1
can,1
excluded,1
barbers,1
enjoyed,1
undemocratic,1
enemies,1
seeking,1
capitalism,1
slightly,1
story,1
collisions,1
looming,1
macmillan,1
occupied,1
institution,1
tendency,1
patemalist,1
attend,1
agenda,1
professional,1
proletariat,1
cede,1
modifications,1
allison,1
la,1
econs,1
staffed,1
dealing,1
aspirations,1
tests,1
liberalism,1
hurdle,1
backward,1
shattered,1
today,1
alex,1
raise,1
protest,1
vigilante,1
school,1
folbre,1
complaining,1
traditionalism,1
foreign,1
willingly,1
subculturalpersistence,1
fixing,1
refrain,1
leslie,1
inmass,1
trait,1
means,1
oldsouth,1
health,1
recourse,1
pop,1
seen,1
collections,1
effectively,1
requests,1
remaining,1
originated,1
evolution,1
successor,1
efficiency,1
expectations,1
uprj,1
postdisfranchisement,1
blood,1
electorally,1
caste,1
chamber,1
equaled,1
supporting,1
exists,1
get,1
frey,1
enlist,1
canada,1
eugene,1
paying,1
sheldon,1
unacceptable,1
influencing,1
militia,1
conservation,1
considered,1
housingor,1
therbom,1
differentiated,1
anthropological,1
environment,1
suggestions,1
wars,1
authorities,1
shadow,1
blocked,1
recruiting,1
ofpullnan,1
protect,1
charting,1
homogeneity,1
comparison,1
wartime,1
circumstances,1
agents,1
instructed,1
steel,1
economically,1
determinants,1
democracies,1
pace,1
carriers,1
theme,1
delegates,1
publically,1
convicts,1
thousand,1
friends,1
broom,1
willingness,1
signiflcance,1
narrowly,1
kraus,1
orley,1
penitentiary,1
alternative,1
colorado,1
cover,1
burnhamn,1
supreme,1
quickly,1
ifthere,1
mifflin,1
banished,1
ordered,1
refused,1
jay,1
avenge,1
introducing,1
each,1
sure,1
straker,1
compelled,1
gfriedma,1
iam,1
worth,1
andthe,1
attribute,1
ratio,1
inclined,1
confident,1
accustomed,1
sampling,1
best,1
appendix,1
entrenched,1
speech,1
counting,1
eventually,1
ofcontemporaryradicalism,1
hospital,1
brothers,1
hence,1
perfectly,1
doubling,1
longstanding,1
separating,1
childlike,1
past,1
disfranchise,1
utilized,1
ethos,1
works,1
historian,1
davidson,1
risky,1
merely,1
places,1
regretting,1
turned,1
following,1
specter,1
southerner,1
didn,1
suffering,1
none,1
automatically,1
denouncing,1
discharge,1
enduringsouth,1
combined,1
reelection,1
twisted,1
references,1
furnaces,1
cause,1
particular,1
feb,1
attitudes,1
theory,1
merle,1
dream,1
surveying,1
disarmingly,1
ofa,1
lod,1
getting,1
ffie,1
require,1
dfe,1
backing,1
balance,1
generally,1
don,1
psychology,1
ideal,1
rally,1
threat,1
popular,1
noticeably,1
conference,1
nj,1
tent,1
tmemb,1
remember,1
must,1
preserved,1
millwood,1
economist,1
code,1
recognition,1
furniture,1
peace,1
met,1
simply,1
ohio,1
introduced,1
callahan,1
despite,1
revolutions,1
cabbell,1
content,1
republic,1
antagonism,1
regulate,1
mayor,1
giving,1
ofmanufactures,1
electionof,1
tried,1
undermining,1
regulated,1
reappraisal,1
went,1
jim,1
adapted,1
conventional,1
putnam,1
circus,1
operate,1
breakers,1
kelso,1
qualitative,1
phenomenon,1
challenges,1
aims,1
southem,1
think,1
jan,1
nov,1
analysts,1
suppressed,1
eric,1
additional,1
suffrage,1
compulsion,1
shown,1
tell,1
spring,1
ulrich,1
harvester,1
locations,1
lishment,1
sluzar,1
argues,1
libecap,1
knopf,1
observed,1
similarity,1
quest,1
conditions,1
samuel,1
imperative,1
compromise,1
wherethey,1
register,1
approximately,1
correlated,1
unified,1
involving,1
already,1
effects,1
defined,1
philosophy,1
tobacco,1
hours,1
sheriffs,1
presenting,1
remains,1
francisco,1
campaign,1
ranged,1
financially,1
anonymous,1
moved,1
vi,1
offered,1
drift,1
potential,1
admitting,1
engerman,1
removing,1
actions,1
withdrew,1
second,1
levi,1
russia,1
charged,1
supply,1
overcame,1
individualistic,1
era,1
pool,1
create,1
fears,1
abram,1
censuses,1
re,1
schooling,1
conventions,1
leah,1
whenever,1
burleigh,1
resist,1
laborers,1
cigarmakers,1
economysince,1
payton,1
patrolled,1
built,1
row,1
thirdannual,1
continuously,1
thorough,1
