WORDCOUNTS,WEIGHT
the,126
and,106
of,79
in,67
to,59
training,30
that,28
a,26
education,22
it,20
their,17
for,15
germany,13
vocational,12
two,11
system,11
chapter,11
work,11
which,11
this,11
states,11
these,10
americans,9
united,9
was,9
from,9
were,9
german,8
way,8
programs,8
an,8
at,7
they,7
as,7
skills,7
s,7
germans,7
ofthe,6
with,6
by,6
them,6
upon,6
on,6
oriented,5
how,5
means,5
character,5
certification,5
social,5
had,5
shaped,5
state,5
practice,5
apprenticeship,5
handicraft,5
labor,5
have,5
schools,5
educational,5
trades,5
ways,4
countries,4
university,4
into,4
organized,4
proved,4
schooling,4
different,4
societies,4
did,4
within,4
capacity,4
knowledge,4
development,4
modem,4
national,4
industrial,4
craft,4
economic,3
explicit,3
effectively,3
american,3
not,3
summaries,3
workplace,3
informal,3
most,3
origins,3
also,3
each,3
country,3
came,3
shows,3
secondary,3
train,3
together,3
great,3
developed,3
new,3
far,3
associations,3
legislation,3
economy,3
side,3
oversight,3
part,3
southwest,3
its,3
collective,3
chapters,3
regions,3
radically,3
workers,3
function,3
administrative,3
after,3
quite,3
developments,3
forms,3
especially,3
be,3
divergent,3
interests,3
nations,2
workplaces,2
what,2
demand,2
practices,2
rather,2
popularity,2
action,2
been,2
indeed,2
created,2
support,2
corporation,2
meanwhile,2
success,2
transformed,2
make,2
complex,2
why,2
certificates,2
is,2
consequences,2
older,2
certify,2
policy,2
dissertation,2
history,2
sketches,2
then,2
historiography,2
but,2
without,2
women,2
problems,2
important,2
faced,2
others,2
metal,2
compulsory,2
dissertations,2
other,2
key,2
available,2
could,2
found,2
particularly,2
historical,2
differed,2
guilds,2
political,2
war,2
less,2
heavily,2
strategies,2
metals,2
passed,2
governance,2
distribution,2
has,2
while,2
number,2
reorganize,2
fundamentally,2
some,2
institutionalize,2
apprenticeships,2
both,2
academically,2
prussia,2
identifies,2
manufacturing,2
harvard,2
firms,2
thus,2
device,2
acquired,2
systematic,2
youth,2
commercial,2
such,2
product,2
order,2
contrast,2
voluntary,2
weakness,2
factories,2
distinct,2
unions,2
highly,2
systems,2
employers,2
structure,2
up,2
than,2
relative,2
moved,2
chambers,2
model,1
revolution,1
european,1
employ,1
incentives,1
communities,1
now,1
highlights,1
possessed,1
high,1
slowed,1
alleged,1
role,1
arrangement,1
absence,1
various,1
stock,1
depended,1
act,1
if,1
crafts,1
contingent,1
links,1
aimed,1
troubled,1
groups,1
corporate,1
divergence,1
colleendunlavywiththe,1
broadest,1
program,1
might,1
return,1
address,1
levels,1
counted,1
machinist,1
determine,1
midwest,1
defmitively,1
institutions,1
process,1
constraints,1
poor,1
who,1
diane,1
represented,1
modemr,1
progressively,1
transfer,1
goes,1
considerably,1
bill,1
undercut,1
berlin,1
persistent,1
interplay,1
similar,1
institutionalization,1
rapidly,1
movement,1
center,1
large,1
redistributing,1
derived,1
consolidation,1
one,1
ofreasonssome,1
contributions,1
institutionalized,1
settled,1
structural,1
introductory,1
methods,1
fate,1
mobility,1
construction,1
designed,1
hansen,1
hope,1
once,1
chamber,1
depends,1
factors,1
library,1
caps,1
eugene,1
drafted,1
hagley,1
interpretation,1
museum,1
fair,1
approaches,1
accounts,1
opportunities,1
shortfall,1
served,1
jonathan,1
pressures,1
studies,1
documents,1
subordinated,1
happened,1
involved,1
parts,1
educationalists,1
counterparts,1
ensure,1
later,1
under,1
formally,1
detail,1
protection,1
organization,1
school,1
or,1
necessarily,1
home,1
rarely,1
linked,1
essence,1
before,1
machine,1
producers,1
just,1
mechanisms,1
believed,1
dispersed,1
numbers,1
impact,1
traces,1
gradually,1
opponents,1
interwaryears,1
accelerated,1
upper,1
streeck,1
already,1
wisconsin,1
commonly,1
highlight,1
regulated,1
resource,1
first,1
textile,1
rise,1
powerful,1
only,1
functioned,1
glimmer,1
accompanied,1
areturmto,1
explaining,1
sketch,1
undermine,1
followed,1
inappropriateness,1
sources,1
long,1
every,1
provide,1
organizations,1
inexperienced,1
more,1
discontinue,1
organizational,1
offers,1
drew,1
sustained,1
skill,1
shifted,1
law,1
crucially,1
experimented,1
challenge,1
power,1
stronger,1
mediation,1
taken,1
opinion,1
quickly,1
easy,1
spencer,1
cut,1
over,1
ofdissertations,1
perceive,1
put,1
worked,1
reflections,1
control,1
performs,1
colleges,1
addition,1
commonplace,1
experimentation,1
whereas,1
greater,1
socialize,1
nature,1
stop,1
uses,1
leaving,1
importation,1
expanding,1
operators,1
comparatively,1
innovations,1
overwhelming,1
industry,1
collar,1
explores,1
administer,1
intrusive,1
entering,1
strength,1
enact,1
abstract,1
thank,1
access,1
differences,1
relict,1
germanamerican,1
minimized,1
subsided,1
teachers,1
eventually,1
foundation,1
time,1
children,1
conspicuous,1
mediocrity,1
disappearance,1
atlantic,1
dared,1
plagued,1
rely,1
inthe,1
end,1
liberal,1
variation,1
i,1
premodem,1
subsequent,1
interestingly,1
help,1
there,1
achieved,1
respects,1
traditionally,1
devised,1
better,1
places,1
academic,1
turned,1
took,1
further,1
oftraditional,1
greatly,1
monopolistic,1
do,1
show,1
constrained,1
decisively,1
employment,1
those,1
enacted,1
principal,1
william,1
animated,1
outgrowth,1
illiberal,1
educate,1
personnel,1
metalworking,1
stressing,1
superimposed,1
effect,1
historiographic,1
empire,1
depicts,1
subordinating,1
appears,1
reinforce,1
until,1
degree,1
fonnal,1
sonderweg,1
sociology,1
imposed,1
wealth,1
productively,1
record,1
however,1
nascent,1
agricultural,1
forns,1
ofamerican,1
assigning,1
project,1
required,1
infonnal,1
historians,1
supplemented,1
public,1
itto,1
prepare,1
free,1
mass,1
zeitlin,1
america,1
regionally,1
directionofj,1
outlines,1
because,1
thoroughly,1
well,1
shape,1
responded,1
organize,1
custom,1
voice,1
directly,1
influenced,1
almost,1
entirely,1
status,1
prior,1
investments,1
reese,1
closed,1
urban,1
misnamed,1
makers,1
literature,1
gains,1
link,1
permitted,1
effectiveness,1
mutual,1
made,1
hal,1
completed,1
insight,1
exception,1
values,1
uplift,1
sides,1
delay,1
disparate,1
marginality,1
supply,1
decisive,1
establishment,1
licensing,1
resources,1
household,1
looking,1
courses,1
chart,1
became,1
actors,1
lindstrom,1
plied,1
juvenile,1
meaningful,1
facto,1
economies,1
simply,1
assumptions,1
context,1
continuation,1
whole,1
extended,1
engage,1
precipitated,1
baden,1
describe,1
operated,1
tied,1
place,1
conversely,1
inherited,1
ranks,1
families,1
surplus,1
goals,1
sphere,1
structures,1
story,1
business,1
individuals,1
reproduction,1
throughout,1
linking,1
away,1
recruitment,1
relegated,1
promoted,1
elucidates,1
theories,1
compulsion,1
southwestern,1
initiatives,1
historically,1
models,1
showing,1
years,1
low,1
fact,1
received,1
cornerstone,1
clear,1
connections,1
clubs,1
three,1
historic,1
precipitous,1
rationalization,1
graduate,1
institutional,1
strikingly,1
de,1
agriculturally,1
subtle,1
sustain,1
interest,1
wish,1
relatively,1
moment,1
legacy,1
least,1
atavistic,1
commerce,1
typically,1
sense,1
fungible,1
callow,1
issued,1
characteristic,1
period,1
need,1
tacit,1
reinforces,1
vocations,1
tripartite,1
felicitous,1
stresses,1
off,1
wellconceived,1
anyone,1
emphasizes,1
bastardization,1
provides,1
valid,1
typology,1
permitting,1
shift,1
specifically,1
belt,1
gowns,1
contradistinction,1
promotion,1
patterns,1
severed,1
workshops,1
accomplished,1
although,1
allocating,1
components,1
study,1
between,1
geographies,1
executed,1
often,1
assumed,1
modernity,1
young,1
become,1
decline,1
vacuum,1
protect,1
nationally,1
impossible,1
powerfully,1
enjoyed,1
learningfor,1
managed,1
early,1
tracks,1
exclusively,1
majority,1
consequently,1
little,1
productivity,1
traditional,1
resistance,1
paid,1
among,1
production,1
ssrc,1
industrialization,1
enormously,1
startling,1
enormous,1
professionally,1
professional,1
building,1
broader,1
provided,1
wolfgang,1
fostering,1
widely,1
division,1
implementation,1
fmancial,1
elemental,1
urbanindustrial,1
wtirttemberg,1
hollingsworth,1
mechanism,1
rogers,1
