WORDCOUNTS,WEIGHT
the,214
and,122
of,109
women,62
to,59
s,49
in,48
war,39
that,31
a,30
for,29
inventive,24
patents,24
inventors,22
as,19
with,19
patent,19
world,19
technological,19
their,18
were,18
during,15
on,15
activities,15
or,14
new,14
history,13
most,13
economic,12
american,12
by,12
time,12
inventions,12
invention,11
have,11
wars,10
more,10
business,10
some,10
at,9
i,9
when,9
civil,9
social,9
than,9
market,8
culture,8
from,8
these,8
industrial,8
also,8
u,8
commercial,8
development,8
this,8
who,7
changes,7
many,7
ii,7
men,7
change,7
ofthe,6
into,6
associated,6
patenting,6
wartime,6
over,6
growth,6
other,6
system,6
public,6
information,6
technologies,6
significant,6
such,6
patented,6
three,6
networks,6
percent,6
rights,5
it,5
an,5
female,5
institutions,5
is,5
was,5
home,5
technical,5
council,5
years,5
laws,5
eras,5
relationships,5
national,5
era,5
rates,5
major,5
not,4
various,4
they,4
movement,4
innovation,4
likely,4
summaries,4
federal,4
university,4
total,4
dissertations,4
four,4
shaped,4
government,4
improved,4
domestic,4
inventor,4
data,4
popular,4
ideas,4
assign,4
suffrage,4
would,4
developments,4
between,4
be,4
invented,4
provided,4
society,4
therefore,3
fueled,3
rate,3
americans,3
his,3
yet,3
corporation,3
male,3
statutes,3
still,3
grew,3
complex,3
about,3
genius,3
ensure,3
technology,3
females,3
environment,3
nineteenth,3
naval,3
department,3
increasingly,3
first,3
few,3
suggested,3
had,3
scholars,3
p,3
climbed,3
patentees,3
distinctive,3
office,3
markets,3
lone,3
patterns,3
political,3
cultural,3
attitudes,3
woman,3
historians,3
number,3
america,3
because,3
property,3
both,3
individual,3
press,3
means,3
personal,3
nic,3
general,3
granted,3
application,3
figure,3
research,3
all,3
progress,3
traditional,3
superiority,2
demand,2
onset,2
practices,2
act,2
rather,2
scientific,2
crucial,2
welcomed,2
across,2
angeles,2
service,2
mott,2
revolutionary,2
sensitive,2
alone,2
spurred,2
began,2
proportion,2
legal,2
fueling,2
rapid,2
dc,2
life,2
studies,2
reputations,2
centuries,2
opportunities,2
rules,2
increased,2
devices,2
dissertation,2
necessarily,2
scott,2
growing,2
impact,2
but,2
fires,2
filed,2
rise,2
labor,2
attempts,2
important,2
assigned,2
gpo,2
fluid,2
country,2
stemmed,2
my,2
expanding,2
based,2
pursuits,2
occurred,2
assess,2
consultingboard,2
procedure,2
primary,2
decreased,2
focused,2
edison,2
economy,2
within,2
context,2
rose,2
magazines,2
case,2
particular,2
dissemination,2
procedures,2
trend,2
while,2
criteria,2
remained,2
emphasis,2
analyzed,2
constraints,2
used,2
los,2
vital,2
familial,2
increase,2
enter,2
manufacturing,2
postbellum,2
individuals,2
experiences,2
california,2
conducive,2
pattern,2
interpreted,2
own,2
since,2
twentieth,2
modem,2
washington,2
crisis,2
contributed,2
times,2
commerce,2
typically,2
issued,2
writers,2
after,2
thomas,2
family,2
exchange,2
specific,2
outside,2
study,2
industry,2
sectors,2
mechanical,2
postwar,2
receipt,2
substantial,2
even,2
critics,1
periods,1
strangest,1
incentives,1
intricate,1
institutionalized,1
assessed,1
reiff,1
order,1
transportation,1
respected,1
relationship,1
what,1
transform,1
manipulated,1
recognized,1
elapsed,1
york,1
whose,1
along,1
steady,1
reinstating,1
minor,1
attorneys,1
century,1
absence,1
unitedstates,1
independent,1
continued,1
redefine,1
popularity,1
kenneth,1
inventiveness,1
centered,1
indeed,1
how,1
nonmilitary,1
expansion,1
limited,1
affected,1
undertakings,1
argues,1
levels,1
fewer,1
widespread,1
exception,1
process,1
opposed,1
liberating,1
broaden,1
success,1
positioned,1
environments,1
july,1
opportunity,1
force,1
technically,1
expanded,1
economists,1
sphere,1
commenced,1
lives,1
connected,1
jonathan,1
unprecedented,1
importance,1
discourse,1
terms,1
comprised,1
contributions,1
enacted,1
elaborate,1
methods,1
stability,1
pp,1
lisa,1
identify,1
popularization,1
whole,1
applications,1
reforms,1
frank,1
ma,1
represented,1
formed,1
consequences,1
factors,1
front,1
ineffective,1
moreover,1
wives,1
turmoil,1
relied,1
lifting,1
fields,1
support,1
months,1
emerging,1
exceptional,1
references,1
wake,1
security,1
lloyd,1
inthe,1
easily,1
recommendation,1
arts,1
perceptions,1
win,1
interpretive,1
sound,1
flood,1
rationalize,1
facilitated,1
illuminate,1
evolved,1
under,1
issue,1
quantify,1
equally,1
campaign,1
western,1
organized,1
ofwomen,1
bursts,1
invent,1
detrimental,1
branch,1
then,1
enterprising,1
inherited,1
workers,1
aspiring,1
same,1
n,1
femaledid,1
welfare,1
mary,1
track,1
result,1
series,1
advancements,1
received,1
materials,1
journalism,1
two,1
agents,1
diffusion,1
havens,1
extension,1
powerful,1
known,1
stressed,1
cotton,1
community,1
volume,1
surge,1
perform,1
traweek,1
reach,1
favorable,1
creation,1
organizational,1
idea,1
sustained,1
established,1
inventormale,1
exaggerated,1
inundated,1
evolution,1
factory,1
military,1
stream,1
inspired,1
might,1
others,1
andadministrative,1
eli,1
secretary,1
similarly,1
responsibilities,1
intellectual,1
cultivating,1
loosened,1
bureaucracy,1
experienced,1
been,1
greater,1
nature,1
gin,1
uses,1
efforts,1
are,1
benevolent,1
dramatically,1
novel,1
happening,1
obligations,1
board,1
did,1
best,1
leading,1
areas,1
could,1
confidential,1
occupations,1
histories,1
engineering,1
entered,1
luther,1
beliefs,1
simple,1
confusion,1
sokoloff,1
striking,1
developed,1
sleepy,1
soliciting,1
analyses,1
ambiguity,1
effort,1
centers,1
particularly,1
consulting,1
link,1
facilitate,1
far,1
radical,1
debates,1
contemporary,1
proved,1
resulting,1
cultures,1
cities,1
historical,1
help,1
solicitors,1
married,1
fuel,1
whitney,1
reasons,1
living,1
execute,1
channel,1
advances,1
antebellum,1
forms,1
shoals,1
written,1
took,1
ofwhat,1
emphasized,1
beginning,1
raised,1
staff,1
vehicle,1
traced,1
understood,1
though,1
complicated,1
ofthese,1
assignments,1
ambiguous,1
where,1
intelligence,1
unit,1
administered,1
notable,1
combined,1
them,1
inwomen,1
jobs,1
produced,1
companies,1
less,1
see,1
cannot,1
fulfill,1
abraham,1
evaluation,1
can,1
ed,1
governmental,1
agencies,1
agricultural,1
sophisticated,1
ofamerican,1
passed,1
guarantee,1
project,1
facilities,1
eastern,1
problem,1
sell,1
has,1
systematize,1
cambridge,1
money,1
circulate,1
chances,1
gained,1
shifts,1
sought,1
chair,1
rests,1
producing,1
hughes,1
doubled,1
organize,1
intermediaries,1
oftechnological,1
account,1
demonstrated,1
views,1
prewar,1
increases,1
suggests,1
basis,1
interrelated,1
marked,1
urban,1
port,1
size,1
evolving,1
facilitating,1
international,1
vessels,1
establishing,1
janice,1
bolster,1
resided,1
amendments,1
completed,1
mothers,1
turning,1
values,1
genre,1
multiple,1
occurring,1
prompted,1
brought,1
point,1
advancement,1
part,1
including,1
issuance,1
eliminating,1
sharon,1
household,1
knowledge,1
liberal,1
contacts,1
became,1
related,1
convinced,1
its,1
revealed,1
experiencing,1
entrepreneur,1
radiation,1
localized,1
incremental,1
adapted,1
measure,1
literature,1
manhattan,1
prevented,1
place,1
refined,1
arguments,1
navy,1
policies,1
clothing,1
issues,1
corresponding,1
josephus,1
engaging,1
congress,1
shortcomings,1
exposed,1
harvard,1
quantifiable,1
writing,1
avenues,1
relies,1
processes,1
quantifiers,1
varied,1
assignment,1
thus,1
device,1
centralized,1
laboratory,1
examination,1
inefficient,1
bracketed,1
surrounding,1
legislation,1
institution,1
enthusiasm,1
theories,1
underwent,1
regulator,1
won,1
immediate,1
quality,1
significance,1
crises,1
average,1
diffiusion,1
initial,1
converged,1
attributed,1
reality,1
approach,1
manipulation,1
marginalize,1
institutional,1
errors,1
machine,1
accounted,1
subtle,1
victory,1
good,1
relatively,1
adjustments,1
prolonged,1
actively,1
least,1
gendered,1
detached,1
although,1
revised,1
so,1
evidence,1
nurtured,1
pronounced,1
ofamerica,1
suggest,1
rooted,1
mask,1
coupled,1
daniels,1
effects,1
prosperity,1
administrative,1
counted,1
stimulated,1
standard,1
cases,1
measured,1
decisions,1
repeat,1
items,1
around,1
direction,1
illuminates,1
commercialization,1
several,1
respective,1
fornation,1
profound,1
altered,1
members,1
outcomes,1
possess,1
safeguard,1
plethora,1
oxford,1
dramatic,1
served,1
businesses,1
climate,1
feats,1
respectively,1
left,1
commercializing,1
continuous,1
examine,1
witnessed,1
accordingly,1
reconversion,1
solicit,1
early,1
sifting,1
through,1
sciences,1
entire,1
percentage,1
given,1
productivity,1
much,1
marovich,1
among,1
roots,1
despite,1
connections,1
yeager,1
appropriate,1
promoter,1
climates,1
employer,1
newly,1
develop,1
lincoln,1
acted,1
attention,1
roles,1
influence,1
massive,1
geographical,1
promising,1
saliency,1
depended,1
fostered,1
links,1
