WORDCOUNTS,WEIGHT
the,919
of,666
and,504
in,358
to,244
a,189
age,159
for,137
that,129
retirement,126
employment,113
by,109
at,99
this,93
from,93
as,87
is,84
we,78
their,77
men,75
on,72
were,71
rates,70
are,68
these,67
labor,61
was,60
rate,58
net,58
have,58
sutch,57
see,57
nonfarm,56
than,55
economic,55
farmers,52
census,52
older,52
population,51
figure,51
into,50
not,50
with,50
no,49
or,49
percent,49
who,49
our,49
nonemployment,47
males,46
farm,43
years,41
an,39
industrial,39
history,38
would,38
workers,36
flows,35
because,35
s,34
they,33
those,33
university,33
data,33
other,32
force,32
work,31
social,31
also,31
all,30
carter,30
wage,30
ransom,30
occupation,30
between,30
be,30
unemployment,29
about,29
use,28
rural,28
survival,28
it,26
view,26
century,25
saving,25
scrap,25
press,25
households,25
heap,25
states,25
if,24
american,24
old,24
left,24
occupations,24
ages,24
number,24
table,24
average,24
out,23
research,23
many,23
sector,23
which,23
period,23
over,23
then,23
urban,23
traditional,23
household,22
public,22
income,22
united,22
pensions,22
cohort,21
method,21
individuals,21
employed,20
status,20
retired,20
new,20
life,20
both,20
transition,20
one,19
sample,19
death,19
been,19
each,19
first,18
salary,18
estimates,18
decline,18
only,18
more,18
moen,18
evidence,18
there,17
p,17
two,17
myth,16
after,16
security,16
group,15
farmer,15
some,15
may,15
mean,15
high,15
figures,15
male,15
fraction,14
later,14
before,14
turn,14
suggest,14
migration,14
source,13
annualized,13
costa,13
occupational,13
assets,13
participation,13
own,13
but,13
farming,13
mortality,13
calculations,13
reported,13
although,13
modern,12
decade,12
thus,12
such,12
calculated,12
however,12
working,12
ipums,12
microdata,12
when,12
ladder,12
agricultural,12
early,12
flow,11
second,11
studies,11
has,11
account,11
higher,11
most,11
appear,11
wealth,11
used,11
presented,11
insurance,11
family,11
fact,11
began,11
methods,11
appendix,11
according,11
difference,11
national,11
censuses,11
among,11
lower,10
even,10
journal,10
ruggles,10
year,10
moved,10
positive,10
gainful,10
retire,10
series,10
berkeley,10
leaving,10
suggests,10
role,10
williamson,10
does,9
differences,9
case,9
u,9
economics,9
richard,9
gratton,9
joumal,9
estimate,9
york,9
l,9
important,9
could,9
ten,9
during,9
personal,9
savings,9
haber,9
results,9
veterans,9
movement,9
pp,9
samples,9
california,9
article,9
did,9
measure,9
integrated,9
large,8
transitions,8
lebergott,8
since,8
edited,8
rather,8
support,8
had,8
war,8
aged,8
its,8
statistics,8
change,8
panel,8
using,8
cycle,8
he,8
protecting,8
nonfarmers,8
business,8
areas,8
time,8
shown,8
less,8
actual,8
soldiers,8
so,8
bureau,8
text,8
capital,8
beginning,8
should,8
achenbaum,7
total,7
durand,7
might,7
robert,7
recorded,7
nonfarmer,7
living,7
expected,7
young,7
americans,7
without,7
his,7
across,7
changes,7
dc,7
further,7
institute,7
directly,7
civil,7
et,7
overall,7
al,7
others,7
do,7
secular,7
made,7
earlier,7
preston,7
note,7
analysis,7
different,7
very,7
historical,7
economy,7
them,7
through,7
finding,7
washington,7
course,7
off,7
focus,7
estimated,6
true,6
presents,6
princeton,6
either,6
available,6
america,6
agriculture,6
activity,6
move,6
behavior,6
outflow,6
gallman,6
unemployed,6
argued,6
persons,6
younger,6
well,6
r,6
literature,6
part,6
example,6
trends,6
characteristics,6
up,6
will,6
percentage,6
propensities,6
us,6
inheritance,6
pattern,6
private,6
findings,6
three,6
general,6
become,6
attention,6
stream,6
remaining,6
retirements,6
imperative,6
d,6
sectors,6
chicago,6
much,6
recent,6
per,5
becoming,5
federal,5
h,5
negative,5
implications,5
political,5
return,5
e,5
includes,5
roger,5
relatively,5
forced,5
david,5
third,5
find,5
b,5
factors,5
presumably,5
impact,5
upper,5
cannot,5
explain,5
line,5
tenure,5
revealed,5
issues,5
likely,5
annum,5
included,5
same,5
rise,5
technique,5
end,5
success,5
where,5
perhaps,5
significant,5
refers,5
low,5
profession,5
collected,5
standard,5
computed,5
compute,5
independent,5
indicate,5
susan,5
gpo,5
small,5
growing,5
city,5
became,5
withdrawal,5
twenties,5
twentieth,5
manufacturers,5
include,5
effects,5
entire,5
strong,5
hypothesis,5
difficult,4
represent,4
market,4
offset,4
empirical,4
margo,4
motive,4
nineteenth,4
nonetheless,4
accumulation,4
consistent,4
davis,4
long,4
reasons,4
careers,4
located,4
reveal,4
i,4
daniel,4
papers,4
departures,4
inflows,4
vol,4
point,4
say,4
g,4
modigliani,4
noninstitutionalized,4
died,4
y,4
bequest,4
similar,4
institutionalized,4
consider,4
numbers,4
occupied,4
follow,4
beyond,4
prairie,4
providers,4
suggested,4
result,4
based,4
worker,4
handbook,4
required,4
possibility,4
aging,4
having,4
reflect,4
t,4
least,4
contrast,4
altogether,4
notes,4
value,4
gross,4
menchik,4
therefore,4
statuses,4
make,4
thought,4
manpower,4
home,4
planned,4
shops,4
inhabitants,4
science,4
outflows,4
reporting,4
put,4
financial,4
shows,4
minnesota,4
children,4
associates,4
considerable,4
man,4
patterns,4
michael,4
hamilton,4
remained,4
remove,4
divided,4
upon,4
represented,4
including,4
operated,4
bequests,4
skocpol,4
class,4
employees,4
relative,4
professional,4
ethic,4
provide,4
markers,4
elderly,4
iowa,4
association,4
eventually,4
constant,4
implied,4
ratio,4
whaples,4
past,4
better,4
transfers,4
whether,4
distribution,4
information,4
level,4
must,4
discussion,4
families,4
question,4
cambridge,4
samuel,4
defined,4
shift,4
roughly,4
haines,4
themselves,4
c,4
carole,4
nonemployed,4
substantial,4
given,4
taylor,4
laborers,4
common,3
indicated,3
uselding,3
groups,3
ma,3
services,3
policy,3
comparisons,3
way,3
taken,3
j,3
nature,3
bloomington,3
definition,3
assess,3
together,3
timing,3
procedure,3
graham,3
half,3
help,3
state,3
date,3
context,3
quarrymen,3
historians,3
retailers,3
prior,3
measuring,3
infer,3
apply,3
minimum,3
hazard,3
human,3
regarding,3
throughout,3
estimating,3
de,3
occurs,3
adjustment,3
immigrants,3
reemployed,3
displays,3
siegel,3
misleading,3
drawn,3
stanley,3
philadelphia,3
heads,3
revisionists,3
edward,3
physically,3
franco,3
n,3
show,3
additional,3
permanent,3
m,3
whereas,3
greater,3
expressed,3
questioned,3
appearance,3
found,3
entering,3
access,3
lived,3
users,3
changed,3
probit,3
illness,3
complete,3
employee,3
academic,3
though,3
viewed,3
youths,3
finegan,3
abroad,3
residents,3
breeding,3
description,3
place,3
policies,3
call,3
project,3
published,3
ratios,3
order,3
june,3
lazear,3
peak,3
paid,3
rodgers,3
society,3
excludes,3
identified,3
gradual,3
brian,3
indicates,3
opportunities,3
pums,3
literate,3
kuznets,3
paul,3
fell,3
shortening,3
experienced,3
weiler,3
larger,3
thirties,3
accepted,3
free,3
another,3
investment,3
values,3
singulate,3
opportunity,3
questions,3
trend,3
nothing,3
examination,3
previous,3
doctors,3
disguised,3
like,3
farms,3
provides,3
facing,3
construct,3
effect,3
can,3
excluded,3
retail,3
institution,3
intergenerational,3
increasing,3
median,3
imply,3
today,3
tontine,3
movements,3
bowen,3
begin,3
institutions,3
why,3
fall,3
months,3
meant,3
summary,3
graebner,3
steven,3
save,3
sampling,3
returns,3
report,3
job,3
agricultura,3
what,3
professors,3
cause,3
particular,3
doubled,3
inflow,3
yield,3
balance,3
almost,3
views,3
w,3
size,3
nj,3
little,3
john,3
surveys,3
obtain,3
challenges,3
until,3
unable,3
employer,3
consumption,3
product,3
voluntary,3
increased,3
specific,3
meaning,3
reached,3
enterprise,3
civilian,3
ownership,3
benchmark,3
intimately,2
revisionist,2
corporate,2
faced,2
implies,2
crimmins,2
comparability,2
saved,2
squandered,2
instructions,2
sets,2
bias,2
earnings,2
lindert,2
occurred,2
inequality,2
causes,2
hayward,2
conjecture,2
women,2
rotella,2
experience,2
highlight,2
file,2
permanence,2
sources,2
modest,2
pus,2
rapid,2
progression,2
permanently,2
worked,2
departure,2
words,2
salmon,2
twenty,2
berman,2
able,2
survey,2
subsequent,2
feature,2
tangible,2
migrated,2
raised,2
opposite,2
dora,2
within,2
designs,2
system,2
epstein,2
advice,2
primary,2
mushkin,2
retirees,2
lifetime,2
international,2
slight,2
alter,2
medical,2
x,2
far,2
mortgage,2
inventory,2
authors,2
andrew,2
phase,2
review,2
hazards,2
surely,2
explained,2
agreement,2
definitional,2
against,2
assumes,2
intercensal,2
afford,2
price,2
fischer,2
emigration,2
refer,2
back,2
marriage,2
moving,2
compared,2
designed,2
departed,2
adjust,2
error,2
failed,2
act,2
adapt,2
thrift,2
shammas,2
exercise,2
probability,2
proportion,2
importance,2
study,2
hajnal,2
origins,2
consequences,2
moreover,2
ames,2
injury,2
affect,2
entry,2
statistical,2
bogue,2
clearly,2
elsewhere,2
just,2
welfare,2
too,2
solid,2
lab,2
truesdell,2
random,2
consequence,2
selfemployment,2
dwelling,2
chester,2
problem,2
allow,2
volatility,2
rule,2
search,2
shryock,2
facilitate,2
representative,2
markets,2
sectoral,2
late,2
ann,2
acquire,2
youthful,2
tools,2
underenumeration,2
otherwise,2
energy,2
procedures,2
failure,2
none,2
basis,2
distinguish,2
received,2
writers,2
rotation,2
illegible,2
stanford,2
immigrated,2
errors,2
numerically,2
aspired,2
good,2
responses,2
computer,2
correct,2
successful,2
caused,2
coupled,2
indicators,2
hired,2
owned,2
around,2
sufficient,2
few,2
ill,2
depression,2
dramatic,2
codes,2
annual,2
spurious,2
describes,2
cogswell,2
appropriate,2
grateful,2
geographical,2
led,2
sons,2
cps,2
variety,2
subject,2
limited,2
classic,2
upward,2
still,2
above,2
longitudinal,2
exceeded,2
collect,2
accumulate,2
cohorts,2
housing,2
sex,2
under,2
perspectives,2
light,2
professor,2
gainfully,2
reports,2
exit,2
jon,2
chose,2
members,2
starting,2
comfortable,2
again,2
academy,2
slavery,2
towns,2
smith,2
outside,2
exclusion,2
substantially,2
doubt,2
identical,2
outgoing,2
conclusions,2
patrimony,2
present,2
model,2
disabled,2
horace,2
forth,2
minneapolis,2
showing,2
feenberg,2
gives,2
shifts,2
distortions,2
summers,2
simon,2
week,2
peracchi,2
range,2
increase,2
budget,2
entirely,2
assume,2
risk,2
option,2
synthetic,2
dahlin,2
explorations,2
clear,2
weir,2
points,2
peter,2
individual,2
times,2
homes,2
inventing,2
darby,2
dispraise,2
crissey,2
especially,2
dorfman,2
respectively,2
exactly,2
displayed,2
availability,2
henry,2
implication,2
slightly,2
story,2
henderson,2
equivalent,2
principal,2
industrialization,2
la,2
concluded,2
residing,2
lance,2
relationship,2
indiana,2
peers,2
tenant,2
recall,2
bound,2
enumerators,2
fewer,2
independence,2
detailed,2
parsons,2
originated,2
wilhelm,2
exclude,2
types,2
quadagno,2
kotlikoff,2
influencing,2
variable,2
any,2
conclusion,2
hurd,2
tenancy,2
nonagricultural,2
pace,2
declining,2
physical,2
goldenweiser,2
set,2
withdrawals,2
readily,2
finance,2
share,2
welch,2
down,2
straightforward,2
salamon,2
last,2
alternatively,2
losses,2
passage,2
type,2
elders,2
pushing,2
evident,2
demography,2
following,2
william,2
unlikely,2
rose,2
terms,2
selected,2
making,2
rising,2
require,2
episode,2
categories,2
disability,2
conference,2
burden,2
extracts,2
dependent,2
introduced,2
demanding,2
phenomenon,2
allows,2
prepared,2
ultimately,2
goldin,2
recording,2
donald,2
finally,2
motives,2
retiring,2
romer,2
approximately,2
instead,2
grown,2
land,2
files,2
smaller,2
colleagues,2
underpredict,2
supported,2
coefficient,2
substitute,2
nativity,2
era,2
heaping,2
comparable,2
observed,2
asked,2
race,2
owns,2
final,1
countryside,1
earner,1
now,1
unequalled,1
produces,1
forties,1
o,1
soothed,1
quotient,1
horizontal,1
generated,1
tion,1
scholar,1
designated,1
unpleasant,1
career,1
affected,1
civilians,1
college,1
determine,1
probabilities,1
measures,1
alone,1
mar,1
manuscript,1
expect,1
center,1
rankings,1
sixties,1
inconsequential,1
operator,1
confidence,1
ahorro,1
identify,1
tend,1
reassessment,1
prime,1
live,1
alive,1
peaks,1
completely,1
mit,1
former,1
acceptance,1
teens,1
subsets,1
holding,1
physicians,1
preindustrial,1
impede,1
societal,1
themes,1
test,1
being,1
member,1
humpshaped,1
finis,1
wageearning,1
stabilization,1
supposedly,1
sonya,1
handle,1
originally,1
ii,1
fund,1
attempts,1
estate,1
rita,1
attempt,1
develops,1
advanced,1
freely,1
handling,1
midtwenties,1
company,1
comparatively,1
attractive,1
continue,1
suggesting,1
accompanied,1
desire,1
estimation,1
great,1
display,1
confusion,1
accumulated,1
analyses,1
origin,1
achievement,1
follows,1
disappearance,1
transferred,1
onto,1
ol,1
zhao,1
real,1
debt,1
achieved,1
jill,1
failures,1
selfselfwage,1
devised,1
munnell,1
emphasized,1
mr,1
reserved,1
populamyth,1
classified,1
somewhat,1
tragedy,1
decennial,1
depends,1
issue,1
takes,1
proceeded,1
existence,1
suspect,1
denarture,1
alfred,1
vibrant,1
matthew,1
iv,1
discuss,1
undercut,1
logical,1
understated,1
constraints,1
machinery,1
facilitating,1
sale,1
exaggerate,1
magazine,1
sharecrop,1
edit,1
combination,1
except,1
establishment,1
whites,1
resources,1
realistic,1
sobre,1
carolina,1
undoubtedly,1
unionarmy,1
investing,1
awaits,1
financed,1
enumerations,1
corresponding,1
funded,1
exist,1
repeatedly,1
invalidism,1
frequencies,1
ronald,1
alicia,1
merchants,1
historically,1
madrid,1
captured,1
accuracy,1
component,1
facts,1
difficulties,1
due,1
objective,1
analyzing,1
tables,1
magnuson,1
ease,1
ability,1
elyce,1
gerontology,1
moment,1
adopted,1
enlightening,1
application,1
jr,1
extteme,1
irreversibly,1
restore,1
midway,1
financing,1
progressive,1
rank,1
precludes,1
distinct,1
developments,1
underlying,1
places,1
document,1
subtracted,1
amount,1
butte,1
speed,1
response,1
columbia,1
inclusion,1
output,1
postponed,1
quit,1
dates,1
minus,1
applying,1
scott,1
intervening,1
twice,1
jacob,1
truly,1
compare,1
heavy,1
details,1
apparently,1
sickest,1
cites,1
materially,1
epoyettrrate,1
phases,1
smoothed,1
lesser,1
rights,1
surprisingly,1
homeowner,1
operation,1
poor,1
seddie,1
topic,1
sue,1
adequate,1
added,1
whose,1
remedied,1
essential,1
plotted,1
silicosis,1
predicted,1
dilemma,1
growth,1
centered,1
developed,1
how,1
remain,1
illustration,1
influential,1
midwest,1
calculation,1
unequaled,1
precluded,1
active,1
elsevier,1
deprived,1
misreporting,1
associate,1
se,1
hazardous,1
leave,1
adjustments,1
direct,1
contributions,1
assuming,1
references,1
muckrakers,1
arbor,1
white,1
read,1
repeats,1
uncertainties,1
summarized,1
productive,1
animals,1
augmented,1
republicans,1
consistency,1
recoded,1
incapacitated,1
means,1
involvement,1
lives,1
voluntarily,1
category,1
statistic,1
acquisition,1
wry,1
facilitated,1
ensure,1
wages,1
biased,1
discouraged,1
benefits,1
specialization,1
expectancy,1
vindicated,1
sum,1
director,1
perspective,1
house,1
calendar,1
threat,1
accumulating,1
retrospective,1
communities,1
riverside,1
superior,1
shorter,1
crecimiento,1
shed,1
followed,1
discarded,1
requires,1
terminology,1
reconsideration,1
answers,1
fifties,1
care,1
helped,1
contrary,1
coincide,1
providing,1
ceased,1
laslett,1
methodology,1
paragraph,1
union,1
arrived,1
standards,1
came,1
acceptable,1
whom,1
pursuits,1
introduce,1
declined,1
conflates,1
scientifically,1
histories,1
entered,1
called,1
typical,1
amsterdam,1
fractionofmenleftemp,1
effort,1
deal,1
format,1
mouton,1
estudios,1
shared,1
dispute,1
fo,1
shyrock,1
base,1
big,1
theda,1
accurately,1
avrgae,1
fourth,1
mandated,1
ceases,1
let,1
rent,1
adopt,1
stock,1
michigan,1
recently,1
produced,1
employers,1
biases,1
monograph,1
record,1
amassed,1
perform,1
refuge,1
designations,1
enjoyed,1
exiting,1
hopkins,1
impression,1
receive,1
aspects,1
improve,1
shape,1
resident,1
accounting,1
nineteenthcentury,1
mandatory,1
mi,1
pesca,1
paraphrase,1
already,1
start,1
leisure,1
clean,1
conjectured,1
concept,1
unless,1
significantly,1
brought,1
purpose,1
discusses,1
proportions,1
reduction,1
comment,1
multiplied,1
positions,1
whole,1
precipitated,1
describe,1
laurence,1
discussions,1
abel,1
sobek,1
calculating,1
people,1
relevance,1
actually,1
falling,1
strenuous,1
structures,1
forces,1
haven,1
anticipating,1
systematic,1
overpredict,1
gently,1
alan,1
etirement,1
strengthened,1
challenging,1
markedly,1
experiencias,1
weeks,1
count,1
approach,1
regions,1
homeowners,1
macroeconomic,1
physician,1
comparably,1
below,1
regardless,1
buildings,1
reliable,1
wrong,1
emphasizes,1
rutgers,1
phrase,1
quite,1
withdrawing,1
belt,1
reader,1
hemisphere,1
hongcheng,1
several,1
proximate,1
dealers,1
separately,1
concerns,1
highly,1
temporary,1
governments,1
wetherell,1
individpials,1
certainly,1
met,1
claudia,1
implausible,1
tended,1
corporations,1
budgets,1
maine,1
fully,1
managed,1
visible,1
generally,1
bulletin,1
inability,1
extracted,1
slackening,1
productivity,1
improperly,1
peddler,1
achieves,1
lore,1
newly,1
preliminary,1
aggregate,1
longer,1
establishments,1
eileen,1
reducing,1
subtract,1
casts,1
dewees,1
avoid,1
lend,1
f,1
uncommon,1
pertaining,1
heretofore,1
quarry,1
idiocy,1
approximate,1
lengthening,1
irrespective,1
proxy,1
steady,1
absence,1
materials,1
various,1
populations,1
descending,1
mark,1
incorrect,1
labeled,1
expansion,1
motivated,1
brief,1
wray,1
community,1
allen,1
califomia,1
technically,1
builders,1
collapsed,1
seemingly,1
ask,1
innovation,1
direction,1
once,1
calculate,1
ubiquity,1
depicted,1
relied,1
interpretation,1
reference,1
sociologists,1
represents,1
makes,1
rules,1
accident,1
westem,1
seeing,1
fifth,1
formally,1
historia,1
challenged,1
reconciliation,1
contractors,1
technical,1
insanity,1
adjusted,1
assistance,1
k,1
ricardocampbell,1
sharply,1
baltimore,1
ed,1
popularized,1
robust,1
joins,1
reply,1
farmhouse,1
largest,1
begins,1
noted,1
proach,1
computerfile,1
enterprises,1
dumbness,1
oldage,1
ashenfelter,1
liquidated,1
rung,1
jeffrey,1
multiplying,1
toward,1
renewed,1
sour,1
residence,1
summing,1
release,1
efforts,1
averages,1
lengthy,1
liquidating,1
consideration,1
treatment,1
head,1
cumulative,1
pressure,1
totals,1
stockwell,1
ought,1
striking,1
attempting,1
tariff,1
arriving,1
banks,1
fallen,1
conjeturas,1
contemporary,1
genovese,1
away,1
pennsylvania,1
zero,1
serious,1
bradford,1
rhythms,1
enough,1
took,1
hand,1
v,1
paris,1
remarkable,1
increases,1
yale,1
operating,1
continuing,1
apthe,1
schaie,1
establish,1
relevant,1
marrying,1
jobs,1
council,1
agencies,1
focusing,1
dramatize,1
exceeds,1
ordinary,1
counterpart,1
remarkably,1
ragpickers,1
belnap,1
degree,1
interpreting,1
process,1
original,1
government,1
kansas,1
understanding,1
hackett,1
extended,1
averaged,1
emunerative,1
disease,1
survive,1
invested,1
knopf,1
discovery,1
explanation,1
mothers,1
bear,1
helps,1
slaves,1
aggregated,1
formal,1
pertain,1
elite,1
top,1
hidden,1
downplayed,1
unfortunately,1
occupdational,1
largely,1
consortium,1
harvard,1
evolution,1
exhibited,1
undernumeration,1
variables,1
predictors,1
discontinuity,1
eligible,1
laboratory,1
check,1
full,1
deployed,1
listing,1
condensed,1
improvements,1
necessitated,1
dating,1
dummy,1
students,1
involves,1
attraction,1
versions,1
significance,1
substitutes,1
transformation,1
modem,1
jose,1
centuwy,1
michel,1
sensitivity,1
publication,1
ceasing,1
essay,1
issn,1
held,1
alimentacion,1
revised,1
spread,1
function,1
hardship,1
wealthiest,1
features,1
curve,1
panels,1
improved,1
believing,1
pension,1
permitting,1
migrants,1
problems,1
internal,1
chapel,1
insists,1
viable,1
relation,1
marylynn,1
structure,1
probably,1
centuryeither,1
attracted,1
saw,1
quarterly,1
outright,1
diana,1
reluctant,1
hunt,1
infants,1
tennessee,1
oxford,1
yields,1
postretirement,1
suggestion,1
relying,1
ministerio,1
me,1
raise,1
equals,1
continued,1
george,1
addressing,1
johns,1
linda,1
foreign,1
plays,1
impressive,1
outlined,1
suggestive,1
owneroperated,1
purposes,1
suspected,1
pieces,1
hill,1
prudent,1
dashed,1
deaths,1
widespread,1
primarily,1
slow,1
referred,1
excluding,1
army,1
el,1
team,1
bears,1
returned,1
credited,1
lawrence,1
understand,1
downward,1
inadequate,1
rapidly,1
brunswick,1
noninstitutional,1
displaying,1
workdays,1
insecurity,1
reconsider,1
literacy,1
surprising,1
supporting,1
centuries,1
involuntary,1
inducing,1
eugene,1
mediterraneo,1
attachment,1
rises,1
stable,1
considered,1
aldrich,1
addressed,1
detail,1
stephen,1
quantitatively,1
claims,1
sections,1
acquired,1
forest,1
laborer,1
publicly,1
neglected,1
contained,1
magnitude,1
rarely,1
mediterranea,1
impulse,1
version,1
changing,1
norms,1
tempting,1
ragpicker,1
agents,1
ever,1
accounts,1
economically,1
determinants,1
known,1
exposition,1
precise,1
olderc,1
quantitative,1
charles,1
temple,1
orley,1
sciences,1
here,1
blindness,1
castoffs,1
forty,1
olderages,1
control,1
guaranteed,1
paper,1
rented,1
capability,1
commission,1
interested,1
believe,1
industry,1
best,1
argue,1
wealthy,1
fired,1
current,1
scenario,1
layard,1
inquiry,1
counting,1
observe,1
particularly,1
galiman,1
magnified,1
propensity,1
privileged,1
embodiment,1
cities,1
examining,1
las,1
utilized,1
metfrremente,1
emerges,1
senate,1
purchase,1
automatically,1
fuller,1
proceedings,1
month,1
apple,1
reconcile,1
form,1
list,1
ones,1
retiremente,1
abraham,1
jersey,1
westward,1
manuscripts,1
protective,1
axis,1
earners,1
adaptation,1
extent,1
dream,1
while,1
differs,1
extract,1
healthy,1
abruptly,1
springer,1
missed,1
incomes,1
emphasis,1
competidoras,1
prevent,1
contain,1
freedom,1
strain,1
prairies,1
translated,1
boston,1
intention,1
careful,1
politics,1
uniform,1
slopes,1
despite,1
kertzer,1
alternatives,1
develop,1
easy,1
publishers,1
die,1
techniques,1
plans,1
thankful,1
step,1
simply,1
situated,1
congenial,1
went,1
headship,1
com,1
target,1
colonial,1
qualitative,1
world,1
unexplored,1
haye,1
spells,1
agriculturas,1
formation,1
californiana,1
commercial,1
north,1
sever,1
charts,1
illinois,1
institutional,1
opens,1
grant,1
publishing,1
armstrong,1
exceed,1
joined,1
afflictions,1
define,1
need,1
provided,1
regular,1
measured,1
remains,1
bigger,1
classification,1
surgeons,1
financially,1
workweek,1
comparison,1
blacks,1
potential,1
engerman,1
conflated,1
stifled,1
irrelevant,1
partial,1
create,1
predictable,1
valley,1
deafness,1
erroneously,1
glance,1
portrays,1
cross,1
dos,1
building,1
broader,1
successive,1
christina,1
ca,1
brevity,1
predicated,1
martin,1
row,1
overshadow,1
climbed,1
