WORDCOUNTS,WEIGHT
the,1127
of,603
in,447
to,342
and,336
that,200
specie,189
a,171
new,147
for,135
from,134
s,115
by,114
york,106
on,101
banks,100
million,93
was,82
as,82
bank,80
transfers,72
this,67
with,67
were,66
is,64
may,61
have,58
had,56
not,55
it,53
states,52
would,50
land,49
percent,48
which,46
their,44
circular,43
u,43
an,42
at,41
deposits,41
august,41
these,40
public,38
been,38
deposit,38
panic,37
i,37
congress,35
supplemental,34
march,33
no,33
michigan,33
monetary,33
only,33
more,33
table,33
between,32
september,31
than,31
city,31
first,30
distribution,30
cotton,30
policy,29
england,29
money,29
december,29
be,29
government,28
are,28
they,27
state,26
april,25
but,25
all,24
interstate,24
also,24
jacksonian,24
p,23
july,23
or,23
reserves,23
such,22
its,22
demand,22
pressure,22
orleans,22
rousseau,21
united,21
treasury,21
purchases,20
west,20
june,20
lands,20
even,19
most,19
prices,19
sales,19
session,19
early,19
surplus,18
document,18
however,18
drain,18
because,18
nation,18
second,18
made,18
fall,18
commercial,18
gold,18
market,17
large,17
mississippi,17
about,17
pp,17
january,17
economy,17
official,16
could,16
october,16
london,16
south,16
upon,16
balances,16
stock,16
news,16
there,15
some,15
herald,15
ohio,15
orders,15
reports,15
temin,15
woodbury,15
if,14
american,14
due,14
late,14
after,14
over,14
each,14
among,14
rate,13
history,13
bills,13
van,13
act,13
house,13
economic,13
time,13
increase,13
held,13
times,13
louisiana,13
months,13
has,13
houses,13
until,13
spring,13
crisis,13
much,13
one,12
total,12
those,12
east,12
buren,12
operations,12
international,12
nearly,12
business,12
trade,12
ordered,12
federal,11
western,11
price,11
amount,11
came,11
events,11
used,11
year,11
president,11
next,11
involved,11
decline,11
notes,11
fell,11
shows,11
aug,11
see,11
ny,11
banking,11
figure,11
executive,11
both,11
years,11
mar,10
per,10
specified,10
into,10
jul,10
sep,10
system,10
bankers,10
appears,10
example,10
several,10
up,10
southern,10
financial,10
pet,10
pennsylvania,10
net,10
continued,10
dec,10
receivers,10
domestic,10
senate,10
reported,10
press,10
nov,10
directors,9
loans,9
repeal,9
factors,9
timberlake,9
university,9
carolina,9
required,9
already,9
issues,9
oct,9
when,9
bill,9
yet,9
other,9
indiana,9
figures,9
tennessee,9
did,9
february,9
combined,9
particular,9
evidence,9
reached,9
boe,8
eastern,8
account,8
point,8
southwestern,8
merchants,8
rates,8
accounts,8
edition,8
called,8
out,8
though,8
silver,8
calls,8
weekly,8
transfer,8
value,8
movement,8
same,8
many,8
totals,8
less,8
installments,8
another,8
any,8
series,8
paper,8
suspensions,8
report,8
rose,8
transactions,8
suggests,8
through,8
register,8
north,8
now,7
confidence,7
transferred,7
composition,7
real,7
british,7
sent,7
along,7
run,7
since,7
drawn,7
details,7
general,7
philadelphia,7
l,7
mechanics,7
earlier,7
export,7
centers,7
further,7
data,7
will,7
various,7
limited,7
two,7
niles,7
end,7
concern,7
three,7
points,7
especially,7
note,7
who,7
then,7
set,7
country,7
associated,7
cities,7
illinois,7
c,7
given,7
delayed,7
source,6
jackson,6
secretary,6
liverpool,6
last,6
suspension,6
biddle,6
funds,6
left,6
percentage,6
kentucky,6
rather,6
his,6
support,6
newspapers,6
imports,6
loss,6
during,6
records,6
arkansas,6
interregional,6
around,6
few,6
research,6
he,6
reduced,6
rutner,6
under,6
payments,6
rejections,6
contemporary,6
completed,6
use,6
office,6
clear,6
peter,6
individual,6
period,6
so,6
dollars,6
effect,6
bales,6
key,6
half,6
day,6
month,6
cause,6
require,6
millions,6
despite,6
became,6
natchez,6
effects,6
does,5
way,5
later,5
center,5
needed,5
fluctuations,5
sources,5
every,5
georgia,5
timing,5
date,5
raised,5
installment,5
possible,5
activity,5
thus,5
development,5
expected,5
picayune,5
growth,5
across,5
levels,5
soon,5
jersey,5
additional,5
hands,5
meet,5
coin,5
whole,5
place,5
merchant,5
least,5
caused,5
suggest,5
indeed,5
mention,5
fact,5
again,5
smith,5
appeared,5
larger,5
increases,5
remained,5
directed,5
summer,5
high,5
martin,5
become,5
foreign,5
begin,5
class,5
payment,5
column,5
monthly,5
losses,5
speculation,5
historical,5
alabama,5
them,5
making,5
rising,5
extent,5
cents,5
balance,5
boston,5
role,5
november,5
come,5
washington,5
accept,5
course,5
rejection,5
traditional,5
generated,4
created,4
northeast,4
alone,4
before,4
consistent,4
reach,4
leading,4
daily,4
discount,4
great,4
accumulated,4
recorded,4
anticipation,4
chartered,4
say,4
central,4
interior,4
interest,4
heightened,4
precautionary,4
items,4
canal,4
provisions,4
apr,4
whose,4
how,4
revenues,4
represented,4
proportion,4
just,4
impact,4
w,4
holdings,4
assets,4
speculators,4
scheiber,4
base,4
markets,4
circulation,4
suspended,4
ofagriculture,4
residents,4
start,4
part,4
reserve,4
runs,4
winter,4
regional,4
interbank,4
week,4
weeks,4
level,4
panel,4
small,4
using,4
moved,4
actions,4
critical,4
led,4
cole,4
southeast,4
fenstermaker,4
pound,4
largest,4
delaware,4
law,4
crop,4
gray,4
enactment,4
where,4
perhaps,4
shifts,4
number,4
previously,4
causes,4
actual,4
exports,4
risen,4
exchange,4
can,4
probably,4
southwest,4
increasing,4
five,4
lines,4
primarily,4
began,4
heavy,4
believed,4
morning,4
known,4
excess,4
chapman,4
capital,4
current,4
far,4
days,4
purchase,4
feb,4
mere,4
virginia,4
strain,4
presented,4
transport,4
administration,4
jun,4
coins,4
jan,4
question,4
average,4
finally,4
removed,4
immediately,4
meeting,4
m,3
measures,3
evans,3
likely,3
h,3
discounts,3
bureau,3
occurred,3
antebellum,3
said,3
production,3
might,3
attempt,3
action,3
nature,3
dramatically,3
nevertheless,3
return,3
papers,3
issue,3
america,3
prior,3
very,3
incorporations,3
indicates,3
throughout,3
reverse,3
g,3
ability,3
forced,3
back,3
cambridge,3
six,3
extraordinary,3
third,3
packet,3
journal,3
offices,3
added,3
arising,3
goes,3
b,3
reason,3
nor,3
warren,3
too,3
followed,3
important,3
drawing,3
dc,3
moving,3
advance,3
my,3
route,3
seven,3
demands,3
initial,3
effective,3
viewed,3
population,3
delays,3
basis,3
deputation,3
work,3
abroad,3
received,3
atack,3
size,3
legislation,3
diverted,3
wholesale,3
unexpected,3
speculations,3
order,3
reaches,3
always,3
cincinnati,3
annual,3
cashier,3
settle,3
settlers,3
therefore,3
requirement,3
expansion,3
brief,3
hammond,3
make,3
currency,3
ofthe,3
selling,3
westem,3
policies,3
railroad,3
light,3
sharply,3
rise,3
lewis,3
observers,3
available,3
mcgrane,3
lack,3
documents,3
pattern,3
took,3
hand,3
purposes,3
existing,3
necessary,3
belief,3
frequency,3
convenient,3
breakdown,3
credit,3
values,3
region,3
dollar,3
significant,3
harvard,3
individuals,3
amounts,3
contributed,3
provides,3
internal,3
we,3
quarter,3
nashville,3
lost,3
indicate,3
often,3
expectations,3
event,3
must,3
geographic,3
text,3
sums,3
sustained,3
branches,3
shipment,3
reversal,3
down,3
living,3
turned,3
according,3
explanations,3
capita,3
selected,3
ones,3
maryland,3
imposed,3
ma,3
agricultural,3
prepare,3
produce,3
information,3
nj,3
little,3
measure,3
shown,3
conditions,3
national,3
include,3
gross,3
smaller,3
settling,3
summary,3
offered,3
arrived,3
chicago,3
should,3
southeastern,3
costly,3
difficult,2
ending,2
transportation,2
limits,2
indicated,2
affected,2
profitability,2
thrown,2
announced,2
e,2
overland,2
group,2
instructions,2
designed,2
library,2
true,2
flows,2
douglass,2
finance,2
position,2
presents,2
princeton,2
replenish,2
disturbances,2
lower,2
certainly,2
interests,2
originally,2
steady,2
refusal,2
emerged,2
brisk,2
reasons,2
farmers,2
origin,2
follows,2
able,2
closer,2
precisely,2
principal,2
political,2
declines,2
sheet,2
within,2
slowing,2
resumption,2
jack,2
quantities,2
politics,2
baring,2
enforcement,2
condition,2
reaction,2
move,2
richard,2
upcoming,2
exchanges,2
still,2
against,2
letter,2
sign,2
includes,2
severe,2
immediate,2
inevitable,2
unspecified,2
raises,2
jeremy,2
walter,2
difficulty,2
jr,2
turn,2
david,2
output,2
dates,2
heberton,2
blunder,2
hardly,2
surprisingly,2
opposed,2
interesting,2
recognized,2
without,2
bring,2
main,2
coastal,2
responded,2
remote,2
knew,2
suffer,2
comply,2
similar,2
leave,2
enacted,2
bostwick,2
upstream,2
favor,2
river,2
berry,2
branch,2
n,2
northeastern,2
differs,2
prevent,2
presumed,2
four,2
show,2
beyond,2
cost,2
intrastate,2
flow,2
cut,2
view,2
whereas,2
expressed,2
result,2
arrival,2
found,2
entered,2
missouri,2
changed,2
disruptive,2
understood,2
tools,2
produced,2
placed,2
approached,2
oh,2
near,2
impression,2
aspects,2
failure,2
well,2
network,2
future,2
accounting,2
brought,2
heavily,2
apparent,2
secret,2
ten,2
depositors,2
aggravated,2
call,2
showing,2
preparation,2
minds,2
good,2
commerce,2
hard,2
involve,2
emphasizes,2
quite,2
loan,2
kent,2
attention,2
ship,2
components,2
temporary,2
manchester,2
coast,2
st,2
describes,2
paid,2
cycle,2
appropriate,2
finds,2
aggregate,2
pearson,2
f,2
portion,2
uncommon,2
arrangement,2
vanderbilt,2
bringing,2
populations,2
short,2
wrote,2
labeled,2
motivated,2
reduce,2
community,2
above,2
harry,2
accumulations,2
holders,2
unprecedented,2
hold,2
hidy,2
once,2
contributing,2
accumulate,2
pivotal,2
intense,2
predecessor,2
quantify,2
j,2
neither,2
compiled,2
included,2
industrial,2
contains,2
declining,2
street,2
members,2
westward,2
others,2
death,2
addition,2
efforts,2
longer,2
revenue,2
plan,2
fallen,2
doubt,2
considerable,2
discussed,2
never,2
enough,2
do,2
present,2
vulnerable,2
unanticipated,2
reginald,2
thousands,2
original,2
hoarded,2
investment,2
discussion,2
restrictions,2
accompanying,2
medium,2
entirely,2
hypotheses,2
largely,2
operated,2
rivers,2
scheduled,2
nothing,2
previous,2
crises,2
stress,2
express,2
co,2
failures,2
evening,2
paths,2
article,2
eyes,2
relation,2
greatly,2
respectively,2
accordingly,2
analyze,2
summarized,2
relative,2
quarterly,2
controversial,2
widely,2
solar,2
stage,2
today,2
george,2
movements,2
usually,2
stocks,2
reasonable,2
becomes,2
collections,2
returned,2
contribution,2
remaining,2
traveled,2
vaults,2
responsible,2
analysis,2
achieve,2
surprising,2
joseph,2
meant,2
yorkherald,2
share,2
deposited,2
comes,2
arrest,2
extensive,2
reinforced,2
pace,2
thousand,2
ralph,2
alternative,2
receipts,2
quickly,2
know,2
readily,2
different,2
wall,2
regard,2
reflected,2
drop,2
unlikely,2
what,2
namely,2
suspicions,2
while,2
unfavorable,2
hastened,2
generally,2
bray,2
recipients,2
prospect,2
alternatives,2
intended,2
territory,2
manhattan,2
summarizes,2
sizeable,2
maintained,2
aspect,2
our,2
drafts,2
intensified,2
contract,2
actively,2
exceeding,2
attempted,2
comparison,2
securities,2
supported,2
lake,2
abandoned,2
noon,2
nicholas,1
final,1
frequent,1
go,1
wavering,1
mostly,1
triple,1
child,1
estimated,1
speculator,1
names,1
effected,1
groups,1
divert,1
faced,1
till,1
expiring,1
represent,1
acre,1
unfounded,1
legitimate,1
arrive,1
determine,1
overstated,1
liquidity,1
combine,1
reacted,1
pushed,1
connecticut,1
crossing,1
lumpy,1
shocks,1
settlements,1
complex,1
mounted,1
determinant,1
ample,1
certificates,1
slight,1
allegedly,1
refused,1
locked,1
english,1
mexican,1
completely,1
easily,1
mortgaged,1
convenience,1
notwithstanding,1
ominous,1
ms,1
doubts,1
motive,1
prentice,1
obligations,1
throwing,1
necessarily,1
concem,1
leaked,1
remedy,1
exceptions,1
unite,1
redirect,1
hesitated,1
edu,1
englewood,1
discounting,1
signal,1
turning,1
mitigated,1
experience,1
themail,1
being,1
expanding,1
discretion,1
t,1
beneficial,1
withdrawn,1
permanence,1
commensurately,1
modest,1
fast,1
regulating,1
reverses,1
ii,1
attempts,1
overproduction,1
accustomed,1
estate,1
rapid,1
metal,1
season,1
unreal,1
shortage,1
advanced,1
referees,1
active,1
dispatched,1
departure,1
parties,1
confirmed,1
affirmed,1
comparatively,1
immense,1
book,1
knowing,1
continue,1
crops,1
packed,1
secondary,1
credits,1
accompanied,1
confusion,1
thank,1
organizes,1
narrative,1
appendix,1
accommodated,1
incident,1
atlantic,1
launched,1
seasonably,1
delaying,1
begun,1
niews,1
take,1
subsequent,1
fresh,1
consist,1
thenew,1
emphasized,1
stand,1
remainder,1
circumvention,1
reserved,1
normal,1
alike,1
horseback,1
seminar,1
triggered,1
growing,1
case,1
documenting,1
side,1
takes,1
advocates,1
cabinet,1
inflows,1
fromsenatedocumentno,1
historians,1
nber,1
circulate,1
advice,1
motion,1
propensity,1
primary,1
mass,1
correspondents,1
draw,1
hall,1
right,1
bloated,1
gnp,1
economics,1
vol,1
opened,1
determined,1
marked,1
innocuous,1
illustrate,1
characterize,1
explorations,1
disentangle,1
election,1
strains,1
alter,1
crossed,1
alarm,1
apart,1
taking,1
payouts,1
sporadically,1
x,1
consequent,1
quantity,1
emporium,1
gavin,1
governent,1
collection,1
interestingly,1
optimism,1
fraudulently,1
exist,1
acres,1
collapse,1
surely,1
sylla,1
proceeded,1
water,1
surmises,1
quality,1
reject,1
professor,1
illustrates,1
inflation,1
demanded,1
realized,1
swimming,1
de,1
author,1
confer,1
scarce,1
dozen,1
ease,1
moment,1
decided,1
consumer,1
averted,1
issued,1
relatively,1
restore,1
legislators,1
barrier,1
agitation,1
accelerating,1
absolutely,1
interprets,1
weaknesses,1
estimates,1
recklessly,1
cases,1
ruminate,1
developments,1
speculative,1
perspective,1
concerning,1
convincing,1
causing,1
ithaca,1
completing,1
channels,1
young,1
twice,1
misleading,1
inadequately,1
thatbanking,1
find,1
like,1
warned,1
revised,1
men,1
stimulating,1
look,1
spite,1
dwindling,1
kelley,1
deeply,1
averting,1
occasion,1
billion,1
shall,1
lender,1
acknowledge,1
stigma,1
focused,1
mechanism,1
perfect,1
higher,1
drained,1
seventh,1
rights,1
operation,1
communities,1
via,1
excesses,1
josephs,1
essential,1
hesitant,1
buffeted,1
managers,1
subjected,1
gripped,1
middling,1
reaching,1
aimed,1
centered,1
adds,1
dry,1
stop,1
interpretation,1
edward,1
sort,1
unit,1
fair,1
preparing,1
bond,1
analyzes,1
arrangements,1
fever,1
granted,1
senior,1
supplement,1
flexible,1
eight,1
certain,1
derived,1
direct,1
induce,1
amending,1
congressional,1
dismiss,1
consequences,1
absorbed,1
supposed,1
moves,1
means,1
send,1
noose,1
understand,1
establishment,1
changes,1
inauguration,1
circulated,1
wanted,1
tensions,1
consider,1
delegation,1
objects,1
signed,1
bankdirectors,1
organized,1
depository,1
section,1
elsewhere,1
driven,1
assumption,1
weather,1
receiving,1
record,1
gradually,1
excitement,1
calendar,1
knickerbocker,1
accumulating,1
suspend,1
totaled,1
menu,1
resorted,1
initiative,1
exploited,1
shed,1
isolation,1
consequence,1
requires,1
problems,1
bourne,1
chronologicallyplace,1
acceptances,1
explain,1
weighed,1
wiggins,1
symbolized,1
preference,1
suggested,1
louisville,1
remittances,1
opponents,1
descriptive,1
treasurer,1
standards,1
lock,1
based,1
acceptable,1
whom,1
location,1
asserts,1
transmission,1
downstream,1
unorganized,1
reallocating,1
demise,1
futnds,1
strength,1
richmond,1
item,1
effort,1
objectives,1
deal,1
facilitate,1
gouge,1
accommodations,1
impaired,1
journey,1
portsmouth,1
fuel,1
secretly,1
fourth,1
lose,1
neighboring,1
embarrassing,1
eased,1
equal,1
pitch,1
war,1
reaffirms,1
nationally,1
suffered,1
purchased,1
estimate,1
tension,1
probablyforty,1
senatedocumentno,1
absolute,1
reluctantly,1
acceleration,1
percentbetween,1
creates,1
possibility,1
eliminate,1
huge,1
nonfinancial,1
representatives,1
watershed,1
almost,1
animated,1
offensive,1
distinguish,1
line,1
relief,1
fromhouseexecutivedocumentno,1
evading,1
responding,1
rail,1
carry,1
nine,1
waterway,1
nearest,1
unless,1
significantly,1
purpose,1
civil,1
arthur,1
knowledge,1
positions,1
description,1
criticized,1
makers,1
got,1
arrives,1
island,1
consistently,1
discussions,1
northwest,1
editorial,1
momingpaper,1
leak,1
destination,1
reportedly,1
people,1
actually,1
falling,1
statistics,1
boom,1
director,1
doors,1
recounting,1
focuses,1
away,1
surrounding,1
newspaper,1
anything,1
achieving,1
disruptions,1
resort,1
withstand,1
rendered,1
approach,1
either,1
norfolk,1
delay,1
signing,1
staple,1
change,1
hardship,1
attorney,1
diversion,1
solution,1
ist,1
ensued,1
working,1
cliffs,1
regardless,1
negligible,1
implausibly,1
debts,1
trading,1
box,1
contrast,1
midst,1
night,1
insurance,1
amidst,1
troubles,1
separately,1
burdensome,1
issuing,1
feelings,1
routine,1
grow,1
starting,1
executed,1
prompted,1
cool,1
mi,1
amounted,1
compromise,1
observe,1
massachusetts,1
bookkeeping,1
met,1
telling,1
seeds,1
core,1
underway,1
inability,1
renewed,1
majority,1
quired,1
correspondence,1
heaviness,1
velocity,1
grateful,1
provided,1
preliminary,1
geographical,1
lend,1
subsequently,1
periods,1
commensurate,1
cite,1
highlights,1
afloat,1
situation,1
reductions,1
offsetting,1
equality,1
advocate,1
nonetheless,1
letters,1
tumover,1
drama,1
launch,1
play,1
exception,1
upward,1
slower,1
intervention,1
tidewater,1
surviving,1
commenced,1
woods,1
comments,1
sending,1
blending,1
shipped,1
cultivate,1
put,1
va,1
vicinity,1
inconvenient,1
reliefto,1
ineffective,1
competition,1
criticism,1
shipping,1
reference,1
excessively,1
represents,1
makes,1
misunderstand,1
requiring,1
domestically,1
perplexity,1
formally,1
chronology,1
faltering,1
populated,1
favorable,1
index,1
shook,1
tn,1
sunnised,1
constant,1
participants,1
planned,1
property,1
shock,1
baltimore,1
steamship,1
outlined,1
wright,1
indian,1
dwindled,1
insights,1
department,1
comell,1
begins,1
noted,1
increasingly,1
eminent,1
debtors,1
inaction,1
sector,1
company,1
published,1
double,1
useful,1
curtailments,1
resolution,1
paul,1
coming,1
moneys,1
think,1
mentions,1
stream,1
isolates,1
stating,1
reporting,1
similarly,1
ask,1
fundamental,1
lowering,1
towards,1
missing,1
adherence,1
anecdotal,1
manuscript,1
astonishment,1
deterioration,1
conduct,1
underestimated,1
indies,1
proposal,1
superfluous,1
agree,1
striking,1
solidity,1
choice,1
break,1
arriving,1
understandable,1
distrust,1
houseexecutive,1
man,1
seldom,1
serious,1
removal,1
simple,1
rhetoric,1
flowed,1
v,1
operating,1
income,1
ch,1
contracted,1
coincided,1
minneapolis,1
volatile,1
woman,1
going,1
distortions,1
fled,1
anticipate,1
remove,1
charleston,1
argues,1
recognizing,1
consternation,1
classes,1
private,1
understanding,1
sufferer,1
fumds,1
background,1
own,1
bicentenary,1
bear,1
augustus,1
limitations,1
slaves,1
contemplate,1
interdict,1
arose,1
braced,1
canals,1
infusions,1
recover,1
host,1
aggravation,1
persisted,1
station,1
factor,1
briggs,1
submitted,1
acquiesced,1
recovery,1
examination,1
check,1
full,1
raising,1
vulnerability,1
connected,1
dismissed,1
requests,1
clifton,1
underwent,1
described,1
low,1
midto,1
engender,1
language,1
lakes,1
transpired,1
sustain,1
maintenance,1
receiver,1
heightening,1
issn,1
bulkier,1
characterized,1
countries,1
helpful,1
receipt,1
fellow,1
defaults,1
him,1
bimonthly,1
sparsely,1
premium,1
mask,1
played,1
collected,1
obtained,1
panels,1
shortly,1
lag,1
retrieving,1
standard,1
expired,1
thomas,1
presidential,1
latter,1
midatlantic,1
repeated,1
quick,1
herman,1
thebanks,1
sentiment,1
outside,1
oozed,1
intend,1
cardiac,1
finetuning,1
eloquent,1
sensible,1
references,1
mainly,1
deliberate,1
assigning,1
story,1
divides,1
saw,1
institution,1
tendency,1
insignificant,1
imperfectly,1
redirected,1
hope,1
mil,1
la,1
division,1
reluctant,1
decision,1
mail,1
visit,1
culmination,1
revolution,1
entitled,1
carried,1
things,1
asking,1
accepting,1
somewhat,1
fifty,1
juni,1
depressed,1
groupings,1
respect,1
informs,1
imply,1
me,1
dual,1
declaration,1
absorbing,1
raise,1
charters,1
independent,1
provide,1
relieved,1
naturally,1
program,1
hill,1
channel,1
exacerbated,1
fewer,1
insufficient,1
resumed,1
institutions,1
seen,1
obstacle,1
force,1
render,1
effectively,1
itwith,1
sown,1
inadequate,1
rapidly,1
covering,1
settled,1
reconsider,1
lowered,1
norton,1
existed,1
grade,1
timeline,1
magnification,1
erie,1
types,1
itself,1
face,1
gathered,1
pressures,1
earliest,1
addressed,1
claims,1
lstsession,1
dissertation,1
disturb,1
assistant,1
environment,1
reciprocal,1
seriously,1
variable,1
magnitude,1
fifteen,1
prohibited,1
lessons,1
conclusion,1
deep,1
founded,1
regulated,1
officially,1
economically,1
determinants,1
beside,1
continues,1
extension,1
ignore,1
willingness,1
levi,1
cracked,1
triggers,1
offers,1
here,1
convertibility,1
resonance,1
highly,1
withdrawals,1
exceeds,1
halt,1
india,1
ratio,1
relieve,1
stoppage,1
confident,1
seem,1
believe,1
gone,1
best,1
tandem,1
ph,1
argue,1
dock,1
universal,1
returns,1
eventually,1
tightened,1
particularly,1
enactnent,1
southeastem,1
sustaining,1
peak,1
equilibrium,1
written,1
examining,1
explicitly,1
tracts,1
past,1
prospects,1
mismanagement,1
curtailment,1
frantic,1
passage,1
type,1
risky,1
pushing,1
places,1
person,1
following,1
dismissing,1
specter,1
william,1
ofthese,1
strained,1
nominal,1
unique,1
reactions,1
terms,1
list,1
add,1
hoped,1
passed,1
rejacksonian,1
erect,1
firmly,1
problem,1
tending,1
lafayette,1
rhode,1
barely,1
payable,1
listed,1
agreed,1
emphasis,1
upper,1
presume,1
oath,1
bought,1
mercantile,1
commissioner,1
tightening,1
decisive,1
plummeted,1
marketing,1
innocent,1
publishers,1
subject,1
simply,1
aptly,1
bona,1
calculated,1
sheets,1
ever,1
world,1
disrupted,1
writing,1
firms,1
gain,1
faculty,1
neglect,1
construed,1
fide,1
friday,1
bystander,1
prepared,1
unexplored,1
proceeds,1
seek,1
pine,1
moderate,1
recording,1
argument,1
editor,1
generate,1
disposal,1
initiated,1
scribes,1
ushered,1
motives,1
explanation,1
publicized,1
wish,1
bargains,1
exceed,1
offer,1
instead,1
grown,1
although,1
d,1
need,1
product,1
involving,1
asked,1
disrupt,1
defined,1
inducement,1
discounted,1
extremely,1
remains,1
association,1
shift,1
increased,1
campaign,1
ships,1
roughly,1
anonymous,1
am,1
potential,1
assumed,1
valuable,1
withdrew,1
fluctuated,1
themselves,1
weber,1
supply,1
era,1
uncertainty,1
views,1
import,1
entire,1
shaving,1
strong,1
mint,1
whenever,1
observed,1
cross,1
tuesday,1
close,1
major,1
row,1
bundles,1
