WORDCOUNTS,WEIGHT
the,454
and,389
of,317
to,278
in,183
a,154
that,99
by,99
furness,84
s,83
firms,81
pp,76
were,70
their,69
shipping,61
for,60
private,59
or,57
new,57
was,56
with,55
owners,54
british,53
from,50
p,49
capital,47
u,47
as,45
which,42
shares,42
information,42
on,41
o,40
they,39
his,39
shipowners,39
but,38
not,37
control,37
london,36
these,36
c,36
growth,34
could,33
m,30
funds,30
public,30
after,29
financial,29
liner,28
withy,28
before,27
cz,27
boyce,26
groups,25
into,25
company,25
this,25
when,24
he,24
large,23
it,21
used,21
business,21
also,21
lines,21
did,21
e,20
cunard,20
britain,19
market,18
flows,18
access,18
companies,18
an,18
investors,18
services,18
while,18
at,17
history,17
firm,17
resources,17
trading,17
limited,17
ellerman,17
d,17
t,16
all,16
some,16
operations,16
had,16
because,16
knowledge,16
who,16
l,15
n,15
industrial,15
finance,15
entry,15
ships,15
formed,14
costs,14
more,14
banks,14
see,14
ties,14
contracts,14
founders,14
securities,14
steam,14
dissolution,13
cargo,13
other,13
assets,13
small,13
ordinary,13
investment,13
sold,13
advantages,13
trade,13
percent,13
them,13
development,12
ct,12
retained,12
conferences,12
data,12
consolidation,12
industry,12
about,12
only,12
made,12
green,12
over,12
major,12
holding,11
those,11
voting,11
controlled,11
sample,11
support,11
scale,11
line,11
two,11
outside,11
contacts,11
co,11
structure,11
often,11
tramping,11
secure,11
cl,11
through,11
subsidies,11
consolidated,11
ownership,11
one,10
i,10
mail,10
ventures,10
industries,10
established,10
w,10
philipps,10
up,10
provided,10
competition,10
foreign,10
growing,10
form,10
have,10
profits,10
between,10
enterprise,10
later,9
corporate,9
davis,9
z,9
fairplay,9
networks,9
no,9
legal,9
changes,9
r,9
ship,9
reduced,9
management,9
v,9
cottrell,9
preferential,9
moss,9
use,9
trades,9
debentures,9
size,9
bought,9
institutional,9
if,8
group,8
policy,8
leyland,8
rights,8
links,8
risk,8
importance,8
most,8
based,8
markets,8
scope,8
gave,8
family,8
economic,8
reduce,8
many,8
time,8
operating,8
michael,8
remained,8
local,8
b,8
would,8
dec,8
houlder,8
acquired,8
share,8
vessels,8
both,8
became,8
national,8
davies,8
vessel,8
be,8
directors,7
needed,7
h,7
mortgages,7
aldcroft,7
royal,7
allies,7
chandler,7
investments,7
allan,7
able,7
marine,7
within,7
semiprivate,7
vol,7
supply,7
tons,7
thus,7
jones,7
without,7
act,7
enabled,7
organization,7
victorian,7
accounting,7
its,7
bank,7
several,7
constraints,7
yet,7
fleets,7
rise,7
extended,7
gray,7
encouraged,7
spread,7
so,7
high,7
sales,7
merger,7
provide,7
is,7
currie,7
then,7
very,7
subordinate,7
william,7
economy,7
merchant,7
exploit,7
conditions,7
although,7
traditional,7
created,6
environmental,6
mar,6
minutes,6
ways,6
first,6
j,6
advantage,6
ben,6
edelstein,6
financed,6
attract,6
tonnage,6
such,6
interest,6
american,6
communication,6
than,6
loans,6
may,6
higher,6
fleet,6
rather,6
partnership,6
cost,6
kennedy,6
preferred,6
during,6
employed,6
change,6
annual,6
paid,6
value,6
service,6
comparative,6
expansion,6
july,6
initially,6
single,6
palmer,6
same,6
ed,6
patterns,6
existing,6
eds,6
range,6
held,6
like,6
him,6
imm,6
continued,6
five,6
began,6
agents,6
organizational,6
terms,6
hyde,6
takeover,6
need,6
booth,6
potential,6
among,6
technological,6
taylor,6
fixed,5
rivals,5
shaped,5
available,5
great,5
scheduled,5
raised,5
operators,5
x,5
economies,5
merchants,5
jeremy,5
price,5
forced,5
channels,5
collusive,5
main,5
acquisition,5
flow,5
initial,5
required,5
facilities,5
network,5
personal,5
status,5
dictionary,5
decline,5
using,5
purchasing,5
f,5
buy,5
builders,5
structural,5
opportunities,5
morgan,5
technology,5
informal,5
largest,5
sector,5
routes,5
law,5
men,5
intangible,5
won,5
enhanced,5
bmt,5
study,5
methods,5
widely,5
increasing,5
outsiders,5
primarily,5
elder,5
series,5
set,5
best,5
humphries,5
recession,5
trampowners,5
secured,5
partnerships,5
cambridge,5
instead,5
effects,5
generated,4
mergers,4
extend,4
designed,4
former,4
devices,4
position,4
interests,4
rapid,4
liverpool,4
atlantic,4
help,4
case,4
capacity,4
entrepreneurs,4
international,4
sale,4
west,4
along,4
review,4
harcourt,4
given,4
financing,4
cases,4
distinct,4
nor,4
influence,4
competitive,4
developed,4
sudden,4
packaged,4
age,4
greater,4
ropner,4
requirements,4
further,4
purchased,4
influenced,4
basis,4
received,4
rail,4
sept,4
part,4
instruments,4
minority,4
targets,4
q,4
issues,4
owned,4
few,4
wider,4
core,4
majority,4
demand,4
absence,4
various,4
exception,4
selling,4
security,4
under,4
lord,4
steamship,4
reports,4
frameworks,4
enterprises,4
subsidiaries,4
dividends,4
venture,4
forms,4
shipowning,4
number,4
credit,4
cayzer,4
three,4
individual,4
allowed,4
administrative,4
businesses,4
attracted,4
sailing,4
raise,4
cn,4
institutions,4
table,4
overdrafts,4
mercantile,4
extending,4
ralph,4
acquisitions,4
specialized,4
has,4
dempster,4
options,4
rose,4
prevent,4
role,4
reserves,4
superior,4
world,4
buying,4
entrants,4
formation,4
until,4
commercial,4
north,4
years,4
leverage,4
vital,4
regular,4
forming,4
increased,4
offered,4
supported,4
sectors,4
develop,4
affiliates,4
built,4
close,4
privately,3
asset,3
essays,3
prime,3
ma,3
specialist,3
english,3
bias,3
studies,3
induced,3
wolff,3
consistent,3
railroads,3
long,3
exclusive,3
entailed,3
might,3
emerged,3
yards,3
pollard,3
reveal,3
take,3
debt,3
subsequent,3
there,3
yamey,3
alfred,3
shipbuilding,3
retain,3
porter,3
chartered,3
sturmey,3
investing,3
forged,3
prevented,3
clients,3
against,3
relatively,3
issued,3
adopted,3
response,3
six,3
arranged,3
alliances,3
profit,3
journal,3
preserving,3
rates,3
businessmen,3
incentive,3
operation,3
crouzet,3
york,3
managers,3
edwin,3
supplement,3
grew,3
special,3
k,3
factors,3
rising,3
ensure,3
university,3
ville,3
horizontally,3
efficient,3
vale,3
helped,3
important,3
providing,3
holdings,3
closely,3
came,3
cd,3
route,3
found,3
seven,3
acquiring,3
tramps,3
though,3
stock,3
meet,3
wealth,3
however,3
well,3
shape,3
participation,3
hartlepool,3
chap,3
example,3
nation,3
ten,3
millions,3
overseas,3
participate,3
own,3
shaping,3
contrast,3
insurance,3
castle,3
oct,3
depression,3
trusts,3
protect,3
fully,3
activities,3
lend,3
harland,3
second,3
guarded,3
indeed,3
slower,3
make,3
cartels,3
shipyards,3
relied,3
liability,3
arrangements,3
restricted,3
railroad,3
orders,3
infrastructure,3
avoided,3
independent,3
stronger,3
fell,3
shipbuilder,3
preferences,3
complementary,3
fact,3
blocks,3
larger,3
aug,3
seldom,3
ports,3
necessary,3
consolidations,3
shifts,3
realize,3
craig,3
maritime,3
formal,3
depended,3
expand,3
findings,3
low,3
promotions,3
shipbuilders,3
played,3
stages,3
managerial,3
michie,3
especially,3
acquire,3
hume,3
connections,3
joint,3
division,3
unfolded,3
carried,3
accepting,3
lance,3
africa,3
sometimes,3
usually,3
syndicates,3
why,3
analysis,3
united,3
mainly,3
extensive,3
syndicate,3
deferred,3
subsidized,3
mixes,3
pirrie,3
different,3
manchester,3
combined,3
making,3
capitalized,3
thereby,3
city,3
despite,3
cash,3
regulated,3
vertically,3
shareholders,3
families,3
gain,3
robertson,3
average,3
offer,3
smaller,3
needs,3
lamoreaux,3
create,3
early,3
much,3
building,3
rate,2
booms,2
statist,2
faced,2
jane,2
offset,2
alone,2
adoption,2
denomination,2
per,2
significant,2
myth,2
prince,2
mersey,2
earnings,2
committee,2
necessarily,2
virtually,2
unlike,2
encourage,2
occurred,2
blockages,2
total,2
chartering,2
nineteenth,2
impeded,2
establish,2
lower,2
fabric,2
berthing,2
undermine,2
sources,2
posed,2
fund,2
taken,2
prospectuses,2
saul,2
action,2
attractive,2
fractional,2
skills,2
monitor,2
government,2
transferred,2
fresh,2
improved,2
tap,2
robert,2
techniques,2
return,2
concealed,2
ltd,2
payne,2
vulnerability,2
custom,2
leicester,2
facilitating,2
diss,2
demanded,2
behavior,2
framework,2
winning,2
centralized,2
differential,2
dynamics,2
illustrates,2
g,2
author,2
pay,2
century,2
extensively,2
edy,2
concerning,2
panitpakdi,2
served,2
suitable,2
dates,2
honour,2
engineering,2
vendors,2
y,2
obscure,2
guaranteed,2
even,2
placements,2
freda,2
guard,2
nonvoting,2
sears,2
jarvis,2
failed,2
gaining,2
performance,2
how,2
levels,2
active,2
persistent,2
eight,2
turn,2
similar,2
derived,2
direct,2
induce,2
overcapitalization,2
navin,2
risks,2
means,2
ij,2
win,2
facilitated,2
old,2
emergence,2
artificial,2
gradually,2
accumulating,2
four,2
unbound,2
bourne,2
founding,2
strategy,2
suggested,2
yard,2
friends,2
diluting,2
introduce,2
knott,2
out,2
deal,2
late,2
milne,2
focused,2
war,2
record,2
kylsant,2
explain,2
captains,2
sequential,2
improve,2
failure,2
protected,2
makers,2
gains,2
permitted,2
carosso,2
brought,2
stake,2
loss,2
expertise,2
policies,2
partly,2
suppliers,2
records,2
thereafter,2
augment,2
proliferation,2
shipowner,2
relative,2
attributed,2
either,2
regions,2
prices,2
asymmetries,2
commerce,2
viable,2
caused,2
working,2
intervals,2
debenture,2
concerns,2
governments,2
facility,2
tightened,2
bids,2
progress,2
sea,2
deakin,2
correspondence,2
shareholding,2
cycle,2
newly,2
displaced,2
gordon,2
behalf,2
avoid,2
south,2
threatened,2
portion,2
led,2
sail,2
furnished,2
units,2
finances,2
protecting,2
unremitting,2
wray,2
poor,2
community,2
still,2
indicates,2
bankers,2
shareholder,2
movement,2
hold,2
supplementary,2
neither,2
included,2
assistance,2
responsive,2
arranging,2
payments,2
investor,2
chose,2
worst,2
endured,2
paul,2
holden,2
oceanic,2
conceal,2
power,2
others,2
fragmentation,2
chaps,2
prometheus,2
lacked,2
shows,2
lack,2
diverse,2
john,2
succeeding,2
pattern,2
decisively,2
where,2
interport,2
less,2
parent,2
coincided,2
material,2
another,2
sir,2
associates,2
survive,2
pricing,2
previously,2
inchcape,2
largely,2
kingdom,2
clauses,2
trust,2
previous,2
option,2
underwent,2
sustain,2
peter,2
david,2
obstructed,2
kept,2
thomas,2
latter,2
payment,2
newcastle,2
respectively,2
availability,2
northern,2
rubinstein,2
sole,2
hedge,2
applies,2
examines,2
reluctant,2
hindered,2
chance,2
bound,2
vertical,2
fewer,2
subsidy,2
progressively,2
thirteen,2
wilson,2
remaining,2
originated,2
peril,2
rapidly,2
expert,2
mitsubishi,2
liners,2
types,2
imperialism,2
influencing,2
extensions,2
regularly,2
meant,2
publicly,2
wars,2
any,2
underpinned,2
reinforced,2
borrow,2
alternative,2
ran,2
favorably,2
repurchase,2
environment,2
multiship,2
ph,2
clan,2
intrusion,2
domestic,2
returns,2
brothers,2
reflected,2
conditioned,2
type,2
following,2
landes,2
what,2
imposed,2
calculations,2
imperial,2
property,2
port,2
freedom,2
conference,2
economist,2
transport,2
attached,2
african,2
concessions,2
exceeded,2
voyage,2
strong,2
pace,2
tramp,2
argument,2
contract,2
accept,2
naomi,2
actively,2
evidence,2
off,2
wellington,2
reorganized,2
morgans,2
specific,2
assumed,2
themselves,2
deployment,2
inducements,2
reflecting,2
maximum,2
rigidity,2
showed,2
outlawed,2
emulate,1
frequent,1
difficult,1
bernard,1
tokyo,1
dominant,1
does,1
clustered,1
possessed,1
done,1
provisioning,1
unrestrained,1
personally,1
discourage,1
underpinning,1
horizontal,1
way,1
runciman,1
concerned,1
asymmetric,1
stood,1
retreated,1
nyk,1
unfounded,1
career,1
engendered,1
personnel,1
flagships,1
determine,1
marian,1
compensated,1
pools,1
scottish,1
conversion,1
rolled,1
conducted,1
systematically,1
agency,1
effective,1
shipbiiilding,1
entries,1
sideways,1
glean,1
union,1
specified,1
radcliffe,1
obligations,1
fairp,1
individually,1
impediments,1
equity,1
economics,1
arguing,1
princeton,1
precursors,1
navies,1
properties,1
hoping,1
test,1
cutting,1
being,1
deter,1
transitions,1
provision,1
earning,1
australia,1
collusion,1
every,1
li,1
commissions,1
production,1
jointly,1
originally,1
affiliated,1
ingenuity,1
assign,1
concentrated,1
vols,1
progression,1
utilization,1
promoting,1
shortage,1
freely,1
neil,1
supplied,1
definition,1
gary,1
request,1
sailship,1
possibilities,1
zi,1
overlapped,1
suggesting,1
accompanied,1
desire,1
reasons,1
careers,1
constituents,1
boer,1
timing,1
rich,1
assembled,1
studied,1
thanks,1
onto,1
composition,1
hannah,1
antitrust,1
expense,1
survey,1
inland,1
achieved,1
shipyard,1
devised,1
rudimentary,1
improving,1
henry,1
principal,1
political,1
diversify,1
wage,1
committed,1
intelligence,1
behind,1
credibility,1
lecturer,1
papers,1
sylla,1
pecuniary,1
divestments,1
employs,1
partners,1
issue,1
booked,1
side,1
globe,1
brief,1
resulted,1
quigley,1
openings,1
key,1
king,1
remobilize,1
sought,1
expenses,1
undercut,1
account,1
indirectly,1
anticipation,1
prior,1
possible,1
determined,1
compelling,1
cooperation,1
activity,1
securely,1
adopting,1
election,1
foreigners,1
mutual,1
move,1
richard,1
purchases,1
invited,1
variations,1
except,1
internalizing,1
consequent,1
paving,1
far,1
coordinating,1
laws,1
consolidating,1
apply,1
objective,1
constrained,1
correlation,1
obfuscation,1
inexpensive,1
eroded,1
measurement,1
ross,1
penetrate,1
pursuing,1
dublin,1
exposed,1
exist,1
learned,1
repeatedly,1
freights,1
build,1
central,1
processors,1
million,1
auckland,1
andrew,1
phase,1
throughout,1
widened,1
holders,1
explained,1
modify,1
immediate,1
informational,1
dominated,1
pursuit,1
stakes,1
cclctw,1
agent,1
thompson,1
eo,1
agreeing,1
ability,1
ow,1
relations,1
consumer,1
walter,1
jr,1
convention,1
manager,1
replaced,1
exhausted,1
exercise,1
big,1
initiate,1
aligned,1
detention,1
reluctance,1
underlying,1
perspective,1
fees,1
competitiveness,1
oxford,1
provisions,1
allowing,1
apr,1
compared,1
truly,1
died,1
weight,1
hybrid,1
explore,1
consequently,1
interlocking,1
boom,1
strengthening,1
occasion,1
fellow,1
inviting,1
awarded,1
cooperative,1
acted,1
restricting,1
mair,1
adjust,1
interconference,1
let,1
phases,1
mechanisms,1
offices,1
opposed,1
builder,1
redhill,1
remedied,1
essential,1
german,1
agitation,1
identification,1
cartel,1
traffic,1
impetus,1
en,1
unit,1
process,1
mean,1
ce,1
deprived,1
senior,1
proportion,1
flexible,1
interwar,1
balanced,1
losing,1
jeopardize,1
danger,1
mobilize,1
offering,1
lay,1
augmented,1
overlooked,1
adjustment,1
lots,1
modified,1
salaried,1
branded,1
utterly,1
perceptions,1
maintaining,1
affect,1
consider,1
underdeveloped,1
possibly,1
trampowner,1
specialization,1
slowly,1
disclosure,1
presumably,1
clearly,1
allocation,1
quoted,1
accrued,1
attain,1
placed,1
solidified,1
house,1
instrument,1
argued,1
too,1
benefited,1
abridged,1
show,1
resource,1
additional,1
origins,1
connecting,1
cemented,1
imprecise,1
hereafter,1
exploitation,1
subsidiary,1
reprisals,1
believed,1
preference,1
independents,1
drawing,1
disclosed,1
view,1
commanded,1
ei,1
barclays,1
result,1
tc,1
whom,1
path,1
concentration,1
allow,1
exerting,1
restrict,1
future,1
fortunes,1
conservative,1
entered,1
demise,1
oil,1
attack,1
lazonick,1
subunits,1
changed,1
shared,1
impaired,1
configuration,1
fuel,1
base,1
industrials,1
evaluate,1
circulation,1
heirs,1
founder,1
equal,1
wales,1
institute,1
precaution,1
promoters,1
knighthood,1
precautions,1
agreements,1
produced,1
reinforce,1
revive,1
linthouse,1
enjoyed,1
fledgling,1
enough,1
parceled,1
wide,1
griscom,1
governing,1
vo,1
eliminate,1
receive,1
expensive,1
aspects,1
undermined,1
gained,1
directly,1
provincial,1
postmerger,1
booking,1
spheres,1
qualification,1
closed,1
work,1
implement,1
vincent,1
obviating,1
carry,1
nine,1
refiners,1
advancement,1
divulging,1
ot,1
explains,1
shipload,1
secret,1
related,1
appleton,1
coalmining,1
revealed,1
positions,1
routinely,1
restructuring,1
securing,1
cargoes,1
older,1
broad,1
participated,1
earn,1
dispense,1
winter,1
device,1
uncharted,1
forces,1
publish,1
reflect,1
legislation,1
regional,1
newspaper,1
savings,1
smallest,1
strengthened,1
transatlantic,1
nakagawa,1
causal,1
businessman,1
officials,1
least,1
brush,1
ratios,1
successful,1
field,1
cts,1
below,1
emergent,1
responsibility,1
distances,1
wished,1
stage,1
volume,1
hired,1
box,1
order,1
imposition,1
irvine,1
sharp,1
loan,1
involved,1
submit,1
attention,1
initiating,1
june,1
dividend,1
highly,1
grow,1
mi,1
ts,1
disparate,1
napier,1
met,1
usual,1
diversified,1
tended,1
corporations,1
parliament,1
customary,1
inability,1
renewed,1
threeto,1
productivity,1
reciprocated,1
recycle,1
posing,1
swings,1
sophistication,1
favoured,1
invest,1
seemed,1
stephens,1
calls,1
subsequently,1
laing,1
sidney,1
reorganizations,1
tasks,1
risking,1
unscrupulous,1
transform,1
annum,1
reductions,1
willcox,1
discriminatory,1
practices,1
boards,1
interference,1
incentives,1
short,1
hide,1
resisted,1
londonbased,1
turnbull,1
multiroute,1
overdraft,1
play,1
motivated,1
passively,1
communithe,1
nearly,1
reorganization,1
converted,1
reconstruction,1
expanded,1
surviving,1
railway,1
juggling,1
unprecedented,1
unfamiliar,1
abrupt,1
weapon,1
innovation,1
fighting,1
undergo,1
loopholes,1
cheap,1
accumulate,1
recognized,1
reference,1
precondition,1
stephanie,1
switching,1
accident,1
creditors,1
requiring,1
england,1
borrowed,1
exposure,1
official,1
tn,1
initiation,1
planned,1
complete,1
formalized,1
locality,1
accelerated,1
al,1
forge,1
reliance,1
toronto,1
williams,1
maintained,1
social,1
delivery,1
alteration,1
outbreak,1
stemmed,1
organizations,1
lewis,1
name,1
successfully,1
midland,1
unlimited,1
intermodal,1
toward,1
respectable,1
death,1
similarly,1
addition,1
experienced,1
hartlepools,1
preserve,1
conduct,1
deficient,1
occupations,1
enlarging,1
appeared,1
match,1
revenue,1
regulation,1
enable,1
cld,1
end,1
prejudicial,1
goodwill,1
charges,1
imperfect,1
oc,1
serious,1
external,1
zealand,1
channel,1
took,1
drove,1
do,1
present,1
covered,1
developing,1
competitors,1
ensured,1
accepted,1
seventeenth,1
income,1
juggle,1
contracted,1
strategies,1
duties,1
incursions,1
simplicity,1
shipbrokers,1
compelled,1
mobilized,1
threats,1
entrepreneurial,1
free,1
compete,1
ibid,1
charted,1
argues,1
overcapitalizing,1
simon,1
matrix,1
resourcesbritish,1
understanding,1
vestey,1
berths,1
investigated,1
spun,1
divided,1
averaged,1
vivian,1
registers,1
invested,1
considering,1
ousted,1
alliance,1
easier,1
farther,1
doomed,1
eighteenth,1
values,1
augustus,1
represented,1
bottomry,1
sides,1
alerted,1
including,1
arose,1
groupwide,1
industrialized,1
increase,1
unpredictable,1
supervisory,1
recover,1
needing,1
controlling,1
ordering,1
traded,1
combining,1
misled,1
operated,1
oppose,1
barffers,1
granted,1
factor,1
aside,1
products,1
sxt,1
net,1
catalyst,1
insure,1
evolution,1
exhibited,1
trend,1
continue,1
merit,1
full,1
raising,1
traders,1
office,1
ravenscrag,1
reinforcing,1
improvements,1
necessitated,1
sarah,1
shrewd,1
open,1
explorations,1
crises,1
waive,1
modem,1
discussed,1
obtaining,1
tail,1
vagueness,1
reputation,1
portfolio,1
amounts,1
issn,1
staple,1
supplying,1
period,1
general,1
function,1
summer,1
premium,1
argumentthat,1
evolve,1
static,1
pyramidal,1
disclaimer,1
earlier,1
glyndwr,1
tangible,1
delegating,1
glynn,1
exchange,1
waiver,1
beyond,1
problems,1
examined,1
cs,1
internal,1
article,1
mariners,1
commentators,1
systems,1
divest,1
references,1
effect,1
james,1
capabilities,1
capitalism,1
analyze,1
slightly,1
admiralty,1
equivalent,1
reserved,1
figures,1
we,1
takeovers,1
financiers,1
unrelated,1
concluded,1
decision,1
hawke,1
indication,1
twelve,1
negotiations,1
states,1
relationship,1
multivessel,1
unforseeable,1
charters,1
streamlined,1
voyages,1
forego,1
science,1
segments,1
opportunism,1
naturally,1
practical,1
promotional,1
fear,1
select,1
foregoing,1
leslie,1
widespread,1
class,1
lost,1
postal,1
transformed,1
promotor,1
armed,1
inadequate,1
maximizing,1
try,1
indicate,1
feeder,1
exclude,1
construction,1
cease,1
fall,1
transferring,1
depreciated,1
system,1
supporting,1
fields,1
centuries,1
muir,1
strategically,1
enlist,1
mirror,1
unusual,1
inducing,1
sound,1
investigate,1
stable,1
school,1
duncan,1
nonaligned,1
variable,1
dependable,1
victoria,1
heavy,1
aspiring,1
practice,1
dispersed,1
broke,1
elaborate,1
conclusion,1
multiservice,1
changing,1
subsidization,1
bill,1
biography,1
wear,1
steel,1
geographic,1
tyne,1
sam,1
elbaum,1
extension,1
carriers,1
willingness,1
charles,1
eleven,1
funding,1
meat,1
here,1
quickened,1
brazilian,1
rigorous,1
timetable,1
quickly,1
excess,1
tj,1
introducing,1
each,1
paper,1
are,1
repaid,1
worth,1
expanding,1
capability,1
global,1
confident,1
sizes,1
guarantees,1
deposited,1
argue,1
wealthy,1
cyclical,1
allied,1
rivalry,1
exploiting,1
particularly,1
yui,1
losses,1
recessions,1
obviously,1
impossible,1
rely,1
goods,1
peak,1
cultivation,1
chairman,1
cities,1
driven,1
closest,1
prospects,1
proposed,1
passage,1
advances,1
risky,1
lending,1
littleton,1
consisted,1
allotment,1
stature,1
packers,1
according,1
commodity,1
unlikely,1
purchase,1
automatic,1
transfers,1
mccloskey,1
whether,1
list,1
ones,1
involvement,1
cause,1
lane,1
opportunistic,1
delegate,1
manias,1
axis,1
transactions,1
ceased,1
leaving,1
distribution,1
catered,1
dispensation,1
consisting,1
waters,1
provisioners,1
managed,1
sleeping,1
thousands,1
samuelson,1
hypothesize,1
strings,1
listed,1
suggests,1
hain,1
threat,1
urban,1
contain,1
strain,1
kn,1
denny,1
belfast,1
presented,1
alterations,1
displace,1
preserved,1
gt,1
altered,1
surrey,1
reported,1
simply,1
exercising,1
affecting,1
decisive,1
dependent,1
safeguarded,1
courses,1
williamson,1
subject,1
durable,1
transition,1
entrepreneur,1
step,1
bona,1
obtain,1
treasury,1
dispensed,1
behaved,1
fide,1
varied,1
internalized,1
subsumed,1
analysts,1
bargaining,1
promoted,1
francois,1
capitalizations,1
chaired,1
lists,1
disseminating,1
trusted,1
initiated,1
donald,1
rationalization,1
ushered,1
finally,1
broker,1
hiring,1
contributed,1
joined,1
detached,1
include,1
enabling,1
cation,1
integration,1
defiance,1
area,1
residuum,1
oldest,1
association,1
shift,1
roles,1
reconsolidations,1
rupert,1
pioneering,1
safeguard,1
arrange,1
portrait,1
third,1
industrialists,1
buyouts,1
broadening,1
thing,1
ham,1
accountant,1
overcame,1
reached,1
era,1
solicit,1
irrelevant,1
debate,1
sharing,1
pool,1
partial,1
tendered,1
substantial,1
entire,1
little,1
turbulence,1
conventions,1
steamships,1
mature,1
leveraged,1
comparable,1
exchanges,1
observed,1
shippers,1
profiles,1
compounding,1
asked,1
indicating,1
termed,1
bunkering,1
quantity,1
costly,1
