WORDCOUNTS,WEIGHT
the,390
of,268
in,198
and,194
to,95
a,86
segregation,60
for,59
blacks,58
that,55
black,54
as,47
racial,45
by,40
were,40
discrimination,39
labor,38
on,37
south,36
is,34
was,32
social,32
economic,31
workers,31
cities,30
occupational,28
negro,28
or,27
from,26
residential,25
be,25
markets,24
s,23
but,23
line,22
have,22
an,20
white,20
color,20
census,20
this,20
market,19
pp,19
jobs,19
would,19
not,19
also,18
with,18
whites,17
occupations,17
between,17
it,16
norms,16
which,16
table,16
are,16
job,16
chicago,16
patterns,15
both,15
some,14
representation,14
new,14
u,14
north,14
border,13
occupation,13
southern,13
index,13
exclusion,13
northern,13
sundstrom,13
race,13
they,12
all,12
more,12
city,12
other,11
i,11
such,11
sample,11
clerical,11
employment,11
washington,11
american,10
one,10
dc,10
could,10
p,10
commerce,10
at,9
york,9
unions,9
population,9
positions,9
foremen,9
service,9
pattern,9
see,9
can,9
states,9
had,8
women,8
those,8
political,8
vol,8
human,8
journal,8
work,8
example,8
etc,8
opportunities,8
many,8
department,8
educational,8
been,8
united,8
capital,8
cayton,8
johnson,8
urban,8
customers,7
e,7
into,7
might,7
there,7
has,7
relations,7
than,7
most,7
schooling,7
important,7
sales,7
these,7
men,7
supervisory,7
ratios,7
whatley,7
where,7
any,7
much,7
if,6
correlations,6
large,6
margo,6
history,6
differences,6
taeuber,6
against,6
even,6
may,6
economics,6
requirements,6
skilled,6
employers,6
well,6
industry,6
workforce,6
constraints,6
interactions,6
percentage,6
status,6
regions,6
versus,6
professional,6
bureau,6
who,6
force,6
life,6
often,6
drake,6
over,6
each,6
ratio,6
economy,6
males,6
measures,5
lower,5
first,5
state,5
robert,5
within,5
case,5
relationships,5
century,5
races,5
no,5
costs,5
their,5
females,5
warren,5
powerful,5
negroes,5
because,5
indianapolis,5
during,5
change,5
competitive,5
st,5
moved,5
about,5
baltimore,5
industrial,5
only,5
areas,5
less,5
time,5
degree,5
promotion,5
education,5
log,5
did,5
william,5
sixteenth,5
manufacturing,5
policy,4
nature,4
composition,4
wage,4
correlation,4
throughout,4
explained,4
dynamics,4
calculated,4
g,4
rights,4
angeles,4
certain,4
metropolis,4
impact,4
atlanta,4
concentration,4
aspects,4
explore,4
los,4
part,4
norm,4
interracial,4
strict,4
characteristics,4
tended,4
when,4
progress,4
spero,4
harris,4
restricted,4
railroad,4
wright,4
law,4
becker,4
considerable,4
man,4
attainment,4
so,4
effect,4
excluded,4
attention,4
fairly,4
enforced,4
then,4
here,4
half,4
domestic,4
spatial,4
them,4
whether,4
cincinnati,4
role,4
shown,4
twentieth,4
evidence,4
interaction,4
pittsburgh,3
career,3
birmingham,3
neighborhoods,3
higgs,3
operated,3
occurred,3
inequality,3
physicians,3
t,3
sources,3
fifteenth,3
maloney,3
give,3
compositors,3
constraint,3
sexual,3
carpenters,3
along,3
prejudice,3
behavior,3
framework,3
thus,3
review,3
santa,3
learning,3
grocery,3
taste,3
adjustment,3
find,3
coal,3
industries,3
operation,3
philadelphia,3
across,3
neighborhood,3
similar,3
importance,3
parts,3
memphis,3
university,3
workplace,3
isolation,3
generally,3
detroit,3
greater,3
came,3
suburbs,3
worker,3
networks,3
degrees,3
data,3
advancement,3
civil,3
edn,3
its,3
stores,3
relative,3
order,3
long,3
highly,3
research,3
appropriate,3
firemen,3
gavin,3
discriminatory,3
clara,3
limited,3
woofter,3
foot,3
cleveland,3
resseg,3
dewey,3
orders,3
complete,3
two,3
regional,3
houston,3
plumbers,3
toward,3
fact,3
beliefs,3
teachers,3
hand,3
horace,3
eds,3
local,3
louis,3
held,3
hiring,3
especially,3
problems,3
internal,3
james,3
division,3
supervising,3
relationship,3
occseg,3
george,3
segregated,3
economists,3
impersonal,3
analysis,3
machinists,3
door,3
duncan,3
blocked,3
simply,3
iii,3
historical,3
evident,3
virtual,3
selected,3
orleans,3
dallas,3
extent,3
getting,3
almost,3
residuals,3
categories,3
must,3
through,3
impose,3
conventional,3
question,3
national,3
contributed,3
although,3
typically,3
effects,3
association,3
surgeons,3
close,3
earner,2
significant,2
way,2
later,2
mar,2
informational,2
group,2
measurable,2
ma,2
live,2
h,2
studies,2
earnings,2
exceptions,2
operatives,2
source,2
pie,2
clair,2
negative,2
mitigated,2
reprinted,2
explaining,2
every,2
ii,2
implications,2
hire,2
j,2
gary,2
available,2
professions,2
carter,2
together,2
simple,2
government,2
woodson,2
take,2
regressed,2
daniel,2
context,2
quillin,2
side,2
depending,2
iv,2
custom,2
account,2
inverse,2
prior,2
greene,2
point,2
except,2
x,2
constrained,2
manuscript,2
central,2
thaler,2
run,2
since,2
unpublished,2
author,2
relatively,2
mixed,2
uniformity,2
fishback,2
continuous,2
truly,2
strikebreaking,2
identify,2
drawn,2
spite,2
clientele,2
typified,2
surprisingly,2
interesting,2
rather,2
managers,2
l,2
growth,2
how,2
remain,2
sort,2
process,2
represented,2
earlier,2
study,2
summarized,2
augmented,2
consequences,2
presumably,2
disadvantaged,2
n,2
fairness,2
store,2
textile,2
dept,2
follow,2
beyond,2
obstacles,2
faced,2
union,2
whereas,2
result,2
based,2
underrepresented,2
entered,2
search,2
focused,2
myrdal,2
war,2
leonard,2
donohue,2
appears,2
unemployment,2
cannot,2
placed,2
however,2
explain,2
kahneman,2
semiprofessional,2
seeking,2
literature,2
planning,2
underrepresentation,2
mayer,2
roback,2
r,2
minority,2
policies,2
broad,2
earn,2
statistics,2
forces,2
personal,2
surrounding,2
fireman,2
craftsmen,2
systematic,2
sterling,2
least,2
working,2
lieberson,2
mitchell,2
migration,2
impossible,2
up,2
results,2
world,2
notes,2
geographical,2
activities,2
massey,2
second,2
reduced,2
offsetting,2
equality,2
functioning,2
indeed,2
located,2
still,2
serve,2
under,2
included,2
same,2
choices,2
noted,2
declining,2
dilemma,2
stronger,2
restaurants,2
smith,2
shows,2
limit,2
choice,2
seldom,2
promotions,2
akerlof,2
knetsch,2
relevant,2
heckman,2
ladder,2
reflected,2
free,2
remained,2
intimate,2
made,2
prohibition,2
values,2
including,2
entirely,2
kau,2
questions,2
variables,2
office,2
allowed,2
helpful,2
general,2
function,2
features,2
after,2
thomas,2
mcmillen,2
craft,2
correlated,2
sept,2
contracts,2
outright,2
regressions,2
separate,2
increasing,2
fraternal,2
note,2
sometimes,2
minorities,2
denton,2
ideology,2
fewer,2
dec,2
referred,2
wilson,2
existed,2
pressures,2
susan,2
considered,2
school,2
dubois,2
proprietors,2
prohibited,2
constituted,2
shop,2
membership,2
offers,2
alternative,2
natural,2
unadjusted,2
different,2
commission,2
restrictive,2
episodic,2
jencks,2
nonfarm,2
what,2
fuller,2
notable,2
particular,2
protective,2
tightly,2
while,2
w,2
level,2
meeker,2
apartheid,2
subject,2
measure,2
using,2
maintained,2
firms,2
soft,2
until,2
commercial,2
argument,2
difference,2
cambridge,2
donald,2
fourteenth,2
web,2
employer,2
d,2
socially,2
piece,2
defined,2
artisan,2
themselves,2
abram,2
recent,2
laborers,2
should,2
broader,2
ca,2
costly,2
problem,1
final,1
democracy,1
transportation,1
zero,1
cite,1
deny,1
generalization,1
avoiding,1
enter,1
inaccurate,1
estate,1
groups,1
migrated,1
nationwide,1
resulted,1
college,1
mackinnon,1
northeast,1
alone,1
promotable,1
considerably,1
dispersion,1
plainly,1
obtains,1
needed,1
complex,1
miners,1
residences,1
replaced,1
formed,1
likely,1
schools,1
labormarket,1
ways,1
strictly,1
factually,1
unwritten,1
jonathan,1
easily,1
modern,1
park,1
spillover,1
position,1
justified,1
committee,1
distaste,1
presents,1
predicting,1
total,1
interpersonal,1
before,1
impeded,1
dainty,1
attractiveness,1
gravest,1
escapades,1
contact,1
permitted,1
test,1
experience,1
predominantly,1
accumulation,1
railroads,1
iw,1
permit,1
specifically,1
originally,1
concentrated,1
secretary,1
worked,1
hotels,1
seems,1
historiography,1
operators,1
shaped,1
yards,1
scientists,1
tradition,1
skills,1
assembling,1
strictness,1
assess,1
advantage,1
entitlements,1
thank,1
analyses,1
follows,1
mills,1
differentials,1
real,1
wealthy,1
persistence,1
improved,1
date,1
represent,1
raised,1
regression,1
reserved,1
elks,1
somewhat,1
revise,1
barred,1
violating,1
seminar,1
majority,1
existence,1
forthcoming,1
walks,1
encouraging,1
mass,1
foothold,1
incorporate,1
design,1
jack,1
opened,1
felt,1
possible,1
enforcement,1
withdrawal,1
explorations,1
lodging,1
move,1
richard,1
eating,1
professor,1
disadvantage,1
taking,1
combination,1
say,1
conceptual,1
riot,1
eliminating,1
laws,1
desirable,1
representing,1
facto,1
grantham,1
includes,1
dependence,1
expect,1
reverse,1
organizationsproviding,1
consideration,1
development,1
quality,1
conductor,1
illustrates,1
tables,1
unsubtle,1
hierarchy,1
machine,1
de,1
confer,1
interest,1
gunnar,1
club,1
price,1
jr,1
admission,1
exercise,1
shulman,1
turn,1
distinct,1
old,1
ct,1
immigrants,1
back,1
gradients,1
six,1
served,1
compared,1
profit,1
invert,1
packing,1
consequently,1
operative,1
deeply,1
though,1
influence,1
technicians,1
stanley,1
rates,1
poverty,1
delineated,1
higher,1
mechanisms,1
opposed,1
via,1
lowerskilled,1
negatively,1
absent,1
activists,1
spill,1
edward,1
influential,1
explicit,1
levels,1
patronage,1
notion,1
remote,1
mean,1
determining,1
associate,1
legal,1
b,1
derived,1
direct,1
generating,1
scattered,1
factors,1
moreover,1
category,1
changes,1
parentheses,1
acquisition,1
clerk,1
wages,1
servants,1
tensions,1
consider,1
discouraged,1
benefits,1
image,1
organized,1
clearly,1
elsewhere,1
consciousness,1
moderately,1
mary,1
argued,1
threat,1
upper,1
situations,1
riverside,1
operate,1
superior,1
cotton,1
comparisons,1
consequence,1
requires,1
bookkeepers,1
instance,1
strenuously,1
odd,1
labour,1
trained,1
drawing,1
metropolises,1
view,1
myths,1
paragraph,1
experimentation,1
ranges,1
explanatory,1
moving,1
standards,1
advance,1
my,1
endogenous,1
lead,1
priori,1
nancy,1
locals,1
medicine,1
public,1
found,1
typical,1
effort,1
out,1
noting,1
further,1
pure,1
shall,1
cultural,1
equal,1
pursued,1
viewed,1
bituminous,1
persons,1
reinforce,1
applied,1
absolute,1
required,1
premise,1
governing,1
improve,1
failure,1
gained,1
unequal,1
network,1
spheres,1
future,1
closed,1
formerly,1
douglas,1
implication,1
significantly,1
nc,1
heavily,1
crude,1
competing,1
training,1
calls,1
staunchly,1
fit,1
laurence,1
place,1
supplyside,1
partly,1
actually,1
augment,1
employed,1
artifact,1
interpreted,1
strengthened,1
microlevel,1
delay,1
subtle,1
foreman,1
good,1
statistically,1
brush,1
hard,1
field,1
wi,1
reaches,1
insurance,1
perquisites,1
small,1
several,1
sufficient,1
june,1
choose,1
stigma,1
presence,1
tightened,1
niches,1
distinguished,1
mixing,1
gradient,1
always,1
customary,1
aside,1
necessity,1
covenants,1
proper,1
mcgreary,1
finds,1
promising,1
avoid,1
society,1
africanamericans,1
f,1
therefore,1
tasks,1
he,1
situation,1
excludes,1
demand,1
request,1
practices,1
various,1
descending,1
separation,1
lynn,1
alma,1
workplaces,1
play,1
crowding,1
notoriously,1
nearly,1
exception,1
gift,1
reduce,1
intimidation,1
community,1
boss,1
july,1
intervention,1
make,1
comments,1
nonwhites,1
initially,1
movement,1
masons,1
settings,1
hold,1
decisions,1
tends,1
direction,1
selection,1
powerfully,1
frank,1
once,1
competition,1
housing,1
violence,1
push,1
rules,1
requiring,1
subservient,1
sex,1
perceived,1
participants,1
subset,1
teaching,1
experiment,1
increasingly,1
bar,1
functioned,1
exit,1
sector,1
regardless,1
enclaves,1
members,1
organizations,1
fire,1
skill,1
power,1
fell,1
others,1
responsibilities,1
put,1
competencies,1
blackowned,1
residence,1
outside,1
ley,1
abilities,1
blocks,1
match,1
striking,1
unionists,1
clerks,1
remarked,1
educated,1
manifested,1
steered,1
john,1
end,1
aug,1
doubt,1
variation,1
distributions,1
feedback,1
discussed,1
serious,1
bargaining,1
conclusions,1
enough,1
took,1
do,1
v,1
everyday,1
present,1
chain,1
underclass,1
discussing,1
developing,1
competitors,1
accepted,1
mismatches,1
karl,1
michael,1
answer,1
coincided,1
necessary,1
recommend,1
convenient,1
charleston,1
tween,1
clout,1
encounter,1
clients,1
survive,1
examples,1
explanation,1
upon,1
range,1
uplift,1
helps,1
locate,1
region,1
scaled,1
increase,1
contacts,1
crafts,1
findings,1
empirical,1
controlling,1
largely,1
overtones,1
virtually,1
approach,1
shopping,1
middletown,1
net,1
ethnic,1
evolution,1
engineers,1
services,1
taboos,1
full,1
previous,1
improvements,1
intimacy,1
dummy,1
low,1
open,1
salespeople,1
steering,1
clear,1
moral,1
definitely,1
august,1
issn,1
individual,1
christopher,1
times,1
homes,1
ri,1
geographically,1
period,1
high,1
played,1
static,1
proximity,1
subservience,1
lorenzo,1
standard,1
exchange,1
equiproportional,1
strongly,1
employees,1
chapel,1
become,1
businesses,1
assessing,1
respectively,1
symmetric,1
trades,1
percent,1
postwar,1
probably,1
sanctioning,1
unexplained,1
we,1
tendency,1
connections,1
quarterly,1
behind,1
widely,1
limiting,1
dispersing,1
culmination,1
telephone,1
aspirations,1
groupings,1
responsiveness,1
raise,1
tentative,1
program,1
hill,1
begin,1
lines,1
primarily,1
becomes,1
success,1
detailed,1
dissimilarity,1
itself,1
began,1
worse,1
effectively,1
proposition,1
originated,1
expert,1
expectations,1
lowered,1
fall,1
get,1
obstacle,1
rigorous,1
detail,1
claims,1
circumscribed,1
thinking,1
associated,1
following,1
sorting,1
series,1
advancements,1
circumstances,1
ladders,1
manual,1
steel,1
locomotive,1
reinforced,1
known,1
implied,1
constructed,1
regress,1
intensely,1
md,1
text,1
meat,1
set,1
berkeley,1
dimension,1
control,1
country,1
paper,1
steven,1
attribute,1
pragmatic,1
down,1
argue,1
report,1
dramatic,1
particularly,1
very,1
written,1
constant,1
jennifer,1
distinctive,1
passage,1
living,1
advances,1
merely,1
better,1
qualitatively,1
brakemen,1
didn,1
unlikely,1
brakeman,1
differing,1
transfers,1
welfare,1
form,1
nonwhite,1
making,1
references,1
add,1
covers,1
attitudes,1
distribution,1
segregationconsidered,1
mandated,1
studying,1
influenced,1
emphasis,1
engineer,1
popular,1
careful,1
reported,1
attached,1
ohio,1
prevalent,1
became,1
regulate,1
rigid,1
obtain,1
smacked,1
families,1
definitions,1
aspect,1
accorded,1
varied,1
our,1
nov,1
devoted,1
instructive,1
years,1
julius,1
average,1
similarity,1
decrease,1
conditions,1
completed,1
midlevel,1
course,1
offer,1
integrated,1
land,1
etiquette,1
smaller,1
integration,1
streetcars,1
inequalities,1
await,1
tobacco,1
presenting,1
increased,1
indices,1
summary,1
comparison,1
profits,1
specific,1
charles,1
externality,1
spilled,1
fellows,1
supervise,1
c,1
charged,1
succeeded,1
debate,1
partial,1
early,1
little,1
mismatch,1
focus,1
conventions,1
strong,1
among,1
comparable,1
cross,1
building,1
quantity,1
major,1
occur,1
hypothesis,1
