WORDCOUNTS,WEIGHT
the,729
of,399
and,313
to,212
for,194
in,192
a,158
is,112
that,109
investment,95
this,82
period,79
companies,77
as,77
through,67
bank,66
financial,62
affiliation,61
affiliated,58
was,54
stock,53
not,53
by,52
company,51
cash,51
banks,46
from,46
were,45
corporate,43
sample,42
insurance,42
with,42
banking,41
affiliations,40
flow,40
on,39
are,39
results,38
capital,35
have,35
s,34
it,33
no,33
number,33
these,32
an,30
k,30
regression,29
firms,29
at,28
i,28
during,28
also,28
finance,28
one,27
value,26
table,26
be,26
distribution,26
first,25
economic,25
trust,25
liquidity,24
however,24
sales,24
commercial,24
securities,24
periods,23
ramirez,23
more,22
liquid,22
group,21
after,21
assets,21
q,21
second,21
between,21
bankers,20
strongly,20
market,19
act,19
initial,19
other,19
debt,18
thus,18
weak,18
gross,18
spending,18
very,18
beginning,18
coefficient,18
directors,17
system,17
significant,17
strong,17
constraints,16
their,16
did,16
book,15
financing,15
university,15
because,15
weakly,15
proportion,15
average,15
might,14
there,14
those,14
similar,14
only,14
regressions,14
control,13
j,13
funds,13
may,13
monitoring,13
banker,13
or,13
two,13
new,13
would,13
institution,13
relative,13
difference,13
d,13
american,12
had,12
firm,12
cost,12
result,12
p,12
example,12
industry,12
increase,12
percent,12
institutions,12
board,12
information,12
groups,11
mr,11
scharfstein,11
reforms,11
markets,11
all,11
many,11
although,11
affected,10
e,10
lower,10
third,10
than,10
york,10
important,10
statistically,10
long,10
press,10
empirical,10
structure,10
been,10
ofthe,10
variable,10
them,10
kashyap,10
both,10
they,9
hoshi,9
total,9
before,9
some,9
relationships,9
about,9
influence,9
morgan,9
w,9
public,9
indicates,9
external,9
see,9
controlling,9
which,9
capitalism,9
financiers,9
aldrich,9
much,9
hypothesis,9
common,8
if,8
large,8
presents,8
different,8
being,8
g,8
journal,8
poor,8
most,8
included,8
data,8
when,8
f,8
but,8
costs,8
fact,8
rajan,8
free,8
sensitivity,8
can,8
relationship,8
manual,8
each,8
universal,8
type,8
years,8
evidence,8
calomiris,8
estimated,7
sources,7
higher,7
plus,7
failure,7
well,7
preferred,7
working,7
corporations,7
business,7
reduced,7
edited,7
dummies,7
same,7
time,7
moody,7
equity,7
so,7
internal,7
article,7
figures,7
who,7
paper,7
while,7
administration,7
conditions,7
national,7
increased,7
hearings,6
ma,6
history,6
roosevelt,6
review,6
sylla,6
such,6
executives,6
carlos,6
making,6
coefficients,6
could,6
industrials,6
tobin,6
degrees,6
work,6
hubbard,6
reduction,6
its,6
change,6
least,6
normalized,6
under,6
another,6
divided,6
harvard,6
evolution,6
low,6
general,6
obtained,6
standard,6
decision,6
figure,6
life,6
surprising,6
depression,6
historical,6
what,6
terms,6
freedom,6
presented,6
cambridge,6
chicago,6
should,6
problem,5
does,5
rate,5
m,5
way,5
measures,5
collection,5
test,5
display,5
differences,5
fazzari,5
letter,5
collapse,5
quality,5
against,5
de,5
given,5
even,5
german,5
how,5
study,5
show,5
italics,5
war,5
fmancial,5
level,5
activities,5
percentage,5
useful,5
men,5
enough,5
increases,5
less,5
private,5
b,5
david,5
problems,5
diamond,5
george,5
then,5
set,5
over,5
expenditures,5
seem,5
director,5
unlikely,5
winthrop,5
particular,5
extent,5
prestige,5
discussion,5
webb,5
sat,5
register,5
effects,5
shift,5
charles,5
likely,4
bias,4
equations,4
princeton,4
client,4
reveal,4
has,4
intermediaries,4
prior,4
possible,4
activity,4
richard,4
point,4
indicating,4
severe,4
interest,4
relatively,4
estimates,4
find,4
benston,4
performance,4
white,4
bonds,4
organization,4
investnent,4
whereas,4
found,4
intermediary,4
further,4
influenced,4
directly,4
used,4
sense,4
peterson,4
dependent,4
using,4
correspondence,4
separation,4
limited,4
shows,4
idea,4
choice,4
larger,4
enactment,4
perhaps,4
oil,4
made,4
including,4
nonaffiliated,4
variables,4
raising,4
three,4
high,4
effect,4
means,4
transformation,4
why,4
often,4
united,4
considered,4
magnitude,4
any,4
specification,4
extensive,4
kroszner,4
argue,4
report,4
works,4
whether,4
list,4
ones,4
involvement,4
pecora,4
balance,4
role,4
measure,4
include,4
states,4
c,4
roe,4
here,4
done,3
asymmetric,3
distress,3
resulted,3
approved,3
confidence,3
tend,3
library,3
baker,3
negative,3
came,3
t,3
taken,3
available,3
potentially,3
gompers,3
last,3
political,3
papers,3
issue,3
nber,3
goldsmith,3
establishing,3
constrained,3
split,3
exist,3
conflict,3
since,3
ability,3
adopted,3
century,3
expected,3
insurers,3
placements,3
interlocking,3
details,3
r,3
his,3
main,3
forced,3
borrowing,3
congressional,3
statistic,3
consultation,3
statistical,3
dated,3
investmnent,3
raghuram,3
clearly,3
driven,3
house,3
disappeared,3
allow,3
access,3
out,3
term,3
becht,3
placed,3
explain,3
possibility,3
almost,3
claim,3
significantly,3
bordo,3
place,3
statistics,3
lawsuit,3
reflect,3
reputation,3
quite,3
loan,3
several,3
research,3
decline,3
weiss,3
notes,3
knowledge,3
demand,3
chase,3
identified,3
puri,3
community,3
polak,3
perspectives,3
light,3
industrial,3
sector,3
members,3
power,3
averages,3
longer,3
documents,3
bradford,3
question,3
do,3
present,3
michael,3
remained,3
meetings,3
credit,3
empirically,3
restrictions,3
findings,3
use,3
fohlin,3
virtually,3
approach,3
theoretical,3
baliga,3
obtaining,3
stiglitz,3
glenn,3
contracts,3
saw,3
we,3
suggest,3
kaplan,3
imply,3
note,3
suggestive,3
sensitive,3
detailed,3
depreciable,3
involved,3
affiliates,3
steven,3
connection,3
equilibrium,3
economy,3
impact,3
form,3
size,3
researchers,3
yearly,3
sheets,3
finding,3
armstrong,3
course,3
instead,3
summary,3
among,3
observed,3
names,2
ant,2
profitability,2
ferdinand,2
determine,2
asset,2
manju,2
manuscript,2
per,2
germany,2
expect,2
he,2
offerings,2
columns,2
true,2
sets,2
ways,2
h,2
sandeep,2
obligations,2
fixed,2
into,2
experience,2
consistent,2
member,2
anything,2
beneficial,2
marco,2
hence,2
caroline,2
creation,2
lemer,2
resentment,2
attempt,2
assist,2
words,2
definition,2
andrew,2
estimation,2
great,2
reasons,2
ben,2
marketable,2
real,2
state,2
secondly,2
investigations,2
somewhat,2
declines,2
daniel,2
money,2
u,2
howard,2
implies,2
marked,2
takeo,2
events,2
eliminating,2
laws,2
still,2
correlation,2
behavior,2
explained,2
accounted,2
due,2
tables,2
displays,2
amount,2
disproportionately,2
response,2
extraordinary,2
unchanged,2
compare,2
vincent,2
though,2
rates,2
ridge,2
deviations,2
managers,2
mistrust,2
across,2
influential,2
crash,2
probability,2
anil,2
legal,2
turn,2
importance,2
grew,2
pages,2
category,2
section,2
powerful,2
progressives,2
providing,2
view,2
conflicts,2
holdings,2
josh,2
my,2
reprinted,2
questioned,2
economics,2
deal,2
late,2
outset,2
simple,2
default,2
viewed,2
estimate,2
undermined,2
having,2
pujo,2
strongmanagers,2
accounting,2
planning,2
douglas,2
already,2
carosso,2
instituted,2
future,2
part,2
failed,2
apparent,2
partly,2
raff,2
irwin,2
actually,2
personal,2
il,2
memoirs,2
misguided,2
either,2
good,2
things,2
panel,2
tested,2
contrast,2
offirms,2
small,2
few,2
june,2
issuing,2
observe,2
essentially,2
visible,2
notice,2
newly,2
finds,2
am,2
invest,2
portion,2
therefore,2
intermediation,2
proxy,2
null,2
publishers,2
service,2
insiders,2
corporation,2
cole,2
selection,2
positive,2
undergo,2
rationing,2
oxford,2
reclassification,2
permission,2
adjusted,2
assistance,2
social,2
investors,2
street,2
paul,2
mark,2
others,2
similarly,2
smith,2
regulation,2
decreases,2
hand,2
model,2
validity,2
equitable,2
affiliate,2
income,2
practice,2
explicitly,2
institute,2
easier,2
randall,2
previously,2
samples,2
refers,2
mismeasurement,2
actual,2
services,2
chosen,2
zingales,2
significance,2
co,2
individual,2
allowed,2
japanese,2
serves,2
earlier,2
exchange,2
repeated,2
systems,2
mining,2
become,2
displayed,2
slightly,2
behind,2
boards,2
speculate,2
independent,2
chance,2
inside,2
randomly,2
burr,2
collections,2
indicate,2
responsible,2
analysis,2
types,2
examine,2
face,2
articles,2
eugene,2
joseph,2
meant,2
claims,2
forthe,2
must,2
precise,2
outcome,2
proxying,2
guaranteed,2
mccain,2
best,2
appendix,2
half,2
wall,2
dramatic,2
separating,2
reflected,2
following,2
drop,2
investigation,2
selected,2
cause,2
quote,2
add,2
theory,2
generally,2
suggests,2
suspicion,2
imprecisely,2
nj,2
entire,2
edwards,2
attached,2
confirm,2
became,2
intended,2
obtain,2
arguments,2
phenomenon,2
representation,2
gain,2
halaas,2
chemow,2
our,2
shown,2
correlated,2
provided,2
defined,2
anonymous,2
potential,2
substitute,2
debate,2
substantial,2
little,2
comparable,2
doing,2
close,2
perception,2
dollar,1
difficult,1
secondlook,1
volved,1
thwarted,1
mostly,1
o,1
booms,1
dinners,1
concerned,1
later,1
indicated,1
generated,1
tion,1
mergers,1
cashflow,1
correlations,1
mimic,1
abusing,1
ahandful,1
defned,1
credibility,1
alone,1
eliminated,1
considerably,1
utility,1
unbiased,1
outweighed,1
minutes,1
becoming,1
reflection,1
needed,1
raskob,1
systematically,1
ample,1
centuiry,1
formed,1
motivation,1
strictly,1
item,1
enacting,1
contend,1
inthe,1
studies,1
favor,1
descriptive,1
leftward,1
policy,1
position,1
justified,1
allies,1
unlike,1
interpretative,1
edu,1
chandler,1
defmed,1
source,1
controlled,1
zo,1
petersen,1
switches,1
railroads,1
implemented,1
fast,1
revisited,1
refimed,1
inexperienced,1
interests,1
entailed,1
buoyant,1
ii,1
aftermath,1
give,1
attempts,1
investments,1
dissatisfied,1
tolerated,1
externally,1
seems,1
nature,1
gary,1
confirmed,1
dramatically,1
twenty,1
carter,1
advantage,1
broken,1
accompanied,1
thank,1
confirming,1
rich,1
follows,1
studied,1
link,1
ofaffiliations,1
concludes,1
procedure,1
praire,1
resulting,1
subsequent,1
help,1
damage,1
ctors,1
failures,1
separated,1
interviewed,1
consulting,1
reserved,1
staff,1
classified,1
decreased,1
signs,1
purchasers,1
sheet,1
steagall,1
regressed,1
context,1
contents,1
posts,1
procyclicallower,1
takes,1
exogenous,1
existence,1
alfred,1
tie,1
historians,1
ramlrez,1
adverse,1
primary,1
america,1
solving,1
changed,1
sensitivities,1
indirectly,1
vol,1
replacement,1
casht,1
aff,1
international,1
ance,1
election,1
reaction,1
magazine,1
obvious,1
professor,1
west,1
taking,1
say,1
conceptual,1
issuance,1
far,1
owners,1
dynamic,1
bottom,1
requirements,1
companyprestige,1
himself,1
financed,1
zhang,1
economies,1
measurement,1
engage,1
hazard,1
resign,1
signal,1
labor,1
keiretsu,1
mistake,1
csh,1
inlightof,1
seniority,1
includes,1
throughout,1
flnancial,1
flnancing,1
reverse,1
attest,1
reject,1
calculated,1
econometric,1
implicating,1
author,1
collapsed,1
prohibitions,1
raises,1
occurs,1
price,1
conducted,1
inperfect,1
z,1
affairs,1
seaboard,1
exercise,1
initiate,1
cases,1
elements,1
ct,1
speculative,1
rejecting,1
lowquality,1
keep,1
fooling,1
depend,1
highest,1
completing,1
output,1
compared,1
continuous,1
twice,1
jacob,1
detecting,1
rmed,1
like,1
accelerator,1
instruments,1
kelley,1
hardly,1
lastly,1
loans,1
implementation,1
perfect,1
fairfax,1
proportionthat,1
affmancial,1
incentives,1
rights,1
tollison,1
simultaneously,1
disallowing,1
adequate,1
whose,1
monopolies,1
ling,1
without,1
frustration,1
rather,1
devastating,1
luigi,1
growth,1
arsene,1
selling,1
developed,1
borrowers,1
stop,1
remain,1
sizable,1
notices,1
levels,1
johnston,1
bond,1
active,1
suffer,1
dealt,1
sudden,1
arm,1
comply,1
certain,1
theamerican,1
direct,1
revolultion,1
tan,1
enacted,1
clayton,1
factors,1
utilities,1
absorbed,1
support,1
raymond,1
reason,1
references,1
changes,1
facilitated,1
affect,1
wanted,1
biased,1
established,1
bloch,1
benefits,1
proved,1
n,1
squares,1
perspective,1
instrument,1
too,1
four,1
commonly,1
defimed,1
voluminous,1
officer,1
modeled,1
definite,1
instance,1
tyler,1
dooley,1
owning,1
helped,1
faced,1
resultswere,1
cut,1
appear,1
reclassified,1
debevoise,1
union,1
greater,1
uses,1
directorates,1
introduce,1
brookings,1
declined,1
carrying,1
search,1
called,1
explanatory,1
painstaking,1
effort,1
referee,1
shared,1
criticisms,1
dispute,1
approximation,1
representative,1
hui,1
informed,1
shall,1
equal,1
blow,1
unemployment,1
suffered,1
scale,1
grounds,1
outside,1
perform,1
premise,1
randy,1
thorbecke,1
directorship,1
eliminate,1
insuffilcient,1
briefly,1
aspects,1
specifically,1
andzingales,1
none,1
participation,1
congressmen,1
literature,1
fax,1
scope,1
schuster,1
brought,1
heavily,1
sharon,1
explains,1
confirms,1
looked,1
year,1
precipitated,1
gave,1
consistently,1
bankaffiliated,1
glasssteagall,1
warranted,1
structures,1
runs,1
boom,1
device,1
illustrative,1
legislation,1
newspaper,1
haven,1
endorsed,1
project,1
doubtful,1
own,1
strongest,1
longterm,1
numerically,1
monetary,1
hungary,1
stylized,1
arelatively,1
accused,1
kiki,1
ratios,1
correct,1
fiftieth,1
hard,1
exchanging,1
tacitly,1
resolving,1
senator,1
trading,1
allowances,1
around,1
characteristics,1
driving,1
dire,1
highly,1
adversely,1
executed,1
prompted,1
temporary,1
reported,1
closeness,1
delegated,1
kt,1
always,1
up,1
progress,1
structured,1
undergoing,1
grateful,1
defimition,1
heyday,1
passive,1
aggregate,1
actions,1
questioning,1
society,1
survived,1
replacing,1
will,1
happen,1
partially,1
approximate,1
critics,1
lerner,1
practices,1
attributable,1
letters,1
distorted,1
short,1
comparative,1
techniques,1
acknowledged,1
insuranceaffiliated,1
rebuttals,1
schmidlapp,1
deviation,1
reduce,1
willem,1
above,1
nonaffilliated,1
counterfactual,1
underwritten,1
afiliations,1
strategic,1
va,1
spectacular,1
once,1
robably,1
allegations,1
simultaneous,1
cowen,1
criticism,1
yet,1
samne,1
examined,1
security,1
represents,1
makes,1
ensures,1
suspicious,1
chatham,1
evolved,1
technology,1
ne,1
us,1
easing,1
neither,1
signaling,1
ramrrez,1
ofoutstanding,1
participants,1
railroad,1
planned,1
shock,1
formalized,1
issues,1
times,1
responsive,1
robust,1
department,1
emotional,1
tum,1
noted,1
speaking,1
vicks,1
fix,1
endured,1
statements,1
temporarily,1
request,1
toward,1
again,1
put,1
l,1
chaps,1
addition,1
experienced,1
ofthis,1
release,1
samnple,1
lack,1
scholars,1
pressure,1
predominant,1
gmu,1
witnesses,1
plagued,1
john,1
clause,1
end,1
xplorations,1
distrust,1
identical,1
venture,1
minimize,1
pattern,1
imperfect,1
discussed,1
puzzling,1
forms,1
conclusions,1
took,1
v,1
ron,1
where,1
banned,1
continuing,1
developing,1
relevant,1
answer,1
forth,1
lines,1
ao,1
japan,1
resigned,1
ofenterprise,1
bothyoung,1
arecent,1
books,1
sell,1
jj,1
admittedly,1
al,1
insensitive,1
degree,1
argues,1
interpreting,1
simon,1
matrix,1
bovykin,1
understanding,1
greatest,1
atlantic,1
reprints,1
examples,1
cowles,1
managerial,1
comprise,1
explanation,1
upon,1
augustus,1
represented,1
unattached,1
depended,1
oftotal,1
louis,1
exploits,1
top,1
entirely,1
unfortunately,1
largely,1
congress,1
revelations,1
engaged,1
ibid,1
previous,1
rightward,1
ki,1
moral,1
increment,1
frustrated,1
bankaffiliations,1
tail,1
points,1
kaysen,1
essay,1
peter,1
issn,1
held,1
attach,1
helpful,1
plant,1
variance,1
stages,1
ended,1
shortly,1
confi,1
provides,1
thomas,1
spent,1
especially,1
retire,1
comparing,1
costless,1
fimancial,1
methods,1
spreads,1
respectively,1
enjoyed,1
james,1
implication,1
story,1
ate,1
twofold,1
pipe,1
securing,1
splitting,1
versus,1
wiggin,1
insignificant,1
quarterly,1
ago,1
quarter,1
concluded,1
widely,1
merger,1
examines,1
performing,1
separate,1
culmination,1
fails,1
ofnationalbanks,1
european,1
uniited,1
consists,1
indication,1
califomia,1
me,1
glass,1
mitigate,1
marginally,1
raise,1
continued,1
brandeis,1
science,1
crucial,1
five,1
outsiders,1
defenders,1
pieces,1
reminders,1
fewer,1
insufficient,1
ordinary,1
becomes,1
lost,1
concluding,1
temin,1
deposit,1
yale,1
force,1
began,1
effectively,1
importantly,1
wilson,1
furnish,1
reservations,1
rapidly,1
deals,1
countries,1
length,1
verifies,1
directorate,1
inspired,1
inferior,1
alleviating,1
coordination,1
hagley,1
canonical,1
get,1
strategically,1
mirror,1
investigate,1
lago,1
matters,1
addressed,1
detail,1
osfl,1
school,1
assistant,1
baseline,1
exchanged,1
iliations,1
suggestions,1
associated,1
benefitted,1
believed,1
senior,1
broke,1
aides,1
salest,1
conclusion,1
version,1
changing,1
syndicate,1
ofkroszner,1
determinants,1
afflliated,1
intemational,1
known,1
implied,1
satisfactory,1
constructed,1
unsuspecting,1
carl,1
text,1
equipment,1
calamity,1
examnple,1
equation,1
monthly,1
sure,1
shares,1
share,1
december,1
thatthe,1
commission,1
pasadena,1
referees,1
restrictive,1
cyclical,1
checker,1
proportional,1
post,1
foundation,1
exploiting,1
particularly,1
speculation,1
goods,1
benefit,1
examining,1
protect,1
mismanagement,1
february,1
merely,1
better,1
pushing,1
turned,1
lamont,1
regulations,1
according,1
explanations,1
carefully,1
month,1
imperfections,1
rose,1
stability,1
cab,1
noticeable,1
manuscripts,1
firmly,1
shortfalls,1
leaving,1
qt,1
world,1
remedies,1
healthy,1
krozsner,1
deflation,1
bob,1
oath,1
boston,1
capable,1
remember,1
intention,1
circumstances,1
careful,1
economist,1
thereby,1
met,1
introduced,1
directorships,1
verified,1
invitations,1
ken,1
sl,1
giving,1
subject,1
mccainto,1
undermining,1
sitting,1
controls,1
disappears,1
shareholders,1
manufacturing,1
indebted,1
qualitative,1
watering,1
phoenix,1
flowthannonaffiliated,1
rewarding,1
remarks,1
prepared,1
eric,1
buying,1
false,1
inefficient,1
ends,1
tell,1
models,1
chaired,1
forthese,1
lists,1
recent,1
libecap,1
reveals,1
decrease,1
twentieth,1
abused,1
institutional,1
chemical,1
accept,1
naomi,1
crisis,1
detached,1
crosssearched,1
need,1
smaller,1
phone,1
you,1
attempted,1
off,1
area,1
extremely,1
association,1
roughly,1
comparison,1
specific,1
searching,1
lamoreaux,1
valuable,1
mason,1
themselves,1
budapest,1
reconsidered,1
inasmuch,1
contrasting,1
enterprise,1
create,1
early,1
incur,1
severely,1
flotations,1
librarians,1
develop,1
benchmark,1
mature,1
seek,1
liquidx,1
percentile,1
proponent,1
ca,1
quantity,1
depreciation,1
major,1
flrst,1
