WORDCOUNTS,WEIGHT
the,63
of,45
and,35
in,21
to,19
deflation,16
gold,14
world,11
a,10
reserves,8
by,8
french,7
france,7
bank,7
from,6
that,6
prices,6
was,5
were,5
profit,5
demand,4
only,4
for,4
international,4
during,4
monetary,4
price,4
would,4
an,4
after,4
standard,4
it,3
stock,3
contraction,3
deliberately,3
countries,3
as,3
united,3
is,3
with,3
policy,3
undervaluation,3
but,3
hence,3
more,3
domestic,3
new,3
keynes,3
cause,3
huge,3
both,3
inflation,3
policies,3
this,3
states,3
exchange,3
through,3
at,2
foreign,2
expansion,2
employment,2
doctrine,2
who,2
economists,2
currency,2
systemic,2
one,2
consequences,2
not,2
soon,2
into,2
discounting,2
rise,2
declining,2
stabilization,2
power,2
did,2
initial,2
following,2
where,2
economy,2
income,2
however,2
money,2
percent,2
made,2
upon,2
level,2
brought,2
part,2
its,2
prevented,2
central,2
which,2
de,2
sterilized,2
forced,2
contributions,2
underlying,2
june,2
depression,2
output,2
combination,2
supply,2
can,2
early,2
downturn,2
we,2
subsequently,1
cooperation,1
higher,1
failed,1
now,1
usable,1
led,1
second,1
adequate,1
german,1
minor,1
no,1
costs,1
attributable,1
underway,1
rested,1
later,1
bring,1
usually,1
economic,1
groups,1
impetus,1
remain,1
motivated,1
offset,1
aggravate,1
difficult,1
jure,1
originating,1
began,1
earlier,1
bankers,1
germany,1
certain,1
rapidly,1
absorption,1
decisions,1
expectations,1
identify,1
recoveries,1
about,1
capsizing,1
restorations,1
gathering,1
summaries,1
h,1
paralysis,1
thought,1
pressures,1
meant,1
under,1
decade,1
university,1
dissertation,1
management,1
share,1
encourage,1
occurred,1
mises,1
disequilibrium,1
blocked,1
just,1
believed,1
induced,1
sharply,1
these,1
already,1
downturns,1
most,1
two,1
experience,1
lower,1
profits,1
reinforced,1
payments,1
explaining,1
permit,1
street,1
contractionary,1
production,1
left,1
important,1
resonance,1
toward,1
counsel,1
rapid,1
attempt,1
over,1
procyclical,1
similarly,1
gentle,1
adherence,1
dissertations,1
tariffs,1
result,1
advance,1
different,1
came,1
december,1
s,1
other,1
volatility,1
could,1
together,1
instability,1
wall,1
coffers,1
timing,1
franc,1
tariff,1
manifested,1
demands,1
link,1
products,1
real,1
i,1
damage,1
external,1
type,1
advances,1
deflationary,1
further,1
rist,1
do,1
beginning,1
political,1
coordinated,1
johnson,1
war,1
declines,1
receiving,1
fisher,1
accepted,1
them,1
rose,1
contracted,1
intensity,1
british,1
growing,1
particular,1
theory,1
key,1
soared,1
highs,1
near,1
overvaluation,1
cassel,1
because,1
years,1
directly,1
local,1
quantities,1
some,1
hawtrey,1
correctly,1
reparation,1
investment,1
extended,1
divided,1
incorporation,1
francs,1
boston,1
varieties,1
situations,1
heart,1
thereby,1
point,1
except,1
including,1
despite,1
increase,1
role,1
anticipated,1
constrained,1
milder,1
facto,1
economies,1
assumptions,1
measure,1
gave,1
consistently,1
largely,1
treasury,1
causes,1
demonstrates,1
aggravated,1
resulting,1
coming,1
collapse,1
theoretical,1
nonmonetary,1
argues,1
sterling,1
trends,1
converged,1
historic,1
redistribution,1
undervalued,1
inadequate,1
hurt,1
interest,1
amounts,1
occurs,1
below,1
period,1
restore,1
distinction,1
filled,1
kept,1
guided,1
cases,1
cost,1
shift,1
clark,1
roughly,1
small,1
paydown,1
proximate,1
few,1
between,1
transfer,1
shrank,1
decline,1
usual,1
succeeded,1
banking,1
be,1
sanguine,1
postwar,1
consumption,1
using,1
fell,1
among,1
relative,1
value,1
bills,1
moved,1
aggregate,1
rates,1
major,1
mechanism,1
proclivity,1
perils,1
purchasing,1
