WORDCOUNTS,WEIGHT
the,20
of,16
for,7
in,6
papers,5
and,5
economic,5
history,5
to,4
by,4
proposals,4
be,4
university,4
committee,4
will,3
s,3
session,3
conference,3
as,3
is,3
paper,3
society,3
accepted,2
social,2
if,2
individual,2
glasgow,2
an,2
each,2
annual,2
a,2
welcomes,2
proposed,2
durham,2
at,1
may,1
periods,1
from,1
erratum,1
it,1
march,1
on,1
contents,1
rose,1
must,1
department,1
countryside,1
american,1
issue,1
page,1
september,1
rise,1
author,1
rome,1
bulldozer,1
please,1
sessions,1
preferably,1
include,1
although,1
wide,1
trevelyan,1
more,1
presented,1
name,1
givers,1
incorporate,1
book,1
right,1
aspects,1
well,1
notices,1
invites,1
college,1
panels,1
determine,1
gardens,1
programme,1
suburban,1
april,1
adam,1
england,1
hours,1
nature,1
appears,1
words,1
received,1
environmentalism,1
covering,1
range,1
other,1
consideration,1
kim,1
one,1
ehsocsec,1
interdisciplinary,1
given,1
united,1
sent,1
abstract,1
not,1
table,1
november,1
galbraith,1
ac,1
particularly,1
all,1
reserves,1
send,1
maureen,1
entire,1
hosted,1
arts,1
erroneously,1
gla,1
duration,1
countries,1
kingdom,1
uk,1
former,1
acceptance,1
heading,1
should,1
sprawl,1
mcquaid,1
or,1
into,1
academic,1
call,1
which,1
error,1
full,1
review,1
same,1
