WORDCOUNTS,WEIGHT
the,1393
of,547
and,518
in,477
to,315
agricultural,265
prices,214
that,193
a,192
for,191
is,190
real,144
united,127
are,113
by,108
from,102
states,91
were,89
countries,89
depression,88
income,86
as,83
on,81
price,79
products,72
was,71
world,71
decline,70
estimates,60
period,60
this,59
not,58
effects,56
an,52
their,51
which,49
percent,49
i,46
statistics,46
because,45
equation,45
consumption,45
be,44
it,43
new,43
s,42
investment,42
germany,40
p,40
economic,38
canada,38
kingdom,37
monetary,36
money,34
data,34
have,34
had,33
sector,33
economy,32
currency,31
log,31
over,31
historical,31
estimated,30
figure,30
decrease,30
agriculture,29
following,29
no,28
where,28
deflation,28
at,27
consumer,27
stock,27
used,27
tariff,27
increase,27
crisis,27
rates,26
international,26
deflator,26
gdp,26
average,26
k,25
important,25
r,25
value,25
also,25
zealand,25
gold,25
madsen,23
great,23
output,23
instruments,23
m,23
however,23
notes,23
domestic,23
coefficient,23
commodity,23
first,22
london,22
crises,22
standard,22
rate,21
than,21
t,21
nations,21
significant,21
with,21
all,20
y,20
more,20
been,20
using,20
shown,20
one,19
denmark,19
capital,19
university,19
demand,19
these,19
only,19
would,19
can,19
table,19
market,18
hence,18
l,18
changes,18
circulation,18
furthermore,18
during,18
level,18
press,18
but,18
model,18
finland,18
france,18
tariffs,17
production,17
switzerland,17
has,17
u,17
supply,17
further,17
japan,17
increasing,17
suggests,17
between,17
large,16
expenditure,16
de,16
w,16
eichengreen,16
change,16
see,16
exchange,16
macmillan,16
country,16
did,16
nominal,16
increased,16
kindleberger,16
australia,15
other,15
government,15
some,15
labor,15
sample,15
results,15
f,15
years,15
league,15
import,15
if,14
they,14
g,14
interest,14
gmm,14
coefficients,14
included,14
same,14
recovery,14
then,14
sweden,14
extent,14
measured,14
affected,13
resulted,13
j,13
farmers,13
review,13
inflation,13
journal,13
growth,13
b,13
italy,13
pva,13
or,13
declining,13
net,13
dependent,13
role,13
contributed,13
hypothesis,13
american,12
total,12
available,12
consumers,12
collapse,12
evidence,12
consequently,12
war,12
therefore,12
time,12
variables,12
effect,12
james,12
spain,12
program,12
variable,12
commodities,12
cambridge,12
d,12
c,12
e,11
test,11
expected,11
even,11
factors,11
most,11
banking,11
industrial,11
aggregate,11
lagged,11
pp,11
function,11
temin,11
sc,11
yt,11
manufacturing,11
shocks,10
negative,10
differences,10
since,10
york,10
h,10
n,10
observations,10
imports,10
both,10
bank,10
long,10
when,10
positive,10
under,10
index,10
department,10
bernanke,10
article,10
insignificant,10
o,9
into,9
lower,9
those,9
higher,9
influential,9
markets,9
term,9
tr,9
its,9
attributed,9
suggest,9
marginal,9
financial,9
dummies,9
divided,9
trade,9
farm,9
who,9
constant,9
series,9
farmland,9
implications,8
debt,8
less,8
economies,8
internationally,8
estimating,8
due,8
gls,8
geneva,8
cost,8
instance,8
dc,8
allow,8
cannot,8
schwartz,8
commerce,8
panel,8
mitchell,8
productivity,8
velocity,8
va,8
percentage,8
ed,8
costs,8
others,8
shows,8
do,8
unit,8
deposits,8
hungary,8
played,8
usd,8
european,8
relationship,8
theory,8
washington,8
values,8
estimator,8
zero,7
estimation,7
ben,7
there,7
decreasing,7
such,7
run,7
levels,7
whether,7
section,7
instrument,7
show,7
transmission,7
could,7
economics,7
census,7
significantly,7
null,7
macroeconomic,7
order,7
research,7
kt,7
periods,7
sargan,7
oxford,7
restricted,7
keynesian,7
credit,7
sachs,7
yields,7
tests,7
bureau,7
employment,7
considered,7
gpo,7
each,7
expenditures,7
producers,7
commences,7
transmitted,7
terms,7
presented,7
argues,7
potential,7
does,6
policy,6
history,6
equations,6
decreased,6
indicates,6
thus,6
adjustment,6
yi,6
importance,6
direct,6
consequences,6
plus,6
wages,6
result,6
path,6
kmenta,6
out,6
wealth,6
agr,6
literature,6
whole,6
causal,6
nonresidential,6
adversely,6
overall,6
times,6
europe,6
many,6
john,6
centre,6
increases,6
validity,6
bond,6
spending,6
empirical,6
netherlands,6
disposable,6
individual,6
relative,6
note,6
excluding,6
any,6
hoover,6
very,6
interwar,6
almost,6
belgium,6
colonial,6
among,6
fixed,5
different,5
ottawa,5
half,5
within,5
hall,5
condition,5
response,5
channels,5
minus,5
friedman,5
general,5
competitive,5
may,5
deflated,5
fetters,5
leacy,5
augmented,5
consider,5
warren,5
spillover,5
numbers,5
abandonment,5
whereas,5
lead,5
das,5
indirect,5
instrumental,5
method,5
possibility,5
gained,5
tobin,5
received,5
redistribution,5
quarterly,5
preceded,5
next,5
contrast,5
small,5
several,5
rr,5
highly,5
temporary,5
up,5
pearson,5
will,5
reduced,5
edited,5
us,5
lewis,5
banks,5
golden,5
v,5
panics,5
degree,5
summers,5
made,5
parameter,5
factor,5
causes,5
previous,5
significance,5
mt,5
peter,5
workers,5
ap,5
correlated,5
lowered,5
probably,5
la,5
foreign,5
stocks,5
responsible,5
fall,5
quantitative,5
version,5
unweighted,5
propensity,5
disequilibrium,5
severely,5
timoshenko,5
firms,5
models,5
finally,5
assumed,5
much,5
depreciation,5
correlation,4
asymmetric,4
finnish,4
measures,4
distributed,4
devalue,4
studies,4
western,4
ohkawa,4
stochastic,4
princeton,4
appraisal,4
predominantly,4
being,4
hoffmann,4
farmer,4
failures,4
arellano,4
implies,4
determined,4
information,4
barry,4
desired,4
except,4
three,4
framework,4
development,4
against,4
author,4
derdeutschen,4
forced,4
wiley,4
developments,4
ct,4
find,4
without,4
ml,4
process,4
proportion,4
flexible,4
derived,4
helsinki,4
apva,4
driven,4
four,4
depreciations,4
permanent,4
norway,4
shinchara,4
late,4
ger,4
basis,4
meissner,4
hubbard,4
multiplied,4
year,4
q,4
policies,4
predicts,4
et,4
forces,4
haven,4
employed,4
wheat,4
towards,4
caused,4
annual,4
gross,4
lend,4
poland,4
various,4
alleviated,4
limited,4
about,4
den,4
bowes,4
two,4
law,4
jeffrey,4
printing,4
addition,4
added,4
mishkin,4
instituto,4
arthur,4
patterns,4
paris,4
heavily,4
irwin,4
duties,4
hamilton,4
trw,4
lost,4
logs,4
wachstum,4
survey,4
rejected,4
points,4
ireland,4
started,4
curve,4
earlier,4
why,4
outside,4
dermitte,4
yale,4
ofthe,4
austria,4
specification,4
lessons,4
nonagricultural,4
monthly,4
paper,4
worth,4
forlag,4
particularly,4
goods,4
lending,4
kevin,4
fanners,4
weights,4
des,4
private,4
hjerppe,4
jahrhunderts,4
discussion,4
maintained,4
gain,4
redistributional,4
romer,4
americas,4
although,4
product,4
macroeconomics,4
charles,4
uk,4
should,4
common,3
later,3
distress,3
alone,3
expect,3
prevented,3
di,3
earnings,3
ofsweden,3
before,3
sources,3
signifies,3
exclusive,3
disturbance,3
shortage,3
asia,3
simple,3
potentially,3
acreage,3
follows,3
able,3
hundred,3
composition,3
regression,3
political,3
wage,3
british,3
america,3
johansson,3
porter,3
dynamic,3
jakob,3
tons,3
madrid,3
campbell,3
nonmonetary,3
calculated,3
foices,3
futures,3
moment,3
saloutos,3
third,3
pronounced,3
influence,3
aud,3
purchasing,3
importers,3
via,3
across,3
how,3
hansen,3
mean,3
after,3
heteroscedasticity,3
moreover,3
support,3
parentheses,3
elsewhere,3
experienced,3
origins,3
followed,3
hourly,3
helped,3
export,3
raw,3
closely,3
reprinted,3
based,3
declined,3
danmark,3
standardized,3
dusa,3
fisher,3
unemployment,3
absolute,3
simulations,3
gains,3
douglas,3
mx,3
reduction,3
jap,3
issues,3
aggravated,3
savings,3
own,3
carey,3
stockholm,3
statistically,3
uncorrelated,3
liesner,3
grow,3
industry,3
australian,3
maddison,3
finds,3
sons,3
excludes,3
identified,3
acknowledged,3
above,3
currencies,3
chap,3
scarcity,3
coverage,3
decimal,3
zurich,3
perceived,3
already,3
regardless,3
contractionary,3
monetarist,3
power,3
fin,3
spend,3
ofeconomic,3
causality,3
substantially,3
deflationary,3
developing,3
relevant,3
pim,3
valueadded,3
another,3
simon,3
casual,3
vcekst,3
chronos,3
trend,3
actual,3
dummy,3
low,3
exports,3
akademisk,3
discussed,3
david,3
allowed,3
bradford,3
especially,3
study,3
computed,3
glenn,3
respectively,3
excluded,3
schlesinger,3
swe,3
durables,3
africa,3
independent,3
george,3
contraction,3
bulletin,3
force,3
effectively,3
lawrence,3
whereby,3
indicate,3
furthered,3
exclude,3
expectations,3
analysis,3
sections,3
almqvist,3
pagano,3
changing,3
willingness,3
bernstein,3
text,3
phillips,3
here,3
ko,3
excess,3
wiksell,3
appendix,3
cyclical,3
bemanke,3
equilibrium,3
gravitates,3
cultivation,3
number,3
generalized,3
animal,3
keynes,3
according,3
hallman,3
cause,3
problem,3
mankiw,3
balance,3
influenced,3
itl,3
economist,3
reserves,3
exceeded,3
conventional,3
coming,3
question,3
commercial,3
conditions,3
national,3
richard,3
land,3
measure,3
share,3
rest,3
espana,3
substantial,3
entire,3
given,3
building,3
christina,3
close,3
major,3
hussey,2
der,2
mostly,2
obligations,2
fraction,2
college,2
liquidity,2
propagation,2
jappelli,2
per,2
needed,2
led,2
intertemporal,2
effective,2
ma,2
likely,2
openness,2
tullio,2
completely,2
additionally,2
andaustralasia,2
modern,2
satisfied,2
bellerby,2
australians,2
cpi,2
jabara,2
kobenhavn,2
consistent,2
either,2
destabilizing,2
wool,2
ay,2
berle,2
give,2
overproduction,2
taken,2
symmetrical,2
indicated,2
might,2
rational,2
advanced,2
nature,2
words,2
belong,2
advantage,2
andl,2
found,2
lebergott,2
econometrica,2
take,2
newell,2
robert,2
solved,2
sheet,2
papers,2
wirtschaftseit,2
consume,2
devaluation,2
system,2
side,2
philpott,2
portugal,2
adverse,2
changed,2
account,2
vol,2
italian,2
activity,2
schedule,2
hun,2
statistica,2
household,2
along,2
orthogonal,2
behavior,2
harold,2
corresponding,2
million,2
liepmann,2
andy,2
throughout,2
estudies,2
ability,2
application,2
ai,2
mpk,2
elements,2
butlin,2
keep,2
having,2
inclusion,2
allowing,2
left,2
svenska,2
rosen,2
stimulating,2
unaltered,2
loans,2
error,2
manuel,2
fairfax,2
simultaneously,2
whose,2
farms,2
predicted,2
soviet,2
counterbalanced,2
sum,2
elasticity,2
weighted,2
borrowing,2
var,2
ex,2
turn,2
similar,2
leave,2
milton,2
gratefully,2
absorbed,2
means,2
downward,2
nor,2
improvement,2
just,2
squares,2
argued,2
follow,2
sentralbyraa,2
fremling,2
advocated,2
view,2
stands,2
eckstein,2
union,2
gregory,2
assets,2
accommodated,2
deal,2
monitoring,2
noting,2
basicos,2
initial,2
focused,2
michigan,2
population,2
suffered,2
equals,2
centrale,2
explain,2
required,2
property,2
well,2
taxes,2
vamplew,2
anna,2
line,2
pr,2
optimizing,2
curbed,2
part,2
reserve,2
related,2
nation,2
database,2
partly,2
reduces,2
denominated,2
grain,2
falling,2
irving,2
away,2
frederic,2
exporters,2
monetaiy,2
transmit,2
rewritten,2
substituting,2
kuznets,2
least,2
marco,2
correct,2
societes,2
below,2
reinforces,2
unexpected,2
involve,2
debts,2
quite,2
mi,2
protect,2
fua,2
pa,2
preliminary,2
lincoln,2
reducing,2
mechanism,2
input,2
brunel,2
partially,2
second,2
equality,2
matter,2
materials,2
unitedstates,2
short,2
comparative,2
corporation,2
allen,2
comments,2
suppose,2
direction,2
competitiveness,2
para,2
competition,2
examined,2
creditors,2
historia,2
unwin,2
robust,2
contains,2
noted,2
debtors,2
comparison,2
milano,2
similarly,2
herbert,2
averages,2
datos,2
viii,2
larger,2
reacted,2
end,2
state,2
distributions,2
newey,2
serious,2
vt,2
honor,2
present,2
michael,2
belief,2
counterpart,2
shifts,2
reflected,2
al,2
regressing,2
stockton,2
remained,2
lags,2
demonstrated,2
kashyap,2
apt,2
aggregated,2
pavcis,2
including,2
previously,2
dollar,2
outliers,2
expression,2
combining,2
food,2
unfortunately,2
slump,2
vladimir,2
hampered,2
ny,2
so,2
variance,2
panels,2
ended,2
serial,2
hacienda,2
spa,2
oecd,2
internal,2
sense,2
haberler,2
slightly,2
figures,2
we,2
discretionary,2
autoregressions,2
postpone,2
vector,2
financiera,2
depressed,2
ministerio,2
imply,2
spiral,2
mvlta,2
continued,2
science,2
ofjapaneseeconomicdevelopment,2
testing,2
predict,2
sensitive,2
reason,2
ordering,2
provider,2
extra,2
clarida,2
proportionally,2
itself,2
stickiness,2
investigate,2
stephen,2
environment,2
suggestions,2
outlier,2
impulse,2
banco,2
economically,2
funding,2
regressors,2
set,2
expectational,2
australasia,2
readily,2
devalued,2
lenders,2
deleted,2
down,2
restrictive,2
report,2
losses,2
perfectly,2
associated,2
pwagrusd,2
wirtschaft,2
fiscales,2
beginning,2
william,2
sectors,2
unlikely,2
handelsbanken,2
what,2
automatically,2
depicts,2
anil,2
list,2
namely,2
ulc,2
references,2
passed,2
while,2
produce,2
firrm,2
nj,2
reported,2
through,2
symons,2
unaffected,2
ac,2
step,2
arguments,2
jan,2
formation,2
seit,2
finding,2
ofnations,2
approximately,2
include,2
sticky,2
remains,2
association,2
statistisk,2
vary,2
chicago,2
early,2
equipment,2
traditional,2
strong,2
willing,2
north,2
alternative,2
arithmetic,2
fur,2
ments,1
storiche,1
institut,1
obey,1
estate,1
ols,1
imported,1
ussing,1
created,1
compensate,1
separated,1
represent,1
administered,1
interventions,1
determine,1
ofman,1
yd,1
industryrelative,1
trim,1
berlin,1
contemporaneous,1
struckmeyer,1
shoulders,1
drastically,1
nonanimal,1
enhance,1
deviates,1
precede,1
liabilities,1
dump,1
aigue,1
specified,1
fra,1
ly,1
mortgages,1
exterior,1
spirit,1
tied,1
gr,1
protection,1
position,1
bubble,1
necessarily,1
presents,1
unlike,1
detennination,1
juerg,1
detrimental,1
cit,1
exceptions,1
stochastically,1
po,1
source,1
tariffrates,1
du,1
prosperous,1
disturbances,1
cutting,1
experience,1
fluctuations,1
produit,1
aw,1
sit,1
iw,1
provision,1
stressed,1
earning,1
historicas,1
revisited,1
swedish,1
preceding,1
jointly,1
interests,1
experimented,1
attempt,1
wpw,1
nancy,1
deternined,1
duncker,1
gary,1
company,1
route,1
leading,1
historixans,1
assess,1
wn,1
pollard,1
timing,1
analyses,1
producing,1
stabilising,1
forbuildings,1
ln,1
reveal,1
ol,1
uncovered,1
ripple,1
option,1
harvey,1
help,1
studier,1
pushy,1
devised,1
last,1
written,1
date,1
trouble,1
greatly,1
henry,1
raised,1
reserved,1
principal,1
normal,1
ritzmannblickenstorfer,1
signs,1
theodore,1
revise,1
speeded,1
stopped,1
agrithe,1
triggered,1
depends,1
case,1
issue,1
pl,1
overparameterization,1
governmental,1
ascribed,1
injected,1
existence,1
inflows,1
lpat,1
owing,1
key,1
nber,1
capacity,1
primary,1
expenses,1
amplified,1
incorporate,1
approximations,1
machinery,1
fundacion,1
functions,1
loglinear,1
professor,1
taking,1
combination,1
smooth,1
x,1
owners,1
ofeurope,1
uncertain,1
quantity,1
bjerke,1
reachedprohibitivelyhigh,1
anticipated,1
tariffpolicies,1
norton,1
formula,1
sterilization,1
monetaryhistoiy,1
says,1
masks,1
sign,1
hudson,1
mid,1
exist,1
anlagevermogen,1
central,1
accommodate,1
andrew,1
includes,1
therein,1
tlle,1
relationships,1
accuracy,1
explained,1
severe,1
accounted,1
pursue,1
past,1
toutain,1
tables,1
econometric,1
assumes,1
aulc,1
decided,1
whitney,1
pm,1
bums,1
uxbridge,1
jr,1
pig,1
extensively,1
z,1
funds,1
initiate,1
unity,1
kashpap,1
cases,1
economical,1
old,1
bundesreplublik,1
underlying,1
bay,1
displays,1
ayd,1
back,1
ante,1
highest,1
speed,1
six,1
apr,1
compared,1
continuous,1
compare,1
profit,1
helpful,1
upturn,1
look,1
wirtschaftsbereiche,1
stagnation,1
jordi,1
adjust,1
humbolt,1
andindustry,1
perfect,1
incentives,1
rights,1
behave,1
poor,1
parity,1
high,1
multicountry,1
vegetable,1
german,1
depreciate,1
cana,1
identification,1
recession,1
devastating,1
indepression,1
aimed,1
remain,1
danmarks,1
housing,1
basic,1
investigation,1
linearly,1
crash,1
transmits,1
capture,1
neglected,1
burns,1
monetarypolicy,1
gertrud,1
bankruptcy,1
economywide,1
weighting,1
eight,1
depiession,1
certain,1
plots,1
gk,1
assuming,1
pages,1
stability,1
identifiability,1
enabled,1
fannland,1
mit,1
arbor,1
crise,1
preciselypwagr,1
ames,1
difflcult,1
gertler,1
statistic,1
krantz,1
affect,1
nasjonalregnskap,1
flexibility,1
crosscountry,1
statistical,1
slowly,1
presumably,1
unimportant,1
investnent,1
histoly,1
gradually,1
perspective,1
asymptotically,1
quarters,1
prevent,1
simplifies,1
unavoidable,1
fiom,1
piappa,1
additional,1
calculations,1
beyond,1
dden,1
efficient,1
cotton,1
comparisons,1
consequence,1
requires,1
profound,1
conditional,1
puts,1
guarantee,1
shifted,1
restriction,1
nests,1
zeitreihen,1
suggested,1
fates,1
franz,1
explanatory,1
root,1
endogenous,1
remembered,1
bearing,1
downwardly,1
yil,1
discount,1
holds,1
traditionally,1
aaa,1
superscript,1
access,1
combinations,1
effort,1
seven,1
referee,1
worldagri,1
destined,1
gardiner,1
captured,1
burst,1
representative,1
fourth,1
reasons,1
though,1
cultural,1
pfenning,1
rent,1
coefflcient,1
yk,1
produced,1
persons,1
reinforce,1
meet,1
nonnested,1
ofagricultural,1
record,1
nils,1
premise,1
wide,1
acit,1
january,1
sparse,1
impression,1
improve,1
shape,1
apcp,1
prewar,1
guestimates,1
oversupply,1
work,1
implement,1
insignificance,1
start,1
nine,1
unless,1
brought,1
uncover,1
discusses,1
explains,1
ten,1
indexes,1
referees,1
gave,1
domestically,1
winfried,1
cy,1
moments,1
structures,1
stimulate,1
thereafter,1
hikes,1
interieurbrut,1
reflect,1
sulted,1
showing,1
interpreted,1
predictive,1
heinemann,1
strongest,1
approach,1
errors,1
okun,1
traders,1
wholesale,1
kirner,1
solution,1
los,1
adaptive,1
arise,1
useful,1
hatton,1
buildings,1
shaping,1
del,1
le,1
nilsson,1
tenn,1
stimulated,1
sharp,1
barriers,1
involved,1
around,1
encompasses,1
fory,1
deutsches,1
het,1
autonomy,1
leproduitinterieurbrut,1
initiating,1
consensus,1
few,1
june,1
oftheir,1
partitions,1
stanley,1
iron,1
priory,1
workforce,1
impossible,1
nationalprodukt,1
fully,1
muriel,1
st,1
spurious,1
internationalperspective,1
nazionale,1
wagr,1
them,1
neoclassical,1
appropriate,1
normalized,1
ppitt,1
actions,1
phase,1
austral,1
society,1
span,1
sidney,1
portion,1
pya,1
mpc,1
monthlybulletin,1
situation,1
syme,1
ramifications,1
minor,1
carrearas,1
svennilson,1
functioning,1
intermationally,1
squared,1
cathy,1
stuckmeyer,1
service,1
yojl,1
swede,1
play,1
return,1
nearly,1
wherepvalm,1
rapid,1
still,1
iowa,1
histoiy,1
goveurnents,1
initially,1
relaxed,1
redistributing,1
deflationarypolicies,1
frank,1
metric,1
calculate,1
contributing,1
pivotal,1
tunited,1
relied,1
yet,1
bariy,1
swept,1
monte,1
represents,1
makes,1
recommendation,1
formally,1
official,1
neither,1
clarified,1
gy,1
devaluations,1
falls,1
adjusted,1
gali,1
positively,1
shock,1
culture,1
yii,1
abandon,1
medels,1
dropped,1
intemationally,1
transmiti,1
si,1
sales,1
ofmonetary,1
ofpolitical,1
lund,1
commodiry,1
unusually,1
increasingly,1
rise,1
commodiiry,1
ev,1
subsidize,1
agicultural,1
volume,1
coefflcients,1
afteraccommodating,1
furthernore,1
worldagriculture,1
ho,1
similarlylewis,1
oslo,1
lpt,1
fell,1
mark,1
hungarys,1
spai,1
put,1
projects,1
fanrland,1
investigates,1
ecently,1
estimators,1
fact,1
longer,1
lack,1
agricultuire,1
fitrst,1
pressure,1
daii,1
abstract,1
crop,1
choice,1
pw,1
angeles,1
associates,1
fallen,1
buse,1
contemporary,1
identical,1
estsdisticas,1
macroeconomists,1
lavoro,1
aaainitiated,1
imperfect,1
feedback,1
convert,1
economichistory,1
success,1
never,1
behind,1
took,1
italia,1
hand,1
business,1
likelihood,1
covered,1
purposes,1
vulnerable,1
ifjust,1
council,1
forth,1
necessary,1
material,1
perhaps,1
toutan,1
ordinary,1
free,1
encountered,1
eq,1
insensitive,1
matrix,1
analyzed,1
expenditums,1
extended,1
pricing,1
effectiveness,1
bemanake,1
comprise,1
andpva,1
farming,1
regressor,1
renders,1
exporting,1
wpi,1
enhanced,1
industrialized,1
depended,1
recover,1
samples,1
crease,1
use,1
illusion,1
sold,1
largely,1
assumption,1
assume,1
curb,1
underestimates,1
ami,1
services,1
check,1
chosen,1
ayit,1
california,1
nevertheless,1
ofjapanese,1
open,1
sensitivity,1
tl,1
issn,1
ri,1
pvat,1
like,1
revised,1
japanese,1
mount,1
features,1
escaped,1
ge,1
stresses,1
paths,1
multiplier,1
devise,1
households,1
ted,1
interacted,1
dell,1
latter,1
life,1
gleerup,1
indicator,1
become,1
exported,1
overcome,1
ann,1
symmetric,1
examine,1
enjoyed,1
usa,1
implication,1
looks,1
greece,1
differ,1
begs,1
embeds,1
northern,1
assesses,1
wallace,1
iwedenu,1
joint,1
payment,1
imperfectly,1
cjhapple,1
opposite,1
attention,1
dordrecht,1
applies,1
examines,1
fails,1
space,1
things,1
pgr,1
today,1
dum,1
pwagr,1
residual,1
perspectives,1
arr,1
movements,1
roma,1
crucial,1
five,1
suggestive,1
rough,1
lines,1
widespread,1
primarily,1
nz,1
agricultute,1
strongly,1
began,1
accommodating,1
qw,1
piapt,1
unclear,1
contributor,1
returned,1
class,1
efficiency,1
diagnostic,1
underscores,1
composed,1
disagrees,1
deploys,1
get,1
middlesex,1
martinusnijhoff,1
interpolated,1
unanticipated,1
stable,1
subscript,1
contained,1
wars,1
heavy,1
initiated,1
mathias,1
weldon,1
precedence,1
worsened,1
conclusion,1
arrest,1
mentioned,1
homogeneity,1
incorporated,1
broadway,1
simplify,1
steel,1
too,1
ofstatistics,1
pace,1
implied,1
regime,1
nondurables,1
kraus,1
pt,1
yearj,1
iiti,1
quickly,1
dairy,1
principle,1
econometrics,1
finance,1
shares,1
moneta,1
commission,1
historians,1
governments,1
believe,1
flowing,1
incorporating,1
straightforward,1
argue,1
identically,1
iayi,1
current,1
regard,1
post,1
agficultural,1
agit,1
ar,1
collins,1
adhere,1
examining,1
pit,1
noncompetitive,1
prospects,1
rural,1
assessment,1
transmitter,1
better,1
turned,1
proxies,1
forecasts,1
transmitting,1
fornew,1
catastrophic,1
impact,1
strained,1
proceedings,1
transfers,1
combined,1
imperfections,1
form,1
ones,1
independently,1
asymptotic,1
maintain,1
ayll,1
edinburgh,1
manufactures,1
furthermnore,1
tending,1
transaction,1
wirtschaftsforschnung,1
vehicle,1
institute,1
lm,1
yield,1
smoothing,1
listed,1
dde,1
gads,1
incomes,1
gottfried,1
residuals,1
size,1
statistiche,1
conference,1
burden,1
relativeprices,1
zr,1
wedge,1
transport,1
thereby,1
attached,1
introduced,1
adolf,1
improves,1
publishers,1
tapan,1
durable,1
plans,1
administration,1
meauresthe,1
went,1
pi,1
deviate,1
commodityprices,1
contribute,1
praw,1
indebted,1
swz,1
pagr,1
allows,1
japelli,1
crossagricultural,1
paula,1
sparked,1
gennany,1
cp,1
producer,1
orthogonality,1
propagating,1
accelerate,1
breaks,1
argument,1
libecap,1
difference,1
ignored,1
sharpest,1
generate,1
ptv,1
deutschland,1
argentina,1
boosted,1
internationalhistoricalstatistics,1
motives,1
depressing,1
course,1
instead,1
integrated,1
canadian,1
constructed,1
disruption,1
involving,1
prosperity,1
tobacco,1
maximization,1
optimization,1
wholesalers,1
campaign,1
indices,1
zy,1
anonymous,1
flora,1
profits,1
specific,1
mounting,1
removed,1
substitute,1
fluctuated,1
propounds,1
thetermmx,1
weber,1
point,1
stemming,1
th,1
enterprise,1
uncertainty,1
element,1
immediately,1
desperate,1
formulae,1
showed,1
delayed,1
farnland,1
carlo,1
