WORDCOUNTS,WEIGHT
the,251
of,142
and,135
in,103
to,66
a,63
that,46
is,35
as,31
on,28
for,27
was,25
land,24
it,23
s,22
an,21
not,19
i,19
were,19
by,18
this,18
economic,17
city,17
with,16
which,15
cleveland,14
but,14
smith,14
are,14
be,14
costs,13
values,13
schiffman,12
grove,12
cotton,12
more,12
percent,12
data,12
century,11
diffusion,11
all,11
history,10
from,10
firms,10
maintenance,10
he,9
no,9
rise,9
other,9
new,9
have,9
between,9
third,9
than,9
at,8
they,8
center,8
southeast,8
about,8
or,8
these,8
first,8
urban,8
south,7
if,7
adoption,7
white,7
railroads,7
dissertations,7
public,7
its,7
labor,7
hypothesis,7
his,6
districts,6
fall,6
also,6
my,6
great,6
them,6
balance,6
information,6
some,6
development,6
good,6
mechanical,6
should,6
second,5
american,5
one,5
been,5
summaries,5
tractor,5
technology,5
dissertation,5
tax,5
most,5
two,5
regional,5
services,5
did,5
automobile,5
economics,5
further,5
eastem,5
has,5
well,5
chapter,5
through,5
sheets,5
pricing,5
so,5
depression,5
decline,5
would,5
southwest,5
model,4
may,4
does,4
mechanization,4
interesting,4
will,4
how,4
square,4
slow,4
bankruptcy,4
southern,4
use,4
us,4
thesis,4
had,4
declining,4
set,4
fell,4
might,4
finance,4
journal,4
railroad,4
out,4
past,4
however,4
westem,4
u,4
because,4
technologies,4
tractors,4
hypotheses,4
place,4
harvester,4
such,4
three,4
twentieth,4
machine,4
prices,4
black,4
better,4
small,4
early,4
up,4
even,4
among,4
we,4
cycle,4
notes,4
paul,4
final,3
tests,3
transportation,3
mostly,3
finalists,3
reduced,3
way,3
indeed,3
techniques,3
neighborhoods,3
expenditures,3
large,3
measure,3
effective,3
blight,3
studies,3
relied,3
then,3
infrastructure,3
before,3
producers,3
nineteenth,3
track,3
industrial,3
show,3
provision,3
social,3
suburbs,3
human,3
know,3
others,3
projects,3
financial,3
different,3
worth,3
rhode,3
farmers,3
real,3
there,3
base,3
just,3
markets,3
weed,3
do,3
technical,3
greenwood,3
less,3
rising,3
time,3
theory,3
find,3
while,3
number,3
america,3
olmstead,3
credit,3
literature,3
little,3
despite,3
empirical,3
harvesting,3
issues,3
records,3
central,3
until,3
models,3
couple,3
alan,3
years,3
difference,3
institutional,3
relatively,3
although,3
price,3
field,3
evidence,3
type,3
revolution,3
farms,3
effects,3
after,3
estimates,3
study,3
fourth,3
story,3
constructs,3
results,3
much,3
paid,3
built,3
race,3
rates,3
industries,2
macroeconomic,2
states,2
perspectives,2
note,2
important,2
estate,2
scholarly,2
yet,2
service,2
life,2
basic,2
priors,2
explicit,2
growth,2
success,2
reduce,2
earlier,2
similar,2
their,2
harvesters,2
margo,2
innovation,2
ofthe,2
changes,2
united,2
hope,2
schools,2
rate,2
factors,2
respect,2
education,2
sets,2
federal,2
support,2
exceptional,2
whose,2
canada,2
coverage,2
gathered,2
builds,2
plants,2
east,2
reshaping,2
university,2
policy,2
into,2
plat,2
heavy,2
result,2
downturns,2
educational,2
department,2
experience,2
predominantly,2
geographic,2
warranted,2
delta,2
riots,2
only,2
gap,2
considers,2
useful,2
sources,2
provide,2
fire,2
schooling,2
offers,2
care,2
implications,2
highly,2
again,2
deterioration,2
many,2
declined,2
seem,2
location,2
could,2
weeds,2
access,2
differences,2
foundation,2
harvest,2
infiltration,2
events,2
markedly,2
everything,2
contends,2
debt,2
serious,2
edge,2
pickers,2
outside,2
influences,2
principal,2
robert,2
discussing,2
what,2
war,2
economy,2
chicago,2
within,2
existing,2
spatial,2
form,2
sound,2
takes,2
negatively,2
downtown,2
books,2
task,2
firm,2
agriculture,2
remained,2
demands,2
capable,2
marked,2
spending,2
fundamentally,2
discussion,2
solid,2
cambridge,2
made,2
range,2
average,2
recognition,2
west,2
formal,2
region,2
likely,2
attainment,2
point,2
redundant,2
case,2
see,2
press,2
due,2
test,2
abandoned,2
findings,2
steady,2
during,2
intervention,2
broad,2
reduces,2
usage,2
learned,2
predicts,2
maps,2
thus,2
cities,2
continue,2
chapters,2
previous,2
differential,2
constructed,2
goldin,2
homdal,2
own,2
observed,2
conditions,2
econometric,2
assumes,2
makes,2
romer,2
adopted,2
include,2
typically,2
usda,2
high,2
learning,2
submissions,2
provides,2
lose,2
distinct,2
increased,2
david,2
several,2
influence,2
directional,2
especially,2
state,2
potential,2
construct,2
june,2
topics,2
effect,2
can,2
affects,2
technological,2
previously,2
gordon,2
limiting,1
increasing,1
using,1
seems,1
difficult,1
wage,1
failed,1
integrating,1
yields,1
therefore,1
foot,1
integrated,1
testable,1
remembered,1
availability,1
nevins,1
philadelphia,1
eclectic,1
manipulated,1
done,1
corrects,1
paralleled,1
shattered,1
reductions,1
salaries,1
limits,1
theaters,1
hearty,1
curves,1
deteriorate,1
she,1
operations,1
misrepresent,1
indices,1
mills,1
rather,1
tenant,1
fertile,1
trains,1
vacuums,1
develops,1
precincts,1
principally,1
five,1
foreign,1
quickly,1
troubled,1
corporate,1
impetus,1
across,1
asymmetric,1
criticize,1
thoughts,1
prize,1
chop,1
testing,1
overall,1
selections,1
toward,1
prose,1
inventions,1
reasonable,1
breadth,1
employment,1
begin,1
influential,1
landscape,1
motivated,1
emergence,1
notoriously,1
appreciation,1
boarded,1
jane,1
college,1
heights,1
converge,1
nearly,1
businessmen,1
whites,1
overstated,1
midwest,1
worthy,1
features,1
responded,1
process,1
methodologies,1
measures,1
fifth,1
ward,1
convince,1
whatever,1
heavier,1
being,1
detailed,1
still,1
reconstruction,1
opportunity,1
dealt,1
shrinking,1
neighborhood,1
began,1
risk,1
rational,1
determined,1
manuscript,1
effectively,1
forth,1
unevenly,1
comments,1
solves,1
simplifying,1
expect,1
sending,1
upgrades,1
excited,1
fragility,1
group,1
led,1
trolleys,1
suited,1
judged,1
regulatory,1
represents,1
contributions,1
class,1
selection,1
pred,1
kinds,1
ginning,1
often,1
perhaps,1
pounded,1
tend,1
designed,1
oversight,1
offering,1
mention,1
grade,1
cars,1
sheds,1
metric,1
consequences,1
utilities,1
competition,1
lip,1
usefully,1
picking,1
edited,1
murder,1
fields,1
interpretation,1
liability,1
hacker,1
americans,1
arrangements,1
downward,1
recommendation,1
easily,1
requiring,1
coincidental,1
borrowers,1
satisfied,1
burdens,1
mission,1
affect,1
extensions,1
immigrant,1
sounds,1
predecessor,1
earliest,1
stable,1
shaker,1
weaker,1
around,1
erode,1
consider,1
blame,1
addressed,1
basis,1
organization,1
deceleration,1
fixed,1
school,1
excavation,1
doing,1
retained,1
giants,1
ration,1
publicly,1
encourage,1
assimilation,1
inequality,1
entrenched,1
total,1
steepest,1
clearly,1
thinking,1
light,1
arising,1
pursuing,1
shock,1
professor,1
our,1
believed,1
choices,1
lagging,1
considered,1
taken,1
traces,1
gradually,1
desirability,1
downs,1
sharecroppers,1
accelerated,1
responsive,1
too,1
volumes,1
collective,1
rape,1
must,1
burdened,1
provocative,1
four,1
existence,1
tenancy,1
demonstrate,1
disparaged,1
lower,1
noted,1
increasingly,1
predicted,1
consistent,1
textile,1
direction,1
t,1
subsidized,1
tripled,1
rigidities,1
temporal,1
generality,1
titles,1
sunlight,1
every,1
sued,1
topographic,1
admit,1
river,1
inches,1
alternative,1
income,1
belief,1
essays,1
business,1
painstakingly,1
british,1
exploration,1
detroit,1
mentions,1
bodenhorn,1
milieu,1
faced,1
providing,1
cheapened,1
retirement,1
board,1
restaurants,1
over,1
applauded,1
microeconomic,1
trajectories,1
equipmentmaintenance,1
utilization,1
actual,1
l,1
conversant,1
september,1
emerged,1
puzzle,1
corporation,1
mileage,1
readily,1
whereas,1
water,1
j,1
nature,1
departure,1
w,1
paper,1
expressed,1
limited,1
efforts,1
herbicides,1
lenders,1
share,1
taking,1
incomplete,1
shows,1
assets,1
lack,1
reach,1
pounds,1
allan,1
sooner,1
stories,1
innovations,1
believe,1
allow,1
bearing,1
capital,1
stack,1
best,1
marvels,1
down,1
advantage,1
jacobs,1
succeeds,1
daily,1
subdiscipline,1
agglomeration,1
nevertheless,1
reasons,1
developed,1
p,1
refutable,1
forces,1
choice,1
rich,1
remarked,1
educated,1
impressive,1
vibrant,1
humid,1
users,1
excessive,1
found,1
expectancy,1
able,1
government,1
job,1
banks,1
any,1
shared,1
atlantic,1
substantive,1
quintessential,1
circa,1
countering,1
reveal,1
mississippi,1
scholars,1
lowell,1
radical,1
requirements,1
equilibrium,1
stations,1
outlines,1
constant,1
robsummaries,1
endeavor,1
take,1
historical,1
hospitals,1
inquiry,1
considerable,1
imperfect,1
hands,1
zero,1
contributory,1
cyclical,1
greater,1
lafayette,1
birmingham,1
external,1
respectfully,1
tangible,1
late,1
loose,1
patterns,1
frederic,1
conclusions,1
date,1
miles,1
counterproductive,1
growing,1
unchanged,1
present,1
prompt,1
deriving,1
unsuited,1
traits,1
weeding,1
though,1
causes,1
according,1
discuss,1
succeeded,1
ruined,1
manner,1
ambiguous,1
fornutrients,1
sheet,1
trolley,1
deserve,1
notable,1
purposes,1
carefully,1
daniel,1
vicious,1
indirect,1
disappoints,1
poses,1
context,1
establish,1
teacher,1
whether,1
vulnerable,1
rose,1
terms,1
environments,1
extended,1
laying,1
larger,1
system,1
answer,1
cannot,1
theoretical,1
complementary,1
competed,1
want,1
issue,1
side,1
thin,1
influx,1
otherwise,1
placed,1
ramifications,1
depending,1
decade,1
exogenous,1
agricultural,1
climatological,1
joumey,1
moisture,1
procedures,1
perform,1
howard,1
required,1
assault,1
enough,1
problem,1
gradient,1
historians,1
lucent,1
widespread,1
heavily,1
method,1
introductory,1
achievement,1
prone,1
her,1
package,1
wayne,1
review,1
periphery,1
capture,1
recommend,1
briefly,1
day,1
veterans,1
bureaucratic,1
pursued,1
impact,1
require,1
unequivocally,1
eminently,1
losses,1
specifically,1
argues,1
trough,1
directly,1
local,1
account,1
original,1
police,1
missed,1
detractors,1
brings,1
possible,1
reorganization,1
obfuscate,1
accounting,1
compelling,1
closed,1
activity,1
infant,1
investment,1
size,1
africanamerican,1
generates,1
soils,1
conjecture,1
incidence,1
abide,1
lost,1
adopting,1
examples,1
prior,1
received,1
treated,1
network,1
destroybusinesses,1
tool,1
rfc,1
emergent,1
contours,1
periods,1
reader,1
future,1
wrestle,1
altered,1
brought,1
tastes,1
lake,1
affecting,1
very,1
productivity,1
unfairly,1
explains,1
diffused,1
example,1
civil,1
staffing,1
reserve,1
cited,1
knowledge,1
collecting,1
accounts,1
reduction,1
housing,1
became,1
means,1
anew,1
easy,1
undoubtedly,1
african,1
gender,1
stores,1
concern,1
caught,1
freeway,1
where,1
host,1
assumptions,1
bust,1
everywhere,1
whole,1
exceeded,1
used,1
astounding,1
bery,1
programs,1
unfair,1
force,1
assumption,1
focus,1
encircled,1
make,1
factor,1
tale,1
flight,1
those,1
racially,1
people,1
work,1
aside,1
tilting,1
ups,1
long,1
invaluable,1
researcher,1
jointly,1
statistics,1
prerequisite,1
mistake,1
scheduled,1
exercises,1
tumultuous,1
reaffirmed,1
includes,1
strippers,1
throughout,1
come,1
garden,1
trip,1
energies,1
focuses,1
raising,1
legal,1
away,1
regions,1
surrounding,1
importantly,1
employed,1
believes,1
charges,1
population,1
ultimately,1
deteriorates,1
convenient,1
seminars,1
theses,1
recent,1
wages,1
initial,1
converged,1
inflation,1
attributed,1
following,1
else,1
importance,1
authors,1
comprehensive,1
national,1
leverage,1
appropriate,1
finally,1
virtues,1
accept,1
health,1
christina,1
disappointed,1
investigation,1
published,1
responses,1
leave,1
homeowners,1
held,1
manifestations,1
keep,1
derivations,1
marshals,1
sense,1
viable,1
characterized,1
jeremy,1
d,1
working,1
below,1
corresponds,1
followed,1
spread,1
sat,1
raises,1
provided,1
workers,1
things,1
stage,1
topic,1
writer,1
curve,1
mexico,1
integration,1
collected,1
regular,1
finds,1
attributes,1
next,1
dry,1
piece,1
exercise,1
households,1
reaches,1
deepening,1
adjustment,1
predictions,1
bank,1
involved,1
rails,1
belt,1
assuming,1
troubles,1
landmarks,1
spent,1
financially,1
clear,1
evident,1
tellers,1
needs,1
each,1
freed,1
encouraged,1
trajectory,1
few,1
conclude,1
unequivocal,1
herbaceous,1
ambitiously,1
engrossing,1
band,1
requires,1
industry,1
constructing,1
leaming,1
yes,1
correct,1
become,1
allowing,1
cisco,1
references,1
attached,1
compared,1
archival,1
respond,1
banking,1
single,1
opaque,1
telling,1
altogether,1
teach,1
cultivates,1
debate,1
demonstrates,1
fully,1
array,1
annual,1
patience,1
when,1
including,1
economies,1
probably,1
impoverished,1
os,1
hoes,1
dependent,1
tightly,1
me,1
censuses,1
pipe,1
world,1
ground,1
details,1
line,1
north,1
relative,1
unexpectedly,1
breed,1
document,1
diminished,1
concise,1
laborers,1
longer,1
leadership,1
value,1
weigh,1
cause,1
broader,1
pronounced,1
preliminary,1
southeastern,1
completion,1
mortality,1
pillars,1
informationally,1
showed,1
am,1
acknowledge,1
delayed,1
dust,1
equal,1
close,1
quibble,1
claudia,1
widely,1
major,1
invest,1
examines,1
leveraged,1
newark,1
poverty,1
