WORDCOUNTS,WEIGHT
the,702
of,387
and,325
in,295
to,228
a,145
was,105
by,101
percent,94
inflation,84
on,75
as,74
for,71
russia,68
s,63
that,61
debt,57
weimar,55
germany,52
this,51
were,51
german,48
with,46
had,42
from,42
at,40
economic,39
which,37
russian,36
government,33
political,33
billion,32
but,32
foreign,32
granville,31
budget,29
ferguson,29
its,29
been,29
domestic,29
have,29
it,27
monetary,27
new,27
is,25
pp,24
p,23
after,23
not,23
paper,23
fiscal,23
real,22
tax,22
an,22
rate,21
first,21
has,21
soviet,21
marks,21
reparations,21
than,20
only,20
time,20
gdp,20
deficit,20
high,20
jan,20
between,20
be,20
stabilization,19
may,19
july,19
burden,19
no,18
war,18
london,18
prices,18
external,18
large,17
oxford,17
period,17
see,17
gold,17
public,16
around,16
about,16
or,16
also,16
policy,15
system,15
interest,15
volga,15
international,15
currency,15
social,15
more,15
exchange,15
economy,15
press,15
total,14
their,14
university,14
hyperinflation,14
these,14
both,14
reichsbank,13
so,13
crisis,13
finance,12
all,12
capital,12
bills,12
rates,12
during,12
sargent,12
edited,12
reform,12
less,12
are,12
december,12
treasury,12
depreciation,12
inflationary,11
market,11
reich,11
could,11
there,11
some,11
feldman,11
since,11
price,11
unemployment,11
state,11
would,11
figure,11
der,11
did,11
years,11
berlin,10
federal,10
growth,10
official,10
economics,10
deficits,10
policies,10
change,10
imf,10
investors,10
borrowing,10
remained,10
national,10
august,10
nnp,10
rose,10
regime,10
much,10
financing,9
holtfrerich,9
central,9
million,9
collapse,9
compared,9
york,9
too,9
default,9
bank,9
april,9
same,9
fell,9
many,9
end,9
made,9
table,9
die,9
world,9
until,9
now,8
way,8
they,8
history,8
princeton,8
bonds,8
financed,8
loans,8
result,8
however,8
issues,8
annual,8
various,8
service,8
deutsche,8
trade,8
revolution,8
half,8
early,8
great,7
case,7
october,7
labor,7
such,7
pay,7
old,7
consequences,7
into,7
union,7
out,7
base,7
january,7
industrial,7
year,7
macroeconomic,7
june,7
governments,7
decline,7
und,7
constraints,7
percentage,7
mark,7
credit,7
months,7
elected,7
monthly,7
february,7
keynes,7
middle,7
despite,7
transition,7
reserves,7
webb,7
goskomstat,7
schuker,6
one,6
source,6
other,6
credits,6
against,6
due,6
left,6
levels,6
bond,6
markets,6
effective,6
used,6
place,6
up,6
paid,6
republic,6
still,6
under,6
two,6
french,6
revenue,6
revenues,6
cbr,6
brigitte,6
dollar,6
low,6
figures,6
program,6
expectations,6
itself,6
over,6
according,6
became,6
controls,6
commercial,6
institutional,6
d,6
effects,6
gerald,5
replaced,5
those,5
disorder,5
forthcoming,5
money,5
purchases,5
surplus,5
thus,5
club,5
affairs,5
even,5
journal,5
expenditure,5
similar,5
direct,5
wages,5
four,5
gaidar,5
cost,5
late,5
further,5
well,5
significantly,5
statistics,5
savings,5
loan,5
value,5
above,5
yet,5
yeltsin,5
finanzpolitik,5
payments,5
law,5
financial,5
fact,5
banks,5
ruble,5
investment,5
spending,5
increase,5
largely,5
nevertheless,5
b,5
thomas,5
payment,5
especially,5
parallel,5
effect,5
institutions,5
following,5
wartime,5
iron,5
nominal,5
them,5
problem,5
while,5
velde,5
level,5
given,5
subsidies,5
november,5
cash,5
course,5
roughly,5
little,5
if,4
federation,4
per,4
ultimatum,4
american,4
arrears,4
country,4
western,4
royal,4
evasion,4
sources,4
fund,4
military,4
might,4
rapid,4
definition,4
leading,4
graham,4
subsequent,4
zu,4
niall,4
principal,4
surveys,4
devaluation,4
constraint,4
primary,4
u,4
reaching,4
powers,4
very,4
sachs,4
wallace,4
gko,4
development,4
witt,4
rathenau,4
failed,4
costs,4
proportion,4
support,4
view,4
required,4
failure,4
having,4
data,4
part,4
inherited,4
people,4
president,4
shapiro,4
amounted,4
when,4
will,4
led,4
reduced,4
bis,4
unprecedented,4
once,4
kent,4
ed,4
enterprises,4
sector,4
koen,4
instability,4
havenstein,4
contemporary,4
paris,4
model,4
numerous,4
causes,4
nothing,4
clear,4
three,4
moral,4
allowed,4
risen,4
oppenheimer,4
article,4
rescheduling,4
working,4
equivalent,4
saw,4
aid,4
continued,4
provide,4
employment,4
who,4
class,4
fall,4
meant,4
heavy,4
comparison,4
munich,4
expenditures,4
ratio,4
terms,4
particular,4
institute,4
hitler,4
agreed,4
average,4
deutschland,4
states,4
increased,4
democracy,3
estimated,3
later,3
created,3
unpleasant,3
liquidity,3
liabilities,3
former,3
allies,3
ussr,3
negative,3
hence,3
words,3
together,3
resulting,3
i,3
help,3
last,3
inflows,3
march,3
cagan,3
politics,3
moscow,3
considerably,3
controlled,3
throughout,3
review,3
explained,3
weakened,3
severe,3
immediate,3
losers,3
accounted,3
kind,3
stabilized,3
taxpayers,3
third,3
friedman,3
deputies,3
spoils,3
l,3
forced,3
assassination,3
opportunity,3
granted,3
fetters,3
study,3
reforms,3
moreover,3
benefits,3
most,3
putting,3
oecd,3
instance,3
statistisches,3
constitution,3
discount,3
verlag,3
seven,3
demands,3
initial,3
though,3
agreements,3
reichsmark,3
taxes,3
planning,3
imports,3
civil,3
reduction,3
excessive,3
restructuring,3
eichengreen,3
consistently,3
historische,3
thereafter,3
least,3
balderston,3
order,3
parliamentary,3
floating,3
transfer,3
tended,3
reducing,3
therefore,3
second,3
demand,3
indeed,3
expansion,3
reichsamt,3
creditors,3
formally,3
without,3
kratkosrochnye,3
rise,3
monetarist,3
jeffrey,3
others,3
dictatorship,3
experienced,3
longer,3
pressure,3
golden,3
income,3
judith,3
local,3
success,3
deposits,3
including,3
wpi,3
asian,3
congress,3
net,3
deutschen,3
full,3
exports,3
directed,3
minister,3
covering,3
features,3
problems,3
internal,3
banking,3
postwar,3
we,3
standard,3
sometimes,3
democrat,3
seen,3
salaries,3
rapidly,3
countries,3
responsible,3
achieve,3
face,3
stable,3
stephen,3
share,3
authorities,3
then,3
steel,3
environment,3
down,3
capie,3
geschichte,3
lending,3
ruhr,3
beginning,3
month,3
form,3
accounts,3
imposed,3
yield,3
balance,3
bd,3
thereby,3
introduced,3
role,3
elite,3
varied,3
ends,3
ultimately,3
clubs,3
finally,3
taxation,3
although,3
product,3
already,3
news,3
themselves,3
creditor,3
reached,3
era,3
ofz,3
strong,3
recent,3
arithmetic,3
struggle,2
bessel,2
doubts,2
obligations,2
groups,2
corruption,2
commitment,2
college,2
employees,2
mounted,2
inflationsangst,2
tullio,2
pedersen,2
easily,2
studies,2
position,2
rf,2
debacle,2
before,2
suffered,2
schram,2
cpi,2
different,2
being,2
undermine,2
jorge,2
production,2
ofzs,2
shortage,2
shleifer,2
j,2
seems,2
dramatically,2
buildup,2
europe,2
poverty,2
wave,2
riel,2
launched,2
das,2
achieved,2
failures,2
date,2
secondly,2
within,2
report,2
backlash,2
nber,2
capacity,2
drastic,2
zur,2
account,2
vol,2
announced,2
condition,2
entrepreneurs,2
borchardt,2
busch,2
measuring,2
west,2
supply,2
reconstruction,2
easterly,2
framework,2
funded,2
human,2
maynard,2
centralized,2
decree,2
dynamics,2
g,2
fischer,2
voters,2
sba,2
adjustment,2
elements,2
lin,2
underlying,2
times,2
sommariva,2
consumer,2
y,2
vincent,2
instruments,2
general,2
acted,2
influence,2
promised,2
van,2
higher,2
aim,2
rights,2
whose,2
essential,2
rather,2
main,2
crash,2
represented,2
importance,2
grew,2
generating,2
emergency,2
white,2
von,2
front,2
supposed,2
inflations,2
proclaimed,2
means,2
rising,2
sovremennaia,2
fishlow,2
predecessor,2
just,2
days,2
bruce,2
weak,2
argued,2
frequently,2
kopstein,2
shrinking,2
benefited,2
totaled,2
ministers,2
powerful,2
rahmenbedingungen,2
mo,2
helped,2
important,2
significant,2
export,2
faced,2
commentators,2
myths,2
draws,2
greater,2
plus,2
raw,2
pledges,2
assets,2
rule,2
hands,2
access,2
temptation,2
effort,2
wiped,2
events,2
radical,2
kommission,2
occupation,2
gerashchenko,2
hanson,2
population,2
promise,2
analogous,2
explain,2
rubles,2
because,2
suspended,2
r,2
line,2
literature,2
work,2
heavily,2
calls,2
gave,2
partly,2
rocciia,2
falling,2
structures,2
rescheduled,2
et,2
gewicht,2
breakdown,2
relative,2
delay,2
wholesale,2
caused,2
hard,2
below,2
cold,2
suggest,2
socialist,2
debts,2
quite,2
outbreak,2
richter,2
characteristics,2
few,2
temporary,2
industry,2
peak,2
impossible,2
grave,2
parliament,2
renewed,2
massive,2
society,2
erzberger,2
he,2
situation,2
business,2
materials,2
separation,2
short,2
overall,2
comparative,2
nearly,2
depression,2
reduce,2
whatever,2
comments,2
experiences,2
schacht,2
registered,2
frank,2
kruedener,2
albert,2
neil,2
upwards,2
index,2
home,2
planned,2
complete,2
haggling,2
al,2
flight,2
collective,2
begins,2
oldenbourg,2
increasingly,2
ofinflation,2
independent,2
viktor,2
members,2
organizations,2
conceal,2
power,2
bring,2
again,2
available,2
put,2
lack,2
head,2
plan,2
clarendon,2
droste,2
john,2
aug,2
arthur,2
doubt,2
crumbled,2
considerable,2
never,2
enough,2
took,2
hand,2
present,2
increases,2
shown,2
kaiser,2
necessary,2
dusseldorf,2
ekonomicheskie,2
number,2
kluge,2
free,2
calculation,2
another,2
week,2
stabilize,2
private,2
discussion,2
restrictions,2
cambridge,2
previously,2
sufficiently,2
costantino,2
slump,2
factor,2
recovery,2
auf,2
gkos,2
raising,2
previous,2
office,2
agreement,2
co,2
workers,2
held,2
christopher,2
keep,2
like,2
tolstopiatenko,2
administrative,2
kept,2
black,2
sally,2
latter,2
spent,2
k,2
can,2
attracted,2
macmillan,2
reluctant,2
european,2
yields,2
geldentwertung,2
ministry,2
claimed,2
lobbies,2
lost,2
army,2
force,2
began,2
ofthe,2
effectively,2
sevenfold,2
kershaw,2
united,2
noninterest,2
repressed,2
council,2
boris,2
nachwirkungen,2
reichstag,2
bry,2
tagungsbericht,2
series,2
ever,2
membership,2
historischen,2
gerhard,2
phillips,2
drew,2
sustained,2
why,2
kolb,2
quickly,2
zahlen,2
cpsu,2
control,2
ilo,2
steven,2
worth,2
seem,2
current,2
andrei,2
far,2
proved,2
reflected,2
winkler,2
nascent,2
sotsial,2
sectors,2
recession,2
making,2
cause,2
grafe,2
passed,2
prozesse,2
extent,2
inflow,2
her,2
commander,2
imperial,2
almost,2
conference,2
ebrd,2
through,2
decisive,2
rentenmark,2
prospect,2
alternatives,2
exceeded,2
policymaking,2
arguments,2
colloquium,2
firms,2
ein,2
come,2
francois,2
generate,2
laursen,2
polozhenoe,2
conditions,2
leverage,2
accept,2
contributed,2
instead,2
fatal,2
consolidated,2
consumption,2
need,2
evidence,2
france,2
playing,2
summary,2
forrest,2
actions,2
industrialists,2
pensions,2
c,2
succeeded,2
chicago,2
debate,2
monetization,2
import,2
entire,2
duration,2
uk,2
comparable,2
here,2
successive,2
tuesday,2
close,2
otto,2
major,2
boycko,2
courts,1
final,1
difficult,1
impossibility,1
go,1
weighed,1
mostly,1
pegged,1
pinter,1
onlybe,1
infusions,1
implied,1
limits,1
body,1
oxi,1
declared,1
destroying,1
avoiding,1
obey,1
sberbank,1
defective,1
corporate,1
generous,1
opponent,1
judging,1
culminated,1
decades,1
extreme,1
resulted,1
struggled,1
revolutionary,1
yemen,1
shipbuilding,1
red,1
e,1
dissolution,1
fragmented,1
probity,1
notably,1
pushed,1
grotesque,1
outweighed,1
unsuccessful,1
likewise,1
netcomuk,1
democratized,1
center,1
needed,1
hate,1
denied,1
systematically,1
albertin,1
provisions,1
diplomatic,1
disbursed,1
designed,1
prime,1
shoukang,1
approximate,1
asserted,1
usefully,1
enacted,1
true,1
summaries,1
h,1
losses,1
coalition,1
shortfall,1
devalue,1
conjectures,1
mommsen,1
competence,1
encountering,1
refinancing,1
pessimism,1
decrees,1
flows,1
perfect,1
blows,1
earnings,1
considerations,1
hazard,1
behaviour,1
holtferich,1
justified,1
ian,1
causation,1
pose,1
unlike,1
holding,1
entwicklung,1
impeded,1
induced,1
arguing,1
withoutjustification,1
strikes,1
practices,1
experience,1
exportcommodity,1
lower,1
gruyter,1
minneapolis,1
common,1
cast,1
reassure,1
forgive,1
keystone,1
else,1
provision,1
liinder,1
destabilizing,1
revalued,1
requirement,1
long,1
every,1
defects,1
ambivalence,1
recalling,1
certainly,1
creation,1
knut,1
nonexistent,1
interests,1
entailed,1
household,1
originally,1
implications,1
attempts,1
chaos,1
taken,1
evaporated,1
spencer,1
billions,1
permanently,1
emerged,1
advanced,1
zweig,1
duncker,1
parties,1
zeitschrift,1
openhandedly,1
reach,1
continue,1
skills,1
broadly,1
matthias,1
ebert,1
hnmediately,1
potentially,1
pressed,1
spiraled,1
fully,1
follows,1
accommodated,1
counterargument,1
link,1
thanks,1
heinrich,1
room,1
take,1
invalidate,1
risk,1
victors,1
damage,1
depress,1
chancellor,1
written,1
remainder,1
similarly,1
reserved,1
commercially,1
demokratie,1
wage,1
somewhat,1
hostile,1
papers,1
triggered,1
proposals,1
statecontrolled,1
british,1
concealed,1
issue,1
occasional,1
existence,1
harpercollins,1
badly,1
dr,1
resumes,1
indebtedness,1
eventual,1
recastingbourgeois,1
historians,1
adverse,1
accountable,1
sought,1
agriculture,1
draw,1
right,1
exception,1
vulnerability,1
retain,1
boosting,1
bribes,1
opened,1
flair,1
enforcement,1
activity,1
cap,1
foreigners,1
weg,1
move,1
richard,1
occupy,1
medical,1
invited,1
desired,1
smooth,1
conceptual,1
reflecting,1
supervision,1
ignores,1
sent,1
quantity,1
climax,1
rossiikoe,1
liberals,1
apply,1
undoubtedly,1
investing,1
percentaae,1
minimum,1
introduction,1
eroded,1
recasting,1
collection,1
exist,1
conflict,1
historical,1
weimarerrepublik,1
postcommunist,1
differential,1
dependence,1
holders,1
component,1
run,1
calculated,1
bent,1
demanded,1
targeted,1
wreckage,1
realized,1
de,1
police,1
ekonomiki,1
bridging,1
popularly,1
basingstoke,1
regarded,1
ability,1
defacto,1
sonderhefte,1
relations,1
attested,1
issued,1
democratically,1
derdeutschen,1
employing,1
expected,1
learning,1
exhausted,1
funds,1
weaknesses,1
big,1
unpaid,1
maladies,1
cases,1
distortionary,1
developments,1
amended,1
symptoms,1
vneshekonombank,1
rejecting,1
perspective,1
squandered,1
document,1
flicker,1
profound,1
amount,1
back,1
allocating,1
highest,1
response,1
holds,1
difficulty,1
defeating,1
served,1
afford,1
minus,1
applying,1
misleading,1
estimate,1
thin,1
weakening,1
compare,1
weight,1
swords,1
oligarchs,1
look,1
practically,1
termswar,1
critique,1
unemploym,1
jorgen,1
details,1
defend,1
deeply,1
william,1
simplistic,1
postponing,1
pronounced,1
function,1
acknowledge,1
stanley,1
focused,1
incentive,1
industries,1
anders,1
finances,1
refinance,1
incentives,1
steps,1
deviation,1
visokaiaa,1
rooted,1
chemomyrdin,1
seekers,1
enhancing,1
added,1
hamburg,1
reflects,1
predicted,1
act,1
his,1
observers,1
purely,1
peal,1
prince,1
performance,1
ways,1
stop,1
remain,1
holdings,1
lagged,1
square,1
sw,1
culminating,1
centralization,1
putsch,1
hughes,1
process,1
politicians,1
adopted,1
signaled,1
dealt,1
misallocation,1
bankruptcy,1
rescue,1
dircon,1
lag,1
flexible,1
turn,1
monetize,1
inconsistent,1
generally,1
balanced,1
milton,1
assuming,1
special,1
nferguso,1
gratefully,1
worthless,1
deputy,1
echoed,1
offering,1
lay,1
bibliographical,1
essentials,1
gangsters,1
space,1
extremes,1
absorbed,1
onwards,1
decadence,1
thought,1
reason,1
modified,1
recalled,1
giuseppe,1
escape,1
applied,1
ensure,1
freeze,1
servants,1
blame,1
capitalization,1
signed,1
organization,1
humblot,1
improvement,1
statistical,1
established,1
severity,1
india,1
elisabeth,1
internationale,1
interim,1
clearly,1
vindicated,1
specify,1
liberal,1
sum,1
oxanna,1
stabilizing,1
n,1
numbers,1
gradually,1
decade,1
contemporaries,1
instrument,1
dynnikova,1
threat,1
maintain,1
resorted,1
exploited,1
recovered,1
max,1
exactions,1
stripping,1
rsfsr,1
cuba,1
beyond,1
defeat,1
organisation,1
golddiskontbank,1
consequence,1
surge,1
defaulted,1
nazi,1
willing,1
shifted,1
risings,1
care,1
perceived,1
opinion,1
strategy,1
unrest,1
cut,1
disappeared,1
opponents,1
hours,1
repayments,1
entscheidungsprozessen,1
stefan,1
sive,1
expressed,1
leaps,1
haude,1
closely,1
advance,1
my,1
came,1
based,1
lead,1
encourage,1
zwischenbilanz,1
einzelveroffentlichungen,1
allow,1
bearing,1
societies,1
harder,1
six,1
embittered,1
inherent,1
called,1
wvithin,1
amsterdam,1
conspicuous,1
output,1
furious,1
rudolf,1
requirements,1
carolina,1
wandel,1
percentages,1
administratively,1
im,1
term,1
circulation,1
arranged,1
furthermore,1
understood,1
cultural,1
yegor,1
rent,1
blow,1
cuts,1
mainly,1
bailouts,1
obviated,1
indirect,1
europa,1
rossiiskaya,1
cannot,1
convening,1
genrany,1
scale,1
wealth,1
record,1
outside,1
funding,1
rossiskoi,1
acceleration,1
wide,1
package,1
sales,1
directly,1
receive,1
improve,1
representatives,1
underlie,1
ofmoney,1
weidenfeld,1
none,1
hybrid,1
participation,1
stringency,1
expansionary,1
accounting,1
relief,1
goda,1
mandatory,1
gains,1
drawn,1
nonresident,1
swelled,1
securitized,1
strict,1
preferred,1
chernomyrdin,1
ekonomicheskiepokazeteli,1
debatable,1
user,1
example,1
denial,1
reserve,1
actors,1
aufdem,1
positions,1
feared,1
konrad,1
precipitated,1
baden,1
genuine,1
corrupt,1
inindustrielles,1
suppliers,1
aggravated,1
denominated,1
grain,1
actually,1
forces,1
occupied,1
debtservice,1
interbank,1
oltfrerich,1
assembly,1
aslund,1
politicheskii,1
gap,1
count,1
towards,1
charles,1
shortcomings,1
overhang,1
absorb,1
profiteers,1
lifted,1
good,1
published,1
creating,1
officials,1
ist,1
closing,1
eine,1
commerce,1
sense,1
viable,1
successful,1
tight,1
bouts,1
delivered,1
coup,1
restructured,1
recast,1
unexpected,1
stage,1
resolving,1
indicators,1
box,1
politically,1
catholic,1
stimulated,1
emphasizes,1
emerging,1
insurance,1
subvert,1
berg,1
worst,1
heeded,1
sufficient,1
driving,1
wider,1
issuing,1
republics,1
highly,1
frankfurt,1
prompted,1
acts,1
tightened,1
research,1
liberalizing,1
climate,1
distinguished,1
usual,1
workforce,1
ent,1
altogether,1
philip,1
always,1
managed,1
st,1
majority,1
fortnightly,1
dependent,1
productivity,1
resistance,1
using,1
matured,1
notes,1
enormously,1
trillion,1
crime,1
alienated,1
gross,1
passive,1
sj,1
am,1
evoked,1
rest,1
corporatist,1
nicolson,1
spare,1
subsequently,1
periods,1
replacing,1
unbudgeted,1
quiescence,1
embarked,1
happen,1
republican,1
sovereign,1
seedbed,1
arrangement,1
communist,1
liberalisation,1
excludes,1
libya,1
absence,1
payingfor,1
synchronized,1
inadequacy,1
action,1
paralyzed,1
mechanisms,1
drama,1
resisted,1
tempted,1
limited,1
play,1
released,1
acknowledged,1
classic,1
forward,1
gnp,1
reorganization,1
denominator,1
allen,1
intemationaler,1
taiga,1
legalized,1
make,1
bill,1
railway,1
foreignexchange,1
initially,1
cartels,1
movement,1
averted,1
jesus,1
decisions,1
tends,1
positive,1
authoritarian,1
structural,1
measure,1
andltaly,1
decontrol,1
minfins,1
ogszs,1
zurparlamentarischen,1
collect,1
recipe,1
simultaneous,1
deflated,1
selling,1
housing,1
violence,1
reference,1
meanwhile,1
arrangements,1
opportunities,1
treaty,1
democrats,1
reappoiated,1
rules,1
rife,1
alongside,1
continuity,1
den,1
respoublika,1
reversed,1
fifth,1
assemblies,1
roesler,1
sozirce,1
pensioners,1
us,1
neither,1
favorable,1
stormtroopers,1
unwin,1
acting,1
tackle,1
intemationale,1
transformations,1
assistance,1
professor,1
efforts,1
friedrich,1
largest,1
appeals,1
stabilisation,1
inflatsia,1
weltkrieg,1
boost,1
demobilization,1
avoided,1
useful,1
party,1
balancing,1
constituency,1
starting,1
leader,1
deterred,1
neuordnung,1
stated,1
maier,1
death,1
squeezing,1
addition,1
withholding,1
subnational,1
lobby,1
lacked,1
arbitration,1
gravely,1
inaction,1
idea,1
scheidemann,1
scholars,1
compound,1
appeared,1
versailles,1
abstract,1
choice,1
parteien,1
germans,1
indemnity,1
preferring,1
fallen,1
walther,1
prospects,1
substantially,1
succeeding,1
jump,1
yearbook,1
bility,1
honor,1
eurobond,1
hill,1
forms,1
deflationary,1
clemens,1
agenstvo,1
likelihood,1
chain,1
handed,1
manner,1
where,1
exacerbated,1
continuing,1
developing,1
establish,1
jobs,1
lion,1
krieg,1
strategies,1
coincided,1
unveiled,1
keynesian,1
material,1
dawes,1
agencies,1
norms,1
deep,1
volatile,1
demokratischen,1
wiederaujbau,1
einer,1
burdened,1
socialization,1
ink,1
amounting,1
threats,1
distortions,1
federatsiya,1
convenient,1
ibid,1
lags,1
bgranvil,1
simon,1
mean,1
strengthened,1
extended,1
survive,1
hurriedly,1
background,1
explanation,1
accompanying,1
range,1
unreconstructed,1
formal,1
woe,1
unionization,1
retains,1
discrediting,1
ruling,1
recover,1
medium,1
ageing,1
concern,1
elections,1
enduring,1
expression,1
confidence,1
food,1
sold,1
virtually,1
divergences,1
ust,1
aside,1
commodity,1
actual,1
verteilungsfolgen,1
individuals,1
greatdisorder,1
stay,1
check,1
regions,1
sozialer,1
complicated,1
theories,1
students,1
ofrussian,1
kaspar,1
crises,1
diplomacy,1
remaining,1
reality,1
modem,1
worrying,1
comprehensive,1
reputation,1
soldiers,1
correcting,1
amounts,1
issn,1
weltwirtschaftskrise,1
valorized,1
philipp,1
statisticheskoe,1
summer,1
standby,1
ended,1
tranquility,1
profiteering,1
ritter,1
managerial,1
relevance,1
entscheidungsrahmen,1
permitting,1
presidential,1
voprosii,1
accused,1
communists,1
eberhard,1
comparing,1
maxim,1
inexact,1
matched,1
trying,1
pandora,1
chapel,1
dollars,1
juncture,1
become,1
narrow,1
references,1
greatly,1
respectively,1
exactly,1
britain,1
hjalmar,1
structure,1
james,1
inherit,1
statistik,1
probably,1
looks,1
story,1
northern,1
staff,1
theo,1
reverses,1
connections,1
nomic,1
persuading,1
quarterly,1
professional,1
ovvzs,1
councils,1
hope,1
hedge,1
concluded,1
species,1
decision,1
expropriation,1
culmination,1
increasing,1
discipline,1
openness,1
succumb,1
consists,1
bankruptcies,1
govermment,1
negotiations,1
autumn,1
fueled,1
median,1
gloomy,1
chances,1
wirtschaftspolitischen,1
raise,1
note,1
window,1
fairly,1
phillip,1
bulk,1
usually,1
five,1
kindergartens,1
flowed,1
averse,1
inside,1
habsburg,1
widespread,1
extraparliamentary,1
resumed,1
dec,1
primarily,1
independence,1
exceptional,1
subsidy,1
discounted,1
progressively,1
rational,1
accommodating,1
importantly,1
transformation,1
inadequate,1
anxious,1
linking,1
successor,1
often,1
implementing,1
analysis,1
reshuffle,1
michael,1
baron,1
dead,1
measured,1
beneficiaries,1
event,1
abdication,1
articles,1
eugene,1
paying,1
legitimately,1
pressures,1
definitive,1
matters,1
explicit,1
w,1
sections,1
presidency,1
contained,1
shadow,1
rarely,1
carnegierochester,1
any,1
blocked,1
irreversibility,1
practice,1
senior,1
broke,1
conclusion,1
russians,1
several,1
changing,1
must,1
struck,1
economically,1
damaging,1
pace,1
veimarskaia,1
known,1
summit,1
tanziolivera,1
exacted,1
ltd,1
consensus,1
claims,1
besides,1
text,1
dissipated,1
sums,1
offers,1
alternative,1
napoleonic,1
cover,1
evade,1
reiches,1
ran,1
natural,1
retained,1
tendencies,1
readily,1
halt,1
budgetary,1
gosbank,1
commission,1
seriously,1
connection,1
key,1
resentment,1
gone,1
referees,1
best,1
pragmatic,1
luther,1
abortive,1
regard,1
aand,1
eventually,1
compliance,1
job,1
intro,1
speculation,1
latin,1
fail,1
finns,1
associations,1
jg,1
manoeuvre,1
wirtschaft,1
stamped,1
numerator,1
enlarged,1
disputes,1
quoted,1
works,1
living,1
pushing,1
concrete,1
kontinuitat,1
consisted,1
dismissal,1
averting,1
scholarly,1
what,1
retroactively,1
multilateral,1
undpolitische,1
auctions,1
whether,1
worthwhile,1
stability,1
ones,1
armistice,1
fictitious,1
agricultural,1
attitudes,1
hoped,1
liberalization,1
mere,1
firmly,1
theory,1
ripe,1
ceased,1
unnecessary,1
ersten,1
consisting,1
exemptions,1
allocate,1
illegally,1
pursued,1
secure,1
barely,1
backing,1
precedent,1
suggests,1
phenomena,1
incomes,1
einzelveriffentlichungen,1
federative,1
fraction,1
urban,1
des,1
popular,1
socioeconomic,1
marking,1
bodies,1
circumstances,1
preserved,1
andrea,1
economist,1
commissioner,1
fatally,1
extricate,1
peace,1
met,1
conclude,1
plummeted,1
perspektive,1
rampant,1
giving,1
buy,1
bourgeois,1
subject,1
plans,1
traditional,1
returning,1
assassinated,1
oil,1
programs,1
obtain,1
results,1
found,1
exceptionally,1
exploit,1
coming,1
sparked,1
iraq,1
resource,1
prepared,1
analogy,1
susceptible,1
additional,1
degruyter,1
producer,1
suhrkamp,1
obliged,1
ulrich,1
breaks,1
north,1
unable,1
likelier,1
vietnam,1
solely,1
lands,1
disposal,1
boosted,1
exerted,1
piecemeal,1
trap,1
dangerous,1
parallels,1
redistributional,1
joined,1
approximately,1
grown,1
approves,1
enabling,1
protofascist,1
defined,1
off,1
programme,1
socialism,1
extremely,1
remains,1
association,1
peacetime,1
campaign,1
indices,1
brunt,1
anonymous,1
offered,1
supported,1
barry,1
removed,1
distorting,1
shrank,1
politische,1
scholarship,1
chechnya,1
enterprise,1
create,1
beitraige,1
fears,1
civilian,1
maximum,1
substantial,1
editedby,1
grab,1
persuaded,1
karsten,1
whichever,1
duction,1
immediately,1
among,1
observed,1
discounting,1
should,1
jurgen,1
wahrend,1
hans,1
cited,1
costly,1
