WORDCOUNTS,WEIGHT
the,1291
of,642
and,453
in,431
to,344
tax,223
a,215
was,153
were,141
ottoman,132
for,128
that,120
as,119
farms,106
by,97
from,94
fiscal,89
century,86
this,80
on,78
france,78
company,70
not,68
with,67
empire,66
institutions,66
farmers,63
is,60
french,59
general,58
their,57
system,55
see,55
no,52
contracts,52
during,50
p,48
it,47
we,45
which,44
at,43
s,43
an,43
farm,43
institutional,41
rights,40
capital,39
de,39
pp,39
eighteenth,39
had,38
more,37
crown,37
between,36
there,35
economic,35
seventeenth,35
johnson,35
history,34
king,33
these,33
farming,33
property,33
its,32
crisis,32
one,30
than,30
his,30
evolution,30
could,29
change,28
large,27
after,27
through,27
they,26
state,26
did,26
collectors,26
be,26
early,26
journal,25
are,25
revenues,24
legal,24
taxes,24
percent,24
or,24
many,24
over,24
debt,23
but,23
islamic,23
into,22
first,22
all,22
war,22
lease,22
data,22
costs,22
two,22
such,21
sultan,21
public,21
also,21
would,21
çizakça,21
modern,20
political,20
however,20
when,20
law,20
paris,20
life,20
both,20
have,20
balla,20
increased,19
europe,18
example,18
contrast,18
ancien,18
social,18
financial,18
period,18
figure,18
role,18
east,17
constraint,17
l,17
university,17
et,17
end,17
régime,17
who,17
them,17
middle,17
grant,17
military,16
how,16
waqf,16
kuran,16
each,16
cost,15
about,15
finance,15
shares,15
corporate,14
able,14
government,14
farmer,14
out,14
sixteenth,14
collection,14
press,14
comparative,14
same,14
investors,14
new,14
number,14
inalcik,14
des,14
d,14
much,14
group,13
western,13
different,13
those,13
organization,13
towards,13
corporation,13
under,13
been,13
why,13
agents,13
partnerships,13
sultans,12
half,12
finances,12
members,12
revenue,12
cambridge,12
louis,12
quataert,12
any,12
control,12
years,12
duration,12
north,12
faced,11
coalition,11
within,11
relatively,11
similar,11
most,11
came,11
because,11
part,11
he,11
limited,11
only,11
existing,11
private,11
rulers,11
increase,11
significant,11
individual,11
la,11
often,11
then,11
form,11
contract,11
sources,10
j,10
vol,10
thus,10
amount,10
les,10
used,10
least,10
revolution,10
absence,10
enough,10
made,10
real,10
allowed,10
economy,10
livres,10
intended,10
our,10
ownership,10
given,10
royal,9
emerged,9
some,9
point,9
against,9
ability,9
response,9
reforms,9
year,9
using,9
led,9
religious,9
counterparts,9
islam,9
sector,9
do,9
less,9
pamuk,9
budget,9
collected,9
banking,9
financiers,9
european,9
colbert,9
countries,9
known,9
beginning,9
became,9
c,9
if,8
before,8
salzmann,8
uncertain,8
laws,8
even,8
société,8
greater,8
result,8
muslim,8
fermes,8
prices,8
small,8
credible,8
single,8
liability,8
rise,8
fact,8
time,8
pooling,8
spending,8
dessert,8
actual,8
individuals,8
three,8
so,8
played,8
payment,8
effect,8
lending,8
what,8
transaction,8
invested,8
ultimately,8
regime,8
pool,8
creation,7
other,7
price,7
forced,7
deficits,7
bonney,7
personhood,7
partnership,7
reform,7
jewish,7
failure,7
value,7
monarchy,7
second,7
separation,7
service,7
collect,7
yet,7
muslims,7
amounts,7
centuries,7
punishments,7
very,7
person,7
timar,7
velde,7
cash,7
au,7
until,7
istanbul,7
evidence,7
costly,7
way,6
jews,6
tied,6
source,6
lower,6
consistent,6
long,6
interests,6
e,6
vital,6
lavoisier,6
development,6
since,6
interest,6
pay,6
siècle,6
funds,6
loans,6
r,6
flexibility,6
numbers,6
too,6
leases,6
four,6
important,6
ottomans,6
whereas,6
hands,6
stock,6
absolute,6
explain,6
iltizam,6
wheat,6
sense,6
homogenous,6
le,6
family,6
competitive,6
society,6
various,6
holders,6
xviiie,6
largest,6
payments,6
fundamental,6
upon,6
trust,6
crises,6
authors,6
held,6
like,6
éd,6
aides,6
changing,6
appendix,6
auctions,6
extent,6
while,6
administration,6
simply,6
went,6
world,6
argument,6
difference,6
rosenthal,6
consolidated,6
debate,6
should,6
does,5
common,5
separated,5
market,5
church,5
antoine,5
studies,5
holding,5
credibly,5
either,5
decentralization,5
histoire,5
politics,5
west,5
run,5
issued,5
oxford,5
effective,5
rates,5
may,5
higher,5
rather,5
growth,5
developed,5
organizing,5
provinces,5
old,5
wages,5
constrain,5
footnote,5
tradable,5
emerge,5
big,5
literature,5
already,5
concept,5
significantly,5
kings,5
t,5
order,5
core,5
up,5
paid,5
action,5
sous,5
ten,5
edited,5
security,5
borrowed,5
inheritance,5
business,5
forms,5
use,5
high,5
thomas,5
exchange,5
systems,5
xvi,5
relative,5
relationship,5
raise,5
continued,5
get,5
share,5
contained,5
associated,5
quickly,5
argue,5
historical,5
credit,5
weingast,5
question,5
waqfs,5
instead,5
sur,5
uncertainty,5
among,5
major,5
archives,4
decentralized,4
estimated,4
groups,4
created,4
commitment,4
credibility,4
dissolution,4
likely,4
douglass,4
argent,4
policy,4
du,4
negative,4
durand,4
broken,4
great,4
reasons,4
court,4
raised,4
robert,4
customs,4
primary,4
capable,4
taxation,4
prédation,4
guarantors,4
withhold,4
behavior,4
controlled,4
central,4
million,4
throughout,4
review,4
differential,4
noel,4
american,4
tournois,4
served,4
loan,4
en,4
borrowing,4
mean,4
mémoires,4
grew,4
certain,4
direct,4
billets,4
clergy,4
emergence,4
just,4
threat,4
powerful,4
guarantee,4
david,4
forceville,4
path,4
economics,4
governing,4
initial,4
coalitions,4
markets,4
transactions,4
annales,4
population,4
française,4
companies,4
xiv,4
well,4
provincial,4
future,4
liable,4
incremental,4
collective,4
people,4
noted,4
regions,4
fermiers,4
eliana,4
below,4
protect,4
christians,4
separate,4
actions,4
power,4
demand,4
sargent,4
converted,4
still,4
feydeau,4
organizations,4
name,4
death,4
longer,4
lobby,4
pressure,4
larger,4
diverse,4
minister,4
took,4
hand,4
necessary,4
eds,4
deficit,4
ibid,4
another,4
local,4
investment,4
bail,4
full,4
raising,4
previous,4
trade,4
especially,4
janissary,4
article,4
salt,4
overcome,4
justice,4
increasing,4
things,4
christian,4
usually,4
un,4
wars,4
following,4
series,4
circumstances,4
extensive,4
constituted,4
organizational,4
bayard,4
set,4
country,4
paper,4
worth,4
india,4
money,4
chambre,4
gerber,4
particular,4
thirty,4
size,4
step,4
treasury,4
commercial,4
jacques,4
course,4
typically,4
françois,4
unified,4
states,4
comparison,4
observation,4
chicago,4
courts,3
rate,3
later,3
prix,3
alone,3
per,3
authority,3
federal,3
westernization,3
halil,3
total,3
being,3
anticipations,3
attempts,3
england,3
differences,3
link,3
timur,3
m,3
cie,3
investigations,3
decreased,3
similarities,3
epstein,3
auction,3
gabelles,3
dutch,3
far,3
owners,3
along,3
prevented,3
explained,3
demanded,3
logic,3
heterogeneity,3
sample,3
privilege,3
six,3
scott,3
twice,3
journet,3
xviie,3
incentives,3
york,3
clamageran,3
without,3
dictionnaire,3
cartel,3
risk,3
earlier,3
flexible,3
à,3
oeuvres,3
white,3
signed,3
established,3
consolidate,3
sum,3
monde,3
prevent,3
origins,3
followed,3
consequence,3
problems,3
pierre,3
adapting,3
providing,3
view,3
assets,3
acting,3
marion,3
called,3
shared,3
intermediary,3
base,3
punishment,3
late,3
circulation,3
nineteenth,3
indirect,3
default,3
meet,3
wealth,3
required,3
christianity,3
having,3
revoking,3
egalitarian,3
claim,3
brought,3
story,3
discusses,3
reserve,3
overview,3
fail,3
own,3
macroeconomic,3
officials,3
thirteenth,3
working,3
bank,3
involved,3
several,3
autonomy,3
sufficient,3
governments,3
universities,3
majority,3
maddison,3
estates,3
ormesson,3
will,3
siècles,3
meuvret,3
manipulate,3
community,3
above,3
make,3
initially,3
hoffman,3
innovation,3
guarantor,3
fighting,3
once,3
restricted,3
compiled,3
participants,3
organize,3
successfully,3
paul,3
habsburgs,3
again,3
others,3
punish,3
addition,3
experienced,3
shows,3
head,3
across,3
ruler,3
never,3
ôzmucur,3
croupiers,3
present,3
corps,3
free,3
process,3
matthews,3
including,3
emphasize,3
robinson,3
trend,3
services,3
weir,3
started,3
features,3
paths,3
kept,3
facing,3
çevket,3
today,3
bureaucrats,3
foreign,3
success,3
seen,3
force,3
began,3
legitimacy,3
acemoglu,3
composed,3
education,3
articles,3
potter,3
thousand,3
receipts,3
cover,3
forty,3
delahante,3
natural,3
lenders,3
steven,3
expenditures,3
particularly,3
baulant,3
constant,3
reflected,3
living,3
options,3
better,3
bien,3
making,3
nascent,3
information,3
incomes,3
multiple,3
bids,3
acte,3
famille,3
subject,3
come,3
formation,3
unable,3
include,3
although,3
off,3
association,3
barry,3
lamoreaux,3
themselves,3
create,3
premature,3
darling,3
mémoire,2
bernard,2
now,2
hub,2
revue,2
stood,2
resulted,2
ran,2
disregard,2
cizye,2
ample,2
rogers,2
curricula,2
persistence,2
armenians,2
position,2
fixed,2
necessarily,2
pose,2
unlike,2
charitable,2
edu,2
women,2
signée,2
gap,2
provision,2
wrong,2
collusion,2
revisited,2
fifteenth,2
give,2
chaos,2
vols,2
might,2
investments,2
words,2
dramatically,2
withholding,2
secondary,2
thank,2
indeed,2
sectors,2
gomel,2
deemed,2
i,2
help,2
last,2
daniel,2
stopped,2
attempted,2
seminar,2
adjudicataire,2
british,2
case,2
issue,2
esham,2
existence,2
eastern,2
taille,2
firm,2
discuss,2
right,2
changed,2
intermediaries,2
anticipation,2
activity,2
alter,2
move,2
obvious,2
allen,2
issuance,2
endnote,2
heumann,2
sent,2
holder,2
engage,2
surplus,2
barkey,2
agreement,2
pursue,2
soldiers,2
backgrounds,2
auctioned,2
safe,2
decided,2
pasha,2
cases,2
nor,2
constitutions,2
decrusy,2
legally,2
concerning,2
metin,2
allowing,2
deceased,2
espèces,2
acknowledge,2
offices,2
sixteen,2
recognized,2
genoese,2
act,2
performance,2
ways,2
main,2
stop,2
roi,2
nominal,2
influential,2
jourdan,2
swept,2
notion,2
arrangements,2
transferable,2
lasted,2
importance,2
njohnsol,2
kile,2
means,2
reason,2
bad,2
ensure,2
greeks,2
imposing,2
clearly,2
tying,2
reconstituted,2
god,2
argued,2
frequently,2
additional,2
efficient,2
madame,2
overcame,2
imprimerie,2
caesar,2
decades,2
constitution,2
fanners,2
root,2
lead,2
societies,2
wailly,2
found,2
sokoloff,2
richmond,2
seven,2
deal,2
near,2
brill,2
extracting,2
further,2
heirs,2
equal,2
third,2
block,2
impôts,2
constraining,2
scale,2
sadat,2
equals,2
nothing,2
method,2
aleppo,2
possibility,2
eliminate,2
commitments,2
kg,2
basis,2
gains,2
work,2
received,2
nine,2
protected,2
london,2
purpose,2
related,2
description,2
rubin,2
gave,2
consistently,2
intermediate,2
place,2
compagnia,2
records,2
officers,2
actually,2
participated,2
différentes,2
personal,2
away,2
surrounding,2
achieving,2
class,2
ali,2
sampled,2
manipulation,2
good,2
solution,2
successful,2
caused,2
venal,2
suggest,2
frères,2
trading,2
consolidation,2
lords,2
acted,2
specifically,2
around,2
highly,2
grow,2
certainly,2
dramatic,2
thereby,2
surgy,2
philip,2
budgets,2
fully,2
managed,2
tracks,2
genoa,2
bandits,2
moved,2
aggregate,2
activities,2
guillaumin,2
f,2
portion,2
outside,2
critical,2
therefore,2
nonmuslims,2
matter,2
protecting,2
mollien,2
leased,2
miceli,2
return,2
wait,2
transition,2
nearly,2
constraints,2
technically,2
currency,2
direction,2
competitiveness,2
unintended,2
rumeli,2
vs,2
rules,2
paradox,2
evolved,2
technology,2
formally,2
neither,2
une,2
shock,2
cosgel,2
choices,2
generally,2
baltimore,2
department,2
secretaires,2
increasingly,2
unifying,2
investor,2
commenda,2
starting,2
lewis,2
unlimited,2
available,2
printing,2
pouvoir,2
treatment,2
yanina,2
madrasas,2
agree,2
appeared,2
gmu,2
together,2
really,2
classical,2
considerable,2
renegotiation,2
increases,2
thousands,2
manner,2
developing,2
competitors,2
contracted,2
isambert,2
council,2
explicit,2
riley,2
spoke,2
aux,2
wartime,2
perhaps,2
installments,2
centralization,2
remained,2
wheatcroft,2
entity,2
fundamentally,2
greatest,2
extended,2
averaged,2
lost,2
examples,2
birth,2
easier,2
explanation,2
arose,2
tickets,2
previously,2
encouraged,2
traded,2
stakeholders,2
sold,2
caisses,2
fourteenth,2
engaging,2
briggs,2
ethnic,2
trials,2
office,2
minimize,2
low,2
malikane,2
accounted,2
dominated,2
times,2
ny,2
losing,2
standard,2
men,2
decide,2
behind,2
trying,2
employees,2
james,2
bal,2
figures,2
sales,2
versus,2
defaulting,2
monarchie,2
expropriation,2
commandite,2
dealing,2
recueil,2
imply,2
belonged,2
note,2
residual,2
george,2
provide,2
five,2
arabia,2
fewer,2
ordinary,2
slow,2
predatory,2
strongly,2
effectively,2
salaries,2
threaten,2
transformation,2
indicate,2
emphasizes,2
owed,2
insecurity,2
responsible,2
ministre,2
existed,2
united,2
table,2
pressures,2
earliest,2
duties,2
authorities,2
punished,2
rarely,2
eventually,2
stasavage,2
bean,2
prohibited,2
lessons,2
comes,2
roux,2
nationale,2
grand,2
ever,2
bossenga,2
specific,2
borrow,2
territories,2
turgot,2
alternative,2
murât,2
nationales,2
priceless,2
interested,2
innovations,2
down,2
subcontract,2
wealthy,2
regard,2
returns,2
twelfth,2
goods,2
cities,2
works,2
growing,2
regulations,2
game,2
succeeded,2
jean,2
capita,2
janissaries,2
idem,2
terms,2
imposed,2
rousselot,2
theory,2
problem,2
always,2
collector,2
secure,2
constitutional,2
umma,2
almost,2
emphasis,2
amass,2
urban,2
contain,2
freedom,2
porta,2
severely,2
met,2
introduced,2
city,2
prevalent,2
buy,2
traditional,2
assassinated,2
confronted,2
colonial,2
varied,2
economie,2
obliged,2
conducive,2
enforcement,2
lands,2
observed,2
national,2
contributed,2
disagree,2
land,2
smaller,2
regular,2
reprints,2
anonymous,2
needs,2
quran,2
restored,2
securities,2
engerman,2
traitant,2
tribes,2
liquid,2
reached,2
obligation,2
contrasting,2
enterprise,2
bounds,2
entire,2
develop,2
immediately,2
networks,2
successive,2
occur,2
grants,2
difficult,1
democracy,1
unpaid,1
go,1
margins,1
picard,1
currently,1
o,1
done,1
grosses,1
obligations,1
cinq,1
forschungen,1
concerned,1
obey,1
ols,1
names,1
shortterm,1
akçes,1
angus,1
edouard,1
facto,1
concern,1
represent,1
librairie,1
insulated,1
affected,1
fayard,1
interventions,1
struggled,1
determine,1
presses,1
implies,1
empirical,1
manitoba,1
eliminated,1
flammarion,1
succession,1
endowments,1
huri,1
germany,1
lapsed,1
expect,1
conducted,1
complex,1
partially,1
mounted,1
instructions,1
confidence,1
judicious,1
multifaceted,1
essays,1
designed,1
murat,1
join,1
linkages,1
complexe,1
absolutist,1
english,1
liabilities,1
completely,1
outbidding,1
inconsistent,1
specified,1
nl,1
fault,1
favor,1
install,1
trace,1
contractor,1
virtually,1
title,1
laid,1
unincorporated,1
cornell,1
kefils,1
ducat,1
induced,1
arguing,1
sanjay,1
nice,1
territorial,1
chief,1
diversity,1
rome,1
debased,1
themes,1
disturbances,1
brutal,1
highlight,1
gail,1
member,1
anything,1
inhibited,1
aside,1
esc,1
explaining,1
www,1
failing,1
barriers,1
titles,1
every,1
venice,1
contractually,1
upholding,1
posed,1
suleyman,1
tamper,1
fronde,1
ii,1
fund,1
taken,1
adjudication,1
royaume,1
immobilize,1
address,1
rapid,1
elusive,1
brien,1
vishny,1
progression,1
degree,1
purchaser,1
ourselves,1
active,1
asia,1
editions,1
altering,1
troops,1
shaped,1
principles,1
leiden,1
pull,1
route,1
agrarian,1
belong,1
broadly,1
hertzel,1
suggesting,1
governed,1
representative,1
generalize,1
philibert,1
momentum,1
naissance,1
setiers,1
list,1
accumulated,1
potentially,1
rich,1
officeholders,1
xxi,1
xiii,1
closer,1
hundred,1
composition,1
ssrn,1
religion,1
take,1
rafael,1
defused,1
date,1
manipulating,1
typical,1
greatly,1
fait,1
giorgio,1
remainder,1
henry,1
regression,1
reserved,1
access,1
généraux,1
complicated,1
ruined,1
diversify,1
fazzari,1
solved,1
checked,1
dd,1
administered,1
dissolved,1
threshold,1
context,1
violating,1
explosive,1
partners,1
side,1
acknowledged,1
sophisticated,1
adrian,1
westview,1
autonomous,1
stretched,1
historians,1
referee,1
draws,1
adopts,1
motion,1
matthew,1
sought,1
bases,1
mass,1
societas,1
chapter,1
financing,1
placement,1
italian,1
possible,1
determined,1
marked,1
outlying,1
cooperation,1
forbidden,1
illustrate,1
chartered,1
establishing,1
contractual,1
october,1
eleven,1
measuring,1
overlooking,1
occurring,1
variations,1
say,1
reflecting,1
cited,1
ottomanists,1
literal,1
compares,1
constrained,1
himself,1
ophrys,1
financed,1
bruxelles,1
général,1
sign,1
sheltered,1
caratf,1
crystallized,1
doctors,1
karen,1
succeed,1
winning,1
punishing,1
hinrichs,1
andrew,1
kiiçuk,1
mudaraba,1
état,1
merchants,1
anciennes,1
redeemed,1
inner,1
definitely,1
professor,1
illustrates,1
due,1
resembling,1
inflation,1
september,1
sociale,1
author,1
peter,1
exiled,1
employee,1
céréales,1
center,1
mixed,1
establishments,1
honest,1
ancient,1
afford,1
confiscations,1
highlighting,1
financière,1
forbade,1
reproduced,1
codified,1
align,1
issn,1
lzl,1
kind,1
ai,1
priority,1
turn,1
estimates,1
hold,1
rank,1
natalis,1
par,1
relations,1
curiously,1
underlying,1
footnotes,1
vom,1
veron,1
taxpayers,1
convincing,1
profound,1
back,1
body,1
ithaca,1
serving,1
http,1
restrict,1
twelve,1
constables,1
reference,1
egypt,1
fines,1
characterized,1
left,1
estimate,1
certificates,1
comité,1
find,1
contemporaneously,1
cautions,1
urbanités,1
consequently,1
instruments,1
preserving,1
guéry,1
details,1
secular,1
stagnation,1
ordres,1
william,1
micheline,1
recherches,1
billion,1
renege,1
hardly,1
generation,1
weakness,1
influence,1
adjust,1
stanley,1
lastly,1
error,1
etat,1
virtual,1
incentive,1
selectively,1
fairfax,1
economique,1
failed,1
assessed,1
operation,1
opposed,1
poor,1
parity,1
jannissary,1
profoundly,1
enhancing,1
manipulated,1
whose,1
reflects,1
manager,1
teaching,1
rousseau,1
expected,1
bring,1
navalis,1
arising,1
ruptured,1
generations,1
adapt,1
sort,1
basic,1
levels,1
doctrine,1
bore,1
calculation,1
avner,1
convicted,1
precluded,1
georges,1
preachers,1
represented,1
adopted,1
goes,1
granted,1
proportion,1
connected,1
ex,1
developments,1
kiser,1
thing,1
arrears,1
leave,1
inhibitive,1
derived,1
cleverer,1
parts,1
keeper,1
pages,1
signatures,1
special,1
study,1
emergency,1
lay,1
read,1
feel,1
von,1
selim,1
consequences,1
factors,1
risks,1
intrinsic,1
unchanging,1
involvement,1
endogenously,1
empires,1
changes,1
franzosischen,1
maintaining,1
facilitated,1
consider,1
capitalization,1
benefits,1
specialization,1
edict,1
organized,1
mistakes,1
coefficients,1
liberal,1
driven,1
threatening,1
n,1
impact,1
venetian,1
weak,1
quarters,1
accumulating,1
raoul,1
age,1
resorted,1
show,1
ministers,1
renegotiations,1
riverside,1
lkile,1
tried,1
follow,1
statement,1
readings,1
shed,1
annually,1
undertaken,1
stark,1
monarch,1
defaulted,1
leverage,1
solve,1
shifted,1
pious,1
genève,1
dominant,1
pompadour,1
helped,1
comeback,1
flow,1
opinion,1
strategy,1
protestant,1
cut,1
motika,1
secrétaire,1
bureaucracy,1
friends,1
holdings,1
treasurer,1
expressed,1
standards,1
ou,1
closely,1
based,1
dyeing,1
whom,1
identifying,1
columbia,1
sensing,1
sooner,1
affordable,1
declined,1
fortunes,1
heim,1
entered,1
félix,1
debasing,1
patrick,1
alejandra,1
ayari,1
demands,1
postelvinay,1
mythe,1
infrequent,1
pass,1
monitoring,1
carolina,1
endogeneously,1
equivalents,1
implemented,1
culture,1
respects,1
absolutism,1
kinship,1
mandated,1
furthermore,1
pointing,1
italians,1
agreements,1
prohibit,1
viewed,1
recently,1
purchased,1
striking,1
outstanding,1
record,1
cavalrymen,1
instrumental,1
availability,1
necessities,1
wide,1
negotiated,1
feuded,1
règne,1
balance,1
marie,1
affair,1
silver,1
technical,1
comandite,1
undermined,1
exert,1
herzog,1
advisor,1
none,1
points,1
degrees,1
closed,1
shopkeepers,1
planning,1
douglas,1
scope,1
implication,1
selfgoverning,1
decimate,1
instituted,1
coçgel,1
subtler,1
unless,1
prominent,1
intermarried,1
stake,1
civil,1
knowledge,1
publiés,1
reduction,1
nation,1
irish,1
flourish,1
though,1
surprise,1
bible,1
uc,1
milgrom,1
has,1
policies,1
easiest,1
constitute,1
magne,1
astutely,1
whims,1
thereafter,1
bankrupt,1
binding,1
deena,1
call,1
musketeers,1
ursinus,1
regional,1
haven,1
believes,1
anticipating,1
bidding,1
bid,1
project,1
manage,1
won,1
breakdown,1
graph,1
connections,1
trends,1
ucla,1
rug,1
encounters,1
dissolving,1
errors,1
violated,1
handedly,1
hungary,1
aided,1
signing,1
pick,1
creating,1
optimal,1
commerce,1
viable,1
heidelberger,1
level,1
lowest,1
adherents,1
debts,1
next,1
lois,1
catholic,1
arabic,1
royale,1
rutgers,1
owned,1
sharp,1
emerging,1
ariel,1
contingency,1
spanish,1
eco,1
ignore,1
disunity,1
driving,1
few,1
june,1
issuing,1
ship,1
yves,1
executed,1
fired,1
overseeing,1
insulate,1
research,1
crédit,1
decline,1
vacuum,1
distinguished,1
prompted,1
historicalstatistics,1
renegotiated,1
corporations,1
yielded,1
dedicated,1
parliament,1
inflexibility,1
struck,1
orthodox,1
coordinate,1
prend,1
muftis,1
dependent,1
ozmucur,1
results,1
roots,1
gilles,1
notes,1
excise,1
feasible,1
provided,1
flour,1
reducing,1
françoise,1
ferme,1
periods,1
appeal,1
prescribed,1
inspection,1
south,1
void,1
delve,1
orientverlag,1
affaire,1
cramer,1
poland,1
san,1
republic,1
situation,1
reduced,1
duty,1
variety,1
elimination,1
contact,1
summarize,1
publishers,1
bringing,1
fell,1
unification,1
divergence,1
wrote,1
gradual,1
reinstated,1
expansion,1
insiders,1
gremp,1
revolt,1
forward,1
alcan,1
terray,1
founding,1
egyptian,1
cared,1
lex,1
tailles,1
grande,1
clemont,1
bankers,1
experiences,1
standing,1
sending,1
tenures,1
territory,1
shahid,1
va,1
xvie,1
forecast,1
percentage,1
legality,1
confronting,1
robin,1
contributing,1
foot,1
edgar,1
widows,1
interpretation,1
fascinating,1
colleges,1
forbonnais,1
treaty,1
underdevelopment,1
kaynarca,1
mercatoria,1
creditors,1
happened,1
serve,1
shleifer,1
empereur,1
entitled,1
kk,1
upwards,1
us,1
saint,1
thesis,1
wrest,1
management,1
merchant,1
earned,1
symptomatic,1
included,1
adjusted,1
informal,1
perspectives,1
light,1
malleable,1
assistance,1
complete,1
lord,1
ed,1
onefifth,1
repercussions,1
medici,1
teachings,1
iranian,1
al,1
chalabi,1
robust,1
excellence,1
thorn,1
illustrated,1
reports,1
armenian,1
enforce,1
enterprises,1
avoided,1
picture,1
technicalities,1
rigidities,1
useful,1
chose,1
administrators,1
guery,1
routes,1
street,1
transylvania,1
suit,1
eighteenthcentury,1
abrogated,1
upset,1
stated,1
broadened,1
kenneth,1
mark,1
similarly,1
chaps,1
notables,1
historien,1
scholars,1
lacked,1
lack,1
coincidence,1
cycle,1
blocks,1
bourgeoisie,1
advantage,1
scottish,1
wine,1
fleeing,1
essence,1
attempting,1
choice,1
teachers,1
roughshod,1
maneuver,1
enable,1
manifested,1
incorporation,1
venture,1
golden,1
charges,1
nuclear,1
muhammad,1
uprisings,1
removal,1
anne,1
simple,1
christoph,1
subrahmanyam,1
hill,1
kick,1
ages,1
debasement,1
merge,1
likelihood,1
geography,1
privatization,1
xvif,1
operating,1
model,1
discussing,1
exacerbated,1
revolts,1
kadis,1
ensured,1
income,1
relevant,1
vulnerable,1
michael,1
roland,1
sevpen,1
disorganized,1
slice,1
practice,1
ahead,1
morocco,1
gdp,1
immobilization,1
books,1
governance,1
sell,1
guarantees,1
threats,1
gives,1
explicitly,1
remarkably,1
perspectiven,1
smallest,1
outlines,1
doubled,1
published,1
original,1
mills,1
simon,1
meetings,1
interrelated,1
understanding,1
bond,1
collecting,1
waqfwere,1
vast,1
divided,1
churches,1
incidence,1
atlantic,1
turkey,1
restrictions,1
treated,1
preferential,1
secrétaires,1
range,1
implicated,1
bear,1
values,1
regain,1
formal,1
depended,1
feeding,1
pion,1
sufficiently,1
proved,1
ruling,1
unfortunately,1
religiously,1
lettres,1
operated,1
factor,1
blocking,1
assume,1
trésor,1
royally,1
overcoming,1
submitted,1
jusqu,1
engaged,1
persistent,1
examination,1
baptiste,1
eleventh,1
shortly,1
california,1
impôt,1
described,1
monetary,1
xv,1
explorations,1
meanings,1
clear,1
jared,1
enlargement,1
heidelberg,1
reality,1
étranger,1
modem,1
b,1
assignment,1
daron,1
reap,1
yields,1
interpret,1
co,1
serious,1
external,1
balanced,1
mines,1
distinction,1
obtained,1
ended,1
administrative,1
spirits,1
traction,1
ayanlari,1
expired,1
stagnating,1
margin,1
internal,1
primogeniture,1
methods,1
chapel,1
impériale,1
implementing,1
references,1
respectively,1
propos,1
exactly,1
britain,1
sacred,1
attendant,1
can,1
unto,1
departmental,1
extravagance,1
claiming,1
universitaires,1
artisans,1
probably,1
purging,1
directs,1
differ,1
revolted,1
italy,1
equivalent,1
dividing,1
prohibitive,1
retracted,1
principalement,1
institution,1
industrialization,1
joint,1
caution,1
adaptive,1
quarter,1
anatolia,1
fee,1
opposite,1
monnaie,1
prescient,1
division,1
économie,1
depuis,1
performing,1
product,1
unfolded,1
limiting,1
implicitly,1
scandalized,1
lived,1
crete,1
isnie,1
where,1
penguin,1
assigned,1
aid,1
circle,1
me,1
dual,1
chances,1
africa,1
she,1
evolve,1
forego,1
variorum,1
bulk,1
sometimes,1
continue,1
linda,1
vezier,1
ministry,1
privilèges,1
vague,1
lobbies,1
images,1
kine,1
lines,1
deteriorating,1
primarily,1
bonds,1
beneficiary,1
army,1
collections,1
render,1
proposition,1
suggestions,1
septembre,1
length,1
tott,1
boulder,1
efficiency,1
analysis,1
rouen,1
tahazade,1
directives,1
collateral,1
coordination,1
types,1
exists,1
prager,1
itself,1
tantamount,1
punisher,1
rider,1
florencio,1
eugene,1
coalesce,1
premier,1
coincided,1
guillotine,1
joseph,1
seat,1
regularly,1
detail,1
founders,1
claims,1
dissertation,1
assistant,1
historique,1
meant,1
resonates,1
shadow,1
venality,1
fifteen,1
mathias,1
worsened,1
xls,1
meted,1
version,1
homogeneity,1
deep,1
founded,1
greif,1
geographic,1
enumerates,1
damaging,1
profits,1
continues,1
implied,1
marcel,1
constructed,1
entry,1
salonica,1
trapped,1
md,1
offers,1
here,1
sustained,1
napoleonic,1
know,1
defining,1
respecting,1
supposed,1
partner,1
introducing,1
illuminate,1
clifford,1
environment,1
guaranteed,1
mousnier,1
nobility,1
attribute,1
operas,1
lawyers,1
branches,1
key,1
believe,1
referees,1
caen,1
best,1
leaders,1
straightforward,1
slowly,1
entrenched,1
dues,1
guild,1
current,1
assignments,1
ratification,1
paved,1
post,1
iii,1
andrei,1
osman,1
linked,1
trusts,1
perfectly,1
rely,1
equilibrium,1
written,1
benefit,1
build,1
differed,1
going,1
allocation,1
enlarged,1
pour,1
necessitating,1
renegotiate,1
type,1
senate,1
ideally,1
ticket,1
researching,1
didn,1
according,1
hall,1
unlikely,1
pooled,1
catastrophic,1
combined,1
investigation,1
meticulous,1
gradually,1
bursa,1
ones,1
accounts,1
français,1
despite,1
forcefully,1
mere,1
madrasa,1
tightly,1
inscriptions,1
predate,1
revoke,1
foundations,1
allocate,1
illegally,1
precursor,1
pursued,1
rationality,1
agreed,1
suggests,1
guignet,1
upper,1
livre,1
traites,1
controller,1
popular,1
lefèvre,1
zimmis,1
basle,1
bodies,1
bought,1
presented,1
mercantile,1
org,1
son,1
must,1
economist,1
code,1
recognition,1
utilisation,1
edwards,1
lifetime,1
kin,1
beach,1
altogether,1
commandites,1
joining,1
content,1
intermediating,1
participant,1
privatized,1
yearly,1
easy,1
monarchs,1
unleash,1
bourgeois,1
durable,1
impose,1
undermining,1
returning,1
oligarchic,1
rationale,1
contribute,1
alain,1
adrien,1
resistance,1
arguments,1
protestants,1
farmed,1
discussion,1
trigger,1
officially,1
families,1
clients,1
devolution,1
und,1
writing,1
iu,1
lille,1
sociétés,1
survival,1
revoked,1
youth,1
annuities,1
generate,1
trusted,1
établissement,1
donald,1
après,1
decrease,1
amenable,1
subcontractors,1
ushered,1
conditions,1
ebrahim,1
boosted,1
jew,1
seignorage,1
finally,1
naomi,1
hurt,1
completed,1
joined,1
actively,1
richard,1
mandates,1
malet,1
considérations,1
need,1
confiscated,1
études,1
conseil,1
levy,1
grimaux,1
maritime,1
gôottingen,1
stockholders,1
asked,1
conquered,1
palace,1
effects,1
ukraine,1
upfront,1
defined,1
mints,1
forming,1
tobacco,1
area,1
measured,1
droit,1
remains,1
imprimiere,1
impacted,1
deductions,1
dissent,1
offered,1
supported,1
msn,1
potential,1
substitute,1
sharva,1
rest,1
albanian,1
combination,1
mason,1
frb,1
russia,1
elites,1
plomteux,1
charged,1
era,1
minors,1
views,1
asymmetry,1
substantial,1
exclusively,1
abroad,1
hamid,1
académie,1
strong,1
seek,1
comparable,1
whenever,1
resist,1
famous,1
hilton,1
broader,1
meeting,1
southeastern,1
built,1
showed,1
conception,1
close,1
outlawed,1
invention,1
hypothesis,1
