WORDCOUNTS,WEIGHT
the,1083
of,531
in,384
and,342
state,321
to,278
insurance,264
a,224
that,146
workers,144
compensation,133
was,111
for,107
s,107
fund,98
by,79
labor,76
ohio,76
from,74
on,72
minnesota,69
washington,69
employers,62
were,57
political,53
their,52
house,52
monopoly,50
with,48
bill,46
progressive,44
senate,44
states,44
pp,41
as,41
private,40
we,40
an,37
be,37
had,36
at,35
they,35
insurers,35
report,35
variables,34
legislature,34
p,33
is,33
no,32
have,32
over,32
one,31
because,30
law,30
other,30
not,29
both,29
it,28
union,28
power,28
which,28
would,28
but,27
are,27
federation,26
interests,26
funds,26
probability,26
companies,25
or,25
see,25
each,25
interest,24
fishback,24
liability,24
accident,24
commission,24
kantor,24
legislative,23
groups,22
economic,22
party,22
analysis,22
shift,22
adoption,21
all,21
workmen,21
legislation,21
when,21
who,21
variable,21
historical,21
early,21
committee,20
percentage,20
first,19
court,19
could,19
vote,19
this,19
majority,19
adopted,18
percent,18
republican,18
two,18
if,17
coalition,17
issue,17
industries,17
support,17
probit,17
without,17
only,17
members,17
new,17
seattle,17
system,16
its,16
league,16
change,16
after,16
against,15
premiums,15
means,15
these,15
reform,15
decision,15
did,15
agricultural,15
years,15
although,15
amendment,14
joumal,14
compulsory,14
opposed,14
risk,14
organized,14
unions,14
representatives,14
industry,14
bureau,14
baseline,14
debate,14
effects,14
association,14
between,14
strong,14
history,13
sample,13
enacted,13
university,13
statistics,13
marginal,13
significant,13
our,13
within,12
case,12
voting,12
u,12
some,12
rates,12
however,12
st,12
various,12
movement,12
more,12
also,12
standard,12
independent,12
proceedings,12
reported,12
manufacturers,12
lower,11
government,11
relatively,11
than,11
risks,11
established,11
benefits,11
most,11
progressives,11
votes,11
statistically,11
commerce,11
index,11
industrial,11
paul,11
osfl,11
been,11
table,11
february,11
through,11
holding,10
secretary,10
lumber,10
constant,10
failed,10
passed,10
radical,10
year,10
issues,10
results,10
shifts,10
made,10
times,10
reformers,10
strongly,10
board,10
then,10
number,10
march,10
later,9
daily,9
ifm,9
there,9
thus,9
pay,9
legislators,9
york,9
changes,9
workplace,9
public,9
voted,9
supreme,9
during,9
research,9
negligence,9
will,9
under,9
social,9
many,9
played,9
employment,9
legislator,9
membership,9
whether,9
role,9
biennial,9
national,9
farmers,8
such,8
competitive,8
act,8
across,8
how,8
branch,8
dc,8
whereas,8
came,8
agenda,8
strength,8
coalitions,8
value,8
decisions,8
democrats,8
others,8
experienced,8
proposal,8
insure,8
points,8
general,8
united,8
fought,8
ordered,8
series,8
set,8
leaders,8
mengert,8
information,8
major,8
accidents,7
branches,7
per,7
group,7
into,7
either,7
allow,7
parties,7
analyses,7
laws,7
allowing,7
coal,7
olympia,7
predicted,7
republicans,7
proposed,7
democratic,7
census,7
data,7
mn,7
level,7
influence,7
about,7
columbus,7
regulation,7
injured,7
allowed,7
features,7
narrow,7
governor,7
claimed,7
life,7
chamber,7
economy,7
them,7
manufacturing,7
using,7
committees,7
supported,7
chicago,7
chambers,7
position,6
occurred,6
j,6
agriculture,6
howard,6
metcalf,6
century,6
msfl,6
journal,6
adult,6
likely,6
deviation,6
importance,6
coefficients,6
weak,6
argued,6
eliminate,6
used,6
compromise,6
annual,6
paid,6
world,6
society,6
led,6
almanac,6
same,6
choices,6
department,6
efforts,6
shows,6
sell,6
grounds,6
lost,6
dummy,6
article,6
effect,6
often,6
gpo,6
cox,6
very,6
passage,6
constitutional,6
little,6
worried,6
meeting,6
arizona,6
created,5
studies,5
favor,5
policy,5
estimated,5
long,5
adopt,5
might,5
book,5
those,5
has,5
primary,5
sought,5
changed,5
adopting,5
combination,5
review,5
amended,5
interim,5
even,5
higher,5
deviations,5
his,5
represented,5
special,5
important,5
enacting,5
based,5
out,5
economics,5
oh,5
captured,5
record,5
opposition,5
gained,5
example,5
broad,5
records,5
reflect,5
employed,5
choosing,5
seats,5
april,5
mea,5
coverage,5
rules,5
gainfully,5
company,5
nevada,5
idea,5
enactment,5
enough,5
hand,5
v,5
minneapolis,5
progressivism,5
male,5
session,5
including,5
kerr,5
largely,5
thomas,5
quantitative,5
willful,5
asher,5
form,5
tried,5
measure,5
obtain,5
writing,5
twentieth,5
finally,5
increased,5
specific,5
coefficient,5
should,5
broader,5
final,4
zero,4
common,4
shawn,4
stood,4
formed,4
experience,4
sources,4
taken,4
vols,4
able,4
roosevelt,4
vol,4
recommended,4
establishing,4
election,4
mutual,4
anticipated,4
price,4
convention,4
cases,4
houses,4
costs,4
everett,4
debated,4
determining,4
earlier,4
study,4
impact,4
defeat,4
wyoming,4
opponents,4
found,4
pass,4
suits,4
population,4
required,4
influenced,4
r,4
minority,4
ten,4
below,4
suggest,4
always,4
newly,4
he,4
business,4
warner,4
positive,4
icpsr,4
reports,4
rise,4
addition,4
enact,4
choice,4
time,4
increases,4
compete,4
three,4
extrahazardous,4
held,4
period,4
so,4
favored,4
january,4
controversial,4
continued,4
provide,4
success,4
any,4
equation,4
control,4
just,4
william,4
suggests,4
socioeconomic,4
commissioner,4
press,4
decrease,4
include,4
d,4
much,4
among,4
struggle,3
candidate,3
decade,3
wolman,3
confusion,3
onto,3
representative,3
regression,3
robert,3
argus,3
papers,3
elc,3
referenda,3
foundation,3
nber,3
right,3
determined,3
politics,3
calculated,3
referendum,3
interstate,3
complained,3
throughout,3
examining,3
health,3
unionized,3
turn,3
taxpayers,3
left,3
battles,3
pacific,3
voters,3
bring,3
developed,3
process,3
mean,3
lawyer,3
parentheses,3
statistical,3
govemment,3
clearly,3
n,3
numbers,3
initiative,3
origins,3
followed,3
location,3
blamed,3
conservative,3
demands,3
lawson,3
late,3
occupation,3
unemployment,3
cannot,3
participation,3
minute,3
already,3
concept,3
stake,3
competing,3
coded,3
place,3
actually,3
dakota,3
won,3
strengthened,3
lumbermen,3
senator,3
next,3
box,3
small,3
several,3
replace,3
acts,3
coast,3
up,3
gillette,3
notes,3
provided,3
awards,3
inspection,3
battle,3
therefore,3
overall,3
limited,3
play,3
above,3
once,3
competition,3
yet,3
marshall,3
underwriting,3
suit,3
stated,3
factory,3
poole,3
again,3
consideration,3
scholars,3
pamphlet,3
men,3
took,3
where,3
less,3
fight,3
discussion,3
upon,3
depended,3
increase,3
tripp,3
factor,3
bitter,3
described,3
gilligan,3
clear,3
high,3
collected,3
lobbied,3
administrative,3
presidential,3
legislatures,3
chrislock,3
problems,3
k,3
charles,3
can,3
probably,3
relative,3
joint,3
movements,3
sometimes,3
marginals,3
indicate,3
reconsider,3
ebb,3
unusual,3
interpolated,3
environment,3
following,3
manual,3
ever,3
claims,3
alternative,3
know,3
ratio,3
emergence,3
half,3
underwrite,3
osd,3
whaples,3
benefit,3
drop,3
unlikely,3
what,3
rose,3
lindberg,3
manufactures,3
extent,3
while,3
agreed,3
w,3
introduced,3
november,3
weingast,3
radicalism,3
rosenthal,3
socialism,3
measured,3
offered,3
spectator,3
create,3
substantial,3
north,3
employer,3
roles,3
race,3
willis,3
does,2
implemented,2
way,2
nonlumber,2
generated,2
quickly,2
suggested,2
compensate,2
schwantes,2
market,2
determine,2
elections,2
ultimate,2
defenses,2
complex,2
enduring,2
ma,2
federal,2
h,2
medicare,2
earnings,2
total,2
equations,2
sr,2
before,2
contest,2
women,2
test,2
december,2
defeated,2
paterson,2
attorney,2
electoral,2
every,2
certainly,2
fifteenth,2
feeling,2
attempt,2
logit,2
shingle,2
crops,2
down,2
constituents,2
icc,2
resulting,2
yearbook,2
farmer,2
i,2
subsequent,2
last,2
influences,2
keith,2
somewhat,2
proposals,2
tribune,2
depending,2
victims,2
dupont,2
nonpartisans,2
possible,2
cooperation,2
illustrate,2
october,2
diss,2
sign,2
split,2
succeed,2
chairman,2
development,2
medical,2
since,2
september,2
animosity,2
ability,2
democrat,2
issued,2
tucson,2
encyclopedia,2
precautionary,2
expected,2
forced,2
probabilities,2
clark,2
six,2
unchanged,2
continuous,2
fowler,2
bills,2
implementation,2
distribution,2
added,2
license,2
statements,2
growth,2
ways,2
district,2
levels,2
capture,2
unanimously,2
associate,2
unconstitutional,2
direct,2
contributions,2
consequences,2
factors,2
az,2
t,2
wanted,2
recaptured,2
intercept,2
proved,2
threatening,2
upper,2
four,2
generally,2
instance,2
utah,2
senators,2
explain,2
providing,2
hours,2
medicaid,2
mandate,2
called,2
access,2
speaker,2
missouri,2
seven,2
objectives,2
percentages,2
initial,2
struggles,2
employee,2
term,2
further,2
intervening,2
shall,2
banking,2
stock,2
districts,2
produced,2
boyd,2
hypothetical,2
saving,2
delays,2
find,2
james,2
possibility,2
failure,2
well,2
judiciary,2
work,2
implement,2
amend,2
part,2
journals,2
consortium,2
whole,2
gave,2
approach,2
solution,2
officials,2
least,2
successful,2
caused,2
thirteenth,2
working,2
responsibility,2
stage,2
framed,2
quite,2
reporter,2
few,2
choose,2
presence,2
dramatic,2
claudia,2
richness,2
dependent,2
proper,2
swings,2
behalf,2
heritage,2
casualty,2
second,2
proxy,2
reduced,2
nonetheless,2
identified,2
short,2
indeed,2
foote,2
nearly,2
reduce,2
july,2
make,2
initially,2
hold,2
direction,2
frank,2
calculate,2
edited,2
selling,2
security,2
fights,2
expediency,2
idaho,2
tax,2
professor,2
ending,2
sharply,2
floor,2
gary,2
donnelly,2
subsidize,2
testimony,2
chose,2
recall,2
shortening,2
similarly,2
safety,2
treatment,2
occupations,2
plan,2
creeping,2
larger,2
forging,2
clause,2
debates,2
doubt,2
pennsylvania,2
serious,2
brotherhood,2
formation,2
existing,2
establish,2
jobs,2
necessary,2
belief,2
controversy,2
anticipate,2
another,2
meetings,2
understanding,2
extended,2
explanation,2
bear,2
sides,2
unionization,2
insuring,2
empirical,2
use,2
congress,2
processes,2
continue,2
ibid,2
prelude,2
raising,2
california,2
mdli,2
platform,2
rejected,2
trade,2
adding,2
dominated,2
mines,2
distinction,2
filled,2
adequately,2
computed,2
examine,2
claiming,2
versus,2
competed,2
separate,2
imply,2
chances,2
today,2
raise,2
george,2
taggert,2
usually,2
program,2
attitude,2
populist,2
widespread,2
bulletin,2
seventeenth,2
force,2
returned,2
executive,2
supporting,2
extremely,2
influencing,2
considered,2
door,2
elected,2
vorys,2
known,2
constructed,2
narrowly,2
carl,2
here,2
column,2
colorado,2
outcome,2
paper,2
different,2
setting,2
best,2
administer,2
ph,2
alternatively,2
particularly,2
workingmen,2
build,2
protect,2
options,2
believed,2
purchase,2
explanations,2
terms,2
problem,2
secure,2
prevent,2
library,2
disability,2
inspector,2
entire,2
ruled,2
decisive,2
altogether,2
regulated,2
reserves,2
appointed,2
mention,2
firms,2
question,2
ultimately,2
goldin,2
argument,2
libecap,2
cambridge,2
fourteenth,2
conditions,2
interpolations,2
instead,2
smaller,2
you,2
defined,2
observation,2
barry,2
news,2
substitute,2
duffy,2
themselves,2
rejection,2
charged,2
era,2
taylor,2
recent,2
selfinsurance,2
captures,2
outlawed,2
vividly,2
hypothesis,2
courts,1
demographic,1
now,1
appointees,1
edge,1
declared,1
fertile,1
privately,1
showdown,1
designated,1
represent,1
engendered,1
affected,1
extreme,1
struggled,1
filing,1
announced,1
implies,1
measures,1
notably,1
pushed,1
disregard,1
expect,1
sympathetic,1
minutes,1
ultimatum,1
stripped,1
large,1
settlements,1
conducted,1
unsatisfactory,1
denied,1
approved,1
fate,1
properly,1
designed,1
advised,1
rate,1
authority,1
noncensus,1
true,1
sets,1
reopen,1
completely,1
saddling,1
bias,1
reassured,1
ore,1
hotly,1
weaker,1
socialists,1
earnest,1
protection,1
fixed,1
expressed,1
exceptions,1
cpi,1
contested,1
source,1
permitted,1
switches,1
negative,1
being,1
consistent,1
orderedprobit,1
cast,1
railroads,1
else,1
provision,1
permit,1
undermine,1
failing,1
expertise,1
disagreement,1
production,1
regulating,1
interested,1
originally,1
address,1
rapid,1
opted,1
goal,1
experiments,1
words,1
operators,1
shaped,1
available,1
scientists,1
twenty,1
reinsure,1
advantage,1
ardently,1
desire,1
estimation,1
stalwart,1
great,1
disproportionate,1
thank,1
accumulated,1
validated,1
soared,1
mississippi,1
procedure,1
take,1
achieved,1
embrace,1
traditionally,1
raised,1
reserved,1
subtracting,1
opposite,1
ours,1
alike,1
wage,1
favoring,1
governors,1
mills,1
threshold,1
stopped,1
context,1
nonworkers,1
slammed,1
courage,1
british,1
takes,1
preventing,1
attacked,1
gaps,1
tie,1
key,1
money,1
unalterably,1
expenses,1
firm,1
america,1
draw,1
discuss,1
addresses,1
solving,1
retain,1
account,1
suppress,1
opened,1
prior,1
e,1
leo,1
stance,1
sixteenth,1
activity,1
deliberated,1
limdep,1
unsuccessfully,1
west,1
occurring,1
except,1
establishment,1
exchanges,1
sent,1
unify,1
objective,1
representing,1
interact,1
letter,1
urging,1
shut,1
controlled,1
expanded,1
exist,1
winning,1
regarding,1
central,1
member,1
million,1
iron,1
includes,1
affiliation,1
proceeded,1
landon,1
modify,1
mine,1
facts,1
reject,1
machine,1
decided,1
club,1
compromised,1
competitor,1
american,1
montana,1
admitted,1
absolutely,1
espoused,1
logroll,1
tape,1
maintaining,1
illuminates,1
keep,1
perspective,1
veto,1
depend,1
back,1
causing,1
disproportionately,1
columbia,1
twelve,1
output,1
postponed,1
compared,1
carlos,1
interinsurance,1
estimate,1
publications,1
weakening,1
overwhelmed,1
died,1
explore,1
drawn,1
beat,1
look,1
exempted,1
sun,1
regulations,1
fellow,1
delivered,1
hardly,1
handful,1
unsafe,1
adjust,1
collects,1
bothered,1
may,1
employ,1
incentives,1
rights,1
antiprogressives,1
sue,1
commissioners,1
adequate,1
menace,1
whose,1
monopolies,1
hopes,1
harrington,1
destroy,1
absent,1
capita,1
edward,1
carefully,1
repeal,1
basic,1
hat,1
fair,1
patronage,1
midwest,1
notion,1
sherman,1
demonstrates,1
politicaleconomic,1
killing,1
opportunity,1
vs,1
granted,1
heard,1
similar,1
polarized,1
certain,1
hazardous,1
derived,1
assuming,1
plank,1
amending,1
enabled,1
reforms,1
presciently,1
arbor,1
miscellaneous,1
moreover,1
reason,1
references,1
insistence,1
voll,1
bad,1
ensure,1
wages,1
consider,1
signed,1
battlegrounds,1
excoriated,1
rated,1
entrenched,1
sum,1
driven,1
dominate,1
welfare,1
too,1
exemplify,1
threat,1
preconceived,1
indefinitely,1
situations,1
age,1
show,1
hoped,1
filed,1
additional,1
powerful,1
polar,1
notions,1
comparisons,1
cost,1
overcame,1
willing,1
absolute,1
shifted,1
dominant,1
care,1
helped,1
flow,1
opinion,1
strategy,1
faced,1
strengthen,1
constitution,1
countervailing,1
greater,1
worries,1
vituperative,1
standards,1
result,1
profiting,1
closely,1
nominations,1
lieu,1
mcnamee,1
lead,1
whom,1
fortunes,1
medicine,1
opposing,1
marion,1
demise,1
begun,1
reestimated,1
critically,1
sights,1
ambitions,1
relating,1
politicization,1
deal,1
shared,1
carolina,1
depletion,1
hospitals,1
portsmouth,1
rereferred,1
logrolling,1
accurately,1
ranking,1
supporters,1
understood,1
focused,1
seizing,1
michigan,1
indirect,1
prohibit,1
appears,1
pitting,1
constitutionality,1
otherwise,1
your,1
judicial,1
guarantee,1
designations,1
package,1
undermined,1
taxes,1
directly,1
none,1
voter,1
unequal,1
future,1
liable,1
literature,1
gains,1
belonging,1
dog,1
intense,1
received,1
stiff,1
dissatisfaction,1
unless,1
brought,1
transcended,1
related,1
nonpartisan,1
positions,1
must,1
staunchly,1
got,1
describe,1
consistently,1
waived,1
people,1
earhart,1
predicts,1
augment,1
overhead,1
forces,1
focuses,1
contentious,1
participate,1
savings,1
president,1
week,1
strongest,1
gap,1
shortcomings,1
errors,1
substituting,1
arkansas,1
reinsurance,1
aided,1
contests,1
expended,1
published,1
ensued,1
describing,1
field,1
allegiance,1
lowest,1
bluebooks,1
administrator,1
unexpected,1
theoretically,1
involve,1
tested,1
trading,1
order,1
contrast,1
emphasizes,1
sharp,1
involved,1
actuarially,1
revisited,1
characteristics,1
sufficient,1
workshops,1
june,1
altered,1
components,1
governments,1
invoke,1
mi,1
essentially,1
suddenly,1
inefficiency,1
norris,1
lindley,1
crazy,1
overemphasized,1
memberships,1
florida,1
substituted,1
moved,1
disturbing,1
activities,1
invest,1
subsequently,1
garnered,1
replacing,1
south,1
threatened,1
f,1
quoting,1
unsound,1
situation,1
critics,1
request,1
attorneys,1
absence,1
attributable,1
enginemen,1
incorrect,1
wrote,1
service,1
located,1
contrasted,1
expansion,1
intrusions,1
successes,1
cloud,1
wsfl,1
exception,1
posed,1
whatever,1
allen,1
intervention,1
railroad,1
comments,1
experiences,1
railway,1
sepate,1
selection,1
indemnify,1
structural,1
shabby,1
reclaimed,1
dissatisfied,1
fighting,1
listed,1
pivotal,1
absentees,1
swept,1
lumberman,1
examined,1
revealed,1
soon,1
counterparts,1
deadlocked,1
favorable,1
thesis,1
compiled,1
participants,1
included,1
rerun,1
oma,1
complete,1
shifting,1
hay,1
deliver,1
responsive,1
experiment,1
mascot,1
rematch,1
insolvency,1
dispute,1
noted,1
increasingly,1
enterprises,1
sector,1
considers,1
fill,1
delivery,1
constituency,1
organizations,1
successfully,1
comfortable,1
hoyt,1
challenge,1
upset,1
fell,1
toward,1
pick,1
stating,1
death,1
put,1
misfortunes,1
financial,1
head,1
missing,1
powder,1
fact,1
happening,1
lack,1
unionism,1
turner,1
remarks,1
underestimated,1
response,1
pressure,1
tolerate,1
predominant,1
essence,1
together,1
really,1
richer,1
farming,1
fallen,1
harming,1
remain,1
arthur,1
substantially,1
considerable,1
pattern,1
man,1
workman,1
beliefs,1
neutralizing,1
rhetoric,1
honor,1
ought,1
patterns,1
conclusions,1
ripley,1
likelihood,1
ground,1
privatization,1
handed,1
operating,1
manner,1
competitors,1
oregon,1
accepted,1
income,1
requiring,1
shown,1
generic,1
ordinary,1
gives,1
manuals,1
reflected,1
going,1
mill,1
moot,1
ecent,1
day,1
firstannual,1
degree,1
insured,1
remained,1
responded,1
thousands,1
original,1
ephemeral,1
proudly,1
greatest,1
survive,1
worsening,1
treated,1
prevention,1
values,1
bail,1
scaled,1
arose,1
assocfated,1
microfilm,1
safer,1
ruling,1
medium,1
expand,1
lawsuits,1
insolvent,1
controlling,1
entirely,1
overwhelmingly,1
prevailed,1
licensed,1
causes,1
actuarial,1
aside,1
questions,1
engaged,1
gilt,1
stay,1
full,1
previous,1
stopping,1
ratified,1
versions,1
low,1
open,1
significance,1
loosely,1
switched,1
archaeological,1
directed,1
obtaining,1
victory,1
maintenance,1
objection,1
august,1
issn,1
noncontroversial,1
individual,1
like,1
function,1
summer,1
banquet,1
creating,1
waged,1
obtained,1
crafted,1
offer,1
payrolls,1
lose,1
never,1
quick,1
why,1
nonprofit,1
agriculturalists,1
margin,1
outcomes,1
systems,1
trying,1
mining,1
interpretations,1
overcome,1
respectively,1
ann,1
accordingly,1
excluded,1
unionmen,1
seeking,1
slightly,1
dominance,1
contracts,1
grain,1
saw,1
insignificant,1
quarterly,1
guvnor,1
rallied,1
propose,1
concluded,1
reluctant,1
decreased,1
surprising,1
increasing,1
farm,1
carried,1
asking,1
diametrically,1
speculate,1
impair,1
aid,1
theodore,1
note,1
coopted,1
science,1
bulk,1
chance,1
battled,1
five,1
begin,1
rechecked,1
dec,1
sway,1
lobbying,1
statutes,1
concluding,1
gubernatorial,1
encroach,1
economists,1
salaries,1
class,1
perhaps,1
combines,1
extra,1
cease,1
tapped,1
nonunion,1
win,1
types,1
months,1
appointments,1
face,1
administering,1
paying,1
investigate,1
seat,1
rises,1
undulating,1
sections,1
contemplated,1
share,1
seriously,1
eventually,1
girls,1
senior,1
changing,1
incorporated,1
circumstances,1
demonstrate,1
agents,1
struck,1
nonagricultural,1
locomotive,1
invoked,1
carriers,1
satisfactory,1
ralph,1
corrections,1
text,1
offers,1
sustained,1
fundsvwere,1
exploded,1
natural,1
intellectual,1
supplant,1
monthly,1
guaranteed,1
worth,1
attribute,1
save,1
gone,1
referees,1
argue,1
dated,1
intrusion,1
speech,1
negligent,1
exhaustive,1
associated,1
associations,1
purview,1
section,1
differed,1
expel,1
chair,1
petition,1
better,1
turned,1
consisted,1
killed,1
investigation,1
combined,1
aiding,1
ones,1
involvement,1
maryland,1
met,1
want,1
particular,1
aspersion,1
males,1
attitudes,1
despite,1
calculations,1
theory,1
earners,1
leaving,1
packaged,1
prepare,1
differs,1
redesignate,1
barely,1
cents,1
balance,1
proposing,1
almost,1
observations,1
missed,1
virginia,1
freedom,1
canceled,1
deflation,1
burden,1
variablesa,1
menu,1
presented,1
joseph,1
clout,1
affecting,1
beer,1
became,1
regulate,1
melded,1
trainmen,1
subject,1
durable,1
listings,1
step,1
went,1
investigated,1
bulletins,1
contribute,1
programs,1
lesson,1
ranks,1
colonial,1
gain,1
faculty,1
think,1
varied,1
streamline,1
compulsion,1
until,1
teats,1
chaired,1
unable,1
sailed,1
ordinal,1
average,1
revert,1
contract,1
wielded,1
camps,1
nonlinear,1
write,1
grant,1
aware,1
firemen,1
crisis,1
dangerous,1
ended,1
contributed,1
actively,1
typically,1
building,1
evidence,1
attempted,1
voluntary,1
remains,1
computer,1
anonymous,1
profits,1
removed,1
close,1
encouraging,1
hottest,1
c,1
pending,1
succeeded,1
reached,1
enterprise,1
supporter,1
uncertainty,1
views,1
northwestern,1
given,1
censuses,1
traditional,1
testified,1
images,1
shippers,1
resembled,1
draft,1
deeper,1
