WORDCOUNTS,WEIGHT
the,1075
of,667
in,521
and,476
to,288
earnings,242
for,169
a,162
labor,153
that,138
is,127
data,121
on,107
by,98
from,91
market,87
census,87
was,84
are,81
as,81
were,80
central,76
wages,76
this,75
cities,73
south,72
average,67
wage,65
these,64
north,64
be,61
it,59
with,57
regions,55
percent,54
employment,53
population,52
not,51
differences,49
but,47
manufacturing,47
between,46
at,44
atlantic,44
no,42
region,42
workers,41
variation,40
s,39
across,39
regional,39
they,38
cost,37
each,37
there,36
states,36
economic,35
have,35
report,35
living,35
other,34
integration,34
which,33
differentials,32
northeast,32
markets,32
city,32
time,31
rosenbloom,31
an,31
although,31
i,30
within,30
more,30
new,30
one,29
real,29
or,29
table,29
occupational,28
also,28
over,28
all,27
than,27
national,27
u,26
west,26
can,26
united,26
nineteenth,25
index,25
would,25
however,24
only,24
relative,24
extent,24
bulletin,23
southern,23
about,23
male,23
level,23
effects,23
most,22
late,22
two,22
force,22
years,22
estimates,21
rates,21
annual,21
available,20
university,20
used,20
year,20
interregional,20
department,20
ma,19
history,19
unemployment,19
because,19
northern,19
small,19
characteristics,19
middle,19
both,19
conditions,19
haines,19
sample,18
their,18
dc,18
same,18
local,18
variables,18
period,18
washington,18
fraction,17
regression,17
thus,17
century,17
age,17
found,17
skilled,17
reported,17
coefficient,17
gap,16
variations,16
column,16
manufactures,16
evidence,16
large,15
different,15
those,15
east,15
supply,15
price,15
changes,15
based,15
statistics,15
temporary,15
research,15
demand,15
occupations,15
gpo,15
geographic,15
if,14
sources,14
composition,14
employers,14
may,14
levels,14
had,14
number,14
trades,14
migration,14
has,14
equalization,14
shocks,13
consistent,13
some,13
quality,13
journal,13
higher,13
prices,13
using,13
coverage,13
locational,13
where,13
after,13
relationship,13
been,13
did,13
press,13
measure,13
american,12
england,12
calculated,12
earlier,12
appear,12
part,12
change,12
pp,12
included,12
ny,12
so,12
analysis,12
country,12
ratio,12
size,12
locations,12
convergence,11
long,11
possible,11
york,11
costs,11
similar,11
retail,11
impact,11
appears,11
during,11
suggest,11
quite,11
hand,11
see,11
effect,11
log,11
building,11
studies,10
case,10
differential,10
growth,10
important,10
whereas,10
greater,10
p,10
well,10
employed,10
will,10
percentage,10
substantially,10
patterns,10
controlling,10
significant,10
statistically,10
least,10
figures,10
months,10
capital,10
indices,10
increase,10
estimated,9
women,9
correlation,9
adult,9
industries,9
hours,9
pa,9
reports,9
control,9
goldin,9
laborers,9
should,9
c,8
likely,8
western,8
total,8
first,8
state,8
vol,8
such,8
relatively,8
consumer,8
compared,8
rather,8
risk,8
dispersion,8
location,8
equal,8
directly,8
work,8
significantly,8
nj,8
weeks,8
edited,8
housing,8
necessary,8
use,8
previous,8
standard,8
men,8
covered,8
aldrich,8
any,8
disequilibrium,8
beginning,8
what,8
intercity,8
earners,8
sundstrom,8
until,8
difference,8
cambridge,8
substantial,8
explanatory,7
lower,7
eastern,7
historical,7
heterogeneity,7
drawn,7
communication,7
l,7
importance,7
factors,7
coefficients,7
could,7
war,7
systematic,7
trends,7
ratios,7
working,7
notes,7
provided,7
f,7
increasing,7
nearly,7
opportunities,7
adjusted,7
larger,7
pattern,7
conclusions,7
remained,7
general,7
high,7
especially,7
james,7
indicate,7
variable,7
constant,7
returns,7
information,7
little,7
d,7
potential,7
early,7
strong,7
difficult,6
transportation,6
rate,6
measures,6
per,6
into,6
before,6
princeton,6
fluctuations,6
metal,6
subsequent,6
date,6
extend,6
account,6
development,6
expected,6
persistent,6
parts,6
occupation,6
oh,6
reflect,6
redistribution,6
commerce,6
below,6
contrast,6
separately,6
when,6
results,6
value,6
telegraph,6
indeed,6
limited,6
single,6
under,6
ky,6
fell,6
toward,6
children,6
zero,6
do,6
largely,6
trend,6
three,6
thomas,6
internal,6
bureau,6
provide,6
expenditures,6
job,6
them,6
williamson,6
amenities,6
integrated,6
increased,6
roughly,6
much,6
groups,5
affected,5
expect,5
completely,5
emerged,5
seems,5
suggesting,5
concepts,5
principal,5
richard,5
throughout,5
accounted,5
tables,5
g,5
distinct,5
developments,5
ct,5
response,5
even,5
unskilled,5
operation,5
intraregional,5
represented,5
unemployed,5
four,5
result,5
closely,5
my,5
international,5
further,5
cannot,5
example,5
decline,5
st,5
aggregate,5
second,5
proxy,5
reduced,5
joshua,5
wright,5
industrial,5
noted,5
daily,5
jobs,5
michael,5
kansas,5
understanding,5
made,5
office,5
low,5
explorations,5
times,5
collected,5
mortality,5
series,5
must,5
agents,5
equation,5
sc,5
twelfth,5
very,5
equilibrium,5
reflected,5
just,5
nominal,5
particular,5
despite,5
varied,5
twentieth,5
smaller,5
point,5
duration,5
ca,5
close,5
major,5
sa,4
way,4
later,4
columns,4
bias,4
basis,4
occurred,4
skills,4
tx,4
precisely,4
shepherd,4
existence,4
condition,4
interior,4
wnc,4
adjustment,4
inclusion,4
third,4
compare,4
like,4
distribution,4
deviation,4
philadelphia,4
how,4
special,4
nonwhite,4
means,4
downward,4
presumably,4
numbers,4
n,4
economics,4
reinforce,4
scope,4
london,4
civil,4
apparent,4
reduces,4
climatic,4
records,4
falling,4
il,4
interpreted,4
around,4
highly,4
weiss,4
rapid,4
above,4
make,4
positive,4
enc,4
examined,4
sex,4
restricted,4
ne,4
neither,4
railroad,4
al,4
increasingly,4
double,4
business,4
factory,4
many,4
including,4
entirely,4
coelho,4
congress,4
net,4
evolution,4
easterlin,4
individual,4
study,4
respectively,4
construction,4
hatton,4
referred,4
who,4
covering,4
life,4
methods,4
centuries,4
then,4
implied,4
pt,4
appendix,4
counting,4
essentially,4
mass,4
william,4
according,4
economy,4
males,4
seasonal,4
problem,4
produce,4
observations,4
suggests,4
through,4
intended,4
manufacturers,4
approximately,4
need,4
ga,4
association,4
thousand,4
engerman,4
chicago,4
ks,4
among,4
comparable,4
col,4
does,3
ending,3
m,3
pittsburgh,3
e,3
associated,3
mortgage,3
mobility,3
considerations,3
comparisons,3
variety,3
source,3
negative,3
experience,3
preceding,3
production,3
swaine,3
actual,3
j,3
impute,3
together,3
potentially,3
arises,3
reveal,3
procedure,3
take,3
robert,3
richmond,3
somewhat,3
alfred,3
nber,3
prior,3
activity,3
reflecting,3
establishment,3
gavin,3
rees,3
learned,3
human,3
explained,3
due,3
converged,3
representative,3
turn,3
cases,3
channels,3
dates,3
networks,3
pronounced,3
wilmington,3
his,3
deflated,3
expanding,3
investigation,3
midwest,3
neighborhood,3
b,3
consequences,3
moreover,3
nor,3
old,3
deflate,3
emergence,3
section,3
house,3
calendar,3
montgomery,3
additional,3
generally,3
requires,3
hereafter,3
labour,3
mo,3
vit,3
decades,3
employee,3
term,3
though,3
metalworking,3
workday,3
brooklyn,3
r,3
already,3
roback,3
nine,3
training,3
its,3
broad,3
seasonally,3
rise,3
stanford,3
either,3
published,3
indicator,3
field,3
revolution,3
allegheny,3
deflator,3
mi,3
presence,3
tended,3
impossible,3
periods,3
equality,3
absence,3
overall,3
indicates,3
va,3
contributing,3
relied,3
interpretation,3
rain,3
ia,3
equalized,3
quotations,3
independent,3
picture,3
jeffrey,3
financial,3
averages,3
fact,3
lack,3
consideration,3
seasonality,3
john,3
discussed,3
overstate,3
outside,3
present,3
increases,3
growing,3
dorothy,3
establish,3
income,3
less,3
coincided,3
practice,3
routledge,3
degree,3
treated,3
range,3
previously,3
postbellum,3
survey,3
raising,3
clear,3
wmi,3
co,3
variance,3
provides,3
why,3
promotion,3
comparing,3
understate,3
structure,3
slightly,3
immigration,3
separate,3
imply,3
today,3
fairly,3
george,3
movements,3
expectations,3
existed,3
springfield,3
baseline,3
changing,3
here,3
alternative,3
quickly,3
december,3
abbreviations,3
contradictory,3
better,3
month,3
combined,3
spatial,3
orleans,3
infant,3
categories,3
boston,3
world,3
firms,3
our,3
shown,3
reveals,3
finally,3
claudia,3
course,3
include,3
correlated,3
unified,3
asked,3
defined,3
measured,3
shift,3
ranged,3
comparison,3
reached,3
censuses,3
recent,3
broader,3
mostly,2
mackinnon,2
therefore,2
magnetic,2
utility,2
minutes,2
becoming,2
deflating,2
he,2
kinds,2
wa,2
stone,2
true,2
easily,2
vedder,2
weaker,2
necessarily,2
presents,2
operatives,2
chandler,2
reich,2
railroads,2
t,2
shukla,2
davis,2
exclusion,2
might,2
stover,2
snowden,2
principles,2
carter,2
assess,2
great,2
timing,2
resulting,2
listing,2
feature,2
depress,2
raised,2
iowa,2
racial,2
depends,2
clarence,2
historians,2
northsouth,2
saba,2
proxies,2
draw,2
responses,2
determined,2
reaching,2
alter,2
lci,2
taking,2
jantemp,2
timothy,2
indicating,2
quantity,2
kahn,2
representing,2
slack,2
collection,2
includes,2
brisendon,2
review,2
reverse,2
since,2
de,2
establishments,2
marshals,2
application,2
conducted,2
nelson,2
immigrants,2
clark,2
david,2
averaging,2
amount,2
causing,2
highest,2
dunlevy,2
six,2
converging,2
coinciding,2
consequently,2
sun,2
paralleling,2
ofek,2
seekers,2
adequate,2
repeats,2
reflects,2
managers,2
adds,2
sum,2
bateman,2
process,2
nontraded,2
dwarfed,2
terms,2
sunshine,2
reason,2
category,2
serve,2
parentheses,2
affect,2
ensure,2
consider,2
possibly,2
flexibility,2
wheeling,2
organized,2
lowell,2
clearly,2
allocation,2
squares,2
gallaway,2
gradually,2
mary,2
listed,2
show,2
commonly,2
requested,2
rental,2
consequence,2
conditional,2
explain,2
biasing,2
flow,2
view,2
louisville,2
ei,2
allow,2
worker,2
philosophical,2
equally,2
disequilibrating,2
wfj,2
otherwise,2
confirmation,2
numerous,2
influenced,2
impression,2
aspects,2
gained,2
none,2
accounting,2
striking,2
heavily,2
appreciable,2
proportions,2
knowledge,2
tenure,2
atack,2
crowding,2
consistently,2
place,2
inferences,2
mn,2
forces,2
weekly,2
artifact,2
wci,2
own,2
approach,2
errors,2
kuznets,2
construct,2
thirteenth,2
tom,2
next,2
hence,2
several,2
few,2
june,2
unless,2
components,2
lmi,2
observe,2
boundaries,2
brown,2
visible,2
up,2
eit,2
paid,2
appropriate,2
paul,2
am,2
gordon,2
reducing,2
society,2
partially,2
san,2
power,2
deflators,2
fortunately,2
gather,2
experiencing,2
located,2
labeled,2
elizabeth,2
motivated,2
portland,2
upward,2
extremely,2
movement,2
simultaneously,2
oxford,2
pacific,2
albert,2
pctlab,2
array,2
us,2
hourly,2
marshall,2
tn,2
modestly,2
informal,2
assistance,2
complete,2
shock,2
baltimore,2
disamenities,2
gainful,2
without,2
gainfully,2
payments,2
declining,2
actually,2
skill,2
law,2
temporarily,2
europe,2
similarly,2
towns,2
addition,2
efforts,2
lengthy,2
areas,2
amenity,2
end,2
drove,2
newport,2
existing,2
savoca,2
infmort,2
metropolitan,2
shifts,2
imputed,2
another,2
simon,2
investigators,2
investment,2
duboff,2
conceivable,2
sufficiently,2
birds,2
louis,2
food,2
operated,2
factor,2
harvard,2
full,2
california,2
metalworkers,2
grew,2
comprehensive,2
agreement,2
points,2
peter,2
function,2
plant,2
features,2
mountain,2
accurate,2
payrolls,2
adequately,2
written,2
article,2
computed,2
narrow,2
sharma,2
excluded,2
attracted,2
we,2
regressions,2
vector,2
neu,2
european,2
things,2
assigned,2
me,2
note,2
five,2
rough,2
enumerators,2
ordinary,2
primarily,2
institutions,2
becomes,2
excluding,2
effectively,2
lawrence,2
wilson,2
remaining,2
rapidly,2
examine,2
fall,2
sess,2
joseph,2
considered,2
piore,2
share,2
magnitude,2
mainly,2
unweighted,2
steel,2
too,2
pace,2
sorts,2
text,2
set,2
headed,2
paper,2
best,2
alexander,2
brick,2
half,2
homogenization,2
current,2
money,2
whaples,2
passage,2
senate,2
evident,2
america,2
hall,2
mccloskey,2
form,2
rising,2
agricultural,2
migrations,2
eamings,2
urban,2
commissioner,2
edwards,2
uniform,2
confirm,2
role,2
giving,2
southerners,2
commodities,2
obtain,2
isolated,2
definitions,2
faculty,2
jacoby,2
fi,2
grantham,2
donald,2
fourteenth,2
steam,2
typically,2
product,2
eldridge,2
supported,2
pertain,2
assumed,2
rest,2
nativity,2
entire,2
given,2
cong,2
pctmetal,2
technological,2
taylor,2
observed,2
unrepresentative,2
hypothesis,2
resolve,1
now,1
sunil,1
done,1
paralleled,1
doubts,1
prefer,1
common,1
conflicting,1
created,1
functional,1
trained,1
separated,1
migrated,1
nationwide,1
resulted,1
determine,1
probabilities,1
worthy,1
branches,1
adoption,1
eliminated,1
considerably,1
compensated,1
manuscript,1
distributed,1
connecticut,1
comparability,1
group,1
needed,1
complex,1
systematically,1
instructions,1
properly,1
identify,1
tend,1
picked,1
newark,1
rogers,1
uniquely,1
recalculated,1
sets,1
illiterate,1
modern,1
flows,1
nb,1
reasonably,1
pose,1
enumeration,1
something,1
attractiveness,1
revision,1
corresponding,1
canvassed,1
leads,1
indexes,1
being,1
attribute,1
widens,1
explaining,1
defects,1
elmira,1
controlled,1
processes,1
adopt,1
concentrated,1
craftworkers,1
attempt,1
worked,1
reassuringly,1
referees,1
youngest,1
nature,1
supplied,1
definition,1
dramatically,1
incorporating,1
textiles,1
leading,1
advantage,1
bsi,1
estimation,1
thank,1
analyses,1
producing,1
follows,1
vectors,1
able,1
plumbing,1
ph,1
room,1
providence,1
dubuque,1
occupanineteenth,1
packages,1
help,1
widened,1
improved,1
regressors,1
trenton,1
doc,1
reserved,1
political,1
reading,1
signs,1
regressed,1
kilby,1
daniel,1
context,1
papers,1
seminar,1
system,1
british,1
nowhere,1
proceed,1
exogenous,1
gaps,1
blacksmiths,1
tenths,1
knowledgeable,1
constraint,1
encouraging,1
sought,1
agriculture,1
discuss,1
right,1
offset,1
exception,1
mesh,1
intermediaries,1
auburn,1
uneven,1
capable,1
unexploited,1
implies,1
marked,1
lifetime,1
denver,1
shared,1
drive,1
establishing,1
solely,1
functions,1
fluctuation,1
insight,1
carpenters,1
measuring,1
diss,1
except,1
puddlers,1
paving,1
far,1
exchanges,1
along,1
safely,1
measurement,1
handicraft,1
wm,1
sign,1
behavior,1
shut,1
lowto,1
localized,1
diversity,1
pittsburg,1
regarding,1
conflict,1
million,1
err,1
iren,1
affiliation,1
teritories,1
offer,1
historically,1
influx,1
accuracy,1
estimating,1
cournot,1
run,1
professor,1
retrospectively,1
against,1
analyzing,1
anomalous,1
sacramento,1
unpublished,1
geous,1
ut,1
pctbld,1
mixed,1
interrelationships,1
plastering,1
jeremy,1
intersectoral,1
jr,1
pay,1
learning,1
interprets,1
joumal,1
pertained,1
unity,1
plausibility,1
adopted,1
urbanization,1
bay,1
perspective,1
cityspecific,1
asterisk,1
profound,1
back,1
contrary,1
body,1
speed,1
syracuse,1
houses,1
gauge,1
applying,1
criterion,1
estimate,1
tacoma,1
weight,1
y,1
pueblo,1
unconditional,1
lf,1
details,1
tentatively,1
strengthening,1
fellow,1
handful,1
adjust,1
impressions,1
once,1
conceptually,1
unfortunate,1
error,1
poorly,1
phases,1
mancall,1
divergence,1
rights,1
surprisingly,1
ab,1
competition,1
fort,1
essential,1
observers,1
bring,1
main,1
everett,1
remain,1
elasticity,1
edward,1
basic,1
rapids,1
holyoke,1
longest,1
capture,1
lfi,1
proximity,1
proportion,1
associate,1
supplement,1
adjustments,1
huge,1
assuming,1
employees,1
fred,1
risks,1
lowers,1
memphis,1
references,1
immigrant,1
semiskilled,1
tabulations,1
topeka,1
improvement,1
established,1
appreciably,1
slowly,1
quoted,1
days,1
weather,1
air,1
jersey,1
weak,1
shore,1
gnp,1
argued,1
w,1
illitera,1
operate,1
origins,1
follow,1
linkage,1
followed,1
cotton,1
obstacles,1
dissenting,1
bedford,1
sanford,1
problems,1
engines,1
mix,1
permanent,1
entrant,1
shifted,1
essays,1
detroit,1
coincide,1
suggested,1
providing,1
drawing,1
strengthen,1
atlanta,1
causation,1
logarithms,1
matching,1
mileage,1
withinregion,1
raw,1
expressed,1
standards,1
incomplete,1
priori,1
migrant,1
brookings,1
diverging,1
societies,1
nonrandom,1
critically,1
access,1
effort,1
facilitate,1
requirements,1
carpentering,1
initial,1
brokers,1
vishwa,1
sectoral,1
fourth,1
schaefer,1
traced,1
cultural,1
focused,1
displayed,1
moines,1
dropped,1
stock,1
districts,1
treat,1
produced,1
inches,1
camden,1
analogous,1
biases,1
gilded,1
scale,1
monograph,1
handled,1
ofamerican,1
guidance,1
instrumental,1
required,1
find,1
wide,1
public,1
january,1
near,1
wayne,1
eliminate,1
improve,1
representatives,1
trough,1
products,1
network,1
mobilization,1
residents,1
responding,1
los,1
preferred,1
nearest,1
future,1
sept,1
concept,1
nc,1
interand,1
reduction,1
related,1
marschatz,1
nation,1
multiplied,1
revealed,1
positions,1
whole,1
literature,1
q,1
fit,1
utica,1
photocopy,1
jai,1
scranton,1
savannah,1
earn,1
thereafter,1
binding,1
midwestern,1
et,1
documented,1
divided,1
craftsmen,1
showing,1
indianapolis,1
smallest,1
conform,1
connections,1
norfolk,1
annotated,1
numerically,1
substituting,1
paterson,1
precipitation,1
creating,1
officials,1
custom,1
painting,1
successful,1
describing,1
wi,1
responsibility,1
lowest,1
compensating,1
stimulated,1
stuccowork,1
sharp,1
settlement,1
emerging,1
event,1
submit,1
ww,1
sufficient,1
omaha,1
somerville,1
grow,1
industry,1
poughkeepsie,1
stanley,1
iron,1
manchester,1
climate,1
statelevel,1
redefinition,1
philip,1
fully,1
cincinnati,1
majority,1
spurious,1
gravitated,1
cj,1
valuable,1
geographical,1
capturing,1
inspection,1
multiplying,1
approximated,1
improves,1
foremen,1
units,1
situation,1
logarithm,1
steady,1
minor,1
matter,1
nonetheless,1
elimination,1
materials,1
worcester,1
galveston,1
attributable,1
contended,1
narrows,1
birmingham,1
identified,1
kenneth,1
lynn,1
comparative,1
classic,1
drops,1
female,1
albany,1
disamenity,1
standardization,1
haim,1
cole,1
outmigration,1
expanded,1
comments,1
initially,1
masons,1
hold,1
direction,1
selection,1
structural,1
wv,1
budged,1
expansions,1
wichita,1
evenly,1
metric,1
calculate,1
collect,1
covington,1
yet,1
reference,1
cleveland,1
marginal,1
evolved,1
columbus,1
mobile,1
fifth,1
supplementary,1
selective,1
management,1
northwest,1
nounced,1
participants,1
homogeneous,1
positively,1
augusta,1
performed,1
sharply,1
formalized,1
ed,1
issues,1
pctbldg,1
si,1
responsive,1
nineteenthcentury,1
largest,1
wisconsin,1
odds,1
reliance,1
misc,1
avoided,1
social,1
useful,1
fill,1
lee,1
aggregates,1
houston,1
stronger,1
plumbers,1
again,1
others,1
pick,1
death,1
haute,1
added,1
demographic,1
summing,1
shows,1
longer,1
bridgeport,1
rents,1
loomed,1
appeared,1
match,1
lc,1
manifested,1
angeles,1
macon,1
diverse,1
incorporation,1
antonio,1
fallen,1
arthur,1
contemporary,1
doubt,1
distributions,1
wesleyan,1
forms,1
never,1
took,1
v,1
neglecting,1
geography,1
couplers,1
developing,1
relevant,1
gender,1
minneapolis,1
intemational,1
books,1
distance,1
widespread,1
lonny,1
gives,1
explicitly,1
free,1
regionally,1
day,1
remove,1
charleston,1
imagine,1
analyzed,1
greatest,1
collecting,1
vast,1
discussion,1
averaged,1
dpit,1
indiana,1
considering,1
observable,1
reversed,1
values,1
formal,1
lake,1
unionization,1
sixth,1
looking,1
wf,1
qjt,1
expand,1
varying,1
host,1
empirical,1
expression,1
unfortunately,1
assume,1
causes,1
middletown,1
rare,1
discontinuity,1
services,1
ljz,1
examination,1
literate,1
dummy,1
rejected,1
dichotomous,1
chelsea,1
intraand,1
transformation,1
tional,1
adding,1
issn,1
methodological,1
yit,1
allowed,1
ri,1
derived,1
characterized,1
guillebaud,1
helpful,1
spread,1
obtained,1
maximize,1
kept,1
last,1
segment,1
latter,1
systems,1
managerial,1
toledo,1
parallel,1
salt,1
often,1
dollars,1
craft,1
taunton,1
overcome,1
correction,1
seattle,1
assigning,1
hoboken,1
availability,1
probably,1
hartford,1
dividing,1
diminishes,1
macmillan,1
versus,1
astrid,1
wilkesbarre,1
haven,1
tendency,1
insignificant,1
paperhanging,1
materially,1
hope,1
nashville,1
la,1
concluded,1
division,1
oswego,1
enumerated,1
joiners,1
examines,1
ranging,1
farm,1
enough,1
payroll,1
telephone,1
lance,1
undifferentiated,1
tests,1
alters,1
aid,1
responsiveness,1
frictional,1
raise,1
sanitation,1
tentative,1
residual,1
continued,1
shortest,1
variorum,1
fqit,1
sometimes,1
figure,1
crucial,1
nh,1
cyit,1
practical,1
reasonable,1
begin,1
lines,1
deaths,1
fewer,1
k,1
dimensions,1
sensitive,1
seen,1
detailed,1
began,1
returned,1
economists,1
inadequate,1
length,1
linking,1
class,1
exclude,1
efficiency,1
lowered,1
continually,1
erie,1
coordination,1
fluctuate,1
insurance,1
gathered,1
resemble,1
stable,1
quiddity,1
addressed,1
detail,1
takes,1
specification,1
believed,1
comes,1
conclusion,1
conjunction,1
grand,1
milwaukee,1
extending,1
extensive,1
constituted,1
economically,1
fitters,1
determinants,1
reinforced,1
constructed,1
consensus,1
narrowly,1
md,1
river,1
cover,1
troy,1
know,1
defining,1
berkeley,1
dimension,1
natural,1
masonry,1
unadjusted,1
worth,1
interested,1
sampling,1
seem,1
ubiquitous,1
down,1
instantaneous,1
speech,1
eventually,1
dramatic,1
alternatively,1
hinted,1
salem,1
exhibits,1
lancaster,1
evansville,1
goods,1
gas,1
supervisor,1
jennifer,1
roofing,1
examining,1
pit,1
type,1
respect,1
segmented,1
following,1
drop,1
dayton,1
unlikely,1
automatic,1
enjoyment,1
notable,1
whether,1
rose,1
wc,1
stability,1
nonsystematic,1
making,1
plants,1
dallas,1
add,1
jumping,1
barriers,1
segmnented,1
always,1
while,1
bureaucratic,1
studying,1
te,1
balance,1
almost,1
quincy,1
terre,1
emphasis,1
travel,1
des,1
unreasonable,1
radically,1
researchers,1
occasionally,1
necessity,1
wedge,1
attachments,1
affecting,1
ohio,1
introduced,1
technologies,1
revolutions,1
became,1
variability,1
fortuitously,1
traditional,1
simply,1
controls,1
pctl,1
vertically,1
confronted,1
temitories,1
rochester,1
indebted,1
clothing,1
sizeable,1
colonial,1
phenomenon,1
harrisburg,1
writing,1
southem,1
oakland,1
promoted,1
formation,1
commercial,1
unable,1
finding,1
temperature,1
grant,1
peoria,1
magnitudes,1
proceeding,1
susan,1
manufacture,1
rearranging,1
illiteracy,1
regular,1
attributes,1
boilermakers,1
petersburg,1
oldest,1
madison,1
remains,1
francisco,1
workweek,1
anonymous,1
davenport,1
specific,1
drift,1
disadvantage,1
buffalo,1
fluctuated,1
useable,1
undesirable,1
overcrowding,1
greenwich,1
sectors,1
vary,1
enterprise,1
partial,1
stream,1
interaction,1
develop,1
focus,1
seek,1
showed,1
race,1
confusingly,1
occur,1
hovered,1
continuously,1
