WORDCOUNTS,WEIGHT
the,821
of,540
and,479
in,455
to,158
a,155
by,102
economic,96
that,92
not,84
for,81
no,73
was,72
on,71
history,70
p,70
height,69
food,64
were,64
as,62
growth,60
during,59
at,56
income,56
komlos,54
have,54
this,52
university,48
is,48
stature,48
century,46
prices,43
steckel,41
press,41
industrial,41
their,40
health,40
an,40
living,40
increased,39
s,38
physical,36
price,35
journal,35
heights,33
wages,33
revolution,33
percent,33
relative,33
edited,32
did,31
population,31
status,31
chicago,31
been,30
nutritional,30
europe,29
increase,29
from,29
american,28
decline,28
some,27
standard,27
industrialization,27
per,26
real,26
than,26
but,26
effect,26
even,25
more,25
united,25
consumption,25
such,24
new,24
with,24
cambridge,24
between,24
slaves,23
agricultural,23
it,22
antebellum,22
puzzle,22
also,22
john,22
nutrition,22
would,22
historical,22
evidence,22
labor,21
standards,21
well,21
free,21
british,21
hence,20
review,20
among,20
i,19
welfare,19
had,19
biological,19
or,19
children,19
mortality,19
baten,19
states,19
inequality,18
because,18
see,18
anthropometric,18
european,18
be,18
eighteenth,17
period,17
all,16
could,16
time,16
meat,16
capita,16
nineteenth,15
development,15
trends,15
onset,15
pp,15
these,15
only,15
thomas,15
they,14
one,14
cycles,14
first,14
richard,14
its,14
demand,14
about,14
rise,14
trend,14
floud,14
are,14
distribution,14
both,14
average,14
market,13
lindert,13
america,13
perspective,13
l,13
nutrients,13
change,13
research,13
half,13
urban,13
level,13
early,13
if,12
into,12
lower,12
products,12
there,12
robert,12
case,12
modem,12
human,12
slave,12
impact,12
urbanization,12
work,12
margo,12
which,12
britain,12
environment,12
der,12
integration,12
effects,12
child,11
h,11
before,11
vol,11
declined,11
war,11
productivity,11
two,11
less,11
students,11
milk,11
born,11
national,11
nicholas,10
production,10
estimates,10
whose,10
english,10
similar,10
union,10
civil,10
weiss,10
second,10
comparative,10
france,10
over,10
u,10
city,10
coclanis,10
interdisciplinary,10
c,10
rate,9
long,9
rapid,9
those,9
has,9
west,9
de,9
clark,9
weight,9
may,9
elasticity,9
however,9
jorg,9
cycle,9
social,9
birth,9
soldiers,9
roderick,9
intake,9
until,9
years,9
modern,9
common,8
groups,8
manuscript,8
gallman,8
studies,8
might,8
georgia,8
unpublished,8
late,8
output,8
adult,8
van,8
york,8
his,8
after,8
moreover,8
changes,8
hours,8
data,8
brought,8
people,8
several,8
tended,8
world,8
annum,8
yet,8
index,8
deterioration,8
cadets,8
pattern,8
do,8
mokyr,8
disease,8
peter,8
grain,8
convicts,8
sweden,8
capital,8
economy,8
goldin,8
kaelble,8
point,8
england,7
j,7
steiner,7
thus,7
weir,7
insofar,7
costa,7
americans,7
stuttgart,7
factors,7
huberman,7
view,7
franz,7
economics,7
london,7
contrast,7
und,7
oxford,7
kuznets,7
paul,7
mark,7
toward,7
larger,7
end,7
puzzling,7
hartmut,7
number,7
craig,7
crafts,7
regions,7
workers,7
increasing,7
male,7
who,7
army,7
meant,7
particularly,7
beginning,7
maryland,7
williamson,7
decrease,7
consumers,7
reached,7
much,7
technological,7
north,7
germany,6
epidemiological,6
brenner,6
worked,6
diseases,6
state,6
supply,6
household,6
since,6
cuff,6
y,6
incidence,6
w,6
upper,6
most,6
voth,6
instance,6
gregory,6
women,6
generally,6
monarchy,6
society,6
sector,6
declining,6
french,6
again,6
consideration,6
men,6
secular,6
made,6
kingdom,6
so,6
goods,6
we,6
figure,6
habsburg,6
force,6
life,6
analysis,6
stephen,6
very,6
associated,6
rural,6
extent,6
too,6
suggests,6
product,6
inasmuch,6
scholliers,6
does,5
large,5
total,5
source,5
either,5
sources,5
anomalies,5
great,5
murray,5
wage,5
within,5
issue,5
agriculture,5
consumed,5
once,5
higher,5
levels,5
downward,5
haurin,5
whereas,5
greater,5
found,5
diet,5
nutrient,5
markets,5
irish,5
transported,5
regional,5
least,5
caused,5
below,5
around,5
small,5
munich,5
value,5
south,5
female,5
strategic,5
cohorts,5
housing,5
under,5
similarly,5
areas,5
manumitted,5
man,5
increases,5
riley,5
another,5
local,5
discovery,5
variation,5
processes,5
netherlands,5
earlier,5
independent,5
countries,5
table,5
share,5
recruits,5
sure,5
parental,5
while,5
belgium,5
became,5
caloric,5
land,5
woitek,5
blacks,5
transportation,4
differentials,4
affected,4
episodes,4
distributed,4
western,4
princeton,4
negative,4
revisited,4
swedish,4
other,4
available,4
gibson,4
exogenous,4
adverse,4
throughout,4
sample,4
body,4
spite,4
einfluss,4
divergence,4
philadelphia,4
importance,4
white,4
von,4
suffice,4
just,4
days,4
argued,4
feinstein,4
important,4
zanden,4
out,4
poverty,4
unemployment,4
pork,4
basis,4
mccants,4
approach,4
family,4
sufficient,4
up,4
provided,4
therefore,4
populations,4
indeed,4
expansion,4
harris,4
smout,4
still,4
above,4
wachter,4
shipped,4
decisions,4
technology,4
home,4
volume,4
many,4
demographic,4
enough,4
smallpox,4
japan,4
classes,4
previously,4
harvard,4
improvements,4
low,4
explorations,4
curve,4
vitamins,4
households,4
black,4
latter,4
study,4
methods,4
claudia,4
dietary,4
science,4
primarily,4
guardsmen,4
class,4
itself,4
growing,4
sandberg,4
rose,4
when,4
incomes,4
virginia,4
infant,4
middle,4
socioeconomic,4
thereby,4
ohio,4
twentieth,4
course,4
although,4
d,4
gross,4
off,4
association,4
indices,4
haines,4
themselves,4
temperatures,4
given,4
recent,4
calories,4
laborers,4
bekaert,3
hussey,3
o,3
later,3
offset,3
implies,3
unevenly,3
expect,3
group,3
he,3
centimeter,3
pessimism,3
occurred,3
subramanian,3
different,3
being,3
grada,3
kilocalories,3
bodenhorn,3
company,3
shay,3
bavaria,3
subsequent,3
improved,3
context,3
historians,3
gnp,3
prior,3
run,3
owners,3
central,3
million,3
old,3
amount,3
structural,3
response,3
drukker,3
town,3
german,3
across,3
process,3
mean,3
parents,3
developpement,3
weather,3
n,3
show,3
additional,3
problems,3
decades,3
societies,3
amsterdam,3
effort,3
scotland,3
carolina,3
density,3
further,3
furthermore,3
recently,3
energy,3
explain,3
dwellers,3
unequal,3
diminution,3
r,3
probably,3
example,3
knowledge,3
place,3
abel,3
records,3
actually,3
forces,3
t,3
substituting,3
wholesale,3
working,3
diminish,3
distances,3
protein,3
purchasing,3
weighty,3
results,3
joel,3
agrarkrisen,3
led,3
reduced,3
nonetheless,3
slower,3
positive,3
exposure,3
us,3
rockoff,3
same,3
without,3
vermont,3
business,3
experienced,3
averages,3
fact,3
diminishing,3
pressure,3
clerks,3
enable,3
gray,3
contemporary,3
identical,3
pennsylvania,3
honor,3
where,3
strauss,3
degree,3
remained,3
bowles,3
mills,3
divided,3
wretched,3
including,3
sufficiently,3
budget,3
waaler,3
factor,3
trade,3
clear,3
grew,3
essay,3
segment,3
artisans,3
implication,3
deaton,3
la,3
mironov,3
farm,3
fogel,3
note,3
bureau,3
horrell,3
dimensions,3
rapidly,3
lever,3
types,3
then,3
pace,3
minerals,3
know,3
dairy,3
country,3
monotonous,3
cyclical,3
returns,3
obviously,3
geschichte,3
hugh,3
nominal,3
them,3
adults,3
rising,3
maintain,3
calculations,3
bezanson,3
reported,3
through,3
variability,3
isolated,3
jan,3
our,3
youth,3
proteins,3
conditions,3
catch,3
shift,3
ofliving,3
needs,3
pertain,3
commodity,3
substantial,3
jorberg,3
profiles,3
should,3
meeting,3
difficult,2
bernard,2
estimated,2
generated,2
vienna,2
epidemics,2
college,2
determine,2
alone,2
poorer,2
schellekens,2
introduction,2
utility,2
berlin,2
scottish,2
factories,2
likely,2
eclectic,2
true,2
percapita,2
expenditure,2
anfdnge,2
considerations,2
decade,2
position,2
royal,2
preindustrial,2
exceptions,2
migration,2
causes,2
discontinuously,2
australia,2
hanley,2
implications,2
capitalists,2
advanced,2
nature,2
whitwell,2
textiles,2
daily,2
accompanied,2
thank,2
farmers,2
reveal,2
take,2
pfister,2
monotonically,2
achieved,2
fresh,2
horlings,2
decreased,2
china,2
declines,2
leunig,2
threshold,2
oxley,2
eastern,2
constraint,2
mass,2
chapter,2
possible,2
e,2
activity,2
away,2
tracing,2
disentangle,2
hungry,2
information,2
variations,2
x,2
timothy,2
dynamic,2
correlation,2
rees,2
measurement,2
manley,2
hudson,2
exist,2
phase,2
bogin,2
modernization,2
eating,2
ransom,2
adams,2
expected,2
hitherto,2
turn,2
developments,2
items,2
commercialization,2
vries,2
dates,2
riggs,2
estimate,2
consequently,2
olds,2
practically,2
smits,2
general,2
revel,2
hardly,2
dumke,2
incentive,2
phases,2
economique,2
poor,2
bring,2
main,2
centimeters,2
midwest,2
galbi,2
probable,2
risk,2
proportion,2
michel,2
hazardous,2
direct,2
crise,2
reason,2
affect,2
servants,2
improvement,2
specialization,2
india,2
expectancy,2
wealth,2
sum,2
producers,2
milanovic,2
bay,2
colder,2
four,2
besitzverteilung,2
powerful,2
rental,2
consequence,2
cost,2
belgian,2
upperand,2
endogenous,2
based,2
lead,2
mendels,2
szreter,2
seven,2
souza,2
virginians,2
weights,2
gottingen,2
exempt,2
though,2
indirect,2
persons,2
malthusian,2
industrious,2
public,2
possibility,2
malnutrition,2
trough,2
almost,2
degrees,2
used,2
douglas,2
received,2
criticized,2
ten,2
year,2
literature,2
consistently,2
broad,2
labrusse,2
et,2
reflect,2
holy,2
erndhrung,2
field,2
useful,2
fostered,2
things,2
order,2
degeneracy,2
quite,2
invention,2
wider,2
werf,2
invaluable,2
essentially,2
fonner,2
heintel,2
fully,2
annual,2
progress,2
jordan,2
maddison,2
re,2
paid,2
diminished,2
newly,2
finds,2
swine,2
f,2
sutch,2
role,2
sons,2
situation,2
power,2
insects,2
huck,2
matter,2
rome,2
famines,2
short,2
die,2
brian,2
limited,2
reduce,2
intervention,2
unprecedented,2
lb,2
southern,2
selection,2
bread,2
exceeded,2
chap,2
robin,2
tassenaar,2
marginal,2
bastardy,2
morgan,2
paradoxes,2
participants,2
included,2
wallis,2
baltimore,2
ed,2
insights,2
department,2
persson,2
increasingly,2
lee,2
jeffrey,2
factory,2
fell,2
kenneth,2
death,2
addition,2
ritschl,2
yl,2
mooney,2
faster,2
scholars,2
occupations,2
foods,2
ought,2
urbanized,2
substantially,2
bundle,2
considerable,2
anne,2
patterns,2
took,2
everyday,2
paris,2
bourguignon,2
skewing,2
michael,2
material,2
gdp,2
lean,2
senauer,2
doubled,2
calculation,2
simon,2
explanation,2
range,2
values,2
sundin,2
mechanization,2
samples,2
blum,2
angus,2
use,2
privileges,2
worse,2
kg,2
congress,2
ideas,2
services,2
markus,2
previous,2
reinforcing,2
theoretical,2
ties,2
exertion,2
lebensstandard,2
reward,2
ireland,2
amounts,2
crisis,2
keep,2
organism,2
revised,2
spread,2
farms,2
obtained,2
stages,2
meerten,2
selig,2
spent,2
why,2
annually,2
labour,2
article,2
become,2
overcome,2
garcia,2
can,2
availability,2
capitalism,2
slightly,2
northern,2
saw,2
kimberley,2
kisch,2
sugar,2
division,2
inelastic,2
today,2
indicators,2
provide,2
segments,2
amherst,2
program,2
arrow,2
deteriorating,2
klimageschichte,2
substitution,2
yale,2
began,2
contribution,2
transformation,2
halved,2
fall,2
holmes,2
departnent,2
austria,2
claims,2
fertility,2
variable,2
heavy,2
any,2
constant,2
intensification,2
determinants,2
unleashed,2
extant,2
each,2
paper,2
zamagni,2
seem,2
argue,2
report,2
feed,2
hearn,2
sandgruber,2
benefit,2
orphanage,2
masters,2
evident,2
stagnated,2
johnson,2
recession,2
ones,2
making,2
cause,2
bairoch,2
fanners,2
yield,2
property,2
catchpole,2
ruled,2
gommel,2
despite,2
leicester,2
unaffected,2
coatsworth,2
realeinkommen,2
paribus,2
turns,2
subject,2
transition,2
tall,2
ulrich,2
schweiz,2
donald,2
finding,2
schwarz,2
contributed,2
frisancho,2
integrated,2
gentry,2
remains,2
ships,2
hausindustriellen,2
coefficient,2
mystery,2
gordon,2
exclusively,2
kim,2
epochs,2
longer,2
pope,2
hans,2
major,2
ceteris,2
ounces,1
resolve,1
bedeutung,1
possessed,1
vor,1
frequent,1
convergence,1
generalization,1
decreasing,1
indicated,1
ranum,1
imported,1
meteorological,1
created,1
compensate,1
lennart,1
separated,1
excess,1
reconsidered,1
extend,1
presses,1
krefeld,1
compensated,1
overestimate,1
confinned,1
likewise,1
becoming,1
center,1
needed,1
miners,1
middleand,1
tend,1
cars,1
ma,1
miriam,1
continent,1
bias,1
easily,1
stunted,1
favor,1
leftward,1
policy,1
presents,1
unlike,1
holding,1
mittelalter,1
entwicklung,1
middlemen,1
australians,1
variety,1
annals,1
du,1
landowners,1
leads,1
experience,1
fluctuations,1
indexes,1
accumulation,1
came,1
consistent,1
vandenhoeck,1
sewer,1
esc,1
modest,1
venice,1
alsace,1
localities,1
roman,1
gilles,1
neolithic,1
military,1
berkeley,1
thrive,1
season,1
puffert,1
expectation,1
referees,1
anthropometrics,1
seems,1
bayem,1
switzerland,1
universitaire,1
zur,1
memorial,1
best,1
possibilities,1
rhode,1
reach,1
sketchy,1
capitalist,1
skills,1
broadly,1
suggesting,1
reasons,1
heam,1
timing,1
accumulated,1
potentially,1
origin,1
rich,1
achievement,1
studied,1
able,1
government,1
atlantic,1
farther,1
closer,1
concludes,1
composition,1
confirned,1
dom,1
farmer,1
agrarkonjunktur,1
kcal,1
improving,1
holidays,1
blackwell,1
raised,1
industrialisation,1
tv,1
reserved,1
debut,1
creativity,1
opposite,1
domestic,1
deteriorated,1
bohemia,1
rolf,1
seminar,1
depends,1
corroborating,1
politik,1
existence,1
forthcoming,1
fruit,1
verlag,1
recorded,1
gaps,1
albeit,1
component,1
money,1
discuss,1
changed,1
quantities,1
capable,1
bohemian,1
lifetime,1
karl,1
publishers,1
condition,1
paucity,1
bricklayers,1
magnified,1
dutch,1
disadvantage,1
mental,1
combination,1
say,1
except,1
regards,1
far,1
canning,1
whites,1
resources,1
fur,1
laws,1
edgar,1
inexpensive,1
economies,1
minimum,1
lars,1
behavior,1
fmds,1
diversity,1
framework,1
stress,1
exposed,1
mid,1
repeatedly,1
consumer,1
bleeding,1
conflict,1
albrecht,1
includes,1
antebellu,1
ice,1
biologischen,1
proto,1
estimating,1
difficulties,1
roger,1
quality,1
calculated,1
initial,1
due,1
lafin,1
visited,1
analyzing,1
recasting,1
econometric,1
sozialund,1
author,1
longitudinal,1
neighbors,1
interest,1
lectures,1
relatively,1
ease,1
ability,1
gunnar,1
acta,1
scotch,1
afford,1
saxony,1
application,1
satiation,1
fruihen,1
ray,1
assessment,1
niederrhein,1
universitaires,1
humboldt,1
extensively,1
parey,1
haupt,1
z,1
forced,1
conundrum,1
transitional,1
cases,1
concensus,1
economical,1
distinct,1
places,1
david,1
caput,1
severed,1
ludwigstrasse,1
profound,1
back,1
authoritarian,1
holds,1
riches,1
compared,1
unchanged,1
third,1
brackets,1
publications,1
find,1
wirthschaftstrukturen,1
scripta,1
coinciding,1
outset,1
packing,1
externalities,1
look,1
kentucky,1
indust,1
jones,1
acted,1
nuanced,1
acknowledge,1
rates,1
unfortunate,1
urgently,1
mercatura,1
jean,1
aim,1
branko,1
failed,1
rights,1
suppressing,1
overestimated,1
aborigines,1
sue,1
shipping,1
adequate,1
hamburg,1
essential,1
russian,1
costs,1
deteriorate,1
basil,1
michigan,1
testimony,1
mattered,1
soviet,1
counterbalanced,1
generations,1
stresses,1
how,1
remain,1
contractions,1
premodern,1
vegetables,1
en,1
radius,1
responded,1
subsistence,1
christine,1
handloom,1
teuteberg,1
supplement,1
eight,1
geert,1
b,1
jena,1
parts,1
benjamin,1
chattel,1
reconcile,1
k,1
lacking,1
consuming,1
presse,1
clayne,1
arbor,1
animals,1
supposed,1
raymond,1
vera,1
means,1
accounts,1
howard,1
regionalen,1
provinces,1
maintaining,1
facilitated,1
rialization,1
biased,1
females,1
conceptualization,1
possibly,1
statistical,1
benefits,1
grains,1
cwk,1
peasant,1
den,1
linked,1
linz,1
accrued,1
climate,1
listed,1
profile,1
shrinking,1
benefited,1
metabolize,1
austrian,1
calcium,1
refer,1
polytechnique,1
meats,1
cotton,1
stunting,1
victorian,1
permanent,1
aristocrats,1
triangle,1
m,1
contrary,1
dispersion,1
reflections,1
opening,1
expressed,1
result,1
suffered,1
my,1
incomplete,1
pioneering,1
textilgewerbe,1
downwardly,1
transmission,1
six,1
medicine,1
industrializing,1
begun,1
das,1
called,1
typical,1
flanders,1
lived,1
conventionally,1
international,1
ocean,1
circa,1
requirements,1
barry,1
scepticism,1
halle,1
arable,1
im,1
representative,1
sectoral,1
academic,1
pure,1
cadet,1
occupation,1
cultural,1
wales,1
healthy,1
stock,1
witnessed,1
annales,1
produced,1
inches,1
analogous,1
boys,1
otherwise,1
vivid,1
hypothetical,1
procedures,1
your,1
gini,1
saving,1
absolute,1
wide,1
gained,1
hopkins,1
near,1
cows,1
sustenance,1
expensive,1
improve,1
colonies,1
having,1
participation,1
nourishment,1
explore,1
perpetuated,1
accounting,1
ofagriculture,1
annabel,1
gains,1
vincent,1
already,1
distinguish,1
cormac,1
sept,1
concept,1
episode,1
unless,1
significantly,1
pessimist,1
advancement,1
crude,1
part,1
reduction,1
confined,1
indigenous,1
briatin,1
aged,1
reports,1
incremental,1
loss,1
whole,1
overview,1
bayern,1
macroeconomic,1
inferences,1
partly,1
falling,1
butter,1
participated,1
perishable,1
thereafter,1
winter,1
emancipation,1
hemorrhoids,1
personal,1
stratum,1
railroads,1
preparation,1
allotments,1
miniscule,1
universally,1
galhman,1
famine,1
hidden,1
redistribution,1
weavers,1
impinging,1
monetary,1
preceded,1
good,1
widen,1
siecle,1
running,1
legacy,1
optimal,1
interregional,1
eine,1
economiefrancaise,1
sense,1
bevdlkerung,1
ursprunglichen,1
stage,1
reliable,1
wellbeing,1
compensating,1
exclude,1
desires,1
ernahrungswirtschaft,1
event,1
fast,1
hemisphere,1
sundays,1
biologischer,1
characteristics,1
grams,1
few,1
components,1
allotted,1
wirtschaftsstruktur,1
temporary,1
industry,1
county,1
rye,1
amlherst,1
australian,1
coastwise,1
monotonic,1
philip,1
budgets,1
confimation,1
st,1
universities,1
os,1
dependent,1
ruprect,1
plausible,1
breed,1
stagnate,1
am,1
resourceabundant,1
aggregate,1
tennessee,1
concomitant,1
breakthroughs,1
wirtschaftsgeschichte,1
input,1
subsequently,1
periods,1
tea,1
span,1
rainer,1
xixe,1
temperheight,1
deflators,1
absence,1
shankar,1
curves,1
various,1
bringing,1
requirement,1
primitive,1
identified,1
incorrect,1
glasgow,1
incentives,1
vols,1
observations,1
ancien,1
play,1
landund,1
return,1
released,1
unstable,1
nearly,1
albany,1
exception,1
limitless,1
intensively,1
allen,1
july,1
celsius,1
expanded,1
indicates,1
drink,1
comments,1
initially,1
registered,1
traps,1
seemingly,1
standardize,1
roberto,1
percentage,1
evenly,1
synchronous,1
fascinating,1
colleges,1
examined,1
opportunities,1
wake,1
counterparts,1
slavic,1
unwin,1
refrigeration,1
railroad,1
enigmatic,1
infrastructure,1
perspectives,1
professor,1
culture,1
choices,1
repercussions,1
experiment,1
hunger,1
changea,1
begins,1
noted,1
passport,1
deutschland,1
inference,1
volution,1
au,1
burgher,1
inhabitants,1
members,1
stating,1
academy,1
locating,1
conceived,1
put,1
slavery,1
water,1
herbert,1
lund,1
sodeberg,1
shows,1
anny,1
nurnberg,1
aldershot,1
foodstuffs,1
deficient,1
rents,1
advantage,1
clarendon,1
industriellen,1
choice,1
classical,1
decreases,1
fallen,1
deleterious,1
orphans,1
simple,1
ages,1
publ,1
v,1
present,1
begin,1
signifying,1
model,1
respiratory,1
colcanis,1
developing,1
francois,1
existing,1
seventeenth,1
unclear,1
norwegian,1
models,1
fend,1
diets,1
native,1
frequency,1
controversy,1
sell,1
counterpart,1
shifts,1
dec,1
chair,1
centry,1
regionally,1
day,1
outgrowth,1
interpreting,1
levyleboyer,1
greatest,1
ingenious,1
vast,1
supplies,1
father,1
treated,1
own,1
easier,1
transporting,1
accompanying,1
maximized,1
region,1
attainment,1
industrialized,1
depended,1
strongest,1
canals,1
expand,1
europeans,1
significant,1
traded,1
johan,1
operated,1
station,1
refers,1
atures,1
survey,1
net,1
satisfactorily,1
commerical,1
strasburg,1
rare,1
variables,1
perishables,1
auf,1
ibid,1
franklin,1
downswings,1
exerted,1
graham,1
full,1
importantly,1
california,1
niacin,1
open,1
discovered,1
three,1
maurice,1
tail,1
bi,1
accounted,1
issn,1
allowed,1
helpful,1
balanced,1
plant,1
hernias,1
ngo,1
played,1
sicknesses,1
fragility,1
preservation,1
procuring,1
preschool,1
stagnating,1
municipal,1
gleerup,1
unambiguous,1
favored,1
especially,1
carbohydrates,1
behind,1
akkumulation,1
internationaler,1
literacy,1
systems,1
dollars,1
references,1
enabled,1
respectively,1
ann,1
structure,1
james,1
downturn,1
erndhrungslage,1
workshop,1
haven,1
tendency,1
vierteljahrschrift,1
landwirtschaft,1
quarterly,1
professional,1
ago,1
political,1
regimes,1
rearranged,1
elgar,1
gime,1
applies,1
offspring,1
konsumgesellschaft,1
decision,1
dora,1
strasbourg,1
indentured,1
midcentury,1
indication,1
depressed,1
christian,1
relationship,1
applications,1
imply,1
slender,1
backward,1
alex,1
raise,1
sanitation,1
wisdom,1
george,1
movements,1
assert,1
crucial,1
ecole,1
johns,1
five,1
criminal,1
suggestive,1
orst,1
ironically,1
exacerbated,1
concomitants,1
insufficient,1
slow,1
deborah,1
jona,1
cylce,1
kuznetsian,1
refrigerated,1
robustly,1
sukkoo,1
paradoxical,1
wilhelm,1
ysbrand,1
vegetarian,1
often,1
dans,1
blood,1
inferior,1
frontier,1
centuries,1
paying,1
pressures,1
susan,1
influencing,1
calorie,1
earliest,1
mannheim,1
biology,1
econmic,1
sara,1
entertain,1
komnlos,1
seine,1
duncan,1
shadow,1
steepest,1
transfonnation,1
series,1
conclusion,1
changing,1
must,1
unweighted,1
conflate,1
mario,1
contradiction,1
simply,1
ever,1
reinforced,1
known,1
implied,1
contents,1
perhaps,1
besides,1
centries,1
vergleich,1
sustained,1
utrecht,1
alternative,1
affords,1
civilians,1
upswing,1
boris,1
natural,1
unavailable,1
synthesizes,1
mutually,1
retained,1
shipment,1
monthly,1
postreconstruction,1
cm,1
expenditures,1
expanding,1
routledge,1
east,1
hohen,1
believe,1
scandinavica,1
tumn,1
incorporating,1
unknown,1
ubiquitous,1
alexander,1
accommodate,1
klima,1
starchy,1
mi,1
regard,1
kuziets,1
wealthier,1
brazil,1
infer,1
hdi,1
reflected,1
cities,1
berg,1
norway,1
past,1
impinged,1
ftir,1
meager,1
type,1
propitious,1
advances,1
better,1
segmented,1
milleleuropas,1
medical,1
differences,1
according,1
surpluses,1
pennsylvanians,1
inmates,1
purchase,1
what,1
denzel,1
combined,1
mccloskey,1
terms,1
selected,1
dem,1
males,1
noticeable,1
feb,1
covers,1
remoteness,1
sythesis,1
leaving,1
normnal,1
transaction,1
jerome,1
always,1
getting,1
correlates,1
rejoinder,1
institute,1
cloth,1
produce,1
influenced,1
counteracted,1
lagged,1
siecles,1
threat,1
size,1
des,1
prairies,1
burden,1
wedge,1
age,1
greg,1
transport,1
little,1
uniform,1
jahrhunderts,1
downswing,1
content,1
stagnant,1
bourgeois,1
rationale,1
measure,1
commodities,1
pudding,1
colonial,1
bradley,1
mention,1
diverged,1
gain,1
nutritonal,1
coming,1
childhood,1
ein,1
varied,1
unexplored,1
ted,1
spells,1
superseded,1
discriminated,1
question,1
moderate,1
symbolic,1
seit,1
argument,1
unable,1
difference,1
sufficed,1
illinois,1
katharinen,1
institutional,1
jacques,1
ernahrung,1
forster,1
trap,1
detached,1
include,1
citadel,1
rheumatism,1
terence,1
prosperity,1
area,1
measured,1
sandhurst,1
wirtschaftliche,1
anonymous,1
charles,1
rice,1
potential,1
bern,1
attending,1
russia,1
consisted,1
kapitalistischen,1
th,1
debate,1
northwestern,1
interaction,1
mhrg,1
sea,1
duration,1
immediately,1
manifests,1
economize,1
infancy,1
doing,1
glorified,1
close,1
predicated,1
medica,1
hypothesis,1
