WORDCOUNTS,WEIGHT
the,726
of,473
and,362
in,279
to,191
bmi,164
is,156
a,146
labor,120
that,119
health,118
for,107
force,101
participation,98
are,90
men,89
sample,73
from,70
were,68
by,63
on,63
income,62
at,61
as,61
not,60
with,56
union,55
army,53
or,52
retirement,50
be,49
was,46
nonparticipation,46
have,46
pension,43
age,42
nhis,42
percent,41
between,41
pp,40
risk,36
an,36
conditions,36
height,35
no,35
more,35
chronic,34
than,34
when,34
costa,33
may,33
probability,33
older,31
i,30
level,30
all,29
if,28
because,28
rates,27
mortality,27
relationship,26
s,25
this,24
among,24
weight,23
work,23
but,23
figure,23
levels,22
relative,22
both,22
years,22
those,21
body,21
their,21
mean,20
impact,20
working,20
disability,20
census,19
used,19
less,19
past,19
survey,18
observations,18
high,18
standard,18
status,17
these,17
who,17
pensions,17
there,16
maximizes,16
care,16
data,16
also,16
disease,16
been,16
then,16
estimated,15
other,15
had,15
out,15
economic,15
would,15
variable,15
mass,15
such,14
amount,14
coefficients,14
greater,14
probit,14
increase,14
which,14
can,14
fogel,14
national,14
c,14
it,13
h,13
poor,13
factors,13
population,13
prevalence,13
characteristics,13
veterans,13
secular,13
significant,13
individual,13
ill,13
evidence,13
states,13
has,12
z,12
higher,12
elasticity,12
limitation,12
m,12
however,12
year,12
family,12
will,12
index,12
time,12
where,12
interview,12
variables,12
low,12
table,12
e,11
l,11
similar,11
university,11
distribution,11
occupation,11
records,11
et,11
trends,11
notes,11
therefore,11
al,11
disabled,11
today,11
bureau,11
whether,11
kim,11
although,11
does,10
now,10
they,10
supply,10
joumal,10
changes,10
r,10
veteran,10
likely,10
social,10
dummy,10
workers,10
relation,10
life,10
respect,10
much,10
recent,10
one,9
source,9
p,9
changed,9
even,9
important,9
could,9
war,9
heart,9
presence,9
decision,9
united,9
specification,9
over,9
each,9
average,9
d,9
effects,9
substantial,9
observed,9
available,8
differences,8
improved,8
within,8
u,8
thus,8
compared,8
centered,8
wages,8
marks,8
change,8
retired,8
dependent,8
only,8
longer,8
occupations,8
ages,8
increases,8
upon,8
males,8
information,8
increased,8
early,8
indicated,7
use,7
lower,7
state,7
rolls,7
household,7
estimates,7
exercise,7
white,7
occupational,7
days,7
n,7
unemployment,7
wealth,7
aged,7
disabilities,7
research,7
results,7
he,7
about,7
two,7
rise,7
death,7
new,7
findings,7
improvements,7
b,7
male,7
through,7
press,7
rate,6
common,6
market,6
utility,6
large,6
american,6
earnings,6
history,6
total,6
either,6
robert,6
account,6
possible,6
x,6
resources,6
medical,6
century,6
y,6
marital,6
error,6
smoking,6
means,6
rising,6
intercept,6
found,6
economics,6
same,6
well,6
received,6
related,6
personal,6
mi,6
number,6
parameter,6
doctors,6
we,6
insignificant,6
program,6
manual,6
control,6
ratio,6
current,6
very,6
activity,6
yw,6
given,6
into,5
first,5
meters,5
suggesting,5
wage,5
some,5
determined,5
married,5
de,5
adult,5
york,5
rather,5
his,5
how,5
record,5
k,5
surface,5
cancer,5
result,5
output,5
dummies,5
equal,5
burkhauser,5
perform,5
differ,5
example,5
statistics,5
squared,5
yelin,5
included,5
adjusted,5
kilograms,5
again,5
fallen,5
surgeon,5
including,5
samples,5
waaler,5
causes,5
bed,5
regressions,5
vector,5
increasing,5
hospitalizations,5
any,5
determinants,5
arthritis,5
deleted,5
did,5
visits,5
historical,5
agricultural,5
healthy,5
incomes,5
entire,5
measure,5
difference,5
correlated,5
remains,5
strong,5
fraction,4
per,4
predictor,4
explanatory,4
nineteenth,4
test,4
sources,4
military,4
continue,4
farmers,4
subsequent,4
regression,4
normal,4
dora,4
deviation,4
condition,4
richard,4
since,4
nor,4
unchanged,4
without,4
edited,4
cohort,4
t,4
affect,4
consider,4
statistical,4
benefits,4
taubman,4
w,4
most,4
filed,4
elasticities,4
disorders,4
urbanization,4
furthermore,4
public,4
basis,4
cubic,4
deolalikar,4
suggest,4
small,4
decline,4
annual,4
using,4
provided,4
populations,4
still,4
indicates,4
selection,4
preston,4
security,4
fact,4
lee,4
shortening,4
demographic,4
epidemiology,4
john,4
do,4
likelihood,4
jobs,4
see,4
nutrition,4
birth,4
made,4
region,4
controlling,4
resulting,4
individuals,4
option,4
rejected,4
explorations,4
co,4
function,4
households,4
retire,4
v,4
smokers,4
tests,4
ann,4
foreign,4
nonparticipant,4
analysis,4
elderly,4
associated,4
must,4
known,4
physical,4
tuberculosis,4
examining,4
living,4
advances,4
bartel,4
problem,4
extent,4
property,4
suggests,4
reported,4
manufacturing,4
cambridge,4
course,4
measured,4
shift,4
comparison,4
participant,4
laborers,4
should,4
o,3
bmis,3
determine,3
measures,3
partially,3
zero,3
federal,3
bias,3
flows,3
habits,3
equations,3
being,3
ii,3
rich,3
greatly,3
political,3
system,3
inverse,3
except,3
measurement,3
review,3
development,3
run,3
muscle,3
tables,3
afford,3
old,3
pronounced,3
late,3
verbrugge,3
across,3
midwest,3
opportunity,3
taller,3
assuming,3
institutionalized,3
physically,3
argued,3
random,3
cost,3
hours,3
standards,3
lead,3
whom,3
declined,3
seven,3
stallard,3
obesity,3
respectively,3
though,3
lung,3
applied,3
its,3
employed,3
optimal,3
indicators,3
manton,3
few,3
value,3
f,3
minimizes,3
service,3
interactions,3
once,3
housing,3
neither,3
msa,3
participants,3
icpsr,3
regardless,3
law,3
varies,3
choice,3
incorporation,3
heckman,3
perhaps,3
behrman,3
mill,3
another,3
divided,3
servant,3
confidence,3
consortium,3
examination,3
glasson,3
derived,3
period,3
so,3
curve,3
interacted,3
obese,3
especially,3
become,3
structure,3
james,3
artisans,3
slightly,3
quarterly,3
arbor,3
farm,3
applications,3
provide,3
education,3
investigate,3
rises,3
school,3
corder,3
log,3
sciences,3
different,3
half,3
linked,3
keyssar,3
evident,3
combined,3
rose,3
terms,3
cause,3
weights,3
changing,3
andres,3
size,3
socioeconomic,3
neck,3
pain,3
role,3
models,3
nonlabor,3
surgeons,3
potential,3
coefficient,3
haines,3
final,2
later,2
functional,2
northeast,2
group,2
judged,2
determinant,2
essays,2
nonparticipating,2
modern,2
higgs,2
expects,2
quadratic,2
comparisons,2
recommendations,2
experience,2
gap,2
explaining,2
hence,2
specifically,2
fund,2
implications,2
taken,2
might,2
worked,2
diseases,2
j,2
nature,2
accumulated,2
able,2
jere,2
help,2
failures,2
decreased,2
depends,2
coronary,2
case,2
bending,2
primary,2
proxies,2
agriculture,2
vol,2
marked,2
withdrawal,2
functions,2
calculated,2
diss,2
laws,2
human,2
against,2
gerontology,2
relatively,2
ability,2
applicant,2
participating,2
application,2
unhealthy,2
ai,2
young,2
estimate,2
thin,2
died,2
receipt,2
details,2
general,2
selfreported,2
unobservable,2
influence,2
jean,2
sixteen,2
simultaneously,2
recognized,2
whose,2
deviations,2
identification,2
act,2
growth,2
remain,2
edward,2
basic,2
uw,2
centimeters,2
calculation,2
incidence,2
musculoskeletal,2
anil,2
institutionalization,2
certain,2
adjustments,2
induce,2
consequences,2
healthier,2
biased,2
prevalencia,2
flexibility,2
established,2
severity,2
india,2
workplace,2
expectancy,2
sick,2
elsewhere,2
unemployed,2
frequently,2
commonly,2
shorter,2
origins,2
problems,2
whereas,2
endogenous,2
proxied,2
entered,2
demands,2
circa,2
captured,2
representative,2
term,2
handbook,2
correction,2
appears,2
produced,2
persons,2
companies,2
cannot,2
excellent,2
required,2
dependents,2
possibility,2
receive,2
literature,2
leisure,2
significantly,2
county,2
part,2
civil,2
reduction,2
revealed,2
gender,2
place,2
nonsmokers,2
killingsworth,2
graduate,2
prices,2
good,2
least,2
indicator,2
caused,2
quinn,2
order,2
contrast,2
long,2
several,2
mitchell,2
unrelated,2
massachusetts,2
up,2
inability,2
productivity,2
periods,2
south,2
led,2
proxy,2
specifications,2
arteriosclerotic,2
demand,2
various,2
negri,2
limited,2
prevailing,2
added,2
harevan,2
oxford,2
cohorts,2
yet,2
fair,2
opportunities,2
barker,2
soon,2
technology,2
under,2
restricted,2
memorial,2
coulander,2
independent,2
members,2
fell,2
valvular,2
experienced,2
residence,2
registration,2
shows,2
cumulative,2
hoffmans,2
larger,2
substantially,2
minimize,2
pattern,2
present,2
derivative,2
model,2
respiratory,2
michael,2
riley,2
wartime,2
strauss,2
day,2
degree,2
makela,2
week,2
understanding,2
collecting,2
success,2
observable,2
mechanization,2
dollar,2
food,2
previous,2
leaner,2
accounted,2
ri,2
after,2
thomas,2
spent,2
moen,2
article,2
nhanes,2
effect,2
excluded,2
northern,2
diabetes,2
smaller,2
assigned,2
imply,2
note,2
milbank,2
lost,2
endogeneity,2
seen,2
strongly,2
indicate,2
class,2
often,2
association,2
clinical,2
meant,2
considered,2
gpo,2
laborer,2
series,2
margo,2
geographic,2
nutritional,2
recruits,2
here,2
know,2
ni,2
katz,2
ph,2
report,2
whaples,2
job,2
boarder,2
modell,2
fetal,2
beginning,2
unlikely,2
what,2
form,2
diaz,2
interval,2
gruenberg,2
heavier,2
abruptly,2
goodman,2
urban,2
infant,2
categories,2
surveys,2
cigarette,2
despite,2
pincus,2
improves,2
programs,2
demanding,2
policymakers,2
families,2
world,2
childhood,2
goldin,2
samuel,2
washington,2
grant,2
constructed,2
kromhout,2
illiteracy,2
defined,2
derive,2
cr,2
themselves,2
rejection,2
sectors,2
vary,2
chicago,2
ownership,2
backwards,2
focus,2
cubed,2
indistinguishable,2
asked,2
showed,2
medica,2
resolve,1
difficult,1
owes,1
generated,1
represent,1
affected,1
nationwide,1
environmental,1
finland,1
college,1
heights,1
approximated,1
alone,1
poorer,1
mar,1
starts,1
manuscript,1
expect,1
contemporaneous,1
becoming,1
needed,1
prediction,1
complex,1
stays,1
ma,1
sets,1
injuries,1
illiterate,1
strictly,1
expenditure,1
studies,1
homeownership,1
decade,1
ranges,1
quantile,1
trace,1
ameliorated,1
necessarily,1
unlike,1
occurred,1
dae,1
preindustrial,1
steeply,1
annals,1
institutes,1
women,1
colon,1
predominantly,1
romafn,1
consistent,1
nhi,1
earning,1
submitted,1
every,1
natioual,1
certainly,1
drugs,1
jointly,1
diego,1
hire,1
investments,1
utilization,1
incapacity,1
malleable,1
containing,1
reach,1
principles,1
skills,1
leading,1
sahn,1
daily,1
accompanied,1
estimation,1
nrecipitiouslv,1
potentially,1
follows,1
studied,1
atlantic,1
hundred,1
boarders,1
composition,1
econometrica,1
farmer,1
antihypertensive,1
achieved,1
differential,1
copious,1
reserved,1
classified,1
theodore,1
declines,1
context,1
similarities,1
obesidad,1
british,1
binstock,1
empty,1
depending,1
exogenous,1
laboring,1
linear,1
necesasary,1
recorded,1
instrumented,1
historians,1
nber,1
capacity,1
guidelines,1
matthew,1
cco,1
enumerator,1
indirectly,1
prior,1
implies,1
upward,1
decile,1
reaching,1
sedentary,1
lodging,1
tha,1
abstract,1
obvious,1
measuring,1
west,1
mental,1
remission,1
statisticalabstract,1
shifters,1
kahn,1
compares,1
correlation,1
interviews,1
outweighted,1
minimum,1
signal,1
stress,1
prerequisite,1
million,1
retaining,1
includes,1
regularly,1
dependence,1
rheumatoid,1
explained,1
component,1
cid,1
severe,1
stomach,1
difficulties,1
roger,1
proportionate,1
quality,1
thinner,1
objective,1
smallsample,1
econometric,1
unpublished,1
g,1
interest,1
osteoarthritis,1
relations,1
acta,1
raises,1
price,1
noninstitutionalized,1
exam,1
hennekens,1
seaboard,1
turn,1
cases,1
survivors,1
uniformly,1
causing,1
disproportionately,1
marriage,1
withdraw,1
difficulty,1
served,1
left,1
continuous,1
third,1
employers,1
compare,1
skew,1
diarrhea,1
consequently,1
instruments,1
journal,1
practically,1
robability,1
unskilled,1
dust,1
stigma,1
anthropometric,1
perfect,1
familia,1
lesser,1
incentives,1
rights,1
surprisingly,1
alleged,1
avoids,1
evaluates,1
americans,1
dangerously,1
reflects,1
plotted,1
exact,1
aimed,1
faily,1
main,1
square,1
linearly,1
irwin,1
geriatric,1
antiinflammatory,1
environments,1
elsevier,1
suffer,1
determining,1
earlier,1
supplement,1
importance,1
manson,1
variant,1
direct,1
parts,1
ongoing,1
seasonality,1
employees,1
enabled,1
nevin,1
attorny,1
midwesterners,1
moreover,1
impairments,1
psychological,1
reason,1
understand,1
brunswick,1
ensure,1
censored,1
improvement,1
postindustrial,1
rated,1
grounds,1
clearly,1
quoted,1
unimportant,1
numbers,1
gradually,1
contemporaries,1
truncation,1
benefited,1
retrospective,1
show,1
additional,1
modeled,1
requires,1
allen,1
conditional,1
shifted,1
dc,1
centuiy,1
based,1
substitutability,1
merging,1
complications,1
cd,1
allow,1
appearance,1
medicine,1
plot,1
discrete,1
pulse,1
amsterdam,1
ci,1
rooms,1
facilitate,1
requirements,1
worker,1
illness,1
vigorous,1
employee,1
affluence,1
unobserved,1
academic,1
density,1
further,1
artefact,1
eased,1
cultural,1
institute,1
stock,1
skilled,1
afforded,1
viewed,1
clayne,1
intensity,1
purchased,1
otherwise,1
energy,1
workday,1
placed,1
spline,1
saving,1
explain,1
instrumental,1
professionals,1
assignation,1
isk,1
hopkins,1
arthritics,1
aging,1
butmfirst,1
underlie,1
bierman,1
none,1
having,1
gains,1
scope,1
abstracts,1
industrial,1
relationshiop,1
unless,1
london,1
coded,1
indexes,1
q,1
fit,1
during,1
contains,1
people,1
strenuous,1
increasingly,1
predicts,1
earn,1
participate,1
project,1
gently,1
own,1
graph,1
secularly,1
alleviation,1
drug,1
sampled,1
errors,1
expectancies,1
unmarried,1
published,1
statistically,1
homeowners,1
lezenne,1
presented,1
field,1
solvency,1
decarli,1
tested,1
nonparticipants,1
rutgers,1
diagnostic,1
withdrawing,1
intervals,1
sufficient,1
workshops,1
driving,1
june,1
highly,1
leanest,1
brought,1
schedules,1
climate,1
usual,1
differing,1
always,1
ohio,1
plausible,1
reflected,1
diminished,1
preliminary,1
displaced,1
finds,1
moved,1
reducing,1
activities,1
pope,1
flareups,1
prevalent,1
deleting,1
cite,1
proprietor,1
critical,1
became,1
san,1
curves,1
steadily,1
contingent,1
identified,1
mark,1
exception,1
deserters,1
april,1
reduce,1
prove,1
community,1
above,1
dwellings,1
make,1
comments,1
repeating,1
longitudinal,1
modes,1
decisions,1
confounded,1
ineligible,1
percentage,1
econometrician,1
joann,1
calculate,1
lifting,1
interpretation,1
represents,1
makes,1
switching,1
thought,1
tamara,1
exposure,1
pensioners,1
us,1
easing,1
earned,1
symptomatic,1
home,1
falls,1
cardiovascular,1
professor,1
abhijit,1
ro,1
sharply,1
baltimore,1
ed,1
microdata,1
responsive,1
robust,1
costs,1
already,1
illustrated,1
reports,1
unusually,1
boarding,1
allows,1
sector,1
joumals,1
jon,1
underway,1
sven,1
fellow,1
liquidated,1
splines,1
paul,1
stated,1
vecchia,1
safety,1
flat,1
addition,1
yl,1
missing,1
scholars,1
humidity,1
efforts,1
lighter,1
rejections,1
traceable,1
deterioration,1
underestimated,1
lobby,1
striking,1
romain,1
proposal,1
match,1
children,1
enable,1
infectious,1
hazzard,1
grows,1
aug,1
man,1
discussed,1
simple,1
enough,1
learn,1
ninety,1
en,1
continuing,1
developing,1
accepted,1
establish,1
norwegian,1
medicina,1
practice,1
intemational,1
metropolitan,1
distance,1
counterpart,1
ssha,1
explicitly,1
remained,1
doubled,1
local,1
original,1
meetings,1
matrix,1
private,1
casual,1
worsening,1
explanation,1
range,1
asthmatic,1
unavailability,1
patricia,1
enormous,1
clerical,1
depended,1
heliovaara,1
morbidity,1
needing,1
disase,1
empirical,1
unfortunately,1
prevailed,1
virtually,1
factor,1
assume,1
affects,1
congress,1
rare,1
insufficiency,1
ibid,1
diagnosed,1
prelude,1
raising,1
pennsylvania,1
lessened,1
poterba,1
described,1
arguably,1
significance,1
volunteer,1
three,1
sustain,1
peter,1
faces,1
issn,1
srinivasen,1
times,1
allowed,1
stooping,1
summer,1
optimum,1
farms,1
collected,1
variance,1
obtained,1
maximize,1
kept,1
last,1
identifiability,1
provides,1
payment,1
favored,1
facing,1
written,1
applicants,1
study,1
references,1
topics,1
ealth,1
pensioner,1
equivalent,1
evaluated,1
professional,1
ago,1
la,1
claudia,1
examines,1
puerto,1
entitled,1
letting,1
rico,1
consists,1
indication,1
twelve,1
claimant,1
backward,1
responsiveness,1
belonged,1
sanitation,1
fairly,1
continued,1
george,1
recall,1
crucial,1
johns,1
five,1
circulatory,1
plays,1
employment,1
randomly,1
enumerators,1
insufficient,1
widespread,1
binary,1
bulletin,1
predict,1
becomes,1
sensitive,1
un,1
temin,1
yale,1
economists,1
wilson,1
rapidly,1
category,1
countries,1
miami,1
literacy,1
statewide,1
fall,1
types,1
months,1
face,1
joseph,1
detail,1
claims,1
asociadas,1
assistant,1
environment,1
graphs,1
duncan,1
magnitude,1
rarely,1
proprietors,1
following,1
pagano,1
sloping,1
climbing,1
measurements,1
predictions,1
instructed,1
tverdal,1
prob,1
discharged,1
coincides,1
butler,1
unavailable,1
unadjusted,1
monthly,1
commonplace,1
country,1
innovations,1
board,1
illnesses,1
scandinavica,1
referees,1
banerjee,1
unknown,1
alexander,1
down,1
ipation,1
cyclical,1
cc,1
universal,1
minimized,1
cerebrovascular,1
losses,1
sievers,1
benefit,1
constant,1
pulmonary,1
build,1
cities,1
closest,1
prospects,1
rural,1
passage,1
remarkably,1
absolutely,1
better,1
person,1
william,1
suffering,1
according,1
answered,1
them,1
reinterpretations,1
accounts,1
enlistment,1
seasonal,1
calculations,1
nonveterans,1
temporally,1
therapy,1
consisting,1
interpreting,1
unemplovment,1
condiciones,1
differs,1
obstructive,1
produce,1
awarded,1
generally,1
nj,1
eligibility,1
commissioner,1
thereby,1
tightening,1
scrimshaw,1
rd,1
centro,1
suppl,1
unaffected,1
variability,1
techniques,1
tried,1
fumes,1
step,1
ignorant,1
rationale,1
twenties,1
arguments,1
colonial,1
phenomenon,1
exceptionally,1
hypertension,1
faculty,1
slight,1
covariance,1
complaints,1
whenever,1
statute,1
shown,1
until,1
spring,1
survival,1
injured,1
similarity,1
finding,1
twentieth,1
oif,1
intakes,1
naomi,1
crisis,1
actively,1
include,1
consumption,1
need,1
rheumatism,1
regular,1
off,1
area,1
xd,1
maxmiem,1
maximized,1
rosenberg,1
roughly,1
morning,1
anonymous,1
respective,1
samhles,1
charles,1
mounting,1
modeling,1
artisan,1
deciding,1
survivorship,1
lamoreaux,1
assumed,1
astimates,1
variations,1
consisted,1
estimator,1
reached,1
eckaus,1
civilian,1
severely,1
duration,1
technological,1
comparable,1
swamping,1
meeting,1
successive,1
ca,1
hans,1
close,1
major,1
