WORDCOUNTS,WEIGHT
the,414
of,198
and,131
to,93
in,83
for,57
a,53
that,50
by,49
financial,44
s,38
is,36
on,35
as,34
crisis,31
at,29
how,24
with,23
banks,23
new,22
their,21
but,18
report,17
was,16
or,16
more,16
are,15
street,14
they,13
from,13
role,13
fed,13
it,12
york,12
economic,12
housing,12
wall,12
were,12
bank,11
had,11
markets,11
credit,11
this,11
mae,11
fannie,11
market,10
united,10
not,10
regulators,10
history,10
government,10
when,9
into,9
press,9
each,9
subprime,9
system,9
case,9
well,9
gorton,9
crises,9
its,9
investment,9
states,9
lehman,9
be,9
federal,8
university,8
these,8
reports,8
regulation,8
u,8
argues,8
friedman,8
securities,8
even,8
neal,8
them,7
mortgage,7
bubble,7
all,7
assets,7
leading,7
last,7
panic,7
which,7
review,7
most,7
mac,7
commission,7
up,7
freddie,7
provide,6
bankers,6
mortgages,6
regulatory,6
princeton,6
available,6
international,6
could,6
big,6
material,6
bernanke,6
has,6
historical,6
office,6
led,6
resort,6
argument,6
general,6
story,6
we,6
will,5
atack,5
inside,5
still,5
consequences,5
former,5
policy,5
too,5
investors,5
only,5
different,5
capital,5
argue,5
theme,5
p,5
time,5
brothers,5
economy,5
who,5
both,5
made,5
fail,5
first,5
collapse,5
commercial,5
development,5
have,5
september,5
would,5
pdf,5
next,5
after,5
repeated,5
especially,5
article,5
much,5
than,5
regulations,5
johnson,5
european,4
became,4
no,4
sheet,4
his,4
if,4
short,4
financing,4
institutions,4
greed,4
american,4
dissenting,4
studies,4
larry,4
mehrling,4
collateral,4
bonds,4
many,4
clearly,4
takes,4
gov,4
source,4
however,4
sources,4
starting,4
did,4
extent,4
great,4
ben,4
inquiry,4
fcic,4
any,4
political,4
war,4
residential,4
particular,4
agencies,4
problem,4
historians,4
gives,4
while,4
world,4
background,4
given,4
reserve,4
end,4
repo,4
causes,4
president,4
due,4
imf,4
hidden,4
back,4
http,4
james,4
an,4
loans,4
gold,4
vintage,3
incentives,3
asset,3
now,3
books,3
various,3
common,3
way,3
continued,3
kwak,3
support,3
oversight,3
reinhart,3
artide,3
eight,3
one,3
special,3
lewis,3
michael,3
origins,3
interpretation,3
centuries,3
flows,3
gpo,3
administration,3
lack,3
gary,3
two,3
indexes,3
www,3
rather,3
here,3
jeffrey,3
over,3
europe,3
globalization,3
finance,3
official,3
lenders,3
three,3
company,3
other,3
individuals,3
best,3
domestic,3
then,3
john,3
requirements,3
i,3
devils,3
senate,3
late,3
state,3
henry,3
those,3
what,3
within,3
see,3
failure,3
goldman,3
imposed,3
wealth,3
rogoff,3
manias,3
perhaps,3
public,3
fault,3
going,3
out,3
panics,3
greenspan,3
years,3
chapter,3
possible,3
future,3
work,3
level,3
economist,3
sense,3
point,3
despite,3
sachs,3
players,3
annual,3
cheap,3
data,3
policymakers,3
began,3
effectively,3
trust,3
previous,3
wessel,3
traders,3
g,3
washington,3
author,3
good,3
gses,3
individual,3
chief,3
allowed,3
century,3
ratings,3
lender,3
ignorance,3
kindleberger,3
charles,3
between,3
lines,3
essentially,3
nj,3
fool,3
among,3
crashes,3
online,2
requires,2
he,2
morgan,2
lowenstein,2
colossal,2
raghuram,2
implications,2
perry,2
cassidy,2
gpofcic,2
joshua,2
stock,2
taken,2
bold,2
later,2
kenneth,2
m,2
usually,2
been,2
deleveraging,2
foreign,2
corruption,2
continuing,2
know,2
developed,2
thrift,2
episodes,2
widespread,2
past,2
republican,2
ultimate,2
detailed,2
mclean,2
wallison,2
make,2
households,2
lawrence,2
threaten,2
cdos,2
generally,2
countries,2
complex,2
ongoing,2
obama,2
backed,2
innovation,2
use,2
white,2
creditors,2
catastrophe,2
motivation,2
pkg,2
monthly,2
makes,2
favor,2
want,2
tribe,2
locally,2
during,2
j,2
w,2
occurred,2
eventually,2
mcdonald,2
machine,2
ed,2
egregious,2
argued,2
armageddon,2
practices,2
carmen,2
always,2
department,2
joe,2
outsized,2
increasingly,2
powerful,2
bush,2
either,2
sector,2
volume,2
fellow,2
organizations,2
fdsys,2
oxford,2
index,2
set,2
business,2
ii,2
stronger,2
give,2
evidence,2
providing,2
eds,2
again,2
rated,2
subject,2
deserves,2
capitalists,2
efforts,2
paulson,2
based,2
endangerment,2
global,2
secondary,2
newly,2
ambition,2
access,2
accumulated,2
bistro,2
really,2
research,2
created,2
sustaining,2
events,2
far,2
toxic,2
missteps,2
academic,2
further,2
hand,2
bubbles,2
heart,2
fourth,2
raised,2
step,2
journalists,2
current,2
reading,2
where,2
chicago,2
unique,2
whether,2
gretchen,2
rajan,2
upon,2
bethany,2
hamilton,2
dream,2
cambridge,2
money,2
follows,2
yorker,2
weidenmier,2
alan,2
insured,2
commitments,2
balance,2
simon,2
invisible,2
nocera,2
understanding,2
urban,2
calamities,2
used,2
benefited,2
crown,2
explanation,2
fractures,2
culpability,2
reported,2
deposits,2
supervision,2
through,2
unleashed,2
example,2
cash,2
simply,2
ross,2
internationally,2
bankruptcy,2
sorkin,2
behavior,2
treasury,2
takeover,2
basel,2
central,2
london,2
andrew,2
come,2
dealer,2
eventual,2
roger,2
lombard,2
run,2
corrupted,2
since,2
against,2
misguided,2
authors,2
finally,2
peter,2
logic,2
large,2
ended,2
keep,2
although,2
afford,2
caused,2
jeremy,2
gillian,2
need,2
so,2
supposed,2
regular,2
you,2
kept,2
rosner,2
tett,2
standard,2
provides,2
folly,2
small,2
underlying,2
slapped,2
david,2
perspective,2
several,2
beyond,2
written,2
potential,2
governments,2
doomsday,2
thing,2
effective,2
banking,2
penguin,2
find,2
concluding,2
percent,2
aliber,2
also,2
present,2
re,2
focus,2
enhanced,2
save,2
notes,2
quarterly,2
looking,2
provided,2
reckless,2
conversations,2
securitization,2
invest,2
edited,2
cartel,1
ammunition,1
drawing,1
may,1
frequent,1
book,1
enough,1
entities,1
rights,1
increasing,1
battle,1
unwinding,1
ending,1
poor,1
breaking,1
related,1
assigned,1
currently,1
appointees,1
edition,1
second,1
substituting,1
done,1
giroux,1
me,1
triple,1
whose,1
along,1
references,1
reduced,1
south,1
instructors,1
intermediation,1
philadelphia,1
academia,1
generalization,1
marc,1
implemented,1
act,1
quite,1
criminally,1
robinson,1
semiannual,1
italy,1
main,1
shortterm,1
dire,1
borrowers,1
toward,1
overall,1
selections,1
contrasted,1
program,1
expansion,1
learning,1
aggressive,1
bretton,1
consists,1
forced,1
limited,1
dangers,1
bailout,1
crowds,1
easing,1
crash,1
criticized,1
extend,1
classic,1
culminating,1
nearly,1
concerns,1
process,1
constraints,1
broaden,1
convicted,1
knew,1
success,1
april,1
ceo,1
active,1
convince,1
community,1
temin,1
goes,1
painful,1
period,1
starts,1
worse,1
bill,1
currency,1
earlier,1
federalism,1
interplay,1
tarp,1
similar,1
initially,1
b,1
told,1
collapsed,1
opportunist,1
executive,1
southern,1
dc,1
confidence,1
volumes,1
contributions,1
why,1
structural,1
introductory,1
often,1
empowered,1
ample,1
efficiency,1
specific,1
course,1
identify,1
designed,1
prime,1
comforting,1
reforms,1
about,1
guide,1
likely,1
averting,1
competition,1
moreover,1
directives,1
happened,1
chase,1
composed,1
amsterdam,1
sets,1
actions,1
replete,1
months,1
making,1
emerging,1
accounts,1
bias,1
opportunities,1
revealed,1
triplea,1
bundled,1
ceos,1
bet,1
eugene,1
leveraging,1
homeownership,1
nine,1
satisfied,1
joseph,1
message,1
straus,1
wanted,1
january,1
prodding,1
fought,1
cause,1
march,1
excellent,1
possibly,1
detail,1
protection,1
unscrupulous,1
claims,1
key,1
neither,1
committee,1
established,1
acquired,1
another,1
reciprocal,1
title,1
participants,1
rmbs,1
home,1
evaluating,1
bit,1
optimistically,1
holding,1
abuses,1
mistakes,1
before,1
under,1
director,1
essential,1
precedence,1
reinvestment,1
remedy,1
days,1
lax,1
limits,1
choices,1
nineteenth,1
something,1
lessons,1
sharply,1
traces,1
arguing,1
descriptions,1
hsgac,1
variety,1
favorite,1
indictment,1
sales,1
natural,1
reviewed,1
focusing,1
faith,1
someday,1
largest,1
already,1
dating,1
turning,1
examiner,1
themes,1
intentions,1
disturbances,1
patrick,1
gullibility,1
regulated,1
morgenson,1
heroes,1
filed,1
lower,1
without,1
echo,1
stewart,1
additional,1
member,1
rise,1
deserved,1
n,1
times,1
known,1
dubious,1
follow,1
exposition,1
enterprises,1
inflated,1
explaining,1
investor,1
emergence,1
coordinate,1
longer,1
followed,1
inc,1
persuasive,1
definite,1
jurisdiction,1
specifically,1
culprit,1
aig,1
blossomed,1
members,1
certainly,1
doi,1
text,1
funding,1
entitling,1
debts,1
creation,1
subscribed,1
majority,1
posed,1
harping,1
useful,1
permanent,1
backstop,1
paul,1
hud,1
medieval,1
reevaluating,1
challenge,1
continue,1
power,1
loners,1
fell,1
antecedents,1
quickly,1
korean,1
bipartisan,1
suggested,1
might,1
excess,1
dimension,1
mortenson,1
flow,1
wrenching,1
view,1
pitchforks,1
transparently,1
billions,1
assessments,1
rational,1
union,1
williamson,1
deregulation,1
experimentation,1
pendulum,1
knowing,1
deutsche,1
thomas,1
specialized,1
repaid,1
acronym,1
others,1
december,1
thrifts,1
rhode,1
obligations,1
aftermath,1
innovations,1
higher,1
professions,1
uncovering,1
jpmorgan,1
areas,1
regret,1
down,1
overturn,1
dooms,1
studied,1
remit,1
found,1
epitomized,1
entered,1
criminal,1
undertake,1
shadow,1
fico,1
documents,1
bounds,1
ensuing,1
july,1
caveat,1
swung,1
pretense,1
particularly,1
economics,1
deal,1
ties,1
thanks,1
proliferation,1
effort,1
imperatives,1
impersonal,1
villains,1
covering,1
kingdom,1
packages,1
venture,1
emerge,1
originating,1
fifth,1
risk,1
pattern,1
fears,1
there,1
secured,1
introduces,1
burst,1
philosophical,1
base,1
agree,1
failures,1
just,1
brokers,1
elected,1
scores,1
collateralized,1
macroeconomic,1
risky,1
lending,1
never,1
fdic,1
turned,1
conclusions,1
took,1
date,1
cra,1
downloadable,1
wager,1
reserved,1
poetic,1
robert,1
chinese,1
investigations,1
exactly,1
according,1
briefing,1
topped,1
free,1
third,1
committed,1
numbering,1
manipulate,1
stearns,1
recession,1
shorted,1
brokering,1
receiving,1
victims,1
investigation,1
extreme,1
buyer,1
separated,1
setting,1
seventeenth,1
papers,1
undercut,1
supplement,1
shtml,1
trumpets,1
stability,1
illinois,1
form,1
list,1
less,1
geithner,1
malaise,1
meltdown,1
strategies,1
rising,1
hammers,1
jefferson,1
interpreted,1
independently,1
away,1
shakes,1
grounds,1
house,1
overruled,1
depending,1
knockdown,1
opportunistic,1
passed,1
origination,1
rest,1
exploit,1
pundits,1
circumstances,1
deep,1
z,1
investigative,1
shortfalls,1
profit,1
catered,1
overissue,1
creates,1
repercussions,1
severe,1
contagion,1
number,1
possibility,1
pressures,1
rating,1
imputed,1
recommend,1
institute,1
right,1
require,1
such,1
uncertainty,1
updates,1
directly,1
legitimacy,1
local,1
mea,1
vol,1
rock,1
episode,1
replacement,1
felt,1
some,1
acquisition,1
tranches,1
logical,1
nber,1
line,1
relief,1
guys,1
casual,1
size,1
discussion,1
belies,1
formerly,1
expanded,1
exports,1
drive,1
invested,1
derived,1
capitalism,1
initial,1
hindsight,1
insight,1
stuck,1
emphasis,1
bear,1
obvious,1
information,1
inspector,1
customers,1
offering,1
misread,1
hails,1
winnings,1
pessimistically,1
moody,1
taking,1
brought,1
thereby,1
breadth,1
arose,1
very,1
introduced,1
eliminating,1
civil,1
subsidies,1
increase,1
holt,1
courses,1
settlements,1
ultimately,1
lays,1
comment,1
equivalent,1
bordo,1
overlooks,1
nationalized,1
himself,1
experience,1
encouraged,1
intended,1
affordable,1
reserves,1
reliance,1
asian,1
happens,1
traded,1
com,1
unstated,1
continuation,1
lieu,1
absorbing,1
cdo,1
disseminated,1
place,1
needed,1
lend,1
broad,1
basis,1
notably,1
insolvency,1
culpa,1
people,1
us,1
severing,1
expertise,1
actually,1
repeatedly,1
elite,1
protracted,1
evolution,1
assign,1
details,1
goal,1
penalty,1
recalibrate,1
motors,1
debt,1
lehmanreport,1
chapters,1
our,1
farrar,1
branch,1
woods,1
classical,1
justification,1
buying,1
dugan,1
highlighted,1
surrounding,1
evolving,1
sponsored,1
hampshire,1
surely,1
pennsylvania,1
sigtarp,1
tell,1
students,1
astute,1
persuasively,1
defends,1
explained,1
instructive,1
savings,1
unable,1
immediate,1
authorized,1
maneuvers,1
abreast,1
financialcrisisreport,1
own,1
disposal,1
appraisal,1
average,1
midto,1
initiated,1
intensified,1
mutual,1
relationship,1
strongest,1
historic,1
graduate,1
priced,1
twentieth,1
directed,1
jpmorganchase,1
stress,1
fevered,1
errors,1
journalist,1
backdrop,1
miscues,1
prices,1
calmer,1
northern,1
completed,1
domain,1
authoritative,1
wish,1
subtitle,1
responses,1
serious,1
contributed,1
diligence,1
democrat,1
enlightening,1
jenner,1
include,1
consumer,1
viable,1
irrational,1
like,1
difficulty,1
mandates,1
tim,1
below,1
quantitative,1
specialists,1
staying,1
overview,1
plummet,1
media,1
treasure,1
assured,1
values,1
contributors,1
troubled,1
doing,1
politically,1
held,1
warrant,1
colleagues,1
counted,1
recoveries,1
consensus,1
funds,1
offer,1
calomiris,1
weakness,1
financiers,1
issued,1
cases,1
played,1
eurozone,1
lose,1
california,1
profession,1
injections,1
elements,1
association,1
shift,1
arbitrage,1
increased,1
generations,1
exchange,1
sagacity,1
strongly,1
valued,1
profits,1
evident,1
profound,1
amount,1
position,1
highly,1
items,1
body,1
editing,1
withdraw,1
trader,1
response,1
ensued,1
serving,1
depression,1
personal,1
dollars,1
disaster,1
six,1
vision,1
downgrading,1
agency,1
convincing,1
become,1
mason,1
themselves,1
allowing,1
started,1
met,1
suddenly,1
ally,1
pro,1
continuous,1
single,1
misleading,1
can,1
enterprise,1
parceled,1
outcome,1
learn,1
early,1
trove,1
alarms,1
viking,1
practice,1
norton,1
con,1
charging,1
lay,1
journal,1
policymaker,1
advantages,1
regardless,1
looming,1
using,1
least,1
uk,1
taylor,1
recent,1
value,1
grateful,1
recurring,1
preliminary,1
alexander,1
generation,1
comptroller,1
loan,1
pinpointing,1
attention,1
tells,1
moved,1
my,1
bonuses,1
echoing,1
works,1
mistaken,1
miserable,1
rates,1
laws,1
activities,1
growth,1
major,1
bolstered,1
justice,1
nationalization,1
deeper,1
separate,1
focused,1
