WORDCOUNTS,WEIGHT
the,305
of,204
and,184
in,156
insurance,107
sickness,95
to,88
for,79
infant,59
death,58
a,53
rate,47
is,45
mortality,39
that,35
n,33
by,31
rates,31
coverage,28
was,26
percent,26
no,25
on,24
from,23
were,23
countries,22
decline,22
as,21
with,21
y,20
variable,18
are,17
deaths,17
not,16
germany,15
s,15
used,15
health,15
infants,15
benefits,14
all,14
population,14
breastfeeding,14
data,13
legislation,13
table,12
history,12
social,12
water,12
endogenous,12
exogenous,12
time,12
confinement,12
at,11
european,11
but,11
first,11
historical,11
vol,11
role,11
results,11
this,11
three,11
dependent,11
model,10
van,10
lagged,10
impact,10
i,10
state,10
error,10
aid,9
women,9
press,9
care,9
europe,9
new,9
specifications,9
which,9
flora,9
coefficient,9
be,9
instruments,9
provided,9
sanitation,8
estimated,8
economic,8
bond,8
when,8
programs,8
country,8
or,8
each,8
poppel,8
term,8
arellano,8
r,8
crude,8
using,8
bowblis,8
labor,8
effects,8
o,7
if,7
per,7
university,7
differences,7
p,7
murray,7
see,7
public,7
while,7
u,7
because,7
birth,7
john,7
values,7
commissioner,7
trend,7
statistics,7
medical,7
after,7
annual,7
through,7
journal,7
economy,7
it,6
across,6
endogeneity,6
one,6
pp,6
austria,6
only,6
also,6
fitted,6
societies,6
found,6
report,6
studies,6
covered,6
effect,6
feeding,6
international,6
measures,6
treated,6
significant,6
year,6
variables,6
weeks,6
national,6
statistically,6
an,6
level,6
family,6
between,6
c,6
early,6
would,6
negative,6
child,5
winegarden,5
percentage,5
factors,5
western,5
j,5
had,5
medicine,5
york,5
procedure,5
base,5
regression,5
them,5
number,5
some,5
received,5
mutual,5
trends,5
review,5
have,5
although,5
france,5
measure,5
compulsory,5
than,5
test,5
suggest,4
oxford,4
reduced,4
l,4
been,4
e,4
lag,4
controlling,4
serial,4
enacted,4
use,4
analysis,4
united,4
edited,4
denmark,4
bias,4
nineteenth,4
mitchell,4
determine,4
these,4
two,4
rise,4
subsidized,4
members,4
more,4
frans,4
many,4
switzerland,4
shows,4
other,4
treatment,4
access,4
physicians,4
religion,4
benefit,4
assistance,4
where,4
war,4
declines,4
among,4
weak,4
account,4
births,4
increase,4
belgium,4
correlation,4
empirical,4
improvements,4
specification,4
errors,4
peter,4
least,4
century,4
voluntary,4
kintner,4
world,4
vary,4
james,4
italy,4
notes,4
evidence,4
scandinavian,3
will,3
equation,3
tests,3
german,3
due,3
practices,3
overall,3
expansion,3
estimate,3
both,3
climatology,3
female,3
mckeown,3
expanded,3
proportion,3
contribution,3
case,3
importance,3
contributions,3
positive,3
maternity,3
heteroscedasticity,3
months,3
modern,3
under,3
stephen,3
relative,3
share,3
any,3
same,3
al,3
comparison,3
age,3
four,3
additional,3
gdp,3
origins,3
sources,3
global,3
sweden,3
der,3
over,3
available,3
england,3
yogo,3
estimation,3
vose,3
piped,3
out,3
government,3
coefficients,3
london,3
childbirth,3
handbook,3
do,3
stock,3
treat,3
income,3
linear,3
insured,3
information,3
second,3
private,3
urban,3
reid,3
mothers,3
reported,3
supply,3
plans,3
people,3
volume,3
et,3
regional,3
until,3
netherlands,3
difference,3
cambridge,3
there,3
temperature,3
de,3
change,3
contributed,3
include,3
allowed,3
caused,3
period,3
column,3
pay,3
obtained,3
order,3
estimates,3
standard,3
roughly,3
summary,3
david,3
construct,3
governments,3
six,3
st,3
even,3
maddison,3
paid,3
reducing,3
miller,2
reduction,2
therefore,2
fogel,2
relationship,2
ridge,2
predicted,2
knodel,2
science,2
figure,2
sulzbach,2
jonker,2
negatively,2
f,2
toward,2
h,2
how,2
result,2
schemes,2
breastfed,2
return,2
interventions,2
levels,2
ordinary,2
nearly,2
capture,2
hogan,2
means,2
leon,2
reformen,2
intervention,2
pressure,2
evans,2
indicates,2
similar,2
heijden,2
reforming,2
their,2
motohiro,2
kertzer,2
about,2
live,2
mother,2
vogele,2
meanwhile,2
escape,2
davanzo,2
zollner,2
sanitare,2
hamburg,2
fixed,2
lindert,2
into,2
environment,2
occurred,2
home,2
total,2
sick,2
then,2
cutler,2
associated,2
before,2
culture,2
workers,2
edu,2
variety,2
version,2
robust,2
without,2
most,2
hunger,2
experience,2
fildes,2
common,2
cost,2
alternative,2
dissertation,2
burstrom,2
control,2
princeton,2
addition,2
experienced,2
paper,2
standards,2
tuberculosis,2
my,2
different,2
muohio,2
habicht,2
did,2
best,2
could,2
nidr,2
szreter,2
britain,2
reform,2
against,2
enrolled,2
particularly,2
economics,2
correlations,2
scheme,2
pass,2
diet,2
kingdom,2
manuel,2
idr,2
cdr,2
late,2
unobserved,2
macassa,2
malaysia,2
american,2
rose,2
oak,2
differenced,2
cause,2
instrumental,2
required,2
has,2
free,2
demography,2
mandated,2
mokyr,2
lags,2
cents,2
mackenbach,2
prior,2
w,2
frohman,2
spending,2
discussion,2
work,2
disease,2
prevention,2
richard,2
clean,2
except,2
including,2
example,2
breastfeed,2
subsidies,2
knowledge,2
nutrition,2
findings,2
assumptions,2
fed,2
largely,2
issues,2
participated,2
rubinow,2
cities,2
stay,2
named,2
personal,2
epidemiology,2
differential,2
states,2
models,2
testing,2
roger,2
development,2
observable,2
ignored,2
explorations,2
hallie,2
finding,2
attributed,2
william,2
twentieth,2
b,2
appropriate,2
finally,2
times,2
correlated,2
d,2
mandates,2
working,2
kunitz,2
butz,2
panel,2
enrollment,2
average,2
industrial,2
funds,2
zeeland,2
measured,2
martin,2
ponce,2
life,2
t,2
mandemaker,2
supported,2
article,2
dawson,2
systems,2
bottle,2
dollars,2
point,2
third,2
chicago,2
estimator,2
athena,2
differentials,2
labeled,2
proper,2
gifts,2
adult,2
columns,2
though,2
function,2
vector,2
brown,2
supplemental,2
decreased,2
society,2
nations,1
industries,1
variation,1
may,1
periods,1
carried,1
rights,1
premiums,1
does,1
demographic,1
operation,1
simon,1
physician,1
high,1
educate,1
edition,1
loo,1
asu,1
liefbroer,1
federations,1
me,1
russel,1
perry,1
minor,1
biometric,1
perspectives,1
various,1
higher,1
independent,1
secular,1
act,1
forego,1
provide,1
five,1
cleaned,1
generous,1
debated,1
forced,1
might,1
na,1
centre,1
environmental,1
transition,1
forward,1
fewer,1
robert,1
stadten,1
derbyshire,1
fertility,1
who,1
sargan,1
reduce,1
jona,1
implementation,1
seen,1
july,1
still,1
opportunity,1
celsius,1
introduction,1
starts,1
began,1
distorting,1
steurer,1
they,1
remaining,1
grew,1
diarrheal,1
rapidly,1
center,1
large,1
aldine,1
derived,1
length,1
contributor,1
transformation,1
factories,1
unregistered,1
readier,1
miami,1
often,1
marianne,1
lowered,1
appropriateness,1
represents,1
ma,1
likely,1
risks,1
tn,1
education,1
centuries,1
thomasson,1
monte,1
station,1
directory,1
lives,1
monthly,1
susceptibility,1
changes,1
cor,1
eugene,1
thought,1
crowded,1
affect,1
extensions,1
wages,1
continuity,1
rises,1
biased,1
draws,1
females,1
friesland,1
improvement,1
committee,1
established,1
school,1
explanatory,1
gpo,1
assistant,1
bo,1
workmen,1
habits,1
supplementation,1
midyear,1
adjusted,1
section,1
k,1
just,1
unimportant,1
days,1
stochastic,1
performed,1
bottles,1
sharply,1
compensation,1
migration,1
quantify,1
source,1
absence,1
switch,1
subsidization,1
unsubsidized,1
largest,1
benefited,1
wisconsin,1
prolonged,1
department,1
included,1
congress,1
theory,1
lower,1
gruyter,1
being,1
max,1
schellekens,1
challenged,1
ct,1
statement,1
either,1
policy,1
company,1
beneficial,1
isolation,1
autocorrelation,1
constructed,1
organisation,1
chose,1
measurement,1
long,1
lead,1
revisited,1
organizations,1
expands,1
connection,1
here,1
moehling,1
melissa,1
carlo,1
valid,1
set,1
xt,1
haven,1
carolyn,1
helped,1
business,1
fund,1
implications,1
fell,1
portugal,1
mark,1
suggested,1
providing,1
schofleld,1
norway,1
rows,1
squared,1
board,1
natural,1
nontrivial,1
dc,1
central,1
diseases,1
raw,1
missing,1
henry,1
response,1
gregory,1
longest,1
based,1
longer,1
lack,1
commission,1
referees,1
magnitude,1
illegit,1
regions,1
down,1
laboratory,1
indicate,1
ph,1
argue,1
houses,1
mandate,1
enact,1
inclusion,1
thank,1
amsterdam,1
unfiltered,1
enrollees,1
dennis,1
seven,1
milk,1
equations,1
deutschen,1
deal,1
header,1
scotland,1
antonio,1
rooms,1
oded,1
stop,1
omitted,1
granting,1
remain,1
generalized,1
farmer,1
illness,1
subsequent,1
hands,1
help,1
initial,1
akincigil,1
rosenzweig,1
focus,1
aart,1
persistence,1
advances,1
improved,1
julie,1
patterns,1
circa,1
stand,1
promoted,1
disinfection,1
raised,1
employment,1
those,1
proportions,1
reserved,1
criteria,1
regulations,1
kees,1
political,1
normal,1
increases,1
sozialund,1
effective,1
wage,1
understudied,1
birthrate,1
vierteljahrschrift,1
capita,1
adru,1
autocovariance,1
appears,1
paris,1
welfare,1
citizenship,1
offering,1
persons,1
system,1
accounts,1
dealing,1
biases,1
abere,1
failure,1
particular,1
fsb,1
necessary,1
otherwise,1
males,1
depending,1
however,1
louvain,1
passed,1
dr,1
arise,1
protective,1
reher,1
absolute,1
non,1
alice,1
growth,1
dependents,1
extent,1
nber,1
preparing,1
capacity,1
advice,1
spain,1
italics,1
oh,1
iv,1
eliminate,1
america,1
day,1
sterblichkeitsruckgang,1
march,1
ibid,1
studied,1
feeeding,1
presented,1
clinical,1
intake,1
missed,1
possible,1
makers,1
matrix,1
zero,1
clarendon,1
middle,1
translated,1
zacher,1
identify,1
implement,1
conference,1
network,1
easier,1
adjust,1
adr,1
completed,1
instituted,1
vital,1
bath,1
must,1
concluding,1
professor,1
dutch,1
catholicism,1
ill,1
significantly,1
county,1
peace,1
elsevier,1
x,1
purpose,1
ayse,1
establishment,1
behavioral,1
bowblijr,1
caselecchio,1
gloria,1
holt,1
gastrointestinal,1
housing,1
related,1
dirty,1
registration,1
regulate,1
its,1
giving,1
angus,1
contract,1
yale,1
finland,1
lies,1
great,1
controls,1
entirely,1
reusing,1
gave,1
adelphi,1
holland,1
fit,1
alain,1
assumption,1
joel,1
biology,1
earlier,1
manufacturing,1
hans,1
causes,1
families,1
engaging,1
educating,1
bideau,1
und,1
reports,1
net,1
evolution,1
childhood,1
lifestyle,1
prolong,1
million,1
like,1
thus,1
andrew,1
remarks,1
continue,1
dioxide,1
multiplicative,1
throughout,1
consistent,1
physican,1
focuses,1
drit,1
comments,1
kohler,1
dependence,1
eight,1
stockholm,1
stark,1
estimating,1
determinants,1
rejected,1
such,1
argues,1
clear,1
editor,1
caloric,1
washington,1
valarie,1
diarrhea,1
initiated,1
nj,1
leads,1
johan,1
approach,1
econometric,1
institutional,1
payments,1
washing,1
delay,1
grant,1
monetary,1
accounted,1
restrictions,1
aided,1
interest,1
precipitation,1
arnold,1
stressed,1
issn,1
biocultural,1
joined,1
individual,1
carbon,1
homes,1
correct,1
started,1
price,1
cultural,1
application,1
range,1
wales,1
spread,1
so,1
inc,1
lowest,1
thomas,1
restore,1
reentry,1
smaller,1
sample,1
schmoyer,1
m,1
fishback,1
paths,1
nurses,1
contrast,1
area,1
rutgers,1
watered,1
provides,1
madison,1
religious,1
association,1
involved,1
unclean,1
assuming,1
increased,1
better,1
artificial,1
clustering,1
several,1
anonymous,1
margin,1
influence,1
freed,1
offered,1
treats,1
specific,1
few,1
enough,1
heterogeneity,1
potential,1
outcomes,1
dettwyler,1
study,1
mining,1
biosocial,1
assumed,1
http,1
klein,1
encouraging,1
presence,1
reestimates,1
research,1
exercise,1
combating,1
understood,1
played,1
urbanization,1
half,1
isaac,1
workforce,1
tended,1
excluded,1
www,1
larry,1
find,1
helpful,1
v,1
fur,1
up,1
terrace,1
majority,1
entire,1
white,1
given,1
censuses,1
sea,1
corrected,1
unregulated,1
sanitary,1
figures,1
macmillan,1
palgrave,1
sinxit,1
saw,1
we,1
traditions,1
jbowblis,1
insignificant,1
null,1
cross,1
premature,1
building,1
grateful,1
unmeasured,1
regressions,1
attendance,1
unobservable,1
am,1
aggregate,1
rest,1
household,1
major,1
uncorrelated,1
wirtschaftsgeschichte,1
separate,1
references,1
hypothesis,1
