WORDCOUNTS,WEIGHT
the,684
of,419
and,331
in,299
to,161
a,124
for,109
that,90
s,82
on,70
family,69
economic,69
age,67
data,57
by,57
as,56
elderly,53
security,52
aged,50
income,50
social,49
older,48
children,48
men,48
earnings,46
workers,42
labor,40
had,40
from,39
old,38
no,37
this,36
new,32
were,32
u,31
gratton,30
households,30
not,30
those,29
or,29
than,27
was,27
persons,27
see,27
their,26
with,26
household,25
state,25
wages,24
census,24
more,24
states,24
ssb,23
welfare,23
but,23
industrial,23
percent,23
although,23
among,23
an,22
university,22
bureau,22
united,22
is,22
over,22
they,21
these,21
have,21
force,21
life,21
be,21
at,20
cohort,20
study,20
poverty,20
washington,20
all,19
press,19
history,18
york,18
most,18
dc,18
national,18
population,17
research,17
cohorts,17
industrialization,17
did,17
sets,16
such,16
are,16
families,16
evidence,16
american,15
studies,15
committee,15
i,15
l,15
dependency,15
work,15
its,15
theory,15
urban,15
survey,14
p,14
impoverishment,14
who,14
surveys,14
other,13
political,13
even,13
public,13
icpsr,13
strategies,13
between,13
because,12
statistics,12
department,12
analysis,12
it,11
per,11
relatively,11
active,11
retirement,11
status,11
when,11
synthetic,11
period,11
dollars,11
figure,11
been,11
heads,11
sources,10
roosevelt,10
headed,10
historical,10
sanders,10
late,10
folder,10
cost,10
aging,10
women,10
provided,10
about,10
bls,10
parents,10
use,10
individuals,10
which,10
living,10
economy,10
incomes,10
average,10
available,9
analyses,9
resources,9
century,9
americans,9
rather,9
across,9
mean,9
after,9
support,9
assets,9
found,9
out,9
during,9
cycle,9
only,9
provide,9
high,9
we,9
male,9
gpo,9
set,9
capita,9
pensions,9
early,9
recent,9
federation,8
group,8
experience,8
real,8
some,8
sample,8
estimates,8
young,8
edited,8
growth,8
similar,8
savings,8
working,8
box,8
earned,8
ages,8
less,8
impoverished,8
birth,8
made,8
reformers,8
can,8
any,8
text,8
board,8
report,8
size,8
through,8
d,8
file,7
respondents,7
there,7
wage,7
papers,7
epstein,7
historians,7
collection,7
ransom,7
left,7
weaver,7
origins,7
could,7
however,7
well,7
people,7
sutch,7
same,7
head,7
number,7
including,7
previous,7
would,7
median,7
transfers,7
them,7
middle,7
popular,7
both,7
reported,7
using,7
need,7
censuses,7
one,6
accumulation,6
first,6
declines,6
has,6
design,6
consumer,6
poor,6
contributions,6
wealth,6
show,6
view,6
younger,6
participation,6
year,6
good,6
least,6
sufficient,6
also,6
wife,6
results,6
brian,6
still,6
pp,6
ed,6
al,6
many,6
increases,6
table,6
constituted,6
economically,6
very,6
massachusetts,6
males,6
calculations,6
information,6
circumstances,6
programs,6
twentieth,6
course,6
intergenerational,6
if,5
designed,5
nineteenth,5
creation,5
government,5
system,5
america,5
politics,5
may,5
act,5
falk,5
director,5
w,5
hereafter,5
important,5
uses,5
standards,5
declined,5
used,5
et,5
approach,5
change,5
haber,5
depression,5
up,5
society,5
therefore,5
comparative,5
included,5
reports,5
majority,5
fell,5
time,5
pattern,5
model,5
years,5
represented,5
samples,5
theories,5
times,5
earlier,5
pension,5
presidential,5
internal,5
effect,5
husband,5
bulletin,5
must,5
each,5
commission,5
sampling,5
better,5
rotondo,5
little,5
cambridge,5
conditions,5
contributed,5
reached,5
child,4
common,4
later,4
opinion,4
represent,4
ma,4
likely,4
library,4
modern,4
into,4
total,4
lower,4
great,4
composition,4
primary,4
vol,4
economies,4
married,4
drawn,4
ny,4
journal,4
influence,4
industries,4
opposed,4
philadelphia,4
unit,4
proportion,4
white,4
arbor,4
cardozo,4
benefits,4
fifties,4
m,4
result,4
lived,4
shared,4
representative,4
future,4
received,4
r,4
records,4
legislation,4
employed,4
presented,4
insurance,4
mi,4
civic,4
annual,4
dependent,4
gordon,4
periods,4
will,4
led,4
july,4
surveyed,4
positive,4
home,4
assistance,4
without,4
declining,4
members,4
scholars,4
abstract,4
john,4
present,4
michael,4
belief,4
shearon,4
understanding,4
trend,4
franklin,4
individual,4
improved,4
exchange,4
especially,4
examined,4
methods,4
ann,4
excluded,4
figures,4
indicate,4
often,4
share,4
series,4
demonstrate,4
expenditures,4
half,4
born,4
whether,4
rose,4
extent,4
boston,4
goldin,4
oldest,4
increased,4
should,4
given,3
now,3
way,3
licht,3
e,3
center,3
agency,3
expenditure,3
greater,3
occurred,3
before,3
charity,3
wycoff,3
fund,3
j,3
desire,3
display,3
indeed,3
theodore,3
advocates,3
constraint,3
economics,3
condition,3
purchases,3
exchanges,3
constrained,3
joumal,3
progressive,3
compared,3
estimate,3
rates,3
constraints,3
poorly,3
hurd,3
basic,3
probability,3
means,3
downward,3
immigrant,3
n,3
profile,3
sixties,3
based,3
fortunes,3
deal,3
events,3
worker,3
though,3
unemployment,3
baltimore,3
record,3
absolute,3
barkin,3
hopkins,3
resident,3
part,3
project,3
own,3
trends,3
commerce,3
revolution,3
sharp,3
dealers,3
few,3
peak,3
world,3
various,3
albany,3
longitudinal,3
movement,3
ware,3
yet,3
sociologists,3
perspectives,3
microdata,3
challenge,3
toward,3
again,3
addition,3
lack,3
appeared,3
arthur,3
considerable,3
pennsylvania,3
do,3
another,3
original,3
restrictions,3
craig,3
harvard,3
described,3
low,3
three,3
b,3
so,3
risen,3
class,3
moen,3
k,3
james,3
staff,3
increasing,3
carried,3
note,3
independent,3
science,3
bureaucrats,3
johns,3
program,3
health,3
executive,3
insecurity,3
wives,3
rarely,3
then,3
growing,3
agents,3
slope,3
alternative,3
paper,3
cities,3
following,3
scholarly,3
what,3
stability,3
selected,3
form,3
conference,3
level,3
slopes,3
became,3
subject,3
administration,3
intent,3
fourteenth,3
crisis,3
instead,3
include,3
campaign,3
needs,3
offered,3
haines,3
scholarship,3
era,3
debate,3
much,3
north,3
showed,3
archives,2
struggle,2
estimated,2
declared,2
meaning,2
groups,2
generous,2
measures,2
ryder,2
comparability,2
village,2
asserted,2
h,2
approaches,2
pressing,2
park,2
policy,2
antebellum,2
source,2
princeton,2
chief,2
societal,2
different,2
said,2
subsample,2
t,2
provision,2
lexington,2
long,2
caroline,2
originally,2
steady,2
taken,2
rapid,2
bloomington,2
attractive,2
scientists,2
farmers,2
achievement,2
reveal,2
subsequent,2
feature,2
salary,2
last,2
written,2
houghton,2
nysa,2
raised,2
principal,2
acre,2
within,2
designs,2
binstock,2
generosity,2
schiltz,2
mass,2
agriculture,2
prior,2
ball,2
tracing,2
richard,2
west,2
taking,2
demanded,2
measurement,2
treatise,2
achenbaum,2
daughters,2
central,2
andrew,2
zylan,2
review,2
eras,2
bodnar,2
roger,2
interior,2
against,2
attesting,2
de,2
g,2
vries,2
conducted,2
fischer,2
cases,2
collections,2
carruthers,2
highest,2
chap,2
misleading,2
mirrored,2
granda,2
merriam,2
promised,2
familia,2
higher,2
hero,2
whose,2
exact,2
remain,2
nominal,2
sow,2
notion,2
process,2
suffer,2
importance,2
benjamin,2
special,2
kantor,2
moreover,2
rising,2
lives,2
escape,2
improvement,2
statistical,2
impact,2
unemployed,2
reviewed,2
experienced,2
follow,2
followed,2
subsamples,2
strategy,2
appear,2
legislative,2
came,2
abandoning,2
speeches,2
changed,2
owen,2
eliot,2
affluence,2
altmeyer,2
oeconomica,2
urbanization,2
degrading,2
further,2
kinship,2
produced,2
russell,2
required,2
method,2
directly,2
schmitter,2
relief,2
steep,2
schlesinger,2
wisconsin,2
nine,2
example,2
civil,2
related,2
broad,2
collective,2
streams,2
earn,2
augment,2
personal,2
president,2
count,2
errors,2
either,2
ida,2
below,2
reliable,2
gerhardt,2
altruism,2
massive,2
small,2
june,2
industry,2
dramatic,2
schedules,2
claudia,2
impossible,2
budgets,2
customary,2
scott,2
pays,2
productivity,2
correspondence,2
gould,2
defended,2
second,2
role,2
sons,2
demand,2
reduced,2
implications,2
hunnicutt,2
steadily,2
impover,2
minority,2
shment,2
upward,2
prove,2
indicates,2
builders,2
bread,2
widows,2
relied,2
interpretation,2
statisticians,2
two,2
reliance,2
increasingly,2
surveyors,2
payments,2
lee,2
constituency,2
carolyn,2
factory,2
others,2
europe,2
mifflin,2
financial,2
anecdotal,2
averages,2
shows,2
longer,2
overwhelming,2
areas,2
pressure,2
prepared,2
becker,2
fallen,2
end,2
debates,2
doubt,2
took,2
where,2
schaie,2
accepted,2
derthick,2
riley,2
necessary,2
gender,2
metropolitan,2
chair,2
analyzed,2
memoranda,2
excluding,2
amendments,2
codebooks,2
depended,2
findings,2
entirely,2
largely,2
ermisch,2
actuarial,2
consortium,2
full,2
office,2
advantages,2
nuclear,2
clear,2
homes,2
like,2
inventing,2
general,2
stages,2
standard,2
skocpol,2
facing,2
article,2
become,2
relation,2
interpretations,2
assessing,2
sentiments,2
patterson,2
robert,2
institution,2
governor,2
concluded,2
annuity,2
reluctant,2
farm,2
oxford,2
continued,2
folbre,2
linda,2
impressive,2
claimed,2
spouse,2
widespread,2
investigators,2
economists,2
parsons,2
warner,2
casually,2
expectations,2
achieve,2
sage,2
equaled,2
quadagno,2
examine,2
joseph,2
meant,2
claims,2
school,2
intrafamilial,2
known,2
implied,2
barkev,2
drew,2
ito,2
couples,2
graebner,2
hoover,2
budgetary,2
parental,2
expanding,2
current,2
foundation,2
reflected,2
differed,2
past,2
jennie,2
rural,2
feminist,2
william,2
investigation,2
terms,2
abraham,2
sociology,2
imposed,2
attitudes,2
rothbart,2
getting,2
hyde,2
springer,2
stern,2
radically,2
transplanted,2
kin,2
despite,2
african,2
williamson,2
perspective,2
exceeded,2
conventional,2
policymaking,2
rubinow,2
our,2
amenta,2
indiana,2
formation,2
argument,2
unable,2
argues,2
morawska,2
exceeding,2
off,2
dreiser,2
specific,2
potential,2
themselves,2
ikenberry,2
c,2
greenwich,2
views,2
maximum,2
entire,2
traditional,2
strong,2
profiles,2
race,2
major,2
final,1
does,1
possessed,1
rate,1
o,1
done,1
accomplish,1
fathers,1
difficult,1
concerned,1
inaccurate,1
implying,1
personalized,1
created,1
europeans,1
dangers,1
everyone,1
market,1
struggled,1
determine,1
epidemic,1
extends,1
poorer,1
eliminated,1
succession,1
introduction,1
mar,1
utility,1
ewa,1
notably,1
connecticut,1
expect,1
wo,1
employees,1
becoming,1
large,1
needed,1
drastically,1
instructions,1
properly,1
jeh,1
true,1
liabilities,1
federal,1
cynical,1
enl,1
upheaval,1
candidate,1
favor,1
duke,1
reasonably,1
motive,1
position,1
justified,1
character,1
necessarily,1
title,1
ambitious,1
planes,1
husbands,1
credence,1
prosperous,1
negative,1
highlight,1
townsend,1
member,1
aside,1
humpshaped,1
decidedly,1
permit,1
earning,1
undermine,1
modest,1
davis,1
every,1
certainly,1
heel,1
production,1
rinehart,1
ii,1
give,1
unconstrained,1
concentrated,1
contrasted,1
might,1
address,1
generated,1
expectation,1
promoting,1
degree,1
advanced,1
supplied,1
historiography,1
parties,1
confirmed,1
replaces,1
company,1
reach,1
principles,1
reasserted,1
advantage,1
estimation,1
reasons,1
thank,1
differences,1
follows,1
borne,1
excessive,1
able,1
proves,1
conservative,1
boarders,1
concludes,1
court,1
room,1
delaying,1
vices,1
take,1
yearbook,1
wealthy,1
search,1
achieved,1
quarter,1
failures,1
inferring,1
mind,1
interviewed,1
manipulating,1
trouble,1
regression,1
reserved,1
access,1
classified,1
california,1
somewhat,1
hostility,1
behind,1
citizenship,1
paying,1
voting,1
employs,1
issue,1
con,1
anniversary,1
existence,1
forthcoming,1
alfred,1
recorded,1
task,1
denominators,1
demography,1
scapegoat,1
discuss,1
right,1
march,1
clearly,1
suppress,1
lends,1
demands,1
recommended,1
possible,1
stall,1
marked,1
stance,1
machinery,1
activity,1
contribut,1
schedule,1
election,1
solely,1
lodging,1
taxation,1
abandoned,1
obvious,1
calculated,1
desired,1
except,1
townsendites,1
chart,1
identifies,1
childbearing,1
sign,1
signal,1
repeatedly,1
currency,1
regarding,1
goal,1
throughout,1
collapse,1
surely,1
harcourt,1
aunts,1
component,1
difficulties,1
immediate,1
dynamics,1
reject,1
inevitable,1
thinner,1
professor,1
since,1
jourmal,1
realized,1
assumes,1
unpublished,1
molded,1
humanists,1
thompson,1
interest,1
disputes,1
characteristic,1
ease,1
ability,1
mixed,1
relations,1
walter,1
adams,1
bums,1
vanguard,1
jr,1
assured,1
expected,1
forced,1
hat,1
hold,1
sustain,1
pessimistic,1
precludes,1
nor,1
theorists,1
ct,1
immigrants,1
curiously,1
david,1
displays,1
document,1
particularlv,1
uniformly,1
amount,1
marriage,1
lifecycle,1
extraordinary,1
flawed,1
attests,1
brace,1
pauperized,1
cohen,1
effective,1
twice,1
employers,1
publications,1
rounding,1
paterfamilias,1
conspiracy,1
look,1
architects,1
demonstration,1
messages,1
leadership,1
adult,1
delivered,1
hardly,1
generation,1
shall,1
acknowledge,1
focused,1
ze,1
van,1
rights,1
explanations,1
evinced,1
nonmarried,1
hershberg,1
essential,1
plotted,1
voters,1
costs,1
medlan,1
his,1
reviews,1
main,1
absent,1
arising,1
generations,1
adds,1
edward,1
joan,1
earnliving,1
levels,1
revenues,1
knew,1
adopted,1
bias,1
determining,1
edwin,1
persistent,1
scottish,1
developments,1
grew,1
lamented,1
certain,1
adjustments,1
references,1
possess,1
lacking,1
distant,1
limitation,1
almshouses,1
factors,1
az,1
qualify,1
changes,1
maintaining,1
ensure,1
tensions,1
occupational,1
discouraged,1
louise,1
emergence,1
branch,1
presumably,1
linked,1
warren,1
sum,1
just,1
threatening,1
numbers,1
dominate,1
placed,1
traces,1
mary,1
bruce,1
jersey,1
calendar,1
upper,1
benefited,1
four,1
squier,1
commonly,1
democratic,1
exploited,1
shorter,1
beyond,1
efficient,1
generally,1
progressives,1
requires,1
convincing,1
favorable,1
exploitation,1
shifted,1
dominant,1
care,1
whelpton,1
outcomes,1
preference,1
providing,1
decades,1
drawing,1
bureaucracy,1
friends,1
whereas,1
contention,1
hours,1
compulsory,1
advance,1
proxied,1
allow,1
brookings,1
societies,1
here,1
critically,1
henceforth,1
lion,1
treatments,1
effort,1
seven,1
centers,1
users,1
format,1
prepare,1
curiosity,1
dispute,1
persist,1
percentages,1
captured,1
approximation,1
featured,1
parlous,1
fourth,1
equally,1
traced,1
durham,1
receive,1
seizing,1
districts,1
afforded,1
appears,1
viewed,1
cannot,1
biases,1
constitutionality,1
otherwise,1
energy,1
outside,1
rossi,1
counties,1
explain,1
approached,1
fox,1
dependents,1
industrious,1
tracking,1
depictions,1
peaking,1
maturing,1
technical,1
improve,1
breadwinners,1
undermined,1
none,1
trial,1
artifacts,1
literature,1
gains,1
already,1
strict,1
repetition,1
concept,1
striking,1
fired,1
county,1
nc,1
fared,1
london,1
appreciable,1
contribuabraham,1
proportions,1
apparent,1
reduction,1
comment,1
supreme,1
revealed,1
recommends,1
positions,1
routinely,1
crowding,1
criticized,1
ten,1
gerontologist,1
gave,1
tale,1
paints,1
inferences,1
constitute,1
calculating,1
actually,1
butter,1
structures,1
destitution,1
focuses,1
weekly,1
scrap,1
reflect,1
haven,1
ives,1
astute,1
showing,1
interpreted,1
miss,1
nj,1
unmarried,1
published,1
creating,1
kline,1
sense,1
indicator,1
successful,1
caused,1
jon,1
corresponds,1
retired,1
responsibility,1
birtih,1
chose,1
suggest,1
ginn,1
tempe,1
wards,1
protest,1
hired,1
imposition,1
quite,1
midst,1
openly,1
characteristics,1
separately,1
choose,1
revealing,1
master,1
decline,1
essentially,1
villages,1
dedicated,1
incurred,1
fully,1
crux,1
decisive,1
paid,1
notes,1
plausible,1
appropriate,1
substituted,1
finds,1
imperiled,1
reducing,1
appeal,1
replacing,1
threatened,1
f,1
contributes,1
critical,1
achilles,1
vociferously,1
film,1
noteworthy,1
proxy,1
critics,1
excludes,1
minor,1
advocate,1
matter,1
populations,1
identified,1
concede,1
wrote,1
gradual,1
service,1
overall,1
expansion,1
techniques,1
limited,1
return,1
tide,1
released,1
brief,1
forward,1
drops,1
exception,1
tilly,1
object,1
reduce,1
community,1
echoing,1
presently,1
conceived,1
standing,1
sending,1
capitalists,1
aldine,1
headied,1
welling,1
single,1
omits,1
worked,1
guide,1
contributing,1
accumulate,1
arrangements,1
opportunities,1
fit,1
adequate,1
thought,1
albert,1
criticize,1
message,1
east,1
fifth,1
formally,1
tarrytown,1
ia,1
nancy,1
protect,1
orove,1
demographic,1
ancient,1
matilda,1
tax,1
sociological,1
commonwealth,1
light,1
complete,1
dropped,1
sharply,1
experimental,1
si,1
gainful,1
largest,1
gainfully,1
earns,1
insights,1
gary,1
boarding,1
resented,1
typed,1
truncated,1
rise,1
irvine,1
picture,1
useful,1
persuasive,1
party,1
breadwinner,1
critiques,1
successfully,1
solomon,1
unreliable,1
segments,1
power,1
stated,1
strike,1
mark,1
death,1
reporting,1
put,1
slavery,1
chaps,1
flat,1
occupationally,1
added,1
smith,1
herbert,1
generational,1
disadvantageous,1
cultivated,1
expose,1
troubled,1
secondary,1
stimulus,1
assess,1
workingclass,1
misinterpretation,1
occupations,1
totals,1
agree,1
supplyand,1
reform,1
choice,1
larger,1
canacitv,1
emphatically,1
everything,1
contemporary,1
substantially,1
away,1
seldom,1
discussed,1
habit,1
kleeck,1
anne,1
success,1
pauperization,1
rhetoric,1
receiving,1
patterns,1
enough,1
likelihood,1
v,1
ground,1
remarkable,1
thirties,1
purposes,1
systematic,1
empire,1
ensured,1
subordinating,1
relevant,1
vulnerable,1
celebrated,1
interview,1
jumped,1
rodney,1
agencies,1
norms,1
couple,1
wilbur,1
familybased,1
recording,1
books,1
routledge,1
insecure,1
dec,1
explicitly,1
discrimthe,1
capture,1
ecology,1
desires,1
remained,1
calculation,1
demonstrated,1
acknowledgment,1
classes,1
private,1
exhibit,1
hackett,1
investment,1
extended,1
explanation,1
mothers,1
bear,1
trajectory,1
yvonne,1
previously,1
strongly,1
holt,1
strongest,1
expand,1
encouraged,1
poignant,1
combining,1
deprived,1
convenience,1
assume,1
prominently,1
net,1
questions,1
evolution,1
actual,1
maintains,1
nothing,1
friction,1
archive,1
relegated,1
eleventh,1
optimistic,1
explorations,1
quotation,1
provoked,1
directed,1
emphasizing,1
triumphed,1
language,1
agreement,1
points,1
dominated,1
essay,1
peter,1
logic,1
jill,1
august,1
issn,1
held,1
eve,1
corr,1
characterized,1
geographically,1
function,1
johnstown,1
inadequacies,1
farms,1
collected,1
poorhouse,1
solution,1
segment,1
thomas,1
latter,1
quick,1
promotion,1
favored,1
random,1
sentiment,1
delano,1
systems,1
emphasized,1
clude,1
theda,1
exactly,1
displayed,1
incompatible,1
probably,1
preand,1
slightly,1
helvering,1
tap,1
save,1
relative,1
nomic,1
joint,1
jerry,1
quarterly,1
gratron,1
ination,1
attention,1
unrelated,1
prescient,1
justice,1
separate,1
cautionary,1
heap,1
fails,1
european,1
space,1
groupings,1
aid,1
abundance,1
wellbeing,1
today,1
raise,1
erie,1
richest,1
she,1
george,1
movements,1
mediation,1
usually,1
five,1
flowed,1
discards,1
select,1
lines,1
substitution,1
becomes,1
lost,1
reason,1
affinity,1
detailed,1
gubernatorial,1
yale,1
lations,1
contribution,1
unclear,1
inadequate,1
distort,1
why,1
blood,1
existed,1
tapped,1
sheds,1
stratified,1
answer,1
education,1
drafted,1
irreversible,1
griffith,1
macgregor,1
centuries,1
pressures,1
discarding,1
detail,1
isaac,1
sections,1
communitiles,1
publicly,1
let,1
heavy,1
gelman,1
inactive,1
proprietors,1
ceaseless,1
marjorie,1
reviewing,1
citizenry,1
conclusion,1
version,1
incorporated,1
extensive,1
ever,1
scarcely,1
pace,1
theme,1
masses,1
ignore,1
temple,1
funding,1
symbol,1
pt,1
offers,1
command,1
poorest,1
quickly,1
legislature,1
dimension,1
stem,1
control,1
country,1
substantiates,1
guaranteed,1
correspond,1
repaid,1
ratio,1
sizes,1
connection,1
cautiously,1
seem,1
believe,1
argue,1
mashaw,1
returns,1
inquiry,1
eventually,1
iii,1
ideological,1
vibrant,1
losses,1
job,1
exhibits,1
cautious,1
deserving,1
going,1
accepts,1
quoted,1
works,1
virtues,1
carole,1
evident,1
person,1
widowed,1
specter,1
befitting,1
according,1
automatic,1
pooled,1
notable,1
victims,1
devine,1
combined,1
burns,1
nonwhite,1
ones,1
accounts,1
cause,1
add,1
agricultural,1
accumulatilon,1
distribution,1
adaptation,1
her,1
while,1
interviewers,1
collector,1
vehicle,1
bureaucratic,1
pursued,1
require,1
secure,1
almost,1
resolutely,1
scenarios,1
suggests,1
ideal,1
capitalized,1
eamings,1
gutted,1
rockefeller,1
martha,1
careful,1
edwards,1
conclude,1
stagnant,1
convinced,1
intents,1
giving,1
predecessors,1
withdrawal,1
impose,1
dismal,1
disappears,1
kids,1
codebook,1
taxpayer,1
twenties,1
arguments,1
manufacturing,1
solitary,1
appointed,1
colonial,1
challenges,1
motivate,1
maintained,1
isolated,1
definitions,1
writing,1
gain,1
jan,1
refutation,1
tions,1
frances,1
analysts,1
inefficient,1
question,1
moderate,1
until,1
models,1
conducive,1
youth,1
annuities,1
editor,1
knopf,1
generate,1
donald,1
finding,1
samuel,1
naomi,1
publishing,1
wish,1
documentation,1
corrective,1
grown,1
typically,1
consumption,1
impovernshment,1
green,1
files,1
opinions,1
gen,1
regular,1
effects,1
seeks,1
limitations,1
extremely,1
madison,1
remains,1
association,1
summary,1
elderlvy,1
supported,1
discrimination,1
lamoreaux,1
substitute,1
third,1
recounted,1
elites,1
point,1
succeeded,1
pool,1
create,1
norman,1
substantial,1
acrimonious,1
erroneously,1
winston,1
focus,1
familial,1
observed,1
subfamilies,1
building,1
doing,1
indicating,1
ca,1
built,1
tendentious,1
marmor,1
close,1
draft,1
vividly,1
cited,1
arizona,1
row,1
richly,1
continuously,1
hypothesis,1
