WORDCOUNTS,WEIGHT
the,708
of,491
and,342
in,284
to,220
fraternities,154
a,154
that,150
for,96
s,84
from,81
is,67
medieval,62
by,57
village,54
their,53
at,52
or,52
members,49
number,49
as,49
was,48
on,48
with,47
villages,44
were,43
gilds,43
existed,41
fraternity,40
those,38
poor,38
this,37
not,37
have,37
english,35
all,33
an,33
one,32
other,32
be,32
data,31
census,30
these,30
it,29
they,29
crouch,29
had,29
time,28
who,28
peasants,27
p,27
pp,27
only,27
also,26
are,26
most,26
london,25
evidence,25
such,24
percent,24
fields,24
did,24
england,23
estimate,23
guilds,23
grain,23
every,22
rural,22
no,22
parish,22
two,22
religious,22
cooperatives,22
farmers,21
many,21
three,21
bainbridge,21
average,21
rate,20
risk,20
could,20
kimball,20
but,20
years,20
new,20
yorkshire,20
which,20
richardson,20
per,19
york,19
during,19
customary,19
documents,19
prudent,19
returns,19
peas,18
history,18
university,18
pence,18
because,18
any,18
them,18
press,18
sources,17
some,17
than,17
his,17
typical,17
more,17
into,16
cambridgeshire,16
laws,15
cambridge,15
so,15
each,15
information,15
land,15
if,14
wills,14
own,14
towns,14
mccloskey,14
i,13
century,13
four,13
piety,13
shall,13
economic,13
social,13
smith,13
would,13
institutions,13
court,12
longevity,12
m,12
record,12
another,12
oxford,12
total,11
first,11
exist,11
organization,11
observations,11
records,11
provided,11
once,11
men,11
where,11
see,11
gleaning,11
operated,11
historical,11
survival,11
between,11
way,10
late,10
people,10
research,10
activities,10
about,10
survive,10
individuals,10
open,10
yields,10
contained,10
places,10
both,10
need,10
studies,9
seems,9
hundred,9
there,9
thus,9
brother,9
estimates,9
document,9
journal,9
sister,9
rates,9
cost,9
public,9
well,9
year,9
residents,9
several,9
second,9
parishes,9
office,9
after,9
aid,9
westlake,9
known,9
almost,9
come,9
c,9
common,8
charitable,8
conjecture,8
j,8
help,8
british,8
rolls,8
times,8
amount,8
promised,8
similar,8
study,8
lay,8
peasant,8
population,8
required,8
enough,8
manorial,8
small,8
gather,8
coddling,8
organizations,8
less,8
period,8
bequests,8
can,8
probably,8
figure,8
few,8
helping,8
through,8
calories,8
should,8
courts,7
lower,7
fraction,7
has,7
functions,7
letter,7
throughout,7
church,7
even,7
high,7
whose,7
support,7
bad,7
grains,7
helped,7
appear,7
my,7
appears,7
charity,7
loss,7
collective,7
officers,7
poll,7
scattering,7
when,7
writs,7
f,7
he,7
communities,7
rules,7
others,7
death,7
crop,7
day,7
essay,7
craft,7
five,7
life,7
exists,7
comes,7
half,7
guild,7
section,7
living,7
cash,7
our,7
approximately,7
among,7
given,6
before,6
certainly,6
gazetteer,6
government,6
point,6
means,6
formula,6
regarding,6
deserving,6
neighbors,6
how,6
additional,6
method,6
markets,6
heaven,6
received,6
county,6
society,6
community,6
indicates,6
bread,6
law,6
towards,6
ages,6
week,6
made,6
allowed,6
collected,6
consumed,6
been,6
subsidy,6
indicate,6
table,6
enforced,6
existence,6
over,6
sampling,6
what,6
pooled,6
agricultural,6
middle,6
roughly,6
substantial,6
possessed,5
corporate,5
group,5
shocks,5
large,5
needed,5
picking,5
h,5
occurred,5
women,5
prosperous,5
might,5
date,5
principal,5
recorded,5
agriculture,5
combination,5
minimum,5
facts,5
funds,5
inhabited,5
drawn,5
poverty,5
luck,5
arrangements,5
idiosyncratic,5
sum,5
n,5
pious,5
counties,5
protected,5
example,5
change,5
published,5
st,5
purgatory,5
local,5
tasks,5
reduced,5
return,5
surviving,5
single,5
corpus,5
god,5
manor,5
tax,5
assistance,5
fact,5
ensured,5
examples,5
farming,5
fourteenth,5
points,5
last,5
black,5
kilocalorie,5
priests,5
beresford,5
gleaned,5
farm,5
beset,5
today,5
bound,5
analysis,5
gathered,5
beans,5
share,5
then,5
following,5
gild,5
conclusion,5
extraction,5
harvest,5
ault,5
cultivation,5
making,5
her,5
suggests,5
multiple,5
little,5
assumptions,5
penny,5
using,5
analogy,5
christi,5
reformation,5
early,5
customs,5
obligations,4
formed,4
oxen,4
consistent,4
member,4
based,4
else,4
give,4
stipends,4
religion,4
historians,4
march,4
e,4
ordinances,4
resources,4
review,4
g,4
paupers,4
pay,4
response,4
six,4
may,4
higher,4
failed,4
r,4
without,4
needy,4
brethren,4
edward,4
legal,4
plots,4
animals,4
dyer,4
wealth,4
however,4
disappeared,4
holdings,4
standards,4
jurica,4
out,4
arable,4
fisher,4
its,4
ten,4
rosser,4
database,4
contains,4
figures,4
riding,4
t,4
describing,4
long,4
family,4
brewing,4
sheeran,4
mollat,4
parliament,4
therefore,4
populations,4
nearly,4
still,4
array,4
neither,4
performed,4
lacked,4
man,4
do,4
perhaps,4
original,4
including,4
significant,4
use,4
sampled,4
services,4
low,4
keep,4
lose,4
written,4
often,4
quarter,4
charters,4
provide,4
usually,4
reasonable,4
lost,4
claims,4
bushel,4
observation,4
membership,4
pea,4
set,4
good,4
best,4
particularly,4
goods,4
growing,4
terms,4
theory,4
distribution,4
while,4
baines,4
institute,4
w,4
size,4
topographical,4
locations,4
value,4
course,4
sheriffs,4
association,4
supply,4
souls,4
recent,4
countryside,3
go,3
equation,3
page,3
will,3
names,3
scholar,3
glean,3
matching,3
royal,3
incentive,3
russell,3
mitigated,3
ii,3
implications,3
funerals,3
gary,3
available,3
farmer,3
commons,3
improved,3
miles,3
respond,3
adverse,3
campbell,3
everyman,3
account,3
vol,3
quantities,3
langland,3
sixteenth,3
dewindt,3
dataset,3
apart,3
far,3
enter,3
prevented,3
deserted,3
behavior,3
labor,3
spectrum,3
sample,3
objective,3
analyzing,3
nor,3
halfpenny,3
concerning,3
effective,3
y,3
percentage,3
according,3
kept,3
town,3
survives,3
eight,3
hanawalt,3
assuming,3
enabled,3
scattered,3
proclaimed,3
old,3
established,3
sick,3
mary,3
house,3
upper,3
calculations,3
david,3
important,3
toulmin,3
seven,3
hazard,3
experts,3
let,3
persons,3
spiritual,3
near,3
expensive,3
failure,3
taxes,3
relatives,3
significantly,3
fit,3
structures,3
statistics,3
past,3
translated,3
weekly,3
holy,3
feast,3
redistributed,3
substituting,3
least,3
correct,3
fulfilled,3
field,3
dictionary,3
prevalence,3
villagers,3
order,3
insurance,3
alleviate,3
peak,3
yielded,3
piers,3
world,3
oxborough,3
survived,3
chronological,3
perfect,3
barley,3
allen,3
above,3
alms,3
make,3
selection,3
represents,3
east,3
unwin,3
same,3
allows,3
fire,3
fell,3
lowering,3
plowman,3
fenwick,3
scholars,3
benevolent,3
mishap,3
john,3
everyday,3
operating,3
model,3
manner,3
secular,3
going,3
free,3
meetings,3
values,3
confraternities,3
lacunae,3
clear,3
discovered,3
moral,3
logic,3
amounts,3
tierney,3
individual,3
like,3
provides,3
latter,3
repeated,3
christian,3
disappearance,3
note,3
equals,3
george,3
science,3
pieces,3
off,3
denotes,3
methods,3
fall,3
types,3
centuries,3
regularly,3
manors,3
mentioned,3
geographic,3
constructed,3
pontifical,3
unknown,3
ubiquitous,3
straightforward,3
hamlets,3
rose,3
form,3
saint,3
writes,3
chancery,3
virginia,3
porridge,3
conclude,3
became,3
underestimate,3
merchant,3
question,3
until,3
urbanization,3
lands,3
write,3
never,3
typically,3
consumption,3
langdale,3
sharing,3
much,3
uk,3
final,2
does,2
done,2
declared,2
represent,2
announced,2
poorer,2
bequeath,2
approved,2
jurisdictions,2
provisions,2
picked,2
diversification,2
library,2
sets,2
brotherhoods,2
bias,2
inconsistent,2
favor,2
former,2
reasonably,2
aversion,2
corroborates,2
test,2
estimated,2
either,2
modest,2
fifteenth,2
interests,2
planting,2
nutritious,2
generated,2
nature,2
words,2
definition,2
confirmed,2
hoffman,2
crops,2
together,2
lincolnshire,2
thank,2
alderman,2
found,2
transferred,2
harvey,2
efficiently,2
maurice,2
feature,2
duparc,2
remainder,2
henry,2
robert,2
normal,2
cawley,2
california,2
longmans,2
motivated,2
system,2
hell,2
plain,2
eastern,2
gaps,2
primary,2
sought,2
uci,2
custom,2
possible,2
determined,2
richard,2
rubin,2
indigent,2
taking,2
uncertain,2
ross,2
pursuing,2
possessing,2
dispatched,2
dying,2
against,2
dozen,2
ability,2
titow,2
relatively,2
employing,2
mclaughlin,2
turn,2
cases,2
unspecified,2
deeds,2
underlying,2
dates,2
left,2
databases,2
ny,2
william,2
jones,2
reciprocation,2
loans,2
finances,2
mechanisms,2
rights,2
deirdre,2
yet,2
levels,2
keepers,2
doctrine,2
calculation,2
knew,2
coase,2
probability,2
proportion,2
grew,2
read,2
lowers,2
reason,2
soul,2
eighteen,2
lives,2
facilitated,2
wanted,2
biased,2
consider,2
clark,2
clearly,2
days,2
variance,2
restricted,2
quarters,2
threat,2
operate,2
requires,2
grida,2
ancient,2
strengthen,2
awaited,2
friends,2
raw,2
gregory,2
came,2
pastoral,2
assets,2
walk,2
societies,2
portable,2
discount,2
parishioners,2
conservative,2
hands,2
called,2
output,2
approximation,2
term,2
academic,2
companies,2
suffered,2
safe,2
source,2
wide,2
aspects,2
reader,2
proportions,2
knowledge,2
related,2
though,2
literature,2
roll,2
describe,2
inferences,2
broad,2
increasingly,2
rituals,2
complemented,2
cornwall,2
weeks,2
presumption,2
norfolk,2
sense,2
hard,2
working,2
hired,2
raftis,2
contrast,2
around,2
soil,2
sufficient,2
eleven,2
june,2
highly,2
protect,2
boundaries,2
annual,2
up,2
majority,2
describes,2
appropriate,2
behalf,2
barbara,2
unscrupulous,2
units,2
protecting,2
various,2
letters,2
employ,2
identified,2
wrote,2
indeed,2
hide,2
blessed,2
limited,2
sermon,2
decisions,2
collect,2
edited,2
hoskins,2
examined,2
palmer,2
included,2
light,2
mediaeval,2
largest,2
department,2
toronto,2
irvine,2
useful,2
chose,2
tuck,2
french,2
power,2
request,2
mark,2
again,2
baptist,2
financial,2
efforts,2
longer,2
areas,2
revenue,2
appeared,2
diverse,2
fallen,2
arthur,2
seldom,2
forms,2
conclusions,2
v,2
present,2
road,2
existing,2
income,2
pick,2
thrupp,2
impoverished,2
degree,2
remained,2
thousands,2
vast,2
discussion,2
registers,2
virgin,2
upon,2
formal,2
robustness,2
inefficiencies,2
tenets,2
entirely,2
sold,2
refers,2
variables,2
described,2
ties,2
modem,2
peter,2
lady,2
admission,2
christopher,2
flood,2
general,2
plant,2
him,2
darby,2
glassock,2
anyone,2
standard,2
alive,2
facing,2
characteristics,2
gervase,2
efficiency,2
respectively,2
structure,2
james,2
slightly,2
guess,2
dividing,2
we,2
institution,2
allison,2
hunt,2
visit,2
perils,2
suggest,2
consists,2
britton,2
topography,2
fraternal,2
wisdom,2
she,2
bulk,2
next,2
scholfield,2
plays,2
fear,2
deaths,2
widespread,2
collections,2
began,2
effectively,2
remaining,2
spanning,2
volumes,2
class,2
owned,2
applicants,2
sharp,2
dead,2
equaled,2
case,2
stable,2
detail,2
punished,2
victoria,2
beast,2
series,2
comparison,2
circumstances,2
extensive,2
sums,2
livery,2
column,2
know,2
berkeley,2
overestimate,2
components,2
extant,2
hughson,2
different,2
worth,2
relieve,2
expense,2
dues,2
minimized,2
very,2
associations,2
stipend,2
prayers,2
works,2
scores,2
better,2
suffering,2
surpluses,2
chicago,2
reign,2
vill,2
indigence,2
particular,2
trinity,2
imposed,2
undeserving,2
edinburgh,2
shortages,2
property,2
incomes,2
hundreds,2
praying,2
contain,2
categories,2
popular,2
mattingley,2
hurst,2
presented,2
entrance,2
met,2
city,2
alternatives,2
giving,2
cods,2
conventional,2
rochester,2
harvesting,2
twin,2
writing,2
pray,2
sickness,2
spring,2
devoutly,2
reveals,2
mitigating,2
include,2
although,2
consolidated,2
range,2
green,2
facilitates,2
smaller,2
voluntary,2
area,2
measured,2
ofliving,2
increased,2
summary,2
cull,2
third,2
themselves,2
reached,2
duration,2
grace,2
cross,2
close,2
bury,2
nicholas,1
pervaded,1
now,1
superstitious,1
lust,1
o,1
along,1
discourage,1
accomplish,1
dies,1
reside,1
diligent,1
borough,1
sins,1
calibrated,1
difficult,1
implemented,1
later,1
estate,1
insect,1
cent,1
pull,1
voided,1
acre,1
market,1
extend,1
determine,1
implies,1
measures,1
alone,1
considerably,1
utility,1
manuscript,1
contradicts,1
distributed,1
landholding,1
suppressed,1
becoming,1
settlements,1
american,1
complex,1
eaten,1
summarizing,1
saved,1
fed,1
identify,1
essays,1
prime,1
stays,1
merged,1
hull,1
likely,1
true,1
summaries,1
ways,1
solidarity,1
graze,1
demesnes,1
specified,1
discriminate,1
country,1
petitioners,1
supervised,1
overtones,1
collection,1
atonement,1
comparisons,1
redistribute,1
holding,1
assisted,1
regime,1
guise,1
edu,1
proliferating,1
indicating,1
permitted,1
root,1
canvassed,1
dictionaries,1
experience,1
offamily,1
round,1
said,1
anything,1
explaining,1
provision,1
beneficial,1
subsist,1
fast,1
definitely,1
preceding,1
production,1
rinehart,1
entailed,1
cox,1
vols,1
hire,1
season,1
austere,1
assist,1
expectation,1
anywhere,1
promoting,1
worked,1
diligently,1
capital,1
couriers,1
supplied,1
friendly,1
declined,1
possibilities,1
prayed,1
leading,1
agrarian,1
belong,1
advantage,1
broken,1
suggesting,1
desire,1
estimation,1
contribute,1
simple,1
whatever,1
accumulated,1
malting,1
assembled,1
rule,1
studied,1
able,1
brian,1
reveal,1
concludes,1
goldhammer,1
aldermen,1
uncovered,1
georgraphy,1
take,1
real,1
wealthy,1
failures,1
shillings,1
commensiality,1
nm,1
mind,1
state,1
holidays,1
emphasized,1
stand,1
reserved,1
corroborate,1
political,1
gibson,1
relations,1
surveys,1
within,1
oftener,1
papers,1
violating,1
churchwarden,1
inquiry,1
donated,1
nowhere,1
paying,1
murrain,1
issue,1
occasional,1
depending,1
corresponded,1
supplication,1
stuffed,1
ltd,1
task,1
kyllyngholm,1
money,1
translations,1
northallerton,1
expenses,1
robbery,1
difficulties,1
discuss,1
right,1
approximations,1
changed,1
deal,1
chapter,1
anticipation,1
cooperation,1
recommendations,1
rashness,1
pleasant,1
hungry,1
beverly,1
adopting,1
pursue,1
edicts,1
october,1
caesarius,1
taxation,1
exaggerate,1
bland,1
obvious,1
professor,1
harbour,1
desired,1
say,1
except,1
x,1
asserting,1
cited,1
bottom,1
dirty,1
undoubtedly,1
himself,1
vowed,1
financed,1
archaeological,1
gooey,1
dignity,1
hincmar,1
monastic,1
lights,1
collectiveaction,1
beggars,1
londoners,1
cursory,1
framework,1
bedfordshireleicestershire,1
learned,1
central,1
retaining,1
hazards,1
elucidates,1
southwestern,1
misfortune,1
doris,1
estimating,1
component,1
forcing,1
surmises,1
immediate,1
sociability,1
conceals,1
accounted,1
minutes,1
eating,1
since,1
mores,1
due,1
econometric,1
september,1
wrath,1
scarce,1
told,1
divine,1
reap,1
adopted,1
passage,1
raises,1
issued,1
application,1
rigorously,1
writ,1
topic,1
z,1
affairs,1
screening,1
oxfordshire,1
ct,1
amended,1
destroyed,1
tabulation,1
patch,1
displays,1
dean,1
fees,1
approval,1
serving,1
http,1
completing,1
milling,1
tomorrow,1
houses,1
inclusion,1
inception,1
served,1
gauge,1
minus,1
compared,1
twice,1
truly,1
publications,1
compare,1
find,1
rounding,1
rhiems,1
weight,1
storage,1
heifers,1
deceased,1
corrected,1
rutland,1
adventurers,1
kelley,1
adult,1
cooperative,1
generation,1
acted,1
sisters,1
unfortunate,1
error,1
cites,1
poorly,1
purchasing,1
industries,1
cms,1
lesser,1
scoundrels,1
surprisingly,1
offices,1
disbanded,1
via,1
pageants,1
essential,1
brezette,1
pauper,1
statements,1
patron,1
l,1
priest,1
possession,1
influential,1
weighted,1
unit,1
synonyms,1
month,1
enacting,1
derbyshire,1
remote,1
ordinance,1
dislodged,1
practiced,1
goes,1
bequest,1
edwin,1
households,1
earlier,1
importance,1
certain,1
quantitative,1
direct,1
huge,1
contributions,1
chattel,1
pages,1
references,1
special,1
lacking,1
scales,1
burials,1
summarized,1
conceming,1
consequences,1
space,1
periodic,1
moreover,1
risks,1
gathering,1
plaza,1
watching,1
downward,1
sown,1
category,1
settled,1
escape,1
funeral,1
sickle,1
wages,1
ramsey,1
statistical,1
benefits,1
organized,1
teamwork,1
expectancy,1
stored,1
latin,1
transactions,1
just,1
edition,1
indulgences,1
weather,1
latemedieval,1
numbers,1
impact,1
welfare,1
gradually,1
solidified,1
argued,1
severe,1
accumulating,1
advancing,1
longville,1
age,1
plunder,1
reiterated,1
superior,1
preponderance,1
smudge,1
requested,1
hertfordshire,1
efficient,1
discarded,1
modeled,1
position,1
putting,1
ceremony,1
problems,1
exploitation,1
commandeer,1
instance,1
archeological,1
answers,1
care,1
providing,1
decades,1
advocated,1
fates,1
imbedded,1
paragraph,1
assessments,1
albuquerque,1
redeeming,1
whereas,1
contention,1
ranges,1
uses,1
theft,1
bullocks,1
lead,1
pounds,1
unanimous,1
location,1
allow,1
bearing,1
holds,1
histories,1
entered,1
demise,1
entering,1
plot,1
boydell,1
access,1
young,1
relating,1
effort,1
lived,1
nutrients,1
hech,1
economics,1
curiosity,1
pass,1
events,1
advantages,1
harvests,1
persist,1
eat,1
illness,1
longman,1
punishment,1
huntingdonshire,1
midlands,1
further,1
handbook,1
weed,1
georgaphical,1
furthermore,1
lord,1
patent,1
repent,1
burial,1
fulfill,1
applied,1
appearing,1
otherwise,1
handled,1
tolman,1
garyr,1
procedures,1
disincentive,1
your,1
perform,1
taught,1
repute,1
industrious,1
cows,1
wants,1
sparse,1
receive,1
dower,1
hierarchies,1
trough,1
directly,1
none,1
relief,1
seminal,1
strips,1
work,1
landowners,1
implement,1
sickles,1
responding,1
unappealing,1
start,1
writers,1
leisure,1
nine,1
deans,1
heart,1
future,1
concept,1
hoping,1
unless,1
crude,1
part,1
purpose,1
substantiating,1
basement,1
civil,1
hepmangrove,1
reat,1
nation,1
perpetuity,1
tenure,1
irish,1
thenceforth,1
dozens,1
lectured,1
uc,1
gave,1
josiah,1
tale,1
place,1
policies,1
borthwick,1
leicestershire,1
cluster,1
earn,1
winter,1
rotation,1
haven,1
deserved,1
sutton,1
miniscule,1
status,1
ucla,1
sponsoring,1
count,1
approach,1
exchequer,1
monetary,1
prices,1
aided,1
downtrodden,1
skipped,1
tone,1
statistically,1
www,1
solution,1
ratios,1
tudor,1
successful,1
vetches,1
replenished,1
below,1
buildings,1
revolution,1
seized,1
panel,1
excuse,1
saintly,1
le,1
fallow,1
sack,1
exclude,1
nearest,1
night,1
conjectured,1
inst,1
teams,1
gleaners,1
consensus,1
revealing,1
leather,1
temporary,1
acts,1
reaping,1
kernels,1
codes,1
inefficiency,1
corporations,1
philip,1
lordship,1
dedicated,1
always,1
rendition,1
cattle,1
results,1
paid,1
games,1
theorem,1
staine,1
unripe,1
cycle,1
notes,1
negligence,1
aids,1
postmortem,1
protagonist,1
dayprudent,1
aggregate,1
actions,1
testamentary,1
geographical,1
stewards,1
mechanism,1
avoid,1
notion,1
reigns,1
bottisham,1
flourished,1
midpoint,1
tasted,1
sons,1
fortunate,1
sylvia,1
demand,1
forever,1
practices,1
minimizes,1
prohibitively,1
schmidt,1
affiliations,1
hinge,1
turns,1
located,1
labeled,1
site,1
tempted,1
wait,1
legumes,1
islands,1
cuisine,1
april,1
reduce,1
prove,1
attempt,1
converted,1
specifying,1
starve,1
comments,1
argument,1
newton,1
hold,1
tends,1
rodent,1
pastures,1
robin,1
calculate,1
cheap,1
trespassing,1
emmental,1
probate,1
ninth,1
interpretation,1
auspices,1
kingston,1
opportunities,1
salvation,1
accident,1
requiring,1
corroborated,1
serve,1
rectory,1
counterparts,1
plough,1
under,1
upwards,1
us,1
unappetizing,1
salutary,1
compiled,1
missing,1
enshrined,1
participants,1
cass,1
cod,1
informal,1
publishing,1
replying,1
liberties,1
teaching,1
harlots,1
ed,1
outlined,1
demonstrates,1
wright,1
deliver,1
accelerated,1
robust,1
buckinghamshire,1
costs,1
industrial,1
bushels,1
tanner,1
containing,1
unusually,1
cum,1
enforce,1
learns,1
processed,1
penalties,1
exploit,1
humberside,1
exact,1
double,1
sunlight,1
rather,1
midland,1
pledged,1
conceal,1
multiplying,1
carolyn,1
toward,1
spend,1
europe,1
similarly,1
put,1
printing,1
sketch,1
addition,1
water,1
complementary,1
analytical,1
stimulus,1
husbandry,1
communal,1
welwyn,1
ale,1
gruel,1
caltech,1
preserve,1
inkind,1
environs,1
beliefs,1
occupations,1
clerks,1
arisen,1
enable,1
larger,1
downwards,1
eric,1
churches,1
tithes,1
end,1
impatient,1
everything,1
substantially,1
doubt,1
fashion,1
pattern,1
imperfect,1
observes,1
audiences,1
fragments,1
reasons,1
starvation,1
gluttony,1
depopulation,1
rhythms,1
ternities,1
patterns,1
outside,1
geography,1
employed,1
centre,1
covered,1
developing,1
accepted,1
establish,1
robbers,1
relevant,1
renaissance,1
answer,1
annotations,1
strategies,1
pease,1
council,1
forth,1
duties,1
disparity,1
norms,1
woman,1
weaken,1
belief,1
books,1
controversy,1
ucb,1
mercy,1
manuals,1
remove,1
process,1
demonstrated,1
independence,1
pooling,1
lasting,1
greatest,1
collecting,1
nutrition,1
extended,1
excluding,1
chiefly,1
augustus,1
helps,1
decent,1
pertain,1
coasian,1
scatter,1
previously,1
risksharing,1
depended,1
holt,1
sufficiently,1
skipsea,1
recover,1
samples,1
crafts,1
worship,1
encouraged,1
top,1
findings,1
elections,1
combining,1
food,1
largely,1
persisted,1
assumption,1
privileges,1
returned,1
selions,1
band,1
regretfully,1
wednesday,1
processes,1
rare,1
eligible,1
clauses,1
bell,1
archive,1
chosen,1
full,1
raising,1
previous,1
strikingly,1
eleventh,1
lucrative,1
overturned,1
fallowing,1
significance,1
biblical,1
historic,1
directed,1
stress,1
comprehensive,1
michel,1
unlucky,1
frighten,1
rapidly,1
portfolio,1
issn,1
held,1
vt,1
divisions,1
someone,1
bradford,1
ely,1
function,1
summer,1
wealthiest,1
atone,1
mexico,1
miracle,1
distinction,1
cormac,1
panels,1
maximize,1
shortly,1
applicable,1
claim,1
abundant,1
thomas,1
municipal,1
exchange,1
spent,1
cheyette,1
unambiguous,1
margin,1
valued,1
especially,1
internal,1
literacy,1
improving,1
editors,1
become,1
narrow,1
sensible,1
geographers,1
commands,1
taunton,1
overcome,1
exactly,1
effect,1
teach,1
keith,1
learn,1
seeking,1
comfortably,1
implication,1
piqued,1
macmillan,1
subtracting,1
eyam,1
attend,1
limitation,1
quarterly,1
ago,1
councils,1
achieve,1
attention,1
concluded,1
widely,1
brown,1
examines,1
leeds,1
landholdings,1
trifle,1
entitled,1
carried,1
oflondon,1
fourteenthcentury,1
nonresponse,1
twelve,1
tests,1
penguin,1
flesh,1
me,1
mitigate,1
looted,1
raise,1
replied,1
independent,1
continued,1
segments,1
criminal,1
claimed,1
jurisdictional,1
lines,1
hutchinson,1
foregoing,1
fewer,1
bare,1
nexus,1
wimeswould,1
pestilence,1
exceptional,1
venues,1
translation,1
directory,1
yale,1
worse,1
englandfrom,1
addicted,1
peril,1
solutions,1
seminar,1
maximizing,1
maximizes,1
length,1
shortened,1
selfenforcing,1
implementing,1
auditors,1
mortality,1
alleviating,1
bones,1
diocesean,1
supporting,1
canonical,1
months,1
instances,1
itself,1
canada,1
articles,1
combines,1
rises,1
legacies,1
founders,1
fertility,1
sections,1
assistant,1
proof,1
ranged,1
publicly,1
penitent,1
authorities,1
magnitude,1
fifteen,1
loaf,1
ordered,1
historian,1
version,1
diversifying,1
manual,1
predictions,1
regulated,1
ever,1
endowed,1
theme,1
offered,1
masses,1
ignore,1
entry,1
corrections,1
text,1
meat,1
calamity,1
drew,1
sustained,1
command,1
alternative,1
hatherlegh,1
phrasing,1
butler,1
refresh,1
synergized,1
natural,1
retained,1
refused,1
principle,1
fault,1
clifford,1
guaranteed,1
paper,1
specialized,1
neglected,1
ratio,1
save,1
key,1
variable,1
referees,1
down,1
comfort,1
appendix,1
fluctuated,1
universal,1
current,1
thy,1
lutterworth,1
proportional,1
frome,1
foundation,1
distrained,1
brothers,1
losses,1
reliability,1
worton,1
edible,1
fills,1
separating,1
examining,1
translating,1
ethos,1
atypically,1
february,1
edge,1
person,1
subordinate,1
demography,1
justify,1
beginning,1
confess,1
miri,1
regulations,1
nomenclature,1
liquid,1
donate,1
tuttle,1
protections,1
combined,1
spatial,1
selected,1
list,1
accounts,1
bruce,1
want,1
cause,1
quote,1
usc,1
selfguilt,1
manuscripts,1
interval,1
ripe,1
dorso,1
extent,1
eyes,1
getting,1
revoke,1
foundations,1
collector,1
fodder,1
yield,1
smoothing,1
inverse,1
listed,1
missed,1
emphasis,1
maximum,1
prevent,1
targets,1
spaces,1
conference,1
credit,1
monitored,1
occasionally,1
brewers,1
awkwardly,1
notified,1
homilies,1
somerset,1
warden,1
content,1
micro,1
confirm,1
beer,1
plugging,1
yearly,1
regulate,1
variability,1
ac,1
infamous,1
die,1
techniques,1
activity,1
intended,1
went,1
calculated,1
exceeded,1
screen,1
possessions,1
obtain,1
illustrate,1
ranks,1
memories,1
families,1
phenomenon,1
archbishops,1
exceptionally,1
definitions,1
goals,1
think,1
varied,1
friday,1
minimizing,1
proceeds,1
afflicted,1
inefficient,1
spirit,1
runs,1
devoted,1
shown,1
models,1
tilts,1
score,1
argues,1
caloric,1
powers,1
disposal,1
donald,1
baslow,1
scribes,1
web,1
conditions,1
institutional,1
baking,1
finally,1
burnt,1
alvingham,1
sat,1
register,1
offer,1
joined,1
afflictions,1
scoured,1
managing,1
rearranging,1
stockholders,1
involving,1
expropriable,1
forming,1
discounted,1
stroud,1
gloucestershire,1
enclosure,1
remains,1
folly,1
indices,1
anonymous,1
vi,1
caveats,1
thousand,1
treats,1
supported,1
trajectory,1
endeavors,1
vessel,1
rest,1
spilled,1
ensuring,1
shrank,1
scholarship,1
wastefully,1
commodity,1
opaque,1
obligation,1
solicit,1
enterprise,1
partial,1
damp,1
uncertainty,1
texts,1
views,1
bounds,1
incur,1
ownership,1
entire,1
sheer,1
calendars,1
interaction,1
verified,1
corn,1
winston,1
sea,1
sudden,1
conventions,1
strong,1
seek,1
ends,1
whenever,1
unequivocal,1
farthing,1
southeastern,1
sent,1
ca,1
showed,1
quantity,1
villagesseems,1
noon,1
rearrange,1
grants,1
