WORDCOUNTS,WEIGHT
the,1019
of,533
in,398
and,331
limited,243
partnerships,218
to,212
a,182
partners,153
partnership,153
new,150
were,141
york,135
for,130
that,108
special,105
was,101
on,96
firms,96
firm,94
as,89
s,83
their,76
capital,74
ordinary,72
with,66
is,65
city,64
or,57
these,57
general,56
from,56
partner,54
data,53
this,53
not,53
percent,47
by,45
which,45
form,44
more,43
table,43
at,41
be,41
but,40
dun,40
have,39
law,38
merchants,35
industry,33
business,33
had,32
they,31
its,31
number,31
no,30
liability,30
an,30
than,28
see,28
it,26
total,25
are,25
one,24
all,24
two,24
other,24
who,24
if,23
p,23
between,23
sample,22
average,22
likely,21
about,21
net,21
worth,21
hilt,20
investments,20
o,19
could,19
only,19
would,19
statutes,19
may,18
yes,18
reports,18
members,18
significance,18
mercantile,18
kinship,17
banion,17
quite,17
set,17
each,17
did,17
code,17
commercial,17
states,17
american,16
first,16
there,16
directory,16
also,16
example,15
related,15
results,15
many,15
registration,15
use,15
co,15
indicate,15
variable,15
information,15
formed,14
differences,14
most,14
r,14
year,14
least,14
level,14
corporations,14
connections,14
regressions,14
been,14
types,14
any,14
lamoreaux,14
statute,14
certificates,13
century,13
legal,13
personal,13
family,13
included,13
time,13
invested,13
individuals,13
press,13
into,12
presents,12
g,12
university,12
n,12
found,12
commandite,12
denotes,12
when,12
made,12
businesses,12
often,12
over,12
them,12
agents,12
corporate,11
nineteenth,11
different,11
within,11
compared,11
important,11
john,11
ledgers,11
ties,11
goods,11
difference,11
france,11
among,11
common,10
estimated,10
per,10
ma,10
some,10
even,10
facilitated,10
state,10
however,10
failure,10
corporation,10
outside,10
less,10
years,10
another,10
including,10
significant,10
variables,10
held,10
cambridge,10
include,10
certificate,10
effects,10
much,10
created,9
history,9
source,9
porter,9
since,9
industries,9
mean,9
means,9
status,9
same,9
harvard,9
article,9
median,9
directories,9
reported,9
manufacturing,9
large,8
fixed,8
case,8
recorded,8
due,8
adopted,8
journal,8
failed,8
similar,8
clerk,8
observations,8
comparisons,8
equal,8
because,8
county,8
used,8
own,8
notes,8
therefore,8
economic,8
rise,8
operating,8
engaged,8
individual,8
revised,8
united,8
terms,8
little,8
role,8
merchant,8
rosenthal,8
although,8
lower,7
wealthy,7
those,7
has,7
prior,7
stakes,7
ct,7
amount,7
y,7
finances,7
his,7
across,7
analyzes,7
risk,7
origins,7
occupation,7
brooklyn,7
stake,7
records,7
relative,7
multiple,7
larger,7
where,7
registrations,7
controlling,7
office,7
trade,7
we,7
institution,7
then,7
early,7
duration,7
rate,6
introduction,6
available,6
existence,6
rodman,6
vol,6
howard,6
calculated,6
cases,6
rates,6
how,6
danger,6
organized,6
term,6
wealth,6
liable,6
coded,6
t,6
successful,6
order,6
contrast,6
up,6
world,6
provided,6
creditors,6
towards,6
credit,6
can,6
relationship,6
note,6
known,6
doggett,6
whether,6
listed,6
boston,6
became,6
until,6
authorized,6
evidence,6
names,5
livesay,5
test,5
either,5
every,5
together,5
composition,5
commandatary,5
troubat,5
fraud,5
very,5
laws,5
thus,5
relationships,5
higher,5
without,5
performance,5
represented,5
importance,5
moreover,5
jersey,5
frequently,5
location,5
required,5
well,5
literature,5
musacchio,5
part,5
during,5
working,5
debts,5
dependent,5
absence,5
pp,5
investor,5
investors,5
name,5
unlimited,5
french,5
v,5
perhaps,5
elite,5
operated,5
collected,5
dry,5
standard,5
effect,5
widely,5
obtained,5
independent,5
existed,5
investigate,5
school,5
regime,5
organizational,5
paper,5
commission,5
presented,5
manufacturers,5
instead,5
c,5
comparable,5
personally,4
e,4
dissolution,4
adoption,4
second,4
ways,4
occurred,4
chandler,4
sources,4
might,4
address,4
sup,4
government,4
court,4
nber,4
america,4
jacksons,4
such,4
networks,4
men,4
businessmen,4
whose,4
act,4
en,4
handlin,4
enabled,4
former,4
additional,4
generally,4
result,4
assets,4
none,4
network,4
relatives,4
london,4
officers,4
talented,4
interpreted,4
errors,4
statistically,4
below,4
ward,4
visible,4
newly,4
activities,4
minor,4
indeed,4
make,4
innovation,4
selection,4
j,4
management,4
dummies,4
wallis,4
published,4
stated,4
addition,4
granting,4
hand,4
do,4
existing,4
kessler,4
discussion,4
active,4
services,4
dummy,4
seavoy,4
three,4
publication,4
period,4
played,4
professional,4
indication,4
provide,4
figure,4
albion,4
binary,4
wilson,4
volumes,4
bates,4
rarely,4
several,4
simply,4
column,4
shares,4
massachusetts,4
utilized,4
what,4
particular,4
extent,4
categories,4
through,4
finally,4
naomi,4
forming,4
charles,4
indicating,4
themselves,4
courts,3
way,3
stripped,3
entries,3
squire,3
being,3
fraction,3
long,3
taken,3
spencer,3
strip,3
katharine,3
i,3
subsequent,3
failures,3
date,3
political,3
dissolved,3
contents,3
primary,3
retailers,3
taking,3
except,3
exposed,3
million,3
includes,3
accessible,3
review,3
estimates,3
compare,3
deviations,3
developed,3
knew,3
granted,3
employees,3
parentheses,3
old,3
warren,3
w,3
filed,3
beyond,3
conditional,3
faced,3
tax,3
based,3
economics,3
hansmann,3
appears,3
greenwood,3
record,3
find,3
james,3
basis,3
received,3
prominent,3
though,3
broad,3
contains,3
actually,3
renewals,3
systematic,3
assembly,3
sampled,3
wards,3
box,3
insurance,3
small,3
characteristics,3
highly,3
passive,3
invest,3
society,3
f,3
located,3
nearly,3
albany,3
community,3
bill,3
bankers,3
hold,3
kraakman,3
kent,3
yet,3
société,3
rode,3
industrial,3
violations,3
rather,3
suit,3
dissolutions,3
financial,3
fact,3
occupations,3
appeared,3
documents,3
choice,3
banks,3
incorporation,3
substantially,3
variation,3
present,3
extended,3
background,3
translation,3
chosen,3
advantages,3
clear,3
like,3
ny,3
so,3
last,3
fancy,3
commentaries,3
random,3
excluded,3
louisiana,3
decision,3
increasing,3
suggest,3
consists,3
charters,3
five,3
menus,3
hill,3
importantly,3
remaining,3
analysis,3
months,3
joseph,3
detail,3
economically,3
research,3
far,3
constant,3
historical,3
differed,3
following,3
unlikely,3
list,3
imposed,3
almost,3
both,3
kin,3
matches,3
using,3
named,3
eric,3
question,3
formation,3
lists,3
contributed,3
judges,3
potential,3
scholarship,3
wellesley,3
ownership,3
given,3
north,3
observed,3
row,3
page,2
obligations,2
residing,2
later,2
indicated,2
alone,2
replaced,2
columns,2
diversification,2
library,2
authorize,2
true,2
h,2
bias,2
studies,2
modern,2
candidate,2
policy,2
committee,2
title,2
before,2
antebellum,2
something,2
edu,2
guinnane,2
baker,2
negative,2
consistent,2
member,2
provision,2
employer,2
certainly,2
posed,2
bodenhorn,2
progression,2
actual,2
england,2
official,2
nature,2
containing,2
book,2
great,2
reasons,2
take,2
raised,2
reserved,2
somewhat,2
amalia,2
issue,2
sought,2
correspondents,2
possible,2
entrepreneurs,2
point,2
conceptual,2
pairs,2
classifications,2
bottom,2
representing,2
framework,2
ronald,2
saville,2
ôi,2
against,2
september,2
characteristic,2
regarded,2
unspecified,2
friedman,2
jr,2
convention,2
westport,2
forced,2
nelson,2
back,2
disproportionately,2
marriage,2
highest,2
response,2
six,2
young,2
twice,2
freedeman,2
plaintiff,2
william,2
stanley,2
error,2
incentives,2
rights,2
online,2
simultaneously,2
begbie,2
recognized,2
essential,2
mexico,2
operations,2
english,2
bring,2
commendam,2
notion,2
opportunity,2
arm,2
comply,2
transferable,2
connected,2
managerial,2
limitation,2
valuation,2
copartner,2
reason,2
modified,2
metropolis,2
imposing,2
section,2
proposed,2
numbers,2
argued,2
operate,2
superior,2
max,2
efficient,2
followed,2
m,2
preference,2
appear,2
opponents,2
legislative,2
problem,2
constructing,2
conservative,2
search,2
called,2
totaling,2
access,2
argall,2
lived,2
census,2
requirements,2
abramitzky,2
initial,2
employee,2
brokers,2
further,2
handbook,2
codification,2
persons,2
companies,2
younger,2
nothing,2
professionals,2
balance,2
possibility,2
aspects,2
directly,2
having,2
work,2
horwitz,2
ot,2
fit,2
older,2
fail,2
place,2
change,2
commerce,2
retired,2
panel,2
next,2
sharp,2
bank,2
attention,2
sufficient,2
few,2
zeros,2
peak,2
essentially,2
fully,2
monied,2
value,2
subsequently,2
will,2
nonetheless,2
requirement,2
squared,2
identified,2
action,2
exception,2
still,2
indicates,2
whole,2
frank,2
once,2
simultaneous,2
edited,2
selling,2
vs,2
morgan,2
under,2
restricted,2
perceived,2
compiled,2
light,2
lord,2
robust,2
largest,2
noted,2
enterprises,2
volume,2
whaling,2
americanization,2
averages,2
copied,2
associates,2
debates,2
overwhelmingly,2
pattern,2
man,2
zero,2
discussed,2
utilize,2
serious,2
never,2
ages,2
geography,2
frequency,2
day,2
remained,2
analyzed,2
range,2
enormous,2
empirical,2
conservatively,2
determining,2
evolution,2
aldo,2
eden,2
trust,2
previous,2
beckert,2
transformation,2
accounted,2
after,2
black,2
lose,2
payment,2
problems,2
study,2
banking,2
january,2
probably,2
equivalent,2
ffookes,2
sole,2
concluded,2
brown,2
separate,2
tests,2
untenable,2
assemblyman,2
popularity,2
begin,2
collections,2
yale,2
contribution,2
class,2
mahajan,2
exists,2
unusual,2
unacceptable,2
considered,2
assistant,2
contained,2
associated,2
biased,2
growing,2
incorporated,2
circumstances,2
founded,2
potter,2
levi,2
md,2
creditor,2
consanguinity,2
gilmore,2
unavailable,2
benefits,2
country,2
finance,2
cadman,2
appendix,2
half,2
report,2
eventually,2
iii,2
searched,2
just,2
type,2
turned,2
beginning,2
economy,2
carefully,2
unique,2
rose,2
making,2
add,2
mere,2
distribution,2
sleeping,2
constitutional,2
property,2
suggests,2
contain,2
port,2
hurst,2
must,2
introduced,2
intended,2
controls,2
commodities,2
contribute,2
obtain,2
clothing,2
commented,2
weingast,2
varied,2
buying,2
unable,2
entity,2
trusted,2
contract,2
conditions,2
motives,2
illiquid,2
approximately,2
typically,2
correlated,2
medians,2
d,2
need,2
brasher,2
pseudo,2
membership,2
madison,2
fine,2
comparison,2
needs,2
coefficient,2
passages,2
weber,2
sectors,2
cook,2
enterprise,2
immediately,2
darling,2
resources,2
difficult,1
compile,1
entities,1
directors,1
does,1
customers,1
tavern,1
mostly,1
produces,1
butler,1
marketaugmenting,1
suggested,1
portion,1
represent,1
interviews,1
market,1
affected,1
ant,1
resulted,1
college,1
trans,1
measures,1
resided,1
considerably,1
totally,1
succession,1
spottiswoode,1
distributed,1
connecticut,1
minutes,1
unsuccessful,1
group,1
told,1
center,1
speculated,1
accomandita,1
conflicts,1
determinant,1
jewelers,1
agency,1
provisions,1
identify,1
tend,1
live,1
copartnership,1
sets,1
liabilities,1
drinks,1
completely,1
shoe,1
specified,1
genius,1
douglass,1
spirit,1
weaker,1
collection,1
wend,1
protection,1
position,1
virtually,1
unlike,1
holding,1
detailing,1
classifies,1
contexts,1
file,1
round,1
coding,1
else,1
morton,1
explaining,1
attorney,1
undermine,1
failing,1
defects,1
parliamentary,1
preceding,1
universitv,1
creation,1
interests,1
exclusive,1
attempts,1
attempt,1
lutz,1
capitalists,1
worked,1
emerged,1
referees,1
aspinwall,1
seems,1
departure,1
supplied,1
altering,1
dramatically,1
company,1
skills,1
leading,1
laundry,1
secondary,1
professions,1
advantage,1
accompanied,1
desire,1
estimation,1
analyses,1
arises,1
follows,1
katheryn,1
transferred,1
substantive,1
hundred,1
akila,1
resulting,1
real,1
help,1
misrepresenting,1
hansard,1
lees,1
typical,1
greatly,1
precisely,1
aprajit,1
remainder,1
henry,1
principal,1
robert,1
azfar,1
classified,1
lucrative,1
publicize,1
hostile,1
context,1
papers,1
proposals,1
voting,1
sophisticated,1
alfred,1
inquire,1
key,1
capacity,1
enlarged,1
matthew,1
u,1
incorporate,1
trance,1
poughkeepsie,1
carriages,1
account,1
assessors,1
politics,1
machinery,1
jacksonian,1
powers,1
insight,1
richard,1
vital,1
obvious,1
purchases,1
professor,1
west,1
whatever,1
apart,1
timothy,1
panic,1
magistrate,1
sent,1
selecting,1
compares,1
along,1
correlation,1
awaits,1
financed,1
furnishings,1
benning,1
tied,1
sign,1
split,1
evaluating,1
harold,1
corresponding,1
usage,1
learned,1
human,1
penalty,1
voorhis,1
de,1
jobbers,1
overstatement,1
development,1
quality,1
inevitable,1
pursue,1
silks,1
backgrounds,1
dominated,1
tailors,1
retailer,1
interest,1
relatively,1
alphabetically,1
brother,1
whitney,1
issued,1
walter,1
participating,1
grouped,1
conrad,1
denote,1
washers,1
jobber,1
legislators,1
residences,1
dealings,1
overly,1
z,1
understates,1
wiley,1
turn,1
inserted,1
distinct,1
developments,1
speculative,1
better,1
keep,1
displays,1
clustering,1
taxpayers,1
conner,1
houses,1
jurisdictions,1
fate,1
ofdoggett,1
dates,1
minus,1
left,1
anonymity,1
employers,1
estimate,1
publications,1
died,1
committing,1
explore,1
drawn,1
boom,1
capitol,1
businessman,1
fellow,1
talent,1
acted,1
lastly,1
overstates,1
contracting,1
importers,1
oj,1
shielding,1
poor,1
interesting,1
philadelphia,1
commissioners,1
added,1
german,1
reflects,1
exact,1
ordinance,1
distinction,1
l,1
stricter,1
generations,1
borrowers,1
debated,1
interpretation,1
edward,1
affairs,1
notices,1
keepers,1
doctrine,1
capture,1
remote,1
environments,1
template,1
bankruptcy,1
b,1
parts,1
benjamin,1
doubted,1
pages,1
enacted,1
lawyer,1
productive,1
awareness,1
overlooked,1
factors,1
abundant,1
risks,1
divided,1
webster,1
category,1
statistic,1
plus,1
tabulations,1
consider,1
capitalization,1
entry,1
statistical,1
rated,1
retained,1
linked,1
liberal,1
copartners,1
allocation,1
edition,1
unimportant,1
impact,1
receiving,1
gradually,1
mary,1
weak,1
metalware,1
prevent,1
enjoyed,1
age,1
four,1
show,1
heading,1
stewart,1
powerful,1
follow,1
calculations,1
officer,1
scribner,1
cotton,1
willard,1
putting,1
imprecise,1
willing,1
woodforde,1
dominant,1
believed,1
contrary,1
antecedents,1
tradable,1
greater,1
closely,1
lieu,1
lead,1
whom,1
acting,1
identifying,1
introduce,1
wide,1
dollars,1
burton,1
holds,1
rule,1
begun,1
sd,1
out,1
energetic,1
deal,1
format,1
international,1
infrequent,1
facilitate,1
events,1
carleton,1
radical,1
carolina,1
shoes,1
informed,1
transactions,1
mainly,1
michigan,1
afforded,1
residential,1
produced,1
meet,1
applied,1
purchased,1
grounds,1
your,1
counties,1
explain,1
profit,1
rreedeman,1
hopkins,1
sparse,1
transcription,1
resold,1
landmark,1
tfaker,1
publish,1
scope,1
already,1
schuster,1
strict,1
vote,1
concept,1
sense,1
significantly,1
purpose,1
civil,1
nation,1
supreme,1
excessive,1
description,1
ten,1
loss,1
approve,1
realm,1
dessau,1
policies,1
issues,1
suppliers,1
accidental,1
mn,1
middle,1
ontario,1
lanham,1
eyre,1
kaelber,1
et,1
focuses,1
trimmings,1
reflect,1
haven,1
stanford,1
skinners,1
weeks,1
count,1
approach,1
dissolving,1
messenger,1
social,1
solution,1
normally,1
arise,1
grafted,1
brougham,1
describing,1
lowest,1
aroused,1
shaping,1
things,1
reliable,1
coupled,1
flug,1
trading,1
consolidation,1
affluent,1
indictment,1
concerns,1
revisers,1
executed,1
depression,1
lawyers,1
brought,1
acts,1
observe,1
met,1
boundaries,1
tended,1
philip,1
division,1
annual,1
progress,1
st,1
copartnerships,1
discusses,1
describes,1
gould,1
arbor,1
grateful,1
finds,1
perils,1
aggregate,1
promising,1
seemed,1
survived,1
inspection,1
pearson,1
aurora,1
contributes,1
uncommon,1
he,1
sons,1
proxy,1
attorneys,1
bringing,1
littlefield,1
lrow,1
lurking,1
alphabetical,1
short,1
comparative,1
resisted,1
obanion,1
harris,1
nullity,1
oscar,1
constraints,1
forbidden,1
jewelry,1
authorizing,1
above,1
comments,1
translates,1
initially,1
movement,1
registered,1
degree,1
unfamiliar,1
spectacular,1
chap,1
percentage,1
pacific,1
shipping,1
howland,1
opportunities,1
foreclosed,1
democrats,1
unattractive,1
paraclete,1
requiring,1
database,1
thought,1
upwards,1
easing,1
index,1
expediency,1
participants,1
falls,1
commonwealth,1
adjusted,1
positively,1
performed,1
baltimore,1
ed,1
pseudonym,1
wright,1
al,1
experiment,1
cooke,1
nineteenthcentury,1
defendants,1
wisconsin,1
department,1
increasingly,1
sector,1
useful,1
chose,1
sven,1
alteration,1
worst,1
sided,1
successfully,1
impediment,1
paul,1
frederick,1
kenneth,1
toward,1
again,1
statistics,1
scoville,1
residence,1
smith,1
complementary,1
investigates,1
efforts,1
shows,1
effingham,1
scholars,1
areas,1
bourgeoisie,1
cadwell,1
reform,1
clerks,1
rows,1
proliferation,1
end,1
venture,1
distributions,1
considerable,1
anticorporate,1
viens,1
success,1
patterns,1
ron,1
increases,1
covered,1
competitors,1
validity,1
accepted,1
verbatim,1
coincided,1
council,1
halsted,1
colony,1
focusing,1
chronologically,1
governance,1
widespread,1
entrepreneurial,1
explicitly,1
barrett,1
anticipate,1
subcategory,1
stance,1
interpreting,1
dormant,1
local,1
original,1
simon,1
week,1
becomes,1
investment,1
rio,1
father,1
session,1
examples,1
treated,1
leone,1
bear,1
values,1
formal,1
reinier,1
dissolve,1
previously,1
manufactured,1
dollar,1
wholesaler,1
samples,1
identity,1
concern,1
top,1
outliers,1
food,1
sold,1
prevailed,1
assumption,1
francis,1
prospective,1
began,1
numerous,1
garments,1
trend,1
rare,1
raising,1
option,1
consignment,1
pennsylvania,1
described,1
rejected,1
low,1
open,1
accessed,1
language,1
rapidly,1
ledger,1
health,1
peter,1
ireland,1
issn,1
feasible,1
function,1
summer,1
combs,1
ehilt,1
jk,1
filled,1
kept,1
anyone,1
renewal,1
expired,1
latter,1
repeated,1
matched,1
chapel,1
newspapers,1
computed,1
glenn,1
references,1
ann,1
exactly,1
availability,1
structure,1
learn,1
artisans,1
analyze,1
differ,1
contracts,1
italy,1
looked,1
attracted,1
industrialization,1
modifications,1
revolution,1
depth,1
noisy,1
bankruptcies,1
imply,1
violation,1
supposed,1
publishing,1
spelling,1
continued,1
seventeen,1
crucial,1
johns,1
usually,1
foreign,1
bowen,1
consent,1
practical,1
suggestive,1
foster,1
rough,1
reasonable,1
employment,1
inside,1
fewer,1
primarily,1
excluding,1
leake,1
temin,1
obstacle,1
merchandise,1
privileges,1
render,1
effectively,1
colbert,1
circumstance,1
seminar,1
helpful,1
britain,1
fall,1
surprising,1
cigars,1
itself,1
face,1
articles,1
eugene,1
claims,1
suggestions,1
magnitude,1
specification,1
proprietors,1
lessons,1
series,1
conclusion,1
mentioned,1
version,1
changing,1
determinants,1
too,1
pace,1
kay,1
precise,1
organization,1
regress,1
narrowly,1
text,1
durations,1
phillips,1
sums,1
appealing,1
here,1
clement,1
why,1
outcome,1
ran,1
branches,1
mutually,1
control,1
correspond,1
proponents,1
par,1
share,1
december,1
substitute,1
connection,1
estate,1
best,1
denoted,1
groceries,1
cc,1
creditworthiness,1
dramatic,1
particularly,1
losses,1
clearly,1
rely,1
disregarded,1
choosing,1
identities,1
closest,1
prospects,1
works,1
renegotiate,1
survivors,1
respect,1
regulations,1
searchable,1
scholarly,1
purchase,1
proceedings,1
investigation,1
darmstadt,1
implicit,1
addresses,1
selected,1
offering,1
accounts,1
garment,1
min,1
delegate,1
statement,1
map,1
theory,1
shall,1
etj,1
adaptation,1
always,1
while,1
foundations,1
appetite,1
institute,1
pursued,1
explored,1
cantine,1
cents,1
belknap,1
lawrence,1
upper,1
freedom,1
imprecisely,1
cluster,1
shoemakers,1
misdemeanor,1
proprietorships,1
pain,1
ill,1
taxed,1
marketing,1
bootstrapped,1
subject,1
impose,1
step,1
acute,1
adapted,1
measure,1
shareholders,1
manhattan,1
jun,1
appointed,1
tenable,1
aspect,1
faculty,1
reaching,1
our,1
rowman,1
omar,1
fi,1
cas,1
finding,1
twentieth,1
institutional,1
catch,1
laymen,1
ended,1
grown,1
constructed,1
product,1
manufacturer,1
stockholders,1
attributes,1
you,1
prosperity,1
defined,1
area,1
association,1
ships,1
roughly,1
summary,1
booth,1
anonymous,1
commonwealtha,1
profits,1
thousand,1
barry,1
territories,1
upstate,1
junius,1
chicago,1
era,1
partial,1
janeiro,1
mew,1
substantial,1
zephyr,1
weerapana,1
taylor,1
should,1
mest,1
occur,1
