WORDCOUNTS,WEIGHT
the,1140
of,483
a,426
in,376
and,350
to,349
slave,265
for,245
was,231
v,228
r,193
slaves,189
s,184
that,169
not,144
law,115
as,109
cases,100
or,98
on,98
an,97
by,97
had,95
were,94
court,90
damages,87
when,87
if,80
his,80
from,66
have,64
did,60
courts,59
they,57
railroad,57
with,56
it,55
because,55
case,54
would,54
common,52
could,51
c,51
this,50
be,49
free,48
he,47
american,46
their,46
but,46
train,45
who,45
is,45
at,43
property,43
boat,41
new,40
slaveowner,40
legal,39
pp,39
judges,39
defendant,38
p,36
slavery,35
also,35
escaped,35
appellate,35
la,35
owners,34
value,34
been,33
liable,32
owner,32
rule,31
states,31
plaintiff,30
than,30
see,30
carolina,29
loss,29
liability,29
under,29
only,29
so,29
railroads,28
hired,28
injured,28
although,28
killed,27
even,27
ga,27
state,26
risk,26
more,26
contract,26
other,25
n,25
tracks,25
without,24
out,24
example,24
south,24
accident,24
ky,24
held,24
slaveowners,23
one,23
kentucky,23
york,23
no,23
negligence,23
where,23
carriers,23
are,23
them,23
engineer,23
behavior,22
mo,22
economic,22
which,22
statutes,22
negligent,22
i,21
efficient,21
rules,21
some,20
master,20
louisiana,20
burden,20
north,20
accidents,19
history,19
first,19
might,19
parties,19
southern,19
through,19
wahl,18
pay,18
similar,18
these,18
time,18
recover,18
bondsman,18
over,18
masters,18
captain,18
antebellum,17
georgia,17
escape,17
defendants,17
two,17
rich,16
injury,16
recovered,16
found,16
persons,16
died,16
own,16
costs,16
tort,16
between,16
market,15
all,15
company,15
act,15
cost,15
missouri,15
civil,15
people,15
death,15
made,15
after,15
hirer,15
posner,15
md,15
century,14
journal,14
jones,14
white,14
most,14
care,14
ship,14
trains,14
yet,14
b,14
note,14
particularly,14
statute,14
involving,14
early,14
transportation,13
laws,13
himself,13
such,13
against,13
though,13
trial,13
therefore,13
virginia,13
should,13
whistle,13
injuries,12
human,12
mon,12
paid,12
rulings,12
tn,12
encouraged,12
standard,12
justice,12
until,12
nineteenth,11
said,11
papers,11
victims,11
duty,11
permission,11
same,11
many,11
warning,11
another,11
him,11
can,11
tennessee,11
responsible,11
efficiency,11
drowned,11
person,11
passed,11
her,11
code,11
negro,11
off,11
track,10
determined,10
richard,10
friedman,10
expected,10
advance,10
however,10
work,10
st,10
home,10
others,10
put,10
reasonable,10
life,10
often,10
board,10
losses,10
maryland,10
typically,10
livestock,10
later,9
before,9
victim,9
verdicts,9
risks,9
whereas,9
required,9
f,9
return,9
make,9
about,9
fellow,9
hiring,9
analysis,9
job,9
theory,9
while,9
freedom,9
both,9
recognized,9
taylor,9
doing,9
generated,8
denied,8
studies,8
into,8
hire,8
j,8
those,8
u,8
vol,8
decided,8
concerning,8
young,8
rights,8
stop,8
knew,8
humanity,8
nor,8
wealth,8
result,8
my,8
strict,8
edn,8
away,8
least,8
contrast,8
operators,8
business,8
similarly,8
fact,8
head,8
across,8
discussed,8
use,8
sometimes,8
criminal,8
returned,8
then,8
economy,8
awarded,8
reported,8
overboard,8
employees,7
protection,7
being,7
jumped,7
fine,7
injurer,7
rather,7
how,7
slaveholders,7
animals,7
means,7
wages,7
argued,7
judicial,7
escapes,7
carelessness,7
economics,7
public,7
well,7
received,7
its,7
night,7
family,7
research,7
aboard,7
society,7
led,7
passengers,7
requiring,7
wright,7
al,7
goodell,7
paul,7
fell,7
toward,7
john,7
man,7
men,7
less,7
engineers,7
steamboat,7
fehrenbacher,7
considered,7
struck,7
lying,7
william,7
what,7
went,7
our,7
themselves,7
era,7
easily,6
holding,6
finkelman,6
davis,6
interests,6
nature,6
committed,6
has,6
contractual,6
campbell,6
jacob,6
apparently,6
blow,6
failed,6
incentives,6
doctrine,6
certain,6
w,6
benefited,6
instance,6
opinion,6
greater,6
dicta,6
employee,6
war,6
near,6
brought,6
fence,6
employed,6
statutory,6
caused,6
will,6
action,6
cheaply,6
end,6
do,6
boats,6
reasoning,6
discussion,6
servant,6
washington,6
clear,6
co,6
defense,6
allowed,6
like,6
thomas,6
edmund,6
contracts,6
saw,6
fogel,6
claimed,6
get,6
itself,6
any,6
know,6
ran,6
save,6
best,6
protect,6
disputes,6
vessels,6
boston,6
drowning,6
steam,6
reversed,6
dangerous,6
traveling,6
o,5
along,5
estimated,5
sued,5
compensate,5
modern,5
hirers,5
permitted,5
baker,5
lower,5
taken,5
passenger,5
carrying,5
jury,5
take,5
miles,5
henry,5
robert,5
political,5
sale,5
labor,5
thus,5
dick,5
clark,5
reasoned,5
federal,5
granted,5
earlier,5
actions,5
allocation,5
show,5
came,5
jurisprudence,5
lost,5
judiciary,5
must,5
working,5
acted,5
several,5
acts,5
carrier,5
ohio,5
up,5
using,5
incentive,5
party,5
wiecek,5
suit,5
enough,5
hand,5
plaintiffs,5
mcmul,5
number,5
ruling,5
heard,5
recovery,5
david,5
running,5
never,5
prudent,5
especially,5
outside,5
chilton,5
hurd,5
compensation,5
refused,5
malone,5
appendix,5
written,5
america,5
alabama,5
boarded,5
runaway,5
chicago,5
ala,5
require,5
circumstances,5
careful,5
numerous,5
hurt,5
course,5
instead,5
d,5
evidence,5
am,5
suggested,5
much,5
race,5
difficult,4
way,4
stowaway,4
compensated,4
second,4
english,4
ways,4
walker,4
jur,4
certainly,4
jackson,4
give,4
worked,4
blown,4
great,4
system,4
saying,4
tushnet,4
suicide,4
fenced,4
zainaldin,4
safely,4
regarding,4
nash,4
adopted,4
old,4
times,4
price,4
higher,4
developed,4
district,4
suffer,4
determining,4
danger,4
moreover,4
reason,4
voluntarily,4
sick,4
followed,4
important,4
appear,4
union,4
encourage,4
columbia,4
we,4
transactions,4
equal,4
stock,4
careless,4
bore,4
applied,4
used,4
part,4
gave,4
ashe,4
during,4
place,4
keep,4
transported,4
schwartz,4
mules,4
good,4
published,4
field,4
excuse,4
each,4
mitchell,4
june,4
industry,4
philip,4
always,4
cincinnati,4
generally,4
doctrines,4
provided,4
cooter,4
ulen,4
likely,4
antislavery,4
va,4
thought,4
included,4
industrial,4
delaware,4
noted,4
double,4
stated,4
mark,4
pointed,4
smith,4
conduct,4
lives,4
lepper,4
children,4
duties,4
practice,4
cir,4
woman,4
years,4
upon,4
bear,4
mississippi,4
lawsuits,4
sold,4
rescue,4
discovered,4
controversies,4
wrongful,4
article,4
james,4
sales,4
oakes,4
ired,4
she,4
chance,4
whistles,4
why,4
existed,4
fall,4
instances,4
dana,4
sound,4
ned,4
breach,4
demonstrate,4
guilford,4
cover,4
quickly,4
benefit,4
award,4
whether,4
precedent,4
agreed,4
capable,4
transport,4
ruled,4
prosser,4
impose,4
chained,4
grossly,4
beings,4
opinions,4
walking,4
increased,4
charles,4
vessel,4
potential,4
engerman,4
assumed,4
cook,4
focus,4
avoid,4
sent,4
go,3
child,3
estate,3
created,3
determine,3
awarding,3
crossing,3
per,3
passing,3
told,3
operator,3
ma,3
ms,3
character,3
unlike,3
occurred,3
moving,3
something,3
warehouse,3
t,3
jesse,3
allocations,3
humans,3
promoting,3
upheld,3
tx,3
resulting,3
last,3
wage,3
within,3
stopped,3
stagecoach,3
calabresi,3
task,3
facts,3
right,3
possible,3
machinery,3
move,3
crossed,3
point,3
whites,3
resources,3
treatise,3
wallace,3
million,3
historical,3
boathand,3
run,3
olaf,3
interest,3
decisions,3
developments,3
ct,3
applying,3
chap,3
warned,3
may,3
precaution,3
grat,3
peterson,3
blew,3
interpretation,3
edward,3
influential,3
precautions,3
killing,3
coase,3
grew,3
leave,3
chattel,3
fn,3
wanted,3
river,3
benefits,3
imposed,3
grounds,3
edition,3
secs,3
frequently,3
too,3
prevent,3
presumed,3
beyond,3
fede,3
hit,3
negroes,3
view,3
conflicts,3
allow,3
color,3
census,3
late,3
left,3
focused,3
population,3
neither,3
cannot,3
suffered,3
placed,3
captains,3
governing,3
almost,3
data,3
crushed,3
del,3
future,3
unless,3
reporters,3
supreme,3
triumvirate,3
issues,3
partly,3
et,3
personal,3
surrounding,3
shipowner,3
carey,3
either,3
revolution,3
seized,3
owned,3
harr,3
around,3
small,3
characteristics,3
bridge,3
stanley,3
texas,3
tended,3
majority,3
peculiar,3
remanded,3
lincoln,3
contributory,3
gavin,3
fails,3
power,3
haven,3
acknowledged,3
nearly,3
formative,3
july,3
still,3
railway,3
standing,3
hold,3
positive,3
single,3
interstate,3
cheap,3
promotes,3
ed,3
stolen,3
bar,3
fugitive,3
poole,3
approaching,3
roark,3
water,3
arguing,3
scholars,3
floyd,3
resolved,3
manner,3
road,3
herring,3
perhaps,3
sec,3
day,3
able,3
analyzed,3
indiana,3
including,3
tickets,3
judge,3
felder,3
largely,3
evolution,3
franklin,3
described,3
rejected,3
low,3
open,3
making,3
three,3
agreement,3
try,3
period,3
general,3
kept,3
haden,3
legislatures,3
promote,3
study,3
anderson,3
assigning,3
structure,3
percent,3
analyze,3
northern,3
clagett,3
brown,3
decision,3
genesis,3
escaping,3
dual,3
provide,3
five,3
husband,3
naturally,3
practical,3
employment,3
seen,3
began,3
wilson,3
transformation,3
elkins,3
united,3
wheeler,3
following,3
oct,3
bush,3
facie,3
set,3
locomotion,3
control,3
different,3
worth,3
whidby,3
clearly,3
ordered,3
iron,3
explicitly,3
botts,3
placing,3
better,3
places,3
hyman,3
landes,3
johnson,3
terms,3
abraham,3
extent,3
sneed,3
allocate,3
port,3
travel,3
age,3
boiler,3
strangers,3
giving,3
tried,3
arguments,3
prima,3
cambridge,3
recovering,3
include,3
gross,3
attributes,3
area,3
instinct,3
catchers,3
cheaper,3
given,3
among,3
cross,3
employer,3
close,3
impossibility,2
reckoning,2
flywheel,2
disobedient,2
paralleled,2
deny,2
appealed,2
drunken,2
rehearing,2
scaggs,2
avoiding,2
represent,2
dangers,2
affected,2
resulted,2
college,2
exploded,2
considerably,2
notably,2
cochrane,2
expect,2
formulated,2
needed,2
hay,2
prevented,2
flanigan,2
cars,2
rogers,2
authority,2
holdings,2
bondage,2
reasonably,2
policy,2
necessarily,2
virtually,2
laid,2
knox,2
juris,2
russell,2
hitting,2
princeton,2
chief,2
stowaways,2
har,2
else,2
permit,2
sources,2
specifically,2
every,2
cade,2
len,2
historians,2
attempt,2
actual,2
stover,2
rational,2
england,2
damaged,2
shaped,2
knowing,2
broken,2
transporting,2
differences,2
ashore,2
onto,2
antitrust,2
efficiently,2
there,2
damage,2
calvert,2
murray,2
raised,2
reserved,2
classified,2
hewes,2
alike,2
behind,2
ad,2
growing,2
issue,2
shipowners,2
excused,2
mulatto,2
money,2
design,2
custom,2
jack,2
wilfully,2
kirkland,2
fl,2
stagecoaches,2
barry,2
reflecting,2
very,2
intelligent,2
cited,2
sand,2
exposed,2
penalty,2
andrew,2
ronald,2
reverse,2
genovese,2
pilot,2
comes,2
conductor,2
g,2
agent,2
ransom,2
application,2
forbade,2
legislators,2
meyer,2
forced,2
kind,2
plantation,2
stored,2
back,2
contrary,2
speed,2
machines,2
quit,2
apr,2
ambrose,2
coldw,2
third,2
profit,2
corpus,2
fulton,2
obstructions,2
obstructed,2
understood,2
influence,2
behave,2
high,2
nevins,2
soltow,2
adequate,2
whose,2
absent,2
illustration,2
explicit,2
process,2
highway,2
politicians,2
parents,2
arrangements,2
steamboats,2
keg,2
commoncarrier,2
moore,2
black,2
higginbotham,2
consequences,2
inanimate,2
ordeal,2
clerk,2
tensions,2
blame,2
fishlow,2
statistical,2
slowly,2
presumably,2
days,2
record,2
four,2
lumpkin,2
origins,2
overseer,2
cotton,2
exonerating,2
rice,2
explosion,2
kopytoff,2
faced,2
dc,2
legislative,2
closely,2
someone,2
catterall,2
relating,2
caveat,2
codify,2
pass,2
dispute,2
runaways,2
bind,2
captured,2
cart,2
further,2
occupation,2
appears,2
companies,2
meet,2
otherwise,2
mcpherson,2
sims,2
foreshadowed,2
wex,2
border,2
receive,2
patterson,2
failure,2
keeping,2
marsh,2
gibbons,2
secundum,2
statehood,2
rail,2
carry,2
horwitz,2
london,2
individual,2
knowledge,2
agreements,2
related,2
nation,2
crossings,2
got,2
year,2
discussions,2
statistics,2
burman,2
lawsuit,2
reflect,2
legislation,2
fireman,2
metc,2
craftsmen,2
won,2
presume,2
status,2
discretion,2
prices,2
arkansas,2
scruggs,2
below,2
involve,2
debts,2
next,2
grass,2
order,2
hole,2
emerging,2
involved,2
long,2
disposition,2
lawyers,2
disaster,2
county,2
met,2
yielded,2
guido,2
perverse,2
cattle,2
productivity,2
proper,2
florida,2
natchez,2
questions,2
enjoy,2
awards,2
sutch,2
pneumonia,2
protecting,2
various,2
injuring,2
short,2
located,2
expansion,2
tempted,2
horses,2
boatowner,2
intended,2
expanded,2
ignorant,2
argument,2
movement,2
roads,2
collect,2
reference,2
security,2
hedonic,2
us,2
corpse,2
acting,2
ewing,2
skin,2
floor,2
demonstrates,2
largest,2
increasingly,2
williams,2
derailed,2
social,2
sketch,2
useful,2
sam,2
lewis,2
finkin,2
challenge,2
again,2
stating,2
chaps,2
added,2
shows,2
treatment,2
contrasts,2
wesley,2
prior,2
redden,2
appeared,2
together,2
hear,2
substantially,2
doubt,2
contends,2
mcelmurry,2
imperfect,2
bell,2
took,2
present,2
ground,2
rosenfield,2
necessary,2
persuade,2
slaveholder,2
steamer,2
greatest,2
extended,2
intent,2
examples,2
considering,2
eighteenth,2
values,2
oral,2
arose,2
dumond,2
holt,2
lowe,2
size,2
murph,2
unfortunately,2
postbellum,2
probability,2
insure,2
yandell,2
engaged,2
stay,2
baptiste,2
trip,2
full,2
vices,2
overturned,2
grigsby,2
volition,2
hara,2
aware,2
importance,2
safety,2
workers,2
started,2
ellis,2
gruesome,2
bequests,2
premium,2
played,2
provides,2
latter,2
leg,2
craven,2
valued,2
breached,2
parallel,2
chapel,2
craft,2
alert,2
let,2
deterrence,2
tree,2
disembark,2
excluded,2
probably,2
looked,2
morris,2
need,2
institution,2
davies,2
controversial,2
reluctant,2
carried,2
signs,2
perry,2
bureau,2
george,2
trespass,2
usually,2
consent,2
hill,2
months,2
ordinary,2
ruffin,2
aitken,2
directing,2
force,2
economists,2
lawrence,2
comment,2
eaton,2
paragraphs,2
extra,2
wooster,2
table,2
equaled,2
enforced,2
centuries,2
citizens,2
face,2
joseph,2
manumission,2
earliest,2
door,2
ships,2
riley,2
contemplated,2
duncan,2
rarely,2
associated,2
broke,2
conclusion,2
minneapolis,2
toll,2
incalculable,2
implied,2
stephen,2
offers,2
here,2
supposed,2
natural,2
spullock,2
fault,2
guaranteed,2
expanding,2
setting,2
esop,2
down,2
half,2
boatowners,2
collins,2
rely,2
far,2
goods,2
reflected,2
allocated,2
pit,2
mass,2
passage,2
conrad,2
turned,2
towing,2
fla,2
blowing,2
suffering,2
ferry,2
particular,2
add,2
indicates,2
problem,2
transaction,2
getting,2
don,2
die,2
suggests,2
upper,2
hurst,2
hal,2
bought,2
presented,2
preserved,2
role,2
contractually,2
justices,2
subject,2
simply,2
southerners,2
obtain,2
dropoff,2
families,2
world,2
neall,2
inexplicably,2
voyage,2
coming,2
neglect,2
jan,2
mccurdy,2
question,2
promoted,2
shown,2
argues,2
ignored,2
generate,2
illinois,2
twentieth,2
strikingly,2
finally,2
mindful,2
offer,2
crimes,2
barzel,2
playing,2
attempted,2
voluntary,2
stroud,2
saturday,2
maintaining,2
specific,2
valuable,2
chambers,2
drunk,2
morse,2
negotiate,2
lessups,2
contrasting,2
grady,2
element,2
willing,2
whenever,2
digest,2
laborers,2
resembled,2
schafer,2
costly,2
looking,2
resolve,1
lobdell,1
miller,1
defective,1
bernard,1
abolition,1
panicked,1
possessed,1
rate,1
deference,1
struggle,1
triple,1
page,1
obligations,1
diligent,1
bulloch,1
declared,1
concerned,1
rev,1
yards,1
willful,1
frostbitten,1
stood,1
steckel,1
mimic,1
cathcart,1
separated,1
everyone,1
distress,1
schism,1
imminently,1
red,1
engines,1
widow,1
northfield,1
mclean,1
mar,1
arabia,1
collision,1
defenses,1
mouth,1
sympathetic,1
church,1
large,1
settlements,1
accidently,1
partially,1
rick,1
brooke,1
vict,1
shoulders,1
whip,1
kinds,1
landowner,1
mobility,1
prefer,1
essays,1
kennayde,1
mangham,1
hentz,1
hickey,1
merged,1
sticking,1
true,1
murder,1
strictly,1
peardslee,1
mcknight,1
fletcher,1
beckwith,1
mortgages,1
cox,1
favor,1
notwithstanding,1
yawls,1
supervised,1
proud,1
ore,1
considerations,1
station,1
former,1
decade,1
backs,1
western,1
yard,1
unreasonably,1
carroll,1
invent,1
total,1
freeman,1
ascertainable,1
husbands,1
scalded,1
litigation,1
matter,1
eye,1
source,1
verdict,1
precursors,1
facets,1
nonresident,1
root,1
suppose,1
impracticable,1
noncontractual,1
northward,1
filburn,1
predominantly,1
breaching,1
inhibited,1
elkison,1
morton,1
attorney,1
foresee,1
unguarded,1
invention,1
render,1
preceding,1
authenticlooking,1
clatter,1
tighten,1
parham,1
thoroughfare,1
attempts,1
abound,1
vols,1
investments,1
criminally,1
dixon,1
ithaca,1
darkness,1
undocumented,1
boilers,1
artificially,1
ourselves,1
analogies,1
obedient,1
capital,1
paternalism,1
vacated,1
brock,1
words,1
definition,1
resemblance,1
comparatively,1
reach,1
principles,1
corporate,1
leading,1
agrarian,1
contingencies,1
governed,1
accompanied,1
causey,1
borders,1
reasons,1
trover,1
confusion,1
monitor,1
complied,1
appearances,1
liverpool,1
oyster,1
follows,1
shot,1
borne,1
fruits,1
ponton,1
mcclenaghan,1
mills,1
government,1
incident,1
check,1
atlantic,1
thanks,1
hundred,1
reveal,1
real,1
graham,1
deemed,1
damont,1
dev,1
ithin,1
applegate,1
stacy,1
typical,1
remainder,1
conserve,1
bracken,1
principal,1
displayed,1
gifts,1
advantages,1
reading,1
mabry,1
governors,1
relations,1
intelligence,1
dressed,1
motivated,1
daniel,1
imposing,1
report,1
context,1
el,1
pecuniary,1
insures,1
decennial,1
timolean,1
british,1
concealed,1
esham,1
booked,1
side,1
duv,1
occasional,1
tyson,1
alfred,1
promulgated,1
plain,1
behavioral,1
mch,1
owing,1
tie,1
key,1
unaware,1
capacity,1
matthew,1
encouraging,1
amelia,1
expenses,1
me,1
foothold,1
erin,1
changed,1
roger,1
jumping,1
stepped,1
account,1
indirectly,1
burke,1
amanda,1
soldier,1
howard,1
marked,1
politics,1
determinable,1
georgetown,1
activity,1
planters,1
aff,1
cared,1
burning,1
schedule,1
beverly,1
axioms,1
strawbridge,1
adopting,1
solely,1
redd,1
fraud,1
worry,1
strayed,1
rid,1
occurring,1
taking,1
interdisciplinary,1
say,1
except,1
recalcitrant,1
foregone,1
cole,1
apply,1
constrained,1
undoubtedly,1
enter,1
promises,1
writing,1
forged,1
mcc,1
deserted,1
lights,1
hazard,1
humanely,1
misrepresentation,1
harold,1
pretended,1
signal,1
impaired,1
haynes,1
learned,1
encountering,1
sanger,1
conflict,1
central,1
throughout,1
denying,1
boland,1
review,1
cicero,1
leseman,1
relationships,1
influx,1
madrid,1
severe,1
spectrum,1
immediate,1
propertyholders,1
powerlessness,1
sending,1
inevitable,1
professor,1
due,1
pursuit,1
blond,1
helen,1
endangering,1
mcfarland,1
stakes,1
de,1
author,1
scarce,1
bodily,1
fuel,1
intact,1
agreeing,1
regarded,1
richardson,1
moment,1
brother,1
vigilance,1
kinder,1
consumer,1
heightened,1
works,1
allocates,1
worn,1
ease,1
quicker,1
fitzhugh,1
navig,1
lockjaw,1
dudley,1
courtroom,1
hat,1
dissented,1
feltus,1
progressive,1
maladies,1
uncompensated,1
recoveries,1
kimball,1
barb,1
overseers,1
psychological,1
rejecting,1
fleytas,1
canal,1
porde,1
arguably,1
burgeoning,1
nuisances,1
freed,1
amount,1
causing,1
allocating,1
differently,1
body,1
highest,1
intricate,1
served,1
stipulated,1
dearly,1
compared,1
outnumbered,1
employers,1
mistress,1
fowler,1
find,1
helpful,1
formulate,1
revised,1
kelly,1
look,1
preserving,1
spite,1
waterways,1
critique,1
think,1
sister,1
guard,1
hardly,1
adjust,1
impressions,1
shippers,1
pousargues,1
error,1
cites,1
carolinas,1
alarm,1
severally,1
untreated,1
massey,1
bailments,1
stunt,1
employing,1
smoothed,1
premiums,1
operation,1
guthery,1
gaining,1
nonslave,1
rountree,1
knoxville,1
disposed,1
simplified,1
goldenbow,1
essential,1
bannon,1
templeton,1
trainer,1
air,1
sherrod,1
cleared,1
growth,1
howes,1
abolished,1
ruptured,1
centered,1
crosstie,1
remain,1
heedless,1
adapt,1
sort,1
landscape,1
pompey,1
analogously,1
levels,1
ascertaining,1
johnston,1
glenview,1
gill,1
folse,1
injure,1
represented,1
opportunity,1
dealt,1
arm,1
fever,1
neighborhood,1
slipped,1
inexperience,1
proportion,1
associate,1
mile,1
staiert,1
inquiry,1
unconstitutional,1
balanced,1
milton,1
bryan,1
matched,1
disfigurement,1
worthless,1
lay,1
lawyer,1
discoveries,1
productive,1
gathering,1
support,1
reinterpretation,1
andrus,1
modified,1
send,1
understand,1
albert,1
honored,1
plus,1
servants,1
thornton,1
consider,1
possibly,1
objects,1
improvement,1
established,1
dwight,1
encourages,1
familiar,1
mcpheeters,1
freeland,1
foul,1
workplace,1
linked,1
leaves,1
bunch,1
sum,1
withers,1
just,1
gibson,1
holton,1
numbers,1
invariably,1
gradually,1
bruce,1
cooley,1
jersey,1
safer,1
unenviable,1
clyde,1
ignorance,1
lester,1
fare,1
situations,1
rescued,1
stowed,1
operate,1
superior,1
bowler,1
resource,1
beneficiaries,1
quarantined,1
exceed,1
predates,1
ballard,1
urged,1
consequence,1
intentional,1
hereafter,1
imprisonment,1
restaurant,1
permanent,1
answers,1
solve,1
shifted,1
destructive,1
odd,1
owning,1
imminent,1
believed,1
helped,1
m,1
testify,1
decades,1
counsel,1
cut,1
whipped,1
restoke,1
louisville,1
thinks,1
mileage,1
retrieve,1
hours,1
ordinarily,1
hungerford,1
expressed,1
uses,1
standards,1
watchful,1
based,1
acceptable,1
whom,1
merging,1
path,1
location,1
precluded,1
harbor,1
route,1
burton,1
entered,1
befell,1
plot,1
hands,1
strength,1
commonwealth,1
minutesimply,1
taney,1
seven,1
centers,1
referee,1
generates,1
underneath,1
scenes,1
prepare,1
owen,1
worker,1
cush,1
eluding,1
brake,1
suits,1
stepping,1
markets,1
punishment,1
extracting,1
harriss,1
rescuing,1
arranged,1
companion,1
annoy,1
spotted,1
pure,1
equally,1
braked,1
informed,1
shifting,1
expressly,1
reappeared,1
explosions,1
midnight,1
expensive,1
unchained,1
induced,1
stressing,1
treat,1
waterlogged,1
viewed,1
recently,1
produced,1
promise,1
woodbridge,1
handled,1
unredressed,1
heisk,1
gripon,1
rest,1
merrill,1
explain,1
approached,1
instrumental,1
corp,1
brooklyn,1
dowty,1
answer,1
derailments,1
scene,1
cows,1
slavescourts,1
verbally,1
sparse,1
aspects,1
kitchen,1
dower,1
having,1
sounded,1
stringency,1
schultz,1
basis,1
diminution,1
line,1
relief,1
landmark,1
priestley,1
clarke,1
mn,1
formerly,1
bystanders,1
scope,1
constitutionalism,1
climb,1
blinding,1
already,1
stiff,1
writers,1
insights,1
distinguish,1
coping,1
gradations,1
stake,1
heavily,1
laxity,1
discusses,1
explains,1
apparent,1
play,1
forge,1
dove,1
knight,1
barren,1
intentionally,1
approve,1
refined,1
rand,1
omnibus,1
literally,1
aggravated,1
contains,1
beginnings,1
fruitful,1
stimulate,1
friend,1
prisoner,1
lengthwise,1
call,1
macon,1
bishop,1
illustrative,1
halfway,1
cry,1
il,1
conveniently,1
welton,1
monopoly,1
president,1
interpreted,1
conform,1
bearer,1
wheat,1
trends,1
scheduled,1
count,1
chappell,1
approach,1
snowstorm,1
change,1
officials,1
normally,1
sense,1
contributorily,1
billion,1
responsibility,1
epes,1
things,1
stage,1
resolving,1
canoe,1
compensating,1
senator,1
waterway,1
cope,1
destiny,1
attentive,1
quite,1
settlement,1
repeated,1
contingency,1
briefs,1
enslaved,1
specificity,1
jailed,1
unsafe,1
notify,1
recognition,1
sufficient,1
few,1
concerns,1
highly,1
horrible,1
jamil,1
aycock,1
cession,1
folk,1
primary,1
presence,1
edwards,1
dramatic,1
essentially,1
distinguished,1
attached,1
omitted,1
impossible,1
core,1
heathcock,1
spence,1
visible,1
scott,1
method,1
harvey,1
pays,1
concurred,1
wife,1
mccall,1
arbor,1
gist,1
jointly,1
notes,1
structured,1
yelled,1
inform,1
bartlett,1
reducing,1
promising,1
garrett,1
input,1
garnered,1
prescribed,1
barbara,1
impunity,1
comport,1
critical,1
defended,1
wynn,1
elbow,1
pertaining,1
tasks,1
contrivance,1
westport,1
transp,1
dalgaard,1
reduced,1
minor,1
ingenuity,1
variety,1
client,1
exculpated,1
bringing,1
journey,1
contended,1
guarded,1
spalding,1
inadequacy,1
mayor,1
colw,1
bale,1
service,1
sunset,1
caught,1
fencing,1
onward,1
blodgett,1
wythe,1
commit,1
female,1
exception,1
allan,1
mart,1
prove,1
leon,1
allen,1
establishes,1
vaughan,1
calculated,1
comments,1
yoram,1
manifest,1
initially,1
backdrop,1
collapsed,1
newbetween,1
seemingly,1
ceilings,1
backed,1
disregards,1
whole,1
prefigured,1
indemnify,1
exceeded,1
farwell,1
answering,1
tortfeasors,1
gilbert,1
seales,1
woolley,1
once,1
violate,1
covington,1
foot,1
philadelphia,1
demolished,1
joshua,1
selling,1
shipping,1
lagged,1
patton,1
examined,1
fit,1
gulnare,1
makes,1
paradox,1
cutter,1
alongside,1
serve,1
fail,1
morgan,1
technology,1
mobile,1
quantify,1
supplementary,1
populated,1
official,1
harsher,1
clarified,1
compiled,1
reflects,1
jossey,1
assurances,1
matson,1
spruance,1
subset,1
orders,1
light,1
lord,1
veer,1
baltimore,1
window,1
hopes,1
reprint,1
rape,1
gary,1
constitute,1
boiling,1
containing,1
departing,1
department,1
calculating,1
couch,1
begins,1
disagreed,1
penalties,1
gentlemen,1
rise,1
inheritance,1
enterprises,1
perceptively,1
avoided,1
fairly,1
lee,1
street,1
shops,1
stemmed,1
members,1
bolton,1
sided,1
successfully,1
likelier,1
messenger,1
mangled,1
horne,1
temporarily,1
overrode,1
miscegenation,1
jarman,1
factory,1
washed,1
ended,1
avail,1
unintentional,1
responsibilities,1
l,1
rock,1
intellect,1
addition,1
sucking,1
powder,1
lighter,1
slatter,1
fellowservant,1
expose,1
lack,1
idea,1
valid,1
turner,1
alvin,1
pennington,1
areas,1
striking,1
minnesota,1
clingman,1
agree,1
documents,1
ought,1
witnesses,1
neglects,1
choice,1
pet,1
hugh,1
demonstrating,1
gray,1
fallen,1
watch,1
clause,1
granting,1
appropriately,1
minimize,1
fashion,1
clearing,1
trips,1
vail,1
match,1
possession,1
ages,1
downey,1
drinking,1
physiological,1
covered,1
ur,1
purposes,1
equitable,1
existing,1
vandegrift,1
income,1
dred,1
supp,1
ch,1
jobs,1
jenny,1
seamen,1
concentrating,1
surveillance,1
sped,1
bolt,1
judith,1
ports,1
conviction,1
pickett,1
deep,1
sill,1
inert,1
youth,1
distance,1
threats,1
stanford,1
beverley,1
wood,1
destroyed,1
coastal,1
mill,1
imputed,1
eq,1
convenient,1
divulges,1
degree,1
insured,1
docked,1
sineath,1
summers,1
demonstrated,1
deaf,1
recognizing,1
private,1
mcmaster,1
rob,1
ingress,1
investment,1
meekin,1
beneficiary,1
father,1
neatly,1
background,1
unconsciousness,1
treated,1
easier,1
comprise,1
completed,1
augury,1
accompanying,1
assembly,1
unquestionably,1
helps,1
locate,1
squabbles,1
slocumb,1
formal,1
trader,1
contemplate,1
deliberately,1
desperate,1
passes,1
distinctly,1
increase,1
scudder,1
dollar,1
bequeathed,1
markedly,1
canals,1
expand,1
louis,1
empirical,1
conservatively,1
entirely,1
bunks,1
affection,1
dallmeyer,1
operated,1
assumption,1
rivers,1
emphasize,1
guidance,1
conditions,1
middletown,1
prominently,1
bed,1
net,1
assign,1
rare,1
swim,1
hour,1
nothing,1
individuals,1
obstruct,1
trust,1
bailor,1
drown,1
write,1
stayed,1
complicated,1
boyce,1
reimbursement,1
berkshire,1
footpath,1
wheel,1
steering,1
bunkhouse,1
equaling,1
swigert,1
restrictiveness,1
express,1
recognize,1
victory,1
spawned,1
august,1
issn,1
secreted,1
eve,1
evening,1
characterized,1
torch,1
ny,1
spread,1
summer,1
complexions,1
explanation,1
evolve,1
distinction,1
profitably,1
filled,1
diligence,1
anyone,1
intoxicated,1
interacted,1
losing,1
believing,1
stratham,1
lose,1
adequately,1
rails,1
moran,1
foreshadow,1
instruction,1
accused,1
paso,1
buel,1
favored,1
jurisdiction,1
fatal,1
rescind,1
viewpoint,1
become,1
respectively,1
wise,1
daret,1
ann,1
britain,1
egroes,1
foreshadows,1
mellon,1
seeking,1
looks,1
advertisement,1
sept,1
differ,1
mees,1
equivalent,1
collisions,1
bestowed,1
lamar,1
y,1
deliesseline,1
industrialization,1
hawks,1
attend,1
jerry,1
evaluated,1
disrepair,1
fee,1
reckless,1
hope,1
attention,1
allison,1
merc,1
offspring,1
attended,1
paces,1
straying,1
unexpected,1
letting,1
suggest,1
midcentury,1
wished,1
foulke,1
posted,1
assigned,1
deck,1
aid,1
typhoid,1
mitigate,1
violation,1
today,1
coupled,1
cow,1
succinctly,1
scrutinized,1
education,1
indicators,1
independent,1
movements,1
figure,1
crucial,1
fiveash,1
economist,1
crutcher,1
buyers,1
maps,1
bound,1
foster,1
pieces,1
fear,1
spouse,1
begin,1
cn,1
parent,1
lines,1
fewer,1
bare,1
egro,1
entertained,1
institutions,1
predict,1
slow,1
referred,1
bonds,1
privy,1
forsyth,1
courthouse,1
pleading,1
yale,1
coercion,1
effectively,1
awake,1
preventable,1
oddly,1
confine,1
instituting,1
peril,1
inadequate,1
rapidly,1
syndics,1
maximizing,1
anxious,1
indicate,1
traveled,1
spanning,1
volumes,1
owed,1
sack,1
expectations,1
norton,1
involuntary,1
gorman,1
surprising,1
frontier,1
dead,1
wives,1
holmes,1
ing,1
types,1
examine,1
tunnel,1
administering,1
rider,1
capt,1
figured,1
eugene,1
occupies,1
grounded,1
crowded,1
meant,1
addressed,1
isaac,1
noncompliance,1
cannon,1
suggestions,1
seriously,1
authorities,1
curious,1
punished,1
heavy,1
mcdonald,1
blocked,1
mainly,1
preventing,1
censurable,1
elected,1
singular,1
material,1
bilderback,1
ahead,1
neglectful,1
repaired,1
mann,1
mentioned,1
defend,1
mcdaniel,1
grand,1
ringing,1
agents,1
constituted,1
locomotive,1
partnerships,1
beside,1
perversely,1
endowed,1
known,1
exposition,1
volitional,1
byproduct,1
exacted,1
unsuspecting,1
ralph,1
plea,1
invade,1
apportioned,1
equipment,1
sustained,1
consented,1
wasburn,1
decedent,1
mirrors,1
feelings,1
legislature,1
favorably,1
evokes,1
bumpy,1
intellectual,1
monthly,1
sure,1
rear,1
readily,1
halt,1
paper,1
robards,1
inclined,1
masqueraded,1
avoider,1
welch,1
exploration,1
seem,1
hays,1
gone,1
referees,1
exoneration,1
restrictive,1
bifurcated,1
argue,1
clarify,1
entrenched,1
stressed,1
pelham,1
berry,1
comp,1
facility,1
current,1
abdomen,1
ducked,1
eventually,1
foundation,1
searched,1
milk,1
crawled,1
brakes,1
obviously,1
adhere,1
enforcing,1
uphold,1
kidd,1
build,1
examining,1
differed,1
tex,1
speake,1
rural,1
quoted,1
possibility,1
subordinate,1
drop,1
warnings,1
prohibited,1
egress,1
scholarly,1
brakeman,1
automatically,1
administrative,1
proceedings,1
march,1
discharge,1
combined,1
unique,1
implicit,1
stockton,1
offering,1
list,1
ones,1
indemnifies,1
references,1
orleans,1
cause,1
lane,1
goldman,1
pertinent,1
nearby,1
feb,1
nascent,1
agricultural,1
map,1
mere,1
zemp,1
alice,1
porge,1
woodward,1
infirmity,1
statehouse,1
sleeping,1
remedies,1
mandated,1
brilliant,1
constitutional,1
produce,1
shirk,1
cents,1
influenced,1
minimal,1
reheard,1
inability,1
categories,1
art,1
authorized,1
unnoticed,1
middle,1
chesterfield,1
penalize,1
radically,1
winn,1
slaveowning,1
occasionally,1
injurers,1
lessup,1
apt,1
ill,1
malicious,1
thereby,1
bailment,1
conner,1
carman,1
city,1
despite,1
coughlin,1
sounding,1
wrought,1
williamson,1
predecessors,1
turns,1
lies,1
sitting,1
protected,1
rationale,1
compilations,1
measure,1
rochester,1
emanuel,1
demanding,1
indebted,1
clothing,1
colonial,1
tall,1
crew,1
gain,1
construed,1
bullitt,1
reaching,1
varied,1
coherent,1
come,1
spirit,1
devoted,1
spring,1
imprudent,1
survival,1
caring,1
rubbed,1
locations,1
touch,1
emptor,1
editor,1
difference,1
cowcatcher,1
mcclain,1
average,1
diminished,1
materials,1
exerted,1
scathing,1
accept,1
motives,1
land,1
proceeding,1
depart,1
green,1
torts,1
settling,1
piece,1
harbored,1
castrated,1
inducement,1
unsuccessfully,1
grapple,1
promptly,1
slaveholdings,1
extremely,1
association,1
shift,1
backers,1
mcclure,1
indices,1
showed,1
morning,1
anonymous,1
profits,1
thousand,1
blacks,1
searching,1
chattels,1
deciding,1
midafternoon,1
ensuring,1
myers,1
swine,1
prohibitively,1
succeeded,1
forms,1
enterprise,1
dibble,1
penalizing,1
national,1
views,1
bounds,1
substantial,1
whitecomplected,1
bourne,1
entire,1
interaction,1
hometown,1
develop,1
censuses,1
immediately,1
strong,1
recent,1
parker,1
avery,1
huelsenkamp,1
eerily,1
penal,1
roles,1
workings,1
customs,1
depreciation,1
major,1
evidently,1
customarily,1
favoring,1
continuously,1
