WORDCOUNTS,WEIGHT
the,1443
of,712
and,626
in,589
to,481
a,301
as,254
that,240
was,224
by,168
for,165
tourism,165
have,153
p,149
were,138
s,129
it,127
not,124
new,119
had,117
at,114
on,99
but,98
pp,97
tourist,94
been,92
is,90
tourists,88
more,80
there,79
travel,79
or,78
resorts,74
war,73
with,73
from,68
may,67
this,67
which,63
visitors,62
an,62
first,61
places,60
number,59
century,58
be,57
industry,53
one,52
some,52
resort,51
these,50
after,49
most,49
they,48
perhaps,48
only,46
american,45
all,45
destinations,45
york,45
than,44
springs,44
other,43
national,43
hotels,41
would,41
world,41
such,40
shore,40
its,40
saratoga,40
before,39
niagara,39
although,39
those,38
well,38
press,38
many,38
known,37
states,37
early,37
jersey,36
time,36
did,36
i,35
even,35
university,35
civil,35
we,35
city,35
hotel,35
west,34
development,34
who,34
could,33
see,33
so,33
cities,33
also,32
history,31
nineteenth,31
america,31
numbers,31
economic,31
spas,31
among,31
long,30
around,30
are,29
california,29
united,29
until,29
year,28
state,27
no,27
percent,27
park,26
about,26
brown,26
million,25
weiss,25
their,24
when,24
each,24
parks,23
fashionable,23
up,23
florida,23
automobile,23
camps,23
large,22
tour,22
growth,22
newport,22
travelers,22
any,22
over,22
went,22
increased,22
mountains,21
island,21
yellowstone,21
summer,21
especially,21
much,21
become,20
season,20
has,20
place,20
south,20
southern,20
sterngass,20
flagler,20
seen,20
into,19
americans,19
his,19
coney,19
nation,19
people,19
working,19
railroad,19
made,19
population,18
because,18
spa,18
guests,18
attractions,18
what,18
transportation,17
coast,17
england,17
falls,17
bridenbaugh,17
became,17
way,16
sears,16
white,16
out,16
accommodations,16
two,16
business,16
cape,16
then,16
ii,15
less,15
baedeker,15
opened,15
vacations,15
town,15
during,15
vacation,15
still,15
chap,15
competition,15
same,15
ibid,15
another,15
use,15
seaside,15
seem,15
waters,15
reported,15
area,15
between,15
if,14
nature,14
great,14
sacred,14
visited,14
industries,14
importance,14
important,14
hot,14
international,14
however,14
part,14
destination,14
winter,14
provided,14
likely,14
demand,14
john,14
inventing,14
wilson,14
aron,14
washington,14
major,14
might,13
accounts,13
established,13
baths,13
things,13
st,13
guide,13
took,13
know,13
extent,13
beach,13
being,12
how,12
developments,12
elsewhere,12
impact,12
search,12
sites,12
leisure,12
hampshire,12
annual,12
ed,12
increase,12
described,12
least,12
attracted,12
years,12
doing,12
recreation,11
accommodate,11
atlantic,11
cocks,11
henry,11
u,11
along,11
per,11
general,11
opening,11
public,11
example,11
gilborn,11
small,11
mineral,11
depression,11
service,11
where,11
can,11
today,11
must,11
branch,11
very,11
augustine,11
pomeroy,11
land,11
built,11
estimated,10
came,10
seems,10
taking,10
attract,10
better,10
lesser,10
house,10
late,10
statistics,10
arkansas,10
few,10
yosemite,10
make,10
enough,10
do,10
lake,10
including,10
largely,10
health,10
period,10
mountain,10
grand,10
according,10
twentieth,10
course,10
drew,10
attendance,10
now,9
taken,9
adirondack,9
mind,9
miles,9
akin,9
possible,9
attracting,9
developed,9
too,9
carolina,9
scale,9
line,9
data,9
used,9
survey,9
ballston,9
productivity,9
san,9
seeing,9
j,9
included,9
areas,9
larger,9
golden,9
elite,9
improved,9
dona,9
lawrence,9
satellite,9
them,9
rose,9
nearby,9
while,9
popular,9
both,9
little,9
our,9
average,9
famous,9
go,8
later,8
decade,8
occurred,8
case,8
activity,8
throughout,8
co,8
david,8
scenery,8
similar,8
river,8
four,8
helped,8
found,8
okubo,8
inns,8
activities,8
seemed,8
bill,8
home,8
others,8
end,8
doubt,8
day,8
argues,8
kansas,8
classes,8
private,8
region,8
trip,8
three,8
times,8
good,8
plant,8
thomas,8
figure,8
foreign,8
began,8
different,8
best,8
alexander,8
wealthy,8
historical,8
whether,8
making,8
manufacturing,8
colonial,8
come,8
locations,8
off,8
substantial,8
done,7
total,7
route,7
somewhat,7
within,7
historians,7
vol,7
estimates,7
estimate,7
north,7
philadelphia,7
eight,7
study,7
reason,7
just,7
edition,7
greater,7
train,7
changed,7
further,7
work,7
rise,7
braden,7
bea,7
research,7
massachusetts,7
he,7
architecture,7
short,7
indeed,7
says,7
edited,7
museum,7
europe,7
begun,7
earlier,7
story,7
northern,7
continued,7
success,7
traveled,7
earliest,7
quantitative,7
simply,7
country,7
leaders,7
domestic,7
mass,7
rural,7
terms,7
belasco,7
virginia,7
urban,7
babcock,7
traveling,7
durie,7
does,6
alone,6
connecticut,6
camping,6
second,6
western,6
expenditures,6
overnight,6
available,6
leading,6
tours,6
farther,6
take,6
inland,6
company,6
system,6
capacity,6
campers,6
point,6
far,6
labor,6
adams,6
boom,6
irwin,6
adirondacks,6
travels,6
organization,6
air,6
whereas,6
my,6
though,6
appears,6
cottages,6
near,6
issues,6
catskill,6
preferred,6
several,6
decline,6
paid,6
expansion,6
yet,6
already,6
palm,6
mark,6
hand,6
purposes,6
establish,6
local,6
services,6
nevertheless,6
held,6
homes,6
started,6
appleton,6
figures,6
european,6
oxford,6
bureau,6
foster,6
east,6
civic,6
list,6
maryland,6
particular,6
noticeably,6
boston,6
nahant,6
watering,6
commercial,6
smaller,6
francisco,6
valley,6
should,6
notably,5
experience,5
georgia,5
reasons,5
government,5
half,5
stopped,5
wonders,5
establishment,5
economies,5
hudson,5
wrobel,5
cases,5
club,5
compared,5
traveler,5
find,5
journal,5
william,5
jones,5
costs,5
sort,5
pages,5
factors,5
moreover,5
visit,5
dwight,5
image,5
show,5
decades,5
appear,5
rooms,5
touring,5
luxury,5
term,5
impression,5
almost,5
having,5
abroad,5
rail,5
future,5
confined,5
change,5
involved,5
auto,5
various,5
above,5
indicates,5
movement,5
roads,5
boorstin,5
thought,5
complete,5
gov,5
increasingly,5
put,5
towns,5
efforts,5
recreational,5
remained,5
extended,5
willey,5
improvements,5
stayed,5
clear,5
cunningham,5
spread,5
mount,5
favored,5
carlson,5
kass,5
saw,5
primarily,5
dulles,5
amusement,5
often,5
construction,5
table,5
premier,5
share,5
geographic,5
claims,5
carl,5
set,5
colorado,5
ran,5
natural,5
readily,5
gone,5
down,5
daily,5
visiting,5
combined,5
ones,5
migrations,5
catskills,5
think,5
grown,5
d,5
product,5
measured,5
assumed,5
chicago,5
immediately,5
given,4
common,4
indicated,4
cabins,4
likewise,4
vacationed,4
royal,4
chief,4
sequoia,4
www,4
give,4
motor,4
planting,4
kemble,4
official,4
rhode,4
closer,4
last,4
planters,4
pleasant,4
reached,4
corbett,4
phase,4
surely,4
component,4
rothman,4
sierra,4
interest,4
turn,4
hepburn,4
scenic,4
handful,4
steps,4
rather,4
camp,4
traffic,4
parts,4
scattered,4
brewster,4
emergence,4
clearly,4
towner,4
methodist,4
followed,4
consequence,4
based,4
declined,4
histories,4
houses,4
bostonians,4
patrick,4
ocean,4
cultural,4
equal,4
produced,4
absecom,4
residents,4
county,4
away,4
own,4
towards,4
regions,4
fostered,4
met,4
describes,4
westward,4
appeal,4
settlers,4
will,4
f,4
increasing,4
led,4
power,4
rhea,4
limited,4
play,4
initially,4
listed,4
selling,4
meanwhile,4
cod,4
property,4
sales,4
reports,4
fire,4
lewis,4
journey,4
mcwilliams,4
substantially,4
pennsylvania,4
books,4
distance,4
andbeing,4
week,4
discussion,4
eighteenth,4
entirely,4
pleasure,4
previous,4
attraction,4
low,4
august,4
like,4
carson,4
annually,4
casson,4
plans,4
relative,4
chain,4
quarter,4
widely,4
she,4
employment,4
months,4
canada,4
eventually,4
growing,4
worth,4
current,4
visits,4
works,4
destroyed,4
unlikely,4
economy,4
noticeable,4
attitudes,4
her,4
incomes,4
altered,4
despite,4
phenomenon,4
spring,4
cambridge,4
value,4
regular,4
association,4
engerman,4
rest,4
bay,4
c,4
era,4
building,4
close,4
final,3
car,3
groups,3
environmental,3
spurred,3
center,3
identify,3
poinciana,3
nps,3
easily,3
sublime,3
lower,3
boosters,3
either,3
production,3
emerged,3
paramount,3
carter,3
hunting,3
gideon,3
greatly,3
stagecoach,3
motels,3
albeit,3
primary,3
northeast,3
quality,3
entrepreneurs,3
reaching,3
blumin,3
october,3
move,3
community,3
say,3
cited,3
expanded,3
amusing,3
includes,3
difficulties,3
sacredplaces,3
baringer,3
hawaii,3
decided,3
santa,3
price,3
difficulty,3
entire,3
comprised,3
evident,3
commercialization,3
frequented,3
third,3
ny,3
interesting,3
pacific,3
alastair,3
landscape,3
levels,3
makes,3
peak,3
consequences,3
guides,3
wanted,3
sorts,3
shorter,3
origins,3
cost,3
view,3
dc,3
incomplete,3
agenda,3
fell,3
effort,3
deal,3
realize,3
difficult,3
reservation,3
companies,3
camden,3
ofamerican,3
brooklyn,3
stats,3
huge,3
basis,3
northerners,3
prominent,3
purpose,3
southwest,3
description,3
got,3
saranac,3
forces,3
lionel,3
someone,3
commerce,3
order,3
stimulated,3
quite,3
visitor,3
norris,3
excursion,3
unitedstates,3
shedding,3
located,3
nearly,3
r,3
direction,3
trains,3
fair,3
coverage,3
technology,3
mobile,3
management,3
culture,3
skin,3
stansfield,3
vermont,3
fact,3
sector,3
social,3
paul,3
again,3
chaps,3
limerick,3
addition,3
added,3
residence,3
water,3
smith,3
artists,3
preserve,3
disturnell,3
vision,3
fallen,3
guyther,3
fashion,3
serious,3
v,3
geography,3
motel,3
road,3
albert,3
schullery,3
wetherington,3
boat,3
original,3
easier,3
craig,3
completed,3
values,3
writings,3
depended,3
host,3
trend,3
engaged,3
stay,3
office,3
substitutes,3
individual,3
high,3
risen,3
presidential,3
latter,3
municipal,3
spent,3
miami,3
outside,3
davison,3
employees,3
materialized,3
present,3
versus,3
attention,3
competed,3
separate,3
conflict,3
stage,3
soane,3
me,3
george,3
provide,3
movements,3
claimed,3
patients,3
institutions,3
why,3
analysis,3
hope,3
frontier,3
equaled,3
types,3
susan,3
environment,3
series,3
mentioned,3
thousand,3
alternative,3
eds,3
berkeley,3
fairs,3
capital,3
aiken,3
past,3
type,3
notable,3
cook,3
rising,3
seasonal,3
account,3
gilbom,3
produce,3
hyde,3
w,3
middle,3
conference,3
nj,3
hal,3
tent,3
presented,3
exceeded,3
oil,3
campgrounds,3
luxurious,3
question,3
guest,3
need,3
effects,3
defined,3
withey,3
mulvey,3
offered,3
specific,3
haines,3
arrived,3
disaster,3
create,3
develop,3
archives,2
millennial,2
concerned,2
privately,2
pittsburgh,2
portion,2
market,2
tuscaloosa,2
resulted,2
privations,2
busy,2
red,2
vogue,2
sanitaria,2
pushed,2
pilgrims,2
village,2
group,2
told,2
becoming,2
needed,2
picked,2
stays,2
cars,2
completely,2
contend,2
studies,2
former,2
grove,2
allow,2
kettel,2
fragile,2
traveller,2
guise,2
alleged,2
turning,2
stafford,2
diffusion,2
said,2
railroads,2
picturesque,2
sources,2
davis,2
served,2
creation,2
ways,2
consuming,2
interests,2
attempts,2
attempt,2
jakle,2
affordable,2
permanently,2
retreat,2
definition,2
parties,2
shaped,2
ubiquitous,2
passenger,2
advantage,2
ofleisure,2
barbara,2
july,2
narrative,2
sometime,2
check,2
onto,2
feature,2
fresh,2
robert,2
advantages,2
episodic,2
theodore,2
blackford,2
alfred,2
seven,2
saying,2
hall,2
economics,2
announced,2
felt,2
determined,2
assure,2
lodging,2
run,2
purchases,2
fine,2
except,2
timothy,2
owners,2
interior,2
considerably,2
minimum,2
andrew,2
accessible,2
ronald,2
explained,2
severe,2
since,2
dominated,2
pursuit,2
tables,2
de,2
domain,2
daniel,2
regarded,2
occupancy,2
afford,2
jeremy,2
expeditions,2
pay,2
avalanche,2
ferguson,2
quebec,2
canal,2
refer,2
wayside,2
amount,2
differently,2
http,2
syracuse,2
six,2
extraordinary,2
output,2
single,2
truly,2
drawn,2
apparently,2
crawford,2
rates,2
businessmen,2
alabama,2
higher,2
rights,2
site,2
reflects,2
predicted,2
mattered,2
across,2
placid,2
stop,2
influenced,2
edward,2
afterwards,2
outputs,2
environments,2
sulphur,2
determining,2
steamboats,2
legendary,2
grew,2
certain,2
assuming,2
columbian,2
special,2
nos,2
lacking,2
inn,2
distant,2
lay,2
front,2
brunswick,2
monumental,2
plus,2
statistical,2
familiar,2
slowly,2
sheer,2
fare,2
circuit,2
experienced,2
n,2
beyond,2
puts,2
hit,2
m,2
providing,2
cut,2
upsurge,2
thinks,2
uses,2
location,2
harder,2
erosion,2
called,2
access,2
sights,2
initial,2
base,2
handbook,2
equally,2
expositions,2
require,2
schneider,2
cannot,2
suffered,2
purchased,2
wealth,2
facilities,2
enjoyed,2
gained,2
january,2
scene,2
directly,2
improve,2
shape,2
lost,2
network,2
relief,2
literature,2
received,2
industrial,2
start,2
writers,2
del,2
claim,2
coach,2
ailment,2
heavily,2
sharon,2
competing,2
casa,2
atack,2
sightseeing,2
excessive,2
whole,2
gave,2
peaked,2
millions,2
thereafter,2
call,2
focuses,2
illustrative,2
president,2
minds,2
seashore,2
weeks,2
count,2
prices,2
published,2
construct,2
arise,2
successful,2
describing,2
billion,2
descriptive,2
carriage,2
revolution,2
reliable,2
brower,2
level,2
rutgers,2
owned,2
colby,2
rainier,2
night,2
event,2
sake,2
amounted,2
sufficient,2
june,2
components,2
cool,2
brought,2
texas,2
usual,2
impossible,2
maine,2
progress,2
valenza,2
alcazar,2
am,2
entrepreneurship,2
enjoy,2
ofthe,2
society,2
subsequently,2
sutch,2
reduced,2
lynn,2
wrote,2
labeled,2
sunset,2
horses,2
congestion,2
whatever,2
allen,2
harry,2
worked,2
kent,2
democrats,2
index,2
compiled,2
choices,2
largest,2
without,2
illustrated,2
department,2
boarding,2
noted,2
williams,2
prepared,2
operations,2
regional,2
ledyard,2
harper,2
longer,2
gentleman,2
routes,2
starting,2
ride,2
restaurants,2
drink,2
kasson,2
irene,2
scholars,2
indies,2
trips,2
rustic,2
cure,2
mecca,2
sturdy,2
arthur,2
automobiles,2
anne,2
puritan,2
devil,2
hill,2
never,2
arisen,2
remarkable,2
increases,2
income,2
council,2
practice,2
agencies,2
hamilton,2
going,2
website,2
doubled,2
averaged,2
wilderness,2
examples,2
knopf,2
upon,2
range,2
bear,2
arose,2
ogilvie,2
carey,2
top,2
wound,2
enduring,2
additions,2
refers,2
worse,2
aside,2
complements,2
questions,2
ethnic,2
evolution,2
catherine,2
pattern,2
trade,2
open,2
landscapes,2
reward,2
publication,2
mt,2
lakes,2
accounted,2
workers,2
allowed,2
counted,2
shortly,2
proximity,2
class,2
article,2
trying,2
chose,2
salt,2
narrow,2
efficiency,2
exactly,2
monica,2
hunters,2
excursionists,2
probably,2
haven,2
quarterly,2
staying,2
tennessee,2
standard,2
summary,2
revolved,2
entertainment,2
suggest,2
extractive,2
cr,2
vegas,2
publishing,2
popularity,2
begin,2
lines,2
widespread,2
slow,2
means,2
twain,2
army,2
transformed,2
force,2
returned,2
importantly,2
remaining,2
indicate,2
length,2
life,2
steamboat,2
fe,2
erie,2
centuries,2
instances,2
considered,2
nantucket,2
detail,2
rarely,2
girls,2
aspiring,2
comes,2
changing,2
incorporated,2
coonskin,2
gdp,2
glimpse,2
funding,2
here,2
hospitality,2
exploded,2
grover,2
control,2
appendix,2
bit,2
wall,2
surprisingly,2
regard,2
money,2
post,2
newman,2
denver,2
las,2
protect,2
beginning,2
ladies,2
mackintosh,2
proceedings,2
duplication,2
excursions,2
hoped,2
inputs,2
beaches,2
catered,2
thousands,2
barely,2
cents,2
balance,2
guidebook,2
emphasis,2
bryant,2
size,2
org,2
circumstances,2
paradise,2
transport,2
through,2
dee,2
strangers,2
sumiye,2
role,2
williamson,2
subject,2
tried,2
listings,2
entrepreneur,2
southerners,2
programs,2
bradley,2
ho,2
coming,2
frivolous,2
varied,2
amenities,2
spoiled,2
devoted,2
unable,2
ignored,2
clubs,2
ancillary,2
numerous,2
aristocratic,2
contributed,2
offer,2
joined,2
opinions,2
writer,2
sports,2
roughly,2
ruth,2
barry,2
jefferson,2
charlotte,2
substitute,2
supply,2
patricia,2
afield,2
bargain,2
surveys,2
focus,2
strong,2
laws,2
martin,2
nicholas,1
courts,1
problem,1
countryside,1
mingled,1
compile,1
earner,1
cordova,1
insightfulness,1
cindy,1
customers,1
bartram,1
mostly,1
produces,1
medicinal,1
paralleled,1
buildings,1
convergence,1
olympics,1
fleischmann,1
appealed,1
stuart,1
herself,1
populous,1
tion,1
expand,1
till,1
bathhouses,1
represent,1
acre,1
career,1
deserve,1
rosenbloom,1
college,1
revolutionary,1
arrive,1
determine,1
georgians,1
pierce,1
e,1
rhine,1
favorably,1
introduction,1
autohaven,1
pools,1
ranches,1
expect,1
everybody,1
janice,1
methodology,1
explosion,1
summarizing,1
envisioned,1
fittingly,1
kinds,1
jews,1
agency,1
partner,1
diplomatic,1
jon,1
enhance,1
designed,1
prime,1
seaton,1
word,1
formed,1
renamed,1
live,1
library,1
picking,1
circumspect,1
true,1
alka,1
ostensibly,1
o,1
inaccuracy,1
employers,1
specified,1
printer,1
mit,1
candidate,1
favor,1
flows,1
earnings,1
collected,1
duke,1
kerry,1
ranges,1
earnest,1
adventurer,1
style,1
comparisons,1
taverns,1
presents,1
unlike,1
encourage,1
stan,1
detrimental,1
cornell,1
antebellum,1
accomplishments,1
induced,1
classifies,1
edu,1
attractiveness,1
eye,1
scurred,1
variety,1
brodock,1
annals,1
offering,1
singled,1
lure,1
laura,1
frances,1
journeys,1
fires,1
chichester,1
fares,1
dreamland,1
summarize,1
round,1
mentioning,1
member,1
anything,1
crozer,1
ideas,1
fraction,1
gap,1
explaining,1
provision,1
permit,1
problems,1
leon,1
modest,1
every,1
acres,1
geoffrey,1
certainly,1
localities,1
posed,1
guises,1
exaggerated,1
restoration,1
contrasted,1
address,1
possesses,1
realizing,1
rapid,1
progression,1
gazetteer,1
lumber,1
degree,1
undeniably,1
shortage,1
ranchers,1
transmission,1
historicalnew,1
words,1
confirmed,1
locals,1
tavern,1
possibilities,1
skills,1
secondary,1
assuaged,1
suggesting,1
warm,1
together,1
accompanied,1
rebuilt,1
conditions,1
careers,1
invigorated,1
thank,1
converse,1
richards,1
skeptics,1
acreage,1
exotic,1
rich,1
transient,1
soared,1
inherent,1
able,1
hundred,1
downturn,1
skiing,1
concludes,1
mississippi,1
composition,1
garages,1
room,1
providence,1
expense,1
sees,1
products,1
subsequent,1
achieved,1
differential,1
vitality,1
roosevelt,1
underutilized,1
ofour,1
loose,1
commercialism,1
date,1
precisely,1
raised,1
mechanism,1
indulgence,1
staff,1
classified,1
political,1
investigations,1
fearfully,1
publicize,1
discipline,1
twenty,1
behind,1
worldwide,1
context,1
british,1
donated,1
racetracks,1
side,1
fortune,1
occasional,1
depending,1
ascribed,1
pretext,1
forthcoming,1
dr,1
downhill,1
colophon,1
roy,1
eastern,1
tie,1
grossinger,1
asylums,1
captures,1
sought,1
agriculture,1
draw,1
rests,1
right,1
march,1
retain,1
crowd,1
restoring,1
quantities,1
disembarked,1
prior,1
teddy,1
implies,1
cooperation,1
condition,1
exhibits,1
characterize,1
drive,1
cater,1
establishing,1
reaction,1
begins,1
alter,1
fishing,1
richard,1
dinner,1
obvious,1
diss,1
reflecting,1
x,1
enlargement,1
indicating,1
uncertain,1
quantity,1
overlooking,1
desirable,1
latecomer,1
cole,1
lassen,1
keeps,1
himself,1
inexpensive,1
nontourists,1
slack,1
flocked,1
internationally,1
modem,1
slower,1
behavior,1
oneand,1
pursuing,1
shut,1
nickel,1
pilrims,1
signal,1
usage,1
exist,1
sabbatical,1
thus,1
unfathomable,1
township,1
rushmore,1
review,1
married,1
voyages,1
farmhouses,1
proceeded,1
monterrey,1
weakened,1
estimating,1
buck,1
reputation,1
accommodation,1
eating,1
consumed,1
sanitarium,1
due,1
premises,1
realized,1
september,1
overland,1
author,1
pier,1
glacier,1
canyon,1
dozen,1
ability,1
sickly,1
absolved,1
recognition,1
raises,1
consumer,1
reliably,1
pm,1
ut,1
vanguard,1
jr,1
encyclopedia,1
dakota,1
janet,1
topic,1
dick,1
neat,1
seaboard,1
migrate,1
exercise,1
guided,1
wiley,1
pessimistic,1
wander,1
elements,1
nor,1
items,1
establishments,1
flourishing,1
curiously,1
underlying,1
fees,1
nuisances,1
crosses,1
calistoga,1
rollins,1
profound,1
back,1
speed,1
cab,1
serving,1
panorama,1
young,1
racial,1
moving,1
dates,1
arranged,1
left,1
trekked,1
continuous,1
twice,1
witnessed,1
coronado,1
criterion,1
fannie,1
profit,1
millard,1
men,1
obscure,1
sin,1
bottles,1
despoilment,1
look,1
preserving,1
practically,1
adventurers,1
booster,1
departed,1
leadership,1
businessman,1
delivered,1
influence,1
infinite,1
impressions,1
durham,1
cites,1
narragansett,1
sprinkle,1
renaissance,1
newer,1
phases,1
aristocracy,1
etc,1
civilization,1
operation,1
opposed,1
poor,1
roadside,1
seekers,1
geneva,1
recognized,1
essential,1
german,1
mexico,1
mild,1
privilege,1
act,1
english,1
l,1
forestalled,1
main,1
absent,1
reinvigoration,1
flitted,1
daytripper,1
declaring,1
angeles,1
hadlyme,1
district,1
remain,1
lie,1
anglican,1
en,1
institution,1
sorely,1
sizable,1
holyoke,1
fastest,1
exhausted,1
coastal,1
notion,1
calculation,1
highway,1
remote,1
lofty,1
knew,1
politicians,1
kept,1
villas,1
push,1
waned,1
annapolis,1
dean,1
storms,1
associate,1
stops,1
depot,1
publisher,1
dwarfed,1
direct,1
sociologists,1
ethan,1
generating,1
walt,1
cave,1
worthless,1
baedekers,1
earl,1
devoid,1
desegregation,1
productive,1
spurs,1
healthier,1
risks,1
wallingford,1
fn,1
pleasures,1
indispensable,1
raymond,1
ferry,1
monuments,1
salaried,1
mrs,1
settled,1
paragraphs,1
frowned,1
presidents,1
maintaining,1
old,1
vastly,1
space,1
ct,1
greeks,1
exhibitions,1
locally,1
flexibility,1
erecting,1
key,1
seas,1
pales,1
descent,1
repeated,1
yellow,1
dated,1
sick,1
ofatlanta,1
warren,1
prolonged,1
driven,1
days,1
weather,1
mary,1
streetcar,1
exploratory,1
allude,1
landing,1
frequently,1
lester,1
hastened,1
prevent,1
benefited,1
advancing,1
umbrella,1
outing,1
aubrey,1
yeomanry,1
commonly,1
montgomery,1
superior,1
heading,1
additional,1
promoted,1
ofhistory,1
gandhi,1
conrad,1
acadia,1
defines,1
anecdote,1
idealized,1
inappropriateness,1
ponce,1
points,1
nonexcursionists,1
painted,1
reinvigorate,1
stirrings,1
willing,1
subsidiary,1
mainstay,1
landlord,1
feeble,1
endemic,1
rockaway,1
wyoming,1
discouraging,1
opinion,1
export,1
ancient,1
drawing,1
body,1
nebraska,1
disappeared,1
atlanta,1
chester,1
ithaca,1
mileage,1
hours,1
raw,1
yielding,1
expressed,1
result,1
cresson,1
middleincome,1
whom,1
sooner,1
path,1
travellers,1
walk,1
arrival,1
municipalities,1
harbor,1
grantee,1
breed,1
untypical,1
strength,1
ambitions,1
inspectors,1
resembles,1
lived,1
wiped,1
users,1
format,1
gauge,1
events,1
requirements,1
oh,1
owen,1
pioneer,1
noting,1
endeavor,1
locales,1
possibility,1
approximation,1
featured,1
respects,1
rescuing,1
exceptions,1
fourth,1
encyclopaedia,1
oklahoma,1
standardized,1
traced,1
fishermen,1
italians,1
let,1
districts,1
effect,1
toured,1
misleading,1
recently,1
persons,1
wherein,1
track,1
tastes,1
fish,1
mechanicsville,1
steele,1
democratization,1
nothing,1
expedient,1
counties,1
dwelling,1
explain,1
approached,1
instrumental,1
required,1
dwellers,1
fledgling,1
ennui,1
wide,1
jewish,1
gods,1
bluffs,1
stations,1
cows,1
beaten,1
manitou,1
litchfield,1
expensive,1
failure,1
youperhaps,1
sagely,1
supplanted,1
diminution,1
protected,1
pasadena,1
believable,1
romans,1
formerly,1
planning,1
rocks,1
coaxed,1
distinguish,1
ku,1
unless,1
nc,1
accounting,1
london,1
inconveniences,1
stir,1
crowbar,1
apparent,1
curing,1
gender,1
platt,1
ten,1
dozens,1
domestically,1
northwest,1
policies,1
reynolds,1
broad,1
keep,1
relevance,1
actually,1
falling,1
savannah,1
participated,1
earn,1
pan,1
poconos,1
belmont,1
irving,1
bar,1
aghast,1
translated,1
poll,1
swift,1
surrounding,1
legislation,1
newspaper,1
entered,1
piles,1
overseas,1
climb,1
participate,1
monopoly,1
miniscule,1
status,1
league,1
strengthened,1
assembly,1
connections,1
trends,1
capo,1
sampled,1
shortcomings,1
trost,1
luna,1
earth,1
aided,1
fillmore,1
running,1
previously,1
fearing,1
closing,1
los,1
hard,1
sweep,1
responsibility,1
pronounced,1
distances,1
tom,1
shaping,1
tilyou,1
simpler,1
indicators,1
next,1
politically,1
warrant,1
homogenous,1
emerging,1
family,1
nashville,1
showed,1
pike,1
oct,1
leaves,1
characteristics,1
exemplifies,1
migration,1
wider,1
smithsonian,1
lynne,1
choose,1
migrating,1
stemgass,1
acts,1
supposedly,1
presence,1
hopkins,1
essentially,1
pavilion,1
boundaries,1
tended,1
yielded,1
churches,1
vein,1
always,1
managed,1
ropes,1
harvey,1
cattle,1
education,1
dependent,1
user,1
inaccessible,1
envelope,1
using,1
notice,1
warded,1
notes,1
enormously,1
structured,1
feasible,1
lincoln,1
dude,1
implicitly,1
leg,1
pervasive,1
aggregate,1
settle,1
gavin,1
gibbs,1
bolstered,1
concomitant,1
mansel,1
kaaterskill,1
nations,1
survived,1
chronological,1
span,1
flourished,1
midpoint,1
battle,1
critical,1
lengthened,1
absentee,1
highlights,1
units,1
sons,1
fortunate,1
islandhistorical,1
excludes,1
chains,1
minor,1
chautauqua,1
matter,1
ingredients,1
absence,1
cottage,1
kutsher,1
bringing,1
identified,1
pilgrimage,1
highways,1
leased,1
april,1
diego,1
jacksonville,1
intended,1
cullen,1
minnetonka,1
islands,1
sheridan,1
upward,1
innocently,1
souvenir,1
meandering,1
garden,1
taintor,1
asheville,1
everywhere,1
woods,1
comments,1
experiences,1
manifest,1
passengers,1
wind,1
healthful,1
departments,1
hoffman,1
suppose,1
airplane,1
ask,1
decisions,1
vicinity,1
verde,1
relationship,1
frank,1
once,1
paints,1
communities,1
philadelphians,1
joshua,1
sciences,1
shipping,1
monte,1
commissioners,1
examined,1
opportunities,1
fit,1
represents,1
herodotus,1
read,1
serve,1
soon,1
evolved,1
cliff,1
nancy,1
palaces,1
disastrous,1
us,1
calculations,1
favorable,1
disagreeable,1
unwin,1
substitutability,1
misses,1
subset,1
infrastructure,1
assistance,1
k,1
professor,1
lord,1
shifting,1
lacked,1
baltimore,1
nine,1
memories,1
wright,1
deliver,1
nineteenthcentury,1
wisconsin,1
insights,1
farsighted,1
indians,1
boost,1
learns,1
functioned,1
payments,1
fairly,1
picture,1
waxed,1
sketch,1
useful,1
fill,1
lee,1
volume,1
wage,1
shops,1
blossomed,1
gain,1
support,1
museums,1
successfully,1
idle,1
totaled,1
sternass,1
deterred,1
vineyard,1
book,1
comparison,1
sometimes,1
ouramerican,1
stating,1
deserves,1
similarly,1
safety,1
doubleday,1
rock,1
erect,1
five,1
anecdotal,1
benevolent,1
averages,1
contemptuous,1
shows,1
faster,1
almighty,1
encompassed,1
idea,1
luis,1
stories,1
breakfast,1
fundamental,1
venice,1
stimulus,1
occurrence,1
don,1
villa,1
comings,1
minnesota,1
nathaniel,1
proposal,1
vail,1
mountainous,1
essence,1
regulation,1
motorists,1
transcendental,1
children,1
stending,1
dudes,1
enhancing,1
preferring,1
omitted,1
everything,1
mohonk,1
innocents,1
considerable,1
arguably,1
zita,1
elegant,1
forms,1
ages,1
conclusions,1
multiplication,1
setback,1
drinking,1
consciously,1
hop,1
likelihood,1
fame,1
privatization,1
yale,1
covered,1
harold,1
unit,1
banned,1
dorothy,1
inroads,1
existing,1
karl,1
jobs,1
celebrated,1
photographers,1
flesh,1
answer,1
horace,1
spot,1
forth,1
ginther,1
ahead,1
colony,1
assortment,1
rebuilding,1
knoxville,1
fay,1
tiny,1
quickened,1
miner,1
assorted,1
controversy,1
sell,1
ing,1
shifts,1
free,1
compete,1
mokyr,1
identifiable,1
irresistibly,1
casino,1
charleston,1
process,1
barringer,1
synonym,1
meetings,1
subsistence,1
aggregation,1
understanding,1
greatest,1
simple,1
registers,1
obispo,1
restful,1
thanks,1
discovery,1
cult,1
meals,1
methodists,1
collections,1
conceivable,1
enhanced,1
eastman,1
enormous,1
odell,1
chickasaw,1
recover,1
adventuresome,1
wood,1
merrill,1
medium,1
identity,1
louis,1
attributed,1
thriving,1
bellows,1
skeptical,1
hosted,1
food,1
sold,1
backwoods,1
virtually,1
hoteliers,1
sprang,1
granted,1
factor,1
assume,1
congress,1
tthe,1
net,1
numbered,1
rare,1
ofcultural,1
recovery,1
resolved,1
pamphlets,1
marcos,1
franklin,1
subsidizing,1
chosen,1
full,1
beaufort,1
encumbered,1
glorified,1
connected,1
initiatives,1
sarah,1
rejected,1
discovered,1
aspired,1
margaret,1
oriental,1
transformation,1
hurt,1
adding,1
b,1
hinged,1
comprehensive,1
hampered,1
frighten,1
relatively,1
composiists,1
damage,1
motoring,1
lodge,1
peter,1
subtitle,1
issn,1
steeplechase,1
eve,1
christopher,1
thomasville,1
architectural,1
characterized,1
revised,1
geographically,1
federal,1
him,1
lakeside,1
curve,1
played,1
farms,1
distinction,1
minority,1
keene,1
spirits,1
diversion,1
preservation,1
depots,1
provides,1
segment,1
lose,1
raring,1
exchange,1
neutral,1
undertaken,1
consist,1
valued,1
decorous,1
jurisdiction,1
enlightenment,1
internal,1
mining,1
chapel,1
dollars,1
constructing,1
reads,1
pried,1
businesses,1
references,1
yankees,1
topics,1
orchard,1
nationally,1
influences,1
lowcountry,1
sense,1
postwar,1
slightly,1
adventure,1
below,1
delightful,1
reserved,1
macmillan,1
trenton,1
destruction,1
industrialization,1
autos,1
insignificant,1
governor,1
controversial,1
louisiana,1
achieve,1
normal,1
decay,1
ofdr,1
cary,1
tampa,1
palisades,1
ethic,1
profitable,1
commager,1
mansion,1
tance,1
christian,1
autumn,1
monstrous,1
devote,1
energizing,1
glass,1
africa,1
window,1
independent,1
science,1
bulk,1
crucial,1
johns,1
flourish,1
husband,1
replete,1
practical,1
promotional,1
rough,1
bretton,1
tocqueville,1
reasonable,1
monterey,1
ski,1
citizens,1
laundries,1
sway,1
becomes,1
sensitive,1
itinerarium,1
team,1
seventeenth,1
lippincott,1
economists,1
fordham,1
threaten,1
wiregrass,1
position,1
rapidly,1
countries,1
chairs,1
hell,1
intend,1
spared,1
expectations,1
puritans,1
existed,1
allowance,1
baron,1
chamber,1
charlottesville,1
morrow,1
exists,1
get,1
magazines,1
itself,1
orient,1
articles,1
unusual,1
sound,1
handbookfor,1
joseph,1
meant,1
door,1
affect,1
matters,1
circumscribed,1
school,1
infusion,1
ofhenry,1
heavy,1
thinking,1
associated,1
midapril,1
regrettably,1
sculpting,1
soak,1
complexity,1
colonists,1
twentiethcentury,1
rivaled,1
biography,1
orlando,1
athens,1
da,1
mesa,1
log,1
pace,1
declining,1
inferiority,1
exposition,1
donna,1
accorded,1
subsidized,1
rival,1
southward,1
reserving,1
blacks,1
newportfrom,1
md,1
aggressiveness,1
text,1
rocky,1
resurrect,1
dining,1
appealing,1
appreciation,1
andmary,1
budd,1
cover,1
echoes,1
quickly,1
crowds,1
dimension,1
cigar,1
intellectual,1
bucks,1
dairy,1
monthly,1
sure,1
refreshed,1
finance,1
significantly,1
hale,1
academicians,1
descriptions,1
rented,1
tuberculosis,1
neglected,1
expanding,1
penetrated,1
inclined,1
commonsense,1
setting,1
exploration,1
believe,1
king,1
outdoor,1
unknown,1
ft,1
prominence,1
epitomized,1
ph,1
printed,1
argue,1
task,1
oftourism,1
draws,1
proportional,1
sellers,1
rivalry,1
lodges,1
exploiting,1
particularly,1
brothers,1
job,1
offend,1
ar,1
expresses,1
goods,1
gayest,1
written,1
longstanding,1
benefit,1
associations,1
redesignated,1
differed,1
explicitly,1
impinged,1
enlarged,1
quoted,1
crater,1
options,1
pushing,1
turned,1
gardeners,1
campsites,1
ticket,1
confess,1
regulations,1
killed,1
purchase,1
fuller,1
nominal,1
broke,1
bristol,1
schenectady,1
volcanic,1
prefers,1
selected,1
form,1
want,1
quote,1
dallas,1
add,1
passed,1
ofnorth,1
mere,1
earners,1
alice,1
distribution,1
surveying,1
getting,1
infrastructures,1
version,1
complain,1
fore,1
ugliness,1
secure,1
engine,1
deer,1
information,1
generally,1
observations,1
episode,1
missed,1
profile,1
suggests,1
bathers,1
hundreds,1
reprinted,1
ascertain,1
freedom,1
art,1
deerfield,1
vulgarization,1
rockefeller,1
spaces,1
commercialized,1
martha,1
yeoman,1
howard,1
outline,1
uncontrolled,1
expected,1
g,1
windsor,1
ma,1
sea,1
sundstrom,1
alternatives,1
confirm,1
pat,1
easy,1
dismal,1
fostering,1
manhattan,1
putnam,1
breakers,1
james,1
distinguishable,1
families,1
mention,1
exploit,1
writing,1
firms,1
gains,1
holbrook,1
sparked,1
resident,1
sale,1
shores,1
wild,1
pine,1
darrell,1
shown,1
conducive,1
touch,1
editor,1
joel,1
report,1
wang,1
initiated,1
advent,1
travelling,1
steam,1
catch,1
aware,1
mode,1
explanation,1
dangerous,1
insight,1
approximately,1
americas,1
detached,1
include,1
typically,1
magazine,1
canadian,1
appreciated,1
evidence,1
facilitates,1
brighton,1
disruption,1
thoughtful,1
incidents,1
palace,1
changes,1
disney,1
locate,1
langford,1
oldest,1
remains,1
shift,1
ranged,1
pasturing,1
morning,1
computer,1
moved,1
morally,1
profits,1
observation,1
charles,1
walter,1
news,1
preserves,1
themselves,1
thoreau,1
petitioned,1
goings,1
hills,1
vary,1
priced,1
cheaper,1
regards,1
debate,1
partial,1
uncertainty,1
gainesville,1
views,1
element,1
ownership,1
severely,1
ks,1
auxiliaries,1
gulf,1
benchmark,1
complementarity,1
counts,1
uk,1
technological,1
comparable,1
recent,1
observed,1
vulgar,1
diffused,1
infancy,1
hilton,1
broader,1
meeting,1
unrepresentative,1
ca,1
shifted,1
termed,1
trudeau,1
occur,1
arizona,1
deeper,1
holt,1
elegance,1
