WORDCOUNTS,WEIGHT
the,142
of,80
and,64
in,48
a,46
to,44
s,26
is,22
that,20
as,18
on,18
for,17
this,17
it,11
how,11
with,11
by,11
women,11
have,11
be,10
they,9
i,9
economic,8
their,8
what,8
so,8
not,7
or,7
first,7
who,6
us,6
was,6
history,6
from,6
but,6
two,6
more,6
are,6
those,6
them,6
were,6
would,6
black,6
journal,6
we,6
than,6
at,5
role,5
roads,5
these,5
might,5
could,5
historical,5
work,5
through,5
labor,5
three,5
can,5
south,4
nevins,4
second,4
no,4
army,4
one,4
thesis,4
also,4
production,4
military,4
over,4
each,4
my,4
other,4
which,4
government,4
do,4
though,4
within,4
has,4
u,4
activity,4
seen,4
its,4
year,4
use,4
questions,4
specific,4
between,4
even,4
much,4
industries,3
may,3
will,3
bergmann,3
his,3
across,3
prize,3
allen,3
analysis,3
about,3
summaries,3
changes,3
before,3
impact,3
only,3
volume,3
inventors,3
inventive,3
later,3
important,3
all,3
different,3
allan,3
areas,3
ofdissertations,3
great,3
p,3
post,3
men,3
political,3
her,3
wayne,3
well,3
participation,3
some,3
individuals,3
white,3
office,3
such,3
made,3
change,3
an,3
century,3
submissions,3
proximity,3
few,3
early,3
when,3
up,3
grubb,3
battles,3
forts,2
relying,2
me,2
finalists,2
way,2
science,2
yet,2
prompts,2
growth,2
force,2
understand,2
comments,2
remaining,2
countries,2
american,2
often,2
frontier,2
fields,2
prof,2
greater,2
directories,2
entry,2
western,2
into,2
inequality,2
just,2
most,2
show,2
sources,2
street,2
name,2
cut,2
actual,2
many,2
been,2
lying,2
shaped,2
stories,2
fundamental,2
scholars,2
did,2
young,2
time,2
out,2
economics,2
new,2
works,2
last,2
took,2
patent,2
differences,2
reading,2
gallatin,2
economy,2
purposes,2
appears,2
whether,2
population,2
less,2
issue,2
tension,2
perhaps,2
explain,2
books,2
number,2
personification,2
chapter,2
another,2
journals,2
used,2
both,2
little,2
presented,2
imagined,2
region,2
say,2
city,2
along,2
look,2
genuine,2
largely,2
northwest,2
manufacturing,2
approach,2
records,2
people,2
firms,2
remarks,2
our,2
call,2
forces,2
review,2
improvements,2
tell,2
trends,2
bailey,2
twentieth,2
finally,2
ability,2
field,2
things,2
sutthiphisal,2
exercise,2
after,2
quite,2
summary,2
themselves,2
villages,2
third,2
find,2
clever,2
farley,2
essays,2
given,2
focus,2
among,2
story,2
north,2
notes,2
relative,2
general,2
building,2
rarity,1
model,1
summed,1
final,1
dealing,1
difficult,1
rights,1
depth,1
asking,1
happen,1
now,1
settlers,1
interesting,1
go,1
topic,1
enhancing,1
done,1
nation,1
accomplish,1
today,1
embraces,1
elimination,1
spelled,1
solid,1
she,1
taken,1
provide,1
heroic,1
maumee,1
anthony,1
angle,1
mattered,1
contrast,1
groups,1
pull,1
convened,1
developed,1
integrating,1
practical,1
toward,1
program,1
dhanoos,1
scheming,1
wrinkle,1
represent,1
employment,1
career,1
market,1
affected,1
wait,1
lines,1
forward,1
cubs,1
primarily,1
substitution,1
process,1
announced,1
e,1
prevailing,1
swath,1
alone,1
detailed,1
chore,1
celebrate,1
make,1
returned,1
changed,1
mile,1
experiences,1
contribution,1
expect,1
hews,1
importance,1
certain,1
group,1
movement,1
ferrie,1
large,1
html,1
engineered,1
fort,1
shovels,1
ask,1
volumes,1
displaying,1
innovation,1
pages,1
leaves,1
impersonal,1
judicious,1
illuminating,1
identify,1
standard,1
mad,1
picked,1
cases,1
summarized,1
laying,1
productive,1
once,1
surprising,1
famous,1
sweeping,1
competition,1
table,1
moves,1
inexact,1
federal,1
unconventional,1
childbearing,1
reference,1
means,1
approaches,1
unanswered,1
lives,1
canada,1
jonathan,1
articles,1
pp,1
methodically,1
happened,1
database,1
romantic,1
alongside,1
albert,1
fought,1
wages,1
meant,1
joseph,1
realities,1
comrades,1
river,1
easily,1
wooded,1
salient,1
benefits,1
processing,1
contained,1
home,1
railroad,1
jstor,1
bode,1
any,1
legion,1
coefficients,1
conclusions,1
historian,1
days,1
arrived,1
choices,1
nineteenth,1
numbers,1
contested,1
result,1
characterizations,1
indian,1
natural,1
closely,1
too,1
convergence,1
upper,1
university,1
lure,1
already,1
generalization,1
circumstances,1
age,1
department,1
experience,1
congress,1
cast,1
nonhousehold,1
investigative,1
gap,1
published,1
www,1
charismatic,1
followed,1
organization,1
stark,1
rather,1
certainly,1
asks,1
here,1
pryce,1
shifted,1
exclusive,1
eha,1
setting,1
nonmigrants,1
relocating,1
flow,1
strike,1
know,1
faced,1
providing,1
geography,1
address,1
native,1
crucial,1
branches,1
terrain,1
promoting,1
tendencies,1
econometrics,1
sure,1
contention,1
had,1
nature,1
chemicals,1
excellent,1
hazy,1
uses,1
words,1
shows,1
inclined,1
columbia,1
muskets,1
innovations,1
location,1
services,1
capital,1
best,1
sarcasm,1
striking,1
examination,1
opposing,1
borders,1
plan,1
entering,1
called,1
britain,1
thank,1
access,1
regard,1
farmers,1
seven,1
impressive,1
together,1
objectives,1
deal,1
able,1
job,1
arriving,1
diverse,1
tells,1
picks,1
located,1
fallen,1
stage,1
census,1
delaying,1
everything,1
while,1
benefit,1
doubt,1
real,1
cities,1
differed,1
fashion,1
subsequent,1
help,1
there,1
vitality,1
serious,1
alluded,1
extracting,1
late,1
places,1
patterns,1
readers,1
outside,1
miles,1
solicited,1
scholarship,1
breadth,1
wrestles,1
regression,1
heartening,1
occupation,1
corps,1
sectors,1
unlikely,1
letting,1
somewhat,1
where,1
recollections,1
road,1
segregated,1
reviews,1
torches,1
animate,1
coarse,1
context,1
improvise,1
tools,1
offering,1
merchants,1
see,1
monograph,1
making,1
degree,1
want,1
particular,1
appearing,1
globe,1
decade,1
metals,1
maps,1
manuscripts,1
mere,1
axis,1
pacified,1
hewing,1
extent,1
nber,1
task,1
capacity,1
earlier,1
shifts,1
property,1
criteria,1
rests,1
thoroughly,1
aspects,1
addresses,1
northwestern,1
remained,1
larger,1
sites,1
having,1
clearly,1
balance,1
keeping,1
original,1
nuggets,1
meetings,1
network,1
credit,1
aggregation,1
episode,1
hundreds,1
cost,1
greatest,1
closed,1
urban,1
open,1
cluster,1
slight,1
neatly,1
session,1
raft,1
gratitude,1
martha,1
diplomat,1
datasets,1
alters,1
remember,1
universities,1
richard,1
org,1
helps,1
careful,1
entire,1
mexicos,1
barry,1
discovered,1
sheer,1
fared,1
ohio,1
introduced,1
enormous,1
whites,1
knowledge,1
behaviors,1
increased,1
actors,1
indigenous,1
finding,1
easy,1
corn,1
enter,1
concern,1
waste,1
whole,1
food,1
substance,1
contraceptives,1
fail,1
place,1
inventions,1
diversity,1
battle,1
contains,1
world,1
pleasure,1
relies,1
frequencies,1
central,1
engineers,1
timbers,1
chosen,1
legal,1
previous,1
question,1
surely,1
epic,1
canvas,1
patents,1
spring,1
project,1
explained,1
alan,1
roger,1
years,1
recent,1
editor,1
week,1
reveals,1
quality,1
run,1
observed,1
truths,1
pill,1
william,1
modem,1
numerous,1
authors,1
september,1
quantitatively,1
g,1
profession,1
author,1
rapidly,1
agent,1
aware,1
essay,1
interest,1
unmolested,1
tough,1
try,1
observables,1
embrace,1
least,1
ransom,1
skip,1
like,1
strategize,1
inventing,1
bangalores,1
congratulate,1
summer,1
complex,1
august,1
panel,1
states,1
winner,1
you,1
settling,1
defiance,1
television,1
area,1
retailing,1
bostwick,1
measure,1
invention,1
economist,1
association,1
impacted,1
old,1
speak,1
reader,1
definitive,1
destroyed,1
unobserved,1
why,1
several,1
anonymous,1
comparison,1
chamberlain,1
characteristics,1
meet,1
freed,1
thousand,1
especially,1
west,1
migration,1
internal,1
accurately,1
article,1
trying,1
backroom,1
http,1
feet,1
disaggregation,1
recounted,1
editors,1
research,1
suitable,1
choosing,1
resolves,1
diplomatic,1
strategic,1
left,1
site,1
single,1
chicago,1
effect,1
methodological,1
wisely,1
compare,1
helpful,1
uncover,1
civilian,1
substantial,1
shown,1
censuses,1
northern,1
complementarity,1
paid,1
using,1
ground,1
details,1
correspondence,1
destruction,1
autos,1
tougher,1
encyclopedia,1
should,1
quarter,1
provided,1
doing,1
built,1
moved,1
waiting,1
maimi,1
compromise,1
activities,1
major,1
capturing,1
separate,1
let,1
