WORDCOUNTS,WEIGHT
the,1012
of,602
and,430
to,420
in,401
a,258
s,206
that,175
cattle,148
dorsey,140
for,134
was,125
state,103
from,102
by,94
with,90
illinois,87
p,83
as,83
were,82
u,80
on,79
animals,75
states,69
dairy,68
tuberculosis,68
this,62
disease,60
pp,52
it,51
bovine,51
his,50
bai,49
elgin,49
federal,48
an,48
not,45
test,43
tuberculous,42
health,42
had,41
milk,41
tuberculin,40
or,40
is,40
wisconsin,38
would,37
at,36
their,36
animal,36
cows,34
bureau,34
other,33
no,33
he,33
chicago,33
one,31
public,30
be,30
case,29
september,29
have,29
industry,28
its,27
these,27
united,27
could,26
diseases,25
rhode,25
daily,25
quarantine,25
dealers,25
but,25
more,25
olmstead,25
all,24
diseased,24
trade,24
who,24
such,23
hoard,23
about,23
also,23
trust,23
percent,23
over,23
years,23
washington,23
livestock,23
inspection,22
infected,22
stock,22
because,22
many,22
which,22
are,22
problem,22
farmers,21
may,21
most,21
dc,21
new,21
dairyman,20
law,20
testing,20
report,20
herds,20
c,20
there,19
see,19
number,19
any,19
regulations,19
national,19
d,19
than,18
january,18
local,18
spread,18
we,18
they,17
history,17
government,17
tribune,17
l,17
tb,17
h,17
w,17
veterinarians,17
officials,17
gpo,17
control,17
laws,16
human,16
f,16
private,16
did,16
news,16
veterinarian,15
humans,15
against,15
even,15
luckey,15
when,15
according,15
agricultural,15
among,15
court,14
farmer,14
university,14
part,14
example,14
st,14
economic,14
after,14
if,13
into,13
before,13
chief,13
dealer,13
interstate,13
contagious,13
regulatory,13
year,13
legislation,13
eradication,13
only,13
louis,13
period,13
then,13
meat,13
december,13
between,13
early,13
interests,12
those,12
october,12
price,12
cases,12
across,12
house,12
breeding,12
tubercular,12
ward,12
republic,12
efforts,12
minnesota,12
james,12
buyers,12
form,12
became,12
association,12
melvin,11
created,11
e,11
certificates,11
usda,11
further,11
r,11
rise,11
bulletin,11
july,11
without,11
noted,11
station,11
so,11
cow,11
program,11
evidence,11
campaign,11
market,10
live,10
committee,10
practices,10
central,10
journal,10
york,10
district,10
various,10
legal,10
prevent,10
well,10
trial,10
records,10
will,10
under,10
experiment,10
fact,10
regulation,10
man,10
thousands,10
use,10
august,10
problems,10
been,10
lines,10
authorities,10
gazette,10
herd,10
breeder,10
through,10
myers,10
recent,10
purebred,9
american,9
purebreds,9
long,9
every,9
milwaukee,9
some,9
nd,9
thus,9
due,9
how,9
m,9
important,9
found,9
out,9
economics,9
literature,9
supreme,9
several,9
impossible,9
up,9
shipped,9
shipping,9
later,9
department,9
do,9
where,9
landis,9
made,9
three,9
times,9
him,9
farm,9
cities,9
passed,9
both,9
press,9
area,9
increased,9
north,9
owners,9
large,8
western,8
leading,8
take,8
agriculture,8
development,8
general,8
actions,8
missouri,8
russell,8
however,8
june,8
requiring,8
same,8
greatest,8
sold,8
began,8
them,8
little,8
city,8
role,8
november,8
given,8
much,8
major,8
courts,7
fraudulent,7
courier,7
measures,7
first,7
sources,7
davis,7
buyer,7
i,7
infection,7
damages,7
reputation,7
honest,7
proved,7
producers,7
origins,7
tyler,7
noting,7
received,7
issues,7
statistics,7
breeders,7
prices,7
few,7
provided,7
activities,7
south,7
scientific,7
railroad,7
two,7
v,7
free,7
represented,7
quarantines,7
victory,7
pirtle,7
northern,7
tests,7
veterinary,7
has,7
board,7
what,7
shipments,7
almost,7
our,7
accept,7
roughly,7
charles,7
difficult,6
total,6
houck,6
source,6
parties,6
system,6
knowingly,6
west,6
immediate,6
undertaking,6
operation,6
growth,6
edward,6
special,6
reason,6
census,6
suffered,6
barriers,6
fitts,6
concerns,6
research,6
annual,6
value,6
business,6
indeed,6
intervention,6
selling,6
infectious,6
ed,6
until,6
limit,6
time,6
another,6
restrictions,6
judge,6
farms,6
standard,6
article,6
sanitary,6
figure,6
growing,6
dr,6
set,6
shipment,6
country,6
better,6
information,6
threat,6
libecap,6
specific,6
jury,5
common,5
way,5
legitimate,5
per,5
policy,5
proclamation,5
www,5
production,5
might,5
improved,5
suspect,5
memo,5
dairymen,5
quality,5
issued,5
response,5
rights,5
whose,5
costs,5
developed,5
process,5
incidence,5
similar,5
established,5
argued,5
glaeser,5
efficient,5
view,5
called,5
attack,5
counties,5
prominent,5
knowledge,5
actually,5
tested,5
small,5
using,5
led,5
return,5
registered,5
vs,5
shleifer,5
j,5
light,5
al,5
company,5
others,5
put,5
smith,5
head,5
john,5
serious,5
less,5
sell,5
including,5
food,5
tort,5
held,5
cutler,5
especially,5
certificate,5
story,5
relative,5
joint,5
governor,5
regimes,5
pasteurization,5
responsible,5
fall,5
know,5
refused,5
down,5
far,5
february,5
reactors,5
healthy,5
property,5
ruled,5
enforcement,5
administration,5
complaints,5
average,5
numerous,5
although,5
supply,5
william,5
rate,4
o,4
affected,4
police,4
illegal,4
decade,4
being,4
railroads,4
t,4
slaughtered,4
posed,4
regulating,4
products,4
political,4
typhoid,4
within,4
march,4
possible,4
april,4
consumers,4
sent,4
letter,4
throughout,4
medical,4
g,4
consumer,4
century,4
absolutely,4
turn,4
estimates,4
ct,4
http,4
dates,4
communicable,4
rather,4
traffic,4
stop,4
capture,4
ch,4
shurtleff,4
earlier,4
ex,4
b,4
support,4
organized,4
clearly,4
age,4
show,4
cost,4
providing,4
lesions,4
greater,4
distribution,4
inspectors,4
effort,4
international,4
pure,4
neighboring,4
institute,4
sentence,4
purchased,4
steele,4
required,4
sales,4
representatives,4
directly,4
significantly,4
ten,4
used,4
during,4
et,4
il,4
good,4
solution,4
least,4
known,4
commerce,4
order,4
condemned,4
dunne,4
correspondence,4
notes,4
unscrupulous,4
reduced,4
matter,4
mccornack,4
action,4
make,4
competition,4
koch,4
dyson,4
sector,4
paul,4
children,4
reacted,4
considerable,4
took,4
controversy,4
prevention,4
congress,4
eight,4
improvements,4
initiatives,4
individual,4
high,4
played,4
internal,4
schroeder,4
can,4
probably,4
destruction,4
kiernan,4
justice,4
european,4
dunning,4
provide,4
suspected,4
why,4
often,4
grade,4
months,4
insurance,4
series,4
thousand,4
md,4
compensation,4
losses,4
associated,4
historical,4
possibility,4
suffering,4
whether,4
making,4
imposed,4
reported,4
certification,4
buying,4
contributed,4
tobey,4
mccurdy,4
cook,4
era,4
costly,4
archives,3
aphis,3
declared,3
imported,3
slaughter,3
red,3
alone,3
alvord,3
conflicts,3
identify,3
protection,3
attempts,3
attempt,3
official,3
handling,3
hoffman,3
europe,3
mails,3
origin,3
procedure,3
stand,3
ilk,3
contractual,3
reaction,3
powers,3
operators,3
very,3
holstein,3
repeatedly,3
upheld,3
review,3
countless,3
past,3
safety,3
ability,3
sinclair,3
defense,3
legally,3
keep,3
person,3
body,3
difficulty,3
output,3
allowing,3
estimate,3
apparently,3
cooperative,3
rates,3
once,3
plant,3
higher,3
failed,3
recognized,3
act,3
ways,3
barns,3
bateman,3
convicted,3
importance,3
unconstitutional,3
study,3
moreover,3
thomas,3
signed,3
statistical,3
imposing,3
sick,3
contaminated,3
just,3
impact,3
mary,3
four,3
beyond,3
care,3
opinion,3
export,3
decades,3
cut,3
conquest,3
came,3
pounds,3
carrying,3
entering,3
contagion,3
furthermore,3
understood,3
responded,3
offered,3
michigan,3
population,3
near,3
liable,3
gains,3
work,3
nine,3
tanner,3
brought,3
apparent,3
nation,3
journals,3
loss,3
policies,3
people,3
enforce,3
forces,3
judd,3
dakota,3
alan,3
own,3
assembly,3
regions,3
change,3
caused,3
below,3
suggest,3
stimulated,3
prosecuting,3
county,3
protect,3
progress,3
productivity,3
breed,3
postmortem,3
avoid,3
threatened,3
likely,3
service,3
limited,3
arbitraging,3
yields,3
community,3
above,3
southern,3
percentage,3
reference,3
exposure,3
us,3
orders,3
gov,3
largest,3
ordinance,3
unreliable,3
power,3
reporting,3
added,3
outside,3
warned,3
documents,3
warning,3
guilty,3
clearing,3
mcmillan,3
discussed,3
hand,3
purposes,3
oregon,3
existing,3
council,3
html,3
necessary,3
agencies,3
widespread,3
threats,3
day,3
group,3
discussion,3
upon,3
lake,3
arose,3
largely,3
licensed,3
resulting,3
actual,3
individuals,3
clear,3
modem,3
accounted,3
co,3
supplying,3
mountain,3
kept,3
leavitt,3
falsified,3
trying,3
investigations,3
files,3
division,3
decision,3
limiting,3
indicted,3
note,3
continued,3
five,3
claimed,3
deaths,3
statutes,3
detailed,3
worse,3
wilson,3
rapidly,3
sheds,3
sess,3
investigate,3
environment,3
indictment,3
grand,3
extensive,3
detect,3
regime,3
here,3
different,3
best,3
post,3
eventually,3
associations,3
passage,3
infecting,3
beginning,3
purchase,3
economy,3
retest,3
spath,3
theory,3
senate,3
require,3
account,3
too,3
urban,3
level,3
owner,3
thereby,3
plugging,3
impose,3
programs,3
come,3
revoked,3
biennial,3
twentieth,3
fraud,3
finally,3
dangerous,3
effects,3
polled,3
lampard,3
comparison,3
hogs,3
beef,3
testified,3
should,3
meeting,3
col,3
glissman,3
now,2
colorado,2
done,2
along,2
limits,2
mccomack,2
adopt,2
dangers,2
resided,2
adoption,2
jungle,2
ranches,2
expect,2
dundee,2
mad,2
hull,2
asserted,2
true,2
strictly,2
convict,2
favor,2
driven,2
occurred,2
detailing,2
cjd,2
nineteenth,2
induced,2
edu,2
territorial,2
princeton,2
cdc,2
negative,2
member,2
morton,2
herald,2
importing,2
innovations,2
concentrated,2
rapid,2
assist,2
nature,2
confirmed,2
salmon,2
accompanied,2
desire,2
simple,2
differences,2
potentially,2
kopf,2
expense,2
yearbook,2
help,2
date,2
miles,2
mechanism,2
principal,2
purchasers,2
philipson,2
rg,2
violating,2
eradicate,2
east,2
key,2
primary,2
libel,2
right,2
retain,2
deal,2
vol,2
marc,2
sixteenth,2
gilberts,2
crossed,2
professor,2
point,2
genetic,2
introduction,2
sign,2
exposed,2
bill,2
amendment,2
whitaker,2
author,2
difficulties,2
illustrates,2
endangering,2
agent,2
dozen,2
adopted,2
adams,2
geoffard,2
pay,2
options,2
forced,2
progressive,2
maintaining,2
perspective,2
concerning,2
contrary,2
ear,2
serving,2
channels,2
compared,2
left,2
ads,2
criterion,2
fowler,2
profit,2
rosen,2
conspiracy,2
keynon,2
practically,2
savage,2
immunity,2
transactions,2
blow,2
incentives,2
steps,2
opposed,2
interesting,2
doping,2
mexico,2
license,2
operations,2
stricter,2
aggressive,2
basic,2
hasting,2
active,2
determining,2
granted,2
risk,2
certain,2
benjamin,2
assuming,2
signatures,2
danger,2
distant,2
fred,2
factors,2
easterlin,2
proclaimed,2
accounts,2
facilitated,2
licenses,2
ramsey,2
spreading,2
specialization,2
section,2
elsewhere,2
numbers,2
receiving,2
welfare,2
northeastern,2
weak,2
kenesaw,2
exploited,2
resource,2
quarantined,2
consequence,2
requires,2
prosecution,2
mo,2
helped,2
wyoming,2
faced,2
appear,2
nebraska,2
whereas,2
hours,2
standards,2
result,2
closely,2
advance,2
beveridge,2
whom,2
transmission,2
declined,2
skim,2
plot,2
centers,2
businesses,2
circa,2
mistakenly,2
monitoring,2
carolina,2
ncidod,2
markets,2
late,2
handbook,2
fraction,2
let,2
pietrusza,2
districts,2
appears,2
companies,2
applied,2
detecting,2
scale,2
placed,2
pork,2
explain,2
opposition,2
expensive,2
aspects,2
improve,2
failure,2
resold,2
followed,2
basis,2
line,2
rare,2
closed,2
mandatory,2
imports,2
blue,2
strict,2
clean,2
purpose,2
training,2
reduction,2
excessive,2
caught,2
description,2
whole,2
genuine,2
place,2
reynolds,2
thereafter,2
winter,2
retesting,2
device,2
call,2
healthiest,2
away,2
refuse,2
either,2
pollution,2
foci,2
published,2
responses,2
attorney,2
sense,2
correct,2
successful,2
beneficent,2
field,2
wi,2
fix,2
prevalence,2
trading,2
germ,2
contrast,2
owned,2
diagnostic,2
event,2
around,2
family,2
calling,2
specificity,2
consensus,2
wider,2
ship,2
guernsey,2
ill,2
governments,2
mi,2
hopkins,2
andrei,2
generally,2
encephalopathy,2
results,2
pa,2
hunt,2
dairying,2
newly,2
genoa,2
cheating,2
defrauded,2
rotten,2
reducing,2
society,2
nations,2
appeal,2
advertised,2
therefore,2
republican,2
butterfat,2
situation,2
absence,2
contact,2
populations,2
mechanisms,2
wrote,2
schemes,2
tried,2
nearly,2
prevailing,2
surviving,2
mchenry,2
woods,2
comments,2
railway,2
relatively,2
va,2
innovation,2
spongiform,2
positive,2
single,2
frank,2
misuse,2
ineffective,2
unintended,2
liability,2
opportunities,2
represents,2
consuming,2
waterman,2
soon,2
restricted,2
combat,2
home,2
sanitation,2
baltimore,2
already,2
gary,2
challenges,2
reports,2
bovis,2
increasingly,2
testimony,2
volume,2
tanked,2
party,2
resolution,2
book,2
stated,2
factory,2
think,2
death,2
rock,2
erect,2
shows,2
lack,2
areas,2
importation,2
crop,2
choice,2
larger,2
end,2
debates,2
arthur,2
contemporary,2
surrogates,2
transit,2
mcarthur,2
men,2
likelihood,2
present,2
ground,2
receives,2
vulnerable,2
contracted,2
waugh,2
material,2
books,2
explicitly,2
cattlemen,2
johns,2
northwestern,2
editor,2
classes,2
associates,2
extended,2
coasian,2
increase,2
millionaire,2
findings,2
secretary,2
controlling,2
significant,2
unfortunately,2
operated,2
refers,2
prospective,2
edwin,2
returned,2
poultry,2
check,2
raising,2
sees,2
california,2
students,2
exports,2
discovered,2
obtaining,2
modernization,2
inaction,2
factsheet,2
kane,2
handlers,2
richard,2
commissioners,2
creating,2
premium,2
black,2
accused,2
municipal,2
ofanimal,2
witness,2
annually,2
understate,2
chapel,2
become,2
declare,2
hastings,2
deputy,2
effect,2
structure,2
translate,2
italy,2
prohibiting,2
professional,2
matl,2
examines,2
increasing,2
carried,2
asking,2
success,2
relying,2
perry,2
today,2
george,2
movements,2
usually,2
hill,2
reasonable,2
ironically,2
novak,2
primarily,2
institutions,2
slow,2
slaughtering,2
seen,2
team,2
effectively,2
understand,2
solutions,2
try,2
indicate,2
countries,2
blood,2
table,2
receive,2
madison,2
canada,2
articles,2
rider,2
sound,2
uncertainty,2
fought,2
regularly,2
detail,2
claims,2
acquired,2
springfield,2
ordered,2
lemons,2
changing,2
agents,2
geographic,2
officially,2
htm,2
omaha,2
unsuspecting,2
sarle,2
penitentiary,2
endangered,2
headed,2
finance,2
advertisements,2
specialized,2
worth,2
accustomed,2
albeit,2
alexander,2
current,2
domestic,2
sellers,2
foundation,2
powell,2
enforcing,2
upton,2
america,2
stood,2
packers,2
proceedings,2
leffler,2
larson,2
particular,2
remained,2
dumping,2
mere,2
while,2
grades,2
yield,2
tubercle,2
quincy,2
emphasis,2
king,2
sentenced,2
nj,2
inspector,2
entire,2
commissioner,2
despite,2
ellason,2
buy,2
die,2
subject,2
step,2
controls,2
went,2
com,2
arguments,2
families,2
world,2
false,2
inefficient,2
injured,2
reveals,2
piecemeal,2
typically,2
consumption,2
need,2
remains,2
shift,2
dispose,2
tags,2
klein,2
themselves,2
charged,2
cong,2
develop,2
seek,2
technological,2
taylor,2
shippers,2
resources,2
showed,2
close,2
burtis,2
resolve,1
housekeeping,1
incited,1
founding,1
does,1
goodnow,1
customers,1
decentralized,1
fined,1
possessed,1
bared,1
appropriation,1
struggle,1
personally,1
page,1
deter,1
void,1
protests,1
unlawful,1
meaning,1
commentary,1
privately,1
operandi,1
generous,1
asymmetric,1
runo,1
opponent,1
embarked,1
suggested,1
ready,1
compensate,1
voided,1
headlines,1
weeding,1
career,1
administered,1
wa,1
resulted,1
college,1
struggled,1
pierce,1
resisting,1
epidemic,1
diagnose,1
wnc,1
undergraduate,1
constitution,1
served,1
compensated,1
distributed,1
defenses,1
pools,1
informational,1
unsuccessful,1
hearings,1
employees,1
told,1
becoming,1
receipt,1
accomplices,1
complex,1
denied,1
ineffectual,1
approved,1
jurisdictions,1
provisions,1
effective,1
lewiston,1
advised,1
ma,1
overdue,1
referring,1
formed,1
remind,1
authority,1
authorize,1
denmark,1
investigating,1
approaches,1
easily,1
navigation,1
transportation,1
checking,1
neng,1
park,1
satisfied,1
notwithstanding,1
flows,1
earnings,1
ms,1
former,1
weaker,1
hazard,1
ventilated,1
devices,1
justified,1
shelter,1
prhode,1
character,1
split,1
amassed,1
title,1
proprietor,1
riles,1
tells,1
expressed,1
assisted,1
remedy,1
exceptions,1
bend,1
litigation,1
grantham,1
palpable,1
verdict,1
dose,1
dissipate,1
du,1
permitted,1
fearful,1
forcible,1
cutting,1
obsessed,1
file,1
urgency,1
consistent,1
expanding,1
cast,1
esc,1
gap,1
explaining,1
twilight,1
dualpurpose,1
failing,1
gibbons,1
certainly,1
preceding,1
complained,1
creation,1
localities,1
midwest,1
bacilli,1
experimented,1
druggist,1
paled,1
handle,1
originally,1
severely,1
verdicts,1
give,1
pat,1
diego,1
address,1
interference,1
ok,1
anywhere,1
allow,1
juve,1
emerged,1
advanced,1
england,1
million,1
switzerland,1
experiments,1
supplied,1
friendly,1
names,1
height,1
continue,1
specially,1
marengo,1
promote,1
administer,1
advantage,1
broken,1
neal,1
prey,1
seller,1
borders,1
great,1
alolmstead,1
swindled,1
monitor,1
gradual,1
wave,1
defy,1
threequarters,1
arises,1
follows,1
vectors,1
inherent,1
able,1
transferred,1
atlantic,1
david,1
nondescript,1
thanks,1
closer,1
mississippi,1
room,1
tx,1
antitrust,1
previous,1
real,1
subsequent,1
achieved,1
feature,1
nm,1
vices,1
mind,1
trouble,1
keith,1
mr,1
raised,1
reserved,1
robert,1
seriousness,1
classified,1
normal,1
advantages,1
mail,1
somewhat,1
signs,1
suspicion,1
disguising,1
hostile,1
barred,1
iowa,1
stopped,1
worldwide,1
context,1
univ,1
seminar,1
similarities,1
inquiry,1
issue,1
muckraking,1
fortune,1
preventing,1
killer,1
governmental,1
advocates,1
slowing,1
forward,1
forthcoming,1
unmediated,1
clarence,1
recorded,1
attacked,1
assertions,1
nber,1
lived,1
task,1
jurisdictional,1
advice,1
alternatively,1
adverse,1
notoriety,1
bones,1
draw,1
killed,1
oversight,1
tempting,1
climbed,1
northeast,1
math,1
boasted,1
felt,1
prior,1
recommended,1
lifetime,1
applauded,1
ordinances,1
fl,1
activity,1
ar,1
vaccination,1
sale,1
beverly,1
spillover,1
establishing,1
aka,1
election,1
julian,1
move,1
magazine,1
run,1
leniency,1
swoop,1
purchases,1
dutch,1
taking,1
inoculated,1
familiarize,1
communications,1
except,1
reflecting,1
events,1
establishment,1
diffused,1
cited,1
originating,1
dynamic,1
requirements,1
apply,1
anticipated,1
considerably,1
representing,1
enter,1
promises,1
himself,1
mingle,1
message,1
forged,1
engage,1
collection,1
ous,1
shut,1
controlled,1
singled,1
framework,1
wherever,1
succeed,1
fraudulently,1
exist,1
regarding,1
chairman,1
descendents,1
pen,1
disillusioned,1
includes,1
reservoir,1
widened,1
hazards,1
purportedly,1
influx,1
weakened,1
accompany,1
accommodation,1
eating,1
surrounded,1
plugged,1
pursuit,1
targeted,1
swamped,1
machine,1
de,1
doctor,1
paradoxically,1
interest,1
center,1
ut,1
ease,1
accidentally,1
uniformity,1
application,1
conducted,1
quantitative,1
pig,1
trichinosis,1
syringe,1
regarded,1
dubbed,1
employing,1
sample,1
ucdavis,1
trail,1
abatement,1
expected,1
industrial,1
lessening,1
yourself,1
achievements,1
defacto,1
nelson,1
inserted,1
old,1
self,1
symptoms,1
avian,1
underlying,1
lax,1
commercialization,1
document,1
blank,1
amount,1
back,1
ante,1
causing,1
approval,1
homes,1
outbreaks,1
six,1
abortion,1
agency,1
wholly,1
attests,1
ally,1
perpetrators,1
third,1
truly,1
find,1
helpful,1
weight,1
ler,1
swiss,1
drawn,1
externalities,1
student,1
seal,1
look,1
drank,1
exempted,1
parasites,1
resolutions,1
crack,1
twelve,1
immense,1
helping,1
arbitragers,1
bills,1
talent,1
employ,1
handful,1
influence,1
acknowledge,1
undisputed,1
react,1
contracting,1
incentive,1
newer,1
etc,1
wounds,1
callously,1
via,1
pacific,1
vied,1
manipulated,1
americans,1
menace,1
dealings,1
bull,1
cheat,1
defendant,1
forbidding,1
circular,1
predicted,1
frustration,1
subjected,1
observers,1
devastating,1
mattered,1
destroy,1
main,1
arising,1
sentences,1
repeal,1
affairs,1
organizing,1
influential,1
junction,1
lasting,1
regulators,1
deliberately,1
killing,1
goes,1
fever,1
comply,1
probability,1
associate,1
supplement,1
thing,1
humanity,1
variant,1
richmond,1
slippery,1
generating,1
thereof,1
enacted,1
mobilize,1
lay,1
feel,1
congressional,1
consequences,1
surrogate,1
front,1
risks,1
az,1
advantageously,1
addressing,1
nominally,1
involve,1
means,1
howard,1
send,1
lives,1
sown,1
injury,1
settled,1
proving,1
crackdown,1
financial,1
wanted,1
praise,1
charges,1
darrow,1
independently,1
entry,1
improvement,1
wsc,1
familiar,1
retained,1
breeds,1
fertilizer,1
subterfuge,1
presumably,1
wealth,1
days,1
diffuse,1
n,1
quoted,1
separating,1
jersey,1
contemporaries,1
frequently,1
listed,1
advancing,1
textbook,1
presumed,1
ulysses,1
resorted,1
physically,1
democratic,1
superior,1
additional,1
voluminous,1
wonder,1
storm,1
harmed,1
requested,1
shed,1
wy,1
isolation,1
barring,1
credentials,1
evaluation,1
cultured,1
filtered,1
impotence,1
hereafter,1
puts,1
infrequently,1
siding,1
lewistown,1
veal,1
arbitrage,1
shifted,1
delays,1
subjects,1
hit,1
testify,1
strategy,1
preference,1
participated,1
dispersion,1
plausibly,1
traffickers,1
rasmussen,1
lpa,1
union,1
annoyed,1
compulsory,1
legislative,1
introduce,1
mtn,1
location,1
asserts,1
bearing,1
avenue,1
volatility,1
future,1
harder,1
jolt,1
method,1
conservative,1
entered,1
carcasses,1
behalf,1
sd,1
access,1
speaker,1
relating,1
printing,1
seven,1
referee,1
crowd,1
destined,1
pass,1
shelagh,1
passmore,1
locales,1
captured,1
governing,1
attained,1
base,1
suits,1
representative,1
big,1
app,1
mohler,1
accurately,1
companion,1
honoring,1
lose,1
mackay,1
supporters,1
informed,1
equal,1
careless,1
precautions,1
portland,1
tools,1
viewed,1
inventory,1
produced,1
intensity,1
politics,1
accusers,1
intertwined,1
otherwise,1
deneen,1
procedures,1
your,1
saving,1
guarantee,1
approached,1
facilities,1
enough,1
tracking,1
triumph,1
creates,1
oh,1
affair,1
memory,1
technical,1
reacting,1
exert,1
stockowners,1
gained,1
friesian,1
having,1
feeding,1
participation,1
unequal,1
judiciary,1
distinguish,1
accounting,1
ofagriculture,1
data,1
ira,1
intense,1
scope,1
residents,1
appeals,1
draconian,1
carry,1
preferred,1
locus,1
prized,1
unless,1
nc,1
tens,1
london,1
constitutionality,1
esp,1
confined,1
unc,1
experiencing,1
barn,1
misinterpreted,1
gave,1
outpouring,1
older,1
couched,1
corrupt,1
northwest,1
boost,1
broad,1
suppliers,1
reactor,1
reportedly,1
mn,1
concentrate,1
skins,1
ayrshire,1
structures,1
midwestern,1
documented,1
acquittal,1
demonstration,1
focuses,1
surrounding,1
lieved,1
employed,1
endorsed,1
participate,1
heated,1
indianapolis,1
stanford,1
won,1
president,1
status,1
foes,1
strengthened,1
universally,1
hundreds,1
connections,1
genealogical,1
strongest,1
transmit,1
following,1
weeks,1
recant,1
announcement,1
approach,1
violated,1
asymmetries,1
lifted,1
wholesale,1
tough,1
reid,1
indicator,1
working,1
delivered,1
danville,1
especial,1
wished,1
stage,1
reliable,1
administrators,1
lawton,1
box,1
innocent,1
testers,1
repeated,1
specifically,1
belt,1
orland,1
nightmares,1
heat,1
dried,1
initiating,1
characteristics,1
driving,1
members,1
highly,1
transfer,1
lawyers,1
presence,1
compromise,1
notorious,1
met,1
ps,1
texas,1
portions,1
differing,1
seeds,1
tended,1
widely,1
altogether,1
philip,1
always,1
visible,1
underway,1
inability,1
majority,1
progressed,1
paid,1
poorly,1
organs,1
theorem,1
negligence,1
reflected,1
skill,1
declines,1
nv,1
auto,1
triangle,1
questioning,1
geographical,1
sparks,1
capturing,1
invest,1
purchasing,1
content,1
subsequently,1
barbara,1
rod,1
blanket,1
privilege,1
pertaining,1
rev,1
vial,1
casualty,1
san,1
unsound,1
demand,1
frederick,1
attorneys,1
inhabitants,1
dealing,1
variety,1
elimination,1
protecting,1
myriad,1
summarize,1
taken,1
rivalries,1
uncoordinated,1
requirement,1
prohibitively,1
fortunately,1
welsh,1
bred,1
inadequacy,1
modus,1
levied,1
short,1
hide,1
appearances,1
overall,1
ia,1
spearheaded,1
irony,1
mattatal,1
fencing,1
appreciate,1
classic,1
cattleman,1
inspections,1
concern,1
strains,1
reduce,1
calves,1
allen,1
imposts,1
still,1
judgment,1
harry,1
echoing,1
presently,1
expanded,1
demonstrated,1
ignorant,1
sars,1
argument,1
standing,1
deals,1
unprecedented,1
initially,1
wind,1
indicts,1
sigrid,1
obtainable,1
echo,1
hold,1
decisions,1
selection,1
wv,1
fighting,1
biological,1
convictions,1
enc,1
reined,1
metric,1
collect,1
assuring,1
outweighed,1
edited,1
relied,1
victor,1
push,1
switching,1
happened,1
ravenel,1
thought,1
serve,1
evil,1
cowsgovernment,1
edict,1
caveat,1
technology,1
exposes,1
zurich,1
ne,1
boundary,1
favorable,1
reinstating,1
dustbin,1
idaho,1
tn,1
participants,1
nefarious,1
assistance,1
pubs,1
k,1
keeping,1
ky,1
performed,1
floor,1
deliver,1
collective,1
traders,1
damaged,1
prematurely,1
bovines,1
dispute,1
affirmed,1
regional,1
phyllis,1
social,1
useful,1
chose,1
slaughterhouses,1
routes,1
inspected,1
rebounding,1
marshall,1
name,1
admit,1
idle,1
piker,1
deterred,1
attacks,1
assert,1
stronger,1
journey,1
hears,1
nesses,1
again,1
despised,1
boycotts,1
academy,1
dillingham,1
responsibilities,1
doubleday,1
absolve,1
lowering,1
addition,1
kieman,1
water,1
wanting,1
release,1
barber,1
conformity,1
lengthy,1
retested,1
expose,1
insidious,1
swindle,1
treatment,1
ney,1
stimulus,1
recurrent,1
pressure,1
striking,1
polluted,1
beliefs,1
appeared,1
advertising,1
witnesses,1
reform,1
break,1
indemnity,1
demonstrating,1
foe,1
goodwill,1
inherently,1
pennsylvania,1
pled,1
vt,1
external,1
bargaining,1
enact,1
asks,1
genealogy,1
disseminate,1
behind,1
pursuing,1
ascent,1
journalists,1
chain,1
appellation,1
centre,1
increases,1
manner,1
flooded,1
road,1
deceptive,1
developing,1
competitors,1
florence,1
unclear,1
shown,1
turin,1
judith,1
mojonner,1
sertuberculous,1
conviction,1
banner,1
perhaps,1
woman,1
recognizes,1
amateurs,1
plaintiffs,1
distance,1
assemblage,1
gives,1
recommend,1
unable,1
identifiable,1
laudable,1
thoroughly,1
ibid,1
alston,1
captive,1
plane,1
doubled,1
misused,1
fight,1
infect,1
credit,1
microscopic,1
understanding,1
technologies,1
hue,1
investment,1
vast,1
accredited,1
campaigns,1
supplies,1
knew,1
indiana,1
excluding,1
quarantining,1
considering,1
fake,1
discovery,1
accompanying,1
range,1
farming,1
ic,1
helps,1
exporting,1
discrimination,1
region,1
enhanced,1
enormous,1
trimmed,1
incubation,1
copies,1
template,1
finding,1
services,1
encouraged,1
traded,1
coase,1
unfair,1
edgar,1
virtually,1
conditions,1
leavenworth,1
actuarial,1
prominently,1
net,1
bitter,1
trend,1
nothing,1
merit,1
examination,1
full,1
nonprofessionals,1
sic,1
stayed,1
shortly,1
nevertheless,1
dating,1
harvey,1
rejected,1
ties,1
helpless,1
low,1
stance,1
passim,1
stockyard,1
crises,1
corrupted,1
moral,1
reality,1
derelict,1
bore,1
frustrated,1
express,1
mt,1
utter,1
admission,1
issn,1
divisions,1
organism,1
ri,1
started,1
covering,1
like,1
ny,1
duties,1
mask,1
lobbied,1
obtained,1
filled,1
proximity,1
anyone,1
last,1
joined,1
latter,1
forms,1
instruction,1
morals,1
behest,1
exchange,1
besmirching,1
reputable,1
class,1
probe,1
sentiment,1
commentators,1
systems,1
improving,1
drs,1
parallel,1
methods,1
glenn,1
reads,1
bordered,1
relation,1
exported,1
narrow,1
references,1
enabled,1
greatly,1
excluded,1
diamond,1
henry,1
slightly,1
workshop,1
prohibitive,1
figures,1
macmillan,1
save,1
versus,1
tendency,1
steers,1
tougher,1
green,1
walsh,1
ago,1
quarter,1
controversial,1
impotency,1
attention,1
la,1
concluded,1
pecking,1
broth,1
deplored,1
sue,1
coordinated,1
product,1
bacillus,1
bang,1
tennessee,1
shocked,1
nondiscriminatory,1
ranging,1
conflict,1
advising,1
trails,1
things,1
offender,1
unstable,1
gutmann,1
depressed,1
posted,1
committed,1
respect,1
flesh,1
me,1
shattered,1
violation,1
solicitor,1
processed,1
bars,1
science,1
segments,1
commuted,1
crucial,1
chance,1
bordering,1
next,1
meats,1
nh,1
criminal,1
democrat,1
email,1
relieved,1
consent,1
analythe,1
rough,1
select,1
prosecutions,1
insufficient,1
ordinary,1
nexus,1
outburst,1
exceptional,1
busman,1
lost,1
commended,1
insist,1
economists,1
prepares,1
lightning,1
crushing,1
executive,1
dupage,1
length,1
nearing,1
pac,1
testifies,1
life,1
changes,1
inspired,1
analysis,1
husen,1
mortality,1
bostrom,1
nos,1
centuries,1
untested,1
game,1
face,1
administering,1
problematic,1
rigorous,1
hides,1
stipulation,1
clinical,1
considered,1
laundering,1
goldberg,1
bench,1
school,1
assistant,1
shipper,1
suggestions,1
seriously,1
phony,1
alerting,1
exercised,1
rarely,1
fifteen,1
practice,1
commodious,1
prohibited,1
dispersed,1
conclusion,1
revised,1
version,1
rivaled,1
disfiguration,1
reexport,1
must,1
ogden,1
extending,1
predictions,1
steel,1
locomotive,1
mobilized,1
continues,1
municipality,1
carriers,1
unleashed,1
adulteration,1
bros,1
satisfactory,1
friends,1
disguise,1
carbondale,1
fraught,1
icer,1
galvanizing,1
dissipated,1
pt,1
offers,1
sustained,1
microorganism,1
erected,1
legislature,1
excess,1
udsa,1
branches,1
principle,1
each,1
theobald,1
paper,1
contained,1
setting,1
launder,1
nonpurebred,1
seem,1
counterexample,1
believe,1
referees,1
unknown,1
leaders,1
appendix,1
argue,1
intrusion,1
returns,1
allied,1
multiplicity,1
branch,1
federally,1
exploiting,1
negligent,1
attacking,1
sc,1
reliability,1
linked,1
trusts,1
propensity,1
circuitous,1
rely,1
asserting,1
encouraging,1
build,1
going,1
director,1
placing,1
climate,1
innumerable,1
mass,1
rural,1
proposed,1
conrad,1
living,1
type,1
scores,1
pending,1
lending,1
concrete,1
turned,1
counterproductive,1
believed,1
prosecute,1
id,1
corporation,1
knows,1
pardon,1
born,1
baseball,1
complications,1
attain,1
exposing,1
communicate,1
victims,1
reign,1
transmitted,1
month,1
rockbrook,1
reactions,1
terms,1
list,1
namely,1
rising,1
want,1
involvement,1
add,1
suspicions,1
bernhard,1
indicates,1
map,1
signature,1
shall,1
executing,1
leaving,1
transaction,1
telegram,1
waters,1
fully,1
getting,1
bachrach,1
remedies,1
bitterly,1
cents,1
don,1
probations,1
suggests,1
beacon,1
incomes,1
upper,1
boiled,1
ses,1
babcock,1
middle,1
jason,1
practical,1
burden,1
oath,1
researchers,1
boston,1
capable,1
outline,1
apparatus,1
atkinson,1
pain,1
barraged,1
prerequisite,1
affecting,1
uniform,1
somerset,1
surrendered,1
satl,1
marketing,1
pre,1
downplays,1
janine,1
duty,1
regulate,1
unleash,1
mayor,1
giving,1
infamous,1
intended,1
traditional,1
lies,1
rigid,1
sheets,1
acute,1
appraised,1
substance,1
tissues,1
organization,1
obtain,1
resistance,1
policymakers,1
secured,1
germs,1
appointed,1
colonial,1
breakthrough,1
isolated,1
definitions,1
writing,1
fine,1
gain,1
neglect,1
wal,1
jan,1
drive,1
tomas,1
named,1
eric,1
afflicted,1
prison,1
question,1
intent,1
formation,1
dept,1
statute,1
ultimately,1
tell,1
nuisance,1
elicited,1
theme,1
locations,1
emptor,1
lists,1
difference,1
generate,1
inbreeding,1
detection,1
advent,1
charts,1
aggravating,1
contract,1
institutional,1
materials,1
sought,1
grant,1
catch,1
aware,1
trap,1
harm,1
sterilized,1
never,1
course,1
offer,1
prolonged,1
unfit,1
advantageous,1
reg,1
land,1
broader,1
staying,1
smaller,1
piece,1
prospect,1
giannini,1
defined,1
voluntary,1
nontariff,1
lytle,1
prairie,1
peacetime,1
postscript,1
summary,1
traveling,1
anonymous,1
profits,1
coughing,1
mounting,1
territories,1
nonsuspected,1
potential,1
besides,1
removed,1
charlotte,1
trader,1
valuable,1
plethora,1
russia,1
belted,1
succeeded,1
famines,1
partial,1
disrupting,1
subverting,1
substantial,1
exclusively,1
import,1
majors,1
ownership,1
guttman,1
delicate,1
ks,1
fellowship,1
ost,1
strong,1
willing,1
observed,1
infancy,1
cross,1
promiscuously,1
fiscal,1
performance,1
ga,1
ca,1
delayed,1
race,1
evidently,1
meatpacking,1
starter,1
deeper,1
