WORDCOUNTS,WEIGHT
the,594
of,375
and,231
in,194
to,183
a,110
that,96
for,61
from,51
this,50
as,48
university,46
on,45
we,44
was,41
by,39
with,39
s,37
is,37
financial,30
new,30
trade,29
were,28
i,27
paper,27
are,27
capital,27
their,26
have,24
it,23
these,23
at,22
data,22
economic,21
more,21
not,21
markets,20
banks,20
session,19
standard,19
banking,19
states,19
gold,19
an,18
had,18
abstracts,18
or,18
exchange,18
evidence,18
they,17
bank,17
role,17
but,17
market,16
one,16
there,16
during,16
united,16
century,15
which,15
eha,15
growth,14
monetary,14
over,14
system,13
price,13
than,13
rates,13
using,13
risk,13
its,13
industrial,13
use,13
between,13
be,13
early,13
history,12
been,12
show,12
prices,12
will,12
about,12
model,12
economy,12
colonial,12
firms,12
other,11
great,11
development,11
international,11
depression,11
time,11
countries,11
brazilian,11
american,10
first,10
state,10
those,10
labor,10
such,10
changes,10
policies,10
revolution,10
world,10
currency,10
california,10
finance,10
what,10
crisis,10
all,9
england,9
debt,9
u,9
some,9
opium,9
impact,9
deal,9
can,9
institutions,9
our,9
distress,8
english,8
federal,8
policy,8
costs,8
most,8
companies,8
because,8
when,8
productivity,8
results,8
two,8
period,8
industrialization,8
increased,8
recent,8
nineteenth,7
my,7
company,7
boom,7
earlier,7
important,7
stock,7
housing,7
also,7
credit,7
recovery,7
would,7
control,7
did,7
job,7
conditions,7
consumption,7
effects,7
tobacco,7
rate,6
college,6
into,6
consistent,6
british,6
supply,6
panic,6
find,6
no,6
across,6
importance,6
second,6
technology,6
payments,6
spending,6
crises,6
workers,6
structure,6
relative,6
european,6
examine,6
each,6
brazil,6
both,6
cost,6
much,6
common,5
shocks,5
occurred,5
experience,5
evolution,5
government,5
against,5
central,5
de,5
contrary,5
higher,5
york,5
how,5
financing,5
process,5
view,5
union,5
assets,5
access,5
carolina,5
war,5
contagion,5
part,5
london,5
reserve,5
has,5
caused,5
level,5
decline,5
provided,5
many,5
debates,5
do,5
present,5
japan,5
years,5
investment,5
rio,5
made,5
reputation,5
so,5
especially,5
effect,5
analysis,5
case,5
investigate,5
seat,5
then,5
set,5
ladder,5
extent,5
janeiro,5
commercial,5
illinois,5
twentieth,5
north,5
if,4
medieval,4
empirical,4
agricultural,4
jews,4
mobility,4
modern,4
before,4
source,4
different,4
either,4
stabilization,4
long,4
actual,4
europe,4
farmers,4
political,4
america,4
account,4
enforcement,4
fur,4
laws,4
behavior,4
framework,4
collapse,4
interest,4
adopted,4
argentine,4
estimate,4
profit,4
bills,4
rights,4
performance,4
bond,4
legal,4
study,4
factors,4
branch,4
orientation,4
origins,4
followed,4
based,4
volatility,4
blockade,4
term,4
default,4
explain,4
governing,4
information,4
county,4
indigenous,4
literature,4
size,4
records,4
systematic,4
successful,4
trading,4
order,4
davis,4
spanish,4
governments,4
annual,4
demand,4
forward,4
reduce,4
florin,4
innovation,4
biological,4
rules,4
us,4
indian,4
only,4
law,4
power,4
projects,4
empire,4
income,4
private,4
including,4
significant,4
services,4
modem,4
played,4
after,4
analyze,4
force,4
why,4
colonists,4
changing,4
global,4
roman,4
argue,4
research,4
historical,4
rural,4
explanations,4
them,4
whether,4
terms,4
cause,4
sharing,4
virginia,4
deflation,4
varieties,4
through,4
became,4
contract,4
national,4
finally,4
offer,4
france,4
little,4
hypothesis,4
directors,3
liquidity,3
branches,3
large,3
kinds,3
studies,3
flows,3
western,3
antebellum,3
negative,3
fluctuations,3
lower,3
provision,3
investments,3
nature,3
skills,3
spinners,3
papers,3
key,3
household,3
along,3
hudson,3
thus,3
relationships,3
due,3
expected,3
estimates,3
bay,3
machines,3
output,3
third,3
compare,3
explore,3
unskilled,3
high,3
mattered,3
main,3
angeles,3
bankruptcy,3
moreover,3
support,3
organization,3
occupational,3
benefits,3
record,3
weak,3
generally,3
back,3
faced,3
uses,3
result,3
could,3
monitoring,3
initial,3
big,3
produced,3
however,3
jewish,3
well,3
makers,3
used,3
nyse,3
work,3
los,3
significantly,3
characterization,3
instruments,3
own,3
predicts,3
participated,3
overseas,3
wheat,3
approach,3
contrast,3
rutgers,3
characteristics,3
industry,3
australian,3
up,3
preliminary,3
aggregate,3
seats,3
asset,3
san,3
business,3
indeed,3
communities,3
selling,3
neither,3
sectors,3
reports,3
social,3
volume,3
french,3
confederacy,3
regulation,3
tariff,3
break,3
classical,3
john,3
contemporary,3
question,3
outside,3
took,3
books,3
sell,3
another,3
findings,3
factor,3
causes,3
netherlands,3
low,3
modernization,3
peter,3
spread,3
responses,3
borrowers,3
last,3
provides,3
systems,3
postwar,3
usury,3
relationship,3
today,3
foreign,3
independence,3
who,3
length,3
efficiency,3
education,3
collateral,3
centuries,3
considered,3
claims,3
quantitative,3
worth,3
seem,3
board,3
half,3
domestic,3
particularly,3
far,3
commodity,3
problem,3
while,3
institute,3
almost,3
premia,3
presented,3
transport,3
uniform,3
despite,3
controls,3
obtain,3
families,3
regie,3
complaints,3
models,3
average,3
institutional,3
americas,3
francisco,3
securities,3
scholarship,3
era,3
ownership,3
develop,3
technological,3
broader,3
meeting,3
courts,2
struggle,2
convergence,2
disaggregated,2
avoiding,2
later,2
religions,2
corporate,2
created,2
affected,2
determine,2
e,2
ultimate,2
introduction,2
pushed,2
church,2
conversion,2
agency,2
larry,2
diversification,2
importables,2
easily,2
bubble,2
impediments,2
test,2
joe,2
being,2
australia,2
sources,2
give,2
historians,2
loan,2
j,2
dramatically,2
tradition,2
explores,2
neal,2
suggesting,2
timing,2
able,2
link,2
reveal,2
encilhamento,2
resulting,2
take,2
henry,2
within,2
partners,2
issue,2
money,2
primary,2
firm,2
demography,2
discuss,2
red,2
installment,2
marc,2
activity,2
purchases,2
combination,2
very,2
census,2
economies,2
convertibility,2
localized,2
branching,2
merchants,2
reverse,2
explained,2
severe,2
quality,2
econometric,2
relatively,2
consumer,2
participating,2
learning,2
evaluate,2
turn,2
lending,2
nor,2
document,2
response,2
lancashire,2
allowing,2
though,2
book,2
operation,2
poor,2
recognized,2
town,2
whose,2
mexico,2
rather,2
links,2
unit,2
doctrine,2
midwest,2
arrangements,2
granted,2
idiosyncratic,2
certain,2
direct,2
perkins,2
bonds,2
facilitated,2
wages,2
consider,2
locally,2
specialization,2
plenary,2
lowell,2
elsewhere,2
perspective,2
argued,2
textile,2
cotton,2
believed,2
export,2
strategy,2
globalization,2
whereas,2
greater,2
standards,2
sooner,2
path,2
adhered,2
events,2
relate,2
worker,2
employee,2
coalitions,2
further,2
handbook,2
left,2
fisher,2
earthquake,2
recently,2
population,2
suffered,2
balance,2
aspects,2
percent,2
accounting,2
prominent,2
contracts,2
example,2
bordo,2
year,2
fit,2
falling,2
away,2
savings,2
alan,2
traders,2
good,2
running,2
construct,2
hard,2
suggest,2
emerging,2
banknotes,2
highly,2
bolton,2
corporations,2
addictive,2
notes,2
periods,2
increasing,2
variety,2
absence,2
various,2
religion,2
overall,2
expansion,2
return,2
make,2
bankers,2
counterfactual,2
holders,2
movement,2
currencies,2
tenures,2
oldham,2
security,2
columbus,2
quantify,2
infrastructure,2
light,2
complete,2
shock,2
same,2
largest,2
rise,2
debtors,2
enterprises,2
picture,2
lee,2
organizations,2
skill,2
structures,2
factory,2
mark,2
efforts,2
shows,2
indies,2
choice,2
children,2
together,2
larger,2
stage,2
end,2
considerable,2
patterns,2
remarkable,2
where,2
establish,2
colony,2
minneapolis,2
bearers,2
fundamentals,2
stanford,2
number,2
panics,2
remained,2
explanation,2
hires,2
deposits,2
traded,2
hypotheses,2
largely,2
net,2
triner,2
real,2
individuals,2
examination,2
yields,2
wheats,2
clear,2
three,2
logic,2
individual,2
general,2
function,2
collected,2
households,2
macroeconomic,2
martin,2
least,2
latter,2
problems,2
improving,2
britain,2
defaulting,2
examines,2
decision,2
unstable,2
imply,2
africa,2
wisdom,2
independent,2
employment,2
primarily,2
seen,2
detailed,2
often,2
expectations,2
fall,2
michael,2
months,2
empathy,2
share,2
magnitude,2
any,2
associated,2
following,2
series,2
redemption,2
several,2
manual,2
predictions,2
agents,2
appears,2
regime,2
here,2
country,2
innovations,2
current,2
returns,2
goods,2
cities,2
past,2
living,2
archival,2
growing,2
keynes,2
regulations,2
recession,2
stability,2
form,2
varying,2
indicates,2
debentures,2
savers,2
secure,2
kaufman,2
property,2
influenced,2
suggests,2
urban,2
determined,2
introduced,2
city,2
ring,2
measure,2
conventional,2
programs,2
pound,2
challenges,2
aims,2
behaved,2
come,2
shorter,2
formation,2
pricing,2
unable,2
argues,2
cambridge,2
observed,2
stockmarket,2
deepening,2
instead,2
microstructure,2
although,2
typically,2
d,2
baptism,2
respective,2
typical,2
removed,2
succeeded,2
debate,2
should,2
uncertainty,2
substantial,2
traditional,2
among,2
major,2
precipitously,1
difficult,1
housekeeping,1
archives,1
now,1
kirsten,1
final,1
accidents,1
obligations,1
ethics,1
estimated,1
concerned,1
develops,1
microstructures,1
privately,1
groups,1
santhi,1
pittsburgh,1
deepen,1
universite,1
dangers,1
credibility,1
extreme,1
resulted,1
struggled,1
revolutionary,1
offset,1
therefore,1
inconvenience,1
stockbrokers,1
adoption,1
eliminated,1
originating,1
considerably,1
amplifying,1
mclean,1
string,1
manuscript,1
ferderer,1
minutes,1
coupled,1
group,1
methodology,1
screening,1
mike,1
tend,1
designed,1
prevented,1
join,1
likely,1
cyrille,1
convertible,1
true,1
o,1
pressing,1
olney,1
monthly,1
paradigms,1
decompose,1
discounts,1
conscious,1
earnings,1
decade,1
kerry,1
justified,1
fixed,1
predictor,1
royal,1
amply,1
tells,1
equity,1
nonbank,1
something,1
motivated,1
revision,1
duggan,1
credibly,1
turning,1
baker,1
leads,1
diffusion,1
gail,1
accumulation,1
anything,1
railroads,1
way,1
explaining,1
wrong,1
barriers,1
invention,1
every,1
managed,1
caroline,1
preceding,1
production,1
human,1
attempts,1
rolnick,1
taken,1
longer,1
concentrated,1
enables,1
might,1
address,1
rapid,1
acutely,1
attempt,1
bonding,1
font,1
emerged,1
fragmentary,1
diseases,1
aldo,1
supplied,1
parties,1
loom,1
rhode,1
leading,1
secondary,1
assess,1
swapped,1
daily,1
shawn,1
reasons,1
turnover,1
thank,1
origin,1
indifferent,1
franc,1
narrative,1
studied,1
proves,1
located,1
mississippi,1
court,1
uncovered,1
expense,1
scheduled,1
subsequent,1
achieved,1
differential,1
persistence,1
improved,1
date,1
miles,1
trouble,1
greatly,1
raised,1
robert,1
gifts,1
trusts,1
wage,1
sheet,1
leunig,1
iowa,1
chandra,1
context,1
triggered,1
depends,1
sound,1
generosity,1
refute,1
governmental,1
sophisticated,1
jane,1
indebtedness,1
eastern,1
tenders,1
east,1
nber,1
treasuries,1
agriculture,1
ventures,1
profitsharing,1
motivating,1
economics,1
design,1
intermediaries,1
bessen,1
possible,1
greg,1
angst,1
baring,1
machinery,1
condition,1
entrepreneurs,1
measures,1
chartered,1
establishing,1
adopting,1
gama,1
reaction,1
composes,1
zvi,1
consumers,1
vital,1
variations,1
exchanges,1
foregone,1
establishes,1
constrained,1
correlation,1
furs,1
financed,1
letter,1
stirring,1
congruence,1
conclusively,1
tied,1
attract,1
signal,1
learned,1
complained,1
unbiased,1
regarding,1
mistake,1
goal,1
scripps,1
andrew,1
centralized,1
includes,1
mendicant,1
targetzone,1
dependence,1
montreal,1
madrid,1
eventual,1
estimating,1
difficulties,1
immediate,1
dynamics,1
reject,1
pursue,1
inflation,1
unprecedented,1
spurt,1
precipitating,1
tables,1
realized,1
september,1
noel,1
drugpolicy,1
decided,1
raises,1
issued,1
heightened,1
grouped,1
conducted,1
rentes,1
pay,1
barrier,1
extensively,1
ferguson,1
fishback,1
forced,1
kind,1
understates,1
clearinghouses,1
northem,1
defense,1
garber,1
clark,1
kyle,1
underlying,1
legally,1
times,1
macalaster,1
concerning,1
amount,1
pierre,1
approval,1
ohanian,1
columbia,1
modernity,1
six,1
difficulty,1
oxford,1
shadowed,1
lawmerchant,1
toil,1
externalities,1
even,1
consequently,1
seal,1
communication,1
outflow,1
richey,1
influence,1
word,1
loans,1
cites,1
industries,1
may,1
aim,1
etc,1
failed,1
mechanisms,1
opposed,1
parity,1
via,1
interesting,1
pacific,1
reconstruction,1
americans,1
german,1
deteriorate,1
operations,1
pompeu,1
act,1
his,1
gripped,1
devastating,1
bring,1
lucy,1
ways,1
arising,1
developed,1
adapt,1
affairs,1
ascent,1
square,1
afterwards,1
posters,1
var,1
subsistence,1
munro,1
conceptions,1
analyzes,1
transferable,1
tel,1
probability,1
proportion,1
lasted,1
flexible,1
interwar,1
hautcoeur,1
similar,1
institutionalization,1
parts,1
weidenmeir,1
assuming,1
generating,1
special,1
enabled,1
distant,1
white,1
govern,1
antithesis,1
dismiss,1
consequences,1
fabra,1
precious,1
guides,1
reason,1
understand,1
huberman,1
runners,1
circulated,1
affect,1
wanted,1
capm,1
established,1
familiar,1
spreading,1
india,1
itam,1
emergence,1
weisel,1
latin,1
proved,1
warren,1
section,1
driven,1
dartmouth,1
numbers,1
gradually,1
bruce,1
frequently,1
suffolk,1
threat,1
benefited,1
age,1
stationed,1
supplying,1
calculations,1
rental,1
journalistic,1
putting,1
voth,1
requires,1
instance,1
willing,1
friars,1
crucially,1
founding,1
m,1
personalized,1
providing,1
decades,1
constitution,1
atlanta,1
eckstein,1
redeeming,1
hours,1
tariffs,1
advance,1
distribution,1
came,1
lead,1
geoffrey,1
pounds,1
franciscans,1
discount,1
demise,1
sokoloff,1
item,1
attack,1
strongly,1
centers,1
out,1
users,1
changed,1
ofce,1
austin,1
banked,1
package,1
insisting,1
spurts,1
continents,1
lydon,1
spinning,1
culture,1
tallman,1
late,1
unions,1
fourth,1
outset,1
neighboring,1
furthermore,1
understood,1
transactions,1
cultural,1
equal,1
focused,1
seizing,1
czechoslovakia,1
residential,1
cannot,1
meet,1
applied,1
jefferson,1
scale,1
otherwise,1
wealth,1
placed,1
alliances,1
metals,1
perform,1
counties,1
saving,1
guarantee,1
public,1
triumph,1
rourke,1
marie,1
zebulon,1
experiment,1
improve,1
failure,1
specifically,1
provincial,1
implode,1
participation,1
rectitude,1
network,1
basis,1
future,1
degrees,1
mule,1
closed,1
received,1
maurer,1
nine,1
masayoshi,1
musacchio,1
fared,1
meissner,1
explains,1
civil,1
knowledge,1
apparent,1
secret,1
italy,1
related,1
confirms,1
positions,1
description,1
stockexchange,1
whole,1
gave,1
consistently,1
fail,1
issues,1
broad,1
flight,1
winter,1
compatible,1
midwestern,1
forces,1
recounting,1
lifeline,1
weekly,1
reflect,1
schwartz,1
entails,1
monopoly,1
won,1
president,1
interpreted,1
sterling,1
contractions,1
determining,1
challenging,1
trends,1
contradictions,1
weeks,1
knodell,1
hungary,1
asymmetries,1
subsidize,1
preceded,1
change,1
wholesale,1
creating,1
whilst,1
haber,1
ratios,1
commerce,1
viable,1
sharma,1
specie,1
intercontinental,1
negligible,1
buildings,1
panel,1
debts,1
prevalence,1
mediterranean,1
quite,1
acted,1
insurance,1
involved,1
textual,1
around,1
small,1
principals,1
sufficient,1
dealers,1
few,1
concerns,1
munich,1
floating,1
transfer,1
presence,1
observe,1
adhere,1
massachusetts,1
schedules,1
texas,1
cepr,1
statelevel,1
qje,1
tended,1
da,1
always,1
cincinnati,1
progress,1
costlessly,1
alleges,1
clearinghouse,1
dependent,1
describes,1
peculiar,1
plausible,1
neoclassical,1
newly,1
paul,1
moved,1
rescheduled,1
reducing,1
godfor,1
issuer,1
avoid,1
wimmer,1
threatened,1
critical,1
uncommon,1
oflabor,1
led,1
poland,1
nonpayment,1
situation,1
arrangement,1
reduced,1
issuers,1
steadily,1
employ,1
gather,1
ans,1
incentives,1
short,1
brian,1
collection,1
limited,1
warwick,1
nearly,1
female,1
brings,1
april,1
intensively,1
still,1
above,1
bill,1
woods,1
experiences,1
earthquakes,1
collapsed,1
newton,1
paint,1
spot,1
sheets,1
hitherto,1
posted,1
ofthe,1
parker,1
assigned,1
fueled,1
bullionist,1
contributing,1
competition,1
komlos,1
land,1
yet,1
interpretation,1
excessively,1
opportunities,1
wake,1
creditors,1
marginal,1
wandschneider,1
mission,1
array,1
evolved,1
seeing,1
under,1
formally,1
populated,1
place,1
favorable,1
thesis,1
index,1
perceived,1
compiled,1
acting,1
assimilation,1
falls,1
raise,1
asia,1
rockoff,1
sharply,1
naval,1
demonstrates,1
wright,1
partly,1
meir,1
insights,1
illustrated,1
toronto,1
quotations,1
vermont,1
proach,1
penalties,1
functioned,1
sector,1
voyages,1
declining,1
worst,1
ghislaine,1
members,1
starting,1
fire,1
credibilitjy,1
wheatproduction,1
jeffrey,1
overrode,1
spend,1
ofarizona,1
punish,1
preferences,1
knowing,1
similarly,1
deterioration,1
addition,1
experienced,1
lime,1
smith,1
missing,1
deutsche,1
usefulness,1
fact,1
faster,1
simpler,1
holloway,1
coinage,1
fundamental,1
underestimated,1
areas,1
rents,1
relates,1
striking,1
minnesota,1
documents,1
swung,1
tangible,1
really,1
botticini,1
grows,1
arthur,1
venture,1
program,1
pattern,1
seldom,1
external,1
simple,1
payment,1
aviv,1
deflationary,1
repayment,1
drove,1
geography,1
andeconomic,1
evaded,1
developing,1
validity,1
accepted,1
relevant,1
vulnerable,1
shown,1
heavily,1
see,1
answer,1
achieving,1
strategies,1
necessary,1
focusing,1
branched,1
jon,1
gdp,1
charter,1
byhigherrates,1
style,1
gives,1
going,1
illiquidassets,1
remarkably,1
day,1
doubled,1
olmstead,1
hejeebu,1
original,1
mills,1
demonstrated,1
fundamentally,1
week,1
empirically,1
understanding,1
protectionism,1
divided,1
supplies,1
indiana,1
examples,1
restrictions,1
rendered,1
cree,1
discovery,1
range,1
eighteenth,1
bear,1
values,1
catholicism,1
formal,1
scaled,1
enhanced,1
distinctly,1
increase,1
odell,1
unpredictable,1
lessonsfrom,1
ruling,1
finding,1
louis,1
budget,1
entirely,1
unfortunately,1
fohlin,1
distrust,1
fourteenth,1
virtually,1
assume,1
kingdom,1
survey,1
harvard,1
insure,1
questions,1
processes,1
trend,1
merit,1
trust,1
exerted,1
full,1
macro,1
previous,1
regions,1
forthat,1
synthetic,1
platform,1
rejected,1
ties,1
open,1
significance,1
arkansas,1
authors,1
b,1
flynn,1
comprehensive,1
peripheral,1
portfolio,1
interpret,1
co,1
signing,1
christopher,1
david,1
plains,1
ellis,1
claremont,1
tim,1
seltzer,1
japanese,1
premium,1
reconstructed,1
evolve,1
keene,1
preservation,1
black,1
forms,1
class,1
promotion,1
moen,1
ages,1
legislatures,1
facing,1
examined,1
internal,1
outcomes,1
literacy,1
promote,1
methods,1
spreads,1
craft,1
relation,1
interpretations,1
niall,1
siddharth,1
james,1
hunters,1
priests,1
claiming,1
capabilities,1
looks,1
dominance,1
embeds,1
spain,1
southwest,1
northern,1
assesses,1
grain,1
slowdown,1
mckenna,1
saw,1
accord,1
institution,1
quarterly,1
governor,1
ron,1
controversial,1
outright,1
propose,1
financiers,1
regimes,1
attention,1
brown,1
gist,1
beexplained,1
revolved,1
farm,1
space,1
carried,1
dawn,1
lance,1
speculate,1
christian,1
islamic,1
belonged,1
perspectives,1
note,1
cow,1
particular,1
charters,1
michener,1
provide,1
movements,1
bulk,1
sometimes,1
kenneth,1
crucial,1
apprentices,1
usually,1
tiny,1
linda,1
five,1
tsurumi,1
foster,1
bretton,1
stocks,1
ironically,1
exacerbated,1
contraction,1
ordinary,1
debtor,1
slow,1
means,1
subsidy,1
success,1
endogeneity,1
temin,1
deposit,1
emanated,1
worse,1
antoni,1
importantly,1
contribution,1
universitat,1
flandreau,1
legitimacy,1
indicate,1
contributor,1
volumes,1
life,1
settled,1
intend,1
applicants,1
mortality,1
less,1
frontier,1
depreciated,1
respect,1
types,1
effort,1
itself,1
eugene,1
stable,1
addressed,1
stephen,1
school,1
environment,1
contained,1
wars,1
variable,1
curious,1
dependable,1
rarely,1
mainly,1
judgments,1
lessons,1
francesco,1
conclusion,1
accordance,1
rivaled,1
heritable,1
comparison,1
wartime,1
must,1
demonstrate,1
extensive,1
constituted,1
ever,1
hypothesized,1
continues,1
austria,1
galassi,1
rival,1
quotes,1
supported,1
drexel,1
offers,1
taiwan,1
issuing,1
know,1
ground,1
ship,1
berkeley,1
natural,1
continental,1
refused,1
inquires,1
intangible,1
maristella,1
liquid,1
shares,1
par,1
expanding,1
unambiguously,1
tridib,1
interestrate,1
circumvented,1
down,1
restrictive,1
capie,1
barcelona,1
klein,1
universal,1
creditworthiness,1
followers,1
post,1
provoke,1
vibrant,1
stretching,1
perfectly,1
equilibrium,1
enforcing,1
constant,1
cultivation,1
allocated,1
wood,1
mismanagement,1
advances,1
risky,1
merely,1
destroyed,1
discontent,1
beginning,1
stabilizing,1
redeem,1
virtual,1
propagator,1
transmitted,1
unique,1
reactions,1
spatial,1
kevin,1
kantor,1
laying,1
accounts,1
coast,1
trinity,1
alston,1
add,1
maintain,1
austrian,1
liberalization,1
passed,1
ofnorth,1
theory,1
shortages,1
tightly,1
transaction,1
periphery,1
rating,1
studying,1
explored,1
imperial,1
precedent,1
anna,1
scenarios,1
emphasis,1
rediscount,1
canhave,1
millions,1
middle,1
concepcion,1
upfj,1
st,1
martha,1
suspend,1
researchers,1
boston,1
circumstances,1
hosei,1
decisive,1
stagnant,1
giving,1
buy,1
techniques,1
impose,1
administration,1
orle,1
cash,1
regulated,1
reserves,1
rationale,1
struck,1
regularities,1
target,1
pests,1
estevadeordal,1
merchant,1
manufacturing,1
indebted,1
sb,1
writing,1
aspect,1
kohn,1
lille,1
frantz,1
bargaining,1
promoted,1
cartelization,1
tell,1
spring,1
chaired,1
annuities,1
aftershock,1
trusted,1
decrease,1
vance,1
imperative,1
aware,1
illiquid,1
wish,1
parallels,1
reallocate,1
course,1
contributed,1
actively,1
bargainingmodel,1
grown,1
include,1
integrated,1
correlated,1
disjoint,1
levy,1
negotiable,1
prohibition,1
autumn,1
stockholders,1
integration,1
punitive,1
defined,1
derive,1
off,1
calomiris,1
ferrie,1
measured,1
burdens,1
ships,1
willlamson,1
profits,1
offered,1
treats,1
charles,1
potential,1
forrest,1
close,1
bans,1
mason,1
doubling,1
c,1
marxist,1
weber,1
inconclusive,1
chicago,1
views,1
asymmetry,1
import,1
northwestern,1
charging,1
againbeing,1
reconciling,1
unregulated,1
duration,1
strong,1
taylor,1
zones,1
paying,1
cross,1
operational,1
virtue,1
mischaracterized,1
successive,1
doing,1
built,1
showed,1
delayed,1
portrait,1
occur,1
costly,1
