WORDCOUNTS,WEIGHT
the,157
of,93
in,62
and,62
to,38
that,26
is,22
a,22
black,22
migration,20
labor,18
with,17
this,17
for,14
economic,13
was,13
on,13
s,11
chapter,11
have,11
workers,11
not,10
wage,10
markets,10
employment,9
ofthe,9
mobility,9
india,9
from,9
great,9
government,9
war,9
industries,8
south,8
been,8
policy,8
fepc,8
has,8
world,8
it,7
as,7
wages,7
by,7
two,7
data,7
during,7
were,7
an,7
blacks,7
one,6
history,6
into,6
which,6
those,6
immigration,6
at,5
changes,5
transportation,5
dissertation,5
indian,5
more,5
other,5
ii,5
over,5
i,5
income,5
however,5
some,5
work,5
three,5
would,5
so,5
than,5
rights,4
century,4
convergence,4
how,4
market,4
movement,4
summaries,4
university,4
occupational,4
committee,4
or,4
impact,4
each,4
had,4
dissertations,4
did,4
real,4
political,4
where,4
economy,4
are,4
through,4
factor,4
chapters,4
change,4
relatively,4
course,4
interregional,4
high,4
effects,4
antidiscrimination,4
outside,4
progress,4
civil,4
states,3
if,3
across,3
growth,3
study,3
white,3
united,3
decade,3
then,3
regional,3
also,3
dispersion,3
previous,3
found,3
differences,3
effort,3
out,3
john,3
cities,3
there,3
men,3
context,3
population,3
less,3
number,3
america,3
status,3
size,3
gains,3
both,3
city,3
its,3
empirical,3
questions,3
forces,3
such,3
defense,3
price,3
immigrants,3
between,3
effect,3
be,3
when,3
even,3
much,3
these,3
technological,3
relative,3
wmc,3
entitled,2
flow,2
act,2
concerned,2
tide,2
explicit,2
who,2
donohue,2
earlier,2
test,2
they,2
large,2
their,2
southern,2
american,2
direct,2
identify,2
fair,2
opportunities,2
expansion,2
makes,2
york,2
better,2
any,2
associated,2
economics,2
nineteenth,2
result,2
but,2
without,2
contexts,2
four,2
first,2
only,2
starting,2
established,2
subcontinent,2
view,2
opening,2
different,2
shaped,2
migrant,2
regions,2
broadly,2
thernstrom,2
histories,2
episodic,2
timing,2
time,2
reed,2
very,2
census,2
living,2
hiring,2
state,2
new,2
what,2
districts,2
within,2
investigation,2
racial,2
unique,2
whether,2
rising,2
practice,2
heckman,2
find,2
railways,2
unions,2
suggests,2
urban,2
literature,2
scope,2
effectiveness,2
powers,2
region,2
press,2
seedtime,2
variability,2
policies,2
counterfactual,2
promoted,2
improvements,2
evidence,2
trade,2
low,2
development,2
twentieth,2
national,2
laborers,2
prices,2
ability,2
although,2
like,2
period,2
revolution,2
brinley,2
after,2
thomas,2
unobserved,2
few,2
presence,2
decline,2
point,2
continuous,2
james,2
given,2
versus,2
strong,2
north,2
race,2
stephan,2
periods,1
using,1
jeffirey,1
span,1
enough,1
premiums,1
does,1
hoxby,1
relationship,1
second,1
nation,1
proxy,1
whose,1
demand,1
raise,1
discriminatory,1
helped,1
nonetheless,1
education,1
vanderbilt,1
practices,1
european,1
estimated,1
ofboth,1
later,1
links,1
ofeuropean,1
action,1
groups,1
index,1
developed,1
stood,1
service,1
departs,1
london,1
comparative,1
surprisingly,1
subject,1
limited,1
begin,1
might,1
wait,1
nationwide,1
sizable,1
primarily,1
intriguing,1
upward,1
broad,1
off,1
economies,1
transformed,1
prevalence,1
blackand,1
intervention,1
economists,1
coerce,1
wake,1
legal,1
experiences,1
informational,1
initially,1
grew,1
se,1
longitudinal,1
center,1
settings,1
ebbing,1
put,1
life,1
why,1
studies,1
selection,1
positive,1
kinds,1
often,1
effective,1
ofeconomicliterature,1
analysis,1
tend,1
summarized,1
about,1
surprising,1
factors,1
ineffective,1
moves,1
sets,1
fray,1
methuen,1
accounts,1
understand,1
worlds,1
behave,1
inpact,1
modern,1
manpower,1
flows,1
ensure,1
immigrant,1
servants,1
technology,1
under,1
benefitted,1
restricted,1
addressed,1
detail,1
us,1
comparisons,1
contractors,1
necessarily,1
virtually,1
compiled,1
contemplation,1
environment,1
duncan,1
acting,1
holding,1
following,1
ofblack,1
no,1
indivisible,1
colonial,1
weak,1
natural,1
comparison,1
industrial,1
hurd,1
age,1
retrospective,1
department,1
qualified,1
reports,1
simply,1
begins,1
geographic,1
enforce,1
speaking,1
consistent,1
appears,1
extension,1
powerful,1
known,1
functioned,1
gap,1
either,1
picture,1
undermine,1
ratio,1
volume,1
forfeited,1
entry,1
artisans,1
tries,1
hence,1
specifically,1
every,1
caroline,1
certainly,1
asks,1
farreaching,1
exhortatory,1
here,1
deterred,1
movements,1
set,1
dominant,1
power,1
m,1
taken,1
military,1
toward,1
decades,1
hire,1
cut,1
attempt,1
stands,1
similarly,1
around,1
ask,1
worked,1
control,1
unfolding,1
all,1
occupationally,1
residence,1
generously,1
mimic,1
heckrnan,1
whites,1
uses,1
efforts,1
distribution,1
based,1
faster,1
commission,1
setting,1
sooner,1
consideration,1
attractive,1
europe,1
outthatthere,1
higher,1
scholars,1
explores,1
areas,1
could,1
industrially,1
indicate,1
public,1
advantage,1
begun,1
erosion,1
called,1
appeared,1
p,1
baton,1
larger,1
upgrading,1
clearly,1
international,1
eamed,1
composition,1
end,1
worker,1
substantially,1
contends,1
finns,1
weekly,1
historical,1
evolving,1
considerable,1
subsequent,1
importantly,1
help,1
base,1
roosevelt,1
rural,1
passage,1
assessment,1
advances,1
dismal,1
places,1
patterns,1
turned,1
further,1
hand,1
respond,1
migrated,1
occupation,1
william,1
investigations,1
abigail,1
let,1
rapid,1
somewhat,1
developing,1
validity,1
eliciting,1
nature,1
terms,1
worthwhile,1
professors,1
see,1
employers,1
case,1
issue,1
well,1
can,1
agricultural,1
ftiat,1
naacp,1
theory,1
problem,1
wide,1
consisting,1
threats,1
elastic,1
shifts,1
near,1
conditioned,1
remarkably,1
nondiscrimination,1
thoroughly,1
amongst,1
abruptly,1
president,1
failure,1
exception,1
changed,1
explored,1
watershed,1
argues,1
interpreting,1
another,1
imagine,1
simon,1
basis,1
clout,1
understanding,1
closed,1
situated,1
probably,1
disentangle,1
generate,1
ofreal,1
pursue,1
birth,1
socioeconomic,1
cambridge,1
avery,1
investigated,1
schuster,1
explanation,1
move,1
helps,1
alone,1
heart,1
average,1
uhnfairness,1
environments,1
formal,1
significantly,1
agencies,1
combination,1
little,1
supply,1
channels,1
supervision,1
eamings,1
recalcitrant,1
despite,1
example,1
previously,1
proportions,1
undertaken,1
became,1
quotas,1
role,1
converged,1
easy,1
williamson,1
turns,1
concern,1
step,1
controlling,1
significant,1
use,1
commodities,1
contribute,1
per,1
split,1
manufacturing,1
began,1
thoughgenerally,1
subtly,1
climatic,1
allows,1
people,1
facilitating,1
aside,1
harvard,1
newfound,1
net,1
regarding,1
central,1
variables,1
goal,1
invokingempirical,1
emancipation,1
our,1
venture,1
throughout,1
hypothesizes,1
write,1
actual,1
devoted,1
rouge,1
ultimately,1
until,1
railroads,1
immobile,1
goldin,1
component,1
j,1
negro,1
open,1
explorations,1
inevitable,1
own,1
nominal,1
professor,1
observed,1
follow,1
initial,1
finding,1
contract,1
directed,1
numerous,1
econometric,1
institutional,1
comprehensive,1
leverage,1
delay,1
g,1
essay,1
maintenance,1
completed,1
amounts,1
reallocate,1
extensions,1
contributed,1
mixed,1
least,1
times,1
neither,1
sense,1
integrated,1
characterized,1
publications,1
geographically,1
length,1
belongs,1
function,1
collins,1
suez,1
suggest,1
premium,1
panel,1
played,1
integration,1
expected,1
undertakes,1
estimates,1
interacted,1
standard,1
cases,1
claims,1
nor,1
long,1
veteran,1
late,1
direction,1
small,1
themstrom,1
canal,1
membership,1
ofurban,1
leaves,1
characteristics,1
potential,1
contrary,1
outcomes,1
ship,1
coefficient,1
introductory,1
peculiarity,1
six,1
extraordinary,1
steam,1
narrow,1
references,1
assessing,1
left,1
commodity,1
mainly,1
accusations,1
reconversion,1
era,1
enjoyed,1
up,1
including,1
investigates,1
consequently,1
beenponderedat,1
communication,1
journal,1
because,1
focus,1
paid,1
racially,1
mature,1
among,1
stagnation,1
diminished,1
descriptive,1
affirmative,1
louisiana,1
merl,1
regressions,1
doing,1
oftransport,1
attention,1
resistant,1
moved,1
claudia,1
major,1
evidently,1
cliometric,1
nonsouthem,1
sample,1
hypothesis,1
