WORDCOUNTS,WEIGHT
the,793
of,419
in,360
and,338
a,212
to,170
for,147
that,111
is,110
prices,87
revolution,84
on,76
we,72
by,68
economic,67
p,66
grain,63
revolutions,63
as,62
yes,61
no,60
see,55
are,55
crisis,55
data,53
price,52
not,49
countries,48
with,48
was,47
pp,46
at,44
this,44
shock,43
it,41
political,41
which,40
an,40
from,40
manufacturing,38
france,35
der,34
england,33
or,33
series,33
have,33
significant,32
industrial,31
be,31
were,30
european,29
our,29
between,29
all,28
europe,28
die,28
prussia,27
und,26
forecast,26
only,26
also,26
de,25
but,25
table,25
wheat,24
revolutionary,23
shocks,23
production,23
their,23
netherlands,23
figure,23
results,22
into,21
von,21
model,21
berger,21
spoerer,20
history,19
there,19
year,19
experienced,19
sweden,19
berlin,18
one,18
s,18
available,18
activity,18
getreidepreise,18
austria,18
both,18
some,17
however,17
et,17
more,17
time,17
increase,17
column,17
very,17
first,16
error,16
university,16
these,16
food,16
lag,16
percent,16
deutschland,16
other,15
n,15
level,15
would,15
standard,15
states,15
o,14
impact,14
errors,14
tilly,14
number,14
years,14
average,14
press,13
case,13
century,13
edited,13
growth,13
factors,13
well,13
t,13
paris,13
dummy,13
households,13
been,13
country,13
columns,12
sources,12
i,12
than,12
view,12
im,12
hungary,12
repressive,12
do,12
investment,12
period,12
can,12
la,12
did,12
appendix,12
economy,12
while,12
des,12
commercial,12
if,11
has,11
zur,11
vol,11
even,11
german,11
similar,11
most,11
had,11
rye,11
demand,11
above,11
violence,11
where,11
after,11
statistik,11
who,11
variable,11
regime,11
much,11
evidence,11
propagation,10
germany,10
negative,10
thus,10
sample,10
find,10
rates,10
across,10
instance,10
labrousse,10
bis,10
deutsche,10
two,10
many,10
agricultural,10
per,9
they,9
different,9
agrarian,9
changes,9
w,9
edn,9
regional,9
sense,9
around,9
munich,9
when,9
still,9
lagged,9
ed,9
al,9
again,9
occurrence,9
violent,9
crises,9
note,9
analysis,9
any,9
ar,9
what,9
whether,9
c,9
among,9
e,8
threshold,8
household,8
correlation,8
geschichte,8
l,8
levels,8
prussian,8
based,8
europa,8
silver,8
least,8
used,8
set,8
socioeconomic,8
cambridge,8
maximum,8
should,8
does,7
h,7
before,7
estimated,7
those,7
such,7
cases,7
output,7
deviation,7
nor,7
statistical,7
m,7
important,7
norway,7
entwicklung,7
events,7
example,7
lower,7
contrast,7
notes,7
will,7
indeed,7
about,7
french,7
fact,7
causality,7
coefficient,7
ideas,7
especially,7
social,7
living,7
famine,7
defined,7
large,6
nineteenth,6
ii,6
deutschen,6
might,6
j,6
seems,6
switzerland,6
real,6
somewhat,6
british,6
agriculture,6
prior,6
possible,6
richard,6
fine,6
supply,6
immediate,6
interest,6
y,6
may,6
hamburg,6
main,6
stuttgart,6
b,6
show,6
cost,6
could,6
out,6
though,6
boot,6
r,6
line,6
literature,6
sperber,6
quite,6
grams,6
significantly,6
using,6
value,6
bergmann,6
second,6
exception,6
denmark,6
us,6
robust,6
sector,6
request,6
shows,6
credit,6
use,6
trend,6
actual,6
ireland,6
so,6
high,6
why,6
habsburg,6
widespread,6
preemptive,6
granger,6
pt,6
here,6
equation,6
half,6
regard,6
then,6
harvest,6
historical,6
extent,6
constitutional,6
through,6
early,6
zero,5
cycles,5
seuffert,5
experience,5
vandenhoeck,5
great,5
ernest,5
takes,5
obvious,5
langewiesche,5
oldenburg,5
severe,5
turn,5
hobsbawm,5
steams,5
ernst,5
se,5
brunswick,5
coefficients,5
textile,5
greater,5
result,5
distribution,5
during,5
good,5
change,5
caused,5
highly,5
decline,5
mechanism,5
action,5
indicates,5
positive,5
oxford,5
turmoil,5
neither,5
same,5
ruprecht,5
reform,5
larger,5
v,5
present,5
increases,5
en,5
michael,5
eds,5
findings,5
net,5
significance,5
peter,5
workers,5
tests,5
institutions,5
length,5
expectations,5
over,5
aspekte,5
following,5
them,5
influenced,5
popular,5
belgium,5
role,5
subject,5
step,5
question,5
national,5
consumption,5
point,5
sectors,5
comparable,5
convergence,4
later,4
prix,4
market,4
center,4
true,4
english,4
continent,4
monthly,4
upheaval,4
presents,4
goldstone,4
princeton,4
test,4
fluctuations,4
explaining,4
frankfurt,4
obermann,4
hectoliter,4
help,4
panoramas,4
triggered,4
existence,4
voraussetzungen,4
wien,4
far,4
mittheilungen,4
review,4
wirtschaftsund,4
points,4
due,4
perspective,4
criterion,4
details,4
general,4
higher,4
how,4
subsistence,4
probability,4
parts,4
crise,4
bad,4
established,4
just,4
observations,4
hit,4
logit,4
whereas,4
preise,4
rule,4
found,4
markets,4
engel,4
rebellious,4
otherwise,4
explain,4
revolutionen,4
relief,4
london,4
baden,4
stationary,4
interpreted,4
regions,4
siecle,4
bank,4
industry,4
presence,4
manchester,4
budgets,4
rate,4
wolfgang,4
f,4
overall,4
poor,4
percentage,4
repression,4
under,4
tanner,4
reports,4
rather,4
law,4
lack,4
grossherzogthum,4
end,4
wehler,4
channel,4
jahrhundert,4
lombardy,4
marktintegration,4
local,4
new,4
scaled,4
finland,4
factor,4
played,4
problems,4
likelihood,4
spain,4
kuczynski,4
provide,4
employment,4
gottingen,4
must,4
dieter,4
gerhard,4
capital,4
obviously,4
goods,4
past,4
according,4
durchschnittspreise,4
unrest,4
sozialpolitische,4
conclude,4
conventional,4
models,4
argument,4
reveals,4
conditions,4
integration,4
increased,4
papal,4
russia,4
given,4
corn,4
hypothesis,4
rostow,3
difficult,3
produces,3
vienna,3
nuremberg,3
measures,3
totally,3
posthumus,3
du,3
leads,3
either,3
variables,3
kimmel,3
lage,3
definition,3
leading,3
bavaria,3
follows,3
able,3
take,3
weisz,3
state,3
stand,3
stearns,3
bohemia,3
kopsidis,3
discontent,3
determined,3
politics,3
laws,3
undoubtedly,3
includes,3
explained,3
run,3
since,3
econometric,3
machine,3
dreyfus,3
saxony,3
fischer,3
expected,3
haupt,3
exercise,3
thereof,3
compare,3
weight,3
influence,3
capitals,3
van,3
surprisingly,3
without,3
observers,3
earlier,3
direct,3
support,3
reason,3
parentheses,3
bremen,3
les,3
siegenthaler,3
producers,3
four,3
milan,3
hesse,3
additional,3
consequence,3
lindert,3
standards,3
endogenous,3
called,3
zanden,3
seven,3
crowd,3
international,3
initial,3
akademie,3
let,3
maddalena,3
population,3
intensity,3
suffered,3
dipper,3
ces,3
xix,3
part,3
its,3
abel,3
collective,3
savings,3
approach,3
fremdling,3
reliable,3
politically,3
long,3
few,3
annual,3
majority,3
monarchy,3
dowe,3
agrarkrisen,3
critical,3
rainer,3
situation,3
absence,3
various,3
short,3
valentin,3
wurttemberg,3
ancien,3
railway,3
structural,3
single,3
komlos,3
onp,3
den,3
zurich,3
arbeiter,3
misery,3
starting,3
fell,3
mark,3
put,3
bauemfeind,3
financial,3
averages,3
idea,3
industriellen,3
contemporary,3
pattern,3
took,3
hand,3
ch,3
karl,3
extended,3
discussion,3
explanation,3
crafts,3
budget,3
wirtschaftskrise,3
numerous,3
blumberg,3
previous,3
explorations,3
prezzi,3
moral,3
helpful,3
spread,3
gesellschaftsgeschichte,3
latter,3
article,3
mining,3
chronos,3
computed,3
compute,3
effect,3
figures,3
regimes,3
solar,3
statistischen,3
fairly,3
five,3
woitek,3
fear,3
strongly,3
itself,3
drame,3
stable,3
quantitative,3
constant,3
hardtwig,3
determinants,3
known,3
charles,3
connection,3
seem,3
speck,3
clearly,3
thompson,3
rural,3
references,3
almost,3
suggests,3
italian,3
urban,3
size,3
helge,3
presented,3
sea,3
breakers,3
world,3
au,3
ulrich,3
kaelble,3
abc,3
consumers,3
although,3
define,3
d,3
smaller,3
remains,3
themselves,3
textilindustrie,3
strong,3
north,3
recent,3
broader,3
now,2
ols,2
economica,2
groups,2
shortterm,2
konjunkturelle,2
affected,2
distress,2
presses,2
empirical,2
ebranlement,2
considerably,2
introduction,2
expect,2
group,2
needed,2
tend,2
deviates,2
hull,2
likely,2
easily,2
studies,2
mommsen,2
mit,2
historiska,2
former,2
explanatory,2
occurred,2
harvests,2
exceptions,2
roscher,2
source,2
insel,2
being,2
grada,2
ldhne,2
every,2
kaufhold,2
preceding,2
restoration,2
duncker,2
historiography,2
lebensverhaltnisse,2
lichter,2
christof,2
reasons,2
differences,2
timing,2
eric,2
link,2
subsequent,2
jansen,2
horlings,2
regression,2
normal,2
checked,2
within,2
hohorst,2
context,2
el,2
less,2
system,2
side,2
hansjorg,2
preussischen,2
protagonists,2
shaken,2
hein,2
portugal,2
historians,2
timmermann,2
discuss,2
account,2
reaction,2
greene,2
sarda,2
say,2
x,2
fur,2
measurement,2
sign,2
behavior,2
corresponding,2
authors,2
relies,2
lexikon,2
throughout,2
constructed,2
spooner,2
madrid,2
dotted,2
against,2
prague,2
aus,2
sozialgeschichte,2
regarded,2
gall,2
universitaires,2
kind,2
estimates,2
hildbrand,2
consejo,2
underlying,2
times,2
vom,2
refer,2
statistische,2
back,2
channels,2
simultaneity,2
compared,2
unchanged,2
third,2
estimate,2
hahn,2
journal,2
look,2
corrected,2
romania,2
purchasing,2
perfect,2
failed,2
romano,2
interesting,2
york,2
added,2
notenbankpolitik,2
yet,2
adds,2
compatible,2
sort,2
repeal,2
forced,2
weighted,2
unit,2
sizable,2
schebek,2
notion,2
process,2
nationalrdkenskaper,2
shortfall,2
eight,2
contributions,2
study,2
means,2
pinkney,2
wages,2
consider,2
possibly,2
humblot,2
louise,2
presumably,2
linked,2
liberal,2
contemporaries,2
weak,2
democratic,2
superior,2
follow,2
followed,2
david,2
sigmann,2
raw,2
identifying,2
path,2
six,2
dictamen,2
das,2
effort,2
radical,2
disorders,2
bancario,2
ceny,2
marginally,2
overcome,2
krise,2
further,2
equally,2
produced,2
spree,2
hopkins,2
information,2
because,2
sozialen,2
currencies,2
work,2
downturn,2
imports,2
productionindustrial,2
start,2
amtsblatt,2
zollverein,2
whole,2
politica,2
ketner,2
place,2
contains,2
people,2
actually,2
statistics,2
historische,2
way,2
translated,2
forces,2
schwartz,2
employed,2
status,2
okun,2
stockholm,2
rill,2
preceded,2
causal,2
published,2
schroeder,2
lhs,2
unexpected,2
suggest,2
richter,2
zeichen,2
ordnung,2
dramatic,2
research,2
beck,2
codes,2
tended,2
credible,2
fully,2
plausible,2
provided,2
monetaria,2
finds,2
geographical,2
activities,2
lend,2
fails,2
proxy,2
ebeling,2
deutschlands,2
gather,2
comparative,2
ober,2
nearly,2
pointed,2
comments,2
precedes,2
studien,2
triggering,2
direction,2
phelps,2
flux,2
interpretation,2
albert,2
discussions,2
included,2
complete,2
rise,2
soziookonomische,2
picture,2
useful,2
hobelt,2
konigreich,2
comparison,2
power,2
lund,2
valid,2
deterioration,2
foodstuffs,2
match,2
mergel,2
gailus,2
hungerkrisen,2
chs,2
discussed,2
serious,2
simple,2
monographs,2
siemann,2
bourguignon,2
purposes,2
empire,2
probably,2
homer,2
necessary,2
ungarische,2
bass,2
jacobs,2
soetbeer,2
remarkably,2
hausler,2
forecasted,2
remained,2
lags,2
classes,2
understanding,2
own,2
helps,2
braudel,2
aggregated,2
region,2
logs,2
transformed,2
theform,2
slump,2
largely,2
causes,2
harvard,2
besonderer,2
full,2
sozialer,2
described,2
low,2
stress,2
weir,2
bonn,2
irsigler,2
borrowers,2
paths,2
thomas,2
spent,2
comparing,2
often,2
greatly,2
respectively,2
lothar,2
harley,2
sales,2
saw,2
industrialization,2
relative,2
adaptive,2
sylvie,2
adf,2
brown,2
mironov,2
today,2
irregular,2
george,2
movements,2
maihrlen,2
ideology,2
tocqueville,2
lennart,2
translation,2
force,2
smits,2
transformation,2
wilhelm,2
linking,2
mecklenburg,2
jiirgen,2
spared,2
britain,2
fall,2
centuries,2
magalhaes,2
detail,2
seriously,2
eventually,2
outlier,2
mitchell,2
nonagricultural,2
hessischen,2
utrecht,2
continental,2
stadt,2
principle,2
beitrdge,2
paper,2
expenditures,2
down,2
straightforward,2
barcelona,2
regelvertrauen,2
inquiry,2
unter,2
rely,2
ofprices,2
wirtschaft,2
misprint,2
forecasts,2
schweizerischen,2
suffering,2
godinho,2
nominal,2
welfare,2
selected,2
form,2
list,2
namely,2
particular,2
involvement,2
dem,2
problem,2
klimpert,2
lill,2
threat,2
vereins,2
middle,2
weishaupt,2
reported,2
decisive,2
despite,2
huber,2
broers,2
alternatives,2
realeinkommen,2
williamson,2
turns,2
tried,2
exceeded,2
regularities,2
mention,2
allows,2
manfred,2
definitions,2
jan,2
vorundfriihindustriellen,2
saalfeld,2
editor,2
finding,2
institutional,2
zum,2
trauma,2
prolonged,2
instead,2
include,2
immediately,2
okonomische,2
verfassungsgeschichte,2
kornhandel,2
judson,2
rejection,2
reached,2
substantial,2
severely,2
trigger,2
turbulence,2
jorberg,2
whenever,2
rude,2
jurgen,2
industrialized,2
hans,2
close,2
viceversa,2
scandinavian,1
final,1
democracy,1
entities,1
dominant,1
mostly,1
done,1
paralleled,1
svensson,1
trudinger,1
appealed,1
implemented,1
always,1
staaten,1
alexis,1
enter,1
indicated,1
meaning,1
tion,1
hufigary,1
immune,1
created,1
offenburg,1
peaceful,1
gommel,1
credibility,1
extreme,1
pru,1
handelns,1
omit,1
profitability,1
discredited,1
heights,1
arrive,1
determine,1
nowawes,1
minimum,1
constitution,1
notably,1
passing,1
conversion,1
vitorino,1
partially,1
systematically,1
aller,1
veit,1
leningrad,1
hohenheim,1
effective,1
prungar,1
indeutschland,1
stays,1
ihr,1
word,1
absolutist,1
confines,1
materialistic,1
strictly,1
investigating,1
expenditure,1
jonathan,1
fra,1
kampfum,1
modern,1
candidate,1
bemd,1
notwithstanding,1
quadratic,1
conjoncture,1
dissaving,1
western,1
predictor,1
necessarily,1
emphasize,1
predicting,1
unlike,1
gdttingen,1
dieser,1
kossok,1
variants,1
chlebnye,1
forecasting,1
expressed,1
buffer,1
guinnane,1
societal,1
rome,1
similarresults,1
restauration,1
turning,1
women,1
pieter,1
nicolai,1
diedrich,1
rising,1
accumulation,1
said,1
anything,1
defeated,1
moderated,1
earning,1
vergleichende,1
please,1
cope,1
hence,1
specifically,1
swedish,1
insbesondere,1
jointly,1
derives,1
experimented,1
staate,1
originally,1
forner,1
give,1
taken,1
military,1
address,1
brains,1
attempt,1
turbulent,1
nauka,1
aldo,1
words,1
zeitschrift,1
erbe,1
undpolitischen,1
reach,1
shaped,1
incessant,1
bruckmuller,1
leaders,1
matthias,1
ble,1
together,1
display,1
thank,1
kumpel,1
potentially,1
rich,1
assembled,1
napoleon,1
soared,1
kilogram,1
government,1
products,1
monnaies,1
expansion,1
maurice,1
wahrend,1
feature,1
improved,1
bru,1
zu,1
blackwell,1
precisely,1
costlier,1
reserved,1
displayed,1
wage,1
reading,1
signs,1
declines,1
wolfram,1
romanticism,1
livelihood,1
rolf,1
backlash,1
similarities,1
issue,1
computing,1
weaving,1
brief,1
sophisticated,1
alfred,1
abbreviated,1
linear,1
recorded,1
eastern,1
rostock,1
firn,1
money,1
capacity,1
motion,1
un,1
mass,1
draw,1
right,1
science,1
jack,1
copenhagen,1
oneunit,1
lends,1
discrepancies,1
felt,1
marked,1
strand,1
reaching,1
para,1
solely,1
weg,1
taxation,1
move,1
purchases,1
dutch,1
mercaturae,1
diss,1
combination,1
smooth,1
except,1
siebeck,1
riot,1
timothy,1
indicating,1
handwerker,1
chart,1
wdhrend,1
apply,1
compares,1
anticipated,1
along,1
message,1
economies,1
marginalized,1
lars,1
holland,1
pursuing,1
frangaise,1
russiac,1
currency,1
recursive,1
stiirmer,1
accessible,1
getreides,1
disorder,1
connect,1
aprile,1
component,1
roger,1
dynamics,1
hunderts,1
development,1
quality,1
einheit,1
pursue,1
calculated,1
illustrates,1
muscle,1
bouguignon,1
g,1
formationsphase,1
deutscherevolution,1
knick,1
relatively,1
ability,1
vries,1
considerable,1
walter,1
ergebnisse,1
jahrbuch,1
cf,1
insisted,1
paused,1
raum,1
vengeance,1
parey,1
leveque,1
z,1
wissenschaft,1
affairs,1
interprets,1
funds,1
wulrttemberg,1
stirrner,1
elements,1
developments,1
old,1
innovation,1
constitutions,1
transcends,1
stabilized,1
depend,1
memorandum,1
uniformly,1
cancel,1
theeuropean,1
workbenches,1
regierung,1
digested,1
extraordinary,1
dates,1
undemocratic,1
applying,1
left,1
wirkungen,1
twice,1
consulted,1
like,1
undertaking,1
scripta,1
explore,1
sax,1
addressed,1
consequently,1
monatsschrift,1
implantacion,1
dispensing,1
economistic,1
exempt,1
rationing,1
banca,1
pronounced,1
hardly,1
karlsruhe,1
bela,1
handelsund,1
bel,1
jahrbiicherfiir,1
focused,1
zyklischen,1
jean,1
lesser,1
lebensmittelpreisen,1
rights,1
assessed,1
beitrdgen,1
getreide,1
engels,1
individuellen,1
colin,1
ruggiero,1
deviations,1
plotted,1
pompeu,1
act,1
prussiaa,1
subjected,1
purely,1
ofeuropean,1
performance,1
negatively,1
highlands,1
activists,1
district,1
remain,1
elasticity,1
ra,1
basic,1
hac,1
financing,1
dietz,1
unddeutschland,1
mean,1
conceptions,1
active,1
suffer,1
kramer,1
weighting,1
importance,1
certain,1
variant,1
getreideund,1
plots,1
rechtsstaat,1
industrialisierung,1
acyclical,1
witness,1
walt,1
white,1
bav,1
summarized,1
nelson,1
consequences,1
update,1
moreover,1
supposed,1
departement,1
quadriga,1
multivariate,1
hdlfte,1
accounts,1
category,1
provinces,1
escaped,1
todt,1
schackstrasse,1
physically,1
revolutionaries,1
languages,1
cwk,1
peasant,1
elisabeth,1
latin,1
sum,1
edition,1
windfall,1
fairness,1
sachsen,1
downs,1
instrument,1
gewichte,1
profile,1
prevent,1
steinbach,1
benefited,1
situations,1
age,1
austrian,1
commonly,1
ducongres,1
weinheim,1
origins,1
powerful,1
statement,1
defines,1
infornation,1
surge,1
foldes,1
convincing,1
wirtschaftlicher,1
boh,1
asks,1
adolph,1
pierre,1
absolute,1
shifted,1
wur,1
helped,1
providing,1
roehner,1
drawing,1
appear,1
franz,1
union,1
frcs,1
ei,1
hours,1
brawn,1
uses,1
industri,1
closely,1
klaus,1
assets,1
prussianb,1
femand,1
pest,1
romantiques,1
dufroment,1
allow,1
zeit,1
volatility,1
wheels,1
commerciale,1
strength,1
defrance,1
flanders,1
referee,1
bomb,1
scaling,1
ljungberg,1
rudolf,1
nicolaas,1
misspeculation,1
ofviolent,1
brill,1
industriestaat,1
townsmen,1
term,1
sectoral,1
late,1
lead,1
handbook,1
economiques,1
kohlhammer,1
economia,1
oder,1
cultural,1
durham,1
longand,1
blow,1
plummeted,1
precautions,1
tools,1
annales,1
strajie,1
companies,1
meet,1
purchased,1
iceland,1
wealth,1
equals,1
placed,1
krisen,1
democratization,1
metals,1
saving,1
guarantee,1
acceleration,1
simulations,1
public,1
drain,1
crawford,1
jahrbacher,1
possibility,1
viele,1
criteria,1
briefly,1
bruch,1
doppelrevolution,1
aspects,1
mec,1
exert,1
shape,1
thumb,1
beltz,1
lom,1
weidenfeld,1
directly,1
participation,1
network,1
nourishment,1
basis,1
degrees,1
modesty,1
gains,1
planning,1
preconditions,1
swi,1
already,1
mercedi,1
rail,1
del,1
claim,1
cormac,1
concept,1
noes,1
eh,1
county,1
nc,1
gewerkschaft,1
crude,1
jilrgen,1
emteertrage,1
confined,1
nation,1
comment,1
null,1
irish,1
nationalized,1
experiencing,1
ten,1
lasfluctaciones,1
surprise,1
parameters,1
surrounds,1
bouvier,1
fail,1
folgen,1
issues,1
broad,1
climatic,1
ofldvyleboyer,1
falling,1
survey,1
strain,1
megerle,1
rebased,1
observed,1
inactes,1
illustrative,1
away,1
reflect,1
heidelberg,1
systematic,1
showing,1
seminars,1
sicily,1
artifact,1
rendered,1
dermiinzen,1
cologne,1
polity,1
nj,1
radandt,1
towards,1
sverige,1
reinhard,1
landeskunde,1
pusi,1
transforned,1
stylized,1
macroeconomic,1
solution,1
obv,1
nationalokonomie,1
eine,1
commerce,1
upheavals,1
describing,1
specie,1
working,1
tight,1
holger,1
below,1
shaping,1
marx,1
dva,1
protest,1
next,1
diana,1
adj,1
order,1
samaran,1
bundesstaat,1
rutgers,1
exclude,1
archivfur,1
arbitrary,1
atmosphere,1
event,1
involved,1
monnaie,1
family,1
substituting,1
small,1
characteristics,1
sufficient,1
ignore,1
june,1
zahlarten,1
components,1
lawyers,1
governments,1
oro,1
stake,1
peak,1
protect,1
impossible,1
altogether,1
visible,1
up,1
st,1
method,1
nachrichten,1
describes,1
lowerand,1
potsdam,1
correspondence,1
jahrhunderts,1
cycle,1
undergoing,1
diminished,1
dumke,1
hermann,1
ignored,1
crime,1
neerlanc,1
massive,1
grasp,1
bolstered,1
championed,1
getreidehandel,1
nicolson,1
avoid,1
nonrepressive,1
erde,1
periods,1
replacing,1
pearson,1
liberales,1
sidney,1
arnsberg,1
bericksichtigung,1
therefore,1
culprits,1
moscow,1
led,1
he,1
business,1
georg,1
warttembergische,1
reduced,1
milano,1
onset,1
variety,1
contact,1
zentralbanksystems,1
schon,1
symmetrical,1
osterreich,1
concede,1
unification,1
leiden,1
breaches,1
limited,1
return,1
classic,1
anniversary,1
forward,1
ungewollte,1
constraints,1
reduce,1
uber,1
intervention,1
make,1
nahrungsmittel,1
translates,1
builders,1
targeted,1
movement,1
rossii,1
southern,1
za,1
seemingly,1
resurrection,1
hold,1
tends,1
measure,1
southeast,1
relationship,1
dal,1
undergo,1
ofprerevolutionary,1
ecn,1
once,1
overview,1
pivotal,1
criticism,1
cotta,1
relied,1
portrayed,1
wake,1
makes,1
rules,1
rom,1
easing,1
index,1
refined,1
compiled,1
autoregressive,1
shook,1
riots,1
sociological,1
falls,1
adjusted,1
conversely,1
positively,1
eros,1
jeffrey,1
dropped,1
woolen,1
iiber,1
inferences,1
friedrich,1
accelerated,1
nornal,1
enero,1
illustrated,1
garams,1
hunger,1
veranstaltet,1
oldenbourg,1
increasingly,1
verlagsanstalt,1
avoided,1
independent,1
persuasive,1
outbreak,1
endured,1
members,1
leader,1
goals,1
hectolitre,1
reassuring,1
paul,1
bayoern,1
stated,1
inflexible,1
patron,1
fin,1
others,1
thresholds,1
grangercausal,1
similarly,1
addition,1
boris,1
blip,1
summing,1
anecdotal,1
politische,1
consideration,1
areas,1
pressure,1
seasonality,1
centenaire,1
clarendon,1
revenue,1
rwhrtsi,1
ldnder,1
choice,1
lacks,1
recalculating,1
outdated,1
als,1
governed,1
break,1
mohr,1
decreases,1
supplies,1
john,1
preujiische,1
variation,1
nutshell,1
jump,1
munster,1
starvation,1
bargaining,1
men,1
patterns,1
papers,1
conclusions,1
enough,1
journalists,1
remarkable,1
jonas,1
shown,1
heute,1
income,1
contracted,1
heavily,1
answer,1
unanticipated,1
material,1
ahead,1
por,1
focusing,1
deep,1
pauperism,1
hartmut,1
striving,1
tiny,1
abut,1
frequency,1
macmillan,1
worttemberg,1
mercy,1
ordinary,1
confront,1
siglo,1
railways,1
explicitly,1
thoroughly,1
stockton,1
beitrdgezurstatistikmecklenburgs,1
responded,1
another,1
original,1
demonstrated,1
matrix,1
aggregation,1
analyzed,1
private,1
heiner,1
bundesstaates,1
likelier,1
meaningful,1
atlantic,1
excluding,1
statistician,1
accelerate,1
considering,1
forecastpt,1
made,1
europeana,1
dresden,1
polsby,1
values,1
regain,1
extrapolated,1
formal,1
alspolitische,1
robustness,1
desperate,1
ogilvie,1
manufactured,1
reichs,1
sufficiently,1
theuerungspolitik,1
tighter,1
conservatively,1
heath,1
outliers,1
konfliktreiche,1
sesquicentennial,1
horst,1
nombrada,1
virtually,1
lernens,1
academics,1
konigl,1
resulting,1
underestimates,1
insure,1
grip,1
asterisks,1
individuals,1
epochenjahrfurdemokratie,1
heinrich,1
traders,1
converse,1
stayed,1
california,1
optimistic,1
andp,1
underwent,1
arguably,1
trade,1
agrarund,1
margaret,1
switched,1
three,1
ren,1
remaining,1
doctors,1
comprehensive,1
sensitivity,1
hampered,1
definitely,1
ottoman,1
truidinger,1
issn,1
failures,1
eve,1
individual,1
feasible,1
pap,1
allowed,1
started,1
characterized,1
freiheit,1
covering,1
ny,1
summer,1
bimonthly,1
rus,1
collected,1
tubingen,1
variance,1
panels,1
transforming,1
accurate,1
ungarn,1
last,1
spa,1
saxonia,1
abundant,1
oldenburgc,1
never,1
gleerup,1
annually,1
random,1
borderline,1
internationaler,1
comision,1
edmund,1
k,1
become,1
successful,1
narrow,1
correlated,1
dtv,1
mainly,1
accordingly,1
gewerbekammer,1
landesstatistik,1
asee,1
nachwirkungen,1
artisans,1
consecutive,1
gerd,1
analyze,1
slightly,1
differ,1
dividing,1
potato,1
slowdown,1
versus,1
discretionary,1
insignificant,1
landwirtschaft,1
quarterly,1
basically,1
anomaly,1
wirtschaftlichen,1
swe,1
andreas,1
propose,1
encompassing,1
vector,1
kulturreferat,1
txiepouto,1
levy,1
separate,1
stoletia,1
hanseatische,1
increasing,1
ranging,1
wald,1
regained,1
ptpt,1
depth,1
fabra,1
yields,1
soziale,1
discussing,1
liberalism,1
christian,1
respect,1
imply,1
gloomy,1
vv,1
humanities,1
residual,1
exceeding,1
continued,1
luiten,1
bulk,1
mediation,1
excepting,1
emst,1
darstellung,1
commentnaissentre,1
franvaise,1
suggestive,1
foreningen,1
beriicksichtigung,1
stocks,1
reasonable,1
pe,1
qualifies,1
contraction,1
lines,1
deteriorating,1
resumed,1
predict,1
becomes,1
undfreiheit,1
sheilagh,1
exceptional,1
finnish,1
sensitive,1
qualify,1
collections,1
juan,1
returned,1
espanola,1
universitat,1
legitimacy,1
undagrarkonjunktur,1
consumables,1
hes,1
indicate,1
dietrich,1
democratiques,1
volumes,1
vorindustriellen,1
zentralstelle,1
verlaufj,1
class,1
methods,1
unsurprising,1
bureaus,1
united,1
hope,1
fims,1
zeitraums,1
bruckmulller,1
sheila,1
prag,1
supporting,1
auslandes,1
face,1
articles,1
inducing,1
eugene,1
ano,1
investigate,1
cols,1
influencing,1
meant,1
evaluation,1
res,1
assistant,1
environment,1
suggestions,1
rarely,1
mannheim,1
antecedent,1
agitators,1
mentioned,1
changing,1
volutions,1
westfalischen,1
tempting,1
nationale,1
ptj,1
exogenous,1
extending,1
simply,1
gp,1
sparser,1
brot,1
suhrkamp,1
nutritional,1
eng,1
discrepancy,1
exposition,1
consensus,1
europdischen,1
territories,1
vergleich,1
endangered,1
triggers,1
alternative,1
eha,1
auj,1
cover,1
milieu,1
know,1
outcome,1
wellknown,1
berkeley,1
ran,1
sociales,1
cesifo,1
introducing,1
each,1
idiosyncrasies,1
bertrand,1
sure,1
historique,1
klettcotta,1
singularities,1
neglected,1
mecklenburgschwerin,1
depression,1
peasants,1
approximates,1
interestrate,1
believe,1
best,1
deprivation,1
ph,1
cyclical,1
cc,1
surprised,1
classed,1
hantverk,1
particularly,1
abbreviations,1
streets,1
regenhardt,1
ff,1
infer,1
reflected,1
conscription,1
cities,1
section,1
going,1
europaische,1
works,1
bands,1
archival,1
merely,1
ideally,1
turned,1
euros,1
qualitatively,1
revolutiots,1
beginning,1
ham,1
activism,1
william,1
greenstein,1
scholarly,1
ofthese,1
orden,1
explanations,1
unterschichten,1
recession,1
prosperitat,1
notable,1
capita,1
transmitted,1
addresses,1
ones,1
making,1
rebellion,1
yielded,1
och,1
cause,1
quote,1
character,1
covers,1
attitudes,1
calculations,1
edinburgh,1
lengths,1
manufactures,1
interval,1
ersten,1
zentralstellefur,1
supplemented,1
ergebnis,1
her,1
brennt,1
getting,1
allocate,1
yt,1
institute,1
require,1
vwl,1
produce,1
oo,1
balance,1
grundnahrungsmittel,1
listed,1
incomes,1
emphasis,1
residuals,1
categories,1
freedom,1
temps,1
unreasonable,1
conference,1
presume,1
bewegungen,1
friihgeschichte,1
transport,1
little,1
tightening,1
introduced,1
anderen,1
estudio,1
kapitalismus,1
easy,1
publishers,1
concessions,1
regulated,1
assumptions,1
went,1
entstehung,1
territory,1
condition,1
bimetallic,1
contribute,1
programs,1
geographic,1
obtain,1
underestimate,1
divided,1
silesia,1
gewerkschaftsbewegung,1
qualitative,1
phenomenon,1
maintained,1
ups,1
ho,1
bre,1
waves,1
neglect,1
discontented,1
ein,1
slight,1
come,1
proceeds,1
revohitions,1
fred,1
francois,1
ultimately,1
sevpen,1
economie,1
spring,1
survival,1
recording,1
seit,1
unable,1
schweiz,1
unexpectedly,1
initiated,1
donald,1
undzeitgro,1
decrease,1
hpt,1
katharinen,1
motives,1
hun,1
origines,1
protesting,1
register,1
course,1
contributed,1
ordre,1
integrated,1
land,1
enabling,1
range,1
need,1
eighteenth,1
ga,1
physical,1
gross,1
product,1
preliminary,1
frank,1
vg,1
regular,1
effects,1
forming,1
programme,1
area,1
freie,1
repeat,1
association,1
shift,1
roughly,1
showed,1
wirtschaftliche,1
share,1
respective,1
offered,1
supported,1
west,1
potential,1
einiger,1
assumed,1
ausgang,1
plethora,1
variations,1
marxist,1
elites,1
consisted,1
forfrance,1
jahren,1
chlebnie,1
cheaper,1
irrelevant,1
beruicksichtigung,1
oof,1
potatoes,1
amalthea,1
including,1
spectral,1
lisbon,1
traditional,1
leprix,1
re,1
benchmark,1
focus,1
row,1
postan,1
uk,1
vierteljahrshefte,1
economize,1
zones,1
laborers,1
gold,1
building,1
uberproduktion,1
meeting,1
proponent,1
neunzehnten,1
termed,1
customs,1
occur,1
hovered,1
autocorrelation,1
