WORDCOUNTS,WEIGHT
the,224
of,129
and,82
in,77
to,63
infrastructure,47
spanish,45
a,37
economic,35
on,29
that,28
was,25
for,25
investment,24
this,23
railroads,22
growth,20
by,19
have,18
as,17
is,17
been,16
social,15
spain,15
de,14
en,13
with,13
railroad,12
s,12
were,12
not,11
from,11
new,11
transport,11
which,11
dissertation,10
economy,10
be,10
la,10
would,9
no,8
pp,8
estimation,8
gdp,8
during,8
high,8
they,7
or,7
but,7
first,7
el,7
see,7
los,7
espafia,7
period,7
than,7
impact,6
lower,6
other,6
term,6
system,6
some,6
private,6
industrial,6
level,6
savings,6
such,6
low,6
estimates,6
percent,6
hypothesis,6
at,5
it,5
roads,5
construction,5
summaries,5
their,5
most,5
instance,5
might,5
country,5
had,5
are,5
available,5
capital,5
returns,5
very,5
century,5
case,5
however,5
has,5
del,5
part,5
development,5
due,5
response,5
evidence,5
may,4
higher,4
tirado,4
process,4
countries,4
structural,4
edited,4
under,4
thesis,4
history,4
result,4
series,4
these,4
long,4
more,4
production,4
dissertations,4
distribution,4
based,4
time,4
state,4
companies,4
jordi,4
historians,4
public,4
railways,4
origenes,4
basis,4
literature,4
results,4
regions,4
i,4
madrid,4
pons,4
an,4
especially,4
between,4
european,3
o,3
situation,3
l,3
short,3
created,3
slow,3
therefore,3
mendoza,3
per,3
tortella,3
one,3
analysis,3
opportunities,3
university,3
historia,3
share,3
before,3
fluctuations,3
consistent,3
only,3
crecimiento,3
consequence,3
escosura,3
brien,3
europe,3
areas,3
p,3
there,3
conclusions,3
hand,3
geography,3
political,3
war,3
population,3
saving,3
aschauer,3
network,3
data,3
antonio,3
revista,3
role,3
economies,3
territory,3
politica,3
actually,3
review,3
cambridge,3
national,3
relatively,3
although,3
order,3
prados,3
systems,3
research,3
substantial,3
also,3
productivity,3
journal,3
figures,3
y,3
networks,3
geographical,3
model,2
carried,2
converge,2
press,2
fogel,2
states,2
second,2
backward,2
integration,2
provide,2
if,2
inadequacy,2
main,2
leandro,2
indispensable,2
capture,2
responded,2
miguel,2
analyzes,2
still,2
vol,2
after,2
importance,2
american,2
whole,2
positive,2
productive,2
moreover,2
h,2
expenditure,2
density,2
groote,2
populated,2
discontinuidades,2
undertaken,2
liberal,2
nineteenth,2
two,2
constituted,2
determinants,2
industria,2
constructed,2
tries,2
cost,2
mateo,2
m,2
suggested,2
view,2
shortage,2
advanced,2
financial,2
j,2
standards,2
lacked,2
closely,2
idea,2
extent,2
nadal,2
could,2
ofdissertations,2
reasons,2
developed,2
wagner,2
patrick,2
out,2
economics,2
any,2
obviously,2
john,2
works,2
freight,2
espaha,2
late,2
patterns,2
took,2
electricity,2
those,2
according,2
regulation,2
daniel,2
produced,2
british,2
council,2
ports,2
lines,2
core,2
breaks,2
debate,2
siglo,2
because,2
failure,2
when,2
hydraulic,2
endowment,2
london,2
peral,2
despite,2
civil,2
resources,2
end,2
its,2
subject,2
must,2
cubel,2
variables,2
girard,2
et,2
throughout,2
peripheral,2
previous,2
unable,2
both,2
functions,2
initial,2
gramlich,2
continuidad,2
fernald,2
accounted,2
change,2
least,2
david,2
investors,2
effects,2
quite,2
econometric,2
provides,2
extremely,2
perspective,2
inicios,2
potential,2
outcomes,2
leclerq,2
output,2
interpretations,2
point,2
equity,2
find,2
up,2
through,2
palafox,2
externalities,2
analyze,2
entire,2
much,2
among,2
calvo,2
economia,2
provided,2
increases,2
etat,2
scandinavian,1
espaiha,1
nicholas,1
critics,1
mufioz,1
f,1
increasing,1
does,1
telegraph,1
der,1
topography,1
led,1
partially,1
accompanied,1
mania,1
demand,1
essential,1
german,1
mexico,1
matter,1
tecnos,1
absence,1
convergence,1
without,1
baines,1
estimated,1
conflicting,1
his,1
science,1
concerned,1
figure,1
purely,1
usually,1
paradoja,1
traffic,1
aimed,1
doctoral,1
indeed,1
integrating,1
service,1
elasticity,1
edward,1
telephone,1
secondly,1
nordic,1
decades,1
unit,1
return,1
acknowledged,1
brief,1
coastal,1
extension,1
delferrocarril,1
measures,1
insist,1
strongly,1
opportunity,1
assumptions,1
tel,1
endowments,1
wake,1
identifies,1
certain,1
try,1
indicate,1
ongoing,1
decisions,1
comparada,1
study,1
gratefully,1
shareholders,1
essays,1
scarcity,1
summarized,1
about,1
sanz,1
linkages,1
consequences,1
carles,1
factors,1
fedea,1
criticism,1
constitutes,1
cannot,1
interpretation,1
support,1
periodo,1
all,1
completely,1
involvement,1
intense,1
javier,1
paying,1
pessimism,1
many,1
sociedad,1
earliest,1
mediterranean,1
words,1
addressed,1
les,1
western,1
cycles,1
established,1
discouraged,1
school,1
seems,1
necessarily,1
undertook,1
autoregressive,1
puzzle,1
specialization,1
historiographical,1
encourage,1
grafo,1
slowly,1
espaiola,1
total,1
linked,1
assistance,1
revolucirn,1
same,1
performed,1
efforts,1
welfare,1
quantify,1
instrument,1
aforementioned,1
too,1
w,1
banco,1
costs,1
maxstephan,1
circumstances,1
department,1
ph,1
said,1
regional,1
concretely,1
either,1
sector,1
telecommunications,1
present,1
followed,1
imply,1
outbreak,1
labor,1
sis,1
yves,1
exploitation,1
gabriel,1
answers,1
sustained,1
utrecht,1
alternative,1
exclusive,1
onwards,1
set,1
originally,1
rate,1
stated,1
attempts,1
important,1
diego,1
crucial,1
over,1
sudri,1
addition,1
working,1
elisenda,1
water,1
espafiol,1
different,1
fact,1
shows,1
assets,1
lack,1
fracaso,1
seem,1
location,1
wetenschappen,1
did,1
nevertheless,1
agglomeration,1
antes,1
striking,1
incomes,1
found,1
includes,1
undertake,1
search,1
thank,1
differences,1
wave,1
effort,1
particularly,1
users,1
break,1
invaluable,1
capitalismo,1
link,1
enlarging,1
concludes,1
requirements,1
hopkins,1
associated,1
koninklijk,1
survey,1
faculteit,1
real,1
unsurprisingly,1
percentages,1
aardrijkskundig,1
las,1
reflect,1
great,1
econdmica,1
serious,1
never,1
behind,1
limited,1
examiners,1
robert,1
patent,1
understood,1
supervisors,1
advantages,1
decreased,1
alfonso,1
profitable,1
where,1
what,1
habakkuk,1
ruimtelijke,1
stock,1
skilled,1
capita,1
existing,1
indirect,1
context,1
them,1
appears,1
interwar,1
relevant,1
viewed,1
recently,1
reconcile,1
reduced,1
less,1
ones,1
accounts,1
suffered,1
vidal,1
scale,1
maximum,1
necessary,1
grounds,1
ahead,1
narrower,1
ofbarcelona,1
perform,1
guarantee,1
explain,1
espafioles,1
problem,1
adaptation,1
telkfono,1
draws,1
histoire,1
constraint,1
number,1
societw,1
world,1
criteria,1
lena,1
technical,1
xix,1
produce,1
institutions,1
interpreted,1
calculation,1
information,1
genootschap,1
possible,1
r,1
lifetime,1
technologies,1
machinery,1
urban,1
activity,1
opened,1
work,1
telephony,1
eee,1
invested,1
economie,1
reaction,1
made,1
completed,1
caixa,1
pasummaries,1
barcelona,1
waterway,1
true,1
elfracaso,1
dutch,1
un,1
diss,1
gradual,1
apart,1
likely,1
conclude,1
redundant,1
far,1
artola,1
example,1
revolutions,1
angel,1
apparent,1
schulze,1
confirm,1
three,1
surprising,1
yearly,1
crafts,1
medium,1
expand,1
tried,1
criticized,1
findings,1
fiercely,1
situated,1
went,1
stable,1
measure,1
overinvestment,1
willingness,1
obtain,1
place,1
contrafactual,1
factor,1
approach,1
references,1
constitute,1
contains,1
postan,1
mcmillan,1
aims,1
firms,1
evolution,1
stimulate,1
statistics,1
binding,1
contrasts,1
chapters,1
transported,1
perspectiva,1
question,1
disadvantages,1
rise,1
reinforcing,1
nederlands,1
improvements,1
formation,1
contemporainea,1
until,1
powerful,1
netherlands,1
described,1
author,1
ferroviaria,1
explained,1
resort,1
leur,1
years,1
run,1
average,1
provoked,1
exclusion,1
enterprises,1
numerous,1
ssee,1
g,1
monetary,1
essay,1
peter,1
taxation,1
preceded,1
objection,1
baltimore,1
creating,1
course,1
allowed,1
like,1
spread,1
insisted,1
medio,1
sparsely,1
argumento,1
panel,1
played,1
dudley,1
expected,1
france,1
prosperity,1
interprets,1
contrast,1
telecomunicaciones,1
lag,1
exceeded,1
yferrocarriles,1
ariel,1
bank,1
approximately,1
around,1
blame,1
small,1
profits,1
problems,1
profound,1
contrary,1
losferrocarriles,1
ferrocarril,1
assumed,1
clarify,1
presence,1
oxford,1
businesses,1
groningen,1
efficiency,1
ferrocarriles,1
assessing,1
consisted,1
econrmica,1
relocating,1
ferroviaires,1
impossible,1
firstly,1
d,1
equipment,1
early,1
weight,1
even,1
papeles,1
communication,1
traditional,1
northern,1
focus,1
using,1
ground,1
nonconvergence,1
technological,1
comparable,1
french,1
recent,1
industrialization,1
relative,1
banca,1
fiscal,1
united,1
attention,1
espaia,1
vector,1
diversification,1
examines,1
react,1
covered,1
