WORDCOUNTS,WEIGHT
the,1397
of,739
to,389
and,364
in,332
a,272
on,220
for,175
was,175
government,148
that,138
were,125
by,123
life,122
market,117
debt,103
at,100
percent,94
s,89
we,88
with,88
as,87
yields,85
it,78
loan,77
annuities,77
new,76
de,75
french,75
not,75
from,75
loans,71
be,69
rates,62
years,62
yield,61
this,60
war,59
but,59
interest,58
is,55
france,55
rate,54
default,53
prices,51
an,51
had,49
assets,48
or,46
more,46
paris,44
than,43
its,43
pp,42
have,42
age,40
old,39
october,38
after,38
price,37
their,37
necker,36
all,35
rentes,35
would,35
did,35
some,34
his,34
asset,34
most,33
which,33
weir,33
other,32
borrowing,32
annuity,31
regime,31
history,30
during,30
tax,29
payments,29
over,29
could,28
are,28
they,27
public,27
financial,27
la,27
des,27
one,26
reimbursements,26
return,26
see,26
each,26
velde,26
december,25
england,24
there,24
revolution,24
two,24
share,24
november,23
indies,23
i,23
lives,23
fiscal,23
before,22
l,22
table,22
pricing,22
crisis,22
between,22
perpetual,22
higher,21
bonds,21
economic,21
reimbursement,21
until,21
policy,20
even,20
future,20
value,20
only,20
them,20
d,20
vol,19
century,19
may,19
p,19
when,19
also,19
nominal,19
into,18
tontines,18
show,18
because,18
bond,18
about,18
these,18
been,18
finance,18
different,18
calonne,17
political,17
seven,17
out,17
year,17
he,17
terray,17
investors,17
time,17
created,16
royal,16
british,16
no,16
expected,16
risk,16
cost,16
taxes,16
high,16
capital,16
very,16
both,16
first,15
genevan,15
raised,15
has,15
journal,15
les,15
important,15
based,15
r,15
june,15
annual,15
same,15
eighteenth,15
period,15
any,15
figure,15
sinking,15
if,14
term,14
under,14
louis,14
can,14
much,14
close,14
english,13
revenues,13
discount,13
used,13
plan,13
banks,13
so,13
through,13
our,13
early,13
archives,12
obligations,12
total,12
sources,12
date,12
suspension,12
funds,12
international,12
data,12
part,12
less,12
number,12
peace,12
offered,12
x,11
finances,11
earlier,11
white,11
however,11
solution,11
paid,11
cambon,11
reform,11
do,11
riley,11
budget,11
sold,11
payment,11
internal,11
structure,11
excess,11
paper,11
bourse,11
american,10
source,10
lower,10
those,10
taxation,10
issued,10
m,10
marion,10
stock,10
et,10
around,10
up,10
april,10
dividends,10
end,10
simple,10
made,10
crises,10
general,10
defaults,10
premium,10
january,10
assignats,10
monthly,10
shares,10
historical,10
constitutional,10
evidence,10
maximum,10
major,10
commitment,9
indes,9
fund,9
might,9
available,9
company,9
system,9
issue,9
king,9
histoire,9
calculated,9
such,9
pay,9
how,9
followed,9
markets,9
irr,9
own,9
small,9
britain,9
children,9
deficit,9
private,9
spending,9
parlements,9
confidence,9
actuarial,9
scheduled,9
three,9
compagnie,9
what,9
whether,9
form,9
became,9
question,9
luthy,9
sur,9
comparison,9
later,8
per,8
second,8
account,8
differential,8
funded,8
adult,8
without,8
en,8
persistent,8
similar,8
direct,8
lottery,8
reimbursable,8
found,8
cannot,8
directly,8
example,8
relative,8
will,8
make,8
edict,8
j,8
again,8
shows,8
who,8
net,8
held,8
land,8
raise,8
expectations,8
quantitative,8
set,8
terms,8
little,8
therefore,8
au,8
average,8
gold,8
differentials,7
announced,7
being,7
long,7
historians,7
money,7
point,7
far,7
par,7
protestante,7
third,7
single,7
growth,7
levels,7
legal,7
consequences,7
changes,7
consider,7
clearly,7
consols,7
permanent,7
closely,7
mainly,7
james,7
well,7
london,7
excessive,7
older,7
deparcieux,7
dividend,7
monarchy,7
ancien,7
july,7
above,7
costs,7
power,7
others,7
flat,7
john,7
income,7
ordinary,7
remained,7
david,7
article,7
xvi,7
continued,7
liquidation,7
parlementaires,7
series,7
sums,7
half,7
edicts,7
past,7
adults,7
while,7
information,7
bought,7
livres,7
administration,7
measure,7
lotteries,7
banque,7
institutional,7
c,7
does,6
now,6
succession,6
real,6
last,6
march,6
review,6
annuitants,6
relatively,6
estimates,6
perspective,6
mirabeau,6
like,6
follow,6
result,6
expensive,6
policies,6
issues,6
change,6
venal,6
debts,6
reported,6
likely,6
reduced,6
contingent,6
coverage,6
law,6
fell,6
notables,6
pattern,6
shown,6
original,6
range,6
previous,6
countries,6
repeated,6
probably,6
why,6
wars,6
best,6
rose,6
austrian,6
national,6
offer,6
instead,6
although,6
specific,6
publique,5
o,5
revolutionary,5
large,5
easily,5
t,5
brien,5
forcibly,5
seems,5
leading,5
secondary,5
assignat,5
sought,5
prior,5
inflation,5
against,5
restore,5
given,5
nor,5
find,5
offices,5
cartel,5
boullongne,5
balanced,5
reforms,5
accounts,5
borrowed,5
section,5
just,5
too,5
whereas,5
greater,5
distribution,5
equally,5
required,5
next,5
attention,5
temporary,5
research,5
estates,5
service,5
harris,5
nearly,5
converted,5
included,5
complete,5
reliance,5
investor,5
toward,5
similarly,5
many,5
appeared,5
choice,5
another,5
discussion,5
cambridge,5
flaw,5
traded,5
causes,5
office,5
xv,5
clear,5
points,5
newspapers,5
increasing,5
dette,5
months,5
stable,5
considered,5
perpetuals,5
must,5
implied,5
alternative,5
ratio,5
current,5
report,5
ticket,5
beginning,5
reign,5
suggests,5
targets,5
subscriptions,5
despite,5
cash,5
encyclopedie,5
rescriptions,5
peacetime,5
obligation,5
observed,5
built,5
estimated,4
officeholders,4
returned,4
designed,4
true,4
ways,4
specified,4
modern,4
fixed,4
occurred,4
amortization,4
du,4
experience,4
consistent,4
every,4
certainly,4
closer,4
scheme,4
composition,4
take,4
nevertheless,4
trade,4
opened,4
possible,4
schedule,4
reflecting,4
grading,4
september,4
million,4
thus,4
explained,4
component,4
dickson,4
tables,4
tournois,4
mistakes,4
estimate,4
drawn,4
jean,4
rights,4
whose,4
calculation,4
study,4
risks,4
support,4
billets,4
generally,4
came,4
here,4
late,4
mirowski,4
appears,4
population,4
placed,4
suspended,4
basis,4
work,4
claim,4
reduction,4
closed,4
records,4
freehold,4
regional,4
assembly,4
gap,4
financier,4
below,4
trading,4
several,4
oct,4
always,4
describes,4
notes,4
provided,4
sargent,4
reduce,4
currencies,4
exceeded,4
once,4
oxford,4
rules,4
neither,4
mortality,4
light,4
si,4
largest,4
increasingly,4
rise,4
fairly,4
published,4
egret,4
averages,4
pressure,4
never,4
ages,4
took,4
increases,4
wartime,4
credit,4
enormous,4
entirely,4
emprunt,4
resume,4
full,4
described,4
low,4
individual,4
especially,4
present,4
vuhrer,4
carried,4
provide,4
institutions,4
independence,4
seen,4
detailed,4
seventeenth,4
began,4
worse,4
analysis,4
types,4
itself,4
face,4
detail,4
then,4
constant,4
following,4
conclusion,4
franqois,4
borrow,4
nationales,4
cover,4
quickly,4
billet,4
type,4
february,4
economy,4
month,4
selected,4
cause,4
calculations,4
problem,4
subject,4
treasury,4
ultimately,4
accept,4
explanation,4
integrated,4
attempted,4
rente,4
restored,4
partial,4
should,4
difficult,3
antoine,3
common,3
meaning,3
credibility,3
affected,3
episodes,3
e,3
empirical,3
eliminated,3
mar,3
demoiselles,3
needed,3
complex,3
use,3
authority,3
drawings,3
unlike,3
earning,3
implications,3
give,3
taken,3
military,3
rapid,3
great,3
launched,3
consol,3
robert,3
repudiation,3
somewhat,3
majority,3
ad,3
avril,3
recorded,3
expenses,3
agriculture,3
changed,3
determined,3
discounted,3
except,3
compares,3
correlation,3
memoire,3
behavior,3
frangaise,3
central,3
due,3
unpublished,3
g,3
privilege,3
forced,3
amount,3
back,3
young,3
dates,3
left,3
compare,3
deficits,3
recognized,3
rather,3
main,3
mean,3
comparable,3
eight,3
ix,3
matched,3
moreover,3
valuation,3
reason,3
understand,3
mois,3
statistical,3
established,3
slowly,3
proved,3
thirty,3
impact,3
bosher,3
ville,3
nominee,3
consequence,3
problems,3
projected,3
strategy,3
negotiability,3
name,3
octobre,3
reponse,3
events,3
further,3
honoring,3
effective,3
viewed,3
analogous,3
purchased,3
safe,3
enough,3
opposition,3
wide,3
eliminate,3
discours,3
distinguish,3
received,3
brought,3
differ,3
bordo,3
fluctuations,3
panchaud,3
tale,3
weekly,3
newspaper,3
stanford,3
attributed,3
either,3
impasse,3
good,3
specie,3
modest,3
consolidation,3
highly,3
governments,3
philip,3
parliament,3
using,3
prizes,3
finds,3
avoid,3
periods,3
naming,3
cle,3
prove,3
targeted,3
structural,3
chap,3
percentage,3
guide,3
calculate,3
yet,3
interpretation,3
opportunities,3
creditors,3
technology,3
pothier,3
summarizes,3
machault,3
essai,3
reports,3
party,3
attainable,3
stream,3
efforts,3
accounted,3
substantially,3
charges,3
discussed,3
forms,3
where,3
establish,3
monopoly,3
crown,3
increase,3
lettres,3
evolution,3
individuals,3
explorations,3
amounts,3
allowed,3
brewer,3
often,3
successors,3
respectively,3
contracts,3
streams,3
farm,3
assigned,3
claimed,3
fear,3
dec,3
off,3
obstacle,3
contribution,3
fall,3
hope,3
centuries,3
eugene,3
family,3
mathias,3
known,3
marcel,3
sdrie,3
sinews,3
know,3
gazette,3
key,3
seem,3
down,3
grellier,3
themselves,3
sum,3
quoted,3
better,3
turned,3
unlikely,3
maintain,3
mathematics,3
incompetence,3
secure,3
balance,3
livre,3
multiple,3
franqaise,3
pi,3
target,3
conditions,3
jacques,3
finally,3
mode,3
rosenthal,3
typically,3
consolidated,3
need,3
restructuring,3
smaller,3
negotiable,3
roughly,3
charles,3
trente,3
geneve,3
substantial,3
duration,3
immediately,3
recent,3
resources,3
depreciation,3
evidently,3
constitution,3
rostow,2
frequent,2
go,2
struggle,2
liquidate,2
arbitrarily,2
way,2
avoiding,2
implying,2
f,2
methodique,2
represent,2
courtois,2
dixieme,2
alone,2
introduction,2
expect,2
assemblee,2
ma,2
rogers,2
h,2
reflexions,2
cliometrics,2
earnings,2
ti,2
defaulted,2
title,2
biographical,2
onset,2
something,2
flaws,2
descriptions,2
subscription,2
highlight,2
massac,2
publige,2
titles,2
exclusive,2
refusal,2
expectation,2
worked,2
purchaser,2
official,2
neal,2
accompanied,2
reasons,2
thank,2
differences,2
napoleon,2
deyon,2
court,2
subsequent,2
help,2
financieres,2
shennan,2
precisely,2
alphonse,2
parlementaire,2
reimbursed,2
declines,2
manipulate,2
within,2
returns,2
paying,2
side,2
sophisticated,2
correlated,2
primary,2
draw,2
discuss,2
upward,2
alter,2
move,2
obvious,2
purchases,2
taking,2
retirement,2
sent,2
promises,2
investing,2
himself,2
silhouette,2
repeatedly,2
throughout,2
severe,2
spectrum,2
facts,2
immediate,2
development,2
run,2
longevity,2
since,2
raises,2
feb,2
topic,2
mild,2
overly,2
clay,2
constitutions,2
clark,2
times,2
selection,2
depend,2
refer,2
differently,2
highest,2
response,2
postponed,2
compared,2
arranged,2
instruments,2
look,2
details,2
apparently,2
sun,2
influence,2
manuel,2
geneva,2
alexandre,2
clamageran,2
hopes,2
dictionnaire,2
developed,2
roi,2
fair,2
responded,2
represented,2
bankruptcy,2
importance,2
se,2
coke,2
assuming,2
special,2
bet,2
rit,2
nominees,2
category,2
bad,2
honored,2
university,2
paysans,2
n,2
fairness,2
glorious,2
frequently,2
w,2
indefinitely,2
four,2
agricultural,2
ministers,2
origins,2
rental,2
shed,2
obstacles,2
toulouse,2
pierre,2
arguable,2
helped,2
faced,2
protestant,2
drawing,2
cut,2
disappeared,2
bureaucracy,2
standards,2
ou,2
santander,2
wailly,2
begun,2
search,2
called,2
attack,2
amsterdam,2
patrick,2
economics,2
state,2
persist,2
almost,2
representative,2
shakespeare,2
transactions,2
equal,2
competitive,2
nineteenth,2
histoirefinanciere,2
indirect,2
recently,2
promise,2
applied,2
wealth,2
xiv,2
rest,2
accelerated,2
package,2
near,2
silver,2
aftalion,2
claiming,2
participation,2
prewar,2
literature,2
already,2
start,2
sept,2
explains,2
knowledge,2
edn,2
revealed,2
description,2
though,2
fit,2
place,2
calculating,2
structures,2
earn,2
thereafter,2
announcing,2
schwartz,2
institution,2
systematic,2
tolerated,2
esc,2
approach,2
errors,2
norfolk,2
monetary,2
social,2
creating,2
least,2
optimal,2
sense,2
correct,2
level,2
le,2
sharp,2
quite,2
insurance,2
calling,2
accomplished,2
transfer,2
peak,2
schedules,2
gayer,2
amortissement,2
yielded,2
credible,2
eit,2
cycle,2
structured,2
newly,2
actions,2
holding,2
content,2
society,2
cramer,2
led,2
situation,2
demand,2
lit,2
variety,2
materials,2
various,2
action,2
buy,2
short,2
indeed,2
overall,2
noncompetitive,2
techniques,2
brief,2
ten,2
constraints,2
allen,2
still,2
currency,2
holders,2
registered,2
whole,2
parker,2
vie,2
collect,2
freche,2
surpassed,2
makes,2
soon,2
evolved,2
index,2
earned,2
adjusted,2
perspectives,2
joly,2
financiers,2
sales,2
responsive,2
insights,2
useful,2
actually,2
members,2
reporting,2
fact,2
revenue,2
instability,2
documents,2
abstract,2
poitrineau,2
diverse,2
fleury,2
doubt,2
administrations,2
considerable,2
rough,2
patterns,2
v,2
spain,2
remarkable,2
purposes,2
existing,2
shared,2
necessary,2
practice,2
bid,2
perhaps,2
sell,2
greatest,2
investment,2
economie,2
observable,2
upon,2
limitations,2
formal,2
region,2
including,2
arose,2
tickets,2
safer,2
morellet,2
largely,2
assumption,2
versailles,2
trend,2
boudet,2
bourgogne,2
raising,2
complicated,2
shrewd,2
affiches,2
moral,2
stress,2
publication,2
health,2
formulas,2
controversies,2
ri,2
minister,2
justify,2
responses,2
collected,2
serves,2
obtained,2
standard,2
martin,2
thomas,2
arret,2
random,2
comparing,2
outside,2
leaves,2
plans,2
banking,2
capitalism,2
story,2
evaluated,2
widely,2
justice,2
separate,2
tests,2
relationship,2
note,2
george,2
sometimes,2
kenneth,2
crucial,2
usually,2
doyle,2
begin,2
resumed,2
sensitive,2
accepted,2
yale,2
subscribers,2
length,2
safest,2
methods,2
dans,2
lowered,2
case,2
res,2
publicly,2
magnitude,2
girls,2
viage,2
simply,2
ever,2
precise,2
bossenga,2
few,2
offers,2
drew,2
equation,2
principle,2
hoover,2
devalued,2
lenders,2
unknown,2
suspensions,2
halley,2
eventually,2
obviously,2
infer,2
reflected,2
living,2
weber,2
bien,2
born,2
purchase,2
ones,2
making,2
rising,2
involvement,2
fully,2
reopened,2
extract,2
agreed,2
premia,2
millions,2
weiller,2
occasionally,2
thereby,2
introduced,2
prospect,2
biweekly,2
tried,2
assumptions,2
policymakers,2
arguments,2
families,2
maintained,2
secured,2
weingast,2
named,2
false,2
survival,2
unable,2
lists,2
lands,2
resist,2
contract,2
gudry,2
include,2
statesman,2
states,2
regular,2
mgmoire,2
tableaux,2
remains,2
repeat,2
association,2
anonymous,2
parlement,2
valuable,2
indicating,2
archival,2
consisted,2
debate,2
abandoned,2
strong,2
willing,2
taylor,2
north,2
caix,2
broader,2
annales,2
sa,1
final,1
resolve,1
riskier,1
defective,1
ending,1
decentralized,1
mostly,1
paralleled,1
limits,1
prefer,1
castigated,1
valeurs,1
cleverer,1
concerned,1
medieval,1
estate,1
tion,1
asymmetric,1
stood,1
compensate,1
encouraged,1
fractions,1
mars,1
berkeley,1
distress,1
resulted,1
struggled,1
arrive,1
jouait,1
measures,1
minimum,1
appear,1
manuscript,1
pools,1
church,1
conversion,1
told,1
mortgage,1
languished,1
significant,1
touched,1
determinant,1
systematically,1
kinds,1
offerings,1
ample,1
mainmorte,1
properly,1
entries,1
iaft,1
cours,1
formed,1
absolutist,1
authorize,1
iit,1
philippe,1
summaries,1
holland,1
moniteur,1
revenus,1
di,1
completely,1
studies,1
sure,1
divers,1
mortgaged,1
mortgages,1
candidate,1
favor,1
douglass,1
hazard,1
trace,1
protection,1
liens,1
necessarily,1
painters,1
charitable,1
ambitious,1
impediments,1
fruitful,1
remedy,1
uses,1
etrennesfinancieres,1
comthe,1
gregory,1
projections,1
attuned,1
princeton,1
changeable,1
practices,1
properties,1
fearful,1
turning,1
baker,1
intentions,1
expenditures,1
disturbances,1
negative,1
indexes,1
ftvrier,1
diffusion,1
gail,1
accumulation,1
said,1
notre,1
enlihlon,1
anything,1
fraction,1
deter,1
explaining,1
permit,1
coupons,1
conforms,1
wrong,1
exist,1
destabilizers,1
relies,1
creation,1
posed,1
tenue,1
interests,1
exaggerated,1
originally,1
chaos,1
restoration,1
debating,1
anomalies,1
relying,1
investments,1
attempt,1
annualized,1
fantastically,1
abandoning,1
anywhere,1
rational,1
snowden,1
shortage,1
ourselves,1
freely,1
referees,1
departure,1
supplied,1
grandfather,1
historiography,1
parties,1
emprunts,1
hoffman,1
intendant,1
attractive,1
hyperinflation,1
withholding,1
prepaid,1
uneasy,1
daily,1
deadline,1
revue,1
timing,1
wave,1
rich,1
franc,1
narrative,1
assembled,1
able,1
displays,1
link,1
quintessential,1
concludes,1
actuel,1
sous,1
resulting,1
picardie,1
deemed,1
option,1
xx,1
feature,1
foolish,1
petty,1
separated,1
written,1
repurchased,1
emphasized,1
respond,1
influences,1
remainder,1
henry,1
reserved,1
principal,1
career,1
committed,1
engendered,1
outstripped,1
germinal,1
rigorous,1
context,1
ozouf,1
documenting,1
est,1
occasional,1
governmental,1
existence,1
alfred,1
moras,1
gaps,1
capacity,1
advice,1
fiat,1
matthew,1
peculiarities,1
u,1
right,1
resumption,1
exception,1
design,1
inverse,1
quantities,1
marc,1
implies,1
monarchies,1
lifetime,1
reliability,1
open,1
ramel,1
tidit,1
moivre,1
adopting,1
sumption,1
mutual,1
vital,1
edit,1
barry,1
payouts,1
desired,1
smooth,1
issuance,1
eliminating,1
panic,1
exchanges,1
uncertain,1
laws,1
realistic,1
apply,1
constrained,1
representing,1
financed,1
transfrench,1
condemnations,1
speculators,1
formula,1
intgret,1
urging,1
warfare,1
collection,1
wherever,1
exposed,1
expertise,1
winning,1
indicates,1
goal,1
phase,1
deux,1
converting,1
collapse,1
widened,1
dependence,1
targeting,1
weakened,1
estimating,1
extinguished,1
ferred,1
inevitable,1
professor,1
dominated,1
hierarchy,1
stakes,1
savages,1
domain,1
devant,1
dozen,1
ease,1
ability,1
futures,1
viewing,1
concentrations,1
decided,1
honest,1
forbade,1
commencing,1
insofar,1
loser,1
unwilling,1
annonces,1
financing,1
exhausted,1
thing,1
cases,1
natalis,1
napoleonic,1
integrity,1
elements,1
ct,1
speculative,1
recoinage,1
larry,1
christopher,1
evident,1
document,1
stabilized,1
imbecility,1
convincing,1
cancel,1
contrary,1
served,1
apr,1
continuous,1
twice,1
pure,1
profit,1
unequivocally,1
weight,1
explore,1
y,1
conspiracy,1
fairer,1
consequently,1
corrected,1
eager,1
departed,1
terror,1
ruinous,1
bills,1
informed,1
weakness,1
lender,1
bonuses,1
compromise,1
unfortunate,1
error,1
poorly,1
convention,1
purchasing,1
promised,1
bimodal,1
failed,1
incentives,1
surprisingly,1
deviation,1
profited,1
nomination,1
objectionable,1
interesting,1
simultaneously,1
reconstructed,1
subperiod,1
adequate,1
york,1
license,1
act,1
managers,1
sets,1
regency,1
bring,1
ostensibly,1
neckerite,1
adds,1
midi,1
remain,1
picardy,1
sort,1
repayment,1
explicit,1
incidence,1
georges,1
signaled,1
opportunity,1
examined,1
titled,1
probability,1
nonexempt,1
associate,1
supplement,1
unpaid,1
grew,1
leave,1
doubted,1
institutionalized,1
references,1
empowered,1
lacking,1
gratefully,1
worthless,1
actuelle,1
competence,1
impressed,1
augmented,1
logical,1
space,1
periodic,1
absorbed,1
laverdy,1
moves,1
divided,1
addressing,1
voluntarily,1
suppression,1
conformed,1
circulated,1
affect,1
wages,1
servants,1
marks,1
capitalization,1
entry,1
improvement,1
imposing,1
retained,1
severity,1
india,1
edition,1
constrain,1
numbers,1
record,1
traces,1
contemporaries,1
instrument,1
reviewed,1
assemblies,1
mixtures,1
resorted,1
anonymously,1
exploited,1
recovered,1
shorter,1
voluminous,1
powerful,1
vanishes,1
beyond,1
wring,1
retire,1
solidaires,1
exploitation,1
instance,1
seigniorage,1
shifted,1
restriction,1
imminent,1
hit,1
opinion,1
prevailing,1
fig,1
view,1
stands,1
stupidity,1
noncalculable,1
veil,1
raw,1
treasurer,1
arrived,1
legislative,1
advance,1
rode,1
acceptable,1
unanimous,1
blamed,1
immeubles,1
volatility,1
scientifically,1
fortunes,1
method,1
entered,1
mandate,1
projection,1
typical,1
annuites,1
painstaking,1
centers,1
ci,1
demands,1
prononcee,1
survivors,1
captured,1
initial,1
vihrer,1
shrewsbury,1
absolutism,1
midway,1
big,1
politique,1
accurately,1
fourth,1
traced,1
traits,1
fermes,1
stalemate,1
reappeared,1
dropped,1
purge,1
wrung,1
treat,1
dernier,1
fulfill,1
enlightened,1
tives,1
scale,1
hostilities,1
procedures,1
judicial,1
explain,1
approached,1
acceleration,1
duly,1
sechelles,1
died,1
rapidly,1
payout,1
encroachment,1
pone,1
governing,1
influenced,1
technical,1
undermined,1
outstanding,1
throne,1
none,1
having,1
tobin,1
resold,1
relatives,1
correctly,1
inexhaustible,1
taxing,1
planning,1
publish,1
responding,1
nine,1
franchise,1
unless,1
crude,1
brienne,1
calls,1
related,1
comment,1
marketplace,1
positions,1
criticized,1
staunchly,1
repeating,1
montesquiou,1
approve,1
gave,1
describe,1
consistently,1
size,1
inherited,1
easiest,1
suppliers,1
contains,1
tremendously,1
figures,1
round,1
wri,1
falling,1
boom,1
winter,1
lanham,1
uncritically,1
economistes,1
personal,1
justification,1
reflect,1
dijon,1
complemented,1
amortizing,1
astute,1
reconstructing,1
manage,1
revocation,1
interpreted,1
status,1
shapiro,1
endorsement,1
graded,1
diverted,1
belligerence,1
trends,1
escalated,1
raisonng,1
staple,1
macroeconomic,1
renounced,1
ratios,1
ordre,1
ensued,1
successful,1
basically,1
caused,1
describing,1
exchanging,1
restructured,1
things,1
administrators,1
dictionary,1
tested,1
percents,1
politically,1
mildest,1
order,1
renters,1
precedents,1
ministries,1
exemption,1
hence,1
arbitrary,1
invention,1
economist,1
bank,1
involved,1
specifically,1
outbreak,1
troubles,1
intervals,1
actuarially,1
sufficient,1
ignore,1
workshops,1
eleven,1
wider,1
concerns,1
components,1
leather,1
presence,1
dramatic,1
metiers,1
decline,1
essentially,1
staged,1
enrollments,1
budgets,1
occasions,1
dedicated,1
incurred,1
managed,1
articulation,1
renewed,1
extracted,1
guess,1
productivity,1
results,1
enormously,1
appropriate,1
substituted,1
computation,1
uonomie,1
opinionated,1
moved,1
waiting,1
treatise,1
massive,1
reducing,1
twothirds,1
seemed,1
fonciers,1
survived,1
cite,1
span,1
confirm,1
embarked,1
ormesson,1
critical,1
rory,1
unsound,1
approximate,1
business,1
steady,1
principales,1
spouses,1
attributable,1
bettered,1
oversubscripfrench,1
logically,1
separation,1
evaluate,1
divergence,1
synthesis,1
drama,1
reinstated,1
labeled,1
expansion,1
vols,1
observations,1
limited,1
five,1
schemes,1
intended,1
trials,1
acknowledged,1
inclusive,1
commit,1
gnp,1
poor,1
opted,1
technically,1
surviving,1
interactions,1
bankers,1
comments,1
inoculation,1
florin,1
reforming,1
modes,1
obtainable,1
averted,1
cyclesmoothing,1
suppose,1
religious,1
innovation,1
positive,1
vetude,1
conventional,1
humaine,1
caisse,1
angleterre,1
repression,1
competition,1
emerged,1
lowering,1
relied,1
selling,1
lagged,1
reference,1
excessively,1
treaty,1
etat,1
represents,1
requiring,1
happened,1
thought,1
array,1
ne,1
us,1
favorable,1
lfithy,1
abel,1
compiled,1
participants,1
mediumterm,1
extinction,1
informal,1
eagerness,1
shock,1
culture,1
choices,1
performed,1
sharply,1
incompetent,1
xviiie,1
ed,1
assemblge,1
narratives,1
departing,1
beginnings,1
quotations,1
enforce,1
speaking,1
avoided,1
declining,1
chose,1
volume,1
seymour,1
ensuing,1
liquidated,1
discipline,1
levied,1
lucid,1
intrigues,1
mona,1
dilemma,1
paul,1
book,1
eighteenthcentury,1
technique,1
request,1
admirable,1
death,1
earmarked,1
pointed,1
preferences,1
europe,1
varies,1
backed,1
notarial,1
raisonne,1
added,1
calculates,1
burgundy,1
anecdotal,1
herbert,1
lengthy,1
longer,1
criminal,1
insatiable,1
treatment,1
hesitantly,1
toll,1
benevolent,1
durge,1
rents,1
auvergne,1
reformed,1
etrennes,1
inevitably,1
monarchic,1
together,1
really,1
larger,1
demonstrating,1
fallen,1
prospects,1
debates,1
dispassionate,1
aug,1
away,1
man,1
prerevolutionary,1
serious,1
external,1
honor,1
match,1
readers,1
behind,1
hand,1
model,1
continuing,1
bidding,1
empire,1
ensured,1
execution,1
endorsed,1
relevant,1
vulnerable,1
marginal,1
answer,1
strategies,1
confrontation,1
coincided,1
conviction,1
paired,1
agencies,1
volatile,1
blaming,1
furet,1
eds,1
books,1
controversy,1
style,1
weakly,1
threats,1
free,1
spike,1
realize,1
polkmiques,1
orry,1
degree,1
naively,1
fight,1
unjustified,1
interpreting,1
demonstrated,1
meetings,1
breakdown,1
entirety,1
analyzed,1
retaining,1
understanding,1
lasting,1
collecting,1
ignored,1
meaningful,1
extinguish,1
extended,1
vast,1
supplies,1
biens,1
treated,1
easier,1
doomed,1
culpability,1
sides,1
discrimination,1
disarray,1
desperate,1
previously,1
lumieres,1
depended,1
sufficiently,1
strongest,1
reappointed,1
elite,1
payeurs,1
insuring,1
persists,1
findings,1
enduring,1
unfortunately,1
ucla,1
persisted,1
refers,1
affects,1
congress,1
desfermes,1
questions,1
subscribing,1
rare,1
pamphlets,1
eligible,1
packages,1
services,1
lasted,1
stay,1
ainsi,1
redistributed,1
vulnerability,1
dismissed,1
dating,1
initiatives,1
rejected,1
distortion,1
significance,1
afterward,1
substitutes,1
tional,1
authors,1
restraint,1
lamented,1
hampered,1
stayed,1
utter,1
peter,1
recipient,1
august,1
issn,1
eve,1
imbecillite,1
started,1
helpful,1
revised,1
originsfor,1
spread,1
satisfies,1
him,1
remark,1
variance,1
administrative,1
humbling,1
systeme,1
minority,1
shortly,1
accurate,1
probable,1
improved,1
provides,1
expired,1
hindies,1
exchange,1
finite,1
margin,1
valued,1
rescind,1
parallel,1
computed,1
normal,1
become,1
let,1
exactly,1
examine,1
deliberate,1
accordingly,1
effect,1
veri,1
sgrie,1
keith,1
extravagance,1
seeking,1
conscience,1
slightly,1
equivalent,1
looked,1
versus,1
sloth,1
saw,1
haven,1
tendency,1
destruction,1
bearer,1
connections,1
joint,1
corps,1
sticky,1
monarchie,1
controversial,1
modifications,1
propose,1
achieve,1
regimes,1
vain,1
undiscounted,1
anglophone,1
concluded,1
depuis,1
gens,1
rarity,1
ranging,1
shiller,1
european,1
implicitly,1
letting,1
suggest,1
prononcge,1
success,1
sols,1
usury,1
purchasers,1
imply,1
royaux,1
browne,1
me,1
declaration,1
tended,1
equals,1
bertin,1
gram,1
independent,1
tontine,1
invau,1
science,1
bulk,1
foreign,1
variously,1
imbalance,1
convened,1
consent,1
ministry,1
reasonable,1
suffice,1
randomly,1
insufficient,1
widespread,1
primarily,1
slow,1
lost,1
accelerate,1
compiles,1
force,1
credited,1
surtax,1
confine,1
originated,1
inadequate,1
smallpox,1
executive,1
indicate,1
covering,1
brokerage,1
owed,1
expedients,1
es,1
reconsider,1
rurale,1
responsible,1
exclude,1
efficiency,1
comte,1
existed,1
michael,1
nationalization,1
drafted,1
suisse,1
attached,1
get,1
event,1
traitu,1
arts,1
joseph,1
exchanged,1
fought,1
door,1
addressed,1
isaac,1
differentiated,1
proof,1
meant,1
graphs,1
eschewed,1
heavy,1
rarely,1
fifteen,1
judgments,1
broke,1
moire,1
accordance,1
complexity,1
version,1
nationale,1
constituted,1
satisfying,1
qu,1
solidly,1
extension,1
delegates,1
exposition,1
irrationality,1
rival,1
banknotes,1
claims,1
quotes,1
publiee,1
md,1
turgot,1
sciences,1
disdain,1
convertibility,1
issuing,1
traitg,1
receipts,1
ran,1
addilater,1
branches,1
continental,1
refused,1
extant,1
ministerial,1
turn,1
repaid,1
nobility,1
distinctions,1
east,1
believe,1
fabrication,1
straightforward,1
gouging,1
sloan,1
appendix,1
ph,1
domestic,1
minimized,1
foundation,1
particularly,1
universel,1
chambre,1
perfectly,1
rely,1
goods,1
probabilitgs,1
equilibrium,1
reimbursing,1
associated,1
secrecy,1
placing,1
anomalous,1
masterpiece,1
pour,1
nord,1
pushing,1
places,1
growing,1
clarity,1
retirements,1
defend,1
william,1
didn,1
game,1
according,1
explanations,1
pooled,1
condemning,1
completion,1
transfers,1
aurillac,1
unique,1
stability,1
list,1
particular,1
imposed,1
noticeable,1
add,1
rationales,1
covers,1
henrotte,1
apologized,1
hoped,1
plete,1
doubled,1
theory,1
extent,1
struggling,1
consisting,1
lomenie,1
transaction,1
exemptions,1
gouvernement,1
healthy,1
bureaucratic,1
require,1
serie,1
barely,1
produce,1
servicing,1
chaotic,1
minimal,1
reimburse,1
episode,1
emphasis,1
rally,1
incomparable,1
urban,1
renouncing,1
categories,1
fourteen,1
middle,1
unreasonable,1
mgthodique,1
maynon,1
gratitude,1
burden,1
bodies,1
howard,1
presented,1
circumstances,1
trivial,1
met,1
outsmarted,1
city,1
marketing,1
awesome,1
capitalizing,1
easy,1
monarchs,1
convinced,1
predecessors,1
rendering,1
returning,1
protected,1
went,1
rationale,1
shareholders,1
matches,1
condition,1
contribute,1
alain,1
obtain,1
farmed,1
conversely,1
pound,1
colonial,1
phenomenon,1
challenges,1
coins,1
world,1
isolated,1
evidenced,1
gain,1
abstained,1
think,1
varied,1
jan,1
tions,1
lille,1
counterrevolution,1
subsumed,1
come,1
proceeds,1
discriminated,1
intent,1
francois,1
revoked,1
recording,1
nantes,1
editor,1
difference,1
reveals,1
abbe,1
initiated,1
copies,1
slashed,1
polemicists,1
boosted,1
publishing,1
motives,1
origines,1
register,1
ended,1
indications,1
insight,1
joined,1
approximately,1
convocation,1
constructed,1
scandals,1
masses,1
willingness,1
effects,1
recourse,1
calomiris,1
objections,1
neuchatel,1
ranged,1
showed,1
summary,1
macroeconomics,1
observation,1
settled,1
potential,1
modeling,1
avis,1
redeemable,1
annexes,1
substitute,1
assumed,1
combination,1
doubling,1
variations,1
charged,1
hotel,1
vary,1
neglecting,1
th,1
sporadically,1
pool,1
fears,1
views,1
forfinances,1
shortcut,1
predictable,1
ownership,1
entire,1
documentary,1
surveys,1
develop,1
among,1
seek,1
technological,1
famous,1
meeting,1
successive,1
southeastern,1
scanty,1
ca,1
roles,1
recovering,1
costly,1
thorold,1
climbed,1
hypothesis,1
