WORDCOUNTS,WEIGHT
the,742
of,510
and,423
in,343
to,187
a,153
that,130
for,116
is,113
by,85
are,82
this,81
from,76
manufacturing,74
on,73
de,71
regions,69
spanish,60
with,60
were,59
regional,57
as,56
it,53
economic,52
industries,49
s,48
spain,48
not,43
be,43
capital,42
was,42
data,42
industrialization,42
labor,40
endowments,38
provinces,38
an,38
industry,37
table,37
these,36
market,35
century,35
see,32
all,31
but,31
also,31
la,31
land,31
production,30
one,29
no,29
more,29
employment,29
have,29
location,27
trade,27
percent,27
first,26
geography,26
transportation,25
i,25
industrial,25
region,25
integration,25
effects,25
rates,24
across,24
their,24
during,24
model,24
than,23
costs,23
demand,23
they,22
nineteenth,22
catalonia,22
goods,22
wages,21
markets,21
province,21
roses,21
or,21
other,21
castile,21
agrarian,20
advantage,20
krugman,20
levels,20
davis,20
aggregate,20
two,20
new,20
concentration,19
whole,19
factor,19
which,19
can,19
been,19
each,19
at,18
if,18
wage,18
has,18
madrid,18
output,18
weinstein,18
example,18
prices,18
comparative,18
large,17
increasing,17
ho,17
early,17
there,16
specialization,16
because,16
provincial,16
en,16
income,16
different,16
convergence,15
textiles,15
economies,15
used,15
changes,15
p,15
second,15
basque,15
about,15
national,15
modem,15
country,15
coefficient,15
between,15
should,15
ols,14
real,14
workers,14
unskilled,14
growth,14
had,14
good,14
differences,14
so,14
half,14
returns,14
press,14
average,14
consumption,14
sectors,14
traditional,14
history,13
such,13
development,13
y,13
consequently,13
important,13
whereas,13
using,13
will,13
local,13
significant,13
world,13
cambridge,13
major,13
per,12
into,12
total,12
relatively,12
distribution,12
idiosyncratic,12
based,12
its,12
northwest,12
irs,12
only,12
where,12
regressions,12
note,12
countries,12
following,12
theory,12
finally,12
professions,11
case,11
some,11
journal,11
n,11
spinning,11
historia,11
less,11
gdp,11
compute,11
over,11
when,11
both,11
espafia,11
years,11
instead,11
cotton,10
however,10
mediterranean,10
results,10
southern,10
pp,10
variables,10
three,10
would,10
computed,10
artisans,10
figures,10
why,10
variable,10
did,10
capita,10
size,10
observed,10
hoover,9
before,9
sources,9
panel,9
simple,9
agriculture,9
framework,9
due,9
estimates,9
factors,9
globalization,9
scale,9
r,9
literature,9
forces,9
several,9
notes,9
rents,9
compose,9
northern,9
localization,9
paper,9
given,9
integrated,9
increased,9
espana,9
ma,8
zero,8
wool,8
economica,8
within,8
account,8
g,8
venables,8
higher,8
process,8
andalusia,8
most,8
metal,8
view,8
international,8
population,8
well,8
del,8
contrast,8
flour,8
paul,8
variation,8
cambio,8
david,8
high,8
article,8
movements,8
institutions,8
el,8
share,8
banco,8
geographic,8
hence,8
las,8
evidence,8
e,7
studies,7
concentrated,7
seems,7
mills,7
system,7
historians,7
likely,7
gimenez,7
interest,7
price,7
third,7
estimate,7
poor,7
york,7
mit,7
moreover,7
coefficients,7
consequence,7
census,7
guited,7
method,7
information,7
place,7
employed,7
quite,7
abundance,7
technology,7
adjusted,7
noted,7
others,7
larger,7
explanation,7
industrialized,7
b,7
period,7
provides,7
structure,7
then,7
few,7
equation,7
u,7
according,7
economy,7
impact,7
calculations,7
categories,7
level,7
became,7
donald,7
little,7
among,7
therefore,6
evolution,6
taken,6
words,6
estimation,6
resulting,6
review,6
explained,6
sample,6
simpson,6
equal,6
main,6
similar,6
university,6
show,6
result,6
could,6
economics,6
produced,6
directly,6
network,6
los,6
part,6
revista,6
trends,6
small,6
endowed,6
leather,6
up,6
overall,6
percentage,6
housing,6
under,6
same,6
sector,6
totals,6
number,6
values,6
standard,6
we,6
relative,6
analysis,6
barcelona,6
obviously,6
spatial,6
agricultural,6
include,6
sur,6
point,6
strong,6
rate,5
migration,5
t,5
escosura,5
might,5
rapid,5
j,5
take,5
x,5
classifications,5
thus,5
imprenta,5
american,5
prados,5
even,5
influence,5
deviations,5
l,5
study,5
heteroskedasticity,5
yes,5
greater,5
my,5
access,5
out,5
reasons,5
universidad,5
taxes,5
intermediate,5
predicts,5
interregional,5
revolution,5
estadistico,5
specifically,5
plausible,5
proxy,5
expansion,5
make,5
competition,5
home,5
silk,5
reports,5
aggregates,5
areas,5
time,5
hand,5
aggregation,5
divided,5
empirical,5
use,5
previous,5
anuario,5
low,5
after,5
effect,5
construction,5
barquin,5
isn,5
foreign,5
literacy,5
unweighted,5
domestic,5
very,5
commodity,5
what,5
terms,5
transaction,5
commodities,5
varied,5
much,5
hypothesis,5
o,4
estimated,4
differentials,4
determine,4
mendoza,4
natural,4
eliminated,4
mobility,4
tend,4
linkages,4
rreg,4
censo,4
source,4
came,4
olive,4
chemicals,4
precios,4
available,4
riqueza,4
those,4
deviation,4
forward,4
gaps,4
quantities,4
sign,4
estimations,4
scarce,4
remuneration,4
exercise,4
amount,4
find,4
poorly,4
may,4
shipping,4
added,4
predicted,4
edited,4
rather,4
developed,4
obtained,4
edward,4
suffer,4
importance,4
direct,4
reason,4
driven,4
observations,4
efficient,4
histories,4
sokoloff,4
performed,4
appears,4
recently,4
explain,4
rourke,4
work,4
significantly,4
sic,4
arise,4
order,4
moder,4
research,4
dependent,4
variety,4
measure,4
increasingly,4
europe,4
towns,4
experienced,4
many,4
fact,4
shows,4
end,4
pattern,4
external,4
do,4
nicolas,4
siglo,4
ringrose,4
oil,4
largely,4
causes,4
full,4
abundant,4
italy,4
relationship,4
backward,4
independent,4
fabril,4
indicate,4
specification,4
determinants,4
here,4
andalucia,4
intensive,4
shares,4
ratio,4
straightforward,4
appendix,4
particularly,4
houses,4
constant,4
cities,4
explanations,4
nominal,4
problem,4
guia,4
produce,4
urban,4
williamson,4
decrease,4
conditions,4
smaller,4
censuses,4
livestock,4
depreciation,4
does,3
m,3
common,3
way,3
formed,3
completely,3
soap,3
tariffs,3
lower,3
long,3
definition,3
government,3
procedure,3
yearbook,3
typical,3
monopolistic,3
political,3
decreased,3
issue,3
exogenous,3
linear,3
vol,3
italian,3
possible,3
household,3
decreasing,3
collection,3
elprogreso,3
historical,3
includes,3
dynamics,3
letras,3
econometric,3
carlos,3
candidates,3
clark,3
positive,3
holds,3
externalities,3
corrected,3
leamer,3
error,3
phases,3
divergence,3
town,3
how,3
joan,3
earlier,3
derived,3
reforms,3
argued,3
four,3
textile,3
export,3
cork,3
moving,3
allow,3
nadal,3
martinez,3
industrializing,3
extraordinary,3
flanders,3
urbanization,3
furthermore,3
war,3
failure,3
xix,3
gains,3
preferred,3
concept,3
vara,3
tafunell,3
broad,3
approach,3
errors,3
change,3
economico,3
commerce,3
working,3
suggest,3
sharp,3
espaia,3
agricolas,3
presence,3
workforce,3
generally,3
progress,3
productivity,3
theorem,3
pautas,3
gross,3
rest,3
estadisticas,3
south,3
telegraph,3
situation,3
deflators,3
absence,3
above,3
carreras,3
roads,3
scarcity,3
oxford,3
interpretation,3
cipolla,3
marshall,3
without,3
frameworks,3
fell,3
similarly,3
antonio,3
identical,3
bradford,3
bringas,3
patterns,3
relevant,3
necessary,3
linder,3
railways,3
another,3
private,3
exhibit,3
lost,3
eighteenth,3
previously,3
increase,3
shimpo,3
confidentially,3
hypotheses,3
trend,3
eight,3
advantages,3
appreciably,3
modernization,3
characterized,3
miracle,3
especially,3
outcomes,3
regionales,3
interpretations,3
mainly,3
excluded,3
calvo,3
vizcaya,3
specifications,3
characteristics,3
today,3
fujita,3
mercado,3
kenneth,3
stocks,3
lines,3
success,3
un,3
detailed,3
rapidly,3
methods,3
education,3
get,3
nacional,3
any,3
jordi,3
flam,3
statistical,3
alternative,3
set,3
principle,3
specialized,3
zamagni,3
iii,3
castafieda,3
trigo,3
advances,3
espaha,3
growing,3
notable,3
plants,3
particular,3
inputs,3
while,3
too,3
taxed,3
assumptions,3
discussion,3
maintained,3
our,3
shown,3
models,3
commercial,3
generate,3
twentieth,3
completed,3
although,3
product,3
states,3
respective,3
assumed,3
import,3
kim,3
recent,3
produces,2
residing,2
anthony,2
later,2
created,2
leandro,2
nationwide,2
considerably,2
likewise,2
group,2
methodology,2
harina,2
ferrocarriles,2
identify,2
stone,2
columns,2
bias,2
migraciones,2
territorial,2
test,2
congress,2
explaining,2
barriers,2
give,2
yar,2
kilometers,2
dramatically,2
principles,2
accompanied,2
heam,2
fortunes,2
rich,2
producing,2
arises,2
imperio,2
ciccone,2
rafael,2
last,2
regression,2
daniel,2
cuenca,2
papers,2
movimientos,2
takes,2
sophisticated,2
alfred,2
firm,2
hall,2
uneven,2
machinery,2
activity,2
professor,2
supply,2
baleares,2
far,2
eliminating,2
establishes,2
tedde,2
localized,2
human,2
points,2
tables,2
decided,2
application,2
marshallian,2
propiedad,2
expected,2
kind,2
progressive,2
turn,2
gerona,2
cases,2
clay,2
late,2
depend,2
contrary,2
applying,2
engineering,2
pure,2
drawn,2
spite,2
practically,2
estructura,2
soria,2
ruiz,2
interesting,2
topic,2
german,2
his,2
navarra,2
basic,2
weighted,2
unit,2
reher,2
coastal,2
mean,2
opportunity,2
burgos,2
legal,2
grew,2
certain,2
lerida,2
assuming,2
cabotaje,2
moves,2
vera,2
apparel,2
albert,2
parentheses,2
finer,2
servants,2
lsp,2
established,2
metallurgy,2
clearly,2
liberal,2
section,2
murcia,2
proposed,2
sandberg,2
numbers,2
squares,2
mercados,2
instrument,2
benefited,2
madrazo,2
glaeser,2
additional,2
cost,2
problems,2
carlo,2
urquijo,2
dispersion,2
guipuzcoa,2
gregory,2
pounds,2
introduce,2
declined,2
mendels,2
pefia,2
mapping,2
density,2
further,2
fourth,2
guadalajara,2
cultural,2
stock,2
skilled,2
metals,2
instrumental,2
dartboard,2
orense,2
criteria,2
expensive,2
participation,2
perez,2
seminal,2
lorca,2
nine,2
poblacion,2
llano,2
explains,2
instruments,2
palencia,2
description,2
year,2
q,2
references,2
precio,2
concentrate,2
structures,2
migratorios,2
own,2
towards,2
tarragona,2
exteralities,2
institucional,2
leadership,2
solution,2
least,2
ratios,2
successful,2
caused,2
presented,2
below,2
corresponds,2
mikelarena,2
ariel,2
issuing,2
observe,2
decline,2
tended,2
fully,2
paid,2
value,2
geographical,2
activities,2
integrating,2
he,2
sons,2
identified,2
brian,2
alava,2
silvestre,2
islands,2
exception,2
alianza,2
still,2
railway,2
suppose,2
pred,2
communications,2
simultaneous,2
opportunities,2
emigrants,2
index,2
tax,2
culture,2
al,2
robust,2
department,2
angel,2
justicia,2
power,2
factory,2
pointed,2
financial,2
liquors,2
demographic,2
missing,2
five,2
skills,2
scholars,2
cumulative,2
children,2
classical,2
banks,2
farming,2
stage,2
reallocation,2
substantially,2
discussed,2
granada,2
took,2
adjacent,2
remarkable,2
eds,2
dnrsp,2
hamilton,2
wood,2
remarkably,2
imputed,2
regionally,2
mokyr,2
doubled,2
matrix,2
birth,2
extremadura,2
refining,2
productividad,2
salamanca,2
findings,2
food,2
assume,2
ideas,2
nevertheless,2
theoretical,2
frax,2
entre,2
easterlin,2
incompleteness,2
spread,2
japanese,2
played,2
collected,2
zamora,2
castilla,2
oecd,2
labour,2
matched,2
toledo,2
often,2
respectively,2
pro,2
exactly,2
james,2
slightly,2
henderson,2
ground,2
quarterly,2
increases,2
vector,2
widely,2
ellison,2
miscellaneous,2
ministerio,2
modification,2
tchakerian,2
provide,2
valladolid,2
segovia,2
ordinary,2
predict,2
force,2
juan,2
espanola,2
sukkoo,2
moreda,2
comercio,2
trefler,2
types,2
combines,2
ano,2
investigate,2
considered,2
xnp,2
differentiated,2
dispersed,2
series,2
version,2
corresponded,2
satisfactory,2
dependencia,2
alvarez,2
valencia,2
seem,2
spaniards,2
equilibrium,2
sum,2
rural,2
works,2
type,2
canary,2
beginning,2
them,2
furnishes,2
offering,2
liberalization,2
isard,2
weights,2
require,2
migrations,2
inverse,2
suggests,2
helpman,2
furniture,2
reported,2
through,2
introduced,2
role,2
lies,2
went,2
conventional,2
contribute,2
firms,2
sistema,2
goldin,2
reveals,2
similarity,2
institutional,2
gracia,2
course,2
proceeding,2
d,2
need,2
glass,2
ciudad,2
avila,2
defined,2
telecomunicaciones,2
roughly,2
c,2
exclusively,2
divergent,2
dindmica,2
close,2
espaina,2
heterogeneous,2
final,1
countryside,1
exhibiting,1
difficult,1
plazo,1
coruiia,1
swedish,1
superiority,1
doubts,1
quotient,1
prefer,1
concerned,1
cent,1
shortterm,1
generous,1
functional,1
affected,1
widening,1
consume,1
environmental,1
mysteries,1
tierra,1
intriguing,1
northeast,1
yam,1
measures,1
miguel,1
durante,1
clio,1
combine,1
introduction,1
sphere,1
masahisa,1
expect,1
landholding,1
center,1
mortgage,1
needed,1
outliers,1
complex,1
miners,1
factories,1
kinds,1
grano,1
estadistica,1
openness,1
h,1
dutyfree,1
conjectures,1
cliometrics,1
modern,1
flows,1
perfect,1
melilla,1
conclusive,1
comparisons,1
galicia,1
santander,1
character,1
necessarily,1
presents,1
stefan,1
laid,1
inequality,1
oviedo,1
equations,1
preindustrial,1
automovil,1
homemarket,1
arguing,1
evasion,1
princeton,1
corresponding,1
caceres,1
digit,1
women,1
impracticable,1
chooses,1
experience,1
highlight,1
diffusion,1
accumulation,1
being,1
consistent,1
december,1
gap,1
stressed,1
wrong,1
fpe,1
certainly,1
identifying,1
cheltelham,1
aragoneses,1
riquezay,1
exaggerated,1
deindustrialization,1
assign,1
attempt,1
assist,1
promoting,1
worked,1
noticiario,1
massively,1
departure,1
historiography,1
confirmed,1
onwards,1
twodigit,1
crops,1
leading,1
timing,1
potentially,1
analyses,1
consular,1
origin,1
carts,1
follows,1
transferred,1
link,1
scheme,1
concludes,1
composition,1
deflator,1
commitment,1
algebraically,1
efficiently,1
xx,1
integrate,1
creacion,1
mimeo,1
zapata,1
consist,1
state,1
situacion,1
greatly,1
reserved,1
robert,1
secondly,1
signs,1
regressed,1
luis,1
rethinking,1
circuits,1
seminar,1
huesca,1
british,1
employs,1
elgar,1
described,1
correlated,1
mechanized,1
recorded,1
fernando,1
modify,1
paved,1
siglos,1
female,1
demography,1
draw,1
right,1
blanca,1
elhanan,1
changed,1
asturias,1
ultra,1
implies,1
determined,1
understated,1
fundacion,1
strand,1
illustrate,1
player,1
explorations,1
establishing,1
insight,1
richard,1
obvious,1
measuring,1
west,1
taking,1
variations,1
tastes,1
except,1
disparities,1
establishment,1
resources,1
ofeurope,1
quantity,1
realistic,1
desirable,1
along,1
lars,1
measurement,1
strengthens,1
reward,1
harmony,1
agricultura,1
behavior,1
diversity,1
ceuta,1
phase,1
throughout,1
timber,1
telegrams,1
surely,1
habitants,1
montreal,1
component,1
severe,1
homothetical,1
quality,1
reject,1
run,1
calculated,1
edgar,1
unpublished,1
cooperate,1
ofbadajoz,1
malaga,1
sp,1
mixed,1
establishments,1
quantifying,1
occurs,1
issued,1
walter,1
figuerola,1
cadiz,1
employing,1
extensively,1
vanished,1
affairs,1
migrate,1
reordenacion,1
wiley,1
unity,1
adjustment,1
duero,1
developments,1
perspective,1
migratorias,1
concerning,1
johnwiley,1
profound,1
highest,1
response,1
consumer,1
difficulty,1
twelve,1
allowing,1
simultaneity,1
compared,1
twice,1
witnessed,1
truly,1
weight,1
suitability,1
gil,1
communication,1
boom,1
houpt,1
xavier,1
climates,1
adult,1
hygienic,1
pronounced,1
generation,1
coal,1
acknowledge,1
idiosyncraticdemand,1
adjust,1
exponentially,1
gomez,1
lluis,1
algunas,1
book,1
employ,1
failed,1
rights,1
premiums,1
almeria,1
siesta,1
overestimated,1
simplified,1
agraria,1
identification,1
critica,1
pompeu,1
links,1
induces,1
telegrafo,1
performance,1
segunda,1
influenced,1
remain,1
motes,1
sort,1
lie,1
investigation,1
ofbarcelona,1
presentation,1
consumes,1
norte,1
una,1
represented,1
exceptionality,1
elsevier,1
vicente,1
dp,1
determining,1
granted,1
industrialize,1
associate,1
connected,1
republic,1
leave,1
parts,1
enrique,1
pages,1
gratefully,1
mobilize,1
lay,1
earl,1
limitation,1
obtains,1
productive,1
animals,1
fabra,1
happened,1
teruel,1
underline,1
support,1
downward,1
category,1
sevilla,1
cropland,1
plus,1
operates,1
andhistory,1
females,1
consider,1
battilossi,1
intercept,1
improvement,1
occupational,1
retained,1
organized,1
emergence,1
expectancy,1
branch,1
elsewhere,1
completion,1
llopis,1
house,1
unemployed,1
autarky,1
subaggregates,1
nowadays,1
looser,1
age,1
commonly,1
exploited,1
resource,1
powerful,1
connecting,1
shed,1
preferably,1
requires,1
suffice,1
expulsion,1
vp,1
suggested,1
corto,1
decades,1
appear,1
dc,1
gutierrez,1
mileage,1
raw,1
pose,1
expressed,1
closely,1
klaus,1
incomplete,1
lead,1
abandoning,1
six,1
rule,1
found,1
explanatory,1
interiores,1
xixy,1
adhered,1
amsterdam,1
seven,1
centers,1
transference,1
requirements,1
drawbacks,1
percentages,1
individually,1
initial,1
employee,1
sectoral,1
big,1
burenstam,1
handbook,1
economia,1
transactions,1
deficits,1
displayed,1
districts,1
absorption,1
intensity,1
atraccion,1
record,1
procedures,1
explored,1
gini,1
counties,1
saving,1
absolute,1
required,1
networks,1
enough,1
professionals,1
possibility,1
wants,1
technical,1
undermined,1
sites,1
almost,1
maluquer,1
pedro,1
basis,1
correctly,1
decides,1
industrialthe,1
correlation,1
bolster,1
imports,1
attenuation,1
nearest,1
unexplained,1
norm,1
apparent,1
reduction,1
staffan,1
related,1
closed,1
np,1
sophisticate,1
dividing,1
dnp,1
sanchis,1
pontevedra,1
postulated,1
jaen,1
reduces,1
climatic,1
statistics,1
et,1
justification,1
reflect,1
nucleus,1
anything,1
showing,1
interpreted,1
conform,1
wheat,1
attributed,1
creating,1
caution,1
correct,1
hard,1
negligible,1
lowest,1
shaping,1
quotients,1
reliable,1
tested,1
next,1
progreso,1
samaran,1
settlement,1
stockk,1
bank,1
increasingreturn,1
mineral,1
banknotes,1
driving,1
eleven,1
june,1
accomplished,1
highly,1
choose,1
components,1
unrelated,1
peak,1
gene,1
usual,1
claudia,1
corporations,1
credible,1
core,1
visible,1
inability,1
finishing,1
xnrsp,1
cereals,1
describes,1
midsized,1
structured,1
neoclassical,1
skill,1
finds,1
alicante,1
entrepreneurship,1
avoid,1
jeffrey,1
notion,1
lij,1
nations,1
periods,1
appeal,1
span,1
critical,1
converge,1
improves,1
whic,1
led,1
units,1
minor,1
ventured,1
matter,1
cottage,1
various,1
attributable,1
steadily,1
paribus,1
britain,1
indeed,1
limited,1
motivated,1
landless,1
interdependence,1
demset,1
harry,1
expanded,1
indicates,1
comments,1
movement,1
seemingly,1
penguin,1
direction,1
roberto,1
single,1
para,1
pastures,1
frank,1
evenly,1
cheap,1
rs,1
espafiola,1
criticism,1
zaragoza,1
deflated,1
yet,1
liability,1
reference,1
permission,1
examined,1
represents,1
paradox,1
serve,1
counterparts,1
mobile,1
formally,1
water,1
populated,1
us,1
confidence,1
participants,1
included,1
homogeneous,1
infrastructure,1
light,1
complete,1
promotes,1
dropped,1
sharply,1
carmona,1
jroses,1
fp,1
nineteenthcentury,1
suppliers,1
largest,1
exodus,1
insights,1
transporte,1
unusually,1
inheritance,1
social,1
exact,1
declining,1
useful,1
simulation,1
ofirs,1
starting,1
indicador,1
french,1
seville,1
whichever,1
multiplying,1
toward,1
turner,1
idiosyncraticdemandp,1
put,1
lowering,1
efforts,1
averages,1
santos,1
longer,1
lack,1
idea,1
consideration,1
sells,1
getafe,1
foodstuffs,1
lisp,1
seasonality,1
departments,1
instituto,1
agree,1
documents,1
striking,1
clerks,1
really,1
vernon,1
hear,1
contemporary,1
doubt,1
javier,1
considerable,1
imperfect,1
forms,1
conclusions,1
behind,1
fits,1
bulky,1
covered,1
accepted,1
registro,1
establish,1
hectares,1
answer,1
hides,1
ports,1
eg,1
practice,1
japan,1
rogoff,1
chronologically,1
cambridgeuniversity,1
acerca,1
gives,1
free,1
loij,1
regressing,1
day,1
midwest,1
scant,1
interpreting,1
original,1
nvp,1
conomic,1
understanding,1
lasting,1
xjp,1
strengthened,1
atlantic,1
examples,1
restrictions,1
comprise,1
disagree,1
range,1
active,1
logs,1
assessment,1
robustness,1
deposits,1
interprovinciales,1
including,1
arose,1
predominates,1
sufficiently,1
ancillary,1
rsp,1
identity,1
aproximacion,1
lecture,1
controlling,1
provincej,1
combining,1
sold,1
unfortunately,1
slump,1
assumption,1
emphasize,1
divergences,1
inherently,1
complutense,1
shortcomings,1
products,1
harvard,1
underestimates,1
processes,1
exhibited,1
actual,1
pack,1
esperanza,1
eligible,1
nothing,1
friction,1
examination,1
trust,1
lugo,1
check,1
graham,1
literate,1
improvements,1
weaving,1
inversely,1
factores,1
exports,1
adding,1
authors,1
furnish,1
liquor,1
essay,1
peter,1
correcting,1
issn,1
held,1
individual,1
divisions,1
allowed,1
started,1
like,1
geographically,1
function,1
statistically,1
premium,1
variance,1
dry,1
paths,1
disclaimer,1
proximity,1
spirits,1
intrinsic,1
lose,1
permitting,1
latter,1
decide,1
valued,1
outside,1
systems,1
satisfy,1
k,1
evolutionary,1
sense,1
nth,1
insists,1
glenn,1
editors,1
become,1
relation,1
specialize,1
emphasized,1
banking,1
viken,1
sobre,1
availability,1
probably,1
differ,1
attracted,1
macmillan,1
tendency,1
joint,1
sole,1
encompassing,1
qn,1
concluded,1
division,1
applies,1
examines,1
consumed,1
separate,1
dilute,1
european,1
implicitly,1
distilling,1
yields,1
logrofio,1
financiera,1
accounted,1
lo,1
imply,1
me,1
bureau,1
lot,1
continued,1
science,1
ridden,1
ministry,1
reasonable,1
gv,1
santiago,1
sec,1
primarily,1
cuencas,1
rfistica,1
becomes,1
who,1
sensitive,1
seen,1
transformed,1
progressively,1
ofthe,1
nuevo,1
economists,1
contribution,1
suggestions,1
universitat,1
transformation,1
reservations,1
linking,1
homewhole,1
life,1
settled,1
es,1
prerailway,1
efficiency,1
olives,1
lowered,1
existed,1
bureaus,1
united,1
mortality,1
teresa,1
composed,1
tial,1
itself,1
puertos,1
uso,1
bigger,1
resemble,1
arbitrage,1
albacete,1
stable,1
catalan,1
addressed,1
gpo,1
exercised,1
espaiola,1
associated,1
historian,1
bbva,1
reviewing,1
lessons,1
broke,1
conclusion,1
accordance,1
changing,1
intensification,1
homogeneity,1
reallocations,1
must,1
reflexiones,1
extensive,1
economically,1
extension,1
separately,1
regress,1
laureano,1
perhaps,1
text,1
equipment,1
appealing,1
offers,1
column,1
cover,1
cia,1
branches,1
sure,1
finance,1
cushion,1
attribute,1
impoverished,1
key,1
innovations,1
transportes,1
believe,1
referees,1
restrictive,1
current,1
allied,1
grossman,1
hearn,1
foundation,1
dramatic,1
alternatively,1
reliability,1
denotes,1
perfectly,1
spontaneously,1
benefit,1
cultivation,1
build,1
iron,1
explicitly,1
producers,1
just,1
gvp,1
emerges,1
february,1
respect,1
evident,1
public,1
pooled,1
combined,1
progresses,1
wwere,1
implicit,1
whether,1
kevin,1
rose,1
reconcile,1
ones,1
rising,1
supports,1
males,1
maintain,1
attitudes,1
differentiates,1
seasonal,1
novelty,1
mathematics,1
extent,1
supplemented,1
industrializacion,1
property,1
huge,1
mitad,1
fiabilidad,1
marriages,1
rentk,1
conference,1
presume,1
aragon,1
simplifies,1
abundantly,1
researchers,1
varieties,1
john,1
transport,1
altered,1
conclude,1
city,1
preferable,1
despite,1
huelva,1
alternatives,1
confirm,1
yearly,1
easy,1
african,1
turns,1
techniques,1
transition,1
step,1
struck,1
exceeded,1
condition,1
tender,1
copper,1
definitions,1
think,1
ization,1
london,1
pair,1
tomas,1
come,1
producer,1
question,1
cuadernos,1
tell,1
negative,1
differentiation,1
known,1
reallocated,1
joel,1
intensified,1
finding,1
halving,1
washington,1
grant,1
fluctuations,1
accept,1
aware,1
parallels,1
offer,1
move,1
typically,1
upon,1
defines,1
provided,1
guiafabril,1
regular,1
france,1
off,1
area,1
measured,1
remains,1
francisco,1
association,1
classification,1
lj,1
indices,1
showed,1
anonymous,1
comparison,1
specific,1
artisan,1
deciding,1
ensuring,1
combination,1
doubling,1
consisted,1
vary,1
reached,1
agrees,1
create,1
norman,1
scholliers,1
substantial,1
element,1
entire,1
benchmark,1
north,1
premature,1
historyreview,1
manufactured,1
inicios,1
stefano,1
nests,1
ceteris,1
