WORDCOUNTS,WEIGHT
the,653
of,359
and,249
in,230
to,155
war,137
a,127
s,84
pp,82
that,81
for,70
economy,69
by,65
during,62
from,62
u,56
is,51
economic,50
as,50
percent,49
it,48
p,45
kuznets,45
price,43
was,38
wartime,37
not,37
on,35
military,34
were,33
one,32
real,31
national,31
with,30
controls,30
production,29
new,27
consumption,26
had,25
or,25
more,25
at,24
history,24
data,24
gnp,24
but,23
civilian,23
government,22
unemployment,22
than,22
this,22
goods,22
they,21
all,21
even,21
column,21
years,21
between,21
an,20
united,20
product,20
york,19
prices,19
many,19
standard,19
series,19
level,19
prosperity,19
are,18
index,18
states,18
american,17
labor,17
consumer,17
rockoff,17
see,17
capital,17
did,17
world,17
higgs,16
ii,16
force,16
most,15
which,15
bureau,15
employment,15
table,15
washington,15
much,15
official,14
other,14
their,14
its,14
be,14
personal,14
measure,14
market,13
some,13
output,13
he,13
have,13
rate,12
estimate,12
no,12
changes,12
year,12
so,12
deflator,12
economists,12
if,11
million,11
his,11
performance,11
variant,11
stock,11
because,11
people,11
statistics,11
commerce,11
depression,11
only,11
income,11
made,11
report,11
historical,11
what,11
increased,11
per,10
being,10
munitions,10
consumers,10
after,10
dc,10
out,10
forces,10
trends,10
annual,10
value,10
do,10
advisers,10
spending,10
can,10
who,10
council,10
although,10
economics,9
welfare,9
census,9
markets,9
schwartz,9
when,9
these,9
department,9
armed,9
command,9
kendrick,9
measures,8
into,8
great,8
those,8
money,8
defense,8
friedman,8
public,8
mobilization,8
macroeconomic,8
peak,8
decline,8
two,8
also,8
board,8
iii,8
them,8
m,7
total,7
robert,7
has,7
historians,7
vatter,7
journal,7
growth,7
could,7
however,7
almost,7
work,7
concept,7
edn,7
approach,7
either,7
monetary,7
about,7
hugh,7
j,7
less,7
simon,7
been,7
capita,7
rose,7
fiscal,7
decade,6
sources,6
hence,6
such,6
drastic,6
estimates,6
adjustments,6
just,6
produced,6
well,6
used,6
though,6
industry,6
nearly,6
make,6
time,6
john,6
novick,6
explanation,6
general,6
never,6
physical,6
alternative,6
must,6
come,6
nnp,6
final,5
vedder,5
position,5
indexes,5
found,5
there,5
system,5
includes,5
inflation,5
hardly,5
may,5
federal,5
hughes,5
risk,5
university,5
flow,5
view,5
greater,5
persons,5
wealth,5
prewar,5
r,5
part,5
nation,5
intermediate,5
et,5
good,5
mitchell,5
productivity,5
society,5
service,5
still,5
above,5
al,5
again,5
substantially,5
remained,5
private,5
investment,5
budget,5
factor,5
conditions,5
actual,5
would,5
darby,5
black,5
employees,5
abramovitz,5
computed,5
authorities,5
then,5
different,5
current,5
while,5
richard,5
residuum,5
substantial,5
resources,5
difficult,4
polenberg,4
way,4
corporate,4
large,4
before,4
first,4
t,4
mills,4
i,4
account,4
framework,4
rationing,4
americans,4
without,4
how,4
front,4
moreover,4
valuation,4
unemployed,4
profile,4
important,4
population,4
cannot,4
accounting,4
future,4
genuine,4
actually,4
social,4
working,4
research,4
up,4
using,4
rest,4
activities,4
short,4
interpretation,4
happened,4
melman,4
under,4
home,4
costs,4
fell,4
shows,4
longer,4
end,4
v,4
purposes,4
jobs,4
free,4
blum,4
worse,4
victory,4
maintenance,4
like,4
gallaway,4
especially,4
james,4
postwar,4
began,4
recognize,4
rapidly,4
life,4
why,4
get,4
considered,4
far,4
winkler,4
always,4
anna,4
quantities,4
despite,4
became,4
shown,4
models,4
argument,4
cambridge,4
average,4
institutional,4
crisis,4
effects,4
off,4
c,4
gordon,4
miller,3
does,3
struggle,3
krug,3
estimated,3
later,3
everyone,3
mar,3
evans,3
cars,3
justified,3
necessarily,3
princeton,3
controlled,3
lower,3
said,3
taken,3
might,3
available,3
differences,3
producing,3
lebergott,3
products,3
political,3
within,3
discrepancies,3
understated,3
activity,3
purchases,3
exchanges,3
surged,3
himself,3
fussell,3
insisted,3
left,3
billion,3
stanley,3
rates,3
conceptually,3
industries,3
operation,3
poor,3
milton,3
understand,3
plus,3
clearly,3
numbers,3
too,3
w,3
additional,3
permanent,3
declined,3
schweitzer,3
events,3
guns,3
tobin,3
writers,3
reserve,3
reduction,3
related,3
got,3
justification,3
geofrey,3
own,3
sense,3
things,3
event,3
small,3
several,3
consensus,3
june,3
gross,3
critical,3
therefore,3
deflators,3
harris,3
registered,3
makes,3
marginal,3
durables,3
neither,3
same,3
dropped,3
ed,3
industrial,3
seymour,3
opa,3
financial,3
smith,3
fundamental,3
wesley,3
larger,3
associates,3
question,3
took,3
leviathan,3
increases,3
model,3
where,3
accepted,3
necessary,3
keynesian,3
pricing,3
values,3
increase,3
use,3
persisted,3
full,3
macro,3
period,3
high,3
administrative,3
latter,3
dollars,3
anderson,3
expectations,3
seattle,3
probably,3
capitalism,3
figures,3
we,3
moses,3
usually,3
army,3
returned,3
construction,3
fall,3
itself,3
mises,3
profits,3
equipment,3
seem,3
expense,3
job,3
arsenal,3
conscription,3
differed,3
allocation,3
better,3
beginning,3
william,3
nominal,3
maintain,3
extent,3
nordhaus,3
produce,3
huge,3
both,3
durable,3
administration,3
assumptions,3
mansfield,3
commodities,3
manufacturing,3
until,3
survival,3
buchanan,3
peacetime,3
ships,3
chicago,3
views,3
little,3
among,3
recent,3
observed,3
problem,2
democracy,2
transportation,2
common,2
inaccurate,2
designated,2
affected,2
determine,2
alone,2
utility,2
obsolete,2
columns,2
second,2
true,2
injuries,2
completely,2
expenditure,2
keynesianism,2
occurred,2
causes,2
source,2
expenditures,2
experience,2
came,2
long,2
every,2
entailed,2
implications,2
darkness,2
billions,2
worked,2
seems,2
gary,2
reach,2
goodbye,2
belong,2
disappearance,2
jumped,2
mind,2
state,2
murray,2
deteriorated,2
classic,2
depending,2
bases,2
america,2
vol,2
capable,2
possible,2
politics,2
obvious,2
say,2
conceptual,2
very,2
bonds,2
harold,2
corresponding,2
central,2
review,2
constructed,2
estimating,2
immediate,2
since,2
machine,2
pay,2
suppose,2
admitted,2
nelson,2
adjustment,2
nor,2
david,2
concerning,2
back,2
body,2
response,2
difficulty,2
minus,2
compare,2
profit,2
artillery,2
stagnation,2
discussant,2
higher,2
failed,2
exact,2
indirect,2
mean,2
goes,2
appears,2
loses,2
b,2
certain,2
contributions,2
study,2
ludwig,2
moves,2
accounts,2
niemi,2
statistical,2
producers,2
otherwise,2
sum,2
show,2
jacobson,2
resource,2
followed,2
comparisons,2
cost,2
committee,2
bombs,2
flation,2
nondefense,2
hours,2
raw,2
uses,2
incomplete,2
assets,2
location,2
harder,2
extraordinary,2
inappropriate,2
changed,2
clinard,2
subjectivism,2
initial,2
respects,2
equal,2
mainly,2
required,2
directly,2
none,2
story,2
purpose,2
description,2
outlays,2
stein,2
older,2
place,2
refined,2
partly,2
suppliers,2
point,2
butter,2
employed,2
il,2
indianapolis,2
walton,2
count,2
presumption,2
inconveniently,2
least,2
barro,2
field,2
deficits,2
lords,2
arbitrary,2
oct,2
sufficient,2
manchester,2
essentially,2
jensen,2
latest,2
credible,2
orthodox,2
results,2
paul,2
moved,2
massive,2
pertaining,2
various,2
steadily,2
mislaid,2
return,2
computing,2
drops,2
brings,2
prevailing,2
indicates,2
cowen,2
yet,2
housing,2
tax,2
complete,2
professor,2
puth,2
noted,2
investors,2
buildup,2
business,2
death,2
fact,2
treatment,2
choice,2
fallen,2
program,2
triumphed,2
forms,2
men,2
outside,2
michael,2
unanticipated,2
perhaps,2
belief,2
eds,2
number,2
ibid,2
week,2
credit,2
recognizing,2
understanding,2
bond,2
equalities,2
discussion,2
janeway,2
enormous,2
sufficiently,2
recover,2
prevailed,2
virtually,2
recovery,2
kingdom,2
services,2
individuals,2
low,2
reality,2
carnival,2
amounts,2
distinction,2
ended,2
presidential,2
migrants,2
problems,2
correction,2
effect,2
reconversion,2
enemies,2
versus,2
occupied,2
haven,2
relative,2
concluded,2
widely,2
von,2
fails,2
defensible,2
declines,2
equals,2
lot,2
science,2
stocks,2
substitution,2
insist,2
detailed,2
indicate,2
often,2
crowded,2
school,2
any,2
comes,2
simply,2
economically,2
corrections,2
here,2
highly,2
civilians,2
control,2
december,2
believe,2
nber,2
catton,2
half,2
plunged,2
cures,2
brinkley,2
compliance,2
rearmament,2
living,2
merely,2
turned,2
drop,2
according,2
purchase,2
whether,2
terms,2
statement,2
distribution,2
thousands,2
millions,2
rationed,2
evidently,2
through,2
subsidies,2
prospect,2
role,2
meaningful,2
subject,2
our,2
analysts,2
evasions,2
accept,2
documentation,2
course,2
offer,2
include,2
evidence,2
shells,2
remains,2
comparison,2
themselves,2
reached,2
irrelevant,2
early,2
treating,2
should,2
draft,2
ammunition,1
set,1
erik,1
go,1
now,1
customers,1
possessed,1
precipitously,1
pegged,1
validation,1
declared,1
indicated,1
rev,1
meaning,1
decaying,1
created,1
represent,1
personnel,1
wa,1
episodes,1
fiction,1
arrive,1
overstated,1
presses,1
implies,1
reigning,1
empirical,1
poorer,1
eliminated,1
ultimate,1
spurred,1
notably,1
grotesque,1
lapsed,1
obtains,1
everybody,1
forcing,1
group,1
becoming,1
center,1
spendingfor,1
achievements,1
illegal,1
essays,1
reassessment,1
stays,1
ma,1
referring,1
approximate,1
confines,1
sidearms,1
ways,1
solidarity,1
elberton,1
contend,1
studies,1
corrects,1
barely,1
comports,1
modern,1
favor,1
flows,1
earnings,1
realities,1
queues,1
policy,1
protection,1
western,1
talking,1
cargo,1
overwhelm,1
allies,1
harsh,1
title,1
yielding,1
planes,1
regime,1
evasion,1
character,1
permitted,1
montclair,1
women,1
prosperous,1
chooses,1
fumbling,1
fy,1
consistent,1
fabric,1
anything,1
tullock,1
melvin,1
morton,1
permit,1
earning,1
coupons,1
wrong,1
chasm,1
blended,1
nonexistent,1
pervasive,1
allocations,1
chaos,1
feeling,1
diego,1
rapid,1
secretary,1
liberty,1
words,1
dramatically,1
regrettable,1
allan,1
limb,1
leading,1
broadly,1
broken,1
suggesting,1
desire,1
simple,1
thank,1
portrayal,1
potentially,1
analyses,1
admittedly,1
borne,1
procedure,1
argue,1
take,1
tradeoffs,1
roosevelt,1
last,1
rucker,1
remainder,1
raised,1
reserved,1
opposite,1
adventures,1
decreased,1
wage,1
somewhat,1
ambiguous,1
unhampered,1
daniel,1
depends,1
case,1
issue,1
occasional,1
existence,1
forthcoming,1
disabling,1
heights,1
albeit,1
pulled,1
unaware,1
adopts,1
peculiarities,1
trans,1
draw,1
rests,1
right,1
approximations,1
exception,1
shoppers,1
chapter,1
suppress,1
e,1
determined,1
upward,1
condition,1
gleed,1
slight,1
drive,1
wealthier,1
adopting,1
flamboyant,1
julian,1
move,1
magazine,1
calculated,1
barry,1
apart,1
taking,1
interdisciplinary,1
headed,1
consequent,1
eliminating,1
sent,1
cited,1
bottom,1
anticipated,1
voila,1
facto,1
financed,1
economies,1
measurement,1
recreated,1
warfare,1
inventory,1
behavior,1
surplus,1
disavow,1
exposed,1
tons,1
exist,1
andrew,1
throughout,1
denying,1
relocation,1
expect,1
reverse,1
component,1
severe,1
facts,1
difficulties,1
dynamics,1
development,1
quality,1
inevitable,1
pursue,1
run,1
countless,1
consumed,1
due,1
against,1
distinguishing,1
realized,1
econometric,1
accepts,1
unpublished,1
de,1
g,1
author,1
corner,1
everyeconomy,1
interest,1
regarded,1
ability,1
prohibitions,1
relations,1
application,1
jr,1
century,1
vanished,1
placid,1
manuscript,1
fishback,1
forced,1
understates,1
funds,1
turn,1
cases,1
pessimistic,1
items,1
mistakes,1
rejecting,1
displays,1
serving,1
flawed,1
wholly,1
compared,1
unchanged,1
effective,1
rutten,1
witnessed,1
siegel,1
fourth,1
tyler,1
find,1
magnifies,1
percentage,1
memoir,1
communication,1
look,1
corrected,1
boom,1
appreciated,1
wounded,1
shall,1
coal,1
adjust,1
competitive,1
error,1
cliometric,1
battles,1
newer,1
finances,1
employ,1
mechanisms,1
rights,1
sixteen,1
escaped,1
enhancing,1
betrays,1
recognized,1
dangerously,1
whose,1
essential,1
indefensible,1
genuinely,1
obtuseness,1
reagan,1
expected,1
testimony,1
rather,1
variance,1
aimed,1
developed,1
eatwell,1
purged,1
outputs,1
opportunity,1
proportion,1
lasted,1
supplement,1
similar,1
importance,1
direct,1
errs,1
benjamin,1
hardships,1
special,1
emergency,1
white,1
randal,1
uncertainties,1
summarized,1
limitation,1
wasteful,1
factors,1
ames,1
risks,1
fn,1
support,1
means,1
insistence,1
albert,1
monumental,1
deflate,1
wages,1
notwithstanding,1
wanted,1
consider,1
conceptualization,1
entry,1
churns,1
established,1
physically,1
continuity,1
slowly,1
lowell,1
director,1
edition,1
weather,1
elevated,1
n,1
mary,1
bruce,1
weak,1
differs,1
landing,1
frequently,1
calendar,1
solid,1
four,1
valuations,1
commonly,1
commented,1
recovered,1
dept,1
electrified,1
spirit,1
follow,1
beyond,1
definite,1
instance,1
answers,1
dominant,1
helped,1
antecedents,1
refrigerators,1
retirement,1
upsurge,1
arms,1
holdings,1
whereas,1
ordinarily,1
expressed,1
closely,1
my,1
based,1
acceptable,1
allow,1
bearing,1
harbor,1
carrying,1
inherent,1
called,1
attack,1
effort,1
centers,1
deal,1
demands,1
relate,1
pioneer,1
noting,1
eliot,1
predecessor,1
tires,1
representative,1
frustrations,1
big,1
late,1
apologetic,1
further,1
disincentives,1
pure,1
understood,1
transactions,1
third,1
rent,1
accordingly,1
bore,1
treat,1
earthquake,1
viewed,1
recently,1
bituminous,1
priorities,1
hammers,1
purchased,1
grounds,1
record,1
procedures,1
perform,1
saving,1
absolute,1
instrumental,1
availability,1
possibility,1
eliminate,1
technical,1
aspects,1
improve,1
taxes,1
trough,1
having,1
participation,1
makers,1
formerly,1
planning,1
scope,1
bullets,1
received,1
basis,1
qualifications,1
claim,1
psychological,1
london,1
inconveniences,1
example,1
proportions,1
apparent,1
calls,1
comment,1
aged,1
multiplied,1
equivalent,1
arrives,1
misinterpreted,1
constructs,1
outpouring,1
smartly,1
records,1
falling,1
survey,1
repairs,1
structures,1
stimulate,1
call,1
somewhere,1
vessels,1
reflect,1
surrounding,1
ultimately,1
showing,1
seminars,1
stanford,1
teenagers,1
doubtful,1
arranging,1
withstand,1
diverted,1
nj,1
markedly,1
presentations,1
manifestation,1
errors,1
change,1
statistically,1
hard,1
below,1
cold,1
distances,1
fostered,1
revolution,1
quotients,1
dictionary,1
next,1
exhorted,1
contrast,1
insecurities,1
standpoint,1
sharp,1
unorthodox,1
bank,1
liquidation,1
around,1
intervals,1
upshot,1
concerns,1
replace,1
components,1
temporary,1
gasoline,1
weapons,1
albers,1
impossible,1
yielded,1
fully,1
disavowal,1
arbitrariness,1
dim,1
spurious,1
pays,1
infantry,1
proper,1
notice,1
notes,1
enormously,1
plausible,1
reflected,1
diminished,1
crime,1
grateful,1
preliminary,1
displaced,1
finds,1
keynesians,1
landlords,1
awesome,1
avoid,1
periods,1
deleting,1
south,1
span,1
will,1
f,1
defended,1
happen,1
led,1
san,1
likely,1
transform,1
situation,1
fortunate,1
demand,1
reduced,1
minor,1
materials,1
functioning,1
concessions,1
separation,1
overall,1
expansion,1
insiders,1
intrusions,1
play,1
successes,1
crowding,1
tide,1
appreciate,1
brief,1
female,1
beware,1
object,1
reduce,1
building,1
july,1
judgment,1
accumulations,1
comments,1
standing,1
unprecedented,1
seemingly,1
abrupt,1
hold,1
direction,1
positive,1
exceeded,1
single,1
dismemberment,1
inconvenient,1
once,1
chronicle,1
pacific,1
criticism,1
stalled,1
reference,1
meanwhile,1
opportunities,1
security,1
read,1
serve,1
soon,1
stroup,1
truppner,1
message,1
combat,1
vanishes,1
us,1
marshall,1
participants,1
included,1
planned,1
orders,1
culture,1
wallis,1
undergird,1
rising,1
colonial,1
times,1
switch,1
tricks,1
illustrated,1
quotations,1
pervasively,1
speaking,1
rise,1
demobilization,1
published,1
regardless,1
lee,1
members,1
transports,1
successfully,1
monetarist,1
temporarily,1
challenge,1
technique,1
others,1
rosy,1
similarly,1
varies,1
deterioration,1
tremendous,1
added,1
signified,1
herbert,1
efforts,1
arlington,1
endless,1
overwhelming,1
collar,1
deficient,1
areas,1
prepared,1
plan,1
beliefs,1
ought,1
exclusion,1
reform,1
casualties,1
transactors,1
really,1
angry,1
incorporation,1
aug,1
everything,1
airplanes,1
deleterious,1
contemporary,1
inherently,1
frenetic,1
identical,1
commuting,1
pattern,1
serious,1
external,1
planners,1
procurement,1
insane,1
drove,1
likelihood,1
arisen,1
covered,1
hopelessness,1
manner,1
secular,1
continuing,1
validity,1
forth,1
agencies,1
swing,1
rounds,1
recognizes,1
ignoring,1
sell,1
lurked,1
gives,1
shifts,1
deficit,1
mcguire,1
exhilarating,1
mortars,1
another,1
commensurable,1
authorized,1
meetings,1
understatement,1
subsistence,1
aggregation,1
investigated,1
vast,1
supplies,1
bls,1
lost,1
irreparably,1
effectiveness,1
restrictions,1
sacrifices,1
shaky,1
prohibition,1
pertain,1
including,1
launched,1
loanable,1
significant,1
illusion,1
sold,1
misled,1
assumption,1
additions,1
navy,1
manipulation,1
ideas,1
complements,1
extraordinarily,1
net,1
satisfactorily,1
questions,1
commodity,1
hour,1
raising,1
previous,1
office,1
theories,1
deducts,1
theoretical,1
described,1
teered,1
harvey,1
displacing,1
distortion,1
significance,1
explorations,1
crises,1
three,1
assignment,1
definitely,1
sustain,1
peter,1
correcting,1
logic,1
workers,1
individual,1
keep,1
homes,1
derived,1
revised,1
prodigious,1
function,1
summer,1
creating,1
played,1
obtained,1
multiplier,1
spirits,1
earlier,1
improved,1
preservation,1
provides,1
thomas,1
noncomparable,1
construct,1
spent,1
pearl,1
mining,1
understate,1
constructing,1
moorings,1
viewpoint,1
editors,1
become,1
lacking,1
references,1
overcome,1
respectively,1
exactly,1
carbines,1
examine,1
incompatible,1
enjoyed,1
structure,1
trades,1
slightly,1
differ,1
nails,1
looked,1
northern,1
milgate,1
rallied,1
outright,1
comptroller,1
attention,1
performing,1
perils,1
operating,1
suggest,1
yields,1
relying,1
relationship,1
conscripted,1
imply,1
rothbard,1
perry,1
wisdom,1
continued,1
provide,1
movements,1
procurements,1
crucial,1
five,1
relieved,1
nonmilitary,1
pieces,1
order,1
insufficient,1
becomes,1
marketdirected,1
investigators,1
exceptional,1
dimensions,1
success,1
concluding,1
interplay,1
transformation,1
spanning,1
satisfaction,1
phrase,1
encapsulated,1
analysis,1
nonprice,1
achieve,1
surprising,1
dead,1
types,1
night,1
anarchy,1
served,1
anshen,1
problematic,1
bigger,1
grounded,1
tantamount,1
conservation,1
meant,1
rises,1
detail,1
undertook,1
assistant,1
ration,1
seriously,1
associated,1
marks,1
growing,1
regrettably,1
firsthand,1
overpricing,1
arrest,1
mentioned,1
version,1
conjunction,1
profitsa,1
leland,1
circumstances,1
extending,1
needs,1
wear,1
constituted,1
officially,1
duress,1
implied,1
dubious,1
scrutiny,1
mixes,1
besides,1
augmenting,1
sinews,1
sustained,1
nonwar,1
quickly,1
ran,1
enters,1
over,1
each,1
sure,1
country,1
readily,1
correspond,1
paper,1
shares,1
migration,1
deleted,1
ratio,1
capability,1
setting,1
best,1
alexander,1
regard,1
domestic,1
unsettling,1
sellers,1
foundation,1
particularly,1
thoroughgoing,1
newman,1
plague,1
obviously,1
enemy,1
infer,1
equilibrium,1
allocated,1
section,1
placing,1
numerator,1
enlarged,1
mass,1
rural,1
works,1
type,1
advances,1
person,1
forecasts,1
usual,1
outlook,1
virtual,1
sectors,1
explanations,1
notable,1
broke,1
glenview,1
avner,1
implicit,1
form,1
namely,1
making,1
involvement,1
plants,1
imposed,1
allowance,1
alston,1
elaborations,1
add,1
feb,1
textbook,1
conclusion,1
inputs,1
theory,1
turf,1
shortages,1
tightly,1
starkly,1
misinterpretations,1
scheduling,1
weights,1
allocate,1
abruptly,1
yield,1
generally,1
episode,1
agreed,1
suggests,1
emphasis,1
palgrave,1
freedom,1
anxieties,1
deflation,1
translated,1
conference,1
presume,1
radically,1
persistently,1
dissenters,1
lundberg,1
occasionally,1
ill,1
peace,1
given,1
conclude,1
ohio,1
buy,1
turns,1
nondurable,1
plans,1
transition,1
conventional,1
contribute,1
divided,1
overwhelmed,1
freer,1
maintained,1
gain,1
think,1
precision,1
cranking,1
ends,1
formation,1
spring,1
drafts,1
categorically,1
libecap,1
difference,1
discrepancy,1
similarity,1
donald,1
quotas,1
finding,1
decrease,1
numerous,1
recovering,1
finally,1
applicable,1
land,1
proceeding,1
deduction,1
need,1
willing,1
colleagues,1
attempted,1
association,1
ranged,1
roughly,1
tanks,1
respective,1
am,1
mobilized,1
caveats,1
offered,1
searching,1
removed,1
rifles,1
valuable,1
klein,1
fellows,1
mystery,1
consisted,1
supply,1
succeeded,1
contrasting,1
exclusively,1
element,1
entire,1
fatally,1
stormy,1
duration,1
immediately,1
counts,1
strong,1
comparable,1
diverges,1
yeager,1
virtue,1
successive,1
doing,1
delete,1
built,1
signals,1
close,1
outlawed,1
major,1
occur,1
arizona,1
costly,1
deeper,1
accountants,1
eagerly,1
