WORDCOUNTS,WEIGHT
the,642
of,361
to,261
and,235
in,206
a,153
on,129
hamilton,126
that,124
for,105
report,104
s,102
as,97
manufactures,77
was,67
it,59
congress,57
from,51
by,48
which,47
tariff,45
is,44
be,44
were,43
bounties,42
duties,41
not,40
government,39
this,39
with,39
no,37
would,37
jefferson,36
but,35
manufacturing,33
p,32
madison,32
had,31
new,31
trade,30
vol,29
domestic,27
per,26
an,26
his,25
have,25
support,24
policy,23
proposals,23
they,22
american,22
he,22
papers,21
tariffs,21
been,21
their,20
its,20
manufacturers,20
such,19
mention,19
cotton,18
raw,18
these,18
other,18
free,18
are,18
may,17
proposed,17
will,17
pp,17
more,17
them,17
at,16
interests,16
bounty,16
than,16
house,16
britain,16
alexander,16
political,15
republicans,15
also,15
revenue,15
federalists,15
treasury,15
debate,15
all,14
general,14
most,14
lb,14
made,14
after,14
table,14
any,14
state,13
against,13
opposed,13
irwin,13
producers,13
aftermath,13
public,13
because,13
vote,13
policies,13
foreign,13
did,13
states,13
much,13
annals,12
has,12
march,12
fisheries,12
over,12
commercial,12
although,12
import,12
if,11
u,11
higher,11
imports,11
or,11
january,11
finance,11
specific,11
favor,10
secretary,10
england,10
recommendations,10
how,10
means,10
encouragement,10
first,10
when,10
april,10
bill,10
high,10
promote,10
february,10
economy,10
early,10
subject,10
washington,10
one,9
debt,9
some,9
interest,9
protectionist,9
change,9
industry,9
south,9
economic,9
only,9
see,9
use,9
united,9
subsidies,9
imported,8
measures,8
total,8
later,8
i,8
powers,8
without,8
welfare,8
could,8
well,8
president,8
republican,8
protecting,8
never,8
thomas,8
can,8
who,8
december,8
almost,8
press,8
should,8
federal,7
protection,7
history,7
expenditures,7
those,7
money,7
influence,7
york,7
gallatin,7
special,7
additional,7
out,7
various,7
july,7
under,7
time,7
so,7
percent,7
five,7
independence,7
nay,7
then,7
believed,7
goods,7
just,7
republic,7
duty,7
national,7
implemented,6
tend,6
every,6
give,6
cwt,6
military,6
might,6
promoting,6
british,6
thus,6
issued,6
william,6
nelson,6
changes,6
university,6
argued,6
yea,6
war,6
however,6
clarfield,6
used,6
voted,6
wrote,6
indeed,6
peskin,6
measure,6
industrial,6
reports,6
many,6
john,6
credit,6
provide,6
reciprocity,6
country,6
allowance,6
passed,6
moderate,6
between,6
fiscal,6
into,5
production,5
taken,5
board,5
capital,5
great,5
ofalexander,5
within,5
motion,5
america,5
century,5
document,5
even,5
journal,5
failed,5
enacted,5
consider,5
textile,5
shifted,5
suggested,5
constitution,5
required,5
representatives,5
legislation,5
embargo,5
suggest,5
massachusetts,5
notes,5
society,5
materials,5
competition,5
request,5
proposal,5
plan,5
years,5
upon,5
manufactured,5
raising,5
three,5
strongly,5
itself,5
elkins,5
months,5
articles,5
considered,5
particularly,5
particular,5
while,5
our,5
frontiers,5
supported,5
appropriation,4
fate,4
word,4
occurred,4
nineteenth,4
source,4
experience,4
modest,4
advantage,4
system,4
case,4
right,4
very,4
surplus,4
september,4
price,4
adopted,4
left,4
shall,4
loans,4
industries,4
jeffersonian,4
rather,4
growth,4
doctrine,4
earlier,4
similar,4
certain,4
promotion,4
mary,4
age,4
important,4
view,4
result,4
further,4
taxes,4
future,4
r,4
nation,4
during,4
place,4
own,4
quarterly,4
commerce,4
panel,4
contrast,4
gunpowder,4
up,4
paid,4
therefore,4
led,4
power,4
tench,4
action,4
limited,4
community,4
indicates,4
yet,4
tax,4
cooke,4
two,4
noted,4
useful,4
stated,4
seum,4
less,4
increase,4
advantages,4
coxe,4
points,4
effect,4
raise,4
frontier,4
principle,4
what,4
agricultural,4
cloth,4
given,4
through,4
went,4
sectional,4
glass,4
thing,4
views,4
famous,4
meeting,4
now,3
encouraged,3
market,3
e,3
taussig,3
designed,3
shipping,3
spirit,3
position,3
western,3
yard,3
arguing,3
mckittrick,3
cast,3
fund,3
assist,3
nature,3
liberty,3
parties,3
help,3
there,3
encouragements,3
raised,3
ad,3
voting,3
advice,3
encouraging,3
agriculture,3
recommended,3
october,3
still,3
labor,3
learned,3
possessing,3
merchants,3
immediate,3
quality,3
unspecified,3
funds,3
rates,3
act,3
ways,3
opportunity,3
b,3
direct,3
ferling,3
productive,3
wanted,3
objects,3
established,3
too,3
consequence,3
cost,3
always,3
votes,3
allies,3
whereas,3
greater,3
lead,3
encourage,3
found,3
yeas,3
cod,3
effort,3
base,3
markets,3
though,3
receive,3
viewed,3
constitutionality,3
wealth,3
placed,3
opposition,3
james,3
douglas,3
start,3
apparent,3
year,3
gave,3
people,3
nays,3
prices,3
acted,3
bank,3
long,3
june,3
temporary,3
fully,3
sanctions,3
sail,3
demand,3
brief,3
nearly,3
make,3
about,3
once,3
treaty,3
federalist,3
thought,3
message,3
merchant,3
included,3
complete,3
party,3
resolution,3
strike,3
valorem,3
longer,3
supplies,3
end,3
took,3
do,3
present,3
increases,3
existing,3
recognizing,3
divided,3
region,3
including,3
nothing,3
open,3
clear,3
comprehensive,3
workers,3
like,3
period,3
favored,3
article,3
often,3
congressional,3
attention,3
aid,3
note,3
independent,3
program,3
render,3
federalism,3
meant,3
circumstances,3
securities,3
alternative,3
legislature,3
shares,3
far,3
benefit,3
evident,3
hemp,3
day,3
month,3
selected,3
making,3
ibid,3
want,3
imposed,3
protective,3
constitutional,3
virginia,3
presented,3
despite,3
became,3
administration,3
commodities,3
copper,3
salt,3
d,3
increased,3
ships,3
discrimination,3
genl,3
create,3
strong,3
among,3
final,2
done,2
way,2
adopt,2
cent,2
congressman,2
mccoy,2
ultimate,2
likely,2
regulations,2
true,2
johns,2
easily,2
specified,2
considerations,2
decade,2
virtually,2
freeman,2
contested,2
prohibitions,2
being,2
discretion,2
either,2
provision,2
sources,2
barriers,2
wool,2
address,2
attempt,2
worked,2
seems,2
million,2
indifferent,2
atlantic,2
products,2
take,2
embrace,2
reserved,2
principal,2
profitable,2
violating,2
pecuniary,2
adverse,2
sought,2
reaction,2
calculated,2
west,2
whatever,2
along,2
himself,2
prevented,2
tied,2
mid,2
welcomed,2
conflict,2
tonnage,2
explained,2
characteristic,2
financing,2
adam,2
amount,2
wares,2
young,2
jacob,2
misleading,2
find,2
bottles,2
apparently,2
delivered,2
coal,2
stanley,2
finances,2
recognized,2
essential,2
obtained,2
debated,2
aggressive,2
fair,2
patronage,2
mechanics,2
unconstitutional,2
pages,2
maryland,2
ensure,2
possibly,2
days,2
dartmouth,2
impact,2
instrument,2
hoped,2
origins,2
efficient,2
appropriations,2
discouraging,2
export,2
cut,2
advocated,2
legislative,2
my,2
whom,2
called,2
hopkins,2
noting,2
supporters,2
equal,2
let,2
mainly,2
stock,2
skilled,2
indirect,2
mckitrick,2
cannot,2
fish,2
expedient,2
package,2
property,2
shape,2
having,2
basis,2
ofjames,2
implement,2
received,2
already,2
draconian,2
part,2
purpose,2
example,2
tabled,2
shankman,2
positions,2
feared,2
away,2
rise,2
sulfur,2
systematic,2
traders,2
least,2
peterson,2
revolution,2
order,2
phrase,2
quite,2
event,2
involved,2
met,2
protect,2
majority,2
resistance,2
proper,2
using,2
correspondence,2
provided,2
avoid,2
nations,2
heretofore,2
second,2
role,2
reduced,2
short,2
object,2
elusive,2
cole,2
above,2
intervention,2
reception,2
positive,2
single,2
scarcity,2
frank,2
collect,2
oxford,2
recommendation,2
serve,2
soon,2
fail,2
technology,2
favorable,2
management,2
jay,2
light,2
assistance,2
baltimore,2
floor,2
silk,2
department,2
disrupted,2
members,2
french,2
comfortable,2
toward,2
again,2
others,2
renewed,2
put,2
addition,2
financial,2
efforts,2
limit,2
fundamental,2
pressure,2
enact,2
really,2
decreases,2
ought,2
conclusions,2
where,2
borrowing,2
necessary,2
books,2
wood,2
recommend,2
degree,2
another,2
local,2
classes,2
vast,2
giles,2
previously,2
govt,2
skeptical,2
largely,2
resulting,2
strikingly,2
safety,2
peter,2
disappointed,2
objection,2
august,2
allowed,2
him,2
came,2
neutral,2
artificial,2
margin,2
written,2
we,2
payment,2
propose,2
immigration,2
separate,2
stage,2
respect,2
window,2
chance,2
fear,2
employment,2
relations,2
temin,2
establish,2
began,2
lawrence,2
smuggling,2
instances,2
obstacle,2
arts,2
associated,2
mentioned,2
comparison,2
exorbitant,2
simply,2
extensive,2
steel,2
ever,2
bushel,2
known,2
set,2
know,2
natural,2
different,2
best,2
agreement,2
eventually,2
applauded,2
iron,2
mass,2
passage,2
better,2
pushing,2
according,2
succeeded,2
whether,2
terms,2
list,2
namely,2
dallas,2
prepare,2
w,2
require,2
produce,2
balance,2
information,2
precedent,2
emphasis,2
art,2
both,2
thereby,2
gerard,2
giving,2
plans,2
writing,2
think,2
leap,2
prepared,2
come,2
eric,2
question,2
until,2
argues,2
finally,2
wish,2
manufactories,2
product,2
smaller,2
france,2
you,2
prosperity,2
extremely,2
remains,2
requesting,2
offered,2
trader,2
c,2
partial,2
dark,2
abroad,2
persuaded,2
objected,2
north,2
asked,2
customs,2
perception,2
spikes,1
possessed,1
rate,1
o,1
struggle,1
doubts,1
discourage,1
page,1
liquidate,1
pleaded,1
common,1
conflicting,1
destroying,1
concerned,1
indicated,1
commentary,1
tion,1
offederalism,1
till,1
praised,1
career,1
schism,1
privations,1
college,1
perfection,1
thrown,1
worthy,1
resisting,1
announced,1
submission,1
alone,1
introduction,1
compensated,1
ends,1
passing,1
connect,1
sympathetic,1
becoming,1
reminding,1
drawback,1
partially,1
envisioned,1
essays,1
formed,1
authority,1
authorize,1
english,1
h,1
sudden,1
unanswered,1
contend,1
linens,1
seybert,1
hair,1
committee,1
necessarily,1
unlike,1
laid,1
debacle,1
amply,1
carpeting,1
impediments,1
remedy,1
exceptions,1
edu,1
practices,1
permitted,1
footing,1
lower,1
incomplete,1
deserved,1
defeated,1
paterson,1
stressed,1
undermine,1
fast,1
complained,1
importing,1
entailed,1
debating,1
official,1
containing,1
referrals,1
principles,1
book,1
europe,1
skills,1
twenty,1
explores,1
cocoa,1
accompanied,1
simple,1
thank,1
farmers,1
stood,1
potentially,1
producing,1
cordage,1
accommodated,1
incident,1
quintessential,1
real,1
deemed,1
subsequent,1
last,1
date,1
murray,1
trouble,1
greatly,1
mr,1
surely,1
alike,1
barred,1
contents,1
nowhere,1
documenting,1
issue,1
side,1
inseparable,1
wasted,1
ofhamilton,1
cabinet,1
recorded,1
attacked,1
key,1
outlet,1
paved,1
expenses,1
saying,1
efficacious,1
neutralize,1
changed,1
stepped,1
nonimportation,1
account,1
anticipation,1
opened,1
welcome,1
possible,1
stance,1
machinery,1
slight,1
visionary,1
establishing,1
erased,1
etc,1
memo,1
richard,1
obvious,1
taking,1
bans,1
desired,1
point,1
except,1
eliminating,1
establishment,1
owners,1
sent,1
conception,1
quantity,1
anticipated,1
prospectus,1
precipitous,1
sheathing,1
minimum,1
letter,1
purchased,1
prejudice,1
sheltered,1
attract,1
diversity,1
funded,1
exist,1
regarding,1
goal,1
constn,1
andrew,1
centralized,1
amendment,1
indefinite,1
differential,1
champions,1
sylla,1
difficulties,1
development,1
accommodation,1
pursue,1
professor,1
since,1
de,1
g,1
author,1
scarce,1
regarded,1
ability,1
large,1
decided,1
consumer,1
justifications,1
afford,1
application,1
conducted,1
jr,1
complex,1
fabrics,1
pay,1
govmts,1
assured,1
emigration,1
extensively,1
expected,1
yourself,1
retaliatory,1
praising,1
exercise,1
priority,1
turn,1
bacon,1
candidates,1
nor,1
items,1
speculative,1
reluctance,1
keep,1
perspective,1
back,1
contrary,1
channels,1
served,1
allowing,1
compared,1
traveler,1
truly,1
introdn,1
helpful,1
undertaking,1
grdce,1
outflow,1
exempted,1
skins,1
resolutions,1
colleague,1
dispensing,1
guard,1
competitive,1
evenly,1
unfortunate,1
importers,1
doron,1
blow,1
rights,1
premiums,1
assessed,1
efficiency,1
abolitions,1
colour,1
enhancing,1
alleged,1
whose,1
beget,1
plotted,1
bring,1
aimed,1
arising,1
across,1
happily,1
magisterial,1
ironic,1
edward,1
influential,1
levels,1
preparing,1
revenues,1
bore,1
myself,1
responded,1
unanimously,1
lasting,1
kept,1
requisite,1
conversation,1
importance,1
philadelphia,1
sophistry,1
mercer,1
itemized,1
white,1
lay,1
overlooked,1
consequences,1
extremes,1
ames,1
valuation,1
qualify,1
references,1
pernicious,1
escape,1
albert,1
perceptions,1
theorists,1
improvement,1
imposing,1
rated,1
grounds,1
clearly,1
proved,1
elsewhere,1
edition,1
accrued,1
realities,1
receiving,1
record,1
reconstituted,1
jersey,1
god,1
weak,1
frequently,1
threat,1
shrinking,1
commonly,1
initiative,1
scuttle,1
operate,1
powerful,1
statement,1
beyond,1
requested,1
defeat,1
followed,1
generally,1
circulating,1
instance,1
permanent,1
strenuously,1
injustice,1
restriction,1
odd,1
helped,1
denounced,1
opinion,1
preference,1
providing,1
drawing,1
dc,1
reflections,1
union,1
expressed,1
feel,1
closely,1
broaches,1
formidable,1
urgency,1
contravened,1
questioned,1
arrival,1
allow,1
bonds,1
six,1
opposing,1
consisting,1
entered,1
demise,1
strength,1
access,1
attack,1
speaker,1
relating,1
seven,1
economics,1
deal,1
demands,1
fishing,1
pass,1
events,1
carolina,1
drawbacks,1
realize,1
incurring,1
accompany,1
initial,1
attained,1
representative,1
respectfully,1
lent,1
blueprints,1
late,1
academic,1
gratuities,1
equally,1
agriculturalist,1
fishermen,1
activist,1
fisher,1
interruption,1
recently,1
produced,1
persons,1
applied,1
excellent,1
otherwise,1
democratization,1
ofamerican,1
repercussions,1
abuse,1
your,1
refuge,1
merrill,1
absolute,1
taught,1
died,1
sacrifice,1
possibility,1
suspended,1
briefly,1
technical,1
improve,1
failure,1
pigs,1
colonies,1
directly,1
none,1
offensive,1
postwar,1
faire,1
pronounce,1
competent,1
line,1
relief,1
justly,1
revealed,1
liable,1
foresaw,1
opportune,1
accomplishment,1
taxing,1
inferred,1
conformable,1
tool,1
preferred,1
nine,1
unless,1
significantly,1
stake,1
advancement,1
inconveniences,1
tributary,1
reduction,1
related,1
dutiable,1
description,1
ten,1
whole,1
continuation,1
corrupt,1
intermediate,1
baggings,1
issues,1
broad,1
expend,1
actually,1
tumultuous,1
transmute,1
forces,1
saw,1
anticipating,1
preparation,1
monopoly,1
doubtful,1
status,1
horizon,1
class,1
universally,1
approach,1
misplaced,1
particulars,1
earth,1
good,1
untried,1
joanne,1
strict,1
sense,1
successful,1
hard,1
allegiance,1
love,1
coup,1
seaton,1
straight,1
debts,1
protest,1
next,1
dangerous,1
sake,1
dried,1
several,1
sufficient,1
workshops,1
driving,1
few,1
concerns,1
disposition,1
replace,1
components,1
wafers,1
grow,1
transfer,1
governments,1
acts,1
primary,1
drillings,1
ton,1
weapons,1
petitions,1
yielded,1
delegated,1
crazy,1
managed,1
annual,1
st,1
productivity,1
matured,1
roots,1
appropriate,1
prizes,1
moved,1
aggregate,1
valuable,1
recompense,1
reducing,1
twothirds,1
kennon,1
replacing,1
portion,1
comport,1
critical,1
furnished,1
reductions,1
discriminatory,1
matter,1
attempts,1
variety,1
elimination,1
indicative,1
subverted,1
separation,1
comparative,1
resisted,1
schemes,1
minority,1
wait,1
classic,1
reduce,1
prove,1
imposts,1
comments,1
standing,1
modes,1
southern,1
hitherto,1
improper,1
percentage,1
blush,1
effectually,1
overview,1
elapsed,1
edited,1
pewter,1
importcompeting,1
selling,1
interpretation,1
reference,1
opportunities,1
makes,1
requiring,1
subterfuge,1
restricted,1
inspiration,1
latitude,1
selective,1
neither,1
incitement,1
contemplation,1
home,1
extravagant,1
carpets,1
planned,1
same,1
sharply,1
ed,1
wright,1
switch,1
indian,1
xperience,1
costs,1
conciliate,1
illustrated,1
touching,1
friend,1
regional,1
enterprises,1
fairly,1
subsidize,1
delivery,1
investors,1
demolish,1
fire,1
govmt,1
flowing,1
unlimited,1
derangement,1
business,1
fell,1
verge,1
punish,1
deterioration,1
lowering,1
bowling,1
added,1
smith,1
release,1
powder,1
conformity,1
shows,1
consideration,1
activism,1
endorse,1
stimulus,1
fearing,1
importation,1
gested,1
rivalled,1
appeared,1
equipmentshould,1
drafting,1
swung,1
banks,1
cure,1
penned,1
granting,1
prejudicial,1
remain,1
arthur,1
doubt,1
administrations,1
venture,1
pennsylvania,1
cartridge,1
remark,1
habit,1
superstructure,1
serious,1
hill,1
organizations,1
behind,1
hand,1
drove,1
likelihood,1
handed,1
adventurers,1
purposes,1
bidding,1
coarse,1
ating,1
compromising,1
shown,1
ports,1
material,1
ahead,1
perhaps,1
remunerations,1
compelled,1
disenchanted,1
number,1
chair,1
deficit,1
transparent,1
convenient,1
violent,1
charleston,1
submit,1
fight,1
imagine,1
original,1
illicit,1
extinguishing,1
backbone,1
analyzed,1
greatest,1
glue,1
ignored,1
investment,1
spending,1
theirs,1
session,1
heralded,1
skepticism,1
restrictions,1
split,1
range,1
prohibition,1
renders,1
wretched,1
writings,1
fishers,1
transformed,1
delicate,1
concern,1
top,1
host,1
budget,1
entirely,1
expression,1
embargoes,1
unfortunately,1
overtones,1
inhibitions,1
firearms,1
refers,1
curb,1
questions,1
actual,1
maintains,1
engaged,1
clauses,1
examination,1
voice,1
chosen,1
improvements,1
theoretical,1
patents,1
rejected,1
low,1
exports,1
substitutes,1
discovered,1
diplomacy,1
provoked,1
reality,1
stress,1
hinged,1
discussed,1
publication,1
express,1
virtues,1
chocolate,1
brass,1
co,1
issn,1
defense,1
times,1
pride,1
someone,1
supplying,1
spread,1
distinction,1
gerry,1
course,1
shortly,1
keen,1
govert,1
black,1
intrinsic,1
martin,1
alive,1
impost,1
secretaries,1
especially,1
ruining,1
chapel,1
become,1
relation,1
exported,1
embarrassment,1
overcome,1
respectively,1
acquire,1
deliberate,1
tradesmen,1
seeking,1
comfortably,1
probably,1
exertions,1
promanufacturing,1
nails,1
looked,1
indulgence,1
elbridge,1
industrialization,1
expire,1
hanover,1
quarter,1
controversial,1
concluded,1
copying,1
division,1
attended,1
examines,1
increasing,1
dealing,1
inventors,1
carried,1
things,1
asking,1
indication,1
discussing,1
devote,1
modification,1
me,1
usurpation,1
enumerated,1
continued,1
bars,1
george,1
sometimes,1
kenneth,1
patriotic,1
nh,1
husband,1
naturally,1
outlined,1
tective,1
flowed,1
averse,1
select,1
vertical,1
lines,1
citizens,1
dec,1
primarily,1
attacking,1
starch,1
subsidy,1
success,1
tin,1
interfere,1
merchandise,1
force,1
proposition,1
executive,1
countries,1
length,1
linking,1
volumes,1
why,1
settled,1
successor,1
methods,1
spared,1
extra,1
construction,1
fall,1
hope,1
dead,1
enforced,1
parchment,1
expounding,1
get,1
bestow,1
insurance,1
subvert,1
fought,1
door,1
addressed,1
rebate,1
dispose,1
gpo,1
shaw,1
regularly,1
seriously,1
shadow,1
liked,1
blocked,1
prohibited,1
reviewing,1
impulse,1
repaired,1
comes,1
subsidization,1
staunch,1
athens,1
constituted,1
governmentestablished,1
laissez,1
apprehended,1
indeterminable,1
occurrences,1
narrowly,1
besides,1
compensation,1
here,1
evade,1
quickly,1
highly,1
intellectual,1
ministerial,1
each,1
drew,1
budgetary,1
paper,1
worth,1
stoppage,1
setting,1
branches,1
defray,1
believe,1
referees,1
diverting,1
down,1
restrictive,1
comfort,1
printed,1
temper,1
current,1
expiration,1
foundation,1
alternatively,1
losses,1
entering,1
deem,1
precarious,1
constant,1
reflected,1
going,1
essentially,1
freight,1
type,1
senate,1
merely,1
concrete,1
turned,1
conceding,1
defend,1
helping,1
stabilizing,1
reexamination,1
transfers,1
form,1
ones,1
dislike,1
thirty,1
nascent,1
ezekiel,1
charged,1
mere,1
condemn,1
writes,1
vigorously,1
leaving,1
distribution,1
gales,1
excises,1
correspondent,1
bitterly,1
expressly,1
divide,1
yield,1
suspicion,1
reprinted,1
middle,1
subscriptions,1
felt,1
burden,1
boston,1
intention,1
whence,1
necessity,1
must,1
ruled,1
refinement,1
conclude,1
ohio,1
introduced,1
dice,1
content,1
november,1
turns,1
manifold,1
withdrawal,1
returning,1
encounter,1
putnam,1
policymaking,1
seek,1
demanding,1
summarizes,1
clothing,1
pound,1
indians,1
goals,1
aspect,1
coming,1
susceptible,1
inefficient,1
shorter,1
disadvantages,1
canvas,1
synopsis,1
argument,1
difference,1
reveals,1
generate,1
disappear,1
undue,1
donald,1
finding,1
conditions,1
fraud,1
defence,1
write,1
harassment,1
grant,1
aware,1
piracy,1
ended,1
contributed,1
joined,1
consumers,1
judges,1
consumption,1
physiocratic,1
manufacturer,1
integration,1
involving,1
effects,1
defiance,1
inducement,1
association,1
shift,1
observation,1
substitute,1
assumed,1
gavin,1
inducements,1
consisted,1
commodity,1
chicago,1
reached,1
treble,1
subverting,1
major,1
substantial,1
entire,1
little,1
arose,1
abandoned,1
immediately,1
counts,1
technological,1
willing,1
whenever,1
observed,1
infancy,1
premature,1
doing,1
fostering,1
frankly,1
close,1
draft,1
laws,1
embraces,1
