WORDCOUNTS,WEIGHT
the,1097
of,492
in,404
and,309
to,225
that,206
policy,154
a,149
real,146
is,129
monetary,127
was,111
from,96
this,94
for,88
recovery,83
i,80
rates,74
growth,66
have,66
rate,65
depression,65
by,64
fiscal,64
money,59
not,58
output,57
on,57
are,57
as,55
it,54
s,54
great,53
normal,53
been,53
gnp,50
were,47
interest,45
between,41
would,40
percent,39
an,38
pp,37
u,35
than,35
because,35
economy,35
supply,34
changes,34
change,34
these,34
with,34
data,33
gold,32
federal,31
ex,31
p,31
reserve,31
late,30
during,29
one,28
economic,28
developments,27
romer,27
actual,26
multiplier,26
lag,26
table,26
be,26
its,25
midand,25
figure,25
source,24
schwartz,23
spending,23
increase,23
friedman,22
war,22
level,22
also,22
inflow,22
effects,22
large,21
multipliers,21
ante,21
year,21
under,21
but,21
fact,21
at,20
there,20
had,20
percentage,20
used,19
shows,19
they,18
inflation,18
my,18
however,18
two,18
states,18
annual,17
calculation,17
series,17
ratio,17
did,17
rapid,16
surplus,16
estimates,16
rather,16
could,16
shock,16
more,16
which,16
united,16
years,16
if,15
such,15
due,15
expansion,15
or,15
model,15
world,15
ending,14
way,14
system,14
most,14
caused,14
only,14
trend,14
quarterly,14
analysis,14
variable,14
treasury,14
history,13
consumer,13
l,13
result,13
stock,13
example,13
decline,13
stimulus,13
new,13
investment,13
can,13
suggest,13
over,13
paper,13
expenditures,13
goods,13
nominal,13
conventional,13
negative,12
december,12
government,12
regression,12
even,12
mechanism,12
path,12
expansionary,12
mi,12
fell,12
mps,12
national,12
lower,11
thus,11
after,11
transmission,11
prices,11
actually,11
increases,11
explanation,11
held,11
period,11
effect,11
post,11
both,11
durable,11
commercial,11
average,11
evidence,11
early,11
does,10
e,10
wigmore,10
devaluation,10
may,10
unemployment,10
results,10
so,10
bureau,10
crucial,10
then,10
role,10
product,10
american,9
fixed,9
into,9
sources,9
all,9
other,9
roosevelt,9
case,9
some,9
very,9
deviation,9
no,9
derived,9
important,9
small,9
using,9
indeed,9
nearly,9
positive,9
same,9
rise,9
end,9
variables,9
rapidly,9
fall,9
text,9
board,9
what,9
rose,9
suggests,9
through,9
shown,9
point,9
little,9
studies,8
consistent,8
governors,8
estimate,8
price,8
journal,8
deviations,8
factors,8
based,8
economics,8
lagged,8
industrial,8
substantially,8
income,8
remained,8
described,8
independent,8
temin,8
capital,8
recession,8
measure,8
until,8
increased,8
estimated,7
zero,7
production,7
account,7
phase,7
since,7
york,7
main,7
interwar,7
importance,7
accounts,7
wages,7
clearly,7
simulations,7
statistics,7
absence,7
adjusted,7
europe,7
values,7
low,7
points,7
high,7
contracts,7
note,7
residual,7
movements,7
expectations,7
construction,7
equation,7
historical,7
calculations,7
substantial,7
ii,6
might,6
those,6
robert,6
political,6
behavior,6
throughout,6
base,6
response,6
grew,6
view,6
dc,6
seasonally,6
stimulated,6
quite,6
when,6
demand,6
still,6
about,6
larger,6
arthur,6
do,6
operating,6
made,6
full,6
dummy,6
three,6
banking,6
continued,6
considered,6
any,6
simply,6
cause,6
argued,6
bloomfield,6
difference,6
washington,6
c,6
gordon,6
johnson,6
much,6
episodes,5
shocks,5
sterilization,5
turning,5
first,5
available,5
procedure,5
has,5
possible,5
implies,5
purchases,5
severe,5
turn,5
higher,5
ml,5
active,5
similar,5
followed,5
endogenous,5
term,5
almost,5
line,5
imports,5
eichengreen,5
stimulate,5
macroeconomic,5
below,5
long,5
therefore,5
led,5
simulation,5
many,5
instability,5
time,5
see,5
bernanke,5
another,5
use,5
assumption,5
exchange,5
article,5
postwar,5
quarter,5
decision,5
employment,5
alternative,5
argue,5
recessions,5
constant,5
following,5
drop,5
according,5
while,5
huge,5
given,5
administration,5
reserves,5
roughly,5
immediately,5
strong,5
showed,5
later,4
nira,4
o,4
explanatory,4
occurred,4
before,4
chandler,4
different,4
j,4
estimation,4
barry,4
review,4
contemporaneous,4
pm,4
sample,4
causing,4
find,4
how,4
generating,4
four,4
show,4
index,4
appear,4
out,4
requirements,4
appears,4
explain,4
roose,4
taxes,4
correlation,4
start,4
part,4
involved,4
june,4
usual,4
up,4
plausible,4
value,4
matter,4
return,4
indicates,4
decisions,4
decomposition,4
lewis,4
again,4
tremendous,4
mishkin,4
banks,4
reversion,4
michael,4
less,4
robustness,4
finding,4
budget,4
ibid,4
peter,4
we,4
brown,4
primarily,4
seen,4
magnitude,4
conclusion,4
must,4
regime,4
current,4
them,4
seasonal,4
w,4
producer,4
contributed,4
d,4
provided,4
observed,4
difficult,3
concerned,3
ayres,3
correlations,3
per,3
certainly,3
dramatically,3
simple,3
ben,3
resulting,3
subsequent,3
emphasized,3
respond,3
raised,3
subtracting,3
deriving,3
decreased,3
wage,3
declines,3
likely,3
sachs,3
labor,3
million,3
run,3
de,3
expected,3
unsterilized,3
big,3
times,3
amount,3
back,3
boom,3
without,3
act,3
levels,3
hansen,3
process,3
mean,3
persistent,3
affect,3
statistical,3
unimportant,3
observations,3
follow,3
consequence,3
declined,3
discount,3
rule,3
found,3
strength,3
initial,3
let,3
viewed,3
required,3
downturn,3
responding,3
story,3
apparent,3
partly,3
frederic,3
approach,3
least,3
hard,3
bank,3
grow,3
essentially,3
gross,3
reducing,3
second,3
logarithm,3
barrie,3
july,3
calculated,3
spectacular,3
relationship,3
calculate,3
financial,3
neither,3
ppi,3
included,3
sharply,3
flight,3
experiment,3
department,3
inaction,3
outbreak,3
contractionary,3
smithies,3
revenues,3
regressing,3
summers,3
analyzed,3
greatest,3
discussion,3
largely,3
causes,3
survey,3
mccallum,3
david,3
darby,3
played,3
solow,3
january,3
slightly,3
relative,3
concluded,3
yields,3
depressed,3
durables,3
raise,3
wisdom,3
provide,3
holiday,3
dashed,3
contraction,3
dec,3
itself,3
examine,3
unusual,3
detail,3
lessons,3
bernstein,3
excess,3
ran,3
finance,3
appendix,3
half,3
obviously,3
far,3
america,3
whether,3
form,3
agricultural,3
counteracted,3
emphasis,3
deflation,3
public,3
typically,3
parkinson,3
assumed,3
christina,3
macromodels,3
precipitously,2
declared,2
generated,2
suggested,2
market,2
berkeley,2
measures,2
he,2
ma,2
services,2
h,2
conscious,2
spirit,2
total,2
princeton,2
leads,2
stabilization,2
fund,2
brien,2
advanced,2
analyses,2
lebergott,2
deflator,2
state,2
greatly,2
somewhat,2
within,2
papers,2
adverse,2
encouraging,2
vol,2
karl,2
information,2
except,2
x,2
apply,2
enter,2
prevented,2
conflict,2
includes,2
collapse,2
estimating,2
nonmonetary,2
econometric,2
g,2
funds,2
cases,2
lending,2
quantifying,2
allowing,2
consequently,2
unanticipated,2
undone,2
loans,2
failed,2
reflects,2
aimed,2
sterilize,2
determining,2
lowers,2
support,2
wanted,2
supports,2
impact,2
record,2
weinstein,2
solid,2
additional,2
cost,2
surge,2
permanent,2
helped,2
m,2
uses,2
fitted,2
brookings,2
behavioral,2
international,2
census,2
abnormally,2
further,2
preston,2
reasons,2
furthermore,2
dropped,2
leonard,2
milton,2
cannot,2
engine,2
technical,2
directly,2
basis,2
work,2
swelled,2
already,2
significantly,2
purpose,2
ten,2
though,2
place,2
calculating,2
et,2
forces,2
illustrative,2
revaluation,2
rebound,2
alan,2
horizon,2
trends,2
attributed,2
t,2
responses,2
research,2
fully,2
productivity,2
notes,2
appropriate,2
aggregate,2
rigidity,2
jeffrey,2
periods,2
will,2
f,2
counteract,2
margo,2
impacts,2
forward,2
disaggregated,2
slower,2
make,2
unprecedented,2
initially,2
lipsey,2
hold,2
deflated,2
aggregatedemand,2
addition,2
manpower,2
tax,2
performed,2
floor,2
robust,2
volume,2
starting,2
book,2
business,2
stated,2
kenneth,2
toward,2
lowering,2
analytical,2
alvin,2
variation,2
feedback,2
bradford,2
deflationary,2
hand,2
where,2
thirties,2
continuing,2
eds,2
shifts,2
number,2
degree,2
lags,2
credit,2
enormous,2
dollar,2
findings,2
assume,2
net,2
nothing,2
raising,2
previous,2
authors,2
characterized,2
paths,2
administrative,2
martin,2
why,2
trying,2
quadrupling,2
brunner,2
mainly,2
structure,2
probably,2
analyze,2
differ,2
equivalent,2
figures,2
tendency,2
cary,2
increasing,2
european,2
space,2
inertia,2
science,2
sometimes,2
foreign,2
reasonable,2
slow,2
force,2
began,2
economists,2
lawrence,2
indicate,2
countries,2
often,2
griffith,2
types,2
stimulates,2
specification,2
believed,2
version,2
bolsters,2
column,2
set,2
quickly,2
baseline,2
attribute,2
accommodate,2
eventually,2
foundation,2
dramatic,2
turned,2
kendrick,2
feb,2
problem,2
foundations,2
generally,2
anna,2
episode,2
balances,2
despite,2
easy,2
tried,2
models,2
argument,2
cambridge,2
decrease,2
instead,2
although,2
correlated,2
blinder,2
consumption,2
defined,2
graphed,2
shift,2
coefficient,2
reflation,2
recent,2
pulling,2
should,2
inflationary,1
go,1
customers,1
stimuli,1
currently,1
final,1
accidents,1
anthony,1
extrapolating,1
cataclysm,1
fourto,1
created,1
prolonging,1
concern,1
represent,1
credibility,1
affected,1
extreme,1
resulted,1
offset,1
propagation,1
seizure,1
succinct,1
expect,1
unsuccessful,1
miners,1
replaced,1
identify,1
tend,1
true,1
motivation,1
strictly,1
approaches,1
devalue,1
inconsistent,1
easily,1
stunted,1
lavished,1
satisfied,1
decade,1
reasonably,1
oppressive,1
earnest,1
western,1
encourage,1
correspond,1
variants,1
equations,1
forecasting,1
induced,1
highpowered,1
pie,1
downturns,1
credence,1
test,1
cutting,1
being,1
incomplete,1
gn,1
fraction,1
either,1
complements,1
stressed,1
beneficial,1
collusion,1
fast,1
every,1
revisited,1
preceding,1
creation,1
nonexistent,1
setting,1
attempt,1
secretary,1
expectation,1
permanently,1
worked,1
rational,1
referees,1
seems,1
nature,1
definition,1
secondary,1
suggesting,1
accompanied,1
desire,1
differences,1
narrative,1
follows,1
able,1
transferred,1
link,1
onto,1
take,1
inadvertently,1
failures,1
last,1
improving,1
reserved,1
signs,1
regressed,1
stopped,1
growing,1
slip,1
doris,1
takes,1
ascribed,1
corresponded,1
slowing,1
existence,1
alfred,1
nber,1
task,1
misunderstood,1
constraint,1
gm,1
cleared,1
right,1
twist,1
solving,1
changed,1
wilcox,1
prior,1
activity,1
condition,1
powers,1
alter,1
taxation,1
consumers,1
obvious,1
measuring,1
professor,1
taking,1
variations,1
panic,1
indicating,1
quantity,1
cited,1
along,1
plunge,1
intervention,1
framework,1
optimism,1
central,1
mistake,1
microfiche,1
selfcorrective,1
surely,1
eras,1
ineffectiveness,1
explained,1
eventual,1
precipitous,1
tables,1
realized,1
assumes,1
author,1
characteristic,1
forced,1
kind,1
exercise,1
adjustment,1
mistakes,1
perspective,1
averaging,1
subtracted,1
convincing,1
having,1
natiernal,1
six,1
inclusion,1
compared,1
left,1
effective,1
rounding,1
y,1
drawn,1
prime,1
bennett,1
sterilizing,1
outflow,1
stagnation,1
deeply,1
pronounced,1
weakness,1
acted,1
influence,1
stanley,1
focused,1
industries,1
phases,1
finances,1
rights,1
steps,1
interesting,1
expansions,1
his,1
mattered,1
negatively,1
developed,1
adds,1
swell,1
arel,1
basic,1
investigation,1
weighted,1
institution,1
explicit,1
opportunity,1
weighting,1
associate,1
eight,1
certain,1
adjustments,1
direct,1
strange,1
assuming,1
leaves,1
fjam,1
echoed,1
standard,1
macromodel,1
dismiss,1
consequences,1
reinterpretation,1
reason,1
endogenously,1
understand,1
nor,1
plus,1
university,1
consider,1
benefits,1
severity,1
meltzer,1
just,1
moderately,1
n,1
weak,1
differs,1
quarters,1
hastened,1
threat,1
accumulating,1
converting,1
operate,1
decomposing,1
cycles,1
crucially,1
projected,1
strategy,1
faced,1
conflicts,1
whereas,1
greater,1
exacerbate,1
closely,1
identifying,1
priori,1
inappropriate,1
amsterdam,1
patrick,1
deal,1
demands,1
dispute,1
haven,1
markets,1
evaluate,1
intervening,1
transactions,1
equal,1
signalled,1
activist,1
fisher,1
residential,1
produced,1
meet,1
suffered,1
scale,1
wealth,1
placed,1
hypothetical,1
procedures,1
method,1
accelerated,1
possibility,1
influenced,1
well,1
outstanding,1
none,1
sounded,1
prewar,1
macroeconometric,1
redoing,1
scope,1
received,1
preferred,1
sept,1
concept,1
brought,1
london,1
reduction,1
related,1
confirms,1
feared,1
tip,1
whole,1
describe,1
intermediate,1
policies,1
warranted,1
tremendously,1
structures,1
device,1
reflect,1
nipa,1
employed,1
anything,1
strengthened,1
universally,1
own,1
graph,1
misplaced,1
substituting,1
aided,1
causal,1
wholesale,1
ratios,1
correct,1
working,1
solvency,1
diminish,1
hatton,1
buildings,1
plummet,1
things,1
implausibly,1
debts,1
next,1
contrast,1
imposition,1
around,1
oct,1
endowed,1
separately,1
few,1
munich,1
highly,1
adjust,1
presence,1
observe,1
massachusetts,1
met,1
credible,1
weiss,1
dependent,1
describes,1
paid,1
substituted,1
rest,1
massive,1
intermediation,1
situation,1
excludes,1
onset,1
bringing,1
steadily,1
action,1
mislaid,1
short,1
revival,1
quantified,1
computing,1
veterans,1
exception,1
upward,1
prove,1
converted,1
above,1
reappraisal,1
technically,1
commenced,1
bankers,1
comments,1
experiences,1
movement,1
seemingly,1
structural,1
single,1
forecast,1
once,1
yet,1
examined,1
security,1
accident,1
marginal,1
thought,1
soon,1
restricted,1
favorable,1
reconciliation,1
salutary,1
pf,1
falls,1
planned,1
positively,1
rightly,1
ed,1
switch,1
sales,1
largest,1
costs,1
begins,1
lingering,1
payments,1
sector,1
fairly,1
social,1
double,1
chose,1
investors,1
worst,1
members,1
pointed,1
averages,1
longer,1
lack,1
encompassed,1
consideration,1
deterioration,1
scholars,1
occurrence,1
pressure,1
nov,1
choice,1
isolate,1
decreases,1
john,1
fallen,1
grows,1
aug,1
pattern,1
jump,1
discussed,1
serious,1
conclusions,1
took,1
v,1
present,1
remarkable,1
posit,1
armed,1
relevant,1
vulnerable,1
jobs,1
contracted,1
council,1
forth,1
borrowing,1
necessary,1
keynesian,1
spoke,1
wartime,1
showing,1
perhaps,1
deficit,1
doubled,1
fundamentally,1
understanding,1
extended,1
restrictions,1
unionization,1
identity,1
encouraged,1
hypotheses,1
operated,1
emphasize,1
factor,1
diaries,1
extraordinarily,1
inexperience,1
disproved,1
chosen,1
california,1
arguably,1
explorations,1
hurt,1
modem,1
adding,1
stress,1
aaron,1
workers,1
issn,1
unconstitutional,1
individual,1
started,1
helpful,1
revised,1
function,1
plant,1
collected,1
spirits,1
managerial,1
pension,1
provides,1
thomas,1
behest,1
spliced,1
problems,1
internal,1
employees,1
become,1
businesses,1
references,1
correction,1
lowered,1
discretionary,1
destruction,1
caution,1
attention,1
unrelated,1
dordrecht,1
examines,1
regained,1
letting,1
twelve,1
assigned,1
cr,1
fueled,1
bonus,1
backward,1
stems,1
bulk,1
usually,1
practical,1
rough,1
resumed,1
bulletin,1
predict,1
independence,1
excluding,1
sensitive,1
discounted,1
progressively,1
returned,1
importantly,1
regresses,1
volumes,1
payment,1
surprising,1
extremely,1
months,1
exists,1
coincident,1
dodge,1
rises,1
echoes,1
undertook,1
graphs,1
suggestions,1
extrapolate,1
heavy,1
thinking,1
associated,1
comes,1
changing,1
extending,1
predictions,1
demonstrate,1
struck,1
log,1
theme,1
ll,1
nonexpansionary,1
equipment,1
cover,1
know,1
enters,1
favorably,1
natural,1
each,1
monthly,1
sure,1
interrupted,1
neglected,1
seriously,1
interested,1
accustomed,1
seem,1
believe,1
oftencited,1
straightforward,1
sloan,1
report,1
grossman,1
particularly,1
solved,1
ca,1
enemy,1
infer,1
reflected,1
works,1
type,1
merely,1
better,1
evident,1
animal,1
beginning,1
regulations,1
surpluses,1
explanations,1
notable,1
transfers,1
month,1
combined,1
implicit,1
terms,1
stability,1
ones,1
rising,1
want,1
imposed,1
noticeable,1
hoped,1
inputs,1
leaving,1
extent,1
undo,1
mandated,1
institute,1
hitler,1
require,1
projection,1
yield,1
lester,1
balance,1
noticeably,1
conference,1
boston,1
presented,1
altered,1
disparate,1
reported,1
conclude,1
affecting,1
tightening,1
plummeted,1
confirm,1
became,1
yearly,1
lies,1
commodities,1
contribute,1
divided,1
qualitative,1
maintained,1
firms,1
aspect,1
policyg,1
spring,1
similarity,1
deepening,1
contract,1
strikingly,1
unknowns,1
finally,1
accept,1
aware,1
reversed,1
crisis,1
sterilized,1
ended,1
approximately,1
richard,1
grown,1
include,1
building,1
need,1
smaller,1
piece,1
off,1
measured,1
association,1
subtracts,1
macroeconomics,1
anonymous,1
comparison,1
treats,1
supported,1
potential,1
orchestrated,1
onie,1
actions,1
combination,1
doubling,1
chicago,1
transitory,1
reached,1
era,1
agrees,1
partial,1
fears,1
views,1
entire,1
arg,1
interaction,1
re,1
focus,1
counts,1
successive,1
asked,1
fostering,1
major,1
occur,1
empirical,1
