WORDCOUNTS,WEIGHT
the,393
of,287
in,225
and,215
chinese,165
to,121
wage,95
for,93
a,87
workers,69
were,64
that,54
manila,52
as,50
was,43
labor,42
by,42
wages,37
philippine,37
paid,35
differentials,33
s,33
have,32
filipino,31
per,30
than,30
on,30
among,29
census,28
p,27
or,27
no,26
their,26
percent,26
from,26
industries,24
had,23
filipinos,23
industry,23
more,23
with,23
all,21
monthly,21
at,20
work,20
an,20
survey,20
is,20
u,19
this,19
day,19
ethnic,18
which,18
masters,18
average,18
hours,17
craftsmen,17
it,16
worked,16
pp,16
same,16
conditions,16
bureau,16
been,16
into,15
clark,15
white,15
but,15
evidence,15
group,14
such,14
occupational,14
workday,14
earned,14
philippines,14
groups,13
some,13
workmen,13
about,13
omitted,13
apprentices,13
between,13
one,12
murray,12
those,12
whites,12
ethnicity,12
economic,12
islands,12
many,12
men,12
number,12
table,12
semiskilled,12
models,12
gap,11
sources,11
other,11
could,11
daily,11
differences,11
i,11
premium,11
important,11
data,11
hourly,11
these,11
less,11
variables,11
who,11
share,11
month,11
particular,11
be,11
century,10
may,10
higher,10
university,10
population,10
industrial,10
has,10
percentage,10
included,10
also,10
are,10
would,10
not,10
each,10
american,9
studies,9
history,9
vol,9
segregation,9
days,9
most,9
workforce,9
productivity,9
two,9
department,9
model,9
doeppers,9
see,9
general,9
literacy,9
overseas,9
historical,9
distribution,9
they,8
asia,8
wickberg,8
journal,8
because,8
characteristics,8
southeast,8
only,8
significant,8
dummy,8
commission,8
reported,8
washington,8
much,8
common,7
due,7
relatively,7
sample,7
age,7
greater,7
found,7
occupation,7
war,7
part,7
prices,7
selection,7
reports,7
occupations,7
time,7
new,7
after,7
length,7
gpo,7
migration,7
different,7
according,7
while,7
both,7
given,7
estimated,6
if,6
large,6
turnover,6
east,6
third,6
employers,6
americans,6
dc,6
appears,6
well,6
few,6
rates,6
annual,6
longer,6
contemporary,6
controlling,6
relative,6
report,6
reflected,6
making,6
premia,6
overtime,6
commodities,6
workforces,6
laborers,6
ii,5
sojourners,5
simple,5
there,5
china,5
iv,5
human,5
inclusion,5
predicted,5
coefficients,5
observations,5
worker,5
significantly,5
example,5
used,5
purcell,5
during,5
majority,5
south,5
f,5
reduced,5
under,5
volume,5
shows,5
indies,5
hour,5
trade,5
japanese,5
played,5
article,5
immigration,5
mestizos,5
figure,5
workdays,5
united,5
here,5
set,5
cigar,5
did,5
half,5
local,5
level,5
firms,5
years,5
states,5
effects,5
earnings,4
women,4
capital,4
j,4
state,4
regression,4
coolie,4
daniel,4
racial,4
gaps,4
dutch,4
monoethnic,4
differential,4
price,4
pay,4
estimate,4
weight,4
similar,4
lacroix,4
cotton,4
appear,4
concentration,4
markets,4
skilled,4
civil,4
its,4
statistics,4
statistically,4
working,4
several,4
spanish,4
generally,4
results,4
notes,4
value,4
return,4
nearly,4
edited,4
victor,4
marginal,4
counterparts,4
social,4
shops,4
factory,4
averages,4
substantially,4
distributions,4
perhaps,4
exhibit,4
previously,4
described,4
three,4
dollars,4
effect,4
sugar,4
magnitude,4
any,4
board,4
differed,4
terms,4
asians,4
furniture,4
through,4
press,4
role,4
controls,4
exceeded,4
twentieth,4
approximately,4
blacks,4
race,4
sumner,3
legarda,3
o,3
way,3
taft,3
market,3
e,3
center,3
formed,3
likely,3
soap,3
inequality,3
before,3
nineteenth,3
source,3
lower,3
first,3
t,3
concentrated,3
might,3
decompositions,3
oz,3
chandra,3
case,3
blacksmiths,3
firm,3
agriculture,3
x,3
thus,3
quality,3
hawaii,3
establishments,3
conducted,3
fishback,3
immigrants,3
body,3
compared,3
bonuses,3
pacific,3
how,3
levels,3
study,3
black,3
productive,3
category,3
wong,3
n,3
receiving,3
raw,3
result,3
came,3
harder,3
unions,3
makers,3
literature,3
proportions,3
records,3
week,3
good,3
contrast,3
mencarini,3
quite,3
long,3
small,3
competitive,3
acts,3
rest,3
he,3
second,3
indicates,3
home,3
pesos,3
wright,3
noted,3
payments,3
height,3
demographic,3
john,3
mestizo,3
present,3
where,3
jobs,3
bulletin,3
mills,3
private,3
discrimination,3
asian,3
factor,3
explorations,3
beardsley,3
period,3
standard,3
why,3
migrants,3
tradesmen,3
regressions,3
analysis,3
saxonhouse,3
chen,3
variable,3
willingness,3
over,3
malaysia,3
what,3
pooled,3
economy,3
males,3
extent,3
migrations,3
suggests,3
categories,3
little,3
cash,3
artisanal,3
multiethnic,3
prosperity,3
tobacco,3
madison,3
consisted,3
early,3
koreans,3
malays,3
huagong,2
indicated,2
ethnicities,2
determine,2
eliminated,2
distributed,2
factories,2
mexican,2
modern,2
higgs,2
total,2
holding,2
induced,2
annals,2
xenos,2
experience,2
collusion,2
hence,2
specifically,2
production,2
lumber,2
seems,2
gary,2
assess,2
great,2
galleons,2
room,2
amoy,2
fresh,2
m,2
robert,2
favoring,2
worldwide,2
changed,2
possible,2
carpenters,2
except,2
far,2
complained,2
oaxaca,2
review,2
accuracy,2
eventual,2
since,2
machine,2
neighbors,2
ransom,2
fearn,2
jr,2
turn,2
estimates,2
cases,2
old,2
six,2
output,2
wholly,2
twice,2
compare,2
hilder,2
even,2
looms,2
born,2
influence,2
dagupan,2
poorly,2
identification,2
michigan,2
his,2
across,2
developed,2
district,2
basic,2
unit,2
direct,2
special,2
factors,2
parentheses,2
biased,2
just,2
four,2
efficient,2
shop,2
yes,2
strategy,2
globalization,2
gregory,2
whom,2
semiparametric,2
transmission,2
locals,2
route,2
effort,2
lived,2
out,2
economics,2
late,2
further,2
equal,2
province,2
hawaiian,2
intensity,2
exhaustion,2
fish,2
ed,2
explain,2
silver,2
almost,2
r,2
brought,2
london,2
training,2
tenure,2
revealed,2
northern,2
year,2
describe,2
broad,2
destination,2
people,2
consistent,2
haven,2
savings,2
either,2
change,2
sense,2
suggest,2
reliable,2
next,2
box,2
order,2
around,2
unskilled,2
smithsonian,2
essentially,2
isn,2
tended,2
yielded,2
up,2
describes,2
world,2
otis,2
led,2
variety,2
taken,2
populations,2
overall,2
above,2
make,2
railway,2
southern,2
direction,2
whole,2
measure,2
competition,2
violence,2
read,2
cipolla,2
contractors,2
dummies,2
benito,2
wisconsin,2
sojourning,2
decomposition,2
omission,2
ikemoto,2
whaling,2
deserves,2
added,2
overwhelming,2
exclusion,2
children,2
grave,2
identical,2
pattern,2
do,2
v,2
developing,2
income,2
practice,2
japan,2
native,2
books,2
identifiable,2
kong,2
restrictions,2
craig,2
upon,2
meals,2
formal,2
europeans,2
yale,2
schafgans,2
traded,2
use,2
largely,2
operated,2
rare,2
advantages,2
arensmeyer,2
peter,2
so,2
high,2
interacted,2
last,2
especially,2
labour,2
toledo,2
can,2
remainder,2
trades,2
probably,2
governor,2
murayama,2
specifications,2
tests,2
note,2
five,2
rough,2
male,2
army,2
seen,2
biology,2
considered,2
claims,2
constant,2
economically,2
log,2
exposition,2
physical,2
control,2
save,2
seem,2
then,2
spaniards,2
job,2
goods,2
mass,2
stature,2
whether,2
nonwhite,2
namely,2
virginia,2
confirm,2
became,2
williamson,2
subject,2
colonial,2
indians,2
varied,2
question,2
origins,2
difference,2
cambridge,2
wang,2
manufactories,2
instead,2
typically,2
magnitudes,2
building,2
consumption,2
observation,2
gavin,2
kerkvliet,2
reached,2
substantial,2
abroad,2
interaction,2
recent,2
difficult,1
tokyo,1
reckoning,1
portuguese,1
yamakawa,1
godley,1
rate,1
flow,1
concerned,1
later,1
jmurray,1
devious,1
masao,1
created,1
represent,1
trunk,1
economized,1
omit,1
lithography,1
adoption,1
ultimate,1
spurred,1
stands,1
compensated,1
disregard,1
likewise,1
told,1
needed,1
operator,1
systematically,1
finishers,1
stereotypical,1
identify,1
prime,1
ma,1
marcia,1
carpenter,1
schools,1
asserted,1
currency,1
english,1
h,1
tenement,1
shoe,1
easily,1
commonplace,1
considerations,1
spirit,1
decade,1
policy,1
kuli,1
royal,1
presents,1
shiue,1
encourage,1
occurred,1
operatives,1
edu,1
descriptions,1
bakery,1
being,1
xiamen,1
sangley,1
anything,1
railroads,1
earning,1
certainly,1
steady,1
accustomed,1
vols,1
conflict,1
compositors,1
words,1
definition,1
hong,1
declined,1
incessant,1
attractive,1
available,1
textiles,1
estimation,1
thank,1
follows,1
able,1
respondents,1
recruit,1
concludes,1
composition,1
entering,1
real,1
help,1
harmondsworth,1
improved,1
siddarth,1
influences,1
keith,1
reserved,1
magniproductivity,1
keizai,1
context,1
cells,1
seminar,1
similarities,1
molders,1
departures,1
dearth,1
regressand,1
arise,1
quezon,1
eastern,1
historians,1
money,1
bases,1
masked,1
america,1
demography,1
hirsch,1
draw,1
march,1
bunseki,1
custom,1
account,1
volumex,1
quantities,1
opened,1
howard,1
implies,1
entrepreneurs,1
timetables,1
mutual,1
countered,1
earlythe,1
west,1
supply,1
establishment,1
quantity,1
cited,1
indigo,1
economies,1
build,1
natives,1
andrew,1
throughout,1
ronald,1
merchants,1
estimating,1
dynamics,1
development,1
reputation,1
run,1
professor,1
against,1
categorized,1
de,1
author,1
characteristic,1
ray,1
troesken,1
consuls,1
mixed,1
envy,1
issued,1
insisted,1
assessment,1
employing,1
blueprints,1
tripartite,1
vanished,1
hat,1
kind,1
fujian,1
iloilo,1
perspective,1
refer,1
pierre,1
pairwise,1
highest,1
dutifully,1
milling,1
young,1
emphases,1
manilaprices,1
continuous,1
engineering,1
kobe,1
publications,1
burma,1
find,1
kelly,1
weaver,1
olds,1
smoother,1
ofrice,1
hardly,1
though,1
master,1
businessmen,1
unfortunate,1
incentive,1
promised,1
van,1
opium,1
lesser,1
rights,1
opposed,1
oxford,1
shipping,1
york,1
deviations,1
manager,1
without,1
asiatic,1
rather,1
l,1
growth,1
traffic,1
remain,1
sort,1
weighted,1
luck,1
precluded,1
analyzes,1
determining,1
yukio,1
probability,1
associate,1
grew,1
inconsistent,1
mitch,1
enabled,1
retail,1
utilities,1
supposed,1
heteroskedasticity,1
valuation,1
tumult,1
support,1
means,1
reason,1
references,1
mean,1
wagon,1
settled,1
immigrant,1
wanted,1
consider,1
intercept,1
established,1
confectionery,1
specialization,1
intensive,1
branch,1
presumably,1
korea,1
amid,1
section,1
elsewhere,1
driven,1
former,1
nationals,1
invariably,1
displays,1
utoledo,1
frequently,1
w,1
show,1
huaqiao,1
oi,1
encouragement,1
follow,1
beyond,1
requested,1
followed,1
modeled,1
cost,1
rice,1
requires,1
willing,1
back,1
index,1
carlo,1
care,1
helped,1
metal,1
faced,1
constructive,1
assessments,1
painters,1
expressed,1
arrived,1
standards,1
opposing,1
method,1
corvee,1
search,1
called,1
strength,1
typical,1
henceforth,1
carol,1
woodworkers,1
pino,1
owen,1
captured,1
representative,1
term,1
pure,1
equally,1
understood,1
shall,1
cultural,1
ofhistorical,1
rent,1
cuts,1
photography,1
indirect,1
produced,1
persons,1
tailor,1
suffered,1
applied,1
cloth,1
scale,1
otherwise,1
record,1
however,1
perform,1
required,1
molo,1
industrious,1
public,1
larkin,1
gained,1
oh,1
near,1
cart,1
information,1
expensive,1
wellpaid,1
rations,1
elliott,1
directly,1
keeping,1
participation,1
y,1
shopkeepers,1
strengths,1
received,1
huashang,1
nine,1
future,1
sept,1
purpose,1
planter,1
inevitability,1
aged,1
minority,1
ten,1
rollers,1
kindly,1
older,1
place,1
policies,1
partly,1
officers,1
enforce,1
structures,1
earn,1
orjob,1
forces,1
teenage,1
justification,1
accord,1
monopoly,1
won,1
president,1
interpreted,1
own,1
trends,1
count,1
errors,1
filiphilippine,1
tinsmiths,1
officials,1
least,1
commerce,1
caused,1
hard,1
below,1
inference,1
lowest,1
owned,1
heat,1
helpers,1
autonomy,1
multinational,1
routine,1
leather,1
presence,1
decline,1
sha,1
descendants,1
dependent,1
ta,1
newly,1
provided,1
entrepreneurship,1
seemed,1
society,1
sorters,1
will,1
critical,1
foremen,1
units,1
demand,1
reductions,1
equality,1
confirms,1
contact,1
various,1
noble,1
identified,1
parametric,1
gungwu,1
indeed,1
ladlers,1
crowding,1
cebu,1
april,1
still,1
preferences,1
intervention,1
comments,1
initially,1
fillers,1
settings,1
labored,1
thailand,1
surveyed,1
hold,1
lard,1
single,1
queried,1
guide,1
once,1
cheap,1
communities,1
criticism,1
relied,1
lbs,1
yet,1
interpretation,1
vegetables,1
reference,1
examined,1
wake,1
soon,1
predecessor,1
restricted,1
abaca,1
beneficiaries,1
drunkenness,1
northwest,1
processing,1
participants,1
malay,1
railroad,1
homogeneous,1
adjusted,1
collectively,1
elwell,1
dan,1
levenstein,1
largest,1
costs,1
intense,1
organize,1
illustrated,1
departing,1
weavers,1
double,1
useful,1
lee,1
blacksmith,1
stemmed,1
starting,1
penang,1
jeffrey,1
technique,1
power,1
fell,1
others,1
europe,1
similarly,1
printing,1
bowling,1
anecdotal,1
fact,1
diminishing,1
unionism,1
foodstuffs,1
undersampled,1
documents,1
claudio,1
viii,1
larger,1
end,1
emphatically,1
variation,1
unsurprisingly,1
workman,1
sojouring,1
patterns,1
conclusions,1
hand,1
geography,1
increases,1
threads,1
suzuki,1
road,1
compositional,1
melinda,1
michael,1
strategies,1
creole,1
necessary,1
disparity,1
resigned,1
sojourers,1
metropolitan,1
begun,1
routledge,1
manuals,1
mill,1
thoroughly,1
degree,1
remained,1
tude,1
vintages,1
analyzed,1
technologies,1
meaningful,1
dave,1
apprenticeships,1
examples,1
range,1
values,1
locate,1
including,1
unfairly,1
increase,1
dollar,1
insurrection,1
ateneo,1
wls,1
findings,1
thriving,1
entirely,1
food,1
unfortunately,1
prevailed,1
emigrated,1
harvard,1
foundries,1
net,1
numbered,1
engineers,1
services,1
examination,1
stay,1
ibid,1
full,1
literate,1
theoretical,1
netherlands,1
attraction,1
low,1
clear,1
upcoming,1
audited,1
crewmen,1
language,1
agreement,1
accounted,1
dominated,1
issn,1
held,1
characterized,1
function,1
attribution,1
nakamura,1
kept,1
accurate,1
believing,1
instruction,1
quick,1
sojourn,1
favored,1
comparing,1
somehow,1
commentators,1
employees,1
mining,1
salt,1
craft,1
become,1
specialize,1
regressors,1
australasia,1
coachmen,1
artisans,1
analyze,1
slightly,1
dominance,1
dividing,1
carriage,1
we,1
institution,1
insignificant,1
binondo,1
quarter,1
tria,1
smokers,1
concluded,1
widely,1
division,1
examines,1
separate,1
european,1
carried,1
midcentury,1
penguin,1
relationship,1
median,1
africa,1
wisdom,1
provide,1
glumly,1
foreign,1
edgar,1
claimed,1
smiths,1
longtime,1
reasonable,1
employment,1
begin,1
enumerators,1
ordinary,1
primarily,1
institutions,1
tin,1
detailed,1
espanol,1
juan,1
ofthe,1
recognize,1
whereby,1
try,1
halved,1
indicate,1
dynamism,1
chinamen,1
life,1
class,1
often,1
construction,1
machinists,1
composed,1
education,1
centuries,1
when,1
unusual,1
recordkeeping,1
beans,1
acquired,1
reciprocal,1
eventually,1
proprietors,1
metropolis,1
growing,1
harness,1
lessons,1
sorting,1
series,1
changing,1
must,1
extending,1
simply,1
geographic,1
constituted,1
determinants,1
speculating,1
accruing,1
eng,1
known,1
precise,1
ariation,1
proposes,1
takafusa,1
text,1
compensation,1
der,1
quickly,1
korean,1
know,1
civilians,1
econometrics,1
sure,1
country,1
proprietorship,1
worth,1
attribute,1
setting,1
key,1
referees,1
unknown,1
hamson,1
nihon,1
printed,1
shuppan,1
expense,1
universal,1
current,1
regard,1
domestic,1
proportional,1
inquiry,1
perfectly,1
very,1
earthbound,1
oversampling,1
cities,1
living,1
type,1
advances,1
plantation,1
yuzo,1
hemp,1
william,1
scholarly,1
ethnically,1
explanations,1
squares,1
them,1
accounts,1
quote,1
allowance,1
agricultural,1
asymptotically,1
consisting,1
corroboration,1
weights,1
bitterly,1
secure,1
boys,1
cents,1
influenced,1
resident,1
incomes,1
ideal,1
port,1
size,1
remunerative,1
monopsony,1
preserved,1
thereby,1
redundant,1
ohio,1
introduced,1
cigarette,1
city,1
revolutions,1
joining,1
november,1
innocent,1
publishers,1
conventional,1
merchant,1
manufacturing,1
qualitative,1
using,1
mention,1
goals,1
harrison,1
faculty,1
subsumed,1
polynesia,1
shown,1
spring,1
modal,1
likelier,1
intensified,1
bookbinding,1
quest,1
numerous,1
institutional,1
internally,1
national,1
write,1
kasper,1
aware,1
latham,1
shrunk,1
contributed,1
include,1
d,1
green,1
nese,1
opinions,1
product,1
smaller,1
thoughtful,1
arrivals,1
piece,1
boilermakers,1
defined,1
plentiful,1
remains,1
association,1
increased,1
showed,1
comparison,1
territories,1
exportables,1
admitting,1
news,1
coefficient,1
intentional,1
substitute,1
assumed,1
themselves,1
c,1
justify,1
sectors,1
kris,1
era,1
norman,1
uncertainty,1
senkanki,1
librarians,1
focus,1
colonel,1
north,1
observed,1
famous,1
resembled,1
broader,1
col,1
roles,1
close,1
laws,1
maggie,1
guangdong,1
chineseowned,1
gold,1
werner,1
