WORDCOUNTS,WEIGHT
the,347
of,139
and,94
in,77
price,77
to,75
a,59
event,56
information,48
london,48
new,46
for,43
york,40
time,40
telegraph,39
t,33
from,30
market,29
by,28
that,26
cable,26
on,25
atlantic,24
between,23
at,22
study,22
days,22
an,22
prices,21
after,20
two,19
markets,19
be,19
stock,18
was,18
times,18
introduction,17
before,17
are,17
travel,16
this,16
we,16
is,15
about,14
test,14
differential,14
difference,14
exchange,14
c,14
or,13
v,13
change,13
one,12
s,12
daily,12
differentials,11
not,11
day,11
both,11
significant,11
converted,10
as,10
with,10
each,10
data,10
were,10
period,10
across,9
mean,9
rate,9
erie,9
events,9
standardized,9
lag,9
securities,9
can,9
percent,9
gold,9
l,8
flows,8
steamship,8
dollars,8
capital,8
absolute,8
hoag,8
ten,8
xit,8
zero,7
e,7
table,7
security,7
studies,7
n,7
series,7
par,7
only,7
m,7
p,7
i,7
because,7
vessels,7
statistics,7
it,6
foreign,6
means,6
large,6
changes,6
analysis,6
then,6
convergence,6
these,6
first,6
transmission,6
other,6
level,6
nine,6
during,6
integration,6
article,6
using,6
should,6
will,5
july,5
conversion,5
zt,5
same,5
no,5
more,5
shares,5
neal,5
returns,5
let,5
number,5
u,5
average,5
exchanges,5
results,5
although,5
michie,5
vessel,5
estimate,5
brown,5
news,5
warner,5
approximate,4
if,4
their,4
length,4
shortened,4
methods,4
when,4
history,4
observations,4
set,4
westbound,4
over,4
financial,4
j,4
paper,4
different,4
could,4
appendix,4
william,4
transmitted,4
see,4
silber,4
another,4
due,4
pi,4
voyage,4
previous,4
decrease,4
mt,4
instead,4
so,4
yjt,4
speed,4
observe,4
respectively,4
structure,4
given,4
technological,4
evidence,4
hypothesis,4
distribution,3
may,3
employ,3
now,3
deviations,3
various,3
common,3
independent,3
economic,3
performance,3
schmidt,3
greenbacks,3
how,3
per,3
lines,3
currency,3
suppose,3
slices,3
garbade,3
h,3
statistic,3
freedom,3
technology,3
under,3
consider,3
seems,3
railroad,3
result,3
version,3
denote,3
trades,3
detect,3
connection,3
business,3
available,3
working,3
advance,3
pounds,3
did,3
approximately,3
nt,3
economics,3
ocean,3
procedure,3
historical,3
pit,3
there,3
dates,3
where,3
telegraphic,3
population,3
case,3
has,3
while,3
degrees,3
work,3
year,3
exist,3
which,3
relative,3
transatlantic,3
crisis,3
august,3
spot,3
caused,3
define,3
d,3
would,3
high,3
z,3
ct,3
roughly,3
several,3
mitchell,3
second,3
banking,3
probably,3
journal,3
coe,3
periods,2
does,2
he,2
null,2
gurney,2
kenneth,2
determine,2
created,2
stocks,2
var,2
college,2
dardized,2
deviation,2
discounted,2
distributed,2
crossing,2
overlap,2
eight,2
expect,2
similar,2
jt,2
shocks,2
disintegration,2
direction,2
standardize,2
traveling,2
larry,2
stanapproximate,2
simultaneous,2
yet,2
months,2
greenback,2
investigate,2
biased,2
stephen,2
share,2
quoted,2
following,2
edu,2
arbitration,2
source,2
choag,2
must,2
priced,2
considers,2
inference,2
generally,2
long,2
comparing,2
requires,2
text,2
also,2
figure,2
toward,2
actual,2
causal,2
many,2
arrived,2
my,2
fact,2
shows,2
herald,2
lack,2
innovations,2
advantage,2
informationbearing,2
differences,2
hence,2
traffic,2
base,2
took,2
further,2
according,2
vary,2
whether,2
less,2
coincided,2
quote,2
takes,2
practice,2
volatile,2
conclusion,2
variances,2
forward,2
method,2
ranald,2
w,2
well,2
some,2
r,2
bond,2
october,2
example,2
increase,2
sufficiently,2
dollar,2
jerold,2
confirms,2
samples,2
often,2
use,2
unfortunately,2
obtain,2
whereas,2
pound,2
quotes,2
contains,2
thus,2
persist,2
eastbound,2
until,2
overend,2
reverse,2
low,2
open,2
finding,2
have,2
authors,2
made,2
recovering,2
interest,2
least,2
christopher,2
typically,2
integrated,2
ny,2
american,2
steamers,2
century,2
order,2
adjustment,2
small,2
respective,2
few,2
single,2
effect,2
undersea,2
find,2
customary,2
averages,2
through,2
preand,2
entire,2
slightly,2
describes,2
than,2
y,2
observed,2
value,2
bills,2
regimes,2
major,2
omission,1
carried,1
arrives,1
divergence,1
rights,1
consists,1
yields,1
converge,1
lance,1
suggestion,1
tests,1
extracted,1
simultaneously,1
states,1
electrical,1
power,1
dual,1
marginally,1
note,1
limits,1
humanities,1
costs,1
way,1
provide,1
his,1
phillip,1
usually,1
newspapers,1
cedar,1
public,1
watch,1
suggestive,1
ia,1
rough,1
flowed,1
threshold,1
limited,1
basic,1
defining,1
vertical,1
rapids,1
ending,1
nearly,1
primarily,1
complicate,1
line,1
asset,1
sherman,1
april,1
andj,1
allen,1
relations,1
originating,1
opportunity,1
mail,1
endogenously,1
make,1
originate,1
manuscript,1
they,1
b,1
derived,1
html,1
detects,1
incorporated,1
identify,1
inflate,1
omits,1
fall,1
list,1
united,1
strengthens,1
values,1
been,1
requiring,1
factors,1
settlement,1
arriving,1
land,1
edited,1
english,1
federal,1
lagged,1
statisticians,1
bonds,1
opportunities,1
addition,1
pp,1
obgarbade,1
marginal,1
nor,1
abraham,1
affect,1
wages,1
around,1
conclusive,1
hours,1
ne,1
claims,1
fast,1
neither,1
fixed,1
dissertation,1
assistant,1
unwin,1
into,1
definition,1
environment,1
formalization,1
participants,1
occurred,1
variable,1
home,1
cit,1
linked,1
positively,1
constant,1
section,1
continents,1
shock,1
weather,1
examine,1
completion,1
impulse,1
somewhat,1
mary,1
asymptotically,1
differs,1
but,1
reprint,1
prevent,1
already,1
most,1
recovered,1
consistent,1
additional,1
irit,1
functioned,1
finance,1
voyages,1
hoffman,1
social,1
www,1
longer,1
regime,1
fix,1
sources,1
davis,1
worst,1
perhaps,1
caroline,1
certainly,1
kelley,1
name,1
recall,1
press,1
offers,1
arbitrageurs,1
xt,1
attempts,1
taken,1
fell,1
quickly,1
might,1
methodology,1
alvarez,1
all,1
comon,1
avenue,1
added,1
referees,1
greater,1
presents,1
had,1
five,1
closely,1
attribute,1
based,1
company,1
faster,1
uses,1
limit,1
seem,1
newly,1
europe,1
dividend,1
canada,1
incorporating,1
volatility,1
bossaerts,1
found,1
any,1
hands,1
convert,1
reasons,1
ought,1
typical,1
djt,1
timing,1
liverpool,1
together,1
government,1
banks,1
decreases,1
thanks,1
demonstrating,1
very,1
effingham,1
reacts,1
remain,1
take,1
afterward,1
examining,1
listing,1
compound,1
approximation,1
observes,1
passage,1
landfall,1
advances,1
last,1
lead,1
consist,1
papers,1
written,1
holidays,1
left,1
preestimation,1
beginning,1
yji,1
reserved,1
robert,1
transactions,1
increases,1
yt,1
decreased,1
unlikely,1
technical,1
discrete,1
right,1
war,1
within,1
williamsburg,1
carefully,1
postal,1
changed,1
terms,1
stochastically,1
ivana,1
form,1
michael,1
cannot,1
references,1
employs,1
supports,1
excellent,1
royal,1
relayed,1
ignorance,1
proceeded,1
exogenous,1
accords,1
calculations,1
abbreviated,1
lengths,1
explain,1
theory,1
enough,1
lags,1
fastest,1
intuition,1
specie,1
spaced,1
mentioned,1
institute,1
reacting,1
larger,1
yield,1
design,1
cointegrating,1
chapter,1
local,1
advisor,1
account,1
vol,1
listed,1
quantities,1
prior,1
komunjer,1
closed,1
pricing,1
literature,1
international,1
middle,1
measures,1
election,1
hausman,1
suggests,1
nineteenthcentury,1
transporting,1
completed,1
even,1
directive,1
upon,1
translate,1
alterations,1
grether,1
augustus,1
measuring,1
fortnightly,1
weeks,1
sides,1
sundays,1
multiple,1
apart,1
taking,1
likely,1
tp,1
far,1
introduced,1
progress,1
city,1
panic,1
civil,1
depended,1
confirm,1
compares,1
november,1
transmit,1
publishers,1
equivalent,1
recover,1
its,1
revealed,1
persists,1
administration,1
minimum,1
therefore,1
traded,1
southerners,1
precipitated,1
fohlin,1
place,1
split,1
demonstrates,1
sequence,1
bill,1
ideas,1
outages,1
central,1
thereafter,1
check,1
chosen,1
forwarded,1
comments,1
reflect,1
california,1
percentages,1
described,1
conference,1
severe,1
such,1
trade,1
received,1
points,1
generate,1
disappear,1
graph,1
run,1
quotation,1
professor,1
sample,1
wilson,1
three,1
opposed,1
modem,1
announcement,1
unpublished,1
delay,1
author,1
finally,1
bracket,1
every,1
peter,1
ut,1
co,1
issn,1
pin,1
checks,1
cointegration,1
correlated,1
receipt,1
below,1
spread,1
eighteenth,1
intraday,1
premium,1
register,1
trading,1
held,1
ppny,1
defined,1
derive,1
contrast,1
funds,1
off,1
down,1
standard,1
regress,1
provides,1
association,1
arbitrage,1
increased,1
theorem,1
david,1
displays,1
va,1
anonymous,1
comparison,1
subtracted,1
jy,1
june,1
back,1
construct,1
highly,1
ship,1
pretelegraph,1
normally,1
statistically,1
transfer,1
http,1
withdrew,1
rates,1
served,1
research,1
minus,1
robustness,1
latest,1
precisely,1
coast,1
carrying,1
compare,1
create,1
uncertainty,1
up,1
mates,1
pt,1
department,1
analyze,1
sciences,1
contracts,1
communication,1
eventj,1
traditional,1
northern,1
focus,1
details,1
steamships,1
among,1
furthermore,1
cross,1
lincoln,1
catalogues,1
adjust,1
informational,1
dt,1
overstates,1
division,1
occur,1
examines,1
noon,1
conducts,1
