WORDCOUNTS,WEIGHT
the,230
of,152
and,55
in,50
to,47
s,29
that,28
a,24
mancall,23
upper,22
valley,19
frontier,18
culture,18
on,17
tillson,15
their,14
american,14
as,14
from,14
economic,13
for,13
political,13
susquehanna,13
backcountry,13
not,12
history,12
virginia,11
gentry,11
indian,10
more,9
common,8
turner,8
historians,8
its,8
have,8
market,7
who,7
opportunity,7
was,7
by,7
did,7
p,7
region,7
were,7
commercial,7
folk,7
his,6
transformation,6
study,6
white,6
is,6
indians,6
shenandoah,6
an,6
century,6
southern,5
one,5
with,5
albert,5
university,5
into,5
but,5
also,5
trade,5
local,5
west,5
fur,5
frederick,4
reviews,4
or,4
jackson,4
aron,4
new,4
richard,4
resources,4
press,4
development,4
peter,4
would,4
between,4
scholarship,4
poor,3
authority,3
he,3
deference,3
slavery,3
how,3
tidewater,3
they,3
pp,3
colonial,3
colonists,3
peoples,3
these,3
most,3
regional,3
followed,3
other,3
over,3
conquest,3
book,3
capitalist,3
speculators,3
rich,3
out,3
those,3
though,3
however,3
march,3
well,3
popular,3
residents,3
values,3
county,3
conflict,3
than,3
legacy,3
relations,3
land,3
cultural,3
revolution,3
be,3
tenants,3
among,3
recent,3
settlers,2
countryside,2
abundance,2
if,2
figure,2
ecological,2
vision,2
process,2
make,2
beeman,2
expectations,2
analysis,2
about,2
see,2
respect,2
yet,2
h,2
interpretation,2
morgan,2
stephen,2
western,2
thesis,2
index,2
same,2
impact,2
too,2
age,2
themes,2
isaac,2
long,2
labor,2
rather,2
here,2
alternative,2
view,2
all,2
character,2
efforts,2
possibilities,2
leaders,2
current,2
farmers,2
time,2
together,2
government,2
far,2
delawares,2
rural,2
works,2
last,2
animal,2
game,2
surely,2
where,2
appalachian,2
economy,2
johns,2
refugees,2
majority,2
population,2
triumphalist,2
case,2
backcountries,2
attitudes,2
conclusion,2
books,2
hierarchies,2
hopkins,2
while,2
america,2
great,2
account,2
some,2
shawnees,2
both,2
made,2
eighteenth,2
true,2
recognition,2
altered,2
whites,2
became,2
pursuit,2
commodities,2
has,2
much,2
issues,2
beginnings,2
evolution,2
which,2
traders,2
historiographic,2
years,2
significance,2
this,2
directed,2
regions,2
dominated,2
neighbors,2
logic,2
social,2
rhys,2
jr,2
defined,2
especially,2
few,2
potential,2
edmund,2
lines,2
displayed,2
profit,2
hunters,2
because,2
focus,2
world,2
notes,2
connections,2
kentucky,2
influence,2
at,1
survived,1
alike,1
european,1
failed,1
depicted,1
surprisingly,1
does,1
unstable,1
republican,1
negotiations,1
courts,1
done,1
delineating,1
excludes,1
stems,1
hegemony,1
revise,1
inequitable,1
costs,1
various,1
minimizes,1
way,1
inhabitants,1
crucial,1
wary,1
usually,1
cismississippi,1
recreate,1
indicative,1
rule,1
midcentury,1
indeed,1
gender,1
bound,1
remnants,1
resisted,1
opinion,1
encouraged,1
limited,1
ironically,1
exacerbated,1
others,1
landless,1
environmental,1
appreciate,1
impose,1
hosts,1
recognizes,1
widespread,1
revolutionary,1
coastal,1
underplays,1
sway,1
independence,1
becomes,1
comparable,1
success,1
disappearing,1
alone,1
analyzes,1
july,1
suffer,1
mountains,1
imperialism,1
invited,1
determining,1
ends,1
pushed,1
after,1
treaty,1
developers,1
similar,1
initially,1
rapidly,1
movement,1
empires,1
consensual,1
recently,1
dissented,1
boone,1
ix,1
contributions,1
life,1
lexicon,1
leaves,1
methods,1
properly,1
designed,1
rules,1
fall,1
companies,1
presenting,1
consequences,1
space,1
live,1
obedience,1
ways,1
support,1
when,1
ordeal,1
making,1
exceptional,1
approaches,1
modified,1
crusaded,1
face,1
holdings,1
smiled,1
easily,1
makes,1
elitist,1
tidereviews,1
developments,1
agree,1
insurrectionary,1
had,1
themselves,1
militia,1
attachment,1
considerations,1
spirit,1
tensions,1
inspiration,1
matters,1
neither,1
then,1
acquired,1
familiar,1
benefits,1
title,1
curious,1
extinction,1
eventually,1
cornell,1
loyalists,1
accentuated,1
before,1
elsewhere,1
regiments,1
singular,1
terrible,1
growing,1
flames,1
nineteenth,1
something,1
traces,1
mary,1
comes,1
revision,1
repercussions,1
princeton,1
changing,1
reviewed,1
faith,1
practices,1
biography,1
agricultural,1
multicultural,1
two,1
department,1
experience,1
owed,1
acknowledges,1
assortment,1
resource,1
turn,1
forwarded,1
gentlemen,1
only,1
transatlantic,1
tension,1
explaining,1
stressed,1
dealers,1
susquehana,1
recruits,1
persuasive,1
willingness,1
lexington,1
outbreak,1
embraced,1
supposedly,1
gaze,1
critiques,1
exploitation,1
appealing,1
shifted,1
established,1
omission,1
challenge,1
helped,1
power,1
coincides,1
required,1
military,1
preference,1
faced,1
toward,1
again,1
decades,1
address,1
patriot,1
drawing,1
natural,1
appear,1
suppositions,1
dependency,1
hot,1
commanded,1
control,1
each,1
causes,1
water,1
liberty,1
moving,1
generational,1
historiography,1
sovereignty,1
disorder,1
dramatically,1
came,1
based,1
monopolized,1
whom,1
shaped,1
path,1
available,1
scholars,1
prototypical,1
xii,1
explores,1
secondary,1
formulations,1
broadly,1
credits,1
fortunes,1
appendix,1
daily,1
wealthy,1
search,1
called,1
accents,1
serene,1
attempt,1
inquiry,1
unknowingly,1
studied,1
crowd,1
transferred,1
thanks,1
hundred,1
preferring,1
facilitate,1
image,1
prospects,1
end,1
hunting,1
depletion,1
benefit,1
constant,1
survey,1
within,1
claimed,1
debt,1
sedate,1
distributions,1
considerable,1
unfreedom,1
subsequent,1
republicanism,1
inland,1
there,1
replication,1
favorite,1
beliefs,1
atypically,1
unintelligible,1
persistence,1
men,1
commercialism,1
patterns,1
turned,1
prestige,1
further,1
latest,1
forwarding,1
difficult,1
beginning,1
henry,1
equally,1
ground,1
access,1
quiet,1
decried,1
nobles,1
realities,1
depleted,1
disaffection,1
what,1
apportions,1
eras,1
sadly,1
districts,1
continuing,1
affirm,1
daniel,1
empire,1
ensured,1
shared,1
backlash,1
relevant,1
fanned,1
underscores,1
discord,1
system,1
british,1
strategies,1
suffered,1
reminders,1
wealth,1
occasional,1
reshaped,1
record,1
colony,1
wartime,1
maps,1
hoped,1
forthcoming,1
passed,1
map,1
friendship,1
mere,1
refuge,1
narrative,1
microcosm,1
eastern,1
enjoyed,1
inclusiveness,1
dependents,1
east,1
style,1
play,1
harnessed,1
number,1
sought,1
conditioned,1
remarkably,1
discontent,1
agriculture,1
outlines,1
valleys,1
secure,1
twist,1
remained,1
settles,1
lost,1
property,1
less,1
skillfully,1
without,1
participation,1
opened,1
status,1
welcome,1
credit,1
emphasis,1
betrayed,1
determined,1
understanding,1
aptly,1
literature,1
vast,1
reject,1
work,1
burning,1
middle,1
dissidents,1
sale,1
gift,1
examples,1
intimidate,1
suggests,1
powers,1
alter,1
certainties,1
doomed,1
founded,1
upon,1
magazine,1
ecologically,1
framed,1
neatly,1
slaves,1
defer,1
addition,1
sides,1
consequently,1
significantly,1
supply,1
say,1
patricia,1
conceptual,1
part,1
through,1
scorned,1
introduced,1
ignores,1
southside,1
prevalent,1
militiamen,1
still,1
role,1
along,1
anew,1
elite,1
promises,1
concessions,1
turns,1
demanded,1
europeans,1
tried,1
traditional,1
transition,1
explication,1
patriots,1
assumptions,1
religion,1
prevented,1
substance,1
beavers,1
october,1
succumbed,1
bondage,1
democratic,1
corrupt,1
behavior,1
attract,1
instrumentalist,1
freedom,1
demonstrates,1
encroachments,1
pretend,1
ideas,1
aims,1
actually,1
human,1
central,1
limerick,1
styles,1
divorced,1
rituals,1
encapsulate,1
proceeds,1
full,1
belated,1
sees,1
away,1
question,1
intercultural,1
gregory,1
complicated,1
centennial,1
pennsylvania,1
internal,1
xviii,1
students,1
breaks,1
clearing,1
deceptively,1
such,1
lands,1
slighting,1
run,1
banish,1
clear,1
antifrontier,1
against,1
moral,1
twentieth,1
paradigm,1
tables,1
approach,1
tories,1
institutional,1
assumes,1
exerted,1
molded,1
integral,1
author,1
lakes,1
points,1
explanation,1
amounts,1
good,1
relatively,1
public,1
documentation,1
fresh,1
course,1
unilaterally,1
interregional,1
divisions,1
derived,1
field,1
below,1
lured,1
measures,1
expeditions,1
enlist,1
questionable,1
insisted,1
escaped,1
obstacles,1
integration,1
lacked,1
unwilling,1
overawe,1
reduction,1
trumpeting,1
inequalities,1
households,1
earlier,1
tributaries,1
reins,1
improved,1
nelson,1
settlement,1
provides,1
clay,1
officials,1
nor,1
occupancy,1
increased,1
campaign,1
exchange,1
small,1
rejecting,1
betters,1
moved,1
migrants,1
profits,1
blacks,1
outside,1
profound,1
republics,1
contrary,1
replace,1
tranquil,1
unpopular,1
ithaca,1
eyes,1
ser,1
breaking,1
teenth,1
presence,1
become,1
research,1
sophistication,1
fury,1
interfered,1
lunenburg,1
c,1
prompted,1
protested,1
interpretations,1
telling,1
blessings,1
exercising,1
impossible,1
influences,1
seventeenthcentury,1
alliances,1
lucid,1
hierarchical,1
find,1
structure,1
prerogatives,1
early,1
barely,1
compel,1
up,1
localism,1
progress,1
capitalism,1
looks,1
even,1
ownership,1
little,1
purpose,1
develop,1
landscape,1
william,1
attracted,1
advantages,1
describes,1
assesses,1
recapitulate,1
seek,1
spread,1
reverses,1
whenever,1
kin,1
egoistic,1
quarterly,1
leadership,1
metamorphosis,1
should,1
general,1
virtue,1
rallied,1
displaced,1
heyday,1
nonmarket,1
sunnier,1
attention,1
termed,1
conception,1
race,1
according,1
impressions,1
compromise,1
predicated,1
competed,1
landlords,1
activities,1
concerted,1
decision,1
commanders,1
neighborhoods,1
