WORDCOUNTS,WEIGHT
the,132
of,108
and,59
in,55
s,52
schwartz,50
to,44
a,29
that,24
is,23
his,21
law,21
p,21
legal,20
for,18
court,17
no,16
as,16
jurisprudence,16
v,15
justice,15
with,14
frankfurter,14
was,13
not,12
thought,12
or,12
which,12
on,12
chase,12
american,11
history,11
he,10
supreme,10
this,10
own,10
an,10
black,10
white,10
it,9
one,9
u,9
has,9
upon,9
review,9
chief,8
but,8
by,8
are,8
work,8
be,8
holmes,7
view,7
amendment,7
at,6
who,6
taney,6
salmon,6
those,6
currents,6
cases,6
rights,5
main,5
reconstruction,5
university,5
from,5
most,5
only,5
new,5
john,5
there,5
made,5
claim,5
role,5
justices,5
its,5
have,5
were,5
aynes,5
fourteenth,5
like,5
york,4
michael,4
had,4
could,4
edward,4
never,4
suggests,4
women,4
era,4
northern,4
reconstructing,4
development,4
against,4
g,4
kentucky,4
so,4
states,4
lawyers,4
c,4
influence,4
jurist,3
may,3
played,3
if,3
l,3
indeed,3
similar,3
their,3
support,3
pp,3
place,3
marshall,3
these,3
finkelman,3
paul,3
slavery,3
control,3
been,3
treatment,3
time,3
carolina,3
further,3
reviews,3
whether,3
judicial,3
theory,3
some,3
adamson,3
press,3
african,3
our,3
includes,3
personal,3
such,3
they,3
professor,3
contributed,3
include,3
contributions,3
between,3
can,3
d,3
stature,3
also,3
story,3
journal,3
spite,3
decision,3
cas,2
does,2
lochner,2
relying,2
americans,2
frederick,2
equality,2
note,2
without,2
yet,2
wendell,2
f,2
represent,2
critical,2
curtis,2
male,2
doctrine,2
process,2
e,2
lost,2
yale,2
benedict,2
bill,2
importance,2
b,2
decisions,2
lawyer,2
about,2
united,2
true,2
comment,2
thomas,2
accounts,2
studies,2
bingham,2
modern,2
douglass,2
bemard,2
les,2
position,2
index,2
seems,2
included,2
same,2
source,2
acknowledging,2
acknowledges,2
known,2
follow,2
brandeis,2
text,2
more,2
majority,2
dominant,2
m,2
important,2
opinion,2
toward,2
over,2
similarly,2
j,2
kennedy,2
other,2
individuals,2
tradition,2
did,2
any,2
great,2
current,2
wade,2
scholars,2
clause,2
survey,2
take,2
man,2
dissents,2
oliver,2
feminist,2
wirt,2
hand,2
robert,2
william,2
day,2
context,2
dred,2
until,2
voting,2
constitutional,2
otherwise,2
practice,2
writes,2
books,2
historians,2
because,2
account,2
felt,2
fairman,2
both,2
concludes,2
richard,2
randall,2
part,2
scott,2
ignores,2
example,2
politician,2
due,2
nation,2
louis,2
minority,2
use,2
felix,2
harlan,2
engaging,2
california,2
restraint,2
national,2
nonlawyers,2
judges,2
reliable,2
destiny,2
after,2
conversation,2
akhil,2
person,2
dissent,2
charles,2
june,2
even,2
roe,2
figures,2
north,2
notes,2
kaczorowski,2
should,2
amar,2
conversations,2
overlooked,2
society,2
courts,1
immunities,1
fails,1
chronological,1
south,1
regained,1
will,1
bernard,1
indication,1
heretofore,1
relationship,1
racism,1
devotee,1
saw,1
hollow,1
solicitor,1
common,1
peonage,1
way,1
interweaving,1
george,1
provide,1
letters,1
anthony,1
figure,1
johns,1
wanting,1
minorities,1
strategy,1
failed,1
superficial,1
impressive,1
plessy,1
faults,1
foster,1
illustration,1
carefully,1
incrimination,1
career,1
personnel,1
celebration,1
brief,1
wythe,1
revolutionary,1
attacking,1
disagreements,1
statutes,1
ruffin,1
frequently,1
allen,1
constitutionalism,1
detailed,1
fragmented,1
judgment,1
celebrate,1
thinkers,1
privileges,1
biographical,1
forth,1
life,1
contribution,1
developments,1
turn,1
buck,1
contemporaneous,1
movement,1
southern,1
contributor,1
distort,1
ass,1
hold,1
rutgers,1
foner,1
approve,1
positive,1
intellectual,1
bootstraps,1
k,1
often,1
blacks,1
analysis,1
quite,1
designed,1
repeats,1
entries,1
philosophies,1
hope,1
frank,1
referring,1
surprising,1
remind,1
live,1
oxford,1
table,1
moves,1
portrayed,1
vignettes,1
webster,1
reason,1
itself,1
lives,1
apologia,1
coverage,1
discriminate,1
susan,1
censure,1
roan,1
ring,1
whose,1
latter,1
considered,1
darrow,1
consider,1
chronology,1
unrevealed,1
goldberg,1
thesis,1
school,1
harsh,1
literary,1
duncan,1
sketches,1
eventually,1
clearly,1
light,1
before,1
section,1
antebellum,1
remedy,1
following,1
accomplishments,1
n,1
nineteenth,1
preface,1
cooley,1
house,1
conclusion,1
changing,1
discounting,1
too,1
du,1
w,1
already,1
must,1
preeminent,1
four,1
two,1
begins,1
celebrates,1
stewart,1
consistent,1
continues,1
anything,1
powerful,1
inferiority,1
implied,1
social,1
lemuel,1
skillful,1
dealers,1
failing,1
willard,1
discomfort,1
long,1
whom,1
expands,1
certainly,1
leader,1
willing,1
houston,1
setting,1
set,1
clarence,1
philosophy,1
power,1
escapes,1
contrary,1
quickly,1
highly,1
others,1
admiration,1
spencer,1
death,1
board,1
attempt,1
appear,1
preserve,1
identified,1
admonition,1
state,1
assessments,1
principle,1
kent,1
virulent,1
all,1
added,1
shaw,1
many,1
pantheon,1
chapman,1
celebratory,1
uses,1
dissenting,1
efforts,1
my,1
formidable,1
different,1
fact,1
based,1
longer,1
eloquence,1
immense,1
reach,1
columbia,1
prejudices,1
stories,1
brennan,1
seem,1
shabbiness,1
very,1
best,1
leading,1
secondary,1
carter,1
tulsa,1
assertion,1
suggesting,1
appendix,1
prior,1
expense,1
called,1
color,1
compliments,1
offers,1
differences,1
attempting,1
judge,1
regaining,1
eugenics,1
relating,1
viii,1
rich,1
out,1
economics,1
akron,1
tells,1
incorporation,1
how,1
reunion,1
mississippi,1
disciple,1
disingenuous,1
uphold,1
warren,1
making,1
mold,1
slaughter,1
help,1
past,1
featured,1
males,1
fragments,1
living,1
selects,1
instrument,1
chancellor,1
last,1
places,1
academic,1
date,1
respond,1
principal,1
political,1
though,1
according,1
durham,1
influential,1
reading,1
what,1
war,1
focus,1
within,1
hall,1
affected,1
daniel,1
transitory,1
ala,1
florence,1
them,1
terms,1
citizenship,1
list,1
see,1
cannot,1
meet,1
references,1
case,1
cause,1
tailored,1
side,1
publications,1
tapes,1
record,1
eye,1
above,1
woman,1
rawls,1
hamilton,1
ignoring,1
problem,1
bader,1
necessities,1
public,1
gives,1
stanford,1
fortas,1
counterpart,1
robes,1
hopkins,1
while,1
going,1
possibility,1
misreading,1
primarily,1
butchers,1
influenced,1
memory,1
illegally,1
discuss,1
landing,1
equal,1
eminently,1
well,1
watershed,1
fight,1
bradley,1
chapter,1
information,1
original,1
when,1
implies,1
lifetime,1
line,1
contain,1
extended,1
concurring,1
hastie,1
memoranda,1
intent,1
examples,1
considering,1
background,1
solely,1
appeals,1
bibliography,1
little,1
blue,1
prohibition,1
thurgood,1
clear,1
abridge,1
writings,1
recognition,1
unaided,1
defied,1
brought,1
politics,1
giles,1
surveys,1
rosa,1
treating,1
bois,1
explains,1
biography,1
civil,1
proportions,1
finding,1
opportunity,1
subject,1
lawyering,1
entirely,1
whole,1
southerners,1
obtain,1
presentism,1
results,1
appointed,1
jerome,1
demonstrates,1
schlegel,1
diaries,1
clients,1
harvard,1
dworkin,1
segregation,1
relies,1
engineers,1
goal,1
emancipation,1
continue,1
historical,1
documented,1
prelude,1
eric,1
focuses,1
sees,1
ronald,1
burger,1
question,1
ginsburg,1
believes,1
tell,1
oligarchy,1
years,1
ambivalent,1
xv,1
trends,1
three,1
bailey,1
counsels,1
hierarchy,1
assumes,1
publication,1
author,1
logic,1
good,1
professional,1
relations,1
instead,1
times,1
sense,1
detracts,1
smith,1
would,1
co,1
jr,1
parrington,1
seeming,1
century,1
schools,1
collected,1
ferguson,1
forced,1
moreover,1
reaches,1
standard,1
provides,1
clay,1
bank,1
self,1
reluctance,1
diary,1
why,1
summary,1
footnotes,1
crescent,1
reed,1
ruth,1
needs,1
refer,1
treats,1
specific,1
discrimination,1
back,1
potential,1
serialization,1
architect,1
feelings,1
almost,1
systems,1
difficulty,1
flawed,1
lift,1
wholly,1
distinguished,1
assessing,1
portions,1
narrative,1
henry,1
single,1
right,1
differing,1
frankfurtrer,1
despair,1
impossible,1
excluded,1
find,1
james,1
cincinnati,1
offensive,1
including,1
mirrored,1
progress,1
working,1
element,1
entire,1
unbounded,1
ingrained,1
inaccuracy,1
abandoned,1
critique,1
counts,1
city,1
among,1
apparently,1
than,1
recent,1
famous,1
value,1
occasion,1
evidence,1
ago,1
louisiana,1
doing,1
depreciates,1
shall,1
la,1
race,1
actions,1
disturbing,1
brown,1
cited,1
applies,1
major,1
readable,1
constitution,1
parks,1
