WORDCOUNTS,WEIGHT
the,188
of,102
and,91
in,52
to,44
a,40
that,28
as,25
hospital,22
technology,16
with,15
was,15
history,15
social,15
new,14
medical,13
from,12
by,12
for,12
institution,11
about,10
howell,10
technologies,10
it,9
their,9
physicians,9
care,9
medicine,9
american,8
hospitals,8
public,8
part,8
its,8
were,8
where,7
into,7
patients,7
could,7
an,7
broader,7
at,6
is,6
book,6
this,6
patient,6
on,6
economic,5
one,5
once,5
or,5
s,5
cultural,5
practice,5
information,5
private,5
place,5
rosner,5
between,5
value,5
ways,4
life,4
blood,4
under,4
had,4
skin,4
questions,4
meaning,4
departments,4
hands,4
out,4
historical,4
record,4
historians,4
upon,4
became,4
along,4
health,4
change,4
would,4
administrative,4
body,4
enterprise,4
we,4
professional,4
provided,4
attention,4
trustees,3
york,3
fear,3
process,3
center,3
complex,3
interpretation,3
itself,3
understand,3
but,3
changing,3
charity,3
only,3
beyond,3
picture,3
other,3
view,3
greater,3
which,3
practitioners,3
getting,3
debates,3
political,3
reviews,3
your,3
books,3
has,3
machinery,3
who,3
introduced,3
example,3
use,3
central,3
david,3
integrated,3
interpret,3
century,3
machines,3
be,3
early,3
look,3
relationship,2
no,2
way,2
ambivalence,2
science,2
scientific,2
later,2
how,2
institutions,2
community,2
transformed,2
detailed,2
introduction,2
force,2
began,2
turn,2
initially,2
certain,2
group,2
class,2
modern,2
university,2
charitable,2
emergence,2
surgery,2
industrial,2
invention,2
more,2
urinalysis,2
handle,2
power,2
important,2
address,2
positivist,2
death,2
privacy,2
allow,2
all,2
financial,2
uses,2
came,2
shows,2
children,2
themselves,2
far,2
associated,2
took,2
alike,2
somewhat,2
johns,2
developing,2
them,2
photographer,2
produced,2
see,2
explain,2
brooklyn,2
hopkins,2
sought,2
technical,2
aspects,2
status,2
some,2
middle,2
inevitable,2
story,2
through,2
depended,2
press,2
undoubtedly,2
broad,2
people,2
ideas,2
aspect,2
structures,2
regarding,2
forces,2
away,2
relationships,2
ultimately,2
immediate,2
such,2
development,2
joel,2
twentieth,2
approach,2
doctors,2
september,2
income,2
points,2
held,2
homes,2
like,2
field,2
specialists,2
so,2
general,2
effectively,2
integration,2
provides,2
rich,2
fees,2
allowed,2
facility,2
left,2
debate,2
up,2
even,2
also,2
lay,2
counts,2
details,2
recent,2
moved,2
specialty,2
close,2
activities,2
society,2
periods,1
model,1
transforming,1
boards,1
mechanisms,1
reproduce,1
gaining,1
challenge,1
tests,1
film,1
valuable,1
led,1
he,1
americans,1
whose,1
today,1
practices,1
films,1
his,1
carried,1
concerned,1
assert,1
figure,1
bring,1
generated,1
anatomical,1
frankensteinian,1
doctoral,1
centered,1
superman,1
developed,1
testing,1
service,1
heels,1
telephone,1
northside,1
dangers,1
might,1
cloud,1
account,1
college,1
widespread,1
male,1
female,1
becomes,1
rather,1
neatly,1
restructuring,1
chronically,1
permanent,1
arrangements,1
fraught,1
pushed,1
expect,1
standing,1
beneath,1
transformation,1
expert,1
derived,1
seemingly,1
replaced,1
achievements,1
diagnosis,1
confounded,1
often,1
dimensional,1
pp,1
analysis,1
white,1
read,1
mementos,1
authority,1
specialist,1
extremely,1
muscles,1
means,1
magazines,1
shoe,1
coverage,1
articles,1
arts,1
conformed,1
older,1
appendixes,1
evil,1
vastly,1
array,1
photographs,1
install,1
rosenberg,1
trace,1
viscera,1
us,1
organization,1
clark,1
index,1
necessarily,1
benefits,1
environment,1
dissection,1
unlike,1
home,1
slowly,1
informal,1
liberal,1
driven,1
judgments,1
culture,1
moving,1
shifting,1
commercialization,1
numbers,1
impact,1
baltimore,1
recentered,1
instrument,1
accessibility,1
too,1
faith,1
without,1
advancing,1
turning,1
most,1
two,1
begins,1
increasingly,1
fact,1
first,1
surface,1
skeletons,1
analyzers,1
subjective,1
discomfort,1
chronicling,1
every,1
stemmed,1
certainly,1
invade,1
reach,1
billing,1
distinguishing,1
voices,1
established,1
loathing,1
set,1
viewed,1
lapse,1
evidence,1
kenneth,1
physically,1
toward,1
trained,1
defining,1
drawing,1
questioned,1
over,1
uncluttered,1
conceived,1
intellectual,1
control,1
image,1
each,1
addition,1
taking,1
capital,1
intensive,1
demographic,1
nature,1
paper,1
are,1
historiography,1
longer,1
phonograph,1
limit,1
treatment,1
available,1
fundamental,1
newspapers,1
scientists,1
scholars,1
politics,1
broadly,1
remuneration,1
accompanied,1
shadow,1
simple,1
nagging,1
intersected,1
analyses,1
eventually,1
effort,1
time,1
gerald,1
grave,1
able,1
demands,1
exhibits,1
privileged,1
distanced,1
audience,1
reflected,1
products,1
spaces,1
pennsylvania,1
illness,1
there,1
integrate,1
external,1
type,1
advances,1
better,1
lead,1
portions,1
redefined,1
drove,1
raised,1
those,1
staff,1
deriving,1
corps,1
born,1
discussing,1
what,1
select,1
economy,1
visiting,1
circles,1
accepted,1
tools,1
spatial,1
contents,1
persons,1
companies,1
less,1
rising,1
negatives,1
paying,1
younger,1
underpinnings,1
grounds,1
reshaped,1
attitudes,1
passed,1
vogel,1
facilities,1
novelty,1
wide,1
appropriated,1
while,1
number,1
determine,1
coin,1
briefly,1
because,1
electrocardiogram,1
addresses,1
cloth,1
well,1
remove,1
directly,1
keeping,1
when,1
minimal,1
government,1
opened,1
possible,1
logical,1
accounting,1
threat,1
headlines,1
revealed,1
activity,1
stimulated,1
vast,1
popular,1
phds,1
reaction,1
eligibility,1
bodies,1
presented,1
claim,1
clear,1
onto,1
ill,1
thereby,1
arose,1
very,1
training,1
previously,1
vision,1
strangers,1
genetic,1
redefining,1
role,1
room,1
die,1
stores,1
techniques,1
tenets,1
administration,1
host,1
economies,1
assumptions,1
entirely,1
largely,1
whole,1
kindled,1
programs,1
modem,1
operated,1
resistance,1
during,1
virtually,1
numerous,1
controlled,1
records,1
expertise,1
writing,1
being,1
splitting,1
iconoclastic,1
services,1
our,1
reinforced,1
bedside,1
denying,1
personal,1
viability,1
than,1
radiologists,1
profession,1
underworld,1
project,1
commercial,1
unable,1
interpreted,1
universally,1
own,1
unencumbered,1
baruch,1
placing,1
finding,1
humanity,1
graduate,1
importance,1
laboratories,1
lens,1
demystifies,1
machine,1
author,1
ray,1
domain,1
good,1
relatively,1
ability,1
review,1
secreted,1
individual,1
controversies,1
sense,1
hard,1
unwillingness,1
below,1
need,1
shaping,1
static,1
centrality,1
financing,1
defined,1
contrast,1
haphazard,1
black,1
diagnostic,1
cases,1
intrinsic,1
insurance,1
old,1
self,1
around,1
untouched,1
family,1
magical,1
payment,1
reorganized,1
roentegen,1
depend,1
observation,1
charles,1
driving,1
highly,1
biomedical,1
physician,1
speed,1
race,1
temporary,1
feet,1
intruding,1
cuny,1
served,1
parochial,1
coauthor,1
sophistication,1
interpretations,1
rejection,1
boundaries,1
tended,1
reached,1
can,1
structure,1
fully,1
policymakers,1
generally,1
including,1
substantial,1
markowitz,1
consumption,1
looks,1
mamie,1
little,1
instruments,1
traditional,1
preserving,1
morris,1
focus,1
images,1
much,1
paid,1
using,1
invented,1
among,1
saw,1
technological,1
notes,1
reproductions,1
rearrangements,1
appropriate,1
should,1
nuanced,1
specialties,1
technicians,1
convincingly,1
widely,1
stereotypes,1
knowledge,1
avoid,1
battles,1
faustian,1
