WORDCOUNTS,WEIGHT
the,380
of,294
in,174
and,149
a,140
to,133
i,96
that,78
was,57
american,52
it,48
my,46
history,44
from,42
on,42
an,41
nativism,39
for,33
as,32
had,31
is,29
not,29
at,27
social,26
ethnic,26
with,26
this,24
one,23
its,23
were,23
have,23
national,23
by,22
new,22
more,21
what,20
nationalism,19
war,19
but,19
be,19
has,18
their,16
could,16
been,15
strangers,15
are,14
so,14
which,13
own,13
higham,13
or,13
time,13
s,12
than,12
how,12
world,12
these,12
other,12
immigration,12
land,12
between,12
america,11
immigrants,11
americans,11
subject,11
much,11
they,10
book,10
some,10
relations,10
however,10
about,10
another,10
ideas,10
nativist,10
lost,10
when,10
mobility,9
all,9
century,9
racism,9
no,9
liberal,9
during,9
me,9
far,9
society,9
race,9
if,8
into,8
against,8
because,8
civil,8
also,8
many,8
minorities,8
john,8
after,8
we,8
who,8
migration,8
early,8
major,8
now,7
first,7
long,7
great,7
very,7
study,7
seemed,7
still,7
movement,7
yet,7
culture,7
two,7
do,7
less,7
would,7
story,7
ideology,7
years,7
way,6
group,6
universalism,6
conflict,6
surely,6
since,6
left,6
ideologies,6
came,6
further,6
cultural,6
reviews,6
jewish,6
nation,6
people,6
june,6
may,6
same,6
end,6
enough,6
life,6
united,6
distinctions,6
cities,6
urban,6
states,6
go,5
common,5
concentrated,5
might,5
historians,5
account,5
such,5
turn,5
rights,5
changes,5
out,5
changed,5
international,5
around,5
will,5
pp,5
thought,5
party,5
period,5
why,5
internal,5
although,5
can,5
attention,5
any,5
over,5
instead,5
recent,5
groups,4
jews,4
studies,4
ii,4
j,4
those,4
political,4
within,4
behavior,4
without,4
rather,4
most,4
always,4
here,4
part,4
example,4
older,4
good,4
least,4
sense,4
few,4
economic,4
overall,4
southern,4
us,4
ed,4
only,4
published,4
scholars,4
larger,4
identity,4
like,4
become,4
widely,4
today,4
foreign,4
racial,4
institutions,4
often,4
then,4
intellectual,4
did,4
historical,4
just,4
terms,4
problem,4
while,4
popular,4
both,4
conditions,4
crisis,4
ethnocentrism,4
blacks,4
themselves,4
point,4
era,4
among,4
cosmopolitan,4
m,3
lovejoy,3
large,3
paper,3
nineteenth,3
russell,3
diversity,3
experience,3
being,3
fabric,3
either,3
taken,3
able,3
take,3
system,3
capacity,3
say,3
throughout,3
underlying,3
journal,3
look,3
bennett,3
nativisms,3
failed,3
rooted,3
york,3
neglected,3
proportion,3
tensions,3
numbers,3
too,3
powerful,3
restriction,3
nationality,3
concentration,3
public,3
p,3
handbook,3
though,3
population,3
vivid,3
well,3
whole,3
strain,3
project,3
status,3
next,3
catholic,3
presence,3
newcomers,3
research,3
generally,3
am,3
geographical,3
second,3
inclusive,3
community,3
label,3
happened,3
riots,3
assimilation,3
rise,3
principles,3
toward,3
again,3
others,3
demographic,3
never,3
readers,3
present,3
where,3
perhaps,3
confidence,3
arthur,3
largely,3
significance,3
three,3
black,3
systems,3
racist,3
let,3
structure,3
fear,3
sage,3
suggestions,3
wars,3
must,3
simply,3
country,3
multiculturalism,3
different,3
believe,3
half,3
foundation,3
nationalist,3
city,3
became,3
southerners,3
twentieth,3
write,3
defined,3
association,3
shift,3
mccarthy,3
little,3
strong,3
doing,3
nativists,3
undergraduate,2
o,2
done,2
wonder,2
elaborating,2
obsolete,2
essays,2
neighborhoods,2
true,2
ways,2
h,2
easily,2
realities,2
committee,2
necessarily,2
virtually,2
habits,2
before,2
reprinted,2
twilight,2
racially,2
creation,2
attempt,2
encouraged,2
advanced,2
seems,2
shaped,2
invigorated,2
differences,2
there,2
mind,2
state,2
daniel,2
inquiry,2
issue,2
task,2
strand,2
illustrate,2
move,2
bell,2
anticipated,2
writing,2
prejudice,2
wherever,2
segregation,2
review,2
demanded,2
interest,2
kind,2
young,2
races,2
effective,2
even,2
spite,2
critique,2
rates,2
grasp,2
opposed,2
hirschman,2
devastating,2
developed,2
basic,2
unit,2
earlier,2
strands,2
form,2
white,2
awareness,2
means,2
send,2
university,2
clearly,2
air,2
gradually,2
fore,2
followed,2
flow,2
opinion,2
decades,2
view,2
reflections,2
union,2
found,2
sequel,2
deal,2
census,2
radical,2
term,2
late,2
understood,2
recently,2
placed,2
gained,2
basis,2
future,2
egalitarian,2
coping,2
thoughts,2
place,2
kasinitz,2
issues,2
work,2
structures,2
away,2
sprang,2
caused,2
field,2
anger,2
cold,2
revolution,2
speculations,2
senator,2
exclusionary,2
order,2
depression,2
suddenly,2
boundaries,2
philip,2
fully,2
up,2
south,2
span,2
therefore,2
bringing,2
identified,2
brief,2
constraints,2
reconstruction,2
make,2
interactions,2
suppose,2
once,2
read,2
dreams,2
under,2
thesis,2
perceived,2
light,2
already,2
alien,2
useful,2
preeminence,2
heritage,2
approaching,2
pointed,2
overwhelming,2
segregated,2
beliefs,2
together,2
fallen,2
contemporary,2
took,2
hand,2
everyday,2
ground,2
model,2
see,2
until,2
material,2
deep,2
paperback,2
belief,2
arises,2
remained,2
matrix,2
divided,2
mccarthyism,2
explanation,2
discrimination,2
looking,2
concern,2
everything,2
unfortunately,2
dewind,2
questions,2
processes,2
recovery,2
afterward,2
clear,2
xenophobia,2
david,2
defensive,2
faith,2
problems,2
effect,2
james,2
northern,2
need,2
frictions,2
hope,2
species,2
justice,2
science,2
sometimes,2
crucial,2
vision,2
ebb,2
seen,2
rapidly,2
countries,2
class,2
exclude,2
inferior,2
itself,2
historian,2
growing,2
conclusion,2
peoples,2
ever,2
scrutiny,2
cohn,2
set,2
know,2
east,2
ideological,2
past,2
them,2
center,2
making,2
cause,2
particular,2
attitudes,2
theory,2
fascination,2
freedom,2
level,2
given,2
press,2
easy,2
african,2
transition,2
impulses,2
vast,2
memories,2
argument,2
north,2
abounding,2
offer,2
reviving,2
pluralistic,2
charles,2
creeds,2
third,2
last,2
scholarship,2
succeeded,2
reached,2
fears,2
immediately,2
should,2
occur,2
difficult,1
intimately,1
does,1
superiority,1
decentralized,1
forceful,1
allegedly,1
significant,1
limits,1
edge,1
horizontal,1
imagining,1
declared,1
concerned,1
rev,1
meaning,1
sitkoff,1
stood,1
created,1
dangers,1
career,1
market,1
widening,1
counsel,1
heights,1
struggled,1
resisting,1
feel,1
e,1
associated,1
reigning,1
poorer,1
fragmented,1
notably,1
told,1
becoming,1
reflection,1
needed,1
replaced,1
touched,1
systematically,1
illegal,1
kinds,1
myth,1
browning,1
mostly,1
uncomfortable,1
join,1
formed,1
cherished,1
carpenter,1
schools,1
alive,1
mexican,1
completely,1
sudden,1
prevailed,1
upheaval,1
modern,1
favor,1
nationalistic,1
delusions,1
vecoli,1
decade,1
ideals,1
acceptance,1
trace,1
style,1
policy,1
comparisons,1
western,1
resurgence,1
unlike,1
incredible,1
occurred,1
tells,1
complacency,1
conflagrations,1
remedy,1
exceptions,1
unite,1
something,1
arguing,1
revision,1
variety,1
chief,1
annals,1
closely,1
permitted,1
contexts,1
dauntingly,1
various,1
clarifying,1
round,1
said,1
highlighted,1
defeated,1
sponsoring,1
explaining,1
stressed,1
please,1
modest,1
every,1
certainly,1
give,1
rested,1
contrasted,1
address,1
anywhere,1
gone,1
neil,1
discerned,1
duis,1
supplied,1
words,1
mob,1
quickening,1
displacement,1
prejudices,1
boundariess,1
europe,1
excavating,1
leading,1
assess,1
daily,1
borders,1
desire,1
rutgers,1
display,1
simple,1
momentum,1
wave,1
producing,1
narrative,1
senses,1
studied,1
disappearance,1
scheme,1
generalizations,1
plead,1
court,1
amplitude,1
harvey,1
help,1
insiders,1
touching,1
feature,1
integrate,1
prescription,1
date,1
trouble,1
concepts,1
robert,1
japaneseamericans,1
behind,1
extreme,1
context,1
backlash,1
explosive,1
americanism,1
case,1
side,1
afterword,1
indelible,1
preventing,1
described,1
suspect,1
nationstate,1
roy,1
eastern,1
interlude,1
formulation,1
motion,1
guidelines,1
propensity,1
sought,1
mass,1
incorporate,1
right,1
vulnerabilities,1
apple,1
hedonism,1
design,1
vol,1
affirming,1
felt,1
possible,1
marked,1
politics,1
concentrating,1
foreigners,1
flamboyant,1
bibliography,1
mobilizing,1
vital,1
fine,1
west,1
disadvantage,1
taking,1
interdisciplinary,1
conceptual,1
disparities,1
dynamic,1
along,1
constrained,1
promises,1
mentally,1
irrational,1
marginalized,1
accustomed,1
beneath,1
todd,1
warfare,1
oblivion,1
explanatory,1
sanchez,1
attract,1
aggression,1
perplexed,1
framework,1
lynchings,1
weakens,1
thus,1
phase,1
denying,1
collapse,1
isolationism,1
sponsored,1
leaguers,1
eras,1
influx,1
immediate,1
inner,1
development,1
inevitable,1
pursue,1
professor,1
riot,1
due,1
pursuit,1
initially,1
recasting,1
de,1
paradoxically,1
seething,1
relaxed,1
defilement,1
relatively,1
viewing,1
heightens,1
inspiring,1
jr,1
unhealthy,1
ugliest,1
marxism,1
exhausted,1
judged,1
guided,1
unity,1
distinct,1
nor,1
old,1
self,1
perspective,1
concerning,1
profound,1
back,1
subjects,1
approval,1
encompass,1
compulsory,1
difficulty,1
elicit,1
suitable,1
pouring,1
compare,1
explosions,1
identify,1
vincent,1
consequently,1
unspoken,1
boom,1
apparently,1
deeply,1
destabilize,1
hardly,1
unravelling,1
weakness,1
influence,1
celebrating,1
walls,1
imaginatively,1
critics,1
selfimage,1
civilization,1
acrid,1
authority,1
devastatingly,1
urged,1
adequate,1
town,1
added,1
improved,1
his,1
individuals,1
bring,1
peal,1
slavery,1
growth,1
federal,1
troubled,1
absent,1
impetus,1
across,1
stressful,1
compatible,1
stop,1
edward,1
aggressive,1
influential,1
resident,1
explicit,1
migrate,1
separateness,1
myself,1
responded,1
rejoining,1
knew,1
stranger,1
catholics,1
dealt,1
abstraction,1
deprived,1
neighborhood,1
connected,1
importance,1
parts,1
pages,1
special,1
danger,1
lay,1
diminishes,1
lawyer,1
laying,1
overlooked,1
space,1
propagandists,1
moreover,1
absorbed,1
precious,1
doubly,1
support,1
afterthoughts,1
erodreviews,1
tower,1
brunswick,1
perceptions,1
immigrant,1
wanted,1
postmodern,1
consider,1
escaped,1
statistical,1
discouraged,1
raged,1
descent,1
organized,1
emergence,1
troops,1
amid,1
diffusing,1
consciousness,1
edition,1
loathesomely,1
preoccupation,1
unemployed,1
weak,1
threat,1
upper,1
preconceived,1
solid,1
show,1
heading,1
resource,1
additional,1
origins,1
emeritus,1
substantiated,1
circulating,1
consequence,1
surge,1
oppression,1
reconsideration,1
fifties,1
shifted,1
destructive,1
founding,1
helped,1
foner,1
detroit,1
screened,1
faced,1
participated,1
personified,1
protestant,1
drawing,1
appear,1
numerical,1
categorical,1
sixties,1
thrust,1
disappeared,1
causation,1
descriptive,1
character,1
schematizing,1
kennedy,1
priori,1
path,1
arrival,1
abandoning,1
bearing,1
uncovering,1
formulations,1
wracked,1
thernstrom,1
fortunes,1
erosion,1
called,1
critically,1
inappropriate,1
foreground,1
lived,1
demands,1
relation,1
primacy,1
emerge,1
geographers,1
inflamed,1
repudiate,1
hierarchized,1
erupt,1
outset,1
precipitate,1
focused,1
signalled,1
dovetailed,1
purity,1
bore,1
pitting,1
residential,1
symbols,1
revive,1
erratic,1
scale,1
exhaustion,1
grounds,1
cavanagh,1
outside,1
your,1
explain,1
taught,1
opposition,1
method,1
hopkins,1
al,1
wants,1
huge,1
impression,1
aspects,1
aspiration,1
secondgeneration,1
shape,1
elliott,1
having,1
network,1
line,1
closed,1
revealed,1
used,1
tremendously,1
abroad,1
scope,1
swelled,1
sanction,1
disunion,1
strict,1
rail,1
heart,1
r,1
concept,1
significantly,1
psychological,1
advancement,1
rabid,1
explains,1
watts,1
norm,1
unfinished,1
related,1
department,1
irish,1
data,1
knight,1
routinely,1
bite,1
minority,1
ten,1
staunchly,1
virulence,1
gave,1
mccarthyites,1
describe,1
consistently,1
partly,1
diffuse,1
relevance,1
noted,1
statistics,1
thereafter,1
et,1
call,1
forces,1
personal,1
regional,1
capacities,1
confession,1
won,1
artifact,1
president,1
shapiro,1
ethnicity,1
challenging,1
barkan,1
hidden,1
misguided,1
ivyleaguers,1
regions,1
interracial,1
overrunning,1
subtle,1
aided,1
unflattering,1
lifted,1
causal,1
change,1
responses,1
solution,1
los,1
giant,1
correct,1
presented,1
working,1
skyrocketed,1
epecially,1
fostered,1
suggest,1
individualism,1
generation,1
deadlock,1
contrast,1
consolidation,1
melted,1
sharp,1
midst,1
subvert,1
involved,1
specifically,1
nightmares,1
outbreak,1
wilfred,1
sketchily,1
affluent,1
several,1
enslaved,1
autonomy,1
wider,1
concerns,1
highly,1
revealing,1
supposedly,1
master,1
observe,1
peak,1
convey,1
decline,1
essentially,1
distinguished,1
latest,1
firstand,1
degradation,1
annual,1
bursting,1
visible,1
universities,1
dependent,1
odor,1
paid,1
ellen,1
peculiar,1
arrogant,1
altogether,1
plausible,1
preliminary,1
racists,1
heyday,1
thickening,1
invidious,1
discontents,1
stephan,1
deficiency,1
jeffrey,1
flourished,1
sidney,1
republican,1
conditionsdisplacement,1
he,1
situation,1
communist,1
temperament,1
equality,1
comment,1
matter,1
nonetheless,1
absence,1
spelled,1
myriad,1
rivalries,1
scientific,1
supreme,1
relax,1
short,1
wrote,1
indeed,1
happy,1
appearances,1
revival,1
located,1
feeling,1
comparative,1
resisted,1
racialized,1
manipulate,1
onward,1
exception,1
object,1
strains,1
reduce,1
elusive,1
allen,1
areas,1
expanded,1
veins,1
experiences,1
targeted,1
collapsed,1
undefined,1
religious,1
direction,1
single,1
convictions,1
fevers,1
competition,1
xenophobias,1
turmoil,1
interpretation,1
violence,1
worm,1
repressive,1
twentith,1
soon,1
message,1
continuity,1
technology,1
schrecker,1
exceptionalism,1
clash,1
neither,1
index,1
ancient,1
fading,1
shock,1
congruent,1
shifting,1
dropped,1
passions,1
sales,1
nineteenthcentury,1
belonging,1
solvent,1
insights,1
ferment,1
qualified,1
animus,1
enforce,1
entwined,1
precipitous,1
functioned,1
exit,1
chose,1
subjective,1
endured,1
starting,1
niles,1
predelictions,1
attacks,1
comparison,1
power,1
hobgoblins,1
think,1
fin,1
ended,1
preferences,1
similarly,1
ask,1
usually,1
experienced,1
release,1
subcommittee,1
fact,1
unifying,1
longer,1
lack,1
idea,1
endless,1
treatment,1
fundamental,1
xii,1
ghetto,1
nineties,1
discord,1
striking,1
appeared,1
exclusion,1
crush,1
reform,1
children,1
germans,1
angeles,1
gestured,1
richer,1
warning,1
forthwith,1
emphatic,1
prejudicial,1
distrust,1
pattern,1
man,1
discussed,1
habit,1
patterns,1
multiplication,1
arrow,1
dominion,1
klarman,1
monographs,1
inescapably,1
chain,1
increases,1
postal,1
armed,1
orthodoxy,1
inflammatory,1
contrastive,1
suburb,1
michael,1
strategies,1
council,1
conviction,1
native,1
eds,1
books,1
ordinary,1
shifts,1
explicitly,1
distortions,1
realize,1
unthreatening,1
violent,1
scant,1
fight,1
interpreting,1
process,1
local,1
original,1
feverish,1
menacing,1
interrelated,1
greatest,1
mood,1
coherent,1
success,1
treated,1
made,1
chiefly,1
disagree,1
accompanying,1
contours,1
impart,1
region,1
including,1
arose,1
inflame,1
enormous,1
depended,1
persists,1
entirely,1
expression,1
faltered,1
inhibitions,1
conjunctions,1
emphasize,1
exciting,1
factor,1
approach,1
causes,1
congress,1
extraordinarily,1
actual,1
hour,1
norwegians,1
engaged,1
continue,1
examination,1
masterless,1
massively,1
trust,1
grounding,1
chosen,1
shone,1
theories,1
racializing,1
initiatives,1
students,1
continuities,1
weaving,1
defect,1
low,1
loosely,1
reality,1
directed,1
permit,1
publication,1
transpired,1
victory,1
peter,1
smelser,1
held,1
individual,1
haunted,1
pride,1
flood,1
spread,1
premium,1
high,1
attaches,1
course,1
paths,1
discriminations,1
renewal,1
losing,1
repelled,1
lose,1
men,1
communists,1
glaring,1
margin,1
especially,1
probe,1
coercive,1
article,1
sihcle,1
newspapers,1
disaggregation,1
parochial,1
animate,1
recoverable,1
accordingly,1
excluded,1
loosen,1
enthusiastically,1
priests,1
percent,1
postwar,1
ivy,1
schlesinger,1
looming,1
slowdown,1
forefront,1
invented,1
relative,1
polyglot,1
quarterly,1
professional,1
ago,1
reckless,1
universality,1
encompassing,1
brown,1
stereotypes,1
attended,1
decision,1
unwittingly,1
shocked,1
increasing,1
european,1
carried,1
things,1
dawn,1
christian,1
entail,1
assigned,1
musing,1
violation,1
perry,1
belonged,1
publishing,1
note,1
bureau,1
george,1
hostile,1
movements,1
assert,1
johns,1
patriotic,1
outsiders,1
reasonable,1
neglecting,1
celebration,1
inside,1
insufficient,1
widespread,1
resumed,1
becomes,1
multitude,1
bonds,1
dimensions,1
transformed,1
strongly,1
chronically,1
imperialism,1
flare,1
force,1
returned,1
philosopher,1
interplay,1
inadequate,1
sheer,1
try,1
distort,1
dynamism,1
settled,1
inspired,1
rudolph,1
spared,1
blood,1
conspiring,1
dead,1
ing,1
types,1
resurgent,1
exists,1
fraternity,1
erupts,1
confessed,1
widest,1
joseph,1
attachment,1
rises,1
grasping,1
school,1
acquired,1
environment,1
ignited,1
persecution,1
exercised,1
ordered,1
blocked,1
airy,1
spell,1
regrettably,1
oxymoronic,1
charting,1
baffled,1
throw,1
finest,1
ascendant,1
extending,1
contradiction,1
demonstrate,1
sank,1
satisfying,1
carriers,1
theme,1
barbarism,1
truman,1
irrationality,1
rival,1
drew,1
alternative,1
shortcoming,1
milieu,1
feelings,1
dimension,1
ran,1
favorably,1
tendencies,1
each,1
sure,1
halt,1
perceptive,1
share,1
expanding,1
lodestars,1
universalist,1
ivory,1
best,1
alexander,1
down,1
prominence,1
obscurely,1
temper,1
eclipse,1
regard,1
assignments,1
unsettling,1
loyalty,1
allied,1
drifted,1
followers,1
dramatic,1
contradictory,1
obviously,1
audience,1
proved,1
examining,1
identities,1
distinctive,1
climate,1
rural,1
living,1
type,1
advances,1
merely,1
turned,1
following,1
clarity,1
beginning,1
born,1
day,1
johnson,1
unlikely,1
conservatism,1
whether,1
offering,1
subsoil,1
migratory,1
namely,1
immigrations,1
ones,1
accounts,1
gitlin,1
want,1
relocations,1
thirty,1
maintain,1
vigorously,1
dream,1
occasions,1
appetite,1
vehicle,1
studying,1
require,1
migrations,1
explored,1
noticed,1
influenced,1
indifference,1
almost,1
witnessing,1
psychology,1
wrongs,1
suggests,1
ideal,1
w,1
permeated,1
accumulating,1
anxieties,1
conference,1
burden,1
varieties,1
alterations,1
imparted,1
circumstances,1
careful,1
thereby,1
met,1
through,1
despite,1
josh,1
hysterias,1
awesome,1
role,1
constricted,1
giving,1
infamous,1
tried,1
administration,1
puzzled,1
step,1
rash,1
rigid,1
measure,1
twenties,1
mcclay,1
discussion,1
families,1
garland,1
mention,1
twin,1
comprehend,1
perceptual,1
waves,1
neglect,1
internalized,1
our,1
prepared,1
come,1
espouse,1
eric,1
ethnocentric,1
belated,1
question,1
tell,1
monographic,1
youth,1
invasion,1
ignored,1
notes,1
intensified,1
dazzling,1
grappling,1
flowered,1
defender,1
mode,1
dangerous,1
structuring,1
unrebuked,1
upon,1
subsidence,1
gloomily,1
you,1
prosperity,1
defiance,1
colleagues,1
off,1
salience,1
reformation,1
enclosed,1
doubtless,1
dissent,1
specific,1
settle,1
assumed,1
root,1
c,1
ascendancy,1
chicago,1
partial,1
exclusively,1
entire,1
persuaded,1
militantly,1
traditional,1
observed,1
middle,1
building,1
meeting,1
successive,1
built,1
showed,1
portrait,1
martin,1
