WORDCOUNTS,WEIGHT
the,133
of,83
and,55
in,37
a,24
s,24
that,22
as,21
is,21
miller,20
american,19
to,18
cole,15
new,12
this,12
was,11
for,11
on,11
an,10
painting,10
nature,9
at,8
she,8
his,8
landscape,8
her,8
church,7
romantic,7
by,7
are,7
nationalism,7
art,7
with,6
history,6
were,6
from,6
has,6
nation,6
it,5
scottish,5
about,5
goetzmann,5
god,5
university,5
or,5
painters,5
william,5
empire,5
national,5
when,5
york,4
one,4
not,4
school,4
only,4
into,4
england,4
p,4
out,4
romanticism,4
see,4
which,4
critics,3
he,3
no,3
science,3
they,3
landscapes,3
their,3
sublime,3
h,3
thomas,3
eye,3
but,3
age,3
common,3
artists,3
claudian,3
works,3
men,3
war,3
reviews,3
context,3
america,3
well,3
both,3
paintings,3
west,3
part,3
civil,3
james,3
years,3
does,3
washington,3
cropsy,3
so,3
never,3
especially,3
be,3
early,3
barbara,2
associationism,2
suggest,2
relationship,2
true,2
letters,2
figure,2
indeed,2
how,2
above,2
garden,2
analysis,2
studies,2
arts,2
message,2
river,2
image,2
same,2
whig,2
being,2
t,2
also,2
book,2
philosophy,2
frederick,2
important,2
kenneth,2
natural,2
over,2
stands,2
all,2
country,2
came,2
other,2
exploration,2
wilder,2
great,2
universal,2
eagle,2
clearly,2
composition,2
number,2
man,2
state,2
those,2
political,2
what,2
johns,2
them,2
terms,2
cannot,2
fenimore,2
can,2
however,2
despite,2
woman,2
angela,2
while,2
right,2
march,2
agreed,2
status,2
some,2
politics,2
cotopaxi,2
made,2
discovery,2
upon,2
magazine,2
concept,2
point,2
example,2
civilization,2
uncertain,2
press,2
its,2
subject,2
hudson,2
eden,2
own,2
professor,2
moral,2
have,2
silent,2
logic,2
sense,2
realism,2
cooper,2
like,2
would,2
luminists,2
latter,2
oxbow,2
texas,2
vis,2
up,2
hafertepe,2
even,2
much,2
recent,2
notes,2
time,2
novak,2
compromise,2
perception,2
subsequently,1
fails,1
carved,1
european,1
failed,1
depth,1
critical,1
supremely,1
steps,1
huntington,1
front,1
mount,1
entangles,1
gerald,1
san,1
currently,1
second,1
republic,1
may,1
whose,1
refutes,1
perry,1
today,1
south,1
air,1
without,1
spelled,1
wisdom,1
way,1
fairly,1
george,1
if,1
later,1
meaning,1
l,1
descending,1
relieved,1
plays,1
toward,1
fields,1
overall,1
created,1
emerson,1
result,1
humanist,1
ironically,1
philosophic,1
extreme,1
tide,1
explicit,1
holyoke,1
cullen,1
tuveson,1
reference,1
female,1
process,1
bonds,1
cacophany,1
who,1
army,1
attempt,1
seen,1
thoughtprovoking,1
pointed,1
introduction,1
brilliantly,1
make,1
connecticut,1
contribution,1
sympathetic,1
importance,1
steeped,1
balanced,1
parts,1
replaced,1
allegory,1
institutionalized,1
class,1
doughty,1
pp,1
tuckerman,1
illustrations,1
distant,1
existed,1
confronting,1
united,1
absurd,1
catastrophe,1
icebergs,1
space,1
respect,1
absorbed,1
yet,1
mexicani,1
warfare,1
interpretation,1
museum,1
january,1
fascinating,1
sybaritic,1
means,1
kennsett,1
understand,1
category,1
making,1
rules,1
rebel,1
satisfied,1
climactic,1
rises,1
devotee,1
spirit,1
females,1
purveyors,1
us,1
index,1
seems,1
familiar,1
included,1
foliage,1
why,1
teaches,1
any,1
cornell,1
light,1
before,1
just,1
coleridge,1
tribalism,1
choices,1
declares,1
unbalanced,1
nonetheless,1
threat,1
knickerbocker,1
hovenden,1
solid,1
hints,1
most,1
needs,1
departing,1
contradiction,1
extensive,1
democratic,1
nero,1
noted,1
innate,1
regional,1
december,1
n,1
symbolic,1
picturesque,1
known,1
storm,1
beyond,1
picture,1
published,1
baigell,1
sam,1
serene,1
invention,1
party,1
actually,1
cliches,1
certainly,1
jackson,1
creation,1
specimens,1
researched,1
imminent,1
faculty,1
david,1
taken,1
mentions,1
feeling,1
longs,1
academy,1
view,1
continental,1
humans,1
coleridgian,1
intellectual,1
notvithstanding,1
artistic,1
massively,1
sky,1
paper,1
academicians,1
localism,1
my,1
different,1
nationhood,1
straightforwardness,1
principles,1
caligula,1
precision,1
goes,1
scientists,1
could,1
screamed,1
credits,1
charlestown,1
assertion,1
denoted,1
governed,1
conservative,1
appeared,1
courthouse,1
moreover,1
scenario,1
heade,1
archibald,1
politicization,1
ambiguity,1
ideological,1
departments,1
collectors,1
government,1
vanishing,1
pyrotechnic,1
john,1
durand,1
austin,1
criticisms,1
very,1
relate,1
end,1
precarious,1
associations,1
historical,1
i,1
nuclear,1
reflect,1
there,1
masterpiece,1
quoted,1
sunlit,1
color,1
culture,1
rhetoric,1
last,1
better,1
whiggery,1
left,1
stand,1
do,1
henry,1
equally,1
everyday,1
noise,1
defend,1
understood,1
cultural,1
according,1
vague,1
ambiguous,1
where,1
sentimental,1
gary,1
cloud,1
strained,1
gauzy,1
tragedy,1
seminar,1
produced,1
form,1
ernest,1
rising,1
pursue,1
feminine,1
issue,1
lane,1
comes,1
exotic,1
redeemer,1
unquiet,1
suspect,1
whale,1
inevitably,1
banner,1
associationist,1
writes,1
eastern,1
books,1
public,1
matthew,1
hopkins,1
reflected,1
somkin,1
really,1
yorker,1
day,1
brilliant,1
dark,1
synecdoche,1
reminds,1
alston,1
andrew,1
argues,1
chapter,1
litterateurs,1
psychology,1
suggests,1
virginia,1
genre,1
future,1
relief,1
feminized,1
literature,1
bryant,1
work,1
wilderness,1
middle,1
reaching,1
doubtful,1
election,1
considering,1
jacinto,1
birth,1
lands,1
bibliography,1
explanation,1
northampton,1
level,1
emergent,1
catskills,1
women,1
sides,1
striking,1
peace,1
allen,1
story,1
europe,1
affinity,1
through,1
ignores,1
city,1
devising,1
hordes,1
collaborated,1
alternatives,1
became,1
reconstruction,1
november,1
faculties,1
herself,1
himself,1
thoughts,1
gender,1
carrie,1
elizabeth,1
gang,1
expulsionfrom,1
whole,1
cultivated,1
raven,1
masterful,1
treatise,1
older,1
assumption,1
lesson,1
critique,1
edwin,1
thunderous,1
explosive,1
corresponding,1
morality,1
interestingly,1
people,1
representation,1
writing,1
mentioning,1
questions,1
ethnic,1
central,1
engaged,1
irving,1
individuals,1
our,1
multidimensional,1
aesthetic,1
sees,1
domesticating,1
frederic,1
newspaper,1
pendant,1
soft,1
ultimately,1
until,1
vii,1
theme,1
versions,1
such,1
development,1
horizon,1
inevitable,1
humboldtean,1
since,1
diplomacy,1
likewise,1
author,1
motives,1
creating,1
course,1
construct,1
times,1
raises,1
enlightenment,1
although,1
touches,1
define,1
flexner,1
general,1
fitzhugh,1
media,1
tribal,1
states,1
tested,1
templeton,1
barbarian,1
ferguson,1
mountain,1
order,1
contrast,1
earlier,1
phrase,1
adam,1
martin,1
emerging,1
least,1
life,1
diseratum,1
artificial,1
places,1
calling,1
portraying,1
chamberlain,1
carr,1
jasper,1
comparing,1
article,1
highly,1
scenery,1
realists,1
ithaca,1
columbia,1
hebrew,1
terrorists,1
young,1
recalls,1
crayon,1
massachusetts,1
decline,1
c,1
latest,1
gettysburg,1
morse,1
sentiments,1
era,1
reflecting,1
fully,1
wills,1
attitude,1
working,1
majority,1
severely,1
little,1
cuffed,1
stimulating,1
develop,1
images,1
world,1
strong,1
carlyle,1
among,1
apparently,1
we,1
beauty,1
appropriate,1
value,1
should,1
darling,1
loyalties,1
tenuous,1
lincoln,1
doing,1
allison,1
disgusted,1
kaufman,1
brown,1
stereotypes,1
grasp,1
