WORDCOUNTS,WEIGHT
the,217
of,121
in,90
and,75
west,69
a,67
to,58
s,48
as,41
american,40
that,39
new,29
nugent,29
szasz,28
western,28
history,23
with,22
from,21
is,20
historians,19
for,18
this,18
modern,15
into,15
by,15
turner,15
on,15
both,14
religion,14
their,13
religious,13
all,13
his,12
or,12
other,12
great,12
more,11
region,11
it,10
not,10
plains,10
its,10
an,10
than,10
frontier,9
but,9
are,9
p,9
about,8
narrative,8
urban,8
which,8
such,8
have,8
century,8
now,7
one,7
was,7
most,7
rural,7
ethnic,7
twentieth,7
no,7
so,7
be,7
thesis,6
these,6
only,6
areas,6
past,6
people,6
book,5
does,5
he,5
might,5
regional,5
many,5
different,5
historical,5
however,5
has,5
some,5
work,5
trends,5
place,5
jacoby,5
points,5
sense,5
between,5
may,4
trails,4
indeed,4
still,4
study,4
yet,4
ways,4
two,4
text,4
leaders,4
how,4
before,4
what,4
having,4
little,4
part,4
central,4
limerick,4
national,4
neither,4
suggest,4
states,4
indian,4
few,4
although,4
early,4
focus,4
we,4
notes,4
at,3
chronological,3
across,3
peoples,3
rather,3
they,3
makes,3
united,3
homesteading,3
mexican,3
itself,3
studies,3
university,3
any,3
given,3
grand,3
also,3
toward,3
each,3
asia,3
december,3
out,3
westerners,3
events,3
far,3
identities,3
works,3
left,3
geography,3
william,3
reviews,3
less,3
america,3
emphasis,3
diverse,3
conference,3
variations,3
press,3
bible,3
much,3
mainstream,3
were,3
years,3
against,3
offer,3
field,3
contrast,3
settlement,3
old,3
internal,3
scholarship,3
era,3
master,3
americans,2
mexico,2
limits,2
variety,2
if,2
adopt,2
religions,2
centered,2
created,2
result,2
play,2
landscape,2
robert,2
process,2
catholics,2
similar,2
group,2
movement,2
canada,2
southern,2
white,2
once,2
composed,2
approaches,2
distinct,2
pp,2
read,2
nor,2
photographs,2
index,2
ambitious,2
fifteen,2
latin,2
readers,2
growing,2
numbers,2
migration,2
demonstrates,2
narratives,2
multicultural,2
highlight,2
powerful,2
morton,2
members,2
law,2
flow,2
important,2
attempt,2
over,2
conquest,2
had,2
paper,2
uses,2
fact,2
seem,2
scholars,2
did,2
best,2
down,2
sprawling,2
producing,2
centers,2
deal,2
end,2
debates,2
predominantly,2
initial,2
never,2
turned,2
took,2
date,2
particularly,2
do,2
beginning,2
where,2
whether,2
karl,2
population,2
evangelical,2
cloth,2
can,2
despite,2
spiritual,2
effort,2
native,2
time,2
metropolitan,2
books,2
her,2
draw,2
cronon,2
well,2
xix,2
almost,2
bounded,2
meridian,2
made,2
researchers,2
bibliography,2
upon,2
john,2
reader,2
prominent,2
through,2
very,2
role,2
nation,2
along,2
demonstrate,2
significant,2
during,2
ever,2
diversity,2
writing,2
human,2
varied,2
individuals,2
chapters,2
ends,2
rise,2
versions,2
development,2
since,2
ferenc,2
grappling,2
authors,2
author,2
beyond,2
agreement,2
distinctions,2
hawaii,2
legacy,2
relations,2
divisions,2
typically,2
land,2
like,2
would,2
next,2
lie,2
after,2
remains,2
developments,2
belt,2
several,2
catholicism,2
regions,2
depression,2
research,2
themselves,2
boundaries,2
reached,2
walter,2
find,2
even,2
story,2
northern,2
north,2
recent,2
traditions,2
fellow,2
provided,2
attention,2
immigration,2
alaska,2
something,1
revolved,1
garnered,1
model,1
final,1
south,1
pluralism,1
space,1
carried,1
spirituality,1
increasing,1
rankin,1
sweeping,1
usable,1
via,1
simultaneously,1
imprint,1
panoramic,1
slender,1
studded,1
york,1
diasporas,1
excludes,1
resolve,1
essential,1
german,1
today,1
compelling,1
phrased,1
ventured,1
transformations,1
ably,1
africa,1
ghost,1
higher,1
common,1
attributable,1
way,1
exact,1
provide,1
dilemma,1
bulk,1
populations,1
ecological,1
identified,1
been,1
five,1
alongside,1
groups,1
pull,1
short,1
synthesis,1
declaring,1
interpretation,1
maps,1
overall,1
remain,1
prose,1
xii,1
surprisingly,1
pieces,1
tempted,1
honyockers,1
limited,1
vague,1
weighted,1
return,1
gravitational,1
extend,1
released,1
entity,1
classic,1
fascinating,1
fault,1
male,1
primarily,1
concerns,1
exception,1
attacking,1
connection,1
announced,1
portrayals,1
reorganization,1
constraints,1
precluded,1
reason,1
abiding,1
advocated,1
exerts,1
chicanos,1
sect,1
introduction,1
began,1
returned,1
notably,1
glimpses,1
passing,1
followers,1
circuits,1
church,1
conversion,1
remaining,1
gang,1
certain,1
ii,1
covering,1
discover,1
frames,1
parts,1
startlingly,1
enduring,1
discern,1
generating,1
pages,1
latinos,1
often,1
provinces,1
slices,1
analysis,1
tend,1
fe,1
trenchant,1
existed,1
lutheranism,1
sheds,1
disciples,1
pentecostalism,1
doings,1
grown,1
moreover,1
confines,1
attached,1
supposed,1
fields,1
when,1
fringe,1
ebb,1
irrigation,1
xvi,1
worlds,1
leave,1
unlike,1
country,1
proving,1
investigate,1
hegemonic,1
conservation,1
monolithic,1
immigrant,1
array,1
east,1
played,1
decade,1
chronology,1
penetrate,1
communitybased,1
policy,1
schuller,1
claims,1
burned,1
fixed,1
seems,1
assistant,1
predecessor,1
border,1
graphs,1
forays,1
anvil,1
participants,1
generated,1
contributions,1
then,1
takes,1
instance,1
adolescence,1
driven,1
same,1
senior,1
generally,1
traces,1
arguing,1
series,1
nonetheless,1
haunt,1
charting,1
version,1
homogeneity,1
infrastructures,1
lutherans,1
shrinking,1
turning,1
insights,1
four,1
hunger,1
misconceptions,1
experience,1
completely,1
reliance,1
hoped,1
geographic,1
framework,1
boost,1
monoreviews,1
increasingly,1
unbroken,1
first,1
arranging,1
sector,1
picture,1
twilight,1
social,1
sketch,1
apposite,1
temporal,1
consensus,1
enclaves,1
modest,1
winning,1
inhabitants,1
boundary,1
glimpse,1
jackson,1
critiques,1
successfully,1
utah,1
offers,1
leitmotif,1
shifted,1
writes,1
reappear,1
set,1
care,1
comparison,1
helped,1
islam,1
stated,1
taken,1
mentions,1
abound,1
ground,1
again,1
rush,1
drawing,1
metropolises,1
academy,1
truer,1
continental,1
trajectories,1
terrain,1
similarly,1
dominated,1
state,1
intellectual,1
addition,1
towards,1
goal,1
england,1
greater,1
j,1
nature,1
million,1
efforts,1
words,1
definition,1
problem,1
dramatically,1
organized,1
longer,1
immense,1
diminishing,1
chunks,1
interested,1
limit,1
migrant,1
newly,1
contrasts,1
albeit,1
continue,1
twenty,1
could,1
striking,1
fortunes,1
together,1
found,1
called,1
confusion,1
vision,1
typical,1
current,1
differences,1
rabbi,1
shared,1
returns,1
predominated,1
wave,1
lived,1
follows,1
rule,1
objectives,1
economics,1
buried,1
proves,1
thanks,1
closer,1
hundred,1
reveal,1
except,1
antiquarianism,1
light,1
poachers,1
take,1
comparative,1
cities,1
golden,1
manifestos,1
compete,1
embrace,1
rebuke,1
emerges,1
last,1
forms,1
hint,1
outside,1
redefined,1
further,1
there,1
revisionary,1
represent,1
those,1
furthermore,1
remarkable,1
understood,1
ukrainian,1
cultural,1
according,1
offered,1
scholarly,1
ethnically,1
discipline,1
rootless,1
revise,1
secular,1
johns,1
notable,1
developing,1
stressing,1
racial,1
unique,1
receives,1
papers,1
them,1
appears,1
majority,1
recently,1
tourists,1
produced,1
selected,1
inches,1
norwegian,1
larger,1
peopling,1
accounts,1
choice,1
particular,1
immemorial,1
explicit,1
character,1
otherwise,1
wealth,1
carney,1
material,1
milner,1
clyde,1
focusing,1
covers,1
agricultural,1
mcpherson,1
syncretic,1
theory,1
eds,1
eastern,1
encourage,1
capitalizes,1
wide,1
struggling,1
formulation,1
heavily,1
fascination,1
adopts,1
hopkins,1
sought,1
u,1
thieves,1
touch,1
incorporate,1
agriculture,1
discuss,1
ecology,1
aspects,1
slows,1
mormons,1
jim,1
stance,1
studied,1
filing,1
weight,1
quarters,1
chapter,1
information,1
keeping,1
agreed,1
image,1
e,1
future,1
marked,1
politics,1
semple,1
closed,1
revealed,1
xv,1
categories,1
destinations,1
reject,1
churches,1
middle,1
slight,1
who,1
drive,1
residents,1
latino,1
received,1
depth,1
portraits,1
reversed,1
move,1
richard,1
farming,1
bear,1
curiosity,1
contours,1
true,1
peoplehood,1
portraying,1
communities,1
significantly,1
collier,1
headed,1
patricia,1
understated,1
purpose,1
exchanges,1
example,1
adopting,1
confesses,1
chart,1
became,1
redefining,1
interior,1
constrained,1
inaugurated,1
die,1
subject,1
description,1
poignant,1
aimee,1
assumptions,1
surprise,1
beneath,1
asian,1
year,1
okie,1
hutterites,1
overview,1
tale,1
muir,1
taciturn,1
largely,1
discussions,1
virtually,1
discussion,1
racing,1
broad,1
probes,1
phenomenon,1
departs,1
mention,1
issues,1
exist,1
being,1
participated,1
runs,1
sparked,1
comprehensive,1
implications,1
services,1
includes,1
personalities,1
previous,1
reflect,1
deft,1
interrogating,1
california,1
xviii,1
ultimately,1
theoretical,1
synonymous,1
continuities,1
weaving,1
chicano,1
strengths,1
dakota,1
christianityespecially,1
knopf,1
industrialization,1
significance,1
reputation,1
generate,1
own,1
meanings,1
my,1
professor,1
bent,1
backgrounds,1
similarity,1
donald,1
objective,1
baptists,1
hidden,1
approach,1
christian,1
defend,1
xxiii,1
publication,1
strikingly,1
profession,1
rapidly,1
subtle,1
health,1
gaining,1
pentecostal,1
refocusing,1
rains,1
momentous,1
parallels,1
large,1
course,1
symposium,1
protestantism,1
include,1
santa,1
touches,1
correct,1
belts,1
jones,1
hard,1
boldly,1
tucson,1
period,1
spread,1
respects,1
distances,1
hammer,1
product,1
revolution,1
theoretically,1
seemingly,1
features,1
writer,1
emigration,1
schools,1
collected,1
static,1
quotes,1
defined,1
off,1
guided,1
turn,1
buddhism,1
define,1
institutions,1
day,1
nelson,1
emerging,1
elements,1
shift,1
around,1
instead,1
longpreeminent,1
represents,1
underlying,1
why,1
anonymous,1
burgeoning,1
indigenous,1
freed,1
acknowledge,1
especially,1
specific,1
labels,1
mexicans,1
systems,1
response,1
starting,1
panorama,1
allowed,1
certainly,1
facility,1
dramatic,1
newcomers,1
roamed,1
decline,1
suddenly,1
point,1
crimes,1
charles,1
single,1
squatters,1
potent,1
coast,1
vanish,1
excluded,1
friedman,1
illuminates,1
structure,1
families,1
besides,1
orthodox,1
revised,1
import,1
gospel,1
directs,1
geographically,1
pueblo,1
slightly,1
posed,1
unresolved,1
designed,1
southwest,1
traditional,1
attracted,1
describes,1
world,1
manifests,1
glance,1
boom,1
dispensing,1
among,1
apparently,1
deeply,1
unduly,1
famous,1
crafting,1
value,1
climates,1
building,1
broader,1
generation,1
heyday,1
turnerian,1
roles,1
influence,1
termed,1
refashion,1
race,1
valuable,1
convincingly,1
concluded,1
intermarriage,1
geographical,1
brown,1
denominations,1
suspicious,1
arizona,1
admirable,1
seemed,1
decision,1
gold,1
anglo,1
incisive,1
