WORDCOUNTS,WEIGHT
the,207
of,138
to,104
and,86
in,66
that,64
a,55
s,27
as,26
for,26
his,25
was,23
history,22
is,21
with,21
on,21
not,20
it,17
he,17
she,17
philanthropy,17
foundations,17
are,16
foundation,16
more,15
they,13
from,13
i,13
carnegie,12
has,12
were,12
at,11
their,11
sealander,11
by,11
one,10
social,10
what,10
them,10
her,10
rockefeller,10
curti,9
who,9
american,9
but,9
also,9
deal,9
public,9
work,9
or,8
other,8
new,8
political,8
than,8
had,7
well,7
this,7
trends,6
about,6
policy,6
into,6
many,6
historians,6
which,6
have,6
field,6
so,6
be,6
much,6
been,5
after,5
center,5
university,5
before,5
only,5
all,5
fact,5
did,5
out,5
government,5
there,5
karl,5
felt,5
politics,5
both,5
part,5
years,5
d,5
would,5
article,5
become,5
research,5
like,5
professional,5
an,5
major,5
book,4
will,4
no,4
way,4
decades,4
philanthropic,4
sage,4
troublesome,4
yet,4
support,4
reshaping,4
russell,4
certainly,4
hoover,4
board,4
scholars,4
report,4
john,4
very,4
take,4
historical,4
where,4
war,4
reviews,4
private,4
literature,4
chiefly,4
point,4
its,4
andrews,4
health,4
can,4
up,4
world,4
attention,4
science,3
if,3
subject,3
institutions,3
over,3
significant,3
often,3
united,3
congressional,3
education,3
reference,3
get,3
involvement,3
thought,3
historian,3
two,3
first,3
either,3
organizations,3
funding,3
useful,3
helped,3
use,3
my,3
december,3
ideological,3
real,3
took,3
do,3
relevant,3
less,3
era,3
wealth,3
time,3
while,3
expensive,3
conference,3
made,3
recognition,3
became,3
role,3
administration,3
place,3
increasingly,3
call,3
archive,3
personal,3
since,3
national,3
washington,3
aware,3
period,3
need,3
jr,3
him,3
progressive,3
educational,3
even,3
staff,3
among,3
ends,3
recent,3
nations,2
dealing,2
critical,2
led,2
geneva,2
second,2
done,2
may,2
whose,2
note,2
vanderbilt,2
without,2
lagemann,2
bring,2
foil,2
how,2
does,2
e,2
deliberately,2
says,2
oddly,2
face,2
similar,2
direct,2
complex,2
pages,2
stability,2
worked,2
katz,2
presidents,2
wanted,2
twenties,2
judith,2
committee,2
school,2
seems,2
then,2
impact,2
great,2
princeton,2
needs,2
show,2
simply,2
being,2
said,2
sources,2
fire,2
here,2
law,2
set,2
care,2
taken,2
important,2
might,2
duel,2
retirement,2
attempt,2
efforts,2
words,2
lack,2
seem,2
available,2
could,2
found,2
called,2
documents,2
pensions,2
connection,2
within,2
fashion,2
subsequent,2
state,2
believed,2
beginning,2
those,2
scholarly,2
responsibility,2
johns,2
accepted,2
context,2
see,2
system,2
case,2
council,2
issue,2
wartime,2
existence,2
forthcoming,2
charter,2
topic,2
professionals,2
task,2
money,2
gives,2
hopkins,2
going,2
really,2
me,2
account,2
acknowledgment,2
some,2
understanding,2
congressmen,2
targets,2
popular,2
writers,2
reader,2
barry,2
say,2
press,2
along,2
herself,2
manhattan,2
contribute,2
issues,2
writing,2
continue,2
review,2
states,2
staffs,2
systematic,2
drafts,2
status,2
league,2
generate,2
three,2
institutional,2
mode,2
good,2
change,2
relatively,2
offer,2
least,2
building,2
involve,2
effects,2
off,2
religious,2
nielsen,2
spent,2
times,2
mitchell,2
am,2
specific,2
amount,2
migration,2
themselves,2
trouble,2
libraries,2
early,2
working,2
correspondence,2
notes,2
value,2
avoid,2
society,2
because,2
clemens,1
courts,1
final,1
critics,1
south,1
difficult,1
enough,1
things,1
failed,1
threatened,1
f,1
battle,1
ending,1
happen,1
therefore,1
poor,1
now,1
makes,1
memorial,1
tad,1
staffers,1
devote,1
surreptitious,1
deny,1
back,1
today,1
salaries,1
limits,1
widows,1
charters,1
noble,1
continued,1
provide,1
debating,1
admire,1
sometimes,1
estate,1
supreme,1
action,1
wanting,1
entities,1
cleaned,1
pittsburgh,1
adds,1
emerson,1
result,1
claimed,1
procrustean,1
consummate,1
caught,1
various,1
everyone,1
intended,1
deserve,1
affected,1
lines,1
attitude,1
brief,1
biggest,1
spend,1
won,1
college,1
struggled,1
approval,1
resumed,1
drops,1
determine,1
spelman,1
oversight,1
myself,1
pause,1
disagreements,1
brings,1
gift,1
assure,1
represented,1
community,1
still,1
mundane,1
yale,1
avoiding,1
intervention,1
make,1
justificatory,1
pursuit,1
effectively,1
comments,1
importantly,1
tasks,1
earthquakes,1
premises,1
polarized,1
group,1
movement,1
leave,1
responsibilities,1
transportation,1
put,1
international,1
contributions,1
life,1
navigation,1
qualms,1
study,1
accomplishing,1
remain,1
topics,1
lay,1
picked,1
guide,1
soothing,1
formed,1
space,1
loaded,1
scholarship,1
front,1
criticism,1
sets,1
ways,1
approaches,1
refusing,1
itself,1
concerns,1
learns,1
served,1
sociologists,1
studies,1
pp,1
mit,1
serve,1
traveled,1
pressures,1
mentality,1
monumental,1
influencing,1
downsizing,1
want,1
memoranda,1
isolationist,1
decade,1
misreads,1
aldrich,1
waldemar,1
us,1
position,1
neither,1
w,1
index,1
necessarily,1
virtually,1
minor,1
environment,1
presidency,1
clear,1
title,1
laid,1
occurred,1
debacle,1
elisabeth,1
professors,1
commonwealth,1
general,1
paid,1
presumably,1
clearly,1
meant,1
light,1
wesley,1
mention,1
clarion,1
hawley,1
same,1
shifting,1
friendship,1
track,1
baltimore,1
house,1
floor,1
instrument,1
complexity,1
frequently,1
reply,1
materials,1
already,1
wisconsin,1
must,1
age,1
hoping,1
laura,1
warehouse,1
worth,1
extensive,1
begins,1
geographic,1
file,1
ever,1
scarcely,1
noted,1
extension,1
internationalism,1
followed,1
turned,1
enterprises,1
robert,1
avoided,1
changed,1
squabbling,1
love,1
chose,1
enamored,1
wrong,1
hence,1
lead,1
labor,1
rather,1
members,1
justified,1
name,1
epistolary,1
creation,1
puts,1
bureaucrat,1
angrily,1
willing,1
full,1
interests,1
established,1
restriction,1
suit,1
valid,1
umbrellas,1
hit,1
power,1
fund,1
recreation,1
give,1
forty,1
dwight,1
divert,1
faced,1
others,1
investments,1
footnote,1
view,1
astronomical,1
appear,1
refusal,1
memoirist,1
trying,1
backed,1
intellectual,1
refused,1
extant,1
control,1
puzzle,1
each,1
draftees,1
ranges,1
buzzword,1
different,1
friendly,1
organized,1
shows,1
acceptable,1
whom,1
seriously,1
kennedy,1
rockefellers,1
aftermath,1
opposition,1
believe,1
asserts,1
xii,1
contextual,1
pressure,1
pension,1
assertion,1
examination,1
sleep,1
argue,1
begun,1
wealthy,1
search,1
reasons,1
abstract,1
right,1
regard,1
reform,1
pressed,1
print,1
letters,1
eventually,1
advice,1
children,1
educated,1
particularly,1
larger,1
able,1
transferred,1
obviously,1
guy,1
chosen,1
bound,1
justification,1
powell,1
cautious,1
radical,1
court,1
getting,1
written,1
jacket,1
labeled,1
contemporary,1
undertake,1
cities,1
expend,1
greatest,1
sees,1
damage,1
disputes,1
agree,1
failures,1
office,1
works,1
topically,1
cabinets,1
last,1
academic,1
overstate,1
readers,1
days,1
suggests,1
left,1
filial,1
learn,1
quietly,1
retirements,1
ground,1
confess,1
gifts,1
intervene,1
let,1
defending,1
successes,1
somewhat,1
sensitively,1
manipulate,1
hostility,1
behind,1
career,1
attack,1
purposes,1
carefully,1
transfers,1
historiographic,1
racial,1
establish,1
papers,1
interwar,1
recently,1
produced,1
celebrated,1
answer,1
accounts,1
concealed,1
philanthropists,1
particular,1
roosevelt,1
necessary,1
grounds,1
energy,1
material,1
reshaped,1
placed,1
ed,1
governmental,1
agencies,1
inevitably,1
protective,1
judicial,1
merle,1
required,1
conferences,1
pacified,1
problem,1
assertions,1
save,1
lament,1
filter,1
number,1
managed,1
directly,1
rancor,1
wants,1
discounts,1
unable,1
enmity,1
historiographical,1
pursued,1
addresses,1
such,1
remained,1
nelson,1
produce,1
design,1
argues,1
another,1
having,1
almost,1
reorganization,1
taxexempt,1
meetings,1
breakdown,1
pritchett,1
credit,1
supports,1
methodologies,1
future,1
suspicion,1
line,1
ignored,1
activity,1
infant,1
artifacts,1
encounter,1
institute,1
father,1
slight,1
coherent,1
planning,1
abroad,1
scope,1
establishing,1
cavils,1
examples,1
politely,1
bibliography,1
universities,1
insight,1
mothers,1
cadre,1
obvious,1
narrative,1
women,1
active,1
claim,1
endowment,1
writings,1
mental,1
four,1
peace,1
likely,1
areas,1
voicing,1
substantiating,1
despite,1
enormous,1
example,1
civil,1
resources,1
politician,1
talmudic,1
proportions,1
peruse,1
secret,1
related,1
gorillas,1
nation,1
end,1
easy,1
trio,1
opportunity,1
himself,1
personnel,1
concern,1
top,1
tried,1
cash,1
intentionally,1
unbaited,1
year,1
indianapolis,1
engage,1
twentieth,1
genuine,1
hundred,1
fit,1
programs,1
volunteers,1
obtain,1
used,1
collection,1
during,1
desks,1
separation,1
agendas,1
pound,1
controlled,1
engaging,1
congress,1
academics,1
funded,1
ideas,1
figures,1
harvard,1
underestimates,1
scenes,1
human,1
structures,1
runs,1
interrelationships,1
interconnection,1
central,1
useless,1
diverts,1
nothing,1
chapters,1
our,1
stay,1
mentor,1
minerva,1
come,1
focuses,1
contentious,1
previous,1
kohler,1
legal,1
however,1
we,1
counterparts,1
sectarian,1
eight,1
improvements,1
institution,1
surely,1
eras,1
devoted,1
requests,1
ultimately,1
until,1
resort,1
finally,1
foresee,1
difficulties,1
president,1
takes,1
interested,1
miss,1
own,1
substitutes,1
medical,1
memoirs,1
initial,1
sustain,1
against,1
approving,1
importance,1
refuse,1
beliefs,1
opens,1
gramscian,1
author,1
citing,1
points,1
hauser,1
supportive,1
interest,1
correcting,1
subtitle,1
pick,1
try,1
futures,1
tone,1
officials,1
keep,1
include,1
although,1
sense,1
started,1
ellis,1
walter,1
conducted,1
unwillingness,1
fellow,1
blueprint,1
pay,1
housed,1
grew,1
term,1
century,1
senator,1
next,1
echo,1
politically,1
quotes,1
balloons,1
kind,1
uninformed,1
anyone,1
earlier,1
egos,1
area,1
talent,1
quite,1
measure,1
ogburn,1
individual,1
event,1
nor,1
involved,1
classification,1
quantification,1
direction,1
sole,1
summary,1
secretaries,1
clearing,1
concerning,1
charles,1
insider,1
problems,1
internal,1
surrender,1
dutifully,1
histories,1
serving,1
fired,1
actions,1
brownlow,1
stanley,1
recounted,1
young,1
master,1
afford,1
large,1
protect,1
distinguished,1
marxist,1
elites,1
justify,1
correction,1
consisted,1
assigning,1
find,1
always,1
partial,1
henry,1
texts,1
when,1
views,1
through,1
comfortably,1
drawn,1
aim,1
rustication,1
looks,1
given,1
dominance,1
instruments,1
look,1
looked,1
skirmishes,1
baited,1
manners,1
ignores,1
ellen,1
defend,1
deeply,1
william,1
engagement,1
outgrowth,1
simplistic,1
appropriate,1
stationery,1
should,1
fiscal,1
marx,1
asked,1
staffing,1
exhorting,1
macdonald,1
moved,1
immigration,1
dust,1
technicians,1
compassion,1
build,1
hopeless,1
division,1
cites,1
vocational,1
seemed,1
acerbic,1
merriam,1
battles,1
refuting,1
