WORDCOUNTS,WEIGHT
the,221
and,105
of,102
to,73
a,61
in,55
that,45
war,43
s,34
movement,33
antiwar,33
is,32
for,29
wells,26
it,22
was,22
as,19
on,19
by,18
american,17
more,17
their,16
were,16
with,15
history,15
vietnam,15
be,15
but,15
nixon,15
he,14
his,14
at,13
from,13
than,12
p,11
an,11
not,10
government,10
this,10
they,9
about,9
had,9
against,9
johnson,9
some,8
its,8
may,7
activists,7
who,7
white,7
house,7
all,7
leaders,7
political,7
peace,7
people,7
have,7
even,7
most,6
two,6
organizations,6
give,6
activism,6
within,6
end,6
g,6
also,6
we,6
if,5
chance,5
e,5
one,5
or,5
sometimes,5
public,5
which,5
i,5
there,5
them,5
haldeman,5
appy,5
administration,5
national,5
major,5
americans,4
no,4
under,4
us,4
thesis,4
impact,4
only,4
ehrlichman,4
over,4
are,4
book,4
did,4
mobe,4
reviews,4
demonstrations,4
however,4
opposition,4
both,4
november,4
officials,4
would,4
gitlin,4
like,4
when,4
much,4
demonstration,4
will,3
does,3
front,3
what,3
always,3
how,3
others,3
after,3
yet,3
night,3
pp,3
policy,3
reynolds,3
just,3
too,3
majority,3
challenge,3
sure,3
activist,3
narrative,3
children,3
out,3
events,3
base,3
can,3
new,3
learn,3
surveys,3
troops,3
perhaps,3
time,3
many,3
really,3
veterans,3
march,3
politics,3
compelling,3
these,3
john,3
example,3
issues,3
useful,3
being,3
details,3
campus,3
such,3
clear,3
bombing,3
realized,3
general,3
least,3
mass,3
successful,3
d,3
need,3
especially,3
counteroffensive,3
way,3
up,3
enough,2
things,2
battle,2
ending,2
opposed,2
christian,2
along,2
essential,2
fathers,2
reagan,2
without,2
melvin,2
important,2
told,2
ways,2
groups,2
stop,2
opinion,2
operation,2
etc,2
began,2
lasted,2
legitimacy,2
direct,2
demoralization,2
helpful,2
illegal,2
year,2
responsible,2
relationship,2
once,2
chronicle,2
interpretation,2
citizens,2
nor,2
park,2
dean,2
former,2
university,2
chronology,2
j,2
detail,2
marshall,2
prowar,2
before,2
days,2
following,2
village,2
preoccupation,2
nonetheless,2
process,2
different,2
qualified,2
democratic,2
robert,2
continued,2
volume,2
escalations,2
oral,2
name,2
organizational,2
offers,2
here,2
paul,2
subjects,2
kenneth,2
sixties,2
put,2
crucial,2
equally,2
each,2
country,2
greater,2
official,2
moving,2
best,2
fundamental,2
laird,2
down,2
found,2
domestic,2
make,2
deal,2
radical,2
candles,2
emerson,2
connection,2
administrations,2
isserman,2
question,2
merely,2
late,2
schell,2
outside,2
oklahoma,2
though,2
cambodia,2
welcome,2
viewed,2
together,2
has,2
cynically,2
gives,2
while,2
america,2
because,2
maurice,2
main,2
another,2
having,2
generally,2
don,2
football,2
mobilization,2
protesters,2
withdrawal,2
vast,2
size,2
suggests,2
made,2
heineman,2
helps,2
true,2
including,2
understanding,2
far,2
city,2
civil,2
providing,2
three,2
nitze,2
whole,2
todd,2
during,2
place,2
sign,2
policies,2
tribute,2
significance,2
central,2
throughout,2
facts,2
years,2
reject,2
own,2
demanded,2
sabotage,2
t,2
washington,2
group,2
good,2
change,2
field,2
length,2
so,2
tom,2
protest,2
you,2
kind,2
zinn,2
involved,2
speak,2
dissent,2
specific,2
charles,2
few,2
internal,2
between,2
response,2
valuable,2
radicalization,2
tactics,2
single,2
effect,2
ellsberg,2
dedicated,2
fully,2
early,2
gloria,2
figures,2
protester,2
evidence,2
attention,2
massive,2
local,2
limiting,1
nicholas,1
buried,1
liberals,1
f,1
journalistic,1
counteract,1
now,1
suggestion,1
demonstrates,1
ordeal,1
negotiations,1
gerald,1
mostly,1
second,1
kahin,1
profiled,1
surpassed,1
nation,1
york,1
me,1
spoke,1
belonged,1
demand,1
request,1
moniker,1
patience,1
moves,1
various,1
wisdom,1
strategists,1
bringing,1
george,1
provide,1
yelling,1
recall,1
protests,1
concerned,1
bold,1
broadened,1
stream,1
ranted,1
invasion,1
action,1
interested,1
alphabet,1
skylarkers,1
criminal,1
wrote,1
indeed,1
suc,1
appearances,1
ideology,1
gender,1
gulf,1
feeling,1
commitment,1
cameo,1
program,1
mansion,1
macgeorge,1
watergate,1
support,1
begin,1
decades,1
tried,1
affected,1
nationwide,1
violence,1
deliver,1
forward,1
wing,1
debates,1
college,1
longest,1
sympathy,1
wooing,1
intriguing,1
annoyed,1
spying,1
pause,1
brings,1
oglesby,1
cowards,1
success,1
reduce,1
army,1
republican,1
commended,1
deceit,1
whatever,1
boss,1
brilliant,1
detailed,1
still,1
judgment,1
her,1
assumptions,1
intervention,1
anyone,1
polls,1
currency,1
cowardly,1
strife,1
sympathetic,1
achievements,1
similar,1
cynicism,1
warprotest,1
police,1
brand,1
large,1
ludicrous,1
led,1
induce,1
trivialize,1
suppose,1
bundy,1
gellhorn,1
denied,1
direction,1
why,1
studies,1
special,1
conveys,1
methods,1
family,1
emergency,1
buses,1
analysis,1
fall,1
guide,1
commies,1
origins,1
see,1
itself,1
aspects,1
competition,1
wives,1
interview,1
annoying,1
cannot,1
federal,1
solidarity,1
h,1
fascinating,1
hook,1
get,1
fights,1
raising,1
howard,1
johns,1
parked,1
jonathan,1
easily,1
makes,1
hoover,1
mit,1
mentality,1
presidents,1
gathered,1
case,1
alongside,1
withdrawing,1
do,1
ring,1
photographs,1
wanted,1
anguish,1
teach,1
decade,1
erode,1
dewey,1
policymakers,1
claims,1
campaign,1
contractor,1
neither,1
needed,1
weaves,1
established,1
perceived,1
seems,1
film,1
critical,1
goldwater,1
presents,1
derogatory,1
share,1
cover,1
seriously,1
wars,1
tackle,1
spent,1
home,1
falls,1
amply,1
small,1
conveying,1
energy,1
any,1
vindicated,1
infiltrate,1
light,1
liberal,1
assisted,1
elsewhere,1
generalizations,1
culture,1
nice,1
ussr,1
ideologies,1
chanting,1
trying,1
eases,1
every,1
mary,1
particular,1
mcnamara,1
version,1
catwalks,1
frequently,1
profile,1
faith,1
flusteredly,1
largest,1
costs,1
solid,1
circumstances,1
must,1
unjust,1
efficacy,1
show,1
reports,1
emotional,1
agents,1
cheerleading,1
helicopters,1
ever,1
allows,1
came,1
turn,1
consistent,1
additional,1
anything,1
powerful,1
nonviolent,1
threat,1
tonkin,1
frustration,1
gap,1
either,1
beyond,1
squabbling,1
prisoners,1
contents,1
followed,1
lee,1
hearts,1
believes,1
ideas,1
committee,1
titles,1
long,1
worst,1
advised,1
actually,1
rather,1
certainly,1
convincing,1
critiques,1
anarchists,1
posed,1
conviction,1
command,1
fifties,1
index,1
dramatize,1
exaggerated,1
wearing,1
care,1
lot,1
shooting,1
business,1
steady,1
discouraging,1
strike,1
rested,1
bunker,1
milieu,1
feelings,1
exposed,1
toward,1
might,1
berkeley,1
cia,1
drawing,1
mattered,1
cut,1
teenager,1
elusive,1
view,1
postman,1
tactically,1
assist,1
your,1
deserves,1
perceive,1
intellectual,1
nancy,1
worked,1
capps,1
engaged,1
antidote,1
been,1
clifford,1
hours,1
winding,1
headquarters,1
analytical,1
emotions,1
lacked,1
combat,1
serving,1
worth,1
remembered,1
fact,1
concocted,1
shows,1
longer,1
global,1
rights,1
killed,1
consideration,1
historians,1
walk,1
attractive,1
believe,1
disillusionment,1
noam,1
diverting,1
midwestern,1
secondary,1
could,1
pressure,1
histories,1
scheer,1
carrying,1
leam,1
ph,1
impelling,1
argue,1
bit,1
half,1
appeared,1
intended,1
ben,1
right,1
regard,1
rangier,1
reform,1
attack,1
substance,1
location,1
post,1
origin,1
provoke,1
pretense,1
teaches,1
account,1
bomb,1
underneath,1
changed,1
pointed,1
job,1
diverse,1
supplies,1
prepare,1
outdo,1
weatherman,1
wilkinson,1
demonstrating,1
onto,1
concludes,1
very,1
examination,1
court,1
chomsky,1
written,1
everything,1
feckless,1
doubt,1
contends,1
real,1
katzenbach,1
burst,1
ceaseless,1
u,1
serious,1
embrace,1
arrogance,1
compromised,1
sullivan,1
works,1
emerges,1
tunnels,1
evaluate,1
pushing,1
turned,1
took,1
say,1
further,1
discouragement,1
stand,1
exceptions,1
saying,1
dispatches,1
outset,1
prompt,1
chatfield,1
seriousness,1
understood,1
differences,1
according,1
california,1
covered,1
effective,1
alike,1
receive,1
somewhat,1
explanations,1
committed,1
vigils,1
intelligence,1
persuasively,1
daniel,1
power,1
circles,1
depicts,1
inside,1
orthodoxy,1
sanctions,1
constraining,1
namely,1
sweeping,1
promoted,1
ones,1
until,1
making,1
promise,1
surveillance,1
older,1
shelter,1
albert,1
obsessive,1
excellent,1
deserters,1
sociology,1
thin,1
rallies,1
preventing,1
material,1
kissinger,1
disarmament,1
hastening,1
wartime,1
existence,1
conclusion,1
ed,1
resilience,1
clues,1
fondness,1
consultant,1
daunting,1
monster,1
avoided,1
eds,1
diary,1
books,1
find,1
wide,1
dream,1
style,1
inextricable,1
advice,1
streets,1
hopkins,1
reflected,1
particularly,1
destroyed,1
lafayette,1
flourished,1
impression,1
day,1
bloated,1
divide,1
trotskyists,1
president,1
reminds,1
constitutional,1
settles,1
losers,1
chapter,1
information,1
indifference,1
implode,1
rebuttals,1
image,1
zaroulis,1
credit,1
selfproclaimed,1
movements,1
fatuous,1
hundreds,1
canyon,1
problems,1
smear,1
evolving,1
cared,1
progress,1
winners,1
measures,1
popular,1
planning,1
abroad,1
memoranda,1
martha,1
solely,1
duck,1
stronger,1
bibliography,1
explanation,1
arguments,1
richard,1
writers,1
obvious,1
careful,1
spy,1
writes,1
reader,1
r,1
persistence,1
documentary,1
coach,1
decent,1
taking,1
significantly,1
rally,1
unquestioned,1
little,1
mere,1
part,1
burchett,1
arose,1
introduced,1
ideologically,1
familial,1
enormous,1
resources,1
carried,1
prior,1
exasperatedly,1
visceral,1
press,1
became,1
role,1
indigenous,1
comment,1
easy,1
debenedetti,1
solemn,1
buy,1
expand,1
positions,1
attributed,1
contain,1
plans,1
writing,1
undermining,1
reminiscence,1
simply,1
rigid,1
entirely,1
largely,1
dozens,1
significant,1
crammed,1
kids,1
gave,1
call,1
organization,1
programs,1
millions,1
virtually,1
minds,1
trumpet,1
poured,1
approach,1
broad,1
collective,1
diaries,1
funded,1
expanded,1
officers,1
concentrate,1
lied,1
winning,1
eroding,1
victim,1
freedom,1
prolong,1
million,1
thus,1
vietnamese,1
allotting,1
nothing,1
chapters,1
our,1
overhead,1
documented,1
forces,1
come,1
factionalism,1
bud,1
encumbered,1
ronald,1
legislation,1
sunny,1
crazies,1
bombs,1
sectarianism,1
idealism,1
xviii,1
ultimately,1
tell,1
students,1
placate,1
spring,1
bid,1
youth,1
bush,1
argument,1
burden,1
development,1
difference,1
colloquial,1
ignored,1
halting,1
since,1
efforts,1
escalated,1
moral,1
wreckage,1
elk,1
human,1
incident,1
silent,1
soup,1
author,1
finally,1
soldiers,1
hurt,1
animosity,1
interest,1
logic,1
august,1
juxtaposition,1
counter,1
held,1
offer,1
executive,1
times,1
lively,1
skillful,1
although,1
sense,1
describing,1
walter,1
passionate,1
opposite,1
diminish,1
cold,1
insisted,1
restore,1
vital,1
shaping,1
talked,1
media,1
pettiness,1
politically,1
played,1
blow,1
hired,1
serves,1
grass,1
quotes,1
defiance,1
playing,1
thuggery,1
filled,1
funds,1
off,1
guardsmen,1
pacifists,1
bloodier,1
earlier,1
big,1
terribly,1
mct,1
moratorium,1
measure,1
imprison,1
actively,1
adequately,1
recalling,1
presidential,1
specifically,1
better,1
clark,1
divisive,1
ranged,1
frivolous,1
wilfred,1
listening,1
pages,1
keep,1
picketer,1
communists,1
sidelines,1
person,1
adverbs,1
maoists,1
sufficient,1
mounting,1
state,1
harass,1
kinds,1
silly,1
bloody,1
removed,1
executed,1
june,1
doubts,1
channels,1
barricaded,1
same,1
recalls,1
mccarthy,1
internecine,1
reference,1
c,1
oversimplification,1
thing,1
belittled,1
class,1
westmoreland,1
happen,1
core,1
debate,1
beginning,1
weight,1
takes,1
civilian,1
explore,1
probably,1
aside,1
element,1
death,1
entire,1
slightly,1
sheer,1
socially,1
communication,1
protestors,1
course,1
william,1
spite,1
re,1
focus,1
using,1
fbi,1
fool,1
strong,1
among,1
resignation,1
roots,1
deeply,1
north,1
notes,1
plausible,1
famous,1
stone,1
ignore,1
leadership,1
wounded,1
caution,1
should,1
stick,1
previously,1
walked,1
provided,1
foreign,1
generation,1
congressional,1
psychologically,1
halderman,1
adventurous,1
acknowledge,1
rapidly,1
race,1
quiet,1
portrait,1
draft,1
october,1
activities,1
stereotypes,1
paranoid,1
symbolism,1
tube,1
deeper,1
dallek,1
society,1
hanoi,1
sources,1
surprising,1
