WORDCOUNTS,WEIGHT
the,547
of,443
and,313
in,224
to,215
a,139
hartz,131
american,106
s,102
that,97
as,88
for,80
political,73
his,60
from,60
america,56
history,51
it,46
or,44
is,43
on,42
with,41
but,38
an,38
have,38
liberal,37
not,36
has,35
their,33
democracy,32
he,32
social,31
more,31
democratic,30
lta,30
by,29
see,28
theory,27
was,26
its,25
all,24
tradition,24
such,24
at,23
thought,23
only,23
who,23
analysis,23
those,22
americans,22
did,21
had,20
culture,20
they,19
than,19
europe,17
new,17
be,17
historians,16
because,16
were,16
european,16
historical,16
should,16
century,15
religious,15
liberalism,15
been,15
our,15
states,15
religion,14
even,14
this,14
john,14
between,14
no,13
most,13
which,13
we,13
argument,13
politics,12
rather,12
when,12
louis,12
kloppenberg,12
life,12
world,12
since,11
progressive,11
could,11
p,11
reviews,11
issues,11
ed,11
also,11
i,11
different,11
what,11
instead,11
one,10
economic,10
t,10
after,10
deal,10
revolution,10
united,10
retrospect,10
if,9
j,9
state,9
review,9
study,9
theorists,9
out,9
war,9
about,9
these,9
other,9
many,9
choice,9
ideas,9
so,9
september,9
science,9
locke,9
over,9
writing,9
evidence,9
recent,9
into,8
antebellum,8
government,8
rights,8
too,8
gender,8
nations,8
comparative,8
thinkers,8
yet,8
dewey,8
two,8
power,8
understanding,8
would,8
can,8
saw,8
them,8
both,8
socialism,8
first,7
seems,7
book,7
scientists,7
adams,7
perspective,7
consequences,7
welfare,7
presence,7
lincoln,7
republican,7
pp,7
toward,7
reform,7
regulation,7
where,7
students,7
significance,7
why,7
james,7
attention,7
merely,7
william,7
terms,7
public,7
race,7
now,6
decades,6
church,6
richard,6
himself,6
against,6
cultural,6
how,6
equally,6
well,6
work,6
nation,6
second,6
feudalism,6
make,6
us,6
idea,6
scholars,6
never,6
less,6
made,6
david,6
become,6
capitalism,6
tocqueville,6
seventeenth,6
then,6
intellectual,6
principle,6
are,6
past,6
almost,6
years,6
national,6
d,6
scholarship,6
within,6
little,6
way,5
later,5
revolutionary,5
enduring,5
reason,5
experience,5
there,5
persistence,5
last,5
point,5
framework,5
conflict,5
development,5
left,5
ideals,5
argued,5
progressives,5
important,5
whereas,5
shared,5
coalitions,5
though,5
rousseau,5
recently,5
ethnicity,5
either,5
claim,5
consensus,5
few,5
society,5
absence,5
same,5
roazen,5
already,5
party,5
french,5
fundamental,5
reasons,5
present,5
perhaps,5
free,5
moral,5
christian,5
widespread,5
institutions,5
krieger,5
rational,5
founders,5
must,5
distinctive,5
studies,5
economy,5
through,5
until,5
north,5
philosophy,5
early,5
meaning,4
commitment,4
e,4
complex,4
h,4
socialists,4
nature,4
liberty,4
robert,4
issue,4
forthcoming,4
right,4
some,4
activity,4
far,4
insisted,4
convincing,4
confronting,4
marx,4
failed,4
slavery,4
notion,4
whitman,4
thomas,4
contemporaries,4
care,4
helped,4
constitution,4
radical,4
explain,4
egalitarian,4
insignificance,4
heart,4
place,4
people,4
lockean,4
challenging,4
graduate,4
approach,4
least,4
individualism,4
quite,4
up,4
necessity,4
provided,4
will,4
equality,4
wrote,4
indeed,4
judgment,4
democrats,4
law,4
fact,4
end,4
drove,4
do,4
secular,4
deep,4
progressivism,4
another,4
sides,4
clear,4
publication,4
essay,4
individual,4
ellis,4
standard,4
especially,4
examine,4
depth,4
socialist,4
novak,4
independence,4
fdr,4
historian,4
problem,4
property,4
popular,4
presented,4
republic,4
arguments,4
although,4
meyers,4
defined,4
era,4
debate,4
much,4
among,4
does,3
done,3
introduction,3
germany,3
fate,3
english,3
acceptance,3
before,3
whigs,3
haskell,3
civic,3
women,3
croly,3
ii,3
taken,3
might,3
generated,3
advanced,3
england,3
words,3
parties,3
simple,3
confusion,3
differences,3
take,3
half,3
embrace,3
alert,3
precisely,3
daniel,3
citizenship,3
hall,3
account,3
possible,3
stubborn,3
beneath,3
prevented,3
diversity,3
exist,3
central,3
virtues,3
dynamics,3
ethical,3
author,3
relatively,3
forced,3
turn,3
defense,3
distinct,3
nor,3
clark,3
concerning,3
compared,3
sin,3
journal,3
critique,3
language,3
critics,3
german,3
without,3
across,3
remain,3
sort,3
explicit,3
similar,3
b,3
derived,3
walt,3
understand,3
wanted,3
university,3
elsewhere,3
just,3
days,3
age,3
aristocrats,3
founding,3
view,3
conflicts,3
my,3
diggins,3
patrick,3
efforts,3
further,3
understood,3
teacher,3
commitments,3
failure,3
decisions,3
concept,3
example,3
civil,3
shrink,3
during,3
away,3
status,3
varieties,3
sense,3
governments,3
atomistic,3
led,3
role,3
gabriel,3
scientific,3
identified,3
limited,3
exception,3
still,3
bill,3
movement,3
interpretation,3
salvation,3
smith,3
reliance,3
pointed,3
put,3
l,3
analytical,3
shows,3
longer,3
treatment,3
endorse,3
niebuhr,3
developed,3
time,3
personal,3
debates,3
contemporary,3
rhetoric,3
forms,3
moderate,3
mowry,3
belief,3
eds,3
rawls,3
remained,3
disagreements,3
own,3
writings,3
including,3
identity,3
assumption,3
harvard,3
complicated,3
theoretical,3
three,3
reality,3
reformers,3
legacy,3
interpretations,3
ranging,3
fifty,3
george,3
crucial,3
chance,3
program,3
lost,3
class,3
inspired,3
education,3
get,3
claims,3
thinking,3
mann,3
simply,3
continues,3
truman,3
cultures,3
seem,3
best,3
republicanism,3
proved,3
making,3
particular,3
agreed,3
press,3
programs,3
come,3
difference,3
reveals,3
twentieth,3
finally,3
green,3
values,3
vistas,3
jefferson,3
themselves,3
portrait,3
final,2
struggle,2
m,2
rev,2
stood,2
wonder,2
market,2
legitimate,2
red,2
alone,2
likewise,2
envisioned,2
jews,2
essays,2
rogers,2
authority,2
true,2
pathologies,2
champions,2
policy,2
unlike,2
quarrels,2
criticizing,2
du,2
came,2
failing,2
long,2
pervasive,2
implications,2
adopt,2
refusal,2
thus,2
together,2
poverty,2
criticize,2
atlantic,2
him,2
analyst,2
nevertheless,2
roosevelt,2
murray,2
emphasized,2
sacred,2
alike,2
context,2
similarities,2
americanism,2
case,2
beard,2
sought,2
u,2
chapter,2
leo,2
kerber,2
establishing,2
election,2
insight,2
dynamic,2
liberals,2
economies,2
offe,2
hegel,2
exceptionalist,2
labor,2
human,2
constitutive,2
denying,2
spectrum,2
quality,2
calculated,2
plato,2
g,2
interest,2
ability,2
mixed,2
adopted,2
gilman,2
admitted,2
marxism,2
exercise,2
times,2
response,2
served,2
arranged,2
continuous,2
compare,2
empiricism,2
practically,2
traditions,2
alger,2
general,2
conceded,2
acknowledge,2
compromise,2
unfortunate,2
focused,2
battles,2
promised,2
typified,2
surprisingly,2
riker,2
high,2
essential,2
refocus,2
mattered,2
essence,2
reinhold,2
lasting,2
undergraduates,2
legal,2
importance,2
compromises,2
jaures,2
crusade,2
dismiss,2
moreover,2
means,2
freeze,2
consider,2
entrenched,2
clearly,2
shaking,2
mary,2
quoted,2
exceptionalism,2
four,2
max,2
origins,2
powerful,2
beyond,2
problems,2
provisional,2
strategy,2
union,2
legislative,2
lead,2
path,2
blamed,2
horatio,2
rule,2
conservative,2
called,2
brandeis,2
intellectuals,2
agendas,2
greater,2
struggles,2
passionate,2
irony,2
briefly,2
lockian,2
viewed,2
safe,2
record,2
however,2
procedures,2
judicial,2
method,2
possibility,2
christianity,2
postwar,2
faire,2
future,2
used,2
missed,2
planning,2
industrial,2
writers,2
genre,2
explains,2
knowledge,2
apparent,2
esp,2
handlin,2
genuine,2
dispense,2
showing,2
visions,2
uniqueness,2
cold,2
parrington,2
reliable,2
order,2
phrase,2
insurance,2
sake,2
lutz,2
small,2
hercules,2
autonomy,2
concerns,2
addams,2
dramatic,2
impossible,2
core,2
results,2
using,2
roots,2
altogether,2
rodgers,2
grasp,2
mechanism,2
critical,2
communist,2
matter,2
variety,2
contended,2
inadequacy,2
concede,2
mechanisms,2
short,2
tried,2
onward,2
classic,2
reduce,2
harry,2
antagonisms,2
guide,2
once,2
apples,2
fair,2
examined,2
security,2
marcuse,2
read,2
happened,2
under,2
koch,2
commonwealth,2
complete,2
acknowledging,2
noted,2
name,2
towns,2
projects,2
herbert,2
turner,2
agree,2
really,2
diverse,2
eric,2
demonstrating,2
sturdy,2
doubt,2
pennsylvania,2
jacksonians,2
dienstag,2
serious,2
success,2
behind,2
learn,2
model,2
developing,2
answer,2
strategies,2
books,2
governance,2
style,2
number,2
explicitly,2
demonstrated,2
fundamentally,2
private,2
lofty,2
shapiro,2
discussion,2
disagree,2
empirical,2
entirely,2
significant,2
use,2
questions,2
unanimity,2
nothing,2
continue,2
dismissed,2
described,2
man,2
meanings,2
discovered,2
truths,2
andrews,2
comprehensive,2
profession,2
logic,2
controversies,2
divisions,2
like,2
ely,2
pathetic,2
distinction,2
static,2
earlier,2
commentators,2
trying,2
incompatible,2
northern,2
hope,2
widely,2
shaping,2
dealing,2
implicitly,2
seer,2
today,2
raise,2
france,2
dreamed,2
prose,2
support,2
begin,2
vague,2
bonds,2
dimensions,2
seen,2
force,2
test,2
surprising,2
sage,2
aspirations,2
sympathy,2
joseph,2
meant,2
matters,2
detail,2
series,2
conclusion,2
ever,2
followed,2
laissez,2
constructed,2
set,2
refused,2
image,2
dare,2
chapman,2
worth,2
share,2
seriously,2
vibrant,2
very,2
greenstone,2
works,2
justify,2
abraham,2
want,2
getting,2
studying,2
constitutional,2
jacobins,2
produce,2
ideal,2
freedom,2
middle,2
inaccuracies,2
recognition,2
ladies,2
given,2
revolutions,2
predecessors,2
traditional,2
assumptions,2
divided,2
phenomenon,2
challenges,2
goals,2
question,2
devoted,2
spirited,2
generate,2
donald,2
quest,2
samuel,2
need,2
centrality,2
strauss,2
madison,2
remains,2
comparison,2
contrasting,2
create,2
substantial,2
persuaded,2
course,2
focus,2
roles,2
courts,1
bernard,1
historicize,1
margins,1
undergraduate,1
decentralized,1
currently,1
produces,1
aristocracies,1
appealed,1
common,1
conflicting,1
wand,1
commentary,1
contrast,1
complexities,1
pull,1
corporate,1
scholar,1
ready,1
separated,1
emigres,1
corrosive,1
credibility,1
reconsidered,1
extend,1
jane,1
nationalities,1
resisting,1
measures,1
hollinger,1
brilliantly,1
populist,1
defenses,1
ineluctable,1
dogmatic,1
counterposed,1
sympathetic,1
center,1
large,1
settlements,1
deepest,1
achievements,1
denied,1
fittingly,1
litmus,1
nostalgia,1
old,1
fragment,1
allitt,1
word,1
diversification,1
formed,1
asserted,1
uniquely,1
collectivist,1
ways,1
coalition,1
walker,1
unwritten,1
johns,1
inconsistent,1
jonathan,1
modern,1
proud,1
decade,1
oppressive,1
position,1
western,1
obligations,1
fixed,1
explanatory,1
ian,1
description,1
laid,1
inequality,1
communion,1
holding,1
aversion,1
feminists,1
fulfillment,1
contested,1
tepid,1
source,1
bolsheviks,1
offering,1
character,1
lure,1
appraisal,1
proclamation,1
themes,1
myriad,1
band,1
being,1
consistent,1
defeated,1
optimism,1
inc,1
philosophers,1
coalesced,1
sources,1
every,1
embraced,1
relies,1
creation,1
disagreement,1
production,1
voices,1
derives,1
individualist,1
address,1
thrive,1
attempt,1
pluralist,1
godesberg,1
emerged,1
experiments,1
loom,1
reach,1
shaped,1
principles,1
attractive,1
capitalist,1
ungenerous,1
assess,1
uneasy,1
featuring,1
farmers,1
puritanism,1
rich,1
producing,1
puritan,1
achievement,1
cavalier,1
studied,1
able,1
breezy,1
transforms,1
hundred,1
reveal,1
mississippi,1
hannah,1
launched,1
court,1
room,1
scheme,1
carnegie,1
survey,1
real,1
amplitude,1
meg,1
subsequent,1
help,1
dissents,1
copious,1
failures,1
iconoclasm,1
loose,1
mind,1
innes,1
henry,1
principal,1
waving,1
platforms,1
wage,1
committed,1
theodore,1
hostile,1
recreate,1
racial,1
explosive,1
bluntly,1
insures,1
proposals,1
depends,1
system,1
british,1
employs,1
eradicate,1
existence,1
suspect,1
accuracy,1
plain,1
yoked,1
eastern,1
east,1
task,1
perfection,1
matthew,1
hobhouse,1
great,1
prescriptions,1
uproot,1
misconceived,1
enriching,1
compelling,1
concentrating,1
temperance,1
reply,1
oedipus,1
reaction,1
powers,1
oppressed,1
julian,1
obvious,1
apocalyptic,1
medical,1
wing,1
west,1
taking,1
radicals,1
say,1
except,1
areas,1
resources,1
conception,1
laws,1
overlooking,1
anticipated,1
along,1
accustomed,1
letter,1
safely,1
measurement,1
warfare,1
congruence,1
masks,1
harmony,1
separating,1
constricted,1
pillar,1
stress,1
eschewing,1
repeatedly,1
complained,1
flag,1
andrew,1
resonated,1
chapters,1
includes,1
disregard,1
throughout,1
linguistic,1
kosmos,1
de,1
surely,1
harcourt,1
purportedly,1
disorder,1
historically,1
asking,1
tyrannical,1
component,1
facts,1
inner,1
eisenach,1
realized,1
hierarchy,1
magic,1
personalities,1
spinning,1
eduard,1
inaugural,1
animosity,1
intact,1
characteristic,1
dozen,1
faces,1
deliberation,1
democrat,1
gunnar,1
salisbury,1
consumer,1
representative,1
walter,1
friedman,1
cf,1
myrdal,1
dubbed,1
codified,1
paused,1
replaced,1
kind,1
exhausted,1
guided,1
feathers,1
establishments,1
self,1
constitutions,1
blame,1
immigrants,1
deeds,1
document,1
stokes,1
judged,1
having,1
back,1
kinds,1
modifying,1
encompass,1
serving,1
infinity,1
provisions,1
allowing,1
brace,1
ally,1
distinguish,1
third,1
vanish,1
philosophizing,1
fowler,1
profit,1
helpful,1
irresistible,1
outset,1
drawn,1
gospel,1
student,1
consequently,1
architects,1
details,1
citizen,1
spread,1
lens,1
simplistic,1
ignore,1
delivered,1
generation,1
nuanced,1
challengesby,1
fierce,1
sane,1
gigantic,1
intuition,1
glad,1
marching,1
rambling,1
vantage,1
larcenies,1
ringen,1
divergence,1
bailyn,1
hamlet,1
poor,1
geneva,1
thinker,1
anticolonial,1
adequate,1
york,1
whose,1
genuinely,1
voters,1
authorize,1
reagan,1
russian,1
identification,1
predicted,1
expected,1
sorrow,1
bring,1
growth,1
abolished,1
federal,1
main,1
generations,1
activists,1
stop,1
anglican,1
incipient,1
influential,1
skirted,1
antagonistic,1
process,1
unanimously,1
conceptions,1
deliberately,1
signaled,1
goes,1
catholics,1
accurate,1
titled,1
granted,1
stout,1
lamented,1
certain,1
brand,1
leave,1
sacrificed,1
dissenting,1
harmonies,1
perkins,1
contributions,1
makes,1
sanctuary,1
enacted,1
envision,1
stein,1
enabled,1
poetry,1
distant,1
white,1
lay,1
celebrakloppenberg,1
reforms,1
federalist,1
reinforce,1
factors,1
mediate,1
periodic,1
howe,1
bleak,1
suffice,1
brownson,1
qualify,1
category,1
utterly,1
escape,1
bad,1
wages,1
charges,1
lyndon,1
boydston,1
jacobs,1
unthinking,1
triumphant,1
organization,1
sorts,1
established,1
lloyd,1
revolutionaries,1
combative,1
slowly,1
poisonous,1
driven,1
elevated,1
n,1
placed,1
displays,1
remaking,1
weak,1
characterizations,1
genuflect,1
pragmatism,1
w,1
simplifies,1
retrospective,1
show,1
ministers,1
carolina,1
robbing,1
surface,1
readings,1
bender,1
calvinist,1
busters,1
shorthand,1
generally,1
cost,1
imprecise,1
refuge,1
hereafter,1
asks,1
permanent,1
solve,1
dilthey,1
odd,1
straightjacket,1
flow,1
foner,1
appeals,1
suggested,1
tory,1
boosterism,1
admiration,1
cut,1
advocated,1
laslett,1
methodology,1
assessments,1
banning,1
puzzle,1
impervious,1
declarations,1
opening,1
standards,1
advance,1
fitted,1
access,1
unanimous,1
abandoning,1
agenda,1
appearance,1
found,1
strength,1
britain,1
ambitions,1
treatments,1
ambitious,1
separable,1
codify,1
economics,1
rebuttal,1
destined,1
facilitate,1
centrally,1
ironically,1
strident,1
analogs,1
henretta,1
flying,1
reactionary,1
respects,1
unintelligible,1
zelizer,1
fourth,1
prompt,1
pointing,1
exactly,1
equal,1
let,1
buried,1
mushroomed,1
heaven,1
deliberate,1
keywords,1
leonard,1
agreements,1
population,1
produced,1
unemployment,1
torn,1
hailed,1
meet,1
promise,1
sovereignty,1
excellent,1
unconvincing,1
wealth,1
counties,1
fox,1
devaluing,1
eager,1
professionals,1
hierarchies,1
jewish,1
triumph,1
hopkins,1
voice,1
epiphenomenal,1
ought,1
undermined,1
outstanding,1
representatives,1
eyebrow,1
colonies,1
animated,1
directly,1
conservatives,1
none,1
sounded,1
distinctiveness,1
deadlier,1
betrayed,1
degrees,1
closed,1
rauschenbusch,1
deliverance,1
responding,1
nonscience,1
reid,1
vote,1
imagined,1
r,1
subtler,1
psychological,1
part,1
noires,1
bois,1
norm,1
auerbach,1
wald,1
penetrating,1
caught,1
elizabeth,1
ten,1
surprise,1
popper,1
eurocentric,1
year,1
vice,1
fail,1
inherited,1
broad,1
collective,1
subtly,1
constitute,1
keep,1
relevance,1
concentrate,1
rightstalk,1
structures,1
earn,1
anticlericalism,1
et,1
call,1
doors,1
justification,1
elegant,1
hatches,1
employed,1
sensibility,1
reframes,1
alliance,1
contradictions,1
sprang,1
refuse,1
earth,1
good,1
tone,1
pick,1
creating,1
lipset,1
running,1
scholastic,1
successful,1
upheavals,1
field,1
uninterrupted,1
fuzzy,1
responsibility,1
wildly,1
ascended,1
reinforces,1
speculations,1
flug,1
senator,1
terrence,1
catholic,1
framekloppenberg,1
emphasizes,1
settlement,1
hermeneutics,1
involved,1
around,1
sole,1
calling,1
several,1
underscore,1
influence,1
characteristics,1
horkheimer,1
omaha,1
inescapable,1
pain,1
replace,1
narrating,1
comfort,1
invoke,1
eclipse,1
peace,1
master,1
augur,1
mammon,1
fire,1
vacuum,1
distinguished,1
suddenly,1
deviant,1
seeds,1
tended,1
coloration,1
always,1
richness,1
lampooned,1
proletarians,1
universities,1
covenants,1
peculiarly,1
filling,1
woodrow,1
estates,1
franchise,1
courtney,1
value,1
frontal,1
interests,1
rest,1
disturbing,1
massive,1
geographical,1
promising,1
herrick,1
avoid,1
jeffrey,1
claus,1
indict,1
spare,1
appeal,1
prescribed,1
cite,1
heideking,1
south,1
increasing,1
battle,1
davy,1
therefore,1
poland,1
timeless,1
transform,1
business,1
may,1
steady,1
reformism,1
minor,1
comment,1
materials,1
spelled,1
various,1
functioning,1
bringing,1
justin,1
gather,1
sanctity,1
wary,1
action,1
felonious,1
separation,1
jaffa,1
bourgeois,1
drama,1
ancien,1
crossings,1
play,1
naacp,1
schemes,1
motivated,1
wait,1
notoriously,1
epigram,1
female,1
fractured,1
oscar,1
lance,1
exerts,1
leon,1
corsica,1
mainstream,1
antislavery,1
interactions,1
landed,1
tensile,1
bewildering,1
experiences,1
manifest,1
unprecedented,1
capitalists,1
registered,1
southern,1
backed,1
dimensional,1
riches,1
single,1
inconvenient,1
convictions,1
frank,1
repression,1
assuring,1
sweeping,1
springs,1
pivotal,1
joshua,1
hurrying,1
restorations,1
housing,1
fruition,1
arendt,1
sparkling,1
wake,1
suited,1
represents,1
accident,1
devotion,1
adrienne,1
soon,1
evil,1
discussions,1
sociocultural,1
god,1
instinctive,1
reaffirms,1
neither,1
thesis,1
quarrel,1
complementary,1
tax,1
home,1
hofstader,1
paid,1
perspectives,1
asia,1
k,1
professor,1
shifting,1
purity,1
obligated,1
experimental,1
exceptionalists,1
hart,1
al,1
indian,1
infused,1
veritable,1
exodus,1
provocative,1
psyche,1
acidly,1
department,1
aristotle,1
potential,1
practicality,1
increasingly,1
friend,1
operations,1
eccentricity,1
transatlantic,1
awe,1
jo,1
chose,1
volume,1
seymour,1
wightman,1
eldon,1
stemmed,1
members,1
populi,1
eruption,1
serfs,1
critiques,1
paul,1
heritage,1
conceal,1
coming,1
sometimes,1
again,1
others,1
similarly,1
chaps,1
usually,1
flat,1
designing,1
demographic,1
mayflower,1
lacked,1
persuasion,1
conformity,1
populists,1
lack,1
diminishing,1
admit,1
consideration,1
endless,1
bourgeoisie,1
pressure,1
appeared,1
documents,1
enact,1
unsteady,1
abstract,1
marxian,1
viii,1
children,1
practical,1
classical,1
richer,1
forge,1
emphatically,1
arthur,1
considerable,1
fashion,1
pattern,1
imperfect,1
discussed,1
removal,1
convulsions,1
aristotles,1
disenchantment,1
ages,1
readers,1
pondering,1
shrewder,1
hand,1
augustinian,1
ground,1
imperatives,1
masterworks,1
obscures,1
establish,1
income,1
eliciting,1
relevant,1
vulnerable,1
celebrated,1
renaissance,1
shown,1
inhospitable,1
necessary,1
spoke,1
conviction,1
attitude,1
controversy,1
alchemy,1
ascetics,1
invitation,1
chronologically,1
native,1
rivaling,1
ignoring,1
pluralize,1
ordinary,1
fundamentals,1
mill,1
obsession,1
realize,1
thoroughly,1
polities,1
indomitable,1
fight,1
published,1
original,1
disappearance,1
bigness,1
sombart,1
reasoning,1
greatest,1
betes,1
casual,1
miss,1
extended,1
theirs,1
father,1
mccarthyism,1
survive,1
invested,1
gordon,1
birth,1
farther,1
mutated,1
range,1
eighteenth,1
incidents,1
helps,1
slaves,1
telescope,1
arose,1
previously,1
characterizing,1
depended,1
arbitrarily,1
recover,1
versa,1
elite,1
individuality,1
opportunity,1
collectivism,1
europeans,1
findings,1
traded,1
unfortunately,1
prevailed,1
unfair,1
operated,1
ontology,1
rudely,1
factor,1
assume,1
missing,1
congress,1
hispanics,1
grander,1
disputing,1
ethnic,1
processes,1
exhibited,1
canon,1
ruffles,1
merit,1
franklin,1
trust,1
exerted,1
nationalism,1
onedimensional,1
stultifying,1
theories,1
marginalia,1
platform,1
shrewd,1
futile,1
historic,1
simpleminded,1
tories,1
scandinavia,1
recognize,1
agreement,1
dominated,1
victory,1
lonely,1
workers,1
held,1
preempt,1
blend,1
sliding,1
characterized,1
reviewers,1
geographically,1
period,1
widen,1
salus,1
escaped,1
played,1
collected,1
worldly,1
scripted,1
profiteering,1
households,1
renewal,1
graduated,1
provides,1
martin,1
wood,1
imagination,1
men,1
quick,1
proclaim,1
strangely,1
amending,1
sparta,1
retire,1
written,1
somehow,1
intend,1
systems,1
satisfy,1
elaborate,1
primogeniture,1
businesses,1
hegels,1
wise,1
ann,1
shallow,1
teach,1
construction,1
structure,1
westbrook,1
enthusiastically,1
expand,1
seeking,1
comfortably,1
decisively,1
implication,1
rhetorical,1
story,1
astonishing,1
attracted,1
looming,1
institution,1
tendency,1
seriousness,1
engagement,1
adorno,1
quarterly,1
reformist,1
basically,1
ago,1
shaftesbury,1
recurring,1
creativity,1
universality,1
regimes,1
arresting,1
immigration,1
concluded,1
offspring,1
unwittingly,1
disestablished,1
limiting,1
ethic,1
revolved,1
carried,1
discipline,1
fog,1
accepting,1
dawn,1
kaplan,1
melvyn,1
respect,1
applications,1
note,1
postexceptionalist,1
invokes,1
wisdom,1
hofstadter,1
fairly,1
continued,1
provide,1
mixture,1
quo,1
movements,1
bold,1
mediation,1
figure,1
domains,1
linda,1
continuing,1
vision,1
eighteenthand,1
ideology,1
bound,1
pieces,1
reasonable,1
resistant,1
federalists,1
inside,1
lines,1
fabians,1
nourishing,1
male,1
eighteenthcentury,1
theodor,1
seeks,1
referred,1
health,1
directions,1
detailed,1
returned,1
credited,1
philosopher,1
anticlerical,1
wilson,1
transformation,1
unlocks,1
inadequate,1
karl,1
paradoxical,1
maximizing,1
try,1
executive,1
grapple,1
wilhelm,1
compacts,1
diagnosis,1
reconsider,1
shalhope,1
hierarchical,1
achieve,1
confronts,1
types,1
fields,1
citizens,1
exists,1
itself,1
hearkening,1
worlds,1
electorates,1
blurred,1
attachment,1
stable,1
addressed,1
undertook,1
publicist,1
contained,1
crockett,1
curious,1
shadow,1
any,1
following,1
ahead,1
habermas,1
hanging,1
colony,1
complexity,1
changing,1
pointless,1
biography,1
axel,1
instructed,1
extensive,1
invoked,1
shallowness,1
appears,1
elicited,1
theme,1
discrepancy,1
exposition,1
stephen,1
reciprocity,1
glamour,1
ralph,1
codifying,1
bernstein,1
symbol,1
sciences,1
disdain,1
sweden,1
here,1
blindness,1
colonialism,1
leftist,1
bully,1
know,1
uncomplicated,1
continental,1
unwarranted,1
each,1
scares,1
fault,1
illuminate,1
advertisements,1
scientist,1
prototypes,1
concession,1
faulty,1
deliberative,1
orestes,1
swaan,1
connection,1
interested,1
wars,1
key,1
believe,1
distance,1
blinkered,1
pragmatic,1
down,1
straightforward,1
prominence,1
philosophes,1
ph,1
emergence,1
temper,1
marvin,1
universal,1
current,1
domestic,1
unsettling,1
loyalty,1
ratification,1
inquiry,1
misunderstood,1
eventually,1
ideological,1
americawhether,1
thoroughgoing,1
stretching,1
job,1
metaphysics,1
mcdonald,1
massachusetts,1
enforcing,1
unspoiled,1
brilliance,1
pretended,1
applauded,1
examining,1
differed,1
going,1
anomalous,1
disputes,1
singleand,1
ethos,1
living,1
assessment,1
elites,1
better,1
believed,1
outlook,1
scholarly,1
succeeded,1
disquisition,1
jean,1
fuller,1
unfulfilled,1
preexisting,1
communicate,1
stinging,1
conservatism,1
concedes,1
criticism,1
preface,1
professors,1
selected,1
form,1
nonwhite,1
typologies,1
involvement,1
reckon,1
cause,1
revere,1
imposed,1
erudition,1
elaborations,1
interpreter,1
reiterated,1
ruminations,1
dream,1
supplemented,1
understandably,1
her,1
shore,1
foa,1
brilliant,1
require,1
calhoun,1
imperial,1
vol,1
treatises,1
psychology,1
abolitionism,1
deferr,1
urban,1
queries,1
cheerfully,1
asians,1
jiirgen,1
dimly,1
portraits,1
bought,1
outline,1
whence,1
occasionally,1
son,1
relation,1
inimical,1
careful,1
lillian,1
altered,1
edwards,1
surrendered,1
resignation,1
despite,1
joining,1
behaviors,1
courses,1
confirm,1
became,1
perpetuates,1
regulate,1
easy,1
african,1
authentic,1
plans,1
everywhere,1
untidy,1
went,1
schifer,1
rationale,1
acute,1
measure,1
impulses,1
southerners,1
unitary,1
colonial,1
families,1
indians,1
fine,1
aspect,1
amalgamated,1
counts,1
faculty,1
think,1
tions,1
reducible,1
proceeds,1
energies,1
campaignedand,1
sickness,1
compulsion,1
ultimately,1
models,1
spring,1
invisible,1
authorized,1
cambridge,1
intensified,1
misgivings,1
dazzling,1
contract,1
knights,1
persuasiveness,1
write,1
piecemeal,1
obliterated,1
mode,1
shrunk,1
documentation,1
brain,1
contributed,1
slavs,1
actively,1
consumers,1
inverting,1
grown,1
include,1
define,1
usa,1
confiscated,1
physical,1
product,1
build,1
irreconcilable,1
prosperity,1
prospect,1
disney,1
attempted,1
off,1
voluntary,1
consequence,1
constituencies,1
extremely,1
speak,1
openended,1
particularities,1
worried,1
booth,1
dazzle,1
dissent,1
offered,1
specific,1
supported,1
blacks,1
anticommunist,1
surrender,1
charlotte,1
distorting,1
passages,1
assumed,1
ser,1
chambers,1
mccarthy,1
weber,1
enjoy,1
johnson,1
reached,1
fervor,1
enterprise,1
texts,1
exclusively,1
valley,1
characters,1
northwestern,1
backwards,1
abram,1
develop,1
divergent,1
treating,1
testified,1
images,1
glance,1
seek,1
answers,1
observed,1
virtue,1
building,1
successive,1
asked,1
subordinates,1
oracular,1
termed,1
uncertain,1
vividly,1
discern,1
deeper,1
werner,1
elegance,1
