WORDCOUNTS,WEIGHT
the,170
of,134
to,80
a,75
and,65
that,60
in,59
as,42
success,37
manuals,34
hilkey,31
they,24
not,24
for,22
was,20
she,19
were,19
is,19
it,17
by,17
or,16
with,14
on,14
if,13
their,13
her,13
be,13
but,12
s,12
consensus,12
which,11
such,11
history,10
did,10
have,10
life,10
american,9
man,9
those,9
so,9
rather,8
all,8
manual,8
cultural,8
work,8
gender,8
than,8
no,7
ideology,7
character,7
new,7
what,7
an,7
would,7
much,7
does,6
one,6
age,6
only,6
might,6
capital,6
however,6
moral,6
who,5
single,5
from,5
industrial,5
are,5
book,5
gilded,5
wealth,5
america,5
world,5
virtue,5
at,4
business,4
been,4
corporate,4
how,4
class,4
manhood,4
interpretation,4
itself,4
thought,4
had,4
readers,4
also,4
most,4
over,4
between,4
men,4
reviews,4
them,4
because,4
genre,4
point,4
borus,4
has,4
conflict,4
workers,4
young,4
texts,4
even,4
notes,4
set,3
may,3
worldview,3
backward,3
doubts,3
hegemony,3
notion,3
didactic,3
wyllie,3
study,3
about,3
dun,3
yet,3
bederman,3
means,3
nor,3
under,3
university,3
failure,3
takes,3
antebellum,3
believed,3
nineteenth,3
these,3
based,3
p,3
effort,3
john,3
very,3
emerson,3
historical,3
advice,3
form,3
see,3
system,3
making,3
existence,3
rich,3
conduct,3
money,3
possibility,3
masculinity,3
well,3
chapter,3
understanding,3
discovery,3
emphasis,3
authors,3
little,3
despite,3
looking,3
tried,3
human,3
september,3
virtues,3
social,3
need,3
sinclair,3
century,3
order,3
small,3
problems,3
we,3
ethic,2
seems,2
needed,2
reading,2
states,2
struggle,2
deny,2
way,2
his,2
crucial,2
economic,2
h,2
judy,2
joan,2
ironically,2
perseverance,2
findings,2
male,2
female,2
view,2
opportunity,2
absence,2
significant,2
cawelti,2
prime,2
united,2
consequences,2
ways,2
civilization,2
americans,2
makes,2
read,2
consider,2
us,2
school,2
harmony,2
into,2
material,2
same,2
too,2
without,2
show,2
two,2
department,2
constituted,2
gail,2
accumulation,2
being,2
dissent,2
beyond,2
consigning,2
office,2
regime,2
redefine,2
irvin,2
text,2
more,2
dominant,2
power,2
conflicts,2
emerged,2
bureaucracy,2
sure,2
olivier,2
best,2
manliness,2
cochran,2
assertion,2
prominence,2
lived,2
out,2
any,2
religion,2
doubt,2
minimize,2
there,2
last,2
late,2
mind,2
upton,2
behind,2
took,2
hand,2
poverty,2
wage,2
daniel,2
number,2
less,2
fortune,2
portion,2
books,2
task,2
primary,2
literature,2
discussion,2
writers,2
values,2
circumstances,2
true,2
concept,2
percentage,2
scott,2
press,2
its,2
wonder,2
use,2
gave,2
place,2
james,2
challenges,2
people,2
goals,2
engaged,2
our,2
sanctioned,2
question,2
surely,2
spoke,2
both,2
ethical,2
reality,2
assumes,2
interest,2
good,2
individual,2
crisis,2
instead,2
indicate,2
socially,2
revolution,2
privilege,2
kind,2
after,2
thomas,2
profits,2
treats,2
themselves,2
bradstreet,2
regards,2
debate,2
capitalism,2
among,2
saw,2
deeply,2
should,2
evidence,2
born,2
hardly,2
finds,2
suffering,2
zunz,2
increasing,1
precepts,1
enough,1
committed,1
threatened,1
outside,1
poor,1
haymarket,1
socialist,1
faced,1
regimentation,1
evanescent,1
he,1
affirms,1
abjure,1
pure,1
communist,1
added,1
dies,1
transformations,1
note,1
limits,1
window,1
practices,1
inefficacy,1
ethics,1
operations,1
independent,1
declared,1
contended,1
modernists,1
concerned,1
bulk,1
middling,1
virility,1
aimed,1
cleanliness,1
eagleton,1
distorted,1
impetus,1
held,1
consent,1
types,1
prize,1
perceiving,1
surprisingly,1
obscuring,1
plumbed,1
concern,1
hill,1
sort,1
already,1
market,1
fantasies,1
onward,1
sizable,1
argues,1
populist,1
subtitles,1
binary,1
indirect,1
worthy,1
process,1
independence,1
fastened,1
pillow,1
deviation,1
prove,1
burns,1
convince,1
overwhelm,1
competing,1
ultimate,1
consolidating,1
populism,1
reservoir,1
reworked,1
income,1
expanded,1
coffee,1
earlier,1
production,1
drudges,1
expect,1
similar,1
transformation,1
terrain,1
talk,1
resisted,1
told,1
large,1
riven,1
measurable,1
complex,1
spate,1
prattle,1
judged,1
put,1
ix,1
socialism,1
studies,1
often,1
enabled,1
mobility,1
encapsulated,1
illustrations,1
label,1
white,1
designed,1
advised,1
guide,1
achieve,1
respectability,1
sticker,1
listed,1
imply,1
live,1
rebuttal,1
permanency,1
circumspect,1
criticism,1
sets,1
rewards,1
proclaimed,1
pleasures,1
suffice,1
centuries,1
fantasy,1
approaches,1
assets,1
opportunities,1
tamed,1
pp,1
acquisition,1
modern,1
discounts,1
monumental,1
recommended,1
better,1
operated,1
mobile,1
god,1
ideals,1
acceptance,1
oppressive,1
addressed,1
carve,1
entertain,1
stoic,1
dissertation,1
discouraged,1
necessarily,1
jeffersonian,1
environment,1
unlike,1
constant,1
title,1
included,1
inequality,1
teamwork,1
rarely,1
ambitious,1
eventually,1
underlying,1
tells,1
rotundo,1
wins,1
shares,1
proprietors,1
just,1
edition,1
days,1
performed,1
connotations,1
traces,1
aesthetics,1
connoted,1
martyrs,1
house,1
nonetheless,1
source,1
weak,1
harmonizing,1
changing,1
acknowledging,1
totaled,1
subscription,1
credence,1
efficacy,1
agents,1
safe,1
fares,1
siege,1
democratic,1
plagiarism,1
exploited,1
common,1
e,1
fact,1
reinforced,1
management,1
rise,1
powerful,1
dissident,1
exposition,1
enterprises,1
t,1
decidedly,1
published,1
observation,1
double,1
notions,1
specific,1
humble,1
borrow,1
consequence,1
titles,1
provide,1
certainly,1
faintly,1
differentiate,1
jackson,1
puts,1
instance,1
compensation,1
distinguishing,1
eventuate,1
aspect,1
efface,1
law,1
index,1
assuage,1
other,1
inventive,1
challenge,1
helped,1
implications,1
advertise,1
preoccupations,1
forty,1
strike,1
postindustrial,1
milieu,1
know,1
concentrated,1
providing,1
trained,1
humility,1
rush,1
footnote,1
brain,1
natural,1
preach,1
stressed,1
blair,1
waldo,1
capitalists,1
inspirational,1
control,1
growth,1
thinks,1
addition,1
contention,1
conglomerate,1
impossibility,1
million,1
overnight,1
paper,1
acknowledged,1
signified,1
standards,1
efforts,1
equating,1
persuasion,1
definition,1
different,1
worth,1
affirmed,1
longer,1
possibilities,1
least,1
innovations,1
concentration,1
frugality,1
fundamental,1
paramount,1
politics,1
discord,1
six,1
sleep,1
opposes,1
centralization,1
indulge,1
great,1
beliefs,1
constructions,1
universal,1
appropriated,1
right,1
essence,1
sights,1
confirming,1
loyalty,1
clerks,1
creditworthiness,1
naturalizes,1
publicists,1
validated,1
transcendental,1
ideological,1
years,1
conspicuous,1
changed,1
output,1
mills,1
complicity,1
practitioners,1
obviously,1
creative,1
destined,1
onto,1
concludes,1
goods,1
favorable,1
carolina,1
debates,1
scheme,1
proved,1
contends,1
within,1
real,1
ran,1
avers,1
considerable,1
i,1
tracts,1
shield,1
past,1
inadvertently,1
dissents,1
triumphed,1
invocation,1
rural,1
consciousness,1
minister,1
salary,1
import,1
terry,1
documents,1
honor,1
channel,1
concrete,1
applying,1
further,1
scholarship,1
precisely,1
valorization,1
achievement,1
concepts,1
fame,1
far,1
understood,1
imperatives,1
larger,1
according,1
unlikely,1
pistol,1
purchase,1
signs,1
war,1
road,1
economy,1
johns,1
studying,1
elucidating,1
refrain,1
existing,1
racial,1
establish,1
implicit,1
whether,1
rose,1
terms,1
worthwhile,1
produced,1
selected,1
rex,1
ones,1
british,1
dysfunctional,1
arguing,1
want,1
issue,1
oppositions,1
era,1
otherwise,1
indeed,1
amenable,1
ed,1
apostles,1
teasing,1
refute,1
covers,1
indicates,1
biologism,1
showing,1
bumper,1
mere,1
promulgated,1
find,1
repute,1
save,1
reminder,1
supplemented,1
duly,1
mechanically,1
gives,1
guidelines,1
hopkins,1
near,1
unchallenged,1
encountered,1
hesitate,1
rating,1
briefly,1
handy,1
stevie,1
thoroughly,1
aspects,1
secure,1
percent,1
cloth,1
remained,1
barely,1
dream,1
organize,1
hierarchies,1
influenced,1
treatises,1
discourses,1
demonstrated,1
quantities,1
minimal,1
wonders,1
opened,1
figurative,1
credit,1
recognizing,1
emanating,1
exclaimed,1
pastiche,1
upward,1
cooperation,1
honors,1
effeminate,1
condition,1
art,1
ideal,1
rendition,1
middle,1
reaching,1
popular,1
establishing,1
suggests,1
received,1
toys,1
celebrations,1
yeoman,1
made,1
bodies,1
bibliography,1
sacrifices,1
apparatus,1
presented,1
dinner,1
legitimizes,1
r,1
recognition,1
likely,1
radicals,1
alerted,1
part,1
purpose,1
treating,1
passes,1
reaffirm,1
eroticize,1
civil,1
clerical,1
interested,1
sixth,1
masturbation,1
downplays,1
confirm,1
literal,1
chart,1
became,1
ministers,1
finding,1
supreme,1
totally,1
melded,1
preached,1
economies,1
ralph,1
rigid,1
introduction,1
territory,1
probably,1
whole,1
trenchant,1
attaining,1
stigmatization,1
rochester,1
sold,1
tale,1
mcquade,1
persisted,1
cleverly,1
supernaturalism,1
obscured,1
cursory,1
unitary,1
aggression,1
colonial,1
families,1
battle,1
facets,1
picasso,1
disrupted,1
aside,1
succeed,1
noted,1
labor,1
firms,1
mentioning,1
statistics,1
actual,1
maintains,1
selfmade,1
nothing,1
individuals,1
g,1
documented,1
prints,1
full,1
false,1
review,1
differential,1
fun,1
charges,1
endorsed,1
merchants,1
students,1
connect,1
misconstrue,1
harkened,1
bid,1
component,1
j,1
monetary,1
trade,1
editor,1
unwary,1
consult,1
points,1
this,1
own,1
shrinkage,1
meanings,1
consumed,1
bent,1
dupe,1
since,1
sensuous,1
whoever,1
placing,1
objective,1
pursuit,1
legitimacy,1
reward,1
tables,1
manipulation,1
stress,1
reassure,1
elton,1
achieved,1
precise,1
certain,1
trades,1
discursive,1
bought,1
things,1
entendres,1
co,1
deals,1
register,1
course,1
applicable,1
general,1
gendered,1
honest,1
donald,1
clumsy,1
allowed,1
correct,1
successful,1
like,1
hard,1
consumption,1
lears,1
period,1
obsolete,1
constructed,1
manufacture,1
suggest,1
premium,1
manufacturer,1
supremacy,1
boys,1
reformulated,1
term,1
counter,1
punishment,1
narratives,1
twentieth,1
learning,1
defined,1
kept,1
obligatory,1
thing,1
estimates,1
tangible,1
rutgers,1
believing,1
anthony,1
typology,1
remains,1
association,1
involved,1
old,1
interrogate,1
exhortations,1
writings,1
maxims,1
openly,1
willpower,1
summary,1
times,1
cock,1
burgeoning,1
masculinized,1
morally,1
debunking,1
feminist,1
comparing,1
back,1
tony,1
although,1
ideational,1
alleviate,1
deciding,1
employees,1
legitimize,1
competitive,1
chapel,1
scours,1
holds,1
meaning,1
plethora,1
reads,1
preexisting,1
businesses,1
decline,1
discouragement,1
desk,1
june,1
upwardly,1
justify,1
development,1
norris,1
effect,1
telling,1
sentiments,1
can,1
vanish,1
masculine,1
enterprise,1
profit,1
arose,1
vein,1
fully,1
early,1
uncertainty,1
when,1
up,1
through,1
progress,1
implication,1
ownership,1
hollywood,1
conjuncture,1
sheer,1
dominance,1
lay,1
productivity,1
gainful,1
vice,1
results,1
dear,1
inverted,1
culture,1
tendency,1
north,1
language,1
famous,1
discovering,1
value,1
thundered,1
provided,1
commanding,1
doing,1
imported,1
mutate,1
hypocrisy,1
slogan,1
race,1
actions,1
concerted,1
deeper,1
society,1
presumed,1
grants,1
