WORDCOUNTS,WEIGHT
the,160
of,106
and,66
in,57
to,53
that,34
as,31
a,31
medical,23
is,21
rothman,21
not,14
has,14
more,13
was,13
history,13
for,13
book,13
be,13
with,12
doctors,12
s,11
medicine,11
by,9
this,9
patient,9
an,9
research,9
it,8
movement,8
their,8
care,8
were,8
became,7
no,7
physicians,7
patients,7
important,7
war,7
bedside,7
bioethics,7
on,7
ethics,6
they,6
american,6
authority,6
from,6
ii,6
public,6
account,6
doctor,6
health,6
world,6
science,5
clinical,5
or,5
into,5
these,5
had,5
are,5
p,5
new,5
strangers,5
transplantation,5
physician,5
one,5
between,5
should,5
at,4
his,4
been,4
how,4
education,4
considered,4
rise,4
ludmerer,4
erosion,4
out,4
what,4
century,4
extraordinary,4
than,4
attention,4
he,3
without,3
decisions,3
life,3
yet,3
technology,3
occurred,3
just,3
but,3
committees,3
watching,3
power,3
social,3
did,3
stevens,3
written,3
other,3
readers,3
informed,3
bioethicists,3
making,3
practice,3
ethical,3
discussion,3
heart,3
given,3
human,3
trust,3
contribution,3
have,3
national,3
developments,3
focus,3
much,3
recent,3
about,3
professional,3
will,2
rights,2
does,2
kidney,2
relationship,2
m,2
today,2
wisdom,2
way,2
if,2
kenneth,2
crucial,2
economic,2
created,2
basic,2
play,2
debates,2
widespread,2
judgment,2
makes,2
lay,2
many,2
mentality,2
costs,2
biology,2
university,2
established,2
included,2
before,2
growing,2
too,2
provocative,2
department,2
followed,2
here,2
law,2
toward,2
death,2
regulatory,2
all,2
experimentation,2
came,2
longer,2
commission,2
deterioration,2
withholding,2
could,2
engineering,2
consent,2
ethicists,2
hospital,2
estrangement,2
atomic,2
molecular,2
very,2
distrust,2
there,2
judgments,2
do,2
raised,2
present,2
regulations,2
cultural,2
reviews,2
particular,2
wartime,2
books,2
controversy,2
distance,2
aspects,2
nonphysicians,2
well,2
another,2
observations,2
popular,2
examples,2
both,2
little,2
prominent,2
arose,2
genetic,2
mentally,2
impose,2
eroded,2
factor,2
issues,2
harvard,2
september,2
full,2
relationships,2
profession,2
exceedingly,2
such,2
years,2
twentieth,2
points,2
good,2
individual,2
david,2
although,2
judges,2
describing,2
would,2
period,2
so,2
revolution,2
legislators,2
theater,2
after,2
penicillin,2
autonomy,2
lawyers,2
become,2
decline,2
when,2
progress,2
story,2
moved,2
major,2
decision,2
society,2
culmination,1
increasing,1
courts,1
using,1
higher,1
boards,1
immediately,1
pervaded,1
now,1
pertaining,1
discussing,1
elderly,1
possessed,1
unpersuasive,1
applications,1
likely,1
alleged,1
deference,1
recognized,1
business,1
patientrelated,1
york,1
matter,1
reviewer,1
various,1
school,1
operations,1
independent,1
bringing,1
requirement,1
rather,1
serves,1
scientific,1
incite,1
later,1
bring,1
identified,1
action,1
donor,1
main,1
groups,1
outsiders,1
developed,1
commitment,1
prose,1
edward,1
limited,1
support,1
oversee,1
intended,1
trials,1
affected,1
cells,1
tably,1
admiration,1
resulted,1
fiction,1
legitimate,1
primarily,1
process,1
independence,1
permission,1
gift,1
reason,1
transformed,1
being,1
above,1
introduction,1
determining,1
interactions,1
earlier,1
hepatitis,1
rigor,1
harried,1
position,1
certain,1
distribute,1
discourse,1
prediction,1
electorate,1
comprised,1
put,1
hold,1
payment,1
study,1
methods,1
lacking,1
consuming,1
topics,1
insertion,1
consumerism,1
researcher,1
united,1
congressional,1
once,1
violate,1
surprising,1
factors,1
absorbed,1
ascribes,1
ways,1
fields,1
indispensable,1
means,1
approaches,1
sudden,1
security,1
intense,1
changes,1
pp,1
read,1
programs,1
modern,1
readily,1
meant,1
earliest,1
considerations,1
collection,1
quinlan,1
detail,1
policy,1
entry,1
committee,1
equated,1
perceived,1
guaranteed,1
description,1
proof,1
catheters,1
sociological,1
emergence,1
heavy,1
ambitious,1
clearly,1
wealth,1
instance,1
complete,1
driven,1
something,1
rosemary,1
incompetent,1
martyrs,1
experimental,1
contemporaries,1
floor,1
eager,1
curred,1
busier,1
institutes,1
conjunction,1
nineteenthcentury,1
practices,1
xi,1
situations,1
insights,1
age,1
most,1
two,1
cutting,1
regulated,1
begins,1
marrow,1
increasingly,1
first,1
unleashed,1
dubious,1
follow,1
discretion,1
brisk,1
published,1
physical,1
administrators,1
hearts,1
consequence,1
cost,1
long,1
party,1
provide,1
members,1
intentional,1
drugs,1
insure,1
also,1
matured,1
questions,1
alternative,1
shifted,1
index,1
senators,1
selfdevouring,1
unimaginable,1
set,1
philosophy,1
doctorpatient,1
infections,1
providers,1
readjustment,1
military,1
know,1
might,1
natural,1
undocumented,1
control,1
chock,1
friends,1
each,1
country,1
england,1
whereas,1
greater,1
socialize,1
j,1
cancer,1
perceptive,1
efforts,1
closely,1
definition,1
ethicality,1
organized,1
shows,1
expose,1
kennedy,1
consideration,1
complications,1
disillusionment,1
scientists,1
best,1
leading,1
outlook,1
relates,1
appendix,1
inherent,1
seller,1
entered,1
intruding,1
mandate,1
enroll,1
careers,1
incomplete,1
throughout,1
accumulated,1
gives,1
time,1
children,1
educated,1
bomb,1
demands,1
transferred,1
any,1
hear,1
focuses,1
end,1
streptococcal,1
ocreviews,1
doubt,1
volunteered,1
startling,1
hospitals,1
nevertheless,1
invitational,1
soaring,1
disputes,1
advocacy,1
describes,1
biologists,1
occurring,1
edge,1
forms,1
involuntarily,1
places,1
conflicts,1
cardiac,1
further,1
greatly,1
following,1
beginning,1
henry,1
ground,1
irony,1
according,1
discipline,1
automatic,1
johns,1
personnel,1
notable,1
validity,1
treat,1
province,1
papers,1
them,1
recently,1
population,1
persons,1
demented,1
system,1
cannot,1
case,1
forth,1
beecher,1
energy,1
spoke,1
preventing,1
forum,1
demanding,1
disparity,1
norms,1
payors,1
procedures,1
explored,1
criticisms,1
writes,1
recorded,1
virus,1
assertions,1
historians,1
insightful,1
sacrifice,1
issue,1
hopkins,1
explicitly,1
america,1
impression,1
criteria,1
discuss,1
receive,1
because,1
degree,1
justifies,1
discounting,1
outlandish,1
almost,1
amplification,1
felt,1
some,1
emphasis,1
competent,1
future,1
private,1
understanding,1
injection,1
prospect,1
withdrawal,1
utopias,1
used,1
i,1
guard,1
result,1
disease,1
mondale,1
furor,1
stranger,1
establishing,1
already,1
made,1
bodies,1
explanation,1
remember,1
narrative,1
true,1
ill,1
anesthesiologist,1
point,1
far,1
explains,1
example,1
previously,1
resources,1
joining,1
proportions,1
knowledge,1
press,1
role,1
provoked,1
its,1
himself,1
concern,1
plans,1
technical,1
rendering,1
everywhere,1
shocking,1
probably,1
use,1
infection,1
implications,1
gave,1
expertise,1
largely,1
confrontational,1
results,1
during,1
expecting,1
needed,1
prospective,1
guidance,1
dropping,1
thesis,1
ever,1
families,1
authors,1
engaging,1
congress,1
mention,1
people,1
karen,1
ensuing,1
writing,1
repeatedly,1
stimulate,1
prolong,1
thus,1
services,1
laboratory,1
which,1
chosen,1
review,1
breaks,1
sickness,1
bioethical,1
squeezed,1
cautioned,1
eras,1
ultimately,1
described,1
project,1
only,1
depersonalizing,1
dynamics,1
physicists,1
development,1
interested,1
visions,1
publicized,1
washington,1
indeed,1
my,1
farfetched,1
polity,1
dominated,1
against,1
correction,1
institutional,1
comprehensive,1
scarce,1
motives,1
retarded,1
preceded,1
regarded,1
ability,1
counter,1
brain,1
contributed,1
include,1
consumer,1
characterized,1
walter,1
like,1
participating,1
need,1
diminish,1
questionable,1
creating,1
reliable,1
states,1
writer,1
documentation,1
involving,1
miracle,1
obtained,1
order,1
exercise,1
organ,1
area,1
down,1
distributive,1
cases,1
provides,1
withdrawing,1
immunizations,1
increased,1
better,1
campaign,1
imagination,1
spent,1
perspective,1
several,1
concerning,1
astounding,1
accomplished,1
concerns,1
highly,1
formal,1
biomedical,1
response,1
representatives,1
themselves,1
climate,1
suddenly,1
bone,1
left,1
ann,1
commodity,1
examine,1
witnessed,1
terminally,1
can,1
debate,1
profit,1
symposia,1
always,1
managed,1
romanticized,1
early,1
explore,1
necessity,1
those,1
journal,1
proper,1
paid,1
save,1
among,1
notes,1
away,1
beings,1
substituted,1
value,1
fanciful,1
evidence,1
civil,1
collegial,1
provided,1
awareness,1
roles,1
actions,1
disturbing,1
court,1
growth,1
seemed,1
