WORDCOUNTS,WEIGHT
the,188
of,134
and,101
to,92
in,80
jessie,74
a,70
her,54
s,43
for,40
she,38
john,37
that,36
by,32
with,30
was,27
from,25
letters,24
as,24
had,22
this,19
on,18
fremont,17
an,17
i,16
at,15
women,15
it,14
is,14
but,14
which,14
his,13
life,13
he,12
who,12
benton,12
their,11
american,11
p,11
years,11
fremonts,10
new,10
are,9
husband,9
own,9
memoirs,9
you,9
when,9
one,8
about,8
my,8
writing,8
california,8
so,8
behalf,8
they,7
white,7
not,7
family,7
then,7
these,7
help,7
written,7
such,7
president,7
never,7
would,7
be,7
among,7
york,6
wrote,6
western,6
lee,6
more,6
again,6
over,6
did,6
roosevelt,6
men,6
war,6
woman,6
work,6
have,6
national,6
between,6
angeles,5
herself,5
once,5
stories,5
or,5
history,5
section,5
mary,5
first,5
fortune,5
volume,5
all,5
many,5
man,5
where,5
what,5
east,5
public,5
father,5
los,5
son,5
west,5
its,5
letter,5
sense,5
period,5
century,5
after,5
mining,5
lincoln,5
been,4
united,4
into,4
servants,4
friend,4
only,4
long,4
also,4
set,4
called,4
time,4
there,4
last,4
took,4
johnson,4
reviews,4
them,4
terms,4
perhaps,4
died,4
part,4
nation,4
collection,4
come,4
editor,4
states,4
privilege,4
least,4
charles,4
lily,4
early,4
correspondence,4
than,4
governor,4
daughter,4
am,4
gold,4
nations,3
final,3
me,3
now,3
use,3
lizzie,3
yet,3
pp,3
susan,3
whose,3
under,3
decade,3
university,3
addressed,3
home,3
two,3
labor,3
power,3
later,3
know,3
death,3
blair,3
financial,3
herr,3
could,3
very,3
end,3
everything,3
better,3
political,3
eastern,3
well,3
felt,3
servant,3
civil,3
along,3
were,3
project,3
publication,3
write,3
magazine,3
him,3
kind,3
campaign,3
june,3
began,3
spence,3
up,3
much,3
general,3
asked,3
arizona,3
entitled,2
republican,2
san,2
second,2
deference,2
business,2
no,2
way,2
camp,2
estate,2
c,2
how,2
created,2
elizabeth,2
arrive,2
female,2
published,2
lost,2
alone,2
make,2
manuscript,2
church,2
group,2
told,2
often,2
addressing,2
support,2
webster,2
lives,2
gathered,2
included,2
railroad,2
before,2
days,2
growing,2
nineteenth,2
friendship,2
house,2
document,2
daily,2
age,2
most,2
montgomery,2
article,2
heading,2
powerful,2
known,2
social,2
rather,2
caroline,2
name,2
drew,2
book,2
care,2
rush,2
shadow,2
view,2
promoting,2
authority,2
efforts,2
company,2
whom,2
capital,2
striking,2
prepared,2
half,2
documents,2
typical,2
telegram,2
young,2
eventually,2
seven,2
children,2
follows,2
out,2
penned,2
state,2
historical,2
do,2
raised,2
noblesse,2
reading,2
theodore,2
silence,2
climate,2
context,2
making,2
received,2
duties,2
material,2
money,2
while,2
sought,2
u,2
because,2
shape,2
another,2
participation,2
some,2
howard,2
politics,2
used,2
birth,2
both,2
move,2
true,2
since,2
politician,2
household,2
severance,2
press,2
publishers,2
elite,2
african,2
himself,2
against,2
gave,2
place,2
corresponding,2
congress,2
us,2
boom,2
includes,2
suffrage,2
question,2
promoted,2
maid,2
explorations,2
clear,2
nephew,2
three,2
washington,2
d,2
pamela,2
completed,2
good,2
businessman,2
individual,2
keep,2
speaking,2
summer,2
pocaho,2
politically,2
quite,2
pension,2
francisco,2
presidential,2
self,2
favored,2
back,2
tried,2
club,2
sacred,2
even,2
essays,2
looked,2
wife,2
saw,2
frank,2
termed,2
word,2
seemed,2
seems,1
survived,1
staffed,1
periods,1
span,1
advocated,1
carried,1
will,1
maids,1
otis,1
threatened,1
retreated,1
mansion,1
enough,1
provoking,1
fifty,1
huntington,1
opposed,1
womanly,1
suggestion,1
narrative,1
lyrical,1
envision,1
hero,1
high,1
afloat,1
unscrupulous,1
scout,1
aid,1
lucidly,1
flow,1
waited,1
note,1
xxxvi,1
contact,1
courtesy,1
protecting,1
identification,1
higher,1
collected,1
provide,1
boards,1
if,1
anthony,1
washed,1
chance,1
slavery,1
economic,1
five,1
employed,1
failed,1
buy,1
across,1
impressive,1
service,1
delighted,1
program,1
expansion,1
concern,1
go,1
whites,1
forced,1
begin,1
various,1
return,1
acknowledged,1
months,1
brief,1
defended,1
mediating,1
fractured,1
myself,1
process,1
brings,1
suppertime,1
cared,1
army,1
clothes,1
community,1
always,1
july,1
detailed,1
still,1
mountains,1
introduction,1
freedman,1
returned,1
legal,1
eight,1
sending,1
similar,1
b,1
certain,1
becoming,1
leave,1
spot,1
covering,1
comforts,1
miners,1
ongoing,1
spanning,1
put,1
articles,1
owed,1
direction,1
approved,1
disappears,1
star,1
enacted,1
possessive,1
expectations,1
illustrations,1
distant,1
adventure,1
lawyer,1
feel,1
european,1
complaining,1
consequences,1
remind,1
live,1
library,1
biographer,1
characteristically,1
sort,1
edited,1
firing,1
meanwhile,1
describe,1
fifteenth,1
earthly,1
represents,1
changes,1
recommendation,1
read,1
devotion,1
hustle,1
candidate,1
park,1
westem,1
notwithstanding,1
censure,1
wealthy,1
seat,1
ring,1
borrowed,1
unnamed,1
latter,1
former,1
inspiration,1
consider,1
moved,1
processual,1
foothills,1
essential,1
position,1
key,1
immigrant,1
male,1
old,1
index,1
sections,1
school,1
sky,1
recedes,1
wished,1
organized,1
passionately,1
ambitious,1
any,1
supervisor,1
proposed,1
historian,1
thousand,1
wheeled,1
journeyed,1
hayes,1
lessons,1
ironed,1
arguing,1
alcatraz,1
variety,1
naval,1
northeastern,1
govemor,1
eager,1
mariposas,1
indian,1
lighter,1
too,1
reasonably,1
already,1
proclamation,1
boldness,1
founded,1
norton,1
show,1
bureau,1
experience,1
demonstrate,1
begins,1
lined,1
ever,1
rise,1
defeated,1
lot,1
officer,1
hart,1
subsidized,1
explaining,1
suffragist,1
lil,1
rival,1
love,1
investors,1
ruptured,1
hence,1
cost,1
party,1
putting,1
members,1
nurse,1
glimpse,1
leader,1
interceded,1
fre,1
disdain,1
gainful,1
command,1
westward,1
skill,1
interests,1
nannies,1
ruin,1
wax,1
ride,1
cover,1
complications,1
think,1
military,1
headed,1
faced,1
might,1
investments,1
rapid,1
natural,1
sometimes,1
identified,1
turbulent,1
hot,1
central,1
multivolume,1
campaigning,1
extant,1
nevada,1
conquest,1
each,1
union,1
added,1
menservants,1
toll,1
affluent,1
opening,1
interrupted,1
moving,1
harbor,1
speaks,1
words,1
different,1
memorialization,1
remembered,1
fact,1
shows,1
possibilities,1
mont,1
interested,1
exploration,1
height,1
location,1
whispered,1
allow,1
websters,1
completing,1
tycoon,1
lobby,1
best,1
twenty,1
sent,1
fortunes,1
together,1
entering,1
morning,1
documented,1
search,1
wall,1
prettiest,1
presence,1
thank,1
expected,1
sights,1
reform,1
coffers,1
relating,1
riveting,1
lived,1
achievement,1
particularly,1
schooled,1
brothers,1
government,1
beg,1
associates,1
tells,1
harriet,1
plagued,1
granted,1
reveal,1
pass,1
grows,1
cady,1
arthur,1
recoup,1
drawbacks,1
distrust,1
constant,1
insisting,1
begun,1
build,1
real,1
assisted,1
jumped,1
dramas,1
introduces,1
married,1
relationships,1
sierra,1
just,1
country,1
color,1
inquired,1
honor,1
oliver,1
boardinghouse,1
wonder,1
respectively,1
cynically,1
turned,1
beseeching,1
truth,1
kit,1
parson,1
accrued,1
studies,1
accusations,1
fame,1
present,1
indulgence,1
geography,1
tales,1
william,1
drop,1
remarkable,1
born,1
suffering,1
mail,1
ventures,1
purchase,1
respiratory,1
michigan,1
johns,1
tecumseh,1
motivated,1
activist,1
stopped,1
emanated,1
meetings,1
marrying,1
bell,1
reputations,1
tell,1
promise,1
respite,1
oblige,1
failure,1
excellent,1
necessary,1
globe,1
wealth,1
gender,1
mind,1
governmental,1
deep,1
facilitated,1
lie,1
publisher,1
firmly,1
missouri,1
eds,1
explained,1
books,1
find,1
compelled,1
fight,1
cousin,1
historians,1
wide,1
struggled,1
tending,1
nonetheless,1
advice,1
hopkins,1
number,1
argued,1
promised,1
correspondents,1
yosemite,1
silver,1
auction,1
expensive,1
great,1
fluidity,1
abruptly,1
balmy,1
feminine,1
remained,1
xix,1
ladies,1
imperial,1
hierarchies,1
property,1
influenced,1
local,1
none,1
having,1
almost,1
compose,1
cannot,1
boasted,1
opened,1
assistance,1
suggests,1
publish,1
private,1
compelling,1
arch,1
activity,1
those,1
elevations,1
player,1
insights,1
sherman,1
properties,1
contemporaneous,1
decision,1
powers,1
benefited,1
made,1
comprise,1
bibliography,1
bought,1
doomed,1
domestic,1
illegitimate,1
upon,1
boldly,1
vote,1
occasionally,1
must,1
repetition,1
slaves,1
wedge,1
paradise,1
commissioner,1
prominent,1
mental,1
county,1
lifetime,1
reported,1
point,1
say,1
exercising,1
fully,1
maneuvered,1
purpose,1
introduced,1
city,1
resignation,1
irresolution,1
owners,1
resources,1
overlooking,1
secret,1
collis,1
department,1
beloved,1
irish,1
louis,1
subject,1
explorer,1
oppositional,1
surprise,1
washingjohnson,1
went,1
bears,1
territory,1
loss,1
whole,1
year,1
confidence,1
vast,1
sold,1
namesake,1
dealed,1
island,1
audience,1
largely,1
wonderful,1
during,1
francis,1
editorial,1
overtly,1
causes,1
broad,1
rebels,1
indians,1
people,1
aside,1
slipped,1
tribute,1
gain,1
including,1
questions,1
blur,1
childhood,1
roman,1
damaging,1
story,1
friday,1
like,1
finished,1
calling,1
emancipation,1
nominated,1
imperious,1
throughout,1
personal,1
sees,1
away,1
camille,1
office,1
owner,1
shortly,1
french,1
devoted,1
ultimately,1
decree,1
until,1
synonymous,1
described,1
crutches,1
couple,1
missions,1
manage,1
mine,1
immediate,1
las,1
knew,1
pockets,1
class,1
visions,1
indeed,1
urbana,1
repositories,1
productive,1
attributed,1
attend,1
illinois,1
peril,1
ailments,1
september,1
expects,1
pollution,1
language,1
monetary,1
bodily,1
change,1
wish,1
creating,1
review,1
ended,1
flurry,1
joined,1
frantic,1
relations,1
gate,1
sure,1
physician,1
amphitheatre,1
headquartered,1
collapsed,1
issued,1
helpful,1
daughterly,1
grouped,1
need,1
jr,1
comprises,1
insisted,1
provided,1
suggest,1
stanton,1
mines,1
senator,1
given,1
catholic,1
off,1
attracting,1
elysian,1
carson,1
phrase,1
lose,1
thomas,1
speak,1
late,1
alive,1
exchange,1
stanch,1
small,1
relationship,1
bay,1
promotion,1
parentage,1
several,1
spanish,1
needs,1
initiating,1
praises,1
freed,1
offered,1
stemmed,1
few,1
travails,1
approval,1
marriage,1
formal,1
body,1
nationbuilding,1
qualities,1
prompted,1
macgrath,1
dollars,1
constitutes,1
extraordinary,1
plunged,1
civic,1
editors,1
same,1
thereby,1
alert,1
endnotes,1
poem,1
mariposa,1
railroads,1
enabled,1
compared,1
preston,1
third,1
motherhood,1
cook,1
tended,1
pleased,1
chasms,1
warned,1
revoke,1
create,1
through,1
l,1
exclusively,1
within,1
st,1
news,1
valley,1
instance,1
entire,1
little,1
memoir,1
journal,1
dear,1
allegiance,1
laundress,1
blundering,1
persona,1
deeply,1
north,1
notes,1
beauty,1
infancy,1
occasion,1
chinese,1
adult,1
building,1
cliffs,1
urgent,1
embodied,1
alternative,1
literally,1
finish,1
though,1
financier,1
attention,1
valuable,1
impressions,1
ton,1
aftermath,1
concluded,1
adviser,1
dictated,1
major,1
glad,1
avoid,1
hunt,1
motivations,1
grants,1
kept,1
spare,1
