WORDCOUNTS,WEIGHT
the,200
and,143
of,116
in,113
to,85
a,53
philadelphia,44
that,41
liverpool,38
as,34
s,30
were,29
gallman,28
was,28
cities,26
by,25
for,24
both,23
irish,23
with,22
their,21
public,21
is,19
american,18
had,17
on,16
two,15
than,15
social,14
more,14
city,14
from,13
p,13
while,13
such,12
an,12
philadelphians,11
history,11
they,10
not,10
immigrants,10
political,10
poverty,10
well,10
problems,10
or,9
but,9
different,9
other,9
could,9
liverpudlians,9
national,9
famine,9
his,8
who,8
police,8
each,8
state,8
urban,8
disease,8
however,8
disorder,8
responses,8
religious,7
england,7
before,7
migration,7
government,7
private,7
new,7
tale,7
ethnic,7
which,7
health,7
against,7
society,7
at,6
he,6
poor,6
catholics,6
often,6
over,6
did,6
atlantic,6
kraut,6
between,6
be,6
even,6
institutions,5
politicians,5
when,5
violence,5
voluntarism,5
volume,5
reform,5
those,5
property,5
relief,5
upon,5
its,5
reformers,5
municipal,5
newcomers,5
what,4
been,4
how,4
concern,4
community,4
force,4
church,4
large,4
countries,4
united,4
york,4
into,4
riots,4
localism,4
welfare,4
too,4
most,4
way,4
are,4
begun,4
readers,4
differences,4
where,4
reviews,4
racial,4
population,4
english,4
children,4
streets,4
some,4
work,4
there,4
so,4
catholic,4
order,4
cope,4
single,4
up,4
among,4
immigration,4
moreover,4
led,3
played,3
sanitation,3
populations,3
growth,3
across,3
frequently,3
similar,3
ways,3
housing,3
solutions,3
university,3
challenged,3
protection,3
neither,3
duncan,3
assistance,3
same,3
diversity,3
december,3
rather,3
immigrant,3
challenge,3
important,3
environment,3
cultures,3
problem,3
arrival,3
fundamental,3
great,3
ocean,3
pennsylvania,3
observes,3
places,3
them,3
less,3
system,3
side,3
agencies,3
chapter,3
used,3
sides,3
london,3
policies,3
challenges,3
structures,3
conflict,3
pattern,3
this,3
conditions,3
author,3
finally,3
change,3
approximately,3
authorities,3
no,3
states,3
century,3
schools,3
contrast,3
earlier,3
officials,3
nor,3
respective,3
turned,3
migrants,3
governments,3
houses,3
presence,3
served,3
themselves,3
differing,3
parliament,3
create,3
percent,3
resistance,3
much,3
north,3
should,3
nativists,3
seemed,3
model,2
f,2
republican,2
second,2
struggle,2
common,2
act,2
needy,2
if,2
districts,2
battled,2
rights,2
faced,2
matter,2
support,2
environmental,2
proselytizing,2
after,2
contribution,2
one,2
why,2
study,2
existed,2
education,2
meet,2
read,2
emigrants,2
grounded,2
council,2
clergy,2
under,2
increased,2
addressed,2
policy,2
ports,2
demographic,2
unlike,2
included,2
then,2
clearly,2
historian,2
numbers,2
receiving,2
complexity,2
these,2
routine,2
disturbances,2
various,2
first,2
street,2
party,2
name,2
solve,2
law,2
m,2
taken,2
legislature,2
again,2
country,2
greater,2
jewell,2
turn,2
lacked,2
least,2
scholars,2
found,2
forces,2
seven,2
arriving,2
far,2
dislocation,2
search,2
merely,2
men,2
left,2
clarity,2
existing,2
shared,2
whether,2
reputations,2
british,2
resulted,2
dr,2
spiritual,2
explain,2
many,2
has,2
asylums,2
matthew,2
number,2
america,2
erin,2
argues,2
local,2
almost,2
understanding,2
data,2
middle,2
permitted,2
preferred,2
admired,2
except,2
explains,2
civil,2
resources,2
press,2
role,2
easy,2
african,2
encouraged,2
bible,2
programs,2
began,2
reforms,2
thus,2
epithets,2
bishop,2
models,2
alan,2
president,2
enforcement,2
difference,2
moral,2
soup,2
corner,2
aware,2
individual,2
crime,2
smaller,2
already,2
off,2
voluntary,2
contagious,2
occasioned,2
night,2
parliamentary,2
cholera,2
nativist,2
parochial,2
compared,2
enjoyed,2
debate,2
early,2
mob,2
saw,2
notes,2
gangs,2
responsibility,2
finds,2
seem,2
increasing,1
collect,1
alignments,1
final,1
critics,1
frequent,1
dealing,1
difficult,1
enough,1
aim,1
it,1
late,1
hosts,1
bureaucracies,1
communities,1
disparate,1
tests,1
decentralized,1
rooted,1
relationship,1
noteworthy,1
derek,1
seizes,1
war,1
aid,1
americans,1
boroughs,1
skocpol,1
menace,1
tested,1
along,1
demand,1
discourage,1
back,1
steady,1
today,1
serious,1
complex,1
scrutinized,1
without,1
protecting,1
rivalries,1
expanse,1
cleared,1
lot,1
banned,1
weaponry,1
george,1
concerned,1
faith,1
bred,1
attributes,1
cobbled,1
identified,1
usually,1
grid,1
minorities,1
quickly,1
privately,1
federal,1
main,1
separation,1
developed,1
maintenance,1
prize,1
service,1
competitors,1
commitment,1
comparative,1
response,1
hill,1
persuasively,1
prudent,1
relocate,1
anglican,1
nondenominational,1
perennial,1
epidemics,1
subsidize,1
decades,1
through,1
orangemen,1
brief,1
heresy,1
levels,1
fewer,1
struggled,1
nearly,1
bore,1
worthy,1
hughes,1
becomes,1
antagonism,1
dimensions,1
ills,1
extends,1
still,1
dealt,1
newspaper,1
wiebe,1
unavailable,1
make,1
expanded,1
folded,1
wake,1
germany,1
standing,1
wilson,1
importance,1
grew,1
backdrop,1
likewise,1
movement,1
whereby,1
similarities,1
southern,1
direct,1
parts,1
unfamiliar,1
onlooker,1
conflicts,1
detects,1
easily,1
ix,1
assuming,1
greatest,1
studies,1
special,1
antagonisms,1
responsible,1
phrase,1
pp,1
properly,1
enhance,1
old,1
cellars,1
confronting,1
govern,1
about,1
understand,1
companies,1
origins,1
join,1
sanitarians,1
violate,1
formed,1
surprising,1
remind,1
see,1
space,1
live,1
utilities,1
competition,1
respect,1
lanes,1
criticism,1
ones,1
consolidation,1
h,1
monuments,1
push,1
sudden,1
opportunities,1
lives,1
contend,1
lacking,1
worlds,1
settled,1
provinces,1
epidemiological,1
ragged,1
strange,1
monumental,1
microscope,1
facilitated,1
counterparts,1
vastly,1
groups,1
later,1
beleaguered,1
former,1
issue,1
tensions,1
congested,1
water,1
locally,1
matters,1
echoes,1
suspense,1
resourcefulness,1
statistical,1
index,1
perceived,1
skepticism,1
familiar,1
benefits,1
combative,1
charitable,1
rode,1
americanization,1
home,1
seasoned,1
nearby,1
consolidate,1
sick,1
observing,1
latin,1
ordered,1
continents,1
disadvantaged,1
confederates,1
sectors,1
appear,1
days,1
watch,1
quest,1
choices,1
nineteenth,1
impulse,1
generally,1
contested,1
intervened,1
ed,1
variety,1
citizenries,1
source,1
governmental,1
version,1
robust,1
exceptionalism,1
processions,1
w,1
character,1
largest,1
industrial,1
turning,1
watched,1
fifty,1
revelers,1
delaware,1
acceptance,1
reports,1
emotional,1
begins,1
faithbased,1
lower,1
corruption,1
friend,1
committees,1
murky,1
significantly,1
oceans,1
casually,1
comparisons,1
bush,1
followed,1
transatlantic,1
either,1
robert,1
beyond,1
explaining,1
regardless,1
constabulary,1
masses,1
position,1
sources,1
declared,1
specifically,1
every,1
magistrates,1
embraced,1
members,1
organizations,1
versa,1
certainly,1
fire,1
adversity,1
funding,1
classroom,1
also,1
posed,1
offers,1
answers,1
crackles,1
wider,1
established,1
set,1
dominant,1
recruiting,1
helped,1
theories,1
chartists,1
fund,1
controversial,1
apathy,1
mark,1
highly,1
preference,1
toward,1
might,1
address,1
protestant,1
metropolises,1
opted,1
preserve,1
ideological,1
methodology,1
put,1
articulate,1
worked,1
causal,1
economic,1
addition,1
illuminate,1
whereas,1
paper,1
asia,1
arrived,1
benevolent,1
only,1
worth,1
engaged,1
expanding,1
went,1
global,1
dubs,1
monies,1
resentment,1
chapel,1
board,1
industry,1
capital,1
municipalities,1
outdoor,1
best,1
xii,1
ubiquitous,1
societies,1
leaders,1
prominence,1
cloak,1
medicine,1
teases,1
outsiders,1
borders,1
plan,1
argue,1
emerald,1
baths,1
fired,1
ought,1
explanatory,1
current,1
stressors,1
intrusion,1
regulation,1
mapping,1
timing,1
young,1
wade,1
huddled,1
analyses,1
time,1
centers,1
germans,1
particularly,1
out,1
studied,1
repetitive,1
diverse,1
international,1
school,1
reply,1
intrusive,1
concludes,1
centric,1
isle,1
end,1
carolina,1
debates,1
granting,1
religion,1
squabbled,1
proved,1
doubt,1
inherently,1
take,1
considerable,1
representative,1
distinctive,1
quarantine,1
placing,1
dead,1
vainly,1
fresh,1
converts,1
removal,1
encountered,1
external,1
starvation,1
aggressive,1
inspires,1
ages,1
scriptural,1
evaluate,1
acquiring,1
dominating,1
better,1
mind,1
took,1
greatly,1
conversions,1
fourth,1
do,1
ballot,1
tradition,1
defend,1
regulations,1
born,1
supplemented,1
according,1
formation,1
ethnically,1
somewhat,1
educate,1
municipality,1
road,1
visiting,1
johns,1
pursued,1
notable,1
squares,1
confined,1
victims,1
combined,1
resonant,1
reactions,1
rose,1
jobs,1
triggered,1
proposals,1
understood,1
strategies,1
accounts,1
buffer,1
defense,1
reminds,1
fend,1
forth,1
shuns,1
imposed,1
grounds,1
takes,1
occasional,1
frugality,1
violent,1
cue,1
pathogens,1
hoped,1
disorderliness,1
passed,1
armies,1
move,1
microcosm,1
metropolitan,1
assault,1
taxpayers,1
applied,1
controversy,1
historians,1
sharing,1
modify,1
jurisdictional,1
comparison,1
structure,1
mushroomed,1
always,1
hopkins,1
sought,1
conditioned,1
mentioned,1
demography,1
marshaling,1
day,1
defuse,1
thoroughly,1
immediate,1
rowdyism,1
solving,1
cloth,1
larger,1
commitments,1
taxes,1
keeping,1
rioting,1
opened,1
fare,1
prior,1
analyzed,1
interrelated,1
oversight,1
threat,1
line,1
cooperation,1
district,1
investment,1
discussion,1
categories,1
unworthy,1
size,1
peoples,1
campaigns,1
admission,1
jacksonian,1
knew,1
hear,1
intent,1
considerably,1
election,1
caring,1
lads,1
powers,1
mutual,1
made,1
dissenters,1
taxation,1
fraser,1
level,1
john,1
crossed,1
women,1
offering,1
west,1
milieux,1
prominent,1
taking,1
attachments,1
recipients,1
headed,1
since,1
affecting,1
part,1
events,1
very,1
devising,1
owners,1
sanitarianism,1
tiff,1
ministers,1
acolytes,1
finding,1
charge,1
giving,1
interest,1
impose,1
though,1
chronic,1
host,1
assumptions,1
dismal,1
identifies,1
incorporation,1
waste,1
enduring,1
confronted,1
overview,1
vast,1
vice,1
fit,1
discussions,1
place,1
needed,1
germs,1
numerous,1
issues,1
flight,1
phenomenon,1
congress,1
dock,1
allows,1
people,1
us,1
aside,1
complements,1
soldiers,1
catalyst,1
mayor,1
evolution,1
roman,1
useless,1
services,1
chapters,1
call,1
pathbreaking,1
throughout,1
come,1
headlines,1
focuses,1
buying,1
previous,1
pays,1
office,1
surrounding,1
question,1
determinism,1
institution,1
spirit,1
filthy,1
nevertheless,1
historiographic,1
merchants,1
until,1
youth,1
commercial,1
years,1
low,1
injured,1
open,1
reputation,1
diseaseinfested,1
own,1
volunteer,1
clear,1
resist,1
valve,1
riot,1
hastening,1
unwelcome,1
three,1
formulaic,1
tackled,1
readings,1
pursuit,1
heterogeneous,1
recasting,1
have,1
web,1
institutional,1
silent,1
catalysts,1
neediest,1
damage,1
safety,1
victory,1
makes,1
ireland,1
travelers,1
explanation,1
preceded,1
crisis,1
characteristic,1
regarded,1
brotherly,1
contributed,1
immorality,1
subtexts,1
joined,1
keep,1
pluralism,1
homes,1
allowed,1
tory,1
successful,1
land,1
characterized,1
consolidated,1
caribbean,1
mothers,1
would,1
field,1
socially,1
period,1
love,1
discerns,1
specialists,1
materially,1
buildings,1
shaping,1
hardly,1
creating,1
unhealthy,1
dogma,1
firemen,1
guardians,1
box,1
diaspora,1
area,1
burdens,1
emphasizes,1
pond,1
black,1
tales,1
battleground,1
precludes,1
adequately,1
sake,1
alike,1
involved,1
long,1
unclean,1
latter,1
nightmares,1
ignorance,1
ships,1
genes,1
approved,1
airy,1
lax,1
times,1
mayors,1
conclusions,1
especially,1
indoor,1
catholicism,1
coercive,1
potential,1
although,1
feelings,1
systems,1
divisions,1
geographies,1
methods,1
outbreaks,1
struggles,1
echos,1
compounded,1
agency,1
wasting,1
impediment,1
narrow,1
constables,1
protect,1
distinguished,1
theda,1
rejection,1
latest,1
boundaries,1
third,1
opaque,1
dense,1
tended,1
influences,1
teach,1
era,1
spicier,1
alliances,1
fervor,1
compare,1
estimates,1
priests,1
including,1
substantial,1
purification,1
department,1
story,1
divides,1
dependent,1
adopted,1
instruments,1
equivalent,1
william,1
because,1
potato,1
slide,1
costly,1
discern,1
need,1
networks,1
structured,1
exacerbated,1
leadership,1
general,1
cause,1
tricky,1
broader,1
provided,1
plight,1
outright,1
attention,1
roles,1
unsafe,1
unskilled,1
philanthropic,1
settle,1
actions,1
compromise,1
once,1
confrontations,1
concluded,1
denominations,1
major,1
stewards,1
examines,1
notion,1
focused,1
almshouses,1
