WORDCOUNTS,WEIGHT
the,188
of,128
and,102
in,56
a,54
to,41
is,36
as,31
kammen,29
american,23
that,22
he,21
history,20
s,20
memory,20
this,19
for,18
with,15
tradition,15
p,15
are,14
it,13
by,13
on,13
at,12
his,11
culture,11
an,11
these,10
book,10
who,9
not,9
war,9
which,9
between,9
period,8
one,7
was,7
from,7
but,7
historical,7
can,7
chords,7
us,6
uses,6
civil,6
mystic,6
be,6
how,5
pp,5
or,5
more,5
over,5
john,5
past,5
those,5
cultural,5
fox,5
part,5
among,5
place,5
such,5
national,5
especially,5
when,5
here,5
if,4
united,4
too,4
first,4
other,4
did,4
hedgehog,4
henry,4
reviews,4
obsession,4
well,4
years,4
through,4
collective,4
writing,4
includes,4
public,4
times,4
states,4
century,4
you,4
topics,4
we,4
than,4
masur,3
might,3
whatever,3
still,3
berlin,3
they,3
read,3
university,3
into,3
historian,3
nineteenth,3
must,3
two,3
volume,3
george,3
also,3
many,3
chapters,3
out,3
new,3
far,3
pattern,3
do,3
them,3
time,3
because,3
some,3
compelling,3
patriotism,3
popular,3
remember,3
writers,3
press,3
louis,3
were,3
september,3
points,3
david,3
tolstoy,3
seeking,3
should,3
does,2
topic,2
noteworthy,2
york,2
no,2
way,2
expansion,2
institutions,2
specific,2
expect,2
hazardous,2
their,2
spot,2
parts,2
religious,2
life,2
leaves,2
nostalgia,2
illustrations,2
essays,2
yet,2
ways,2
williamsburg,2
means,2
seems,2
literary,2
cultltre,2
colonial,2
four,2
most,2
under,2
democratic,2
regional,2
published,2
decades,2
others,2
italics,2
constitution,2
gathers,2
had,2
nature,2
example,2
government,2
generalizations,2
events,2
end,2
works,2
emerges,2
big,2
stand,2
precisely,2
knows,2
tzventieth,2
prescott,2
interwar,2
form,2
michael,2
less,2
see,2
ed,2
making,2
seem,2
democratization,2
covers,2
tension,2
perhaps,2
books,2
has,2
shifts,2
while,2
sought,2
facts,2
america,2
day,2
voice,2
another,2
distinctiveness,2
prior,2
diverse,2
examples,2
made,2
reader,2
city,2
collecting,2
calls,2
vocation,2
nation,2
significant,2
genuine,2
francis,2
memories,2
story,2
personal,2
sees,2
away,2
question,2
only,2
development,2
isaiah,2
pageantry,2
coda,2
trends,2
historic,2
essay,2
change,2
social,2
include,2
walter,2
like,2
need,2
him,2
thing,2
thomas,2
few,2
back,2
served,2
ancestral,2
east,2
present,2
world,2
figures,2
notes,2
traditions,2
simplistic,2
lincoln,2
dates,2
rest,2
close,2
vanitas,2
local,2
nations,1
alamo,1
anxious,1
glassberg,1
final,1
strokes,1
south,1
transhistorical,1
van,1
essayist,1
enough,1
particularists,1
pay,1
forthcoming,1
depth,1
go,1
antiquities,1
yields,1
huntington,1
communities,1
modernization,1
explosion,1
r,1
writer,1
role,1
wishes,1
recognized,1
power,1
moses,1
rourke,1
page,1
today,1
hobsbawm,1
alex,1
fathers,1
provide,1
invokes,1
heroes,1
lighten,1
act,1
montaigne,1
rather,1
medieval,1
camp,1
pushes,1
meaning,1
l,1
patriotic,1
economic,1
summaries,1
foreign,1
federal,1
dissects,1
nathaniel,1
vision,1
highways,1
scholar,1
revival,1
broadest,1
ministry,1
providing,1
fixated,1
edward,1
learning,1
excerpts,1
consists,1
joan,1
everyone,1
celebration,1
address,1
encyclopedic,1
episodes,1
forward,1
harris,1
johnston,1
college,1
modernism,1
winslow,1
primarily,1
veterans,1
process,1
connection,1
lothrop,1
filled,1
mean,1
growth,1
mood,1
gift,1
broad,1
universalists,1
view,1
populism,1
examined,1
titled,1
began,1
myths,1
embodying,1
americana,1
pushed,1
dabs,1
cable,1
passing,1
transformation,1
importance,1
lovingly,1
told,1
large,1
weighing,1
hold,1
volumes,1
pages,1
herodotus,1
often,1
myth,1
danger,1
illuminating,1
label,1
wistful,1
fragment,1
puritans,1
about,1
guide,1
researcher,1
repression,1
consequences,1
prolegomenon,1
second,1
space,1
mediate,1
hawthorne,1
sort,1
types,1
accounts,1
itself,1
understand,1
canada,1
makes,1
discernible,1
modern,1
grounded,1
albert,1
pervaviseness,1
photographs,1
neverending,1
seeing,1
hardest,1
dressing,1
former,1
complains,1
tensions,1
exceptionalism,1
consider,1
blame,1
immigrants,1
unreconciled,1
comparisons,1
western,1
thesis,1
index,1
school,1
valorizing,1
inundates,1
custodian,1
publicly,1
title,1
mythical,1
included,1
hurston,1
emergence,1
shelley,1
then,1
devotes,1
antebellum,1
growing,1
accomplishments,1
spirit,1
teaching,1
postulates,1
impulse,1
academics,1
contested,1
lumpers,1
sorting,1
monograph,1
desirability,1
source,1
gets,1
version,1
reviewed,1
morality,1
du,1
faith,1
grand,1
finest,1
nervous,1
age,1
preeminent,1
remaking,1
myriad,1
qualified,1
struck,1
battle,1
reminding,1
conceptualize,1
being,1
invoked,1
painful,1
came,1
consistent,1
fabric,1
origins,1
railroads,1
durand,1
based,1
erecting,1
zimbawbe,1
modernist,1
monuments,1
either,1
ambiguities,1
hart,1
zora,1
useful,1
chose,1
confessional,1
quotes,1
ralph,1
tries,1
invention,1
bluegray,1
every,1
nostalgic,1
mencken,1
carl,1
patently,1
glasgow,1
text,1
funding,1
shaped,1
hereafter,1
museums,1
posed,1
distinguishing,1
answers,1
sustained,1
questions,1
tell,1
established,1
exclusive,1
explain,1
heritage,1
sections,1
theory,1
founding,1
originally,1
dichotomies,1
helped,1
aria,1
repository,1
implications,1
consensus,1
popularity,1
middlebrow,1
astutely,1
britain,1
mark,1
abound,1
toward,1
again,1
comparative,1
season,1
keen,1
europe,1
reunions,1
waldo,1
traditionalism,1
put,1
intellectual,1
promoting,1
centuiry,1
jay,1
all,1
union,1
added,1
neale,1
analytical,1
fit,1
scholars,1
closely,1
problem,1
joyce,1
memorial,1
chandler,1
names,1
pont,1
divinity,1
company,1
asher,1
whom,1
pounds,1
extent,1
alexander,1
category,1
emancipation,1
fundamental,1
flowing,1
leading,1
endless,1
histories,1
train,1
selvages,1
desire,1
search,1
color,1
heft,1
joy,1
accessible,1
pressed,1
nineteen,1
narrative,1
swift,1
together,1
aesthetic,1
larger,1
become,1
intellectuals,1
balzac,1
eric,1
peculiarly,1
becker,1
pass,1
created,1
debates,1
exhausting,1
pioneer,1
emerson,1
noting,1
primary,1
lowenthal,1
impulses,1
take,1
associations,1
configuration,1
section,1
considerable,1
czechoslavakia,1
comparable,1
hedgehogs,1
there,1
discussed,1
fiske,1
struggles,1
roosevelt,1
passage,1
ethos,1
expressions,1
last,1
phase,1
dots,1
men,1
places,1
readers,1
written,1
took,1
typical,1
particularly,1
beginning,1
william,1
pointing,1
political,1
scholarly,1
china,1
career,1
where,1
what,1
ideological,1
johns,1
stressing,1
soviet,1
oregon,1
levelling,1
amnesia,1
superficialities,1
passages,1
terms,1
stability,1
commemorating,1
persons,1
cannot,1
mary,1
involvement,1
biases,1
homer,1
particular,1
quartet,1
era,1
house,1
emblems,1
maintain,1
japan,1
attitudes,1
ford,1
dialectic,1
alfred,1
ezra,1
your,1
recrossed,1
belief,1
shows,1
assorted,1
bewilderingly,1
autonomous,1
historians,1
apropos,1
consisting,1
captures,1
gives,1
seventies,1
chief,1
hopkins,1
number,1
readability,1
brooks,1
meditation,1
lumping,1
rests,1
great,1
agenda,1
sites,1
exhilarating,1
having,1
chapter,1
thousands,1
imagine,1
original,1
emphasizing,1
postwar,1
outcome,1
chest,1
possible,1
probing,1
interrelated,1
leo,1
unreal,1
artifacts,1
investigated,1
vast,1
travel,1
work,1
goethe,1
periodicals,1
rockefeller,1
craving,1
scope,1
establishing,1
both,1
lipsitz,1
haley,1
founded,1
paintings,1
dimensions,1
totalizing,1
chases,1
asides,1
carry,1
virginia,1
crossed,1
terence,1
banish,1
helps,1
dedication,1
careful,1
fine,1
smudged,1
opera,1
writings,1
west,1
multiple,1
apart,1
themes,1
seen,1
assessment,1
staged,1
point,1
understanding,1
purpose,1
very,1
international,1
wyck,1
meeker,1
knowledge,1
courses,1
became,1
foxes,1
republic,1
epitome,1
department,1
journal,1
parkman,1
worship,1
complexities,1
identity,1
subject,1
inconsistently,1
nock,1
lecture,1
eighties,1
dozens,1
whole,1
literature,1
indefatigable,1
freedom,1
lights,1
anything,1
collection,1
during,1
tyler,1
discussion,1
numerous,1
causes,1
virtually,1
probes,1
categories,1
contains,1
mention,1
people,1
accomplishment,1
ideas,1
bed,1
placing,1
learned,1
repeatedly,1
conflicted,1
shrewdly,1
structures,1
think,1
conflict,1
cities,1
device,1
dominant,1
webb,1
come,1
proceeds,1
focuses,1
legends,1
triumphs,1
remembrance,1
issues,1
collapses,1
complicated,1
centennial,1
devoted,1
ultimately,1
bodnar,1
canvas,1
historically,1
profession,1
progress,1
underwent,1
weaving,1
youth,1
eggleston,1
instructive,1
archilochus,1
lists,1
argues,1
benton,1
editor,1
knopf,1
joel,1
bask,1
accept,1
countless,1
challenging,1
connections,1
three,1
objective,1
commemoration,1
reality,1
argentina,1
have,1
approach,1
machine,1
carnival,1
washington,1
author,1
citing,1
inaugural,1
mode,1
coit,1
staple,1
statues,1
multivocal,1
difficult,1
commons,1
constance,1
variant,1
land,1
characterized,1
richness,1
would,1
range,1
passionate,1
harmonic,1
jr,1
specialists,1
country,1
entails,1
nonprofessional,1
rubin,1
recast,1
revolution,1
things,1
symphonic,1
high,1
poet,1
willingness,1
france,1
ranger,1
bancroft,1
prosperity,1
homogenized,1
uncomfortable,1
seeks,1
howevers,1
nelson,1
association,1
long,1
speak,1
latter,1
definitive,1
late,1
anniversaries,1
imagination,1
tags,1
illuminates,1
roughly,1
small,1
underlying,1
several,1
chorus,1
labels,1
members,1
problems,1
profound,1
subjects,1
reconfigure,1
furniture,1
inspirational,1
study,1
secularizing,1
folk,1
nonliterary,1
psychological,1
realm,1
extraordinary,1
homogenization,1
reads,1
oxford,1
melange,1
craft,1
authentic,1
research,1
endnotes,1
c,1
elites,1
libraries,1
third,1
single,1
kammasur,1
effect,1
laughable,1
thelen,1
fashions,1
debate,1
d,1
fully,1
early,1
weight,1
texts,1
within,1
working,1
method,1
statue,1
white,1
surveys,1
designed,1
pasts,1
splits,1
looked,1
preserving,1
reconciling,1
resistance,1
images,1
much,1
forefront,1
ellen,1
splitters,1
roots,1
observed,1
value,1
professional,1
evidence,1
provided,1
finds,1
nuanced,1
attention,1
greek,1
fusion,1
apothegm,1
degress,1
justice,1
attended,1
examines,1
deeper,1
pope,1
society,1
trade,1
sources,1
motley,1
