WORDCOUNTS,WEIGHT
the,112
of,79
and,68
in,61
a,54
lattimore,53
to,45
his,31
for,23
s,23
he,21
that,18
as,17
with,16
on,16
this,15
by,14
an,14
had,12
mccarthy,12
china,12
fbi,10
communist,9
newman,9
buckley,8
him,8
american,7
university,7
chinese,7
spy,7
at,6
soviet,6
who,6
not,6
ordeal,6
department,6
during,6
up,6
service,5
was,5
history,5
but,5
several,5
most,5
more,5
evidence,5
others,5
other,5
case,5
hopkins,5
became,5
senator,5
after,5
charged,5
be,5
is,5
justice,5
still,4
began,4
jaffe,4
key,4
committee,4
fact,4
lewis,4
p,4
out,4
new,4
john,4
owen,4
never,4
schaller,4
william,4
nationalist,4
japan,4
because,4
remained,4
made,4
its,4
top,4
president,4
editor,4
hoover,4
slander,4
between,4
early,4
when,4
mccarran,4
f,3
later,3
been,3
names,3
they,3
one,3
about,3
joseph,3
or,3
before,3
traveller,3
two,3
file,3
being,3
published,3
perjury,3
revisited,3
name,3
worked,3
prolific,3
could,3
pacific,3
government,3
events,3
serious,3
political,3
war,3
johns,3
publications,3
despite,3
some,3
chiang,3
which,3
were,3
charges,3
own,3
professor,3
against,3
have,3
mongols,3
charge,3
diplomats,3
accused,3
times,3
would,3
jr,3
conspiracy,3
hardly,3
may,2
will,2
york,2
whose,2
page,2
no,2
continued,2
george,2
foreign,2
wrote,2
how,2
red,2
july,2
house,2
research,2
group,2
their,2
settled,2
study,2
lay,2
read,2
united,2
republicans,2
mao,2
many,2
favor,2
currie,2
considered,2
school,2
minor,2
into,2
liberal,2
friendship,2
too,2
reports,2
ever,2
june,2
press,2
quickly,2
suggested,2
cia,2
death,2
union,2
added,2
england,2
asia,2
lying,2
scholars,2
sure,2
post,2
wholly,2
retired,2
roosevelt,2
dismissed,2
robert,2
though,2
institute,2
reviews,2
march,2
investigation,2
michael,2
vivid,2
occasional,2
has,2
fortas,2
while,2
remarkably,2
grand,2
america,2
credit,2
basis,2
recommended,2
politics,2
line,2
international,2
both,2
exchanges,2
judge,2
edgar,2
concern,2
wallace,2
virtually,2
people,2
named,2
until,2
informers,2
years,2
agent,2
victory,2
youngdahl,2
relations,2
d,2
states,2
writer,2
affairs,2
indictment,2
philip,2
even,2
memoir,2
journal,2
fellow,2
activities,2
behalf,2
subversive,1
advertised,1
indicted,1
higher,1
scooped,1
abiding,1
liberals,1
it,1
asking,1
unstable,1
drawer,1
schools,1
republican,1
laughed,1
relying,1
alive,1
books,1
mostly,1
second,1
anticolonial,1
situation,1
americans,1
critics,1
paige,1
frederick,1
reflects,1
smedley,1
teaching,1
hopes,1
client,1
various,1
stock,1
acid,1
wrongdoing,1
testimony,1
hired,1
provide,1
statements,1
if,1
anthony,1
kenneth,1
economic,1
destroy,1
federal,1
main,1
corruption,1
fray,1
scholar,1
labeled,1
foster,1
aggressive,1
socalled,1
persuasively,1
praising,1
caught,1
market,1
surfaced,1
berkeley,1
brief,1
indication,1
college,1
grudgingly,1
patronage,1
process,1
communism,1
dulles,1
oss,1
lost,1
april,1
associated,1
prove,1
reckoning,1
off,1
misshape,1
communize,1
opportunity,1
harry,1
bankruptcy,1
got,1
heard,1
lauchlin,1
comments,1
forcing,1
grew,1
emissary,1
japanese,1
jury,1
acquaintances,1
life,1
pages,1
special,1
illegal,1
often,1
responsible,1
lacking,1
promoting,1
analysis,1
prodigious,1
allegedly,1
label,1
white,1
professionally,1
reforms,1
guide,1
list,1
philanthropic,1
once,1
camel,1
infuriated,1
inreviews,1
loaned,1
reds,1
lots,1
murder,1
aid,1
all,1
donated,1
recalled,1
security,1
democrats,1
monthly,1
articles,1
studies,1
pp,1
testy,1
caravan,1
nor,1
eugene,1
conscious,1
mission,1
kholberg,1
oath,1
array,1
discussions,1
wanted,1
praise,1
seeing,1
under,1
censored,1
decade,1
mouthpiece,1
stirred,1
policy,1
western,1
index,1
seems,1
unlike,1
louise,1
budenz,1
occurred,1
included,1
curious,1
insanity,1
switzerland,1
flagging,1
eventually,1
fifteen,1
faded,1
linked,1
liberties,1
just,1
culture,1
terrible,1
following,1
former,1
colegrove,1
bisson,1
procommunists,1
aides,1
ethnographic,1
comes,1
ed,1
from,1
haywire,1
instrument,1
agencies,1
peoples,1
without,1
intimidate,1
appeals,1
biography,1
wisconsin,1
must,1
unusually,1
agents,1
communizing,1
hines,1
said,1
friend,1
devoted,1
forwarded,1
stalin,1
powerful,1
only,1
discretion,1
journalist,1
truman,1
attorney,1
undermine,1
love,1
physical,1
reagan,1
members,1
requires,1
leader,1
depositions,1
also,1
tattle,1
bandied,1
interests,1
colonialism,1
senators,1
interested,1
courageous,1
column,1
recruiting,1
shanghai,1
cover,1
fell,1
again,1
decades,1
over,1
abe,1
kooky,1
subject,1
denounce,1
articulate,1
offenses,1
demons,1
friends,1
taught,1
rumor,1
country,1
sokolsky,1
j,1
headquarters,1
release,1
quirky,1
officials,1
subcommittee,1
did,1
words,1
lengthy,1
handling,1
december,1
based,1
shows,1
naive,1
longer,1
shaped,1
manifesto,1
seem,1
available,1
capitalist,1
gone,1
scientists,1
harbor,1
best,1
leading,1
laundry,1
pressure,1
found,1
conservative,1
entered,1
tydings,1
compound,1
remark,1
beliefs,1
sayre,1
access,1
reform,1
attack,1
loyalty,1
report,1
recommendations,1
pressed,1
rich,1
particularly,1
trekking,1
accompanied,1
job,1
mongolia,1
atlantic,1
leeds,1
mistakenly,1
appreciative,1
noting,1
reflected,1
administrations,1
examining,1
i,1
harvey,1
man,1
milestone,1
director,1
exonerated,1
c,1
such,1
pled,1
suits,1
highbrow,1
emerges,1
senate,1
procommunist,1
firm,1
turned,1
readers,1
state,1
took,1
utley,1
stand,1
wild,1
accusations,1
do,1
henry,1
those,1
journalists,1
classified,1
born,1
suffering,1
quiet,1
california,1
operating,1
reading,1
where,1
clubb,1
essentially,1
embellished,1
exercised,1
trotsky,1
bore,1
context,1
papers,1
them,1
unclear,1
karl,1
milton,1
meticulous,1
produced,1
beaten,1
heavily,1
see,1
system,1
accounts,1
dislike,1
confrontation,1
forth,1
grudge,1
accusers,1
woodwork,1
material,1
series,1
record,1
add,1
however,1
fictitious,1
hoped,1
alfalfa,1
alfred,1
dooman,1
anecdote,1
judicial,1
bookish,1
spirited,1
investigative,1
historians,1
wide,1
pulled,1
luther,1
advice,1
wanderers,1
number,1
foundations,1
u,1
refuted,1
memory,1
value,1
eisenhower,1
technical,1
victims,1
degree,1
well,1
rewash,1
wiretaps,1
argues,1
gained,1
information,1
thousands,1
account,1
having,1
resident,1
anna,1
porter,1
network,1
possible,1
hundreds,1
offices,1
casual,1
used,1
vast,1
travel,1
work,1
father,1
stilwell,1
mccarthyism,1
abide,1
memoranda,1
these,1
treated,1
alliance,1
bibliography,1
clear,1
decent,1
conspiratorial,1
met,1
point,1
inquisitors,1
tens,1
part,1
retorted,1
through,1
individual,1
moderately,1
coddling,1
civil,1
resources,1
soiled,1
agnes,1
looking,1
realistic,1
faithfully,1
related,1
probed,1
convinced,1
provoking,1
done,1
identity,1
louis,1
minority,1
criticized,1
findings,1
returning,1
investment,1
fortitude,1
went,1
asian,1
confessions,1
loss,1
extensive,1
vice,1
target,1
tale,1
operated,1
convened,1
place,1
shadowed,1
francis,1
policies,1
make,1
arizona,1
literally,1
interestingly,1
world,1
academics,1
guilty,1
snow,1
writing,1
mentioning,1
questions,1
counts,1
scare,1
secured,1
advocacy,1
cooked,1
wealthy,1
pen,1
services,1
individuals,1
past,1
documented,1
franklin,1
propped,1
come,1
personal,1
legal,1
away,1
witfogel,1
office,1
jaws,1
squeezed,1
than,1
surely,1
inveterate,1
epic,1
ugly,1
attacks,1
author,1
youth,1
lobby,1
finally,1
received,1
reveals,1
discovered,1
indiscretion,1
diplomat,1
visited,1
moral,1
count,1
encounters,1
t,1
incident,1
op,1
washington,1
chungking,1
raided,1
reputation,1
supportive,1
interest,1
forgotten,1
amerasia,1
disappointed,1
dangerous,1
social,1
august,1
failures,1
ended,1
shunned,1
solution,1
instead,1
grown,1
prosoviet,1
land,1
characterized,1
field,1
liaison,1
need,1
ahead,1
anticommunists,1
regime,1
files,1
summer,1
yenan,1
landing,1
next,1
echo,1
piece,1
order,1
shortly,1
formers,1
progressive,1
membership,1
came,1
prosecuted,1
chastised,1
atmosphere,1
insurance,1
recalling,1
repeat,1
presidential,1
least,1
family,1
old,1
spent,1
why,1
calling,1
communists,1
supported,1
pearl,1
problems,1
internal,1
edmund,1
accusing,1
k,1
assumed,1
ipr,1
proof,1
close,1
matusow,1
young,1
master,1
dramatic,1
fate,1
fire,1
protect,1
conclude,1
focal,1
xvi,1
reached,1
era,1
adviser,1
dedicated,1
bury,1
like,1
fully,1
volleyball,1
create,1
struck,1
echoed,1
working,1
bored,1
little,1
content,1
pat,1
wife,1
peking,1
critique,1
much,1
credentials,1
games,1
aide,1
details,1
strong,1
among,1
apparently,1
we,1
apologist,1
taylor,1
freda,1
interagency,1
notes,1
either,1
resist,1
copiously,1
drop,1
responsibility,1
arnold,1
professional,1
provided,1
proponent,1
dates,1
subversion,1
attention,1
tells,1
unrelated,1
rest,1
disturbing,1
draft,1
erred,1
fairbank,1
really,1
attended,1
seemed,1
objected,1
collaborated,1
visit,1
