WORDCOUNTS,WEIGHT
the,173
of,147
and,85
to,83
in,78
a,59
s,55
black,54
that,45
his,36
as,33
on,31
he,27
judicial,27
biography,23
was,21
newman,20
is,19
constitutional,18
one,17
not,17
with,16
for,15
v,15
review,14
history,13
court,13
speech,12
amendment,12
an,12
it,11
by,11
first,11
renaissance,11
project,11
judge,11
jurisprudence,10
which,10
be,10
process,9
or,9
had,9
u,9
biographies,9
economic,8
american,8
from,8
intellectual,8
i,8
some,8
its,8
such,8
cases,8
aggressive,7
white,7
about,7
interpretive,7
protection,7
but,7
law,7
could,7
those,7
theory,7
jurisprudential,7
justices,7
due,7
even,7
major,7
at,6
legislative,6
most,6
bifurcated,6
see,6
work,6
supreme,6
him,6
if,5
their,5
holmes,5
strategies,5
ambitious,5
same,5
only,5
other,5
believe,5
did,5
time,5
what,5
information,5
douglas,5
through,5
were,5
both,5
this,5
so,5
states,5
can,5
than,5
language,5
figure,4
career,4
constitution,4
analysis,4
interpretation,4
university,4
are,4
all,4
more,4
might,4
book,4
historical,4
liberties,4
reviews,4
number,4
free,4
because,4
activity,4
reader,4
questions,4
central,4
personal,4
described,4
years,4
have,4
approach,4
g,4
judges,4
would,4
opinions,4
area,4
provides,4
perspective,4
dissent,4
hugo,4
right,4
when,4
explore,4
little,4
we,4
attention,4
justice,4
democracy,3
press,3
wendell,3
how,3
edward,3
freund,3
privacy,3
life,3
barnette,3
moreover,3
education,3
enlisted,3
howe,3
support,3
thought,3
during,3
us,3
before,3
gobitis,3
two,3
important,3
categorical,3
control,3
marshall,3
board,3
p,3
regulation,3
john,3
frankfurter,3
arguably,3
works,3
oliver,3
hand,3
political,3
equal,3
basis,3
tenure,3
issues,3
being,3
thus,3
clauses,3
scrutiny,3
author,3
restrictions,3
hard,3
contrast,3
december,3
especially,3
compulsory,3
criterion,3
including,3
should,3
provided,3
discriminating,2
will,2
rights,2
success,2
biographer,2
york,2
no,2
provide,2
later,2
commitment,2
primarily,2
dimensions,2
knew,2
collections,2
they,2
integrity,2
expression,2
united,2
federal,2
alexander,2
makes,2
cardozo,2
flag,2
position,2
perceived,2
absolutism,2
tells,2
just,2
exceptions,2
democratic,2
linguistics,2
increasingly,2
readings,2
meiklejohn,2
textual,2
text,2
also,2
school,2
think,2
opinion,2
mark,2
view,2
over,2
principle,2
dewolfe,2
many,2
between,2
seems,2
result,2
subject,2
different,2
came,2
based,2
scholars,2
eventually,2
out,2
stereotype,2
government,2
new,2
incorporation,2
substantive,2
very,2
clause,2
written,2
products,2
warren,2
fashion,2
appeared,2
term,2
state,2
do,2
beginning,2
deferential,2
unique,2
reactions,2
papers,2
majority,2
ad,2
maryland,2
well,2
has,2
mentioned,2
america,2
property,2
seeking,2
virginia,2
genre,2
private,2
made,2
preferred,2
true,2
adamson,2
given,2
bell,2
civil,2
laws,2
william,2
interviews,2
went,2
use,2
fourteenth,2
virtually,2
everson,2
evolution,2
hoc,2
come,2
employed,2
california,2
abridging,2
carolene,2
roger,2
authorized,2
development,2
eight,2
open,2
own,2
against,2
illinois,2
comprehensive,2
write,2
good,2
regarded,2
course,2
like,2
century,2
colleagues,2
accessible,2
benjamin,2
after,2
contributions,2
late,2
family,2
few,2
amount,2
beauharnais,2
conclude,2
undemocratic,2
up,2
much,2
correspondence,2
tendency,2
regulations,2
classifications,2
close,2
violate,2
impermissible,1
increasing,1
alabama,1
fails,1
may,1
abridge,1
enough,1
freedoms,1
invalidation,1
depth,1
civilization,1
fifty,1
gerald,1
simultaneously,1
situation,1
point,1
demand,1
accomplish,1
marginally,1
raise,1
note,1
perpetuated,1
deter,1
without,1
invalidated,1
myriad,1
she,1
declared,1
subjected,1
meaning,1
identified,1
been,1
aimed,1
short,1
wrote,1
developed,1
stood,1
f,1
testing,1
district,1
created,1
remain,1
treatment,1
surprisingly,1
represent,1
indispensable,1
does,1
market,1
decades,1
qualifies,1
unelected,1
fingers,1
ihat,1
fewer,1
insufficient,1
margins,1
substitution,1
salute,1
stereotypically,1
remote,1
constraints,1
comparable,1
disinclination,1
minersville,1
represented,1
seen,1
ultimate,1
above,1
opportunity,1
bears,1
began,1
bill,1
colorless,1
philosophy,1
lasted,1
linguistic,1
progressive,1
contribution,1
expect,1
superordinate,1
try,1
worship,1
enduring,1
ask,1
volumes,1
consummately,1
fervent,1
k,1
stimulate,1
vindicate,1
earl,1
dislodge,1
disciples,1
space,1
literalist,1
yet,1
fascinating,1
elder,1
outlining,1
get,1
itself,1
majoritarian,1
category,1
pp,1
read,1
builds,1
proving,1
notwithstanding,1
joseph,1
totalitarianism,1
marriages,1
photographs,1
wanted,1
evolved,1
whereas,1
devotes,1
spirit,1
decade,1
restricted,1
earnest,1
pastime,1
bench,1
index,1
arguments,1
intellectually,1
indefensible,1
image,1
contemplated,1
seriously,1
necessary,1
devoting,1
liberal,1
driven,1
naturalness,1
threatening,1
graven,1
lessons,1
quoted,1
overriding,1
field,1
conclusion,1
source,1
chief,1
argued,1
version,1
changing,1
too,1
character,1
materials,1
these,1
circumstances,1
baker,1
test,1
included,1
trace,1
extensive,1
fashioned,1
reflects,1
people,1
earlyand,1
origins,1
tributes,1
either,1
stephen,1
incorporationist,1
permit,1
precluded,1
framers,1
include,1
quotes,1
ease,1
membership,1
hence,1
neglects,1
rather,1
members,1
matured,1
sustained,1
paul,1
interests,1
crafty,1
belief,1
ii,1
abe,1
willful,1
interested,1
spend,1
footnote,1
death,1
ended,1
attempt,1
appear,1
progression,1
sixties,1
put,1
disappeared,1
princeton,1
frequency,1
intellect,1
addition,1
pantheon,1
experiments,1
liberty,1
unlike,1
standards,1
historiography,1
definition,1
my,1
dramatically,1
novel,1
expanding,1
inclined,1
affirming,1
whom,1
pursuits,1
stories,1
brennan,1
seem,1
available,1
agenda,1
endorse,1
contextual,1
subscribes,1
recurrent,1
lasting,1
striking,1
suggesting,1
together,1
found,1
any,1
begun,1
ambition,1
beliefs,1
reasons,1
documents,1
typical,1
offers,1
access,1
indeed,1
attempting,1
unobtrusive,1
clerks,1
categorism,1
pressed,1
effort,1
jehovah,1
bestows,1
achievement,1
particularly,1
able,1
radio,1
clearly,1
transforms,1
demonstrating,1
framework,1
powell,1
primacy,1
personality,1
comprehensiveness,1
associated,1
doubt,1
reflected,1
prose,1
differed,1
deemed,1
considerable,1
bite,1
griswold,1
help,1
there,1
protect,1
philosophical,1
audiences,1
passage,1
representative,1
elected,1
respects,1
jeffries,1
last,1
better,1
never,1
person,1
readers,1
took,1
klan,1
further,1
left,1
believed,1
fourth,1
learn,1
forthcomingfrom,1
constitutionally,1
current,1
remarkable,1
violated,1
though,1
baseball,1
e,1
reading,1
where,1
war,1
economy,1
johns,1
developing,1
circles,1
context,1
them,1
religious,1
whether,1
terms,1
symbols,1
celebrated,1
less,1
heavily,1
system,1
cannot,1
making,1
involvement,1
nowhere,1
case,1
provisions,1
forth,1
particular,1
younger,1
constitutionality,1
maximum,1
appearing,1
spoke,1
occasional,1
ed,1
however,1
eye,1
maintain,1
existence,1
forthcoming,1
xiv,1
perhaps,1
confirmation,1
absolute,1
ideological,1
selfgovernance,1
books,1
controversy,1
problem,1
sell,1
opposition,1
public,1
unaware,1
quintessentially,1
gives,1
sacrifice,1
fortas,1
her,1
hopkins,1
doctrine,1
mandated,1
criteria,1
realize,1
aspects,1
secure,1
kaufman,1
recreational,1
commitments,1
retain,1
deal,1
concurrence,1
none,1
original,1
almost,1
beholder,1
emphasis,1
protected,1
marsh,1
understanding,1
mean,1
greatest,1
revealed,1
used,1
condition,1
anything,1
anecdotes,1
coherent,1
decisions,1
holding,1
literalism,1
place,1
implement,1
conference,1
birth,1
reaction,1
genres,1
capable,1
occupy,1
presented,1
byron,1
vote,1
occasionally,1
values,1
cunning,1
ku,1
west,1
pertain,1
thereby,1
say,1
part,1
purpose,1
excursion,1
politician,1
apparent,1
relate,1
sufficiently,1
literal,1
became,1
three,1
along,1
comment,1
publishers,1
concern,1
returning,1
significant,1
confronted,1
measure,1
gave,1
policymaking,1
freedom,1
fail,1
assumption,1
focus,1
penetrate,1
evaluating,1
make,1
praise,1
smacked,1
engaging,1
congress,1
academics,1
sequence,1
embodying,1
exist,1
fruitful,1
learned,1
neglect,1
trend,1
story,1
andrew,1
nothing,1
continue,1
prepared,1
documented,1
unexplored,1
previous,1
klux,1
totalitarian,1
retained,1
minor,1
grace,1
relationships,1
tradition,1
modicum,1
sympathetic,1
noneconomic,1
points,1
professor,1
since,1
amendments,1
finding,1
contradictions,1
twentieth,1
national,1
silent,1
gunther,1
proliferated,1
health,1
essay,1
salutes,1
objection,1
sat,1
creating,1
contributors,1
applicable,1
legacy,1
least,1
instead,1
outmoded,1
although,1
admirer,1
successful,1
views,1
application,1
jr,1
relatively,1
extended,1
foreclose,1
completed,1
lawmaking,1
pay,1
appointment,1
rhetoric,1
schools,1
expected,1
spans,1
counted,1
harlan,1
derive,1
democratically,1
unauthorized,1
modest,1
stimulated,1
legislatively,1
emerging,1
long,1
direction,1
sole,1
unpacked,1
balancing,1
permitted,1
several,1
margin,1
autonomy,1
carr,1
legislatures,1
thousand,1
probe,1
sentiment,1
outside,1
back,1
internal,1
wrongheaded,1
nationality,1
dissenter,1
choose,1
taking,1
surfaced,1
broadcasting,1
connecticut,1
ample,1
massachusetts,1
intimates,1
c,1
distinguished,1
oversimplification,1
scholarship,1
shallow,1
lewis,1
witnesses,1
compare,1
structure,1
overemphasized,1
formulate,1
executors,1
progress,1
spawning,1
student,1
entire,1
milestones,1
stimulating,1
pays,1
erroneously,1
attracted,1
delightful,1
results,1
paid,1
world,1
figures,1
marital,1
details,1
apparently,1
persona,1
deepened,1
recent,1
notes,1
thurgood,1
appropriate,1
absolutist,1
professional,1
evidence,1
develop,1
hardly,1
regimes,1
fostering,1
listing,1
race,1
concluded,1
activities,1
relation,1
unwittingly,1
shaping,1
selectively,1
