WORDCOUNTS,WEIGHT
the,175
of,110
and,90
in,62
to,58
a,39
that,28
tuberculosis,25
disease,25
as,21
for,20
she,18
their,18
by,18
with,16
ott,16
an,15
is,14
history,13
from,13
its,13
they,12
these,12
social,12
who,11
s,9
cultural,9
her,9
medical,9
health,9
on,9
it,8
but,8
patients,8
others,8
which,8
were,8
lives,7
american,7
many,7
are,7
illness,7
public,7
this,7
be,7
life,6
not,6
or,6
only,6
there,6
those,6
well,6
recent,6
society,6
became,5
how,5
was,5
into,5
sick,5
culture,5
book,5
golden,5
them,5
some,5
understanding,5
aids,5
class,5
when,5
americans,4
no,4
analysis,4
culturing,4
our,4
fevered,4
medicine,4
p,4
narrative,4
lived,4
terms,4
has,4
work,4
part,4
have,4
scientific,3
been,3
one,3
yet,3
ways,3
studies,3
university,3
us,3
bates,3
feldberg,3
air,3
physicians,3
changing,3
experience,3
every,3
labor,3
other,3
might,3
each,3
had,3
came,3
seem,3
did,3
cure,3
new,3
state,3
reviews,3
within,3
theory,3
shifts,3
while,3
chest,3
bacteria,3
used,3
ill,3
through,3
tubercular,3
rise,3
explained,3
meanings,3
twentieth,3
change,3
individual,3
would,3
century,3
we,3
rest,3
world,3
notes,3
at,2
poor,2
philadelphia,2
caretakers,2
sputum,2
matter,2
window,2
practices,2
way,2
science,2
letters,2
if,2
will,2
later,2
short,2
brief,2
epidemic,2
transformed,2
began,2
movement,2
large,2
inhabited,2
illustrations,2
get,2
tenement,2
nor,2
fought,2
immigrant,2
home,2
transformations,2
growing,2
nineteenth,2
families,2
too,2
most,2
communities,2
hygiene,2
sometimes,2
beyond,2
present,2
organizations,2
neither,2
problems,2
more,2
consumptive,2
also,2
m,2
sufferers,2
regimen,2
invalid,2
death,2
control,2
all,2
diseases,2
different,2
december,2
subject,2
longer,2
katherine,2
simple,2
strength,2
domestic,2
larger,2
immune,2
room,2
take,2
past,2
fresh,2
believed,2
cups,2
understood,2
where,2
what,2
less,2
case,2
particular,2
material,2
despite,2
ceased,2
historians,2
sleeping,2
institutions,2
tubercle,2
middle,2
both,2
prevention,2
west,2
consumptives,2
city,2
example,2
wasting,2
knowledge,2
press,2
african,2
largely,2
writing,2
syndrome,2
away,2
described,2
argues,2
status,2
since,2
lungs,2
rothman,2
finally,2
dangerous,2
janet,2
course,2
times,2
although,2
suggest,2
germ,2
effects,2
forced,2
voluntary,2
after,2
small,2
chemotherapy,2
david,2
taking,2
hiv,2
served,2
themselves,2
third,2
even,2
describes,2
institution,2
mortality,2
flick,2
deeper,2
deficiency,2
antituberculosis,1
everlasting,1
prescribed,1
barbara,1
may,1
periods,1
fevers,1
carried,1
employ,1
threatened,1
integrating,1
now,1
thermometer,1
escaping,1
he,1
panoramic,1
second,1
captioned,1
sanatoriums,1
york,1
menace,1
dangerously,1
implications,1
reexamine,1
note,1
hopes,1
faith,1
morbidity,1
his,1
johns,1
identified,1
grid,1
foreign,1
names,1
troubled,1
groups,1
dirt,1
ideology,1
gender,1
broadest,1
labeled,1
infested,1
patienthood,1
obscuring,1
feared,1
expiring,1
breadth,1
epidemics,1
centuries,1
then,1
explicates,1
consume,1
environmental,1
counted,1
curative,1
struggled,1
longs,1
determine,1
notion,1
slow,1
portrayals,1
e,1
means,1
cared,1
strains,1
prove,1
suellen,1
analyzes,1
apprehension,1
detailed,1
chronically,1
mountains,1
brilliantly,1
risk,1
lawrence,1
stops,1
linguistic,1
experiences,1
interplay,1
blending,1
ponder,1
expelled,1
excretions,1
becoming,1
complex,1
unfamiliar,1
diagnosis,1
saved,1
denied,1
why,1
changes,1
nuance,1
inspired,1
often,1
pp,1
expectations,1
needles,1
identify,1
white,1
symbolize,1
about,1
understand,1
united,1
hope,1
once,1
interprofessional,1
likely,1
factors,1
ineffective,1
racism,1
prepare,1
endure,1
sheila,1
moves,1
enforced,1
romantic,1
tumult,1
interpretation,1
excavates,1
swept,1
instances,1
inhalers,1
push,1
itself,1
tense,1
enlist,1
security,1
invalidism,1
provinces,1
rules,1
expansiveness,1
programs,1
builds,1
modern,1
crowded,1
microscope,1
without,1
jump,1
calmette,1
evolved,1
seeing,1
vehemence,1
realities,1
halt,1
armamentarium,1
acceptance,1
structure,1
policy,1
family,1
index,1
perceived,1
acquired,1
description,1
familiar,1
harsh,1
literary,1
turns,1
contained,1
occurred,1
shadow,1
clearly,1
before,1
elsewhere,1
terrific,1
historian,1
finely,1
shifting,1
breaths,1
connotations,1
probed,1
result,1
ed,1
disposing,1
demographics,1
joins,1
quarters,1
incorporated,1
uncovers,1
hearty,1
already,1
insights,1
registration,1
themes,1
retrospective,1
department,1
simply,1
boarding,1
immunosuppressed,1
records,1
ever,1
lower,1
controlled,1
architecture,1
fact,1
devoted,1
additional,1
shorter,1
continues,1
arguing,1
shunned,1
apprehended,1
disclosed,1
devices,1
community,1
corporeal,1
members,1
oppression,1
name,1
matured,1
drew,1
bacilli,1
movements,1
exclusive,1
odd,1
belief,1
care,1
accorded,1
power,1
mediation,1
taken,1
quickly,1
know,1
toward,1
spend,1
therapies,1
chasing,1
view,1
over,1
constitution,1
disfiguring,1
mutually,1
similarly,1
conflicts,1
alan,1
stigmatized,1
recovery,1
immunodeficiency,1
working,1
hours,1
official,1
authority,1
opening,1
reorganizes,1
moving,1
efforts,1
upperand,1
whom,1
legitimated,1
shaped,1
location,1
knowing,1
agenda,1
could,1
disordered,1
laboratory,1
industrializing,1
together,1
gallops,1
entered,1
desire,1
difficulty,1
half,1
called,1
current,1
cures,1
viii,1
suggesting,1
organizes,1
rich,1
inevitably,1
milk,1
years,1
admittedly,1
out,1
mcbride,1
able,1
metaphorical,1
linchpin,1
linked,1
practitioners,1
tells,1
rooms,1
molecular,1
concludes,1
events,1
far,1
demographic,1
hopkins,1
contemporary,1
diet,1
ailments,1
deemed,1
porches,1
captured,1
vigorous,1
greater,1
copious,1
designated,1
works,1
living,1
documents,1
inhale,1
microscopic,1
last,1
asks,1
forms,1
men,1
turned,1
readers,1
treatment,1
infected,1
incorporate,1
beginning,1
concepts,1
locales,1
helping,1
closely,1
political,1
vanquished,1
poverty,1
manner,1
link,1
respiratory,1
metaphors,1
hoy,1
discuss,1
carefully,1
investigation,1
infection,1
racial,1
context,1
symbols,1
contracted,1
form,1
answer,1
promise,1
surveillance,1
suffered,1
issue,1
can,1
intertwined,1
placed,1
camden,1
bacterium,1
add,1
maintain,1
maps,1
contemporaries,1
illustrated,1
passed,1
homelessness,1
spiritual,1
patent,1
woman,1
shaken,1
remove,1
explain,1
bcg,1
attacked,1
virus,1
plausible,1
oxymoron,1
choose,1
professionals,1
surveying,1
enable,1
chronicled,1
verandas,1
money,1
died,1
week,1
apt,1
eloped,1
contagion,1
sought,1
mass,1
differs,1
america,1
disciplinary,1
mandated,1
day,1
thoroughly,1
victims,1
bibliographic,1
remained,1
fight,1
trade,1
chapter,1
local,1
sanatorium,1
keeping,1
generally,1
alcohol,1
figurative,1
helpful,1
basis,1
invisible,1
classes,1
infectious,1
compelling,1
greatest,1
exploring,1
data,1
leap,1
vaccination,1
condition,1
paints,1
illustrate,1
measures,1
popular,1
scope,1
georgina,1
birth,1
narratives,1
tent,1
explanation,1
strict,1
upon,1
leisure,1
women,1
probing,1
careful,1
reader,1
concept,1
recognition,1
multiple,1
ailment,1
founded,1
idleness,1
variations,1
treating,1
discusses,1
explains,1
basement,1
laws,1
travelers,1
still,1
manifestations,1
dirty,1
lung,1
undoubtedly,1
cleanliness,1
die,1
clarifies,1
tried,1
lies,1
momentous,1
surprise,1
benefited,1
denies,1
territory,1
eroded,1
expression,1
measure,1
pursuit,1
begins,1
place,1
behavior,1
make,1
germs,1
much,1
broad,1
corresponding,1
engaging,1
sanitary,1
band,1
hints,1
guerin,1
officers,1
harvard,1
eschewing,1
coughs,1
human,1
ethnic,1
actual,1
ends,1
hour,1
bed,1
rituals,1
examination,1
documented,1
diagnosed,1
accessible,1
named,1
afflicted,1
collapse,1
reflect,1
eventually,1
bargaining,1
sickness,1
eight,1
stayed,1
announce,1
theories,1
synthetic,1
understandings,1
ultimately,1
hives,1
dying,1
argument,1
facts,1
rejected,1
such,1
inner,1
difference,1
reveals,1
erasure,1
cambridge,1
ethnicity,1
connections,1
marking,1
vacation,1
quest,1
transformation,1
analyzing,1
reality,1
adding,1
approach,1
doctors,1
shortcomings,1
relentless,1
opens,1
bodies,1
kraut,1
silent,1
language,1
doctor,1
points,1
mastered,1
wittily,1
workers,1
poorly,1
previously,1
construct,1
instead,1
include,1
physician,1
characterized,1
caused,1
smith,1
eggs,1
d,1
hygienic,1
canadian,1
sweep,1
gruesome,1
responsibility,1
adherents,1
little,1
buildings,1
shaping,1
recast,1
ability,1
seeming,1
states,1
expected,1
hired,1
industrial,1
order,1
exercise,1
tranquility,1
degeneracy,1
accurate,1
evaluate,1
rosner,1
construction,1
rutgers,1
phrase,1
officials,1
perished,1
elements,1
association,1
shift,1
latter,1
counteracting,1
late,1
spirometers,1
exchange,1
genes,1
spent,1
underlying,1
sojourn,1
perspective,1
several,1
endured,1
close,1
moved,1
offered,1
especially,1
blacks,1
endeavors,1
profound,1
amount,1
written,1
subjects,1
smithsonian,1
vapors,1
biomedical,1
homes,1
between,1
parlors,1
nineteenthand,1
ribs,1
eloquent,1
houses,1
civic,1
subsided,1
brevity,1
gracefully,1
registry,1
coming,1
essentially,1
fetal,1
respond,1
needle,1
effect,1
despair,1
tended,1
publications,1
subspecialties,1
dedicated,1
vocabulary,1
meat,1
always,1
managed,1
seeking,1
up,1
probably,1
consumption,1
impoverished,1
analyze,1
surveys,1
instruments,1
develop,1
focus,1
seemed,1
among,1
seek,1
offers,1
north,1
isabel,1
so,1
should,1
fellow,1
virtue,1
building,1
finds,1
generation,1
weakness,1
time,1
influence,1
race,1
repose,1
portrait,1
rates,1
gleaned,1
division,1
depended,1
examines,1
marching,1
bacillus,1
operating,1
battles,1
