WORDCOUNTS,WEIGHT
the,133
and,95
of,87
in,52
to,50
musicians,47
a,38
for,29
by,28
that,21
on,21
with,20
american,19
as,19
radio,18
union,17
were,16
was,13
kraft,13
their,12
s,12
an,12
had,11
music,11
local,10
petrillo,10
federation,9
most,9
work,9
working,9
from,8
more,8
record,8
labor,8
orchestras,8
entertainment,7
history,7
but,7
into,7
during,7
electronic,7
professional,7
at,6
yet,6
these,6
davis,6
new,6
stations,6
sound,6
motion,6
workers,6
television,6
his,5
they,5
not,5
recordings,5
wages,5
pictures,5
public,5
instrumentalists,5
recording,5
since,5
other,5
even,5
than,5
war,4
century,4
who,4
is,4
all,4
technology,4
university,4
members,4
book,4
business,4
power,4
late,4
staff,4
though,4
studio,4
companies,4
network,4
some,4
broadcasters,4
musician,4
became,4
use,4
stage,4
between,4
james,4
industries,3
poor,3
he,3
no,3
will,3
faced,3
remote,3
still,3
once,3
opportunities,3
changes,3
management,3
before,3
bandleaders,3
performers,3
based,3
ban,3
shows,3
found,3
effort,3
angeles,3
written,3
find,3
unions,3
reviews,3
recorded,3
networks,3
has,3
historians,3
well,3
afm,3
los,3
supply,3
minimum,3
programs,3
collective,3
commercial,3
conditions,3
profession,3
although,3
hired,3
one,3
forced,3
after,3
increased,3
themselves,3
employers,3
when,3
hollywood,3
much,3
among,3
technological,3
south,2
employ,2
situation,2
americans,2
skilled,2
l,2
across,2
employment,2
market,2
resulted,2
southern,2
study,2
often,2
about,2
live,2
lea,2
country,2
soon,2
dissertation,2
organized,2
earned,2
impact,2
protect,2
argued,2
women,2
first,2
only,2
picture,2
act,2
sources,2
june,2
affiliates,2
fund,2
restaurants,2
each,2
many,2
maintains,2
result,2
artists,2
operators,2
available,2
could,2
advantage,2
appeared,2
out,2
job,2
took,2
those,2
performances,2
halls,2
numbers,2
johns,2
income,2
them,2
viewed,2
jobs,2
produced,2
less,2
dance,2
hopkins,2
secure,2
demands,2
determined,2
jukebox,2
made,2
leisure,2
singers,2
brought,2
press,2
nation,2
african,2
marketplace,2
against,2
began,2
conflict,2
ronald,2
employed,2
this,2
advent,2
demanded,2
silent,2
movies,2
author,2
agreement,2
studios,2
change,2
manufacturers,2
consumers,2
period,2
theaters,2
theater,2
turn,2
few,2
industry,2
third,2
chicago,2
world,2
limiting,1
increasing,1
model,1
militancy,1
dealing,1
higher,1
void,1
enough,1
pay,1
duplicate,1
reading,1
clearer,1
therefore,1
undergraduate,1
customers,1
film,1
heretofore,1
weapon,1
high,1
relationship,1
likely,1
york,1
demand,1
essential,1
minor,1
jobless,1
onset,1
inordinate,1
hindered,1
earmarks,1
broadcasts,1
without,1
difficult,1
strike,1
continued,1
testimony,1
bars,1
contended,1
rather,1
minstrel,1
vaudeville,1
if,1
devastating,1
military,1
principally,1
growth,1
destroy,1
tedious,1
threatened,1
stood,1
happy,1
appearances,1
impressive,1
toward,1
how,1
stop,1
remain,1
blessed,1
program,1
limited,1
basic,1
affected,1
appreciation,1
attitude,1
brief,1
prospered,1
automatons,1
nearly,1
revolutionary,1
becomes,1
success,1
variety,1
accepted,1
converted,1
transformed,1
signaled,1
eliminated,1
ultimate,1
skating,1
opportunity,1
comply,1
deprived,1
compensated,1
reworked,1
edwin,1
expanded,1
effectively,1
earlier,1
persistent,1
contribution,1
case,1
position,1
similar,1
transformation,1
grew,1
certain,1
group,1
center,1
deals,1
replaced,1
perkins,1
returned,1
payment,1
star,1
effective,1
arts,1
scales,1
illustrations,1
enhance,1
white,1
designed,1
annoyance,1
united,1
awareness,1
consequences,1
informative,1
competition,1
education,1
relied,1
leadership,1
fields,1
meanwhile,1
refusing,1
category,1
pp,1
struggle,1
nor,1
paying,1
disappeared,1
meant,1
considerations,1
under,1
considered,1
around,1
restricted,1
counterparts,1
upwards,1
acceptance,1
combat,1
organization,1
neither,1
tyrant,1
discouraged,1
or,1
physically,1
image,1
environment,1
unlike,1
victories,1
home,1
falls,1
bit,1
planned,1
eventually,1
liked,1
any,1
setbacks,1
amid,1
ordered,1
phonographs,1
complete,1
proprietors,1
culture,1
threatening,1
antebellum,1
growing,1
same,1
nineteenth,1
performed,1
placed,1
called,1
baltimore,1
conclusion,1
popularized,1
colored,1
tensions,1
source,1
robust,1
exposure,1
rinks,1
tino,1
character,1
largest,1
broadcasting,1
already,1
advancing,1
turning,1
restrict,1
negative,1
department,1
hispanics,1
superior,1
ever,1
exploited,1
additional,1
regional,1
tape,1
statement,1
else,1
company,1
social,1
pedantic,1
especially,1
love,1
volume,1
obstacles,1
claims,1
provide,1
oral,1
gomery,1
interceded,1
sizes,1
also,1
posed,1
committee,1
plight,1
index,1
crews,1
discharged,1
publicity,1
ii,1
steady,1
mirrors,1
films,1
important,1
opinion,1
quickly,1
erik,1
acquired,1
outcome,1
hire,1
force,1
make,1
cut,1
stands,1
capitalists,1
backed,1
refused,1
worked,1
action,1
emerged,1
lowering,1
economic,1
added,1
retreat,1
neil,1
hotels,1
intensive,1
talking,1
perceptive,1
uses,1
skills,1
methodist,1
came,1
expanding,1
machines,1
whom,1
phonograph,1
shaped,1
unparalleled,1
innovations,1
fundamental,1
newspapers,1
head,1
scholars,1
did,1
disaster,1
xii,1
areas,1
leaders,1
down,1
pressure,1
appendix,1
conservative,1
entered,1
restrictive,1
half,1
great,1
circuses,1
careers,1
talkies,1
current,1
p,1
inquiry,1
indifferent,1
rich,1
time,1
decca,1
achievement,1
deal,1
government,1
downsized,1
defeat,1
far,1
end,1
longstanding,1
fills,1
audience,1
proved,1
contends,1
twenty,1
dislocation,1
cities,1
pit,1
help,1
director,1
there,1
c,1
utilized,1
employee,1
disputes,1
dues,1
fresh,1
tact,1
reasons,1
living,1
protracted,1
channel,1
bands,1
improved,1
men,1
academic,1
turned,1
readers,1
further,1
retailers,1
represent,1
fame,1
defiant,1
activism,1
remarkable,1
lashed,1
elmer,1
cultural,1
wage,1
roell,1
where,1
disaffection,1
contracts,1
branding,1
select,1
stock,1
hostility,1
segregated,1
barred,1
crash,1
leonard,1
sharply,1
existing,1
combined,1
depicts,1
douglas,1
sweeping,1
strategies,1
suffered,1
confrontation,1
fortune,1
grounds,1
material,1
coerced,1
depending,1
disparity,1
maintain,1
nothing,1
sophisticated,1
assortment,1
biggest,1
forthcoming,1
be,1
swing,1
levels,1
perhaps,1
upon,1
guidance,1
belief,1
required,1
balance,1
touring,1
sought,1
mass,1
firm,1
america,1
provincial,1
biographies,1
transcription,1
casting,1
improve,1
doubled,1
gained,1
voice,1
skillfully,1
published,1
generally,1
quantities,1
felt,1
basis,1
competent,1
marked,1
technologies,1
machinery,1
agreed,1
quality,1
used,1
fundamentally,1
patriotism,1
illustrate,1
coherent,1
front,1
popular,1
permitted,1
intent,1
pursue,1
received,1
benefited,1
craig,1
splendid,1
advantageous,1
politicians,1
level,1
exodus,1
information,1
voted,1
claim,1
future,1
west,1
altered,1
interdisciplinary,1
refinement,1
extends,1
unionization,1
exemplification,1
boss,1
very,1
despite,1
diffused,1
whites,1
practices,1
joining,1
strongly,1
quota,1
related,1
role,1
november,1
yearly,1
easy,1
its,1
concessions,1
interviews,1
tried,1
technical,1
balio,1
confronted,1
gave,1
sold,1
contribute,1
theirs,1
benefit,1
operated,1
station,1
file,1
size,1
split,1
known,1
frustrated,1
savor,1
worse,1
controlled,1
featured,1
watering,1
congress,1
records,1
aside,1
questions,1
coming,1
services,1
antilabor,1
sale,1
advertisers,1
accessible,1
throughout,1
which,1
come,1
instrument,1
contentious,1
office,1
question,1
california,1
students,1
talented,1
movie,1
monopoly,1
displacing,1
president,1
trade,1
low,1
status,1
both,1
ignored,1
reputation,1
inevitable,1
countless,1
challenging,1
initiated,1
three,1
graduate,1
twentieth,1
clearance,1
tables,1
shortcomings,1
programming,1
violated,1
showmanship,1
points,1
accept,1
imperative,1
essay,1
fashioned,1
agreeing,1
sklar,1
relatively,1
parallels,1
serious,1
hiring,1
lifted,1
eve,1
arouse,1
approximately,1
instead,1
times,1
should,1
raises,1
grown,1
homes,1
ensued,1
sense,1
handsomely,1
price,1
like,1
voiced,1
upside,1
insisted,1
product,1
him,1
revolution,1
august,1
media,1
premium,1
reliable,1
states,1
holes,1
played,1
expected,1
senate,1
approach,1
preserved,1
attempted,1
reach,1
spreading,1
militant,1
advances,1
rank,1
black,1
cases,1
expired,1
developments,1
withdrawing,1
establishments,1
forms,1
campaign,1
cbs,1
life,1
restricting,1
small,1
enclosed,1
patterns,1
seminal,1
needs,1
celluloid,1
am,1
depend,1
sufficient,1
treats,1
specific,1
blacks,1
problems,1
preferred,1
cancel,1
concerns,1
highly,1
commentators,1
engagements,1
highest,1
breakneck,1
speed,1
morale,1
fm,1
depression,1
assumed,1
concert,1
screens,1
acts,1
booth,1
newcomers,1
become,1
smu,1
quit,1
commands,1
suddenly,1
scholarship,1
headed,1
mainly,1
tended,1
sentiments,1
era,1
symbol,1
part,1
enjoyed,1
early,1
artisans,1
barnouw,1
within,1
would,1
intended,1
factions,1
big,1
sums,1
proper,1
mobile,1
principal,1
robert,1
whenever,1
tendency,1
notes,1
owners,1
laborers,1
so,1
substituted,1
general,1
quarter,1
theatrical,1
displaced,1
fee,1
heyday,1
sole,1
supervisors,1
over,1
unrelated,1
laws,1
reducing,1
wattage,1
major,1
objected,1
performing,1
society,1
readable,1
signer,1
purchasing,1
