WORDCOUNTS,WEIGHT
the,241
of,132
and,98
in,73
s,70
to,68
roosevelt,61
a,57
american,37
is,34
on,25
for,24
that,23
by,22
war,22
his,20
which,19
kimball,19
with,18
smith,18
p,17
world,15
president,14
this,14
as,13
foreign,12
policy,12
from,11
diplomacy,11
an,10
it,9
vision,9
new,9
were,9
economic,8
united,8
america,8
but,8
administration,8
franklin,8
postwar,8
their,7
history,7
these,7
coughlin,7
save,7
nation,7
national,7
author,7
states,7
britain,7
into,6
liberal,6
most,6
political,6
account,6
extremism,6
need,6
juggler,6
extremist,6
at,5
have,5
european,5
extremists,5
or,5
more,5
also,5
over,5
are,5
book,5
treatment,5
europe,5
great,5
historians,5
press,5
during,5
kindred,5
relations,5
spirits,5
depression,5
churchill,4
second,4
who,4
they,4
essays,4
clavin,4
was,4
had,4
warren,4
only,4
three,4
ii,4
epilogue,4
union,4
many,4
far,4
big,4
british,4
wartime,4
peace,4
its,4
subject,4
assumptions,4
has,4
although,4
charles,4
diplomatic,4
debate,4
d,4
conspiracy,4
lindbergh,3
he,3
german,3
movements,3
yet,3
soviet,3
how,3
minorities,3
notably,3
university,3
western,3
too,3
first,3
stalin,3
long,3
colonialism,3
other,3
power,3
m,3
strategy,3
view,3
all,3
contention,3
scholars,3
been,3
out,3
deal,3
c,3
state,3
scholarly,3
reviews,3
march,3
be,3
silver,3
right,3
politics,3
bibliography,3
upon,3
arthur,3
discussion,3
belligerent,3
chapters,3
theories,3
against,3
victory,3
social,3
offer,3
one,3
adopted,3
hemisphere,3
shirts,3
when,3
up,3
little,3
kuhn,3
recent,3
pelley,3
attacks,2
fascists,2
final,2
fascist,2
appeasement,2
failed,2
f,2
huey,2
now,2
fascism,2
americans,2
attempts,2
quickly,2
indeed,2
fear,2
negotiating,2
minority,2
appreciation,2
brief,2
determine,2
concluding,2
fdr,2
july,2
intervention,2
movement,2
direct,2
schlesinger,2
mounted,2
life,2
study,2
often,2
analysis,2
support,2
pressing,2
makes,2
pp,2
soon,2
socialists,2
noninterventionists,2
echoes,2
index,2
any,2
finely,2
impact,2
ed,2
princeton,2
xi,2
two,2
ever,2
beyond,2
published,2
membership,2
geoffrey,2
evidence,2
opinion,2
toward,2
elusive,2
recovery,2
nature,2
efforts,2
different,2
beobachter,2
principles,2
groups,2
international,2
best,2
xii,2
could,2
recurrent,2
theme,2
propaganda,2
domestic,2
loyalty,2
time,2
changed,2
image,2
audience,2
within,2
free,2
serious,2
assessment,2
term,2
men,2
priest,2
those,2
robert,2
less,2
strategies,2
americanism,2
cover,2
imposed,2
conviction,2
steele,2
public,2
january,2
mass,2
meted,2
hitler,2
such,2
explored,2
trade,2
chapter,2
patriotism,2
illustrate,2
internationalism,2
father,2
coherent,2
conference,2
views,2
patricia,2
detailed,2
researches,2
became,2
easy,2
undoubtedly,2
sensitivity,2
got,2
largely,2
substantially,2
policies,2
people,2
coming,2
central,2
bund,2
watt,2
personal,2
ronald,2
germany,2
powerful,2
few,2
alan,2
dallek,2
simplistic,2
essay,2
charge,2
interest,2
thus,2
held,2
successful,2
statesman,2
like,2
guiding,2
socialist,2
protest,2
order,2
after,2
offered,2
between,2
fully,2
early,2
marvelous,2
drawn,2
journal,2
looked,2
images,2
much,2
among,2
than,2
so,2
influence,2
because,2
edmonds,1
appeal,1
model,1
fails,1
van,1
media,1
plaudits,1
does,1
england,1
fifty,1
judge,1
disparate,1
narrative,1
underlay,1
manifestations,1
negotiations,1
interesting,1
christian,1
helped,1
currently,1
what,1
cornelis,1
dogs,1
surpassed,1
circle,1
whose,1
reflects,1
alex,1
reiterations,1
polarization,1
tricking,1
nonetheless,1
evocative,1
without,1
common,1
way,1
continued,1
testimony,1
provide,1
alia,1
bulk,1
later,1
figure,1
johns,1
l,1
precised,1
freedoms,1
levied,1
knickers,1
rights,1
scholar,1
comparative,1
foster,1
promotional,1
winds,1
critical,1
extend,1
television,1
drummond,1
breast,1
arrive,1
secure,1
communism,1
brings,1
e,1
context,1
chaplin,1
still,1
goes,1
suffering,1
reacfion,1
searchfor,1
determining,1
make,1
them,1
persistent,1
enlists,1
woods,1
wouk,1
rigor,1
contribution,1
microphone,1
unprecedented,1
argued,1
frighten,1
group,1
large,1
distort,1
capacious,1
echo,1
ix,1
ribuffo,1
pages,1
travel,1
vacillation,1
use,1
fall,1
cretan,1
robin,1
hope,1
hull,1
captain,1
misuse,1
denunciation,1
pivotal,1
education,1
highhanded,1
supporting,1
portrayed,1
proclaimed,1
making,1
intuitively,1
hugh,1
partnership,1
opportunities,1
revising,1
determination,1
security,1
canada,1
branded,1
perceptions,1
win,1
alongside,1
old,1
fought,1
rain,1
affect,1
array,1
isolationist,1
evolved,1
politicsis,1
former,1
danchev,1
consider,1
addressed,1
us,1
semitism,1
male,1
thesis,1
ian,1
immediate,1
allies,1
photographs,1
unlike,1
achieve,1
talents,1
title,1
wars,1
totem,1
resplendent,1
emergence,1
enigmatic,1
boon,1
then,1
marshalled,1
perceptive,1
attract,1
complete,1
director,1
practice,1
keeping,1
disavows,1
underpinned,1
teasing,1
perspective,1
contemporaries,1
fashionable,1
exemplified,1
rightfrom,1
paperbacks,1
version,1
amongst,1
frequently,1
callum,1
faith,1
prevent,1
claims,1
must,1
hair,1
squire,1
unshakable,1
department,1
billiard,1
simply,1
predominantly,1
democratic,1
novel,1
friend,1
fact,1
democracies,1
rise,1
dissent,1
symbolic,1
direction,1
follow,1
sometimes,1
ambiguities,1
extraordinarily,1
act,1
volume,1
position,1
sources,1
louder,1
party,1
wage,1
constituency,1
blithely,1
griffin,1
leader,1
whiskers,1
bumbler,1
creation,1
posed,1
neoconservatives,1
french,1
unreliable,1
territory,1
voices,1
skill,1
interests,1
reappear,1
omission,1
der,1
give,1
popularity,1
important,1
defining,1
address,1
protestant,1
blurb,1
identified,1
glowing,1
put,1
intellectual,1
principle,1
engaged,1
each,1
towards,1
financial,1
opponents,1
interventionism,1
pug,1
overnight,1
paper,1
grow,1
anecdotal,1
corporal,1
definition,1
devious,1
dramatically,1
populists,1
confronted,1
came,1
professed,1
confident,1
bearing,1
unsordid,1
did,1
secondary,1
pragmatic,1
striking,1
critic,1
volkischer,1
governed,1
desire,1
argue,1
shadow,1
hands,1
wall,1
careers,1
universal,1
access,1
ambitions,1
throughout,1
histories,1
lacks,1
seven,1
brinkley,1
ephemeral,1
demands,1
grey,1
clearly,1
thanks,1
offner,1
expression,1
facilitate,1
criticisms,1
events,1
radical,1
varied,1
mythical,1
contemporary,1
rightly,1
pollock,1
presentations,1
products,1
administrations,1
real,1
edward,1
corduroy,1
fashion,1
arguably,1
man,1
casablanca,1
there,1
achieved,1
struggles,1
herman,1
compromised,1
suddenly,1
inter,1
anticolonialism,1
sainsbury,1
further,1
hand,1
usual,1
business,1
keith,1
henry,1
ussr,1
william,1
founder,1
born,1
boxes,1
none,1
covered,1
hillier,1
conventional,1
wilsonianism,1
rests,1
suffer,1
entertaining,1
machiavellian,1
phers,1
road,1
economy,1
hostility,1
honeymoon,1
notable,1
empire,1
agreements,1
concedes,1
shared,1
afforded,1
tonic,1
implicit,1
inflammatory,1
vulnerable,1
recently,1
finds,1
nationalist,1
proposals,1
see,1
surpasses,1
failure,1
global,1
independently,1
appraisal,1
scale,1
quote,1
takes,1
material,1
refute,1
focusing,1
hoped,1
lindberg,1
spiritual,1
perhaps,1
foreshadowed,1
writes,1
theory,1
avoided,1
eastern,1
books,1
inconsistencies,1
problem,1
formulation,1
style,1
structure,1
gives,1
illustrated,1
hopkins,1
while,1
waged,1
particularly,1
explicitly,1
governing,1
foundations,1
repetition,1
grasps,1
brilliant,1
addresses,1
penetrate,1
constitutional,1
outstanding,1
economics,1
both,1
scant,1
voice,1
another,1
influenced,1
original,1
demonstrated,1
government,1
psychology,1
detractors,1
some,1
philosoclavin,1
bohemian,1
threat,1
leo,1
line,1
antisemitism,1
activity,1
extended,1
retold,1
endorsement,1
work,1
primacy,1
lapses,1
establishing,1
examples,1
plans,1
unreviews,1
made,1
even,1
shaky,1
intention,1
john,1
nine,1
locus,1
women,1
careful,1
reader,1
mastery,1
recognition,1
west,1
significantly,1
leads,1
before,1
given,1
supply,1
compelling,1
part,1
artful,1
uncover,1
through,1
uniform,1
very,1
ignores,1
despite,1
example,1
stitched,1
skirts,1
illustrates,1
apparent,1
liberalism,1
liberals,1
demanded,1
role,1
dissipated,1
tantalizes,1
himself,1
debates,1
exploits,1
contain,1
description,1
bennett,1
aspirations,1
went,1
pucinello,1
waste,1
policemen,1
disappears,1
year,1
ball,1
manhattan,1
substance,1
implications,1
vast,1
entry,1
quotations,1
collection,1
place,1
issues,1
freer,1
fleeting,1
copperhead,1
calculating,1
pole,1
aside,1
falter,1
optimism,1
definitions,1
elite,1
dodger,1
questions,1
evolution,1
conflict,1
vociferous,1
kingdom,1
documentary,1
fritz,1
ameliorate,1
labels,1
epithets,1
trust,1
come,1
recounting,1
full,1
annotated,1
white,1
away,1
actual,1
question,1
evangel,1
fred,1
origins,1
secretary,1
until,1
described,1
spirited,1
severe,1
touch,1
difficulties,1
roger,1
years,1
wheel,1
neighbor,1
minnen,1
vitriolic,1
elephant,1
cursory,1
seventy,1
bretton,1
crises,1
countless,1
enthusiastic,1
bent,1
aware,1
charts,1
unable,1
contradictions,1
charming,1
twentieth,1
numerous,1
opens,1
magic,1
publication,1
recognize,1
particulars,1
aspired,1
clue,1
artificial,1
crisis,1
good,1
change,1
relatively,1
keele,1
shifted,1
insight,1
eve,1
general,1
raises,1
include,1
divisions,1
characterized,1
publications,1
hard,1
working,1
period,1
jr,1
responsibility,1
cold,1
admission,1
peddled,1
compiling,1
gen,1
markets,1
parish,1
barrier,1
dogma,1
played,1
collected,1
accelerating,1
coalesced,1
france,1
strategic,1
crafted,1
kind,1
atmosphere,1
contrast,1
keenly,1
turn,1
interacted,1
unity,1
solution,1
sharp,1
quite,1
commentaries,1
street,1
remains,1
elements,1
nor,1
latter,1
around,1
macdonald,1
dawley,1
aspects,1
glum,1
footnotes,1
anonymous,1
primarily,1
chamberlain,1
characteristics,1
sartorially,1
statesmanship,1
problems,1
profound,1
accomplished,1
back,1
serialization,1
orchestrated,1
bloody,1
trying,1
organizations,1
response,1
transfer,1
june,1
interlinked,1
eloquent,1
radio,1
bellicose,1
endnotes,1
interpretations,1
ally,1
left,1
topics,1
johnson,1
chicago,1
effect,1
can,1
engages,1
contrasting,1
concepts,1
norman,1
appeasers,1
london,1
blunder,1
unwitting,1
blue,1
instance,1
handling,1
eloquently,1
interaction,1
sly,1
preserving,1
focus,1
figures,1
macmillan,1
details,1
correspondence,1
nazi,1
whenever,1
answers,1
notes,1
immerses,1
leadership,1
arnold,1
should,1
fellow,1
energetically,1
sears,1
recurring,1
messiah,1
unravelling,1
guaranteed,1
subversion,1
race,1
valiantly,1
portrait,1
vblkischer,1
indigestion,1
justice,1
amount,1
draw,1
battles,1
