WORDCOUNTS,WEIGHT
the,143
and,112
of,94
to,59
in,57
white,55
a,41
whiteness,40
as,38
is,31
foley,30
that,25
race,25
they,22
it,21
but,20
his,19
with,19
their,18
not,18
for,18
texas,17
s,16
he,15
was,15
central,15
tenants,15
history,14
are,14
has,14
its,14
people,14
whites,14
american,13
all,13
because,12
this,12
landlords,12
scourge,11
only,11
social,11
on,11
were,10
mexicans,10
class,9
or,9
sharecroppers,9
by,9
cultural,9
be,9
at,8
who,8
lives,8
men,8
racial,8
them,8
work,8
black,8
blacks,8
than,8
economic,7
about,7
from,7
cotton,7
never,7
well,7
categories,7
way,6
one,6
often,6
manhood,6
more,6
also,6
other,6
could,6
p,6
both,6
such,6
studies,5
mexicanos,5
into,5
power,5
agrarian,5
where,5
land,5
an,5
themselves,5
when,5
farm,4
poor,4
whose,4
star,4
agrarianism,4
analysis,4
mexican,4
itself,4
just,4
ever,4
t,4
human,4
over,4
each,4
struggles,4
lone,4
those,4
political,4
less,4
narrative,4
failure,4
larger,4
compelling,4
made,4
far,4
became,4
gender,4
which,4
own,4
like,4
you,4
abstractions,4
even,4
world,4
states,3
americans,3
if,3
independence,3
lost,3
southern,3
united,3
category,3
struggle,3
university,3
then,3
mexicano,3
most,3
tenancy,3
writes,3
intellectual,3
control,3
neil,3
came,3
very,3
there,3
do,3
everyday,3
reviews,3
system,3
simple,3
used,3
croppers,3
privileges,3
have,3
relations,3
gendered,3
things,3
become,3
resistance,3
much,3
language,3
south,2
does,2
womanhood,2
second,2
limits,2
act,2
rather,2
concerned,2
sometimes,2
meaning,2
intricacies,2
resisted,2
play,2
others,2
binary,2
renters,2
understand,2
women,2
trash,2
certain,2
replaced,2
hold,2
mobility,2
inferior,2
supposed,2
sets,2
exists,2
escape,2
seems,2
familiar,2
meant,2
before,2
culture,2
historian,2
skin,2
comes,2
presumed,2
two,2
experience,2
being,2
first,2
failing,2
party,2
analyzing,2
book,2
fell,2
faced,2
similarly,2
country,2
had,2
shares,2
result,2
december,2
higher,2
did,2
advantage,2
color,2
attempt,2
ideological,2
particularly,2
changed,2
demands,2
farming,2
how,2
privileged,2
take,2
charges,2
masculinity,2
better,2
racist,2
sharecropping,2
access,2
what,2
broke,2
livelihood,2
intertwined,2
placed,2
however,2
core,2
belief,2
problem,2
dream,2
fascination,2
ladder,2
weren,2
out,2
wants,2
studying,2
matrix,2
some,2
richard,2
level,2
reader,2
ideologically,2
household,2
press,2
contradictions,2
got,2
happens,2
hybridity,2
fail,2
during,2
beings,2
exploit,2
gain,2
story,2
pair,2
question,2
complicated,2
described,2
clear,2
since,2
good,2
individual,2
define,2
hard,2
individualism,2
socialist,2
defined,2
heart,2
specific,2
migration,2
qualities,2
depression,2
sense,2
races,2
can,2
always,2
constant,2
entire,2
why,2
among,2
engagement,2
doing,2
perfect,1
fails,1
cite,1
crow,1
european,1
carried,1
will,1
payments,1
failed,1
rights,1
depth,1
privilege,1
tasks,1
seeming,1
simultaneously,1
asserted,1
racism,1
final,1
encountering,1
triple,1
essential,1
jeffersonian,1
humans,1
century,1
complex,1
contest,1
absence,1
equals,1
convergence,1
without,1
bureau,1
difficult,1
common,1
twinned,1
meets,1
important,1
ahanagran,1
trick,1
bring,1
usually,1
ruptured,1
wrote,1
plays,1
everett,1
ideology,1
turns,1
maps,1
claimed,1
edward,1
degraded,1
sort,1
limited,1
racialized,1
everyone,1
lines,1
account,1
recognizes,1
manly,1
fault,1
repatriation,1
determine,1
upward,1
insist,1
weary,1
still,1
above,1
mundane,1
opportunity,1
abstraction,1
granted,1
risk,1
research,1
transformation,1
initially,1
collapsed,1
center,1
denies,1
strange,1
plots,1
dignity,1
denied,1
life,1
insistence,1
stability,1
fate,1
pp,1
construction,1
biological,1
songs,1
remembering,1
live,1
competition,1
absorbed,1
divided,1
miscegenated,1
yet,1
creatures,1
justifying,1
get,1
americanism,1
blinded,1
downward,1
makes,1
ensures,1
empathy,1
happened,1
empower,1
fights,1
many,1
couched,1
bad,1
insofar,1
photographs,1
wanted,1
underexamined,1
under,1
stanford,1
mobile,1
forget,1
devices,1
claims,1
justified,1
necessarily,1
classify,1
indefensible,1
share,1
title,1
seriously,1
imposed,1
rarely,1
any,1
elsewhere,1
material,1
keeping,1
believed,1
performed,1
lessons,1
plantations,1
arrest,1
complexity,1
changing,1
words,1
faith,1
upper,1
peoples,1
contexts,1
rescued,1
preeminent,1
cautions,1
reliance,1
records,1
superior,1
deserved,1
powerful,1
desperation,1
passion,1
else,1
renting,1
hardscrabble,1
davis,1
cost,1
mere,1
putting,1
actually,1
members,1
glimpse,1
problems,1
jackson,1
exploitation,1
creation,1
asks,1
connection,1
back,1
skill,1
sections,1
trashundeserving,1
drift,1
attempts,1
stories,1
mark,1
highly,1
toward,1
berkeley,1
make,1
natural,1
engendered,1
develops,1
actual,1
deficiencies,1
union,1
between,1
sharecropped,1
analytical,1
uses,1
rented,1
dehumanizing,1
joins,1
cultivated,1
different,1
engaged,1
novel,1
shows,1
itinerant,1
outside,1
possibilities,1
lack,1
whom,1
reach,1
idea,1
limit,1
available,1
believe,1
capitalist,1
capital,1
historicizing,1
downwardly,1
abilities,1
twenty,1
distraction,1
rents,1
down,1
succeeds,1
together,1
found,1
aspire,1
begun,1
superfluous,1
half,1
beliefs,1
confusion,1
vision,1
current,1
differences,1
farmers,1
crop,1
superiors,1
striving,1
children,1
lived,1
really,1
richer,1
tells,1
peon,1
predictability,1
subdued,1
end,1
stridently,1
written,1
while,1
audience,1
aloof,1
narrowed,1
real,1
historical,1
identities,1
ignatiev,1
compensate,1
man,1
compromised,1
bestows,1
rhetoric,1
academic,1
turned,1
infinitely,1
enough,1
took,1
latest,1
growing,1
ground,1
oppressors,1
knows,1
adjustment,1
understood,1
normal,1
california,1
unlikely,1
due,1
ambiguous,1
economy,1
secular,1
johns,1
carefully,1
settled,1
whether,1
rose,1
terms,1
produced,1
form,1
see,1
cannot,1
historically,1
making,1
rising,1
case,1
partners,1
trope,1
grounds,1
wealth,1
practice,1
shape,1
lets,1
doesn,1
agricultural,1
diaz,1
blaming,1
deconstructs,1
your,1
narrate,1
eastern,1
mistrustful,1
key,1
money,1
schema,1
creates,1
hopkins,1
sought,1
free,1
masked,1
america,1
agriculture,1
difficulties,1
brilliant,1
fluidity,1
ysleta,1
jim,1
president,1
none,1
remained,1
disable,1
yield,1
property,1
another,1
local,1
parable,1
original,1
felt,1
inadequate,1
contain,1
travel,1
asians,1
tractors,1
landowners,1
success,1
skepticism,1
rendered,1
sympathizes,1
doomed,1
reinvigorates,1
ownership,1
circumstances,1
unreconstructed,1
professor,1
concept,1
discrimination,1
region,1
county,1
combination,1
met,1
little,1
say,1
crude,1
part,1
events,1
plummeted,1
mechanization,1
civil,1
industrialized,1
conception,1
arbitrary,1
along,1
dirty,1
african,1
irish,1
himself,1
contradiction,1
writing,1
thankful,1
outcomes,1
loss,1
whole,1
measure,1
conventional,1
pursuit,1
gave,1
west,1
describe,1
nigger,1
wonderful,1
tangled,1
poster,1
embody,1
issues,1
indians,1
racially,1
tejanos,1
allows,1
ideas,1
succeed,1
labor,1
questions,1
structures,1
trend,1
thus,1
individuals,1
somewhere,1
full,1
farmer,1
simplify,1
mockery,1
thrived,1
dependence,1
endanger,1
experiences,1
devoted,1
ultimately,1
until,1
heroes,1
bid,1
sacrificing,1
rungs,1
deeply,1
rage,1
forcing,1
deceptively,1
years,1
status,1
league,1
open,1
challenging,1
discovered,1
constantly,1
three,1
against,1
moral,1
sink,1
homogenous,1
approach,1
relentless,1
opens,1
restraint,1
exerted,1
impinging,1
borrows,1
attacked,1
author,1
finally,1
virtues,1
prices,1
aspired,1
interest,1
neighbors,1
noel,1
becoming,1
ethnoracial,1
large,1
course,1
diversion,1
prolonged,1
david,1
grown,1
mexicanosmake,1
divisions,1
allowed,1
touches,1
afford,1
describing,1
provides,1
would,1
field,1
socially,1
so,1
physical,1
supremacists,1
provided,1
facileness,1
regarded,1
tom,1
fostered,1
shaping,1
victims,1
features,1
supremacy,1
mexico,1
expected,1
twentieth,1
held,1
kind,1
attempted,1
off,1
turn,1
connects,1
losing,1
quite,1
claim,1
shrugged,1
measured,1
lose,1
decided,1
slew,1
least,1
blame,1
immigrants,1
classification,1
curiously,1
worst,1
payment,1
times,1
displays,1
wasn,1
morally,1
profits,1
characteristics,1
concerns,1
eliminates,1
silly,1
replace,1
systems,1
masking,1
eyes,1
distinctions,1
actions,1
possessive,1
neat,1
flawed,1
parochial,1
wholly,1
decline,1
browning,1
thing,1
boundaries,1
effect,1
telling,1
blurring,1
yielded,1
converging,1
engages,1
burro,1
sharing,1
structure,1
managed,1
confusing,1
early,1
uncertainty,1
arbitrariness,1
within,1
capitalism,1
obscure,1
instance,1
porfirio,1
equivalent,1
reconciling,1
re,1
practically,1
slipping,1
trendy,1
paid,1
counts,1
border,1
away,1
beauty,1
laborers,1
virtue,1
embodied,1
hardly,1
hickey,1
hope,1
opposite,1
competitive,1
master,1
division,1
twists,1
roediger,1
avoid,1
separate,1
anglo,1
