WORDCOUNTS,WEIGHT
the,256
of,159
and,97
in,92
to,81
a,56
that,52
is,43
by,36
they,29
george,27
st,27
with,25
new,25
this,24
were,22
their,21
as,21
not,20
s,20
it,19
for,19
but,18
one,17
about,17
history,17
he,16
have,15
his,14
from,14
p,14
which,14
an,14
book,13
or,12
england,12
on,12
these,11
be,11
may,10
historical,10
historians,10
people,10
author,10
evidence,10
at,9
will,9
past,9
we,9
body,9
within,8
was,8
any,8
more,8
all,8
what,8
its,8
houses,8
american,7
house,7
could,7
signs,7
conversing,7
however,7
has,7
while,7
artisans,7
stewart,7
between,7
those,7
no,6
vickers,6
most,6
into,6
are,6
there,6
cultural,6
them,6
terms,6
boston,6
colonists,6
point,6
colonial,6
language,6
sense,6
back,6
early,6
than,6
way,5
marblehead,5
when,5
pp,5
common,5
only,5
other,5
over,5
puritan,5
whether,5
problem,5
touring,5
well,5
some,5
both,5
example,5
along,5
things,5
century,5
after,5
themselves,5
massachusetts,5
can,5
much,5
critical,4
sometimes,4
who,4
connecticut,4
pages,4
fantasy,4
many,4
culture,4
women,4
begins,4
attacks,4
others,4
possession,4
lyric,4
englanders,4
reviews,4
another,4
bodies,4
nothing,4
such,4
does,4
general,4
poetic,4
quite,4
several,4
through,4
would,4
nicholas,3
possessed,3
metaphoric,3
if,3
been,3
doors,3
indeed,3
she,3
white,3
nor,3
town,3
modern,3
university,3
during,3
us,3
explains,3
takes,3
elsewhere,3
something,3
windows,3
two,3
june,3
first,3
constructed,3
guilt,3
might,3
did,3
time,3
out,3
memories,3
atlantic,3
end,3
symbolically,3
contemporary,3
real,3
i,3
fragments,3
men,3
hand,3
do,3
learn,3
same,3
robert,3
understood,3
particular,3
material,3
native,3
method,3
america,3
great,3
chapter,3
possible,3
understanding,3
data,3
work,3
upon,3
part,3
partly,3
human,3
throughout,3
rage,3
argument,3
own,3
church,3
approach,3
piece,3
involved,3
around,3
never,3
although,3
often,3
scholarship,3
up,3
probably,3
implication,3
world,3
north,3
connections,3
actions,3
witches,3
society,3
now,2
where,2
laboring,2
doubts,2
architecture,2
act,2
bold,2
usually,2
freudian,2
wrote,2
fear,2
cannibalism,2
argues,2
ordinary,2
legitimate,2
how,2
connection,2
referred,2
chimneys,2
above,2
dozens,2
make,2
subconscious,2
anxiety,2
deals,2
discover,2
poetics,2
possess,2
consuming,2
yet,2
shell,2
interpretation,2
hutchinson,2
means,2
itself,2
susan,2
abraham,2
moved,2
objects,2
hearts,2
confidence,2
communion,2
then,2
just,2
desborough,2
impulse,2
generally,2
arguing,2
too,2
leads,2
simply,2
gentlemen,2
symbolic,2
follow,2
social,2
kernel,2
ignore,2
claims,2
wrong,2
painted,2
text,2
guilford,2
here,2
sustained,2
alternative,2
set,2
later,2
view,2
christ,2
imaginative,2
whereas,2
had,2
nature,2
investigates,2
standards,2
different,2
dismembered,2
believe,2
event,2
plan,2
wealthy,2
search,2
deal,2
metaphorical,2
privileged,2
very,2
goods,2
know,2
amongst,2
merely,2
forms,2
readers,2
risked,2
remarkable,2
fishermen,2
manner,2
discussing,2
economy,2
farmers,2
attack,2
daniel,2
context,2
offering,2
persons,2
impulses,2
side,2
energy,2
spoke,2
politic,2
perhaps,2
theory,2
assertions,2
streets,2
referents,2
bones,2
day,2
right,2
design,2
suggests,2
scope,2
obviously,2
portraits,2
eighteenth,2
apart,2
given,2
events,2
press,2
goes,2
core,2
conventional,2
fragment,2
results,2
penetrate,2
images,2
indians,2
long,2
writing,2
section,2
individuals,2
psychoanalysis,2
medieval,2
years,2
against,2
analyzing,2
modem,2
finally,2
public,2
times,2
intention,2
like,2
consumption,2
physical,2
practising,2
next,2
folklorist,2
expressing,2
elements,2
small,2
especially,2
specific,2
enlightenment,2
eyes,2
certainly,2
plausible,2
trouble,2
millenialism,2
displayed,2
methodological,2
find,2
also,2
little,2
conquest,2
because,2
hayden,2
souls,2
figures,2
whenever,2
notes,2
mouths,2
should,2
embodied,2
influence,2
major,2
justice,2
buildings,2
limiting,1
tore,1
inventive,1
buried,1
difficult,1
deserted,1
literal,1
excessively,1
go,1
william,1
communities,1
accounted,1
underlay,1
foolish,1
amount,1
christian,1
abstracting,1
reconstructed,1
springs,1
referent,1
produces,1
likely,1
eclectic,1
americans,1
arrangement,1
farm,1
whose,1
page,1
forces,1
terrain,1
agitation,1
limits,1
else,1
hopes,1
without,1
generalization,1
reviewer,1
ostensible,1
european,1
conflicting,1
rather,1
fortified,1
english,1
assert,1
parenthetical,1
bring,1
economic,1
ideas,1
aimed,1
superficially,1
willful,1
across,1
short,1
ideology,1
service,1
maps,1
portion,1
barns,1
politically,1
blessed,1
arresting,1
site,1
vols,1
hill,1
limited,1
dangers,1
play,1
landscape,1
dressed,1
provocation,1
episodes,1
trans,1
determine,1
capture,1
responded,1
evidential,1
feel,1
gift,1
demonstrates,1
hers,1
whatever,1
plagued,1
extends,1
deathblow,1
july,1
being,1
visceral,1
dealt,1
rim,1
prevalence,1
dwellings,1
determining,1
evoking,1
intervention,1
civility,1
slipped,1
proportion,1
lasted,1
manages,1
flexible,1
obtains,1
muster,1
confine,1
similar,1
scottish,1
importance,1
reservations,1
group,1
movement,1
area,1
enlightening,1
crowd,1
stretches,1
simultaneously,1
complex,1
concluding,1
fort,1
hold,1
owed,1
religious,1
life,1
masking,1
awry,1
methods,1
empowered,1
lacking,1
danger,1
illustrations,1
renewals,1
analysis,1
artisanry,1
continually,1
designed,1
earl,1
puritans,1
presumed,1
hope,1
openings,1
patches,1
formed,1
surprising,1
second,1
space,1
breasts,1
moreover,1
keats,1
risks,1
criticism,1
constitutes,1
relied,1
cannot,1
unabated,1
creatures,1
centuries,1
meet,1
emerging,1
rising,1
enjoined,1
lives,1
establishment,1
stamp,1
suited,1
paragraphs,1
read,1
doorway,1
conscious,1
builds,1
notwithstanding,1
alone,1
meant,1
wanted,1
played,1
seeing,1
stable,1
spirit,1
considered,1
god,1
consider,1
exposes,1
style,1
eighteenthcentury,1
flag,1
neither,1
thesis,1
index,1
sickened,1
familiar,1
yard,1
prisoners,1
presents,1
millennial,1
clear,1
contained,1
torok,1
cannibalistic,1
home,1
grounds,1
motherland,1
rarely,1
ambitious,1
reformation,1
demons,1
before,1
sum,1
send,1
practice,1
exceptions,1
shifting,1
choices,1
skin,1
mary,1
enclosed,1
literally,1
complexity,1
experiment,1
frequently,1
john,1
exemplify,1
ocean,1
prevent,1
already,1
nervous,1
mercantile,1
crusader,1
memorial,1
test,1
knows,1
lower,1
cautious,1
increasingly,1
painting,1
determinants,1
wombs,1
anything,1
revenge,1
implied,1
surface,1
worldliness,1
scrutiny,1
beyond,1
wondering,1
sufficient,1
longer,1
extraordinarily,1
sources,1
ralph,1
heavy,1
accounts,1
spots,1
arrival,1
putting,1
labor,1
undisciplined,1
walled,1
undoubtedly,1
blood,1
hereafter,1
instance,1
conflicted,1
left,1
interests,1
established,1
crews,1
juxtaposing,1
researched,1
essays,1
quoting,1
believed,1
poorest,1
nighttime,1
ingenuity,1
projected,1
transforming,1
hospitality,1
figure,1
fed,1
coincidence,1
entangled,1
trained,1
again,1
ran,1
attempt,1
revealing,1
blair,1
shrouded,1
varies,1
natives,1
equally,1
action,1
each,1
ourselves,1
stretch,1
towards,1
country,1
working,1
descriptive,1
literary,1
active,1
slaughtered,1
cultures,1
words,1
my,1
thus,1
came,1
waterfront,1
latent,1
shows,1
ramble,1
able,1
maritime,1
whom,1
identifying,1
precision,1
path,1
resentment,1
seem,1
treatment,1
gravestone,1
contrives,1
gone,1
tradition,1
best,1
explores,1
brewhouse,1
appearance,1
striking,1
critic,1
assertion,1
suggesting,1
train,1
together,1
newfoundland,1
feels,1
difficulty,1
axtell,1
beliefs,1
simple,1
afraid,1
ought,1
savagery,1
unsteady,1
surprisingly,1
current,1
tropics,1
domestic,1
intersected,1
returns,1
branch,1
gives,1
heavenly,1
rich,1
seven,1
educated,1
confront,1
conventionally,1
studied,1
mind,1
vengeful,1
plumbing,1
spends,1
wealth,1
fishing,1
ferocity,1
demonstrating,1
loop,1
radical,1
carolina,1
roules,1
squires,1
number,1
detail,1
take,1
examining,1
eliot,1
listing,1
metaphorically,1
fashion,1
pattern,1
slaughter,1
rand,1
almost,1
discussed,1
hadley,1
base,1
consciousness,1
representative,1
works,1
aggressive,1
scores,1
constructions,1
ages,1
devil,1
pursues,1
last,1
seen,1
places,1
patterns,1
tidy,1
enough,1
fuelled,1
dependence,1
revenging,1
stand,1
growing,1
raised,1
present,1
ground,1
commences,1
drop,1
informed,1
opposite,1
scholarly,1
poverty,1
reading,1
somewhat,1
prone,1
heaven,1
metaphors,1
lifetimes,1
market,1
johns,1
credibility,1
undemonstrated,1
beating,1
carefully,1
portraiture,1
scions,1
concedes,1
unique,1
setting,1
seventeenth,1
implicit,1
investigation,1
hack,1
produced,1
see,1
system,1
inquiry,1
making,1
references,1
skein,1
failure,1
forth,1
threshold,1
thirty,1
metaphor,1
deep,1
agricultural,1
xiv,1
refuge,1
plain,1
assault,1
irritate,1
tie,1
somatic,1
key,1
lived,1
fascination,1
draws,1
tend,1
hopkins,1
really,1
me,1
saying,1
ibid,1
technical,1
oneself,1
fluidity,1
require,1
chase,1
discourse,1
representations,1
cloth,1
scant,1
having,1
ladies,1
struggling,1
throw,1
voice,1
directly,1
historian,1
imagine,1
account,1
indirectly,1
fears,1
demonstrated,1
felt,1
protected,1
believable,1
psyche,1
scientific,1
deliberated,1
categories,1
mansion,1
divided,1
anxieties,1
restricted,1
object,1
popular,1
spaces,1
abroad,1
caution,1
credit,1
proposition,1
suspend,1
phenomena,1
made,1
submerged,1
tool,1
role,1
start,1
presented,1
hundred,1
implicated,1
occasionally,1
preferred,1
values,1
charity,1
true,1
careful,1
admired,1
imagined,1
classes,1
extending,1
concept,1
community,1
prompted,1
four,1
combination,1
london,1
decoding,1
anne,1
far,1
intentions,1
intelligent,1
competing,1
training,1
truths,1
elucidate,1
content,1
original,1
still,1
clearer,1
indigenous,1
ruling,1
department,1
recover,1
elite,1
enter,1
complexities,1
bourgeois,1
die,1
excessive,1
barn,1
tried,1
traditional,1
transition,1
lies,1
tag,1
assumptions,1
got,1
introduction,1
territory,1
doses,1
realm,1
unfortunately,1
commodities,1
tissues,1
arguments,1
indebted,1
numerous,1
causes,1
maria,1
constitute,1
allows,1
isolated,1
sledding,1
tackles,1
representation,1
learned,1
complained,1
eroding,1
structures,1
passageway,1
actual,1
mistake,1
ends,1
daring,1
deciding,1
engaged,1
hankering,1
andrew,1
chapters,1
our,1
call,1
unaccustomed,1
breathtaking,1
proceeds,1
linking,1
thirst,1
middle,1
review,1
overstep,1
captives,1
simplify,1
express,1
sacrament,1
inn,1
enthusiasm,1
french,1
charges,1
dating,1
systematic,1
participate,1
students,1
radicalism,1
psychic,1
echo,1
difficulties,1
lists,1
burden,1
covenant,1
ignored,1
vernacular,1
meanings,1
winds,1
comes,1
corner,1
sensibilities,1
borderlands,1
placing,1
finding,1
persist,1
reality,1
readings,1
tour,1
tables,1
launching,1
write,1
massacre,1
points,1
jared,1
neighbors,1
ireland,1
crisis,1
rental,1
critique,1
give,1
wish,1
tough,1
dozen,1
admission,1
try,1
course,1
contributed,1
joined,1
relations,1
haunted,1
crime,1
raises,1
portray,1
pride,1
consumer,1
good,1
occurs,1
price,1
building,1
essex,1
range,1
below,1
period,1
so,1
function,1
embodiment,1
summer,1
workers,1
wildly,1
strange,1
employing,1
enclosures,1
rooted,1
high,1
am,1
poet,1
level,1
standardized,1
cries,1
kind,1
familiarity,1
seeks,1
off,1
samuel,1
anyone,1
turn,1
wrestling,1
eye,1
cases,1
extremely,1
thomas,1
slew,1
augustan,1
construct,1
courtyard,1
confess,1
reluctance,1
witch,1
openly,1
class,1
summary,1
perspective,1
envisioned,1
davenport,1
needs,1
pours,1
crosses,1
characteristics,1
offered,1
supported,1
few,1
problems,1
internal,1
article,1
highly,1
prominent,1
thing,1
trying,1
accusing,1
study,1
surfaced,1
parallel,1
normally,1
passages,1
alchemical,1
valuable,1
chapel,1
ser,1
county,1
holds,1
disturbing,1
preferring,1
become,1
moving,1
wholly,1
missing,1
essentially,1
interpretations,1
topics,1
third,1
effect,1
unfortunate,1
enlightened,1
sharing,1
name,1
james,1
customary,1
trades,1
hardy,1
excel,1
orthodox,1
deposition,1
ketches,1
even,1
farmstead,1
entire,1
corpus,1
sin,1
interaction,1
stimulating,1
selfishness,1
think,1
least,1
dispensing,1
demonstration,1
propositions,1
notice,1
harkened,1
deeply,1
traditions,1
traced,1
quarterly,1
governor,1
statement,1
ago,1
born,1
skill,1
formulae,1
unravelling,1
oliver,1
pillars,1
contradictory,1
sane,1
close,1
congregation,1
unified,1
activities,1
examines,1
seemed,1
deeper,1
notion,1
draw,1
renaissance,1
