WORDCOUNTS,WEIGHT
the,178
of,112
and,87
in,45
to,35
as,27
that,27
a,25
land,25
indians,24
for,20
hinderaker,18
empire,17
ohio,17
is,17
empires,14
it,13
but,13
valley,13
american,11
not,11
with,11
was,11
indian,11
new,11
an,11
at,10
racism,10
french,10
british,10
on,10
than,10
history,9
s,9
book,9
commerce,9
european,8
their,8
by,8
america,8
he,7
rather,7
into,7
over,7
had,7
which,7
imperial,7
policies,7
this,7
settlement,7
governments,7
among,7
construction,6
more,6
liberty,6
government,6
early,6
his,5
about,5
from,5
most,5
elusive,5
country,5
are,5
william,5
colonists,5
trade,5
its,5
europeans,5
use,5
colonial,5
years,5
have,5
states,5
between,5
i,4
mancke,4
white,4
western,4
or,4
all,4
great,4
problem,4
well,4
made,4
part,4
mountains,4
were,4
relationships,4
north,4
against,4
much,4
evidence,4
nations,3
settlers,3
century,3
treaties,3
been,3
expansion,3
who,3
landholding,3
they,3
parts,3
analysis,3
united,3
modern,3
university,3
policy,3
colonialism,3
title,3
historian,3
definition,3
these,3
two,3
linkage,3
interests,3
challenge,3
attempts,3
control,3
scholars,3
did,3
pressure,3
p,3
pennsylvania,3
because,3
reviews,3
side,3
has,3
historians,3
colonies,3
middle,3
region,3
three,3
language,3
lakes,3
successful,3
so,3
changes,3
long,3
few,3
when,3
ground,3
we,3
increasing,2
chronic,2
analytic,2
americans,2
no,2
engendered,2
lawrence,2
tools,2
institutionalization,2
one,2
institutionalized,2
why,2
frontier,2
morgan,2
doing,2
just,2
practices,2
proclamation,2
regulated,2
first,2
blacks,2
ordinance,2
also,2
westward,2
exclusive,2
power,2
others,2
edmund,2
epilogue,2
hatred,2
engaged,2
georgia,2
based,2
stories,2
could,2
lived,2
really,2
far,2
end,2
last,2
respond,2
beginning,2
narratives,2
though,2
cultural,2
penn,2
appalachian,2
march,2
equitable,2
establish,2
them,2
winthrop,2
less,2
flaws,2
explain,2
while,2
right,2
cronon,2
some,2
virginia,2
understanding,2
establishing,2
examples,2
own,2
richard,2
concept,2
west,2
bois,2
press,2
republic,2
elizabeth,2
rendering,2
established,2
warfare,2
older,2
during,2
coureur,2
northwest,2
breakthrough,2
people,2
us,2
increasingly,2
structures,2
forces,2
eric,2
chiefs,2
de,2
manage,2
theme,2
accommodation,2
finding,2
traders,2
period,2
victims,2
tribal,2
seaboard,2
response,2
constructing,2
themselves,2
up,2
jordan,2
st,2
immediately,2
here,2
notes,2
leadership,2
ago,2
hardening,1
cornstalk,1
counterraids,1
racialization,1
communities,1
now,1
equation,1
thwarted,1
profoundly,1
relationship,1
recognized,1
york,1
hegemony,1
provide,1
edge,1
way,1
fairly,1
act,1
assert,1
later,1
meaning,1
slavery,1
irreconcilable,1
economic,1
extinguish,1
vision,1
maps,1
overall,1
created,1
toward,1
feared,1
organizing,1
does,1
racialized,1
landscape,1
deadly,1
achilles,1
argues,1
logan,1
model,1
determine,1
cohort,1
crest,1
institutions,1
implies,1
dimensions,1
assure,1
variety,1
narrowing,1
alone,1
transformed,1
consolidating,1
fragmented,1
itself,1
seventeenth,1
granted,1
anyone,1
effectively,1
lasted,1
legal,1
similar,1
unprecedented,1
tracing,1
canada,1
pressured,1
recently,1
achievements,1
boone,1
decisions,1
envisioned,1
study,1
often,1
heavily,1
linkages,1
surprising,1
directives,1
ways,1
types,1
centuries,1
violence,1
means,1
centrifugal,1
done,1
arrangements,1
opportunities,1
settled,1
pp,1
read,1
colonizing,1
largely,1
applied,1
many,1
pared,1
unanticipated,1
array,1
under,1
montage,1
streamed,1
around,1
restricted,1
consider,1
challenged,1
signed,1
position,1
fast,1
river,1
guaranteed,1
minor,1
dictates,1
unlike,1
curiously,1
authorities,1
entrenched,1
individually,1
fifteen,1
any,1
takes,1
proved,1
before,1
culture,1
moving,1
air,1
nineteenth,1
repaired,1
preface,1
colony,1
nonetheless,1
broad,1
chief,1
too,1
fare,1
upper,1
xi,1
physiological,1
women,1
themes,1
show,1
department,1
experience,1
begins,1
acknowledges,1
farmed,1
ever,1
conceptualize,1
being,1
tried,1
e,1
bar,1
populated,1
anything,1
only,1
known,1
negro,1
connecting,1
beyond,1
raids,1
cherokee,1
followed,1
defines,1
persuasive,1
willingness,1
lexington,1
titles,1
nova,1
heel,1
resistance,1
relinquish,1
creations,1
regulating,1
index,1
unimaginable,1
owning,1
dominant,1
important,1
preference,1
feeling,1
planting,1
defining,1
mutually,1
foil,1
put,1
freedom,1
worked,1
towards,1
england,1
readily,1
cultures,1
uses,1
distribution,1
came,1
expanding,1
longer,1
lack,1
principles,1
volatility,1
attractive,1
believe,1
alienation,1
unfolding,1
assembling,1
twenty,1
explores,1
areas,1
leaders,1
down,1
seigneurial,1
relates,1
develops,1
governed,1
accompanied,1
speculators,1
emergence,1
constructions,1
wrote,1
offers,1
exclusion,1
commonwealth,1
differences,1
tackling,1
coming,1
attempt,1
concord,1
ideological,1
seven,1
achievement,1
larger,1
found,1
akron,1
diverse,1
tells,1
atlantic,1
forging,1
radical,1
room,1
inherently,1
identities,1
ambivalent,1
other,1
reflect,1
dependencies,1
works,1
options,1
better,1
never,1
turned,1
density,1
state,1
fits,1
subordinate,1
paris,1
those,1
reserved,1
occupation,1
contact,1
understood,1
political,1
equal,1
effective,1
purchase,1
where,1
war,1
governors,1
relations,1
deceptive,1
johns,1
scrambled,1
purposes,1
daniel,1
lands,1
overextended,1
physiology,1
terms,1
making,1
sovereignty,1
case,1
purchased,1
explicit,1
necessary,1
wealth,1
outside,1
textbook,1
agricultural,1
volatile,1
tension,1
perhaps,1
communally,1
find,1
leaving,1
fully,1
hopkins,1
primary,1
explicitly,1
free,1
u,1
europeanindian,1
rejected,1
improve,1
secure,1
explored,1
historicizes,1
property,1
another,1
information,1
local,1
generally,1
quantities,1
felt,1
betrayed,1
used,1
illustrate,1
knew,1
afterward,1
adopting,1
both,1
powers,1
bibliography,1
tool,1
splendid,1
intense,1
range,1
eighteenth,1
umbrella,1
crossed,1
analyzed,1
heart,1
sides,1
multiple,1
significantly,1
peace,1
point,1
adoption,1
homesteads,1
preferable,1
whites,1
laws,1
marshalled,1
knowledge,1
looking,1
dynamic,1
still,1
became,1
along,1
attitudes,1
object,1
giving,1
himself,1
expand,1
positions,1
ecology,1
plagues,1
host,1
empirical,1
agents,1
ordering,1
territory,1
traded,1
theirs,1
unregulated,1
refers,1
began,1
families,1
specialized,1
racially,1
labor,1
gain,1
clientage,1
ethnic,1
processes,1
interactions,1
domination,1
our,1
reinforced,1
throughout,1
come,1
leverage,1
away,1
option,1
disadvantages,1
hampshire,1
employed,1
ultimately,1
models,1
dawes,1
resettling,1
mine,1
negotiating,1
trifling,1
ignored,1
xv,1
cambridge,1
observed,1
illinois,1
modem,1
uncontrollable,1
squatted,1
national,1
publication,1
ceasing,1
author,1
shawnees,1
points,1
dominated,1
mode,1
essay,1
thus,1
good,1
admission,1
sparsely,1
officials,1
occupancy,1
plasticity,1
sure,1
issued,1
dense,1
define,1
would,1
canadian,1
anger,1
questionable,1
livelihoods,1
fostered,1
revolution,1
played,1
metis,1
trading,1
settling,1
forced,1
proximity,1
centripetal,1
assemble,1
black,1
quite,1
ordeal,1
remains,1
increased,1
clashes,1
immigrants,1
loose,1
transformation,1
small,1
perspective,1
favored,1
probe,1
conceptualizing,1
claims,1
written,1
subjects,1
republics,1
feelings,1
systems,1
divisions,1
textbooks,1
further,1
third,1
inclusion,1
research,1
protested,1
rejection,1
left,1
narrative,1
taming,1
villages,1
relocating,1
single,1
negotiate,1
telling,1
truly,1
can,1
alliances,1
be,1
networks,1
scotia,1
james,1
fighting,1
priests,1
uncover,1
richness,1
inability,1
unpacks,1
drawn,1
looks,1
even,1
dominance,1
adopted,1
journal,1
traditional,1
northern,1
focus,1
figures,1
border,1
risked,1
florida,1
kentucky,1
provided,1
generation,1
time,1
am,1
organized,1
close,1
competed,1
court,1
harnessing,1
hunt,1
johnson,1
separate,1
grasp,1
standard,1
late,1
