WORDCOUNTS,WEIGHT
the,177
of,130
and,106
to,53
a,46
in,46
s,30
on,29
women,26
lears,23
that,22
culture,21
p,21
advertising,19
with,18
consumer,18
as,18
history,17
by,17
from,16
for,16
she,15
is,15
book,15
at,14
scanlon,14
how,13
world,13
cultural,12
this,12
its,11
he,10
they,10
what,10
it,9
their,9
work,9
an,9
who,8
one,8
about,8
not,8
but,8
people,8
his,7
more,7
art,7
magazine,7
between,7
abundance,6
readers,6
artists,6
material,6
some,6
american,6
than,6
lives,5
objects,5
or,5
home,5
also,5
power,5
might,5
carnivalesque,5
ladies,5
america,5
both,5
were,5
century,5
longings,5
through,5
even,5
journal,5
we,5
vision,4
inarticulate,4
fiction,4
analysis,4
horowitz,4
was,4
cornell,4
same,4
these,4
first,4
social,4
other,4
time,4
goods,4
within,4
writes,4
writers,4
part,4
tried,4
advertisers,4
promoted,4
have,4
be,4
critics,3
will,3
relying,3
whose,3
way,3
corporate,3
connected,3
life,3
illustrations,3
white,3
into,3
only,3
helped,3
again,3
body,3
all,3
j,3
advertisements,3
whom,3
explores,3
advice,3
out,3
new,3
audience,3
married,3
thompson,3
another,3
rhetoric,3
do,3
those,3
political,3
where,3
reviews,3
them,3
less,3
animistic,3
task,3
consumers,3
reader,3
chapters,3
which,3
personal,3
argues,3
contradictions,3
author,3
concentrates,3
although,3
walter,3
such,3
elements,3
magical,3
especially,3
satisfy,3
efficiency,3
always,3
texts,3
traditional,3
among,3
here,3
marketplace,3
model,2
housekeeping,2
relationship,2
second,2
avoids,2
york,2
science,2
if,2
indeed,2
drama,2
suggestive,2
play,2
market,2
mysteries,2
visual,2
transformation,2
enabled,2
single,2
continually,2
columns,2
criticism,2
sets,2
yet,2
pp,2
modern,2
joseph,2
us,2
neither,2
western,2
index,2
seems,2
title,2
stabilizing,2
nineteenth,2
something,2
impact,2
arguing,2
house,2
source,2
artifice,2
most,2
two,2
readings,2
followed,2
disembodying,2
claims,2
lionni,2
members,2
jackson,2
managers,2
offers,2
selfhood,2
movements,2
toward,2
natural,2
subject,2
worked,2
control,2
dreams,2
many,2
producerist,2
are,2
ardery,2
shows,2
stories,2
seem,2
reform,2
forces,2
clearly,2
process,2
very,2
heterodoxy,2
jennifer,2
careers,2
mind,2
feminist,2
took,2
fables,2
focused,2
daniel,2
explosive,2
feminine,2
wealth,2
spiritual,2
perhaps,2
central,2
key,2
professionals,2
dream,2
sought,2
really,2
well,2
chapter,2
periodical,2
participation,2
suggests,2
pursue,2
persistently,2
role,2
emphasis,2
values,2
heart,2
far,2
example,2
along,2
gender,2
skeptical,2
authenticity,2
persisted,2
emphasizing,2
human,2
think,2
throughout,2
focuses,2
suffrage,2
carnival,2
relationships,2
peddlers,2
commercial,2
moralists,2
visions,2
reality,2
twentieth,2
approach,2
magic,2
had,2
professional,2
like,2
would,2
fostered,2
things,2
provides,2
nor,2
involved,2
self,2
forms,2
offered,2
june,2
rest,2
victorian,2
narrative,2
ads,2
explore,2
consumption,2
sorcery,2
focus,2
much,2
enhanced,2
notes,2
should,2
provided,2
examines,2
society,2
unwittingly,2
subversive,1
prescribed,1
final,1
domesticity,1
difficult,1
media,1
failed,1
threatened,1
depth,1
battle,1
opposed,1
reconfiguration,1
challenge,1
womanhood,1
hero,1
applications,1
adversarial,1
intellectuals,1
frederick,1
transformations,1
note,1
matter,1
attempts,1
no,1
window,1
materials,1
dialogic,1
ambivalence,1
heroic,1
letters,1
bold,1
degree,1
promises,1
plenitude,1
johns,1
usually,1
economic,1
wrought,1
spirituality,1
short,1
practitioners,1
edward,1
site,1
pieces,1
juliet,1
talks,1
truth,1
limited,1
basic,1
influential,1
return,1
celebration,1
excess,1
appreciate,1
moralism,1
insufficiently,1
fleshy,1
college,1
male,1
female,1
capture,1
salesmen,1
bricolage,1
independence,1
seeks,1
mean,1
poor,1
christine,1
elusive,1
arts,1
above,1
fragmented,1
evokes,1
phrases,1
make,1
garden,1
notably,1
effectively,1
production,1
fecund,1
threaten,1
contribution,1
conversion,1
targeted,1
disconnect,1
center,1
reminding,1
modernizing,1
artist,1
proffered,1
parts,1
unfamiliar,1
capacious,1
class,1
whole,1
containing,1
richly,1
reconsider,1
rethink,1
often,1
satisfaction,1
agency,1
spectacular,1
adept,1
puritans,1
fully,1
once,1
iconography,1
consequences,1
thinker,1
bok,1
alleged,1
moreover,1
confines,1
ways,1
fields,1
interpretation,1
support,1
reference,1
fantasy,1
atmosphere,1
itself,1
union,1
articles,1
makes,1
insistence,1
happened,1
wrestled,1
reconceptualize,1
vastly,1
immensely,1
continuity,1
spirit,1
cause,1
prehistory,1
paradoxes,1
university,1
ality,1
position,1
talking,1
discouraged,1
cartesian,1
familiar,1
literary,1
seriously,1
usual,1
emergence,1
present,1
ambitious,1
then,1
ascetics,1
linked,1
creators,1
takes,1
before,1
section,1
elsewhere,1
capsule,1
vehemently,1
n,1
articulated,1
comes,1
contemporaries,1
nonetheless,1
broad,1
performers,1
consumerism,1
too,1
w,1
without,1
contempt,1
illustrated,1
needs,1
department,1
experience,1
demonstrate,1
struck,1
begins,1
experienced,1
increasingly,1
streamlined,1
came,1
rise,1
known,1
surface,1
look,1
beyond,1
picture,1
company,1
skilled,1
efficient,1
defines,1
notions,1
sources,1
persuade,1
stark,1
labor,1
patent,1
promulgated,1
amount,1
begin,1
answers,1
questions,1
voices,1
enticing,1
disenchanting,1
juxtaposing,1
inventive,1
m,1
methodologically,1
factory,1
fell,1
selves,1
particulars,1
hedonistic,1
know,1
others,1
protestant,1
strengthen,1
view,1
over,1
stands,1
meaning,1
fluid,1
conflicts,1
promoting,1
rational,1
redeeming,1
tremendous,1
commonplace,1
reanimating,1
working,1
nature,1
paper,1
expressed,1
definition,1
different,1
replaces,1
fact,1
pastoral,1
acceptable,1
longer,1
sell,1
pursuits,1
underwrote,1
treatment,1
debates,1
wide,1
wholeness,1
did,1
best,1
hucksters,1
outlook,1
medicine,1
opposing,1
fredric,1
desire,1
called,1
simple,1
documents,1
smart,1
wrote,1
sure,1
domestic,1
returns,1
portrayal,1
choice,1
moments,1
exotic,1
eruptions,1
industrializing,1
shockingly,1
senses,1
follows,1
particularly,1
range,1
break,1
larger,1
job,1
associates,1
contradictory,1
can,1
closer,1
excursions,1
curiosity,1
end,1
written,1
remain,1
fills,1
separating,1
resulting,1
take,1
continual,1
identities,1
program,1
considerable,1
illustration,1
past,1
there,1
burst,1
struggles,1
vitality,1
fresh,1
circumvented,1
reanimation,1
living,1
affluence,1
inspires,1
rethinking,1
late,1
circulation,1
outside,1
may,1
hand,1
throwaway,1
studies,1
containment,1
reserved,1
boundaries,1
captive,1
though,1
reading,1
purchase,1
war,1
economy,1
literature,1
developing,1
analytic,1
march,1
racial,1
setting,1
whether,1
contents,1
playful,1
form,1
productivist,1
individualistic,1
cannot,1
meet,1
involvement,1
issue,1
cover,1
grounds,1
proliferating,1
shape,1
agencies,1
hoped,1
eroticism,1
woman,1
linear,1
books,1
strauss,1
problem,1
routledge,1
has,1
fascination,1
captures,1
insightful,1
coined,1
her,1
hopkins,1
bases,1
possibility,1
lowliest,1
mass,1
realize,1
aspects,1
therefore,1
undermined,1
prescriptions,1
cloth,1
changed,1
rationality,1
voice,1
information,1
thousands,1
almost,1
richness,1
traditionalist,1
ideal,1
virginia,1
private,1
compelling,1
hundreds,1
stance,1
exploring,1
revealed,1
contain,1
jameson,1
strips,1
categories,1
millions,1
discussion,1
paucity,1
transfiguration,1
popular,1
scope,1
quality,1
pitchmen,1
portraits,1
explanation,1
move,1
lois,1
sanitized,1
restrained,1
writings,1
recognition,1
bolder,1
point,1
x,1
including,1
drew,1
leo,1
discusses,1
nontraditional,1
exchanges,1
asserting,1
formidable,1
content,1
calls,1
press,1
became,1
ministers,1
goes,1
subcultures,1
mystique,1
sophisticated,1
identity,1
encouraged,1
transition,1
betty,1
went,1
artifacts,1
enduring,1
freshest,1
use,1
continuation,1
realm,1
gave,1
commodities,1
seek,1
older,1
radicalism,1
discussions,1
transcendent,1
during,1
arguments,1
editorial,1
overtly,1
ayer,1
issues,1
demonstrates,1
controlled,1
collective,1
phenomenon,1
campaigns,1
realized,1
exist,1
actually,1
learned,1
goals,1
relies,1
ethnic,1
williams,1
engaged,1
nothing,1
lansdowne,1
fantastic,1
onedimensional,1
sees,1
novels,1
institution,1
believes,1
intimacy,1
realms,1
ultimately,1
tell,1
astute,1
showing,1
project,1
versions,1
hedonism,1
editor,1
development,1
reveals,1
meanings,1
patriarchy,1
clear,1
observes,1
sensuous,1
three,1
against,1
recasting,1
grappling,1
helen,1
humbug,1
charged,1
executives,1
national,1
publication,1
write,1
recovering,1
modernization,1
points,1
earth,1
aware,1
trap,1
interest,1
harm,1
change,1
subtitle,1
satisfactions,1
ability,1
large,1
counter,1
contributed,1
offer,1
running,1
individual,1
gendered,1
times,1
raises,1
protestantism,1
commerce,1
sense,1
friedan,1
carlos,1
smith,1
hard,1
so,1
evidence,1
cold,1
unified,1
recast,1
othera,1
expected,1
next,1
photograph,1
rationalized,1
unintentionally,1
after,1
progressive,1
fecundity,1
discourse,1
phrase,1
managerial,1
relative,1
dualistic,1
around,1
exchange,1
summary,1
anonymous,1
autonomy,1
turned,1
severed,1
specific,1
few,1
accomplished,1
potential,1
response,1
ethnocentrism,1
materialism,1
sensuality,1
breaking,1
comic,1
editors,1
strength,1
feminism,1
served,1
relation,1
research,1
sensuhorowitz,1
narrow,1
emphasized,1
riches,1
elites,1
scholarship,1
xvi,1
third,1
drives,1
overcomes,1
burlesque,1
truly,1
era,1
stylist,1
resor,1
early,1
uncertainty,1
when,1
seeking,1
capitalism,1
sanctioning,1
looks,1
analyze,1
consequently,1
story,1
interaction,1
pat,1
william,1
sensibility,1
images,1
paid,1
apotheosis,1
glance,1
apparently,1
traditions,1
connections,1
messages,1
beings,1
reanimate,1
quarterly,1
occasion,1
broader,1
achieve,1
vain,1
nuanced,1
attention,1
moved,1
evoked,1
dualisms,1
convincingly,1
rationalizing,1
gleaned,1
complicates,1
seemed,1
repression,1
