WORDCOUNTS,WEIGHT
the,165
and,88
of,82
in,76
to,59
on,26
a,25
for,25
is,24
from,24
p,22
not,20
or,20
american,18
that,18
s,17
as,16
with,16
they,15
by,15
jacobson,15
were,15
history,14
it,13
was,13
but,13
this,12
united,11
english,11
states,11
their,10
cuba,10
erickson,10
irish,10
migrants,10
migration,10
she,9
two,9
more,9
all,9
are,9
much,9
essay,9
at,8
he,8
sources,8
has,8
immigrants,8
england,7
british,7
america,7
which,7
three,7
than,7
does,6
polish,6
how,6
who,6
about,6
diasporic,6
them,6
very,6
questions,6
land,6
emigration,6
century,6
imagination,6
groups,5
emigrants,5
university,5
these,5
women,5
most,5
first,5
here,5
many,5
new,5
leaving,5
because,5
chapter,5
its,5
national,5
an,5
britain,5
be,5
among,5
will,4
oppressed,4
one,4
yet,4
country,4
nineteenth,4
published,4
also,4
book,4
out,4
nationalism,4
reviews,4
nugent,4
population,4
nationalist,4
jewish,4
well,4
some,4
through,4
people,4
lists,4
since,4
nor,4
like,4
european,3
poland,3
no,3
higher,3
his,3
letters,3
been,3
means,3
alone,3
yiddish,3
scottish,3
countries,3
why,3
jews,3
essays,3
studies,3
scots,3
any,3
just,3
too,3
routes,3
certainly,3
historians,3
passenger,3
late,3
places,3
annexation,3
spain,3
william,3
though,3
march,3
answer,3
books,3
almost,3
both,3
press,3
identity,3
often,3
liberated,3
own,3
points,3
ireland,3
would,3
workers,3
industrial,3
after,3
did,3
several,3
charlotte,3
between,3
even,3
white,3
laborers,3
republican,2
interesting,2
situation,2
americans,2
farm,2
south,2
way,2
within,2
economic,2
indeed,2
comparative,2
alliance,2
migrate,2
independence,2
introduction,2
says,2
began,2
similar,2
group,2
special,2
study,2
myth,2
frank,2
done,2
methods,2
occupational,2
county,2
into,2
stefan,2
home,2
fifth,2
conclusion,2
begins,2
possibilities,2
else,2
volume,2
labor,2
index,2
originally,2
factory,2
others,2
towns,2
gazette,2
different,2
came,2
went,2
europe,2
canada,2
could,2
differences,2
economics,2
help,2
there,2
other,2
philippine,2
hebrew,2
cultural,2
wales,2
what,2
emporia,2
recently,2
abraham,2
agricultural,2
poles,2
explain,2
her,2
matthew,2
free,2
felt,2
invisible,2
future,2
apt,2
barszczewski,2
farming,2
west,2
sorrows,2
thistlethwaite,2
city,2
industrialized,2
laws,2
gender,2
challenges,2
contains,2
being,2
ethnic,2
chapters,2
described,2
such,2
editor,2
attest,2
notes,2
cambridge,2
backgrounds,2
knights,2
have,2
tables,2
approach,2
good,2
responses,2
large,2
kansas,2
sense,2
walter,2
hard,2
range,2
farms,2
anyone,2
settlement,2
distinct,2
old,2
family,2
especially,2
lancashire,2
newspapers,2
left,2
find,2
james,2
epigraphs,2
men,2
working,2
strong,2
saw,2
philippines,2
relative,2
so,2
should,2
general,2
finds,2
actions,2
industries,1
model,1
countryside,1
ideals,1
folds,1
frontier,1
merged,1
f,1
cities,1
valve,1
symbolism,1
depressed,1
acculturation,1
sector,1
overrepresented,1
second,1
racism,1
harald,1
sons,1
o,1
revisionist,1
solidarnos,1
whose,1
forever,1
today,1
miller,1
zgoda,1
vanderbilt,1
without,1
runblom,1
potent,1
rather,1
if,1
concerned,1
primitive,1
elaborate,1
identified,1
five,1
ways,1
italy,1
vision,1
plays,1
happy,1
developing,1
war,1
myths,1
l,1
stop,1
purpose,1
encouraged,1
keil,1
go,1
catholic,1
represent,1
dangers,1
begin,1
career,1
square,1
na,1
affected,1
likudlabour,1
inarticulate,1
lancastrians,1
levels,1
urges,1
leslie,1
liessen,1
legitimate,1
revolutionary,1
representativeness,1
depression,1
process,1
brings,1
mean,1
emerita,1
community,1
allen,1
get,1
detailed,1
puritans,1
opportunity,1
intervention,1
roche,1
sphere,1
industrialize,1
earlier,1
curtain,1
germany,1
wilson,1
humanity,1
inadequate,1
deals,1
discover,1
parts,1
miners,1
plots,1
ask,1
religious,1
life,1
systematically,1
positive,1
powderly,1
literacy,1
agency,1
danger,1
nostalgia,1
stereotypical,1
distant,1
blood,1
typos,1
lawyer,1
advised,1
chauvinism,1
boyle,1
urging,1
cheap,1
imogen,1
live,1
alive,1
expansionism,1
scholarship,1
punctilious,1
saxon,1
friends,1
starting,1
support,1
effort,1
approaches,1
katherine,1
empires,1
favor,1
easily,1
brits,1
pp,1
empathy,1
association,1
conscious,1
numbers,1
guiney,1
nationalistic,1
soon,1
expectations,1
monolithic,1
immigrant,1
continuity,1
rosenfeld,1
understressing,1
chaim,1
motive,1
gabaccia,1
trace,1
understands,1
austria,1
times,1
undertaken,1
male,1
dissertation,1
explanatory,1
northwest,1
minor,1
louise,1
laid,1
assimilation,1
peasant,1
wellington,1
then,1
observing,1
cornell,1
instance,1
pathbreaking,1
before,1
assistance,1
dame,1
culture,1
same,1
everyone,1
something,1
underpinned,1
follows,1
traces,1
enticements,1
result,1
unemployed,1
argued,1
frequently,1
quarters,1
calendar,1
comparison,1
grand,1
already,1
situations,1
age,1
themes,1
zionist,1
reviewer,1
hoerder,1
kerby,1
faultlines,1
extensive,1
acknowledges,1
exceptionally,1
common,1
notre,1
fact,1
december,1
comparisons,1
only,1
ratio,1
shows,1
donna,1
decidedly,1
explaining,1
shed,1
considers,1
manuscripts,1
underor,1
useful,1
quantitative,1
membership,1
cost,1
continent,1
putting,1
parliamentary,1
members,1
expands,1
resistance,1
jackson,1
kennedy,1
expulsion,1
asks,1
organizational,1
willing,1
command,1
voices,1
pervasive,1
liberally,1
exile,1
englishwomen,1
seasonals,1
give,1
butler,1
acquired,1
decades,1
stands,1
continental,1
meaning,1
dirk,1
articulate,1
conquest,1
each,1
readily,1
water,1
had,1
opening,1
departure,1
paper,1
expressed,1
dynamite,1
efforts,1
skills,1
definition,1
my,1
populists,1
gordin,1
expanding,1
based,1
happening,1
fairs,1
identifying,1
idea,1
interested,1
unanimous,1
migrant,1
resignation,1
believe,1
masculinist,1
capital,1
deficient,1
textiles,1
agrarian,1
down,1
advantage,1
minnesota,1
teases,1
rule,1
wexford,1
clinkers,1
clan,1
begun,1
half,1
great,1
simple,1
ought,1
episode,1
frye,1
access,1
farmers,1
histories,1
analyses,1
origin,1
nineteen,1
resembles,1
industrializing,1
fifteen,1
achievement,1
confront,1
together,1
become,1
pamphlet,1
government,1
semmingsen,1
trip,1
research,1
reformer,1
john,1
propensity,1
enemy,1
events,1
far,1
census,1
demographic,1
getting,1
religion,1
primary,1
survey,1
take,1
homelands,1
debt,1
reilly,1
elsewhere,1
workman,1
past,1
struggles,1
consciousness,1
appeared,1
works,1
brotherhood,1
rhetoric,1
intrigue,1
socalled,1
never,1
pushpull,1
feminist,1
written,1
took,1
date,1
further,1
chauncey,1
usual,1
greatly,1
mickiewicz,1
migrated,1
do,1
v,1
raised,1
ideologies,1
polonian,1
intervene,1
available,1
informed,1
virtual,1
threads,1
biographies,1
henryk,1
purchase,1
where,1
dangiel,1
hinterland,1
sensitively,1
ideological,1
johns,1
affirm,1
sonneschein,1
existing,1
racial,1
settled,1
context,1
papers,1
appears,1
whether,1
produced,1
proposals,1
less,1
ones,1
now,1
employers,1
case,1
employs,1
con,1
males,1
mind,1
however,1
juxtaposed,1
skilled,1
villages,1
tension,1
hartmut,1
fruit,1
perhaps,1
protective,1
counties,1
february,1
seven,1
eastern,1
arrival,1
nakhman,1
dwellers,1
adaptation,1
opposition,1
surveying,1
method,1
nearly,1
draws,1
hopkins,1
while,1
reflected,1
mass,1
world,1
briefly,1
rests,1
victims,1
emigrant,1
boys,1
trades,1
migrations,1
deal,1
voice,1
none,1
gael,1
czar,1
seeking,1
subsistence,1
suggests,1
emphasis,1
urban,1
contain,1
literature,1
zion,1
destinations,1
fourteen,1
probably,1
regions,1
welcome,1
popular,1
scope,1
listening,1
celebrations,1
parades,1
statehood,1
bought,1
splendid,1
relatives,1
easier,1
patient,1
writers,1
terence,1
helps,1
careful,1
reveal,1
clear,1
israel,1
sides,1
leon,1
attachments,1
combination,1
craftsworkers,1
say,1
except,1
part,1
palestinians,1
explains,1
despite,1
enormous,1
sensibilities,1
conception,1
calls,1
kobrin,1
pulls,1
role,1
attitudes,1
rend,1
homeland,1
elite,1
techniques,1
crossings,1
whatever,1
ingeniously,1
prussia,1
initiative,1
everything,1
undergone,1
moch,1
bialik,1
homeruled,1
describe,1
freedom,1
assumption,1
results,1
mission,1
split,1
grasped,1
versailles,1
libre,1
teofila,1
families,1
maria,1
write,1
colonized,1
wherever,1
harvard,1
nostalgic,1
fine,1
behaved,1
errors,1
consisted,1
subtlety,1
varied,1
filipinos,1
norwegians,1
thus,1
invented,1
phase,1
our,1
unmarried,1
named,1
searching,1
personal,1
focuses,1
irb,1
sic,1
flexible,1
question,1
samolinska,1
newspaper,1
sensibility,1
initiatives,1
historically,1
students,1
yeats,1
accuracy,1
weakened,1
savings,1
argument,1
status,1
significance,1
vernacular,1
ethnicity,1
hands,1
volunteer,1
professor,1
famine,1
sample,1
donald,1
safety,1
against,1
reality,1
transatlantic,1
twentieth,1
authors,1
konopnicka,1
either,1
analogized,1
ambiguities,1
position,1
author,1
agreement,1
rapidly,1
motives,1
tactical,1
civilizing,1
isles,1
change,1
ease,1
unyielding,1
keep,1
raises,1
jewry,1
level,1
d,1
building,1
field,1
rigorously,1
intertwining,1
jr,1
green,1
parallels,1
undying,1
term,1
settling,1
piece,1
forced,1
kind,1
defined,1
theater,1
spilling,1
diaspora,1
tries,1
last,1
adam,1
hence,1
extremely,1
ranged,1
observances,1
scandinavia,1
pages,1
nationalisms,1
traveling,1
seldom,1
turned,1
relies,1
refer,1
preindustrially,1
few,1
include,1
star,1
ithaca,1
sienkiewicz,1
substitute,1
distinctions,1
rest,1
brought,1
conway,1
young,1
cahan,1
served,1
thereby,1
mccarthy,1
themselves,1
adapt,1
russia,1
compared,1
pro,1
nobody,1
third,1
ingrid,1
jacob,1
rosa,1
fourth,1
truly,1
obligation,1
can,1
preceding,1
locales,1
mellon,1
norman,1
early,1
annual,1
claiming,1
captivated,1
up,1
ira,1
department,1
looks,1
student,1
stanislaw,1
lay,1
ranches,1
those,1
censuses,1
looked,1
infantry,1
obstructions,1
constructs,1
morris,1
focus,1
describes,1
reunited,1
immediately,1
mobility,1
panic,1
knows,1
bounties,1
drew,1
identificational,1
previously,1
loyalties,1
cooperative,1
hope,1
passive,1
unskilled,1
immigration,1
hans,1
race,1
master,1
brown,1
promising,1
depew,1
society,1
jeffrey,1
kinzer,1
thorough,1
