WORDCOUNTS,WEIGHT
the,176
and,121
of,106
in,79
a,66
new,50
town,31
to,30
england,27
indian,25
towns,22
for,20
s,19
from,18
by,18
as,17
that,17
indians,17
american,15
people,15
was,14
walpole,14
wachusett,14
were,14
their,13
history,12
an,12
it,11
they,10
is,10
had,10
hampshire,10
connecticut,9
settlement,9
on,9
into,8
falls,8
vermont,8
not,7
with,7
but,7
more,7
great,7
region,7
kilburn,7
bellows,7
after,7
philip,7
north,7
who,6
still,6
frontier,6
established,6
are,6
time,6
what,6
war,6
local,6
century,6
massachusetts,6
valley,6
building,6
at,5
settlers,5
pushed,5
life,5
english,5
many,5
founders,5
river,5
or,5
jaffee,5
other,5
calloway,5
country,5
book,5
men,5
through,5
during,5
colonial,5
land,5
between,5
early,5
his,4
process,4
community,4
home,4
being,4
came,4
view,4
all,4
different,4
route,4
histories,4
john,4
there,4
proprietary,4
cultural,4
where,4
reviews,4
native,4
up,4
establishing,4
eighteenth,4
west,4
families,4
years,4
back,4
maine,4
northern,4
moved,4
rights,3
he,3
colin,3
way,3
later,3
traffic,3
groups,3
generations,3
how,3
europeans,3
h,3
one,3
studies,3
myth,3
about,3
frontiers,3
presumably,3
before,3
traces,3
ed,3
first,3
only,3
beyond,3
also,3
over,3
myths,3
marker,3
p,3
out,3
inland,3
places,3
englanders,3
daniel,3
orleans,3
king,3
when,3
some,3
made,3
hundred,3
became,3
along,3
its,3
abenaki,3
place,3
past,3
worcester,3
clear,3
have,3
national,3
g,3
individual,3
would,3
abenakis,3
family,3
several,3
june,3
assumed,3
presence,3
little,3
stone,3
civilization,2
nation,2
common,2
stores,2
economic,2
names,2
developed,2
migrated,2
excellent,2
allen,2
transformed,2
center,2
enduring,2
serial,2
ethan,2
pages,2
once,2
control,2
communities,2
usner,2
thomas,2
opportunities,2
pp,2
university,2
occurred,2
then,2
proprietors,2
just,2
nineteenth,2
mary,2
memories,2
peoples,2
picture,2
published,2
nova,2
inhabitants,2
name,2
founding,2
business,2
m,2
revolutionary,2
nipmucs,2
arrived,2
stories,2
did,2
stevens,2
together,2
called,2
post,2
neighbors,2
government,2
wentworth,2
lancaster,2
pass,2
very,2
created,2
state,2
jacket,2
pioneer,2
homelands,2
examining,2
outpost,2
living,2
persistence,2
written,2
political,2
behind,2
settled,2
them,2
michael,2
particular,2
passed,2
narrative,2
has,2
while,2
going,2
america,2
memory,2
colonists,2
day,2
remained,2
fighters,2
fight,2
development,2
upper,2
those,2
knew,2
unseen,2
bought,2
colonizers,2
values,2
taking,2
county,2
far,2
press,2
homeland,2
identity,2
tracing,2
coming,2
township,2
named,2
commercial,2
such,2
lands,2
since,2
change,2
doan,2
david,2
homes,2
green,2
offer,2
cases,2
old,2
around,2
canal,2
migrants,2
pioneering,2
same,2
site,2
core,2
scotia,2
always,2
descendants,2
dispossession,2
william,2
looked,2
much,2
world,2
notes,2
quarter,2
society,2
provided,2
nations,1
perfect,1
newer,1
final,1
carved,1
european,1
centennials,1
rope,1
media,1
fifty,1
simpler,1
now,1
coexist,1
roadside,1
cronon,1
woven,1
via,1
valuable,1
led,1
fueled,1
republic,1
sons,1
surround,1
power,1
struggle,1
zuckerman,1
page,1
veneration,1
today,1
fathers,1
attempts,1
no,1
heroism,1
without,1
laurel,1
constitutes,1
heroes,1
implemented,1
continued,1
provide,1
fortified,1
fertile,1
hears,1
bring,1
within,1
identified,1
been,1
commemorated,1
vanished,1
across,1
adds,1
lyman,1
backcountry,1
service,1
designated,1
shelves,1
prose,1
edward,1
expansion,1
mountain,1
peaceful,1
does,1
en,1
landscape,1
classic,1
hugged,1
notices,1
recognizes,1
college,1
vestige,1
fences,1
attacking,1
northeast,1
independence,1
becomes,1
mean,1
growth,1
outlaws,1
accepted,1
active,1
grantees,1
introduction,1
says,1
missouri,1
began,1
returned,1
grey,1
markers,1
experiences,1
strands,1
village,1
transformation,1
rapidly,1
told,1
becoming,1
settlements,1
literati,1
southern,1
roads,1
plots,1
benjamin,1
hurry,1
worlds,1
settler,1
often,1
furthered,1
southeast,1
nostalgia,1
illustrations,1
construction,1
tend,1
white,1
prime,1
existed,1
version,1
bibliographical,1
perniciousness,1
hefty,1
baron,1
informative,1
live,1
fade,1
lots,1
warfare,1
fields,1
museum,1
centuries,1
tale,1
kilbum,1
americans,1
determination,1
treaty,1
intermittent,1
canada,1
coverage,1
phineas,1
navigation,1
hatley,1
figured,1
colonizing,1
happened,1
older,1
modern,1
benning,1
fought,1
disappeared,1
militia,1
continuity,1
under,1
benefitted,1
tomes,1
decade,1
captain,1
melvoin,1
position,1
neither,1
western,1
index,1
simultaneously,1
seems,1
peaceable,1
taverns,1
regularly,1
participants,1
operated,1
commonwealth,1
extinction,1
any,1
cornell,1
constant,1
elsewhere,1
culture,1
heirs,1
dartmouth,1
hayes,1
continual,1
contested,1
result,1
churchgoers,1
instrument,1
absence,1
bakery,1
differs,1
pioneers,1
territory,1
threat,1
nineteenthcentury,1
drone,1
already,1
townspeople,1
responsibility,1
porous,1
townsites,1
department,1
commonly,1
macdougall,1
celebrates,1
said,1
recovered,1
nipmuc,1
regional,1
symbolic,1
known,1
erupted,1
brink,1
either,1
shop,1
permanence,1
ballard,1
raid,1
willard,1
londonderry,1
party,1
hattery,1
surge,1
shops,1
members,1
starting,1
observed,1
unique,1
creation,1
engines,1
earle,1
french,1
sustained,1
utrecht,1
entailed,1
hood,1
orators,1
sometimes,1
military,1
kenneth,1
garrison,1
again,1
rush,1
ran,1
death,1
statement,1
conflicts,1
l,1
promoting,1
colonization,1
worked,1
beautiful,1
image,1
each,1
secured,1
greater,1
j,1
be,1
nature,1
liberty,1
gregory,1
meadows,1
dot,1
expanding,1
based,1
shows,1
waxed,1
muskets,1
walk,1
forebears,1
could,1
scholars,1
best,1
leading,1
room,1
found,1
here,1
puritan,1
vision,1
mantle,1
visiting,1
attack,1
report,1
followers,1
wilderness,1
rivalry,1
quarterly,1
encroachment,1
turnpike,1
linked,1
quintessential,1
demonstrating,1
gray,1
mississippi,1
events,1
census,1
powhatan,1
interstate,1
proved,1
take,1
historical,1
farnsworth,1
farmer,1
wood,1
i,1
captured,1
man,1
automobiles,1
damage,1
removal,1
bands,1
last,1
edge,1
late,1
took,1
stuff,1
replicated,1
daniell,1
hand,1
keith,1
v,1
equally,1
present,1
ground,1
robert,1
lens,1
traced,1
founder,1
captive,1
though,1
quiet,1
scholarly,1
effective,1
defending,1
doughton,1
road,1
johns,1
studying,1
yankee,1
tumerian,1
stopped,1
existing,1
shared,1
idem,1
emanated,1
appears,1
whether,1
jere,1
population,1
stability,1
offering,1
see,1
system,1
tailor,1
kingdoms,1
making,1
accounts,1
case,1
purchased,1
concerts,1
skirmish,1
afterword,1
inclusive,1
proceed,1
westminster,1
thirty,1
colony,1
remaking,1
presided,1
seasonal,1
reexamined,1
spiritual,1
perform,1
ruth,1
scalps,1
books,1
blacksmiths,1
holly,1
bow,1
adaptation,1
sell,1
source,1
weak,1
sacrifice,1
patronage,1
streets,1
her,1
chief,1
hopkins,1
chair,1
allens,1
affair,1
spaniards,1
valleys,1
thoroughly,1
bellesiles,1
verbose,1
percent,1
ties,1
boys,1
notion,1
colonies,1
periodical,1
information,1
account,1
ideal,1
r,1
line,1
urban,1
situated,1
used,1
travel,1
deerfield,1
churches,1
demos,1
thanksgiving,1
primaries,1
received,1
fishing,1
boston,1
closer,1
move,1
richard,1
occupy,1
poems,1
stagecoaches,1
reveal,1
fine,1
commissioner,1
sundays,1
peace,1
story,1
point,1
occupants,1
chap,1
kin,1
despite,1
example,1
indicating,1
industrialized,1
fur,1
apparent,1
overlooking,1
increased,1
related,1
perpetuates,1
role,1
schoolhouses,1
anew,1
two,1
representing,1
plied,1
experience,1
subject,1
commissioned,1
went,1
plenty,1
substance,1
recreated,1
sold,1
target,1
former,1
plowed,1
rowlandson,1
garrisoned,1
sheltered,1
affording,1
web,1
divided,1
printers,1
expansive,1
izard,1
ever,1
colonized,1
lower,1
maintained,1
ideas,1
prominently,1
minutemen,1
long,1
actually,1
increasingly,1
surveyor,1
somehow,1
conflict,1
central,1
hour,1
invented,1
individuals,1
mentions,1
exerted,1
midewife,1
full,1
weekly,1
office,1
we,1
waselkov,1
piecemeal,1
participate,1
merchants,1
powerful,1
described,1
ulrich,1
genealogies,1
colonel,1
martha,1
downriver,1
alan,1
week,1
fact,1
significance,1
this,1
disappear,1
hillside,1
borderlands,1
accumulate,1
twentieth,1
modem,1
tables,1
numerous,1
doctors,1
boones,1
donna,1
traders,1
foci,1
author,1
peter,1
raided,1
group,1
brass,1
essay,1
makes,1
good,1
governor,1
social,1
creating,1
wits,1
legitimating,1
grown,1
allowed,1
fitch,1
like,1
hanover,1
below,1
ready,1
gross,1
summer,1
buildings,1
revolution,1
things,1
raiding,1
rooted,1
replaced,1
trading,1
nashaways,1
settling,1
lie,1
changes,1
disservice,1
ecology,1
greens,1
area,1
discourse,1
bustling,1
walking,1
event,1
latter,1
forms,1
exchange,1
diary,1
merrimack,1
proclaim,1
times,1
needs,1
influence,1
jurisdiction,1
driving,1
few,1
spanned,1
news,1
marriage,1
editing,1
bridge,1
ithaca,1
miles,1
lawyers,1
ser,1
houses,1
young,1
become,1
provincial,1
holidays,1
shadows,1
lunenburg,1
hills,1
libraries,1
third,1
twice,1
waterpower,1
era,1
trades,1
generally,1
artisans,1
lockridge,1
stream,1
implication,1
looks,1
even,1
instance,1
develop,1
plymouth,1
festivals,1
strong,1
notice,1
than,1
taylor,1
roots,1
bounties,1
traditions,1
resist,1
famous,1
so,1
kentucky,1
caution,1
tannery,1
meeting,1
successive,1
generation,1
incoming,1
built,1
attention,1
dust,1
bypassed,1
rest,1
close,1
abenaqui,1
major,1
occur,1
celebrating,1
lowercentral,1
grants,1
commemorates,1
