WORDCOUNTS,WEIGHT
the,203
of,122
in,75
and,74
a,62
to,50
klan,49
that,42
was,23
s,23
by,20
as,19
for,19
klansmen,15
kkk,15
this,15
social,12
moore,12
were,12
is,12
it,11
has,11
ku,11
klux,11
on,11
maclean,10
hooded,10
local,10
indiana,10
author,10
about,9
most,9
she,9
protestant,9
other,9
which,9
order,9
american,8
from,8
had,8
empire,8
her,8
invisible,8
new,8
be,8
at,7
one,7
but,7
book,7
men,7
state,7
its,7
have,7
an,7
second,6
economic,6
been,6
church,6
white,6
with,6
history,6
membership,6
not,6
athens,6
only,6
p,6
political,6
such,6
work,6
city,6
small,6
among,6
ideology,5
populism,5
lay,5
university,5
proved,5
no,5
members,5
georgia,5
however,5
enforcement,5
press,5
much,5
major,5
will,4
who,4
studies,4
organization,4
communities,4
first,4
many,4
shows,4
reform,4
particularly,4
century,4
better,4
making,4
point,4
role,4
largely,4
change,4
concerns,4
c,4
citizen,4
appeal,3
york,3
variety,3
chivalry,3
shawn,3
detailed,3
mainstream,3
movement,3
complex,3
class,3
study,3
once,3
citizens,3
assets,3
established,3
these,3
labor,3
more,3
law,3
all,3
experienced,3
scholars,3
best,3
reactionary,3
rural,3
assessment,3
readers,3
use,3
those,3
reviews,3
leonard,3
see,3
while,3
because,3
argues,3
popular,3
upon,3
prohibition,3
values,3
urban,3
corrupt,3
records,3
examination,3
students,3
argument,3
notes,3
three,3
numerous,3
group,3
david,3
although,3
mask,3
behind,3
civic,3
elites,3
forms,3
can,3
early,3
views,3
through,3
traditional,3
should,3
race,3
confirm,2
threatened,2
assessed,2
therefore,2
schools,2
republican,2
profoundly,2
situation,2
power,2
common,2
movements,2
kenneth,2
groups,2
indeed,2
overall,2
commitment,2
expansion,2
skilled,2
scored,2
success,2
community,2
intolerance,2
similar,2
large,2
their,2
southern,2
religious,2
life,2
changes,2
rank,2
constitutes,2
yet,2
means,2
additionally,2
pp,2
plus,2
statistical,2
or,2
impulse,2
conclusion,2
broad,2
largest,2
file,2
increasingly,2
t,2
sources,2
jackson,2
also,2
drew,2
sustained,2
index,2
business,2
m,2
important,2
unrest,2
j,2
nature,2
evidence,2
december,2
shaped,2
attractive,2
nancy,2
alexander,2
leaders,2
assess,2
half,2
how,2
religion,2
resulting,2
within,2
americans,2
past,2
documents,2
improved,2
further,2
scholarship,2
remarkable,2
understood,2
manner,2
influential,2
somewhat,2
what,2
population,2
produced,2
less,2
case,2
wealth,2
xiv,2
perhaps,2
counties,2
historians,2
public,2
number,2
information,2
discontent,2
well,2
violent,2
chapter,2
demonstrated,2
status,2
suggests,2
revealed,2
both,2
socioeconomic,2
bibliography,2
level,2
careful,2
future,2
shared,2
very,2
example,2
secret,2
became,2
nation,2
assumptions,2
during,2
virtually,2
protestants,2
issues,2
demonstrates,2
people,2
central,2
million,2
rise,2
promoted,2
growing,2
commercial,2
difficulties,2
they,2
years,2
average,2
since,2
knights,2
moral,2
relatively,2
workers,2
documentation,2
held,2
sense,2
presented,2
like,2
period,2
employing,2
supremacy,2
played,2
politically,2
chalmers,2
late,2
conclusions,2
charles,2
response,2
northern,2
figures,2
than,2
broader,2
seemed,2
decision,2
bigotry,2
society,2
uncritical,2
antiprohibition,1
model,1
dissertation,1
may,1
south,1
residing,1
failed,1
does,1
liberalism,1
possessed,1
apply,1
fueled,1
compares,1
catholics,1
town,1
tradesmen,1
essential,1
german,1
unchecked,1
minor,1
belonged,1
perspectives,1
hoosier,1
difficult,1
continued,1
fortunately,1
his,1
certified,1
recession,1
sometimes,1
middling,1
ecological,1
action,1
leading,1
doctoral,1
across,1
types,1
maps,1
claimed,1
program,1
anomalies,1
fear,1
hill,1
limited,1
play,1
resistant,1
motivated,1
receptive,1
tide,1
stephenson,1
resulted,1
populist,1
merits,1
ordinary,1
nearly,1
male,1
primarily,1
racial,1
growth,1
prove,1
politicians,1
alone,1
context,1
unusual,1
inability,1
christ,1
realizing,1
expanded,1
manuscript,1
after,1
nazarene,1
experiences,1
contribution,1
upsurge,1
rapidly,1
balanced,1
replaced,1
losing,1
drastically,1
special,1
jews,1
impersonal,1
statewide,1
promoting,1
construction,1
fascism,1
towns,1
anchor,1
join,1
heavily,1
surprising,1
likely,1
oxford,1
moreover,1
provides,1
wives,1
criticism,1
murder,1
solidarity,1
support,1
exists,1
problematical,1
itself,1
collections,1
older,1
appendixes,1
evangelical,1
modern,1
country,1
soon,1
notwithstanding,1
message,1
under,1
former,1
pattems,1
matters,1
challenged,1
official,1
publications,1
stronghold,1
marred,1
denounced,1
seems,1
unlike,1
organized,1
included,1
victories,1
curious,1
total,1
eventually,1
thinking,1
devotes,1
elsewhere,1
properly,1
just,1
culture,1
recruiting,1
following,1
conviction,1
nineteenth,1
impact,1
incompetent,1
arguing,1
are,1
ed,1
inaugurate,1
lutherans,1
industrial,1
advancing,1
conclulay,1
age,1
provocative,1
themes,1
manual,1
xvii,1
simply,1
democratic,1
lower,1
detect,1
beside,1
regional,1
powerful,1
theme,1
continual,1
functioned,1
offered,1
unearthed,1
efficient,1
declining,1
volume,1
claims,1
definite,1
specifically,1
party,1
emulation,1
net,1
certainly,1
leader,1
repeatedly,1
swelling,1
bulk,1
populistic,1
quickly,1
sampling,1
toward,1
statistics,1
drawing,1
ran,1
over,1
stands,1
meaning,1
put,1
reduction,1
deterioration,1
assessments,1
affiliated,1
control,1
each,1
tremendous,1
opponents,1
proffer,1
greater,1
active,1
bigoted,1
result,1
advance,1
appraisal,1
confirmed,1
resemblance,1
outside,1
americanism,1
lack,1
underrepresented,1
exploration,1
ushering,1
areas,1
capital,1
xii,1
occupations,1
holds,1
appendix,1
conservative,1
utilizing,1
great,1
called,1
feminism,1
typical,1
rectify,1
richmond,1
inept,1
developed,1
rarely,1
forces,1
relating,1
rich,1
time,1
children,1
exploiting,1
steered,1
classical,1
able,1
government,1
mecklin,1
churches,1
understandable,1
school,1
farming,1
reveal,1
events,1
far,1
census,1
relate,1
carolina,1
enforcing,1
cohesion,1
longstanding,1
overwhelmingly,1
vigilantism,1
presentation,1
build,1
historical,1
examining,1
fashion,1
republicanism,1
there,1
discussed,1
crucial,1
advocacy,1
representative,1
big,1
places,1
patterns,1
mind,1
racist,1
believed,1
precisely,1
committed,1
equally,1
regression,1
activism,1
effective,1
conventional,1
reading,1
where,1
innovative,1
hinterland,1
road,1
economy,1
exposing,1
johns,1
attack,1
denouncing,1
stressing,1
return,1
inroads,1
fraternity,1
appears,1
vulnerable,1
recently,1
meticulous,1
form,1
list,1
sweeping,1
assailing,1
cannot,1
abundance,1
stance,1
issue,1
particular,1
era,1
thirty,1
placed,1
shape,1
focusing,1
deep,1
volatile,1
sophisticated,1
assumed,1
forthcoming,1
ceased,1
debate,1
style,1
nonetheless,1
sects,1
opting,1
hopkins,1
fundamentalism,1
determine,1
agriculture,1
thousands,1
bureaucratic,1
convenient,1
insensitive,1
require,1
percent,1
remained,1
another,1
huge,1
skillfully,1
published,1
original,1
when,1
restoring,1
some,1
basis,1
determined,1
reasoning,1
hundreds,1
antielite,1
indianapolis,1
aspects,1
campaigns,1
middle,1
superpatriotism,1
residents,1
examples,1
considering,1
trial,1
radically,1
yeoman,1
crown,1
made,1
intriguingly,1
doomed,1
strict,1
john,1
helps,1
true,1
fundamentalist,1
clear,1
multiple,1
region,1
significantly,1
european,1
tens,1
part,1
including,1
individual,1
purpose,1
despite,1
asserting,1
strongly,1
bottom,1
forcefully,1
scandal,1
dissipated,1
department,1
african,1
done,1
data,1
gender,1
routinely,1
techniques,1
top,1
irrational,1
elections,1
loss,1
literature,1
west,1
congruence,1
roughshod,1
make,1
disconcerting,1
inherently,1
morality,1
manifestation,1
asserts,1
moffatt,1
evangelicalism,1
writing,1
unrestricted,1
segregation,1
being,1
assuredly,1
bore,1
date,1
engaged,1
pseudonyms,1
individuals,1
chapters,1
throughout,1
come,1
examinations,1
assertiveness,1
triumphs,1
elegant,1
riding,1
endorsed,1
radicalism,1
youth,1
exceedingly,1
gasp,1
low,1
development,1
reveals,1
significance,1
inevitable,1
twentieth,1
originated,1
tables,1
authors,1
responding,1
hierarchy,1
either,1
comprehensive,1
national,1
aware,1
makes,1
interest,1
good,1
dangerous,1
serious,1
officials,1
least,1
instead,1
skillful,1
homes,1
consumer,1
suffers,1
revised,1
working,1
application,1
socially,1
so,1
reformers,1
parts,1
shaping,1
type,1
utilizes,1
protest,1
whiteprotestant,1
stresses,1
course,1
affairs,1
contrast,1
attempted,1
guided,1
earlier,1
progressive,1
tries,1
consolidation,1
last,1
preservation,1
candidates,1
quite,1
claim,1
expressing,1
arbitrary,1
emerging,1
proletarian,1
elements,1
nor,1
municipal,1
tabulation,1
neutral,1
openly,1
opposition,1
times,1
needs,1
characteristics,1
refer,1
especially,1
specific,1
sentiment,1
profound,1
altered,1
contrary,1
body,1
between,1
buffalo,1
distinctions,1
chapel,1
industry,1
concert,1
six,1
primary,1
sions,1
nonevangelicals,1
consulted,1
served,1
research,1
endnotes,1
decline,1
distinguished,1
tactics,1
latest,1
villages,1
succeeded,1
link,1
excluded,1
fresh,1
dedicated,1
enjoyed,1
undemocratic,1
indianans,1
generally,1
hard,1
probably,1
would,1
even,1
instance,1
little,1
dominance,1
southwest,1
attracted,1
world,1
strong,1
tendency,1
north,1
recent,1
industrialization,1
traditions,1
reflected,1
professional,1
niagara,1
general,1
quarter,1
delivered,1
hardly,1
acted,1
nuanced,1
immigration,1
valuable,1
disturbing,1
businessmen,1
concluded,1
activities,1
cites,1
retrospect,1
