WORDCOUNTS,WEIGHT
the,164
and,92
of,89
a,66
in,61
to,57
steel,41
that,29
s,28
policy,26
industry,26
is,25
was,24
by,17
for,17
an,17
as,16
it,15
stein,15
not,13
but,13
industrial,13
this,13
from,12
had,12
her,12
at,11
government,11
she,10
with,10
were,10
american,9
history,9
book,9
rights,8
economic,8
foreign,8
or,8
carter,8
has,8
u,8
workers,8
would,8
on,8
world,8
p,7
job,7
new,7
capacity,7
imports,7
civil,7
which,7
have,7
running,7
when,7
he,6
been,6
market,6
who,6
birmingham,6
plants,6
under,6
two,6
where,6
labor,6
trade,6
black,6
industries,5
no,5
their,5
about,5
these,5
are,5
could,5
graham,5
there,5
what,5
war,5
years,5
abroad,5
driver,5
liberals,5
good,5
his,4
main,4
one,4
university,4
into,4
different,4
declining,4
ii,4
toward,4
over,4
reviews,4
within,4
both,4
press,4
since,4
september,4
national,4
author,4
white,4
story,4
than,4
states,3
road,3
costs,3
way,3
employment,3
lost,3
opportunity,3
united,3
technology,3
liberal,3
house,3
most,3
democratic,3
here,3
writes,3
other,3
bipartisan,3
might,3
view,3
capital,3
did,3
domestic,3
out,3
take,3
man,3
political,3
cab,3
case,3
dumping,3
problem,3
america,3
because,3
voice,3
work,3
some,3
point,3
part,3
became,3
its,3
such,3
washington,3
after,3
governments,3
young,3
research,3
left,3
more,3
even,3
north,3
race,3
alabama,2
otis,2
now,2
fumbled,2
whose,2
l,2
created,2
sort,2
basic,2
decades,2
executive,2
they,2
globalization,2
study,2
responsible,2
republicans,2
competition,2
federal,2
done,2
lives,2
democrats,2
pp,2
subordinated,2
justified,2
management,2
heavy,2
branch,2
then,2
litigation,2
traces,2
version,2
faith,2
only,2
t,2
followed,2
party,2
lead,2
certainly,2
power,2
class,2
sixties,2
intellectual,2
oligopolistic,2
tax,2
kennedy,2
pressure,2
forces,2
effort,2
narrative,2
end,2
carolina,2
religion,2
historical,2
foster,2
sectoral,2
unions,2
do,2
beginning,2
them,2
jobs,2
judith,2
side,2
seem,2
doesn,2
public,2
while,2
free,2
president,2
larger,2
produce,2
almost,2
percent,2
future,2
suspicion,2
protectionism,2
discussion,2
middle,2
father,2
consumers,2
son,2
affecting,2
through,2
joining,2
unrelenting,2
role,2
nation,2
older,2
during,2
size,2
coming,2
evolution,2
complaints,2
first,2
trip,2
sees,2
away,2
question,2
modernization,2
professor,2
due,2
either,2
inadequate,2
closing,2
price,2
like,2
jr,2
plant,2
things,2
high,2
buchanan,2
least,2
better,2
old,2
troubles,2
every,2
especially,2
outcomes,2
fate,2
decline,2
be,2
up,2
steelworkers,2
strong,2
we,2
anchored,2
eeoc,2
time,2
attention,2
major,2
increasing,1
may,1
unlocked,1
marshall,1
lesser,1
pay,1
intricate,1
does,1
communities,1
complaint,1
foremen,1
barbara,1
liberalism,1
interesting,1
led,1
possessed,1
wilmington,1
racism,1
business,1
struggle,1
condemnation,1
reagan,1
hopes,1
continued,1
complaining,1
segments,1
adopt,1
promises,1
johns,1
action,1
aimed,1
failed,1
pull,1
arising,1
across,1
consent,1
passionate,1
compatible,1
piece,1
result,1
edward,1
expansion,1
encouraged,1
hill,1
limited,1
critical,1
contraction,1
inside,1
environmental,1
argues,1
greider,1
instead,1
islands,1
antitrust,1
shorten,1
slow,1
announced,1
prevailing,1
harmed,1
regulators,1
politicians,1
secretary,1
measures,1
goes,1
send,1
intervention,1
make,1
sensed,1
former,1
contribution,1
forcing,1
talk,1
certain,1
movement,1
decent,1
indicts,1
sacrificed,1
parts,1
melting,1
experiment,1
why,1
positive,1
structural,1
opposes,1
illustrations,1
travelled,1
feel,1
once,1
uncompromising,1
requiring,1
regulations,1
supporting,1
selling,1
fields,1
making,1
many,1
hugh,1
get,1
bungled,1
assets,1
itself,1
opportunities,1
face,1
pressures,1
commendable,1
escape,1
rules,1
presidents,1
eugene,1
deregulation,1
favor,1
monumental,1
decrees,1
countries,1
wages,1
wanted,1
reshaping,1
hotly,1
beleaguered,1
spillover,1
cause,1
increased,1
unresponsive,1
socialists,1
reconstruct,1
gephardt,1
beneficiaries,1
detail,1
us,1
easing,1
committee,1
index,1
revitalization,1
benefits,1
curiously,1
necessary,1
cabs,1
policies,1
usual,1
emergence,1
disappointment,1
combines,1
presumably,1
any,1
before,1
elsewhere,1
just,1
economics,1
days,1
moving,1
same,1
dropped,1
regrettably,1
intervened,1
comes,1
viability,1
deliver,1
bethlehem,1
hamburgers,1
turning,1
circumstances,1
ladders,1
japan,1
sparrow,1
department,1
begins,1
hearth,1
foothold,1
increasingly,1
wistfully,1
solidly,1
rodrik,1
continues,1
known,1
sponsoring,1
else,1
decidedly,1
truman,1
subsidized,1
social,1
consensus,1
position,1
sources,1
familiarity,1
davis,1
cost,1
disappearing,1
provide,1
secrets,1
neither,1
convincing,1
usx,1
energized,1
also,1
outflows,1
production,1
rocked,1
sad,1
plight,1
interests,1
law,1
zealous,1
researched,1
tilt,1
ride,1
lot,1
inflexible,1
quickly,1
facilities,1
again,1
crippled,1
necessarily,1
investments,1
strengthen,1
preferences,1
conceived,1
deserves,1
plausibly,1
oppositional,1
artificially,1
introducing,1
causation,1
all,1
added,1
fault,1
financial,1
opening,1
proponents,1
paper,1
arrived,1
efforts,1
furnace,1
drawn,1
salvage,1
others,1
based,1
longer,1
global,1
commission,1
idea,1
chapel,1
abandoning,1
allow,1
conduct,1
competitive,1
distraction,1
nineties,1
devoting,1
industrializing,1
together,1
found,1
listened,1
unconvinced,1
skrentny,1
conference,1
great,1
appeared,1
documents,1
ought,1
current,1
oil,1
visiting,1
returns,1
judge,1
eventually,1
children,1
come,1
sector,1
angry,1
compliance,1
belz,1
xiii,1
unconcerned,1
closer,1
john,1
shifts,1
concludes,1
far,1
debated,1
fills,1
benefit,1
worlddominating,1
flipping,1
administrations,1
considerable,1
i,1
fashion,1
help,1
search,1
sierra,1
external,1
works,1
impressively,1
aggressive,1
relocation,1
fizzle,1
big,1
last,1
semiconductors,1
battered,1
late,1
never,1
places,1
turned,1
readers,1
took,1
share,1
considered,1
scholarship,1
those,1
deriving,1
investigations,1
fusion,1
equal,1
stupendous,1
wage,1
reading,1
cuts,1
something,1
economy,1
backlash,1
default,1
advisers,1
conglomerates,1
stability,1
contracted,1
form,1
handful,1
less,1
see,1
system,1
answer,1
ones,1
references,1
particular,1
can,1
intertwined,1
occasional,1
preside,1
governmental,1
maintain,1
staunch,1
hoped,1
taxi,1
map,1
producing,1
populist,1
guarantee,1
delays,1
belief,1
required,1
sunk,1
leaving,1
dream,1
adverse,1
hopkins,1
encouraging,1
mill,1
huge,1
advisory,1
difficulties,1
eisenhower,1
bureaucratic,1
strikes,1
resurrected,1
globally,1
cloth,1
taxes,1
another,1
aging,1
local,1
account,1
restoring,1
outcome,1
oxygen,1
trial,1
crown,1
possible,1
politics,1
technologies,1
enforcement,1
activity,1
sometime,1
investment,1
literature,1
admits,1
shared,1
intimate,1
coherent,1
solid,1
foreigners,1
jimmy,1
alter,1
bethlemen,1
reversed,1
chiefly,1
start,1
level,1
nine,1
voted,1
heart,1
exporting,1
discrimination,1
formal,1
taking,1
four,1
given,1
say,1
very,1
productivity,1
sea,1
later,1
intelligent,1
distinctly,1
review,1
interested,1
bottom,1
quotas,1
confirms,1
apparently,1
historic,1
turns,1
subject,1
minority,1
impose,1
findings,1
administration,1
economies,1
though,1
asian,1
loss,1
whole,1
year,1
extended,1
shrink,1
perot,1
gave,1
feared,1
reluctantlyto,1
internationally,1
slide,1
unfair,1
tied,1
place,1
decreed,1
behavior,1
realizing,1
pursuing,1
trigger,1
appointed,1
globalizing,1
causes,1
congress,1
issues,1
complained,1
human,1
quite,1
textbook,1
obvious,1
ends,1
goal,1
thus,1
individuals,1
chapters,1
examination,1
ofcc,1
prelude,1
slab,1
ronald,1
office,1
grace,1
employed,1
california,1
scrap,1
evidence,1
tell,1
involves,1
targeting,1
breaks,1
defends,1
won,1
low,1
emeritus,1
ignored,1
open,1
own,1
shield,1
shrinkage,1
understand,1
inflation,1
contract,1
william,1
muscle,1
slashed,1
beseiged,1
nixon,1
detective,1
unionized,1
virtues,1
accept,1
health,1
told,1
explanation,1
crisis,1
amounts,1
southern,1
ray,1
leave,1
held,1
relations,1
vigilance,1
david,1
retiring,1
santa,1
judges,1
upon,1
scratch,1
crushing,1
below,1
gloomily,1
responsibility,1
cold,1
pleading,1
hammer,1
bounty,1
him,1
topic,1
trail,1
jewel,1
tripartite,1
values,1
lacked,1
fairfield,1
effects,1
attaches,1
course,1
order,1
off,1
spreading,1
turn,1
area,1
nontariff,1
managerial,1
measure,1
barriers,1
developments,1
around,1
family,1
heat,1
mistakes,1
herman,1
evident,1
glory,1
parentage,1
driving,1
siege,1
profits,1
offered,1
facing,1
blacks,1
written,1
back,1
news,1
promote,1
dutifully,1
minimills,1
parallel,1
woefully,1
assumed,1
lawyers,1
eloquent,1
viewpoint,1
shriveled,1
facility,1
melange,1
become,1
club,1
snatched,1
trouble,1
intermittently,1
restructured,1
distinguished,1
began,1
headed,1
johnson,1
workforce,1
reached,1
furnaces,1
era,1
centrist,1
irrelevant,1
find,1
illuminates,1
structure,1
fully,1
electric,1
annual,1
views,1
men,1
import,1
working,1
entire,1
pat,1
look,1
astonishing,1
bulwark,1
much,1
focussed,1
saw,1
lengthy,1
notes,1
autos,1
dani,1
affirmative,1
basically,1
quarter,1
finds,1
weakness,1
built,1
quiet,1
laws,1
brown,1
small,1
growth,1
evidently,1
justice,1
costly,1
seemed,1
harmful,1
hunt,1
deindustrializing,1
separate,1
mechanism,1
