WORDCOUNTS,WEIGHT
the,132
of,86
and,47
a,38
in,34
to,34
that,18
american,17
s,17
as,15
for,12
war,12
with,11
an,11
cold,11
on,11
it,10
was,10
its,10
had,9
heale,9
at,8
they,8
but,8
by,8
whitfield,8
have,8
he,7
communism,7
is,7
history,7
within,7
property,6
anticommunism,6
communist,5
their,5
or,5
party,5
more,5
enemy,5
red,5
politics,5
nation,5
were,5
such,5
americans,4
not,4
into,4
culture,4
burner,4
union,4
has,4
public,4
private,4
popular,4
liberals,4
no,3
his,3
johns,3
been,3
soviet,3
about,3
university,3
liberal,3
from,3
faith,3
other,3
did,3
p,3
time,3
government,3
radical,3
political,3
hopkins,3
right,3
press,3
which,3
radicalism,3
this,3
so,3
century,3
radicals,3
left,3
much,3
society,3
may,2
does,2
critical,2
measures,2
still,2
one,2
life,2
why,2
lay,2
bibliographical,2
studies,2
pp,2
country,2
committee,2
index,2
then,2
before,2
baltimore,2
two,2
democratic,2
being,2
first,2
conformist,2
also,2
challenge,2
each,2
all,2
opponents,2
j,2
destroy,2
conformity,2
longer,2
tradition,2
republicanism,2
reasons,2
domestic,2
deal,2
goods,2
written,2
i,2
past,2
term,2
glory,2
took,2
do,2
what,2
reviews,2
them,2
citizenship,2
wealth,2
however,2
free,2
conservatives,2
made,2
fine,2
anarchism,2
scare,2
story,2
call,2
than,2
interpreted,2
own,2
essay,2
course,2
david,2
anger,2
high,2
order,2
exclude,2
old,2
communists,2
mind,2
dissent,2
specific,2
between,2
antiradicalism,2
era,2
book,2
managed,2
little,2
among,2
recent,2
noon,2
ethic,1
contributes,1
imaginatively,1
militancy,1
compound,1
locates,1
midcentury,1
rights,1
loyal,1
naming,1
republican,1
abolition,1
sufficiency,1
liberalism,1
insurgency,1
pejorative,1
lucidly,1
implications,1
minor,1
absence,1
patrioteering,1
frustration,1
independent,1
act,1
declared,1
movements,1
sometimes,1
mattered,1
commentary,1
democracy,1
foreign,1
names,1
developed,1
practical,1
how,1
program,1
confused,1
subject,1
organizing,1
schemes,1
celebration,1
discredited,1
keepers,1
recognizes,1
rosenbergs,1
revolutionary,1
presentation,1
institutions,1
feebleness,1
independence,1
manage,1
cohabited,1
sensitive,1
now,1
active,1
whatever,1
conceives,1
populism,1
make,1
associate,1
president,1
face,1
publisher,1
wilson,1
unprecedented,1
film,1
dissenting,1
luxuriant,1
ix,1
cooler,1
study,1
often,1
responsible,1
drag,1
danger,1
fighting,1
white,1
word,1
simultaneous,1
ultraconservatives,1
federal,1
elaboration,1
mccarthyites,1
pressing,1
lives,1
enlist,1
repressive,1
escape,1
paradox,1
mentality,1
conscious,1
emotionally,1
mindless,1
immigrant,1
distributive,1
wanted,1
seeker,1
former,1
considered,1
contention,1
demanding,1
possibly,1
stephen,1
essential,1
organization,1
sex,1
perceived,1
character,1
familiar,1
benefits,1
contemplated,1
occurred,1
curious,1
boycotted,1
rarely,1
tells,1
days,1
ideologies,1
nineteenth,1
ideology,1
broke,1
traces,1
house,1
preoccupation,1
nonetheless,1
gratifying,1
weak,1
complexity,1
version,1
too,1
presumptions,1
these,1
already,1
proclamation,1
women,1
uglier,1
alien,1
most,1
department,1
emotions,1
maverick,1
impatience,1
anything,1
synonymous,1
only,1
known,1
way,1
else,1
beyond,1
social,1
masses,1
notions,1
alteration,1
louder,1
every,1
members,1
demolish,1
terminology,1
disagreement,1
sustained,1
if,1
embassies,1
leftist,1
power,1
m,1
think,1
might,1
others,1
brains,1
view,1
over,1
appear,1
deserves,1
authoritarianism,1
ineffectual,1
quarrel,1
control,1
emerged,1
hounding,1
massively,1
many,1
greater,1
cadres,1
intending,1
expressed,1
investigates,1
speaks,1
parties,1
betrayal,1
identifying,1
remarks,1
could,1
down,1
recurrent,1
examination,1
found,1
borders,1
desire,1
search,1
beliefs,1
confusion,1
farmers,1
attack,1
loyalty,1
report,1
demonstrations,1
inquiry,1
exonerate,1
confront,1
out,1
conspiracies,1
informing,1
grey,1
intellectuals,1
any,1
new,1
contradictory,1
end,1
villains,1
vigilantism,1
libertarian,1
follette,1
historical,1
stretch,1
antipathy,1
succeeding,1
movie,1
vigorous,1
secrecy,1
reactionary,1
great,1
observes,1
temper,1
fresh,1
ethos,1
simple,1
rebuke,1
czech,1
devised,1
late,1
turned,1
unions,1
justify,1
maoist,1
ground,1
robert,1
remarkable,1
opposite,1
according,1
defending,1
reading,1
innovative,1
heads,1
hostility,1
pursued,1
mainline,1
investigation,1
whether,1
terms,1
constricting,1
posts,1
system,1
courage,1
americanism,1
evaluation,1
excellent,1
side,1
sociology,1
otherwise,1
add,1
appropriating,1
suspect,1
xiv,1
tension,1
spiritual,1
generic,1
populist,1
absolute,1
assault,1
books,1
tightly,1
custom,1
likes,1
extent,1
wide,1
munist,1
task,1
artists,1
issue,1
while,1
sought,1
mass,1
conditioned,1
hunts,1
day,1
marginalizing,1
march,1
dissidence,1
degree,1
justifies,1
explored,1
obsessions,1
deployment,1
argues,1
chapter,1
none,1
hypocrisy,1
suggests,1
basis,1
classes,1
heated,1
herd,1
comfortably,1
egalitarian,1
literature,1
be,1
work,1
analysis,1
middle,1
spaces,1
permitted,1
scope,1
bounded,1
loathed,1
both,1
easier,1
varieties,1
insight,1
carries,1
values,1
mental,1
founded,1
thereby,1
combating,1
equalization,1
including,1
understanding,1
ignores,1
example,1
civil,1
calls,1
became,1
along,1
comment,1
positions,1
concern,1
ritual,1
though,1
rendering,1
administration,1
brew,1
went,1
use,1
tale,1
freedom,1
largely,1
acknowledges,1
resistance,1
during,1
place,1
virtually,1
policies,1
selfexamination,1
numerous,1
demonstrates,1
antiliberalism,1
nationalism,1
people,1
ideas,1
actually,1
egalitarianism,1
catches,1
conflict,1
subtlety,1
thus,1
services,1
individuals,1
includes,1
hunted,1
cowardice,1
throughout,1
peripheral,1
denying,1
personal,1
denunciations,1
sees,1
anxiously,1
smack,1
become,1
until,1
confession,1
unleashed,1
rightwingers,1
huac,1
status,1
difference,1
open,1
counterpoint,1
illustrates,1
against,1
patriots,1
redistribution,1
conditions,1
authors,1
worrying,1
restraint,1
national,1
silent,1
integral,1
author,1
truman,1
virtues,1
characteristic,1
ease,1
defense,1
consumer,1
allowed,1
like,1
length,1
period,1
unexamined,1
vintage,1
wished,1
socialist,1
rhetoric,1
affirmation,1
distinction,1
france,1
executions,1
politically,1
defined,1
theater,1
progressive,1
refuses,1
sexuality,1
quite,1
subvert,1
permitting,1
family,1
brook,1
opposites,1
spent,1
small,1
policy,1
affluent,1
several,1
sufficient,1
outside,1
internal,1
anticommunist,1
commentators,1
body,1
components,1
rest,1
materialism,1
completing,1
peculiarity,1
rightists,1
presence,1
ensuring,1
served,1
themselves,1
vocabularies,1
odds,1
smugness,1
telling,1
wrought,1
alliances,1
kinsey,1
hunters,1
stauncher,1
when,1
conspiracy,1
purification,1
hollywood,1
perpetually,1
propertied,1
flung,1
reasoned,1
results,1
woodrow,1
world,1
grain,1
conventions,1
saw,1
apologist,1
notes,1
traditions,1
persuasions,1
prevail,1
prague,1
repudiated,1
responsibility,1
alternative,1
libertine,1
liturgies,1
la,1
mistaken,1
enjoy,1
activities,1
attended,1
exalts,1
seemed,1
react,1
contestant,1
