WORDCOUNTS,WEIGHT
the,130
of,75
and,74
in,62
to,58
smoke,47
as,37
a,37
that,31
by,18
s,17
for,15
such,15
with,14
it,13
is,13
was,13
from,13
stradling,13
on,13
coal,13
not,12
who,11
more,11
engineers,11
an,11
be,11
at,10
american,10
air,10
but,10
this,10
their,9
did,9
were,9
pollution,9
reformers,9
he,8
his,8
cities,8
have,8
than,8
environmental,7
they,7
history,7
other,7
problem,7
city,7
these,6
industrial,6
only,6
power,6
reform,6
well,6
smokeless,6
aesthetics,6
health,6
does,5
groups,5
how,5
yet,5
university,5
or,5
class,5
many,5
might,5
nye,5
your,5
work,5
which,5
century,5
progressive,5
industry,5
story,5
rather,4
account,4
chimneys,4
one,4
study,4
efficiency,4
mosley,4
perceptions,4
no,4
most,4
social,4
progressives,4
had,4
are,4
p,4
new,4
war,4
gets,4
see,4
public,4
through,4
became,4
until,4
david,4
so,4
workers,4
abatement,4
after,4
eyes,4
would,4
even,4
focus,4
world,4
book,3
may,3
if,3
chimney,3
lancashire,3
movement,3
life,3
why,3
about,3
burned,3
railroad,3
proved,3
before,3
threat,3
materials,3
women,3
railroads,3
long,3
every,3
each,3
fact,3
could,3
britain,3
john,3
fuel,3
political,3
reviews,3
produced,3
plants,3
energy,3
because,3
improve,3
some,3
narratives,3
its,3
tried,3
year,3
people,3
against,3
doctors,3
steam,3
interest,3
need,3
defined,3
took,3
manchester,3
examine,3
can,3
early,3
perception,3
dissertation,2
what,2
estimated,2
scientific,2
meaning,2
economic,2
industrialization,2
absent,2
vision,2
proclaimed,2
overall,2
again,2
fuels,2
landscape,2
primarily,2
e,2
began,2
expanded,2
railway,2
likewise,2
expert,2
often,2
support,2
addition,2
coverage,2
read,2
york,2
modern,2
shift,2
meant,2
decade,2
stephen,2
perceived,2
physicians,2
clearly,2
same,2
artists,2
two,2
steel,2
stop,2
textile,2
successfully,2
equipment,2
law,2
helped,2
faced,2
beautiful,2
into,2
water,2
stilgoe,2
standards,2
efforts,2
inspectors,2
larger,2
gas,2
survey,2
there,2
conclusion,2
greater,2
believed,2
pure,2
consultants,2
right,2
johns,2
terms,2
cause,2
common,2
metropolitan,2
wide,2
hopkins,2
while,2
america,2
briefly,2
percent,2
undermined,2
oil,2
popular,2
success,2
both,2
arguments,2
must,2
clean,2
press,2
cleanliness,2
lawsuits,2
transition,2
use,2
during,2
authors,2
mention,2
human,2
think,2
central,2
ends,2
franklin,2
supplied,2
modernist,2
evidence,2
ultimately,2
years,2
twentieth,2
september,2
recognize,2
include,2
needed,2
caused,2
define,2
diminish,2
smokestacks,2
improved,2
provides,2
times,2
several,2
enough,2
amount,2
patriotic,2
part,2
up,2
geological,2
much,2
saw,2
we,2
notes,2
smog,2
embodied,2
businessmen,2
corridor,2
industries,1
courts,1
woven,1
langdon,1
dealing,1
higher,1
perfect,1
threatened,1
accepting,1
harland,1
communities,1
tests,1
automatic,1
film,1
polluters,1
mostly,1
oh,1
situation,1
americans,1
struggle,1
child,1
reduced,1
reflects,1
played,1
examining,1
variety,1
without,1
various,1
economy,1
cartoons,1
way,1
bringing,1
act,1
declared,1
modernists,1
will,1
estate,1
control,1
identified,1
usually,1
been,1
bituminous,1
you,1
pittsburgh,1
developed,1
created,1
functional,1
claimed,1
grappled,1
limited,1
epidemics,1
exacerbated,1
credibility,1
others,1
emergence,1
lines,1
preempt,1
existing,1
framing,1
substitution,1
becomes,1
lost,1
prove,1
inefficiencies,1
view,1
still,1
starve,1
examined,1
end,1
notably,1
sides,1
heard,1
iconography,1
legal,1
sponsored,1
case,1
transformation,1
importance,1
explaining,1
rapidly,1
jobs,1
complex,1
plenty,1
pleasure,1
touched,1
benjamin,1
volumes,1
tends,1
studies,1
kinds,1
consuming,1
shovels,1
illustrations,1
analysis,1
functioning,1
escape,1
photographers,1
united,1
awareness,1
animals,1
once,1
contributing,1
depicted,1
utilities,1
authority,1
instructs,1
education,1
enforced,1
pressuring,1
denmark,1
when,1
reference,1
meanwhile,1
coalition,1
done,1
pressing,1
makes,1
cleveland,1
pp,1
thought,1
circulated,1
soon,1
wages,1
earliest,1
praise,1
imitated,1
technology,1
issue,1
announces,1
result,1
devices,1
position,1
improvement,1
index,1
seems,1
management,1
virtually,1
cholera,1
laborer,1
marshall,1
burn,1
tax,1
title,1
acting,1
admonishes,1
home,1
teaches,1
protested,1
almost,1
assistance,1
yon,1
culture,1
moderately,1
unimportant,1
days,1
growing,1
shifting,1
worsened,1
gradually,1
baltimore,1
ed,1
sheer,1
source,1
darkened,1
argued,1
changing,1
words,1
inalienable,1
focusing,1
prevent,1
signal,1
founded,1
hunger,1
fires,1
department,1
qualified,1
odense,1
simply,1
extensive,1
records,1
scarcely,1
locomotive,1
increasingly,1
combustion,1
store,1
incomplete,1
reinforced,1
picturesque,1
comes,1
alfred,1
nuisance,1
either,1
differ,1
efficient,1
cotton,1
volume,1
burning,1
sources,1
cost,1
embraced,1
three,1
dire,1
subjects,1
expands,1
convincing,1
lewis,1
answered,1
victorian,1
answers,1
questions,1
purified,1
interests,1
established,1
explain,1
experimented,1
set,1
dominant,1
sold,1
challenge,1
fund,1
cover,1
mumford,1
bright,1
historians,1
begrimed,1
decades,1
address,1
ran,1
natural,1
secretary,1
over,1
stands,1
sublimity,1
perceive,1
rational,1
all,1
thinks,1
electrify,1
england,1
opponents,1
diseases,1
missing,1
experiments,1
expressed,1
legislative,1
tuberculosis,1
archival,1
formidable,1
damaged,1
dramatically,1
organized,1
based,1
longer,1
able,1
d,1
idea,1
yards,1
seem,1
affordable,1
alvin,1
best,1
leading,1
workingclass,1
pressure,1
pages,1
train,1
engineering,1
conservative,1
ph,1
argue,1
bit,1
half,1
search,1
appeared,1
documents,1
skies,1
current,1
dystopian,1
sights,1
regulation,1
painstaking,1
make,1
foundation,1
seven,1
out,1
aesthetic,1
mills,1
drawn,1
lancaster,1
focuses,1
very,1
goods,1
court,1
stations,1
written,1
zone,1
associated,1
camera,1
scene,1
impaired,1
greatly,1
real,1
golden,1
pennsylvania,1
efficiently,1
seldom,1
cyclical,1
damage,1
edwardian,1
compared,1
humorous,1
last,1
ideally,1
resorting,1
turned,1
state,1
unconsumed,1
improving,1
further,1
stand,1
do,1
superstitions,1
movements,1
those,1
text,1
sorts,1
medical,1
normal,1
according,1
surely,1
day,1
focused,1
unlikely,1
influential,1
solved,1
where,1
soot,1
theodore,1
respiratory,1
notable,1
ballads,1
stressing,1
posters,1
careless,1
month,1
floats,1
stanzas,1
unique,1
receives,1
them,1
interwar,1
prosperity,1
prefers,1
vary,1
celebrated,1
form,1
companies,1
less,1
cannot,1
making,1
magazines,1
side,1
necessary,1
practice,1
emblems,1
however,1
wasted,1
fiery,1
unemployed,1
woman,1
doubled,1
ruin,1
downtown,1
moaning,1
ordinance,1
save,1
extent,1
blackening,1
triumph,1
coburn,1
periodization,1
streets,1
her,1
chief,1
primary,1
going,1
u,1
engine,1
discuss,1
technical,1
studying,1
failure,1
grades,1
produce,1
taxes,1
design,1
discourses,1
voice,1
legislate,1
thousands,1
none,1
diarrhea,1
demonstrated,1
replacement,1
stove,1
suggests,1
basis,1
jets,1
private,1
ordinances,1
relief,1
permeated,1
urban,1
agreed,1
lethargy,1
millions,1
ah,1
breath,1
supplies,1
clouds,1
examples,1
solid,1
solely,1
sewers,1
made,1
researchers,1
bibliography,1
upon,1
hundred,1
owner,1
nine,1
average,1
reader,1
waste,1
documentary,1
prominent,1
taking,1
constipation,1
county,1
diggs,1
stokers,1
little,1
say,1
reflecting,1
x,1
uniform,1
cleaning,1
postcards,1
competing,1
medicine,1
civil,1
laws,1
alternatives,1
related,1
role,1
nation,1
interior,1
regulate,1
himself,1
louis,1
attributed,1
moral,1
northern,1
went,1
dozens,1
probably,1
photographed,1
environmentalists,1
slump,1
oppose,1
sign,1
engineer,1
emphasize,1
images,1
cursory,1
literally,1
morality,1
tons,1
ailments,1
representation,1
expertise,1
labor,1
gain,1
being,1
stunning,1
million,1
nothing,1
includes,1
first,1
proceeds,1
pray,1
inefficient,1
question,1
sickness,1
constructed,1
promoted,1
improvements,1
sensibility,1
i,1
systematic,1
showing,1
eventual,1
resort,1
facts,1
immediate,1
development,1
restrictions,1
quality,1
intractable,1
inevitable,1
indeed,1
calculated,1
famine,1
due,1
dominated,1
following,1
muscle,1
tables,1
approach,1
prevention,1
group,1
poetry,1
earth,1
equivalents,1
logic,1
good,1
criminality,1
subtitle,1
published,1
laymen,1
course,1
manufacturers,1
solution,1
individual,1
least,1
painting,1
sunsets,1
successful,1
land,1
like,1
working,1
field,1
impure,1
period,1
rebukes,1
states,1
poet,1
hearing,1
obtained,1
forced,1
contrast,1
tolerability,1
epoch,1
enriched,1
black,1
elsie,1
night,1
association,1
involved,1
relations,1
belt,1
forms,1
family,1
dreiser,1
artificial,1
lighting,1
booth,1
stiglitz,1
legislatures,1
advisors,1
few,1
back,1
concerns,1
cleaner,1
smoky,1
between,1
requires,1
stonewalled,1
disaster,1
listened,1
peace,1
research,1
narrow,1
poem,1
let,1
intimates,1
codes,1
fines,1
values,1
effective,1
chicago,1
palatine,1
unsympathetic,1
despair,1
tended,1
traveler,1
sentiments,1
furnaces,1
alliances,1
mechanical,1
debate,1
vein,1
cincinnati,1
array,1
electric,1
priests,1
generally,1
postwar,1
explore,1
including,1
progress,1
st,1
necessity,1
persuaded,1
given,1
boiler,1
present,1
looked,1
streetlights,1
wife,1
wonderland,1
technological,1
recent,1
zones,1
laborers,1
green,1
professional,1
should,1
building,1
alternative,1
councils,1
achieve,1
built,1
attention,1
unskilled,1
word,1
songs,1
major,1
examines,1
seemed,1
noon,1
too,1
lyrics,1
draw,1
ineffectually,1
