WORDCOUNTS,WEIGHT
the,169
and,122
of,103
to,69
in,45
a,41
as,30
indian,28
american,27
history,24
their,23
for,20
ground,19
middle,17
was,16
but,15
by,15
that,14
they,13
is,13
french,13
had,13
new,13
an,13
on,13
british,12
indians,12
white,11
with,11
cultural,10
it,9
not,9
s,9
world,9
who,8
p,8
people,8
were,8
chiefs,8
alliance,7
shawnee,7
or,7
from,7
out,7
gifts,7
native,7
at,6
old,6
other,6
own,6
its,6
book,5
what,5
frontier,5
allies,5
them,5
relations,5
between,5
even,5
he,4
americans,4
common,4
often,4
more,4
others,4
into,4
are,4
did,4
found,4
time,4
reviews,4
made,4
which,4
multiethnic,4
this,4
murderer,4
group,4
villages,4
be,4
than,4
will,3
fathers,3
no,3
his,3
if,3
meaning,3
use,3
blood,3
empires,3
many,3
university,3
position,3
belonged,3
same,3
over,3
calloway,3
control,3
country,3
december,3
could,3
together,3
great,3
then,3
how,3
goods,3
away,3
algonquian,3
political,3
where,3
en,3
war,3
terms,3
mediation,3
has,3
while,3
america,3
politics,3
part,3
gave,3
place,3
much,3
haut,3
accommodation,3
demanded,3
have,3
traders,3
lakes,3
d,3
revolution,3
century,3
research,3
pays,3
difficult,2
failed,2
now,2
settlers,2
colin,2
republic,2
competition,2
various,2
european,2
rather,2
economic,2
been,2
groups,2
expansion,2
prophet,2
experiences,2
complex,2
about,2
united,2
once,2
colonial,2
murder,2
pontiac,2
studies,2
maintaining,2
thought,2
morgan,2
greater,2
western,2
perceived,2
presents,2
policies,2
just,2
culture,2
too,2
peoples,2
narratives,2
experience,2
first,2
only,2
revenge,2
also,2
alternative,2
power,2
each,2
different,2
societies,2
histories,2
children,2
government,2
shared,2
precarious,2
build,2
considerable,2
embrace,2
patterns,2
prestige,2
kinship,2
reading,2
tecumseh,2
ethnohistorians,2
warriors,2
victims,2
such,2
captive,2
murders,2
when,2
some,2
possible,2
understanding,2
work,2
establishing,2
richard,2
vital,2
heart,2
through,2
exchanges,2
example,2
press,2
role,2
publishers,2
giving,2
against,2
ritual,2
warfare,2
writing,2
rituals,2
come,2
language,2
relationships,2
reconstructing,2
ties,2
both,2
strengthened,2
cambridge,2
patriarchy,2
since,2
g,2
invaders,2
mequachake,2
ability,2
include,2
land,2
working,2
need,2
so,2
tribal,2
states,2
area,2
careful,2
midst,2
exchange,2
few,2
divisions,2
brought,2
young,2
newcomers,2
backcountry,2
enemies,2
early,2
generally,2
story,2
adopted,2
traditional,2
traditions,2
influence,2
workings,2
actions,2
society,2
nations,1
model,1
dealing,1
cornstalk,1
depth,1
accepting,1
steps,1
dians,1
therefore,1
awash,1
usable,1
via,1
negotiations,1
dead,1
disappearance,1
involve,1
currently,1
produces,1
recognized,1
arrangement,1
york,1
iroquois,1
metaphors,1
mckee,1
instructors,1
coopted,1
huron,1
without,1
taken,1
way,1
visually,1
george,1
underestimated,1
demands,1
sometimes,1
crucial,1
action,1
five,1
inventiveness,1
modus,1
ways,1
synthesis,1
arena,1
maps,1
created,1
remain,1
heedless,1
resisted,1
migrated,1
everyone,1
return,1
kinsfolk,1
reexamining,1
resident,1
brief,1
dislocated,1
fewer,1
college,1
legitimate,1
mediating,1
stimulating,1
death,1
process,1
unanimously,1
independence,1
success,1
approaches,1
mequachakes,1
colonizers,1
seen,1
adoption,1
incalloway,1
goes,1
imperialism,1
force,1
make,1
risk,1
anyone,1
survival,1
complaint,1
interactions,1
understand,1
captives,1
standing,1
years,1
village,1
humans,1
grew,1
movement,1
try,1
variant,1
direct,1
led,1
seemingly,1
one,1
achievements,1
mounted,1
intertribal,1
religious,1
lexicon,1
elaborate,1
mediator,1
illustrations,1
fighting,1
kill,1
downplay,1
fall,1
referring,1
infelicities,1
mediate,1
arriving,1
authority,1
respect,1
units,1
annoying,1
english,1
battleground,1
unfortunately,1
h,1
indispensable,1
violence,1
exceptional,1
completely,1
refusing,1
arrangements,1
wake,1
face,1
pp,1
read,1
struggle,1
happened,1
confessed,1
victorious,1
redcoats,1
proud,1
tribe,1
equally,1
addressed,1
policy,1
objects,1
justified,1
index,1
seems,1
management,1
virtually,1
refreshingly,1
conquest,1
specialization,1
earned,1
participants,1
assimilation,1
eventually,1
scots,1
any,1
incongruities,1
constant,1
before,1
growing,1
nineteenth,1
result,1
series,1
demonstrates,1
gets,1
frightened,1
client,1
my,1
assaults,1
insights,1
odds,1
themes,1
counselling,1
most,1
porous,1
show,1
iroquoian,1
communities,1
forge,1
cutting,1
agents,1
bridges,1
validate,1
vermont,1
increasingly,1
speaking,1
eat,1
concepts,1
invoking,1
symbolic,1
longed,1
defeated,1
t,1
precise,1
reciprocity,1
explaining,1
social,1
shed,1
rival,1
useful,1
constructed,1
calumet,1
fellow,1
persuade,1
resilience,1
party,1
ceremony,1
members,1
mosaics,1
wartime,1
identifying,1
dispossession,1
appealing,1
cosmetic,1
unreliable,1
left,1
established,1
odd,1
heritage,1
subjects,1
sections,1
syntheses,1
implications,1
attempts,1
chaos,1
exploration,1
important,1
military,1
know,1
pity,1
again,1
renewed,1
endeavoring,1
appear,1
familiar,1
fluid,1
paragraph,1
commanded,1
allow,1
worked,1
all,1
tremendous,1
experienced,1
diseases,1
opening,1
paper,1
maze,1
nicely,1
problem,1
spellings,1
garrisons,1
names,1
declined,1
longer,1
possibilities,1
lack,1
shaped,1
stories,1
endless,1
fundamental,1
gone,1
individuals,1
incorporating,1
blocks,1
refugee,1
britons,1
warrior,1
creative,1
channeling,1
clan,1
endeavored,1
display,1
simple,1
strength,1
kinspeople,1
allied,1
followers,1
teachers,1
exotic,1
suppressed,1
lived,1
confront,1
obeyed,1
larger,1
deal,1
able,1
richer,1
link,1
image,1
indianness,1
feud,1
doubt,1
survey,1
cultures,1
real,1
historical,1
going,1
captured,1
slaughter,1
past,1
there,1
search,1
achieved,1
integrate,1
disputes,1
advocacy,1
fragments,1
appeared,1
term,1
persistence,1
bands,1
last,1
survivors,1
creating,1
readers,1
further,1
hand,1
do,1
beginning,1
learn,1
raised,1
reasons,1
those,1
indulgence,1
pointing,1
understood,1
complicated,1
covered,1
focused,1
bewildered,1
revise,1
nonallied,1
johns,1
obscures,1
dissolved,1
carefully,1
lands,1
empire,1
context,1
disorder,1
seminar,1
beaten,1
offering,1
retrenchment,1
less,1
see,1
obedience,1
kispoki,1
references,1
xi,1
imperialists,1
particular,1
side,1
era,1
comes,1
however,1
maintain,1
textbook,1
volatile,1
gnadenhutten,1
couple,1
expedient,1
mere,1
perhaps,1
missions,1
required,1
assault,1
unnecessary,1
centers,1
distribution,1
historians,1
style,1
prone,1
creates,1
admittedly,1
matthew,1
hopkins,1
number,1
pieced,1
unraveled,1
confusing,1
patriarchal,1
killed,1
biographies,1
intermediaries,1
cloth,1
remained,1
imperial,1
elliott,1
retribution,1
another,1
information,1
local,1
simon,1
killings,1
demonstrated,1
metaphorical,1
opened,1
designation,1
logical,1
compelling,1
confederacies,1
reveals,1
network,1
atlas,1
shawnees,1
received,1
comprise,1
inappropriateness,1
move,1
start,1
range,1
umbrella,1
chronology,1
values,1
haters,1
tanner,1
writings,1
region,1
alien,1
met,1
given,1
point,1
restrain,1
x,1
exasperation,1
treating,1
eliminating,1
explains,1
whites,1
interpreters,1
fur,1
strangers,1
apparent,1
courses,1
dynamic,1
became,1
three,1
migration,1
anew,1
department,1
die,1
tried,1
restructuring,1
gulf,1
graduate,1
helping,1
territory,1
significant,1
eroded,1
conventional,1
bestowing,1
vast,1
nonhuman,1
fit,1
largely,1
persisted,1
accretion,1
during,1
harmony,1
behavior,1
inherited,1
mainstream,1
broad,1
families,1
challenges,1
colonized,1
drew,1
products,1
learned,1
multisided,1
human,1
ethnic,1
regarding,1
sindatton,1
conflict,1
dispense,1
engaged,1
rewarding,1
trust,1
denying,1
arguments,1
nightmare,1
interethnic,1
dependence,1
haven,1
employed,1
understandings,1
cast,1
internal,1
refugees,1
students,1
spring,1
explained,1
component,1
north,1
unable,1
trade,1
hoof,1
frontiers,1
bent,1
ohio,1
mutual,1
escalated,1
finding,1
reality,1
importance,1
web,1
helen,1
frenchmen,1
author,1
agent,1
neighbors,1
logic,1
delawares,1
isles,1
good,1
change,1
foundered,1
wyoming,1
held,1
discussing,1
viewing,1
eve,1
multitribal,1
individual,1
times,1
restatement,1
redistributing,1
immediately,1
necessitating,1
allowed,1
characterized,1
hunter,1
coexistence,1
dozen,1
him,1
interchangeably,1
simpler,1
dealings,1
mekoce,1
allegiances,1
crossed,1
vengeance,1
nonstate,1
generation,1
villagers,1
order,1
off,1
obligatory,1
after,1
turn,1
reaches,1
black,1
standard,1
alarmed,1
peripheries,1
emerging,1
fine,1
developments,1
involved,1
specifically,1
better,1
neutral,1
reformation,1
displays,1
behaving,1
several,1
concept,1
restored,1
especially,1
dismantle,1
spelling,1
concerns,1
republics,1
although,1
replace,1
misunderstandings,1
trying,1
bridge,1
study,1
eyes,1
textbooks,1
fight,1
assumed,1
vivendi,1
breaking,1
second,1
generated,1
presence,1
observe,1
become,1
themselves,1
decline,1
protect,1
ally,1
chipping,1
scholarship,1
xvi,1
succeeded,1
witnessed,1
dismissed,1
forms,1
yielded,1
obligation,1
can,1
alliances,1
knit,1
like,1
analysis,1
create,1
taxed,1
texts,1
postwar,1
explore,1
up,1
substantial,1
throats,1
would,1
looks,1
valley,1
consequently,1
northern,1
resistance,1
describes,1
plummeted,1
among,1
we,1
roots,1
here,1
recent,1
notes,1
connections,1
simplistic,1
diminished,1
appropriate,1
negligible,1
girty,1
late,1
permeated,1
broader,1
provided,1
deceased,1
alexander,1
doing,1
surely,1
weakness,1
abenakis,1
acted,1
built,1
attention,1
roles,1
moravian,1
adjust,1
compromise,1
customs,1
intermarriage,1
division,1
dictated,1
major,1
bolstered,1
decision,1
operating,1
