WORDCOUNTS,WEIGHT
the,203
of,117
and,80
in,59
to,51
a,43
that,29
anticommunism,23
kovel,20
is,19
as,19
s,18
their,17
was,16
for,15
at,14
war,14
on,14
american,13
by,13
lincolns,12
carroll,12
were,12
this,12
he,11
but,11
an,11
it,9
americans,9
with,9
into,9
most,9
more,9
all,9
brigade,9
communism,8
or,8
from,8
p,8
political,8
they,8
communist,7
been,7
history,7
also,7
view,7
many,7
has,7
so,7
them,6
not,6
are,6
historical,6
what,6
new,6
against,6
communists,6
than,6
veterans,5
red,5
who,5
about,5
instance,5
deep,5
experience,5
volunteers,5
only,5
had,5
because,5
some,5
thus,5
neather,5
sense,5
cold,5
after,5
men,5
be,5
world,5
we,5
george,4
his,4
ideology,4
fear,4
one,4
hole,4
yet,4
pp,4
evil,4
these,4
simply,4
mia,4
fact,4
anticommunists,4
john,4
spain,4
abraham,4
while,4
u,4
america,4
almost,4
politics,4
example,4
its,4
pow,4
indians,4
such,4
have,4
made,4
poum,4
black,4
anticommunist,4
between,4
mccarthy,4
lincoln,4
republican,3
fascism,3
strategy,3
how,3
often,3
fighting,3
united,3
repression,3
lives,3
fought,3
university,3
being,3
beyond,3
long,3
absolute,3
control,3
idea,3
ideological,3
psyche,3
i,3
reviews,3
perhaps,3
popular,3
generalizations,3
psychological,3
little,3
point,3
our,3
which,3
joel,3
national,3
social,3
although,3
would,3
revolution,3
spanish,3
especially,3
even,3
roots,3
notes,3
settlers,2
book,2
democracy,2
opposed,2
states,2
currently,2
mostly,2
york,2
may,2
no,2
rather,2
later,2
foster,2
capture,2
dulles,2
mechanics,2
make,2
pages,2
study,2
prime,2
pivotal,2
face,2
union,2
problematic,2
modern,2
detail,2
us,2
index,2
seems,2
clearly,2
driven,2
coughlin,2
two,2
uprising,2
anything,2
else,2
published,2
party,2
intensely,2
offers,2
explain,2
subjects,2
business,2
important,2
military,2
others,2
over,2
intellectual,2
proof,2
j,2
root,2
kennan,2
angleton,2
other,2
if,2
desire,2
puritan,2
convinced,2
current,2
casualties,2
barcelona,2
really,2
international,2
enemy,2
there,2
works,2
term,2
forms,2
never,2
took,2
date,2
accusations,2
defending,2
accepted,2
see,2
reminds,2
publications,2
franco,2
however,2
ordinary,2
gives,2
james,2
well,2
fight,2
another,2
father,2
front,2
anarchist,2
own,2
betrayal,2
completed,2
women,2
sides,2
part,2
including,2
calls,2
press,2
dozens,2
whole,2
wound,2
much,2
issues,2
phenomenon,2
scare,2
andrew,2
question,2
surely,2
ultimately,2
tendency,2
stanford,2
huac,2
peter,2
battalion,2
leadership,2
good,2
relatively,2
large,2
least,2
land,2
anger,2
workers,2
kind,2
area,2
involved,2
june,2
catalonia,2
myth,2
orwell,2
valb,2
manichean,2
way,2
like,2
january,2
postwar,2
working,2
brigades,2
rest,2
activities,2
limiting,1
nations,1
promised,1
subversive,1
increasing,1
fascists,1
problem,1
fails,1
fascist,1
european,1
carried,1
will,1
secret,1
handful,1
take,1
poor,1
edition,1
interesting,1
led,1
together,1
suspects,1
racism,1
units,1
unrestrained,1
m,1
frequent,1
respected,1
succinctly,1
reagan,1
russian,1
various,1
heroes,1
historically,1
lot,1
nativism,1
act,1
fell,1
managers,1
movements,1
subjected,1
crucial,1
drag,1
usually,1
worldview,1
troubled,1
distorted,1
across,1
indeed,1
impressive,1
stop,1
claimed,1
surprisingly,1
deepen,1
support,1
basic,1
concentrates,1
defining,1
everyone,1
journalistfor,1
extreme,1
principally,1
disowned,1
cia,1
attitude,1
mccarran,1
nearly,1
revolutionary,1
primarily,1
administration,1
dividing,1
e,1
lost,1
sensitive,1
army,1
now,1
concluding,1
seen,1
july,1
still,1
above,1
force,1
newsline,1
returned,1
notably,1
several,1
enlists,1
manages,1
irritating,1
float,1
connected,1
interplay,1
offensives,1
suggestions,1
beneath,1
wilson,1
transformation,1
importance,1
rapidly,1
movement,1
trench,1
ludicrous,1
direct,1
terms,1
complex,1
utterly,1
represents,1
religious,1
tends,1
tangents,1
makes,1
positive,1
sucked,1
accusation,1
lacking,1
reinforced,1
crusade,1
tend,1
puritans,1
fall,1
nonideological,1
word,1
once,1
formed,1
cheap,1
live,1
dead,1
respect,1
usefully,1
avoids,1
supporting,1
teruel,1
motivation,1
ways,1
solidarity,1
strictly,1
centuries,1
effort,1
barbarians,1
involvement,1
itself,1
examine,1
suppression,1
easily,1
studies,1
crazier,1
thought,1
peripherally,1
mentality,1
ward,1
militia,1
duke,1
under,1
victorious,1
odyssey,1
issue,1
heavier,1
position,1
western,1
committee,1
recruited,1
organized,1
misses,1
wars,1
yellow,1
home,1
usual,1
entitled,1
individually,1
eventually,1
symptom,1
liberal,1
before,1
tenacity,1
just,1
collectively,1
believed,1
same,1
nonaligned,1
shifting,1
n,1
impact,1
impulse,1
footnotes,1
result,1
house,1
redemption,1
russians,1
ancestor,1
members,1
colonists,1
militiamen,1
threat,1
shrinking,1
industrial,1
insights,1
age,1
steve,1
apocalypticism,1
wrinkling,1
unamerican,1
predominantly,1
inquisitions,1
concerned,1
noted,1
speaking,1
came,1
first,1
powerful,1
vietnam,1
dissident,1
xiv,1
warburg,1
cotton,1
organization,1
quotes,1
indianhating,1
tries,1
stepping,1
stalinist,1
every,1
oral,1
undoubtedly,1
partido,1
questions,1
shifted,1
wherever,1
exclusive,1
propelled,1
wait,1
ii,1
inseparable,1
runs,1
escapes,1
projected,1
passed,1
quickly,1
faced,1
toward,1
might,1
native,1
strengthen,1
unavailable,1
refusal,1
similarly,1
power,1
rational,1
addition,1
hoover,1
bravery,1
begged,1
succeeded,1
aberration,1
paper,1
moving,1
hatred,1
unease,1
words,1
registration,1
different,1
naive,1
outside,1
d,1
phonograph,1
sooner,1
consideration,1
board,1
arrival,1
allow,1
messianic,1
did,1
best,1
secondary,1
could,1
pragmatic,1
assess,1
brunete,1
unwillingly,1
suggesting,1
daily,1
found,1
ph,1
demise,1
republicanism,1
called,1
careers,1
confusion,1
sure,1
universal,1
moreover,1
delusions,1
demonstrations,1
portrayal,1
wave,1
redhunting,1
then,1
assembled,1
arises,1
spaniards,1
geopolitical,1
deal,1
government,1
communistic,1
hear,1
wealth,1
evidentially,1
maps,1
onto,1
concludes,1
defeat,1
composition,1
very,1
radical,1
embodiment,1
centrally,1
hunting,1
related,1
emphases,1
volunteered,1
hubert,1
grip,1
fashion,1
possibility,1
deployment,1
director,1
judging,1
display,1
evenhanded,1
culture,1
none,1
remarkably,1
devil,1
last,1
merely,1
places,1
concrete,1
unions,1
prove,1
underside,1
scholarship,1
difficult,1
dismissal,1
corps,1
captive,1
psychologically,1
according,1
complicated,1
effective,1
committed,1
economy,1
johns,1
continuing,1
developing,1
existing,1
harassment,1
combined,1
concedes,1
context,1
bumbling,1
appears,1
recently,1
nkvd,1
marxista,1
michael,1
sweeping,1
cannot,1
until,1
making,1
accounts,1
suffered,1
forth,1
side,1
underpinnings,1
character,1
grounds,1
energy,1
material,1
courage,1
higham,1
eye,1
blacklisting,1
wartime,1
pains,1
banner,1
masterly,1
remarked,1
belief,1
books,1
tightly,1
signifier,1
opposition,1
public,1
thrown,1
complexity,1
hopkins,1
number,1
free,1
out,1
briefly,1
victims,1
originates,1
require,1
divide,1
trotskyists,1
cloth,1
remained,1
ensured,1
products,1
huge,1
local,1
account,1
original,1
percent,1
quantities,1
becomes,1
emphasis,1
possible,1
julia,1
understanding,1
line,1
helped,1
sources,1
parenti,1
secker,1
considering,1
background,1
received,1
october,1
presented,1
range,1
joseph,1
leisure,1
voted,1
active,1
concept,1
west,1
inescapable,1
stake,1
combating,1
decisive,1
far,1
witchhunt,1
reliance,1
explains,1
despite,1
training,1
previously,1
sent,1
retains,1
seminal,1
apparent,1
literal,1
became,1
forcefully,1
apply,1
republic,1
load,1
primordial,1
endlessly,1
himself,1
identity,1
die,1
edgar,1
interviews,1
minority,1
must,1
returning,1
leans,1
ignorant,1
went,1
measure,1
use,1
truman,1
warfare,1
confusing,1
flocked,1
twenties,1
represented,1
tangled,1
emphasize,1
refers,1
began,1
omnibus,1
sizeable,1
unificacion,1
paid,1
using,1
guilty,1
people,1
figures,1
repeatedly,1
anarchists,1
human,1
bitter,1
regarding,1
cramming,1
story,1
london,1
winter,1
woodrow,1
when,1
device,1
uncritically,1
examination,1
documented,1
suppressed,1
proceeds,1
personal,1
focuses,1
partisan,1
ronald,1
office,1
discriminated,1
howe,1
importantly,1
hardened,1
nevertheless,1
tell,1
madrid,1
toughest,1
theme,1
argument,1
immediate,1
trade,1
dynamics,1
attest,1
skates,1
righteousness,1
decimated,1
currents,1
defeated,1
average,1
comes,1
commissar,1
overlooks,1
moral,1
paradigm,1
rifle,1
comprehensive,1
de,1
language,1
washington,1
raided,1
definitely,1
accept,1
thompson,1
motives,1
logic,1
amounts,1
premature,1
hardship,1
lincdln,1
general,1
individual,1
keep,1
divisions,1
consumer,1
belchite,1
viable,1
successful,1
upheavals,1
cpusa,1
accompanying,1
helpful,1
alienated,1
crimes,1
hunter,1
pronouncing,1
evidence,1
function,1
respects,1
buildings,1
dissertation,1
creating,1
pay,1
rooted,1
high,1
february,1
century,1
willingness,1
given,1
executions,1
arena,1
politically,1
held,1
mountain,1
arenas,1
nurses,1
off,1
accurate,1
militant,1
turn,1
indian,1
cases,1
nelson,1
heale,1
lose,1
wander,1
association,1
relations,1
unhappiness,1
immigrants,1
small,1
mistakes,1
why,1
humphrey,1
perspective,1
gets,1
patterns,1
charles,1
driving,1
few,1
back,1
wider,1
internal,1
disproportionately,1
contrary,1
removed,1
momentum,1
distinctions,1
patriotic,1
listened,1
americanism,1
obrero,1
defeating,1
become,1
paranoid,1
sight,1
fullest,1
marxist,1
archival,1
left,1
avidly,1
xvi,1
third,1
adams,1
compliant,1
indefinitely,1
era,1
division,1
find,1
enemies,1
unending,1
offensive,1
explore,1
up,1
inability,1
grandchildren,1
within,1
department,1
homage,1
equipment,1
sheer,1
those,1
looked,1
gulf,1
duration,1
describes,1
assesses,1
leftists,1
fbi,1
focussed,1
among,1
apparently,1
tapped,1
deeply,1
resist,1
engagement,1
jail,1
value,1
mather,1
civil,1
broader,1
sociopolitical,1
auto,1
regimes,1
time,1
nuanced,1
attention,1
contradictory,1
influence,1
writingfor,1
generalship,1
tragic,1
convincingly,1
massive,1
loathing,1
examines,1
marching,1
strangers,1
hunt,1
rambling,1
society,1
prevalent,1
