WORDCOUNTS,WEIGHT
the,263
of,118
and,97
in,82
to,81
a,40
that,39
aef,39
american,37
s,29
war,29
british,29
french,28
german,27
on,24
was,23
by,23
pershing,22
with,21
this,18
his,16
from,15
great,15
were,15
military,14
had,14
its,14
he,13
j,13
for,13
allied,13
be,13
it,12
united,12
trask,12
states,12
army,11
troops,11
is,10
at,9
they,9
defeat,9
haig,9
operations,8
their,8
one,8
offensive,8
have,8
victory,8
general,8
as,8
final,7
foch,7
about,7
coalition,7
allies,7
history,7
first,7
only,7
europe,7
armies,7
because,7
commanders,7
mckercher,6
myth,6
britain,6
pp,6
most,6
more,6
all,6
p,6
has,6
ludendorff,6
warfare,6
forces,6
against,6
d,6
c,6
world,6
f,5
contribution,5
front,5
western,5
two,5
germans,5
century,5
major,5
not,4
units,4
americans,4
strategy,4
e,4
germany,4
b,4
support,4
but,4
experience,4
into,4
came,4
could,4
which,4
time,4
other,4
those,4
historians,4
some,4
used,4
powers,4
little,4
role,4
breakthrough,4
thus,4
achieving,4
twentieth,4
large,4
after,4
june,4
when,4
an,4
battle,3
battlefield,3
way,3
independent,3
foreign,3
success,3
still,3
force,3
intervention,3
wilson,3
k,3
diplomatic,3
analysis,3
manpower,3
or,3
occurred,3
then,3
before,3
same,3
these,3
t,3
command,3
attacks,3
power,3
over,3
advance,3
shows,3
book,3
histories,3
attack,3
been,3
supplies,3
john,3
proved,3
i,3
achieved,3
quiet,3
regiment,3
where,3
reviews,3
accepted,3
u,3
october,3
decisive,3
cf,3
despite,3
training,3
infantry,3
expeditionary,3
generals,3
largely,3
place,3
million,3
saw,3
north,3
own,3
since,3
soldiers,3
held,3
would,3
so,3
order,3
area,3
relations,3
especially,3
m,3
further,3
decline,3
tactics,3
sectors,3
fighting,3
artillery,3
than,3
la,3
battles,3
enough,2
democracy,2
failed,2
operation,2
reckoning,2
no,2
continued,2
if,2
vols,2
limited,2
doctrine,2
capture,2
cantigny,2
april,2
politicians,2
determination,2
replaced,2
often,2
perhaps,2
surprising,2
interpretation,2
effort,2
months,2
thought,2
premier,2
fought,2
university,2
policy,2
necessary,2
series,2
words,2
preeminence,2
also,2
pervasive,2
onwards,2
important,2
toward,2
decades,2
put,2
turn,2
uses,2
are,2
based,2
did,2
clemenqeau,2
smythe,2
regard,2
report,2
casualties,2
might,2
out,2
enemy,2
rely,2
far,2
doubt,2
there,2
commander,2
subordinate,2
taken,2
staff,2
understood,2
armed,2
side,2
hindenburg,2
belief,2
sir,2
minimal,2
determined,2
line,2
greatest,2
gains,2
both,2
massed,2
neilson,2
flanders,2
r,2
region,2
peace,2
warmaking,2
press,2
arms,2
november,2
department,2
demanded,2
significant,2
central,2
like,2
our,2
reinforced,2
full,2
douglas,2
excused,2
fact,2
professor,2
memoirs,2
diplomacy,2
made,2
national,2
points,2
decided,2
david,2
him,2
strategic,2
course,2
forced,2
achievements,2
surrender,2
distinguished,2
telling,2
early,2
substantial,2
focus,2
much,2
should,2
decision,2
exaggerated,1
ammunition,1
may,1
van,1
higher,1
critical,1
superiority,1
therefore,1
frail,1
relying,1
casualty,1
heretofore,1
jeanhenri,1
praeger,1
conscripted,1
second,1
genesis,1
along,1
essential,1
minor,1
youthful,1
matter,1
materials,1
european,1
logistical,1
george,1
provide,1
concerned,1
later,1
opinion,1
bring,1
crucial,1
within,1
l,1
action,1
economic,1
continent,1
commentary,1
main,1
groups,1
wrote,1
indeed,1
adds,1
conduite,1
maps,1
created,1
remain,1
picardy,1
retarding,1
dissuaded,1
aggressive,1
go,1
caustically,1
indispensable,1
begin,1
successes,1
affected,1
tide,1
through,1
coffman,1
dwindling,1
johnston,1
college,1
ferdinand,1
nearly,1
strengthen,1
oversight,1
notion,1
international,1
independence,1
who,1
alone,1
albeit,1
poorer,1
view,1
ultimate,1
martel,1
opportunity,1
rescue,1
pushed,1
bumbling,1
lawrence,1
whether,1
wilhelmine,1
village,1
backdrop,1
group,1
center,1
trench,1
newton,1
derived,1
thrust,1
mounted,1
loss,1
innovation,1
direction,1
special,1
illustrations,1
white,1
reassessment,1
fall,1
achieve,1
precipitated,1
once,1
contributing,1
communications,1
likely,1
authority,1
supposed,1
yet,1
h,1
exists,1
get,1
heaviest,1
black,1
eighteen,1
tense,1
tremendous,1
win,1
monumental,1
victorious,1
meant,1
mouse,1
considered,1
combat,1
strong,1
times,1
revising,1
hasten,1
index,1
royal,1
marshall,1
palmer,1
border,1
victories,1
home,1
seasoned,1
entrenched,1
combined,1
total,1
orders,1
mordacq,1
light,1
liberal,1
complete,1
historian,1
relates,1
days,1
abandon,1
lord,1
senior,1
something,1
impact,1
southwards,1
lacked,1
every,1
dialectical,1
result,1
vol,1
chief,1
montdidier,1
argued,1
palpable,1
until,1
threat,1
without,1
xi,1
baker,1
four,1
show,1
samuels,1
demonstrate,1
struck,1
superior,1
travers,1
being,1
reenforce,1
additional,1
sector,1
tension,1
considers,1
bringing,1
followed,1
persuasive,1
undertaken,1
sources,1
global,1
paralysis,1
amongst,1
long,1
stemmed,1
des,1
fire,1
creation,1
amount,1
meaning,1
untrained,1
helped,1
flow,1
principles,1
marshal,1
uncritically,1
concentrated,1
trained,1
again,1
others,1
interference,1
brain,1
attempt,1
secretary,1
myths,1
numerical,1
guerre,1
nancy,1
refused,1
degree,1
reflections,1
control,1
september,1
addition,1
retreat,1
financial,1
raw,1
efforts,1
historiography,1
joins,1
my,1
different,1
worth,1
engaged,1
december,1
longer,1
eloquence,1
relieve,1
idea,1
wars,1
questioned,1
allow,1
gone,1
scholars,1
canada,1
best,1
leading,1
areas,1
down,1
advantage,1
lessen,1
transported,1
desire,1
counteroffensive,1
emergence,1
beliefs,1
joffre,1
mountainous,1
right,1
terraine,1
distance,1
analyses,1
encrust,1
come,1
losses,1
able,1
government,1
issue,1
clearly,1
penned,1
how,1
events,1
killing,1
end,1
saddest,1
undertake,1
build,1
historical,1
underpin,1
subsequent,1
firstline,1
past,1
protect,1
utilize,1
disputes,1
serious,1
emerges,1
rhetoric,1
channel,1
remove,1
late,1
men,1
respectively,1
state,1
fits,1
stuff,1
greatly,1
difficult,1
equally,1
paris,1
bravely,1
journalists,1
didn,1
corps,1
political,1
suffering,1
virtual,1
effective,1
what,1
numbers,1
couldn,1
johns,1
march,1
exertions,1
broke,1
bore,1
tell,1
context,1
rethinking,1
non,1
interwar,1
produced,1
selected,1
less,1
see,1
ed,1
northwards,1
ones,1
meet,1
now,1
coast,1
purchased,1
forth,1
independently,1
scale,1
saviour,1
ahead,1
however,1
entente,1
wartime,1
existence,1
friendship,1
millett,1
mechanized,1
saving,1
eventual,1
trial,1
stretched,1
wide,1
frontlines,1
woodward,1
chances,1
gained,1
hopkins,1
hypercritical,1
bases,1
possibility,1
conditioned,1
america,1
settlementamerican,1
aspects,1
president,1
well,1
shape,1
annoyed,1
fight,1
jack,1
backing,1
mythology,1
reorganize,1
missed,1
kansas,1
soldier,1
basis,1
dominions,1
politics,1
understated,1
cooperation,1
mirrored,1
qua,1
given,1
new,1
felt,1
popular,1
approaching,1
abroad,1
bolster,1
effectiveness,1
work,1
cambridge,1
bibliography,1
strict,1
hundred,1
writers,1
nine,1
represented,1
claim,1
transport,1
maneuvering,1
occurring,1
brought,1
met,1
heavily,1
point,1
alas,1
coordination,1
bulk,1
including,1
example,1
resources,1
tank,1
proportions,1
knowledge,1
looking,1
became,1
decreasing,1
himself,1
transition,1
aims,1
locking,1
et,1
reserves,1
went,1
theforthcoming,1
confronted,1
year,1
suffusing,1
gave,1
grieves,1
resistance,1
during,1
arguments,1
noting,1
appointed,1
returned,1
literally,1
paid,1
using,1
tons,1
ideas,1
reports,1
exist,1
winning,1
gain,1
relies,1
questions,1
reexamines,1
winter,1
lorraine,1
nothing,1
continue,1
chapters,1
mightily,1
unexplored,1
preregistered,1
planning,1
review,1
cry,1
surrounding,1
bargaining,1
corollary,1
experiences,1
importantly,1
employed,1
staffs,1
underwent,1
accuracy,1
showing,1
preparation,1
argument,1
alan,1
such,1
editor,1
despatches,1
counterpoint,1
run,1
deftly,1
earth,1
donald,1
three,1
adding,1
hostilities,1
downplaying,1
de,1
g,1
washington,1
author,1
retarded,1
modern,1
paxson,1
dangerous,1
relatively,1
permit,1
conception,1
detriment,1
least,1
operational,1
defensive,1
divisions,1
southern,1
perverse,1
application,1
labored,1
period,1
need,1
cold,1
summer,1
commencing,1
suggest,1
mount,1
dogma,1
ypres,1
serves,1
attributes,1
france,1
metz,1
kind,1
attempted,1
seymour,1
thing,1
last,1
bliss,1
cases,1
emerging,1
around,1
better,1
improvised,1
campaign,1
life,1
stormtroop,1
heat,1
roughly,1
small,1
brunt,1
erich,1
keep,1
ferris,1
permitted,1
diplomatists,1
moved,1
recognition,1
specific,1
cogent,1
back,1
potential,1
although,1
replace,1
body,1
withdraw,1
miles,1
difficulty,1
tuming,1
defeating,1
recalls,1
gudmundson,1
allowing,1
dearly,1
compared,1
guardian,1
supply,1
weapons,1
dispassionately,1
accordingly,1
effect,1
truly,1
can,1
encircle,1
fresh,1
part,1
georges,1
enemies,1
swiss,1
capabilities,1
working,1
capitalism,1
obscure,1
instance,1
slightly,1
travels,1
story,1
equivalent,1
woodrow,1
ground,1
sine,1
seek,1
overthrow,1
roots,1
vandiver,1
tasker,1
notes,1
observed,1
engagement,1
them,1
husbanded,1
value,1
professional,1
provided,1
meeting,1
col,1
doing,1
deathknell,1
influence,1
fierce,1
rest,1
phase,1
rates,1
questioning,1
division,1
depended,1
casts,1
