WORDCOUNTS,WEIGHT
the,292
of,200
to,115
and,111
in,72
a,62
that,62
war,44
was,43
s,43
confederate,40
it,39
as,38
is,33
on,31
not,28
for,28
confederacy,27
his,26
by,26
will,24
davis,24
have,22
grant,21
more,20
this,20
with,19
union,19
woodworth,19
lost,18
but,18
had,18
why,18
military,16
an,16
south,15
they,14
authors,14
be,14
than,14
at,13
most,13
defeat,13
generals,13
were,13
he,12
history,12
we,12
lincoln,12
southern,11
one,11
or,11
could,11
p,11
are,11
some,11
such,11
from,10
these,10
how,10
other,10
because,10
morale,10
if,9
who,9
their,9
did,9
there,9
point,9
e,8
about,8
something,8
command,8
over,8
all,8
cause,8
sherman,8
civil,8
question,8
american,7
white,7
us,7
problems,7
southerners,7
new,7
political,7
both,7
made,7
army,7
would,7
lee,7
between,7
battlefield,6
no,6
way,6
pp,6
into,6
only,6
conduct,6
out,6
religion,6
failure,6
ulysses,6
west,6
its,6
clear,6
simpson,6
led,5
slavery,5
still,5
reconstruction,5
yet,5
fought,5
university,5
must,5
also,5
surrender,5
potomac,5
shaped,5
effort,5
been,5
reviews,5
march,5
well,5
when,5
understanding,5
terms,5
conflict,5
victory,5
much,5
north,5
rights,4
poor,4
operations,4
indeed,4
does,4
independence,4
study,4
conclusion,4
too,4
strategy,4
atlanta,4
result,4
lack,4
far,4
end,4
william,4
mcpherson,4
has,4
president,4
fight,4
discussion,4
sides,4
part,4
very,4
resources,4
press,4
loss,4
during,4
ability,4
course,4
hard,4
quite,4
came,4
claim,4
several,4
offered,4
guilt,4
even,4
northern,4
seemed,4
commanders,4
may,3
battle,3
relationship,3
rather,3
destroy,3
others,3
primarily,3
detailed,3
notably,3
after,3
importance,3
studies,3
reason,3
itself,3
understand,3
east,3
issue,3
western,3
proved,3
t,3
guerrilla,3
volume,3
persuasive,3
important,3
vols,3
might,3
each,3
many,3
scholars,3
richmond,3
time,3
any,3
john,3
man,3
better,3
men,3
do,3
those,3
corps,3
explanations,3
what,3
loyalty,3
answer,3
ed,3
however,3
friendship,3
historians,3
great,3
contributed,3
win,3
around,3
say,3
became,3
two,3
hattaway,3
nothing,3
continue,3
our,3
forces,3
argument,3
won,3
inevitable,3
own,3
initial,3
against,3
shortcomings,3
points,3
defense,3
sense,3
him,3
states,3
charles,3
state,3
jones,3
differently,3
gettysburg,3
can,3
james,3
including,3
little,3
tendency,3
recent,3
leadership,3
generalship,3
close,3
major,3
decision,3
impossible,2
difficult,2
now,2
polk,2
signs,2
second,2
society,2
independent,2
sometimes,2
usually,2
cedar,2
short,2
reminds,2
outcome,2
resulted,2
sheridan,2
execution,2
theater,2
donelson,2
gallagher,2
fort,2
life,2
class,2
often,2
fate,2
illustrations,2
fighting,2
commands,2
criticism,2
means,2
genius,2
thought,2
joseph,2
counterparts,2
considerations,2
campaign,2
index,2
necessarily,2
participants,2
total,2
general,2
growing,2
same,2
n,2
comes,2
seem,2
establish,2
simply,2
bragg,2
georgia,2
williams,2
first,2
wrong,2
wage,2
carl,2
certainly,2
answers,2
jefferson,2
comparison,2
m,2
archer,2
friends,2
dixie,2
whites,2
efforts,2
steven,2
longer,2
book,2
treatment,2
preserve,2
believe,2
best,2
leaders,2
supremacy,2
found,2
argue,2
reasons,2
nathan,2
inquiry,2
being,2
process,2
prospects,2
doubt,2
nationalism,2
nevertheless,2
almost,2
favorite,2
herman,2
serious,2
assessment,2
pillow,2
enough,2
took,2
abandon,2
mcclellan,2
robert,2
biographies,2
bedford,2
beringer,2
them,2
whether,2
longstreet,2
offering,2
cannot,2
want,2
material,2
kentucky,2
explain,2
find,2
conclude,2
counterpart,2
brooks,2
commander,2
day,2
secure,2
design,2
property,2
another,2
original,2
braxton,2
kansas,2
capable,2
determined,2
politics,2
campaigns,2
planning,2
success,2
explanation,2
true,2
slaves,2
protected,2
concept,2
drew,2
decisive,2
purpose,2
despite,2
waging,2
easy,2
giving,2
identity,2
excessive,2
which,2
unfair,2
behavior,2
vicksburg,2
world,2
chattanooga,2
people,2
thus,2
collapse,2
halleck,2
years,2
due,2
national,2
sustain,2
interest,2
collapsed,2
good,2
homes,2
august,2
offer,2
chief,2
although,2
divisions,2
d,2
jr,2
so,2
things,2
high,2
strategic,2
held,2
petersburg,2
unity,2
clausewitz,2
black,2
cases,2
remains,2
destroyed,2
measures,2
never,2
small,2
evident,2
nullified,2
especially,2
few,2
forrest,2
creek,2
young,2
myth,2
interpretations,2
early,2
superior,2
necessity,2
dear,2
fell,2
among,2
notes,2
should,2
appointments,2
pope,2
tennessee,2
premise,1
setbacks,1
ended,1
flourished,1
democracy,1
failed,1
threatened,1
asking,1
wounds,1
delve,1
foote,1
opposed,1
relying,1
gabor,1
involve,1
quibbling,1
wishes,1
done,1
misjudgments,1
revisionist,1
struggle,1
whose,1
doubts,1
reduced,1
chances,1
today,1
warfare,1
stubbornness,1
meade,1
appalachian,1
hearty,1
various,1
testimony,1
restoration,1
george,1
feature,1
generalsbenjamin,1
contingent,1
kenneth,1
materiel,1
meaning,1
concede,1
missed,1
nathaniel,1
vision,1
opponent,1
defeats,1
simon,1
revival,1
maps,1
designated,1
shelves,1
prose,1
illustration,1
breathe,1
limited,1
basic,1
successes,1
return,1
accepting,1
lines,1
account,1
sagged,1
johnston,1
merits,1
believed,1
widespread,1
framing,1
trans,1
capture,1
plenty,1
administration,1
victors,1
remarked,1
concedes,1
bungled,1
prove,1
merton,1
insist,1
weary,1
ultimate,1
mountains,1
pointed,1
harry,1
assumptions,1
opportunities,1
yankee,1
realizing,1
lawrence,1
persistent,1
determination,1
grinding,1
flexible,1
swallow,1
interplay,1
xii,1
similar,1
clung,1
grew,1
chokehold,1
heal,1
republic,1
leave,1
ludicrous,1
direct,1
roads,1
seemingly,1
eaton,1
losing,1
hold,1
volumes,1
owed,1
decisions,1
failures,1
howard,1
matched,1
washbume,1
diplomatic,1
elaborated,1
bookstore,1
identify,1
reassessment,1
prime,1
existed,1
burnside,1
bibliographical,1
hope,1
catastrophe,1
surprising,1
presidents,1
gideon,1
clash,1
moreover,1
logistics,1
matured,1
essential,1
motivation,1
ways,1
murder,1
target,1
interpretation,1
suffice,1
absorbed,1
months,1
exists,1
soul,1
send,1
reputation,1
fortunate,1
represents,1
makes,1
escape,1
read,1
problematic,1
nor,1
mused,1
appendixes,1
modern,1
winchester,1
stampp,1
bad,1
conscious,1
perfection,1
old,1
faust,1
belt,1
wanted,1
reconsiderations,1
decade,1
blame,1
coterie,1
b,1
addressed,1
policy,1
hearts,1
sign,1
river,1
butler,1
smith,1
emphasize,1
reflects,1
dissection,1
charitable,1
share,1
argues,1
singlehandedly,1
then,1
clearly,1
clausewitzian,1
before,1
elsewhere,1
readers,1
just,1
miss,1
historian,1
trying,1
considered,1
plantations,1
chapter,1
shaking,1
arguing,1
protect,1
source,1
suggest,1
indictment,1
experiment,1
robust,1
yankees,1
defend,1
w,1
careful,1
without,1
hang,1
turning,1
gary,1
provocative,1
four,1
different,1
athens,1
department,1
contradiction,1
significant,1
favored,1
constituted,1
commented,1
savannah,1
remarking,1
resource,1
y,1
comparisons,1
known,1
ideas,1
follow,1
rivalries,1
else,1
stones,1
beyond,1
squabbling,1
declining,1
followed,1
physical,1
notions,1
secession,1
cost,1
every,1
destroying,1
blithely,1
weaken,1
mcclernand,1
resistance,1
identifying,1
essentially,1
tee,1
secured,1
offers,1
sustained,1
paul,1
interests,1
established,1
heritage,1
clement,1
exaggerated,1
hood,1
phrasing,1
power,1
give,1
devastating,1
taken,1
meddle,1
shortcoming,1
suggested,1
toward,1
desperately,1
excess,1
patriot,1
kind,1
make,1
attractive,1
appear,1
reputations,1
pbs,1
unswerving,1
retained,1
qualities,1
refused,1
september,1
ourselves,1
advanced,1
discerned,1
contention,1
declarations,1
wanting,1
nature,1
unification,1
expressed,1
elihu,1
advance,1
confirmed,1
worth,1
novel,1
fact,1
zollifcoffer,1
diehard,1
idea,1
limit,1
societies,1
asserts,1
gone,1
underestimated,1
leading,1
explores,1
secondary,1
down,1
legalistic,1
broken,1
negotiated,1
rivals,1
carrying,1
prior,1
roland,1
enduring,1
search,1
agree,1
inept,1
unionists,1
full,1
attrition,1
sellers,1
blind,1
lacks,1
rich,1
foundation,1
scholar,1
patrick,1
servitude,1
break,1
crowd,1
engage,1
able,1
government,1
job,1
scenes,1
proves,1
hear,1
rooms,1
personal,1
enemy,1
concludes,1
criticisms,1
events,1
psyche,1
debates,1
triumph,1
sigel,1
remain,1
inherently,1
enlightened,1
conscription,1
differed,1
complete,1
past,1
marches,1
mismanagement,1
judgments,1
country,1
compromised,1
memoirs,1
import,1
living,1
quality,1
big,1
places,1
dissatisfied,1
conclusions,1
date,1
counterproductive,1
chickamauga,1
left,1
stand,1
drove,1
reinstatement,1
henry,1
outset,1
decisively,1
staff,1
according,1
divisiveness,1
vanquished,1
let,1
reading,1
ambiguous,1
innovative,1
revise,1
johns,1
pursued,1
escott,1
affected,1
degler,1
treat,1
reelection,1
burns,1
armed,1
papers,1
vulnerable,1
recently,1
pondering,1
produced,1
michael,1
see,1
system,1
until,1
meet,1
magazines,1
enlistment,1
sound,1
orleans,1
stirred,1
civilians,1
necessary,1
grounds,1
russell,1
reshaped,1
record,1
shelby,1
disparity,1
described,1
maintain,1
wartime,1
above,1
forthcoming,1
passed,1
badly,1
perhaps,1
upon,1
absolute,1
wake,1
act,1
intangible,1
problem,1
disenchanted,1
beneficiary,1
struggled,1
style,1
admit,1
unconsciously,1
reconciled,1
always,1
slaveholder,1
hopkins,1
while,1
arsenal,1
particularly,1
going,1
foundations,1
obsession,1
rests,1
night,1
impact,1
skillfully,1
task,1
remained,1
trade,1
gained,1
tempt,1
none,1
uneven,1
demonstrated,1
postwar,1
suggests,1
ramsdell,1
singers,1
marked,1
compelling,1
luck,1
relief,1
cooperation,1
agreed,1
governor,1
planters,1
encounter,1
northerners,1
work,1
supplies,1
intimate,1
effectiveness,1
thrashed,1
rendered,1
shiloh,1
bibliography,1
captured,1
remember,1
richard,1
disagree,1
presented,1
rebuttal,1
run,1
occasionally,1
demonstrating,1
helps,1
repetition,1
transcend,1
fine,1
evacuation,1
debatable,1
region,1
stake,1
bell,1
impressment,1
coordination,1
through,1
sea,1
intelligent,1
example,1
fundamentally,1
stimulating,1
cited,1
challenging,1
repentance,1
calls,1
role,1
along,1
arbitrarily,1
ken,1
portrait,1
friction,1
appointing,1
turns,1
subject,1
minority,1
undermining,1
reminded,1
sufficient,1
appomattox,1
spite,1
built,1
entirely,1
territory,1
probably,1
unfortunately,1
felix,1
reunite,1
largely,1
desertion,1
assumption,1
results,1
judgment,1
reassessments,1
proper,1
divided,1
pursuing,1
assume,1
doomed,1
issues,1
demonstrates,1
bobby,1
admits,1
aside,1
maxim,1
unrestricted,1
goals,1
insure,1
victim,1
coulter,1
paret,1
implementation,1
ends,1
varied,1
leonidas,1
merit,1
boritt,1
stay,1
saddled,1
squabbles,1
prints,1
proceeds,1
prevail,1
justification,1
arguments,1
narrative,1
fears,1
number,1
reverses,1
telegrams,1
surely,1
remarkable,1
franz,1
ultimately,1
tell,1
students,1
succeeding,1
buff,1
author,1
sympathetic,1
explained,1
eventual,1
overstatement,1
severe,1
touch,1
offensives,1
crucible,1
injured,1
careers,1
open,1
definitely,1
tremors,1
defeated,1
bent,1
sufficed,1
functioned,1
hero,1
health,1
overlooks,1
contradictions,1
contentions,1
targeted,1
j,1
human,1
welcomed,1
errors,1
officer,1
comprehensive,1
hampered,1
g,1
washington,1
finally,1
hesitations,1
cooperate,1
essay,1
peter,1
tough,1
contributors,1
prolonged,1
mixed,1
keep,1
include,1
hooker,1
someone,1
correct,1
successful,1
ago,1
field,1
cadre,1
three,1
need,1
spread,1
fill,1
inherent,1
buell,1
association,1
vital,1
brave,1
appointment,1
waged,1
execute,1
division,1
crossed,1
involving,1
serves,1
willingness,1
piece,1
forced,1
television,1
describes,1
exhausted,1
nick,1
discounted,1
commentary,1
anyone,1
wiley,1
subordinates,1
flawless,1
last,1
mississippian,1
inserted,1
altogether,1
presaged,1
elements,1
maintaining,1
relations,1
speak,1
reader,1
definitive,1
imagination,1
mistakes,1
times,1
shirts,1
margin,1
prewar,1
siege,1
dissent,1
obliges,1
intrigue,1
specific,1
sentiment,1
pride,1
back,1
internal,1
admitting,1
adversely,1
body,1
promote,1
promised,1
deciding,1
quelled,1
columbia,1
aggressiveness,1
acts,1
colorful,1
flawed,1
peace,1
bull,1
single,1
served,1
unseemly,1
sophistication,1
allowing,1
attests,1
overcome,1
tactics,1
scholarship,1
xvi,1
exactly,1
succeeded,1
brackets,1
escalating,1
reached,1
truly,1
philip,1
occasions,1
enjoyed,1
clever,1
partial,1
disrupting,1
fascinated,1
visible,1
equally,1
views,1
concerns,1
drawn,1
element,1
warred,1
dim,1
cleburne,1
ate,1
designed,1
communication,1
develop,1
journal,1
slight,1
slim,1
focus,1
mobile,1
immediately,1
mand,1
saw,1
confronting,1
deeply,1
away,1
miffed,1
value,1
caution,1
evidence,1
building,1
controversial,1
leader,1
placable,1
invites,1
weakness,1
passive,1
rest,1
rates,1
questioning,1
businessmen,1
concluded,1
unfortunate,1
brown,1
von,1
error,1
overconfidence,1
arizona,1
behalf,1
reflect,1
discern,1
partisan,1
deficiency,1
separate,1
apparent,1
grasp,1
battles,1
consequences,1
