WORDCOUNTS,WEIGHT
the,204
of,133
and,77
to,52
keegan,43
in,43
s,35
a,31
american,29
from,25
p,24
by,23
that,20
was,18
not,17
as,16
is,16
america,16
on,16
for,16
at,15
which,15
his,14
their,14
forts,12
history,12
this,12
war,11
british,11
it,10
french,10
military,10
an,10
about,9
new,9
were,9
battle,8
he,8
than,8
they,7
but,7
more,7
conquest,7
made,7
world,7
air,6
continent,6
or,6
had,6
its,6
between,6
european,5
fort,5
one,5
fields,5
first,5
are,5
state,5
plains,5
fortification,5
work,5
fortresses,5
have,5
author,5
france,5
when,5
south,4
space,4
americans,4
with,4
any,4
only,4
river,4
power,4
john,4
i,4
there,4
reviews,4
empire,4
has,4
most,4
lecture,4
webb,4
flying,4
would,4
field,4
spanish,4
up,4
fortress,4
york,3
along,3
george,3
rather,3
fortified,3
make,3
all,3
face,3
borrowed,3
us,3
wars,3
then,3
finally,3
two,3
oceans,3
love,3
also,3
set,3
over,3
j,3
half,3
time,3
out,3
end,3
men,3
them,3
armies,3
march,3
reminds,3
chapter,3
travel,3
west,3
point,3
indians,3
own,3
against,3
moral,3
points,3
so,3
him,3
states,3
century,3
conquered,3
strategic,3
quebec,3
corridor,3
be,3
james,3
st,3
bombed,3
geography,3
north,3
model,2
route,2
churchill,2
frontier,2
no,2
way,2
if,2
l,2
maps,2
primitives,2
edward,2
citadels,2
process,2
independence,2
europeans,2
army,2
jamestown,2
after,2
countries,2
littoral,2
life,2
united,2
authority,2
coastal,2
english,2
victor,2
pp,2
many,2
message,2
university,2
combat,2
stephen,2
claims,2
dictates,2
just,2
growing,2
result,2
conclusion,2
too,2
w,2
apprehension,2
hudson,2
physical,2
peninsula,2
across,2
fire,2
book,2
portage,2
taken,2
strategy,2
decades,2
duel,2
continental,2
colleges,2
advanced,2
my,2
whom,2
other,2
muskets,2
asserts,2
assertion,2
great,2
tours,2
hundred,2
bombing,2
historical,2
ethos,2
last,2
sort,2
staff,2
william,2
what,2
wright,2
form,2
royal,2
globe,2
missouri,2
those,2
commander,2
saunders,2
sites,2
another,2
yorktown,2
some,2
sioux,2
nomads,2
horse,2
through,2
wire,2
far,2
intelligent,2
civil,2
maxwell,2
compares,2
himself,2
leavenworth,2
enfield,2
human,2
structures,2
lawrence,2
domination,2
leap,2
centralized,2
however,2
such,2
years,2
monroe,2
interior,2
foci,2
lakes,2
interest,2
base,2
gun,2
punctuated,2
rail,2
like,2
canadian,2
trail,2
earlier,2
small,2
replace,2
syracuse,2
left,2
can,2
much,2
we,2
custer,2
general,2
error,2
nations,1
bighorn,1
erroneous,1
may,1
empathetic,1
carried,1
admire,1
threatened,1
fraudulent,1
does,1
defended,1
therefore,1
dictatorships,1
now,1
forceful,1
supremacy,1
mostly,1
langley,1
produces,1
nihilism,1
fly,1
accidents,1
names,1
forces,1
today,1
workmanlike,1
fathers,1
erie,1
hoosier,1
operations,1
coveted,1
memorably,1
guards,1
proud,1
volley,1
louisbourg,1
palisaded,1
within,1
usually,1
been,1
marines,1
aimed,1
troubled,1
groups,1
absent,1
outsiders,1
mechanisms,1
vision,1
indeed,1
destroying,1
service,1
created,1
krasnoborski,1
fear,1
separated,1
ancien,1
museum,1
begin,1
wall,1
en,1
reconsidered,1
onward,1
spares,1
paean,1
episodes,1
forward,1
interdependence,1
substitution,1
brings,1
engines,1
scored,1
who,1
success,1
portages,1
oppressed,1
tin,1
allen,1
transformed,1
killing,1
july,1
castles,1
above,1
opportunity,1
castellation,1
force,1
expanded,1
defenses,1
nursery,1
manifest,1
wheels,1
mongoloid,1
canvas,1
deflected,1
via,1
told,1
baronial,1
center,1
indicts,1
demoralization,1
wagon,1
saved,1
conquering,1
class,1
makes,1
study,1
provinces,1
scales,1
illustrations,1
generosity,1
analysis,1
designed,1
marched,1
confederate,1
once,1
communications,1
denunciation,1
composed,1
education,1
cannot,1
federal,1
support,1
centuries,1
sympathy,1
means,1
twenty,1
steiner,1
battlefields,1
studies,1
perceptions,1
contrivance,1
me,1
modern,1
genius,1
imitated,1
carillon,1
fought,1
artery,1
wanted,1
whose,1
owl,1
under,1
obloquy,1
detail,1
comrades,1
fixed,1
index,1
school,1
largesse,1
marshall,1
revolutionaries,1
london,1
share,1
title,1
home,1
praise,1
bit,1
branch,1
before,1
equipped,1
camaraderie,1
historian,1
fortifications,1
days,1
same,1
undergird,1
choices,1
something,1
dominate,1
broke,1
castle,1
contested,1
ed,1
nonetheless,1
instrument,1
territorial,1
times,1
chief,1
mentioned,1
indian,1
reprint,1
character,1
grasslands,1
peoples,1
industrial,1
contempt,1
four,1
proudest,1
visitors,1
carries,1
simply,1
safe,1
extensive,1
siege,1
bum,1
said,1
speaking,1
echo,1
revenge,1
vietnam,1
defeated,1
magnificent,1
xiv,1
readings,1
t,1
unlovely,1
morton,1
footholds,1
observation,1
recruits,1
entry,1
familiarity,1
consequence,1
invention,1
every,1
undisciplined,1
transports,1
certainly,1
topographic,1
panique,1
text,1
eccles,1
inheriting,1
champlain,1
puts,1
tour,1
sticky,1
westward,1
skill,1
destructive,1
prototype,1
founding,1
ride,1
colorado,1
name,1
stronger,1
into,1
colors,1
erected,1
arx,1
again,1
secretary,1
appear,1
undocumented,1
terrain,1
conflicts,1
commanded,1
refused,1
emerged,1
each,1
union,1
added,1
country,1
geopolitically,1
descriptive,1
spear,1
raw,1
nature,1
cachet,1
expressed,1
leaps,1
words,1
definition,1
fact,1
shows,1
propellers,1
arsenals,1
burwull,1
lack,1
lead,1
symptomatic,1
chapel,1
monarchical,1
riverine,1
disenchants,1
leading,1
paramount,1
alexander,1
could,1
sobering,1
interdicted,1
aegis,1
bifurcated,1
plan,1
called,1
color,1
wolfe,1
ambitions,1
attack,1
amsterdam,1
tactic,1
analyses,1
rich,1
seven,1
euroamericans,1
particularly,1
brigadier,1
government,1
tells,1
enthosiasme,1
anaconda,1
very,1
omitted,1
carolina,1
hunting,1
everything,1
while,1
take,1
resolved,1
humanized,1
chesapeake,1
past,1
u,1
flyer,1
failures,1
removal,1
somme,1
works,1
honor,1
elkton,1
places,1
academic,1
readers,1
rifled,1
discussion,1
following,1
smithsonian,1
do,1
henry,1
outset,1
spain,1
mcclellan,1
defend,1
corps,1
understood,1
though,1
unedited,1
third,1
alike,1
wage,1
where,1
committed,1
gettysburg,1
recollections,1
youthful,1
intelligence,1
rousseau,1
waterloo,1
johns,1
careless,1
afforded,1
divide,1
terms,1
circumvallations,1
citizenship,1
seamen,1
less,1
heavily,1
see,1
obedience,1
agincourt,1
case,1
abraham,1
cause,1
particular,1
ports,1
thin,1
pillage,1
takes,1
material,1
placed,1
ignorance,1
eye,1
existence,1
ford,1
mcpherson,1
alfred,1
dr,1
anecdote,1
native,1
disfigure,1
required,1
metropolitan,1
pacified,1
eastern,1
assault,1
reluctantly,1
taught,1
flicked,1
key,1
ungrateful,1
public,1
assemblage,1
hopkins,1
near,1
determine,1
remarkably,1
periphery,1
dots,1
right,1
science,1
pierrepont,1
well,1
remained,1
fight,1
colonies,1
sir,1
thousands,1
account,1
gibraltar,1
unequal,1
selfish,1
militarized,1
welcome,1
bosnia,1
crown,1
supplanted,1
determined,1
lifetime,1
threat,1
line,1
urban,1
data,1
activity,1
port,1
souviens,1
extended,1
strand,1
lakota,1
strumpet,1
front,1
element,1
gratitude,1
unanalytical,1
knopf,1
obscure,1
lands,1
boston,1
staging,1
pitiless,1
system,1
insight,1
syllabus,1
upon,1
magazine,1
japan,1
crossed,1
waterway,1
gray,1
dutch,1
r,1
mastery,1
amiable,1
formal,1
invited,1
morale,1
say,1
lake,1
affecting,1
ohio,1
tributary,1
unleashed,1
enormous,1
resources,1
these,1
press,1
became,1
apply,1
nation,1
southwest,1
duty,1
possession,1
warrior,1
irish,1
subject,1
lies,1
contradictions,1
everywhere,1
repeating,1
happens,1
territory,1
religion,1
prevented,1
frequent,1
affection,1
condition,1
warfare,1
begins,1
liberated,1
during,1
place,1
virtually,1
doctrine,1
trumpet,1
postulated,1
misdirections,1
band,1
pauline,1
exploit,1
aside,1
densely,1
representation,1
wilderness,1
writing,1
elton,1
childhood,1
ontario,1
conflict,1
damaging,1
lord,1
remarks,1
loves,1
outposts,1
esposito,1
previous,1
review,1
sic,1
thread,1
sound,1
angles,1
ultimately,1
continuities,1
described,1
wilbur,1
component,1
excels,1
low,1
both,1
unmechanized,1
graph,1
hands,1
bent,1
since,1
three,1
visited,1
transatlantic,1
directed,1
burgoyne,1
rifle,1
errors,1
apartestablished,1
national,1
publication,1
regions,1
samuel,1
carillion,1
invaders,1
teaching,1
disarming,1
victory,1
lectures,1
characteristic,1
ray,1
decided,1
bennington,1
weapon,1
although,1
justness,1
misspellings,1
hard,1
permanencies,1
montcalm,1
followed,1
supplies,1
regime,1
function,1
weep,1
coup,1
principalities,1
revolution,1
militarily,1
curve,1
eventuate,1
wrights,1
affairs,1
billington,1
defined,1
off,1
connects,1
drum,1
quite,1
provides,1
consideration,1
thomas,1
event,1
disintegration,1
sandhurst,1
bank,1
speak,1
reader,1
around,1
better,1
campaign,1
ships,1
attention,1
overshadowed,1
consist,1
americas,1
doubtless,1
rooseveltian,1
began,1
beyond,1
refreshing,1
ignore,1
charles,1
coercive,1
jefferson,1
biters,1
je,1
defensive,1
qualities,1
rifles,1
removing,1
tinkerers,1
disaster,1
uses,1
connecticut,1
single,1
themselves,1
conclude,1
weapons,1
johnson,1
britain,1
orville,1
infuse,1
enterprise,1
classrooms,1
find,1
airplane,1
early,1
indulges,1
scott,1
usa,1
vincent,1
universities,1
student,1
little,1
memoir,1
instruments,1
italy,1
brigade,1
nodal,1
burwell,1
northern,1
invented,1
nettled,1
destruction,1
zones,1
coasts,1
famous,1
cross,1
atlas,1
occasion,1
augustine,1
embodied,1
strangle,1
asked,1
generation,1
lend,1
blueprint,1
monarchy,1
maier,1
glorious,1
rest,1
narrative,1
draft,1
hoosic,1
dickens,1
division,1
justice,1
magic,1
concomitant,1
seemed,1
society,1
visit,1
academies,1
