WORDCOUNTS,WEIGHT
the,149
of,142
and,94
in,63
a,53
to,36
eisenach,34
for,25
progressive,23
progressivism,22
this,22
as,18
is,17
political,17
national,16
social,15
that,15
s,15
but,14
it,13
american,13
progressives,13
was,12
or,12
p,12
rights,11
by,11
both,11
liberalism,10
history,10
intellectual,10
were,10
not,9
with,9
institutions,8
lost,8
promise,8
politics,8
which,8
sense,8
on,8
between,8
obligation,8
at,7
they,7
their,7
pp,7
modern,7
ideas,7
are,7
historical,7
public,7
some,7
its,7
argues,7
he,6
one,6
thought,6
democratic,6
only,6
also,6
state,6
from,6
an,6
civic,6
than,6
sort,5
these,5
those,5
reviews,5
part,5
against,5
have,5
states,5
gordon,5
who,4
still,4
often,4
respect,4
into,4
any,4
liberal,4
culture,4
argued,4
too,4
interests,4
important,4
liberty,4
december,4
tradition,4
reform,4
larger,4
war,4
out,4
almost,4
suggests,4
purpose,4
contract,4
gospel,4
we,4
here,4
united,4
weakness,4
critics,3
democracy,3
whose,3
his,3
economic,3
importance,3
life,3
ways,3
university,3
traces,3
most,3
organization,3
more,3
law,3
power,3
all,3
efforts,3
found,3
demands,3
intellectuals,3
new,3
contemporary,3
nationalism,3
i,3
never,3
feminist,3
what,3
citizenship,3
time,3
has,3
local,3
shared,3
reflection,3
private,3
press,3
much,3
indeed,3
pursuit,3
good,3
individualism,3
after,3
small,3
searching,3
class,3
socialist,2
colin,2
obligations,2
reformism,2
limits,2
variety,2
common,2
way,2
continued,2
nonpartisan,2
gabriel,2
synthesis,2
populist,2
legitimate,2
doctrine,2
thinkers,2
lawrence,2
legal,2
importantly,2
group,2
movement,2
collapsed,2
complex,2
why,2
second,2
yet,2
means,2
itself,2
challenged,2
quite,2
index,2
school,2
share,2
fish,2
consciousness,2
same,2
no,2
negative,2
experience,2
simply,2
first,2
notions,2
eldon,2
party,2
notably,2
challenge,2
opinion,2
protestant,2
dorothy,2
j,2
parties,2
ross,2
shaped,2
idea,2
secondary,2
search,2
reasons,2
effort,2
kolko,2
end,2
build,2
associations,2
there,2
antebellum,2
do,2
cultural,2
conservatism,2
context,2
less,2
confrontation,2
particular,2
constitutional,2
material,2
conviction,2
tension,2
spiritual,2
historians,2
fascination,2
mass,2
communitarian,2
such,2
another,2
having,2
scope,2
claim,2
little,2
through,2
contradictions,2
freedom,2
largely,2
questions,2
runs,2
central,2
coherent,2
nothing,2
review,2
argument,2
knew,2
ethical,2
own,2
three,2
moral,2
institutional,2
t,2
talk,2
author,2
spawned,2
contrast,2
discourse,2
socialism,2
disembodied,2
pond,2
managerial,2
merely,2
least,2
problems,2
actions,2
become,2
parochial,2
be,2
routinely,2
universities,2
critique,2
responsibility,2
hunt,2
wilsonian,2
commensurate,1
courts,1
thrust,1
dip,1
suspects,1
south,1
higher,1
battle,1
does,1
now,1
simultaneously,1
quarry,1
o,1
business,1
nihilism,1
struggle,1
two,1
dangerously,1
irretrievably,1
today,1
wandered,1
without,1
various,1
difficult,1
exhaust,1
rested,1
if,1
inaccurate,1
later,1
links,1
johns,1
impugning,1
patriotic,1
been,1
linda,1
corporate,1
corruption,1
defenders,1
trots,1
destroying,1
activists,1
louis,1
watch,1
remain,1
claimed,1
daniel,1
deserve,1
iowa,1
notoriously,1
appreciate,1
inclusive,1
brief,1
canon,1
anxieties,1
cohort,1
mean,1
elusive,1
seen,1
extends,1
competing,1
ultimate,1
populism,1
echoing,1
furiously,1
utility,1
worse,1
parastate,1
calculated,1
persistent,1
bewildering,1
passing,1
connect,1
standing,1
wilson,1
anxiety,1
solutions,1
certain,1
center,1
large,1
settings,1
led,1
cultivate,1
regulatory,1
loss,1
displaying,1
positive,1
articulate,1
regionalism,1
elitist,1
responsible,1
embarrassment,1
analysis,1
identify,1
multifaceted,1
white,1
existed,1
about,1
productive,1
origins,1
once,1
coherence,1
loopholes,1
authority,1
picking,1
distinguishing,1
uniquely,1
interpretation,1
reference,1
thomas,1
magazines,1
concerns,1
democrats,1
sake,1
genius,1
escape,1
nor,1
conscious,1
many,1
benefits,1
lavished,1
rationalize,1
array,1
corrupt,1
under,1
spirit,1
legacies,1
claims,1
explanatory,1
familiar,1
hegemony,1
laid,1
victories,1
emergence,1
rarely,1
then,1
glides,1
hartz,1
our,1
practice,1
footnoted,1
following,1
haskell,1
cluttered,1
n,1
entertaining,1
passionately,1
result,1
metaphor,1
conclusion,1
version,1
focusing,1
threat,1
character,1
costs,1
contempt,1
women,1
cultivated,1
ringing,1
constitutionalists,1
department,1
steel,1
academics,1
accounts,1
said,1
consistent,1
gerstle,1
rise,1
anything,1
powerful,1
voluntarism,1
reappropriate,1
robert,1
beyond,1
independent,1
regime,1
failing,1
sources,1
electoral,1
wightman,1
stark,1
fan,1
ambivalence,1
organizations,1
americanism,1
jackson,1
creation,1
science,1
disagreement,1
inherent,1
organizational,1
offers,1
drew,1
aspect,1
accommodated,1
explain,1
setting,1
set,1
belief,1
ii,1
stronger,1
give,1
symbolized,1
uncritically,1
nationalists,1
consequence,1
might,1
others,1
academy,1
attempt,1
view,1
over,1
intellectually,1
meaning,1
ask,1
nancy,1
principle,1
emerged,1
each,1
ourselves,1
country,1
opponents,1
historicism,1
seems,1
my,1
confirmed,1
engaged,1
betrayal,1
interested,1
path,1
fundamental,1
did,1
could,1
outlook,1
straightforward,1
prominence,1
rule,1
feminism,1
presence,1
consent,1
inquiry,1
choice,1
pressed,1
ideological,1
achievement,1
together,1
really,1
keenly,1
deal,1
able,1
link,1
substantive,1
hundred,1
scholars,1
skirts,1
rightly,1
surreal,1
before,1
pattern,1
past,1
achieved,1
fresh,1
suits,1
contest,1
scores,1
caricature,1
mooring,1
big,1
other,1
uncorrupt,1
forms,1
embedded,1
redefined,1
universal,1
westbrook,1
raised,1
principal,1
activism,1
understood,1
according,1
third,1
sincerity,1
reading,1
somewhat,1
shake,1
relations,1
gary,1
heads,1
economy,1
within,1
vs,1
confused,1
carefully,1
investigation,1
animate,1
concedes,1
coercion,1
implicit,1
whether,1
terms,1
see,1
system,1
ones,1
strategies,1
can,1
necessary,1
energy,1
placed,1
however,1
civics,1
deep,1
despite,1
perhaps,1
theory,1
eds,1
fox,1
rawls,1
tightly,1
protean,1
appropriated,1
triumph,1
chapter,1
hopkins,1
number,1
foundations,1
destructive,1
america,1
muddled,1
because,1
pursued,1
aspiration,1
undermined,1
failure,1
well,1
shape,1
notion,1
years,1
trophy,1
voice,1
booking,1
synonym,1
postwar,1
fundamentally,1
kansas,1
capable,1
nuances,1
displace,1
future,1
marked,1
line,1
urban,1
meaningful,1
populists,1
admits,1
work,1
strain,1
jacksonian,1
object,1
contradictory,1
inevitable,1
skepticism,1
pursue,1
credit,1
mutual,1
made,1
bibliography,1
even,1
fraser,1
richard,1
ideal,1
presented,1
john,1
values,1
must,1
neatly,1
fine,1
ruefully,1
recognition,1
presuffrage,1
conclude,1
say,1
pile,1
x,1
contestedmost,1
far,1
ignores,1
immoral,1
compass,1
civil,1
resources,1
marvel,1
unkind,1
demanded,1
duty,1
convinced,1
flourish,1
thoughts,1
positions,1
subject,1
administration,1
letter,1
eroded,1
expression,1
forgot,1
twentieth,1
gave,1
begins,1
fail,1
lesson,1
issues,1
engaging,1
framework,1
scarcely,1
aside,1
relevance,1
labor,1
net,1
throw,1
underscored,1
maintains,1
clauses,1
includes,1
denominational,1
proscription,1
personal,1
focuses,1
sees,1
ends,1
appreciated,1
employed,1
language,1
ational,1
adopting,1
participate,1
ultimately,1
unable,1
gasp,1
status,1
horizon,1
sharpest,1
generate,1
enthusiastic,1
interchurch,1
predetermined,1
tackled,1
conditions,1
manifestation,1
swimming,1
machine,1
thread,1
allies,1
profession,1
finally,1
interest,1
faces,1
change,1
myopic,1
relatively,1
logic,1
deals,1
held,1
moment,1
progressiveera,1
adopted,1
instead,1
arrogance,1
protestantism,1
pride,1
attach,1
gilman,1
tautologically,1
d,1
would,1
tight,1
stakes,1
lears,1
need,1
so,1
reformers,1
willing,1
balanced,1
mount,1
features,1
century,1
partisanship,1
echo,1
warrant,1
order,1
castigates,1
voluntary,1
thing,1
running,1
last,1
perforated,1
fundamentalist,1
resting,1
walking,1
anarchy,1
distinct,1
association,1
latter,1
blame,1
family,1
direction,1
men,1
artificial,1
communitarians,1
legacy,1
indictment,1
underscore,1
needs,1
offered,1
especially,1
specific,1
profound,1
amount,1
lifts,1
systems,1
trying,1
stuff,1
nicely,1
generic,1
unconvinced,1
themselves,1
narrow,1
suddenly,1
usual,1
point,1
boundaries,1
effective,1
accordingly,1
impossible,1
goodwyn,1
era,1
snipe,1
undemocratic,1
fully,1
fighting,1
former,1
percent,1
articulation,1
up,1
gender,1
necessity,1
subjects,1
sheer,1
pays,1
interlocking,1
northern,1
trumpeted,1
citations,1
architects,1
world,1
hauls,1
stumbles,1
seek,1
notes,1
relative,1
charity,1
occasion,1
building,1
provided,1
hardly,1
rodgers,1
built,1
passive,1
attention,1
influence,1
evoked,1
race,1
interrogate,1
close,1
error,1
species,1
justice,1
reluctant,1
society,1
perils,1
selectively,1
