WORDCOUNTS,WEIGHT
the,160
and,114
of,107
to,75
in,67
as,46
indians,46
a,40
that,34
with,29
american,27
by,25
their,25
from,23
new,22
he,20
indian,20
for,19
on,19
were,17
americans,16
calloway,16
early,16
they,15
history,15
or,14
more,14
his,13
not,12
but,12
native,12
america,12
identity,12
have,12
s,11
them,11
europeans,11
this,11
european,10
other,10
colonists,10
was,9
what,9
which,9
than,9
at,8
is,8
did,8
how,8
less,8
revolution,8
themselves,8
be,8
even,8
who,7
one,7
white,7
many,7
had,7
cultural,7
while,7
learned,7
natives,7
we,7
all,6
scholars,6
colonial,6
nash,6
so,6
it,5
been,5
often,5
studies,5
proved,5
peoples,5
only,5
into,5
are,5
book,5
political,5
war,5
has,5
another,5
communities,5
whites,5
nation,5
during,5
national,5
relations,5
salisbury,5
james,5
when,5
world,5
does,4
developed,4
about,4
ways,4
us,4
social,4
country,4
europe,4
axtell,4
time,4
historical,4
there,4
color,4
reviews,4
jennings,4
such,4
well,4
through,4
far,4
most,4
central,4
our,4
nor,4
own,4
since,4
land,4
especially,4
africans,4
much,4
mainstreaming,4
merrell,3
no,3
contact,3
if,3
transformed,3
symmetry,3
yet,3
h,3
missionaries,3
neither,3
environment,3
wars,3
considerations,3
these,3
two,3
toward,3
thrust,3
england,3
p,3
any,3
readers,3
those,3
whether,3
produced,3
conclusion,3
historians,3
some,3
understanding,3
people,3
come,3
until,3
argument,3
encounters,3
september,3
finally,3
essay,3
sense,3
an,3
century,3
between,3
little,3
race,3
depleted,2
will,2
i,2
colin,2
equality,2
common,2
way,2
symmetrical,2
within,2
usually,2
short,2
ideology,2
expansion,2
might,2
fractured,2
process,2
red,2
culturally,2
colonizers,2
albeit,2
above,2
began,2
plains,2
unfamiliar,2
fort,2
class,2
illustrations,2
bibliographical,2
once,2
english,2
lives,2
worlds,2
mythologists,2
old,2
soon,2
university,2
demographic,2
firearms,2
allies,2
conquest,2
title,2
misses,2
before,2
ideologies,2
articulated,2
without,2
circumstances,2
intentions,2
practices,2
position,2
long,2
jackson,2
dwelling,2
drew,2
sustained,2
power,2
suggested,2
decades,2
others,2
pointed,2
each,2
experienced,2
historiography,2
incorporating,2
fundamental,2
best,2
could,2
shoulder,2
great,2
neal,2
sure,2
distance,2
lived,2
larger,2
past,2
term,2
alike,2
johns,2
subjugation,2
recently,2
side,2
wealth,2
material,2
shape,2
spiritual,2
perhaps,2
after,2
hopkins,2
aspects,2
cloth,2
christianity,2
trade,2
chapter,2
balance,2
published,2
independence,2
literature,2
middle,2
made,2
medical,2
brought,2
thereby,2
point,2
whiteness,2
depended,2
contacts,2
press,2
looked,2
conventional,2
commodities,2
place,2
families,2
processes,2
ceremonies,2
question,2
counterparts,2
refugees,2
used,2
invasion,2
clear,2
against,2
moral,2
eve,2
instead,2
shaping,2
adopted,2
immigrants,2
every,2
presence,2
newcomers,2
become,2
distinguished,2
enabled,2
tactics,2
scholarship,2
can,2
essays,2
traditional,2
resistance,2
enhanced,2
north,2
observed,2
doing,2
because,2
nations,1
archives,1
immunities,1
critics,1
flourished,1
things,1
superiority,1
rowlandson,1
opposed,1
poor,1
now,1
equation,1
customers,1
choosy,1
led,1
forceful,1
profoundly,1
relationship,1
racism,1
actors,1
tireless,1
cleansing,1
revisionist,1
town,1
added,1
whose,1
page,1
reorder,1
played,1
note,1
hopes,1
residing,1
independent,1
fortunately,1
assert,1
sometimes,1
populations,1
slavery,1
economic,1
democracy,1
willingly,1
groups,1
distorted,1
corruption,1
vision,1
stood,1
although,1
defy,1
maps,1
doubt,1
created,1
claimed,1
adapt,1
forced,1
ironically,1
landscape,1
deadly,1
emergence,1
cf,1
lines,1
classic,1
foregoing,1
privations,1
drawing,1
college,1
struggled,1
narragansetts,1
occupy,1
notion,1
benefiting,1
implies,1
comparable,1
nonindians,1
rather,1
players,1
frequently,1
converted,1
whatever,1
devastating,1
still,1
itself,1
wish,1
brilliantly,1
prose,1
ties,1
changed,1
allegedly,1
understand,1
proposition,1
legal,1
captives,1
experiences,1
treaty,1
mighty,1
unprecedented,1
originated,1
b,1
greed,1
group,1
large,1
southern,1
direct,1
terms,1
strange,1
coverage,1
judged,1
put,1
factories,1
religious,1
denied,1
makes,1
elaborate,1
satisfaction,1
agency,1
adept,1
use,1
identify,1
lay,1
scrupulously,1
salinger,1
flintlock,1
awareness,1
referring,1
consequences,1
remind,1
imply,1
frontier,1
depicted,1
simultaneous,1
dead,1
happened,1
deference,1
murder,1
proclaimed,1
o,1
support,1
pontiac,1
bargainers,1
fair,1
means,1
approaches,1
arrangements,1
face,1
utterly,1
documents,1
pp,1
rogin,1
marginal,1
relationships,1
builds,1
favor,1
byproducts,1
fought,1
proud,1
regularly,1
clergy,1
repair,1
devotes,1
columbus,1
former,1
decade,1
god,1
crevecouer,1
shattered,1
populated,1
addressed,1
policy,1
quantitative,1
key,1
temperate,1
thesis,1
colonialism,1
salient,1
swamp,1
suggestions,1
argues,1
inequality,1
totem,1
variants,1
total,1
fathers,1
linked,1
sum,1
just,1
following,1
straitened,1
nineteenth,1
numbers,1
sharply,1
lacked,1
gradually,1
metacom,1
arguing,1
baltimore,1
series,1
remaking,1
tentative,1
complexity,1
argued,1
robust,1
belonging,1
burgeoning,1
poles,1
included,1
steel,1
farmlands,1
goodness,1
ever,1
noted,1
being,1
warns,1
stimulus,1
gentlemen,1
look,1
xiv,1
symbols,1
either,1
decidedly,1
appeared,1
skillful,1
constructed,1
guerrilla,1
volume,1
obstacles,1
blacksmith,1
diets,1
rhode,1
resolution,1
engine,1
oppression,1
name,1
also,1
exchanges,1
skill,1
index,1
invaders,1
entailed,1
carla,1
afterlife,1
originally,1
lust,1
inseparable,1
implications,1
later,1
why,1
military,1
links,1
quickly,1
know,1
stating,1
exploded,1
view,1
sweats,1
body,1
satanism,1
colonization,1
xxi,1
emerged,1
terminating,1
whereas,1
diseases,1
paper,1
liberty,1
cultures,1
controversy,1
theft,1
my,1
gary,1
different,1
fact,1
prolific,1
whom,1
shaped,1
marker,1
aftermath,1
extent,1
areas,1
illnesses,1
patronized,1
conduct,1
societies,1
leaders,1
down,1
relates,1
appearance,1
wares,1
histories,1
snares,1
towns,1
together,1
found,1
entering,1
devastation,1
half,1
called,1
constructions,1
thank,1
current,1
differences,1
domestic,1
cures,1
wave,1
relating,1
degree,1
centers,1
puritan,1
grave,1
admittedly,1
out,1
objectives,1
conventionally,1
informing,1
connell,1
smith,1
basket,1
lumped,1
scheme,1
sustaining,1
very,1
goods,1
launched,1
d,1
raising,1
chisels,1
uncovered,1
religion,1
near,1
humiliations,1
noting,1
homelands,1
burned,1
domesticated,1
nevertheless,1
unequal,1
man,1
slippage,1
purposes,1
almost,1
ledger,1
integrate,1
efforts,1
powerless,1
rural,1
embrace,1
removal,1
contest,1
works,1
markets,1
relocation,1
tangible,1
lawrence,1
destroyed,1
men,1
embedded,1
outside,1
took,1
dependence,1
latest,1
stand,1
stopping,1
drove,1
influences,1
do,1
v,1
reasons,1
protocols,1
ground,1
psychic,1
pointing,1
understood,1
cards,1
effective,1
repudiating,1
children,1
economy,1
ideological,1
tecumseh,1
confined,1
carefully,1
plaguing,1
salience,1
treat,1
unique,1
context,1
afforded,1
seventeenth,1
orthodoxy,1
defining,1
population,1
celebrated,1
form,1
michael,1
see,1
mary,1
strategies,1
efficacious,1
sovereignty,1
applied,1
purchased,1
borrowing,1
scale,1
era,1
underpinnings,1
necessary,1
grounds,1
ed,1
however,1
brief,1
appropriating,1
suspect,1
forthcoming,1
passed,1
multiethnic,1
fewer,1
explain,1
indianeuropean,1
conferences,1
miner,1
tightly,1
starkly,1
catawbas,1
anthropologists,1
fight,1
assertions,1
wide,1
revived,1
guns,1
reconciled,1
revolutionary,1
warned,1
utilitarian,1
sought,1
shrewd,1
mass,1
sustenance,1
remarkably,1
remedies,1
decontextualized,1
rebuild,1
historiographical,1
break,1
remained,1
civilized,1
sites,1
produce,1
republican,1
regarding,1
information,1
generally,1
editor,1
second,1
fundamentally,1
upheaval,1
intends,1
possible,1
analyzed,1
apt,1
graceful,1
relief,1
frontiersmen,1
veritably,1
millions,1
divided,1
work,1
shared,1
ethnohistory,1
abroad,1
scope,1
reminds,1
examples,1
practical,1
both,1
mutual,1
consumers,1
synthesizer,1
broom,1
level,1
boldly,1
carry,1
women,1
heart,1
barry,1
occurring,1
extracts,1
mental,1
say,1
except,1
crude,1
part,1
ohio,1
introduced,1
sharon,1
despite,1
enormous,1
recounts,1
expropriations,1
resources,1
toboggans,1
role,1
along,1
distinctive,1
forge,1
end,1
journal,1
irish,1
its,1
giving,1
himself,1
insuperable,1
northwest,1
intended,1
findings,1
pestana,1
reminded,1
economies,1
extract,1
therefore,1
enduring,1
whole,1
finds,1
trappings,1
describe,1
island,1
revising,1
wonderful,1
collection,1
arguments,1
summarizes,1
francis,1
minds,1
realizing,1
citations,1
productivity,1
aesthetics,1
qualitative,1
challenges,1
nationalism,1
allows,1
ideologues,1
expertise,1
labor,1
goals,1
attire,1
characterize,1
participated,1
ethnic,1
think,1
conflict,1
dispense,1
subtlety,1
maintains,1
thus,1
andrew,1
chapters,1
call,1
franklin,1
therein,1
throughout,1
gardina,1
denying,1
identities,1
full,1
previous,1
states,1
intercultural,1
wild,1
employed,1
disguised,1
eras,1
understandings,1
single,1
students,1
peddlers,1
famously,1
missions,1
component,1
totalitarianism,1
conceptual,1
lists,1
years,1
ethnically,1
ignored,1
indigenous,1
inevitable,1
run,1
deftly,1
engender,1
diplomacy,1
historic,1
revisions,1
healing,1
modem,1
realized,1
t,1
comprehensive,1
neighbors,1
g,1
related,1
profession,1
author,1
points,1
soldiers,1
change,1
wholesale,1
worn,1
relatively,1
defeat,1
ability,1
general,1
legacy,1
highlighting,1
define,1
price,1
heightened,1
hard,1
ends,1
range,1
snowshoes,1
period,1
federal,1
measurable,1
loved,1
writ,1
insisted,1
regarded,1
reinforces,1
statistically,1
suggest,1
seemingly,1
stage,1
seeming,1
depiction,1
risen,1
glass,1
tripartite,1
neat,1
landing,1
apaches,1
centrality,1
vanished,1
learning,1
lie,1
playing,1
transforming,1
interacting,1
households,1
earlier,1
area,1
emphasizes,1
canoes,1
maladies,1
black,1
standard,1
altogether,1
par,1
maintaining,1
shift,1
conquering,1
exchange,1
portrayed,1
summary,1
perspective,1
orders,1
enslaved,1
spanish,1
autonomy,1
formation,1
freed,1
offered,1
specific,1
supported,1
blacks,1
few,1
jefferson,1
accurately,1
least,1
multinational,1
components,1
rethink,1
assumed,1
would,1
juncture,1
impressions,1
discontented,1
cant,1
casual,1
relation,1
unworldly,1
graphically,1
subtracting,1
libraries,1
third,1
relatives,1
britain,1
effect,1
despair,1
coast,1
herbal,1
excluded,1
symbol,1
availability,1
like,1
enemies,1
create,1
patience,1
descendants,1
exclusively,1
drawn,1
working,1
department,1
valley,1
socially,1
interaction,1
wants,1
erroneously,1
corn,1
abandoned,1
slim,1
paid,1
seemed,1
need,1
breen,1
among,1
confronting,1
roots,1
crucible,1
devising,1
departed,1
concise,1
should,1
evidence,1
virtue,1
quarter,1
savage,1
paul,1
successive,1
united,1
asked,1
signals,1
under,1
baggage,1
infinite,1
portrait,1
conceptually,1
division,1
species,1
justice,1
seem,1
healers,1
discern,1
deficiency,1
surprising,1
