WORDCOUNTS,WEIGHT
the,202
of,165
and,100
to,84
in,83
a,73
s,55
as,47
jude,42
women,37
orsi,35
for,35
is,33
their,27
that,27
by,24
catholic,21
this,20
an,18
from,17
it,15
who,15
with,15
winnicott,15
how,14
which,14
his,13
american,13
are,13
suffering,13
object,13
st,13
history,12
p,12
saint,12
has,12
world,12
not,11
religion,11
at,10
they,10
into,10
culture,10
but,10
pain,10
its,10
relations,10
cult,9
psychoanalytic,9
social,9
upon,9
were,9
religious,8
theory,8
such,8
have,8
experience,7
also,7
own,7
be,7
mother,6
devotion,6
or,6
had,6
other,6
infant,6
on,6
through,6
freud,5
he,5
catholics,5
saints,5
church,5
one,5
often,5
self,5
only,5
shrine,5
themselves,5
robert,5
where,5
while,5
made,5
gender,5
use,5
human,5
daughters,5
relationships,5
devotional,5
you,5
playing,5
transitional,5
immigrants,5
study,5
depression,5
model,4
may,4
seems,4
rather,4
been,4
process,4
about,4
was,4
inequality,4
without,4
two,4
devout,4
harlem,4
power,4
creative,4
thank,4
i,4
what,4
reviews,4
them,4
italian,4
new,4
catholicism,4
devotionalism,4
families,4
freudian,4
forces,4
than,4
individual,4
although,4
kane,4
nor,4
between,4
can,4
would,4
now,3
within,3
economic,3
created,3
decades,3
community,3
still,3
group,3
life,3
omnipotence,3
devotions,3
yet,3
university,3
us,3
w,3
these,3
objects,3
book,3
figure,3
toward,3
might,3
others,3
madonna,3
words,3
fact,3
seem,3
desire,3
followers,3
children,3
psychoanalysis,3
term,3
reading,3
context,3
however,3
task,3
because,3
well,3
prior,3
survive,3
work,3
psychological,3
despite,3
became,3
significant,3
place,3
being,3
our,3
personal,3
against,3
moral,3
cults,3
good,3
need,3
function,3
him,3
family,3
needs,3
june,3
back,3
among,3
adult,3
final,2
south,2
relationship,2
investigating,2
americans,2
whose,2
subordination,2
child,2
way,2
patron,2
short,2
fear,2
forced,2
employment,2
parent,2
male,2
female,2
assure,2
capacity,2
contribution,2
complex,2
ongoing,2
perhaps,2
impersonal,2
construction,2
balaird,2
mexican,2
thought,2
itself,2
historians,2
immigrant,2
environment,2
sick,2
husbands,2
choices,2
source,2
uncovers,2
situations,2
age,2
attitudes,2
first,2
desperation,2
useful,2
sources,2
street,2
every,2
domus,2
here,2
sustained,2
belief,2
ii,2
important,2
religions,2
treatment,2
paula,2
christian,2
marriages,2
control,2
each,2
addition,2
many,2
including,2
stories,2
broken,2
acts,2
called,2
foreground,2
time,2
achievement,2
overseen,2
served,2
end,2
real,2
historical,2
embrace,2
external,2
works,2
men,2
further,2
hand,2
fun,2
those,2
war,2
priests,2
notion,2
defining,2
produced,2
celebrated,2
persons,2
system,2
cannot,2
british,2
spiritual,2
woman,2
explain,2
enough,2
prayer,2
chapter,2
desires,2
having,2
omnipotent,2
categories,2
art,2
initial,2
both,2
must,2
dynamic,2
press,2
subcultures,2
subject,2
cripple,2
illusion,2
ethnic,2
psychoanalyst,2
stops,2
question,2
dependence,2
theories,2
theme,2
status,2
patient,2
my,2
subjectivity,2
insights,2
three,2
reality,2
healing,2
anger,2
responses,2
mixed,2
working,2
parish,2
modem,2
static,2
old,2
several,2
especially,2
guilt,2
feelings,2
young,2
respond,2
festa,2
chicago,2
petitions,2
annual,2
when,2
dependent,2
much,2
patrons,2
save,2
we,2
notes,2
regressive,2
narrative,2
separate,2
ethic,1
appeal,1
summed,1
disciplining,1
blanket,1
flourished,1
probes,1
locates,1
failed,1
permits,1
sigmund,1
does,1
superiority,1
ending,1
girl,1
archives,1
relational,1
submissive,1
via,1
heretofore,1
simultaneously,1
noteworthy,1
second,1
eclectic,1
sons,1
general,1
today,1
fathers,1
following,1
limits,1
portrayed,1
no,1
supernaturalism,1
hopes,1
client,1
punitive,1
unravel,1
she,1
imagining,1
independent,1
activation,1
letters,1
generis,1
faith,1
psychically,1
sanctity,1
crucial,1
asymmetrical,1
action,1
mark,1
ways,1
answered,1
psychology,1
across,1
pittsburgh,1
generations,1
indeed,1
happy,1
hinge,1
masculine,1
london,1
commitment,1
prose,1
foster,1
surprisingly,1
furthermore,1
already,1
asking,1
unhappy,1
affected,1
celebration,1
elaborating,1
transition,1
notices,1
recognizes,1
manly,1
fiction,1
nearly,1
patronage,1
mediating,1
happen,1
responded,1
becomes,1
constraints,1
dissolution,1
dimensions,1
thinking,1
submission,1
marcy,1
seen,1
adopted,1
reconstruction,1
totally,1
yale,1
outward,1
compensated,1
began,1
effect,1
expanded,1
formula,1
sphere,1
enlists,1
overlap,1
upbeat,1
experiences,1
suggests,1
whether,1
boy,1
transformation,1
grew,1
psychoanalysts,1
becoming,1
kleinian,1
womanhood,1
terms,1
handsome,1
hold,1
played,1
therapists,1
class,1
studies,1
reconsider,1
enacted,1
escape,1
nostalgia,1
illustrations,1
identify,1
continually,1
caregivers,1
repeats,1
existed,1
fall,1
list,1
united,1
hope,1
supplanting,1
songs,1
neurosis,1
imply,1
space,1
assuring,1
elderly,1
moreover,1
wives,1
criticism,1
moves,1
constitutes,1
friends,1
bleak,1
inanimate,1
splintered,1
centuries,1
situation,1
fantasy,1
means,1
alongside,1
questionnaires,1
examine,1
lives,1
mrs,1
security,1
giddy,1
sociologists,1
represents,1
changes,1
insistence,1
pp,1
paradox,1
rationalize,1
case,1
modern,1
shortcoming,1
parts,1
serve,1
baby,1
evil,1
affect,1
expressivism,1
thick,1
clergy,1
seeing,1
technology,1
decade,1
god,1
missionaries,1
stigmatization,1
challenged,1
j,1
detail,1
manipulating,1
protection,1
department,1
neither,1
established,1
recriminations,1
distinction,1
character,1
ancient,1
critical,1
reintegration,1
publicly,1
organized,1
sociological,1
assimilation,1
blessings,1
magical,1
black,1
ave,1
sketches,1
physicians,1
vatican,1
stored,1
clearly,1
hysterics,1
reproducing,1
sui,1
factor,1
activities,1
moment,1
threatening,1
safe,1
investigates,1
ideologies,1
nineteenth,1
impulse,1
intolerable,1
gradually,1
mary,1
included,1
interpretation,1
document,1
door,1
natural,1
morality,1
too,1
exemplify,1
parental,1
careful,1
subtle,1
xi,1
founded,1
most,1
autonomy,1
cultists,1
demonstrate,1
predominantly,1
carroll,1
rising,1
moments,1
invoked,1
channeled,1
durkheimian,1
continues,1
origins,1
voluminous,1
twin,1
embedded,1
known,1
encouragement,1
connecting,1
else,1
shows,1
precise,1
beyond,1
reciprocity,1
disciplinary,1
physical,1
notions,1
capacities,1
retaliation,1
fellow,1
long,1
writing,1
issuing,1
provide,1
always,1
falling,1
convincing,1
text,1
loving,1
connection,1
patients,1
offers,1
regulating,1
voices,1
derives,1
index,1
marriage,1
temporarily,1
dominant,1
challenge,1
m,1
give,1
attempts,1
accustomed,1
quickly,1
know,1
dualism,1
again,1
protestant,1
make,1
celebrating,1
view,1
revealing,1
dependency,1
chance,1
responsibilities,1
backed,1
articulate,1
xxi,1
reflections,1
obsequious,1
emerged,1
image,1
all,1
experienced,1
greater,1
official,1
nature,1
pose,1
scholars,1
anecdotal,1
result,1
uncovering,1
superegos,1
autonomous,1
parties,1
aspect,1
share,1
divinity,1
unifying,1
lack,1
uses,1
diminishing,1
imperviousness,1
prejudices,1
consideration,1
location,1
preserve,1
believe,1
distance,1
prayed,1
partisans,1
rituals,1
tradition,1
did,1
best,1
maternal,1
societies,1
histories,1
medicine,1
daily,1
klein,1
pressure,1
hands,1
traumas,1
proof,1
strength,1
neurologists,1
intersected,1
loyalty,1
testimonies,1
imaginary,1
lacks,1
producing,1
come,1
arises,1
really,1
generates,1
typify,1
demands,1
scenes,1
housewife,1
shared,1
incorporation,1
granddaughters,1
thanks,1
hence,1
conspirators,1
declined,1
concludes,1
very,1
mistakenly,1
hopkins,1
remain,1
n,1
primary,1
idealization,1
childbirth,1
analyst,1
illness,1
happiness,1
past,1
there,1
prayers,1
utilize,1
respect,1
equates,1
emerges,1
options,1
lone,1
psychic,1
overlooked,1
forms,1
creating,1
behind,1
took,1
pediatrician,1
precisely,1
sacred,1
concepts,1
equally,1
supporters,1
risked,1
pointing,1
born,1
play,1
warnings,1
scholarly,1
mail,1
hopelessness,1
growing,1
healthy,1
signs,1
caretakers,1
exposing,1
johns,1
pursued,1
negotiate,1
kitchen,1
report,1
establish,1
orthodoxy,1
fulfilling,1
distress,1
jobs,1
laying,1
see,1
strategies,1
magazines,1
wherein,1
biases,1
applied,1
employs,1
supports,1
misleading,1
sociology,1
richly,1
material,1
dismissive,1
dislocations,1
add,1
fictitious,1
existence,1
metaphorizing,1
dialectic,1
procedures,1
anecdote,1
perform,1
guarantee,1
ripe,1
dedicated,1
represses,1
books,1
find,1
anthropologists,1
annulment,1
key,1
king,1
athletes,1
supplemented,1
public,1
triumph,1
foregrounded,1
beard,1
boston,1
her,1
getting,1
number,1
explicitly,1
solipsism,1
out,1
repetition,1
criteria,1
day,1
receive,1
thoroughly,1
aspects,1
glorification,1
skillfully,1
gestures,1
reminds,1
remained,1
vulnerability,1
explored,1
yield,1
christianity,1
diptych,1
voice,1
another,1
thousands,1
imagine,1
published,1
anna,1
unequal,1
femininity,1
emphasis,1
condemned,1
future,1
private,1
meissner,1
understanding,1
line,1
praying,1
flourish,1
contain,1
situated,1
extended,1
divided,1
clients,1
father,1
intimate,1
drive,1
popular,1
success,1
fearful,1
contractual,1
inhospitable,1
socioeconomic,1
functions,1
some,1
portraits,1
bibliography,1
unappealing,1
tool,1
mobilizing,1
virgin,1
level,1
magazine,1
contours,1
true,1
attentive,1
imagined,1
flaw,1
concept,1
point,1
parents,1
disparities,1
atlantic,1
desperate,1
eliminating,1
midkane,1
example,1
controls,1
clerical,1
sent,1
reactivated,1
illustrates,1
knowledge,1
collided,1
role,1
herself,1
lacan,1
identity,1
mapped,1
description,1
ritual,1
emotional,1
undermining,1
marginalized,1
thriving,1
acute,1
approve,1
year,1
pursuit,1
strand,1
independents,1
describe,1
symbolization,1
listening,1
camps,1
michael,1
discussions,1
transcendent,1
results,1
refers,1
unreported,1
analogies,1
inherited,1
causes,1
maria,1
collective,1
engaging,1
using,1
hints,1
preservers,1
issues,1
figures,1
exist,1
contextualizing,1
learned,1
gain,1
splitting,1
permeates,1
said,1
weakness,1
consequence,1
like,1
thus,1
services,1
disillusioned,1
sacralization,1
subsumed,1
reinforced,1
frame,1
focuses,1
rise,1
newspaper,1
recovering,1
internal,1
powerful,1
constraint,1
practices,1
survival,1
serf,1
used,1
rage,1
seductive,1
rejected,1
birth,1
argues,1
dynamics,1
inner,1
maladjusted,1
sacrality,1
open,1
reject,1
inevitable,1
conn,1
crises,1
effectively,1
holy,1
margaret,1
similarity,1
constantly,1
objective,1
approach,1
unconsciously,1
fantasies,1
rescued,1
observes,1
write,1
express,1
language,1
integral,1
socialized,1
accept,1
postimmigrant,1
hurt,1
movement,1
mode,1
peter,1
motives,1
explanation,1
psychodrama,1
someone,1
change,1
characteristic,1
exemplary,1
ray,1
permit,1
ladurie,1
bartering,1
offer,1
contrasting,1
gendered,1
donald,1
attested,1
sense,1
successful,1
highlighting,1
holiness,1
d,1
fulfills,1
below,1
so,1
evidence,1
constructed,1
respects,1
fostered,1
unexpected,1
reproduced,1
obscurity,1
states,1
century,1
integration,1
affirmation,1
admitted,1
attributes,1
effects,1
twentieth,1
kind,1
nazis,1
locate,1
mediterranean,1
separates,1
discourse,1
transcends,1
enriched,1
quite,1
tales,1
impelled,1
provides,1
profession,1
elements,1
taught,1
selfdestructive,1
blame,1
imagination,1
troubles,1
exchange,1
melanie,1
spent,1
worst,1
underlying,1
why,1
claretian,1
calling,1
unarticulated,1
anonymous,1
mitchell,1
migrants,1
refer,1
probe,1
few,1
potential,1
stephen,1
body,1
ponders,1
bridge,1
eyes,1
mildred,1
slave,1
newspapers,1
interrogating,1
comfort,1
invoke,1
third,1
satisfying,1
dramatic,1
site,1
become,1
uneasiness,1
research,1
exhaustive,1
allowing,1
policy,1
judas,1
enabled,1
strike,1
stand,1
matrix,1
portions,1
contact,1
vexed,1
ads,1
enduring,1
annoyingly,1
workforce,1
beseeched,1
joblessness,1
more,1
solicit,1
powerfully,1
networks,1
illuminates,1
structure,1
fully,1
superstitions,1
early,1
psychodrame,1
seeking,1
asymmetry,1
up,1
cites,1
probably,1
sympathetic,1
innovators,1
statue,1
gives,1
present,1
passivity,1
traditional,1
ambivalently,1
focus,1
vehicle,1
unobtrusively,1
correspondence,1
integrates,1
haven,1
resignation,1
tendency,1
deeply,1
traditions,1
designer,1
quarterly,1
value,1
unassailable,1
should,1
feel,1
society,1
provided,1
finds,1
creativity,1
conversations,1
daughter,1
darker,1
employ,1
roles,1
fusion,1
actions,1
master,1
once,1
hopeless,1
brown,1
dictated,1
subordinate,1
major,1
occur,1
holding,1
mouth,1
ubiquity,1
decreased,1
modernized,1
pleasureseeking,1
infants,1
mechanism,1
summary,1
