WORDCOUNTS,WEIGHT
the,238
of,163
social,86
in,82
to,69
a,58
and,57
that,38
as,34
gospel,34
for,29
their,26
s,22
religious,19
christian,18
by,18
its,18
at,17
american,17
phillips,17
kingdom,17
on,17
christians,17
he,16
movement,16
has,16
it,15
had,15
have,15
god,14
was,14
p,13
is,12
with,12
from,12
would,12
they,11
secular,11
an,11
history,10
christianity,10
even,10
world,10
been,9
but,9
more,9
many,9
his,8
welfare,8
did,8
public,8
work,8
which,8
such,8
this,8
if,7
not,7
or,7
niebuhr,7
war,7
while,7
be,7
than,7
these,6
out,6
new,6
state,6
political,6
america,6
politics,6
were,6
national,6
north,6
vision,5
sweeney,5
often,5
university,5
christ,5
efforts,5
principles,5
agenda,5
liberal,5
roosevelt,5
them,5
hopkins,5
churches,5
atlantic,5
became,5
least,5
after,5
influence,5
much,5
will,4
now,4
who,4
legislation,4
fleshing,4
uniquely,4
thought,4
any,4
proved,4
culture,4
most,4
t,4
triangle,4
all,4
fact,4
leaders,4
great,4
end,4
religion,4
historical,4
i,4
never,4
further,4
william,4
what,4
reviews,4
when,4
richard,4
our,4
question,4
since,4
states,4
especially,4
decline,4
seemed,4
final,3
may,3
sort,3
still,3
yale,3
force,3
church,3
life,3
theologians,3
mainline,3
quite,3
united,3
h,3
canada,3
pp,3
modern,3
country,3
cause,3
thesis,3
into,3
before,3
only,3
transatlantic,3
beyond,3
ii,3
important,3
are,3
book,3
beliefs,3
very,3
take,3
deal,3
those,3
march,3
less,3
see,3
however,3
despite,3
argument,3
theological,3
possible,3
extent,3
through,3
example,3
press,3
initiative,3
during,3
goal,3
come,3
institutional,3
cultural,3
kind,3
between,3
governments,3
hutchison,3
entire,3
time,3
f,2
allegedly,2
believers,2
prominence,2
no,2
way,2
continued,2
science,2
chance,2
giving,2
failed,2
harnack,2
labors,2
service,2
comparative,2
surprisingly,2
resisted,2
widespread,2
notion,2
importance,2
grew,2
one,2
study,2
convictions,2
reforms,2
about,2
supposed,2
interpretation,2
support,2
jonathan,2
ring,2
us,2
school,2
then,2
gospelers,2
counterintuitive,2
frequently,2
also,2
rise,2
rather,2
gain,2
paul,2
other,2
might,2
others,2
view,2
england,2
j,2
longer,2
reach,2
historians,2
believe,2
scholars,2
leading,2
societies,2
could,2
indeed,2
reform,2
forces,2
eventually,2
narrative,2
demise,2
scene,2
there,2
remarkable,2
where,2
interwar,2
flesh,2
maintain,2
ceased,2
well,2
remained,2
institutions,2
suggests,2
some,2
ideal,2
douglas,2
level,2
community,2
edwards,2
british,2
authentic,2
apparent,2
die,2
europeans,2
went,2
forged,2
largely,2
ideas,2
specifically,2
franklin,2
throughout,2
complicated,2
until,2
burden,2
years,2
own,2
trends,2
against,2
earth,2
divine,2
interest,2
published,2
although,2
so,2
reformers,2
him,2
century,2
jesus,2
network,2
standard,2
respective,2
outside,2
having,2
methods,2
ensuring,2
become,2
themselves,2
agree,2
succeeded,2
britain,2
can,2
alliances,2
xxvii,2
early,2
postwar,2
progress,2
hearing,2
divergent,2
among,2
recent,2
leadership,2
incarnation,2
justice,2
society,2
limiting,1
culmination,1
model,1
employing,1
seems,1
european,1
merged,1
founding,1
asking,1
accepting,1
makes,1
reliable,1
order,1
sympathetic,1
currently,1
applications,1
likely,1
transform,1
critics,1
situation,1
americans,1
sylvia,1
york,1
whose,1
along,1
significant,1
german,1
today,1
criticism,1
influential,1
coopted,1
changing,1
without,1
humankind,1
difficult,1
declared,1
george,1
fortunately,1
curtailed,1
faith,1
popularity,1
links,1
unprecedentedly,1
barthian,1
economic,1
indicative,1
outsiders,1
predictably,1
short,1
gradual,1
synthesis,1
ideology,1
how,1
rightly,1
enables,1
commitment,1
fear,1
does,1
warrant,1
affected,1
distress,1
classic,1
citizens,1
forward,1
perilous,1
insufficient,1
revolutionary,1
primarily,1
fractured,1
myself,1
process,1
red,1
becomes,1
hats,1
mood,1
lost,1
secularization,1
prove,1
whatever,1
tle,1
willem,1
pressing,1
fusion,1
stands,1
began,1
federation,1
claimed,1
pushed,1
comments,1
germany,1
christianization,1
contribution,1
inquiry,1
whether,1
antiinstitutional,1
transformation,1
lamented,1
try,1
absorption,1
terms,1
replaced,1
changes,1
breakup,1
strenuous,1
returned,1
myth,1
enabled,1
illustrations,1
damper,1
woodsworth,1
lay,1
achieve,1
once,1
coherence,1
rate,1
live,1
alleged,1
moreover,1
specialist,1
relied,1
addressing,1
prince,1
federal,1
shell,1
violence,1
ebb,1
means,1
religiously,1
soul,1
itself,1
tapping,1
security,1
lloyd,1
earthly,1
studies,1
nevertheless,1
nor,1
park,1
mission,1
facilitated,1
isolationist,1
earliest,1
clergy,1
congregations,1
continuity,1
ideals,1
challenged,1
flag,1
claims,1
neither,1
enmeshed,1
index,1
meant,1
spectrum,1
presidency,1
bearers,1
share,1
seriously,1
emergence,1
entitled,1
commonwealth,1
thinking,1
essence,1
onset,1
just,1
appear,1
preeminence,1
impact,1
matter,1
regina,1
monograph,1
ed,1
variety,1
redemption,1
legislative,1
source,1
version,1
edwardsian,1
too,1
w,1
upper,1
already,1
circumstances,1
themes,1
negative,1
various,1
experience,1
highlight,1
simply,1
reliance,1
favored,1
fatherhood,1
ever,1
increasingly,1
said,1
lingering,1
partnerships,1
member,1
anything,1
divinity,1
precipitous,1
functioned,1
assume,1
sector,1
offered,1
frightening,1
australia,1
love,1
masses,1
volume,1
rings,1
supported,1
advantage,1
hence,1
nova,1
party,1
every,1
disposition,1
organizations,1
zero,1
first,1
temple,1
dismantle,1
served,1
victorian,1
majority,1
willing,1
idea,1
established,1
writes,1
set,1
coauthored,1
bushnell,1
deserves,1
power,1
frederick,1
symbolized,1
provisional,1
decided,1
toward,1
protestant,1
investments,1
death,1
natural,1
over,1
progression,1
delimitation,1
editing,1
put,1
moribund,1
xxi,1
september,1
emerged,1
each,1
tremendous,1
sure,1
ritschl,1
greater,1
pollyanaish,1
character,1
nature,1
remaining,1
paper,1
expressed,1
hooft,1
benevolence,1
historiography,1
words,1
novel,1
based,1
herald,1
lack,1
wide,1
large,1
europe,1
blur,1
pragmatic,1
ambassadors,1
harder,1
best,1
critic,1
soliciting,1
method,1
epitomized,1
wedded,1
devastation,1
reasons,1
postliberal,1
generations,1
kulturprotestantismus,1
solace,1
current,1
adhered,1
disturbed,1
resuscitate,1
foundation,1
fate,1
succumb,1
together,1
fruits,1
stereotype,1
benevolences,1
doubts,1
activists,1
politicos,1
incorporation,1
theology,1
hundred,1
alluding,1
godly,1
comprehensiveness,1
ironically,1
retitled,1
within,1
emerge,1
risk,1
alarming,1
cart,1
man,1
reinhold,1
maurice,1
attained,1
fundamentalism,1
appeared,1
works,1
edition,1
type,1
brotherhood,1
roots,1
relegated,1
last,1
late,1
concrete,1
mind,1
readers,1
took,1
hit,1
hand,1
respond,1
do,1
stature,1
movements,1
subjunctive,1
principal,1
activism,1
though,1
cooptation,1
virtual,1
derivative,1
sectors,1
manner,1
denoument,1
somewhat,1
return,1
economy,1
hostile,1
johns,1
accordingly,1
sanctify,1
forerunner,1
broader,1
activist,1
reign,1
regrettably,1
combined,1
number,1
context,1
tools,1
capstone,1
teacher,1
compromising,1
rose,1
recently,1
environments,1
stability,1
form,1
answer,1
horace,1
making,1
degree,1
suffered,1
ideological,1
reminds,1
forth,1
articulated,1
otherwise,1
exert,1
proceed,1
placed,1
ravages,1
governmental,1
episcopalian,1
wartime,1
ecumenist,1
year,1
core,1
go,1
paperback,1
perhaps,1
remarked,1
progressivism,1
debate,1
neediest,1
separated,1
key,1
albeit,1
heavily,1
understandably,1
earlier,1
primary,1
sought,1
going,1
create,1
sanguine,1
realize,1
local,1
aspects,1
worthy,1
percent,1
undermined,1
president,1
cloth,1
charted,1
gained,1
voice,1
another,1
influenced,1
indifference,1
original,1
views,1
socialized,1
felt,1
howard,1
coherent,1
determined,1
private,1
understanding,1
revealed,1
internalization,1
open,1
extended,1
vast,1
gains,1
admits,1
knew,1
robertson,1
rampant,1
background,1
powers,1
socioeconomic,1
rendered,1
crown,1
made,1
visser,1
doctrines,1
upon,1
john,1
bear,1
miscellanies,1
true,1
careful,1
deservedly,1
economist,1
dutch,1
r,1
writings,1
significantly,1
adjective,1
desired,1
horse,1
point,1
adoption,1
far,1
explains,1
distinctly,1
conception,1
painfully,1
prospect,1
particularly,1
calls,1
ministers,1
indigenous,1
ominous,1
allows,1
convinced,1
fortuitously,1
look,1
reports,1
message,1
intended,1
charitable,1
enduring,1
measurement,1
westcott,1
assumption,1
place,1
sign,1
protestants,1
francis,1
policies,1
factor,1
ranks,1
smacked,1
issues,1
broad,1
contends,1
phenomenon,1
existentialist,1
exceptionally,1
evidenced,1
optimism,1
actually,1
goals,1
mailed,1
human,1
coming,1
satisfying,1
scare,1
hope,1
saskatchewan,1
central,1
realized,1
divorced,1
like,1
thus,1
albrecht,1
nothing,1
continue,1
call,1
prepared,1
predominate,1
viability,1
ronald,1
scope,1
congregation,1
promoted,1
enthusiasm,1
synthetic,1
woodworth,1
internalized,1
led,1
tradition,1
proceeded,1
showing,1
soon,1
vii,1
weakened,1
kindred,1
exceedingly,1
locations,1
conscience,1
dynamics,1
development,1
depression,1
miss,1
significance,1
points,1
accommodation,1
clear,1
resist,1
misgivings,1
three,1
health,1
moral,1
twentieth,1
presumption,1
conditions,1
b,1
talk,1
income,1
finally,1
reputation,1
prelate,1
sustain,1
essay,1
interpret,1
characteristic,1
britainas,1
parallels,1
anxious,1
ended,1
contributed,1
offer,1
general,1
individual,1
times,1
protestantism,1
integrated,1
suffers,1
change,1
xxvi,1
price,1
d,1
revised,1
field,1
canadian,1
period,1
need,1
ely,1
jr,1
function,1
aroused,1
revolution,1
pay,1
socialist,1
rooted,1
americanness,1
ronsvalle,1
am,1
politicizing,1
narratives,1
france,1
interprets,1
playing,1
kept,1
spirits,1
centripetal,1
progressive,1
conversation,1
renewal,1
refuses,1
socialism,1
extremely,1
legacy,1
remains,1
developments,1
long,1
speak,1
self,1
called,1
venture,1
policy,1
keep,1
several,1
decide,1
smugly,1
connections,1
special,1
thousand,1
charles,1
archbishop,1
few,1
concerns,1
delano,1
choose,1
infinite,1
rouse,1
alleviate,1
inspired,1
offering,1
subordinate,1
civic,1
leader,1
relation,1
reported,1
furthers,1
vacuum,1
c,1
tossed,1
scholarship,1
inasmuch,1
tended,1
impossible,1
truly,1
credible,1
fashions,1
scotia,1
concepts,1
nathaniel,1
claiming,1
men,1
working,1
st,1
ownership,1
white,1
story,1
evangelicals,1
abandoned,1
inaccessible,1
benchmark,1
figures,1
discern,1
strong,1
ends,1
taylor,1
pennsylvania,1
notes,1
deriving,1
indistinguishable,1
responsibility,1
value,1
xavier,1
dissolved,1
should,1
reformist,1
fiscal,1
cooperative,1
hardly,1
letter,1
generation,1
substantially,1
guaranteed,1
considering,1
lowest,1
showed,1
moved,1
groundbreaking,1
close,1
canterbury,1
concluded,1
jerusalem,1
geographical,1
von,1
adolf,1
decision,1
xxv,1
walls,1
