WORDCOUNTS,WEIGHT
the,156
of,116
and,87
to,51
a,49
in,44
s,38
that,27
ragtime,24
joplin,23
his,22
is,22
for,21
by,20
he,19
with,19
minstrelsy,19
but,16
lott,15
this,15
on,15
berlin,14
cultural,13
it,12
was,12
its,12
curtis,11
as,11
music,11
an,11
at,10
from,10
social,10
black,10
not,9
american,9
history,9
p,9
new,9
she,8
has,8
white,7
first,7
musical,7
both,7
were,7
have,7
race,7
york,6
who,6
life,6
class,6
pp,6
more,6
gender,6
which,6
years,6
does,5
way,5
been,5
they,5
university,5
also,5
had,5
did,5
together,5
be,5
while,5
account,5
work,5
made,5
scott,5
relations,5
played,5
early,5
than,5
their,4
spackman,4
colored,4
only,4
love,4
all,4
political,4
though,4
what,4
reviews,4
context,4
material,4
st,4
her,4
some,4
sense,4
press,4
passing,4
louis,4
through,4
here,4
notes,4
second,3
note,3
no,3
sheet,3
later,3
economic,3
make,3
makes,3
illustrations,3
analysis,3
about,3
studies,3
us,3
index,3
or,3
into,3
blackface,3
show,3
street,3
stark,3
rice,3
over,3
meaning,3
actual,3
intellectual,3
are,3
theft,3
alexander,3
very,3
culture,3
reading,3
dance,3
well,3
suggests,3
bibliography,3
information,3
repetition,3
whites,3
much,3
questions,3
business,3
such,3
national,3
washington,3
so,3
earlier,3
june,3
rag,3
johnson,3
james,3
northern,3
world,3
we,3
using,2
south,2
f,2
therefore,2
whitened,2
piano,2
whose,2
century,2
minstrel,2
performance,2
how,2
feeling,2
illustration,2
male,2
connection,2
means,2
lost,2
goes,2
returned,2
heard,2
manages,2
often,2
construction,2
unknown,2
songs,2
entertainment,2
oxford,2
weldon,2
antebellum,2
growing,2
same,2
homoerotic,2
house,2
performers,2
words,2
du,2
these,2
covers,2
most,2
being,2
exposition,2
either,2
bars,2
projected,2
why,2
again,2
might,2
attempt,2
expressed,2
fact,2
could,2
ambitions,2
analyses,2
clearly,2
onto,2
end,2
man,2
there,2
conclusion,2
wall,2
forms,2
blackness,2
formation,2
where,2
war,2
racial,2
form,2
perhaps,2
theory,2
gives,2
repetitive,2
because,2
original,2
whiteness,2
urban,2
popular,2
sedalia,2
examples,2
range,2
after,2
opera,2
pass,2
brought,2
bois,2
still,2
became,2
along,2
tune,2
song,2
treemonisha,2
significant,2
whole,2
sectional,2
genuine,2
actually,2
central,2
personal,2
g,2
meanings,2
against,2
t,2
dominated,2
although,2
like,2
turn,2
remains,2
pages,2
back,2
cuff,2
when,2
up,2
modernist,2
resistance,2
antislavery,2
evidence,2
quarter,2
theatrical,2
freud,1
eleanor,1
book,1
residing,1
space,1
chauvin,1
will,1
harnessed,1
now,1
link,1
discussing,1
film,1
simultaneously,1
assigned,1
currently,1
relationship,1
produces,1
forties,1
recognized,1
dominating,1
november,1
child,1
chances,1
huck,1
hegemony,1
riegger,1
publication,1
saw,1
edge,1
prostitution,1
various,1
level,1
difficult,1
operations,1
sightseers,1
rather,1
if,1
purely,1
crucial,1
develops,1
provide,1
seminary,1
groups,1
minstrelsyslave,1
gradual,1
adds,1
integrating,1
impressive,1
ideology,1
turns,1
functional,1
transvestite,1
edward,1
composer,1
subject,1
irony,1
dangers,1
critical,1
racialized,1
select,1
melodramas,1
patting,1
lines,1
fingers,1
recognizes,1
ten,1
brings,1
e,1
upward,1
innocently,1
represented,1
community,1
intersect,1
suffer,1
succession,1
minstrels,1
completing,1
linguistic,1
connected,1
contribution,1
publisher,1
identifies,1
just,1
b,1
negotiations,1
modes,1
ludicrous,1
reprinting,1
southern,1
sacrificed,1
one,1
deepest,1
reception,1
columbian,1
study,1
mobility,1
nostalgia,1
lay,1
represention,1
confronting,1
fall,1
undress,1
united,1
word,1
problematic,1
simultaneous,1
asserted,1
audian,1
education,1
postmodernist,1
wallingford,1
interpretation,1
zip,1
support,1
fair,1
fantasy,1
get,1
done,1
itself,1
recalled,1
desperately,1
perceptions,1
struggle,1
marginal,1
appendixes,1
thought,1
modern,1
susan,1
bad,1
wages,1
borrowed,1
excludes,1
dedicatee,1
althusser,1
tensions,1
bhaba,1
stephen,1
selective,1
claims,1
discursive,1
seems,1
intellectually,1
pavilions,1
literary,1
misses,1
wars,1
included,1
harlequins,1
emergence,1
then,1
any,1
biographical,1
producers,1
consciousness,1
edition,1
historian,1
days,1
middleton,1
redemptive,1
choices,1
enthusiast,1
impulse,1
beecher,1
contemporaries,1
source,1
sales,1
version,1
hopes,1
incorporated,1
without,1
circumstances,1
memorial,1
department,1
demonstrate,1
simply,1
reliance,1
extensive,1
joe,1
hines,1
harlem,1
disrupted,1
cabin,1
blackfaced,1
scotland,1
rise,1
origins,1
cast,1
synonymous,1
known,1
dubious,1
else,1
eighth,1
beyond,1
physical,1
chose,1
generally,1
representation,1
davis,1
points,1
lamb,1
subjects,1
certainly,1
meant,1
segregation,1
blended,1
exploitation,1
supersession,1
fre,1
posed,1
appealing,1
barthes,1
production,1
drew,1
shrewdly,1
allegation,1
expressive,1
crews,1
interested,1
musematic,1
commodification,1
set,1
challenge,1
miscegenation,1
power,1
cover,1
bred,1
important,1
resonance,1
know,1
suggested,1
toward,1
caricatures,1
personified,1
physicality,1
death,1
view,1
haskins,1
agenda,1
experienced,1
deconstructed,1
official,1
missing,1
signified,1
uses,1
standards,1
my,1
cultivated,1
different,1
stolen,1
including,1
whom,1
other,1
historians,1
coincidence,1
seem,1
treatment,1
available,1
asserts,1
irene,1
toll,1
head,1
tradition,1
boyhood,1
best,1
xii,1
explores,1
broken,1
striking,1
assertion,1
instability,1
entered,1
pittsburgh,1
plot,1
half,1
great,1
display,1
appeared,1
ought,1
widening,1
accessible,1
resurface,1
domestic,1
choice,1
pleasance,1
inevitably,1
rivalry,1
missouri,1
centers,1
variegated,1
sectionalism,1
obvious,1
break,1
deal,1
identity,1
vernon,1
uncle,1
harriet,1
closer,1
john,1
trangressions,1
proliferation,1
drumming,1
emphatically,1
debates,1
uncovered,1
everything,1
audience,1
doubt,1
associations,1
foster,1
nevertheless,1
fears,1
hostilities,1
xx,1
booker,1
sketchy,1
serious,1
audiences,1
blacking,1
works,1
midway,1
last,1
evident,1
date,1
further,1
emphasized,1
following,1
precisely,1
fourth,1
do,1
equally,1
those,1
texarkana,1
robert,1
knows,1
third,1
wage,1
ambiguous,1
pitch,1
theodore,1
performed,1
essentially,1
bakhtin,1
economy,1
johns,1
effect,1
nodding,1
sharpened,1
them,1
celebrated,1
promise,1
interstices,1
ignores,1
obsessive,1
roosevelt,1
empty,1
takes,1
occasional,1
series,1
dancing,1
decade,1
agencies,1
lookye,1
pantomime,1
dialect,1
explored,1
upon,1
debate,1
ike,1
king,1
public,1
fascination,1
blackening,1
foregrounded,1
hopkins,1
bases,1
directly,1
out,1
masculinity,1
america,1
autobiography,1
affair,1
vehicle,1
draw,1
brilliant,1
immediate,1
daddy,1
failure,1
shape,1
plane,1
having,1
transvestism,1
discourses,1
another,1
influenced,1
metrically,1
almost,1
porter,1
don,1
conversation,1
articulation,1
rioters,1
welcome,1
fitting,1
virginia,1
episode,1
politics,1
w,1
situated,1
kathleen,1
extended,1
discussion,1
intense,1
birth,1
genres,1
role,1
naked,1
biracial,1
richard,1
derision,1
demarcated,1
accompanying,1
rehearsed,1
values,1
claim,1
imagined,1
far,1
formal,1
dishabille,1
met,1
given,1
supply,1
part,1
consequent,1
disposes,1
beat,1
enhanced,1
panic,1
competing,1
sixth,1
masturbation,1
household,1
content,1
colonize,1
clearer,1
republic,1
players,1
recover,1
exploring,1
himself,1
demanded,1
concern,1
tried,1
emotional,1
empirical,1
societal,1
went,1
loss,1
literature,1
manhattan,1
gave,1
unit,1
namesake,1
circus,1
benefit,1
focus,1
during,1
place,1
titles,1
garden,1
demonstrates,1
collective,1
homespun,1
challenges,1
incorporation,1
immediately,1
band,1
dances,1
ideas,1
extraordinarily,1
definitions,1
long,1
tribute,1
strenuous,1
ethnic,1
evolution,1
think,1
conflict,1
cva,1
infantile,1
eden,1
irving,1
nothing,1
relates,1
documented,1
notated,1
throughout,1
saxton,1
eric,1
full,1
regularly,1
previous,1
review,1
slummers,1
however,1
pleasure,1
flirting,1
i,1
systematic,1
finn,1
until,1
powerful,1
reclaim,1
described,1
dotted,1
finally,1
rage,1
argument,1
touch,1
difficulties,1
negro,1
clowns,1
low,1
industrialization,1
endorsement,1
counterpoint,1
crises,1
clear,1
discovered,1
sensibilities,1
three,1
converged,1
andrews,1
importance,1
encounters,1
anxiety,1
informed,1
exaggerates,1
guest,1
jazz,1
language,1
interracial,1
charge,1
stowe,1
vernacular,1
lady,1
mysogyny,1
crisis,1
precipitation,1
good,1
change,1
characteristic,1
tone,1
stressed,1
craftsmanship,1
rural,1
held,1
orchestra,1
previously,1
individual,1
consumers,1
david,1
homes,1
allowed,1
proand,1
club,1
humor,1
ghettos,1
price,1
working,1
jefferson,1
dinner,1
cruel,1
period,1
followed,1
questionable,1
embodied,1
tom,1
hire,1
alphabet,1
stage,1
mount,1
states,1
high,1
collected,1
regular,1
honor,1
distinction,1
sam,1
you,1
stages,1
taste,1
seeks,1
off,1
clothes,1
emphasizes,1
frederick,1
sexuality,1
phrase,1
heart,1
allure,1
elements,1
shift,1
old,1
plantation,1
reputedly,1
quietened,1
repeated,1
spent,1
melodies,1
roles,1
castle,1
needs,1
discrimination,1
few,1
profound,1
musicologist,1
potential,1
highly,1
artisan,1
body,1
between,1
response,1
benson,1
depression,1
transfer,1
columbia,1
industry,1
pike,1
feet,1
disturbing,1
extraordinary,1
insists,1
subsided,1
single,1
themselves,1
allowing,1
protect,1
point,1
huckleberry,1
boundaries,1
insecurities,1
examine,1
chicago,1
anderson,1
expressiveness,1
animal,1
truly,1
era,1
attali,1
availability,1
semantic,1
patterson,1
seeking,1
within,1
would,1
element,1
even,1
little,1
figaresque,1
develop,1
looked,1
re,1
victorian,1
describes,1
desperate,1
tones,1
tales,1
explains,1
deeper,1
story,1
recent,1
engagement,1
run,1
protagonist,1
professional,1
rests,1
civil,1
finds,1
doing,1
fee,1
built,1
unexamined,1
showed,1
antiabolitionist,1
master,1
convincingly,1
roediger,1
visitors,1
seemed,1
musicology,1
incidental,1
society,1
interdiscipline,1
coon,1
