WORDCOUNTS,WEIGHT
the,218
of,183
and,165
in,110
to,94
a,87
downing,78
that,68
his,66
s,52
was,49
with,38
for,37
as,37
he,36
is,36
on,34
it,28
an,23
from,23
which,22
landscape,21
architecture,21
had,20
american,19
new,19
major,18
by,17
p,16
but,16
more,16
not,16
at,15
garden,15
books,15
houses,14
or,14
be,14
jackson,13
treatise,13
were,13
schuyler,12
one,12
all,12
andrew,12
only,12
would,12
been,12
life,12
country,12
she,11
rural,11
if,10
residences,10
first,10
taste,10
other,10
have,10
gardening,10
history,9
its,9
during,9
this,9
horticulturist,9
two,9
also,9
they,8
english,8
picturesque,8
own,8
ideas,8
him,8
what,8
her,8
art,8
vaux,7
design,7
york,7
after,7
most,7
public,7
work,7
cottages,7
time,7
editorials,7
them,7
years,7
twombly,6
might,6
england,6
j,6
nature,6
there,6
those,6
designs,6
america,6
gardens,6
than,6
b,6
reviews,6
because,6
part,6
cottage,6
practice,6
newburgh,6
before,5
davis,5
has,5
magazine,5
hudson,5
thus,5
september,5
ideal,5
even,5
no,5
illustrations,5
grounds,5
house,5
year,5
small,5
several,5
world,5
limited,5
tatum,5
european,5
united,5
given,5
press,5
beauty,5
states,5
little,5
later,4
designed,4
authority,4
park,4
are,4
beautiful,4
himself,4
loudon,4
americans,4
means,4
beau,4
edition,4
david,4
important,4
reprinted,4
could,4
up,4
pp,4
thought,4
published,4
death,4
architectural,4
never,4
material,4
different,4
half,4
c,4
while,4
trees,4
apostle,4
editor,4
association,4
between,4
should,4
surroundings,3
now,3
jane,3
essays,3
live,3
title,3
macdougall,3
being,3
modest,3
words,3
book,3
together,3
appendix,3
able,3
take,3
i,3
within,3
reissued,3
advice,3
such,3
everyman,3
some,3
ruskin,3
fine,3
since,3
author,3
kind,3
nor,3
body,3
died,3
site,3
aimed,3
gardener,3
their,3
k,3
withers,3
impact,3
four,3
found,3
called,3
placed,3
required,3
publish,3
horticulture,3
leisure,3
london,3
example,3
records,3
people,3
structures,3
social,3
family,3
always,3
when,3
correspondence,3
notes,3
republican,3
matter,3
calvert,3
prophet,3
says,3
make,3
nursery,3
apples,3
edited,3
same,3
ed,3
gentlemen,3
residence,3
contemporary,3
pattern,3
man,3
gothic,3
honor,3
judith,3
upon,3
writings,3
enormous,3
styles,3
three,3
revised,3
so,3
plant,3
become,3
attention,3
farm,3
today,3
george,3
articles,3
any,3
known,3
set,3
far,3
almost,3
became,3
davies,3
valley,3
building,3
explosion,2
mostly,2
way,2
wonder,2
career,2
college,2
kinds,2
into,2
materials,2
consistent,2
else,2
transitions,2
sources,2
every,2
commissions,2
taken,2
planting,2
attempt,2
kowsky,2
editions,2
available,2
twenty,2
great,2
differences,2
exotic,2
service,2
composition,2
jumped,2
last,2
robert,2
decreased,2
case,2
task,2
chapter,2
reissue,2
sweeting,2
point,2
very,2
chapters,2
spectrum,2
de,2
characteristic,2
dozen,2
century,2
old,2
architect,2
undertaking,2
irony,2
may,2
alison,2
builder,2
villas,2
insistence,2
plus,2
university,2
river,2
elisabeth,2
too,2
exotics,2
beyond,2
decades,2
friends,2
holdings,2
character,2
expressed,2
standards,2
result,2
based,2
typical,2
term,2
produced,2
obedience,2
otherwise,2
wealth,2
wide,2
hopkins,2
near,2
scene,2
well,2
directly,2
r,2
literature,2
emphasis,2
nine,2
dover,2
apparent,2
ten,2
place,2
broad,2
thereafter,2
personal,2
hidden,2
legacy,2
correct,2
next,2
contrast,2
accomplished,2
executed,2
civic,2
massachusetts,2
progress,2
majority,2
citations,2
appeal,2
will,2
second,2
absence,2
short,2
revival,2
curtis,2
fruit,2
whatever,2
july,2
builders,2
abrupt,2
about,2
cheap,2
planner,2
many,2
neither,2
index,2
included,2
already,2
containing,2
french,2
law,2
business,2
frederick,2
again,2
put,2
gentle,2
remain,2
doubt,2
readers,2
hand,2
paris,2
where,2
archibald,2
less,2
simplicity,2
real,2
daunting,2
belief,2
pears,2
style,2
argues,2
range,2
francis,2
embellishment,2
ties,2
low,2
modem,2
comprehensive,2
essay,2
characterized,2
like,2
instruction,2
fertilization,2
steamboat,2
working,2
field,2
la,2
widely,2
somewhat,2
fifty,2
johns,2
usually,2
five,2
begin,2
lines,2
citizens,2
referred,2
began,2
thirteen,2
renaissance,2
education,2
types,2
suggestions,2
authorities,2
conclusion,2
mentioned,2
demonstrate,2
theme,2
blair,2
each,2
did,2
universal,2
rely,2
type,2
beginning,2
william,2
terms,2
list,2
theory,2
extent,2
waters,2
income,2
information,2
suggests,2
middle,2
popular,2
noticeably,2
both,2
varieties,2
presented,2
recognition,2
reported,2
through,2
introduced,2
city,2
subject,2
returning,2
assumptions,2
went,2
botany,2
estates,2
our,2
come,2
devoted,2
ultimately,2
argument,2
national,2
washington,2
corrective,2
charles,2
potential,2
pioneering,2
priced,2
among,2
final,1
frequent,1
difficult,1
does,1
ending,1
compares,1
struggle,1
obligations,1
unannounced,1
implemented,1
concerned,1
estate,1
names,1
effected,1
stood,1
migrated,1
acre,1
everyone,1
pomological,1
perfection,1
footnote,1
burke,1
curved,1
blossom,1
stroll,1
connect,1
village,1
organizer,1
denied,1
mobility,1
imperfection,1
enhance,1
hefty,1
likely,1
true,1
fitness,1
completely,1
sudden,1
drawings,1
studies,1
mit,1
sublime,1
weaned,1
compilation,1
modern,1
favor,1
former,1
trilogy,1
devices,1
position,1
locale,1
painters,1
communion,1
biographical,1
repton,1
dig,1
antebellum,1
finely,1
nineteenth,1
something,1
revision,1
women,1
hoping,1
various,1
said,1
anything,1
t,1
decidedly,1
natures,1
permanence,1
long,1
acres,1
swedish,1
learned,1
inexorable,1
statuary,1
expressive,1
interested,1
ii,1
implications,1
attempts,1
restoration,1
symmetrical,1
address,1
progression,1
actual,1
worked,1
gardenesque,1
freely,1
seems,1
overnight,1
memorial,1
comparatively,1
rhode,1
principles,1
jardin,1
advantage,1
broken,1
assertion,1
suggesting,1
mannerisms,1
ungainly,1
farmers,1
fully,1
arises,1
fruits,1
closer,1
concludes,1
room,1
commitment,1
grip,1
mind,1
state,1
floral,1
principal,1
opposite,1
alike,1
reading,1
techniques,1
stopped,1
papers,1
barrytown,1
departures,1
botanical,1
toto,1
eastern,1
paysager,1
histoire,1
matthew,1
encouraging,1
u,1
agriculture,1
correspondents,1
victims,1
olmsted,1
poughkeepsie,1
struggling,1
account,1
possible,1
lifetime,1
understated,1
instincts,1
activity,1
paucity,1
reaching,1
moderation,1
bibliography,1
consumers,1
biographers,1
west,1
community,1
restless,1
combination,1
say,1
panic,1
headley,1
resources,1
advocating,1
laws,1
horticultural,1
reconstruction,1
along,1
interior,1
inexpensive,1
beneath,1
urging,1
collection,1
harmony,1
cursory,1
painterly,1
expertise,1
labor,1
egalitarianism,1
human,1
central,1
dispatched,1
singularity,1
throughout,1
bracketed,1
express,1
used,1
component,1
apprenticeship,1
quality,1
seventy,1
initial,1
objective,1
against,1
philosophical,1
seismic,1
ease,1
brother,1
establishments,1
furnishing,1
price,1
cherries,1
unrevised,1
seeming,1
accelerating,1
asymmetrical,1
praising,1
adam,1
self,1
better,1
humphrey,1
raises,1
convincing,1
response,1
slave,1
young,1
served,1
arranged,1
publications,1
spin,1
toil,1
journal,1
critique,1
architects,1
dispensing,1
professionally,1
climates,1
savage,1
preferred,1
nomenclature,1
master,1
conceptually,1
parks,1
perfect,1
failed,1
seventh,1
immaterialities,1
via,1
evanescent,1
recognized,1
whose,1
without,1
act,1
rather,1
sets,1
developed,1
adds,1
mall,1
excerpts,1
forced,1
influential,1
en,1
selflessness,1
appreciation,1
breast,1
ai,1
holistic,1
lasting,1
georges,1
represented,1
opportunity,1
deprived,1
neighborhood,1
associate,1
eight,1
importance,1
certain,1
plots,1
ix,1
compromises,1
nos,1
prepared,1
bibliographical,1
rootedness,1
atelier,1
guides,1
constitute,1
support,1
eighteen,1
maintaining,1
romantic,1
partnership,1
day,1
consultation,1
erecting,1
organization,1
sorts,1
specialization,1
devoting,1
popularizing,1
presumably,1
section,1
elsewhere,1
producers,1
quatremere,1
spirit,1
consigned,1
argued,1
rescued,1
montgomery,1
additional,1
powerful,1
officer,1
generally,1
requires,1
victorian,1
permanent,1
destructive,1
founding,1
m,1
lilies,1
strengthen,1
systems,1
view,1
appear,1
artistic,1
thinks,1
whereas,1
contention,1
landscaped,1
ordinarily,1
remembered,1
identifying,1
infinity,1
sooner,1
asserts,1
bearing,1
practitioner,1
appearance,1
wilder,1
opposing,1
plot,1
discrete,1
sights,1
livingston,1
separable,1
seven,1
lived,1
out,1
format,1
calm,1
italianate,1
carolina,1
constantly,1
featured,1
believer,1
firsts,1
fourth,1
buttressed,1
furthermore,1
standardized,1
library,1
though,1
medievally,1
equal,1
houseguests,1
honed,1
residential,1
recently,1
wherein,1
appearing,1
however,1
spiritual,1
saving,1
approached,1
instrumental,1
dumbarton,1
governing,1
expressions,1
influenced,1
briefly,1
expensive,1
aspects,1
undermined,1
keeping,1
having,1
nourishment,1
basis,1
monique,1
frontispiece,1
horticulturalist,1
journals,1
clarke,1
planning,1
implement,1
epiphany,1
claim,1
prompted,1
explains,1
devising,1
knowledge,1
indigenous,1
supreme,1
revealed,1
knight,1
lovely,1
whole,1
beautifiers,1
gave,1
island,1
editorial,1
issues,1
climatic,1
keep,1
concentrate,1
actually,1
oaks,1
restlessness,1
binding,1
sculptural,1
forces,1
weekly,1
away,1
newspaper,1
endorsed,1
showing,1
gracious,1
memoirs,1
strongest,1
capo,1
attributed,1
redistribution,1
misplaced,1
sic,1
monetary,1
prices,1
change,1
least,1
sense,1
successful,1
gotten,1
bremer,1
useful,1
things,1
wished,1
errand,1
warrant,1
order,1
specifically,1
around,1
handful,1
specificity,1
encouraged,1
classically,1
erected,1
convey,1
jardins,1
portions,1
villages,1
telling,1
da,1
occasions,1
maine,1
visible,1
richness,1
wife,1
proper,1
paid,1
colloquium,1
undergoing,1
value,1
weigh,1
am,1
seemed,1
unselfishly,1
advertised,1
chronological,1
south,1
portion,1
uncommon,1
therefore,1
soaking,1
sail,1
approximate,1
role,1
power,1
nation,1
resides,1
variety,1
client,1
myriad,1
visually,1
bringing,1
contended,1
action,1
gentlement,1
wrote,1
indeed,1
happy,1
receptive,1
commit,1
nearly,1
suburban,1
haley,1
elusive,1
still,1
above,1
landed,1
manifest,1
holders,1
study,1
labored,1
riches,1
single,1
confronting,1
depicted,1
relied,1
yet,1
urged,1
violence,1
worm,1
examined,1
rubric,1
represents,1
makes,1
read,1
soon,1
array,1
under,1
formally,1
us,1
thesis,1
salient,1
marshall,1
conveying,1
light,1
developer,1
delight,1
baltimore,1
arboricultural,1
ornamental,1
disobedience,1
illustrated,1
visitors,1
department,1
increasingly,1
friend,1
revenge,1
harper,1
double,1
love,1
volume,1
alteration,1
balancing,1
members,1
resolution,1
theorist,1
museums,1
westward,1
skill,1
dichotomies,1
decoration,1
mark,1
others,1
teyssot,1
spend,1
approaching,1
frugality,1
addition,1
projects,1
cultivated,1
lengthy,1
turnabout,1
fact,1
unifying,1
idea,1
springside,1
stories,1
treatment,1
fundamental,1
xii,1
areas,1
crosscultural,1
plan,1
jours,1
documents,1
daily,1
classical,1
mecca,1
john,1
unkindly,1
contends,1
considerable,1
acclaim,1
optic,1
forms,1
men,1
overstate,1
outside,1
wild,1
fame,1
remarkable,1
innovative,1
continuing,1
establish,1
celebrated,1
suburb,1
underscores,1
lancelot,1
strategies,1
arduous,1
deep,1
perhaps,1
weaken,1
mercy,1
pomology,1
wood,1
realize,1
violent,1
interpreting,1
original,1
classes,1
private,1
understanding,1
aptly,1
clients,1
treated,1
made,1
completed,1
bear,1
uplift,1
contours,1
including,1
determinedly,1
distinctly,1
jacquetta,1
herself,1
expand,1
concern,1
host,1
affection,1
reconstructs,1
sold,1
largely,1
virtually,1
aesthetics,1
congress,1
pleasure,1
fixedly,1
rare,1
nothing,1
examination,1
aesthetic,1
trip,1
full,1
raising,1
sees,1
office,1
eleventh,1
theories,1
obliterated,1
continuities,1
arguably,1
exceedingly,1
open,1
clear,1
discovered,1
moral,1
directed,1
emphasizing,1
authors,1
grew,1
sensitivity,1
publication,1
theoretician,1
maintenance,1
august,1
held,1
times,1
pride,1
collaborator,1
shortly,1
accurate,1
anyone,1
earlier,1
improved,1
believing,1
provides,1
adequately,1
latter,1
imagination,1
vassar,1
especially,1
problems,1
edmund,1
qualities,1
employees,1
primogeniture,1
dollars,1
transcendence,1
attendant,1
muddy,1
enthusiasts,1
probably,1
dominance,1
we,1
destruction,1
relative,1
professional,1
greek,1
concluded,1
brown,1
species,1
visit,1
fails,1
ranging,1
dealing,1
twelve,1
relying,1
surpassed,1
alex,1
publishing,1
note,1
irregular,1
lot,1
seventeen,1
bulk,1
elevate,1
imbalance,1
fewer,1
institutions,1
dimensions,1
who,1
sensitive,1
worse,1
visual,1
remaining,1
rapidly,1
antiquity,1
responsible,1
construction,1
existed,1
aspirations,1
respect,1
composed,1
months,1
exists,1
get,1
itself,1
face,1
interpretive,1
memorialized,1
premier,1
investigate,1
seat,1
regularly,1
matters,1
recognizably,1
addressed,1
ensure,1
campaign,1
meant,1
swallowed,1
then,1
fifteen,1
thinking,1
undervalues,1
historian,1
biography,1
must,1
devout,1
constituted,1
economically,1
beside,1
dubious,1
recognizable,1
totality,1
rival,1
physical,1
quotes,1
endeavors,1
dining,1
organizational,1
here,1
native,1
payne,1
recorded,1
natural,1
over,1
intellectual,1
partner,1
burdened,1
descriptions,1
capability,1
confident,1
setting,1
seem,1
flowing,1
unknown,1
ubiquitous,1
alexander,1
lyceum,1
inquiry,1
iii,1
particularly,1
windsor,1
beand,1
audience,1
retired,1
thoughtfulness,1
useless,1
cities,1
historical,1
magnolia,1
mass,1
ideally,1
destroyed,1
places,1
feminist,1
gardeners,1
subordinate,1
born,1
according,1
scholarly,1
unlikely,1
carefully,1
selected,1
form,1
ones,1
making,1
pertinent,1
agricultural,1
hoped,1
statement,1
problem,1
adaptation,1
dissecting,1
adventurous,1
expressly,1
soothe,1
produce,1
noticed,1
quincy,1
nuances,1
urban,1
workand,1
des,1
uvedale,1
boston,1
uniting,1
age,1
furniture,1
disparate,1
preferable,1
altogether,1
excursion,1
marketing,1
content,1
republic,1
easy,1
convinced,1
turns,1
immaterial,1
reconstruct,1
tasteful,1
exceptionally,1
traite,1
accorded,1
schedule,1
varied,1
remarks,1
luxurious,1
named,1
fredrika,1
origins,1
until,1
presence,1
cambridge,1
average,1
fourteenth,1
conditions,1
mode,1
course,1
richard,1
include,1
although,1
consolidated,1
d,1
enabling,1
mosser,1
evidence,1
sur,1
immediacy,1
engraving,1
piece,1
shift,1
speak,1
increased,1
classification,1
morning,1
traveling,1
offered,1
drift,1
effortlessly,1
themselves,1
snatched,1
broadening,1
collaborators,1
scholarship,1
partial,1
create,1
substantial,1
acumen,1
much,1
originator,1
willing,1
grace,1
drew,1
observed,1
rude,1
workings,1
hypothesis,1
