WORDCOUNTS,WEIGHT
the,232
of,160
and,134
to,99
in,88
a,61
consumer,42
for,40
is,34
s,33
mississippi,33
that,31
american,29
they,28
as,27
culture,26
ownby,23
their,21
it,20
not,20
was,20
by,19
were,19
on,19
white,18
from,18
many,17
but,15
had,15
which,15
an,15
has,13
consumers,13
women,13
slaves,13
this,13
about,13
also,12
new,12
what,12
dream,12
shopping,12
national,12
dreams,11
have,11
so,11
consumerism,10
history,10
only,10
stores,10
people,10
santa,10
south,9
no,9
if,9
mall,9
with,9
more,9
vicksburg,9
shoppers,9
african,9
been,8
who,8
americans,8
or,8
into,8
pemberton,8
men,8
be,8
blues,7
dickins,7
abundance,7
most,7
over,7
all,7
did,7
goods,7
there,7
state,7
through,7
freedom,7
buying,7
century,7
black,7
at,6
democracy,6
street,6
slave,6
image,6
whites,6
end,6
them,6
money,6
purchases,6
mississippians,6
segregation,6
held,6
consumption,6
we,6
than,6
he,5
way,5
life,5
class,5
just,5
farm,5
experience,5
klaws,5
are,5
book,5
could,5
debt,5
other,5
malls,5
those,5
poverty,5
reviews,5
however,5
america,5
because,5
some,5
made,5
walker,5
place,5
such,5
percy,5
stuff,5
morris,5
much,5
among,5
general,5
race,5
his,4
how,4
does,4
make,4
one,4
then,4
antebellum,4
too,4
these,4
four,4
extension,4
powerful,4
social,4
continued,4
choice,4
any,4
products,4
market,4
particular,4
chapter,4
her,4
out,4
march,4
credit,4
writers,4
along,4
cash,4
emancipation,4
advertising,4
nevertheless,4
argument,4
own,4
washington,4
change,4
course,4
clothes,4
old,4
blacks,4
johnson,4
chicago,4
even,4
will,3
rights,3
now,3
mostly,3
power,3
within,3
reconstruction,3
southern,3
once,3
yet,3
selling,3
making,3
modern,3
better,3
university,3
benefits,3
something,3
industrial,3
must,3
department,3
being,3
wright,3
helped,3
might,3
control,3
dorothy,3
company,3
automobile,3
together,3
effect,3
access,3
p,3
farmers,3
job,3
while,3
i,3
half,3
fear,3
klan,3
limited,3
do,3
economy,3
racial,3
go,3
hale,3
retailers,3
plantation,3
cloth,3
trade,3
fearful,3
bought,3
little,3
whiteness,3
city,3
civil,3
nation,3
encouraged,3
plenty,3
sold,3
purchased,3
clothing,3
our,3
music,3
come,3
grace,3
merchants,3
against,3
william,3
twentieth,3
christopher,3
like,3
hard,3
richard,3
order,3
several,3
especially,3
although,3
era,3
when,3
working,3
extent,3
home,3
time,3
establishments,3
may,2
fifty,2
press,2
led,2
books,2
states,2
town,2
chains,2
common,2
bringing,2
important,2
toward,2
per,2
careless,2
female,2
cut,2
still,2
force,2
after,2
storefronts,2
backed,2
studies,2
parade,2
analysis,2
retail,2
cars,2
moreover,2
soul,2
easily,2
susan,2
want,2
wanted,2
morgan,2
consider,2
fast,2
familiar,2
small,2
secondhand,2
shut,2
nineteenth,2
result,2
instrument,2
argued,2
agents,2
delta,2
store,2
first,2
would,2
regional,2
shop,2
appeared,2
catalog,2
long,2
rather,2
jackson,2
here,2
turn,2
writes,2
implications,2
others,2
novelty,2
mass,2
restaurants,2
subject,2
whom,2
current,2
slaveowners,2
gladys,2
different,2
longer,2
abelson,2
historians,2
cosmetics,2
preserve,2
best,2
alexander,2
advertisers,2
found,2
faulkner,2
wealthy,2
differences,2
young,2
lover,2
quilting,2
service,2
promised,2
pete,2
very,2
before,2
real,2
rural,2
historian,2
last,2
learn,2
political,2
capita,2
daniel,2
recently,2
marketed,2
less,2
case,2
can,2
wealth,2
outside,2
perhaps,2
downtown,2
gambling,2
likes,2
free,2
u,2
divide,2
desires,2
well,2
published,2
participation,2
installment,2
basis,2
singers,2
planters,2
spending,2
work,2
west,2
taking,2
brought,2
say,2
elaine,2
claus,2
became,2
easy,2
gender,2
plans,2
welty,2
during,2
needed,2
demonstrates,2
learned,2
central,2
continue,2
legal,2
strasser,2
until,2
potter,2
argues,2
clear,2
counterculture,2
interest,2
workers,2
least,2
times,2
land,2
smith,2
walter,2
period,2
product,2
photograph,2
middleclass,2
ted,2
quite,2
items,2
david,2
elvis,2
back,2
sewing,2
between,2
reality,2
casino,2
radio,2
cohen,2
always,2
early,2
abandoned,2
paid,2
often,2
north,2
recent,2
controlled,2
nothing,2
lizabeth,2
louisiana,2
dresses,2
songs,2
enjoy,2
court,2
activities,2
society,2
separate,2
apparent,2
battles,2
local,2
clientele,1
textile,1
try,1
imaginatively,1
crow,1
things,1
enough,1
failed,1
battle,1
critical,1
oneself,1
rebellious,1
twelve,1
crowds,1
second,1
philadelphia,1
recognized,1
off,1
dwell,1
struggle,1
demand,1
cover,1
today,1
belonged,1
coats,1
colors,1
absence,1
costs,1
appealed,1
adorns,1
act,1
complaining,1
carried,1
avoiding,1
enter,1
later,1
figure,1
bring,1
carpetbagger,1
action,1
economic,1
names,1
criminal,1
groups,1
socalled,1
across,1
dreamed,1
homogenize,1
practical,1
district,1
stop,1
created,1
grappled,1
boycott,1
wonder,1
hill,1
horses,1
represent,1
explain,1
erases,1
successes,1
everyone,1
minority,1
dashed,1
return,1
thrift,1
frugally,1
lines,1
episodes,1
account,1
musical,1
taste,1
male,1
records,1
oppress,1
red,1
brings,1
e,1
cuba,1
jewelry,1
motivator,1
mansions,1
associated,1
army,1
superficialities,1
represented,1
convince,1
seen,1
fine,1
telephones,1
mechanics,1
mundane,1
mainstream,1
notably,1
evans,1
pushed,1
associate,1
bankers,1
understand,1
beckons,1
threaten,1
freely,1
interplay,1
hopelessly,1
remaining,1
anxiety,1
group,1
movement,1
brand,1
center,1
anxious,1
indicate,1
covering,1
procession,1
jobs,1
partially,1
battlefields,1
denied,1
chariot,1
file,1
pegs,1
elaborate,1
satisfaction,1
responsible,1
vicksburgers,1
freedmen,1
tend,1
stylish,1
placating,1
existed,1
companies,1
united,1
merged,1
locked,1
republicans,1
neighborhoods,1
scattered,1
outlets,1
wives,1
ing,1
memphis,1
mother,1
appropriation,1
epilogue,1
experiences,1
auspices,1
museum,1
reinterpretation,1
violence,1
get,1
fit,1
democrats,1
utterly,1
makes,1
leave,1
pp,1
conformed,1
figured,1
york,1
happened,1
romantic,1
bad,1
facilitated,1
mission,1
portend,1
array,1
meant,1
under,1
station,1
restricted,1
door,1
guitar,1
prejudice,1
objects,1
hearts,1
neither,1
river,1
index,1
acquired,1
catfish,1
continuity,1
stereotyped,1
rode,1
fail,1
included,1
operated,1
christmasthe,1
miss,1
latest,1
present,1
scientist,1
linked,1
dress,1
candles,1
constant,1
warren,1
proprietors,1
material,1
days,1
portrays,1
same,1
smile,1
choices,1
set,1
frugal,1
house,1
variety,1
redemption,1
northeastern,1
sharecroppers,1
magazines,1
chief,1
sales,1
experiment,1
advises,1
strengthen,1
largest,1
without,1
mercantile,1
age,1
outspoken,1
expenditures,1
restrict,1
two,1
cutting,1
unamerican,1
carolina,1
lined,1
resented,1
accounts,1
bees,1
rigidly,1
sit,1
known,1
encouragement,1
homemade,1
else,1
boycotting,1
tourism,1
followed,1
regime,1
position,1
sources,1
borrow,1
barriers,1
madame,1
shops,1
blossomed,1
members,1
firms,1
woman,1
leader,1
fire,1
flaunted,1
realist,1
relies,1
successfully,1
backwardness,1
begin,1
law,1
suit,1
unparalleled,1
omission,1
grasp,1
poorest,1
business,1
sometimes,1
evidence,1
restoration,1
estate,1
know,1
suggested,1
feeling,1
forays,1
spend,1
texas,1
constitution,1
frugality,1
conceived,1
dependency,1
meaning,1
message,1
thrust,1
lumber,1
bottle,1
towns,1
primarily,1
unwarranted,1
tremendous,1
towards,1
country,1
readily,1
j,1
majesty,1
paper,1
expressed,1
cultures,1
moving,1
artists,1
immutable,1
organized,1
novel,1
came,1
december,1
folk,1
lack,1
confident,1
phonograph,1
shaped,1
consideration,1
coincidence,1
boycotts,1
gone,1
patronized,1
scholars,1
explores,1
leaders,1
down,1
glaring,1
pages,1
advantage,1
conservative,1
desire,1
theme,1
shoplifters,1
great,1
color,1
disappointment,1
confusion,1
frock,1
sure,1
inclusion,1
exclusion,1
famous,1
gap,1
minimized,1
musicians,1
followers,1
soldamounted,1
searched,1
children,1
years,1
lived,1
really,1
larger,1
crowd,1
valley,1
groceries,1
xiii,1
obviously,1
tells,1
scheme,1
numb,1
fallen,1
author,1
radical,1
interstate,1
longstanding,1
accentuated,1
variation,1
clearly,1
luxury,1
historical,1
identities,1
fashion,1
captured,1
fears,1
ambivalent,1
search,1
folks,1
suits,1
reasons,1
describes,1
midway,1
persistence,1
puts,1
sort,1
patterns,1
mind,1
revolutions,1
took,1
miles,1
discussion,1
subordinate,1
left,1
sew,1
cautions,1
electricity,1
cornet,1
gifts,1
founder,1
though,1
cultural,1
outlines,1
growing,1
discipline,1
somewhat,1
profited,1
war,1
propounded,1
numbers,1
sear,1
ideological,1
unfulfilled,1
johns,1
career,1
discuss,1
carefully,1
refrain,1
certainly,1
conservatism,1
shoes,1
unique,1
context,1
inside,1
evenings,1
backlash,1
whether,1
rose,1
population,1
waldrep,1
shown,1
see,1
cannot,1
fulfill,1
promise,1
rebellion,1
bloodiest,1
orleans,1
supports,1
appreciate,1
comes,1
safe,1
record,1
solid,1
chain,1
brief,1
agricultural,1
hoped,1
nice,1
kind,1
fashioned,1
fewer,1
weekends,1
lean,1
attacked,1
light,1
shuddered,1
occurrence,1
gaps,1
enjoyed,1
minds,1
sell,1
key,1
wide,1
style,1
chronicled,1
eudora,1
beard,1
accountable,1
hopkins,1
near,1
scene,1
going,1
edge,1
wants,1
agriculture,1
draw,1
killed,1
thousands,1
floats,1
jim,1
remained,1
changed,1
representations,1
ladies,1
deal,1
fight,1
retribution,1
another,1
huge,1
indifference,1
imagine,1
fitzgerald,1
crash,1
fetishism,1
opened,1
possible,1
future,1
private,1
understanding,1
line,1
prevent,1
urban,1
hats,1
activity,1
observed,1
evers,1
divided,1
africanamerican,1
campaigns,1
international,1
measures,1
drive,1
predictable,1
abroad,1
lost,1
depend,1
commodity,1
thanks,1
literary,1
bibliography,1
move,1
level,1
range,1
son,1
consumed,1
writings,1
prominent,1
assessment,1
point,1
parents,1
surrendered,1
presley,1
owners,1
example,1
joining,1
household,1
strongly,1
symbolism,1
role,1
hegemony,1
representing,1
marketplace,1
its,1
buy,1
thoughts,1
durable,1
writing,1
shortages,1
emulated,1
measure,1
use,1
opined,1
contribute,1
santas,1
largely,1
obtain,1
nonslaveowning,1
transcendent,1
lesson,1
images,1
editorial,1
doubt,1
issues,1
world,1
band,1
lower,1
keep,1
prominently,1
ranked,1
representation,1
novelist,1
actually,1
increasingly,1
human,1
nike,1
participated,1
ethnic,1
categorization,1
take,1
story,1
hour,1
crafts,1
throughout,1
named,1
trip,1
full,1
sees,1
previous,1
away,1
radios,1
surrounding,1
question,1
newspaper,1
enthusiasm,1
researching,1
overseas,1
ultimately,1
movies,1
professor,1
contribution,1
participate,1
impressionistic,1
breaks,1
recording,1
terrible,1
commercial,1
cheer,1
negro,1
status,1
depression,1
ignored,1
open,1
counterpoint,1
ethnicity,1
meanings,1
walmarts,1
trends,1
three,1
exposition,1
worse,1
moral,1
weeks,1
approach,1
authors,1
softening,1
fulfillment,1
write,1
aloofness,1
grant,1
finally,1
iconic,1
points,1
accept,1
nephew,1
hurt,1
depicting,1
integrate,1
carpetbaggers,1
amounts,1
lonely,1
homes,1
dozen,1
overlap,1
serious,1
joined,1
mixed,1
individual,1
instead,1
commerce,1
allowed,1
evening,1
integrated,1
club,1
tight,1
love,1
lured,1
him,1
hardly,1
symbolic,1
suggest,1
supremacy,1
holes,1
integration,1
next,1
effects,1
prosperity,1
myrlie,1
defined,1
households,1
earlier,1
tobacco,1
illicit,1
recorded,1
emphasizes,1
fancy,1
shift,1
nelson,1
hence,1
night,1
emerging,1
economist,1
permitting,1
taught,1
around,1
nightmare,1
character,1
dialogue,1
loose,1
spent,1
mistaking,1
why,1
legally,1
eagerly,1
perspective,1
selection,1
restored,1
amounted,1
consensus,1
m,1
few,1
problems,1
profound,1
debatable,1
thing,1
divisions,1
penetrated,1
distinctions,1
lawyers,1
chapel,1
county,1
impressions,1
civic,1
convincing,1
become,1
endeavor,1
ramshackle,1
c,1
overcome,1
sowed,1
charged,1
villages,1
inventories,1
nationally,1
seeds,1
tended,1
corporations,1
oppression,1
overwhelmed,1
arlington,1
create,1
fascinated,1
families,1
visible,1
explore,1
scott,1
conspiracy,1
exclusively,1
drawn,1
mingling,1
stories,1
given,1
instruments,1
says,1
raised,1
looked,1
grangers,1
victorian,1
disorder,1
proper,1
mob,1
figures,1
industries,1
row,1
dispensing,1
saw,1
lengthy,1
roots,1
notes,1
traditions,1
risked,1
loath,1
natchez,1
drunk,1
stitched,1
productive,1
asked,1
tentative,1
guaranteed,1
showed,1
resentful,1
car,1
join,1
rest,1
close,1
heard,1
bolstered,1
justice,1
experienced,1
purchasing,1
seemed,1
looking,1
elizabeth,1
china,1
suggestive,1
