WORDCOUNTS,WEIGHT
the,148
of,96
to,71
in,61
and,60
a,49
their,39
war,32
was,31
british,27
were,27
for,26
that,25
they,21
not,21
american,21
with,18
who,17
had,17
this,17
on,17
or,16
women,16
most,15
as,14
america,14
gis,13
some,13
brides,13
from,12
husbands,11
by,11
an,11
is,10
at,9
when,9
have,9
be,9
percent,9
britain,8
history,8
s,8
which,8
university,7
girls,7
states,7
it,6
about,6
wives,6
also,6
book,6
children,6
particularly,6
out,6
good,6
would,6
immigrants,6
virden,6
foreign,5
one,5
united,5
wanted,5
these,5
experience,5
other,5
addition,5
many,5
are,5
time,5
there,5
them,5
made,5
such,5
author,5
sense,5
focus,5
world,5
go,4
if,4
lives,4
under,4
only,4
did,4
could,4
c,4
what,4
wartime,4
while,4
u,4
because,4
marriages,4
people,4
clear,4
soldiers,4
although,4
adams,4
so,4
problems,4
seattle,4
up,4
we,4
than,4
major,4
higher,3
situation,3
discourage,3
she,3
journey,3
still,3
means,3
same,3
no,3
too,3
age,3
simply,3
lower,3
incomplete,3
either,3
social,3
love,3
here,3
ii,3
military,3
might,3
all,3
best,3
found,3
government,3
men,3
behind,3
further,3
those,3
reviews,3
see,3
public,3
classes,3
through,3
uniform,3
jenel,3
press,3
its,3
thus,3
married,3
both,3
veterans,3
after,3
few,3
much,3
fell,3
may,2
whose,2
child,2
without,2
rather,2
economic,2
been,2
five,2
concern,2
service,2
intended,2
return,2
others,2
get,2
couples,2
relations,2
certain,2
large,2
countries,2
surveyed,2
life,2
why,2
yet,2
easily,2
servicemen,2
immigrant,2
neither,2
school,2
into,2
home,2
total,2
but,2
leads,2
two,2
being,2
assimilated,2
first,2
picture,2
oral,2
gain,2
more,2
law,2
over,2
england,2
official,2
smith,2
different,2
idea,2
appendix,2
entered,2
half,2
new,2
very,2
take,2
americans,2
gi,2
pitfalls,2
culture,2
living,2
last,2
failed,2
left,2
do,2
remarkable,2
citizenship,2
michael,2
suffered,2
case,2
remained,2
attitudes,2
perhaps,2
dependents,2
has,2
lived,2
number,2
remarkably,2
march,2
soldier,2
basis,2
understanding,2
abroad,2
received,2
radically,2
bibliography,2
little,2
true,2
average,2
future,2
transport,2
met,2
part,2
role,2
subject,2
tried,2
chronic,2
step,2
families,2
officers,2
ethnic,2
our,2
full,2
unwanted,2
overseas,2
relationships,2
own,2
illinois,2
liaisons,2
actively,2
approximately,2
times,2
area,2
black,2
standard,2
nor,2
around,2
strangely,2
marriage,2
elicit,2
themselves,2
tended,2
can,2
find,2
working,2
story,2
paid,2
european,2
tendency,2
notes,2
provided,2
immigration,2
tommy,1
survived,1
barbara,1
try,1
phases,1
south,1
crow,1
carried,1
alimony,1
freedoms,1
rights,1
does,1
indication,1
girl,1
therefore,1
communities,1
now,1
horizons,1
high,1
second,1
done,1
since,1
bride,1
variety,1
absence,1
difficult,1
expected,1
estimated,1
logistical,1
camp,1
chance,1
criminal,1
groups,1
checks,1
short,1
indeed,1
adds,1
happy,1
compatible,1
how,1
overall,1
remain,1
commitment,1
comparative,1
intoxicating,1
housing,1
begin,1
cashing,1
personnel,1
appreciate,1
attitude,1
legitimate,1
primarily,1
operation,1
nationalities,1
process,1
red,1
brings,1
constraints,1
prophylactics,1
sensitive,1
narrowness,1
army,1
represented,1
whatever,1
seen,1
poorer,1
mechanics,1
opportunity,1
entanglements,1
deprived,1
force,1
make,1
mainstream,1
priority,1
bill,1
render,1
effectively,1
distributed,1
prostitutes,1
earlier,1
homesickness,1
sympathetic,1
similar,1
targeted,1
grew,1
group,1
costs,1
southern,1
conducted,1
parts,1
brooke,1
makes,1
illegal,1
ineligible,1
instructions,1
study,1
often,1
efficiency,1
illustrations,1
fighting,1
barracks,1
white,1
undoubtedly,1
feel,1
shortage,1
hull,1
word,1
likely,1
factors,1
result,1
extremes,1
education,1
collateral,1
motivation,1
ways,1
fields,1
support,1
citizens,1
irrespective,1
reason,1
questionnaires,1
eighteen,1
opportunities,1
studies,1
pp,1
slighted,1
happened,1
romantic,1
modern,1
residence,1
financial,1
fought,1
wages,1
east,1
meant,1
caveat,1
considered,1
increased,1
restricted,1
females,1
forget,1
motive,1
combat,1
flexibility,1
policy,1
berthiaume,1
index,1
discouraged,1
familiar,1
environment,1
unlike,1
neglected,1
earned,1
seriously,1
occurred,1
authorities,1
sphere,1
adherence,1
fifteen,1
any,1
light,1
just,1
naturalness,1
days,1
growing,1
worried,1
numbers,1
ranks,1
matter,1
probed,1
migration,1
series,1
nice,1
excitement,1
piccadilly,1
mentioned,1
indian,1
profile,1
largest,1
worse,1
already,1
damaged,1
turnaround,1
qualified,1
emotional,1
predominantly,1
geographic,1
ever,1
said,1
common,1
island,1
sex,1
anything,1
known,1
aside,1
passion,1
lifelong,1
shed,1
declining,1
chose,1
ignore,1
sources,1
long,1
party,1
narrowly,1
members,1
certainly,1
prosecution,1
plight,1
voyage,1
reunited,1
coming,1
business,1
films,1
important,1
think,1
migrant,1
know,1
civilians,1
attempt,1
continental,1
procured,1
state,1
permanently,1
refused,1
each,1
sure,1
greater,1
jilt,1
ban,1
paper,1
hometowns,1
lacked,1
careerists,1
griping,1
fact,1
expanding,1
declined,1
until,1
whom,1
assimilation,1
sampling,1
distraction,1
phase,1
scholars,1
xii,1
areas,1
fearing,1
advantage,1
appearance,1
histories,1
documents,1
returns,1
potentially,1
persevered,1
disliked,1
fully,1
educated,1
practical,1
changed,1
deal,1
able,1
susceptible,1
john,1
focuses,1
goods,1
end,1
terkel,1
diet,1
graham,1
help,1
achieved,1
damage,1
mass,1
serious,1
strain,1
representative,1
works,1
involvements,1
transit,1
late,1
places,1
contest,1
learn,1
geography,1
didn,1
demeanor,1
normal,1
causes,1
invalid,1
manner,1
career,1
automatic,1
mainly,1
banned,1
johns,1
proceedings,1
victims,1
attempted,1
combined,1
lecturer,1
papers,1
folkways,1
less,1
system,1
ones,1
meet,1
nowhere,1
partners,1
scale,1
era,1
pertinent,1
narrower,1
nothing,1
facilities,1
books,1
leaving,1
necessities,1
historians,1
understandably,1
money,1
died,1
advice,1
her,1
hopkins,1
free,1
expenses,1
technical,1
bureaucratic,1
impact,1
jim,1
cloth,1
well,1
bull,1
grades,1
migrations,1
having,1
entirely,1
indiscretion,1
opened,1
welcome,1
trait,1
medical,1
private,1
omissions,1
condition,1
fourteen,1
international,1
middle,1
periodicals,1
reaching,1
knew,1
unreasonable,1
survive,1
pursue,1
alter,1
comprise,1
completed,1
months,1
move,1
level,1
range,1
circumstances,1
attachments,1
psychological,1
given,1
point,1
say,1
conceptual,1
concentration,1
discusses,1
explains,1
despite,1
example,1
waging,1
fundamentally,1
laws,1
knowledge,1
seminal,1
became,1
three,1
comment,1
shukert,1
representing,1
enter,1
interviews,1
where,1
northern,1
reality,1
significant,1
year,1
food,1
alien,1
deserted,1
fit,1
orphanages,1
fail,1
place,1
sheltered,1
attract,1
assume,1
issues,1
broad,1
immediately,1
revelations,1
goals,1
questions,1
overcome,1
childhood,1
proportion,1
million,1
divorced,1
services,1
personal,1
away,1
question,1
appreciated,1
employed,1
centennial,1
front,1
tell,1
generation,1
domicile,1
toughest,1
grant,1
project,1
unable,1
years,1
low,1
marry,1
assembly,1
diarrhea,1
urbana,1
backgrounds,1
due,1
provoked,1
welcomed,1
t,1
temperature,1
regions,1
language,1
unknowns,1
washington,1
monetary,1
catch,1
neighbors,1
lectures,1
explanation,1
peculiar,1
relatively,1
responses,1
leave,1
ended,1
biracial,1
joined,1
crime,1
consumer,1
compromised,1
issued,1
hard,1
useful,1
romances,1
hurdles,1
pay,1
played,1
schools,1
landed,1
admitted,1
coeducational,1
studs,1
trek,1
funds,1
cope,1
anyone,1
progressive,1
diaspora,1
cases,1
acted,1
individual,1
distinct,1
least,1
speak,1
peacetime,1
scibetta,1
ships,1
loose,1
roughly,1
underlying,1
affluent,1
diggers,1
educational,1
elfrieda,1
offered,1
treats,1
specific,1
wedlock,1
back,1
rupert,1
trying,1
newspapers,1
brought,1
comfort,1
served,1
research,1
narrow,1
tidworth,1
discouragement,1
climate,1
archival,1
thing,1
effective,1
single,1
opaque,1
estimate,1
like,1
always,1
partial,1
damp,1
uncertainty,1
postwar,1
substantial,1
department,1
even,1
statue,1
hollywood,1
socially,1
interracial,1
italy,1
abandoned,1
spite,1
attracted,1
parents,1
strong,1
corners,1
saw,1
relative,1
intervene,1
cross,1
kentucky,1
should,1
adult,1
grade,1
naturalization,1
controversial,1
asked,1
doing,1
devastated,1
though,1
attention,1
cultural,1
waiting,1
entanglement,1
portrait,1
undesirable,1
court,1
shocked,1
seemed,1
decision,1
gold,1
society,1
infants,1
battles,1
