WORDCOUNTS,WEIGHT
the,224
of,124
and,82
that,53
to,53
a,48
in,48
american,36
revolution,35
s,30
was,29
wood,27
as,26
it,25
is,25
but,23
their,20
not,17
he,16
from,15
radicalism,15
americans,14
on,14
they,12
had,12
were,12
republic,11
who,11
social,11
white,10
new,10
revolutionary,9
one,9
this,9
slavery,8
or,8
history,8
by,8
book,8
did,8
what,8
its,8
monarchy,8
democracy,7
way,7
his,7
people,7
creation,7
also,7
for,7
there,7
within,7
part,7
which,7
have,7
an,7
themselves,7
world,7
all,6
many,6
could,6
republicanism,6
political,6
terms,6
would,6
be,6
society,6
no,5
if,5
how,5
single,5
about,5
with,5
same,5
democratic,5
first,5
gentlemen,5
davis,5
p,5
men,5
see,5
has,5
popular,5
became,5
much,5
own,5
since,5
countryman,5
between,5
may,4
rather,4
been,4
republican,4
still,4
sort,4
english,4
any,4
these,4
only,4
more,4
radical,4
end,4
reviews,4
america,4
well,4
voice,4
some,4
like,4
acquisitive,4
morris,4
describes,4
among,4
than,4
does,3
now,3
york,3
window,3
george,3
created,3
b,3
life,3
makes,3
confronting,3
united,3
means,3
pp,3
university,3
into,3
changing,3
experience,3
simply,3
ever,3
being,3
beyond,3
natural,3
are,3
gary,3
principles,3
tradition,3
time,3
i,3
question,3
further,3
precisely,3
those,3
william,3
them,3
ch,3
less,3
alfred,3
problem,3
out,3
because,3
another,3
understanding,3
abandoned,3
through,3
very,3
whites,3
revolutions,3
bourgeois,3
contradiction,3
transition,3
freedom,3
colonial,3
framework,3
nash,3
washington,3
land,3
most,3
states,3
order,3
kept,3
earlier,3
black,3
young,3
when,3
generation,3
race,3
at,2
f,2
high,2
second,2
sylvia,2
genuinely,2
without,2
groups,2
indeed,2
edward,2
ancien,2
federalists,2
process,2
effectively,2
group,2
special,2
authority,2
frey,2
represents,2
changes,2
sidesteps,2
read,2
struggle,2
happened,2
counterparts,2
habits,2
liberal,2
before,2
culture,2
historian,2
mary,2
nonetheless,2
already,2
cousins,2
age,2
two,2
said,2
known,2
gentleman,2
capable,2
provide,2
name,2
aristocrats,2
set,2
view,2
continental,2
liberty,2
december,2
shows,2
belong,2
creative,2
great,2
beliefs,2
britain,2
right,2
then,2
iii,2
able,2
events,2
far,2
hackneyed,2
debates,2
proved,2
take,2
just,2
ought,2
late,2
mind,2
particularly,2
equally,2
though,2
reading,2
racial,2
case,2
intertwined,2
however,2
native,2
writes,2
belief,2
key,2
public,2
shane,2
triumph,2
addresses,2
explored,2
distinctiveness,2
classes,2
fundamental,2
scope,2
place,2
imagined,2
alternatives,2
vulgarity,2
press,2
african,2
enduring,2
use,2
assumption,2
financier,2
indebted,2
collective,2
brion,2
nothing,2
franklin,2
we,2
dependence,2
federalism,2
both,2
three,2
against,2
conditions,2
language,2
finally,2
points,2
accept,2
interest,2
large,2
instead,2
david,2
sense,2
change,2
period,2
so,2
regime,2
product,2
smaller,2
century,2
phrase,2
better,2
alive,2
small,2
person,2
needs,2
findley,2
ser,2
hagiography,2
scholarship,2
third,2
adams,2
effect,2
jacob,2
up,2
even,2
purpose,2
twofold,2
northern,2
traditions,2
quarterly,2
close,2
gordon,2
applies,2
seems,1
courts,1
van,1
european,1
enough,1
will,1
failed,1
forthcoming,1
handle,1
happen,1
communities,1
lenin,1
underlay,1
led,1
r,1
mostly,1
racism,1
off,1
transforming,1
names,1
subordination,1
deny,1
equality,1
belonged,1
perspectives,1
complex,1
philadelphia,1
heroes,1
independent,1
important,1
polished,1
bulk,1
figure,1
meaning,1
action,1
economic,1
destroy,1
foreign,1
privately,1
main,1
vision,1
filtration,1
declaring,1
scholar,1
ideology,1
debated,1
result,1
flowed,1
tocqueville,1
limited,1
basic,1
critical,1
career,1
half,1
affected,1
widening,1
acknowledged,1
classic,1
forward,1
fewer,1
fair,1
male,1
cherokees,1
institutions,1
becomes,1
get,1
knew,1
sensitive,1
reason,1
alone,1
insist,1
seen,1
undifferentiated,1
opportunity,1
embarking,1
undergraduate,1
deprived,1
force,1
make,1
worse,1
perishability,1
associate,1
whodunnit,1
yet,1
loses,1
massive,1
remaining,1
becoming,1
modes,1
deals,1
southern,1
parts,1
overdone,1
benjamin,1
hold,1
possess,1
study,1
often,1
perhaps,1
agency,1
adage,1
provinces,1
remain,1
relationship,1
lay,1
prime,1
achieve,1
liberations,1
invaded,1
frontier,1
moreover,1
supposed,1
cannot,1
prince,1
ways,1
creatures,1
unchanging,1
masters,1
ordeal,1
observer,1
done,1
itself,1
johns,1
face,1
category,1
unquestioning,1
federalist,1
problematic,1
upheaval,1
thought,1
modern,1
involved,1
englishness,1
predecessor,1
whose,1
decade,1
populate,1
tangled,1
department,1
neither,1
weaves,1
index,1
historiographical,1
presidency,1
organized,1
title,1
necessary,1
morgan,1
emergence,1
eventually,1
transformations,1
developed,1
complete,1
proprietors,1
quoted,1
believed,1
platitudes,1
shifting,1
nineteenth,1
methodist,1
traces,1
dialectical,1
arguing,1
monograph,1
ed,1
broad,1
source,1
argued,1
version,1
too,1
tormentor,1
hancock,1
peoples,1
practices,1
boldness,1
insights,1
provocative,1
plebeian,1
extending,1
different,1
meant,1
test,1
chicanery,1
origins,1
pace,1
powerful,1
look,1
sealed,1
either,1
decidedly,1
published,1
framers,1
spatially,1
constructed,1
temporal,1
facing,1
long,1
driving,1
writing,1
embraced,1
colonials,1
justified,1
certainly,1
gaze,1
convincing,1
text,1
jackson,1
complained,1
aspirations,1
willing,1
acquired,1
aspect,1
enticing,1
explain,1
heritage,1
other,1
agony,1
founding,1
assert,1
processes,1
taken,1
fell,1
alexis,1
concentrated,1
toward,1
escorial,1
again,1
deserves,1
abandoning,1
capitalist,1
creeks,1
emerged,1
revolutionaries,1
rock,1
ourselves,1
maine,1
england,1
water,1
gentle,1
character,1
turn,1
hype,1
paternalism,1
uses,1
standards,1
words,1
my,1
containing,1
carroll,1
novel,1
fact,1
longer,1
whom,1
reach,1
limit,1
believe,1
asserts,1
capital,1
plebeians,1
assertion,1
interconnectedness,1
together,1
found,1
argue,1
theme,1
entrenched,1
appeared,1
versailles,1
wrote,1
differences,1
essence,1
capacity,1
marxian,1
suggesting,1
achievement,1
confront,1
rule,1
really,1
thoroughgoing,1
larger,1
classical,1
chickasaws,1
parvenu,1
windsor,1
conservative,1
forging,1
mississippi,1
jacket,1
stunning,1
benefit,1
real,1
debt,1
proclaiming,1
subsequent,1
man,1
hands,1
confronted,1
creeping,1
rural,1
external,1
color,1
term,1
big,1
places,1
patterns,1
behind,1
unspoken,1
urban,1
do,1
henry,1
decisively,1
established,1
nonacademic,1
robert,1
remarkable,1
understood,1
equal,1
scholarly,1
wales,1
let,1
somewhat,1
economy,1
deferential,1
unique,1
appears,1
whether,1
form,1
prophets,1
ones,1
achieving,1
making,1
disquieting,1
skein,1
issue,1
otherwise,1
practice,1
forum,1
shape,1
proven,1
sophisticated,1
dialectic,1
attributes,1
effort,1
counties,1
avowed,1
interval,1
eds,1
temporally,1
find,1
compelled,1
king,1
rootlessness,1
patronage,1
after,1
fully,1
hopkins,1
while,1
number,1
sought,1
possibility,1
patriarchal,1
impression,1
victims,1
failure,1
stretching,1
colonies,1
choctaws,1
account,1
original,1
fundamentally,1
felt,1
brings,1
credit,1
buren,1
virginia,1
politics,1
greatest,1
closed,1
exploring,1
egalitarian,1
work,1
shame,1
drive,1
climb,1
knopf,1
made,1
explanation,1
splendid,1
conscience,1
insight,1
upon,1
level,1
cliche,1
eighteenth,1
mercantile,1
surrounded,1
obvious,1
limitations,1
claim,1
underprivileged,1
mastery,1
west,1
altered,1
formal,1
taking,1
brought,1
met,1
point,1
say,1
conceptual,1
privileged,1
x,1
allow,1
herd,1
scorned,1
flatly,1
city,1
competing,1
enormous,1
politician,1
goes,1
duty,1
easy,1
himself,1
wonder,1
traditional,1
lies,1
perspective,1
went,1
expression,1
combining,1
overwhelmingly,1
gave,1
backwoods,1
largely,1
acknowledges,1
during,1
virtually,1
sinking,1
policies,1
allowed,1
partly,1
engaging,1
congress,1
truncated,1
cap,1
labor,1
hierarchy,1
collision,1
structures,1
permutation,1
actual,1
homelands,1
thus,1
andrew,1
throughout,1
selves,1
full,1
wholes,1
sees,1
previous,1
legal,1
formation,1
relationships,1
cast,1
merchants,1
until,1
disentangled,1
described,1
characters,1
volume,1
pictures,1
aristocratic,1
argument,1
alan,1
such,1
argues,1
development,1
open,1
explorations,1
pennsylvania,1
clear,1
margaret,1
placing,1
tragedy,1
rationalization,1
moral,1
graduate,1
incessantly,1
plebian,1
publication,1
de,1
author,1
virtues,1
rapidly,1
subtle,1
crisis,1
amounts,1
good,1
momentous,1
tone,1
ability,1
course,1
illinois,1
move,1
anachronistic,1
least,1
pride,1
commerce,1
normally,1
define,1
james,1
englanders,1
prodigious,1
seized,1
stage,1
rhetoric,1
collected,1
admitted,1
conquered,1
forced,1
kind,1
defined,1
filled,1
thing,1
moment,1
discourse,1
improved,1
settlement,1
transcend,1
resting,1
martin,1
emerging,1
event,1
remains,1
wouldbe,1
nor,1
pretensions,1
self,1
around,1
symposium,1
never,1
glory,1
displays,1
legislatures,1
specific,1
amusement,1
few,1
state,1
amount,1
rereading,1
jefferson,1
edmund,1
eyes,1
materialism,1
monarchical,1
become,1
relation,1
fellows,1
allowing,1
loyalist,1
elites,1
restricts,1
forms,1
individualistic,1
foremost,1
enlightened,1
era,1
debate,1
structure,1
always,1
early,1
weight,1
overarching,1
views,1
unwitting,1
nouns,1
essays,1
actors,1
looked,1
bulwark,1
resistance,1
selfishness,1
sweep,1
desperate,1
versus,1
strong,1
saw,1
permanent,1
taylor,1
envisage,1
here,1
recent,1
notes,1
should,1
fellow,1
ago,1
broader,1
marx,1
productive,1
talent,1
reflections,1
showed,1
student,1
dust,1
tragic,1
unashamed,1
conceptually,1
virtuous,1
major,1
perception,1
readership,1
