WORDCOUNTS,WEIGHT
the,249
of,118
and,82
in,67
slave,51
to,50
on,42
a,41
trade,40
that,36
is,30
as,22
book,21
with,20
thomas,20
by,18
slavery,15
for,15
slaves,15
century,14
this,14
not,13
atlantic,13
from,12
his,11
british,11
but,11
have,11
at,10
he,10
has,10
trading,10
it,9
s,9
or,9
all,9
africa,8
are,8
american,7
about,7
was,7
history,7
had,7
its,7
which,7
be,7
no,6
their,6
one,6
there,6
some,6
were,6
so,6
abolition,5
will,5
economic,5
been,5
mortality,5
hugh,5
cuba,5
most,5
williams,5
transatlantic,5
also,5
new,5
though,5
material,5
time,5
powers,5
west,5
african,5
subject,5
labor,5
such,5
an,5
slaving,5
much,5
sugar,5
portuguese,4
main,4
centuries,4
morgan,4
university,4
included,4
these,4
first,4
could,4
brazil,4
last,4
readers,4
reviews,4
historians,4
because,4
well,4
middle,4
made,4
press,4
during,4
coast,4
even,4
world,4
major,4
european,3
does,3
than,3
traffic,3
who,3
concluding,3
antislavery,3
analysis,3
english,3
section,3
growing,3
shifting,3
plantations,3
two,3
ideas,3
important,3
many,3
lengthy,3
december,3
p,3
narrative,3
historical,3
passage,3
academic,3
do,3
political,3
what,3
literature,3
appears,3
recently,3
merchants,3
scale,3
books,3
sixteenth,3
planters,3
gains,3
work,3
reader,3
dutch,3
four,3
given,3
phenomenon,3
question,3
french,3
author,3
social,3
caribbean,3
working,3
states,3
americas,3
spanish,3
needs,3
between,3
research,3
point,3
when,3
substantial,3
north,3
nations,2
did,2
flourished,2
battle,2
topic,2
relationship,2
note,2
complex,2
various,2
way,2
if,2
kenneth,2
scholarly,2
populations,2
maps,2
expansion,2
authorities,2
islands,2
dimensions,2
now,2
crossing,2
they,2
large,2
loss,2
why,2
diplomatic,2
bibliographical,2
scattered,2
space,2
effort,2
reason,2
modern,2
investigate,2
into,2
occurred,2
any,2
light,2
associated,2
historian,2
same,2
impact,2
themes,2
being,2
dr,2
useful,2
sources,2
lack,2
long,2
parliamentary,2
text,2
more,2
lucid,2
river,2
fifteenth,2
senegal,2
taken,2
know,2
concentrated,2
again,2
might,2
others,2
stating,2
over,2
diseases,2
consideration,2
half,2
great,2
choice,2
eric,2
chosen,2
end,2
while,2
i,2
guinea,2
past,2
discussed,2
serious,2
written,2
covered,2
answers,2
war,2
whether,2
selected,2
involvement,2
particular,2
however,2
statement,2
perhaps,2
structure,2
number,2
america,2
charleston,2
another,2
information,2
participation,2
apogee,2
maritime,2
discusses,2
civil,2
role,2
comment,2
shocking,2
significant,2
largely,2
arguments,2
issues,2
broad,2
central,2
individuals,2
chapters,2
includes,2
throughout,2
reflect,2
dismissed,2
described,2
development,2
significance,2
longevity,2
since,2
against,2
modem,2
prices,2
staple,2
times,2
followed,2
mexico,2
mediterranean,2
late,2
profits,2
article,2
africans,2
britain,2
estimates,2
up,2
focus,2
notes,2
evidence,2
quarter,2
united,2
trends,2
inspection,1
suspects,1
may,1
dealing,1
seems,1
factors,1
lesser,1
ending,1
arriving,1
brion,1
pages,1
where,1
via,1
interesting,1
fails,1
avoids,1
shipping,1
dominating,1
york,1
algarve,1
cuban,1
cover,1
today,1
miller,1
costs,1
economy,1
common,1
slavebased,1
voyages,1
act,1
shedding,1
true,1
dilemma,1
scientific,1
later,1
within,1
export,1
foreign,1
probably,1
incorrect,1
fullscale,1
across,1
africanists,1
generations,1
pity,1
she,1
observations,1
intricate,1
lie,1
limited,1
crossings,1
judging,1
decades,1
esprit,1
through,1
deaths,1
brief,1
prospered,1
merits,1
primarily,1
plenty,1
death,1
implies,1
referred,1
approaches,1
excellent,1
adoption,1
detailed,1
still,1
succinct,1
opportunity,1
introduction,1
force,1
began,1
worse,1
notably,1
them,1
domination,1
contribution,1
importance,1
study,1
jeu,1
settlements,1
currencies,1
montezuma,1
brunel,1
liverpudlian,1
zenith,1
life,1
montesquieu,1
theologians,1
illegal,1
inspired,1
three,1
jesuits,1
white,1
lay,1
prime,1
omits,1
existed,1
fall,1
underscores,1
surprising,1
moreover,1
glossy,1
cannot,1
inserted,1
selling,1
types,1
denmark,1
midseventeenth,1
reference,1
accounts,1
articles,1
studies,1
pp,1
middlesex,1
gathered,1
appendixes,1
thought,1
facilitated,1
england,1
joseph,1
expects,1
wages,1
vigor,1
earliest,1
entitled,1
devotes,1
issue,1
matters,1
detail,1
length,1
sorts,1
western,1
weaves,1
cargo,1
tome,1
anstey,1
ancient,1
contained,1
curious,1
devoting,1
emergence,1
eastward,1
fathers,1
perceptive,1
before,1
continents,1
quoted,1
culture,1
curiosity,1
economics,1
lord,1
something,1
underpinned,1
conclusion,1
outlined,1
demonstrates,1
chief,1
haunt,1
landing,1
closely,1
reviewed,1
too,1
jamaica,1
grand,1
crops,1
industrial,1
different,1
marshalled,1
reports,1
highlight,1
simply,1
quotations,1
lunch,1
ever,1
fact,1
island,1
additional,1
anything,1
theme,1
lot,1
unfreedom,1
beyond,1
independent,1
inclined,1
bookstores,1
rival,1
cotton,1
chose,1
philosophers,1
wideranging,1
mideighteenth,1
plates,1
crew,1
rhode,1
starting,1
autonomy,1
memorials,1
production,1
questions,1
skill,1
interests,1
index,1
friars,1
explain,1
brazilian,1
sections,1
erroneous,1
founding,1
business,1
years,1
david,1
metropolitan,1
intricacies,1
salutary,1
penchant,1
attempt,1
secretary,1
darkness,1
available,1
terrain,1
servants,1
methodology,1
intellectual,1
woolman,1
reflections,1
usually,1
conquest,1
towards,1
angola,1
trinidad,1
nature,1
analytical,1
paper,1
investigates,1
harbor,1
words,1
distribution,1
thus,1
novel,1
cortes,1
based,1
shows,1
including,1
global,1
commission,1
connection,1
idea,1
lawyers,1
onwards,1
extent,1
seem,1
nothing,1
estate,1
gone,1
capital,1
quotes,1
skills,1
best,1
leading,1
explores,1
contextual,1
down,1
print,1
appendix,1
found,1
here,1
basin,1
simple,1
industrialization,1
grenville,1
farmers,1
philanthropy,1
docile,1
crop,1
potentially,1
marketable,1
producing,1
liverpool,1
out,1
studied,1
gaiety,1
smith,1
ocean,1
hundred,1
how,1
borders,1
criticisms,1
far,1
debates,1
contemporary,1
proved,1
doubt,1
contends,1
previous,1
take,1
barbados,1
illustration,1
other,1
sahara,1
minister,1
reasons,1
stepping,1
markets,1
legislation,1
course,1
forms,1
muslim,1
ages,1
miles,1
canary,1
replicated,1
scholarship,1
chooses,1
beginning,1
concepts,1
spain,1
ground,1
deriving,1
pitt,1
lagos,1
crusade,1
alike,1
embarkation,1
necessitated,1
numbers,1
rousseau,1
johns,1
notable,1
carefully,1
newport,1
empire,1
bristol,1
seventeenth,1
coffee,1
sentence,1
answer,1
reputations,1
making,1
case,1
want,1
ignores,1
forth,1
ports,1
published,1
focusing,1
advocates,1
covers,1
sophisticated,1
forthcoming,1
repercussions,1
levels,1
stamina,1
required,1
portugal,1
tobago,1
find,1
conclude,1
leaving,1
problem,1
albeit,1
benign,1
rhyme,1
hopkins,1
near,1
sales,1
coastal,1
sir,1
saying,1
memory,1
briefly,1
brilliant,1
plantation,1
cloth,1
dehydration,1
connections,1
imperial,1
colonies,1
gained,1
local,1
account,1
original,1
simon,1
italian,1
apparently,1
nonetheless,1
possible,1
condoned,1
resold,1
concentrating,1
used,1
discussion,1
international,1
demographic,1
survive,1
capitalism,1
examples,1
both,1
cambridge,1
bought,1
closer,1
presented,1
john,1
eighteenth,1
helps,1
active,1
picador,1
fine,1
persistence,1
apart,1
significantly,1
iberian,1
supply,1
part,1
areas,1
sea,1
influential,1
example,1
marketing,1
show,1
planter,1
dynamic,1
charts,1
along,1
analytically,1
thoughts,1
complacency,1
description,1
findings,1
economies,1
thriving,1
denies,1
curtail,1
dignity,1
use,1
continuation,1
sold,1
warfare,1
wilberforce,1
freedom,1
predominated,1
resistance,1
place,1
refers,1
policies,1
make,1
conditions,1
climatic,1
contentiousness,1
framework,1
sequence,1
twin,1
isolated,1
estates,1
aspect,1
voyage,1
statistics,1
thereafter,1
bankrupt,1
million,1
engaged,1
strong,1
phase,1
come,1
trip,1
energies,1
full,1
contentious,1
statesmen,1
review,1
collapse,1
benguela,1
newspaper,1
necessarily,1
overseas,1
devoted,1
internal,1
canvas,1
until,1
netherlands,1
volume,1
only,1
argument,1
internationalization,1
roger,1
maneuvers,1
antilles,1
points,1
underestimating,1
own,1
my,1
professor,1
biblical,1
diplomacy,1
initial,1
copies,1
interior,1
moral,1
abolish,1
else,1
pursuit,1
approach,1
communicated,1
arguin,1
internally,1
misplaced,1
silent,1
write,1
reputation,1
d,1
schuster,1
concentrates,1
amounts,1
someone,1
characteristic,1
august,1
ended,1
offer,1
rebellions,1
general,1
least,1
instead,1
should,1
grown,1
havana,1
price,1
like,1
hard,1
shipped,1
green,1
cavalierly,1
random,1
workers,1
parts,1
him,1
revolution,1
suggest,1
stage,1
features,1
mines,1
hired,1
dolben,1
france,1
effects,1
crafted,1
affairs,1
defined,1
harbors,1
gory,1
off,1
limitations,1
after,1
black,1
adam,1
davis,1
settlement,1
provides,1
palmerston,1
segment,1
remains,1
involved,1
old,1
latter,1
around,1
outbreak,1
quantification,1
heat,1
class,1
displays,1
systematically,1
several,1
enslaved,1
sufficient,1
especially,1
supported,1
few,1
enough,1
amount,1
potential,1
besides,1
sdo,1
leaves,1
requires,1
snippets,1
psychological,1
oxford,1
served,1
madeira,1
deployment,1
c,1
distinguished,1
suit,1
archival,1
latest,1
continuous,1
eschewal,1
telling,1
reached,1
era,1
patronizing,1
docility,1
enjoyed,1
monographs,1
helpful,1
patience,1
london,1
import,1
element,1
analyze,1
story,1
posed,1
adopted,1
william,1
attracted,1
duration,1
paid,1
figures,1
glance,1
details,1
invented,1
among,1
saw,1
institution,1
colonial,1
nantes,1
achieves,1
quotable,1
stone,1
feasible,1
evaluated,1
hardly,1
doing,1
heyday,1
weakness,1
selecting,1
financed,1
haiti,1
cites,1
aroused,1
admirable,1
examines,1
blackstone,1
links,1
