WORDCOUNTS,WEIGHT
the,165
of,101
in,74
and,66
to,46
a,45
that,32
as,24
movement,20
s,20
their,17
is,17
or,15
on,15
it,14
by,14
its,14
but,12
p,12
settlement,12
blacks,12
black,11
more,10
settlements,9
with,9
women,9
for,9
there,9
author,9
an,9
social,8
her,8
at,8
such,8
be,8
she,7
house,7
were,7
rights,6
southern,6
not,6
school,6
particularly,6
new,6
work,6
african,6
this,6
american,6
even,6
race,6
south,5
americans,5
institutions,5
was,5
most,5
almost,5
those,5
nfs,5
from,5
hirsch,5
urban,5
civil,5
among,5
than,5
if,4
indeed,4
they,4
history,4
any,4
industrial,4
all,4
reform,4
out,4
unsettling,4
racial,4
some,4
upon,4
city,4
services,4
interracial,4
neighbors,4
ywca,4
much,4
model,3
may,3
seems,3
education,3
maternalist,3
who,3
judgment,3
neighborhood,3
white,3
neighborhoods,3
itself,3
case,3
university,3
had,3
only,3
here,3
attempts,3
similarly,3
financial,3
could,3
great,3
concludes,3
what,3
reviews,3
whether,3
local,3
discussion,3
community,3
point,3
ultimately,3
both,3
have,3
workers,3
move,3
would,3
religious,3
especially,3
depression,3
northern,3
often,3
north,3
notes,3
attention,3
subsequently,2
crow,2
depth,2
critical,2
schools,2
helped,2
racism,2
role,2
transforming,2
provide,2
matter,2
no,2
secular,2
rather,2
short,2
toward,2
led,2
brief,2
above,2
sphere,2
after,2
one,2
atlanta,2
second,2
studies,2
pp,2
pressures,2
considerations,2
policy,2
perceived,2
same,2
impact,2
conclusion,2
process,2
too,2
age,2
under,2
first,2
beyond,2
provision,2
progressives,2
perhaps,2
certainly,2
questions,2
plight,2
other,2
each,2
different,2
lack,2
treatment,2
leaders,2
half,2
which,2
children,2
carolina,2
proved,2
examining,2
considerable,2
reasons,2
course,2
further,2
raised,2
causes,2
according,2
alabama,2
war,2
segregated,2
are,2
accepted,2
them,2
terms,2
failure,2
orleans,2
involvement,2
nothing,2
progressivism,2
problem,2
public,2
calhoun,2
chapter,2
dedication,2
r,2
closed,2
clear,2
founded,2
given,2
despite,2
training,2
press,2
easy,2
programs,2
mainstream,2
phenomenon,2
world,2
prominently,2
thus,2
however,2
own,2
september,2
washington,2
points,2
imperative,2
so,2
reformers,2
integration,2
exclusionary,2
progressive,2
wish,2
barriers,2
provides,2
union,2
rejecting,2
perspective,2
somehow,2
between,2
themselves,2
precisely,2
effect,2
seeds,2
era,2
when,2
exclusively,2
little,2
tendency,2
whites,2
generation,2
examines,2
tortured,1
carved,1
subversive,1
using,1
resolve,1
difficult,1
lugenia,1
locates,1
failed,1
regional,1
assessed,1
now,1
chests,1
simultaneously,1
americanization,1
relationship,1
devote,1
likely,1
aid,1
raison,1
protect,1
forces,1
raise,1
limits,1
without,1
entitled,1
lowndes,1
way,1
unfulfilled,1
dilemma,1
bold,1
later,1
links,1
asserted,1
within,1
economic,1
been,1
commentary,1
aimed,1
imbalance,1
bowen,1
accumulated,1
adds,1
practical,1
service,1
overall,1
result,1
ironic,1
hill,1
separated,1
limited,1
does,1
admirable,1
active,1
elizabeth,1
motivated,1
cosmopolitanism,1
jane,1
modernism,1
concerns,1
sway,1
promise,1
amold,1
untimely,1
constraints,1
sensitive,1
narrowness,1
burns,1
health,1
koven,1
environments,1
devastating,1
ultimate,1
detailed,1
bias,1
arm,1
meigs,1
phrases,1
federation,1
expanded,1
dogmatic,1
experiences,1
passing,1
argument,1
standing,1
village,1
targeted,1
grew,1
group,1
juxtaposition,1
absorption,1
length,1
direct,1
balanced,1
hold,1
contributions,1
unavoidably,1
institutionalized,1
exalting,1
special,1
possess,1
apologists,1
lacking,1
illustrations,1
analysis,1
biological,1
existed,1
perceptions,1
united,1
hope,1
sheds,1
outlets,1
elitism,1
openness,1
moves,1
mother,1
brought,1
remnants,1
support,1
afterthoughts,1
denominationalists,1
hampton,1
reason,1
inhospitable,1
opportunities,1
analogies,1
preview,1
mirror,1
figured,1
devotion,1
interpretive,1
veiled,1
legitimately,1
serve,1
fought,1
immigrant,1
presumably,1
evolved,1
devotes,1
former,1
creole,1
coeditor,1
ideals,1
overlook,1
claims,1
published,1
index,1
into,1
vigor,1
enshrined,1
methodist,1
louise,1
assimilation,1
included,1
elisabeth,1
home,1
emergence,1
small,1
total,1
eventually,1
paternalism,1
light,1
liberal,1
before,1
assistance,1
elsewhere,1
right,1
just,1
culture,1
detailing,1
following,1
induced,1
connotations,1
welfare,1
arguing,1
comes,1
flaws,1
tentative,1
exemplified,1
gets,1
charting,1
version,1
frequently,1
acknowledging,1
perceptibly,1
practices,1
these,1
four,1
agricultural,1
educational,1
communities,1
department,1
cutting,1
experience,1
democratic,1
accumulation,1
produces,1
island,1
additional,1
speculating,1
rise,1
inferiority,1
implied,1
overcoming,1
confined,1
barbarism,1
t,1
continued,1
defines,1
stark,1
weaknesses,1
lead,1
starting,1
critiques,1
name,1
also,1
posed,1
appealing,1
regeneration,1
universalism,1
sustained,1
wider,1
penumbra,1
ii,1
power,1
give,1
fell,1
sincerely,1
providing,1
again,1
naacp,1
environmentally,1
dimension,1
branches,1
view,1
christian,1
appear,1
accommodationist,1
state,1
intellectual,1
assessments,1
control,1
performs,1
addition,1
taking,1
residence,1
contention,1
myopia,1
episcopal,1
character,1
voce,1
paper,1
moving,1
efforts,1
bethlehem,1
historiography,1
charitable,1
laschquinn,1
came,1
based,1
idea,1
book,1
wars,1
exploration,1
applied,1
goes,1
agenda,1
bearing,1
benevolent,1
needs,1
declined,1
xii,1
contextual,1
curious,1
found,1
channeling,1
desire,1
etre,1
documents,1
virulent,1
confusion,1
vision,1
flawed,1
exclusion,1
current,1
regard,1
attempt,1
disquieting,1
conjoining,1
studied,1
deal,1
stretches,1
uncontested,1
contradictory,1
john,1
urbanized,1
demise,1
radical,1
demographic,1
debates,1
contemporary,1
contends,1
experiments,1
proclaiming,1
i,1
fashion,1
alarming,1
ambivalent,1
daniels,1
discussed,1
serious,1
living,1
assessment,1
rhetoric,1
last,1
merely,1
late,1
never,1
places,1
overstate,1
conclusions,1
behind,1
hand,1
greatly,1
instrumental,1
clarity,1
do,1
supporters,1
discourse,1
though,1
penn,1
letting,1
explanations,1
sotto,1
johns,1
objectivity,1
activist,1
prohibit,1
teacher,1
defining,1
citizenship,1
produced,1
offering,1
initiatives,1
less,1
jim,1
potentially,1
cannot,1
until,1
accounts,1
distorts,1
issue,1
particular,1
otherwise,1
takes,1
ignorance,1
proven,1
reconstruction,1
frightening,1
generic,1
chronologically,1
explain,1
facilities,1
fledgling,1
ignoring,1
chronicled,1
prudence,1
hopkins,1
while,1
number,1
explicitly,1
free,1
booker,1
america,1
regionally,1
fled,1
historiographical,1
pursued,1
aspects,1
equal,1
remains,1
recreational,1
degree,1
cloth,1
well,1
remained,1
changed,1
notion,1
directly,1
provincial,1
account,1
generally,1
participation,1
missed,1
occupying,1
designation,1
suggests,1
basis,1
ideal,1
crushed,1
mean,1
states,1
meaningful,1
activity,1
used,1
missionary,1
middle,1
neatly,1
disease,1
popular,1
fresh,1
intense,1
league,1
bibliography,1
insight,1
presented,1
range,1
writers,1
mushrooming,1
renders,1
uncontrolled,1
circumstances,1
limitations,1
purchases,1
writings,1
recognition,1
prominent,1
pass,1
crude,1
reflecting,1
conception,1
focusing,1
looking,1
calls,1
sufficiently,1
became,1
related,1
actors,1
two,1
end,1
nudged,1
herself,1
gender,1
tried,1
rendering,1
host,1
rigid,1
significant,1
confronted,1
literature,1
genuine,1
tale,1
religiously,1
universe,1
eagerness,1
couched,1
unique,1
represented,1
place,1
virtually,1
policies,1
pursuing,1
expansive,1
assume,1
broad,1
diversity,1
probes,1
mention,1
hints,1
people,1
issues,1
guise,1
human,1
reassessmentproved,1
said,1
stimulate,1
claiming,1
actual,1
individuals,1
our,1
examination,1
frances,1
uncharted,1
budding,1
doors,1
sensitivity,1
examinations,1
belated,1
away,1
sanctioned,1
affiliation,1
question,1
corollary,1
determinism,1
variant,1
staffs,1
mt,1
internal,1
theoretical,1
radicalism,1
described,1
breaks,1
environmentalism,1
finally,1
spectrum,1
argues,1
inner,1
development,1
maladjusted,1
industrialization,1
significance,1
skills,1
currents,1
crises,1
oppression,1
church,1
connections,1
restraining,1
trends,1
three,1
against,1
moral,1
reality,1
twentieth,1
importance,1
approach,1
stress,1
embryonic,1
national,1
de,1
language,1
charge,1
logic,1
crisis,1
good,1
change,1
characteristic,1
relatively,1
rural,1
held,1
least,1
instead,1
times,1
espousing,1
fatal,1
sense,1
integrated,1
successful,1
land,1
define,1
d,1
cultural,1
mandates,1
period,1
opinions,1
regarded,1
realization,1
plant,1
empathetic,1
contributor,1
inadequacies,1
involve,1
assured,1
century,1
obvious,1
next,1
echo,1
doing,1
helena,1
prospect,1
attempted,1
off,1
redress,1
earlier,1
grapple,1
consolidation,1
midst,1
primary,1
association,1
deftly,1
destroyed,1
immigrants,1
outbreak,1
life,1
quick,1
document,1
burgeoning,1
indigent,1
concerning,1
few,1
convincing,1
profound,1
creeds,1
issuing,1
contrary,1
qualifications,1
systems,1
revealing,1
qualities,1
region,1
response,1
assumed,1
addams,1
chapel,1
county,1
houses,1
generated,1
presence,1
parochial,1
club,1
petitioned,1
broadening,1
malleability,1
references,1
usual,1
boundaries,1
motherhood,1
displayed,1
judicious,1
excluded,1
irrelevant,1
enterprise,1
always,1
weight,1
improbable,1
views,1
explore,1
up,1
internationalism,1
blindspot,1
st,1
externalities,1
looks,1
rhetorical,1
localities,1
demoralized,1
dependent,1
unresolved,1
reasoned,1
disdaining,1
focus,1
critique,1
racially,1
details,1
apparently,1
stimulus,1
deeply,1
dispatch,1
relative,1
startling,1
reflected,1
secularism,1
underemphasized,1
leadership,1
arnold,1
should,1
evidence,1
broader,1
provided,1
cold,1
outright,1
asked,1
heyday,1
weakness,1
nuanced,1
signals,1
roles,1
moved,1
actions,1
close,1
tragic,1
kellor,1
hostile,1
distances,1
activities,1
overlooked,1
epidemic,1
quarrel,1
society,1
separate,1
interracialism,1
