WORDCOUNTS,WEIGHT
the,416
and,198
of,192
to,153
in,134
a,105
that,99
s,85
service,57
his,49
was,49
for,45
amerasia,44
with,44
on,43
case,37
radosh,37
by,35
jaffe,33
had,32
soviet,30
corcoran,28
klehr,28
as,28
china,26
he,26
p,25
but,23
from,23
they,22
their,22
espionage,22
is,21
this,20
not,20
fbi,19
bernstein,19
all,18
government,18
an,18
communist,18
department,18
evidence,18
against,16
were,16
have,16
it,15
would,15
who,15
at,14
or,14
documents,14
new,14
him,14
american,13
chinese,13
communists,13
history,12
spies,12
oss,12
state,11
clark,11
book,11
chiang,11
foreign,11
information,11
be,11
other,10
political,10
intelligence,10
u,10
agent,10
currie,10
washington,10
one,9
esherick,9
hurley,9
venona,9
spy,9
its,9
about,9
after,9
truman,9
policy,8
wrong,8
magazine,8
most,8
because,8
tom,8
justice,8
may,8
pp,8
fact,8
general,8
united,8
grand,8
jury,7
attorney,7
support,7
university,7
project,7
june,7
lee,7
looking,7
authors,7
parrish,7
are,7
places,7
press,7
editor,7
charge,7
files,7
states,7
rosenberg,7
agency,6
before,6
sources,6
some,6
arrests,6
cables,6
reviews,6
several,6
when,6
prosecutors,6
also,6
others,6
john,6
charges,6
where,6
see,6
upon,6
which,6
been,6
agents,6
mccarthy,6
now,5
later,5
declassified,5
illegal,5
federal,5
into,5
source,5
long,5
seems,5
there,5
papers,5
british,5
has,5
historians,5
march,5
himself,5
relations,5
old,5
six,5
left,5
no,5
soviets,5
officer,5
effort,5
out,5
wiretap,5
war,5
work,5
philip,5
july,5
security,5
only,5
never,5
relationship,5
joseph,5
any,5
did,5
senate,5
nationalist,5
suggests,5
world,5
national,5
nsa,5
should,5
go,4
notably,4
hearings,4
told,4
sinister,4
fixed,4
allies,4
t,4
asia,4
great,4
real,4
moscow,4
liberals,4
central,4
such,4
arrested,4
memorandum,4
cohen,4
acknowledge,4
york,4
earlier,4
lawyer,4
congressional,4
transcripts,4
view,4
union,4
could,4
recently,4
milton,4
confirmation,4
affair,4
trial,4
basis,4
own,4
claim,4
forrestal,4
up,4
provided,4
economic,4
indeed,4
under,4
these,4
two,4
reports,4
journalist,4
published,4
more,4
journalists,4
another,4
clear,4
transcript,4
especially,4
become,4
fear,4
assistant,4
according,4
them,4
while,4
larsen,4
motives,4
bentley,4
views,4
entire,4
among,4
meeting,4
deny,3
scholar,3
truth,3
file,3
first,3
undermine,3
military,3
secretary,3
j,3
friendly,3
court,3
i,3
harvey,3
help,3
point,3
very,3
edgar,3
thus,3
ronald,3
author,3
chungking,3
arranged,3
even,3
than,3
intercepts,3
critics,3
offices,3
without,3
legal,3
special,3
white,3
soon,3
liberal,3
house,3
w,3
suspicions,3
disloyalty,3
important,3
caute,3
appear,3
friends,3
result,3
search,3
patrick,3
deal,3
munter,3
appears,3
ethel,3
however,3
well,3
secret,3
feared,3
leak,3
president,3
correct,3
ambassador,3
searches,3
san,3
republic,3
materials,3
short,3
make,3
same,3
fix,3
cable,3
many,3
efforts,3
attempting,3
atomic,3
guilty,3
do,3
surveillance,3
material,3
understanding,3
made,3
including,3
entirely,3
dealer,3
office,3
jimmy,3
publication,3
keep,3
like,3
latter,3
james,3
working,3
saw,3
concluded,3
aid,3
me,3
note,3
george,3
lost,3
arrest,3
indictment,3
set,3
hoover,3
board,3
confidential,3
loyalty,3
victims,3
almost,3
contain,3
both,3
confirm,3
subject,3
our,3
wiretapping,3
ignored,3
charged,3
little,3
conversations,3
final,2
done,2
stuart,2
e,2
manuscript,2
designed,2
library,2
motive,2
position,2
committee,2
detailing,2
chief,2
said,2
every,2
ii,2
taken,2
diego,2
advanced,2
seizures,2
quid,2
simple,2
ben,2
take,2
california,2
reading,2
behind,2
issue,2
side,2
existence,2
motion,2
america,2
rests,2
account,2
suppress,2
ignores,2
cited,2
realistic,2
mclean,2
collection,2
explained,2
lobbyist,2
aborted,2
september,2
authoritative,2
affairs,2
cases,2
times,2
concerning,2
controllers,2
back,2
find,2
pointing,2
delivered,2
hardly,2
higher,2
failed,2
americans,2
whose,2
act,2
rather,2
traffic,2
possession,2
olin,2
spying,2
communism,2
active,2
certain,2
japanese,2
dissenting,2
pages,2
employees,2
earl,2
organization,2
just,2
egregious,2
superior,2
founding,2
david,2
providing,2
advance,2
came,2
appearance,2
rule,2
ambition,2
kate,2
pass,2
hopkins,2
employee,2
representative,2
academic,2
informed,2
though,2
persons,2
record,2
nothing,2
directly,2
having,2
used,2
vote,2
embarrass,2
voted,2
fired,2
example,2
elizabeth,2
editorial,2
believes,2
delay,2
someone,2
accused,2
successful,2
suggest,2
between,2
trading,2
politically,2
mitchell,2
ignore,2
met,2
gru,2
barely,2
critical,2
photographing,2
harry,2
intervention,2
chronicle,2
mao,2
mission,2
official,2
koch,2
included,2
policies,2
ed,2
repercussions,2
already,2
violations,2
stalin,2
successfully,2
law,2
toward,2
reporting,2
fundamental,2
time,2
conspiracies,2
break,2
man,2
serious,2
reasons,2
rhetoric,2
conclusions,2
remarkable,2
secrets,2
michael,2
judith,2
wartime,2
japan,2
number,2
day,2
secured,2
clients,2
mccarthyism,2
intent,2
formal,2
contacts,2
opportunity,2
concern,2
top,2
asian,2
virtually,2
schram,2
congress,2
engaged,2
full,2
ties,2
open,2
discovered,2
profession,2
victory,2
august,2
characterized,2
obtained,2
anyone,2
conversation,2
prosecution,2
pro,2
we,2
professional,2
seized,2
education,2
bureau,2
quo,2
chance,2
criminal,2
inside,2
sensitive,2
army,2
indicate,2
get,2
contemplated,2
persecution,2
then,2
growing,2
summary,2
regime,2
over,2
country,2
embassy,2
seem,2
report,2
foundation,2
coauthor,2
far,2
historical,2
favor,2
frantic,2
february,2
believed,2
investigation,2
reputations,2
making,2
passed,2
debate,2
illegally,2
missed,2
popular,2
code,2
ruled,2
despite,2
became,2
role,2
named,2
years,2
harm,2
offer,2
include,2
although,2
you,2
colleagues,2
attempted,2
off,2
unauthorized,2
potential,2
hiss,2
removing,2
focus,2
much,2
north,2
chambers,2
major,2
does,1
archives,1
thwarted,1
bozell,1
mostly,1
deter,1
pleaded,1
wrongdoing,1
concerned,1
corruption,1
stood,1
headlines,1
career,1
everyone,1
filing,1
affirming,1
spurred,1
affidavit,1
sorbonne,1
germany,1
forcing,1
likewise,1
group,1
becoming,1
needed,1
discover,1
accomplices,1
complex,1
engineered,1
mounted,1
denied,1
approved,1
star,1
hosted,1
diplomatic,1
identify,1
entries,1
referring,1
remind,1
growparrish,1
placed,1
easily,1
discounts,1
mentality,1
considerations,1
former,1
missionaries,1
shadowy,1
justified,1
hysterical,1
laid,1
habits,1
ambitious,1
leaked,1
criticizing,1
operatives,1
probed,1
verdict,1
interestingly,1
updated,1
turning,1
diaries,1
being,1
uprising,1
consistent,1
member,1
anything,1
cast,1
else,1
dupes,1
stressed,1
revisited,1
supposedly,1
exclusive,1
coauthored,1
give,1
might,1
rush,1
blurb,1
encouraged,1
opted,1
assist,1
worked,1
absurd,1
company,1
principles,1
knowing,1
tradition,1
broken,1
assertion,1
kgb,1
daily,1
featuring,1
differences,1
mills,1
incident,1
recruit,1
acquaint,1
thanks,1
launched,1
odoriferous,1
helmars,1
roosevelt,1
salary,1
teamed,1
last,1
zedong,1
interviewed,1
greatly,1
respond,1
precisely,1
henry,1
raised,1
those,1
staff,1
investigations,1
soong,1
ruined,1
committed,1
johns,1
philby,1
racial,1
embroiled,1
fulfilling,1
contents,1
puller,1
system,1
eastern,1
gaps,1
knowledgeable,1
browder,1
bases,1
sexual,1
right,1
ringleader,1
struggling,1
indirectly,1
vol,1
felt,1
prior,1
capable,1
recommended,1
politics,1
compelling,1
cooperation,1
recommendations,1
shame,1
stilwell,1
drive,1
buckley,1
guy,1
mutual,1
vital,1
irreparable,1
fine,1
brent,1
apart,1
izba,1
desired,1
hiroshima,1
sent,1
bottom,1
chart,1
scandal,1
shopworn,1
interviews,1
plenty,1
deserted,1
behavior,1
controlled,1
consult,1
funded,1
exposed,1
segregation,1
victim,1
possessing,1
andrew,1
review,1
coplon,1
weakened,1
huac,1
quality,1
points,1
inevitable,1
run,1
bent,1
since,1
health,1
pursuit,1
g,1
blackmail,1
investigatory,1
interest,1
regarded,1
contributors,1
storehouse,1
decided,1
walter,1
insisted,1
trail,1
agitation,1
expected,1
unwilling,1
absolutely,1
kind,1
thing,1
inserted,1
elements,1
destroyed,1
legally,1
refer,1
leaks,1
architect,1
editing,1
speed,1
response,1
http,1
young,1
fines,1
exnew,1
compel,1
testimony,1
conspiracy,1
yan,1
confess,1
propositions,1
alger,1
occasion,1
inviting,1
generation,1
acted,1
influence,1
crossroads,1
tarnished,1
smoothed,1
aim,1
site,1
talks,1
gaining,1
interesting,1
alleged,1
recognized,1
defendant,1
silence,1
following,1
russian,1
mcinerney,1
purge,1
romanovich,1
l,1
developed,1
how,1
illustration,1
influential,1
levels,1
rosenbergs,1
purged,1
convicted,1
knew,1
tung,1
pressing,1
proportion,1
publisher,1
importance,1
peretz,1
hearing,1
assuming,1
crusade,1
lay,1
bibliographical,1
consequences,1
roth,1
rayburn,1
moreover,1
involvement,1
recalled,1
suppression,1
facilitated,1
wanted,1
cigarette,1
publicly,1
literary,1
dated,1
branch,1
clearly,1
section,1
driven,1
n,1
impact,1
tying,1
excitement,1
argued,1
too,1
prevent,1
four,1
show,1
democratic,1
filed,1
wire,1
store,1
stewart,1
origins,1
powerful,1
vietnam,1
cemented,1
defeat,1
traitors,1
notions,1
generally,1
journalistic,1
fronts,1
problems,1
instance,1
willing,1
wearing,1
weighed,1
ostracism,1
decades,1
counsel,1
footnote,1
cut,1
advocated,1
highest,1
paragraph,1
arrived,1
my,1
whom,1
betrayal,1
questioned,1
professionals,1
declined,1
critic,1
train,1
found,1
conservative,1
entered,1
plot,1
strength,1
access,1
attack,1
speaker,1
relating,1
whittaker,1
ridicule,1
international,1
requirements,1
carolina,1
coplin,1
bombing,1
initial,1
czech,1
big,1
juries,1
circulation,1
supporters,1
understood,1
nobody,1
blow,1
dropped,1
dope,1
leatherman,1
careless,1
friendship,1
viewed,1
revive,1
guarantee,1
required,1
andre,1
eager,1
wide,1
public,1
january,1
package,1
scene,1
possibility,1
influenced,1
eisenhower,1
receive,1
bother,1
failure,1
representatives,1
berth,1
judiciary,1
r,1
relief,1
correctly,1
nomination,1
simone,1
intense,1
received,1
unless,1
adroit,1
part,1
explains,1
civil,1
knowledge,1
calls,1
related,1
nation,1
supreme,1
revealed,1
riveted,1
tip,1
ten,1
loss,1
whole,1
genuine,1
gave,1
smear,1
corrupt,1
during,1
records,1
officers,1
actually,1
friend,1
personal,1
adelphi,1
few,1
interpreted,1
status,1
assiduous,1
boxer,1
minds,1
betraying,1
graduate,1
gap,1
sprang,1
approach,1
either,1
aided,1
provision,1
change,1
www,1
solution,1
unpopular,1
sense,1
caused,1
hard,1
gotten,1
field,1
love,1
mccarthyite,1
reliable,1
senator,1
lieber,1
warrant,1
theater,1
emory,1
phrase,1
event,1
involved,1
openly,1
sufficient,1
eleven,1
highly,1
ship,1
transfer,1
certainly,1
notorious,1
research,1
climate,1
portions,1
emmanuel,1
telling,1
credible,1
clever,1
characterizes,1
majority,1
pays,1
using,1
surrendered,1
peddler,1
courtney,1
notes,1
diminished,1
newly,1
waiting,1
enjoy,1
activities,1
avoid,1
collaborated,1
indict,1
nations,1
appeal,1
cite,1
will,1
liberation,1
f,1
defended,1
led,1
afloat,1
unscrupulous,1
power,1
reduced,1
absence,1
myriad,1
freelance,1
employ,1
spectacle,1
labeled,1
expansion,1
description,1
stalinists,1
released,1
brief,1
harris,1
yugoslavia,1
innocence,1
above,1
decoded,1
judgment,1
orbit,1
lauchlin,1
movement,1
southern,1
echo,1
hold,1
reception,1
direction,1
positive,1
single,1
once,1
contributing,1
collect,1
assuring,1
sweeping,1
interpretation,1
examined,1
treaty,1
makes,1
thought,1
suspicious,1
rhodes,1
leaking,1
ring,1
east,1
predecessor,1
disclosure,1
selective,1
us,1
eavesdropping,1
index,1
smith,1
home,1
positively,1
light,1
assistance,1
liberties,1
cried,1
renomination,1
gov,1
obligated,1
leakers,1
naval,1
aground,1
defendants,1
touching,1
reliance,1
begins,1
noted,1
increasingly,1
speaking,1
considers,1
double,1
inference,1
fill,1
sam,1
party,1
organizations,1
name,1
comfortable,1
confided,1
stronger,1
provable,1
again,1
spend,1
europe,1
accumulates,1
added,1
tiny,1
kvasnikov,1
misguided,1
underestimated,1
headquarters,1
naive,1
outside,1
idea,1
conduct,1
head,1
scholars,1
xii,1
departments,1
beliefs,1
smart,1
striving,1
grave,1
really,1
isolate,1
forging,1
end,1
navy,1
doubt,1
administrations,1
identical,1
arguably,1
discussed,1
minister,1
enough,1
stuff,1
hand,1
heart,1
accusations,1
v,1
present,1
operating,1
model,1
road,1
establish,1
refugees,1
jobs,1
verbatim,1
less,1
conviction,1
books,1
controversy,1
alarmed,1
remained,1
fight,1
thousands,1
demonstrated,1
complicity,1
despatches,1
credit,1
excerpt,1
private,1
exploring,1
vast,1
rulers,1
wished,1
memoranda,1
examples,1
intemet,1
treated,1
mcgranery,1
reversed,1
incidents,1
regain,1
writings,1
arose,1
previously,1
misstatements,1
traduced,1
depended,1
holt,1
sufficiently,1
curt,1
significant,1
decrypted,1
combining,1
use,1
unfortunately,1
brazen,1
engaging,1
aside,1
numbered,1
subscribing,1
actual,1
services,1
prelude,1
dismissed,1
lucrative,1
dating,1
significance,1
diplomacy,1
three,1
latham,1
agreement,1
reputation,1
dominated,1
essay,1
logic,1
defense,1
allowed,1
good,1
instigate,1
reviewers,1
period,1
so,1
appointment,1
high,1
cache,1
collaborator,1
insightful,1
accurate,1
expressing,1
martin,1
thomas,1
exchange,1
gets,1
witness,1
queen,1
maxim,1
article,1
disclosed,1
k,1
chapel,1
editors,1
hastily,1
tactics,1
exactly,1
teach,1
can,1
connally,1
enemies,1
postwar,1
probably,1
story,1
looked,1
securing,1
figures,1
haven,1
reckless,1
braggadocio,1
division,1
paranoid,1
decision,1
anatomy,1
unwittingly,1
tortured,1
dexter,1
dealing,1
whit,1
posted,1
prosecutor,1
payoffs,1
belonged,1
continued,1
assert,1
husband,1
staples,1
unclassified,1
program,1
suspected,1
hill,1
ironically,1
lines,1
secstate,1
attacking,1
investigators,1
concluding,1
fdr,1
insist,1
collections,1
chaplin,1
yale,1
merchandise,1
began,1
excited,1
anxious,1
executive,1
mustaches,1
life,1
why,1
directorate,1
methods,1
sharp,1
spared,1
analysis,1
fall,1
wittingly,1
surprising,1
conspiring,1
prosecuted,1
reds,1
ing,1
months,1
sess,1
gathered,1
marquis,1
regularly,1
stable,1
claims,1
proof,1
duncan,1
contained,1
associated,1
bisson,1
comes,1
conclusion,1
biography,1
misconduct,1
extensive,1
committees,1
continues,1
ridiculed,1
guerrilla,1
entry,1
ralph,1
membership,1
plea,1
cooled,1
inadmissible,1
alternative,1
allegation,1
leftist,1
cover,1
machinations,1
ran,1
each,1
katz,1
tito,1
pedestrian,1
reciprocal,1
inclined,1
seriously,1
connection,1
key,1
gone,1
capital,1
leaders,1
down,1
sensational,1
current,1
domestic,1
allied,1
searched,1
particularly,1
job,1
perfectly,1
longstanding,1
associations,1
closest,1
assessment,1
scores,1
better,1
person,1
turned,1
dismissing,1
prosecute,1
defend,1
knows,1
william,1
scholarly,1
smearing,1
senior,1
what,1
vendetta,1
perceiving,1
month,1
whether,1
rising,1
supports,1
particular,1
quote,1
textbook,1
delegate,1
theory,1
vigorously,1
scrupulous,1
listen,1
her,1
periphery,1
require,1
constitutional,1
smoothing,1
property,1
warrantless,1
apartment,1
listed,1
don,1
agreed,1
threat,1
hundreds,1
targets,1
art,1
son,1
urged,1
reported,1
conclude,1
through,1
introduced,1
raucous,1
city,1
extraordinaire,1
prospect,1
november,1
innocent,1
convinced,1
administration,1
ignorant,1
incensed,1
conventional,1
substance,1
lesson,1
sinking,1
appointed,1
exploit,1
isolated,1
writing,1
faculty,1
think,1
sparked,1
nominated,1
come,1
buying,1
false,1
question,1
leonid,1
whereupon,1
devoted,1
soft,1
ultimately,1
tell,1
spring,1
unable,1
lists,1
friendships,1
electronic,1
julius,1
unilateral,1
donald,1
copies,1
web,1
accept,1
aware,1
trap,1
course,1
instead,1
suffers,1
opinions,1
perpetrator,1
phone,1
regular,1
france,1
gentry,1
texan,1
saturday,1
francisco,1
association,1
definitive,1
ccp,1
tipped,1
morning,1
orchestrated,1
penetrated,1
close,1
combination,1
strategic,1
inexpedient,1
yesterday,1
reached,1
era,1
agrees,1
early,1
import,1
kim,1
delicate,1
develop,1
immediately,1
detoledano,1
asked,1
doing,1
frankly,1
otto,1
