WORDCOUNTS,WEIGHT
the,134
of,90
and,65
in,55
to,49
a,45
he,43
is,33
it,27
american,23
as,21
with,21
hughes,21
by,19
that,18
s,17
art,17
on,16
p,15
his,14
at,13
for,13
history,12
have,12
was,11
but,11
america,11
this,11
not,10
book,10
an,9
americans,8
one,8
about,8
into,8
or,7
same,7
from,7
which,7
new,6
i,6
because,6
colonial,6
epic,6
we,6
does,5
then,5
most,5
journey,5
are,5
what,5
johns,5
made,5
our,5
like,5
so,5
rather,4
their,4
inspired,4
these,4
first,4
way,4
many,4
my,4
time,4
can,4
has,4
some,4
paintings,4
reader,4
point,4
say,4
its,4
use,4
work,4
correct,4
would,4
you,4
footnotes,4
australian,4
be,4
now,3
hero,3
states,3
o,3
without,3
been,3
landscape,3
says,3
they,3
united,3
us,3
something,3
begins,3
had,3
anything,3
character,3
text,3
john,3
there,3
cultural,3
reviews,3
books,3
virginia,3
bibliography,3
west,3
listener,3
make,3
australians,3
academics,3
popular,3
century,3
back,3
era,3
early,3
even,3
southwest,3
than,3
founde,2
york,2
no,2
architecture,2
hide,2
television,2
who,2
copley,2
still,2
artist,2
regionalism,2
entertainment,2
authority,2
moves,2
english,2
read,2
imaging,2
university,2
claims,2
familiar,2
meant,2
title,2
uses,2
nineteenth,2
australia,2
treats,2
labor,2
well,2
symbol,2
name,2
instance,2
mona,2
care,2
lot,2
mr,2
evidence,2
suggested,2
again,2
intellectual,2
all,2
artists,2
idea,2
might,2
out,2
were,2
identity,2
any,2
atlantic,2
themselves,2
very,2
everything,2
other,2
term,2
last,2
late,2
do,2
somewhat,2
admires,2
writes,2
historians,2
always,2
touch,2
saying,2
hesitate,2
conceptual,2
part,2
looking,2
elizabeth,2
indians,2
writing,2
flag,2
stay,2
such,2
author,2
finally,2
catch,2
d,2
although,2
painting,2
land,2
pronouncing,2
things,2
colleagues,2
earlier,2
thomas,2
academic,2
spanish,2
benton,2
third,2
december,2
images,2
irony,2
recent,2
vulgar,2
general,2
finds,2
political,2
gentility,1
ashcan,1
fuming,1
penumbra,1
aspirations,1
pictorial,1
complaint,1
objectionable,1
aborigines,1
racism,1
me,1
dreadful,1
declaration,1
singer,1
today,1
equality,1
genuinely,1
outsider,1
sticking,1
adores,1
matter,1
lovejoy,1
hopes,1
pans,1
stars,1
act,1
modernists,1
if,1
keeffe,1
sometimes,1
pushes,1
bring,1
within,1
slavery,1
democracy,1
names,1
across,1
happily,1
indeed,1
located,1
nonegalitarianism,1
prose,1
program,1
unfootnoted,1
fear,1
battle,1
reasonable,1
interviews,1
critical,1
career,1
malfeasance,1
mindset,1
berkeley,1
congressman,1
sargent,1
winslow,1
coastal,1
advertise,1
intriguing,1
salute,1
referred,1
breathlessly,1
reason,1
poses,1
calves,1
converted,1
catholics,1
judgment,1
fixated,1
allude,1
abstraction,1
christ,1
began,1
quibbling,1
stops,1
eight,1
boy,1
indignation,1
anxiety,1
talk,1
fascinate,1
settlements,1
variant,1
sensation,1
worship,1
memorable,1
plenty,1
benjamin,1
worlds,1
ix,1
assuming,1
life,1
class,1
zeal,1
ole,1
unerring,1
illustrations,1
lisa,1
form,1
white,1
prime,1
puritans,1
stays,1
demuth,1
feel,1
frank,1
once,1
famous,1
criticism,1
sort,1
stretched,1
killers,1
yet,1
fields,1
interpretation,1
museum,1
atmosphere,1
trumbull,1
push,1
imperialism,1
sower,1
lloyd,1
garnish,1
articles,1
makes,1
specified,1
pp,1
lopsided,1
supercharged,1
brutality,1
bad,1
judge,1
englishness,1
financial,1
plus,1
forest,1
photographs,1
indignities,1
under,1
god,1
forget,1
ideals,1
matters,1
inconsistencies,1
neither,1
brimful,1
colonialism,1
regularly,1
school,1
guaranteed,1
home,1
heavy,1
quarrels,1
tells,1
attract,1
shin,1
section,1
actually,1
alluded,1
culture,1
singular,1
revered,1
days,1
promotion,1
hanging,1
result,1
announces,1
wright,1
chief,1
indian,1
pretending,1
australianness,1
boatload,1
already,1
must,1
age,1
ve,1
chooses,1
department,1
simply,1
ever,1
bum,1
gritty,1
being,1
said,1
fabric,1
continues,1
pumping,1
surface,1
readings,1
deface,1
hart,1
convicts,1
published,1
love,1
entry,1
quotes,1
supported,1
consequence,1
spots,1
much,1
every,1
starting,1
mixture,1
contradicted,1
outraged,1
commissions,1
jackson,1
more,1
museums,1
demur,1
somehow,1
media,1
index,1
heritage,1
enthralled,1
handle,1
think,1
tory,1
unremitting,1
drawing,1
punish,1
consecrated,1
over,1
stands,1
incongruously,1
meaning,1
stripes,1
motifs,1
rear,1
england,1
whereas,1
tourist,1
painters,1
enchanted,1
opening,1
jibe,1
genteel,1
celebratory,1
arrived,1
words,1
incorporates,1
georgia,1
came,1
landscapists,1
labels,1
kennedy,1
interested,1
andrew,1
exhibition,1
allow,1
head,1
scholars,1
could,1
down,1
indies,1
print,1
tours,1
desire,1
entering,1
convert,1
called,1
color,1
closeted,1
current,1
stroke,1
trust,1
compared,1
crop,1
babes,1
viii,1
rich,1
myself,1
particularly,1
settles,1
obviously,1
coauthor,1
how,1
enemy,1
stations,1
room,1
shakerism,1
dumped,1
gas,1
roundly,1
fail,1
cities,1
questions,1
pictures,1
reinterpret,1
favorite,1
habit,1
vitality,1
agree,1
serious,1
puritan,1
passionate,1
fold,1
men,1
person,1
turned,1
hint,1
prestige,1
may,1
discussion,1
further,1
angry,1
hand,1
exceptions,1
sacred,1
marxist,1
tv,1
those,1
ground,1
robert,1
knows,1
lens,1
chain,1
informed,1
hollowness,1
signs,1
breadlines,1
touchstones,1
march,1
begged,1
empire,1
unique,1
them,1
recently,1
chatting,1
renaissance,1
list,1
ones,1
theoretical,1
gillray,1
homer,1
excellent,1
side,1
constitutional,1
scale,1
comes,1
material,1
jeans,1
perfectly,1
eye,1
pretty,1
sophisticated,1
alfred,1
spiritual,1
native,1
theory,1
explained,1
controversy,1
modernism,1
likes,1
irreverent,1
public,1
gives,1
monopoly,1
hopkins,1
utopianism,1
snobbism,1
really,1
nabob,1
create,1
complain,1
brilliant,1
great,1
aspects,1
addresses,1
boys,1
justifies,1
chapter,1
introduce,1
another,1
dullness,1
berating,1
amendment,1
conversation,1
learn,1
classes,1
activity,1
port,1
artifacts,1
deluged,1
sources,1
clarke,1
accomplishment,1
wilderness,1
object,1
dog,1
hung,1
superpatriotism,1
pr,1
knopf,1
sculpture,1
portraits,1
ritually,1
susannah,1
level,1
dinner,1
values,1
rankle,1
apocalyptic,1
concept,1
cocurator,1
furniture,1
given,1
through,1
discusses,1
distinctly,1
underwear,1
sent,1
knowledge,1
apparent,1
calls,1
contentedly,1
press,1
two,1
scoffed,1
republic,1
nation,1
migration,1
loudmouth,1
academically,1
peculiarly,1
tenure,1
irish,1
himself,1
look,1
top,1
findings,1
fumes,1
administration,1
host,1
surprise,1
fun,1
territory,1
letter,1
harvesting,1
describe,1
freedom,1
largely,1
patriotism,1
wonderful,1
barricades,1
place,1
luminism,1
disdains,1
james,1
brushstrokes,1
punches,1
tasteful,1
lower,1
thin,1
pleasure,1
september,1
human,1
parties,1
coming,1
streamlines,1
throws,1
portraitist,1
wyeth,1
maintains,1
icons,1
especially,1
call,1
throughout,1
national,1
lover,1
full,1
buying,1
sees,1
fascinated,1
canberra,1
elegant,1
promoted,1
completes,1
disguised,1
eras,1
pennsylvania,1
goya,1
until,1
merchant,1
vii,1
citing,1
stanford,1
peculiarities,1
facts,1
unable,1
rejected,1
years,1
deliciously,1
visions,1
elephant,1
own,1
sitters,1
biblical,1
against,1
twentieth,1
hierarchy,1
frame,1
comparing,1
write,1
boston,1
washington,1
vernacular,1
voluble,1
lectures,1
disappointed,1
domain,1
good,1
incredulity,1
tone,1
social,1
ability,1
course,1
viewing,1
enjoying,1
jugular,1
field,1
countryman,1
chats,1
regarded,1
buildings,1
eakins,1
topic,1
americanness,1
next,1
doing,1
piece,1
recycled,1
order,1
taste,1
contrast,1
undertakes,1
theirs,1
turn,1
area,1
singleton,1
quite,1
presenting,1
provides,1
repelled,1
nor,1
pretensions,1
old,1
definitive,1
plantation,1
family,1
alive,1
never,1
calling,1
needs,1
mind,1
refreshing,1
charles,1
mounting,1
few,1
exploitation,1
written,1
potential,1
marriage,1
highly,1
choose,1
trying,1
folk,1
slave,1
independence,1
feet,1
cantankerous,1
extraordinary,1
certainly,1
hastily,1
excess,1
usual,1
mainly,1
opaque,1
declares,1
telling,1
tobacconist,1
classrooms,1
quakerism,1
fully,1
priests,1
when,1
up,1
identify,1
probably,1
predictable,1
rhetorical,1
story,1
jumps,1
abandoned,1
religiosity,1
intrigued,1
describes,1
architects,1
world,1
elbow,1
wickedness,1
deeply,1
french,1
clinched,1
reproductions,1
neoclassical,1
concise,1
beings,1
occasion,1
virtue,1
hardly,1
daughter,1
loan,1
nuanced,1
attention,1
frankly,1
acknowledge,1
evoked,1
close,1
rebellions,1
major,1
scholarly,1
deeper,1
rambling,1
society,1
jackie,1
