WORDCOUNTS,WEIGHT
the,192
of,91
in,71
a,56
to,55
and,53
s,38
diem,34
vietnam,30
american,26
that,25
with,23
afv,22
was,21
for,21
as,19
by,19
morgan,16
p,16
at,14
his,13
who,12
on,12
buttinger,11
he,10
organization,10
lobby,10
o,9
joseph,9
friends,9
is,8
from,8
daniel,8
an,8
early,8
it,7
united,7
war,7
however,7
oram,7
states,7
would,7
group,6
not,6
support,6
history,6
these,6
new,6
its,6
vietnamese,6
they,5
thomas,5
policy,5
but,5
cia,5
had,5
spellman,5
like,5
lansdale,5
socialist,5
gen,5
be,5
may,4
economic,4
their,4
committee,4
into,4
saigon,4
many,4
international,4
leading,4
state,4
liberal,4
hinckle,4
political,4
reviews,4
such,4
made,4
cherne,4
including,4
despite,4
liberals,4
were,4
influence,4
johnson,4
alleged,3
power,3
give,3
no,3
if,3
foreign,3
rescue,3
articles,3
university,3
reports,3
only,3
regime,3
more,3
quickly,3
toward,3
december,3
did,3
shared,3
john,3
americans,3
supporters,3
fisher,3
accounts,3
public,3
while,3
firm,3
america,3
leo,3
during,3
scheer,3
president,3
this,3
g,3
cold,3
after,3
back,3
activities,3
strong,3
fishel,3
him,3
critics,2
does,2
relationship,2
york,2
lt,2
various,2
way,2
bring,2
communism,2
success,2
dai,2
dinh,2
why,2
study,2
southeast,2
authority,2
supporting,2
yet,2
duke,2
publicist,2
em,2
asia,2
same,2
w,2
hell,2
department,2
first,2
t,2
helped,2
evidence,2
military,2
might,2
over,2
worked,2
words,2
novel,2
other,2
key,2
wesley,2
conservative,2
plan,2
time,2
sects,2
radical,2
man,2
merely,2
late,2
charged,2
irc,2
intelligence,2
hostility,2
establish,2
them,2
less,2
involvement,2
year,2
resigned,2
writes,2
theory,2
has,2
u,2
eisenhower,2
well,2
shape,2
argues,2
views,2
network,2
some,2
program,2
little,2
mandarin,2
bao,2
founders,2
proved,2
press,2
became,2
role,2
against,2
tried,2
administration,2
freedom,2
harold,2
world,2
academics,2
figures,2
our,2
personal,2
spring,2
years,2
clear,2
have,2
ability,2
held,2
officials,2
working,2
period,2
need,2
ngo,2
catholic,2
turn,2
least,2
several,2
consensus,2
between,2
left,2
cardinal,2
james,2
norman,2
even,2
valley,2
much,2
north,2
leadership,2
unpopularity,2
decision,2
seems,1
model,1
final,1
south,1
pyle,1
difficult,1
marshall,1
humanitarians,1
liberation,1
threatened,1
rights,1
battle,1
ending,1
pervaded,1
front,1
now,1
exhaustively,1
film,1
san,1
autumn,1
what,1
aid,1
communist,1
whose,1
november,1
doubts,1
neutral,1
reds,1
advocate,1
coopted,1
collaborating,1
hilaire,1
hopes,1
client,1
continued,1
barrage,1
george,1
provide,1
car,1
concerned,1
humanitarian,1
links,1
within,1
tion,1
troubled,1
failed,1
jonas,1
operative,1
corruption,1
bright,1
scholar,1
how,1
zenith,1
feeling,1
commitment,1
exile,1
edward,1
suspected,1
opinion,1
hill,1
affairs,1
represent,1
critical,1
influential,1
consume,1
muckraking,1
classic,1
account,1
nearly,1
revolutionary,1
determine,1
capture,1
promise,1
independence,1
e,1
april,1
despicable,1
chairmanship,1
community,1
still,1
herring,1
force,1
technically,1
make,1
prose,1
earlier,1
orbit,1
lives,1
postideological,1
sponsored,1
importance,1
b,1
covert,1
told,1
large,1
unhealthy,1
recently,1
complex,1
ongoing,1
put,1
integrity,1
guerillas,1
mike,1
studies,1
special,1
authoritarian,1
emergency,1
effective,1
judicious,1
crystal,1
gilbert,1
designed,1
prime,1
advised,1
about,1
cooptation,1
hope,1
once,1
cherished,1
escalate,1
enlisted,1
ways,1
treatise,1
urged,1
when,1
cynical,1
reason,1
references,1
arrangements,1
opportunities,1
wake,1
face,1
democrats,1
intense,1
represents,1
adequate,1
pp,1
overheated,1
struggle,1
appendixes,1
country,1
favor,1
tricked,1
lyndon,1
groups,1
later,1
under,1
former,1
restricted,1
socialists,1
challenged,1
seem,1
favorable,1
river,1
index,1
or,1
character,1
compiled,1
stab,1
presents,1
included,1
home,1
rarely,1
publicists,1
eventually,1
belonged,1
openly,1
warren,1
devotes,1
director,1
just,1
culture,1
historian,1
days,1
senior,1
impact,1
generosity,1
traces,1
gradually,1
impulsively,1
jersey,1
series,1
conclusion,1
outlined,1
legacy,1
antiwar,1
chief,1
version,1
palpable,1
closely,1
firsthand,1
witnessing,1
du,1
already,1
assaults,1
most,1
maryknoll,1
prosperity,1
nhu,1
demonstrate,1
acknowledges,1
boost,1
people,1
murky,1
member,1
dissident,1
saint,1
orchestrating,1
offered,1
defeat,1
withdrawn,1
ignore,1
willingness,1
sources,1
membership,1
progressives,1
clearances,1
members,1
leader,1
potency,1
appealing,1
french,1
sustained,1
movements,1
senators,1
leftist,1
researched,1
handle,1
business,1
painstakingly,1
adopt,1
important,1
pawn,1
planting,1
others,1
renewed,1
myths,1
current,1
rare,1
chester,1
opportunists,1
introducing,1
monthly,1
greater,1
intensive,1
j,1
expressed,1
damning,1
elites,1
screenplay,1
founding,1
organized,1
came,1
based,1
shows,1
dupes,1
whom,1
betrayal,1
kennedy,1
height,1
posture,1
board,1
available,1
avenue,1
ubiquitous,1
societies,1
assess,1
revived,1
critic,1
rule,1
great,1
propaganda,1
reasons,1
strength,1
match,1
access,1
reads,1
disturbed,1
ambitious,1
eric,1
effort,1
assembled,1
mekong,1
particularly,1
out,1
easily,1
motion,1
government,1
recruit,1
trip,1
scholars,1
cautious,1
launched,1
court,1
carolina,1
religion,1
oblivion,1
doubt,1
primary,1
bombing,1
ready,1
graham,1
i,1
driven,1
there,1
insiders,1
alden,1
called,1
minister,1
appeared,1
passionate,1
embattled,1
type,1
february,1
intrigue,1
last,1
never,1
evident,1
turned,1
conclusions,1
bien,1
cultural,1
promoted,1
drove,1
paris,1
those,1
movement,1
robert,1
william,1
founder,1
born,1
though,1
causes,1
quiet,1
done,1
focused,1
career,1
viet,1
soured,1
patrician,1
liberalism,1
johns,1
papers,1
unclear,1
associafisher,1
advisers,1
terms,1
milton,1
celebrated,1
form,1
renaissance,1
posts,1
see,1
courage,1
real,1
solidified,1
ideological,1
side,1
energy,1
troops,1
rewriting,1
placed,1
austrian,1
hoped,1
core,1
dr,1
project,1
required,1
conferences,1
unnecessary,1
angier,1
fledgling,1
historians,1
albeit,1
struggling,1
magazines,1
task,1
longest,1
threats,1
wrested,1
vestige,1
fully,1
hopkins,1
number,1
sought,1
lauded,1
free,1
cohort,1
affair,1
healthy,1
because,1
aspiration,1
boys,1
remained,1
commitments,1
main,1
gained,1
murders,1
resisting,1
almost,1
theological,1
understatement,1
suggests,1
recommended,1
betrayed,1
future,1
private,1
threat,1
relief,1
investment,1
departments,1
work,1
formerly,1
quixotic,1
visionary,1
douglas,1
ramparts,1
liberty,1
triumphal,1
players,1
both,1
diplomat,1
bibliography,1
greene,1
supplanted,1
magazine,1
emergent,1
carry,1
professionals,1
dissatisfaction,1
scorning,1
documentary,1
bent,1
marked,1
reconsidering,1
transideological,1
conclude,1
europe,1
understanding,1
volume,1
very,1
introduced,1
intentions,1
misgivings,1
inexorably,1
cited,1
minh,1
contacts,1
procure,1
along,1
end,1
easy,1
elite,1
unleash,1
supreme,1
louis,1
durable,1
lbj,1
entrepreneur,1
staunchly,1
aspirations,1
assumptions,1
mansfield,1
asian,1
filming,1
hosted,1
confidence,1
gasp,1
urging,1
warfare,1
tale,1
internationalists,1
own,1
harmony,1
francis,1
began,1
appointed,1
sacks,1
brashly,1
aggravated,1
contains,1
exposed,1
alternative,1
extraordinarily,1
actually,1
gain,1
welcomed,1
human,1
conditions,1
evolution,1
postcolonial,1
conflict,1
vociferous,1
central,1
colleague,1
pamphlets,1
persistent,1
stay,1
unholy,1
additional,1
partisan,1
question,1
dien,1
stayed,1
berrier,1
nevertheless,1
xviii,1
nlf,1
ultimately,1
students,1
shouted,1
described,1
seminaries,1
versions,1
immediate,1
background,1
development,1
washington,1
alliance,1
challenging,1
renowned,1
dooley,1
precipitous,1
weeks,1
numerous,1
september,1
understated,1
national,1
obtaining,1
author,1
accept,1
motives,1
antidemocratic,1
depicting,1
leaned,1
essay,1
battalion,1
interest,1
lectures,1
crisis,1
change,1
characteristic,1
cabal,1
social,1
biddle,1
corrective,1
running,1
brother,1
mixed,1
relations,1
instead,1
christopher,1
editorship,1
representative,1
define,1
collaboration,1
rallied,1
retainer,1
respects,1
so,1
blueprint,1
collins,1
coup,1
intergenerational,1
emmet,1
creating,1
rooted,1
rhetoric,1
played,1
hired,1
lawton,1
wideranging,1
next,1
one,1
politically,1
course,1
warrant,1
colleagues,1
order,1
funds,1
shortly,1
attracting,1
postwar,1
area,1
squarely,1
reception,1
midst,1
madison,1
event,1
remains,1
francisco,1
behest,1
reporter,1
repeated,1
financially,1
calling,1
journalists,1
communists,1
belief,1
interfaith,1
concerning,1
mounting,1
june,1
swaying,1
anticommunist,1
article,1
contrary,1
highly,1
mainstream,1
incapable,1
rest,1
chapel,1
newspapers,1
concert,1
embarrassed,1
portrait,1
extraordinary,1
recounted,1
young,1
versatile,1
themselves,1
anticommunism,1
ally,1
nobody,1
third,1
anonymity,1
parody,1
can,1
infuse,1
michigan,1
enterprise,1
slid,1
handler,1
irresistible,1
averred,1
claiming,1
seeking,1
explore,1
hosting,1
through,1
conspiracy,1
capitalism,1
persuaded,1
clearinghouse,1
charging,1
shown,1
develop,1
fancied,1
refrains,1
wife,1
emperor,1
credentials,1
patrons,1
correspondence,1
apparently,1
than,1
roots,1
deeply,1
delightful,1
notes,1
traditions,1
connections,1
tokens,1
document,1
tired,1
value,1
professional,1
reformist,1
meeting,1
col,1
generation,1
up,1
roster,1
actions,1
close,1
convincingly,1
handing,1
concluded,1
widely,1
adviser,1
justice,1
behalf,1
strange,1
collaborated,1
visit,1
heiress,1
tennessee,1
