WORDCOUNTS,WEIGHT
and,146
the,135
to,95
of,87
in,77
woodson,49
s,45
grimke,44
his,44
black,44
he,38
that,34
a,30
as,29
history,24
with,23
washington,22
blacks,21
for,18
p,18
goggin,16
white,15
from,14
american,12
bruce,11
negro,11
work,11
du,10
by,10
bois,10
race,10
at,9
their,9
an,9
university,8
was,8
racial,8
would,8
racism,7
slavery,7
not,7
asnlh,7
those,7
both,7
him,7
later,6
who,6
movement,6
life,6
class,6
naacp,6
political,6
also,6
according,6
it,5
often,5
under,5
smith,5
but,5
intellectual,5
had,5
did,5
intellectuals,5
reviews,5
however,5
e,5
example,5
became,5
segregation,5
which,5
d,5
on,5
south,4
resulted,4
independence,4
they,4
study,4
is,4
support,4
pp,4
before,4
age,4
t,4
more,4
over,4
men,4
what,4
america,4
including,4
african,4
himself,4
during,4
field,4
association,4
slave,4
be,4
world,4
than,4
whites,4
crow,3
opposed,3
independent,3
five,3
community,3
one,3
about,3
education,3
federal,3
get,3
determination,3
challenged,3
or,3
into,3
culture,3
no,3
w,3
women,3
june,3
oppression,3
control,3
efforts,3
allow,3
carter,3
could,3
meier,3
i,3
state,3
within,3
investigation,3
public,3
jim,3
such,3
virginia,3
made,3
boston,3
explains,3
despite,3
press,3
personality,3
its,3
began,3
people,3
harvard,3
president,3
years,3
against,3
g,3
new,3
social,3
david,3
pride,3
upon,3
anger,3
after,3
relations,3
never,3
especially,3
supported,3
research,3
law,3
sumner,2
may,2
higher,2
failed,2
rights,2
offices,2
republican,2
urged,2
nonetheless,2
bureau,2
she,2
testimony,2
military,2
been,2
wrote,2
activists,2
how,2
garrison,2
praised,2
skilled,2
college,2
attacking,2
bias,2
hopeful,2
associate,2
thirteen,2
wilson,2
b,2
led,2
graduated,2
illustrations,2
once,2
see,2
scholarship,2
yet,2
solidarity,2
violence,2
studies,2
cleveland,2
programs,2
thought,2
school,2
latin,2
believed,2
result,2
colored,2
source,2
organize,2
outspoken,2
department,2
tuskegee,2
neighborhood,2
camp,2
only,2
arguing,2
chose,2
organization,2
provide,2
organizations,2
oral,2
analyzing,2
organizational,2
index,2
argumentative,2
power,2
perceived,2
historians,2
asserts,2
worked,2
opponents,2
parties,2
whom,2
columbia,2
scholars,2
exclusion,2
archibald,2
baton,2
lived,2
out,2
john,2
carolina,2
build,2
historical,2
man,2
u,2
roosevelt,2
jacqueline,2
william,2
equal,2
where,2
war,2
segregated,2
are,2
persons,2
less,2
notes,2
excellent,2
character,2
attacked,2
problem,2
booker,2
sexual,2
biographies,2
because,2
information,2
some,2
howard,2
activity,2
institute,2
father,2
uplift,2
slaves,2
writings,2
west,2
taking,2
part,2
jnh,2
moral,2
demanding,2
broad,2
congress,2
ideas,2
questions,2
disfranchisement,2
our,2
were,2
personal,2
suffrage,2
newspaper,2
rouge,2
described,2
dickson,2
development,2
received,2
contradictions,2
have,2
interracial,2
soldiers,2
advocacy,2
august,2
legacy,2
labored,2
jr,2
politically,2
funds,2
joined,2
actively,2
campaign,2
favored,2
marriage,2
between,2
c,2
early,2
extent,2
describes,2
recent,2
encyclopedia,2
leadership,2
niagara,2
district,2
louisiana,2
shall,2
activities,2
major,2
society,2
subversive,1
janken,1
indicted,1
aim,1
loyal,1
asking,1
implored,1
schools,1
miscegenation,1
simultaneously,1
possessed,1
segregate,1
unscrupulous,1
devote,1
actors,1
manipulated,1
circle,1
held,1
along,1
temperament,1
sows,1
today,1
dies,1
equality,1
following,1
racehood,1
without,1
difficult,1
way,1
continued,1
ecstatic,1
true,1
hostile,1
protests,1
colorphobia,1
subsisting,1
opportunism,1
johns,1
action,1
battled,1
privately,1
clarence,1
prudishness,1
unwilling,1
buy,1
short,1
indeed,1
essays,1
although,1
service,1
commitment,1
comparative,1
vols,1
pieces,1
fear,1
dilemma,1
catholic,1
sarcastic,1
basic,1
posits,1
wings,1
career,1
taft,1
decades,1
return,1
important,1
borrowing,1
logan,1
legitimate,1
indirect,1
prevent,1
domingo,1
consul,1
strickland,1
sensitive,1
concluding,1
veterans,1
collections,1
strongly,1
still,1
intolerance,1
inability,1
says,1
make,1
mainstream,1
militant,1
commenced,1
persistent,1
understand,1
appalachia,1
sponsored,1
enlist,1
sarah,1
forcing,1
church,1
importance,1
degree,1
lorenzo,1
observation,1
complex,1
alfonso,1
unforgiving,1
doubted,1
contributions,1
positive,1
possess,1
possessive,1
empowered,1
diplomatic,1
blurring,1
fighting,1
promoting,1
distant,1
lawyer,1
existed,1
congressional,1
frank,1
republicans,1
collect,1
direct,1
adversarial,1
gospel,1
edited,1
h,1
irritated,1
when,1
editing,1
thickest,1
walker,1
imperialism,1
face,1
lloyd,1
intense,1
branded,1
articles,1
humorless,1
albert,1
figured,1
projects,1
dominican,1
suspicious,1
park,1
monumental,1
league,1
dean,1
affect,1
message,1
regularly,1
subterfuge,1
methods,1
activist,1
exposure,1
acceptance,1
combat,1
religion,1
trade,1
policy,1
position,1
occupational,1
needed,1
committee,1
resurgence,1
critical,1
publicly,1
organized,1
sociological,1
necessary,1
inequality,1
generalized,1
falls,1
thoughat,1
total,1
branch,1
any,1
publishing,1
light,1
associated,1
historian,1
ideologies,1
teaching,1
shifting,1
grandfather,1
attain,1
broke,1
hanging,1
gradually,1
enter,1
conclusion,1
tensions,1
weak,1
members,1
frequently,1
too,1
upper,1
castigated,1
nor,1
biography,1
four,1
educational,1
show,1
forcefully,1
close,1
agents,1
predominantly,1
democratic,1
disagreed,1
toil,1
retard,1
increasingly,1
said,1
first,1
railroads,1
inferiority,1
known,1
officers,1
frustration,1
sometimes,1
hart,1
explaining,1
published,1
shunned,1
unearthed,1
blasted,1
double,1
cotton,1
masses,1
sources,1
ralph,1
charles,1
progressives,1
amidst,1
party,1
neglects,1
commission,1
collaborate,1
leader,1
autonomy,1
gain,1
lewis,1
funding,1
majority,1
circumscribed,1
if,1
destructive,1
houston,1
internal,1
set,1
researched,1
bushnell,1
founding,1
challenge,1
wizard,1
fund,1
broadened,1
fell,1
think,1
opinion,1
links,1
distrusted,1
excoriated,1
toward,1
elevate,1
influential,1
advocated,1
stands,1
assist,1
turbulent,1
promote,1
grover,1
refused,1
emerged,1
antidote,1
deromanticizing,1
added,1
advanced,1
many,1
greater,1
anthropology,1
j,1
stratification,1
interpersonal,1
rushing,1
editions,1
standards,1
accommodationism,1
historiography,1
advance,1
expanding,1
professed,1
introduce,1
limit,1
sampling,1
treatment,1
preserve,1
overwhelming,1
bourgeoisie,1
endorse,1
leading,1
pragmatic,1
assess,1
advantage,1
credits,1
print,1
opposing,1
together,1
broadly,1
utilizing,1
elinor,1
hands,1
criticize,1
critically,1
universal,1
access,1
reform,1
orbits,1
post,1
czaristic,1
rich,1
foundation,1
time,1
train,1
skills,1
luker,1
studied,1
incident,1
associates,1
churches,1
link,1
conservative,1
ventures,1
ph,1
forging,1
criticisms,1
boycotts,1
launched,1
radical,1
end,1
room,1
pioneer,1
remain,1
audience,1
berea,1
real,1
nationalism,1
edward,1
sharecropper,1
so,1
past,1
there,1
struggles,1
disputes,1
serious,1
misgivings,1
cooperated,1
midway,1
threatening,1
overcome,1
merely,1
disseminate,1
controlled,1
racist,1
emphasized,1
respond,1
monographs,1
learn,1
channing,1
established,1
activism,1
supporters,1
born,1
though,1
cultural,1
derivative,1
manner,1
receive,1
rearing,1
committed,1
theodore,1
block,1
intelligence,1
arvarh,1
victims,1
nominal,1
loyalty,1
affiliate,1
treat,1
incidence,1
context,1
them,1
whether,1
vulnerable,1
jobs,1
skin,1
celebrated,1
laying,1
undermined,1
answer,1
ironically,1
involvement,1
biases,1
firsthand,1
cause,1
des,1
lines,1
can,1
troops,1
material,1
ed,1
flaws,1
maintain,1
blaming,1
lynching,1
mere,1
woman,1
absolute,1
writes,1
jeremiah,1
required,1
facilities,1
miner,1
books,1
kenneth,1
opposition,1
style,1
outlet,1
besieged,1
ethiopia,1
hopkins,1
while,1
sought,1
foundations,1
leaders,1
argued,1
overgeneralize,1
affair,1
studying,1
outlaw,1
remained,1
xix,1
abuse,1
institutions,1
hyde,1
fight,1
argues,1
gratification,1
chapter,1
property,1
skillfully,1
keeping,1
almost,1
uneven,1
inner,1
don,1
long,1
determined,1
congressmen,1
correctly,1
urban,1
nomination,1
rayford,1
used,1
temperance,1
finished,1
hungry,1
publish,1
place,1
examples,1
these,1
effectiveness,1
powers,1
stern,1
appeals,1
researchers,1
role,1
greene,1
qualifications,1
presented,1
range,1
levering,1
son,1
forced,1
dedication,1
admired,1
reappraisals,1
future,1
brought,1
phelpsstokes,1
interdisciplinary,1
point,1
advancement,1
bibliophile,1
obsession,1
civil,1
depended,1
unselfishly,1
alternatives,1
schomburg,1
two,1
republic,1
nation,1
publishers,1
elite,1
attributed,1
encouraged,1
irrational,1
criticized,1
collector,1
collegiate,1
enduring,1
expression,1
year,1
use,1
urging,1
dropped,1
gave,1
unfortunately,1
freedom,1
arthur,1
largely,1
operate,1
operated,1
emphasizing,1
split,1
anticipated,1
diany,1
maintained,1
prominently,1
curb,1
actually,1
yielded,1
mentioning,1
underscored,1
participated,1
regarding,1
exhibited,1
conflict,1
maintains,1
hurried,1
thus,1
chapters,1
examination,1
successful,1
throughout,1
come,1
proscription,1
angelina,1
hindered,1
rivals,1
fold,1
ends,1
surely,1
layers,1
moderate,1
folklore,1
ultimately,1
until,1
confuse,1
workings,1
brownsville,1
radicalism,1
talented,1
project,1
explained,1
columns,1
severe,1
argument,1
rejected,1
sinnette,1
foes,1
ignored,1
xv,1
endorsement,1
points,1
accommodation,1
alliance,1
trusted,1
countless,1
problems,1
bent,1
surrender,1
three,1
hurt,1
directed,1
authors,1
grew,1
national,1
jazz,1
author,1
finally,1
reputation,1
cooperate,1
integrate,1
taskmaster,1
reap,1
interpreting,1
tutelage,1
correcting,1
campaigned,1
change,1
dangerous,1
psychologically,1
outraged,1
contributed,1
democrat,1
least,1
backdoor,1
texas,1
allowed,1
correct,1
alienated,1
hard,1
prefiguring,1
haste,1
rewarded,1
faulted,1
unified,1
workers,1
administrator,1
hirelings,1
employing,1
responses,1
appointment,1
noisy,1
dealings,1
allegiances,1
expected,1
hired,1
tenth,1
moses,1
lobbied,1
you,1
ended,1
mountain,1
archaeology,1
defined,1
seeks,1
practiced,1
destiny,1
achievements,1
instinct,1
sharp,1
standard,1
stubborn,1
santo,1
arbitrary,1
insurance,1
elements,1
editor,1
refusal,1
direction,1
quick,1
openly,1
pathbreaking,1
times,1
perspective,1
anonymous,1
tannenbaum,1
burgeoning,1
few,1
written,1
concerns,1
erected,1
literacy,1
jealous,1
removed,1
region,1
participate,1
textbooks,1
serving,1
folk,1
distinctions,1
stanley,1
undervalue,1
compromise,1
served,1
businesses,1
building,1
bolted,1
racketeers,1
archival,1
respectively,1
tactics,1
left,1
conclude,1
unapproachable,1
vemey,1
examine,1
chicago,1
effect,1
corporations,1
foremost,1
publications,1
do,1
internalizing,1
beginning,1
fully,1
participating,1
letters,1
generally,1
civilian,1
through,1
drawn,1
working,1
obscure,1
documentary,1
story,1
adopted,1
journal,1
look,1
resistance,1
woodrow,1
figures,1
skins,1
strong,1
among,1
we,1
cooperatives,1
deeply,1
north,1
philippines,1
language,1
joint,1
professional,1
awarded,1
cooperative,1
preliminary,1
lincoln,1
asked,1
informed,1
daughter,1
showed,1
coal,1
fierce,1
portrait,1
master,1
concluded,1
conceptually,1
justice,1
knowledge,1
champion,1
faction,1
