WORDCOUNTS,WEIGHT
the,137
of,114
and,78
in,62
to,52
s,46
social,28
a,27
nature,27
political,23
as,22
ecology,22
allee,20
that,19
with,16
scientific,16
their,16
science,15
theory,15
mitman,14
history,13
chicago,12
is,11
from,11
or,10
by,10
his,9
not,9
this,9
american,8
university,8
was,8
for,8
scientists,8
man,8
animal,8
philosophy,8
it,7
ecological,7
how,7
they,7
thought,7
war,7
theories,7
progressive,7
thomas,7
story,7
other,6
dialogue,6
worster,6
whether,6
naturalistic,6
be,6
major,6
society,6
he,5
construction,5
shaped,5
tradition,5
new,5
emerson,5
state,5
bergen,5
w,5
which,5
human,5
evolution,5
such,5
ethical,5
an,5
tobey,5
on,5
research,5
c,5
than,5
von,5
democracy,4
ethics,4
if,4
reviews,4
vision,4
ideology,4
quaker,4
one,4
biological,4
associated,4
most,4
department,4
darwin,4
left,4
because,4
between,4
closer,4
john,4
alfred,4
made,4
through,4
gender,4
behavior,4
were,4
have,4
arcadian,4
evolutionary,4
world,4
cooperative,4
competitive,4
at,3
european,3
george,3
its,3
developed,3
hill,3
community,3
about,3
margorie,3
biology,3
zoology,3
then,3
but,3
two,3
disciplinary,3
important,3
toward,3
natural,3
all,3
herbert,3
historians,3
departments,3
gregg,3
i,3
henry,3
right,3
context,3
population,3
progressivism,3
has,3
naturalism,3
her,3
commitments,3
along,3
determinism,3
idealism,3
moral,3
century,3
consensus,3
june,3
can,3
views,3
animals,3
model,2
will,2
what,2
matter,2
nonetheless,2
action,2
economic,2
doctorate,2
stood,2
synthesis,2
commitment,2
civilization,2
influential,2
jane,2
nearly,2
prevailing,2
who,2
strongly,2
after,2
vitalism,2
group,2
dunlap,2
life,2
analysis,2
deductive,2
true,2
support,2
core,2
kingsland,2
wanted,2
dewey,2
western,2
commonwealth,2
genteel,2
shelford,2
faith,2
presumptions,2
only,2
voluntarism,2
picture,2
organization,2
wrong,2
progressives,2
rather,2
more,2
shifted,2
law,2
set,2
deterministic,2
intellectual,2
had,2
expressed,2
are,2
persuasion,2
different,2
novel,2
shows,2
path,2
did,2
laboratory,2
found,2
ought,2
husband,2
interconnectedness,2
historical,2
versus,2
beliefs,2
took,2
do,2
cultural,2
where,2
economy,2
moore,2
theoretical,2
sociology,2
era,2
haraway,2
maintain,2
dr,2
saving,2
mathematics,2
imperial,2
reflected,2
free,2
u,2
out,2
remained,2
shape,2
psychology,2
apparently,2
basis,2
understanding,2
line,2
cooperation,2
work,2
background,2
both,2
upon,2
environments,2
edwards,2
conceptual,2
over,2
press,2
nation,2
step,2
assumptions,2
fascist,2
during,2
issues,2
challenges,2
ideas,2
central,2
freedom,2
ronald,2
development,2
since,2
donald,2
approach,2
fallacy,2
dominated,2
interest,2
change,2
genetics,2
responsibility,2
cold,2
individualism,2
positivism,2
socialism,2
stalinist,2
family,2
spencerian,2
historicism,2
response,2
epistemology,2
marxist,2
scholarship,2
when,2
including,2
also,2
much,2
correspondence,2
so,2
wilsonian,2
attacks,1
ethica,1
carried,1
rachel,1
failed,1
henri,1
critical,1
suggestion,1
sinclair,1
led,1
mead,1
individualist,1
communist,1
conditioning,1
may,1
whose,1
following,1
provide,1
punch,1
extensively,1
continued,1
cooperativeness,1
rested,1
devastating,1
opinion,1
main,1
magisterial,1
primate,1
revival,1
labeled,1
program,1
aggressive,1
separated,1
paths,1
basic,1
unit,1
darwinism,1
antagonistic,1
lines,1
conducted,1
preached,1
male,1
concerns,1
superorganism,1
attacking,1
affirming,1
e,1
represented,1
analyzes,1
jungle,1
still,1
loeb,1
examined,1
termites,1
thinkers,1
mainstream,1
vulnerability,1
dogmatic,1
philosopher,1
hobbesian,1
bacon,1
center,1
secularizing,1
replaced,1
why,1
studies,1
selection,1
inspired,1
agency,1
elaborated,1
illustrations,1
gilbert,1
sidgwick,1
guide,1
principle,1
darwinians,1
caste,1
formed,1
authority,1
gave,1
primatology,1
english,1
ones,1
thermodynamics,1
fields,1
victor,1
reinterpretation,1
emerging,1
get,1
modern,1
itself,1
served,1
articles,1
interactionist,1
pp,1
paradigms,1
struggle,1
older,1
muir,1
serve,1
totalitarianism,1
seeing,1
under,1
spirit,1
deduced,1
decade,1
god,1
axiomatic,1
founders,1
us,1
position,1
neither,1
thesis,1
index,1
school,1
encourages,1
management,1
earned,1
legitimated,1
emergence,1
mildly,1
holding,1
faded,1
linked,1
francis,1
takes,1
inherited,1
elsewhere,1
historian,1
believed,1
thirty,1
dominate,1
preface,1
field,1
no,1
source,1
weak,1
argued,1
ethic,1
too,1
largest,1
advocates,1
these,1
industrial,1
must,1
orientation,1
experience,1
emotional,1
being,1
speaking,1
reinforced,1
island,1
origins,1
powerful,1
aside,1
follow,1
xiv,1
donna,1
policy,1
morton,1
organismic,1
gaylord,1
aldo,1
notions,1
modeled,1
balancing,1
besides,1
certainly,1
lewis,1
instance,1
victorian,1
portrays,1
californiariverside,1
established,1
internal,1
monkeys,1
staked,1
belief,1
ii,1
power,1
years,1
later,1
evidence,1
antecedents,1
passed,1
selfish,1
decades,1
positivist,1
spencer,1
death,1
view,1
principia,1
stands,1
generated,1
preoccupied,1
deficiencies,1
worked,1
clements,1
emerged,1
hoover,1
many,1
descriptive,1
anthropology,1
j,1
ordinarily,1
paper,1
cultures,1
closely,1
claims,1
ontologically,1
capability,1
whom,1
connection,1
disillusionment,1
incorporating,1
could,1
conflict,1
medicine,1
opposing,1
pushes,1
desire,1
preaching,1
documented,1
called,1
simple,1
typical,1
industrialization,1
altruistic,1
jacques,1
confirming,1
richards,1
tactic,1
propositional,1
normative,1
walked,1
hysteria,1
burroughs,1
studied,1
cooperativist,1
presumably,1
clearly,1
demonstrating,1
inbred,1
infer,1
take,1
nuclear,1
past,1
climate,1
philosophical,1
external,1
works,1
fellow,1
inferring,1
forms,1
reproductive,1
academic,1
mind,1
further,1
emphasized,1
stand,1
promoted,1
drove,1
marine,1
ground,1
robert,1
william,1
traced,1
lotka,1
metaphors,1
market,1
behind,1
synthetic,1
johns,1
transmitted,1
indirect,1
trepidant,1
them,1
terms,1
form,1
subsoil,1
cannot,1
failure,1
politically,1
conduct,1
russell,1
conviction,1
placed,1
santayana,1
confusedly,1
firmly,1
preoccupations,1
taught,1
compelled,1
foundational,1
extent,1
revived,1
victorians,1
capacity,1
insightful,1
utilitarian,1
hopkins,1
sought,1
america,1
mendelian,1
darwinist,1
cloth,1
produce,1
charted,1
christianity,1
argues,1
another,1
summers,1
local,1
account,1
participation,1
government,1
suggests,1
some,1
fitting,1
aggregation,1
implies,1
future,1
politics,1
relief,1
revealed,1
used,1
prewar,1
shared,1
prairies,1
personal,1
practical,1
bibliography,1
completed,1
organisms,1
presented,1
emergent,1
values,1
limitations,1
altruism,1
awkwardly,1
west,1
apart,1
handmaiden,1
point,1
say,1
reflecting,1
idealistic,1
sharon,1
mice,1
despite,1
microparadigm,1
uncertain,1
laws,1
calls,1
became,1
apply,1
confirms,1
bergson,1
concern,1
disciplines,1
lies,1
economies,1
identifies,1
combining,1
investigated,1
wallace,1
dichotomous,1
programs,1
place,1
refers,1
postulated,1
describes,1
huxley,1
broad,1
heredity,1
representation,1
categorization,1
chairman,1
mistake,1
colleague,1
domination,1
individuals,1
our,1
solidly,1
forces,1
woods,1
nazi,1
sees,1
organicists,1
frederic,1
endorsed,1
until,1
described,1
fictionalized,1
voluntaristic,1
spectrum,1
immediate,1
interpreted,1
dynamics,1
visions,1
reject,1
axioms,1
predispositions,1
professor,1
due,1
finding,1
healing,1
importance,1
paradigm,1
christian,1
hierarchy,1
mode,1
does,1
national,1
g,1
charge,1
accept,1
victory,1
character,1
contributors,1
course,1
anachronistic,1
individual,1
least,1
darwinists,1
david,1
physics,1
sense,1
paralleled,1
representative,1
citadel,1
enabling,1
working,1
application,1
socially,1
period,1
diminish,1
insisted,1
shaping,1
wished,1
rooted,1
high,1
allegiances,1
kloppenberg,1
obtained,1
learning,1
prohibits,1
wing,1
guided,1
voluntary,1
carson,1
tries,1
discredit,1
joined,1
hole,1
functionalism,1
expressing,1
developments,1
shift,1
construct,1
sociability,1
calling,1
influence,1
simpson,1
especially,1
charles,1
driving,1
potential,1
birds,1
modeling,1
ruled,1
pioneering,1
components,1
depression,1
assumed,1
addams,1
become,1
themselves,1
thoreau,1
insularity,1
applying,1
respond,1
potent,1
individualistic,1
fashions,1
debate,1
leopold,1
james,1
early,1
progress,1
even,1
white,1
dominance,1
traditional,1
wife,1
results,1
coexistence,1
among,1
saw,1
we,1
notes,1
traditions,1
rigors,1
wildlife,1
appropriate,1
value,1
reformist,1
delineate,1
delivered,1
reformers,1
mendelism,1
built,1
encompassing,1
am,1
nurtured,1
tragic,1
intuitionalism,1
division,1
complicates,1
dictum,1
wheeler,1
capitalistic,1
refuting,1
