WORDCOUNTS,WEIGHT
the,179
of,115
to,71
and,71
in,67
a,61
s,59
that,45
shi,39
his,35
as,33
on,28
her,25
for,22
he,20
hopper,19
p,19
realism,19
is,18
levin,18
with,15
not,14
american,13
an,13
which,12
facts,12
edward,10
she,10
yet,9
from,9
what,9
at,8
it,8
life,8
history,8
jo,8
author,8
facing,8
does,7
both,7
study,7
was,7
or,7
howells,7
between,7
social,6
book,6
new,6
part,6
art,6
writers,5
who,5
they,5
their,5
one,5
about,5
once,5
by,5
first,5
more,5
real,5
has,5
getting,5
some,5
rubin,5
example,5
such,5
so,5
him,5
you,5
be,5
when,5
may,4
will,4
artist,4
home,4
same,4
biography,4
t,4
toward,4
genteel,4
fact,4
did,4
war,4
reviews,4
historians,4
i,4
work,4
diaries,4
idealism,4
this,4
reality,4
have,4
approach,4
would,4
mason,4
james,4
early,4
also,4
notes,4
americans,3
no,3
common,3
modernism,3
why,3
often,3
face,3
university,3
detail,3
into,3
any,3
down,3
culture,3
most,3
only,3
might,3
similarly,3
many,3
are,3
desire,3
out,3
never,3
beginning,3
those,3
cultural,3
context,3
see,3
however,3
aspects,3
side,3
realities,3
use,3
aesthetic,3
volume,3
own,3
against,3
september,3
instead,3
david,3
realists,3
boundaries,3
even,3
painter,3
figures,3
isn,3
gentility,2
henri,2
relationship,2
second,2
york,2
perry,2
saw,2
various,2
deforest,2
if,2
mother,2
within,2
husband,2
joan,2
critical,2
e,2
still,2
starts,2
wilson,2
witness,2
examine,2
identify,2
entries,2
ways,2
h,2
daniel,2
scene,2
category,2
pp,2
thought,2
tensions,2
us,2
index,2
emergence,2
shelley,2
growing,2
nineteenth,2
traces,2
series,2
conclusion,2
wright,2
but,2
frequently,2
gail,2
being,2
remarking,2
modernist,2
beyond,2
especially,2
awakened,2
profound,2
victorian,2
offers,2
writes,2
set,2
because,2
again,2
view,2
riis,2
intellectual,2
addition,2
had,2
novel,2
longer,2
synthetic,2
could,2
formulations,2
sullivan,2
were,2
john,2
how,2
emerson,2
audience,2
philosophical,2
historian,2
other,2
following,2
do,2
furthermore,2
reading,2
where,2
romanticism,2
them,2
paris,2
produced,2
homer,2
issue,2
can,2
santayana,2
preoccupation,2
producing,2
reflected,2
suspended,2
well,2
development,2
intimate,2
matthews,2
women,2
reveal,2
psychological,2
discusses,2
case,2
realistic,2
press,2
himself,2
gender,2
jewett,2
conditions,2
contends,2
garland,2
concentrate,2
representation,2
actually,2
victim,2
while,2
throughout,2
sees,2
previous,2
open,2
my,2
madder,2
finally,2
roosevelt,2
course,2
moment,2
alienation,2
should,2
although,2
painting,2
sense,2
borus,2
century,2
order,2
after,2
remains,2
repeated,2
dreiser,2
every,2
class,2
several,2
realist,2
marriage,2
become,2
norris,2
era,2
find,2
story,2
wife,2
than,2
meeting,2
culmination,1
increasing,1
final,1
chronological,1
dealing,1
difficult,1
implicitly,1
democracy,1
battle,1
late,1
allay,1
pervaded,1
oxford,1
now,1
long,1
bellamy,1
undergraduate,1
colorist,1
complaint,1
casualty,1
interesting,1
weapon,1
observers,1
states,1
asking,1
palette,1
produces,1
brute,1
me,1
demand,1
domesticity,1
essential,1
implications,1
indefensible,1
opaque,1
belonged,1
publishing,1
instructors,1
attempts,1
juxtaposes,1
materials,1
reports,1
reviewer,1
european,1
way,1
conflicting,1
act,1
alleviated,1
true,1
science,1
letters,1
faith,1
assert,1
popularity,1
pushes,1
stylistic,1
patriotic,1
responds,1
worldview,1
industrialization,1
privately,1
factual,1
spectacle,1
across,1
indeed,1
adds,1
synthesis,1
reverts,1
whitman,1
informing,1
inevitably,1
faults,1
freezing,1
providing,1
fully,1
purpose,1
fear,1
sort,1
truth,1
ideality,1
mainly,1
parade,1
market,1
ascribing,1
surer,1
jane,1
fruit,1
drawing,1
recognizes,1
characterization,1
winslow,1
herself,1
capture,1
burr,1
renewed,1
outburst,1
becomes,1
constraints,1
leanings,1
success,1
sensitive,1
ills,1
speculate,1
kept,1
mercy,1
chides,1
over,1
echoing,1
arm,1
introduction,1
generalist,1
utility,1
began,1
effect,1
manuscript,1
indicates,1
visual,1
skate,1
ice,1
counterposed,1
experiences,1
passing,1
connect,1
sarah,1
terrain,1
grew,1
gesture,1
film,1
counters,1
center,1
sunday,1
direct,1
balanced,1
complex,1
additionally,1
deepest,1
conflicts,1
hold,1
volumes,1
contributions,1
innovation,1
expression,1
poetry,1
torment,1
replicate,1
specific,1
construction,1
analysis,1
enormous,1
label,1
norton,1
designed,1
lawyer,1
authorship,1
confronting,1
bibliographical,1
achieve,1
frank,1
word,1
dismiss,1
factors,1
slant,1
moreover,1
risks,1
subjected,1
relied,1
murder,1
interpretation,1
raymond,1
reference,1
get,1
dominating,1
arrives,1
event,1
lloyd,1
utterly,1
makes,1
devotion,1
nevertheless,1
independence,1
eroded,1
gathered,1
found,1
notwithstanding,1
influencing,1
space,1
douglass,1
wanted,1
under,1
assumption,1
postmodern,1
yourself,1
hazard,1
gain,1
convergence,1
equally,1
overlook,1
matters,1
deny,1
dichotomy,1
secession,1
feminine,1
department,1
neither,1
boredom,1
steak,1
thesis,1
seems,1
necessarily,1
middlebrow,1
painters,1
turns,1
boldly,1
punished,1
disappointment,1
conveying,1
thin,1
thinking,1
specify,1
expressed,1
before,1
section,1
terms,1
judgments,1
accent,1
communicating,1
remedy,1
conceding,1
temperament,1
viewpoints,1
choices,1
impact,1
grounds,1
comes,1
nonetheless,1
weak,1
necessity,1
complexity,1
mentioned,1
conversion,1
quarters,1
too,1
russian,1
w,1
nineteenthcentury,1
practices,1
apprehension,1
industrial,1
deep,1
circumstances,1
age,1
engaging,1
footing,1
adolescence,1
show,1
acceptance,1
brander,1
attitudes,1
scratches,1
experience,1
demonstrate,1
simply,1
limit,1
hassam,1
auspicious,1
handling,1
commented,1
cognizant,1
romance,1
rise,1
december,1
cast,1
inhibited,1
query,1
gap,1
picture,1
restricts,1
useful,1
fill,1
protagonists,1
subjective,1
confessional,1
sources,1
traverse,1
reminds,1
hence,1
summaries,1
lead,1
perhaps,1
expands,1
slows,1
meant,1
underestimates,1
thrill,1
nonparticipant,1
car,1
instance,1
connection,1
here,1
questions,1
voices,1
transcendentalist,1
law,1
established,1
subjects,1
challenge,1
comparison,1
achieved,1
power,1
frederick,1
later,1
strike,1
important,1
gesturing,1
links,1
mark,1
know,1
others,1
baptist,1
dimension,1
viewer,1
penchant,1
eludes,1
appear,1
hope,1
generated,1
methodology,1
put,1
occasionally,1
asserts,1
beautiful,1
tendencies,1
each,1
all,1
sure,1
financial,1
nivison,1
descriptive,1
literary,1
tenderness,1
pendulum,1
opening,1
tradition,1
troubling,1
arrived,1
efforts,1
stimulus,1
words,1
specialized,1
brodhead,1
different,1
parties,1
shows,1
whom,1
shaped,1
principles,1
overdrawn,1
exploration,1
remapping,1
nothing,1
encyclopedic,1
gone,1
scientists,1
diverse,1
scholars,1
nineties,1
leading,1
explores,1
regret,1
outlook,1
tumultuous,1
credits,1
fortunes,1
print,1
wheel,1
epitomized,1
entered,1
josephine,1
begun,1
theme,1
bit,1
half,1
called,1
strength,1
momentum,1
fearless,1
typical,1
definitional,1
regard,1
captures,1
attack,1
loyalty,1
stood,1
forces,1
relating,1
treat,1
transcendental,1
foundation,1
effort,1
narrative,1
milk,1
admittedly,1
practical,1
stereotype,1
complicity,1
recitation,1
scenes,1
linked,1
supplies,1
scorned,1
surfaces,1
themes,1
intrusive,1
just,1
very,1
image,1
end,1
personality,1
hopkins,1
delusion,1
parisian,1
contemporary,1
rightly,1
noting,1
number,1
survey,1
cultures,1
debt,1
eliot,1
melancholy,1
charges,1
fashion,1
arguably,1
ambivalent,1
belittle,1
initial,1
struggle,1
observes,1
feature,1
mass,1
display,1
rural,1
embrace,1
passage,1
ethos,1
another,1
works,1
edition,1
markets,1
term,1
pursues,1
merely,1
forms,1
men,1
drinkers,1
mind,1
readers,1
enough,1
terrible,1
paint,1
stand,1
represent,1
henry,1
outset,1
everyday,1
organizing,1
fantasizes,1
ground,1
william,1
consciences,1
disgust,1
climactic,1
solely,1
nonfiction,1
career,1
applauds,1
shake,1
theodore,1
sentimental,1
photography,1
behind,1
johns,1
absinthe,1
returns,1
developing,1
magazine,1
upbringing,1
posters,1
novelist,1
wobbly,1
mixing,1
appears,1
whether,1
labor,1
triumphant,1
prefers,1
inflicted,1
form,1
voyeur,1
answer,1
until,1
making,1
absorbing,1
coexisted,1
hardens,1
despite,1
meal,1
revolt,1
reruns,1
eradicate,1
material,1
orne,1
wartime,1
xvii,1
imprisoned,1
alfred,1
swing,1
woman,1
explain,1
conclusions,1
assault,1
diary,1
children,1
ignoring,1
problem,1
wellborn,1
distance,1
style,1
public,1
triumph,1
artists,1
reconciled,1
near,1
pragmatists,1
going,1
governing,1
world,1
america,1
saying,1
distortions,1
unable,1
hall,1
source,1
exhibiting,1
runaway,1
divide,1
break,1
olmsted,1
stance,1
insured,1
abuse,1
yield,1
presented,1
averred,1
christianity,1
encompassed,1
periodical,1
instructive,1
local,1
skillfully,1
account,1
having,1
generally,1
participation,1
episode,1
network,1
felt,1
escapism,1
physical,1
emphasis,1
don,1
bohemian,1
sadist,1
relates,1
referred,1
greatest,1
exploring,1
contain,1
lumped,1
investment,1
miss,1
literature,1
encounter,1
signify,1
discussion,1
anxieties,1
conjecture,1
coherent,1
popular,1
invested,1
metaphor,1
these,1
paraphrase,1
knopf,1
rein,1
stern,1
mutual,1
excerpt,1
lay,1
portraits,1
bibliography,1
minimization,1
remember,1
richard,1
strict,1
accompanying,1
cliche,1
leisure,1
values,1
limitations,1
imagined,1
reader,1
generalizations,1
epitomizes,1
visage,1
shared,1
multiple,1
apart,1
prompted,1
wedding,1
point,1
analyze,1
conceptual,1
x,1
gay,1
arose,1
timely,1
passes,1
explains,1
competing,1
training,1
civil,1
relief,1
inexorably,1
trips,1
exhibit,1
calls,1
strongest,1
role,1
along,1
comment,1
urban,1
elite,1
unleash,1
ruffian,1
celebration,1
identity,1
attributed,1
intended,1
monographs,1
writing,1
spurred,1
explication,1
coldness,1
got,1
progressivism,1
pond,1
went,1
childe,1
significant,1
disappears,1
illusion,1
brings,1
rochester,1
attunement,1
unfortunately,1
democratic,1
unfair,1
range,1
selfdeception,1
during,1
emphasizing,1
virtually,1
sympathetic,1
behavior,1
make,1
clobbered,1
demonstrates,1
rebels,1
challenges,1
framework,1
accomplishment,1
daguerrotypists,1
accumulation,1
mimesis,1
avenues,1
gore,1
invaluable,1
overcome,1
bitter,1
throws,1
father,1
pan,1
involve,1
indiscriminateness,1
acknowledged,1
goal,1
like,1
thus,1
accommodate,1
precision,1
contrasts,1
individuals,1
chapters,1
advertisers,1
examination,1
come,1
chosen,1
review,1
professionalism,1
intent,1
warped,1
stayed,1
dinner,1
spirit,1
sound,1
voluminous,1
endorsed,1
bedroom,1
canvas,1
tell,1
spring,1
characters,1
couple,1
commercial,1
versions,1
go,1
defect,1
moralists,1
argues,1
royce,1
inner,1
week,1
reaction,1
meanings,1
fake,1
bent,1
since,1
sensibilities,1
trends,1
vacation,1
objective,1
leads,1
moral,1
readings,1
eye,1
sidetracks,1
made,1
relentless,1
sentimentalism,1
uncontrollable,1
turbulent,1
frame,1
write,1
language,1
outer,1
finding,1
d,1
disarming,1
depicting,1
mode,1
quarterly,1
prevents,1
tutelage,1
change,1
consumption,1
ability,1
failures,1
offer,1
paintings,1
raises,1
compatriots,1
predicament,1
touches,1
describing,1
level,1
helpful,1
difficulty,1
torch,1
roost,1
reformers,1
love,1
tacitly,1
smiling,1
questionable,1
insisted,1
provided,1
vital,1
ventured,1
eakins,1
topic,1
writer,1
rhetoric,1
sketching,1
poet,1
willingness,1
bone,1
bleu,1
arena,1
held,1
pursue,1
hurts,1
television,1
taste,1
contrast,1
paintbrush,1
located,1
anyone,1
progressive,1
thing,1
brooding,1
introverted,1
discourse,1
sexuality,1
phrase,1
reception,1
quite,1
consequence,1
juries,1
night,1
decided,1
adequately,1
nor,1
old,1
isolation,1
urbanization,1
rich,1
morning,1
tormenting,1
perspective,1
underscore,1
detached,1
devotees,1
recognition,1
concerning,1
observation,1
charles,1
hamlin,1
problems,1
back,1
concerns,1
edmund,1
jealous,1
spectator,1
introductory,1
response,1
nineteenthand,1
assumed,1
addams,1
root,1
soir,1
honesty,1
feet,1
breaking,1
extraordinary,1
certainly,1
conflated,1
theorists,1
themselves,1
rate,1
startling,1
oversimplification,1
confidently,1
inconsistent,1
illustrator,1
ann,1
firkin,1
avowed,1
declares,1
jacob,1
wholesale,1
impossible,1
impassive,1
masculine,1
regards,1
presumptuous,1
heightened,1
managed,1
momentary,1
texts,1
postwar,1
explore,1
up,1
probably,1
working,1
extent,1
tend,1
rhetorical,1
entire,1
ate,1
wistful,1
ravenel,1
traditional,1
louis,1
constructs,1
focus,1
selfishness,1
much,1
architects,1
using,1
glance,1
marks,1
need,1
strong,1
existed,1
robert,1
technological,1
we,1
formative,1
recent,1
traditions,1
achieves,1
attend,1
positioning,1
emersonian,1
chronicles,1
value,1
occasion,1
christopher,1
crime,1
general,1
building,1
loyalties,1
grateful,1
savage,1
subordinates,1
awareness,1
time,1
learned,1
function,1
influence,1
student,1
evoked,1
entanglement,1
rest,1
close,1
brevity,1
cuff,1
activities,1
orvell,1
major,1
justice,1
perception,1
decision,1
proffers,1
society,1
product,1
separate,1
poverty,1
battles,1
