WORDCOUNTS,WEIGHT
the,170
of,89
to,72
in,60
welfare,55
that,50
and,49
a,41
as,30
is,28
handler,24
reform,18
an,18
for,16
it,15
not,15
we,15
this,15
on,15
be,15
by,14
are,13
have,13
clinton,12
policy,12
s,12
history,11
social,11
has,11
one,10
from,10
so,10
at,9
with,9
program,9
work,9
will,8
rate,8
federal,8
president,7
labor,7
poor,6
his,6
been,6
but,6
more,6
book,6
state,6
rolls,6
programs,6
people,6
much,6
market,5
their,5
ellwood,5
or,5
over,5
fact,5
government,5
historical,5
i,5
those,5
poverty,5
form,5
case,5
recipients,5
through,5
such,5
even,5
society,5
may,4
does,4
expansion,4
who,4
success,4
make,4
reforms,4
us,4
benefits,4
only,4
might,4
great,4
regard,4
out,4
there,4
do,4
era,4
well,4
new,4
example,4
its,4
administration,4
think,4
berkowitz,4
federalism,4
david,4
states,4
little,4
recent,4
pay,3
done,3
later,3
employment,3
politicians,3
they,3
american,3
makes,3
workfare,3
yet,3
university,3
then,3
before,3
something,3
most,3
majority,3
evidence,3
know,3
put,3
all,3
other,3
current,3
p,3
deal,3
very,3
better,3
what,3
reviews,3
unemployment,3
time,3
problem,3
public,3
local,3
disability,3
caseload,3
both,3
despite,3
policymakers,3
place,3
nixon,3
national,3
although,3
sense,3
general,3
century,3
prosperity,3
administrative,3
remains,3
themselves,3
up,3
should,3
influence,3
appeal,2
therefore,2
he,2
adequate,2
owes,2
reagan,2
nonetheless,2
important,2
wrote,2
toward,2
remain,2
edward,2
equate,2
administered,2
return,2
assure,2
still,2
intervention,2
bill,2
progressive,2
myth,2
analysis,2
about,2
presidents,2
education,2
changes,2
nor,2
favor,2
wages,2
seeing,2
consider,2
was,2
tax,2
earned,2
same,2
nineteenth,2
no,2
freer,2
already,2
being,2
law,2
fell,2
feeling,2
country,2
seems,2
historians,2
did,2
could,2
argue,2
children,2
contemporary,2
take,2
past,2
political,2
wage,2
economy,2
income,2
jobs,2
produced,2
free,2
america,2
brilliant,2
because,2
larger,2
notion,2
percent,2
too,2
credit,2
made,2
point,2
far,2
press,2
services,2
expand,2
louis,2
empirical,2
minimum,2
significant,2
conditions,2
families,2
congress,2
statistics,2
continue,2
full,2
than,2
optimistic,2
initiatives,2
facts,2
unable,2
argues,2
joel,2
since,2
illustrates,2
approach,2
either,2
washington,2
health,2
august,2
solution,2
officials,2
least,2
instead,2
level,2
d,2
would,2
need,2
things,2
attempted,2
few,2
june,2
amount,2
back,2
research,2
tended,2
can,2
always,2
futility,2
when,2
st,2
focus,2
among,2
rates,2
grants,2
model,1
final,1
periods,1
difficult,1
hampers,1
failed,1
mechanisms,1
portion,1
go,1
now,1
illusory,1
applications,1
cite,1
situation,1
me,1
deny,1
ceremonial,1
reductions,1
today,1
raise,1
hesitant,1
jargon,1
without,1
evaluations,1
processed,1
implemented,1
way,1
george,1
rather,1
science,1
if,1
bureaucrats,1
medieval,1
recession,1
apprentices,1
meaning,1
action,1
economic,1
economist,1
troubled,1
short,1
constituents,1
naturally,1
turns,1
immune,1
stop,1
subject,1
consists,1
truth,1
sure,1
basic,1
influential,1
explicit,1
interventions,1
levels,1
playing,1
urges,1
fair,1
nearly,1
determine,1
trotted,1
process,1
subsistence,1
e,1
wonks,1
reduce,1
directions,1
whatever,1
seen,1
poorer,1
goes,1
yale,1
force,1
economists,1
heard,1
undercut,1
persistent,1
understand,1
upbeat,1
contribution,1
expect,1
unprecedented,1
recognize,1
becoming,1
denies,1
recently,1
hold,1
ix,1
tends,1
life,1
latinos,1
also,1
satisfaction,1
agency,1
remarks,1
quite,1
read,1
republicans,1
likely,1
factors,1
elderly,1
asserted,1
english,1
ways,1
sciences,1
urged,1
support,1
meet,1
means,1
qualify,1
determination,1
majoritarian,1
security,1
democrats,1
repressive,1
represents,1
pp,1
masquerade,1
marginal,1
modern,1
medicare,1
fail,1
realities,1
considered,1
poorhouses,1
trace,1
possibly,1
beneficiaries,1
improvement,1
neither,1
index,1
school,1
had,1
into,1
environment,1
cheapened,1
charitable,1
louisiana,1
certain,1
any,1
takes,1
developed,1
liberal,1
assistance,1
complete,1
actually,1
just,1
medicaid,1
quoted,1
articulated,1
baltimore,1
series,1
suggest,1
argued,1
impoverished,1
threat,1
these,1
looser,1
aid,1
circumstances,1
age,1
different,1
two,1
boomerang,1
reliance,1
ford,1
said,1
first,1
member,1
origins,1
symbolic,1
deter,1
t,1
explaining,1
unsuitable,1
constructed,1
shapes,1
writing,1
hence,1
persuade,1
letting,1
ricardo,1
ceremony,1
spins,1
puts,1
here,1
macroanalysis,1
pervasive,1
set,1
care,1
ride,1
centerpiece,1
power,1
detroit,1
strategy,1
unconstrained,1
commentators,1
others,1
spend,1
punish,1
view,1
assist,1
perceive,1
intellectual,1
control,1
each,1
tremendous,1
experienced,1
england,1
greater,1
official,1
nature,1
uses,1
benevolent,1
expenditures,1
worth,1
shows,1
whom,1
kennedy,1
prejudices,1
areas,1
questioned,1
affordable,1
scholars,1
societies,1
carter,1
down,1
medicine,1
accompanied,1
conservative,1
plan,1
studied,1
agree,1
appeared,1
reformed,1
generations,1
typical,1
erase,1
indeed,1
academy,1
blind,1
pretty,1
effort,1
ideological,1
patrick,1
particularly,1
changed,1
supplies,1
obviously,1
composition,1
end,1
getting,1
deterred,1
everything,1
sought,1
hospitals,1
illustration,1
roosevelt,1
experts,1
passage,1
reasons,1
works,1
markets,1
question,1
possibility,1
never,1
places,1
conclusions,1
took,1
believed,1
furthermore,1
pointing,1
differences,1
eisenhower,1
manner,1
solved,1
dispersed,1
affirms,1
block,1
visiting,1
johns,1
continuing,1
daniel,1
award,1
racial,1
receives,1
them,1
karl,1
population,1
invariably,1
contracted,1
shown,1
reinforce,1
cannot,1
making,1
probably,1
want,1
evaluation,1
energy,1
praised,1
stigmatizing,1
record,1
shape,1
norms,1
maintain,1
blaming,1
daunting,1
required,1
books,1
debate,1
key,1
task,1
money,1
died,1
insightful,1
undertaking,1
hopkins,1
chadwick,1
lauded,1
conditioned,1
eliminate,1
firm,1
day,1
expensive,1
improve,1
distinguishes,1
failure,1
design,1
intermediaries,1
conservatives,1
published,1
precedent,1
reimburse,1
opened,1
some,1
ideal,1
possible,1
implies,1
politics,1
compelling,1
understanding,1
line,1
disprove,1
meaningful,1
contain,1
simple,1
used,1
vast,1
exclusively,1
discussion,1
gains,1
anecdotes,1
measures,1
suggests,1
eligibility,1
move,1
disagree,1
mothers,1
alone,1
clear,1
unless,1
flounder,1
say,1
crude,1
part,1
purpose,1
intentions,1
immoral,1
whites,1
sent,1
increase,1
inevitability,1
bottom,1
reduction,1
professor,1
role,1
nation,1
along,1
concern,1
elizabethan,1
minority,1
doubt,1
everywhere,1
celebrated,1
booming,1
year,1
watchers,1
genuine,1
institute,1
freedom,1
prevailed,1
gripping,1
masks,1
needed,1
found,1
disdains,1
behavior,1
edwin,1
factor,1
dropping,1
broad,1
phenomenon,1
constitute,1
expanded,1
harvard,1
victim,1
faculty,1
central,1
reaching,1
eligible,1
nothing,1
our,1
call,1
includes,1
perilous,1
field,1
previous,1
believes,1
statute,1
until,1
powerful,1
fourteenth,1
described,1
resort,1
severe,1
deterrent,1
artificers,1
development,1
color,1
rendered,1
medical,1
type,1
trends,1
finding,1
against,1
doctors,1
wouldn,1
absorb,1
inadequate,1
liberals,1
faces,1
popularly,1
workers,1
large,1
held,1
professionalization,1
homes,1
predilections,1
hard,1
application,1
warehousing,1
below,1
moynihan,1
summer,1
assessment,1
wished,1
stage,1
straight,1
average,1
effects,1
politically,1
order,1
exercise,1
joked,1
turn,1
area,1
discredit,1
black,1
promptly,1
pushed,1
alarmed,1
primer,1
insurance,1
developments,1
skocpol,1
veteran,1
family,1
imagination,1
spent,1
gets,1
taxpayers,1
blacks,1
floating,1
differently,1
revealing,1
promote,1
nicely,1
allowed,1
reborn,1
reads,1
dramatic,1
drifts,1
reported,1
theda,1
applying,1
exactly,1
johnson,1
effect,1
find,1
stereotypes,1
like,1
early,1
recommending,1
progress,1
working,1
geographically,1
eloquently,1
dependent,1
present,1
unwillingness,1
ignores,1
boom,1
strong,1
ends,1
haven,1
facile,1
sun,1
notes,1
vindictive,1
caution,1
fiscal,1
marx,1
underemployment,1
tentative,1
signals,1
grumble,1
reducing,1
twists,1
implementation,1
react,1
visit,1
