WORDCOUNTS,WEIGHT
the,223
and,119
of,94
to,84
in,73
a,42
that,36
for,29
by,23
on,23
capitalism,23
as,19
from,19
rural,18
economy,17
household,17
were,17
with,16
their,15
was,15
clark,14
not,13
production,13
farmers,13
labor,13
history,11
new,11
political,11
society,11
countryside,10
market,10
had,10
merchants,10
american,9
rise,9
see,9
local,9
an,9
long,8
england,8
transition,8
during,8
trade,8
who,7
or,7
into,7
these,7
s,7
over,7
economic,7
distance,7
according,7
america,7
work,7
cash,7
this,7
exchange,7
at,6
they,6
producers,6
power,6
those,6
wage,6
has,6
its,6
until,6
households,6
late,6
massachusetts,6
early,6
within,6
than,6
it,5
he,5
slavery,5
subsistence,5
one,5
changes,5
thus,5
war,5
while,5
sought,5
women,5
elizabeth,5
manufacturing,5
class,5
needs,5
between,5
if,4
study,4
is,4
then,4
but,4
industrial,4
reciprocity,4
more,4
years,4
factory,4
raw,4
scholars,4
out,4
woodruff,4
growing,4
where,4
reviews,4
crop,4
produce,4
credit,4
own,4
eighteenth,4
civil,4
families,4
commercial,4
moral,4
have,4
good,4
individual,4
relations,4
instead,4
land,4
century,4
shift,4
small,4
commercialization,4
profits,4
valley,4
northern,4
provided,4
south,3
relationship,3
transformations,3
materials,3
growth,3
argues,3
outward,3
southern,3
factories,3
united,3
eugene,3
increased,3
university,3
occurred,3
any,3
changing,3
age,3
communities,3
party,3
june,3
also,3
set,3
rested,3
towns,3
many,3
greater,3
different,3
other,3
capitalist,3
capital,3
agrarian,3
domestic,3
ideology,3
mills,3
far,3
goods,3
system,3
ideological,3
debate,3
historians,3
hahn,3
public,3
property,3
another,3
when,3
private,3
invested,3
both,3
made,3
example,3
terms,3
steven,3
come,3
sees,3
married,3
led,3
unable,3
genovese,3
since,3
change,3
eve,3
allowed,3
pay,3
states,3
farms,3
values,3
forced,3
kept,3
nor,3
old,3
consensus,3
connecticut,3
journal,3
world,3
livestock,3
ethic,2
failed,2
town,2
simultaneously,2
farm,2
feudalism,2
bringing,2
important,2
rather,2
been,2
corporate,2
centered,2
created,2
winifred,2
revolutionary,2
republican,2
adopted,2
force,2
transformation,2
group,2
large,2
payment,2
often,2
authority,2
interpretation,2
each,2
making,2
all,2
means,2
security,2
jonathan,2
studies,2
favor,2
us,2
claims,2
western,2
river,2
merchant,2
unlike,2
emergence,2
liberal,2
antebellum,2
nineteenth,2
mary,2
communal,2
origins,2
inheritance,2
only,2
social,2
followed,2
shifted,2
others,2
conflicts,2
prude,2
shortage,2
destroy,2
character,2
lacked,2
did,2
joyce,2
came,2
based,2
slave,2
accompanied,2
p,2
effort,2
time,2
children,2
governed,2
farming,2
workingmen,2
state,2
debt,2
americans,2
pennsylvania,2
free,2
struggles,2
efforts,2
works,2
markets,2
turned,2
took,2
hand,2
beginning,2
access,2
cultural,2
purchase,2
reform,2
bore,2
income,2
produced,2
devoid,2
less,2
strategies,2
however,2
charged,2
rothenberg,2
rapidly,2
after,2
governing,2
patriarchal,2
agriculture,2
plantation,2
such,2
well,2
some,2
activity,2
extended,2
discussion,2
landowners,2
prior,2
alter,2
hundred,2
unilinear,2
mutuality,2
west,2
brought,2
through,2
press,2
related,2
yeomanry,2
elite,2
expand,2
against,2
sold,2
largely,2
operated,2
surplus,2
which,2
raising,2
his,2
surrounding,2
regional,2
described,2
argument,2
intensified,2
b,2
same,2
neighbors,2
interest,2
staple,2
mentalite,2
manufacturers,2
christopher,2
consumer,2
characterized,2
hard,2
working,2
individualism,2
debts,2
inequalities,2
outwork,2
appleby,2
emerging,2
several,2
especially,2
dramatic,2
themselves,2
single,2
forms,2
james,2
nan,2
william,2
saw,2
roots,2
engagement,2
quarterly,2
virtue,2
built,2
diversification,2
barter,2
focused,2
increasing,1
garnered,1
periods,1
european,1
carried,1
worldview,1
now,1
privilege,1
sufficiency,1
tasks,1
availability,1
progeny,1
profoundly,1
fueled,1
shipping,1
individualist,1
york,1
myth,1
obligations,1
equality,1
limits,1
no,1
cleared,1
way,1
conflicting,1
testimony,1
sued,1
avoiding,1
concerned,1
kenneth,1
apprentices,1
meaning,1
palm,1
battled,1
indicative,1
stricter,1
gradual,1
stood,1
swapping,1
faced,1
louis,1
broomseed,1
wars,1
comparative,1
expansion,1
alliance,1
limited,1
successes,1
engendered,1
released,1
classic,1
fewer,1
swept,1
struggled,1
debtor,1
attacking,1
nexus,1
hats,1
poor,1
strains,1
reduce,1
prove,1
off,1
poorer,1
yeoman,1
coercive,1
tools,1
order,1
bankruptcy,1
make,1
gristmills,1
expanded,1
sphere,1
landed,1
recalled,1
legal,1
connected,1
connect,1
developments,1
forcing,1
initially,1
grew,1
movement,1
collapsed,1
countries,1
recently,1
shoulders,1
acquisitive,1
transportation,1
possessive,1
republicanism,1
danger,1
analysis,1
white,1
retail,1
worked,1
fall,1
michael,1
formed,1
consequences,1
factors,1
sweeping,1
services,1
anglos,1
confines,1
upcountry,1
disagrees,1
supporting,1
yet,1
rewards,1
types,1
h,1
centuries,1
thought,1
violence,1
rising,1
understand,1
face,1
represents,1
cowboys,1
pp,1
rules,1
requiring,1
subtext,1
older,1
mortgages,1
heaviest,1
country,1
resemble,1
counterparts,1
genocide,1
accommodating,1
technology,1
spirit,1
peones,1
locally,1
addressed,1
govern,1
circumscribed,1
acquired,1
organized,1
earned,1
fertilizer,1
home,1
cornell,1
spoke,1
protracted,1
following,1
diffuse,1
platitudes,1
destroying,1
performed,1
woolen,1
traces,1
transwoodruff,1
generational,1
mexican,1
argued,1
colonists,1
intensification,1
too,1
comparison,1
peoples,1
turning,1
insights,1
four,1
forge,1
tenancy,1
simply,1
democratic,1
ever,1
delta,1
hartz,1
accumulation,1
common,1
first,1
additional,1
textile,1
causality,1
defeated,1
enterprises,1
symbols,1
t,1
sector,1
fill,1
notions,1
investors,1
sources,1
redefine,1
reminds,1
borrow,1
blacksmith,1
every,1
kulikoff,1
provide,1
certainly,1
oppression,1
cycles,1
merrill,1
monied,1
rendered,1
movements,1
entailed,1
researched,1
blackmar,1
attempts,1
symbolized,1
export,1
suggested,1
decades,1
drawing,1
ran,1
conflict,1
view,1
appear,1
dedham,1
similarly,1
destroyers,1
control,1
emerged,1
added,1
paper,1
expressed,1
reciprocal,1
result,1
georgia,1
expanding,1
unifying,1
longer,1
reach,1
foreclosures,1
connection,1
displacement,1
flax,1
opposition,1
seem,1
europe,1
completing,1
skills,1
abilities,1
best,1
xii,1
could,1
lives,1
foods,1
histories,1
appendix,1
together,1
entered,1
yeomen,1
railroad,1
wealthy,1
strength,1
careers,1
current,1
lemon,1
developed,1
fell,1
divergencies,1
forces,1
region,1
fruits,1
served,1
demands,1
her,1
speculation,1
promised,1
chants,1
mississippi,1
privileged,1
launched,1
court,1
cultivation,1
products,1
luxury,1
reproduction,1
away,1
differed,1
eat,1
henretta,1
man,1
ambition,1
there,1
utilized,1
independent,1
suits,1
impressively,1
aspirations,1
petty,1
merely,1
destroyed,1
replaceable,1
embedded,1
behind,1
share,1
kinship,1
drove,1
ideologies,1
proletariat,1
transactions,1
realities,1
manner,1
shown,1
what,1
road,1
administrative,1
johns,1
confined,1
mediated,1
combined,1
establish,1
them,1
allan,1
viewed,1
adults,1
accumulated,1
accounts,1
hides,1
cause,1
excellent,1
imposed,1
despite,1
wealth,1
material,1
ravages,1
focusing,1
agricultural,1
seasonal,1
procedures,1
mesh,1
populist,1
native,1
leaving,1
wide,1
transaction,1
money,1
january,1
shifts,1
hopkins,1
number,1
review,1
demography,1
discontent,1
indian,1
auction,1
because,1
aspects,1
indebtedness,1
failure,1
outstanding,1
colonies,1
having,1
demonstrated,1
becomes,1
basis,1
possible,1
determined,1
accounting,1
understanding,1
machinery,1
supplies,1
middle,1
finished,1
sale,1
adopting,1
montejano,1
tool,1
wheat,1
bear,1
locus,1
slaves,1
future,1
ruled,1
taking,1
watched,1
point,1
city,1
exchanges,1
increase,1
radical,1
dollar,1
collided,1
republic,1
bonds,1
gender,1
concern,1
populism,1
criticized,1
fence,1
reserves,1
arm,1
disagreeing,1
significant,1
traded,1
used,1
manhattan,1
gave,1
mexicans,1
entrepreneurs,1
broader,1
rivers,1
ledgers,1
found,1
perhaps,1
instrumentalist,1
issues,1
colonial,1
morality,1
suppliers,1
records,1
bill,1
definitions,1
gain,1
insure,1
takes,1
questions,1
coming,1
build,1
business,1
sparked,1
divorced,1
motors,1
cities,1
revivals,1
individuals,1
wilentz,1
check,1
outputting,1
fears,1
legislation,1
importantly,1
formations,1
employed,1
relationships,1
tradition,1
spring,1
severe,1
ties,1
development,1
ethical,1
button,1
lands,1
meanings,1
halting,1
constantly,1
imperative,1
demanded,1
conditions,1
farrier,1
essay,1
prices,1
accounted,1
dominated,1
slaveowners,1
agreeing,1
relatively,1
stressed,1
ability,1
held,1
times,1
removal,1
grown,1
finest,1
needed,1
divisions,1
leaf,1
like,1
need,1
so,1
budding,1
rent,1
roads,1
insisted,1
summer,1
workers,1
shaping,1
revolution,1
rooted,1
trail,1
mask,1
arena,1
hat,1
wing,1
geographical,1
hacienda,1
offer,1
earlier,1
tobacco,1
joined,1
black,1
ward,1
homesteaders,1
around,1
life,1
never,1
david,1
perspective,1
few,1
problems,1
janus,1
migration,1
wider,1
internal,1
contrary,1
apart,1
artisan,1
ithaca,1
parallel,1
actions,1
would,1
industry,1
ser,1
sawmills,1
insists,1
young,1
become,1
businesses,1
distinguished,1
texas,1
scholarship,1
commodity,1
witnessed,1
sean,1
wrought,1
individualistic,1
consisted,1
obligation,1
alliances,1
be,1
find,1
profit,1
sharing,1
structure,1
create,1
weight,1
competition,1
self,1
lockridge,1
exceptions,1
department,1
even,1
cattle,1
dependent,1
productivity,1
looked,1
communalism,1
much,1
anger,1
precapitalist,1
whenever,1
north,1
complement,1
industrialization,1
helping,1
simplistic,1
bourgeois,1
newly,1
cooperative,1
reformers,1
productive,1
southeastern,1
generation,1
remnants,1
sole,1
moved,1
competitive,1
businessmen,1
kings,1
invest,1
anglo,1
sobriety,1
looking,1
contoured,1
purchasing,1
