WORDCOUNTS,WEIGHT
the,332
of,199
in,123
and,113
to,83
a,51
that,41
germ,41
health,33
theory,31
is,29
as,28
disease,28
by,27
tomes,26
public,25
on,24
for,24
was,23
history,23
with,21
new,21
germs,20
this,19
from,18
but,18
an,17
it,16
consciousness,16
american,15
gospel,15
she,14
sanitary,14
women,13
s,13
medicine,11
p,11
environmental,10
not,10
more,10
book,10
america,10
social,10
way,9
how,9
home,9
domestic,9
while,9
its,9
our,9
science,8
into,8
first,8
community,8
also,8
were,8
era,8
sanitation,7
notion,7
their,7
important,7
many,7
could,7
aids,7
larger,7
however,7
issues,7
services,7
such,7
be,7
other,6
life,6
about,6
or,6
most,6
are,6
has,6
bacteriology,6
point,6
particles,6
have,6
early,6
those,6
preventive,5
at,5
does,5
americans,5
who,5
over,5
had,5
transmission,5
reviews,5
melosi,5
cause,5
her,5
urban,5
these,5
part,5
through,5
individual,5
sanitarians,5
medical,5
like,5
so,5
century,5
june,5
between,5
much,5
see,5
failed,4
housekeeping,4
scientific,4
they,4
changes,4
studies,4
university,4
only,4
nancy,4
all,4
water,4
idea,4
time,4
there,4
late,4
infection,4
placed,4
because,4
work,4
household,4
waste,4
chapters,4
years,4
reformers,4
living,4
progressive,4
especially,4
fears,4
than,4
generation,4
attention,4
may,3
suellen,3
hoy,3
continued,3
groups,3
negro,3
dangers,3
miasmatic,3
concerns,3
broaden,3
epidemic,3
understand,3
case,3
transformation,3
class,3
methods,3
education,3
addressing,3
when,3
association,3
recounts,3
technology,3
exposure,3
linked,3
same,3
nineteenth,3
municipal,3
changing,3
upper,3
origins,3
questions,3
set,3
ethnic,3
comparison,3
implications,3
diseases,3
nature,3
efforts,3
did,3
believe,3
reform,3
bacteria,3
rich,3
out,3
never,3
link,3
end,3
historical,3
almost,3
men,3
took,3
present,3
focus,3
racial,3
contagionist,3
them,3
less,3
strategies,3
cleanliness,3
focusing,3
existence,3
belief,3
threats,3
primary,3
argues,3
emphasis,3
invisible,3
understanding,3
brought,3
story,3
despite,3
example,3
press,3
became,3
place,3
effectively,3
popular,3
which,3
theories,3
human,3
change,3
would,3
revolution,3
down,3
martin,3
old,3
homes,3
can,3
v,3
views,3
up,3
world,3
city,3
among,3
recent,3
provided,3
newer,2
opposed,2
poor,2
menace,2
domesticity,2
played,2
matter,2
practices,2
dilemma,2
sometimes,2
generated,2
been,2
widely,2
fear,2
epidemics,2
unit,2
process,2
variety,2
context,2
still,2
whited,2
dirt,2
certain,2
movement,2
hold,2
study,2
identify,2
discoveries,2
neighborhoods,2
english,2
means,2
itself,2
lives,2
modern,2
better,2
immigrant,2
meant,2
acceptance,2
laboratory,2
objects,2
us,2
organic,2
environment,2
emergence,2
economics,2
comes,2
sepulchers,2
tuberculosis,2
age,2
themes,2
simply,2
common,2
sewer,2
beyond,2
constructed,2
microbes,2
provide,2
asks,2
victorian,2
fertile,2
mark,2
make,2
humans,2
control,2
epilogue,2
j,2
arrived,2
others,2
fact,2
protoplasm,2
prejudices,2
fundamental,2
beliefs,2
appeared,2
cell,2
developed,2
changed,2
infectious,2
plumbing,2
very,2
d,2
gas,2
within,2
past,2
utilized,2
embrace,2
respects,2
last,2
drinking,2
pure,2
do,2
bulletin,2
crusade,2
what,2
johns,2
protections,2
terms,2
ed,2
answer,2
beale,2
house,2
forthcoming,2
protective,2
crellin,2
hopkins,2
going,2
mass,2
enemies,2
agenda,2
well,2
wastewater,2
chapter,2
suggests,2
some,2
classes,2
correctly,2
discussion,2
middle,2
unseen,2
own,2
made,2
upon,2
eighteenth,2
concept,2
taking,2
challenged,2
along,2
edwin,2
hygiene,2
aside,2
actually,2
cruelty,2
recounting,2
focuses,2
eds,2
used,2
argument,2
three,2
twentieth,2
review,2
course,2
airborne,2
spread,2
states,2
earlier,2
basic,2
emerging,2
shift,2
constitutions,2
perspective,2
several,2
faith,2
needs,2
moved,2
back,2
wider,2
systems,2
k,2
allusion,2
bacteriological,2
become,2
microbe,2
white,2
notes,2
housewives,2
race,2
pasteur,2
major,2
society,2
revolved,1
rift,1
scapegoats,1
chronological,1
flourished,1
will,1
bring,1
decaying,1
f,1
appeal,1
accepting,1
steps,1
dawn,1
i,1
competition,1
weapon,1
ultramicroscopic,1
topic,1
timeless,1
slowed,1
transform,1
role,1
urged,1
york,1
farm,1
added,1
immutably,1
behaviors,1
child,1
essential,1
saga,1
glittering,1
attempts,1
nonetheless,1
communicable,1
elevating,1
various,1
wastes,1
fairly,1
act,1
fell,1
rather,1
sets,1
centerpiece,1
impacts,1
elevate,1
withered,1
institutions,1
garment,1
waning,1
economic,1
contagionism,1
lyme,1
incorrect,1
predictably,1
imagery,1
vision,1
sydenham,1
filtration,1
simplistically,1
war,1
arena,1
testing,1
gender,1
signs,1
created,1
stages,1
program,1
expansion,1
pieces,1
righteous,1
ironically,1
affected,1
inside,1
appreciate,1
classic,1
churned,1
recognizes,1
manly,1
ordinary,1
male,1
doctrine,1
death,1
slow,1
therefore,1
staggering,1
reproducing,1
twain,1
lost,1
players,1
approaches,1
now,1
chasing,1
seen,1
poorer,1
unsanitary,1
ultimate,1
strongly,1
bias,1
introduction,1
period,1
starts,1
antibiotic,1
granted,1
risk,1
pushed,1
after,1
microwave,1
mother,1
sending,1
deals,1
wilson,1
terrain,1
viewed,1
traps,1
travels,1
derived,1
simultaneously,1
extension,1
rationale,1
traveled,1
cultivate,1
represents,1
possessed,1
hippocrates,1
fungal,1
packaging,1
provisions,1
c,1
consuming,1
slices,1
illustrations,1
analysis,1
promoting,1
popularization,1
unknown,1
confronting,1
list,1
united,1
awareness,1
cars,1
animals,1
essentials,1
second,1
space,1
repel,1
humoral,1
broadened,1
risks,1
yet,1
elaboration,1
h,1
untold,1
centuries,1
citizens,1
core,1
thomas,1
alongside,1
modified,1
done,1
opportunities,1
face,1
solutions,1
maureen,1
easily,1
pp,1
ruth,1
read,1
paradigms,1
fermentation,1
singlehandedly,1
finer,1
older,1
thought,1
serve,1
susan,1
smillie,1
joseph,1
counterparts,1
want,1
later,1
evolved,1
albumen,1
biology,1
issue,1
greater,1
linens,1
metaphor,1
center,1
combat,1
sick,1
detail,1
organization,1
supply,1
thesis,1
index,1
koch,1
then,1
lister,1
stereotyped,1
heat,1
excellent,1
resurrect,1
popularizing,1
eventually,1
enterprising,1
thinking,1
infrastructure,1
essence,1
associated,1
before,1
glandular,1
complete,1
director,1
detailing,1
colonial,1
growing,1
limits,1
spontaneously,1
impact,1
dominate,1
apostles,1
tomb,1
series,1
no,1
recycling,1
demonstrates,1
political,1
vol,1
annals,1
territory,1
conjunction,1
pullman,1
advocates,1
spontaneous,1
antisepticonsciousness,1
two,1
touching,1
hotels,1
demonstrate,1
safe,1
extensive,1
begins,1
sanitarianism,1
hearth,1
increasingly,1
array,1
came,1
exposed,1
n,1
powerful,1
phyllis,1
perceptively,1
explaining,1
misery,1
jettison,1
observation,1
useful,1
generally,1
persuasive,1
distracting,1
rings,1
exist,1
superbugs,1
woman,1
goals,1
exploitation,1
successfully,1
connection,1
spring,1
distinguishing,1
nonexistent,1
sustained,1
commandeered,1
subplot,1
houston,1
equated,1
imprecision,1
care,1
helped,1
power,1
stated,1
inflexible,1
principles,1
links,1
culturally,1
toward,1
appliances,1
decades,1
address,1
dimension,1
enters,1
board,1
attempt,1
view,1
pioneering,1
initially,1
promote,1
message,1
thrust,1
amplified,1
kleenex,1
atlanta,1
incomplete,1
hand,1
commonplace,1
england,1
readily,1
tarr,1
palmer,1
americanization,1
proponents,1
restaurants,1
cellophane,1
architecture,1
words,1
root,1
unshakable,1
subject,1
lack,1
kilbourne,1
hippocratic,1
wide,1
attractive,1
phase,1
unfolding,1
individuals,1
scholars,1
twenty,1
merit,1
accommodate,1
found,1
advantage,1
entered,1
argue,1
attending,1
relegating,1
great,1
hutt,1
typical,1
adds,1
cures,1
demonstrations,1
followers,1
synthesis,1
origin,1
foundation,1
effort,1
lived,1
might,1
chadwick,1
thoroughgoing,1
obsessions,1
mind,1
any,1
supplies,1
picks,1
energies,1
john,1
rebirth,1
pass,1
state,1
withering,1
room,1
light,1
contemporary,1
constant,1
number,1
take,1
cities,1
poisonous,1
deemed,1
reuse,1
nevertheless,1
subsequent,1
setting,1
essentially,1
achieved,1
base,1
advocacy,1
serious,1
really,1
works,1
degraded,1
transmitter,1
putrefaction,1
transcended,1
turned,1
cup,1
outside,1
improving,1
further,1
riddled,1
promoted,1
concepts,1
everyday,1
heirs,1
robert,1
healthy,1
understood,1
putrefying,1
according,1
shifting,1
communities,1
china,1
rituals,1
manner,1
rests,1
inmates,1
discussing,1
ogle,1
touted,1
reaffirms,1
sentimental,1
landscape,1
nye,1
condemning,1
reexamination,1
confined,1
march,1
citizenry,1
worldwide,1
accepted,1
afforded,1
receptive,1
implicit,1
whether,1
domestication,1
rose,1
citizenship,1
contracted,1
form,1
ultimately,1
magazines,1
zymosis,1
gilded,1
particular,1
younger,1
side,1
intertwined,1
rewrite,1
denied,1
nascent,1
suspect,1
assumed,1
xiv,1
simplicity,1
mere,1
chronologically,1
weaken,1
explain,1
progressivism,1
whitewashed,1
central,1
virus,1
ears,1
tightly,1
market,1
albeit,1
revived,1
appropriated,1
sought,1
possibility,1
encountered,1
objectives,1
day,1
technical,1
w,1
fountains,1
failure,1
remained,1
shape,1
muchneeded,1
intermediaries,1
information,1
imagine,1
keeping,1
original,1
claiming,1
too,1
infect,1
restoring,1
image,1
standard,1
howard,1
private,1
anthrax,1
microscopic,1
prevailing,1
greatest,1
feminized,1
casual,1
quality,1
literature,1
encounter,1
periodicals,1
disentangle,1
success,1
both,1
easier,1
prevention,1
advancing,1
tool,1
concludes,1
naked,1
organisms,1
intention,1
mothers,1
carry,1
solid,1
microscopist,1
true,1
refining,1
heart,1
clear,1
extending,1
recognition,1
g,1
altered,1
treats,1
combating,1
compelling,1
fungi,1
uncover,1
cleaning,1
introduced,1
sea,1
influential,1
technologies,1
thomson,1
knowledge,1
bibliography,1
suspicion,1
play,1
clearer,1
electrical,1
lays,1
deepening,1
complexities,1
melded,1
louis,1
discussed,1
concern,1
top,1
description,1
tenets,1
highlight,1
step,1
empirical,1
aptly,1
significant,1
whole,1
use,1
food,1
pursuit,1
hyslop,1
institute,1
describe,1
seek,1
ventilation,1
largely,1
tends,1
open,1
transcendent,1
lump,1
joel,1
refined,1
arguments,1
obscured,1
toilets,1
prospective,1
numerous,1
broad,1
families,1
contains,1
allows,1
people,1
harvard,1
bed,1
expertise,1
fine,1
gain,1
being,1
enveloped,1
coming,1
section,1
lifestyle,1
winter,1
maturation,1
thus,1
disposal,1
continue,1
venture,1
luxurious,1
reinforced,1
appreciation,1
come,1
espouse,1
odors,1
search,1
away,1
domesticating,1
schwartz,1
comparable,1
strasser,1
intent,1
employed,1
surely,1
professor,1
cusp,1
tell,1
poynter,1
mattresses,1
filth,1
modernization,1
remaking,1
touch,1
difficulties,1
immediate,1
bacterial,1
xv,1
cambridge,1
worry,1
indeed,1
meanings,1
lionel,1
intensified,1
sensibilities,1
finding,1
against,1
housework,1
importance,1
modem,1
adding,1
conditions,1
permit,1
welcomed,1
bodies,1
observes,1
disguised,1
profession,1
author,1
avoided,1
stranger,1
points,1
earth,1
aware,1
makes,1
good,1
spirit,1
steady,1
offer,1
experts,1
officials,1
gendered,1
david,1
raises,1
kotex,1
enlightenment,1
physician,1
consumer,1
started,1
caused,1
presented,1
field,1
coexistence,1
need,1
regarded,1
assessment,1
ventured,1
duties,1
stage,1
term,1
one,1
doing,1
electrifying,1
held,1
contamination,1
helps,1
disinfection,1
kramer,1
spreading,1
ecology,1
turn,1
eye,1
ironies,1
quite,1
testament,1
adjustment,1
provides,1
event,1
religious,1
developments,1
self,1
forms,1
campaign,1
imagination,1
dialogue,1
repeated,1
small,1
conveniences,1
joint,1
times,1
written,1
sufficient,1
intervention,1
profound,1
include,1
causing,1
article,1
body,1
trying,1
around,1
conduits,1
electricity,1
duffy,1
sink,1
houses,1
meaning,1
recounted,1
single,1
entrepreneurship,1
allowing,1
polio,1
broadening,1
large,1
climate,1
elites,1
began,1
contact,1
topics,1
boundaries,1
outbreaks,1
succeeded,1
excusing,1
potent,1
fourth,1
ebola,1
engages,1
cowan,1
debate,1
secretions,1
pool,1
warned,1
intractability,1
weight,1
visible,1
l,1
progress,1
practice,1
even,1
renewed,1
instance,1
given,1
sin,1
dependent,1
adopted,1
traditional,1
sanitationincluding,1
resistance,1
corresponds,1
figures,1
versus,1
strong,1
assurances,1
technological,1
offers,1
often,1
north,1
pharisees,1
notions,1
listerine,1
district,1
general,1
develop,1
broader,1
emphasizing,1
antituberculosis,1
influence,1
rotten,1
word,1
valuable,1
parlance,1
competed,1
unfortunate,1
growth,1
bolstered,1
ment,1
victim,1
argumelosi,1
casts,1
examines,1
conjure,1
breakthroughs,1
deterioration,1
separate,1
sources,1
thorough,1
hypothesis,1
