WORDCOUNTS,WEIGHT
the,170
of,154
and,73
to,70
in,63
a,45
that,38
as,36
richards,34
is,30
political,23
theory,23
constitutional,19
on,19
history,18
for,18
it,17
american,16
s,16
amendments,16
this,16
reconstruction,15
by,14
not,13
constitution,13
rights,12
reason,12
p,12
constitutionalism,12
philosophy,11
right,11
moral,11
be,11
historical,10
human,10
he,9
with,9
interpretation,9
conscience,9
public,9
they,8
law,8
justice,8
his,7
from,7
nature,7
philosophical,7
which,7
what,6
must,6
most,6
principles,6
toleration,6
philosophic,6
an,6
abolitionists,5
kantian,5
belz,5
john,5
basis,5
civil,5
revolution,5
slavery,4
legal,4
more,4
all,4
based,4
guarantees,4
contemporary,4
war,4
necessary,4
has,4
historians,4
politics,4
understanding,4
part,4
morality,4
argument,4
such,4
have,4
national,4
their,4
may,3
if,3
economic,3
practical,3
revolutionary,3
institutions,3
contrast,3
community,3
reflection,3
one,3
life,3
study,3
analysis,3
respect,3
spirit,3
university,3
protection,3
was,3
or,3
general,3
thinking,3
liberty,3
but,3
experience,3
democratic,3
adopt,3
view,3
are,3
transcendental,3
government,3
new,3
cassirer,3
understood,3
equal,3
reviews,3
terms,3
however,3
because,3
account,3
makers,3
abolitionist,3
goods,3
its,3
expression,3
issues,3
people,3
argues,3
sense,3
order,3
continuous,3
should,3
appeal,2
courts,2
does,2
republican,2
states,2
second,2
doubts,2
equality,2
way,2
meaning,2
action,2
commentary,2
generations,2
how,2
reasonable,2
basic,2
becomes,2
who,2
seen,2
judgment,2
understand,2
needed,2
significant,2
herman,2
intellectual,2
hierarchical,2
determination,2
majoritarian,2
pp,2
acquisition,2
freedom,2
consider,2
into,2
welfare,2
princeton,2
common,2
consistent,2
only,2
social,2
rather,2
power,2
know,2
methodology,2
articulate,2
principle,2
rational,2
each,2
j,2
historiography,2
deliberative,2
december,2
fundamental,2
best,2
abstract,2
essence,2
speech,2
choice,2
normative,2
asserting,2
clause,2
liberal,2
free,2
confers,2
state,2
do,2
ground,2
theodore,2
existing,2
them,2
persons,2
making,2
employs,2
particular,2
governing,2
rationality,2
ideal,2
possible,2
egalitarian,2
made,2
level,2
values,2
example,2
knowledge,2
press,2
nation,2
concern,2
empirical,2
identifies,2
use,2
substance,2
says,2
egalitarianism,2
thus,2
our,2
were,2
historically,2
status,2
ethical,2
against,2
legitimacy,2
crisis,2
david,2
prudential,2
provides,2
madison,2
perspective,2
document,2
although,2
become,2
scholarship,2
james,2
when,2
world,2
we,2
than,2
taylor,2
beings,2
value,2
evidence,2
according,2
society,2
judiciary,2
at,1
prescribed,1
immunities,1
fails,1
resolve,1
posited,1
seems,1
will,1
democracy,1
failed,1
contributes,1
antithetical,1
kant,1
therefore,1
communities,1
abolition,1
led,1
relationship,1
role,1
americans,1
faculties,1
realistic,1
whose,1
locke,1
saw,1
holds,1
due,1
protecting,1
humankind,1
solid,1
conflicting,1
bringing,1
act,1
science,1
contingent,1
aim,1
later,1
links,1
bring,1
leading,1
majorities,1
developed,1
centering,1
toward,1
enables,1
comparative,1
fear,1
furthermore,1
play,1
iowa,1
explicates,1
appreciation,1
explicit,1
exainple,1
levels,1
recognizes,1
college,1
ordinary,1
legitimate,1
arrive,1
capture,1
referred,1
comparable,1
hard,1
sensitive,1
conceptions,1
espect,1
polemical,1
assumptions,1
ordering,1
starts,1
thinkers,1
make,1
returned,1
notably,1
persistent,1
rigor,1
oddly,1
republic,1
wilson,1
importance,1
recognize,1
movement,1
derived,1
cultivate,1
integrity,1
makes,1
parker,1
hypergood,1
putative,1
convictions,1
about,1
productive,1
inferior,1
nationalization,1
formed,1
thinker,1
space,1
performs,1
true,1
decadence,1
support,1
webster,1
thomas,1
means,1
studies,1
cryptic,1
appendixes,1
sound,1
modern,1
grounded,1
pressures,1
park,1
notwithstanding,1
joseph,1
sounds,1
meant,1
seeing,1
under,1
give,1
acceptance,1
ambitious,1
us,1
position,1
index,1
imposing,1
recurrence,1
contained,1
behavior,1
clearly,1
light,1
complete,1
just,1
culture,1
inductively,1
elevated,1
idealist,1
limits,1
nineteenth,1
result,1
field,1
conclusion,1
source,1
chief,1
bayle,1
experiment,1
humane,1
inalienable,1
character,1
reasonably,1
these,1
founded,1
negative,1
department,1
regulated,1
constituted,1
proclivities,1
enforce,1
resource,1
first,1
appears,1
rise,1
maintained,1
passion,1
beyond,1
fairly,1
objects,1
framers,1
regime,1
philosophers,1
sources,1
tries,1
every,1
awakened,1
caroline,1
requires,1
text,1
also,1
appealing,1
transcendentalists,1
concerns,1
inventive,1
founding,1
deserves,1
disappointing,1
stated,1
enforceable,1
rationalism,1
important,1
dwight,1
concentrated,1
providing,1
purely,1
protestant,1
dimension,1
natural,1
over,1
conceived,1
dependency,1
put,1
asserts,1
introducing,1
addition,1
sure,1
advanced,1
many,1
observance,1
avers,1
had,1
analytical,1
expressed,1
signified,1
uses,1
standards,1
definition,1
my,1
novel,1
shows,1
transvaluation,1
shaped,1
book,1
believe,1
conduct,1
clothed,1
xii,1
contextual,1
lives,1
short,1
entitlements,1
rule,1
found,1
half,1
speeches,1
called,1
invigorated,1
vision,1
reform,1
model,1
validated,1
ideological,1
reasoning,1
classical,1
able,1
far,1
allowing,1
personality,1
declares,1
contends,1
insisting,1
survey,1
evolving,1
i,1
succeeding,1
brings,1
ambition,1
there,1
c,1
feature,1
judging,1
type,1
advances,1
other,1
forms,1
glory,1
mind,1
applying,1
justify,1
concepts,1
channing,1
fame,1
immanuel,1
rep,1
william,1
exactly,1
wit,1
realities,1
manner,1
discipline,1
reading,1
somewhat,1
transposed,1
discussing,1
hostility,1
johns,1
obscures,1
affirm,1
purposes,1
daniel,1
poses,1
soundly,1
implicit,1
viewed,1
reorient,1
form,1
see,1
system,1
inquiry,1
cannot,1
theoretical,1
maryland,1
deliberations,1
applied,1
abraham,1
issue,1
well,1
duties,1
practice,1
forum,1
focusing,1
kantians,1
produced,1
perhaps,1
judicial,1
writes,1
philosopher,1
required,1
rawls,1
tie,1
consisting,1
task,1
highminded,1
accordance,1
prudence,1
hopkins,1
bases,1
expressions,1
eliminate,1
criteria,1
version,1
discuss,1
bureaucratic,1
great,1
calhoun,1
plane,1
interpreted,1
property,1
original,1
apprehend,1
unequal,1
demands,1
quincy,1
credit,1
r,1
logical,1
reveals,1
revealed,1
used,1
strand,1
patriotism,1
discussion,1
work,1
revivifies,1
vaguely,1
appreciate,1
scope,1
intent,1
apprehension,1
powers,1
bodies,1
bibliography,1
completed,1
insight,1
writing,1
scheme,1
prohibition,1
lieber,1
circumstances,1
limitations,1
claim,1
clear,1
writings,1
psychological,1
fosters,1
interdisciplinary,1
point,1
including,1
competing,1
fundamentally,1
ingenious,1
calls,1
courses,1
related,1
goes,1
duty,1
giving,1
himself,1
identity,1
consent,1
interest,1
compulsive,1
minimum,1
helpful,1
denies,1
enduring,1
dignity,1
measure,1
gave,1
treatise,1
contribute,1
fit,1
concept,1
arguments,1
proper,1
francis,1
superior,1
privileges,1
constitute,1
framework,1
allows,1
twin,1
dworkin,1
exist,1
actually,1
structures,1
faculty,1
recovered,1
ends,1
goal,1
divorced,1
nothing,1
chapters,1
amendment,1
redistributive,1
instrument,1
personal,1
raising,1
sees,1
ronald,1
actual,1
question,1
idealism,1
systematic,1
project,1
theme,1
extravagant,1
low,1
quality,1
indeed,1
accepts,1
professor,1
challenging,1
three,1
quest,1
approach,1
consult,1
introduces,1
assumes,1
comprehensive,1
express,1
inadequate,1
soaring,1
author,1
sustain,1
motives,1
explanation,1
united,1
evils,1
good,1
whereby,1
wish,1
deliberation,1
revolutionize,1
offer,1
move,1
mixed,1
individual,1
construct,1
raises,1
afford,1
describing,1
adams,1
fulfilled,1
revised,1
democratically,1
period,1
so,1
questionable,1
unified,1
theoretic,1
things,1
bear,1
reconstructed,1
tested,1
century,1
ernst,1
countrymen,1
learning,1
administrative,1
kind,1
defined,1
seeks,1
weld,1
imposition,1
obligatory,1
after,1
thing,1
pluralistic,1
typology,1
elements,1
shift,1
openended,1
better,1
imagination,1
reluctance,1
inscribed,1
underlying,1
autonomy,1
responsibilities,1
morally,1
winter,1
sufficient,1
charles,1
enough,1
brightness,1
pierre,1
jefferson,1
choose,1
highest,1
incapable,1
between,1
serving,1
six,1
clarify,1
themselves,1
exercise,1
sensible,1
fullest,1
interpretations,1
rejection,1
deliberate,1
effect,1
criterion,1
powerfully,1
debate,1
clever,1
like,1
condemned,1
thirteenth,1
maximum,1
comfortably,1
within,1
even,1
analyze,1
necessity,1
story,1
traditional,1
ascribe,1
selfishness,1
much,1
principal,1
strong,1
lockean,1
recent,1
observed,1
deliberatively,1
responsibility,1
building,1
ellery,1
broader,1
meeting,1
lincoln,1
finds,1
generation,1
irrationalism,1
resurrectional,1
