WORDCOUNTS,WEIGHT
the,495
of,337
and,204
in,181
to,159
a,141
rawick,127
s,87
black,69
that,68
as,62
history,59
for,56
on,50
american,49
slave,49
slavery,47
he,44
p,42
james,42
from,42
his,38
was,36
this,36
with,36
by,33
an,30
sundown,30
culture,28
genovese,26
which,26
their,25
had,23
new,23
work,22
its,22
slaves,22
community,21
pp,21
george,20
it,19
revolutionary,19
but,19
historical,19
book,18
interviews,18
class,18
not,18
c,18
fwp,17
is,16
l,15
r,15
working,15
elkins,15
roll,14
life,14
at,13
struggle,13
politics,13
white,13
left,13
negro,13
be,13
sunup,12
movement,12
all,11
nationalism,11
has,11
racism,11
own,11
social,11
roediger,11
only,11
see,11
america,10
review,10
journal,10
most,10
out,10
cultural,10
or,10
david,10
when,10
african,10
lichtenstein,9
aptheker,9
reviews,9
both,9
roots,9
liberation,9
indeed,9
about,9
published,9
eds,9
have,9
d,9
into,8
no,8
civil,8
family,8
study,8
southern,8
more,8
essay,8
would,8
december,8
race,8
if,7
introduction,7
studies,7
experience,7
political,7
buhle,7
than,7
university,7
part,7
legacy,7
socialist,7
jordan,7
paul,7
claimed,7
who,7
eugene,7
did,7
themselves,7
former,6
historiography,6
tradition,6
found,6
some,6
labor,6
development,6
developed,6
represented,6
suggested,6
came,6
radical,6
late,6
war,6
during,6
le,6
notes,6
curti,6
ed,6
two,6
also,6
scholars,6
whiteness,6
blanc,6
workers,6
interview,6
historians,6
theory,6
abolitionism,6
evidence,6
between,6
within,6
one,5
first,5
human,5
wrote,5
take,5
papers,5
key,5
himself,5
against,5
author,5
marxism,5
perspective,5
even,5
master,5
york,5
rather,5
after,5
grew,5
pages,5
consciousness,5
could,5
abolitionist,5
up,5
resistance,5
society,5
brief,5
narratives,5
other,5
power,5
toward,5
anthropologist,5
remained,5
instead,5
relationship,5
been,5
material,5
are,5
u,5
nationalist,5
sociology,5
merle,5
years,5
blacks,5
marxist,5
should,5
later,4
they,4
sources,4
long,4
capitalist,4
nevertheless,4
there,4
state,4
mass,4
account,4
whites,4
collection,4
central,4
such,4
relations,4
vanguard,4
old,4
critique,4
rights,4
americans,4
quarters,4
view,4
effort,4
international,4
claim,4
london,4
emancipation,4
kelley,4
project,4
quite,4
autonomy,4
provided,4
will,4
communist,4
revolt,4
initially,4
robin,4
thesis,4
wisconsin,4
party,4
many,4
herbert,4
appeared,4
personality,4
forms,4
everyday,4
time,4
upon,4
ideas,4
profession,4
so,4
him,4
blassingame,4
can,4
concluded,4
contribution,4
any,4
historian,4
here,4
past,4
scholarship,4
unique,4
woodward,4
freedom,4
potential,4
documentary,4
college,3
essays,3
decade,3
reprinted,3
mclemee,3
sectarian,3
somewhat,3
autonomous,3
april,3
insight,3
forged,3
price,3
february,3
back,3
young,3
stanley,3
critics,3
ohal,3
how,3
shell,3
wages,3
impact,3
exploitation,3
footnote,3
conflicts,3
understood,3
however,3
glaberman,3
people,3
historiographic,3
either,3
small,3
few,3
world,3
socialism,3
south,3
second,3
hegemony,3
still,3
single,3
yet,3
interpretation,3
thought,3
under,3
these,3
others,3
idea,3
marxian,3
john,3
took,3
do,3
books,3
free,3
encounter,3
made,3
identity,3
were,3
dismissed,3
rejected,3
three,3
reality,3
publication,3
reviewers,3
martin,3
structure,3
capitalism,3
today,3
window,3
began,3
often,3
united,3
interpretive,3
itself,3
dubois,3
associated,3
following,3
contradiction,3
simply,3
facing,3
followers,3
very,3
pathological,3
emphasis,3
popular,3
little,3
cp,3
although,3
moynihan,3
states,3
madison,3
remains,3
early,3
develop,3
focus,3
much,3
among,3
recent,3
built,3
now,2
abolition,2
helped,2
way,2
heroic,2
meaning,2
extreme,2
worthy,2
red,2
e,2
berlin,2
complex,2
infantilized,2
monteith,2
paternalistic,2
committee,2
laid,2
behavior,2
monograph,2
flaws,2
source,2
turning,2
abolitionists,2
give,2
generated,2
worked,2
nature,2
paternalism,2
words,2
broadly,2
great,2
reasons,2
differences,2
narrative,2
onto,2
religion,2
mind,2
respond,2
those,2
racial,2
system,2
nowhere,2
takes,2
assertions,2
formulation,2
sought,2
reaction,2
richard,2
west,2
say,2
sambo,2
consequent,2
ignores,2
conception,2
dynamic,2
hegel,2
thus,2
chapters,2
dependence,2
inner,2
accommodation,2
since,2
g,2
group,2
noel,2
interest,2
center,2
relatively,2
insisted,2
rooted,2
admitted,2
rejecting,2
positive,2
response,2
weight,2
ira,2
vincent,2
consequently,2
look,2
generation,2
influence,2
interesting,2
wshs,2
testimony,2
bring,2
portrayed,2
process,2
approaches,2
similar,2
derived,2
direct,2
contributions,2
slaveholders,2
lay,2
front,2
proclaimed,2
support,2
insistence,2
freedmen,2
reconceptualization,2
revolutionaries,2
emergence,2
elsewhere,2
w,2
follow,2
exslaves,2
oppression,2
negroes,2
important,2
detroit,2
sixties,2
contention,2
based,2
lead,2
accommodated,2
begun,2
called,2
term,2
companion,2
furthermore,2
though,2
appears,2
produced,2
applied,2
required,2
opposition,2
wayne,2
memory,2
because,2
failure,2
shape,2
having,2
journals,2
obscure,2
industrial,2
drew,2
example,2
editorial,2
fruitful,2
et,2
forces,2
sterling,2
sense,2
composite,2
shaping,2
unsupported,2
emerging,2
enslaved,2
june,2
traitor,2
research,2
essentially,2
moved,2
lend,2
critical,2
may,2
economic,2
vols,2
reconstruction,2
once,2
sweeping,2
fair,2
revisiting,2
inspiration,2
us,2
nat,2
al,2
insights,2
department,2
noted,2
useful,2
critiques,2
remarked,2
really,2
contemporary,2
ignatiev,2
never,2
conclusions,2
enough,2
present,2
where,2
practice,2
spring,2
perhaps,2
notion,2
autobiography,2
extended,2
examples,2
background,2
values,2
trajectory,2
lecture,2
expression,2
approach,2
full,2
i,2
theoretical,2
students,2
clear,2
gambino,2
dominated,2
peter,2
spawned,2
like,2
revised,2
inspired,2
saw,2
we,2
tendency,2
harding,2
proletariat,2
stuckey,2
controversial,2
outright,2
attention,2
separate,2
european,2
alex,2
reviewer,2
independent,2
movements,2
abject,2
ironically,2
primarily,2
becomes,2
lawrence,2
volumes,2
why,2
analysis,2
centuries,2
articles,2
confessed,2
grasping,2
neglected,2
blackface,2
seriously,2
ceaseless,2
set,2
gilmore,2
know,2
intellectual,2
refused,2
illuminate,2
rudwick,2
stalinism,2
meier,2
job,2
placing,2
masters,2
merely,2
believed,2
according,2
what,2
them,2
form,2
making,2
accounts,2
rebellion,2
problem,2
while,2
foundations,2
almost,2
don,2
felt,2
circumstances,2
trotskyist,2
recognition,2
given,2
through,2
decisive,2
comrade,2
press,2
became,2
role,2
november,2
subject,2
minstrelsy,2
come,2
question,2
powerful,2
youth,2
argument,2
difference,2
reveals,2
vann,2
finding,2
paradigm,2
conditions,2
national,2
finally,2
offer,2
need,2
you,2
offered,2
rejection,2
entire,2
asked,2
major,2
final,1
gutman,1
democracy,1
syndicalism,1
totalistic,1
does,1
margins,1
done,1
validation,1
deny,1
generalization,1
common,1
ambivalence,1
nihilistic,1
anticolonialist,1
ejected,1
slaveowners,1
commentary,1
antiracism,1
stood,1
scholar,1
scornfully,1
created,1
commitment,1
praised,1
represent,1
engendered,1
deserve,1
elliot,1
intriguing,1
alone,1
notably,1
pushed,1
defenses,1
forcing,1
paradoxically,1
becoming,1
reflection,1
discover,1
achievements,1
fate,1
designed,1
symbolize,1
conducting,1
chauvinism,1
formed,1
library,1
unveil,1
uniquely,1
true,1
ways,1
remnants,1
completely,1
coalition,1
walker,1
sozialgeschicte,1
convict,1
easily,1
conscious,1
douglass,1
dressing,1
barricades,1
trace,1
position,1
gerth,1
organic,1
unlike,1
habits,1
overturning,1
economicsocial,1
antebellum,1
interpretative,1
something,1
arguing,1
realms,1
annals,1
theft,1
qualification,1
myriad,1
file,1
organically,1
cast,1
else,1
t,1
leon,1
wrong,1
stalinist,1
embraced,1
supposedly,1
repeatedly,1
voices,1
derives,1
loathing,1
nonrepressive,1
exaggerated,1
quoting,1
aftermath,1
implications,1
chaos,1
taken,1
rested,1
motor,1
might,1
attempt,1
incongruously,1
allow,1
absurd,1
emerged,1
advanced,1
supplied,1
georgia,1
available,1
leading,1
secondary,1
ahr,1
uneasy,1
suggesting,1
together,1
confusion,1
potentially,1
blind,1
rich,1
normative,1
achievement,1
xiii,1
substantive,1
quintessential,1
immune,1
room,1
resulting,1
subsequent,1
help,1
xx,1
foolishly,1
embrace,1
last,1
fullest,1
influences,1
robert,1
opposite,1
slavish,1
wage,1
reading,1
johns,1
context,1
rethinking,1
backlash,1
similarities,1
inquiry,1
british,1
case,1
issue,1
appreciate,1
victimology,1
hell,1
sophisticated,1
clarence,1
pigeonhole,1
capacity,1
misreading,1
victims,1
chapter,1
vol,1
opened,1
braking,1
installment,1
capable,1
dismantling,1
marked,1
compelling,1
activity,1
illustrate,1
paucity,1
adopting,1
solely,1
october,1
obvious,1
whatever,1
taking,1
doctrinal,1
radicals,1
conceptual,1
far,1
household,1
realistic,1
bottom,1
along,1
uninviting,1
facto,1
sketched,1
engage,1
stress,1
tamiment,1
succeed,1
avenues,1
segregation,1
complained,1
victim,1
denying,1
selves,1
relationships,1
historically,1
spectrum,1
disjunctures,1
embryonic,1
september,1
personalities,1
transformative,1
characteristic,1
regarded,1
ability,1
supremacy,1
expected,1
arena,1
kind,1
weaknesses,1
turn,1
unity,1
rank,1
distinct,1
elements,1
nor,1
self,1
evident,1
times,1
feldstein,1
convincing,1
contrary,1
bloody,1
deromanticizing,1
serving,1
classconsciousness,1
flawed,1
provisional,1
compared,1
amalgam,1
kinship,1
third,1
bag,1
publications,1
died,1
explore,1
leftists,1
demonstration,1
precapitalist,1
traditions,1
handful,1
acknowledge,1
bothered,1
paste,1
longing,1
exponents,1
crow,1
litwack,1
failed,1
surprisingly,1
civilization,1
opposed,1
ferrucino,1
eakins,1
profoundly,1
fitz,1
folder,1
sizing,1
whose,1
adjunct,1
without,1
predicted,1
brutalised,1
programmatic,1
camp,1
garvey,1
federal,1
magisterial,1
activists,1
sort,1
influential,1
misinterprets,1
obituary,1
repudiation,1
remote,1
levine,1
deliberately,1
proportion,1
eight,1
thing,1
expelled,1
importance,1
leave,1
benjamin,1
dialogue,1
echoed,1
scattered,1
moreover,1
gathering,1
unfavorably,1
means,1
modified,1
romantic,1
monumental,1
wanted,1
praise,1
forget,1
needless,1
organization,1
river,1
excoriated,1
clearly,1
proved,1
edition,1
articulated,1
weinstein,1
argued,1
vitality,1
too,1
accumulating,1
age,1
socialists,1
oppressive,1
democratic,1
monographic,1
longed,1
storm,1
undeveloped,1
followed,1
idealized,1
consequence,1
problems,1
puts,1
shifted,1
dominant,1
reevaluating,1
weighed,1
m,1
decades,1
drawing,1
cut,1
molds,1
oblique,1
ineffectual,1
raw,1
opening,1
expressed,1
arrived,1
skewed,1
destructiveness,1
my,1
acceptable,1
laziness,1
path,1
unanimous,1
testimonies,1
alienation,1
declined,1
societies,1
unorganized,1
conservative,1
hands,1
search,1
deal,1
rebuttal,1
criticisms,1
events,1
carolina,1
telescoped,1
worker,1
insisting,1
unsubstantiated,1
captured,1
vigorous,1
philosophical,1
struggles,1
base,1
mined,1
phenomenology,1
clr,1
accurately,1
share,1
further,1
intervening,1
syncretism,1
prompt,1
traced,1
focused,1
buried,1
twice,1
afforded,1
tools,1
recently,1
intertwined,1
record,1
dialectic,1
wellspring,1
taught,1
method,1
enslavement,1
january,1
hopkins,1
sparse,1
receive,1
aspects,1
jim,1
well,1
commitments,1
tack,1
directly,1
participation,1
distinctiveness,1
mobilization,1
distinguish,1
line,1
justly,1
publish,1
nucleus,1
dyad,1
strengths,1
detract,1
epiphany,1
boldness,1
writers,1
reader,1
future,1
prominent,1
explains,1
training,1
esp,1
related,1
comment,1
multiplied,1
penetrating,1
precondition,1
year,1
precipitated,1
genuine,1
gave,1
hillegas,1
older,1
place,1
intensifies,1
warranted,1
thereafter,1
winter,1
finished,1
cry,1
accord,1
formations,1
unoriginal,1
astute,1
visions,1
wildcat,1
lipsitz,1
attributed,1
sprang,1
encounters,1
relentless,1
sic,1
citing,1
supplying,1
sds,1
drivel,1
closing,1
restatement,1
viable,1
describing,1
field,1
love,1
suggest,1
abjure,1
coupled,1
protest,1
box,1
nonheroic,1
destiny,1
wrestling,1
sixty,1
heart,1
event,1
reappraisals,1
several,1
highly,1
kolchin,1
trotskyite,1
crystallization,1
breaking,1
shadows,1
distinguished,1
deviant,1
weapons,1
telling,1
potent,1
philip,1
credible,1
feebly,1
clever,1
vein,1
always,1
overemphasized,1
visible,1
generally,1
descendants,1
scott,1
st,1
proletarians,1
gravitated,1
transmuted,1
resignation,1
florida,1
value,1
auto,1
massive,1
syndicalist,1
infantilism,1
subsequently,1
appeal,1
garnered,1
cite,1
transforming,1
kindness,1
originally,1
led,1
republic,1
equality,1
matter,1
practices,1
various,1
ken,1
buttress,1
irish,1
identified,1
indicative,1
short,1
synthesis,1
acquaint,1
comparative,1
receptive,1
classic,1
forward,1
islands,1
nearly,1
female,1
fastened,1
object,1
innocently,1
oppressed,1
fogel,1
july,1
sect,1
interactions,1
veins,1
experiences,1
standing,1
unquestioningly,1
religious,1
ipso,1
confounded,1
fruition,1
wake,1
fanon,1
represents,1
read,1
masterwork,1
fights,1
serve,1
morgan,1
raise,1
light,1
grimshaw,1
complete,1
same,1
deportation,1
dialectical,1
floor,1
indian,1
tricks,1
provocative,1
increasingly,1
speaking,1
rise,1
exit,1
sinner,1
meets,1
picture,1
act,1
volume,1
worst,1
actually,1
organizations,1
oral,1
commodification,1
frederick,1
factory,1
strike,1
fell,1
again,1
pointed,1
misusing,1
put,1
addition,1
towards,1
projects,1
complementary,1
lengthy,1
fact,1
longer,1
admit,1
consideration,1
turner,1
treatment,1
overwhelming,1
head,1
pressure,1
documents,1
ought,1
dysfunctional,1
inevitably,1
impromptu,1
educated,1
daily,1
larger,1
forging,1
reductionist,1
doubt,1
fashion,1
functionally,1
man,1
discussed,1
utilize,1
serious,1
reformed,1
puzzling,1
patterns,1
ripley,1
racist,1
hand,1
blackness,1
commissars,1
corps,1
begin,1
iconoclast,1
disaffection,1
systematic,1
creature,1
revolts,1
validity,1
folklore,1
existing,1
empire,1
accepted,1
seventeenth,1
supp,1
celebrated,1
glimpsing,1
shown,1
less,1
answer,1
dance,1
deep,1
turnaround,1
uneasily,1
resigned,1
belief,1
installments,1
impoverished,1
distance,1
slaveholder,1
instigated,1
number,1
explicitly,1
reminds,1
reordering,1
fundamentally,1
status,1
credit,1
behaviors,1
ignored,1
exploring,1
discussion,1
coherent,1
beneficient,1
degenerated,1
apogee,1
thanks,1
explanation,1
stuck,1
eighteenth,1
bear,1
writings,1
dispatch,1
enormous,1
previously,1
louis,1
europeans,1
significant,1
bondage,1
virtually,1
congress,1
shorn,1
catalyst,1
questions,1
pamphlets,1
merit,1
previous,1
bifurcation,1
reinforcing,1
connected,1
dating,1
fused,1
wrestle,1
versions,1
open,1
significance,1
explorations,1
provoked,1
historic,1
modem,1
b,1
comprehensive,1
logic,1
august,1
general,1
defense,1
defensive,1
characterized,1
perverse,1
interlocutors,1
fellow,1
features,1
division,1
shortly,1
accurate,1
earlier,1
conversation,1
uncompromising,1
latter,1
imagination,1
spent,1
sojourn,1
faith,1
especially,1
discarded,1
outside,1
internal,1
article,1
realm,1
rectify,1
correct,1
become,1
relation,1
trouble,1
interpretations,1
assessing,1
overcome,1
respectively,1
shallow,1
improbable,1
claiming,1
implication,1
analyze,1
unqualified,1
equivalent,1
biographer,1
prohibitive,1
professional,1
counterculture,1
deleon,1
adviser,1
examines,1
visit,1
implicitly,1
discipline,1
diametrically,1
suggestion,1
me,1
dual,1
perry,1
transformations,1
oakes,1
lot,1
science,1
sometimes,1
figure,1
chance,1
vision,1
naturally,1
ideology,1
selections,1
program,1
inside,1
widespread,1
substitution,1
attacking,1
referred,1
concluding,1
soul,1
effectively,1
transformation,1
recognize,1
counterpoised,1
traveled,1
miami,1
introductory,1
casually,1
expectations,1
lott,1
fall,1
prolegomenon,1
education,1
fields,1
face,1
vvith,1
conservation,1
immensely,1
meant,1
evaluation,1
increased,1
dissertation,1
magnitude,1
shadow,1
eventually,1
preface,1
series,1
conclusion,1
exemplified,1
version,1
peoples,1
must,1
mistook,1
demonstrate,1
constituted,1
ever,1
reinforced,1
extension,1
willingness,1
resurrect,1
appealing,1
alternative,1
integrative,1
objectively,1
wellknown,1
mutually,1
image,1
readily,1
shares,1
different,1
abandonment,1
folk,1
contained,1
connection,1
seem,1
partisans,1
capital,1
ivory,1
alexander,1
deprivation,1
down,1
ph,1
regard,1
report,1
post,1
then,1
contradictory,1
obviously,1
speculation,1
written,1
audience,1
cultivation,1
applauded,1
disputes,1
quoted,1
passage,1
works,1
yearning,1
living,1
assessment,1
plantation,1
places,1
subordinate,1
counterproductive,1
dismissal,1
exorcise,1
scholarly,1
unveils,1
economy,1
march,1
whether,1
tended,1
selected,1
want,1
particular,1
independently,1
attitudes,1
statement,1
mere,1
sociologist,1
firmly,1
understandably,1
getting,1
bitterly,1
brilliant,1
require,1
jacobins,1
absurdly,1
rationality,1
property,1
influenced,1
anna,1
civilian,1
selfunderstanding,1
des,1
debaucheries,1
burden,1
league,1
radically,1
apparatus,1
presented,1
awkwardly,1
portraying,1
logical,1
four,1
met,1
sea,1
city,1
preferable,1
despite,1
content,1
easy,1
charge,1
unrealistic,1
bourgeois,1
intended,1
administration,1
assumptions,1
everywhere,1
went,1
rationale,1
adapted,1
nod,1
revolutionism,1
rebels,1
using,1
writing,1
neglect,1
construed,1
jan,1
sparked,1
cruelty,1
prepared,1
analogy,1
saxton,1
eric,1
belated,1
frantz,1
formation,1
devoted,1
ultimately,1
radicalism,1
score,1
generate,1
institutional,1
washington,1
accept,1
publishing,1
typescript,1
sat,1
documentation,1
revolutionize,1
applicable,1
botkin,1
americas,1
include,1
typically,1
usa,1
green,1
inherent,1
product,1
phone,1
already,1
piece,1
playing,1
attempted,1
area,1
sexuality,1
slighted,1
speak,1
definitive,1
practiced,1
foregrounding,1
dissent,1
observation,1
specific,1
privileging,1
hans,1
ser,1
close,1
autodidact,1
jahrhunderts,1
charged,1
reached,1
views,1
reconsideration,1
corral,1
sheer,1
abandoned,1
facile,1
north,1
observed,1
undigested,1
cross,1
building,1
deficiency,1
roles,1
groundbreaking,1
portrait,1
bury,1
retrospect,1
