WORDCOUNTS,WEIGHT
the,177
of,98
and,79
in,69
to,51
a,37
that,34
regulation,27
for,25
at,24
was,23
deregulation,20
is,19
american,18
vietor,18
by,17
as,16
s,14
business,12
changes,11
firm,11
it,10
economic,10
history,10
change,10
on,10
his,9
from,9
political,9
service,8
competition,8
with,8
regulated,8
other,8
banks,8
system,8
firms,8
this,8
have,8
t,8
not,7
market,7
one,7
about,7
but,7
are,7
its,7
were,7
industry,7
story,7
will,6
sometimes,6
pressures,6
under,6
policy,6
or,6
more,6
had,6
book,6
new,6
gas,6
economy,6
case,6
public,6
some,6
recent,6
airlines,6
after,6
they,5
their,5
k,5
result,5
most,5
social,5
also,5
natural,5
government,5
future,5
largest,5
which,5
kerr,5
times,5
so,5
did,5
response,5
much,5
an,5
he,4
began,4
all,4
university,4
occurred,4
first,4
only,4
important,4
bankamerica,4
stories,4
down,4
time,4
i,4
there,4
never,4
may,4
el,4
paso,4
work,4
wrenching,4
during,4
services,4
inflation,4
prices,4
individual,4
high,4
structure,4
operating,4
industries,3
situation,3
whose,3
costs,3
telephone,3
class,3
americans,3
security,3
wages,3
school,3
management,3
then,3
too,3
four,3
here,3
strategy,3
decades,3
each,3
longer,3
scholars,3
forces,3
out,3
deal,3
within,3
great,3
readers,3
what,3
reviews,3
energy,3
however,3
historians,3
distance,3
because,3
local,3
prior,3
middle,3
part,3
very,3
explains,3
press,3
focus,3
harvard,3
tell,3
language,3
author,3
least,3
price,3
nor,3
long,3
depression,3
become,3
banking,3
even,3
world,3
higher,2
became,2
transportation,2
no,2
if,2
program,2
wonder,2
basic,2
affected,2
process,2
who,2
changed,2
contributions,2
kinds,2
responsible,2
analysis,2
communications,2
communities,2
h,2
opportunities,2
bank,2
us,2
into,2
presents,2
before,2
senior,2
lessons,2
shrinking,2
two,2
experience,2
june,2
human,2
established,2
set,2
faced,2
providing,2
regulatory,2
growth,2
financial,2
finance,2
nature,2
officials,2
transmission,2
problem,2
different,2
best,2
company,2
reach,2
histories,2
p,2
eventually,2
recessions,2
clearly,2
jet,2
austin,2
state,2
complete,2
external,2
difficult,2
focused,2
contrived,2
where,2
them,2
terms,2
companies,2
aircraft,2
perhaps,2
has,2
america,2
secure,2
explored,2
credit,2
made,2
richard,2
upon,2
ohio,2
through,2
end,2
unfortunately,2
policies,2
families,2
using,2
maintained,2
individuals,2
our,2
come,2
savings,2
crises,2
professor,2
accept,2
workers,2
consumers,2
like,2
would,2
general,2
living,2
century,2
order,2
discourse,2
cases,2
exchange,2
perspective,2
especially,2
problems,2
study,2
between,2
airline,2
reached,2
be,2
find,2
when,2
including,2
instance,2
results,2
technological,2
we,2
traditions,2
quarter,2
loan,2
undesirable,2
survived,1
thomas,1
frequent,1
factors,1
does,1
assessed,1
therefore,1
states,1
enhancing,1
likely,1
modification,1
dominating,1
surpassed,1
me,1
dangerously,1
today,1
precepts,1
ventured,1
transformations,1
convergence,1
testify,1
reviewer,1
unravel,1
summarize,1
independent,1
science,1
unintended,1
bfgoodrich,1
chance,1
action,1
been,1
foreign,1
aimed,1
prophets,1
corporate,1
generous,1
across,1
developed,1
happy,1
prize,1
how,1
created,1
outcome,1
employment,1
administrative,1
environmental,1
lines,1
brief,1
forward,1
prospered,1
reference,1
nearly,1
oversight,1
cut,1
institutions,1
brings,1
strode,1
poor,1
politicians,1
inefficiencies,1
temin,1
telephones,1
still,1
afforded,1
opportunity,1
necessary,1
introduction,1
households,1
manuscript,1
demarcating,1
lasted,1
commissioned,1
anyone,1
salaries,1
hamstrung,1
contribution,1
transformation,1
recognize,1
shocks,1
brand,1
large,1
executive,1
ii,1
simultaneously,1
complex,1
unfamiliar,1
industryspecific,1
judged,1
hold,1
studies,1
insecurity,1
often,1
efficiency,1
use,1
supplier,1
powerfully,1
relationship,1
conformed,1
retail,1
fall,1
guide,1
united,1
achieve,1
rate,1
space,1
depicted,1
moreover,1
edited,1
sets,1
cannot,1
types,1
citizens,1
involve,1
completely,1
lives,1
discussed,1
pp,1
read,1
marginal,1
happened,1
pessimism,1
many,1
operates,1
realities,1
greater,1
digital,1
position,1
neither,1
fixed,1
thesis,1
index,1
imposing,1
benefits,1
unlike,1
refers,1
included,1
inequality,1
home,1
editorial,1
heavy,1
presumably,1
tells,1
cursory,1
spoke,1
associated,1
stable,1
elsewhere,1
collectively,1
historian,1
terrible,1
growing,1
same,1
broke,1
conclusion,1
downs,1
packaged,1
flight,1
changing,1
elimination,1
peoples,1
without,1
specialized,1
pulitzer,1
test,1
cum,1
democratic,1
strategists,1
ups,1
being,1
highlighted,1
railroads,1
carriers,1
functioned,1
either,1
sector,1
subsidize,1
regime,1
mccraw,1
volume,1
persuasive,1
investors,1
believes,1
familiarity,1
routes,1
specifically,1
trucking,1
winning,1
wireless,1
terminology,1
california,1
calamity,1
comfortable,1
shifted,1
law,1
dominant,1
deindustrialization,1
helped,1
poorest,1
perceived,1
give,1
factory,1
exploration,1
telephony,1
again,1
others,1
make,1
rapid,1
thrive,1
view,1
over,1
appear,1
trying,1
intellectual,1
worked,1
thinks,1
tremendous,1
experienced,1
standards,1
definition,1
technologies,1
expanding,1
thrifts,1
rivals,1
seem,1
treatment,1
available,1
allow,1
scientists,1
skills,1
declined,1
could,1
discount,1
desire,1
poverty,1
traumas,1
called,1
documents,1
universal,1
gte,1
current,1
loyalty,1
disagree,1
educated,1
break,1
larger,1
john,1
events,1
far,1
omitted,1
court,1
enforcing,1
rightly,1
doubt,1
purview,1
away,1
considerable,1
past,1
louis,1
flyer,1
galambos,1
serious,1
works,1
culture,1
emerges,1
devised,1
last,1
better,1
enough,1
hand,1
fullest,1
greatly,1
promoted,1
clarity,1
learn,1
buttressed,1
those,1
access,1
advantages,1
rent,1
wage,1
reading,1
somewhat,1
war,1
block,1
johns,1
developing,1
competitors,1
reservation,1
income,1
arcane,1
population,1
produced,1
selected,1
form,1
less,1
malaise,1
until,1
strategies,1
suffered,1
appreciation,1
particular,1
side,1
well,1
otherwise,1
wealth,1
amenable,1
crystal,1
wartime,1
forthcoming,1
alfred,1
levels,1
required,1
enjoyed,1
distribution,1
money,1
insightful,1
fully,1
complicated,1
hopkins,1
while,1
reflected,1
remarkably,1
information,1
complain,1
presentation,1
bureaucratic,1
percent,1
none,1
economics,1
watershed,1
whiplashed,1
servicing,1
another,1
huge,1
account,1
indirectly,1
generally,1
network,1
possible,1
politics,1
understanding,1
upward,1
activity,1
investment,1
discussion,1
literature,1
illustrate,1
subsidy,1
own,1
presented,1
decisions,1
offering,1
clear,1
servant,1
sense,1
apart,1
prompted,1
little,1
bell,1
purpose,1
extending,1
altogether,1
revolutions,1
resources,1
calls,1
dollar,1
kahn,1
loudly,1
three,1
role,1
nation,1
department,1
easy,1
supreme,1
expand,1
experiencing,1
subject,1
interviews,1
lies,1
administration,1
economies,1
simply,1
dividing,1
profitable,1
significant,1
measure,1
confidence,1
legalese,1
fit,1
depositors,1
operated,1
assumption,1
tangled,1
size,1
manufacturing,1
granted,1
treasury,1
dropping,1
causes,1
framework,1
ideas,1
optimism,1
economists,1
writing,1
gain,1
unaccustomed,1
shrewdly,1
overcome,1
think,1
thus,1
level,1
review,1
partly,1
prescriptive,1
than,1
sweeping,1
theories,1
acronyms,1
led,1
students,1
underwent,1
commercial,1
argument,1
such,1
detract,1
years,1
low,1
development,1
quality,1
cambridge,1
since,1
computerized,1
trends,1
hub,1
graduate,1
tables,1
diminished,1
executives,1
national,1
regions,1
charge,1
points,1
essay,1
peter,1
finally,1
adjusting,1
someone,1
hardship,1
course,1
marshals,1
include,1
consumer,1
allowed,1
envy,1
successful,1
caused,1
respects,1
period,1
shaping,1
heinz,1
responses,1
insofar,1
stage,1
stockholders,1
accelerating,1
senator,1
given,1
politically,1
prosperity,1
profitably,1
funds,1
reasonably,1
plentiful,1
thing,1
jumble,1
enriched,1
standard,1
deregulated,1
economist,1
shift,1
small,1
reorganized,1
decide,1
respective,1
refer,1
sufficient,1
supported,1
feelings,1
multinational,1
promote,1
qualities,1
jobs,1
actions,1
disaster,1
breaking,1
second,1
difficulty,1
giant,1
businesses,1
research,1
afford,1
trouble,1
distinguished,1
intrepid,1
boundaries,1
issued,1
witnessed,1
criterion,1
can,1
do,1
lowered,1
always,1
confusing,1
create,1
postwar,1
explore,1
up,1
drawn,1
consequently,1
posed,1
marred,1
stimulating,1
present,1
spite,1
figures,1
boom,1
institution,1
losses,1
digest,1
cycle,1
notes,1
famous,1
pipeline,1
value,1
should,1
building,1
provided,1
innovating,1
attendants,1
attention,1
am,1
competitive,1
close,1
cards,1
major,1
retrospect,1
consumed,1
