WORDCOUNTS,WEIGHT
the,198
of,150
and,107
in,89
a,70
to,56
that,39
s,39
with,37
as,32
p,31
by,27
on,27
modernism,25
science,18
between,17
for,16
his,15
social,14
which,14
hollinger,13
from,13
an,13
self,13
is,12
dewey,12
history,12
but,12
century,12
american,11
rorty,11
this,11
was,10
more,10
modernist,10
at,9
he,9
not,9
sciences,9
other,9
both,9
they,8
about,8
modern,8
physics,8
no,7
who,7
criticism,7
postmodern,7
all,7
literary,7
biologists,7
theory,7
subject,7
cognitive,7
scientific,6
biological,6
ross,6
pp,6
university,6
or,6
nineteenth,6
view,6
did,6
out,6
psychology,6
thus,6
have,6
mead,6
nore,6
world,6
biology,5
culture,5
darwin,5
europe,5
richards,5
what,5
historians,5
while,5
porter,5
writers,5
human,5
aesthetic,5
through,5
than,5
within,4
seen,4
fragmented,4
favor,4
us,4
into,4
postmodernism,4
ed,4
these,4
creation,4
book,4
intellectual,4
many,4
efforts,4
based,4
scientists,4
could,4
were,4
radical,4
i,4
reviews,4
strategies,4
has,4
u,4
literature,4
work,4
goldstein,4
its,4
voice,4
artificers,4
enlightenment,4
kloppenberg,4
around,4
be,4
like,4
knowers,4
without,3
modernists,3
been,3
suggested,3
positivism,3
notion,3
united,3
postmodernist,3
joravsky,3
linked,3
associated,3
historian,3
objectivity,3
habermas,3
also,3
being,3
rather,3
might,3
others,3
had,3
nature,3
my,3
artists,3
shows,3
leys,3
hear,3
end,3
such,3
cultural,3
present,3
offered,3
are,3
dorothy,3
terms,3
see,3
ontological,3
practice,3
time,3
her,3
cognitivism,3
remained,3
postmodernists,3
competing,3
press,3
experience,3
de,3
french,3
foucault,3
september,3
collini,3
language,3
david,3
sense,3
states,3
attempted,3
discourse,3
several,3
bowler,3
themselves,3
weber,3
genetics,3
even,3
among,3
we,3
notes,3
freud,2
critics,2
pearson,2
european,2
democracy,2
morphology,2
role,2
situation,2
observer,2
metaphysical,2
action,2
himself,2
vision,2
imitation,2
sort,2
play,2
fin,2
darwinism,2
process,2
connection,2
natural,2
morphologists,2
make,2
linguistic,2
deals,2
their,2
one,2
megill,2
life,2
studies,2
positivist,2
conventional,2
evolution,2
join,2
eclecticism,2
reason,2
imperialism,2
following,2
same,2
essentialist,2
chekhov,2
argued,2
pragmatism,2
comparison,2
practices,2
physiological,2
two,2
commonly,2
democratic,2
first,2
volume,2
embraced,2
offers,2
toward,2
darwinian,2
tarde,2
fragmentation,2
ended,2
attempt,2
impressionist,2
challenges,2
greater,2
turn,2
herbert,2
analogous,2
different,2
came,2
separation,2
modernity,2
areas,2
epistemological,2
any,2
new,2
personality,2
doubt,2
there,2
term,2
late,2
enterprises,2
do,2
johns,2
pauly,2
them,2
karl,2
form,2
accounts,2
case,2
sociology,2
otherwise,2
books,2
dream,2
style,2
teleological,2
paleontologists,2
hopkins,2
because,2
addresses,2
early,2
original,2
another,2
having,2
some,2
basis,2
understanding,2
art,2
discussion,2
object,2
popular,2
universities,2
move,2
richard,2
emphasis,2
presented,2
values,2
reader,2
including,2
writings,2
knowledge,2
along,2
impulses,2
philosophers,2
freedom,2
tangled,2
hegel,2
mach,2
using,2
people,2
hypnotism,2
said,2
painters,2
goal,2
project,2
protohistoriography,2
anthology,2
versions,2
hermeneutic,2
meanings,2
three,2
finding,2
against,2
panpsychist,2
author,2
points,2
peter,2
center,2
stressed,2
individual,2
responsibility,2
unified,2
disciplines,2
him,2
ernst,2
france,2
piece,2
progressive,2
conversation,2
claim,2
developments,2
instead,2
postscript,2
concept,2
conclusions,2
evolutionism,2
knower,2
psychological,2
research,2
forms,2
can,2
find,2
when,2
progress,2
ellen,2
connections,2
finds,2
artificer,2
uncertain,2
major,2
premise,1
objectivists,1
revolution,1
response,1
unorthodoxy,1
it,1
civilization,1
kant,1
therefore,1
now,1
rooted,1
highlights,1
led,1
disappearance,1
rejected,1
relationship,1
struggle,1
contest,1
forever,1
today,1
equality,1
inquirers,1
moi,1
else,1
russian,1
identification,1
common,1
supporting,1
bringing,1
faith,1
quite,1
heroic,1
concerned,1
purge,1
sometimes,1
links,1
populations,1
identified,1
contrast,1
prophets,1
corporate,1
bear,1
developed,1
bourgeois,1
created,1
deconstructive,1
principle,1
purposes,1
techniques,1
truth,1
dangers,1
return,1
victorians,1
theories,1
admiration,1
recognizes,1
ten,1
nietzsche,1
doctrine,1
myself,1
affirming,1
becomes,1
multitude,1
get,1
province,1
foundation,1
excellent,1
conceptions,1
soul,1
ultimate,1
originating,1
still,1
goes,1
echoing,1
introduction,1
provocative,1
says,1
brilliantly,1
mainstream,1
auguste,1
philosophy,1
germany,1
ponder,1
humanity,1
humans,1
sensationalism,1
michel,1
certain,1
modes,1
try,1
enlightening,1
southern,1
malleable,1
balanced,1
complex,1
seemingly,1
replaced,1
peirce,1
selection,1
zunz,1
authoritarian,1
mirror,1
publics,1
fate,1
texte,1
analysis,1
essays,1
profess,1
enthusiasms,1
entries,1
discoveries,1
achieve,1
aestheticism,1
witty,1
surprising,1
itself,1
authority,1
oblivious,1
keats,1
supposed,1
education,1
consistency,1
yet,1
ways,1
types,1
fields,1
canonical,1
museum,1
hypnotizer,1
reference,1
fruition,1
meanwhile,1
connecting,1
metanarratives,1
contemplating,1
tense,1
repressive,1
jonathan,1
makes,1
elitist,1
arts,1
entranced,1
musing,1
problematic,1
romantic,1
thought,1
exactly,1
fought,1
overtones,1
wanted,1
seeing,1
sleepwalking,1
under,1
angst,1
quarterly,1
tied,1
modulated,1
objects,1
claims,1
confidence,1
reconnect,1
index,1
progressionism,1
emphasize,1
familiar,1
languages,1
stefan,1
unlike,1
monism,1
inorganic,1
participants,1
occurred,1
grammar,1
shadow,1
total,1
holding,1
then,1
technology,1
before,1
sum,1
driven,1
olivier,1
siele,1
aspiring,1
interpretative,1
reified,1
something,1
impact,1
impulse,1
baltimore,1
conclusion,1
variety,1
exuberant,1
historiography,1
political,1
ruth,1
inspiration,1
too,1
norms,1
inaugurate,1
organize,1
artifice,1
freudian,1
themes,1
companions,1
existence,1
most,1
lengthy,1
meant,1
department,1
motivates,1
highlight,1
garland,1
incursions,1
rigidly,1
she,1
max,1
fitted,1
pauline,1
incorporates,1
subjective,1
extension,1
powerful,1
weingart,1
only,1
questioned,1
spectral,1
direction,1
hypothetical,1
transatlantic,1
t,1
precise,1
irrationality,1
continued,1
physical,1
act,1
charles,1
hence,1
stark,1
imprecise,1
antiempiricist,1
goals,1
funding,1
preceding,1
gabriel,1
debohemianizing,1
victorian,1
dilemma,1
here,1
distanced,1
established,1
heritage,1
imitationsuggestion,1
belief,1
dominant,1
sietcle,1
groups,1
technique,1
mnoi,1
m,1
plugged,1
later,1
rationalism,1
choices,1
think,1
strategy,1
faced,1
spencer,1
expressed,1
represented,1
myths,1
meaning,1
trying,1
state,1
fundamental,1
artistic,1
emerged,1
revolutionary,1
revolutionaries,1
each,1
experienced,1
attempting,1
whereas,1
paper,1
shares,1
quirky,1
distinction,1
usefulness,1
interdisciplinary,1
persuasion,1
closely,1
regrets,1
neglected,1
outside,1
game,1
global,1
seriously,1
shaped,1
access,1
location,1
believe,1
alienation,1
gone,1
best,1
xii,1
pragmatic,1
down,1
materialist,1
critic,1
found,1
sleep,1
entered,1
potentially,1
harmoniously,1
argue,1
special,1
rationalist,1
great,1
agree,1
appeared,1
brain,1
wrote,1
typical,1
universal,1
current,1
differences,1
indeed,1
reform,1
gap,1
exhibits,1
specular,1
eugenics,1
domains,1
striving,1
embracing,1
joseph,1
fossils,1
exalted,1
confront,1
particularly,1
thoroughgoing,1
break,1
economics,1
crowd,1
paleontology,1
mankind,1
issue,1
intellectuals,1
tells,1
farther,1
surfaces,1
john,1
resound,1
far,1
debates,1
overwhelmingly,1
contemporary,1
quantum,1
insisting,1
edwardsville,1
clearly,1
amusing,1
depictions,1
examining,1
pragmatist,1
foster,1
expansion,1
past,1
reactionary,1
philosophical,1
disputes,1
called,1
guilds,1
emerges,1
type,1
caricature,1
force,1
merely,1
places,1
mind,1
readers,1
perform,1
further,1
left,1
promoted,1
beginning,1
paris,1
ground,1
derrida,1
medical,1
available,1
insulated,1
opposite,1
causes,1
according,1
ideologie,1
scholarly,1
free,1
focused,1
rent,1
resistant,1
founded,1
discussing,1
committed,1
theodore,1
performed,1
unacknowledged,1
notable,1
singal,1
experimental,1
rnodernism,1
broke,1
existing,1
metanarrative,1
combined,1
telling,1
suggester,1
orthodoxy,1
extremity,1
means,1
illinois,1
less,1
followers,1
confrontation,1
shapers,1
sernsationalist,1
particular,1
independently,1
melts,1
extinction,1
comes,1
priori,1
bend,1
age,1
whig,1
however,1
focusing,1
appropriating,1
hoped,1
denounces,1
above,1
forthcoming,1
tension,1
locke,1
firmly,1
progressivism,1
metropolitan,1
applied,1
tolerating,1
problem,1
structure,1
endorsing,1
utilitarian,1
chief,1
sought,1
explicitly,1
possibility,1
foundations,1
wants,1
america,1
discuss,1
studying,1
aspects,1
relativity,1
bibliographic,1
cloth,1
well,1
retain,1
deal,1
will,1
protestants,1
rationality,1
almost,1
balance,1
thousands,1
chromosomal,1
published,1
discourses,1
differ,1
cognitively,1
development,1
standard,1
ideal,1
possible,1
crary,1
lamarckism,1
line,1
selfunderstanding,1
correctly,1
revealed,1
those,1
opened,1
incoherence,1
contexts,1
subjectivity,1
alliance,1
urges,1
carries,1
eighteenth,1
relation,1
cult,1
rationalists,1
feat,1
descartes,1
casting,1
gradual,1
multiple,1
invited,1
mental,1
leads,1
george,1
smooth,1
point,1
say,1
part,1
explication,1
uncover,1
very,1
recalcitrant,1
dissolve,1
resources,1
welcoming,1
laws,1
cited,1
looking,1
curriculum,1
dynamic,1
liberals,1
became,1
apply,1
compares,1
anew,1
innocent,1
herself,1
individuality,1
medium,1
identity,1
experiencing,1
top,1
sociologist,1
transition,1
fence,1
destroying,1
moral,1
rigid,1
standards,1
encourage,1
denies,1
rationale,1
rosenau,1
thomas,1
use,1
substance,1
realm,1
designate,1
describe,1
lights,1
abandoning,1
absurd,1
corrupt,1
collection,1
licensed,1
reasserts,1
positivists,1
began,1
instrumentalist,1
principles,1
taught,1
unitary,1
issues,1
demonstrates,1
collective,1
engaging,1
hypnotized,1
antifoundational,1
maintained,1
ideas,1
definitions,1
writing,1
gain,1
institutional,1
assign,1
statistics,1
generalized,1
central,1
engineers,1
ends,1
jan,1
services,1
continue,1
our,1
call,1
border,1
focuses,1
sees,1
overthrow,1
pseudoscientific,1
eliot,1
minus,1
question,1
determinism,1
revolt,1
complicated,1
optimistic,1
nerves,1
understandings,1
endorsed,1
until,1
spring,1
modify,1
argument,1
alan,1
representations,1
years,1
physicists,1
difference,1
ethical,1
significance,1
inevitable,1
own,1
currents,1
enthusiastic,1
radically,1
equates,1
condillac,1
stories,1
twentieth,1
directed,1
approach,1
authors,1
stress,1
hypnosis,1
national,1
machine,1
express,1
invaders,1
earth,1
victory,1
essay,1
urge,1
mastercodes,1
crisis,1
agreeing,1
blots,1
daniel,1
creating,1
reminding,1
contributors,1
strove,1
offer,1
democrat,1
mixed,1
adopted,1
dismisses,1
efficient,1
physician,1
describing,1
define,1
naturalist,1
ago,1
shared,1
would,1
range,1
period,1
problematized,1
italics,1
contributor,1
provided,1
fostered,1
employing,1
sociological,1
objectivism,1
politically,1
mikkel,1
trail,1
stresses,1
resorts,1
order,1
defined,1
filled,1
after,1
sciehtific,1
objectivist,1
rank,1
ascending,1
hole,1
presenting,1
pessimistic,1
sanders,1
emerging,1
matrix,1
speak,1
blame,1
dreaming,1
attention,1
argues,1
metaphysically,1
artificial,1
times,1
favored,1
disappearing,1
breached,1
random,1
imaginations,1
written,1
recommends,1
belabored,1
save,1
realists,1
imaginative,1
scientistic,1
certainty,1
immortality,1
supposedly,1
awakening,1
dramatic,1
become,1
emergency,1
exercise,1
distinguished,1
guardian,1
usual,1
boundaries,1
continuous,1
third,1
note,1
single,1
incompatible,1
effect,1
intersubjectivity,1
exemplifies,1
philip,1
rupture,1
enterprise,1
way,1
james,1
create,1
mendelian,1
uncertainty,1
views,1
modernisms,1
exclusively,1
phrenology,1
addressed,1
student,1
white,1
mediators,1
story,1
posed,1
unresolved,1
stimulating,1
degeneration,1
abandoned,1
traditional,1
permutations,1
comte,1
proper,1
oversimplifications,1
enhanced,1
kuhn,1
seek,1
empiricist,1
tendency,1
anton,1
answers,1
traditions,1
cosmic,1
encyclopedia,1
substituted,1
example,1
occasion,1
should,1
jurgen,1
building,1
heidegger,1
valid,1
hope,1
mendelism,1
nuanced,1
efflorescence,1
moved,1
gardens,1
descriptionism,1
close,1
once,1
competed,1
stereotypes,1
occur,1
merger,1
perception,1
casts,1
content,1
endorses,1
omits,1
modernized,1
readable,1
mechanism,1
hypothesis,1
