WORDCOUNTS,WEIGHT
the,134
of,69
and,54
to,43
a,39
in,37
that,25
as,18
was,17
with,16
from,16
davies,16
he,15
s,15
by,14
for,14
american,13
johnson,13
liberalism,12
new,11
p,10
is,9
history,9
political,9
liberals,9
his,8
were,8
an,8
at,7
it,7
who,7
many,7
deal,7
what,7
war,7
income,7
this,7
on,7
fap,6
rights,6
they,6
white,6
about,6
not,6
or,6
too,6
guaranteed,6
extent,6
work,6
because,6
old,6
act,5
economic,5
opportunity,5
before,5
no,5
are,5
great,5
there,5
entitlement,5
its,5
administration,5
have,5
nixon,5
like,5
much,5
poverty,5
ethic,4
rather,4
fdr,4
their,4
ribuffo,4
antipoverty,4
but,4
most,4
i,4
however,4
credo,4
civil,4
lbj,4
during,4
congress,4
central,4
good,4
change,4
neoliberal,4
progressive,4
shift,4
left,4
among,4
than,4
society,4
stood,3
represent,3
movement,3
center,3
continuity,3
university,3
house,3
social,3
progressives,3
answers,3
book,3
dominant,3
all,3
j,3
different,3
other,3
did,3
reform,3
patrick,3
out,3
legislation,3
redefined,3
repudiated,3
daniel,3
them,3
has,3
had,3
conservatives,3
some,3
politics,3
urban,3
both,3
watts,3
traditional,3
significant,3
question,3
after,3
black,3
dealers,3
themselves,3
right,3
be,3
moynihan,3
so,3
otis,2
americans,2
equality,2
wisdom,2
hofstadter,2
if,2
chance,2
l,2
been,2
ways,2
hill,2
reasonable,2
basic,2
natural,2
whatever,2
allen,2
gelfand,2
sixties,2
one,2
distant,2
federal,2
reason,2
changes,2
presidents,2
we,2
lyndon,2
oeo,2
welfare,2
version,2
age,2
two,2
moments,2
tried,2
only,2
vietnam,2
shop,2
bernstein,2
members,2
belief,2
mark,2
advocated,2
dependency,2
union,2
proponents,2
folk,2
whom,2
kennedy,2
preserve,2
scholars,2
could,2
leaders,2
entitlements,2
called,2
loyalty,2
effort,2
graham,2
passage,2
beginning,2
equally,2
those,2
robert,2
reviews,2
less,2
era,2
energy,2
perhaps,2
gareth,2
while,2
america,2
historiographical,2
government,2
determined,2
leo,2
made,2
richard,2
peace,2
george,2
through,2
press,2
african,2
continuation,2
unfortunately,2
irving,2
historical,2
which,2
endorsement,2
own,2
polarized,2
september,2
national,2
washington,2
author,2
virtues,2
accept,2
advocacy,2
least,2
instead,2
would,2
jr,2
senate,2
anyone,2
religious,2
elements,2
moralistic,2
machines,2
matusow,2
point,2
can,2
seeking,2
story,2
looked,2
showed,2
moved,2
premise,1
thoroughly,1
given,1
enough,1
tore,1
go,1
late,1
enforced,1
defended,1
interesting,1
led,1
vilified,1
timeless,1
second,1
aid,1
spectrum,1
whose,1
doubts,1
understands,1
courting,1
nonetheless,1
crystallized,1
bureau,1
keeps,1
implemented,1
contended,1
concerned,1
bulk,1
later,1
opportunism,1
supreme,1
foreign,1
privately,1
groups,1
vision,1
indeed,1
impressive,1
expand,1
activists,1
how,1
freezing,1
debated,1
expansion,1
fear,1
decades,1
intended,1
return,1
harris,1
legitimate,1
hubert,1
hospitable,1
annoyed,1
revisionism,1
subsistence,1
e,1
flair,1
prove,1
politicians,1
measures,1
harry,1
bears,1
abstraction,1
says,1
make,1
worse,1
notably,1
expanded,1
ends,1
lawrence,1
implicit,1
expect,1
went,1
wilson,1
transformation,1
initially,1
grew,1
inconsistent,1
gerald,1
electorate,1
parts,1
miners,1
ongoing,1
judged,1
eroded,1
drastically,1
special,1
enacted,1
employees,1
often,1
implementing,1
decontrol,1
impressed,1
reforms,1
feel,1
congressional,1
join,1
consequences,1
factors,1
moreover,1
supporting,1
string,1
yet,1
interpretation,1
mcgovern,1
tale,1
ordeal,1
fair,1
coalition,1
understand,1
cronies,1
democrats,1
bryan,1
documents,1
pp,1
encore,1
eugene,1
thought,1
chiding,1
albert,1
voting,1
ostensibly,1
message,1
wanted,1
praise,1
considered,1
finessed,1
acceptance,1
earnest,1
oppose,1
disastrous,1
position,1
fixed,1
committee,1
index,1
perceived,1
seems,1
into,1
riots,1
publicly,1
tax,1
seriously,1
unrewarded,1
behavior,1
venerable,1
clearly,1
rightly,1
assistance,1
just,1
days,1
growing,1
heirs,1
lacked,1
arguing,1
result,1
attuned,1
shouting,1
deliver,1
partly,1
frequently,1
faith,1
prevent,1
apprehension,1
responsibility,1
meant,1
department,1
pundits,1
ford,1
begins,1
fashioned,1
prima,1
appears,1
elicited,1
donna,1
truman,1
newt,1
love,1
bargaining,1
quotes,1
willard,1
specifically,1
party,1
winning,1
unappreciated,1
certainly,1
successfully,1
also,1
bruce,1
law,1
senators,1
reiterating,1
exaggerated,1
ingenuity,1
toward,1
again,1
might,1
presidency,1
delinquents,1
secretary,1
stands,1
similarly,1
responsibilities,1
agenda,1
opponents,1
finance,1
nature,1
paper,1
unlike,1
standards,1
efforts,1
legislative,1
joins,1
definition,1
true,1
gritty,1
doves,1
shows,1
reach,1
historians,1
treatment,1
international,1
hart,1
ribicoff,1
xii,1
down,1
remuneration,1
assertion,1
federally,1
found,1
conservative,1
proposal,1
plan,1
reasons,1
astonishingly,1
careers,1
generations,1
typical,1
current,1
domestic,1
report,1
inquiry,1
suggesting,1
lacks,1
resembles,1
children,1
break,1
demands,1
job,1
tells,1
mccarthy,1
revalidated,1
fallen,1
very,1
radical,1
court,1
benefit,1
primary,1
denigration,1
resolved,1
sensible,1
golden,1
differed,1
tracts,1
search,1
enlarged,1
roosevelt,1
uprisings,1
emerges,1
rhetoric,1
big,1
better,1
academic,1
mind,1
state,1
failed,1
qualitatively,1
scholarship,1
drove,1
limited,1
causes,1
according,1
focused,1
discussing,1
theodore,1
johns,1
afdc,1
purposes,1
setting,1
memos,1
backlash,1
whether,1
advisers,1
requiring,1
sustains,1
system,1
speech,1
cannot,1
nitty,1
paying,1
abraham,1
side,1
necessary,1
otherwise,1
takes,1
centrist,1
practice,1
leveling,1
ghettoes,1
ed,1
flaws,1
maintain,1
attitudes,1
cabinet,1
passed,1
marked,1
levels,1
theory,1
required,1
eds,1
books,1
find,1
controversy,1
wagner,1
distance,1
guns,1
hopkins,1
number,1
contends,1
really,1
remedies,1
briefly,1
killed,1
warriors,1
march,1
improve,1
well,1
remained,1
barely,1
influenced,1
none,1
having,1
kansas,1
credit,1
implies,1
bargain,1
authentic,1
convenreviews,1
secured,1
lied,1
middle,1
felt,1
popular,1
dionne,1
these,1
jimmy,1
researchers,1
bibliography,1
skimpy,1
doomed,1
stuck,1
voted,1
active,1
wirtz,1
unless,1
apart,1
brought,1
surveys,1
reality,1
unattached,1
decisive,1
intentions,1
despite,1
example,1
conception,1
cited,1
calls,1
along,1
unrealistic,1
juvenile,1
waning,1
buy,1
thoughts,1
kerner,1
minority,1
writing,1
entirely,1
dignity,1
year,1
matches,1
peaked,1
emphasizing,1
engineer,1
doubted,1
conversely,1
postulated,1
appointed,1
issues,1
families,1
polls,1
labor,1
gore,1
butter,1
conflicted,1
human,1
ethnic,1
think,1
trend,1
conflict,1
mistake,1
taffy,1
thus,1
companies,1
bar,1
violated,1
personal,1
mutually,1
superseded,1
office,1
surrounding,1
corollary,1
reinforcing,1
stopping,1
ultimately,1
carter,1
continuities,1
volume,1
distinguish,1
finally,1
argument,1
touch,1
president,1
years,1
difference,1
universally,1
countless,1
plausible,1
since,1
riot,1
three,1
against,1
lately,1
tional,1
misguided,1
temperature,1
g,1
citing,1
prices,1
told,1
divine,1
tactical,1
workers,1
august,1
review,1
documentation,1
ideologists,1
general,1
officials,1
employer,1
include,1
although,1
correct,1
momentous,1
cultural,1
beneficent,1
need,1
reformers,1
him,1
revolution,1
suggest,1
steel,1
supremacy,1
housed,1
voters,1
thoughtful,1
kind,1
funds,1
guided,1
emphasizes,1
fred,1
measure,1
presidential,1
blame,1
family,1
small,1
underlying,1
policy,1
opposition,1
humphrey,1
perspective,1
specific,1
supported,1
written,1
coercive,1
contrary,1
commentators,1
study,1
kuklick,1
distinctions,1
actions,1
disaster,1
eclipse,1
strength,1
research,1
decline,1
emphasized,1
prospects,1
continuous,1
sweeps,1
impossible,1
detente,1
agrees,1
likelihood,1
d,1
commission,1
raised,1
annual,1
weight,1
generally,1
flip,1
element,1
gospel,1
even,1
rhetorical,1
characters,1
dependent,1
abandoned,1
vice,1
atmospherics,1
woodrow,1
here,1
gingrich,1
notes,1
traditions,1
connections,1
unduly,1
cross,1
pulling,1
should,1
fellow,1
ago,1
unravelling,1
attention,1
advocating,1
unrelated,1
equal,1
compromise,1
parlance,1
promising,1
major,1
quaint,1
policymaker,1
costly,1
seemed,1
thorough,1
