WORDCOUNTS,WEIGHT
the,175
of,153
whitman,86
in,81
and,80
his,75
s,70
a,61
reynolds,57
to,50
that,46
he,42
as,41
is,34
this,21
american,20
with,20
for,19
on,18
but,15
one,14
walt,14
popular,14
which,14
cultural,13
was,12
from,12
by,12
also,12
at,11
literary,11
historical,11
has,11
sexual,11
poet,11
it,10
not,10
book,10
well,10
biography,9
more,9
culture,9
their,8
or,8
only,8
many,8
what,8
chapters,8
an,8
much,8
how,7
leaves,7
about,7
history,7
are,7
could,7
poetry,7
renaissance,7
both,7
later,6
often,6
country,6
into,6
antebellum,6
p,6
contexts,6
did,6
new,6
political,6
beneath,6
own,6
years,6
capper,6
like,6
even,6
yet,5
decade,5
biographical,5
just,5
most,5
shows,5
narrative,5
very,5
matthiessen,5
reviews,5
its,5
have,5
although,5
so,5
grass,5
times,5
can,5
historicized,5
second,4
off,4
way,4
emerson,4
they,4
life,4
pp,4
same,4
too,4
first,4
here,4
sometimes,4
all,4
reform,4
i,4
never,4
some,4
politics,4
poems,4
identity,4
pound,4
would,4
him,4
high,4
after,4
poetic,4
imagined,4
between,4
be,4
general,4
final,3
does,3
interesting,3
york,3
been,3
critical,3
concluding,3
allen,3
b,3
center,3
artist,3
absorbed,3
sort,3
ways,3
studies,3
historians,3
seems,3
bit,3
series,3
age,3
themes,3
long,3
movements,3
other,3
important,3
had,3
great,3
particularly,3
out,3
while,3
there,3
somewhat,3
where,3
perhaps,3
fully,3
america,3
argues,3
discourses,3
voice,3
suggests,3
work,3
poem,3
these,3
point,3
part,3
through,3
example,3
along,3
people,3
language,3
argument,3
such,3
picture,3
instead,3
newly,3
period,3
writer,3
several,3
june,3
early,3
up,3
than,3
roots,3
time,3
major,3
culturalist,3
if,2
done,2
critics,2
hopes,2
without,2
chase,2
contextualizations,2
privately,2
affectionately,2
wrote,2
indeed,2
classic,2
male,2
treats,2
linguistic,2
face,2
wilson,2
likewise,2
complex,2
arts,2
illuminating,2
artistic,2
something,2
romantic,2
fascinating,2
easily,2
thought,2
university,2
us,2
family,2
index,2
familiar,2
edition,2
conclusion,2
war,2
w,2
gay,2
revisionary,2
readings,2
published,2
sources,2
vitally,2
embraced,2
lewis,2
essays,2
antiauthoritarian,2
death,2
view,2
over,2
plausibly,2
cultivating,2
union,2
readily,2
analytical,2
uses,2
parties,2
expose,2
alienation,2
half,2
homosexual,2
were,2
harriet,2
contemporary,2
asselineau,2
tracts,2
past,2
last,2
usual,2
precisely,2
psychic,2
reading,2
potpourri,2
homoerotic,2
context,2
less,2
sentence,2
see,2
making,2
takes,2
ed,2
however,2
wide,2
style,2
fascination,2
free,2
because,2
divide,2
violent,2
psychology,2
myself,2
e,2
r,2
jacksonian,2
genres,2
currents,2
richard,2
writers,2
fine,2
nurses,2
vision,2
calls,2
press,2
song,2
got,2
during,2
resonances,2
ideas,2
zweig,2
music,2
aesthetic,2
previous,2
question,2
centennial,2
historiographic,2
roger,2
editor,2
monroe,2
backgrounds,2
documentation,2
david,2
effectively,2
omnisexual,2
empathetic,2
theater,2
turn,2
adam,2
provides,2
nor,2
charles,2
highly,2
body,2
inspired,2
mystery,2
scholarship,2
texts,2
phrenology,2
dependent,2
among,2
deeply,2
recent,2
connections,2
them,2
paul,2
creativity,2
valuable,2
subversive,1
taste,1
model,1
objectivists,1
phases,1
downplays,1
dalliance,1
miller,1
will,1
envelop,1
winds,1
tradition,1
sixteen,1
unabashedly,1
generation,1
explosion,1
helped,1
dramatics,1
sorts,1
gentility,1
yawper,1
o,1
whose,1
child,1
singer,1
fails,1
flower,1
beats,1
absence,1
sins,1
identification,1
collected,1
hate,1
testimony,1
middlebrow,1
rather,1
science,1
letters,1
scientific,1
bulk,1
crucial,1
meaning,1
slavery,1
constantly,1
closer,1
leading,1
main,1
unwilling,1
aimless,1
fray,1
lurid,1
relations,1
exploits,1
praised,1
surprisingly,1
williams,1
excerpts,1
longtime,1
particularistic,1
truth,1
market,1
calamus,1
rowdy,1
hugged,1
biggest,1
populist,1
exists,1
fiction,1
class,1
ran,1
capture,1
innocence,1
presses,1
institutions,1
multitude,1
furtive,1
puzzled,1
visionary,1
lost,1
reductionist,1
politicians,1
prudish,1
visceral,1
goes,1
considerably,1
dealt,1
excessively,1
ii,1
introduction,1
starts,1
brilliantly,1
make,1
distorting,1
accommodating,1
antislavery,1
hals,1
drifting,1
weaknesses,1
understand,1
comments,1
rife,1
strands,1
village,1
remaining,1
turbulent,1
study,1
paradoxical,1
mannahatta,1
simultaneously,1
congratulating,1
surveyed,1
scholar,1
religious,1
brutus,1
whole,1
licentious,1
nuance,1
historicize,1
myth,1
illustrations,1
cocky,1
quite,1
rocking,1
anchor,1
timeless,1
oratory,1
once,1
repression,1
erotic,1
rested,1
live,1
miscellaneous,1
simultaneous,1
edited,1
sets,1
support,1
when,1
get,1
itself,1
totalizing,1
candidate,1
devoted,1
repressive,1
defies,1
cryptic,1
countervailing,1
builds,1
barbaric,1
monumental,1
pornography,1
infuses,1
better,1
recitatives,1
groups,1
flourishing,1
multitudes,1
poets,1
postmodern,1
methods,1
unresponsive,1
claiming,1
labor,1
coterie,1
dichotomy,1
place,1
perfunctorily,1
position,1
justified,1
school,1
salutary,1
arguments,1
organic,1
presents,1
inspect,1
unlike,1
selfmasking,1
neglected,1
spineless,1
seriously,1
included,1
pessimistic,1
sensitive,1
contextualization,1
clearly,1
explodes,1
historicist,1
before,1
illuminated,1
righteous,1
growing,1
sneering,1
teaching,1
fetes,1
nineteenth,1
archetypal,1
taken,1
doing,1
friendship,1
preface,1
oxymoronic,1
probed,1
comes,1
uplifting,1
kitschy,1
speaks,1
sensibly,1
controlled,1
palpable,1
acknowledging,1
intertextual,1
collective,1
costs,1
industrial,1
sadomasochistic,1
cunning,1
journalism,1
show,1
two,1
various,1
cultists,1
sophisticate,1
demonstrate,1
predominantly,1
begins,1
democratic,1
solitary,1
ever,1
glory,1
painful,1
fact,1
continues,1
powerful,1
scolding,1
embedded,1
surface,1
follow,1
alfred,1
journalist,1
rabble,1
bizarrely,1
detest,1
disciplinary,1
declining,1
isolation,1
love,1
sublimated,1
consensus,1
persuasive,1
substantiated,1
ralph,1
putting,1
nostalgic,1
provide,1
north,1
starting,1
hoys,1
melville,1
name,1
exploitation,1
utopian,1
mix,1
listeners,1
willing,1
victim,1
voices,1
established,1
odd,1
set,1
ridden,1
denounced,1
stated,1
evidence,1
fed,1
verses,1
hermetically,1
vols,1
might,1
dimension,1
appear,1
waldo,1
amazing,1
conflicts,1
paragraph,1
intellectual,1
proof,1
advanced,1
introducing,1
image,1
coddled,1
dare,1
evoking,1
greater,1
j,1
genteel,1
scholars,1
paints,1
historiography,1
comedy,1
townspeople,1
dandylike,1
different,1
claims,1
came,1
professedly,1
junius,1
lack,1
rivals,1
reach,1
shaped,1
stories,1
seem,1
preserve,1
overwhelming,1
collapsing,1
rituals,1
whitmans,1
boyhood,1
longfellow,1
xii,1
agrarian,1
folsom,1
wordsworth,1
broadly,1
striking,1
paranoia,1
together,1
conservative,1
sensational,1
argue,1
called,1
appeared,1
every,1
match,1
generations,1
abstract,1
current,1
fair,1
sang,1
returns,1
adds,1
remainder,1
naturally,1
feed,1
snobbish,1
foreground,1
children,1
achievement,1
thoroughgoing,1
presurrealist,1
larger,1
incident,1
theology,1
personal,1
grows,1
procedure,1
radical,1
end,1
carolina,1
cheerful,1
room,1
desire,1
pornographic,1
religion,1
audience,1
sealed,1
take,1
styles,1
complete,1
ambivalent,1
wealthy,1
almost,1
sentimentality,1
artistically,1
dashing,1
display,1
rural,1
recycles,1
catalogued,1
works,1
remarkably,1
rhetoric,1
totalitarian,1
hill,1
loved,1
merely,1
forms,1
hybridized,1
concrete,1
mind,1
feminist,1
enough,1
statement,1
critically,1
angry,1
heart,1
influences,1
do,1
beginning,1
learn,1
equally,1
blowing,1
those,1
principal,1
bombastic,1
william,1
healthy,1
demeanor,1
though,1
shifting,1
scholarly,1
let,1
buried,1
biographies,1
mainly,1
advance,1
fuller,1
banned,1
johns,1
continuing,1
divided,1
grit,1
canonized,1
concedes,1
overbroad,1
boasts,1
papers,1
seeds,1
tragedy,1
reconsidered,1
phrases,1
neither,1
produced,1
rhetorical,1
prose,1
loafing,1
accounts,1
pact,1
cut,1
gilded,1
supports,1
excellent,1
side,1
era,1
character,1
psyche,1
gender,1
insensitive,1
bruccoli,1
broadway,1
pretty,1
assortment,1
dialectic,1
modernist,1
survival,1
ezra,1
manners,1
launches,1
writes,1
project,1
brooklyn,1
childand,1
taught,1
find,1
repulsive,1
controversy,1
problem,1
premise,1
reminder,1
formulation,1
method,1
draws,1
immersed,1
boston,1
chapter,1
matthew,1
swallows,1
hopkins,1
near,1
primary,1
sought,1
really,1
imputed,1
mentioned,1
conceit,1
bureaucratic,1
editorials,1
contextualist,1
dismisses,1
degree,1
seep,1
tack,1
virtue,1
another,1
influenced,1
local,1
hybrid,1
gamut,1
low,1
participation,1
kaleidoscope,1
need,1
basis,1
ideal,1
compelling,1
editions,1
greatest,1
presentist,1
justly,1
bloom,1
contain,1
aptly,1
mythic,1
persona,1
art,1
discussion,1
gains,1
probably,1
counterweight,1
father,1
use,1
seductive,1
background,1
made,1
pronouncements,1
portraits,1
bowel,1
vying,1
shaky,1
upon,1
heterosexual,1
range,1
bland,1
preferred,1
obvious,1
genre,1
transcend,1
compared,1
future,1
roughs,1
writings,1
apart,1
taking,1
psychological,1
seen,1
little,1
conceptual,1
uncover,1
volume,1
far,1
consumerist,1
flatly,1
city,1
immoral,1
familial,1
loosely,1
cradle,1
participatory,1
narratively,1
dynamic,1
became,1
correctly,1
nation,1
department,1
beloved,1
endlessly,1
cutting,1
himself,1
turns,1
mingle,1
activity,1
fiercely,1
capaciousness,1
letter,1
expression,1
year,1
arrives,1
manhattan,1
linking,1
absorbing,1
penny,1
island,1
consistently,1
largely,1
temperance,1
transcendent,1
collection,1
virtually,1
sensationalist,1
behavior,1
remains,1
gaze,1
pathos,1
partly,1
signal,1
authorship,1
homosexuality,1
disdainful,1
writing,1
falling,1
middle,1
bolster,1
evolution,1
childhood,1
preoccupied,1
freudian,1
winter,1
reviled,1
bladder,1
canny,1
historicizing,1
relates,1
stay,1
fantastic,1
somewhere,1
uproarious,1
surrounding,1
aid,1
rise,1
dependence,1
wild,1
abstractness,1
peculiar,1
theories,1
layers,1
contribution,1
hack,1
shown,1
historically,1
students,1
radicalism,1
gothicized,1
persuasively,1
showing,1
polyglossia,1
youth,1
theme,1
quoted,1
strengths,1
facts,1
difficulties,1
man,1
knopf,1
reveals,1
xv,1
reputation,1
seventy,1
meanings,1
discovered,1
since,1
margaret,1
deduce,1
three,1
against,1
prurience,1
lately,1
approach,1
absorb,1
ranting,1
materials,1
publication,1
write,1
g,1
foci,1
author,1
deadpan,1
virtues,1
vernacular,1
southold,1
commingling,1
mode,1
aided,1
seminally,1
base,1
sufferings,1
mesmerism,1
exemplary,1
social,1
dramatizes,1
contributed,1
intellectually,1
triumphant,1
joined,1
embrace,1
individual,1
tropes,1
should,1
stalinist,1
enjoying,1
admirer,1
historicization,1
democratizing,1
carlos,1
describing,1
level,1
shared,1
petted,1
tone,1
jr,1
absorbs,1
function,1
vital,1
hardly,1
things,1
articulate,1
our,1
reformulated,1
century,1
hired,1
chaotically,1
narratives,1
next,1
you,1
newness,1
quotes,1
forced,1
lilacs,1
repetitious,1
kind,1
defined,1
contrast,1
renewal,1
sexuality,1
repressiveness,1
grandiloquent,1
darkly,1
claim,1
specifically,1
speak,1
latter,1
passive,1
brilliant,1
imagination,1
direction,1
exchange,1
makeup,1
small,1
why,1
practiced,1
bel,1
booth,1
frustrating,1
smugly,1
spectrum,1
bisexual,1
soil,1
infinitely,1
edwin,1
stemmed,1
few,1
maxim,1
potential,1
resists,1
thing,1
best,1
imaginative,1
control,1
painting,1
crazily,1
amazingly,1
chapel,1
completing,1
zen,1
six,1
extraordinary,1
touches,1
plethora,1
become,1
carnivalesque,1
revolting,1
recovered,1
denunciatory,1
world,1
interpretations,1
codes,1
excavations,1
extravagantly,1
single,1
effect,1
mesmeric,1
tocquevillean,1
methodological,1
truly,1
centrist,1
powerfully,1
debate,1
dooryard,1
d,1
materialized,1
managed,1
create,1
historicizes,1
generally,1
including,1
populism,1
trances,1
working,1
obscure,1
mingling,1
entire,1
boors,1
sheer,1
content,1
present,1
raised,1
forrest,1
look,1
changing,1
souls,1
motif,1
sweep,1
using,1
patrons,1
details,1
flatness,1
strong,1
premarket,1
we,1
explains,1
cosmopolitan,1
notes,1
decline,1
famous,1
value,1
panoply,1
metamorphosis,1
crime,1
cause,1
alienated,1
society,1
tract,1
finds,1
conference,1
arresting,1
frankly,1
sodomy,1
influence,1
places,1
james,1
race,1
close,1
ripples,1
sophistication,1
chief,1
unfortunate,1
strategies,1
attended,1
actor,1
lie,1
champion,1
confluence,1
plant,1
perils,1
flavor,1
