WORDCOUNTS,WEIGHT
the,173
of,125
and,102
in,72
virginia,51
a,50
s,47
to,41
on,24
shore,22
eastern,22
perry,21
that,20
for,18
his,16
cash,13
with,13
by,13
social,13
p,13
early,13
or,12
from,12
first,12
american,12
society,11
as,10
is,10
was,10
history,10
mind,10
james,10
he,9
colonial,9
it,8
south,8
their,8
about,8
but,8
chesapeake,8
who,7
had,7
new,7
families,7
records,7
formation,7
not,6
myth,6
morgan,6
because,6
kukla,6
its,6
were,6
genealogical,6
an,6
century,6
at,5
southern,5
life,5
pp,5
only,5
historical,5
william,5
courage,5
colony,5
historians,5
local,5
which,5
i,5
development,5
this,5
family,5
county,5
rather,4
earliest,4
mary,4
jon,4
j,4
are,4
other,4
carter,4
time,4
court,4
while,4
there,4
patterns,4
bailyn,4
reviews,4
russell,4
jim,4
hackett,4
women,4
neighbors,4
david,4
fischer,4
order,4
settlement,4
between,4
networks,4
percent,4
descendants,4
city,4
evidence,4
half,3
surnames,3
what,3
york,3
economic,3
been,3
darrett,3
albion,3
archives,3
community,3
study,3
settled,3
h,3
university,3
any,3
before,3
most,3
more,3
book,3
toward,3
decades,3
all,3
scholars,3
great,3
typical,3
virginians,3
political,3
seventeenth,3
however,3
perhaps,3
counties,3
has,3
near,3
america,3
such,3
colonies,3
politics,3
kin,3
contacts,3
along,3
freedom,3
documented,3
since,3
three,3
september,3
one,3
after,3
pages,3
themselves,3
c,3
can,3
structure,3
interaction,3
than,3
famous,3
quarterly,3
rutman,3
four,2
will,2
bernard,2
library,2
critics,2
minor,2
no,2
if,2
five,2
names,2
hill,2
how,2
april,2
began,2
tidewater,2
importance,2
b,2
countries,2
analysis,2
worked,2
frontier,2
wives,2
english,2
when,2
genius,2
want,2
later,2
inspiration,2
index,2
mainland,2
curious,2
culture,2
same,2
nineteenth,2
series,2
until,2
w,2
these,2
insights,2
perspiration,2
noted,2
origins,2
sources,2
name,2
offers,2
oldest,2
years,2
intellectual,2
extant,2
into,2
holdings,2
country,2
england,2
did,2
came,2
could,2
atypical,2
richmond,2
farmers,2
children,2
hundred,2
out,2
research,2
state,2
squires,2
real,2
late,2
men,2
scholarship,2
those,2
where,2
war,2
johns,2
unique,2
context,2
them,2
population,2
stability,2
list,2
ed,2
side,2
passed,2
project,2
eds,2
her,2
hopkins,2
boat,2
network,2
status,2
prior,2
some,2
landowners,2
survive,2
residents,2
richard,2
prominent,2
london,2
emperor,2
sent,2
press,2
journal,2
findings,2
got,2
year,2
challenges,2
people,2
personal,2
tell,2
both,2
hands,2
have,2
change,2
published,2
naked,2
general,2
typically,2
sense,2
smith,2
need,2
shirley,2
him,2
smaller,2
escaped,2
plantation,2
bay,2
seed,2
sufficient,2
charles,2
took,2
edmund,2
further,2
left,2
continuous,2
transmission,2
within,2
student,2
sons,2
among,2
saw,2
north,2
laborers,2
fallacies,2
statement,2
attention,2
race,2
jean,1
aristocracy,1
may,1
chronological,1
anita,1
bergstrom,1
directors,1
russo,1
does,1
assessed,1
mainstream,1
fifty,1
explicatus,1
meriden,1
wests,1
frail,1
rooted,1
reconstructed,1
second,1
candid,1
pyramided,1
americans,1
paralleled,1
offenses,1
child,1
page,1
constable,1
limits,1
matter,1
bright,1
contact,1
chaos,1
laurel,1
lot,1
fairly,1
bringing,1
steadily,1
conway,1
quitt,1
anthony,1
sometimes,1
links,1
robinson,1
meaning,1
usually,1
tedious,1
you,1
outsiders,1
wrote,1
appearances,1
maps,1
created,1
remain,1
result,1
ready,1
rough,1
spouse,1
warwick,1
misherald,1
influential,1
affected,1
berkeley,1
extend,1
lines,1
resulted,1
fleshy,1
ten,1
ordinary,1
preparing,1
crest,1
institutions,1
safekeeping,1
exercise,1
foundation,1
accepted,1
attempt,1
universities,1
extends,1
being,1
succinct,1
bequest,1
neighborhood,1
risk,1
expanded,1
surviving,1
several,1
biographical,1
sponsored,1
they,1
similar,1
church,1
certain,1
told,1
becoming,1
traps,1
travels,1
settlements,1
conducted,1
milord,1
christian,1
traveled,1
volumes,1
perpetuate,1
innovation,1
why,1
sketched,1
often,1
adage,1
slices,1
gloucester,1
properly,1
tend,1
essays,1
council,1
scarcity,1
guide,1
united,1
practicing,1
neighborhoods,1
live,1
foot,1
authority,1
respect,1
cobb,1
delineates,1
yet,1
mcllwaine,1
rewards,1
ordeal,1
instances,1
williamsburg,1
directed,1
tracing,1
lives,1
devoted,1
tower,1
coverage,1
studies,1
read,1
middlesex,1
happened,1
we,1
case,1
modern,1
many,1
green,1
lyndon,1
immigrant,1
wearing,1
servants,1
stable,1
beleaguered,1
digges,1
methods,1
ideals,1
ascribed,1
trace,1
populated,1
stephen,1
quite,1
position,1
burned,1
dissertation,1
demographic,1
familiar,1
backcountry,1
descent,1
literary,1
workmen,1
shuffling,1
sociological,1
equality,1
minutes,1
branch,1
enterprising,1
beale,1
coat,1
unseeing,1
ned,1
elsewhere,1
husbands,1
confederates,1
just,1
curiosity,1
lord,1
reified,1
numbers,1
plantations,1
died,1
migration,1
colonists,1
frequently,1
quarters,1
materials,1
finest,1
biography,1
wisconsin,1
age,1
delaware,1
gay,1
lengthy,1
acceptance,1
two,1
reports,1
carr,1
midwife,1
lest,1
increasingly,1
fact,1
exposed,1
legends,1
member,1
continues,1
known,1
way,1
upon,1
highschool,1
t,1
morton,1
thousand,1
present,1
ballard,1
lee,1
volume,1
memorandum,1
fellow,1
whose,1
mere,1
every,1
provide,1
demolish,1
requires,1
uncontested,1
concur,1
creation,1
localities,1
law,1
nonfamilial,1
helped,1
painstakingly,1
colors,1
forty,1
important,1
opinion,1
estate,1
catalogue,1
know,1
suggested,1
others,1
harte,1
footnote,1
death,1
advocated,1
view,1
over,1
appear,1
compiled,1
recited,1
perceive,1
ask,1
sir,1
creeks,1
control,1
kent,1
impressive,1
each,1
added,1
morrisons,1
water,1
thomas,1
editions,1
grandfather,1
my,1
northward,1
carters,1
purse,1
based,1
barkleys,1
title,1
longer,1
lack,1
d,1
underrepresented,1
seem,1
included,1
copy,1
might,1
crops,1
areas,1
horn,1
aids,1
found,1
announcers,1
wealthy,1
simple,1
documents,1
universal,1
emphasis,1
timing,1
forces,1
viii,1
counting,1
inevitably,1
iii,1
lived,1
scholar,1
confront,1
cavalier,1
larger,1
overemphasizes,1
xiii,1
kemps,1
crunching,1
circa,1
demonstrating,1
carolina,1
stations,1
cohesion,1
light,1
vortex,1
contemporary,1
sorted,1
descended,1
colonist,1
underpin,1
nevertheless,1
tracts,1
arguably,1
npr,1
director,1
achieved,1
attained,1
base,1
office,1
anne,1
reasons,1
assessment,1
last,1
conclusions,1
enough,1
pondering,1
miles,1
shoeboxes,1
innes,1
hand,1
fourth,1
henry,1
decisively,1
heirs,1
ground,1
commences,1
employed,1
born,1
shallow,1
none,1
cards,1
scholarly,1
morning,1
effective,1
relict,1
adventurers,1
parading,1
landsman,1
wrung,1
company,1
languidly,1
scions,1
report,1
physiology,1
whether,1
rose,1
selected,1
coaches,1
see,1
inquiry,1
british,1
maryland,1
biases,1
sound,1
documenting,1
orleans,1
younger,1
baltimore,1
males,1
forum,1
swem,1
attitudes,1
reconstruction,1
greene,1
amassed,1
native,1
guidance,1
theory,1
recorded,1
books,1
public,1
fundamentals,1
tracking,1
settler,1
evacuated,1
week,1
periodization,1
earlier,1
primary,1
foundations,1
directly,1
degges,1
perseverance,1
draw,1
institute,1
historiographical,1
convenient,1
gages,1
well,1
changed,1
jack,1
almost,1
property,1
another,1
huge,1
account,1
resident,1
editor,1
meetings,1
recognizing,1
e,1
r,1
planters,1
literature,1
condition,1
widowarchy,1
work,1
father,1
popular,1
develop,1
ludwell,1
martha,1
suggests,1
received,1
made,1
completed,1
remember,1
illegitimate,1
founded,1
births,1
john,1
bland,1
preferred,1
obvious,1
lois,1
slaves,1
fine,1
reflection,1
barry,1
whatever,1
region,1
brought,1
peace,1
thereby,1
reported,1
attacked,1
part,1
burwell,1
comps,1
breen,1
owners,1
civil,1
quantity,1
dice,1
apply,1
above,1
nation,1
supreme,1
snares,1
gender,1
experience,1
top,1
elizabeth,1
explication,1
commissioned,1
ruck,1
v,1
genuine,1
tale,1
succumbed,1
database,1
collection,1
during,1
place,1
rivers,1
virtually,1
merchant,1
obscured,1
make,1
inferences,1
languid,1
colonized,1
issues,1
mid,1
complements,1
densely,1
learned,1
numbered,1
questions,1
eighteenthcentury,1
conflict,1
percys,1
connecticut,1
individuals,1
our,1
prepared,1
throughout,1
check,1
false,1
review,1
states,1
ends,1
squeezed,1
dismissed,1
riding,1
illness,1
netherlands,1
described,1
ulrich,1
wilbur,1
genealogies,1
underwood,1
mine,1
unable,1
ties,1
trade,1
low,1
interested,1
open,1
afterward,1
challenging,1
throgmortons,1
subtle,1
indexed,1
historic,1
against,1
leads,1
graduate,1
hidden,1
abused,1
paradigm,1
tables,1
approach,1
october,1
dramatically,1
either,1
fallacy,1
national,1
publication,1
sic,1
g,1
author,1
suzanne,1
latecomers,1
earth,1
trap,1
peter,1
logic,1
ancestry,1
someone,1
characteristic,1
unwary,1
ray,1
august,1
course,1
fecundity,1
computer,1
adopted,1
symposium,1
pride,1
owne,1
derived,1
land,1
chronology,1
schoolboy,1
discerning,1
like,1
hard,1
period,1
so,1
levy,1
pay,1
preliminary,1
dictionary,1
schools,1
arrivals,1
held,1
gentry,1
contrast,1
clothes,1
offhand,1
presumptive,1
hours,1
discourse,1
sponsors,1
mainframe,1
owned,1
standard,1
exceeded,1
davis,1
martin,1
defense,1
different,1
old,1
around,1
immigrants,1
person,1
never,1
diary,1
stored,1
times,1
document,1
concrete,1
band,1
metachronism,1
profits,1
soil,1
eleven,1
inescapable,1
probate,1
subjects,1
article,1
marriage,1
thatcher,1
deed,1
inspired,1
eyes,1
lesbian,1
tarried,1
souths,1
chapel,1
third,1
presence,1
affectional,1
byrd,1
craft,1
newcomers,1
radio,1
mason,1
massachusetts,1
started,1
choosing,1
arranged,1
concluded,1
johnson,1
anderson,1
misleading,1
folkways,1
philip,1
be,1
assigning,1
wyats,1
muchneeded,1
patrilineal,1
up,1
substantial,1
obscure,1
even,1
valley,1
entire,1
documentary,1
cattle,1
story,1
deceased,1
communication,1
shaving,1
equivalent,1
look,1
attracted,1
world,1
forbear,1
notice,1
dejohn,1
notes,1
kolbe,1
abstracted,1
leadership,1
governor,1
should,1
quarter,1
controversial,1
conceded,1
asked,1
thought,1
surely,1
chickeleys,1
built,1
roles,1
cultural,1
adventures,1
close,1
notecards,1
geographical,1
moldsworths,1
heard,1
commemorates,1
seemed,1
objected,1
confluence,1
incidental,1
readers,1
matriarchy,1
budget,1
