WORDCOUNTS,WEIGHT
the,143
of,121
in,71
a,57
and,57
is,41
to,40
as,39
that,28
he,21
it,19
by,19
are,19
his,17
for,16
s,16
this,16
was,15
on,15
not,13
who,12
with,12
america,12
but,11
much,11
early,11
their,10
american,10
about,10
so,10
lockridge,10
one,9
or,9
most,9
history,9
people,9
p,8
colonial,8
essay,8
an,8
society,8
subject,7
they,7
construction,7
essays,7
also,7
collection,7
were,7
like,7
at,6
i,6
more,6
out,6
what,6
some,6
through,6
which,6
have,6
themselves,6
be,6
book,5
from,5
these,5
greven,5
has,5
treated,5
identity,5
individuals,5
bolling,5
glass,5
order,5
darkly,5
self,5
white,5
we,5
if,4
how,4
life,4
unusual,4
howe,4
pp,4
today,4
before,4
only,4
representative,4
where,4
reviews,4
historians,4
public,4
women,4
own,4
authors,4
interest,4
course,4
pathological,4
highly,4
between,4
feelings,4
even,4
than,4
seems,3
european,3
unstable,3
experience,3
reference,3
make,3
sobel,3
class,3
often,3
murder,3
university,3
us,3
then,3
show,3
volume,3
selves,3
all,3
time,3
end,3
personality,3
there,3
men,3
though,3
merrill,3
writes,3
well,3
civilized,3
upon,3
virginia,3
its,3
whole,3
place,3
human,3
when,3
our,3
such,3
argues,3
murderer,3
since,3
three,3
modem,3
individual,3
least,3
gentry,3
marchland,3
treats,3
june,3
subjects,3
does,2
now,2
interesting,2
common,2
will,2
kenneth,2
minorities,2
explain,2
widespread,2
male,2
female,2
worthy,2
institutions,2
terms,2
religious,2
myth,2
violence,2
walker,2
studies,2
sailors,2
marginal,2
evangelical,2
bad,2
under,2
isaac,2
physically,2
unlike,2
culture,2
contemporaries,2
indian,2
norton,2
simply,2
her,2
social,2
members,2
problems,2
norbert,2
years,2
important,2
know,2
others,2
rare,2
control,2
many,2
had,2
cultures,2
corporal,2
different,2
engaged,2
whom,2
stories,2
societies,2
here,2
typical,2
byrd,2
lived,2
manifested,2
tells,2
atlantic,2
personal,2
bizarre,2
historical,2
identities,2
nevertheless,2
man,2
past,2
rhetoric,2
punishment,2
do,2
those,2
same,2
cultural,2
institute,2
daniel,2
racial,2
british,2
making,2
case,2
jefferson,2
comes,2
however,2
rich,2
perhaps,2
fascination,2
insecure,2
always,2
because,2
abuse,2
almost,2
both,2
richard,2
reader,2
elias,2
claim,2
writings,2
private,2
psychological,2
characterization,2
concerned,2
undertaken,2
press,2
two,2
himself,2
gender,2
use,2
enterprise,2
behavior,2
faculty,2
chosen,2
evidence,2
rage,2
development,2
quality,2
personalities,2
makes,2
change,2
instead,2
times,2
although,2
sense,2
would,2
states,2
played,2
kind,2
defined,2
voluntary,2
black,2
montour,2
mechal,2
omohundro,2
construct,2
rhys,2
find,2
generally,2
child,2
up,2
story,2
focus,2
world,2
taylor,2
deeply,2
should,2
ago,2
attention,2
roles,2
negative,1
renamed,1
may,1
resolve,1
discipline,1
bernard,1
oxford,1
pervaded,1
aspirations,1
discussing,1
via,1
currently,1
respect,1
situation,1
americans,1
replacing,1
whose,1
temperament,1
chances,1
reflects,1
matter,1
variety,1
absence,1
practices,1
laurel,1
humanitarian,1
poet,1
exhaust,1
george,1
true,1
english,1
atypical,1
meaning,1
been,1
troubled,1
you,1
sympathies,1
culturally,1
indeed,1
synthesis,1
commitment,1
surprisingly,1
pieces,1
hill,1
premodern,1
limited,1
unresolved,1
influential,1
deadly,1
teute,1
appreciation,1
citizens,1
anniversary,1
politeness,1
longest,1
fury,1
concerns,1
presentation,1
process,1
connection,1
extension,1
difficult,1
convicted,1
retreat,1
practiced,1
community,1
seen,1
context,1
killing,1
orphanages,1
popularity,1
opportunity,1
celebrate,1
comments,1
thirteen,1
revisiting,1
rapidly,1
try,1
pastspecifically,1
benjamin,1
innovation,1
pathologies,1
special,1
positive,1
introductory,1
danger,1
judicious,1
superb,1
read,1
puritans,1
reforms,1
feel,1
achieve,1
practicing,1
surprising,1
flux,1
frontier,1
effort,1
dead,1
perpetrators,1
education,1
characterizes,1
forgotten,1
yet,1
centuries,1
thought,1
fascinating,1
thomas,1
get,1
examined,1
opportunities,1
lives,1
voluntarily,1
dreams,1
empower,1
grounded,1
expects,1
england,1
joseph,1
sex,1
empowering,1
evolved,1
whereas,1
issue,1
psychoanalytic,1
paradoxes,1
god,1
missionaries,1
clash,1
claims,1
improvement,1
circumscribed,1
index,1
recreation,1
familiar,1
anthropological,1
image,1
harsh,1
title,1
symptomatic,1
heavy,1
interpersonal,1
orders,1
amid,1
arising,1
illuminated,1
just,1
indeterminate,1
following,1
ideologies,1
imitation,1
impact,1
sharply,1
mary,1
colony,1
result,1
no,1
northeastern,1
mentioned,1
changing,1
too,1
democratization,1
character,1
without,1
narratives,1
hints,1
themes,1
educational,1
chooses,1
commonly,1
emotional,1
ever,1
said,1
she,1
came,1
devoted,1
gentlemen,1
origins,1
powerful,1
psychoanalysis,1
exposition,1
t,1
beyond,1
wondering,1
explaining,1
satisfactory,1
especially,1
defines,1
organization,1
sources,1
gentleman,1
tries,1
consequence,1
invention,1
diary,1
actually,1
rather,1
certainly,1
successfully,1
asks,1
admit,1
victorian,1
offers,1
back,1
aspect,1
left,1
alternative,1
interests,1
rapist,1
odd,1
interested,1
ronald,1
commuted,1
locke,1
later,1
thereare,1
thatcher,1
might,1
protestant,1
spend,1
systems,1
over,1
christ,1
anesthetics,1
presented,1
around,1
alan,1
reflections,1
conquest,1
each,1
ourselves,1
sure,1
projects,1
illuminate,1
huge,1
analgesics,1
calvinism,1
j,1
paper,1
efforts,1
definition,1
worth,1
fact,1
hoffman,1
deviance,1
setting,1
path,1
secondary,1
europe,1
major,1
merwick,1
benevolent,1
xii,1
cupboard,1
could,1
carter,1
relates,1
carrying,1
found,1
desire,1
firm,1
hands,1
appeared,1
versailles,1
universal,1
current,1
intersected,1
treatments,1
inquiry,1
dysfunctional,1
normative,1
angry,1
changed,1
deal,1
diverse,1
new,1
ocean,1
hundred,1
rebirth,1
generalizations,1
sustaining,1
hannah,1
antiquarianism,1
pornographic,1
everything,1
contemporary,1
noting,1
styles,1
arguably,1
barnard,1
feature,1
ancestry,1
audiences,1
conditioned,1
slighted,1
fellow,1
respects,1
patriarchal,1
person,1
turned,1
beth,1
charged,1
exceptions,1
primitive,1
regression,1
employment,1
occupation,1
robert,1
william,1
remarkable,1
defending,1
bailyn,1
committed,1
mainly,1
attain,1
executions,1
johns,1
aspects,1
tell,1
unique,1
receives,1
them,1
whether,1
vulnerable,1
recently,1
selected,1
form,1
persons,1
less,1
see,1
desires,1
dislike,1
want,1
forth,1
grounds,1
portrays,1
vivid,1
males,1
conviction,1
violent,1
norms,1
juxtaposed,1
conclusion,1
core,1
college,1
belief,1
preoccupations,1
shall,1
eds,1
misogynistic,1
kett,1
books,1
anthropologists,1
demos,1
ordinary,1
arises,1
asylums,1
draws,1
hopkins,1
while,1
number,1
going,1
attaining,1
encountered,1
periphery,1
wants,1
influenced,1
saying,1
sexual,1
outgrowth,1
victims,1
frequently,1
cloth,1
retain,1
apex,1
colonies,1
main,1
property,1
another,1
information,1
indirectly,1
suicide,1
episode,1
fundamentally,1
status,1
welcome,1
emphasis,1
possible,1
e,1
logical,1
philip,1
understanding,1
receive,1
relief,1
planters,1
declares,1
literature,1
psychology,1
freedom,1
temperance,1
borderland,1
ideal,1
work,1
drawn,1
characterize,1
paradigmatic,1
felt,1
intense,1
memoranda,1
genteel,1
conference,1
already,1
made,1
little,1
explanation,1
shipboard,1
john,1
notary,1
slaves,1
dutch,1
region,1
marginality,1
except,1
discusses,1
ignores,1
timothy,1
competing,1
surrealistic,1
example,1
whites,1
uncertain,1
switched,1
knowledge,1
recapitulation,1
brittle,1
republic,1
carolina,1
elite,1
african,1
brutal,1
concern,1
lies,1
analyzing,1
marginalized,1
shocking,1
probably,1
measure,1
implications,1
wholesome,1
tale,1
mistake,1
wonderful,1
plantation,1
illustrate,1
emphasize,1
inherited,1
socially,1
contains,1
colonized,1
records,1
writing,1
repeatedly,1
bits,1
homosexual,1
think,1
lifestyle,1
natives,1
goal,1
thus,1
andrew,1
franklin,1
throughout,1
come,1
full,1
middle,1
reflect,1
fredrika,1
anything,1
relationships,1
until,1
expect,1
fourteenth,1
described,1
ulrich,1
showing,1
missions,1
bolster,1
landon,1
taken,1
difficulties,1
rejected,1
received,1
ignored,1
significance,1
professor,1
challenging,1
sensibilities,1
borderlands,1
objective,1
predetermined,1
presentations,1
contradictions,1
pursuit,1
adding,1
sentimentalism,1
donna,1
write,1
g,1
authenticities,1
washington,1
author,1
finally,1
points,1
quests,1
good,1
characteristic,1
relatively,1
concentrates,1
depressing,1
mixed,1
enlightenment,1
lifestyles,1
describing,1
fiftieth,1
price,1
length,1
reformers,1
balanced,1
adduced,1
texts,1
him,1
reshape,1
term,1
collected,1
centrality,1
traveled,1
effects,1
recourse,1
diaspora,1
grabs,1
into,1
reaches,1
provides,1
developments,1
theorists,1
complains,1
better,1
sentence,1
contradiction,1
perspective,1
psychopathology,1
several,1
autonomy,1
mind,1
few,1
somehow,1
pain,1
choose,1
pioneering,1
trying,1
catherine,1
rest,1
chapel,1
extraordinary,1
editors,1
differently,1
single,1
become,1
models,1
suitable,1
still,1
large,1
interpretations,1
deviant,1
kinship,1
conclude,1
boundaries,1
vary,1
effect,1
forms,1
stemming,1
define,1
can,1
fashions,1
hierarchical,1
profit,1
james,1
visible,1
imprisonment,1
london,1
everyday,1
progress,1
working,1
st,1
dependent,1
interaction,1
evangelicals,1
margin,1
proper,1
citations,1
figures,1
strong,1
breen,1
border,1
north,1
harried,1
prevail,1
patterns,1
discovering,1
value,1
general,1
adult,1
historically,1
provided,1
hardly,1
unrepresentative,1
enrich,1
normal,1
word,1
valuable,1
close,1
tragic,1
isn,1
enjoy,1
court,1
widely,1
logic,1
jeffrey,1
stands,1
tormented,1
calls,1
