WORDCOUNTS,WEIGHT
the,185
of,147
and,104
to,76
in,65
a,55
speech,54
s,52
rabban,40
that,38
first,35
free,31
amendment,30
for,28
progressives,27
p,27
on,26
as,25
history,24
their,22
was,18
his,17
by,17
i,17
progressive,17
is,15
from,15
political,13
war,13
it,12
contemporary,12
an,12
he,11
not,11
book,11
rights,10
analysis,10
more,10
had,10
court,10
ww,10
schroeder,10
freedoms,9
legal,9
american,9
broad,9
also,9
new,9
its,9
were,9
social,9
fsl,9
with,8
repressive,8
state,8
public,8
expression,8
which,8
standard,8
between,8
era,8
world,8
than,8
act,7
they,7
government,7
america,7
radicals,7
defense,7
theorists,7
chafee,7
study,6
under,6
before,6
these,6
age,6
published,6
all,6
are,6
gilded,6
advocates,6
protective,6
judicial,6
postwar,6
individual,6
development,6
controversies,6
even,6
at,5
sex,5
claims,5
into,5
liberties,5
no,5
most,5
law,5
opponents,5
scholars,5
principles,5
tradition,5
did,5
there,5
current,5
reviews,5
them,5
constitutional,5
work,5
intellectual,5
century,5
after,5
siegel,5
early,5
courts,4
may,4
scholar,4
about,4
holmes,4
thought,4
dewey,4
protection,4
seems,4
any,4
culture,4
but,4
democratic,4
only,4
other,4
power,4
over,4
december,4
extent,4
leading,4
never,4
hand,4
theodore,4
can,4
however,4
has,4
such,4
prior,4
through,4
supreme,4
during,4
ideas,4
labor,4
throughout,4
this,4
although,4
unpopular,4
so,4
one,4
debate,4
fully,4
protecting,3
rather,3
syndicalism,3
commitment,3
truth,3
eminent,3
freund,3
grounded,3
historians,3
university,3
included,3
contempt,3
test,3
theory,3
every,3
permanent,3
established,3
colorado,3
rapid,3
attacks,3
control,3
epilogue,3
right,3
john,3
focused,3
protections,3
libertarian,3
argued,3
almost,3
having,3
when,3
prewar,3
libertarians,3
doctrines,3
part,3
laws,3
became,3
subject,3
philosophy,3
anarchism,3
freedom,3
issues,3
learned,3
years,3
illustrates,3
twentieth,3
national,3
like,3
application,3
individualism,3
thomas,3
speak,3
autonomy,3
written,3
response,3
narrative,3
patterson,3
views,3
among,3
tendency,3
should,3
decision,3
does,2
fifty,2
york,2
provide,2
hostility,2
will,2
ernst,2
action,2
economic,2
been,2
vigorously,2
corporate,2
wrote,2
proscribe,2
toward,2
how,2
prosecutions,2
primarily,2
notion,2
red,2
who,2
necessary,2
introduction,2
thinkers,2
make,2
speakers,2
police,2
strategic,2
why,2
enacted,2
danger,2
united,2
repression,2
moreover,2
yet,2
articles,2
changes,2
bad,2
consider,2
entry,2
thesis,2
incitement,2
presents,2
eventually,2
sum,2
same,2
herbert,2
litigation,2
cooley,2
series,2
frequently,2
four,2
show,2
two,2
pornography,2
experience,2
t,2
stephen,2
affairs,2
brandeis,2
certainly,2
text,2
left,2
dominant,2
important,2
or,2
opinion,2
implicitly,2
view,2
many,2
greater,2
be,2
officials,2
based,2
shows,2
pragmatic,2
assertion,2
reform,2
normative,2
changed,2
concludes,2
radical,2
half,2
late,2
knows,2
somewhat,2
what,2
insensitive,2
whether,2
less,2
system,2
regarded,2
governance,2
opposition,2
draws,2
adverse,2
sexual,2
because,2
aspects,2
premised,2
failure,2
precedent,2
property,2
local,2
understanding,2
discussion,2
popular,2
both,2
powers,2
dissenters,2
claim,2
clear,2
writings,2
recognition,2
protected,2
given,2
say,2
example,2
civil,2
press,2
republic,2
november,2
entirely,2
year,2
discussions,2
virtually,2
causes,2
scare,2
croly,2
goal,2
chapters,2
our,2
full,2
commercial,2
rejected,2
schofield,2
medical,2
position,2
aware,2
interest,2
forgotten,2
course,2
david,2
outmoded,2
successful,2
would,2
general,2
states,2
already,2
politically,2
prosecuted,2
especially,2
supported,2
few,2
subjects,2
governments,2
allowed,2
protect,2
scholarship,2
generally,2
field,2
little,2
journal,2
blackstone,2
we,2
notes,2
value,2
broader,2
premise,1
culmination,1
illustrating,1
entitled,1
void,1
aim,1
democracy,1
depth,1
lochner,1
girl,1
opposed,1
confined,1
now,1
edition,1
fined,1
led,1
imprint,1
relationship,1
second,1
firmer,1
critics,1
implications,1
nationally,1
today,1
equality,1
publishing,1
advocate,1
variety,1
changing,1
without,1
various,1
heroes,1
common,1
fairly,1
contended,1
sometimes,1
meticulously,1
wary,1
within,1
union,1
contrast,1
criminal,1
spectacle,1
criticize,1
defenders,1
debated,1
ironic,1
foray,1
concern,1
breadth,1
dangers,1
activist,1
decades,1
return,1
impact,1
assassination,1
extend,1
attitude,1
college,1
widespread,1
worthy,1
intriguing,1
remote,1
lasting,1
sensitive,1
oppressed,1
prove,1
alone,1
community,1
transformed,1
mainstream,1
notably,1
makes,1
woods,1
suggests,1
freely,1
wider,1
remaining,1
importance,1
grew,1
talk,1
movement,1
fora,1
mea,1
parts,1
hold,1
decisions,1
denied,1
whole,1
positive,1
reconsider,1
methods,1
jurisdictions,1
provisions,1
use,1
illustrations,1
hierarchical,1
multifaceted,1
essays,1
low,1
philosophies,1
achieve,1
blessing,1
consequences,1
likely,1
panoply,1
competition,1
blocked,1
moves,1
federal,1
forced,1
support,1
months,1
antagonism,1
rulings,1
eighteen,1
suppression,1
pp,1
soap,1
commenting,1
fights,1
rigorous,1
advancing,1
array,1
regularly,1
considerations,1
censored,1
march,1
formally,1
matters,1
broadside,1
challenged,1
mckinley,1
devices,1
justified,1
index,1
arguments,1
familiar,1
occurred,1
inequality,1
home,1
emergence,1
tepid,1
release,1
observing,1
aversion,1
seeking,1
liberty,1
just,1
safe,1
criticizing,1
viewpoints,1
something,1
invariably,1
gradually,1
arguing,1
revision,1
historiography,1
corresponding,1
words,1
reviewed,1
invalidating,1
received,1
faith,1
xi,1
women,1
animus,1
begins,1
ever,1
said,1
speaking,1
consistent,1
impatience,1
anything,1
forgetting,1
brief,1
picture,1
concerning,1
love,1
masses,1
separately,1
persuasive,1
warren,1
sources,1
modest,1
stark,1
actually,1
requires,1
convincing,1
rocky,1
exploitation,1
imprisonment,1
zechariah,1
spring,1
drew,1
regulating,1
transformation,1
interests,1
column,1
researched,1
groups,1
technique,1
m,1
ingenuity,1
devastating,1
limit,1
quickly,1
know,1
rehashing,1
undermines,1
advocated,1
appear,1
lessons,1
terrain,1
anywhere,1
obscene,1
constructive,1
each,1
addition,1
advanced,1
illuminate,1
complementary,1
proponents,1
enlarged,1
standards,1
benevolent,1
closely,1
advance,1
autonomous,1
different,1
turnabout,1
inclined,1
longer,1
setting,1
denigrate,1
wide,1
condescending,1
seem,1
treatment,1
available,1
overwhelming,1
allow,1
areas,1
tolerate,1
rule,1
own,1
creative,1
begun,1
comstock,1
speeches,1
propaganda,1
strength,1
versailles,1
paints,1
differences,1
indeed,1
regulation,1
allied,1
against,1
attempt,1
choice,1
pressed,1
then,1
inevitably,1
time,1
children,1
enable,1
confront,1
particularly,1
commentary,1
diverse,1
denver,1
substantive,1
preferring,1
focuses,1
disciple,1
very,1
carolina,1
withering,1
disingenuous,1
uncovered,1
uphold,1
arthur,1
sanger,1
sought,1
pictures,1
possibility,1
shield,1
past,1
interpretations,1
philosophical,1
mass,1
fellow,1
question,1
devised,1
last,1
merely,1
turned,1
undreamt,1
emphasized,1
following,1
henry,1
randolph,1
meant,1
hatemongers,1
defend,1
boxes,1
equal,1
mail,1
committed,1
banned,1
johns,1
proceedings,1
unsympathetic,1
harassment,1
venereal,1
postal,1
context,1
establish,1
eliciting,1
contents,1
welfare,1
form,1
devoid,1
contested,1
larger,1
making,1
manipulable,1
case,1
supports,1
contraceptive,1
underpinnings,1
imposed,1
deported,1
material,1
conviction,1
wartime,1
existence,1
rich,1
core,1
writes,1
belief,1
required,1
controversy,1
problem,1
cogently,1
listen,1
immersed,1
streets,1
hopkins,1
explicitly,1
doctrine,1
league,1
libel,1
draw,1
day,1
thoroughly,1
well,1
violent,1
scant,1
safeguards,1
depaul,1
another,1
influenced,1
espionage,1
suppress,1
disagreements,1
jurisprudence,1
imprisoned,1
some,1
judiciary,1
probing,1
classes,1
private,1
threat,1
permeated,1
pacifist,1
used,1
vast,1
deportation,1
campaigns,1
disease,1
landowners,1
scope,1
devotes,1
birth,1
industrial,1
pornographers,1
founded,1
upon,1
range,1
occasionally,1
possible,1
commissioner,1
alien,1
purpose,1
canvassing,1
interchange,1
explains,1
despite,1
denial,1
painfully,1
seminal,1
prolific,1
forge,1
end,1
justices,1
insensitivity,1
debates,1
gender,1
routinely,1
criticized,1
impose,1
granting,1
significant,1
subculture,1
willingness,1
treatise,1
modem,1
have,1
neglect,1
lesson,1
misrepresentation,1
cursory,1
demonstrates,1
controlled,1
congress,1
culpa,1
aspect,1
historiographical,1
divorced,1
refutation,1
nothing,1
upheld,1
debs,1
proscription,1
denying,1
seek,1
bourne,1
contentious,1
review,1
legislation,1
newspaper,1
theories,1
minimize,1
historically,1
powerful,1
radicalism,1
argument,1
north,1
president,1
editor,1
requirements,1
reaction,1
cambridge,1
media,1
sedition,1
discovered,1
margaret,1
arrested,1
initial,1
ardent,1
contract,1
analyzing,1
paradigm,1
emphasizing,1
heuristic,1
numerous,1
authors,1
authored,1
acknowledges,1
publication,1
write,1
offended,1
author,1
flowered,1
dominated,1
restrictions,1
supportive,1
harm,1
good,1
change,1
widen,1
parallels,1
move,1
elegantly,1
sense,1
touches,1
historiographically,1
proceeding,1
cultural,1
slander,1
period,1
co,1
prodigious,1
workers,1
him,1
suggest,1
rooted,1
high,1
admitted,1
senator,1
next,1
strove,1
mountain,1
financing,1
filled,1
precedents,1
explicating,1
candidates,1
shift,1
explicate,1
consideration,1
expired,1
hate,1
involved,1
deftly,1
increased,1
campaign,1
attend,1
anybody,1
underlying,1
times,1
perspective,1
dissent,1
offered,1
consensus,1
prosecution,1
news,1
orchestrated,1
promote,1
evolutionary,1
substitute,1
canvasses,1
craft,1
become,1
research,1
themselves,1
allowing,1
narrow,1
archival,1
respond,1
accordingly,1
telling,1
corporations,1
individualistic,1
enlightened,1
alas,1
v,1
weight,1
drawn,1
guise,1
guess,1
present,1
valuation,1
focus,1
critique,1
details,1
city,1
emphasize,1
connections,1
remarks,1
appropriate,1
avoid,1
hope,1
encompassing,1
acknowledge,1
immigration,1
close,1
patten,1
aftermath,1
preconceptions,1
continuity,1
major,1
justice,1
apparent,1
let,1
parks,1
