WORDCOUNTS,WEIGHT
the,161
of,109
and,88
in,64
to,62
du,60
bois,58
a,49
his,37
s,35
for,25
that,24
as,23
is,17
american,16
was,16
race,16
he,14
with,14
by,14
african,14
black,14
at,12
from,12
p,12
it,11
lewis,11
washington,11
university,10
biography,10
racial,10
an,10
history,9
on,9
one,8
life,8
i,8
be,8
w,7
first,7
new,7
would,7
when,7
later,6
who,6
b,6
education,6
or,6
had,6
america,6
civil,6
people,6
which,6
years,6
rights,5
if,5
e,5
white,5
not,5
then,5
but,5
social,5
atlanta,5
while,5
were,5
such,5
this,5
taylor,5
americans,4
york,4
wrote,4
berlin,4
importance,4
yet,4
two,4
fund,4
are,4
past,4
where,4
yolande,4
them,4
however,4
its,4
harvard,4
personal,4
negro,4
him,4
daughter,4
wife,4
professional,4
south,3
will,3
relationship,3
nina,3
five,3
opportunity,3
make,3
their,3
class,3
family,3
into,3
home,3
colored,3
industrial,3
most,3
also,3
victorian,3
challenge,3
over,3
historiography,3
my,3
other,3
best,3
great,3
lived,3
man,3
scholarship,3
what,3
reviews,3
less,3
spoke,3
public,3
president,3
both,3
even,3
through,3
year,3
central,3
review,3
since,3
have,3
interracial,3
so,3
attempted,3
after,3
between,3
debate,3
early,3
we,3
than,3
north,3
leadership,3
am,3
compromise,3
society,3
model,2
nonetheless,2
science,2
doctorate,2
love,2
she,2
truth,2
activist,2
return,2
worthy,2
success,2
reconstruction,2
eight,2
they,2
recognize,2
movement,2
philadelphia,2
intellectual,2
expectations,2
hope,2
once,2
true,2
suppression,2
genius,2
ideals,2
before,2
proposed,2
culture,2
attired,2
women,2
simply,2
bedales,2
t,2
present,2
volume,2
here,2
book,2
quickly,2
villard,2
quintard,2
december,2
slater,2
europe,2
marginalization,2
explores,2
could,2
speech,2
time,2
intellectuals,2
john,2
historical,2
spingarn,2
initial,2
hose,2
william,2
informed,2
johns,2
accepted,2
can,2
otherwise,2
lynching,2
naacp,2
historians,2
task,2
her,2
hopkins,2
right,2
levering,2
remained,2
von,2
future,2
marked,2
permeated,2
urban,2
estrangement,2
literature,2
penned,2
burden,2
advancement,2
enormous,2
example,2
denial,2
press,2
nation,2
himself,2
letter,2
come,2
only,2
own,2
professor,2
against,2
national,2
good,2
sat,2
held,2
david,2
unfailingly,2
you,2
association,2
pages,2
educational,2
folk,2
research,2
hand,2
elites,2
johnson,2
era,2
views,2
up,2
men,2
progress,2
student,2
given,2
fellowship,2
souls,2
proper,2
city,2
duality,2
meeting,2
close,2
final,1
panache,1
higher,1
bushnell,1
trustees,1
superiority,1
assimilation,1
archives,1
aspirations,1
sixteen,1
lenin,1
high,1
gustav,1
condolences,1
heretofore,1
led,1
supremacy,1
laureate,1
devote,1
second,1
racism,1
wishes,1
urged,1
confines,1
whose,1
personally,1
page,1
forces,1
today,1
played,1
raise,1
influential,1
tables,1
africa,1
window,1
equals,1
calibrated,1
autobiographies,1
fitly,1
act,1
declared,1
curtailed,1
letters,1
english,1
institutions,1
l,1
minorities,1
ostensibly,1
holiday,1
groups,1
magisterial,1
defenders,1
stood,1
declaring,1
impressive,1
ideology,1
service,1
pretentious,1
garrison,1
edward,1
spans,1
subject,1
represent,1
progenitor,1
saratoga,1
schemes,1
description,1
feet,1
steps,1
college,1
multicultural,1
naively,1
nexus,1
opposed,1
lofty,1
inferior,1
exclusiveness,1
now,1
represented,1
projecting,1
inexplicable,1
seen,1
uncompleted,1
flaws,1
iowa,1
introduction,1
brilliantly,1
subconscious,1
heard,1
humanity,1
backdrop,1
rapidly,1
riots,1
scholar,1
religious,1
settled,1
insecurity,1
inspired,1
awed,1
gratefully,1
arts,1
illustrations,1
properly,1
analysis,1
diverge,1
designed,1
gentlemanly,1
existed,1
advised,1
about,1
spoken,1
plodder,1
embellishing,1
repression,1
formed,1
dead,1
pivotal,1
silvina,1
doubly,1
mother,1
gathering,1
blurt,1
dear,1
mao,1
h,1
ordeal,1
soul,1
doors,1
face,1
solutions,1
divorce,1
club,1
insight,1
studies,1
pp,1
albert,1
figured,1
struggle,1
win,1
subordinated,1
funeral,1
romantic,1
country,1
lavished,1
mission,1
ogled,1
africanism,1
lyndon,1
subservient,1
notwithstanding,1
praise,1
conservation,1
former,1
decade,1
morehouse,1
inspiration,1
reconstruct,1
detail,1
prejudice,1
us,1
organization,1
neither,1
enigma,1
index,1
perceived,1
tome,1
acquired,1
images,1
benefits,1
literary,1
organized,1
encourage,1
occurred,1
roughly,1
poignant,1
planned,1
question,1
any,1
conversely,1
latin,1
rejecting,1
continents,1
literate,1
defensiveness,1
historian,1
aspiring,1
revered,1
days,1
believed,1
accomplishments,1
realities,1
shifting,1
hayes,1
friendship,1
mary,1
syllable,1
jersey,1
contemporaries,1
outlined,1
attuned,1
wayland,1
deliver,1
argued,1
twentiethcentury,1
largest,1
without,1
age,1
conflate,1
needs,1
show,1
oppressed,1
tuskegee,1
harlem,1
chat,1
uneasily,1
satisfying,1
store,1
urgency,1
boisian,1
rise,1
powerful,1
joel,1
follow,1
xiv,1
dube,1
decidedly,1
hart,1
childhood,1
followed,1
chose,1
persuasive,1
sam,1
nicknamed,1
consequence,1
long,1
embraced,1
rather,1
emulation,1
intensely,1
organizations,1
contextually,1
loving,1
oppression,1
name,1
expulsion,1
posed,1
human,1
deterred,1
trustee,1
set,1
belief,1
kenyetta,1
dominant,1
strictures,1
nationality,1
school,1
give,1
symbolized,1
fell,1
outcome,1
decades,1
baptist,1
penchant,1
academy,1
conflict,1
constitution,1
accommodationist,1
utilization,1
denounce,1
escorted,1
slavery,1
emerged,1
each,1
all,1
ourselves,1
partisans,1
added,1
many,1
england,1
postreconstruction,1
paper,1
asia,1
standards,1
unshakable,1
chair,1
came,1
based,1
shows,1
correct,1
global,1
whom,1
slave,1
introduce,1
board,1
believe,1
agenda,1
scientists,1
scholars,1
did,1
twenty,1
agrarian,1
conscientiously,1
advantage,1
fortunes,1
suggesting,1
train,1
found,1
broadly,1
display,1
reasons,1
documents,1
generations,1
exclusion,1
philanthropy,1
archibald,1
salvos,1
inevitably,1
sobering,1
absented,1
prize,1
vibrant,1
out,1
break,1
inherent,1
rhapsodic,1
cure,1
blackened,1
staunchest,1
wholly,1
conflating,1
cosmopolitan,1
pass,1
knuckles,1
events,1
far,1
primacy,1
heinrich,1
feud,1
contentious,1
towering,1
interviewing,1
useless,1
grip,1
emerge,1
banquet,1
aplomb,1
illness,1
featured,1
consummate,1
above,1
advocacy,1
fresh,1
embrace,1
arrogance,1
appeared,1
impressively,1
type,1
accent,1
course,1
confidently,1
wonder,1
forms,1
zedong,1
places,1
academic,1
infinitely,1
state,1
ben,1
miles,1
phd,1
singular,1
do,1
remainder,1
henry,1
gomer,1
just,1
sexual,1
solace,1
activism,1
knows,1
unsuited,1
born,1
cultural,1
according,1
vocational,1
bigamist,1
due,1
solved,1
youthful,1
norton,1
sadly,1
economy,1
secular,1
career,1
continuing,1
carefully,1
daniel,1
oregon,1
subjugation,1
amnesia,1
whether,1
vulnerable,1
terms,1
deft,1
form,1
renaissance,1
sweeping,1
speaker,1
priorities,1
rising,1
met,1
council,1
philanthropists,1
particular,1
independently,1
sociology,1
imposed,1
record,1
fused,1
covers,1
conclusion,1
alfred,1
your,1
sociologist,1
perish,1
dwellers,1
books,1
maine,1
moaning,1
impoverished,1
reminder,1
jewish,1
conspicuous,1
reconciled,1
primary,1
booker,1
inexplicably,1
periphery,1
flattering,1
answered,1
mandated,1
insisting,1
hall,1
abruptly,1
slum,1
remains,1
failure,1
gloves,1
birthday,1
ahmad,1
trade,1
learning,1
another,1
treitschke,1
published,1
having,1
participation,1
responses,1
some,1
capable,1
fitting,1
possible,1
politics,1
compelling,1
understanding,1
stance,1
minute,1
discussion,1
rutherford,1
father,1
precluded,1
metaphor,1
conference,1
fashionably,1
alliance,1
phenomena,1
bibliography,1
moralist,1
upon,1
unquestionably,1
impeachment,1
currently,1
pulitzer,1
concluding,1
transcend,1
achievement,1
west,1
private,1
forging,1
characteristic,1
peace,1
combination,1
reported,1
little,1
headed,1
isle,1
excesses,1
closed,1
introduced,1
sea,1
familial,1
chauvinist,1
boyss,1
knowledge,1
holt,1
jomo,1
schmoller,1
became,1
vacation,1
pulls,1
role,1
mulattoes,1
duty,1
convinced,1
gender,1
encouraged,1
tried,1
district,1
ten,1
host,1
societal,1
lecture,1
theory,1
how,1
cofounding,1
constructs,1
moralizing,1
gave,1
accord,1
deserted,1
unfair,1
during,1
place,1
ghana,1
behavior,1
enraged,1
divided,1
much,1
cane,1
oppressing,1
illegitimacy,1
allows,1
work,1
ideas,1
prominently,1
writing,1
linked,1
victim,1
think,1
pan,1
thus,1
andrew,1
individuals,1
our,1
iron,1
paradox,1
recounting,1
bishop,1
publication,1
shotgun,1
surname,1
cry,1
revision,1
relegated,1
novels,1
continues,1
germany,1
haven,1
enthusiasm,1
devoted,1
theoretical,1
models,1
described,1
multiethnic,1
project,1
sharecropper,1
background,1
friendships,1
reveals,1
notes,1
accommodation,1
memoirs,1
observed,1
intensified,1
insights,1
tennis,1
three,1
graduate,1
twentieth,1
paradigm,1
adding,1
officer,1
comprehensive,1
papa,1
scathing,1
author,1
modernization,1
relevance,1
unconnected,1
mode,1
supportive,1
oswald,1
coit,1
pier,1
unflattering,1
crisis,1
change,1
protesting,1
stressed,1
ability,1
loosing,1
august,1
biracial,1
applicable,1
relations,1
instead,1
although,1
gilman,1
condescension,1
caused,1
describing,1
like,1
renew,1
cruel,1
manners,1
need,1
discernable,1
embodied,1
summer,1
writhing,1
creating,1
pay,1
wished,1
sample,1
barrier,1
century,1
protest,1
luridly,1
generation,1
burghardt,1
barrington,1
destiny,1
militant,1
initiate,1
periods,1
left,1
day,1
presenting,1
testament,1
provides,1
measured,1
emerging,1
event,1
recalling,1
inextricably,1
ignorance,1
campaign,1
never,1
transformation,1
sketchily,1
evident,1
accommodationists,1
caring,1
influence,1
few,1
problems,1
cogent,1
back,1
potential,1
expects,1
architect,1
highly,1
promote,1
study,1
priest,1
response,1
columbia,1
transcendence,1
portrait,1
young,1
races,1
hagiography,1
massachusetts,1
successful,1
narrow,1
radicals,1
startling,1
last,1
protect,1
citizens,1
inauguration,1
libraries,1
exactly,1
single,1
pronunciation,1
telling,1
exhibited,1
seattle,1
irrelevant,1
lowered,1
beginning,1
structure,1
always,1
barely,1
dunning,1
explore,1
tuskegean,1
movements,1
department,1
universities,1
persuaded,1
snobbery,1
precocious,1
describes,1
world,1
industrialization,1
enormously,1
away,1
persuading,1
appropriate,1
bella,1
niagara,1
should,1
newly,1
researcher,1
loyalties,1
provided,1
editorial,1
political,1
talent,1
termed,1
rest,1
coeds,1
brown,1
telegraphed,1
leaning,1
saliency,1
attended,1
glad,1
seemed,1
bigotry,1
murdered,1
china,1
grants,1
camouflage,1
community,1
