WORDCOUNTS,WEIGHT
the,134
of,105
in,71
and,71
johnson,57
a,47
to,43
his,42
s,35
he,30
was,22
as,20
with,19
that,17
political,16
new,13
roosevelt,13
american,12
an,12
at,11
lower,11
by,10
for,10
during,10
california,10
deal,9
hiram,9
became,9
who,8
not,8
liberal,8
first,8
state,8
war,8
progressive,8
but,7
which,7
were,7
so,7
on,7
world,7
republican,6
fdr,6
from,6
had,6
p,6
reform,6
senate,6
public,6
reformers,6
opposed,5
economic,5
often,5
w,5
power,5
late,5
national,5
although,5
even,5
continued,4
support,4
policy,4
or,4
history,4
two,4
also,4
opponents,4
did,4
link,4
internationalist,4
william,4
relations,4
opposition,4
u,4
remained,4
politics,4
describes,4
legislation,4
years,4
against,4
century,4
after,4
few,4
leadership,4
governor,4
nations,3
it,3
foreign,3
career,3
one,3
changes,3
university,3
isolationism,3
western,3
elected,3
most,3
increasingly,3
only,3
either,3
party,3
june,3
more,3
important,3
toward,3
expanding,3
tradition,3
half,3
domestic,3
reviews,3
system,3
progressivism,3
election,3
nation,3
convinced,3
himself,3
twentieth,3
him,3
senator,3
politically,3
supported,3
between,3
early,3
than,3
independent,2
act,2
internationalism,2
vision,2
international,2
rather,2
bloc,2
evans,2
turn,2
coke,2
their,2
japanese,2
led,2
life,2
class,2
white,2
convictions,2
is,2
authority,2
wake,2
treaty,2
thought,2
old,2
isolationist,2
under,2
grove,2
committee,2
policies,2
railroad,2
any,2
broke,2
these,2
biography,2
age,2
four,2
position,2
charles,2
set,2
taken,2
denounced,2
death,2
secretary,2
all,2
projects,2
insurgents,2
efforts,2
came,2
naive,2
groups,2
great,2
time,2
government,2
reflected,2
nationalism,2
i,2
further,2
prohibiting,2
what,2
ratification,2
viewed,2
attitudes,2
sought,2
america,2
hughes,2
when,2
ruef,2
father,2
popular,2
alliance,2
some,2
richard,2
values,2
through,2
civil,2
press,2
role,2
debates,2
neutrality,2
significant,2
loss,2
congress,2
bitter,2
conflict,2
sacramento,2
partisan,2
conference,2
stanford,2
rejected,2
president,2
this,2
own,2
interest,2
victory,2
crisis,2
officials,2
revolution,2
affairs,2
contrast,2
unsuccessfully,2
adopted,2
always,2
enemies,2
much,2
guard,2
race,2
seemed,2
limiting,1
typified,1
final,1
farm,1
overbearing,1
span,1
european,1
democracy,1
failed,1
accepting,1
voting,1
aspirations,1
ever,1
governorship,1
san,1
applications,1
soured,1
americans,1
york,1
november,1
bull,1
greensboro,1
belonged,1
limits,1
no,1
regulate,1
upright,1
higher,1
needy,1
recall,1
concerned,1
bold,1
later,1
figure,1
opportunism,1
hemispheric,1
been,1
paralyzed,1
encompassed,1
short,1
relieving,1
commitment,1
remnants,1
expansion,1
resisted,1
basic,1
play,1
affected,1
distress,1
antagonistic,1
nationwide,1
lack,1
dangers,1
borah,1
process,1
e,1
mood,1
april,1
reduce,1
frequently,1
active,1
boss,1
team,1
inability,1
intervention,1
designs,1
lawrence,1
legal,1
sponsored,1
sympathetic,1
similar,1
unsuccessful,1
wilson,1
transformation,1
stroke,1
group,1
center,1
derived,1
spanning,1
aligned,1
ix,1
partially,1
structural,1
study,1
provisions,1
effective,1
statewide,1
illustrations,1
immovable,1
fall,1
united,1
congressional,1
republicans,1
eccentric,1
education,1
supporting,1
federal,1
mexican,1
sinister,1
swept,1
sympathy,1
antagonism,1
push,1
multitude,1
remains,1
jonathan,1
insistence,1
pp,1
suspicious,1
investigate,1
soon,1
managed,1
obstructing,1
evolved,1
champions,1
discretionary,1
durability,1
leftward,1
disastrous,1
organization,1
campaign,1
river,1
established,1
school,1
idaho,1
intellectually,1
into,1
statesmanship,1
workmen,1
tax,1
pearl,1
wars,1
home,1
enigmatic,1
eventually,1
reformer,1
latin,1
warren,1
courtpacking,1
elsewhere,1
liberties,1
harold,1
days,1
believed,1
shifting,1
contested,1
house,1
revision,1
naval,1
eager,1
changing,1
twentiethcentury,1
exemplify,1
industrial,1
wisconsin,1
women,1
department,1
demonstrate,1
carolina,1
maverick,1
rigidly,1
member,1
rise,1
gravely,1
cast,1
railroads,1
decomposition,1
social,1
skillful,1
undermine,1
graft,1
progressives,1
long,1
worst,1
embraced,1
parliamentary,1
whom,1
resolution,1
votes,1
leader,1
commissions,1
successfully,1
connection,1
compensation,1
human,1
skill,1
interests,1
law,1
index,1
senators,1
odd,1
moose,1
researched,1
californianize,1
originally,1
ii,1
m,1
inflexible,1
military,1
quickly,1
legislature,1
again,1
others,1
presidency,1
attempt,1
responsibilities,1
put,1
promoting,1
principle,1
image,1
union,1
hoover,1
many,1
finance,1
budgetary,1
incapacity,1
unlike,1
herbert,1
harbor,1
confirmed,1
outside,1
noninterventionist,1
global,1
commission,1
uohnson,1
other,1
prejudices,1
path,1
agenda,1
professions,1
assembling,1
leading,1
could,1
leaders,1
accommodate,1
advantage,1
uneasy,1
style,1
striking,1
critic,1
paranoia,1
dictator,1
entered,1
plan,1
expense,1
erosion,1
momentum,1
typical,1
attack,1
allied,1
indifferent,1
then,1
children,1
parting,1
shot,1
out,1
objectives,1
larger,1
pacific,1
job,1
obviously,1
scheme,1
concludes,1
mississippi,1
very,1
d,1
end,1
personality,1
written,1
interior,1
audience,1
resulting,1
before,1
follette,1
historical,1
strident,1
pattern,1
wealthy,1
there,1
observes,1
ickes,1
utter,1
another,1
respects,1
term,1
caricature,1
last,1
puzzling,1
never,1
places,1
segmented,1
indicate,1
took,1
fourth,1
remainder,1
fame,1
those,1
robert,1
supporters,1
remarkable,1
traits,1
according,1
senatorial,1
succeeded,1
due,1
somewhat,1
where,1
theodore,1
johns,1
oldfashioned,1
broader,1
oregon,1
reelection,1
unique,1
terms,1
nationalist,1
unemployment,1
priorities,1
suffered,1
abraham,1
gilded,1
constitutional,1
troops,1
record,1
personalize,1
contemporaries,1
charter,1
perhaps,1
supporter,1
native,1
belief,1
silenced,1
governance,1
leaving,1
fight,1
east,1
distance,1
negotiated,1
chapter,1
hopkins,1
scene,1
firm,1
shrill,1
right,1
thoroughly,1
aspects,1
electing,1
such,1
commitments,1
taxes,1
imperial,1
gained,1
landslide,1
directly,1
legislate,1
local,1
espionage,1
participation,1
mandate,1
opened,1
suggests,1
phenomena,1
relief,1
work,1
strain,1
measures,1
abroad,1
pursue,1
league,1
move,1
occupy,1
demonic,1
voted,1
limitations,1
estranged,1
threatening,1
lifetime,1
attached,1
part,1
purpose,1
establishment,1
example,1
conception,1
laws,1
oppose,1
longstanding,1
referendum,1
along,1
provoked,1
constricted,1
its,1
turns,1
excessive,1
administration,1
personally,1
fiercely,1
everywhere,1
went,1
forged,1
year,1
use,1
willingness,1
deftness,1
obtain,1
place,1
behavior,1
versailles,1
conditions,1
issues,1
aggravated,1
emigrated,1
people,1
submitted,1
construct,1
reforms,1
gain,1
including,1
player,1
evolution,1
grotesque,1
acquiesced,1
belligerent,1
friday,1
debt,1
continue,1
franklin,1
personal,1
false,1
fears,1
office,1
affiliation,1
institution,1
idealism,1
endorsed,1
until,1
washington,1
platform,1
severe,1
development,1
both,1
exports,1
currents,1
overrepresented,1
challenging,1
defender,1
three,1
objective,1
moral,1
frustrated,1
realized,1
comprehensive,1
misplaced,1
machine,1
profession,1
author,1
agreement,1
reputation,1
catapulted,1
repelling,1
selfcentered,1
lonely,1
ability,1
course,1
rationalized,1
joined,1
least,1
consumers,1
divisions,1
judges,1
gop,1
southern,1
land,1
collaboration,1
like,1
fulfilled,1
working,1
period,1
sync,1
pronounced,1
summer,1
creating,1
involve,1
commonweal,1
irreconcilable,1
next,1
obtained,1
order,1
defined,1
californians,1
initiate,1
wrong,1
dolliver,1
distinct,1
francisco,1
association,1
better,1
family,1
hemisphere,1
spent,1
strict,1
several,1
favored,1
demonized,1
offered,1
consensus,1
prosecution,1
wider,1
architect,1
depression,1
beautifully,1
draft,1
demonology,1
become,1
distinguished,1
charged,1
constrictions,1
displayed,1
wicked,1
enjoyed,1
sharing,1
structure,1
dogged,1
penalizing,1
generally,1
creation,1
up,1
london,1
probably,1
would,1
ownership,1
woodrow,1
strong,1
explains,1
deeply,1
north,1
notes,1
defaulting,1
repudiated,1
general,1
alienated,1
born,1
provided,1
insurgent,1
generation,1
prosecuting,1
shifted,1
attention,1
imperiled,1
contradictory,1
moved,1
la,1
rates,1
court,1
promising,1
major,1
johnsonian,1
society,1
wilsonian,1
