WORDCOUNTS,WEIGHT
the,220
and,125
of,100
in,80
to,68
workers,44
mill,40
a,39
was,36
that,33
as,31
s,27
on,25
were,24
at,23
with,23
company,23
for,23
by,22
their,20
crown,20
its,20
it,18
strike,18
mills,18
not,17
union,17
fink,16
flamming,15
his,14
fulton,14
he,13
from,13
cotton,13
labor,13
bag,13
but,12
these,12
work,12
new,12
this,12
gross,12
history,11
had,11
unions,11
south,10
boott,10
american,10
what,10
they,9
is,9
paternalism,9
an,9
who,8
force,8
only,8
did,8
issues,8
have,8
southern,7
studies,7
more,7
atlanta,7
made,7
traditional,7
managers,6
one,6
or,6
industrial,6
also,6
elsas,6
many,6
local,6
so,6
even,6
does,5
namorato,5
study,5
analysis,5
technology,5
lowell,5
insights,5
being,5
all,5
time,5
out,5
end,5
worker,5
better,5
system,5
well,5
information,5
owners,5
such,5
spies,5
old,5
profits,5
especially,5
be,5
much,5
plant,5
provide,4
millhands,4
corporate,4
illustrations,4
worked,4
housing,4
happened,4
university,4
into,4
most,4
georgia,4
common,4
regional,4
long,4
others,4
over,4
control,4
added,4
fact,4
found,4
great,4
p,4
deal,4
how,4
help,4
reviews,4
some,4
press,4
laurence,4
change,4
family,4
between,4
depression,4
industry,4
massachusetts,4
decline,4
when,4
world,4
than,4
notes,4
dalton,3
child,3
frederick,3
oscar,3
community,3
relations,3
detailed,3
quite,3
about,3
moreover,3
ways,3
opportunities,3
pp,3
modern,3
wages,3
policy,3
index,3
just,3
too,3
textile,3
social,3
actually,3
oral,3
left,3
other,3
founding,3
ii,3
give,3
each,3
gary,3
different,3
scholars,3
could,3
leaders,3
down,3
very,3
i,3
men,3
war,3
setting,3
michael,3
plants,3
era,3
going,3
because,3
march,3
improve,3
another,3
urban,3
used,3
douglas,3
city,3
interviews,3
during,3
records,3
while,3
development,3
three,3
conditions,3
hurt,3
finally,3
creating,3
course,3
individual,3
although,3
successful,3
working,3
buildings,3
after,3
nor,3
keep,3
problems,3
contract,3
up,3
strikes,3
strong,3
doing,3
attention,3
failed,2
helped,2
respect,2
town,2
way,2
if,2
economic,2
industrialization,2
everyone,2
market,2
responded,2
analyzes,2
mississippi,2
ultimate,2
still,2
federation,2
village,2
grew,2
rapidly,2
led,2
often,2
efficiency,2
use,2
designed,2
frank,2
tenement,2
makes,2
fought,2
continuity,2
detail,2
any,2
infiltrate,2
before,2
delight,2
growing,2
weak,2
simply,2
follow,2
beyond,2
every,2
members,2
interests,2
established,2
might,2
differently,2
view,2
efforts,2
shows,2
newby,2
loyalty,2
which,2
job,2
u,2
rural,2
works,2
turned,2
took,2
business,2
do,2
beginning,2
those,2
where,2
committed,2
johns,2
treat,2
unique,2
them,2
aft,2
issue,2
shortsighted,2
books,2
money,2
hopkins,2
entrepreneurial,2
sought,2
america,2
addresses,2
argues,2
future,2
machinery,2
closed,2
concentrating,2
sources,2
middle,2
bibliography,2
tent,2
completed,2
values,2
reader,2
part,2
through,2
explains,2
example,2
became,2
department,2
gender,2
significant,2
demanding,2
place,2
families,2
people,2
exist,2
questions,2
believes,2
locations,2
low,2
own,2
then,2
against,2
national,2
modernization,2
least,2
times,2
sense,2
flathers,2
caused,2
provided,2
flather,2
manager,2
espoused,2
off,2
black,2
came,2
class,2
perspective,2
back,2
highly,2
best,2
response,2
research,2
themselves,2
started,2
emphasized,2
c,2
kinship,2
diversified,2
henry,2
can,2
v,2
early,2
views,2
gospel,2
little,2
businessmen,2
survived,1
ended,1
ranging,1
may,1
resolve,1
networking,1
given,1
enough,1
will,1
f,1
never,1
inception,1
republican,1
abolition,1
ola,1
neighborliness,1
relying,1
interesting,1
james,1
fails,1
rate,1
sons,1
done,1
york,1
adultery,1
shattered,1
along,1
page,1
minor,1
cumnock,1
no,1
window,1
without,1
fairly,1
george,1
elite,1
camp,1
promises,1
within,1
slavery,1
incorrect,1
short,1
indeed,1
stood,1
scholar,1
positions,1
maps,1
watch,1
commitment,1
comport,1
tech,1
hill,1
admirable,1
address,1
theories,1
utwa,1
account,1
forward,1
prospered,1
struggled,1
determine,1
hold,1
hughes,1
upgrade,1
independence,1
rather,1
lost,1
completely,1
represented,1
goes,1
paternalist,1
harry,1
examined,1
introduction,1
determining,1
fates,1
economists,1
lawrence,1
flexible,1
mrs,1
case,1
similar,1
initially,1
told,1
leave,1
complex,1
factories,1
thereby,1
demanded,1
life,1
why,1
responsible,1
fate,1
expectations,1
properly,1
feel,1
united,1
once,1
pliable,1
factors,1
cherished,1
update,1
ineffective,1
dead,1
answer,1
education,1
disagrees,1
supporting,1
relied,1
yet,1
solidarity,1
h,1
thomas,1
grady,1
itself,1
reason,1
treated,1
served,1
lacking,1
mit,1
rules,1
thought,1
lumpens,1
pressures,1
conscious,1
bad,1
honored,1
counterparts,1
immigrant,1
xxxi,1
wanted,1
evolved,1
seeing,1
stable,1
paternalistic,1
winning,1
moralized,1
addressed,1
quantitative,1
signaling,1
school,1
smith,1
opened,1
presents,1
unlike,1
participants,1
occurred,1
policies,1
commonwealth,1
financially,1
seeking,1
light,1
under,1
antebellum,1
terrible,1
same,1
n,1
teams,1
impact,1
broke,1
summarily,1
hanging,1
baltimore,1
farm,1
several,1
descriptions,1
argued,1
need,1
incorporated,1
pase,1
victimized,1
communities,1
test,1
reliance,1
extensive,1
begins,1
economically,1
contemptuous,1
first,1
known,1
aside,1
else,1
sometimes,1
either,1
evidenced,1
efficient,1
hobo,1
chose,1
generally,1
forfeited,1
investors,1
elaborate,1
editor,1
charles,1
afl,1
rhonda,1
fire,1
broadus,1
aspect,1
care,1
power,1
clergymen,1
m,1
attempts,1
factory,1
quickly,1
faced,1
providing,1
stating,1
crucial,1
retirement,1
branches,1
myths,1
refusal,1
forcibly,1
campaigning,1
disappeared,1
financial,1
attempting,1
hours,1
j,1
wpa,1
uses,1
standards,1
result,1
dehumanizing,1
novel,1
based,1
commission,1
idea,1
interested,1
seem,1
preserve,1
abstinence,1
textiles,1
xii,1
alexander,1
bogged,1
epitomized,1
conservative,1
demise,1
hands,1
areas,1
reasons,1
impractical,1
turnover,1
heavy,1
regard,1
woodward,1
reform,1
attempt,1
moments,1
origin,1
eventually,1
children,1
particularly,1
angry,1
changed,1
demands,1
reacted,1
xiii,1
denver,1
international,1
mccarthy,1
closer,1
john,1
hardwick,1
exhaustive,1
criticisms,1
carolina,1
religion,1
sturdy,1
precarious,1
visits,1
historical,1
notice,1
americans,1
minutely,1
illustration,1
there,1
really,1
markets,1
fizzle,1
hiring,1
places,1
person,1
miles,1
days,1
david,1
drinking,1
confronting,1
learn,1
raised,1
robert,1
helping,1
didn,1
library,1
though,1
differences,1
scholarly,1
baseball,1
manner,1
reading,1
zingraff,1
unionists,1
discuss,1
are,1
discharge,1
tragedy,1
traces,1
terms,1
meticulous,1
form,1
devoid,1
see,1
making,1
voting,1
she,1
partners,1
varying,1
grow,1
wealth,1
fostered,1
colony,1
however,1
minneapolis,1
existence,1
attitudes,1
hoped,1
masterly,1
unkept,1
theory,1
required,1
xxvii,1
hamilton,1
leaving,1
profit,1
has,1
historians,1
pulled,1
negotiated,1
jewish,1
gives,1
ladder,1
content,1
gained,1
always,1
number,1
primarily,1
saying,1
create,1
day,1
ties,1
remained,1
representatives,1
having,1
typical,1
almost,1
keeping,1
original,1
percent,1
demonstrated,1
espionage,1
postwar,1
alcohol,1
kansas,1
suggests,1
capable,1
emphasis,1
understanding,1
antisemitism,1
stimulated,1
open,1
cohesive,1
sherman,1
church,1
invested,1
considering,1
layoffs,1
both,1
solely,1
already,1
persistently,1
insight,1
start,1
makeup,1
presented,1
vital,1
son,1
active,1
heart,1
medical,1
sides,1
prominent,1
fired,1
interdisciplinary,1
reported,1
story,1
point,1
except,1
stripe,1
blamed,1
looking,1
calls,1
hirings,1
due,1
role,1
brittain,1
services,1
piecework,1
african,1
jeffrey,1
cleanliness,1
look,1
newest,1
techniques,1
tried,1
criticized,1
findings,1
step,1
secretary,1
got,1
went,1
sectional,1
confidence,1
eighteen,1
gave,1
sold,1
contribute,1
entrepreneurs,1
antipopulists,1
behavior,1
factor,1
allowed,1
singled,1
collective,1
contains,1
using,1
guilty,1
exploit,1
ideas,1
figures,1
vocal,1
avenues,1
including,1
piedmont,1
ethnic,1
regarding,1
conflict,1
central,1
associate,1
companies,1
nothing,1
our,1
throughout,1
doors,1
supported,1
review,1
states,1
hazards,1
rise,1
institution,1
g,1
charges,1
xviii,1
fining,1
tradition,1
expect,1
described,1
evict,1
theme,1
years,1
pockets,1
conform,1
leveled,1
definitely,1
vann,1
clear,1
challenging,1
mutual,1
placing,1
sustain,1
betraying,1
graduate,1
weeks,1
tables,1
shortcomings,1
hierarchy,1
t,1
carpet,1
thread,1
author,1
points,1
agent,1
dominated,1
movement,1
dominating,1
good,1
homes,1
poorly,1
individualistic,1
decently,1
springer,1
instead,1
closing,1
divisions,1
normally,1
promiscuous,1
d,1
facet,1
hard,1
period,1
mcmath,1
things,1
schulman,1
developed,1
features,1
high,1
dealings,1
played,1
schools,1
expected,1
hired,1
level,1
held,1
catholic,1
defined,1
periods,1
area,1
grapple,1
throwback,1
night,1
accused,1
insurance,1
involved,1
increased,1
late,1
deductions,1
mistakes,1
reorganized,1
changes,1
gets,1
mitchell,1
influence,1
specific,1
applauding,1
profound,1
forces,1
perceived,1
ithaca,1
serving,1
assumed,1
chapel,1
feet,1
houses,1
output,1
businesses,1
sight,1
turnaround,1
strikers,1
fines,1
apologetic,1
preston,1
examine,1
jacob,1
advancement,1
combined,1
resilient,1
enterprise,1
debate,1
reinstatement,1
like,1
warned,1
trades,1
y,1
would,1
interaction,1
equivalent,1
leiter,1
northern,1
attracted,1
ilr,1
glance,1
versus,1
saw,1
we,1
immoral,1
north,1
famous,1
carlton,1
evidence,1
jones,1
racists,1
heyday,1
talent,1
built,1
passive,1
moved,1
race,1
valuable,1
close,1
promising,1
occur,1
evicted,1
increase,1
society,1
manuel,1
rogers,1
