WORDCOUNTS,WEIGHT
the,187
of,141
to,92
in,86
and,81
a,40
that,37
law,37
s,36
labor,32
their,29
tomlins,26
as,23
by,23
not,20
but,19
were,19
courts,17
he,17
with,17
for,17
workers,17
on,17
was,16
had,16
american,16
is,14
steinfeld,14
it,13
they,13
from,13
his,12
legal,12
p,12
employers,12
one,11
rules,11
or,11
antebellum,11
jurists,11
have,11
common,10
rule,10
this,10
be,10
ideology,9
who,9
history,9
what,9
free,9
quit,9
english,8
america,8
century,8
been,7
market,7
pp,7
servants,7
these,7
new,7
early,7
at,6
employment,6
more,6
over,6
out,6
i,6
v,6
has,6
judiciary,6
freedom,6
an,6
conspiracy,6
contracts,6
analysis,5
studies,5
nineteenth,5
only,5
never,5
right,5
both,5
karsten,5
such,5
than,5
indentured,4
critical,4
liberalism,4
ways,4
does,4
republican,4
about,4
moreover,4
bosses,4
university,4
us,4
shaw,4
its,4
commonwealth,4
being,4
social,4
fellow,4
others,4
all,4
many,4
could,4
john,4
reviews,4
property,4
another,4
precedent,4
some,4
own,4
horwitz,4
press,4
republic,4
recovery,4
which,4
journeymen,4
years,4
development,4
contract,4
kind,4
after,4
cases,4
several,4
when,4
may,3
will,3
now,3
accidents,3
rather,3
economic,3
still,3
earlier,3
responsible,3
much,3
bias,3
thesis,3
before,3
same,3
simply,3
meruit,3
invention,3
other,3
are,3
worth,3
farewell,3
treatment,3
did,3
any,3
while,3
quantum,3
those,3
agreements,3
contractarian,3
case,3
sought,3
well,3
work,3
servant,3
civil,3
supreme,3
regarding,3
thus,3
september,3
relations,3
christopher,3
david,3
judges,3
like,3
individualism,3
states,3
hired,3
order,3
quite,3
long,3
era,3
create,3
artisans,3
entire,3
story,3
appleton,3
journal,3
employer,3
finds,3
court,3
justice,3
gold,3
cake,3
final,2
rights,2
gibson,2
role,2
york,2
united,2
no,2
without,2
apprentices,2
faults,2
fear,2
limited,2
trials,2
return,2
process,2
coercion,2
them,2
contribution,2
led,2
doubted,2
class,2
inspired,2
see,2
federal,2
struggle,2
serve,2
index,2
into,2
tells,2
liberal,2
nonetheless,2
age,2
two,2
first,2
beyond,2
members,2
certainly,2
quitting,2
also,2
set,2
helped,2
locke,2
opinion,2
slavery,2
tradition,2
hands,2
time,2
conspiracies,2
job,2
massachusetts,2
carolina,2
dicta,2
past,2
there,2
masters,2
mind,2
state,2
consciously,2
robert,2
understood,2
favoring,2
leonard,2
seventeenth,2
arbiters,2
study,2
terms,2
less,2
wythe,2
judicial,2
compelled,2
historians,2
king,2
public,2
chief,2
mass,2
mechanistic,2
injured,2
boston,2
move,2
holt,2
due,2
subject,2
use,2
worker,2
persisted,2
virtually,2
issues,2
associations,2
our,2
redistributive,2
come,2
bent,2
three,2
morton,2
points,2
movement,2
peter,2
good,2
regarded,2
instead,2
sense,2
views,2
would,2
so,2
industrial,2
held,2
owned,2
innovation,2
perspective,2
especially,2
few,2
employees,2
rejection,2
scholarship,2
find,2
because,2
world,2
we,2
priestly,2
recent,2
plausible,2
generation,2
attention,2
rest,2
master,2
hunt,2
levy,2
south,1
miller,1
entitled,1
flourished,1
democracy,1
go,1
fifty,1
operation,1
simultaneously,1
innovative,1
entail,1
relationship,1
transform,1
laboring,1
aid,1
americans,1
circle,1
me,1
subordination,1
worchester,1
give,1
inwhatroscoe,1
equals,1
earlyand,1
strike,1
way,1
continued,1
act,1
declared,1
subjected,1
contingent,1
l,1
action,1
encompassed,1
interweaves,1
pittsburgh,1
vision,1
essence,1
eighteenthand,1
service,1
claimed,1
breaches,1
learning,1
lole,1
hill,1
federalists,1
universityofpittsburgh,1
lines,1
firing,1
resulted,1
culminating,1
recognizes,1
ordinary,1
thrown,1
doctrine,1
sway,1
exception,1
responded,1
mean,1
demonstration,1
insist,1
seen,1
context,1
regrating,1
moratoria,1
pointed,1
dealt,1
exponent,1
says,1
began,1
returned,1
heard,1
interactions,1
systemic,1
argument,1
scottish,1
remaining,1
premises,1
se,1
told,1
leave,1
mortgage,1
labored,1
direct,1
complex,1
denied,1
dialogue,1
makes,1
often,1
possessive,1
fate,1
efficiency,1
reinforced,1
illuminating,1
releases,1
label,1
essays,1
productive,1
philadelphia,1
contributing,1
alternative,1
associate,1
cutter,1
injuries,1
expounding,1
interpretation,1
approved,1
support,1
centuries,1
months,1
reference,1
get,1
rising,1
understand,1
osgoode,1
cls,1
legitimation,1
grounded,1
favor,1
resemble,1
ploughmen,1
you,1
affect,1
want,1
ring,1
legitimizing,1
former,1
decade,1
distributional,1
combat,1
addressed,1
policy,1
protection,1
servitude,1
bench,1
neither,1
perceived,1
acquired,1
ancient,1
arguments,1
duties,1
judgmental,1
share,1
jay,1
participants,1
attorneys,1
victories,1
hindsight,1
mechanic,1
posner,1
karen,1
workplace,1
why,1
withbutfew,1
sociocultural,1
complete,1
k,1
just,1
culture,1
exceptions,1
choices,1
completion,1
interfering,1
carlisle,1
comes,1
colder,1
farm,1
nonredistributive,1
particular,1
speaks,1
differs,1
orren,1
changing,1
humane,1
nineteenthcentury,1
wisconsin,1
women,1
postrevolutionary,1
reprehensible,1
test,1
superior,1
ever,1
said,1
bargain,1
consistent,1
member,1
respondeat,1
powerful,1
implied,1
else,1
t,1
shop,1
explaining,1
lemuel,1
observation,1
rival,1
barring,1
physical,1
chose,1
generally,1
failing,1
normality,1
jurisprudence,1
truly,1
downside,1
fire,1
inexorable,1
oppression,1
imprisonment,1
useful,1
offers,1
drew,1
plight,1
interests,1
avoidable,1
medieval,1
dominant,1
care,1
power,1
school,1
taken,1
departmentofhistory,1
grips,1
providing,1
selfish,1
might,1
counsel,1
attempt,1
unavailable,1
refusal,1
terrain,1
believe,1
assessments,1
control,1
elements,1
revolutionaries,1
each,1
union,1
added,1
england,1
primogeniture,1
j,1
starkly,1
nature,1
paper,1
countenance,1
distributed,1
efforts,1
legislative,1
persuasion,1
closely,1
true,1
different,1
example,1
assets,1
pounds,1
roman,1
book,1
innovations,1
seem,1
europe,1
abandoning,1
inequality,1
leading,1
merit,1
homestead,1
advantage,1
striking,1
forestalling,1
appendix,1
here,1
criminal,1
called,1
judiciaryrejected,1
regard,1
domestic,1
regulation,1
report,1
relating,1
viii,1
then,1
inevitably,1
collectively,1
reasoning,1
daily,1
break,1
economics,1
clear,1
government,1
substantive,1
abolishing,1
powell,1
very,1
end,1
enforcing,1
noting,1
carnegie,1
real,1
debt,1
historical,1
risk,1
unfree,1
pattern,1
sees,1
married,1
employee,1
distinguished,1
really,1
guilds,1
living,1
umpired,1
contest,1
can,1
left,1
stand,1
do,1
beginning,1
ballot,1
feinman,1
helping,1
political,1
though,1
cultural,1
according,1
ideologues,1
hall,1
tarred,1
discipline,1
feudalism,1
committed,1
war,1
applaud,1
deceptive,1
economy,1
johns,1
barred,1
unique,1
receives,1
capstone,1
implicit,1
addresses,1
everyone,1
offering,1
lion,1
ed,1
accounts,1
farmhands,1
cloth,1
issue,1
varying,1
explicit,1
wrings,1
royal,1
takes,1
occasional,1
survivor,1
add,1
however,1
doesn,1
sophisticated,1
protective,1
chronologically,1
maybestbe,1
embracing,1
required,1
eds,1
trade,1
assault,1
taught,1
maine,1
mightbe,1
plaintiffs,1
oblivious,1
exemptions,1
schema,1
foreordained,1
hopkins,1
voice,1
reflected,1
mill,1
day,1
continent,1
negligent,1
remained,1
treatises,1
custom,1
clearly,1
endorsing,1
skillfully,1
account,1
claiming,1
u,1
demonstrated,1
differ,1
agreed,1
missed,1
credit,1
basis,1
distinguish,1
r,1
up,1
degrees,1
understanding,1
balance,1
correctly,1
egalitarian,1
literature,1
secured,1
import,1
backing,1
disability,1
object,1
peterkarsten,1
success,1
adopting,1
examples,1
solid,1
injunctions,1
socioeconomic,1
crown,1
bibliography,1
tool,1
richard,1
upon,1
strayed,1
eighteenth,1
preferred,1
quits,1
insights,1
unsuccessfully,1
slaves,1
claim,1
imagined,1
maximized,1
visage,1
sorrows,1
reported,1
given,1
point,1
say,1
deliberately,1
through,1
ideologically,1
centerfor,1
denial,1
bottomed,1
conception,1
laws,1
calls,1
sufficiently,1
became,1
duty,1
recover,1
convinced,1
enter,1
wrought,1
opportunity,1
himself,1
cordwainer,1
against,1
agents,1
reappraisal,1
year,1
generalizing,1
codirects,1
sorrow,1
contribute,1
entrepreneurs,1
older,1
assumption,1
make,1
pa,1
pound,1
icing,1
colonial,1
engaging,1
mighthave,1
people,1
aside,1
gain,1
moments,1
mentality,1
effectively,1
think,1
trend,1
maintains,1
andrew,1
antilabor,1
midwestern,1
call,1
allproferred,1
amendment,1
personal,1
belated,1
per,1
previous,1
review,1
textile,1
eventually,1
bannister,1
legislation,1
newspaper,1
floors,1
layers,1
compulsion,1
systematic,1
xviii,1
until,1
described,1
contractual,1
mine,1
facts,1
rejected,1
empowering,1
visions,1
cambridge,1
medical,1
observed,1
arrested,1
vulgar,1
resembling,1
failure,1
authors,1
endorsements,1
g,1
lien,1
aware,1
essay,1
urge,1
completed,1
logic,1
authoritative,1
professionally,1
creating,1
crime,1
brush,1
sure,1
carta,1
correct,1
caused,1
smith,1
thirteenth,1
marxist,1
need,1
willing,1
roads,1
distances,1
product,1
him,1
pay,1
seized,1
mask,1
france,1
unwilling,1
doing,1
changes,1
magna,1
defined,1
inequalities,1
progressive,1
thing,1
discourse,1
adam,1
merely,1
insurance,1
permitting,1
immigrants,1
alive,1
direction,1
transformation,1
quick,1
payment,1
footnotes,1
closing,1
needs,1
embraced,1
breached,1
concerning,1
rr,1
unions,1
maxim,1
contrary,1
outcomes,1
between,1
jeffersonians,1
slave,1
chapel,1
acts,1
insists,1
relation,1
themselves,1
allowing,1
legislatures,1
styled,1
ascendancy,1
codes,1
conclude,1
britain,1
telling,1
tended,1
yielded,1
unequally,1
credible,1
wisely,1
fowler,1
likelihood,1
mellon,1
minors,1
rethought,1
weight,1
marvelous,1
seeking,1
drawn,1
obscure,1
even,1
dominance,1
northern,1
focus,1
describes,1
paid,1
adjudication,1
seek,1
principled,1
north,1
notes,1
negligence,1
structured,1
laborers,1
jail,1
kentucky,1
general,1
adult,1
born,1
hardly,1
constructions,1
outright,1
irresponsible,1
am,1
acknowledge,1
engrossing,1
outlawed,1
opinions,1
evidence,1
major,1
advantaged,1
behalf,1
seemed,1
society,1
separate,1
shaping,1
