WORDCOUNTS,WEIGHT
the,121
of,81
and,57
to,36
in,32
a,28
that,23
history,15
from,15
wesleyan,14
for,13
s,12
university,11
methodist,11
by,11
was,10
this,10
an,10
be,10
at,9
new,8
one,7
potts,7
on,7
he,6
who,6
their,6
american,6
is,6
school,6
into,6
more,6
are,6
war,6
has,6
will,5
it,5
as,5
or,5
these,5
middletown,5
historians,5
some,5
women,5
story,5
david,5
trustees,4
town,4
way,4
began,4
about,4
not,4
education,4
with,4
but,4
two,4
first,4
histories,4
out,4
readers,4
what,4
them,4
made,4
collegiate,4
were,4
years,4
would,4
between,4
difficult,3
higher,3
college,3
institutions,3
over,3
they,3
church,3
b,3
itself,3
must,3
business,3
alumni,3
colleges,3
england,3
came,3
great,3
time,3
those,3
reviews,3
work,3
became,3
which,3
institution,3
levy,3
century,3
after,3
especially,3
problems,3
enterprise,3
world,3
figures,3
student,3
businessmen,3
than,2
been,2
wanting,2
how,2
sort,2
begin,2
community,2
denomination,2
life,2
study,2
ways,2
all,2
arts,2
read,2
york,2
partnership,2
susan,2
stephen,2
male,2
index,2
liberal,2
historian,2
same,2
nineteenth,2
w,2
four,2
most,2
vietnam,2
volume,2
balancing,2
june,2
text,2
also,2
book,2
others,2
board,2
each,2
many,2
p,2
attack,2
users,2
tells,2
end,2
endeavor,2
there,2
serious,2
audiences,2
m,2
other,2
never,2
learn,2
scholarly,2
methodism,2
intelligence,2
fraternity,2
particular,2
narrative,2
metropolitan,2
public,2
task,2
shifts,2
while,2
facts,2
president,2
almost,2
having,2
basis,2
part,2
purpose,2
civil,2
press,2
its,2
athletics,2
during,2
faculty,2
we,2
students,2
alliance,2
three,2
against,2
have,2
institutional,2
write,2
g,2
good,2
regarded,2
least,2
d,2
so,2
endowment,2
often,2
can,2
find,2
majority,2
attention,2
increasing,1
phases,1
periods,1
bernard,1
mechanisms,1
rights,1
battle,1
now,1
bertram,1
gossip,1
interesting,1
noteworthy,1
second,1
power,1
emulation,1
whose,1
buildings,1
absorbing,1
south,1
raise,1
hijinx,1
no,1
upright,1
practices,1
polish,1
operations,1
scraped,1
fairly,1
bringing,1
provide,1
his,1
science,1
movements,1
wyatt,1
religions,1
within,1
l,1
economic,1
celebrity,1
tedious,1
encompassed,1
groups,1
gradual,1
models,1
practical,1
service,1
masculine,1
created,1
edward,1
worldly,1
eamest,1
influential,1
led,1
sorely,1
arduous,1
arrive,1
presentation,1
worthy,1
nuts,1
lost,1
chauvinists,1
seen,1
still,1
reconstruction,1
yale,1
excessively,1
yankee,1
connecticut,1
contribution,1
sponsor,1
went,1
transformation,1
paragraphs,1
certain,1
group,1
large,1
christian,1
hold,1
edwin,1
religious,1
pages,1
special,1
toast,1
envision,1
efficiency,1
pp,1
illustrations,1
graduates,1
uncomfortable,1
evangelistic,1
michael,1
oratory,1
hope,1
once,1
barnacle,1
sets,1
summaries,1
h,1
reference,1
get,1
modern,1
lives,1
face,1
easily,1
insistence,1
zonderman,1
win,1
numbers,1
thought,1
serve,1
want,1
entitled,1
under,1
former,1
decade,1
ideals,1
times,1
organization,1
had,1
laborer,1
title,1
home,1
slowly,1
usual,1
small,1
total,1
ambitious,1
fading,1
light,1
k,1
culture,1
something,1
loveable,1
dominate,1
formalized,1
probed,1
result,1
revision,1
incredible,1
grace,1
eager,1
experiment,1
alums,1
reasonably,1
turning,1
qiang,1
clear,1
test,1
wreszin,1
yoder,1
increasingly,1
fact,1
additional,1
gentlemen,1
regional,1
piety,1
only,1
functioned,1
decidedly,1
social,1
shed,1
followed,1
gerhard,1
classroom,1
puts,1
connection,1
willing,1
here,1
sustained,1
if,1
vietor,1
odd,1
pious,1
set,1
ii,1
clergymen,1
forty,1
strike,1
important,1
milieu,1
trained,1
admirable,1
cut,1
view,1
pointed,1
body,1
voss,1
pistachio,1
responsibilities,1
paragraph,1
stem,1
arms,1
bureaucracy,1
union,1
added,1
j,1
seems,1
experiments,1
anecdotal,1
standards,1
skills,1
comedy,1
global,1
interested,1
aftermath,1
stories,1
seem,1
attractive,1
antiwoman,1
did,1
whitfield,1
explores,1
professions,1
inherent,1
entered,1
undertake,1
plot,1
wealthy,1
wall,1
afraid,1
indeed,1
coeducation,1
inevitably,1
effort,1
centers,1
arises,1
admittedly,1
particularly,1
aesthetic,1
accompanied,1
obviously,1
process,1
themselves,1
mississippi,1
very,1
radical,1
carolina,1
ministry,1
stipulated,1
products,1
considerable,1
nevertheless,1
help,1
works,1
living,1
rhetoric,1
academic,1
enough,1
hand,1
emphasized,1
stand,1
clarity,1
beginning,1
outset,1
principal,1
robert,1
remarkable,1
cultural,1
intrudes,1
wage,1
discrete,1
sentimental,1
watkins,1
ideological,1
segregated,1
johns,1
olin,1
schwerner,1
viewed,1
rose,1
offering,1
list,1
see,1
sound,1
employs,1
philanthropists,1
constitutional,1
acquaintance,1
waugh,1
westbrook,1
xvii,1
charter,1
protective,1
daunting,1
clarence,1
starkly,1
problem,1
money,1
follows,1
hopkins,1
campaignfor,1
another,1
america,1
woodman,1
rests,1
because,1
energetic,1
thoroughly,1
aspects,1
early,1
italicized,1
retain,1
deal,1
argues,1
jack,1
periodical,1
account,1
percent,1
suggests,1
goodman,1
r,1
politics,1
urban,1
strived,1
weinberg,1
encounter,1
entrepreneurs,1
divided,1
undertaking,1
establishing,1
contexts,1
background,1
both,1
stern,1
helena,1
boston,1
completed,1
richard,1
start,1
upon,1
john,1
carry,1
obvious,1
pietistic,1
expected,1
fine,1
invited,1
leads,1
peace,1
through,1
city,1
dissolve,1
ship,1
actors,1
nation,1
unrestrained,1
department,1
giving,1
gender,1
contract,1
team,1
exulting,1
ten,1
budget,1
forged,1
plenty,1
acute,1
exceeded,1
deviate,1
genuine,1
kim,1
disciplines,1
place,1
emphasize,1
make,1
harold,1
son,1
morality,1
engaging,1
professionalizing,1
ideas,1
writing,1
strenuous,1
actual,1
thus,1
services,1
chapters,1
denominational,1
away,1
predominate,1
sectarian,1
wild,1
spirit,1
weisberg,1
merchants,1
tell,1
preparation,1
arrangements,1
touch,1
won,1
such,1
development,1
retention,1
xv,1
points,1
professor,1
since,1
follow,1
twentieth,1
consult,1
shortcomings,1
eccentric,1
national,1
author,1
cotts,1
reputation,1
aware,1
exemplary,1
precise,1
course,1
detached,1
lively,1
although,1
touches,1
club,1
land,1
hard,1
period,1
need,1
jr,1
cold,1
restore,1
admission,1
keel,1
shaping,1
domestication,1
enrollment,1
values,1
admitted,1
given,1
strategic,1
learning,1
prosperity,1
churchmen,1
turn,1
ware,1
last,1
exclude,1
presidential,1
shift,1
old,1
around,1
men,1
every,1
tolerant,1
retire,1
few,1
searching,1
marriage,1
highly,1
encompass,1
revealing,1
speed,1
slave,1
chapel,1
loosened,1
battles,1
westad,1
six,1
difficulty,1
amounted,1
become,1
research,1
thirds,1
narrow,1
scholarship,1
third,1
motherhood,1
chicago,1
widely,1
weakening,1
parliament,1
vaudeville,1
equipment,1
henry,1
briefest,1
when,1
up,1
working,1
universities,1
white,1
little,1
memoir,1
chaney,1
stimulating,1
divergent,1
traditional,1
practically,1
results,1
wells,1
counts,1
details,1
secular,1
arne,1
profs,1
oklahoma,1
offers,1
haven,1
notes,1
enormously,1
connections,1
famous,1
concise,1
cross,1
responsibility,1
value,1
fellow,1
building,1
grateful,1
provided,1
built,1
influence,1
winchell,1
wertheimer,1
digging,1
activities,1
promising,1
major,1
concerted,1
seemed,1
tom,1
product,1
lessons,1
zhai,1
thorough,1
