WORDCOUNTS,WEIGHT
the,321
of,218
and,150
in,101
a,88
to,75
war,74
memory,72
civil,52
s,39
on,37
blight,33
for,33
is,32
that,32
as,30
with,24
but,24
he,23
american,23
history,22
his,20
by,20
was,19
more,18
have,18
not,17
an,17
americans,16
p,16
were,16
slavery,15
book,15
reunion,15
one,14
at,13
south,13
it,13
e,13
most,13
african,13
memories,13
w,12
soldiers,12
emancipationist,12
race,12
lost,11
white,11
from,11
reconciliation,11
see,11
black,11
who,10
their,10
cause,10
had,10
culture,10
historians,10
which,10
so,10
than,10
may,9
been,9
southern,9
du,9
lee,9
script,9
all,9
what,9
bois,9
years,9
this,9
be,9
reconstruction,8
confederate,8
or,8
out,8
always,8
emancipation,8
such,8
like,8
would,8
can,8
among,8
north,8
battle,7
reconciliationist,7
how,7
they,7
douglass,7
first,7
those,7
public,7
well,7
popular,7
its,7
against,7
much,7
we,7
lincoln,7
yet,6
two,6
only,6
also,6
are,6
past,6
pickett,6
when,6
literature,6
vorenberg,6
three,6
published,6
no,6
between,6
women,6
general,6
will,5
today,5
might,5
buck,5
study,5
into,5
these,5
recovered,5
late,5
robert,5
william,5
reviews,5
america,5
future,5
work,5
nation,5
both,5
national,5
century,5
after,5
postwar,5
northern,5
army,4
b,4
about,4
romantic,4
must,4
paul,4
frederick,4
l,4
december,4
healing,4
confederacy,4
books,4
has,4
while,4
charge,4
publication,4
thomas,4
become,4
even,4
justice,4
battles,4
fifty,3
note,3
way,3
george,3
faith,3
later,3
bring,3
within,3
truth,3
civilization,3
veterans,3
hopeful,3
united,3
h,3
done,3
whose,3
university,3
then,3
just,3
nineteenth,3
version,3
grand,3
experience,3
romance,3
powerful,3
tourg,3
regeneration,3
back,3
bierce,3
power,3
sometimes,3
union,3
j,3
based,3
improvised,3
did,3
found,3
effort,3
time,3
new,3
before,3
there,3
great,3
readers,3
do,3
though,3
where,3
sentimental,3
road,3
form,3
michael,3
case,3
abraham,3
number,3
day,3
another,3
made,3
john,3
through,3
became,3
republic,3
identity,3
message,3
appomattox,3
freedom,3
versions,3
argument,3
write,3
grant,3
legacy,3
david,3
forced,3
men,3
fight,3
c,3
gettysburg,3
story,3
sin,3
recent,3
whites,3
meeting,3
court,3
brown,3
society,3
delbanco,3
themes,2
f,2
does,2
now,2
gerald,2
nolan,2
struggle,2
page,2
equality,2
raise,2
contest,2
edge,2
stuart,2
rather,2
if,2
supreme,2
five,2
rights,2
drama,2
prose,2
anniversary,2
fiction,2
female,2
process,2
becomes,2
sectional,2
still,2
got,2
production,2
strands,2
wilson,2
religious,2
life,2
studies,2
once,2
second,2
alive,2
monuments,2
makes,2
royster,2
modern,2
monolithic,2
better,2
decade,2
us,2
dignified,2
occurred,2
kammen,2
cautionary,2
standing,2
connelly,2
ashcroft,2
same,2
choices,2
redemption,2
source,2
already,2
being,2
said,2
came,2
forgetting,2
social,2
davis,2
leader,2
gore,2
interests,2
helped,2
others,2
edmund,2
over,2
meaning,2
alan,2
seems,2
efforts,2
gary,2
memorial,2
wind,2
alexander,2
gone,2
could,2
leaders,2
plan,2
reconciliationists,2
propaganda,2
savagery,2
prelude,2
plessy,2
school,2
destined,2
reveal,2
religion,2
defeat,2
take,2
historical,2
tourgee,2
man,2
maurice,2
last,2
linderman,2
critics,2
henry,2
political,2
regiment,2
daniel,2
racial,2
amnesia,2
them,2
rose,2
want,2
issue,2
era,2
comes,2
despite,2
wartime,2
eds,2
problem,2
style,2
mass,2
because,2
supremacist,2
reminiscences,2
greatest,2
northerners,2
wilderness,2
scope,2
halbwachs,2
birth,2
ends,2
some,2
move,2
writers,2
virginia,2
sizer,2
writings,2
west,2
private,2
peace,2
realities,2
uncertain,2
unpredictable,2
press,2
ritual,2
forged,2
during,2
place,2
began,2
doubt,2
although,2
aside,2
harvard,2
details,2
central,2
fussell,2
andrew,2
chapters,2
come,2
brandwein,2
ultimately,2
until,2
described,2
racism,2
quality,2
since,2
mdmoire,2
sentimentalism,2
nora,2
pamela,2
victory,2
essay,2
regimental,2
finally,2
good,2
course,2
least,2
instead,2
allowed,2
many,2
supremacy,2
exhorted,2
conciliation,2
plantation,2
t,2
keep,2
mitchell,2
turned,2
mystic,2
consensus,2
sentiment,2
pierre,2
painful,2
body,2
realists,2
aaron,2
research,2
massachusetts,2
third,2
sense,2
d,2
early,2
role,2
progress,2
essays,2
chords,2
saw,2
mosby,2
prepared,2
scripts,2
fierce,2
close,2
gallagher,2
elizabeth,2
appeal,1
heap,1
woven,1
merrill,1
final,1
dealing,1
european,1
marked,1
divergence,1
loyal,1
fortieth,1
tragically,1
ghosts,1
calm,1
scored,1
abolition,1
barbara,1
dead,1
states,1
ethiopianism,1
invaded,1
philadelphia,1
situation,1
foreseen,1
firmer,1
promoters,1
realistic,1
myth,1
excludes,1
dissipated,1
recollections,1
forces,1
whining,1
millennial,1
glorious,1
played,1
applying,1
cow,1
matter,1
africa,1
heroism,1
generals,1
cottage,1
invokes,1
difficult,1
common,1
jarring,1
declared,1
heroic,1
science,1
memorials,1
keeps,1
aim,1
stream,1
destroy,1
strategy,1
generous,1
across,1
strained,1
wrote,1
consent,1
fray,1
happy,1
alma,1
toward,1
denmark,1
novelists,1
remain,1
praised,1
fully,1
williams,1
wonder,1
flowed,1
separated,1
limited,1
joan,1
tony,1
sermon,1
onward,1
argues,1
forward,1
cullen,1
order,1
spoke,1
ending,1
nearly,1
death,1
romantics,1
archives,1
get,1
breath,1
april,1
republican,1
commended,1
kept,1
reminiscence,1
seen,1
vigilant,1
unwritten,1
gripping,1
make,1
heard,1
flag,1
forth,1
diffuse,1
sympathetic,1
satan,1
transformation,1
lamented,1
certain,1
told,1
center,1
legend,1
fueling,1
interesting,1
led,1
complex,1
fort,1
screening,1
detects,1
villainous,1
prize,1
tends,1
foner,1
special,1
horrible,1
groped,1
often,1
phelps,1
ernest,1
riches,1
specific,1
nostalgia,1
illustrations,1
analysis,1
distant,1
wistful,1
repeats,1
jubilee,1
forgiveness,1
laying,1
congressional,1
word,1
referring,1
formed,1
requiring,1
space,1
flame,1
supposed,1
whitened,1
salvation,1
griffith,1
rutherford,1
types,1
victor,1
centuries,1
fair,1
lesley,1
completely,1
vs,1
contemplating,1
understand,1
face,1
lloyd,1
wants,1
easily,1
pp,1
read,1
devotion,1
interpretive,1
rhodes,1
parts,1
lieux,1
soon,1
dean,1
victorious,1
turner,1
proud,1
dissent,1
wanted,1
seeing,1
devotes,1
former,1
god,1
evil,1
rightful,1
forget,1
exposes,1
clash,1
matters,1
speedy,1
les,1
comrades,1
neither,1
thesis,1
dissertation,1
index,1
denounced,1
literary,1
talk,1
mcclure,1
cited,1
contained,1
included,1
evolved,1
railroad,1
analytical,1
rarely,1
tells,1
seeking,1
photographs,1
liberty,1
warren,1
under,1
confederates,1
historian,1
material,1
days,1
growing,1
forum,1
something,1
impact,1
impulse,1
outcry,1
preface,1
contested,1
reckon,1
beecher,1
result,1
series,1
conclusion,1
incredible,1
senseless,1
unflagging,1
mcneal,1
infused,1
verdict,1
crummell,1
convergence,1
uncovers,1
proclamation,1
ulysses,1
four,1
frances,1
cases,1
touching,1
beginnings,1
commodified,1
emotions,1
foster,1
persnickety,1
ever,1
lower,1
seasoned,1
continues,1
anything,1
sit,1
inferiority,1
arranging,1
defeated,1
freedmen,1
poor,1
authenticity,1
stephen,1
beyond,1
respectful,1
offered,1
attorney,1
unearthed,1
harper,1
mocked,1
followed,1
gaines,1
volume,1
blacks,1
includes,1
sources,1
tries,1
your,1
putting,1
longstreet,1
besides,1
organizations,1
oral,1
lewis,1
jackson,1
puts,1
posed,1
kirk,1
victorian,1
statements,1
permanent,1
voices,1
destructive,1
other,1
set,1
challenge,1
downfall,1
chaos,1
taken,1
important,1
estate,1
mark,1
highly,1
festering,1
garrison,1
vols,1
again,1
admirable,1
rush,1
spectacles,1
shortchanged,1
myths,1
bestseller,1
around,1
ajar,1
rejoined,1
refused,1
worked,1
reflections,1
patriotic,1
epilogue,1
added,1
country,1
meaty,1
scientists,1
pantheon,1
nature,1
ban,1
excellent,1
scholars,1
moving,1
feel,1
combat,1
fact,1
longer,1
commission,1
reach,1
lyde,1
stories,1
condescending,1
services,1
allow,1
newspapers,1
toilers,1
daily,1
tradition,1
best,1
leading,1
endless,1
accommodate,1
histories,1
upheld,1
tandem,1
together,1
here,1
any,1
emergence,1
speeches,1
simple,1
confusion,1
locked,1
relinquish,1
stupendous,1
unsettling,1
treatments,1
embittered,1
attempt,1
speech,1
marketable,1
sprawling,1
freeman,1
grave,1
shot,1
monument,1
commemorate,1
tales,1
served,1
engage,1
mind,1
bitterness,1
never,1
eric,1
dared,1
promised,1
rebuttal,1
sorrowful,1
dizzying,1
far,1
image,1
end,1
secessionists,1
advertisements,1
renan,1
anyway,1
constant,1
symphony,1
contends,1
survivors,1
approve,1
ready,1
debt,1
proclaiming,1
dull,1
fashion,1
distinctive,1
compete,1
above,1
called,1
embrace,1
carlos,1
anne,1
contrivedforgetting,1
predicted,1
embattled,1
muffling,1
term,1
dehumanized,1
question,1
m,1
devised,1
merely,1
lead,1
circulation,1
patterns,1
tidy,1
written,1
took,1
date,1
softly,1
tastes,1
racist,1
considered,1
airing,1
nina,1
albion,1
quietly,1
southerner,1
undeniable,1
ground,1
remarkable,1
understood,1
game,1
according,1
dynamo,1
pathetically,1
penn,1
effective,1
buried,1
career,1
started,1
battlefields,1
mainly,1
landscape,1
stock,1
secular,1
reenactments,1
johns,1
tecumseh,1
notable,1
proceedings,1
romanticism,1
levering,1
existing,1
province,1
accepted,1
passages,1
changed,1
tragedy,1
relevant,1
divide,1
terms,1
prosperity,1
reconcile,1
stability,1
marched,1
less,1
sweeping,1
answer,1
courage,1
tell,1
strategies,1
nowhere,1
particular,1
sorting,1
waugh,1
vivid,1
safe,1
thirty,1
politic,1
ed,1
metaphor,1
nothing,1
ford,1
antislavery,1
forcefully,1
quoted,1
framework,1
tension,1
showing,1
mere,1
young,1
keepers,1
restitution,1
writes,1
grief,1
yacovone,1
assault,1
howells,1
design,1
leaving,1
directly,1
disarming,1
dream,1
task,1
vein,1
gives,1
rosecrans,1
retribution,1
earlier,1
ethiopia,1
hopkins,1
particularly,1
possibility,1
sleeping,1
meditation,1
combatants,1
horwitz,1
silber,1
heroes,1
annals,1
negotiating,1
risks,1
amy,1
jim,1
engine,1
shape,1
ordered,1
produce,1
futility,1
reigned,1
trade,1
regarding,1
almost,1
voice,1
humane,1
bloody,1
restoring,1
amateur,1
meetings,1
washington,1
felt,1
learn,1
phenomena,1
nonetheless,1
recommended,1
commemorations,1
prefer,1
watched,1
threat,1
delivering,1
reardon,1
publishers,1
visions,1
divided,1
guard,1
strain,1
sumter,1
slight,1
sherman,1
sweet,1
skepticism,1
abolitionist,1
received,1
treated,1
own,1
empire,1
navigate,1
dissenters,1
siebert,1
system,1
remember,1
universities,1
start,1
upon,1
level,1
characters,1
son,1
pulitzer,1
attentive,1
instructor,1
claim,1
imagined,1
determined,1
movement,1
bent,1
reusable,1
pass,1
brought,1
likely,1
point,1
mater,1
except,1
uniform,1
alice,1
discusses,1
surrendered,1
resurgence,1
enormous,1
marble,1
climax,1
challenging,1
calls,1
donald,1
due,1
decoration,1
bonds,1
northerner,1
negotiation,1
recover,1
elite,1
placed,1
grow,1
apartheid,1
subject,1
tried,1
traditional,1
description,1
concludes,1
host,1
cash,1
patriots,1
grisly,1
brundage,1
assassinated,1
enduring,1
whole,1
year,1
tributes,1
nod,1
southerners,1
stirring,1
souls,1
bishop,1
gave,1
bestowed,1
tale,1
reunite,1
audience,1
collection,1
tenacious,1
raider,1
grapple,1
reconstructing,1
collective,1
congress,1
band,1
allows,1
people,1
alternative,1
vocal,1
long,1
writing,1
conventions,1
gain,1
cushman,1
eroding,1
human,1
bitter,1
runs,1
peterson,1
attic,1
business,1
kinsel,1
grip,1
our,1
call,1
gory,1
amendment,1
throughout,1
instrument,1
legal,1
partisan,1
blatt,1
actual,1
held,1
corollary,1
cater,1
grace,1
believes,1
devoted,1
systematic,1
students,1
radicalism,1
de,1
famously,1
wilbur,1
theme,1
facts,1
won,1
negro,1
depicts,1
cycle,1
inscribing,1
reveals,1
postmodern,1
plowing,1
cambridge,1
indeed,1
smithy,1
clear,1
memoirs,1
subtle,1
margaret,1
trends,1
quest,1
schematics,1
graduate,1
weeks,1
twentieth,1
count,1
authors,1
hearings,1
trumping,1
comprehensive,1
gesture,1
sought,1
language,1
appropriate,1
points,1
plebiscite,1
aware,1
ideologues,1
disappointed,1
mythmaker,1
heartlessness,1
splendid,1
endangered,1
inflamed,1
fitzhugh,1
contributors,1
moment,1
joined,1
referendum,1
fatal,1
effaced,1
mildred,1
wraps,1
integrated,1
handsomely,1
land,1
realism,1
issued,1
fiftieth,1
thirteenth,1
field,1
brakes,1
period,1
fewer,1
gruesome,1
squabbles,1
supremacists,1
savage,1
grievance,1
insoluble,1
retainers,1
shaping,1
recast,1
things,1
slaves,1
writer,1
assured,1
ambrose,1
contentment,1
saddle,1
involving,1
admitted,1
vesey,1
carol,1
reckonings,1
ferguson,1
arena,1
quotes,1
sanitized,1
kind,1
spilled,1
practiced,1
attracting,1
precedents,1
turn,1
wrestling,1
discredit,1
wish,1
fuentes,1
mourning,1
ward,1
nelson,1
remembering,1
competition,1
martin,1
event,1
recalling,1
involved,1
veteran,1
increased,1
campaign,1
recollection,1
glory,1
softened,1
pageant,1
graves,1
thousand,1
author,1
charles,1
few,1
drift,1
realist,1
star,1
contrary,1
outcomes,1
choose,1
k,1
mining,1
bellows,1
starting,1
industry,1
uphill,1
topic,1
extraordinary,1
editors,1
differently,1
dramatic,1
single,1
epoch,1
exhaustive,1
psyche,1
kneeling,1
enabled,1
gordon,1
wise,1
parody,1
ann,1
whereabouts,1
relatives,1
anderson,1
reached,1
division,1
implicit,1
james,1
create,1
marvelous,1
pickings,1
up,1
mcconnell,1
grasped,1
department,1
necessity,1
jumbled,1
present,1
journal,1
crediting,1
slim,1
focus,1
paid,1
world,1
inverted,1
discern,1
boom,1
correspondence,1
tones,1
fahs,1
notes,1
vindictive,1
away,1
digestible,1
beings,1
flags,1
professional,1
pointing,1
daughters,1
underground,1
born,1
delivered,1
asked,1
generation,1
reproduce,1
hope,1
shall,1
venturing,1
southall,1
frankly,1
suffering,1
la,1
visible,1
competed,1
gates,1
overlooked,1
anxieties,1
major,1
seemed,1
promenade,1
piercing,1
