WORDCOUNTS,WEIGHT
the,275
of,115
and,100
in,86
to,81
miners,47
a,47
convict,35
tennessee,32
on,31
their,29
labor,28
state,27
coal,27
that,21
s,20
for,19
with,18
it,17
as,17
had,17
by,17
convicts,17
leasing,17
this,17
but,16
system,16
free,15
an,14
shapiro,13
were,11
at,10
south,10
about,10
militia,10
new,10
when,10
they,9
creek,9
is,9
was,9
more,9
rebellion,9
much,9
than,9
economic,8
american,8
history,8
from,8
officials,8
eastern,8
its,8
guards,7
prisoners,7
most,7
company,7
time,7
political,7
work,7
ended,7
after,7
governor,7
briceville,7
knoxville,6
tcir,6
southern,6
operators,6
p,6
other,6
war,6
them,6
her,6
city,6
black,6
against,6
relations,6
stockade,6
buchanan,6
small,6
mining,6
prison,6
slavery,5
been,5
bound,5
return,5
not,5
industrial,5
tracy,5
also,5
fink,5
towns,5
union,5
december,5
where,5
reviews,5
while,5
another,5
became,5
role,5
which,5
mine,5
have,5
little,5
failed,4
costs,4
she,4
community,4
one,4
authority,4
all,4
employers,4
under,4
or,4
then,4
proved,4
several,4
quickly,4
again,4
many,4
blamed,4
end,4
marched,4
nearby,4
lease,4
almost,4
thus,4
years,4
lichtenstein,4
workers,4
even,4
soon,4
laborers,4
race,4
did,3
town,3
alex,3
his,3
employed,3
indeed,3
who,3
still,3
force,3
worse,3
use,3
analysis,3
white,3
companies,3
fields,3
issue,3
university,3
allies,3
no,3
simply,3
first,3
additional,3
penitentiary,3
production,3
m,3
legislature,3
over,3
each,3
key,3
overwhelming,3
could,3
train,3
out,3
never,3
concludes,3
associated,3
iron,3
there,3
oliver,3
those,3
remarkable,3
inmates,3
less,3
miner,3
assault,3
public,3
remained,3
middle,3
residents,3
during,3
three,3
author,3
soldiers,3
held,3
joined,3
although,3
protest,3
order,3
expired,3
campaign,3
problems,3
themselves,3
be,3
protestors,3
notes,3
justice,3
later,2
farm,2
battle,2
communities,2
karin,2
springs,2
second,2
point,2
along,2
bringing,2
rather,2
action,2
located,2
alliance,2
organizing,2
market,2
existing,2
represented,2
earlier,2
why,2
special,2
study,2
existed,2
once,2
moreover,2
ways,2
studies,2
pp,2
east,2
us,2
neither,2
western,2
halloween,2
wanted,2
railroad,2
before,2
culture,2
following,2
result,2
these,2
townspeople,2
detachment,2
uprising,2
social,2
blacks,2
surge,2
law,2
book,2
important,2
opinion,2
ordered,2
escorted,2
character,2
liberty,2
gary,2
came,2
wars,2
down,2
striking,2
farmers,2
skirmish,2
mississippi,2
mancini,2
primary,2
men,2
conclusions,2
may,2
further,2
stockades,2
do,2
learn,2
inman,2
supporters,2
offered,2
what,2
economy,2
reform,2
developing,2
armed,2
majority,2
form,2
troops,2
practice,2
conviction,2
placed,2
populist,2
coalfields,2
negotiated,2
number,2
directly,2
affair,2
percent,2
well,2
property,2
local,2
marked,2
used,2
vast,2
session,2
destined,2
private,2
story,2
supply,2
contracts,2
resources,2
depended,2
press,2
two,2
demanded,2
returning,2
year,2
literature,2
impulses,2
behavior,2
challenges,2
parchman,2
ultimately,2
finally,2
immediate,2
such,2
own,2
since,2
conditions,2
guard,2
modernization,2
sense,2
would,2
conducted,2
so,2
august,2
legislators,2
stage,2
mines,2
off,2
night,2
nor,2
latter,2
demand,2
mobilized,2
highly,2
texas,2
left,2
era,2
managed,2
seeking,2
up,2
through,2
substantial,2
resistance,2
saw,2
we,2
capitol,2
engagement,2
making,2
influence,2
avoid,2
truce,1
industries,1
increasing,1
courts,1
revolution,1
militancy,1
razed,1
difficult,1
will,1
rights,1
loyal,1
handful,1
accepting,1
ending,1
operation,1
opposed,1
republican,1
twelve,1
originally,1
issues,1
depressed,1
negotiations,1
transportation,1
he,1
seats,1
racism,1
appropriation,1
americans,1
relationships,1
personally,1
demographically,1
steady,1
dies,1
beneath,1
transformations,1
investigated,1
variety,1
altogether,1
jobs,1
extensively,1
easy,1
humanitarian,1
way,1
visa,1
unfulfilled,1
subjected,1
contingent,1
devastating,1
military,1
sanctity,1
destroy,1
five,1
lurked,1
brethren,1
criminal,1
liberation,1
adds,1
drama,1
service,1
created,1
debated,1
claimed,1
edward,1
telephone,1
resisted,1
hill,1
go,1
competency,1
limited,1
basic,1
dashed,1
released,1
acknowledged,1
sinister,1
profitability,1
exist,1
culminating,1
reinforcements,1
patronage,1
male,1
sway,1
presses,1
responded,1
process,1
feel,1
becomes,1
meanwhile,1
players,1
reduce,1
parallels,1
resonated,1
extends,1
interfere,1
july,1
walker,1
weighs,1
stipulating,1
examined,1
utility,1
began,1
predilection,1
opposition,1
legal,1
contribution,1
sympathetic,1
factionalized,1
positions,1
grew,1
talk,1
inadequate,1
movement,1
large,1
rebellions,1
disputants,1
led,1
partially,1
aligned,1
cutbacks,1
seized,1
awed,1
expectations,1
illustrations,1
relationship,1
legality,1
reforms,1
chronicle,1
slowed,1
cherished,1
periodic,1
pivotal,1
incursion,1
reason,1
brought,1
yet,1
rewards,1
solidarity,1
palpably,1
thought,1
citizens,1
fascinating,1
scene,1
get,1
exhibit,1
americanism,1
excessively,1
send,1
understand,1
addition,1
marchers,1
liberated,1
easily,1
rules,1
win,1
maintaining,1
eugene,1
abundance,1
facilitated,1
thwart,1
counterparts,1
assure,1
wages,1
earliest,1
consider,1
paternalistic,1
matters,1
challenged,1
policy,1
comrades,1
index,1
abhorrent,1
presidency,1
occurred,1
authorities,1
home,1
pump,1
planned,1
tells,1
clothing,1
infrastructure,1
light,1
elsewhere,1
liberties,1
become,1
expansive,1
disassemble,1
days,1
spontaneously,1
numbers,1
plantations,1
efforts,1
track,1
series,1
conclusion,1
arrest,1
necessity,1
closely,1
leases,1
threat,1
without,1
circumstances,1
four,1
crow,1
arms,1
identification,1
fluctuations,1
struck,1
democratic,1
lunch,1
constituted,1
ever,1
chattanooga,1
ominous,1
common,1
urgency,1
regional,1
only,1
known,1
surface,1
connecting,1
either,1
withdrawn,1
continued,1
especially,1
followed,1
affairs,1
obstacles,1
willingness,1
ensuing,1
cost,1
revisited,1
laid,1
davis,1
occupational,1
supposedly,1
fire,1
niceties,1
decisive,1
served,1
name,1
appealing,1
here,1
established,1
heritage,1
set,1
unionism,1
challenge,1
assert,1
providers,1
forty,1
class,1
slumps,1
links,1
replace,1
toward,1
bring,1
might,1
address,1
dimension,1
cut,1
disgruntled,1
avail,1
removed,1
refused,1
control,1
engaged,1
redress,1
propitious,1
added,1
requisitioning,1
surfaced,1
resolute,1
release,1
paper,1
arrived,1
are,1
legislative,1
aforementioned,1
forays,1
georgia,1
latent,1
outskirts,1
participants,1
achieved,1
slave,1
interested,1
treatment,1
preserve,1
allow,1
capital,1
amoral,1
leaders,1
twenty,1
areas,1
escalation,1
workingclass,1
pressure,1
prominence,1
call,1
capitulated,1
together,1
conservative,1
unaccomplished,1
signaling,1
begun,1
emergence,1
republicanism,1
appropriated,1
called,1
reasons,1
surprised,1
felony,1
inept,1
essence,1
forces,1
choice,1
post,1
fully,1
assembled,1
nevertheless,1
exploiting,1
particularly,1
larger,1
crowd,1
complicity,1
incident,1
reacted,1
any,1
reinvigorated,1
promised,1
hugh,1
hundred,1
maps,1
quibbled,1
events,1
asserting,1
carolina,1
uphold,1
religion,1
cities,1
graham,1
differed,1
minimize,1
restore,1
seldom,1
past,1
dead,1
c,1
defending,1
feature,1
fuel,1
miscreants,1
extractive,1
compromised,1
freight,1
mustered,1
rhetoric,1
punishment,1
adapt,1
antebellum,1
better,1
turned,1
brother,1
sent,1
hand,1
latest,1
drove,1
equally,1
decisively,1
occupation,1
peaceful,1
helping,1
urgent,1
though,1
differences,1
alike,1
due,1
performed,1
appalachian,1
hostile,1
johns,1
government,1
persuasively,1
incarceration,1
impulse,1
livelihood,1
racial,1
combined,1
setting,1
carter,1
addresses,1
recently,1
population,1
merchants,1
reinforce,1
strategies,1
promise,1
suffered,1
attractiveness,1
purchased,1
cause,1
particular,1
disorganized,1
lines,1
overseers,1
outside,1
governmental,1
focus,1
brief,1
sophisticated,1
seasonal,1
passed,1
belief,1
ordeal,1
unrest,1
problem,1
profit,1
has,1
historians,1
petition,1
understandably,1
negotiate,1
revolt,1
died,1
matthew,1
hopkins,1
sought,1
commander,1
masked,1
alarmed,1
day,1
veterans,1
expensive,1
march,1
resurrected,1
stages,1
cloth,1
changed,1
depriving,1
attacking,1
deal,1
ayers,1
argues,1
gained,1
none,1
original,1
agreed,1
felt,1
suggests,1
job,1
emphasis,1
future,1
politics,1
incorporated,1
whiteness,1
relief,1
prospect,1
urban,1
size,1
emancipated,1
burning,1
recapture,1
appendices,1
treated,1
monopolists,1
banks,1
primed,1
bibliography,1
brokered,1
rail,1
cadre,1
governorship,1
vehement,1
r,1
illusive,1
west,1
distinctively,1
significantly,1
county,1
met,1
attacked,1
advancement,1
respect,1
part,1
oshinsky,1
including,1
term,1
signaled,1
introduced,1
surrendered,1
despite,1
owners,1
civil,1
marketing,1
joining,1
brusque,1
dispute,1
objective,1
versa,1
african,1
promises,1
giving,1
vowed,1
gender,1
message,1
description,1
romanticizing,1
cheap,1
fiercely,1
went,1
jim,1
significant,1
gave,1
unfortunately,1
prevailed,1
minority,1
demanding,1
secured,1
numerous,1
returned,1
broad,1
institution,1
immediately,1
postbellum,1
people,1
maintained,1
guise,1
insurrectionists,1
curb,1
gain,1
manhood,1
coming,1
exhibited,1
despised,1
conflict,1
obvious,1
thereafter,1
buttons,1
complaints,1
panacea,1
manliness,1
complied,1
comments,1
tempers,1
however,1
question,1
penology,1
similar,1
plurality,1
shortly,1
charges,1
endorsed,1
participate,1
students,1
practices,1
talented,1
rage,1
won,1
genovese,1
recent,1
low,1
entrapped,1
doubting,1
assembly,1
volunteer,1
professor,1
challenging,1
scarce,1
intensified,1
donald,1
converged,1
reality,1
comprehensive,1
greedy,1
observes,1
interracial,1
agreement,1
points,1
accept,1
dominated,1
animosity,1
victory,1
explaining,1
wringing,1
crisis,1
evening,1
change,1
relatively,1
ability,1
depressing,1
wounded,1
contributed,1
choices,1
allure,1
instead,1
keep,1
ensued,1
shootout,1
coalitions,1
threw,1
field,1
impelled,1
spread,1
supplies,1
grievance,1
smaller,1
high,1
trail,1
resolving,1
played,1
expected,1
vengeance,1
next,1
shameful,1
politically,1
forced,1
profitably,1
defiance,1
trek,1
james,1
contrast,1
funds,1
clothes,1
obligatory,1
area,1
assemble,1
owned,1
candidates,1
hence,1
accused,1
unimpressed,1
elements,1
included,1
old,1
nashville,1
stored,1
fervent,1
worried,1
david,1
perspective,1
indictment,1
frustrating,1
evocative,1
freed,1
thousand,1
mineral,1
sentiment,1
accomplished,1
back,1
contract,1
least,1
systems,1
surrender,1
inspired,1
between,1
parallel,1
mildred,1
depression,1
actions,1
chapel,1
industry,1
patriotic,1
breaking,1
civic,1
dramatic,1
notorious,1
reported,1
essentially,1
suddenly,1
assertive,1
unchanged,1
focal,1
xvi,1
twice,1
midnight,1
prisons,1
effect,1
reached,1
cheaper,1
commiserating,1
enterprise,1
hedges,1
pool,1
always,1
irresistible,1
ring,1
competition,1
exclusively,1
working,1
unanswered,1
upholding,1
consequently,1
dependent,1
productivity,1
sheriff,1
attracted,1
sortie,1
describes,1
slowdown,1
seemed,1
details,1
peculiar,1
often,1
taylor,1
disruptions,1
north,1
destruction,1
william,1
sister,1
longer,1
responsibility,1
occasion,1
crime,1
adult,1
building,1
bills,1
provided,1
meeting,1
displaced,1
warnings,1
passive,1
attention,1
imperiled,1
fierce,1
competitive,1
close,1
rates,1
standoff,1
aboard,1
reducing,1
summer,1
activities,1
repeated,1
poorly,1
pliable,1
