WORDCOUNTS,WEIGHT
the,148
of,123
and,99
in,55
to,53
war,39
a,34
s,30
as,25
sherman,24
p,19
but,18
grimsley,18
was,16
for,16
their,15
civilians,15
that,14
southern,13
confederate,13
only,13
on,13
it,12
such,12
at,11
he,11
his,11
hard,11
not,10
policy,10
were,9
general,9
with,8
ash,8
or,8
armies,8
this,8
yankees,8
destruction,8
south,7
american,7
one,7
from,7
by,7
most,7
toward,7
towns,7
union,7
who,7
even,7
civil,7
once,6
federal,6
had,6
did,6
against,6
between,6
northern,6
whites,6
class,5
royster,5
history,5
sewell,5
forces,5
john,5
carolina,5
there,5
warfare,5
conflict,5
kind,5
order,5
old,5
when,5
may,4
no,4
garrisoned,4
frontier,4
yet,4
university,4
burned,4
total,4
more,4
military,4
many,4
hand,4
another,4
some,4
its,4
yankee,4
which,4
soldiers,4
like,4
be,4
always,4
also,4
among,4
occupied,4
an,4
moreover,3
limits,3
been,3
mark,3
maps,3
relations,3
still,3
they,3
white,3
is,3
see,3
americans,3
pp,3
rebel,3
conciliation,3
stephen,3
house,3
georgia,3
sometimes,3
press,3
power,3
all,3
came,3
book,3
unionists,3
men,3
those,3
occupation,3
william,3
reviews,3
pillage,3
however,3
while,3
because,3
march,3
well,3
property,3
upon,3
plunder,3
calls,3
during,3
place,3
engaged,3
argues,3
sutherland,3
memoirs,3
have,3
september,3
times,3
sense,3
slaves,3
began,3
especially,3
charles,3
few,3
acts,3
north,3
should,3
appeal,2
failed,2
f,2
poor,2
gerald,2
led,2
violation,2
way,2
logistical,2
if,2
within,2
slavery,2
resulted,2
e,2
army,2
make,2
parts,2
year,2
often,2
illustrations,2
respect,2
true,2
h,2
itself,2
rules,2
us,2
into,2
harsh,2
any,2
mcclellan,2
impact,2
w,2
these,2
rape,2
assaults,2
notwithstanding,2
savannah,2
first,2
t,2
fire,2
aristocrats,2
index,2
other,2
attempts,2
know,2
put,2
control,2
severity,2
official,2
character,2
slave,2
could,2
pragmatic,2
daily,2
found,2
devastation,2
great,2
rich,2
time,2
orders,2
very,2
enemy,2
impressively,2
linderman,2
v,2
suffering,2
where,2
hostile,2
tecumseh,2
daniel,2
stopped,2
ch,2
accounts,2
plain,2
randolph,2
remained,2
generally,2
secessionist,2
virginia,2
planters,2
both,2
own,2
bibliography,2
richard,2
women,2
brought,2
despite,2
billy,2
african,2
step,2
generals,2
much,2
rebels,2
guilty,2
people,2
emancipation,2
wanton,2
until,2
moral,2
directed,2
regions,2
invaders,2
neighbors,2
good,2
never,2
august,2
homes,2
so,2
summer,2
vengeance,2
sharp,2
quite,2
invasion,2
different,2
campaign,2
every,2
blacks,2
least,2
race,2
folk,2
presence,2
dramatic,2
memphis,2
early,2
civilian,2
through,2
doctrines,2
sea,2
we,2
than,2
notes,2
terror,2
example,2
attention,2
strategy,2
occur,2
examines,2
commanders,2
tennessee,2
saucy,1
revolution,1
dogs,1
dealing,1
fleeting,1
raids,1
carried,1
will,1
pay,1
loyal,1
seized,1
does,1
inhumane,1
accepting,1
battlefield,1
escaped,1
fueled,1
educate,1
privation,1
deference,1
disobedient,1
experience,1
done,1
sectionalism,1
york,1
shoot,1
chains,1
essential,1
homefront,1
agitation,1
precepts,1
fathers,1
succinctly,1
sins,1
innocent,1
appealed,1
common,1
taken,1
regular,1
george,1
polished,1
medieval,1
guerrillas,1
camp,1
elevate,1
usually,1
economic,1
five,1
willingly,1
culpeper,1
short,1
indeed,1
proclaimed,1
nest,1
faced,1
fled,1
evaporated,1
prose,1
topple,1
suspected,1
alliance,1
rough,1
hill,1
unwarranted,1
represent,1
justifying,1
imperatives,1
lands,1
hoped,1
return,1
fratricide,1
others,1
seasons,1
gratuitous,1
recognizes,1
merits,1
widespread,1
nearly,1
slow,1
burke,1
uncaring,1
lost,1
swath,1
represented,1
community,1
seen,1
killing,1
july,1
sectional,1
detailed,1
parity,1
over,1
subtlety,1
introduction,1
says,1
utility,1
unarmed,1
proportion,1
earlier,1
determination,1
eight,1
freely,1
xii,1
church,1
county,1
b,1
study,1
shocks,1
leave,1
interesting,1
settings,1
roads,1
seceded,1
loss,1
tends,1
makes,1
antagonisms,1
fighting,1
designed,1
stonewall,1
atlanta,1
about,1
feel,1
formed,1
arson,1
manassas,1
twisted,1
enlisted,1
courage,1
target,1
experiences,1
support,1
ordeal,1
receive,1
initiative,1
understand,1
benighted,1
twenty,1
salvation,1
savage,1
beasts,1
modern,1
country,1
frowned,1
soon,1
fought,1
strategies,1
gins,1
sex,1
meant,1
taut,1
former,1
evaluation,1
policymakers,1
earnest,1
detail,1
quantitative,1
episcopal,1
established,1
bummers,1
regularly,1
burn,1
unlike,1
neutral,1
earned,1
acting,1
included,1
wisconsinmadison,1
home,1
punished,1
exercised,1
railroad,1
small,1
legion,1
carnage,1
proved,1
before,1
elsewhere,1
husbands,1
fragile,1
just,1
safe,1
terrible,1
following,1
irregular,1
dominate,1
hanging,1
loosened,1
comes,1
source,1
hearts,1
vol,1
controlled,1
pragmatism,1
humane,1
terrifying,1
inevitable,1
xi,1
must,1
parties,1
ulysses,1
four,1
gay,1
northward,1
fiercest,1
fires,1
two,1
department,1
reports,1
believed,1
soldier,1
incursions,1
matters,1
ever,1
havens,1
said,1
fact,1
rise,1
deserved,1
symbolic,1
known,1
officers,1
passion,1
gap,1
map,1
defeat,1
observation,1
followed,1
cotton,1
masses,1
peninsula,1
persuasive,1
undertaken,1
retaliation,1
davis,1
party,1
lead,1
ahead,1
embraced,1
rather,1
jackson,1
desolation,1
name,1
slaveholding,1
majority,1
sketchy,1
offers,1
torching,1
law,1
secession,1
assertions,1
set,1
hood,1
dominant,1
helped,1
rekindled,1
m,1
plainfolk,1
chaos,1
strike,1
appeals,1
quickly,1
presaging,1
pity,1
vols,1
cavalry,1
native,1
death,1
ended,1
punish,1
advocated,1
secretary,1
pointed,1
reveal,1
chance,1
privacy,1
invading,1
authority,1
friends,1
each,1
experienced,1
whereas,1
gentle,1
complementary,1
are,1
destructiveness,1
combat,1
my,1
steven,1
damaged,1
handling,1
shows,1
title,1
unionism,1
limit,1
resentment,1
chapel,1
arrival,1
leaders,1
leading,1
down,1
uneasy,1
striking,1
holds,1
reb,1
entered,1
grasped,1
desire,1
begun,1
half,1
savagery,1
crush,1
abetted,1
justifiable,1
extinction,1
loyalty,1
subsided,1
extermination,1
inevitably,1
seven,1
gracefully,1
really,1
wiped,1
chroniclers,1
break,1
booklists,1
deal,1
sometime,1
new,1
uncle,1
niggers,1
how,1
gray,1
concludes,1
court,1
runaways,1
heightening,1
doubt,1
waged,1
inflict,1
platters,1
bombing,1
take,1
associations,1
making,1
examining,1
evolving,1
eat,1
fears,1
seldom,1
past,1
observes,1
feature,1
embrace,1
removal,1
recorder,1
chevauchies,1
embattled,1
fear,1
masters,1
bands,1
last,1
late,1
turned,1
state,1
took,1
miles,1
further,1
left,1
wild,1
sacking,1
outset,1
patrol,1
oppressors,1
library,1
informed,1
though,1
scholarly,1
wage,1
what,1
better,1
runaway,1
deliberate,1
johns,1
persuasively,1
racial,1
papers,1
them,1
legend,1
vulnerable,1
recently,1
halleck,1
homefolk,1
less,1
larger,1
foot,1
answer,1
molasses,1
akin,1
rebellion,1
together,1
obliteration,1
troops,1
occasional,1
practice,1
ed,1
flaws,1
wartime,1
hell,1
sophisticated,1
rapes,1
swing,1
unravel,1
perhaps,1
woman,1
explore,1
firmly,1
writes,1
belief,1
ceased,1
series,1
books,1
persecution,1
leaving,1
social,1
has,1
historians,1
stolen,1
ingeniously,1
triumph,1
warned,1
hopkins,1
primary,1
sought,1
free,1
out,1
robbery,1
silver,1
enmity,1
plantation,1
pursued,1
distinguishes,1
president,1
civilized,1
pigs,1
lashes,1
trade,1
almost,1
keeping,1
original,1
anticipation,1
too,1
image,1
felt,1
flamed,1
emphasis,1
protected,1
politics,1
threat,1
line,1
relief,1
murders,1
winfield,1
justly,1
used,1
divided,1
campaigns,1
burning,1
slight,1
permitted,1
scope,1
extent,1
examples,1
degenerated,1
suggests,1
howl,1
splendid,1
alterations,1
occasionally,1
incidents,1
leniency,1
alone,1
entire,1
professor,1
evacuation,1
r,1
sland,1
conflicts,1
provocative,1
west,1
pain,1
region,1
malicious,1
reported,1
attached,1
bell,1
say,1
except,1
restrain,1
solidarity,1
scott,1
drew,1
signaled,1
far,1
city,1
hiroshima,1
scalawags,1
welcoming,1
yank,1
increase,1
apparent,1
ransacked,1
suffer,1
judge,1
became,1
bowls,1
reconstruction,1
along,1
supplies,1
elite,1
ruthless,1
himself,1
unnerving,1
gender,1
cabins,1
encouraged,1
lai,1
fence,1
dishonor,1
simply,1
appomattox,1
entirely,1
dignity,1
whole,1
measure,1
gave,1
freedom,1
older,1
nashville,1
policies,1
edwin,1
allowed,1
marszalek,1
contends,1
qualitative,1
admits,1
indians,1
congress,1
records,1
maintained,1
isolated,1
labor,1
complained,1
trend,1
implementation,1
thereafter,1
daring,1
maintains,1
precision,1
insulted,1
disregard,1
denying,1
border,1
full,1
sees,1
feuds,1
practical,1
discriminated,1
question,1
sundry,1
dependence,1
charm,1
dubious,1
atrocities,1
advantages,1
relationships,1
bedroom,1
students,1
underwent,1
author,1
torch,1
weakened,1
go,1
reassert,1
won,1
helpless,1
authorized,1
emeritus,1
reaction,1
bedstead,1
cambridge,1
dresden,1
clear,1
rediscovery,1
three,1
twentieth,1
camps,1
assumes,1
squatted,1
pollution,1
grant,1
demoralized,1
intruders,1
whipping,1
bodily,1
researched,1
interest,1
lady,1
forgotten,1
carpetbaggers,1
change,1
wholesale,1
relatively,1
ability,1
johnny,1
course,1
brother,1
rails,1
bondage,1
renounced,1
would,1
sweep,1
measures,1
cold,1
balanced,1
pronounced,1
cockpit,1
remake,1
him,1
brave,1
victims,1
things,1
stanton,1
codified,1
rooted,1
states,1
century,1
surgical,1
privilege,1
distinction,1
punitive,1
you,1
molestation,1
strove,1
forced,1
fury,1
tellingly,1
practiced,1
proximity,1
after,1
organ,1
midsummer,1
looting,1
provides,1
measured,1
night,1
sake,1
shift,1
schoolteachers,1
guerrilla,1
destroyed,1
foraging,1
sentence,1
loose,1
exploded,1
sorghum,1
needs,1
written,1
stole,1
unless,1
bloody,1
revealing,1
divisions,1
slaveholders,1
response,1
raid,1
posture,1
spilled,1
humiliation,1
psychological,1
houses,1
disloyal,1
young,1
arise,1
become,1
research,1
radicals,1
admonished,1
demoralize,1
assertive,1
applying,1
point,1
villages,1
degraded,1
mainly,1
wreck,1
forms,1
truly,1
noncombatants,1
can,1
part,1
analysis,1
enemies,1
henry,1
crushing,1
oligarchs,1
st,1
severely,1
clem,1
given,1
lay,1
raised,1
abandoned,1
pipe,1
retained,1
wife,1
focus,1
poured,1
ellen,1
slept,1
charity,1
recovery,1
milledgeville,1
lincoln,1
political,1
bondsmen,1
moved,1
destructive,1
massive,1
justice,1
carolinas,1
pope,1
fostered,1
traumatic,1
thorough,1
