WORDCOUNTS,WEIGHT
the,224
of,178
in,98
and,87
a,64
vermont,48
to,46
s,44
allen,41
new,32
bellesiles,31
his,30
as,24
by,24
history,23
for,21
revolutionary,19
that,19
was,17
from,17
england,17
early,17
with,16
ethan,15
their,14
p,14
but,13
green,13
is,12
this,12
not,11
york,11
political,11
which,11
than,11
american,10
frontier,10
social,10
state,10
were,10
on,10
an,9
at,8
struggle,8
rather,8
if,8
popular,8
be,8
it,7
mountains,7
they,7
people,7
land,7
would,7
revolution,7
thomas,7
much,7
mountain,6
had,6
more,6
brooke,6
william,6
both,6
have,6
one,5
he,5
analysis,5
authority,5
or,5
culture,5
conclusion,5
simply,5
also,5
here,5
are,5
massachusetts,5
there,5
context,5
boys,5
some,5
central,5
individual,5
family,5
story,5
settlers,4
speculator,4
been,4
independence,4
terms,4
about,4
pp,4
then,4
experience,4
only,4
independent,4
long,4
other,4
all,4
many,4
shaped,4
very,4
rural,4
shays,4
reviews,4
them,4
see,4
sovereignty,4
constitutional,4
berkshire,4
well,4
made,4
hampshire,4
own,4
against,4
quite,4
we,4
problems,4
between,4
grants,4
interesting,3
implications,3
l,3
outlaws,3
who,3
community,3
philosopher,3
legitimacy,3
religious,3
study,3
roth,3
grounded,3
university,3
same,3
diversity,3
most,3
two,3
known,3
power,3
cultures,3
historians,3
histories,3
government,3
john,3
religion,3
while,3
ticonderoga,3
late,3
where,3
whether,3
nature,3
michael,3
america,3
randolph,3
colonies,3
property,3
politics,3
northampton,3
claim,3
given,3
through,3
role,3
its,3
institutional,3
has,3
families,3
legal,3
significance,3
september,3
does,3
suggest,3
filled,3
county,3
vacuum,3
these,3
fails,2
may,2
critical,2
now,2
relationship,2
insurgency,2
republic,2
situate,2
various,2
common,2
within,2
action,2
economic,2
himself,2
indeed,2
drama,2
flowed,2
imperatives,2
might,2
led,2
revolt,2
framing,2
process,2
freemasonry,2
connecticut,2
southern,2
complex,2
settled,2
expectations,2
powerfully,2
reason,2
oracle,2
making,2
makes,2
problematic,2
interpretive,2
case,2
dramaturgy,2
into,2
title,2
reintegration,2
any,2
before,2
ideology,2
mary,2
exemplified,2
too,2
threat,2
biography,2
must,2
constitutionalists,2
pittsfield,2
regional,2
calvinist,2
charismatic,2
circulating,2
titles,2
champlain,2
law,2
flow,2
mark,2
suggested,2
similarly,2
principle,2
j,2
celebratory,2
efforts,2
communal,2
thus,2
longer,2
tradition,2
found,2
great,2
consent,2
grounding,2
particularly,2
out,2
stereotype,2
theology,2
book,2
henretta,2
pattern,2
man,2
past,2
c,2
thompson,2
western,2
representative,2
emerges,2
ground,2
robert,2
purposes,2
armed,2
orthodoxy,2
majority,2
system,2
british,2
rebellion,2
perhaps,2
blake,2
public,2
ventures,2
historiographical,2
shape,2
another,2
allens,2
rioters,2
exploring,2
divided,2
father,2
quarterly,2
atlantic,2
explanation,2
upon,2
situating,2
lake,2
example,2
press,2
philosophy,2
linking,2
returned,2
collective,2
goals,2
structures,2
irving,2
improvements,2
formation,2
montreal,2
status,2
moral,2
national,2
interest,2
enlightenment,2
sense,2
like,2
farms,2
order,2
settlement,2
never,2
close,2
ser,2
young,2
served,2
can,2
find,2
structure,2
james,2
exclusively,2
looks,2
valley,2
world,2
among,2
north,2
so,2
broader,2
attention,2
rest,2
society,2
attacks,1
mohawk,1
south,1
van,1
enough,1
terror,1
battle,1
magnetic,1
oncems,1
pretended,1
dead,1
fort,1
states,1
leaseholders,1
what,1
second,1
sovereign,1
revisionist,1
theodore,1
whose,1
peers,1
essential,1
today,1
beast,1
perspectives,1
heroism,1
strugglefor,1
rationalism,1
conflicting,1
continued,1
congregational,1
dilemma,1
contingent,1
figure,1
bring,1
revisionists,1
corporate,1
stood,1
revival,1
how,1
created,1
debated,1
bound,1
claimed,1
edward,1
aggressive,1
basic,1
minority,1
return,1
landless,1
annexing,1
essence,1
culminating,1
reference,1
widespread,1
model,1
capture,1
institutions,1
connection,1
exercise,1
constraints,1
get,1
ritualized,1
qualify,1
prove,1
conceptions,1
seen,1
formative,1
poorer,1
push,1
opportunity,1
establish,1
determining,1
force,1
yankee,1
dutchess,1
notably,1
manuscript,1
proportion,1
connected,1
rowland,1
village,1
grew,1
certain,1
told,1
swedenborg,1
slippery,1
put,1
approved,1
witness,1
structural,1
agency,1
calvinists,1
distant,1
superb,1
lay,1
prime,1
existed,1
robin,1
achieve,1
once,1
violate,1
scattered,1
simultaneous,1
regulations,1
apples,1
uniquely,1
charlottesville,1
sets,1
yet,1
ways,1
violence,1
humiliation,1
debunkers,1
means,1
aichele,1
face,1
security,1
sidesteps,1
paradox,1
funeral,1
appendixes,1
genius,1
joseph,1
latter,1
under,1
odyssey,1
greater,1
announces,1
tied,1
labor,1
concord,1
militia,1
reduced,1
position,1
neither,1
enmeshed,1
river,1
index,1
celebrators,1
perceived,1
allies,1
defense,1
abandonment,1
misses,1
variable,1
exercised,1
emergence,1
fifteen,1
attract,1
wealth,1
biographical,1
sectarian,1
driven,1
actually,1
just,1
threatening,1
swedenborgian,1
following,1
somewhere,1
constitutionary,1
attain,1
arguing,1
articulated,1
migration,1
ed,1
outliving,1
dovetails,1
experiment,1
pioneers,1
ethic,1
peoples,1
claims,1
solid,1
age,1
themes,1
different,1
department,1
demonstrate,1
predominantly,1
democratic,1
ever,1
increasingly,1
determinants,1
first,1
situates,1
extension,1
twin,1
either,1
stephen,1
picture,1
dr,1
useful,1
temporal,1
chose,1
comparisons,1
bancroft,1
jurisdiction,1
contextualizing,1
members,1
requires,1
certainly,1
leader,1
painted,1
adversity,1
flowing,1
posed,1
offers,1
impediment,1
achieving,1
heritage,1
roving,1
exaggerated,1
omission,1
hood,1
afterlife,1
comparison,1
comparative,1
give,1
stories,1
important,1
culturally,1
decades,1
others,1
dimension,1
view,1
over,1
constitution,1
continental,1
chance,1
deficiencies,1
perfectionism,1
fundamental,1
assessments,1
control,1
backcountry,1
each,1
glimpsed,1
countervailing,1
reform,1
routine,1
calvinism,1
debunking,1
nice,1
character,1
opening,1
moving,1
historiography,1
words,1
engaging,1
gary,1
worth,1
came,1
anything,1
liberties,1
acceptable,1
lack,1
uses,1
interested,1
oranges,1
seem,1
europe,1
copy,1
cogently,1
scientists,1
did,1
best,1
leading,1
could,1
formulations,1
broadly,1
harder,1
suggesting,1
slavery,1
advantage,1
begun,1
stalwart,1
ought,1
attempting,1
capacity,1
assertion,1
accumulated,1
choice,1
eventually,1
narrative,1
lodges,1
years,1
achievement,1
neighbors,1
practical,1
able,1
job,1
diverse,1
clearly,1
district,1
speculation,1
personal,1
radical,1
court,1
personality,1
room,1
light,1
audience,1
vignette,1
endeavor,1
opt,1
venture,1
wardner,1
embrace,1
describe,1
m,1
merely,1
leaping,1
vermonters,1
rejection,1
continentals,1
replicated,1
yorker,1
afternoon,1
tangle,1
marini,1
henry,1
those,1
elevated,1
knows,1
understood,1
realities,1
defending,1
letting,1
reading,1
somewhat,1
because,1
war,1
emmanuel,1
hinterland,1
sectarianism,1
climate,1
economy,1
ambitions,1
johns,1
continuing,1
moderate,1
similar,1
daniel,1
lands,1
livelihood,1
empire,1
recently,1
tide,1
celebrated,1
meet,1
rising,1
sound,1
partners,1
cause,1
excellent,1
militias,1
scale,1
studies,1
comes,1
takes,1
focusing,1
maintain,1
brief,1
existence,1
poles,1
contemporaries,1
dialectic,1
xiv,1
map,1
unmediated,1
charter,1
explore,1
native,1
embracing,1
assault,1
ignoring,1
east,1
unfold,1
wide,1
ordinary,1
legitimate,1
grave,1
fully,1
deistic,1
hopkins,1
entrepreneurial,1
mesmer,1
sought,1
politicized,1
possibility,1
mass,1
really,1
information,1
vehicle,1
sequential,1
discuss,1
cornwall,1
elsewhere,1
demonstrations,1
gestures,1
remained,1
having,1
design,1
local,1
perfection,1
original,1
percent,1
centering,1
episode,1
meetings,1
virginia,1
distinguish,1
private,1
w,1
dabbled,1
revealed,1
situated,1
mythic,1
encounter,1
cohesive,1
shared,1
planning,1
properties,1
skepticism,1
contexts,1
alliance,1
statehood,1
bibliography,1
doctrines,1
living,1
abandoned,1
ownership,1
circumstances,1
helps,1
jellison,1
recognition,1
region,1
bit,1
brought,1
hermetic,1
disposes,1
fortyfive,1
officeholding,1
civil,1
sent,1
looking,1
lockean,1
merge,1
charisma,1
us,1
ministers,1
carolina,1
recover,1
nudged,1
williamson,1
identity,1
interact,1
deacon,1
lies,1
initiative,1
investment,1
ethnography,1
masonic,1
unfortunately,1
recounts,1
paints,1
older,1
demanding,1
mysticism,1
summarizes,1
manufacturing,1
robinson,1
pursuing,1
describes,1
colonial,1
categories,1
hudson,1
framework,1
issues,1
minutemen,1
writing,1
conundrums,1
being,1
questions,1
conflict,1
goal,1
reviled,1
debt,1
nothing,1
centralized,1
our,1
iron,1
accessible,1
throughout,1
frame,1
refiner,1
chosen,1
full,1
raising,1
convincing,1
review,1
antinomian,1
question,1
frederic,1
reinforcing,1
optimistic,1
ultimately,1
folklore,1
matt,1
theoretical,1
powerful,1
capacities,1
distinctive,1
plagiarized,1
charge,1
oligarchy,1
approbation,1
unable,1
such,1
argues,1
recent,1
freehling,1
inevitable,1
resist,1
since,1
margaret,1
dominated,1
overriding,1
pursuit,1
originated,1
bicentennial,1
approach,1
vindication,1
opens,1
abnaki,1
strikingly,1
de,1
profession,1
author,1
finally,1
dissenters,1
points,1
subtle,1
fountain,1
mode,1
essay,1
peter,1
crisis,1
interpret,1
mentalite,1
serious,1
course,1
bennington,1
demigod,1
successful,1
minister,1
highlighting,1
ago,1
period,1
mormon,1
gross,1
product,1
him,1
type,1
skene,1
topic,1
congregationalists,1
played,1
involving,1
trading,1
framed,1
charlatan,1
proposes,1
lie,1
gentry,1
theater,1
after,1
progressive,1
middling,1
area,1
sixty,1
fallow,1
preservation,1
provides,1
distinct,1
venerable,1
nor,1
alchemist,1
relations,1
speak,1
self,1
constitutions,1
imagination,1
roughly,1
class,1
sojourn,1
inclinations,1
mobilized,1
separatism,1
especially,1
consensus,1
charles,1
hammett,1
comparing,1
wider,1
jefferson,1
cousin,1
least,1
fits,1
distinctions,1
further,1
allowing,1
fire,1
sight,1
formatively,1
tactics,1
left,1
topics,1
grandson,1
magnates,1
prisons,1
precisely,1
jacob,1
onuf,1
fashions,1
mosaic,1
chilton,1
dabbling,1
including,1
cosmology,1
implication,1
even,1
localities,1
entire,1
tenants,1
sin,1
spurious,1
present,1
journal,1
actors,1
traditional,1
figures,1
saw,1
ends,1
taylor,1
roots,1
anton,1
tufts,1
notes,1
traditions,1
relative,1
leadership,1
general,1
virtue,1
jones,1
provided,1
successive,1
informed,1
darker,1
time,1
learned,1
glorified,1
encompassing,1
portrait,1
unfortunate,1
stereotypes,1
justice,1
patroon,1
jeffrey,1
unfolded,1
potash,1
