WORDCOUNTS,WEIGHT
the,198
of,119
and,91
to,81
in,66
that,48
a,41
children,31
fass,30
as,25
was,24
this,24
it,22
she,22
our,22
by,21
from,20
s,20
not,17
or,17
is,16
are,16
stories,16
abduction,16
these,15
about,14
for,14
were,14
child,13
they,13
with,13
but,13
book,13
kidnapping,13
more,12
new,12
at,11
if,11
who,11
their,11
on,11
be,11
one,10
most,10
case,10
parental,10
we,10
how,9
kidnapped,9
when,9
have,9
us,8
history,8
only,8
p,8
cultural,8
her,8
sexual,8
some,8
questions,8
an,8
family,8
media,7
his,7
childhood,7
might,7
public,7
mass,7
charley,7
became,7
such,7
than,7
lindbergh,6
he,6
had,6
social,6
important,6
other,6
many,6
did,6
those,6
what,6
them,6
narratives,6
parents,6
cases,6
been,5
over,5
abductions,5
american,5
why,5
missing,5
has,5
because,5
argues,5
murdered,5
families,5
fears,5
baby,5
own,5
meanings,5
you,5
can,5
so,5
may,4
americans,4
taken,4
ryan,4
life,4
piquing,4
murder,4
franks,4
claims,4
common,4
t,4
present,4
worst,4
rather,4
also,4
helped,4
evidence,4
into,4
seems,4
found,4
half,4
out,4
historical,4
reviews,4
terms,4
ones,4
threats,4
america,4
don,4
taking,4
story,4
part,4
strangers,4
abbott,4
people,4
learned,4
commercial,4
sense,4
like,4
century,4
between,4
loeb,4
world,4
general,4
stephanie,4
leopold,4
will,3
go,3
does,3
changes,3
way,3
male,3
make,3
boy,3
consequences,3
yet,3
types,3
means,3
understand,3
pp,3
university,3
benedicto,3
then,3
two,3
first,3
physical,3
abducted,3
publicity,3
ask,3
efforts,3
time,3
concludes,3
very,3
man,3
help,3
past,3
never,3
mind,3
reading,3
less,3
well,3
abuse,3
chapter,3
work,3
lost,3
trial,3
upon,3
psychiatric,3
helps,3
where,3
use,3
ross,3
years,3
three,3
september,3
individual,3
crime,3
ransom,3
after,3
allowed,3
dedicated,3
find,3
even,3
should,3
final,2
viviana,2
explanations,2
womanhood,2
second,2
me,2
whose,2
kidnap,2
later,2
links,2
economic,2
ways,2
gender,2
created,2
commitment,2
fear,2
nurseries,2
dangers,2
return,2
ordinary,2
success,2
still,2
legal,2
taboos,2
motive,2
bryan,2
studies,2
nostalgia,2
construction,2
answer,2
brought,2
federal,2
face,2
divorce,2
modern,2
sex,2
unlike,2
authorities,2
clearly,2
just,2
molested,2
frequently,2
too,2
rendered,2
women,2
show,2
reports,2
fashioned,2
rise,2
charles,2
perversion,2
critiques,2
successfully,2
production,2
law,2
view,2
trap,2
perceive,2
j,2
troubling,2
stolen,2
newspapers,2
scholars,2
unknown,2
could,2
websites,2
victim,2
patrick,2
desire,2
build,2
coontz,2
i,2
government,2
disputes,2
beliefs,2
last,2
asks,2
zelizer,2
places,2
readers,2
do,2
nineteenth,2
literature,2
youths,2
adults,2
accounts,2
safe,2
bobby,2
problem,2
key,2
explicitly,2
security,2
another,2
information,2
father,2
insights,2
strengths,2
made,2
true,2
claim,2
psychological,2
through,2
press,2
nation,2
wonder,2
historians,2
reconstructs,2
reduces,2
paula,2
thus,2
chapters,2
however,2
newspaper,2
believes,2
tell,2
students,2
intensified,2
moral,2
web,2
movement,2
predators,2
contests,2
counter,2
contributed,2
relations,2
although,2
define,2
responsibility,2
save,2
topic,2
next,2
discourse,2
men,2
kidnappers,2
offered,2
especially,2
supported,2
few,2
news,2
commentators,2
trying,2
acts,2
young,2
dramatic,2
protect,2
began,2
always,2
generally,2
including,2
progress,2
would,2
given,2
critique,2
explains,2
unhinged,2
value,2
psychologically,2
attention,2
widely,2
increasing,1
newer,1
jean,1
overbearing,1
ideals,1
dealing,1
difficult,1
themes,1
surroundings,1
courts,1
girl,1
oxford,1
quoting,1
simultaneously,1
reconstructed,1
currently,1
unmet,1
transform,1
surround,1
neurotic,1
circle,1
york,1
behaviors,1
slayers,1
mirrors,1
note,1
portrayed,1
variety,1
absence,1
changing,1
without,1
protecting,1
invokes,1
heroes,1
horror,1
act,1
redefine,1
provide,1
fortified,1
concerned,1
guards,1
within,1
vanderbilts,1
domains,1
ideas,1
quickly,1
troubled,1
groups,1
evaluate,1
dethroned,1
indeed,1
tighter,1
molesting,1
broadest,1
horrifying,1
claimed,1
compensate,1
captors,1
unmoved,1
adapt,1
abusing,1
easily,1
decades,1
category,1
address,1
horrors,1
parent,1
months,1
resulted,1
heights,1
female,1
teenaged,1
pause,1
predatory,1
dissolution,1
convicted,1
abnormal,1
predator,1
alone,1
accept,1
transformed,1
analyzes,1
glancing,1
above,1
dominant,1
appear,1
phrases,1
worse,1
households,1
bill,1
heard,1
banal,1
philosophy,1
possession,1
experiences,1
connect,1
similar,1
anxiety,1
told,1
philadelphia,1
registering,1
evanescent,1
parts,1
replaced,1
ix,1
religious,1
amusement,1
insecurity,1
horrible,1
study,1
often,1
responsible,1
myth,1
effective,1
conventional,1
elaborated,1
kill,1
went,1
oversimplified,1
read,1
midst,1
feel,1
awareness,1
portray,1
depicted,1
outnumber,1
confronts,1
supposed,1
interpretation,1
support,1
centuries,1
violence,1
contrary,1
push,1
eighteen,1
boorstin,1
coverage,1
marcus,1
makes,1
cleveland,1
rules,1
developments,1
happened,1
sound,1
freely,1
park,1
scourge,1
soon,1
evil,1
operates,1
photographs,1
sure,1
played,1
whereas,1
issue,1
yourself,1
unnatural,1
deflect,1
milk,1
claiming,1
overlook,1
oppressive,1
challenged,1
policy,1
needed,1
index,1
school,1
familiar,1
grist,1
image,1
childhoods,1
presents,1
oversteps,1
diabolic,1
home,1
policies,1
amid,1
rightly,1
complete,1
right,1
girls,1
singular,1
material,1
growing,1
same,1
shifting,1
entertaining,1
impact,1
traces,1
welfare,1
incompetent,1
intervened,1
called,1
series,1
no,1
excitement,1
weak,1
tuberculosis,1
defend,1
threat,1
already,1
age,1
four,1
various,1
significant,1
begins,1
acknowledges,1
ever,1
scarcely,1
havens,1
exploited,1
came,1
consistent,1
powerful,1
known,1
direction,1
sometimes,1
robert,1
beyond,1
observation,1
notions,1
consensus,1
persuasive,1
quotes,1
declared,1
long,1
organizations,1
strenuous,1
thrill,1
exploitation,1
recall,1
connection,1
fliers,1
here,1
solve,1
bruno,1
odd,1
interested,1
exaggerated,1
ride,1
photos,1
runs,1
give,1
humanitarian,1
priceless,1
strategy,1
know,1
suggested,1
disabilities,1
again,1
others,1
rush,1
ran,1
death,1
exploded,1
hypertext,1
evokes,1
fates,1
prophylactic,1
hot,1
loosened,1
font,1
rational,1
each,1
commonplace,1
working,1
legitimize,1
greater,1
uses,1
result,1
deficient,1
words,1
my,1
different,1
fact,1
based,1
shows,1
possibilities,1
lack,1
whom,1
contained,1
deviance,1
seem,1
offers,1
allow,1
best,1
explores,1
secondary,1
manliness,1
broadly,1
dallas,1
breaking,1
creative,1
entered,1
fascination,1
plot,1
diagnoses,1
reasons,1
feminism,1
marvin,1
nathan,1
awry,1
current,1
domestic,1
inappropriate,1
judge,1
report,1
disgusting,1
perpetrator,1
effort,1
lived,1
troubles,1
hospital,1
break,1
larger,1
served,1
disappearance,1
carnivalesque,1
drawn,1
tells,1
link,1
conservative,1
personal,1
infrequent,1
onto,1
criticisms,1
cautious,1
end,1
debates,1
any,1
nutty,1
noticing,1
discourses,1
handle,1
bizarre,1
real,1
pictures,1
vigorous,1
wealthy,1
foundations,1
dead,1
interpretations,1
achieved,1
outrage,1
experts,1
removal,1
anne,1
works,1
emerges,1
reinvented,1
lung,1
pursues,1
advances,1
late,1
person,1
state,1
emphasized,1
respond,1
bites,1
basic,1
helping,1
drop,1
understood,1
transactions,1
according,1
virtual,1
poverty,1
assistant,1
metaphors,1
custody,1
johns,1
continuing,1
proceedings,1
persuasively,1
daniel,1
incest,1
worldwide,1
incidence,1
whether,1
vulnerable,1
reduced,1
form,1
list,1
system,1
titillation,1
want,1
cause,1
takes,1
habitual,1
fashionable,1
agencies,1
focusing,1
covers,1
conclusion,1
year,1
statement,1
frightening,1
your,1
perhaps,1
woman,1
warn,1
reasoning,1
criminalized,1
weakened,1
wide,1
struggling,1
educated,1
overstatement,1
task,1
gives,1
shifts,1
hopkins,1
while,1
number,1
free,1
molesters,1
really,1
killed,1
science,1
victims,1
addresses,1
discuss,1
boys,1
changed,1
sites,1
raped,1
main,1
having,1
therapeutic,1
postwar,1
reached,1
suggests,1
ideal,1
compelling,1
hundreds,1
wonders,1
urban,1
infant,1
makers,1
aspects,1
size,1
campaigns,1
shared,1
felt,1
disease,1
hear,1
harmed,1
intense,1
murdering,1
hauptmann,1
infertile,1
currents,1
remember,1
richard,1
level,1
run,1
vital,1
sinister,1
presumed,1
reveal,1
waste,1
undersexed,1
screws,1
contemplate,1
point,1
presiding,1
uncover,1
killing,1
discusses,1
desperate,1
city,1
immoral,1
despite,1
territory,1
example,1
previously,1
hunger,1
strongest,1
negative,1
role,1
ruling,1
innocent,1
elite,1
its,1
infamous,1
die,1
commonly,1
interviews,1
though,1
wound,1
assumptions,1
sordid,1
everywhere,1
identifies,1
dozens,1
letter,1
loss,1
safely,1
sexually,1
dynasties,1
bucking,1
contribute,1
fit,1
older,1
during,1
place,1
sheltered,1
alarmist,1
stole,1
relates,1
assume,1
returned,1
leak,1
maintained,1
aside,1
writing,1
gain,1
regarding,1
think,1
statistics,1
central,1
slight,1
reinforced,1
popular,1
trust,1
named,1
denying,1
selves,1
focuses,1
bud,1
charlie,1
fascinated,1
states,1
surrounding,1
issues,1
surely,1
relationships,1
understandings,1
encouraged,1
pricing,1
tragedy,1
telling,1
used,1
sentimentalization,1
facts,1
birth,1
helpless,1
significance,1
intractable,1
saddening,1
professor,1
commodify,1
guage,1
trends,1
there,1
against,1
extend,1
twentieth,1
betty,1
endangerment,1
finally,1
points,1
heartless,1
essay,1
motives,1
healthful,1
publicized,1
good,1
dangerous,1
defeat,1
responses,1
prohibitions,1
horrific,1
held,1
offer,1
running,1
instead,1
haunted,1
raises,1
methodological,1
texas,1
inspiring,1
issued,1
mothers,1
consumption,1
respects,1
opposite,1
jr,1
effectively,1
provided,1
opinions,1
little,1
him,1
type,1
ability,1
things,1
bear,1
simpler,1
ceilings,1
enemy,1
plague,1
meyers,1
ended,1
prospect,1
order,1
forming,1
cope,1
locate,1
keenly,1
turn,1
tries,1
proposing,1
salience,1
heart,1
integrates,1
merely,1
atmosphere,1
distinct,1
elements,1
nor,1
self,1
better,1
sentence,1
gendered,1
loose,1
pages,1
opposition,1
perspective,1
unambiguous,1
document,1
academic,1
cracked,1
needs,1
ages,1
characteristics,1
specific,1
sentiment,1
behind,1
enlightenment,1
overstates,1
concerns,1
abductors,1
choose,1
body,1
speed,1
grow,1
easy,1
fight,1
substitute,1
lawyers,1
concert,1
nineteen,1
clarify,1
abducting,1
become,1
gauge,1
themselves,1
stranger,1
narrow,1
sight,1
sensible,1
airing,1
suddenly,1
shear,1
left,1
conclude,1
caused,1
enduring,1
junctures,1
nationally,1
ponder,1
corporations,1
babies,1
teach,1
monica,1
profit,1
early,1
overarching,1
up,1
impoverished,1
entire,1
seal,1
posed,1
develop,1
re,1
much,1
glance,1
details,1
oversimplify,1
apparently,1
prison,1
cartons,1
notes,1
fate,1
urgent,1
pronounced,1
newsy,1
doing,1
weakness,1
roles,1
increases,1
lanryan,1
sentiments,1
concluded,1
major,1
justice,1
examines,1
seemed,1
avoid,1
increase,1
society,1
visit,1
focused,1
tormented,1
surprising,1
