WORDCOUNTS,WEIGHT
the,210
of,140
and,97
a,72
to,62
in,60
s,49
hutchins,45
for,34
his,33
university,33
chicago,32
was,27
that,25
at,24
he,23
as,21
by,21
on,21
had,16
an,16
who,15
college,14
education,14
with,14
students,13
it,12
adler,12
were,12
not,11
history,11
from,11
faculty,11
program,10
more,10
after,9
american,9
two,9
great,9
some,9
president,9
this,9
dzuback,9
general,9
is,8
mcneill,8
new,8
books,8
when,8
higher,7
school,7
but,7
first,7
other,7
did,7
required,7
him,7
be,7
about,6
into,6
department,6
john,6
academic,6
though,6
war,6
years,6
courses,6
its,6
which,6
although,6
learning,6
even,6
yale,5
b,5
one,5
life,5
hawkins,5
or,5
no,5
social,5
could,5
there,5
those,5
robert,5
work,5
curriculum,5
press,5
institutional,5
high,5
dean,5
early,5
up,5
world,5
than,5
what,4
began,4
their,4
essays,4
support,4
read,4
teaching,4
also,4
set,4
arrived,4
departments,4
found,4
p,4
out,4
such,4
william,4
oberlin,4
where,4
reviews,4
are,4
perhaps,4
because,4
made,4
only,4
have,4
national,4
would,4
back,4
course,4
major,4
book,3
led,3
will,3
been,3
public,3
institutions,3
movement,3
illustrations,3
pp,3
under,3
proved,3
most,3
friend,3
harper,3
members,3
leader,3
philosophy,3
important,3
intellectual,3
friends,3
tradition,3
efforts,3
based,3
best,3
survey,3
edward,3
i,3
past,3
almost,3
career,3
somewhat,3
within,3
she,3
can,3
however,3
while,3
sought,3
day,3
degree,3
development,3
became,3
year,3
during,3
september,3
individuals,3
nuclear,3
truths,3
against,3
approach,3
so,3
counted,3
talents,3
intercollegiate,3
sophomore,3
brought,3
texts,3
little,3
comparable,3
court,3
survived,2
impossible,2
trustees,2
helped,2
republic,2
graduation,2
done,2
struggle,2
mckeon,2
whose,2
child,2
played,2
appealed,2
common,2
rather,2
science,2
ways,2
impressive,2
plans,2
brief,2
lasting,2
concern,2
reason,2
community,2
centenary,2
they,2
satisfaction,2
designed,2
consequences,2
federal,2
h,2
hugh,2
appointments,2
largely,2
thought,2
immensely,2
wanted,2
dewey,2
matters,2
mortimer,2
neither,2
western,2
committee,2
index,2
specialization,2
included,2
any,2
before,2
friendship,2
mary,2
these,2
four,2
member,2
rise,2
follow,2
shows,2
remarkable,2
long,2
britannica,2
law,2
attacks,2
fund,2
m,2
evidence,2
think,2
know,2
toward,2
departure,2
result,2
seriously,2
principles,2
interested,2
board,2
scientists,2
head,2
down,2
appeared,2
current,2
reform,2
teachers,2
time,2
together,2
studied,2
liked,2
nor,2
help,2
achieved,2
author,2
economy,2
outside,2
same,2
scholarly,2
right,2
context,2
less,2
energy,2
reasoning,2
many,2
has,2
warned,2
foundations,2
ventures,2
well,2
account,2
having,2
psychology,2
football,2
ideal,2
future,2
probably,2
father,2
reaction,2
universities,2
vote,2
taking,2
given,2
part,2
supreme,2
himself,2
tried,2
entirely,2
benton,2
gave,2
collection,2
issues,2
freshman,2
come,2
examinations,2
institution,2
shils,2
notes,2
own,2
since,2
quest,2
moral,2
graduate,2
authors,2
grew,2
comprehensive,2
dominated,2
admission,2
relations,2
divisions,2
allowed,2
d,2
hard,2
period,2
lasswell,2
administrative,2
shortly,2
few,2
highly,2
columbia,2
certainty,2
research,2
decline,2
ann,2
effective,2
reached,2
era,2
all,2
departmental,2
memoir,2
encyclopaedia,2
appoint,2
finds,2
angell,2
valuable,2
portrait,2
division,2
let,2
unevenness,1
restructurings,1
increasing,1
behaviorist,1
addresses,1
critics,1
unlikely,1
profitable,1
failed,1
go,1
take,1
margins,1
therefore,1
aspirations,1
now,1
suggestion,1
undergraduate,1
educator,1
foundings,1
relationship,1
fascism,1
timeless,1
likely,1
alleged,1
aid,1
undermines,1
may,1
fanciers,1
metaphysical,1
chicagoans,1
brimmed,1
hemingwayesque,1
instructors,1
influential,1
heightened,1
tentative,1
narrowest,1
hopes,1
without,1
rainey,1
rationalism,1
way,1
continued,1
act,1
requirement,1
george,1
indisputable,1
if,1
concerned,1
bold,1
sometimes,1
figure,1
certitude,1
johns,1
principally,1
nobel,1
amherst,1
superficiality,1
charmed,1
outsiders,1
relieved,1
held,1
civilization,1
centering,1
revival,1
created,1
delighted,1
treatment,1
resisted,1
encouraged,1
truth,1
match,1
begin,1
resistant,1
corporation,1
celebration,1
sportswriters,1
hierarchy,1
nationwide,1
appreciation,1
appreciate,1
classic,1
harked,1
longest,1
revolutionary,1
cared,1
lost,1
assure,1
army,1
narrowing,1
electives,1
off,1
chairmanship,1
abolition,1
view,1
being,1
strongly,1
still,1
intolerance,1
itself,1
bears,1
neighborhood,1
homiletics,1
senior,1
surviving,1
bookie,1
understand,1
legal,1
experiences,1
requests,1
case,1
extramural,1
publisher,1
rowland,1
certain,1
center,1
stimulated,1
tenures,1
expedite,1
suspecting,1
mounted,1
represents,1
ix,1
evolution,1
class,1
studies,1
positive,1
inspired,1
methods,1
awed,1
myth,1
adept,1
fighting,1
tend,1
rules,1
argumentation,1
worked,1
reforms,1
grade,1
frank,1
pattern,1
shaper,1
second,1
extremes,1
authority,1
scholarship,1
supporting,1
courage,1
portrayed,1
provisionally,1
interpretation,1
canonical,1
get,1
accounts,1
arrangements,1
sparkling,1
discreet,1
articles,1
changes,1
presidents,1
rumors,1
interpretive,1
modern,1
candidate,1
genius,1
circulated,1
alienate,1
drafted,1
disappeared,1
vastly,1
install,1
kelly,1
decade,1
acceptance,1
specifics,1
publications,1
position,1
erskine,1
revolutionized,1
suggestions,1
title,1
acting,1
curious,1
ashmore,1
passionately,1
planned,1
holding,1
then,1
teaches,1
faded,1
presumably,1
takes,1
light,1
apothegms,1
elsewhere,1
k,1
judgments,1
culture,1
historian,1
days,1
believed,1
elevated,1
reshaped,1
herbert,1
something,1
redirect,1
citizenry,1
gradually,1
arguing,1
experimental,1
ed,1
rebelled,1
excitement,1
demonstrates,1
source,1
humanities,1
complexity,1
committees,1
too,1
elimination,1
threat,1
usually,1
indulgence,1
academia,1
already,1
biography,1
situations,1
assaults,1
must,1
age,1
hoping,1
experience,1
reliance,1
animus,1
favored,1
democratic,1
aristotle,1
constituted,1
ever,1
increasingly,1
fact,1
impatience,1
confuse,1
preternatural,1
known,1
reling,1
pains,1
her,1
t,1
beyond,1
riesman,1
lifelong,1
shed,1
disciplinary,1
observation,1
followed,1
regime,1
sophomores,1
chose,1
securities,1
claims,1
ralph,1
modest,1
comprising,1
coteaching,1
actually,1
aquinas,1
provide,1
blemishes,1
filiopietism,1
realist,1
preceding,1
organizational,1
tyler,1
drew,1
turn,1
command,1
skill,1
shifted,1
researched,1
publicity,1
challenge,1
argumentative,1
ii,1
power,1
bright,1
integrative,1
penetrating,1
strategy,1
assigned,1
ncneill,1
planting,1
might,1
address,1
admiration,1
inadequacy,1
death,1
questioned,1
secretary,1
appear,1
refusal,1
familiar,1
deserves,1
removed,1
refused,1
xxi,1
control,1
rational,1
taught,1
intellect,1
country,1
tilted,1
j,1
succeeded,1
opening,1
maintains,1
release,1
memorializing,1
closely,1
advance,1
specialized,1
confirmed,1
remembered,1
others,1
came,1
went,1
able,1
lack,1
lead,1
commission,1
minority,1
aftermath,1
innovations,1
concentration,1
nothing,1
dollars,1
scholars,1
leading,1
diverting,1
histories,1
suggesting,1
appendix,1
entered,1
plan,1
wealthy,1
called,1
surprised,1
critically,1
landhawkins,1
indeed,1
report,1
ambitious,1
choice,1
relating,1
fully,1
assembled,1
prize,1
angry,1
biographies,1
electivism,1
transferred,1
intellectuals,1
prepare,1
abolishing,1
atomic,1
how,1
ph,1
detail,1
very,1
cautious,1
radical,1
end,1
personality,1
fdr,1
biographical,1
sees,1
real,1
historical,1
favorites,1
fascinated,1
distinctive,1
vigorous,1
man,1
speeches,1
philosophical,1
roosevelt,1
spoke,1
salary,1
works,1
victory,1
century,1
hiring,1
curricular,1
anthropologist,1
better,1
never,1
turned,1
took,1
banding,1
further,1
hand,1
aggressiveness,1
evoke,1
particularly,1
beginning,1
learn,1
raised,1
examiners,1
staff,1
didn,1
founder,1
creativity,1
according,1
wit,1
secretaryship,1
youthful,1
fuller,1
surveys,1
forerunner,1
investigation,1
does,1
treat,1
lecturer,1
accepted,1
setting,1
establish,1
them,1
positively,1
seminar,1
jobs,1
moore,1
professors,1
form,1
system,1
reputations,1
making,1
desires,1
evangelical,1
excellent,1
fortune,1
grounds,1
sensitivity,1
material,1
thirty,1
mind,1
shape,1
corps,1
wartime,1
converting,1
apologized,1
core,1
your,1
judicial,1
absolute,1
explain,1
annihilation,1
postponing,1
beta,1
merits,1
tie,1
inclusiveness,1
st,1
advise,1
consisting,1
jewish,1
nearly,1
money,1
capacity,1
gives,1
chances,1
chapter,1
hopkins,1
primary,1
free,1
really,1
psychopathology,1
america,1
affair,1
memory,1
thoroughly,1
hunch,1
redfield,1
failure,1
grades,1
informed,1
produce,1
bulletin,1
gained,1
another,1
dynamics,1
uneven,1
alumni,1
demonstrated,1
agreed,1
credit,1
transferability,1
vivify,1
degrees,1
leo,1
nomination,1
foresaw,1
honors,1
mythic,1
literature,1
divided,1
gains,1
detractors,1
rockefeller,1
intense,1
establishing,1
skepticism,1
autocratic,1
solely,1
barrington,1
personages,1
bibliography,1
chiefly,1
weaknesses,1
richard,1
emphasis,1
unseasonable,1
instituted,1
winners,1
values,1
son,1
instructor,1
admired,1
economist,1
reader,1
determined,1
undergraduates,1
occurring,1
psychological,1
politics,1
bell,1
superb,1
except,1
ohio,1
scott,1
volume,1
classics,1
grudging,1
incontrovertible,1
establishment,1
despite,1
handsomeness,1
numerous,1
interpreters,1
kappa,1
negative,1
role,1
snuffed,1
recommend,1
convinced,1
enter,1
nef,1
thenceforth,1
experiencing,1
wonder,1
harry,1
traditional,1
compulsive,1
findings,1
concludes,1
reminiscence,1
assumptions,1
whom,1
collegiate,1
attracted,1
loss,1
use,1
bible,1
continuation,1
freedom,1
older,1
complains,1
place,1
glimmering,1
radio,1
editorial,1
prospective,1
granted,1
harold,1
frustrated,1
broad,1
partly,1
redesign,1
ideas,1
ensuing,1
prodigy,1
goals,1
questions,1
maynard,1
earn,1
exhibited,1
alarmed,1
central,1
daring,1
associations,1
million,1
engaged,1
drive,1
advertising,1
throughout,1
energies,1
full,1
budgets,1
contentious,1
review,1
fears,1
question,1
surely,1
devoted,1
xviii,1
ultimately,1
lessened,1
radicalism,1
showing,1
resort,1
incomprehensible,1
taken,1
won,1
careful,1
argues,1
resignations,1
editor,1
status,1
ignored,1
significance,1
diverted,1
professor,1
finding,1
poisoning,1
else,1
applied,1
launching,1
offended,1
grant,1
charge,1
agreement,1
stayed,1
reputation,1
damage,1
mead,1
aided,1
supportive,1
interest,1
logic,1
make,1
splendid,1
daniel,1
rationalized,1
joined,1
decided,1
authorities,1
david,1
protestantism,1
heterogeneity,1
misjudgments,1
humor,1
settings,1
field,1
boldly,1
justify,1
spread,1
jr,1
willing,1
unexamined,1
aphorisms,1
declined,1
opinions,1
reshape,1
appointment,1
aristotelian,1
expected,1
involving,1
admitted,1
distinction,1
froth,1
sports,1
you,1
affairs,1
colleagues,1
contributed,1
contrast,1
buchanan,1
anyone,1
earlier,1
conversation,1
levi,1
unity,1
consolidation,1
believing,1
quite,1
midst,1
remembering,1
competition,1
individual,1
event,1
association,1
shift,1
increased,1
family,1
exchange,1
financially,1
rejecting,1
worried,1
accused,1
enhancement,1
doubtless,1
several,1
tanks,1
accreditors,1
close,1
autonomy,1
vaunted,1
decay,1
especially,1
subjects,1
body,1
highest,1
inspirational,1
study,1
between,1
response,1
serving,1
depression,1
sporadic,1
clarify,1
autodidact,1
young,1
become,1
uneasiness,1
rosten,1
allowing,1
interpretations,1
distinguished,1
deconstruction,1
protested,1
petition,1
left,1
xvi,1
shallow,1
unsympathetic,1
enrollments,1
soundness,1
dedicated,1
like,1
james,1
condemned,1
cohesive,1
civilian,1
bachelor,1
including,1
drawn,1
climaxed,1
finishing,1
method,1
haphazardry,1
extracted,1
entire,1
persuaded,1
contracts,1
roundtable,1
look,1
looked,1
re,1
bestowed,1
results,1
proper,1
much,1
games,1
why,1
marks,1
excoriating,1
among,1
seek,1
digest,1
north,1
recent,1
celebrity,1
vindictive,1
training,1
drop,1
leadership,1
premature,1
acerbic,1
provided,1
deceased,1
divisional,1
undertaking,1
acted,1
attention,1
government,1
student,1
specialty,1
settle,1
convincingly,1
elective,1
widely,1
justice,1
readership,1
topped,1
avoid,1
gifted,1
phi,1
