WORDCOUNTS,WEIGHT
the,191
of,103
to,86
in,60
and,57
a,51
that,40
s,31
sabin,28
court,26
for,23
as,22
is,22
by,20
was,18
on,18
with,16
this,16
history,15
times,15
legal,14
political,14
i,13
red,13
book,13
it,12
not,12
but,12
had,12
have,12
be,12
his,11
decisions,11
from,11
all,11
war,11
one,10
p,10
were,10
cold,10
he,9
justice,9
at,8
an,8
how,8
american,8
law,8
some,8
new,8
supreme,8
scare,8
belknap,8
calmer,8
communist,7
who,7
after,7
they,7
more,7
other,7
reaction,7
its,7
can,7
prosecutions,6
their,6
or,6
are,6
my,6
do,6
what,6
press,6
such,6
would,6
order,6
done,5
united,5
mirror,5
university,5
us,5
being,5
offers,5
beliefs,5
out,5
there,5
them,5
well,5
books,5
because,5
when,5
which,5
general,5
states,5
fears,5
than,5
przybyszewski,5
york,4
still,4
white,4
federal,4
these,4
most,4
first,4
party,4
also,4
important,4
j,4
words,4
found,4
narrative,4
warren,4
those,4
case,4
metaphor,4
historians,4
example,4
yates,4
issues,4
monday,4
guilty,4
like,4
so,4
black,4
communists,4
brown,4
up,4
much,4
should,4
courts,3
revisionist,3
been,3
soviet,3
remain,3
communism,3
prove,3
about,3
we,3
into,3
title,3
abuses,3
iwo,3
too,3
only,3
goodman,3
published,3
members,3
yes,3
writes,3
hoover,3
many,3
uses,3
then,3
arises,3
changed,3
end,3
works,3
v,3
reviews,3
has,3
larger,3
another,3
point,3
events,3
writing,3
argument,3
both,3
views,3
earlier,3
insurance,3
involved,3
state,3
anticommunism,3
majority,3
fbi,3
may,2
will,2
awkward,2
does,2
opposed,2
now,2
recognized,2
limits,2
without,2
if,2
linda,2
wrote,2
spying,2
men,2
church,2
southern,2
director,2
changes,2
earl,2
hope,2
once,2
remind,2
forgotten,2
get,2
americans,2
itself,2
lives,2
thought,2
meant,2
cointelpro,2
before,2
just,2
preface,2
two,2
simply,2
problems,2
prosecution,2
asks,2
willing,2
injustice,2
taken,2
might,2
others,2
view,2
union,2
between,2
analytical,2
liberties,2
outside,2
scholars,2
best,2
leaders,2
down,2
argue,2
laying,2
loyalty,2
dennis,2
government,2
international,2
john,2
arthur,2
noting,2
survey,2
pennsylvania,2
almost,2
passage,2
written,2
further,2
hand,2
though,2
handed,2
whether,2
system,2
older,2
mere,2
judicial,2
problem,2
free,2
me,2
wants,2
day,2
reminds,2
constitutional,2
fight,2
wrongs,2
cooperation,2
oath,2
start,2
stake,2
through,2
explains,2
civil,2
zeitgeist,2
significant,2
year,2
use,2
describe,2
acknowledges,2
during,2
place,2
people,2
actual,2
our,2
review,2
reflect,2
julius,2
edgar,2
realized,2
magic,2
good,2
change,2
offer,2
empathetic,2
you,2
distinct,2
around,2
called,2
several,2
minton,2
june,2
structure,2
fully,2
hard,2
substantial,2
even,2
seal,2
present,2
decision,2
relic,2
notes,2
society,2
appeal,1
using,1
grasped,1
dealing,1
seems,1
boards,1
rights,1
knew,1
poor,1
high,1
mostly,1
second,1
philadelphia,1
republic,1
critics,1
menace,1
whose,1
plumber,1
cover,1
reflects,1
liquidate,1
attorneys,1
holmes,1
floor,1
jobs,1
spelled,1
predicted,1
appreciating,1
way,1
exact,1
testimony,1
contended,1
true,1
statements,1
chalk,1
later,1
indicated,1
economic,1
foreign,1
sentences,1
wendell,1
ideology,1
activists,1
positions,1
treatment,1
praised,1
encouraged,1
organizing,1
judging,1
personnel,1
motivated,1
attitude,1
brief,1
urges,1
merits,1
thrown,1
presentation,1
innocence,1
repudiation,1
becomes,1
historiographically,1
concern,1
reason,1
ward,1
whatever,1
bloc,1
poorer,1
detailed,1
vs,1
began,1
repellant,1
indicates,1
lawrence,1
contribution,1
unclear,1
attitudes,1
hearings,1
certain,1
group,1
atop,1
reflection,1
try,1
executive,1
terms,1
strange,1
denied,1
class,1
leaves,1
reinforced,1
analysis,1
dismemberment,1
designed,1
annoyance,1
confronting,1
feel,1
frank,1
repression,1
space,1
conspiring,1
rational,1
criticism,1
education,1
divided,1
sympathies,1
rounded,1
support,1
reference,1
nuts,1
approaches,1
face,1
coverage,1
makes,1
pp,1
encountering,1
joke,1
pressures,1
financial,1
joseph,1
affect,1
evolved,1
devotes,1
considered,1
charges,1
forget,1
challenged,1
harlan,1
organization,1
rosenberg,1
improvement,1
burned,1
committee,1
index,1
perceived,1
troubles,1
split,1
intellectually,1
historiographical,1
share,1
seriously,1
branch,1
eventually,1
recently,1
tells,1
maybe,1
expressed,1
under,1
delight,1
historian,1
keeping,1
same,1
shifting,1
something,1
lessons,1
receiving,1
passions,1
martyrs,1
result,1
house,1
conclusion,1
variety,1
accordance,1
chief,1
argued,1
threat,1
already,1
skeleton,1
disputed,1
must,1
according,1
preeminent,1
show,1
department,1
passive,1
begins,1
quotations,1
paycheck,1
speaking,1
continues,1
believers,1
stalin,1
longed,1
follow,1
keystone,1
indicate,1
anticommunist,1
widens,1
picture,1
signed,1
act,1
volume,1
distracting,1
tries,1
barriers,1
actually,1
woman,1
name,1
posed,1
answers,1
shifted,1
suit,1
attacks,1
antithetical,1
ii,1
approval,1
request,1
give,1
sometimes,1
policyholders,1
korean,1
social,1
make,1
board,1
attempt,1
over,1
constitution,1
terrain,1
sunday,1
stem,1
kent,1
image,1
ourselves,1
blurbs,1
raw,1
liberty,1
historiography,1
company,1
lead,1
idea,1
athan,1
stories,1
preserve,1
copy,1
fundamental,1
gone,1
did,1
leading,1
belong,1
broken,1
tolerate,1
striking,1
six,1
paranoia,1
print,1
here,1
desire,1
great,1
reasons,1
critically,1
sure,1
witnesses,1
ambitions,1
confirming,1
timing,1
allied,1
drove,1
speech,1
post,1
effort,1
follows,1
deal,1
job,1
xiii,1
concludes,1
defeat,1
grows,1
professor,1
championing,1
prompts,1
scottsboro,1
take,1
historical,1
illness,1
past,1
michal,1
unless,1
damage,1
advocacy,1
fresh,1
oliver,1
late,1
loose,1
places,1
clarity,1
beginning,1
elevated,1
basic,1
eased,1
pointing,1
heating,1
baseball,1
powers,1
rent,1
reading,1
where,1
signs,1
applaud,1
metaphors,1
ideological,1
johns,1
trials,1
continuing,1
confused,1
validity,1
power,1
shared,1
reactions,1
ethel,1
catalogs,1
zealots,1
gets,1
companies,1
less,1
see,1
answer,1
cannot,1
wherein,1
particular,1
idol,1
paranoid,1
otherwise,1
takes,1
tepid,1
however,1
suspect,1
lest,1
xiv,1
badly,1
marshall,1
breathing,1
condemn,1
explain,1
commit,1
rosenbergs,1
debate,1
leaving,1
distance,1
public,1
money,1
sacrifice,1
james,1
hopkins,1
while,1
reflected,1
cincinnati,1
going,1
hysteria,1
saying,1
create,1
draw,1
studying,1
era,1
reacting,1
mesh,1
endorsing,1
account,1
apartment,1
generations,1
agreed,1
missed,1
felt,1
brings,1
prior,1
recognizing,1
e,1
future,1
greatest,1
enforcement,1
data,1
proves,1
congress,1
used,1
discussion,1
work,1
dissidents,1
sherman,1
survive,1
background,1
own,1
responding,1
bibliography,1
explanation,1
move,1
emphasis,1
magazine,1
turning,1
occasionally,1
preferred,1
nine,1
clear,1
sides,1
west,1
pop,1
mental,1
attached,1
say,1
exercising,1
part,1
purpose,1
kermit,1
laws,1
exhibit,1
nikita,1
clearer,1
related,1
role,1
nation,1
test,1
innocent,1
tenure,1
gibe,1
leftists,1
routinely,1
subject,1
forces,1
context,1
got,1
amused,1
identifies,1
southerners,1
consistently,1
hazard,1
sign,1
arguments,1
granted,1
describes,1
approach,1
socially,1
affects,1
revelations,1
haynes,1
ideas,1
theoharis,1
conditions,1
verdicts,1
despised,1
chairman,1
mistake,1
associate,1
thus,1
nothing,1
chapters,1
wrongdoing,1
nov,1
amendment,1
named,1
seek,1
kicked,1
raising,1
notice,1
fun,1
ranks,1
pyre,1
devoted,1
dating,1
tradition,1
radicalism,1
described,1
accuracy,1
asunder,1
cartoons,1
facts,1
years,1
editor,1
difference,1
strengthened,1
xv,1
significance,1
counterpoint,1
alliance,1
run,1
enthusiastic,1
nail,1
since,1
three,1
historic,1
sabotage,1
winged,1
violated,1
silent,1
every,1
logic,1
agreeing,1
peculiar,1
workers,1
deals,1
hall,1
course,1
mixed,1
decided,1
least,1
unpopular,1
judges,1
realism,1
smith,1
friedman,1
crimes,1
cadre,1
love,1
jr,1
ahead,1
supremacists,1
polling,1
restore,1
blamed,1
dubbed,1
media,1
inadequacies,1
senator,1
reproductions,1
fury,1
krushchev,1
rockwell,1
emphasizes,1
phrase,1
cases,1
atmosphere,1
better,1
outbreak,1
repeated,1
small,1
mistakes,1
why,1
accused,1
cracked,1
needs,1
morally,1
legislatures,1
dissent,1
offered,1
treats,1
back,1
rereading,1
subjects,1
admitting,1
article,1
systems,1
hiss,1
race,1
prompted,1
assumed,1
columbia,1
hugo,1
extraordinary,1
young,1
greeted,1
agree,1
justify,1
single,1
right,1
effect,1
overwhelmed,1
swirls,1
managed,1
sanctifying,1
postwar,1
working,1
extent,1
blurs,1
looks,1
given,1
sums,1
equivalent,1
attracted,1
focus,1
minds,1
world,1
figures,1
need,1
overthrow,1
ends,1
resignation,1
story,1
recent,1
plausible,1
famous,1
crumble,1
leadership,1
validly,1
fellow,1
whites,1
grateful,1
hardly,1
racists,1
finds,1
subside,1
prosecutors,1
prosecuting,1
subversion,1
attention,1
showed,1
influence,1
unrelated,1
rape,1
portrait,1
coup,1
promising,1
major,1
heritage,1
smashed,1
him,1
