WORDCOUNTS,WEIGHT
the,233
of,152
and,101
in,82
a,75
to,75
s,49
as,44
football,38
for,36
his,35
that,32
press,31
game,26
notre,25
dame,24
he,22
york,22
rockne,22
new,22
on,22
by,21
at,20
american,20
is,16
an,16
was,15
rice,14
they,12
university,12
from,12
sports,12
history,11
more,11
all,11
it,10
college,10
most,10
reid,10
games,10
not,9
with,9
sportswriter,8
sportswriters,8
about,8
yet,8
or,8
grantland,8
harvard,8
newspaper,8
life,7
baker,7
many,7
p,7
out,7
sport,7
athletes,7
popular,7
coach,7
sperber,7
oriard,6
been,6
one,6
but,6
creation,6
baseball,6
well,6
when,6
have,6
team,6
newspapers,6
up,6
notes,6
whose,5
spectacle,5
yale,5
their,5
pp,5
read,5
tribune,5
first,5
diary,5
text,5
daily,5
what,5
making,5
its,5
geertz,5
athletics,5
national,5
were,5
good,5
times,5
kind,5
balinese,5
walter,5
we,5
than,5
south,4
now,4
camp,4
institutions,4
who,4
cockfight,4
former,4
had,4
assistant,4
bend,4
journalism,4
only,4
journalistic,4
also,4
opinion,4
smith,4
are,4
book,4
best,4
journalists,4
william,4
reading,4
reviews,4
coaches,4
michael,4
while,4
account,4
some,4
periodicals,4
became,4
role,4
this,4
professor,4
fountain,4
against,4
century,4
several,4
charles,4
editors,4
be,4
early,4
student,4
much,4
world,4
cultural,4
major,4
critical,3
page,3
meaning,3
commentary,3
how,3
exercise,3
itself,3
illustrations,3
once,3
english,3
coverage,3
modern,3
index,3
school,3
into,3
any,3
scarcely,3
athletic,3
herald,3
death,3
season,3
j,3
great,3
golf,3
before,3
reportage,3
big,3
murray,3
play,3
shake,3
war,3
them,3
see,3
has,3
public,3
america,3
information,3
work,3
october,3
bibliography,3
little,3
army,3
story,3
reporters,3
people,3
bill,3
writing,3
ronald,3
rise,3
amateur,3
week,3
nashville,3
made,3
september,3
finally,3
would,3
jesse,3
gridiron,3
catholic,3
down,3
ward,3
event,3
especially,3
news,3
imaginative,3
boxing,3
chicago,3
era,3
paid,3
saw,3
thunder,3
eckersall,3
society,3
him,3
carried,2
oxford,2
archives,2
actors,2
manipulated,2
o,2
played,2
various,2
if,2
supreme,2
usually,2
welcomed,2
created,2
francis,2
influential,2
prodded,2
brief,2
success,2
earlier,2
caspar,2
extra,2
fighting,2
supposed,2
edited,2
articles,2
studies,2
interpretive,2
thought,2
mystique,2
ring,2
olympics,2
emergence,2
note,2
just,2
different,2
spirit,2
comes,2
princeton,2
frequently,2
w,2
these,2
must,2
negative,2
test,2
experience,2
origins,2
social,2
harper,2
physical,2
sources,2
sky,2
name,2
interests,2
other,2
athlete,2
ii,2
give,2
quickly,2
make,2
over,2
myths,2
put,2
friends,2
monthly,2
clifford,2
gee,2
did,2
young,2
knute,2
larger,2
never,2
owens,2
onto,2
donnell,2
number,2
take,2
historical,2
golden,2
whitney,2
salary,2
men,2
readers,2
lardner,2
do,2
whether,2
necessary,2
practice,2
deep,2
badly,2
mere,2
time,2
task,2
releases,2
because,2
president,2
shape,2
irish,2
will,2
almost,2
prior,2
collier,2
enthusiast,2
idealistic,2
indiana,2
boston,2
part,2
including,2
elite,2
terms,2
arch,2
himself,2
context,2
gave,2
wallace,2
during,2
own,2
began,2
dispensed,2
long,2
learned,2
faculty,2
tennessean,2
midwestern,2
our,2
campus,2
apparently,2
however,2
surrounding,2
surely,2
won,2
pressbox,2
journalist,2
write,2
author,2
course,2
brutality,2
high,2
whiz,2
you,2
box,2
shortly,2
after,2
turn,2
black,2
reporter,2
t,2
keep,2
few,2
highly,2
between,2
become,2
research,2
themselves,2
like,2
annual,2
texts,2
even,2
messages,2
jerry,2
attention,2
competitive,2
knudson,2
nations,1
set,1
miller,1
difficult,1
discipline,1
concoction,1
affiliations,1
go,1
late,1
naming,1
schools,1
suggestion,1
pertaining,1
originally,1
customers,1
heretofore,1
reluctance,1
innovative,1
written,1
assigned,1
sentiment,1
manhood,1
second,1
layden,1
off,1
americans,1
scope,1
added,1
personally,1
forever,1
today,1
metaphors,1
perspectives,1
comment,1
repetitions,1
cow,1
matter,1
attempts,1
variety,1
window,1
vanderbilt,1
without,1
common,1
way,1
independent,1
important,1
undoubtedly,1
heroic,1
science,1
trains,1
minimal,1
sessions,1
growth,1
centrality,1
factual,1
dissects,1
doctoral,1
outsiders,1
happily,1
wrote,1
plays,1
drama,1
novelists,1
remain,1
prose,1
program,1
storyline,1
pieces,1
headlines,1
hill,1
sort,1
represent,1
ironically,1
select,1
motivated,1
afterwards,1
combining,1
colleagues,1
deaths,1
attitude,1
resulted,1
counted,1
misspellings,1
widespread,1
preparing,1
primarily,1
wooing,1
line,1
red,1
muck,1
players,1
reason,1
prove,1
noticing,1
active,1
clio,1
formative,1
mundane,1
mar,1
gem,1
says,1
brilliantly,1
granted,1
returned,1
stuhldreher,1
expanded,1
manuscript,1
credited,1
associate,1
renown,1
contribution,1
ex,1
inculcating,1
publisher,1
went,1
another,1
needs,1
police,1
nicknames,1
script,1
reflection,1
try,1
lombardi,1
obsolete,1
explosive,1
complex,1
scorer,1
confuses,1
achievements,1
represents,1
pages,1
selection,1
special,1
positive,1
spectators,1
instructions,1
inspired,1
often,1
nezv,1
myth,1
efficiency,1
properly,1
blurs,1
essays,1
gentlemanly,1
tapped,1
fall,1
dailies,1
united,1
columns,1
frank,1
something,1
collect,1
famous,1
depicted,1
moreover,1
provides,1
confines,1
motto,1
dispells,1
forthcoming,1
each,1
reasons,1
violence,1
hugh,1
means,1
fights,1
factually,1
eighteen,1
assistants,1
starred,1
cleveland,1
equalled,1
freely,1
serve,1
evil,1
vastly,1
later,1
east,1
godlike,1
wanted,1
praise,1
under,1
sandbag,1
preseason,1
god,1
counterparts,1
moonlighted,1
daedalus,1
matters,1
cherished,1
backs,1
stephen,1
xxxviii,1
western,1
ballyhooed,1
minor,1
predecessor,1
enshrined,1
organized,1
sociological,1
occurred,1
attends,1
predated,1
ambitious,1
then,1
abuses,1
assertion,1
biographical,1
rightly,1
jock,1
section,1
historian,1
feels,1
days,1
impact,1
receiving,1
ashamed,1
every,1
perfecting,1
firsthand,1
ed,1
contest,1
northeastern,1
eager,1
coaching,1
ruth,1
cringed,1
babe,1
depicting,1
dose,1
too,1
conjunction,1
met,1
consider,1
sportswriting,1
provocative,1
four,1
joe,1
lined,1
constituted,1
badge,1
granny,1
noted,1
said,1
friend,1
legends,1
heaps,1
regional,1
jeffrey,1
known,1
dubious,1
calculations,1
else,1
awe,1
borrows,1
beyond,1
numerals,1
slays,1
appeared,1
clutches,1
us,1
masses,1
cozy,1
modeled,1
warren,1
amidst,1
wrinkles,1
narrowly,1
expands,1
stints,1
complained,1
pregame,1
roman,1
playingfor,1
admirers,1
permanent,1
here,1
exhaustive,1
voices,1
native,1
explain,1
zealous,1
inventive,1
researched,1
prowess,1
shrewd,1
power,1
yankee,1
alumni,1
sometimes,1
chaos,1
crucial,1
fell,1
innovations,1
know,1
again,1
horseracing,1
others,1
basketball,1
your,1
similarly,1
highest,1
freedom,1
binge,1
degree,1
control,1
banning,1
rock,1
thinks,1
commonplace,1
bravery,1
report,1
greater,1
graduate,1
supplied,1
dissertations,1
arrived,1
standards,1
feel,1
elites,1
guttmann,1
containing,1
engaged,1
handling,1
anything,1
possibilities,1
whom,1
idea,1
cheerleader,1
stories,1
coincidence,1
seem,1
cub,1
loved,1
completing,1
referees,1
freelancing,1
department,1
abilities,1
secondary,1
could,1
pragmatic,1
assess,1
belong,1
advantage,1
pressure,1
harder,1
six,1
histories,1
print,1
inherent,1
demise,1
expense,1
half,1
color,1
strength,1
dividends,1
unaware,1
offers,1
money,1
adds,1
sox,1
post,1
foreground,1
effort,1
narrative,1
come,1
referee,1
lover,1
accompanied,1
complicity,1
job,1
scenes,1
relation,1
injuries,1
contradictory,1
promised,1
hearst,1
criticisms,1
composition,1
far,1
earliest,1
end,1
carolina,1
debates,1
uncovered,1
xxii,1
religion,1
crowley,1
hundred,1
doubt,1
byrne,1
misprints,1
eliot,1
flag,1
pennsylvania,1
moralists,1
accompany,1
there,1
sentimentality,1
poetry,1
serious,1
upscale,1
doggerel,1
impressively,1
assessment,1
depict,1
recruiting,1
quarterback,1
rugby,1
anthropologist,1
better,1
embedded,1
fans,1
took,1
implication,1
across,1
precisely,1
beginning,1
henry,1
outlook,1
everyday,1
those,1
same,1
drop,1
transactions,1
according,1
formation,1
misusages,1
scholarly,1
covered,1
solely,1
clipper,1
responsibility,1
theodore,1
dropped,1
stock,1
behind,1
johns,1
career,1
notable,1
stylistic,1
confined,1
carefully,1
month,1
timing,1
unique,1
receives,1
setting,1
papers,1
dabbled,1
recently,1
professors,1
sammons,1
form,1
less,1
courage,1
accounts,1
sound,1
coincided,1
documenting,1
received,1
side,1
muckraking,1
delights,1
civilized,1
decade,1
dome,1
focusing,1
equip,1
successor,1
inevitably,1
outlined,1
patronizing,1
officiating,1
plain,1
daunting,1
firmly,1
admissions,1
eastern,1
leslie,1
books,1
maine,1
distribution,1
adaptation,1
sell,1
key,1
catered,1
style,1
yarns,1
interpreting,1
telegram,1
slang,1
misrepresented,1
wrested,1
motion,1
popularized,1
always,1
hopkins,1
primary,1
sought,1
lauded,1
sensationalized,1
age,1
mass,1
huge,1
impression,1
randolph,1
signed,1
discuss,1
eagerly,1
convenient,1
aspects,1
landed,1
writeups,1
responded,1
trade,1
jack,1
voice,1
patience,1
plums,1
participation,1
disagreements,1
conversation,1
agreed,1
missed,1
basis,1
ideal,1
condoned,1
classes,1
understanding,1
crane,1
reveals,1
gaudy,1
journals,1
ascertain,1
fortunately,1
literature,1
opened,1
galore,1
admits,1
quixotically,1
player,1
finished,1
vague,1
lost,1
place,1
background,1
horsemen,1
treated,1
columnists,1
rendered,1
alumnus,1
start,1
upon,1
scrutinized,1
range,1
occasionally,1
obvious,1
clean,1
heart,1
outing,1
worked,1
goldstein,1
west,1
prominent,1
combination,1
reported,1
headed,1
tastes,1
except,1
events,1
intramural,1
arouse,1
closed,1
introduced,1
city,1
technologies,1
training,1
example,1
feast,1
donned,1
couldn,1
illustrates,1
glamour,1
holt,1
allen,1
realistic,1
literal,1
two,1
scandal,1
wings,1
negotiation,1
aged,1
easy,1
keeps,1
reports,1
activity,1
traditional,1
reminded,1
host,1
she,1
assumptions,1
collegiate,1
therefore,1
dozens,1
confided,1
expression,1
measure,1
fed,1
urging,1
masterful,1
puffing,1
benefit,1
programs,1
art,1
assumption,1
jr,1
nihilo,1
virtually,1
exciting,1
editorial,1
contestwhether,1
inherited,1
ever,1
issues,1
carnegie,1
mention,1
ideas,1
butter,1
shame,1
bits,1
earn,1
father,1
dispense,1
central,1
business,1
thus,1
eligible,1
g,1
solidly,1
which,1
full,1
regularly,1
immeasurably,1
weekly,1
away,1
states,1
lazy,1
stayed,1
runs,1
i,1
tell,1
characters,1
everybody,1
theme,1
melodramatic,1
argument,1
immediate,1
such,1
years,1
olympism,1
futile,1
difference,1
mystical,1
attest,1
reputation,1
aha,1
agent,1
urbana,1
holy,1
stumbled,1
diplomacy,1
officiated,1
due,1
formulaic,1
done,1
illinois,1
bout,1
twentieth,1
creators,1
adding,1
numerous,1
nearly,1
assignment,1
executives,1
frame,1
silenced,1
virtues,1
points,1
accept,1
subtle,1
charming,1
bought,1
mastered,1
essay,1
newsletter,1
motives,1
explanation,1
domain,1
evils,1
change,1
roosevelt,1
published,1
contributors,1
contributed,1
joined,1
general,1
decided,1
construct,1
florid,1
pride,1
needed,1
normally,1
arise,1
evening,1
handsomely,1
representative,1
indulges,1
tacit,1
so,1
willing,1
function,1
insisted,1
provided,1
meal,1
intercollegiate,1
shaping,1
revolution,1
pay,1
stage,1
rader,1
retrieved,1
average,1
trail,1
manager,1
values,1
mindlessness,1
distinction,1
hiring,1
hat,1
order,1
tellingly,1
filled,1
shamelessly,1
sporting,1
benjamin,1
share,1
syndicated,1
chic,1
managerial,1
juggernaut,1
individual,1
catchy,1
championship,1
slighted,1
relations,1
latter,1
around,1
editor,1
clark,1
shoulders,1
illuminates,1
putting,1
shirts,1
warts,1
influence,1
weighty,1
vince,1
chorus,1
heze,1
state,1
atavistic,1
back,1
star,1
contract,1
commentators,1
mainstream,1
trying,1
qualities,1
response,1
manly,1
removing,1
chapel,1
colorful,1
extraordinary,1
flawed,1
tried,1
apologies,1
parochial,1
successful,1
emphases,1
decline,1
ticket,1
compared,1
archival,1
arranged,1
left,1
point,1
deceiving,1
crusade,1
joumalist,1
foremost,1
masculine,1
innocent,1
satirical,1
towards,1
cerebral,1
fully,1
bonecrunching,1
weight,1
percent,1
views,1
london,1
probably,1
sponsorship,1
entire,1
heroics,1
given,1
dominance,1
beat,1
publicity,1
divergent,1
journal,1
looked,1
successes,1
consumerist,1
unabashed,1
strong,1
among,1
technological,1
ibid,1
tendency,1
north,1
recent,1
enormously,1
connections,1
ire,1
insignificant,1
lore,1
promoter,1
professional,1
should,1
fellow,1
varsity,1
ago,1
theatrical,1
noticed,1
finds,1
doing,1
fee,1
affectations,1
sent,1
opposite,1
within,1
counterpoise,1
platitude,1
waiting,1
hoisting,1
striped,1
displayed,1
activities,1
jerseys,1
attended,1
behalf,1
readership,1
imparting,1
seemed,1
xxv,1
mail,1
richly,1
uncritical,1
apparent,1
