WORDCOUNTS,WEIGHT
the,127
of,91
to,56
and,53
a,46
s,38
in,30
that,19
slave,19
by,18
margaret,18
her,17
his,15
weisenburger,14
was,14
as,13
garner,13
for,12
on,12
slavery,10
fugitive,10
an,10
who,9
with,9
gaines,9
federal,8
law,8
be,8
is,7
had,7
truth,7
at,6
she,6
american,6
life,6
from,6
jolliffe,6
robert,6
ohio,6
sojourner,6
kentucky,6
cincinnati,6
institution,6
he,5
their,5
first,5
marshall,5
archibald,5
children,5
freedom,5
tubman,5
slaves,5
were,5
escaped,5
family,5
rights,4
states,4
returned,4
history,4
before,4
four,4
most,4
mclaurin,4
narrative,4
harriet,4
case,4
public,4
memory,4
work,4
upon,4
which,4
legal,4
peculiar,4
would,4
infanticide,4
act,3
determine,3
introduction,3
white,3
under,3
or,3
but,3
cabin,3
more,3
each,3
union,3
attack,3
john,3
fathered,3
plantation,3
state,3
them,3
possibility,3
custody,3
determined,3
abolitionist,3
both,3
commissioner,3
peggy,3
beloved,3
james,3
issues,3
until,3
this,3
marshals,3
after,3
between,3
penderly,3
daughter,3
south,2
it,2
americans,2
attorneys,2
no,2
provide,2
figure,2
garners,2
morrison,2
created,2
sides,2
basic,2
return,2
bonds,2
sarah,2
hearings,2
hearing,2
mounted,2
religious,2
conveys,2
study,2
stone,2
united,2
escape,2
struggle,2
modern,2
university,2
challenged,2
into,2
any,2
just,2
argued,2
conjecture,2
theme,2
medea,2
levi,2
symbol,2
also,2
book,2
generated,2
steven,2
abolitionists,2
other,2
exploration,2
treatment,2
scholars,2
explores,2
together,2
out,2
audience,2
those,2
maplewood,2
reviews,2
carefully,2
heavily,2
time,2
jacobs,2
day,2
thoroughly,2
well,2
published,2
dilemmas,2
melton,2
negated,2
literary,2
professor,2
prominent,2
part,2
through,2
city,2
coffin,2
press,2
its,2
moral,2
have,2
motives,2
held,2
immorality,2
bradford,2
so,2
delivered,2
assured,2
seeks,2
cases,2
graphically,2
left,2
story,2
northern,2
protagonist,2
actions,2
how,2
master,2
examines,2
jean,1
fails,1
may,1
difficult,1
will,1
battle,1
girl,1
opposed,1
exhaustively,1
relying,1
shovel,1
interviewing,1
crashed,1
wilmington,1
second,1
underground,1
sons,1
anticipated,1
york,1
town,1
whose,1
child,1
accomplish,1
various,1
solid,1
butler,1
way,1
continued,1
heroic,1
if,1
mother,1
johns,1
been,1
troubled,1
arising,1
across,1
c,1
plays,1
scholar,1
labors,1
located,1
hill,1
reasonable,1
limited,1
influential,1
engendered,1
violence,1
brief,1
playing,1
fiction,1
framing,1
hissing,1
death,1
filmed,1
assure,1
active,1
parents,1
coerce,1
reconstruction,1
totally,1
antislavery,1
ice,1
they,1
stripped,1
group,1
movement,1
try,1
southern,1
direct,1
complex,1
denied,1
why,1
fate,1
vicinity,1
illustrations,1
analysis,1
kill,1
columns,1
longevity,1
once,1
oprah,1
covington,1
not,1
authority,1
pivotal,1
constitutes,1
edited,1
english,1
portrayed,1
murder,1
bleak,1
interpretation,1
support,1
rebuffed,1
thomas,1
meanwhile,1
reason,1
examine,1
fit,1
face,1
addition,1
coverage,1
moses,1
pp,1
soon,1
bitterly,1
spirit,1
door,1
inspiration,1
equally,1
us,1
position,1
river,1
yellin,1
index,1
prosouthern,1
harsh,1
presents,1
acting,1
included,1
railroad,1
then,1
proved,1
section,1
fragile,1
edition,1
girls,1
same,1
intolerable,1
mary,1
series,1
conclusion,1
accomplishes,1
version,1
enslaved,1
icon,1
too,1
reprint,1
prevent,1
frozen,1
biography,1
must,1
two,1
heroes,1
lower,1
being,1
cast,1
implied,1
pains,1
fagan,1
social,1
attorney,1
prophecies,1
mobs,1
consequence,1
resolution,1
explain,1
researched,1
challenge,1
power,1
taken,1
indicated,1
strategy,1
decided,1
legislature,1
cut,1
attempt,1
over,1
insinuated,1
vanished,1
lucy,1
fugitives,1
all,1
advanced,1
many,1
hopefully,1
contention,1
hours,1
pantheon,1
release,1
perceptive,1
troubling,1
officials,1
result,1
drawn,1
northward,1
worth,1
based,1
example,1
whom,1
killed,1
available,1
did,1
xii,1
could,1
appearance,1
examination,1
found,1
creative,1
tracking,1
trips,1
toni,1
documents,1
match,1
p,1
domestic,1
reform,1
portrayal,1
deserving,1
rich,1
become,1
banks,1
clearly,1
new,1
maps,1
mississippi,1
events,1
ruled,1
carolina,1
religion,1
while,1
reflected,1
nurturing,1
chess,1
real,1
historical,1
emerge,1
i,1
man,1
past,1
essentially,1
efforts,1
called,1
appeared,1
passionate,1
masters,1
question,1
wed,1
took,1
date,1
stand,1
concepts,1
raised,1
fame,1
neighboring,1
helping,1
born,1
political,1
cultural,1
fled,1
manner,1
blow,1
reading,1
war,1
seizing,1
ideological,1
behind,1
recreate,1
notoriety,1
scrambled,1
purposes,1
oregon,1
novelist,1
context,1
armed,1
papers,1
legend,1
whether,1
terms,1
see,1
answer,1
failure,1
received,1
issue,1
trope,1
constitutionality,1
grounds,1
join,1
males,1
house,1
however,1
advocates,1
presided,1
hell,1
passed,1
tension,1
judicial,1
guarantee,1
recorded,1
save,1
task,1
capacity,1
streets,1
hopkins,1
near,1
number,1
female,1
america,1
rests,1
reminds,1
remained,1
rescues,1
retain,1
property,1
local,1
having,1
almost,1
knife,1
image,1
understanding,1
line,1
closed,1
infant,1
enhances,1
literature,1
missed,1
clients,1
maneuverings,1
these,1
bibliography,1
presented,1
owner,1
bear,1
characters,1
women,1
alone,1
claim,1
restrained,1
challenging,1
region,1
prompted,1
deftly,1
little,1
fictional,1
desperate,1
owners,1
civil,1
predominately,1
household,1
painfully,1
foregone,1
nation,1
representing,1
exploits,1
tried,1
great,1
host,1
frenzy,1
shocking,1
celia,1
territory,1
rationale,1
sold,1
unfortunately,1
oblivion,1
obtain,1
fail,1
station,1
during,1
arguments,1
appointed,1
morality,1
people,1
slain,1
complements,1
bed,1
gain,1
relies,1
human,1
mythology,1
conflict,1
actual,1
weakens,1
engaged,1
our,1
upheld,1
stewart,1
amendment,1
legislation,1
devoted,1
statute,1
endorsed,1
election,1
bid,1
caring,1
eventual,1
such,1
years,1
recent,1
empowering,1
yet,1
contending,1
enormously,1
calculated,1
wang,1
discovered,1
surrounded,1
illustrates,1
strongest,1
three,1
against,1
olden,1
slashed,1
violated,1
publication,1
nell,1
author,1
recreating,1
seething,1
safety,1
forgotten,1
painter,1
stressed,1
ability,1
interest,1
satisfactory,1
moment,1
brother,1
general,1
legacy,1
approximately,1
times,1
although,1
describing,1
mothers,1
like,1
working,1
shatter,1
throat,1
cold,1
disruption,1
century,1
incidents,1
hired,1
next,1
son,1
courtroom,1
bondswoman,1
order,1
one,1
pollard,1
provides,1
defense,1
event,1
old,1
imagination,1
drover,1
legally,1
sojourn,1
document,1
deputies,1
june,1
pregnant,1
least,1
bloody,1
jollifee,1
bridge,1
response,1
significantly,1
six,1
served,1
protect,1
childmurder,1
third,1
motherhood,1
single,1
despair,1
enjoyed,1
died,1
january,1
create,1
when,1
seeking,1
explore,1
including,1
within,1
renewed,1
ownership,1
aggressively,1
present,1
winfrey,1
attracted,1
much,1
figures,1
correspondence,1
roaring,1
north,1
notes,1
livestock,1
enormous,1
governor,1
should,1
newly,1
jones,1
provided,1
lincoln,1
doing,1
nuanced,1
attention,1
haunting,1
evidence,1
major,1
readership,1
jeffrey,1
sheriff,1
kinsman,1
