WORDCOUNTS,WEIGHT
the,342
and,214
of,203
in,107
war,87
cold,78
s,70
american,63
a,60
to,54
on,37
culture,36
as,34
by,34
for,31
that,29
history,28
cultural,28
new,24
see,23
is,22
politics,20
world,18
america,17
how,16
both,16
studies,15
was,15
foreign,14
political,14
united,13
policy,13
vietnam,13
an,13
also,12
essay,12
relations,12
recent,12
u,11
states,11
at,10
ideology,10
with,10
such,10
he,9
role,9
his,9
from,9
fousek,9
diplomatic,8
university,8
committee,8
or,8
age,8
are,8
p,8
which,8
turn,8
journal,8
it,7
griffith,7
michael,7
constructions,7
john,7
free,7
gender,7
g,7
among,7
economic,6
international,6
black,6
perceptions,6
mission,6
robert,6
many,6
lead,6
shaped,6
well,6
literature,6
especially,6
south,5
science,5
one,5
about,5
imperialism,5
ed,5
but,5
bradley,5
social,5
all,5
book,5
nationalism,5
racial,5
making,5
appy,5
deal,5
popular,5
example,5
press,5
advertising,5
review,5
diplomacy,5
thomas,5
james,5
early,5
postwar,5
drawn,5
may,4
empire,4
who,4
they,4
their,4
study,4
globalism,4
essays,4
cia,4
pp,4
growing,4
these,4
summer,4
only,4
organizations,4
power,4
toward,4
military,4
j,4
efforts,4
rotter,4
global,4
leaders,4
out,4
william,4
reviews,4
series,4
books,4
historians,4
march,4
e,4
discussion,4
part,4
civil,4
during,4
labor,4
this,4
have,4
national,4
christopher,4
between,4
response,4
left,4
examines,4
front,3
christian,3
americans,3
communist,3
century,3
common,3
gaines,3
l,3
been,3
soviet,3
marshall,3
others,3
brief,3
red,3
visual,3
importance,3
ii,3
life,3
fall,3
pacific,3
coverage,3
york,3
september,3
council,3
hegemonic,3
eschen,3
into,3
home,3
liberal,3
too,3
two,3
first,3
rise,3
constructed,3
more,3
kennedy,3
paul,3
mark,3
germany,3
december,3
including,3
idea,3
other,3
time,3
atomic,3
plan,3
masculinity,3
historical,3
state,3
those,3
what,3
explain,3
eds,3
nadel,3
has,3
public,3
account,3
april,3
richard,3
imagined,3
african,3
truman,3
much,3
issues,3
coming,3
freedom,3
thus,3
were,3
modernization,3
argues,3
against,3
castro,3
played,3
ferguson,3
affairs,3
destiny,3
after,3
simpson,3
examined,3
be,3
explore,3
white,3
race,3
von,3
nations,2
fails,2
european,2
rights,2
edition,2
where,2
profoundly,2
gosse,2
second,2
struggle,2
way,2
george,2
dilemma,2
sometimes,2
main,2
pittsburgh,2
indeed,2
love,2
expansion,2
naacp,2
classic,2
fiction,2
dimensions,2
universities,2
community,2
arts,2
still,2
economics,2
b,2
forged,2
liberalism,2
flirtation,2
class,2
southeast,2
danger,2
frank,2
not,2
criticism,2
friends,2
selling,2
h,2
examine,2
case,2
old,2
decade,2
exceptionalism,2
rosenberg,2
saunders,2
western,2
index,2
reflects,2
present,2
nashel,2
thinking,2
postmodernism,2
traces,2
mary,2
africa,2
result,2
iranian,2
images,2
baker,2
most,2
journalism,2
department,2
article,2
ugly,2
her,2
dr,2
us,2
long,2
party,2
leader,2
puts,2
letters,2
writes,2
jessica,2
dominant,2
years,2
intellectual,2
americanization,2
paper,2
asia,2
india,2
shows,2
introduce,2
europe,2
explores,2
anxiety,2
conservative,2
domestic,2
musicians,2
banks,2
reveal,2
radical,2
debates,2
past,2
propaganda,2
works,2
foran,2
men,2
embedded,2
business,2
though,2
eisenhower,2
reading,2
fisher,2
shared,2
nationalist,2
symbols,2
southern,2
heavily,2
cloth,2
sociology,2
era,2
boyer,2
published,2
theory,2
russians,2
triumph,2
money,2
while,2
sought,2
right,2
great,2
influenced,2
discourses,2
observations,2
r,2
w,2
makers,2
art,2
work,2
literary,2
communities,2
prominent,2
steve,2
bloc,2
through,2
elaine,2
identity,2
asian,2
ghana,2
rescue,2
challenges,2
congress,2
ideas,2
conflict,2
winter,2
andrew,2
our,2
divided,2
ronald,2
relationships,2
tradition,2
lobby,2
nuclear,2
argument,2
alan,2
editor,2
hollywood,2
since,2
authors,2
human,2
author,2
interest,2
crisis,2
workers,2
contributors,2
like,2
period,2
need,2
so,2
resistance,2
television,2
order,2
orientalism,2
eagleton,2
saturday,2
dean,2
family,2
italy,2
orientalist,2
news,2
although,2
highly,2
k,2
transfer,2
klein,2
served,2
themselves,2
massachusetts,2
henry,2
widely,2
d,2
create,2
sciences,2
communication,2
focus,2
critique,2
describes,2
notes,2
evidence,2
major,2
emily,2
hunt,2
borstelmann,2
industries,1
appeal,1
earlier,1
dissertation,1
tourists,1
critics,1
homegrown,1
gayle,1
van,1
implicitly,1
enough,1
employ,1
kossuth,1
liberation,1
does,1
hershberg,1
weapons,1
hosts,1
fifty,1
dawn,1
pervaded,1
battlefield,1
assum,1
kaplan,1
fraternal,1
gerald,1
anders,1
mostly,1
fascism,1
grounding,1
africanamericans,1
aid,1
plummer,1
myth,1
expatriates,1
dudziak,1
obligations,1
today,1
millennial,1
transmission,1
raise,1
composed,1
helped,1
matter,1
reagan,1
practices,1
oakes,1
imagining,1
naima,1
important,1
rather,1
lesser,1
kenneth,1
influence,1
stabilization,1
meaning,1
usually,1
democracy,1
amherst,1
internationalism,1
psychology,1
nationalists,1
stood,1
f,1
revival,1
stop,1
suggestive,1
commitment,1
edward,1
deepen,1
strangelove,1
hill,1
catholic,1
organizing,1
dangers,1
imperatives,1
miller,1
ebony,1
wala,1
extend,1
appreciate,1
episodes,1
fewer,1
narrativity,1
ordinary,1
revolutionary,1
initiatives,1
rapid,1
notion,1
etween,1
methodologies,1
stephen,1
cuba,1
bolivar,1
sensitive,1
broad,1
prevots,1
frequently,1
represented,1
adoption,1
detailed,1
harry,1
itself,1
benedict,1
proxy,1
began,1
mainstream,1
paula,1
understand,1
completing,1
linguistic,1
connected,1
manifest,1
contribution,1
church,1
conversion,1
transformation,1
covert,1
told,1
center,1
derived,1
contributor,1
complex,1
emphasizes,1
partially,1
volumes,1
ix,1
contributions,1
margot,1
herman,1
ad,1
playful,1
responsible,1
containment,1
construction,1
analysis,1
courier,1
wasteland,1
spirit,1
robin,1
annamese,1
animals,1
ninkovich,1
republicans,1
chronicle,1
janken,1
triumphalist,1
phase,1
industrial,1
table,1
wendy,1
flowering,1
ing,1
mao,1
support,1
thought,1
citizens,1
meet,1
bonds,1
describe,1
rising,1
wake,1
security,1
deference,1
repressive,1
jonathan,1
articles,1
eugene,1
susan,1
modern,1
filippelli,1
guilbaut,1
pease,1
joseph,1
totalitarianism,1
earliest,1
shattered,1
seeing,1
under,1
remasculinization,1
former,1
philosophers,1
buying,1
filmmakers,1
nancy,1
henriksen,1
les,1
entry,1
campaign,1
neither,1
perceived,1
had,1
elizabeth,1
familiar,1
originality,1
kelley,1
share,1
reprise,1
included,1
stonor,1
morgan,1
bit,1
contextualize,1
donors,1
teaches,1
light,1
formation,1
conant,1
oriented,1
cultures,1
historian,1
guatemala,1
realities,1
forum,1
choices,1
deploying,1
loveable,1
juarez,1
demonstrates,1
committees,1
charting,1
indian,1
natural,1
kinsmen,1
du,1
threat,1
hixon,1
peoples,1
rebels,1
insights,1
domhoff,1
combat,1
mcclarnand,1
lasch,1
democratic,1
principal,1
colliers,1
kennan,1
penny,1
increasingly,1
relationship,1
incomplete,1
gerstle,1
romance,1
french,1
powerful,1
roundtables,1
surface,1
functioned,1
connecting,1
t,1
beyond,1
paterson,1
explaining,1
hoffman,1
sketch,1
notions,1
volume,1
beggar,1
misperceptions,1
comrades,1
street,1
every,1
writing,1
note,1
uncle,1
hardboiled,1
problems,1
text,1
electrical,1
nazi,1
drew,1
aspect,1
fifties,1
colonialism,1
horne,1
greatness,1
bearded,1
lederer,1
omission,1
agony,1
challenge,1
centerpiece,1
fund,1
popularity,1
films,1
middlebrow,1
triad,1
export,1
culturally,1
progressives,1
trained,1
might,1
address,1
protestant,1
tom,1
mass,1
attempt,1
critical,1
over,1
appear,1
mifflin,1
warriors,1
promoting,1
chester,1
iconography,1
heavens,1
revolutionaries,1
rock,1
redeeming,1
union,1
hoc,1
scientists,1
contention,1
anthropology,1
advertisements,1
opening,1
penetration,1
expatriate,1
words,1
unceasing,1
problem,1
artists,1
noam,1
bernhard,1
novel,1
subverted,1
based,1
whom,1
reach,1
extent,1
seem,1
attractive,1
believe,1
capitalist,1
film,1
marginalization,1
endorse,1
scholars,1
corporate,1
whitfield,1
anging,1
xii,1
stole,1
lives,1
disarmingly,1
supremacy,1
seducing,1
assertion,1
daily,1
instability,1
tours,1
frances,1
cobbs,1
centered,1
pressure,1
speeches,1
beliefs,1
wall,1
houghton,1
serge,1
abstract,1
oil,1
reform,1
draws,1
post,1
bomb,1
pretty,1
children,1
particularly,1
geopolitical,1
vulnerability,1
found,1
government,1
job,1
expresses,1
ellen,1
guy,1
homeward,1
bound,1
concludes,1
events,1
far,1
asserting,1
end,1
carolina,1
stations,1
peace,1
religion,1
goodwill,1
intersects,1
noting,1
inherently,1
curtin,1
greatly,1
real,1
true,1
underpin,1
adler,1
i,1
crusade,1
captured,1
movie,1
man,1
there,1
reinhold,1
c,1
muhammad,1
struggles,1
lafayette,1
dashing,1
experts,1
terry,1
documents,1
persistence,1
installation,1
warfare,1
late,1
philippine,1
revolutions,1
ben,1
further,1
hand,1
solidify,1
sword,1
use,1
beginning,1
concepts,1
ladies,1
clark,1
ground,1
childish,1
journalists,1
corps,1
understood,1
proportionality,1
covered,1
china,1
somewhat,1
n,1
explanations,1
recovery,1
metaphors,1
josephine,1
scott,1
johns,1
istory,1
reza,1
developing,1
persuasively,1
demise,1
spreading,1
bets,1
intersection,1
mansour,1
coercion,1
fail,1
them,1
corber,1
kevin,1
hated,1
recently,1
less,1
british,1
magazines,1
analogous,1
mohammad,1
voting,1
supports,1
iran,1
trope,1
dance,1
emotion,1
material,1
logan,1
avoid,1
add,1
agencies,1
focusing,1
broadcasting,1
wartime,1
nothing,1
rich,1
cabinet,1
map,1
unmediated,1
skims,1
trial,1
wind,1
assertions,1
loved,1
dream,1
fascination,1
biskind,1
cuordileone,1
patriotism,1
odds,1
hopkins,1
homosexuality,1
league,1
sexual,1
version,1
realize,1
impact,1
gary,1
addresses,1
amy,1
invasion,1
failure,1
changed,1
explored,1
will,1
shah,1
process,1
local,1
seymour,1
hedging,1
image,1
development,1
apartheid,1
suggests,1
some,1
private,1
whiteness,1
antimilitarist,1
costigliola,1
cooperation,1
urban,1
guys,1
mapped,1
rayford,1
encounter,1
africanamerican,1
lisle,1
middle,1
mccarthyism,1
overviews,1
election,1
conference,1
network,1
lipsitz,1
uta,1
comprise,1
bibliography,1
revised,1
inflate,1
fraser,1
occupy,1
upon,1
magazine,1
emergent,1
writers,1
framed,1
pathology,1
limitations,1
claim,1
reader,1
future,1
documentary,1
closed,1
west,1
region,1
prompted,1
edwards,1
story,1
nature,1
grows,1
understanding,1
very,1
ignores,1
bois,1
goodson,1
manufactured,1
vision,1
cited,1
knowledge,1
woody,1
confesses,1
luce,1
dynamic,1
liberals,1
became,1
actors,1
nation,1
personality,1
elite,1
its,1
europeans,1
yale,1
begins,1
tough,1
computers,1
theorists,1
administration,1
pahlavi,1
assumptions,1
investment,1
entirely,1
introduction,1
nkrumah,1
acute,1
expression,1
sayre,1
conventional,1
trenchant,1
engage,1
overview,1
policymaking,1
outpouring,1
contribute,1
wallace,1
rogin,1
operated,1
collection,1
additions,1
virtually,1
here,1
commercial,1
literally,1
families,1
interestingly,1
phenomenon,1
wagnleitner,1
shortcomings,1
maintained,1
harvard,1
aims,1
representation,1
pulp,1
relies,1
questions,1
overcome,1
scare,1
postcolonial,1
bullitt,1
associations,1
dooley,1
resonated,1
hiroshima,1
includes,1
reluctant,1
manliness,1
forces,1
chosenness,1
eric,1
focuses,1
belated,1
arguments,1
autumn,1
jazz,1
iriye,1
newspaper,1
language,1
believes,1
overseas,1
realms,1
michelle,1
unoriginal,1
until,1
kuisel,1
haut,1
gratitude,1
stanford,1
expressionism,1
akira,1
militaristic,1
horizon,1
strengthened,1
leveled,1
own,1
pageantry,1
wang,1
comes,1
sample,1
jah,1
donald,1
objective,1
historic,1
multilaterialist,1
contradictions,1
reality,1
worldwide,1
twentieth,1
pells,1
recasting,1
mart,1
grew,1
rose,1
latham,1
lowen,1
englehardt,1
express,1
britain,1
finally,1
virtues,1
did,1
uaw,1
soldiers,1
oriental,1
victory,1
peter,1
rebecca,1
evening,1
lucas,1
relatively,1
creating,1
broadcast,1
counter,1
lipset,1
running,1
heiss,1
officials,1
instead,1
times,1
include,1
providential,1
organized,1
sense,1
correct,1
successful,1
militarization,1
smith,1
walter,1
price,1
building,1
hard,1
would,1
field,1
chomsky,1
transformed,1
ambassador,1
internationally,1
vital,1
media,1
unilateralist,1
rooted,1
boys,1
depiction,1
rhetoric,1
protest,1
cipher,1
attributes,1
trading,1
centrality,1
you,1
arena,1
fried,1
democrats,1
practiced,1
musaddiq,1
interacted,1
discourse,1
pressley,1
anderson,1
believing,1
combines,1
nelson,1
davis,1
embodies,1
martin,1
remains,1
elements,1
presidential,1
involved,1
anticolonialism,1
taught,1
expansionism,1
jeffords,1
israel,1
never,1
pages,1
circulation,1
opposition,1
david,1
poiger,1
overstate,1
debatable,1
garibaldi,1
elvis,1
consensus,1
supported,1
few,1
unions,1
realist,1
tony,1
potential,1
burdick,1
systems,1
multinational,1
narratives,1
best,1
adequately,1
racialism,1
valuable,1
chapel,1
newspapers,1
psychological,1
indochina,1
extraordinary,1
reads,1
young,1
demonology,1
radio,1
research,1
shaded,1
june,1
anticommunism,1
essentially,1
russia,1
cio,1
elites,1
ann,1
xvi,1
mainly,1
junctures,1
nationally,1
farhang,1
impossible,1
obligation,1
can,1
tyler,1
larry,1
networks,1
stereotypes,1
partial,1
concluding,1
london,1
seed,1
exclusively,1
imaginary,1
austria,1
even,1
little,1
stephanson,1
charges,1
develop,1
coded,1
traditional,1
spite,1
internationalists,1
grandstaff,1
webber,1
glance,1
stumbles,1
strong,1
saw,1
overthrow,1
ends,1
than,1
roots,1
deeply,1
north,1
lens,1
fallout,1
ignore,1
beings,1
responsibility,1
leadership,1
value,1
ago,1
savage,1
christina,1
sexuality,1
auto,1
fidel,1
listing,1
handful,1
roles,1
inform,1
emerge,1
acknowledge,1
worrying,1
competitive,1
close,1
draft,1
massive,1
coup,1
division,1
dorman,1
cites,1
merger,1
defense,1
decision,1
suzanne,1
brenda,1
society,1
ue,1
nora,1
battles,1
