WORDCOUNTS,WEIGHT
the,120
and,63
of,63
in,39
a,29
s,28
coben,24
his,21
on,19
klan,18
to,18
was,16
for,14
p,14
is,13
it,12
as,12
victorian,12
he,11
by,11
with,10
victorianism,10
which,9
its,8
culture,7
but,7
that,7
new,7
america,7
an,7
their,6
american,6
university,6
century,6
stanley,6
at,5
about,5
women,5
social,5
has,5
twentieth,5
change,5
white,5
not,4
evans,4
study,4
support,4
from,4
very,4
cultural,4
assault,4
ku,4
were,4
klux,4
california,4
chalmers,4
be,4
always,4
race,4
nativism,3
wrote,3
basic,3
does,3
racial,3
red,3
community,3
they,3
one,3
howe,3
pp,3
wagons,3
had,3
history,3
into,3
scare,3
protestant,3
character,3
book,3
did,3
great,3
particularly,3
out,3
intellectuals,3
intelligentsia,3
circling,3
written,3
political,3
war,3
americanism,3
rebellion,3
native,3
while,3
fight,3
chapter,3
gender,3
follette,3
our,3
north,3
against,3
black,3
up,3
traditional,3
much,3
quarterly,3
roles,3
la,3
rights,2
challenge,2
supremacy,2
americans,2
angeles,2
primarily,2
who,2
class,2
old,2
interpretation,2
violence,2
pressures,2
under,2
orange,2
thesis,2
literary,2
home,2
before,2
section,2
impact,2
are,2
du,2
turning,2
first,2
picture,2
imperial,2
long,2
more,2
other,2
wizard,2
toward,2
intellectual,2
identifying,2
best,2
leading,2
could,2
wesley,2
conservative,2
reform,2
county,2
state,2
serious,2
academic,2
feminist,2
henry,2
william,2
march,2
population,2
problem,2
historians,2
victorians,2
sought,2
hiram,2
foundations,2
indiana,2
los,2
values,2
bois,2
press,2
ethnic,2
central,2
maintains,2
chapters,2
nationalism,2
suffrage,2
such,2
national,2
essay,2
joined,2
david,2
would,2
emerging,2
around,2
nativist,2
crusade,2
focus,2
than,2
away,2
society,2
subversive,1
increasing,1
summed,1
final,1
may,1
laura,1
will,1
americanl,1
critical,1
now,1
klansman,1
interesting,1
second,1
adversarial,1
actors,1
york,1
hegemony,1
klaverns,1
oriented,1
advocate,1
matter,1
she,1
continued,1
important,1
rather,1
science,1
modernists,1
observers,1
gather,1
garvey,1
meaning,1
usually,1
economic,1
cent,1
inculcated,1
groups,1
impetus,1
weis,1
defenders,1
respectful,1
how,1
assaults,1
ready,1
aggressive,1
sort,1
truth,1
limited,1
justifying,1
might,1
description,1
widening,1
revolt,1
fringe,1
brief,1
male,1
klansmen,1
hughes,1
louisa,1
e,1
dimensions,1
allen,1
strongly,1
still,1
basing,1
force,1
expanded,1
per,1
threaten,1
wilson,1
b,1
vulnerable,1
movement,1
anxious,1
recently,1
parts,1
hold,1
melting,1
disintegration,1
direction,1
canby,1
youth,1
often,1
reborn,1
confidence,1
analysis,1
essays,1
aissance,1
gentler,1
united,1
philanthropic,1
caste,1
control,1
oxford,1
edited,1
crooked,1
coalition,1
walker,1
challengingly,1
sociologists,1
marcus,1
changes,1
struggle,1
nor,1
modern,1
investigate,1
hegemonic,1
fought,1
langston,1
poets,1
god,1
females,1
trilogy,1
backs,1
us,1
campaign,1
dissertation,1
or,1
familiar,1
palmer,1
presidency,1
title,1
driven,1
quoted,1
growing,1
same,1
breach,1
numbers,1
hatred,1
ed,1
conclusion,1
hardworking,1
weak,1
chief,1
changing,1
too,1
w,1
cocoltchos,1
truths,1
solid,1
biography,1
leuchtenburg,1
themes,1
most,1
department,1
democratic,1
constituted,1
being,1
rise,1
powerful,1
only,1
known,1
uninterested,1
skillful,1
quotes,1
membership,1
party,1
members,1
votes,1
leader,1
creation,1
also,1
blatant,1
paul,1
spouted,1
index,1
exclusive,1
expressive,1
pious,1
attacks,1
seidel,1
dominant,1
ride,1
business,1
fund,1
m,1
give,1
taken,1
fell,1
trained,1
decades,1
power,1
appear,1
citizeni,1
patriotic,1
rational,1
image,1
dependably,1
moe,1
halt,1
missing,1
irebellion,1
dissertations,1
leaving,1
result,1
reestablish,1
root,1
conscientious,1
friendly,1
december,1
based,1
unifying,1
seem,1
treatment,1
available,1
gone,1
doctoral,1
carrying,1
ph,1
argue,1
feminism,1
exclusion,1
access,1
indeed,1
analyses,1
pressed,1
rich,1
foundation,1
effort,1
changed,1
government,1
xiii,1
hundred,1
enemy,1
launched,1
radical,1
embodiment,1
pioneer,1
narrowed,1
styles,1
configuration,1
review,1
i,1
fashion,1
vigorous,1
believer,1
embattled,1
fear,1
term,1
last,1
never,1
places,1
turned,1
further,1
scholarship,1
studies,1
guggenheim,1
established,1
principal,1
robert,1
though,1
equal,1
conventional,1
where,1
what,1
theodore,1
purity,1
gary,1
stock,1
behind,1
reviews,1
johns,1
continuing,1
developing,1
orderly,1
daniel,1
leonard,1
novelist,1
accepted,1
viewed,1
rose,1
terms,1
moore,1
form,1
system,1
case,1
otherwise,1
males,1
despite,1
evolutionists,1
woman,1
previewed,1
writes,1
progressivism,1
eds,1
attacked,1
howells,1
anthropologists,1
wickliffe,1
draws,1
insightful,1
her,1
hopkins,1
number,1
mass,1
discuss,1
lists,1
outlaw,1
ibid,1
failure,1
well,1
remained,1
gratification,1
property,1
local,1
account,1
editor,1
group,1
rezview,1
invisible,1
graceful,1
understanding,1
greatest,1
journals,1
literature,1
campaigns,1
work,1
rockefeller,1
place,1
these,1
birth,1
reaction,1
own,1
made,1
dissenters,1
explanation,1
richard,1
sober,1
ceptual,1
unsuccessfully,1
overturn,1
diss,1
prophets,1
brought,1
alice,1
say,1
part,1
including,1
individual,1
ralliement,1
endnote,1
politician,1
apparent,1
downplays,1
became,1
role,1
nation,1
ruling,1
publishers,1
african,1
marketplace,1
data,1
expand,1
concern,1
message,1
minority,1
compulsive,1
lies,1
honorable,1
spellman,1
eroded,1
year,1
alcott,1
bible,1
freedom,1
harlem,1
collection,1
during,1
prejudice,1
arguments,1
issues,1
memories,1
morality,1
ideas,1
writing,1
goals,1
september,1
childhood,1
thus,1
amendment,1
endanger,1
nash,1
shown,1
students,1
ruml,1
punctual,1
spokeswoman,1
explained,1
weakened,1
republished,1
argument,1
immediate,1
physicists,1
development,1
this,1
alliance,1
ethnicity,1
professor,1
discovered,1
klonvokations,1
loosely,1
ucla,1
have,1
institutional,1
sector,1
jazz,1
author,1
modernization,1
virtues,1
bibliography,1
defender,1
makes,1
aberrant,1
roosevelt,1
large,1
contributed,1
defense,1
relations,1
symposium,1
professionalization,1
kinder,1
conreviews,1
viable,1
composite,1
irrational,1
impetusfor,1
citadel,1
d,1
hard,1
beardsley,1
period,1
so,1
straight,1
states,1
rhetoric,1
senator,1
next,1
rebellioni,1
kind,1
order,1
militant,1
earlier,1
presenting,1
saturday,1
presidential,1
dean,1
family,1
small,1
times,1
mitchell,1
mind,1
dissent,1
supported,1
outside,1
profound,1
accomplished,1
migration,1
potential,1
intensely,1
apart,1
systems,1
trying,1
response,1
columbia,1
juncture,1
difficulty,1
civic,1
gracefully,1
become,1
citizens,1
elites,1
guardian,1
rejection,1
left,1
topics,1
third,1
mixing,1
obligation,1
era,1
departmental,1
early,1
visible,1
when,1
even,1
rhetorical,1
little,1
waspish,1
constructs,1
christopher,1
woodrow,1
among,1
offers,1
deepened,1
notes,1
florida,1
cross,1
leadership,1
value,1
professional,1
postpone,1
virtue,1
ago,1
quarter,1
hardly,1
pot,1
built,1
passive,1
join,1
concluded,1
digging,1
readership,1
hierarchy,1
walls,1
