WORDCOUNTS,WEIGHT
the,289
of,154
and,120
in,92
to,77
peace,70
a,61
s,57
movement,37
history,37
that,34
is,33
for,31
wsp,23
women,22
on,22
at,18
as,18
or,17
he,16
was,16
their,15
not,15
swerdlow,15
are,15
which,15
with,14
antiwar,14
vietnam,14
social,14
other,14
its,14
movements,13
american,13
more,13
nuclear,13
war,13
his,12
about,12
these,12
were,12
she,11
lofland,11
from,11
but,11
by,11
u,11
be,11
kennedy,10
also,10
it,9
soviet,9
while,9
an,9
they,8
into,8
who,8
arms,8
cortright,8
although,8
even,8
essays,7
military,7
university,7
between,7
historians,7
her,7
account,7
example,7
press,7
this,7
have,7
david,7
one,7
sane,7
than,7
been,6
testing,6
policy,6
committee,6
policies,6
ban,6
did,6
leaders,6
radical,6
see,6
has,6
role,6
administration,6
group,5
control,5
all,5
four,5
test,5
first,5
only,5
important,5
might,5
union,5
many,5
book,5
particularly,5
government,5
activists,5
international,5
political,5
reviews,5
some,5
debenedetti,5
chapters,5
especially,5
charles,5
can,5
should,5
may,4
rights,4
does,4
reagan,4
during,4
science,4
foreign,4
groups,4
still,4
pp,4
moreover,4
accounts,4
pressures,4
index,4
participants,4
impact,4
different,4
two,4
surge,4
paper,4
could,4
john,4
those,4
causes,4
march,4
whether,4
disarmament,4
decade,4
however,4
theory,4
books,4
because,4
cloth,4
well,4
when,4
suggests,4
activity,4
new,4
conference,4
effectiveness,4
both,4
little,4
against,4
good,4
protest,4
involved,4
relationship,4
several,4
state,4
internal,4
syracuse,4
patterson,4
early,4
white,4
notes,4
activities,4
media,3
changes,3
tests,3
provide,3
mentions,3
rusk,3
developed,3
subject,3
limited,3
seaborg,3
consequences,3
examine,3
treaty,3
influencing,3
freeze,3
organization,3
any,3
orientation,3
sources,3
helped,3
cover,3
strike,3
toward,3
others,3
had,3
activist,3
scholars,3
i,3
course,3
turned,3
written,3
p,3
case,3
cause,3
sophisticated,3
public,3
amy,3
such,3
chapter,3
future,3
reader,3
civil,3
make,3
questions,3
personal,3
question,3
relationships,3
president,3
own,3
finally,3
least,3
d,3
evidence,3
cold,3
quite,3
nor,3
dean,3
small,3
influence,3
specific,3
research,3
played,3
do,3
focus,3
among,3
european,2
will,2
liberation,2
likely,2
done,2
york,2
officials,2
no,2
melvin,2
continued,2
nina,2
chance,2
action,2
interested,2
f,2
how,2
opinion,2
resulted,2
ordinary,2
dimensions,2
began,2
lawrence,2
executive,2
direct,2
letter,2
volumes,2
why,2
study,2
often,2
analysis,2
geneva,2
polite,2
h,2
citizens,2
eighteen,2
coverage,2
studies,2
sure,2
soon,2
former,2
delegation,2
neither,2
western,2
organized,2
included,2
instance,2
before,2
culture,2
historian,2
n,2
numbers,2
house,2
too,2
mention,2
either,2
picture,2
position,2
rather,2
members,2
founding,2
give,2
soaring,2
kent,2
each,2
hoover,2
efforts,2
fact,2
pastoral,2
shows,2
maternal,2
opposition,2
if,2
comparisons,2
histories,2
weiler,2
theme,2
essay,2
reform,2
seven,2
larger,2
intellectuals,2
biographical,2
arthur,2
contemporary,2
help,2
there,2
almost,2
works,2
late,2
left,2
growing,2
topics,2
william,2
understood,2
surely,2
committed,2
what,2
mormon,2
indirect,2
papers,2
terms,2
selected,2
ed,2
adams,2
failure,2
thirty,2
perhaps,2
khrushchev,2
chief,2
going,2
aspects,2
argues,2
voice,2
local,2
politics,2
understanding,2
exploring,2
data,2
xiii,2
examples,2
made,2
values,2
heineman,2
themes,2
purpose,2
far,2
explains,2
became,2
nation,2
along,2
delegations,2
elite,2
significant,2
gave,2
policymakers,2
virtually,2
issues,2
authors,2
people,2
writing,2
structures,2
processes,2
like,2
our,2
full,2
narrative,2
believes,2
moderate,2
systematic,2
subfield,2
years,2
t,2
comprehensive,2
write,2
washington,2
interest,2
subtitle,2
general,2
sense,2
presented,2
would,2
suggest,2
dictionary,2
kind,2
contrast,2
change,2
provides,2
latter,2
campaign,2
times,2
dissent,2
few,2
churches,2
newspapers,2
glenn,2
tactics,2
toledo,2
chicago,2
right,2
effect,2
part,2
january,2
barely,2
up,2
y,2
within,2
story,2
develop,2
critique,2
deeply,2
north,2
so,2
attention,2
race,2
close,2
separate,2
nations,1
increasing,1
tragically,1
model,1
cite,1
chronological,1
south,1
enough,1
integral,1
threatened,1
ments,1
outside,1
ending,1
happen,1
schools,1
makes,1
challenge,1
explanations,1
shootings,1
interesting,1
led,1
researching,1
together,1
disappointing,1
releases,1
fueled,1
noteworthy,1
underground,1
genesis,1
contributes,1
transforming,1
coherent,1
whose,1
viewed,1
declaration,1
back,1
m,1
jumbled,1
stated,1
raise,1
studied,1
dissected,1
saw,1
matter,1
absence,1
without,1
myriad,1
mix,1
taken,1
way,1
testimony,1
protests,1
subjected,1
cora,1
devastating,1
bring,1
blur,1
names,1
says,1
factual,1
superficial,1
josephson,1
short,1
through,1
practical,1
stop,1
prose,1
surprisingly,1
pieces,1
multilateral,1
ingredients,1
dangers,1
investigation,1
successes,1
active,1
dressed,1
affected,1
widening,1
paigns,1
division,1
nationwide,1
ordeal,1
nourishing,1
reference,1
nearly,1
concerns,1
innocence,1
responded,1
lobbying,1
slow,1
independence,1
referred,1
suburban,1
neatly,1
unique,1
alone,1
misguided,1
always,1
detailed,1
dictionaries,1
itself,1
preferences,1
force,1
presently,1
civility,1
credited,1
demeanor,1
forth,1
experiences,1
sympathetic,1
sending,1
jerome,1
deflected,1
professorial,1
transformation,1
importance,1
reservations,1
area,1
balanced,1
schlesinger,1
traveled,1
director,1
decisions,1
tends,1
dialogue,1
whole,1
selection,1
arrests,1
civilized,1
agency,1
prepared,1
consulted,1
black,1
continually,1
word,1
negotiator,1
factors,1
alive,1
spontaneously,1
crisis,1
edited,1
brought,1
yet,1
support,1
observer,1
approaches,1
posthumous,1
nonviolent,1
addition,1
easily,1
read,1
commenting,1
respectability,1
developments,1
dispassionately,1
modern,1
park,1
conscious,1
boulder,1
earliest,1
lewy,1
issue,1
fifth,1
faltering,1
combat,1
official,1
detail,1
essential,1
participant,1
perceived,1
necessarily,1
split,1
critical,1
allies,1
image,1
farber,1
unlike,1
symptomatic,1
debacle,1
home,1
emergence,1
heavy,1
world,1
moderation,1
modestly,1
presumably,1
liberal,1
husbands,1
just,1
economics,1
adviser,1
following,1
same,1
worried,1
senior,1
objectivity,1
lacked,1
ideological,1
investigative,1
smashing,1
result,1
deployments,1
nonetheless,1
planet,1
process,1
document,1
mentioned,1
changing,1
reviewed,1
need,1
advance,1
burning,1
appeals,1
advancing,1
raw,1
most,1
show,1
urgent,1
simply,1
acknowledges,1
concerned,1
noted,1
increasingly,1
recovered,1
expanding,1
frameworks,1
powerful,1
elicited,1
baby,1
follow,1
readings,1
decidedly,1
beyond,1
thousand,1
fill,1
slights,1
volume,1
persuasive,1
ralph,1
probe,1
persuade,1
prolific,1
organizations,1
guarded,1
june,1
goals,1
resistance,1
funding,1
name,1
remarkably,1
publisher,1
wrong,1
here,1
yes,1
injustice,1
church,1
genteel,1
writes,1
suit,1
reappear,1
set,1
researched,1
naivete,1
endeavors,1
distant,1
mediation,1
labeling,1
antecedents,1
kenneth,1
quickly,1
weisner,1
vols,1
dimension,1
negotiation,1
blurb,1
secretary,1
appear,1
refusal,1
sensitized,1
similarly,1
methodology,1
central,1
alice,1
fundamental,1
degree,1
reflections,1
housewives,1
colleges,1
advanced,1
handfuls,1
greater,1
strontium,1
j,1
picketing,1
complementary,1
publicly,1
damning,1
legislative,1
actuality,1
fallout,1
definition,1
my,1
memorial,1
december,1
naive,1
longer,1
whom,1
sociological,1
path,1
believe,1
asserts,1
cordial,1
admits,1
scientists,1
assembling,1
nevertheless,1
leading,1
explores,1
societies,1
advantage,1
echols,1
sobering,1
unscathed,1
inherent,1
djakarta,1
expense,1
strength,1
feminism,1
intimidated,1
curti,1
days,1
abstract,1
indeed,1
throughout,1
preoccupy,1
accumulated,1
forces,1
post,1
viii,1
politicization,1
physicians,1
chairman,1
time,1
children,1
really,1
ideology,1
become,1
discrete,1
diverse,1
campus,1
atlantic,1
atomic,1
chosen,1
borders,1
sustaining,1
rely,1
very,1
pioneer,1
balkanization,1
fills,1
rightly,1
thefirst,1
survey,1
warren,1
conscription,1
identical,1
cities,1
historical,1
justifiably,1
bases,1
impending,1
coalescence,1
past,1
politeness,1
discussed,1
expel,1
utilized,1
indignation,1
integrate,1
serious,1
promotional,1
external,1
assessment,1
term,1
last,1
loose,1
readers,1
took,1
confrontational,1
discussion,1
further,1
considered,1
influences,1
jacqueline,1
component,1
ladies,1
chatfield,1
criteria,1
nonrecognition,1
opposite,1
none,1
sympathetically,1
healthy,1
where,1
mainly,1
climate,1
johns,1
qualities,1
developing,1
forerunner,1
armaments,1
upbringing,1
agreements,1
concedes,1
poses,1
reevaluate,1
inside,1
relevant,1
seminar,1
advisers,1
milton,1
percolating,1
form,1
less,1
answer,1
cannot,1
meet,1
involvement,1
coincided,1
excellent,1
era,1
summy,1
energy,1
chopped,1
focusing,1
nascent,1
covers,1
forcefully,1
showing,1
spiritual,1
westview,1
pacifism,1
theodore,1
explain,1
merle,1
required,1
conferences,1
eds,1
compare,1
slumping,1
series,1
milk,1
movepatterson,1
problem,1
disenchanted,1
professionals,1
widespread,1
journalism,1
modify,1
died,1
gives,1
rage,1
eaction,1
hopkins,1
reflected,1
bomb,1
free,1
out,1
interrelationships,1
america,1
memory,1
ventures,1
saunders,1
remained,1
violent,1
birthday,1
having,1
organize,1
influenced,1
indirectly,1
sorensen,1
radioactive,1
meetings,1
protesters,1
menacing,1
private,1
mean,1
cooperation,1
aptly,1
quality,1
used,1
categories,1
temperance,1
evolving,1
gains,1
fourteen,1
work,1
discounted,1
idealistic,1
popular,1
permitted,1
memoranda,1
posits,1
background,1
solely,1
already,1
depth,1
katz,1
bibliography,1
moscow,1
tumor,1
universities,1
richard,1
start,1
mothers,1
analyze,1
occasionally,1
impeachment,1
solid,1
limitations,1
careful,1
microresearch,1
claim,1
professor,1
mastery,1
memoirs,1
whatever,1
prominent,1
prompted,1
rally,1
conclude,1
sporadically,1
wittner,1
including,1
individual,1
despite,1
sent,1
atmospheric,1
commission,1
knowledge,1
strongly,1
event,1
harold,1
confirm,1
reduction,1
apply,1
department,1
positions,1
concern,1
interviews,1
sociologist,1
conceived,1
personally,1
kuehl,1
moral,1
assumptions,1
admiring,1
fifty,1
year,1
literature,1
flocked,1
entry,1
discussions,1
collection,1
oppose,1
behavior,1
feminists,1
much,1
ranks,1
demonstrates,1
rebels,1
constitute,1
using,1
records,1
maintained,1
ideas,1
relevance,1
subthemes,1
expertise,1
falling,1
catalyst,1
resulting,1
militarism,1
details,1
frequencies,1
preoccupied,1
restraint,1
thus,1
profession,1
nothing,1
individuals,1
includes,1
documented,1
amendment,1
field,1
machine,1
office,1
preparations,1
elucidates,1
advantages,1
endorsed,1
jargon,1
tell,1
models,1
accelerate,1
spring,1
persuasively,1
talented,1
specializing,1
subsequent,1
modernization,1
instructive,1
swelled,1
attacking,1
negotiating,1
recent,1
militaristic,1
difference,1
received,1
reveals,1
xv,1
significance,1
clear,1
challenging,1
zones,1
retrospectively,1
backgrounds,1
quest,1
analyzing,1
gap,1
antinuclear,1
laboratories,1
sensitize,1
encounters,1
consult,1
errors,1
nixon,1
national,1
publication,1
language,1
author,1
told,1
guenter,1
reminded,1
newsletter,1
signing,1
spawned,1
interpret,1
dozen,1
responses,1
contributors,1
colo,1
actively,1
symposium,1
detached,1
macho,1
campaigned,1
characterized,1
humor,1
antivietnam,1
uninterrupted,1
jr,1
responsibility,1
questionable,1
simplified,1
cautionary,1
counterculture,1
revolution,1
ability,1
unhealthy,1
escaped,1
century,1
immediacy,1
next,1
effects,1
stresses,1
stages,1
brain,1
catholic,1
approach,1
atmosphere,1
off,1
accurate,1
anyone,1
earlier,1
turn,1
modest,1
renewal,1
instinct,1
things,1
bishop,1
barton,1
emerging,1
adequately,1
fine,1
advocates,1
definitive,1
better,1
direction,1
men,1
roughly,1
watergate,1
roles,1
teams,1
perspective,1
doubtless,1
specialist,1
valued,1
special,1
acknowledge,1
amount,1
somehow,1
propelled,1
article,1
highly,1
thing,1
removed,1
components,1
campaigns,1
legitimize,1
response,1
introspective,1
six,1
certainly,1
editors,1
dramatic,1
served,1
relation,1
missing,1
emphasized,1
c,1
petition,1
interpretations,1
usual,1
weapons,1
twice,1
johnson,1
motherhood,1
escalating,1
altogether,1
opposing,1
find,1
structure,1
generally,1
weiss,1
sharper,1
extent,1
implication,1
rhetorical,1
memoir,1
deceased,1
protestors,1
journal,1
traditional,1
internationalists,1
describes,1
immediately,1
figures,1
save,1
correspondence,1
featuring,1
activism,1
citizen,1
we,1
resignation,1
roots,1
americans,1
relative,1
attend,1
limitation,1
assume,1
ago,1
controversial,1
meeting,1
tract,1
asked,1
generation,1
malcolm,1
frankly,1
moved,1
student,1
valuable,1
proportional,1
contaminate,1
growth,1
major,1
cites,1
strategies,1
antidote,1
marching,1
decision,1
hanoi,1
nonorganization,1
thorough,1
