WORDCOUNTS,WEIGHT
the,158
of,96
and,86
to,60
in,50
political,41
a,38
that,36
history,30
as,24
politics,19
their,16
historians,16
more,15
from,14
women,14
for,14
was,13
have,13
american,11
with,11
government,11
social,10
s,10
this,10
de,10
on,10
it,9
americans,9
p,9
new,9
historical,9
has,9
its,9
since,9
national,9
than,9
is,8
civil,8
issues,8
an,8
at,7
who,7
when,7
rights,6
republicans,6
federal,6
by,6
power,6
santis,6
will,5
reconstruction,5
benedict,5
most,5
all,5
had,5
leaders,5
ritchie,5
war,5
degler,5
system,5
gilded,5
public,5
voter,5
some,5
age,5
which,5
between,5
recent,5
racism,4
century,4
republican,4
make,4
southern,4
studies,4
not,4
support,4
nineteenth,4
biography,4
only,4
party,4
into,4
greater,4
are,4
parties,4
while,4
state,4
further,4
those,4
voting,4
participation,4
john,4
people,4
students,4
hart,4
revolution,4
voters,4
usual,4
era,4
be,4
even,4
white,4
much,4
he,3
no,3
his,3
action,3
groups,3
modern,3
represented,3
university,3
policy,3
any,3
but,3
industrial,3
williams,3
notre,3
december,3
volume,3
opinion,3
been,3
standards,3
other,3
children,3
out,3
late,3
reviews,3
terms,3
america,3
right,3
well,3
politicians,3
vote,3
through,3
despite,3
press,3
gender,3
elections,3
programs,3
congress,3
writing,3
such,3
years,3
washington,3
contributors,3
dame,3
would,3
shaping,3
states,3
early,3
vincent,3
northern,3
roots,3
time,3
european,2
now,2
led,2
marszalek,2
without,2
movements,2
assert,2
slavery,2
developed,2
remain,2
e,2
still,2
they,2
wilson,2
miscamble,2
often,2
essays,2
about,2
presidents,2
pp,2
former,2
increased,2
western,2
behavior,2
sphere,2
complete,2
conclusion,2
process,2
two,2
demonstrate,2
democratic,2
lower,2
reinforced,2
beyond,2
drew,2
book,2
set,2
later,2
view,2
emerged,2
blum,2
gary,2
longer,2
could,2
scholars,2
advantage,2
biographies,2
erosion,2
half,2
great,2
reform,2
pensions,2
ideological,2
arthur,2
past,2
rhetoric,2
overcome,2
men,2
discipline,2
racial,2
produced,2
less,2
issue,2
can,2
wartime,2
responsive,2
studying,2
local,2
work,2
made,2
biographers,2
courses,2
african,2
findings,2
largely,2
place,2
million,2
morton,2
eligible,2
were,2
suffrage,2
nash,2
remini,2
media,2
donald,2
against,2
profession,2
grown,2
although,2
d,2
period,2
ethnocultural,2
schools,2
attributes,2
next,2
progressive,2
shift,2
several,2
needs,2
readers,2
behind,2
become,2
enduring,2
traditional,2
world,2
notes,2
finds,2
generation,2
major,2
seemed,2
pastthat,1
contributes,1
newer,1
using,1
model,1
smaller,1
may,1
periods,1
regained,1
suggest,1
critical,1
courts,1
if,1
stage,1
therefore,1
frequency,1
longing,1
defection,1
shrinks,1
high,1
devote,1
second,1
william,1
curricula,1
struggle,1
abundance,1
writings,1
jeffersonian,1
succinctly,1
reagan,1
changing,1
various,1
higher,1
common,1
way,1
hate,1
convinced,1
avoiding,1
clinton,1
segments,1
popularity,1
growth,1
madisonian,1
democracy,1
minorities,1
centrality,1
contrast,1
willingly,1
distorted,1
corruption,1
short,1
identity,1
practitioners,1
how,1
commitment,1
techniques,1
limited,1
activist,1
influential,1
description,1
prodded,1
affected,1
disenfranchised,1
extend,1
roads,1
jane,1
populist,1
college,1
fiction,1
ordinary,1
male,1
rapprochement,1
presentation,1
notion,1
lobbying,1
resisting,1
benefiting,1
prevailing,1
rather,1
lost,1
community,1
translation,1
ultimate,1
opportunity,1
celebrate,1
force,1
expanded,1
effectively,1
after,1
comments,1
manifest,1
cynicism,1
asian,1
movement,1
storytellers,1
large,1
executive,1
countries,1
rationale,1
benjamin,1
loss,1
ix,1
contributions,1
pondered,1
gallery,1
structural,1
cleveland,1
commend,1
agency,1
freedmen,1
candidates,1
analysis,1
parades,1
tend,1
designed,1
deserting,1
fall,1
hope,1
once,1
marginal,1
frontier,1
competition,1
torchlight,1
edited,1
bleak,1
booths,1
citizens,1
making,1
approaches,1
ford,1
pressing,1
lives,1
face,1
security,1
democrats,1
changes,1
elitist,1
rules,1
york,1
requiring,1
surrogate,1
suspicious,1
affect,1
deadlocked,1
wanted,1
under,1
considered,1
consider,1
religion,1
ofmodern,1
detail,1
les,1
quantitative,1
statistical,1
index,1
potentials,1
then,1
or,1
racked,1
today,1
image,1
shirt,1
presidency,1
share,1
falls,1
rarely,1
eventually,1
latin,1
constant,1
assisted,1
confederates,1
just,1
collectively,1
abandon,1
unite,1
hayes,1
reexamination,1
welfare,1
amply,1
loosened,1
house,1
economic,1
partly,1
frequently,1
too,1
norms,1
faith,1
grand,1
belonging,1
these,1
disputed,1
potters,1
highways,1
simply,1
ballots,1
peaked,1
increasingly,1
fact,1
democracies,1
continues,1
cast,1
emeritus,1
connecting,1
mckinley,1
escape,1
concerning,1
present,1
declining,1
constriction,1
initial,1
specifically,1
inflicted,1
embraced,1
stemmed,1
carl,1
organizations,1
certainly,1
fire,1
lose,1
majority,1
appropriations,1
ways,1
harrison,1
plight,1
shifted,1
derives,1
challenge,1
m,1
strike,1
important,1
strategy,1
providing,1
decades,1
drawing,1
lamenting,1
favorably,1
over,1
reporting,1
counteracting,1
ask,1
billions,1
reflections,1
bureaucracy,1
monthly,1
many,1
water,1
involvement,1
aberration,1
departure,1
paper,1
moving,1
legislative,1
definition,1
organized,1
contemptuous,1
minority,1
consideration,1
sampling,1
concentration,1
abandoning,1
fundamental,1
scientists,1
individuals,1
carter,1
leading,1
merit,1
reexamined,1
down,1
assertion,1
appendix,1
together,1
own,1
conservative,1
difficulty,1
bush,1
reasons,1
traditionally,1
reacted,1
rugged,1
exclusion,1
current,1
differences,1
rich,1
outdated,1
might,1
golf,1
larger,1
deal,1
job,1
brutalization,1
linked,1
creative,1
hundred,1
defeat,1
events,1
end,1
uncovered,1
everything,1
energize,1
contemporary,1
survey,1
take,1
associations,1
atrocities,1
percentages,1
captured,1
hands,1
help,1
there,1
discussed,1
observes,1
philosophical,1
utilize,1
consciousness,1
coalitions,1
secure,1
passionate,1
culture,1
embattled,1
markets,1
honor,1
senate,1
big,1
reintegrate,1
embedded,1
academic,1
venture,1
conclusions,1
took,1
scholarship,1
accusations,1
turnout,1
v,1
robert,1
waving,1
drop,1
expand,1
surely,1
ours,1
unlikely,1
somewhat,1
where,1
educate,1
parliaments,1
landscape,1
johns,1
postal,1
context,1
them,1
reinterpretations,1
relevant,1
centuries,1
population,1
invariably,1
citizenship,1
form,1
marched,1
michael,1
see,1
cannot,1
mary,1
meet,1
accounts,1
older,1
younger,1
constitutional,1
pertinent,1
energy,1
males,1
mind,1
outside,1
nixon,1
maintain,1
attitudes,1
blaming,1
effort,1
electorate,1
writes,1
belief,1
apathy,1
eds,1
books,1
problem,1
surveying,1
proportionately,1
task,1
draws,1
motion,1
her,1
hopkins,1
centralization,1
scene,1
sought,1
mass,1
rating,1
correspondents,1
veterans,1
electing,1
require,1
addresses,1
president,1
cloth,1
institutions,1
retain,1
argues,1
gained,1
balance,1
directly,1
thousands,1
published,1
having,1
percent,1
grafting,1
emphasizing,1
missed,1
evading,1
phenomena,1
fitting,1
genre,1
r,1
private,1
suspicion,1
mean,1
omissions,1
ignored,1
exploring,1
concentrating,1
contain,1
extended,1
art,1
divided,1
win,1
restraints,1
invested,1
implement,1
election,1
conference,1
spheres,1
reaction,1
grab,1
functions,1
alter,1
hal,1
schlesinger,1
move,1
consumers,1
hamiltonian,1
pave,1
abandoned,1
obvious,1
active,1
consequently,1
concept,1
prominent,1
leads,1
combination,1
heavily,1
characterization,1
nature,1
compelling,1
part,1
timely,1
july,1
looking,1
calls,1
bottom,1
goes,1
nation,1
publishers,1
rampant,1
revealed,1
predecessors,1
routinely,1
essayists,1
top,1
tried,1
transition,1
narrowness,1
identifies,1
significant,1
eroded,1
approve,1
combining,1
use,1
fixation,1
southerners,1
adrift,1
gave,1
consistently,1
distrust,1
during,1
rivers,1
advises,1
policies,1
attract,1
duped,1
ranks,1
broad,1
diversity,1
contains,1
polls,1
ranked,1
learned,1
questions,1
statistics,1
conflict,1
central,1
winter,1
real,1
thus,1
continue,1
centralized,1
our,1
accepted,1
first,1
poll,1
come,1
sees,1
write,1
office,1
question,1
improvements,1
complicated,1
relationships,1
empower,1
author,1
youth,1
explained,1
finally,1
shrewd,1
lists,1
nonfiction,1
development,1
difference,1
interested,1
seldom,1
demoralized,1
rendered,1
characterdriven,1
professor,1
due,1
alienating,1
contradictions,1
graduate,1
twentieth,1
approach,1
opens,1
pollution,1
machine,1
grant,1
points,1
damage,1
aware,1
victory,1
essay,1
perplexed,1
interest,1
urge,1
carpetbaggers,1
campaigned,1
change,1
workers,1
ability,1
deals,1
held,1
offer,1
joined,1
defense,1
least,1
instead,1
gendered,1
times,1
include,1
sense,1
judges,1
successful,1
condensation,1
caused,1
highlighting,1
presented,1
application,1
magazine,1
reformers,1
jr,1
so,1
cold,1
lowest,1
polling,1
mentioned,1
reinforces,1
reshape,1
individualism,1
winner,1
wellbeing,1
values,1
loser,1
narratives,1
stresses,1
forced,1
order,1
devise,1
harbors,1
off,1
earlier,1
turn,1
unity,1
applicable,1
black,1
measured,1
clay,1
legacy,1
fine,1
presidential,1
long,1
taught,1
around,1
immigrants,1
divisive,1
sherron,1
perspective,1
nonacademics,1
turned,1
few,1
swaying,1
maxim,1
internal,1
approval,1
bloody,1
formal,1
systems,1
satisfy,1
accusing,1
study,1
parallel,1
depression,1
governments,1
dollars,1
houses,1
civic,1
editors,1
differently,1
themselves,1
missing,1
declare,1
elites,1
transitory,1
warned,1
teach,1
price,1
compare,1
structure,1
always,1
managed,1
postwar,1
concerns,1
exclusively,1
probably,1
also,1
given,1
communication,1
develop,1
journal,1
look,1
save,1
focus,1
paid,1
avoided,1
among,1
connections,1
undergoing,1
loath,1
empowerment,1
quarterly,1
leadership,1
professional,1
niagara,1
should,1
evidence,1
adult,1
elsewhere,1
provided,1
meeting,1
attention,1
roles,1
influence,1
acknowledge,1
race,1
cites,1
festschrift,1
society,1
perils,1
dismiss,1
