WORDCOUNTS,WEIGHT
the,148
of,97
and,88
a,49
in,42
to,41
s,28
that,26
numbers,25
its,24
for,21
by,19
it,17
is,16
history,14
creationism,14
science,13
american,12
on,12
as,11
with,11
at,10
but,10
p,10
his,9
was,9
from,9
these,9
price,9
who,8
not,8
creationist,8
all,8
movement,7
time,7
out,7
theory,7
has,7
this,7
he,6
their,6
two,6
are,6
both,6
have,6
flood,6
an,6
than,6
genesis,5
or,5
into,5
then,5
more,5
control,5
creationists,5
geology,5
evolution,5
which,5
own,5
biblical,5
so,5
world,5
second,4
scientific,4
one,4
religious,4
modern,4
first,4
might,4
new,4
turned,4
record,4
books,4
trial,4
establishment,4
would,4
bratt,4
evolutionary,4
be,4
early,4
when,4
been,3
brief,3
still,3
life,3
white,3
god,3
university,3
any,3
just,3
culture,3
days,3
same,3
boyer,3
wright,3
adventist,3
being,3
creation,3
protestant,3
each,3
fact,3
scientists,3
conservative,3
born,3
reading,3
case,3
however,3
scripture,3
having,3
some,3
popular,3
end,3
arkansas,3
southern,3
c,3
era,3
geological,3
much,3
among,3
model,2
christian,2
no,2
common,2
way,2
george,2
earth,2
make,2
yet,2
followers,2
they,2
complex,2
about,2
missouri,2
around,2
claims,2
ancient,2
synod,2
most,2
simply,2
origins,2
especially,2
darwin,2
organizational,2
left,2
odd,2
ronald,2
care,2
power,2
m,2
give,2
academy,2
nature,2
book,2
did,2
could,2
down,2
epitomized,2
achievement,2
particularly,2
john,2
religion,2
angels,2
last,2
remarkable,2
poverty,2
defending,2
what,2
catastrophic,2
economy,2
reviews,2
orthodoxy,2
indeed,2
ed,2
public,2
fundamentals,2
triumph,2
while,2
christianity,2
account,2
almost,2
sources,2
pleasant,2
made,2
whitcomb,2
dissenters,2
sides,2
given,2
through,2
republic,2
elite,2
measure,2
adventists,2
credentials,2
thus,2
come,2
were,2
sectarian,2
years,2
development,2
against,2
baptists,2
b,2
write,2
g,2
philosophical,2
finally,2
health,2
defense,2
d,2
little,2
rooted,2
protest,2
warrant,2
geologist,2
quite,2
nor,2
several,2
june,2
back,2
subjects,2
between,2
seek,2
holds,2
james,2
texts,2
morris,2
critique,2
ellen,2
roots,2
should,2
column,1
phases,1
critics,1
posited,1
higher,1
enough,1
will,1
success,1
opposed,1
poor,1
now,1
likes,1
hatch,1
moreland,1
verses,1
betrays,1
primitivism,1
adequate,1
york,1
whose,1
child,1
essential,1
stronger,1
infighting,1
perspectives,1
matter,1
attempts,1
ing,1
hopes,1
materials,1
deeper,1
butler,1
independent,1
heretical,1
letters,1
if,1
concerned,1
camp,1
figure,1
sociology,1
l,1
performance,1
troubled,1
you,1
wrote,1
dreamed,1
centering,1
impressive,1
blessed,1
edward,1
obscuring,1
subject,1
organizing,1
ironically,1
decades,1
schemes,1
demonize,1
others,1
baptist,1
classic,1
populist,1
college,1
boasted,1
viewfrom,1
responded,1
predict,1
decade,1
get,1
tracked,1
inviting,1
consider,1
prove,1
truncating,1
signaled,1
ultimate,1
fossil,1
opportunity,1
harry,1
introduction,1
baconian,1
bicycle,1
notably,1
accommodating,1
defenses,1
philosophy,1
inerrancy,1
understand,1
flexible,1
glimpses,1
avenging,1
contemporaneous,1
engaging,1
grew,1
triggering,1
group,1
modes,1
leave,1
mccready,1
truncation,1
testifies,1
prize,1
denied,1
why,1
witness,1
revelation,1
matched,1
study,1
apologists,1
offense,1
embarrassment,1
enabled,1
illustrations,1
analysis,1
biological,1
kill,1
superb,1
nothing,1
authorship,1
convictions,1
collapsing,1
productive,1
heretics,1
contributing,1
chronicle,1
space,1
live,1
subtracted,1
symmetrical,1
criticism,1
moves,1
lutheran,1
prince,1
rock,1
raymond,1
deep,1
we,1
asa,1
refusing,1
denominational,1
itself,1
opportunities,1
fissure,1
union,1
jonathan,1
easily,1
pp,1
rider,1
numerology,1
mentality,1
bad,1
fundamentalist,1
technology,1
under,1
fear,1
odyssey,1
unresponsive,1
lutherans,1
challenged,1
addressed,1
us,1
neither,1
gilkey,1
established,1
school,1
frederick,1
bevy,1
combative,1
included,1
wisconsinmadison,1
inerrant,1
shadow,1
total,1
holding,1
checkered,1
light,1
divine,1
elsewhere,1
liberties,1
historian,1
antebellum,1
n,1
nineteenth,1
monopolies,1
traces,1
series,1
conclusion,1
too,1
historicist,1
w,1
without,1
botanist,1
textbook,1
age,1
four,1
communal,1
test,1
pitiful,1
records,1
operations,1
bookends,1
only,1
dubious,1
lot,1
else,1
sometimes,1
either,1
squabbling,1
published,1
sketch,1
appeared,1
rival,1
volume,1
position,1
fundamentalists,1
familiarity,1
titles,1
seventhday,1
lead,1
besides,1
certainly,1
uniformly,1
text,1
beside,1
classroom,1
also,1
offers,1
alternative,1
law,1
index,1
other,1
monkeys,1
instantaneously,1
set,1
excommunication,1
imminent,1
duly,1
deluge,1
bred,1
strike,1
restoration,1
opinion,1
anomalies,1
effusions,1
personified,1
natural,1
caches,1
over,1
evokes,1
suppositions,1
stripes,1
substantively,1
discussions,1
worked,1
dissimulation,1
sure,1
projects,1
country,1
readily,1
greater,1
hours,1
j,1
had,1
unfalsifiable,1
tradition,1
quirky,1
hour,1
standards,1
my,1
debilitating,1
showboating,1
shows,1
path,1
seem,1
complaints,1
believe,1
agenda,1
marginalization,1
scholars,1
leading,1
explores,1
hucksters,1
six,1
medicine,1
carrying,1
daily,1
printed,1
desire,1
existentially,1
convert,1
beliefs,1
simple,1
nathan,1
access,1
abetted,1
defenders,1
reform,1
sabbath,1
accumulated,1
speaker,1
origin,1
provoke,1
scopes,1
effort,1
bedfellows,1
demands,1
tells,1
repackaged,1
maritimes,1
gray,1
concludes,1
full,1
events,1
far,1
demise,1
unexplored,1
satanic,1
granting,1
bizarre,1
follette,1
considerable,1
byzantine,1
subsequent,1
past,1
antichrist,1
protect,1
devils,1
featured,1
invocation,1
noah,1
arrogance,1
minister,1
reasons,1
edition,1
respects,1
scores,1
devil,1
biologists,1
men,1
glory,1
academic,1
outside,1
took,1
wilson,1
none,1
hand,1
ticket,1
precisely,1
fourth,1
do,1
beginning,1
henry,1
equally,1
present,1
reserved,1
ground,1
irony,1
investigation,1
traced,1
political,1
though,1
according,1
faulting,1
wit,1
where,1
committed,1
something,1
ideological,1
johns,1
fixing,1
mate,1
combined,1
worldwide,1
unique,1
testaments,1
papers,1
rose,1
triggered,1
less,1
see,1
system,1
answer,1
rising,1
promot,1
together,1
cause,1
dermatologist,1
rimmer,1
side,1
cultish,1
can,1
necessary,1
allowance,1
martyr,1
democratization,1
advocates,1
eminent,1
distinctives,1
xvii,1
egregiously,1
fiery,1
map,1
battiness,1
tabernacle,1
perhaps,1
plain,1
ruin,1
assorted,1
find,1
ignoring,1
stretched,1
money,1
antique,1
gives,1
her,1
hopkins,1
primary,1
canonizes,1
patriarchal,1
national,1
day,1
right,1
elevation,1
aspiration,1
such,1
well,1
reviewvs,1
yield,1
rationality,1
skillfully,1
theological,1
meetings,1
psychology,1
kansas,1
relatives,1
private,1
circuit,1
understanding,1
langdon,1
mapped,1
substantial,1
literature,1
work,1
fundamental,1
contempt,1
father,1
lost,1
theology,1
birth,1
mutual,1
bodies,1
nonscience,1
explanation,1
move,1
upon,1
bear,1
framed,1
women,1
heretic,1
heart,1
clear,1
creep,1
discrimination,1
formal,1
taking,1
prophesying,1
brought,1
combination,1
refinement,1
point,1
say,1
compelling,1
scorned,1
very,1
city,1
devising,1
pairs,1
civil,1
knowledge,1
horticulturalist,1
alternatives,1
literal,1
press,1
lays,1
department,1
supplies,1
historic,1
giving,1
description,1
forces,1
impose,1
ten,1
poignant,1
empirical,1
lecture,1
beneath,1
territory,1
significant,1
whole,1
extended,1
bible,1
credentialed,1
recounts,1
island,1
says,1
oppose,1
virtually,1
proper,1
began,1
ranks,1
demonstrates,1
phenomenon,1
challenges,1
professionalizing,1
people,1
crew,1
gain,1
increasingly,1
human,1
otherwise,1
story,1
ends,1
announcing,1
pamphlets,1
phase,1
laboratory,1
call,1
proved,1
therein,1
zigzagging,1
personal,1
denunciations,1
laughingstock,1
away,1
regions,1
married,1
fold,1
question,1
fun,1
plurality,1
grace,1
formation,1
devoted,1
yearning,1
canvas,1
theoretical,1
veracity,1
stung,1
engineers,1
rage,1
argument,1
won,1
backyard,1
knopf,1
visions,1
accommodation,1
pedalling,1
marcel,1
professor,1
connections,1
radically,1
due,1
boxer,1
gap,1
conitroversy,1
paradigm,1
ushered,1
authors,1
launching,1
defend,1
analogized,1
fiske,1
publication,1
defender,1
dynamic,1
handbill,1
intact,1
formulas,1
domain,1
crisis,1
prophetess,1
daniel,1
tone,1
social,1
course,1
offer,1
audiences,1
david,1
protestantism,1
typically,1
sense,1
good,1
duller,1
opposite,1
jr,1
nary,1
him,1
attribution,1
tribal,1
century,1
privilege,1
miracle,1
swelling,1
strategic,1
effects,1
selfworn,1
baptism,1
spans,1
affairs,1
homogenized,1
defined,1
kept,1
pedigree,1
militant,1
weaknesses,1
turn,1
retailing,1
chic,1
prophecy,1
provides,1
irresponsible,1
arbitrary,1
individual,1
remains,1
old,1
flourishing,1
latter,1
definitive,1
signals,1
cultic,1
taint,1
canons,1
belief,1
falsified,1
educational,1
devotees,1
theologians,1
thousand,1
treats,1
blacks,1
disproportionately,1
systems,1
evolutionism,1
leaves,1
textbooks,1
posture,1
honesty,1
conspiratorial,1
young,1
suitable,1
epistemology,1
elites,1
scholarship,1
xvi,1
third,1
drove,1
despair,1
altogether,1
teach,1
debate,1
subtract,1
couple,1
weight,1
descendants,1
up,1
including,1
conspiracy,1
working,1
obscure,1
even,1
rhetorical,1
sciences,1
sheer,1
those,1
prime,1
reconciling,1
attracted,1
ascribe,1
saw,1
infidel,1
evangelistic,1
north,1
recent,1
notes,1
epochs,1
vulgar,1
washing,1
leadership,1
shelf,1
professional,1
founder,1
broader,1
paul,1
generation,1
surely,1
shall,1
built,1
arresting,1
attention,1
moved,1
la,1
evoked,1
workings,1
equal,1
churchmissouri,1
court,1
overlooked,1
justice,1
retention,1
convention,1
enemy,1
bespeaks,1
bickering,1
calvin,1
overlapping,1
scholar,1
