WORDCOUNTS,WEIGHT
the,192
of,118
in,59
and,59
a,43
to,36
s,34
bingham,28
that,28
as,22
his,20
is,19
on,19
missouri,18
for,16
political,16
from,15
was,12
or,12
are,12
at,11
by,11
american,10
with,9
but,9
rash,9
their,9
she,8
history,8
between,8
her,7
work,7
benton,7
it,6
he,6
they,6
one,6
frontier,6
pictures,6
art,6
picture,6
an,6
george,5
ideology,5
artist,5
not,5
river,5
into,5
caleb,5
war,5
day,5
paintings,5
content,5
which,5
this,5
own,5
national,5
state,5
flatboatmen,5
life,4
about,4
too,4
most,4
had,4
time,4
new,4
there,4
both,4
west,4
city,4
civil,4
subject,4
our,4
have,4
be,4
marling,4
no,3
sometimes,3
been,3
missourians,3
career,3
who,3
scene,3
university,3
us,3
these,3
all,3
union,3
other,3
nancy,3
great,3
government,3
do,3
painter,3
reviews,3
issue,3
whig,3
however,3
some,3
politics,3
through,3
its,3
during,3
border,3
such,3
clear,3
painting,3
senator,3
after,3
portrait,3
when,3
those,3
much,3
civilization,2
americans,2
grumbling,2
always,2
if,2
meaning,2
across,2
how,2
house,2
collapsed,2
paint,2
direct,2
boone,2
makes,2
often,2
pp,2
illustrations,2
itself,2
category,2
decade,2
before,2
same,2
women,2
being,2
fact,2
first,2
electoral,2
painted,2
instance,2
law,2
explain,2
power,2
opinion,2
legislature,2
localism,2
differences,2
job,2
scenes,2
composition,2
audience,2
i,2
works,2
whigs,2
last,2
what,2
march,2
making,2
particular,2
dancing,2
pendergast,2
series,2
opposition,2
out,2
folksy,2
local,2
observations,2
placement,2
fundamentally,2
kansas,2
frontiersmen,2
election,2
press,2
place,2
broad,2
using,2
ideas,2
actually,2
thereafter,2
maintains,2
come,2
aesthetic,2
sees,2
than,2
commercial,2
years,2
karal,2
hart,2
sense,2
so,2
snags,2
course,2
order,2
thomas,2
family,2
back,2
jefferson,2
inclusion,2
jolly,2
ann,2
rhetorical,2
given,2
engagement,2
famous,2
general,2
period,2
once,2
hidden,2
appeal,1
settlers,1
indicted,1
genesis,1
may,1
speeds,1
book,1
four,1
admire,1
democracy,1
homely,1
pictorial,1
lyrical,1
interesting,1
led,1
high,1
relationship,1
timeless,1
avoids,1
final,1
pattern,1
whose,1
demand,1
forever,1
steady,1
ifthe,1
minor,1
belonged,1
note,1
limits,1
editorializing,1
wisdom,1
heroes,1
meets,1
continued,1
rather,1
military,1
meticulously,1
slavery,1
action,1
five,1
speeches,1
pull,1
speechifying,1
imagery,1
vision,1
indeed,1
infamous,1
happy,1
turns,1
sunny,1
debated,1
program,1
dangers,1
posits,1
vague,1
kind,1
fiddle,1
edges,1
populist,1
skilled,1
observer,1
polemic,1
trotted,1
process,1
communism,1
becomes,1
bestknown,1
bond,1
monuments,1
disinclination,1
didactic,1
johnnie,1
army,1
active,1
boss,1
still,1
above,1
decoded,1
pointed,1
yale,1
painterly,1
polls,1
locks,1
lawrence,1
standing,1
went,1
transformation,1
iconographic,1
steeped,1
center,1
hot,1
terms,1
parts,1
seemingly,1
groupings,1
religious,1
study,1
steamboat,1
slices,1
properly,1
white,1
confronting,1
congressional,1
adjutant,1
remind,1
shooting,1
yet,1
ways,1
interpretation,1
centuries,1
exists,1
emerging,1
get,1
reason,1
democrats,1
escorting,1
navigation,1
arts,1
thought,1
bad,1
overtly,1
monumental,1
mission,1
borrowed,1
marks,1
spirit,1
delegation,1
ne,1
position,1
western,1
index,1
springfield,1
today,1
shirt,1
pose,1
bearers,1
neglected,1
crisp,1
home,1
nat,1
observing,1
any,1
diversions,1
light,1
associated,1
section,1
jug,1
consciousness,1
elected,1
believed,1
portentous,1
nineteenth,1
dropped,1
sake,1
iwo,1
ed,1
memories,1
source,1
aground,1
words,1
profile,1
transcends,1
grand,1
intense,1
already,1
biography,1
themes,1
efficacy,1
journalism,1
pencilled,1
translate,1
experience,1
emotional,1
stowed,1
under,1
democratic,1
hallmarks,1
murky,1
member,1
imparted,1
characteristics,1
symbolic,1
only,1
vietnam,1
surface,1
gap,1
observable,1
truman,1
raids,1
explaining,1
sources,1
long,1
party,1
mixture,1
more,1
stuporous,1
replays,1
familial,1
commandeered,1
cargo,1
crews,1
internal,1
researched,1
frame,1
helped,1
cover,1
mirrors,1
popularity,1
taken,1
figure,1
close,1
toward,1
decades,1
possesses,1
viewer,1
flow,1
wetenhall,1
quaint,1
over,1
responsibilities,1
distinctive,1
thrust,1
forebears,1
notables,1
principle,1
usually,1
each,1
ourselves,1
sure,1
contention,1
water,1
treasurer,1
descending,1
liberty,1
barbour,1
legislative,1
closely,1
contends,1
came,1
latent,1
hovers,1
commission,1
compulsively,1
key,1
seem,1
treatment,1
device,1
hinting,1
crops,1
best,1
unknown,1
could,1
stump,1
straightforward,1
uneasy,1
prominence,1
minnesota,1
suggesting,1
train,1
method,1
shoulder,1
harder,1
strength,1
generations,1
scenario,1
unionists,1
potentially,1
print,1
effort,1
correspondingly,1
jima,1
teaches,1
might,1
really,1
become,1
diverse,1
link,1
wholly,1
john,1
immune,1
enemy,1
sharpen,1
mississippi,1
very,1
primacy,1
end,1
fails,1
raphael,1
happenstance,1
entreat,1
primary,1
canny,1
real,1
riverboat,1
happiness,1
man,1
unapologetic,1
philosophical,1
fresh,1
just,1
passage,1
color,1
rhetoric,1
big,1
better,1
men,1
whiggery,1
outside,1
airless,1
following,1
precisely,1
henry,1
raised,1
fame,1
established,1
embarrassing,1
seriousness,1
classified,1
martial,1
namecame,1
game,1
cards,1
virtual,1
disquisition,1
expressed,1
somewhat,1
contrived,1
intelligence,1
behind,1
johns,1
orderly,1
daniel,1
conservatism,1
recently,1
form,1
less,1
system,1
boats,1
involvement,1
case,1
sandbar,1
received,1
erratic,1
studies,1
imposed,1
material,1
termsfrom,1
eye,1
quantrill,1
attitudes,1
juxtaposed,1
coauthored,1
signature,1
rest,1
counties,1
frontality,1
native,1
sunken,1
controversy,1
trivial,1
wide,1
limbs,1
public,1
dive,1
hopkins,1
while,1
number,1
lauded,1
shrewd,1
foregrounds,1
obsession,1
because,1
aspects,1
shirttail,1
lighthearted,1
agenda,1
constitutional,1
representatives,1
remove,1
specifically,1
argues,1
directly,1
account,1
generally,1
lusty,1
suggests,1
genre,1
understanding,1
line,1
relief,1
urgency,1
gridwork,1
mythic,1
extended,1
campaigns,1
wilderness,1
finished,1
hung,1
background,1
treated,1
alter,1
wrangling,1
made,1
portraits,1
bibliography,1
little,1
prove,1
onlooker,1
scourged,1
magazine,1
vote,1
occasionally,1
leisure,1
circumstances,1
delineated,1
limitations,1
clean,1
fine,1
reader,1
extrapolated,1
altered,1
descendant,1
commerce,1
brought,1
point,1
except,1
part,1
x,1
arose,1
intentions,1
ingenious,1
altogether,1
example,1
raiders,1
fur,1
laws,1
cumberland,1
apparent,1
two,1
establishes,1
along,1
dirty,1
provoked,1
himself,1
identity,1
louis,1
brutal,1
harry,1
scion,1
criticized,1
undisguised,1
minutiae,1
gang,1
buffoons,1
dignity,1
whole,1
year,1
use,1
implications,1
genuine,1
discussions,1
rivers,1
behavior,1
dress,1
appointed,1
ranks,1
worse,1
diversity,1
collective,1
homespun,1
warranted,1
issues,1
human,1
ethnic,1
evolution,1
think,1
seams,1
engaged,1
icons,1
leap,1
phase,1
music,1
search,1
convincing,1
partisan,1
office,1
improvements,1
runs,1
afresh,1
decree,1
spring,1
showing,1
recording,1
excused,1
versions,1
spectrum,1
lurched,1
development,1
foes,1
significance,1
universally,1
capitol,1
adapting,1
repositories,1
switched,1
safety,1
hackles,1
twentieth,1
guidance,1
incident,1
traders,1
massacre,1
certain,1
iconic,1
drunks,1
soldiers,1
sustain,1
transfiguration,1
finally,1
logic,1
harm,1
good,1
change,1
characteristic,1
workers,1
held,1
brother,1
ripples,1
homes,1
guarantee,1
immersion,1
retrospective,1
coaxes,1
d,1
hard,1
would,1
range,1
corresponds,1
electorate,1
summer,1
suggest,1
trees,1
stage,1
obscurity,1
involve,1
scoundrels,1
errand,1
pyramidal,1
contrast,1
guided,1
militant,1
worthies,1
joined,1
black,1
mandating,1
settlement,1
clay,1
remains,1
old,1
quick,1
rollicking,1
embedded,1
summary,1
stare,1
anonymous,1
specificity,1
mind,1
soil,1
offered,1
detained,1
formal,1
qualities,1
parallel,1
woefully,1
hero,1
depression,1
barefoot,1
arrange,1
evicting,1
pause,1
responsible,1
tragic,1
notorious,1
themselves,1
awaiting,1
c,1
horizontals,1
taming,1
seizing,1
effect,1
telling,1
era,1
like,1
james,1
create,1
electric,1
texts,1
views,1
martyring,1
up,1
murals,1
progress,1
st,1
implication,1
speaker,1
conscience,1
characters,1
documentary,1
traditional,1
skirmishes,1
proper,1
allegiance,1
world,1
figures,1
glance,1
details,1
correspondence,1
among,1
saw,1
prison,1
we,1
haven,1
deeply,1
steers,1
recent,1
notes,1
frankie,1
observed,1
rivermen,1
appropriate,1
bargehands,1
should,1
adult,1
building,1
bills,1
controversial,1
hardly,1
universality,1
awareness,1
ca,1
attention,1
influence,1
acknowledge,1
corpulence,1
actions,1
chambers,1
master,1
customs,1
posit,1
activities,1
twists,1
holding,1
knowledge,1
seemed,1
canvassers,1
looking,1
performing,1
walls,1
