WORDCOUNTS,WEIGHT
the,199
and,116
of,116
in,101
to,71
as,49
their,46
women,39
mexican,33
a,33
that,30
they,19
or,19
ruiz,19
s,18
for,18
p,18
from,17
was,16
by,16
have,15
on,15
one,14
with,14
at,13
not,13
who,13
were,13
american,12
we,11
these,10
what,10
her,10
mexicans,10
an,10
like,10
culture,9
but,9
which,9
workers,9
is,8
history,8
strike,8
children,8
mexicanas,8
during,8
she,7
activists,7
most,7
communities,7
union,7
i,7
america,7
some,7
both,7
own,7
la,7
rights,6
san,6
without,6
class,6
home,6
social,6
many,6
are,6
has,6
other,6
out,6
met,6
civil,6
families,6
tenayuca,6
california,6
race,6
if,5
been,5
often,5
husbands,5
over,5
spinach,5
americanization,5
how,5
cultural,5
u,5
well,5
mothers,5
foley,5
labor,5
married,5
de,5
students,5
into,5
spanish,5
be,5
white,5
it,4
movement,4
organizing,4
citizens,4
community,4
parents,4
told,4
university,4
same,4
first,4
members,4
more,4
injustice,4
had,4
came,4
idea,4
did,4
striking,4
narrative,4
new,4
antonio,4
moreno,4
chicana,4
el,4
whether,4
youth,4
sought,4
west,4
example,4
such,4
would,4
black,4
between,4
themselves,4
shadows,4
texas,4
even,4
among,4
border,4
organized,4
malcs,3
film,3
likely,3
wives,3
way,3
fell,3
his,3
process,3
about,3
mexico,3
when,3
tensions,3
elephants,3
us,3
its,3
historian,3
also,3
alien,3
common,3
fierro,3
love,3
organizations,3
june,3
lives,3
bright,3
each,3
active,3
best,3
could,3
mexicana,3
mujeres,3
outside,3
canneries,3
reviews,3
activist,3
want,3
public,3
while,3
because,3
chapter,3
work,3
churches,3
made,3
chaperone,3
through,3
press,3
gender,3
picket,3
food,3
central,3
our,3
chicano,3
this,3
since,3
mixed,3
sense,3
settlement,3
immigrants,3
family,3
especially,3
back,3
interviewed,3
strikers,3
up,3
southwest,3
traditional,3
notes,3
time,3
attention,3
roles,3
nativist,3
intermarriage,3
anglo,3
space,2
carried,2
threatened,2
does,2
uncommon,2
now,2
he,2
americans,2
no,2
bringing,2
herself,2
washed,2
within,2
indeed,2
angeles,2
service,2
commitment,2
stories,2
inside,2
cops,2
chapters,2
poor,2
itself,2
make,2
vicki,2
church,2
latinos,2
intellectual,2
responsible,2
united,2
formed,2
neighborhoods,2
elvira,2
entertainment,2
oxford,2
means,2
recalled,2
ramirez,2
see,2
fought,2
wanted,2
missionaries,2
management,2
benefits,2
assimilation,2
workplace,2
abuses,2
any,2
too,2
known,2
cotton,2
seventeen,2
party,2
oral,2
again,2
decades,2
others,2
refused,2
worked,2
friends,2
all,2
neil,2
houchen,2
leaders,2
pass,2
very,2
end,2
useless,2
cities,2
struggles,2
forms,2
places,2
feminist,2
took,2
do,2
according,2
poverty,2
where,2
harassment,2
them,2
rose,2
professors,2
side,2
dance,2
emma,2
takes,2
however,2
historians,2
listen,2
paso,2
percent,2
having,2
suggests,2
e,2
used,2
middle,2
burden,2
empire,2
little,2
universities,2
los,2
founded,2
part,2
calls,2
zinc,2
became,2
role,2
nation,2
experience,2
manufacturing,2
began,2
issues,2
people,2
josephine,2
think,2
tomatoes,2
cooked,2
services,2
music,2
claiming,2
roberts,2
teenagers,2
ignored,2
peaches,2
farah,2
against,2
conditions,2
t,2
author,2
finally,2
accept,2
health,2
jamaicas,2
running,2
include,2
homes,2
carlos,2
so,2
molano,2
things,2
developed,2
features,2
states,2
century,2
chavez,2
involved,2
relations,2
paths,2
muralist,2
blacks,2
few,2
state,2
luisa,2
assimilate,2
extraordinary,2
lines,2
become,2
boundaries,2
always,2
story,2
those,2
should,2
provided,2
immigration,2
justice,2
costly,2
crossroads,1
unida,1
racial,1
canned,1
settlers,1
babies,1
final,1
may,1
hair,1
crow,1
european,1
will,1
scandalized,1
zoot,1
girl,1
therefore,1
socialist,1
viet,1
led,1
involve,1
mostly,1
transform,1
cambio,1
sons,1
recognized,1
kissing,1
york,1
farm,1
doubts,1
deny,1
today,1
played,1
positions,1
prodigality,1
russian,1
protecting,1
various,1
higher,1
taken,1
bake,1
george,1
mayor,1
square,1
adopt,1
kenneth,1
l,1
raza,1
economic,1
workforce,1
stricter,1
leading,1
groups,1
cleaned,1
predictably,1
short,1
generations,1
stood,1
strives,1
decrying,1
created,1
remain,1
comparative,1
tamale,1
whites,1
easily,1
ought,1
posits,1
career,1
schemes,1
return,1
baptist,1
resulted,1
college,1
vernacular,1
ordinary,1
primarily,1
midwest,1
death,1
busy,1
implies,1
referred,1
gift,1
intrusion,1
politicians,1
seniority,1
hablan,1
still,1
considerably,1
vargas,1
inequalities,1
force,1
pan,1
folded,1
ties,1
domination,1
lasted,1
crossing,1
proposition,1
interwar,1
morena,1
marrying,1
police,1
becoming,1
large,1
closet,1
japanese,1
recently,1
strange,1
ongoing,1
factories,1
layering,1
communist,1
denied,1
celebrated,1
adolescents,1
whip,1
southeast,1
offering,1
siam,1
rise,1
inferior,1
contributing,1
recipe,1
mexicanization,1
authority,1
anglos,1
albino,1
education,1
english,1
yet,1
sainchez,1
chafing,1
support,1
centuries,1
commadrazgo,1
monte,1
obstacle,1
examine,1
security,1
articles,1
settled,1
pp,1
emulation,1
scourge,1
case,1
darken,1
resemble,1
beans,1
immigrant,1
wages,1
guatemalan,1
photographs,1
under,1
considered,1
decade,1
ideals,1
sara,1
trace,1
peers,1
founders,1
claims,1
childcare,1
neither,1
pantheon,1
index,1
vatos,1
aliens,1
environment,1
mile,1
methodist,1
indianize,1
production,1
then,1
liked,1
thinking,1
barrios,1
coat,1
rabbits,1
before,1
actually,1
consciousness,1
collections,1
days,1
abandon,1
aztlin,1
nineteenth,1
numbers,1
receiving,1
tejano,1
skin,1
violence,1
unidas,1
generational,1
garment,1
nice,1
fashionable,1
agitators,1
darkened,1
pie,1
indian,1
pueblos,1
peoples,1
civics,1
age,1
existence,1
hunger,1
commonly,1
included,1
agents,1
seguin,1
begins,1
volunteers,1
solas,1
increasingly,1
fact,1
challenged,1
member,1
proselytization,1
anything,1
invoking,1
powerful,1
only,1
gap,1
either,1
reciprocity,1
months,1
continued,1
double,1
notions,1
undertaken,1
disguise,1
fond,1
borrow,1
committee,1
bloomers,1
long,1
worst,1
wage,1
endured,1
embraced,1
rice,1
society,1
leader,1
walked,1
overcame,1
oppression,1
name,1
imprisonment,1
mix,1
permanent,1
here,1
regulating,1
voices,1
native,1
flapper,1
writes,1
heritage,1
care,1
cisneros,1
m,1
give,1
factory,1
journey,1
mulligan,1
pick,1
footnote,1
cut,1
centers,1
taboo,1
attempt,1
secretary,1
stands,1
identified,1
juan,1
militants,1
rare,1
naturalized,1
agenda,1
proposed,1
iconography,1
gutierrez,1
engaged,1
racism,1
goal,1
whereas,1
exacerbated,1
parental,1
asia,1
cultures,1
gregory,1
off,1
archival,1
espafiol,1
different,1
escheverria,1
based,1
company,1
whom,1
shaped,1
laundry,1
separation,1
undocureviews,1
abandoning,1
asserts,1
masculinist,1
xii,1
explores,1
hybrid,1
advantage,1
credits,1
histories,1
call,1
appendix,1
together,1
found,1
clothesline,1
called,1
color,1
traditionally,1
berry,1
access,1
differences,1
consent,1
loyalty,1
mural,1
potentially,1
choice,1
post,1
degree,1
causa,1
pretty,1
last,1
effort,1
seven,1
kathyrn,1
particularly,1
hysteria,1
fruits,1
loyalist,1
hanging,1
able,1
demands,1
job,1
plumbing,1
lipsitz,1
linked,1
tells,1
events,1
skirts,1
mistakenly,1
combed,1
wore,1
worker,1
contemporary,1
doubt,1
estela,1
products,1
resolved,1
identities,1
fashion,1
distinctive,1
man,1
coalescence,1
anomalous,1
utilized,1
mass,1
machismo,1
embrace,1
really,1
starvation,1
surprising,1
ethnographer,1
girls,1
vegetables,1
merely,1
never,1
patterns,1
jaime,1
mestizo,1
judy,1
stand,1
believed,1
beginning,1
cal,1
just,1
sexual,1
meant,1
flappers,1
defiant,1
ground,1
defend,1
current,1
didn,1
political,1
formation,1
fiance,1
war,1
midnight,1
lifetimes,1
quintero,1
struggle,1
hostile,1
johns,1
warriors,1
march,1
negotiate,1
housekeepers,1
shared,1
establish,1
viewed,1
explosive,1
youths,1
citizenship,1
cooking,1
form,1
foremothers,1
underscores,1
less,1
triumphalist,1
ed,1
magazines,1
suffered,1
applied,1
mounted,1
partners,1
forth,1
dulce,1
bsu,1
house,1
record,1
por,1
dancing,1
metaphor,1
maintain,1
agricultural,1
onehalf,1
adelante,1
foundation,1
envied,1
your,1
perhaps,1
woman,1
nueva,1
absolute,1
explain,1
belief,1
series,1
felt,1
umas,1
somatic,1
minds,1
pallor,1
impoverished,1
king,1
secondclass,1
heavily,1
jewish,1
anglosaxon,1
hopkins,1
worlds,1
gladly,1
hugely,1
saying,1
agriculture,1
silver,1
homemakers,1
thoroughly,1
strikes,1
discovered,1
jim,1
invasion,1
reminds,1
remained,1
clinic,1
original,1
retain,1
fight,1
another,1
local,1
chaperonage,1
resident,1
shaping,1
don,1
wonders,1
backbone,1
learn,1
classes,1
private,1
understanding,1
constraints,1
correctly,1
guys,1
infant,1
makers,1
missionary,1
art,1
mixtures,1
gains,1
campaigns,1
father,1
sadie,1
sewing,1
hungry,1
popular,1
spaces,1
barrio,1
survive,1
election,1
academy,1
latino,1
alliance,1
bibliography,1
assembly,1
vital,1
mented,1
future,1
sides,1
recognition,1
marriages,1
simply,1
advancement,1
adoption,1
portrait,1
canning,1
sanitary,1
establishment,1
wedding,1
fur,1
household,1
zaragosa,1
looking,1
providing,1
rodriguez,1
monsivais,1
charts,1
scoffed,1
along,1
tapestries,1
african,1
pinata,1
identity,1
tried,1
fitzgerald,1
step,1
initiative,1
fiercely,1
controls,1
pecan,1
identifies,1
asian,1
measure,1
extended,1
shellers,1
linking,1
rainbow,1
monsevais,1
freedom,1
organization,1
democratic,1
twenties,1
virtually,1
images,1
feminists,1
bees,1
ranks,1
misery,1
using,1
records,1
hygiene,1
aztec,1
avenues,1
associate,1
bankrupt,1
thus,1
disease,1
operations,1
throughout,1
teenage,1
apparently,1
away,1
novels,1
luz,1
southwestern,1
initiatives,1
until,1
described,1
couple,1
explained,1
negotiating,1
background,1
years,1
development,1
mutualistas,1
neighbor,1
intractable,1
graded,1
run,1
patriarchy,1
professor,1
earth,1
arrested,1
grassroots,1
letras,1
nam,1
twentieth,1
importance,1
authors,1
october,1
institutional,1
national,1
packed,1
jazz,1
language,1
position,1
reputation,1
subtle,1
congreso,1
neighbors,1
peter,1
forgotten,1
leadership,1
evening,1
august,1
counter,1
held,1
offer,1
accused,1
least,1
instead,1
times,1
whiten,1
needed,1
salt,1
successful,1
baca,1
differed,1
period,1
regardless,1
emerges,1
realization,1
him,1
dubbed,1
transgressed,1
creating,1
oed,1
high,1
farms,1
dress,1
comprised,1
stresses,1
piece,1
catholic,1
martinez,1
order,1
seeks,1
funds,1
betita,1
fields,1
sds,1
voluntary,1
after,1
turn,1
area,1
hold,1
losing,1
dangerous,1
quite,1
cases,1
pension,1
rejecting,1
agribusiness,1
congress,1
saturday,1
subvert,1
nor,1
taught,1
numerous,1
better,1
alive,1
life,1
makeup,1
parallel,1
quick,1
why,1
calling,1
legacy,1
heeded,1
activas,1
needs,1
indigenous,1
endowed,1
offered,1
asianamerican,1
accomplished,1
brimelow,1
marriage,1
thing,1
divisions,1
bridge,1
mining,1
response,1
assumed,1
allusion,1
brought,1
embarrassingly,1
atavisms,1
agency,1
young,1
rates,1
feminism,1
pasionaria,1
choosing,1
missing,1
usual,1
henry,1
garcia,1
single,1
campuses,1
joaquin,1
effect,1
disaster,1
tended,1
stemming,1
can,1
alliances,1
fashions,1
networks,1
enemies,1
create,1
en,1
declared,1
fears,1
scott,1
men,1
custodians,1
working,1
vincent,1
valley,1
student,1
immunized,1
look,1
securing,1
wife,1
resistance,1
bobbed,1
much,1
paid,1
world,1
games,1
save,1
city,1
than,1
y,1
roots,1
traditions,1
risked,1
famous,1
cross,1
chicanas,1
imperfectly,1
castro,1
evidence,1
building,1
celebrating,1
crossethnic,1
reckless,1
close,1
behind,1
opposition,1
businessmen,1
enjoy,1
restriction,1
activities,1
penultimate,1
behalf,1
suit,1
ubiquity,1
inassimilable,1
elsa,1
context,1
selectively,1
