WORDCOUNTS,WEIGHT
the,158
of,80
in,76
and,68
to,46
a,45
s,40
that,32
goldwater,31
had,23
he,22
his,21
with,21
for,19
was,17
right,17
they,15
by,15
on,15
as,14
conservative,14
political,13
from,11
p,11
is,10
nixon,10
gop,10
american,10
republican,9
not,9
brennan,9
their,8
many,8
were,8
after,8
it,7
social,7
new,7
senate,7
conservatives,7
people,7
which,7
such,7
movement,6
goldberg,6
history,6
also,6
well,6
nomination,6
victory,6
an,6
at,5
reagan,5
state,5
eisenhower,5
politics,5
have,5
mcfarland,5
him,5
south,4
been,4
white,4
university,4
but,4
party,4
challenge,4
sixties,4
could,4
berman,4
growing,4
william,4
war,4
america,4
president,4
election,4
both,4
barry,4
including,4
than,4
although,4
campaign,4
robert,4
though,4
arizona,4
enough,3
rights,3
biography,3
along,3
movements,3
later,3
ideology,3
inside,3
who,3
once,3
moves,3
soon,3
joseph,3
position,3
elsewhere,3
most,3
first,3
votes,3
leader,3
more,3
power,3
ran,3
over,3
hoover,3
government,3
far,3
nuclear,3
base,3
big,3
further,3
reviews,3
them,3
because,3
having,3
when,3
richard,3
heart,3
civil,3
press,3
administration,3
ronald,3
this,3
since,3
against,3
defeat,3
would,3
c,3
story,3
much,3
world,3
johnson,3
go,2
recognized,2
business,2
she,2
george,2
economic,2
soviet,2
how,2
commitment,2
surprisingly,2
career,2
taft,2
capture,2
communism,2
success,2
now,2
transformation,2
family,2
analysis,2
about,2
republicans,2
chamber,2
yet,2
federal,2
fringe,2
face,2
pp,2
presidential,2
lyndon,2
wanted,2
detail,2
policy,2
dwight,2
presidency,2
seriously,2
emergence,2
before,2
culture,2
historian,2
believed,2
welfare,2
mary,2
house,2
no,2
upper,2
turning,2
department,2
democratic,2
common,2
island,2
vietnam,2
nominee,2
problems,2
sustained,2
if,2
index,2
researched,2
helped,2
important,2
or,2
military,2
advocated,2
regulatory,2
control,2
dixie,2
lunatic,2
herbert,2
result,2
opposition,2
remarks,2
agenda,2
did,2
great,2
attack,2
effort,2
end,2
everything,2
associated,2
take,2
those,2
cultural,2
wage,2
are,2
racial,2
backlash,2
produced,2
sound,2
cause,2
deep,2
ford,2
triumph,2
money,2
her,2
landslide,2
another,2
local,2
determined,2
marked,2
work,2
made,2
bibliography,2
level,2
voted,2
future,2
point,2
very,2
despite,2
became,2
role,2
lbj,2
its,2
controls,2
gave,2
during,2
policies,2
phoenix,2
won,2
years,2
development,2
national,2
reputation,2
good,2
contributed,2
price,2
hard,2
so,2
convention,2
played,2
senator,2
developments,2
belt,2
better,2
supported,2
june,2
promote,2
race,2
mccarthy,2
reached,2
be,2
early,2
generally,2
even,2
majority,2
wallace,2
sun,2
notes,2
castro,2
draft,2
behalf,2
culmination,1
ammunition,1
remind,1
using,1
liberty,1
horror,1
appeasement,1
failed,1
reduction,1
margins,1
integrated,1
defection,1
liberalism,1
gerald,1
james,1
ii,1
fueled,1
rate,1
compares,1
arrangement,1
struggle,1
personally,1
cuban,1
hegemony,1
matter,1
variety,1
various,1
lot,1
fairly,1
act,1
provide,1
surreptitiously,1
bring,1
meaning,1
l,1
action,1
five,1
willingly,1
wrote,1
embarked,1
crafted,1
hill,1
furthermore,1
repeal,1
watergate,1
tva,1
elected,1
return,1
through,1
appreciate,1
attitude,1
culminating,1
martyrdom,1
oversight,1
boroughs,1
process,1
e,1
prevailing,1
growth,1
beneficiary,1
community,1
ultimate,1
still,1
yale,1
began,1
returned,1
commenced,1
contribution,1
importance,1
certain,1
kevin,1
center,1
southern,1
length,1
negate,1
echo,1
deepest,1
contributions,1
life,1
why,1
inspired,1
strides,1
enabled,1
reclaimed,1
enhance,1
superb,1
designed,1
threatening,1
neighborhoods,1
factors,1
dead,1
h,1
support,1
ernest,1
cuba,1
coalition,1
event,1
revealed,1
security,1
democrats,1
union,1
ceos,1
york,1
win,1
happened,1
programs,1
modern,1
country,1
ostensibly,1
ensure,1
around,1
antiwar,1
door,1
dewey,1
us,1
key,1
western,1
established,1
equated,1
largesse,1
viewed,1
benefits,1
share,1
magnitude,1
home,1
antagonized,1
rarely,1
tells,1
korea,1
instance,1
liberal,1
driven,1
quoted,1
air,1
dominate,1
pithy,1
monograph,1
tensions,1
eager,1
complexity,1
located,1
too,1
threat,1
frightened,1
solid,1
advancing,1
age,1
pew,1
show,1
two,1
emotional,1
toronto,1
origins,1
only,1
defeated,1
founders,1
truman,1
withdrawn,1
useful,1
groundswell,1
fulbright,1
modest,1
conducted,1
writing,1
embraced,1
organizations,1
organizational,1
shrewdly,1
fifties,1
interests,1
law,1
senators,1
paladin,1
shanghai,1
sometimes,1
taken,1
outcomes,1
preference,1
faced,1
china,1
might,1
others,1
spend,1
renewed,1
favorably,1
view,1
refusal,1
privacy,1
corporate,1
campaigning,1
disappeared,1
tolerated,1
all,1
addition,1
advanced,1
opponents,1
anticlimactic,1
ban,1
dearest,1
expressed,1
viguerie,1
words,1
organized,1
based,1
longer,1
whom,1
shaped,1
aftermath,1
leading,1
advantage,1
witchhunting,1
carrying,1
enlarging,1
republicanism,1
beliefs,1
afraid,1
momentum,1
forces,1
choice,1
achievement,1
bomb,1
out,1
changed,1
unreasoned,1
diverse,1
totals,1
atomic,1
destined,1
utilizing,1
pass,1
carolina,1
written,1
contends,1
resulting,1
meanwhile,1
golden,1
contextually,1
help,1
there,1
almost,1
search,1
serious,1
rocket,1
removal,1
stepping,1
emerges,1
late,1
took,1
tactics,1
infected,1
solidify,1
do,1
containment,1
outlook,1
irony,1
fidel,1
deficits,1
effective,1
conventional,1
where,1
mainly,1
road,1
ideological,1
johns,1
proceedings,1
daniel,1
reelection,1
unique,1
karl,1
hated,1
jobs,1
form,1
less,1
staten,1
making,1
excellent,1
side,1
moderates,1
macarthur,1
wealth,1
maturity,1
focusing,1
xiv,1
mere,1
producing,1
wished,1
required,1
eastern,1
virus,1
bronx,1
books,1
criticizing,1
ignoring,1
distribution,1
sell,1
historians,1
treaty,1
earlier,1
hopkins,1
while,1
number,1
firm,1
thoroughly,1
imagine,1
explored,1
reminder,1
gained,1
account,1
possible,1
urban,1
size,1
discussion,1
unnoticed,1
douglas,1
scope,1
these,1
explanation,1
intense,1
rusher,1
vote,1
stylishly,1
values,1
reader,1
milieux,1
apart,1
peace,1
thereby,1
desired,1
attacked,1
affecting,1
part,1
x,1
individual,1
arose,1
city,1
establishment,1
jungle,1
laws,1
realistic,1
proved,1
liberals,1
november,1
test,1
convinced,1
penetrating,1
giving,1
himself,1
focal,1
minority,1
communique,1
went,1
significant,1
year,1
use,1
roll,1
overview,1
religiously,1
tracing,1
largely,1
refined,1
emphasize,1
trigger,1
ranks,1
causes,1
queens,1
preparedness,1
associating,1
winning,1
firms,1
goals,1
underscored,1
aspect,1
bargained,1
regarding,1
conflict,1
thus,1
nothing,1
disillusioned,1
chapters,1
tumultuous,1
call,1
prepared,1
voice,1
come,1
saw,1
full,1
guard,1
option,1
states,1
employed,1
california,1
soft,1
led,1
described,1
survival,1
platform,1
bush,1
alan,1
league,1
open,1
skills,1
own,1
initiated,1
grassroots,1
objective,1
overlooks,1
betraying,1
reality,1
count,1
consulted,1
october,1
clifton,1
author,1
missile,1
reconstituting,1
hysterical,1
moscow,1
crisis,1
change,1
counter,1
fresh,1
held,1
phillips,1
joined,1
defense,1
relations,1
mobilizing,1
crime,1
darling,1
sense,1
militarization,1
like,1
unwillingness,1
sweep,1
retired,1
product,1
revolution,1
things,1
rollback,1
stage,1
mount,1
high,1
persuasive,1
willingness,1
one,1
racist,1
course,1
seeks,1
imposition,1
militant,1
turn,1
unity,1
emphasizes,1
socialism,1
believing,1
exceeded,1
provides,1
extremely,1
thomas,1
invasion,1
elements,1
shift,1
definitive,1
affluent,1
perspective,1
observation,1
consensus,1
few,1
back,1
internal,1
comeback,1
architect,1
highly,1
evolutionary,1
depression,1
practitioner,1
chapel,1
acts,1
told,1
master,1
correct,1
served,1
narrow,1
anticommunism,1
overcome,1
capitulate,1
realism,1
left,1
bell,1
succeeded,1
crusade,1
era,1
centrist,1
valuable,1
always,1
condemned,1
patterson,1
postwar,1
explore,1
up,1
inability,1
substantial,1
capitalism,1
bored,1
dependent,1
capturing,1
mobilizations,1
boom,1
strong,1
we,1
haven,1
strengthening,1
north,1
connections,1
appropriate,1
repudiated,1
leadership,1
detriment,1
should,1
general,1
loyalties,1
society,1
provided,1
marx,1
sole,1
emerge,1
settle,1
competitive,1
massive,1
major,1
evidently,1
seemed,1
deeper,1
hunt,1
focused,1
consequences,1
