WORDCOUNTS,WEIGHT
the,249
of,170
and,86
in,78
to,64
a,47
s,40
american,32
canadian,32
as,30
by,28
is,26
that,23
with,22
for,22
political,22
canada,19
constitutional,17
states,17
rights,16
on,15
court,15
constitution,14
p,14
united,13
are,13
he,12
history,12
act,11
power,11
government,11
supreme,11
an,11
it,10
law,10
comparative,9
not,9
was,9
or,9
quebec,9
charter,9
this,9
north,9
at,8
no,8
other,8
british,8
politics,8
its,8
one,7
but,7
morton,7
more,7
russell,7
u,7
which,7
since,7
canadians,7
constitutions,7
between,7
even,7
federalism,6
their,6
gibbins,6
only,6
calgary,6
state,6
scientist,6
new,6
has,6
america,6
role,6
such,6
have,6
can,6
be,6
federal,5
two,5
from,5
well,5
provincial,5
judges,5
adams,5
does,4
she,4
his,4
l,4
economic,4
separation,4
they,4
into,4
ed,4
university,4
first,4
judicial,4
concludes,4
there,4
reviews,4
making,4
both,4
made,4
people,4
another,4
kind,4
nationbuilding,4
when,4
substantial,4
probably,4
should,4
society,4
what,3
sovereign,3
been,3
independence,3
above,3
introduction,3
sphere,3
recognize,3
prime,3
h,3
historian,3
demonstrates,3
comparison,3
volume,3
paul,3
interests,3
others,3
over,3
quebecois,3
fundamental,3
time,3
together,3
out,3
religion,3
minister,3
type,3
v,3
where,3
see,3
side,3
public,3
her,3
because,3
some,3
howard,3
churches,3
civil,3
holland,3
make,3
question,3
rejected,3
september,3
least,3
smith,3
so,3
exercise,3
pangle,3
especially,3
highly,3
systems,3
among,3
accord,3
example,3
trudeau,3
justice,3
courts,2
seems,2
european,2
democracy,2
freedoms,2
supremacy,2
wishes,2
americans,2
doubts,2
territorial,2
without,2
way,2
science,2
later,2
opinion,2
mattered,2
johns,2
how,2
created,2
functional,2
reasonable,2
revolutionary,2
process,2
e,2
willi,2
marian,2
still,2
force,2
bill,2
initially,2
nationmaintaining,2
pages,2
inspired,2
cases,2
mexico,2
authority,2
historiography,2
face,2
we,2
serve,2
under,2
today,2
clearly,2
section,2
actually,2
just,2
culture,2
same,2
impact,2
absence,2
democracies,2
most,2
experience,2
toronto,2
democratic,2
warns,2
text,2
majority,2
frederick,2
legislature,2
toward,2
social,2
highest,2
intellectual,2
had,2
words,2
confederation,2
scientists,2
head,2
did,2
histories,2
rule,2
any,2
search,2
called,2
differences,2
last,2
deal,2
contemporary,2
real,2
man,2
meech,2
options,2
senate,2
further,2
game,2
right,2
within,2
effect,2
province,2
them,2
similarities,2
system,2
answer,2
sovereignty,2
case,2
however,2
belief,2
fundamentals,2
hopkins,2
reflected,2
free,2
balance,2
macroconstitutional,2
line,2
also,2
powers,2
outline,2
nine,2
active,2
combination,2
point,2
lake,2
individual,2
calls,2
press,2
became,2
engage,2
largely,2
assumption,2
congress,2
evolution,2
ontario,2
rare,2
member,2
amendment,2
come,2
were,2
review,2
statute,2
anthology,2
roger,2
years,2
against,2
agreement,2
peter,2
good,2
change,2
logic,2
documentation,2
land,2
would,2
field,2
useful,2
constituent,2
parti,2
rhetoric,2
distinct,2
perspective,2
legislatures,2
comparing,2
structural,2
evolutionary,2
become,2
c,2
straw,2
parliament,2
like,2
up,2
equivalent,2
mckenna,2
need,2
finds,2
close,2
major,2
ideologies,2
subsequently,1
perfect,1
appeal,1
prescribed,1
model,1
nevitte,1
may,1
marshall,1
glances,1
go,1
enough,1
steps,1
judge,1
now,1
sixty,1
edition,1
silberman,1
adjudicate,1
led,1
relationship,1
homonational,1
disinterested,1
likely,1
actors,1
recognized,1
arrangement,1
struggle,1
critics,1
whose,1
forces,1
behiels,1
jeffersonian,1
absolutes,1
fathers,1
limits,1
convergence,1
protecting,1
enumerated,1
wisdom,1
higher,1
cleared,1
conflicting,1
rornald,1
inhabitants,1
heroic,1
if,1
english,1
faith,1
refutes,1
action,1
five,1
lawapplication,1
ferguson,1
consent,1
adds,1
f,1
bicentennial,1
plessy,1
overall,1
remain,1
fear,1
tocqueville,1
ballot,1
warwick,1
critical,1
federalists,1
unit,1
mindset,1
address,1
sanford,1
explicit,1
citizens,1
account,1
fair,1
realistically,1
legitimate,1
doctrine,1
halifax,1
unconvincing,1
who,1
step,1
alone,1
manitoba,1
fine,1
analyzes,1
ultimate,1
detailed,1
dealt,1
began,1
federation,1
berlin,1
legal,1
germany,1
remaining,1
group,1
movement,1
large,1
responsibilities,1
direct,1
parts,1
seemingly,1
ongoing,1
conflicts,1
assemblee,1
institutionalized,1
systematically,1
amending,1
special,1
enacted,1
responsible,1
myth,1
woodford,1
mediator,1
examine,1
construction,1
journal,1
quite,1
ottawa,1
govern,1
about,1
inferior,1
word,1
rosalie,1
renamed,1
cheap,1
frontier,1
ineffective,1
openness,1
provides,1
ascribes,1
distinguishing,1
education,1
edited,1
sets,1
arbitrary,1
violence,1
observer,1
aboriginal,1
centrifugal,1
push,1
fit,1
solutions,1
tantamount,1
articles,1
remains,1
mirror,1
pp,1
rules,1
federalist,1
presidential,1
interpretive,1
modern,1
many,1
favor,1
crowded,1
fought,1
plus,1
sounds,1
unnamed,1
played,1
tribe,1
clinical,1
former,1
considered,1
xlvi,1
increased,1
god,1
formally,1
nationale,1
detail,1
objects,1
signed,1
secession,1
justified,1
index,1
school,1
demographic,1
environment,1
publicly,1
neglected,1
title,1
acting,1
wars,1
exercised,1
contributions,1
eventually,1
fifteen,1
openly,1
expressed,1
before,1
complete,1
liberties,1
always,1
following,1
defender,1
newcomer,1
nineteenth,1
participants,1
causes,1
promulgation,1
alleged,1
source,1
accordance,1
indian,1
changing,1
judiciously,1
too,1
strengthen,1
resounding,1
jurists,1
tempting,1
proclamation,1
must,1
unmitigated,1
founded,1
department,1
negroes,1
ever,1
heading,1
predicted,1
gentlemen,1
regional,1
separatism,1
pace,1
implied,1
provinces,1
requested,1
published,1
protection,1
us,1
regime,1
cibbins,1
position,1
definite,1
hence,1
long,1
party,1
every,1
constituting,1
fruitful,1
parliamentary,1
intensely,1
imprecise,1
certainly,1
problems,1
jackson,1
overstep,1
appealing,1
organizational,1
meaning,1
here,1
pursue,1
negres,1
sections,1
frivolously,1
deserves,1
challenge,1
painstakingly,1
military,1
kenneth,1
strategy,1
lawmaking,1
affinities,1
respecting,1
opted,1
undocumented,1
chance,1
similarly,1
agenda,1
refused,1
lords,1
conquest,1
each,1
all,1
analogies,1
added,1
country,1
neil,1
conduct,1
greater,1
presents,1
j,1
stay,1
analytical,1
liberty,1
cultures,1
legislative,1
elites,1
confirmed,1
remembered,1
nationhood,1
shows,1
longer,1
lack,1
almighty,1
contained,1
kennedy,1
principles,1
historians,1
turner,1
board,1
tradition,1
leading,1
societies,1
could,1
pragmatic,1
comments,1
broadly,1
lively,1
striking,1
pushes,1
potentially,1
amply,1
mandate,1
abortion,1
blanches,1
current,1
defenders,1
ratification,1
jolt,1
doors,1
taboo,1
lenard,1
reasoning,1
achievement,1
patrick,1
antifederalists,1
compatible,1
demands,1
diverse,1
orders,1
journals,1
closer,1
scheme,1
curiosity,1
defeat,1
procedure,1
radical,1
end,1
room,1
jennifer,1
take,1
historical,1
nationalism,1
nevertheless,1
pattern,1
governing,1
ronald,1
great,1
temper,1
ethos,1
elected,1
living,1
term,1
m,1
excuses,1
instant,1
never,1
mind,1
hint,1
written,1
dominion,1
studies,1
equally,1
metaphor,1
those,1
prohibiting,1
ground,1
african,1
remarkable,1
investigations,1
shifting,1
scholarly,1
investigator,1
manner,1
due,1
innovative,1
war,1
governors,1
irked,1
german,1
continuing,1
developing,1
reassertion,1
existing,1
empire,1
shared,1
footnote,1
receptive,1
religious,1
relevant,1
population,1
everyone,1
selected,1
form,1
importing,1
less,1
ratify,1
references,1
nowhere,1
want,1
rightsbased,1
issue,1
excellent,1
otherwise,1
d,1
practice,1
house,1
record,1
predetermine,1
eye,1
referenda,1
deep,1
existence,1
francophone,1
charlottetown,1
confederal,1
anid,1
invitation,1
mere,1
perhaps,1
commoners,1
plain,1
central,1
claimed,1
compelled,1
extent,1
century,1
gives,1
advice,1
benign,1
claire,1
influenced,1
briefly,1
outlines,1
institute,1
motivating,1
retroactive,1
percent,1
president,1
reminds,1
precedent,1
undiscussed,1
imperial,1
interpreted,1
verdicts,1
chapter,1
directly,1
advocacy,1
unprincipled,1
almost,1
authorized,1
agreed,1
prophesies,1
felt,1
suggests,1
recognizing,1
possible,1
implies,1
madisonian,1
ism,1
cooperation,1
flourish,1
aptly,1
patriotism,1
discussion,1
africanamerican,1
expanded,1
canadiens,1
microconstitutional,1
scope,1
utterances,1
skepticism,1
conference,1
burden,1
crown,1
bibliography,1
views,1
move,1
directive,1
strict,1
upon,1
hamiltonian,1
rhetorical,1
john,1
carry,1
decisions,1
helps,1
slaves,1
nearest,1
broad,1
reader,1
apt,1
brought,1
perceived,1
scott,1
closed,1
establishment,1
despite,1
watts,1
newfoundland,1
practices,1
vision,1
sufficiently,1
alternatives,1
hammered,1
nation,1
safer,1
lays,1
confirms,1
representing,1
decreasing,1
giving,1
identity,1
tectonically,1
reports,1
tinkering,1
elizabeth,1
ten,1
restructuring,1
explication,1
universitiit,1
dred,1
formula,1
eroded,1
whole,1
sketched,1
trenchant,1
genuine,1
gave,1
freedom,1
laurence,1
michael,1
place,1
refers,1
evaluating,1
factor,1
describes,1
issues,1
colonial,1
collective,1
mention,1
alternative,1
relevance,1
enforce,1
dworkin,1
atngela,1
labor,1
learned,1
frenchspeaking,1
questions,1
somehow,1
thus,1
continue,1
call,1
includes,1
documented,1
helpful,1
justification,1
raising,1
white,1
philosopher,1
umpires,1
constitutionaladams,1
americant,1
ratified,1
spirit,1
french,1
i,1
systematic,1
passing,1
students,1
roots,1
resort,1
monopoly,1
synopsis,1
argument,1
differentiation,1
premiers,1
editor,1
status,1
difference,1
neighbor,1
open,1
own,1
agent,1
professor,1
unilateral,1
scarce,1
polity,1
unduly,1
referendum,1
historic,1
reality,1
redistribution,1
adding,1
tolerance,1
october,1
opens,1
national,1
sic,1
express,1
language,1
author,1
uniqueness,1
points,1
accept,1
aspired,1
defined,1
findings,1
spawned,1
prevents,1
exemplary,1
relatively,1
responses,1
contributors,1
held,1
distribute,1
commons,1
decided,1
keep,1
esteem,1
ruts,1
allowed,1
representative,1
price,1
relish,1
revolution,1
militarily,1
stage,1
dick,1
high,1
voters,1
tripartite,1
expected,1
affirmation,1
honor,1
level,1
effects,1
settling,1
paths,1
order,1
interdiction,1
off,1
reasonably,1
militant,1
after,1
progressive,1
freie,1
misunderstanding,1
squarely,1
thereof,1
things,1
standard,1
ward,1
primer,1
claim,1
segment,1
thomas,1
association,1
old,1
speak,1
small,1
underlying,1
odyssey,1
permitted,1
document,1
decide,1
selection,1
migrants,1
characteristics,1
queen,1
behind,1
back,1
potential,1
version,1
incapable,1
taking,1
grow,1
requires,1
lawyers,1
governments,1
six,1
second,1
somber,1
presence,1
reads,1
dramatic,1
research,1
themselves,1
clause,1
reference,1
agree,1
overcome,1
respectively,1
left,1
cohen,1
smacks,1
third,1
negotiate,1
lists,1
plebiscites,1
converging,1
division,1
irrelevant,1
enterprise,1
compare,1
debate,1
fully,1
regionalism,1
abella,1
norms,1
descendants,1
through,1
asks,1
element,1
analyze,1
application,1
decisive,1
given,1
look,1
contiguously,1
faraway,1
resistance,1
citations,1
world,1
border,1
analogy,1
unmentioned,1
tendency,1
autonomist,1
recent,1
notes,1
jurisdictions,1
demonstrably,1
alberta,1
reformist,1
feel,1
centralizing,1
guaranteed,1
shall,1
influence,1
student,1
cotranslator,1
naives,1
mistaken,1
toolbox,1
brown,1
decision,1
react,1
lessons,1
