WORDCOUNTS,WEIGHT
the,134
of,95
and,64
to,48
in,47
american,24
a,24
that,21
jewish,20
this,19
was,15
it,13
his,13
trilling,13
is,12
jews,11
s,11
arnold,11
as,10
by,10
for,10
klingenstein,10
life,9
had,9
he,8
with,8
history,8
these,8
lewisohn,8
were,8
world,8
from,7
intellectual,7
an,7
be,7
at,6
they,6
culture,6
most,6
literature,6
even,6
mitnaggedim,6
seemed,6
wolfson,5
their,5
one,5
but,5
first,5
more,5
academic,5
secular,5
professors,5
some,5
enlightenment,5
kallen,5
cohen,5
also,5
book,4
sometimes,4
been,4
wiener,4
religious,4
not,4
yet,4
studies,4
into,4
all,4
while,4
both,4
made,4
became,4
subject,4
central,4
on,4
when,4
she,3
ten,3
study,3
many,3
tensions,3
university,3
or,3
ethnic,3
article,3
important,3
academy,3
tradition,3
great,3
time,3
i,3
such,3
redefined,3
war,3
reviews,3
terms,3
after,3
america,3
almost,3
upon,3
its,3
hebraism,3
ladd,3
years,3
have,3
judaism,3
jew,3
social,3
lipset,3
haber,3
mitnaggedic,3
order,3
philosophy,3
took,3
likely,2
faculties,2
hasidim,2
way,2
redefine,2
if,2
foreign,2
primarily,2
contrast,2
who,2
earlier,2
absorbed,2
soon,2
meant,2
slavic,2
clearly,2
before,2
just,2
springarn,2
too,2
without,2
common,2
origins,2
jewishness,2
law,2
other,2
later,2
toward,2
protestant,2
intellect,2
seems,2
december,2
principles,2
could,2
lessen,2
munsterberg,2
appeared,2
out,2
intellectuals,2
new,2
very,2
religion,2
products,2
turned,2
enough,2
cultural,2
scholarly,2
where,2
what,2
them,2
case,2
hellenism,2
style,2
filter,2
remained,2
interpreted,2
leo,2
press,2
caustic,2
describes,2
peripheral,2
than,2
president,2
joel,2
predispositions,2
lionel,2
against,2
antinomian,2
samuel,2
author,2
accept,2
essay,2
sense,2
like,2
period,2
so,2
century,2
standpoint,2
special,2
subjects,2
disproportionately,2
taming,2
always,2
up,2
morris,2
much,2
marx,2
attention,2
am,2
once,2
exponents,1
may,1
manner,1
higher,1
carried,1
openness,1
democracy,1
oversimple,1
battle,1
corrosive,1
opposed,1
front,1
egotism,1
led,1
poland,1
relationship,1
unruly,1
rose,1
menace,1
belonged,1
limits,1
humanities,1
academia,1
difficult,1
noble,1
succumbing,1
contended,1
science,1
concerned,1
observers,1
links,1
disquiet,1
meaning,1
meritocratic,1
expanding,1
inwardness,1
superficial,1
everett,1
scholar,1
practitioners,1
how,1
furthermore,1
caught,1
career,1
intended,1
berkeley,1
tide,1
acknowledged,1
forward,1
leapt,1
ordinary,1
legitimate,1
independence,1
mean,1
lost,1
narrowness,1
hers,1
whatever,1
seen,1
strongly,1
still,1
judgment,1
harry,1
examined,1
bears,1
began,1
predilection,1
manages,1
ice,1
linguistic,1
eight,1
oddly,1
yiddish,1
similar,1
contemporaneous,1
importance,1
rapidly,1
movement,1
similarities,1
strange,1
geisteswissenschaftlich,1
hold,1
witness,1
danger,1
illustrations,1
illuminating,1
corpus,1
ludwig,1
feel,1
awareness,1
european,1
aestheticism,1
surprising,1
itself,1
polite,1
authority,1
moreover,1
criticism,1
education,1
true,1
support,1
thought,1
modified,1
diffidently,1
tantamount,1
pp,1
brightest,1
romantic,1
clacsroom,1
genius,1
ardent,1
readily,1
evolved,1
stratagem,1
under,1
champions,1
credulity,1
ideals,1
leftward,1
entry,1
western,1
established,1
school,1
presents,1
languages,1
publicly,1
assimilation,1
ms,1
shadow,1
eventually,1
thinking,1
singular,1
nineteenth,1
purity,1
broke,1
nonetheless,1
excitement,1
broached,1
painful,1
blustering,1
provocative,1
themes,1
volatile,1
experience,1
unusually,1
animus,1
acclaimed,1
said,1
came,1
only,1
babbitt,1
indicate,1
explaining,1
published,1
unmistakable,1
intellects,1
position,1
barriers,1
disapproval,1
outbreak,1
diary,1
mordant,1
generic,1
carl,1
mix,1
unmistakably,1
index,1
talmudical,1
prejudices,1
ii,1
give,1
darwinian,1
again,1
decades,1
others,1
quirky,1
audaciously,1
disappeared,1
worked,1
country,1
opponents,1
literary,1
adherence,1
genteel,1
cultures,1
are,1
words,1
different,1
fact,1
naive,1
whom,1
setting,1
opposition,1
preserve,1
agenda,1
professions,1
scholars,1
best,1
uneasy,1
striking,1
found,1
rationalist,1
half,1
temper,1
astonishingly,1
careers,1
exclusion,1
differences,1
p,1
smug,1
speech,1
wave,1
origin,1
albanians,1
reasoning,1
come,1
might,1
particularly,1
rationalistic,1
mind,1
demands,1
gentile,1
erstwhile,1
energies,1
onto,1
raphael,1
xxii,1
distrust,1
real,1
historical,1
emerge,1
adler,1
distinctive,1
there,1
closest,1
favorite,1
philosophical,1
override,1
last,1
aspiring,1
mystical,1
lead,1
readers,1
deutschtiimelei,1
bemoaned,1
emphasized,1
pure,1
do,1
squabble,1
those,1
dismissal,1
remarkable,1
california,1
defending,1
discipline,1
somewhat,1
thirties,1
hostile,1
johns,1
barred,1
indirect,1
rigorous,1
appears,1
majority,1
form,1
see,1
inquiry,1
horace,1
americanism,1
notes,1
issue,1
younger,1
histrionic,1
vivid,1
practice,1
placed,1
philistine,1
however,1
deep,1
spiritual,1
perhaps,1
woman,1
explain,1
mathew,1
eastern,1
distancing,1
historians,1
task,1
hopkins,1
favor,1
sustenance,1
adventurous,1
receive,1
right,1
deprive,1
gentiles,1
well,1
studied,1
coolly,1
sublimation,1
texts,1
having,1
resolutely,1
felt,1
quotidian,1
constraints,1
categories,1
art,1
discussion,1
work,1
shared,1
anxieties,1
survive,1
unappealing,1
completed,1
level,1
suggestively,1
writers,1
obvious,1
pietistic,1
must,1
claim,1
recognition,1
west,1
community,1
brought,1
little,1
part,1
uncover,1
through,1
superstition,1
talmudic,1
nadir,1
inevitability,1
nation,1
department,1
elite,1
enter,1
giving,1
positions,1
yale,1
tried,1
dispassionate,1
writing,1
disciplines,1
imbued,1
step,1
era,1
impulses,1
realm,1
gave,1
felix,1
hazard,1
place,1
smacked,1
causes,1
corresponding,1
hegemonic,1
ecstatic,1
academics,1
issues,1
ideas,1
harvard,1
extraordinarily,1
actually,1
susanne,1
strenuous,1
welcomed,1
cluster,1
faculty,1
despised,1
conflict,1
identical,1
antipathetic,1
call,1
professoriat,1
which,1
factitiousness,1
saw,1
focuses,1
publication,1
relegated,1
stasis,1
wild,1
anything,1
sensibility,1
lightheartedly,1
endorsed,1
ultimately,1
students,1
influx,1
englishman,1
attraction,1
water,1
dynamics,1
reputation,1
austryn,1
quest,1
moral,1
reality,1
twentieth,1
directed,1
modem,1
tolerance,1
hierarchy,1
honor,1
national,1
workaday,1
points,1
subtle,1
concentrates,1
change,1
contributed,1
defense,1
introversion,1
pluralism,1
divisions,1
would,1
below,1
spread,1
jr,1
latinate,1
convention,1
product,1
embroilment,1
expected,1
admitted,1
attributes,1
effects,1
ebbing,1
seymour,1
turn,1
area,1
martin,1
sake,1
association,1
comical,1
latter,1
brilliant,1
curiously,1
underlying,1
influence,1
inclinations,1
supported,1
back,1
disposition,1
bridge,1
between,1
often,1
columbia,1
allowed,1
feet,1
hugo,1
difficulty,1
somber,1
awakening,1
craft,1
mediocrity,1
research,1
narrow,1
c,1
russia,1
exactly,1
wanderings,1
effect,1
sacred,1
truly,1
can,1
overarching,1
men,1
custodians,1
element,1
obscure,1
universities,1
entire,1
guess,1
overwrought,1
traditional,1
resistance,1
figures,1
among,1
activism,1
haven,1
deeper,1
cosmopolitan,1
loneliness,1
traditions,1
adult,1
broader,1
embodied,1
finds,1
baggage,1
himself,1
immigration,1
workings,1
preconceptions,1
major,1
evidently,1
sobriety,1
academies,1
