WORDCOUNTS,WEIGHT
the,344
of,230
in,141
and,138
a,106
to,103
american,62
that,60
s,59
left,58
history,57
radical,48
new,47
his,46
for,44
with,39
williams,37
was,33
is,33
from,32
not,28
their,27
this,26
as,26
he,25
on,25
it,24
historians,23
by,22
buhle,21
radicalism,21
its,20
at,18
tradition,17
an,16
but,16
which,15
political,14
they,13
one,13
all,13
p,13
lynd,12
harrington,12
paul,12
intellectual,12
past,12
what,12
had,11
america,11
more,11
empire,11
are,11
have,11
radicals,10
if,9
democracy,9
has,9
politics,9
marx,9
ra,9
work,9
socialist,9
who,9
class,9
william,9
madison,9
way,8
u,8
progressive,8
than,8
most,8
call,8
pp,8
only,8
social,8
do,8
were,8
like,8
would,8
we,8
foreign,8
historical,8
states,8
socialism,8
be,8
rhr,7
group,7
policy,7
into,7
rossinow,7
other,7
robert,7
march,7
marxism,7
traditions,7
reviews,7
kaye,7
could,7
well,7
appleman,7
perhaps,7
liberalism,7
united,7
became,7
early,7
corporate,6
state,6
those,6
restless,6
natives,6
review,6
war,6
own,6
society,6
about,6
time,6
present,6
native,6
kraditor,6
analysis,6
did,6
years,6
marxist,6
studies,5
words,5
great,5
differences,5
context,5
cultural,5
whose,5
understand,5
old,5
intellectuals,5
existential,5
part,5
will,5
might,5
still,5
many,5
ed,5
two,5
also,5
so,5
where,5
today,5
vision,5
wiener,5
gorman,5
leftist,5
her,5
while,5
freedom,5
our,5
question,5
crisis,5
now,4
later,4
career,4
i,4
roosevelt,4
tragedy,4
right,4
some,4
mosse,4
journal,4
no,4
study,4
liberal,4
origins,4
found,4
search,4
out,4
future,4
project,4
sense,4
influence,4
roots,4
usable,4
thought,4
or,4
these,4
party,4
power,4
toward,4
honor,4
less,4
see,4
routledge,4
workers,4
him,4
after,4
effect,4
can,4
aileen,4
capitalism,4
been,4
life,4
conservatism,4
making,4
both,4
although,4
between,4
little,4
meaning,3
socialists,3
experience,3
long,3
studied,3
harvey,3
there,3
last,3
westbrook,3
takes,3
labor,3
such,3
september,3
jr,3
encyclopedia,3
century,3
kind,3
turn,3
elements,3
perspective,3
leftists,3
critics,3
americans,3
york,3
sklar,3
rather,3
university,3
democratic,3
j,3
m,3
important,3
view,3
conservative,3
staughton,3
term,3
late,3
blake,3
correctly,3
calls,3
gender,3
place,3
personal,3
away,3
cold,3
concerns,3
choose,3
world,3
notes,3
nonetheless,3
economic,3
make,3
under,3
inspiration,3
same,3
dan,3
organizations,3
book,3
tyrrell,3
leading,3
contemporary,3
prophets,3
continuing,3
discussion,3
made,3
including,3
aside,3
continue,3
diplomacy,3
collaboration,3
weatherman,3
course,3
martin,3
especially,3
viewpoint,3
editors,3
she,3
lot,3
sometimes,3
ideology,3
vague,3
inside,3
meant,3
associated,3
series,3
version,3
simply,3
best,3
quoted,3
terms,3
rising,3
emphasis,3
much,3
off,3
speak,3
lasch,3
georgakas,3
strong,3
among,3
north,3
himself,2
scholar,2
commitment,2
introduction,2
becoming,2
complex,2
authority,2
solidarity,2
h,2
laid,2
something,2
evasion,2
said,2
attempts,2
culturally,2
attempt,2
dreams,2
historiography,2
definition,2
attractive,2
wrote,2
service,2
case,2
issue,2
beard,2
sought,2
draw,2
determined,2
point,2
say,2
far,2
cole,2
diversity,2
central,2
genovese,2
against,2
author,2
relations,2
raises,2
honored,2
christopher,2
back,2
inclusion,2
young,2
lineage,2
third,2
susman,2
even,2
look,2
pronounced,2
generation,2
van,2
gosse,2
hopes,2
without,2
camp,2
how,2
edward,2
communism,2
earlier,2
perkins,2
means,2
category,2
provinces,2
day,2
immigrant,2
totalitarianism,2
warren,2
consciousness,2
impact,2
weinstein,2
radosh,2
progressives,2
came,2
lived,2
deal,2
international,2
initial,2
struggles,2
affluence,2
though,2
exactly,2
communitarian,2
however,2
wayne,2
shape,2
journals,2
heart,2
civil,2
department,2
genuine,2
subtly,2
jo,2
speaking,2
mari,2
sds,2
working,2
revolution,2
wished,2
politically,2
indictment,2
consensus,2
impossible,2
when,2
sophistication,2
republican,2
led,2
may,2
nativism,2
indeed,2
buhles,2
tide,2
inclusive,2
reconstruction,2
prophet,2
movement,2
edited,2
yet,2
coverage,2
makes,2
narratives,2
wisconsin,2
stemmed,2
put,2
ricemaximin,2
herbert,2
absent,2
scholars,2
really,2
end,2
resolved,2
charges,2
outside,2
took,2
karl,2
michael,2
material,2
casey,2
local,2
private,2
wilderness,2
atlantic,2
upon,2
writings,2
louis,2
doug,2
real,2
franklin,2
full,2
previous,2
students,2
open,2
clear,2
authors,2
stress,2
professionalization,2
leviathan,2
become,2
attendant,2
james,2
attention,2
nativist,2
independent,2
george,2
movements,2
traditionalism,2
widespread,2
independence,2
itself,2
wiebe,2
often,2
extra,2
eugene,2
considered,2
school,2
then,2
any,2
historian,2
willingness,2
here,2
eds,2
paper,2
different,2
leaders,2
half,2
current,2
evident,2
whether,2
form,2
involvement,2
problem,2
cloth,2
press,2
organization,2
gorn,2
inclusiveness,2
d,2
product,2
integration,2
piece,2
doubtless,2
morally,2
dissent,2
themselves,2
scholarship,2
traditionaries,2
bounds,2
within,2
recent,2
freud,1
stateless,1
gutman,1
hammering,1
locates,1
defeats,1
go,1
does,1
brushing,1
forties,1
struggle,1
uncorrupted,1
convergence,1
statist,1
politicsrelayed,1
avoiding,1
concerned,1
indicated,1
commentary,1
friendlier,1
liberation,1
faced,1
truth,1
everyone,1
market,1
credibility,1
iowa,1
extreme,1
burlesque,1
mysteries,1
legitimate,1
revolutionary,1
e,1
utility,1
per,1
linguistic,1
just,1
articulating,1
center,1
leftwing,1
discover,1
partially,1
minuscule,1
chi,1
kinds,1
word,1
second,1
saxon,1
true,1
coalition,1
jonathan,1
easily,1
roszak,1
modern,1
satisfied,1
notwithstanding,1
isolationist,1
realities,1
weaker,1
greater,1
leftward,1
justified,1
fixed,1
ian,1
unlike,1
antiimperialist,1
carroll,1
individually,1
before,1
assisted,1
accent,1
intuited,1
probed,1
acquainted,1
variety,1
chief,1
heartlander,1
unlock,1
cutting,1
accusingly,1
common,1
first,1
romance,1
awkwardness,1
ideas,1
either,1
exhaust,1
sources,1
hence,1
every,1
embraced,1
frankfurt,1
supposedly,1
jackson,1
finger,1
prospecting,1
ii,1
deterministic,1
repertoire,1
give,1
military,1
diego,1
bereft,1
tocquevillean,1
terrain,1
irrelevance,1
promoting,1
ourselves,1
discerned,1
crippling,1
liberty,1
parties,1
friendly,1
resemblance,1
shaped,1
europe,1
twenty,1
broken,1
desire,1
feminism,1
wave,1
germination,1
narrative,1
borne,1
able,1
quintessential,1
concludes,1
room,1
resulting,1
take,1
kingdom,1
graham,1
integrate,1
failures,1
mind,1
stand,1
respond,1
raised,1
surely,1
alike,1
discipline,1
tireless,1
theodore,1
frisson,1
hostile,1
johns,1
personnel,1
racial,1
concealed,1
hell,1
forthcoming,1
admirers,1
stretched,1
king,1
money,1
draws,1
spontaneity,1
contextualist,1
evince,1
jumping,1
balogh,1
stepped,1
chapter,1
account,1
mccarthyist,1
socialized,1
felt,1
possible,1
marked,1
stance,1
xv,1
pleasant,1
shared,1
dissidents,1
antitotalitarian,1
move,1
exaggerate,1
magazine,1
obvious,1
jeopardizes,1
biographers,1
mastery,1
community,1
antiinterventionism,1
insensitivity,1
mentally,1
midatlantic,1
exalting,1
says,1
collection,1
harold,1
gravity,1
optimism,1
learned,1
goal,1
includes,1
declaimed,1
kicked,1
collapse,1
ronald,1
thompsonianism,1
g,1
spinoza,1
development,1
neighbor,1
points,1
since,1
xxiii,1
essay,1
likewise,1
paradoxically,1
womb,1
neighbors,1
tutelage,1
characteristic,1
moment,1
decided,1
discerning,1
application,1
unwillingness,1
nurtured,1
restore,1
peddled,1
threatens,1
rooted,1
february,1
espoused,1
exponent,1
enveloping,1
prophecy,1
affectionate,1
curiously,1
places,1
defensive,1
editing,1
slave,1
difficulty,1
dallek,1
continuous,1
witnessed,1
enlightened,1
spin,1
irresistible,1
weight,1
explore,1
drawn,1
obscure,1
factions,1
critique,1
gaze,1
details,1
colleague,1
crack,1
forestall,1
leadership,1
pains,1
talent,1
nuanced,1
handful,1
join,1
error,1
scholarly,1
grasp,1
promised,1
newer,1
pay,1
failed,1
rights,1
dish,1
privatized,1
evinced,1
rebuked,1
town,1
essential,1
beast,1
adjunct,1
evocation,1
l,1
growth,1
postliberal,1
destroy,1
bypassing,1
soviet,1
generations,1
activists,1
organizing,1
influential,1
dumpty,1
reign,1
explicit,1
presentation,1
process,1
parents,1
opportunity,1
populism,1
persistent,1
teacher,1
connected,1
similar,1
humanity,1
se,1
leave,1
neotranscendentalism,1
derived,1
direct,1
dissenting,1
dialogue,1
enabled,1
white,1
lay,1
enthusiasms,1
front,1
absorbed,1
enlisted,1
fantasy,1
reason,1
accounts,1
vastly,1
forget,1
accentuating,1
les,1
entry,1
established,1
dwight,1
communitarianism,1
peasants,1
devoting,1
bit,1
clearly,1
section,1
driven,1
yearning,1
days,1
former,1
idealist,1
traces,1
gradually,1
mary,1
contemporaries,1
argued,1
age,1
orientation,1
show,1
eclecticism,1
powerful,1
vietnam,1
statement,1
beyond,1
wondering,1
intellects,1
obstacles,1
ornament,1
evaluation,1
preferably,1
always,1
oppression,1
mix,1
schooling,1
subsidiary,1
dominant,1
helped,1
testify,1
antecedents,1
strategy,1
tyranny,1
decades,1
advocated,1
sixties,1
reform,1
contention,1
interventionism,1
pantheon,1
metropole,1
uses,1
localism,1
closely,1
my,1
whom,1
remapping,1
alienation,1
unfolding,1
opposing,1
begun,1
called,1
throttle,1
economics,1
mcgovernism,1
kolko,1
events,1
legatees,1
insisting,1
homelier,1
evaluate,1
academic,1
unions,1
companion,1
pure,1
traced,1
poverty,1
heaven,1
youthful,1
flagship,1
brokering,1
activist,1
harassment,1
interruption,1
appears,1
hawkeye,1
cannot,1
suffered,1
arguing,1
grounds,1
troops,1
safe,1
record,1
scouring,1
tension,1
guidance,1
required,1
opposition,1
professionals,1
marxists,1
jewish,1
benign,1
hopkins,1
voice,1
libertarian,1
eisenhower,1
biographies,1
because,1
aspects,1
failure,1
commitments,1
christianity,1
elliott,1
none,1
unequal,1
ascend,1
basis,1
minh,1
used,1
existentialist,1
accomplishment,1
industrial,1
preand,1
clean,1
imagined,1
concept,1
heavily,1
clearer,1
related,1
marketplace,1
got,1
shrink,1
fit,1
older,1
intermediate,1
during,1
inherited,1
broad,1
relevance,1
structures,1
winter,1
focuses,1
regional,1
anticipating,1
historiographic,1
bid,1
president,1
status,1
league,1
departed,1
challenging,1
anchored,1
strongest,1
contradictions,1
graduate,1
regions,1
thread,1
uniqueness,1
staple,1
good,1
momentous,1
pick,1
legacy,1
construct,1
brush,1
unpopular,1
penning,1
ensnared,1
field,1
below,1
questionable,1
shaping,1
stage,1
straight,1
next,1
unquestioned,1
pedigree,1
militant,1
emphasizes,1
stalinist,1
involved,1
specifically,1
around,1
closeup,1
affluent,1
gramsci,1
accomplished,1
highly,1
isolationists,1
dust,1
bridge,1
legitimize,1
compatibility,1
append,1
comfort,1
schumpeter,1
amounted,1
decline,1
styled,1
palatable,1
dedicated,1
vein,1
fully,1
up,1
progress,1
st,1
swarthier,1
paid,1
anticapitalism,1
achieves,1
newly,1
activities,1
seemed,1
avoid,1
champion,1
reigns,1
liberales,1
analytic,1
tasks,1
san,1
statism,1
likely,1
eclectic,1
communist,1
ironies,1
forever,1
matter,1
detected,1
contact,1
various,1
epater,1
contended,1
gabriel,1
contingent,1
gather,1
identified,1
action,1
separation,1
distorted,1
short,1
curti,1
acquaint,1
brian,1
overall,1
expansion,1
notoriously,1
edges,1
opacity,1
object,1
strains,1
prove,1
whatever,1
thinkers,1
mainstream,1
surviving,1
folded,1
strategic,1
hold,1
innovation,1
direction,1
inspirations,1
positive,1
chronicle,1
interpretation,1
museum,1
democrats,1
accident,1
encore,1
serve,1
soon,1
seeing,1
marho,1
disastrous,1
us,1
thesis,1
specimens,1
included,1
home,1
complete,1
culture,1
sharply,1
beards,1
forge,1
unusually,1
rise,1
maintained,1
downplaying,1
picture,1
useful,1
chose,1
chagrin,1
writing,1
ho,1
lewis,1
unmistakably,1
law,1
heritage,1
attacks,1
frederick,1
mark,1
again,1
admirable,1
academy,1
pointed,1
dictatorship,1
residence,1
demographic,1
usefulness,1
persuasion,1
fact,1
naive,1
valid,1
turner,1
preserve,1
conduct,1
revenue,1
unionists,1
marxian,1
angry,1
oneself,1
bane,1
larger,1
classical,1
vernon,1
richer,1
lifeline,1
demonstrating,1
heretic,1
debates,1
arthur,1
navy,1
doubt,1
descended,1
arguably,1
man,1
discussed,1
serious,1
bradford,1
transit,1
forms,1
never,1
stuff,1
hand,1
accusations,1
ivy,1
hastens,1
posit,1
discussing,1
road,1
consummation,1
revolts,1
developing,1
dorothy,1
traditionary,1
armed,1
spoke,1
conviction,1
deep,1
dispel,1
books,1
jacobs,1
gives,1
recommend,1
outlines,1
desires,1
remained,1
interpreting,1
holistic,1
original,1
fundamentally,1
credit,1
mccarthyism,1
background,1
contours,1
locate,1
restrained,1
formal,1
participatory,1
sufficiently,1
ruling,1
reside,1
postmillenialism,1
revising,1
largely,1
persisted,1
emphasize,1
feminists,1
vocabulary,1
shades,1
questions,1
trend,1
antistatist,1
actual,1
ibid,1
grounding,1
raising,1
california,1
upended,1
rejected,1
ties,1
significance,1
imperium,1
three,1
moral,1
emphasizing,1
mode,1
sensitivity,1
express,1
language,1
profession,1
vagueness,1
accounted,1
lodge,1
urge,1
logic,1
august,1
arc,1
david,1
attach,1
allowed,1
flood,1
fellow,1
function,1
static,1
stresses,1
counted,1
testifies,1
misunderstanding,1
commentaries,1
accused,1
least,1
latter,1
men,1
faith,1
valued,1
facing,1
internal,1
elaborate,1
parallel,1
humpty,1
craft,1
theorists,1
shallow,1
displayed,1
concepts,1
godfather,1
looks,1
schlesinger,1
morris,1
selfishness,1
dreamt,1
tendency,1
thunder,1
celebrity,1
relative,1
quarterly,1
imperfectly,1
revamped,1
outright,1
councils,1
bygone,1
incarnate,1
staying,1
compendium,1
tarring,1
european,1
carried,1
worldview,1
accepting,1
unstable,1
individualism,1
devote,1
me,1
dual,1
unexceptionable,1
publishing,1
coopted,1
wisdom,1
provide,1
science,1
assert,1
elevate,1
curiosities,1
dreamed,1
bound,1
program,1
fear,1
imperatives,1
coy,1
parent,1
sympathy,1
institutions,1
nexus,1
lost,1
qualify,1
transformed,1
detailed,1
bears,1
began,1
effectively,1
contribution,1
transformation,1
countries,1
detects,1
volumes,1
regionalism,1
introductory,1
drag,1
globalism,1
existed,1
fall,1
hope,1
mementos,1
frontier,1
wives,1
instances,1
get,1
imperialism,1
articles,1
influencing,1
forest,1
fought,1
attachment,1
sweatier,1
judgments,1
following,1
calling,1
reviewing,1
twentiethcentury,1
biography,1
must,1
reprehensible,1
contradiction,1
geographic,1
ever,1
satisfying,1
midtwentieth,1
known,1
leninist,1
cooled,1
set,1
affords,1
bright,1
resonance,1
feelings,1
respecting,1
over,1
principle,1
control,1
tendencies,1
nonstatist,1
monthly,1
hoover,1
country,1
relegitimize,1
interrupted,1
antiradicalism,1
stalinism,1
worth,1
gone,1
ubiquitous,1
down,1
tandem,1
luther,1
presence,1
domestic,1
traditionalists,1
foundation,1
ideological,1
very,1
associations,1
ambivalent,1
thompson,1
works,1
living,1
type,1
champaignurbana,1
senate,1
merely,1
defend,1
wit,1
realize,1
preexisting,1
notable,1
affirm,1
yesterday,1
them,1
nationalist,1
stability,1
particular,1
underpinnings,1
thirty,1
add,1
passed,1
mere,1
firmly,1
merle,1
extent,1
loved,1
insightful,1
rejoinder,1
pursued,1
weltanschauung,1
explored,1
orientations,1
balance,1
generally,1
categories,1
engineer,1
strain,1
wrenching,1
level,1
joseph,1
son,1
circumstances,1
applicators,1
disparate,1
given,1
conclude,1
through,1
city,1
despite,1
marketing,1
welcoming,1
role,1
wrought,1
waning,1
nourish,1
subject,1
durable,1
strivings,1
undermining,1
assumptions,1
ignorant,1
nod,1
programs,1
lesson,1
arguments,1
protestants,1
rebels,1
demurs,1
mention,1
twin,1
comprehend,1
gain,1
think,1
mentor,1
come,1
tempers,1
determinism,1
ultimately,1
survival,1
commercial,1
otis,1
conscience,1
finding,1
camps,1
national,1
grant,1
charge,1
aware,1
trap,1
ruminations,1
wish,1
ended,1
offer,1
instead,1
lively,1
include,1
battling,1
need,1
evidence,1
facilitates,1
writer,1
already,1
harbored,1
colleagues,1
attempted,1
voluntary,1
grapple,1
measured,1
rebuts,1
burdens,1
howling,1
sides,1
roles,1
specific,1
charles,1
potential,1
admitting,1
root,1
clarify,1
autodidact,1
thoreau,1
elites,1
henry,1
morse,1
upbringing,1
era,1
debate,1
sharing,1
create,1
views,1
northwestern,1
develop,1
complicit,1
observed,1
profiles,1
should,1
virtue,1
resembled,1
showed,1
close,1
major,1
evidently,1
perception,1
bigotry,1
faction,1
culturalist,1
