WORDCOUNTS,WEIGHT
the,166
of,109
and,78
in,73
to,52
a,49
baldwin,44
s,41
that,34
brown,31
as,27
for,25
american,21
history,20
on,20
workers,14
locomotives,13
is,12
with,12
chandler,12
from,12
business,12
at,11
by,11
their,10
but,10
locomotive,10
managers,9
production,9
book,9
its,9
during,9
his,8
how,8
industrial,8
through,8
firms,8
this,8
managerial,8
railroads,8
not,7
technology,7
university,7
shop,7
labor,7
steam,7
like,7
industry,7
no,6
skilled,6
who,6
about,6
these,6
works,6
see,6
system,6
partners,6
historians,6
model,5
study,5
was,5
rise,5
engines,5
other,5
might,5
over,5
did,5
company,5
train,5
hand,5
alfred,5
while,5
industrialization,5
than,5
so,5
built,5
customers,4
mechanics,4
parts,4
k,4
analysis,4
or,4
many,4
shows,4
larger,4
demands,4
new,4
big,4
men,4
readers,4
reviews,4
johns,4
hopkins,4
firm,4
design,4
some,4
up,4
work,4
example,4
blaszczyk,4
were,4
professor,4
jr,4
an,4
highly,4
machines,4
be,4
d,4
equipment,4
story,4
much,4
world,4
philadelphia,3
rather,3
synthesis,3
inside,3
large,3
one,3
factories,3
fit,3
under,3
photographs,3
rode,3
producers,3
regina,3
powerful,3
only,3
lee,3
tour,3
organizational,3
ran,3
mass,3
control,3
john,3
products,3
review,3
thump,3
achieved,3
written,3
use,3
those,3
what,3
making,3
ed,3
theory,3
jack,3
press,3
nation,3
historical,3
sabel,3
september,3
piecework,3
after,3
around,3
charles,3
interchangeable,3
enterprise,3
visible,3
when,3
artisans,3
unskilled,3
contracting,3
will,2
f,2
second,2
without,2
various,2
later,2
ways,2
corporate,2
developed,2
trenton,2
museum,2
corporation,2
capture,2
standardization,2
they,2
builders,2
grew,2
often,2
michael,2
trains,2
apprenticeships,2
drawings,2
changes,2
piore,2
decades,2
increased,2
motive,2
trade,2
us,2
thesis,2
into,2
nineteenth,2
floor,2
largest,2
practices,2
age,2
department,2
fact,2
emeritus,2
beyond,2
more,2
strategy,2
worked,2
introducing,2
j,2
uses,2
different,2
came,2
innovations,2
offers,2
half,2
great,2
documents,2
time,2
job,2
iron,2
past,2
there,2
ethos,2
markets,2
tradition,2
understood,2
metalworking,2
carefully,2
power,2
tools,2
ceramics,2
companies,2
case,2
manufactures,2
wedgwood,2
structure,2
shifts,2
america,2
because,2
divide,2
hierarchies,2
virginia,2
cooperation,2
wages,2
boston,2
consumers,2
possible,2
insights,2
part,2
enormous,2
depended,2
became,2
three,2
batch,2
went,2
artifacts,2
place,2
critique,2
manufacturing,2
meet,2
demonstrates,2
chapters,2
which,2
producer,2
ranks,2
thomas,2
charts,2
machine,2
charge,2
good,2
fresh,2
manufacturers,2
needed,2
started,2
studies,2
revolution,2
mccraw,2
glass,2
century,2
emerging,2
never,2
customized,2
small,2
woodworking,2
systems,2
components,2
rates,2
output,2
imagining,2
workforce,2
potteries,2
dominance,2
productivity,2
purchasing,2
among,2
technological,2
employees,2
building,2
society,2
heyday,2
auto,2
master,2
scholarly,2
industries,1
increasing,1
smaller,1
final,1
specifications,1
supervising,1
themes,1
david,1
suggest,1
incentives,1
contributes,1
it,1
founding,1
asking,1
archives,1
now,1
tasks,1
transportation,1
partially,1
builder,1
sector,1
afloat,1
laboring,1
americans,1
may,1
demand,1
singer,1
essential,1
today,1
perspectives,1
pottery,1
reviewer,1
common,1
operations,1
way,1
independent,1
capitulated,1
heroic,1
if,1
scientific,1
diesel,1
l,1
economic,1
destroy,1
drafting,1
modus,1
groups,1
across,1
pittsburgh,1
stood,1
prize,1
louis,1
watch,1
mesmerized,1
toward,1
commitment,1
comparative,1
compensate,1
resisted,1
horses,1
prosperity,1
judging,1
movers,1
landscape,1
institution,1
tide,1
acknowledged,1
classic,1
brief,1
biggest,1
restate,1
widespread,1
worthy,1
responded,1
seeks,1
means,1
breath,1
army,1
collections,1
still,1
mountains,1
arrangements,1
served,1
yankee,1
began,1
manuscript,1
currency,1
philosophy,1
president,1
sleeves,1
per,1
railway,1
expect,1
sweating,1
passengers,1
importance,1
recognize,1
group,1
told,1
center,1
adjustments,1
roads,1
ongoing,1
he,1
contributions,1
why,1
makes,1
herman,1
fittingly,1
kinds,1
empowered,1
enabled,1
expectations,1
illustrations,1
construction,1
machinists,1
standard,1
prime,1
picked,1
united,1
once,1
beautiful,1
informative,1
scrutinize,1
basements,1
supplements,1
library,1
respect,1
philadelphians,1
jargon,1
inspecting,1
managing,1
centuries,1
firing,1
strategies,1
instances,1
all,1
get,1
modern,1
straits,1
opportunities,1
bosses,1
security,1
distinct,1
jonathan,1
pp,1
read,1
publications,1
homer,1
partnership,1
giants,1
semiskilled,1
seeing,1
dichotomy,1
erecting,1
policy,1
index,1
school,1
assistant,1
title,1
spent,1
national,1
caveat,1
memorabilia,1
railroad,1
workplace,1
heavy,1
rarely,1
repair,1
eventually,1
seeking,1
light,1
just,1
mantra,1
historian,1
floorprecisely,1
days,1
pioneered,1
former,1
air,1
completion,1
hesitated,1
operatives,1
preface,1
track,1
baltimore,1
series,1
castings,1
argued,1
comparison,1
upper,1
gargantuan,1
pulitzer,1
four,1
most,1
watchful,1
two,1
reliance,1
steel,1
exacting,1
first,1
textile,1
n,1
jeffrey,1
stopwatches,1
novelty,1
explaining,1
olivier,1
efficient,1
riveters,1
volume,1
humble,1
lengthy,1
supported,1
evaluation,1
amidst,1
shops,1
swelling,1
sizes,1
rocky,1
scurried,1
also,1
aristocrats,1
interests,1
dissertation,1
echelons,1
eighteenthcentury,1
set,1
essays,1
dominant,1
care,1
challenge,1
factory,1
rested,1
providing,1
address,1
investments,1
saul,1
procured,1
boilers,1
put,1
intellectual,1
stem,1
outlining,1
tremendous,1
winter,1
financial,1
designing,1
had,1
hauling,1
present,1
shares,1
efforts,1
are,1
advance,1
parties,1
loom,1
laughlin,1
possibilities,1
eruption,1
shaped,1
gone,1
capital,1
scholars,1
operandi,1
textiles,1
leading,1
endless,1
down,1
horatio,1
best,1
demise,1
squirreling,1
studied,1
variants,1
called,1
p,1
visiting,1
buyer,1
make,1
post,1
inspectors,1
seven,1
standardizing,1
collectors,1
mills,1
central,1
thanks,1
appeal,1
austin,1
far,1
invested,1
constraint,1
room,1
aug,1
everything,1
worker,1
hundred,1
lenses,1
build,1
identical,1
sewing,1
emerge,1
program,1
considerable,1
pennsylvania,1
predecessor,1
pictures,1
autumn,1
weights,1
ascendancy,1
serious,1
freight,1
respects,1
last,1
late,1
places,1
turned,1
layout,1
artisanry,1
precisely,1
learn,1
robert,1
standardized,1
william,1
political,1
increases,1
according,1
virtual,1
focused,1
conventional,1
blackford,1
reading,1
responsibility,1
where,1
pitch,1
block,1
market,1
economy,1
wielding,1
overarching,1
award,1
adhered,1
setting,1
papers,1
them,1
jobs,1
real,1
accounts,1
wherein,1
coast,1
befuddling,1
forth,1
lines,1
era,1
comes,1
buffs,1
takes,1
workday,1
practice,1
hagley,1
captions,1
xvii,1
sophisticated,1
resulted,1
forthcoming,1
humongous,1
sociologist,1
overall,1
foreshadowed,1
explain,1
apprenticed,1
facilities,1
concurrently,1
identifies,1
find,1
oversights,1
capitalizes,1
east,1
loved,1
pulled,1
task,1
money,1
xxxii,1
repetitive,1
u,1
zeitlin,1
grand,1
retailers,1
day,1
institute,1
overlapping,1
models,1
engine,1
boys,1
well,1
shape,1
dream,1
baldwinoriginally,1
gained,1
another,1
influenced,1
imagine,1
account,1
original,1
almost,1
demonstrated,1
richness,1
followed,1
wheel,1
marc,1
e,1
watched,1
hundreds,1
machinery,1
activity,1
makers,1
quality,1
literature,1
fundamentally,1
entrepreneurs,1
size,1
divided,1
gains,1
garbage,1
middle,1
measures,1
shouldered,1
success,1
crudely,1
solid,1
birth,1
easier,1
comprise,1
bibliography,1
move,1
start,1
installed,1
capitalequipment,1
ownership,1
diliblaszczyk,1
transcend,1
odds,1
paradise,1
prized,1
west,1
multiple,1
reconsidering,1
government,1
illustrated,1
politics,1
little,1
point,1
crude,1
boiler,1
very,1
introduced,1
explains,1
textual,1
marketing,1
quantity,1
proportions,1
detailed,1
alternatives,1
along,1
dirty,1
solo,1
elite,1
terms,1
gender,1
top,1
tried,1
transition,1
entrenched,1
dozens,1
awry,1
used,1
roll,1
masterful,1
adding,1
discussion,1
controlled,1
records,1
allows,1
harvard,1
expertise,1
insure,1
detracts,1
questions,1
structures,1
earned,1
preoccupied,1
mistake,1
goal,1
technologically,1
augment,1
visual,1
accommodate,1
precision,1
prepared,1
come,1
full,1
buying,1
comments,1
away,1
subliminal,1
cry,1
promoted,1
streamline,1
theories,1
realms,1
students,1
influx,1
journeymen,1
gently,1
such,1
argues,1
significance,1
reminds,1
own,1
metalworkers,1
engelbourg,1
bent,1
understand,1
similarity,1
attics,1
contract,1
josiah,1
paradigm,1
tables,1
socialconstruction,1
materials,1
exerted,1
g,1
author,1
dominated,1
dangerous,1
galambos,1
hiring,1
joined,1
allure,1
scranton,1
instead,1
professionalization,1
keep,1
known,1
hone,1
methods,1
fragments,1
allowed,1
giant,1
resembled,1
uniformity,1
tight,1
horsepower,1
encyclopedia,1
plant,1
pay,1
modem,1
rooted,1
high,1
winner,1
housed,1
next,1
traveled,1
snake,1
stages,1
forced,1
espoused,1
kind,1
filled,1
glut,1
obligatory,1
turn,1
wrong,1
squarely,1
hounshell,1
economist,1
elements,1
old,1
class,1
odyssey,1
teams,1
promotion,1
several,1
autonomy,1
offered,1
wondered,1
few,1
enough,1
back,1
smithsonian,1
body,1
response,1
consumer,1
assumed,1
eclipse,1
presence,1
craft,1
research,1
themselves,1
massachusetts,1
successful,1
spotty,1
decline,1
mayr,1
c,1
tree,1
elites,1
scholarship,1
development,1
libraries,1
exactly,1
effective,1
britain,1
clock,1
employers,1
philip,1
can,1
sits,1
critiques,1
enjoyed,1
ingham,1
confusing,1
early,1
hesitates,1
postwar,1
tracks,1
london,1
strikes,1
progress,1
working,1
obscure,1
contracts,1
backwards,1
states,1
focus,1
costly,1
paid,1
artisanal,1
we,1
here,1
notes,1
barking,1
helping,1
alger,1
owners,1
laborers,1
value,1
should,1
evidence,1
generation,1
honing,1
fostering,1
daems,1
attention,1
manufactured,1
workshops,1
cultural,1
specialty,1
race,1
choice,1
otto,1
major,1
nadir,1
mansel,1
product,1
china,1
battles,1
input,1
awards,1
