WORDCOUNTS,WEIGHT
the,234
of,106
and,71
cio,71
to,61
a,56
in,55
s,49
that,37
he,36
zieger,24
labor,22
had,21
its,21
as,20
his,19
was,19
workers,18
history,17
is,16
for,16
not,15
but,15
most,15
on,14
industrial,13
from,12
at,11
federation,11
by,11
who,11
with,10
leaders,10
war,10
it,9
their,9
american,9
p,8
were,8
members,7
more,7
new,7
years,7
leadership,7
been,6
lichtenstein,6
union,6
my,6
did,6
i,6
state,6
father,6
fraser,6
an,6
early,6
postwar,6
they,5
class,5
friend,5
social,5
detroit,5
steven,5
political,5
has,5
which,5
so,5
nelson,5
working,5
even,5
world,5
ii,4
no,4
purge,4
often,4
boyle,4
fragile,4
simply,4
only,4
lewis,4
many,4
could,4
deal,4
man,4
turned,4
reviews,4
see,4
preis,4
some,4
literature,4
work,4
contends,4
goal,4
thus,4
bargaining,4
have,4
juggernaut,4
few,4
between,4
cohen,4
employers,4
be,4
part,4
when,4
much,4
portrait,4
militancy,3
communist,3
way,3
l,3
make,3
once,3
stable,3
university,3
during,3
detail,3
just,3
floor,3
increasingly,3
first,3
shop,3
party,3
factory,3
strike,3
important,3
others,3
are,3
december,3
unionism,3
fundamental,3
scholars,3
best,3
john,3
great,3
late,3
reading,3
welfare,3
wartime,3
secure,3
argues,3
art,3
both,3
made,3
these,3
against,3
fit,3
democratic,3
began,3
this,3
there,3
institutional,3
relations,3
like,3
would,3
him,3
militant,3
family,3
structure,3
within,3
contracts,3
willing,3
bibliographic,3
lizabeth,3
failed,2
critical,2
therefore,2
led,2
relationship,2
final,2
costs,2
main,2
indeed,2
h,2
limited,2
order,2
process,2
knew,2
success,2
itself,2
neighborhood,2
effectively,2
production,2
importantly,2
recognize,2
anxious,2
one,2
life,2
study,2
provides,2
shy,2
interpretation,2
support,2
making,2
settled,2
pp,2
reuther,2
dodge,2
or,2
into,2
any,2
turning,2
two,2
experience,2
acknowledges,2
file,2
gerstle,2
member,2
rise,2
sources,2
certainly,2
majority,2
affiliates,2
other,2
helped,2
power,2
faced,2
treatment,2
view,2
similarly,2
bungalow,2
all,2
retreat,2
greater,2
historiography,2
shows,2
key,2
activism,2
major,2
twenty,2
secondary,2
wedded,2
sure,2
current,2
demands,2
worker,2
fail,2
living,2
force,2
murray,2
those,2
robert,2
though,2
kevin,2
system,2
era,2
organizers,2
however,2
primary,2
particularly,2
unions,2
link,2
little,2
apparatus,2
start,2
son,2
heart,2
recognition,2
taking,2
liberals,2
press,2
role,2
step,2
collective,2
framework,2
point,2
firms,2
personal,2
described,2
project,2
such,2
moral,2
change,2
dangerous,2
ability,2
giant,2
walter,2
vanguard,2
plant,2
kept,2
rank,2
defense,2
communists,2
needs,2
problems,2
profound,2
back,2
assumed,2
interpretations,2
philip,2
fully,2
saw,2
than,2
provided,2
moved,2
seemed,2
model,1
replacing,1
south,1
book,1
difficult,1
enough,1
aim,1
things,1
threatened,1
rights,1
departs,1
messy,1
operation,1
sweeping,1
chrysler,1
liberalism,1
staffers,1
transform,1
electrical,1
done,1
struggle,1
fascist,1
child,1
dovetailed,1
minor,1
scared,1
raise,1
ably,1
limits,1
polish,1
various,1
heroes,1
common,1
independent,1
act,1
rested,1
multiple,1
bold,1
figure,1
meaning,1
economic,1
performance,1
democracy,1
amherst,1
corporate,1
generous,1
militants,1
impressive,1
differentials,1
portion,1
created,1
expansion,1
resisted,1
glaberman,1
hill,1
forced,1
ford,1
successes,1
corporation,1
inside,1
tide,1
extend,1
oddity,1
forward,1
expedience,1
chapters,1
principled,1
connection,1
red,1
prevailing,1
prove,1
represented,1
fdr,1
seen,1
signaled,1
above,1
autoworkers,1
establish,1
kroll,1
notably,1
economists,1
manages,1
legal,1
required,1
victoria,1
movement,1
rejects,1
center,1
southern,1
labored,1
simultaneously,1
complex,1
mounted,1
studies,1
positive,1
beset,1
fate,1
illustrations,1
construction,1
analysis,1
standard,1
lay,1
schisms,1
fall,1
about,1
guide,1
cars,1
join,1
presidents,1
update,1
getis,1
table,1
erratically,1
supporting,1
sets,1
addressing,1
ways,1
bleak,1
aristocracy,1
ragged,1
violence,1
fiefdom,1
emerging,1
get,1
eighteen,1
wake,1
democrats,1
read,1
win,1
association,1
happened,1
thought,1
park,1
mission,1
message,1
realities,1
goals,1
policy,1
protection,1
signed,1
claims,1
goldberg,1
schatz,1
circumscribed,1
index,1
seems,1
management,1
delegitimized,1
repeated,1
laid,1
operated,1
home,1
nuanced,1
liked,1
perspectives,1
liberal,1
blocked,1
under,1
driven,1
culture,1
believed,1
fabled,1
service,1
numbers,1
accomplishment,1
operatives,1
hanging,1
result,1
ed,1
westinghouse,1
argued,1
words,1
too,1
comparison,1
fearful,1
women,1
gary,1
hoping,1
efficacy,1
department,1
extensive,1
devout,1
steel,1
ever,1
voluminous,1
follow,1
t,1
avoided,1
picture,1
disastrous,1
followed,1
regime,1
masses,1
stark,1
surge,1
winning,1
embraced,1
organizations,1
prosecution,1
construct,1
expulsion,1
begin,1
offers,1
nonunionized,1
omission,1
paled,1
ronald,1
racialized,1
attempts,1
quickly,1
toward,1
motor,1
again,1
arteriosclerosis,1
attempt,1
over,1
capitalists,1
principle,1
each,1
experienced,1
dixie,1
pantheon,1
nature,1
mentalitg,1
impede,1
lacked,1
closely,1
stalinism,1
dramatically,1
organized,1
fact,1
company,1
lack,1
betrayal,1
roman,1
yeoman,1
interested,1
path,1
seem,1
apologists,1
hesitantly,1
explores,1
down,1
workingclass,1
striking,1
rule,1
inherent,1
conservative,1
includes,1
patriotism,1
receptive,1
wall,1
reform,1
report,1
boots,1
wave,1
ambiguity,1
effort,1
ideological,1
lived,1
confront,1
golf,1
out,1
job,1
incorporation,1
coauthor,1
plagued,1
demonstrating,1
themselves,1
concludes,1
rely,1
unionize,1
very,1
massachusetts,1
end,1
carolina,1
room,1
imperatives,1
proved,1
brutally,1
insisting,1
orchestrated,1
narrowed,1
build,1
sought,1
historical,1
fashion,1
arguably,1
vigorous,1
triumphs,1
initial,1
congressional,1
embrace,1
passage,1
honor,1
question,1
pursues,1
evaluate,1
never,1
embedded,1
took,1
trouble,1
do,1
fairer,1
staff,1
ccess,1
traced,1
equal,1
wage,1
applauds,1
ambiguous,1
where,1
committed,1
what,1
rootless,1
unionists,1
couldn,1
johns,1
carefully,1
equitable,1
tools,1
them,1
rose,1
jobs,1
reconcile,1
stability,1
suburb,1
less,1
meet,1
promise,1
radicalism,1
record,1
elusive,1
striker,1
forthcoming,1
core,1
tension,1
perhaps,1
blistering,1
criticisms,1
writes,1
vigorously,1
trade,1
deep,1
reluctantly,1
gaps,1
aprons,1
bureaucratization,1
problem,1
historians,1
distance,1
consolidations,1
triumph,1
hopkins,1
stunning,1
firm,1
create,1
vehicle,1
right,1
thoroughly,1
march,1
desires,1
remained,1
shape,1
commitments,1
original,1
hyde,1
will,1
jack,1
balance,1
conservatives,1
account,1
having,1
demonstrated,1
felt,1
helpful,1
basis,1
determined,1
politics,1
restrain,1
line,1
rosswurm,1
meaningful,1
discussion,1
criticize,1
campaigns,1
overviews,1
establishing,1
solid,1
contractual,1
benefited,1
alter,1
mobilization,1
accord,1
level,1
range,1
contextualized,1
reader,1
rightly,1
concept,1
altered,1
brought,1
radicals,1
headed,1
unionization,1
x,1
uniform,1
generated,1
delicate,1
beat,1
city,1
despite,1
resources,1
looking,1
nation,1
hillman,1
constrained,1
concessions,1
himself,1
praising,1
minority,1
ten,1
explication,1
horrors,1
measure,1
overview,1
gave,1
masterful,1
arthur,1
largely,1
says,1
reconstruct,1
split,1
instrumentalist,1
risk,1
demonstrates,1
congress,1
us,1
aims,1
repeatedly,1
september,1
scare,1
central,1
mistake,1
ends,1
real,1
while,1
complaints,1
centralized,1
stay,1
therein,1
throughout,1
previous,1
technological,1
textile,1
sidney,1
believes,1
moderate,1
until,1
spring,1
unleashed,1
argument,1
perplexing,1
difficulties,1
lurched,1
development,1
corporatism,1
uaw,1
wages,1
since,1
backgrounds,1
grassroots,1
trends,1
vacation,1
demanded,1
weeks,1
author,1
recessions,1
accept,1
subtle,1
odious,1
victory,1
tinker,1
good,1
electrician,1
large,1
course,1
manufacturers,1
democrat,1
officials,1
needed,1
sense,1
started,1
price,1
participating,1
hard,1
period,1
activists,1
balanced,1
summer,1
suggest,1
assured,1
century,1
thoughtful,1
given,1
balances,1
catholic,1
wing,1
after,1
progressive,1
turn,1
fragility,1
unity,1
losing,1
quite,1
segment,1
martin,1
repeat,1
maintaining,1
shift,1
old,1
veteran,1
immigrants,1
compromises,1
demand,1
men,1
spent,1
small,1
why,1
footnotes,1
several,1
offered,1
specific,1
insecurity,1
accomplished,1
wider,1
concerns,1
contrary,1
passages,1
depression,1
lawyers,1
chapel,1
comfort,1
eclipse,1
convincing,1
compromise,1
become,1
research,1
exhaustive,1
shrank,1
bids,1
archival,1
tactics,1
left,1
third,1
chicago,1
negotiate,1
corporations,1
can,1
judicious,1
find,1
invert,1
electric,1
strikes,1
purging,1
also,1
entire,1
essays,1
story,1
journal,1
parameters,1
below,1
images,1
payoff,1
crack,1
north,1
kid,1
notes,1
connections,1
empowerment,1
responsibility,1
profiles,1
general,1
building,1
quarter,1
broader,1
hardly,1
generation,1
heyday,1
auto,1
achieve,1
built,1
controversial,1
accentuated,1
enjoy,1
dispossessed,1
gates,1
altering,1
species,1
behalf,1
examines,1
avoid,1
wield,1
thorough,1
muddy,1
