WORDCOUNTS,WEIGHT
the,156
of,108
and,82
in,60
a,38
to,31
s,22
that,21
as,19
movement,19
social,19
guarneri,19
american,15
its,15
history,13
on,13
at,12
it,12
not,12
fourierite,12
for,11
with,10
p,10
fourierism,10
he,9
is,9
from,9
more,9
this,9
new,8
has,8
utopian,8
association,8
fourier,8
his,7
one,7
or,7
but,7
phalanx,7
have,7
their,6
had,6
some,6
by,6
labor,6
much,6
who,5
communities,5
university,5
was,5
these,5
intellectual,5
documents,5
while,5
were,5
between,5
including,5
george,4
associationists,4
organization,4
boyer,4
too,4
most,4
only,4
many,4
book,4
time,4
radical,4
nevertheless,4
reviews,4
march,4
work,4
ideas,4
years,4
would,4
be,4
an,4
analytic,3
americans,3
forever,3
movements,3
slavery,3
economic,3
community,3
still,3
about,3
into,3
industrial,3
two,3
carl,3
also,3
sometimes,3
rush,3
fourierites,3
all,3
j,3
communal,3
how,3
further,3
system,3
phalansteries,3
them,3
terms,3
well,3
larger,3
when,3
residents,3
made,3
far,3
greeley,3
press,3
which,3
full,3
such,3
own,3
author,3
like,3
love,3
workers,3
socialism,3
remains,3
least,3
members,3
research,3
than,3
north,3
notes,3
alternative,3
may,2
interesting,2
possessed,2
york,2
farm,2
whose,2
definitive,2
been,2
maps,2
asked,2
lines,2
they,2
frank,2
yet,2
studies,2
under,2
decade,2
detail,2
publicists,2
historian,2
antebellum,2
traces,2
age,2
struck,2
brisbane,2
known,2
published,2
writing,2
french,2
paul,2
index,2
set,2
important,2
others,2
central,2
each,2
fact,2
based,2
societies,2
leaders,2
down,2
found,2
called,2
phalanxes,2
rich,2
effort,2
particularly,2
massachusetts,2
man,2
mass,2
serious,2
other,2
left,2
henry,2
johns,2
purposes,2
communitarian,2
material,2
radicalism,2
associationist,2
firmly,2
historians,2
hopkins,2
america,2
sexual,2
day,2
right,2
argues,2
nichols,2
information,2
reorganization,2
understanding,2
writers,2
careful,2
writings,2
concludes,2
county,2
little,2
despite,2
example,2
along,2
easy,2
penetrating,2
enthusiasm,2
critique,2
manifestation,2
comprehensive,2
relations,2
sense,2
prosperity,2
order,2
contributed,2
brook,2
charles,2
few,2
study,2
tended,2
activities,2
up,2
journal,2
look,2
cooperative,2
finds,2
convincingly,2
gold,2
society,2
manuel,2
admirably,1
appeal,1
dissertation,1
suspects,1
harbinger,1
south,1
van,1
four,1
associationism,1
f,1
bellamy,1
polk,1
profoundly,1
allegedly,1
erotic,1
transform,1
kissing,1
essential,1
millennial,1
genuinely,1
creed,1
humanities,1
without,1
various,1
common,1
way,1
michigan,1
seventeen,1
scientific,1
later,1
wary,1
skilled,1
dreamy,1
contrast,1
groups,1
sheer,1
impetus,1
across,1
centered,1
magisterial,1
indeed,1
synthesis,1
emerson,1
edward,1
promotional,1
shining,1
persuasively,1
limited,1
admirable,1
iowa,1
low,1
brief,1
resulted,1
keepers,1
merits,1
legitimate,1
revolutionary,1
male,1
worthy,1
calculation,1
brings,1
e,1
vogue,1
april,1
receives,1
latent,1
sect,1
establishes,1
judgment,1
appear,1
thinkers,1
make,1
stimulation,1
weaknesses,1
lasted,1
wake,1
passing,1
afield,1
wilson,1
initially,1
talk,1
abolitionists,1
told,1
tracing,1
modes,1
discredit,1
fogerty,1
quaker,1
complex,1
shrift,1
screening,1
ware,1
religious,1
life,1
class,1
evocatively,1
successor,1
elaborate,1
apologists,1
offerings,1
philanthropist,1
expectations,1
illustrations,1
illuminating,1
analysis,1
form,1
superb,1
mad,1
prophecy,1
fall,1
godwin,1
wagelabor,1
coherence,1
chronicle,1
attracted,1
hawthorne,1
dolores,1
true,1
victor,1
clay,1
fair,1
meanwhile,1
shall,1
lives,1
marcus,1
pp,1
perpetuation,1
struggle,1
advanced,1
interpretive,1
thought,1
modern,1
hardly,1
albert,1
vastly,1
ominous,1
evolved,1
former,1
forth,1
bogs,1
tensions,1
tomorrows,1
supplementary,1
faltering,1
earnest,1
addressed,1
stephen,1
occupational,1
park,1
established,1
protean,1
cooperatives,1
familiar,1
presents,1
graphs,1
neglected,1
pearl,1
seriously,1
conspectus,1
palatable,1
home,1
praise,1
contextualize,1
reformer,1
section,1
elsewhere,1
k,1
just,1
culture,1
fourierist,1
propounded,1
dropped,1
considered,1
mary,1
conclusion,1
popularized,1
excitement,1
spann,1
broad,1
source,1
municipal,1
version,1
profile,1
advocates,1
frenchman,1
wisconsin,1
women,1
founded,1
different,1
whiplash,1
ferment,1
verging,1
volunteers,1
blithedale,1
architecture,1
romance,1
rise,1
origins,1
sensationalistic,1
isolated,1
follow,1
enterprises,1
debate,1
followed,1
beggar,1
sources,1
ralph,1
whiggish,1
long,1
lead,1
embraced,1
often,1
certainly,1
exposes,1
text,1
creation,1
roman,1
appealing,1
daunting,1
offers,1
harrison,1
valid,1
helped,1
business,1
proprieters,1
mentions,1
uncritically,1
toward,1
selfish,1
might,1
phalanstery,1
systems,1
view,1
ithaca,1
stands,1
waldo,1
meaning,1
rejects,1
control,1
union,1
sure,1
retreat,1
poetically,1
readily,1
surfaced,1
literary,1
aberration,1
proponents,1
experiments,1
troubling,1
moving,1
efforts,1
skills,1
fallout,1
artists,1
share,1
shows,1
longer,1
lack,1
encourage,1
principles,1
extent,1
attractive,1
europe,1
overwhelming,1
diligently,1
patronized,1
toll,1
individuals,1
did,1
assembling,1
best,1
explores,1
our,1
uneasy,1
appendix,1
together,1
broadly,1
artisans,1
demise,1
feeling,1
hands,1
short,1
appeared,1
roxbury,1
extended,1
domestic,1
reform,1
emphasis,1
clerks,1
followers,1
marxian,1
origin,1
seven,1
tables,1
follows,1
aesthetic,1
stretching,1
obsessions,1
intellectuals,1
process,1
promised,1
cornell,1
scheme,1
exhaustive,1
reunion,1
very,1
end,1
varied,1
except,1
considerant,1
worker,1
narrow,1
utopianism,1
celebrations,1
bizarre,1
amusing,1
cities,1
historical,1
proclaiming,1
free,1
almost,1
consciousness,1
passage,1
mined,1
fellow,1
assessment,1
brotherhood,1
rhetoric,1
numerological,1
gove,1
better,1
never,1
transcended,1
readers,1
written,1
failed,1
ripley,1
hand,1
following,1
precisely,1
dismissing,1
do,1
equally,1
alphadelphia,1
those,1
occupation,1
robert,1
routines,1
founder,1
understood,1
transactions,1
cultural,1
revivalist,1
wage,1
reading,1
somewhat,1
questions,1
unravels,1
secular,1
strained,1
forerunner,1
attention,1
context,1
viewed,1
majority,1
impossible,1
cause,1
ones,1
horace,1
accounts,1
coincided,1
gilded,1
issue,1
duties,1
jersey,1
takes,1
dallas,1
however,1
flaws,1
nascent,1
agricultural,1
forthcoming,1
xiv,1
tension,1
mere,1
tiny,1
belief,1
project,1
conferences,1
northeastern,1
buren,1
find,1
distribution,1
professionals,1
revived,1
public,1
appropriated,1
gives,1
encouraging,1
dreamers,1
argument,1
u,1
yorker,1
technical,1
achieves,1
secure,1
prescriptions,1
remained,1
birthday,1
deal,1
answers,1
gained,1
another,1
original,1
editor,1
group,1
millerite,1
image,1
basis,1
ideal,1
exclaimed,1
marked,1
referred,1
greatest,1
urban,1
data,1
innocuous,1
utopias,1
finish,1
condition,1
art,1
discussion,1
institute,1
periodicals,1
coherent,1
front,1
planning,1
paraphrase,1
both,1
already,1
abolitionism,1
sinking,1
bibliography,1
completed,1
varieties,1
activism,1
echoes,1
john,1
emergent,1
bland,1
distinctly,1
insights,1
voted,1
west,1
unless,1
significantly,1
fared,1
part,1
through,1
discusses,1
retains,1
alternatives,1
chart,1
charts,1
role,1
department,1
keeps,1
gender,1
crediting,1
finland,1
lies,1
must,1
restructuring,1
engelsand,1
congenial,1
spending,1
significant,1
literature,1
anarchism,1
compressed,1
vast,1
freedom,1
largely,1
geographic,1
station,1
broader,1
harmony,1
merchant,1
sprang,1
shut,1
issues,1
communes,1
collective,1
subtly,1
band,1
people,1
harvard,1
pleasure,1
gain,1
being,1
human,1
coming,1
cass,1
speaking,1
recovery,1
eccentric,1
quibbling,1
disillusioned,1
subsumed,1
accessible,1
throughout,1
come,1
saw,1
raising,1
viability,1
review,1
semiprofessionals,1
newspaper,1
california,1
i,1
moderate,1
raritan,1
until,1
spring,1
tendency,1
maligned,1
baubles,1
fourierists,1
spectrum,1
miniscule,1
status,1
interested,1
visions,1
plausible,1
incisiveness,1
three,1
parke,1
william,1
andrews,1
adding,1
swamped,1
unpublished,1
lovingly,1
points,1
accept,1
interest,1
collapsed,1
good,1
change,1
madness,1
fitzhugh,1
brotherly,1
crust,1
wits,1
diversion,1
individual,1
ern,1
divisions,1
critics,1
field,1
no,1
allegiance,1
fewer,1
so,1
general,1
reformers,1
adherents,1
restore,1
marx,1
socialist,1
features,1
states,1
dictionary,1
played,1
protestants,1
admitted,1
behold,1
quotes,1
espoused,1
reviving,1
off,1
destiny,1
anyone,1
after,1
keen,1
discourse,1
disintegration,1
martin,1
thomas,1
allusions,1
self,1
amended,1
zachary,1
family,1
splinter,1
spent,1
pages,1
bay,1
several,1
patterns,1
moved,1
preponderance,1
profits,1
offered,1
foster,1
enough,1
profound,1
amount,1
back,1
internal,1
flame,1
edmund,1
response,1
depression,1
industry,1
psychological,1
flawed,1
young,1
themselves,1
peak,1
spiritualism,1
decline,1
reference,1
supervise,1
texas,1
emulate,1
kalamazoo,1
lewis,1
lippard,1
reached,1
era,1
availability,1
tempering,1
infirmity,1
james,1
farmers,1
norman,1
annual,1
generally,1
seeking,1
explore,1
progress,1
consumption,1
capitalism,1
obscure,1
even,1
grouped,1
story,1
embeds,1
travelers,1
present,1
traditional,1
northern,1
hayden,1
proper,1
period,1
figures,1
marital,1
need,1
dismissal,1
tyler,1
hasty,1
taylor,1
phalanasteries,1
deeply,1
recent,1
observed,1
ago,1
devise,1
political,1
though,1
handful,1
influence,1
la,1
unskilled,1
word,1
competitive,1
close,1
master,1
concluded,1
court,1
virtuous,1
names,1
major,1
clef,1
uncritical,1
