WORDCOUNTS,WEIGHT
the,186
of,128
and,83
to,65
in,61
a,45
that,34
snay,27
as,26
with,24
for,22
were,20
on,20
southern,19
s,19
their,18
they,14
was,14
south,13
his,13
slavery,13
clergy,13
most,13
northern,12
not,11
from,11
had,11
god,10
by,10
could,10
human,9
such,9
have,9
an,9
he,8
american,8
history,8
these,8
new,8
at,7
is,7
political,7
proslavery,7
who,6
religious,6
or,6
but,6
more,6
war,6
both,6
old,6
secession,5
school,5
thornwell,5
slaveholding,5
clergymen,5
might,5
others,5
all,5
other,5
did,5
found,5
p,5
masters,5
some,5
slaves,5
which,5
biblical,5
author,5
although,5
after,5
be,5
gospel,5
no,4
how,4
still,4
theologians,4
about,4
too,4
many,4
religion,4
man,4
reviews,4
work,4
disunion,4
sanctified,4
presbyterian,4
against,4
so,4
james,4
even,4
world,4
should,4
order,3
been,3
politicians,3
yankee,3
church,3
study,3
often,3
university,3
into,3
same,3
lead,3
toward,3
natural,3
greater,3
any,3
current,3
carolina,3
observes,3
never,3
caldwell,3
those,3
william,3
though,3
them,3
however,3
than,3
has,3
w,3
march,3
theological,3
abolitionist,3
own,3
richard,3
churchmen,3
part,3
assumptions,3
sectional,3
question,3
moral,3
national,3
divine,3
adopted,3
colleagues,3
few,3
slave,3
southem,3
one,3
much,3
institution,3
bible,3
denominations,3
said,2
dealing,2
carried,2
failed,2
rights,2
it,2
abolition,2
bertram,2
recognized,2
york,2
rather,2
henley,2
impressive,2
bound,2
holy,2
social,2
h,2
antislavery,2
philosophy,2
case,2
lamented,2
sinful,2
life,2
reinforced,2
confederate,2
yet,2
urged,2
means,2
separate,2
thought,2
pressures,2
mission,2
georgia,2
under,2
charges,2
matters,2
family,2
selfconsciousness,2
ancient,2
benefits,2
methodist,2
instance,2
antebellum,2
growing,2
argued,2
character,2
parties,2
outspoken,2
ministers,2
being,2
only,2
persuasive,2
position,2
testament,2
also,2
principles,2
law,2
power,2
important,2
baptist,2
view,2
intellectual,2
addition,2
nature,2
fact,2
based,2
broken,2
moreover,2
reform,2
john,2
far,2
historical,2
preacher,2
we,2
fellow,2
congregations,2
further,2
hand,2
where,2
what,2
theodore,2
sermon,2
secular,2
whether,2
see,2
cause,2
rebellion,2
pastors,2
well,2
ambivalent,2
prone,2
patriarchal,2
local,2
argues,2
politics,2
churches,2
little,2
despite,2
clerical,2
evangelicals,2
thomwell,2
press,2
nation,2
african,2
its,2
himself,2
southerners,2
carwardine,2
bondage,2
needed,2
ranks,2
people,2
increasingly,2
regarding,2
regional,2
theme,2
argument,2
freehling,2
this,2
josiah,2
hierarchy,2
language,2
logic,2
eve,2
sense,2
destinies,2
like,2
would,2
summer,2
him,2
preachers,2
affairs,2
latter,2
mitchell,2
offered,2
miles,2
response,2
c,2
justify,2
ecclesiastical,2
when,2
rhetorical,2
story,2
sin,2
journal,2
critique,2
figures,2
among,2
recent,2
traditions,2
observed,2
florida,2
professional,2
civil,2
meeting,2
master,2
major,2
thorough,2
tortured,1
appeal,1
weak,1
genesis,1
believers,1
resolve,1
depth,1
intricate,1
civilization,1
england,1
perceived,1
principled,1
therefore,1
gossip,1
christian,1
possessed,1
rejected,1
topic,1
relationship,1
lincoln,1
likely,1
alleged,1
lengthening,1
regardless,1
americans,1
divines,1
whose,1
chains,1
deny,1
audible,1
german,1
circumspect,1
phrased,1
perspectives,1
legend,1
perfectionism,1
matter,1
materials,1
predicted,1
butler,1
belonging,1
contended,1
southemers,1
concerned,1
anthony,1
later,1
kenneth,1
rev,1
meaning,1
critical,1
demoralizing,1
welcomed,1
brethren,1
troubled,1
separation,1
absent,1
untrustworthy,1
know,1
indeed,1
adds,1
synthesis,1
trustworthy,1
service,1
villainies,1
garrison,1
ready,1
praised,1
confused,1
fear,1
schisms,1
furthermore,1
bulwarks,1
nott,1
anglican,1
begin,1
tyrants,1
testaments,1
appreciation,1
separations,1
attitude,1
schism,1
heresy,1
relentlessly,1
defended,1
perfection,1
saints,1
flock,1
institutions,1
nonchurchmen,1
independence,1
brings,1
implies,1
commonality,1
mood,1
differentiations,1
menfolks,1
shortly,1
convince,1
soul,1
postal,1
godgranted,1
totally,1
bias,1
israelites,1
legalized,1
began,1
worse,1
gainesville,1
distributed,1
defenses,1
parsons,1
imperfections,1
research,1
objectionable,1
similar,1
privileges,1
polarized,1
movement,1
hazardous,1
large,1
executive,1
terms,1
sermonizing,1
antiquity,1
darkening,1
losing,1
why,1
parker,1
positive,1
risking,1
unusual,1
fighting,1
mankind,1
grieving,1
impressed,1
united,1
inferior,1
word,1
once,1
blessing,1
authority,1
kings,1
scholarship,1
eugene,1
risks,1
criticism,1
sets,1
ways,1
proclaimed,1
tumult,1
creatures,1
daniel,1
disapproving,1
colleges,1
mosaic,1
polemics,1
done,1
itself,1
lloyd,1
worshipers,1
stampp,1
salvation,1
pp,1
sketched,1
struggle,1
interpretive,1
mailings,1
builds,1
modern,1
challengers,1
crowded,1
skill,1
counterparts,1
groups,1
manumission,1
shortcomings,1
ordained,1
ominous,1
wrongs,1
whereas,1
spirit,1
considered,1
missionaries,1
inspiration,1
claiming,1
instruction,1
detail,1
us,1
improvement,1
burned,1
institutional,1
river,1
committee,1
index,1
throwing,1
familiar,1
specialization,1
regularly,1
profane,1
francis,1
inherently,1
home,1
servants,1
exercised,1
heavy,1
holding,1
then,1
fifteen,1
abuses,1
recently,1
linked,1
speculations,1
liberal,1
shrewdly,1
collapsed,1
elsewhere,1
just,1
culture,1
regime,1
disaffected,1
redemptive,1
hesitant,1
broke,1
partisanship,1
adversities,1
articulated,1
are,1
house,1
preoccupation,1
tentative,1
exemplified,1
finally,1
golden,1
complexity,1
quarters,1
faith,1
assemblies,1
repudiating,1
rhetoric,1
xi,1
circle,1
women,1
hearts,1
themes,1
efficacy,1
thoughts,1
heathen,1
furman,1
experience,1
highlight,1
reliance,1
extensive,1
devout,1
begins,1
resented,1
officeseekers,1
racketeering,1
lower,1
invoked,1
abolitionists,1
first,1
exposed,1
impatience,1
gentlemen,1
rise,1
origins,1
informed,1
forethought,1
follow,1
exposition,1
readings,1
gospels,1
stowell,1
stressed,1
rougher,1
jon,1
tackles,1
sympathizers,1
notions,1
proposes,1
borrow,1
party,1
rightness,1
orderliness,1
carl,1
boundary,1
temple,1
disloyalty,1
enormities,1
cursed,1
offers,1
familial,1
paul,1
distaste,1
book,1
continues,1
percy,1
assert,1
m,1
give,1
david,1
taken,1
evade,1
military,1
appeals,1
historians,1
preference,1
interpretation,1
thrive,1
academy,1
regimen,1
capitalists,1
spied,1
deterioration,1
quarrel,1
principle,1
christianized,1
tendencies,1
each,1
towards,1
advanced,1
tiny,1
discerned,1
literary,1
j,1
arbiters,1
maintains,1
melt,1
hour,1
result,1
skills,1
words,1
autonomous,1
formidable,1
different,1
worth,1
share,1
handling,1
expanding,1
shows,1
naive,1
stiffly,1
d,1
reach,1
idea,1
path,1
opposition,1
innovations,1
agenda,1
newspapers,1
scientists,1
scholars,1
declined,1
leading,1
leaders,1
down,1
belong,1
advantage,1
churchly,1
striking,1
histories,1
heavenly,1
rule,1
conservative,1
printed,1
tavern,1
denominational,1
hands,1
deposit,1
reasons,1
confederacy,1
sure,1
exclusion,1
divinely,1
fatherlike,1
stood,1
origin,1
effort,1
time,1
defamation,1
romantic,1
particularly,1
really,1
biographies,1
pounced,1
identity,1
status,1
bitterness,1
intellectuals,1
hackett,1
clearly,1
shared,1
district,1
theology,1
urbane,1
chosen,1
without,1
defeat,1
events,1
radical,1
imagination,1
debates,1
minutes,1
adamic,1
smitten,1
audience,1
blessed,1
elaborated,1
applauded,1
claimed,1
disunionism,1
nationalism,1
differed,1
melancholy,1
considerable,1
flocks,1
lasting,1
distinctive,1
constantly,1
dead,1
flirtations,1
outrage,1
advocacy,1
conferred,1
embrace,1
country,1
expound,1
greeted,1
expressions,1
honor,1
scriptural,1
merely,1
forms,1
patterns,1
outside,1
latterday,1
left,1
following,1
sacred,1
use,1
stature,1
personal,1
humbly,1
defend,1
displayed,1
suffering,1
chastisement,1
dwight,1
alike,1
submission,1
reading,1
return,1
intelligence,1
johns,1
sanctify,1
purposes,1
notion,1
degler,1
pharisaical,1
sharpened,1
perdition,1
orthodoxy,1
majority,1
explosive,1
final,1
produced,1
goen,1
form,1
persons,1
underscores,1
courage,1
strategies,1
degree,1
sovereignty,1
evangelical,1
together,1
issue,1
america,1
civilians,1
duties,1
necessary,1
grounds,1
handled,1
redeemer,1
verse,1
episcopalian,1
advocates,1
deep,1
xvii,1
sophisticated,1
conclusion,1
mortal,1
spiritual,1
rest,1
perhaps,1
explain,1
approached,1
respecter,1
recorded,1
shortages,1
commitment,1
collections,1
tightly,1
fledgling,1
problem,1
likes,1
wayland,1
style,1
duly,1
task,1
truculent,1
advice,1
boston,1
chapter,1
slaveholder,1
hopkins,1
stunning,1
sought,1
free,1
foundations,1
mass,1
pews,1
out,1
eliminate,1
evangelism,1
reason,1
create,1
day,1
right,1
thoroughly,1
charleston,1
undermined,1
cloth,1
constitutional,1
remained,1
barely,1
solicitude,1
having,1
turf,1
tumed,1
rationality,1
gained,1
property,1
there,1
thousands,1
keeping,1
precedent,1
generally,1
adversarial,1
secessionist,1
suggests,1
basis,1
emphasis,1
distinguish,1
logical,1
amelioration,1
understanding,1
line,1
rare,1
withdrawal,1
planters,1
used,1
aspects,1
significance,1
broadcast,1
anxieties,1
father,1
intimate,1
lapses,1
zones,1
literalism,1
crudely,1
skepticism,1
quarterly,1
remedies,1
solely,1
sanction,1
parades,1
upsetting,1
made,1
bibliography,1
explanation,1
chiefly,1
conscience,1
providential,1
upon,1
level,1
carries,1
mysterious,1
vital,1
embarrass,1
noncommercial,1
wvarley,1
betrayed,1
claim,1
unmitigated,1
unfulfilling,1
sides,1
extending,1
code,1
marriages,1
babylonian,1
region,1
disposer,1
scourging,1
christianizing,1
staged,1
obedient,1
including,1
delicate,1
very,1
onesimus,1
explains,1
trollope,1
whites,1
sect,1
cited,1
knowledge,1
content,1
apparent,1
apology,1
accessible,1
department,1
reassigned,1
convinced,1
individuality,1
giving,1
predecessors,1
gender,1
message,1
elizabeth,1
aims,1
host,1
unhappy,1
congenial,1
thouaghtful,1
confidence,1
genuine,1
kindly,1
recounts,1
freedom,1
entry,1
thinkers,1
assumption,1
during,1
outnumbered,1
lesson,1
subtleties,1
refers,1
sprang,1
make,1
thunderous,1
pound,1
causes,1
contends,1
morality,1
rebels,1
dullish,1
immediately,1
framework,1
guilty,1
submitted,1
proposed,1
questions,1
coming,1
neglect,1
blasphemy,1
build,1
central,1
percys,1
kingdom,1
dispatched,1
pamphlets,1
dragged,1
dilemmas,1
revivals,1
our,1
hunted,1
horrified,1
popular,1
circumscribed,1
theologian,1
sinned,1
contentious,1
previous,1
partisan,1
propositions,1
disregarding,1
invested,1
grace,1
announce,1
surely,1
theories,1
i,1
election,1
spring,1
characters,1
seminaries,1
go,1
touch,1
immediate,1
ties,1
genovese,1
years,1
dynamics,1
development,1
reveals,1
justifiably,1
cambridge,1
departed,1
disposal,1
run,1
cynicism,1
discovered,1
since,1
freshness,1
trends,1
synods,1
inflation,1
applied,1
camps,1
tables,1
moneychangers,1
responding,1
indifference,1
greed,1
antinomian,1
laborers,1
charge,1
heartless,1
subtle,1
vainglory,1
urge,1
becoming,1
good,1
change,1
dangerous,1
suggesting,1
regarded,1
august,1
sectionally,1
wounded,1
outraged,1
offer,1
moment,1
times,1
controversies,1
proand,1
epithet,1
fulfilled,1
torch,1
newnan,1
range,1
battling,1
reformers,1
love,1
effectively,1
sunder,1
adherents,1
gross,1
derision,1
revolution,1
things,1
fischer,1
states,1
high,1
excuse,1
crawleys,1
aristotelian,1
obvious,1
next,1
fools,1
effects,1
politically,1
worldly,1
uplift,1
approach,1
contrast,1
weld,1
emphasizes,1
northem,1
standard,1
bishop,1
whiggish,1
nearest,1
union,1
altogether,1
anarchy,1
contributions,1
involved,1
subversion,1
forensic,1
campaign,1
punished,1
men,1
helps,1
promotion,1
perspective,1
sundays,1
enslaved,1
respective,1
separatism,1
special,1
especially,1
consensus,1
sentiment,1
problems,1
accomplished,1
concerns,1
article,1
defensive,1
choose,1
pioneering,1
bottle,1
slaveholders,1
passages,1
distinctions,1
tenor,1
ramian,1
breaking,1
corruption,1
insists,1
editors,1
presbyterians,1
wholly,1
themselves,1
successful,1
suitable,1
auctioneers,1
overcome,1
topics,1
examine,1
avowed,1
lists,1
manichean,1
consisted,1
enlightened,1
publications,1
jordan,1
wisely,1
enterprise,1
interpreted,1
debate,1
christians,1
analysis,1
condemned,1
early,1
captivated,1
fortify,1
subscribed,1
element,1
news,1
ownership,1
taxonomic,1
arose,1
minor,1
reverend,1
pressing,1
souls,1
unpleasantness,1
border,1
depravity,1
ends,1
wickedness,1
notes,1
educators,1
beings,1
writ,1
leadership,1
constituted,1
general,1
loyalties,1
controversial,1
pronounced,1
jesus,1
outright,1
councils,1
eradication,1
bondsmen,1
signals,1
attention,1
showed,1
ostracized,1
race,1
actions,1
close,1
competed,1
division,1
species,1
attended,1
impotent,1
seemed,1
society,1
faction,1
flavor,1
calls,1
