WORDCOUNTS,WEIGHT
the,220
and,133
of,113
to,76
in,68
orphanages,49
children,48
a,43
s,36
for,34
their,32
that,30
they,24
as,23
by,22
institutions,20
history,20
social,20
was,19
from,19
on,19
asylum,19
p,18
with,17
these,16
orphanage,16
were,15
zmora,15
jewish,14
progressive,14
welfare,13
friedman,13
american,12
studies,12
managers,12
control,11
cmiel,11
its,11
is,11
child,10
university,10
care,10
what,10
chicago,10
have,10
home,9
families,9
institution,9
an,9
or,8
most,8
orphan,8
new,8
historical,8
orphans,8
them,8
private,8
two,8
how,7
poor,7
policy,7
but,7
rather,7
both,7
during,7
which,7
there,7
reformers,7
study,7
it,6
parents,6
not,6
mission,6
are,6
reform,6
public,6
press,6
became,6
this,6
three,6
working,6
than,6
notes,6
at,5
chapin,5
system,5
education,5
lives,5
democrats,5
pp,5
family,5
school,5
first,5
more,5
carp,5
state,5
reviews,5
hall,5
can,5
however,5
boston,5
used,5
values,5
institutional,5
century,5
june,5
era,5
reforms,4
about,4
cheers,4
baltimore,4
providing,4
decades,4
many,4
treatment,4
past,4
discipline,4
viewed,4
mothers,4
world,4
services,4
review,4
officials,4
susan,4
off,4
class,4
be,4
d,4
even,4
dependent,4
much,4
society,4
schools,3
where,3
no,3
been,3
december,3
foster,3
success,3
community,3
began,3
nursery,3
consider,3
index,3
slowly,3
unwed,3
practices,3
women,3
superior,3
only,3
his,3
denounced,3
view,3
into,3
between,3
had,3
did,3
ph,3
out,3
very,3
before,3
charges,3
girls,3
conclusions,3
nineteenth,3
residential,3
less,3
case,3
record,3
outside,3
has,3
america,3
account,3
example,3
conventional,3
diss,3
received,3
own,3
health,3
motives,3
change,3
sense,3
so,3
one,3
order,3
perspective,3
autonomy,3
temporary,3
hebrew,3
single,3
effect,3
also,3
gingrich,3
professional,3
provided,3
clientele,2
may,2
chronological,2
directors,2
regimentation,2
philadelphia,2
aid,2
york,2
whose,2
cottage,2
clinton,2
kenneth,2
l,2
faced,2
loyal,2
created,2
toward,2
result,2
resisted,2
limited,2
reconsidered,2
e,2
who,2
represented,2
changed,2
movement,2
center,2
life,2
responsible,2
illustrations,2
relationship,2
republicans,2
moreover,2
risks,2
citizens,2
cleveland,2
nor,2
financial,2
immigrant,2
adopt,2
under,2
policymakers,2
position,2
smith,2
today,2
image,2
harsh,2
environment,2
any,2
light,2
practice,2
following,2
same,2
service,2
shelters,2
too,2
age,2
negative,2
reports,2
accounts,2
work,2
payments,2
published,2
useful,2
progressives,2
neither,2
majority,2
given,2
important,2
eds,2
protestant,2
make,2
all,2
efforts,2
different,2
came,2
andrew,2
scholars,2
benevolent,2
adoption,2
porter,2
poverty,2
current,2
ideological,2
lived,2
clear,2
remain,2
c,2
board,2
staff,2
according,2
vocational,2
purposes,2
michael,2
see,2
refuge,2
deinstitutionalization,2
revived,2
asylums,2
her,2
while,2
wayne,2
alumni,2
some,2
made,2
after,2
clean,2
fallen,2
agencies,2
including,2
arose,2
far,2
trends,2
contacts,2
role,2
identity,2
encouraged,2
impose,2
morganthau,2
issues,2
questions,2
reinforced,2
time,2
dependence,2
students,2
years,2
development,2
opportunities,2
approach,2
experience,2
peter,2
eve,2
professionalization,2
keep,2
although,2
like,2
workers,2
effects,2
contrast,2
small,2
times,2
m,2
few,2
back,2
admitting,2
news,2
young,2
research,2
themselves,2
debate,2
when,2
orthodox,2
up,2
journal,2
need,2
training,2
should,2
evidence,2
increasing,1
deplorable,1
manner,1
european,1
confirm,1
enough,1
will,1
openness,1
failed,1
surprisingly,1
accepting,1
somewhat,1
transformed,1
changes,1
reviving,1
pacific,1
he,1
high,1
currently,1
mostly,1
second,1
graduation,1
fortunate,1
adequate,1
town,1
underclass,1
buildings,1
german,1
hegemony,1
played,1
duty,1
condemnation,1
matter,1
dore,1
recover,1
contact,1
autobiographies,1
heroes,1
she,1
operations,1
turmoil,1
conflicting,1
disturbed,1
declared,1
george,1
brandeis,1
sigman,1
gabriel,1
concerned,1
humanitarian,1
multitude,1
interference,1
extracurricular,1
growth,1
linda,1
abolished,1
main,1
separation,1
outsiders,1
short,1
vision,1
scull,1
staples,1
die,1
ready,1
reinvented,1
marshall,1
liberalize,1
employment,1
basic,1
ironically,1
movers,1
tried,1
affected,1
thrift,1
inside,1
reactionaries,1
inarticulate,1
lines,1
violence,1
recognizes,1
nearly,1
primarily,1
worthy,1
process,1
revisionism,1
barbara,1
upward,1
politicians,1
now,1
unsanitary,1
strongly,1
establishes,1
mayer,1
over,1
lynne,1
itself,1
force,1
expanded,1
drifting,1
unevenly,1
upbeat,1
importantly,1
dulberger,1
contribution,1
developments,1
similar,1
grew,1
solutions,1
intensive,1
paradoxically,1
relaxed,1
large,1
ashby,1
obsolete,1
complex,1
neat,1
hitherto,1
touched,1
reopened,1
bring,1
religious,1
denied,1
why,1
adolescents,1
authoritarian,1
reena,1
pity,1
use,1
mobility,1
analysis,1
enhance,1
sets,1
designed,1
fended,1
united,1
congressional,1
dickensian,1
philanthropic,1
once,1
overlooked,1
catastrophe,1
almshouses,1
uproar,1
cheap,1
broadened,1
criticism,1
merkelholguin,1
lutheran,1
english,1
motivation,1
extremely,1
types,1
support,1
hypotheses,1
making,1
katz,1
get,1
qualify,1
obstacle,1
send,1
conformed,1
amato,1
collins,1
surrogate,1
september,1
serve,1
conscious,1
professionalized,1
soon,1
ensure,1
east,1
meant,1
latter,1
former,1
judith,1
depersonalized,1
socialize,1
sara,1
mitigate,1
challenged,1
addressed,1
us,1
key,1
sex,1
thesis,1
dictates,1
publicly,1
stephanopolous,1
encourage,1
workplace,1
contextualize,1
total,1
advocate,1
modestly,1
abuses,1
constant,1
nutritionally,1
pipes,1
proposed,1
culture,1
callous,1
congregate,1
interpretative,1
something,1
regina,1
newsweek,1
house,1
economic,1
accomplishes,1
chief,1
argued,1
changing,1
reformatories,1
industrial,1
contempt,1
umbrella,1
themes,1
educational,1
test,1
emotional,1
agents,1
extensive,1
clarifying,1
resented,1
enforce,1
increasingly,1
whitelaw,1
deserved,1
powerful,1
functioned,1
tyor,1
gap,1
sector,1
beneficial,1
newt,1
fill,1
idealized,1
quantitative,1
sources,1
delivered,1
long,1
advised,1
labor,1
besides,1
temple,1
letters,1
repeatedly,1
critiques,1
name,1
creation,1
puts,1
tractable,1
victorian,1
answers,1
appreciation,1
subjected,1
tiffin,1
essays,1
handle,1
gaps,1
ii,1
comparative,1
sometimes,1
military,1
female,1
replace,1
concentrated,1
again,1
cut,1
questioned,1
attempt,1
pointed,1
stamps,1
privacy,1
methodology,1
put,1
intellectual,1
absurd,1
shortage,1
towards,1
taking,1
england,1
childhoods,1
water,1
official,1
gentle,1
missing,1
hillary,1
americanization,1
tradition,1
dissertations,1
pause,1
advance,1
problem,1
gary,1
worth,1
suggestions,1
minimize,1
substitute,1
longer,1
relieve,1
kennedy,1
idea,1
other,1
groups,1
seem,1
preserve,1
copy,1
fundamental,1
completing,1
best,1
could,1
recalled,1
advantage,1
pattern,1
together,1
accommodated,1
proposal,1
demise,1
appeared,1
americanize,1
brenzel,1
regard,1
extended,1
hunches,1
timing,1
four,1
uptown,1
doors,1
embracing,1
viii,1
effort,1
centers,1
agrees,1
cannot,1
interrelated,1
government,1
job,1
bitterness,1
xiii,1
eric,1
revival,1
luckiest,1
john,1
generalizations,1
concludes,1
inspired,1
kinds,1
jones,1
sturdy,1
deleterious,1
contemporary,1
proved,1
number,1
physical,1
claimed,1
mold,1
wayward,1
edward,1
uniforms,1
happiness,1
movie,1
ambivalent,1
help,1
placing,1
emotionally,1
harvard,1
base,1
serious,1
works,1
surprising,1
type,1
oliver,1
pursues,1
last,1
lunches,1
late,1
industriousness,1
places,1
written,1
wrongheaded,1
waifs,1
halforphan,1
insane,1
tangle,1
influences,1
do,1
cohen,1
learn,1
inculcate,1
restructured,1
similarly,1
homelike,1
enmeshing,1
lens,1
play,1
spokespersons,1
approved,1
focused,1
rent,1
reading,1
inmates,1
war,1
johns,1
literature,1
differing,1
existing,1
report,1
depicts,1
whether,1
ch,1
terms,1
population,1
schneider,1
form,1
overcrowded,1
sweeping,1
ones,1
languishing,1
strategies,1
involvement,1
fall,1
suffered,1
concealed,1
council,1
gilded,1
supports,1
particular,1
muckraking,1
outright,1
safe,1
add,1
norms,1
slums,1
liberalization,1
xiv,1
martha,1
procedures,1
plain,1
saving,1
behavioral,1
belief,1
vigorously,1
guberman,1
ceased,1
video,1
books,1
protean,1
historians,1
unsavory,1
money,1
periodization,1
streets,1
complexity,1
hopkins,1
encouraging,1
sought,1
free,1
another,1
chair,1
revises,1
bitterly,1
sanguine,1
killed,1
healthy,1
routinized,1
expensive,1
twist,1
undermined,1
such,1
boys,1
well,1
remained,1
larger,1
homeless,1
becoming,1
responded,1
design,1
interpreting,1
directly,1
huge,1
indifference,1
advisor,1
original,1
percent,1
u,1
kunzel,1
placement,1
group,1
richness,1
missed,1
felt,1
historiographically,1
classes,1
politics,1
w,1
closed,1
dolan,1
distress,1
diverse,1
condition,1
clarke,1
clients,1
formerly,1
strain,1
depiction,1
measures,1
popular,1
delinquents,1
inviting,1
triumphing,1
effectiveness,1
background,1
treated,1
radically,1
sincere,1
interest,1
discovery,1
founded,1
strict,1
qualifications,1
hacsi,1
unquestionably,1
countered,1
liberalizing,1
true,1
transcend,1
writes,1
future,1
meals,1
concept,1
dire,1
invited,1
mental,1
brought,1
staffing,1
attached,1
conclude,1
nature,1
obedient,1
part,1
city,1
immoral,1
educated,1
sent,1
delinquent,1
looking,1
sherraden,1
nation,1
along,1
dirty,1
department,1
blockbuster,1
urban,1
sophisticated,1
solemn,1
gender,1
routinely,1
interviews,1
description,1
simply,1
controls,1
went,1
loss,1
year,1
food,1
boarding,1
benefit,1
older,1
operated,1
resistance,1
emphasize,1
bogen,1
policies,1
clothing,1
factor,1
describes,1
allowed,1
demonstrates,1
subtly,1
challenges,1
records,1
people,1
karen,1
aside,1
takeover,1
noted,1
thing,1
actually,1
avenues,1
segregation,1
being,1
ethnic,1
think,1
daughters,1
proves,1
varied,1
thus,1
freedoms,1
our,1
throughout,1
unmarried,1
denying,1
secrecy,1
science,1
principle,1
disciplined,1
demands,1
warped,1
g,1
shelter,1
relationships,1
repressor,1
spring,1
breaks,1
missions,1
definition,1
eventual,1
accountable,1
unable,1
polster,1
ties,1
maladjusted,1
selectively,1
redefinition,1
quotation,1
medical,1
since,1
socialcontrol,1
tax,1
attributed,1
moral,1
graduate,1
else,1
twentieth,1
directed,1
camps,1
tables,1
b,1
either,1
judaism,1
national,1
comparing,1
samuel,1
piecemeal,1
rapidly,1
reputation,1
accept,1
animosity,1
lady,1
crisis,1
dangerous,1
shed,1
insulating,1
general,1
least,1
instead,1
modifies,1
predilections,1
correct,1
successful,1
critics,1
alienated,1
hard,1
would,1
period,1
rosy,1
appreciated,1
function,1
guiding,1
tom,1
unbelievable,1
hire,1
psychiatric,1
individualism,1
deficits,1
unhealthy,1
states,1
housed,1
wards,1
integration,1
shakers,1
regular,1
next,1
costs,1
catholic,1
kind,1
complicate,1
attempted,1
earlier,1
turn,1
standard,1
day,1
rejecting,1
adjustment,1
resting,1
measured,1
individual,1
association,1
old,1
taught,1
better,1
nurith,1
contradiction,1
evident,1
systematically,1
several,1
rodham,1
constituency,1
portrait,1
favored,1
each,1
sufficient,1
controllers,1
wider,1
potential,1
contrary,1
highly,1
spacious,1
revealing,1
surfaced,1
jamil,1
response,1
web,1
folk,1
breaking,1
chambers,1
reality,1
zainaldin,1
confinement,1
leader,1
become,1
robbed,1
narrow,1
choosing,1
decline,1
schedules,1
americanizing,1
compared,1
gordon,1
unlikely,1
overcrowding,1
point,1
downs,1
effective,1
twice,1
prisons,1
overcomes,1
unpublished,1
timothy,1
price,1
holloran,1
create,1
annual,1
lisa,1
asylumimage,1
shrill,1
childsavers,1
consequently,1
bred,1
little,1
purpose,1
communication,1
look,1
unregulated,1
using,1
watchdog,1
among,1
hyman,1
leroy,1
pennsylvania,1
paradoxical,1
north,1
traditions,1
structured,1
simplistic,1
marketplace,1
hanover,1
quarter,1
grateful,1
unrepresentative,1
finds,1
acted,1
join,1
valuable,1
stigma,1
rates,1
convincingly,1
massive,1
activities,1
promising,1
stanley,1
justice,1
perception,1
experienced,1
examines,1
sobriety,1
visit,1
infants,1
refuting,1
