WORDCOUNTS,WEIGHT
the,184
of,106
and,100
in,81
to,63
a,57
s,32
that,29
was,27
as,23
p,21
on,21
clarks,20
they,20
northside,18
mamie,18
for,17
kenneth,16
is,16
with,16
center,16
their,15
from,14
race,14
but,13
its,13
black,13
between,13
she,12
history,12
book,12
her,12
clark,12
it,11
this,11
at,10
not,10
new,10
were,10
rosner,10
markowitz,10
social,9
children,9
who,9
through,9
york,8
american,8
more,8
had,8
racial,8
community,8
authors,8
when,8
no,7
his,7
white,7
by,7
first,7
psychology,7
relations,7
or,6
into,6
harlem,6
important,6
historical,6
political,6
work,6
programs,6
which,6
years,6
an,6
than,6
he,5
later,5
how,5
women,5
defining,5
where,5
while,5
divide,5
platt,5
integration,5
after,5
professional,5
racism,4
rights,4
college,4
study,4
about,4
united,4
university,4
only,4
power,4
phipps,4
out,4
very,4
there,4
war,4
reviews,4
agencies,4
public,4
clinic,4
up,4
mental,4
city,4
despite,4
civil,4
became,4
during,4
health,4
against,4
would,4
around,4
research,4
chicago,4
like,4
much,4
we,4
model,3
go,3
fifty,3
now,3
relationship,3
child,3
provide,3
within,3
developed,3
career,3
tried,3
get,3
one,3
agency,3
education,3
support,3
under,3
tensions,3
organized,3
long,3
m,3
again,3
are,3
came,3
key,3
services,3
best,3
together,3
i,3
academic,3
staff,3
poverty,3
time,3
money,3
u,3
america,3
well,3
some,3
urban,3
part,3
enormous,3
press,3
change,3
policies,3
segregation,3
until,3
negro,3
ignored,3
own,3
have,3
approach,3
controversies,3
contributions,3
june,3
become,3
themselves,3
also,3
world,3
roots,3
chronological,2
does,2
politicians,2
opposed,2
gerald,2
innovative,2
ii,2
equality,2
note,2
dilemma,2
if,2
anthony,2
action,2
doctorate,2
service,2
inside,2
acknowledged,2
multi,2
still,2
them,2
movement,2
federal,2
meanwhile,2
psychiatry,2
decided,2
serve,2
us,2
family,2
school,2
liberal,2
just,2
culture,2
believed,2
impact,2
families,2
too,2
age,2
most,2
educational,2
experience,2
ever,2
increasingly,2
sources,2
modest,2
rather,2
willing,2
guidance,2
recruited,2
over,2
worked,2
control,2
sure,2
commission,2
contained,2
board,2
found,2
proposal,2
husband,2
report,2
achievement,2
served,2
government,2
job,2
xiii,2
any,2
radical,2
court,2
illness,2
never,2
racist,2
emphasized,2
do,2
cultural,2
according,2
myrdal,2
papers,2
strategies,2
promise,2
practice,2
deep,2
has,2
jewish,2
models,2
local,2
iq,2
howard,2
politics,2
understanding,2
father,2
paying,2
both,2
made,2
richard,2
start,2
student,2
writings,2
brought,2
met,2
benefactors,2
liberals,2
identity,2
use,2
place,2
issues,2
clients,2
our,2
contribution,2
youth,2
psychiatrists,2
received,2
medical,2
finally,2
makes,2
crisis,2
good,2
instead,2
david,2
need,2
cases,2
small,2
needs,2
back,2
internal,2
columbia,2
young,2
rejection,2
left,2
be,2
henry,2
working,2
even,2
little,2
abandoned,2
conceded,2
garrett,2
pragmatism,1
south,1
empathetic,1
embarked,1
principled,1
front,1
testify,1
third,1
liberalism,1
rosenwald,1
illusory,1
soured,1
second,1
eclectic,1
o,1
business,1
whose,1
hustled,1
played,1
limits,1
materials,1
overly,1
hine,1
strike,1
implemented,1
way,1
federation,1
enter,1
scientific,1
economic,1
guides,1
performance,1
privately,1
groups,1
doctoral,1
across,1
vision,1
expand,1
socialservice,1
respectful,1
ideology,1
activists,1
haryou,1
herrnstein,1
commitment,1
prose,1
program,1
surprisingly,1
kerner,1
battle,1
organizing,1
reconsidered,1
machinations,1
bergman,1
fruit,1
wing,1
defended,1
lies,1
institutions,1
despairing,1
backlash,1
e,1
constraints,1
visionary,1
positioned,1
unique,1
active,1
jamaicans,1
seen,1
formative,1
succinct,1
integrationist,1
team,1
inability,1
force,1
technically,1
worse,1
dirt,1
earlier,1
controlling,1
opposition,1
markers,1
flexible,1
test,1
forcing,1
turn,1
unprecedented,1
initially,1
group,1
reflection,1
try,1
least,1
desegregation,1
complex,1
could,1
organizer,1
aligned,1
integrity,1
life,1
why,1
settled,1
witness,1
antagonisms,1
often,1
fate,1
clayton,1
enabled,1
effective,1
illustrations,1
analysis,1
available,1
continually,1
retrenchment,1
frazier,1
reflections,1
once,1
schools,1
surprising,1
cuts,1
frontier,1
live,1
transform,1
moreover,1
reappears,1
charlottesville,1
mother,1
injuries,1
thought,1
violence,1
atmosphere,1
modified,1
itself,1
opportunities,1
lives,1
coverage,1
worlds,1
pp,1
testy,1
struggle,1
association,1
applied,1
many,1
bad,1
immigrant,1
fail,1
earliest,1
consider,1
challenged,1
carve,1
basis,1
functionary,1
neither,1
doctrinaire,1
thesis,1
index,1
seems,1
allies,1
originality,1
v,1
participants,1
persecution,1
home,1
emergence,1
clearly,1
antipoverty,1
biographical,1
islam,1
panama,1
send,1
same,1
n,1
barrel,1
academics,1
series,1
variety,1
demonstrates,1
source,1
several,1
indian,1
defend,1
ethnic,1
faith,1
freudianism,1
academia,1
these,1
xi,1
orientation,1
four,1
proficient,1
show,1
two,1
ferment,1
simply,1
actors,1
mention,1
economically,1
initiating,1
people,1
sex,1
origins,1
medically,1
powerful,1
known,1
follow,1
gap,1
rican,1
either,1
beyond,1
picture,1
shed,1
unearthed,1
useful,1
inc,1
organization,1
aspire,1
party,1
putting,1
constituency,1
disappearing,1
whom,1
organizations,1
problems,1
funding,1
successfully,1
dished,1
psychiatric,1
terrains,1
psychosocial,1
onwards,1
set,1
coauthored,1
founding,1
challenge,1
separatist,1
forty,1
negroes,1
cloward,1
figure,1
strategy,1
coincide,1
pity,1
evaporated,1
trained,1
others,1
drawing,1
remedial,1
view,1
sourcebook,1
uncluttered,1
dependency,1
selfidentity,1
backed,1
partner,1
primarily,1
friends,1
all,1
addition,1
projects,1
country,1
financial,1
constantly,1
prestigious,1
maze,1
moving,1
efforts,1
suffered,1
my,1
damaged,1
unlike,1
adds,1
inaction,1
company,1
outside,1
kennedy,1
ghetto,1
nancy,1
professions,1
scientists,1
scholars,1
leading,1
endless,1
bourgeoisie,1
down,1
straightforward,1
broken,1
segregationists,1
wracked,1
difficulty,1
speeches,1
reasons,1
match,1
amity,1
attack,1
doors,1
teachers,1
inevitably,1
narrative,1
might,1
peter,1
franklin,1
gulf,1
connell,1
transferred,1
practitioners,1
thanks,1
closer,1
casework,1
shanker,1
forging,1
justification,1
powell,1
state,1
debates,1
light,1
appreciative,1
arthur,1
brilliance,1
doubt,1
disillusionment,1
useless,1
real,1
cities,1
golden,1
stomach,1
man,1
sentimentality,1
muhammad,1
harvard,1
disputes,1
failures,1
reliant,1
external,1
malignant,1
living,1
rhetoric,1
pathological,1
alternated,1
psychologists,1
turned,1
behind,1
abandon,1
learn,1
established,1
activism,1
supporters,1
lens,1
remarkable,1
born,1
differences,1
california,1
scholarly,1
puerto,1
influential,1
committed,1
what,1
must,1
hostility,1
segregated,1
johns,1
lead,1
existing,1
intermingled,1
accepted,1
context,1
jensen,1
orthodoxy,1
whether,1
terms,1
greenwood,1
form,1
renaissance,1
less,1
system,1
cloying,1
defense,1
doctorates,1
albert,1
philanthropists,1
strategist,1
era,1
darlene,1
governmental,1
hoped,1
foundation,1
pork,1
approached,1
required,1
metropolitan,1
eds,1
leaving,1
foundational,1
historians,1
professionals,1
heavily,1
behavioral,1
hopkins,1
going,1
free,1
huge,1
sexual,1
won,1
thousands,1
because,1
great,1
victims,1
failure,1
explored,1
hopeful,1
regarding,1
careful,1
balance,1
influenced,1
emphasizing,1
powerlessness,1
detractors,1
imprisoned,1
recognizing,1
virginia,1
determined,1
pockets,1
line,1
helped,1
closed,1
data,1
diverse,1
used,1
acknowledgment,1
divided,1
broadly,1
survive,1
julius,1
strengths,1
background,1
alliance,1
bibliography,1
completed,1
role,1
universities,1
upon,1
giddings,1
vote,1
possible,1
garner,1
decisions,1
instructor,1
clear,1
reader,1
russo,1
hoping,1
west,1
lifetime,1
given,1
point,1
except,1
parents,1
x,1
individual,1
timely,1
example,1
practices,1
agnes,1
cited,1
related,1
cooperation,1
nation,1
department,1
exploring,1
convinced,1
african,1
promises,1
investing,1
subject,1
interviews,1
description,1
entrepreneur,1
texture,1
got,1
everywhere,1
forged,1
significant,1
disappears,1
colonialism,1
impulses,1
hybridity,1
private,1
recounts,1
democratic,1
operated,1
assumption,1
lesson,1
unrecognized,1
inherited,1
broad,1
partly,1
records,1
funded,1
doll,1
combating,1
elijah,1
potentiality,1
participated,1
opened,1
evolution,1
neglect,1
credited,1
fawning,1
paula,1
central,1
domination,1
nothing,1
continue,1
eminent,1
mentor,1
unexplored,1
throughout,1
swift,1
personal,1
full,1
review,1
married,1
states,1
widened,1
psychologist,1
stayed,1
derailed,1
ultimately,1
students,1
examples,1
described,1
author,1
argument,1
difficulties,1
president,1
inner,1
development,1
open,1
volunteer,1
challenging,1
understand,1
riot,1
fiscal,1
engages,1
graduate,1
healing,1
realized,1
sacramento,1
publication,1
interracial,1
doctor,1
arkansas,1
victory,1
essay,1
tough,1
workers,1
counter,1
maybe,1
contributed,1
offer,1
gunnar,1
batter,1
needed,1
typically,1
integrated,1
successful,1
brokers,1
caribbean,1
d,1
building,1
hard,1
moynihan,1
jr,1
so,1
him,1
revolution,1
theoretically,1
suggest,1
appointment,1
high,1
tested,1
century,1
thoughtful,1
collected,1
already,1
hitherto,1
doing,1
politically,1
forced,1
colleagues,1
order,1
practiced,1
guided,1
renewal,1
unity,1
graduated,1
quite,1
adam,1
legacy,1
different,1
nor,1
involved,1
old,1
speak,1
talents,1
canons,1
teams,1
keep,1
perspective,1
gets,1
frustrating,1
blackwhite,1
recognition,1
especially,1
retire,1
driving,1
few,1
bigots,1
article,1
guilt,1
pioneering,1
trying,1
promised,1
settle,1
significantly,1
psychological,1
extraordinary,1
reads,1
races,1
recipients,1
sight,1
ascendancy,1
archival,1
conclude,1
klineberg,1
felipe,1
kids,1
despair,1
otto,1
however,1
can,1
alliances,1
division,1
fully,1
early,1
explore,1
grudging,1
behaviorism,1
ghastly,1
factions,1
mediators,1
wanted,1
preserving,1
stormy,1
fellowship,1
critique,1
fbi,1
saw,1
resignation,1
cycle,1
notes,1
intransigence,1
william,1
educators,1
professionally,1
crime,1
evidence,1
ago,1
society,1
scandals,1
outright,1
generation,1
resources,1
shockley,1
attention,1
regressive,1
moved,1
desegregating,1
close,1
master,1
overdue,1
babies,1
brown,1
antiracist,1
unused,1
johnson,1
separate,1
grants,1
battles,1
neoconservative,1
