WORDCOUNTS,WEIGHT
the,187
of,110
and,73
to,56
in,55
he,43
a,42
is,32
on,32
that,28
kissinger,26
as,24
it,22
power,20
for,20
american,20
s,19
his,18
wilson,18
world,18
war,17
its,16
by,15
with,14
this,14
or,13
policy,12
which,12
states,12
be,12
an,11
united,10
national,10
foreign,9
not,9
was,9
history,9
but,9
european,8
america,8
people,8
sees,8
diplomacy,8
would,8
what,7
balance,7
cold,7
at,6
no,6
independence,6
who,6
their,6
security,6
from,6
unterberger,6
two,6
had,6
never,6
politics,6
have,6
order,6
russia,6
should,6
if,5
view,5
one,5
diplomatic,5
military,5
government,5
idealism,5
has,5
chapters,5
own,5
against,5
reviews,4
pp,4
us,4
then,4
first,4
m,4
europe,4
based,4
book,4
new,4
i,4
other,4
according,4
empire,4
while,4
chapter,4
international,4
made,4
values,4
concept,4
peace,4
collective,4
were,4
betty,4
interest,4
although,4
revolution,4
term,4
france,4
bismarck,4
woodrow,4
than,4
nations,3
democracy,3
jeffersonian,3
statecraft,3
been,3
leading,3
force,3
intervention,3
germany,3
about,3
itself,3
stable,3
allies,3
must,3
stalin,3
vietnam,3
either,3
followed,3
are,3
december,3
conduct,3
domestic,3
any,3
how,3
richelieu,3
shall,3
where,3
czechoslovakia,3
takes,3
however,3
because,3
development,3
through,3
role,3
use,3
during,3
only,3
they,3
twentieth,3
sense,3
upon,3
so,3
after,3
realist,3
jefferson,3
between,3
alliances,3
when,3
building,3
influence,3
rest,3
him,3
final,2
miller,2
rights,2
link,2
simultaneously,2
declaration,2
german,2
russian,2
way,2
continued,2
rather,2
economic,2
soviet,2
geopolitics,2
vienna,2
mexican,2
lines,2
revolutionary,2
being,2
recognize,2
asia,2
analysis,2
recognized,2
support,2
centuries,2
thinks,2
struggle,2
considered,2
university,2
western,2
presents,2
thinking,2
idealist,2
result,2
al,2
threat,2
most,2
simply,2
ever,2
continues,2
theme,2
social,2
actually,2
more,2
interests,2
important,2
strategy,2
decades,2
all,2
goal,2
efforts,2
encourage,2
et,2
together,2
versailles,2
britain,2
right,2
indeed,2
napoleon,2
particularly,2
john,2
realpolitik,2
end,2
historical,2
great,2
roosevelt,2
papers,2
paris,2
those,2
china,2
agreements,2
them,2
terms,2
system,2
eds,2
trade,2
eastern,2
struggling,2
shape,2
another,2
account,2
original,2
basis,2
used,2
conference,2
both,2
powers,2
alliance,2
limitations,2
thereby,2
became,2
pww,2
tenure,2
aims,2
arthur,2
largely,2
advises,2
policies,2
pursuing,2
bolsheviks,2
origin,2
ethnic,2
recovery,2
franklin,2
throughout,2
personal,2
rise,2
believes,2
relationships,2
internal,2
clear,2
three,2
moral,2
crisis,2
relations,2
walter,2
like,2
period,2
regardless,2
suez,2
century,2
lie,2
metternich,2
last,2
around,2
hungarian,2
become,2
themselves,2
can,2
d,2
postwar,2
beacon,2
up,2
including,2
given,2
overthrow,2
leadership,2
tragic,2
major,2
wilsonian,2
cooperation,1
may,1
deprives,1
militarily,1
maintenance,1
will,1
does,1
encourages,1
opposed,1
aspirations,1
now,1
churchill,1
liberalism,1
interesting,1
high,1
currently,1
relationship,1
noteworthy,1
anticolonial,1
business,1
york,1
transforming,1
dangerously,1
understands,1
glittering,1
played,1
advocate,1
matter,1
interdependent,1
practices,1
various,1
difficult,1
acid,1
journey,1
buffoon,1
dilemma,1
sometimes,1
crucial,1
within,1
critical,1
next,1
main,1
miserable,1
doctoral,1
infamous,1
maps,1
created,1
catanzariti,1
foster,1
surprisingly,1
techniques,1
bolshevik,1
indispensable,1
basic,1
imperatives,1
might,1
everyone,1
credibility,1
reconsidered,1
misinterprets,1
classic,1
tenets,1
playing,1
commit,1
struggled,1
perfection,1
notion,1
process,1
communism,1
becomes,1
dulles,1
europeans,1
sensitive,1
fdr,1
environments,1
nato,1
still,1
mundane,1
granted,1
notably,1
bill,1
protectionist,1
philosophy,1
implicit,1
stride,1
apologia,1
originated,1
told,1
ii,1
derived,1
conducted,1
direct,1
balanced,1
deepest,1
benjamin,1
life,1
why,1
introductory,1
methods,1
danger,1
excommunist,1
illustrations,1
mankind,1
convictions,1
govern,1
feel,1
hope,1
word,1
containment,1
factors,1
respect,1
limitless,1
yet,1
tendencies,1
exceptional,1
approaches,1
done,1
determination,1
treaty,1
favor,1
makes,1
rules,1
federalist,1
presidents,1
upheaval,1
thought,1
genius,1
later,1
east,1
isolationist,1
former,1
matters,1
thesis,1
index,1
recreation,1
demographic,1
virtually,1
familiar,1
spreading,1
revolutionaries,1
publicly,1
title,1
acting,1
home,1
dated,1
combined,1
dooming,1
clearly,1
light,1
enunciated,1
section,1
just,1
arrived,1
realities,1
nineteenth,1
regrettably,1
castlereagh,1
communists,1
colonial,1
source,1
isaacson,1
observations,1
grand,1
these,1
single,1
provocative,1
founded,1
show,1
department,1
violations,1
economically,1
moments,1
said,1
uprising,1
came,1
powerful,1
frustration,1
else,1
orange,1
avoided,1
affairs,1
present,1
constructed,1
volume,1
failing,1
anyone,1
reintroduces,1
lead,1
gatt,1
profound,1
hereafter,1
also,1
bolshevism,1
spring,1
statements,1
here,1
dissertation,1
concerns,1
sections,1
omission,1
dominant,1
ride,1
danubian,1
give,1
camp,1
limit,1
korean,1
acquired,1
toward,1
purely,1
others,1
dimension,1
interference,1
rapid,1
checklist,1
italics,1
secretary,1
over,1
constitution,1
propagandizing,1
realists,1
agenda,1
principle,1
action,1
into,1
each,1
matching,1
union,1
official,1
opening,1
blamed,1
uses,1
reestablish,1
extols,1
thus,1
confederation,1
shows,1
longer,1
global,1
historians,1
preserve,1
believe,1
fundamental,1
tradition,1
did,1
best,1
interwoven,1
blocks,1
dictate,1
leaders,1
down,1
borders,1
possible,1
demonstrating,1
speeches,1
nevertheless,1
reasons,1
hits,1
presence,1
whereon,1
p,1
attack,1
allied,1
make,1
euphemism,1
rich,1
thirties,1
follows,1
really,1
studied,1
recalls,1
atlantic,1
concludes,1
far,1
equilibrium,1
nafta,1
biographical,1
benefit,1
noting,1
formulating,1
examining,1
seldom,1
past,1
initial,1
triumphed,1
pitfalls,1
experts,1
circumvented,1
secretly,1
type,1
february,1
absolutely,1
merely,1
forms,1
state,1
cited,1
none,1
emphasized,1
believed,1
do,1
henry,1
peaceful,1
journalists,1
henceforth,1
political,1
game,1
successes,1
somewhat,1
committed,1
theodore,1
deceptive,1
johns,1
existing,1
accepted,1
shared,1
spatial,1
appears,1
whether,1
titans,1
prefers,1
form,1
persons,1
less,1
quagmire,1
pact,1
cause,1
younger,1
revolt,1
era,1
uttered,1
material,1
covers,1
japan,1
despite,1
contrasting,1
merrill,1
writes,1
monster,1
arming,1
vigorously,1
recognizes,1
profit,1
opposition,1
public,1
task,1
legitimate,1
sovietamerican,1
hopkins,1
sought,1
possibility,1
encountered,1
criteria,1
killed,1
brilliant,1
hitler,1
motivating,1
ibid,1
well,1
commitments,1
watershed,1
years,1
advisor,1
almost,1
simon,1
participation,1
episode,1
grouping,1
pleases,1
image,1
some,1
virginia,1
determined,1
understanding,1
permeated,1
concentrating,1
contain,1
size,1
peoples,1
neatly,1
front,1
popular,1
scope,1
intent,1
examples,1
autocratic,1
schuster,1
qualifications,1
presented,1
demonic,1
patient,1
occasionally,1
peacemakers,1
circumstances,1
persuaded,1
west,1
whatever,1
four,1
point,1
refurbish,1
domination,1
regards,1
conceivable,1
very,1
allocates,1
competing,1
enormous,1
civil,1
resources,1
laws,1
guiding,1
ingenious,1
calls,1
strongest,1
secret,1
chart,1
press,1
along,1
test,1
object,1
supreme,1
revealed,1
himself,1
abandoned,1
hapsburg,1
subject,1
plans,1
impose,1
rigid,1
asian,1
territory,1
significant,1
colonialism,1
moralizing,1
masterful,1
hersch,1
lesson,1
emphasize,1
discussion,1
idealists,1
morality,1
contains,1
congress,1
concentrate,1
noted,1
pleasure,1
ensuing,1
writing,1
relies,1
human,1
defensively,1
evolution,1
conflict,1
central,1
documentary,1
berlin,1
contrasts,1
our,1
nixon,1
come,1
away,1
collapse,1
northeast,1
office,1
question,1
experiences,1
spirit,1
participate,1
ultimately,1
until,1
impassioned,1
showing,1
rage,1
shrewd,1
negotiating,1
such,1
argues,1
injured,1
league,1
open,1
ethnicity,1
run,1
unilateral,1
since,1
interpreted,1
there,1
historic,1
legitimacy,1
realized,1
mackinder,1
scathing,1
machine,1
certain,1
author,1
sustain,1
concentrates,1
someone,1
interpret,1
dangerous,1
published,1
ability,1
unending,1
considers,1
vested,1
instead,1
predilections,1
correct,1
statesman,1
realism,1
caused,1
change,1
price,1
cultural,1
field,1
tacit,1
embodied,1
aggrandizement,1
stage,1
excuse,1
obvious,1
strategic,1
kind,1
practiced,1
seymour,1
exponent,1
doomsday,1
progressive,1
turn,1
reaches,1
implacable,1
settlement,1
provides,1
inserted,1
thomas,1
event,1
remains,1
self,1
better,1
measures,1
hemisphere,1
openly,1
perspective,1
orders,1
writings,1
instincts,1
mind,1
restored,1
depend,1
especially,1
problems,1
recommends,1
back,1
overambitious,1
highly,1
trying,1
response,1
valuable,1
brought,1
holds,1
flawed,1
claustrophobia,1
viable,1
moving,1
successful,1
protect,1
texas,1
tactics,1
left,1
third,1
crusade,1
negotiate,1
describing,1
impossible,1
cardinal,1
obligation,1
find,1
undemocratic,1
occasions,1
pitt,1
substantial,1
working,1
extent,1
consequently,1
pays,1
participant,1
look,1
saw,1
comparable,1
sanctioned,1
french,1
recent,1
notes,1
traditions,1
william,1
broader,1
provided,1
peterson,1
lincoln,1
finds,1
separate,1
attention,1
lafeber,1
join,1
close,1
unashamed,1
pleas,1
widely,1
super,1
examines,1
commanders,1
warnings,1
valiantly,1
inevitability,1
