WORDCOUNTS,WEIGHT
the,261
of,115
to,73
in,72
and,70
a,48
is,45
that,36
their,30
s,30
it,27
as,25
they,20
on,19
this,18
elkins,16
by,16
mckitrick,16
with,15
was,15
which,15
for,14
political,13
but,13
ideological,13
an,13
not,12
are,12
one,12
at,11
about,11
federalism,10
other,10
its,10
be,10
ideology,9
american,9
what,9
way,8
from,8
has,8
were,8
authors,8
national,8
than,8
role,7
decade,7
he,7
most,7
more,7
over,7
book,7
though,7
period,7
so,7
between,7
era,7
united,6
or,6
jay,6
had,6
hamilton,6
key,6
account,6
republic,6
story,6
states,6
his,5
federalists,5
brief,5
federalist,5
country,5
only,5
opposition,5
could,5
new,5
chapter,5
discussion,5
have,5
approach,5
after,5
buel,5
attention,5
diplomatic,4
shining,4
treaty,4
history,4
two,4
text,4
did,4
p,4
court,4
i,4
cultural,4
relevant,4
rebellion,4
issue,4
controversy,4
introductory,4
some,4
politics,4
work,4
point,4
largely,4
repeatedly,4
moment,4
france,4
madison,4
also,4
fiscal,4
european,3
does,3
without,3
action,3
economic,3
breadth,3
revolutionary,3
who,3
make,3
achievements,3
reason,3
university,3
matters,3
residency,3
themes,3
simply,3
first,3
until,3
french,3
important,3
view,3
all,3
many,3
capital,3
parties,3
fact,3
leaders,3
followers,3
thoroughness,3
larger,3
deal,3
going,3
just,3
readers,3
state,3
do,3
where,3
them,3
less,3
see,3
system,3
british,3
jefferson,3
can,3
occasional,3
tension,3
public,3
future,3
these,3
both,3
consciousness,3
reader,3
part,3
got,3
place,3
actually,3
interested,3
own,3
washington,3
authoritative,3
good,3
although,3
played,3
off,3
themselves,3
britain,3
early,3
traditional,3
focus,3
much,3
paid,3
versus,3
will,2
go,2
revisionist,2
me,2
century,2
variety,2
act,2
been,2
vision,2
examine,2
play,2
exception,2
study,2
determinative,2
often,2
remind,2
sets,2
directory,2
marginal,2
under,2
realities,2
around,2
us,2
originality,2
sketches,2
before,2
negotiators,2
given,2
contexts,2
age,2
people,2
origins,2
explaining,2
volume,2
willingness,2
consequence,2
long,2
resolution,2
june,2
instance,2
taken,2
figure,2
might,2
nature,2
dramatically,2
handling,2
agenda,2
scholars,2
sure,2
domestic,2
then,2
any,2
how,2
events,2
last,2
equally,2
decisively,2
bailyn,2
reviews,2
context,2
making,2
want,2
placed,2
interval,2
problem,2
gives,2
insecure,2
fully,2
wood,2
because,2
well,2
original,2
another,2
those,2
powers,2
richard,2
presented,2
dinner,2
purpose,2
despite,2
apparent,2
press,2
nation,2
negotiation,2
elite,2
positions,2
lies,2
substance,2
assumption,2
during,2
issues,2
broad,2
congress,2
aspect,2
individuals,2
throughout,2
level,2
false,2
question,2
tell,2
won,2
such,2
inner,2
marginalize,2
personalities,2
interest,2
sense,2
price,2
like,2
working,2
jr,2
function,2
shaping,2
revolution,2
attributes,2
thing,2
standard,2
developments,2
old,2
definitive,2
perspective,2
talleyrand,2
treats,2
subjects,2
inspired,2
left,2
respond,2
find,2
always,2
when,2
bargain,2
even,2
little,2
resolutions,2
here,2
capitol,2
should,2
tenuous,2
am,2
master,2
implementation,2
seemed,2
limiting,1
subsequently,1
survived,1
may,1
chronological,1
implicitly,1
enough,1
defective,1
bernard,1
accepting,1
yields,1
decentralizers,1
republican,1
exhaustively,1
suppressing,1
dividedness,1
humiliate,1
relationship,1
second,1
philadelphia,1
situation,1
york,1
essential,1
perspectives,1
difficult,1
operations,1
rather,1
bulk,1
kenneth,1
meticulously,1
crucial,1
johns,1
farce,1
foreign,1
failed,1
magisterial,1
geopolitics,1
synthesis,1
service,1
located,1
result,1
program,1
surprisingly,1
defining,1
notion,1
calculation,1
remote,1
bolivar,1
players,1
directions,1
locating,1
progressively,1
judgment,1
arrangements,1
technically,1
notably,1
counterfactual,1
upbeat,1
sponsored,1
similar,1
importance,1
b,1
told,1
reflection,1
large,1
dignify,1
least,1
direct,1
complex,1
strategic,1
decisions,1
life,1
pages,1
instructions,1
elaborate,1
analysis,1
unrealistic,1
undoubtedly,1
feel,1
awareness,1
word,1
once,1
referring,1
republicans,1
surprising,1
factors,1
oxford,1
characteristically,1
factional,1
warfare,1
support,1
unconventional,1
get,1
pressing,1
opportunities,1
determination,1
tenyear,1
easily,1
elitist,1
pp,1
read,1
struggle,1
nor,1
paying,1
peripherally,1
differences,1
counterparts,1
insofar,1
seat,1
considerations,1
considered,1
cement,1
consider,1
detail,1
policy,1
outwitted,1
index,1
outmaneuvered,1
seems,1
xyz,1
presidency,1
boundless,1
bit,1
ambitious,1
eventually,1
teaches,1
illusions,1
tells,1
biographical,1
emotions,1
elsewhere,1
judgments,1
unimportant,1
following,1
same,1
something,1
shays,1
whiskey,1
concession,1
nobly,1
comes,1
conclusion,1
nonetheless,1
naval,1
process,1
lament,1
complexity,1
descriptions,1
cooke,1
luminous,1
too,1
impetuosity,1
already,1
situations,1
turning,1
provocative,1
show,1
hatred,1
provokes,1
extensive,1
constructionists,1
insolence,1
being,1
said,1
additional,1
beside,1
follow,1
discretion,1
else,1
t,1
beyond,1
defeat,1
present,1
longer,1
triumphant,1
lavish,1
paradigms,1
party,1
worst,1
perform,1
insider,1
certainly,1
creation,1
progressed,1
distinguishing,1
human,1
alternative,1
interests,1
destructive,1
exclusive,1
napoleonic,1
set,1
silences,1
power,1
chaos,1
opinion,1
dimension,1
attempt,1
constitution,1
chance,1
trying,1
perceive,1
put,1
commanded,1
alienation,1
worked,1
usually,1
into,1
each,1
analogies,1
towards,1
begged,1
devoted,1
contention,1
j,1
turn,1
paper,1
response,1
lacked,1
historiography,1
words,1
my,1
attribute,1
outside,1
potomac,1
occasionreviews,1
transcended,1
location,1
conduct,1
xii,1
explores,1
pledge,1
down,1
striking,1
rule,1
found,1
creative,1
plan,1
expense,1
emergence,1
half,1
great,1
powerless,1
reasons,1
surprised,1
triumph,1
conflated,1
luxuriant,1
right,1
grenville,1
developed,1
loyalty,1
portrayal,1
swung,1
superiors,1
manifested,1
time,1
germans,1
follows,1
particularly,1
able,1
format,1
link,1
speculation,1
perfectly,1
reveal,1
facilitate,1
very,1
localist,1
demise,1
clause,1
debates,1
comprehensiveness,1
fries,1
substantially,1
virginians,1
resolved,1
purview,1
him,1
considerable,1
captured,1
distinctive,1
free,1
past,1
there,1
efforts,1
conferred,1
appeared,1
works,1
emerges,1
assessment,1
pathological,1
relegated,1
big,1
wesleyan,1
puzzling,1
musings,1
wise,1
hand,1
trouble,1
monochromatic,1
precisely,1
limited,1
monographs,1
stature,1
napoleon,1
ideologies,1
principal,1
supporters,1
william,1
drop,1
understood,1
informed,1
formation,1
coordinated,1
successes,1
discrete,1
committed,1
war,1
tlhe,1
economy,1
exposing,1
within,1
decisionmakers,1
limitations,1
tragedy,1
whether,1
terms,1
neither,1
requiring,1
ones,1
nowhere,1
case,1
particular,1
side,1
character,1
otherwise,1
material,1
add,1
problematic,1
impoverishment,1
perhaps,1
unnecessary,1
subsequent,1
heavily,1
capacity,1
construing,1
adverse,1
hopkins,1
while,1
number,1
governing,1
u,1
out,1
affair,1
extract,1
technical,1
secure,1
insured,1
remained,1
biting,1
balance,1
information,1
having,1
discourses,1
simon,1
observations,1
minimal,1
demands,1
pocock,1
becomes,1
prior,1
emphasis,1
e,1
understanding,1
exploring,1
agreed,1
encounter,1
size,1
object,1
hung,1
paraphrase,1
organize,1
made,1
reversed,1
start,1
vote,1
embarrass,1
framed,1
concluding,1
achievement,1
government,1
giles,1
sheer,1
say,1
through,1
drew,1
decisive,1
example,1
primacy,1
looking,1
recapitulation,1
became,1
quibbles,1
allows,1
giving,1
excessive,1
subject,1
irrational,1
looked,1
compulsive,1
elections,1
texture,1
reliance,1
significant,1
acute,1
centralism,1
gave,1
affront,1
freedom,1
prevailed,1
brazen,1
virtually,1
behavior,1
prospective,1
granted,1
factor,1
numerous,1
guilty,1
tumble,1
aside,1
extraordinarily,1
relies,1
perceptual,1
sprinkled,1
belligerents,1
think,1
preoccupied,1
ends,1
real,1
thus,1
accommodate,1
contrasts,1
centralized,1
succeeding,1
come,1
eric,1
previous,1
office,1
advantages,1
relationships,1
passing,1
described,1
eventual,1
shrewd,1
received,1
exports,1
insignificance,1
indeed,1
countless,1
since,1
dimly,1
diplomacy,1
three,1
against,1
moral,1
scrutiny,1
twentieth,1
initially,1
heuristic,1
g,1
agreement,1
dominated,1
depicting,1
victory,1
logic,1
preceded,1
crisis,1
relatively,1
course,1
offer,1
officials,1
relations,1
strict,1
punctuated,1
controversies,1
commerce,1
characterized,1
field,1
useful,1
embodied,1
product,1
things,1
stage,1
debts,1
resolving,1
overly,1
serves,1
consulate,1
deadlock,1
kind,1
defined,1
bowling,1
anyone,1
peer,1
black,1
hole,1
settlement,1
embodies,1
allusions,1
involved,1
rudiments,1
instead,1
exchange,1
quick,1
underlying,1
comparison,1
influence,1
unblemished,1
leaves,1
deserved,1
statesmanship,1
behind,1
bungling,1
article,1
intensely,1
highest,1
qualities,1
imaginative,1
annotation,1
assumed,1
cool,1
holds,1
clarify,1
flawed,1
tragic,1
notorious,1
allowing,1
emphasized,1
interpretations,1
enabled,1
ally,1
arranged,1
conclude,1
irreversible,1
adams,1
jacob,1
tended,1
vanish,1
occasions,1
structure,1
managed,1
explore,1
localism,1
drawn,1
analyze,1
interaction,1
develop,1
raised,1
cue,1
filling,1
among,1
overthrow,1
we,1
pennsylvania,1
notes,1
beings,1
repudiated,1
leadership,1
value,1
caution,1
general,1
quarter,1
provided,1
finds,1
doing,1
hope,1
controversial,1
undone,1
stanley,1
gordon,1
unfortunate,1
major,1
incentive,1
