WORDCOUNTS,WEIGHT
the,153
of,115
and,66
in,39
to,35
a,34
as,19
that,19
from,17
views,16
reps,14
they,14
by,14
were,13
images,13
his,12
with,12
on,12
what,11
urban,11
or,10
s,10
book,10
such,10
he,9
their,9
history,9
view,9
for,9
cities,9
development,9
this,9
an,9
is,8
city,8
at,7
was,7
these,7
mississippi,7
made,7
not,6
are,6
p,6
historians,6
art,6
who,5
artists,5
johns,5
when,5
some,5
which,5
have,5
century,5
st,5
much,5
time,5
will,4
it,4
town,4
photographs,4
river,4
but,4
most,4
more,4
towns,4
nature,4
new,4
how,4
readers,4
those,4
cultural,4
learn,4
planning,4
reader,4
part,4
through,4
along,4
prints,4
own,4
evidence,4
states,4
be,4
early,4
look,4
than,4
rather,3
been,3
earlier,3
artist,3
american,3
produced,3
illustrations,3
about,3
united,3
yet,3
interpretation,3
fascinating,3
lithographed,3
university,3
position,3
had,3
instance,3
other,3
into,3
great,3
narrative,3
john,3
very,3
written,3
do,3
viewmakers,3
them,3
has,3
america,3
another,3
point,3
louis,3
lithographs,3
years,3
points,3
commerce,3
like,3
would,3
after,3
all,3
attention,3
settlers,2
now,2
high,2
variety,2
without,2
various,2
architecture,2
letters,2
later,2
growth,2
created,2
elizabeth,2
process,2
one,2
religious,2
life,2
study,2
balize,2
lithographic,2
interpretive,2
detail,2
image,2
railroad,2
something,2
maclean,2
two,2
first,2
humble,2
sources,2
survivals,2
important,2
resonance,2
others,2
over,2
changes,2
advertisements,2
location,2
text,2
together,2
found,2
ambition,2
report,2
out,2
aerial,2
camera,2
pictures,2
past,2
maker,2
henry,2
cloud,2
reviews,2
accounts,2
orleans,2
particular,2
explicit,2
character,2
eye,2
perhaps,2
missouri,2
find,2
bird,2
streets,2
well,2
work,2
presented,2
press,2
its,2
medium,2
reliably,2
actually,2
thus,2
although,2
promotion,2
dates,2
latest,2
visitor,2
can,2
story,2
saw,2
we,2
seemed,2
advertised,1
seems,1
entitled,1
does,1
fortieth,1
offices,1
lithography,1
schools,1
horizons,1
film,1
interesting,1
pacific,1
second,1
done,1
canals,1
repeats,1
page,1
wellge,1
alex,1
bringing,1
if,1
concerned,1
observers,1
treaties,1
distortion,1
meaning,1
groups,1
across,1
imagery,1
generations,1
melancholic,1
maps,1
comparative,1
northernmost,1
sort,1
career,1
boosterism,1
printmaking,1
lines,1
oddity,1
upstream,1
winslow,1
primarily,1
success,1
active,1
leon,1
combine,1
still,1
celebrate,1
steamboats,1
landmarks,1
contradicts,1
associate,1
districts,1
landscapes,1
church,1
palimpsest,1
bins,1
steeped,1
registered,1
center,1
large,1
transportation,1
parts,1
achievements,1
studies,1
special,1
kinds,1
often,1
responsible,1
caspar,1
expectations,1
distant,1
tend,1
sets,1
hannibal,1
newark,1
frontier,1
depicted,1
library,1
english,1
antiquarian,1
floods,1
falk,1
understand,1
canada,1
settled,1
pp,1
read,1
country,1
monumental,1
themselves,1
speak,1
earliest,1
under,1
considered,1
consider,1
stephen,1
objects,1
us,1
neither,1
western,1
index,1
today,1
originality,1
swamp,1
spent,1
ambitious,1
then,1
tells,1
legion,1
associated,1
before,1
assistance,1
elsewhere,1
just,1
culture,1
domes,1
alfred,1
thematic,1
castle,1
comes,1
cairo,1
descriptions,1
too,1
w,1
costs,1
already,1
biography,1
insights,1
age,1
challenges,1
show,1
department,1
experience,1
simply,1
being,1
legends,1
rise,1
railroads,1
only,1
implied,1
exposition,1
else,1
t,1
explaining,1
social,1
present,1
especially,1
constructed,1
volume,1
architectural,1
explicate,1
street,1
writing,1
provide,1
certainly,1
painted,1
lewis,1
drew,1
skill,1
journal,1
shifted,1
give,1
toward,1
bring,1
decades,1
testimonies,1
marketed,1
texts,1
printing,1
citing,1
economic,1
addition,1
many,1
hotels,1
water,1
paper,1
came,1
including,1
possibilities,1
identifying,1
embodiments,1
height,1
capital,1
scholars,1
societies,1
strickland,1
down,1
belong,1
striking,1
minnesota,1
tours,1
entered,1
plan,1
called,1
simple,1
documents,1
overinterpretation,1
choice,1
lived,1
might,1
larger,1
collectors,1
named,1
government,1
aircraft,1
clearly,1
reveal,1
featuring,1
concludes,1
end,1
selections,1
pioneer,1
audience,1
hundred,1
dubuque,1
historical,1
scaffold,1
pennsylvania,1
cupolas,1
there,1
explicated,1
closets,1
forks,1
color,1
works,1
living,1
type,1
propitious,1
last,1
late,1
person,1
miles,1
materiality,1
decorating,1
newspaper,1
adjacent,1
william,1
political,1
according,1
shifting,1
discussing,1
madeand,1
secular,1
purposes,1
posters,1
context,1
toured,1
photographer,1
terms,1
population,1
storage,1
townscapes,1
renaissance,1
ones,1
making,1
biases,1
homer,1
cause,1
slice,1
material,1
record,1
lets,1
however,1
attitudes,1
saint,1
greenblatt,1
chronologically,1
required,1
books,1
style,1
commercial,1
money,1
prepare,1
hopkins,1
while,1
number,1
pieced,1
sales,1
proposing,1
identifiable,1
march,1
emigrant,1
desires,1
changed,1
birthday,1
trade,1
chapter,1
huge,1
local,1
viewmaking,1
disappearance,1
drawers,1
capable,1
nuances,1
quagmires,1
line,1
reaction,1
correctly,1
journals,1
used,1
topographical,1
churches,1
popular,1
appreciate,1
flattened,1
contexts,1
received,1
lands,1
bibliography,1
tool,1
magazine,1
eighteenth,1
trees,1
nearest,1
onto,1
communities,1
formal,1
taking,1
brought,1
stations,1
introduced,1
training,1
indicating,1
interpreters,1
laws,1
comment,1
photographic,1
identity,1
routinely,1
plans,1
watercolor,1
entrepreneur,1
commissioned,1
territory,1
use,1
piecing,1
sums,1
station,1
during,1
place,1
rivers,1
intervention,1
northwest,1
manufacturing,1
engineering,1
attract,1
issues,1
framework,1
allows,1
people,1
reports,1
pleasure,1
falling,1
voyage,1
coming,1
earn,1
think,1
chapters,1
cathedral,1
includes,1
advertising,1
throughout,1
come,1
thirst,1
previous,1
away,1
regional,1
wild,1
improvements,1
complicated,1
pomarede,1
understandings,1
merchants,1
tell,1
astute,1
accuracy,1
showing,1
project,1
dying,1
aristocratic,1
won,1
both,1
pilot,1
inland,1
since,1
backgrounds,1
three,1
illinois,1
hidden,1
authors,1
national,1
regions,1
washington,1
uniqueness,1
prices,1
dominated,1
depicting,1
essay,1
explanation,1
discusses,1
published,1
public,1
documentation,1
moment,1
individual,1
least,1
times,1
typically,1
land,1
range,1
below,1
so,1
function,1
opinions,1
realization,1
buildings,1
seized,1
features,1
engraving,1
proposes,1
interprets,1
guided,1
quite,1
inserted,1
cost,1
decisions,1
old,1
flourishing,1
destroyed,1
twentythree,1
roughly,1
small,1
unpaved,1
several,1
needs,1
began,1
valued,1
offered,1
dealers,1
specific,1
outside,1
back,1
subjects,1
spires,1
architect,1
qualities,1
ceiling,1
folk,1
panorama,1
columbia,1
newspapers,1
served,1
businesses,1
australian,1
fire,1
clergyman,1
mainly,1
cook,1
reached,1
corridor,1
valuable,1
died,1
fully,1
warehouses,1
visible,1
generally,1
up,1
landmark,1
probably,1
analyze,1
extracted,1
documentary,1
divides,1
contracts,1
travelers,1
painter,1
jumps,1
reasoned,1
delightful,1
focus,1
paid,1
world,1
details,1
unjaundiced,1
notes,1
lens,1
beauty,1
stone,1
obtained,1
promoter,1
professional,1
fanciful,1
ago,1
paul,1
successive,1
built,1
interests,1
showed,1
haze,1
rest,1
geographical,1
major,1
stunned,1
standard,1
