WORDCOUNTS,WEIGHT
the,223
of,127
and,92
to,80
in,75
a,44
s,30
as,25
city,25
black,22
by,21
for,21
urban,18
is,17
white,16
on,16
housing,15
that,15
history,14
blacks,13
not,12
but,12
it,11
with,11
study,10
sugrue,10
more,10
gillette,10
detroit,10
or,10
neighborhoods,9
was,9
racial,9
crisis,9
race,9
poor,8
only,8
p,8
war,8
whites,8
during,8
were,8
washington,8
economic,7
american,7
from,7
industrial,7
social,7
many,7
did,7
government,7
new,7
postwar,7
his,6
after,6
wilson,6
class,6
construction,6
pp,6
these,6
also,6
had,6
see,6
however,6
public,6
work,6
have,6
their,6
would,6
an,6
world,6
at,5
led,5
who,5
make,5
one,5
often,5
university,5
into,5
kusmer,5
other,5
chs,5
what,5
jobs,5
population,5
redevelopment,5
period,5
between,5
be,5
much,5
he,4
kenneth,4
result,4
employment,4
highway,4
community,4
they,4
renewal,4
federal,4
policy,4
postindustrial,4
its,4
impact,4
most,4
two,4
ii,4
over,4
projects,4
ghetto,4
detroiters,4
areas,4
real,4
cities,4
reviews,4
while,4
improve,4
well,4
deal,4
some,4
planning,4
women,4
press,4
mayor,4
like,4
which,4
inner,4
conditions,4
change,4
workers,4
homeowners,4
so,4
integration,4
area,4
decline,4
c,4
era,4
little,4
auto,4
now,3
i,3
racism,3
americans,3
if,3
groups,3
how,3
expansion,3
underclass,3
process,3
suburbanization,3
politicians,3
inadequate,3
structural,3
about,3
united,3
making,3
thesis,3
environment,3
inequality,3
any,3
before,3
themes,3
first,3
origins,3
consequence,3
deindustrialization,3
estate,3
others,3
december,3
suburbs,3
effort,3
works,3
klan,3
beginning,3
william,3
reform,3
them,3
welfare,3
number,3
hirsch,3
local,3
understanding,3
data,3
discussion,3
residents,3
both,3
upon,3
ku,3
discrimination,3
role,3
african,3
policies,3
began,3
structures,3
conflict,3
associations,3
klux,3
such,3
julius,3
against,3
good,3
when,3
we,3
than,3
north,3
arnold,3
attention,3
justice,3
threatened,2
does,2
second,2
demand,2
without,2
sometimes,2
l,2
blatantly,2
service,2
mall,2
raymond,2
brief,2
skilled,2
poorer,2
reconstruction,2
dwellings,2
changes,2
agency,2
mobility,2
illustrations,2
analysis,2
has,2
education,2
violence,2
wake,2
park,2
southwest,2
former,2
goals,2
improvement,2
revitalization,2
home,2
why,2
elsewhere,2
princeton,2
circumstances,2
needs,2
congress,2
increasingly,2
bayor,2
long,2
beautiful,2
organizations,2
jackson,2
index,2
temporarily,2
important,2
decades,2
control,2
j,2
efforts,2
are,2
scholars,2
professions,2
pressure,2
found,2
job,2
far,2
historical,2
nevertheless,2
seldom,2
focus,2
late,2
never,2
took,2
racist,2
johns,2
power,2
system,2
case,2
issue,2
ed,2
decade,2
downtown,2
encroachment,2
hopkins,2
america,2
degree,2
remained,2
explored,2
howard,2
future,2
middle,2
this,2
made,2
move,2
level,2
say,2
except,2
x,2
example,2
administration,2
benefited,2
largely,2
numerous,2
aesthetics,2
demonstrates,2
labor,2
segregation,2
ronald,2
shelter,2
argument,2
years,2
reveals,2
traditions,2
since,2
funds,2
t,2
author,2
interest,2
times,2
d,2
need,2
jr,2
reformers,2
plant,2
shaping,2
century,2
effects,2
forced,2
attempted,2
earlier,2
thomas,2
family,2
small,2
opposition,2
dealers,2
problems,2
back,2
although,2
industry,2
become,2
hand,2
chicago,2
early,2
within,2
states,2
resistance,2
mohl,2
recent,2
notes,2
beauty,2
previously,2
built,2
valuable,2
division,2
major,2
rentals,1
industries,1
model,1
lowand,1
militancy,1
chronological,1
promised,1
book,1
washingtonians,1
will,1
failed,1
rights,1
defended,1
stage,1
opposed,1
suggestion,1
broadens,1
relying,1
involve,1
mostly,1
units,1
o,1
grandeur,1
theodore,1
restructure,1
today,1
frontier,1
give,1
jobless,1
note,1
discriminatory,1
indoor,1
no,1
alley,1
lot,1
fairly,1
act,1
fell,1
george,1
rather,1
managers,1
bulk,1
generated,1
usually,1
been,1
troubled,1
buyers,1
shawn,1
developed,1
plays,1
synthesis,1
toward,1
overall,1
comparative,1
resisted,1
subject,1
represent,1
ironically,1
affected,1
sizable,1
muckraking,1
deteriorating,1
bore,1
slum,1
cut,1
responded,1
slow,1
brings,1
fastened,1
upward,1
concern,1
lost,1
rustbelt,1
frequently,1
alone,1
convince,1
formative,1
devastating,1
opportunity,1
imperialism,1
mar,1
neighborhood,1
intervention,1
expanded,1
kasarda,1
legal,1
importantly,1
sympathetic,1
rickety,1
importance,1
b,1
rapidly,1
movement,1
center,1
large,1
needed,1
brett,1
inconsequential,1
recently,1
complex,1
ask,1
inhabited,1
innovation,1
columbian,1
impersonal,1
civil,1
relationship,1
restoration,1
designed,1
undergo,1
existed,1
understand,1
feel,1
schools,1
likely,1
factors,1
direct,1
philadelphia,1
appendixes,1
resurgent,1
centuries,1
core,1
all,1
means,1
alleys,1
sudden,1
opportunities,1
category,1
coverage,1
makes,1
escape,1
york,1
builds,1
plants,1
modern,1
wayside,1
albert,1
crowded,1
affect,1
assure,1
array,1
demolition,1
metropolis,1
belatedly,1
restricted,1
earnest,1
addressed,1
established,1
school,1
imposing,1
management,1
ersistent,1
wellenreuther,1
unlike,1
neglected,1
slowly,1
total,1
thoroughly,1
associated,1
section,1
disadvantaged,1
just,1
elected,1
biased,1
days,1
growing,1
same,1
teaching,1
nineteenth,1
refine,1
thematic,1
preface,1
baltimore,1
house,1
broad,1
maclean,1
al,1
argued,1
version,1
changing,1
exceptionalism,1
impoverished,1
acknowledging,1
threat,1
prevent,1
lure,1
exodus,1
hunger,1
department,1
provide,1
predominantly,1
extensive,1
operate,1
framework,1
weller,1
friend,1
exposition,1
freedmen,1
journalist,1
perceptively,1
restructured,1
especially,1
useful,1
physical,1
upscaling,1
volume,1
obstacles,1
sources,1
roadblocks,1
architectural,1
teaford,1
ordinance,1
requires,1
temple,1
repeatedly,1
successfully,1
chivalry,1
production,1
displacement,1
subsidiary,1
statistical,1
paul,1
shifted,1
interested,1
sections,1
researched,1
challenge,1
carolyn,1
business,1
steady,1
stated,1
attempts,1
exploration,1
know,1
contrasted,1
motor,1
again,1
reintroduce,1
rapid,1
favorably,1
prerequisite,1
preferences,1
meshed,1
riis,1
deserves,1
put,1
condominium,1
nancy,1
atlanta,1
emerged,1
growth,1
addition,1
experienced,1
germany,1
opponents,1
hopefully,1
greater,1
water,1
budgetary,1
shows,1
outside,1
main,1
idea,1
consideration,1
limit,1
available,1
international,1
could,1
capital,1
leading,1
explores,1
et,1
occupations,1
elisabeth,1
appendix,1
rule,1
marion,1
conservative,1
generally,1
great,1
hooded,1
abstract,1
access,1
domestic,1
attempting,1
allied,1
forces,1
then,1
rebuilding,1
time,1
centers,1
dilapidated,1
particularly,1
aesthetic,1
economics,1
invaluable,1
able,1
banks,1
xiii,1
relocate,1
magnified,1
john,1
demonstrating,1
themselves,1
defeat,1
composition,1
mistakenly,1
state,1
upgrading,1
liberal,1
contends,1
resulting,1
distinctive,1
past,1
triumphed,1
damage,1
base,1
roosevelt,1
serious,1
precedence,1
rough,1
embedded,1
written,1
further,1
automation,1
respond,1
studies,1
adjacent,1
learn,1
equally,1
those,1
psychic,1
equal,1
scholarly,1
manner,1
alabama,1
flooded,1
road,1
appalachian,1
fuller,1
stock,1
hostile,1
convenient,1
continuing,1
cobo,1
viable,1
context,1
spatial,1
backlash,1
toilets,1
viewed,1
residential,1
reconcile,1
axes,1
renaissance,1
companies,1
heavily,1
potentially,1
meet,1
adams,1
truly,1
semiskilled,1
side,1
can,1
safe,1
depending,1
nascent,1
wartime,1
attitudes,1
either,1
forward,1
forthcoming,1
passed,1
sociologist,1
kind,1
engagingly,1
enterprise,1
eastern,1
highwaymen,1
vetoing,1
extent,1
support,1
struggling,1
commercial,1
continuum,1
types,1
bases,1
free,1
bulldozers,1
heed,1
modem,1
value,1
receive,1
studying,1
aspects,1
require,1
failure,1
argues,1
property,1
aging,1
account,1
having,1
almost,1
low,1
placement,1
unions,1
felt,1
prior,1
fitting,1
possible,1
constraints,1
reaction,1
upper,1
used,1
gains,1
campaigns,1
popular,1
survive,1
birth,1
already,1
magnificent,1
hundred,1
values,1
garner,1
voted,1
represented,1
paradise,1
r,1
generalizations,1
rehabilitate,1
formal,1
four,1
agencies,1
surveys,1
part,1
including,1
purpose,1
very,1
owners,1
clerical,1
norm,1
simultaneously,1
cited,1
increase,1
radical,1
proved,1
bottom,1
increased,1
became,1
surmount,1
nation,1
along,1
tabled,1
done,1
giving,1
positions,1
precipitous,1
techniques,1
plans,1
transition,1
staunchly,1
story,1
redevelopers,1
went,1
significant,1
loss,1
use,1
precipitated,1
gave,1
feared,1
describe,1
wallace,1
conclusively,1
clearance,1
station,1
factored,1
virtually,1
substantially,1
manufacturing,1
variation,1
ramshackle,1
racially,1
mention,1
people,1
twin,1
isolated,1
pleading,1
newfound,1
exist,1
learned,1
being,1
questions,1
evolution,1
trend,1
williams,1
goal,1
euphemisms,1
midwestern,1
our,1
throughout,1
prelude,1
named,1
divided,1
sees,1
office,1
promoted,1
improvements,1
kleppner,1
devoted,1
xviii,1
until,1
undercuts,1
theme,1
severe,1
destruction,1
maneuvers,1
quality,1
significance,1
cambridge,1
halting,1
engender,1
illustrates,1
dominated,1
knights,1
undergoing,1
transatlantic,1
tables,1
responding,1
nixon,1
national,1
finally,1
superbly,1
barry,1
victory,1
hermann,1
urge,1
concentrates,1
authoritative,1
governor,1
relatively,1
parallels,1
hiring,1
contributed,1
behind,1
running,1
officials,1
least,1
relinquished,1
should,1
raises,1
space,1
wherewithal,1
integrated,1
successful,1
land,1
caused,1
jon,1
isolating,1
range,1
rent,1
stymied,1
living,1
smaller,1
napoleonic,1
rooted,1
high,1
grew,1
mask,1
xenophobia,1
hired,1
esp,1
locus,1
exclusionary,1
approach,1
attracting,1
probable,1
vistas,1
progressive,1
modest,1
exclude,1
quite,1
cases,1
provides,1
union,1
lose,1
nor,1
shift,1
latter,1
around,1
blame,1
refusal,1
illuminates,1
pathbreaking,1
perspective,1
miami,1
membership,1
educational,1
migrants,1
violently,1
undefended,1
supported,1
concerns,1
disproportionately,1
improving,1
response,1
buffalo,1
brought,1
acts,1
difficulty,1
crabgrass,1
decentralization,1
businesses,1
detracts,1
anticommunism,1
played,1
tactics,1
defensive,1
third,1
charles,1
clarity,1
effect,1
jacob,1
refurbish,1
yielded,1
indefinitely,1
excluded,1
fashions,1
structure,1
irresistible,1
trades,1
explore,1
up,1
through,1
substantial,1
exclusively,1
sharper,1
strutting,1
superb,1
even,1
valley,1
majority,1
tenants,1
lay,1
pays,1
covenants,1
abandoned,1
mismatch,1
strong,1
among,1
robert,1
technological,1
deeply,1
capitol,1
zones,1
reflected,1
appropriate,1
responsibility,1
niagara,1
crime,1
general,1
broader,1
demolishing,1
influence,1
unskilled,1
fierce,1
zieger,1
occur,1
reluctant,1
society,1
especial,1
eviction,1
gentrification,1
