WORDCOUNTS,WEIGHT
the,227
of,145
and,120
in,91
to,85
that,63
a,57
labor,45
rigal,35
is,32
as,27
s,25
american,23
history,23
with,21
she,20
for,20
new,20
her,20
or,19
by,19
on,19
be,18
was,17
culture,17
this,17
but,16
nation,16
which,16
have,16
at,15
their,15
not,15
p,15
cultural,15
book,13
about,12
more,12
some,12
between,12
study,11
early,11
it,10
philadelphia,10
his,10
an,10
federal,10
are,10
were,10
would,10
industrial,9
what,9
both,9
they,8
production,8
historians,8
chapter,8
work,8
its,8
such,8
than,8
who,7
most,7
also,7
forms,7
has,7
peale,7
argument,7
through,7
been,6
how,6
federalism,6
one,6
analysis,6
studies,6
from,6
own,6
national,6
fitch,6
so,6
class,6
few,6
texts,6
much,6
lyon,5
will,5
done,5
make,5
worker,5
procession,5
manufactory,5
rice,5
important,5
denning,5
readers,5
material,5
republic,5
manufacturing,5
formation,5
among,5
gutman,4
does,4
interesting,4
he,4
transformations,4
wilson,4
life,4
familiar,4
following,4
grand,4
these,4
manual,4
first,4
only,4
sources,4
power,4
others,4
view,4
worked,4
had,4
questions,4
john,4
those,4
reviews,4
making,4
while,4
sites,4
when,4
meanings,4
mental,4
part,4
calls,4
story,4
social,4
characterized,4
period,4
several,4
parade,4
themselves,4
up,4
often,4
activities,4
examines,4
century,3
if,3
slavery,3
ways,3
introduction,3
steamboat,3
illustrations,3
productive,3
second,3
yet,3
museum,3
into,3
title,3
then,3
no,3
two,3
said,3
way,3
considers,3
always,3
connection,3
here,3
might,3
constitution,3
each,3
union,3
many,3
efforts,3
fact,3
interested,3
individuals,3
patrick,3
pennsylvania,3
man,3
written,3
same,3
focused,3
produced,3
michael,3
particular,3
time,3
out,3
america,3
march,3
port,3
folio,3
slaves,3
writings,3
including,3
far,3
himself,3
used,3
largely,3
discussion,3
collective,3
autobiographical,3
middle,3
emancipation,3
chapters,3
craftsmen,3
years,3
language,3
painting,3
willson,3
workers,3
ornithology,3
kind,3
quite,3
charles,3
can,3
fully,3
trades,3
working,3
instance,3
notes,3
building,3
model,2
industrialism,2
therefore,2
likely,2
laboring,2
whose,2
difficult,2
rather,2
figure,2
skilled,2
resisted,2
mammoth,2
extend,2
lounger,2
republican,2
berlin,2
importance,2
center,2
highlights,2
benjamin,2
tends,2
pages,2
criticism,2
means,2
employers,2
pp,2
federalist,2
mechanic,2
under,2
quality,2
decade,2
university,2
b,2
stephen,2
objects,2
literary,2
nineteenth,2
princeton,2
age,2
laura,2
forge,2
increasingly,2
resource,2
continues,2
published,2
writing,2
sustained,2
law,2
set,2
rush,2
death,2
usually,2
engaged,2
shows,2
longer,2
alexander,2
found,2
cloth,2
great,2
called,2
ratification,2
analogy,2
effort,2
offers,2
demands,2
events,2
sees,2
real,2
other,2
there,2
display,2
passage,2
works,2
term,2
last,2
men,2
places,2
turned,2
do,2
raised,2
remarkable,2
understood,2
political,2
wage,2
reading,2
somewhat,2
where,2
them,2
offering,2
see,2
tell,2
accounts,2
case,2
side,2
however,2
mechanized,2
neagle,2
books,2
draws,2
bones,2
free,2
draw,2
well,2
another,2
development,2
art,2
divided,2
place,2
considering,2
suggests,2
parades,2
made,2
paintings,2
magazine,2
multiple,2
point,2
manufactured,2
press,2
related,2
subject,2
disciplines,2
entrepreneur,2
simply,2
realm,2
freedom,2
intermediate,2
partly,2
focuses,2
contentious,2
shown,2
theoretical,2
project,2
craftsman,2
help,2
assembly,2
evident,2
clear,2
since,2
opens,2
although,2
bird,2
like,2
field,2
range,2
cotton,2
things,2
already,2
typically,2
after,2
around,2
displays,2
state,2
centralized,2
birds,2
members,2
nicely,2
slave,2
six,2
craft,2
single,2
integrally,2
quintessentially,2
ira,2
even,2
little,2
focus,2
images,2
citizen,2
migration,2
recent,2
should,2
portrait,2
heavily,1
critics,1
exhumation,1
inventors,1
failed,1
scheming,1
dawn,1
opacity,1
feathered,1
confederated,1
hero,1
omitting,1
faue,1
profoundly,1
relationship,1
indentured,1
devote,1
compares,1
struggle,1
may,1
dual,1
south,1
note,1
variety,1
territorial,1
myriad,1
humanist,1
frustration,1
continued,1
underway,1
scientific,1
sometimes,1
bring,1
performance,1
troubled,1
convened,1
centered,1
wrote,1
gradual,1
suggested,1
remain,1
delighted,1
expansion,1
limited,1
culminated,1
description,1
urges,1
college,1
shipbuilding,1
capture,1
filled,1
upward,1
dissolution,1
needlessly,1
demonstrates,1
off,1
jersey,1
classdivided,1
extends,1
mechanics,1
opportunity,1
examined,1
celebrate,1
titled,1
obliquely,1
lawrence,1
renown,1
inquiry,1
remaining,1
needs,1
tracing,1
large,1
southern,1
aphoristic,1
volumes,1
changes,1
spectators,1
methods,1
construction,1
form,1
tend,1
essays,1
prevented,1
fall,1
spoken,1
join,1
ubiquity,1
miscellaneous,1
front,1
periodic,1
authority,1
moves,1
sets,1
solidarity,1
recognized,1
citizens,1
fascinating,1
itself,1
lives,1
face,1
read,1
reconnecting,1
bank,1
carpentry,1
confidently,1
favor,1
day,1
immensely,1
meant,1
earliest,1
seeing,1
former,1
metaphor,1
consider,1
equally,1
overlook,1
trace,1
us,1
undertaken,1
improvement,1
western,1
index,1
excavation,1
management,1
elizabeth,1
organized,1
exciting,1
culturing,1
servants,1
ambitious,1
any,1
photographs,1
bind,1
elsewhere,1
professor,1
antebellum,1
performed,1
nominally,1
soderlund,1
localism,1
preface,1
arguing,1
descriptions,1
series,1
literally,1
source,1
complexity,1
sales,1
changing,1
enslaved,1
too,1
exhibitions,1
turning,1
women,1
westward,1
prosperous,1
ornithological,1
highlight,1
believed,1
begins,1
geographic,1
solitary,1
evaluations,1
textile,1
organizers,1
readings,1
beyond,1
concerning,1
useful,1
problems,1
volume,1
persuasive,1
position,1
amidst,1
lead,1
constituting,1
perhaps,1
creature,1
certainly,1
painted,1
name,1
creation,1
shrewdly,1
comfortable,1
skill,1
conceal,1
famed,1
jean,1
later,1
forty,1
taken,1
mighty,1
toward,1
realizing,1
pointed,1
conceived,1
assistant,1
similarly,1
trying,1
put,1
emerged,1
all,1
readily,1
expressed,1
investigates,1
herbert,1
closely,1
cultivated,1
different,1
entrepreneurs,1
whom,1
betrayal,1
idea,1
consideration,1
virtuosity,1
endless,1
exhibition,1
nancy,1
naturalize,1
did,1
assembling,1
explores,1
formulations,1
broken,1
examination,1
carrying,1
together,1
bifurcated,1
copied,1
appeared,1
abstract,1
analyses,1
ramapo,1
rich,1
narrative,1
dramatic,1
assembled,1
manifested,1
really,1
larger,1
crowd,1
usher,1
bound,1
reveal,1
concludes,1
expressions,1
very,1
end,1
suggestive,1
noting,1
number,1
insisting,1
products,1
debt,1
historical,1
examining,1
nationalism,1
unfree,1
outset,1
deepen,1
discussed,1
observes,1
poetry,1
failures,1
representative,1
inventive,1
type,1
broaden,1
course,1
concrete,1
federalized,1
growing,1
fourth,1
beginning,1
everyday,1
principal,1
supporters,1
scholarly,1
buried,1
innovative,1
tireless,1
displayed,1
gary,1
economy,1
secular,1
johns,1
developing,1
rachleff,1
glickman,1
tools,1
appears,1
citizenship,1
sentence,1
potentially,1
less,1
past,1
want,1
actor,1
necessary,1
occasional,1
thirty,1
outside,1
focusing,1
deep,1
passed,1
tension,1
patent,1
manufactories,1
eastern,1
albeit,1
avid,1
public,1
gained,1
streets,1
hopkins,1
scene,1
primarily,1
robbery,1
hall,1
right,1
studying,1
floats,1
divide,1
meandering,1
failure,1
resist,1
selfmaking,1
design,1
argues,1
voice,1
influenced,1
local,1
patheticboth,1
uneven,1
articulation,1
missed,1
enables,1
trial,1
nonetheless,1
emphasis,1
possible,1
r,1
degrees,1
understanding,1
technologies,1
engravers,1
artifacts,1
extended,1
producing,1
probably,1
shame,1
intense,1
reminds,1
characterize,1
treated,1
mastodon,1
insight,1
start,1
upon,1
presented,1
eighteenth,1
vital,1
poems,1
subscription,1
voted,1
represented,1
fine,1
human,1
inescapable,1
taking,1
four,1
transform,1
given,1
aftermath,1
uncover,1
purpose,1
city,1
shopfloor,1
review,1
example,1
previously,1
joining,1
depended,1
clearer,1
nash,1
elite,1
crafts,1
nationalized,1
turns,1
tried,1
aspirations,1
built,1
entirely,1
kathleen,1
significant,1
silent,1
exceeded,1
excite,1
complement,1
contribute,1
collection,1
during,1
categorized,1
printers,1
doubt,1
issues,1
broad,1
densely,1
dispensed,1
representation,1
long,1
repeatedly,1
being,1
bitter,1
coming,1
processes,1
think,1
actual,1
member,1
visual,1
selfproduction,1
continue,1
our,1
call,1
includes,1
franklin,1
aesthetic,1
proceeds,1
raising,1
spells,1
away,1
machine,1
producer,1
disciplined,1
rise,1
dependence,1
riding,1
variant,1
anticipating,1
intersections,1
participate,1
weaving,1
explained,1
eventual,1
finally,1
artifact,1
ambivalent,1
exertion,1
celebrity,1
cultivation,1
deftly,1
moral,1
pursuit,1
directed,1
approach,1
authors,1
realized,1
steam,1
publication,1
write,1
express,1
transitions,1
points,1
agent,1
peter,1
interest,1
whereby,1
roof,1
relatively,1
august,1
leave,1
held,1
viewing,1
general,1
establishments,1
symposium,1
times,1
repressing,1
raises,1
include,1
successful,1
manufacture,1
insisted,1
materialized,1
product,1
theoretically,1
manufacturer,1
obscurity,1
sample,1
extensively,1
variously,1
effects,1
ended,1
pursue,1
defined,1
seeks,1
shortly,1
playfulness,1
priority,1
turn,1
excavated,1
association,1
relations,1
better,1
classification,1
imagination,1
illuminates,1
denote,1
fatigue,1
calling,1
anonymous,1
shops,1
burgeoning,1
offered,1
especially,1
subjects,1
highly,1
ship,1
promote,1
spectator,1
response,1
industry,1
third,1
relation,1
suddenly,1
massive,1
left,1
commodity,1
twice,1
tended,1
truly,1
metalworker,1
occasions,1
mechanical,1
sense,1
array,1
muchneeded,1
generally,1
seeking,1
explore,1
brown,1
impoverished,1
obscure,1
socially,1
pat,1
actors,1
because,1
states,1
world,1
figures,1
artisanal,1
engaging,1
deeply,1
connections,1
diffused,1
evidence,1
virtue,1
broader,1
embodied,1
finds,1
informed,1
nuanced,1
representational,1
attention,1
acknowledge,1
dust,1
convincingly,1
aboard,1
unsatisfied,1
widely,1
artistry,1
species,1
marching,1
celebrating,1
intermediacy,1
links,1
