WORDCOUNTS,WEIGHT
the,155
of,103
and,98
in,62
to,61
a,56
is,27
s,24
schneider,23
as,22
that,21
this,20
was,17
methodism,17
by,17
an,16
american,15
for,15
religious,15
not,14
they,14
p,14
religion,14
its,13
it,12
with,12
shakers,12
these,11
promey,11
book,11
spiritual,11
have,11
way,9
white,9
studies,9
culture,9
but,9
were,9
new,9
how,8
their,8
home,8
on,8
images,8
more,7
other,7
shakerism,7
cross,7
frontier,6
his,6
one,6
life,6
history,6
social,6
from,6
became,6
people,6
early,6
methodists,5
leads,5
two,5
also,5
power,5
spectacles,5
honor,5
sacred,5
cultural,5
her,5
world,5
crisis,5
like,5
ideology,4
who,4
community,4
itself,4
rules,4
shaker,4
antebellum,4
methodist,4
experience,4
rise,4
important,4
are,4
rich,4
forms,4
has,4
related,4
indians,4
approach,4
provided,4
martin,4
old,4
family,4
class,4
be,4
meeting,4
attention,4
at,3
will,3
americans,3
she,3
been,3
vision,3
make,3
complex,3
study,3
about,3
mother,3
stephen,3
had,3
university,3
women,3
blacks,3
behavior,3
gregory,3
shaped,3
scholars,3
could,3
do,3
ground,3
where,3
what,3
reviews,3
them,3
terms,3
excellent,3
historians,3
patriarchal,3
america,3
vital,3
press,3
identity,3
says,3
central,3
middle,3
argues,3
notes,3
regions,3
would,3
sources,3
order,3
spirits,3
provides,3
than,3
joel,3
appeal,2
south,2
he,2
circle,2
believers,2
essential,2
without,2
concerned,2
main,2
groups,2
centered,2
toward,2
institution,2
archaeology,2
understand,2
transformation,2
importance,2
why,2
stein,2
analysis,2
read,2
depicted,2
communities,2
ways,2
interpretation,2
all,2
means,2
drawings,2
pp,2
modern,2
thesis,2
index,2
or,2
exercised,2
then,2
instance,2
associated,2
days,2
too,2
w,2
most,2
piety,2
lee,2
long,2
members,2
victorian,2
set,2
m,2
over,2
actual,2
into,2
many,2
greater,2
whites,2
bloomington,2
argue,2
children,2
true,2
far,2
success,2
never,2
readers,2
may,2
those,2
performances,2
discipline,2
domestication,2
michael,2
less,2
see,2
perhaps,2
books,2
method,2
task,2
primary,2
argument,2
representations,2
shame,2
indiana,2
lost,2
bibliography,2
explanation,2
even,2
paintings,2
part,2
including,2
isaacs,2
year,2
use,2
freedom,2
unfair,2
aspect,2
chapters,2
which,2
shown,2
immediate,2
such,2
against,2
communicated,2
offer,2
richard,2
sense,2
characterized,2
field,2
defined,2
foucauldian,2
after,2
charism,2
sally,2
displays,2
june,2
between,2
presence,2
themselves,2
interpretations,2
ann,2
xvi,2
era,2
structure,2
when,2
through,2
if,2
because,2
focus,2
much,2
we,2
recent,2
civil,2
generation,2
portrait,2
justice,2
society,2
impartial,1
resolve,1
seems,1
higher,1
marshall,1
spirituality,1
cherished,1
contributes,1
opposed,1
now,1
twelve,1
bertram,1
film,1
inward,1
simultaneously,1
relationship,1
rate,1
recognized,1
york,1
myth,1
domesticity,1
fathers,1
advocate,1
no,1
absence,1
invokes,1
ethics,1
functioning,1
continued,1
fortunately,1
metaphoric,1
movements,1
faith,1
camp,1
links,1
religions,1
coeditor,1
within,1
l,1
vignettes,1
across,1
criticize,1
indeed,1
naturally,1
impressive,1
shipps,1
stop,1
commitment,1
widely,1
program,1
chesapeake,1
basic,1
might,1
unit,1
deserve,1
celebration,1
inside,1
revolt,1
orsi,1
levels,1
merits,1
widespread,1
primarily,1
oversight,1
intriguing,1
becomes,1
e,1
mean,1
gift,1
ritualized,1
off,1
convince,1
seen,1
adoption,1
denomination,1
translation,1
bias,1
introduction,1
neighborhood,1
albanese,1
symmetry,1
colorless,1
weaknesses,1
philosopher,1
standing,1
church,1
articulating,1
paradoxical,1
center,1
large,1
steadfast,1
southern,1
direct,1
touched,1
meteoric,1
contributions,1
innovation,1
makes,1
often,1
symbols,1
sporadically,1
illuminating,1
designed,1
tapped,1
united,1
achieve,1
word,1
once,1
mildness,1
flawlessly,1
space,1
authority,1
wives,1
criticism,1
evocative,1
edited,1
yet,1
rewards,1
violence,1
reason,1
omniscient,1
lives,1
remains,1
suited,1
worlds,1
serve,1
dismounted,1
militia,1
immigrant,1
clergy,1
under,1
windows,1
decade,1
tensions,1
inspiration,1
hancock,1
motive,1
alone,1
organization,1
boundary,1
western,1
holiness,1
familiar,1
image,1
presents,1
neglected,1
seriously,1
occurred,1
necessary,1
extravagant,1
contextualize,1
total,1
fading,1
russell,1
sum,1
just,1
historian,1
believed,1
xxiv,1
n,1
lessons,1
vivid,1
lenses,1
series,1
eye,1
god,1
eager,1
ubiquitously,1
version,1
largest,1
benefited,1
turning,1
provocative,1
show,1
department,1
simply,1
revivify,1
fatherhood,1
ever,1
moments,1
solidly,1
only,1
known,1
comes,1
ideas,1
foucault,1
avoided,1
sketch,1
undermine,1
love,1
participants,1
reenergized,1
proposes,1
plates,1
normalize,1
leader,1
painted,1
jackson,1
name,1
answers,1
human,1
alternative,1
mainstay,1
established,1
researched,1
dominant,1
helped,1
racialized,1
give,1
symbolized,1
military,1
providing,1
decades,1
others,1
protestant,1
forsake,1
punish,1
natural,1
christ,1
changes,1
deserves,1
develops,1
conceming,1
heavens,1
each,1
colleges,1
england,1
jan,1
j,1
demographic,1
expressed,1
historiography,1
cultivated,1
different,1
organized,1
came,1
pastoral,1
shows,1
laid,1
beheld,1
path,1
seem,1
included,1
copy,1
fundamental,1
rituals,1
did,1
best,1
xii,1
down,1
critic,1
assertion,1
departments,1
appalachians,1
exmartin,1
desire,1
singularity,1
great,1
called,1
puritan,1
documents,1
disenchantment,1
generations,1
turnover,1
abstract,1
monitor,1
regard,1
domestic,1
so,1
followers,1
squareness,1
exotic,1
lacks,1
producing,1
narrative,1
achievement,1
particularly,1
larger,1
deal,1
able,1
first,1
relation,1
any,1
atlantic,1
ocean,1
unevenness,1
john,1
criticisms,1
court,1
xxii,1
noting,1
build,1
historical,1
domesticated,1
wayward,1
interesting,1
man,1
orphans,1
translating,1
constantly,1
introduces,1
judging,1
believer,1
fresh,1
converts,1
place,1
rough,1
phenomenology,1
faithful,1
academic,1
public,1
written,1
traversed,1
considered,1
further,1
growing,1
fame,1
robert,1
remarkable,1
informed,1
according,1
slotkin,1
unstated,1
derivative,1
reading,1
discussing,1
war,1
heaven,1
purity,1
essentially,1
economy,1
mormon,1
hostile,1
johns,1
developing,1
envisaging,1
motivated,1
daniel,1
subjugation,1
settled,1
context,1
inhabit,1
produced,1
celebrated,1
form,1
persons,1
ones,1
surveillance,1
evangelical,1
want,1
philip,1
can,1
appearing,1
classic,1
takes,1
practice,1
shape,1
relayed,1
however,1
transappalachian,1
simplicity,1
confirmation,1
native,1
warn,1
required,1
identities,1
eastern,1
college,1
problem,1
wide,1
shifts,1
hopkins,1
sought,1
ethnohistorians,1
foundations,1
female,1
encountered,1
indian,1
hall,1
right,1
bureaucratic,1
pursued,1
aspects,1
glorification,1
require,1
addresses,1
admonish,1
studied,1
migrations,1
xix,1
specifically,1
distortion,1
another,1
demonstrated,1
meetings,1
network,1
status,1
felt,1
lebanon,1
virginia,1
superfluity,1
marked,1
understanding,1
technologies,1
activity,1
xv,1
extended,1
art,1
clarke,1
africanamerican,1
figurative,1
work,1
formerly,1
intimate,1
welcome,1
influences,1
registers,1
establishing,1
burden,1
received,1
some,1
made,1
persistently,1
varieties,1
start,1
presented,1
helps,1
represented,1
deloria,1
feat,1
reader,1
future,1
logical,1
formal,1
region,1
themes,1
met,1
horse,1
point,1
say,1
ohio,1
diffused,1
feast,1
communitas,1
content,1
donald,1
pulls,1
compares,1
along,1
ruling,1
giving,1
williamson,1
experiencing,1
wonder,1
whatever,1
ritual,1
ten,1
rendering,1
elections,1
honorable,1
significant,1
matches,1
gave,1
mislead,1
describe,1
prevailed,1
rogin,1
during,1
expecting,1
northwest,1
protestants,1
refers,1
evaluating,1
describes,1
microlevel,1
phenomenon,1
paul,1
dances,1
aside,1
labor,1
ties,1
neglect,1
musters,1
iconoclastic,1
story,1
goal,1
maturation,1
sanctified,1
andrew,1
individuals,1
our,1
call,1
multidimensional,1
franklin,1
popular,1
throughout,1
aesthetic,1
susceptible,1
incite,1
sanctioned,1
professionalism,1
question,1
intent,1
appreciated,1
extension,1
intimacy,1
i,1
xviii,1
described,1
cult,1
project,1
mine,1
inner,1
week,1
reaction,1
ethical,1
significance,1
points,1
own,1
since,1
truths,1
trends,1
finding,1
realized,1
hierarchy,1
xxiii,1
catherine,1
author,1
contests,1
accounted,1
accept,1
earth,1
bodily,1
movement,1
divine,1
change,1
myopic,1
peculiar,1
creating,1
general,1
individual,1
instead,1
david,1
modifies,1
immersion,1
land,1
define,1
mothers,1
need,1
phenomenologist,1
constructed,1
restore,1
parts,1
him,1
counterculture,1
reproduced,1
things,1
states,1
tested,1
insurgent,1
century,1
level,1
effects,1
catholic,1
interprets,1
screening,1
practiced,1
anyone,1
turn,1
discourse,1
adequately,1
shift,1
self,1
around,1
better,1
small,1
several,1
patterns,1
visions,1
upstart,1
especially,1
feeling,1
replacing,1
comparing,1
guilt,1
replace,1
satisfy,1
mathews,1
itinerants,1
response,1
slave,1
wise,1
completing,1
comfort,1
sporadic,1
young,1
fourth,1
races,1
become,1
spectacular,1
research,1
massachusetts,1
pantomines,1
narrow,1
rhys,1
celibate,1
telling,1
pure,1
teach,1
reanimated,1
find,1
characterizes,1
partial,1
patterson,1
texts,1
richness,1
mcconnell,1
bracket,1
predisposed,1
universities,1
valley,1
loftin,1
wild,1
given,1
wants,1
present,1
readied,1
dividing,1
fellowship,1
using,1
figures,1
correspondence,1
among,1
celestial,1
north,1
relative,1
messages,1
flags,1
kentucky,1
valuable,1
should,1
evidence,1
broader,1
embodied,1
mortifying,1
invites,1
richey,1
tells,1
suffering,1
acknowledge,1
race,1
rest,1
master,1
vividly,1
aron,1
unfortunate,1
admirable,1
thorough,1
seemed,1
garrett,1
exhort,1
mechanism,1
