WORDCOUNTS,WEIGHT
the,225
of,198
in,143
to,138
paine,116
and,96
s,94
that,83
keane,67
a,66
is,61
as,51
for,41
sense,39
common,38
his,36
it,34
with,30
political,29
on,25
about,24
he,23
this,23
an,22
was,19
by,19
p,18
not,17
but,17
america,17
are,16
how,16
american,15
argument,15
be,15
these,14
have,14
history,13
more,13
republicanism,13
which,13
there,13
what,13
has,13
at,12
had,12
cartwright,12
were,12
revolution,12
english,11
context,11
here,11
we,11
e,10
life,10
liberty,10
from,10
all,10
many,10
england,10
been,9
cosmopolitanism,9
ideological,9
g,9
language,9
us,8
or,8
french,8
well,8
writings,8
discourse,8
thomas,8
between,8
grafton,7
they,7
terms,7
before,7
book,7
important,7
lewes,7
other,7
new,7
do,7
part,7
after,7
religious,7
scholarship,7
would,7
european,6
rights,6
if,6
one,6
languages,6
thinking,6
something,6
dickey,6
given,6
intellectual,6
scholars,6
could,6
government,6
radical,6
where,6
claeys,6
work,6
radicalism,6
commercial,6
especially,6
much,6
republican,5
crucial,5
raynal,5
then,5
two,5
text,5
know,5
over,5
politicization,5
nationalism,5
man,5
late,5
never,5
those,5
burgh,5
reviews,5
explain,5
account,5
eighteenth,5
its,5
letter,5
wilentz,5
cosmopolitan,5
years,5
approach,5
social,5
course,5
commerce,5
so,5
century,5
latter,5
around,5
debate,5
time,5
society,5
does,4
no,4
way,4
economic,4
identity,4
revival,4
who,4
why,4
yet,4
claims,4
any,4
experience,4
june,4
offers,4
rush,4
tradition,4
idea,4
contextual,4
i,4
just,4
though,4
newtonian,4
theory,4
because,4
aspects,4
kramnick,4
another,4
independence,4
some,4
politics,4
dissenters,4
level,4
say,4
example,4
calls,4
became,4
role,4
easy,4
question,4
oligarchy,4
points,4
moved,4
newtonianism,4
when,4
views,4
philp,4
than,4
final,3
identification,3
rather,3
later,3
developed,3
now,3
protestant,3
experiences,3
scottish,3
certain,3
once,3
moreover,3
thetford,3
understand,3
association,3
thought,3
modern,3
former,3
into,3
democratic,3
fact,3
only,3
published,3
benjamin,3
long,3
evidence,3
again,3
view,3
moving,3
anything,3
treatment,3
pages,3
universal,3
out,3
pamphlet,3
john,3
written,3
hand,3
equally,3
according,3
developing,3
them,3
less,3
perhaps,3
absolute,3
commitment,3
while,3
suggests,3
admits,3
use,3
both,3
own,3
monarchy,3
bourgeois,3
questions,3
injustices,3
franklin,3
such,3
presentist,3
currents,3
agent,3
mixed,3
least,3
him,3
things,3
distinction,3
quite,3
concerns,3
young,3
world,3
point,3
early,3
even,3
also,3
little,3
recent,3
virtue,3
therefore,2
interesting,2
likely,2
philadelphia,2
republic,2
wishes,2
americans,2
town,2
whose,2
alternative,2
forces,2
played,2
matter,2
without,2
figure,2
meaning,2
you,2
short,2
ideology,2
debated,2
description,2
international,2
thinkers,2
make,2
told,2
makes,2
study,2
mentions,2
identify,2
impressed,2
moves,2
citizens,2
instances,2
means,2
empires,2
consistently,2
studies,2
pp,2
read,2
grounded,2
nationalistic,2
considerations,2
under,2
cause,2
devotes,2
university,2
needless,2
thesis,2
ancient,2
title,2
assimilation,2
liberal,2
edition,2
historian,2
trying,2
too,2
conjecture,2
biography,2
circumstances,2
most,2
first,2
rise,2
origins,2
known,2
offered,2
useful,2
surmise,2
provide,2
dissenter,2
mix,2
challenge,2
perceived,2
give,2
links,2
europe,2
worked,2
emerged,2
addition,2
sean,2
words,2
my,2
novel,2
came,2
did,2
formulations,2
found,2
called,2
simple,2
right,2
stood,2
millenarian,2
choice,2
larger,2
streets,2
end,2
personality,2
debates,2
contemporary,2
take,2
tracts,2
expansion,2
xx,2
persons,2
works,2
sermons,2
advances,2
tendencies,2
complicated,2
scholarly,2
tell,2
issue,2
particular,2
constitutional,2
forward,2
tension,2
light,2
leaving,2
public,2
task,2
shipley,2
corrupt,2
argues,2
original,2
becomes,2
discussion,2
des,2
church,2
made,2
explanation,2
upon,2
claim,2
through,2
purpose,2
altogether,2
along,2
giving,2
himself,2
criticized,2
gave,2
laurence,2
mention,2
ideas,2
actually,2
increasingly,2
london,2
et,2
come,2
review,2
decision,2
cosmopolitans,2
development,2
open,2
silent,2
discursive,2
imperative,2
good,2
revolves,2
although,2
prerevolutionary,2
france,2
interprets,2
kind,2
priority,2
turn,2
refuses,2
event,2
nor,2
family,2
direction,2
class,2
perspective,2
needs,2
behind,2
back,2
components,2
same,2
site,2
third,2
truly,2
texts,2
up,2
comfortably,2
says,2
critique,2
among,2
traditions,2
observed,2
famous,2
should,2
hardly,2
close,2
widely,2
cited,2
avoid,2
promised,1
appeal,1
newer,1
inspection,1
fails,1
hands,1
seems,1
themes,1
irrelevant,1
begin,1
kant,1
order,1
alters,1
depressed,1
liberalism,1
simultaneously,1
helped,1
allegedly,1
aristocracy,1
situation,1
delineating,1
struggle,1
situate,1
understands,1
hegemony,1
transformations,1
sussex,1
dragging,1
astonished,1
painite,1
raise,1
cunningly,1
quo,1
science,1
deploys,1
elevate,1
five,1
strategy,1
subverted,1
splice,1
preference,1
synthesis,1
philosophique,1
unorthodox,1
prominently,1
socinian,1
reasonable,1
anglican,1
basic,1
play,1
warrant,1
square,1
afterwards,1
appreciation,1
appreciate,1
resulted,1
levels,1
counted,1
legitimate,1
patronage,1
model,1
homeless,1
binary,1
empire,1
responded,1
burke,1
altar,1
mean,1
excellent,1
attempt,1
signaled,1
still,1
reconstruction,1
opportunity,1
dealt,1
starts,1
british,1
disaggregate,1
currency,1
belligerent,1
predilection,1
linguistic,1
contribution,1
inquiry,1
publisher,1
similar,1
conversion,1
transformation,1
grew,1
rapidly,1
indulgent,1
modes,1
deals,1
derived,1
ongoing,1
denizen,1
reception,1
contributions,1
helpful,1
fate,1
dans,1
britain,1
illustrations,1
analysis,1
standard,1
lay,1
picked,1
xxi,1
seldom,1
awareness,1
word,1
represented,1
republicans,1
distinguishing,1
criticism,1
ways,1
proclaimed,1
interpretation,1
support,1
reference,1
reason,1
opportunities,1
jonathan,1
discussed,1
communication,1
problematic,1
gathered,1
serve,1
old,1
operates,1
operated,1
speculative,1
columbus,1
tensions,1
exposure,1
ideals,1
clash,1
matters,1
languageoriented,1
place,1
les,1
neither,1
western,1
index,1
school,1
familiar,1
today,1
publicly,1
sociological,1
disappointment,1
property,1
ambitious,1
teaches,1
proceed,1
biographical,1
section,1
consciousness,1
days,1
uses,1
spirit,1
air,1
frugal,1
arguing,1
articulated,1
ed,1
finally,1
god,1
changing,1
firsthand,1
du,1
peoples,1
four,1
diderot,1
various,1
simply,1
begins,1
ever,1
handling,1
being,1
detect,1
friend,1
consistent,1
speculating,1
follow,1
intersection,1
scrutiny,1
either,1
precise,1
beyond,1
edinburgh,1
explaining,1
refreshing,1
separately,1
entry,1
sources,1
familiarity,1
levi,1
lack,1
outbreak,1
writing,1
caroline,1
certainly,1
creation,1
fitzroy,1
connection,1
idle,1
westward,1
law,1
bookish,1
convincing,1
overrode,1
hit,1
instrumental,1
power,1
integrative,1
antecedents,1
mark,1
coincidence,1
toward,1
bring,1
edmund,1
natural,1
humans,1
similarly,1
istablissemens,1
reflections,1
europeens,1
revolutionary,1
friends,1
added,1
contention,1
j,1
missing,1
departure,1
elementary,1
gregory,1
circulated,1
definition,1
parties,1
declined,1
shows,1
ale,1
whom,1
aftermath,1
groups,1
preserve,1
allow,1
best,1
accommodate,1
our,1
credits,1
develops,1
indies,1
together,1
broadly,1
creative,1
argue,1
difficulty,1
generations,1
sure,1
surprisingly,1
regard,1
indeed,1
loyalty,1
whens,1
adopts,1
fully,1
effort,1
achievement,1
follows,1
classical,1
scotland,1
monarchies,1
tells,1
atlantic,1
obviously,1
grounding,1
getting,1
xxii,1
religion,1
minipaine,1
associated,1
reveals,1
insisting,1
resulting,1
resolved,1
historical,1
examining,1
prosaic,1
turns,1
help,1
wheres,1
above,1
underline,1
serious,1
culture,1
rhetoric,1
pathological,1
last,1
asks,1
places,1
mind,1
politique,1
took,1
fits,1
further,1
left,1
growing,1
precisely,1
animal,1
learn,1
everyday,1
predicament,1
henceforth,1
traced,1
causes,1
correlate,1
conventional,1
expressed,1
discrete,1
prone,1
patrician,1
ary,1
fuller,1
johns,1
anymore,1
discuss,1
confused,1
carefully,1
marginality,1
circles,1
unique,1
relevant,1
viewed,1
recently,1
citizenship,1
produced,1
burch,1
everything,1
list,1
system,1
answer,1
woefully,1
involvement,1
paying,1
want,1
anglicans,1
side,1
wealth,1
civilized,1
studious,1
however,1
nothing,1
statement,1
homelessness,1
your,1
chronologically,1
reconstructing,1
preoccupations,1
trade,1
problem,1
key,1
industrious,1
anomie,1
capacity,1
gives,1
reconciled,1
thrown,1
histoire,1
james,1
translations,1
hopkins,1
number,1
going,1
free,1
pownall,1
periphery,1
provincial,1
sexual,1
day,1
identifiable,1
studying,1
project,1
addresses,1
dark,1
remained,1
commitments,1
xix,1
explored,1
oppress,1
voice,1
influenced,1
local,1
almost,1
utopian,1
wonders,1
missed,1
status,1
detractors,1
r,1
line,1
problems,1
correctly,1
quality,1
used,1
vast,1
progress,1
strain,1
abbe,1
suppose,1
popular,1
newtonians,1
may,1
contexts,1
paraphrase,1
benevolence,1
boston,1
discovery,1
conspicuously,1
providential,1
hundred,1
run,1
bear,1
nine,1
narrative,1
decisions,1
true,1
wrote,1
revolutiondickey,1
multiple,1
avoids,1
discovered,1
idleness,1
combination,1
radicals,1
heatedly,1
bell,1
hardships,1
x,1
decisive,1
introduced,1
intensified,1
explains,1
resources,1
show,1
hollis,1
downplays,1
press,1
anticipated,1
department,1
positions,1
wonder,1
tried,1
step,1
agents,1
revolving,1
everywhere,1
went,1
largely,1
literature,1
engage,1
stirring,1
posturing,1
older,1
presentism,1
assumption,1
during,1
judgment,1
arguments,1
policies,1
harringtonian,1
celebrates,1
issues,1
contends,1
socializing,1
vocabulary,1
exposed,1
relevance,1
industriousness,1
aims,1
associating,1
repeatedly,1
conditions,1
said,1
luxury,1
acknowledged,1
starters,1
sparked,1
like,1
resource,1
call,1
reinforced,1
throughout,1
deux,1
registers,1
proceeds,1
saw,1
deployed,1
sees,1
newtonianisn,1
member,1
disciplined,1
newspaper,1
employed,1
runs,1
become,1
shown,1
until,1
students,1
expect,1
operative,1
youth,1
peculiarities,1
score,1
rejected,1
theocrats,1
inner,1
manageable,1
cambridge,1
meanings,1
clear,1
plausible,1
since,1
polity,1
sensibilities,1
clubs,1
three,1
against,1
christian,1
accepts,1
plebian,1
national,1
write,1
express,1
millenarianism,1
translated,1
author,1
citing,1
suggesting,1
essay,1
interest,1
lectures,1
civilizing,1
crisis,1
widen,1
august,1
try,1
richard,1
times,1
portray,1
include,1
duke,1
correct,1
disagree,1
price,1
d,1
working,1
field,1
current,1
followed,1
inventing,1
balanced,1
nurtured,1
regarded,1
tom,1
wished,1
cite,1
involve,1
speculations,1
loving,1
expected,1
involving,1
son,1
piece,1
resorts,1
playing,1
derive,1
contrast,1
attempted,1
proximity,1
oversaw,1
sharp,1
expressing,1
extremely,1
specifically,1
speak,1
held,1
boudinot,1
reformation,1
opposition,1
honest,1
systematically,1
several,1
gothic,1
disquisitions,1
dissent,1
formation,1
readers,1
facing,1
supported,1
trajectory,1
few,1
having,1
enlightenment,1
republics,1
pocock,1
artisan,1
body,1
promote,1
root,1
constructing,1
houses,1
civic,1
single,1
served,1
allowing,1
club,1
met,1
denser,1
enabled,1
assessing,1
values,1
strategic,1
accordingly,1
obligation,1
can,1
virtuous,1
spin,1
structure,1
always,1
henry,1
probably,1
element,1
slightly,1
headstrong,1
mankind,1
hometown,1
look,1
looked,1
robbins,1
discusses,1
using,1
figures,1
need,1
dispensing,1
lockean,1
citizen,1
looms,1
roots,1
anthem,1
drew,1
notes,1
responsibility,1
governor,1
general,1
historically,1
provided,1
tract,1
doing,1
surely,1
biographically,1
nuanced,1
subversion,1
attention,1
influence,1
court,1
brown,1
deplored,1
conquest,1
