WORDCOUNTS,WEIGHT
the,231
and,97
of,97
in,68
a,52
sunbelt,43
south,39
to,30
for,22
as,21
s,19
southern,17
that,15
they,14
from,14
new,14
it,13
with,13
this,11
phillips,11
their,10
but,10
by,10
politics,10
region,10
on,10
not,9
was,9
war,9
p,8
political,8
scher,8
states,8
republican,7
regional,7
its,7
national,7
old,7
american,6
history,6
west,6
an,6
after,6
even,6
at,5
his,5
white,5
is,5
federal,5
rim,5
conditioning,5
or,5
culture,5
air,5
only,5
more,5
also,5
military,5
idea,5
along,5
regions,5
world,5
notes,5
business,4
growth,4
pp,4
first,4
other,4
ii,4
power,4
country,4
frostbelt,4
great,4
time,4
cities,4
term,4
state,4
what,4
spending,4
abbott,4
schulman,4
belt,4
especially,4
searching,4
so,4
he,3
second,3
governors,3
no,3
if,3
economic,3
black,3
scholarship,3
raymond,3
americans,3
before,3
growing,3
long,3
party,3
rice,3
might,3
into,3
all,3
migration,3
book,3
industry,3
conservative,3
emergence,3
government,3
republicanism,3
according,3
reviews,3
majority,3
population,3
middle,3
sale,3
industrial,3
made,3
civil,3
interstate,3
programs,3
industrialization,3
own,3
essay,3
large,3
would,3
emerging,3
shift,3
immigrants,3
presence,3
businesses,3
lotchin,3
wills,3
mohl,3
much,3
than,3
north,3
generation,3
attention,3
rights,2
york,2
way,2
bureaucrats,2
across,2
created,2
nearly,2
process,2
northeast,2
poor,2
gubernatorial,2
itself,2
began,2
importance,2
recognize,2
booming,2
factories,2
life,2
earl,2
united,2
once,2
sunshine,2
pacific,2
portrayed,2
many,2
had,2
university,2
orange,2
index,2
redneck,2
familiar,2
image,2
tax,2
participants,2
latin,2
liberal,2
same,2
welfare,2
bruce,2
chief,2
esquire,2
two,2
geographic,2
resented,2
drew,2
seemed,2
larger,2
faced,2
again,2
over,2
hot,2
control,2
cobb,2
j,2
scholars,2
moving,2
officials,2
came,2
alexander,2
carter,2
leaders,2
found,2
appeared,2
confederacy,2
foundation,2
very,2
cowboy,2
captured,2
climate,2
muggy,2
racist,2
v,2
cultural,2
alike,2
where,2
concedes,2
them,2
until,2
plants,2
house,2
deep,2
attitudes,2
has,2
public,2
balance,2
development,2
designation,2
naipaul,2
boots,2
r,2
urban,2
international,2
both,2
richard,2
county,2
rabinowitz,2
press,2
became,2
role,2
nation,2
traditional,2
economies,2
gave,2
democratic,2
manufacturing,2
people,2
firms,2
conflict,2
jimmy,2
executives,2
away,2
california,2
students,2
such,2
entity,2
week,2
since,2
goldfield,2
have,2
tables,2
victory,2
spawned,2
contributors,2
defense,2
mild,2
one,2
trucks,2
emphasizes,2
presidential,2
offered,2
june,2
homes,2
between,2
dollars,2
brought,2
close,2
decline,2
c,2
witnessed,2
era,2
arsenault,2
when,2
southwest,2
looked,2
these,2
boom,2
procurement,2
recent,2
florida,2
leadership,2
climates,2
general,2
immigration,2
garry,2
republicans,2
tennessee,2
appeal,1
stiffer,1
tourists,1
cheap,1
space,1
tamed,1
half,1
battle,1
does,1
hosts,1
converge,1
ghosts,1
communities,1
dissect,1
depressed,1
hong,1
competition,1
compete,1
helped,1
knoxville,1
fueled,1
spread,1
racism,1
units,1
seedbed,1
anticipated,1
backward,1
commentator,1
stronger,1
perspectives,1
note,1
influential,1
theaters,1
window,1
convergence,1
predicted,1
expected,1
succumbing,1
opening,1
clinton,1
inaccurate,1
popularity,1
crucial,1
populations,1
identified,1
usually,1
been,1
performance,1
muted,1
imbalance,1
novelist,1
vanished,1
vision,1
gradual,1
declaring,1
revival,1
sunny,1
wonder,1
brownell,1
ought,1
appellation,1
decades,1
booths,1
peoples,1
kind,1
forward,1
prospered,1
primarily,1
demagogues,1
midwest,1
hospitable,1
death,1
highway,1
lasting,1
elections,1
seen,1
transformed,1
villas,1
still,1
populism,1
appear,1
force,1
yankee,1
synthesizes,1
expanded,1
furnished,1
landed,1
germany,1
clung,1
transformation,1
group,1
movement,1
brand,1
asia,1
inconsequential,1
terms,1
seemingly,1
slippery,1
linking,1
represents,1
ix,1
contributions,1
class,1
miami,1
latinos,1
skyscrapers,1
illegal,1
regionalism,1
k,1
responsible,1
reinforced,1
standardbearer,1
analysis,1
distant,1
designed,1
impressed,1
confederate,1
glitter,1
merged,1
repression,1
ballyhoo,1
scattered,1
rs,1
live,1
supplements,1
pivotal,1
designate,1
edited,1
trains,1
museum,1
lintheads,1
hugh,1
wake,1
repressive,1
desperately,1
win,1
maintaining,1
gathered,1
deliberations,1
modern,1
persisted,1
bad,1
counterparts,1
immigrant,1
technology,1
gional,1
god,1
labor,1
policymakers,1
amidst,1
differentiate,1
temperate,1
wooded,1
demographic,1
distinctions,1
argues,1
railroad,1
rarely,1
then,1
recently,1
benighted,1
charleys,1
ably,1
always,1
weather,1
shifting,1
blaine,1
contested,1
are,1
ed,1
nonetheless,1
sharecroppers,1
source,1
hypnosis,1
indian,1
lester,1
updated,1
abatements,1
xi,1
provocative,1
highways,1
favoritism,1
most,1
different,1
overlook,1
department,1
ballots,1
noted,1
allows,1
fact,1
highlighted,1
anything,1
n,1
known,1
boosters,1
barkan,1
else,1
payments,1
combination,1
tourism,1
defeat,1
unearthed,1
alabama,1
moderate,1
cotton,1
volume,1
mixes,1
shops,1
carl,1
imprecise,1
votes,1
cooled,1
name,1
accomplished,1
paragon,1
comfortable,1
axis,1
fifties,1
sections,1
set,1
hit,1
cover,1
quickly,1
korean,1
toward,1
facilities,1
ran,1
retirement,1
elusive,1
sunspots,1
continental,1
undocumented,1
experienced,1
dixie,1
hotels,1
nature,1
sparked,1
turn,1
cleavage,1
footloose,1
words,1
repaid,1
northward,1
populists,1
georgia,1
georgian,1
longer,1
herald,1
reschulman,1
erasing,1
albeit,1
blamed,1
did,1
areas,1
disillusionment,1
critic,1
music,1
colorful,1
ucla,1
houses,1
compound,1
agree,1
reprises,1
dreamed,1
demirednecks,1
speaker,1
analyses,1
disliked,1
formed,1
particularly,1
really,1
studied,1
amending,1
intellectuals,1
exported,1
atlantic,1
promised,1
concludes,1
korea,1
favorable,1
radical,1
carolina,1
zone,1
ironically,1
hoteliers,1
take,1
real,1
historical,1
emerge,1
domesticated,1
resentments,1
analyst,1
maddox,1
reactionary,1
observes,1
enlarged,1
riting,1
designated,1
called,1
cadillacs,1
gothic,1
emerges,1
last,1
urbanization,1
never,1
hispanic,1
readers,1
tactics,1
underside,1
resembled,1
emphasized,1
sighting,1
believed,1
neighboring,1
principal,1
decried,1
wage,1
reading,1
promoters,1
numbers,1
catastrophic,1
economy,1
hostility,1
johns,1
bilious,1
communicate,1
competitors,1
racial,1
combined,1
accepted,1
form,1
kevin,1
jobs,1
professors,1
offering,1
handful,1
list,1
heavily,1
see,1
making,1
voting,1
amorphous,1
revolt,1
influx,1
southwesterly,1
spoke,1
generosity,1
however,1
japan,1
reiterated,1
coining,1
howard,1
firmly,1
merle,1
metropolitan,1
earners,1
assault,1
designations,1
books,1
controversy,1
distribution,1
likes,1
historians,1
wide,1
elliott,1
triumph,1
money,1
mechanically,1
james,1
stations,1
while,1
planted,1
free,1
u,1
dazzled,1
america,1
discuss,1
digests,1
because,1
studying,1
president,1
well,1
stretching,1
taxes,1
kong,1
voteeven,1
dreaded,1
conservatives,1
none,1
original,1
percent,1
rightism,1
seriously,1
hopkins,1
disappearance,1
pronounce,1
mobilization,1
supplanted,1
virginia,1
relief,1
suburban,1
offices,1
investment,1
artifacts,1
used,1
millions,1
divided,1
asians,1
pleasant,1
coherent,1
popular,1
commercialized,1
may,1
paying,1
conference,1
bibliography,1
kirkpatrick,1
reaped,1
biracial,1
sober,1
vital,1
values,1
locate,1
rithmetic,1
rightly,1
concept,1
orientation,1
furniture,1
prompted,1
likely,1
radicals,1
mississippi,1
occupants,1
x,1
including,1
decisive,1
badges,1
example,1
joining,1
looking,1
calls,1
candidate,1
confirm,1
predictions,1
african,1
marketplace,1
identity,1
subject,1
inexpensive,1
talmadge,1
loves,1
sectional,1
subculture,1
vice,1
increasingly,1
during,1
place,1
northwest,1
underbelly,1
policies,1
demonstrates,1
shopping,1
reaganite,1
phenomenon,1
bradley,1
vocabulary,1
records,1
superconservatism,1
bill,1
writing,1
complained,1
victim,1
ethnic,1
despised,1
decentralization,1
maintains,1
flag,1
burgeoned,1
contrasts,1
diagnosed,1
were,1
seek,1
office,1
we,1
singapore,1
ratified,1
overseas,1
lamis,1
xviii,1
southwestern,1
historically,1
astute,1
prominent,1
characters,1
seamy,1
anthology,1
argument,1
cosmopolitan,1
won,1
roger,1
reveals,1
realignment,1
run,1
countless,1
discovered,1
carey,1
finding,1
against,1
analyzing,1
twentieth,1
creators,1
welcomed,1
launching,1
nixon,1
publication,1
thrived,1
certain,1
author,1
vagueness,1
reversed,1
forgotten,1
good,1
ended,1
malls,1
instead,1
spiro,1
times,1
brandished,1
although,1
commerce,1
allowed,1
gop,1
land,1
considerable,1
like,1
participating,1
revised,1
lured,1
broader,1
cold,1
mustered,1
summer,1
fostered,1
him,1
revolution,1
heartland,1
writer,1
february,1
century,1
replaced,1
loser,1
echo,1
stresses,1
course,1
sweatbelt,1
order,1
defined,1
attracting,1
initiate,1
hold,1
unsophisticated,1
typology,1
distinct,1
veteran,1
constitutions,1
campaign,1
heat,1
small,1
herman,1
geography,1
david,1
perspective,1
patterns,1
writings,1
migrants,1
few,1
airport,1
article,1
commentators,1
migrating,1
technologyand,1
confirmed,1
transfer,1
balk,1
agnew,1
comfort,1
counteroffensive,1
insists,1
young,1
dramatic,1
become,1
allowing,1
shadows,1
further,1
inducements,1
left,1
caribbean,1
potent,1
engages,1
be,1
debate,1
warned,1
managed,1
early,1
barely,1
postwar,1
up,1
interference,1
story,1
dominance,1
northern,1
attracted,1
spoils,1
indissoluble,1
figures,1
apparently,1
lamar,1
sun,1
governor,1
redirected,1
building,1
loyalties,1
controversial,1
meeting,1
sixties,1
orval,1
influence,1
decry,1
race,1
rest,1
portrait,1
massive,1
faubus,1
division,1
overlooked,1
fearfully,1
epitaph,1
conjure,1
deeper,1
emerged,1
modernized,1
visit,1
parks,1
