WORDCOUNTS,WEIGHT
the,204
of,146
and,103
in,80
to,78
a,56
crowley,39
s,35
that,30
his,25
p,25
for,24
american,23
trade,23
as,21
is,16
with,16
on,16
political,16
mercantilism,16
commercial,15
not,14
from,14
smith,14
british,14
mercantilist,13
economic,12
madison,11
navigation,10
leaders,10
economy,10
he,9
other,9
free,9
we,9
they,8
but,8
by,8
age,8
williams,8
hamilton,8
discussion,8
were,8
neomercantilism,8
an,8
jefferson,8
at,7
revolutionary,7
analysis,7
about,7
view,7
over,7
book,7
events,7
this,7
britain,7
market,6
policy,6
us,6
history,6
most,6
more,6
out,6
john,6
new,6
congress,6
have,6
nations,5
it,5
liberalism,5
no,5
their,5
one,5
study,5
or,5
liberal,5
power,5
principles,5
learn,5
them,5
system,5
its,5
which,5
would,5
so,5
adam,5
be,5
debate,5
independence,4
who,4
any,4
all,4
state,4
case,4
colonies,4
some,4
concept,4
liberals,4
policymakers,4
colonial,4
states,4
ernst,4
discourse,4
like,4
mercantilists,4
european,3
rights,3
demand,3
true,3
neomercantilists,3
privileges,3
once,3
interpretation,3
treaty,3
studies,3
jay,3
these,3
mercantile,3
neomercantilist,3
long,3
was,3
others,3
constitution,3
fact,3
regulation,3
report,3
end,3
men,3
william,3
reviews,3
less,3
wealth,3
america,3
virginia,3
understanding,3
work,3
upon,3
point,3
moral,3
arguments,3
manufacturing,3
policies,3
thus,3
such,3
three,3
national,3
author,3
adams,3
revolution,3
after,3
discrimination,3
commerce,3
acts,3
left,3
supply,3
when,3
views,3
up,3
world,3
interests,3
bring,2
enough,2
therefore,2
suggestion,2
second,2
urged,2
way,2
hawkesbury,2
indeed,2
how,2
influential,2
argues,2
nearly,2
empire,2
success,2
bill,2
makes,2
united,2
sheffield,2
yet,2
federal,2
understand,2
pp,2
joseph,2
university,2
axiomatic,2
matters,2
equated,2
had,2
into,2
thinking,2
before,2
culture,2
lord,2
shays,2
matter,2
ed,2
character,2
xi,2
two,2
said,2
confederation,2
only,2
reciprocity,2
generally,2
consequence,2
also,2
connection,2
here,2
tell,2
set,2
again,2
continental,2
similarly,2
revolutionaries,2
greater,2
asserts,2
agrarian,2
fisheries,2
revenue,2
domestic,2
blind,2
producing,2
antifederalists,2
deal,2
mississippi,2
navy,2
debt,2
nationalism,2
there,2
late,2
turned,2
readers,2
hand,2
respond,2
spain,2
scholarly,2
where,2
johns,2
context,2
appears,2
rebellion,2
particular,2
however,2
manufactures,2
time,2
public,2
hopkins,2
sought,2
imperial,2
another,2
credit,2
port,2
both,2
made,2
vital,2
heart,2
west,2
part,2
press,2
use,2
place,2
issues,2
framework,2
while,2
de,2
dependence,2
advantages,2
merchants,2
until,2
grant,2
monopoly,2
years,2
takes,2
against,2
september,2
samuel,2
course,2
staple,2
him,2
century,2
elements,2
chalmers,2
summary,2
few,2
difficulty,2
early,2
even,2
looked,2
than,2
notes,2
industries,1
survived,1
model,1
fails,1
final,1
defending,1
seems,1
implicitly,1
carried,1
will,1
failed,1
critical,1
defended,1
operation,1
legislating,1
interesting,1
led,1
enhancing,1
informs,1
philadelphia,1
republic,1
revisionist,1
subordination,1
forces,1
today,1
stated,1
note,1
monopolies,1
during,1
without,1
protecting,1
spelling,1
common,1
exact,1
act,1
george,1
letters,1
if,1
later,1
marketplace,1
develops,1
comnmitment,1
madisonian,1
emst,1
main,1
analytic,1
buyers,1
continuing,1
short,1
wrote,1
stood,1
staples,1
informing,1
labors,1
debated,1
bound,1
claimed,1
entrepots,1
neglecting,1
ironically,1
federalists,1
curtis,1
extend,1
classic,1
brief,1
heightens,1
concerns,1
intriguing,1
notion,1
becomes,1
e,1
stephen,1
broaden,1
prove,1
jure,1
community,1
determining,1
brilliantly,1
anyone,1
economists,1
weaknesses,1
nettels,1
comments,1
former,1
passing,1
interplay,1
similar,1
premises,1
talk,1
likewise,1
direct,1
benjamin,1
postelthwayt,1
permeate,1
contributions,1
life,1
structural,1
neomerantilism,1
diplomatic,1
illustrations,1
essays,1
unsurprising,1
presenting,1
word,1
linkages,1
likely,1
factors,1
moreover,1
criticism,1
supporting,1
sets,1
selling,1
shipping,1
support,1
appleman,1
reference,1
thomas,1
means,1
pressing,1
category,1
favor,1
articles,1
read,1
federalist,1
dwyer,1
obstructionism,1
soon,1
ensure,1
meant,1
considerations,1
expansionists,1
legacies,1
conceptualization,1
specifics,1
detail,1
western,1
thesis,1
index,1
school,1
virtually,1
familiar,1
duties,1
presents,1
jenkinson,1
seeing,1
aversion,1
spoke,1
sum,1
proposed,1
historian,1
economics,1
clarion,1
exceptions,1
same,1
lessons,1
classifies,1
preface,1
passions,1
mary,1
baltimore,1
preoccupation,1
naval,1
doubtless,1
indian,1
circumstances,1
orientation,1
show,1
department,1
touching,1
reports,1
provide,1
regulated,1
boost,1
being,1
first,1
member,1
rise,1
known,1
labour,1
encouragement,1
inconsistencies,1
subsidize,1
calvinist,1
published,1
rival,1
followed,1
willingness,1
alludes,1
retaliation,1
putting,1
revisited,1
parliamentary,1
jackson,1
name,1
puts,1
virginian,1
turn,1
shifted,1
law,1
oceanic,1
suit,1
founding,1
helped,1
philosophy,1
because,1
adopt,1
important,1
export,1
mighty,1
toward,1
treaties,1
defining,1
force,1
interference,1
advocated,1
convincingly,1
dependency,1
conflicts,1
intellectual,1
fundamental,1
quarrel,1
reflections,1
lords,1
ourselves,1
official,1
opening,1
cantillon,1
expressed,1
are,1
historiography,1
words,1
definition,1
claim,1
based,1
bilateral,1
possibilities,1
whom,1
least,1
forming,1
turner,1
device,1
alexander,1
could,1
striking,1
opposing,1
newfoundland,1
republicanism,1
reasons,1
ports,1
ratification,1
potentially,1
sellers,1
rich,1
ideological,1
follows,1
tucker,1
larger,1
scotland,1
retaliate,1
xiii,1
shared,1
atlantic,1
obviously,1
promised,1
liberalizing,1
pass,1
very,1
localist,1
capstone,1
remain,1
build,1
historical,1
analyst,1
protect,1
prerevolutionary,1
serious,1
quoted,1
external,1
simple,1
conrad,1
achieving,1
markets,1
term,1
midway,1
question,1
fishery,1
devised,1
last,1
patterns,1
took,1
rerninded,1
further,1
nurseries,1
metropole,1
beginning,1
robert,1
founder,1
shall,1
operating,1
conventional,1
alike,1
reading,1
committed,1
what,1
war,1
notable,1
purposes,1
systematic,1
bore,1
combined,1
idem,1
coercion,1
papers,1
advisers,1
nationalist,1
offering,1
seamen,1
underscores,1
ratify,1
reminds,1
side,1
comes,1
seem,1
thirty,1
record,1
colony,1
covers,1
sophisticated,1
validate,1
forthcoming,1
xiv,1
perhaps,1
weaken,1
theory,1
attacked,1
find,1
problem,1
egnal,1
historians,1
wide,1
money,1
structure,1
earlier,1
always,1
number,1
possibility,1
directly,1
eliminate,1
provincial,1
historiographical,1
pursued,1
rejected,1
failure,1
well,1
remained,1
shape,1
explored,1
chapter,1
balance,1
influenced,1
account,1
almost,1
suppress,1
sheba,1
postwar,1
fundamentally,1
intends,1
probing,1
politics,1
threat,1
revealed,1
infant,1
open,1
literature,1
protectionism,1
liberty,1
marc,1
role,1
start,1
level,1
range,1
eighteenth,1
framed,1
must,1
contours,1
baker,1
preeminent,1
taking,1
thereby,1
given,1
conceptual,1
x,1
eliminating,1
explains,1
example,1
denial,1
conception,1
laws,1
cited,1
strictly,1
became,1
compares,1
nation,1
hume,1
regulate,1
core,1
elite,1
promises,1
giving,1
facto,1
subject,1
plans,1
criticized,1
transition,1
perspective,1
planters,1
identifies,1
enduring,1
touchstone,1
gave,1
embargo,1
consistently,1
slump,1
fail,1
merchant,1
began,1
ever,1
people,1
ideas,1
protectionist,1
increasingly,1
successful,1
overcome,1
satisfying,1
take,1
iconoclastic,1
central,1
pamphlets,1
nothing,1
chapters,1
call,1
franklin,1
throughout,1
come,1
buying,1
away,1
write,1
contended,1
ends,1
sensibility,1
historiographic,1
tonnage,1
accompanying,1
argument,1
cosmopolitan,1
immediate,1
dynamics,1
development,1
reveals,1
quality,1
own,1
assembly,1
following,1
legitimacy,1
bicentennial,1
approach,1
traders,1
peter,1
essay,1
interest,1
crisis,1
authoritative,1
interpret,1
subtitle,1
review,1
defense,1
david,1
include,1
divisions,1
sense,1
detracts,1
suffers,1
define,1
hamiltonian,1
application,1
length,1
canadian,1
period,1
need,1
gross,1
convention,1
things,1
simpler,1
straight,1
extensively,1
france,1
strategic,1
prosperity,1
kind,1
devise,1
derive,1
helps,1
attempted,1
imposition,1
priority,1
progressive,1
stride,1
standpoint,1
believing,1
confreres,1
settlement,1
provides,1
event,1
economist,1
relations,1
self,1
increased,1
exchange,1
rejecting,1
impost,1
enhancement,1
montesquieu,1
several,1
comparison,1
needs,1
refer,1
observation,1
charles,1
problems,1
discussed,1
promote,1
between,1
response,1
jeffersonians,1
fight,1
ser,1
restrict,1
sharpen,1
mlercantilist,1
narrow,1
smithean,1
hits,1
elites,1
assertive,1
applying,1
accordingly,1
interpenetration,1
truck,1
sentiments,1
era,1
onuf,1
marine,1
james,1
managed,1
create,1
overarching,1
capitalism,1
instance,1
persuaded,1
little,1
pays,1
critique,1
much,1
cf,1
versus,1
among,1
saw,1
drew,1
departed,1
quarterly,1
premature,1
posing,1
should,1
ago,1
broader,1
provided,1
hardly,1
generation,1
injustice,1
acted,1
attention,1
showed,1
evoked,1
workings,1
close,1
holroyd,1
concluded,1
virtuous,1
dictated,1
growth,1
major,1
seemed,1
incidental,1
separate,1
grasp,1
