WORDCOUNTS,WEIGHT
the,240
of,93
in,89
war,65
to,60
and,59
a,42
that,29
civil,29
gar,29
for,28
s,28
as,25
had,23
by,21
was,19
veterans,18
this,16
or,15
history,15
who,14
were,14
american,13
they,12
from,12
all,12
army,10
union,10
on,10
their,9
but,9
more,9
soldiers,9
social,9
americans,8
about,8
with,8
other,8
century,8
mcconnell,8
than,8
at,7
one,7
is,7
also,7
many,7
posts,7
see,7
historians,7
its,7
during,7
an,7
pensions,7
meaning,6
been,6
widows,6
nineteenth,6
important,6
j,6
could,6
republic,6
which,6
national,6
be,6
much,6
large,5
study,5
not,5
university,5
new,5
vinovskis,5
including,5
late,5
those,5
northern,5
generation,5
he,4
ordinary,4
life,4
class,4
lives,4
organization,4
home,4
grand,4
congress,4
members,4
flags,4
men,4
reviews,4
triumph,4
local,4
politics,4
work,4
elite,4
people,4
question,4
ignored,4
essay,4
although,4
so,4
after,4
membership,4
immigrants,4
organizations,4
postwar,4
rights,3
fraternal,3
high,3
mostly,3
philadelphia,3
no,3
way,3
stuart,3
slavery,3
ways,3
groups,3
lobbying,3
community,3
reconstruction,3
movement,3
essays,3
confederate,3
gallman,3
fair,3
into,3
initiation,3
consciousness,3
same,3
impact,3
these,3
most,3
two,3
democratic,3
first,3
only,3
military,3
view,3
book,3
did,3
half,3
called,3
government,3
very,3
brown,3
political,3
what,3
march,3
terms,3
less,3
has,3
matthew,3
remained,3
some,3
upon,3
part,3
purpose,3
city,3
press,3
conflict,3
such,3
years,3
served,3
chicago,3
rorabaugh,3
up,3
world,3
it,2
mcgerr,2
opposed,2
now,2
led,2
second,2
role,2
belonged,2
letters,2
bring,2
usually,2
main,2
across,2
how,2
reevaluate,2
decades,2
civilians,2
subsidy,2
period,2
special,2
blood,2
robin,2
likely,2
units,2
federal,2
reason,2
pp,2
challenged,2
index,2
benefits,2
organized,2
shadow,2
then,2
any,2
mary,2
ed,2
argued,2
w,2
came,2
cast,2
either,2
kemp,2
volume,2
einhorn,2
lewis,2
back,2
law,2
interested,2
lears,2
give,2
foner,2
larger,2
toward,2
others,2
over,2
towns,2
based,2
disabilities,2
together,2
found,2
great,2
current,2
differences,2
time,2
lodges,2
out,2
events,2
i,2
beliefs,2
country,2
state,2
do,2
memory,2
mumford,2
newport,2
courage,2
younger,2
well,2
however,2
wartime,2
books,2
debate,2
died,2
mass,2
america,2
killed,2
argues,2
property,2
published,2
percent,2
e,2
classes,2
used,2
middle,2
both,2
own,2
values,2
fine,2
future,2
maris,2
irish,2
routinely,2
ritual,2
extended,2
virtually,2
maintained,2
questions,2
phase,2
examination,2
reinforced,2
nationalism,2
rejected,2
cambridge,2
three,2
moral,2
tables,2
machine,2
reid,2
individual,2
newly,2
sense,2
like,2
suggest,2
stage,2
states,2
last,2
uniqueness,2
thomas,2
keep,2
mitchell,2
especially,2
charles,2
few,2
behind,2
themselves,2
third,2
remainder,2
when,2
through,2
would,2
even,2
traditional,2
paid,2
among,2
recent,2
notes,2
provided,2
draft,2
battles,2
subsequently,1
increasing,1
survived,1
nonwar,1
south,1
higher,1
implicitly,1
admire,1
does,1
communities,1
showcases,1
diasporic,1
interesting,1
sons,1
experience,1
fly,1
implications,1
equality,1
raise,1
holmes,1
investigated,1
ing,1
practices,1
polish,1
entitled,1
abolitionists,1
symbolized,1
functioning,1
potent,1
horror,1
redefine,1
memorializing,1
his,1
hostile,1
phillip,1
if,1
bold,1
districts,1
later,1
nonviolence,1
short,1
generations,1
developed,1
f,1
l,1
commitment,1
praised,1
slaughter,1
saved,1
hill,1
financed,1
play,1
idea,1
extend,1
lines,1
brief,1
forward,1
rais,1
swept,1
centralization,1
primarily,1
policies,1
notion,1
announced,1
filled,1
prevailing,1
republican,1
represented,1
poorer,1
considerably,1
itself,1
revulsion,1
force,1
began,1
worse,1
surviving,1
effectively,1
wiley,1
lasted,1
foreclosed,1
proposition,1
connected,1
oddly,1
retelling,1
ponder,1
group,1
rushed,1
derived,1
sacrificed,1
direct,1
weighing,1
replaced,1
freemasonry,1
proletarian,1
salvation,1
illegal,1
selflessly,1
applicants,1
often,1
responsible,1
sacrifices,1
specific,1
illustrations,1
superb,1
nothing,1
paludan,1
annoyance,1
assessments,1
michael,1
united,1
join,1
once,1
schools,1
formed,1
chippewa,1
imperialism,1
nuances,1
dead,1
respect,1
enlisted,1
edited,1
having,1
urged,1
interpretation,1
refusing,1
done,1
examined,1
enlist,1
downward,1
addition,1
easily,1
changes,1
rules,1
actual,1
royster,1
older,1
numbers,1
t,1
investigate,1
soon,1
honored,1
fought,1
meant,1
under,1
issue,1
borrowed,1
forget,1
rebounded,1
flag,1
spilled,1
comrades,1
improvement,1
periods,1
river,1
thesis,1
school,1
locale,1
douglass,1
unlike,1
charitable,1
participants,1
assimilation,1
grammar,1
falls,1
resultant,1
thinking,1
associated,1
righteous,1
collectively,1
historian,1
growing,1
reviewing,1
reexamination,1
savior,1
articulated,1
glorious,1
conclusion,1
contest,1
exploratory,1
instrument,1
version,1
selfless,1
rebellion,1
too,1
upper,1
industrial,1
enjoyed,1
wisconsin,1
insights,1
four,1
existence,1
memorial,1
show,1
department,1
reports,1
unusually,1
montgomery,1
peaked,1
constituted,1
uprising,1
member,1
continues,1
entwined,1
vietnam,1
officers,1
succeeded,1
poor,1
beyond,1
explaining,1
traitors,1
useful,1
chose,1
modest,1
long,1
lead,1
acres,1
embraced,1
bernstein,1
emerge,1
starting,1
jackson,1
descendants,1
meat,1
successfully,1
victorian,1
memorials,1
production,1
voices,1
restriction,1
set,1
discharged,1
ii,1
sing,1
oscillated,1
camp,1
mark,1
might,1
furloughs,1
conceived,1
backed,1
intellectual,1
qualities,1
disappeared,1
patriotic,1
emerged,1
friends,1
ourselves,1
towards,1
grace,1
meaty,1
active,1
missing,1
uses,1
efforts,1
are,1
clarement,1
words,1
true,1
expenditures,1
tax,1
frederick,1
company,1
possibilities,1
global,1
commission,1
betrayal,1
principles,1
leading,1
andrew,1
aftermath,1
sampling,1
preserve,1
believe,1
lynn,1
scholars,1
best,1
xii,1
explores,1
pledge,1
pressure,1
prominence,1
reb,1
opposing,1
conservative,1
entered,1
desire,1
largest,1
reasons,1
indeed,1
farmers,1
southerners,1
portrayal,1
marxian,1
gives,1
lived,1
manifested,1
rule,1
studied,1
never,1
closer,1
ph,1
concludes,1
radical,1
end,1
carolina,1
imagination,1
arthur,1
doubt,1
visits,1
perpetuating,1
collecting,1
cities,1
historical,1
examining,1
nightmare,1
uniforms,1
clawson,1
wealthy,1
past,1
twentieth,1
observes,1
confederates,1
lodge,1
inflated,1
culture,1
fear,1
brotherhood,1
masters,1
big,1
merely,1
better,1
patterns,1
date,1
believed,1
influences,1
beginning,1
organizing,1
present,1
principal,1
helping,1
understood,1
day,1
johnson,1
profitable,1
mainly,1
youthful,1
banned,1
reenactments,1
johns,1
literature,1
barred,1
reconnects,1
device,1
smaller,1
unique,1
context,1
them,1
produced,1
form,1
system,1
answer,1
british,1
making,1
enlistment,1
wave,1
council,1
post,1
takes,1
reshaped,1
reincarnated,1
maintain,1
appropriating,1
xvii,1
armies,1
banner,1
perhaps,1
sacrificing,1
masterly,1
blackballed,1
seven,1
encampments,1
struggled,1
money,1
beard,1
hopkins,1
revenues,1
reflected,1
sought,1
berkeley,1
because,1
expensive,1
studying,1
aspects,1
mastering,1
freemasons,1
early,1
illegitimate,1
failure,1
constitutional,1
shape,1
unprincipled,1
answers,1
gained,1
directly,1
exercised,1
original,1
display,1
participation,1
views,1
psychology,1
injured,1
welcome,1
soldier,1
basis,1
relatives,1
upward,1
helped,1
exploring,1
diverse,1
honorably,1
patriotism,1
discussion,1
northerners,1
popular,1
doubtful,1
considering,1
birth,1
made,1
bibliography,1
doomed,1
schlesinger,1
distinctly,1
women,1
directions,1
careful,1
clean,1
claim,1
mastery,1
diss,1
insist,1
morale,1
reported,1
given,1
bell,1
except,1
drew,1
killing,1
enlistments,1
yank,1
increase,1
billy,1
secret,1
became,1
decoration,1
nation,1
popularity,1
catholics,1
african,1
bourgeois,1
die,1
subject,1
caught,1
tried,1
memberships,1
ten,1
assumptions,1
got,1
jacobson,1
year,1
generals,1
urging,1
recreated,1
gave,1
fit,1
call,1
largely,1
volunteers,1
place,1
rivers,1
d,1
behavior,1
enraged,1
ranks,1
issues,1
demonstrates,1
families,1
interestingly,1
sanitary,1
framework,1
ideas,1
leftists,1
nostalgic,1
manhood,1
opened,1
despised,1
central,1
carnes,1
million,1
us,1
contentment,1
engaged,1
centralized,1
eric,1
review,1
fold,1
regional,1
experiences,1
hampshire,1
formation,1
believes,1
manifest,1
centennial,1
reopens,1
evocation,1
shown,1
symbol,1
roots,1
showing,1
philosophically,1
intensity,1
republished,1
argument,1
score,1
extravagant,1
status,1
open,1
significance,1
barton,1
there,1
against,1
tackled,1
pursuit,1
have,1
shoemaking,1
refuse,1
lumbermen,1
pollution,1
g,1
washington,1
author,1
finally,1
accept,1
told,1
interest,1
thus,1
forgotten,1
amounts,1
interpret,1
confident,1
johnny,1
ended,1
general,1
construct,1
david,1
berorabaugh,1
correct,1
started,1
sometimes,1
caused,1
change,1
working,1
allegiance,1
need,1
jr,1
function,1
insisted,1
blends,1
revolution,1
rooted,1
politicians,1
lobbied,1
comprised,1
politically,1
held,1
forced,1
defined,1
contrast,1
slaughterhouses,1
destiny,1
devised,1
uniquely,1
pension,1
admired,1
event,1
sake,1
old,1
veteran,1
brilliant,1
alive,1
reluctance,1
pushing,1
pathbreaking,1
worried,1
several,1
fees,1
autonomy,1
morally,1
characteristics,1
graves,1
freed,1
offered,1
taxpayers,1
blacks,1
profound,1
somehow,1
concerns,1
pressly,1
between,1
chapel,1
dollars,1
constructing,1
sorrows,1
six,1
german,1
dramatic,1
single,1
arrived,1
research,1
massachusetts,1
decline,1
assessing,1
left,1
ann,1
serviceconnected,1
awful,1
tended,1
era,1
seattle,1
fervor,1
brockton,1
overwhelmed,1
structure,1
enemies,1
amy,1
drawn,1
capitalism,1
looks,1
little,1
charging,1
contracts,1
divergent,1
journal,1
figures,1
enthusiasms,1
saw,1
we,1
tendency,1
bounties,1
north,1
connections,1
startling,1
joint,1
persuading,1
ego,1
dumenil,1
blundering,1
zest,1
resembled,1
fee,1
acted,1
attention,1
showed,1
influence,1
destructive,1
immigration,1
concluded,1
activities,1
major,1
behalf,1
eagerly,1
avoid,1
sobriety,1
