WORDCOUNTS,WEIGHT
the,192
of,121
and,78
in,71
to,45
a,42
artisans,32
artisan,30
that,26
is,24
revolution,21
on,20
as,20
american,17
by,17
s,17
philadelphia,16
their,16
schultz,16
new,16
for,15
it,14
republican,13
history,13
republic,12
republicanism,12
respectable,12
this,12
was,11
from,11
early,11
york,10
they,10
not,10
more,10
p,10
be,10
labor,10
were,10
working,10
some,9
who,8
but,8
between,8
an,8
mechanics,7
class,7
industrial,7
with,7
are,7
work,7
have,7
otter,6
ideology,6
rock,6
political,6
journeymen,6
has,6
politics,6
city,6
paradigm,6
william,6
rather,5
keepers,5
community,5
began,5
b,5
racism,5
respectability,5
university,5
most,5
social,5
there,5
works,5
what,5
people,5
gilje,5
both,5
so,5
than,5
stott,4
at,4
does,4
usually,4
been,4
indeed,4
he,4
illustrations,4
interpretation,4
studies,4
pp,4
bruce,4
these,4
also,4
view,4
did,4
laurie,4
could,4
within,4
those,4
reviews,4
press,4
which,4
we,4
merchants,4
own,4
workers,4
period,4
evidence,4
smallproducer,4
duane,4
artisanal,4
should,4
mostly,3
his,3
groups,3
how,3
one,3
often,3
wages,3
or,3
argued,3
manual,3
accounts,3
paul,3
all,3
came,3
book,3
seem,3
leaders,3
documents,3
very,3
associations,3
i,3
just,3
masters,3
nash,3
however,3
historians,3
because,3
such,3
howard,3
literature,3
popular,3
radicals,3
collection,3
ideas,3
thus,3
years,3
accept,3
like,3
blacks,3
june,3
even,3
purpose,3
much,3
world,3
increasing,2
may,2
yorkers,2
will,2
reminiscences,2
creed,2
raise,2
way,2
independent,2
lynn,2
synthesis,2
ordinary,2
notion,2
process,2
independence,2
politicians,2
wilson,2
importance,2
movement,2
direct,2
unrespectable,2
life,2
sailors,2
existed,2
about,2
english,2
antagonism,2
addition,2
read,2
under,2
index,2
fifteen,2
seabury,2
any,2
cornell,2
consciousness,2
women,2
steven,2
democratic,2
first,2
origins,2
only,2
declining,2
sources,2
long,2
party,2
provide,2
creation,2
portrays,2
sustained,2
other,2
challenge,2
important,2
might,2
cut,2
over,2
appear,2
obscene,2
emerged,2
had,2
my,2
gary,2
different,2
shows,2
key,2
governed,2
great,2
attack,2
vicious,2
iii,2
radical,2
levellers,2
historical,2
wealthy,2
last,2
them,2
less,2
rowdy,2
necessary,2
perhaps,2
chants,2
really,2
america,2
impact,2
argues,2
suggests,2
genre,2
urban,2
obviously,2
made,2
richard,2
eighteenth,2
slaves,2
mutuality,2
heavily,2
through,2
processions,2
its,2
went,2
significant,2
during,2
place,2
workshop,2
challenges,2
records,2
conflict,2
chapters,2
wilentz,2
sees,2
ronald,2
samuel,2
crucible,2
editor,2
significance,2
against,2
change,2
held,2
stages,2
describes,2
contrast,2
after,2
small,2
times,2
include,2
craft,2
single,2
served,2
themselves,2
when,2
quakers,2
little,2
focus,2
recent,2
notes,2
basically,2
race,2
roediger,2
major,2
culmination,1
model,1
smoothed,1
overbearing,1
entitled,1
aurora,1
flourished,1
democracy,1
threatened,1
appeal,1
ending,1
opposed,1
oxford,1
where,1
highlights,1
led,1
fort,1
laboring,1
done,1
me,1
situate,1
doubts,1
minor,1
particular,1
materials,1
beatings,1
feudalism,1
strike,1
continued,1
testimony,1
george,1
protests,1
mother,1
stream,1
apprentices,1
skilled,1
commentary,1
devious,1
encompassed,1
cabinetmaker,1
short,1
vision,1
stood,1
proceedings,1
surprisingly,1
laugh,1
subject,1
carefully,1
critical,1
administered,1
explicit,1
virtue,1
renewed,1
prevailing,1
get,1
success,1
directions,1
transformed,1
july,1
opportunity,1
introduction,1
expanded,1
effectively,1
earlier,1
disregard,1
legal,1
glimpses,1
everybody,1
similar,1
employees,1
group,1
try,1
interesting,1
variant,1
settings,1
seemingly,1
hold,1
changes,1
inspired,1
responsible,1
conventional,1
examine,1
construction,1
relationship,1
continually,1
salinger,1
feel,1
songs,1
republicans,1
consequences,1
humanizing,1
space,1
reject,1
respect,1
pivotal,1
ross,1
avoids,1
true,1
ways,1
solidarity,1
support,1
centuries,1
approaches,1
modified,1
references,1
itself,1
lives,1
federalist,1
emphasis,1
wanted,1
touchy,1
decade,1
erode,1
addressed,1
basis,1
us,1
bellowing,1
smith,1
necessarily,1
taverns,1
familiar,1
allies,1
image,1
mullin,1
literary,1
organized,1
home,1
workplace,1
commonwealth,1
ambitious,1
wealth,1
sr,1
proved,1
tenacity,1
producers,1
culture,1
callous,1
orations,1
believed,1
nineteenth,1
considered,1
traces,1
articulated,1
sean,1
series,1
strikes,1
too,1
updated,1
provocative,1
show,1
two,1
department,1
contradiction,1
highlight,1
simply,1
autobiographies,1
assimilated,1
fact,1
rise,1
voluminous,1
powerful,1
known,1
lot,1
else,1
t,1
ambiguities,1
irishmen,1
followed,1
act,1
willingness,1
labels,1
fellow,1
shops,1
leader,1
adversity,1
connection,1
letters,1
production,1
reconciliation,1
attacks,1
researched,1
founding,1
moneygripe,1
attempts,1
taken,1
figure,1
others,1
dignified,1
retained,1
allow,1
into,1
union,1
greater,1
j,1
commemorated,1
analytical,1
paper,1
expressed,1
standards,1
efforts,1
dramatically,1
remembered,1
outside,1
lack,1
sing,1
overwhelming,1
distance,1
quick,1
tradition,1
best,1
secondary,1
belong,1
pressure,1
striking,1
industrializing,1
quotes,1
argue,1
typical,1
current,1
regard,1
origin,1
time,1
out,1
break,1
deal,1
intersecting,1
contradictory,1
riotsmade,1
reveal,1
events,1
court,1
stunning,1
contends,1
section,1
americans,1
pictures,1
struggle,1
xx,1
damage,1
edition,1
living,1
absolutely,1
edge,1
late,1
men,1
state,1
waterfront,1
racist,1
drinking,1
precisely,1
fourth,1
do,1
monographs,1
v,1
everyday,1
forthcomingfrom,1
robert,1
lens,1
differences,1
embody,1
heighton,1
rampaging,1
link,1
derivation,1
johns,1
regulation,1
dating,1
gratified,1
transmitted,1
racial,1
coarse,1
accepted,1
context,1
establish,1
implicit,1
journeymens,1
viewed,1
apprentice,1
laying,1
see,1
system,1
cannot,1
making,1
now,1
boys,1
issue,1
excellent,1
norms,1
rosswurm,1
ed,1
focusing,1
maintain,1
covers,1
tradesmen,1
culminating,1
writes,1
apprenticed,1
eds,1
trade,1
assault,1
albeit,1
bawdy,1
militiamade,1
public,1
money,1
streets,1
bowery,1
hopkins,1
while,1
another,1
dazzled,1
incorporate,1
cloth,1
violent,1
scant,1
produce,1
directly,1
autobiography,1
generally,1
resolutely,1
entirely,1
felt,1
ideal,1
possible,1
r,1
up,1
compelling,1
whiteness,1
reprinted,1
cooperation,1
mates,1
discussion,1
intimate,1
traditionalist,1
derived,1
shoemakers,1
pranks,1
received,1
mutual,1
doomed,1
disagree,1
presented,1
sober,1
leisure,1
poems,1
values,1
formulation,1
limitations,1
age,1
future,1
rereading,1
brawling,1
scorned,1
far,1
discusses,1
intelligent,1
example,1
brawl,1
conception,1
knowledge,1
content,1
billy,1
relentlessly,1
became,1
apply,1
role,1
nation,1
african,1
identity,1
experience,1
feared,1
step,1
ribaldry,1
waste,1
struck,1
established,1
extended,1
gave,1
infidel,1
recounts,1
freedom,1
harmony,1
merchant,1
make,1
approach,1
issues,1
collective,1
relies,1
questions,1
rare,1
varied,1
real,1
our,1
disreputable,1
mentor,1
personal,1
full,1
raising,1
partisan,1
genesis,1
dependence,1
haven,1
craftsmen,1
moderate,1
plasterer,1
idyllic,1
sympathetic,1
score,1
alan,1
ties,1
development,1
ignored,1
xv,1
irishtown,1
fracturing,1
riot,1
interpreted,1
quest,1
mirth,1
moral,1
reality,1
conditions,1
authors,1
comprehensive,1
sensitivity,1
express,1
g,1
washington,1
dominated,1
preceded,1
good,1
wish,1
creating,1
review,1
manufacturers,1
general,1
individual,1
david,1
raises,1
pride,1
sense,1
successful,1
characterized,1
price,1
flood,1
labored,1
quaker,1
nurtured,1
restore,1
wildly,1
antiblack,1
suggest,1
implausibly,1
high,1
term,1
century,1
forums,1
off,1
superstitions,1
action,1
salience,1
heart,1
event,1
fine,1
dawley,1
longshoremen,1
loose,1
pages,1
opposition,1
mobilized,1
ignore,1
workshops,1
few,1
profound,1
jefferson,1
migrating,1
ithaca,1
assimilate,1
parade,1
lawyers,1
newspapers,1
young,1
research,1
massachusetts,1
started,1
narrow,1
attached,1
isn,1
left,1
topics,1
seems,1
xvi,1
mr,1
witnessed,1
right,1
coalition,1
impossible,1
sentiments,1
can,1
crude,1
marching,1
core,1
find,1
beginning,1
james,1
cincinnati,1
concepts,1
trades,1
overarching,1
views,1
explore,1
substantial,1
progress,1
comportment,1
eloquently,1
develop,1
look,1
traditional,1
attracted,1
proper,1
row,1
strong,1
sharon,1
ends,1
deeply,1
perplexing,1
laborers,1
green,1
value,1
faler,1
socialism,1
attention,1
influence,1
rest,1
narrative,1
master,1
occasional,1
antithesis,1
perception,1
seemed,1
society,1
societies,1
