WORDCOUNTS,WEIGHT
the,191
of,162
and,68
to,61
a,57
in,47
is,37
as,32
that,31
for,26
s,24
history,21
it,20
by,20
american,19
boyer,19
but,18
with,17
belief,17
prophecy,17
be,17
one,16
not,16
will,15
on,15
they,14
their,14
which,14
this,13
have,13
believers,12
p,12
end,12
he,11
are,11
world,11
who,10
an,10
might,10
has,10
most,9
christ,9
those,9
war,9
apocalyptic,9
at,8
no,8
his,8
only,8
modern,7
was,7
more,7
book,7
secular,7
its,7
would,7
after,7
can,7
whose,6
if,6
or,6
from,6
all,6
new,6
antichrist,6
some,6
were,6
millennialism,6
second,5
hope,5
god,5
us,5
believe,5
time,5
i,5
there,5
westbrook,5
when,5
writers,5
such,5
millennium,5
difficult,4
may,4
rapture,4
been,4
prophetic,4
how,4
life,4
culture,4
same,4
armageddon,4
these,4
t,4
social,4
paul,4
ii,4
many,4
particularly,4
cultural,4
what,4
system,4
america,4
because,4
texts,4
say,4
so,4
premillennialists,4
between,4
up,4
little,4
much,4
among,4
than,4
society,4
battle,3
republic,3
americans,3
york,3
reagan,3
without,3
various,3
way,3
still,3
says,3
understand,3
b,3
premillennialist,3
use,3
about,3
centuries,3
we,3
university,3
home,3
series,3
age,3
first,3
three,3
view,3
alienation,3
conservative,3
great,3
intellectuals,3
thinking,3
events,3
contemporary,3
take,3
man,3
last,3
state,3
wieseltier,3
wide,3
her,3
really,3
well,3
contempt,3
line,3
women,3
peace,3
part,3
through,3
over,3
role,3
nation,3
premillennialism,3
assumption,3
human,3
coming,3
robertson,3
years,3
earth,3
course,3
postmillennialism,3
men,3
faith,3
few,3
response,3
texas,3
even,3
observed,3
should,3
she,2
rather,2
soviet,2
grim,2
return,2
judgment,2
make,2
certain,2
often,2
dispensationalism,2
illustrations,2
larry,2
apocalypse,2
davidian,2
dead,2
interpretation,2
nor,2
evil,2
ancient,2
branch,2
then,2
liberal,2
before,2
beast,2
thousand,2
lord,2
xi,2
increasingly,2
common,2
consistent,2
beyond,2
long,2
see,2
leader,2
other,2
set,2
dominant,2
comparison,2
again,2
power,2
meaning,2
stretch,2
j,2
had,2
efforts,2
scary,2
my,2
worth,2
fact,2
december,2
millennialist,2
did,2
politics,2
found,2
surprisingly,2
current,2
reform,2
tribulation,2
rich,2
adaptability,2
out,2
any,2
waco,2
prospects,2
doubt,2
kingdom,2
koresh,2
living,2
infinitely,2
robert,2
political,2
shall,2
signs,2
reviews,2
within,2
daniel,2
form,2
less,2
mcmurtry,2
spiritual,2
perhaps,2
dispensation,2
public,2
jewish,2
bomb,2
realize,2
millions,2
work,2
range,2
student,2
israel,2
leon,2
prominent,2
point,2
press,2
along,2
bible,2
rochester,2
describes,2
people,2
think,2
million,2
hour,2
our,2
includes,2
against,2
national,2
good,2
janet,2
least,2
david,2
although,2
general,2
cold,2
writer,2
you,2
effects,2
times,2
mind,2
readers,2
especially,2
subjects,2
become,2
themselves,2
ascendancy,2
weapons,2
percent,2
gog,2
terror,2
occur,2
appeal,1
megiddo,1
longing,1
final,1
van,1
insofar,1
failed,1
liberals,1
depth,1
behave,1
now,1
suggestion,1
christian,1
horns,1
states,1
respect,1
transform,1
circle,1
lineup,1
today,1
millennial,1
changing,1
reno,1
european,1
fightingfor,1
devastating,1
stream,1
johns,1
invasion,1
usually,1
destroy,1
five,1
saccharine,1
skeptic,1
service,1
careening,1
across,1
predictably,1
vision,1
gradual,1
ideology,1
turns,1
sunny,1
piece,1
result,1
unpleasant,1
site,1
reinhold,1
headlines,1
adapt,1
cheerful,1
archetype,1
begin,1
crowds,1
en,1
landscape,1
smug,1
unconscious,1
revolt,1
brief,1
framing,1
oversight,1
exception,1
institutions,1
earnestness,1
assurance,1
ezekiel,1
lantern,1
get,1
mired,1
army,1
politicians,1
whatever,1
albeit,1
adopted,1
irreligious,1
establishes,1
dealt,1
appear,1
prophet,1
federation,1
polls,1
saints,1
circumstance,1
persistent,1
progressive,1
dispensations,1
muster,1
strands,1
church,1
speakers,1
group,1
visioned,1
prediction,1
consolidation,1
fort,1
surveyed,1
put,1
hold,1
firestorm,1
religious,1
class,1
envisioned,1
witness,1
revelation,1
hoot,1
study,1
agency,1
embarrassment,1
rantings,1
embodimentcan,1
essays,1
mckeever,1
midst,1
fall,1
feel,1
united,1
cars,1
word,1
alternative,1
remind,1
cheap,1
space,1
live,1
moreover,1
confines,1
english,1
yet,1
federal,1
violence,1
core,1
means,1
reason,1
imperialism,1
lives,1
face,1
union,1
jonathan,1
easily,1
makes,1
pp,1
read,1
thought,1
grounded,1
powerfully,1
soon,1
theorists,1
message,1
began,1
stable,1
considered,1
around,1
tied,1
cuts,1
earnest,1
flexibility,1
disastrous,1
campaign,1
justified,1
index,1
advertisements,1
critical,1
into,1
harsh,1
literary,1
pose,1
unhoused,1
seriously,1
included,1
alerting,1
devoting,1
emergence,1
impe,1
linked,1
attract,1
light,1
under,1
complacency,1
shock,1
wickedness,1
terrible,1
growing,1
kissinger,1
air,1
something,1
impact,1
follows,1
radical,1
traces,1
arguing,1
contemporaries,1
variety,1
corpses,1
tensions,1
descriptions,1
placed,1
frequently,1
too,1
feigning,1
grand,1
updated,1
advancing,1
doesn,1
presumed,1
credence,1
four,1
different,1
show,1
prescribed,1
department,1
experience,1
agents,1
instructed,1
struck,1
begins,1
noted,1
highlighted,1
rise,1
powerful,1
groaned,1
millennialistspremillennialists,1
oh,1
galvanize,1
readings,1
brink,1
perceptively,1
astir,1
offered,1
attorney,1
present,1
followed,1
saddam,1
consensus,1
ranch,1
lightly,1
hurt,1
wightman,1
whom,1
starting,1
june,1
jackson,1
complained,1
successfully,1
asks,1
also,1
tour,1
answers,1
sustained,1
questions,1
interests,1
bombs,1
imminent,1
lears,1
adaptable,1
steady,1
give,1
ensues,1
taken,1
dwight,1
figure,1
mark,1
toward,1
being,1
rapid,1
natural,1
perceive,1
ask,1
demonstrable,1
nancy,1
drivers,1
presidential,1
turn,1
traffic,1
unsuccessful,1
moving,1
closely,1
true,1
apocalypticism,1
based,1
shows,1
outside,1
confident,1
aftermath,1
exemplar,1
seem,1
bearing,1
avenue,1
chord,1
xii,1
formulations,1
insoucireviews,1
rule,1
ph,1
exam,1
babylon,1
half,1
called,1
chastise,1
strength,1
match,1
retum,1
venerable,1
regard,1
scenario,1
domestic,1
returns,1
destroyed,1
report,1
lindsey,1
theologically,1
followers,1
dashboard,1
emotion,1
admittedly,1
afflict,1
government,1
salem,1
obviously,1
atomic,1
john,1
located,1
grievances,1
concludes,1
extemporize,1
far,1
interstate,1
symptoms,1
earthbound,1
audience,1
proved,1
contends,1
survey,1
historical,1
considerable,1
elsewhere,1
convert,1
hands,1
shores,1
favorite,1
achieved,1
utter,1
believer,1
fresh,1
dopey,1
sermons,1
lent,1
rhetoric,1
absolutely,1
persistence,1
faithful,1
better,1
makeup,1
kiban,1
turned,1
prove,1
attomey,1
hand,1
following,1
clarity,1
bleaker,1
journalists,1
lens,1
curtainraiser,1
fox,1
wit,1
day,1
third,1
blow,1
reading,1
suffer,1
ambiguous,1
where,1
displayed,1
systematizing,1
needn,1
behind,1
walvoord,1
purposes,1
carefully,1
reign,1
novelist,1
province,1
portrayal,1
shared,1
them,1
whether,1
resurrected,1
majority,1
recently,1
neither,1
intensity,1
cannot,1
meet,1
promise,1
confrontation,1
case,1
abraham,1
nearer,1
particular,1
lines,1
scale,1
comes,1
husband,1
proceed,1
conviction,1
redeemer,1
governmental,1
millennarianism,1
broadcasting,1
watches,1
satan,1
suspect,1
judged,1
xiv,1
mere,1
preempting,1
saving,1
absolute,1
parenthesis,1
planet,1
recorded,1
taught,1
pentecost,1
persecution,1
therapy,1
historians,1
triumph,1
capacity,1
gives,1
amarillo,1
blessed,1
hopkins,1
while,1
number,1
another,1
refuted,1
beginnings,1
local,1
president,1
shape,1
naively,1
colonies,1
jack,1
predict,1
voice,1
indifference,1
account,1
launches,1
wonders,1
metaphorical,1
network,1
credit,1
myself,1
accounting,1
horizon,1
balance,1
warning,1
oil,1
condition,1
intellectual,1
gains,1
mikhail,1
international,1
strain,1
swiftly,1
ance,1
hear,1
intense,1
scope,1
lost,1
trembling,1
sharpening,1
received,1
crucifixion,1
radically,1
refracting,1
october,1
comprise,1
souls,1
hal,1
views,1
doctrines,1
move,1
richard,1
activism,1
comprises,1
bear,1
feminism,1
fine,1
circumstances,1
bit,1
leads,1
presides,1
mondale,1
given,1
extends,1
x,1
later,1
enormous,1
civil,1
sect,1
sixth,1
uncertain,1
billboards,1
prospect,1
disinherited,1
literal,1
became,1
wacky,1
holy,1
easy,1
penetrating,1
timid,1
himself,1
identity,1
caught,1
forces,1
though,1
returning,1
simply,1
traded,1
plenty,1
skeptical,1
whole,1
ultimate,1
dispensationalist,1
sold,1
private,1
pervasiveness,1
righteous,1
discussions,1
lab,1
during,1
place,1
homosexuality,1
harmony,1
protestants,1
francis,1
james,1
trumpet,1
appointed,1
issues,1
literally,1
colleagues,1
challenges,1
immediately,1
accommodating,1
harvard,1
extraordinarily,1
wandering,1
goals,1
books,1
conflict,1
premillennial,1
ends,1
thus,1
individuals,1
chapters,1
examination,1
analysts,1
twists,1
apparently,1
toes,1
false,1
ronald,1
lamb,1
question,1
obligations,1
stayed,1
g,1
optimistic,1
sutton,1
weird,1
until,1
astute,1
practices,1
weeds,1
nuclear,1
dynamics,1
utopian,1
wheel,1
both,1
visions,1
significance,1
cambridge,1
clear,1
deftly,1
since,1
biblical,1
trends,1
copies,1
charming,1
directed,1
factories,1
approach,1
consult,1
fulfillment,1
decidedly,1
language,1
soaring,1
author,1
finally,1
hussein,1
nonbelievers,1
olson,1
bodily,1
victory,1
interest,1
doomed,1
crisis,1
interpret,1
relatively,1
leave,1
moment,1
individual,1
marshals,1
popularizers,1
afraid,1
lonely,1
correct,1
deterrence,1
critics,1
d,1
magazine,1
need,1
nearing,1
preservation,1
embodied,1
shaping,1
marx,1
deconstructions,1
things,1
unfamiliar,1
features,1
topic,1
speculations,1
century,1
heart,1
distinction,1
arena,1
stages,1
ended,1
prosperity,1
photograph,1
order,1
deepest,1
longings,1
enfeeblement,1
initiate,1
estimates,1
epoch,1
plausibility,1
snapped,1
fancy,1
cassette,1
settlement,1
expressing,1
shimmered,1
disasters,1
repeat,1
developments,1
shift,1
cultured,1
warned,1
gorbachev,1
sapped,1
late,1
family,1
imagination,1
quick,1
wrist,1
decide,1
davidians,1
treads,1
special,1
refer,1
ignore,1
enough,1
back,1
eliteland,1
imaginative,1
speed,1
oral,1
jews,1
niebuhr,1
disaster,1
offerings,1
extraordinary,1
abortion,1
flawed,1
edwards,1
dramatic,1
arrived,1
fire,1
c,1
enquirer,1
interpretations,1
rejection,1
latest,1
narrative,1
succeeded,1
drove,1
mockers,1
telling,1
despair,1
forms,1
walter,1
scorn,1
mechanical,1
properly,1
find,1
profit,1
debate,1
fully,1
dogged,1
henry,1
dark,1
dull,1
overarching,1
fukuyama,1
progress,1
capitalism,1
grab,1
news,1
statue,1
abroad,1
pat,1
passivity,1
northern,1
focus,1
terrors,1
city,1
screwball,1
roots,1
recent,1
notes,1
unduly,1
diminished,1
wounded,1
hilton,1
evidence,1
provided,1
yes,1
jesus,1
lincoln,1
asked,1
propose,1
fostering,1
redeem,1
decay,1
mojtabai,1
rest,1
concluded,1
unfortunate,1
justice,1
readership,1
scholarly,1
discern,1
pope,1
avidity,1
stands,1
him,1
companion,1
