WORDCOUNTS,WEIGHT
the,191
of,86
and,43
to,42
in,40
black,30
that,26
army,24
a,23
it,22
on,22
s,19
was,18
history,18
war,14
units,13
as,12
not,12
from,12
korean,12
white,11
korea,11
for,11
but,10
blair,10
regiment,10
infantry,10
united,9
book,9
its,9
battalion,9
they,8
their,8
about,8
combat,8
first,8
all,8
states,8
yech,8
is,7
by,7
p,7
soldier,7
have,7
would,7
be,7
at,6
american,6
with,6
official,6
which,6
has,6
because,6
own,6
an,6
south,5
been,5
veterans,5
july,5
appleman,5
are,5
carlisle,5
enemy,5
william,5
kean,5
officers,5
authors,5
north,5
his,4
action,4
performance,4
unit,4
hammond,4
k,4
fighting,4
or,4
only,4
military,4
toward,4
company,4
macgarrigle,4
could,4
bowers,4
lieutenant,4
reasons,4
any,4
last,4
reviews,4
record,4
while,4
bussey,4
were,4
this,4
september,4
soldiers,4
weigley,4
clay,4
when,4
general,4
town,3
indeed,3
importance,3
center,3
one,3
fought,3
inferiority,3
more,3
m,3
again,3
had,3
did,3
found,3
men,3
what,3
suffered,3
naktong,3
some,3
rct,3
probably,3
part,3
through,3
during,3
publication,3
washington,3
victory,3
david,3
although,3
so,3
early,3
among,3
than,3
commanding,3
f,2
battle,2
does,2
out,2
operations,2
george,2
if,2
later,2
l,2
e,2
whatever,2
judgment,2
manuscript,2
special,2
positive,2
months,2
cowardly,2
east,2
university,2
heavy,2
russell,2
following,2
incompetent,2
version,2
verdict,2
principal,2
dubious,2
volume,2
certainly,2
fire,2
also,2
might,2
ran,2
many,2
other,2
pusan,2
attack,2
post,2
time,2
new,2
captured,2
initial,2
chinese,2
according,2
racial,2
less,2
roy,2
sought,2
well,2
account,2
having,2
generally,2
understanding,2
used,2
front,2
effectiveness,2
yalu,2
four,2
met,2
republic,2
emphasize,2
who,2
racially,2
people,2
forces,2
come,2
obliterate,2
showing,2
against,2
weeks,2
t,2
g,2
forgotten,2
tone,2
d,2
next,2
attempted,2
after,2
small,2
morning,2
blacks,2
c,2
happen,2
including,2
much,2
koreans,2
dismissive,2
actions,2
division,2
major,2
battles,2
nations,1
truce,1
billy,1
ridge,1
higher,1
enough,1
excessively,1
accepting,1
disbanded,1
allay,1
therefore,1
poor,1
now,1
led,1
depiction,1
perpetuates,1
second,1
alleged,1
americans,1
stubbornly,1
flow,1
block,1
difficult,1
bringing,1
enter,1
bulk,1
bonding,1
five,1
generous,1
judgments,1
grievous,1
activists,1
maps,1
overall,1
ready,1
hill,1
cavalry,1
play,1
deserve,1
junction,1
drawing,1
merits,1
nearly,1
exception,1
briskly,1
peninsula,1
success,1
politicians,1
still,1
above,1
team,1
bias,1
celebrate,1
says,1
intervention,1
began,1
effectively,1
distributed,1
landed,1
understand,1
legal,1
expect,1
similar,1
remaining,1
b,1
told,1
large,1
executive,1
covering,1
desegregation,1
parts,1
achievements,1
unsatisfactory,1
why,1
often,1
ample,1
cease,1
continually,1
reassessment,1
omits,1
existed,1
michael,1
neutrally,1
once,1
dead,1
moreover,1
criticism,1
enlisted,1
supporting,1
yet,1
h,1
emergencies,1
fair,1
meanwhile,1
reason,1
walker,1
itself,1
fletcher,1
suppression,1
ebb,1
recommendation,1
pp,1
retreat,1
attain,1
pessimism,1
circulated,1
soon,1
burdens,1
censure,1
harry,1
consider,1
earnest,1
detail,1
organization,1
neither,1
river,1
index,1
perceived,1
comradeship,1
critical,1
into,1
harsh,1
home,1
otherwise,1
rarely,1
then,1
linked,1
amid,1
ordered,1
regiments,1
quoted,1
mowed,1
performed,1
impact,1
broke,1
reconstituted,1
undone,1
countercharged,1
exemplified,1
flattering,1
prevent,1
these,1
xi,1
ecc,1
must,1
age,1
themes,1
seesaw,1
negative,1
department,1
democratic,1
officially,1
said,1
exposed,1
additional,1
anything,1
symbolic,1
demobilization,1
implied,1
either,1
truman,1
yechon,1
permit,1
distrusting,1
charles,1
long,1
party,1
defects,1
few,1
turbulence,1
temple,1
adversity,1
offers,1
here,1
unreliable,1
command,1
set,1
offensive,1
escapes,1
sometimes,1
know,1
spend,1
rapid,1
academy,1
attempt,1
over,1
multivolume,1
campaigning,1
friends,1
advanced,1
concede,1
water,1
mossman,1
crippling,1
ignoring,1
unfairly,1
words,1
advance,1
serving,1
remembered,1
fact,1
thereupon,1
tradition,1
best,1
down,1
histories,1
together,1
entered,1
remark,1
called,1
regard,1
foundation,1
effort,1
assembled,1
follows,1
larger,1
inherent,1
understandable,1
hundred,1
composition,1
far,1
written,1
longstanding,1
everything,1
pierce,1
take,1
charges,1
subsequent,1
such,1
just,1
appeared,1
none,1
lent,1
destroyed,1
evident,1
mind,1
conclusions,1
outside,1
miles,1
racist,1
afternoon,1
drove,1
beginning,1
henry,1
present,1
ground,1
journalists,1
begin,1
buried,1
somewhat,1
committed,1
road,1
segregated,1
johns,1
continuing,1
dissolved,1
purposes,1
return,1
fisher,1
armed,1
them,1
companies,1
painstaking,1
mostly,1
grounds,1
troops,1
occasional,1
however,1
crap,1
japan,1
passed,1
headlong,1
outflank,1
sec,1
controversy,1
opposition,1
answer,1
january,1
hopkins,1
possibility,1
exploit,1
america,1
saying,1
create,1
require,1
president,1
remained,1
losses,1
notion,1
deal,1
almost,1
bootlickers,1
information,1
emphasizing,1
basis,1
recommended,1
possible,1
implies,1
dismantling,1
disbanding,1
engineer,1
pleasant,1
work,1
eusak,1
object,1
intense,1
survive,1
solid,1
credit,1
both,1
october,1
tent,1
move,1
whence,1
values,1
limitations,1
attached,1
except,1
drew,1
handicaps,1
discusses,1
afoul,1
despite,1
sourly,1
sufficiently,1
press,1
two,1
november,1
indecisive,1
convinced,1
african,1
recapture,1
turns,1
wavered,1
lies,1
artillery,1
went,1
whole,1
prevented,1
implications,1
deserted,1
seek,1
largely,1
unfair,1
place,1
make,1
partly,1
exceptionally,1
maintained,1
exist,1
writing,1
learned,1
engineers,1
eligible,1
cols,1
throughout,1
proceeds,1
apparently,1
review,1
nevertheless,1
xviii,1
spring,1
categorically,1
severe,1
immediate,1
invasion,1
years,1
perimeter,1
quotation,1
challenging,1
walton,1
historic,1
originated,1
assignment,1
sensitivity,1
aware,1
regimental,1
modern,1
good,1
august,1
offer,1
mixed,1
defense,1
least,1
touches,1
integrated,1
replenished,1
exasperated,1
field,1
need,1
aroused,1
brave,1
risen,1
publishes,1
mountain,1
order,1
contrast,1
turn,1
graduated,1
elements,1
involved,1
old,1
latter,1
late,1
never,1
underlying,1
embedded,1
several,1
nourished,1
probe,1
comparing,1
june,1
potential,1
members,1
outcomes,1
trying,1
withdraw,1
between,1
stuff,1
eighth,1
executed,1
desegregating,1
withdrew,1
straining,1
unseemly,1
assessing,1
overcome,1
tactics,1
overblown,1
displayed,1
tended,1
coast,1
can,1
hermes,1
like,1
occasions,1
condemned,1
hard,1
up,1
occur,1
drawn,1
even,1
aggressively,1
little,1
those,1
spite,1
immediately,1
desperate,1
occupation,1
strong,1
we,1
colonel,1
completion,1
notes,1
loath,1
haste,1
controversial,1
racists,1
col,1
moved,1
acknowledge,1
race,1
draft,1
stereotypes,1
evidently,1
poorly,1
