WORDCOUNTS,WEIGHT
the,131
of,101
and,51
in,45
frontier,30
to,29
a,28
that,21
wrobel,17
had,16
on,16
his,14
by,13
new,13
american,12
s,12
is,12
as,11
with,11
more,10
americans,9
p,9
were,9
than,9
he,8
not,8
history,8
this,8
closing,8
who,7
was,7
such,7
an,7
or,6
less,6
which,6
would,6
be,6
their,5
one,5
into,5
social,5
many,5
are,5
end,5
they,5
old,5
west,5
up,5
at,4
foster,4
western,4
perceived,4
from,4
but,4
m,4
for,4
might,4
deal,4
historians,4
well,4
numerous,4
author,4
land,4
after,4
views,4
immigration,4
book,3
space,3
perspectives,3
meaning,3
influential,3
politicians,3
life,3
yet,3
university,3
spirit,3
argued,3
being,3
conflicting,3
intellectual,3
fact,3
other,3
turner,3
been,3
rural,3
rhetoric,3
late,3
political,3
war,3
reviews,3
issue,3
chapter,3
closed,3
work,3
writings,3
during,3
reinforced,3
david,3
individualism,3
century,3
can,3
generally,3
cites,3
sumner,2
longing,2
settlers,2
imperialistic,2
economic,2
synthesis,2
how,2
created,2
writers,2
process,2
thinkers,2
contribution,2
opportunities,2
pp,2
thought,2
expansionists,2
decade,2
exceptionalism,2
claims,2
arguments,2
familiar,2
any,2
before,2
these,2
already,2
theme,2
followed,2
physical,2
june,2
restriction,2
observers,2
important,2
mark,2
others,2
view,2
each,2
all,2
declarations,2
paper,2
herbert,2
out,2
intellectuals,2
clearly,2
rexford,2
john,2
men,2
academic,2
do,2
dangers,2
what,2
decisionmakers,2
opinionmakers,2
unique,2
whether,2
population,2
however,2
flaws,2
covers,2
public,2
while,2
number,2
america,2
some,2
urban,2
vast,2
anxieties,2
both,2
reader,2
prominent,2
little,2
supply,2
including,2
press,2
its,2
freedom,2
collective,2
people,2
strain,2
significance,2
kuttner,2
fears,2
california,2
until,2
vii,2
only,2
years,2
open,2
reality,2
brotherhood,2
order,2
never,2
builder,2
migrants,2
tugwell,2
between,2
essentially,2
interpretations,2
debate,2
henry,2
early,2
even,2
given,2
focus,2
world,2
among,2
tolerance,2
concluded,2
ranging,1
dampened,1
european,1
democracy,1
lawless,1
laguardia,1
depth,1
it,1
assessed,1
opposed,1
now,1
pertaining,1
socialist,1
interesting,1
gifford,1
colour,1
currently,1
commenting,1
sons,1
urged,1
carelessness,1
farm,1
whose,1
commentator,1
peers,1
frederick,1
simons,1
no,1
absence,1
without,1
personages,1
various,1
common,1
dead,1
independent,1
steadily,1
contended,1
rather,1
heroic,1
fertile,1
medieval,1
districts,1
later,1
continent,1
destroy,1
giving,1
troubled,1
predictably,1
short,1
indeed,1
burroughs,1
revival,1
novelists,1
debated,1
cloaked,1
essayists,1
limited,1
tva,1
basic,1
weyl,1
affected,1
darwinism,1
through,1
gleans,1
thickets,1
widespread,1
initiatives,1
bore,1
lost,1
ultimate,1
considerably,1
itself,1
establish,1
effectively,1
lawrence,1
earlier,1
persistent,1
comments,1
reflective,1
connected,1
intoxicated,1
blending,1
denver,1
importance,1
asian,1
articulating,1
movement,1
anxious,1
ii,1
southern,1
discover,1
complex,1
seemingly,1
neat,1
hold,1
eroded,1
religious,1
pages,1
exclusively,1
witness,1
study,1
often,1
perhaps,1
diplomatic,1
echoed,1
lewis,1
about,1
achieve,1
frank,1
migratory,1
live,1
authority,1
expansionism,1
picking,1
moves,1
federal,1
incipient,1
easterners,1
pessimism,1
imperialism,1
contend,1
coverage,1
settled,1
perceptions,1
writing,1
programs,1
muir,1
grounded,1
circulated,1
soon,1
neil,1
rain,1
forest,1
homesteaders,1
considered,1
j,1
us,1
amidst,1
index,1
harsh,1
presents,1
unlike,1
title,1
slowly,1
emergence,1
eventually,1
liked,1
liberal,1
assistance,1
just,1
culture,1
historian,1
vehemently,1
growing,1
inevitably,1
nineteenth,1
impact,1
mirage,1
arguing,1
articulated,1
booth,1
conclusion,1
evasion,1
weak,1
frequently,1
observations,1
focusing,1
faith,1
dwindled,1
unpractical,1
provocative,1
alien,1
most,1
slants,1
test,1
experience,1
economically,1
first,1
anything,1
frameworks,1
powerful,1
drought,1
t,1
algie,1
catalog,1
landlordism,1
long,1
every,1
mordant,1
complaining,1
favorable,1
text,1
jackson,1
lucid,1
rocky,1
also,1
anxietyfrom,1
useful,1
questions,1
westward,1
jefferson,1
colnquer,1
dominant,1
temptation,1
colorado,1
mumford,1
sometimes,1
factory,1
symbolized,1
toward,1
decades,1
cut,1
over,1
appear,1
myths,1
drink,1
preoccupied,1
splinters,1
occasionally,1
promoting,1
artistic,1
rainfall,1
addition,1
hoover,1
dreams,1
financial,1
root,1
novel,1
ratio,1
subject,1
mcwilliams,1
comparatively,1
diminishing,1
opposition,1
wide,1
did,1
canada,1
best,1
leading,1
could,1
settlement,1
broken,1
prominence,1
critic,1
overall,1
together,1
argue,1
yeomen,1
great,1
appeared,1
match,1
current,1
farmers,1
attack,1
so,1
potentially,1
choice,1
viii,1
last,1
effort,1
time,1
conservationists,1
able,1
government,1
condensing,1
dared,1
guy,1
empire,1
themes,1
concludes,1
guardia,1
very,1
frontierrelated,1
cornucopia,1
debates,1
pioneer,1
labeled,1
contemporary,1
contends,1
styles,1
historical,1
golden,1
graham,1
strident,1
i,1
succeeding,1
man,1
there,1
almost,1
speeches,1
enlarged,1
feature,1
arable,1
roosevelt,1
country,1
scores,1
big,1
histrionics,1
tidy,1
readers,1
emphasized,1
concepts,1
organizing,1
those,1
fin,1
ground,1
william,1
emerson,1
according,1
decried,1
scholarly,1
sectors,1
profitable,1
courteous,1
theodore,1
tlhe,1
adventurers,1
johns,1
magnificence,1
uncultivated,1
novelist,1
boasts,1
catalogs,1
selected,1
companies,1
ones,1
applied,1
varying,1
nativistic,1
kaiser,1
necessary,1
thrived,1
suspect,1
juxtaposed,1
alfred,1
malthusian,1
dispel,1
lean,1
eastern,1
books,1
pleased,1
compelled,1
ignoring,1
has,1
mercy,1
commercial,1
her,1
hopkins,1
dreamers,1
free,1
directly,1
sanguine,1
day,1
ventures,1
babel,1
degree,1
wrapped,1
freedomloving,1
another,1
downplaying,1
thousands,1
account,1
when,1
porter,1
kansas,1
suggests,1
arkies,1
ideal,1
private,1
hundreds,1
used,1
patriotism,1
divided,1
wilderness,1
planning,1
landowners,1
survive,1
okies,1
examples,1
foreigners,1
industrial,1
thanks,1
bibliography,1
doomed,1
richard,1
fitting,1
presented,1
valley,1
vital,1
uncontrolled,1
true,1
agribusiness,1
economist,1
mounting,1
cather,1
elaborates,1
tens,1
annexation,1
rehabilitation,1
resources,1
hypocritical,1
inexorably,1
prevalent,1
pinchot,1
became,1
negative,1
cooperation,1
anticipated,1
wastefulness,1
department,1
exploring,1
reveals,1
die,1
concern,1
crowding,1
transition,1
ten,1
optimists,1
eighties,1
barons,1
introduction,1
territory,1
religion,1
dignity,1
confronted,1
plow,1
overview,1
prevailed,1
concept,1
largely,1
discussions,1
virtually,1
discussion,1
pessimists,1
issues,1
demonstrates,1
partly,1
constitute,1
princely,1
framework,1
optimism,1
actually,1
repeatedly,1
bits,1
daughters,1
dispense,1
central,1
reintroduced,1
eden,1
individuals,1
chapters,1
our,1
spaces,1
review,1
psychologist,1
optimistic,1
laments,1
jargon,1
breaks,1
project,1
won,1
substantive,1
development,1
ignored,1
frontiers,1
rendered,1
wheat,1
enthusiastic,1
challenging,1
freshness,1
hordes,1
carey,1
against,1
unable,1
have,1
adding,1
authors,1
human,1
defence,1
opens,1
exaggerates,1
peripheral,1
unmarred,1
de,1
virtues,1
prices,1
sustain,1
essay,1
lady,1
unquenchable,1
modern,1
defeat,1
siecle,1
alarmists,1
brooding,1
relations,1
sense,1
sliding,1
dwarfed,1
walter,1
like,1
facet,1
socially,1
voiced,1
ely,1
responsibility,1
realization,1
product,1
him,1
reinforces,1
chose,1
ferasponsored,1
assured,1
emigration,1
willa,1
conquered,1
vanished,1
mountain,1
mercifully,1
filled,1
turn,1
synthesized,1
discourse,1
snapped,1
sharp,1
presenting,1
abundant,1
thomas,1
event,1
association,1
latter,1
around,1
fiorello,1
immigrants,1
small,1
morning,1
tolerant,1
perspective,1
educational,1
caveats,1
concerning,1
dealers,1
modicum,1
problems,1
somehow,1
article,1
contrary,1
formal,1
systems,1
pioneering,1
depression,1
assumed,1
materialism,1
six,1
forebears,1
renowned,1
become,1
coauthor,1
geographers,1
confidently,1
justify,1
point,1
commodity,1
norris,1
effect,1
forms,1
fresh,1
confusing,1
self,1
occur,1
consumption,1
rhetorical,1
characters,1
cattle,1
impenetrable,1
trumpeted,1
images,1
much,1
assesses,1
glance,1
need,1
strong,1
propositions,1
migration,1
aesthetes,1
arrogant,1
deeply,1
north,1
notes,1
resist,1
famous,1
discovering,1
voices,1
cooperative,1
delivered,1
hardly,1
generation,1
acted,1
attention,1
moved,1
la,1
dust,1
close,1
widely,1
division,1
nation,1
quaint,1
overrun,1
acerbic,1
inassimilable,1
alaska,1
tennessee,1
eagerly,1
hypothesis,1
