WORDCOUNTS,WEIGHT
the,165
of,117
law,67
to,61
in,57
and,52
a,44
that,43
slave,41
slavery,36
s,35
morris,29
as,28
contract,26
by,21
market,20
with,19
p,19
for,17
southern,16
was,16
slaves,16
relations,15
have,13
legal,12
social,12
some,12
on,12
than,12
other,11
however,10
their,9
is,9
rules,9
had,9
an,9
his,8
into,8
but,8
more,8
capitalist,8
choice,8
because,8
logic,8
it,7
from,7
liberal,7
example,7
its,7
which,7
were,7
be,7
race,7
he,6
common,6
not,6
most,6
different,6
could,6
i,6
masters,6
hierarchy,6
domain,6
capitalism,6
at,5
rather,5
economic,5
american,5
about,5
exceptions,5
are,5
pressure,5
there,5
system,5
norms,5
tushnet,5
property,5
work,5
this,5
would,5
cases,5
story,5
society,5
south,4
no,4
defenses,4
analysis,4
pp,4
or,4
history,4
nineteenth,4
leads,4
shows,4
outside,4
regulation,4
capacity,4
used,4
through,4
role,4
approach,4
him,4
world,4
courts,3
rights,3
newer,3
century,3
without,3
way,3
within,3
who,3
one,3
interpretation,3
considerations,3
university,3
then,3
something,3
sales,3
these,3
industrial,3
regulated,3
sophisticated,3
powerful,3
regime,3
sources,3
others,3
view,3
did,3
elements,3
late,3
what,3
reviews,3
placed,3
understanding,3
hydraulic,3
scope,3
made,3
regulate,3
older,3
families,3
allows,3
people,3
commercial,3
comprehensive,3
immorality,3
should,3
although,3
individualism,3
states,3
order,3
thomas,3
offered,3
generally,3
mature,3
may,2
will,2
analytic,2
press,2
individualist,2
subordination,2
continued,2
if,2
been,2
december,2
developed,2
ideology,2
result,2
acknowledged,2
primarily,2
e,2
leon,2
earlier,2
genovese,2
deals,2
seemingly,2
studies,2
often,2
hierarchical,2
higginbotham,2
ways,2
when,2
category,2
changes,2
us,2
same,2
too,2
must,2
origins,2
notions,2
corrections,2
long,2
every,2
provide,2
puts,2
also,2
here,2
book,2
mark,2
toward,2
might,2
similarly,2
intellectual,2
each,2
slaveowners,2
lacked,2
my,2
fact,2
including,2
lack,2
treatment,2
scholars,2
rule,2
conservative,2
stressed,2
defenders,2
time,2
out,2
changed,2
deal,2
new,2
contradictory,2
expression,2
criticisms,2
very,2
carolina,2
argue,2
feature,2
precisely,2
though,2
ideological,2
particular,2
can,2
judicial,2
writes,2
problem,2
violent,2
account,2
basis,2
emphasis,2
incoherence,2
suggests,2
occasionally,2
part,2
arose,2
against,2
issues,2
ideas,2
keir,2
human,2
central,2
like,2
sees,2
responded,2
institution,2
nash,2
such,2
they,2
argues,2
status,2
clear,2
placing,2
sense,2
judges,2
so,2
general,2
reformers,2
prosperity,2
accurate,2
priority,2
involved,2
internal,2
response,2
lawyers,2
themselves,2
interpretations,2
left,2
even,2
period,2
north,2
notes,2
beings,2
showed,2
perfect,1
increasing,1
dealing,1
free,1
worldview,1
depth,1
shale,1
operation,1
pervaded,1
now,1
relying,1
discussing,1
noncontract,1
possessed,1
high,1
currently,1
relationship,1
corrects,1
transforming,1
forever,1
obligations,1
libertarian,1
outsider,1
observations,1
limits,1
matter,1
vanderbilt,1
difficult,1
bars,1
hints,1
purely,1
domains,1
performance,1
criminal,1
buyers,1
outsiders,1
bourgeois,1
how,1
remain,1
surprisingly,1
subject,1
hill,1
carefully,1
limited,1
play,1
everyone,1
trials,1
return,1
transfers,1
discard,1
injecting,1
struggled,1
nearly,1
principled,1
unsystematic,1
process,1
therefore,1
ruffin,1
submission,1
sensitive,1
broad,1
natural,1
seen,1
adoption,1
strongly,1
over,1
says,1
began,1
render,1
expect,1
similar,1
transformation,1
initially,1
reforming,1
categorical,1
center,1
unsatisfactory,1
decisions,1
why,1
positive,1
kinds,1
study,1
promoting,1
needed,1
white,1
involuntary,1
referring,1
consequences,1
colonial,1
handles,1
obedience,1
moves,1
sort,1
yet,1
support,1
centuries,1
fair,1
exceptional,1
completely,1
promise,1
itself,1
opportunities,1
reason,1
face,1
struggle,1
eugene,1
seeping,1
applied,1
freely,1
pressures,1
rigorous,1
victorious,1
better,1
greater,1
untouched,1
combat,1
objects,1
position,1
established,1
seems,1
virtually,1
unlike,1
included,1
bit,1
holding,1
guesses,1
elsewhere,1
driven,1
just,1
antebellum,1
choices,1
fairness,1
mann,1
field,1
conclusion,1
nonetheless,1
freer,1
argued,1
changing,1
acknowledging,1
confirmed,1
two,1
demonstrate,1
limit,1
constituted,1
came,1
first,1
entwined,1
else,1
emphasize,1
explaining,1
willingness,1
modest,1
humanity,1
soundness,1
embraced,1
resistance,1
name,1
production,1
alternative,1
index,1
explain,1
set,1
business,1
taken,1
important,1
larger,1
elevate,1
again,1
dimension,1
cut,1
attractive,1
attempt,1
power,1
ordered,1
permanently,1
pluralist,1
control,1
emerged,1
marshall,1
all,1
many,1
descriptive,1
nature,1
incapacity,1
parties,1
expanding,1
idea,1
stories,1
areas,1
preserve,1
believe,1
societies,1
down,1
assertion,1
found,1
demise,1
expense,1
begun,1
erosion,1
called,1
color,1
current,1
southerners,1
draws,1
analogy,1
children,1
lived,1
admittedly,1
together,1
degenerates,1
recitation,1
uneasiness,1
thurgood,1
concludes,1
procedure,1
end,1
contends,1
presentation,1
survey,1
take,1
real,1
manumitted,1
differed,1
anticapitalist,1
milch,1
defensive,1
warmly,1
agree,1
serious,1
success,1
polemics,1
markets,1
adapt,1
merely,1
lead,1
readers,1
state,1
racist,1
saying,1
loose,1
v,1
those,1
according,1
decreased,1
focused,1
where,1
paternalistic,1
johns,1
notable,1
qualifies,1
award,1
inroads,1
existing,1
context,1
reactions,1
them,1
arrays,1
produced,1
persons,1
ultimately,1
ratify,1
see,1
making,1
involvement,1
defense,1
case,1
issue,1
explicit,1
presages,1
takes,1
deep,1
reinscribed,1
lest,1
classifying,1
perhaps,1
absolute,1
insufficient,1
dispel,1
find,1
exploration,1
east,1
historians,1
wide,1
supplemented,1
fundamentals,1
exemptions,1
utilitarian,1
hopkins,1
while,1
number,1
cows,1
argument,1
u,1
thoroughness,1
me,1
patriarchal,1
impression,1
wills,1
criteria,1
healthy,1
fore,1
require,1
secure,1
garments,1
well,1
commitments,1
another,1
information,1
almost,1
warranties,1
demonstrated,1
fundamentally,1
jurisprudence,1
prior,1
possible,1
correctly,1
georgetown,1
contain,1
investment,1
entrepreneurs,1
discussion,1
sale,1
proslavery,1
jurists,1
element,1
restrictions,1
powers,1
radically,1
bibliography,1
insight,1
qualifications,1
level,1
women,1
bedeviled,1
recognition,1
west,1
communities,1
formal,1
taking,1
brought,1
bailment,1
x,1
individual,1
judge,1
sparseness,1
constitutional,1
along,1
supreme,1
expand,1
concern,1
tried,1
uneasy,1
varying,1
confessions,1
significant,1
adapted,1
extended,1
engage,1
overview,1
gave,1
station,1
tied,1
arguments,1
instrumentalist,1
describes,1
demonstrates,1
challenges,1
succeed,1
manuscript,1
bargained,1
regarding,1
andrew,1
nothing,1
individuals,1
accessible,1
throughout,1
proceeds,1
personal,1
full,1
away,1
theories,1
evidence,1
sustains,1
until,1
students,1
gently,1
difficulties,1
significance,1
alliance,1
run,1
due,1
twentieth,1
presumption,1
misplaced,1
exerted,1
express,1
author,1
points,1
interest,1
essay,1
makes,1
picture,1
change,1
peculiar,1
sat,1
workers,1
review,1
structuring,1
move,1
accused,1
less,1
bondage,1
blend,1
price,1
d,1
participating,1
bumptious,1
socially,1
sweep,1
need,1
spread,1
suggest,1
writer,1
barrier,1
played,1
overly,1
involving,1
maximize,1
contrast,1
voluntary,1
after,1
turn,1
discourse,1
preservation,1
firmest,1
least,1
around,1
inextricably,1
party,1
exchange,1
never,1
openly,1
manumit,1
decide,1
invert,1
needs,1
favored,1
treats,1
specific,1
sentiment,1
claims,1
pluralism,1
prominent,1
between,1
serving,1
chapel,1
touches,1
inclusion,1
elicit,1
served,1
relation,1
wholly,1
confidently,1
applying,1
boundaries,1
forms,1
thin,1
warranty,1
properly,1
overwhelmed,1
heightened,1
prerogatives,1
create,1
identify,1
comfortably,1
drawn,1
obscure,1
application,1
persuaded,1
contracts,1
develop,1
course,1
adaptations,1
preserving,1
northern,1
focus,1
much,1
inverted,1
details,1
among,1
apparently,1
we,1
deeply,1
traditions,1
resist,1
structured,1
crime,1
basically,1
alienated,1
broader,1
strenuously,1
am,1
acknowledge,1
rest,1
master,1
quibble,1
court,1
evidently,1
antibourgeois,1
endorses,1
fede,1
confusions,1
