WORDCOUNTS,WEIGHT
the,143
of,92
in,82
and,79
to,58
a,33
s,32
that,26
as,22
china,22
for,21
social,19
on,19
at,18
american,17
who,14
chinese,14
is,13
not,13
with,13
or,13
history,13
from,13
but,13
xing,13
y,13
one,12
missionaries,12
xi,12
ymca,12
his,11
this,11
are,10
was,9
into,9
by,9
also,9
have,9
an,9
service,8
their,8
university,8
these,8
more,8
other,8
those,8
ground,8
some,8
both,8
gospel,8
its,8
would,8
mission,7
middle,7
were,7
be,7
all,7
he,6
they,6
because,6
became,6
need,6
foreign,5
most,5
decades,5
p,5
cultural,5
reviews,5
such,5
well,5
missionary,5
missions,5
fairbank,5
will,4
communist,4
it,4
about,4
studies,4
liberal,4
too,4
two,4
toward,4
had,4
cultures,4
scholars,4
could,4
conservative,4
events,4
what,4
has,4
another,4
new,4
rawlinson,4
which,4
i,4
until,4
change,4
least,4
like,4
especially,4
between,4
hutchison,4
when,4
we,4
attention,4
influence,4
lian,3
does,3
christian,3
been,3
after,3
conversion,3
white,3
criticism,3
old,3
us,3
organization,3
western,3
before,3
under,3
early,3
westerners,3
collaborative,3
fact,3
first,3
book,3
important,3
protestant,3
experienced,3
many,3
came,3
december,3
found,3
ideological,3
changed,3
remain,3
state,3
scholarship,3
though,3
them,3
accounts,3
case,3
however,3
native,3
books,3
almost,3
bibliography,3
richard,3
point,3
press,3
subject,3
programs,3
partly,3
overseas,3
president,3
although,3
so,3
effective,3
much,3
among,3
than,3
north,3
denominations,3
garrett,3
appeal,2
final,2
european,2
fifty,2
now,2
nonetheless,2
religions,2
program,2
sort,2
appreciation,2
brief,2
view,2
still,2
make,2
expect,2
told,2
led,2
complex,2
significant,2
religious,2
study,2
often,2
illustrations,2
analysis,2
education,2
english,2
yet,2
ways,2
support,2
lives,2
pp,2
east,2
index,2
necessarily,2
home,2
teaches,2
any,2
no,2
doubtless,2
faiths,2
must,2
nationalism,2
only,2
either,2
sources,2
organizations,2
zealous,2
know,2
over,2
worked,2
colleges,2
my,2
treatment,2
did,2
minnesota,2
axtell,2
reform,2
biographical,2
out,2
deal,2
churches,2
john,2
far,2
hopkins,2
historical,2
considerable,2
forms,2
never,2
readers,2
equally,2
somewhat,2
within,2
career,2
mainline,2
time,2
historians,2
chapter,2
number,2
evangelism,2
thomson,2
evangelizing,2
account,2
agreed,2
emphasis,2
invisible,2
r,2
stance,2
urban,2
work,2
made,2
start,2
fundamentalist,2
west,2
say,2
role,2
asian,2
happens,2
jun,2
own,2
issues,2
conversionary,2
signal,2
phenomenon,2
people,2
chapters,2
call,2
review,2
received,2
since,2
three,2
authors,2
reformers,2
next,2
cases,2
contributions,2
shift,2
increased,2
controversies,2
concerning,2
back,2
k,2
relation,2
themselves,2
c,2
left,2
find,2
james,2
story,2
indigenize,2
hume,2
traditional,2
notes,2
william,2
should,2
alternative,2
major,2
seemed,2
mentioned,1
newer,1
model,1
gentility,1
may,1
carried,1
spirituality,1
surprisingly,1
collaborations,1
liberalism,1
compete,1
assigned,1
rate,1
americans,1
york,1
me,1
whose,1
today,1
hallmarks,1
ventured,1
creed,1
materials,1
various,1
higher,1
common,1
way,1
continued,1
steadily,1
rather,1
quo,1
if,1
godless,1
later,1
degree,1
coeditor,1
johns,1
invasion,1
productions,1
logically,1
federal,1
imbalance,1
doctoral,1
generations,1
centering,1
drama,1
how,1
ministry,1
stages,1
nonsense,1
paths,1
represent,1
lagged,1
already,1
evangelist,1
might,1
credibility,1
affected,1
darwinism,1
persisting,1
attitude,1
jane,1
edges,1
college,1
nearly,1
arrive,1
determine,1
albany,1
institutions,1
process,1
busy,1
combined,1
success,1
players,1
approaches,1
politicians,1
directions,1
insist,1
adopted,1
reconstruction,1
considerably,1
bias,1
appear,1
force,1
worse,1
proportion,1
supplement,1
experiences,1
contribution,1
buck,1
strands,1
grew,1
certain,1
try,1
adjustments,1
expert,1
sunday,1
inland,1
hugely,1
innovation,1
makes,1
believe,1
form,1
blush,1
midst,1
united,1
merged,1
frank,1
surprising,1
space,1
itself,1
extremes,1
competition,1
respect,1
emerged,1
h,1
sympathy,1
debunkers,1
occupies,1
imperialism,1
favor,1
easily,1
results,1
appendixes,1
modern,1
country,1
pressures,1
park,1
broadranging,1
unacceptable,1
immensely,1
meant,1
prodding,1
realities,1
considered,1
civilizations,1
tensions,1
unresponsive,1
matters,1
dichotomy,1
place,1
neither,1
school,1
intensive,1
neutral,1
acting,1
assignment,1
bit,1
dated,1
extinction,1
then,1
recently,1
thinking,1
light,1
just,1
culture,1
americanists,1
growing,1
same,1
nineteenth,1
something,1
ideology,1
nationals,1
bethlehem,1
tepid,1
colored,1
broad,1
source,1
joint,1
comparison,1
shadowy,1
maintain,1
four,1
attitudes,1
experience,1
demonstrate,1
predominantly,1
biblical,1
fashioned,1
scarcely,1
fabric,1
pace,1
synonymous,1
divinity,1
implied,1
picture,1
offered,1
hartmut,1
treats,1
followed,1
constructed,1
willingness,1
unguarded,1
lehigh,1
long,1
party,1
every,1
ambivalence,1
plea,1
fire,1
terminology,1
disdain,1
movements,1
pervasive,1
concerned,1
set,1
phrasing,1
colorado,1
give,1
sometimes,1
projected,1
strategy,1
faced,1
bring,1
others,1
rapid,1
shelf,1
secretary,1
opted,1
conceived,1
turbulent,1
methodology,1
taking,1
financial,1
opponents,1
greater,1
literary,1
stemmed,1
thomas,1
uses,1
efforts,1
aforementioned,1
different,1
worth,1
publicist,1
importation,1
pastoral,1
including,1
notorious,1
participants,1
path,1
stories,1
precluded,1
agrarian,1
leaders,1
pressure,1
appearance,1
supplemented,1
medicine,1
carrying,1
plot,1
hands,1
great,1
agree,1
appeared,1
documents,1
careers,1
guild,1
universal,1
stupendous,1
domestic,1
report,1
forces,1
eventually,1
immersed,1
lived,1
particularly,1
objectives,1
encounter,1
government,1
quotidian,1
chosen,1
believes,1
studied,1
radical,1
embodiment,1
written,1
thickens,1
religion,1
contemporary,1
indigenized,1
take,1
real,1
cities,1
accountings,1
section,1
differed,1
bays,1
pennsylvania,1
succeeding,1
paltry,1
purposes,1
past,1
fields,1
evenhandedly,1
heartily,1
frantic,1
recorder,1
representative,1
nights,1
propitious,1
merely,1
evident,1
conspicuously,1
days,1
hand,1
monographs,1
learn,1
syncretism,1
xvi,1
classified,1
equal,1
virtual,1
penn,1
successes,1
profited,1
where,1
numbers,1
baptized,1
secular,1
similar,1
nominal,1
effect,1
hagiographers,1
lecturer,1
implicit,1
whether,1
terms,1
meticulous,1
nationalist,1
offering,1
less,1
ones,1
meet,1
confrontation,1
council,1
recount,1
side,1
acknowledged,1
moderates,1
teachers,1
takes,1
material,1
focusing,1
counseled,1
volatile,1
liberalization,1
map,1
idiomatic,1
mere,1
effort,1
pacifism,1
debate,1
enough,1
controversy,1
christianity,1
adaptation,1
distance,1
style,1
longest,1
advice,1
her,1
adverse,1
getting,1
sought,1
theretofore,1
inject,1
charting,1
america,1
day,1
thoroughly,1
conservatives,1
reminds,1
remained,1
larger,1
receptivity,1
having,1
specifically,1
captains,1
gained,1
indifference,1
original,1
wrote,1
welcome,1
howard,1
omissions,1
activity,1
investigated,1
size,1
divided,1
advocacies,1
incidence,1
election,1
evangelists,1
practical,1
algonquins,1
mutual,1
alter,1
bodies,1
betrayal,1
remember,1
disagree,1
alterations,1
alone,1
careful,1
alarm,1
code,1
recognition,1
prominent,1
region,1
brought,1
fairminded,1
reported,1
little,1
part,1
missiologists,1
consequent,1
progress,1
multilayered,1
line,1
despite,1
notchange,1
example,1
conception,1
coolness,1
nast,1
billy,1
undertaken,1
liberals,1
easy,1
curiously,1
himself,1
tried,1
persists,1
neutrality,1
reminded,1
bibles,1
step,1
analyzing,1
virulence,1
collegiate,1
entirely,1
probably,1
measure,1
use,1
engage,1
vast,1
mislead,1
basketballs,1
liberated,1
persisted,1
focus,1
lesson,1
virtually,1
began,1
pursuing,1
describes,1
assume,1
colonial,1
bibliographical,1
congress,1
ideas,1
usage,1
harvard,1
appendectomy,1
exist,1
writing,1
goals,1
accorded,1
regarding,1
sparked,1
comprehensive,1
engaged,1
defections,1
individuals,1
our,1
stay,1
pagan,1
archive,1
personal,1
sees,1
states,1
question,1
corollary,1
intercultural,1
institution,1
enthusiasm,1
straddle,1
soft,1
students,1
project,1
agreement,1
years,1
dynamics,1
editor,1
status,1
endorsement,1
reputation,1
afterward,1
pursue,1
aha,1
feedback,1
latentlyprogramed,1
clear,1
undue,1
mired,1
backgrounds,1
switched,1
moral,1
seriously,1
mystify,1
camps,1
numerous,1
worrying,1
errors,1
launching,1
frenchmen,1
nixon,1
national,1
silent,1
author,1
lakes,1
proliferated,1
struggles,1
sustain,1
depicting,1
essay,1
divine,1
interest,1
thus,1
publicized,1
lehmann,1
someone,1
daniel,1
tone,1
relatively,1
laymen,1
exerting,1
course,1
moment,1
desideratum,1
accused,1
instead,1
neglected,1
compatriots,1
physician,1
good,1
powerful,1
southern,1
upheavals,1
collaboration,1
hard,1
hunter,1
period,1
specialists,1
acquiescence,1
parts,1
him,1
reflex,1
revolution,1
high,1
am,1
february,1
century,1
synoptic,1
confessional,1
traveled,1
politically,1
affairs,1
kind,1
attempted,1
earlier,1
connects,1
melted,1
rank,1
phrase,1
volumes,1
adjustment,1
admired,1
invention,1
event,1
elements,1
relations,1
latter,1
ranged,1
observances,1
spent,1
tuned,1
communists,1
secretaries,1
moved,1
specific,1
probe,1
trajectory,1
pearl,1
behind,1
creeds,1
subjects,1
members,1
editing,1
mining,1
response,1
mistaken,1
industry,1
feet,1
breaking,1
listened,1
extraordinary,1
flawed,1
doctrinal,1
young,1
compromise,1
dramatic,1
served,1
research,1
suitable,1
emphases,1
rejection,1
boundaries,1
alerted,1
avowed,1
upbringing,1
impossible,1
involved,1
woven,1
enterprise,1
christians,1
perfunctory,1
up,1
drawn,1
even,1
majority,1
entire,1
dependent,1
resistance,1
principal,1
details,1
evangelistic,1
inquiries,1
weave,1
traditions,1
shirley,1
famous,1
conceptions,1
leadership,1
reformist,1
hanover,1
outright,1
finds,1
weakness,1
awareness,1
built,1
valuable,1
unaltered,1
prescient,1
baptist,1
interdenominational,1
admirable,1
unfolded,1
