WORDCOUNTS,WEIGHT
the,253
of,141
in,83
and,76
war,65
a,55
to,51
american,33
koistinen,31
for,28
business,26
on,26
is,22
that,22
as,19
s,18
this,18
world,18
i,17
more,16
with,15
warfare,14
he,12
military,12
mobilization,12
but,11
economic,10
one,10
history,10
government,10
navy,10
not,9
it,8
about,8
or,8
first,8
political,8
during,8
national,8
an,8
how,7
modern,7
by,7
industrial,7
other,7
great,7
economy,7
wartime,7
states,7
than,7
united,7
agencies,7
at,6
relationship,6
his,6
might,6
wilson,6
study,6
from,6
department,6
out,6
mobilizing,6
role,6
its,6
their,5
was,5
impact,5
steel,5
volume,5
production,5
leaders,5
new,5
work,5
even,5
through,5
organization,5
such,5
modem,5
period,5
weigley,5
be,5
does,4
topic,4
various,4
if,4
institutions,4
too,4
only,4
interests,4
fact,4
book,4
state,4
oyos,4
what,4
reviews,4
wib,4
case,4
given,4
civil,4
administration,4
were,4
have,4
would,4
century,4
order,4
elites,4
little,4
influence,4
close,4
major,4
seemed,4
arrangement,3
essential,3
exact,3
created,3
expansion,3
oversight,3
they,3
complex,3
efficiency,3
analysis,3
reforms,3
yet,3
coverage,3
represents,3
financial,3
university,3
into,3
wars,3
series,3
naval,3
age,3
most,3
experience,3
extensive,3
helped,3
worked,3
all,3
result,3
december,3
sells,3
treatment,3
which,3
any,3
question,3
them,3
while,3
because,3
account,3
development,3
some,3
understanding,3
baker,3
part,3
became,3
conflict,3
forces,3
both,3
officials,3
instead,3
building,3
after,3
defense,3
especially,3
between,3
served,3
era,3
structure,3
much,3
may,2
will,2
f,2
second,2
power,2
under,2
way,2
logistical,2
within,2
identified,2
corporate,2
adds,2
impressive,2
forced,2
revolutionary,2
process,2
formative,2
still,2
wiebe,2
force,2
progressive,2
large,2
likely,2
sets,2
partnership,2
security,2
remains,2
policy,2
laid,2
total,2
then,2
light,2
section,2
growing,2
efforts,2
chandler,2
are,2
no,2
chief,2
simply,2
had,2
direction,2
stephen,2
blended,2
organizational,2
paul,2
projected,2
strategy,2
decades,2
make,2
secretary,2
emerged,2
water,2
performance,2
seems,2
reach,2
shaped,2
conduct,2
fortunes,2
confusion,2
cooling,2
effort,2
deal,2
gray,2
events,2
pattern,2
search,2
skowronek,2
men,2
further,2
hand,2
robert,2
where,2
carefully,2
plowshares,2
particular,2
scale,2
russell,2
material,2
governmental,2
alfred,2
has,2
capacity,2
matthew,2
well,2
years,2
when,2
emphasis,2
possible,2
extended,2
discussion,2
already,2
made,2
true,2
combination,2
enhanced,2
example,2
resources,2
realistic,2
press,2
nation,2
who,2
approach,2
point,2
actually,2
evolution,2
story,2
individuals,2
our,2
employed,2
beating,2
fashion,2
distinctive,2
theme,2
dominated,2
against,2
twentieth,2
numerous,2
interest,2
general,2
although,2
sense,2
so,2
cold,2
shaping,2
administrative,2
provides,2
nor,2
problems,2
profound,2
concerns,2
leaves,2
industry,2
c,2
compared,2
topics,2
text,2
effect,2
visible,2
blue,2
unanswered,2
mobilizations,2
focus,2
figures,2
strong,2
hardly,2
industries,1
courses,1
staffed,1
periods,1
awkward,1
bernard,1
departs,1
go,1
dawn,1
now,1
casualty,1
gerald,1
competition,1
currently,1
seriously,1
names,1
chances,1
anew,1
played,1
nonetheless,1
nye,1
important,1
fleshes,1
provide,1
shortest,1
managers,1
concerned,1
bulk,1
sometimes,1
mentions,1
coordination,1
wanting,1
five,1
privately,1
yards,1
absent,1
across,1
short,1
developed,1
door,1
service,1
proceedings,1
mall,1
foster,1
encouraged,1
limited,1
employment,1
insulated,1
wall,1
select,1
distress,1
kind,1
brief,1
speculator,1
struggled,1
benefiting,1
object,1
excluding,1
army,1
reviewing,1
awarding,1
active,1
unusual,1
being,1
mechanics,1
opportunity,1
intervention,1
granted,1
polls,1
beckoned,1
lawrence,1
weaknesses,1
salaries,1
contribution,1
expect,1
remaining,1
b,1
group,1
perennial,1
newton,1
shortand,1
variant,1
surveyed,1
thrust,1
unsatisfactory,1
compromises,1
pages,1
studies,1
methods,1
diplomatic,1
single,1
bookstore,1
identify,1
existed,1
anchor,1
underscores,1
bibliographical,1
frank,1
misses,1
formed,1
surprising,1
reincarnation,1
outlets,1
authority,1
spark,1
moves,1
collateral,1
unfortunately,1
support,1
preparation,1
exists,1
clumsy,1
means,1
americans,1
examine,1
makes,1
pp,1
developments,1
favor,1
rigorous,1
grasping,1
better,1
wanted,1
technology,1
devotes,1
realities,1
forth,1
masks,1
congested,1
proportionally,1
detail,1
unscrupulous,1
claims,1
confederate,1
neither,1
favorable,1
established,1
overwhelm,1
necessarily,1
description,1
familiar,1
organized,1
serviced,1
disappointment,1
faded,1
linked,1
thinking,1
korea,1
liberal,1
complete,1
delight,1
practice,1
peppering,1
nineteenth,1
performed,1
thing,1
argued,1
street,1
navies,1
grand,1
manufacturing,1
covers,1
must,1
two,1
highlight,1
reliance,1
contained,1
operate,1
superior,1
round,1
increasingly,1
rise,1
origins,1
powerful,1
vietnam,1
follow,1
twilight,1
efficient,1
chose,1
entry,1
consequence,1
cost,1
long,1
party,1
embraced,1
comparing,1
organizations,1
peoples,1
creation,1
also,1
questions,1
index,1
handle,1
philosophy,1
m,1
weaponry,1
motivations,1
others,1
drawing,1
board,1
attempt,1
over,1
cable,1
perceive,1
conflicts,1
radford,1
control,1
image,1
addition,1
country,1
been,1
endorse,1
greater,1
official,1
worries,1
lacked,1
actuality,1
closely,1
expenditures,1
dangling,1
global,1
commission,1
europe,1
head,1
tradition,1
did,1
very,1
best,1
could,1
advantage,1
departments,1
channeling,1
ungainly,1
appeared,1
heft,1
disproportionate,1
reform,1
portrayal,1
choice,1
desirable,1
scott,1
foundation,1
time,1
follows,1
particularly,1
larger,1
xiii,1
link,1
hundred,1
munitions,1
far,1
d,1
demographic,1
centrally,1
chairman,1
historical,1
sum,1
evolving,1
crusade,1
past,1
there,1
chaotic,1
roosevelt,1
describes,1
mountainous,1
channel,1
big,1
feats,1
merely,1
late,1
academic,1
readers,1
accurately,1
fits,1
scholarship,1
pursuing,1
precisely,1
beginning,1
raised,1
fanfare,1
present,1
though,1
covered,1
focused,1
profitable,1
theodore,1
numbers,1
johns,1
regulation,1
dating,1
confused,1
animate,1
backlash,1
whether,1
relevant,1
majority,1
terms,1
persons,1
less,1
flesh,1
system,1
answer,1
meet,1
degree,1
suffered,1
council,1
cause,1
necessary,1
otherwise,1
machinery,1
however,1
armies,1
resumes,1
mechanized,1
progressivism,1
installments,1
persian,1
eventual,1
historians,1
play,1
sacrifice,1
complexity,1
hopkins,1
primary,1
foundations,1
mass,1
commander,1
prerogatives,1
america,1
advisory,1
draw,1
receive,1
secure,1
president,1
remained,1
representatives,1
precedent,1
organize,1
chapter,1
potential,1
local,1
sounded,1
demands,1
kansas,1
installment,1
prior,1
future,1
private,1
compelling,1
line,1
reaction,1
cooperation,1
exploring,1
makers,1
vast,1
swiftly,1
popular,1
planning,1
throw,1
these,1
background,1
received,1
bodies,1
belaboring,1
explanation,1
individual,1
presented,1
range,1
solid,1
circumstances,1
reader,1
sides,1
unless,1
significantly,1
peace,1
supply,1
except,1
conceptual,1
surfer,1
purpose,1
timely,1
discusses,1
despite,1
climax,1
apparent,1
peruse,1
suffer,1
arms,1
along,1
lays,1
elite,1
expand,1
subject,1
plans,1
listings,1
illustrates,1
recount,1
host,1
barons,1
waste,1
year,1
implications,1
recounts,1
largely,1
democratic,1
tied,1
place,1
emphasize,1
attract,1
factor,1
expansive,1
issues,1
colonial,1
records,1
funded,1
people,1
prominently,1
tackles,1
projection,1
firms,1
insure,1
aspect,1
verges,1
phase,1
centralized,1
prepared,1
throughout,1
previous,1
bracketed,1
hazards,1
importantly,1
lucrative,1
students,1
necessitated,1
nevertheless,1
nuclear,1
until,1
railroads,1
described,1
capacities,1
project,1
argument,1
argues,1
symbiosis,1
week,1
enhances,1
babbitt,1
inevitable,1
run,1
average,1
relay,1
personality,1
baruch,1
three,1
directed,1
stress,1
opens,1
comprehensive,1
thread,1
position,1
author,1
finally,1
reputation,1
scarce,1
essay,1
maintenance,1
completed,1
relatively,1
manufacturers,1
times,1
raises,1
land,1
price,1
heightened,1
need,1
jr,1
evidence,1
emerges,1
distances,1
revolution,1
seized,1
stage,1
senator,1
stresses,1
affairs,1
television,1
off,1
precedents,1
benjamin,1
transitional,1
turn,1
excelled,1
grapple,1
last,1
managerial,1
union,1
allusions,1
browse,1
self,1
around,1
inextricably,1
encompasses,1
repeated,1
spent,1
worried,1
perspective,1
several,1
frustrating,1
characteristics,1
shackles,1
facing,1
driving,1
few,1
back,1
erected,1
choose,1
improving,1
exigencies,1
compromise,1
research,1
convey,1
left,1
illusions,1
wisely,1
construction,1
profit,1
fighting,1
enemies,1
early,1
swords,1
civilian,1
up,1
coordinate,1
working,1
uniformed,1
necessity,1
inefficiency,1
contracts,1
develop,1
gulf,1
constructs,1
images,1
paid,1
reluctant,1
details,1
roots,1
notes,1
traditions,1
bureaus,1
leadership,1
ago,1
successive,1
attention,1
jealous,1
cozier,1
concluded,1
dictated,1
promising,1
examines,1
anchors,1
society,1
