WORDCOUNTS,WEIGHT
the,298
of,254
and,171
in,119
a,94
benson,93
to,90
s,59
that,52
jacksonian,46
for,45
history,42
american,36
as,36
political,35
concept,34
was,33
democracy,30
it,29
politics,28
not,28
voting,27
his,27
p,27
historians,25
but,25
by,25
new,25
on,23
their,21
be,21
he,20
or,20
they,19
with,19
behavior,18
had,17
this,16
what,16
social,15
party,15
an,15
could,14
were,14
theory,14
no,13
economic,13
pp,13
analysis,13
historical,13
at,12
its,12
upon,12
from,12
did,12
election,11
most,11
which,11
york,10
democratic,10
ethnocultural,10
scientific,10
lee,10
would,10
between,10
over,9
parties,9
than,9
study,9
reviews,9
bogue,9
data,9
more,9
so,9
science,9
is,9
one,8
historiography,8
differences,8
has,8
work,8
findings,8
class,8
both,8
later,7
other,7
some,7
richard,7
against,7
age,7
instance,7
own,7
religious,7
yet,7
democrats,7
patterns,7
explanation,7
who,7
any,7
them,7
have,7
evidence,7
point,7
into,6
also,6
first,6
jackson,6
all,6
human,6
without,6
voted,6
systematic,6
research,6
still,6
thesis,6
only,6
rhetoric,6
like,6
methods,6
whig,6
while,6
years,6
feller,6
much,6
clio,5
policy,5
either,5
found,5
state,5
laws,5
general,5
problems,5
view,5
behavioral,5
out,5
events,5
cultural,5
irish,5
approach,5
results,5
about,5
these,5
toward,5
fact,5
books,5
ethnic,5
moral,5
today,5
claims,5
proof,5
december,5
particular,5
popular,5
must,5
way,4
if,4
groups,4
group,4
h,4
something,4
wrong,4
allan,4
narrative,4
there,4
conflict,4
since,4
g,4
men,4
generation,4
influence,4
l,4
how,4
liberal,4
called,4
procedures,4
same,4
many,4
time,4
banks,4
model,4
hypotheses,4
partisan,4
essay,4
methodological,4
schlesinger,4
hofstadter,4
been,4
claimed,4
often,4
stable,4
then,4
intellectual,4
different,4
seem,4
returns,4
past,4
traditional,4
among,4
essays,3
whigs,3
else,3
sources,3
electoral,3
j,3
tradition,3
real,3
i,3
concepts,3
those,3
reading,3
issue,3
march,3
conceptual,3
cole,3
phase,3
historically,3
such,3
development,3
rooted,3
even,3
critique,3
war,3
antimasons,3
influential,3
b,3
electorate,3
pages,3
erecting,3
clearly,3
impact,3
show,3
superior,3
greater,3
produced,3
explain,3
method,3
because,3
egalitarian,3
already,3
purpose,3
policies,3
issues,3
showing,3
catholic,3
sharp,3
highly,3
tended,3
when,3
cycle,3
seemed,3
prevailing,3
happened,3
regardless,3
paul,3
power,3
appeared,3
arthur,3
conclusions,3
where,3
purposes,3
accepted,3
eds,3
style,3
editorials,3
silbey,3
classes,3
understanding,3
kousser,3
use,3
theories,3
after,3
interpretations,3
james,3
accepting,3
campaign,3
hartz,3
determinants,3
precise,3
sciences,3
scientist,3
are,3
down,3
proved,3
america,3
william,3
attitudes,3
mere,3
socioeconomic,3
through,3
predecessors,3
techniques,3
assumptions,3
mode,3
reached,3
kleppner,3
here,3
showed,3
revisionist,2
struggle,2
indicated,2
credibility,2
determine,2
e,2
democratized,2
measurement,2
mobility,2
true,2
ways,2
burnham,2
fixed,2
before,2
antebellum,2
lumbering,2
test,2
said,2
came,2
formisano,2
hence,2
long,2
egalitarianism,2
adopt,2
rested,2
words,2
great,2
mills,2
government,2
hackett,2
help,2
precisely,2
daniel,2
system,2
case,2
primary,2
cleared,2
prescriptions,2
determined,2
pietistic,2
correlation,2
crystallized,2
goal,2
ronald,2
language,2
accuracy,2
roger,2
points,2
interest,2
relatively,2
walter,2
jr,2
voters,2
privilege,2
progressive,2
estimates,2
cases,2
dean,2
perspective,2
third,2
propositions,2
critics,2
employ,2
opposed,2
fischer,2
genuinely,2
regency,2
basic,2
levine,2
catholics,2
certain,2
crusade,2
reforms,2
multivariate,2
old,2
wanted,2
university,2
statistical,2
literary,2
statement,2
beyond,2
followed,2
important,2
preference,2
whom,2
formulations,2
cleavages,2
changed,2
further,2
occupation,2
posited,2
tools,2
required,2
shape,2
basis,2
future,2
whole,2
year,2
partly,2
poll,2
president,2
ethnicity,2
errors,2
sense,2
level,2
revolution,2
order,2
event,2
few,2
county,2
startling,2
texas,2
always,2
world,2
joel,2
preliminary,2
society,2
appeal,2
f,2
absence,2
various,2
indeed,2
nearly,2
harry,2
single,2
sweeping,2
serve,2
neither,2
reflects,2
watson,2
two,2
majority,2
principles,2
latner,2
reform,2
larger,2
stuff,2
michael,2
see,2
answer,2
perhaps,2
hays,2
reflected,2
remained,2
another,2
original,2
analyzed,2
made,2
values,2
holt,2
louis,2
energized,2
questions,2
continuities,2
vii,2
sustain,2
logic,2
held,2
anachronistic,2
david,2
divisions,2
high,2
presidential,2
thornton,2
why,2
labels,2
behind,2
enemies,2
rhetorical,2
ago,2
depth,2
perspectives,2
note,2
sometimes,2
credited,2
proposition,2
furnish,2
inspired,2
construction,2
united,2
antiaristocratic,2
itself,2
face,2
environment,2
historian,2
invoked,2
scrutiny,2
membership,2
text,2
set,2
regard,2
iii,2
identities,2
just,2
scholarly,2
economy,2
thirty,2
foundations,2
influenced,2
presented,2
careful,2
became,2
substance,2
divided,2
writing,2
precision,2
suffrage,2
determinism,2
models,2
donald,2
samuel,2
accept,2
instead,2
states,2
partisanship,2
defined,2
comparison,2
offered,2
assumed,2
c,2
era,2
entire,2
little,2
retrospect,2
frequent,1
loafers,1
mimic,1
go,1
does,1
pervaded,1
now,1
abolition,1
gerald,1
transportation,1
validation,1
prefer,1
generalization,1
concerned,1
monsters,1
pittsburgh,1
stood,1
integrating,1
scholar,1
ready,1
danced,1
intriguing,1
empirical,1
adoption,1
ultimate,1
introduction,1
appear,1
brilliantly,1
notably,1
pushed,1
contemporaneous,1
stripped,1
needed,1
discover,1
complex,1
saved,1
systematically,1
fate,1
tend,1
escape,1
flanigan,1
merged,1
word,1
disciples,1
easily,1
studies,1
encountering,1
compilation,1
catchword,1
spirit,1
perfecting,1
demand,1
justified,1
western,1
explanatory,1
truthfully,1
variants,1
fitzgibbon,1
ambitious,1
equations,1
remedy,1
accomplishments,1
unite,1
viewpoints,1
track,1
eye,1
loggers,1
dexterity,1
themes,1
experience,1
being,1
consistent,1
cast,1
ideas,1
explaining,1
stressed,1
titles,1
defects,1
blithely,1
posed,1
interests,1
buteven,1
exaggerated,1
enthralled,1
adaptable,1
implications,1
taken,1
motivations,1
sunday,1
worked,1
artificially,1
supplied,1
resemblance,1
reach,1
shaped,1
available,1
governed,1
accompanied,1
desire,1
display,1
puritan,1
confusion,1
skeptics,1
validated,1
borne,1
substantive,1
thanks,1
closer,1
hundred,1
composition,1
shibboleths,1
procedure,1
abjured,1
religion,1
take,1
debt,1
idled,1
subsequent,1
emblem,1
feature,1
discrepancy,1
converts,1
intuitive,1
influences,1
remainder,1
primitive,1
regression,1
robert,1
creativity,1
wage,1
johns,1
context,1
depends,1
tribune,1
concealed,1
ascribed,1
referenda,1
forthcoming,1
plain,1
albeit,1
formulation,1
tenths,1
money,1
mass,1
jaundiced,1
right,1
batteries,1
retain,1
chapter,1
mythology,1
buren,1
logical,1
compelling,1
realize,1
belies,1
characterize,1
adopting,1
alter,1
fluctuation,1
measuring,1
transcend,1
verifying,1
community,1
taking,1
headed,1
artful,1
far,1
sophistication,1
cited,1
painfully,1
anticipated,1
himself,1
sketched,1
collection,1
split,1
instrumentalist,1
wherever,1
ranked,1
winning,1
tribute,1
central,1
thus,1
andrew,1
chapters,1
eras,1
merchants,1
proceeded,1
facts,1
church,1
objective,1
demanded,1
tables,1
attitudinal,1
assumes,1
swimming,1
author,1
agent,1
heeding,1
disarming,1
forgotten,1
moment,1
adopted,1
issued,1
coined,1
dubbed,1
reshape,1
extensively,1
espoused,1
squads,1
kind,1
turn,1
aligned,1
candidates,1
nor,1
curiously,1
pathbreaking,1
times,1
squandered,1
freed,1
convincing,1
ergo,1
back,1
antagonisms,1
determinist,1
slave,1
honesty,1
six,1
compared,1
assertive,1
applying,1
left,1
warned,1
weight,1
ceaselessly,1
beat,1
look,1
artillery,1
hoary,1
vice,1
jabbing,1
demonstration,1
simplistic,1
fallacies,1
leadership,1
cooperative,1
master,1
once,1
poorly,1
grasp,1
promised,1
exponents,1
van,1
higher,1
crouch,1
americans,1
town,1
whose,1
essential,1
jeffersonian,1
century,1
predicted,1
act,1
programmatic,1
rather,1
statements,1
subjected,1
main,1
developed,1
obtained,1
stop,1
sort,1
particularity,1
explicit,1
presentation,1
process,1
mean,1
broaden,1
politicians,1
mechanics,1
pervasiveness,1
rigor,1
thing,1
importance,1
talk,1
ix,1
assuming,1
lacking,1
enabled,1
white,1
overlooked,1
clarification,1
republicans,1
support,1
means,1
reason,1
branded,1
statistic,1
marks,1
tensions,1
representativeness,1
certify,1
improvement,1
established,1
scale,1
imposing,1
combative,1
iucpr,1
presumably,1
coefficients,1
elsewhere,1
quoted,1
edition,1
conceding,1
n,1
reexamination,1
frequently,1
observations,1
four,1
resorted,1
commonly,1
breakdowns,1
additional,1
origins,1
sewell,1
terminology,1
imprisonment,1
eradication,1
cycles,1
dominant,1
m,1
sounder,1
uncritically,1
tyranny,1
drawing,1
italics,1
stands,1
numerical,1
hope,1
outlasted,1
advance,1
incomplete,1
based,1
lead,1
asserts,1
critic,1
histories,1
public,1
inherent,1
conservative,1
grasped,1
search,1
strength,1
attack,1
impressionistic,1
lived,1
criticisms,1
primacy,1
dispute,1
jeopardized,1
prudently,1
crusading,1
percentages,1
base,1
representative,1
clashes,1
accurately,1
though,1
trappings,1
michigan,1
stressing,1
bore,1
appears,1
revive,1
hailed,1
enraptured,1
wealth,1
ignorance,1
dialectic,1
counties,1
industrious,1
hopkins,1
criteria,1
technical,1
overlapping,1
improve,1
well,1
vanguards,1
manhood,1
used,1
scope,1
foes,1
nine,1
locus,1
psychological,1
fortify,1
annexation,1
civil,1
knowledge,1
nation,1
comment,1
revealed,1
routinely,1
generalizing,1
genuine,1
describe,1
intermediate,1
during,1
place,1
enraged,1
literally,1
people,1
actually,1
transmitting,1
midwestern,1
call,1
personal,1
away,1
reflect,1
hampshire,1
mortals,1
won,1
interpreted,1
status,1
predictive,1
kohl,1
polity,1
trends,1
gap,1
manipulation,1
shortcomings,1
severing,1
lumbermen,1
someone,1
change,1
tone,1
running,1
legacy,1
least,1
correct,1
working,1
below,1
allegiance,1
chose,1
simpler,1
next,1
politically,1
discredit,1
virtuoso,1
bank,1
around,1
transformative,1
quantification,1
indictment,1
sufficient,1
ignore,1
inescapable,1
concerns,1
propelled,1
revealing,1
interminably,1
presence,1
essentially,1
impossible,1
philip,1
dedicated,1
condemned,1
up,1
necessity,1
correspondence,1
computations,1
abstracted,1
substituted,1
value,1
newly,1
moved,1
questioning,1
bolstered,1
championed,1
champion,1
inspection,1
south,1
will,1
eternal,1
tenet,1
republican,1
led,1
imprint,1
second,1
may,1
temperament,1
creed,1
matter,1
contest,1
practices,1
strictures,1
enthused,1
separation,1
disparagement,1
exclusivity,1
thrifty,1
play,1
schemes,1
dressed,1
acknowledged,1
brief,1
forward,1
albany,1
hammond,1
disinclination,1
whatever,1
formative,1
above,1
several,1
comments,1
strife,1
buck,1
movement,1
modes,1
spate,1
hold,1
reception,1
positive,1
evidentiary,1
conclusiveness,1
frank,1
evenly,1
coherence,1
criticism,1
inspecting,1
relied,1
interpretation,1
observer,1
wake,1
read,1
thought,1
morgan,1
demolition,1
supplementary,1
axiomatic,1
us,1
denounced,1
kelley,1
included,1
extravagant,1
culture,1
claptrap,1
performed,1
broad,1
wright,1
appeals,1
insights,1
preeminent,1
department,1
ballots,1
strata,1
picture,1
naive,1
published,1
testimony,1
persuade,1
worst,1
endured,1
starting,1
insistency,1
law,1
book,1
attacks,1
challenge,1
technique,1
strike,1
again,1
others,1
approaching,1
pointed,1
conceived,1
put,1
towns,1
addition,1
added,1
analytical,1
efforts,1
usefulness,1
persuasion,1
expose,1
longer,1
admit,1
idea,1
unaccustomed,1
shade,1
scholars,1
beliefs,1
intimidated,1
choice,1
really,1
warning,1
demonstrating,1
forging,1
end,1
withering,1
debates,1
overwhelmingly,1
chs,1
inherently,1
crumbled,1
venture,1
pattern,1
jacksonians,1
legerdemain,1
serious,1
dynamited,1
never,1
cept,1
enough,1
took,1
accusations,1
do,1
monographs,1
present,1
decried,1
verifiability,1
operating,1
road,1
validity,1
historiographic,1
horace,1
forth,1
ahead,1
focusing,1
terns,1
paperback,1
assault,1
jj,1
widespread,1
fundamentals,1
reconciled,1
day,1
midwest,1
mccormick,1
discredits,1
demonstrated,1
powered,1
empirically,1
discussion,1
campaigns,1
examples,1
effectiveness,1
birth,1
treated,1
hamiltonian,1
refining,1
israel,1
formal,1
scaled,1
attainment,1
distinctly,1
greeley,1
bequeathed,1
elections,1
expression,1
combining,1
largely,1
assumption,1
brazen,1
exciting,1
assume,1
jensen,1
vocabulary,1
consortium,1
bitter,1
variables,1
engaged,1
nothing,1
forcefulness,1
examination,1
prelude,1
deployed,1
previous,1
galvanized,1
described,1
defect,1
rejected,1
significance,1
quotation,1
discovered,1
referendum,1
reality,1
stress,1
comprehensive,1
publication,1
disguised,1
agreement,1
accounted,1
decorated,1
peter,1
workers,1
individual,1
controversies,1
good,1
characterized,1
disclaimers,1
period,1
function,1
him,1
mount,1
features,1
reformulated,1
mexico,1
distinction,1
dry,1
stages,1
accurate,1
protofeller,1
applicable,1
standard,1
martin,1
neutral,1
finality,1
faith,1
favored,1
especially,1
comparing,1
enlightenment,1
outcomes,1
systems,1
newspapers,1
feet,1
viewpoint,1
nisbet,1
awakening,1
theorists,1
narrow,1
declare,1
exactly,1
displayed,1
deliberate,1
effect,1
can,1
structure,1
ballpark,1
enthusiasts,1
seeking,1
refrained,1
looked,1
splitting,1
figures,1
versus,1
saw,1
we,1
professional,1
controversial,1
bygone,1
hopeless,1
concluded,1
ninety,1
separate,1
suspects,1
entitled,1
worldview,1
tests,1
groupings,1
relationship,1
emulation,1
dual,1
tentative,1
movements,1
usually,1
five,1
foreign,1
vision,1
testing,1
disaggregating,1
program,1
flowed,1
reasonable,1
federalists,1
ordinary,1
male,1
primarily,1
institutions,1
army,1
muddle,1
seen,1
detailed,1
ordering,1
force,1
began,1
returned,1
schlesingerian,1
lawrence,1
gestalt,1
importantly,1
rapidly,1
try,1
discourse,1
linking,1
owed,1
life,1
strive,1
phrase,1
dead,1
table,1
boats,1
supporting,1
types,1
citizens,1
instances,1
worlds,1
rigorous,1
meant,1
school,1
graphs,1
seriously,1
variable,1
magnitude,1
thinking,1
growing,1
conviction,1
reviewing,1
exemplified,1
complexity,1
inseparable,1
divorcing,1
circumstances,1
rabinowitz,1
conceptualization,1
detachment,1
simply,1
constituted,1
ever,1
damaging,1
solidly,1
extension,1
known,1
dubious,1
shunned,1
rival,1
masses,1
consensus,1
regress,1
occurrences,1
drew,1
sustained,1
verify,1
methodologically,1
forty,1
ran,1
branches,1
concurrence,1
control,1
sure,1
readily,1
debunking,1
novel,1
coupling,1
contained,1
innovations,1
best,1
disillusionment,1
wall,1
marvin,1
universal,1
current,1
loyalty,1
report,1
inquiry,1
provoke,1
eventually,1
levelled,1
edicts,1
very,1
asserting,1
workingmen,1
equilibrium,1
precarious,1
build,1
differed,1
distinctive,1
goddess,1
merely,1
better,1
concrete,1
charged,1
dismissal,1
resurfaced,1
unique,1
implicit,1
whether,1
terms,1
stability,1
selected,1
form,1
namely,1
supports,1
sociology,1
slay,1
proven,1
agricultural,1
passed,1
microcosm,1
ripe,1
problem,1
extent,1
dream,1
consisting,1
woodward,1
guesswork,1
almost,1
too,1
psychology,1
ideal,1
categories,1
universe,1
howard,1
demarcated,1
rescued,1
portraying,1
bray,1
reported,1
surrendered,1
prospect,1
press,1
role,1
verification,1
inaugurated,1
analytically,1
intended,1
respectable,1
step,1
explication,1
rigid,1
went,1
conventional,1
impulses,1
recedes,1
protestants,1
goals,1
think,1
grandeur,1
tions,1
rewarding,1
our,1
fred,1
formation,1
layers,1
shown,1
until,1
spring,1
predispositions,1
vann,1
imperative,1
jarred,1
dodged,1
detached,1
hone,1
carelessly,1
conreviews,1
cognitive,1
product,1
thoughtful,1
irreconcilable,1
effects,1
meyers,1
presenting,1
summoned,1
classification,1
archaic,1
worried,1
bitch,1
dissent,1
blacks,1
searching,1
potential,1
certainty,1
themselves,1
scholarship,1
consisted,1
recognized,1
nonpuritan,1
develop,1
abandoned,1
transhistorical,1
seek,1
ends,1
observed,1
famous,1
concise,1
cross,1
should,1
building,1
loyalties,1
doing,1
nativists,1
learned,1
rubble,1
race,1
chambers,1
major,1
faction,1
heterogeneous,1
