WORDCOUNTS,WEIGHT
the,175
of,90
in,79
and,77
suffrage,63
s,61
women,55
her,53
to,49
blatch,44
a,43
movement,28
as,27
that,26
with,25
but,23
new,23
dubois,22
for,21
woman,21
on,19
she,18
harriot,16
league,16
york,14
was,14
by,14
union,13
this,13
it,12
had,12
american,11
is,11
history,11
p,11
an,11
not,10
its,10
stanton,10
between,10
equality,9
their,9
labor,9
from,9
more,9
state,9
within,8
years,8
when,8
we,8
than,8
how,7
one,7
also,7
have,7
at,6
been,6
independence,6
who,6
mother,6
us,6
or,6
first,6
strike,6
has,6
public,6
because,6
our,6
relations,6
association,6
sklar,5
techniques,5
life,5
class,5
morgan,5
campaign,5
only,5
party,5
book,5
wealthy,5
political,5
trade,5
wpu,5
joined,5
working,5
men,5
be,5
reinventing,4
no,4
success,4
schneiderman,4
about,4
into,4
fabian,4
chief,4
these,4
founded,4
two,4
position,4
constituency,4
view,4
many,4
are,4
leading,4
reform,4
legislation,4
activism,4
reviews,4
florence,4
politics,4
through,4
example,4
became,4
emancipation,4
which,4
national,4
like,4
after,4
june,4
left,4
era,4
ellen,4
kelley,4
will,3
does,3
o,3
independent,3
rather,3
they,3
ways,3
university,3
organization,3
why,3
just,3
social,3
wtul,3
over,3
worked,3
did,3
outdoor,3
theme,3
time,3
reilly,3
perhaps,3
historians,3
campaigns,3
work,3
range,3
story,3
ideas,3
goal,3
clear,3
interest,3
successful,3
so,3
reformers,3
socialist,3
states,3
withdrew,3
much,3
professional,3
daughter,3
transforming,2
crow,2
rights,2
third,2
struggle,2
always,2
movements,2
later,2
links,2
remain,2
limited,2
jane,2
herself,2
primarily,2
dimensions,2
swath,2
kish,2
force,2
began,2
returned,2
opposition,2
importance,2
group,2
study,2
united,2
formed,2
support,2
months,2
studies,2
financial,2
decade,2
gimmicks,2
allies,2
occurred,2
any,2
growing,2
efforts,2
partly,2
industrial,2
biography,2
age,2
follow,2
organizations,2
convincing,2
if,2
explain,2
important,2
opinion,2
legislature,2
again,2
nawsa,2
england,2
seems,2
shows,2
shaped,2
other,2
innovations,2
best,2
leaders,2
broken,2
found,2
own,2
called,2
carol,2
out,2
break,2
substantially,2
coalitions,2
person,2
readers,2
do,2
ann,2
those,2
ground,2
though,2
equal,2
what,2
rose,2
british,2
case,2
gilded,2
side,2
congressional,2
however,2
core,2
mass,2
march,2
kathryn,2
jim,2
another,2
local,2
having,2
meetings,2
some,2
even,2
mobilizing,2
recognition,2
city,2
explains,2
press,2
elite,2
gender,2
elizabeth,2
budget,2
sold,2
during,2
place,2
webb,2
were,2
partisan,2
such,2
development,2
alliance,2
winning,2
since,2
t,2
write,2
author,2
victory,2
paul,2
workers,2
ability,2
held,2
kraditor,2
times,2
although,2
viable,2
field,2
politically,2
progressive,2
interacted,2
self,2
needs,2
offered,2
addams,2
topics,2
find,2
analysis,2
up,2
given,2
using,2
militance,2
responsibility,2
evidence,2
provided,2
shifted,2
attacks,1
contributes,1
model,1
residing,1
pay,1
merged,1
reading,1
evens,1
now,1
relying,1
endeared,1
heretofore,1
ferocious,1
he,1
committed,1
topic,1
fanatical,1
symposium,1
revisionist,1
may,1
demand,1
flower,1
contact,1
mysterious,1
implemented,1
declared,1
threat,1
censured,1
assert,1
bring,1
crucial,1
action,1
growth,1
sidney,1
concern,1
across,1
magisterial,1
generations,1
developed,1
adds,1
declaring,1
district,1
created,1
commitment,1
smeared,1
tory,1
square,1
afterwards,1
inclusive,1
college,1
cubs,1
albany,1
exception,1
lobbying,1
slow,1
get,1
army,1
active,1
yale,1
inability,1
folded,1
lasted,1
lives,1
eight,1
connect,1
recognize,1
derived,1
terms,1
significant,1
partially,1
put,1
volumes,1
birthright,1
changes,1
feminist,1
lacking,1
spared,1
fed,1
illustrations,1
fighting,1
lewis,1
sponsorship,1
white,1
michael,1
nonunion,1
join,1
consequences,1
renamed,1
depicted,1
provides,1
enlisted,1
supporting,1
interpretation,1
peaks,1
madison,1
means,1
coalition,1
sudden,1
understand,1
face,1
security,1
easily,1
escape,1
pp,1
lopsided,1
relationships,1
incidentally,1
immigrant,1
message,1
continuity,1
stable,1
source,1
formally,1
protection,1
western,1
index,1
compiled,1
giants,1
unlike,1
tax,1
contained,1
curious,1
shadow,1
branch,1
shirtwaist,1
presumably,1
expressed,1
blocked,1
conclusions,1
culture,1
binghamton,1
suffragists,1
days,1
mary,1
series,1
valleys,1
lumbering,1
hay,1
robust,1
cavil,1
imitating,1
broached,1
largest,1
turning,1
most,1
show,1
individuality,1
congresses,1
reliance,1
acknowledges,1
file,1
constituted,1
economically,1
being,1
member,1
rise,1
monographic,1
connecting,1
either,1
shop,1
beyond,1
withdrawn,1
problems,1
invitation,1
consequence,1
long,1
every,1
members,1
certainly,1
visitor,1
reorientation,1
puts,1
connection,1
organizational,1
comfortable,1
polo,1
recruited,1
set,1
lapse,1
power,1
stated,1
gilmore,1
strategy,1
decades,1
make,1
death,1
stodgy,1
similarly,1
conflicts,1
affirmative,1
permanently,1
refused,1
economic,1
addition,1
disobedience,1
opponents,1
greater,1
daunted,1
j,1
paper,1
supplied,1
lacked,1
closely,1
advance,1
whom,1
idea,1
lawyers,1
affiliated,1
extent,1
affiliating,1
higher,1
might,1
head,1
blamed,1
supremacy,1
together,1
conservative,1
championing,1
begun,1
emergence,1
feminism,1
wrote,1
abstract,1
access,1
regard,1
centering,1
ratification,1
holding,1
seven,1
educated,1
vibrant,1
larger,1
government,1
incident,1
tells,1
concludes,1
very,1
cady,1
carolina,1
drawbacks,1
benefit,1
contemporary,1
twenty,1
meanwhile,1
build,1
associations,1
follette,1
historical,1
reckoned,1
nevertheless,1
pattern,1
efficiently,1
hinges,1
workingman,1
past,1
there,1
achieved,1
base,1
quoted,1
anne,1
memoirs,1
reinvented,1
february,1
last,1
never,1
took,1
justify,1
learn,1
supporters,1
didn,1
remarkable,1
game,1
scholarly,1
coordinated,1
baseball,1
wage,1
avoidance,1
somewhat,1
innovative,1
johns,1
purposes,1
carefully,1
activist,1
lead,1
report,1
depicts,1
income,1
them,1
recently,1
produced,1
molders,1
form,1
proposals,1
flesh,1
less,1
insistence,1
cut,1
stunts,1
cause,1
scale,1
can,1
grounds,1
classic,1
spoke,1
goldberg,1
garment,1
focusing,1
doesn,1
blaming,1
swing,1
rallies,1
sunk,1
alice,1
autonomous,1
distance,1
subsequent,1
style,1
disconnections,1
shifts,1
hopkins,1
bones,1
argued,1
america,1
draw,1
realize,1
pursued,1
undercut,1
well,1
commitments,1
produce,1
property,1
intellectually,1
fundamentally,1
kansas,1
franchise,1
future,1
compelling,1
understanding,1
closed,1
dove,1
activity,1
literature,1
father,1
reaching,1
coherent,1
lost,1
implement,1
eve,1
already,1
alter,1
made,1
move,1
uniting,1
vote,1
vital,1
must,1
helps,1
professor,1
writings,1
invited,1
four,1
recipients,1
point,1
part,1
x,1
introduced,1
unfairly,1
despite,1
civil,1
resources,1
eleanor,1
referendum,1
nation,1
november,1
supreme,1
experience,1
innovator,1
harry,1
galling,1
agents,1
marginalized,1
disagreeing,1
went,1
forged,1
capably,1
letter,1
year,1
finish,1
substance,1
gave,1
beatrice,1
freedom,1
largely,1
policies,1
attract,1
pursuing,1
describes,1
mobilizer,1
demonstrates,1
diversity,1
collective,1
world,1
framework,1
people,1
exploit,1
writing,1
aide,1
questions,1
fbi,1
central,1
sparked,1
rewarding,1
doctrines,1
chapters,1
way,1
throughout,1
come,1
personal,1
full,1
married,1
discriminated,1
question,1
constructed,1
haven,1
centennial,1
i,1
ultimately,1
until,1
showing,1
solitude,1
englishman,1
attraction,1
lobbyist,1
won,1
difference,1
both,1
guessing,1
marry,1
significance,1
help,1
challenging,1
three,1
against,1
initially,1
conditions,1
institutional,1
publication,1
finally,1
prickly,1
sustain,1
told,1
essay,1
newsletter,1
urge,1
someone,1
change,1
tone,1
offer,1
moment,1
instead,1
gendered,1
gilman,1
representative,1
differed,1
flexner,1
carry,1
suffragettes,1
summer,1
convention,1
cooperated,1
employing,1
things,1
leonora,1
century,1
constituencies,1
next,1
perkins,1
settling,1
organizer,1
clues,1
defined,1
practiced,1
attracting,1
fortify,1
socialism,1
rank,1
promptly,1
embodies,1
measured,1
atmosphere,1
remains,1
championship,1
shift,1
old,1
speak,1
around,1
family,1
pathbreaking,1
calling,1
perspective,1
several,1
vassar,1
arguably,1
moved,1
legislatures,1
soil,1
especially,1
supported,1
accomplished,1
wider,1
potential,1
article,1
marriage,1
highly,1
revealing,1
trying,1
charlotte,1
race,1
response,1
assumed,1
brought,1
six,1
caravans,1
touches,1
inclusion,1
empowered,1
dramatic,1
served,1
theorists,1
research,1
themselves,1
distinguished,1
strikers,1
flood,1
tactics,1
succeeded,1
enduring,1
chicago,1
telling,1
organizers,1
aileen,1
all,1
fully,1
richness,1
london,1
probably,1
would,1
graduating,1
renewed,1
majority,1
posed,1
interaction,1
develop,1
journal,1
wife,1
focus,1
duration,1
figures,1
conventions,1
counts,1
among,1
roots,1
north,1
recent,1
notes,1
leadership,1
posing,1
meeting,1
successive,1
womenbeatrice,1
auto,1
glenda,1
built,1
influence,1
la,1
settle,1
convincingly,1
gleaned,1
activities,1
major,1
championed,1
seemed,1
garrett,1
society,1
