WORDCOUNTS,WEIGHT
the,276
of,125
to,93
and,69
johnson,65
in,64
that,61
a,61
s,54
as,50
his,43
he,33
on,29
president,26
for,25
it,24
not,23
dallek,22
with,22
was,21
by,21
p,20
war,19
at,18
is,18
vietnam,16
this,16
from,16
lbj,16
had,15
would,15
who,15
author,14
kennedy,14
have,14
more,13
if,11
when,10
but,10
such,9
flawed,9
an,9
lyndon,9
going,9
given,9
american,8
history,8
i,8
out,8
giant,8
texas,8
same,8
also,8
man,8
were,8
him,8
administration,8
you,8
policy,7
might,7
their,7
poverty,7
pycior,7
challenge,7
we,7
been,7
what,7
be,7
does,6
robert,6
has,6
even,6
no,6
humphrey,6
public,6
these,6
bobby,6
time,6
foreign,6
programs,6
meeting,6
go,5
they,5
one,5
alamo,5
first,5
great,5
those,5
political,5
against,5
like,5
vice,5
poor,5
democratic,5
could,5
reviews,5
however,5
well,5
its,5
people,5
own,5
bombing,5
south,5
will,5
or,5
do,5
where,5
perhaps,5
years,5
percent,5
surprising,5
education,5
any,5
reflected,5
senate,5
both,5
through,5
way,4
all,4
right,4
some,4
september,4
times,4
effective,4
than,4
americans,4
moreover,4
dugger,4
wanted,4
just,4
most,4
society,4
included,4
fact,4
ground,4
less,4
made,4
congress,4
clear,4
connally,4
saw,4
wheeler,4
face,4
then,4
country,4
did,4
down,4
asked,4
told,3
coalition,3
said,3
julie,3
richard,3
politician,3
along,3
himself,3
human,3
due,3
turn,3
reluctance,3
back,3
rights,3
predicted,3
assassination,3
republicans,3
university,3
powerful,3
effort,3
chinese,3
part,3
notes,3
led,3
bill,3
security,3
makes,3
pp,3
paradox,3
power,3
financial,3
john,3
end,3
men,3
number,3
including,3
leininger,3
initiatives,3
after,3
presidential,3
biographer,3
governor,3
caro,3
me,3
executive,3
life,3
often,3
considered,3
following,3
truman,3
turned,3
them,3
almost,3
press,3
became,3
think,3
vietnamese,3
nixon,3
polled,3
early,3
ronnie,3
increase,3
bundy,2
rate,2
done,2
mississipi,2
productions,2
generous,2
introduction,2
needed,2
judicious,2
mexican,2
candidate,2
position,2
presents,2
chief,2
strikes,2
experience,2
being,2
either,2
military,2
secretary,2
created,2
there,2
roosevelt,2
china,2
somewhat,2
tragedy,2
tide,2
proposals,2
case,2
hell,2
u,2
deal,2
backing,2
capable,2
cap,2
point,2
very,2
sent,2
thus,2
large,2
brother,2
decided,2
gun,2
robb,2
convincing,2
response,2
young,2
left,2
though,2
master,2
may,2
hero,2
ascent,2
reference,2
similar,2
balanced,2
support,2
means,2
korea,2
days,2
too,2
puts,2
important,2
remembered,2
compassion,2
before,2
stalemate,2
blow,2
viewed,2
explain,2
depictions,2
videocassette,2
because,2
eyewitness,2
voter,2
participation,2
future,2
reader,2
civil,2
lays,2
got,2
year,2
pollution,2
earth,2
good,2
heart,2
highly,2
telling,2
characterizes,2
up,2
results,2
roots,2
overbearing,2
republican,2
role,2
nonetheless,2
economic,2
tempted,2
make,2
southern,2
hold,2
meanwhile,2
soon,2
us,2
marred,2
tax,2
culture,2
insights,2
picture,2
volume,2
others,2
many,2
registration,2
treatment,2
proposal,2
new,2
personality,2
took,2
senatorial,2
apt,2
aptly,2
father,2
speculates,2
grubin,2
franklin,2
which,2
complicated,2
historic,2
david,2
general,2
lose,2
communists,2
especially,2
problems,2
can,2
controversial,2
attention,2
convincingly,2
negotiations,2
relationship,2
aid,2
george,2
prose,2
program,2
lost,2
began,2
class,2
goldberg,2
ve,2
know,2
tendencies,2
sure,2
are,2
december,2
best,2
leaders,2
job,2
infiltration,2
far,2
cities,2
assessment,2
diem,2
shesol,2
better,2
whether,2
accounts,2
hoped,2
while,2
emphasis,2
millions,2
middle,2
careful,2
private,2
despite,2
die,2
families,2
stevenson,2
writing,2
national,2
motives,2
course,2
although,2
need,2
off,2
am,2
supported,2
potential,2
between,2
say,2
views,2
much,2
north,2
captures,2
showed,2
race,2
portrait,2
hanoi,2
appeasement,1
final,1
grasped,1
difficult,1
ending,1
transportation,1
o,1
willie,1
alley,1
conflicting,1
heroic,1
privately,1
stood,1
opponent,1
shelves,1
career,1
everyone,1
environmental,1
resulted,1
college,1
determine,1
red,1
kera,1
notably,1
disregard,1
church,1
becoming,1
reminding,1
complex,1
significant,1
star,1
agency,1
diplomatic,1
larry,1
word,1
library,1
evocative,1
federal,1
situation,1
distrusted,1
delineating,1
favor,1
park,1
medicare,1
decade,1
overlook,1
committee,1
hysterical,1
redistribute,1
into,1
pose,1
unlike,1
encourage,1
total,1
physicians,1
baiting,1
medicaid,1
accomplishments,1
contest,1
loathed,1
turning,1
cutting,1
joe,1
painful,1
anything,1
invoking,1
else,1
decidedly,1
withdrawn,1
inc,1
wrong,1
fast,1
every,1
embraced,1
greatness,1
handle,1
reelected,1
give,1
jfk,1
feeling,1
address,1
outmaneuvering,1
attempt,1
brien,1
refusal,1
abandoning,1
multivolume,1
dreams,1
official,1
rfk,1
asia,1
memorial,1
handling,1
book,1
knowing,1
skills,1
assertion,1
deadline,1
desire,1
reasons,1
thank,1
differences,1
follows,1
able,1
government,1
incident,1
atlantic,1
concludes,1
subsequent,1
help,1
chiefs,1
failures,1
rafael,1
underestimating,1
last,1
meantime,1
mind,1
written,1
miles,1
principal,1
favoring,1
intelligence,1
johns,1
deteriorated,1
context,1
similarities,1
system,1
voting,1
partners,1
issue,1
multitudinous,1
macarthur,1
con,1
preventing,1
historians,1
bird,1
money,1
advice,1
adverse,1
encouraging,1
killed,1
jack,1
account,1
prior,1
possible,1
slight,1
drive,1
establishing,1
election,1
mutual,1
bibliography,1
unsuccessfully,1
whatever,1
since,1
intelligent,1
cited,1
syntactical,1
dynamic,1
liberals,1
hungry,1
barons,1
wallace,1
audience,1
expertise,1
winning,1
gallup,1
poignancy,1
conflict,1
central,1
deserving,1
amendment,1
shotgun,1
unforgivably,1
surely,1
tyrannical,1
famously,1
facts,1
unsuccessful,1
surrounded,1
health,1
analyzing,1
silent,1
trujillo,1
divine,1
relatively,1
mixed,1
relations,1
disengage,1
nurtured,1
convention,1
limousine,1
assured,1
avalanche,1
expected,1
arena,1
kind,1
sleeve,1
candidates,1
nelson,1
old,1
blame,1
fees,1
contrary,1
highest,1
withdraw,1
compared,1
estimate,1
alliances,1
drawn,1
obscure,1
student,1
consequently,1
memoir,1
aide,1
deeply,1
william,1
about,1
discovering,1
castro,1
bills,1
generation,1
influence,1
impressions,1
loans,1
cites,1
crusades,1
failed,1
depiction,1
velazquez,1
york,1
whose,1
hopes,1
costs,1
slights,1
needy,1
dilemma,1
surreptitiously,1
principally,1
destroy,1
troubled,1
activists,1
how,1
remain,1
heels,1
soviets,1
equalizer,1
notion,1
knew,1
injure,1
represented,1
killing,1
granted,1
risk,1
manages,1
polarized,1
talk,1
coke,1
pressured,1
direct,1
parts,1
plots,1
miscalculation,1
matched,1
k,1
adversaries,1
illustrations,1
white,1
earl,1
reforms,1
awareness,1
overlooked,1
consequences,1
infuriated,1
expressing,1
enlisted,1
rising,1
recalled,1
discourteous,1
escape,1
win,1
inauguration,1
dominican,1
bad,1
affect,1
payers,1
antiwar,1
segregationist,1
consider,1
delegation,1
distract,1
producers,1
clearly,1
russell,1
proved,1
disadvantaged,1
numbers,1
house,1
chafed,1
argued,1
ignorance,1
frequently,1
xi,1
largescale,1
four,1
stationed,1
communities,1
additional,1
beyond,1
defeat,1
dixiecrats,1
cost,1
swarmed,1
fifties,1
helped,1
m,1
opinion,1
use,1
personalized,1
sixties,1
opponents,1
daley,1
moving,1
result,1
legislative,1
my,1
whom,1
introduce,1
path,1
kennedys,1
wracked,1
carrying,1
found,1
hands,1
called,1
coalescing,1
taboo,1
undeservedly,1
shared,1
ocean,1
events,1
experts,1
secretly,1
further,1
pro,1
buttressed,1
shall,1
boxes,1
sentimental,1
mate,1
indirect,1
treat,1
wasteful,1
cannot,1
meet,1
disapproved,1
younger,1
otherwise,1
troops,1
reluctantly,1
opposition,1
negotiated,1
hopkins,1
eisenhower,1
failure,1
retribution,1
conservatives,1
none,1
having,1
protesters,1
correctly,1
paints,1
work,1
nacent,1
lapses,1
planning,1
abroad,1
residents,1
received,1
start,1
vote,1
claim,1
urgings,1
prompted,1
illustrated,1
ranger,1
training,1
example,1
apparent,1
calls,1
secret,1
nation,1
feared,1
criticized,1
galling,1
ten,1
whole,1
gave,1
tale,1
deescalation,1
fail,1
leak,1
actually,1
anecdotes,1
poll,1
forces,1
away,1
newspaper,1
systematic,1
talented,1
project,1
stanford,1
challenging,1
sink,1
t,1
delay,1
citing,1
contests,1
signing,1
running,1
officials,1
least,1
sense,1
correct,1
caused,1
working,1
cold,1
carry,1
things,1
involve,1
senator,1
next,1
politically,1
wing,1
contrast,1
emphasizes,1
settlement,1
atmosphere,1
small,1
stemmed,1
maneuvering,1
munich,1
industry,1
disaster,1
climate,1
ancestors,1
urine,1
seeds,1
tended,1
budgets,1
barely,1
majority,1
dependent,1
maxwell,1
concurred,1
world,1
plummeted,1
confidant,1
value,1
provided,1
moved,1
settle,1
dictated,1
seemed,1
threatened,1
battle,1
casualty,1
second,1
valedictory,1
investigating,1
business,1
fortunate,1
communist,1
ceremonial,1
myriad,1
strategists,1
noble,1
bringing,1
action,1
indeed,1
movingly,1
service,1
feasable,1
contrasted,1
successes,1
trials,1
somebody,1
unelected,1
onward,1
harris,1
hubert,1
brings,1
prevailing,1
fruitless,1
community,1
july,1
still,1
above,1
harry,1
intervention,1
surviving,1
standing,1
boy,1
movement,1
suppose,1
echo,1
decisions,1
positive,1
billions,1
kills,1
southeast,1
consumerism,1
once,1
jaded,1
oxford,1
dole,1
criticism,1
yet,1
housing,1
violence,1
fair,1
democrats,1
god,1
challenged,1
j,1
disastrous,1
index,1
damn,1
rightly,1
unheralded,1
complete,1
lord,1
sharply,1
unproven,1
oswald,1
largest,1
without,1
industrial,1
contempt,1
alien,1
two,1
department,1
emotional,1
begins,1
resented,1
friend,1
predominate,1
knocking,1
only,1
social,1
act,1
party,1
endured,1
rather,1
oral,1
leader,1
lucid,1
successfully,1
french,1
skill,1
heritage,1
other,1
popularity,1
mentions,1
bipartisan,1
toward,1
appalled,1
death,1
earmarked,1
pointed,1
put,1
addition,1
added,1
projects,1
involvement,1
underestimated,1
efforts,1
recoiled,1
lack,1
main,1
idea,1
unparalleled,1
preserve,1
fundamental,1
head,1
scholars,1
endless,1
documents,1
disengaging,1
reform,1
crop,1
choice,1
disliked,1
casualties,1
plodding,1
steered,1
break,1
larger,1
retaliate,1
plagued,1
faults,1
littlest,1
feud,1
distrust,1
towering,1
fashion,1
triumphs,1
advocacy,1
external,1
excerpts,1
lone,1
longtime,1
enactment,1
breadth,1
learn,1
organizing,1
model,1
establish,1
vulnerable,1
council,1
ahead,1
mcnamara,1
belief,1
children,1
controversy,1
threats,1
syne,1
recommend,1
anticipate,1
stance,1
reminds,1
scant,1
responded,1
fight,1
another,1
sir,1
local,1
mills,1
meetings,1
respondents,1
oil,1
campaigns,1
disease,1
skepticism,1
examples,1
doomed,1
choreographing,1
upon,1
limitations,1
sides,1
patricia,1
looking,1
bequeathed,1
expand,1
poignant,1
elections,1
controlling,1
enduring,1
confidence,1
food,1
masterful,1
arthur,1
largely,1
oppose,1
virtually,1
factor,1
reedy,1
hour,1
continue,1
frustrate,1
trip,1
chosen,1
sees,1
previous,1
office,1
haiphong,1
stayed,1
described,1
charge,1
significance,1
aggressive,1
discovered,1
three,1
eaters,1
points,1
soldiers,1
dominated,1
victory,1
lady,1
arc,1
gate,1
haunted,1
allowed,1
characterized,1
threw,1
helpful,1
so,1
summer,1
high,1
ngo,1
absorptions,1
played,1
crafted,1
kept,1
keen,1
improved,1
preservation,1
provides,1
legacy,1
neutral,1
gets,1
favored,1
advisors,1
cogent,1
guilt,1
delano,1
trying,1
study,1
mining,1
dollars,1
relation,1
overcome,1
tactics,1
topics,1
effect,1
stylist,1
confusing,1
toyed,1
curry,1
story,1
southwest,1
looked,1
tendency,1
joint,1
caution,1
assassinations,1
lang,1
congressional,1
vain,1
entanglement,1
straying,1
tortured,1
space,1
depth,1
speculate,1
states,1
chances,1
replied,1
bold,1
sometimes,1
figure,1
sardonically,1
practical,1
fear,1
hill,1
legislator,1
lines,1
populist,1
predict,1
independence,1
becomes,1
referred,1
exceptional,1
mood,1
army,1
seen,1
returned,1
polls,1
proposition,1
inadequate,1
rapidly,1
dinh,1
volumes,1
analysis,1
blood,1
united,1
frontier,1
dead,1
kings,1
punchers,1
perini,1
instances,1
get,1
itself,1
meant,1
addressed,1
proof,1
presidency,1
share,1
thinking,1
aides,1
mentioned,1
finest,1
biography,1
founded,1
simply,1
wear,1
constituted,1
ever,1
reinforced,1
offered,1
regime,1
ranch,1
quotes,1
fulbright,1
charles,1
spots,1
besides,1
rocky,1
sums,1
here,1
serenade,1
staked,1
equation,1
wofford,1
quickly,1
korean,1
dimension,1
ran,1
evokes,1
myopia,1
different,1
connection,1
atrium,1
shrine,1
straightforward,1
regard,1
scenario,1
domestic,1
altered,1
contradictory,1
deerhunting,1
brilliance,1
factors,1
historical,1
examining,1
director,1
mismanagement,1
rural,1
ethos,1
february,1
person,1
hint,1
stamps,1
ticket,1
growing,1
stint,1
activism,1
regulations,1
suffering,1
unlikely,1
answered,1
notable,1
carefully,1
month,1
combined,1
reelection,1
ones,1
making,1
want,1
particular,1
tailored,1
metaphor,1
lengths,1
writes,1
starkly,1
problem,1
extent,1
segregationists,1
getting,1
flattering,1
brilliant,1
boys,1
fighters,1
balance,1
information,1
cronyism,1
hundreds,1
freedom,1
rockefeller,1
popular,1
yalu,1
boldly,1
son,1
conspiratorial,1
peace,1
reported,1
sea,1
republic,1
november,1
african,1
mayor,1
faintest,1
sitting,1
agents,1
investment,1
went,1
manhattan,1
recounts,1
memories,1
mention,1
takeover,1
goals,1
contrasts,1
nominated,1
our,1
mentor,1
analogy,1
question,1
devoted,1
ultimately,1
until,1
models,1
wilbur,1
touch,1
invasion,1
argues,1
quest,1
oneparty,1
finally,1
accept,1
paranoia,1
trap,1
crisis,1
offer,1
idealistic,1
instead,1
include,1
disagree,1
d,1
evidence,1
graft,1
cautionary,1
autumn,1
defined,1
mcgeorge,1
recalling,1
association,1
wealth,1
needs,1
dissent,1
inclination,1
thousand,1
specific,1
withdrew,1
attending,1
tragic,1
urbane,1
contibution,1
protege,1
jeff,1
chicago,1
escalating,1
era,1
create,1
maximum,1
characters,1
little,1
traditional,1
strong,1
taylor,1
anthem,1
auld,1
draft,1
vividly,1
major,1
