WORDCOUNTS,WEIGHT
the,179
of,98
to,56
in,52
a,41
and,40
press,36
that,34
is,27
powe,18
he,16
for,16
on,16
history,14
it,13
not,13
s,12
but,12
this,12
have,12
new,10
has,10
with,9
american,9
as,9
constitutional,9
was,8
from,8
more,8
p,8
free,8
his,7
estate,7
how,7
about,7
first,7
fourth,7
its,7
freedom,7
we,7
than,7
at,6
no,6
or,6
these,6
constitution,6
there,6
libel,6
amendment,6
century,6
be,6
rights,5
does,5
been,5
otis,5
one,5
by,5
know,5
into,5
are,5
court,5
political,5
leonard,5
right,5
were,5
you,5
cases,5
way,4
they,4
university,4
before,4
journalism,4
two,4
t,4
view,4
all,4
many,4
had,4
path,4
sullivan,4
job,4
what,4
case,4
public,4
eighteenth,4
million,4
i,4
years,4
would,4
an,4
levy,4
states,4
debate,4
will,3
aid,3
if,3
privileges,3
legal,3
their,3
also,3
law,3
power,3
might,3
government,3
v,3
war,3
reviews,3
beaten,3
problem,3
america,3
conservatives,3
little,3
say,3
calls,3
republic,3
supreme,3
giving,3
writing,3
central,3
such,3
c,3
early,3
when,3
up,3
may,2
freedoms,2
zero,2
hey,2
common,2
anthony,2
growth,2
performance,2
created,2
explain,2
decades,2
berkeley,2
recognizes,2
doctrine,2
who,2
lucas,2
put,2
year,2
distant,2
united,2
origins,2
slogan,2
federal,2
get,2
suppression,2
pp,2
sandinistas,2
favor,2
meant,2
decade,2
seems,2
familiar,2
too,2
w,2
age,2
show,2
volatile,2
only,2
social,2
notions,2
rather,2
lewis,2
founding,2
reporting,2
shows,2
sketchy,2
other,2
stories,2
seem,2
out,2
realize,2
better,2
hand,2
following,2
do,2
surely,2
regulatory,2
papers,2
recently,2
ahead,2
writes,2
seven,2
number,2
libertarian,2
chapter,2
don,2
suggests,2
made,2
gray,2
commissioner,2
competing,2
laws,2
assumptions,2
issues,2
congress,2
people,2
harrison,2
chosen,2
california,2
average,2
since,2
restraint,2
national,2
author,2
general,2
david,2
like,2
him,2
next,2
off,2
phrase,2
thomas,2
why,2
times,2
autonomy,2
june,2
news,2
study,2
figures,2
inquiries,2
notes,2
dailies,2
society,2
because,2
nicholas,1
promised,1
difficult,1
carried,1
happen,1
arriving,1
explosion,1
currently,1
actors,1
americans,1
fortunate,1
york,1
critics,1
officials,1
forces,1
diligent,1
reagan,1
homeland,1
bring,1
mattered,1
chance,1
action,1
foreign,1
ways,1
absent,1
outsiders,1
indeed,1
stood,1
naturally,1
possession,1
federalists,1
award,1
wait,1
brief,1
burnings,1
fewer,1
framing,1
process,1
contrast,1
directions,1
shrunk,1
seen,1
adoption,1
opportunity,1
titled,1
risk,1
anyone,1
bill,1
antislavery,1
folded,1
threaten,1
requests,1
inquiry,1
eighties,1
certain,1
group,1
movement,1
becoming,1
southern,1
direct,1
ix,1
contributions,1
dialogue,1
approved,1
seditious,1
positive,1
often,1
agency,1
elaborated,1
civil,1
analysis,1
corrupting,1
stays,1
spoken,1
congressional,1
once,1
witty,1
formed,1
second,1
table,1
jargon,1
true,1
addressing,1
thought,1
approaches,1
done,1
security,1
twenty,1
changes,1
escape,1
read,1
instantly,1
stunted,1
modern,1
thinly,1
tensions,1
consider,1
center,1
oppressive,1
policy,1
protection,1
us,1
mobs,1
occupational,1
index,1
outmaneuvered,1
school,1
damages,1
puzzle,1
historiographical,1
hadn,1
contained,1
home,1
behavior,1
others,1
then,1
faded,1
any,1
thinking,1
vivid,1
judgments,1
antebellum,1
remedy,1
believed,1
limits,1
air,1
something,1
fairness,1
haunt,1
annals,1
fountains,1
pieties,1
frightened,1
benefited,1
women,1
must,1
alien,1
most,1
cutting,1
regulated,1
noted,1
said,1
resource,1
beside,1
anything,1
n,1
known,1
vietnam,1
dissident,1
beyond,1
followed,1
quantitative,1
sources,1
wrong,1
consequence,1
lead,1
defects,1
organizations,1
convincing,1
territory,1
creation,1
tour,1
swiftean,1
sustained,1
victim,1
interests,1
odd,1
book,1
set,1
challenge,1
colorado,1
mark,1
address,1
drawing,1
make,1
cut,1
over,1
hot,1
dc,1
conflicts,1
retreat,1
myopia,1
poison,1
cultures,1
efforts,1
legislative,1
advance,1
parties,1
different,1
worth,1
lack,1
reach,1
available,1
allow,1
scholars,1
xii,1
could,1
lemann,1
down,1
carrying,1
rule,1
prior,1
half,1
called,1
typical,1
monitor,1
access,1
domestic,1
regulation,1
draws,1
wade,1
speech,1
narrative,1
bostonians,1
children,1
daily,1
contras,1
able,1
journals,1
personal,1
hundred,1
reveal,1
pass,1
very,1
inspired,1
enforcing,1
antitrust,1
distrust,1
survey,1
useless,1
townsfolk,1
legacy,1
nevertheless,1
help,1
past,1
misdirect,1
enlarged,1
disputes,1
worn,1
serious,1
audiences,1
passage,1
type,1
term,1
last,1
men,1
turned,1
state,1
failed,1
scholarship,1
criteria,1
journalists,1
william,1
didn,1
cultural,1
according,1
day,1
disaffection,1
road,1
fuller,1
johns,1
proceedings,1
return,1
racial,1
flattered,1
them,1
implicit,1
whether,1
relevant,1
hated,1
reconcile,1
posts,1
less,1
painstaking,1
cannot,1
growing,1
defense,1
well,1
can,1
necessary,1
grounds,1
spoke,1
uttered,1
teasing,1
however,1
broadcasting,1
attitudes,1
blaming,1
heresy,1
statement,1
your,1
kidding,1
turf,1
books,1
assembled,1
bow,1
historians,1
nearly,1
threats,1
gained,1
hopkins,1
while,1
going,1
revises,1
hall,1
imagine,1
secure,1
president,1
fighters,1
retain,1
noticed,1
balance,1
local,1
uneven,1
suppress,1
protected,1
marked,1
politics,1
circuit,1
hundreds,1
correctly,1
exploring,1
revealed,1
activity,1
pentagon,1
minute,1
discussion,1
work,1
middle,1
slight,1
westmoreland,1
listening,1
unwelcome,1
values,1
insights,1
fine,1
concept,1
whatever,1
prompted,1
pinned,1
point,1
scorn,1
concentration,1
individual,1
arose,1
backed,1
resorted,1
fathersan,1
end,1
easy,1
publishers,1
himself,1
thoughts,1
gender,1
tried,1
astonishing,1
impose,1
reminded,1
elections,1
era,1
got,1
amused,1
went,1
shrug,1
unrecorded,1
combining,1
conventional,1
sweet,1
dropped,1
surrogate,1
discussions,1
during,1
sign,1
arguments,1
itinerary,1
balloon,1
ayer,1
mention,1
justices,1
relies,1
ethnic,1
runs,1
think,1
remarks,1
continue,1
our,1
which,1
denying,1
office,1
actual,1
legislation,1
newspaper,1
overturned,1
memorialized,1
statute,1
holders,1
until,1
youth,1
argument,1
birth,1
development,1
miss,1
own,1
faneuil,1
assembly,1
sedition,1
triumphed,1
three,1
against,1
graduate,1
twentieth,1
encounters,1
publication,1
regions,1
sought,1
finally,1
catch,1
reputation,1
safety,1
victory,1
interest,1
crisis,1
good,1
momentous,1
dangerous,1
defeat,1
register,1
course,1
moment,1
decided,1
instead,1
defensive,1
divisions,1
judges,1
correct,1
land,1
skip,1
change,1
threw,1
retired,1
spread,1
jr,1
so,1
function,1
summer,1
convention,1
media,1
il,1
doing,1
lie,1
colleagues,1
filled,1
obligatory,1
after,1
thing,1
stimulated,1
reaches,1
whiggish,1
settlement,1
lose,1
decisions,1
stray,1
cbs,1
troubles,1
never,1
perspective,1
mind,1
valued,1
special,1
internal,1
body,1
between,1
comfort,1
exaggeration,1
extraordinary,1
inclusion,1
cant,1
integrated,1
massachusetts,1
niles,1
narrow,1
texas,1
rabban,1
witnessed,1
anderson,1
misleading,1
sacred,1
define,1
publications,1
weakening,1
find,1
always,1
create,1
patterson,1
explore,1
landmark,1
wish,1
looks,1
even,1
sept,1
horse,1
tangles,1
communication,1
says,1
looked,1
re,1
roe,1
proper,1
world,1
need,1
furthermore,1
deeply,1
rude,1
should,1
evidence,1
develop,1
invites,1
generation,1
glib,1
attention,1
race,1
actions,1
unfortunate,1
uniformly,1
breakthroughs,1
visit,1
kept,1
awards,1
