WORDCOUNTS,WEIGHT
the,272
of,209
and,132
a,97
to,80
as,63
in,55
for,42
that,40
south,36
genovese,36
southern,33
slavery,31
s,31
their,30
but,29
was,28
with,27
old,25
on,24
progress,23
not,22
is,21
slaveholders,20
it,19
by,19
were,18
his,17
walther,17
its,17
these,16
this,16
an,15
they,14
intellectual,14
from,14
political,14
labor,14
freedom,13
history,12
most,12
intellectuals,12
southerners,12
which,12
at,11
or,11
social,11
conservative,11
p,11
out,11
who,10
slaveholding,10
mind,10
free,10
than,10
republican,9
modern,9
only,9
argument,9
if,8
american,8
class,8
secession,8
had,8
have,8
much,8
world,8
way,7
dilemma,7
he,7
thought,7
could,7
well,7
work,7
economic,6
commitment,6
we,6
more,6
also,6
union,6
best,6
radical,6
conservatism,6
emphasis,6
proslavery,6
both,6
planter,6
elite,6
through,6
white,6
society,6
whose,5
century,5
earlier,5
life,5
are,5
industrial,5
common,5
men,5
egalitarian,5
presbyterian,5
own,5
revolution,5
seems,5
discipline,4
implications,4
expansion,4
movement,4
yancey,4
university,4
seriously,4
antebellum,4
nineteenth,4
increasingly,4
thornwell,4
offers,4
other,4
different,4
december,4
did,4
leading,4
what,4
economy,4
reviews,4
less,4
defense,4
material,4
however,4
ford,4
books,4
has,4
because,4
calhoun,4
planters,4
nine,4
slaves,4
over,4
republic,4
like,4
review,4
moral,4
fitzhugh,4
order,4
study,4
young,4
would,4
even,4
propertied,4
critique,4
recent,4
may,3
depth,3
christian,3
racism,3
o,3
independent,3
crucial,3
market,3
brief,3
porcher,3
once,3
yet,3
eugene,3
under,3
into,3
democratic,3
first,3
us,3
party,3
majority,3
sustained,3
power,3
later,3
brien,3
all,3
many,3
liberty,3
capital,3
scholars,3
republicanism,3
reform,3
court,3
carolina,3
take,3
man,3
honor,3
scholarship,3
defend,3
scholarly,3
carefully,3
racial,3
them,3
citizenship,3
michael,3
received,3
cause,3
fully,3
while,3
conservatives,3
account,3
suggests,3
shorn,3
recognition,3
brought,3
politics,3
radicals,3
point,3
far,3
backgrounds,3
press,3
whole,3
largely,3
now,3
maintains,3
our,3
eric,3
radicalism,3
such,3
years,3
passion,3
workers,3
instead,3
confederacy,3
working,3
reformers,3
defined,3
between,3
succeeded,3
be,3
generally,3
mature,3
among,3
north,3
asked,3
influence,3
seemed,3
appeal,2
becoming,2
book,2
difficult,2
carried,2
rights,2
brion,2
sons,2
done,2
critics,2
backward,2
dual,2
essential,2
provide,2
variety,2
without,2
protecting,2
george,2
convinced,2
bold,2
been,2
rule,2
smithian,2
scholar,2
faced,2
aggressive,2
sort,2
does,2
career,2
rather,2
judgment,2
spurred,2
make,2
mainstream,2
antislavery,2
persistent,2
profoundly,2
one,2
studiously,2
keitt,2
contributions,2
analysis,2
prevented,2
wigfall,2
h,2
citizens,2
itself,2
democrats,2
elitist,2
pp,2
devotion,2
survival,2
miles,2
region,2
neither,2
any,2
thinking,2
developed,2
k,2
whigs,2
historian,2
exceptions,2
teaching,2
saw,2
no,2
humane,2
subtle,2
came,2
expanding,2
lacy,2
transatlantic,2
lee,2
volume,2
davis,2
long,2
worst,2
embraced,2
ruffin,2
certainly,2
creation,2
roman,2
here,2
heritage,2
fell,2
preference,2
toward,2
decades,2
emerged,2
revolutionaries,2
grace,2
j,2
remaining,2
efforts,2
extent,2
search,2
abstract,2
indeed,2
foundation,2
impressive,2
might,2
together,2
tucker,2
very,2
historical,2
nationalism,2
seldom,2
forms,2
william,2
war,2
attention,2
whether,2
produced,2
system,2
sermon,2
agricultural,2
rest,2
carved,2
historians,2
public,2
appetite,2
imagine,2
early,2
larger,2
argues,2
capable,2
possible,2
determined,2
hammond,2
john,2
eighteenth,2
preferred,2
careful,2
prominent,2
taking,2
little,2
part,2
including,2
despite,2
enormous,2
revolutions,2
became,2
three,2
ruling,2
yeomanry,2
end,2
quitman,2
minds,2
use,2
merchant,2
ranks,2
risk,2
broad,2
debow,2
thus,2
personal,2
disciplined,2
stopping,2
xviii,2
loved,2
status,2
ignored,2
endorsement,2
clear,2
against,2
modem,2
victory,2
author,2
logic,2
good,2
course,2
contributed,2
joined,2
individual,2
least,2
david,2
include,2
sense,2
d,2
ago,2
revised,2
regardless,2
jr,2
finds,2
gentry,2
after,2
sharp,2
black,2
emerging,2
atwater,2
short,2
late,2
chance,2
doubtless,2
outside,2
county,2
insists,2
newcomers,2
served,2
themselves,2
portions,2
foremost,2
james,2
substantial,2
given,2
develop,2
majorities,2
so,2
controversial,2
provided,2
valuable,2
master,2
tortured,1
staked,1
alabama,1
final,1
themes,1
democracy,1
polemic,1
critical,1
impressionable,1
aristocrat,1
undifferentiated,1
appear,1
hellions,1
partially,1
forceful,1
respected,1
currently,1
relationship,1
humanism,1
second,1
profiled,1
adventurism,1
adolphus,1
struggle,1
willie,1
temperament,1
loquacious,1
today,1
perspectives,1
advocate,1
influential,1
careers,1
obstacle,1
admonishes,1
populist,1
myriad,1
fierce,1
averitt,1
feudalism,1
excepted,1
continued,1
restoration,1
pledged,1
will,1
humanitarian,1
military,1
opportunism,1
generated,1
destroy,1
henley,1
generous,1
outsiders,1
centered,1
wrote,1
defenders,1
adds,1
defy,1
revival,1
loyal,1
emerson,1
comparative,1
praised,1
spearheaded,1
crafted,1
big,1
reasonable,1
breadth,1
dangers,1
square,1
credibility,1
return,1
climber,1
revolt,1
paralysis,1
insufficiently,1
unconsciously,1
revolutionary,1
primarily,1
paternalists,1
death,1
institutions,1
process,1
slow,1
published,1
staggering,1
prevailing,1
worldly,1
success,1
talents,1
exemplars,1
ears,1
ultimate,1
still,1
above,1
introduction,1
stands,1
starts,1
titled,1
tidewater,1
expanded,1
formula,1
production,1
importantly,1
wine,1
required,1
spots,1
church,1
elaborately,1
privileges,1
anxiety,1
certain,1
rapidly,1
area,1
large,1
expert,1
inconsequential,1
led,1
volumes,1
demanded,1
special,1
often,1
symbols,1
responsible,1
consuming,1
specific,1
expectations,1
headlong,1
properly,1
identify,1
corpus,1
adventure,1
entrusted,1
uncomfortable,1
secede,1
horton,1
govern,1
about,1
retain,1
artistic,1
origins,1
dismiss,1
see,1
authority,1
moreover,1
unabashed,1
supposed,1
uniquely,1
ways,1
slender,1
nullifiers,1
support,1
centuries,1
when,1
core,1
push,1
understand,1
majoritarian,1
apologia,1
preview,1
suited,1
studies,1
rediscovered,1
empathy,1
win,1
advanced,1
grounded,1
hardly,1
rigorous,1
better,1
coiled,1
perfect,1
array,1
combining,1
meant,1
fear,1
spirit,1
decade,1
god,1
rightful,1
consider,1
extremist,1
b,1
revitalizing,1
claims,1
fast,1
confederate,1
western,1
statistical,1
index,1
prosecession,1
dustbin,1
prosouthern,1
proven,1
laborer,1
definition,1
advises,1
neglected,1
earned,1
included,1
boldly,1
emergence,1
irreversible,1
eventually,1
paternalism,1
rightly,1
before,1
unfree,1
driven,1
practice,1
keeping,1
champions,1
elizabeth,1
numbers,1
lethal,1
plantations,1
summarily,1
welfare,1
prefer,1
source,1
characterizations,1
consigned,1
argued,1
version,1
safeguards,1
too,1
democratization,1
w,1
nineteenthcentury,1
frightened,1
confirms,1
l,1
mercantile,1
economics,1
odds,1
mote,1
engaging,1
outspoken,1
two,1
citizenry,1
experience,1
simply,1
hoped,1
devout,1
renunciation,1
ever,1
round,1
consistent,1
prominence,1
cast,1
extremism,1
encouragement,1
pains,1
t,1
robert,1
avoided,1
calvinist,1
considers,1
leninist,1
linkage,1
evolving,1
defines,1
elaborate,1
transcendentalism,1
wrong,1
inheritors,1
writing,1
narrowly,1
always,1
resolution,1
convincing,1
gain,1
harangue,1
rhett,1
exploitation,1
command,1
skill,1
interests,1
established,1
odd,1
pious,1
attacks,1
researched,1
essays,1
exception,1
originally,1
believed,1
helped,1
learned,1
frederick,1
give,1
evidence,1
exhibited,1
opinion,1
grips,1
suggested,1
again,1
others,1
ran,1
renewed,1
hiram,1
pointed,1
hope,1
capitalists,1
similarly,1
promotion,1
identified,1
immiseration,1
women,1
constructive,1
undeniably,1
control,1
each,1
sure,1
harsh,1
fewer,1
misanthropic,1
cadres,1
swaggering,1
paper,1
troubling,1
standards,1
result,1
words,1
advance,1
provocateurs,1
share,1
georgia,1
fact,1
entrepreneurs,1
whom,1
idea,1
slave,1
valid,1
path,1
barnwell,1
europe,1
alienation,1
admits,1
diverse,1
explores,1
lives,1
contingencies,1
fortunes,1
unprepared,1
nathaniel,1
accompanied,1
demise,1
predictably,1
expense,1
preaching,1
studied,1
called,1
reasons,1
every,1
momentum,1
manipulated,1
typical,1
surprisingly,1
right,1
sundry,1
attack,1
sneak,1
july,1
impressionistic,1
some,1
inquiry,1
baton,1
effort,1
ideological,1
come,1
fruits,1
fatal,1
ujniversity,1
biographies,1
perhaps,1
injunction,1
quotidian,1
moderns,1
clearly,1
new,1
peculiarly,1
theologian,1
economically,1
concludes,1
emphatic,1
secessionists,1
wore,1
uncovered,1
longstanding,1
appreciative,1
remain,1
distrust,1
brilliance,1
contends,1
drawn,1
products,1
blocked,1
beverley,1
deemed,1
considerable,1
distinctive,1
travail,1
there,1
protect,1
shock,1
stewardship,1
serious,1
converts,1
aristocrats,1
representative,1
simple,1
works,1
living,1
markets,1
lent,1
masters,1
besieged,1
m,1
advances,1
tangible,1
singular,1
state,1
fits,1
redefined,1
dependence,1
none,1
consciously,1
pure,1
do,1
universal,1
henry,1
equally,1
fame,1
those,1
tendencies,1
ground,1
knows,1
remarkable,1
traits,1
though,1
gentrified,1
according,1
department,1
focused,1
wage,1
ambiguous,1
where,1
promoters,1
sentimental,1
job,1
ambitions,1
behind,1
johns,1
notable,1
developing,1
viable,1
rethinking,1
traces,1
defining,1
everlasting,1
form,1
vagaries,1
understood,1
cannot,1
british,1
cadre,1
rising,1
fall,1
case,1
reminds,1
constitutional,1
fortune,1
energy,1
wealth,1
erudition,1
civilized,1
focusing,1
deep,1
attitudes,1
assortment,1
counterrevolutionary,1
statement,1
specimen,1
exclusivity,1
malthusian,1
fireeaters,1
laboring,1
glossed,1
guarantee,1
ruin,1
vigorously,1
symbiotic,1
trade,1
light,1
owe,1
exceeds,1
enough,1
leaving,1
problem,1
albeit,1
enslavement,1
hegemony,1
christians,1
persuade,1
repetitive,1
hopkins,1
primary,1
sought,1
abolitionism,1
brilliant,1
laudable,1
thoroughly,1
rejected,1
secure,1
stance,1
cloth,1
remove,1
charleston,1
protectors,1
minded,1
property,1
almost,1
application,1
fundamentally,1
development,1
felt,1
deaf,1
menacing,1
private,1
wastrels,1
understanding,1
flair,1
reveals,1
revealed,1
comfortably,1
extended,1
vast,1
passionate,1
northerners,1
grandsons,1
shared,1
strain,1
jacksonian,1
drive,1
criford,1
intent,1
crudely,1
justice,1
endorsed,1
background,1
powers,1
stern,1
abundantly,1
made,1
disunion,1
abstemious,1
tent,1
qualifications,1
presented,1
searing,1
circumstances,1
contours,1
wing,1
classes,1
mastery,1
gradual,1
significantly,1
protected,1
decisive,1
arose,1
desperate,1
ideologically,1
example,1
strongly,1
inevitability,1
nation,1
popularity,1
african,1
marketplace,1
medium,1
bourgeois,1
die,1
message,1
minority,1
transition,1
technical,1
respectable,1
great,1
step,1
cash,1
got,1
northern,1
entirely,1
skeptical,1
exceeded,1
vainly,1
fixation,1
vassalage,1
cultivated,1
willingness,1
maneuvered,1
laurence,1
problems,1
persuaded,1
emphasize,1
richly,1
anachronism,1
manors,1
grapple,1
diversity,1
rebels,1
ministering,1
calculating,1
band,1
realized,1
polls,1
ideas,1
coauthored,1
aims,1
definitions,1
expertise,1
falling,1
repeatedly,1
complained,1
human,1
avowedly,1
evolution,1
neglect,1
theme,1
winter,1
insulated,1
emancipation,1
individuals,1
centralized,1
antique,1
pagan,1
justification,1
option,1
showmanship,1
married,1
precapitalist,1
issues,1
reinforcing,1
improvements,1
dismissed,1
formation,1
believes,1
clinging,1
compact,1
impoverishing,1
rouge,1
lord,1
mearing,1
showing,1
pattern,1
component,1
mischief,1
meddling,1
difference,1
reaction,1
exports,1
tique,1
enormously,1
toga,1
bent,1
since,1
biblical,1
loosely,1
markedly,1
else,1
obsessive,1
approach,1
nearly,1
grew,1
hierarchy,1
same,1
scathing,1
strikingly,1
seigneurialism,1
flawed,1
points,1
accept,1
coauthoring,1
sustain,1
aware,1
mode,1
aided,1
divine,1
interest,1
lectures,1
atop,1
characteristic,1
tone,1
sat,1
dangerous,1
unyielding,1
defensive,1
predicament,1
correct,1
statesman,1
proper,1
degradation,1
field,1
socially,1
decidedly,1
below,1
period,1
spread,1
prodigious,1
responsibility,1
downplayed,1
balanced,1
insisted,1
restore,1
him,1
forefathers,1
actually,1
rooted,1
states,1
admire,1
fanatical,1
authoritarianism,1
reviezws,1
senator,1
dence,1
centrality,1
snake,1
stages,1
learning,1
forced,1
guided,1
probable,1
households,1
elders,1
keen,1
eye,1
discourse,1
last,1
rank,1
resting,1
proletarian,1
nor,1
shift,1
agitation,1
transformation,1
small,1
why,1
odyssey,1
opposition,1
times,1
margin,1
gloried,1
burgeoning,1
turned,1
morally,1
devotees,1
depend,1
unappreciated,1
arrayed,1
decent,1
few,1
profound,1
cogent,1
somehow,1
subjects,1
article,1
plea,1
bloody,1
edmund,1
revealing,1
eyes,1
columbia,1
posture,1
corruption,1
civic,1
tragic,1
emphasized,1
c,1
constructed,1
marxist,1
justify,1
wellordered,1
disarm,1
ideal,1
likeford,1
impoverishment,1
irrelevant,1
impulse,1
adams,1
dogged,1
create,1
enthusiastically,1
couple,1
visible,1
richness,1
artisans,1
recommending,1
capitalism,1
intended,1
guaranteed,1
statue,1
wild,1
refrained,1
dependent,1
daring,1
astonishing,1
louis,1
reasoned,1
focus,1
allegiance,1
reluctant,1
save,1
tentatively,1
strong,1
apparently,1
citizen,1
comparable,1
propertyless,1
tendency,1
deeply,1
industrialization,1
risked,1
engagement,1
stone,1
laborers,1
leadership,1
planterheaded,1
popularizers,1
virtue,1
avoid,1
louisiana,1
conceded,1
displaced,1
generation,1
weakness,1
talent,1
reflections,1
nuanced,1
handful,1
himself,1
echoing,1
race,1
october,1
choice,1
businessmen,1
unfortunate,1
sincere,1
championed,1
stewards,1
knowledge,1
casts,1
truly,1
antibourgeois,1
acerbic,1
republicans,1
sources,1
thorough,1
