WORDCOUNTS,WEIGHT
the,156
of,108
and,89
in,74
to,53
radium,40
a,39
that,32
for,24
clark,23
s,20
is,19
was,18
their,17
with,16
by,16
knowledge,16
health,16
girls,15
industrial,15
dialpainters,15
not,12
work,11
workers,11
it,10
american,10
as,10
most,10
safety,10
an,10
at,9
from,9
new,9
league,9
history,8
dialpainting,8
had,8
does,7
they,7
compensation,7
p,7
its,7
hygiene,7
were,7
david,7
on,7
without,6
about,6
or,6
women,6
graebner,6
what,6
her,6
have,6
industry,6
when,6
power,5
she,5
might,5
who,5
jersey,5
business,5
control,5
could,5
reform,5
state,5
them,5
companies,5
hamilton,5
public,5
account,5
consumers,5
labor,5
dying,5
argues,5
medical,5
poisoning,5
study,5
be,5
gerald,4
science,4
been,4
corporate,4
over,4
one,4
university,4
workplace,4
but,4
first,4
lead,4
book,4
ozonoff,4
william,4
reviews,4
used,4
markowitz,4
disease,4
during,4
own,4
september,4
america,4
rosner,4
national,4
story,4
sort,3
dangers,3
movement,3
decade,3
aldrich,3
no,3
too,3
two,3
department,3
social,3
also,3
ottawa,3
conference,3
indeed,3
understood,3
case,3
boys,3
lippointing,3
perhaps,3
has,3
victims,3
some,3
politics,3
drinker,3
press,3
became,3
use,3
which,3
hazards,3
dangerous,3
nugent,3
so,3
after,3
although,3
systems,3
research,3
would,3
much,3
major,3
whose,2
elimination,2
way,2
scientific,2
later,2
crucial,2
synthesis,2
how,2
lost,2
team,2
began,2
notably,2
connecticut,2
sponsored,2
paint,2
derived,2
employees,2
happened,2
yet,2
liability,2
physicians,2
before,2
fearful,2
different,2
montgomery,2
accounts,2
being,2
more,2
important,2
decades,2
appear,2
all,2
historiography,2
best,2
company,2
happening,2
illnesses,2
did,2
declined,2
medicine,2
out,2
able,2
government,2
waterbury,2
last,2
better,2
those,2
occupation,2
political,2
see,2
system,2
suffered,2
issue,2
otherwise,2
published,2
however,2
angela,2
his,2
problem,2
u,2
because,2
thoroughly,2
years,2
another,2
private,2
these,2
made,2
doomed,2
given,2
subject,2
era,2
ignorant,2
make,2
controlled,2
engaged,2
come,2
denying,2
partisan,2
status,2
illinois,2
essay,2
finally,2
large,2
professional,2
offer,2
least,2
like,2
working,2
states,2
progressive,2
nor,2
involved,2
around,2
neutral,2
mark,2
except,2
even,2
asbestos,2
critique,2
explains,2
responsibility,2
corporatism,2
agencies,2
claudia,2
avoid,2
industries,1
tragically,1
uncooperative,1
deception,1
sham,1
carried,1
lesser,1
decaying,1
entities,1
depth,1
margins,1
opposed,1
foot,1
competition,1
he,1
possessed,1
currently,1
dial,1
anticipates,1
avoids,1
touted,1
aid,1
brightest,1
safer,1
deny,1
essential,1
variety,1
various,1
heroes,1
continued,1
rather,1
mixture,1
employ,1
generated,1
economic,1
abolished,1
fingernails,1
wrote,1
developed,1
interpretation,1
activists,1
service,1
facade,1
program,1
purposes,1
alliance,1
headlines,1
hill,1
reasonable,1
limited,1
deaths,1
episodes,1
profitability,1
playing,1
college,1
framing,1
neutrality,1
intriguing,1
institutions,1
process,1
statutes,1
reorganization,1
cared,1
active,1
community,1
still,1
says,1
intervention,1
rigid,1
legal,1
contribution,1
connect,1
properties,1
similar,1
humanity,1
republicanism,1
opts,1
hazardous,1
anxious,1
pressured,1
parts,1
achievements,1
factories,1
ix,1
syphilis,1
life,1
why,1
studies,1
special,1
structural,1
disfigurement,1
agency,1
effective,1
expectations,1
label,1
advised,1
united,1
consequences,1
dead,1
usefully,1
edited,1
troublesome,1
ostensibly,1
selling,1
shy,1
saturated,1
exists,1
means,1
rising,1
opportunities,1
recalled,1
solutions,1
union,1
makes,1
pp,1
read,1
struggle,1
association,1
interpretive,1
investigate,1
eyelids,1
vigor,1
hotly,1
latter,1
devotes,1
bureau,1
cause,1
god,1
winning,1
orange,1
protection,1
us,1
organization,1
teens,1
index,1
school,1
seems,1
management,1
into,1
duplicitous,1
seriously,1
latest,1
small,1
question,1
experiments,1
cecil,1
technology,1
assisted,1
shock,1
just,1
culture,1
following,1
same,1
air,1
convinced,1
york,1
contested,1
ed,1
source,1
weak,1
luminous,1
conjunction,1
faith,1
leaded,1
mitigated,1
experience,1
tuskegee,1
under,1
file,1
fact,1
origins,1
cast,1
powerful,1
theme,1
known,1
avoided,1
picture,1
especially,1
volume,1
claims,1
facilitators,1
trenches,1
schaub,1
misread,1
painted,1
terminology,1
here,1
plight,1
interests,1
established,1
writes,1
other,1
researched,1
ii,1
frederick,1
testify,1
taken,1
military,1
summarized,1
know,1
others,1
cut,1
attempt,1
pointed,1
available,1
trajectories,1
similarly,1
conflicts,1
obscene,1
refused,1
addition,1
added,1
many,1
experimentation,1
scientists,1
environment,1
cancer,1
authority,1
release,1
paper,1
standards,1
efforts,1
only,1
my,1
containing,1
novel,1
came,1
contained,1
idea,1
flinn,1
cancers,1
wristwatches,1
complaints,1
conduct,1
leading,1
katherine,1
appearance,1
tandem,1
conservative,1
any,1
great,1
conditions,1
appeared,1
strength,1
presence,1
uninstructed,1
regulation,1
treatments,1
timing,1
lacks,1
fully,1
tetraethyl,1
time,1
confront,1
particularly,1
studied,1
dialpainter,1
unholy,1
obviously,1
gift,1
infected,1
events,1
launched,1
end,1
carolina,1
dispassionate,1
products,1
take,1
making,1
away,1
farmer,1
captured,1
arguably,1
tumors,1
help,1
past,1
placing,1
prospects,1
achieved,1
employee,1
compromised,1
malignant,1
living,1
chair,1
legislation,1
never,1
disseminate,1
failed,1
truth,1
justify,1
consciously,1
consulting,1
warnings,1
cultural,1
according,1
third,1
successes,1
committed,1
war,1
johns,1
confused,1
equitable,1
indirect,1
circles,1
context,1
armed,1
tragedy,1
recently,1
contracted,1
akin,1
stance,1
concealed,1
disseminated,1
appearing,1
occasional,1
practice,1
controversy,1
watches,1
existence,1
attitudes,1
year,1
badly,1
explain,1
alice,1
burdened,1
immoral,1
breast,1
wrested,1
hopkins,1
while,1
bones,1
possibility,1
foregrounds,1
remarkably,1
engagements,1
day,1
dusty,1
norman,1
floats,1
degree,1
cloth,1
well,1
both,1
produce,1
notion,1
dynamics,1
having,1
demands,1
fundamentally,1
emphasis,1
determined,1
compelling,1
hundreds,1
closed,1
meaningful,1
activity,1
sordid,1
fad,1
stonewalling,1
counterweight,1
intense,1
survive,1
invested,1
facial,1
thugs,1
bodies,1
bibliography,1
little,1
level,1
deceit,1
class,1
culpability,1
consumed,1
concept,1
whatever,1
prominent,1
ill,1
brought,1
prerogative,1
epidemiological,1
handmaiden,1
fared,1
including,1
drew,1
swamping,1
despite,1
owners,1
original,1
related,1
role,1
frosting,1
decorate,1
alienating,1
unrealistic,1
enter,1
data,1
die,1
financed,1
description,1
writing,1
unredeemably,1
entirely,1
dozens,1
significant,1
measure,1
genuine,1
physiologist,1
tale,1
contribute,1
largely,1
obtain,1
discussions,1
twenties,1
collection,1
place,1
arguments,1
policies,1
pursuing,1
rockwell,1
approach,1
issues,1
contains,1
world,1
funded,1
harvard,1
representation,1
denied,1
books,1
human,1
central,1
services,1
historical,1
frances,1
throughout,1
false,1
ronald,1
eventually,1
fredonia,1
importantly,1
employed,1
bayer,1
historiographic,1
federalism,1
until,1
author,1
outrageous,1
victimized,1
argument,1
touch,1
won,1
such,1
objective,1
low,1
difference,1
depression,1
reveals,1
this,1
quotation,1
backgrounds,1
there,1
resembling,1
muscle,1
tolerance,1
ailments,1
comprehensive,1
profession,1
grant,1
monetary,1
soldiers,1
told,1
faces,1
studios,1
crisis,1
evening,1
held,1
moment,1
officials,1
instead,1
brush,1
successful,1
dense,1
anger,1
product,1
him,1
oligopoly,1
thoughtful,1
overly,1
mass,1
hired,1
unwilling,1
piece,1
forced,1
administrative,1
order,1
off,1
accurate,1
voluntary,1
managerial,1
cases,1
claim,1
emerging,1
disasters,1
speculative,1
blame,1
behest,1
spent,1
worst,1
slapped,1
doubtless,1
several,1
needs,1
profitably,1
conclusions,1
observation,1
endeavors,1
specialty,1
highly,1
between,1
methods,1
columbia,1
bathos,1
gasoline,1
facility,1
responsible,1
young,1
compromise,1
become,1
protect,1
portions,1
left,1
exactly,1
deluge,1
engineering,1
clock,1
awful,1
forms,1
chapel,1
employers,1
define,1
can,1
find,1
profit,1
died,1
corners,1
electric,1
early,1
up,1
substantial,1
tabloids,1
mediators,1
begs,1
journal,1
focus,1
using,1
dispensing,1
among,1
we,1
than,1
arrogant,1
deeply,1
north,1
notes,1
nothing,1
breathed,1
building,1
cooperative,1
doing,1
panic,1
acted,1
overthrew,1
passive,1
roles,1
moved,1
actress,1
rates,1
recompense,1
gleaned,1
widely,1
corporatist,1
cake,1
grants,1
spare,1
