WORDCOUNTS,WEIGHT
the,161
of,100
and,95
to,62
in,51
a,48
spann,35
that,26
s,25
as,23
hopedale,22
social,20
for,20
p,18
ballou,15
such,15
cooperative,15
society,15
by,13
new,13
class,12
middle,12
they,11
more,11
an,11
on,11
american,10
is,10
not,10
from,10
radical,9
brotherly,9
he,8
draper,8
economic,8
practical,8
community,8
with,8
america,8
century,8
at,7
town,7
movements,7
their,7
often,7
tomorrows,7
was,7
nineteenth,7
these,7
are,7
cooperation,7
example,7
during,7
this,7
have,7
between,7
early,7
bellamy,6
george,6
his,6
edward,6
but,6
first,6
efforts,6
did,6
according,6
however,6
experiment,6
harmony,6
were,6
be,6
farm,5
it,5
communities,5
religious,5
modern,5
spirit,5
or,5
into,5
embraced,5
had,5
other,5
adler,5
books,5
dream,5
christianity,5
its,5
which,5
idealism,5
author,5
sense,5
individualism,5
attempted,5
world,5
interesting,4
destroy,4
university,4
history,4
too,4
turning,4
company,4
leaders,4
crusades,4
particularly,4
produced,4
material,4
some,4
ideal,4
urban,4
enormous,4
plenty,4
force,4
horn,4
idealists,4
argument,4
machine,4
finally,4
would,4
brook,4
capitalism,4
than,4
model,3
declension,3
commune,3
vision,3
commitment,3
thinkers,3
k,3
familiar,3
property,3
culture,3
antebellum,3
themes,3
most,3
two,3
love,3
sources,3
view,3
control,3
all,3
experiments,3
based,3
could,3
followers,3
brotherhood,3
men,3
ripley,3
robert,3
supporters,3
though,3
war,3
heaven,3
reviews,3
argues,3
balance,3
literature,3
success,3
residents,3
press,3
impulses,3
conflict,3
sparked,3
debs,3
industrialization,3
crises,3
moral,3
fourierism,3
responses,3
individual,3
although,3
like,3
late,3
members,3
when,3
even,3
competitive,3
perfect,2
book,2
second,2
forces,2
later,2
links,2
struggled,2
prevailing,2
transformed,2
ties,2
flexible,2
debsian,2
christian,2
analysis,2
ways,2
adin,2
bonds,2
pp,2
better,2
continuity,2
detail,2
thesis,2
established,2
presents,2
unlike,2
eschewed,2
before,2
welfare,2
age,2
demonstrate,2
brisbane,2
powerful,2
volume,2
obstacles,2
consequence,2
tomorrow,2
relies,2
index,2
jeffrey,2
bred,2
factory,2
important,2
again,2
natural,2
over,2
nonresistance,2
harmonious,2
asserts,2
financial,2
communal,2
december,2
scholars,2
persuasive,2
broadly,2
search,2
reform,2
rich,2
concludes,2
owen,2
fogarty,2
proved,2
industrialist,2
urbanization,2
outside,2
henry,2
those,2
cultural,2
scholarly,2
where,2
behind,2
them,2
system,2
weakening,2
historians,2
sought,2
communitarian,2
improve,2
failure,2
gained,2
private,2
bibliography,2
explains,2
civil,2
depended,2
became,2
entirely,2
conventional,2
progress,2
goals,2
thus,2
sees,2
newspaper,2
considerable,2
until,2
utopian,2
clear,2
twentieth,2
workers,2
instead,2
times,2
divisions,2
things,2
thoughtful,2
narratives,2
effects,2
socialism,2
extremely,2
nor,2
family,2
perspective,2
observation,2
problems,2
massachusetts,2
create,2
through,2
also,2
little,2
ownership,2
much,2
notes,2
attention,2
uncritical,2
final,1
revivalism,1
incentives,1
does,1
surging,1
industrialism,1
bedrock,1
movementsfor,1
led,1
currently,1
recognized,1
americans,1
arrangement,1
york,1
belonged,1
oriented,1
no,1
practices,1
various,1
common,1
way,1
rather,1
assert,1
bring,1
develops,1
principally,1
been,1
outsiders,1
imagery,1
service,1
located,1
rightly,1
enables,1
site,1
aggressive,1
furthermore,1
alienation,1
limited,1
demonstrates,1
basic,1
proves,1
schemes,1
communally,1
extreme,1
violence,1
brief,1
nearly,1
doctrine,1
institutions,1
calculation,1
therefore,1
instincts,1
poor,1
who,1
lost,1
ills,1
attempt,1
tive,1
suffer,1
opportunity,1
waned,1
reworked,1
began,1
coinmunity,1
dogmatic,1
comments,1
contribution,1
connect,1
whether,1
trash,1
similar,1
terrain,1
solutions,1
group,1
movement,1
adjusting,1
center,1
complex,1
one,1
achievements,1
experimenters,1
innovation,1
life,1
settled,1
acquisitive,1
use,1
identify,1
continually,1
worked,1
xv,1
disciples,1
space,1
dead,1
moreover,1
moves,1
withered,1
rewards,1
support,1
centuries,1
months,1
swept,1
recounts,1
arrangements,1
lloyd,1
suited,1
worlds,1
changes,1
marginal,1
eugene,1
grounded,1
pressures,1
park,1
alienate,1
monumental,1
operated,1
england,1
earliest,1
technology,1
devotes,1
columbus,1
considered,1
tied,1
matters,1
needless,1
flexibility,1
undertaken,1
neither,1
perceived,1
included,1
inequality,1
home,1
workplace,1
sketches,1
eventually,1
faded,1
perceptive,1
associated,1
sum,1
believed,1
harness,1
former,1
hatred,1
gradually,1
comes,1
series,1
unproven,1
flared,1
weak,1
lament,1
pragmatism,1
frequently,1
definition,1
without,1
industrial,1
downturns,1
women,1
provocative,1
prosperous,1
different,1
forge,1
framework,1
ever,1
incomplete,1
textile,1
rise,1
theme,1
gap,1
either,1
independent,1
efficient,1
constructed,1
transcendentalism,1
modest,1
nostalgic,1
provide,1
rhode,1
leader,1
convincing,1
gain,1
blended,1
acumen,1
posed,1
utopia,1
organizational,1
production,1
drew,1
if,1
set,1
fundraising,1
power,1
wane,1
strike,1
quickly,1
faced,1
providing,1
decades,1
rapid,1
generated,1
similarly,1
intellectual,1
commanded,1
towns,1
depersonalizing,1
tendencies,1
experienced,1
dreams,1
many,1
greater,1
official,1
missing,1
maintains,1
analytical,1
tradition,1
disintegrating,1
only,1
closely,1
advance,1
came,1
whom,1
stories,1
seem,1
affordable,1
deterioration,1
fringes,1
pragmatic,1
explores,1
secondary,1
daily,1
found,1
expense,1
begun,1
temper,1
reasons,1
surprisingly,1
treatments,1
effort,1
collectively,1
dilapidated,1
lived,1
assessments,1
ideology,1
changed,1
communistic,1
cure,1
millenarian,1
personal,1
demonstrating,1
composition,1
launched,1
end,1
state,1
cohesion,1
entrepreneurial,1
noting,1
primary,1
build,1
historical,1
nationalism,1
workable,1
i,1
happiness,1
there,1
chaotic,1
interpretations,1
achieved,1
made,1
removal,1
disruptive,1
middleclass,1
improved,1
merely,1
places,1
may,1
englanders,1
beginning,1
remarkable,1
born,1
political,1
covered,1
effective,1
humankind,1
reading,1
secular,1
johns,1
orderly,1
celebration,1
combined,1
context,1
coercion,1
fulfilling,1
terms,1
nationalist,1
celebrated,1
form,1
underscores,1
see,1
mostly,1
making,1
accounts,1
holder,1
purchased,1
particular,1
can,1
occasional,1
covers,1
sophisticated,1
xiv,1
spiritual,1
protective,1
florida,1
capitalist,1
refocused,1
assertions,1
culled,1
triumph,1
draws,1
odds,1
hopkins,1
near,1
encouraging,1
corrupt,1
free,1
unraveled,1
encountered,1
remarkably,1
reactionaries,1
because,1
panics,1
pursued,1
prescriptions,1
well,1
larger,1
tack,1
generally,1
emphasizing,1
unequal,1
obligations,1
breakdown,1
felt,1
suggests,1
possible,1
bond,1
machinery,1
xiii,1
visions,1
received,1
benefited,1
responding,1
closer,1
writers,1
nationalizing,1
presentsa,1
offering,1
undercutting,1
milford,1
restrained,1
west,1
altered,1
peace,1
story,1
exercising,1
conceptual,1
ohio,1
including,1
demarest,1
owenism,1
increase,1
relate,1
vexing,1
department,1
rampant,1
correlation,1
die,1
collectivism,1
tried,1
assumptions,1
forged,1
rejectthe,1
loss,1
year,1
v,1
trumbull,1
island,1
largely,1
persisted,1
collection,1
place,1
yankee,1
make,1
assume,1
facets,1
contains,1
postbellum,1
maintained,1
isolated,1
garbage,1
labor,1
increasingly,1
closes,1
participated,1
coming,1
central,1
revivals,1
individuals,1
merit,1
phalanx,1
housing,1
reinforced,1
seek,1
afflicted,1
produce,1
obliterate,1
widened,1
employed,1
eras,1
merchants,1
models,1
patents,1
survival,1
modernization,1
insurmountable,1
difficulties,1
rejected,1
interpreted,1
status,1
restrictions,1
righteousness,1
own,1
currents,1
sensibilities,1
three,1
atomizing,1
directed,1
web,1
shortcomings,1
institutional,1
triumphed,1
earth,1
sustain,1
becoming,1
change,1
manufactories,1
ended,1
brother,1
least,1
viable,1
started,1
useful,1
broader,1
reformers,1
opinions,1
occasionally,1
unconventional,1
topic,1
schools,1
linking,1
politically,1
order,1
earlier,1
unity,1
emphasizes,1
standard,1
emerging,1
involved,1
repeatedly,1
sapped,1
imagination,1
favored,1
dissent,1
offered,1
workshops,1
driving,1
internal,1
study,1
removing,1
columbia,1
arise,1
six,1
outrun,1
themselves,1
detracts,1
fourier,1
convey,1
decline,1
c,1
consisted,1
third,1
declares,1
individualistic,1
era,1
activities,1
valuable,1
died,1
undertaking,1
drawn,1
consumption,1
entire,1
persuaded,1
crumbling,1
productivity,1
traditional,1
northern,1
focus,1
proper,1
businessman,1
visionaries,1
saw,1
technological,1
offers,1
panic,1
categorical,1
prevail,1
consumerism,1
so,1
redirected,1
founder,1
building,1
provided,1
communalism,1
proponent,1
influence,1
close,1
gates,1
division,1
visitors,1
fiber,1
examines,1
seemed,1
