WORDCOUNTS,WEIGHT
the,180
of,103
and,70
in,60
to,47
a,38
johnson,26
peace,26
that,24
as,21
progressives,21
on,20
s,19
for,18
foreign,17
their,17
american,17
is,17
policy,16
about,15
senators,15
his,14
with,14
more,13
book,13
these,12
p,12
not,11
such,11
he,10
they,10
senate,10
have,10
an,9
at,8
group,8
has,8
during,8
than,8
it,7
was,7
or,7
from,7
but,7
tariff,7
roosevelt,7
its,7
issues,7
states,7
when,7
world,7
e,6
who,6
historical,6
robert,6
senatorial,6
which,6
be,6
among,6
united,5
university,5
history,5
by,5
other,5
borah,5
theodore,5
however,5
through,5
positions,5
profession,5
would,5
william,5
will,4
does,4
done,4
rather,4
diplomatic,4
treaty,4
many,4
legislative,4
published,4
sources,4
are,4
did,4
current,4
them,4
great,4
some,4
howard,4
work,4
congress,4
helpless,4
this,4
relations,4
controversies,4
progressive,4
body,4
gould,4
morison,4
if,3
l,3
economic,3
aimed,3
taft,3
make,3
one,3
decisions,3
then,3
m,3
over,3
had,3
pressure,3
narrative,3
government,3
there,3
what,3
reviews,3
british,3
lawmakers,3
debate,3
historians,3
elting,3
insight,3
richard,3
press,3
end,3
were,3
david,3
field,3
specialists,3
even,3
baseball,3
complaint,2
actors,2
within,2
been,2
lynn,2
constituents,2
how,2
bloc,2
federation,2
comments,2
wilson,2
frazier,2
yet,2
instances,2
pp,2
interpretive,2
modern,2
joseph,2
lyndon,2
under,2
idaho,2
originality,2
any,2
asia,2
proposed,2
blaine,2
result,2
ever,2
harvard,2
long,2
lewis,2
answers,2
alternative,2
ii,2
power,2
important,2
each,2
all,2
advanced,2
complete,2
nature,2
scholars,2
key,2
europe,2
tradition,2
canada,2
could,2
documents,2
britain,2
international,2
john,2
court,2
cohesion,2
audience,2
products,2
monographs,2
seriousness,2
political,2
war,2
recently,2
degree,2
issue,2
duties,2
energy,2
record,2
eds,2
part,2
problem,2
public,2
primary,2
president,2
possible,2
made,2
commissioner,2
arose,2
role,2
administration,2
force,2
exchange,2
engaged,2
midwestern,2
internal,2
argument,2
reaction,2
moral,2
september,2
frame,2
write,2
agreement,2
ability,2
canadian,2
period,2
so,2
senator,2
involved,2
several,2
mitchell,2
coolidge,2
specific,2
state,2
subjects,2
parochial,2
era,2
up,2
brookhart,2
little,2
notes,2
activities,2
whether,2
nations,1
may,1
wilsonianism,1
seems,1
higher,1
enough,1
cohesiveness,1
battle,1
indication,1
margins,1
republican,1
relying,1
interesting,1
asserted,1
second,1
arrangement,1
carelessness,1
struggle,1
spoke,1
owes,1
names,1
silver,1
floor,1
absence,1
reiterates,1
various,1
european,1
common,1
operations,1
implemented,1
journey,1
george,1
statements,1
crucial,1
usually,1
destroy,1
groups,1
across,1
vision,1
morrison,1
scholar,1
ideology,1
cranky,1
created,1
debated,1
ia,1
dictators,1
soviets,1
both,1
winds,1
affairs,1
peaceful,1
select,1
iowa,1
inside,1
lines,1
forward,1
fewer,1
schemes,1
concerns,1
worthy,1
presses,1
responded,1
slow,1
red,1
referred,1
concern,1
active,1
bronson,1
analyzes,1
judgment,1
imperialism,1
contribution,1
thinkers,1
indicates,1
passing,1
sympathetic,1
publisher,1
reverted,1
triggering,1
certain,1
movement,1
contend,1
unity,1
countries,1
dissenting,1
drawback,1
pertinence,1
why,1
study,1
often,1
reservationists,1
illustrations,1
echoed,1
gilbert,1
existed,1
practicing,1
contributing,1
likely,1
rested,1
periodic,1
library,1
respect,1
pencil,1
edited,1
enforced,1
federal,1
interpretation,1
support,1
thought,1
outlining,1
criticizes,1
references,1
examined,1
fortunate,1
category,1
jonathan,1
makes,1
lafollette,1
marginal,1
case,1
albert,1
resemble,1
investigate,1
rigorous,1
hides,1
regularly,1
wanted,1
former,1
consider,1
irresponsibility,1
isolationism,1
position,1
ranchers,1
western,1
thesis,1
index,1
character,1
allies,1
into,1
neglected,1
antiimperialism,1
falls,1
fifteen,1
stretches,1
latin,1
takes,1
instance,1
blocked,1
terms,1
driven,1
historian,1
uses,1
n,1
standards,1
impact,1
promotion,1
colony,1
house,1
no,1
sales,1
too,1
w,1
upper,1
biography,1
accordingly,1
circumstances,1
themes,1
enabling,1
two,1
department,1
cutting,1
extensive,1
democratic,1
rising,1
moments,1
prima,1
first,1
consistent,1
donnas,1
termed,1
december,1
only,1
praises,1
stripping,1
ideas,1
functioned,1
either,1
reciprocity,1
efficient,1
volume,1
provide,1
votes,1
leader,1
also,1
amount,1
letters,1
assail,1
command,1
interests,1
law,1
odd,1
evidence,1
meddle,1
opinion,1
strategy,1
know,1
evaporated,1
vols,1
decades,1
deserves,1
editing,1
put,1
intellectual,1
promoting,1
impracticality,1
emerged,1
lowering,1
hoover,1
country,1
england,1
qualified,1
j,1
commentary,1
quarrels,1
deluges,1
herbert,1
arbitration,1
parties,1
organized,1
came,1
attribute,1
beveridge,1
lack,1
diminishing,1
shaped,1
consideration,1
seem,1
asserts,1
disproportionate,1
text,1
twenty,1
areas,1
occurrence,1
down,1
et,1
striking,1
minnesota,1
entered,1
speeches,1
called,1
versailles,1
explanatory,1
reform,1
regulation,1
viii,1
reasoning,1
mustard,1
informing,1
deal,1
examinations,1
clearly,1
substantive,1
personal,1
concludes,1
events,1
far,1
debates,1
reflected,1
identical,1
follette,1
majesty,1
find,1
past,1
protect,1
struggles,1
lodge,1
serious,1
audiences,1
rebuke,1
respects,1
assessment,1
acquiring,1
better,1
henrik,1
consist,1
catalogue,1
portions,1
can,1
do,1
learn,1
those,1
bristow,1
decreased,1
manner,1
reading,1
something,1
johns,1
deferential,1
stinging,1
existing,1
concedes,1
papers,1
interwar,1
ad,1
form,1
list,1
ones,1
strategies,1
applied,1
admires,1
dakin,1
particular,1
well,1
russell,1
caucused,1
ed,1
disarmament,1
add,1
wartime,1
existence,1
effort,1
protective,1
time,1
minnows,1
series,1
controversy,1
industrious,1
assemblage,1
threats,1
her,1
hopkins,1
while,1
going,1
al,1
u,1
america,1
impression,1
discuss,1
because,1
march,1
unusual,1
constitutional,1
shape,1
balance,1
another,1
friendships,1
original,1
demonstrated,1
episode,1
meetings,1
politics,1
correctly,1
esme,1
seed,1
whales,1
literature,1
probably,1
tr,1
idealistic,1
coherent,1
douglas,1
medlicott,1
derived,1
strengths,1
league,1
powers,1
paynealdrich,1
temperamental,1
bibliography,1
represented,1
fine,1
reader,1
recognition,1
west,1
brought,1
story,1
regards,1
preferable,1
despite,1
owners,1
example,1
utmost,1
knowledge,1
calls,1
lowitt,1
along,1
solo,1
supreme,1
blum,1
subject,1
criticized,1
extended,1
lambert,1
bucklin,1
tracing,1
unfair,1
fite,1
place,1
adding,1
pursuing,1
much,1
encounters,1
framework,1
isolated,1
concentrate,1
ethnic,1
central,1
hoc,1
real,1
debt,1
remarks,1
continue,1
our,1
examination,1
prepared,1
amendment,1
throughout,1
come,1
fantastic,1
bishop,1
energies,1
focuses,1
legal,1
previous,1
option,1
shipstead,1
legislation,1
students,1
endorsed,1
until,1
models,1
undercuts,1
seminars,1
manage,1
dakota,1
difficulties,1
years,1
manageable,1
significance,1
cambridge,1
impunity,1
dallek,1
advent,1
attributed,1
graduate,1
tables,1
approach,1
pronouncements,1
personalities,1
author,1
citing,1
prices,1
damage,1
mastered,1
expended,1
good,1
oleomargarine,1
wish,1
regarded,1
course,1
general,1
individual,1
blend,1
sense,1
club,1
realism,1
smith,1
recitations,1
need,1
jr,1
austen,1
talked,1
century,1
mild,1
france,1
linking,1
dry,1
qualifying,1
clues,1
kind,1
order,1
contrast,1
forming,1
cabot,1
dolliver,1
presenting,1
elements,1
developments,1
least,1
latter,1
divisive,1
reporter,1
illuminates,1
underlying,1
approved,1
want,1
places,1
times,1
chamberlain,1
refer,1
offered,1
cogent,1
back,1
promote,1
dutifully,1
between,1
mining,1
assumed,1
governments,1
chastise,1
become,1
research,1
themselves,1
presumes,1
commands,1
distinguished,1
archival,1
tactics,1
biographer,1
third,1
displayed,1
right,1
intersectional,1
reached,1
alliances,1
margulies,1
reflecting,1
maine,1
parliament,1
died,1
analysis,1
henry,1
early,1
views,1
explore,1
london,1
internationalism,1
extent,1
obscure,1
majority,1
cattle,1
posed,1
says,1
pressing,1
results,1
critique,1
citations,1
woodrow,1
belize,1
ideologically,1
deeply,1
north,1
constituent,1
looseness,1
stationery,1
leadership,1
corporatism,1
should,1
reformist,1
controversial,1
provided,1
skill,1
asked,1
doing,1
talent,1
attention,1
office,1
influence,1
la,1
rates,1
digging,1
corporatist,1
major,1
occur,1
perception,1
scholarly,1
bickering,1
wilsonian,1
honored,1
recapitulation,1
