WORDCOUNTS,WEIGHT
the,135
of,84
and,67
in,61
huntington,58
a,52
to,51
his,44
as,30
he,28
s,24
henry,22
angeles,21
that,21
los,21
was,15
business,15
is,14
not,14
uncle,14
by,13
california,13
it,12
had,12
friedricks,12
pacific,11
collis,11
at,10
southern,10
but,10
an,10
on,10
for,9
did,9
railroad,9
money,9
all,8
this,8
railway,7
be,7
american,6
one,6
library,6
with,6
death,6
p,6
what,6
made,6
have,6
such,6
nephew,6
than,6
william,6
university,5
history,5
book,5
could,5
i,5
do,5
from,5
well,5
art,5
through,5
press,5
has,5
who,5
were,5
land,5
union,5
much,5
strike,4
corporate,4
e,4
make,4
about,4
or,4
management,4
any,4
already,4
only,4
more,4
over,4
time,4
public,4
line,4
bought,4
rail,4
deverell,4
years,4
good,4
times,4
would,4
little,4
between,4
electric,4
when,4
up,4
san,3
may,3
way,3
been,3
lines,3
once,3
into,3
spent,3
our,3
largest,3
ever,3
love,3
labor,3
also,3
holdings,3
great,3
outdo,3
personal,3
man,3
there,3
state,3
reviews,3
fortune,3
books,3
city,3
dozens,3
sold,3
net,3
million,3
regional,3
century,3
affairs,3
after,3
few,3
early,3
even,3
world,3
we,3
building,3
moved,3
lary,3
role,2
various,2
letters,2
if,2
growth,2
toward,2
knew,2
collections,2
earlier,2
motive,2
transportation,2
antiunion,2
life,2
addressing,2
forced,2
support,2
addition,2
me,2
immensely,2
exchanged,2
decade,2
western,2
something,2
pullman,2
most,2
two,2
fares,2
commented,2
first,2
inheritance,2
follow,2
june,2
creation,2
sums,2
here,2
mark,2
water,2
my,2
worth,2
other,2
scholars,2
best,2
belong,2
together,2
scholar,2
might,2
out,2
deal,2
trolley,2
cities,2
historical,2
climate,2
called,2
merely,2
hand,2
those,2
political,2
complicated,2
operating,2
where,2
study,2
case,2
younger,2
boxcar,2
otherwise,2
forthcoming,2
statement,2
hopkins,2
chapter,2
huge,2
arabella,2
work,2
both,2
values,2
given,2
treasures,2
ohio,2
very,2
training,2
increase,2
african,2
its,2
year,2
literature,2
gave,2
freedom,2
largely,2
collection,2
actually,2
which,2
somewhere,2
married,2
devoted,2
stanford,2
development,2
own,2
washington,2
author,2
motives,2
manufacturers,2
legacy,2
upon,2
off,2
owned,2
transfer,2
profit,2
story,2
look,2
laborers,2
employer,2
close,2
fishy,1
model,1
recipe,1
south,1
crow,1
surroundings,1
intricate,1
communities,1
now,1
suggestion,1
amount,1
jousting,1
edison,1
noteworthy,1
likely,1
irregularities,1
power,1
york,1
belonged,1
perspectives,1
ably,1
limits,1
matter,1
no,1
without,1
act,1
card,1
opinion,1
sessions,1
within,1
destroy,1
dug,1
troubled,1
himself,1
across,1
wrote,1
ruthlessness,1
maps,1
suspected,1
aunt,1
mansion,1
reasonable,1
begin,1
wings,1
career,1
crippled,1
account,1
forward,1
findings,1
patronage,1
racial,1
red,1
staggering,1
get,1
suburbanization,1
success,1
prism,1
alone,1
whatever,1
july,1
detailed,1
goes,1
opportunity,1
dealt,1
neighborhood,1
effectively,1
opposition,1
they,1
rapidly,1
reflection,1
large,1
executive,1
studies,1
popping,1
rank,1
antagonisms,1
inspired,1
landowner,1
implementing,1
black,1
construction,1
analysis,1
white,1
advised,1
united,1
cars,1
slate,1
consequences,1
collect,1
famous,1
factors,1
live,1
nevins,1
uncritically,1
circumspect,1
federal,1
h,1
thought,1
elder,1
bonds,1
done,1
pressing,1
quadruple,1
amassing,1
makes,1
pp,1
read,1
coastline,1
eugene,1
appendixes,1
candidate,1
genius,1
incidentally,1
played,1
columbus,1
unnatural,1
inspiration,1
forget,1
conglomerate,1
policy,1
relative,1
improvement,1
sorts,1
index,1
then,1
seems,1
ledgers,1
photographs,1
afterthought,1
talents,1
crisp,1
seasoned,1
shadow,1
rarely,1
eventually,1
equations,1
liked,1
light,1
proved,1
before,1
keeping,1
believed,1
same,1
nineteenth,1
bottles,1
gradually,1
result,1
series,1
eye,1
tentative,1
coeditor,1
genre,1
helm,1
these,1
biography,1
four,1
different,1
meant,1
department,1
cutting,1
simply,1
steel,1
predicated,1
lower,1
operations,1
rise,1
powerful,1
t,1
beyond,1
widens,1
efficient,1
double,1
proposes,1
remarkable,1
long,1
outbreak,1
immense,1
organizations,1
learned,1
certainly,1
stoic,1
importing,1
surpass,1
odd,1
set,1
famed,1
progressivism,1
because,1
discouraging,1
buying,1
important,1
think,1
priceless,1
pushes,1
bloody,1
competently,1
verge,1
diego,1
decades,1
others,1
rush,1
widow,1
highest,1
backed,1
towns,1
virulent,1
added,1
many,1
financial,1
paternalism,1
moving,1
are,1
watchful,1
lush,1
came,1
company,1
possibilities,1
harriman,1
suburbs,1
principles,1
chunks,1
aftermath,1
key,1
arrival,1
believe,1
capitalist,1
passenger,1
capital,1
skills,1
automobile,1
aids,1
lieutenant,1
fortunes,1
found,1
basin,1
printed,1
desire,1
houses,1
wealthy,1
victim,1
simple,1
vision,1
inquiry,1
rich,1
lived,1
particularly,1
conspiracies,1
stretches,1
clearly,1
new,1
should,1
how,1
far,1
demise,1
end,1
amid,1
benefit,1
doubt,1
build,1
virulently,1
help,1
decipher,1
innumerable,1
booker,1
disputes,1
country,1
antiunionism,1
course,1
big,1
last,1
late,1
men,1
turned,1
hint,1
took,1
truth,1
pioneered,1
remainder,1
raised,1
prompt,1
vehement,1
helping,1
chinese,1
understood,1
exactly,1
equal,1
killed,1
covered,1
blow,1
war,1
relations,1
stock,1
johns,1
developing,1
magnificence,1
existing,1
empire,1
context,1
papers,1
them,1
allan,1
viewed,1
population,1
companies,1
doings,1
answer,1
cannot,1
making,1
council,1
partners,1
particular,1
can,1
energy,1
takes,1
windfall,1
checkerboard,1
presided,1
volatile,1
botanical,1
amassed,1
narrative,1
project,1
metropolitan,1
supporter,1
leaving,1
east,1
historians,1
albeit,1
tutored,1
capacity,1
insider,1
railways,1
free,1
merchants,1
directly,1
expenses,1
remarkably,1
engine,1
incorporate,1
absurdity,1
day,1
local,1
right,1
untangled,1
ties,1
original,1
servicing,1
another,1
thousands,1
gardens,1
almost,1
network,1
credit,1
instilled,1
emphasis,1
crushed,1
subdivision,1
apt,1
watched,1
greatest,1
urban,1
activity,1
investment,1
spending,1
extended,1
vast,1
millions,1
shared,1
limitless,1
sale,1
thorough,1
industrial,1
persistently,1
bibliography,1
coaxed,1
presented,1
directions,1
careful,1
clean,1
heart,1
bit,1
brought,1
accounting,1
say,1
explains,1
example,1
sent,1
apparent,1
dollar,1
play,1
became,1
nation,1
dispute,1
judgment,1
buy,1
ascertain,1
tried,1
astonishing,1
ten,1
unfortunately,1
transcontinental,1
merchant,1
inherited,1
bees,1
ranks,1
demonstrates,1
credentials,1
records,1
people,1
pleasure,1
anarchists,1
accorded,1
reexamines,1
angelenos,1
central,1
thereafter,1
upbuilding,1
reminisce,1
thus,1
continue,1
drive,1
webbed,1
includes,1
trust,1
debs,1
breathtaking,1
raising,1
previous,1
away,1
shown,1
until,1
railroads,1
seminars,1
difference,1
open,1
unions,1
trusted,1
discovered,1
since,1
three,1
finding,1
camps,1
financier,1
adding,1
laudatory,1
hierarchy,1
magnate,1
national,1
monopolizing,1
thrived,1
prices,1
agent,1
discovery,1
acumen,1
tough,1
stalemate,1
workers,1
held,1
running,1
least,1
crocker,1
giant,1
integrated,1
describing,1
like,1
field,1
regardless,1
rabidly,1
type,1
states,1
regular,1
trading,1
arena,1
learning,1
supposes,1
order,1
flurry,1
area,1
emphasizes,1
folding,1
damndest,1
standard,1
settlement,1
event,1
perk,1
francisco,1
association,1
old,1
around,1
toiled,1
wiping,1
maxims,1
bay,1
communists,1
several,1
leland,1
educational,1
influence,1
profits,1
offered,1
especially,1
charles,1
endeavors,1
accomplished,1
marriage,1
replace,1
trying,1
leaves,1
extraordinary,1
entrepreneurship,1
mystery,1
c,1
statements,1
left,1
villages,1
third,1
banking,1
alliance,1
witnessed,1
cook,1
employers,1
railroading,1
enterprise,1
part,1
networks,1
died,1
always,1
marino,1
scott,1
shrewdly,1
instance,1
scholarly,1
twofold,1
looked,1
successes,1
trumpeted,1
saw,1
citizen,1
whenever,1
employees,1
notes,1
multimillion,1
occasion,1
gold,1
quarter,1
delivered,1
coal,1
race,1
astoundingly,1
businessmen,1
really,1
headline,1
vocational,1
avenues,1
deeper,1
hovered,1
let,1
grants,1
associations,1
