WORDCOUNTS,WEIGHT
the,541
of,326
and,276
in,222
to,215
a,135
his,130
acheson,129
he,97
s,89
as,71
that,70
for,68
american,56
with,52
was,47
this,45
by,45
on,45
not,44
it,42
war,42
truman,42
policy,40
but,37
at,36
soviet,35
from,35
state,33
p,30
its,28
had,27
foreign,26
which,25
dean,24
present,24
is,23
memoirs,22
europe,21
cold,21
did,21
creation,20
were,20
an,20
him,20
states,20
be,20
department,19
years,19
would,19
united,19
military,17
secretary,17
their,17
when,17
world,17
history,16
see,16
administration,15
marshall,14
more,14
china,13
chinese,13
only,13
kennan,13
defense,13
who,13
pp,13
have,13
one,12
such,12
after,12
well,12
during,12
over,12
german,11
most,11
president,11
treaty,11
upon,11
so,11
historians,11
much,11
germany,10
western,10
west,10
september,10
miscamble,10
about,10
also,10
power,10
time,10
course,10
through,10
they,9
into,9
containment,9
himself,9
relations,9
david,9
union,9
strength,9
international,9
reviews,9
role,9
criticism,9
new,9
george,9
korean,9
while,9
revisionist,8
later,8
might,8
some,8
response,8
served,8
general,8
out,8
own,8
up,8
or,8
stalin,8
office,8
european,8
program,8
any,8
what,8
both,8
little,8
c,8
among,8
position,7
those,7
may,7
further,7
postwar,7
work,7
has,7
led,7
security,7
under,7
end,7
period,7
been,7
north,7
are,7
terms,7
debate,7
diplomatic,6
i,6
formulation,6
nitze,6
negotiation,6
collapse,6
against,6
even,6
than,6
korea,6
helped,6
view,6
stands,6
could,6
policies,6
issues,6
atomic,6
japan,6
nsc,6
other,6
january,6
control,6
them,6
byrnes,6
between,6
actions,6
early,6
way,5
before,5
first,5
ii,5
all,5
there,5
robert,5
british,5
u,5
account,5
conflict,5
no,5
soviets,5
basic,5
communism,5
white,5
strategy,5
gave,5
responsibility,5
june,5
provided,5
situation,5
various,5
economic,5
intervention,5
make,5
these,5
french,5
proposal,5
clear,5
like,5
men,5
negotiations,5
steel,5
brinkley,5
peace,5
views,5
major,5
if,4
commitment,4
nato,4
replaced,4
h,4
committee,4
long,4
atlantic,4
principal,4
political,4
system,4
issue,4
macarthur,4
key,4
mutual,4
richard,4
moment,4
walter,4
century,4
left,4
third,4
hardly,4
congressional,4
supposed,4
support,4
argued,4
threat,4
origins,4
important,4
whom,4
called,4
attack,4
effort,4
however,4
participation,4
part,4
order,4
south,4
will,4
f,4
communist,4
action,4
limited,4
still,4
mao,4
outlined,4
paul,4
toward,4
efforts,4
fact,4
abilities,4
plan,4
john,4
contemporary,4
took,4
where,4
advisers,4
deep,4
discussion,4
made,4
enormous,4
full,4
diplomacy,4
reality,4
latter,4
structure,4
henry,4
greece,4
decision,4
aid,4
then,4
best,4
half,4
domestic,4
february,4
better,4
making,4
pursued,4
recognition,4
convinced,4
policymakers,4
arguments,4
question,4
until,4
dangerous,4
reached,4
create,4
uncertainty,4
given,4
rusk,3
career,3
former,3
title,3
intentions,3
experience,3
being,3
cast,3
interests,3
address,3
asia,3
words,3
book,3
great,3
take,3
subsequent,3
stettinius,3
mind,3
committed,3
less,3
takes,3
capacity,3
advice,3
sought,3
firm,3
america,3
march,3
prospect,3
uncertain,3
undoubtedly,3
ronald,3
development,3
old,3
document,3
approval,3
memoir,3
leadership,3
generation,3
influence,3
without,3
rather,3
yet,3
aimed,3
how,3
thomas,3
recalled,3
praise,3
university,3
cunliffe,3
vietnam,3
defeat,3
especially,3
bevin,3
cut,3
mainland,3
character,3
result,3
my,3
based,3
mclellan,3
late,3
use,3
produced,3
energy,3
kissinger,3
record,3
xvii,3
opposition,3
because,3
failure,3
revealed,3
douglas,3
heart,3
nation,3
positions,3
description,3
expansionist,3
forces,3
we,3
commissar,3
approach,3
hard,3
quite,3
concerns,3
fully,3
appropriate,3
moved,3
nations,3
press,3
comment,3
matter,3
unification,3
april,3
decisions,3
convictions,3
j,3
light,3
assistance,3
published,3
nationalists,3
others,3
man,3
serious,3
external,3
paris,3
accepted,3
perhaps,3
eds,3
alliance,3
formal,3
described,3
authors,3
times,3
defensive,3
communists,3
can,3
enemies,3
relationship,3
today,3
continued,3
crucial,3
success,3
wilson,3
reservations,3
life,3
analysis,3
here,3
set,3
leaders,3
morgenthau,3
past,3
firmly,3
undersecretary,3
influenced,3
careful,3
despite,3
our,3
crises,3
although,3
d,3
evidence,3
observation,3
rejection,3
immediately,3
meeting,3
resolve,2
difficult,2
bernard,2
now,2
explosion,2
waited,2
limits,2
heroic,2
interventions,2
determine,2
notably,2
berlin,2
large,2
complex,2
achievements,2
possessed,2
designed,2
friends,2
marcus,2
studies,2
assumption,2
allies,2
negative,2
achesonian,2
certainly,2
give,2
attempt,2
worked,2
seems,2
reach,2
confront,2
government,2
substantive,2
reveal,2
lowenthal,2
surely,2
within,2
return,2
contents,2
courage,2
ernest,2
side,2
eastern,2
east,2
right,2
prior,2
politics,2
understated,2
withdrawal,2
evan,2
obvious,2
fine,2
point,2
very,2
along,2
engage,2
gardner,2
learned,2
regarding,2
central,2
throughout,2
review,2
baruch,2
due,2
g,2
lectures,2
heightened,2
affairs,2
judged,2
priority,2
elements,2
nor,2
concerning,2
architect,2
serving,2
gracefully,2
details,2
apparently,2
citizen,2
savage,2
conceded,2
dust,2
implementation,2
failed,2
opposed,2
weapon,2
recognized,2
york,2
essential,2
revisionists,2
developed,2
debated,2
edward,2
doctrine,2
republic,2
direct,2
disintegration,2
stability,2
productive,2
raymond,2
means,2
wanted,2
clearly,2
impact,2
objectivity,2
house,2
situations,2
four,2
arrived,2
came,2
kolko,2
initial,2
blockade,2
occupation,2
understood,2
stalemate,2
agreements,2
viewed,2
troops,2
negotiated,2
public,2
james,2
shape,2
almost,2
directly,2
having,2
correctly,2
implement,2
framed,2
brought,2
civil,2
confesses,2
related,2
records,2
winter,2
device,2
statesmen,2
good,2
sense,2
caused,2
stage,2
senator,2
midst,2
settlement,2
lovett,2
ignore,2
research,2
essentially,2
value,2
evoked,2
second,2
critics,2
absence,2
troop,2
gabriel,2
giving,2
wrote,2
labeled,2
motivated,2
wait,2
tide,2
community,2
harry,2
initially,2
strategic,2
lieutenants,2
once,2
turmoil,2
lloyd,2
makes,2
neither,2
participant,2
ed,2
colonial,2
already,2
confirmed,2
two,2
friendly,2
friend,2
avoided,2
challenge,2
death,2
reunification,2
put,2
added,2
lobby,2
joyce,2
lengthy,2
scholars,2
appeared,2
break,2
personal,2
resolved,2
rhetoric,2
never,2
conclusions,2
enough,2
do,2
ground,2
manner,2
developing,2
empire,2
establish,2
confrontation,2
council,2
material,2
assault,2
free,2
credit,2
private,2
bear,2
concern,2
chiang,2
confidence,2
station,2
congress,2
prominently,2
questions,2
bitter,2
national,2
initiatives,2
rejected,2
dominated,2
august,2
counter,2
held,2
pride,2
played,2
obtained,2
portrayed,2
secretaries,2
realist,2
study,2
coral,2
wise,2
mr,2
effect,2
capabilities,2
securing,2
saw,2
ferrell,2
ago,2
quarter,2
division,2
separate,2
me,2
note,2
africa,2
independent,2
provide,2
impressive,2
primarily,2
institutions,2
revisionism,2
seen,2
detailed,2
force,2
began,2
effectively,2
determination,2
contribution,2
incisive,2
respect,2
joseph,2
considered,2
matters,2
historian,2
unlikely,2
detachment,2
extensive,2
known,2
regime,2
spots,2
aron,2
country,2
tito,2
global,2
commission,2
down,2
argue,2
report,2
speech,2
far,2
written,2
useless,2
just,2
senate,2
scholarly,2
casting,2
aiding,2
selected,2
rising,2
attitudes,2
theory,2
acehson,2
insightful,2
hitler,2
isaacson,2
vol,2
balance,2
agreed,2
unrelenting,2
develop,2
plans,2
rigid,2
went,2
prepared,2
reith,2
soft,2
ignored,2
write,2
crisis,2
joined,2
instead,2
gaddis,2
france,2
colleagues,2
association,2
epigraph,2
offered,2
charles,2
assumed,2
tragic,2
mccarthy,2
russia,2
bell,2
johnson,2
predictable,2
kim,2
recent,2
should,2
building,2
doing,2
lafeber,2
close,2
retrospect,2
appeasement,1
final,1
frequent,1
formulated,1
forceful,1
negotiator,1
deference,1
dominating,1
characterized,1
stubbornly,1
doubts,1
accomplish,1
evaluations,1
implemented,1
fertile,1
inaccurate,1
generated,1
commentary,1
drafting,1
reactive,1
generous,1
corruption,1
sanctions,1
prize,1
louis,1
created,1
represent,1
dangers,1
widening,1
rponths,1
episodes,1
college,1
footnote,1
arrive,1
rapprochement,1
loosed,1
portrayals,1
particujar,1
resided,1
alone,1
seizure,1
considerably,1
celebrate,1
pushed,1
reflective,1
everybody,1
likewise,1
group,1
counters,1
center,1
julliard,1
speculated,1
studiously,1
mounted,1
unavoidably,1
chi,1
offerings,1
agency,1
crafting,1
hull,1
blessing,1
likely,1
horowitz,1
true,1
completely,1
oracle,1
bludgeon,1
johns,1
apologia,1
recommendation,1
upheaval,1
foresworn,1
peroration,1
demand,1
ideals,1
acceptance,1
detested,1
unlike,1
laid,1
aversion,1
perceptive,1
vituperative,1
vehemently,1
something,1
probed,1
contest,1
chief,1
nis,1
discounting,1
qualification,1
pentagon,1
conjecture,1
proclamation,1
hints,1
hickerson,1
myriad,1
expend,1
notre,1
member,1
either,1
leaven,1
prisoners,1
lightly,1
relieve,1
every,1
blithely,1
greatness,1
implications,1
chaos,1
taken,1
refusal,1
waldo,1
anywhere,1
permanently,1
hoc,1
official,1
nature,1
reestablish,1
definition,1
parties,1
containing,1
dramatically,1
company,1
condescending,1
together,1
deadline,1
desire,1
display,1
portrayal,1
potentially,1
able,1
mississippi,1
delusion,1
overreact,1
survey,1
real,1
nationalism,1
deemed,1
manchuria,1
roosevelt,1
failures,1
sinew,1
devised,1
last,1
zedong,1
stand,1
respond,1
precisely,1
raised,1
investigations,1
ilk,1
reading,1
favoring,1
indochina,1
theodore,1
sheet,1
hostility,1
hostile,1
confused,1
infection,1
stopped,1
worldwide,1
papers,1
tragedy,1
determinative,1
case,1
suspect,1
recorded,1
king,1
lobbyist,1
task,1
revolutionary,1
planted,1
entreaties,1
muddled,1
changed,1
indirectly,1
backing,1
anticipation,1
restoring,1
felt,1
possible,1
cooperation,1
tracked,1
conception,1
shared,1
establishing,1
election,1
reaction,1
powers,1
alter,1
october,1
insight,1
exaggerate,1
vital,1
say,1
establishment,1
hiroshima,1
waging,1
restraining,1
bottom,1
speechless,1
enter,1
done,1
demanded,1
swayed,1
forged,1
letter,1
warfare,1
refight,1
behavior,1
attract,1
pursuing,1
schoenbaum,1
vindication,1
disparaging,1
framework,1
karen,1
apoplectic,1
complained,1
maynard,1
assignment,1
thus,1
winkler,1
totalitarian,1
disguised,1
lauds,1
proceeded,1
accuracy,1
reverse,1
eventual,1
estimating,1
component,1
immediate,1
apprenticeship,1
dynamics,1
accommodation,1
pursue,1
run,1
hodgson,1
alarm,1
throes,1
constantly,1
health,1
sinoamerican,1
author,1
ability,1
club,1
discerning,1
disengage,1
unafraid,1
restore,1
forthrightly,1
expected,1
admitted,1
arena,1
learning,1
involvements,1
repatriation,1
weaknesses,1
turn,1
unity,1
integrity,1
destroyed,1
loose,1
perspective,1
frustrating,1
positive,1
back,1
trumanacheson,1
highest,1
withdraw,1
holds,1
listened,1
extraordinary,1
facedfactors,1
suitable,1
egypt,1
formosa,1
arranged,1
cohen,1
witnessed,1
truly,1
dame,1
patronizing,1
rhodesia,1
pilloried,1
journal,1
reasoned,1
borg,1
architects,1
confronting,1
deeply,1
capitol,1
lens,1
swipe,1
weakness,1
build,1
policymaker,1
interdepartmental,1
react,1
battles,1
secretaryship,1
higher,1
aim,1
surprisingly,1
messy,1
underlay,1
mea,1
americans,1
whose,1
reflects,1
block,1
polarization,1
sabotaged,1
russian,1
testimony,1
indisputable,1
bring,1
performance,1
main,1
absent,1
sympathies,1
primitives,1
sort,1
breadth,1
influential,1
afterwards,1
culminating,1
reston,1
capture,1
presentation,1
hughes,1
responded,1
process,1
exercise,1
lasting,1
knew,1
nehru,1
conceptions,1
restraint,1
adopted,1
risk,1
similar,1
importance,1
certain,1
strange,1
hearing,1
special,1
possess,1
elaborate,1
clayton,1
worthless,1
tottered,1
factors,1
slope,1
reason,1
involvement,1
sown,1
empires,1
utterly,1
perceptions,1
handiwork,1
partnership,1
consultation,1
vastly,1
ensure,1
signed,1
organization,1
raged,1
retained,1
assent,1
vigil,1
branch,1
teaches,1
presumably,1
proved,1
warren,1
quoted,1
threatening,1
barnet,1
air,1
bruce,1
consigned,1
vitality,1
ignoble,1
too,1
incorrectly,1
solid,1
ministers,1
fashioned,1
superior,1
delta,1
powerful,1
statement,1
genesis,1
beyond,1
requested,1
workreceived,1
followed,1
consequence,1
cordell,1
overcame,1
sterner,1
permanent,1
plight,1
wherry,1
destructive,1
senators,1
faced,1
decades,1
strengthen,1
advocated,1
sixties,1
invading,1
assessments,1
streak,1
vyshinsky,1
conquest,1
matching,1
draws,1
opponents,1
greater,1
opening,1
expressed,1
legislative,1
loyally,1
lead,1
kennedy,1
path,1
arrival,1
nancy,1
blamed,1
declined,1
critic,1
carrying,1
rule,1
entered,1
typical,1
access,1
six,1
mccullough,1
tucker,1
settles,1
deal,1
furious,1
events,1
dispute,1
overtures,1
priming,1
captured,1
feasibility,1
arrogance,1
term,1
academic,1
infected,1
lambast,1
irony,1
rotten,1
eased,1
poverty,1
buried,1
healthy,1
mainly,1
silence,1
reservation,1
appears,1
tailor,1
meet,1
deliberations,1
excellent,1
ferocious,1
commitments,1
explain,1
approached,1
required,1
conferences,1
taught,1
approvingly,1
triumph,1
misrepresented,1
gained,1
hopkins,1
possibility,1
memory,1
representatives,1
specifically,1
prewar,1
minh,1
honors,1
literature,1
unworthy,1
cohesive,1
assistants,1
strengths,1
foes,1
basked,1
strict,1
qualifications,1
carry,1
abomb,1
reader,1
unless,1
refrained,1
prompted,1
attacked,1
london,1
drew,1
purpose,1
discusses,1
explains,1
training,1
example,1
repentance,1
quently,1
anew,1
forge,1
tenure,1
feared,1
criticized,1
reminiscence,1
makers,1
surprise,1
whole,1
year,1
genuine,1
tale,1
fit,1
tilled,1
discussions,1
place,1
reynolds,1
libre,1
broad,1
partly,1
subtly,1
contains,1
people,1
accomplishment,1
mentioning,1
stimulate,1
risks,1
rallying,1
thereafter,1
dismissive,1
justification,1
away,1
prescriptive,1
procommunist,1
xviii,1
capacities,1
preparation,1
rage,1
briefed,1
week,1
endorsement,1
challenging,1
relay,1
walton,1
strongest,1
attributed,1
alarmist,1
errors,1
superbly,1
signing,1
permit,1
legacy,1
construct,1
finalizing,1
viable,1
detracts,1
brutality,1
diminish,1
tom,1
talked,1
things,1
seized,1
politically,1
warrant,1
obligatory,1
mediterranean,1
phrase,1
bank,1
involved,1
around,1
spanish,1
soil,1
apposite,1
few,1
highly,1
ship,1
fierce,1
grow,1
significantly,1
disaster,1
plunged,1
andrei,1
weapons,1
seeds,1
tended,1
manichean,1
dedicated,1
managed,1
futility,1
orthodox,1
progress,1
extracted,1
results,1
proper,1
correspondence,1
reciprocated,1
roots,1
leveled,1
feasible,1
frontal,1
imf,1
settle,1
rest,1
questioning,1
massive,1
activities,1
avoid,1
content,1
lend,1
floundering,1
flourished,1
threatened,1
battle,1
defended,1
bedrock,1
republican,1
damaged,1
transform,1
conciliatory,1
confided,1
arrangement,1
opposites,1
steady,1
minor,1
nonetheless,1
noble,1
fortunately,1
letters,1
hyperbole,1
populations,1
schuman,1
concede,1
distorted,1
short,1
labors,1
service,1
expansion,1
tempted,1
play,1
schemes,1
minority,1
trials,1
released,1
acknowledged,1
transition,1
brief,1
framing,1
renewed,1
constraints,1
visionary,1
bloc,1
intolerance,1
judgment,1
bluntness,1
calculated,1
apprehensions,1
everywhere,1
woods,1
withdrawing,1
responsibilities,1
seemingly,1
backed,1
hold,1
direction,1
southeast,1
aggressor,1
frank,1
chronicle,1
pursuant,1
covington,1
accumulate,1
apples,1
rushing,1
selling,1
interpretation,1
fair,1
permission,1
heinrichs,1
arrangements,1
opportunities,1
cleveland,1
towards,1
cowardly,1
retreat,1
overreacted,1
enrage,1
serve,1
counterparts,1
ring,1
implacably,1
god,1
goals,1
faltering,1
isolationism,1
disastrous,1
favorable,1
thesis,1
denounced,1
acting,1
brands,1
home,1
hydrogen,1
rightly,1
continents,1
shock,1
appear,1
same,1
barrel,1
performed,1
friendship,1
colored,1
reply,1
boldness,1
violations,1
begins,1
noted,1
increasingly,1
nicety,1
exploit,1
fairly,1
useful,1
fill,1
chose,1
persuasive,1
prc,1
outbreak,1
worst,1
chatto,1
brandeis,1
disposition,1
resolution,1
fire,1
ho,1
lewis,1
lucid,1
law,1
onwards,1
attacks,1
omission,1
scare,1
mighty,1
again,1
admirable,1
punish,1
pointed,1
chance,1
intellect,1
tremendous,1
many,1
smith,1
summing,1
outside,1
admit,1
consideration,1
overwhelming,1
hesitantly,1
fearing,1
lieutenant,1
striking,1
pressure,1
conference,1
documents,1
demonstrations,1
merli,1
sung,1
come,1
manifested,1
tours,1
associates,1
hear,1
debates,1
coarseness,1
arthur,1
inherently,1
formulating,1
administrations,1
appropriately,1
mold,1
foster,1
considerable,1
charges,1
acclaim,1
impending,1
pattern,1
discussed,1
tampered,1
maker,1
devil,1
hill,1
possession,1
patterns,1
hand,1
consciously,1
v,1
decisively,1
journalists,1
vanquished,1
branding,1
continuing,1
dorothy,1
occupied,1
existing,1
muster,1
flesh,1
tell,1
resigned,1
simplicity,1
chronologically,1
jeremiah,1
seminars,1
books,1
controversy,1
gives,1
number,1
lauded,1
thoroughly,1
fluidity,1
remained,1
palestine,1
bulletin,1
calculation,1
another,1
fashion,1
demonstrated,1
infect,1
fundamentally,1
understatement,1
stabilize,1
mean,1
aptly,1
extended,1
vast,1
admits,1
lost,1
effectiveness,1
background,1
treated,1
evacuation,1
israel,1
including,1
desperate,1
sworn,1
windus,1
increase,1
recover,1
declassified,1
skeletal,1
top,1
budget,1
asian,1
ordering,1
bellows,1
enduring,1
skeptical,1
illusion,1
faltered,1
largely,1
operated,1
factor,1
assume,1
autobiographical,1
aside,1
harvard,1
submitted,1
satisfactorily,1
assign,1
actual,1
recovery,1
nothing,1
examination,1
franklin,1
alperovitz,1
partisan,1
hardened,1
advantages,1
theoretical,1
nuclear,1
perimeter,1
presentist,1
significance,1
jimmy,1
selfserving,1
quotation,1
bernkopf,1
three,1
directed,1
comprehensive,1
peripheral,1
publication,1
recognize,1
obtaining,1
agreement,1
inherited,1
points,1
leaned,1
essay,1
lonely,1
admission,1
divisions,1
started,1
minister,1
atlanticist,1
features,1
serves,1
stages,1
contributed,1
earlier,1
black,1
standard,1
provides,1
officials,1
contributions,1
permitting,1
presidential,1
gooderham,1
argues,1
oppenheimer,1
faith,1
favored,1
preponderance,1
civilian,1
butterworth,1
undergirded,1
sentiment,1
comparing,1
problems,1
trying,1
eyes,1
parallel,1
realm,1
reads,1
become,1
relation,1
successful,1
alphonso,1
commands,1
pro,1
britain,1
excluded,1
connally,1
enjoyed,1
offensive,1
seeking,1
grudging,1
probably,1
analyze,1
story,1
italy,1
staff,1
empiricist,1
accord,1
professional,1
uncanny,1
propose,1
attention,1
concluded,1
justice,1
consequences,1
increasing,1
dexter,1
ranging,1
advising,1
dealing,1
carried,1
suggest,1
glasnost,1
indication,1
aspirations,1
speculate,1
discussing,1
iran,1
beset,1
melvyn,1
undoubted,1
shattered,1
raise,1
consummation,1
bureau,1
wisdom,1
phillip,1
kenneth,1
unswerving,1
five,1
blatantly,1
vandenberg,1
naturally,1
practical,1
claimed,1
foggy,1
bretton,1
reasonable,1
resumed,1
predict,1
independence,1
forthright,1
dai,1
bears,1
returned,1
militant,1
executive,1
indicate,1
length,1
excluding,1
nuance,1
successor,1
satisfaction,1
responsible,1
specious,1
predetermined,1
existed,1
fall,1
culpas,1
education,1
drafted,1
get,1
itself,1
grounded,1
pressures,1
catlett,1
meant,1
fought,1
consulate,1
founders,1
school,1
undertook,1
assistant,1
warrants,1
environment,1
presidency,1
share,1
eschewed,1
sketches,1
ordered,1
pragmatist,1
practice,1
believed,1
morning,1
firsthand,1
series,1
russians,1
arrest,1
dulles,1
rivaled,1
conditions,1
pulitzer,1
demonstrate,1
simply,1
constituted,1
elicited,1
intemational,1
shop,1
revising,1
disguise,1
thermonuclear,1
susceptible,1
invade,1
hodgepodge,1
sinews,1
organizational,1
command,1
transmittal,1
pandit,1
belief,1
godfrey,1
quickly,1
know,1
outcome,1
edging,1
dimension,1
natural,1
intellectual,1
stem,1
darkest,1
hoover,1
muddle,1
readily,1
budgetary,1
proponents,1
paper,1
publicly,1
abandonment,1
december,1
capability,1
distinctions,1
save,1
victorious,1
forebears,1
universalist,1
certainty,1
surprised,1
universal,1
regard,1
loyalty,1
moments,1
ideological,1
observe,1
particularly,1
losses,1
bohlen,1
job,1
dared,1
cautious,1
rearmament,1
associated,1
arsenal,1
historical,1
examining,1
ambivalent,1
burling,1
mass,1
passage,1
works,1
scores,1
evident,1
concrete,1
following,1
clarity,1
incorporate,1
beginning,1
keynes,1
outlook,1
defend,1
helping,1
warnings,1
wit,1
delineated,1
patrician,1
economy,1
cumings,1
reexamination,1
month,1
whether,1
rose,1
nationalist,1
list,1
leffler,1
pact,1
want,1
particular,1
quote,1
add,1
counseled,1
passed,1
vigorously,1
penetration,1
leaving,1
unwise,1
supplemented,1
waters,1
always,1
foundations,1
prestige,1
institute,1
secure,1
gestures,1
wedgwood,1
awarded,1
generally,1
missed,1
ideal,1
graceful,1
w,1
contain,1
universe,1
popular,1
jessup,1
navigate,1
outline,1
directive,1
level,1
necessity,1
son,1
must,1
beijing,1
persuaded,1
apostle,1
pain,1
excesses,1
decisive,1
sea,1
resignation,1
alternatives,1
lippmann,1
became,1
pedagogical,1
palaias,1
november,1
easy,1
concessions,1
die,1
clarifies,1
recommendations,1
impose,1
sitting,1
confronted,1
measure,1
conventional,1
substance,1
encounter,1
policymaking,1
contribute,1
lesson,1
divided,1
memories,1
atom,1
breakthrough,1
maintained,1
vocal,1
ensuing,1
writing,1
gain,1
accorded,1
think,1
grandeur,1
sparked,1
refutation,1
gar,1
lilienthal,1
energies,1
anxiously,1
whereupon,1
devoted,1
carefully,1
score,1
entity,1
manageable,1
vacuous,1
diplomat,1
pointlessness,1
numerous,1
nixon,1
frame,1
piecemeal,1
washington,1
accept,1
aware,1
bruising,1
ended,1
indications,1
offer,1
land,1
proceeding,1
fiscal,1
green,1
constructed,1
product,1
cfm,1
involving,1
commendably,1
oversaw,1
captain,1
measured,1
remains,1
increased,1
peacetime,1
campaign,1
requesting,1
mounting,1
endeavors,1
potential,1
admitting,1
deciding,1
withdrew,1
postrevisionism,1
compounded,1
recounted,1
ensuring,1
softness,1
consisted,1
recommending,1
selfjustification,1
fears,1
substantial,1
element,1
abroad,1
documentary,1
absences,1
abandoned,1
koreans,1
strong,1
seek,1
facile,1
writhed,1
observed,1
cross,1
tract,1
proponent,1
asked,1
termed,1
hans,1
draft,1
costly,1
noon,1
acerbic,1
prismr,1
satellite,1
selfdoubt,1
