WORDCOUNTS,WEIGHT
the,255
of,170
and,133
a,93
in,85
to,75
powell,64
his,47
as,44
s,42
he,38
for,33
on,30
with,29
worster,27
was,26
by,21
that,20
their,19
but,18
an,18
it,15
is,15
major,15
at,14
land,13
him,13
from,11
region,11
which,11
who,10
had,10
this,10
be,10
not,9
arid,9
more,9
also,9
p,9
would,9
american,8
history,8
all,8
out,8
new,8
himself,8
they,7
joseph,7
these,7
called,7
survey,7
them,7
years,7
what,6
scientific,6
or,6
came,6
john,6
its,6
thomas,6
family,6
communities,5
yet,5
river,5
biography,5
down,5
government,5
war,5
congress,5
local,5
both,5
were,5
into,5
up,5
little,5
much,5
i,4
federal,4
across,4
arm,4
one,4
life,4
country,4
soon,4
water,4
two,4
increasingly,4
first,4
colorado,4
intellectual,4
my,4
hands,4
search,4
man,4
men,4
political,4
reviews,4
america,4
another,4
made,4
west,4
part,4
ethnology,4
own,4
here,4
stewart,4
running,4
geological,4
time,4
wes,4
civilization,3
settlers,3
hero,3
today,3
no,3
way,3
george,3
science,3
figure,3
l,3
program,3
politicians,3
still,3
above,3
make,3
center,3
pp,3
largely,3
university,3
indian,3
wisconsin,3
must,3
age,3
democratic,3
beyond,3
community,3
hopi,3
utopian,3
other,3
natural,3
different,3
could,3
wesley,3
young,3
then,3
run,3
turned,3
where,3
appears,3
nature,3
conviction,3
cooperatively,3
while,3
original,3
paiutes,3
work,3
son,3
determined,3
through,3
civil,3
became,3
role,3
nation,3
needed,3
people,3
become,3
lands,3
clear,3
september,3
washington,3
author,3
course,3
like,3
below,3
century,3
settlement,3
we,3
famous,3
should,3
understood,3
successive,3
seemed,3
critics,2
resolve,2
carried,2
will,2
never,2
now,2
survival,2
second,2
recognized,2
york,2
town,2
m,2
farms,2
bureau,2
journey,2
provide,2
influence,2
ideas,2
short,2
stood,2
district,2
pasturage,2
mountains,2
landscapes,2
village,2
humanity,2
overland,2
fate,2
white,2
lay,2
about,2
guide,2
united,2
hope,2
once,2
your,2
cannot,2
irrigation,2
interpretive,2
bad,2
mission,2
western,2
spent,2
methodists,2
eventually,2
proved,2
director,2
proposed,2
same,2
mary,2
are,2
founded,2
most,2
friend,2
member,2
regional,2
only,2
party,2
inhabitants,2
leader,2
jackson,2
crookham,2
westward,2
interests,2
specimens,2
belief,2
power,2
watersheds,2
worked,2
friends,2
capital,2
rivals,2
head,2
corporate,2
endless,2
scientifically,2
plan,2
been,2
energetic,2
larger,2
campus,2
mississippi,2
gilded,2
considerable,2
nevertheless,2
there,2
believed,2
big,2
readers,2
hand,2
beginning,2
mormon,2
alike,2
right,2
landscape,2
competitors,2
terms,2
wrecking,2
map,2
spiritual,2
source,2
always,2
destroyed,2
world,2
because,2
great,2
march,2
well,2
jack,2
development,2
capable,2
possible,2
politics,2
middle,2
planning,2
nearest,2
county,2
ohio,2
slopes,2
tribes,2
city,2
explains,2
press,2
southwest,2
though,2
geology,2
went,2
indians,2
crew,2
learned,2
coming,2
midwestern,2
stay,2
away,2
however,2
question,2
until,2
significance,2
donald,2
dominated,2
numerous,2
national,2
bureaus,2
urge,2
expeditions,2
successful,2
populist,2
spread,2
product,2
mount,2
states,2
stegner,2
next,2
mountain,2
colleagues,2
filled,2
after,2
thing,2
several,2
state,2
temporary,2
research,2
say,2
enemies,2
working,2
sciences,2
raised,2
expedition,2
among,2
wallace,2
than,2
notes,2
north,2
remarkable,2
moved,2
geographical,2
society,2
subsequently,1
ethic,1
deflater,1
sumner,1
final,1
frequent,1
languages,1
thoroughly,1
blanket,1
incongruous,1
half,1
liberation,1
rights,1
repealing,1
handle,1
unstable,1
assimilation,1
operation,1
topography,1
disaffection,1
racism,1
demolished,1
sons,1
dominating,1
revisionist,1
along,1
budget,1
courting,1
fathers,1
note,1
advocate,1
saw,1
monopolies,1
education,1
forested,1
forbidding,1
costs,1
mix,1
common,1
functioning,1
canceling,1
succumbing,1
steadily,1
if,1
bureaucrats,1
districts,1
later,1
within,1
economic,1
tiny,1
destroy,1
nineteenth,1
separation,1
you,1
generous,1
wrote,1
gradual,1
although,1
nest,1
drama,1
public,1
stop,1
sublime,1
turning,1
worldly,1
timberland,1
premodern,1
truth,1
limited,1
domineering,1
acre,1
antimonopoly,1
scruple,1
career,1
schemes,1
market,1
crash,1
quick,1
extend,1
environmental,1
admiration,1
classic,1
brief,1
forward,1
privations,1
counted,1
college,1
ferdinand,1
doctrine,1
midwest,1
intriguing,1
annoyed,1
lobbying,1
announced,1
mean,1
gaining,1
success,1
variety,1
health,1
lots,1
wearying,1
seen,1
formative,1
boss,1
ultimate,1
detailed,1
opportunity,1
succession,1
rim,1
c,1
prophet,1
force,1
intervention,1
risk,1
auguste,1
pointedly,1
designs,1
philosophy,1
republican,1
comments,1
bearing,1
whether,1
developers,1
decentralized,1
massilon,1
grew,1
furnish,1
lovingly,1
movement,1
hazardous,1
leave,1
photographer,1
plains,1
southern,1
settings,1
balanced,1
seemingly,1
ongoing,1
partially,1
regulatory,1
boone,1
integrity,1
pages,1
branch,1
special,1
escape,1
often,1
adept,1
use,1
properly,1
biological,1
birmingham,1
paternal,1
prime,1
comte,1
facilitative,1
notables,1
word,1
disciples,1
wheeler,1
cheap,1
itself,1
industrial,1
biographer,1
absorbed,1
resigned,1
criticism,1
erie,1
particularistic,1
english,1
ways,1
selling,1
lifting,1
fields,1
museum,1
inching,1
elder,1
get,1
reason,1
albeit,1
pressing,1
determination,1
face,1
security,1
stamp,1
studies,1
cleveland,1
planner,1
devotion,1
territories,1
muir,1
genius,1
park,1
importance,1
theorists,1
message,1
ore,1
morgan,1
undoing,1
anguish,1
valleys,1
charges,1
god,1
demanding,1
detail,1
policy,1
devices,1
entry,1
burned,1
index,1
school,1
management,1
casualty,1
compiled,1
retained,1
spreading,1
descent,1
presents,1
publicly,1
organized,1
wanted,1
wars,1
fortune,1
home,1
seasoned,1
contributions,1
manifestly,1
total,1
creed,1
placed,1
recently,1
any,1
thinking,1
takes,1
light,1
before,1
agencies,1
complete,1
recruiting,1
aspiring,1
regime,1
days,1
following,1
campbellite,1
lord,1
shifting,1
senior,1
impact,1
matter,1
generally,1
traces,1
gradually,1
series,1
farm,1
yield,1
ethnological,1
disinterested,1
forerunner,1
favorite,1
eager,1
speaks,1
westerners,1
frequently,1
verdict,1
genesee,1
trip,1
listed,1
democracy,1
w,1
uncovers,1
collective,1
peoples,1
without,1
already,1
accordingly,1
powells,1
companions,1
hunger,1
paraphrases,1
cutting,1
conclusion,1
initiative,1
struck,1
devout,1
position,1
hundredth,1
ever,1
syndicate,1
scarcely,1
accumulation,1
fact,1
piety,1
popular,1
inferiority,1
encouragement,1
frustration,1
poor,1
shop,1
irrigable,1
compellingly,1
satisfactory,1
appeared,1
efficient,1
followed,1
defines,1
philosophers,1
failing,1
includes,1
sources,1
initial,1
cost,1
long,1
worst,1
immense,1
contradicted,1
gain,1
lewis,1
rocky,1
exploitation,1
inherent,1
willing,1
drew,1
late,1
distanced,1
paul,1
voyage,1
guidance,1
pious,1
dominant,1
fund,1
flow,1
littlefield,1
taken,1
important,1
bernard,1
highly,1
preference,1
toward,1
planting,1
might,1
others,1
ancient,1
spencer,1
view,1
over,1
christ,1
continental,1
progression,1
initially,1
utes,1
put,1
lumber,1
agrarian,1
rugged,1
control,1
nevada,1
emerged,1
ourselves,1
union,1
sure,1
harsh,1
many,1
financial,1
coast,1
anthropology,1
j,1
missing,1
turn,1
incapacity,1
supplied,1
limits,1
moving,1
herbert,1
efforts,1
result,1
sheep,1
troops,1
dismantled,1
remembered,1
utah,1
may,1
based,1
bordering,1
company,1
longer,1
contained,1
setting,1
introduce,1
resentment,1
plateau,1
complaints,1
capitalist,1
unfolding,1
designing,1
tradition,1
packed,1
route,1
leaders,1
lasting,1
disgruntlement,1
slavery,1
guns,1
accompanied,1
creative,1
prepared,1
desire,1
uneasy,1
studied,1
erosion,1
reasons,1
strength,1
unplanned,1
savagery,1
wealthy,1
universal,1
solace,1
current,1
lieutenant,1
ensuing,1
adversary,1
vicious,1
report,1
rocks,1
followers,1
acreage,1
roaming,1
unyielding,1
last,1
missouri,1
observing,1
senses,1
conspicuous,1
follows,1
cavalier,1
unclassified,1
verbal,1
funds,1
arriving,1
xiii,1
contradictory,1
unconcerned,1
process,1
janesville,1
how,1
conforming,1
concludes,1
far,1
census,1
launched,1
d,1
embodiment,1
impatient,1
clarence,1
hunting,1
religion,1
notoriety,1
defeat,1
brilliance,1
take,1
real,1
venture,1
unsparing,1
fashion,1
captured,1
pattern,1
ambition,1
help,1
thoughtful,1
climate,1
thompson,1
trips,1
rural,1
environmentalists,1
representative,1
salary,1
works,1
place,1
emerges,1
assessment,1
fruitlessly,1
assessing,1
honor,1
antebellum,1
better,1
hispanic,1
enough,1
midlands,1
miles,1
share,1
confusing,1
stand,1
predominating,1
smithsonian,1
insistent,1
do,1
henry,1
equally,1
stayed,1
occupation,1
supporters,1
helping,1
traced,1
teaching,1
born,1
investigations,1
regard,1
california,1
scholarly,1
linings,1
let,1
reading,1
aryan,1
ambiguous,1
signs,1
return,1
intelligence,1
surveys,1
dispassionately,1
johns,1
studying,1
notable,1
conservation,1
insensitive,1
reservation,1
careless,1
month,1
province,1
sharpened,1
inhering,1
singing,1
muster,1
advisers,1
beaten,1
accumulated,1
less,1
system,1
answer,1
tailor,1
making,1
promise,1
suffered,1
evangelical,1
orleans,1
cause,1
flaws,1
invasions,1
emma,1
globe,1
wealth,1
material,1
congressional,1
colony,1
dancing,1
civilized,1
crucified,1
focusing,1
nothing,1
gunners,1
highpowered,1
saint,1
platte,1
mere,1
woman,1
foreshadowed,1
dwelling,1
project,1
bodies,1
miner,1
manage,1
enjoyed,1
leaving,1
raped,1
directly,1
parceled,1
has,1
king,1
dream,1
surveying,1
consisting,1
died,1
sacrifice,1
chances,1
earlier,1
hopkins,1
planted,1
greedy,1
primarily,1
sustenance,1
borne,1
firm,1
collector,1
beginnings,1
realize,1
receive,1
maine,1
breadwinners,1
mormons,1
torn,1
such,1
failure,1
wrapped,1
institutions,1
obsessions,1
noticed,1
struggling,1
chapter,1
information,1
keeping,1
almost,1
u,1
too,1
indispensable,1
image,1
swampings,1
explore,1
ideal,1
future,1
marked,1
threat,1
delivering,1
line,1
prevent,1
concentrating,1
investment,1
artifacts,1
ball,1
condition,1
stump,1
hitting,1
supplies,1
father,1
undertaking,1
recoil,1
intense,1
survive,1
lost,1
establishing,1
skepticism,1
abolitionist,1
showed,1
moves,1
meridian,1
shiloh,1
botanist,1
bought,1
explanation,1
towards,1
move,1
intention,1
scioto,1
scheme,1
carry,1
occasionally,1
devoto,1
values,1
attempt,1
concluding,1
affairs,1
hornets,1
reflection,1
concept,1
amicable,1
spinster,1
fired,1
fosters,1
reported,1
horse,1
headed,1
outspoken,1
lake,1
compelling,1
steers,1
competing,1
example,1
vision,1
show,1
collecting,1
dedicating,1
bottom,1
apply,1
end,1
homeland,1
bill,1
convinced,1
enter,1
ignored,1
positions,1
subject,1
harry,1
ritual,1
brawler,1
change,1
murdered,1
cash,1
dozens,1
hayden,1
year,1
fed,1
food,1
account,1
harvesting,1
masterful,1
private,1
freedom,1
repudiation,1
programs,1
acknowledges,1
boatmen,1
hillers,1
collection,1
kapurats,1
rivers,1
found,1
farmed,1
untutored,1
neared,1
describes,1
basins,1
conditions,1
returned,1
memories,1
signal,1
immediately,1
band,1
canyon,1
grand,1
honorary,1
progress,1
headwaters,1
reassurance,1
victim,1
closes,1
ire,1
claiming,1
central,1
pack,1
business,1
distrusted,1
precision,1
rapids,1
call,1
mentor,1
unexplored,1
throughout,1
proslavery,1
palmyra,1
personal,1
buying,1
deforestation,1
achievement,1
rain,1
completes,1
riding,1
formation,1
inveterate,1
sensibility,1
growing,1
professor,1
dudes,1
southwestern,1
ultimately,1
powerful,1
blueprint,1
heroes,1
couple,1
talented,1
youth,1
explained,1
subsequent,1
estimating,1
charge,1
arrangements,1
locations,1
facts,1
downriver,1
apprenticeship,1
joining,1
low,1
grazing,1
sealed,1
bold,1
interested,1
industrialization,1
explorations,1
wheat,1
notations,1
conservationists,1
productive,1
three,1
otherworldly,1
against,1
contradictions,1
illinois,1
twentieth,1
directed,1
have,1
human,1
beliefs,1
restraint,1
persistently,1
shoshones,1
recognize,1
finally,1
clustered,1
bibliography,1
points,1
remorse,1
investigatory,1
taskmaster,1
interest,1
disappointed,1
civilizing,1
modern,1
consummate,1
perennial,1
social,1
creating,1
walworth,1
brother,1
legacy,1
crisis,1
calling,1
times,1
closing,1
fatal,1
salt,1
sense,1
sympathized,1
caused,1
dense,1
naturalist,1
hard,1
hydrographic,1
models,1
prodigious,1
effectively,1
frames,1
hardening,1
ejidos,1
appointment,1
stage,1
treasure,1
housed,1
venality,1
manager,1
almon,1
arrivals,1
variance,1
senator,1
traveled,1
publicizing,1
settling,1
stages,1
learning,1
cosmos,1
playing,1
attempted,1
off,1
imposed,1
musket,1
moment,1
discredit,1
geologist,1
adolescent,1
measure,1
acted,1
invasion,1
remains,1
dean,1
belt,1
veteran,1
around,1
rudiments,1
preliminary,1
commissioner,1
admirers,1
mentors,1
mistaking,1
wrist,1
sojourn,1
mind,1
headman,1
castile,1
flora,1
offered,1
ceremony,1
goldfields,1
mounting,1
few,1
realist,1
irrigated,1
propelled,1
article,1
marriage,1
feelings,1
mover,1
removed,1
employees,1
fight,1
creek,1
dollars,1
comfort,1
plunged,1
oxford,1
dramatic,1
consulted,1
served,1
parochial,1
themselves,1
club,1
collaborators,1
ascendancy,1
played,1
vandiveer,1
began,1
wise,1
left,1
point,1
villages,1
deliberate,1
countryside,1
effect,1
jacob,1
selfappointed,1
reached,1
resent,1
commonwealths,1
collaboration,1
dedicated,1
find,1
profit,1
name,1
january,1
managed,1
hunters,1
early,1
when,1
bachelor,1
distant,1
drawn,1
gospel,1
gently,1
even,1
entire,1
slightly,1
cattle,1
canyons,1
lingered,1
securing,1
tidy,1
wife,1
morris,1
focus,1
accomplishments,1
mob,1
eliminating,1
need,1
strong,1
mature,1
border,1
economy,1
amateur,1
complement,1
william,1
training,1
command,1
professional,1
disrobed,1
whites,1
plight,1
outright,1
informed,1
progressed,1
subordinates,1
talent,1
attention,1
roles,1
gardens,1
akron,1
support,1
portrait,1
financed,1
interminable,1
massive,1
brown,1
small,1
justice,1
constraints,1
hamblin,1
top,1
decision,1
anglo,1
spare,1
