WORDCOUNTS,WEIGHT
the,166
of,115
and,105
in,73
to,73
a,50
s,30
as,26
their,24
workers,24
on,23
company,20
fasce,18
for,17
ethnic,17
that,16
italian,16
scovill,15
by,14
an,14
states,12
they,12
united,12
with,11
from,11
u,10
its,9
immigrants,9
between,9
how,8
american,8
was,8
had,8
history,8
war,8
family,8
italy,8
at,7
immigrant,7
most,7
migration,7
work,7
new,7
both,7
e,6
community,6
not,6
solidarity,6
i,6
identity,6
labor,6
were,6
church,5
columbus,5
welfare,5
first,5
over,5
all,5
americanization,5
years,5
like,5
world,5
it,4
his,4
who,4
una,4
class,4
essays,4
or,4
wages,4
different,4
two,4
management,4
famiglia,4
production,4
business,4
addition,4
based,4
tra,4
loyalty,4
italians,4
them,4
use,4
programs,4
during,4
records,4
which,4
own,4
due,4
early,4
provided,4
foremen,3
relationship,3
various,3
common,3
economic,3
catholic,3
policies,3
lotta,3
connecticut,3
movement,3
one,3
religious,3
study,3
efficiency,3
analysis,3
support,3
opportunities,3
many,3
better,3
image,3
before,3
but,3
undermine,3
also,3
investments,3
country,3
operaia,3
definition,3
book,3
europe,3
atlantic,3
radical,3
waterbury,3
historical,3
mass,3
last,3
took,3
cultural,3
reviews,3
ties,3
campaigns,3
strisce,3
upon,3
sides,3
through,3
increase,3
ottanelli,3
while,3
stelle,3
development,3
this,3
illustrates,3
national,3
would,3
exchange,3
back,3
strikers,3
strikes,3
even,3
sponde,3
society,3
have,2
archives,2
communities,2
he,2
practices,2
journey,2
provide,2
managers,2
l,2
groups,2
corporate,2
across,2
impressive,2
created,2
celebration,2
red,2
pointed,2
experiences,2
employees,2
gerald,2
life,2
symbols,2
mostly,2
frank,2
moreover,2
americanism,2
pp,2
technology,2
under,2
university,2
clearly,2
culture,2
cultura,2
largest,2
industrial,2
age,2
published,2
barriers,2
vanderlip,2
members,2
organizational,2
dominant,2
helped,2
factory,2
strike,2
social,2
zahavi,2
been,2
greater,2
supplied,2
uses,2
shows,2
connection,2
walked,2
ferdinando,2
great,2
industrialists,2
p,2
daily,2
international,2
end,2
arthur,2
identities,2
those,2
furthermore,2
political,2
discipline,2
shared,2
jobs,2
companies,2
system,2
case,2
assimilators,2
wartime,2
number,2
sought,2
improve,2
well,2
information,2
local,2
original,2
some,2
classes,2
investment,2
extended,2
tiso,2
anarchist,2
bolster,2
fraser,2
level,2
sponsored,2
prominent,2
combination,2
introduced,2
explains,2
grande,2
became,2
collection,2
place,2
collective,2
human,2
evolution,2
review,2
shores,2
employed,2
multiethnic,2
used,2
such,2
recent,2
village,2
since,2
backgrounds,2
tables,2
september,2
employee,2
counter,2
move,2
instead,2
recast,2
parish,2
played,2
expected,2
affirmation,2
managerial,2
provides,2
long,2
around,2
forms,2
outside,2
although,2
elaborate,2
resources,2
served,2
research,2
radicals,2
left,2
working,2
period,2
among,2
notes,2
genoa,2
industries,1
ranging,1
south,1
entitled,1
enough,1
wage,1
pay,1
incentives,1
rights,1
intricate,1
girl,1
now,1
suggestion,1
heretofore,1
ponente,1
mesabi,1
second,1
recognized,1
situation,1
power,1
arrangement,1
york,1
town,1
dual,1
names,1
exhibit,1
obligations,1
publishing,1
goss,1
variety,1
changing,1
european,1
stars,1
evolve,1
carried,1
wobblies,1
assert,1
later,1
links,1
bring,1
control,1
grinders,1
action,1
five,1
foreign,1
aimed,1
encompassed,1
centered,1
short,1
ideology,1
activists,1
service,1
commitment,1
lavoro,1
go,1
limited,1
organizing,1
basic,1
abusive,1
en,1
market,1
personnel,1
return,1
inside,1
parent,1
appreciation,1
protestant,1
livelihood,1
interdependence,1
worthy,1
responded,1
referred,1
unique,1
represented,1
translation,1
emigrazione,1
detailed,1
establishes,1
celebrate,1
force,1
make,1
notably,1
lawrence,1
crossing,1
interwar,1
legitimacy,1
police,1
southern,1
countries,1
direct,1
complex,1
dignity,1
makes,1
authoritarian,1
competitiveness,1
often,1
examine,1
stereotypical,1
multifaceted,1
represents,1
respectability,1
sentence,1
repression,1
meritorious,1
factors,1
settlement,1
authority,1
shipyards,1
endure,1
composed,1
relied,1
nominally,1
centuries,1
making,1
sympathy,1
get,1
itself,1
bosses,1
wake,1
worshipers,1
articles,1
studies,1
read,1
oitanelli,1
modern,1
pressures,1
old,1
joseph,1
council,1
navigator,1
east,1
clergy,1
shoeworkers,1
increased,1
equally,1
detail,1
founders,1
claims,1
comrades,1
index,1
necessarily,1
environment,1
organized,1
title,1
encourage,1
interruption,1
dependable,1
entrenched,1
graphos,1
eventually,1
fifteen,1
endicott,1
incentive,1
infrastructure,1
liberty,1
elsewhere,1
masse,1
typifies,1
consciousness,1
americanists,1
growing,1
shifting,1
nineteenth,1
impact,1
naples,1
no,1
exemplified,1
arrest,1
landing,1
pioneers,1
too,1
faith,1
camouflage,1
women,1
four,1
experience,1
hire,1
simply,1
extensive,1
posters,1
balls,1
athletic,1
store,1
regional,1
surface,1
follow,1
discretion,1
transatlantic,1
genoese,1
beyond,1
conflicting,1
promise,1
efficient,1
followed,1
chose,1
obstacles,1
rather,1
terminology,1
more,1
name,1
successfully,1
drew,1
familial,1
eurocentrism,1
established,1
exclusive,1
carlo,1
other,1
equated,1
instill,1
care,1
challenge,1
m,1
give,1
attempts,1
important,1
guerra,1
unrest,1
others,1
death,1
stati,1
attempt,1
assist,1
mutually,1
similarly,1
methodology,1
stripes,1
intellectual,1
refused,1
patriotic,1
funerals,1
shortage,1
languages,1
nature,1
paper,1
efforts,1
memorial,1
came,1
concocted,1
longer,1
possibilities,1
unpatriotic,1
historians,1
baptisms,1
capitalist,1
scholars,1
bologna,1
leaders,1
down,1
advantage,1
pressure,1
found,1
conservative,1
any,1
printed,1
eti,1
attending,1
workplace,1
turnover,1
mulino,1
young,1
time,1
children,1
follows,1
out,1
objectives,1
paternalism,1
break,1
larger,1
job,1
orders,1
ocean,1
plagued,1
closer,1
grievances,1
sustaining,1
defeat,1
events,1
goods,1
getting,1
wore,1
twenty,1
build,1
walkouts,1
appropriately,1
uniforms,1
past,1
search,1
achieved,1
enlarge,1
representative,1
appeared,1
collectively,1
living,1
markets,1
rhetoric,1
late,1
never,1
academic,1
behind,1
date,1
days,1
italia,1
consisted,1
stand,1
raised,1
occupation,1
classified,1
chain,1
according,1
scholarly,1
done,1
syndicalists,1
cuts,1
what,1
displayed,1
paternalistic,1
johns,1
literature,1
confined,1
workforce,1
discharge,1
month,1
combined,1
circles,1
depicts,1
burial,1
appears,1
whether,1
citizenship,1
produced,1
selected,1
migratory,1
strategies,1
accounts,1
defense,1
confrontation,1
together,1
forth,1
justify,1
material,1
thirty,1
placed,1
add,1
metaphor,1
nothing,1
charged,1
validate,1
required,1
facilities,1
eastern,1
fernando,1
adaptation,1
shovels,1
opposition,1
appropriated,1
structure,1
chances,1
weddings,1
eamed,1
hopkins,1
near,1
america,1
vehicle,1
draw,1
killed,1
eagerly,1
because,1
bureaucratic,1
aspects,1
failure,1
grocery,1
institutions,1
retain,1
tumed,1
voice,1
conservatives,1
percent,1
participation,1
unions,1
basis,1
reorganization,1
logical,1
standard,1
hundreds,1
reaction,1
journals,1
recommendations,1
patriotism,1
millions,1
characterize,1
drive,1
translated,1
examples,1
effectiveness,1
background,1
mutual,1
offensive,1
made,1
luniti,1
uniting,1
range,1
run,1
values,1
forced,1
medical,1
portraying,1
catholicism,1
multiple,1
founded,1
disloyal,1
reported,1
characterization,1
unionize,1
recalcitrant,1
competing,1
owners,1
example,1
loosely,1
composition,1
climax,1
knowledge,1
wasp,1
informaton,1
dynamic,1
press,1
three,1
role,1
affari,1
elite,1
irish,1
worship,1
received,1
dining,1
attributed,1
impose,1
entrepreneur,1
nativism,1
benefited,1
went,1
forged,1
significant,1
downplayed,1
worker,1
twentieth,1
outpouring,1
benefit,1
decreed,1
denying,1
emphasize,1
manufacturing,1
behavior,1
much,1
thorough,1
demonstrates,1
subtly,1
campaign,1
diaries,1
people,1
averaged,1
ideas,1
falling,1
gain,1
scare,1
conflict,1
housing,1
della,1
daring,1
buttons,1
million,1
services,1
reinforced,1
specifies,1
trip,1
hit,1
ceremonies,1
interethnic,1
embark,1
libero,1
promoted,1
il,1
higher,1
caring,1
severe,1
internationalization,1
unable,1
low,1
mentalities,1
reveals,1
endorsement,1
ethnicity,1
joke,1
meanings,1
otranelli,1
safety,1
inflation,1
against,1
knights,1
contradictions,1
nationwide,1
antiradical,1
financier,1
conditions,1
shortcomings,1
steam,1
assignment,1
nell,1
author,1
points,1
accept,1
subsidized,1
brass,1
ettor,1
crisis,1
ended,1
individual,1
christopher,1
keep,1
compatriots,1
needed,1
blend,1
sense,1
club,1
caused,1
linkage,1
d,1
participating,1
hard,1
field,1
unwillingness,1
allegiance,1
intertwining,1
so,1
summer,1
regarded,1
plant,1
him,1
notions,1
seized,1
sample,1
mask,1
allegiances,1
paths,1
criminals,1
order,1
defined,1
contrast,1
plentiful,1
antifascism,1
organ,1
turn,1
tangible,1
cases,1
measure,1
adjustment,1
sestri,1
emerging,1
veteran,1
traveling,1
several,1
needs,1
migrants,1
characteristics,1
annually,1
accomplished,1
nationality,1
body,1
safeguard,1
bridge,1
conduits,1
newspapers,1
tresca,1
civic,1
editors,1
single,1
embodies,1
straw,1
overcome,1
tactics,1
unafamiglia,1
johnson,1
accordingly,1
incarceration,1
corporations,1
organizers,1
fervor,1
when,1
postwar,1
explore,1
up,1
capitalism,1
analyze,1
instance,1
little,1
divergent,1
traditional,1
resistance,1
describes,1
forefront,1
ansaldo,1
strong,1
saw,1
layoffs,1
forestall,1
arturo,1
away,1
attend,1
giovannitti,1
florida,1
cross,1
leadership,1
general,1
attendance,1
indicating,1
loan,1
built,1
passive,1
roles,1
boxes,1
waiting,1
immigration,1
nativist,1
sophistication,1
massive,1
gates,1
activities,1
is,1
syndicalist,1
attended,1
impresa,1
examines,1
decision,1
donned,1
anglo,1
