WORDCOUNTS,WEIGHT
the,197
of,98
and,81
to,73
a,53
in,48
s,35
that,28
as,24
is,22
presidents,21
office,21
presidency,20
mcdonald,18
an,18
for,18
it,17
his,17
have,17
he,16
been,15
history,15
has,14
be,14
how,13
with,13
was,13
our,13
president,12
or,11
from,11
by,11
washington,11
on,11
not,10
but,10
at,9
one,9
about,9
country,9
most,9
more,9
this,9
national,9
political,8
so,8
jefferson,8
can,8
their,7
american,7
all,7
had,7
i,7
what,7
war,7
presidential,7
much,7
than,7
will,6
no,6
they,6
man,6
some,6
who,6
nation,6
johnson,6
lyndon,5
every,5
book,5
great,5
served,5
term,5
though,5
years,5
successful,5
after,5
left,5
we,5
second,4
wilson,4
executive,4
why,4
white,4
when,4
into,4
wars,4
these,4
only,4
power,4
are,4
there,4
men,4
reviews,4
less,4
public,4
almost,4
congress,4
made,4
dallek,4
through,4
were,4
institution,4
would,4
world,4
set,3
americans,3
me,3
george,3
if,3
five,3
foreign,3
truth,3
credibility,3
contribution,3
life,3
effective,3
authority,3
university,3
us,3
any,3
same,3
house,3
chief,3
said,3
first,3
misery,3
physical,3
others,3
attempt,3
many,3
legislative,3
my,3
december,3
lead,3
vision,3
government,3
end,3
question,3
do,3
robert,3
understood,3
where,3
constitutional,3
while,3
america,3
day,3
effectiveness,3
powers,3
average,3
point,3
part,3
republic,3
its,3
during,3
describes,3
central,3
which,3
splendid,3
like,3
him,3
century,3
miracle,3
you,3
turn,3
consensus,3
forrest,3
become,3
telling,3
even,3
should,3
democracy,2
failed,2
creed,2
common,2
clinton,2
subjected,2
rule,2
fear,2
limited,2
address,2
difficult,2
fdr,2
bill,2
understand,2
makes,2
wicker,2
study,2
expectations,2
months,2
get,2
pp,2
evolved,2
under,2
extravagant,2
just,2
partly,2
age,2
experience,2
being,2
wrong,2
evaluation,2
rather,2
censures,2
established,2
other,2
founding,2
care,2
give,2
important,2
know,2
again,2
over,2
constitution,2
intellectual,2
hoover,2
came,2
unmerited,2
domestic,2
time,2
out,2
far,2
administrations,2
favorite,2
chicken,2
better,2
say,2
third,2
reading,2
terms,2
system,2
tell,2
suffered,2
excellent,2
described,2
perhaps,2
another,2
account,2
possible,2
herd,2
discussion,2
international,2
father,2
establishing,2
upon,2
occupants,2
understanding,2
civil,2
norm,2
press,2
subject,2
administration,2
entirely,2
twentieth,2
erratically,2
begins,2
needed,2
people,2
ideas,2
complained,2
nixon,2
saw,2
collapse,2
manage,2
three,2
author,2
good,2
general,2
times,2
although,2
define,2
states,2
affairs,2
kind,2
fine,2
reluctance,2
few,2
determination,2
played,2
garfield,2
impossible,2
symbol,2
create,2
up,2
little,2
because,2
among,2
explains,2
harding,2
am,2
law,2
rest,2
summary,2
limiting,1
alabama,1
aristocracy,1
may,1
dealing,1
span,1
liberty,1
enough,1
rights,1
publicity,1
bureaucracies,1
opposed,1
front,1
now,1
became,1
depressed,1
churchill,1
shit,1
interesting,1
beset,1
currently,1
firestone,1
blight,1
wishes,1
recognized,1
communist,1
york,1
dreadful,1
child,1
page,1
advocate,1
matter,1
reagan,1
hopes,1
without,1
various,1
wisdom,1
heroes,1
implemented,1
frustration,1
fairly,1
complaining,1
heroic,1
sometimes,1
within,1
havoc,1
operative,1
relieved,1
short,1
wrote,1
indeed,1
tyranny,1
remain,1
bound,1
mediocrities,1
play,1
taft,1
legislator,1
assassination,1
television,1
persuades,1
brief,1
insufficiently,1
ordinary,1
revolutionary,1
overstated,1
pierce,1
process,1
independence,1
undeclared,1
lasting,1
rascals,1
responding,1
measures,1
lost,1
players,1
republican,1
natural,1
seen,1
competing,1
ultimate,1
judgment,1
harry,1
granted,1
worse,1
effectively,1
saints,1
lawrence,1
legal,1
eight,1
expect,1
standing,1
builders,1
uses,1
remaining,1
initially,1
stems,1
told,1
collapsed,1
large,1
inconsequential,1
balanced,1
significant,1
hold,1
saved,1
tends,1
witness,1
sinners,1
responsible,1
backing,1
analysis,1
revered,1
worked,1
united,1
hope,1
word,1
eclipsing,1
transferring,1
requiring,1
live,1
gave,1
criticism,1
yet,1
fair,1
completing,1
eighteen,1
lives,1
belittling,1
easily,1
prestige,1
cleveland,1
struggle,1
modern,1
bad,1
vastly,1
anguish,1
realities,1
issue,1
god,1
consider,1
b,1
durability,1
flexibility,1
founders,1
torment,1
prestigious,1
index,1
ancient,1
believers,1
harsh,1
clear,1
debacle,1
overnight,1
home,1
heavy,1
fifteen,1
latin,1
associated,1
before,1
stable,1
complete,1
essential,1
historian,1
remedy,1
growing,1
accomplishments,1
hayes,1
calling,1
impact,1
placed,1
traces,1
articulated,1
conclusion,1
ingredients,1
colonial,1
source,1
pragmatism,1
too,1
threat,1
assaults,1
lessons,1
four,1
efficacy,1
negative,1
department,1
qualified,1
praesidere,1
safe,1
congenital,1
caliber,1
ever,1
presidernt,1
member,1
occupied,1
sit,1
praises,1
vietnam,1
discretion,1
succeeded,1
policy,1
truman,1
promise,1
satisfactory,1
especially,1
elect,1
fix,1
philosophers,1
perestroika,1
stated,1
party,1
eleven,1
starting,1
goals,1
preceding,1
puts,1
also,1
begin,1
here,1
full,1
hyperbole,1
derives,1
senators,1
exaggerated,1
penance,1
helped,1
projected,1
suggested,1
might,1
overreach,1
similarly,1
ear,1
withdraw,1
control,1
image,1
descriptive,1
j,1
talking,1
correspond,1
tradition,1
moving,1
herbert,1
efforts,1
words,1
based,1
longer,1
relieve,1
whom,1
transcended,1
europe,1
agenda,1
gone,1
could,1
head,1
blamed,1
did,1
declined,1
unpopular,1
broken,1
best,1
assertion,1
watchword,1
opposing,1
walked,1
found,1
sleep,1
ucla,1
entering,1
compound,1
called,1
strength,1
typical,1
reform,1
ratification,1
disgusting,1
viii,1
rich,1
achievement,1
together,1
whipping,1
studied,1
physique,1
job,1
clearly,1
new,1
sanguine,1
informal,1
transition,1
dispute,1
embracing,1
everything,1
arthur,1
proved,1
doubt,1
commitment,1
pragmatists,1
sensible,1
nightmare,1
republicanism,1
past,1
achieved,1
failures,1
quoted,1
representative,1
fathered,1
advances,1
last,1
evident,1
person,1
overstate,1
written,1
authoritatively,1
stand,1
fourth,1
equally,1
principal,1
equal,1
embody,1
rent,1
rests,1
questions,1
economy,1
secular,1
unfulfilled,1
johns,1
orderly,1
execution,1
shared,1
setting,1
them,1
implicit,1
symbols,1
answer,1
cannot,1
making,1
americanism,1
want,1
cause,1
involvement,1
era,1
otherwise,1
energy,1
disarray,1
males,1
series,1
preside,1
preempt,1
however,1
hell,1
successor,1
explain,1
eds,1
vilest,1
books,1
leaving,1
problem,1
crosscurrents,1
capacity,1
complexity,1
hopkins,1
sought,1
foundations,1
directly,1
vilification,1
firm,1
rating,1
draw,1
identifiable,1
right,1
role,1
boys,1
well,1
exert,1
violent,1
representatives,1
weight,1
fight,1
argues,1
apprehend,1
kansas,1
signpost,1
future,1
politics,1
greatest,1
art,1
size,1
work,1
strain,1
throw,1
joke,1
burden,1
both,1
grossly,1
portraits,1
failings,1
explanation,1
chiefly,1
illegitimate,1
move,1
richard,1
vote,1
writers,1
psychiatric,1
son,1
circumstances,1
congressveto,1
formal,1
taking,1
psychological,1
peace,1
heaping,1
establishment,1
distinctly,1
example,1
laws,1
knowledge,1
disappointments,1
columnist,1
two,1
pulls,1
means,1
lbj,1
versa,1
inaugurated,1
himself,1
description,1
needing,1
optimists,1
winston,1
plenty,1
corrupt,1
place,1
make,1
conditions,1
perception,1
demonstrates,1
paid,1
reportedly,1
expanded,1
tall,1
writing,1
gain,1
harrison,1
behaved,1
coming,1
evolution,1
think,1
vogt,1
salad,1
way,1
trust,1
come,1
check,1
focuses,1
astray,1
previous,1
away,1
triumphs,1
crook,1
legislation,1
prescriptive,1
floors,1
unwanted,1
believes,1
nevertheless,1
publicly,1
until,1
proceeded,1
tyrannical,1
survival,1
bush,1
scratches,1
unable,1
background,1
development,1
fact,1
visions,1
nonpartisan,1
monroe,1
crises,1
professor,1
undue,1
since,1
infamy,1
declaration,1
lips,1
objective,1
moral,1
weeks,1
pursuit,1
abused,1
numerous,1
leper,1
unpalatable,1
persistently,1
executives,1
language,1
health,1
interest,1
harm,1
ended,1
moment,1
solution,1
least,1
demigod,1
controversies,1
immediately,1
viable,1
price,1
below,1
bernard,1
need,1
cold,1
ll,1
tom,1
quicker,1
media,1
wished,1
stained,1
dealings,1
politicians,1
privilege,1
countrymen,1
next,1
filled,1
shortly,1
buchanan,1
precedents,1
anyone,1
running,1
sixty,1
cases,1
fiftyseven,1
chin,1
night,1
madison,1
unhappiness,1
gorbachev,1
morals,1
imagination,1
reporter,1
attention,1
worst,1
morning,1
document,1
mind,1
endowed,1
coolidge,1
observation,1
licentious,1
problems,1
travails,1
somehow,1
anticommunist,1
approval,1
contrary,1
commentators,1
thing,1
fierce,1
promote,1
qualities,1
serving,1
monarchical,1
six,1
improvisers,1
fondly,1
research,1
exercise,1
successors,1
decline,1
c,1
distinguished,1
greatly,1
began,1
adams,1
except,1
enjoyed,1
lying,1
died,1
james,1
managed,1
early,1
humanized,1
percent,1
views,1
drudgery,1
including,1
shapers,1
practice,1
persuaded,1
divides,1
lobe,1
passivity,1
vice,1
images,1
woodrow,1
figures,1
aide,1
details,1
psychic,1
roots,1
deeply,1
notes,1
ignore,1
imperfectly,1
caution,1
evidence,1
born,1
gross,1
hardly,1
asked,1
doing,1
congressional,1
psychologically,1
monarchy,1
practicing,1
close,1
baines,1
confrontations,1
major,1
attended,1
ratings,1
convention,1
shaping,1
