WORDCOUNTS,WEIGHT
the,280
of,143
to,94
and,91
a,73
in,70
american,51
that,46
s,46
is,44
not,38
he,36
for,35
perkins,34
lafeber,34
as,33
it,28
cohen,26
this,25
on,25
what,22
have,22
with,21
but,21
foreign,20
history,19
iriye,19
or,18
war,18
be,18
has,17
relations,17
his,16
one,16
america,16
they,15
do,15
at,14
does,14
by,14
more,14
been,13
who,13
their,13
an,13
policy,12
was,12
so,12
out,11
much,11
united,10
from,10
all,10
are,10
states,10
world,10
than,10
second,9
why,9
t,9
cold,9
order,9
about,8
these,8
industrial,8
might,8
many,8
international,8
such,8
there,8
like,8
would,8
after,8
into,7
most,7
other,7
political,7
u,7
well,7
new,7
reader,7
power,6
soviet,6
pp,6
any,6
no,6
two,6
first,6
p,6
those,6
historians,6
some,6
which,6
diplomacy,6
diplomats,6
consensus,6
time,6
if,5
sort,5
diplomatic,5
brands,5
theme,5
union,5
could,5
leaders,5
i,5
readers,5
china,5
something,5
reviews,5
them,5
system,5
made,5
little,5
calls,5
people,5
central,5
things,5
between,5
themselves,5
even,5
way,4
science,4
decades,4
inside,4
force,4
get,4
approaches,4
had,4
culture,4
same,4
here,4
europe,4
december,4
did,4
best,4
before,4
last,4
case,4
perhaps,4
another,4
vol,4
work,4
say,4
far,4
its,4
during,4
were,4
three,4
approach,4
him,4
century,4
gets,4
revisionists,4
damned,4
can,4
find,4
up,4
will,3
mexico,3
without,3
rather,3
indeed,3
reason,3
now,3
goes,3
opportunity,3
interpretation,3
americans,3
east,3
university,3
matters,3
then,3
warren,3
just,3
age,3
four,3
put,3
historiography,3
different,3
worth,3
came,3
down,3
pretty,3
how,3
better,3
though,3
cultural,3
where,3
less,3
takes,3
writes,3
really,3
don,3
emphasis,3
powers,3
point,3
part,3
civil,3
subject,3
great,3
largely,3
make,3
couple,3
cambridge,3
twentieth,3
authors,3
officials,3
although,3
define,3
period,3
revolution,3
affairs,3
beltway,3
nor,3
walter,3
we,3
should,3
general,3
nations,2
book,2
republican,2
relationship,2
york,2
may,2
whose,2
taken,2
fell,2
economic,2
organizing,2
imperatives,2
colleagues,2
nearly,2
parents,2
considerably,2
pursuit,2
earlier,2
yet,2
contribution,2
expect,2
standing,2
identifies,2
certain,2
try,2
ii,2
countries,2
volumes,2
makes,2
study,2
existed,2
once,2
h,2
itself,2
dean,2
former,2
family,2
wealth,2
asia,2
morgenthau,2
shouting,2
too,2
w,2
fact,2
spirit,2
cuba,2
present,2
actually,2
questions,2
belief,2
important,2
korean,2
outcome,2
over,2
paragraph,2
control,2
revolutionary,2
each,2
seems,2
opening,2
xii,2
assertion,2
together,2
else,2
half,2
domestic,2
gives,2
ideological,2
castro,2
rule,2
demands,2
speculation,2
very,2
end,2
state,2
historical,2
past,2
russia,2
bradford,2
works,2
elected,2
person,2
outside,2
exceptions,2
beginning,2
didn,2
corps,2
economy,2
skewering,2
terms,2
akira,2
series,2
shape,2
doesn,2
showing,2
required,2
while,2
sought,2
determinative,2
reactionaries,2
right,2
account,2
government,2
possible,2
understanding,2
quincy,2
foreigners,2
reaction,2
upon,2
occasionally,2
obvious,2
variations,2
conceptual,2
through,2
example,2
press,2
easy,2
asian,2
whole,2
kids,2
events,2
collection,2
policies,2
describes,2
superpower,2
phenomenon,2
congress,2
relentless,2
philippines,2
think,2
question,2
french,2
volume,2
years,2
status,2
both,2
washington,2
truman,2
concentrates,2
leave,2
hawaii,2
allowed,2
sometimes,2
field,2
dealings,2
course,2
contrast,2
thing,2
quite,2
provides,2
least,2
sentence,2
anybody,2
perspective,2
few,2
convincing,2
flame,2
differently,2
leaves,2
requires,2
played,2
texas,2
strategic,2
left,2
exactly,2
third,2
methodological,2
influences,2
adams,2
eyeball,2
story,2
abroad,2
among,2
basically,2
actions,2
americentric,2
seemed,2
let,2
pattern,1
impossible,1
escalate,1
carved,1
dealing,1
european,1
suggest,1
threatened,1
trots,1
go,1
steps,1
trod,1
happen,1
town,1
suggestion,1
polk,1
ruins,1
formulated,1
features,1
interesting,1
dead,1
beset,1
devote,1
sovereign,1
underground,1
arrangement,1
communist,1
menace,1
significant,1
m,1
perry,1
minor,1
subtheme,1
road,1
outsider,1
saw,1
matter,1
reagan,1
nonetheless,1
supporting,1
clones,1
diplomatsfranklin,1
versa,1
implemented,1
fairly,1
unsupported,1
quo,1
dilemma,1
defending,1
assert,1
later,1
military,1
treaties,1
crucial,1
within,1
identified,1
negatively,1
ways,1
imbalance,1
rusk,1
pittsburgh,1
held,1
happy,1
toward,1
either,1
maps,1
watch,1
created,1
feeling,1
comparative,1
mainline,1
unmoved,1
wonder,1
levers,1
basic,1
tried,1
deserve,1
bipolar,1
theorizing,1
attitude,1
forward,1
keepers,1
theater,1
fiction,1
defined,1
male,1
doctrine,1
mentioned,1
notion,1
process,1
revisionism,1
feel,1
brings,1
mess,1
exceptional,1
success,1
april,1
politicaleconomic,1
cult,1
scorning,1
soul,1
analyzes,1
grande,1
walker,1
still,1
chore,1
entree,1
starts,1
intervention,1
quarreling,1
render,1
obliquely,1
industrialize,1
president,1
determination,1
afield,1
deals,1
via,1
transformation,1
premises,1
barons,1
group,1
republic,1
executive,1
paradigmatic,1
parts,1
utterly,1
evinced,1
losing,1
decisions,1
direction,1
drastically,1
fittingly,1
nuance,1
often,1
opposite,1
properly,1
analysis,1
mark,1
tend,1
essays,1
lay,1
kid,1
slips,1
ollie,1
join,1
disciples,1
thrusting,1
factors,1
outlets,1
brute,1
moreover,1
ascribes,1
pins,1
constitutes,1
crunch,1
sets,1
motivation,1
guides,1
carnegies,1
handle,1
lateeighteenthand,1
slope,1
exists,1
nuts,1
patriarch,1
understand,1
face,1
security,1
nods,1
easily,1
seward,1
cleveland,1
federalist,1
struggle,1
presidents,1
happened,1
barely,1
dominican,1
sound,1
ruckus,1
shift,1
day,1
you,1
satisfied,1
pay,1
blows,1
vigor,1
dispossess,1
considerations,1
reckless,1
give,1
fifth,1
god,1
exceptionalism,1
policymakers,1
needless,1
virtuoso,1
disastrous,1
us,1
position,1
sorts,1
disappears,1
established,1
historiographical,1
incompletely,1
rockefellers,1
spent,1
home,1
bit,1
subset,1
branch,1
vatican,1
latin,1
maybe,1
section,1
elsewhere,1
threatening,1
relates,1
following,1
harness,1
turmoil,1
nineteenth,1
numbers,1
impact,1
dominate,1
preface,1
comes,1
ed,1
nice,1
escapades,1
several,1
al,1
differs,1
vowing,1
given,1
cottage,1
biography,1
women,1
proudest,1
show,1
department,1
agents,1
indexes,1
begins,1
principal,1
pull,1
said,1
riots,1
warns,1
member,1
continues,1
anything,1
stalin,1
powerful,1
worldviews,1
shattering,1
decidedly,1
beyond,1
wondering,1
explaining,1
pompous,1
defines,1
ignore,1
persuasive,1
echoes,1
tries,1
widen,1
elevates,1
narrowly,1
boundary,1
certainly,1
goals,1
text,1
name,1
creation,1
foreshadowed,1
majority,1
connection,1
statements,1
turn,1
pervasive,1
guidance,1
interested,1
courageous,1
set,1
hit,1
likewise,1
helped,1
business,1
neither,1
escapes,1
attempts,1
forty,1
evidence,1
opinion,1
quickly,1
preference,1
vols,1
again,1
drawing,1
criminally,1
nonstrategic,1
chasing,1
view,1
appear,1
particular,1
deserves,1
responsibilities,1
fundamental,1
worked,1
rational,1
conquest,1
taking,1
interwar,1
shoulders,1
presents,1
plus,1
overnight,1
quarrels,1
shares,1
uses,1
standards,1
efforts,1
irredeemable,1
side,1
shows,1
longer,1
comparatively,1
shaped,1
leading,1
extent,1
rolling,1
capitalist,1
industry,1
scientists,1
scholars,1
lucked,1
advantage,1
prey,1
opposing,1
room,1
know,1
clan,1
centralization,1
relegating,1
search,1
display,1
effect,1
ought,1
confusion,1
characterizes,1
sketches,1
tally,1
model,1
outlived,1
deems,1
doors,1
wave,1
blind,1
rivalry,1
children,1
generates,1
independence,1
economics,1
crowd,1
republicanism,1
figured,1
stable,1
xiii,1
clearly,1
substantive,1
farther,1
internationalist,1
john,1
reveal,1
onto,1
infer,1
goods,1
primacy,1
getting,1
longstanding,1
religion,1
weren,1
overseas,1
argue,1
el,1
number,1
opt,1
panama,1
niche,1
fashion,1
distinctive,1
greedy,1
seldom,1
help,1
placing,1
pedantry,1
hostilities,1
achieved,1
feature,1
arrogance,1
country,1
markets,1
delight,1
totalitarian,1
caricature,1
places,1
turned,1
took,1
fits,1
hand,1
camp,1
stand,1
precisely,1
fourth,1
primitive,1
paris,1
ground,1
william,1
surely,1
wit,1
actor,1
growing,1
shake,1
qualities,1
intelligence,1
superpowers,1
angle,1
johns,1
studying,1
dismissive,1
assess,1
similar,1
youngsters,1
chidings,1
empire,1
context,1
footnote,1
require,1
implicit,1
whether,1
population,1
sticks,1
produced,1
celebrated,1
form,1
see,1
slamming,1
cannot,1
fiefdom,1
desires,1
sorry,1
provocations,1
defense,1
bloodiest,1
gilded,1
stating,1
quartet,1
despite,1
practice,1
record,1
lets,1
however,1
japan,1
administration,1
blaming,1
xiv,1
determine,1
mere,1
plain,1
touch,1
bolts,1
hagiographic,1
implication,1
books,1
gales,1
king,1
threads,1
marxists,1
style,1
public,1
tracking,1
adopts,1
filter,1
repercussions,1
undertaking,1
matthew,1
hopkins,1
scene,1
going,1
free,1
shakespeare,1
wants,1
heed,1
saying,1
complain,1
warriors,1
distinguishes,1
arab,1
task,1
degree,1
tussles,1
scant,1
produce,1
precedent,1
tame,1
chapter,1
conservatives,1
original,1
demonstrated,1
wonders,1
missed,1
development,1
credit,1
politics,1
revealed,1
investment,1
used,1
ihe,1
rio,1
sumter,1
coherent,1
drive,1
develop,1
magnates,1
profession,1
place,1
sounder,1
pursue,1
own,1
referring,1
monroe,1
richard,1
cadre,1
comprises,1
bear,1
lighters,1
true,1
neatly,1
claim,1
sides,1
consequently,1
whatever,1
invited,1
undiluted,1
desired,1
charging,1
x,1
individual,1
ideologically,1
cliches,1
fundamentally,1
conception,1
role,1
along,1
negotiation,1
done,1
akin,1
predecessors,1
turns,1
caught,1
description,1
looked,1
simply,1
heaving,1
couch,1
ungracious,1
dozens,1
enduring,1
pokes,1
urging,1
encounter,1
interfaces,1
target,1
describe,1
theirs,1
neighborhood,1
overstating,1
turk,1
preposterous,1
globalizing,1
contends,1
battle,1
collective,1
engaging,1
warranted,1
crew,1
strenuous,1
aspect,1
unconcern,1
ciphers,1
salvador,1
when,1
nothing,1
prig,1
et,1
venture,1
includes,1
franklin,1
middle,1
proceeds,1
chosen,1
focuses,1
sees,1
previous,1
uncultured,1
write,1
widened,1
fun,1
employed,1
advantages,1
mundane,1
eras,1
devotion,1
nuclear,1
tell,1
shelter,1
radicalism,1
described,1
vice,1
explained,1
afflicted,1
only,1
argument,1
north,1
dynamics,1
inner,1
knew,1
careers,1
open,1
reject,1
vietnam,1
disappear,1
gracious,1
clear,1
deftly,1
belt,1
misrepresent,1
raving,1
worrying,1
accepts,1
opens,1
informed,1
barbary,1
national,1
stones,1
thread,1
author,1
outer,1
accept,1
dominated,1
missile,1
neighbors,1
good,1
mold,1
ended,1
offer,1
tone,1
nsc,1
consisted,1
skillets,1
grown,1
correct,1
afford,1
realism,1
caribbean,1
resembles,1
exasperated,1
carries,1
need,1
postcivil,1
weighs,1
leagues,1
hammer,1
strange,1
straight,1
seeming,1
disrepair,1
expected,1
global,1
france,1
effects,1
generation,1
changes,1
kind,1
devise,1
skirmishing,1
practiced,1
anyone,1
smarter,1
area,1
unity,1
standpoint,1
owned,1
cases,1
valid,1
madison,1
adequately,1
elements,1
unobjectionable,1
speak,1
latter,1
filtered,1
small,1
pages,1
doubtless,1
needs,1
morgans,1
examination,1
nicaragua,1
driving,1
realist,1
subjects,1
admitting,1
news,1
body,1
incapable,1
seek,1
response,1
depression,1
outbreaks,1
sense,1
disaster,1
six,1
difficulty,1
misread,1
presence,1
young,1
craft,1
breathes,1
recalls,1
omnipotence,1
met,1
essentially,1
assessing,1
xvi,1
examine,1
fit,1
negotiate,1
greatpower,1
truly,1
respond,1
spin,1
construction,1
always,1
early,1
weight,1
generally,1
hard,1
strikes,1
probably,1
element,1
finishing,1
instance,1
persuaded,1
sin,1
robber,1
nails,1
look,1
traditional,1
sapping,1
proper,1
accomplishments,1
soon,1
contending,1
discern,1
roaring,1
rigidity,1
confesses,1
overthrow,1
thunder,1
answers,1
weave,1
notes,1
remarks,1
treating,1
chronicles,1
value,1
admires,1
chinese,1
alienated,1
quarter,1
hardly,1
bibliographical,1
doing,1
doughtiest,1
weakness,1
built,1
attention,1
hans,1
close,1
haiti,1
isn,1
grasp,1
conceptually,1
coup,1
activities,1
occur,1
minions,1
paces,1
gist,1
means,1
says,1
