WORDCOUNTS,WEIGHT
the,147
of,94
and,87
to,78
kennan,72
in,68
s,48
that,40
a,39
was,30
as,24
he,23
stalin,22
miscamble,21
policy,21
his,18
europe,17
war,17
for,14
containment,14
with,13
economic,12
western,12
from,12
germany,11
marshall,11
had,11
political,11
japan,11
this,11
have,11
soviet,10
might,10
an,10
george,9
gaddis,9
is,9
by,9
these,9
power,9
acheson,9
would,9
on,9
foreign,8
american,8
united,8
not,8
history,8
truman,8
u,8
which,8
cold,8
states,8
world,8
than,8
f,7
but,7
approach,7
it,6
influential,6
or,6
also,6
military,6
into,6
plan,6
p,6
though,6
balance,6
during,6
were,6
at,5
does,5
who,5
they,5
covert,5
communist,5
pp,5
more,5
helped,5
many,5
december,5
did,5
could,5
forces,5
general,5
even,5
him,5
critical,4
action,4
their,4
security,4
threat,4
important,4
union,4
global,4
then,4
tucker,4
image,4
state,4
staff,4
reviews,4
see,4
be,4
planning,4
sorrows,4
strongpoint,4
pelz,4
such,4
so,4
after,4
if,4
much,4
therefore,3
negotiations,3
ii,3
aid,3
no,3
russian,3
rather,3
hogan,3
army,3
berlin,3
globalism,3
about,3
under,3
university,3
j,3
taubman,3
korea,3
weak,3
department,3
first,3
party,3
creation,3
toward,3
all,3
asia,3
parties,3
hixson,3
believe,3
scholars,3
john,3
whether,3
ad,3
michael,3
making,3
however,3
while,3
create,3
argues,3
red,3
some,3
west,3
peace,3
still,3
role,3
himself,3
use,3
policies,3
hoc,3
years,3
against,3
national,3
moscow,3
instead,3
correct,3
c,3
russia,3
postwar,3
division,3
anders,2
will,2
led,2
melvyn,2
urged,2
struggle,2
may,2
hegemony,2
without,2
various,2
sorrow,2
l,2
been,2
how,2
overall,2
europeans,2
resulted,2
robert,2
administration,2
april,2
nato,2
secretary,2
reconstruction,2
make,2
risk,2
case,2
large,2
countries,2
one,2
life,2
positive,2
southeast,2
conventional,2
analysis,2
fall,2
relied,2
favor,2
wanted,2
considered,2
position,2
character,2
share,2
eventually,2
proved,2
director,2
just,2
believed,2
shifting,2
conclusion,2
industrial,2
hickerson,2
most,2
only,2
stephen,2
social,2
useful,2
sources,2
lead,2
lewis,2
drew,2
attempts,2
korean,2
attempt,2
view,2
over,2
mayers,2
princeton,2
fact,2
book,2
head,2
great,2
domestic,2
superiors,2
international,2
atomic,2
concludes,2
far,2
nuclear,2
help,2
blockade,2
mind,2
william,2
according,2
career,2
what,2
relations,2
agreements,2
establish,2
less,2
leffler,2
entente,2
deep,2
armies,2
perhaps,2
east,2
advice,2
right,2
neutralize,2
local,2
occasionally,2
thereby,2
through,2
press,2
two,2
expand,2
plans,2
assumptions,2
us,2
questions,2
central,2
thus,2
drive,2
adventuristic,2
ultimately,2
finally,2
purges,2
memoirs,2
g,2
good,2
serious,2
adopted,2
portray,2
although,2
walter,2
d,2
building,2
coexistence,2
restore,2
revolution,2
affairs,2
elements,2
latter,2
queen,2
between,2
stephanson,2
listened,2
research,2
diplomatic,2
weapons,2
third,2
detente,2
alliances,2
early,2
when,2
including,2
consequently,2
greece,2
italy,2
look,2
we,2
cooperative,2
doing,2
influence,2
competitive,2
nations,1
bee,1
survived,1
critics,1
south,1
rejoice,1
european,1
carried,1
failed,1
secret,1
steps,1
poor,1
weapon,1
relationship,1
second,1
valedictory,1
republic,1
puppet,1
revisionist,1
whose,1
doubts,1
bevin,1
chances,1
road,1
limits,1
matter,1
territorial,1
predicted,1
operations,1
frustration,1
fairly,1
revolts,1
rested,1
dilemma,1
later,1
generated,1
devious,1
amherst,1
ruthless,1
short,1
indeed,1
bourgeois,1
correlations,1
ministry,1
debated,1
ready,1
isolation,1
foggy,1
alliance,1
reasonable,1
deadly,1
extend,1
lines,1
interventions,1
hive,1
nearly,1
primarily,1
bulletin,1
implies,1
dulles,1
rhine,1
worldwide,1
success,1
active,1
community,1
indiscriminate,1
visceral,1
armed,1
opportunities,1
sphere,1
legal,1
flexible,1
contribution,1
sympathetic,1
wilson,1
movement,1
direct,1
replaced,1
backed,1
diagnosis,1
disarmed,1
studies,1
distinguished,1
strive,1
deputy,1
illustrations,1
mark,1
white,1
lay,1
existed,1
hope,1
consequences,1
likely,1
frontier,1
system,1
confines,1
godfathers,1
ernest,1
push,1
arrangements,1
send,1
treaty,1
addition,1
kremlin,1
planner,1
departures,1
marginal,1
retreat,1
happened,1
appendixes,1
thought,1
mission,1
evil,1
boris,1
escaped,1
backs,1
erratic,1
failure,1
torpedo,1
established,1
yeltsin,1
minor,1
wars,1
evaluating,1
shadow,1
combined,1
ambitious,1
clearly,1
historian,1
gauging,1
complement,1
n,1
arguing,1
are,1
variety,1
demonstrates,1
lament,1
shore,1
argued,1
version,1
too,1
peoples,1
drone,1
nervous,1
wartime,1
spanish,1
austrian,1
arms,1
qualified,1
agents,1
scuttle,1
democratic,1
ever,1
being,1
duress,1
came,1
finlandization,1
blocs,1
flexibility,1
leans,1
either,1
paterson,1
picture,1
rival,1
regime,1
chose,1
ignore,1
wrong,1
neutralist,1
stalinist,1
try,1
starting,1
certainly,1
tides,1
posed,1
resuming,1
voices,1
yes,1
tell,1
index,1
other,1
set,1
evidence,1
strategy,1
drowned,1
others,1
cia,1
drawing,1
strengthen,1
renewed,1
available,1
particular,1
chance,1
lucky,1
conflicts,1
recovery,1
conduct,1
greater,1
official,1
paper,1
efforts,1
result,1
definition,1
appraisal,1
assets,1
incorrect,1
whom,1
shaped,1
aftermath,1
cautiously,1
endorse,1
best,1
areas,1
regret,1
down,1
advantage,1
lasting,1
assertion,1
medicine,1
rule,1
found,1
hungarian,1
proposal,1
argue,1
hands,1
called,1
reasons,1
britain,1
regard,1
temptation,1
multiarchival,1
withdrawal,1
portrayal,1
incompetence,1
lived,1
follows,1
particularly,1
really,1
able,1
any,1
closer,1
enemy,1
criticisms,1
cautious,1
remain,1
doubt,1
arsenal,1
build,1
workable,1
bases,1
collapses,1
charges,1
fashion,1
desk,1
reactionary,1
xx,1
damage,1
above,1
agree,1
failures,1
boggles,1
minister,1
works,1
planners,1
channel,1
archival,1
meantime,1
person,1
further,1
oversimplified,1
do,1
raised,1
those,1
same,1
defend,1
intervene,1
aftereffects,1
iconoclast,1
eisenhower,1
china,1
somewhat,1
mainly,1
czechoslovakia,1
german,1
johns,1
files,1
calculus,1
them,1
militaryoriented,1
hinterlands,1
vulnerable,1
advisers,1
recently,1
undaunted,1
revive,1
answer,1
british,1
rising,1
suffered,1
applied,1
proxy,1
council,1
excellent,1
ports,1
remained,1
troops,1
amenable,1
hoped,1
forward,1
dr,1
lunge,1
required,1
eds,1
eastern,1
assault,1
unnecessary,1
taught,1
problem,1
assertions,1
historians,1
negotiated,1
prepare,1
hopkins,1
number,1
finlandize,1
comfortable,1
encountered,1
out,1
america,1
day,1
hitler,1
pursued,1
aspects,1
improve,1
president,1
cloth,1
well,1
shape,1
pact,1
chapter,1
another,1
interwar,1
having,1
italian,1
militarized,1
nitze,1
possible,1
future,1
politics,1
partition,1
closed,1
exploring,1
contain,1
missed,1
art,1
admits,1
work,1
new,1
middle,1
disease,1
abroad,1
lost,1
background,1
both,1
network,1
diplomat,1
made,1
researchers,1
bibliography,1
doomed,1
varieties,1
move,1
disagree,1
preferred,1
careful,1
reveal,1
claim,1
clear,1
taking,1
heavily,1
conclude,1
part,1
very,1
progress,1
establishment,1
civil,1
unify,1
became,1
test,1
unrealistic,1
correlation,1
its,1
waning,1
insuring,1
recommendations,1
methodical,1
spiraling,1
simply,1
rigid,1
introduction,1
probably,1
safely,1
downplayed,1
urging,1
feared,1
largely,1
sand,1
force,1
assumption,1
place,1
has,1
misguided,1
broad,1
phenomenon,1
ideas,1
unprovable,1
opened,1
conflict,1
maintains,1
revivals,1
prepared,1
archive,1
nazi,1
away,1
chiefs,1
question,1
experiences,1
considerable,1
enthusiasm,1
believes,1
i,1
soft,1
deconcentration,1
until,1
astute,1
described,1
advance,1
project,1
demilitarize,1
immediate,1
own,1
patient,1
clung,1
diplomacy,1
opposed,1
authors,1
regions,1
endorsements,1
author,1
beyond,1
demoralized,1
explaining,1
pitfalls,1
crisis,1
amounts,1
remember,1
unending,1
held,1
decided,1
david,1
deterrence,1
neutered,1
change,1
throat,1
japanese,1
specialists,1
stymied,1
shaping,1
heartland,1
expected,1
next,1
course,1
order,1
neutralized,1
nevertheless,1
kramer,1
french,1
turn,1
poetic,1
forsook,1
implacable,1
extremely,1
thomas,1
nor,1
dean,1
forms,1
fertilization,1
neutral,1
overwork,1
several,1
drones,1
preponderance,1
specific,1
potential,1
contrary,1
promised,1
race,1
response,1
serving,1
depression,1
assumed,1
temporary,1
governments,1
morale,1
massachusetts,1
bottoms,1
demoralize,1
left,1
supply,1
disarm,1
tended,1
truly,1
can,1
core,1
yugoslav,1
rearmament,1
debate,1
always,1
partial,1
condemned,1
competition,1
up,1
purging,1
northwestern,1
stalinizing,1
treating,1
looming,1
avoided,1
strong,1
sympathizes,1
answers,1
recent,1
notes,1
stooge,1
resist,1
joint,1
appropriate,1
should,1
basically,1
delineate,1
paul,1
finds,1
deploy,1
passive,1
greek,1
nazisoviet,1
settle,1
russoamerican,1
awaiting,1
concluded,1
major,1
strategies,1
fertilize,1
lie,1
leftist,1
