WORDCOUNTS,WEIGHT
the,112
of,79
and,73
holmes,68
a,61
s,50
in,48
to,48
law,32
his,31
legal,26
that,25
on,25
as,23
for,23
speech,15
white,14
from,14
judicial,14
judge,12
he,11
by,11
which,11
inner,11
opinions,11
it,10
wendell,10
history,10
oliver,10
this,10
american,9
biography,9
more,9
jr,9
self,9
than,9
at,8
life,8
with,8
or,8
both,8
is,7
court,7
review,7
an,7
be,7
even,7
justice,7
supreme,6
who,6
first,6
was,6
had,6
p,6
particularly,6
writings,6
himself,6
amendment,6
rosenberg,6
between,6
not,5
only,5
all,5
its,5
issues,5
personal,5
such,5
years,5
several,5
when,5
common,4
rather,4
study,4
about,4
university,4
school,4
familiar,4
biographical,4
but,4
harvard,4
book,4
other,4
new,4
can,4
cultural,4
reviews,4
public,4
free,4
texts,4
discourses,4
protected,4
private,4
popular,4
own,4
judges,4
him,4
legally,4
early,4
famous,4
figure,3
suggestive,3
edward,3
does,3
earlier,3
certain,3
intellectual,3
pp,3
literary,3
v,3
posner,3
simply,3
statements,3
later,3
gilmore,3
death,3
over,3
appear,3
metaphorical,3
seem,3
did,3
frankfurter,3
philosophical,3
political,3
what,3
papers,3
less,3
students,3
has,3
u,3
argues,3
chapter,3
suggests,3
doctrinal,3
example,3
became,3
place,3
were,3
g,3
peter,3
offer,3
legacy,3
after,3
progressive,3
never,3
scholarship,3
hollywood,3
professional,3
courts,2
pattern,2
may,2
relationship,2
likely,2
role,2
york,2
without,2
letters,2
how,2
might,2
goodrich,2
doctrine,2
still,2
yale,2
yankee,2
similar,2
modes,2
one,2
special,2
often,2
howe,2
h,2
dissent,2
issue,2
nonjudicial,2
these,2
most,2
different,2
two,2
ever,2
known,2
beyond,2
position,2
every,2
provide,2
also,2
press,2
colorado,2
important,2
projects,2
many,2
lacked,2
specialized,2
lengthy,2
agenda,2
broadly,2
great,2
display,2
time,2
served,2
very,2
historical,2
i,2
acclaim,2
there,2
person,2
readers,2
those,2
receive,2
reading,2
whether,2
recently,2
celebrated,2
see,2
making,2
particular,2
ed,2
admirers,2
style,2
note,2
biographies,2
constitutional,2
account,2
authorized,2
some,2
stance,2
work,2
father,2
richard,2
nation,2
careful,2
jurisprudential,2
recognition,2
significantly,2
including,2
despite,2
civil,2
concern,2
gave,2
audience,2
during,2
people,2
writing,2
learned,2
questions,2
winter,2
thus,2
arguments,2
question,2
september,2
author,2
finally,2
so,2
cases,2
transcend,2
least,2
holmesian,2
highest,2
massachusetts,2
arranged,2
single,2
died,2
always,2
norman,2
seeking,2
instance,2
story,2
attracted,2
among,2
remains,2
should,2
broader,2
talent,2
though,2
attention,2
mentioned,1
appeal,1
regained,1
four,1
implicitly,1
will,1
freedoms,1
jurist,1
aristocrat,1
critical,1
wounds,1
beacon,1
now,1
led,1
sample,1
currently,1
recognized,1
revisionist,1
coherent,1
whose,1
coherency,1
dominates,1
minor,1
publishing,1
criticism,1
nonetheless,1
hopes,1
greats,1
way,1
act,1
traverse,1
heroic,1
consistency,1
sometimes,1
skilled,1
l,1
been,1
commentary,1
doyle,1
quickly,1
aimed,1
debunk,1
generations,1
prize,1
louis,1
overall,1
nonsense,1
fully,1
aggressive,1
hill,1
represent,1
modernize,1
trials,1
lochner,1
kind,1
brief,1
college,1
modernism,1
nearly,1
deviation,1
adored,1
ranges,1
intersection,1
represented,1
seen,1
view,1
detailed,1
inconsistently,1
titled,1
senior,1
manages,1
mother,1
conversation,1
buck,1
legitimacy,1
grew,1
group,1
brand,1
leave,1
their,1
hero,1
olympus,1
memorable,1
judged,1
achievements,1
volumes,1
contributions,1
laski,1
conventional,1
danger,1
illustrations,1
properly,1
approaches,1
superb,1
convictions,1
reforms,1
anchor,1
bibliographical,1
achieve,1
gibian,1
once,1
oxford,1
elderly,1
moreover,1
provides,1
moves,1
yet,1
types,1
strictly,1
centuries,1
felix,1
itself,1
lives,1
majoritarian,1
twenty,1
studies,1
cardozo,1
older,1
builds,1
thought,1
freely,1
realign,1
totalitarianism,1
fail,1
deconstructed,1
stable,1
abrams,1
articulations,1
consider,1
center,1
policy,1
protection,1
entry,1
index,1
equated,1
seems,1
virtually,1
allies,1
marshall,1
emergence,1
novick,1
ambitious,1
eventually,1
any,1
takes,1
warren,1
liberties,1
just,1
edition,1
exceptions,1
accomplishments,1
imagined,1
articulate,1
ranks,1
reexamination,1
invariably,1
passionately,1
articulated,1
result,1
series,1
historiography,1
genre,1
sheldon,1
argued,1
too,1
comparison,1
claims,1
jurists,1
must,1
baker,1
themes,1
departing,1
department,1
detachment,1
soldier,1
extensive,1
ask,1
increasingly,1
invoked,1
romance,1
characteristics,1
readings,1
either,1
detective,1
liva,1
social,1
present,1
physical,1
chose,1
volume,1
tries,1
explicate,1
merited,1
embraced,1
antimajoritarian,1
convincing,1
construct,1
lewis,1
victorian,1
offers,1
here,1
sustained,1
greatness,1
coauthored,1
comments,1
helped,1
power,1
cover,1
consensus,1
evidence,1
metaphoric,1
opinion,1
mark,1
culturally,1
enables,1
decades,1
address,1
crucial,1
natural,1
secretary,1
conceived,1
conceptions,1
robert,1
similarly,1
trying,1
emmett,1
doubters,1
assessments,1
primarily,1
elements,1
dewolfe,1
image,1
addition,1
added,1
duxbury,1
environment,1
j,1
opening,1
five,1
response,1
maze,1
are,1
skills,1
joins,1
gary,1
came,1
subject,1
whom,1
reach,1
merging,1
exercises,1
xii,1
could,1
outlook,1
future,1
calhern,1
appendix,1
found,1
desire,1
estimation,1
ambition,1
access,1
regard,1
extended,1
reform,1
emphasis,1
clerks,1
against,1
eugenics,1
then,1
reasoning,1
scholar,1
format,1
intellectuals,1
cure,1
tells,1
john,1
events,1
affected,1
cognitive,1
personality,1
written,1
orthodoxy,1
near,1
arthur,1
before,1
real,1
differed,1
praised,1
junior,1
distinctive,1
man,1
observes,1
mass,1
fresh,1
judgments,1
passionate,1
culture,1
emerges,1
assessment,1
compared,1
course,1
last,1
late,1
men,1
evident,1
mind,1
enough,1
musings,1
hand,1
justify,1
fourth,1
executor,1
equally,1
fame,1
ground,1
psychic,1
supporters,1
noblesse,1
according,1
formation,1
adopt,1
nineteenth,1
committed,1
war,1
wishing,1
youthful,1
michigan,1
johns,1
career,1
notable,1
analytic,1
carefully,1
concedes,1
unique,1
them,1
legend,1
form,1
answer,1
ones,1
historically,1
accounts,1
suffered,1
forth,1
younger,1
well,1
era,1
authoring,1
proceed,1
aichle,1
however,1
metaphor,1
advocates,1
deep,1
austere,1
transcendental,1
dr,1
protective,1
bias,1
theory,1
vehicles,1
trade,1
find,1
subsequent,1
doctor,1
jewish,1
guidelines,1
occasions,1
hopkins,1
notoriety,1
number,1
sought,1
remarkably,1
firm,1
outlines,1
march,1
enthusiastically,1
darwinist,1
remained,1
birthday,1
sir,1
having,1
espionage,1
views,1
pierre,1
learn,1
basis,1
recognizing,1
distinguish,1
w,1
greatest,1
journals,1
literature,1
vast,1
resituate,1
throw,1
skepticism,1
paying,1
solid,1
sensitive,1
rendered,1
alter,1
magnificent,1
powell,1
dissenters,1
reaped,1
schlag,1
move,1
ideal,1
accompanying,1
biopic,1
decisions,1
limitations,1
biographers,1
clear,1
marked,1
formal,1
lavery,1
brought,1
little,1
bell,1
part,1
fictional,1
introduced,1
play,1
chart,1
republic,1
microfilm,1
promises,1
justicefrom,1
positions,1
attributed,1
criticized,1
sycophantic,1
honorable,1
eighties,1
significant,1
skeptical,1
combining,1
finish,1
sterilization,1
describe,1
freedom,1
consistently,1
largely,1
discussions,1
emphasize,1
conversely,1
pursuing,1
harold,1
incompetents,1
assume,1
unitary,1
broad,1
controlled,1
icon,1
ideas,1
concentrate,1
representation,1
conan,1
conflicted,1
somehow,1
conflict,1
central,1
resolved,1
phase,1
doctrines,1
friction,1
our,1
includes,1
named,1
ceremonies,1
previous,1
anything,1
eras,1
pennsylvania,1
folklore,1
until,1
oblige,1
grant,1
project,1
used,1
touch,1
won,1
interested,1
justifiably,1
murderer,1
professor,1
discovered,1
since,1
insights,1
three,1
traditional,1
demanded,1
twentieth,1
directed,1
have,1
approach,1
grounded,1
stakes,1
national,1
express,1
macalester,1
featured,1
virtues,1
defender,1
essay,1
rereadings,1
published,1
broadcast,1
mindful,1
ended,1
worked,1
adopted,1
times,1
detached,1
defensive,1
sense,1
realism,1
persona,1
would,1
magazine,1
suggest,1
stage,1
reliable,1
rooted,1
high,1
reformulated,1
poet,1
distinction,1
positivism,1
held,1
colleagues,1
seeks,1
steven,1
ninetieth,1
turn,1
emphasizes,1
black,1
standard,1
theoretical,1
enliven,1
venerable,1
association,1
cbs,1
overseers,1
journey,1
worried,1
academic,1
closing,1
devotees,1
offered,1
especially,1
narrowly,1
driving,1
few,1
endeavors,1
back,1
although,1
prominent,1
satisfy,1
inspired,1
seek,1
compulsory,1
serving,1
castleton,1
hugo,1
portrait,1
theorist,1
presence,1
become,1
radio,1
research,1
narrow,1
interpretations,1
clare,1
assessing,1
biographer,1
enlightened,1
publications,1
debate,1
create,1
improbable,1
explore,1
up,1
through,1
looks,1
interaction,1
piqued,1
journal,1
looked,1
zechariah,1
focus,1
much,1
world,1
emily,1
correspondence,1
saw,1
portrays,1
recent,1
notes,1
brahmin,1
appropriate,1
general,1
invites,1
originatory,1
chafee,1
sets,1
close,1
vividly,1
gordon,1
major,1
seemed,1
decision,1
sturges,1
