WORDCOUNTS,WEIGHT
the,161
of,106
and,90
to,62
in,41
s,37
tapes,34
a,31
johnson,23
his,21
as,21
is,20
that,20
what,19
on,17
nixon,16
an,16
be,15
with,14
crisis,14
they,13
but,13
by,13
are,12
he,10
for,10
kennedy,10
can,10
have,10
we,10
who,9
house,9
white,9
about,9
or,9
from,9
kutler,9
these,9
not,9
i,9
them,9
this,9
missile,9
would,9
may,8
it,8
presidency,8
any,8
p,8
record,8
beschloss,8
will,7
been,7
was,7
history,7
only,7
more,7
all,7
new,7
material,7
understanding,7
president,7
conversations,7
us,6
also,6
important,6
book,6
other,6
watergate,6
recorded,6
which,6
between,6
zelikow,6
cuban,5
materials,5
how,5
inside,5
their,5
american,5
one,5
pp,5
historian,5
vietnam,5
transcripts,5
power,5
had,5
historical,5
man,5
want,5
studying,5
were,5
interest,5
so,5
presidential,5
than,5
at,4
told,4
edited,4
recordings,4
russell,4
source,4
times,4
most,4
beyond,4
many,4
greater,4
do,4
reviews,4
however,4
books,4
historians,4
well,4
abuse,4
listening,4
made,4
future,4
taking,4
events,4
lbj,4
during,4
full,4
years,4
dallek,4
charge,4
him,4
media,4
civil,4
york,3
no,3
soviet,3
rights,3
make,3
unprecedented,3
why,3
yet,3
presidents,3
lyndon,3
university,3
detail,3
index,3
into,3
then,3
without,3
first,3
sources,3
if,3
jfk,3
did,3
different,3
commission,3
taped,3
learn,3
robert,3
reading,3
war,3
has,3
almost,3
r,3
biographers,3
through,3
example,3
press,3
people,3
our,3
office,3
three,3
publication,3
television,3
anyone,3
old,3
needs,3
june,3
written,3
munich,3
oral,3
valuable,3
single,3
radio,3
find,3
like,3
traditional,3
essential,2
note,2
service,2
fewer,2
fair,2
importance,2
life,2
illustrations,2
fall,2
tale,2
months,2
get,2
understand,2
thought,2
matters,2
home,2
warren,2
air,2
ed,2
said,2
lemay,2
volume,2
unparalleled,2
military,2
know,2
might,2
put,2
addition,2
incomplete,2
shows,2
copy,2
harbor,2
best,2
appearance,2
histories,2
daily,2
great,2
documents,2
flawed,2
rich,2
able,2
john,2
far,2
jacket,2
everything,2
before,2
nuclear,2
there,2
judgments,2
those,2
political,2
report,2
michael,2
see,2
answer,2
cannot,2
ernest,2
confrontation,2
deliberations,2
add,2
pigs,2
public,2
primary,2
wants,2
xix,2
information,2
episode,2
influences,2
election,2
both,2
own,2
richard,2
skulduggery,2
brought,2
since,2
part,2
secret,2
publishers,2
himself,2
administration,2
use,2
choices,2
acknowledges,2
demonstrates,2
records,2
work,2
coming,2
national,2
personal,2
described,2
editor,2
xv,2
valenti,2
against,2
write,2
washington,2
agreement,2
grips,2
david,2
although,2
giant,2
d,2
agree,2
you,2
after,2
tape,2
event,2
campaign,2
bay,2
pearl,2
back,2
extraordinary,2
philip,2
fully,2
when,2
even,2
says,2
much,2
details,2
among,2
value,2
general,2
stanley,2
ruined,1
appeasement,1
appeal,1
analytical,1
mongoose,1
hyperventilating,1
south,1
difficult,1
enough,1
maids,1
f,1
telephone,1
go,1
archives,1
poor,1
now,1
challenge,1
high,1
interviewing,1
releases,1
likely,1
generis,1
final,1
doubts,1
replied,1
way,1
true,1
letters,1
hyperbole,1
assert,1
later,1
bring,1
coverup,1
invasion,1
action,1
five,1
aimed,1
criminal,1
answered,1
buyers,1
short,1
abound,1
essence,1
remain,1
resisted,1
limited,1
peaceful,1
ironically,1
tax,1
career,1
tried,1
curtis,1
begins,1
low,1
assassination,1
dangers,1
fastest,1
initiatives,1
hubert,1
concerns,1
process,1
watching,1
needlessly,1
alone,1
seen,1
relations,1
july,1
ultimate,1
mechanics,1
reconstruction,1
mundane,1
judgment,1
determining,1
force,1
bill,1
flag,1
passing,1
thirteen,1
similar,1
b,1
talk,1
covert,1
center,1
category,1
expert,1
balanced,1
parts,1
significant,1
touched,1
culpability,1
hold,1
decisions,1
selection,1
special,1
star,1
often,1
manipulative,1
intimately,1
feel,1
united,1
once,1
front,1
impeach,1
stutters,1
motivation,1
rewards,1
making,1
involvement,1
itself,1
saturday,1
face,1
union,1
articles,1
makes,1
escape,1
perceptions,1
developments,1
happened,1
premier,1
country,1
serve,1
bad,1
vastly,1
ring,1
require,1
consider,1
ranges,1
reconstruct,1
incompletely,1
organized,1
included,1
behavior,1
amply,1
worries,1
fifteen,1
abuses,1
paper,1
antipoverty,1
korea,1
amid,1
eagerness,1
panama,1
complete,1
quoted,1
believed,1
humphrey,1
aides,1
treated,1
sorting,1
usefulness,1
variety,1
excitement,1
memories,1
pentagon,1
intense,1
already,1
circumstances,1
recently,1
four,1
forcefully,1
qualified,1
extensive,1
animus,1
clarifying,1
codenamed,1
ever,1
rising,1
being,1
damaging,1
resource,1
anything,1
posturing,1
t,1
decidedly,1
riesman,1
explaining,1
followed,1
chose,1
wrong,1
every,1
perhaps,1
conversation,1
resolution,1
glimpse,1
identifying,1
successfully,1
useful,1
questions,1
explain,1
handle,1
originally,1
likewise,1
give,1
sometimes,1
forty,1
particulars,1
korean,1
toward,1
implying,1
again,1
others,1
cia,1
cut,1
attempt,1
over,1
sunday,1
asserts,1
reduced,1
darkest,1
fragmentary,1
each,1
advanced,1
hours,1
temperaments,1
nature,1
hype,1
scientist,1
sui,1
my,1
secretive,1
remembered,1
handling,1
based,1
expose,1
dopester,1
oval,1
opposition,1
allow,1
withholding,1
unknown,1
alexander,1
could,1
cursed,1
advantage,1
pressure,1
appendix,1
found,1
fascinating,1
half,1
called,1
prettiest,1
access,1
regard,1
draws,1
choice,1
effort,1
ideological,1
walked,1
out,1
larger,1
tells,1
understandable,1
obviously,1
immune,1
rely,1
emphatic,1
getting,1
room,1
light,1
excite,1
contemporary,1
leaked,1
number,1
ago,1
chairman,1
resolved,1
cables,1
circumspection,1
past,1
blockade,1
search,1
xx,1
such,1
u,1
roosevelt,1
passage,1
secretly,1
afraid,1
lone,1
better,1
never,1
overstate,1
readers,1
behind,1
date,1
fullest,1
stand,1
marine,1
shaped,1
principal,1
captive,1
crusade,1
poverty,1
powers,1
sincerity,1
secrets,1
readiness,1
johns,1
decisionmakers,1
daniel,1
memos,1
papers,1
contents,1
terms,1
means,1
celebrated,1
form,1
less,1
references,1
wave,1
ellsberg,1
side,1
takes,1
series,1
deep,1
existence,1
cabinet,1
sociologist,1
time,1
reconstructing,1
eds,1
bare,1
notes,1
task,1
khrushchev,1
capacity,1
advice,1
boston,1
january,1
hopkins,1
notice,1
foreknowledge,1
free,1
mass,1
expressions,1
america,1
transparent,1
because,1
editorials,1
imagine,1
installations,1
failure,1
incriminating,1
remove,1
jack,1
skillfully,1
shrewdly,1
simon,1
inner,1
misdemeanors,1
psychology,1
credit,1
some,1
possible,1
don,1
private,1
standard,1
revealed,1
miss,1
art,1
leave,1
pretend,1
inexhaustible,1
intimate,1
knew,1
memoranda,1
intent,1
considerably,1
solely,1
easier,1
infer,1
schuster,1
moscow,1
range,1
unquestionably,1
nine,1
must,1
limitations,1
imagined,1
significantly,1
smartest,1
point,1
crude,1
hundreds,1
despite,1
previously,1
selecting,1
knowledge,1
detailed,1
providing,1
became,1
two,1
actors,1
november,1
lays,1
page,1
shoup,1
penetrating,1
its,1
top,1
plans,1
ten,1
assumptions,1
gate,1
enduring,1
whole,1
genuine,1
outpouring,1
discussions,1
place,1
sign,1
emphasize,1
editorial,1
describes,1
issues,1
phenomenon,1
congress,1
aside,1
harvard,1
writing,1
learned,1
moments,1
human,1
think,1
individuals,1
franklin,1
cowardice,1
level,1
recounting,1
injurious,1
annotated,1
away,1
chiefs,1
surrounding,1
question,1
newspaper,1
institution,1
impenetrable,1
nor,1
ultimately,1
until,1
students,1
butterfield,1
recording,1
objective,1
cambridge,1
crises,1
countless,1
professor,1
memoirs,1
backgrounds,1
barrages,1
superbly,1
analyzing,1
aware,1
numerous,1
october,1
september,1
xxiii,1
reservations,1
insights,1
signing,1
someone,1
dangerous,1
castro,1
august,1
veers,1
documentation,1
running,1
accused,1
least,1
instead,1
controversies,1
include,1
sense,1
describing,1
discerning,1
billion,1
crimes,1
need,1
depositories,1
save,1
stage,1
states,1
tested,1
term,1
played,1
immediacy,1
asked,1
distinction,1
learning,1
forced,1
exercise,1
off,1
guided,1
turn,1
down,1
last,1
quite,1
psychiatrist,1
basic,1
remembering,1
provides,1
night,1
fine,1
involved,1
unhappiness,1
self,1
around,1
beacons,1
footnotes,1
writes,1
underscore,1
secretaries,1
thousand,1
especially,1
amount,1
subjects,1
news,1
revealing,1
trying,1
newspapers,1
portrait,1
presence,1
honest,1
become,1
themselves,1
dates,1
assessing,1
wise,1
narrative,1
say,1
misleading,1
era,1
preeminently,1
beginning,1
partial,1
views,1
up,1
strikes,1
probably,1
element,1
obscure,1
elated,1
given,1
brinkmanship,1
vice,1
eager,1
macy,1
world,1
tales,1
deeply,1
reforms,1
vulgar,1
availabletapes,1
leadership,1
caution,1
should,1
understood,1
yes,1
finds,1
devastated,1
attention,1
contradictory,1
actions,1
suggest,1
activities,1
major,1
justice,1
depths,1
unassailable,1
society,1
shaping,1
selectively,1
