WORDCOUNTS,WEIGHT
the,196
of,144
in,76
is,74
to,72
a,69
and,69
it,40
haskell,29
that,27
not,23
on,22
s,21
this,20
we,19
are,17
at,15
one,15
conversation,15
moral,14
as,13
essays,13
about,13
from,13
more,13
for,13
be,12
than,12
with,11
pragmatism,11
these,11
new,11
i,11
what,11
history,10
but,10
by,10
experience,10
other,10
out,10
can,10
an,10
his,9
face,9
have,9
t,9
if,8
will,8
dewey,8
do,8
professionals,8
facts,8
modernity,8
even,8
they,7
group,7
american,7
yet,7
ways,7
was,7
same,7
objectivity,7
her,7
here,7
over,7
pragmatic,7
inquiry,7
has,7
while,7
discussion,7
both,7
sense,7
world,7
how,6
truth,6
modern,6
or,6
also,6
important,6
between,6
book,6
left,6
its,6
defense,6
he,5
no,5
been,5
us,5
our,5
might,5
intellectual,5
fact,5
could,5
john,5
very,5
there,5
those,5
cmiel,5
number,5
another,5
politics,5
used,5
richard,5
authors,5
interchange,5
thick,5
debate,5
up,5
capitalism,5
need,5
among,5
she,4
still,4
center,4
often,4
when,4
postmodern,4
university,4
into,4
political,4
most,4
two,4
toward,4
all,4
talking,4
different,4
best,4
p,4
past,4
academic,4
westbrook,4
robert,4
reviews,4
theory,4
books,4
because,4
point,4
press,4
people,4
think,4
goal,4
argument,4
such,4
years,4
ethical,4
interest,4
least,4
philosophy,4
back,4
scholarship,4
anderson,4
much,4
value,4
professional,4
should,4
critics,3
now,3
without,3
way,3
revival,3
get,3
talk,3
their,3
peirce,3
class,3
reckoning,3
rorty,3
pp,3
wars,3
any,3
cornell,3
right,3
something,3
arguing,3
descriptions,3
beyond,3
certainly,3
professions,3
great,3
alan,3
contemporary,3
late,3
never,3
drucilla,3
attitudes,3
seventies,3
pragmatists,3
march,3
well,3
understanding,3
work,3
own,3
fine,3
part,3
calls,3
geertz,3
neutrality,3
skeptical,3
make,3
which,3
were,3
professionalism,3
only,3
since,3
essay,3
good,3
course,3
although,3
current,3
so,3
high,3
century,3
deliberation,3
ongoing,3
times,3
problems,3
epistemology,3
james,3
early,3
common,3
democracy,2
critical,2
via,2
situation,2
today,2
matter,2
dialogic,2
rather,2
kenneth,2
bring,2
vision,2
opponent,2
does,2
return,2
explicit,2
who,2
contributors,2
began,2
after,2
southern,2
mix,2
responsible,2
guide,2
feel,2
somehow,2
itself,2
remains,2
makes,2
claims,2
general,2
pragmatist,2
culture,2
everyone,2
gradually,2
relativism,2
several,2
ve,2
themes,2
cornel,2
theme,2
comes,2
volume,2
egos,2
every,2
distant,2
others,2
ancient,2
academy,2
view,2
appear,2
meaning,2
worked,2
clifford,2
based,2
lack,2
capitalist,2
cumulative,2
harder,2
marion,2
wolfe,2
aesthetic,2
closer,2
radical,2
distrust,2
liberal,2
real,2
help,2
poetry,2
term,2
testimony,2
big,2
further,2
didn,2
reading,2
metaphors,2
bakhtin,2
hostile,2
johns,2
attack,2
satire,2
establish,2
them,2
relevant,2
confrontation,2
evaluation,2
takes,2
practice,2
add,2
perhaps,2
deliberative,2
fox,2
key,2
dream,2
public,2
insightful,2
comity,2
always,2
hopkins,2
really,2
information,2
divide,2
notion,2
republican,2
argues,2
imagine,2
don,2
smiley,2
nonetheless,2
ideal,2
future,2
correctly,2
mikhail,2
range,2
sober,2
writers,2
claim,2
onto,2
west,2
invited,2
say,2
far,2
turns,2
disciplines,2
freedom,2
issues,2
stress,2
central,2
call,2
check,2
question,2
tell,2
defends,2
margaret,2
sensibilities,2
against,2
doctors,2
truths,2
social,2
instead,2
correct,2
like,2
working,2
evidence,2
thoughtful,2
unity,2
thomas,2
distinct,2
old,2
around,2
imagination,2
dialogue,2
exchange,2
wasn,2
consensus,2
few,2
philosophie,2
collects,2
editors,2
research,2
themselves,2
widely,2
differ,2
notes,2
ago,2
game,2
mentioned,1
barbara,1
fails,1
final,1
folds,1
span,1
given,1
aim,1
rights,1
steps,1
defended,1
inside,1
calm,1
hash,1
entail,1
states,1
second,1
adequate,1
york,1
replacing,1
whose,1
ancienne,1
lucidly,1
andersonends,1
limits,1
fuller,1
spelling,1
bringing,1
stuart,1
etudes,1
george,1
segments,1
humanitarian,1
within,1
slavery,1
usually,1
economic,1
five,1
lynn,1
prophetic,1
developed,1
plays,1
impressive,1
ideology,1
granted,1
remain,1
routinely,1
schmitt,1
williams,1
pieces,1
limited,1
joan,1
basic,1
whim,1
description,1
deserve,1
explicates,1
orsi,1
antiprofessionals,1
indication,1
ryan,1
ten,1
irreverent,1
nearly,1
model,1
institutions,1
process,1
mean,1
needlessly,1
arendt,1
variety,1
brion,1
active,1
community,1
seen,1
collections,1
professionbashing,1
pointed,1
flanegan,1
iowa,1
introduction,1
says,1
returned,1
retreats,1
civility,1
comments,1
linguistic,1
connected,1
life,1
interplay,1
sympathetic,1
similar,1
wilson,1
importance,1
b,1
reservations,1
collapsed,1
try,1
fueling,1
insulting,1
jury,1
fat,1
kloppenberg,1
hold,1
direction,1
poetics,1
nuance,1
dans,1
properly,1
uncomfortable,1
confronting,1
govern,1
hope,1
word,1
once,1
see,1
space,1
communities,1
pacific,1
respect,1
dialectics,1
moves,1
courage,1
hannah,1
sciences,1
interpretation,1
museum,1
curators,1
pummel,1
means,1
completely,1
enacting,1
understand,1
wants,1
mirror,1
corrects,1
athenian,1
shift,1
favor,1
bad,1
theorists,1
opponents,1
borrowed,1
wanted,1
evolved,1
whereas,1
under,1
issue,1
decade,1
populate,1
matters,1
challenged,1
needed,1
dostoevsky,1
had,1
necessarily,1
elizabeth,1
meditation,1
hectoring,1
combative,1
constant,1
included,1
goofy,1
praise,1
bit,1
then,1
teaches,1
pragmatisms,1
amid,1
rightly,1
postmodernism,1
conclusions,1
just,1
inalterable,1
shifting,1
habermas,1
dialectic,1
baltimore,1
conclusion,1
shouting,1
humanities,1
argued,1
agonistic,1
too,1
upper,1
preclude,1
practices,1
already,1
stafford,1
undercutting,1
highlight,1
simply,1
summarize,1
chat,1
ever,1
being,1
said,1
speaking,1
resource,1
turn,1
assemblies,1
termed,1
anything,1
baby,1
lot,1
either,1
published,1
yelping,1
useful,1
swing,1
notions,1
position,1
wightman,1
davis,1
your,1
filtered,1
mixes,1
cliches,1
bernstein,1
carl,1
requires,1
flights,1
successfully,1
begin,1
scatological,1
questions,1
alternative,1
bruno,1
odd,1
chantal,1
schemes,1
power,1
m,1
give,1
contention,1
debating,1
particulars,1
know,1
implying,1
footnote,1
piled,1
sixties,1
skepticism,1
kaminsky,1
thinking,1
rhetorique,1
causation,1
each,1
ourselves,1
caliber,1
many,1
greater,1
presents,1
explanatory,1
nature,1
hillary,1
indicative,1
saturates,1
words,1
definition,1
my,1
joyce,1
worth,1
share,1
creativity,1
idea,1
latour,1
historians,1
knowing,1
scientists,1
head,1
did,1
down,1
broadly,1
striking,1
suggesting,1
together,1
found,1
prop,1
refighting,1
called,1
puritan,1
critically,1
sure,1
differences,1
pierre,1
approximates,1
livingston,1
distance,1
parry,1
listen,1
medicine,1
indifferent,1
pretty,1
effort,1
layer,1
lived,1
confront,1
daily,1
changed,1
able,1
government,1
job,1
intellectuals,1
penned,1
preferring,1
fallen,1
hadot,1
criticisms,1
end,1
debates,1
owen,1
debated,1
doubt,1
presentations,1
survey,1
jiurgen,1
away,1
include,1
fashion,1
find,1
pattern,1
pull,1
sees,1
observes,1
philosophical,1
base,1
serious,1
experts,1
appeared,1
works,1
friends,1
mill,1
describe,1
anthropologist,1
places,1
readers,1
written,1
counterproductive,1
hand,1
clarity,1
beginning,1
antiquite,1
staff,1
derrida,1
traits,1
informed,1
opposite,1
cultural,1
according,1
posit,1
discuss,1
focused,1
institute,1
banged,1
war,1
hostility,1
understandings,1
carefully,1
investigation,1
lead,1
combined,1
furthest,1
papers,1
appears,1
recently,1
professors,1
form,1
less,1
depends,1
ones,1
making,1
references,1
evangelical,1
ethics,1
want,1
ballast,1
necessary,1
grounds,1
cinema,1
occasional,1
generosity,1
mouffe,1
deep,1
nice,1
lesbians,1
jane,1
forthcoming,1
core,1
map,1
mere,1
haksell,1
time,1
project,1
eds,1
misogynistic,1
rawls,1
enjoyed,1
autonomous,1
jacobs,1
deliver,1
utilitarian,1
explicitly,1
possibility,1
rancor,1
touch,1
day,1
biographies,1
unsentimental,1
deprive,1
reminds,1
uninspirational,1
explored,1
fight,1
huge,1
none,1
generally,1
therapeutic,1
image,1
apartheid,1
suggests,1
some,1
competent,1
situated,1
visions,1
art,1
middle,1
neatly,1
recite,1
weird,1
birth,1
subjectivity,1
ills,1
responding,1
ritually,1
move,1
start,1
disagree,1
presented,1
must,1
limitations,1
pop,1
combating,1
variations,1
rosa,1
including,1
ignores,1
exchanges,1
example,1
civil,1
indicating,1
participatory,1
show,1
looking,1
case,1
alternatives,1
esp,1
suffer,1
disappointments,1
enter,1
himself,1
demanded,1
subject,1
song,1
aaup,1
assumptions,1
era,1
surprise,1
waffles,1
happens,1
dozens,1
expression,1
kids,1
moralizing,1
putnam,1
consistently,1
largely,1
during,1
place,1
sign,1
earlier,1
maria,1
collective,1
phenomenon,1
academics,1
homosexuality,1
communicative,1
usage,1
tackles,1
thing,1
writing,1
moments,1
distanced,1
blasphemy,1
prerequisite,1
cavell,1
experienced,1
thus,1
leap,1
cruelty,1
nothing,1
continue,1
disinterestedness,1
trust,1
come,1
full,1
false,1
review,1
reflect,1
stopping,1
plurality,1
haven,1
complicated,1
theories,1
inclusively,1
moderate,1
implement,1
distinguish,1
speak,1
difference,1
open,1
cambridge,1
edification,1
run,1
challenging,1
discord,1
three,1
worldviews,1
reality,1
gap,1
made,1
human,1
jacques,1
write,1
de,1
menippean,1
dialectique,1
spinning,1
author,1
newsletter,1
points,1
cogently,1
act,1
mead,1
supportive,1
listened,1
reflection,1
tone,1
ability,1
corrective,1
democrat,1
nineties,1
david,1
lively,1
castanza,1
divisions,1
flog,1
upon,1
hard,1
hidden,1
handlers,1
voiced,1
him,1
revolution,1
things,1
rhetoric,1
indicators,1
stabilizer,1
distinction,1
you,1
snake,1
conversational,1
politically,1
marks,1
order,1
defined,1
provisional,1
off,1
comforts,1
anyone,1
wrong,1
appleby,1
stresses,1
fancy,1
quite,1
objections,1
sanders,1
semblance,1
involved,1
better,1
party,1
pushing,1
worst,1
pages,1
summary,1
gets,1
person,1
autonomy,1
am,1
morally,1
raises,1
feminist,1
charles,1
decent,1
macho,1
subjects,1
smithsonian,1
article,1
negotiates,1
predicament,1
bridge,1
historicism,1
envision,1
valuable,1
theorist,1
tried,1
relation,1
thoreau,1
bubbles,1
stanley,1
essentially,1
third,1
telling,1
strut,1
wicked,1
soothes,1
enterprise,1
crazy,1
women,1
managed,1
enemies,1
former,1
formulate,1
claiming,1
views,1
explore,1
through,1
l,1
progress,1
would,1
acumen,1
divides,1
section,1
re,1
untethered,1
details,1
deeply,1
recent,1
observed,1
unduly,1
appropriate,1
responsibility,1
stick,1
finds,1
generation,1
close,1
propose,1
resources,1
pillars,1
la,1
ilk,1
impressions,1
compromise,1
isn,1
gays,1
unfortunate,1
growth,1
major,1
holding,1
teleology,1
parks,1
deeper,1
hunt,1
let,1
standard,1
