WORDCOUNTS,WEIGHT
the,171
of,100
and,93
in,66
to,53
a,43
s,40
n,27
amos,27
andy,27
that,25
ely,25
is,23
from,23
gosden,22
correll,22
their,20
as,20
with,18
black,18
humor,17
radio,17
for,16
p,16
which,16
on,16
it,14
was,13
but,13
have,12
program,11
american,11
by,11
show,11
characters,11
his,10
they,10
were,10
this,10
these,9
racial,9
than,9
he,8
history,8
listeners,8
years,8
blacks,8
white,7
about,7
series,7
only,7
more,7
other,7
whites,7
ethnic,7
an,7
at,6
comic,6
not,6
culture,6
two,6
into,6
blackface,6
new,6
them,6
example,6
who,5
most,5
sam,5
comedy,5
shows,5
could,5
henry,5
what,5
some,5
sambo,5
popular,5
would,5
media,5
society,5
act,4
minstrel,4
if,4
how,4
after,4
contribution,4
one,4
studies,4
pp,4
or,4
had,4
also,4
social,4
over,4
character,4
chapters,4
found,4
time,4
audience,4
both,4
content,4
its,4
havig,4
thus,4
change,4
several,4
when,4
race,4
crucial,3
hughes,3
community,3
grew,3
study,3
analysis,3
programs,3
nbc,3
are,3
no,3
sources,3
provide,3
book,3
power,3
migration,3
artists,3
came,3
great,3
out,3
rural,3
reviews,3
while,3
early,3
such,3
work,3
nation,3
expression,3
literature,3
collection,3
conflict,3
vann,3
september,3
field,3
stage,3
effects,3
old,3
research,3
chicago,3
era,3
be,3
images,3
we,3
south,2
difficult,2
poor,2
led,2
airwaves,2
situation,2
today,2
air,2
variety,2
melvin,2
important,2
later,2
minorities,2
play,2
nationwide,2
trickster,2
team,2
began,2
h,2
southern,2
life,2
often,2
entertainment,2
portrayed,2
fields,2
easily,2
joseph,2
langston,2
university,2
western,2
image,2
debuted,2
performed,2
impulse,2
first,2
useful,2
long,2
balancing,2
vaudeville,2
boskin,2
established,2
expressive,2
helped,2
l,2
all,2
many,2
greater,2
cultures,2
shaped,2
best,2
kingfish,2
daily,2
creative,2
appeared,2
universal,2
patrick,2
reveal,2
end,2
featured,2
last,2
never,2
hand,2
same,2
born,2
adventures,2
continuing,2
context,2
papers,2
less,2
broadcasting,2
anthropologists,2
problem,2
has,2
public,2
folklorists,2
free,2
expressions,2
information,2
because,2
seeking,2
well,2
answers,2
network,2
persona,2
divided,2
success,2
alter,2
made,2
richard,2
careful,2
clear,2
altered,2
themes,2
wgn,2
knowledge,2
press,2
revealed,2
scrapbooks,2
station,2
during,2
place,2
nothing,2
bren,2
students,2
commercial,2
alan,2
miss,2
authors,2
author,2
told,2
although,2
period,2
century,2
values,2
television,2
modest,2
comical,2
latter,2
campaign,2
offered,2
profound,2
meaning,2
left,2
up,2
working,2
little,2
traditional,2
northern,2
much,2
scripts,2
built,2
portrait,2
stereotypes,2
major,2
avoid,2
alabama,1
final,1
farm,1
crow,1
deception,1
void,1
enough,1
charhavig,1
suggest,1
failed,1
rights,1
defended,1
objectionable,1
availability,1
franklin,1
ii,1
frustrates,1
second,1
energizing,1
business,1
york,1
may,1
essential,1
clippings,1
contact,1
way,1
fairly,1
george,1
science,1
protests,1
will,1
figure,1
funmaker,1
skilled,1
identified,1
been,1
names,1
encompassed,1
groups,1
absent,1
corporate,1
pittsburgh,1
criticize,1
whiteman,1
indeed,1
faced,1
experiencing,1
stop,1
created,1
result,1
treatment,1
storyline,1
disparagement,1
flowed,1
ought,1
career,1
retrogressive,1
episodes,1
edges,1
insufficiently,1
recognizes,1
college,1
outlet,1
male,1
georgians,1
responded,1
enriches,1
portrayals,1
filled,1
twain,1
lost,1
sensitive,1
levine,1
cult,1
allen,1
analyzes,1
detailed,1
pleading,1
basso,1
neighborhood,1
disparaging,1
lawrence,1
r,1
comments,1
curried,1
sympathetic,1
deals,1
terrain,1
greed,1
movement,1
center,1
large,1
executive,1
gags,1
hero,1
parts,1
sponsors,1
serial,1
sixty,1
amusement,1
comforted,1
symbols,1
use,1
sufficient,1
illustrations,1
manipulative,1
courier,1
superb,1
lay,1
approve,1
word,1
caste,1
communications,1
scholarship,1
criticism,1
education,1
true,1
shiftlessness,1
exists,1
sympathy,1
americans,1
salaried,1
sociologists,1
changes,1
read,1
modern,1
favor,1
unsuccessful,1
pornography,1
duke,1
marks,1
benefitted,1
former,1
supports,1
conceptualization,1
trace,1
challenged,1
prejudice,1
objects,1
claims,1
neither,1
cbs,1
index,1
discouraged,1
ancient,1
familiar,1
presents,1
stereotyped,1
organized,1
title,1
misses,1
included,1
deposited,1
sketches,1
freeman,1
any,1
informal,1
light,1
under,1
complete,1
conclusions,1
just,1
historian,1
aspiring,1
prohibited,1
senior,1
impact,1
arguing,1
iat,1
performers,1
shifty,1
too,1
w,1
certainly,1
without,1
organize,1
wisconsin,1
strip,1
illustrated,1
dishonest,1
department,1
agents,1
joe,1
file,1
personae,1
moments,1
mermaid,1
concepts,1
known,1
negro,1
follow,1
gap,1
t,1
picture,1
company,1
jesse,1
notions,1
please,1
charles,1
party,1
hamlin,1
mixture,1
uniformly,1
foci,1
text,1
quo,1
majority,1
offers,1
drew,1
questions,1
interests,1
researched,1
dominant,1
challenge,1
technique,1
sometimes,1
projected,1
fell,1
opinion,1
mark,1
know,1
suggested,1
providing,1
naacp,1
others,1
interference,1
exhibition,1
view,1
blair,1
turbulent,1
shelves,1
deficiencies,1
partner,1
disappeared,1
worked,1
control,1
experienced,1
discerned,1
scholars,1
arrived,1
laughter,1
communal,1
folklore,1
december,1
based,1
whom,1
sociological,1
least,1
sampling,1
seem,1
board,1
pair,1
fundamental,1
might,1
capital,1
tradition,1
did,1
entertainments,1
twenty,1
ghetto,1
future,1
occupations,1
mahadev,1
print,1
carrying,1
entered,1
theme,1
called,1
careers,1
ben,1
richmond,1
developed,1
four,1
sellers,1
approach,1
seven,1
achievement,1
together,1
drama,1
ridicule,1
stereotype,1
format,1
job,1
xiii,1
linked,1
john,1
located,1
featuring,1
concludes,1
dispute,1
stations,1
granting,1
separating,1
ironic,1
cities,1
historical,1
review,1
praised,1
jumped,1
seldom,1
initial,1
linguistic,1
goad,1
entertained,1
consciousness,1
simple,1
hill,1
inferring,1
barnum,1
late,1
academic,1
readers,1
state,1
took,1
fits,1
stupid,1
racist,1
trouble,1
limited,1
keith,1
quietly,1
those,1
principal,1
robert,1
apte,1
political,1
boxes,1
california,1
yale,1
poverty,1
where,1
war,1
elicits,1
something,1
johns,1
ridiculeand,1
carefully,1
lead,1
compliment,1
depicts,1
appears,1
saunders,1
population,1
produced,1
see,1
system,1
confrontation,1
voting,1
advertise,1
cause,1
side,1
acquaintance,1
can,1
spoke,1
ed,1
ignorance,1
deep,1
perceives,1
dialect,1
perhaps,1
confirmation,1
shifting,1
behavioral,1
belief,1
sunk,1
lodges,1
attacked,1
find,1
assertions,1
historians,1
king,1
heavily,1
lease,1
hoax,1
hopkins,1
mass,1
firm,1
america,1
create,1
convenient,1
march,1
subcategory,1
jim,1
remove,1
struggling,1
chapter,1
balance,1
periodical,1
huge,1
local,1
resident,1
demonstrated,1
disappearance,1
familiarity,1
virginia,1
e,1
determined,1
ruth,1
semple,1
understanding,1
greatest,1
urban,1
pleases,1
buffoons,1
vast,1
valves,1
braggart,1
intimate,1
knew,1
examples,1
solid,1
background,1
treated,1
anthropological,1
portraits,1
peoria,1
insight,1
level,1
alterations,1
writers,1
countered,1
nine,1
apache,1
classes,1
footsteps,1
discrimination,1
stevens,1
taking,1
agencies,1
interdisciplinary,1
story,1
point,1
through,1
stereotyping,1
relief,1
communication,1
prey,1
doonesbury,1
liberals,1
cultural,1
became,1
role,1
november,1
unaffected,1
functionaries,1
millions,1
identity,1
positions,1
demanded,1
encouraged,1
durable,1
tried,1
assumptions,1
newly,1
reality,1
broader,1
eroded,1
year,1
condition,1
gave,1
older,1
force,1
illustrate,1
virtually,1
proper,1
indebted,1
here,1
unity,1
assume,1
issues,1
demonstrates,1
consult,1
phenomenon,1
vocabulary,1
gosdencorrell,1
people,1
mid,1
writing,1
being,1
human,1
central,1
natives,1
varied,1
maintains,1
repeated,1
noblest,1
our,1
prepared,1
reinforced,1
advertising,1
withstanding,1
weekly,1
away,1
office,1
affiliation,1
fun,1
advantages,1
frustratingly,1
devoted,1
systematic,1
finn,1
alazon,1
exceedingly,1
shrewd,1
hedonism,1
listening,1
status,1
received,1
ignored,1
significance,1
violence,1
rendered,1
problems,1
since,1
clubs,1
dominated,1
quest,1
against,1
illinois,1
schlemiel,1
twentieth,1
creators,1
conditions,1
b,1
nibbled,1
fallacy,1
g,1
movies,1
slurs,1
finally,1
feature,1
safety,1
aware,1
makes,1
dozen,1
august,1
leave,1
contributed,1
audiences,1
relations,1
instead,1
times,1
amusements,1
allowed,1
realism,1
ghettos,1
presented,1
ago,1
controversial,1
fill,1
files,1
knack,1
complex,1
employing,1
responses,1
eiron,1
mines,1
col,1
crafted,1
ratings,1
playing,1
momentarily,1
contrast,1
attempted,1
earlier,1
stimulated,1
emphasizes,1
psychologists,1
reaches,1
enriched,1
fred,1
adjustment,1
remains,1
elements,1
nor,1
shift,1
instruction,1
divisive,1
men,1
legally,1
showed,1
migrants,1
acters,1
treats,1
probe,1
few,1
contradicted,1
back,1
wider,1
selfconscious,1
there,1
wholehumorless,1
commentators,1
between,1
response,1
wmaq,1
industry,1
brought,1
six,1
patter,1
emphases,1
let,1
vacuum,1
statements,1
huckleberry,1
burlesque,1
peasantry,1
walter,1
burma,1
enjoyed,1
profit,1
debate,1
january,1
v,1
raised,1
archetypes,1
texts,1
richness,1
probably,1
impoverished,1
powerhouse,1
entire,1
interaction,1
collectivities,1
develop,1
look,1
appealing,1
minds,1
world,1
conventions,1
prove,1
city,1
among,1
roots,1
amateur,1
recent,1
notes,1
wissse,1
undergoing,1
messages,1
beings,1
general,1
civil,1
quarter,1
exposer,1
embodied,1
finds,1
commonplace,1
irresponsible,1
attention,1
roles,1
moved,1
songs,1
massive,1
brown,1
justice,1
fans,1
discern,1
stephens,1
heterogeneous,1
