WORDCOUNTS,WEIGHT
the,137
of,104
to,79
hand,65
in,59
and,58
his,54
a,49
s,39
that,35
p,29
he,28
gunther,27
was,22
for,20
as,18
had,18
learned,18
not,17
court,17
an,17
with,16
her,16
on,16
him,14
it,11
by,11
judge,10
is,10
but,10
all,10
life,9
more,9
did,9
frankfurter,9
who,8
only,8
even,8
which,8
have,8
than,8
at,7
judicial,7
supreme,7
years,7
brown,7
american,6
from,6
law,6
speech,6
new,6
those,6
what,6
case,6
its,6
polenberg,5
she,5
been,5
one,5
school,5
then,5
first,5
book,5
liberal,5
i,5
dow,5
ruling,5
himself,5
own,5
against,5
so,5
when,5
relationship,4
whose,4
letters,4
their,4
holmes,4
pp,4
or,4
history,4
must,4
most,4
image,4
many,4
came,4
could,4
never,4
however,4
public,4
free,4
laws,4
writing,4
father,4
frances,4
personal,4
sense,4
be,4
among,4
decision,4
does,3
gerald,3
led,3
york,3
me,3
always,3
district,3
about,3
mother,3
makes,3
thought,3
into,3
conviction,3
biography,3
age,3
act,3
long,3
might,3
view,3
over,3
nature,3
my,3
apologize,3
other,3
down,3
conservative,3
wrote,3
out,3
clear,3
government,3
warren,3
man,3
turned,3
william,3
reviews,3
racial,3
protective,3
has,3
day,3
because,3
mccarthyism,3
louis,3
intended,3
during,3
issues,3
amendment,3
obscenity,3
were,3
this,3
lectures,3
would,3
masses,3
state,3
died,3
wife,3
jurist,2
model,2
dealing,2
now,2
second,2
flow,2
equality,2
no,2
education,2
rather,2
if,2
later,2
opinion,2
inadequacy,2
usually,2
indeed,2
fincke,2
strongly,2
still,2
timid,2
incitement,2
direct,2
often,2
danger,2
uncertainties,2
federal,2
former,2
university,2
liberty,2
fifteen,2
before,2
represented,2
spirit,2
too,2
circuit,2
appeals,2
ulysses,2
meant,2
test,2
ever,2
wrong,2
june,2
also,2
french,2
exchanges,2
writes,2
power,2
ask,2
expressed,2
whom,2
warm,2
called,2
moreover,2
eventually,2
any,2
concludes,2
very,2
prevail,2
trips,2
question,2
better,2
v,2
discuss,2
threads,2
reading,2
where,2
issue,2
grounds,2
vacillation,2
libertarian,2
u,2
information,2
well,2
birthday,2
conservatives,2
views,2
trial,2
richard,2
activism,2
values,2
son,2
decisions,2
despite,2
civil,2
knowledge,2
liberals,2
expression,2
year,2
felix,2
ideas,2
harvard,2
come,2
until,2
fact,2
roosevelt,2
giant,2
describing,2
involve,2
colleagues,2
after,2
progressive,2
remains,2
around,2
spent,2
favored,2
few,2
feelings,2
surrender,2
era,2
find,2
raised,2
world,2
avoid,2
relative,2
occasion,2
justice,2
encomiums,1
discriminating,1
courts,1
ranging,1
emulate,1
frequent,1
european,1
freedoms,1
threatened,1
f,1
wished,1
opposed,1
rooted,1
states,1
recognized,1
adequate,1
personally,1
absolutes,1
milquetoast,1
note,1
advocate,1
without,1
justices,1
wisdom,1
hammering,1
replied,1
misrepresent,1
conflicting,1
hostility,1
slights,1
rested,1
recall,1
enter,1
faith,1
strictures,1
performance,1
economist,1
ways,1
criminal,1
rule,1
absent,1
soviet,1
superficial,1
continuing,1
husband,1
hesitation,1
declaring,1
impressive,1
activists,1
how,1
denouncing,1
commitment,1
berated,1
suspected,1
profusely,1
begin,1
decades,1
inside,1
genuineness,1
college,1
perfection,1
albany,1
myself,1
notion,1
statutes,1
remote,1
sustaining,1
strains,1
miscarriage,1
seen,1
contrary,1
ultimate,1
intolerance,1
brilliantly,1
make,1
worse,1
bior,1
stabs,1
sphere,1
drifting,1
earlier,1
lasted,1
seized,1
they,1
drilled,1
anxiety,1
group,1
anxious,1
interesting,1
masochistic,1
judged,1
disclose,1
desperately,1
communist,1
saved,1
tends,1
why,1
insecurity,1
obscene,1
strive,1
endearment,1
cartoonist,1
paternal,1
earl,1
lawyer,1
convictions,1
united,1
once,1
referring,1
repression,1
xxx,1
see,1
factors,1
leamed,1
springs,1
upholding,1
ing,1
divination,1
interpretation,1
creatures,1
citizens,1
fascinating,1
reason,1
soul,1
sudden,1
send,1
understand,1
suppression,1
superlatives,1
cardozo,1
nor,1
modern,1
serve,1
evil,1
affect,1
east,1
photographs,1
january,1
entitled,1
under,1
considered,1
outlook,1
matters,1
barring,1
position,1
sign,1
index,1
definition,1
spun,1
debacle,1
home,1
praise,1
holding,1
clearly,1
thinking,1
bind,1
constant,1
devotes,1
complete,1
liberties,1
fragile,1
judgments,1
discriminatory,1
conceding,1
believed,1
dartmouth,1
n,1
certainties,1
something,1
convicted,1
traces,1
welfare,1
source,1
argued,1
excellence,1
reasonably,1
grand,1
fearful,1
opportunistic,1
compel,1
different,1
reports,1
congenital,1
put,1
lower,1
noted,1
damaging,1
bar,1
member,1
dissent,1
cast,1
tributes,1
encouragement,1
passion,1
scrutiny,1
severed,1
inflated,1
explaining,1
lifelong,1
social,1
benjamin,1
blasted,1
love,1
physical,1
idealized,1
failing,1
lavish,1
diluted,1
persuade,1
lead,1
neither,1
mixture,1
asks,1
preconference,1
stealing,1
set,1
miscegenation,1
philosophy,1
prosecution,1
m,1
give,1
attempts,1
marriage,1
fell,1
mawr,1
brennan,1
know,1
construed,1
toward,1
motor,1
spend,1
penchant,1
toying,1
preserve,1
wisest,1
your,1
intellectual,1
agenda,1
refused,1
xxi,1
each,1
sure,1
illuminate,1
distinction,1
herbert,1
are,1
legislative,1
advance,1
lengthy,1
worth,1
friend,1
novel,1
shows,1
eloquence,1
lack,1
reach,1
kennedy,1
schools,1
consideration,1
exploration,1
incessant,1
board,1
nothing,1
believe,1
asserts,1
blamed,1
best,1
leaders,1
pressure,1
prominence,1
slowly,1
together,1
found,1
entered,1
wendell,1
hands,1
great,1
appeared,1
match,1
access,1
domestic,1
reform,1
adds,1
four,1
some,1
flinches,1
dennis,1
time,1
reasoning,1
riveting,1
lived,1
exquisitely,1
augustus,1
cowardice,1
lydia,1
cornell,1
john,1
bound,1
proposal,1
jury,1
oh,1
written,1
everything,1
near,1
arthur,1
doubt,1
visits,1
impaired,1
silken,1
considerable,1
vigorous,1
maritime,1
past,1
there,1
wiretap,1
inaugural,1
just,1
respects,1
assessment,1
remington,1
oliver,1
unacceptably,1
merely,1
faithful,1
readers,1
enough,1
accurately,1
languor,1
reasonable,1
stand,1
particularly,1
clarity,1
do,1
dilettante,1
specter,1
extract,1
defend,1
traits,1
though,1
manner,1
missive,1
war,1
reversion,1
focus,1
selfesteem,1
condemning,1
johns,1
studying,1
strained,1
proceedings,1
forfeit,1
accepted,1
establish,1
them,1
arcane,1
whether,1
relevant,1
terms,1
celebrated,1
intensity,1
system,1
hailed,1
making,1
accounts,1
truly,1
deliberations,1
side,1
idol,1
necessary,1
occasional,1
thirty,1
record,1
declared,1
justifies,1
volatile,1
abbreviated,1
mere,1
patent,1
theodore,1
bookish,1
reminiscing,1
books,1
difficulties,1
leaving,1
cousin,1
walks,1
tending,1
victimized,1
unconsciously,1
advice,1
construing,1
hopkins,1
while,1
arsenal,1
dilettantish,1
expressions,1
america,1
sexual,1
libel,1
briefly,1
biographic,1
undercurrent,1
rejected,1
invasion,1
violent,1
solicitude,1
verdict,1
another,1
summers,1
indecisiveness,1
almost,1
espionage,1
episode,1
italian,1
missed,1
felt,1
magnificent,1
genre,1
protected,1
private,1
suspicion,1
delivering,1
fundamentally,1
yielded,1
discussion,1
admits,1
shared,1
inexhaustible,1
intimate,1
judith,1
popular,1
asserted,1
restraints,1
skepticism,1
these,1
strengths,1
listening,1
both,1
cogency,1
abundantly,1
made,1
shaky,1
upon,1
accompanying,1
magazine,1
formulation,1
preferred,1
croly,1
voted,1
deceit,1
overturn,1
imagined,1
curbed,1
recognition,1
marked,1
prominent,1
prompted,1
psychological,1
stake,1
met,1
europe,1
part,1
discusses,1
weaknesses,1
intelligent,1
sent,1
press,1
became,1
republic,1
department,1
end,1
innocent,1
legislation,1
tenure,1
concern,1
impose,1
administration,1
reappraisal,1
loss,1
use,1
characteristically,1
freedom,1
call,1
distrust,1
hagar,1
tied,1
oppose,1
caspar,1
treats,1
poured,1
causes,1
fourteen,1
credentials,1
records,1
extraordinarily,1
ensuing,1
segregation,1
distanced,1
bitter,1
accorded,1
evolution,1
central,1
goal,1
maintains,1
engaged,1
complaints,1
prey,1
courtship,1
cornish,1
surreptitious,1
trip,1
douglas,1
review,1
married,1
memoranda,1
jealousy,1
hampshire,1
riding,1
surely,1
intimacy,1
whenever,1
clerked,1
abridging,1
statute,1
xviii,1
frayed,1
described,1
reverse,1
accessible,1
theme,1
unable,1
embellish,1
such,1
inner,1
knopf,1
yet,1
warts,1
professor,1
since,1
illustrates,1
initial,1
three,1
graduate,1
tolerance,1
incessantly,1
restraint,1
write,1
samuel,1
language,1
grant,1
finally,1
discursive,1
interest,1
coit,1
good,1
wish,1
held,1
brooding,1
defense,1
haunted,1
although,1
immediately,1
successful,1
skip,1
critics,1
heightened,1
enabling,1
useful,1
jr,1
speaking,1
cold,1
insisted,1
desegregation,1
coplon,1
appointment,1
inadequacies,1
features,1
am,1
overly,1
expected,1
attributes,1
variously,1
unwilling,1
alumnus,1
praising,1
order,1
contrast,1
discounted,1
precedents,1
anyone,1
perjury,1
pictur,1
sharp,1
black,1
standard,1
provides,1
arbitrary,1
association,1
specifically,1
self,1
late,1
immigrants,1
rich,1
men,1
interim,1
seeks,1
mystic,1
inclination,1
beyond,1
especially,1
painful,1
guilt,1
between,1
response,1
smith,1
doubts,1
brought,1
hugo,1
portrait,1
attending,1
judges,1
staunchest,1
reported,1
thirtyfive,1
interpretations,1
illustrator,1
improbability,1
bryn,1
weapons,1
succeeded,1
twice,1
right,1
effect,1
reached,1
foremost,1
loving,1
occasions,1
guiltily,1
dedicated,1
way,1
fully,1
speculates,1
dark,1
uncertainty,1
seeking,1
up,1
decisively,1
drawn,1
superb,1
schlesinger,1
death,1
instance,1
entire,1
documentary,1
present,1
course,1
picnics,1
resistance,1
proper,1
much,1
marital,1
correspondence,1
strong,1
citizen,1
we,1
explains,1
deeply,1
notes,1
famous,1
career,1
honestly,1
reflected,1
value,1
should,1
evidence,1
born,1
meeting,1
proponent,1
asked,1
doing,1
devastated,1
timidity,1
attention,1
kisses,1
termed,1
delayed,1
revelly,1
sporadic,1
irresolution,1
forth,1
evidently,1
handed,1
seemed,1
collegial,1
gravity,1
