WORDCOUNTS,WEIGHT
the,177
of,141
and,130
food,75
in,62
to,57
s,42
a,37
levenstein,34
american,26
as,24
with,22
for,21
is,17
more,15
on,15
plenty,13
paradox,13
by,13
that,13
americans,12
history,12
government,12
culture,11
at,10
habits,10
consumption,10
he,9
his,9
united,9
while,9
states,9
they,8
from,8
social,8
eating,8
society,8
may,7
most,7
what,7
u,7
its,7
study,6
but,6
women,6
also,6
are,6
other,6
foods,6
p,6
be,6
public,6
during,6
their,6
between,6
we,6
cultural,6
it,5
poor,5
red,5
who,5
analysis,5
abundance,5
modern,5
economic,5
restaurants,5
new,5
diet,5
political,5
war,5
nutrition,5
gender,5
argues,5
author,5
bentley,5
than,5
increasing,4
will,4
no,4
groups,4
corporate,4
class,4
into,4
producers,4
these,4
rise,4
not,4
fast,4
production,4
larger,4
contemporary,4
reviews,4
through,4
people,4
which,4
were,4
such,4
have,4
national,4
health,4
good,4
consumer,4
an,4
depression,4
find,4
world,4
notes,4
about,4
sugar,4
ii,3
been,3
potter,3
how,3
needed,3
one,3
often,3
rationing,3
moreover,3
all,3
university,3
home,3
growing,3
too,3
meat,3
power,3
over,3
idea,3
asserts,3
best,3
daily,3
rich,3
eat,3
studies,3
those,3
them,3
cuisines,3
america,3
some,3
politics,3
explanation,3
part,3
explains,3
example,3
identity,3
ethnic,3
business,3
processors,3
nutritional,3
this,3
september,3
change,3
consumers,3
media,3
fat,3
you,3
times,3
telling,3
including,3
recent,3
examines,3
dietary,3
fasting,2
higher,2
regional,2
i,2
table,2
reagan,2
conflicting,2
scientific,2
joan,2
standardization,2
still,2
goes,2
earlier,2
understand,2
inadequate,2
movement,2
percent,2
relationship,2
white,2
stamps,2
chronicle,2
yet,2
amy,2
bad,2
deficient,2
issue,2
paradoxes,2
detail,2
us,2
was,2
boulder,2
warren,2
girls,2
result,2
fashion,2
processed,2
symbolic,2
only,2
unprocessed,2
if,2
or,2
decades,2
gaps,2
nature,2
cultures,2
uses,2
did,2
our,2
wealthy,2
regulation,2
assertion,2
children,2
nutrients,2
calories,2
scholars,2
disorders,2
examining,2
harvey,2
great,2
fresh,2
starvation,2
outside,2
further,2
learn,2
according,2
developing,2
combined,2
conglomerates,2
produced,2
less,2
see,2
wealth,2
wartime,2
perhaps,2
chronologically,2
guidelines,2
appetite,2
belasco,2
well,2
information,2
howard,2
classes,2
discussion,2
middle,2
diets,2
richard,2
emphasis,2
fine,2
reader,2
press,2
negative,2
role,2
place,2
approach,2
pyramid,2
brumberg,2
take,2
macro,2
continues,2
tell,2
status,2
trends,2
three,2
fda,2
washington,2
interest,2
foodways,2
general,2
individual,2
david,2
shaping,2
usda,2
taste,2
vitamins,2
households,2
after,2
abundant,2
provides,2
officials,2
especially,2
body,2
distinctions,2
industry,2
curses,2
young,2
allowing,2
latest,2
johnson,2
blessings,2
corporations,2
can,2
always,2
when,2
explore,2
look,2
much,2
boom,2
among,2
corporatism,2
counterculture,2
nations,1
industries,1
jean,1
hindered,1
upper,1
sidney,1
failed,1
oat,1
battle,1
does,1
articulates,1
mechanization,1
fortunately,1
canned,1
nutritionists,1
overestimated,1
culinary,1
barometer,1
slender,1
aid,1
adequate,1
york,1
me,1
november,1
declaration,1
reduced,1
outsider,1
hopes,1
without,1
historically,1
way,1
inhabitants,1
avoiding,1
labeling,1
movements,1
popularity,1
johns,1
growth,1
performance,1
harmful,1
cleanliness,1
imbalance,1
keller,1
predictably,1
criticize,1
indeed,1
plays,1
happy,1
declaring,1
impressive,1
angeles,1
practitioners,1
gastronome,1
expansion,1
suspected,1
fear,1
mostly,1
booms,1
play,1
successes,1
landscape,1
return,1
extreme,1
value,1
scott,1
levels,1
relentlessly,1
bountiful,1
widespread,1
charts,1
determine,1
overstated,1
oversight,1
becomes,1
dissolution,1
rather,1
reduce,1
decipher,1
albeit,1
analyzes,1
jungle,1
originating,1
cholesterol,1
pokes,1
destiny,1
texture,1
anorexia,1
make,1
mainstream,1
economists,1
resume,1
supplement,1
per,1
church,1
resourcerich,1
transformation,1
group,1
reflection,1
infamous,1
interesting,1
rites,1
countries,1
balanced,1
nonmainstream,1
consolidation,1
annihilated,1
aligned,1
ix,1
religious,1
assuming,1
life,1
sweetness,1
bread,1
use,1
illustrations,1
illuminating,1
biological,1
gastr,1
guide,1
grade,1
awareness,1
pattern,1
depends,1
allowances,1
oxford,1
supplements,1
harshly,1
edited,1
federal,1
aphorism,1
drinks,1
fatty,1
citizens,1
criticizes,1
send,1
lives,1
mrs,1
presidential,1
changes,1
mcdonaldization,1
pp,1
rules,1
chunky,1
mused,1
country,1
pressures,1
proving,1
fought,1
monolithic,1
pay,1
perfect,1
array,1
meant,1
technology,1
tensions,1
collection,1
inspiration,1
light,1
locally,1
dye,1
vulnerability,1
official,1
orange,1
protection,1
immigrant,1
rda,1
index,1
school,1
osborn,1
completing,1
kate,1
intellectually,1
processing,1
organized,1
wars,1
necessary,1
why,1
teaches,1
any,1
updating,1
amid,1
ordered,1
softening,1
attain,1
squares,1
sharply,1
outcry,1
disjuncture,1
accruing,1
house,1
broad,1
chief,1
argued,1
disturbing,1
dining,1
nineteenthcentury,1
reasonably,1
phenomenon,1
four,1
hunger,1
two,1
indexes,1
extensive,1
diners,1
lower,1
economically,1
being,1
reprinted,1
first,1
consistent,1
appears,1
extension,1
invoking,1
homemade,1
enterprises,1
kay,1
accompanied,1
beyond,1
wondering,1
grazing,1
treats,1
fill,1
volume,1
ralph,1
chronicling,1
mixes,1
provide,1
few,1
glimpse,1
funding,1
symbol,1
dinners,1
housewifes,1
steak,1
chronicles,1
left,1
meatand,1
psychosocial,1
leftist,1
juxtaposing,1
challenge,1
colorado,1
helped,1
name,1
m,1
wane,1
bright,1
evidence,1
important,1
military,1
association,1
again,1
smoking,1
natural,1
preferences,1
lisa,1
drink,1
meaning,1
around,1
perceive,1
survey,1
nancy,1
refused,1
worked,1
countercultural,1
image,1
each,1
tremendous,1
added,1
retreat,1
many,1
scientists,1
descriptive,1
anthropology,1
j,1
linda,1
gentle,1
character,1
ban,1
saturates,1
expressed,1
harbor,1
faulty,1
reversal,1
fact,1
joints,1
based,1
dupes,1
until,1
global,1
reach,1
sizes,1
opposition,1
resentment,1
board,1
knowing,1
allow,1
deprivation,1
mintz,1
continue,1
skyrocketing,1
societies,1
could,1
carter,1
future,1
striking,1
histories,1
pages,1
sobering,1
together,1
found,1
groceries,1
borders,1
cummings,1
expense,1
poverty,1
search,1
called,1
constructions,1
requirements,1
wine,1
homogenization,1
current,1
regard,1
developed,1
farmers,1
motorists,1
forces,1
naturally,1
post,1
feed,1
counting,1
time,1
conspicuous,1
particularly,1
out,1
able,1
friedan,1
diverse,1
housewife,1
research,1
farther,1
susceptible,1
themselves,1
proliferation,1
goods,1
end,1
room,1
constant,1
noting,1
products,1
bombing,1
luxury,1
opt,1
historical,1
identities,1
deemed,1
lightheartedly,1
camouflaged,1
help,1
reflect,1
there,1
messages,1
automobiles,1
struggles,1
recominended,1
assessment,1
february,1
humorous,1
receiving,1
last,1
late,1
men,1
academic,1
boomers,1
took,1
dependence,1
companion,1
charged,1
greatly,1
hand,1
do,1
beginning,1
employment,1
shaped,1
dieting,1
irony,1
regulations,1
pointing,1
though,1
differences,1
embody,1
outlines,1
focused,1
manner,1
purchase,1
where,1
additives,1
techniques,1
within,1
capita,1
reestablishment,1
decimated,1
existing,1
abruptly,1
worldwide,1
reactions,1
annales,1
vulnerable,1
terms,1
adults,1
impossible,1
companies,1
sweeping,1
cannot,1
lessened,1
making,1
tribune,1
wherein,1
sorry,1
fault,1
analyses,1
moss,1
thin,1
comes,1
preventing,1
leveling,1
disparity,1
agencies,1
norms,1
agricultural,1
chips,1
explain,1
theory,1
preoccupations,1
snacking,1
books,1
milk,1
problem,1
has,1
key,1
ascendance,1
egg,1
jacobs,1
commercial,1
task,1
manifested,1
insightful,1
chapter,1
blessed,1
hopkins,1
number,1
dazzled,1
obsession,1
vehicle,1
draw,1
day,1
receive,1
because,1
societal,1
kitchen,1
require,1
addresses,1
prescriptions,1
remained,1
economics,1
both,1
depriving,1
biting,1
years,1
enriching,1
another,1
almost,1
feeding,1
observations,1
application,1
demands,1
suggests,1
ideal,1
possible,1
marked,1
understanding,1
line,1
reveals,1
deem,1
casual,1
used,1
des,1
restricted,1
anecdotes,1
measures,1
predictable,1
predictability,1
scope,1
capitalism,1
election,1
reaction,1
solely,1
alliance,1
phenomena,1
pocketbooks,1
weakly,1
universities,1
insight,1
los,1
bland,1
necessity,1
helps,1
careful,1
determined,1
sides,1
nader,1
altered,1
watched,1
little,1
supply,1
tastes,1
consumerist,1
multilayered,1
despite,1
enormous,1
courses,1
chart,1
janny,1
along,1
duty,1
regulate,1
african,1
ignored,1
concern,1
description,1
blossoming,1
contradictions,1
bust,1
controlling,1
significant,1
whole,1
fed,1
linking,1
designate,1
loaded,1
starved,1
picnics,1
programs,1
trivial,1
woeful,1
triumvirate,1
demanding,1
inaccurately,1
feminists,1
camera,1
schizophrenic,1
controlled,1
reduces,1
surplus,1
using,1
allows,1
aisles,1
long,1
butter,1
takes,1
regarding,1
scare,1
trend,1
describing,1
needy,1
million,1
moderation,1
individuals,1
aids,1
advertising,1
popular,1
mussell,1
muses,1
focuses,1
sees,1
away,1
option,1
fears,1
survive,1
question,1
reinforcing,1
fun,1
overseas,1
eras,1
relationships,1
folklore,1
soft,1
led,1
wallowing,1
survival,1
bewilderedly,1
cacophony,1
jumped,1
chicano,1
severe,1
argument,1
unable,1
backlash,1
difference,1
coexists,1
anomie,1
significance,1
explorations,1
jimmy,1
trusted,1
peanut,1
medical,1
famine,1
then,1
alternately,1
finding,1
reaching,1
analyzing,1
applied,1
ushered,1
numerous,1
manipulation,1
assumes,1
comprehensive,1
baking,1
motives,1
finally,1
prices,1
carcinogen,1
told,1
betty,1
logic,1
causal,1
wish,1
madness,1
relatively,1
defeat,1
quit,1
contributed,1
crisis,1
ingesting,1
sense,1
evening,1
successful,1
proceeding,1
like,1
hard,1
field,1
socially,1
period,1
need,1
americana,1
supermarket,1
so,1
mcdonalds,1
inherent,1
restore,1
fostered,1
revolution,1
high,1
mild,1
nervosa,1
ethnicity,1
already,1
next,1
effects,1
manuscript,1
order,1
attempted,1
shortly,1
sugarman,1
grapple,1
bombarded,1
owned,1
sharp,1
midst,1
theoretical,1
lose,1
blinded,1
withstand,1
adding,1
maintaining,1
items,1
specifically,1
self,1
increased,1
vitamin,1
optimal,1
magical,1
quick,1
overestimation,1
morning,1
phobias,1
needs,1
roofs,1
simultaneous,1
sufficient,1
specific,1
pearl,1
enough,1
profound,1
amount,1
anthelme,1
stalk,1
highly,1
withdraw,1
speed,1
salt,1
materialism,1
six,1
manipulating,1
indicator,1
served,1
bans,1
hastily,1
unselfconsciously,1
decline,1
essentially,1
declare,1
americanizing,1
carole,1
tactics,1
point,1
hotel,1
say,1
chicago,1
anderson,1
individualistic,1
coopting,1
book,1
become,1
haphazardly,1
prerogatives,1
early,1
barely,1
visible,1
up,1
substantial,1
working,1
element,1
looks,1
even,1
instance,1
entire,1
essays,1
cattle,1
surveys,1
stimulating,1
traditional,1
spite,1
potato,1
discusses,1
critique,1
sweep,1
figures,1
festivals,1
relative,1
famous,1
megavitamins,1
assessments,1
reflected,1
detriment,1
chain,1
hooker,1
beholden,1
feel,1
bran,1
congressional,1
psychologically,1
passive,1
attention,1
inhabiting,1
close,1
cake,1
overstates,1
brown,1
applies,1
corpse,1
react,1
product,1
flavor,1
china,1
minerals,1
tormented,1
