WORDCOUNTS,WEIGHT
the,98
of,91
to,66
and,60
a,55
in,36
smith,30
as,25
is,25
not,25
her,23
she,21
that,20
for,17
it,16
s,16
political,16
this,16
on,15
they,14
but,14
was,12
from,11
politics,10
an,10
with,9
by,9
what,9
enlightenment,9
history,8
no,8
are,8
out,8
were,8
their,7
pp,7
or,7
people,7
them,7
its,7
be,7
about,6
abolitionists,6
dominion,6
voice,6
model,5
science,5
violence,5
riots,5
antebellum,5
more,5
all,5
p,5
real,5
historians,5
which,5
have,5
good,5
discourse,5
rhetorical,5
does,4
truth,4
sympathy,4
reason,4
postmodern,4
romance,4
only,4
social,4
view,4
could,4
public,4
models,4
against,4
feller,4
so,4
debate,4
even,4
reasoned,4
than,4
at,3
democracy,3
philadelphia,3
power,3
whose,3
without,3
way,3
action,3
might,3
says,3
american,3
means,3
university,3
mobs,3
had,3
into,3
most,3
passion,3
know,3
scientist,3
emotion,3
crowd,3
religion,3
historical,3
question,3
reviews,3
establish,3
theory,3
rationality,3
rioting,3
abolitionist,3
through,3
place,3
who,3
world,3
actually,3
think,3
facts,3
language,3
deliberation,3
would,3
after,3
needs,3
slave,3
can,3
texts,3
also,3
mob,3
may,2
book,2
calm,2
nonetheless,2
common,2
george,2
how,2
fear,2
play,2
theories,2
rather,2
church,2
legitimacy,2
certain,2
one,2
analysis,2
united,2
word,2
yet,2
itself,2
combines,2
federalist,2
bank,2
bad,2
douglass,2
biddle,2
index,2
welfare,2
whig,2
broad,2
kimberly,2
practices,2
simply,2
democratic,2
tappan,2
storytelling,2
quotes,2
puts,2
demonstration,2
interests,2
suit,2
frederick,2
rested,2
strategy,2
drawing,2
over,2
put,2
september,2
rational,2
talking,2
chapman,2
liberty,2
uses,2
words,2
my,2
different,2
government,2
new,2
dispassionate,2
arthur,2
seldom,2
readers,2
do,2
concepts,2
though,2
according,2
where,2
something,2
orderly,2
daniel,2
fisher,2
form,2
less,2
practice,2
house,2
ignorance,2
advocates,2
perhaps,2
has,2
america,2
brilliant,2
well,2
violent,2
design,2
another,2
some,2
literature,2
discussion,2
work,2
popular,2
both,2
narratives,2
resort,2
explanation,2
move,2
logical,2
press,2
unhappy,2
arguments,2
maria,2
allows,2
thus,2
nothing,2
personal,2
argument,2
hierarchy,2
discursive,2
construct,2
general,2
him,2
revolution,2
states,2
persuasive,2
you,2
sources,2
colleagues,2
order,2
exercise,2
tranquility,2
disembodied,2
religious,2
shift,2
why,2
especially,2
subjects,2
presence,2
asks,2
instruments,2
we,2
neoclassical,2
influence,2
cites,2
justice,2
perfect,1
nicholas,1
will,1
appeal,1
messy,1
defensible,1
provoking,1
separation,1
aspirations,1
abolition,1
relying,1
escaping,1
he,1
minor,1
timeless,1
deference,1
york,1
today,1
hobsbawm,1
ventured,1
mexico,1
matter,1
heroism,1
incontestably,1
appealed,1
partisanship,1
continued,1
testimony,1
provide,1
his,1
if,1
consistency,1
maier,1
links,1
johns,1
identified,1
been,1
sidney,1
factual,1
strike,1
pull,1
corruption,1
developed,1
plays,1
proscribe,1
destroying,1
sunny,1
respectably,1
go,1
explain,1
ahistorical,1
resulted,1
johnston,1
fascinating,1
nearly,1
qualitatively,1
intriguing,1
therefore,1
get,1
knew,1
success,1
prove,1
concluding,1
establishes,1
appear,1
brilliantly,1
risk,1
formula,1
antislavery,1
lawrence,1
inquiry,1
sympathetic,1
talk,1
movement,1
modes,1
try,1
complex,1
ask,1
mounted,1
decisions,1
unreal,1
class,1
reifications,1
worthwhile,1
positive,1
k,1
often,1
educate,1
illuminating,1
white,1
convictions,1
juxtaposition,1
feel,1
hope,1
once,1
artful,1
remind,1
namely,1
space,1
font,1
polite,1
hail,1
vindicating,1
ames,1
disparaged,1
relied,1
ways,1
exists,1
prosaically,1
makes,1
read,1
win,1
romantic,1
freely,1
unearths,1
praise,1
legitimizing,1
devotes,1
considered,1
door,1
inspiration,1
winning,1
adventures,1
policy,1
us,1
key,1
justified,1
western,1
scorecard,1
school,1
salutary,1
hegemony,1
extrapolate,1
home,1
attends,1
falls,1
analytical,1
then,1
preamble,1
paper,1
clearly,1
panache,1
wrecked,1
males,1
believed,1
freewheeling,1
bend,1
passions,1
mann,1
contemporaries,1
inextricable,1
persuasion,1
accessibility,1
version,1
frequently,1
too,1
exemplify,1
faith,1
nowadays,1
these,1
appeals,1
conciliate,1
representativeness,1
resorted,1
show,1
two,1
department,1
qualified,1
brutal,1
emotional,1
extensive,1
fashioned,1
ever,1
being,1
first,1
fugitive,1
either,1
inconsistencies,1
beyond,1
explaining,1
cage,1
useful,1
physical,1
delivery,1
failing,1
wrong,1
soundness,1
every,1
writing,1
ceremony,1
neither,1
lewis,1
mix,1
cogent,1
drew,1
questions,1
alternative,1
senators,1
concerned,1
straightjacket,1
attacks,1
overdrawn,1
belief,1
orators,1
prowess,1
care,1
challenge,1
business,1
sometimes,1
mr,1
taken,1
association,1
crowds,1
footnote,1
penchant,1
constitution,1
categorical,1
deficiencies,1
intellectual,1
worked,1
chester,1
each,1
union,1
sure,1
many,1
counterposes,1
readily,1
presents,1
proponents,1
faulty,1
disorder,1
fact,1
longer,1
eloquence,1
principles,1
other,1
opposition,1
sampling,1
seem,1
scientists,1
tradition,1
did,1
text,1
restrict,1
appearance,1
suggesting,1
teases,1
together,1
here,1
proposal,1
rationalist,1
disreputable,1
mandate,1
trashed,1
abstract,1
exclusion,1
defenders,1
domestic,1
judge,1
sabbath,1
potentially,1
viii,1
effort,1
time,1
reasoning,1
lived,1
achievement,1
ideology,1
stigmatized,1
proceeds,1
uncle,1
harriet,1
taboos,1
perfectly,1
grievances,1
concludes,1
privileged,1
voicing,1
state,1
debates,1
while,1
scheme,1
presentation,1
denigration,1
martineau,1
prevail,1
harangue,1
i,1
find,1
translating,1
there,1
philosophical,1
audiences,1
passage,1
really,1
passionate,1
selects,1
rhetoric,1
late,1
lead,1
enough,1
conspicuously,1
replicated,1
scholarship,1
propounded,1
cautions,1
those,1
supporters,1
game,1
precipitate,1
let,1
reading,1
applaud,1
hostility,1
hostile,1
within,1
deferential,1
romanticism,1
persuasively,1
stopped,1
concedes,1
depicts,1
context,1
papers,1
appears,1
whether,1
ad,1
produced,1
peeps,1
see,1
sweeping,1
answer,1
cannot,1
horace,1
strategies,1
promise,1
case,1
meant,1
necessary,1
fashionable,1
lets,1
attitudes,1
arousing,1
animated,1
burgess,1
embracing,1
instrumental,1
series,1
governance,1
painstaking,1
testifies,1
triumph,1
money,1
hopkins,1
property,1
sought,1
remarkably,1
touch,1
heed,1
saying,1
day,1
because,1
require,1
secure,1
weston,1
undermined,1
such,1
failure,1
christianity,1
autobiography,1
account,1
having,1
when,1
episode,1
rioters,1
kansas,1
suggests,1
ideal,1
classes,1
private,1
suspicion,1
line,1
activity,1
marvelous,1
opened,1
jacksonian,1
object,1
use,1
viability,1
intent,1
abolitionism,1
made,1
bibliography,1
strict,1
upon,1
proscribed,1
range,1
carry,1
occasionally,1
countered,1
cabin,1
obvious,1
careful,1
fine,1
restrained,1
concept,1
west,1
descendant,1
taking,1
brought,1
disparate,1
heavily,1
say,1
except,1
part,1
fictional,1
far,1
introduced,1
substantiating,1
explains,1
compass,1
conception,1
calls,1
actuality,1
desirable,1
along,1
adventuresome,1
herself,1
buy,1
experience,1
subject,1
scion,1
jacket,1
contradictions,1
surprise,1
beneath,1
whole,1
measure,1
used,1
matches,1
vast,1
tale,1
focus,1
travel,1
expansive,1
presently,1
colonial,1
authors,1
challenges,1
motivate,1
disrupted,1
pauline,1
issues,1
ideas,1
sacked,1
goals,1
insure,1
human,1
closes,1
actual,1
story,1
defenses,1
continue,1
aspires,1
our,1
reinforced,1
eric,1
purposeful,1
sees,1
ends,1
novels,1
newspaper,1
extralegal,1
evidence,1
historically,1
involves,1
characters,1
harmless,1
won,1
president,1
interpreted,1
philadelphian,1
editor,1
manipulating,1
points,1
indeed,1
meanings,1
quotation,1
southard,1
challenging,1
past,1
riot,1
functions,1
dazzling,1
objective,1
reality,1
pursuit,1
opposed,1
deracinated,1
approach,1
manipulation,1
defence,1
materials,1
violated,1
personalities,1
author,1
citing,1
hurt,1
trap,1
motives,1
interpreting,1
flit,1
dozen,1
logic,1
large,1
course,1
raises,1
homes,1
allowed,1
proand,1
started,1
like,1
period,1
speaking,1
questionable,1
tom,1
hardly,1
insofar,1
voters,1
values,1
dueling,1
willingness,1
arena,1
gentry,1
taste,1
recourse,1
accurate,1
anyone,1
exclude,1
black,1
lost,1
nor,1
least,1
speak,1
latter,1
around,1
squaring,1
classification,1
life,1
heat,1
diary,1
gets,1
anonymous,1
moved,1
special,1
offered,1
charles,1
conceptualizing,1
claims,1
privileging,1
fatal,1
article,1
ruled,1
dust,1
promote,1
posture,1
sense,1
unreasoning,1
further,1
insists,1
editors,1
served,1
themselves,1
massachusetts,1
narrow,1
contestants,1
hominem,1
impersonal,1
elites,1
justify,1
narrative,1
nobody,1
third,1
single,1
deliberate,1
anderson,1
blessings,1
dedicated,1
clever,1
structure,1
customary,1
condemned,1
early,1
generally,1
views,1
up,1
accolades,1
conspiracy,1
little,1
begs,1
present,1
look,1
results,1
selfishness,1
much,1
counts,1
seek,1
answers,1
notes,1
rude,1
should,1
labelled,1
meeting,1
informed,1
normal,1
venturing,1
festivity,1
workings,1
rest,1
schematic,1
scholars,1
loans,1
avoid,1
retrospect,1
decisionmaking,1
mail,1
mechanism,1
