WORDCOUNTS,WEIGHT
of,159
the,158
and,102
to,65
in,57
a,49
s,46
as,36
franchot,33
protestant,26
american,24
by,23
new,23
is,22
that,20
for,20
their,18
catholicism,18
with,17
protestants,17
catholic,17
rome,14
about,13
her,13
an,13
history,11
book,11
not,9
or,9
from,9
against,9
like,9
on,9
at,8
it,8
literary,8
antebellum,8
are,8
while,8
america,8
which,8
be,8
she,7
was,7
but,7
more,7
between,7
there,7
captivity,7
historicism,7
roads,6
studies,6
culture,6
narrative,6
historical,6
has,6
texts,6
its,6
such,6
discourse,6
than,6
how,5
female,5
who,5
catholics,5
conversion,5
study,5
often,5
any,5
narratives,5
cultural,5
historians,5
upon,5
thus,5
were,5
this,5
have,5
language,5
kane,5
physical,5
into,5
may,4
his,4
within,4
fiction,4
they,4
yet,4
university,4
no,4
indian,4
parkman,4
social,4
davis,4
prescott,4
reviews,4
terms,4
spiritual,4
fascination,4
because,4
some,4
popular,4
writers,4
gender,4
place,4
representation,4
theoretical,4
rhetoric,4
can,4
jesuits,4
part,4
even,4
focus,4
evidence,4
nativism,3
been,3
revival,3
now,3
itself,3
letter,3
one,3
religious,3
english,3
image,3
impact,3
series,3
most,3
calvinist,3
french,3
other,3
berkeley,3
many,3
developed,3
p,3
convent,3
contemporary,3
works,3
further,3
william,3
political,3
does,3
material,3
historicists,3
method,3
world,3
literature,3
work,3
rendered,3
psychological,3
example,3
used,3
writing,3
authors,3
relations,3
would,3
hester,3
old,3
scarlet,3
june,3
body,3
popery,3
fears,3
through,3
much,3
imaginatively,2
miller,2
european,2
will,2
critical,2
conquerors,2
simultaneously,2
nonetheless,2
jogues,2
ambivalence,2
if,2
economic,2
landscape,2
others,2
fruit,2
male,2
rather,2
represented,2
still,2
sympathetic,2
similar,2
jesuit,2
special,2
hawthorne,2
voyeuristic,2
operated,2
endurance,2
tensions,2
isaac,2
light,2
before,2
section,2
comparison,2
these,2
insights,2
themes,2
two,2
first,2
symbolic,2
long,2
every,2
interiority,2
also,2
bercovitch,2
familiar,2
intellectual,2
england,2
riots,2
seems,2
uses,2
historiography,2
europe,2
paranoia,2
four,2
served,2
identity,2
desire,2
past,2
prynne,2
understood,2
monk,2
what,2
carefully,2
context,2
them,2
jenny,2
produced,2
namely,2
romanism,2
however,2
greenblatt,2
books,2
brilliant,2
representations,2
well,2
custom,2
when,2
emphasis,2
douglas,2
reader,2
pain,2
fictional,2
rabid,2
press,2
converts,2
beneath,2
audience,2
francis,2
issues,2
maria,2
paula,2
fascinated,2
novels,2
california,2
artifact,2
own,2
since,2
quest,2
finally,2
bodily,2
ireland,2
savages,2
change,2
defense,2
describing,2
so,2
topic,2
high,2
distinction,2
defined,2
involved,2
life,2
historicist,2
spanish,2
themselves,2
scholarship,2
walter,2
views,2
images,2
need,2
tales,2
production,2
recent,2
able,2
finds,2
likely,2
attacks,1
increasing,1
addresses,1
tourists,1
domesticity,1
poachers,1
decaying,1
permits,1
according,1
syntax,1
opposed,1
critics,1
brion,1
underlay,1
partially,1
reconstructed,1
relationship,1
testifying,1
second,1
avoids,1
ranging,1
americans,1
indigenous,1
confessionals,1
spliced,1
zuckerman,1
declension,1
violation,1
perry,1
hegemony,1
likeness,1
painstakingly,1
ably,1
dissected,1
dealing,1
matter,1
absence,1
sins,1
juxtaposes,1
faun,1
hofstadter,1
way,1
moment,1
dramatized,1
faith,1
sometimes,1
links,1
religions,1
populations,1
identified,1
cathy,1
kenneth,1
seminary,1
observe,1
spectacle,1
corruption,1
pittsburgh,1
short,1
vision,1
indeed,1
imported,1
f,1
impressive,1
tyranny,1
masculine,1
labeled,1
prose,1
edward,1
captors,1
fear,1
furthermore,1
forced,1
gleason,1
return,1
led,1
liturgy,1
inclusive,1
episodes,1
jane,1
struggled,1
preparing,1
herself,1
capture,1
death,1
repudiation,1
broad,1
burke,1
furtive,1
forbidden,1
associated,1
levine,1
figureselizabeth,1
seen,1
hecker,1
competing,1
detailed,1
orientalism,1
establish,1
divides,1
force,1
make,1
mainstream,1
notably,1
bill,1
associate,1
stops,1
linguistic,1
germany,1
contribution,1
church,1
initially,1
b,1
idiosyncratic,1
reservations,1
vulnerable,1
movement,1
modes,1
amerindian,1
papists,1
billington,1
refuses,1
loss,1
class,1
settled,1
amiss,1
symbols,1
nostalgia,1
illustrations,1
construction,1
analysis,1
norton,1
puritans,1
fall,1
mortality,1
overdue,1
ubiquity,1
formed,1
surprising,1
see,1
frontier,1
moreover,1
criticism,1
democracy,1
edited,1
unintended,1
ways,1
generating,1
h,1
mexican,1
effort,1
admiration,1
strategically,1
examined,1
understand,1
category,1
amassing,1
suppression,1
worlds,1
mirror,1
pp,1
perceptions,1
sophia,1
we,1
gillian,1
modern,1
monolithic,1
dual,1
whose,1
former,1
montage,1
calvinism,1
sacvan,1
center,1
trace,1
challenged,1
us,1
claims,1
saint,1
martyrologies,1
western,1
thesis,1
index,1
dominates,1
liberty,1
ancient,1
presents,1
unlike,1
earned,1
ontology,1
lowell,1
genteel,1
thinking,1
proved,1
postmodernism,1
historian,1
preamerican,1
following,1
accomplishments,1
purity,1
mysterious,1
castle,1
contested,1
beecher,1
perspective,1
everexpanding,1
corpses,1
god,1
source,1
weak,1
too,1
without,1
otherness,1
graveyard,1
lengthy,1
meant,1
unlock,1
department,1
concupiscent,1
conqueror,1
safe,1
extensive,1
acknowledges,1
ever,1
novel,1
said,1
operations,1
continues,1
extension,1
voluminous,1
only,1
functioned,1
rivalries,1
justify,1
t,1
stephen,1
beyond,1
considers,1
present,1
jon,1
constructed,1
volume,1
position,1
wasps,1
random,1
comprising,1
polysyllabic,1
three,1
seton,1
requires,1
glimpse,1
convincing,1
melville,1
funding,1
lyman,1
adjectives,1
eschews,1
mutilation,1
engage,1
willing,1
victim,1
latter,1
odder,1
fleshly,1
sections,1
founding,1
reevaluating,1
helped,1
m,1
give,1
projected,1
butler,1
antecedents,1
figure,1
faced,1
toward,1
fragmentation,1
recorded,1
eastem,1
revives,1
favorably,1
conflict,1
power,1
arrival,1
refusal,1
deserves,1
develops,1
believe,1
orestes,1
proof,1
control,1
bridge,1
scholars,1
antidote,1
all,1
apologists,1
constantly,1
pendulum,1
spaniard,1
paper,1
expressed,1
herbert,1
subject,1
negatively,1
different,1
my,1
adds,1
fact,1
nineteenthand,1
expose,1
discrimination,1
consequently,1
identifying,1
compulsively,1
consideration,1
exploration,1
resonated,1
treatment,1
overwhelming,1
allow,1
tradition,1
uncovering,1
explores,1
contextual,1
could,1
longfellow,1
style,1
elegiac,1
africans,1
together,1
found,1
epitomized,1
creative,1
clan,1
feeling,1
consequences,1
convert,1
pulp,1
simple,1
homogenizing,1
confusion,1
savagery,1
offers,1
poe,1
vicious,1
hide,1
histories,1
wave,1
analyses,1
provoke,1
absolutism,1
normative,1
dramatic,1
placing,1
educated,1
staples,1
reacted,1
diverse,1
surfaces,1
enemy,1
onto,1
events,1
very,1
launched,1
attractions,1
end,1
pitfall,1
debates,1
providence,1
remain,1
indisputably,1
liberal,1
contends,1
resulting,1
claimed,1
childbirth,1
pit,1
collapses,1
charges,1
hypermasculine,1
distinctive,1
man,1
intimations,1
poetry,1
disputes,1
propaganda,1
audiences,1
removal,1
fragments,1
puritan,1
polemics,1
term,1
punishment,1
threatening,1
davidson,1
asks,1
complemented,1
rescuing,1
academic,1
mind,1
readers,1
state,1
ripley,1
centrality,1
truth,1
emphasized,1
burning,1
precisely,1
influences,1
beginning,1
containment,1
thrills,1
refusals,1
robert,1
traced,1
sentences,1
day,1
operating,1
tipping,1
reading,1
explanations,1
innovative,1
monastery,1
silence,1
catastrophic,1
select,1
secular,1
hostile,1
johns,1
attack,1
confused,1
racial,1
unique,1
seventeenth,1
appears,1
secure,1
commemorating,1
form,1
renaissance,1
michael,1
sentence,1
british,1
choice,1
feminine,1
philip,1
explicit,1
piety,1
necessary,1
otherwise,1
litspeak,1
published,1
final,1
thirty,1
placed,1
anticonspiracy,1
resemblances,1
metaphor,1
suspicions,1
xvii,1
dialectic,1
contrasting,1
wordy,1
perhaps,1
woman,1
plain,1
benn,1
eclectic,1
project,1
novelty,1
eastern,1
medievalism,1
evasion,1
thickets,1
wide,1
sensualist,1
structure,1
those,1
repetitive,1
simplistic,1
hopkins,1
number,1
bones,1
politicized,1
unchallenged,1
remarkably,1
incorporate,1
obsession,1
version,1
transparent,1
interpret,1
victims,1
freemasons,1
mormons,1
cloth,1
remained,1
violent,1
explored,1
original,1
reminder,1
enslavement,1
emblematic,1
account,1
indirectly,1
demonstrated,1
theological,1
therapeutic,1
network,1
apparently,1
basis,1
determined,1
activity,1
warning,1
travelogues,1
encounter,1
art,1
discussion,1
campaigns,1
formerly,1
counterweight,1
father,1
fervently,1
sewing,1
echoes,1
spaces,1
evangelists,1
birth,1
both,1
powers,1
subjectivity,1
bodies,1
boston,1
explanation,1
closer,1
founded,1
richard,1
level,1
bear,1
grounded,1
women,1
limitations,1
reveal,1
heart,1
imagined,1
cure,1
identifies,1
documentary,1
foucault,1
heterosexuality,1
romanticism,1
interdisciplinary,1
sheer,1
point,1
except,1
combine,1
transgressive,1
including,1
timely,1
reliance,1
familial,1
previously,1
denial,1
seminal,1
wasp,1
related,1
republic,1
invitations,1
along,1
poststructuralism,1
childish,1
elite,1
vocalizes,1
echoing,1
bourgeois,1
gothicism,1
feared,1
transition,1
disciplines,1
feminized,1
marginalized,1
hazily,1
insignia,1
artifacts,1
iconic,1
significant,1
eroded,1
whole,1
sexually,1
constructs,1
hybridity,1
monastic,1
realm,1
tale,1
freedom,1
contrasts,1
ethnoreligious,1
discussions,1
omnipresent,1
stone,1
comment,1
virtually,1
indebted,1
interiors,1
frustrated,1
colonial,1
authorship,1
fashion,1
exploit,1
divulge,1
ursuline,1
construct,1
conflicted,1
anxieties,1
ethnic,1
exhibited,1
despised,1
complicate,1
central,1
story,1
especially,1
emancipation,1
inclined,1
cathedral,1
throughout,1
suppressed,1
slab,1
denunciations,1
domesticating,1
ascetic,1
disciplined,1
totalitarian,1
cemeteries,1
employed,1
believes,1
synthetic,1
ultimately,1
models,1
condemn,1
tendency,1
babylonish,1
provide,1
defends,1
theme,1
detract,1
years,1
low,1
interested,1
notes,1
reject,1
anticatholicism,1
patriarchy,1
professor,1
genres,1
seduction,1
dazzling,1
objective,1
torturer,1
reality,1
failure,1
directed,1
students,1
numerous,1
vance,1
tompkins,1
anomalous,1
sentimentalism,1
restraint,1
michel,1
michaels,1
frame,1
publication,1
samuel,1
maynooth,1
evangeline,1
divine,1
rebecca,1
civilizing,1
tourism,1
good,1
characteristic,1
ray,1
regarded,1
parallels,1
held,1
insight,1
gothic,1
paintings,1
david,1
protestantism,1
include,1
divisions,1
land,1
associative,1
define,1
marxist,1
voiced,1
lured,1
convents,1
function,1
relics,1
parts,1
puritanic,1
christened,1
dogma,1
century,1
values,1
willingness,1
france,1
overwhelms,1
effects,1
order,1
profane,1
provocatively,1
guided,1
militant,1
weakness,1
viewing,1
sharp,1
abundant,1
merely,1
legacy,1
enclosure,1
remains,1
elements,1
nor,1
self,1
family,1
channeled,1
illuminates,1
reformation,1
shame,1
anticatholic,1
reed,1
stowe,1
adjectival,1
rereads,1
turned,1
formation,1
treats,1
ascesis,1
disunity,1
sentiment,1
heterogeneity,1
back,1
article,1
aztecs,1
highly,1
negotiates,1
consumable,1
qualities,1
imaginative,1
inspired,1
methods,1
materiality,1
sentimentalizing,1
reductionism,1
peripheral,1
difficulty,1
lift,1
tribes,1
shocking,1
epistemology,1
trouble,1
vacuum,1
elites,1
interlopers,1
terminology,1
ann,1
continuous,1
third,1
morse,1
clarity,1
effect,1
abduction,1
tended,1
unremarked,1
sacred,1
alliances,1
brown,1
xxvii,1
catacombs,1
heightened,1
learn,1
early,1
priests,1
weight,1
patience,1
up,1
conspiracy,1
working,1
mistakenly,1
rhetorical,1
white,1
benito,1
little,1
dominance,1
interaction,1
purpose,1
travelers,1
spain,1
journal,1
looked,1
victorian,1
using,1
roots,1
north,1
despite,1
revelatory,1
plausible,1
engagement,1
diminish,1
inciting,1
brahmin,1
guard,1
marble,1
occasion,1
pains,1
virtue,1
ago,1
historically,1
delivered,1
quote,1
jarves,1
popish,1
rampage,1
contradictory,1
acknowledge,1
nativist,1
valuable,1
once,1
cereno,1
activities,1
error,1
embraces,1
cites,1
paranoid,1
readership,1
examines,1
champion,1
repression,1
erotic,1
selectively,1
