WORDCOUNTS,WEIGHT
the,183
of,146
and,88
to,73
in,57
cohen,52
social,49
a,45
for,36
as,35
s,32
on,27
security,24
berkowitz,22
insurance,22
he,20
with,20
was,20
that,19
his,18
she,14
tynes,13
wilbur,12
is,11
but,11
by,11
p,11
at,10
history,10
new,10
political,10
when,10
other,9
mills,9
within,9
than,9
legislative,8
work,8
administration,8
this,8
who,7
not,7
university,7
had,7
time,7
altmeyer,7
johnson,7
ssa,7
incrementalism,7
during,7
were,7
career,6
welfare,6
from,6
only,6
her,6
great,6
government,6
hand,6
bureaucratic,6
including,6
role,6
much,6
initiatives,6
so,6
between,6
we,6
rather,5
sandwich,5
they,5
their,5
assistant,5
into,5
more,5
also,5
reform,5
those,5
congress,5
labor,5
hew,5
have,5
national,5
american,5
an,5
him,5
state,5
like,5
society,5
it,4
does,4
continued,4
created,4
edward,4
expansion,4
one,4
life,4
congressional,4
once,4
education,4
medicare,4
biography,4
democratic,4
members,4
secretary,4
brownlee,4
reviews,4
making,4
witte,4
both,4
amendments,4
even,4
apparatus,4
became,4
people,4
take,4
which,4
experts,4
period,4
after,4
especially,4
be,4
through,4
major,4
will,3
what,3
without,3
groups,3
often,3
sociologists,3
committee,3
benefits,3
same,3
too,3
turning,3
first,3
care,3
power,3
important,3
bureaucracy,3
principles,3
book,3
there,3
never,3
derthick,3
proposals,3
historians,3
well,3
account,3
financing,3
emphasis,3
r,3
wisconsin,3
press,3
its,3
make,3
legislation,3
development,3
september,3
points,3
health,3
decided,3
appointment,3
contrast,3
progressive,3
research,3
always,3
focus,3
building,3
did,2
intricate,2
liberalism,2
movements,2
bureaucrats,2
economic,2
short,2
how,2
elliot,2
opportunity,2
importance,2
executive,2
slices,2
analysis,2
fall,2
arbor,2
frontier,2
biographer,2
federal,2
support,2
means,2
opportunities,2
understand,2
pp,2
continuity,2
index,2
or,2
seems,2
sheryl,2
professor,2
w,2
these,2
most,2
two,2
department,2
powerful,2
organizations,2
colleagues,2
kennedy,2
organizational,2
interests,2
attacks,2
mentions,2
again,2
others,2
over,2
intellectual,2
advanced,2
are,2
came,2
outside,2
able,2
sociological,2
key,2
board,2
could,2
leaders,2
found,2
conservative,2
forces,2
choice,2
particularly,2
deal,2
job,2
john,2
pass,2
very,2
historical,2
program,2
help,2
greater,2
passage,2
question,2
unions,2
ann,2
staff,2
robert,2
medical,2
increases,2
michigan,2
system,2
cannot,2
cause,2
particular,2
slice,2
has,2
public,2
sought,2
free,2
undersecretary,2
eisenhower,2
technical,2
because,2
lobbying,2
some,2
politics,2
extended,2
far,2
aged,2
subject,2
significant,2
programs,2
range,2
own,2
demonstrates,2
ideas,2
institutional,2
central,2
services,2
individuals,2
call,2
prepared,2
personal,2
explained,2
stanford,2
unable,2
such,2
argues,2
kerr,2
three,2
modem,2
beyond,2
victory,2
interest,2
commons,2
d,2
advancing,2
need,2
high,2
kind,2
turn,2
nelson,2
architect,2
disabilities,2
salami,2
become,2
era,2
describes,2
figures,2
details,2
responsibility,2
example,2
should,2
attention,2
influence,2
growth,2
justice,2
poverty,2
periods,1
barbara,1
may,1
difficult,1
flourished,1
threatened,1
opposed,1
communities,1
now,1
undergraduate,1
tasks,1
simultaneously,1
assigned,1
relationship,1
actors,1
aid,1
accidents,1
demand,1
assisting,1
give,1
reagan,1
no,1
technician,1
various,1
higher,1
conflicting,1
act,1
programmatic,1
contingent,1
meticulously,1
johns,1
drafting,1
names,1
bipartisan,1
cruickshank,1
evaluate,1
corruption,1
incentives,1
generations,1
defenders,1
drama,1
service,1
commitment,1
ready,1
insiders,1
sustain,1
go,1
represent,1
tried,1
return,1
extend,1
wickenden,1
lines,1
legislators,1
relentlessly,1
sargent,1
struggled,1
actuaries,1
e,1
mean,1
meanwhile,1
foundation,1
players,1
represented,1
deliberately,1
get,1
above,1
harry,1
edwin,1
returned,1
bill,1
economists,1
several,1
lawrence,1
earlier,1
president,1
tense,1
face,1
case,1
standing,1
strands,1
certain,1
group,1
told,1
expert,1
liaison,1
future,1
complex,1
coverage,1
cultivate,1
dissented,1
hold,1
undertaking,1
contributions,1
why,1
studies,1
taxation,1
special,1
difference,1
fate,1
thinness,1
promoting,1
identify,1
about,1
fully,1
live,1
elderly,1
approaches,1
coalition,1
breather,1
democrats,1
makes,1
competence,1
win,1
applied,1
dean,1
lyndon,1
array,1
issue,1
diseases,1
monolithic,1
claiming,1
detail,1
carve,1
us,1
position,1
slicer,1
school,1
undertook,1
definition,1
originality,1
organized,1
participants,1
tackle,1
branch,1
eventually,1
stretches,1
any,1
proved,1
sacrosanct,1
assistance,1
director,1
abstraction,1
feels,1
pioneered,1
accomplishments,1
bend,1
impact,1
ideology,1
accomplishment,1
traces,1
track,1
enhancement,1
dovetails,1
process,1
chief,1
changing,1
shadowy,1
largest,1
contribution,1
cutting,1
extensive,1
moments,1
stunningly,1
creativity,1
encouragement,1
follow,1
discretion,1
either,1
truman,1
explaining,1
provision,1
happening,1
useful,1
administrators,1
tries,1
progressives,1
balancing,1
embraced,1
fortunately,1
problems,1
funding,1
relies,1
bureaucrat,1
compensation,1
comfortable,1
courageous,1
set,1
challenge,1
hoax,1
ingenuity,1
attempts,1
strike,1
mark,1
decades,1
redrafting,1
dimension,1
treatment,1
advocated,1
preserve,1
assist,1
drag,1
put,1
chairman,1
control,1
emerged,1
all,1
tutors,1
financial,1
capital,1
sisyphean,1
j,1
pendulum,1
succeeded,1
advance,1
parties,1
different,1
seconds,1
gravely,1
shows,1
lack,1
labels,1
shaped,1
edged,1
quickly,1
scientists,1
tradition,1
skills,1
best,1
recurrent,1
advantage,1
lieutenant,1
critic,1
departments,1
generalize,1
called,1
reasons,1
vision,1
moreover,1
fortunes,1
timing,1
viii,1
dubbing,1
then,1
superiors,1
children,1
enable,1
soared,1
revisions,1
break,1
diverse,1
hear,1
energies,1
seize,1
arthur,1
liberal,1
administrations,1
build,1
debt,1
valor,1
analyst,1
illness,1
succeeding,1
distinctive,1
vigorous,1
almost,1
speeches,1
xx,1
advocacy,1
audiences,1
really,1
lent,1
persistence,1
enactment,1
better,1
rise,1
mind,1
hint,1
took,1
sacred,1
do,1
mr,1
heartening,1
webs,1
shall,1
none,1
california,1
influential,1
where,1
war,1
literature,1
brokering,1
developing,1
receiving,1
carefully,1
daniel,1
reelection,1
context,1
memos,1
income,1
carter,1
impropriety,1
unemployment,1
less,1
reckon,1
independently,1
can,1
narrower,1
converting,1
excluded,1
lobbyists,1
refuge,1
writes,1
instrumental,1
vigorously,1
enough,1
distribution,1
wide,1
style,1
gives,1
entitlement,1
hopkins,1
while,1
encountered,1
america,1
perseverance,1
thick,1
degree,1
failure,1
turf,1
weight,1
advise,1
directly,1
conservatives,1
fashion,1
demonstrated,1
network,1
artistry,1
kansas,1
prior,1
marked,1
discussion,1
strain,1
disability,1
welcome,1
rockefeller,1
popular,1
success,1
solid,1
martha,1
suggests,1
made,1
prevention,1
bibliography,1
tool,1
ideal,1
casework,1
occasionally,1
renders,1
careful,1
heart,1
fine,1
determined,1
consequently,1
forging,1
mental,1
sliced,1
stake,1
before,1
regards,1
decisive,1
carved,1
discusses,1
competing,1
training,1
rehabilitation,1
civil,1
resources,1
apparent,1
disappointing,1
liberals,1
dazzling,1
duty,1
easy,1
promises,1
himself,1
positions,1
caught,1
elizabeth,1
criticized,1
transition,1
description,1
cash,1
tactician,1
out,1
measure,1
ball,1
freedom,1
benefit,1
fail,1
refers,1
policies,1
breakthrough,1
framework,1
clients,1
goals,1
shriver,1
effectively,1
sociology,1
variables,1
thus,1
ambiguously,1
our,1
throughout,1
drabness,1
away,1
ronald,1
formation,1
believes,1
relationships,1
alignments,1
tell,1
students,1
used,1
finally,1
argument,1
vigilant,1
editor,1
knew,1
progressivism,1
jimmy,1
surface,1
clear,1
since,1
tax,1
inflation,1
twentieth,1
tables,1
stress,1
nixon,1
personalities,1
custodial,1
author,1
agreement,1
cooperate,1
supportive,1
appreciates,1
change,1
wish,1
workers,1
warding,1
held,1
contributed,1
adopted,1
richard,1
times,1
operational,1
santa,1
divisions,1
successful,1
characterized,1
fiscal,1
would,1
cruel,1
moynihan,1
specialists,1
rancorous,1
parts,1
save,1
creating,1
century,1
integration,1
hired,1
you,1
effects,1
doing,1
administrative,1
off,1
emphasizes,1
solution,1
consequence,1
selig,1
medal,1
defense,1
least,1
increased,1
family,1
compromises,1
contingency,1
perspective,1
sidelines,1
needs,1
contributory,1
neglects,1
supported,1
amount,1
concerns,1
encompass,1
nicely,1
serving,1
assumed,1
lawyers,1
colorful,1
prescient,1
interpretations,1
began,1
left,1
effective,1
seizing,1
witnessed,1
accordingly,1
occasions,1
part,1
managed,1
create,1
enabling,1
perlman,1
patience,1
substantial,1
progress,1
element,1
universities,1
student,1
persuaded,1
story,1
finance,1
arose,1
pays,1
develop,1
abandoned,1
aide,1
principal,1
notes,1
sos,1
leadership,1
professional,1
general,1
bills,1
provided,1
generation,1
swings,1
universality,1
though,1
built,1
keynesians,1
strategy,1
quiet,1
draft,1
concluded,1
adviser,1
shocked,1
