WORDCOUNTS,WEIGHT
of,136
the,128
and,77
in,71
to,53
a,51
his,47
he,43
parrington,40
that,39
s,31
was,28
for,25
as,22
with,21
american,19
on,19
at,16
is,16
by,16
it,15
from,15
her,15
hall,14
an,14
she,12
history,12
but,11
one,10
about,10
this,10
him,10
been,9
main,9
thought,9
p,9
vernon,9
i,9
work,9
currents,9
have,9
be,9
not,8
literature,8
life,7
more,7
oklahoma,7
intellectual,7
who,7
were,7
university,6
or,6
most,6
first,6
book,6
had,6
other,6
radical,6
emporia,6
into,5
my,5
political,5
what,5
has,5
historians,5
art,5
through,5
example,5
louis,5
writing,5
entirely,5
year,5
autobiographical,5
which,5
years,5
recent,5
whose,4
hofstadter,4
you,4
word,4
english,4
literary,4
liberal,4
teaching,4
also,4
many,4
avenue,4
great,4
time,4
those,4
reviews,4
however,4
out,4
well,4
when,4
some,4
private,4
popular,4
himself,4
than,4
such,4
own,4
social,4
field,4
so,4
young,4
become,4
world,4
may,3
way,3
if,3
economic,3
short,3
college,3
after,3
they,3
its,3
culture,3
w,3
these,3
biography,3
department,3
being,3
only,3
beyond,3
every,3
novel,3
december,3
scholars,3
did,3
found,3
conservative,3
wrote,3
very,3
man,3
there,3
works,3
term,3
never,3
influences,3
scholarly,3
where,3
reform,3
papers,3
them,3
while,3
degree,3
both,3
began,3
ideas,3
personal,3
until,3
radicalism,3
three,3
unpublished,3
washington,3
poetry,3
david,3
although,3
would,3
levy,3
century,3
skotheim,3
progressive,3
family,3
interpretations,3
left,3
early,3
much,3
figures,3
will,2
democracy,2
critical,2
no,2
vanderbilt,2
materials,2
rather,2
enter,2
later,2
vemon,2
interpretation,2
protestant,2
mean,2
still,2
returned,2
comments,2
becoming,2
often,2
once,2
criticism,2
h,2
articles,2
changes,2
modern,2
dissertation,2
school,2
then,2
any,2
thinking,2
before,2
judgments,2
something,2
version,2
four,2
two,2
lasch,2
sometimes,2
riesman,2
published,2
could,2
exploitation,2
important,2
toward,2
death,2
worked,2
kent,2
all,2
fact,2
turner,2
treatment,2
farmers,2
might,2
particularly,2
aesthetic,2
reveal,2
ambition,2
almost,2
search,2
appeared,2
merely,2
readers,2
enough,2
beginning,2
william,2
reading,2
beard,2
me,2
kansas,2
capable,2
bibliography,2
writers,2
obvious,2
women,2
point,2
part,2
looking,2
press,2
end,2
subject,2
must,2
expression,2
fragment,2
gave,2
older,2
place,2
noting,2
approach,2
diaries,2
harvard,2
think,2
throughout,2
sees,2
described,2
youth,2
used,2
since,2
dozen,2
fresh,2
course,2
good,2
studies,2
cultural,2
period,2
quite,2
old,2
diary,2
class,2
few,2
formal,2
imaginative,2
study,2
between,2
passages,2
eloquent,2
lark,2
regards,2
always,2
easily,2
little,2
morris,2
among,2
institution,2
training,2
value,2
though,2
draft,2
admirable,2
heavily,1
perfect,1
using,1
overdrawn,1
seems,1
difficult,1
aurora,1
integrating,1
hosts,1
gaining,1
now,1
suggestion,1
warping,1
undergraduate,1
obscurity,1
interesting,1
led,1
coursework,1
r,1
second,1
alleged,1
role,1
americans,1
rebel,1
town,1
overshadowed,1
flow,1
accomplish,1
accomplishing,1
master,1
saw,1
matter,1
hopes,1
fell,1
letters,1
figure,1
l,1
france,1
wendell,1
indeed,1
prize,1
revival,1
public,1
prose,1
fiftyfive,1
pieces,1
praising,1
limited,1
career,1
weighted,1
select,1
credibility,1
meager,1
oddity,1
introductions,1
struggled,1
longest,1
vestige,1
renewed,1
filing,1
process,1
untimely,1
apart,1
magnetic,1
knew,1
republican,1
reasons,1
un,1
allen,1
deliberately,1
selfrespecting,1
originating,1
goes,1
team,1
celebrate,1
make,1
anyone,1
indicates,1
credited,1
bankers,1
passing,1
hie,1
went,1
drilled,1
attitudes,1
grew,1
greed,1
inadequate,1
large,1
their,1
unfamiliar,1
handsome,1
conflicts,1
volumes,1
religious,1
tends,1
pages,1
england,1
caustic,1
spokesmen,1
pp,1
single,1
illustrations,1
tend,1
contending,1
discoveries,1
awareness,1
surprising,1
hawthorne,1
pacific,1
moreover,1
edited,1
ways,1
beauties,1
reason,1
done,1
bias,1
reputation,1
starred,1
conjectures,1
arts,1
read,1
commenting,1
landlady,1
widest,1
gardening,1
praise,1
under,1
odyssey,1
give,1
generously,1
attention,1
moved,1
mckinley,1
revising,1
western,1
classroom,1
discouraged,1
explanatory,1
harmony,1
descent,1
turns,1
repeated,1
earned,1
curious,1
small,1
biographical,1
marks,1
historian,1
days,1
exceptions,1
spirit,1
shifting,1
efforts,1
dialectical,1
are,1
tentative,1
russians,1
eager,1
chief,1
changing,1
precursors,1
observations,1
organize,1
pulitzer,1
resorted,1
anti,1
mention,1
scarcely,1
common,1
came,1
speculating,1
rise,1
unjust,1
railroads,1
embedded,1
layout,1
passion,1
else,1
detective,1
sketch,1
useful,1
fill,1
volume,1
persuasive,1
sources,1
long,1
constituting,1
eclipses,1
besides,1
drift,1
lewis,1
flights,1
accomplished,1
schooling,1
offers,1
exhilarated,1
westward,1
skill,1
index,1
set,1
disguise,1
challenge,1
approval,1
detested,1
painstakingly,1
proud,1
selfish,1
mediocre,1
others,1
admiration,1
appalled,1
ran,1
board,1
pointed,1
preferences,1
unexceptional,1
deserves,1
methodology,1
put,1
fragmentary,1
friends,1
each,1
advanced,1
illuminate,1
working,1
whereas,1
descriptive,1
j,1
nature,1
scientist,1
moving,1
hatred,1
result,1
historiography,1
conscientious,1
remembered,1
based,1
shows,1
naive,1
turned,1
neatly,1
shaped,1
idea,1
exploration,1
available,1
believe,1
capitalist,1
irrelevance,1
merit,1
refugee,1
outlook,1
future,1
home,1
occasionally,1
histories,1
warm,1
departments,1
argue,1
dismayed,1
half,1
called,1
simple,1
access,1
dreamed,1
athlete,1
unobtrusive,1
viii,1
glories,1
counting,1
eventually,1
children,1
conformity,1
changed,1
able,1
government,1
intellectuals,1
diverse,1
clearly,1
new,1
theology,1
rely,1
junior,1
personality,1
written,1
exhausting,1
doubt,1
contends,1
real,1
historical,1
identities,1
praised,1
considerable,1
find,1
vigorous,1
coached,1
copious,1
fulllength,1
rural,1
minister,1
edition,1
respects,1
type,1
americus,1
evident,1
academic,1
mind,1
fits,1
rebellious,1
hand,1
scholarship,1
stand,1
clarity,1
v,1
raised,1
fame,1
unite,1
ground,1
robert,1
born,1
particular,1
suffering,1
interpretative,1
baseball,1
receive,1
sentimental,1
johns,1
confined,1
lead,1
power,1
dismissal,1
unique,1
meticulous,1
produced,1
form,1
marched,1
ultimately,1
less,1
see,1
system,1
british,1
intelligently,1
case,1
cause,1
varying,1
teachers,1
comes,1
scrutinizes,1
spell,1
thirty,1
add,1
eye,1
xvii,1
cabinet,1
assumed,1
contrasting,1
perhaps,1
tiny,1
theory,1
required,1
pretty,1
tightly,1
style,1
method,1
task,1
nearly,1
draws,1
gained,1
hopkins,1
number,1
orator,1
encountered,1
impression,1
criteria,1
surmises,1
rests,1
because,1
aspects,1
barrett,1
remained,1
grades,1
notion,1
specifically,1
awarded,1
argues,1
interpreting,1
chapter,1
another,1
information,1
account,1
erikson,1
italian,1
development,1
designation,1
credit,1
emphasis,1
possible,1
determined,1
politics,1
ism,1
line,1
chronicler,1
matters,1
discussion,1
paucity,1
father,1
church,1
suggests,1
cambridge,1
made,1
handwritten,1
tool,1
eleven,1
even,1
richard,1
start,1
carries,1
poems,1
voted,1
integrates,1
careful,1
unsophisticated,1
clear,1
entrance,1
poe,1
apt,1
prominent,1
mental,1
discovered,1
radicals,1
attached,1
blind,1
ohio,1
far,1
nourishment,1
kermit,1
influential,1
intelligent,1
enormous,1
quantity,1
knowledge,1
courses,1
chart,1
became,1
compares,1
popularity,1
undoubtedly,1
tenure,1
reminiscences,1
populism,1
tried,1
jacket,1
lecturing,1
unhappy,1
admiring,1
use,1
genuine,1
describe,1
freedom,1
idealists,1
collection,1
during,1
sign,1
northwest,1
resonances,1
probes,1
records,1
people,1
labor,1
earn,1
trend,1
historiographical,1
yourself,1
versus,1
canon,1
chapters,1
call,1
campus,1
raising,1
previous,1
member,1
married,1
precursor,1
newspaper,1
employed,1
piety,1
believes,1
football,1
merchants,1
undertaking,1
preoccupations,1
astute,1
couple,1
vii,1
aristocratic,1
redeemed,1
shrewd,1
won,1
legendary,1
inner,1
week,1
reaction,1
presbyterian,1
professor,1
bent,1
deftly,1
functions,1
hordes,1
historic,1
attributed,1
illinois,1
twentieth,1
directed,1
modem,1
encounters,1
authors,1
b,1
embryonic,1
slide,1
publication,1
precise,1
certain,1
author,1
finally,1
points,1
charming,1
interest,1
harm,1
evils,1
typescript,1
change,1
subtitle,1
craftsmanship,1
mixed,1
christopher,1
portray,1
include,1
organized,1
smith,1
define,1
helpful,1
depart,1
things,1
spate,1
individualism,1
features,1
socratic,1
poet,1
hired,1
admitted,1
already,1
next,1
hitherto,1
quotes,1
bryan,1
order,1
sermon,1
earlier,1
terribly,1
explicating,1
stimulated,1
arguments,1
shift,1
syllabi,1
apparently,1
extremely,1
developments,1
pretensions,1
instruction,1
direction,1
men,1
spent,1
consist,1
several,1
influence,1
moralistic,1
recognition,1
sufficient,1
consensus,1
state,1
amount,1
back,1
interchangeable,1
architectural,1
revealing,1
highest,1
starting,1
substitute,1
materialism,1
completing,1
attending,1
regularity,1
dramatic,1
myth,1
ruggedly,1
rejection,1
gene,1
emphasized,1
wise,1
correspondent,1
third,1
right,1
upbringing,1
tended,1
reached,1
sentiments,1
can,1
enjoyed,1
like,1
norman,1
texts,1
generally,1
views,1
bachelor,1
up,1
toyed,1
capitalism,1
finishing,1
graduating,1
stimulating,1
hometown,1
abandoned,1
correspondence,1
strong,1
mature,1
occupied,1
emphasize,1
notes,1
enormously,1
appropriate,1
quarterly,1
plight,1
poles,1
generation,1
daughter,1
handful,1
unsuccessfully,1
dust,1
rest,1
convincingly,1
reserve,1
businessmen,1
gleaned,1
division,1
liberallevy,1
artistry,1
attended,1
seemed,1
society,1
separate,1
thorough,1
captivatingly,1
