WORDCOUNTS,WEIGHT
the,233
of,131
in,88
and,77
to,69
a,55
american,47
s,33
new,29
that,26
as,25
history,25
for,22
communism,20
party,20
it,19
on,18
is,17
draper,15
with,15
was,15
from,15
p,14
ottanelli,14
communist,13
by,13
had,13
buhle,13
communists,13
his,12
their,12
has,12
this,12
he,11
but,11
which,11
were,11
marxism,11
left,10
who,9
political,9
an,9
be,9
not,8
no,8
revisited,8
book,8
i,8
york,7
they,7
united,7
more,7
war,7
popular,7
have,7
states,7
klehr,7
at,6
these,6
most,6
books,6
while,6
some,6
significant,6
years,6
own,6
depression,6
world,6
if,5
front,5
or,5
isserman,5
culture,5
reviews,5
them,5
historians,5
its,5
issues,5
one,5
like,5
little,5
much,5
than,5
been,4
about,4
pp,4
immigrant,4
decade,4
something,4
only,4
also,4
over,4
did,4
great,4
time,4
radical,4
harvey,4
may,4
do,4
waltzer,4
work,4
example,4
policies,4
review,4
radicalism,4
debate,4
women,4
when,4
rights,3
battle,3
now,3
influence,3
within,3
how,3
still,3
after,3
life,3
analysis,3
interpretation,3
articles,3
me,3
better,3
consider,3
socialists,3
into,3
before,3
workers,3
same,3
are,3
said,3
offers,3
paul,3
ii,3
intellectual,3
union,3
came,3
december,3
appearance,3
out,3
any,3
enemy,3
late,3
academic,3
theodore,3
particular,3
another,3
account,3
extent,3
both,3
say,3
subject,3
such,3
since,3
there,3
moscow,3
social,3
general,3
would,3
so,3
earlier,3
provides,3
among,3
socialism,3
heyday,3
fascists,2
critics,2
seventh,2
stage,2
whose,2
onset,2
without,2
way,2
continued,2
kenneth,2
five,2
main,2
soviet,2
know,2
might,2
forward,2
revolutionary,2
prove,2
universities,2
itself,2
debsian,2
importance,2
grew,2
movement,2
direct,2
pages,2
obstacle,2
read,2
struggle,2
you,2
university,2
healey,2
literary,2
kelley,2
singular,2
ed,2
industrial,2
insights,2
democratic,2
first,2
anything,2
t,2
beyond,2
published,2
electoral,2
june,2
index,2
later,2
again,2
dorothy,2
many,2
paper,2
cultures,2
generational,2
my,2
other,2
unionism,2
could,2
current,2
moments,2
deal,2
john,2
launched,2
debates,2
real,2
initial,2
maurice,2
struggles,2
edition,2
documents,2
written,2
those,2
notable,2
marcantonio,2
orthodoxy,2
labor,2
can,2
trade,2
propensity,2
vehicle,2
version,2
stance,2
well,2
encyclopedia,2
fraser,2
writings,2
apart,2
rally,2
far,2
strength,2
browder,2
press,2
two,2
anticipated,2
writing,2
aspirations,2
assumptions,2
during,2
congress,2
our,2
come,2
campus,2
previous,2
devoted,2
ultimately,2
argument,2
notes,2
language,2
interest,2
move,2
field,2
period,2
revolution,2
emphasized,2
nor,2
unions,2
back,2
internal,2
german,2
early,2
through,2
even,2
traditional,2
critique,2
leadership,2
doing,2
close,2
readers,2
savant,1
alabama,1
conjugal,1
carried,1
unorthodoxy,1
democracy,1
does,1
unknown,1
suggestion,1
originally,1
collum,1
helped,1
currently,1
fascism,1
second,1
racism,1
situation,1
done,1
emulate,1
subordination,1
madison,1
today,1
perspectives,1
matter,1
examining,1
absence,1
reviewer,1
various,1
wisdom,1
fell,1
contended,1
rather,1
extravagance,1
howe,1
broadened,1
rev,1
purptish,1
l,1
harrington,1
giving,1
doctoral,1
ire,1
centered,1
magisterial,1
indeed,1
vienna,1
ideology,1
bloodied,1
prose,1
rough,1
go,1
limited,1
play,1
square,1
description,1
motivated,1
joturnal,1
receptive,1
bellamyites,1
appreciation,1
lines,1
episodes,1
congressman,1
merits,1
outlet,1
responded,1
poking,1
disagreements,1
dotting,1
contrast,1
dimensions,1
lost,1
etc,1
haymarket,1
reigning,1
concluding,1
community,1
combine,1
sect,1
considerably,1
populism,1
introduction,1
force,1
make,1
garden,1
degree,1
proportion,1
orbit,1
crossing,1
supplement,1
per,1
flexible,1
yiddish,1
xii,1
wilson,1
se,1
reservations,1
becoming,1
large,1
closet,1
actually,1
balanced,1
hitherto,1
hold,1
contributions,1
innovation,1
novice,1
fate,1
relationship,1
mourning,1
lay,1
earl,1
ain,1
confronting,1
advised,1
robin,1
researcher,1
origins,1
consequences,1
celebrities,1
rechanneled,1
streetcorner,1
directives,1
criticism,1
disagrees,1
spearheading,1
yet,1
ways,1
rewards,1
solidarity,1
tumult,1
victor,1
support,1
all,1
means,1
completely,1
accounts,1
twenty,1
brunswick,1
revisionist,1
figured,1
marginal,1
see,1
gathered,1
country,1
timeworn,1
bad,1
notwithstanding,1
immensely,1
praise,1
potiticat,1
devotes,1
former,1
cause,1
acceptance,1
flexibility,1
position,1
comrades,1
poisoned,1
old,1
dissertation,1
denounced,1
seems,1
familiar,1
duncan,1
sociological,1
bit,1
dated,1
rarely,1
ambitious,1
then,1
clearly,1
thinking,1
short,1
conclusions,1
alluded,1
suffered,1
believed,1
shifting,1
n,1
dominate,1
rubbish,1
bruce,1
articulated,1
unemployed,1
packaged,1
complexity,1
argued,1
experiment,1
too,1
w,1
passos,1
updated,1
biography,1
provocative,1
themes,1
show,1
exorbitant,1
forcefully,1
test,1
eclipsed,1
struck,1
recreates,1
ever,1
round,1
being,1
judgments,1
neighborhood,1
rise,1
informed,1
sometimes,1
prominently,1
explaining,1
affections,1
appeared,1
gotten,1
followed,1
constructed,1
ll,1
variants,1
organization,1
sources,1
membership,1
stepping,1
amidst,1
provide,1
occasion,1
supposedly,1
stalinism,1
disagreement,1
splendidly,1
spring,1
organizational,1
answers,1
sustained,1
questions,1
odd,1
set,1
dominant,1
challenge,1
path,1
taken,1
important,1
strategy,1
waterfront,1
moods,1
suggested,1
toward,1
purely,1
remapping,1
others,1
dimension,1
attempt,1
secretary,1
appear,1
knowing,1
deserves,1
generated,1
ask,1
deficiencies,1
worked,1
emerged,1
adequate,1
colleges,1
glimpsed,1
advanced,1
greater,1
j,1
prestigious,1
nature,1
rushing,1
uses,1
lacked,1
certain,1
definition,1
true,1
diggins,1
television,1
lush,1
shows,1
regrettable,1
longer,1
curiosities,1
comparatively,1
rivals,1
pursuits,1
consideration,1
exploration,1
seem,1
treatment,1
available,1
copy,1
international,1
universalist,1
diverting,1
leading,1
paramount,1
leaders,1
down,1
materialist,1
uneasy,1
histories,1
print,1
deconstructionist,1
together,1
found,1
conservative,1
patrick,1
dos,1
worse,1
agree,1
reasons,1
depict,1
careers,1
marxistn,1
exclusion,1
domestic,1
treatments,1
editors,1
speech,1
erotica,1
glories,1
freeman,1
inevitably,1
adaptability,1
confront,1
particularly,1
studied,1
able,1
incident,1
intellectuals,1
shared,1
service,1
ethiopia,1
pass,1
events,1
very,1
uncovered,1
contemporary,1
pretended,1
take,1
historical,1
emerge,1
manifestos,1
condensed,1
russia,1
seldom,1
discussed,1
insular,1
roosevelt,1
serious,1
embrace,1
passage,1
simple,1
embattled,1
honor,1
historian,1
persistence,1
last,1
transit,1
feminist,1
took,1
alert,1
scholarship,1
chooses,1
drove,1
hand,1
assimilationist,1
raised,1
dismissed,1
activism,1
born,1
cultural,1
staking,1
scholarly,1
antifascist,1
ruined,1
reading,1
what,1
youthful,1
hostility,1
hostile,1
johns,1
stressing,1
award,1
combined,1
number,1
recently,1
conglomerates,1
ad,1
form,1
seamen,1
michael,1
less,1
understood,1
system,1
akin,1
probably,1
fall,1
sorry,1
deliberations,1
apace,1
hile,1
younger,1
afterword,1
capitalists,1
eradicate,1
takes,1
safe,1
series,1
ghettoes,1
attitude,1
ignorance,1
wartime,1
austrian,1
blandishments,1
core,1
dan,1
furled,1
protective,1
native,1
narrative,1
danny,1
reissued,1
assault,1
college,1
hamilton,1
controversy,1
autonomous,1
comprehension,1
marxists,1
style,1
public,1
fundamentals,1
nearly,1
draws,1
adopts,1
streets,1
corners,1
nurturant,1
hopkins,1
reflected,1
sought,1
mass,1
really,1
combatants,1
america,1
saying,1
complain,1
dusty,1
melee,1
march,1
aspiration,1
nostalgic,1
cloth,1
fight,1
argues,1
chapter,1
voice,1
indifference,1
sounded,1
almost,1
episode,1
detractors,1
suggests,1
automobile,1
politics,1
understanding,1
line,1
extended,1
suburbanization,1
art,1
blows,1
gains,1
admits,1
periodicals,1
object,1
drive,1
definitive,1
success,1
automobilization,1
strengths,1
inhospitable,1
sanction,1
alliance,1
made,1
dissenters,1
doomed,1
chiefly,1
yuppies,1
upon,1
level,1
run,1
writers,1
circumstances,1
represented,1
imagined,1
r,1
sides,1
orientation,1
g,1
rereading,1
taking,1
discovered,1
radicals,1
surveys,1
point,1
except,1
part,1
including,1
city,1
civil,1
retains,1
politician,1
increase,1
apology,1
sean,1
role,1
dirty,1
department,1
sounding,1
fragmented,1
red,1
representing,1
african,1
curt,1
waning,1
remembers,1
infamous,1
die,1
whatever,1
astonishing,1
ten,1
step,1
unhappy,1
went,1
whole,1
downplayed,1
conventional,1
touchstone,1
wilentz,1
deserted,1
draperian,1
older,1
acknowledges,1
fail,1
americans,1
summarizes,1
factor,1
georgakas,1
despite,1
broad,1
pop,1
disrupted,1
shortcomings,1
people,1
tremendously,1
isolated,1
verso,1
jo,1
winning,1
increasingly,1
victim,1
ethnic,1
evolution,1
outside,1
terms,1
central,1
vito,1
daring,1
thus,1
irving,1
individuals,1
accessible,1
named,1
chosen,1
belated,1
search,1
comments,1
suffrage,1
reflective,1
disciplined,1
question,1
embark,1
haven,1
enthusiasm,1
volunteering,1
banners,1
angles,1
single,1
refugees,1
tell,1
described,1
survival,1
talented,1
radicalisms,1
versions,1
rejected,1
utopian,1
status,1
justifiably,1
universally,1
currents,1
solidarities,1
clear,1
challenging,1
anchored,1
riot,1
faced,1
mari,1
fizzling,1
against,1
knights,1
reality,1
emphasizing,1
regarded,1
conditions,1
manifestation,1
dissolving,1
national,1
write,1
massacre,1
interracial,1
finally,1
virtues,1
bibliography,1
d,1
concentrates,1
correcting,1
good,1
tone,1
sat,1
ability,1
tenured,1
corrective,1
c,1
contributed,1
joined,1
legacy,1
least,1
instead,1
keep,1
herrings,1
enjoying,1
ensued,1
sense,1
condescension,1
virtue,1
describing,1
threw,1
presented,1
helpful,1
useful,1
fanatical,1
specialists,1
cold,1
aroused,1
realization,1
occasionally,1
him,1
unfashionable,1
things,1
appointment,1
socialist,1
rooted,1
disruption,1
mines,1
constituencies,1
troubled,1
kind,1
wing,1
hewing,1
trapped,1
keen,1
define,1
rutgers,1
standard,1
midst,1
nelson,1
unorthodox,1
emerging,1
pretensions,1
relations,1
tends,1
increased,1
forms,1
immigrants,1
chance,1
longshoremen,1
curiously,1
joshua,1
class,1
opposition,1
endured,1
spanish,1
needs,1
am,1
violently,1
transport,1
offered,1
especially,1
consensus,1
comparing,1
highly,1
edmund,1
pioneering,1
paragraph,1
qualities,1
between,1
eyes,1
typically,1
cool,1
generating,1
six,1
subsided,1
viable,1
become,1
relation,1
coauthor,1
themselves,1
club,1
allying,1
decline,1
hominem,1
prospects,1
minus,1
marxist,1
undoubtedly,1
freakish,1
boundaries,1
third,1
vary,1
effect,1
reached,1
truly,1
teach,1
era,1
organizers,1
treasures,1
james,1
dogged,1
visible,1
drawn,1
movements,1
phrenology,1
obscure,1
necessity,1
entire,1
abroad,1
uninspired,1
spain,1
peculiarly,1
ultrarevolutionary,1
preserving,1
dividing,1
attracted,1
leftists,1
need,1
dismissal,1
we,1
roots,1
here,1
recent,1
nation,1
relative,1
diminish,1
correctness,1
counterbalances,1
professional,1
should,1
adaptive,1
wretches,1
previously,1
controversial,1
embodied,1
rewarded,1
hoe,1
signals,1
attention,1
moved,1
vividly,1
evidence,1
dictated,1
hammer,1
virtual,1
retrospect,1
performing,1
uncritical,1
let,1
shaping,1
awards,1
