WORDCOUNTS,WEIGHT
the,180
of,144
and,80
to,57
in,53
a,47
as,31
that,29
their,22
is,21
was,21
by,21
for,19
voegelin,18
an,18
s,16
american,15
strauss,15
it,13
he,13
with,13
history,13
mcallister,12
not,12
from,12
but,12
had,12
modernity,12
his,11
who,11
or,11
all,11
order,11
more,10
political,10
these,10
which,10
were,10
be,10
intellectual,9
conservative,9
has,9
both,9
such,9
this,9
one,8
p,8
historical,8
against,8
most,7
out,7
conservatism,7
have,7
at,6
liberal,6
two,6
ideas,6
book,6
however,6
human,6
between,6
democracy,5
revolt,5
thought,5
into,5
also,5
been,5
nature,5
are,5
men,5
some,5
work,5
upon,5
sense,5
even,5
will,4
thinkers,4
only,4
if,4
did,4
very,4
there,4
philosophical,4
reviews,4
case,4
belief,4
account,4
writers,4
its,4
mcclay,4
moral,4
century,4
on,4
offered,4
postwar,4
about,4
liberalism,3
limits,3
movement,3
southern,3
life,3
itself,3
modern,3
university,3
us,3
any,3
too,3
insights,3
party,3
writing,3
m,3
important,3
toward,3
many,3
could,3
normative,3
particularly,3
brinkley,3
intellectuals,3
how,3
great,3
works,3
precisely,3
context,3
distance,3
america,3
hitler,3
march,3
leo,3
press,3
himself,3
our,3
eric,3
spirit,3
nash,3
since,3
reality,3
twentieth,3
divine,3
large,3
philosophy,3
especially,3
away,3
what,3
difficult,2
christian,2
allitt,2
whose,2
german,2
perspectives,2
humankind,2
common,2
george,2
wrote,2
catholic,2
gnostic,2
still,2
mundane,2
prophet,2
genovese,2
needed,2
complex,2
totalitarianisms,2
studies,2
tend,2
authority,2
ways,2
pathologies,2
eugene,2
limitation,2
immanentize,2
historian,2
same,2
breach,2
something,2
result,2
extensive,2
rise,2
statement,2
t,2
social,2
wilfred,2
other,2
power,2
secured,2
historicism,2
tradition,2
came,2
inclined,2
idea,2
remarks,2
found,2
search,2
regard,2
foundation,2
achievement,2
patrick,2
shared,2
link,2
energies,2
contemporary,2
just,2
believed,2
do,2
v,2
principal,2
though,2
because,2
nazism,2
them,2
less,2
see,2
well,2
russell,2
placed,2
badly,2
remarked,2
emphasis,2
politics,2
own,2
made,2
move,2
careful,2
struck,2
west,2
guess,2
despite,2
education,2
explication,2
use,2
separating,2
issues,2
catches,2
throughout,2
review,2
refugees,2
alan,2
indeed,2
biblical,2
quest,2
good,2
change,2
defense,2
like,2
would,2
kirk,2
need,2
so,2
things,2
serves,2
you,2
kind,2
ted,2
never,2
problems,2
article,2
themselves,2
scholarship,2
consciously,2
sentiments,2
enterprise,2
undertaking,2
texts,2
when,2
progress,2
obscure,2
little,2
those,2
world,2
correspondence,2
than,2
cosmic,2
should,2
contrast,2
influence,2
valuable,2
admirable,2
perfect,1
promised,1
void,1
liberation,1
winds,1
critical,1
biography,1
indication,1
inertia,1
disaffection,1
mostly,1
fascism,1
transform,1
leveled,1
husserl,1
absence,1
wisdom,1
european,1
attributable,1
always,1
rather,1
heroic,1
dilemma,1
movements,1
crucial,1
traditionalism,1
action,1
tiny,1
destroy,1
aimed,1
unapologetically,1
main,1
elaboration,1
short,1
deep,1
maps,1
exile,1
reinhold,1
wonder,1
particularistic,1
ironically,1
influential,1
motivated,1
heresy,1
cooper,1
culminating,1
legitimate,1
thrown,1
doctrine,1
indirect,1
intriguing,1
institutions,1
communism,1
burke,1
nazis,1
mean,1
dissolution,1
conceptions,1
concluding,1
emerge,1
apprehension,1
divinize,1
judgment,1
introduction,1
imprison,1
discourse,1
landmarks,1
mainstream,1
antimodernists,1
lawrence,1
understand,1
joachim,1
experiences,1
hopelessly,1
importance,1
theophany,1
inadequate,1
paradoxically,1
perennial,1
emerges,1
direct,1
led,1
fervently,1
cultivate,1
forcibly,1
diagnosis,1
insistently,1
antimodern,1
pages,1
possess,1
study,1
anchored,1
danger,1
auditors,1
analysis,1
relationship,1
quite,1
sister,1
feel,1
hope,1
word,1
cults,1
cuts,1
factors,1
betweenness,1
luminaries,1
respect,1
usefully,1
sees,1
criticism,1
salvation,1
constitutes,1
foreswore,1
sort,1
yet,1
sympathies,1
indispensable,1
unconventional,1
theodor,1
citizens,1
scene,1
means,1
reason,1
lives,1
intelligently,1
earthly,1
pp,1
sublime,1
developments,1
gathered,1
esoteric,1
better,1
pay,1
attachment,1
seeing,1
under,1
tomes,1
decade,1
god,1
center,1
tangled,1
neither,1
western,1
circumscribed,1
index,1
ancient,1
immediate,1
ironism,1
neglected,1
boundless,1
hegel,1
published,1
contextualization,1
lending,1
takes,1
instance,1
goes,1
judgments,1
edition,1
americanists,1
following,1
shifting,1
choices,1
vivid,1
relativism,1
source,1
revised,1
complexity,1
argued,1
antimodernism,1
faith,1
immanent,1
solid,1
fearsome,1
assaults,1
rescued,1
orientation,1
department,1
agents,1
lasch,1
democratic,1
potential,1
ever,1
being,1
said,1
speaking,1
e,1
fact,1
universalistic,1
programmatically,1
stalin,1
else,1
tension,1
charismatic,1
notions,1
sources,1
translatable,1
hence,1
long,1
untoward,1
whom,1
willfully,1
notably,1
glimpse,1
metaxy,1
repeatedly,1
lewis,1
lucid,1
complacent,1
roman,1
alluding,1
neoconservatives,1
eventuate,1
fifties,1
subplot,1
eden,1
conceal,1
set,1
drift,1
helped,1
nietzschean,1
mumford,1
chaos,1
encode,1
gesturing,1
mark,1
again,1
bereft,1
stating,1
make,1
death,1
systems,1
academy,1
view,1
over,1
continental,1
personalities,1
orphan,1
conflicts,1
control,1
rational,1
countercultural,1
tendencies,1
each,1
intellect,1
huge,1
descriptive,1
uses,1
efforts,1
words,1
different,1
nietzsche,1
organized,1
immense,1
antecedentsheidegger,1
exemplar,1
agenda,1
followings,1
scholars,1
best,1
disordered,1
occasionally,1
print,1
together,1
epitomized,1
indelibly,1
begun,1
enduring,1
called,1
reasons,1
postliberal,1
abstract,1
right,1
hubristic,1
regionalists,1
traditionalists,1
inquiry,1
gives,1
teachers,1
dysfunctional,1
time,1
brothers,1
classical,1
pointed,1
clearly,1
farther,1
expression,1
criticisms,1
twelfth,1
radical,1
biographical,1
religion,1
eagerness,1
disregarded,1
survey,1
take,1
real,1
appropriately,1
eliot,1
considerable,1
free,1
man,1
reactionary,1
anomic,1
above,1
firmly,1
serious,1
bradford,1
fellow,1
respects,1
devised,1
last,1
merely,1
destroyed,1
emigr,1
turned,1
left,1
stand,1
beginning,1
present,1
activism,1
far,1
urgent,1
differences,1
posited,1
institute,1
somewhat,1
where,1
ancients,1
cries,1
hostile,1
johns,1
notable,1
carefully,1
unique,1
orthodoxy,1
whether,1
offering,1
pneumapathology,1
making,1
wherein,1
forth,1
comes,1
grounds,1
conviction,1
ezekiel,1
rich,1
resulted,1
core,1
your,1
perhaps,1
native,1
warn,1
eds,1
books,1
compelled,1
exploration,1
problem,1
directly,1
extent,1
public,1
jewish,1
appropriated,1
perfection,1
temptations,1
caprice,1
her,1
eschaton,1
hopkins,1
while,1
number,1
sought,1
possibility,1
machiavelli,1
heed,1
saying,1
depredations,1
healthy,1
historiographical,1
aspiration,1
degree,1
emberley,1
constitutional,1
outstanding,1
violent,1
watchman,1
years,1
almost,1
another,1
influenced,1
generally,1
don,1
wonders,1
orthodox,1
fundamentally,1
kansas,1
basis,1
implies,1
future,1
marked,1
compelling,1
constraints,1
greatest,1
flourish,1
prevailing,1
way,1
discussion,1
paucity,1
formerly,1
traditionalist,1
popular,1
intense,1
survive,1
strengths,1
detract,1
consciousness,1
hobbes,1
bibliography,1
explanation,1
tulane,1
living,1
obvious,1
contours,1
limitations,1
heart,1
mastery,1
concept,1
thereby,1
throes,1
including,1
consequent,1
understanding,1
purpose,1
treating,1
city,1
example,1
truths,1
knowledge,1
prospect,1
bottom,1
paleoconservatives,1
republic,1
recover,1
decoded,1
inaugurated,1
christopher,1
subject,1
entirely,1
territory,1
significant,1
loss,1
whole,1
illusion,1
engage,1
adrift,1
guideposts,1
symbolization,1
older,1
place,1
aimlessness,1
intelligible,1
much,1
partly,1
engaging,1
mention,1
shortcomings,1
people,1
pole,1
aside,1
concentrate,1
actually,1
conundrums,1
strenuous,1
increasingly,1
coming,1
neglect,1
conflict,1
story,1
freedom,1
recovery,1
max,1
writings,1
irving,1
nothing,1
continue,1
examination,1
disregard,1
come,1
garden,1
apparently,1
full,1
illustrative,1
chipped,1
philosopher,1
collapse,1
reflect,1
anxiously,1
sickness,1
admirers,1
employed,1
devoted,1
obliged,1
project,1
explained,1
exceedingly,1
unable,1
they,1
argues,1
development,1
xv,1
alliance,1
patient,1
enthusiastic,1
challenging,1
resist,1
advent,1
kindle,1
gap,1
conditions,1
stress,1
relentless,1
messages,1
errors,1
appreciably,1
publication,1
write,1
profession,1
author,1
peter,1
dominated,1
interest,1
crisis,1
authoritative,1
dangerous,1
relatively,1
regarded,1
professional,1
course,1
offer,1
instead,1
haunted,1
david,1
animating,1
land,1
dense,1
price,1
hard,1
suitably,1
ahead,1
preserve,1
uncategorizable,1
heidegger,1
product,1
him,1
reliable,1
seeming,1
high,1
thoughtful,1
replaced,1
horrifying,1
impresses,1
forced,1
shrift,1
filled,1
kept,1
anyone,1
keen,1
playthings,1
prudential,1
sharp,1
standard,1
prophecy,1
provides,1
intrinsic,1
arbitrary,1
atmosphere,1
nor,1
old,1
speculative,1
forms,1
family,1
small,1
helps,1
why,1
truthseeker,1
does,1
perspective,1
felt,1
needs,1
mind,1
flora,1
horkheimer,1
intercollegiate,1
fond,1
barry,1
profound,1
migration,1
subjects,1
contrary,1
edmund,1
incapable,1
imaginative,1
slaveholders,1
often,1
niebuhr,1
realm,1
extraordinary,1
meaning,1
dramatic,1
served,1
choosing,1
unintelligible,1
hopeless,1
catalytic,1
upbringing,1
implausible,1
verged,1
impoverishment,1
nonphilosophers,1
find,1
kristol,1
riesman,1
early,1
former,1
slogans,1
through,1
sciences,1
slightly,1
looked,1
bulwark,1
filling,1
focus,1
proper,1
describes,1
strong,1
among,1
saw,1
roots,1
recent,1
notes,1
adorno,1
beings,1
occasion,1
general,1
virtue,1
historicized,1
provided,1
divinization,1
weakness,1
opposite,1
handful,1
massive,1
concluded,1
gleaned,1
names,1
error,1
weimar,1
martin,1
seemed,1
society,1
normlessness,1
thorough,1
selectively,1
