WORDCOUNTS,WEIGHT
the,154
of,126
and,103
hoover,64
a,57
to,46
in,45
that,44
his,37
s,35
is,29
was,29
as,28
he,24
powers,23
it,19
by,19
for,18
but,17
on,17
be,16
there,14
were,14
p,13
gentry,13
not,12
files,12
american,11
one,11
with,11
so,11
an,11
these,10
i,9
man,9
this,9
like,9
who,8
they,8
other,8
j,8
edgar,8
d,8
when,8
biography,7
no,7
history,7
more,7
theoharis,7
have,7
their,6
methods,6
from,6
most,6
new,6
political,6
well,6
values,6
which,6
communist,5
liberal,5
power,5
all,5
gee,5
did,5
real,5
them,5
see,5
has,5
america,5
bureaucratic,5
used,5
liberals,5
national,5
at,4
will,4
secret,4
york,4
bureau,4
make,4
life,4
illegal,4
pp,4
or,4
just,4
culture,4
w,4
simply,4
only,4
wreszin,4
had,4
book,4
athan,4
personality,4
may,4
do,4
politics,4
richard,4
became,4
against,4
our,4
personal,4
argument,4
such,4
t,4
reputation,4
black,4
often,4
can,4
much,4
fbi,4
than,4
professional,4
books,3
racism,3
criminal,3
lawless,3
support,3
square,3
politicians,3
seen,3
about,3
seward,3
many,3
same,3
two,3
gossip,3
also,3
law,3
important,3
war,3
roosevelt,3
professionalism,3
state,3
what,3
investigation,3
case,3
record,3
mccarthyism,3
role,3
its,3
use,3
nothing,3
both,3
since,3
moral,3
agent,3
detached,3
cold,3
him,3
sense,3
served,3
up,3
world,3
example,3
doing,3
activities,3
bang,3
critics,2
does,2
defended,2
relationship,2
recognized,2
commentary,2
keller,2
expansion,2
aggressive,2
legitimate,2
communism,2
insist,2
panthers,2
movement,2
enduring,2
volumes,2
class,2
myth,2
analysis,2
chronicle,2
federal,2
understand,2
gid,2
under,2
antiwar,2
university,2
romanticization,2
enforcer,2
justified,2
index,2
compiled,2
image,2
any,2
before,2
director,2
must,2
routine,2
reports,2
noted,2
max,2
party,2
leader,2
fire,2
kinds,2
offers,2
sustained,2
assorted,2
might,2
meaning,2
put,2
control,2
into,2
opponents,2
destroy,2
raw,2
response,2
whom,2
kennedy,2
leading,2
historians,2
scholars,2
pells,2
endless,2
could,2
edsall,2
pages,2
great,2
spokesman,2
particularly,2
demands,2
john,2
events,2
end,2
review,2
anticommunism,2
liberties,2
toleration,2
rhetoric,2
men,2
reviews,2
context,2
everyone,2
michael,2
cannot,2
intelligently,2
style,2
public,2
security,2
sexual,2
because,2
espionage,2
some,2
work,2
international,2
knew,2
reaction,2
jimmy,2
made,2
future,2
community,2
part,2
through,2
civil,2
knowledge,2
administration,2
agents,2
gave,2
collection,2
began,2
challenges,2
ideologues,2
wild,2
charges,2
score,2
significance,2
observed,2
constantly,2
objective,2
apparatus,2
working,2
played,2
you,2
thomas,2
around,2
few,2
june,2
contrary,2
acts,2
agency,2
mccarthy,2
secrecy,2
c,2
weber,2
chicago,2
effect,2
create,2
even,2
notes,2
william,2
evidence,2
influence,2
race,2
society,2
kurt,1
subversive,1
deplorable,1
fails,1
phones,1
adeptness,1
difficult,1
carried,1
age,1
rights,1
reading,1
go,1
poor,1
sleeper,1
egotism,1
liberalism,1
hero,1
high,1
fraud,1
stained,1
republic,1
theodore,1
menace,1
phone,1
stems,1
essential,1
violation,1
authorization,1
painstakingly,1
hopes,1
rome,1
hofstadter,1
way,1
bringing,1
act,1
vengeance,1
true,1
statements,1
if,1
section,1
sometimes,1
johns,1
action,1
interested,1
cent,1
celebrity,1
winchell,1
soviet,1
wrote,1
developed,1
critical,1
lurid,1
impressive,1
compatible,1
h,1
how,1
garrison,1
facade,1
hill,1
carefully,1
mars,1
daniel,1
vague,1
secrets,1
credibility,1
nevertheless,1
assassination,1
theories,1
account,1
dangers,1
playing,1
rosenbergs,1
revolutionary,1
trans,1
wash,1
deception,1
vendettas,1
brings,1
upward,1
lost,1
whores,1
fdr,1
deliberately,1
boss,1
ultimate,1
detailed,1
introduction,1
neighborhood,1
surviving,1
effectively,1
credited,1
after,1
lives,1
whim,1
former,1
trash,1
minutes,1
church,1
admonition,1
grew,1
police,1
brand,1
tolerated,1
large,1
expert,1
covering,1
jobs,1
country,1
scholar,1
builder,1
makes,1
authoritarian,1
escape,1
middleand,1
adept,1
illustrations,1
needles,1
norton,1
tapped,1
guide,1
principle,1
cars,1
once,1
dismiss,1
cheap,1
alleged,1
provides,1
reds,1
crisis,1
edited,1
honey,1
interpretation,1
unchanging,1
citizens,1
cynical,1
scene,1
reason,1
examined,1
surveillance,1
democrats,1
repressive,1
fervently,1
elitist,1
serve,1
respectability,1
presidents,1
me,1
favor,1
bad,1
monumental,1
garbage,1
leaked,1
sensationalism,1
realities,1
reevaluation,1
salacious,1
exposure,1
forget,1
trace,1
stanley,1
challenged,1
detail,1
protection,1
entry,1
articulately,1
gerth,1
school,1
literary,1
palmer,1
organized,1
jay,1
contained,1
home,1
falls,1
total,1
presumably,1
thinking,1
import,1
historian,1
keeping,1
growing,1
impact,1
mary,1
descriptions,1
ed,1
kutler,1
outlined,1
redemption,1
god,1
source,1
are,1
argued,1
frequently,1
restrooms,1
queens,1
too,1
without,1
contempt,1
dissemination,1
trafficked,1
proudest,1
democratic,1
acclaimed,1
ever,1
oil,1
said,1
urgency,1
first,1
rise,1
invoking,1
informed,1
stars,1
else,1
downplaying,1
beyond,1
suites,1
social,1
stroking,1
continued,1
vips,1
stuart,1
persuasive,1
undertaken,1
please,1
labels,1
wright,1
every,1
discipline,1
constituency,1
undisciplined,1
members,1
name,1
flagrant,1
puts,1
bureaucrat,1
letters,1
answers,1
postliberalism,1
explain,1
hysterical,1
imminent,1
challenge,1
helped,1
give,1
dwight,1
expression,1
toward,1
natural,1
over,1
dereviews,1
hyperbolic,1
intellectual,1
scrupulously,1
absurd,1
inquisition,1
each,1
rumor,1
cox,1
been,1
between,1
contention,1
congresses,1
bugs,1
basic,1
result,1
appraisal,1
parties,1
claims,1
chicanery,1
contemptuous,1
december,1
villard,1
europe,1
completing,1
conduct,1
head,1
best,1
laundry,1
down,1
horatio,1
confidential,1
narrowminded,1
biographies,1
paranoia,1
found,1
conservative,1
called,1
gantry,1
defenders,1
throughout,1
vicious,1
painstaking,1
blind,1
unevaluated,1
dissembling,1
narrative,1
seven,1
achievement,1
out,1
incriminating,1
deal,1
mills,1
hoodlum,1
mailed,1
very,1
asserting,1
radical,1
constant,1
variation,1
bizarre,1
unsubstantiated,1
inexplicable,1
closest,1
almost,1
protect,1
machiavelli,1
softening,1
voyeuristic,1
disruptive,1
fear,1
girls,1
last,1
merely,1
tracking,1
better,1
concrete,1
mind,1
readers,1
hand,1
studies,1
vonnegut,1
ladies,1
those,1
defend,1
supporters,1
dragnet,1
remarkable,1
opposite,1
hotel,1
according,1
handed,1
johnson,1
sincerity,1
career,1
jean,1
where,1
touted,1
keys,1
intelligence,1
heads,1
fanaticism,1
techniques,1
within,1
attack,1
forerunner,1
purposes,1
sneaking,1
exwreszin,1
selfpromotion,1
center,1
recently,1
sentence,1
system,1
pins,1
tribune,1
confrontation,1
albert,1
cause,1
sociology,1
lenses,1
chronologist,1
takes,1
material,1
conviction,1
fashionable,1
however,1
chain,1
covers,1
conclusion,1
forthcoming,1
destroys,1
perhaps,1
writes,1
approached,1
demagogue,1
eds,1
tasteless,1
college,1
neoliberals,1
debate,1
likes,1
premise,1
king,1
tammy,1
appropriated,1
sewage,1
inexcusable,1
pederast,1
vestige,1
streets,1
her,1
hopkins,1
number,1
planted,1
mass,1
oswald,1
judgments,1
won,1
day,1
rests,1
warriors,1
victims,1
manure,1
jim,1
boys,1
tack,1
taxes,1
roundup,1
another,1
provincial,1
ineptness,1
chaotic,1
porno,1
minimal,1
network,1
distinguish,1
r,1
suspicion,1
understanding,1
greatest,1
open,1
patriotism,1
admits,1
ivan,1
success,1
adopting,1
examples,1
quarterly,1
bibliography,1
tool,1
upon,1
rebuttal,1
turning,1
information,1
condoned,1
spy,1
alarm,1
restrained,1
code,1
logs,1
psychological,1
agencies,1
eccentricities,1
radicals,1
little,1
bell,1
say,1
transformed,1
far,1
city,1
despite,1
dee,1
manufactured,1
bureaucracy,1
strangers,1
strictly,1
proved,1
confirm,1
press,1
demanded,1
scandal,1
nation,1
verification,1
convinced,1
curt,1
look,1
mercurial,1
subject,1
creation,1
don,1
ritual,1
ten,1
lies,1
song,1
staunchly,1
sycophantic,1
identifies,1
forged,1
significant,1
approve,1
substance,1
genuine,1
during,1
indebted,1
harold,1
shoddy,1
issues,1
aberrations,1
collaborative,1
revelations,1
people,1
americana,1
egalitarianism,1
september,1
mythologized,1
commodity,1
exploited,1
think,1
colossal,1
flynn,1
domination,1
continue,1
protected,1
documented,1
franklin,1
popular,1
mafia,1
wised,1
surreptitious,1
full,1
previous,1
away,1
collapse,1
disciplined,1
question,1
bedrooms,1
dismissed,1
surely,1
believes,1
epic,1
internal,1
counterbalance,1
until,1
radicalism,1
seamy,1
explained,1
immediate,1
years,1
withstand,1
miss,1
accommodation,1
own,1
run,1
clear,1
functioned,1
graduate,1
paragraphs,1
importance,1
approach,1
refuse,1
personally,1
nixon,1
publication,1
washington,1
author,1
blackmail,1
dominated,1
unimaginative,1
amerasia,1
weberian,1
good,1
fendedthe,1
dangerous,1
published,1
responses,1
documentation,1
senility,1
flamboyance,1
least,1
instead,1
times,1
seburg,1
allowed,1
club,1
walter,1
crimes,1
democratically,1
slander,1
period,1
spread,1
appreciated,1
cavalierly,1
insisted,1
product,1
hardly,1
revolution,1
creating,1
states,1
writer,1
excuse,1
protest,1
affirmation,1
indisputable,1
snake,1
dry,1
lie,1
kind,1
counted,1
filled,1
byrne,1
kept,1
rockwell,1
stork,1
earlier,1
thing,1
rushed,1
sixty,1
cases,1
biographers,1
martin,1
repeat,1
nor,1
macdonald,1
family,1
imagination,1
talents,1
why,1
dwell,1
opposition,1
keep,1
apalachin,1
principals,1
anonymous,1
mitchell,1
portrait,1
rockwellian,1
refer,1
encouraged,1
wayside,1
back,1
wider,1
concerns,1
anticommunist,1
date,1
wasn,1
study,1
hiss,1
grow,1
cool,1
brought,1
chambers,1
encouraging,1
emergency,1
suitable,1
still,1
shoddily,1
interpretations,1
tactics,1
point,1
shallow,1
effective,1
bag,1
telling,1
lists,1
generously,1
eastern,1
judicious,1
bakker,1
irrelevant,1
dedicated,1
find,1
luther,1
swaggart,1
enemies,1
norman,1
crux,1
elmer,1
tracks,1
including,1
conspiracy,1
drawn,1
would,1
essays,1
given,1
stimulating,1
pays,1
abandoned,1
traditional,1
nock,1
re,1
aide,1
among,1
production,1
journalists,1
here,1
capitol,1
alger,1
famous,1
adorno,1
regal,1
leadership,1
stupidities,1
crime,1
ghost,1
provided,1
meeting,1
asked,1
talent,1
acted,1
hans,1
rest,1
close,1
burglarizing,1
widely,1
dons,1
qualifiers,1
paranoid,1
bathrooms,1
busy,1
leftist,1
uprightness,1
