WORDCOUNTS,WEIGHT
the,271
of,168
and,120
in,115
a,82
new,62
to,55
that,48
s,41
left,40
on,38
rossinow,37
as,32
austin,32
is,29
movement,24
history,23
by,23
not,22
he,20
with,19
for,19
at,18
university,17
was,17
unger,17
political,16
women,15
more,15
who,14
sixties,14
activism,14
this,14
religious,13
most,13
many,13
war,13
politics,13
role,13
texas,13
does,12
it,12
some,12
sds,12
early,12
his,11
american,11
social,11
young,11
about,10
authenticity,10
students,10
have,10
an,10
white,10
activists,9
they,9
united,9
had,9
but,9
historiography,9
p,9
civil,9
people,9
were,9
change,9
states,9
other,9
pepsi,8
rights,8
farber,8
from,8
vietnam,8
those,8
historians,8
well,8
like,8
no,7
been,7
how,7
their,7
one,7
or,7
out,7
be,7
has,7
felt,7
era,7
which,7
campus,7
development,7
protest,7
especially,7
leftists,7
late,6
life,6
study,6
cultural,6
see,6
while,6
liberals,6
make,6
youth,6
national,6
ut,6
influences,6
universities,6
than,6
so,6
liberalism,5
york,5
rather,5
protestant,5
evans,5
only,5
organizations,5
also,5
over,5
wave,5
state,5
i,5
free,5
america,5
both,5
played,5
you,5
after,5
y,5
student,5
society,5
way,4
movements,4
militants,4
irwin,4
ways,4
into,4
then,4
first,4
powerful,4
oppression,4
useful,4
helped,4
towns,4
all,4
book,4
key,4
radical,4
scene,4
there,4
men,4
reviews,4
activist,4
racial,4
them,4
accounts,4
chapter,4
far,4
issues,4
chapters,4
radicalism,4
years,4
david,4
black,4
can,4
when,4
roles,4
influence,4
christian,3
college,3
hayden,3
opposition,3
group,3
claims,3
dissertation,3
arguing,3
these,3
two,3
being,3
ll,3
june,3
if,3
leftist,3
power,3
advanced,3
are,3
different,3
based,3
shows,3
columbia,3
best,3
could,3
concludes,3
historical,3
last,3
stand,3
though,3
because,3
making,3
case,3
particular,3
really,3
work,3
claim,3
radicals,3
part,3
city,3
african,3
its,3
significant,3
older,3
faculty,3
think,3
story,3
ibid,3
frame,3
focuses,3
historiographic,3
institutional,3
interest,3
madison,3
why,3
several,3
concerns,3
mainly,3
always,3
often,3
provided,3
generation,3
what,3
nightbyrd,2
given,2
liberation,2
depth,2
communities,2
ii,2
sweatt,2
town,2
equality,2
protests,2
faith,2
feeling,2
affected,2
conflation,2
debi,2
eminent,2
northeast,2
mainstream,2
certain,2
becoming,2
class,2
southeast,2
analysis,2
shank,2
space,2
alive,2
lives,2
pp,2
dreams,2
calcav,2
sara,2
us,2
unlike,2
thinking,2
liberal,2
assistance,2
culture,2
growing,2
bay,2
comes,2
ed,2
version,2
too,2
largest,2
orientation,2
begins,2
members,2
regional,2
t,2
street,2
specifically,2
winning,2
few,2
oral,2
injustice,2
writes,2
stated,2
later,2
important,2
berkeley,2
kind,2
agenda,2
turn,2
paper,2
dissertations,2
words,2
fact,2
project,2
quotes,2
scholars,2
explores,2
down,2
histories,2
argue,2
politicization,2
come,2
particularly,2
larger,2
international,2
link,2
personal,2
barry,2
know,2
section,2
man,2
base,2
turned,2
feminist,2
written,2
equally,2
ground,2
scholarly,2
focused,2
johns,2
developing,2
produced,2
notes,2
nowhere,2
gender,2
rich,2
woman,2
casey,2
books,2
public,2
hopkins,2
sexual,2
memory,2
aspects,2
remained,2
existential,2
argues,2
gained,2
directly,2
local,2
account,2
almost,2
line,2
exploring,2
discussion,2
middle,2
spaces,2
prior,2
farrell,2
even,2
administrators,2
community,2
little,2
through,2
altogether,2
press,2
became,2
related,2
identity,2
ten,2
got,2
focus,2
place,2
emphasize,2
mention,2
exist,2
engaged,2
throughout,2
narrative,2
argument,2
graduate,2
finally,2
subtle,2
motives,2
course,2
portray,2
period,2
cold,2
doug,2
tom,2
ability,2
militant,2
area,2
emphasizes,2
provides,2
involved,2
campaign,2
specific,2
outside,2
would,2
strategic,2
jeff,2
tended,2
up,2
among,2
we,2
roots,2
professional,2
general,2
historicized,2
geographic,2
acted,2
portrait,2
activities,2
lessons,2
screeching,1
revolution,1
militancy,1
south,1
seems,1
profitable,1
surprisingly,1
go,1
ending,1
archives,1
now,1
long,1
heartland,1
moy,1
discussing,1
via,1
rock,1
undergraduates,1
currently,1
relationship,1
deck,1
second,1
anarchistic,1
matriculated,1
fundamental,1
americans,1
situate,1
extracurricular,1
forces,1
give,1
tread,1
advocate,1
matter,1
window,1
edge,1
curves,1
solid,1
she,1
expected,1
noble,1
segregated,1
memoir,1
concerned,1
flagship,1
camp,1
familiar,1
within,1
identified,1
economic,1
groups,1
corporate,1
vision,1
developed,1
thoughts,1
naturally,1
landmark,1
scholar,1
peter,1
erstwhile,1
sunny,1
commitment,1
prose,1
sort,1
truth,1
motors,1
basic,1
asking,1
market,1
corporation,1
others,1
impact,1
onward,1
classic,1
nearly,1
male,1
genderoriented,1
intriguing,1
institutions,1
process,1
becomes,1
epistemologically,1
cared,1
lost,1
sensitive,1
completely,1
politicians,1
alone,1
leon,1
analyzes,1
prairie,1
detailed,1
still,1
goes,1
opportunity,1
her,1
marginalized,1
c,1
force,1
brilliantly,1
began,1
notably,1
expanded,1
sphere,1
viet,1
flag,1
dogmatic,1
orthodoxy,1
experiences,1
findings,1
connect,1
strands,1
mexico,1
importance,1
center,1
large,1
dream,1
dietrich,1
settings,1
direct,1
led,1
parts,1
plenty,1
hold,1
travails,1
special,1
authoritarian,1
concepts,1
jews,1
responsible,1
spectacular,1
unusual,1
diverge,1
percentage,1
trashing,1
sideways,1
join,1
values,1
surprising,1
live,1
usefully,1
composed,1
education,1
fade,1
sets,1
yet,1
fantasies,1
museum,1
raymond,1
core,1
colleges,1
get,1
premier,1
involvement,1
opportunities,1
identities,1
makes,1
struggle,1
me,1
modern,1
alienate,1
stories,1
sex,1
message,1
collected,1
duke,1
fought,1
spirit,1
increased,1
collection,1
derail,1
component,1
ideals,1
moved,1
committee,1
critical,1
allies,1
share,1
title,1
acting,1
wars,1
inequality,1
ymcaywca,1
clergy,1
otherwise,1
branch,1
recently,1
clearly,1
before,1
citizen,1
fruitful,1
cultures,1
historian,1
singular,1
keeping,1
same,1
teaching,1
n,1
ranks,1
acceptand,1
articulated,1
conclusion,1
variety,1
scharff,1
agitators,1
chief,1
argued,1
changing,1
queens,1
norms,1
w,1
industrial,1
townspeople,1
wisconsin,1
age,1
underdeveloped,1
needs,1
show,1
department,1
sloan,1
experience,1
simply,1
joe,1
democratic,1
ups,1
said,1
williams,1
buhle,1
committees,1
situates,1
member,1
origins,1
ugly,1
surface,1
follow,1
alfred,1
priced,1
sometimes,1
analytically,1
explaining,1
published,1
present,1
gotten,1
shorthand,1
fill,1
generally,1
modeled,1
organization,1
sources,1
provincials,1
downright,1
provide,1
certainly,1
leader,1
text,1
skaters,1
name,1
creation,1
engines,1
blatant,1
index,1
set,1
researched,1
hit,1
m,1
exploration,1
kenneth,1
feelings,1
culturally,1
toward,1
hath,1
cason,1
might,1
pick,1
natural,1
view,1
stands,1
intellectually,1
meaning,1
ask,1
deficiencies,1
intellectual,1
accents,1
emerged,1
inchoate,1
each,1
addition,1
scientists,1
j,1
philistinism,1
character,1
nature,1
speaks,1
conformity,1
worth,1
organized,1
hadn,1
longer,1
tour,1
pointed,1
societal,1
affiliated,1
treatment,1
bolsters,1
alienation,1
capital,1
diverging,1
chord,1
leading,1
leaders,1
straightforward,1
discount,1
develops,1
acts,1
pages,1
found,1
marion,1
conservative,1
begun,1
half,1
search,1
creeping,1
compliments,1
abstract,1
right,1
regard,1
knight,1
judgements,1
treatments,1
assertion,1
distance,1
followers,1
puritanism,1
viii,1
wouldn,1
normative,1
time,1
agrees,1
spoiled,1
break,1
spray,1
richer,1
never,1
any,1
circa,1
gray,1
privileged,1
very,1
court,1
debates,1
everything,1
overwhelmingly,1
associated,1
monograph,1
survey,1
greatly,1
take,1
workable,1
bases,1
captured,1
expansion,1
barnard,1
essentially,1
nexus,1
wrought,1
u,1
display,1
quoted,1
another,1
works,1
living,1
terry,1
absolutely,1
fidelismo,1
lawrence,1
music,1
better,1
communitarians,1
academic,1
took,1
further,1
angry,1
hand,1
trouble,1
pure,1
do,1
beginning,1
v,1
established,1
waving,1
traced,1
surely,1
ninety,1
done,1
discipline,1
where,1
committed,1
slow,1
deteriorate,1
secular,1
allmale,1
anderson,1
broader,1
persuasively,1
trotsky,1
sitins,1
existing,1
treat,1
circles,1
context,1
setting,1
inside,1
implicit,1
relevant,1
terms,1
ad,1
form,1
ideological,1
ignores,1
issue,1
publications,1
underpinnings,1
imposed,1
grounds,1
practice,1
however,1
focusing,1
nascent,1
covers,1
forthcoming,1
downs,1
soda,1
perhaps,1
explain,1
vehicles,1
conferences,1
central,1
brooklyn,1
spatialized,1
bare,1
networks,1
tie,1
king,1
reminder,1
approvingly,1
insightful,1
countercultural,1
james,1
number,1
libertarian,1
bastion,1
urgency,1
mass,1
experiment,1
hall,1
historiographical,1
studying,1
dissidence,1
percent,1
spatialization,1
shape,1
explored,1
christianity,1
animated,1
stacks,1
theological,1
generations,1
meetings,1
opened,1
suggests,1
mobilization,1
recommended,1
virginia,1
analyzed,1
future,1
private,1
degrees,1
understanding,1
balance,1
data,1
activity,1
conditions,1
used,1
gains,1
existentialist,1
jacksonian,1
kansas,1
thirst,1
gift,1
justice,1
proudly,1
made,1
bodies,1
portraits,1
bibliography,1
richard,1
upon,1
vital,1
obvious,1
heineman,1
helps,1
formerly,1
careful,1
fine,1
israel,1
shiny,1
trajectory,1
inescapable,1
region,1
significantly,1
overseeing,1
accounting,1
point,1
say,1
except,1
conceptual,1
events,1
x,1
individual,1
decided,1
snide,1
desperate,1
fully,1
southern,1
washington,1
marketing,1
predominately,1
knowledge,1
looking,1
apparent,1
relate,1
dynamic,1
along,1
beth,1
end,1
supreme,1
giving,1
turns,1
encouraged,1
plans,1
writing,1
great,1
varying,1
host,1
empirical,1
agents,1
tag,1
territory,1
stake,1
roll,1
overview,1
gave,1
acknowledges,1
plumbs,1
rethinking,1
referencing,1
titles,1
critique,1
relates,1
taught,1
complicating,1
demonstrates,1
battle,1
engaging,1
guilty,1
protesting,1
ideas,1
relevance,1
representation,1
actually,1
learned,1
gain,1
energized,1
aspect,1
preceded,1
processes,1
conflict,1
preoccupied,1
intimate,1
colleague,1
leftorganized,1
our,1
call,1
seek,1
douglas,1
previous,1
highlighted,1
married,1
statement,1
redone,1
ends,1
anything,1
sensibility,1
understandings,1
evocation,1
evidence,1
southwestern,1
merchants,1
historically,1
described,1
vii,1
victimized,1
touch,1
generating,1
president,1
difference,1
reveals,1
cornerstone,1
referenced,1
my,1
clear,1
novick,1
initial,1
bailey,1
quest,1
frustrated,1
communicated,1
fantastically,1
nixon,1
publication,1
write,1
de,1
interracial,1
integral,1
proto,1
catch,1
contests,1
brand,1
tactical,1
machismo,1
paul,1
painter,1
dangerous,1
creating,1
laymen,1
contributed,1
move,1
defense,1
least,1
painting,1
allowed,1
integrated,1
afford,1
address,1
hard,1
tim,1
socially,1
need,1
upside,1
sense,1
cochairs,1
him,1
smaller,1
media,1
stage,1
straight,1
rooted,1
heman,1
overly,1
nationalizing,1
admitted,1
politicizing,1
lightly,1
centrality,1
authoritative,1
politically,1
held,1
forced,1
bonhoeffer,1
glamorous,1
order,1
tellingly,1
seeks,1
decenters,1
affectations,1
thing,1
convincing,1
evermore,1
intrinsic,1
arbitrary,1
attendance,1
nor,1
old,1
self,1
around,1
forms,1
preliminary,1
dialogue,1
handful,1
magical,1
underlying,1
calling,1
legacy,1
displays,1
mitchell,1
suggesting,1
strongly,1
favored,1
west,1
comparing,1
accomplished,1
back,1
kinds,1
intensely,1
highly,1
prominent,1
choose,1
entanglement,1
between,1
parallel,1
textbooks,1
folk,1
practitioner,1
cong,1
breaking,1
flawed,1
peace,1
melange,1
lift,1
single,1
models,1
themselves,1
grabbing,1
narrow,1
dates,1
marxist,1
site,1
narrates,1
continuous,1
unreliability,1
nationally,1
resonant,1
coast,1
dissonant,1
enterprise,1
find,1
d,1
condemned,1
excesses,1
overarching,1
explore,1
consumption,1
element,1
superb,1
looks,1
surveys,1
gives,1
scorned,1
develop,1
southwest,1
northern,1
re,1
ouch,1
underbelly,1
world,1
anger,1
dismissive,1
crack,1
cosmopolitan,1
despite,1
away,1
structured,1
joint,1
ignore,1
leadership,1
example,1
rorabaugh,1
adult,1
counterculture,1
conceded,1
southeastern,1
ministries,1
conversations,1
attention,1
hypocrisy,1
utmost,1
race,1
stifled,1
choice,1
major,1
odd,1
champion,1
buildings,1
indict,1
thorough,1
