WORDCOUNTS,WEIGHT
the,296
of,153
and,99
in,87
history,83
to,71
a,51
that,34
standards,34
on,33
american,24
their,22
authors,22
as,21
historical,20
for,19
this,18
national,18
they,17
who,16
s,16
trial,16
is,15
from,15
over,15
education,14
it,13
by,13
about,12
historians,12
some,12
at,11
political,11
public,11
debate,11
an,10
what,9
war,9
right,9
not,8
with,8
but,8
did,8
such,8
have,8
be,8
so,8
book,7
p,7
new,7
past,7
those,7
were,7
schools,7
among,7
been,6
one,6
modern,6
teaching,6
first,6
are,6
very,6
contemporary,6
do,6
discussion,6
writing,6
project,6
professional,6
century,5
study,5
analysis,5
these,5
rise,5
social,5
other,5
opponents,5
fitzpatrick,5
there,5
became,5
surely,5
between,5
much,5
world,5
will,4
americans,4
indeed,4
how,4
might,4
front,4
was,4
school,4
into,4
wars,4
crabtree,4
more,4
all,4
scholars,4
muzzey,4
rhetoric,4
reviews,4
less,4
perhaps,4
dunn,4
bulletin,4
rugg,4
purpose,4
nash,4
years,4
three,4
would,4
period,4
high,4
several,4
concerns,4
themselves,4
early,4
deeply,4
critics,3
revisionist,3
various,3
concerned,3
groups,3
similar,3
center,3
criticism,3
fields,3
citizens,3
case,3
serve,3
university,3
claims,3
culture,3
no,3
most,3
explain,3
attacks,3
intellectual,3
many,3
efforts,3
came,3
time,3
events,3
last,3
state,3
ground,3
discipline,3
guidelines,3
always,3
sought,3
march,3
well,3
e,3
compelling,3
must,3
point,3
part,3
including,3
knowledge,3
nation,3
its,3
substance,3
gave,3
broad,3
conflict,3
since,3
against,3
offer,3
least,3
generation,3
after,3
why,3
especially,3
textbooks,3
served,3
research,3
persuasive,3
radicals,3
scholarship,3
fully,3
when,3
through,3
story,3
architects,3
than,3
attention,3
appeal,2
battle,2
critical,2
ii,2
way,2
if,2
patriotic,2
crafted,2
truth,2
imperatives,2
revolutionary,2
capture,2
parents,2
detailed,2
itself,2
life,2
often,2
existed,2
origins,2
once,2
respect,2
ross,2
vs,2
studies,2
ensure,2
contention,2
ideals,2
neither,2
or,2
familiar,2
artifact,2
clearly,2
amid,2
same,2
contested,2
comes,2
version,2
precursors,2
beltway,2
women,2
gary,2
needs,2
two,2
experience,2
only,2
scrutiny,2
consensus,2
long,2
rather,2
members,2
disengagement,2
offers,2
here,2
left,2
helped,2
elusive,2
deserves,2
similarly,2
thrust,2
proponents,2
rights,2
opposition,2
explores,2
secondary,2
could,2
resonate,2
search,2
current,2
attack,2
inquiry,2
teachers,2
then,2
effort,2
out,2
ridicule,2
tells,2
demonstrating,2
debates,2
i,2
captured,2
disputes,2
merit,2
better,2
contest,2
took,2
just,2
though,2
cultural,2
according,2
within,2
continuing,2
cannot,2
accounts,2
sound,2
controversy,2
has,2
wide,2
legitimate,2
while,2
primary,2
really,2
america,2
memory,2
because,2
divide,2
stance,2
supporters,2
chapter,2
emphasizing,2
understanding,2
cheney,2
establishing,2
tenured,2
careful,2
sea,2
despite,2
apparent,2
african,2
caught,2
tale,2
modem,2
during,2
collective,2
framework,2
questions,2
chapters,2
throughout,2
full,2
previous,2
question,2
tell,2
dynamics,2
quality,2
own,2
trends,2
objective,2
twentieth,2
paradigm,2
conditions,2
b,2
stated,2
group,2
change,2
times,2
like,2
hard,2
revolution,2
controversies,2
wing,2
seeks,2
progressive,2
provides,2
nor,2
latter,2
charles,2
searching,2
lynne,2
systems,2
charlotte,2
single,2
disarm,2
era,2
up,2
department,2
focus,2
ellen,2
recent,2
educators,2
evidence,2
interests,2
close,2
reinventing,1
rift,1
final,1
sincerity,1
four,1
suggest,1
f,1
directors,1
opposed,1
republican,1
originally,1
tasks,1
interesting,1
debated,1
he,1
san,1
currently,1
relationship,1
islamic,1
devote,1
second,1
passion,1
republic,1
ferociously,1
halls,1
york,1
may,1
essential,1
raise,1
matter,1
humanities,1
entitled,1
taken,1
buffeted,1
provide,1
his,1
letters,1
adopt,1
elevate,1
johns,1
l,1
economic,1
next,1
privately,1
absent,1
distorted,1
short,1
stood,1
embarked,1
slavery,1
loyal,1
created,1
remain,1
bound,1
both,1
sort,1
secondly,1
dangers,1
minority,1
inside,1
consume,1
tide,1
ahistorical,1
inclusive,1
bilingual,1
culminating,1
merits,1
struggled,1
preparing,1
lies,1
fractured,1
institutions,1
revisionism,1
becomes,1
exercise,1
lasting,1
broaden,1
argue,1
alone,1
venues,1
seen,1
still,1
areas,1
force,1
brilliantly,1
make,1
embodying,1
surviving,1
sphere,1
them,1
earlier,1
wake,1
importantly,1
expect,1
developments,1
publisher,1
hews,1
initially,1
anxiety,1
likewise,1
police,1
told,1
collapsed,1
large,1
seemingly,1
conflicts,1
unforgiving,1
doubted,1
ix,1
integrity,1
pages,1
recess,1
matched,1
ample,1
properly,1
forecast,1
white,1
fueled,1
tapped,1
feel,1
hope,1
republicans,1
consequences,1
conspiring,1
construct,1
sets,1
yet,1
sympathies,1
o,1
support,1
thought,1
core,1
get,1
understand,1
category,1
pp,1
read,1
sublime,1
paradox,1
treason,1
country,1
favor,1
extremists,1
rigorous,1
infuses,1
array,1
discussions,1
former,1
scrutinized,1
consider,1
acceptance,1
trace,1
detail,1
crackpots,1
key,1
index,1
description,1
emergence,1
epigraph,1
eventually,1
observing,1
liberal,1
section,1
producers,1
proposed,1
exceptions,1
nineteenth,1
lessons,1
preface,1
passionately,1
revision,1
source,1
packaged,1
gets,1
frequently,1
quarters,1
too,1
unum,1
enviable,1
advancing,1
alien,1
fiercest,1
swirl,1
detachment,1
initiative,1
extensive,1
begins,1
constituted,1
exacting,1
exploited,1
consistent,1
cast,1
powerful,1
spirit,1
storm,1
analytically,1
tension,1
succeed,1
present,1
limbaugh,1
fathomless,1
please,1
shrillness,1
initial,1
street,1
party,1
every,1
endured,1
organizations,1
certainly,1
repeatedly,1
text,1
creation,1
antiwhite,1
instance,1
schooling,1
affair,1
alternative,1
shifted,1
avoidable,1
longs,1
set,1
founding,1
care,1
challenge,1
give,1
sometimes,1
stories,1
important,1
demagogues,1
antecedents,1
highly,1
toward,1
bring,1
diego,1
decades,1
rush,1
ran,1
anglophilia,1
counterweight,1
stands,1
conceived,1
meaning,1
agenda,1
proof,1
emerged,1
virulent,1
added,1
illuminate,1
greater,1
hours,1
had,1
celebratory,1
bloody,1
exaggerations,1
closely,1
advance,1
multiculturalism,1
heated,1
different,1
parties,1
drumbeat,1
company,1
outside,1
reach,1
interested,1
mirrors,1
gorge,1
parochial,1
asserts,1
head,1
best,1
quoted,1
down,1
histories,1
rule,1
found,1
any,1
monoculturalists,1
rodney,1
studied,1
called,1
wall,1
britain,1
reform,1
traditionalists,1
assertion,1
headache,1
educated,1
contradict,1
particularly,1
true,1
inherent,1
identity,1
demands,1
furious,1
diverse,1
understandable,1
conservative,1
reveal,1
audience,1
sustaining,1
dispute,1
hackneyed,1
exhausting,1
labeled,1
voluntary,1
postworld,1
scene,1
formulating,1
roamed,1
emerge,1
considerable,1
ambivalent,1
help,1
achieved,1
feature,1
display,1
numbing,1
experts,1
struggle,1
polemics,1
respects,1
evaluate,1
lead,1
evident,1
academic,1
turned,1
conservatives,1
racist,1
trouble,1
growing,1
discontent,1
beginning,1
antagonists,1
bombastic,1
remarkable,1
understood,1
scholarly,1
defending,1
somewhat,1
displayed,1
hostility,1
developing,1
stinging,1
carefully,1
satire,1
context,1
establish,1
ahistoricity,1
similarities,1
produced,1
meet,1
analogous,1
council,1
cause,1
particular,1
imagine,1
side,1
scale,1
wealth,1
cheyney,1
placed,1
agencies,1
textbook,1
charged,1
alfred,1
assertions,1
outlined,1
protagonists,1
narrate,1
narrative,1
assault,1
injecting,1
distribution,1
attribute,1
fundamentals,1
beard,1
hopkins,1
possibility,1
u,1
saying,1
day,1
local,1
great,1
anticipate,1
shape,1
fight,1
animated,1
shrill,1
emblematic,1
account,1
offensive,1
demonstrated,1
conversation,1
fundamentally,1
football,1
emphasis,1
possible,1
politics,1
cost,1
greatest,1
pacifist,1
opened,1
work,1
middle,1
object,1
ginn,1
shouldered,1
flattened,1
skepticism,1
suggests,1
knopf,1
pluribus,1
accusations,1
worry,1
little,1
consumers,1
upon,1
level,1
range,1
writers,1
bear,1
obvious,1
locate,1
endowment,1
prized,1
far,1
trajectory,1
multiple,1
ill,1
themes,1
stake,1
met,1
given,1
deliberately,1
adoption,1
excesses,1
individual,1
treating,1
lends,1
civil,1
uncertain,1
show,1
looking,1
accused,1
press,1
related,1
role,1
duty,1
penetrating,1
focal,1
salvo,1
tried,1
chronic,1
restructuring,1
empirical,1
assumptions,1
forged,1
pursuit,1
describe,1
tracing,1
conclusively,1
programs,1
presentism,1
place,1
dress,1
neared,1
approach,1
unitary,1
challenges,1
collaborative,1
people,1
sacked,1
expertise,1
labor,1
gain,1
bitter,1
participated,1
actual,1
goal,1
err,1
prepared,1
cowardice,1
which,1
come,1
occupied,1
fears,1
unveiled,1
scope,1
widened,1
hampshire,1
students,1
lodged,1
devoted,1
professor,1
ultimately,1
tradition,1
roots,1
spectrum,1
touch,1
conscience,1
immediate,1
healthy,1
league,1
falsely,1
significance,1
currents,1
run,1
enthusiastic,1
observed,1
treasonous,1
moral,1
drowns,1
hostilities,1
does,1
stakes,1
publication,1
stratification,1
agreement,1
points,1
struggles,1
contests,1
motives,1
dangerfields,1
wish,1
tone,1
published,1
course,1
officials,1
lively,1
although,1
ensued,1
immersion,1
upheavals,1
describing,1
collaboration,1
field,1
largely,1
belongs,1
responsibility,1
cede,1
rancorous,1
occasionally,1
cautionary,1
troopers,1
media,1
legislators,1
stage,1
rooted,1
waged,1
term,1
played,1
thoughtful,1
constituencies,1
adequacy,1
worthy,1
forced,1
television,1
guided,1
precedents,1
militant,1
turn,1
area,1
discourse,1
misunderstanding,1
preservation,1
enriched,1
standard,1
objections,1
campuses,1
congress,1
remains,1
involved,1
old,1
campaign,1
inscribed,1
underlying,1
david,1
educational,1
each,1
chorus,1
discrimination,1
few,1
enough,1
wider,1
news,1
contrary,1
unleash,1
promote,1
oft,1
sane,1
voices,1
polemic,1
posture,1
six,1
peace,1
young,1
radio,1
subterranean,1
narrow,1
reference,1
c,1
interpretations,1
tactics,1
insane,1
effective,1
deliberate,1
misleading,1
reached,1
sentiments,1
however,1
enterprise,1
illuminating,1
create,1
texts,1
explore,1
probably,1
working,1
even,1
also,1
entire,1
librarians,1
develop,1
journal,1
skirmishes,1
reasoned,1
proper,1
strong,1
seek,1
journalists,1
notes,1
tapping,1
appropriate,1
value,1
thatcher,1
should,1
broader,1
embodied,1
hardly,1
asked,1
doing,1
eerily,1
lend,1
race,1
ilk,1
interminable,1
major,1
justice,1
capturing,1
lie,1
society,1
perils,1
