WORDCOUNTS,WEIGHT
the,261
of,158
in,105
and,94
a,84
to,67
new,48
as,43
city,34
is,33
with,32
for,31
york,30
it,27
s,27
p,24
its,24
but,23
that,23
history,19
urban,19
from,18
was,17
by,17
have,17
wallace,16
their,15
not,15
on,15
are,14
gotham,14
cities,14
his,13
more,13
this,13
first,11
time,11
bridenbaugh,11
which,11
they,10
had,10
also,10
what,10
people,10
nash,10
an,10
at,9
american,9
one,9
other,9
into,9
world,9
been,8
subject,8
pp,8
social,8
them,8
gives,8
were,8
would,8
he,7
no,7
chase,7
mumford,7
there,7
historians,7
be,7
than,7
generis,6
or,6
then,6
these,6
two,6
text,6
durations,6
sui,6
past,6
war,6
however,6
has,6
made,6
change,6
century,6
we,6
yorkers,5
own,5
economic,5
poor,5
who,5
analysis,5
chapter,5
if,5
each,5
burrows,5
came,5
based,5
capital,5
pages,5
amsterdam,5
do,5
political,5
given,5
development,5
approach,5
through,5
now,4
life,4
mike,4
word,4
ways,4
addressed,4
us,4
any,4
before,4
culture,4
something,4
only,4
street,4
here,4
towns,4
come,4
innovative,4
economy,4
reviews,4
within,4
less,4
british,4
particular,4
wealth,4
work,4
upon,4
must,4
identity,4
paris,4
place,4
crucible,4
so,4
long,4
between,4
when,4
cityscape,4
periods,3
european,3
will,3
business,3
perspectives,3
rather,3
sometimes,3
comparative,3
revolt,3
lost,3
introduction,3
notably,3
ends,3
similar,3
importance,3
b,3
center,3
large,3
about,3
guide,3
itself,3
figures,3
english,3
reference,3
organization,3
presents,3
xxiv,3
result,3
contemporaries,3
island,3
physical,3
temporal,3
june,3
again,3
all,3
country,3
gary,3
different,3
shaped,3
seem,3
did,3
jeanne,3
forces,3
vienna,3
out,3
larger,3
deal,3
how,3
evolving,3
great,3
type,3
those,3
where,3
ed,3
references,3
issue,3
material,3
core,3
perhaps,3
another,3
wilderness,3
lies,3
bibliography,3
dutch,3
london,3
press,3
became,3
virtually,3
conflict,3
frame,3
de,3
commercial,3
vivid,3
counterpoint,3
three,3
number,3
black,3
provides,3
town,3
greatly,3
national,3
exclusively,3
drawn,3
little,3
present,3
among,3
district,3
bernard,2
morphology,2
does,2
crowds,2
may,2
whose,2
m,2
succinctly,2
historically,2
medieval,2
across,2
real,2
maps,2
expansion,2
lie,2
unit,2
lepetit,2
brief,2
framing,2
growth,2
seen,2
berlin,2
contribution,2
standing,2
certain,2
becoming,2
la,2
derived,2
class,2
often,2
civil,2
illustrations,2
construction,2
quite,2
lay,2
once,2
continent,2
americans,2
imperialism,2
changes,2
thought,2
modern,2
meant,2
under,2
restricted,2
university,2
consider,2
western,2
responses,2
index,2
cholera,2
sensationalist,2
emergence,2
small,2
light,2
right,2
nineteenth,2
rome,2
women,2
experience,2
simply,2
begins,2
ever,2
said,2
fact,2
beyond,2
followed,2
carl,2
contingent,2
challenge,2
name,2
forty,2
important,2
military,2
mark,2
faced,2
lampard,2
over,2
put,2
tenderloin,2
sure,2
seems,2
revival,2
novel,2
book,2
separation,2
europe,2
lives,2
appeared,2
wrote,2
current,2
achievement,2
particularly,2
lenapes,2
far,2
census,2
endeavor,2
historical,2
section,2
i,2
xxiii,2
serious,2
works,2
term,2
places,2
discussion,2
beginning,2
ground,2
manner,2
purchase,2
remakings,2
landscape,2
accepted,2
context,2
circuits,2
jobs,2
see,2
answer,2
making,2
reshaped,2
dialectic,2
theory,2
separated,2
method,2
going,2
america,2
receive,2
because,2
civilized,2
hierarchies,2
property,2
some,2
e,2
middle,2
popular,2
solid,2
attentive,2
slaves,2
apart,2
point,2
most,2
panic,2
despite,2
elite,2
african,2
louis,2
plans,2
asa,2
describe,2
during,2
edwin,2
worse,2
briggs,2
chapters,2
eric,2
question,2
netherlands,2
madrid,2
difficulties,2
trade,2
quality,2
meanings,2
since,2
objective,2
william,2
twentieth,2
authors,2
grew,2
morphological,2
washington,2
crisis,2
moment,2
relations,2
volume,2
although,2
sense,2
mumfordian,2
distinction,2
stresses,2
contrast,2
off,2
municipal,2
perspective,2
several,2
especially,2
specific,2
problems,2
subjects,2
master,2
correct,2
fire,2
scholarship,2
era,2
early,2
up,2
capitalism,2
even,2
focus,2
provincial,2
invented,2
saw,2
recent,2
connections,2
fill,2
chronicles,2
foreground,2
built,2
actions,2
capitals,2
society,2
premise,1
exaggerated,1
reinventing,1
using,1
glued,1
ranging,1
countryside,1
harbinger,1
span,1
marked,1
coinciding,1
tempo,1
f,1
underscores,1
regional,1
never,1
uniforms,1
liberally,1
therefore,1
oxford,1
necessity,1
generation,1
competition,1
imprint,1
hub,1
humanism,1
accompanied,1
second,1
racism,1
laboring,1
situation,1
constructed,1
added,1
demand,1
page,1
dominates,1
today,1
terrain,1
stated,1
onset,1
philadelphia,1
absence,1
practices,1
prostitution,1
various,1
entitled,1
way,1
fairly,1
etudes,1
miracle,1
sets,1
lesser,1
figure,1
ecole,1
johns,1
crassly,1
usually,1
transnational,1
analyses,1
probably,1
names,1
edgar,1
groups,1
tricksters,1
indeed,1
types,1
synthesis,1
respectful,1
suggested,1
turns,1
broadest,1
created,1
piece,1
matter,1
morphologies,1
historiques,1
givens,1
ironically,1
might,1
en,1
inroads,1
timespan,1
skilled,1
proclaims,1
revolutionary,1
trans,1
determine,1
worthy,1
process,1
international,1
independence,1
becomes,1
seeks,1
constraints,1
dimensions,1
prefabricated,1
completely,1
unique,1
elusive,1
un,1
undergraduates,1
orchestration,1
boss,1
get,1
recherches,1
still,1
goes,1
catholics,1
pointed,1
bias,1
fever,1
appear,1
force,1
filled,1
granted,1
risk,1
bill,1
slavecatchers,1
commissioned,1
bequeath,1
xi,1
experiences,1
years,1
backdrop,1
police,1
movement,1
similarities,1
sensation,1
frames,1
poe,1
slippery,1
touched,1
conflicts,1
melting,1
ix,1
religious,1
selection,1
witness,1
structural,1
got,1
unbending,1
make,1
danger,1
lewis,1
distant,1
superb,1
retail,1
worked,1
stays,1
laying,1
united,1
contiguity,1
republicans,1
consequences,1
zero,1
factors,1
alive,1
respect,1
reflessioni,1
criticism,1
peaks,1
fields,1
night,1
centuries,1
means,1
partnership,1
understand,1
labyrinths,1
intense,1
represents,1
read,1
acquisition,1
planning,1
numbers,1
day,1
entrepreneurial,1
backward,1
financial,1
flows,1
better,1
seat,1
reshaping,1
utile,1
metropolis,1
former,1
forth,1
radiance,1
fifth,1
mind,1
les,1
fast,1
fare,1
sorts,1
steak,1
lose,1
perceived,1
minor,1
backcountry,1
aim,1
shredded,1
tax,1
louise,1
occurred,1
magnitude,1
home,1
usual,1
swallowed,1
intelligible,1
infrastructure,1
scaffolding,1
associated,1
sum,1
complete,1
fragile,1
consciousness,1
clustered,1
singular,1
practice,1
brutal,1
growing,1
lamps,1
considered,1
dominate,1
sharply,1
gradually,1
mary,1
series,1
nonetheless,1
planet,1
spann,1
epidemics,1
homosocial,1
granting,1
complexity,1
descriptions,1
flight,1
quarters,1
too,1
seamless,1
ethnic,1
comparison,1
festivity,1
shrinking,1
peoples,1
industrial,1
textbook,1
cultivated,1
existence,1
peripheral,1
consensuses,1
shared,1
potential,1
economically,1
she,1
scapegoating,1
legends,1
heaps,1
rise,1
origins,1
powerful,1
known,1
comes,1
follow,1
modernist,1
nuisance,1
t,1
relevance,1
noble,1
affairs,1
skillful,1
wallerstein,1
observation,1
smoothed,1
ignore,1
blacks,1
sam,1
dans,1
feudal,1
outbreak,1
preeminence,1
shops,1
provide,1
evolves,1
neither,1
glimpse,1
immigrant,1
differentiate,1
interests,1
classroom,1
successfully,1
perplexingly,1
victorian,1
organizational,1
acquired,1
rendered,1
swam,1
shifted,1
law,1
carlo,1
compromises,1
sections,1
conversely,1
jan,1
founding,1
care,1
goodfriend,1
power,1
implications,1
limit,1
grips,1
know,1
toward,1
decades,1
stating,1
ran,1
molds,1
attempt,1
view,1
darkness,1
myths,1
familiar,1
generated,1
similarly,1
dominated,1
sociales,1
action,1
emerged,1
advanced,1
tiny,1
whereas,1
descriptive,1
water,1
storie,1
gentle,1
scale,1
relishing,1
rags,1
uses,1
words,1
definition,1
possibilities,1
global,1
rivals,1
pen,1
allan,1
cittai,1
encyclopedic,1
gone,1
avenue,1
scholars,1
best,1
identifying,1
chiara,1
et,1
sue,1
public,1
inherent,1
boom,1
alonzo,1
entered,1
printed,1
demonstrating,1
sped,1
bit,1
hands,1
search,1
beliefs,1
dialogue,1
universal,1
reform,1
total,1
sunbelt,1
wave,1
viii,1
contend,1
hailing,1
effort,1
moderne,1
lived,1
vibrant,1
recognize,1
true,1
reinventata,1
government,1
diverse,1
understandable,1
thanks,1
closer,1
scheme,1
mythmaking,1
onto,1
exuberant,1
grows,1
radical,1
dampened,1
oh,1
applicability,1
xxii,1
outgrowing,1
near,1
imperatives,1
variation,1
detecting,1
twenty,1
take,1
prose,1
debt,1
differed,1
deciphering,1
barbados,1
brooks,1
frugoni,1
wealthy,1
lenape,1
closest,1
capstones,1
struggles,1
passage,1
success,1
wall,1
bass,1
rhythms,1
inevitably,1
late,1
men,1
turned,1
hint,1
enough,1
pondering,1
date,1
further,1
hand,1
fullest,1
blackness,1
englanders,1
everyday,1
immanuel,1
reserved,1
knows,1
deriving,1
pointing,1
understood,1
centre,1
cultural,1
olsen,1
scholarly,1
powers,1
due,1
evaded,1
secular,1
extracted,1
literature,1
aspects,1
device,1
resembling,1
simple,1
setting,1
establish,1
changed,1
implicit,1
relevant,1
defining,1
staggering,1
final,1
art,1
form,1
renaissance,1
list,1
suffered,1
stew,1
case,1
together,1
acquaintance,1
can,1
sciences,1
character,1
excrement,1
maturity,1
decade,1
filth,1
exogenous,1
agricultural,1
xvii,1
opprobrium,1
mesh,1
mere,1
continuo,1
orchestrates,1
mccraig,1
calvinism,1
books,1
market,1
borsay,1
leaving,1
dilapidated,1
distance,1
teleological,1
task,1
money,1
monopoly,1
edward,1
creates,1
james,1
benign,1
produces,1
hopkins,1
while,1
reflected,1
sought,1
possibility,1
eliminate,1
firm,1
haunt,1
deceptively,1
outlines,1
brothers,1
convenient,1
casting,1
impact,1
greenbelt,1
addresses,1
evangelism,1
baas,1
ibid,1
cloth,1
well,1
outstanding,1
explored,1
remove,1
villes,1
crowd,1
custom,1
rara,1
information,1
local,1
none,1
having,1
bribes,1
listed,1
unequal,1
fundamentally,1
status,1
brings,1
basis,1
possible,1
classes,1
apt,1
politics,1
undermine,1
technologies,1
relief,1
areas,1
activity,1
situated,1
sprees,1
arrives,1
condition,1
temperance,1
deemed,1
distinctiveness,1
anecdotes,1
astonishing,1
properties,1
invested,1
background,1
both,1
berserk,1
functions,1
depth,1
explanation,1
richard,1
situates,1
circa,1
john,1
joyce,1
leisure,1
student,1
limitations,1
future,1
portraying,1
rapidity,1
trajectory,1
multiple,1
taking,1
brought,1
met,1
fared,1
affecting,1
part,1
su,1
stuyvesant,1
excursion,1
backgrounds,1
greatest,1
stacked,1
infiltrated,1
knowledge,1
looking,1
donald,1
genetic,1
troughs,1
arms,1
dunn,1
nation,1
along,1
converged,1
olmo,1
publishers,1
irish,1
facto,1
concern,1
pigs,1
transition,1
revivified,1
spurred,1
host,1
worst,1
formula,1
stable,1
territory,1
enduring,1
confronted,1
pervades,1
manhattan,1
trenchant,1
substance,1
compressed,1
upsurge,1
gave,1
private,1
contrasts,1
audience,1
older,1
evolversi,1
fail,1
used,1
collection,1
summarizes,1
exciting,1
germs,1
shoddy,1
diet,1
collective,1
challenges,1
contains,1
mob,1
mention,1
grander,1
des,1
mid,1
aims,1
labor,1
firms,1
repeatedly,1
numbered,1
takes,1
human,1
sprinkled,1
eighteenthcentury,1
significance,1
think,1
ordine,1
central,1
describing,1
thereafter,1
varied,1
resolved,1
disturbingly,1
continue,1
our,1
examination,1
throughout,1
spaces,1
somewhere,1
compression,1
member,1
archeologist,1
surrounding,1
hubs,1
enthusiasm,1
surely,1
layers,1
realms,1
differentiated,1
xviii,1
chiaroscuro,1
digression,1
pinpoints,1
tradition,1
described,1
breaks,1
advance,1
spirited,1
journeymen,1
overview,1
go,1
j,1
vigorous,1
lists,1
such,1
legendary,1
ersatz,1
supposedly,1
hindrances,1
disposal,1
clear,1
plausible,1
xixxxi,1
insights,1
trends,1
contract,1
contradictions,1
rolled,1
errors,1
opens,1
comprehensive,1
materials,1
sensitivity,1
publication,1
write,1
g,1
diversified,1
finally,1
xxvi,1
points,1
earth,1
superbly,1
mode,1
peter,1
amounts,1
good,1
stressed,1
parallels,1
counter,1
conferred,1
course,1
anachronistic,1
individual,1
instead,1
americas,1
sugar,1
vries,1
someone,1
occurs,1
residents,1
characterized,1
ellis,1
crucibles,1
friedman,1
like,1
building,1
hard,1
flood,1
period,1
defines,1
insisted,1
coined,1
buildings,1
shaping,1
revolution,1
coketown,1
suggest,1
decentered,1
rooted,1
states,1
amy,1
constituencies,1
regular,1
accelerating,1
trading,1
france,1
yourself,1
effects,1
stages,1
crafted,1
prosperity,1
seaboard,1
order,1
taste,1
le,1
reasonably,1
vistas,1
surprise,1
turn,1
estimates,1
careful,1
losing,1
plough,1
sharp,1
standard,1
theoretical,1
captain,1
pot,1
prologue,1
journalistic,1
distinct,1
elements,1
nor,1
disintegrating,1
evacuation,1
renews,1
ligon,1
imagination,1
reluctance,1
sole,1
indices,1
rejecting,1
times,1
began,1
fooling,1
soil,1
sufficient,1
driving,1
few,1
include,1
back,1
interchangeable,1
defensive,1
avis,1
parcel,1
parallel,1
use,1
chuck,1
transfer,1
rest,1
intricate,1
newspapers,1
employ,1
attending,1
meaning,1
civic,1
booth,1
become,1
holidays,1
radicals,1
pouring,1
last,1
gilman,1
ascendancy,1
attached,1
urbanization,1
guidebooks,1
topics,1
pass,1
exactly,1
third,1
broadway,1
single,1
depictions,1
accordingly,1
abounds,1
telling,1
anonymity,1
employers,1
attendant,1
preceding,1
fashions,1
powerfully,1
find,1
remainder,1
structure,1
always,1
fighting,1
bases,1
seeking,1
creation,1
working,1
instance,1
entire,1
gilbert,1
lisbon,1
contracts,1
pasts,1
conquest,1
traditional,1
porkers,1
images,1
sea,1
apotheosis,1
details,1
hautes,1
looms,1
portrayal,1
perplexing,1
industrialization,1
al,1
leadership,1
example,1
vile,1
denote,1
fiscal,1
elsewhere,1
provided,1
cold,1
doing,1
relocated,1
acted,1
pinpointing,1
handful,1
alias,1
moved,1
acknowledge,1
evoked,1
immigration,1
bypassed,1
portrait,1
compromise,1
geographical,1
collaborative,1
warner,1
depended,1
readership,1
seemed,1
legible,1
sobriety,1
erotic,1
product,1
antidote,1
