WORDCOUNTS,WEIGHT
the,164
of,111
calhoun,82
and,64
a,58
to,56
in,55
s,55
bartlett,41
as,33
his,28
for,28
is,22
was,22
that,21
he,20
american,19
john,19
with,18
public,18
on,17
like,15
it,14
slavery,14
p,13
have,13
had,12
c,11
who,10
history,10
one,9
government,9
political,9
at,8
by,8
historians,8
father,8
this,8
south,7
rights,7
most,7
jacksonians,7
richard,7
more,7
than,7
republican,6
pp,6
from,6
wiltse,6
has,6
central,6
which,6
since,6
an,6
long,6
career,5
not,5
or,5
but,5
far,5
statesmen,5
ed,5
ford,5
well,5
little,5
such,5
own,5
would,5
be,5
society,5
no,4
their,4
southern,4
about,4
yet,4
n,4
biography,4
social,4
phillips,4
power,4
m,4
many,4
pessen,4
expansion,4
webster,4
day,4
remained,4
son,4
himself,4
world,4
jacksonian,4
our,4
white,4
so,4
states,4
account,4
life,4
even,4
journal,4
figures,4
major,4
recognized,3
rather,3
if,3
faith,3
commitment,3
edward,3
tocqueville,3
independence,3
once,3
federal,3
thought,3
university,3
into,3
culture,3
w,3
these,3
lacy,3
might,3
backcountry,3
been,3
character,3
did,3
found,3
enduring,3
current,3
new,3
concludes,3
carolina,3
never,3
william,3
what,3
war,3
reviews,3
confused,3
time,3
slaveholder,3
r,3
politics,3
popular,3
minority,3
administration,3
during,3
people,3
centralized,3
freehling,3
capers,3
america,3
jr,3
him,3
potential,3
k,3
d,3
when,3
also,3
critique,3
saw,3
model,2
civilization,2
principled,2
now,2
gerald,2
republic,2
may,2
silence,2
fathers,2
matter,2
hofstadter,2
opportunism,2
within,2
abiding,2
corruption,2
wendell,2
how,2
surprisingly,2
exception,2
process,2
contrary,2
contribution,2
wilson,2
often,2
lay,2
united,2
second,2
authority,2
respect,2
h,2
reason,2
americans,2
bias,2
niven,2
fear,2
us,2
familiar,2
seriously,2
creed,2
greenberg,2
before,2
antebellum,2
following,2
several,2
opposition,2
need,2
democratic,2
being,2
first,2
rise,2
powerful,2
only,2
crenson,2
willingness,2
supported,2
jackson,2
here,2
other,2
founding,2
important,2
alexis,2
greater,2
whom,2
treatment,2
leading,2
could,2
great,2
lived,2
contends,2
historical,2
works,2
honor,2
late,2
mind,2
written,2
principal,2
robert,2
cultural,2
daniel,2
leonard,2
postal,2
majority,2
system,2
abraham,2
clyde,2
regarded,2
patrick,2
number,2
having,2
demands,2
ideal,2
private,2
helps,2
writings,2
characterization,2
including,2
individual,2
see,2
esp,2
press,2
distrust,2
acknowledges,2
lesson,2
morality,2
relevance,2
irving,2
franklin,2
personal,2
full,2
years,2
significance,2
concurrent,2
stress,2
september,2
de,2
points,2
interest,2
course,2
morse,2
defense,2
although,2
hard,2
specialists,2
emerges,2
century,2
spreading,2
measure,2
malcolm,2
clay,2
charles,2
problems,2
rohrbough,2
assumed,2
slave,2
become,2
early,2
up,2
news,2
general,2
hardly,2
lincoln,2
valuable,2
champion,2
commodification,1
countryside,1
seems,1
implicitly,1
will,1
democracy,1
hector,1
opposed,1
poor,1
freely,1
tavern,1
liberalism,1
innovative,1
profoundly,1
thinker,1
overblown,1
fundamental,1
done,1
york,1
dual,1
significant,1
essential,1
opportunist,1
minor,1
plotted,1
ably,1
advocate,1
concurs,1
van,1
costs,1
protecting,1
various,1
wisdom,1
contended,1
mother,1
sometimes,1
figure,1
rev,1
portrayed,1
destroy,1
minorities,1
unfit,1
personality,1
forestalled,1
magisterial,1
husband,1
declaring,1
ideology,1
l,1
antisouthern,1
tempted,1
watergate,1
explain,1
begin,1
irrational,1
others,1
reconsidered,1
classic,1
moralism,1
brief,1
manly,1
remotely,1
ordinary,1
patronage,1
trans,1
underplays,1
institutions,1
luck,1
stranger,1
concluding,1
adoption,1
view,1
echoing,1
lawrence,1
conceived,1
predilection,1
supplement,1
importantly,1
standing,1
church,1
importance,1
study,1
certain,1
paradoxically,1
suited,1
malice,1
balanced,1
seemingly,1
suppose,1
betray,1
standpoint,1
direction,1
pages,1
changes,1
positive,1
selfabsorbed,1
misuse,1
illustrations,1
norton,1
impressed,1
fall,1
understand,1
surprising,1
factors,1
itself,1
consistency,1
martin,1
antistatism,1
competing,1
exists,1
madison,1
lives,1
reputation,1
flirtation,1
articles,1
makes,1
read,1
win,1
nor,1
modern,1
provocatively,1
genius,1
financial,1
monolithic,1
groups,1
notwithstanding,1
considerations,1
god,1
labor,1
place,1
claims,1
key,1
fixed,1
tyrant,1
index,1
gamble,1
today,1
unlike,1
suggestions,1
quick,1
liberal,1
just,1
same,1
interpretative,1
proclaim,1
something,1
forbers,1
citizenry,1
probed,1
unshaken,1
source,1
al,1
already,1
age,1
prosperous,1
unshakable,1
communities,1
department,1
singleminded,1
reports,1
demonstrate,1
beginnings,1
lasch,1
ever,1
exacting,1
detect,1
prima,1
consistent,1
innate,1
anything,1
voluminous,1
inferiority,1
founders,1
followed,1
regime,1
volume,1
persuasive,1
specifically,1
party,1
lead,1
selfworth,1
facie,1
narrowly,1
theorist,1
loving,1
slaveholding,1
interests,1
law,1
reconciliation,1
pledged,1
exonerates,1
set,1
equation,1
troy,1
mysterious,1
kenneth,1
milieu,1
nationalists,1
acquired,1
vols,1
excess,1
admiration,1
rapid,1
austere,1
rumored,1
constitution,1
drink,1
identified,1
stupidity,1
intellectual,1
nancy,1
quarrel,1
reflections,1
control,1
bureaucracy,1
all,1
union,1
sure,1
j,1
selfgovernment,1
presidency,1
historiography,1
closely,1
monomaniac,1
different,1
thus,1
based,1
shaped,1
unfortunate,1
interested,1
andrew,1
extent,1
europe,1
forebears,1
tradition,1
leaders,1
et,1
entering,1
called,1
appeared,1
sights,1
trust,1
disturbed,1
speech,1
narrative,1
follows,1
out,1
studied,1
diverse,1
destined,1
events,1
mistakenly,1
symptom,1
secessionists,1
foe,1
imperatives,1
survey,1
take,1
debt,1
emerge,1
nationalism,1
i,1
there,1
protect,1
observes,1
feature,1
spoilsmen,1
fresh,1
embrace,1
country,1
disruptive,1
whigs,1
embattled,1
assessment,1
masters,1
rejoin,1
improved,1
puts,1
merely,1
faithful,1
evident,1
date,1
believed,1
precisely,1
pure,1
likelihood,1
henry,1
though,1
shifting,1
multilinguistic,1
maladministration,1
decreased,1
influential,1
somewhat,1
explanations,1
committed,1
exaggerating,1
road,1
administrative,1
market,1
economy,1
hostility,1
johns,1
obscures,1
lands,1
existing,1
treat,1
papers,1
ch,1
terms,1
sentence,1
intensity,1
answer,1
growing,1
case,1
want,1
cause,1
particular,1
afterword,1
era,1
necessary,1
takes,1
rapacity,1
however,1
forthcoming,1
core,1
merrill,1
firmly,1
belief,1
eds,1
assault,1
taught,1
problem,1
dream,1
approvingly,1
fault,1
advice,1
motion,1
matthew,1
hopkins,1
near,1
mass,1
remarkably,1
foisted,1
sexual,1
pragmatism,1
dreaded,1
historiographical,1
failure,1
george,1
chapter,1
balance,1
information,1
local,1
keeping,1
ceaselessly,1
quincy,1
prior,1
some,1
instilled,1
analyzed,1
lasting,1
greatest,1
adjudicating,1
revealed,1
mapped,1
vast,1
unworthy,1
discussion,1
progress,1
reaching,1
proslavery,1
success,1
conveniently,1
abolitionist,1
solid,1
mayer,1
credit,1
both,1
industrial,1
made,1
disunion,1
failings,1
buren,1
insight,1
upon,1
exaggerate,1
magazine,1
vital,1
ownership,1
true,1
slaves,1
reader,1
determined,1
prompted,1
disparate,1
say,1
business,1
annexation,1
example,1
whites,1
utmost,1
depended,1
downplays,1
role,1
emphatically,1
convinced,1
african,1
christopher,1
its,1
positions,1
concern,1
lies,1
permissive,1
reappraisal,1
northern,1
therefore,1
providence,1
forgot,1
southerners,1
implications,1
realm,1
contribute,1
largely,1
triumvirate,1
oppose,1
badge,1
issues,1
broad,1
engaging,1
contains,1
revelations,1
ideas,1
harvard,1
point,1
writing,1
learned,1
gain,1
institutional,1
questions,1
structures,1
said,1
astutely,1
conflict,1
obvious,1
womanize,1
services,1
throughout,1
previous,1
partisan,1
office,1
question,1
dismissed,1
surely,1
shiftless,1
until,1
youth,1
explained,1
argument,1
multicultural,1
presbyterian,1
countless,1
meriwether,1
observed,1
truths,1
sustain,1
visited,1
illinois,1
hanks,1
sampled,1
misguided,1
manipulation,1
exaggerates,1
machine,1
recovering,1
author,1
charge,1
motives,1
aware,1
good,1
interpret,1
exemplary,1
published,1
joined,1
least,1
haunted,1
times,1
grown,1
typically,1
correct,1
land,1
adult,1
book,1
price,1
majoritarianism,1
allegiance,1
impelled,1
spread,1
peterson,1
eisenstadt,1
terrorized,1
acquiescence,1
fostered,1
floride,1
revolution,1
rooted,1
term,1
thoughtful,1
values,1
speculates,1
interprets,1
product,1
approach,1
contrast,1
funds,1
kept,1
anyone,1
after,1
fated,1
miscalculation,1
pluralistic,1
quite,1
uncompromising,1
settlement,1
provides,1
accused,1
remains,1
puzzling,1
speak,1
self,1
morals,1
men,1
small,1
why,1
bay,1
legacy,1
frequented,1
code,1
intriguing,1
dissent,1
termed,1
treats,1
few,1
cousin,1
marriage,1
highly,1
differently,1
dutifully,1
between,1
folk,1
governments,1
modernity,1
proof,1
tomorrow,1
civic,1
themselves,1
choosing,1
texas,1
blunted,1
chicago,1
topics,1
witnessed,1
right,1
combined,1
can,1
dedicated,1
fully,1
patience,1
views,1
substantial,1
deplored,1
probably,1
ridding,1
capitalism,1
essays,1
given,1
develop,1
divergent,1
multiracial,1
bitterest,1
stormy,1
much,1
immediately,1
conventions,1
forthcomingfrom,1
correspondence,1
recent,1
notes,1
plausible,1
inventing,1
virtue,1
ago,1
grateful,1
generation,1
talent,1
psychologically,1
am,1
acknowledge,1
master,1
widely,1
cites,1
championed,1
customarily,1
admirable,1
wildly,1
wield,1
nonspecialist,1
grasp,1
consequences,1
