WORDCOUNTS,WEIGHT
the,178
of,133
and,99
to,70
in,68
that,58
a,42
is,31
workers,31
zonderman,30
as,28
history,27
for,27
on,21
it,20
new,18
their,17
i,17
by,16
s,16
dublin,16
he,15
factory,15
p,15
labor,15
this,15
not,14
american,13
lowell,13
his,13
intellectual,13
work,13
anxieties,13
aspirations,13
an,13
these,12
one,11
with,11
some,11
no,10
class,10
women,10
paul,10
might,10
did,10
be,10
at,9
how,9
industrial,9
book,9
many,9
england,9
other,9
there,9
what,9
its,9
have,9
so,9
working,9
from,8
but,8
questions,8
all,8
very,8
system,8
historians,8
factories,8
problems,8
others,7
social,7
are,7
well,7
if,6
they,6
was,6
any,6
operatives,6
she,6
first,6
time,6
her,6
such,6
years,6
individual,6
would,6
between,6
analysis,5
about,5
consciousness,5
most,5
fact,5
krause,5
more,5
over,5
found,5
worker,5
hand,5
which,5
question,5
single,5
than,5
republican,4
been,4
who,4
life,4
often,4
itself,4
pp,4
us,4
same,4
mary,4
age,4
had,4
true,4
ambivalent,4
where,4
reviews,4
them,4
can,4
however,4
perhaps,4
problem,4
while,4
america,4
chapter,4
part,4
think,4
feelings,4
much,4
farm,3
does,3
may,3
way,3
wrote,3
gender,3
argues,3
classic,3
female,3
similar,3
ways,3
get,3
studies,3
university,3
or,3
antebellum,3
believed,3
ideas,3
sources,3
lacapra,3
expressed,3
scholars,3
indeed,3
then,3
diggins,3
john,3
historical,3
better,3
do,3
ground,3
within,3
tools,3
has,3
mill,3
early,3
father,3
made,3
point,3
experience,3
our,3
were,3
middle,3
own,3
september,3
author,3
sense,3
after,3
provides,3
times,3
response,3
narrative,3
also,3
figures,3
connections,3
general,3
wage,2
girl,2
difficult,2
millhands,2
conflicting,2
rather,2
later,2
solidarity,2
depth,2
suggestive,2
texts,2
address,2
still,2
introduction,2
frames,2
ware,2
remain,2
once,2
surprising,2
see,2
moreover,2
divided,2
thought,2
emerging,2
lives,2
category,2
jonathan,2
consistently,2
me,2
wages,2
around,2
quantitative,2
seems,2
title,2
home,2
workplace,2
before,2
elsewhere,2
historian,2
avarice,2
regrettably,2
complexity,2
argued,2
too,2
two,2
extension,2
only,2
either,2
lead,2
instance,2
here,2
power,2
strike,2
decided,2
toward,2
sure,2
greater,2
nature,2
different,2
chapters,2
could,2
overall,2
patrick,2
differences,2
mills,2
concludes,2
just,2
rhetoric,2
rescuing,2
scholarship,2
following,2
shall,2
according,2
reading,2
rethinking,2
less,2
answer,2
confrontation,2
employs,2
mechanized,2
explain,2
theory,2
assault,2
assertions,2
suggests,2
basis,2
machinery,2
used,2
categories,2
both,2
claim,2
brought,2
calls,2
press,2
along,2
transition,2
confidence,2
engage,2
place,2
oppressing,2
mention,2
succeed,2
examination,2
come,2
enslave,2
initiatives,2
synopsis,2
argument,2
rejected,2
received,2
ethnicity,2
three,2
objective,2
approach,2
good,2
responses,2
course,2
david,2
pride,2
need,2
regime,2
pay,2
states,2
protest,2
harbored,2
thomas,2
nor,2
fast,2
why,2
dominick,2
few,2
amount,2
subjects,2
article,2
become,2
create,2
identified,2
occupation,2
saw,2
recent,2
industrialization,2
up,2
aggregate,2
portrait,2
teleology,2
appeal,1
distribution,1
promised,1
entitled,1
suggest,1
brighter,1
f,1
loyal,1
go,1
undertakings,1
oxford,1
twelve,1
challenge,1
led,1
profoundly,1
relationship,1
informs,1
insurgency,1
avoids,1
coatmaker,1
foreseen,1
york,1
give,1
perspectives,1
inequitable,1
invokes,1
involving,1
mixture,1
managers,1
bold,1
strictures,1
crucial,1
chance,1
slavery,1
growth,1
across,1
notable,1
developed,1
rights,1
scholar,1
ideology,1
hovering,1
result,1
surprisingly,1
resisted,1
feared,1
battle,1
employment,1
dangers,1
begin,1
underclass,1
elizabeth,1
confining,1
citizens,1
brief,1
drawing,1
debates,1
strivings,1
remotely,1
male,1
myself,1
independence,1
antagonism,1
oppressed,1
natural,1
community,1
singsong,1
detailed,1
goes,1
opportunity,1
intervention,1
make,1
rescue,1
notably,1
indicates,1
understand,1
glimpses,1
strife,1
standing,1
initially,1
grew,1
stripped,1
movement,1
modes,1
discredit,1
significant,1
reassured,1
reconsider,1
leaves,1
beset,1
impersonal,1
civil,1
illustrations,1
properly,1
form,1
broach,1
lay,1
read,1
uncomfortable,1
reluctance,1
origins,1
word,1
remind,1
effort,1
sort,1
testifies,1
rewards,1
proclaimed,1
interpretation,1
months,1
reason,1
opportunities,1
employers,1
represents,1
rules,1
eugene,1
casts,1
successively,1
postmodern,1
methods,1
tensions,1
consider,1
ideals,1
matters,1
detail,1
family,1
justified,1
statistical,1
index,1
compiled,1
benefits,1
warrants,1
presents,1
included,1
nuanced,1
bit,1
fifteen,1
coverings,1
similarlybuilt,1
light,1
conclusions,1
culture,1
americanists,1
impact,1
disjuncture,1
monograph,1
series,1
outlined,1
political,1
contexts,1
faith,1
collective,1
conjecture,1
themes,1
communal,1
show,1
department,1
reports,1
extensive,1
steel,1
volunteers,1
bridges,1
vermont,1
being,1
said,1
rise,1
mythologies,1
knotty,1
lame,1
decidedly,1
beyond,1
fairly,1
prude,1
skilled,1
cotton,1
claims,1
migratory,1
tries,1
comrades,1
long,1
caroline,1
june,1
melville,1
name,1
complained,1
asks,1
organizational,1
production,1
straddles,1
writes,1
dominant,1
ethnic,1
stated,1
sometimes,1
important,1
glickstein,1
opinion,1
suggested,1
kind,1
metacritical,1
approaching,1
numerical,1
your,1
agenda,1
worked,1
control,1
winter,1
whereas,1
environment,1
fiction,1
analytical,1
troubling,1
historiography,1
kasson,1
my,1
canon,1
came,1
anything,1
concepts,1
possibilities,1
whom,1
shaped,1
pursuits,1
consideration,1
preserve,1
encyclopedic,1
industry,1
best,1
twenty,1
homestead,1
regret,1
pester,1
equivocal,1
discloses,1
fortunes,1
corruption,1
falls,1
desire,1
argue,1
dismayed,1
ambition,1
called,1
disaggregation,1
ought,1
domestic,1
returns,1
disturbed,1
demonstrations,1
disquieting,1
viii,1
eulogistic,1
impressive,1
housekeeper,1
out,1
changed,1
subdiscipline,1
tumultuous,1
associates,1
dubin,1
contradictory,1
doff,1
tells,1
privileged,1
asserting,1
relate,1
end,1
considerable,1
room,1
inherently,1
clearly,1
endeavor,1
genovese,1
emerge,1
regimen,1
find,1
subsequent,1
past,1
legitimized,1
synthesize,1
struggles,1
herman,1
independent,1
rural,1
emerges,1
assessment,1
big,1
person,1
fourierist,1
curious,1
state,1
took,1
aching,1
henry,1
raised,1
agriculture,1
those,1
antagonists,1
furthermore,1
supporters,1
employed,1
understood,1
ironically,1
solely,1
growing,1
letting,1
war,1
johns,1
literature,1
strained,1
communitarian,1
divide,1
jobs,1
means,1
meticulous,1
reconcile,1
methodological,1
persons,1
ultimately,1
larger,1
theoretical,1
accounts,1
practitioners,1
pursue,1
case,1
particular,1
side,1
practice,1
whig,1
record,1
nascent,1
attitudes,1
incursions,1
core,1
expedient,1
arise,1
woman,1
regarded,1
tightly,1
leaving,1
negotiated,1
method,1
money,1
marxist,1
utilitarian,1
hopkins,1
number,1
free,1
another,1
wants,1
condemned,1
briefly,1
day,1
identifiable,1
right,1
pursued,1
strikes,1
addresses,1
exert,1
losses,1
classical,1
advise,1
hawthome,1
directly,1
thousands,1
account,1
having,1
almost,1
red,1
felt,1
genre,1
future,1
marked,1
politics,1
understanding,1
proves,1
situated,1
secured,1
certain,1
lapses,1
accommodation,1
intent,1
considering,1
background,1
treated,1
critic,1
literary,1
bibliography,1
move,1
range,1
values,1
must,1
alone,1
reader,1
sides,1
mastery,1
say,1
through,1
leo,1
intentions,1
city,1
explains,1
owners,1
blamed,1
resources,1
distressing,1
marxian,1
vexing,1
became,1
identity,1
turns,1
wonder,1
bite,1
plans,1
findings,1
disaggregate,1
controlling,1
entirely,1
dozens,1
letter,1
measure,1
constellation,1
fragment,1
realm,1
freedom,1
liberated,1
corrupt,1
harmony,1
constituted,1
factor,1
describes,1
assume,1
causes,1
demonstrates,1
qualitative,1
challenges,1
pointbeyond,1
world,1
people,1
accomplishment,1
aside,1
gain,1
hierarchy,1
human,1
coming,1
fluff,1
categorization,1
daughters,1
central,1
goal,1
refutation,1
thus,1
rewarding,1
nothing,1
aspires,1
throughout,1
personal,1
full,1
review,1
dizzyingly,1
married,1
freemen,1
complicated,1
nash,1
optimistic,1
compact,1
until,1
operative,1
explained,1
detract,1
notes,1
fragmentation,1
discovered,1
surrounded,1
backgrounds,1
quest,1
against,1
tackled,1
pursuit,1
machine,1
mere,1
finally,1
reductive,1
interest,1
civilizing,1
crisis,1
published,1
failures,1
mixed,1
least,1
herrings,1
lively,1
indicate,1
characterized,1
smith,1
critics,1
like,1
building,1
boldly,1
willing,1
manufacture,1
thoughtful,1
him,1
employing,1
intellecutual,1
seeming,1
focal,1
century,1
allegiances,1
slippery,1
affirmation,1
attributes,1
learning,1
colleagues,1
order,1
unsettled,1
refuses,1
managerial,1
inattentive,1
speak,1
increased,1
campaign,1
troubles,1
venture,1
small,1
british,1
perspective,1
offered,1
labels,1
back,1
written,1
contrary,1
deed,1
study,1
eyes,1
machines,1
columbia,1
allowed,1
americanhistorians,1
six,1
certainly,1
confinement,1
commune,1
served,1
research,1
themselves,1
massachusetts,1
startling,1
rides,1
farmhand,1
compared,1
excavations,1
usual,1
weapons,1
supported,1
prisons,1
countryside,1
drives,1
telling,1
tended,1
impossible,1
yielded,1
obligation,1
publications,1
mechanical,1
enjoyed,1
profit,1
d,1
enthusiastically,1
nathaniel,1
richness,1
defines,1
maximum,1
probably,1
capitalism,1
innovators,1
entire,1
documentary,1
rationale,1
unexplained,1
journal,1
look,1
traditional,1
northern,1
acts,1
resistance,1
contrasts,1
ellipses,1
intertwining,1
among,1
permanent,1
roots,1
language,1
north,1
traditions,1
tired,1
terror,1
value,1
professional,1
virtue,1
ago,1
born,1
marx,1
finds,1
generation,1
iteven,1
questionable,1
showed,1
inform,1
influence,1
feeling,1
equal,1
convincingly,1
justice,1
perception,1
examines,1
seemed,1
avoid,1
society,1
unfolded,1
confusions,1
bullet,1
