WORDCOUNTS,WEIGHT
the,297
of,193
and,138
new,113
york,104
a,97
in,89
albion,80
to,72
s,66
that,65
as,53
is,42
was,39
city,37
on,34
port,33
it,32
history,31
for,31
rise,29
he,28
american,28
from,25
this,23
not,22
by,22
his,21
social,21
maritime,21
economic,17
other,17
with,15
atlantic,15
its,15
had,13
merchants,13
at,12
urban,12
an,12
who,11
their,11
seaports,11
or,11
book,11
historians,11
world,11
does,10
trade,10
g,10
philadelphia,9
growth,9
study,9
most,9
war,9
between,9
shipping,8
one,8
these,8
robert,8
british,8
problem,8
were,8
have,8
much,8
than,8
second,7
over,7
how,7
there,7
empire,7
sea,7
why,7
rather,6
then,6
historian,6
but,6
first,6
cotton,6
long,6
hood,6
dominant,6
time,6
elites,6
context,6
packet,6
ports,6
u,6
which,6
relationships,6
although,6
century,6
sailing,6
be,6
south,5
if,5
been,5
importance,5
southern,5
frontier,5
also,5
great,5
britain,5
ocean,5
navy,5
cities,5
ball,5
though,5
cultural,5
reviews,5
has,5
because,5
some,5
made,5
boston,5
writing,5
improvements,5
commercial,5
after,5
black,5
even,5
little,5
saw,5
retrospect,5
may,4
comparative,4
they,4
about,4
all,4
river,4
into,4
emergence,4
nineteenth,4
colonial,4
being,4
actually,4
more,4
important,4
control,4
nature,4
are,4
shaped,4
scholars,4
harbor,4
conservative,4
very,4
historical,4
achieved,4
scholarship,4
what,4
making,4
when,4
line,4
work,4
success,4
nation,4
subject,4
during,4
our,4
advantages,4
years,4
approach,4
interest,4
published,4
david,4
canal,4
pope,4
june,4
early,4
up,4
geographical,4
major,4
society,4
seems,3
european,3
business,3
later,3
main,3
across,3
service,3
w,3
through,3
began,3
center,3
large,3
ask,3
innovation,3
analysis,3
coastal,3
erie,3
yet,3
h,3
itself,3
pp,3
country,3
groups,3
east,3
metropolis,3
title,3
any,3
ed,3
before,3
different,3
only,3
transatlantic,3
rival,3
volume,3
amateurs,3
put,3
many,3
royal,3
could,3
reasons,3
economics,3
classical,3
government,3
political,3
scholarly,3
p,3
economy,3
passed,3
books,3
hopkins,3
labaree,3
account,3
extended,3
four,3
far,3
civil,3
largely,3
place,3
oceanic,3
neglect,3
timber,3
osgood,3
advance,3
such,3
samuel,3
relatively,3
review,3
course,3
commerce,3
so,3
explanation,3
affairs,3
perspective,3
examine,3
london,3
dominance,3
competitive,3
nations,2
shoreline,2
together,2
today,2
outsider,2
way,2
regular,2
concerned,2
bulk,2
five,2
wrote,2
morrison,2
impressive,2
created,2
might,2
resulted,2
harris,2
college,2
alone,2
jennie,2
says,2
vol,2
storms,2
position,2
quaker,2
scholar,2
life,2
responsible,2
efficiency,2
use,2
united,2
communications,2
see,2
competition,2
lagged,2
reference,2
reason,2
actions,2
easily,2
benjamin,2
meant,2
university,2
trilogy,2
us,2
key,2
recently,2
same,2
convinced,2
no,2
naval,2
too,2
boomed,2
hancock,2
largest,2
deep,2
age,2
powerful,2
members,2
problems,2
permanent,2
power,2
taken,2
military,2
metropolitan,2
toward,2
decades,2
natural,2
view,2
england,2
water,2
j,2
paper,2
remembered,2
shows,2
possibilities,2
extent,2
turner,2
europe,2
route,2
best,2
leading,2
bowen,2
solved,2
tackling,2
eventually,2
liverpool,2
particularly,2
regional,2
tells,2
seaport,2
john,2
framework,2
goods,2
scheduled,2
almost,2
sahara,2
turned,2
behind,2
took,2
fits,2
v,2
those,2
geography,2
lens,2
focused,2
founded,2
where,2
lines,2
spatial,2
them,2
population,2
overseas,2
produced,2
system,2
sound,2
issue,2
baltimore,2
takes,2
effort,2
cain,2
earlier,2
technical,2
charleston,2
directly,2
influenced,2
emphasis,2
understanding,2
greatest,2
activity,2
island,2
shared,2
middle,2
schedule,2
scope,2
functions,2
eighteenth,2
mercantile,2
decisions,2
clear,2
including,2
conception,2
press,2
became,2
himself,2
introduction,2
established,2
gave,2
sacks,2
broad,2
hudson,2
harvard,2
steamships,2
transported,2
predictable,2
frame,2
oceans,2
subfield,2
explained,2
go,2
significance,2
since,2
advent,2
interior,2
clifton,2
author,2
concentrate,2
instead,2
collaboration,2
revised,2
would,2
period,2
him,2
barnes,2
states,2
packets,2
trading,2
wrights,2
area,2
we,2
family,2
ships,2
bay,2
times,2
subjects,2
triangular,2
highly,2
ship,2
serving,2
insists,2
ranked,2
research,2
themselves,2
ascendancy,2
enterprise,2
national,2
reverend,2
north,2
recent,2
notes,2
leadership,2
professional,2
building,2
mahan,2
immigration,2
let,2
napoleonic,1
peculiarly,1
newer,1
colleges,1
ended,1
final,1
navigable,1
imports,1
lesser,1
groton,1
failed,1
founding,1
enough,1
phenomena,1
superiority,1
sixteen,1
exaggerated,1
undifferentiated,1
findings,1
held,1
disregards,1
supremacy,1
noteworthy,1
sons,1
caretakers,1
surpassed,1
anticipated,1
whose,1
hamburg,1
page,1
criticism,1
limits,1
matter,1
examining,1
nonetheless,1
yorkers,1
edge,1
reviewer,1
various,1
independent,1
contended,1
carried,1
managers,1
kenneth,1
bring,1
chance,1
identified,1
cathy,1
aimed,1
timesmade,1
affectionately,1
distorted,1
centered,1
short,1
indeed,1
maps,1
remain,1
standpoint,1
expansion,1
consummate,1
techniques,1
irony,1
demonstrates,1
peaceful,1
asking,1
assigns,1
affected,1
widening,1
borrowing,1
classic,1
eminent,1
recognizes,1
interlude,1
revolutionary,1
primarily,1
connection,1
becomes,1
implies,1
occupies,1
fruitless,1
lost,1
april,1
positioned,1
now,1
abiding,1
environments,1
adoption,1
surveys,1
ancillary,1
strongly,1
still,1
above,1
conceives,1
dealt,1
bias,1
embarking,1
seventeenth,1
celebrate,1
ends,1
connecticut,1
passing,1
connect,1
standing,1
passengers,1
grew,1
contents,1
adjustments,1
reprinting,1
led,1
list,1
international,1
represents,1
contributions,1
pages,1
seventeenthand,1
confounded,1
lacking,1
topics,1
needed,1
managerial,1
sailors,1
interconnected,1
concludesthat,1
awareness,1
imperialism,1
front,1
shipyards,1
spark,1
sticking,1
edited,1
ways,1
interpretation,1
centuries,1
gentlemen,1
directory,1
xi,1
face,1
arrangement,1
category,1
changes,1
read,1
august,1
corrects,1
developments,1
older,1
appendixes,1
thought,1
alongside,1
bookforests,1
monolithic,1
financial,1
wanted,1
seeing,1
technology,1
impervious,1
door,1
consider,1
peacetime,1
scribner,1
organization,1
neither,1
western,1
glimpsed,1
dissertation,1
school,1
management,1
attachment,1
regularly,1
share,1
rises,1
occurred,1
policies,1
planned,1
rarely,1
ambitious,1
enterprising,1
perceptive,1
thinking,1
latin,1
rightly,1
complete,1
just,1
edition,1
practice,1
believed,1
teaching,1
impulse,1
redirected,1
legitimated,1
result,1
historiographical,1
steamship,1
foresight,1
northeastern,1
source,1
casco,1
princeton,1
boldness,1
cooperated,1
authoritatively,1
watery,1
reprint,1
upper,1
claims,1
organize,1
biography,1
orientation,1
illustrated,1
two,1
department,1
experience,1
demonstrate,1
initiative,1
reliance,1
begins,1
operate,1
dock,1
scarcely,1
noted,1
exploited,1
retain,1
konvitz,1
interrelated,1
member,1
vi,1
alfred,1
officer,1
discomfited,1
changed,1
waxed,1
jovial,1
earning,1
love,1
chose,1
discrete,1
quantitative,1
sources,1
barriers,1
putting,1
perhaps,1
rotterdam,1
certainly,1
text,1
jackson,1
bowdoin,1
museums,1
sinews,1
analyzing,1
mississippi,1
here,1
human,1
deterred,1
index,1
exclusive,1
writes,1
greatness,1
structures,1
set,1
ethnic,1
seven,1
frederick,1
attempts,1
assign,1
mark,1
interested,1
again,1
address,1
dimension,1
rapid,1
treatment,1
academy,1
body,1
deserves,1
turbulent,1
nor,1
kemble,1
commanded,1
thinks,1
addition,1
sure,1
greater,1
authority,1
analytical,1
tradition,1
efforts,1
accurately,1
closely,1
definition,1
par,1
dramatically,1
fact,1
waterfront,1
causality,1
company,1
rivals,1
misses,1
paramount,1
wars,1
consideration,1
board,1
believe,1
fundamental,1
continue,1
chapters,1
marvels,1
leaders,1
advantage,1
credits,1
histories,1
print,1
carrying,1
monograph,1
entered,1
houses,1
wealthy,1
called,1
explanatory,1
developed,1
sleepy,1
attack,1
amsterdam,1
inquiry,1
choice,1
post,1
outdated,1
dramatic,1
centers,1
achievement,1
exploiting,1
mechanical,1
periodization,1
displays,1
roused,1
personal,1
enemy,1
takeoff,1
infrastructure,1
events,1
relate,1
carolina,1
state,1
brief,1
contemporary,1
doubt,1
contends,1
survey,1
twenty,1
explores,1
take,1
purview,1
prevail,1
differed,1
niche,1
i,1
captured,1
possibility,1
primitive,1
seldom,1
reflect,1
discussed,1
disputes,1
powerless,1
works,1
freight,1
type,1
unsatisfactory,1
honor,1
channel,1
big,1
last,1
wonder,1
clashes,1
makeup,1
patterns,1
miles,1
improvement,1
determinism,1
precisely,1
limited,1
do,1
monographs,1
outlook,1
remarkable,1
born,1
according,1
mail,1
advising,1
profitable,1
theodore,1
market,1
johns,1
regulation,1
orderly,1
device,1
stopped,1
unique,1
conceiving,1
establish,1
viewed,1
intangible,1
form,1
companies,1
less,1
triumphalist,1
boats,1
cannot,1
involvement,1
havre,1
departures,1
employs,1
particular,1
well,1
seem,1
safe,1
caughey,1
narrower,1
splendors,1
wartime,1
despite,1
revision,1
survival,1
tying,1
kind,1
masterly,1
explain,1
theory,1
attuned,1
regarded,1
brooklyn,1
series,1
compelled,1
applying,1
wide,1
public,1
englander,1
answer,1
gained,1
unleashed,1
nowhere,1
bristol,1
primary,1
sought,1
free,1
out,1
america,1
reinterpretation,1
studying,1
aspects,1
percent,1
reacting,1
ties,1
cloth,1
neptune,1
remained,1
larger,1
produce,1
captains,1
clearly,1
chapter,1
having,1
porter,1
forest,1
wonders,1
missed,1
status,1
felt,1
prior,1
determined,1
private,1
politics,1
compelling,1
encounter,1
lethargy,1
discussion,1
rivalry,1
finished,1
popular,1
abroad,1
capitalism,1
considering,1
effectiveness,1
credit,1
neglected,1
hobart,1
abnormal,1
bibliography,1
completed,1
chiefly,1
insight,1
josef,1
level,1
writers,1
preferred,1
manhattan,1
values,1
limitations,1
dutch,1
protected,1
writings,1
west,1
community,1
disadvantage,1
significantly,1
likely,1
story,1
point,1
except,1
regards,1
drew,1
explains,1
competing,1
owners,1
example,1
practices,1
manufactured,1
cited,1
knowledge,1
berths,1
providing,1
proved,1
suffer,1
role,1
november,1
emporium,1
confirms,1
entities,1
interpretational,1
inaugurated,1
giving,1
identity,1
interact,1
comprehend,1
unusually,1
administration,1
simply,1
gate,1
honorable,1
controlling,1
went,1
significant,1
whole,1
confidence,1
photograph,1
thompsons,1
overview,1
realm,1
warfare,1
anniversary,1
results,1
sheltered,1
manufacturing,1
editorial,1
cursory,1
lanes,1
phenomenon,1
authorship,1
mention,1
ideas,1
products,1
optimism,1
manuscript,1
goals,1
aspect,1
participated,1
faculty,1
evolution,1
involving,1
conflict,1
assumes,1
creative,1
million,1
engaged,1
evident,1
remarks,1
inclined,1
midwestern,1
reinforced,1
poll,1
eliot,1
purposeful,1
sees,1
shores,1
however,1
question,1
stopping,1
employed,1
french,1
underrated,1
greenhalgh,1
differentially,1
ultimately,1
theoretical,1
students,1
losers,1
subcultures,1
development,1
class,1
xv,1
exports,1
own,1
traditions,1
crises,1
enthusiastic,1
walton,1
trends,1
three,1
rationalization,1
following,1
graduate,1
extend,1
initially,1
web,1
authors,1
b,1
matson,1
september,1
t,1
exaggerates,1
exerted,1
sector,1
finally,1
lakes,1
group,1
reputation,1
brass,1
trap,1
comparisons,1
disappointed,1
forgotten,1
base,1
someone,1
change,1
characteristic,1
roosevelt,1
creating,1
brotherly,1
contributed,1
eve,1
informal,1
sense,1
delivered,1
started,1
studies,1
smith,1
terminus,1
suitably,1
need,1
isolationist,1
direct,1
prodigious,1
wiggins,1
workers,1
product,1
markets,1
ability,1
classes,1
integration,1
landing,1
france,1
arena,1
foreword,1
television,1
le,1
discounted,1
destiny,1
priority,1
advances,1
discourse,1
bubbled,1
sixty,1
sharp,1
standard,1
measure,1
routes,1
adjustment,1
provides,1
uniqueness,1
frontispiece,1
profession,1
remains,1
unpredictability,1
involved,1
old,1
around,1
immigrants,1
alive,1
sole,1
spent,1
quick,1
several,1
promoted,1
initiating,1
mystic,1
offered,1
refreshing,1
charles,1
few,1
back,1
anchorages,1
defensive,1
pioneering,1
elaborate,1
upstate,1
depression,1
rest,1
merit,1
third,1
lift,1
single,1
become,1
phelps,1
narrow,1
understood,1
compared,1
overcome,1
seventeenmile,1
rejection,1
consisted,1
narrative,1
overtaken,1
twice,1
continuing,1
accordingly,1
hagiographical,1
can,1
maine,1
beginning,1
died,1
january,1
trades,1
generally,1
detain,1
explore,1
exclusively,1
import,1
energies,1
element,1
showed,1
valley,1
entire,1
parochialism,1
pays,1
passivity,1
journal,1
william,1
infantry,1
wife,1
focus,1
figures,1
lowerand,1
strong,1
among,1
technological,1
offers,1
ibid,1
separates,1
either,1
connections,1
quarterly,1
evaluated,1
chinese,1
should,1
late,1
broader,1
provided,1
commanding,1
questions,1
turnerian,1
attention,1
influence,1
bypassed,1
draft,1
businessmen,1
rationalizing,1
activities,1
overlooked,1
bales,1
exchanged,1
examines,1
write,1
avoid,1
looking,1
festschrift,1
separate,1
anson,1
thorough,1
