WORDCOUNTS,WEIGHT
the,240
of,119
to,99
and,59
that,58
in,55
a,46
corps,39
peace,29
it,26
volunteers,25
as,24
on,22
was,21
american,20
were,20
an,20
they,19
is,19
be,18
with,16
their,15
not,14
had,14
for,13
would,13
but,12
at,11
its,11
from,10
s,10
what,10
fischer,10
or,9
by,9
all,9
could,9
early,9
who,8
did,8
them,8
history,7
some,7
this,7
you,7
world,7
one,6
any,6
more,6
war,6
nation,6
years,6
so,6
third,6
much,6
americans,5
program,5
into,5
most,5
love,5
skill,5
kennedy,5
idea,5
out,5
democratic,5
have,5
need,5
cold,5
left,5
should,5
no,4
foreign,4
community,4
frontier,4
policy,4
only,4
burner,4
also,4
toward,4
are,4
government,4
new,4
ethos,4
do,4
reviews,4
see,4
technical,4
such,4
politics,4
work,4
which,4
than,4
washington,4
good,4
even,4
way,3
his,3
bring,3
process,3
village,3
agency,3
thought,3
liberal,3
peoples,3
experience,3
vietnam,3
might,3
put,3
standards,3
themselves,3
simple,3
something,3
making,3
going,3
right,3
well,3
abroad,3
both,3
upon,3
knowledge,3
press,3
african,3
host,3
development,3
against,3
september,3
like,3
hardship,3
kind,3
study,3
psychological,3
through,3
training,3
remarkable,3
building,3
society,3
surroundings,2
dawn,2
communities,2
hero,2
communist,2
bringing,2
contingent,2
later,2
action,2
guests,2
how,2
model,2
notion,2
antagonism,2
sensitive,2
earlier,2
contribution,2
movement,2
countries,2
innovation,2
arts,2
analysis,2
about,2
united,2
supposed,2
meanwhile,2
face,2
pp,2
many,2
mentality,2
soon,2
university,2
combat,2
western,2
index,2
seems,2
invent,2
same,2
humane,2
impoverished,2
these,2
department,2
ever,2
first,2
exposed,2
ugly,2
recruits,2
administrators,2
other,2
attacks,2
set,2
important,2
been,2
cultures,2
skills,2
came,2
latent,2
hoffman,2
book,2
bearing,2
outdoor,2
daily,2
inquiry,2
teachers,2
time,2
job,2
john,2
aloof,2
sought,2
arrogance,2
living,2
expecting,2
spot,2
particular,2
era,2
however,2
problem,2
sell,2
has,2
public,2
after,2
warriors,2
existential,2
capable,2
ideal,2
dedication,2
egalitarian,2
fritz,2
disease,2
formal,2
thereby,2
story,2
part,2
elizabeth,2
administration,2
describes,2
people,2
clients,2
individuals,2
come,2
we,2
students,2
generation,2
vii,2
contradictions,2
author,2
accept,2
workers,2
ability,2
instead,2
david,2
complex,2
states,2
held,2
villagers,2
defined,2
imagined,2
nor,2
better,2
moved,2
especially,2
few,2
qualities,2
between,2
portions,2
differing,2
cook,2
enterprise,2
women,2
when,2
because,2
generalists,2
among,2
notes,2
leadership,2
doing,2
build,2
nations,1
untended,1
settlers,1
militancy,1
may,1
inventors,1
will,1
things,1
rights,1
hosts,1
hamlet,1
liberalism,1
interesting,1
depiction,1
respect,1
rate,1
rebuked,1
final,1
struggle,1
endure,1
stony,1
without,1
elevating,1
humankind,1
ethics,1
common,1
expected,1
fairly,1
forego,1
unschooled,1
movements,1
concerned,1
within,1
volunteerist,1
inventiveness,1
enlightening,1
soviet,1
culturally,1
adds,1
f,1
ideology,1
testing,1
practitioners,1
designated,1
prompts,1
learning,1
rough,1
sort,1
whites,1
breadth,1
resistant,1
intended,1
motivated,1
address,1
antagonistic,1
argues,1
superiority,1
sargent,1
thrown,1
female,1
hospitable,1
inhibit,1
treat,1
encounter,1
primitiveness,1
completely,1
prove,1
active,1
get,1
ultimate,1
opportunity,1
brook,1
privileges,1
worse,1
notably,1
commissioned,1
importantly,1
expect,1
inadequate,1
eager,1
insulting,1
southern,1
discover,1
parts,1
denounce,1
suppose,1
hardships,1
selection,1
special,1
kinds,1
inspired,1
often,1
properly,1
enormous,1
needed,1
white,1
designed,1
undergo,1
cooperatively,1
homeland,1
fall,1
feel,1
achieve,1
practicing,1
once,1
dismiss,1
informative,1
live,1
revive,1
openness,1
gathering,1
yet,1
ways,1
fields,1
rounded,1
support,1
observer,1
sympathy,1
reason,1
done,1
itself,1
fallacious,1
solutions,1
makes,1
perceptions,1
conditioning,1
modern,1
counterparts,1
want,1
wanted,1
seeing,1
technology,1
under,1
spirit,1
decade,1
evil,1
exposure,1
ideals,1
flexibility,1
disastrous,1
us,1
organization,1
neither,1
male,1
perceived,1
management,1
allies,1
diligently,1
combative,1
forays,1
acting,1
mildly,1
holding,1
then,1
aversion,1
presumably,1
thinking,1
before,1
director,1
just,1
culture,1
days,1
exceptions,1
nonaligned,1
fulfillment,1
distressing,1
nationals,1
instructing,1
result,1
humanities,1
source,1
speaks,1
argued,1
pioneers,1
focusing,1
faith,1
materials,1
assaults,1
must,1
age,1
founded,1
modestly,1
congress,1
constituted,1
enticing,1
accumulation,1
detect,1
fact,1
anything,1
query,1
either,1
founders,1
beyond,1
naive,1
social,1
harvard,1
failing,1
claims,1
quotes,1
discomfort,1
inhabitants,1
resolution,1
colleagues,1
problems,1
repeatedly,1
deviance,1
unlimited,1
schooling,1
useful,1
drew,1
comfortable,1
reconciliation,1
destitute,1
linear,1
technocrats,1
give,1
secondary,1
quickly,1
contingents,1
faced,1
trained,1
others,1
brain,1
attempt,1
view,1
authoritarianism,1
sixties,1
dc,1
intellectual,1
worked,1
absurd,1
control,1
rational,1
dismay,1
causes,1
added,1
advanced,1
country,1
official,1
complementary,1
ordinarily,1
perceptive,1
asia,1
efforts,1
persuasion,1
egalitarians,1
spontaneous,1
different,1
assent,1
novel,1
outside,1
lack,1
confident,1
encourage,1
practitioner,1
accustomed,1
areas,1
allow,1
professions,1
if,1
best,1
societies,1
appearance,1
acts,1
unprepared,1
appendix,1
found,1
undergone,1
wedded,1
extraordinary,1
studied,1
hands,1
conditions,1
appeared,1
strength,1
confusion,1
critically,1
trainees,1
p,1
altruistic,1
ambitions,1
vicious,1
prided,1
crop,1
rich,1
effort,1
centers,1
lived,1
achievement,1
objectives,1
recognize,1
practical,1
economics,1
deal,1
inquisitive,1
diverse,1
nonjudgmental,1
quandaries,1
mississippi,1
privileged,1
very,1
radical,1
contingencies,1
near,1
doubt,1
administrations,1
take,1
historical,1
considerable,1
warmly,1
past,1
initial,1
scientific,1
roof,1
experts,1
respectfully,1
reinvented,1
question,1
covers,1
last,1
destroyed,1
patterns,1
mind,1
enough,1
greeted,1
believed,1
precisely,1
beginning,1
learn,1
festering,1
maoist,1
ideologies,1
supporters,1
risked,1
born,1
political,1
cultural,1
according,1
johnson,1
committed,1
witting,1
intelligence,1
cloud,1
hostility,1
johns,1
notable,1
refrain,1
combined,1
depicts,1
context,1
tools,1
teacher,1
whether,1
hated,1
bluntly,1
less,1
system,1
cannot,1
involvement,1
applied,1
encountered,1
necessary,1
globe,1
practice,1
radicalism,1
placed,1
batteries,1
governmental,1
injected,1
maintain,1
opportunistic,1
agricultural,1
sophisticated,1
resilience,1
native,1
belief,1
taught,1
reasoning,1
adaptation,1
extent,1
prepare,1
benign,1
hopkins,1
while,1
libertarian,1
possibility,1
mass,1
conditioned,1
appetite,1
angry,1
practices,1
briefly,1
day,1
totalitarians,1
abruptly,1
twist,1
remained,1
larger,1
commitments,1
depriving,1
conventionally,1
proportionate,1
another,1
information,1
almost,1
participation,1
independence,1
demands,1
status,1
responses,1
phenomena,1
intuit,1
determined,1
logical,1
suspicion,1
mean,1
cooperation,1
urban,1
frontiersmen,1
extended,1
categories,1
engineer,1
largest,1
condition,1
libertarians,1
romantically,1
own,1
made,1
trusted,1
discovery,1
intention,1
scrutinized,1
innovators,1
carry,1
imparted,1
values,1
presumed,1
clean,1
odds,1
entrance,1
suny,1
west,1
marked,1
brought,1
affecting,1
london,1
far,1
discusses,1
intentions,1
memorization,1
devising,1
comrade,1
civil,1
waging,1
sent,1
looking,1
desirable,1
enter,1
anew,1
innocent,1
convinced,1
identity,1
gender,1
minds,1
innovator,1
astonishing,1
rendering,1
returning,1
simply,1
got,1
everywhere,1
went,1
asian,1
whole,1
antedating,1
unstated,1
realm,1
spartan,1
fit,1
during,1
place,1
arguments,1
make,1
meet,1
issues,1
broad,1
anticipated,1
vocabulary,1
toughening,1
ranked,1
expertise,1
learned,1
goals,1
complained,1
encountering,1
human,1
coming,1
think,1
conflict,1
central,1
possessing,1
services,1
inflexibly,1
venture,1
prepared,1
rotation,1
throughout,1
full,1
immeasurably,1
deserved,1
rote,1
sexism,1
shriver,1
filth,1
youth,1
used,1
facts,1
president,1
helpless,1
knew,1
neighbor,1
cambridge,1
ethnicity,1
apartness,1
volunteer,1
clear,1
discovered,1
since,1
intensified,1
adding,1
numerous,1
refuse,1
relentless,1
purposely,1
national,1
language,1
virtues,1
aware,1
told,1
canadians,1
change,1
wish,1
mark,1
course,1
decided,1
expert,1
include,1
defensive,1
predicament,1
subjected,1
sense,1
condescension,1
define,1
labored,1
counterpoise,1
insisted,1
insofar,1
socialist,1
collaborator,1
involving,1
cobbs,1
contrast,1
off,1
comforts,1
anyone,1
philosophy,1
turn,1
discourse,1
concordant,1
black,1
quite,1
africans,1
provides,1
testers,1
ignorance,1
dispose,1
t,1
quick,1
class,1
tolerant,1
communists,1
several,1
decide,1
needs,1
specific,1
state,1
exemplifies,1
potential,1
smithsonian,1
highly,1
apart,1
valuable,1
uncoerced,1
difficulty,1
single,1
wholly,1
australian,1
exercise,1
narrow,1
smooth,1
oversimplification,1
overcome,1
closeness,1
accountant,1
can,1
virtuous,1
find,1
always,1
managed,1
create,1
up,1
working,1
looks,1
unpolished,1
instance,1
slightly,1
given,1
beat,1
slightest,1
primal,1
reconciling,1
denigrated,1
leftists,1
details,1
imbued,1
technological,1
accord,1
institution,1
befitting,1
here,1
rigors,1
beings,1
assume,1
professional,1
virtue,1
embodied,1
innovating,1
prosecuting,1
unexamined,1
influence,1
student,1
waiting,1
race,1
rest,1
close,1
isn,1
ached,1
activities,1
overlooked,1
applies,1
justice,1
examines,1
seemed,1
hierarchy,1
poverty,1
selected,1
