WORDCOUNTS,WEIGHT
the,124
of,84
and,74
in,52
to,49
jewish,44
american,36
that,29
a,28
as,23
history,22
their,20
is,20
this,20
he,19
s,18
new,17
jews,16
for,15
have,14
his,13
on,13
with,12
from,12
are,12
sorin,11
america,11
within,10
experience,10
other,10
be,10
who,9
group,9
not,9
these,9
historiography,9
how,8
an,8
even,8
at,7
community,7
most,7
has,7
were,7
century,7
now,6
been,6
more,6
also,6
those,6
ethnic,6
period,6
migration,6
european,5
about,5
into,5
by,5
only,5
east,5
historians,5
work,5
both,5
jewry,5
so,5
recent,5
it,4
if,4
still,4
after,4
they,4
studies,4
scholars,4
can,4
while,4
holocaust,4
during,4
issues,4
central,4
our,4
field,4
gurock,4
book,3
economic,3
groups,3
synthesis,3
others,3
presently,3
orthodoxy,3
religious,3
done,3
modern,3
continuity,3
university,3
was,3
or,3
themes,3
volume,3
decades,3
all,3
many,3
reform,3
contemporary,3
cities,3
there,3
works,3
cultural,3
discipline,3
reviews,3
well,3
israel,3
example,3
being,3
zionism,3
we,3
theme,3
years,3
lands,3
times,3
states,3
earlier,3
much,3
world,3
among,3
than,3
leadership,3
united,3
racial,2
integrating,2
fifty,2
communities,2
gerald,2
acculturation,2
german,2
played,2
variety,2
russian,2
way,2
rather,2
might,2
struggled,2
transformed,2
totally,2
one,2
life,2
introductory,2
often,2
bibliographical,2
once,2
moreover,2
ways,2
meanwhile,2
press,2
country,2
metropolis,2
had,2
today,2
any,2
under,2
same,2
no,2
political,2
but,2
changing,2
women,2
increasingly,2
continues,2
social,2
text,2
jeffrey,2
m,2
view,2
changes,2
towards,2
my,2
different,2
whom,2
best,2
conservative,2
begun,2
studied,2
very,2
relate,2
demographic,2
written,2
understood,2
scholarly,2
focused,2
what,2
johns,2
empire,2
them,2
whether,2
residential,2
particular,2
takes,2
survival,2
hopkins,2
mass,2
larger,2
some,2
correctly,2
used,2
international,2
own,2
point,2
part,2
role,2
end,2
its,2
literature,2
which,2
programs,2
using,2
thus,2
continue,2
chapters,2
denominational,2
eras,2
tell,2
clear,2
deepening,2
judaism,2
likewise,2
essay,2
sense,2
would,2
rabbis,2
settlement,2
old,2
speak,2
late,2
faith,2
june,2
between,2
themselves,2
third,2
find,2
when,2
through,2
story,2
present,2
focus,2
notes,2
value,2
should,2
general,2
generation,2
attention,2
model,1
advertised,1
may,1
manner,1
dealing,1
space,1
will,1
accepting,1
challenge,1
kaplan,1
usable,1
liberalism,1
unsure,1
ii,1
devote,1
laboring,1
americans,1
conceptualizations,1
town,1
personally,1
essential,1
minor,1
perspectives,1
note,1
without,1
polish,1
myriad,1
continued,1
redefine,1
alia,1
acquaints,1
popularity,1
performance,1
foreign,1
across,1
vision,1
indeed,1
angeles,1
question,1
remain,1
commitment,1
crafted,1
subject,1
limited,1
pale,1
basic,1
begin,1
return,1
antagonistic,1
appreciation,1
classic,1
legitimate,1
homemakers,1
resisting,1
brings,1
suburban,1
lost,1
denomination,1
ultimate,1
emulated,1
determining,1
says,1
make,1
determination,1
experiences,1
contribution,1
transformation,1
recognize,1
told,1
supersede,1
generally,1
settlements,1
obsolete,1
errs,1
complex,1
abrupt,1
evaluative,1
hardships,1
settled,1
special,1
positive,1
riches,1
continually,1
uncomfortable,1
towns,1
guide,1
frontier,1
abundant,1
uniquely,1
subdivided,1
howe,1
addressing,1
types,1
support,1
centuries,1
violence,1
itself,1
shtetl,1
pp,1
thought,1
day,1
incidentally,1
counterparts,1
pogroms,1
slowness,1
considerations,1
concomitantly,1
spirit,1
acceptance,1
extermination,1
western,1
saga,1
reconciliation,1
harsh,1
environment,1
pose,1
organized,1
earned,1
assimilation,1
persecution,1
spent,1
contributions,1
dated,1
rarely,1
fifteen,1
thinking,1
transformations,1
maybe,1
liberal,1
before,1
down,1
consciousness,1
sephardic,1
keeping,1
following,1
undergird,1
hungarians,1
nineteenth,1
rags,1
overriding,1
baltimore,1
incidences,1
attuned,1
broad,1
schacter,1
charting,1
observations,1
practices,1
provocative,1
begins,1
first,1
anything,1
voluminous,1
lot,1
transitions,1
tension,1
livings,1
satisfactory,1
useful,1
sources,1
long,1
balancing,1
tendentiously,1
visibly,1
here,1
index,1
waves,1
helped,1
sometimes,1
projected,1
faced,1
address,1
academy,1
over,1
similarly,1
removed,1
worked,1
each,1
readily,1
intensive,1
j,1
character,1
opening,1
paper,1
tradition,1
arrived,1
efforts,1
speaks,1
snippets,1
identifying,1
introduce,1
stories,1
reconstructionist,1
europe,1
fundamental,1
appreciations,1
ghetto,1
leaders,1
assess,1
restrictive,1
examination,1
variegated,1
found,1
great,1
strength,1
refashioning,1
philanthropy,1
threats,1
four,1
inquiry,1
strives,1
suggesting,1
moses,1
time,1
manifested,1
follows,1
together,1
really,1
clearly,1
quintessential,1
destined,1
primarilywho,1
onto,1
reconfiguring,1
categorizing,1
historical,1
emerge,1
section,1
i,1
arguably,1
past,1
utilized,1
integrate,1
roosevelt,1
experts,1
frustrations,1
last,1
better,1
men,1
places,1
patterns,1
mind,1
readers,1
enough,1
particularly,1
influences,1
outset,1
yeshiva,1
informed,1
mordecai,1
citydwellers,1
suburbias,1
somewhat,1
war,1
ambitions,1
refrain,1
relocation,1
implicit,1
terms,1
ultimately,1
see,1
making,1
documenting,1
authoring,1
relocations,1
record,1
however,1
textbook,1
sophisticated,1
statement,1
classifying,1
daunting,1
downtown,1
eastern,1
designations,1
taught,1
wide,1
hegemony,1
draws,1
breathlessness,1
periodization,1
opting,1
characterizes,1
scene,1
sought,1
going,1
out,1
wants,1
fled,1
biographies,1
right,1
victims,1
breadwinners,1
undermined,1
palpable,1
cloth,1
argues,1
balance,1
local,1
account,1
designating,1
editor,1
views,1
opened,1
traditionalist,1
suggests,1
incomes,1
nuances,1
future,1
stances,1
understanding,1
urban,1
encounter,1
discussion,1
asians,1
composing,1
neatly,1
success,1
decision,1
solely,1
made,1
researchers,1
preand,1
consumers,1
los,1
recognizing,1
writers,1
foils,1
must,1
contours,1
vistas,1
heretic,1
professor,1
reader,1
discrimination,1
reconsidering,1
surfeit,1
brought,1
given,1
say,1
affinity,1
events,1
london,1
city,1
retains,1
laws,1
knowledge,1
looking,1
sufficiently,1
regnant,1
redefining,1
nation,1
along,1
finding,1
publishers,1
elite,1
presentday,1
identity,1
encouraged,1
traditional,1
administration,1
significant,1
sketched,1
condition,1
complement,1
tale,1
entrepreneurs,1
discussions,1
policies,1
factor,1
ranks,1
teachings,1
write,1
challenges,1
writing,1
learned,1
questions,1
earn,1
trend,1
ends,1
irving,1
emancipation,1
call,1
includes,1
throughout,1
appropriately,1
shores,1
rise,1
overseas,1
synthetic,1
nazism,1
shown,1
peddlers,1
showing,1
subsequent,1
stead,1
inner,1
libby,1
attest,1
xv,1
significance,1
run,1
renowned,1
three,1
against,1
reality,1
directed,1
modem,1
tables,1
distinctive,1
fatherlands,1
overemphasizing,1
author,1
finally,1
rapidly,1
ottoman,1
interest,1
refocusing,1
good,1
relatively,1
workers,1
large,1
homeowners,1
ended,1
pluralism,1
grafted,1
integrated,1
destinies,1
helpful,1
revised,1
inter,1
shaping,1
crossed,1
congregational,1
course,1
forced,1
submissions,1
destiny,1
turn,1
epoch,1
klaperman,1
standard,1
midst,1
remains,1
developments,1
definitive,1
held,1
classification,1
sagas,1
roughly,1
small,1
pages,1
rescuing,1
perspective,1
miami,1
refer,1
offered,1
intermittently,1
blacks,1
internal,1
unfootnoted,1
promote,1
study,1
settle,1
response,1
difficulty,1
newcomers,1
desk,1
land,1
values,1
scholarship,1
topics,1
villages,1
youngsters,1
jacob,1
fourth,1
coast,1
era,1
wisely,1
determinations,1
compare,1
clever,1
structure,1
always,1
persistently,1
orthodox,1
hard,1
up,1
progress,1
consumption,1
conspicuousness,1
looks,1
endangered,1
journal,1
because,1
readership,1
paid,1
figures,1
denizens,1
strong,1
avoid,1
stagnation,1
looms,1
traditions,1
engagement,1
concise,1
appropriate,1
building,1
financiers,1
inform,1
student,1
immigration,1
adjust,1
close,1
massive,1
intermarriage,1
overlooked,1
major,1
justice,1
behalf,1
casts,1
concomitant,1
objected,1
rischin,1
