WORDCOUNTS,WEIGHT
the,185
of,109
and,89
to,58
in,56
that,35
virginia,34
a,30
shade,28
is,26
party,26
he,23
s,23
were,20
as,19
more,19
on,18
new,17
their,16
with,15
by,15
voting,15
than,14
american,13
not,13
these,13
p,13
system,13
its,13
this,13
was,12
history,12
second,11
political,11
politics,11
partisan,11
economic,10
social,10
other,10
has,10
at,9
it,9
democrats,9
but,9
his,8
they,8
about,8
antebellum,8
from,8
parties,8
book,8
state,8
voters,8
old,8
be,8
slavery,7
whigs,7
democratic,7
though,7
both,7
issues,7
national,7
states,7
who,6
or,6
whig,6
most,6
for,6
dominion,6
economy,6
less,6
basis,6
have,6
had,6
when,6
even,6
society,6
democracy,5
group,5
electorate,5
analysis,5
behavior,5
same,5
long,5
how,5
there,5
constitutional,5
some,5
does,4
groups,4
changes,4
thought,4
any,4
kohl,4
toward,4
over,4
are,4
came,4
did,4
far,4
those,4
reviews,4
them,4
while,4
government,4
asserts,4
ethnic,4
maintains,4
argument,4
development,4
like,4
an,4
june,4
between,4
much,4
among,4
resembled,4
problem,3
may,3
rights,3
what,3
sometimes,3
been,3
market,3
benson,3
republican,3
southern,3
virginian,3
done,3
lives,3
university,3
seems,3
only,3
lee,3
connection,3
here,3
constitution,3
union,3
inner,3
time,3
out,3
larger,3
virginians,3
late,3
patterns,3
william,3
within,3
case,3
issue,3
can,3
however,3
historians,3
america,3
because,3
local,3
determined,3
work,3
during,3
diversity,3
chapters,3
which,3
individual,3
divisions,3
democratizing,3
individualism,3
politicians,3
era,3
traditional,3
evidence,3
aristocracy,2
will,2
affiliations,2
go,2
liberalism,2
americans,2
whose,2
today,2
hopes,2
reviewer,2
way,2
science,2
if,2
main,2
ideology,2
correlations,2
suggestive,2
limited,2
outward,2
tidewater,2
lawrence,2
similar,2
church,2
transformation,2
importance,2
religious,2
positive,2
often,2
civil,2
white,2
reforms,2
productive,2
manhood,2
yet,2
experiences,2
emerging,2
into,2
liberal,2
before,2
elsewhere,2
already,2
orientation,2
negative,2
simply,2
first,2
statement,2
beyond,2
generally,2
persuasive,2
organizations,2
explain,2
jefferson,2
frederick,2
important,2
again,2
interpretation,2
meaning,2
rejects,2
capitalist,2
legislative,2
based,2
leaders,2
agrarian,2
historical,2
assertion,2
appeared,2
differences,2
reform,2
identity,2
diverse,2
religion,2
take,2
real,2
distinctive,2
remarkably,2
men,2
war,2
joined,2
well,2
democratization,2
counties,2
narrative,2
really,2
taxes,2
argues,2
orientations,2
almost,2
data,2
categories,2
jacksonian,2
scope,2
explanation,2
voted,2
county,2
previously,2
press,2
elite,2
promises,2
description,2
largely,2
divided,2
conditions,2
people,2
central,2
belated,2
convincing,2
suffrage,2
we,2
ratified,2
such,2
years,2
low,2
interpretations,2
ethnicity,2
since,2
tables,2
never,2
democrat,2
times,2
characterized,2
period,2
so,2
rhetoric,2
after,2
abundant,2
developments,2
small,2
class,2
characteristics,2
concerns,2
best,2
slaveholders,2
individualistic,2
fully,2
little,2
posed,2
leadership,2
attention,2
race,2
allegiances,2
industries,1
courts,1
alabama,1
south,1
loyal,1
steps,1
stage,1
communities,1
now,1
interesting,1
related,1
profoundly,1
currently,1
recognized,1
york,1
german,1
fathers,1
perspectives,1
license,1
united,1
no,1
without,1
spelled,1
wisdom,1
ligatures,1
surged,1
figure,1
irish,1
johns,1
overlapped,1
across,1
criticize,1
vision,1
essence,1
adds,1
naturally,1
positions,1
maps,1
commitment,1
prose,1
surprisingly,1
rough,1
employment,1
institution,1
extend,1
attitude,1
forward,1
exists,1
primarily,1
past,1
exception,1
notion,1
process,1
upward,1
prove,1
attempt,1
denomination,1
posttocquevillian,1
detailed,1
preferences,1
phrases,1
says,1
returned,1
polls,1
earlier,1
understand,1
eight,1
grew,1
explaining,1
center,1
discover,1
enduring,1
one,1
life,1
pages,1
study,1
symbols,1
fate,1
mobility,1
illustrations,1
construction,1
once,1
formed,1
likely,1
factors,1
charlottesville,1
motivation,1
types,1
reference,1
vs,1
face,1
twenty,1
occupation,1
pp,1
read,1
federalist,1
nor,1
gathered,1
appendixes,1
favor,1
enfranchised,1
thick,1
morbid,1
stable,1
decade,1
conclusive,1
chronology,1
acceptance,1
allow,1
addressed,1
conformist,1
claims,1
western,1
committee,1
index,1
graphs,1
title,1
obscured,1
home,1
bit,1
homogeneous,1
eventually,1
enterprising,1
faded,1
adjusted,1
jurisdiction,1
light,1
sum,1
uses,1
choices,1
passions,1
prefer,1
comes,1
conclusion,1
historiography,1
topical,1
too,1
nineteenthcentury,1
largest,1
odds,1
themes,1
department,1
neighborhood,1
sydnor,1
ballots,1
being,1
satisfying,1
fact,1
cast,1
symbolic,1
delegates,1
known,1
vibrancy,1
sector,1
picture,1
shed,1
declining,1
followed,1
problems,1
secession,1
enclaves,1
membership,1
consequence,1
persuade,1
every,1
endured,1
blossomed,1
provide,1
painted,1
slaveholding,1
offers,1
sustained,1
comfortable,1
interests,1
exaggerated,1
set,1
theory,1
eager,1
later,1
taken,1
mighty,1
expediency,1
textured,1
duel,1
natural,1
hot,1
awaited,1
towns,1
emerged,1
friends,1
each,1
all,1
occupationally,1
advanced,1
country,1
opponents,1
demographic,1
graduate,1
analytical,1
expressed,1
arrived,1
concession,1
closely,1
advance,1
conformity,1
communal,1
able,1
encourage,1
simpler,1
hollow,1
concentration,1
arrival,1
could,1
scholars,1
leading,1
bourgeoisie,1
superficial,1
together,1
found,1
epitomized,1
conservative,1
wedded,1
indulge,1
current,1
developed,1
stood,1
followers,1
relating,1
then,1
quarterly,1
energetic,1
demands,1
banks,1
clearly,1
practitioners,1
farther,1
mccormick,1
concludes,1
events,1
radical,1
entrepreneurial,1
cities,1
iron,1
nationalism,1
differed,1
nevertheless,1
expansion,1
seldom,1
jump,1
dates,1
beset,1
representative,1
suddenly,1
solution,1
february,1
channel,1
places,1
readers,1
date,1
working,1
further,1
hand,1
respond,1
precisely,1
do,1
beginning,1
concepts,1
everyday,1
trot,1
integrates,1
remarkable,1
according,1
avoidance,1
where,1
right,1
unionists,1
oligarchies,1
confused,1
activist,1
racial,1
treat,1
context,1
evangelical,1
appears,1
muster,1
unclear,1
divide,1
commonwealth,1
population,1
produced,1
form,1
ones,1
making,1
fall,1
particular,1
character,1
grounds,1
energy,1
spoke,1
agricultural,1
xvii,1
passed,1
perhaps,1
chronologically,1
belief,1
attuned,1
disunionists,1
eastern,1
autonomous,1
distance,1
literatures,1
money,1
hopkins,1
reflected,1
destroyed,1
compete,1
periphery,1
information,1
addresses,1
percent,1
remained,1
shape,1
representatives,1
christianity,1
directly,1
huge,1
none,1
original,1
voter,1
participation,1
demonstrated,1
suggests,1
possible,1
madisonian,1
restrain,1
knownothings,1
activity,1
discussion,1
admits,1
proslavery,1
election,1
bodies,1
richard,1
strict,1
tin,1
occasionally,1
tylerites,1
reader,1
concept,1
disintegrate,1
doctrinal,1
given,1
say,1
london,1
bank,1
localistic,1
distinctly,1
numerous,1
planter,1
behaviors,1
providing,1
became,1
two,1
republic,1
test,1
bourgeois,1
gender,1
encouraged,1
ring,1
looked,1
restructuring,1
explication,1
everywhere,1
went,1
studies,1
significant,1
sectional,1
conventional,1
gave,1
describe,1
geographic,1
operated,1
place,1
manufacturing,1
policies,1
describes,1
subtly,1
congress,1
ideas,1
exist,1
actually,1
increasingly,1
human,1
structures,1
processes,1
trend,1
associations,1
determinants,1
individuals,1
subsumed,1
come,1
personal,1
focuses,1
sees,1
affiliation,1
sectarian,1
responded,1
improvements,1
sweeping,1
french,1
runs,1
relationships,1
internal,1
endorsed,1
ultimately,1
until,1
railroads,1
survival,1
explained,1
pattern,1
theme,1
touch,1
difficulties,1
reaction,1
ignored,1
notes,1
significance,1
assembly,1
swords,1
mired,1
interpreted,1
chooses,1
reality,1
approach,1
anomalous,1
assumes,1
comprehensive,1
personalities,1
g,1
author,1
finally,1
subtle,1
neighbors,1
makes,1
interest,1
ancestry,1
good,1
change,1
relatively,1
responses,1
offer,1
instead,1
controversies,1
allowed,1
describing,1
ago,1
would,1
dictated,1
prodigious,1
nurtured,1
convention,1
him,1
revolution,1
things,1
partisanship,1
variance,1
next,1
effects,1
forced,1
animosities,1
order,1
defined,1
anyone,1
tobacco,1
wrestling,1
eve,1
hence,1
provides,1
measured,1
thomas,1
around,1
forms,1
divisive,1
psychological,1
overshadowed,1
several,1
charles,1
few,1
back,1
contrary,1
adherence,1
response,1
milling,1
brought,1
reads,1
become,1
research,1
decline,1
protect,1
jeffersonianism,1
amalgam,1
kinship,1
topics,1
exactly,1
third,1
progressive,1
tended,1
find,1
knit,1
partisans,1
early,1
up,1
through,1
l,1
drawn,1
uniformity,1
looks,1
analyze,1
student,1
percentage,1
resistance,1
trendy,1
paid,1
ignores,1
why,1
calhounites,1
connected,1
defend,1
willing,1
cosmopolitan,1
recent,1
despite,1
persuasions,1
famous,1
discovering,1
pains,1
should,1
general,1
richly,1
provided,1
unrepresentative,1
finds,1
doing,1
flour,1
nuanced,1
coal,1
moved,1
aggregate,1
suggest,1
stability,1
elective,1
division,1
diversification,1
major,1
quaint,1
perpetual,1
separate,1
links,1
