WORDCOUNTS,WEIGHT
the,255
of,118
to,98
in,88
and,66
a,57
p,48
that,47
is,46
was,36
women,36
s,32
not,29
were,29
conduct,27
social,26
hemphill,25
as,24
author,23
literature,21
this,21
manners,21
it,20
how,19
with,19
for,19
but,18
from,17
era,17
american,16
men,16
americans,15
by,15
evidence,15
gender,13
their,13
history,13
new,13
authors,13
class,12
books,12
america,12
antebellum,11
colonial,11
on,11
revolutionary,10
pp,10
or,9
into,9
only,9
also,9
are,9
book,9
what,9
advice,9
early,9
which,9
be,9
analysis,8
most,8
more,8
code,8
have,8
an,8
one,7
had,7
works,7
middle,7
through,7
argues,7
although,7
when,7
than,7
society,7
equality,6
no,6
economic,6
read,6
offers,6
many,6
did,6
there,6
them,6
data,6
who,6
thus,6
reveals,6
much,6
finds,6
does,5
now,5
she,5
indeed,5
they,5
unraveling,5
these,5
age,5
first,5
actually,5
important,5
bowing,5
very,5
contemporary,5
other,5
reviews,5
however,5
necessities,5
her,5
because,5
emphasis,5
divided,5
spheres,5
upon,5
its,5
discussion,5
youth,5
status,5
so,5
world,5
at,4
he,4
deference,4
without,4
rather,4
middling,4
imported,4
limited,4
female,4
study,4
about,4
see,4
university,4
inequality,4
over,4
editions,4
december,4
puritan,4
help,4
do,4
ladies,4
adults,4
less,4
british,4
rising,4
courtesy,4
historians,4
chapter,4
percent,4
part,4
ritual,4
argument,4
such,4
lawes,4
would,4
rank,4
even,4
period,4
separate,4
may,3
mickle,3
states,3
century,3
if,3
been,3
sort,3
analyzes,3
importance,3
life,3
inferior,3
respect,3
support,3
thought,3
behave,3
any,3
section,3
arguing,3
too,3
toward,3
others,3
make,3
each,3
added,3
j,3
based,3
fundamental,3
could,3
time,3
children,3
might,3
out,3
i,3
sermons,3
those,3
cultural,3
can,3
explain,3
has,3
public,3
primary,3
colonies,3
some,3
work,3
both,3
bibliography,3
little,3
given,3
explains,3
example,3
press,3
role,3
elite,3
thoughts,3
behavior,3
won,3
clear,3
opens,3
finally,3
writers,3
kind,3
order,3
family,3
t,3
especially,3
libraries,3
effect,3
among,3
we,3
often,3
weakness,3
democracy,2
therefore,2
where,2
moreover,2
second,2
act,2
his,2
will,2
vision,2
ideology,2
market,2
stating,2
ordinary,2
male,2
still,2
dealt,2
began,2
sphere,2
case,2
church,2
told,2
continually,2
oxford,2
ways,2
phillips,2
effort,2
reference,2
get,2
sex,2
earliest,2
considered,2
isaac,2
us,2
claims,2
improving,2
readers,2
become,2
culture,2
growing,2
nineteenth,2
result,2
eye,2
contemporaries,2
dallett,2
weak,2
ministers,2
simply,2
being,2
rise,2
functioned,2
invitation,2
proposes,2
long,2
provide,2
command,2
carolyn,2
know,2
script,2
methodology,2
conflicts,2
control,2
england,2
analytical,2
scholars,2
secondary,2
access,2
knight,2
larger,2
deal,2
shared,2
reveal,2
events,2
real,2
considerable,2
just,2
middleclass,2
lending,2
written,2
date,2
learn,2
political,2
pulled,2
reading,2
economy,2
form,2
renaissance,2
oblige,2
cause,2
takes,2
conclusion,2
socialization,2
problem,2
assertions,2
feminine,2
well,2
suggests,2
genre,2
madam,2
modesty,2
treated,2
functions,2
insight,2
true,2
defer,2
formal,2
likely,2
despite,2
controls,2
went,2
democratic,2
people,2
rituals,2
eras,2
since,2
three,2
against,2
offer,2
least,2
should,2
allowed,2
hard,2
revolution,2
played,2
dudley,2
sources,2
defined,2
inequalities,2
last,2
event,2
shift,2
relations,2
speak,2
pages,2
several,2
sufficient,2
inferiors,2
between,2
folk,2
presence,2
served,2
massachusetts,2
endnotes,2
c,2
point,2
mistress,2
like,2
story,2
present,2
why,2
governor,2
doing,2
roles,2
limiting,1
appeal,1
barbara,1
difficult,1
flourished,1
aim,1
failed,1
yields,1
fifty,1
flock,1
uncomfortable,1
womanhood,1
york,1
tugged,1
demand,1
peers,1
saw,1
annoying,1
spelled,1
reviewer,1
entitled,1
way,1
continued,1
fell,1
letters,1
bold,1
elaborate,1
crucial,1
action,1
groups,1
casper,1
surprisingly,1
tempted,1
asking,1
influential,1
decades,1
address,1
vertical,1
acknowledged,1
essence,1
superiority,1
college,1
longest,1
concerns,1
intriguing,1
notion,1
remote,1
object,1
treacherous,1
argue,1
hers,1
community,1
itself,1
bankruptcy,1
render,1
distributed,1
lives,1
appears,1
experiences,1
face,1
publisher,1
extensively,1
grew,1
democrats,1
certain,1
group,1
large,1
interesting,1
riven,1
parts,1
touched,1
benjamin,1
perpetuate,1
decisions,1
makes,1
reconcile,1
literacy,1
envision,1
zboray,1
maketh,1
lay,1
scarcity,1
impressed,1
towns,1
advised,1
guide,1
frank,1
formed,1
space,1
authority,1
gauntlet,1
education,1
sets,1
yet,1
elaboration,1
interpretation,1
reason,1
references,1
examined,1
unanswered,1
solidified,1
understand,1
exhorting,1
inconsistent,1
category,1
easily,1
changes,1
problematic,1
modern,1
candidate,1
circulated,1
old,1
joseph,1
reshaping,1
benefitted,1
representativeness,1
acceptance,1
vitally,1
teens,1
cursory,1
index,1
school,1
salient,1
benefits,1
presents,1
unlike,1
organized,1
title,1
imposed,1
curious,1
ambitious,1
then,1
placed,1
presumably,1
thinking,1
coughed,1
developed,1
elsewhere,1
detailing,1
same,1
breach,1
noticeable,1
n,1
numbers,1
preside,1
house,1
nonetheless,1
historiography,1
glaring,1
argued,1
frequently,1
words,1
incorporated,1
upper,1
materials,1
biography,1
umbrage,1
prosperous,1
show,1
department,1
contradiction,1
emotional,1
predominantly,1
acknowledges,1
superior,1
ever,1
lower,1
economically,1
satisfying,1
bargain,1
e,1
fact,1
deserved,1
powerful,1
inferiority,1
causality,1
gap,1
nuisance,1
either,1
uninterested,1
offered,1
regardless,1
fill,1
persuasive,1
familiarity,1
titles,1
preeminence,1
requires,1
problems,1
preceding,1
name,1
subscribed,1
appealing,1
back,1
voices,1
guidance,1
potential,1
sections,1
omission,1
ii,1
welter,1
power,1
years,1
clarified,1
interested,1
again,1
ship,1
rush,1
drawing,1
banished,1
usefulness,1
printing,1
stem,1
worked,1
principle,1
ministerial,1
all,1
whereas,1
character,1
opening,1
wonderful,1
excellent,1
expressed,1
anecdotal,1
standards,1
skills,1
speaks,1
reversal,1
distribution,1
different,1
came,1
including,1
longer,1
possibilities,1
lack,1
idea,1
sampling,1
available,1
brightly,1
effectively,1
ubiquitous,1
down,1
recurrent,1
home,1
indicate,1
assertion,1
call,1
appendix,1
instability,1
printed,1
rodney,1
penetrated,1
ambition,1
great,1
called,1
surprised,1
husband,1
sure,1
inclusion,1
exclusion,1
visiting,1
adds,1
holding,1
scott,1
iii,1
lived,1
espouse,1
demands,1
incident,1
clearly,1
conflating,1
chosen,1
john,1
located,1
launched,1
court,1
embracing,1
debates,1
everything,1
audience,1
substantially,1
doubt,1
vignette,1
within,1
cities,1
examining,1
sum,1
differed,1
find,1
pattern,1
man,1
past,1
almost,1
protect,1
observes,1
persons,1
passage,1
external,1
appeared,1
living,1
textbooks,1
puzzling,1
embedded,1
conclusions,1
subordinate,1
emphasized,1
dominion,1
believed,1
studies,1
nurseries,1
everyday,1
performances,1
ideologies,1
occupation,1
furthermore,1
system,1
drop,1
understood,1
equal,1
scholarly,1
focused,1
automatic,1
arenas,1
panics,1
reform,1
johns,1
developing,1
unique,1
papers,1
orthodoxy,1
nature,1
population,1
namely,1
sweeping,1
answer,1
cannot,1
making,1
particular,1
quote,1
necessary,1
otherwise,1
initially,1
maturity,1
maintain,1
brief,1
volatile,1
assumed,1
statement,1
anecdote,1
cult,1
perform,1
sounder,1
eastern,1
albeit,1
widespread,1
negotiated,1
crosscurrents,1
hopkins,1
constructing,1
masked,1
heed,1
sexual,1
linked,1
briefly,1
intended,1
thoroughly,1
require,1
addresses,1
minds,1
remained,1
fruitfully,1
explored,1
institutions,1
equally,1
directly,1
fictive,1
having,1
listed,1
don,1
fundamentally,1
development,1
possible,1
future,1
private,1
line,1
behaviors,1
helped,1
liable,1
paucity,1
reaching,1
permitted,1
scope,1
examples,1
resort,1
made,1
hundred,1
exception,1
courtiers,1
must,1
wrote,1
classes,1
recognition,1
aggregate,1
taking,1
four,1
supply,1
say,1
except,1
x,1
far,1
discusses,1
desperate,1
endnote,1
revolutions,1
cited,1
play,1
two,1
combing,1
done,1
revealed,1
turns,1
experience,1
minority,1
ten,1
spurred,1
step,1
letter,1
whole,1
sketchier,1
citation,1
twenties,1
expecting,1
proper,1
printers,1
citations,1
meet,1
issues,1
corresponding,1
challenges,1
diaries,1
ideas,1
densely,1
pleasure,1
exist,1
writing,1
learned,1
increasingly,1
questions,1
throws,1
central,1
chapters,1
subsumed,1
masterless,1
accessible,1
readerlawes,1
full,1
publication,1
shone,1
ronald,1
ends,1
importantly,1
necessarily,1
grace,1
intimacy,1
relationships,1
parlors,1
symbolic,1
subsequent,1
distinguish,1
quasi,1
rendered,1
ethnicity,1
graph,1
patriarchy,1
memoirs,1
polity,1
insights,1
initial,1
analyzing,1
reality,1
targeted,1
paradigm,1
sprang,1
conditions,1
hierarchy,1
internally,1
stakes,1
rewritten,1
positively,1
definitely,1
accept,1
dominated,1
charming,1
distinctions,1
dangerfields,1
good,1
characteristic,1
exemplary,1
permit,1
held,1
decided,1
instead,1
raises,1
enjoying,1
newly,1
correct,1
afford,1
representative,1
adams,1
disclaimers,1
need,1
general,1
physical,1
laborious,1
unified,1
him,1
pay,1
utilizes,1
high,1
expected,1
asked,1
next,1
mildest,1
disrupt,1
anyone,1
after,1
emphasizes,1
things,1
standard,1
distinct,1
nor,1
instruction,1
game,1
talents,1
anybody,1
affluent,1
perspective,1
envisioned,1
anonymous,1
seminal,1
wasn,1
indication,1
enough,1
profound,1
ante,1
internal,1
nationality,1
replace,1
apart,1
body,1
highest,1
best,1
invited,1
resolution,1
panorama,1
farthest,1
further,1
young,1
dramatic,1
research,1
themselves,1
archival,1
imperatives,1
tossed,1
left,1
third,1
single,1
right,1
disaster,1
yielded,1
upstarts,1
unstable,1
agrees,1
fully,1
dogged,1
create,1
briefest,1
views,1
up,1
inability,1
drawn,1
cosmology,1
implication,1
mix,1
persuaded,1
interaction,1
course,1
look,1
traditional,1
dividing,1
compensation,1
behaving,1
token,1
critique,1
paid,1
corroborative,1
save,1
strong,1
mature,1
apparently,1
operative,1
here,1
recent,1
notes,1
relative,1
famous,1
crime,1
quarter,1
acted,1
attention,1
am,1
ceremonious,1
race,1
mannerly,1
suggest,1
heard,1
major,1
objected,1
visit,1
importers,1
