WORDCOUNTS,WEIGHT
the,187
of,141
and,72
to,59
a,58
that,57
in,54
novak,34
s,31
is,27
as,23
was,21
law,21
liberal,17
power,16
regulation,16
by,15
for,15
state,15
were,15
he,14
not,14
p,14
police,13
history,13
it,12
his,12
society,12
rights,11
legal,11
has,11
public,11
people,11
this,11
with,10
shaw,10
welfare,10
these,10
an,10
who,9
or,9
property,9
conception,9
they,8
american,8
nineteenth,8
intellectual,8
government,8
political,8
demonstrates,8
century,8
individual,8
on,8
from,7
populi,7
book,7
court,7
i,7
governmental,7
supreme,7
salus,7
pp,6
rules,6
liberty,6
are,6
new,6
historical,6
private,6
powers,6
civil,6
which,6
judges,6
after,6
when,6
at,5
farwell,5
how,5
notion,5
myth,5
most,5
all,5
j,5
principles,5
did,5
schiller,5
regulations,5
them,5
era,5
america,5
used,5
use,5
have,5
so,5
even,5
utere,4
common,4
economic,4
yet,4
vision,4
philosophy,4
one,4
see,4
americans,4
lives,4
v,4
university,4
two,4
social,4
based,4
tradition,4
could,4
there,4
war,4
existence,4
perhaps,4
constitutional,4
local,4
part,4
example,4
its,4
individuals,4
hidden,4
sic,4
officials,4
into,4
cases,4
municipal,4
maxims,4
activities,4
courts,3
jurisprudence,3
destroy,3
market,3
community,3
their,3
existed,3
united,3
ideals,3
commonwealth,3
jersey,3
no,3
but,3
first,3
only,3
policy,3
other,3
constitution,3
great,3
contemporary,3
do,3
reviews,3
system,3
judicial,3
governance,3
mass,3
hurst,3
made,3
horwitz,3
freedom,3
policymakers,3
instrumentalist,3
thus,3
own,3
due,3
contract,3
instead,3
states,3
written,3
can,3
up,3
we,3
william,3
evidence,3
justice,3
stateless,2
lochner,2
profoundly,2
york,2
without,2
various,2
if,2
action,2
created,2
result,2
limited,2
page,2
college,2
process,2
e,2
injure,2
interfere,2
thinkers,2
make,2
transformation,2
denies,2
manhattan,2
federal,2
replete,2
citizens,2
railroad,2
then,2
any,2
antebellum,2
arguing,2
broad,2
w,2
peoples,2
highways,2
nuisance,2
morton,2
every,2
more,2
idea,2
dominant,2
stories,2
again,2
myths,2
put,2
each,2
had,2
historiography,2
historians,2
believe,2
municipalities,2
areas,2
republicanism,2
time,2
out,2
substantive,2
man,2
employee,2
merely,2
those,2
done,2
regulatory,2
because,2
making,2
excellent,2
however,2
theory,2
hopkins,2
cloth,2
chapter,2
another,2
demonstrated,2
reuel,2
some,2
mythic,2
coherent,2
boston,2
through,2
city,2
review,2
content,2
press,2
role,2
regulate,2
against,2
gave,2
place,2
arguments,2
morality,2
chapters,2
legislation,2
promoted,2
worcester,2
such,2
ignored,2
visions,2
indeed,2
health,2
moral,2
conditions,2
september,2
national,2
safety,2
doctrine,2
good,2
relations,2
opinions,2
plant,2
legislators,2
individualism,2
tuo,2
order,2
willard,2
wish,2
different,2
old,2
morals,2
beautifully,2
charles,2
columbia,2
restrict,2
extraordinary,2
justify,2
be,2
given,2
much,2
alger,2
famous,2
should,2
shifted,2
am,2
exaggerated,1
model,1
final,1
may,1
will,1
democracy,1
behave,1
late,1
privatized,1
republican,1
liberalism,1
simultaneously,1
endsparticularly,1
respect,1
statelessness,1
second,1
business,1
exercise,1
essential,1
obligations,1
hegemony,1
hallmarks,1
played,1
variety,1
absence,1
protecting,1
operations,1
melvin,1
way,1
declared,1
rather,1
science,1
concerned,1
countertradition,1
unlawful,1
respondeat,1
five,1
licensing,1
firebreak,1
happily,1
essence,1
prodigiously,1
ideology,1
service,1
alienum,1
hill,1
progressiveness,1
basic,1
resistant,1
affected,1
wait,1
lurch,1
fiction,1
bawdy,1
defined,1
primarily,1
busy,1
highway,1
statutes,1
growth,1
conceptions,1
lex,1
seen,1
cornelius,1
above,1
appear,1
pervasiveness,1
stench,1
risk,1
heard,1
non,1
lawrence,1
importantly,1
sympathetic,1
similar,1
similarly,1
center,1
sacrificed,1
roads,1
urofsky,1
forcibly,1
zeal,1
leaves,1
often,1
efficiency,1
resilient,1
illuminating,1
disentangling,1
summarized,1
about,1
binding,1
once,1
authority,1
moreover,1
rational,1
endure,1
sets,1
ones,1
portrayed,1
interpretation,1
creatures,1
hypotheses,1
hudson,1
itself,1
privatizer,1
changes,1
thought,1
soon,1
theorists,1
ensure,1
wages,1
meant,1
expounded,1
constitutions,1
particular,1
during,1
challenged,1
detail,1
latitude,1
protection,1
us,1
hearts,1
index,1
seems,1
necessarily,1
organic,1
spreading,1
environment,1
trumped,1
laid,1
occurred,1
fertilizer,1
dismantle,1
spent,1
slowly,1
exercised,1
ambitious,1
competing,1
before,1
liberties,1
just,1
culture,1
historian,1
days,1
following,1
accomplishments,1
same,1
mary,1
house,1
instrument,1
chief,1
argued,1
nineteenthcentury,1
appeals,1
also,1
must,1
odds,1
provocative,1
memorial,1
fires,1
demonstrate,1
simply,1
ph,1
superior,1
prohibitions,1
hartz,1
being,1
invoked,1
williams,1
came,1
populated,1
consistency,1
rise,1
powerful,1
implied,1
aside,1
picture,1
expose,1
lemuel,1
newt,1
followed,1
chose,1
philosophers,1
gentleman,1
continuity,1
street,1
long,1
managed,1
protective,1
convincing,1
repeatedly,1
tides,1
successfully,1
resilience,1
equipment,1
amount,1
offers,1
alternative,1
discovers,1
pervasive,1
subjected,1
attacks,1
set,1
researched,1
equation,1
stronger,1
hobgoblins,1
mark,1
know,1
seem,1
positivist,1
washed,1
paternalist,1
humans,1
rejects,1
around,1
holdovers,1
proof,1
emerged,1
image,1
been,1
reconverge,1
diseases,1
missing,1
proponents,1
paper,1
uses,1
communal,1
organized,1
incomplete,1
december,1
shows,1
company,1
longer,1
d,1
paramount,1
height,1
governments,1
preserve,1
capitalist,1
best,1
explores,1
justifiable,1
daily,1
found,1
intrusive,1
demise,1
desire,1
argue,1
reasons,1
iceberg,1
abstract,1
sequel,1
developed,1
sights,1
ambitions,1
judge,1
eventually,1
foundation,1
follows,1
together,1
practical,1
losses,1
end,1
typify,1
incident,1
clearly,1
research,1
plagued,1
demonstrating,1
entered,1
justification,1
very,1
goods,1
interstate,1
uphold,1
debauching,1
bound,1
cush,1
warren,1
take,1
examining,1
yearbook,1
deemed,1
considerable,1
fashion,1
happiness,1
distinctive,1
philosophical,1
deviancy,1
besieged,1
risky,1
destroyed,1
lead,1
mind,1
readers,1
took,1
subordinate,1
scholarship,1
drove,1
breadth,1
learn,1
decisively,1
blowing,1
ideologies,1
tales,1
remarkable,1
according,1
offered,1
vanquished,1
manner,1
explanations,1
select,1
johns,1
protections,1
leonard,1
stopped,1
fantasies,1
concedes,1
noneconomic,1
viewed,1
jobs,1
antagonistic,1
entertaining,1
form,1
depends,1
cannot,1
until,1
references,1
nowhere,1
case,1
hides,1
forth,1
ports,1
well,1
est,1
necessary,1
practice,1
series,1
laedas,1
maintain,1
your,1
woman,1
reverse,1
absolute,1
narrative,1
instrumental,1
attacked,1
reluctantly,1
ignoring,1
problem,1
necessities,1
extent,1
wide,1
triumph,1
toe,1
her,1
reflected,1
sought,1
argument,1
remarkably,1
recent,1
day,1
institute,1
right,1
negligent,1
remained,1
fertilizing,1
both,1
underlie,1
institutions,1
cato,1
levy,1
having,1
tip,1
matrix,1
injured,1
felt,1
constitutionalism,1
suggests,1
howard,1
emphasis,1
virginia,1
dismantling,1
politics,1
line,1
prevent,1
exploring,1
liable,1
foresaw,1
work,1
strain,1
sale,1
scope,1
contractual,1
listening,1
restrictions,1
amendments,1
prevention,1
bibliography,1
explanation,1
reassurances,1
start,1
upon,1
level,1
locus,1
limitations,1
instructor,1
heart,1
commissioner,1
diss,1
communities,1
taking,1
county,1
x,1
gillman,1
explains,1
despite,1
defendant,1
calls,1
became,1
apply,1
carolina,1
giving,1
himself,1
louis,1
litigants,1
administration,1
step,1
regulated,1
assumptions,1
entirely,1
noxious,1
whole,1
year,1
illusion,1
engage,1
bulwark,1
tale,1
consistently,1
operated,1
rivers,1
began,1
contains,1
officers,1
expertise,1
goals,1
think,1
historiographical,1
central,1
refutation,1
upheld,1
documented,1
constitutive,1
throughout,1
personal,1
full,1
deployed,1
away,1
stayed,1
employed,1
california,1
devoted,1
achieving,1
examples,1
fused,1
showing,1
talented,1
pattern,1
severe,1
rejected,1
years,1
rothbone,1
development,1
neighbor,1
axioms,1
trump,1
since,1
illustrates,1
reality,1
refuse,1
errors,1
synthesize,1
author,1
group,1
mayor,1
logic,1
ut,1
relatively,1
large,1
suprema,1
held,1
vested,1
mixed,1
pluralism,1
allowed,1
correct,1
successful,1
would,1
field,1
need,1
fuzzy,1
paradigmatic,1
insisted,1
pay,1
rooted,1
cipher,1
mccurdy,1
course,1
administrative,1
seeks,1
off,1
pedigree,1
anyone,1
progressive,1
turn,1
storyteller,1
area,1
quite,1
gingrich,1
nor,1
latter,1
better,1
exchange,1
curiously,1
small,1
accused,1
autonomy,1
favored,1
valued,1
dissent,1
firmament,1
accomplished,1
back,1
replace,1
promote,1
bowed,1
assumed,1
chapel,1
sense,1
acts,1
agents,1
young,1
radio,1
wholly,1
themselves,1
massachusetts,1
fire,1
choosing,1
decline,1
interfered,1
suddenly,1
examine,1
promises,1
potent,1
obligation,1
illustrations,1
ineradicable,1
profit,1
like,1
customary,1
disrupting,1
create,1
constant,1
early,1
capitalism,1
localities,1
sentenced,1
contracts,1
interaction,1
develop,1
journal,1
parameters,1
reasoned,1
minds,1
using,1
tentatively,1
among,1
lockean,1
than,1
roots,1
north,1
destruction,1
notes,1
negligence,1
jail,1
impairing,1
professional,1
embodied,1
catalogues,1
regimes,1
perils,1
termed,1
participatory,1
actions,1
portrait,1
convincingly,1
recompense,1
cites,1
hastings,1
what,1
buildings,1
separate,1
