WORDCOUNTS,WEIGHT
the,201
of,114
and,99
in,69
a,50
california,49
to,45
starr,41
that,32
his,29
s,27
is,26
he,17
it,16
as,16
about,16
history,15
but,15
for,15
state,14
american,13
with,13
from,12
was,11
dreams,11
are,11
this,11
political,10
dream,10
more,9
an,9
not,8
series,8
by,8
first,8
mcwilliams,8
other,8
farmers,8
kevin,8
they,7
or,7
these,7
most,7
two,7
volume,7
great,7
out,7
what,7
has,7
its,7
than,7
no,6
who,6
their,6
southern,6
literary,6
book,6
all,6
associated,6
books,6
some,6
fascist,6
on,6
depression,6
when,6
at,5
strike,5
one,5
into,5
farm,5
endangered,5
back,5
be,5
gregory,5
p,5
historical,5
there,5
public,5
strikes,5
work,5
through,5
turns,5
which,5
were,5
argument,5
three,5
have,5
sinclair,4
san,4
americans,4
been,4
angeles,4
volumes,4
university,4
then,4
had,4
social,4
new,4
far,4
struggles,4
context,4
chapter,4
los,4
carey,4
chapters,4
instead,4
francisco,4
right,4
also,4
building,4
now,3
heroic,3
wrote,3
landscape,3
still,3
after,3
builders,3
movement,3
class,3
construction,3
ways,3
under,3
decade,3
title,3
any,3
something,3
regional,3
followed,3
party,3
might,3
bridge,3
came,3
together,3
radical,3
upton,3
war,3
reviews,3
form,3
can,3
incidents,3
well,3
politics,3
upon,3
sequels,3
wonderful,3
nothing,3
away,3
sense,3
land,3
communists,3
consolidations,3
become,3
era,3
up,3
even,3
story,3
generation,3
close,3
european,2
will,2
helped,2
during,2
rather,2
usually,2
intriguing,2
prose,2
sort,2
reasonable,2
exception,2
becomes,2
judgment,2
succession,2
germany,2
certain,2
antiunion,2
factories,2
references,2
hollywood,2
frank,2
struggle,2
projects,2
we,2
monumental,2
included,2
curious,2
culture,2
material,2
n,2
chief,2
narratives,2
people,2
anything,2
only,2
organization,2
organizations,2
june,2
founding,2
again,2
kind,2
soaring,2
intellectual,2
many,2
descriptive,2
artists,2
shaped,2
idea,2
treatment,2
gone,2
vision,2
post,2
never,2
end,2
build,2
works,2
fourth,2
spain,2
empire,2
unique,2
whether,2
gets,2
see,2
comes,2
always,2
because,2
almost,2
artistry,2
art,2
responding,2
move,2
radicals,2
purpose,2
very,2
press,2
himself,2
identity,2
formula,2
focus,2
james,2
issues,2
framework,2
salinas,2
ideas,2
labor,2
engineers,2
eccentric,2
thus,2
come,2
historiographic,2
models,2
golden,2
development,2
behind,2
although,2
here,2
like,2
field,2
period,2
features,2
high,2
turn,2
old,2
problems,2
imaginative,2
between,2
colorful,2
gate,2
massive,2
tactics,2
left,2
narrates,2
us,2
working,2
little,2
much,2
rehash,2
general,2
built,2
industries,1
appeal,1
fascists,1
retells,1
replacing,1
traumatically,1
enough,1
vintage,1
syndicalism,1
divergence,1
go,1
critical,1
librarian,1
take,1
happen,1
oxford,1
third,1
christian,1
unofficial,1
currently,1
mostly,1
fascism,1
statism,1
second,1
alleged,1
circle,1
york,1
fly,1
foreshadowing,1
whose,1
alternative,1
south,1
mexico,1
publishing,1
academia,1
higher,1
fairly,1
secular,1
transients,1
terribly,1
decker,1
sometimes,1
figure,1
control,1
populations,1
evocation,1
economic,1
foreign,1
criminal,1
across,1
imagery,1
indeed,1
predecessors,1
naturally,1
testing,1
how,1
suggestive,1
comport,1
joan,1
judging,1
civilization,1
extreme,1
prosecutions,1
acknowledged,1
episodes,1
account,1
forward,1
irreverent,1
nearly,1
revolutionary,1
lettuce,1
filled,1
engineervisionaries,1
politicians,1
goes,1
arrangements,1
celebrate,1
southernizing,1
make,1
worse,1
indicates,1
credited,1
wake,1
strife,1
developers,1
transformation,1
polarized,1
democrats,1
group,1
center,1
literati,1
emerges,1
evanescent,1
spanning,1
conservative,1
owed,1
religious,1
life,1
illegal,1
authoritarian,1
study,1
methods,1
myth,1
remain,1
label,1
designed,1
read,1
lawyer,1
spotlight,1
united,1
word,1
once,1
witty,1
republicans,1
frontier,1
counterrevolution,1
extremes,1
elitism,1
oblivious,1
maximum,1
turmoil,1
forthcoming,1
fields,1
altitude,1
sinister,1
fulfill,1
instances,1
atmosphere,1
push,1
examined,1
wizardry,1
understand,1
face,1
revolutionaries,1
easily,1
studies,1
elitist,1
pp,1
rules,1
erudite,1
builds,1
sound,1
nine,1
genius,1
inheres,1
prospected,1
wages,1
photographs,1
evolved,1
missionaries,1
forget,1
selectivity,1
combat,1
backs,1
prejudice,1
selective,1
messianic,1
position,1
boldest,1
enjoys,1
thesis,1
index,1
smith,1
pyrotechnics,1
unlike,1
repeated,1
resonates,1
bit,1
ambitious,1
scared,1
monument,1
flies,1
perspectives,1
biographical,1
liberal,1
warren,1
producers,1
fragile,1
judgments,1
historian,1
americanists,1
following,1
same,1
viewpoints,1
dominate,1
impulse,1
skin,1
passions,1
paramilitary,1
descriptions,1
weeks,1
characterizations,1
version,1
words,1
precursors,1
too,1
infrastructures,1
threat,1
biography,1
boldness,1
age,1
utopian,1
loose,1
volatile,1
experience,1
populate,1
fares,1
virgin,1
begins,1
democratic,1
ever,1
bum,1
accounts,1
moments,1
counterrevolutionary,1
powerful,1
vietnam,1
detail,1
journalist,1
precise,1
beyond,1
hallmark,1
withdrawn,1
electoral,1
tries,1
textual,1
lead,1
actually,1
undisciplined,1
intensely,1
neither,1
reorientation,1
resurrect,1
loses,1
monstrosity,1
set,1
challenge,1
carolyn,1
ii,1
comparative,1
power,1
blockade,1
later,1
taken,1
estate,1
concentrated,1
toward,1
boosterism,1
conflict,1
myths,1
conflicts,1
authority,1
worked,1
undeniably,1
action,1
image,1
each,1
union,1
experienced,1
england,1
reform,1
water,1
official,1
pedestrian,1
character,1
nature,1
girdler,1
signified,1
uses,1
altering,1
closely,1
lush,1
others,1
pastoral,1
shows,1
longer,1
stories,1
seem,1
conquests,1
best,1
xii,1
endless,1
could,1
strips,1
belong,1
striking,1
critic,1
teases,1
accompanied,1
charlatans,1
sensational,1
emerald,1
spoke,1
constructions,1
smart,1
joy,1
reminiscent,1
dreamed,1
six,1
returns,1
treatments,1
sacramento,1
until,1
wave,1
dennis,1
pretty,1
foundation,1
ideological,1
carrying,1
brothers,1
drama,1
veered,1
classical,1
incident,1
intellectuals,1
tells,1
dared,1
creative,1
scheme,1
gray,1
privileged,1
worker,1
ironically,1
before,1
real,1
debt,1
examining,1
i,1
fashion,1
predecessor,1
pictures,1
half,1
workingman,1
past,1
legislature,1
hits,1
spinning,1
made,1
roosevelt,1
rural,1
audiences,1
passage,1
mantra,1
respects,1
inversion,1
pursues,1
originality,1
last,1
better,1
men,1
patterns,1
turned,1
mexicans,1
took,1
may,1
priest,1
hand,1
usual,1
oz,1
henry,1
raised,1
reserved,1
dramatizing,1
helping,1
play,1
cultural,1
according,1
day,1
derivative,1
poverty,1
nonfiction,1
brilliant,1
somewhat,1
where,1
used,1
select,1
adventurers,1
thins,1
johns,1
romanticism,1
aspects,1
establish,1
reverie,1
ad,1
less,1
sweeping,1
historically,1
making,1
promise,1
nowhere,1
pauline,1
excellent,1
ports,1
borrowing,1
energy,1
takes,1
males,1
thoreauian,1
metaphor,1
muscular,1
interpreter,1
whatsoever,1
slouching,1
animated,1
passed,1
badly,1
campesinos,1
angelic,1
writes,1
ignoring,1
assertions,1
wide,1
reportage,1
streambeds,1
protofascist,1
capacity,1
hopkins,1
while,1
wants,1
prestige,1
culturebuilders,1
realize,1
biographies,1
break,1
bibliographic,1
mythology,1
another,1
information,1
local,1
none,1
original,1
guadelupe,1
reorganization,1
learn,1
basis,1
implies,1
apt,1
relief,1
urban,1
manner,1
literature,1
karl,1
discussion,1
asians,1
campaigns,1
jacksonian,1
coherent,1
drive,1
planning,1
officers,1
election,1
background,1
both,1
industrial,1
delivery,1
richard,1
boldly,1
turning,1
writers,1
maritime,1
characters,1
true,1
firebrand,1
reader,1
entrance,1
persistence,1
writings,1
west,1
private,1
apart,1
ill,1
given,1
events,1
city,1
example,1
civil,1
sent,1
tendencies,1
dynamic,1
ministers,1
improves,1
republic,1
nation,1
migration,1
department,1
exploring,1
done,1
brutal,1
subject,1
caught,1
bowl,1
cantilever,1
hydroelectric,1
enduring,1
struck,1
year,1
extended,1
citrus,1
genuine,1
unfortunately,1
steel,1
island,1
chillingly,1
place,1
virtually,1
began,1
inherited,1
celebrates,1
demonstrates,1
collective,1
indians,1
exposed,1
mimesis,1
repeatedly,1
waves,1
gains,1
think,1
grandeur,1
central,1
business,1
bund,1
packages,1
cruelty,1
voice,1
spends,1
border,1
states,1
question,1
fun,1
employed,1
nash,1
relationships,1
epic,1
kearney,1
theoretical,1
formed,1
radicalism,1
captured,1
breaks,1
arguably,1
californiana,1
such,1
years,1
editor,1
fact,1
visions,1
explorations,1
washington,1
worry,1
insurgencies,1
professor,1
visualized,1
since,1
sensibilities,1
trends,1
interior,1
against,1
visited,1
moral,1
culbert,1
twentieth,1
adding,1
thousands,1
flamboyant,1
institutional,1
does,1
hoc,1
publication,1
profession,1
author,1
finally,1
police,1
points,1
dominated,1
charming,1
essay,1
photography,1
olson,1
salutes,1
crisis,1
good,1
profiles,1
workers,1
held,1
attorney,1
called,1
arc,1
relations,1
lively,1
revered,1
protofascists,1
describing,1
would,1
battling,1
bunglers,1
inventing,1
broader,1
function,1
materialized,1
tom,1
occasionally,1
him,1
hardly,1
theoretically,1
things,1
seized,1
holes,1
century,1
expected,1
next,1
effects,1
dry,1
ended,1
television,1
order,1
californians,1
seeks,1
theater,1
offer,1
destiny,1
earlier,1
progressive,1
discourse,1
socialism,1
noticeable,1
cases,1
battleground,1
provides,1
did,1
shift,1
late,1
campaign,1
imagination,1
deeds,1
longshoremen,1
sagas,1
anybody,1
small,1
inactive,1
poked,1
bay,1
legacy,1
perspective,1
several,1
portrait,1
communist,1
fog,1
incendiary,1
dams,1
somehow,1
written,1
lifts,1
article,1
architectural,1
highly,1
systems,1
dust,1
region,1
valuable,1
breaking,1
extraordinary,1
presence,1
melange,1
dramatic,1
casually,1
themselves,1
sequence,1
narrow,1
multicareered,1
suddenly,1
compared,1
narrative,1
sectors,1
chicago,1
telling,1
loving,1
fervor,1
core,1
symbol,1
enterprise,1
part,1
corners,1
array,1
early,1
barely,1
seeking,1
explore,1
impoverished,1
gospel,1
valley,1
entire,1
documentary,1
italy,1
course,1
look,1
earl,1
dividing,1
attracted,1
primed,1
patrol,1
world,1
versus,1
saw,1
screwball,1
slotkin,1
notorious,1
knows,1
north,1
recent,1
notes,1
positioning,1
educators,1
so,1
leadership,1
governor,1
pulling,1
should,1
quarter,1
tenuous,1
marx,1
finds,1
resources,1
commonplace,1
universe,1
frankly,1
emerge,1
locked,1
rest,1
laureate,1
businessmen,1
penultimate,1
major,1
sparks,1
greatness,1
iww,1
merriam,1
let,1
suspect,1
anglo,1
