WORDCOUNTS,WEIGHT
the,320
of,226
and,124
in,123
to,100
a,73
white,71
that,68
black,66
as,57
s,47
fredrickson,44
by,38
on,38
racial,37
american,35
for,32
race,31
it,28
his,26
book,26
such,25
racism,25
is,25
romantic,23
was,22
thought,22
not,22
their,21
with,21
mind,20
image,20
are,20
history,19
women,19
than,19
this,19
more,19
have,19
or,18
be,18
ideas,17
were,17
blacks,17
its,15
he,15
garrison,15
at,14
most,14
well,14
other,13
whites,13
which,13
who,13
all,12
they,12
slavery,12
but,12
many,12
an,12
racialism,12
class,12
abolitionist,11
about,11
did,11
negro,11
no,10
rather,10
gender,10
men,10
abolitionists,9
only,9
so,9
among,9
one,8
movement,8
social,8
colonization,8
intellectual,7
douglass,7
has,7
bay,7
how,7
reviews,7
however,7
south,7
indeed,7
yet,7
these,7
discussion,7
william,7
both,7
between,7
ham,7
debate,7
abolition,6
first,6
remembering,6
even,6
moreover,6
had,6
p,6
southern,6
racialists,6
same,6
fact,6
racist,6
free,6
would,6
any,6
works,6
what,6
much,6
north,6
does,5
character,5
antebellum,5
historians,5
may,5
support,5
ideologies,5
origins,5
people,5
embraced,5
society,5
variety,5
pp,5
ideology,5
new,5
made,5
after,5
can,5
story,5
seen,5
inferior,5
from,5
gilmore,5
december,5
very,5
historical,5
subject,5
little,5
if,4
studies,4
into,4
before,4
interests,4
give,4
j,4
could,4
i,4
there,4
within,4
chapter,4
some,4
human,4
supremacy,4
back,4
similar,4
study,4
university,4
carolina,4
immediatism,4
cultural,4
northerners,4
work,4
own,4
least,4
jordan,4
world,4
equality,4
scientific,4
still,4
thinkers,4
lloyd,4
when,4
discussed,4
see,4
material,4
whiteness,4
conceptions,4
ethnology,4
period,4
attention,4
separate,4
male,4
life,4
often,4
southerners,4
arguments,4
our,4
argues,4
although,4
era,4
early,4
democracy,3
way,3
alone,3
conversion,3
agency,3
presents,3
being,3
specifically,3
might,3
historiography,3
concludes,3
richard,3
obvious,3
against,3
throughout,3
immediate,3
relations,3
kind,3
old,3
races,3
racialist,3
rights,3
americans,3
whose,3
subordination,3
reference,3
negroes,3
opponents,3
called,3
out,3
further,3
produced,3
because,3
received,3
explains,3
example,3
during,3
forces,3
attributed,3
working,3
contrast,3
discourse,3
around,3
always,3
up,3
notes,3
economic,3
religious,3
sex,3
also,3
gentle,3
question,3
wesleyan,3
day,3
discourses,3
explanation,3
slaves,3
minds,3
questions,3
moral,3
held,3
david,3
him,3
favored,3
especially,3
africa,3
been,3
acs,3
detailed,3
analysis,3
blood,3
inferiority,3
here,3
sustained,3
over,3
deficiencies,3
clearly,3
scores,3
almost,3
suggests,3
anxieties,3
press,3
african,3
constituencies,3
remains,3
charles,3
exclusively,3
focus,3
famous,3
should,3
major,3
difficult,2
superiority,2
quickly,2
stands,2
genovese,2
complex,2
replaced,2
use,2
easily,2
unlike,2
inequality,2
noah,2
said,2
t,2
sources,2
neglects,2
creation,2
posed,2
polygenesis,2
seems,2
nature,2
shaped,2
tradition,2
imagery,2
feminism,2
differences,2
real,2
emphasized,2
influences,2
political,2
reading,2
intelligence,2
similarities,2
america,2
condition,2
proslavery,2
classics,2
laws,2
reconstruction,2
behavior,2
segregation,2
development,2
longevity,2
dominated,2
curse,2
forgotten,2
gendered,2
assured,2
century,2
affectionate,2
nor,2
explore,2
vice,2
surprisingly,2
civilization,2
opposed,2
act,2
absent,2
thing,2
importance,2
strange,2
sexualization,2
means,2
lives,2
intellectually,2
just,2
idealist,2
invariably,2
quoted,2
contemporaries,2
age,2
superior,2
oppression,2
m,2
important,2
remembered,2
found,2
begun,2
docile,2
shared,2
understood,2
appears,2
recently,2
cannot,2
otherwise,2
opposition,2
public,2
shape,2
hierarchies,2
used,2
brought,2
part,2
discusses,2
roll,2
place,2
actually,2
emancipation,2
focuses,2
either,2
good,2
published,2
outmoded,2
supremacists,2
destiny,2
family,2
characteristics,2
few,2
governments,2
newly,2
will,2
sons,2
critics,2
short,2
toward,2
female,2
whatever,2
interactions,2
biological,2
once,2
criticism,2
meanwhile,2
colored,2
rise,2
omission,2
frederick,2
similarly,2
lack,2
stories,2
canaan,2
appeared,2
children,2
end,2
man,2
forms,2
enough,2
took,2
do,2
ground,2
less,2
elections,2
actual,2
maintains,2
workers,2
characterized,2
democrats,2
eyes,2
forgiving,2
probably,2
northern,2
glenda,2
violation,2
today,2
she,2
george,2
lines,2
primarily,2
credited,2
interplay,2
degenerating,2
eugene,2
case,2
mud,2
school,2
neglected,2
wars,2
rarely,2
beast,2
incorporated,2
founded,2
mia,2
symbol,2
inequities,2
different,2
seem,2
written,2
better,2
according,2
explanations,2
whether,2
reconcile,2
anticolonizationists,2
making,2
particular,2
writes,2
extent,2
virginia,2
presented,2
son,2
met,2
understanding,2
content,2
role,2
writing,2
webb,2
devoted,2
argument,2
difference,2
parallels,2
instead,2
land,2
crimes,2
evidence,2
states,2
effects,2
negrophobia,2
recent,2
close,2
tragic,2
martin,2
sumner,1
immediatist,1
now,1
vilified,1
allegedly,1
africanamericans,1
done,1
struggle,1
appealed,1
common,1
declared,1
medieval,1
later,1
commentary,1
prize,1
tyranny,1
differentials,1
created,1
commitment,1
ready,1
encouraged,1
peaceful,1
deserve,1
extreme,1
dash,1
unmalleable,1
feminization,1
japheth,1
noticing,1
afroamerican,1
originating,1
introduction,1
notably,1
evans,1
coupled,1
group,1
told,1
large,1
judged,1
baltimorean,1
fate,1
confines,1
english,1
ways,1
dump,1
walker,1
johns,1
discriminate,1
bondage,1
modern,1
odyssey,1
protection,1
iqs,1
rapist,1
francis,1
submissiveness,1
assisted,1
interpretative,1
nineteenth,1
something,1
causes,1
updated,1
test,1
gail,1
anything,1
modest,1
barriers,1
rivals,1
egalitarianism,1
certainly,1
subscribed,1
chronicles,1
voices,1
exaggerated,1
handle,1
implications,1
address,1
musical,1
attempt,1
unexceptional,1
virulent,1
analogies,1
comparatively,1
principles,1
manliness,1
assess,1
advantage,1
accompanied,1
simple,1
potentially,1
rich,1
narrative,1
temperamentally,1
studied,1
able,1
xiii,1
harriet,1
closer,1
hundred,1
dizzying,1
survey,1
deemed,1
alden,1
feature,1
failures,1
last,1
state,1
murray,1
henry,1
those,1
robert,1
gifts,1
debut,1
alike,1
signs,1
educate,1
segregated,1
context,1
backlash,1
system,1
herrenvolk,1
memorialized,1
issue,1
takes,1
ascribed,1
advocates,1
staunch,1
lynching,1
resilience,1
intraracial,1
unmixed,1
formulation,1
chronicled,1
sought,1
sexual,1
right,1
watkins,1
stereotype,1
account,1
vol,1
wonders,1
prior,1
capable,1
logical,1
politics,1
burning,1
measures,1
functions,1
move,1
magazine,1
fundamentalist,1
professor,1
ruefully,1
bell,1
far,1
conception,1
cited,1
bottom,1
genetic,1
apply,1
himself,1
letter,1
prejudice,1
complicating,1
exposed,1
learned,1
lynchings,1
conflict,1
central,1
disenfranchisement,1
disillusioned,1
examining,1
review,1
reverse,1
explained,1
accountable,1
calculated,1
bent,1
since,1
due,1
lilywhite,1
analyzing,1
author,1
predators,1
relatively,1
mixed,1
repressions,1
application,1
insisted,1
restore,1
extensively,1
duskies,1
turn,1
adam,1
decisions,1
blame,1
evident,1
document,1
nourished,1
uncontroversial,1
freed,1
convincing,1
subjects,1
contrary,1
body,1
props,1
slave,1
six,1
served,1
dates,1
witnessed,1
vanish,1
selfrule,1
demonization,1
compare,1
find,1
wilds,1
unfettered,1
sin,1
journal,1
sun,1
messages,1
discovering,1
leadership,1
general,1
savage,1
handful,1
influence,1
unfortunate,1
let,1
tragically,1
phases,1
crow,1
poor,1
delany,1
york,1
without,1
heroes,1
links,1
portrayed,1
aimed,1
across,1
centered,1
generations,1
developed,1
lusts,1
respectful,1
heels,1
sort,1
basic,1
doctrine,1
capture,1
notion,1
process,1
knew,1
seigneural,1
risk,1
associate,1
legal,1
talk,1
certain,1
benjamin,1
contributions,1
winthrop,1
matched,1
lacking,1
danger,1
lay,1
rules,1
discoveries,1
higginbotham,1
consequences,1
space,1
wages,1
supports,1
organization,1
physically,1
seeing,1
linked,1
creatures,1
edition,1
noticeable,1
impact,1
mary,1
beecher,1
frequently,1
w,1
coldly,1
benefited,1
colonizationists,1
commonly,1
initiative,1
democratic,1
voluminous,1
powerful,1
beyond,1
predates,1
idealized,1
bancroft,1
testament,1
permanent,1
index,1
founding,1
helped,1
opinion,1
suggested,1
aptitude,1
advocated,1
view,1
constitution,1
imbedded,1
awaited,1
opening,1
worries,1
expressed,1
uses,1
whom,1
identifying,1
location,1
abandoning,1
route,1
discount,1
appearance,1
africans,1
opposing,1
monogenism,1
color,1
traditionally,1
sequel,1
changed,1
deal,1
furious,1
destined,1
criticisms,1
agendas,1
runaways,1
insisting,1
initial,1
compromised,1
respects,1
term,1
frustrations,1
late,1
fans,1
equally,1
traced,1
informed,1
equal,1
focused,1
suffered,1
applied,1
failure,1
intertwined,1
record,1
spiritual,1
foreshadowed,1
taught,1
wide,1
james,1
benign,1
hopkins,1
brooks,1
impression,1
sighted,1
undercurrent,1
improve,1
jim,1
feminine,1
defame,1
basis,1
line,1
egalitarian,1
steifford,1
intense,1
unappealing,1
writers,1
heart,1
concept,1
prominent,1
characterization,1
purpose,1
competing,1
civil,1
calls,1
confined,1
comment,1
aged,1
routinely,1
feared,1
minority,1
tip,1
year,1
overview,1
describe,1
discussions,1
policies,1
inspire,1
middle,1
participated,1
runs,1
cabin,1
winter,1
call,1
documented,1
halfway,1
reflect,1
depraved,1
historiographic,1
enslaveable,1
president,1
interpreted,1
cornerstone,1
currents,1
graduate,1
gradualism,1
citing,1
stowe,1
earth,1
preceded,1
change,1
pluralism,1
successful,1
describing,1
brutality,1
field,1
peterson,1
tom,1
fostered,1
shaping,1
theoretically,1
suggest,1
prevalence,1
senator,1
degeneracy,1
rutgers,1
long,1
ignore,1
concerns,1
untroubled,1
presence,1
portions,1
braude,1
degradation,1
managed,1
generally,1
majority,1
headstrong,1
pays,1
lacuna,1
heralding,1
reflected,1
alienated,1
provided,1
heyday,1
actions,1
massive,1
geographical,1
roediger,1
seemed,1
stephens,1
periods,1
cite,1
marked,1
impunity,1
threatened,1
therefore,1
republican,1
sleeper,1
highlights,1
led,1
second,1
militancy,1
demand,1
upperclass,1
attempts,1
various,1
seamlessly,1
wendell,1
wrote,1
located,1
scriptural,1
play,1
successes,1
somebody,1
wait,1
onward,1
theorizing,1
investments,1
merits,1
exception,1
reduce,1
july,1
above,1
vaughan,1
veins,1
waldo,1
sending,1
initially,1
collapsed,1
surveyed,1
sexually,1
reclaimed,1
illuminating,1
convictions,1
repression,1
chronicle,1
allegations,1
anticipates,1
philadelphia,1
violence,1
fascinating,1
repressive,1
suited,1
makes,1
read,1
devotion,1
numerology,1
alongside,1
liberator,1
specifics,1
us,1
swarthies,1
riots,1
participants,1
included,1
planned,1
extinction,1
rightly,1
propounded,1
heathenism,1
scriptures,1
reprint,1
two,1
reports,1
increasingly,1
harper,1
chronicling,1
preeminence,1
fruitful,1
lucid,1
paul,1
law,1
heritage,1
power,1
again,1
others,1
chance,1
rock,1
experienced,1
segregating,1
smith,1
efforts,1
shows,1
idea,1
overwhelming,1
conduct,1
benevolent,1
xii,1
materialist,1
striking,1
broadly,1
creative,1
plan,1
happily,1
documents,1
confederacy,1
iceberg,1
wine,1
reform,1
inevitably,1
time,1
really,1
reacted,1
uncle,1
justification,1
debates,1
contemporary,1
identical,1
charges,1
serfdom,1
monographs,1
swam,1
proletariat,1
imperatives,1
eliciting,1
vulnerable,1
underscores,1
coexisted,1
spoke,1
ahead,1
focusing,1
belief,1
inglorious,1
ink,1
coined,1
brutally,1
lauded,1
lists,1
break,1
darwinist,1
demonstrated,1
acknowledgment,1
classes,1
mythic,1
africanamerican,1
examples,1
restrictions,1
temperamental,1
implicated,1
exporting,1
critiqued,1
writings,1
looking,1
judge,1
ruling,1
versa,1
elite,1
identity,1
wonder,1
findings,1
entirely,1
confidence,1
largely,1
decreed,1
virtually,1
refers,1
defamations,1
maria,1
extraordinarily,1
ethnic,1
evolution,1
resolved,1
merit,1
stay,1
ibid,1
assertiveness,1
previous,1
theories,1
unsurpassed,1
described,1
rejected,1
low,1
open,1
worry,1
clear,1
three,1
directed,1
modem,1
communicated,1
uncontrollable,1
fallacy,1
publication,1
virtues,1
safety,1
unbiddable,1
eve,1
controversies,1
divisions,1
allowed,1
reformers,1
summer,1
anatomies,1
high,1
purvis,1
curve,1
played,1
enriched,1
provides,1
lose,1
thomas,1
sidestepped,1
never,1
preponderance,1
sentiment,1
problems,1
leaves,1
qualities,1
slaveholders,1
evolutionary,1
chapel,1
metalanguage,1
pluralists,1
interpretations,1
remembers,1
garrisonians,1
statewide,1
exactly,1
effect,1
unites,1
hierarchical,1
structure,1
january,1
confusing,1
attracted,1
saw,1
we,1
tendency,1
quarterly,1
conveyed,1
reformist,1
rallied,1
quarter,1
hope,1
behind,1
division,1
pecularities,1
species,1
revolved,1
genesis,1
things,1
christian,1
assigned,1
relationship,1
belonged,1
mckee,1
mixture,1
science,1
movements,1
foil,1
naturally,1
fear,1
hill,1
neglecting,1
begin,1
showier,1
slow,1
forthright,1
lost,1
sensitive,1
oddly,1
contribution,1
peril,1
storytellers,1
robyn,1
forten,1
inspired,1
extra,1
construction,1
united,1
commits,1
surprising,1
expansionism,1
delineates,1
canonical,1
assigns,1
bederman,1
months,1
strategically,1
face,1
commenting,1
rigorous,1
virgil,1
immensely,1
meant,1
articulations,1
cannon,1
contained,1
curious,1
associated,1
judgments,1
elected,1
believed,1
broke,1
comes,1
series,1
conclusion,1
pointless,1
biography,1
ever,1
scarcely,1
negrophobes,1
known,1
wideranging,1
membership,1
narrowly,1
sums,1
offers,1
set,1
herrnstein,1
cover,1
milieu,1
darwinian,1
ran,1
assistant,1
naturalized,1
principle,1
guaranteed,1
proponents,1
paper,1
brute,1
relieve,1
interested,1
believe,1
alexander,1
leaders,1
equivocal,1
print,1
argue,1
half,1
propaganda,1
civic,1
tenderness,1
intersected,1
judgements,1
shred,1
speech,1
foundation,1
ideological,1
alternatively,1
particularly,1
launching,1
contradictory,1
obviously,1
workingmen,1
audience,1
number,1
purview,1
identities,1
differed,1
guinea,1
absurdities,1
merely,1
places,1
person,1
following,1
quietly,1
born,1
scholarly,1
investigation,1
award,1
unique,1
them,1
rose,1
form,1
namely,1
ones,1
references,1
cause,1
articulated,1
boast,1
attitudes,1
passed,1
theory,1
ambivalencies,1
getting,1
while,1
mandated,1
vehicle,1
chapmanone,1
guidebook,1
influenced,1
treatises,1
don,1
agreed,1
abolitionism,1
goodman,1
rally,1
noticeably,1
hindsight,1
boston,1
tent,1
naked,1
biracial,1
intention,1
overindulging,1
attentive,1
rereading,1
given,1
through,1
timely,1
easy,1
predecessors,1
respectable,1
returning,1
everywhere,1
uninfluenced,1
measure,1
colonial,1
rebels,1
maintained,1
aspect,1
varied,1
reinforced,1
mentor,1
suffrage,1
ends,1
wild,1
understandings,1
generate,1
genders,1
national,1
recovering,1
accept,1
publicized,1
sat,1
course,1
include,1
opinions,1
product,1
you,1
colleagues,1
defined,1
tellingly,1
attempted,1
inequalities,1
diaspora,1
sexuality,1
consequence,1
definitive,1
campaign,1
summary,1
parentage,1
evelyn,1
thousand,1
specific,1
privileging,1
rationalizations,1
valuable,1
materialism,1
ser,1
circuitous,1
enterprise,1
texts,1
views,1
entire,1
develop,1
images,1
racially,1
wiegman,1
glance,1
strong,1
comparable,1
cross,1
meeting,1
doing,1
conversations,1
row,1
retrospect,1
