WORDCOUNTS,WEIGHT
the,246
of,213
and,160
in,99
to,91
a,69
is,44
immigrants,43
for,40
s,38
that,34
as,31
are,31
be,26
new,25
american,22
contemporary,22
this,22
immigration,22
they,21
city,21
today,19
from,19
york,17
their,17
foner,17
not,17
history,17
at,16
but,15
by,15
past,15
which,15
with,13
immigrant,13
than,13
it,12
present,12
racial,12
these,11
more,11
on,11
have,11
may,10
she,10
analysis,10
over,10
all,10
work,10
such,10
an,10
between,10
about,9
social,9
historical,9
what,9
has,9
her,9
diversity,9
were,9
state,9
now,8
americans,8
who,8
lives,8
united,8
children,8
significant,8
so,8
states,8
those,8
european,7
groups,7
comparative,7
sort,7
comparisons,7
seem,7
out,7
italians,7
numbers,7
some,7
themselves,7
much,7
education,6
two,6
experience,6
other,6
again,6
daily,6
international,6
jews,6
patterns,6
though,6
dominicans,6
however,6
because,6
century,6
when,6
among,6
if,5
been,5
us,5
or,5
same,5
welfare,5
peoples,5
also,5
only,5
many,5
analytical,5
different,5
color,5
differences,5
i,5
there,5
just,5
gerber,5
better,5
do,5
reviews,5
form,5
while,5
america,5
mexicans,5
people,5
hierarchy,5
vu,5
course,5
general,5
would,5
newcomers,5
race,5
enough,4
mostly,4
second,4
within,4
subject,4
levels,4
one,4
life,4
often,4
white,4
neighborhoods,4
too,4
here,4
transnational,4
arrived,4
skills,4
political,4
majority,4
population,4
less,4
time,4
public,4
future,4
data,4
made,4
its,4
systematic,4
september,4
david,4
pluralism,4
comparison,4
especially,4
west,4
yesterday,4
recent,4
doing,4
activities,4
does,3
rather,3
service,3
result,3
decades,3
poor,3
represented,3
context,3
itself,3
illegal,3
study,3
space,3
yet,3
ways,3
expansion,3
university,3
assimilation,3
informal,3
migration,3
variety,3
frequently,3
most,3
being,3
constructed,3
ethnic,3
jfk,3
might,3
undocumented,3
nancy,3
greater,3
character,3
my,3
book,3
higher,3
did,3
permanently,3
urban,3
economy,3
see,3
suffered,3
alejandro,3
technical,3
well,3
migrations,3
possible,3
politics,3
extent,3
both,3
socioeconomic,3
level,3
reader,3
whites,3
laws,3
knowledge,3
enter,3
use,3
island,3
conditions,3
broad,3
our,3
argument,3
status,3
aware,3
movement,3
ellis,3
no,3
turn,3
segmented,3
migrants,3
portes,3
left,3
third,3
can,3
we,3
professional,3
ago,3
massive,3
society,3
nations,2
south,2
grandchild,2
whose,2
deji,2
various,2
always,2
nativism,2
african,2
later,2
foreign,2
soviet,2
college,2
upward,2
poorer,2
make,2
similar,2
group,2
large,2
similarities,2
cheap,2
characterizes,2
housing,2
centuries,2
get,2
done,2
caribbean,2
struggle,2
serve,2
wages,2
former,2
matters,2
was,2
had,2
familiar,2
into,2
any,2
contemporaries,2
reimers,2
partly,2
indian,2
deja,2
women,2
needs,2
hispanics,2
beyond,2
sources,2
consequence,2
invention,2
transnationalism,2
labor,2
suburbs,2
sweatshops,2
sciences,2
occupational,2
explain,2
important,2
mark,2
know,2
others,2
rapid,2
rare,2
sure,2
came,2
whom,2
stories,2
best,2
resists,2
poverty,2
great,2
extended,2
wave,2
clearly,2
far,2
debates,2
number,2
review,2
comparable,2
type,2
m,2
last,2
readers,2
written,2
greatly,2
growing,2
chinese,2
cultural,2
puerto,2
reading,2
hostility,2
behind,2
arrivees,2
them,2
whether,2
making,2
necessary,2
material,2
remaking,2
daunting,2
circumstances,2
historians,2
educated,2
jewish,2
behavioral,2
continuum,2
primary,2
roger,2
local,2
generally,2
lends,2
unions,2
suggests,2
literature,2
largest,2
asians,2
middle,2
examples,2
own,2
range,2
wretched,2
through,2
purpose,2
very,2
press,2
nation,2
opportunity,2
minority,2
mothers,2
dignity,2
prejudice,2
indians,2
waves,2
central,2
filipinos,2
descendents,2
chapters,2
haitians,2
question,2
devoted,2
students,2
cycle,2
ethnicity,2
since,2
analyzing,2
twentieth,2
refuse,2
national,2
essay,2
author,2
workers,2
individual,2
ricans,2
newly,2
presented,2
like,2
against,2
generation,2
order,2
anyone,2
discourse,2
around,2
family,2
educational,2
serving,2
become,2
research,2
patricia,2
including,2
little,2
pays,2
koreans,2
widely,2
moreover,2
community,2
ammunition,1
newer,1
lessinger,1
seems,1
lesser,1
suggest,1
civic,1
nicholas,1
dominant,1
accepting,1
defended,1
inception,1
undergraduate,1
ganges,1
cast,1
highlights,1
simultaneously,1
go,1
high,1
black,1
insurgency,1
makeup,1
situation,1
me,1
underclass,1
chains,1
under,1
essential,1
german,1
back,1
beneath,1
fathers,1
positions,1
air,1
devote,1
nonetheless,1
russian,1
materials,1
heroes,1
unassimilable,1
testimony,1
his,1
phillip,1
will,1
populations,1
growth,1
pilgrimage,1
aimed,1
electronic,1
short,1
culturally,1
interkulturelle,1
practical,1
testing,1
created,1
toward,1
workplaces,1
resisted,1
hill,1
top,1
emigres,1
play,1
everyone,1
select,1
contraction,1
low,1
chen,1
promising,1
theories,1
regard,1
episodes,1
brief,1
stopped,1
islands,1
purposes,1
patronage,1
arrive,1
veterans,1
inexpensive,1
predict,1
slow,1
brings,1
implies,1
rob,1
georges,1
retreat,1
jamaicans,1
seen,1
push,1
still,1
conceives,1
yale,1
grasp,1
neighborhood,1
fates,1
bill,1
associate,1
trajectories,1
forth,1
legal,1
germany,1
contribution,1
case,1
studien,1
relevant,1
suburban,1
inadequate,1
told,1
relaxed,1
center,1
countries,1
jobs,1
complex,1
discrimination,1
residences,1
replaced,1
milton,1
worlds,1
proletarian,1
assuming,1
systematically,1
latinos,1
witness,1
structural,1
responsible,1
lacking,1
pervades,1
scales,1
salience,1
illuminating,1
grandchildren,1
whole,1
vickerman,1
homeland,1
summarized,1
grade,1
awareness,1
once,1
lear,1
communications,1
live,1
authority,1
respect,1
supporting,1
sets,1
zhou,1
citizens,1
fulfill,1
maxine,1
hudson,1
easterners,1
understand,1
security,1
easily,1
settled,1
mirror,1
read,1
presidents,1
advanced,1
largely,1
thought,1
alongside,1
residence,1
english,1
resemble,1
menace,1
facilitated,1
theorists,1
fought,1
soon,1
medicare,1
seat,1
continuity,1
considerations,1
devotes,1
fear,1
mobile,1
congested,1
faltering,1
erecting,1
absorbing,1
cycles,1
index,1
terms,1
scale,1
necessarily,1
kasinitz,1
dictates,1
unlike,1
immigrating,1
share,1
gaining,1
pessimistic,1
home,1
variants,1
ambitious,1
fdir,1
scaffolding,1
liberal,1
assistance,1
elsewhere,1
consciousness,1
girls,1
investigates,1
choices,1
dubiously,1
impact,1
receiving,1
matter,1
arguing,1
garment,1
historiography,1
complexity,1
descriptions,1
without,1
narratives,1
reformulation,1
constitute,1
show,1
conceptualization,1
identification,1
simply,1
g,1
pessar,1
begins,1
democratic,1
summarize,1
lower,1
noted,1
said,1
fran,1
fact,1
anything,1
mythologies,1
powerful,1
sit,1
based,1
comes,1
confined,1
impresses,1
precise,1
picture,1
areas,1
laissez,1
treats,1
friends,1
notions,1
failing,1
quantitative,1
buchanan,1
long,1
assisted,1
provide,1
traub,1
requires,1
certainly,1
problems,1
adversity,1
lewis,1
support,1
comprehends,1
science,1
aspirations,1
willing,1
victim,1
taiwan,1
pervasive,1
schauffler,1
exaggerated,1
omission,1
approached,1
essays,1
founding,1
care,1
lot,1
poorest,1
repository,1
frederick,1
cover,1
spite,1
popularity,1
postindustrial,1
bunker,1
passed,1
providing,1
compliment,1
academy,1
osnabriick,1
myths,1
numerical,1
impoverished,1
terrain,1
unrealistically,1
expectation,1
markowitz,1
control,1
proletarianized,1
fragmentary,1
antidote,1
boost,1
union,1
challenges,1
desiring,1
inequities,1
hours,1
americanization,1
bigoted,1
asia,1
vacated,1
standards,1
depopulated,1
advance,1
dramatically,1
tions,1
min,1
expanding,1
resemblance,1
longer,1
possibilities,1
temporary,1
consideration,1
rosy,1
europe,1
agenda,1
scientists,1
brazilians,1
forthright,1
secondary,1
could,1
advantage,1
chinatown,1
indies,1
pages,1
broadly,1
borders,1
caste,1
expense,1
undertake,1
waldinger,1
agree,1
constructions,1
offers,1
spokesman,1
p,1
fortunes,1
temptation,1
employment,1
exotic,1
members,1
ambiguity,1
foundation,1
effort,1
ideological,1
centers,1
dilapidated,1
enable,1
germans,1
patrick,1
particularly,1
encounter,1
deal,1
demands,1
arriving,1
sherri,1
diverse,1
contradictory,1
school,1
promised,1
thinking,1
facilitate,1
grows,1
goods,1
demographic,1
considerable,1
everything,1
benefit,1
associated,1
reinforce,1
previous,1
take,1
homelands,1
anger,1
analyst,1
guyanese,1
possibility,1
help,1
elderly,1
search,1
feature,1
ancestry,1
representative,1
reasons,1
living,1
residential,1
evaluate,1
anthropologist,1
men,1
ghettoization,1
mind,1
traversed,1
discussion,1
further,1
latest,1
monographs,1
concepts,1
tv,1
prompt,1
sorts,1
current,1
intervene,1
understood,1
equal,1
effective,1
wage,1
profited,1
where,1
signs,1
text,1
johns,1
riis,1
continuing,1
divided,1
threshold,1
realms,1
existing,1
accepted,1
separated,1
reactions,1
establish,1
appears,1
machines,1
divide,1
recently,1
citizenship,1
disabled,1
handful,1
nonwhite,1
references,1
fall,1
applied,1
migrationsforschung,1
issue,1
reruns,1
era,1
otherwise,1
inclusive,1
takes,1
productively,1
ed,1
prospering,1
laden,1
existence,1
poles,1
begin,1
contrasting,1
privations,1
perhaps,1
noteworthy,1
theory,1
metropolitan,1
eastern,1
unnecessary,1
valorize,1
leaving,1
problem,1
foundational,1
wide,1
dream,1
task,1
insulated,1
und,1
hopkins,1
sought,1
governing,1
u,1
really,1
periphery,1
mentioned,1
criteria,1
annals,1
outlines,1
senate,1
aspects,1
ties,1
indirectly,1
organize,1
satisfying,1
directly,1
information,1
account,1
having,1
anticipation,1
neither,1
participation,1
scenarios,1
felt,1
becomes,1
basis,1
medical,1
degrees,1
understanding,1
technologies,1
omissions,1
enforcement,1
margolis,1
substantial,1
visions,1
vast,1
millions,1
campaigns,1
measures,1
popular,1
faire,1
conveniently,1
considering,1
background,1
polyethnic,1
easier,1
grossly,1
richard,1
intention,1
upon,1
run,1
occasionally,1
unilinear,1
must,1
helps,1
invisible,1
heart,1
fine,1
recognition,1
decent,1
altered,1
prominent,1
significantly,1
brought,1
combination,1
given,1
jet,1
categories,1
parents,1
socioconomic,1
concentration,1
x,1
desperate,1
persists,1
example,1
conception,1
certification,1
strangers,1
calls,1
merge,1
dynamic,1
bottom,1
quota,1
became,1
chooses,1
role,1
along,1
reside,1
hine,1
irish,1
identity,1
gender,1
routinely,1
europeans,1
interact,1
criticized,1
conceived,1
findings,1
respectable,1
binder,1
eclipsed,1
controlling,1
went,1
stable,1
confronted,1
crosscurrents,1
realm,1
consistently,1
programs,1
acknowledges,1
obtain,1
open,1
during,1
size,1
permanent,1
policies,1
travel,1
pursuing,1
qualitative,1
subtly,1
engaging,1
calculating,1
framework,1
allows,1
dimarzio,1
aside,1
prominently,1
optimism,1
exist,1
actually,1
falling,1
mythologized,1
characterize,1
phileopietistic,1
processes,1
aliens,1
daughters,1
sociology,1
winter,1
thus,1
africanswho,1
nothing,1
individuals,1
call,1
stay,1
accessible,1
come,1
identities,1
full,1
michael,1
false,1
forbearers,1
away,1
economic,1
mobility,1
actual,1
improvements,1
haven,1
origins,1
believes,1
internal,1
residents,1
deconcentration,1
historically,1
continuities,1
presence,1
few,1
project,1
explained,1
pattern,1
resettling,1
victimized,1
burden,1
years,1
inner,1
interested,1
quality,1
justifiably,1
rendered,1
patient,1
clear,1
demetrios,1
faced,1
unwelcome,1
three,1
finding,1
succession,1
corrects,1
numerous,1
language,1
stayed,1
d,1
neighbors,1
eugenia,1
logic,1
explainer,1
change,1
relatively,1
creating,1
counter,1
hangs,1
enlightenment,1
predicament,1
sense,1
successful,1
land,1
characterized,1
environs,1
need,1
specialists,1
papademetriou,1
shaping,1
smaller,1
parallels,1
pay,1
features,1
futures,1
extensively,1
crossed,1
arrivals,1
industrial,1
laugh,1
james,1
heaven,1
uninformed,1
spreading,1
earlier,1
estimates,1
area,1
instant,1
december,1
candidates,1
midst,1
whatever,1
archie,1
settlement,1
claims,1
grasmuck,1
emerging,1
contributions,1
buffalo,1
involved,1
old,1
latter,1
editor,1
attention,1
thoughtless,1
class,1
evident,1
affluent,1
perspective,1
comparing,1
profound,1
infrequently,1
somehow,1
subjects,1
implicagerber,1
contrary,1
possess,1
choose,1
settle,1
consumer,1
folk,1
effortlessly,1
six,1
difficulty,1
meaning,1
facility,1
young,1
moving,1
allowing,1
institut,1
restructured,1
ancestors,1
complacency,1
upwardly,1
narrative,1
jacob,1
corporations,1
tendencies,1
inadequately,1
conceptual,1
th,1
part,1
find,1
way,1
structure,1
undertaking,1
create,1
norman,1
drudgery,1
ramifying,1
progress,1
working,1
element,1
department,1
joanna,1
universities,1
analyze,1
mix,1
trinidadians,1
sanjek,1
dependent,1
illegals,1
ecuadorians,1
projections,1
images,1
minds,1
figures,1
multilayered,1
apparently,1
networks,1
notes,1
connections,1
prevail,1
assume,1
should,1
evidence,1
virtue,1
grateful,1
provided,1
hope,1
shall,1
incarnation,1
roles,1
unskilled,1
nativist,1
according,1
entrepreneurship,1
haiti,1
concluded,1
contracting,1
embraces,1
reiner,1
determinants,1
gifted,1
continuously,1
likely,1
