WORDCOUNTS,WEIGHT
the,154
of,138
and,94
to,77
that,63
in,63
a,49
have,40
it,39
as,39
is,36
be,34
we,30
science,28
for,27
our,26
may,20
not,20
with,20
been,18
its,18
or,17
policy,16
what,16
has,16
public,16
at,15
history,15
he,14
will,13
but,13
all,13
one,12
us,12
are,12
s,12
world,12
an,12
his,11
they,11
morin,11
would,11
from,10
funding,10
political,10
which,10
research,10
american,9
on,9
special,8
by,8
there,8
them,8
even,8
such,8
than,8
their,7
social,7
could,7
government,7
those,7
war,7
can,7
own,7
no,6
life,6
federal,6
was,6
useful,6
more,6
academic,6
some,6
between,6
like,6
this,6
today,5
provide,5
who,5
community,5
out,5
real,5
i,5
do,5
karl,5
well,5
politics,5
part,5
subject,5
were,5
reality,5
present,5
much,5
now,4
various,4
itself,4
face,4
organized,4
must,4
long,4
certainly,4
interests,4
ii,4
again,4
might,4
had,4
fact,4
ought,4
time,4
new,4
other,4
never,4
understood,4
where,4
less,4
particular,4
good,4
dramatic,4
become,4
debate,4
when,4
universities,4
does,3
heroes,3
way,3
scientific,3
action,3
ways,3
service,3
kind,3
make,3
analysis,3
consequences,3
understand,3
case,3
university,3
into,3
just,3
too,3
most,3
only,3
known,3
text,3
book,3
over,3
sure,3
j,3
scientists,3
alexander,3
attack,3
outside,3
though,3
reviews,3
purposes,3
system,3
historians,3
because,3
future,3
knowledge,3
press,3
models,3
years,3
since,3
times,3
although,3
need,3
after,3
last,3
problems,3
concerns,3
themselves,3
always,3
drawn,3
also,3
should,3
enough,2
failed,2
alive,2
respect,2
understands,2
raise,2
complex,2
academia,2
wisdom,2
independent,2
if,2
within,2
corporate,2
indeed,2
basic,2
career,2
edges,2
process,2
still,2
areas,2
effectively,2
put,2
worlds,2
appropriateness,2
existed,2
live,2
criticism,2
moves,2
yet,2
puzzles,2
done,2
arts,2
serve,2
technology,2
index,2
critical,2
wars,2
any,2
same,2
barrel,2
nonetheless,2
right,2
ever,2
beyond,2
picture,2
longer,2
sciences,2
toward,2
death,2
academy,2
view,2
rare,2
each,2
projects,2
many,2
nature,2
specialized,2
claims,2
best,2
preserve,2
daily,2
served,2
able,2
relation,2
end,2
everything,2
sees,2
take,2
historical,2
advances,2
better,2
context,2
whether,2
selected,2
list,2
applied,2
cause,2
prescriptions,2
pork,2
perhaps,2
find,2
gives,2
while,2
really,2
shape,2
original,2
missed,2
dismantling,2
understanding,2
literature,2
planning,2
examples,2
these,2
made,2
obvious,2
barry,2
private,2
point,2
say,2
through,2
alternatives,2
actors,2
enter,2
die,2
aims,2
administration,2
whole,2
programs,2
place,2
intellectual,2
questions,2
central,2
call,2
justification,2
relationships,2
touch,2
open,2
clear,2
adding,2
september,2
points,2
publishing,2
interest,2
instead,2
price,2
d,2
responsibility,2
cold,2
century,2
order,2
intellectuals,2
quite,2
provides,2
old,2
blame,2
spent,2
keep,2
perspective,2
somehow,2
systems,2
immortality,2
chicago,2
reached,2
era,2
irrelevant,2
little,2
concise,2
so,2
professional,2
evidence,2
provided,2
united,2
attention,2
influence,2
division,2
major,2
society,2
societies,2
industries,1
shakiest,1
distribution,1
pragmatism,1
final,1
promised,1
sigh,1
pluralism,1
democracy,1
socrates,1
go,1
steps,1
ending,1
care,1
communities,1
discussing,1
helped,1
applications,1
role,1
americans,1
piano,1
specifications,1
accidents,1
whose,1
influential,1
education,1
operations,1
appreciating,1
continued,1
testimony,1
programmatic,1
dilemma,1
bureaucrats,1
bring,1
economic,1
barnacles,1
economist,1
main,1
analytic,1
stratagems,1
advanced,1
happily,1
synthesis,1
ideology,1
created,1
remain,1
commitment,1
resisted,1
verge,1
strangelove,1
headlines,1
both,1
train,1
cradle,1
plans,1
deadly,1
celebration,1
inside,1
classic,1
fiction,1
fifty,1
indirect,1
assurance,1
brings,1
success,1
players,1
active,1
seen,1
analyzes,1
intersect,1
introduction,1
designs,1
changed,1
lives,1
grew,1
tables,1
group,1
told,1
try,1
aldine,1
enlightening,1
least,1
direct,1
contributor,1
strange,1
judged,1
agendas,1
religious,1
pages,1
makes,1
revelation,1
kinds,1
study,1
pluralistic,1
pp,1
danger,1
tend,1
adventure,1
about,1
productive,1
once,1
discord,1
communications,1
periodic,1
authority,1
table,1
kevles,1
martyrdom,1
watching,1
reason,1
easily,1
structure,1
scribner,1
perceptions,1
nowhere,1
presidents,1
nor,1
modern,1
pressures,1
westerns,1
stories,1
infuses,1
groups,1
blows,1
wanted,1
servants,1
marks,1
issue,1
consider,1
acceptance,1
purveyors,1
position,1
confidence,1
neither,1
periods,1
hasten,1
contractors,1
martyrdoms,1
seems,1
management,1
retained,1
presents,1
graphs,1
encourage,1
punished,1
bit,1
aura,1
promotes,1
rarely,1
then,1
fifteen,1
liked,1
attract,1
perspectives,1
under,1
elsewhere,1
director,1
following,1
n,1
something,1
incorrectly,1
englewood,1
descriptions,1
series,1
without,1
deliver,1
dupree,1
chief,1
ascendance,1
histony,1
largest,1
costs,1
contexts,1
intergovernmental,1
turning,1
hoping,1
four,1
fires,1
two,1
department,1
reports,1
unusually,1
congresses,1
democratic,1
superior,1
handling,1
moments,1
satisfying,1
painful,1
urgency,1
first,1
anything,1
officers,1
lot,1
enterprises,1
either,1
decidedly,1
company,1
jettison,1
encyclopedia,1
intellects,1
administrators,1
failing,1
hearts,1
wrong,1
definitely,1
rather,1
sizes,1
name,1
classroom,1
puts,1
posed,1
back,1
comfortable,1
tell,1
odd,1
set,1
reward,1
power,1
m,1
enjoyed,1
taken,1
important,1
use,1
know,1
faced,1
trained,1
hemlock,1
deserves,1
flowers,1
control,1
danie,1
ourselves,1
efforts,1
joins,1
advance,1
artists,1
denies,1
acceptable,1
happening,1
possibilities,1
global,1
laid,1
shaped,1
monks,1
unaccustomed,1
aftermath,1
accustomed,1
seem,1
treatment,1
believe,1
agenda,1
passenger,1
head,1
did,1
very,1
nevertheless,1
leaders,1
aids,1
harder,1
assertion,1
federally,1
argue,1
houses,1
great,1
called,1
appeared,1
documents,1
clarify,1
scenario,1
p,1
whatever,1
ambitions,1
allied,1
choice,1
happy,1
rich,1
foundation,1
kgb,1
enable,1
grave,1
particularly,1
underneath,1
economics,1
job,1
richer,1
reliability,1
obviously,1
envisioning,1
far,1
banked,1
audience,1
survivors,1
befell,1
review,1
fashion,1
movie,1
past,1
protect,1
color,1
fear,1
mind,1
musings,1
erupt,1
giant,1
pure,1
primitive,1
forthcomingfrom,1
robert,1
knows,1
remarkable,1
causes,1
none,1
formation,1
budgets,1
unlikely,1
discipline,1
promoters,1
market,1
planned,1
johns,1
anymore,1
continuing,1
reign,1
gloriously,1
dynasty,1
scuttled,1
combined,1
circles,1
sharpened,1
require,1
unclear,1
ad,1
professors,1
form,1
larger,1
priorities,1
making,1
promise,1
concealed,1
want,1
side,1
scale,1
proceed,1
spell,1
governmental,1
agencies,1
attitudes,1
dr,1
preoccupations,1
circumstances,1
problem,1
king,1
prayer,1
threats,1
lament,1
streets,1
hopkins,1
going,1
free,1
foundations,1
facts,1
accordance,1
wider,1
draw,1
vicissitudes,1
parts,1
degree,1
justifies,1
awarded,1
predict,1
another,1
keeping,1
having,1
almost,1
don,1
seeking,1
scenarios,1
outcome,1
basis,1
possible,1
marked,1
states,1
omissions,1
irn,1
data,1
contain,1
descendance,1
categories,1
divided,1
certain,1
romans,1
work,1
progress,1
ridicule,1
disease,1
bullets,1
subculture,1
background,1
conflicts,1
crucifixion,1
stumbled,1
easier,1
bibliography,1
explanation,1
remember,1
insight,1
intention,1
qualifications,1
presented,1
add,1
insights,1
true,1
careful,1
result,1
professor,1
subtler,1
writings,1
stake,1
given,1
purpose,1
dependent,1
intentions,1
establishment,1
retains,1
proportions,1
apparent,1
inevitability,1
procure,1
apply,1
along,1
comment,1
easy,1
existing,1
promises,1
complexities,1
experience,1
description,1
rigid,1
beneath,1
spending,1
significant,1
acute,1
geiger,1
fed,1
realm,1
gave,1
bigger,1
scrapping,1
policymakers,1
needed,1
policies,1
intelligible,1
officially,1
quartered,1
pleasant,1
framework,1
issues,1
ideas,1
concentrate,1
extraordinarily,1
burning,1
invaluable,1
takes,1
structures,1
prenticehall,1
briefer,1
think,1
mistake,1
hoc,1
thus,1
includes,1
accessible,1
level,1
villains,1
spells,1
partisan,1
kohler,1
reflect,1
however,1
office,1
surrounding,1
dependence,1
peculiar,1
surely,1
students,1
eras,1
internal,1
ultimately,1
until,1
author,1
paralyze,1
used,1
roger,1
inner,1
carve,1
received,1
interested,1
intractable,1
generate,1
pursue,1
assembly,1
wrill,1
loosely,1
charts,1
twentieth,1
directed,1
laboratories,1
conditions,1
manipulation,1
t,1
comprehensive,1
materials,1
national,1
stones,1
recognize,1
movies,1
doctor,1
finally,1
virtues,1
refinements,1
logic,1
crisis,1
provision,1
futures,1
moment,1
joined,1
general,1
defense,1
relations,1
grown,1
undirected,1
immediately,1
sense,1
popularly,1
delivered,1
afford,1
define,1
delineate,1
hard,1
field,1
hunter,1
manners,1
preservation,1
scandals,1
restore,1
realization,1
buildings,1
seemly,1
enlarges,1
philosophers,1
assured,1
am,1
partisanship,1
smudged,1
distinction,1
you,1
arena,1
colleagues,1
kept,1
hostels,1
limitations,1
ages,1
hold,1
accidentally,1
exclude,1
commentaries,1
decided,1
enliven,1
elements,1
developments,1
chant,1
imagination,1
ships,1
heat,1
pathbreaking,1
opposition,1
needs,1
began,1
depend,1
concerning,1
especially,1
ignore,1
supported,1
fatal,1
star,1
took,1
version,1
silly,1
formulators,1
trying,1
unpopular,1
dutifully,1
k,1
outbreaks,1
rest,1
beautifully,1
extraordinary,1
chastise,1
devices,1
disagreements,1
mystery,1
successors,1
c,1
rejection,1
supply,1
displayed,1
optimism,1
footnotes,1
enlightened,1
alliances,1
delights,1
confusing,1
create,1
committing,1
dark,1
visible,1
richness,1
comfortably,1
graves,1
entire,1
sin,1
contracts,1
peer,1
traditional,1
nobels,1
spite,1
dear,1
credentials,1
aborted,1
among,1
seriocomic,1
here,1
notes,1
connections,1
building,1
cliffs,1
celebrating,1
tolerance,1
built,1
inhabiting,1
key,1
competitive,1
compromise,1
isn,1
error,1
seemed,1
respected,1
him,1
