WORDCOUNTS,WEIGHT
the,95
of,53
and,46
in,42
labor,29
a,22
to,20
union,13
san,12
was,12
with,11
s,11
francisco,11
history,10
but,9
that,9
on,9
their,8
for,8
workers,8
is,7
by,7
strike,7
workingmen,7
they,6
unions,6
were,6
california,6
an,6
it,5
american,5
as,5
from,5
two,5
had,5
migrant,5
mills,5
carpenters,5
city,5
teamsters,5
into,4
tygiel,4
docks,4
council,4
america,4
woirol,4
tale,4
c,4
trades,4
laborers,4
building,4
at,3
he,3
bakken,3
not,3
university,3
itinerant,3
these,3
only,3
party,3
footnote,3
control,3
are,3
other,3
unionism,3
better,3
what,3
lockout,3
books,3
another,3
local,3
politics,3
question,3
so,3
floating,3
employers,3
unskilled,3
iww,3
power,2
mayor,2
market,2
army,2
life,2
class,2
kazin,2
united,2
solidarity,2
lives,2
tramping,2
pp,2
wages,2
decade,2
triumphant,2
organization,2
neither,2
index,2
laborer,2
just,2
too,2
hobo,2
also,2
business,2
frederick,2
all,2
organized,2
could,2
unorganized,2
found,2
break,2
far,2
scratching,2
reviews,2
whether,2
agricultural,2
east,2
lived,2
information,2
generally,2
used,2
work,2
election,2
both,2
bibliography,2
press,2
its,2
food,2
during,2
rotting,2
this,2
have,2
conditions,2
unionized,2
like,2
working,2
high,2
association,2
involved,2
research,2
tactics,2
era,2
capitalism,2
valley,2
than,2
notes,2
acknowledge,2
gordon,2
draying,1
aristocracy,1
farm,1
failed,1
threatened,1
f,1
cletus,1
opposed,1
interesting,1
currently,1
mostly,1
york,1
whose,1
publishing,1
no,1
without,1
protecting,1
provide,1
his,1
gather,1
chan,1
l,1
wrote,1
stood,1
h,1
maps,1
created,1
boycott,1
hill,1
vegetables,1
underclass,1
address,1
acknowledged,1
violence,1
resulted,1
college,1
homeless,1
lecompte,1
subsistence,1
apart,1
who,1
kept,1
introduction,1
unanswered,1
presently,1
vicki,1
pushed,1
fullerton,1
lasted,1
developers,1
similar,1
movement,1
roads,1
traveled,1
achievements,1
doom,1
contributions,1
often,1
illustrations,1
white,1
picked,1
achieve,1
practicing,1
frontier,1
ineffective,1
fields,1
mexican,1
support,1
months,1
has,1
send,1
dilution,1
struggle,1
nor,1
happened,1
occupies,1
candidate,1
under,1
western,1
sucheng,1
rode,1
dissipation,1
home,1
following,1
nineteenth,1
mary,1
xi,1
women,1
mario,1
different,1
department,1
reports,1
ask,1
undercover,1
t,1
sector,1
physical,1
rather,1
members,1
glimpse,1
more,1
successfully,1
matured,1
skill,1
interests,1
law,1
rung,1
lou,1
nob,1
locke,1
camp,1
decades,1
crippled,1
cut,1
over,1
put,1
lumber,1
refused,1
worked,1
conquest,1
many,1
hours,1
j,1
gregory,1
historiography,1
true,1
containing,1
fact,1
commission,1
historians,1
withdrew,1
capital,1
tradition,1
did,1
leaders,1
walked,1
vision,1
thumb,1
current,1
vicious,1
allied,1
worster,1
centers,1
enable,1
out,1
fruits,1
larger,1
government,1
job,1
new,1
obviously,1
john,1
how,1
end,1
state,1
worker,1
real,1
deserving,1
help,1
sierra,1
living,1
took,1
waterfront,1
further,1
raised,1
present,1
ground,1
irony,1
william,1
chinese,1
political,1
poverty,1
basics,1
heads,1
johns,1
carefully,1
daniel,1
racial,1
combined,1
unique,1
jobs,1
population,1
professors,1
michael,1
unemployment,1
see,1
tatters,1
can,1
troops,1
ahead,1
maintain,1
hoped,1
seasonal,1
perhaps,1
firmly,1
opposition,1
dream,1
advice,1
streets,1
shifts,1
hopkins,1
while,1
scapegoat,1
day,1
valleys,1
convenient,1
distinguishes,1
reacting,1
cronon,1
monkkonen,1
biting,1
struggling,1
packing,1
emphasis,1
possible,1
e,1
r,1
closed,1
urban,1
gains,1
hungry,1
industrial,1
remember,1
move,1
richard,1
investigator,1
crushed,1
represented,1
recognition,1
west,1
defied,1
ill,1
brought,1
peace,1
except,1
through,1
despite,1
owners,1
knowledge,1
looking,1
bottom,1
gender,1
ring,1
teamster,1
marginalized,1
went,1
barons,1
established,1
persisted,1
fail,1
virtually,1
substantially,1
stole,1
families,1
garland,1
ruiz,1
isolated,1
questions,1
central,1
engaged,1
nothing,1
our,1
housing,1
eric,1
focuses,1
office,1
stopping,1
xviii,1
tramp,1
monopoly,1
won,1
status,1
urbana,1
donald,1
charts,1
against,1
illinois,1
twentieth,1
authors,1
sacramento,1
shop,1
profession,1
author,1
proletariat,1
health,1
told,1
evils,1
janet,1
course,1
cannery,1
rails,1
keep,1
started,1
hard,1
need,1
spread,1
unified,1
media,1
century,1
prosperity,1
off,1
progressive,1
factories,1
distinct,1
late,1
toiled,1
repeated,1
why,1
roofs,1
june,1
back,1
potential,1
pioneering,1
between,1
eyes,1
temporary,1
industry,1
houses,1
votes,1
craft,1
become,1
narrow,1
sight,1
capitulation,1
sectors,1
garcia,1
joaquin,1
despair,1
be,1
create,1
early,1
when,1
views,1
farmworkers,1
up,1
even,1
student,1
given,1
scab,1
morris,1
world,1
we,1
cycle,1
connections,1
slept,1
leadership,1
governor,1
posing,1
should,1
general,1
cooperative,1
provided,1
informed,1
hope,1
jules,1
influence,1
immigration,1
race,1
stanley,1
summer,1
fortifying,1
separate,1
jungles,1
battles,1
