WORDCOUNTS,WEIGHT
the,355
of,158
and,150
in,125
to,92
a,85
that,50
s,44
as,42
brenner,40
for,35
on,33
new,31
merchants,31
with,29
revolution,28
english,27
war,27
was,26
london,26
thomson,26
is,23
civil,22
by,21
but,19
he,18
has,17
colonial,17
it,16
from,16
social,16
world,16
his,15
had,15
company,15
work,14
city,14
commercial,14
an,14
parliament,14
study,13
maurice,13
political,13
or,12
they,11
american,11
religious,11
trade,11
between,11
their,10
not,10
history,10
england,10
politics,10
merchant,10
established,9
made,9
were,9
have,9
russell,9
no,8
one,8
more,8
state,8
atlantic,8
east,8
well,8
commerce,8
through,8
leadership,8
role,7
century,7
if,7
who,7
most,7
indies,7
causes,7
thus,7
this,7
trading,7
be,7
early,7
been,6
about,6
interpretation,6
parliamentary,6
efforts,6
could,6
clemens,6
particular,6
feudal,6
because,6
crown,6
classes,6
traders,6
turn,6
when,6
much,6
at,5
how,5
both,5
opposition,5
settlement,5
allies,5
into,5
policy,5
monarch,5
questions,5
many,5
other,5
pym,5
p,5
what,5
reviews,5
rebellion,5
ventures,5
virginia,5
dutch,5
part,5
its,5
significant,5
first,5
such,5
development,5
own,5
tobacco,5
postscript,5
charles,5
than,5
major,5
whose,4
career,4
began,4
group,4
pp,4
colonizing,4
university,4
religion,4
virtually,4
india,4
these,4
two,4
powerful,4
power,4
revisionists,4
are,4
december,4
longer,4
puritan,4
out,4
government,4
created,4
chesapeake,4
there,4
economy,4
empire,4
seventeenth,4
companies,4
see,4
can,4
while,4
landed,4
those,4
some,4
brought,4
example,4
island,4
which,4
monopoly,4
exports,4
against,4
involved,4
small,4
class,4
ship,4
trades,4
up,4
recent,4
now,3
revisionist,3
may,3
demand,3
growth,3
rights,3
argues,3
e,3
detailed,3
movement,3
center,3
scholarship,3
support,3
us,3
western,3
any,3
culture,3
same,3
only,3
long,3
creation,3
also,3
interests,3
book,3
capitalist,3
control,3
economic,3
did,3
leading,3
effort,3
radical,3
conrad,3
turned,3
robert,3
bailyn,3
somewhat,3
kingdoms,3
colony,3
books,3
problem,3
king,3
mass,3
cloth,3
port,3
secured,3
shopkeepers,3
powers,3
imports,3
point,3
dependent,3
might,3
again,3
press,3
debates,3
place,3
conflict,3
chartered,3
question,3
overseas,3
open,3
challenging,3
change,3
david,3
like,3
would,3
so,3
stage,3
played,3
militant,3
late,3
bay,3
back,3
multiple,3
left,3
debate,3
traditional,3
among,3
french,3
customs,3
society,3
bernard,2
threatened,2
led,2
relationship,2
aristocracy,2
done,2
provisioning,2
m,2
raise,2
provide,2
later,2
foreign,2
launch,2
rather,2
army,2
natural,2
community,2
coercive,2
h,2
after,2
initially,2
structural,2
analysis,2
linkages,2
yet,2
makes,2
builds,2
under,2
door,2
clash,2
protection,2
claims,2
commonwealth,2
literally,2
princeton,2
begins,2
bridges,2
fact,2
origins,2
raids,2
constituency,2
bedford,2
text,2
paul,2
dissertation,2
set,2
helped,2
years,2
quickly,2
oppositionists,2
attempt,2
over,2
appear,2
continental,2
colonization,2
kent,2
j,2
historiography,2
different,2
nobility,2
shaped,2
connection,2
key,2
europe,2
together,2
half,2
all,2
then,2
aristocratic,2
narrative,2
particularly,2
clearly,2
events,2
far,2
court,2
providence,2
underdown,2
arguably,2
c,2
base,2
william,2
remarkable,2
cultural,2
purposes,2
recently,2
side,2
perhaps,2
directly,2
exceptions,2
money,2
number,2
wood,2
briefly,2
ties,2
split,2
design,2
captains,2
almost,2
another,2
having,2
generally,2
conjunction,2
understanding,2
offices,2
popular,2
already,2
john,2
lords,2
broad,2
west,2
radicals,2
mere,2
revolutions,2
settlements,2
still,2
himself,2
realm,2
independents,2
categories,2
focus,2
during,2
privileges,2
families,2
challenges,2
ideas,2
including,2
personal,2
focuses,2
married,2
thread,2
moderate,2
radicalism,2
citing,2
patrimonial,2
national,2
g,2
d,2
ireland,2
crisis,2
calvinist,2
relatively,2
ashton,2
caused,2
caribbean,2
high,2
rump,2
sacks,2
catholic,2
gentry,2
contrast,2
earlier,2
interloping,2
quite,2
primary,2
provides,2
monarchy,2
craven,2
pearl,2
trying,2
divisions,2
become,2
themselves,2
massachusetts,2
interpretations,2
ascendancy,2
negotiate,2
impossible,2
alliances,2
bristol,2
brown,2
working,2
obscure,2
northern,2
we,2
fall,2
stone,2
general,2
built,2
organized,2
gordon,2
newton,2
nations,1
tortured,1
provisioned,1
model,1
final,1
transforming,1
resolve,1
seems,1
european,1
carried,1
will,1
parish,1
embarked,1
go,1
does,1
accepting,1
steps,1
opposed,1
aspirations,1
quoting,1
written,1
currently,1
fueled,1
second,1
sons,1
fundamental,1
struggle,1
minor,1
beyond,1
without,1
protecting,1
various,1
taken,1
way,1
independent,1
bringing,1
structure,1
avoiding,1
protests,1
thrust,1
desires,1
links,1
bring,1
crucial,1
middling,1
identified,1
five,1
probably,1
names,1
groups,1
across,1
modern,1
magisterial,1
vision,1
elborg,1
plays,1
opponent,1
scholar,1
faced,1
rule,1
turns,1
claimed,1
paths,1
limited,1
privateering,1
peaceful,1
play,1
proper,1
decades,1
widening,1
others,1
stripped,1
tide,1
violence,1
forward,1
prospered,1
order,1
islands,1
violent,1
revenues,1
primarily,1
substitution,1
revisionism,1
red,1
lasting,1
attempted,1
demonstrates,1
preachers,1
building,1
transformed,1
navigation,1
reconstruction,1
introduction,1
determining,1
compensated,1
risk,1
reidentifying,1
effectively,1
pacification,1
lawrence,1
experiences,1
contribution,1
connect,1
grew,1
backdrop,1
likewise,1
prosopographical,1
discredit,1
terms,1
parts,1
enduring,1
benjamin,1
hold,1
dialogue,1
why,1
settled,1
race,1
special,1
powerfully,1
commercially,1
earl,1
aldermanic,1
worked,1
govern,1
anchor,1
frank,1
once,1
consequences,1
remind,1
factors,1
interpretive,1
risks,1
uniquely,1
moves,1
fields,1
centuries,1
constrain,1
reference,1
hugh,1
leveller,1
coalition,1
rising,1
itself,1
understand,1
trans,1
canada,1
brunswick,1
suited,1
read,1
accident,1
kupperman,1
landholders,1
ordahl,1
partnership,1
offensive,1
serve,1
conciliation,1
empowering,1
continuity,1
clergy,1
freeing,1
pepper,1
parishes,1
decade,1
tensions,1
skeleton,1
addressed,1
detail,1
carve,1
campaign,1
sorts,1
menard,1
differentiated,1
royal,1
necessarily,1
critical,1
descent,1
presents,1
protestantism,1
laid,1
wars,1
pacify,1
errand,1
home,1
morgan,1
exercised,1
disappointment,1
property,1
branch,1
eventually,1
summary,1
wealth,1
light,1
before,1
clark,1
historian,1
growing,1
shifting,1
n,1
calling,1
impact,1
reexamination,1
plantations,1
traces,1
every,1
mary,1
articulated,1
jersey,1
conclusion,1
wisconsin,1
argued,1
indian,1
infused,1
impoverished,1
silk,1
incorporated,1
philpin,1
organize,1
assaults,1
must,1
provocative,1
engaging,1
prosperous,1
establish,1
department,1
simply,1
lined,1
ph,1
syndicate,1
economically,1
controlled,1
partnerships,1
rise,1
cast,1
olive,1
mid,1
statement,1
upon,1
genesis,1
t,1
avoided,1
explaining,1
hertfordshire,1
willingness,1
continued,1
imperial,1
declining,1
physical,1
masses,1
specific,1
investors,1
quotes,1
probe,1
routes,1
diary,1
surge,1
commission,1
starting,1
leader,1
problems,1
sided,1
name,1
puts,1
aristocrats,1
structures,1
belief,1
challenge,1
required,1
evidence,1
important,1
isaac,1
wrest,1
planting,1
defining,1
berkeley,1
protestant,1
painfully,1
edmund,1
intellectually,1
admonition,1
similarly,1
intellectual,1
partner,1
extant,1
engaged,1
epilogue,1
thinks,1
advanced,1
attempting,1
contention,1
active,1
opening,1
scots,1
parallel,1
troubling,1
uses,1
speaks,1
closely,1
root,1
aspect,1
tax,1
jostled,1
monopolized,1
rivals,1
participants,1
genocidal,1
blocks,1
path,1
coincidence,1
questioned,1
agenda,1
gone,1
bourgeoisie,1
capital,1
valerie,1
very,1
ubiquitous,1
areas,1
agrarian,1
down,1
cumulative,1
our,1
wesley,1
revenue,1
mattered,1
found,1
utilizing,1
argue,1
great,1
merging,1
careers,1
right,1
inept,1
fortunes,1
reform,1
regulation,1
allied,1
outbreak,1
inquiry,1
choice,1
respectful,1
temperamentally,1
brothers,1
tucker,1
stretching,1
deal,1
scotland,1
respectfully,1
associates,1
ocean,1
hundred,1
generalizations,1
pass,1
asserting,1
jettisoned,1
know,1
scene,1
within,1
take,1
real,1
configuration,1
politicized,1
i,1
restore,1
ambivalent,1
past,1
dissents,1
xx,1
rural,1
passage,1
coherently,1
import,1
puzzle,1
traditionally,1
ruler,1
last,1
plantation,1
lead,1
concrete,1
outside,1
centrality,1
further,1
stand,1
following,1
drove,1
vassall,1
outlook,1
spain,1
ground,1
born,1
equal,1
lucrative,1
virtual,1
nobles,1
focused,1
published,1
where,1
antispanish,1
twenty,1
adventurers,1
behind,1
johns,1
jennings,1
developing,1
dissolved,1
investigation,1
drives,1
tell,1
concedes,1
shared,1
papers,1
them,1
smallpox,1
population,1
whimper,1
refers,1
marched,1
system,1
malaise,1
accounts,1
today,1
council,1
served,1
independently,1
constitutional,1
moderates,1
takes,1
material,1
thirty,1
record,1
covers,1
agricultural,1
passed,1
harris,1
francois,1
absolute,1
explain,1
approached,1
vigorously,1
eds,1
dedicated,1
levant,1
historians,1
colonies,1
acknowledgments,1
venerable,1
died,1
instructive,1
exploiting,1
hopkins,1
free,1
foundations,1
expressions,1
america,1
agriculture,1
constitutionally,1
thoroughly,1
aspects,1
divide,1
break,1
studied,1
interpreting,1
balance,1
imagine,1
account,1
grouping,1
demands,1
stitch,1
suggests,1
reorganization,1
private,1
notbeen,1
greatest,1
enforcement,1
proves,1
oil,1
opened,1
whom,1
presbyterian,1
coherent,1
session,1
encounter,1
intent,1
initial,1
birth,1
restrictions,1
temperamental,1
prove,1
bermuda,1
colonizers,1
eighteenth,1
carry,1
possible,1
reader,1
represented,1
entire,1
r,1
diss,1
floundered,1
apart,1
trader,1
prerogative,1
doubtful,1
collection,1
domination,1
redundant,1
decisive,1
international,1
ideologically,1
familial,1
goods,1
british,1
joining,1
depended,1
unpredictable,1
ultimately,1
charts,1
stagnant,1
end,1
irish,1
positions,1
looked,1
transition,1
restructuring,1
economies,1
targets,1
rigid,1
gender,1
kathleen,1
drops,1
stake,1
measure,1
extended,1
engage,1
reconstructs,1
warfare,1
francis,1
behavior,1
describes,1
ranks,1
incorporation,1
beginnings,1
imagined,1
allows,1
sequence,1
karen,1
engulfed,1
diverged,1
linked,1
goals,1
surpass,1
participated,1
coming,1
reexamines,1
story,1
furet,1
resolved,1
tumultuous,1
transported,1
trust,1
locate,1
campus,1
worsley,1
away,1
collapse,1
write,1
revel,1
peculiar,1
employed,1
tied,1
relationships,1
until,1
described,1
argument,1
won,1
lists,1
connections,1
nonseparating,1
inevitable,1
trusted,1
crises,1
meanings,1
volunteer,1
clear,1
quietly,1
riot,1
polity,1
functions,1
strongest,1
three,1
andrews,1
directed,1
numerous,1
ofnew,1
absorb,1
stakes,1
samuel,1
charge,1
interest,1
forster,1
told,1
quarterly,1
peter,1
completed,1
substituted,1
never,1
ability,1
course,1
offer,1
moment,1
individual,1
gate,1
interpret,1
shopkeeper,1
consumer,1
allowed,1
southern,1
wonders,1
collaboration,1
fulfilled,1
works,1
summer,1
plant,1
shaping,1
pay,1
rooted,1
simultaneously,1
direction,1
congregationalists,1
allegiances,1
next,1
politically,1
ended,1
playing,1
forming,1
kept,1
mediterranean,1
rutgers,1
black,1
cases,1
captain,1
craddock,1
arbitrary,1
currants,1
invasion,1
distinct,1
elements,1
nor,1
old,1
speculative,1
around,1
family,1
life,1
legacy,1
perspective,1
virginian,1
several,1
spanish,1
artisans,1
hundreds,1
upstart,1
especially,1
portray,1
dismantle,1
article,1
marriage,1
artisan,1
pioneering,1
taking,1
undone,1
response,1
serving,1
slave,1
doubts,1
psychological,1
acts,1
difficulty,1
meaning,1
civic,1
regularity,1
presbyterians,1
sight,1
respond,1
convinces,1
third,1
precisely,1
petitions,1
except,1
era,1
excluded,1
compare,1
profit,1
heightened,1
fully,1
managed,1
prerogatives,1
orthodox,1
royalists,1
men,1
drawn,1
capitalism,1
changed,1
aggressively,1
white,1
little,1
posed,1
productivity,1
raised,1
swimming,1
eldest,1
critique,1
puritans,1
impositions,1
strong,1
apparently,1
citizen,1
whenever,1
roots,1
resist,1
came,1
conducts,1
throughout,1
should,1
beholden,1
ago,1
richly,1
conceded,1
daughter,1
attention,1
sisters,1
assada,1
unified,1
activities,1
loans,1
cites,1
capturing,1
scholarly,1
stagnate,1
separate,1
bang,1
references,1
