WORDCOUNTS,WEIGHT
the,197
and,121
of,105
in,83
to,70
a,62
as,30
it,29
that,29
conservation,24
s,24
history,23
on,22
he,21
they,21
with,20
for,20
environmental,18
but,18
by,18
nature,18
jacoby,16
is,15
not,15
state,14
at,13
their,13
p,13
were,13
an,12
was,11
social,11
new,11
ways,10
from,10
rural,10
one,9
had,9
people,9
which,9
be,9
american,8
often,8
park,8
local,8
work,8
who,8
this,8
adirondacks,7
poachers,7
tribe,7
land,7
up,7
complex,6
pristine,6
or,6
also,6
stories,6
could,6
conservationists,6
out,6
regulations,6
resources,6
its,6
has,6
poaching,6
against,6
national,6
boundaries,6
way,5
his,5
dunlap,5
life,5
just,5
havasupai,5
more,5
book,5
power,5
might,5
into,5
did,5
other,5
locals,5
simple,5
historical,5
historians,5
america,5
well,5
another,5
through,5
whites,5
complicating,5
own,5
have,5
crimes,5
problems,5
between,5
story,5
among,5
than,5
evidence,5
society,5
community,4
crossing,4
large,4
class,4
about,4
then,4
are,4
first,4
set,4
game,4
population,4
yellowstone,4
these,4
reserve,4
tale,4
indians,4
timber,4
review,4
victory,4
like,4
federal,4
area,4
standard,4
around,4
methods,4
when,4
even,4
we,4
moving,3
topic,3
york,3
science,3
how,3
make,3
study,3
myth,3
use,3
rules,3
americans,3
university,3
authorities,3
culture,3
indian,3
too,3
grand,3
most,3
canyon,3
only,3
beyond,3
thieves,3
here,3
established,3
faced,3
toward,3
natural,3
been,3
producerist,3
adirondack,3
different,3
government,3
there,3
experts,3
ground,3
though,3
wage,3
reviews,3
them,3
case,3
fish,3
theory,3
some,3
used,3
wilderness,3
made,3
poached,3
richard,3
labor,3
questions,3
destruction,3
quality,3
squatters,3
written,3
taking,3
relation,3
customary,3
scott,3
white,3
those,3
justice,3
hunt,3
what,2
situation,2
saw,2
common,2
independent,2
important,2
managers,2
if,2
managing,2
outsiders,2
vision,2
developed,2
service,2
program,2
market,2
albany,2
rather,2
goes,2
bears,2
group,2
replaced,2
formed,2
relied,2
studies,2
pp,2
read,2
environment,2
modern,2
seeing,2
key,2
management,2
under,2
same,2
field,2
circumstances,2
two,2
policy,2
members,2
useful,2
left,2
dichotomies,2
realizing,2
plateau,2
worked,2
each,2
many,2
result,2
december,2
uses,2
agenda,2
scholars,2
manliness,2
found,2
desire,2
time,2
kate,2
particularly,2
clearly,2
process,2
associations,2
living,2
markets,2
never,2
turned,2
present,2
nineteenth,2
within,2
carefully,2
recently,2
worthwhile,2
professors,2
less,2
larger,2
takes,2
practice,2
feb,2
books,2
always,2
allocate,2
wants,2
ecology,2
property,2
resident,2
probing,2
r,2
marked,2
reveals,2
examples,2
both,2
industrial,2
press,2
became,2
end,2
conventional,2
restricting,2
place,2
began,2
much,2
relies,2
central,2
daring,2
interested,2
includes,2
environmentalism,2
such,2
since,2
reality,2
hidden,2
finally,2
subtle,2
movement,2
times,2
allowed,2
would,2
so,2
plant,2
order,2
exercise,2
anyone,2
cases,2
measure,2
heart,2
thomas,2
involved,2
perspective,2
concept,2
research,2
texas,2
wise,2
single,2
can,2
early,2
capitalism,2
cattle,2
dividing,2
roots,2
notes,2
caution,2
political,2
regimes,2
attention,2
law,2
laws,2
brown,2
avoid,2
limiting,1
survived,1
model,1
distribution,1
transforming,1
frequent,1
dealing,1
researched,1
frontier,1
aim,1
abiding,1
rights,1
go,1
late,1
bedrock,1
poor,1
now,1
where,1
tasks,1
interesting,1
led,1
interviewing,1
role,1
business,1
countryside,1
whose,1
wards,1
pacific,1
agitation,1
raise,1
matter,1
no,1
costs,1
supernatural,1
taken,1
act,1
ambivalence,1
english,1
reproduce,1
gather,1
unusual,1
populations,1
johns,1
erase,1
yet,1
dug,1
main,1
groups,1
centered,1
short,1
longsettled,1
watch,1
created,1
remain,1
bound,1
slaughter,1
resisted,1
gathering,1
headlines,1
reasonable,1
basic,1
rough,1
various,1
ties,1
square,1
administered,1
return,1
extreme,1
classic,1
discard,1
college,1
nearly,1
primarily,1
nexus,1
opposed,1
subsistence,1
watching,1
knew,1
excluding,1
assure,1
prove,1
building,1
transformed,1
mailbox,1
eliminated,1
outline,1
strongly,1
still,1
considerably,1
itself,1
starts,1
force,1
notably,1
ecological,1
associate,1
subservience,1
passing,1
transformation,1
humans,1
grew,1
certain,1
told,1
highlights,1
jobs,1
touched,1
saved,1
adapted,1
authoritarian,1
literacy,1
agency,1
construction,1
journal,1
essays,1
designed,1
primeval,1
united,1
hope,1
join,1
once,1
surprising,1
see,1
authority,1
shooting,1
addressing,1
guides,1
fields,1
support,1
centuries,1
commodities,1
violence,1
means,1
reason,1
modified,1
arrangements,1
bosses,1
wake,1
treaty,1
canada,1
mirror,1
struggle,1
thought,1
predict,1
wages,1
forest,1
meant,1
wanted,1
dispossess,1
stable,1
joseph,1
source,1
consider,1
ranges,1
matters,1
founders,1
disastrous,1
us,1
published,1
talking,1
index,1
imposing,1
catfish,1
doing,1
laborer,1
image,1
presents,1
neglected,1
seriously,1
operated,1
sensitive,1
contributions,1
tells,1
thinking,1
perspectives,1
before,1
delight,1
days,1
arrived,1
barrel,1
impact,1
inventory,1
attuned,1
arrest,1
several,1
threat,1
practices,1
solid,1
already,1
turning,1
rescued,1
ideals,1
kettle,1
test,1
agents,1
struck,1
democratic,1
commented,1
being,1
said,1
fact,1
warns,1
followed,1
lot,1
else,1
fairly,1
picture,1
tourism,1
aha,1
earning,1
determinationthough,1
bed,1
regime,1
notions,1
vacant,1
sources,1
wrong,1
collusion,1
prolific,1
discipline,1
destroying,1
peoples,1
certainly,1
apportioned,1
critiques,1
meat,1
avoiding,1
solve,1
destructive,1
belief,1
founding,1
theories,1
runs,1
chaos,1
exploration,1
fell,1
fiege,1
irrigated,1
milieu,1
trained,1
berkeley,1
approaching,1
pointed,1
stands,1
myths,1
refusal,1
deserves,1
generated,1
trying,1
wardens,1
backed,1
colonization,1
control,1
rational,1
dreams,1
routine,1
water,1
comparison,1
excellent,1
upstate,1
troubling,1
closely,1
my,1
worth,1
came,1
based,1
shows,1
possibilities,1
salmon,1
reinvention,1
entities,1
religious,1
treatment,1
arrival,1
abandoning,1
naturalize,1
industry,1
benevolent,1
split,1
societies,1
lives,1
advantage,1
medicine,1
tandem,1
across,1
stay,1
expense,1
great,1
ought,1
generations,1
typical,1
exclusion,1
access,1
indeed,1
returns,1
mapping,1
agaist,1
relating,1
rich,1
lived,1
nd,1
aesthetic,1
compliance,1
judd,1
identity,1
richer,1
maps,1
generalizations,1
production,1
far,1
court,1
getting,1
any,1
variation,1
warren,1
take,1
listing,1
considerable,1
i,1
alignment,1
help,1
past,1
crucial,1
louis,1
damage,1
modernity,1
zealand,1
m,1
big,1
grass,1
destroyed,1
readers,1
outside,1
took,1
applying,1
drinking,1
consciously,1
pure,1
do,1
concepts,1
raised,1
foresters,1
caucusing,1
chain,1
elks,1
informed,1
outlines,1
reading,1
right,1
war,1
relations,1
intelligence,1
will,1
informal,1
bore,1
tools,1
appears,1
karl,1
rockies,1
answer,1
ones,1
making,1
growing,1
rebellion,1
pursue,1
issue,1
particular,1
character,1
occasional,1
shape,1
governmental,1
however,1
covers,1
attitudes,1
seasonal,1
passed,1
tension,1
kazakhstan,1
protective,1
chronologically,1
native,1
required,1
find,1
problem,1
east,1
public,1
money,1
gained,1
hopkins,1
while,1
unchecked,1
wood,1
objectives,1
killed,1
healthy,1
bureaucratic,1
pursued,1
artifact,1
parts,1
addresses,1
undermined,1
stance,1
texans,1
changed,1
xix,1
producers,1
custom,1
years,1
chapter,1
influenced,1
account,1
conversation,1
unions,1
understanding,1
casual,1
categories,1
divided,1
sale,1
background,1
bibliography,1
army,1
closer,1
insight,1
vote,1
rid,1
true,1
careful,1
claim,1
desert,1
onto,1
code,1
logical,1
formal,1
region,1
brought,1
reported,1
little,1
point,1
affecting,1
regards,1
uniform,1
purpose,1
timely,1
city,1
establishment,1
despite,1
knowledge,1
apparent,1
dynamic,1
actors,1
negotiation,1
easy,1
enforcing,1
done,1
interlocking,1
turns,1
subject,1
tried,1
criticized,1
impose,1
cash,1
analyzing,1
controls,1
got,1
ignorant,1
oah,1
introduction,1
territory,1
loss,1
whole,1
measurement,1
illusion,1
food,1
gave,1
programs,1
says,1
station,1
tied,1
during,1
lands,1
obscured,1
elk,1
issues,1
morality,1
phenomenon,1
technological,1
world,1
maintained,1
aside,1
tackles,1
expertise,1
mentality,1
divide,1
invoked,1
irredeemably,1
conflict,1
eden,1
thus,1
andrew,1
drive,1
our,1
solidly,1
frame,1
organs,1
full,1
raising,1
sees,1
states,1
ends,1
dependence,1
newspaper,1
employed,1
california,1
students,1
relationships,1
southwestern,1
tell,1
powerful,1
survival,1
manage,1
charge,1
argument,1
rejected,1
bison,1
trade,1
difference,1
ignored,1
booths,1
run,1
professor,1
functions,1
three,1
moral,1
twentieth,1
importance,1
tables,1
hinged,1
washington,1
points,1
sustain,1
preceded,1
change,1
dozen,1
defeat,1
ability,1
rationalized,1
discussing,1
embrace,1
legacy,1
least,1
instead,1
decorations,1
pride,1
australia,1
successful,1
interpret,1
facet,1
geographically,1
hunter,1
current,1
physical,1
files,1
him,1
responses,1
pay,1
problembringing,1
high,1
phone,1
canines,1
century,1
expected,1
montana,1
sports,1
fools,1
plants,1
generation,1
piece,1
harbored,1
finesse,1
guided,1
imposition,1
after,1
biologists,1
turn,1
discourse,1
emphasizes,1
owned,1
distinct,1
elements,1
old,1
ongoing,1
forms,1
classification,1
repeated,1
why,1
gets,1
fees,1
remember,1
moved,1
diaspora,1
conclusions,1
treats,1
supported,1
replacing,1
few,1
include,1
migration,1
mark,1
article,1
construct,1
replace,1
allocating,1
pioneering,1
removed,1
best,1
chose,1
response,1
newspapers,1
inclusion,1
human,1
themselves,1
allowing,1
fire,1
noted,1
choosing,1
isenberg,1
distinguished,1
played,1
usual,1
supply,1
unoccupied,1
succeeded,1
declares,1
misleading,1
degradation,1
illustrations,1
rhythm,1
pleased,1
gridded,1
women,1
romanticizing,1
james,1
hard,1
progress,1
working,1
majority,1
memoir,1
dependent,1
interaction,1
electrocuting,1
equivalent,1
look,1
traditional,1
resistance,1
proper,1
describes,1
paid,1
using,1
conventions,1
marks,1
need,1
mature,1
apparently,1
crack,1
taylor,1
north,1
recent,1
fallacies,1
responsibility,1
civil,1
develop,1
folk,1
provided,1
hardly,1
deer,1
compromise,1
customs,1
rationalizing,1
examines,1
seemed,1
fostered,1
anglo,1
selected,1
