WORDCOUNTS,WEIGHT
the,239
of,138
and,102
to,71
in,64
a,51
field,43
as,32
s,32
their,30
that,29
with,22
for,20
his,19
from,18
by,18
massachusetts,18
like,17
boston,16
staloff,16
he,15
history,15
order,15
who,14
class,14
ministers,14
standing,13
church,13
not,13
had,13
new,13
were,13
an,13
they,12
liberal,12
other,12
intellectuals,12
on,12
is,11
clergy,11
p,11
american,10
thinking,10
social,10
at,9
about,9
or,9
clergymen,9
intellectual,9
cultural,9
authority,8
was,8
culture,8
more,8
england,8
liberals,8
high,8
first,7
power,7
work,7
which,7
be,7
than,7
congregational,6
religious,6
study,6
but,6
these,6
also,6
puritan,6
what,6
elite,6
would,6
morse,6
orthodox,6
describes,6
parish,5
how,5
federalism,5
analysis,5
congregationalism,5
literary,5
over,5
book,5
theological,5
some,5
two,5
grasso,5
have,5
after,5
between,5
society,5
it,4
led,4
no,4
christian,4
fall,4
ways,4
university,4
political,4
pew,4
griffin,4
mentions,4
communicants,4
control,4
parishioners,4
intelligentsia,4
concludes,4
do,4
william,4
though,4
reviews,4
them,4
public,4
while,4
because,4
churches,4
upon,4
clerical,4
its,4
much,4
brahmins,4
merchants,4
status,4
this,4
interest,4
so,4
revolution,4
state,4
when,4
press,3
second,3
darren,3
brethren,3
ideology,3
still,3
group,3
discourse,3
support,3
approaches,3
jonathan,3
marcus,3
pp,3
case,3
calvinism,3
seems,3
tax,3
property,3
mary,3
wright,3
love,3
learned,3
funding,3
interests,3
toward,3
dedham,3
calvinist,3
all,3
monthly,3
genteel,3
cultures,3
are,3
parties,3
different,3
december,3
did,3
materialist,3
theologically,3
conservative,3
anne,3
sermons,3
forms,3
rose,3
less,3
see,3
wealth,3
however,3
conservatives,3
politics,3
both,3
through,3
became,3
use,3
ideas,3
away,3
anthology,3
such,3
own,3
institutional,3
crisis,3
disestablishment,3
sense,3
conrad,3
assessment,3
turn,3
congregations,3
needs,3
article,3
c,3
recent,3
brahmin,3
quarterly,3
pastor,3
unitarian,3
rentals,2
revivalism,2
enough,2
will,2
kaplan,2
role,2
century,2
rather,2
concerned,2
institutions,2
within,2
groups,2
corporate,2
program,2
truth,2
basic,2
does,2
thinkers,2
movement,2
large,2
life,2
parker,2
relationship,2
teresa,2
portrayed,2
studies,2
happened,2
wanted,2
god,2
magistrates,2
familiar,2
unlike,2
then,2
tells,2
producers,2
readers,2
age,2
most,2
rise,2
powerful,2
beyond,2
party,2
members,2
codman,2
unitarianism,2
pious,2
sassi,2
stronger,2
important,2
know,2
preach,2
constitution,2
principle,2
many,2
efforts,2
share,2
company,2
lawyers,2
historians,2
preserve,2
could,2
if,2
bourgeoisie,2
together,2
any,2
called,2
reform,2
emotion,2
out,2
wealthier,2
john,2
religion,2
dorcester,2
wealthy,2
there,2
last,2
mind,2
further,2
trouble,2
following,2
secular,2
concedes,2
symbols,2
form,2
system,2
making,2
pastors,2
evangelical,2
toulouse,2
controversy,2
save,2
pews,2
receive,2
constitutional,2
almost,2
another,2
understanding,2
art,2
discussion,2
trinitarian,2
alliance,2
writers,2
true,2
prophesying,2
story,2
despite,2
example,2
moral,2
entirely,2
has,2
styles,2
nothing,2
continue,2
personal,2
full,2
sees,2
collapse,2
responded,2
decision,2
argues,2
provoked,2
against,2
write,2
catherine,2
author,2
finally,2
peter,2
christopher,2
him,2
congregationalists,2
you,2
unity,2
quite,2
theorists,2
sociability,2
especially,2
took,2
difficulty,2
connecticut,2
themselves,2
decline,2
left,2
early,2
up,2
contending,2
why,2
we,2
nation,2
general,2
crossroads,1
gentility,1
genesis,1
critics,1
resolve,1
south,1
tea,1
bernard,1
presbyterianism,1
rights,1
reading,1
battle,1
sophomores,1
refused,1
late,1
defended,1
ideals,1
fraternal,1
mostly,1
aristocracy,1
off,1
done,1
creedal,1
may,1
infringing,1
whose,1
deny,1
back,1
seceding,1
hegemony,1
protest,1
minimizes,1
common,1
estimated,1
continued,1
science,1
letters,1
movements,1
purge,1
sometimes,1
bring,1
penetrating,1
seminary,1
amherst,1
wendell,1
short,1
essence,1
adds,1
created,1
commitment,1
ready,1
encouraged,1
hill,1
sort,1
represent,1
schemes,1
description,1
motivated,1
reconsidered,1
tide,1
extend,1
colleagues,1
selfinterest,1
moralism,1
brief,1
college,1
struggled,1
legitimate,1
patronage,1
undermining,1
notion,1
calculation,1
smaller,1
poor,1
utterances,1
reason,1
politicians,1
alone,1
community,1
seen,1
transformed,1
poorer,1
view,1
fales,1
reconstruction,1
yale,1
pressing,1
make,1
saints,1
domination,1
supplement,1
salaries,1
railed,1
beneath,1
transformation,1
collapsed,1
literati,1
replaced,1
comprised,1
easily,1
denied,1
kinds,1
envision,1
calvinists,1
essays,1
lay,1
cozied,1
puritans,1
infidelity,1
compete,1
word,1
surprising,1
space,1
live,1
miscellaneous,1
provides,1
holmes,1
diverging,1
interpretation,1
centuries,1
itself,1
actions,1
understand,1
remains,1
federalist,1
nor,1
alongside,1
withdrawing,1
mud,1
park,1
rigorous,1
joseph,1
combining,1
meant,1
former,1
tied,1
consider,1
motive,1
coterie,1
possibly,1
dowling,1
isaac,1
us,1
claims,1
accrued,1
occupational,1
index,1
jeffersonian,1
exchange,1
title,1
sociological,1
occurred,1
denominationalism,1
curious,1
communion,1
subset,1
creed,1
light,1
before,1
detailing,1
days,1
growing,1
accomplishments,1
spirit,1
idealist,1
nineteenth,1
elbowed,1
stressed,1
traces,1
reconstituted,1
comes,1
ed,1
conclusion,1
covenant,1
uplifting,1
broad,1
chief,1
formally,1
ethic,1
too,1
incorporated,1
character,1
xi,1
townspeople,1
mercantile,1
responsibility,1
provocative,1
founded,1
sociohistorical,1
department,1
experience,1
combat,1
begins,1
ph,1
increasingly,1
speaking,1
only,1
voluntarism,1
preacher,1
statement,1
transatlantic,1
explaining,1
provision,1
bow,1
declining,1
rival,1
defines,1
sources,1
charter,1
membership,1
quahogs,1
expertise,1
street,1
long,1
embraced,1
provide,1
shepherds,1
lose,1
worries,1
appealing,1
discussions,1
portrays,1
sustained,1
questions,1
yes,1
mouthpieces,1
attacks,1
exclusive,1
writes,1
reactive,1
belief,1
stories,1
dwight,1
longer,1
replace,1
concentrated,1
might,1
others,1
drawing,1
attempt,1
bigots,1
similarly,1
commanded,1
disappeared,1
ministerial,1
flat,1
into,1
projects,1
swords,1
contention,1
adherence,1
affiliations,1
presidency,1
disinterested,1
speaks,1
spiritual,1
divinity,1
shows,1
outside,1
uses,1
reach,1
shaped,1
seem,1
scholars,1
alvin,1
professed,1
explores,1
societies,1
pressure,1
pages,1
appendix,1
ethereal,1
donnell,1
preaching,1
half,1
great,1
invigorated,1
abstract,1
right,1
reads,1
philanthropy,1
stood,1
wave,1
puritanism,1
rich,1
inevitably,1
iii,1
ideological,1
bostonians,1
years,1
lived,1
been,1
studied,1
demands,1
xiii,1
theology,1
creative,1
closer,1
destined,1
causing,1
generalizations,1
privileged,1
characterizing,1
court,1
dispute,1
godly,1
benefit,1
heterodoxy,1
separating,1
cultivation,1
contends,1
claimed,1
examining,1
edward,1
joys,1
man,1
past,1
legislature,1
achieved,1
invocation,1
agree,1
minister,1
salary,1
works,1
naturalized,1
oliver,1
schisms,1
ambition,1
faithful,1
men,1
disseminate,1
behind,1
musings,1
redefined,1
energies,1
can,1
fourth,1
sociopolitically,1
disaffected,1
underdogs,1
panoplist,1
elevated,1
supporters,1
proletariat,1
sociopolitical,1
divisiveness,1
decried,1
revivalist,1
link,1
bailyn,1
where,1
disseminators,1
intelligence,1
fuller,1
johns,1
oldfashioned,1
strained,1
developing,1
dennie,1
similar,1
separated,1
leverkiihn,1
armed,1
orthodoxy,1
whether,1
seminar,1
andover,1
winthrop,1
celebrated,1
dialectical,1
until,1
rising,1
miniature,1
want,1
fend,1
america,1
well,1
duties,1
underpinnings,1
intertwined,1
material,1
apostles,1
hastening,1
focusing,1
maintain,1
schism,1
whatsoever,1
year,1
forthcoming,1
passed,1
dr,1
parted,1
perhaps,1
turned,1
explain,1
theory,1
eastern,1
reluctantly,1
zealots,1
problem,1
disenchanted,1
premise,1
supplemented,1
weak,1
money,1
adapts,1
gained,1
earlier,1
shifts,1
accelerated,1
hopkins,1
sought,1
wood,1
foundations,1
mass,1
really,1
masked,1
argued,1
prestige,1
benevolent,1
secure,1
stance,1
produce,1
taxes,1
christianity,1
colonies,1
heart,1
balance,1
southern,1
account,1
heroically,1
opened,1
breakdown,1
backbone,1
suggests,1
basis,1
emphasis,1
invisible,1
determined,1
line,1
demystify,1
port,1
motivations,1
popular,1
headquartered,1
antonio,1
benevolence,1
sanction,1
made,1
bibliography,1
explanation,1
objected,1
richard,1
start,1
dinner,1
eighteenth,1
michigan,1
bear,1
hampshire,1
claim,1
baker,1
reader,1
sides,1
fallen,1
diss,1
o,1
formal,1
jefferson,1
simply,1
affecting,1
part,1
eighty,1
discusses,1
city,1
explains,1
pulpits,1
knowledge,1
increase,1
hollis,1
clubs,1
clustered,1
republic,1
indigenous,1
along,1
thundering,1
supreme,1
identity,1
demanded,1
subject,1
intended,1
rendering,1
got,1
loss,1
rests,1
sketched,1
roll,1
nod,1
bible,1
v,1
realm,1
sold,1
force,1
developments,1
souls,1
during,1
expecting,1
refined,1
refers,1
pursuing,1
tolerance,1
colonial,1
paid,1
faustus,1
one,1
maintained,1
harvard,1
aims,1
writing,1
gouldner,1
numbered,1
human,1
earn,1
pamphlets,1
engaged,1
chapters,1
relates,1
amendment,1
propped,1
raising,1
reflect,1
bifurcation,1
question,1
institution,1
edick,1
sympathize,1
compact,1
tell,1
generation,1
described,1
go,1
difficulties,1
rejected,1
pockets,1
yet,1
presbyterian,1
clear,1
arms,1
since,1
professorship,1
strongest,1
folio,1
unable,1
baptists,1
legal,1
readings,1
pursuit,1
directed,1
approach,1
mixture,1
launching,1
exaggerates,1
churchgoers,1
dissenters,1
d,1
motives,1
doctrine,1
clerics,1
disappointed,1
concentrates,1
preceded,1
rental,1
subtitle,1
dozen,1
published,1
mentalite,1
held,1
defense,1
relations,1
relinquished,1
sellouts,1
immediately,1
club,1
realism,1
describing,1
period,1
need,1
even,1
deity,1
vital,1
pay,1
stage,1
trail,1
manipulators,1
unitarians,1
allegiances,1
expected,1
regular,1
next,1
councils,1
clash,1
transcendentalism,1
seeks,1
funds,1
kept,1
attracting,1
trapped,1
voluntary,1
area,1
applicable,1
firestorm,1
measure,1
levies,1
juggernaut,1
transforming,1
latitudinarian,1
distinct,1
association,1
involved,1
around,1
better,1
instruction,1
howling,1
dorr,1
never,1
epigraph,1
approved,1
legally,1
perspective,1
fees,1
moved,1
forgoes,1
conclusions,1
taxpayers,1
supported,1
sentiment,1
few,1
gramsci,1
transcendentalists,1
concerns,1
cambridge,1
erected,1
ruled,1
choose,1
charlestown,1
twilight,1
serving,1
columbia,1
newspapers,1
ser,1
insists,1
awakening,1
oxford,1
lines,1
urbane,1
started,1
ascendancy,1
marxist,1
elites,1
topics,1
boundaries,1
third,1
ideal,1
tended,1
intently,1
era,1
vanish,1
division,1
clever,1
christians,1
fount,1
learn,1
visible,1
athenaeum,1
asks,1
looks,1
conscience,1
factions,1
subjects,1
little,1
content,1
fellowship,1
focus,1
exempted,1
world,1
patrons,1
strong,1
timothy,1
saw,1
stratum,1
establishment,1
here,1
jedidiah,1
takeovers,1
cross,1
leadership,1
profiles,1
professional,1
consciences,1
mather,1
alienated,1
provided,1
meeting,1
vocal,1
asked,1
informed,1
preachers,1
time,1
nuanced,1
derived,1
influence,1
acknowledge,1
rest,1
close,1
gordon,1
geographical,1
brown,1
adversary,1
applies,1
justice,1
capturing,1
examines,1
symbiotic,1
bigotry,1
separate,1
shaping,1
neighborhoods,1
