WORDCOUNTS,WEIGHT
the,187
and,103
of,98
to,78
in,66
a,42
holt,36
that,33
as,25
party,23
not,20
s,20
it,17
was,17
from,17
war,17
slavery,16
political,16
on,15
his,14
american,14
republican,13
whigs,13
for,13
he,12
history,12
p,12
but,11
by,11
issues,11
is,10
or,10
more,10
whig,10
one,9
ethnocultural,9
lincoln,9
at,8
south,8
economic,8
republicans,8
because,8
revisionism,7
who,7
with,7
most,7
only,7
did,7
issue,7
this,7
have,7
be,7
white,7
no,6
democrats,6
parties,6
state,6
voting,6
politics,6
its,6
which,6
were,6
an,6
been,5
e,5
antislavery,5
their,5
why,5
social,5
theory,5
over,5
had,5
could,5
what,5
them,5
well,5
voter,5
civil,5
elections,5
focus,5
than,5
north,5
ideology,4
reconstruction,4
large,4
essays,4
about,4
any,4
series,4
two,4
first,4
here,4
other,4
all,4
new,4
events,4
very,4
historians,4
kousser,4
conflict,4
there,4
so,4
voters,4
may,3
f,3
explanations,3
act,3
if,3
growth,3
they,3
group,3
school,3
democratic,3
electoral,3
june,3
thesis,3
others,3
many,3
paper,3
best,3
then,3
end,3
men,3
those,3
william,3
reviews,3
racial,3
answer,3
case,3
always,3
free,3
really,3
local,3
slaves,3
sectional,3
split,3
against,3
national,3
least,3
allowed,3
period,3
states,3
campaign,3
performance,3
between,3
slave,3
through,3
even,3
much,3
taylor,3
moved,3
difficult,2
will,2
does,2
demographic,2
hero,2
second,2
racism,2
revisionist,2
continued,2
chance,2
usually,2
wanting,2
bernard,2
pittsburgh,2
developed,2
how,2
sort,2
begin,2
nominating,2
benson,2
collections,2
study,2
destroy,2
southern,2
once,2
has,2
lazarsfeld,2
yet,2
interpretation,2
core,2
candidate,2
abraham,2
wanted,2
morgan,2
university,2
us,2
into,2
policies,2
antebellum,2
radical,2
broad,2
these,2
age,2
four,2
exploited,2
reprinted,2
t,2
long,2
every,2
votes,2
majority,2
explain,2
power,2
important,2
again,2
rapid,2
view,2
put,2
intellectual,2
england,2
opponents,2
j,2
are,2
rights,2
book,2
opposition,2
right,2
differences,2
out,2
government,2
forging,2
written,2
partisan,2
do,2
henry,2
teacher,2
population,2
michael,2
ones,2
choice,2
conciliatory,2
while,2
fight,2
directly,2
conservatives,2
original,2
when,2
basis,2
possible,2
used,2
securely,2
election,2
both,2
randall,2
concludes,2
press,2
became,2
elite,2
formula,2
southerners,2
during,2
tories,2
learned,2
structures,2
ethnic,2
thus,2
question,2
alignments,2
development,2
donald,2
reality,2
stress,2
g,2
fluctuations,2
victory,2
crisis,2
change,2
published,2
responses,2
keep,2
although,2
successful,2
after,2
clay,2
perspective,2
mind,2
feelings,2
emphasized,2
views,2
also,2
abandoned,2
northern,2
heir,2
deeply,2
whites,2
generation,2
interests,2
immigration,2
convincingly,2
major,2
berelson,2
broadest,1
sumner,1
perfect,1
model,1
comparisons,1
frequent,1
miller,1
seems,1
enough,1
failed,1
go,1
superiority,1
opposed,1
schools,1
abolition,1
underlay,1
tests,1
interesting,1
fort,1
high,1
r,1
verb,1
final,1
americans,1
surpassed,1
struggle,1
devotee,1
bull,1
deny,1
absorbing,1
genuinely,1
divisive,1
master,1
toward,1
matter,1
united,1
territorial,1
without,1
mix,1
common,1
mysterious,1
nativism,1
nonpartisan,1
science,1
letters,1
lawanda,1
contingent,1
sometimes,1
revisionists,1
negatively,1
suburbanites,1
stratagems,1
relative,1
outsiders,1
wrote,1
stood,1
defeats,1
testing,1
revival,1
stop,1
politically,1
bound,1
comparative,1
deemphasized,1
fervent,1
concern,1
ballot,1
omniscient,1
everyone,1
cloud,1
return,1
reconsidered,1
explicit,1
college,1
struggled,1
lost,1
prove,1
now,1
fissures,1
community,1
violently,1
detailed,1
catholics,1
harry,1
itself,1
introduction,1
yankee,1
thriving,1
earlier,1
hostility,1
dred,1
glimpses,1
followers,1
church,1
wilmot,1
transformation,1
importance,1
certain,1
movement,1
tracing,1
sacrificed,1
electorate,1
parts,1
distort,1
replaced,1
betray,1
ix,1
decisions,1
denied,1
changes,1
slaveholders,1
methods,1
stability,1
use,1
elaborated,1
black,1
hierarchical,1
existed,1
worked,1
productive,1
congressional,1
origins,1
consequences,1
factors,1
spiral,1
moreover,1
english,1
cannot,1
ways,1
get,1
soul,1
bias,1
dunningesque,1
johns,1
face,1
suffered,1
pp,1
competence,1
read,1
win,1
developments,1
happened,1
reproduced,1
favor,1
affirmative,1
evil,1
immensely,1
meant,1
freeing,1
technology,1
marks,1
cause,1
politicians,1
overlook,1
clash,1
forever,1
policy,1
unthinking,1
secession,1
columbia,1
periods,1
statistical,1
index,1
acquired,1
harsh,1
presidency,1
sociological,1
wars,1
eventually,1
aversion,1
positively,1
associated,1
before,1
under,1
frighten,1
just,1
historian,1
believed,1
n,1
gradually,1
chandler,1
mexican,1
chief,1
argued,1
version,1
persecute,1
threat,1
prevent,1
finest,1
proclamation,1
insights,1
provocative,1
unavoidable,1
retrospective,1
department,1
demonstrate,1
extensive,1
favored,1
disagreed,1
deemphasize,1
highlighted,1
continues,1
extension,1
powerful,1
implied,1
calculations,1
campbell,1
precise,1
irrepressible,1
picture,1
protection,1
especially,1
nominate,1
lee,1
ignore,1
blacks,1
echoes,1
timed,1
whose,1
constituency,1
telephoto,1
rather,1
organizations,1
adversity,1
jackson,1
critiques,1
angus,1
offers,1
westward,1
alternative,1
shifted,1
dissertation,1
restriction,1
heritage,1
care,1
comparison,1
welter,1
mirrors,1
attempts,1
slavocracy,1
undergraduate,1
obfuscatory,1
equivalent,1
cox,1
imposing,1
outcome,1
might,1
mattered,1
constitution,1
europe,1
progression,1
caning,1
rejects,1
glowing,1
gienapp,1
downplay,1
immovable,1
action,1
causal,1
denigrating,1
image,1
thinks,1
union,1
added,1
finance,1
antisouthernism,1
complementary,1
thornton,1
supplied,1
unlike,1
herbert,1
speaks,1
different,1
came,1
shows,1
comparatively,1
access,1
raid,1
peyton,1
preserve,1
asserts,1
bisectional,1
army,1
areas,1
agrarian,1
moribund,1
contingencies,1
suggesting,1
demise,1
calibrate,1
great,1
display,1
universal,1
indeed,1
potentially,1
baton,1
analyses,1
disliked,1
foundation,1
groupings,1
time,1
punctured,1
larger,1
mills,1
gaudet,1
ethnocentric,1
john,1
rely,1
asserting,1
attractions,1
cohesion,1
contemporary,1
variation,1
warren,1
take,1
historical,1
differed,1
explicitly,1
i,1
comparable,1
expansion,1
initial,1
scientific,1
search,1
u,1
called,1
failures,1
country,1
elected,1
rhetoric,1
davidson,1
elites,1
turned,1
hint,1
took,1
tactics,1
hand,1
drinking,1
undeniable,1
furthermore,1
didn,1
though,1
converse,1
according,1
california,1
brilliant,1
alabama,1
somewhat,1
profited,1
where,1
committed,1
revise,1
essentially,1
economy,1
michigan,1
within,1
existing,1
hated,1
terms,1
anticorruptionist,1
marginal,1
less,1
system,1
until,1
strategies,1
necessary,1
troops,1
males,1
freer,1
indifferent,1
however,1
referenda,1
deep,1
agricultural,1
lens,1
produced,1
contrasting,1
grofman,1
firmly,1
narrative,1
belief,1
eds,1
attacked,1
zoom,1
nominations,1
uncompromisingly,1
ingeniously,1
tracking,1
hopkins,1
bases,1
another,1
firm,1
america,1
discontent,1
briefly,1
day,1
reopening,1
stance,1
failure,1
tack,1
having,1
penetrating,1
interpreting,1
influenced,1
indifference,1
uneven,1
disappearance,1
fundamentally,1
suggests,1
emphasis,1
determined,1
private,1
graceful,1
reconstructions,1
meditative,1
urban,1
journals,1
spending,1
northerners,1
admits,1
facilitating,1
institute,1
middle,1
sumter,1
maneuverings,1
proslavery,1
viability,1
survive,1
skepticism,1
solid,1
birth,1
socioeconomic,1
antimasonic,1
antipartisan,1
doomed,1
coax,1
closer,1
teemed,1
ularity,1
run,1
displace,1
nine,1
must,1
represented,1
defer,1
quadrennium,1
discrimination,1
ruled,1
radicals,1
attached,1
scorn,1
part,1
scott,1
drew,1
far,1
extending,1
example,1
british,1
inevitability,1
correctly,1
nation,1
means,1
delegations,1
african,1
irish,1
data,1
die,1
demanded,1
feared,1
yale,1
minority,1
mccrary,1
persists,1
ten,1
administration,1
disagreeing,1
whole,1
pervades,1
religiously,1
fit,1
largely,1
tied,1
place,1
adding,1
appointed,1
foner,1
demonstrates,1
lecompton,1
morality,1
rebels,1
paul,1
congress,1
records,1
people,1
work,1
expansionist,1
aims,1
quantifiable,1
winning,1
fiorina,1
easier,1
central,1
freedom,1
goal,1
prisoner,1
our,1
call,1
eric,1
unforeseen,1
previous,1
review,1
member,1
partly,1
actual,1
eight,1
enslave,1
language,1
theories,1
stokes,1
unluckily,1
rouge,1
looms,1
harrison,1
models,1
explained,1
theme,1
severe,1
determinants,1
facts,1
won,1
years,1
fact,1
significance,1
intractable,1
combine,1
substitutes,1
consumed,1
connections,1
three,1
contentions,1
tables,1
oppose,1
attitudinal,1
pronouncements,1
unlucky,1
author,1
finally,1
points,1
animosity,1
contests,1
rates,1
collapsed,1
recognizing,1
agreeing,1
wholesale,1
relatively,1
sectionally,1
course,1
previously,1
actively,1
crime,1
emancipation,1
like,1
would,1
length,1
clumsily,1
hazel,1
restore,1
him,1
revolution,1
unrevised,1
suggest,1
wished,1
abjure,1
thoughtful,1
extensively,1
controversies,1
static,1
centrality,1
stages,1
order,1
unsettled,1
turn,1
stimulated,1
unsophisticated,1
quite,1
pessimistic,1
nativists,1
issueless,1
religious,1
presidential,1
latter,1
sidestepped,1
zachary,1
punished,1
loose,1
small,1
class,1
worried,1
david,1
several,1
wasn,1
soil,1
conflicting,1
consensus,1
west,1
few,1
problems,1
profound,1
back,1
leaves,1
article,1
prices,1
removed,1
inspired,1
often,1
assumed,1
governments,1
mcphee,1
fortuitous,1
research,1
edged,1
narrow,1
prospects,1
texas,1
applying,1
nationally,1
repressible,1
individualistic,1
ethnoculturalism,1
philip,1
enjoyed,1
clever,1
james,1
partial,1
barely,1
generally,1
up,1
comfortably,1
probably,1
behavior,1
stimulating,1
journal,1
traditional,1
morris,1
figures,1
connected,1
among,1
avoid,1
we,1
notes,1
away,1
metamorphosis,1
should,1
blundering,1
provided,1
louisiana,1
defeat,1
devastated,1
hope,1
knownothing,1
sole,1
swirling,1
rest,1
compromise,1
inexorably,1
massive,1
busing,1
court,1
widely,1
brown,1
antiracist,1
proviso,1
convention,1
shook,1
society,1
battles,1
