WORDCOUNTS,WEIGHT
the,157
of,81
in,61
and,51
to,44
a,32
s,25
her,25
war,23
have,23
he,22
women,22
that,22
with,20
was,20
is,17
foreign,16
not,16
author,16
american,15
as,13
p,13
policy,11
for,11
their,9
which,9
it,8
she,8
been,8
abzug,8
but,8
gender,8
smith,8
on,8
his,7
they,7
one,7
essays,7
two,7
all,7
this,7
be,7
world,7
who,6
did,6
out,6
roosevelt,6
what,6
writes,6
because,6
an,6
at,5
male,5
university,5
or,5
history,5
by,5
more,5
might,5
new,5
has,5
chapter,5
peace,5
subject,5
than,5
president,5
margaret,5
against,5
would,5
may,4
failed,4
does,4
york,4
opportunity,4
support,4
many,4
had,4
into,4
from,4
over,4
book,4
end,4
i,4
there,4
last,4
men,4
clyde,4
elliott,4
some,4
made,4
during,4
movement,4
so,4
ferrell,4
no,3
way,3
if,3
growth,3
next,3
female,3
says,3
h,3
changing,3
these,3
vietnam,3
defeat,3
lead,3
langer,3
chase,3
other,3
ii,3
important,3
could,3
generations,3
differences,3
service,3
iron,3
past,3
william,3
relations,3
reviews,3
case,3
house,3
woman,3
another,3
point,3
only,3
since,3
cold,3
few,3
properly,3
much,3
fishbait,2
european,2
will,2
led,2
states,2
done,2
rather,2
l,2
constituents,2
everett,2
represent,2
gleason,2
congresswoman,2
them,2
why,2
rhodri,2
pp,2
fall,2
about,2
scattered,2
mrs,2
hoover,2
happened,2
school,2
presidency,2
wars,2
then,2
girls,2
economic,2
weak,2
lower,2
speaking,2
committees,2
first,2
gap,2
volume,2
please,2
oral,2
taken,2
again,2
sure,2
maine,2
country,2
j,2
opening,2
tariffs,2
are,2
entered,2
entering,2
effort,2
time,2
follows,2
very,2
state,2
remark,2
senate,2
late,2
catt,2
ladies,2
robert,2
political,2
papers,2
produced,2
less,2
character,2
husband,2
wealth,2
contemporaries,2
doubled,2
books,2
opposition,2
after,2
sought,2
such,2
well,2
percent,2
politics,2
vote,2
must,2
israel,2
part,2
through,2
eleanor,2
press,2
role,2
its,2
administration,2
describes,2
congress,2
examination,2
personal,2
member,2
years,2
inflation,2
september,2
points,2
interest,2
macho,2
period,2
high,2
france,2
seeks,2
earlier,2
rosenberg,2
thatcher,2
can,2
jeffreysjones,2
when,2
even,2
recent,2
notes,2
bella,2
should,2
united,2
emily,2
nations,1
increasing,1
chamber,1
barbara,1
final,1
miller,1
alison,1
take,1
schools,1
republican,1
hardline,1
objectionable,1
dealt,1
interesting,1
moreover,1
informs,1
suwanee,1
critics,1
forbears,1
mess,1
realistic,1
whose,1
page,1
flow,1
homeward,1
hearty,1
various,1
entitled,1
fairly,1
statements,1
contingent,1
later,1
figure,1
action,1
homer,1
corruption,1
short,1
wrote,1
scholar,1
district,1
nonsense,1
isolation,1
insiders,1
affairs,1
lawsuits,1
everyone,1
affected,1
retort,1
deaths,1
offices,1
harry,1
congressman,1
college,1
intriguing,1
attacking,1
red,1
undeclared,1
flair,1
hats,1
always,1
collections,1
analyzes,1
succession,1
itself,1
celebrate,1
notably,1
manuscript,1
heard,1
domination,1
persistent,1
supplement,1
mouth,1
contribution,1
inquiry,1
standing,1
similar,1
excelled,1
certain,1
told,1
large,1
countries,1
deflating,1
jobs,1
strange,1
achievements,1
contributions,1
life,1
apologists,1
assigned,1
mentions,1
lobbyists,1
hi,1
analysis,1
rules,1
chauvinism,1
falklands,1
hope,1
word,1
once,1
remind,1
confronts,1
disagrees,1
ways,1
wash,1
criticizes,1
reason,1
americans,1
imperialism,1
sparkling,1
mean,1
security,1
canada,1
brunswick,1
studies,1
soap,1
read,1
thought,1
do,1
sex,1
predecessor,1
cause,1
coeditor,1
exposure,1
crapol,1
detail,1
us,1
organization,1
seat,1
river,1
index,1
palmer,1
necessary,1
shelley,1
any,1
secretarial,1
before,1
judgments,1
ambassadors,1
unimportant,1
following,1
n,1
something,1
mary,1
monograph,1
series,1
rebelled,1
source,1
al,1
meir,1
without,1
age,1
most,1
show,1
department,1
demonstrate,1
boarding,1
democratic,1
filed,1
increasingly,1
subliminal,1
theme,1
known,1
follow,1
exposition,1
beyond,1
considers,1
double,1
followed,1
position,1
quotes,1
modest,1
fellow,1
long,1
besides,1
june,1
sided,1
classroom,1
also,1
compensation,1
tyler,1
explain,1
founding,1
challenge,1
m,1
bright,1
military,1
doorkeeper,1
objectively,1
dynastic,1
stands,1
eldina,1
put,1
printing,1
usually,1
trop,1
financial,1
seems,1
chapman,1
troubling,1
standards,1
advance,1
conformity,1
damaged,1
fact,1
skowhegan,1
whom,1
historians,1
attractive,1
nothing,1
allow,1
leaders,1
xii,1
secondary,1
nineties,1
relates,1
credits,1
occupations,1
opposing,1
together,1
demise,1
great,1
reasons,1
steinson,1
right,1
indeed,1
prowar,1
loyalty,1
speech,1
relating,1
achievement,1
bomb,1
deal,1
able,1
government,1
job,1
offend,1
harriet,1
hundred,1
concludes,1
emphatic,1
relate,1
houses,1
bound,1
survey,1
luxury,1
misdeeds,1
fallfrom,1
find,1
subsequent,1
achieved,1
just,1
works,1
economy,1
term,1
merely,1
readers,1
outside,1
exceptions,1
drove,1
difficult,1
knit,1
learn,1
examiners,1
joan,1
those,1
philandering,1
though,1
regard,1
randolph,1
secretaryship,1
profited,1
where,1
nye,1
behind,1
johns,1
retroactively,1
competitors,1
emeritus,1
dorothy,1
visibility,1
combined,1
coffee,1
whether,1
unclear,1
terms,1
celebrated,1
form,1
namely,1
ed,1
detzer,1
cannot,1
making,1
involvement,1
dislike,1
confrontation,1
voting,1
council,1
issue,1
lines,1
era,1
material,1
record,1
passed,1
edinburgh,1
higonnet,1
ripe,1
eds,1
tightly,1
hale,1
method,1
died,1
answer,1
edward,1
calkin,1
hopkins,1
number,1
going,1
possibility,1
elaine,1
america,1
sparse,1
advisory,1
sexual,1
receive,1
hitler,1
outstanding,1
remove,1
voice,1
huge,1
lipstick,1
apparently,1
possible,1
marked,1
hundreds,1
delivers,1
doves,1
literature,1
millions,1
admits,1
work,1
beginning,1
hoff,1
indiana,1
interventionists,1
considering,1
burden,1
both,1
bibliography,1
explanation,1
activism,1
upon,1
analyze,1
emergent,1
true,1
careful,1
private,1
taking,1
attachments,1
brought,1
seen,1
say,1
city,1
resignation,1
despite,1
owe,1
graduate,1
desirable,1
fifteenyear,1
arms,1
scandal,1
nation,1
along,1
comment,1
judgment,1
carrie,1
caught,1
et,1
jamestown,1
bullhorn,1
eighties,1
year,1
used,1
ross,1
unfortunately,1
tale,1
describe,1
liberated,1
programs,1
fail,1
collection,1
sign,1
refers,1
appointed,1
families,1
signal,1
campaigns,1
mention,1
realized,1
harvard,1
zele,1
numbered,1
questions,1
militarism,1
theorizes,1
thereafter,1
announcing,1
rewarding,1
remarks,1
chapters,1
ameliorate,1
bloomington,1
franklin,1
were,1
sees,1
office,1
question,1
surely,1
historically,1
students,1
influx,1
obliged,1
bid,1
explained,1
defect,1
editor,1
development,1
received,1
ethical,1
open,1
endorsement,1
my,1
professor,1
due,1
abolish,1
twentieth,1
approach,1
authors,1
october,1
assumes,1
national,1
personalities,1
de,1
language,1
obtaining,1
truman,1
prices,1
mayor,1
ireland,1
crisis,1
good,1
dangerous,1
diplomats,1
ability,1
deals,1
course,1
offer,1
moment,1
resultant,1
defense,1
least,1
commonplace,1
correct,1
caused,1
define,1
price,1
d,1
swarthmore,1
discerns,1
opinions,1
shaping,1
exam,1
dictionary,1
century,1
twovolume,1
tutorials,1
admitted,1
senator,1
forced,1
hat,1
colleagues,1
defined,1
offhand,1
conversations,1
membership,1
rutgers,1
quite,1
nor,1
old,1
increased,1
pages,1
displays,1
talleyrand,1
several,1
needs,1
morally,1
especially,1
broadbrimmed,1
supported,1
written,1
defensive,1
highest,1
lesbian,1
depression,1
justifiable,1
extraordinary,1
editors,1
forgiven,1
become,1
ample,1
narrow,1
displeasure,1
egypt,1
tactics,1
supply,1
grandmother,1
exactly,1
single,1
brown,1
enjoyed,1
remainder,1
like,1
golda,1
early,1
pratt,1
up,1
assistants,1
death,1
greece,1
present,1
journal,1
look,1
vice,1
games,1
advised,1
save,1
correspondence,1
saw,1
we,1
grace,1
explains,1
harding,1
empowerment,1
ignore,1
basically,1
ago,1
quarter,1
asked,1
weakness,1
attention,1
tendentious,1
race,1
compromise,1
summer,1
activities,1
attended,1
grasp,1
