WORDCOUNTS,WEIGHT
the,207
and,130
of,114
a,102
to,100
in,94
that,62
his,59
he,57
is,43
schlesinger,37
on,37
s,34
with,31
for,26
it,25
i,24
as,24
history,22
not,19
by,18
was,17
p,17
at,16
from,16
american,15
an,15
be,15
this,14
but,14
book,13
some,12
when,12
are,12
has,12
have,12
they,11
author,11
had,11
people,11
pp,11
more,11
many,11
who,11
one,10
before,9
during,9
or,9
age,8
war,8
work,8
social,8
will,8
may,8
never,8
see,8
perhaps,8
our,8
if,7
no,7
kammen,7
about,7
once,7
us,7
also,7
new,7
been,7
life,7
historian,7
first,6
long,6
jackson,6
great,6
henry,6
those,6
very,6
into,6
reviews,6
its,6
harvard,6
which,6
were,6
teach,6
over,6
between,6
historical,6
recollections,6
years,6
should,6
military,5
all,5
there,5
historians,5
even,5
memoir,5
him,5
pages,5
acknowledges,5
must,5
few,5
june,5
world,5
others,5
scholars,5
time,5
john,5
arthur,5
autobiography,5
especially,5
we,5
what,5
information,5
given,5
writing,5
come,5
least,5
might,4
such,4
back,4
how,4
their,4
most,4
changed,4
because,4
writers,4
luce,4
t,4
someone,4
change,4
same,4
these,4
only,4
do,4
learn,4
remarkable,4
model,4
less,4
father,4
made,4
office,4
like,4
would,4
can,4
professional,4
truman,4
different,4
believe,4
did,4
far,4
past,4
woodward,4
while,4
through,4
ever,4
coming,4
models,4
washington,4
miller,3
does,3
now,3
way,3
career,3
swiftly,3
essays,3
second,3
true,3
every,3
seems,3
words,3
other,3
political,3
reading,3
himself,3
against,3
young,3
left,3
publications,3
german,3
autobiographies,3
communism,3
parents,3
study,3
liberal,3
n,3
welfare,3
always,3
m,3
my,3
came,3
bomb,3
deal,3
memory,3
though,3
cultural,3
however,3
public,3
london,3
personal,3
quite,3
family,3
several,3
film,3
home,3
affairs,3
volume,3
lengthy,3
atomic,3
doubt,3
man,3
michael,3
necessary,3
japan,3
own,3
values,3
so,3
after,3
why,3
saw,3
becomes,3
success,3
began,3
class,3
then,3
any,3
simply,3
alternative,3
them,3
want,3
particular,3
almost,3
don,3
civilian,3
boston,3
became,3
innocent,3
subject,3
d,3
writer,3
you,3
c,3
era,3
early,3
among,3
major,3
o,2
prefer,2
common,2
proud,2
created,2
commitment,2
e,2
combine,2
center,2
former,2
sr,2
permitted,2
being,2
said,2
inclined,2
certainly,2
give,2
debating,2
stretch,2
tradition,2
boyhood,2
leading,2
help,2
jill,2
roosevelt,2
state,2
robert,2
intelligence,2
beard,2
chapter,2
felt,2
soldier,2
dinner,2
vital,2
sent,2
uncertain,2
vocation,2
chapters,2
andy,2
interest,2
forgotten,2
jr,2
media,2
century,2
chap,2
equally,2
than,2
deeply,2
occasion,2
neill,2
critics,2
silence,2
across,2
notable,2
keen,2
b,2
white,2
space,2
consistency,2
university,2
literary,2
frequently,2
too,2
w,2
multicultural,2
powerful,2
bancroft,2
reflections,2
thinks,2
conway,2
attack,2
lived,2
out,2
teacher,2
produced,2
well,2
having,2
amos,2
reader,2
brought,2
superb,2
esp,2
year,2
issues,2
beginnings,2
swift,2
believes,2
project,2
president,2
working,2
next,2
order,2
distinguished,2
despite,2
finds,2
am,2
seemed,2
society,2
appeal,2
f,2
wrote,2
play,2
gift,2
eyebrows,2
yet,2
read,2
continuity,2
under,2
reprise,2
culture,2
friendship,2
ed,2
published,2
considers,2
lewis,2
frederick,2
mentions,2
again,2
death,2
contemporary,2
junior,2
serious,2
patterns,2
readers,2
hand,2
paris,2
where,2
accepted,2
books,2
lost,2
examples,2
background,2
upon,2
identity,2
autobiographical,2
stops,2
rejected,2
three,2
points,2
high,2
martini,2
latter,2
men,2
become,2
enjoyed,2
controversial,2
perils,2
commager,2
lyrical,2
liberalism,2
perry,2
perspectives,2
usually,2
prose,2
army,2
oddly,2
memorable,2
analysis,2
problematic,2
thinking,2
senior,2
comes,2
know,2
cia,2
intellectual,2
regrets,2
eventually,2
ideological,2
cities,2
works,2
ruins,2
answered,2
muse,2
whether,2
terms,2
lane,2
likes,2
art,2
middle,2
son,2
private,2
intended,2
democratic,2
describes,2
memories,2
think,2
devoted,2
youth,2
difference,2
cambridge,2
vann,2
write,2
jazz,2
need,2
evidence,2
opinions,2
charles,2
views,2
little,2
strong,2
asked,2
final,1
difficult,1
mingled,1
bernard,1
equation,1
revisionist,1
struggle,1
doubts,1
generalization,1
melvin,1
stuart,1
declared,1
ambivalence,1
meaning,1
groups,1
whitman,1
louis,1
uday,1
truth,1
taft,1
personnel,1
nationwide,1
congressman,1
busy,1
exemplars,1
clio,1
succinct,1
totally,1
wavered,1
notably,1
germany,1
told,1
kinder,1
operator,1
partially,1
achievements,1
star,1
ample,1
mobility,1
nostalgia,1
judicious,1
tend,1
forgiveness,1
crafting,1
word,1
cherished,1
schools,1
library,1
services,1
evocative,1
continent,1
ways,1
h,1
drinks,1
bias,1
tense,1
easily,1
devoto,1
infuses,1
decade,1
reasonably,1
protection,1
position,1
character,1
hemingway,1
harsh,1
title,1
total,1
cornell,1
enumeration,1
contested,1
candidly,1
eye,1
source,1
du,1
impetuosity,1
lure,1
contexts,1
women,1
vocabulary,1
recites,1
passion,1
else,1
either,1
cherokee,1
sources,1
modest,1
titles,1
blithely,1
expands,1
production,1
derives,1
quoting,1
ii,1
regarding,1
later,1
lamenting,1
expectation,1
worked,1
absurd,1
chock,1
emerged,1
tolerated,1
freely,1
discerned,1
j,1
strip,1
confirmed,1
dramatically,1
possibilities,1
reach,1
exemplar,1
europe,1
copy,1
skills,1
suggesting,1
undertake,1
reasons,1
pressed,1
narrative,1
scholar,1
temperamentally,1
government,1
sometime,1
composition,1
court,1
wore,1
prevail,1
deemed,1
atrocities,1
introduces,1
achieved,1
fresh,1
particularism,1
lunches,1
meantime,1
mind,1
nagging,1
precisely,1
raised,1
classified,1
investigations,1
adventures,1
albinos,1
discipline,1
theodore,1
johns,1
visibility,1
racial,1
case,1
issue,1
fortune,1
civics,1
dissemination,1
roy,1
morison,1
righteous,1
capacity,1
contretemps,1
sought,1
america,1
saying,1
draw,1
killed,1
right,1
march,1
wonders,1
politics,1
leo,1
georgetown,1
tracing,1
drive,1
kerber,1
patient,1
obvious,1
point,1
say,1
except,1
cited,1
along,1
objective,1
confessions,1
wallace,1
mitre,1
labor,1
verdicts,1
homage,1
therein,1
review,1
surely,1
hack,1
explained,1
facts,1
buck,1
ethical,1
reject,1
cott,1
run,1
since,1
judgmentalism,1
barton,1
dominated,1
september,1
g,1
angloamerican,1
ability,1
biddle,1
brother,1
decided,1
occurs,1
jeremy,1
cf,1
supplies,1
convention,1
type,1
meyer,1
sinclair,1
marxism,1
learning,1
forced,1
kind,1
progressive,1
thing,1
economical,1
old,1
immigrants,1
humphrey,1
concerning,1
kinds,1
ear,1
six,1
houses,1
fate,1
cohen,1
third,1
irresistible,1
drawn,1
obscure,1
student,1
look,1
corrected,1
historysuch,1
tout,1
oklahoma,1
digression,1
alger,1
simplistic,1
generation,1
talent,1
colonels,1
acknowledge,1
stanley,1
bothered,1
unfortunate,1
typing,1
higher,1
cameron,1
implored,1
geneva,1
disparaged,1
wishes,1
americans,1
whose,1
hobsbawm,1
criticism,1
cloistered,1
hopes,1
without,1
act,1
links,1
federal,1
developed,1
reinhold,1
praising,1
influential,1
sorely,1
explicit,1
observer,1
preparing,1
multiculturalists,1
whirl,1
myself,1
schlesingers,1
mean,1
knew,1
phrases,1
risk,1
appears,1
ah,1
leave,1
variant,1
japanese,1
dissenting,1
strange,1
meteoric,1
contributions,1
special,1
walt,1
illustrations,1
offering,1
earl,1
diminishes,1
pal,1
republicans,1
moreover,1
moves,1
gathering,1
suffice,1
brownson,1
watching,1
reason,1
soul,1
understand,1
romantic,1
wanted,1
praise,1
bogs,1
possibly,1
needless,1
functionary,1
dwight,1
bit,1
maley,1
presumably,1
greenberg,1
section,1
director,1
suburbia,1
mary,1
bruce,1
shore,1
fore,1
passos,1
origins,1
follow,1
officer,1
beyond,1
calvinist,1
followed,1
comparisons,1
journalistic,1
conditional,1
recur,1
saving,1
condemn,1
shifted,1
strategy,1
hedonistic,1
decades,1
view,1
explanatory,1
expressed,1
based,1
disbelief,1
whom,1
coorain,1
nancy,1
bearing,1
romances,1
could,1
appearance,1
train,1
found,1
conservative,1
speeches,1
called,1
houghton,1
inappropriate,1
archibald,1
seven,1
eightcylinder,1
patrick,1
scenes,1
blumin,1
hicks,1
disingenuous,1
zone,1
bizarre,1
eliot,1
strident,1
captured,1
philosophical,1
fuel,1
upscale,1
passionate,1
academic,1
wrongheaded,1
outset,1
undeniable,1
let,1
affirms,1
block,1
unbecoming,1
sticks,1
companies,1
cannot,1
younger,1
steele,1
tension,1
dwelling,1
explain,1
jewish,1
hopkins,1
near,1
criteria,1
revisits,1
aspects,1
torn,1
commitments,1
abuse,1
nichols,1
network,1
r,1
line,1
closed,1
honors,1
anecdotes,1
douglas,1
received,1
carries,1
preferred,1
nine,1
cord,1
heart,1
future,1
octane,1
prominent,1
guess,1
bois,1
civil,1
knowledge,1
calls,1
secret,1
thoughts,1
positions,1
criticized,1
ten,1
lovely,1
gave,1
tale,1
describe,1
fit,1
isolationism,1
policies,1
broad,1
constitute,1
lunch,1
runs,1
thereafter,1
midwestern,1
call,1
bishop,1
weekly,1
newspaper,1
deserved,1
bid,1
confession,1
affable,1
status,1
enhances,1
rendered,1
ethnicity,1
wildcat,1
americanized,1
fourcylinder,1
cocktail,1
graduate,1
misguided,1
shortcomings,1
errors,1
maury,1
commons,1
heady,1
nurture,1
caused,1
hard,1
field,1
cold,1
contrast,1
clothes,1
sixty,1
admired,1
retractable,1
around,1
calling,1
members,1
psychological,1
comfort,1
supposedly,1
choosing,1
diversified,1
encomia,1
fully,1
barely,1
visible,1
up,1
progress,1
wife,1
resistance,1
dropping,1
roots,1
achieves,1
wellturned,1
gross,1
macdonald,1
waiting,1
stephan,1
behalf,1
readership,1
avoid,1
champion,1
span,1
herein,1
critical,1
therefore,1
ker,1
hersey,1
likely,1
candid,1
bourbon,1
minor,1
exeter,1
macleish,1
summa,1
matter,1
letters,1
extramarital,1
tedious,1
short,1
indeed,1
happy,1
drama,1
launch,1
blessed,1
tempted,1
dressed,1
brief,1
nearly,1
drops,1
hubert,1
hammond,1
positioned,1
allen,1
still,1
judgment,1
harry,1
make,1
boy,1
movement,1
literati,1
spot,1
seemingly,1
strategic,1
innovation,1
consulted,1
illuminating,1
hollywood,1
coherence,1
communities,1
rebuked,1
fair,1
meanwhile,1
makes,1
ring,1
seeing,1
mobile,1
performer,1
differentiate,1
index,1
prisoners,1
included,1
stonor,1
editorial,1
publishing,1
teaching,1
pretentious,1
enthusiast,1
literally,1
wright,1
performers,1
speaks,1
indian,1
infused,1
already,1
two,1
department,1
emotional,1
sherwood,1
popkin,1
noted,1
friend,1
assimilated,1
rise,1
harper,1
love,1
persuasive,1
fellow,1
party,1
worst,1
disposition,1
name,1
precocious,1
westward,1
albania,1
power,1
academy,1
pointed,1
knowing,1
mifflin,1
similarly,1
responsibilities,1
safety,1
missing,1
generational,1
persuasion,1
fact,1
naive,1
turner,1
pressure,1
arcadia,1
agree,1
documents,1
wine,1
reform,1
superiors,1
children,1
really,1
infectious,1
banks,1
hewed,1
dispassionate,1
everything,1
acclaim,1
nuclear,1
automobiles,1
niebuhr,1
roof,1
removal,1
puzzling,1
disconcertingly,1
enough,1
took,1
innovative,1
road,1
ephemera,1
gobbledygook,1
orthodoxy,1
vulnerable,1
celebrated,1
spring,1
deep,1
woman,1
belief,1
casey,1
eds,1
style,1
coined,1
explicitly,1
free,1
remarkably,1
day,1
insensitive,1
anticipate,1
saunders,1
degree,1
another,1
apt,1
encounter,1
wilderness,1
specializing,1
range,1
helps,1
hilarious,1
disuniting,1
contemplate,1
including,1
enhanced,1
sufficiently,1
medium,1
angus,1
wonder,1
martinis,1
use,1
unfortunately,1
emphasize,1
francis,1
shopping,1
congress,1
refuse,1
smoothly,1
ideas,1
submitted,1
questions,1
evolution,1
trend,1
lawrence,1
nothing,1
franklin,1
trip,1
chosen,1
full,1
grumpily,1
samuel,1
considerable,1
students,1
masquerading,1
trade,1
xv,1
quotation,1
clear,1
auden,1
moral,1
polarized,1
publication,1
certain,1
movies,1
profession,1
phil,1
health,1
proofs,1
ancestry,1
held,1
newburyport,1
times,1
blend,1
reviewers,1
receipt,1
ely,1
direct,1
general,1
banquet,1
played,1
static,1
odometer,1
disclaimer,1
anyone,1
conversation,1
black,1
abundant,1
parental,1
hangs,1
belligerently,1
strangely,1
faith,1
comparing,1
problems,1
somehow,1
k,1
barefoot,1
insists,1
glenn,1
reads,1
specialize,1
banking,1
anderson,1
structure,1
james,1
wrestles,1
unexplained,1
attracted,1
figures,1
destruction,1
connections,1
cheered,1
thence,1
immigration,1
rauh,1
motif,1
decision,1
appraisals,1
rarity,1
ranging,1
entitled,1
carried,1
depth,1
accepting,1
speculate,1
christian,1
lifetime,1
relationship,1
me,1
declaration,1
raise,1
digs,1
she,1
drafted,1
george,1
recall,1
clinton,1
bureaucrats,1
kenneth,1
linda,1
erstwhile,1
sunny,1
support,1
unplanned,1
ryan,1
oss,1
concluding,1
freedman,1
returned,1
render,1
circumstance,1
markers,1
inadequate,1
covering,1
acquaintances,1
spared,1
kill,1
united,1
hope,1
surprising,1
frontier,1
manhood,1
ascribes,1
education,1
supporting,1
face,1
arts,1
eugene,1
marquis,1
susan,1
joseph,1
considered,1
door,1
sara,1
matters,1
echoes,1
school,1
publicly,1
share,1
authorities,1
magnitude,1
curious,1
rarely,1
ordered,1
terrible,1
following,1
reviewing,1
lessons,1
conclusion,1
mentioned,1
changing,1
wartime,1
circumstances,1
gwathmey,1
maverick,1
scarcely,1
perversely,1
known,1
friends,1
quotes,1
bernstein,1
modicum,1
text,1
phillips,1
disdain,1
sustained,1
staked,1
affords,1
phrasing,1
cover,1
excess,1
katz,1
sure,1
aberration,1
stalinism,1
orestes,1
global,1
prolific,1
seem,1
teenager,1
capital,1
best,1
pragmatic,1
down,1
meier,1
catton,1
half,1
propaganda,1
surprised,1
guild,1
allied,1
galbraith,1
iii,1
politicos,1
expresses,1
perfectly,1
enemy,1
written,1
browder,1
going,1
movie,1
limousine,1
caricature,1
phd,1
beginning,1
stint,1
william,1
augustine,1
scholarly,1
defending,1
dishearteningly,1
communicate,1
form,1
making,1
covers,1
saint,1
firmly,1
unnecessary,1
loved,1
occasions,1
mohan,1
vehicle,1
alcohol,1
emphasis,1
hundreds,1
urban,1
freedom,1
size,1
finished,1
trivia,1
both,1
marking,1
dialogues,1
tenured,1
pulitzer,1
extracts,1
thereby,1
excesses,1
uniform,1
snide,1
introduced,1
pomposity,1
press,1
role,1
giving,1
bourgeois,1
returning,1
commissioned,1
conventional,1
policymakers,1
equipped,1
phenomenon,1
delving,1
remarks,1
frances,1
eric,1
false,1
question,1
soft,1
until,1
goddamn,1
touch,1
birth,1
friendships,1
editor,1
disseminating,1
finding,1
clamor,1
twentieth,1
camps,1
magnate,1
crisis,1
parallels,1
contributed,1
offer,1
lively,1
although,1
explicated,1
provided,1
magzines,1
states,1
glass,1
france,1
effects,1
colleagues,1
off,1
morning,1
needs,1
moved,1
dissent,1
treats,1
insider,1
rave,1
news,1
hiss,1
passages,1
themselves,1
mystery,1
desk,1
scholarship,1
vary,1
chicago,1
speckled,1
fervor,1
enterprise,1
partial,1
predictable,1
uniformed,1
condone,1
entire,1
persuaded,1
abandoned,1
traditional,1
images,1
thernstrom,1
grace,1
north,1
deutsch,1
dos,1
meeting,1
tract,1
doing,1
mistaken,1
close,1
household,1
customarily,1
retrospect,1
lizabeth,1
