WORDCOUNTS,WEIGHT
the,142
of,96
to,78
and,74
in,63
a,49
was,30
progressive,27
education,26
as,23
with,23
s,23
p,23
american,22
schools,22
zilversmit,20
for,19
by,18
educational,18
dewey,17
that,17
school,15
had,15
which,15
more,14
were,14
be,13
at,11
their,11
such,11
he,10
is,9
or,9
progressivism,9
it,8
not,8
his,8
into,8
teachers,8
an,8
winnetka,8
still,7
new,7
theory,7
community,6
only,6
many,6
those,6
upon,6
have,6
change,6
on,6
even,6
than,6
educators,6
continued,5
who,5
washburne,5
about,5
forest,5
university,5
most,5
all,5
basic,5
other,5
war,5
less,5
practice,5
america,5
cottrell,5
this,5
both,5
lake,5
its,5
order,5
did,5
way,4
economic,4
been,4
they,4
movement,4
pp,4
thought,4
history,4
waukegan,4
then,4
from,4
but,4
changing,4
greater,4
out,4
john,4
robert,4
day,4
where,4
classrooms,4
while,4
remained,4
programs,4
emphasis,4
work,4
administrators,4
communities,4
mental,4
come,4
development,4
stasis,4
like,4
period,4
superintendent,4
depression,4
chicago,4
traditional,4
kilpatrick,3
transform,3
final,3
no,3
practices,3
testing,3
district,3
public,3
college,3
above,3
seemingly,3
one,3
innovation,3
life,3
special,3
study,3
yet,3
support,3
thorndike,3
times,3
mundelein,3
something,3
social,3
subjects,3
problems,3
funding,3
schooling,3
interests,3
control,3
readily,3
came,3
inclined,3
best,3
appeared,3
radical,3
arthur,3
manner,3
sought,3
cremin,3
influenced,3
having,3
prewar,3
made,3
possible,3
became,3
nation,3
place,3
hygiene,3
being,3
students,3
own,3
illinois,3
author,3
sense,3
kind,3
ravitch,3
up,3
little,3
saw,3
should,3
general,3
championed,3
appeal,2
carried,2
now,2
high,2
curricula,2
whose,2
exhibit,2
cuban,2
minor,2
common,2
george,2
concerned,2
scientific,2
figure,2
indeed,2
concern,2
ironically,2
rather,2
diane,2
force,2
lawrence,2
importance,2
needs,2
likewise,2
elementary,2
lacking,2
efficiency,2
larry,2
joel,2
studies,2
better,2
decade,2
instruction,2
classroom,2
environment,2
same,2
called,2
political,2
biography,2
simply,2
increasingly,2
provide,2
here,2
heritage,2
pasadena,2
belief,2
ii,2
important,2
might,2
spreading,2
addition,2
skills,2
key,2
board,2
could,2
great,2
reform,2
particularly,2
how,2
concludes,2
end,2
tyack,2
program,2
there,2
rhetoric,2
academic,2
westbrook,2
equally,2
case,2
however,2
perhaps,2
writes,2
necessities,2
historians,2
method,2
draws,2
sparse,2
because,2
failure,2
almost,2
some,2
student,2
true,2
g,2
desired,2
part,2
far,2
calls,2
press,2
during,2
allowed,2
localized,2
ideas,2
soft,2
take,2
examination,2
throughout,2
question,2
psychologist,2
employed,2
spring,2
proceeded,2
project,2
similar,2
three,2
minds,2
points,2
held,2
individual,2
david,2
pedagogy,2
would,2
need,2
reformers,2
learning,2
devise,2
contrast,2
philosophy,2
area,2
around,2
transformation,2
affluent,2
foster,2
few,2
june,2
concerns,2
young,2
c,2
effect,2
can,2
goslin,2
working,2
consequently,2
much,2
world,2
reviews,2
counts,2
broader,2
society,2
ethic,1
model,1
ended,1
ranging,1
critics,1
south,1
book,1
employ,1
admiral,1
f,1
handful,1
vociferously,1
opposed,1
tests,1
receded,1
i,1
relationship,1
staffers,1
rate,1
makeup,1
americans,1
foreseen,1
communist,1
struggle,1
markedly,1
child,1
reduced,1
matter,1
measurement,1
reviewer,1
various,1
wisdom,1
implemented,1
hired,1
sired,1
science,1
fertile,1
observers,1
bring,1
l,1
foreign,1
modus,1
main,1
groups,1
vanished,1
centered,1
short,1
commitment,1
edward,1
holdings,1
subversive,1
socalled,1
modernize,1
progenitor,1
affected,1
lines,1
scandalous,1
resulted,1
adopted,1
notion,1
lodestone,1
communism,1
e,1
lost,1
alone,1
relations,1
progressively,1
sharper,1
preparatory,1
mainstream,1
determined,1
heard,1
orthodoxy,1
experiences,1
strands,1
remaining,1
becoming,1
large,1
complex,1
pages,1
kinds,1
possess,1
use,1
analysis,1
confronting,1
reforms,1
loos,1
united,1
join,1
likely,1
battleground,1
moreover,1
criticism,1
federal,1
recognized,1
firing,1
means,1
approaches,1
propensities,1
enlist,1
contend,1
additionally,1
easily,1
relationships,1
surrogate,1
modern,1
shift,1
serve,1
notwithstanding,1
asserts,1
ensure,1
ring,1
photographs,1
drill,1
spirit,1
assailed,1
supervised,1
chico,1
council,1
approached,1
index,1
management,1
assistant,1
operandi,1
praise,1
emergence,1
mildly,1
transformed,1
constant,1
before,1
days,1
believed,1
teaching,1
counseling,1
impact,1
dominate,1
sharply,1
lacked,1
result,1
field,1
conclusion,1
al,1
involving,1
already,1
odds,1
ladders,1
pedagogical,1
test,1
wastelands,1
experience,1
escalated,1
democratic,1
acclaimed,1
noted,1
said,1
incomplete,1
first,1
awaits,1
additional,1
highlighted,1
pace,1
powerful,1
baby,1
passed,1
else,1
either,1
precise,1
beyond,1
picture,1
considers,1
declining,1
philosophers,1
lightly,1
willard,1
davis,1
worst,1
labor,1
starting,1
inching,1
plight,1
virulent,1
guidance,1
exaggerated,1
set,1
care,1
power,1
m,1
attempts,1
conferences,1
trained,1
others,1
hire,1
remedial,1
thrive,1
preach,1
put,1
appointed,1
graduates,1
degree,1
cultivating,1
shortage,1
commonplace,1
languages,1
facing,1
paper,1
uses,1
intricately,1
efforts,1
declares,1
words,1
specialized,1
gary,1
dramatically,1
suburbs,1
reach,1
estimation,1
principles,1
exigencies,1
innovations,1
seem,1
available,1
abated,1
fundamental,1
transmission,1
xii,1
areas,1
leaders,1
et,1
music,1
variegated,1
found,1
conservative,1
plan,1
expense,1
befell,1
trips,1
strove,1
reminiscent,1
developed,1
crop,1
analyses,1
time,1
children,1
achievement,1
admittedly,1
schooled,1
served,1
able,1
arriving,1
never,1
denver,1
devolve,1
privileged,1
very,1
carleton,1
contemporary,1
proved,1
inherently,1
nurturing,1
resulting,1
mold,1
nevertheless,1
fashion,1
find,1
pattern,1
man,1
help,1
believer,1
rural,1
shielded,1
disruptive,1
reasons,1
type,1
scores,1
adapt,1
advances,1
psychologists,1
kindergarten,1
rudimentary,1
mind,1
state,1
failed,1
further,1
stand,1
instrumental,1
precisely,1
lovely,1
standardized,1
william,1
remarkable,1
play,1
cultural,1
california,1
discipline,1
reading,1
what,1
basics,1
numbers,1
ideological,1
districts,1
johns,1
will,1
leonard,1
inroads,1
does,1
establish,1
teacher,1
whether,1
nature,1
population,1
citizenship,1
form,1
overcrowded,1
see,1
system,1
improvements,1
desires,1
handicapped,1
notes,1
nowhere,1
cloth,1
apace,1
teach,1
particular,1
suspect,1
era,1
necessary,1
takes,1
boast,1
placed,1
focusing,1
xvii,1
core,1
terming,1
indicated,1
metropolitan,1
central,1
assault,1
owing,1
shortfalls,1
mathematics,1
compelled,1
likes,1
has,1
ascendance,1
uppercrust,1
chapter,1
her,1
propensity,1
hopkins,1
number,1
steered,1
recreation,1
incorporate,1
draw,1
hall,1
distinguishes,1
roger,1
haid,1
satisfying,1
another,1
bestor,1
account,1
generally,1
demonstrated,1
entirely,1
welcome,1
suggests,1
capable,1
r,1
apt,1
understanding,1
relief,1
journals,1
diverse,1
spending,1
missionary,1
size,1
campaigns,1
shared,1
discarded,1
visionary,1
drive,1
mccarthyism,1
indiana,1
residents,1
strengths,1
prior,1
industrial,1
thanks,1
rugg,1
undertaken,1
instructor,1
reestablished,1
clear,1
classes,1
mastery,1
writings,1
formal,1
taking,1
point,1
affecting,1
supervision,1
including,1
explains,1
altogether,1
example,1
increase,1
apparent,1
courses,1
dynamic,1
reduction,1
due,1
along,1
department,1
supplies,1
reports,1
techniques,1
izzy,1
imbued,1
reality,1
waste,1
tinge,1
year,1
conventional,1
unfortunately,1
internationally,1
largely,1
obtain,1
frills,1
crusade,1
make,1
harold,1
demonstrates,1
using,1
regarding,1
associating,1
actually,1
egalitarianism,1
knees,1
ties,1
briefer,1
implementation,1
lent,1
thus,1
services,1
our,1
hyman,1
focuses,1
passim,1
professionalism,1
stultifying,1
formation,1
believes,1
purportedly,1
devoted,1
cast,1
constancy,1
rote,1
survival,1
birth,1
years,1
difference,1
neighbor,1
verities,1
open,1
average,1
advent,1
quest,1
wielded,1
analyzing,1
curbing,1
twentieth,1
tables,1
b,1
institutional,1
opens,1
absorb,1
certain,1
townships,1
agreement,1
mode,1
interest,1
retarded,1
ability,1
revolves,1
mixed,1
exhortation,1
indicate,1
organism,1
touches,1
disagree,1
highlighting,1
hard,1
application,1
specialists,1
so,1
insisted,1
guiding,1
him,1
hardly,1
employing,1
illiteracy,1
rooted,1
states,1
century,1
regular,1
woeful,1
troubled,1
politically,1
administrative,1
funds,1
off,1
guided,1
thing,1
consolidation,1
last,1
sharp,1
ward,1
adjustment,1
expressing,1
extremely,1
preschool,1
involved,1
taught,1
blame,1
immigrants,1
campaign,1
men,1
small,1
reputable,1
lax,1
accused,1
favored,1
valued,1
evelyn,1
caveats,1
offered,1
annually,1
exemplifies,1
transreviews,1
defensive,1
mediocre,1
systems,1
promote,1
baldwin,1
between,1
textbooks,1
columbia,1
governments,1
stanley,1
flawed,1
rickover,1
become,1
fate,1
research,1
themselves,1
painted,1
implementing,1
supply,1
libraries,1
manipulative,1
enrollments,1
truly,1
enlightened,1
enterprise,1
experiential,1
availability,1
undemocratic,1
fighting,1
create,1
when,1
postwar,1
successfully,1
savvy,1
drawn,1
gospel,1
democratically,1
charging,1
charges,1
look,1
attracted,1
resistance,1
paid,1
cold,1
boom,1
strong,1
among,1
technological,1
accord,1
facile,1
supporters,1
formative,1
recent,1
clientele,1
enriches,1
attend,1
stone,1
adult,1
meeting,1
sociopolitical,1
pupils,1
attention,1
baggage,1
termed,1
competitive,1
close,1
tragic,1
massive,1
cites,1
examines,1
symbiotic,1
hidden,1
curriculum,1
