WORDCOUNTS,WEIGHT
the,160
of,117
and,89
in,50
a,41
to,34
is,21
that,20
as,18
gender,16
s,15
corporate,14
it,13
women,12
office,12
this,12
workers,12
at,11
these,11
for,11
work,11
female,10
p,10
their,9
was,9
i,9
an,9
on,9
one,8
life,8
not,8
or,8
company,8
book,7
chapter,7
clerical,7
were,7
have,7
but,6
by,6
with,6
insurance,6
history,5
changing,5
business,5
financial,5
new,5
within,5
her,5
literature,5
fine,5
period,5
industry,5
world,5
managers,4
analysis,4
about,4
ways,4
modern,4
social,4
majority,4
could,4
cultural,4
understanding,4
vast,4
like,4
century,4
turn,4
men,4
themselves,4
also,4
without,3
way,3
rather,3
american,3
employees,3
lisa,3
managerial,3
manhood,3
changes,3
importance,3
university,3
position,3
management,3
most,3
physical,3
angel,3
here,3
skyscraper,3
uses,3
my,3
different,3
found,3
domestic,3
those,3
reviews,3
are,3
while,3
number,3
firm,3
when,3
popular,3
its,3
subject,3
use,3
structures,3
central,3
executives,3
own,3
gendered,3
would,3
family,3
industries,2
chronological,2
offices,2
womanhood,2
relationship,2
power,2
arrangement,2
accomplish,2
variety,2
architecture,2
if,2
sometimes,2
johns,2
growth,2
been,2
created,2
result,2
affected,2
lines,2
institutions,2
salesmen,2
still,2
establishes,2
group,2
least,2
united,2
space,2
all,2
lives,2
pp,2
image,2
home,2
workplace,2
culture,2
historian,2
from,2
sales,2
increasingly,2
powerful,2
only,2
chose,2
certainly,2
more,2
familial,2
toward,2
many,2
character,2
fact,2
did,2
appearance,2
plot,2
called,2
particularly,2
service,2
process,2
how,2
reveal,2
end,2
supervisors,2
worker,2
contemporary,2
works,2
written,2
understood,2
political,2
manner,2
existing,2
spatial,2
system,2
answer,2
kwolekfolland,2
public,2
hopkins,2
salesmanship,2
masculinity,2
salesman,2
march,2
bibliographic,2
well,2
status,2
some,2
ideal,2
urban,2
middle,2
both,2
made,2
leisure,2
part,2
press,2
became,2
assumptions,2
furnishings,2
older,2
during,2
much,2
ideas,2
our,2
which,2
economic,2
representations,2
development,2
meanings,2
contradictions,2
readings,2
materials,2
author,2
essay,2
rationalized,2
hard,2
revolution,2
notions,2
piece,2
after,2
standard,2
marriage,2
structural,2
between,2
masculine,2
early,2
progress,2
working,2
even,2
souls,2
describes,2
figures,2
private,2
roles,2
miller,1
will,1
does,1
customers,1
simultaneously,1
states,1
deference,1
york,1
me,1
resolve,1
hallmarks,1
played,1
finish,1
absence,1
taunting,1
car,1
scientific,1
figure,1
cathy,1
main,1
outsiders,1
imagery,1
essence,1
bourgeois,1
impressive,1
informing,1
faults,1
insiders,1
promotional,1
techniques,1
reo,1
organizing,1
play,1
career,1
landscape,1
personnel,1
through,1
levels,1
fewer,1
male,1
myself,1
dimensions,1
players,1
represented,1
transformed,1
analyzes,1
clothes,1
opportunity,1
introduction,1
pervasiveness,1
opportunities,1
began,1
presently,1
collision,1
they,1
terrain,1
grew,1
large,1
interesting,1
terms,1
engendering,1
decisions,1
class,1
systematically,1
competitiveness,1
often,1
efficiency,1
reinforced,1
illustrations,1
powerfully,1
hope,1
word,1
allegorical,1
see,1
wives,1
moves,1
true,1
mother,1
yet,1
rock,1
competing,1
involve,1
means,1
reason,1
businesswomen,1
security,1
category,1
read,1
fraternalism,1
sex,1
wearing,1
increased,1
formally,1
ideals,1
place,1
childcare,1
teens,1
index,1
seems,1
description,1
familiar,1
organized,1
equality,1
teamwork,1
sensitive,1
then,1
perceptive,1
light,1
singular,1
practice,1
arrived,1
salespersons,1
bruce,1
acquainted,1
baltimore,1
conclusion,1
no,1
topical,1
controlled,1
listed,1
nineteenthcentury,1
practices,1
narratives,1
themes,1
department,1
experience,1
simply,1
economically,1
invoked,1
had,1
first,1
additional,1
too,1
rise,1
rationally,1
babbitt,1
functioned,1
statement,1
enterprises,1
ambiguities,1
beyond,1
useful,1
temporal,1
enclaves,1
specifically,1
every,1
dinners,1
organizations,1
astounding,1
inexorable,1
lewis,1
critiques,1
organizational,1
dissertation,1
explain,1
setting,1
subfields,1
omission,1
challenge,1
m,1
forty,1
films,1
important,1
military,1
motor,1
again,1
might,1
death,1
oversized,1
meaning,1
conflicts,1
assessments,1
each,1
intangible,1
addition,1
added,1
segregating,1
complementary,1
paternalism,1
descriptions,1
novel,1
shaped,1
infused,1
consideration,1
stories,1
asserts,1
text,1
secondary,1
down,1
occupations,1
appendix,1
creative,1
precorporate,1
simple,1
constructions,1
match,1
rich,1
admittedly,1
out,1
ridicule,1
impediments,1
trip,1
events,1
very,1
asserting,1
personality,1
state,1
amid,1
arthur,1
inherently,1
historical,1
identities,1
find,1
subsequent,1
man,1
cinderella,1
introduces,1
struggles,1
serious,1
lent,1
rhetoric,1
middleclass,1
last,1
communicating,1
late,1
never,1
took,1
redefined,1
replicated,1
hand,1
kinship,1
growing,1
do,1
domesticity,1
antagonists,1
knows,1
according,1
provident,1
ambiguous,1
explanations,1
innovative,1
theodore,1
economy,1
michigan,1
victims,1
arising,1
combined,1
whether,1
jobs,1
symbols,1
methodological,1
companies,1
less,1
reinforce,1
issue,1
particular,1
nonworking,1
despite,1
material,1
however,1
norms,1
hoped,1
xiv,1
woman,1
writes,1
required,1
metropolitan,1
books,1
companionate,1
sell,1
has,1
opposition,1
advice,1
complicated,1
bastion,1
u,1
america,1
bureaucratic,1
thoroughly,1
recreational,1
feminine,1
remained,1
responded,1
signifier,1
hierarchies,1
another,1
imagine,1
published,1
witnessing,1
positions,1
determined,1
perpetuated,1
carnivales,1
line,1
contributed,1
art,1
divided,1
spaces,1
establishing,1
willy,1
underlings,1
background,1
mutual,1
emphasis,1
level,1
characters,1
arenas,1
liked,1
monitoring,1
writings,1
multiple,1
point,1
except,1
including,1
altogether,1
enormous,1
example,1
outings,1
template,1
duty,1
exploring,1
identity,1
experiencing,1
carrie,1
top,1
intended,1
ritual,1
findings,1
analyzing,1
got,1
identifies,1
expression,1
designate,1
revising,1
picnic,1
wonderful,1
emphasizing,1
policies,1
make,1
raced,1
interestingly,1
goals,1
satisfying,1
think,1
grandeur,1
services,1
individuals,1
chapters,1
proceeds,1
personal,1
focuses,1
gentlemen,1
question,1
enthusiasm,1
california,1
sensibility,1
relationships,1
michelle,1
participate,1
railroads,1
influx,1
considering,1
commercial,1
argument,1
differentiation,1
score,1
dynamics,1
presentist,1
explorations,1
since,1
forerunners,1
barton,1
clubs,1
provoked,1
reality,1
count,1
modem,1
conditions,1
consult,1
messages,1
aristocratic,1
recreating,1
finally,1
change,1
creating,1
individual,1
relations,1
lansing,1
allowed,1
describing,1
love,1
so,1
sinclair,1
topic,1
manager,1
sports,1
echo,1
effects,1
maximize,1
kind,1
defined,1
exercise,1
davidson,1
comforts,1
accurate,1
anyone,1
sexuality,1
salience,1
presenting,1
association,1
construct,1
self,1
around,1
dreiser,1
navigated,1
teams,1
safely,1
favored,1
mobilized,1
thousand,1
convincing,1
profound,1
qualities,1
study,1
six,1
young,1
strength,1
become,1
decline,1
respectively,1
renegotiated,1
nobody,1
effective,1
banking,1
depictions,1
redefinition,1
potent,1
corporations,1
enlightened,1
era,1
other,1
thicker,1
helpful,1
always,1
generally,1
landmark,1
capitalism,1
dominance,1
look,1
traditional,1
wife,1
why,1
need,1
chicago,1
we,1
than,1
notes,1
traditions,1
remasculinized,1
sister,1
professional,1
should,1
edifices,1
weakness,1
acted,1
attention,1
game,1
close,1
massive,1
activities,1
loman,1
