WORDCOUNTS,WEIGHT
the,123
of,105
to,83
peirce,74
in,64
s,56
a,54
and,52
his,42
that,41
he,38
was,37
is,30
brent,30
as,29
for,24
it,22
which,19
not,18
by,18
from,16
this,16
him,15
who,14
had,13
himself,12
on,12
with,11
into,11
have,11
when,11
been,10
about,10
but,10
charles,10
seems,9
what,9
because,9
harvard,9
at,8
all,8
book,8
i,8
enough,8
be,8
even,8
life,7
university,7
or,7
more,7
p,7
perhaps,7
own,7
were,7
if,6
american,6
history,6
are,6
these,6
first,6
also,6
them,6
james,6
science,5
scientific,5
wrote,5
use,5
put,5
fact,5
shows,5
newcomb,5
see,5
coast,5
survey,5
an,5
after,5
sanders,5
world,5
than,5
philosopher,4
one,4
benjamin,4
genius,4
most,4
being,4
people,4
only,4
many,4
did,4
zina,4
out,4
new,4
reviews,4
however,4
has,4
work,4
example,4
its,4
gilman,4
wife,4
we,4
depew,4
go,3
does,3
no,3
she,3
seen,3
philosophy,3
letter,3
why,3
elder,3
rumors,3
biography,3
way,3
t,3
long,3
acquired,3
might,3
intellectual,3
result,3
whom,3
could,3
found,3
time,3
never,3
academic,3
do,3
something,3
less,3
method,3
her,3
while,3
march,3
understanding,3
still,3
press,3
universe,3
fisch,3
facts,3
president,3
years,3
turn,3
family,3
rich,3
few,3
can,3
always,3
up,3
would,3
notes,3
fails,2
may,2
metaphysics,2
explanations,2
led,2
second,2
whose,2
materials,2
wisdom,2
frustration,2
later,2
service,2
toward,2
bound,2
fully,2
sort,2
schemes,2
get,2
whatever,2
suffering,2
says,2
began,2
they,2
grew,2
recognize,2
united,2
hope,2
frank,2
consequences,2
live,2
wives,2
true,2
ways,2
romantic,2
statistical,2
dissertation,2
complete,2
house,2
too,2
already,2
superior,2
scarcely,2
powerful,2
philosophers,2
actually,2
rather,2
law,2
death,2
nature,2
historians,2
best,2
indefinite,2
job,2
how,2
very,2
written,2
eliot,2
philosophical,2
honor,2
though,2
conventional,2
construe,2
johns,2
papers,2
passed,2
narrative,2
juliette,2
taught,2
problem,2
loved,2
died,2
hopkins,2
america,2
day,2
such,2
having,2
simon,2
some,2
lifetime,2
vaguely,2
indiana,2
son,2
women,2
heart,2
fired,2
say,2
part,2
including,2
far,2
became,2
encouraged,2
significant,2
deserted,2
explanatory,2
behavior,2
ever,2
think,2
thereafter,2
throughout,2
states,2
unable,2
man,2
received,2
since,2
sensibilities,2
drug,2
write,2
author,2
finally,2
good,2
hypothesizing,2
david,2
sense,2
hard,2
working,2
love,2
so,2
revolution,2
century,2
off,2
promptly,2
person,2
back,2
become,2
mistress,2
through,2
probably,2
student,2
given,2
among,2
pennsylvania,2
actions,2
decision,2
increasing,1
informative,1
final,1
nepotistic,1
profitable,1
failed,1
pinchot,1
loyal,1
ending,1
kant,1
now,1
challenge,1
tasks,1
together,1
profoundly,1
edison,1
conspired,1
urged,1
business,1
usefully,1
york,1
me,1
dealings,1
forever,1
chances,1
reflects,1
publishing,1
provide,1
matter,1
important,1
melusina,1
sanctity,1
crucial,1
within,1
names,1
psychology,1
generous,1
wendell,1
essence,1
scholar,1
garrison,1
located,1
ratted,1
ironic,1
acquires,1
adapt,1
decades,1
institution,1
extreme,1
inside,1
colleagues,1
eminent,1
nobody,1
immortals,1
unconsciously,1
defuse,1
pierce,1
dipsomania,1
mean,1
success,1
attempt,1
transformed,1
boss,1
suffer,1
above,1
totally,1
loveables,1
worse,1
suppose,1
fullerton,1
connected,1
oddly,1
properties,1
boy,1
trigeminal,1
unsuccessful,1
premises,1
talk,1
told,1
generally,1
needed,1
derived,1
direct,1
christian,1
hold,1
hate,1
denied,1
systematically,1
popping,1
often,1
assigned,1
responsible,1
myth,1
illustrations,1
fateful,1
tend,1
quite,1
designed,1
infidelity,1
ludwig,1
animals,1
once,1
rootedness,1
collect,1
competition,1
cannot,1
h,1
interpretation,1
canonical,1
puzzles,1
sinister,1
core,1
permission,1
accounts,1
itself,1
lives,1
face,1
swagger,1
favor,1
structure,1
pp,1
presidents,1
deadbeat,1
paying,1
suspicious,1
country,1
albert,1
bad,1
ardent,1
joseph,1
deflect,1
want,1
forest,1
meant,1
wanted,1
self,1
under,1
professionalized,1
consider,1
matters,1
peers,1
censorious,1
key,1
sorts,1
fixed,1
arrogant,1
character,1
abusive,1
descent,1
environment,1
slyly,1
habits,1
wittgenstein,1
hellish,1
falls,1
their,1
cocaine,1
eventually,1
quarrels,1
any,1
thinking,1
pharmacobiographical,1
pragmatist,1
director,1
veblen,1
days,1
following,1
breach,1
reviewing,1
promotion,1
every,1
buffer,1
nice,1
instrument,1
right,1
permanently,1
covers,1
must,1
rescued,1
four,1
thorstein,1
department,1
experience,1
bierstadt,1
congress,1
everybody,1
hoped,1
officially,1
noted,1
speaking,1
max,1
anything,1
awareness,1
scrutiny,1
detective,1
scientist,1
social,1
concentrate,1
tropes,1
isolation,1
followed,1
physical,1
failing,1
investors,1
sources,1
tries,1
according,1
party,1
abetted,1
commission,1
fay,1
uniformly,1
lewis,1
successfully,1
victorian,1
french,1
fifties,1
index,1
galton,1
other,1
hysterical,1
set,1
theory,1
famed,1
assert,1
power,1
metaphysical,1
mumford,1
sometimes,1
mysterious,1
fell,1
meddle,1
prickly,1
feelings,1
entangled,1
providing,1
hire,1
force,1
academy,1
morphine,1
view,1
over,1
conceived,1
slowly,1
incapable,1
beautiful,1
aggrieved,1
stuffy,1
addition,1
commonplace,1
henry,1
genteel,1
bloomington,1
skills,1
phillips,1
bumped,1
my,1
confirmed,1
worth,1
engaged,1
cultivate,1
protege,1
scotched,1
sooner,1
revisability,1
someone,1
available,1
believe,1
gone,1
tradition,1
divorce,1
withheld,1
down,1
throw,1
putting,1
walked,1
desire,1
geniuses,1
great,1
jealously,1
ought,1
husband,1
access,1
regard,1
indeed,1
ambitions,1
then,1
kantian,1
troubles,1
able,1
tells,1
harriet,1
enemy,1
composition,1
end,1
shocking,1
getting,1
spiritualism,1
everything,1
expense,1
geodesic,1
products,1
evening,1
luxury,1
real,1
cities,1
antipathy,1
evolving,1
acetylene,1
convert,1
royce,1
help,1
past,1
placing,1
protect,1
habit,1
lodge,1
base,1
roosevelt,1
rural,1
works,1
biographers,1
strength,1
participant,1
devised,1
ignominy,1
late,1
glory,1
mind,1
feminist,1
further,1
justify,1
promoted,1
clarity,1
mr,1
raised,1
those,1
indulgence,1
dismissal,1
william,1
didn,1
founder,1
traits,1
boxes,1
deficits,1
realize,1
poverty,1
manner,1
career,1
reading,1
somewhat,1
where,1
theodore,1
reform,1
couldn,1
confused,1
similar,1
daniel,1
evolution,1
sleek,1
gravitational,1
tragedy,1
arrays,1
relevant,1
terms,1
nonmechanistic,1
playful,1
triggered,1
meditate,1
meet,1
references,1
nowhere,1
case,1
purchased,1
lifework,1
quote,1
priori,1
handled,1
material,1
thirty,1
fashionable,1
dissemination,1
nothing,1
suspect,1
toney,1
forthcoming,1
mortal,1
spiritual,1
your,1
woman,1
belief,1
grass,1
blackballed,1
circumstances,1
thus,1
boltzmann,1
peirces,1
spoil,1
victorians,1
money,1
misunderstood,1
acquirements,1
scene,1
pragmatists,1
irresistible,1
verbally,1
touch,1
linked,1
bureaucratic,1
pursued,1
noticed,1
clearly,1
almost,1
hesitate,1
persecutors,1
obligations,1
felt,1
protected,1
greatest,1
justly,1
revealed,1
modesty,1
finish,1
condition,1
druggie,1
secured,1
father,1
unreasonable,1
coldly,1
contractual,1
both,1
bibliography,1
schuster,1
neck,1
determinism,1
upon,1
level,1
carries,1
emergent,1
baudelaire,1
crossed,1
measuring,1
future,1
mathematician,1
machinations,1
pain,1
taking,1
leads,1
except,1
concentration,1
stops,1
babyhood,1
civil,1
conception,1
laws,1
reprehensible,1
knowledge,1
sufficiently,1
besetting,1
three,1
goes,1
nation,1
duty,1
innocent,1
stoutly,1
rampant,1
tendencies,1
opportunity,1
positions,1
reports,1
caught,1
tried,1
unusually,1
lies,1
straighten,1
marginalized,1
got,1
lengths,1
entirely,1
sexually,1
literature,1
prevented,1
implications,1
adrift,1
gave,1
predictably,1
gifford,1
largely,1
antecedently,1
fail,1
sign,1
positivists,1
make,1
appointed,1
socially,1
literally,1
carnegie,1
interestingly,1
categories,1
psychobiographical,1
beginnings,1
mention,1
fashion,1
neuralgia,1
maintained,1
ideas,1
probability,1
writing,1
learned,1
underestimates,1
increasingly,1
victim,1
insensibly,1
construed,1
complicit,1
actual,1
varied,1
domination,1
services,1
disreputable,1
horrified,1
come,1
named,1
trip,1
personal,1
belated,1
false,1
resentments,1
fungus,1
avoid,1
importantly,1
peculiar,1
hardened,1
california,1
anticipating,1
charges,1
xviii,1
shelter,1
inquiries,1
famously,1
project,1
explained,1
monopoly,1
rejected,1
editor,1
status,1
marry,1
reputation,1
warmhearted,1
cambridge,1
currents,1
earth,1
astronomer,1
ucla,1
torturer,1
graduate,1
else,1
twentieth,1
josiah,1
stress,1
errors,1
comprehensive,1
unmarried,1
sought,1
washington,1
points,1
immaturity,1
aware,1
mode,1
aided,1
coit,1
terminally,1
exemplary,1
ray,1
serious,1
course,1
immorality,1
state,1
decided,1
although,1
attractors,1
afford,1
themes,1
threw,1
promiscuous,1
d,1
field,1
audacity,1
cataloguing,1
questionable,1
living,1
staying,1
pay,1
high,1
debts,1
excuse,1
displaced,1
compensating,1
hired,1
maker,1
senator,1
france,1
you,1
snake,1
obtained,1
piece,1
warrant,1
kind,1
order,1
erected,1
sober,1
cabot,1
last,1
physiobiographical,1
owned,1
came,1
steadfastly,1
thomas,1
typology,1
probabilities,1
reporting,1
around,1
better,1
spent,1
small,1
pages,1
dwell,1
lighting,1
times,1
doubtless,1
wasn,1
turned,1
conclusions,1
treats,1
behind,1
profound,1
potential,1
cousin,1
marriage,1
replace,1
alleviate,1
penetrated,1
classmates,1
monk,1
catatonically,1
certainly,1
young,1
tragic,1
xiv,1
models,1
mystery,1
eugenical,1
grant,1
c,1
distinguished,1
compared,1
charged,1
hotel,1
mishandling,1
drove,1
upbringing,1
dismissed,1
encyclopedia,1
forms,1
gibbs,1
employers,1
overwhelmed,1
clever,1
like,1
averages,1
error,1
jericho,1
brevoot,1
vision,1
renewed,1
fatally,1
sin,1
crumbling,1
sebeok,1
maxwell,1
painter,1
traditional,1
spite,1
patrons,1
marital,1
save,1
apparently,1
deeply,1
here,1
famous,1
responsibility,1
value,1
professional,1
fellow,1
ago,1
deficiency,1
lincoln,1
finds,1
daughter,1
built,1
function,1
attention,1
greek,1
am,1
la,1
settle,1
close,1
bombs,1
determinate,1
dandy,1
promising,1
collegial,1
walls,1
