WORDCOUNTS,WEIGHT
the,204
of,165
and,124
in,75
to,72
a,53
s,31
culture,27
london,27
cultural,26
their,25
as,24
that,20
american,18
with,18
its,17
from,16
for,16
one,15
not,15
by,15
production,14
artistic,14
it,13
on,13
british,12
provincial,12
brewer,12
at,11
he,11
was,11
into,11
works,11
art,11
who,11
an,11
britain,11
english,10
but,10
were,10
own,10
is,10
century,9
his,9
history,9
no,9
these,9
book,9
did,9
court,9
writers,9
national,9
after,9
little,9
circles,8
they,8
about,8
polite,8
or,8
had,8
out,8
like,8
than,8
arts,7
many,7
shields,7
new,7
where,7
colonial,7
high,7
taste,7
pleasures,6
only,6
came,6
colonies,6
eighteenth,6
city,6
imagination,6
us,5
bushman,5
letters,5
set,5
england,5
great,5
john,5
america,5
reviews,5
criticism,5
local,5
civil,5
which,5
clubs,5
conversation,5
charles,5
themselves,5
through,5
society,5
civilization,4
metropolis,4
if,4
how,4
claimed,4
them,4
life,4
seward,4
painters,4
most,4
first,4
heritage,4
all,4
country,4
literary,4
artists,4
tradition,4
best,4
centers,4
debates,4
poetry,4
big,4
p,4
provincials,4
apple,4
tongues,4
nation,4
music,4
until,4
years,4
so,4
theater,4
up,4
copyright,4
formed,4
revolution,3
independent,3
rather,3
will,3
performance,3
argues,3
profusion,3
center,3
essays,3
under,3
home,3
just,3
anthologies,3
being,3
lichfield,3
more,3
royal,3
societies,3
could,3
provinces,3
musicians,3
audience,3
take,3
americans,3
i,3
last,3
johnson,3
produced,3
metropolitan,3
professionals,3
booksellers,3
while,3
shakespeare,3
because,3
half,3
remained,3
anna,3
some,3
understanding,3
richard,3
point,3
actors,3
gave,3
pleasure,3
questions,3
come,3
this,3
september,3
does,3
samuel,3
published,3
david,3
belletrists,3
houses,3
left,3
much,3
dramatists,3
tonsons,3
higher,2
flourished,2
york,2
publishing,2
joshua,2
european,2
george,2
later,2
kenneth,2
bring,2
productions,2
tiny,2
groups,2
plays,2
begin,2
discredited,2
institutions,2
independence,2
growth,2
lost,2
copley,2
collections,2
judgment,2
says,2
expect,2
large,2
silverman,2
artist,2
magazines,2
thought,2
serve,2
poets,2
university,2
theatre,2
claims,2
taverns,2
critical,2
then,2
any,2
wealth,2
garrick,2
something,2
bard,2
verse,2
argued,2
version,2
too,2
age,2
superior,2
social,2
engravings,2
rival,2
members,2
lyman,2
flavor,2
ii,2
account,2
restoration,2
over,2
printing,2
hanovers,2
towns,2
drohr,2
genteel,2
editions,2
communal,2
entirely,2
leading,2
alexander,2
histories,2
together,2
display,2
color,2
aristocratic,2
lived,2
streets,2
farther,2
edition,2
transit,2
glory,2
readers,2
latest,2
those,2
political,2
though,2
wit,2
market,2
literature,2
persons,2
see,2
rising,2
occasional,2
existence,2
passed,2
perhaps,2
struggling,2
vitality,2
charleston,2
none,2
publishers,2
urban,2
work,2
place,2
examples,2
made,2
splendid,2
reader,2
west,2
far,2
related,2
end,2
top,2
galleries,2
went,2
realm,2
have,2
has,2
reynolds,2
virtually,2
morality,2
ideas,2
ranked,2
writing,2
commercial,2
dramas,2
against,2
authors,2
paintings,2
commerce,2
painting,2
critics,2
theaters,2
coffeehouses,2
exchange,2
small,2
writings,2
endowed,2
few,2
back,2
between,2
pouring,2
played,2
compared,2
bell,2
third,2
be,2
early,2
fell,2
recent,2
capitol,2
talent,2
moved,2
mentioned,1
subsequently,1
grasped,1
gouverneur,1
may,1
tea,1
implicitly,1
lesser,1
rights,1
portion,1
superiority,1
communities,1
now,1
interwoven,1
tavern,1
bookseller,1
profoundly,1
philadelphia,1
ingest,1
business,1
abundance,1
added,1
doubts,1
promulgation,1
dross,1
overflowing,1
way,1
bringing,1
act,1
declared,1
mingled,1
managers,1
mother,1
wary,1
usually,1
foreign,1
next,1
throve,1
pull,1
across,1
short,1
wrote,1
indeed,1
angeles,1
novelists,1
providing,1
purposes,1
presents,1
concern,1
migrated,1
movers,1
landscape,1
affected,1
celebration,1
gravitational,1
criticized,1
parent,1
appreciation,1
eminent,1
hive,1
dynasty,1
patronage,1
determine,1
concerns,1
promise,1
connection,1
object,1
army,1
conceptions,1
giroux,1
outline,1
festival,1
starts,1
make,1
manuscript,1
domination,1
orbit,1
fecund,1
legal,1
sponsored,1
wider,1
sending,1
farrar,1
constituted,1
talk,1
rapidly,1
similarly,1
literati,1
scoff,1
complex,1
replaced,1
londons,1
sixty,1
inhabited,1
loss,1
pages,1
almanacs,1
lieutenants,1
wishing,1
year,1
lacking,1
effective,1
consuming,1
elaborated,1
illustrations,1
fighting,1
needed,1
unknown,1
trickle,1
impressed,1
united,1
principle,1
once,1
sentence,1
witty,1
xxx,1
scattered,1
geniuses,1
kings,1
composed,1
education,1
derivative,1
yet,1
initative,1
canonical,1
support,1
centuries,1
citizens,1
observer,1
colleges,1
meanwhile,1
itself,1
understand,1
treaty,1
fletcher,1
club,1
genius,1
worlds,1
read,1
faculties,1
environment,1
benjamin,1
inauguration,1
halls,1
parts,1
conscious,1
joseph,1
plus,1
pp,1
discussions,1
consumers,1
praise,1
definitive,1
inspiration,1
feke,1
detail,1
extensions,1
improvement,1
neither,1
western,1
coffeehouse,1
thesis,1
index,1
hometown,1
share,1
seriously,1
wars,1
nursling,1
question,1
uncertainly,1
canons,1
before,1
xxix,1
complete,1
delight,1
aspiring,1
days,1
growing,1
elevated,1
warhman,1
dominate,1
corruption,1
house,1
demonstrates,1
source,1
stuarts,1
complexity,1
defined,1
queens,1
imitating,1
assemblies,1
cousins,1
disputed,1
circumstances,1
hoping,1
leads,1
meant,1
forge,1
qualified,1
simply,1
clothe,1
experienced,1
enforce,1
she,1
pinnacle,1
scotland,1
piles,1
implied,1
follow,1
enterprises,1
poor,1
either,1
beyond,1
dale,1
volume,1
palace,1
sources,1
artisans,1
titles,1
long,1
monarch,1
every,1
ceremony,1
boundary,1
annapolis,1
potency,1
imprints,1
prolific,1
creation,1
also,1
amateurs,1
populations,1
offers,1
aristocrats,1
voices,1
achieving,1
interests,1
law,1
exclusive,1
eighteenthcentury,1
care,1
give,1
raged,1
drama,1
elevate,1
seem,1
others,1
blair,1
privacy,1
put,1
disappeared,1
partly,1
energy,1
each,1
sure,1
greater,1
arbiters,1
pantheon,1
opening,1
uses,1
standards,1
are,1
historiography,1
circulated,1
words,1
novel,1
based,1
shows,1
longer,1
lead,1
shaped,1
onwards,1
historians,1
deprived,1
treatment,1
europe,1
patronized,1
conduct,1
head,1
intelligibility,1
print,1
drown,1
kingship,1
borders,1
estimation,1
hands,1
puritanical,1
careers,1
ben,1
developed,1
discrete,1
forces,1
choice,1
indifferent,1
eventually,1
iii,1
match,1
follows,1
rule,1
break,1
larger,1
classical,1
charge,1
commotion,1
government,1
labored,1
teeming,1
foundation,1
tells,1
onto,1
exuberant,1
very,1
state,1
hopkins,1
jacket,1
anyway,1
products,1
hacks,1
grip,1
cities,1
jonson,1
eat,1
distinctive,1
ambition,1
other,1
initial,1
almost,1
called,1
conferred,1
suits,1
anne,1
appeared,1
sermons,1
scores,1
threatening,1
slips,1
never,1
turned,1
took,1
fits,1
tastes,1
believed,1
provincialism,1
ranking,1
beginning,1
outlook,1
paris,1
same,1
robert,1
william,1
founder,1
understood,1
equal,1
invalid,1
wales,1
technical,1
reading,1
war,1
promoters,1
johns,1
discuss,1
vauxhall,1
existing,1
combined,1
province,1
sharpened,1
circumvent,1
coffee,1
less,1
system,1
garments,1
issue,1
multitudinous,1
concerts,1
intertwined,1
zealously,1
takes,1
practice,1
leveling,1
steele,1
dancing,1
disliked,1
however,1
deep,1
portraitists,1
important,1
emulating,1
edges,1
mere,1
states,1
explain,1
pulsing,1
connoisseurs,1
stretching,1
hamilton,1
save,1
lattice,1
public,1
prone,1
forging,1
earlier,1
adverse,1
cornucopia,1
scene,1
shot,1
argument,1
drink,1
wants,1
chancery,1
heed,1
linked,1
hall,1
aspiration,1
failure,1
civilized,1
produce,1
design,1
tonson,1
chapter,1
another,1
indifference,1
gardens,1
mills,1
simon,1
newspapermen,1
development,1
emanating,1
genre,1
sifting,1
line,1
greatest,1
mapped,1
quality,1
used,1
divided,1
fourteen,1
father,1
drive,1
popular,1
compositions,1
survive,1
schama,1
both,1
magnificent,1
boston,1
bibliography,1
failings,1
naked,1
beaumont,1
los,1
hang,1
worden,1
hundred,1
umbrella,1
leisure,1
incidents,1
conform,1
neatly,1
lords,1
professor,1
portraying,1
pass,1
brought,1
refinement,1
story,1
say,1
except,1
copyrights,1
riches,1
introduced,1
sea,1
establishment,1
despite,1
republican,1
example,1
clerical,1
shone,1
depended,1
apparent,1
calls,1
actuality,1
bottom,1
play,1
press,1
became,1
along,1
monarchs,1
herself,1
recover,1
identity,1
dryden,1
wonder,1
tried,1
traditional,1
transition,1
respectable,1
personally,1
texture,1
sodalities,1
eroded,1
measure,1
extended,1
connoisseur,1
unfortunately,1
paints,1
lights,1
anything,1
crackled,1
straus,1
brilliance,1
troops,1
londoners,1
tables,1
printers,1
phenomenon,1
engaging,1
maintained,1
dispensed,1
learned,1
structures,1
astutely,1
trend,1
build,1
central,1
sparked,1
pamphlets,1
remarks,1
merit,1
hung,1
eager,1
personal,1
full,1
raising,1
sees,1
fascinated,1
machine,1
distributors,1
elegant,1
comparable,1
promoted,1
formation,1
devoted,1
hack,1
canvas,1
oratorios,1
generation,1
author,1
pattern,1
monopoly,1
fought,1
such,1
inner,1
status,1
knew,1
interested,1
inevitable,1
riotous,1
consumed,1
bent,1
feast,1
hordes,1
finding,1
moral,1
else,1
swirled,1
creators,1
towards,1
sprang,1
embryonic,1
covered,1
hampered,1
washington,1
doctor,1
finally,1
broker,1
superbly,1
peter,1
ireland,1
smibert,1
spawned,1
good,1
change,1
dozen,1
unending,1
held,1
contributed,1
instead,1
raises,1
salons,1
enlightenment,1
paint,1
sense,1
envy,1
started,1
presented,1
consumption,1
flood,1
period,1
spread,1
downplayed,1
opinions,1
workers,1
courtiers,1
him,1
tempts,1
wished,1
politicians,1
shakers,1
arrivals,1
shameful,1
obtained,1
order,1
drives,1
forming,1
degeneracy,1
flurries,1
backwater,1
assemble,1
rank,1
sir,1
wahrman,1
immortal,1
addison,1
thomas,1
remains,1
nor,1
honored,1
paradise,1
around,1
forms,1
instruction,1
plates,1
sociability,1
restricting,1
roughly,1
class,1
keep,1
perspective,1
began,1
valued,1
controversies,1
treats,1
outside,1
pride,1
written,1
recreates,1
news,1
besides,1
mediocre,1
artisan,1
migrating,1
physician,1
columbia,1
arrange,1
concert,1
colorful,1
served,1
wholly,1
shadows,1
dates,1
shallow,1
fit,1
countryside,1
spenser,1
jacob,1
reached,1
consisted,1
do,1
fashions,1
structure,1
occasions,1
create,1
singleton,1
would,1
recur,1
even,1
mix,1
dominance,1
content,1
pays,1
participant,1
looked,1
morris,1
images,1
world,1
among,1
we,1
explains,1
deeper,1
drew,1
tired,1
professional,1
chain,1
virtue,1
building,1
proceed,1
theatrical,1
valid,1
heyday,1
tuesday,1
attention,1
resistant,1
decay,1
dust,1
enjoy,1
major,1
paralleling,1
minions,1
restores,1
britains,1
seemed,1
xxv,1
looking,1
perpetual,1
pope,1
