WORDCOUNTS,WEIGHT
the,131
and,120
of,72
in,56
to,37
that,22
on,22
a,20
american,16
southern,15
brown,15
as,14
south,13
his,12
revenuers,11
s,11
west,11
regional,10
these,10
moonshiners,9
for,9
federal,8
western,8
history,8
from,8
are,8
revenue,8
new,8
enforcement,8
miller,7
two,7
other,7
cultural,7
regions,7
author,7
he,6
they,6
is,6
studies,6
culture,6
how,6
reconstruction,6
david,6
at,5
economic,5
their,5
under,5
but,5
more,5
important,5
efforts,5
p,5
war,5
historians,5
blockaders,5
were,5
such,5
d,5
james,5
than,5
may,4
states,4
comparative,4
one,4
regionalism,4
united,4
with,4
gunfighters,4
university,4
comparisons,4
w,4
social,4
law,4
control,4
able,4
influences,4
political,4
primary,4
richard,4
policies,4
which,4
national,4
wilbur,4
have,4
it,3
not,3
compares,3
york,3
no,3
raum,3
changes,3
violence,3
or,3
n,3
etulain,3
theme,3
volume,3
sources,3
retreat,3
out,3
larger,3
works,3
written,3
what,3
reviews,3
america,3
briefly,3
r,3
press,3
duty,3
its,3
resisters,3
conflict,3
chapters,3
california,3
this,3
against,3
although,3
an,3
suggest,3
mountain,3
between,3
be,3
even,3
also,3
notes,3
profiles,3
late,2
without,2
within,2
zelinsky,2
raymond,2
brief,2
doctrine,2
klansmen,2
intriguing,2
kept,2
legal,2
carl,2
ix,2
class,2
often,2
essays,2
southerners,2
frontier,2
cresswell,2
yet,2
modern,2
pp,2
pressures,2
notable,2
legacies,2
publications,2
index,2
was,2
railroad,2
nineteenth,2
traces,2
monograph,2
series,2
by,2
most,2
increasingly,2
e,2
first,2
additional,2
slough,2
evidence,2
mussel,2
secondary,2
conflicts,2
cobb,2
books,2
addition,2
determined,2
novel,2
subject,2
possibilities,2
gunmen,2
scholars,2
opposing,2
together,2
wall,2
forces,2
rich,2
government,2
incorporation,2
noting,2
hackett,2
texas,2
readers,2
moonshine,2
furnishes,2
british,2
case,2
gastil,2
however,2
montejano,2
gregory,2
while,2
bureaucratic,2
mormons,2
violent,2
jack,2
chapter,2
discussion,2
supplies,2
greene,2
values,2
region,2
four,2
example,2
gender,2
must,2
discussions,2
abbott,2
demonstrates,2
questions,2
whisnant,2
like,2
examination,2
review,2
significance,2
three,2
liquor,2
points,2
interest,2
meinig,2
characterized,2
walter,2
field,2
topic,2
order,2
fischer,2
better,2
needs,2
june,2
study,2
newspapers,2
c,2
topics,2
generally,2
story,2
maxwell,2
resistance,2
north,2
recent,2
leadership,2
attention,2
examines,2
ethic,1
settlers,1
final,1
gunfight,1
higher,1
surpasses,1
will,1
bernard,1
waxing,1
battle,1
does,1
archives,1
now,1
exhaustively,1
extraregional,1
casualty,1
pacific,1
informs,1
continetulain,1
scrutinize,1
disposed,1
o,1
americans,1
marginally,1
mexico,1
okie,1
limits,1
mix,1
common,1
partisanship,1
uing,1
noble,1
continued,1
stuart,1
george,1
rather,1
avoiding,1
bureaucrats,1
assert,1
mentions,1
answered,1
foreign,1
employed,1
groups,1
wendell,1
defenders,1
tussle,1
synthesis,1
maps,1
novelists,1
encouraged,1
hill,1
forced,1
albion,1
indispensable,1
deadly,1
motivated,1
heresy,1
relentlessly,1
preparing,1
model,1
bowl,1
ransacking,1
brings,1
difficult,1
mean,1
outlaws,1
who,1
success,1
community,1
seen,1
detailed,1
establishes,1
embarking,1
force,1
brilliantly,1
worse,1
bill,1
manuscript,1
persistent,1
experiences,1
standing,1
similar,1
b,1
likewise,1
inconsequential,1
ask,1
hold,1
volumes,1
religious,1
lieutenants,1
k,1
produced,1
provinces,1
illustrations,1
illuminating,1
offering,1
superb,1
crackdowns,1
michael,1
frank,1
once,1
oxford,1
competition,1
onomic,1
anglos,1
holmes,1
supporting,1
english,1
enforced,1
vignettes,1
untold,1
subregional,1
centuries,1
reference,1
all,1
involvement,1
face,1
cowboys,1
struggle,1
builds,1
thought,1
retake,1
england,1
devoto,1
frontiers,1
sensationalism,1
weaker,1
overlook,1
addressed,1
stephen,1
selective,1
statistical,1
into,1
historiographical,1
aura,1
then,1
linked,1
spoke,1
formation,1
section,1
defensiveness,1
cultures,1
elsewhereglancingly,1
anecdotal,1
shifting,1
taken,1
hickok,1
gradually,1
conclusion,1
ingredients,1
northeastern,1
westerners,1
indian,1
frequently,1
too,1
materials,1
solid,1
turning,1
insights,1
age,1
provocative,1
themes,1
different,1
show,1
acceptance,1
bernhard,1
reports,1
simply,1
mythologizing,1
delta,1
georgia,1
origins,1
powerful,1
perceptively,1
efficient,1
useful,1
supported,1
street,1
long,1
party,1
members,1
policing,1
instance,1
tour,1
meriting,1
plundered,1
permanent,1
here,1
tombstone,1
centralizing,1
attacks,1
suit,1
sections,1
clarence,1
ii,1
business,1
cover,1
attempts,1
faced,1
providing,1
again,1
address,1
drawing,1
rapid,1
power,1
virulent,1
many,1
illuminate,1
greater,1
ranchers,1
opening,1
uses,1
historiography,1
only,1
lengthy,1
pursuits,1
book,1
homestead,1
scientists,1
did,1
incorporating,1
xii,1
areas,1
leaders,1
down,1
creative,1
utilizing,1
printed,1
plundering,1
search,1
documents,1
critically,1
presence,1
regard,1
developed,1
domestic,1
farmers,1
analyses,1
effort,1
particularly,1
brothers,1
vanishing,1
reacted,1
diverse,1
clearly,1
can,1
mississippi,1
census,1
launched,1
court,1
carolina,1
enforcing,1
pioneer,1
contemporary,1
encouraging,1
kinship,1
take,1
pennsylvania,1
happiness,1
royce,1
initial,1
feature,1
oliver,1
merely,1
resorting,1
date,1
hand,1
utley,1
do,1
beginning,1
romanticized,1
skilfully,1
ground,1
robert,1
supporters,1
pointing,1
differences,1
complicated,1
focused,1
rent,1
alabama,1
signs,1
revise,1
appalachian,1
attempting,1
johns,1
obscures,1
romanticism,1
centerfor,1
reservation,1
racial,1
treat,1
burns,1
reactions,1
them,1
selected,1
limns,1
contested,1
less,1
see,1
system,1
cloying,1
ones,1
making,1
accounts,1
pursue,1
confrontation,1
gilded,1
trinity,1
takes,1
practice,1
maintain,1
attitudes,1
subway,1
resulted,1
core,1
protagonists,1
abbreviated,1
perhaps,1
raids,1
native,1
theory,1
pundits,1
stretching,1
conclude,1
east,1
hopkins,1
directly,1
devotes,1
because,1
thoroughly,1
victims,1
president,1
insured,1
well,1
earth,1
pitted,1
tack,1
taxes,1
colonies,1
another,1
information,1
local,1
incident,1
howard,1
emphasis,1
possible,1
probing,1
bipartisanship,1
politics,1
line,1
outbursts,1
aptly,1
ball,1
illustrate,1
work,1
anecdotes,1
atlantic,1
planning,1
mondale,1
overviews,1
submission,1
reaction,1
powers,1
some,1
bibliography,1
powered,1
upon,1
exodus,1
writers,1
speculates,1
circumstances,1
fine,1
future,1
sides,1
concept,1
whatever,1
disparate,1
little,1
supply,1
lake,1
including,1
treating,1
civil,1
laws,1
cited,1
collecting,1
trends,1
conceptualizations,1
along,1
convinced,1
waning,1
identity,1
clarifies,1
intended,1
impose,1
findings,1
agents,1
subregion,1
gulf,1
probably,1
compilations,1
modernization,1
gave,1
mexicans,1
steiner,1
largely,1
sand,1
focus,1
place,1
has,1
summarizes,1
numerous,1
families,1
engaging,1
mention,1
wherever,1
smoothly,1
expanded,1
writing,1
goals,1
ethnic,1
statistics,1
central,1
goal,1
rewarding,1
contrasts,1
prepared,1
webb,1
examinations,1
focuses,1
disciplined,1
novels,1
continues,1
wild,1
elucidates,1
dew,1
sound,1
shown,1
until,1
showing,1
goetz,1
bush,1
facts,1
years,1
editor,1
development,1
peripheral,1
crises,1
meanings,1
holy,1
grassroots,1
strongest,1
rationalization,1
moral,1
twentieth,1
josiah,1
conditions,1
sentimentalism,1
comparing,1
de,1
finally,1
subregionalism,1
soldiers,1
arkansas,1
pawns,1
domain,1
spawned,1
wish,1
published,1
dramatizes,1
documentation,1
unyielding,1
general,1
decided,1
relations,1
instead,1
honest,1
closing,1
unpopular,1
happenings,1
successful,1
shootout,1
heightened,1
participating,1
jr,1
green,1
shaping,1
utilizes,1
writer,1
century,1
register,1
renders,1
variously,1
leniency,1
off,1
earlier,1
quite,1
cases,1
emerging,1
distinct,1
nor,1
involved,1
family,1
small,1
glorified,1
bay,1
spine,1
several,1
deputies,1
comparison,1
especially,1
labels,1
mounting,1
few,1
migration,1
subjects,1
defensive,1
annotations,1
revealing,1
divisions,1
actions,1
chapel,1
county,1
acts,1
northern,1
dramatic,1
become,1
research,1
themselves,1
successors,1
compared,1
retreating,1
scholarship,1
examine,1
norris,1
folkways,1
era,1
churches,1
larry,1
find,1
early,1
civilian,1
up,1
seed,1
drawn,1
corral,1
looks,1
those,1
parameters,1
much,1
world,1
figures,1
geography,1
among,1
border,1
lamar,1
roots,1
decidedly,1
traditions,1
achieves,1
so,1
pulling,1
popularizers,1
lincoln,1
roles,1
influence,1
generalship,1
dust,1
race,1
valuable,1
clans,1
confrontations,1
prescott,1
major,1
justice,1
beg,1
react,1
society,1
draw,1
capitalistic,1
thorough,1
edited,1
