WORDCOUNTS,WEIGHT
the,276
of,120
and,96
in,76
to,66
a,56
that,47
as,39
blair,35
s,32
confederacy,29
confederate,25
not,23
was,23
for,23
war,23
it,21
their,21
is,20
on,18
with,17
but,17
he,16
at,15
his,15
they,15
its,15
other,14
historians,14
by,13
virginia,13
were,13
government,12
many,11
did,11
there,11
cause,11
if,10
american,10
rebel,10
which,10
virginians,10
this,10
south,9
about,9
had,9
from,9
most,9
state,9
have,9
be,9
who,8
citizens,8
or,8
more,8
civil,8
than,8
no,7
why,7
are,7
home,7
those,7
see,7
some,7
morale,7
people,7
so,7
northern,7
will,6
army,6
one,6
history,6
these,6
military,6
union,6
well,6
point,6
part,6
would,6
north,6
an,6
does,5
i,5
lost,5
support,5
ash,5
confederates,5
too,5
lee,5
out,5
nationalism,5
however,5
public,5
when,5
front,5
popular,5
states,5
high,5
especially,5
even,5
much,5
we,5
rebeldom,5
slavery,4
ways,4
e,4
southern,4
led,4
white,4
reason,4
into,4
any,4
experience,4
only,4
book,4
could,4
reform,4
how,4
very,4
do,4
william,4
reviews,4
has,4
another,4
line,4
became,4
religion,4
invaders,4
least,4
evidence,4
after,4
davis,4
also,4
ending,3
battlefield,3
economic,3
been,3
ideology,3
buffs,3
president,3
study,3
moreover,3
makes,3
read,3
win,3
university,3
secession,3
necessarily,3
conscription,3
two,3
simply,3
defeat,3
charles,3
long,3
starting,3
over,3
all,3
december,3
shows,3
scholars,3
effort,3
time,3
them,3
jefferson,3
material,3
deep,3
find,3
failure,3
low,3
demands,3
made,3
story,3
through,3
example,3
nation,3
against,3
southerners,3
during,3
thus,3
our,3
argument,3
soldiers,3
victory,3
interest,3
thing,3
old,3
few,3
yankees,3
generally,3
postwar,3
probably,3
finds,3
mania,2
without,2
common,2
george,2
representing,2
crucial,2
april,2
still,2
pointed,2
reenactors,2
contribution,2
grew,2
talk,2
analysis,2
hope,2
factors,2
yet,2
soul,2
understand,2
desertion,2
burdens,2
god,2
stephen,2
us,2
eventually,2
then,2
days,2
n,2
numbers,2
weak,2
wartime,2
show,2
romance,2
vietnam,2
dissension,2
majority,2
here,2
consideration,2
m,2
toward,2
might,2
view,2
refused,2
flat,2
greater,2
families,2
overwhelming,2
capital,2
leaders,2
down,2
found,2
great,2
strength,2
richmond,2
rarely,2
report,2
sellers,2
particularly,2
deal,2
new,2
enemy,2
end,2
written,2
examining,2
reasons,2
late,2
further,2
robert,2
suffering,2
let,2
what,2
something,2
unionists,2
occupied,2
cannot,2
fall,2
case,2
scale,2
ed,2
armies,2
theory,2
shortages,2
extent,2
scene,2
w,2
local,2
way,2
patriotism,2
measures,2
richard,2
values,2
dissatisfaction,2
explains,2
resources,2
press,2
role,2
supplies,2
food,2
emphasizing,2
policies,2
rebels,2
conflict,2
central,2
collapse,2
question,2
predominance,2
instructive,2
won,2
such,2
else,2
national,2
prices,2
points,2
crisis,2
good,2
instead,2
fatal,2
needed,2
salt,2
d,2
period,2
jr,2
around,2
small,2
david,2
mind,2
soil,2
consensus,2
problems,2
body,2
between,2
dominion,2
witnessed,2
era,2
impressment,2
fully,2
fighting,2
v,2
early,2
up,2
strong,2
among,2
notes,2
reforms,2
leadership,2
should,2
controversial,2
attention,2
hopeless,2
seemed,2
nations,1
journalist,1
exponents,1
implicitly,1
carried,1
integral,1
democracy,1
failed,1
sanctions,1
loyal,1
battle,1
now,1
rable,1
starving,1
heretofore,1
library,1
topic,1
knoxville,1
fire,1
privation,1
rate,1
racism,1
units,1
precipitously,1
situation,1
americans,1
york,1
abundance,1
backward,1
dual,1
doubts,1
deny,1
lucidly,1
back,1
plotted,1
provide,1
matter,1
hopes,1
horizontal,1
lot,1
continued,1
act,1
bars,1
contingent,1
aim,1
sometimes,1
mentions,1
bring,1
exhausted,1
buy,1
escott,1
generations,1
indeed,1
stood,1
opponent,1
rights,1
either,1
maps,1
shelves,1
remain,1
commitment,1
exploits,1
resisted,1
encouraged,1
longtime,1
go,1
aired,1
tory,1
authorities,1
dressed,1
motivated,1
inside,1
distress,1
tide,1
alternate,1
vertical,1
lines,1
attitude,1
fingers,1
levels,1
reference,1
grudgingly,1
revolutionary,1
drops,1
primarily,1
repudiation,1
rather,1
republican,1
modified,1
seen,1
contrary,1
eliminated,1
reconstruction,1
considerably,1
flaws,1
introduction,1
starts,1
says,1
yankee,1
worse,1
christian,1
distributed,1
weaknesses,1
determination,1
legal,1
gallagher,1
expect,1
republic,1
certain,1
told,1
becoming,1
perennial,1
large,1
plans,1
feuding,1
tidal,1
fort,1
demoralization,1
contributions,1
returned,1
whole,1
bread,1
often,1
provisions,1
consuming,1
illuminating,1
worthier,1
existed,1
united,1
frank,1
join,1
second,1
portrayed,1
oxford,1
repel,1
outnumber,1
criticism,1
moves,1
roared,1
sort,1
hailed,1
lots,1
h,1
hero,1
centuries,1
swept,1
done,1
nothing,1
rebellion,1
desperately,1
pp,1
devotion,1
presidential,1
eugene,1
romantic,1
thought,1
parts,1
fought,1
better,1
faust,1
space,1
sounds,1
stickers,1
under,1
considered,1
diseases,1
grier,1
unresponsive,1
ascribed,1
trace,1
earnest,1
loosening,1
hattaway,1
thesis,1
index,1
cannons,1
riots,1
contemplated,1
tax,1
rises,1
included,1
curious,1
adherence,1
flagging,1
troops,1
maybe,1
liberty,1
before,1
devotes,1
just,1
culture,1
antebellum,1
disaffected,1
elections,1
idolized,1
nineteenth,1
welfare,1
series,1
downs,1
encampments,1
necessity,1
argued,1
sumter,1
closely,1
defend,1
faith,1
phenomenon,1
must,1
odds,1
psyche,1
staunch,1
needs,1
department,1
mitigated,1
devout,1
begins,1
geographic,1
resented,1
ever,1
economically,1
ins,1
first,1
warns,1
anything,1
potter,1
diagonal,1
follow,1
keystone,1
poor,1
t,1
policy,1
sketch,1
tarnish,1
fluctuating,1
linkage,1
ignore,1
persuasive,1
sources,1
fellow,1
outbreak,1
actually,1
blossomed,1
unappreciated,1
besides,1
birthplace,1
convincing,1
taxes,1
successfully,1
connection,1
engage,1
ameliorated,1
fandom,1
alternative,1
law,1
feeble,1
anecdotally,1
researched,1
barbarian,1
give,1
humanitarian,1
chaos,1
unanimous,1
links,1
attic,1
others,1
remedial,1
whipped,1
academy,1
evokes,1
myths,1
similarly,1
believe,1
put,1
archer,1
intellectual,1
allow,1
reflections,1
each,1
sure,1
advanced,1
slaveowners,1
seems,1
nature,1
turn,1
worries,1
perceptive,1
emotions,1
impede,1
historiography,1
words,1
my,1
gary,1
different,1
fact,1
company,1
longer,1
brethren,1
relieve,1
unionism,1
suckers,1
seem,1
pacify,1
deterioration,1
gone,1
declined,1
areas,1
hyperinflation,1
wesley,1
dictator,1
graphing,1
renounce,1
desire,1
stalwart,1
indulge,1
beliefs,1
battery,1
regard,1
p,1
loyalty,1
organizes,1
pretty,1
lived,1
nourished,1
drawn,1
contradictory,1
obviously,1
plagued,1
events,1
omitted,1
everything,1
while,1
squires,1
disillusionment,1
survey,1
luxury,1
grip,1
affirmed,1
historical,1
nevertheless,1
distinctive,1
travail,1
half,1
help,1
c,1
triumphed,1
thrall,1
herman,1
serious,1
passage,1
fear,1
documents,1
current,1
persistence,1
devised,1
surprised,1
wonder,1
men,1
turned,1
readers,1
america,1
took,1
stand,1
studies,1
sword,1
dispatches,1
learn,1
southerner,1
undeniable,1
same,1
knows,1
didn,1
political,1
advantages,1
scholarly,1
successes,1
where,1
declines,1
behind,1
johns,1
discuss,1
moderate,1
wholeheartedly,1
beringer,1
bore,1
burns,1
shared,1
viewed,1
decals,1
less,1
system,1
real,1
making,1
promise,1
battalions,1
abraham,1
side,1
invasions,1
takes,1
spring,1
disparity,1
focusing,1
existence,1
rich,1
mcpherson,1
bumper,1
perhaps,1
chronologically,1
contention,1
writes,1
proportion,1
assault,1
books,1
compelled,1
widespread,1
deliver,1
exemptions,1
threats,1
outs,1
egregious,1
james,1
hopkins,1
misconstrued,1
engagements,1
complain,1
because,1
thoroughly,1
devoutly,1
dark,1
undermined,1
stance,1
remained,1
shape,1
yield,1
fight,1
years,1
jack,1
chapter,1
original,1
feeding,1
rectitude,1
missed,1
distinctiveness,1
suggests,1
ramsdell,1
unequal,1
determined,1
private,1
politics,1
suspicion,1
understanding,1
greatest,1
oversupply,1
arch,1
tribulations,1
situated,1
egalitarian,1
investigated,1
discussion,1
deserters,1
fetish,1
brink,1
evaporate,1
mountainous,1
survive,1
election,1
ups,1
subjugating,1
bibliography,1
explanation,1
betrays,1
hang,1
carries,1
vital,1
possible,1
emancipation,1
arenas,1
northwestern,1
heart,1
flaw,1
andrew,1
writings,1
mounting,1
taking,1
significantly,1
ideological,1
horwitz,1
superpower,1
except,1
scorn,1
x,1
consequent,1
purpose,1
despite,1
enormous,1
resentful,1
onslaught,1
unfinished,1
prospect,1
strongest,1
bottom,1
demanded,1
indignant,1
anew,1
commendable,1
ken,1
undoubtedly,1
promises,1
waning,1
himself,1
identity,1
subject,1
minority,1
findings,1
explication,1
got,1
spots,1
withhold,1
furtive,1
groans,1
sectional,1
crammed,1
celebrate,1
gave,1
recounts,1
succumbed,1
acknowledges,1
sign,1
intervention,1
factor,1
debate,1
ranks,1
sizeable,1
issues,1
diversity,1
aggravated,1
congress,1
mention,1
drew,1
ailments,1
secede,1
aspect,1
civilian,1
stunning,1
winter,1
needy,1
unanimity,1
injustices,1
complaints,1
drive,1
accepted,1
includes,1
diagnosed,1
cowardice,1
forces,1
denying,1
infirmities,1
contentious,1
experienced,1
triumphs,1
office,1
surely,1
believes,1
devoted,1
beating,1
ultimately,1
until,1
washington,1
rebound,1
manage,1
theses,1
meddling,1
genovese,1
frontier,1
inner,1
endorsement,1
righteousness,1
own,1
graph,1
clear,1
bent,1
resist,1
similarity,1
donald,1
due,1
provoked,1
inflation,1
minds,1
patriots,1
twentieth,1
muscle,1
presumption,1
tories,1
rivet,1
downplaying,1
wind,1
wrath,1
profession,1
author,1
aristocratic,1
rug,1
motives,1
divine,1
finally,1
change,1
protesting,1
subtitle,1
ability,1
fresh,1
contributed,1
unyielding,1
decided,1
troubles,1
keep,1
unpopular,1
sense,1
correct,1
adoringly,1
highlighting,1
rallied,1
excuses,1
cadre,1
straightened,1
insisted,1
unified,1
complex,1
him,1
revolution,1
statistically,1
things,1
bear,1
tested,1
voters,1
politicians,1
punitive,1
you,1
obtained,1
defiance,1
television,1
order,1
taste,1
fealty,1
contrast,1
kept,1
plentiful,1
last,1
enriched,1
came,1
stubborn,1
autopsy,1
lose,1
massive,1
event,1
nor,1
shift,1
latter,1
blame,1
bound,1
alive,1
deeds,1
class,1
fatigue,1
opposition,1
belief,1
unwavering,1
embraced,1
leads,1
disunity,1
west,1
exemplifies,1
somehow,1
tony,1
internal,1
jones,1
guilt,1
highly,1
predicament,1
ill,1
eyes,1
owsley,1
folk,1
slave,1
industry,1
county,1
embarrassingly,1
gilpin,1
human,1
path,1
wholly,1
successful,1
vacuum,1
unapologetic,1
ascendancy,1
jeff,1
johnson,1
say,1
telling,1
reached,1
truly,1
hinged,1
stars,1
enjoyed,1
sharing,1
died,1
barely,1
woes,1
creation,1
l,1
uniform,1
translate,1
severely,1
documentary,1
given,1
posed,1
look,1
looked,1
participating,1
untroubled,1
exempted,1
intersected,1
seek,1
recent,1
relative,1
inciting,1
professional,1
whites,1
paul,1
lincoln,1
mock,1
sent,1
cultural,1
unrelated,1
close,1
draft,1
disgusted,1
concluded,1
forth,1
embraces,1
invest,1
champion,1
marveled,1
separate,1
tennessee,1
battles,1
