WORDCOUNTS,WEIGHT
the,137
of,112
and,66
in,58
a,48
botany,41
to,40
was,39
bessey,33
at,26
his,21
as,21
for,19
an,18
that,17
s,17
this,17
professional,17
science,16
keeney,15
new,15
botanists,13
american,12
century,12
not,11
agricultural,11
plants,11
amateur,11
he,10
scientific,10
with,10
from,10
but,10
by,10
on,10
education,9
university,9
had,9
were,9
overfield,9
than,8
it,7
iowa,7
important,7
natural,7
many,7
time,7
activity,7
popular,7
became,7
during,7
college,6
study,6
often,6
botanizers,6
nineteenth,6
theology,6
practice,6
between,6
research,6
struggle,5
community,5
history,5
these,5
more,5
amateurs,5
other,5
end,5
discipline,5
number,5
who,5
both,5
role,5
laboratory,5
which,5
would,5
be,5
rather,4
been,4
religious,4
is,4
authority,4
changes,4
or,4
culture,4
increasingly,4
nebraska,4
efforts,4
based,4
scientists,4
tradition,4
broadly,4
emphasis,4
botanical,4
account,4
work,4
universities,4
despite,4
press,4
ultimately,4
plant,4
contrast,4
botanizing,4
much,4
continued,3
growth,3
basic,3
one,3
programs,3
botanist,3
most,3
different,3
common,3
first,3
rise,3
only,3
also,3
school,3
hagen,3
death,3
intellectual,3
could,3
religion,3
there,3
state,3
cultural,3
according,3
them,3
less,3
however,3
america,3
ecology,3
upon,3
part,3
its,3
broad,3
diverged,3
physiology,3
years,3
period,3
earlier,3
several,3
charles,3
when,3
strong,3
among,3
traditions,3
higher,2
biography,2
communities,2
led,2
second,2
variety,2
identification,2
she,2
figure,2
institutions,2
within,2
identified,2
indeed,2
separated,2
career,2
address,2
process,2
lost,2
ties,2
importance,2
b,2
movement,2
their,2
complex,2
joel,2
once,2
ways,2
sciences,2
pp,2
diseases,2
collection,2
us,2
index,2
specimens,2
recreation,2
into,2
presents,2
unlike,2
contributions,2
girls,2
same,2
no,2
uplifting,2
social,2
established,2
book,2
theory,2
trained,2
stands,2
greater,2
shaped,2
did,2
societies,2
great,2
reform,2
very,2
historical,2
i,2
men,2
believed,2
do,2
beginning,2
war,2
reviews,2
viewed,2
placed,2
perhaps,2
required,2
professionals,2
public,2
healthy,2
march,2
degree,2
remained,2
original,2
participation,2
some,2
ideal,2
journals,2
diverse,2
bibliography,2
richard,2
leisure,2
pathology,2
mental,2
characterization,2
fungi,2
courses,2
revealed,2
elizabeth,2
aspirations,2
tied,2
describes,2
ideas,2
goals,2
coulter,2
central,2
story,2
throughout,2
until,2
students,2
theme,2
own,2
moral,2
have,2
approach,2
change,2
least,2
professionalization,2
although,2
so,2
distinction,2
emphasizes,2
involved,2
morally,2
textbooks,2
evolutionary,2
substitute,2
played,2
excluded,2
farmers,2
early,2
even,2
figures,2
notes,2
educators,2
value,2
newly,2
close,2
species,2
seemed,2
society,2
separate,2
appeal,1
flourished,1
intimately,1
divergence,1
legislators,1
undergraduate,1
high,1
relationship,1
professionalize,1
curricula,1
customer,1
flower,1
minor,1
ornithology,1
influential,1
matter,1
equals,1
acrimonious,1
appealed,1
way,1
conflicting,1
heroic,1
bureaucrats,1
surreptitiously,1
popularity,1
usually,1
germ,1
names,1
leading,1
wrote,1
practical,1
outlined,1
how,1
created,1
program,1
surprisingly,1
concern,1
hill,1
filled,1
departments,1
responded,1
e,1
measures,1
practiced,1
killing,1
fragmented,1
generalist,1
force,1
began,1
effectively,1
after,1
implicit,1
importantly,1
instituting,1
reforming,1
group,1
collapsed,1
replaced,1
loss,1
class,1
convictions,1
reforms,1
united,1
control,1
frontier,1
ames,1
composed,1
turmoil,1
lar,1
core,1
means,1
asa,1
suited,1
easily,1
upheaval,1
applied,1
premier,1
shift,1
notwithstanding,1
professionalized,1
ensure,1
blurred,1
technology,1
biology,1
champions,1
methods,1
god,1
ingly,1
incompatible,1
cultivators,1
claims,1
pastime,1
improvement,1
today,1
share,1
title,1
seriously,1
occurred,1
sexes,1
total,1
ambitious,1
belonged,1
thinking,1
elitism,1
become,1
entomology,1
growing,1
numbers,1
aides,1
experimental,1
source,1
argued,1
version,1
changing,1
twentiethcentury,1
institutes,1
threat,1
industrial,1
women,1
crusader,1
themes,1
two,1
department,1
goodness,1
wince,1
valued,1
fact,1
origins,1
follow,1
frustration,1
officer,1
beyond,1
classifying,1
especially,1
physical,1
expertise,1
every,1
three,1
darwin,1
members,1
leader,1
problems,1
identifying,1
creation,1
middle,1
pursue,1
pious,1
challenge,1
helped,1
popuhagen,1
taken,1
quickly,1
entangled,1
decades,1
relaxation,1
academy,1
over,1
conceived,1
conflicts,1
promoting,1
radford,1
domains,1
opponents,1
environment,1
analytical,1
genteel,1
unsuccessful,1
arrived,1
closely,1
serving,1
dramatically,1
came,1
expanding,1
principles,1
key,1
believe,1
outdoor,1
xii,1
explores,1
leaders,1
consisting,1
demise,1
half,1
simple,1
careers,1
exclusion,1
taxonomy,1
p,1
teachers,1
origin,1
rich,1
inevitably,1
maturation,1
particularly,1
classical,1
able,1
demands,1
xiii,1
visionary,1
john,1
gray,1
carolina,1
hunting,1
benefit,1
reflected,1
nurturing,1
expansion,1
achieved,1
inaugural,1
articles,1
rural,1
ideally,1
forms,1
academic,1
readers,1
hand,1
left,1
pure,1
equally,1
foresters,1
those,1
botanyknowing,1
streak,1
vocational,1
what,1
sentimental,1
secular,1
johns,1
lead,1
combined,1
accepted,1
context,1
establish,1
orthodoxy,1
terms,1
agriculturist,1
reconcile,1
making,1
suffered,1
reminds,1
excellent,1
takes,1
existence,1
foundation,1
badly,1
firmly,1
belief,1
circumstances,1
historians,1
avid,1
manuals,1
her,1
hopkins,1
while,1
compete,1
chair,1
world,1
agriculture,1
equal,1
boys,1
enrichment,1
will,1
maturing,1
thousands,1
skillfully,1
suggests,1
perpetuated,1
degrees,1
urban,1
bacteria,1
effeminate,1
used,1
unworthy,1
discussion,1
pleasant,1
characterize,1
disease,1
wished,1
establishing,1
horticulture,1
researchers,1
remember,1
stiff,1
values,1
careful,1
claim,1
clear,1
estranged,1
altered,1
met,1
surveys,1
including,1
bank,1
introduced,1
recalcitrant,1
training,1
example,1
previously,1
uncertain,1
knowledge,1
collecting,1
curriculum,1
pedagogical,1
horticultural,1
positions,1
subject,1
intentionally,1
lectured,1
eroded,1
exceeded,1
extended,1
pursuit,1
increasreviews,1
sold,1
fit,1
older,1
place,1
virtually,1
editorial,1
factor,1
appointed,1
morality,1
using,1
maintained,1
aspect,1
faculty,1
evolution,1
conflict,1
come,1
parasitic,1
states,1
professionalism,1
promoted,1
relationships,1
participate,1
described,1
argument,1
north,1
devoutly,1
such,1
development,1
received,1
open,1
universally,1
disappear,1
connected,1
enthusiastic,1
copies,1
minds,1
twentieth,1
stress,1
institutional,1
national,1
publication,1
teacher,1
thrived,1
related,1
author,1
finally,1
reputation,1
accept,1
subtle,1
interest,1
becoming,1
ecosystem,1
stressed,1
held,1
actively,1
detached,1
allowed,1
incompletely,1
specialists,1
reformers,1
provided,1
unified,1
preferred,1
topic,1
grew,1
collected,1
sports,1
forced,1
kind,1
exercise,1
off,1
thing,1
estimates,1
instructor,1
sharp,1
quite,1
distinct,1
nor,1
dean,1
instruction,1
spent,1
autonomy,1
favored,1
characteristics,1
observation,1
specific,1
convincing,1
profound,1
assumed,1
chapel,1
exaggeration,1
served,1
narrow,1
decline,1
ally,1
charged,1
succeeded,1
mainly,1
deliberate,1
teach,1
enjoyed,1
always,1
enthusiasts,1
competition,1
through,1
exclusively,1
student,1
entire,1
little,1
posed,1
traditional,1
filling,1
resistance,1
immediately,1
minuscule,1
deeply,1
inappropriate,1
meaningful,1
civil,1
pronounced,1
generation,1
educational,1
heyday,1
faction,1
attention,1
specialties,1
valuable,1
widely,1
championed,1
administrator,1
because,1
local,1
