WORDCOUNTS,WEIGHT
the,245
of,145
and,125
in,111
to,76
a,52
wright,41
that,40
s,36
with,35
he,34
his,34
were,30
capeci,29
on,25
as,24
was,24
for,23
lynching,23
their,20
is,20
her,19
sturgeon,18
by,18
who,17
it,16
had,16
white,15
not,15
p,15
lynchers,15
sikeston,14
at,13
black,13
mob,13
she,12
they,12
from,12
this,12
an,12
south,11
one,11
more,11
state,11
local,11
did,10
grace,10
or,9
cleo,9
those,9
mcgovern,8
before,8
grand,8
case,8
both,8
have,8
o,7
similar,7
southern,7
about,7
most,7
lynchings,7
attack,7
point,7
african,7
like,7
so,7
when,7
jury,6
americans,6
if,6
american,6
life,6
yet,6
federal,6
violence,6
pp,6
history,6
brien,6
all,6
missouri,6
men,6
however,6
than,6
because,6
own,6
motives,6
him,6
blanton,6
been,5
citizens,5
often,5
murder,5
home,5
clearly,5
but,5
agents,5
attorney,5
revisited,5
also,5
outside,5
how,5
very,5
though,5
less,5
time,5
plantation,5
some,5
work,5
against,5
would,5
perrigan,5
up,5
relations,5
whites,5
race,5
rights,4
does,4
sons,4
e,4
police,4
nor,4
university,4
neither,4
into,4
women,4
two,4
first,4
social,4
members,4
offers,4
here,4
over,4
different,4
acceptable,4
sexual,4
reviews,4
racial,4
them,4
has,4
while,4
shared,4
father,4
these,4
even,4
part,4
civil,4
brundage,4
which,4
such,4
although,4
conducted,4
after,4
between,4
themselves,4
c,4
be,4
wife,4
much,4
among,4
notes,4
actions,4
society,4
where,3
role,3
town,3
no,3
later,3
l,3
short,3
generations,3
indeed,3
community,3
opportunity,3
psychological,3
pressures,3
occurred,3
then,3
same,3
beyond,3
other,3
toward,3
others,3
j,3
efforts,3
came,3
blantons,3
differences,3
lived,3
hall,3
job,3
concludes,3
boundaries,3
what,3
namely,3
deep,3
attacked,3
public,3
u,3
lynch,3
keeping,3
demonstrated,3
classes,3
made,3
despite,3
press,3
older,3
behavior,3
people,3
whittley,3
three,3
september,3
regions,3
brother,3
worked,3
states,3
forced,3
james,3
quite,3
cases,3
mountain,3
family,3
small,3
morning,3
removed,3
analysis,3
early,3
given,3
fbi,3
recent,3
jurors,3
justice,3
attended,3
anatomy,3
trod,2
likely,2
racism,2
intruder,2
officials,2
m,2
way,2
continued,2
undoubtedly,2
mother,2
sturgeons,2
threatened,2
jacquelyn,2
dillard,2
sunset,2
might,2
description,2
revolt,2
resulted,2
harry,2
male,2
contrary,2
earlier,2
church,2
collapsed,2
protection,2
why,2
studies,2
special,2
study,2
kill,2
convictions,2
grade,2
united,2
jail,2
dragging,2
get,2
wake,2
easily,2
makes,2
largely,2
investigate,2
charges,2
conformist,2
school,2
seems,2
border,2
sporadic,2
presumably,2
section,2
elsewhere,2
are,2
alleged,2
frequently,2
too,2
murders,2
w,2
solid,2
assaults,2
emotional,2
under,2
gail,2
williams,2
additional,2
only,2
company,2
affairs,2
quo,2
tolnay,2
sikestonians,2
explain,2
heritage,2
set,2
ii,2
attacker,2
important,2
detroit,2
motivations,2
again,2
usually,2
rear,2
many,2
greater,2
youngest,2
nature,2
arrived,2
lack,2
conduct,2
head,2
areas,2
leaders,2
down,2
found,2
current,2
timing,2
children,2
new,2
man,2
indictments,2
hand,2
growing,2
drove,2
do,2
explanations,2
war,2
overstepping,2
upbringing,2
similarities,2
recently,2
system,2
cannot,2
particular,2
flaws,2
woman,2
educated,2
apt,2
going,2
sarge,2
killed,2
well,2
violent,2
having,2
killings,2
knife,2
probing,2
compelling,2
understanding,2
middle,2
insights,2
treated,2
upon,2
carolina,2
circumstances,2
private,2
prompted,2
little,2
parents,2
through,2
associational,2
sent,2
see,2
terms,2
wonder,2
findings,2
rationale,2
complement,2
eldest,2
diversity,2
world,2
our,2
fears,2
evidence,2
causes,2
argument,2
status,2
deftly,2
since,2
there,2
finding,2
belt,2
numerous,2
national,2
discovery,2
ended,2
least,2
times,2
successful,2
cotton,2
backgrounds,2
completed,2
fitzhugh,2
unwilling,2
doing,2
contrast,2
shortly,2
turn,2
david,2
person,2
specific,2
blacks,2
few,2
perceived,2
become,2
beck,2
right,2
helpful,2
views,2
substantial,2
socially,2
resistance,2
strong,2
messages,2
north,2
general,2
prosecuting,2
bible,2
complicity,1
contributes,1
hauled,1
smaller,1
farm,1
becoming,1
dealing,1
space,1
upper,1
blow,1
openness,1
liberation,1
live,1
go,1
steps,1
polecat,1
front,1
ordeal,1
highlights,1
forceful,1
interviewing,1
fanatical,1
fueled,1
off,1
constructed,1
added,1
declaration,1
prosecutor,1
characterize,1
attorneys,1
suprising,1
played,1
observations,1
increasingly,1
hence,1
bureau,1
armory,1
independent,1
heroic,1
shabbily,1
modernists,1
hooked,1
develops,1
action,1
gawked,1
traffic,1
privately,1
blatantly,1
main,1
groups,1
convened,1
superficial,1
outsiders,1
replete,1
impressive,1
riffraff,1
district,1
maps,1
orderly,1
intriguing,1
ominously,1
unintelligent,1
resisted,1
modernizers,1
longtime,1
truth,1
train,1
ironically,1
decades,1
motivated,1
clues,1
afterwards,1
extend,1
stewart,1
fingers,1
levels,1
college,1
tenet,1
nearly,1
herself,1
primarily,1
presentation,1
exception,1
attacking,1
process,1
international,1
statutes,1
imbibed,1
excellent,1
concluding,1
converted,1
extends,1
strongly,1
reconstruction,1
dealt,1
festival,1
make,1
rescue,1
beckoned,1
proportion,1
associate,1
president,1
lives,1
manifest,1
federalism,1
attitudes,1
b,1
broadergauged,1
counters,1
raping,1
landowner,1
nearing,1
enduring,1
population,1
losing,1
hold,1
saved,1
lashly,1
insecurity,1
spectators,1
structural,1
responsible,1
confidence,1
vicinity,1
illustrations,1
fighting,1
enormous,1
blood,1
pilots,1
discoveries,1
inferior,1
cars,1
respectability,1
caste,1
marginal,1
flux,1
second,1
factors,1
result,1
competition,1
manhood,1
permanent,1
sets,1
types,1
fields,1
receive,1
elder,1
atmosphere,1
allegations,1
itself,1
opportunities,1
face,1
shoe,1
psychologically,1
sociologists,1
mirror,1
serve,1
accident,1
struggle,1
caravan,1
happened,1
thought,1
day,1
you,1
dean,1
fought,1
wages,1
female,1
devotes,1
source,1
god,1
females,1
equally,1
combat,1
challenged,1
behave,1
objects,1
relative,1
organization,1
needed,1
committee,1
index,1
sections,1
assistant,1
riots,1
stereotyped,1
methodist,1
title,1
sociological,1
peasant,1
variants,1
destroyers,1
killers,1
thinking,1
spoke,1
constant,1
director,1
fragile,1
just,1
detailing,1
following,1
ky,1
tying,1
assailants,1
probed,1
validity,1
ed,1
preoccupation,1
economic,1
colored,1
weak,1
humanities,1
doused,1
argued,1
aeronautics,1
indicting,1
rape,1
situations,1
age,1
orientation,1
four,1
handpicked,1
educational,1
department,1
cutting,1
scuttle,1
harlem,1
juror,1
farmed,1
concerned,1
handling,1
noted,1
being,1
said,1
fact,1
skalsky,1
member,1
continues,1
surface,1
functioned,1
arguing,1
officer,1
regardless,1
jesse,1
recruits,1
elaborate,1
circulating,1
lexington,1
accusations,1
invention,1
long,1
embraced,1
provide,1
fire,1
autonomy,1
gain,1
deviance,1
sketchy,1
r,1
ways,1
sustained,1
victim,1
commandeered,1
finger,1
pervasive,1
law,1
rapist,1
juxtaposing,1
executioners,1
believed,1
womenfolk,1
request,1
give,1
colors,1
taken,1
mark,1
naacp,1
chivalry,1
interference,1
rapid,1
academy,1
revealing,1
chance,1
sunday,1
conflicts,1
asserts,1
scrupulously,1
avenge,1
image,1
addition,1
hoover,1
girls,1
discerned,1
gentle,1
fit,1
response,1
standards,1
harbor,1
closely,1
bumped,1
problem,1
narration,1
georgia,1
disarray,1
went,1
confident,1
reach,1
shaped,1
pointed,1
book,1
prejudices,1
path,1
key,1
arrival,1
interviewer,1
forebears,1
avenue,1
scholars,1
nevertheless,1
automobile,1
blocks,1
could,1
restrictive,1
neal,1
boxing,1
call,1
appendix,1
together,1
provincialism,1
jimmy,1
pressure,1
half,1
called,1
reasons,1
strength,1
determines,1
powerlessness,1
southerners,1
traditionalists,1
slammed,1
analyses,1
disliked,1
travesty,1
seven,1
shot,1
hospital,1
brothers,1
larger,1
crowd,1
xiii,1
any,1
speculation,1
routinely,1
hundred,1
crs,1
entered,1
composition,1
raising,1
margin,1
oh,1
prejudicial,1
worker,1
associated,1
patiently,1
blocked,1
take,1
comparative,1
historical,1
examining,1
farmer,1
atrocities,1
i,1
pattern,1
vigorous,1
wealthy,1
help,1
past,1
mass,1
failures,1
sentence,1
restorationist,1
representative,1
color,1
works,1
import,1
living,1
type,1
punishment,1
distasteful,1
psychologists,1
forms,1
concrete,1
mind,1
accurately,1
miles,1
competent,1
racist,1
scholarship,1
stand,1
fourth,1
raised,1
defiant,1
geography,1
trooper,1
significant,1
informed,1
converse,1
quiet,1
communities,1
fled,1
clusters,1
defending,1
career,1
road,1
thirties,1
hostility,1
johns,1
discuss,1
proceedings,1
carefully,1
investigation,1
transmitted,1
ritualism,1
inside,1
whether,1
staggering,1
invariably,1
selected,1
form,1
persons,1
underscores,1
making,1
officers,1
rebellion,1
dislike,1
skalskys,1
want,1
issue,1
younger,1
put,1
husband,1
pearl,1
preventing,1
males,1
gender,1
suspect,1
conclusion,1
bumper,1
grew,1
native,1
theory,1
downtown,1
forward,1
assault,1
taught,1
autonomous,1
arrest,1
walks,1
understandably,1
structure,1
motion,1
situation,1
hopkins,1
number,1
prophecy,1
encountered,1
mill,1
affair,1
institute,1
piecework,1
fluidity,1
ringleader,1
discovered,1
secure,1
ties,1
garages,1
historiography,1
brakes,1
fight,1
stepped,1
chapter,1
balance,1
awoke,1
provincial,1
generally,1
re,1
detriot,1
missed,1
injured,1
welcome,1
brings,1
soldier,1
supplanted,1
possible,1
charred,1
line,1
hess,1
closed,1
revealed,1
churchgoing,1
sordid,1
kathleen,1
oil,1
socialized,1
discussion,1
measures,1
abroad,1
midst,1
establishing,1
residents,1
regarding,1
background,1
resort,1
bibliography,1
pants,1
explanation,1
move,1
intention,1
policeman,1
legs,1
farming,1
son,1
represented,1
periods,1
entire,1
future,1
reflection,1
code,1
ill,1
brought,1
agencies,1
met,1
simply,1
advancement,1
grows,1
uniform,1
delicate,1
progress,1
explains,1
training,1
example,1
household,1
foregone,1
reflect,1
became,1
related,1
above,1
along,1
anew,1
duty,1
corn,1
himself,1
louis,1
edgar,1
interviews,1
tried,1
transition,1
administration,1
permissive,1
murdered,1
explication,1
baptists,1
marginalized,1
planters,1
stout,1
beneath,1
use,1
engage,1
overview,1
entrepreneurs,1
acknowledges,1
during,1
place,1
dowd,1
virtually,1
refers,1
additionally,1
poured,1
ranks,1
aggression,1
probes,1
delta,1
accomodationist,1
overcoming,1
segregation,1
relies,1
bystanders,1
throughout,1
evolution,1
astutely,1
imbibe,1
comprised,1
maintains,1
thus,1
barehanded,1
individuals,1
chapters,1
reinforced,1
complied,1
purview,1
come,1
spends,1
personal,1
intestines,1
astray,1
another,1
differed,1
empathized,1
we,1
vulnerability,1
dependence,1
newspaper,1
eleventh,1
dismissed,1
theories,1
necessitated,1
relationships,1
participate,1
shown,1
until,1
integral,1
schoolteacher,1
spring,1
muttered,1
interviewee,1
distinguish,1
theme,1
golden,1
sharecropper,1
unable,1
negro,1
gloves,1
years,1
editor,1
neighbor,1
conform,1
open,1
considerable,1
afterall,1
wheat,1
professor,1
riot,1
mutual,1
analyzing,1
assiduously,1
hidden,1
bounced,1
slashed,1
refuse,1
spat,1
comparing,1
washington,1
author,1
truman,1
group,1
definitely,1
agent,1
neighbors,1
defined,1
vigilante,1
aberrant,1
change,1
dangerous,1
value,1
relatively,1
stressed,1
responses,1
rural,1
contributed,1
viewing,1
individual,1
employer,1
include,1
normally,1
allowed,1
patriarchs,1
led,1
hard,1
disclaimers,1
below,1
anger,1
jr,1
dissenting,1
lynched,1
suggest,1
seized,1
boys,1
excuse,1
transgressions,1
protest,1
expected,1
arrivals,1
next,1
held,1
defiance,1
approach,1
texan,1
attempted,1
impunity,1
enlisting,1
fragility,1
area,1
stimulated,1
folding,1
diverse,1
childrearing,1
walking,1
remains,1
association,1
involved,1
specifically,1
around,1
late,1
indictment,1
never,1
openly,1
permitted,1
several,1
dominic,1
close,1
concept,1
turned,1
mobilized,1
characteristics,1
behind,1
pregnant,1
pride,1
back,1
article,1
guilt,1
body,1
invited,1
eyes,1
eighth,1
depression,1
assumed,1
valuable,1
milling,1
feet,1
six,1
normal,1
extraordinary,1
gasoline,1
young,1
observe,1
brutalized,1
research,1
lineage,1
propertyowners,1
archival,1
justify,1
scott,1
weapons,1
suggested,1
mainly,1
youngsters,1
jacob,1
escalating,1
eastern,1
loving,1
credible,1
excluded,1
preceding,1
find,1
january,1
cafes,1
families,1
including,1
probably,1
st,1
claude,1
death,1
sciences,1
severely,1
tenants,1
dominance,1
reared,1
caretaker,1
journal,1
traditional,1
attracted,1
repeats,1
images,1
desperate,1
throat,1
mature,1
impoverished,1
citizen,1
lumped,1
whenever,1
drew,1
achieves,1
patterns,1
postmortem,1
kentucky,1
professional,1
should,1
stormed,1
displaced,1
tolerance,1
generation,1
particularly,1
weakness,1
onset,1
built,1
function,1
roles,1
propriety,1
influence,1
fierce,1
spattered,1
activities,1
handed,1
poorly,1
expressly,1
fostered,1
apparent,1
