WORDCOUNTS,WEIGHT
the,97
and,87
to,64
of,61
in,49
a,40
his,38
he,30
s,30
for,24
that,19
as,18
life,17
nagel,17
on,17
was,16
jqa,16
adams,16
is,15
at,14
with,14
her,14
john,12
him,12
quincy,11
family,11
public,10
years,10
this,10
she,9
not,9
mother,9
from,9
abigail,9
it,8
about,8
son,8
or,7
most,7
man,7
what,7
father,7
have,7
especially,7
be,7
american,6
history,6
by,6
so,6
extraordinary,6
footstool,5
god,5
these,5
diary,5
more,5
had,5
children,5
there,5
them,5
has,5
own,5
even,5
career,4
their,4
us,4
but,4
other,4
book,4
though,4
personal,4
ketcham,4
relentless,4
massachusetts,4
when,4
nation,3
way,3
personality,3
indeed,3
they,3
thought,3
treaty,3
many,3
then,3
house,3
age,3
two,3
first,3
only,3
paul,3
p,3
lived,3
new,3
minister,3
reviews,3
papers,3
husband,3
such,3
representatives,3
shame,3
which,3
were,3
than,3
president,3
least,3
specific,3
between,3
world,3
we,3
an,3
attention,3
led,2
letters,2
faith,2
bring,2
been,2
wrote,2
parent,2
excell,2
deaths,2
fifty,2
intriguing,2
still,2
told,2
one,2
study,2
often,2
much,2
live,2
case,2
wanted,2
university,2
smith,2
home,2
heavy,2
believed,2
same,2
mould,2
must,2
four,2
sources,2
ralph,2
long,2
perhaps,2
calamity,2
sustained,2
instill,2
admirable,2
secretary,2
worked,2
all,2
country,2
are,2
best,2
ghent,2
europe,2
reels,2
seven,2
achievement,2
historical,2
living,2
better,2
following,2
do,2
beginning,2
remarkable,2
virtual,2
thirty,2
time,2
sought,2
because,2
another,2
account,2
who,2
periods,2
professor,2
understanding,2
became,2
along,2
duty,2
subject,2
went,2
whole,2
describes,2
appointed,2
issues,2
congress,2
harvard,2
our,2
until,2
severe,2
clear,2
anxiety,2
september,2
t,2
washington,2
would,2
balanced,2
century,2
loving,2
learning,2
kept,2
agonies,2
after,2
madison,2
guilt,2
grow,2
depression,2
served,2
negotiate,2
can,2
up,2
eldest,2
rest,2
justice,2
using,1
south,1
difficult,1
will,1
insightfulness,1
ending,1
reiterated,1
depressed,1
books,1
relationship,1
philadelphia,1
ferociously,1
urged,1
bemis,1
commissioners,1
york,1
personally,1
saga,1
raise,1
yearly,1
diligent,1
nonetheless,1
without,1
various,1
independent,1
intentions,1
bulk,1
later,1
figure,1
penetrating,1
patriotic,1
superficial,1
wendell,1
magisterial,1
gentler,1
service,1
how,1
overall,1
treatment,1
fear,1
archetype,1
begin,1
onward,1
fewer,1
congressman,1
worthy,1
staggering,1
lasting,1
measures,1
active,1
parents,1
interfere,1
detailed,1
constitution,1
brilliantly,1
effect,1
manuscript,1
effectively,1
apprehensions,1
usefull,1
lives,1
eight,1
whether,1
boy,1
b,1
certain,1
center,1
leave,1
southern,1
ferocious,1
selfcriticism,1
significant,1
posterity,1
volumes,1
religious,1
fervent,1
satisfaction,1
responsible,1
danger,1
expectations,1
illustrations,1
fighting,1
lay,1
dana,1
essentials,1
intensity,1
absorbed,1
usefully,1
dutiful,1
holmes,1
childrenisn,1
usages,1
yet,1
laboring,1
support,1
fair,1
fruition,1
modern,1
patriarch,1
eighteen,1
understand,1
studies,1
pp,1
read,1
devotion,1
problematic,1
completeness,1
happened,1
premier,1
serve,1
bad,1
old,1
rigorous,1
objects,1
western,1
index,1
school,1
ancient,1
into,1
literary,1
presidency,1
judgmental,1
jay,1
laid,1
total,1
any,1
disgrace,1
driven,1
just,1
elected,1
ahead,1
reviewing,1
mary,1
slaveholders,1
downs,1
planet,1
al,1
w,1
materials,1
xi,1
contempt,1
journeys,1
simply,1
hoped,1
quotations,1
experienced,1
braintree,1
disgraced,1
forgive,1
followed,1
compulsiveness,1
enterprises,1
either,1
picture,1
unsuitable,1
exacted,1
retired,1
fill,1
volume,1
cost,1
members,1
certainly,1
fire,1
compel,1
creation,1
lyman,1
also,1
paragon,1
french,1
law,1
greatness,1
propelled,1
helped,1
philosophy,1
aftermath,1
steady,1
marriage,1
faced,1
providing,1
again,1
patriot,1
browbeat,1
over,1
stands,1
continental,1
stricken,1
alienation,1
motifs,1
each,1
added,1
england,1
parental,1
quarrels,1
lacked,1
virtuously,1
shows,1
immense,1
courageously,1
teenager,1
asserts,1
scholars,1
did,1
declined,1
down,1
et,1
pungent,1
found,1
quotes,1
ambition,1
great,1
documents,1
match,1
britain,1
access,1
attempting,1
throughout,1
amsterdam,1
gives,1
fully,1
appointee,1
remarked,1
might,1
angry,1
stereotype,1
tells,1
upbringing,1
court,1
carolina,1
combed,1
state,1
resolved,1
i,1
travail,1
half,1
help,1
manic,1
mined,1
assessment,1
rhetoric,1
hargreaves,1
oliver,1
course,1
last,1
evident,1
readers,1
enough,1
took,1
pamphleteer,1
fullest,1
insistent,1
paris,1
spain,1
amistad,1
available,1
political,1
causes,1
according,1
let,1
where,1
ambitions,1
johns,1
thoroughly,1
youngsters,1
bore,1
unique,1
enduring,1
fulfilling,1
recently,1
citizenship,1
see,1
cannot,1
achieving,1
degree,1
suffered,1
applied,1
obligation,1
vivid,1
practice,1
lets,1
covers,1
cabinet,1
lest,1
alfred,1
effort,1
daunting,1
theory,1
earnestly,1
taught,1
problem,1
promptness,1
key,1
struggled,1
industrious,1
fault,1
insightful,1
insecure,1
motion,1
hopkins,1
mass,1
remarkably,1
marie,1
tenth,1
briefly,1
day,1
brilliant,1
studying,1
elevation,1
birthdays,1
failure,1
well,1
remained,1
adamses,1
aging,1
ceaselessly,1
nuggets,1
rectitude,1
wonders,1
agreed,1
acknowledging,1
some,1
instilled,1
private,1
hundreds,1
revealed,1
those,1
used,1
patriotism,1
work,1
shared,1
nosey,1
fearful,1
immobilized,1
burden,1
knopf,1
diplomat,1
made,1
biography,1
sacrifices,1
strict,1
upon,1
presented,1
women,1
petersburg,1
alone,1
claim,1
reader,1
ill,1
restless,1
discovered,1
peace,1
reported,1
story,1
point,1
incessantly,1
selfrighteous,1
including,1
parenting,1
despite,1
example,1
wasting,1
utmost,1
prospect,1
press,1
republic,1
microfilm,1
supreme,1
himself,1
intended,1
thankful,1
prussia,1
returning,1
unhappy,1
letter,1
substance,1
feared,1
holland,1
transcontinental,1
wonderful,1
place,1
francis,1
approach,1
people,1
ideas,1
complements,1
ups,1
surviving,1
writing,1
learned,1
flagg,1
frivolous,1
central,1
real,1
unsparingly,1
thus,1
prepared,1
trust,1
postpresidential,1
purposeful,1
triumphs,1
surely,1
lectured,1
shown,1
butterfield,1
talented,1
youth,1
inner,1
emeritus,1
manageable,1
both,1
interested,1
seventy,1
monroe,1
framed,1
longevity,1
since,1
alternately,1
diplomacy,1
worse,1
minds,1
else,1
frustrated,1
samuel,1
author,1
virtues,1
movement,1
america,1
sat,1
occasion,1
strove,1
domineering,1
include,1
sure,1
caused,1
fiftieth,1
hard,1
length,1
no,1
manners,1
need,1
slavocracy,1
kinder,1
righteously,1
high,1
microfilms,1
assured,1
expected,1
senator,1
persevering,1
affairs,1
turn,1
excelled,1
wouldn,1
standpoint,1
pronounces,1
affectionate,1
fine,1
impacted,1
relations,1
around,1
fullsomely,1
summary,1
doubtless,1
frustrating,1
needs,1
alcoholism,1
feminist,1
supported,1
driving,1
few,1
rollins,1
travails,1
written,1
concerns,1
smithsonian,1
summons,1
qualities,1
extracts,1
nicely,1
syracuse,1
elaborates,1
six,1
young,1
unseemly,1
kernels,1
desk,1
c,1
russia,1
intrepid,1
exactly,1
twice,1
single,1
telling,1
impossible,1
teach,1
occasions,1
like,1
always,1
early,1
seeking,1
london,1
st,1
fatally,1
little,1
scholarly,1
maxwell,1
sons,1
precocious,1
wife,1
citations,1
period,1
details,1
correspondence,1
institution,1
landmark,1
deeply,1
here,1
cycle,1
marry,1
attend,1
correctness,1
hecht,1
guide,1
professional,1
founder,1
adult,1
traits,1
acted,1
forbade,1
imperiled,1
portrait,1
master,1
champion,1
excelling,1
society,1
draw,1
battles,1
