WORDCOUNTS,WEIGHT
the,150
of,123
and,84
in,68
a,59
to,49
by,26
as,24
for,18
testing,16
was,16
that,14
brown,14
is,13
professional,13
their,12
school,12
or,12
from,12
s,11
about,10
public,10
iq,10
were,10
cultural,9
profession,9
not,8
american,8
authority,8
with,8
history,8
into,8
social,8
psychologists,8
language,8
an,8
terman,8
science,7
schools,7
metaphor,7
intelligence,7
knowledge,7
its,7
like,7
on,7
who,6
terminology,6
smart,6
psychology,6
work,6
at,5
scientific,5
been,5
corporate,5
discourse,5
one,5
efficiency,5
university,5
test,5
numeracy,5
more,5
power,5
had,5
children,5
new,5
men,5
academic,5
stupid,5
has,5
have,5
his,4
community,4
parents,4
they,4
class,4
measurement,4
thorndike,4
but,4
most,4
administrators,4
are,4
definition,4
political,4
vocational,4
what,4
metaphors,4
reviews,4
system,4
ayers,4
both,4
which,4
i,4
this,4
bledstein,4
especially,4
engineering,4
be,4
even,4
counts,4
than,4
it,3
he,3
child,3
criticism,3
managers,3
mattered,3
career,3
personnel,3
process,3
success,3
life,3
grade,3
when,3
means,3
claims,3
numbers,3
objectivity,3
these,3
experience,3
being,3
first,3
culturally,3
all,3
j,3
did,3
words,3
came,3
medicine,3
eugenics,3
context,3
historians,3
america,3
march,3
used,3
middle,3
popular,3
industrial,3
through,3
press,3
assumptions,3
during,3
clients,3
expertise,3
labor,3
human,3
yerkes,3
psychologist,3
low,3
own,3
would,3
rhetoric,3
century,3
sufficient,3
behaviorists,3
rhetorical,3
story,3
productivity,3
among,3
sorters,2
model,2
analytic,2
tests,2
mark,2
second,2
disparaged,2
samelson,2
whose,2
ceremonial,2
common,2
within,2
groups,2
how,2
edward,2
market,2
army,2
itself,2
force,2
study,2
expert,2
loaded,2
ways,2
reason,2
studies,2
thought,2
genius,2
management,2
familiar,2
chapman,2
home,2
workplace,2
ambitious,2
physicians,2
instance,2
culture,2
abbott,2
sorting,2
princeton,2
multicultural,2
only,2
known,2
policy,2
rather,2
lewis,2
production,2
established,2
guidance,2
natural,2
view,2
cultivating,2
control,2
bureaucracy,2
kevles,2
expanding,2
best,2
whom,2
meritocracy,2
skills,2
goddard,2
professions,2
daily,2
reasons,2
p,2
speech,2
narrative,2
become,2
sokal,2
service,2
counselors,2
john,2
haller,2
tyack,2
historical,2
program,2
measure,2
experts,2
scores,2
took,2
henry,2
standardized,2
banta,2
war,2
daniel,2
cannot,2
applied,2
however,2
explain,2
progressivism,2
hale,2
professionals,2
money,2
while,2
world,2
because,2
line,2
closed,2
little,2
upon,2
part,2
callahan,2
became,2
illusion,2
gardner,2
manufacturing,2
collective,2
academics,2
processes,2
jacoby,2
formation,2
theories,2
students,2
argues,2
sutherland,2
average,2
graduate,2
twentieth,2
told,2
someone,2
joanne,2
professionalization,2
burton,2
meyer,2
high,2
course,2
defined,2
after,2
nelson,2
event,2
why,2
educational,2
stephen,2
systems,2
minton,2
fass,2
industry,2
narrow,2
chicago,2
joncich,2
enterprise,2
early,2
gould,2
building,2
generation,2
moved,2
cravens,2
examines,2
gillespie,2
including,1
strangling,1
using,1
staffed,1
may,1
manner,1
higher,1
suffering,1
humiliating,1
opposed,1
now,1
thermometer,1
liberalism,1
interesting,1
competition,1
moreover,1
applications,1
struggle,1
emulate,1
forever,1
m,1
hegemony,1
quotient,1
advocate,1
saw,1
matter,1
no,1
materials,1
wisdom,1
lot,1
conflicting,1
michigan,1
faith,1
important,1
inhabitants,1
if,1
concerned,1
popularity,1
clarifies,1
action,1
productions,1
performance,1
five,1
quickly,1
names,1
main,1
outsiders,1
threatened,1
short,1
vision,1
indeed,1
stressful,1
ideology,1
practitioners,1
hardest,1
resisted,1
aptitude,1
feared,1
truth,1
employment,1
play,1
everyone,1
images,1
idioms,1
borrowing,1
persists,1
levels,1
fiction,1
ordinary,1
legitimate,1
female,1
feel,1
brings,1
flooding,1
thinking,1
alone,1
veneer,1
succinct,1
intolerance,1
judgment,1
termites,1
deprived,1
intervention,1
make,1
effect,1
expanded,1
probability,1
heard,1
weaknesses,1
lives,1
reflective,1
monopolize,1
minutes,1
anxiety,1
certain,1
longitudinal,1
counters,1
hazardous,1
reflection,1
generally,1
direct,1
frames,1
could,1
suppose,1
franz,1
diagnosis,1
integrity,1
special,1
perhaps,1
myth,1
analysis,1
cocky,1
evolution,1
distinct,1
summarized,1
productive,1
word,1
calculate,1
coherence,1
informative,1
trivializing,1
traced,1
currency,1
answer,1
education,1
sets,1
types,1
fields,1
unchanging,1
raymond,1
reference,1
refashioned,1
americans,1
examined,1
opportunities,1
understand,1
face,1
burnham,1
pp,1
perceptions,1
respectability,1
results,1
ly,1
persisted,1
conscious,1
rigorous,1
clinical,1
immigrant,1
biased,1
considered,1
threat,1
draws,1
tied,1
faltering,1
earnest,1
official,1
times,1
place,1
side,1
justified,1
defaulted,1
river,1
statistical,1
index,1
gillian,1
description,1
benefits,1
languages,1
predicting,1
clear,1
jay,1
seriously,1
authorities,1
heavy,1
observing,1
abuses,1
tells,1
reformer,1
takes,1
stebbens,1
bean,1
following,1
same,1
n,1
illinois,1
crests,1
contingency,1
fairness,1
reckon,1
slashing,1
field,1
popularized,1
source,1
appropriately,1
quarters,1
too,1
qualification,1
client,1
already,1
geraldine,1
four,1
two,1
emotional,1
stilted,1
toronto,1
harlem,1
framework,1
bridges,1
novel,1
said,1
she,1
resource,1
consistent,1
additional,1
piety,1
powerful,1
middletown,1
functioned,1
way,1
efficient,1
observation,1
useful,1
persuasive,1
entry,1
proposes,1
lippman,1
specifically,1
ironically,1
prolific,1
organizations,1
invade,1
name,1
classroom,1
avoiding,1
also,1
victorian,1
schooling,1
paul,1
injustice,1
internal,1
cloaked,1
care,1
business,1
perceived,1
david,1
taken,1
journey,1
labeling,1
screened,1
trained,1
again,1
defining,1
address,1
positivist,1
treatment,1
academy,1
dropped,1
numerical,1
similarly,1
hot,1
put,1
intellectual,1
promoting,1
worked,1
bowling,1
speed,1
commonplace,1
scientists,1
diseases,1
water,1
raw,1
nature,1
americanization,1
flint,1
expressed,1
revival,1
formidable,1
scoffers,1
company,1
outside,1
issues,1
book,1
key,1
meltdown,1
included,1
allow,1
bearing,1
careerism,1
capital,1
tradition,1
merit,1
down,1
found,1
creative,1
agile,1
bumham,1
strength,1
ben,1
abstract,1
access,1
combinations,1
diagnostician,1
teachers,1
unprepared,1
indifferent,1
rich,1
rivethead,1
effort,1
obsolescence,1
city,1
between,1
particularly,1
out,1
angry,1
oneself,1
changed,1
intellectuals,1
any,1
misfitted,1
reveal,1
themselves,1
concludes,1
mississippi,1
privileged,1
very,1
end,1
suitable,1
contemporary,1
aloof,1
real,1
examining,1
hospitals,1
dull,1
nevertheless,1
greaseball,1
initial,1
achieved,1
taylored,1
relationships,1
invocation,1
misfits,1
fresh,1
minister,1
hierarchic,1
term,1
current,1
big,1
merely,1
evident,1
flaws,1
unions,1
do,1
critics,1
principal,1
robert,1
william,1
medical,1
pretension,1
larger,1
according,1
advantages,1
coordinated,1
third,1
bridled,1
biographies,1
reading,1
contrived,1
innovative,1
surveys,1
ideological,1
johns,1
competitors,1
leonard,1
racial,1
concedes,1
teacher,1
majority,1
recently,1
technocratic,1
persons,1
michael,1
less,1
see,1
moron,1
until,1
making,1
tribune,1
suffered,1
failure,1
evaluation,1
disorganized,1
sciences,1
otherwise,1
spoke,1
material,1
forum,1
lifting,1
resemblances,1
advocates,1
suspect,1
reiterated,1
validate,1
assumed,1
forthcoming,1
your,1
sociologist,1
eds,1
mismeasure,1
gambling,1
problem,1
sell,1
triumph,1
slang,1
behavioral,1
matthew,1
lucrative,1
hopkins,1
taylorizes,1
mass,1
information,1
impression,1
vehicle,1
day,1
brilliant,1
bureaucratic,1
anticipate,1
shroud,1
studied,1
outlandish,1
precedent,1
turf,1
design,1
diagnostics,1
local,1
ritual,1
having,1
ineptitude,1
italian,1
metaphorical,1
welcome,1
benefiting,1
proudly,1
howard,1
future,1
private,1
lifetime,1
compelling,1
delivering,1
certainty,1
casual,1
missionary,1
anything,1
twain,1
knew,1
waterman,1
freeloading,1
personal,1
examples,1
martha,1
sensical,1
made,1
bibliography,1
tool,1
mecca,1
richard,1
level,1
winners,1
son,1
repetition,1
claim,1
prevails,1
classes,1
barry,1
multiple,1
mental,1
sliced,1
adoring,1
politics,1
smartest,1
americanizing,1
reality,1
transformed,1
x,1
rose,1
presumes,1
fortyfive,1
despite,1
example,1
uncertain,1
exhibit,1
realistic,1
dollar,1
original,1
redefining,1
role,1
department,1
morbidity,1
bettering,1
identity,1
louis,1
against,1
subject,1
caught,1
intended,1
impose,1
neutrality,1
restructuring,1
hamper,1
got,1
beneath,1
year,1
use,1
heights,1
exploitation,1
fit,1
organization,1
programs,1
democratic,1
fashioned,1
disinterest,1
shut,1
assume,1
unitary,1
risk,1
disguised,1
controlled,1
engaging,1
credentials,1
officers,1
prominently,1
increasingly,1
lynds,1
waves,1
paula,1
engineers,1
taylorism,1
andrew,1
seemed,1
documented,1
accessible,1
fitted,1
national,1
ed,1
domesticating,1
linguistic,1
question,1
promoted,1
understandings,1
initiatives,1
historically,1
proof,1
volume,1
explained,1
commercial,1
stanford,1
arrangements,1
score,1
losers,1
man,1
status,1
fact,1
received,1
careers,1
reject,1
vernacular,1
assembly,1
pilot,1
intensified,1
relationship,1
there,1
three,1
other,1
minds,1
hidden,1
count,1
hierarchy,1
assumes,1
assignment,1
turowitz,1
frame,1
machine,1
thrived,1
author,1
group,1
covello,1
track,1
essay,1
change,1
workers,1
responses,1
leave,1
storehouse,1
joined,1
audiences,1
legacy,1
gate,1
afflictions,1
masterminds,1
pride,1
defensive,1
divisions,1
sense,1
correct,1
successful,1
land,1
characterized,1
walter,1
participating,1
hard,1
idiom,1
descriptive,1
quantitative,1
need,1
jr,1
so,1
reformers,1
philosophical,1
product,1
employing,1
ability,1
haughtiness,1
socialist,1
rooted,1
privilege,1
biographic,1
next,1
affairs,1
prospect,1
colleagues,1
order,1
practiced,1
accurate,1
progressive,1
conversation,1
discredit,1
last,1
phrase,1
enriched,1
hygiene,1
tales,1
transcend,1
measured,1
computer,1
technobabble,1
maintaining,1
dean,1
paths,1
immigrants,1
rosenberg,1
divisive,1
compromises,1
never,1
taint,1
calling,1
promotion,1
perspective,1
band,1
favored,1
each,1
entrepreneurs,1
ignore,1
problems,1
privileging,1
straightening,1
subjects,1
truisms,1
amateurish,1
k,1
legitimize,1
evolutionary,1
nineteenthand,1
columbia,1
psychological,1
holds,1
corruption,1
sanford,1
dramatic,1
served,1
spectacular,1
research,1
exhaustive,1
afford,1
convey,1
secrecy,1
c,1
businessmen,1
overcrowding,1
linguafranca,1
succeeded,1
negotiate,1
methodological,1
truly,1
teach,1
budgets,1
clever,1
cognitive,1
weight,1
percent,1
up,1
behaviorism,1
exclusively,1
predictable,1
advertisement,1
aggressively,1
mathematical,1
hamilton,1
journal,1
looked,1
wife,1
resistance,1
critique,1
immediately,1
plummeted,1
fell,1
furthermore,1
recent,1
notes,1
fordism,1
longterm,1
educators,1
appropriate,1
value,1
time,1
questionable,1
attention,1
roles,1
encompassing,1
evoked,1
sane,1
competitive,1
reducing,1
evade,1
deeper,1
stylized,1
society,1
baseball,1
tight,1
