WORDCOUNTS,WEIGHT
the,203
of,180
in,110
and,99
to,82
a,65
new,62
that,50
as,41
england,41
white,36
americans,31
slavery,31
african,30
melish,29
for,26
their,24
this,21
s,19
englanders,19
antislavery,16
not,16
emancipation,16
is,16
american,15
by,15
on,15
history,14
these,13
at,13
racial,12
have,12
race,12
they,11
abolitionists,11
which,11
be,11
with,10
economic,10
from,10
but,10
more,10
had,10
out,10
black,10
she,9
been,9
was,9
enslaved,9
process,8
regarding,8
an,8
africans,8
child,7
no,7
one,7
about,7
itself,7
or,7
antebellum,7
also,7
colonization,7
many,7
would,7
century,7
presence,7
society,7
movement,6
constructed,6
p,6
less,6
see,6
kellow,6
free,6
people,6
so,6
may,5
south,5
it,5
erasing,5
gradual,5
who,5
southern,5
ways,5
into,5
disowning,5
only,5
did,5
lydia,5
while,5
argues,5
both,5
discrimination,5
region,5
maria,5
were,5
although,5
freed,5
slave,5
early,5
what,4
make,4
prejudice,4
ideologies,4
experience,4
labor,4
are,4
came,4
could,4
half,4
very,4
removal,4
those,4
reviews,4
enslavement,4
erikson,4
example,4
its,4
place,4
virtually,4
demonstrates,4
than,4
such,4
development,4
own,4
clear,4
period,4
reformers,4
states,4
degradation,4
evidence,4
increasing,3
appeal,3
therefore,3
absence,3
if,3
struggled,3
community,3
transformation,3
often,3
moreover,3
all,3
perceptions,3
university,3
numbers,3
ed,3
too,3
threat,3
most,3
ever,3
first,3
continues,3
social,3
consequence,3
slaveholding,3
important,3
efforts,3
problem,3
december,3
explores,3
color,3
narrative,3
census,3
man,3
there,3
rhetoric,3
never,3
person,3
same,3
economy,3
terms,3
opposition,3
public,3
her,3
some,3
r,3
whiteness,3
omissions,3
mythic,3
made,3
run,3
point,3
part,3
entirely,3
significant,3
aspect,3
thus,3
north,3
negro,3
points,3
sense,3
after,3
discourse,3
attention,3
class,3
autonomy,3
themselves,3
erik,2
ending,2
republic,2
played,2
without,2
way,2
continued,2
silences,2
within,2
identity,2
how,2
life,2
might,2
ultimate,2
yankee,2
importantly,2
direct,2
why,2
whole,2
expectations,2
analysis,2
united,2
racism,2
supposed,2
support,2
means,2
lloyd,2
easily,2
read,2
favor,2
counterparts,2
decade,2
legacies,2
challenged,2
then,2
clearly,2
nineteenth,2
articulated,2
colonial,2
al,2
themes,2
different,2
acknowledges,2
scarcely,2
either,2
every,2
problems,2
interests,2
book,2
m,2
again,2
seem,2
treatment,2
view,2
similarly,2
identified,2
towns,2
control,2
emerged,2
each,2
growth,2
country,2
abolish,2
liberty,2
prejudices,2
capital,2
assertion,2
called,2
post,2
become,2
metaphorical,2
any,2
substantially,2
cities,2
legacy,2
past,2
just,2
william,2
small,2
warnings,2
poverty,2
where,2
right,2
war,2
something,2
hostility,2
majority,2
case,2
issue,2
duties,2
nati,2
however,2
passed,2
time,2
mulatto,2
indulged,2
aspects,2
failure,2
women,2
almost,2
statutes,2
conform,2
data,2
africanamerican,2
anxieties,2
eighteenth,2
determined,2
four,2
story,2
through,2
despite,2
civil,2
press,2
became,2
role,2
nation,2
against,2
et,2
marginalized,2
garrison,2
southerners,2
masks,2
behavior,2
assume,2
challenges,2
records,2
mythology,2
freedom,2
our,2
question,2
regional,2
formation,2
disorder,2
ultimately,2
argument,2
years,2
difference,2
margaret,2
national,2
subtle,2
neighbors,2
joanne,2
contributed,2
individual,2
like,2
inherent,2
wished,2
relations,2
latter,2
better,2
david,2
especially,2
few,2
least,2
between,2
response,2
effect,2
obliteration,2
condemned,2
reconsideration,2
even,2
because,2
resistance,2
much,2
here,2
bourgeois,2
value,2
should,2
generation,2
tragic,2
lastly,2
roediger,2
pope,2
societies,2
nations,1
subsequently,1
feminists,1
jean,1
processes,1
suspects,1
thoughts,1
entitled,1
locates,1
live,1
does,1
late,1
provoking,1
communities,1
republican,1
abolition,1
receded,1
interesting,1
transportation,1
he,1
disappearance,1
rejected,1
beset,1
currently,1
respect,1
second,1
alleged,1
slender,1
immediatists,1
cleansing,1
town,1
dangerously,1
gained,1
ironies,1
implications,1
metaphors,1
transformations,1
license,1
seacoasts,1
testify,1
his,1
deserve,1
pledged,1
sometimes,1
crucial,1
effected,1
strike,1
dissects,1
distorted,1
short,1
generations,1
activists,1
created,1
emerson,1
bound,1
ironic,1
program,1
whites,1
lie,1
superiority,1
exacerbated,1
market,1
decades,1
affected,1
emergence,1
centre,1
northerners,1
brief,1
deteriorating,1
levels,1
nearly,1
revolutionary,1
male,1
female,1
binary,1
oversight,1
responded,1
independence,1
subsistence,1
bonds,1
oppressed,1
ambiguous,1
alone,1
dissimilar,1
adoption,1
explicitly,1
approaching,1
reconstruction,1
arrangements,1
critiquing,1
invested,1
estimations,1
render,1
saints,1
lawrence,1
connecticut,1
understand,1
per,1
contribution,1
premises,1
se,1
collapsed,1
large,1
absorption,1
judged,1
hold,1
tends,1
dialogue,1
slaveholders,1
provisions,1
illustrations,1
existed,1
achieve,1
once,1
antithesis,1
wittingly,1
consequences,1
cherished,1
garrisonian,1
characteristically,1
equated,1
probate,1
trains,1
troublesome,1
constitute,1
h,1
recognized,1
canonical,1
vestigial,1
when,1
citizens,1
intuitively,1
assumptions,1
shall,1
done,1
opportunities,1
lives,1
security,1
studies,1
pp,1
respectability,1
problematic,1
alienate,1
veiled,1
grounded,1
serve,1
conscious,1
hegemonic,1
wages,1
regularly,1
ominous,1
self,1
under,1
thinly,1
former,1
considered,1
acceptance,1
combat,1
us,1
key,1
western,1
index,1
perceived,1
dispose,1
completing,1
descend,1
assistant,1
uprooted,1
literary,1
pose,1
publicly,1
literally,1
james,1
contained,1
assimilation,1
writ,1
entrenched,1
homogeneous,1
reasons,1
general,1
cornell,1
poisonous,1
director,1
consciousness,1
represented,1
brazenly,1
growing,1
shifting,1
n,1
impact,1
broke,1
essentialist,1
gradually,1
mary,1
arguing,1
denaturalize,1
underscore,1
character,1
biography,1
proclamation,1
circumstances,1
debased,1
conflate,1
department,1
reliance,1
constituted,1
accumulation,1
increasingly,1
fact,1
romance,1
symbolic,1
inferiority,1
implied,1
statement,1
fagan,1
precise,1
avoided,1
totality,1
undermine,1
devices,1
notions,1
ralph,1
reminds,1
long,1
perhaps,1
psychohistory,1
supposedly,1
oppression,1
expulsion,1
servile,1
connection,1
vote,1
compensation,1
engage,1
willing,1
drew,1
human,1
competition,1
juxtaposing,1
participated,1
set,1
founding,1
fantasy,1
assert,1
painstakingly,1
attempts,1
projected,1
taken,1
childhood,1
mis,1
physically,1
toward,1
others,1
drawing,1
undertook,1
over,1
appear,1
tactically,1
waldo,1
generated,1
methodology,1
expectation,1
put,1
agenda,1
proposed,1
image,1
perfected,1
addition,1
taking,1
working,1
contention,1
metaphorically,1
j,1
yellin,1
turn,1
visual,1
cultures,1
standards,1
reestablish,1
communal,1
worth,1
organized,1
latent,1
condemning,1
rhode,1
seriously,1
admit,1
other,1
historians,1
underwrote,1
concentration,1
problematized,1
bigots,1
asserts,1
industry,1
continue,1
best,1
areas,1
advantage,1
pressure,1
importation,1
desire,1
stalwart,1
vision,1
conflated,1
exclusion,1
access,1
regard,1
developed,1
returns,1
emphasis,1
timing,1
portrayal,1
fully,1
normative,1
children,1
exploration,1
shot,1
really,1
triumphalism,1
shared,1
faults,1
concludes,1
end,1
stridently,1
debates,1
longstanding,1
noting,1
commitment,1
survey,1
associating,1
take,1
nationalism,1
farmer,1
crusade,1
subsequent,1
possibility,1
commands,1
observes,1
conferred,1
puritan,1
culture,1
absolutely,1
davidson,1
refusing,1
forms,1
places,1
turned,1
state,1
took,1
counterproductive,1
hand,1
remade,1
blackness,1
do,1
concepts,1
leaving,1
geography,1
bitterly,1
boundaries,1
pointing,1
understood,1
informed,1
physical,1
advantages,1
virtual,1
ours,1
dwight,1
profitable,1
reading,1
somewhat,1
purchase,1
norton,1
johns,1
pursued,1
obscures,1
scrambled,1
arising,1
sharpened,1
subordinating,1
rare,1
income,1
them,1
whether,1
population,1
inflicted,1
form,1
persons,1
initiatives,1
cause,1
answer,1
making,1
promise,1
indigence,1
pursue,1
unanticipated,1
particular,1
america,1
trope,1
well,1
imposed,1
deported,1
takes,1
nascent,1
existence,1
attitudes,1
juxtaposed,1
resulted,1
dialectic,1
generic,1
wake,1
required,1
forward,1
facilities,1
trade,1
eventual,1
ignoring,1
has,1
hierarchies,1
negotiated,1
money,1
bedevilled,1
advice,1
lucrative,1
hopkins,1
number,1
particularly,1
bastion,1
eliminate,1
beth,1
perpetrated,1
memory,1
receive,1
historiographical,1
arrogate,1
shape,1
erasures,1
explored,1
africaness,1
stereotype,1
fight,1
untrammelled,1
voice,1
imagine,1
account,1
having,1
wonders,1
meetings,1
obligations,1
status,1
suggests,1
basis,1
slaveowning,1
synonym,1
line,1
activity,1
condition,1
deportation,1
discussion,1
campaigns,1
work,1
covenanted,1
knew,1
spaces,1
apprenticeships,1
afterglow,1
extent,1
abolitionist,1
erased,1
birth,1
rendered,1
abolitionism,1
bodies,1
little,1
activism,1
intends,1
level,1
mythically,1
occasionally,1
repression,1
rid,1
invisible,1
slaves,1
heart,1
imagined,1
sides,1
rereading,1
apart,1
thereby,1
transformed,1
supervision,1
far,1
eliminating,1
explains,1
lowell,1
resources,1
dumond,1
depended,1
increase,1
bourgeoisie,1
irish,1
giving,1
expand,1
subject,1
minority,1
must,1
empirical,1
selectmen,1
adapted,1
sectional,1
conventional,1
illusion,1
brings,1
categories,1
gave,1
west,1
island,1
desegregate,1
plantation,1
steamboats,1
began,1
factor,1
issues,1
mutability,1
formerly,1
writing,1
net,1
underscored,1
structures,1
ethnic,1
somehow,1
ontario,1
actual,1
tentatively,1
individuals,1
chapters,1
prepared,1
psychoanalyst,1
come,1
proceeds,1
saw,1
markers,1
differed,1
option,1
fears,1
raft,1
promoted,1
hardened,1
theories,1
signalling,1
racializing,1
professor,1
powerful,1
gregarious,1
survival,1
anniv,1
arguably,1
component,1
strengthened,1
notes,1
erasure,1
disappear,1
meanings,1
portrayals,1
escalated,1
humanity,1
wielded,1
reality,1
numerous,1
marginalize,1
unflinchingly,1
obliterated,1
finally,1
crisis,1
good,1
change,1
multiplicity,1
relatively,1
ease,1
counter,1
desideratum,1
construct,1
times,1
indolence,1
clumsy,1
typically,1
historicization,1
upon,1
friedman,1
facet,1
sins,1
need,1
appreciated,1
ego,1
embodiment,1
convention,1
revolution,1
insofar,1
rooted,1
masters,1
effects,1
course,1
saintly,1
warrant,1
devise,1
attempted,1
off,1
degeneracy,1
households,1
joked,1
disguises,1
exclude,1
quite,1
midst,1
transcending,1
actively,1
developments,1
sidestepped,1
problematize,1
mudsills,1
envisioned,1
mind,1
legislatures,1
men,1
ignore,1
blacks,1
surely,1
searching,1
highly,1
systems,1
removed,1
ithaca,1
allowed,1
brought,1
invoke,1
clarify,1
meaning,1
imbrication,1
racist,1
dramatic,1
output,1
relation,1
incubus,1
dates,1
thing,1
xvi,1
nobody,1
single,1
tended,1
churches,1
always,1
texts,1
swords,1
inconsiderable,1
y,1
substantial,1
element,1
ownership,1
persuaded,1
given,1
dependent,1
arose,1
intent,1
look,1
galleries,1
manners,1
contrasts,1
enhanced,1
resolutions,1
artisanal,1
strong,1
instances,1
psychic,1
production,1
institution,1
envisage,1
counselled,1
plausible,1
structured,1
concise,1
laborers,1
repudiated,1
ignored,1
ago,1
lashed,1
clumsily,1
lincoln,1
subjugated,1
compels,1
nuanced,1
sole,1
inform,1
sisters,1
close,1
enjoy,1
perception,1
seemed,1
harmful,1
wholesale,1
unwittingly,1
focused,1
unfolded,1
thorough,1
