WORDCOUNTS,WEIGHT
the,212
of,130
to,74
and,64
in,56
that,46
as,28
a,23
constitution,20
this,17
not,14
is,13
founding,13
their,12
with,12
or,12
more,12
it,11
from,11
by,11
for,11
political,11
which,11
founders,10
have,10
be,10
up,10
we,10
american,9
but,9
s,9
has,9
on,9
his,8
are,8
essay,8
would,8
states,8
at,7
rights,7
they,7
p,7
its,7
ideas,7
were,7
facing,7
essays,6
any,6
these,6
first,6
fundamental,6
what,6
original,6
some,6
our,6
so,6
one,6
even,6
principle,5
was,5
must,5
most,5
only,5
framers,5
volume,5
over,5
yarbrough,5
john,5
i,5
state,5
kramnick,5
property,5
values,5
own,5
than,5
nedelsky,5
may,4
lerner,4
way,4
slavery,4
how,4
make,4
face,4
history,4
book,4
union,4
been,4
other,4
could,4
her,4
murrin,4
terms,4
historians,4
erler,4
argues,4
much,4
rakove,4
sense,4
madison,4
onuf,4
when,4
should,4
critical,3
republican,3
he,3
declaration,3
today,3
common,3
does,3
jillson,3
federal,3
case,3
university,3
us,3
marshall,3
title,3
just,3
simply,3
pole,3
beyond,3
text,3
meaning,3
all,3
character,3
principles,3
best,3
far,3
contemporary,3
never,3
where,3
making,3
constitutionalism,3
politics,3
discussion,3
both,3
come,3
moral,3
authors,3
individual,3
least,3
like,3
systems,3
perfect,2
appeal,2
final,2
bernard,2
liberalism,2
second,2
done,2
whose,2
limits,2
no,2
if,2
madisonian,2
defy,2
bicentennial,2
commitment,2
independence,2
who,2
now,2
still,2
remaining,2
ask,2
pristine,2
about,2
united,2
once,2
education,2
interpretation,2
citizens,2
pp,2
dialects,2
isaac,2
protection,2
languages,2
share,2
n,2
something,2
four,2
two,2
noted,2
judicial,2
also,2
originally,2
power,2
consensus,2
slave,2
natural,2
put,2
reflections,2
many,2
j,2
hoffman,2
did,2
very,2
genuine,2
ambition,2
great,2
confusion,2
time,2
clearly,2
court,2
religion,2
jennifer,2
distinctive,2
past,2
there,2
better,2
do,2
present,2
bailyn,2
road,2
reviews,2
contents,2
promise,2
sovereignty,2
deliberations,2
particular,2
can,2
perhaps,2
belief,2
debate,2
while,2
immediate,2
such,2
jack,2
jurisprudence,2
understanding,2
used,2
conference,2
writers,2
concludes,2
say,2
press,2
apply,2
role,2
subject,2
gave,2
arguments,2
conflict,2
ronald,2
theories,2
national,2
peter,2
crisis,2
contributors,2
instead,2
vital,2
lie,2
contrast,2
philosophy,2
turn,2
discourse,2
june,2
between,2
civic,2
clause,2
point,2
given,2
those,2
world,2
recent,2
thought,2
deeper,2
society,2
courts,1
jean,1
resolve,1
carried,1
suggest,1
threatened,1
accepting,1
survived,1
therefore,1
challenge,1
led,1
sample,1
humanism,1
philadelphia,1
critics,1
struggle,1
emulate,1
ironies,1
silence,1
individualist,1
ably,1
succinctly,1
without,1
anatolian,1
provide,1
opening,1
recall,1
adopt,1
sanctity,1
crucial,1
johns,1
economic,1
five,1
centrality,1
ways,1
grips,1
modern,1
generations,1
indeed,1
naturally,1
scholar,1
stop,1
feeling,1
ready,1
edward,1
synopsizes,1
diggins,1
concern,1
truth,1
restates,1
extend,1
attitude,1
restate,1
merits,1
circumlocutory,1
framing,1
doctrine,1
binary,1
notion,1
process,1
happier,1
mean,1
means,1
represented,1
profusion,1
pokes,1
force,1
accommodating,1
effectively,1
after,1
eight,1
contribution,1
expect,1
abridgement,1
identifies,1
scottish,1
wilson,1
legitimacy,1
idiosyncratic,1
stripped,1
group,1
republic,1
try,1
simultaneously,1
parts,1
traveled,1
religious,1
chattel,1
herman,1
safely,1
inspired,1
often,1
reconstitution,1
provisions,1
enabled,1
analysis,1
corrupting,1
neutrally,1
formed,1
consequences,1
assuring,1
authority,1
respect,1
knopf,1
deference,1
charlottesville,1
sets,1
yet,1
ankara,1
fair,1
thomas,1
get,1
approaches,1
americans,1
anarchy,1
concerns,1
easily,1
settled,1
read,1
retreat,1
confessed,1
albert,1
meant,1
vigor,1
marks,1
alaskan,1
definitive,1
allow,1
possibly,1
dichotomy,1
declarations,1
position,1
index,1
seems,1
duties,1
authorities,1
inequality,1
resonates,1
bit,1
quick,1
taney,1
eventually,1
fathers,1
thinking,1
light,1
warren,1
portentously,1
fragile,1
culture,1
traces,1
contested,1
mary,1
migration,1
series,1
conclusion,1
paine,1
source,1
several,1
originalism,1
experiment,1
too,1
defend,1
comparison,1
shadowy,1
distilled,1
communal,1
show,1
department,1
experience,1
recourse,1
under,1
ever,1
rigidly,1
consistent,1
commemreviews,1
origins,1
known,1
comes,1
passion,1
gap,1
either,1
naive,1
published,1
appeared,1
regime,1
notions,1
persuasive,1
ralph,1
wrong,1
hence,1
party,1
downright,1
defects,1
contradict,1
narrows,1
reach,1
creation,1
disagreement,1
here,1
pervasive,1
theory,1
implications,1
opinion,1
use,1
toward,1
bring,1
others,1
rush,1
lamenting,1
view,1
denounce,1
promoting,1
refused,1
each,1
sure,1
dare,1
readily,1
contention,1
gentle,1
missing,1
troubling,1
legislative,1
straussian,1
true,1
different,1
fact,1
longer,1
lack,1
commonsense,1
opposition,1
available,1
scientists,1
scholars,1
uneasy,1
appearance,1
six,1
carrying,1
rule,1
aegis,1
intrusive,1
printed,1
desire,1
reasons,1
reformed,1
jurisdictional,1
dismissal,1
panhandle,1
pressed,1
lived,1
admittedly,1
touchingly,1
out,1
obeyed,1
classical,1
belz,1
government,1
new,1
substantive,1
reveal,1
pass,1
radical,1
dispute,1
orative,1
unchecked,1
take,1
historical,1
examining,1
review,1
prosaic,1
succeeding,1
republicanism,1
help,1
serious,1
coalitions,1
simple,1
works,1
fear,1
options,1
persistence,1
surprised,1
places,1
patterns,1
accurately,1
fits,1
parody,1
attach,1
kalamazoo,1
precisely,1
anglican,1
v,1
equally,1
reserved,1
principal,1
irony,1
seriousness,1
understood,1
shall,1
regulatory,1
float,1
aspects,1
circles,1
accepted,1
setting,1
them,1
orthodoxy,1
winthrop,1
produced,1
form,1
less,1
meanings,1
system,1
rebellion,1
together,1
issue,1
constitutional,1
pertinent,1
grounds,1
moralism,1
however,1
attitudes,1
forthcoming,1
expedient,1
plain,1
guarantee,1
factious,1
bate,1
eds,1
novelty,1
enough,1
problem,1
distance,1
enable,1
public,1
interpreting,1
captures,1
always,1
hopkins,1
foundations,1
me,1
patriarchal,1
america,1
agriculture,1
devotes,1
dreaded,1
right,1
complementary,1
reminds,1
well,1
institutions,1
thousands,1
account,1
generally,1
assistance,1
nuances,1
virginia,1
analyzed,1
r,1
bounds,1
relief,1
balance,1
bloom,1
egalitarian,1
certain,1
work,1
challenged,1
jordan,1
session,1
permitted,1
intent,1
reapportionment,1
treated,1
amendments,1
made,1
start,1
strayed,1
cliche,1
vote,1
possible,1
atrophied,1
diminution,1
imagined,1
protected,1
writings,1
private,1
themes,1
barron,1
peripatetic,1
little,1
conclude,1
conceptual,1
supervision,1
through,1
exalted,1
intentions,1
explains,1
competing,1
enormous,1
previously,1
conception,1
guiding,1
tongues,1
calls,1
play,1
duty,1
certitude,1
complexities,1
debates,1
minority,1
criticized,1
ten,1
lies,1
reminded,1
worst,1
though,1
entirely,1
acute,1
confronted,1
confidence,1
moralizing,1
continuation,1
realm,1
surrogate,1
operated,1
during,1
fourteenth,1
proper,1
james,1
allowed,1
issues,1
families,1
collective,1
inspire,1
framework,1
guilty,1
maintained,1
concentrate,1
optimism,1
representation,1
exist,1
actually,1
questions,1
evolution,1
actual,1
story,1
recovery,1
binding,1
clatter,1
call,1
prepared,1
amendment,1
indefinite,1
prevail,1
belated,1
away,1
ketchikan,1
question,1
fun,1
surely,1
endorsed,1
radicalism,1
explained,1
stanford,1
argument,1
rejected,1
gasp,1
years,1
horizon,1
miss,1
significance,1
run,1
clear,1
since,1
three,1
against,1
directed,1
regarded,1
stress,1
foist,1
personalities,1
conflicts,1
recovering,1
transitions,1
accept,1
subtle,1
symposium,1
interest,1
findings,1
faces,1
calvinist,1
baltimore,1
social,1
ability,1
leave,1
course,1
subtexts,1
controversies,1
protestantism,1
although,1
commerce,1
typically,1
correct,1
realism,1
isolating,1
level,1
roses,1
trade,1
cobble,1
need,1
an,1
reformers,1
delivered,1
complex,1
convention,1
fulfill,1
revolution,1
pay,1
individualism,1
straight,1
writer,1
played,1
next,1
dissonance,1
order,1
neutralized,1
pursues,1
emphasizes,1
preservation,1
quite,1
cases,1
consequence,1
settlement,1
provides,1
event,1
distinct,1
federalism,1
nor,1
theorists,1
constitutions,1
family,1
venture,1
snappily,1
why,1
summary,1
legacy,1
document,1
person,1
gouverneur,1
offered,1
concluding,1
fraught,1
having,1
jefferson,1
highly,1
commentators,1
promote,1
bridge,1
study,1
rest,1
posture,1
completing,1
holds,1
editors,1
interpretations,1
overcome,1
respectively,1
scholarship,1
xvi,1
effective,1
examine,1
accordingly,1
era,1
enterprise,1
agrees,1
symposia,1
adams,1
occasions,1
whole,1
early,1
uncertainty,1
texts,1
richness,1
rendition,1
recur,1
majority,1
because,1
morris,1
focus,1
images,1
describes,1
afoul,1
conventions,1
artisanal,1
implanted,1
among,1
lockean,1
recapitulates,1
french,1
notes,1
capitol,1
william,1
exposited,1
quarterly,1
value,1
virtue,1
searches,1
cede,1
recurring,1
invites,1
informed,1
deploy,1
attention,1
am,1
valuable,1
disturbing,1
establishments,1
dictated,1
error,1
rigidity,1
coherence,1
calvin,1
