WORDCOUNTS,WEIGHT
the,182
of,141
and,125
in,94
women,69
to,62
that,56
a,48
s,47
is,33
not,30
foster,26
as,24
yellin,22
were,22
about,21
for,20
book,19
they,18
one,18
with,18
by,16
p,16
their,15
white,15
but,15
her,15
he,14
his,14
men,14
marriage,13
who,12
or,12
family,12
slave,12
are,11
have,11
be,11
american,10
history,10
was,10
an,10
at,9
slavery,9
groups,9
more,9
utopia,9
all,9
which,9
there,9
does,8
male,8
oneida,8
from,8
information,8
families,8
this,8
shakers,8
subjects,8
themselves,8
it,7
antislavery,7
had,7
slaves,7
feminists,7
without,6
truth,6
community,6
hawthorne,6
any,6
children,6
mormon,6
case,6
woman,6
mormons,6
work,6
abolitionist,6
nadelhaft,6
little,6
its,6
much,6
married,6
chained,6
sisters,6
rights,5
wives,5
objects,5
on,5
most,5
communal,5
might,5
while,5
contemporary,5
free,5
those,5
reviews,5
jacobs,5
made,5
issues,5
utopian,5
black,5
books,4
later,4
figure,4
how,4
female,4
studies,4
university,4
before,4
age,4
first,4
power,4
again,4
nature,4
did,4
societies,4
analogy,4
new,4
harriet,4
historical,4
serious,4
what,4
them,4
however,4
perhaps,4
such,4
deal,4
analysis,4
powers,4
average,4
press,4
temperance,4
numerous,4
being,4
own,4
september,4
like,4
so,4
discourse,4
nor,4
few,4
between,4
word,4
when,4
would,4
even,4
notes,4
close,4
society,4
may,3
now,3
been,3
revolutionary,3
notion,3
lawrence,3
led,3
slogan,3
pp,3
many,3
shaker,3
smith,3
image,3
literary,3
material,3
same,3
mary,3
no,3
too,3
two,3
simply,3
learns,3
abolitionists,3
powerful,3
sources,3
other,3
experiments,3
including,3
could,3
great,3
polygamy,3
events,3
i,3
polygamous,3
william,3
has,3
patriarchal,3
america,3
sexual,3
thousands,3
condition,3
size,3
communities,3
despite,3
common,3
jerome,3
roman,3
sojourner,3
than,3
clear,3
describing,3
century,3
after,3
needs,3
sufficient,3
study,3
noyes,3
james,3
early,3
least,3
given,2
enough,2
settlers,2
mostly,2
americans,2
chains,2
child,2
husband,2
ideology,2
illustration,2
description,2
perfection,2
process,2
oppressed,2
make,2
worse,2
expanded,2
visual,2
comments,2
importance,2
movement,2
large,2
religious,2
chattel,2
illustrations,2
control,2
surprising,2
frontier,2
english,2
thought,2
thinks,2
ruby,2
pressures,2
sex,2
acceptance,2
challenged,2
index,2
publicly,2
title,2
home,2
paper,2
husbands,2
antebellum,2
nineteenth,2
these,2
noted,2
fagan,2
indicate,2
useful,2
lee,2
note,2
rather,2
members,2
problems,2
offers,2
if,2
interests,2
challenge,2
others,2
over,2
deserves,2
identified,2
iconography,2
into,2
each,2
presents,2
words,2
definition,2
different,2
fact,2
outside,2
treatment,2
together,2
wrote,2
lacks,2
time,2
found,2
footsteps,2
far,2
radical,2
end,2
man,2
help,2
works,2
last,2
feminist,2
do,2
ann,2
henry,2
drop,2
founder,2
jean,2
war,2
relations,2
appears,2
ones,2
mormonism,2
issue,2
rohrlich,2
earlier,2
hiram,2
elsewhere,2
cloth,2
years,2
original,2
some,2
omissions,2
art,2
discussion,2
both,2
john,2
taking,2
recent,2
through,2
purpose,2
very,2
cited,2
became,2
related,2
jeffrey,2
identity,2
gender,2
concern,2
traditional,2
letter,2
use,2
concept,2
bondage,2
during,2
exposed,2
prints,2
responded,2
evidence,2
representations,2
since,2
three,2
conditions,2
author,2
plural,2
aware,2
change,2
although,2
presented,2
period,2
hester,2
him,2
revolution,2
you,2
sexuality,2
joined,2
adequately,2
long,2
scarlet,2
life,2
never,2
legally,2
written,2
article,2
syracuse,2
reads,2
research,2
topics,2
can,2
oppression,2
story,2
journal,2
wetmore,2
wife,2
describes,2
details,2
among,2
famous,2
rare,2
should,2
general,2
born,2
hardly,2
greek,2
am,2
appeal,1
set,1
cite,1
reencoded,1
dealing,1
will,1
reencoding,1
eternal,1
donate,1
specifically,1
steps,1
hymns,1
therefore,1
judge,1
pictorial,1
third,1
grimke,1
womanhood,1
christian,1
horribly,1
besides,1
racism,1
recognized,1
adequate,1
york,1
me,1
whose,1
today,1
millennial,1
south,1
give,1
conforming,1
succinctly,1
attempts,1
nonetheless,1
she,1
always,1
fairly,1
act,1
true,1
minstrel,1
avoiding,1
movements,1
implying,1
within,1
economic,1
ways,1
sentences,1
wrists,1
nathaniel,1
marsh,1
f,1
activists,1
service,1
overall,1
commitment,1
interpretation,1
abject,1
go,1
diirer,1
pale,1
basic,1
durer,1
influential,1
criticized,1
explicit,1
deaths,1
violence,1
brief,1
prospered,1
fewer,1
indicated,1
astell,1
widespread,1
communitybut,1
posed,1
outburst,1
extent,1
liberating,1
poor,1
beaten,1
sixteen,1
active,1
abolition,1
devastating,1
detailed,1
still,1
painful,1
yale,1
abby,1
says,1
notably,1
concrete,1
lives,1
contribution,1
sarah,1
similar,1
church,1
group,1
modes,1
similarities,1
covering,1
complex,1
intemperance,1
imposed,1
changes,1
breakup,1
inspired,1
often,1
philanthropist,1
confidence,1
effective,1
slavelike,1
songs,1
birney,1
scattered,1
live,1
moreover,1
harshly,1
salvation,1
supporting,1
portrayed,1
ostensibly,1
hynm,1
barbarians,1
reference,1
instances,1
arrangements,1
legitimately,1
laws,1
irons,1
articles,1
subtext,1
applied,1
modern,1
investigate,1
pornography,1
joseph,1
sounds,1
meant,1
ominous,1
anguish,1
under,1
subordination,1
threat,1
announces,1
exposure,1
consider,1
populate,1
matters,1
policy,1
quite,1
organization,1
flogged,1
tyrant,1
equated,1
perceived,1
shakersorphans,1
revolutionaries,1
twentythree,1
refers,1
occurred,1
included,1
deliveries,1
punished,1
ambitious,1
then,1
constant,1
unfree,1
conclusions,1
culture,1
threatening,1
terrible,1
uses,1
n,1
something,1
considered,1
preface,1
passions,1
articulated,1
eye,1
conclusion,1
threeamerican,1
radicalness,1
changing,1
inspiration,1
appeals,1
situations,1
provocative,1
blanche,1
hoffman,1
hunger,1
department,1
emotional,1
begins,1
quotations,1
ever,1
increasingly,1
people,1
incorporates,1
concepts,1
only,1
fugitive,1
baby,1
defeated,1
passion,1
divorce,1
recognizable,1
onedia,1
social,1
protection,1
considers,1
declining,1
glassman,1
representation,1
familiarity,1
explicate,1
textual,1
balancing,1
endured,1
certainly,1
leader,1
evils,1
text,1
symbol,1
practicing,1
asks,1
here,1
law,1
suit,1
multiplying,1
agony,1
publicity,1
fettered,1
helped,1
comparative,1
implications,1
ingenuity,1
sometimes,1
forty,1
stories,1
important,1
hears,1
particulars,1
girls,1
providing,1
trained,1
decades,1
patriot,1
appear,1
chance,1
similarly,1
put,1
dissatisfied,1
xxi,1
emerged,1
tolerated,1
ourselves,1
causes,1
towards,1
residence,1
financial,1
turn,1
liberty,1
moving,1
libidinous,1
share,1
hearing,1
whom,1
sizes,1
connection,1
consideration,1
exploration,1
seem,1
available,1
fundamental,1
sections,1
best,1
twenty,1
explores,1
straightforward,1
pressure,1
wellresearched,1
encoding,1
six,1
histories,1
athleticlooking,1
accompanied,1
employments,1
feels,1
fascinating,1
hands,1
called,1
reasons,1
documents,1
feminism,1
surprisingly,1
access,1
differences,1
domestic,1
reform,1
four,1
carol,1
pressed,1
suggesting,1
wollstonecraft,1
daily,1
out,1
schooled,1
twentyfive,1
clearly,1
lydia,1
obviously,1
conflating,1
hundred,1
asserting,1
carolina,1
imagination,1
religion,1
substantially,1
doubt,1
eluding,1
real,1
childbirth,1
appropriately,1
shackled,1
cry,1
forlorn,1
seldom,1
depth,1
believed,1
speeches,1
xx,1
success,1
appeared,1
impressively,1
respects,1
question,1
medals,1
julie,1
pensive,1
forms,1
mavericks,1
unceasingly,1
mind,1
degrading,1
statement,1
nwabueze,1
emphasized,1
greatly,1
respond,1
drove,1
widowed,1
employment,1
indulgence,1
ground,1
reworking,1
understood,1
political,1
though,1
cultural,1
tried,1
offered,1
fled,1
focused,1
conventional,1
manner,1
discipline,1
reading,1
somewhat,1
discussing,1
innovative,1
heaven,1
select,1
odes,1
johns,1
continuing,1
confused,1
patterns,1
harassment,1
accepted,1
receives,1
reactions,1
establish,1
disorder,1
vulnerable,1
hated,1
terms,1
selected,1
form,1
feed,1
less,1
see,1
cause,1
answer,1
desires,1
duplication,1
want,1
particular,1
beecher,1
appearing,1
join,1
uttered,1
males,1
narrower,1
covers,1
attitudes,1
indicates,1
pains,1
your,1
firmly,1
dictatorial,1
roy,1
shuddered,1
gaps,1
tie,1
key,1
knowledgeable,1
hopkins,1
voice,1
particularly,1
elaine,1
discuss,1
custody,1
convenient,1
well,1
abuse,1
trembled,1
raped,1
property,1
another,1
none,1
demonstrated,1
sibyl,1
owenite,1
felt,1
brings,1
suggests,1
capable,1
recommended,1
analyzed,1
exceptions,1
marriages,1
incorporated,1
referred,1
meetings,1
activity,1
artifacts,1
fourteen,1
incorporation,1
lost,1
place,1
adopting,1
background,1
portraits,1
bibliography,1
completed,1
hymn,1
accompanying,1
writers,1
grounded,1
visions,1
repetition,1
heart,1
reader,1
flaw,1
writings,1
west,1
illustrated,1
say,1
except,1
transformed,1
part,1
sculpture,1
discusses,1
city,1
resignation,1
example,1
civil,1
vision,1
relate,1
speechless,1
comment,1
millenarian,1
snares,1
himself,1
excessive,1
nigh,1
must,1
montagu,1
context,1
utopias,1
gave,1
dedication,1
acknowledges,1
collection,1
emphasizing,1
additions,1
emphasize,1
exciting,1
broad,1
maria,1
inspire,1
admits,1
coins,1
kolmerten,1
exceptionally,1
pretend,1
ideas,1
origin,1
hersh,1
writing,1
englishwoman,1
victim,1
said,1
lived,1
central,1
equality,1
identical,1
nothing,1
individuals,1
chapters,1
okoye,1
come,1
kelley,1
angelina,1
wrath,1
search,1
nightmare,1
fold,1
novels,1
surely,1
sound,1
relationships,1
sexism,1
shown,1
involves,1
described,1
accuracy,1
sympathetic,1
dying,1
prescribe,1
argument,1
birth,1
argues,1
helpless,1
development,1
reveals,1
cavendish,1
reject,1
conn,1
quotation,1
achieves,1
margaret,1
baruch,1
against,1
vindication,1
silent,1
stowe,1
correcting,1
sorrows,1
lady,1
pleads,1
protesting,1
monogamous,1
creating,1
offer,1
brother,1
individual,1
adopted,1
times,1
renounced,1
allowed,1
good,1
successful,1
worketh,1
working,1
unseasonable,1
sequel,1
specialists,1
reformers,1
questionable,1
nurtured,1
convention,1
volume,1
options,1
static,1
centrality,1
predominated,1
enclaves,1
approach,1
exhausted,1
minority,1
shortly,1
transmississippi,1
thing,1
abstractions,1
account,1
standard,1
objections,1
consequence,1
settlement,1
lybian,1
mythmakers,1
decisions,1
around,1
better,1
person,1
small,1
openly,1
why,1
summary,1
humphrey,1
several,1
enslaved,1
comparison,1
ages,1
observation,1
blacks,1
having,1
ear,1
incapable,1
imaginative,1
racks,1
dollars,1
brought,1
manacled,1
extraordinary,1
abortion,1
flawed,1
single,1
served,1
c,1
compared,1
left,1
narrates,1
suffrage,1
sculptures,1
consulted,1
clarity,1
effect,1
jacob,1
sentiments,1
weakening,1
maine,1
cincinnati,1
auhe,1
condemned,1
woes,1
concluding,1
revised,1
y,1
trembling,1
obscure,1
begs,1
dependent,1
raised,1
look,1
token,1
focus,1
marital,1
festivals,1
seek,1
we,1
haven,1
destruction,1
helping,1
sister,1
concise,1
quarterly,1
value,1
professional,1
remarkable,1
asked,1
slaveryby,1
acted,1
passive,1
roles,1
master,1
joining,1
lastly,1
major,1
cites,1
seemed,1
react,1
hierarchy,1
staying,1
poverty,1
consequences,1
