WORDCOUNTS,WEIGHT
the,235
of,162
and,128
a,71
in,59
to,58
fields,41
vaudeville,40
their,36
s,36
is,31
that,28
comedy,24
by,23
weber,23
as,22
popular,21
for,20
was,19
jenkins,19
were,18
with,17
they,16
american,16
from,16
his,16
at,15
film,15
what,15
on,15
early,15
it,14
musical,14
not,13
entertainment,13
p,13
humor,13
comic,12
book,12
forms,12
broadway,12
he,11
hollywood,11
lew,11
this,11
practices,10
history,10
business,10
other,10
both,10
an,10
stage,10
theater,10
but,9
aesthetic,9
authors,9
hero,8
films,8
which,8
how,7
who,7
immigrant,7
called,7
new,7
sound,7
its,7
own,7
have,7
biography,6
between,6
had,6
dot,6
music,6
hall,6
glenn,6
anarchistic,5
york,5
revue,5
one,5
study,5
performers,5
most,5
two,5
joe,5
classical,5
social,5
more,5
production,5
shows,5
narrative,5
historical,5
made,5
dutch,5
tried,5
ethnic,5
would,5
so,5
myer,5
conventions,5
theatrical,5
society,5
isman,5
whoopee,4
performance,4
career,4
pp,4
university,4
into,4
culture,4
these,4
also,4
are,4
entertainments,4
audience,4
audiences,4
routines,4
cultural,4
reviews,4
material,4
bowery,4
analysis,4
father,4
part,4
press,4
years,4
like,4
you,4
immigrants,4
class,4
era,4
much,4
moved,4
cohenski,3
whose,3
variety,3
minstrel,3
l,3
storytelling,3
plots,3
mike,3
nuts,3
romantic,3
partnership,3
or,3
sally,3
uneeda,3
impact,3
armond,3
wanenis,3
first,3
beyond,3
legit,3
physical,3
toward,3
pistachio,3
nature,3
true,3
december,3
could,3
larger,3
nevertheless,3
do,3
henry,3
raised,3
same,3
robert,3
comics,3
dialect,3
kind,3
books,3
style,3
jewish,3
really,3
because,3
marc,3
urban,3
work,3
upon,3
claim,3
screen,3
tracing,3
evolution,3
slapstick,3
until,3
conditions,3
played,3
comedies,3
life,3
especially,3
routine,3
become,3
radio,3
hybrid,3
than,3
roots,3
himself,3
critics,2
town,2
century,2
changing,2
sometimes,2
star,2
play,2
becomes,2
venues,2
still,2
goes,2
pushed,2
them,2
keenly,2
often,2
illustrations,2
lay,2
word,2
yet,2
when,2
violence,2
anarchy,2
escape,2
susan,2
source,2
comedian,2
index,2
censorship,2
share,2
bit,2
eventually,2
jews,2
producers,2
numbers,2
lester,2
women,2
came,2
longed,2
direction,2
masses,2
every,2
name,2
questions,2
set,2
maintain,2
later,2
ran,2
worked,2
each,2
malapproprisms,2
w,2
my,2
depression,2
longer,2
d,2
idea,2
tradition,2
did,2
histories,2
ziegfeld,2
centered,2
plot,2
medium,2
then,2
might,2
out,2
brothers,2
verbal,2
demands,2
personality,2
touring,2
products,2
help,2
featured,2
hand,2
keith,2
satire,2
combined,2
produced,2
see,2
cinema,2
time,2
central,2
bookkeeper,2
historians,2
desires,2
well,2
remained,2
process,2
account,2
suggests,2
some,2
classes,2
targets,2
discussion,2
coherent,2
success,2
insist,2
little,2
tastes,2
city,2
establishment,2
example,2
along,2
enter,2
irish,2
though,2
respectable,2
engage,2
felix,2
images,2
policies,2
disrupted,2
actually,2
moments,2
take,2
story,2
white,2
such,2
development,2
eddie,2
internal,2
studios,2
change,2
david,2
include,2
although,2
friedman,2
jr,2
marx,2
media,2
after,2
pretensions,2
late,2
curiously,2
several,2
mobilized,2
cantor,2
response,2
hebrew,2
supposedly,2
dramatic,2
themselves,2
c,2
sword,2
views,2
characters,2
interaction,2
cinematic,2
world,2
notes,2
traditions,2
should,2
doing,2
daughter,2
attention,2
european,1
aim,1
farce,1
f,1
sigmund,1
does,1
polite,1
syntax,1
meyer,1
now,1
objectionable,1
gerald,1
handsome,1
currently,1
relationship,1
second,1
morgan,1
appropriation,1
moses,1
situate,1
coherency,1
reduced,1
german,1
note,1
attempts,1
coherence,1
declining,1
spelling,1
common,1
imagining,1
stars,1
independent,1
continued,1
act,1
rather,1
mixture,1
managers,1
if,1
concerned,1
bold,1
exhausted,1
within,1
productions,1
been,1
foibles,1
aimed,1
traces,1
main,1
zaniness,1
corporate,1
spectacle,1
wellresearched,1
outsiders,1
short,1
developed,1
plays,1
scholar,1
created,1
result,1
halfbreed,1
surprisingly,1
reinvented,1
separated,1
basic,1
everyone,1
jew,1
ahistorical,1
burlesque,1
acknowledged,1
classic,1
transition,1
legitimate,1
defined,1
attract,1
empire,1
shtick,1
resisting,1
occupies,1
follies,1
dimensions,1
lost,1
sensitive,1
affective,1
prove,1
directions,1
allen,1
analyzes,1
mechanics,1
bert,1
team,1
substantiate,1
expanded,1
associate,1
earlier,1
president,1
proposition,1
contribution,1
yiddish,1
elaborately,1
legitimacy,1
b,1
gags,1
simultaneously,1
fat,1
suppose,1
put,1
easily,1
tends,1
hardships,1
systematically,1
operettas,1
enacted,1
offerings,1
warfield,1
fighting,1
closure,1
movie,1
stone,1
permeable,1
formed,1
live,1
liners,1
oxford,1
alive,1
relied,1
sons,1
farces,1
silliness,1
pleasures,1
remnants,1
support,1
means,1
describe,1
examined,1
fit,1
starred,1
musicals,1
contend,1
represents,1
changes,1
respectability,1
subordinated,1
case,1
vaudevillian,1
pressures,1
albert,1
better,1
pay,1
earliest,1
evolved,1
devotes,1
mobile,1
disrupts,1
consider,1
trace,1
populated,1
detail,1
seat,1
eyed,1
marred,1
operetta,1
seems,1
salient,1
critical,1
responsive,1
environment,1
unlike,1
blackface,1
wanted,1
reprise,1
argues,1
falls,1
filmmaking,1
sketches,1
rarely,1
tells,1
before,1
pragmatist,1
safe,1
pioneered,1
butcher,1
olsen,1
placed,1
died,1
examine,1
descriptions,1
ed,1
without,1
no,1
deliver,1
mentioned,1
indian,1
frequently,1
too,1
exemplify,1
incorporated,1
nineteenthcentury,1
materials,1
xi,1
hoping,1
themes,1
stationed,1
show,1
indians,1
department,1
beginnings,1
shoemaker,1
potential,1
ever,1
lower,1
coexisted,1
increasingly,1
origins,1
pace,1
awkwardness,1
only,1
known,1
stuffed,1
exciting,1
officer,1
conflicting,1
shed,1
office,1
love,1
idealized,1
pleasure,1
lavish,1
titles,1
long,1
writing,1
imaginations,1
jewishness,1
starting,1
critiques,1
museums,1
creation,1
asks,1
ways,1
drew,1
reconciliation,1
explain,1
demystified,1
dialogue,1
challenge,1
helped,1
inflected,1
repertoire,1
runs,1
forty,1
travesties,1
important,1
particulars,1
independents,1
decades,1
cut,1
view,1
over,1
personalities,1
burlesqued,1
script,1
conflicts,1
intellectual,1
partner,1
principle,1
beautiful,1
chaos,1
all,1
greater,1
gambling,1
talking,1
paper,1
blamed,1
standards,1
efforts,1
company,1
phonograph,1
shaped,1
explores,1
stories,1
seem,1
treatment,1
preserve,1
encyclopedic,1
biscuit,1
lanky,1
conformity,1
neal,1
matzo,1
checks,1
found,1
demise,1
argue,1
half,1
sullivan,1
americanize,1
smart,1
potentially,1
gives,1
disliked,1
citizens,1
assembled,1
exploration,1
together,1
isolate,1
epitomized,1
associates,1
clearly,1
reveal,1
composition,1
compassion,1
image,1
wasp,1
room,1
desire,1
pioneer,1
contemporary,1
navy,1
gabler,1
spells,1
applauded,1
real,1
visceral,1
nationalism,1
arguably,1
dramas,1
director,1
snyder,1
impinged,1
accepts,1
integrate,1
dashing,1
highbrow,1
representative,1
winnie,1
stepping,1
living,1
quality,1
frustrations,1
caricature,1
thompson,1
big,1
last,1
merely,1
patterns,1
hint,1
behind,1
considered,1
further,1
stand,1
studies,1
monopolistic,1
reasons,1
paris,1
those,1
born,1
ethnics,1
third,1
influential,1
burlesques,1
where,1
something,1
stock,1
johns,1
obscures,1
dissolved,1
broader,1
lethal,1
bore,1
province,1
lowbrow,1
context,1
cutthroat,1
prosper,1
appears,1
hinterlands,1
greenwood,1
neither,1
selected,1
form,1
companies,1
heavily,1
twisted,1
tailor,1
british,1
improvisatory,1
suffered,1
bolt,1
vaudevillestyle,1
forth,1
particular,1
side,1
borrowing,1
can,1
industry,1
otherwise,1
spoke,1
noticeable,1
rags,1
outside,1
norms,1
barbs,1
xiv,1
signature,1
explored,1
linear,1
mode,1
among,1
eastern,1
groundwork,1
problem,1
east,1
king,1
struggling,1
public,1
outlet,1
slang,1
insightful,1
counterpart,1
hopkins,1
while,1
primary,1
mass,1
rube,1
america,1
vehicle,1
day,1
brilliant,1
laudable,1
cloth,1
ridicule,1
unite,1
abuse,1
joking,1
answers,1
trade,1
voice,1
goldwyn,1
resident,1
u,1
opened,1
analyzed,1
circuit,1
line,1
tribulations,1
visions,1
extended,1
mcclean,1
anxieties,1
schedule,1
abroad,1
survive,1
player,1
examples,1
considering,1
studio,1
genres,1
julian,1
bibliography,1
duo,1
lampoon,1
writers,1
leisure,1
values,1
genre,1
future,1
concept,1
apart,1
taking,1
significantly,1
discovered,1
except,1
fictional,1
including,1
uneeeda,1
riches,1
satiric,1
distinctly,1
florenz,1
seminal,1
calls,1
beer,1
became,1
seamless,1
hays,1
exploring,1
melded,1
excessive,1
techniques,1
ritual,1
song,1
singin,1
analyzing,1
situated,1
formula,1
virtuosity,1
prototype,1
established,1
persona,1
hokum,1
bereft,1
older,1
discussions,1
place,1
sign,1
permanent,1
arrivistes,1
indebted,1
stole,1
tolerance,1
aesthetics,1
issues,1
challenges,1
using,1
sake,1
lightner,1
aside,1
concentrate,1
tall,1
ensuing,1
apotheosis,1
unspeakable,1
aspect,1
think,1
trend,1
lifestyle,1
mightier,1
staid,1
maintains,1
thus,1
homage,1
pen,1
past,1
our,1
call,1
translated,1
trust,1
publication,1
previous,1
triumphs,1
producer,1
question,1
dime,1
fun,1
comedians,1
spirit,1
i,1
interracial,1
single,1
models,1
expect,1
tendency,1
accuracy,1
couple,1
project,1
distinctive,1
peculiarities,1
low,1
difference,1
marry,1
significance,1
mast,1
disappear,1
padded,1
vacation,1
provoked,1
against,1
moral,1
twentieth,1
web,1
shortcomings,1
cheer,1
t,1
anarchical,1
executives,1
woman,1
silent,1
samuel,1
movies,1
washington,1
author,1
finally,1
overexposure,1
soldiers,1
aware,1
related,1
aided,1
interest,1
downtrodden,1
modern,1
good,1
ease,1
janet,1
counter,1
running,1
individual,1
typically,1
allowed,1
integrated,1
kosher,1
snappy,1
delivered,1
staiger,1
dives,1
him,1
premium,1
caricaturist,1
theaters,1
immediacy,1
ethnicity,1
substantiated,1
exemplar,1
weberfieldsian,1
saintly,1
glamorous,1
playing,1
fileopietism,1
comedic,1
attempted,1
progressive,1
turn,1
punning,1
recorded,1
consolidation,1
chic,1
reception,1
captain,1
knockabout,1
extremely,1
emerging,1
distinct,1
nor,1
old,1
family,1
imagination,1
exchange,1
small,1
bordwell,1
poked,1
keep,1
shirts,1
underscore,1
mitchell,1
respective,1
morally,1
chorus,1
few,1
problems,1
bet,1
back,1
unassimilated,1
trying,1
charlotte,1
ole,1
folk,1
columbia,1
acts,1
houses,1
newcomers,1
periodically,1
decline,1
staged,1
upwardly,1
left,1
boundaries,1
continuous,1
johnson,1
mainly,1
continuing,1
laughable,1
be,1
woolsey,1
caricaturists,1
fully,1
managed,1
create,1
up,1
working,1
extent,1
implication,1
even,1
gilbert,1
given,1
sweatshop,1
morris,1
schoenfeld,1
examines,1
patrons,1
invented,1
frequenting,1
occupied,1
xiii,1
insists,1
french,1
recent,1
relative,1
famous,1
about,1
kristin,1
occasion,1
blundering,1
historically,1
deethnicization,1
hardly,1
thought,1
weakness,1
acted,1
roles,1
recognizable,1
longings,1
vaudevillians,1
divesting,1
formats,1
major,1
species,1
arizona,1
actor,1
noon,1
coproduced,1
wheeler,1
continuously,1
purchasing,1
