WORDCOUNTS,WEIGHT
the,264
of,165
and,134
in,102
a,83
new,70
to,69
york,64
s,56
that,49
freeman,40
as,37
city,37
unions,35
with,28
workers,26
for,25
is,23
were,23
their,22
labor,22
union,22
this,20
its,18
was,17
on,17
american,15
but,15
more,15
social,15
working,15
p,14
an,14
housing,13
history,13
from,13
by,13
be,13
class,12
it,11
not,11
most,11
political,11
have,11
other,10
power,10
manufacturing,10
built,10
book,9
health,9
than,9
at,8
he,8
who,8
also,8
had,8
jobs,8
has,8
through,8
crisis,8
so,8
economic,7
been,7
vision,7
about,7
into,7
ii,7
what,7
war,7
public,7
such,7
fiscal,7
would,7
after,7
democracy,6
one,6
democratic,6
care,6
view,6
country,6
efforts,6
leaders,6
some,6
left,6
era,6
much,6
world,6
page,5
massive,5
they,5
life,5
neighborhoods,5
many,5
welfare,5
municipal,5
powerful,5
only,5
members,5
over,5
all,5
weinbaum,5
density,5
reviews,5
making,5
urban,5
must,5
manhattan,5
programs,5
which,5
there,5
small,5
state,5
decline,5
strong,5
justice,5
units,4
without,4
how,4
created,4
achievements,4
united,4
us,4
or,4
liberal,4
just,4
same,4
these,4
subsidized,4
physical,4
did,4
cities,4
those,4
robert,4
siegel,4
narrative,4
years,4
huge,4
when,4
investment,4
point,4
during,4
policies,4
people,4
business,4
million,4
while,4
argues,4
own,4
september,4
sense,4
communists,4
few,4
between,4
last,4
third,4
percent,4
up,4
even,4
building,4
may,3
south,3
today,3
helped,3
way,3
his,3
if,3
crucial,3
commitment,3
support,3
fewer,3
nearly,3
still,3
expanded,3
center,3
often,3
wages,3
seeing,3
university,3
seems,3
home,3
impact,3
flight,3
age,3
lower,3
shows,3
especially,3
long,3
cover,3
are,3
could,3
strength,3
vibrant,3
changed,3
deal,3
government,3
advocacy,3
living,3
transit,3
further,3
beginning,3
can,3
property,3
work,3
made,3
radicals,3
part,3
largely,3
demonstrates,3
sensibility,3
polity,3
against,3
conditions,3
buildings,3
states,3
century,3
progressive,3
black,3
structure,3
we,3
roots,3
should,3
industries,2
yorkers,2
higher,2
liberals,2
rights,2
now,2
high,2
currently,2
philadelphia,2
equality,2
no,2
difficult,2
important,2
true,2
corporate,2
example,2
generous,2
indeed,2
workplaces,2
limited,2
landscape,2
decades,2
celebration,2
nationwide,2
whites,2
racial,2
lasting,2
community,2
force,2
make,2
argued,2
rapidly,2
movement,2
residential,2
led,2
white,2
fall,2
factors,2
gave,2
rorty,2
ways,2
urged,2
exceptional,2
itself,2
pp,2
benefits,2
rigorous,2
stable,2
school,2
tax,2
tells,2
before,2
garment,2
changing,2
industrial,2
communities,2
various,2
max,2
first,2
rise,2
t,2
beyond,2
blacks,2
party,2
certainly,2
problems,2
here,2
dominant,2
detroit,2
toward,2
projects,2
financial,2
uses,2
fact,2
suburbs,2
unionism,2
head,2
declined,2
pressure,2
half,2
gives,2
effort,2
time,2
ideology,2
clearly,2
very,2
radical,2
end,2
contemporary,2
golden,2
past,2
achieved,2
base,2
embrace,2
glory,2
do,2
remarkable,2
where,2
economy,2
burns,2
companies,2
less,2
energy,2
thirty,2
historians,2
free,2
remarkably,2
because,2
conservatives,2
secure,2
fight,2
local,2
account,2
possible,2
visions,2
promise,2
lost,2
role,2
purges,2
future,2
region,2
calls,2
strongest,2
press,2
two,2
quest,2
clothing,2
diversity,2
amalgamated,2
ethnic,2
story,2
chapters,2
since,2
twentieth,2
comprehensive,2
write,2
finally,2
course,2
moment,2
eve,2
officials,2
although,2
homes,2
fitch,2
dense,2
like,2
provided,2
ability,2
debts,2
wing,2
defined,2
owned,2
fred,2
came,2
individual,2
remains,2
alike,2
began,2
accomplished,2
research,2
workforce,2
early,2
postwar,2
capitalism,2
ownership,2
documentary,2
little,2
contracts,2
reforms,2
leadership,2
quarter,2
doing,2
marxism,2
rest,2
build,2
ammunition,1
model,1
fails,1
flourished,1
will,1
play,1
increasing,1
go,1
does,1
ending,1
happen,1
telegraph,1
judge,1
smoke,1
neighborliness,1
order,1
decentralized,1
transportation,1
skyscrapers,1
confronts,1
panoramic,1
laboring,1
fundamental,1
americans,1
moses,1
transforming,1
writings,1
implications,1
back,1
providers,1
absence,1
van,1
identification,1
common,1
longterm,1
bringing,1
act,1
george,1
quo,1
managers,1
concerned,1
square,1
sometimes,1
within,1
locates,1
minorities,1
groups,1
across,1
continuing,1
happy,1
angeles,1
revival,1
remain,1
ironic,1
program,1
flowed,1
winds,1
ironically,1
vague,1
successes,1
everyone,1
onward,1
appreciation,1
television,1
inclusive,1
brief,1
perfectionist,1
levels,1
struggled,1
slum,1
rapid,1
institutions,1
international,1
red,1
e,1
suburban,1
suburbanization,1
success,1
strains,1
variety,1
narrowing,1
active,1
seen,1
transformed,1
signaled,1
creative,1
harry,1
echoing,1
dwellings,1
determining,1
mainstream,1
notably,1
ends,1
pushed,1
earlier,1
persistent,1
backlash,1
flexible,1
case,1
assassinating,1
went,1
transformation,1
certain,1
brand,1
responsibilities,1
deflating,1
floated,1
none,1
significant,1
touched,1
factories,1
loss,1
contributions,1
changes,1
kinds,1
bread,1
study,1
illustrations,1
construction,1
fighting,1
enormous,1
grandchildren,1
lay,1
remained,1
worked,1
hope,1
word,1
once,1
pessimistic,1
cheap,1
nationally,1
alive,1
loaded,1
joshua,1
stalled,1
brendan,1
editing,1
contribute,1
involvement,1
adequately,1
understand,1
downward,1
democrats,1
stretch,1
utterly,1
desperately,1
communist,1
unraveling,1
read,1
creditors,1
happened,1
older,1
builds,1
thought,1
modern,1
albert,1
skyline,1
fought,1
greets,1
meant,1
freedom,1
legitimizing,1
metropolis,1
schrecker,1
decade,1
tensions,1
exceptionalism,1
ideals,1
filmmakers,1
moved,1
parade,1
justified,1
thesis,1
index,1
allies,1
painters,1
publicly,1
acting,1
rolling,1
damn,1
collision,1
resultant,1
factor,1
complete,1
culture,1
feels,1
keeping,1
abandon,1
looming,1
numbers,1
weaker,1
larger,1
arguing,1
result,1
nonetheless,1
literally,1
source,1
quarters,1
product,1
largest,1
ascendant,1
women,1
cautions,1
weren,1
acceptance,1
dramatically,1
neighborhood,1
simply,1
mournful,1
architecture,1
echo,1
fee,1
anything,1
declining,1
millennium,1
ideas,1
agendas,1
published,1
efficient,1
steadily,1
generally,1
willingness,1
enclaves,1
membership,1
comprising,1
according,1
street,1
lead,1
embraced,1
provide,1
overseas,1
majority,1
offers,1
alternative,1
destructive,1
set,1
challenge,1
give,1
later,1
strike,1
fell,1
opinion,1
erected,1
know,1
largesse,1
again,1
concentration,1
address,1
kind,1
retirement,1
flow,1
elusive,1
similarly,1
amazing,1
expectation,1
put,1
intellectual,1
agenda,1
towns,1
control,1
image,1
nature,1
headquarters,1
hazy,1
standards,1
carving,1
expenditures,1
violentlydivided,1
thus,1
nowstandard,1
obsess,1
operators,1
outside,1
possibilities,1
global,1
key,1
sampling,1
seem,1
board,1
believe,1
capitalist,1
fiefdoms,1
might,1
capital,1
scholars,1
stringent,1
twenty,1
explores,1
areas,1
unorganized,1
foods,1
unprepared,1
warm,1
together,1
found,1
epitomized,1
conservative,1
stalwart,1
great,1
display,1
generations,1
lindsay,1
universal,1
right,1
wagner,1
reform,1
choice,1
deserving,1
foundation,1
centers,1
lived,1
achievement,1
particularly,1
out,1
brothers,1
able,1
intellectuals,1
service,1
ocean,1
mccarthy,1
believes,1
john,1
located,1
stunning,1
benefit,1
number,1
survey,1
take,1
real,1
historical,1
hospitals,1
institutionalizing,1
elsewhere,1
possibility,1
placing,1
unraveled,1
fuel,1
blow,1
absolutely,1
m,1
instant,1
late,1
pushing,1
mind,1
days,1
hand,1
weakest,1
pursuing,1
precisely,1
represent,1
ladies,1
ric,1
organizing,1
unite,1
access,1
didn,1
pretension,1
opposite,1
cultural,1
equal,1
budgets,1
puerto,1
poverty,1
rent,1
expressed,1
reading,1
shreds,1
market,1
behind,1
johns,1
reckoned,1
persuasively,1
company,1
stopped,1
animate,1
gill,1
context,1
setting,1
forums,1
income,1
misleading,1
teacher,1
turned,1
similarities,1
stability,1
impossible,1
retrenchment,1
assassination,1
cannot,1
rising,1
suffered,1
pact,1
council,1
particular,1
imposed,1
takes,1
beginnings,1
however,1
remaking,1
shanker,1
attitudes,1
ford,1
alluring,1
core,1
headlong,1
lengths,1
launches,1
required,1
error,1
central,1
trade,1
series,1
children,1
controversy,1
professionals,1
reminder,1
jewish,1
money,1
threats,1
prone,1
hopkins,1
symbolically,1
scene,1
constructing,1
lowincome,1
wants,1
america,1
rushed,1
briefly,1
discuss,1
strikes,1
reminds,1
well,1
exert,1
shape,1
xix,1
dream,1
taxes,1
organize,1
imagine,1
minimal,1
seeking,1
fundamentally,1
increases,1
welcome,1
proudly,1
incomes,1
protected,1
perpetuated,1
politics,1
compelling,1
greatest,1
reveals,1
mccarthyist,1
used,1
aspects,1
size,1
speeding,1
campaigns,1
shared,1
reaching,1
rockefeller,1
purging,1
election,1
effectiveness,1
obscure,1
vista,1
boston,1
conn,1
move,1
richard,1
los,1
closings,1
presented,1
cliche,1
comprises,1
writers,1
necessity,1
limitations,1
heart,1
dutch,1
consequently,1
code,1
decent,1
private,1
screens,1
sheer,1
cameras,1
parents,1
irony,1
purpose,1
dependent,1
lankevich,1
despite,1
owners,1
citythis,1
civil,1
resources,1
advocating,1
proportions,1
depended,1
increase,1
suffer,1
became,1
actors,1
department,1
african,1
identity,1
resurface,1
contract,1
encouraged,1
dealt,1
description,1
inexpensive,1
lies,1
budget,1
worst,1
percolated,1
midand,1
identifies,1
spending,1
plenty,1
skeptical,1
plant,1
prevented,1
urging,1
clouded,1
west,1
describe,1
possessions,1
freely,1
place,1
virtually,1
printers,1
describes,1
antidote,1
queens,1
collective,1
inspire,1
immediately,1
issues,1
aside,1
exist,1
actually,1
butter,1
underscored,1
victim,1
rican,1
runs,1
scare,1
trend,1
statistics,1
grandeur,1
launching,1
recovery,1
associations,1
engaged,1
debt,1
retaining,1
continue,1
our,1
music,1
throughout,1
breathtaking,1
eric,1
somewhere,1
played,1
previous,1
movements,1
relocation,1
demands,1
improvements,1
reverses,1
employed,1
shelter,1
become,1
crime,1
growing,1
implement,1
achieving,1
models,1
vibrancy,1
conducive,1
eventual,1
evidence,1
argument,1
immediate,1
low,1
status,1
strengthened,1
xv,1
reject,1
inevitable,1
ethnicity,1
clear,1
resist,1
mired,1
grassroots,1
three,1
dominated,1
historic,1
moral,1
importance,1
clearance,1
doctors,1
beliefs,1
opens,1
national,1
urbanism,1
author,1
cramped,1
mayor,1
subtle,1
every,1
neighbors,1
makes,1
office,1
remake,1
provision,1
good,1
riot,1
investigation,1
relatively,1
creating,1
homeowners,1
contributed,1
mixed,1
idealistic,1
times,1
detached,1
animating,1
fatal,1
arsdale,1
land,1
studies,1
below,1
need,1
regime,1
balanced,1
ease,1
removed,1
revolution,1
individualism,1
average,1
futures,1
overly,1
serves,1
attributes,1
you,1
effects,1
piece,1
photograph,1
minority,1
steven,1
off,1
destiny,1
households,1
aflcio,1
area,1
mounted,1
improved,1
day,1
presenting,1
claim,1
provides,1
insurance,1
involved,1
relations,1
reader,1
around,1
immigrants,1
family,1
spent,1
foner,1
places,1
several,1
needs,1
bemoaning,1
observation,1
specific,1
workshops,1
sentiment,1
profound,1
searching,1
dividend,1
architectural,1
outcomes,1
systems,1
highest,1
speed,1
undone,1
depression,1
practitioner,1
concert,1
county,1
insists,1
presence,1
pensions,1
hmo,1
invaluable,1
parochial,1
themselves,1
furthermore,1
narrow,1
prospects,1
suddenly,1
marxist,1
feats,1
single,1
seeds,1
corporations,1
employers,1
teach,1
preeminently,1
undermine,1
agrees,1
january,1
analysis,1
create,1
trades,1
bursting,1
tracks,1
including,1
progress,1
proletarians,1
looks,1
rhetorical,1
dominance,1
present,1
look,1
slide,1
focus,1
evaporate,1
forefront,1
ellen,1
among,1
occupied,1
north,1
destruction,1
notes,1
raceand,1
relative,1
unmasking,1
value,1
reformist,1
understood,1
sprawl,1
speeds,1
andreas,1
pitted,1
luring,1
influence,1
taking,1
race,1
questioning,1
retreating,1
activities,1
growth,1
seemed,1
leftist,1
draw,1
evisceration,1
battles,1
