WORDCOUNTS,WEIGHT
the,188
and,79
of,75
in,62
to,57
miles,51
a,49
army,46
his,36
s,28
as,26
for,22
war,21
with,20
that,17
military,15
he,14
wooster,14
indian,13
on,13
general,13
from,12
service,11
civil,11
an,11
was,10
by,10
most,10
officers,10
not,9
or,9
nelson,9
command,8
this,8
old,8
american,7
history,7
but,7
which,7
promotion,7
century,6
united,6
frontier,6
institutional,6
ambitious,6
more,6
native,6
postwar,6
campaigns,6
sherman,6
during,6
were,6
officer,6
states,6
early,6
custer,6
at,5
americans,5
one,5
reform,5
end,5
man,5
other,5
men,5
however,5
soldier,5
work,5
west,5
its,5
would,5
when,5
george,4
if,4
within,4
career,4
who,4
make,4
their,4
win,4
campaign,4
these,4
biography,4
mackenzie,4
experience,4
first,4
only,4
constabulary,4
time,4
how,4
robert,4
well,4
argues,4
some,4
fighter,4
generals,4
indians,4
personal,4
against,4
reputation,4
soldiers,4
cooper,4
served,4
be,4
little,4
commanding,4
it,3
indeed,3
sheridan,3
notably,3
achievements,3
is,3
fought,3
under,3
joseph,3
university,3
combat,3
neither,3
river,3
had,3
into,3
efforts,3
chief,3
department,3
m,3
suggested,3
view,3
all,3
many,3
did,3
best,3
could,3
lieutenant,3
william,3
p,3
reviews,3
march,3
drive,3
alter,3
significantly,3
point,3
duty,3
infantry,3
crook,3
volunteer,3
author,3
regimental,3
like,3
him,3
held,3
rank,3
policy,3
professional,3
through,3
traditional,3
much,3
major,3
society,3
book,2
possessed,2
officership,2
trail,2
whose,2
reductions,2
symbolized,2
logistical,2
figure,2
crucial,2
created,2
comparative,2
limited,2
unit,2
led,2
capture,2
red,2
hutton,2
success,2
force,2
similar,2
life,2
analysis,2
perce,2
interpretive,2
education,2
means,2
pp,2
bravery,2
potomac,2
exercised,2
before,2
welfare,2
arguing,2
too,2
age,2
themes,2
two,2
friend,2
t,2
twilight,2
especially,2
isolation,2
retired,2
long,2
worst,2
western,2
researched,2
publicity,2
maintain,2
power,2
garrison,2
decades,2
others,2
commanded,2
graduates,2
cultivating,2
winter,2
nature,2
came,2
company,2
aftermath,2
leading,2
leaders,2
wedded,2
post,2
might,2
particularly,2
out,2
brigadier,2
new,2
plagued,2
john,2
personality,2
contends,2
differed,2
schofield,2
great,2
failures,2
fullest,2
ranking,2
spain,2
corps,2
traits,2
political,2
scholarly,2
system,2
see,2
making,2
gilded,2
america,2
civilians,2
duties,2
nez,2
explain,2
historians,2
ranald,2
number,2
commander,2
future,2
revealed,2
made,2
upon,2
occasionally,2
advancement,2
ignores,2
example,2
press,2
negative,2
nation,2
techniques,2
twentieth,2
exhibited,2
merit,2
seniority,2
throughout,2
forces,2
ultimately,2
until,2
arrogant,2
grant,2
years,2
own,2
since,2
three,2
quest,2
pursuit,2
have,2
relentless,2
finally,2
paul,2
armstrong,2
contributed,2
so,2
brave,2
played,2
regular,2
senator,2
strategic,2
administrative,2
turn,2
nor,2
huntington,2
turned,2
young,2
foremost,2
civilian,2
exclusively,2
relations,2
patrons,2
among,2
jerry,2
leadership,2
colonels,2
garnered,1
may,1
european,1
abrahamson,1
will,1
failed,1
f,1
hoyt,1
knee,1
provoking,1
operation,1
opposed,1
now,1
reorganizations,1
where,1
interesting,1
ferocious,1
profoundly,1
relationship,1
second,1
struggle,1
bull,1
reduced,1
reflects,1
perspectives,1
manv,1
nonetheless,1
indecision,1
costs,1
reviewer,1
higher,1
fell,1
provide,1
letters,1
later,1
bring,1
l,1
static,1
economic,1
ideas,1
tedious,1
interweaves,1
centered,1
hancock,1
practical,1
maps,1
toward,1
edward,1
resisted,1
encouraged,1
cutbacks,1
boorish,1
affected,1
arny,1
coffman,1
prospered,1
perception,1
nearly,1
determine,1
presentation,1
e,1
constraints,1
developments,1
talents,1
veterans,1
transformed,1
secretary,1
above,1
opportunity,1
admittedly,1
entree,1
rescue,1
physically,1
assist,1
president,1
renown,1
comments,1
importantly,1
standing,1
they,1
boy,1
remaining,1
reforming,1
reservations,1
police,1
contend,1
direct,1
simultaneously,1
reverence,1
denied,1
why,1
oversaw,1
year,1
methods,1
assigned,1
campaigning,1
illustrations,1
lay,1
engage,1
guide,1
consequences,1
dead,1
biographer,1
yet,1
federal,1
support,1
instances,1
push,1
itself,1
opportunities,1
understand,1
gallant,1
angeles,1
easily,1
makes,1
escape,1
read,1
happened,1
grounded,1
affect,1
militia,1
adopt,1
vigor,1
technology,1
former,1
querulous,1
decade,1
peacetime,1
times,1
mckinley,1
claims,1
index,1
intellectually,1
presents,1
publicly,1
organized,1
wars,1
included,1
then,1
serious,1
any,1
russell,1
biographical,1
proved,1
faults,1
frenzied,1
just,1
culture,1
aspiring,1
believed,1
elevated,1
inevitably,1
limits,1
hierarchy,1
mary,1
ed,1
no,1
terry,1
eager,1
argued,1
changing,1
judiciously,1
pullman,1
without,1
finest,1
wartime,1
must,1
ulysses,1
different,1
reliance,1
volunteers,1
superior,1
ever,1
exploited,1
innate,1
operations,1
powerful,1
known,1
isolated,1
soldierly,1
avail,1
picture,1
defeat,1
charismatic,1
slights,1
generally,1
enamored,1
sources,1
declared,1
davis,1
writing,1
stemmed,1
leader,1
successfully,1
beef,1
ways,1
blatant,1
here,1
assess,1
skill,1
established,1
unimaginable,1
temporarily,1
phil,1
strike,1
important,1
stimulate,1
patron,1
mark,1
darwinian,1
again,1
excepting,1
over,1
stands,1
preferment,1
reporting,1
subject,1
generated,1
responsibilities,1
nebraska,1
authority,1
worked,1
arms,1
friends,1
union,1
experienced,1
illuminate,1
guarding,1
character,1
lacked,1
result,1
words,1
lieu,1
lengthy,1
worth,1
share,1
garrisons,1
possibilities,1
lack,1
whom,1
figures,1
setting,1
treatment,1
available,1
deterioration,1
route,1
blamed,1
endless,1
arriviste,1
moribund,1
departments,1
found,1
entering,1
ambition,1
reverted,1
temper,1
burgeoning,1
typical,1
haughty,1
truculent,1
assignments,1
draws,1
fully,1
superiors,1
effort,1
cavalier,1
pacific,1
able,1
issue,1
never,1
prepare,1
substantive,1
mississippi,1
light,1
while,1
narrow,1
choosing,1
niece,1
unpleasant,1
past,1
there,1
u,1
confining,1
promotions,1
works,1
fellow,1
scores,1
climber,1
foreseeable,1
big,1
neverending,1
evident,1
mind,1
state,1
greatly,1
concepts,1
ground,1
psychologically,1
equal,1
regiment,1
focused,1
reading,1
meticulously,1
favoring,1
committed,1
professionalize,1
displayed,1
youthful,1
johns,1
notable,1
competitors,1
carefully,1
advertise,1
combined,1
depicts,1
rose,1
form,1
generalships,1
cannot,1
together,1
philip,1
troops,1
introspection,1
practice,1
placed,1
acceptable,1
dearth,1
alfred,1
armies,1
perhaps,1
theory,1
required,1
harddriving,1
bide,1
has,1
public,1
money,1
capacity,1
adopts,1
incompetence,1
chances,1
gained,1
earlier,1
hopkins,1
notoriety,1
sought,1
explicitly,1
another,1
coveted,1
briefly,1
biographies,1
because,1
bibliographic,1
failure,1
remained,1
fighters,1
chafe,1
directly,1
local,1
indirectly,1
almost,1
demonstrated,1
image,1
howard,1
emphasis,1
politics,1
prevailing,1
winfield,1
honors,1
miss,1
illustrate,1
discussion,1
international,1
restraints,1
lost,1
establishing,1
examples,1
effectiveness,1
both,1
professionalism,1
stronger,1
views,1
splendid,1
insight,1
los,1
alterations,1
limitations,1
fine,1
documentary,1
concept,1
floundered,1
prominent,1
brought,1
refinement,1
part,1
including,1
denigrated,1
rights,1
despite,1
importunities,1
contacts,1
sour,1
stoutly,1
enter,1
himself,1
expand,1
louis,1
unbridled,1
plans,1
respectable,1
perpetually,1
sitting,1
went,1
significant,1
awry,1
use,1
cultivated,1
genuine,1
warfare,1
freedom,1
largely,1
geographic,1
place,1
horn,1
northwest,1
evaluating,1
equipped,1
numerous,1
returned,1
colonial,1
records,1
wherever,1
comprehensible,1
extraordinarily,1
embalmed,1
gain,1
bostonian,1
participated,1
conflict,1
quarreled,1
daring,1
services,1
reporters,1
solidly,1
false,1
fears,1
we,1
than,1
overseas,1
modify,1
exceedingly,1
touch,1
difficulties,1
generating,1
ties,1
xv,1
bole,1
clear,1
engender,1
assiduous,1
backgrounds,1
soldiered,1
reward,1
conditions,1
september,1
errors,1
appreciably,1
national,1
wrath,1
essay,1
samuel,1
interest,1
neglect,1
aided,1
tactical,1
social,1
august,1
ended,1
move,1
brother,1
adopted,1
instead,1
honest,1
although,1
divisions,1
ensued,1
occurs,1
successful,1
bumptious,1
scoured,1
product,1
ability,1
things,1
geronimo,1
features,1
excuse,1
subdue,1
affairs,1
approach,1
exercise,1
attempted,1
waged,1
cope,1
after,1
emphasizes,1
last,1
weigley,1
managerial,1
provides,1
veteran,1
blame,1
family,1
direction,1
besmirching,1
small,1
bay,1
portrait,1
educational,1
characteristics,1
offered,1
hyperreviews,1
faced,1
star,1
jefferson,1
marriage,1
arizona,1
study,1
conscientiously,1
cantankerous,1
chillingly,1
racial,1
lacking,1
research,1
massachusetts,1
dispositions,1
contemplate,1
utley,1
commands,1
compared,1
charged,1
belittled,1
gettysburg,1
chicago,1
unsympathetic,1
seeds,1
likeable,1
anonymity,1
buckskin,1
do,1
died,1
james,1
fighting,1
condemned,1
concerns,1
drawn,1
even,1
innovators,1
necessity,1
severely,1
curry,1
those,1
appleton,1
colonelcy,1
using,1
permanent,1
institution,1
tendency,1
colonel,1
amateur,1
notes,1
connections,1
famous,1
diminished,1
tired,1
guard,1
wounded,1
remarkable,1
provided,1
hardly,1
lincoln,1
generation,1
subordinates,1
vain,1
moved,1
valuable,1
sporadic,1
sophistication,1
attended,1
association,1
battles,1
