WORDCOUNTS,WEIGHT
the,205
of,129
and,107
lincoln,107
a,70
s,63
in,58
to,55
his,47
burlingame,41
was,39
with,22
by,21
for,21
as,21
that,19
abraham,18
he,17
about,17
is,15
inner,13
him,13
at,12
from,12
todd,11
man,11
which,11
years,11
world,11
who,10
mary,10
war,10
on,10
than,10
slavery,9
house,9
ambition,9
out,9
father,9
it,8
argues,8
were,8
own,8
life,7
not,7
history,7
but,7
p,7
political,7
an,7
marriage,7
early,7
american,6
more,6
others,6
herndon,6
those,6
her,6
chapter,6
politics,6
through,6
they,5
their,5
white,5
biography,5
union,5
had,5
children,5
there,5
men,5
has,5
memory,5
civil,5
affection,5
old,5
johnson,5
up,5
inside,4
often,4
lincolns,4
mother,4
university,4
home,4
these,4
sources,4
party,4
childhood,4
death,4
whom,4
book,4
time,4
shared,4
william,4
public,4
much,4
questions,4
president,4
quest,4
have,4
next,4
after,4
slave,4
left,4
child,3
george,3
developed,3
career,3
transformation,3
grew,3
or,3
presidency,3
abandonment,3
women,3
two,3
first,3
important,3
all,3
commonplace,3
many,3
are,3
stories,3
breakdown,3
melancholy,3
evident,3
behind,3
what,3
reviews,3
younger,3
takes,3
none,3
some,3
meanings,3
son,3
slaves,3
baker,3
met,3
press,3
became,3
nation,3
unhappy,3
divided,3
like,3
described,3
b,3
would,3
so,3
into,3
thomas,3
strozier,3
be,3
when,3
abandoned,3
wife,3
among,3
jean,2
difficult,2
sons,2
joshua,2
she,2
way,2
rather,2
jungian,2
phillip,2
observers,2
sometimes,2
husband,2
adds,2
commitment,2
market,2
forgie,2
prairie,2
still,2
returned,2
outer,2
lay,2
see,2
interpretation,2
elder,2
pp,2
favor,2
former,2
springfield,2
variety,2
source,2
age,2
emotional,2
arguing,2
carl,2
here,2
other,2
m,2
know,2
over,2
available,2
meaning,2
opponents,2
departure,2
remembered,2
novel,2
seem,2
nothing,2
did,2
psychobiography,2
argue,2
ambitious,2
particularly,2
angry,2
government,2
incident,2
john,2
events,2
end,2
i,2
last,2
embarrassing,2
robert,2
remarkable,2
differences,2
reading,2
patricide,2
within,2
daniel,2
michael,2
less,2
case,2
cause,2
ed,2
problem,2
loved,2
reflected,2
march,2
literature,2
popular,2
values,2
atrophied,2
private,2
little,2
republic,2
himself,2
transition,2
hungry,2
sectional,2
freedom,2
during,2
emphasizing,2
emancipation,2
chapters,2
mentor,2
away,2
office,2
devoted,2
hack,2
used,2
this,2
illinois,2
language,2
suffused,2
new,2
good,2
sense,2
statesman,2
walter,2
rooted,2
attributes,2
piece,2
around,2
family,2
concrete,2
especially,2
charles,2
few,2
prosecution,2
back,2
took,2
feelings,2
speed,2
depression,2
psychological,2
young,2
always,2
views,2
extent,2
indulgence,2
describes,2
anger,2
notes,2
longing,1
suspects,1
final,1
south,1
dealing,1
marked,1
will,1
bullies,1
brighter,1
eternal,1
rights,1
depth,1
wavering,1
neely,1
kindness,1
displacement,1
held,1
tad,1
seekers,1
relationship,1
second,1
contrabands,1
boys,1
struggle,1
me,1
willie,1
fathers,1
no,1
immortality,1
materials,1
letters,1
if,1
lawanda,1
washed,1
johns,1
been,1
five,1
quickly,1
ways,1
troubled,1
absent,1
corruption,1
notable,1
naturally,1
appearances,1
tyranny,1
revival,1
departs,1
toward,1
love,1
rough,1
longtime,1
selfish,1
archetype,1
play,1
return,1
clashing,1
separations,1
deaths,1
attitude,1
brief,1
fiction,1
longest,1
shrew,1
female,1
exception,1
responded,1
disagreements,1
scent,1
dissolution,1
success,1
lavish,1
army,1
politicians,1
alone,1
overstrict,1
psychobiographies,1
transformed,1
killing,1
push,1
goes,1
judgment,1
succession,1
papers,1
antislavery,1
weaknesses,1
legal,1
loneliness,1
boy,1
importance,1
study,1
movement,1
center,1
malice,1
terms,1
one,1
put,1
religious,1
hay,1
reaches,1
individuation,1
campaigning,1
specific,1
single,1
nostalgia,1
fighting,1
paternal,1
uncomfortable,1
guide,1
mortality,1
republicans,1
frontier,1
dead,1
bustling,1
satirizing,1
criticism,1
enlisted,1
rebuked,1
yet,1
epilogue,1
h,1
support,1
katz,1
means,1
appointments,1
americans,1
itself,1
lives,1
face,1
fehrenbacher,1
changes,1
figured,1
york,1
finer,1
funeral,1
nine,1
grounded,1
petitioners,1
marks,1
considered,1
metaphor,1
acceptance,1
stephen,1
us,1
stray,1
index,1
seems,1
familiar,1
image,1
childhoods,1
sociological,1
occurred,1
amply,1
incensed,1
holding,1
then,1
teaches,1
opponent,1
thinking,1
oates,1
before,1
clark,1
confederates,1
culture,1
days,1
same,1
weik,1
choices,1
nineteenth,1
sandburg,1
track,1
generational,1
contemporaries,1
descriptions,1
aroma,1
too,1
corresponded,1
circuit,1
suppliers,1
narratives,1
proclamation,1
amiability,1
psyche,1
most,1
memorial,1
departing,1
experience,1
extensive,1
begins,1
fatherhood,1
superior,1
hartz,1
being,1
said,1
friend,1
e,1
highlighted,1
only,1
incalculable,1
known,1
follow,1
frustration,1
nose,1
avoided,1
misery,1
benjamin,1
useful,1
jesse,1
sternly,1
street,1
long,1
problems,1
gore,1
name,1
also,1
posed,1
willing,1
distanced,1
paul,1
journal,1
pervasive,1
law,1
greatness,1
set,1
founding,1
originally,1
bulk,1
power,1
later,1
taken,1
historians,1
cox,1
faced,1
feeling,1
again,1
drawing,1
sandge,1
treatment,1
elusive,1
view,1
convulsive,1
conflicts,1
l,1
partner,1
worked,1
principle,1
friends,1
railsplitter,1
youngest,1
j,1
expressed,1
herbert,1
hatred,1
rented,1
definition,1
different,1
fact,1
lead,1
potomac,1
shaped,1
pointed,1
lawyers,1
sampling,1
board,1
intertwining,1
distance,1
desolate,1
best,1
areas,1
mark,1
fearing,1
tumultuous,1
discord,1
conflict,1
together,1
found,1
strapped,1
smell,1
great,1
afraid,1
regard,1
remarrying,1
stood,1
four,1
analyses,1
rivalry,1
account,1
ideology,1
losses,1
scolded,1
scenes,1
associates,1
any,1
skipping,1
candidate,1
justification,1
radical,1
debates,1
jacket,1
longstanding,1
pierce,1
noting,1
jung,1
clearly,1
take,1
historical,1
hues,1
subsequent,1
vigorous,1
past,1
goad,1
secretly,1
term,1
jealousy,1
flowed,1
big,1
responding,1
interviewed,1
outbursts,1
emphasized,1
sweat,1
tangle,1
beginning,1
surrogacy,1
cultural,1
dwight,1
where,1
committed,1
recollections,1
relations,1
professes,1
anderson,1
portraiture,1
existing,1
racial,1
accepted,1
spoiled,1
changed,1
legend,1
vulnerable,1
misstep,1
frequency,1
beaten,1
intensity,1
litany,1
ones,1
making,1
promise,1
feminine,1
orleans,1
particular,1
acquaintance,1
botherers,1
however,1
remaking,1
tarbell,1
abuse,1
woman,1
refuge,1
merrill,1
grief,1
required,1
trade,1
books,1
tightly,1
unfold,1
hierarchies,1
style,1
settler,1
illustrated,1
figuring,1
hopkins,1
while,1
going,1
governing,1
overrighteous,1
sustenance,1
revisions,1
masked,1
america,1
malnutrition,1
saying,1
indulged,1
briefly,1
transparent,1
biographies,1
tyrannized,1
failure,1
well,1
larger,1
representatives,1
plane,1
republican,1
reminder,1
voice,1
delicious,1
don,1
acknowledging,1
helpful,1
possible,1
distinguish,1
future,1
sadist,1
w,1
hundreds,1
line,1
overconfident,1
radiated,1
mapped,1
doubt,1
quality,1
art,1
emancipated,1
work,1
assistants,1
cluster,1
dog,1
douglas,1
examples,1
practical,1
functions,1
made,1
bibliography,1
injure,1
recurred,1
insight,1
conspicuously,1
upon,1
occasionally,1
randall,1
circumstances,1
recognition,1
concludes,1
leads,1
edwards,1
combination,1
conclude,1
say,1
prudish,1
part,1
marble,1
politician,1
knowledge,1
apparent,1
donald,1
bottom,1
related,1
along,1
easy,1
herself,1
psychobiographers,1
subject,1
elizabeth,1
platt,1
lies,1
levinson,1
xxii,1
went,1
spending,1
significant,1
use,1
angle,1
emanuel,1
contrasts,1
surrogate,1
demanding,1
d,1
behavior,1
frustrated,1
issues,1
memories,1
families,1
collective,1
bellicosity,1
people,1
maintained,1
aside,1
prominently,1
harvard,1
bed,1
marital,1
gain,1
insure,1
bitter,1
lincolnian,1
grandeur,1
painful,1
obvious,1
ends,1
cruelty,1
our,1
loves,1
insults,1
prelude,1
personal,1
focuses,1
previous,1
married,1
bores,1
psychologist,1
riding,1
g,1
intimacy,1
dating,1
vidal,1
abolitionist,1
couple,1
baubles,1
recording,1
exceedingly,1
argument,1
difficulties,1
meddling,1
ambivalent,1
development,1
open,1
depressions,1
urbana,1
earth,1
mutual,1
eddie,1
hidden,1
numerous,1
keckley,1
talk,1
ida,1
aspired,1
fountain,1
readmitting,1
neighbors,1
faces,1
busty,1
change,1
published,1
responses,1
course,1
mixed,1
intertwine,1
least,1
detached,1
grown,1
include,1
paint,1
characterized,1
issued,1
brutality,1
hustlers,1
hard,1
field,1
socially,1
tied,1
followed,1
peterson,1
function,1
nicolay,1
aplenty,1
revolution,1
smells,1
supremacy,1
seceding,1
century,1
integration,1
collected,1
fools,1
turncoats,1
product,1
contrast,1
practiced,1
guided,1
such,1
abstractions,1
emphasizes,1
preservation,1
black,1
spies,1
constituted,1
provides,1
affectionate,1
lose,1
belittling,1
presidential,1
matilda,1
hamfisted,1
spent,1
small,1
opposition,1
strangely,1
ruth,1
overtaking,1
close,1
proximate,1
sanity,1
written,1
leaves,1
approval,1
june,1
certainty,1
topic,1
presence,1
radicals,1
interpretations,1
wise,1
point,1
exactly,1
jokes,1
drove,1
unsympathetic,1
thirty,1
threw,1
died,1
courtships,1
scott,1
probably,1
even,1
idiom,1
given,1
beat,1
painter,1
odor,1
states,1
eldest,1
paid,1
paludan,1
apotheosis,1
strong,1
border,1
we,1
arrogant,1
deeply,1
recent,1
engagement,1
responsibility,1
leadership,1
promiscuously,1
darling,1
adult,1
tricky,1
grateful,1
delivered,1
finds,1
uncritical,1
dresses,1
hope,1
yelled,1
underqualified,1
passive,1
attention,1
am,1
termed,1
destructive,1
actions,1
impressions,1
court,1
authentically,1
experienced,1
decision,1
commanders,1
society,1
colonizationist,1
