WORDCOUNTS,WEIGHT
the,155
and,142
of,102
to,62
women,54
s,49
a,45
in,45
her,42
thomas,30
for,29
wellesley,23
their,22
faculty,20
as,19
that,19
horowitz,17
at,16
she,16
not,16
they,13
palmieri,13
with,12
from,12
about,11
bryn,11
college,10
family,10
social,10
mawr,10
carey,10
life,9
history,9
but,9
did,9
have,9
between,9
female,8
community,8
education,8
or,8
by,8
other,8
public,8
on,8
higher,7
how,7
who,7
american,7
these,7
more,7
colleges,7
within,7
some,7
work,7
relationships,7
be,7
lives,6
presidents,6
also,6
woman,6
its,6
students,6
era,6
views,6
male,5
parents,5
study,5
is,5
support,5
university,5
had,5
culture,5
two,5
many,5
scholars,5
what,5
years,5
were,5
this,5
an,5
we,5
generation,5
sisters,5
it,4
relationship,4
continued,4
letters,4
religious,4
was,4
most,4
m,4
know,4
friends,4
careers,4
new,4
academic,4
reviews,4
them,4
however,4
sexual,4
example,4
gwinn,4
personal,4
than,4
such,4
both,4
marry,4
graduate,4
would,4
love,4
century,4
traditional,4
should,4
attention,4
gordon,4
society,4
trustees,3
womanhood,3
commitment,3
does,3
strongly,3
whether,3
group,3
makes,3
yet,3
financial,3
march,3
school,3
nineteenth,3
biography,3
age,3
academics,3
first,3
marriage,3
over,3
intellectual,3
different,3
p,3
reform,3
while,3
suffrage,3
struggles,3
late,3
do,3
those,3
reading,3
books,3
president,3
private,3
values,3
authors,3
tale,3
families,3
partnerships,3
away,3
twentieth,3
after,3
turn,3
into,3
especially,3
died,3
early,3
much,3
world,3
connections,3
professional,3
provided,3
because,3
bates,2
significant,2
lynn,2
indeed,2
toward,2
encouraged,2
others,2
attitude,2
institutions,2
concern,2
still,2
quaker,2
balanced,2
one,2
achievements,2
positive,2
pp,2
formed,2
relied,2
centuries,2
all,2
concerning,2
modern,2
us,2
index,2
image,2
precedence,2
gradually,2
without,2
department,2
constituted,2
common,2
beyond,2
physical,2
chose,2
lead,2
victorian,2
if,2
established,2
power,2
important,2
protestant,2
conflict,2
view,2
europe,2
xxi,2
each,2
seems,2
until,2
could,2
scientists,2
pressure,2
conservative,2
wealthy,2
great,2
governance,2
differences,2
katharine,2
children,2
might,2
intellectuals,2
uncle,2
very,2
religion,2
take,2
though,2
committed,2
sentimental,2
relations,2
adamless,2
viewed,2
produced,2
less,2
cannot,2
rebellion,2
norms,2
required,2
has,2
historians,2
professionals,2
educated,2
sought,2
aspects,2
well,2
literature,2
intimate,2
intense,2
autocratic,2
upon,2
mothers,2
thereby,2
patricia,2
despite,2
press,2
became,2
along,2
gender,2
lies,2
gave,2
largely,2
behavior,2
garrett,2
eden,2
thus,2
married,2
employed,2
rejected,2
argues,2
friendships,2
development,2
own,2
margaret,2
unmarried,2
good,2
held,2
domineering,2
although,2
durant,2
d,2
depiction,2
contrast,2
progressive,2
least,2
men,2
educational,2
moved,2
young,2
research,2
themselves,2
decline,2
deviant,2
when,2
little,2
among,2
seek,2
notes,2
so,2
daughter,2
roles,2
influence,2
intricacy,1
using,1
may,1
domesticity,1
dealing,1
will,1
insofar,1
schools,1
undergraduate,1
led,1
currently,1
debated,1
racism,1
graduation,1
york,1
backward,1
obligations,1
fathers,1
following,1
oriented,1
changing,1
practices,1
various,1
entitled,1
taken,1
herself,1
trustee,1
reproduce,1
later,1
symmetrical,1
implying,1
labeled,1
johns,1
meager,1
privately,1
vision,1
service,1
created,1
praised,1
resisted,1
dorothy,1
lie,1
represent,1
howland,1
career,1
decades,1
return,1
admiration,1
jane,1
given,1
recognizes,1
ordinary,1
defuse,1
absorbing,1
lasting,1
lost,1
sensitive,1
health,1
represented,1
sect,1
reject,1
yale,1
socialist,1
risk,1
christian,1
sphere,1
earlier,1
cashmere,1
contribution,1
strands,1
conversion,1
importance,1
privacy,1
center,1
generally,1
interesting,1
replaced,1
why,1
kinds,1
envision,1
whatever,1
generations,1
hierarchical,1
analysis,1
old,1
tend,1
graduates,1
grieving,1
united,1
eliots,1
aestheticism,1
repression,1
space,1
knopf,1
fade,1
ways,1
recognized,1
sympathy,1
approaches,1
soul,1
examined,1
opportunities,1
institution,1
additionally,1
changes,1
unusual,1
rules,1
struggle,1
happened,1
romantic,1
case,1
pay,1
meant,1
servants,1
considered,1
restricted,1
metaphor,1
ideals,1
theatre,1
matters,1
style,1
founders,1
position,1
burned,1
differentiate,1
virtually,1
presents,1
benefits,1
specialization,1
intensive,1
presidency,1
beaded,1
assent,1
home,1
emergence,1
branch,1
then,1
recently,1
clearly,1
cornell,1
amid,1
liberal,1
husbands,1
antebellum,1
regime,1
days,1
believed,1
accomplishments,1
siblings,1
shifting,1
impeded,1
impact,1
sharply,1
traces,1
mary,1
colony,1
baltimore,1
conflictual,1
tensions,1
complexity,1
chafed,1
pioneers,1
received,1
comparison,1
themes,1
burgeoning,1
demonstrate,1
regulated,1
curriculum,1
said,1
smoothly,1
speculating,1
medically,1
only,1
partners,1
functioned,1
passion,1
sometimes,1
journalist,1
perceptively,1
picture,1
affections,1
bed,1
volume,1
failing,1
organization,1
sources,1
long,1
embraced,1
intensely,1
retrogression,1
autonomy,1
womankind,1
compel,1
quakerism,1
blazed,1
french,1
left,1
exclusive,1
starr,1
founding,1
disappointing,1
give,1
attempts,1
labeling,1
providing,1
resurrected,1
address,1
marriages,1
deserves,1
develops,1
similarly,1
usefulness,1
retained,1
partner,1
stem,1
dismay,1
harsh,1
observance,1
youngest,1
prestigious,1
nature,1
analytical,1
tradition,1
standards,1
descriptions,1
put,1
worth,1
subject,1
possibilities,1
lack,1
identifying,1
pursuits,1
richness,1
board,1
knowing,1
twenty,1
endless,1
fitzpatrick,1
down,1
appearance,1
call,1
accompanied,1
feeling,1
beliefs,1
significantly,1
strength,1
access,1
domestic,1
professoriat,1
ministrations,1
holding,1
analyses,1
teachers,1
time,1
seven,1
lived,1
particularly,1
out,1
aesthetic,1
larger,1
deal,1
demands,1
job,1
tells,1
closer,1
affected,1
personality,1
atheism,1
light,1
oblivion,1
contemporary,1
retired,1
insisting,1
immortal,1
styles,1
golden,1
considerable,1
man,1
past,1
constantly,1
interpretations,1
thompson,1
agree,1
failures,1
passionate,1
emerges,1
term,1
originality,1
feminism,1
never,1
embedded,1
readers,1
written,1
took,1
coman,1
growing,1
henry,1
equally,1
ground,1
activism,1
regulations,1
teaching,1
born,1
political,1
scholarly,1
somewhat,1
where,1
intelligence,1
economy,1
german,1
are,1
persuasively,1
unique,1
subordinating,1
papers,1
friendship,1
terms,1
prefers,1
see,1
historically,1
strategies,1
inhospitable,1
pursue,1
passionately,1
gilded,1
younger,1
imposed,1
academia,1
vivid,1
holyoke,1
maintain,1
covers,1
existence,1
suspect,1
lesbians,1
alfred,1
simplicity,1
spiritual,1
deanery,1
theory,1
debate,1
ignoring,1
widespread,1
jewish,1
insightful,1
hopkins,1
near,1
encouraging,1
primarily,1
america,1
influenced,1
impression,1
memory,1
day,1
receive,1
religiosity,1
woerishoffer,1
commitments,1
fight,1
chapter,1
balance,1
aging,1
account,1
claiming,1
suicide,1
differ,1
seeking,1
network,1
status,1
felt,1
spheres,1
basis,1
emphasis,1
possible,1
analyzed,1
future,1
wove,1
compelling,1
understanding,1
warner,1
jordans,1
sensual,1
art,1
travel,1
gains,1
shared,1
knew,1
popular,1
adopting,1
caring,1
birth,1
restrictions,1
made,1
romanticize,1
intellectualism,1
writers,1
claim,1
extending,1
garnett,1
insist,1
prominent,1
mental,1
attached,1
characterization,1
tastes,1
lefkowitz,1
introduced,1
visitors,1
strictly,1
calls,1
sufficiently,1
clubs,1
braid,1
negative,1
william,1
duty,1
elite,1
identity,1
feared,1
plans,1
beds,1
administration,1
step,1
context,1
got,1
went,1
enduring,1
dignity,1
use,1
urging,1
realm,1
unfortunately,1
describe,1
freedom,1
demanding,1
during,1
place,1
emphasize,1
appointed,1
demonstrates,1
ambitions,1
collective,1
nurturing,1
refusing,1
pauline,1
embodying,1
isolated,1
domination,1
eschewing,1
nostalgic,1
goals,1
human,1
needed,1
structures,1
regarding,1
attachments,1
daughters,1
director,1
story,1
like,1
precarious,1
individuals,1
chapters,1
our,1
examination,1
throughout,1
campus,1
previous,1
disciplined,1
disadvantages,1
dependence,1
surely,1
believes,1
historiographic,1
tell,1
proved,1
showing,1
reevaluated,1
difficulties,1
significance,1
points,1
understand,1
initial,1
sustain,1
analyzing,1
carola,1
web,1
numerous,1
helen,1
realized,1
showcase,1
personalities,1
foci,1
finally,1
pens,1
reputation,1
poetry,1
dominated,1
aware,1
assertive,1
recognizing,1
authoritative,1
workers,1
individual,1
adopted,1
professionalization,1
times,1
pride,1
normally,1
lifestyles,1
presented,1
hard,1
socially,1
current,1
broader,1
reformers,1
forbade,1
summer,1
fostered,1
lee,1
things,1
mount,1
trail,1
expected,1
next,1
effects,1
catholic,1
profitably,1
colleagues,1
postwar,1
inbetween,1
sexuality,1
black,1
quite,1
cases,1
settlement,1
heart,1
contributions,1
nor,1
taught,1
immigrants,1
rosenberg,1
frivolous,1
ablest,1
david,1
several,1
blank,1
sufficient,1
ignore,1
charles,1
few,1
durants,1
approval,1
members,1
highly,1
pioneering,1
trying,1
lesbian,1
often,1
addams,1
materialism,1
breaking,1
close,1
extraordinary,1
single,1
enjoyed,1
prospects,1
protested,1
rossiter,1
terminology,1
scholarship,1
ann,1
grandmother,1
crusade,1
campuses,1
effect,1
accomplishment,1
tended,1
teach,1
compare,1
availability,1
fully,1
including,1
probably,1
working,1
quakers,1
mamie,1
dominance,1
present,1
look,1
preeminence,1
focus,1
period,1
nontraditional,1
ellen,1
curfews,1
strong,1
durantappointed,1
haven,1
roots,1
recent,1
rochester,1
attend,1
famous,1
accused,1
value,1
richly,1
alternative,1
dresses,1
normal,1
race,1
portrait,1
rates,1
convincingly,1
once,1
concluded,1
denominations,1
attended,1
reluctant,1
objected,1
deeper,1
contributing,1
warnings,1
separate,1
rosalind,1
eduction,1
