WORDCOUNTS,WEIGHT
the,120
of,91
to,85
and,58
a,49
her,41
in,40
s,40
that,26
mormon,26
is,22
church,20
as,20
ida,20
for,19
family,19
with,18
he,17
polygamy,16
their,15
history,14
hardy,14
from,13
udall,13
his,12
by,12
this,12
on,12
they,11
about,10
only,10
ellsworth,10
wife,10
will,9
it,9
she,9
not,9
more,9
readers,9
plural,9
be,9
one,8
was,8
but,8
are,8
other,8
what,8
however,8
would,8
catharine,8
romney,8
journal,8
lds,7
husband,7
who,7
most,7
first,7
had,7
leaders,7
public,7
marriages,7
own,7
have,7
polygamous,7
so,7
after,7
story,7
much,7
than,7
an,7
letters,6
into,6
miles,6
them,6
has,6
both,6
which,6
although,6
between,6
at,5
ella,5
american,5
wives,5
university,5
utah,5
book,5
time,5
very,5
past,5
present,5
historians,5
such,5
obvious,5
its,5
against,5
david,5
marriage,5
can,5
when,5
hunt,5
underground,4
within,4
life,4
yet,4
determination,4
odyssey,4
or,4
mormonism,4
faith,4
women,4
all,4
historical,4
backing,4
pascoe,4
clear,4
postmanifesto,4
press,4
maria,4
were,4
years,4
three,4
grandmother,4
even,4
does,3
been,3
foster,3
trials,3
hansen,3
lawrence,3
pp,3
illustrations,3
cottam,3
support,3
appendixes,3
index,3
champaign,3
then,3
nineteenth,3
sources,3
rather,3
also,3
over,3
many,3
did,3
best,3
p,3
out,3
woodruff,3
men,3
do,3
reviews,3
less,3
system,3
practice,3
manifesto,3
because,3
mormons,3
well,3
private,3
personal,3
bibliography,3
little,3
enter,3
solemn,3
central,3
facts,3
covenant,3
understand,3
illinois,3
evidence,3
provided,3
him,3
daughter,3
officials,3
spent,3
those,3
among,3
we,3
notes,3
seems,2
enough,2
go,2
now,2
century,2
no,2
way,2
continued,2
if,2
interference,2
five,2
outsiders,2
prose,2
might,2
lost,2
still,2
says,2
lives,2
b,2
study,2
authority,2
makes,2
unusual,2
under,2
tensions,2
collection,2
addressed,2
us,2
position,2
eventually,2
image,2
historian,2
result,2
ed,2
several,2
partly,2
too,2
these,2
two,2
begins,2
came,2
chose,2
perjury,2
long,2
offers,2
here,2
set,2
care,2
toward,2
put,2
each,2
financial,2
polygamist,2
fact,2
december,2
seem,2
tradition,2
secondary,2
down,2
wrote,2
appendix,2
lived,2
drama,2
government,2
new,2
jennifer,2
going,2
man,2
passage,2
another,2
took,2
beginning,2
learn,2
remarkable,2
reading,2
performed,2
johns,2
literature,2
michael,2
comes,2
moulton,2
climb,2
nearly,2
insider,2
u,2
agreed,2
some,2
work,2
peggy,2
through,2
end,2
gender,2
tried,2
arguments,2
families,2
records,2
repeatedly,2
relationships,2
carmon,2
offer,2
d,2
hard,2
need,2
things,2
mexico,2
quinn,2
sexuality,2
remains,2
offered,2
few,2
article,2
research,2
find,2
like,2
decision,2
sister,2
up,2
portrait,2
arizona,2
reluctant,2
avoid,2
periods,1
model,1
resolve,1
difficult,1
themes,1
awkward,1
threatened,1
loyal,1
ending,1
morass,1
archives,1
pertaining,1
explanations,1
interesting,1
books,1
relationship,1
second,1
struggle,1
town,1
subordination,1
deny,1
indefensible,1
companionship,1
territorial,1
hopes,1
without,1
spelled,1
mself,1
heroes,1
taken,1
act,1
provide,1
later,1
detroit,1
giving,1
absent,1
corporate,1
sentences,1
essence,1
hide,1
impressive,1
ideology,1
fled,1
suggestive,1
commitment,1
pieces,1
play,1
everyone,1
prosecutions,1
brief,1
commit,1
fascinating,1
framing,1
female,1
intriguing,1
purged,1
slow,1
guess,1
dedicates,1
convicted,1
prove,1
politicians,1
unwilling,1
shortly,1
obedient,1
detailed,1
painful,1
necessary,1
appear,1
phrases,1
began,1
rescue,1
saints,1
forth,1
comments,1
freely,1
initially,1
talk,1
recognize,1
large,1
highlights,1
sympathize,1
sacrificed,1
seemingly,1
confuses,1
doom,1
religious,1
pages,1
white,1
designed,1
objections,1
fall,1
feel,1
frontier,1
provides,1
flat,1
mother,1
ways,1
h,1
centuries,1
months,1
swept,1
reason,1
accounts,1
send,1
face,1
canada,1
read,1
developments,1
thought,1
country,1
bad,1
you,1
friends,1
soon,1
better,1
ensure,1
sex,1
creates,1
microfilming,1
issue,1
decade,1
backs,1
thankfully,1
western,1
thesis,1
demographic,1
love,1
publicly,1
suggestions,1
participants,1
slowly,1
shadow,1
loyalists,1
before,1
husbands,1
k,1
just,1
material,1
pioneered,1
ideologies,1
xxiv,1
conviction,1
something,1
considered,1
ashamed,1
footnotes,1
sheer,1
nonetheless,1
clandestine,1
source,1
reviewed,1
materials,1
covers,1
hoping,1
four,1
different,1
identification,1
emotional,1
chosen,1
safe,1
ever,1
being,1
speaking,1
pauline,1
member,1
comparisons,1
followed,1
passed,1
gap,1
sometimes,1
badly,1
published,1
assets,1
useful,1
physical,1
willingness,1
testament,1
every,1
polygamists,1
members,1
woman,1
temple,1
betrayal,1
served,1
victorian,1
regeneration,1
odd,1
courageous,1
attacks,1
couples,1
oldest,1
prosecution,1
attempts,1
testify,1
contrary,1
childhood,1
feelings,1
decades,1
spend,1
death,1
christ,1
downplay,1
confiscate,1
addition,1
sure,1
belatedly,1
official,1
raw,1
experiments,1
stiffened,1
troubling,1
moving,1
speaks,1
pretending,1
communal,1
friendly,1
longer,1
encourage,1
principles,1
exploration,1
treatment,1
divorce,1
straightforward,1
sent,1
histories,1
carrying,1
walked,1
found,1
conservative,1
great,1
called,1
match,1
current,1
unobtrusive,1
wade,1
renderings,1
rich,1
outdated,1
children,1
riveting,1
achievement,1
together,1
larger,1
accompanied,1
entries,1
quintessential,1
mecca,1
rely,1
events,1
requirements,1
religion,1
fills,1
contemporary,1
retired,1
friend,1
take,1
anger,1
considerable,1
patchwork,1
help,1
search,1
temper,1
secretly,1
absolutely,1
faithful,1
wants,1
outside,1
date,1
drinking,1
believed,1
raised,1
domesticity,1
wilford,1
activism,1
crusade,1
poverty,1
suffer,1
where,1
sadly,1
continuing,1
billed,1
teacher,1
whether,1
similarities,1
stability,1
see,1
reputations,1
upbraided,1
references,1
confrontation,1
evangelical,1
pearl,1
series,1
record,1
described,1
maintain,1
deep,1
xvii,1
wedding,1
resigned,1
xiv,1
tension,1
touch,1
effort,1
protective,1
adulthood,1
firmly,1
writes,1
belief,1
progressivism,1
problem,1
st,1
dream,1
effrontery,1
gives,1
motion,1
hopkins,1
particularly,1
bastion,1
conditioned,1
remarkably,1
patriarchal,1
day,1
fore,1
shape,1
birthday,1
institutions,1
chapter,1
directly,1
skillfully,1
having,1
detractors,1
suggests,1
straitened,1
dedication,1
transgression,1
compelling,1
fortunately,1
used,1
condition,1
millions,1
discussion,1
campaigns,1
rendition,1
knew,1
accommodation,1
conveniently,1
made,1
researchers,1
closer,1
uninvolved,1
circumstances,1
true,1
careful,1
heroine,1
minefield,1
west,1
formal,1
brought,1
combination,1
lake,1
parents,1
tamp,1
issuance,1
city,1
despite,1
denial,1
relocated,1
unfinished,1
calls,1
secret,1
became,1
related,1
along,1
department,1
beloved,1
recommends,1
encouraged,1
caught,1
findings,1
must,1
unhappy,1
went,1
colorings,1
lectured,1
approve,1
use,1
overview,1
gem,1
focus,1
during,1
protestants,1
editorial,1
make,1
teous,1
ranks,1
challenges,1
congress,1
allows,1
people,1
erupted,1
fine,1
relies,1
questions,1
think,1
daring,1
divorced,1
thus,1
chapters,1
call,1
picks,1
come,1
recounting,1
trip,1
ceremonies,1
legal,1
away,1
married,1
ends,1
deft,1
monogamy,1
adopting,1
tell,1
reassure,1
spring,1
practices,1
president,1
low,1
conceals,1
marry,1
seventy,1
genealogical,1
illustrates,1
passion,1
deniability,1
moral,1
twentieth,1
authored,1
write,1
trees,1
author,1
rug,1
points,1
health,1
forgotten,1
federal,1
wish,1
relatively,1
regarded,1
responses,1
occasion,1
moment,1
actively,1
considers,1
raises,1
portray,1
salt,1
sense,1
fulfilled,1
field,1
length,1
period,1
specialists,1
fill,1
insisted,1
insoluble,1
brave,1
victims,1
unfamiliar,1
romneys,1
rooted,1
topic,1
values,1
vengeance,1
jesus,1
dry,1
lie,1
approach,1
practiced,1
eye,1
sharp,1
cases,1
abundant,1
claims,1
extremely,1
lose,1
mornon,1
maintaining,1
least,1
latter,1
around,1
indictment,1
dialogue,1
never,1
keep,1
document,1
quorum,1
stemmed,1
sentiment,1
problems,1
amount,1
potential,1
propelled,1
replace,1
revealing,1
trying,1
inspired,1
understate,1
constructing,1
elude,1
sporadic,1
monogamous,1
certainly,1
young,1
become,1
themselves,1
protect,1
third,1
displayed,1
negotiate,1
telling,1
truly,1
righpascoe,1
fully,1
early,1
descendants,1
maximum,1
drawn,1
relations,1
extent,1
obscure,1
memoir,1
wanted,1
lay,1
abandoned,1
results,1
reunited,1
world,1
details,1
colleague,1
prison,1
tendency,1
amateur,1
professional,1
caution,1
ago,1
scandals,1
successive,1
generation,1
prosecutors,1
attention,1
moved,1
acknowledge,1
workings,1
race,1
valuable,1
babies,1
ethically,1
casts,1
society,1
separate,1
grasp,1
spare,1
