WORDCOUNTS,WEIGHT
the,216
of,140
and,108
in,87
to,79
a,57
that,57
s,52
is,51
art,44
chicago,37
but,34
as,33
was,30
for,30
it,28
not,28
his,26
from,25
by,25
cultural,22
harris,21
they,21
more,19
with,19
one,18
p,18
new,18
its,18
than,17
what,16
or,16
had,16
are,15
other,14
an,14
on,14
he,13
morgan,13
modern,12
which,12
were,12
this,12
germer,12
be,12
york,11
history,11
social,10
all,10
collecting,10
at,9
their,9
essays,9
into,9
because,9
we,9
essay,8
old,8
american,7
about,7
pp,7
only,7
reviews,7
city,7
dove,7
even,7
architecture,6
been,6
how,6
twombly,6
itself,6
arts,6
these,6
first,6
modernist,6
also,6
neil,6
could,6
aesthetic,6
collectors,6
them,6
content,6
second,5
if,5
modernism,5
prince,5
museum,5
collection,5
no,5
collective,5
most,5
show,5
two,5
know,5
might,5
exhibition,5
out,5
effect,5
important,5
style,5
while,5
institute,5
work,5
made,5
ryerson,5
contemporary,5
sensibility,5
have,5
painting,5
so,5
him,5
like,5
states,4
various,4
way,4
developed,4
who,4
get,4
illustrations,4
represents,4
us,4
perceptive,4
something,4
weller,4
here,4
established,4
meaning,4
each,4
thus,4
did,4
eddy,4
there,4
do,4
those,4
less,4
case,4
excursions,4
both,4
paintings,4
through,4
example,4
press,4
possession,4
place,4
representation,4
our,4
own,4
september,4
author,4
need,4
high,4
order,4
between,4
little,4
world,4
guard,4
general,4
bartlett,4
does,3
phenomena,3
whose,3
five,3
institutions,3
make,3
after,3
life,3
united,3
space,3
means,3
completely,3
holdings,3
university,3
neither,3
chicagoans,3
painters,3
seriously,3
then,3
any,3
superior,3
ideas,3
sources,3
writing,3
mencken,3
interests,3
others,3
proof,3
many,3
cultures,3
else,3
arthur,3
frederic,3
understood,3
chauvinism,3
sue,3
engelbrecht,3
cause,3
containers,3
however,3
representations,3
some,3
international,3
fine,3
tastes,3
formalist,3
used,3
said,3
take,3
historical,3
sees,3
yerkes,3
monroe,3
since,3
three,3
against,3
reality,3
clay,3
would,3
weininger,3
next,3
discourse,3
better,3
research,3
climate,3
scholarship,3
ann,3
single,3
activities,3
fully,3
when,3
much,3
among,3
notes,3
time,3
major,3
critics,2
four,2
may,2
exterior,2
criticism,2
particular,2
without,2
gogh,2
modernists,2
within,2
groups,2
short,2
program,2
rough,2
represent,2
affected,2
boosterism,2
class,2
opposed,2
dots,2
effectively,2
opposition,2
connect,2
objectives,2
importance,2
recognize,2
group,2
center,2
volumes,2
gallery,2
decorative,2
edited,2
true,2
sets,2
van,2
types,2
typology,2
relationships,2
susan,2
strategies,2
former,2
exhibitions,2
chronology,2
objects,2
index,2
school,2
stefan,2
organized,2
latest,2
before,2
elsewhere,2
culture,2
matter,2
preoccupation,2
definition,2
industrial,2
must,2
european,2
being,2
regional,2
picture,2
rival,2
volume,2
museums,2
set,2
give,2
taken,2
middlebrow,2
metropolitan,2
natural,2
intellectual,2
advanced,2
literary,2
j,2
evidence,2
book,2
key,2
historicizing,2
tradition,2
together,2
conservative,2
appeared,2
wrote,2
presence,2
harriet,2
events,2
causes,2
away,2
nevertheless,2
help,2
places,2
left,2
abstract,2
robert,2
gifts,2
xxiv,2
responded,2
formation,2
reading,2
proceedings,2
acquisitions,2
defense,2
metaphor,2
sophisticated,2
clarence,2
has,2
nonetheless,2
coburn,2
collector,2
discuss,2
design,2
another,2
local,2
almost,2
bigness,2
philip,2
extended,2
discussion,2
popular,2
suggests,2
bibliography,2
insight,2
boldness,2
formal,2
gauguin,2
taft,2
given,2
intentions,2
despite,2
enormous,2
marketing,2
radical,2
became,2
crafts,2
subject,2
ten,2
behavior,2
approach,2
point,2
actually,2
nothing,2
white,2
review,2
told,2
such,2
interested,2
paradigm,2
authors,2
national,2
yields,2
worded,2
cezanne,2
helpful,2
socially,2
parts,2
masters,2
century,2
integration,2
armory,2
taste,2
big,2
phrase,2
purchases,2
canon,2
remains,2
nor,2
underlying,2
several,2
patterns,2
pioneering,2
qualities,2
civic,2
become,2
tactics,2
third,2
early,2
explore,2
including,2
analyze,2
galleries,2
informed,2
thought,2
built,2
attention,2
costly,2
perfect,1
collect,1
model,1
ranging,1
chronological,1
folds,1
span,1
lesser,1
suggest,1
faithfully,1
talks,1
often,1
archives,1
accumulate,1
twelve,1
der,1
issues,1
diverged,1
woven,1
interesting,1
led,1
advertize,1
afloat,1
mostly,1
transform,1
avoids,1
final,1
expressionist,1
backward,1
along,1
hero,1
reduced,1
clive,1
today,1
subtheme,1
repetitions,1
helped,1
binds,1
uncorrupted,1
heroism,1
yorkers,1
sandburg,1
reviewer,1
summarize,1
masterpieces,1
seventeen,1
legacy,1
rather,1
guarded,1
concerned,1
sometimes,1
meticulously,1
crucial,1
l,1
patriotic,1
economic,1
foreign,1
standard,1
medium,1
outsiders,1
vision,1
stood,1
naturally,1
appearances,1
practical,1
manifestation,1
shy,1
overall,1
launch,1
suggestive,1
lorado,1
primitives,1
pierpont,1
snapshot,1
mansion,1
organizing,1
influential,1
everyone,1
connoisseurship,1
acknowledged,1
brief,1
forward,1
playing,1
findings,1
revolutionary,1
introduction,1
sow,1
midwest,1
manet,1
process,1
brings,1
e,1
constraints,1
instincts,1
gift,1
ambiance,1
prove,1
accepted,1
noticing,1
represented,1
stocking,1
allen,1
relations,1
possessions,1
still,1
sculptors,1
wonders,1
force,1
relationship,1
expanded,1
keep,1
inconography,1
per,1
eight,1
contribution,1
standing,1
impressionism,1
similar,1
universitat,1
engaging,1
wind,1
movement,1
generally,1
brettell,1
spot,1
artist,1
direct,1
frames,1
complex,1
worship,1
ongoing,1
shrift,1
detects,1
contributions,1
changes,1
shaping,1
structural,1
introductory,1
packaging,1
combines,1
construction,1
fighting,1
allegedly,1
nouveau,1
whole,1
excitements,1
assessments,1
advised,1
guide,1
adhering,1
drawings,1
word,1
essentials,1
consequences,1
informative,1
intensity,1
result,1
table,1
flowering,1
land,1
uniquely,1
moves,1
sort,1
murder,1
h,1
interpretation,1
reinterpretation,1
charlotte,1
observer,1
precondition,1
promise,1
mean,1
intelligently,1
lloyd,1
makes,1
read,1
perceptions,1
conscious,1
emil,1
town,1
historians,1
want,1
meant,1
considerations,1
beautiful,1
talents,1
contention,1
darrow,1
locally,1
official,1
position,1
explains,1
fixed,1
thesis,1
birch,1
exist,1
assistant,1
unlike,1
peasants,1
wars,1
emotional,1
policies,1
amply,1
wealth,1
light,1
canons,1
sum,1
director,1
judgments,1
singular,1
always,1
following,1
same,1
teaching,1
impact,1
dominate,1
thematic,1
hanging,1
dialectical,1
teasing,1
traveling,1
ed,1
memories,1
absence,1
gets,1
actual,1
helm,1
frequently,1
synthesis,1
acknowledging,1
silk,1
materials,1
advancing,1
reformulation,1
ideals,1
norton,1
establish,1
department,1
demonstrate,1
agents,1
steel,1
ever,1
economically,1
she,1
came,1
doggerelist,1
anything,1
stark,1
bulliet,1
theme,1
known,1
ostentation,1
freed,1
t,1
selective,1
considers,1
present,1
dealers,1
interact,1
entry,1
programmatic,1
catalog,1
fellow,1
titles,1
cultured,1
party,1
disappearing,1
moser,1
carl,1
oral,1
thrill,1
successfully,1
puts,1
connection,1
comfortable,1
paul,1
pillaging,1
writes,1
staked,1
originally,1
comparison,1
ii,1
swan,1
power,1
photos,1
implications,1
later,1
matisse,1
quickly,1
faced,1
toward,1
paolo,1
presidency,1
footnote,1
death,1
academy,1
saul,1
appear,1
europe,1
removed,1
put,1
proudly,1
swashbuckling,1
artistic,1
motifs,1
tendencies,1
avenue,1
descriptive,1
raw,1
seems,1
nature,1
palmer,1
ordinarily,1
analytical,1
paper,1
leaps,1
efforts,1
sullivan,1
closely,1
my,1
artists,1
hitchcock,1
incorporating,1
shows,1
timeless,1
shaped,1
principles,1
included,1
agenda,1
hinting,1
kuh,1
best,1
twenty,1
explores,1
democracy,1
straightforward,1
appearance,1
critic,1
suggesting,1
found,1
fry,1
assumes,1
fascination,1
begun,1
seeds,1
search,1
agree,1
constructions,1
substitute,1
cosponsor,1
moreover,1
indeed,1
vicious,1
katharine,1
forces,1
post,1
nineteen,1
embracing,1
assembled,1
depicts,1
achievement,1
romantic,1
particularly,1
counterpart,1
presumably,1
molding,1
impressions,1
clearly,1
her,1
john,1
reveal,1
plead,1
professor,1
launched,1
omitted,1
updating,1
terkel,1
jacket,1
interior,1
everything,1
remain,1
sturdy,1
anyway,1
olympian,1
titlewind,1
presentation,1
unestablished,1
impulses,1
generalized,1
real,1
loves,1
examining,1
proclaiming,1
considerable,1
fashion,1
turns,1
technique,1
discussed,1
artistically,1
poetry,1
articles,1
aestheticians,1
bell,1
doggerel,1
delicious,1
color,1
works,1
elegant,1
term,1
caviar,1
prevented,1
installation,1
crafted,1
late,1
never,1
academic,1
hint,1
enough,1
date,1
buccaneer,1
fourth,1
equally,1
reasons,1
unleashed,1
knows,1
political,1
according,1
baseball,1
innovative,1
war,1
hostility,1
johns,1
pursued,1
elevation,1
based,1
combined,1
unique,1
annie,1
el,1
receptive,1
premier,1
album,1
contents,1
gentilities,1
produced,1
selected,1
devoid,1
list,1
see,1
appreciate,1
prose,1
vernaculars,1
making,1
inhospitable,1
wherein,1
english,1
garages,1
varying,1
younger,1
well,1
autonomous,1
quote,1
imposed,1
house,1
record,1
civilized,1
armin,1
existence,1
nonreferential,1
common,1
forthcoming,1
instantaneously,1
treachery,1
arise,1
perhaps,1
refuge,1
yield,1
berman,1
reciprocal,1
mode,1
assault,1
tolerant,1
trusteeship,1
books,1
ascerbic,1
problem,1
likes,1
premise,1
king,1
formulation,1
appetites,1
captures,1
eating,1
note,1
causation,1
patronage,1
earlier,1
vibrant,1
arrivistes,1
hopkins,1
scene,1
possibility,1
determine,1
really,1
butchers,1
america,1
hog,1
thoroughly,1
aspects,1
equal,1
addresses,1
rush,1
cloth,1
account,1
beating,1
shape,1
produce,1
notion,1
unchanged,1
fight,1
lost,1
chapter,1
verified,1
influenced,1
none,1
uneven,1
italian,1
effete,1
long,1
giovanni,1
prior,1
frets,1
dedication,1
r,1
apt,1
accounting,1
understanding,1
lasting,1
prospect,1
journals,1
activity,1
alinsky,1
investment,1
visions,1
fundamentally,1
expertise,1
canceled,1
displayed,1
knew,1
worlds,1
contemporaneous,1
preconditions,1
depend,1
residents,1
examples,1
conference,1
strengths,1
already,1
positioned,1
comprise,1
bought,1
start,1
upon,1
level,1
magazine,1
nine,1
solid,1
inheritors,1
claim,1
says,1
observation,1
decent,1
marked,1
disparate,1
conclude,1
sousa,1
reflecting,1
uniform,1
unpretentious,1
delicate,1
very,1
intelligent,1
grandiose,1
indicating,1
utmost,1
cited,1
bottom,1
secret,1
narciso,1
bertha,1
republic,1
nation,1
probed,1
finding,1
end,1
arresting,1
himself,1
bourgeois,1
resolve,1
monet,1
contain,1
description,1
platt,1
kunsthistorische,1
salon,1
step,1
music,1
context,1
went,1
activitymodern,1
sweep,1
expression,1
year,1
unstated,1
cultivated,1
wholesome,1
gave,1
private,1
directed,1
theirs,1
contrasts,1
audience,1
illustrating,1
during,1
industry,1
transcend,1
exciting,1
intelligible,1
describes,1
tale,1
jerome,1
demonstrates,1
contends,1
battle,1
helen,1
phenomenon,1
challenges,1
contains,1
picasso,1
untouchable,1
allows,1
people,1
alternative,1
superficially,1
interchangeable,1
increasingly,1
bitter,1
coming,1
collage,1
oeuvre,1
launching,1
story,1
thirteenth,1
similarities,1
purse,1
continue,1
merit,1
prepared,1
documented,1
doing,1
swift,1
personal,1
regularly,1
becomes,1
sanctioned,1
held,1
continues,1
novelists,1
institution,1
i,1
intersections,1
angles,1
xviii,1
preparing,1
potter,1
influx,1
generation,1
convenient,1
showing,1
provide,1
outrageous,1
vii,1
commercial,1
streetcar,1
exceedingly,1
shrewd,1
rejected,1
roger,1
argues,1
reaction,1
open,1
surface,1
clear,1
hillside,1
insights,1
stunner,1
constantly,1
objective,1
hidden,1
applied,1
originated,1
numerous,1
purposely,1
se,1
scale,1
publication,1
write,1
certain,1
finally,1
avantgarde,1
points,1
struggles,1
charming,1
depicting,1
trap,1
defined,1
essence,1
staple,1
evening,1
wish,1
subtitle,1
relatively,1
regarded,1
c,1
move,1
audiences,1
officials,1
adopted,1
symposium,1
richard,1
honest,1
compatriots,1
although,1
exquisite,1
sense,1
someone,1
unfailingly,1
address,1
characterized,1
reviewers,1
change,1
relied,1
discerning,1
enabling,1
hard,1
perfectly,1
period,1
insisted,1
workers,1
rarified,1
media,1
rooted,1
thoughtful,1
static,1
effects,1
studs,1
quotes,1
profitably,1
kind,1
menocal,1
contrast,1
shortly,1
configurations,1
cope,1
weaknesses,1
turn,1
connects,1
squarely,1
greco,1
applicable,1
things,1
quite,1
bartletts,1
martin,1
atmosphere,1
event,1
latter,1
municipal,1
college,1
handful,1
unrelenting,1
why,1
reprints,1
footnotes,1
perspective,1
turned,1
leaves,1
bonn,1
refer,1
concerning,1
especially,1
specific,1
charles,1
mounting,1
food,1
written,1
pride,1
subjects,1
smithsonian,1
approval,1
least,1
highly,1
encompass,1
avis,1
trying,1
bridge,1
study,1
starting,1
noyes,1
folk,1
repose,1
modernity,1
holds,1
close,1
generated,1
presupposed,1
young,1
extant,1
observe,1
moving,1
themselves,1
therefore,1
institut,1
distinguished,1
kruty,1
boundaries,1
acquire,1
refreshing,1
telling,1
lists,1
forms,1
define,1
can,1
judicious,1
compare,1
pleasing,1
substantial,1
probably,1
movements,1
necessity,1
di,1
parking,1
divides,1
painter,1
philistines,1
louis,1
attracted,1
wife,1
delightful,1
looming,1
eliminating,1
save,1
confronting,1
journalists,1
deeply,1
recent,1
observed,1
vulgar,1
famous,1
educators,1
discovering,1
value,1
corps,1
hardly,1
pervasive,1
tells,1
reappearing,1
rest,1
locale,1
master,1
accessory,1
unfortunate,1
virtuous,1
antithesis,1
expressive,1
sculptor,1
retrospect,1
johnson,1
unvarnished,1
postrepresentational,1
purchasing,1
calls,1
