WORDCOUNTS,WEIGHT
the,385
of,236
in,175
a,154
wayne,149
and,137
to,121
s,91
his,79
as,70
that,60
he,56
was,54
for,50
is,46
on,41
john,40
american,38
by,37
with,34
who,27
film,26
films,25
an,25
it,24
from,23
but,21
at,20
or,19
not,19
p,17
hollywood,17
so,17
most,16
which,16
than,15
ford,15
more,15
wills,15
one,14
war,14
man,14
are,14
history,13
young,13
even,13
were,13
men,13
life,13
had,12
olson,12
roberts,12
him,12
persona,12
has,11
out,11
fact,11
new,11
later,10
their,10
culture,10
where,10
postwar,10
over,10
have,10
into,9
all,9
himself,9
they,9
through,9
other,9
sands,9
while,9
stryker,9
world,9
years,9
be,9
western,8
iwo,8
being,8
campbell,8
politics,8
jima,8
when,8
less,8
books,8
would,8
must,8
last,7
those,7
stagecoach,7
such,7
no,7
after,7
my,7
came,7
reviews,7
this,7
role,7
only,7
many,7
time,7
three,7
what,7
between,7
if,6
red,6
character,6
first,6
america,6
september,6
having,6
during,6
yet,6
same,6
sergeant,6
two,6
appeared,6
office,6
movies,6
times,6
james,6
legend,6
final,5
star,5
alamo,5
women,5
could,5
shot,5
against,5
river,5
vietnam,5
rooster,5
because,5
year,5
box,5
few,5
appeal,5
pp,5
home,5
love,5
including,5
like,5
played,5
can,5
been,5
frontier,5
movie,5
her,5
republic,5
career,4
true,4
westerns,4
before,4
cast,4
there,4
mythology,4
some,4
west,4
gingrich,4
americans,4
whose,4
rather,4
whom,4
found,4
called,4
big,4
late,4
though,4
however,4
failure,4
well,4
its,4
gave,4
place,4
icon,4
own,4
cold,4
long,4
up,4
notes,4
civilization,4
index,4
rise,4
picture,4
name,4
also,4
academy,4
end,4
never,4
made,4
top,4
jimmy,4
b,4
become,4
hand,4
we,4
she,4
you,4
ever,4
best,4
day,4
award,4
them,4
art,4
given,4
fonda,4
characters,4
much,4
now,3
second,3
ways,3
studies,3
duke,3
decade,3
experience,3
t,3
certainly,3
military,3
dreams,3
liberty,3
book,3
leading,3
cogburn,3
i,3
precisely,3
henry,3
howard,3
point,3
ronald,3
pilot,3
back,3
generation,3
york,3
reagan,3
generations,3
how,3
process,3
certain,3
ethan,3
university,3
image,3
age,3
cancer,3
berets,3
lead,3
walk,3
marion,3
effort,3
scenes,3
irony,3
cultural,3
grit,3
gunfighter,3
platoon,3
aging,3
line,3
work,3
people,3
burden,3
carey,3
stardom,3
blacklist,3
least,3
rambo,3
things,3
family,3
climate,3
always,3
kid,3
battle,3
short,3
indeed,3
service,3
fighting,3
valance,3
under,3
combat,3
us,3
earned,3
these,3
power,3
lack,3
scholars,3
actor,3
perhaps,3
cowboy,3
voight,3
another,3
father,3
bitter,3
nothing,3
full,3
reality,3
authors,3
period,3
carson,3
trying,3
ringo,3
hawks,3
responsibility,3
walsh,3
today,3
figure,3
male,3
becomes,3
dead,3
shooting,3
crockett,3
any,3
series,3
each,3
did,3
very,3
better,3
combined,3
making,3
popular,3
both,3
introduced,3
press,3
screen,3
breakthrough,3
indians,3
named,3
green,3
off,3
portrait,3
symbol,3
major,3
row,3
go,2
created,2
iowa,2
imitates,2
sympathetic,2
group,2
replaced,2
fate,2
authority,2
cowboys,2
unlike,2
migration,2
attuned,2
personae,2
amidst,2
eastwood,2
ii,2
memorial,2
company,2
together,2
great,2
confront,2
shootist,2
hundred,2
squid,2
real,2
marine,2
raised,2
robert,2
political,2
discipline,2
classic,2
lest,2
pax,2
u,2
right,2
marked,2
drive,2
fine,2
establishment,2
liberals,2
embodiment,2
prototype,2
exposed,2
joan,2
leigh,2
surely,2
dying,2
silent,2
machine,2
integral,2
interest,2
moment,2
brother,2
canutt,2
insisted,2
trail,2
century,2
kind,2
turn,2
approval,2
searchers,2
student,2
convictions,2
handful,2
welles,2
abiding,2
site,2
dick,2
without,2
heroes,2
camp,2
remain,2
opportunity,2
anyone,2
legendary,2
leave,2
understand,2
wagon,2
old,2
tensions,2
familiar,2
emergence,2
amid,2
director,2
just,2
house,2
too,2
raoul,2
four,2
store,2
legends,2
lifelong,2
newt,2
followed,2
based,2
appearance,2
train,2
buck,2
sequel,2
adolescent,2
bizarre,2
poverty,2
lawyers,2
midnight,2
youthful,2
moore,2
produced,2
reprising,2
record,2
public,2
randy,2
masculinity,2
shape,2
contracted,2
network,2
story,2
part,2
example,2
calls,2
gender,2
ten,2
loss,2
island,2
older,2
churned,2
craggy,2
call,2
forces,2
away,2
reflect,2
won,2
encounters,2
hard,2
working,2
idiom,2
tom,2
theater,2
enlist,2
several,2
industry,2
garry,2
manchester,2
texas,2
potent,2
cattle,2
reassuring,2
avoid,2
champion,2
drt,2
will,2
critical,2
likely,2
scout,2
forever,2
matter,2
noble,2
action,2
tried,2
innocence,2
still,2
harry,2
americana,2
manifest,2
boy,2
distribute,2
hold,2
robin,2
once,2
wake,2
seeing,2
rode,2
gay,2
reports,2
hoffman,2
jon,2
popularity,2
toward,2
put,2
endless,2
children,2
larger,2
contemporary,2
mold,2
question,2
took,2
kit,2
paris,2
celebrated,2
see,2
answer,2
controversy,2
gives,2
greatest,2
rio,2
intimate,2
desperate,2
passes,2
distinctly,2
bullet,2
ninotchka,2
virtually,2
prostitute,2
california,2
epic,2
express,2
studios,2
individual,2
qualities,2
figures,2
celebrity,2
brown,2
topped,2
me,2
stars,2
bulk,2
husband,2
defenders,2
playing,2
lost,2
destiny,2
extra,2
monogram,2
united,2
manhood,2
mother,2
fields,2
itself,2
fought,2
didion,2
eventually,2
historian,2
throw,2
known,2
command,2
forty,2
refused,2
interested,2
teenager,2
believe,2
gone,2
recalled,2
print,2
half,2
presence,2
speech,2
then,2
c,2
quoted,2
works,2
born,2
answered,2
marathon,2
particular,2
saddle,2
brilliant,2
cloth,2
video,2
edwards,2
despite,2
became,2
easy,2
went,2
coming,2
childhood,2
besieged,2
commercial,2
national,2
finally,2
sat,2
course,2
instead,2
states,2
association,2
kovic,2
scholarship,2
succeeded,2
era,2
gestures,2
within,2
valley,2
should,2
close,2
carved,1
gis,1
democracy,1
knee,1
miraculous,1
explosion,1
weighed,1
allegedly,1
rate,1
ghengis,1
natty,1
revisionist,1
photos,1
child,1
metal,1
reprised,1
punch,1
castigated,1
universal,1
common,1
drunken,1
way,1
car,1
concerned,1
implying,1
trio,1
corruption,1
stood,1
jet,1
immune,1
ready,1
culminated,1
introductions,1
jane,1
retirement,1
staggering,1
afroamerican,1
succession,1
outlived,1
compensated,1
expect,1
expressionism,1
steeped,1
told,1
tigers,1
reminding,1
complex,1
hones,1
judged,1
integrity,1
screenwriter,1
chi,1
elaborated,1
mostly,1
bacall,1
touchstone,1
cherished,1
asserted,1
confines,1
remnants,1
approaches,1
sausages,1
desperately,1
demolay,1
dull,1
lavished,1
conscious,1
spirit,1
ideals,1
trace,1
devices,1
position,1
committee,1
charitable,1
title,1
laid,1
cachet,1
total,1
aversion,1
legion,1
avow,1
biographical,1
complacency,1
communicating,1
feels,1
exceptions,1
something,1
eye,1
source,1
monomaniacal,1
glow,1
leads,1
arms,1
stilted,1
joe,1
painful,1
inhibited,1
failing,1
freshmen,1
wrong,1
titles,1
every,1
revisited,1
connection,1
exaggerated,1
druggist,1
lumberjack,1
individualist,1
give,1
taken,1
entangled,1
feeling,1
motor,1
cavalry,1
yours,1
opted,1
refusal,1
turbulent,1
worked,1
absurd,1
stallone,1
weekend,1
morrisons,1
j,1
nature,1
hatred,1
declares,1
definition,1
paralyzed,1
resemblance,1
uncommunicative,1
shaped,1
prejudices,1
revivals,1
copy,1
goddard,1
paramount,1
homestead,1
carter,1
down,1
broadly,1
broken,1
pungent,1
elegiac,1
accompanied,1
prop,1
mannerisms,1
simple,1
wrote,1
grizzled,1
differences,1
expiation,1
validated,1
rich,1
normative,1
purple,1
homosexual,1
whipping,1
able,1
proves,1
revival,1
quintessential,1
reveal,1
onto,1
concludes,1
abjured,1
wore,1
jacket,1
spanking,1
volunteered,1
debt,1
yearbook,1
subsequent,1
achieved,1
written,1
miles,1
fun,1
bombastic,1
classified,1
normal,1
indoors,1
ours,1
studio,1
outgrow,1
reading,1
winterset,1
signs,1
intelligence,1
waterloo,1
johns,1
return,1
tragedy,1
tagline,1
system,1
grenada,1
sound,1
takes,1
occasional,1
depending,1
aired,1
nip,1
relentlessly,1
searing,1
holly,1
historians,1
king,1
money,1
motion,1
sought,1
sexual,1
killed,1
victims,1
wept,1
androgyny,1
wonders,1
demands,1
football,1
soldier,1
chest,1
possible,1
determined,1
compelling,1
cooperation,1
suburban,1
subaltern,1
player,1
beverly,1
raft,1
election,1
solely,1
october,1
bibliography,1
taxation,1
move,1
yachting,1
haters,1
estranged,1
o,1
grieve,1
say,1
except,1
coors,1
far,1
resources,1
climax,1
overlooking,1
dirty,1
blockbuster,1
representing,1
slumberous,1
promises,1
portent,1
interviews,1
ritual,1
wallace,1
sand,1
masks,1
controlled,1
tons,1
eschewing,1
nostalgic,1
learned,1
daughters,1
clint,1
million,1
divorced,1
thus,1
icons,1
lover,1
collapse,1
married,1
endanger,1
perduring,1
nash,1
facts,1
luc,1
apprenticeship,1
inner,1
development,1
passengers,1
inevitable,1
mm,1
professor,1
since,1
catapulted,1
initial,1
interior,1
demanded,1
visited,1
backdrop,1
de,1
innumerable,1
styker,1
tutelage,1
authoritative,1
characteristic,1
ray,1
janet,1
filmic,1
sadistic,1
santa,1
eighty,1
natalie,1
bone,1
dame,1
undisclosed,1
vanguard,1
convention,1
media,1
seeming,1
treasure,1
theaters,1
exhausted,1
touched,1
transitional,1
brooding,1
unity,1
rolesplayboy,1
newspaperman,1
hepburn,1
economical,1
distinct,1
nor,1
dean,1
clark,1
felt,1
unspeakable,1
refer,1
illegal,1
contrary,1
bloody,1
differently,1
body,1
speed,1
gestating,1
careerism,1
marlene,1
six,1
extraordinary,1
flawed,1
elicit,1
forgiven,1
gal,1
uneasiness,1
compared,1
amalgam,1
left,1
third,1
siegel,1
find,1
died,1
trove,1
y,1
gil,1
shiny,1
memoir,1
look,1
artillery,1
apotheosis,1
apparently,1
crack,1
chanteuse,1
knows,1
sun,1
graced,1
rigors,1
messages,1
guard,1
terror,1
occasion,1
bills,1
redlight,1
swashbuckler,1
loan,1
influence,1
stanley,1
master,1
dandy,1
scholarly,1
celebrating,1
battles,1
stunt,1
critics,1
ridge,1
awkward,1
live,1
rights,1
behave,1
opposed,1
sixteen,1
contrived,1
trucked,1
rooted,1
fort,1
high,1
stuntman,1
recognized,1
town,1
menace,1
essential,1
german,1
wife,1
helped,1
elevating,1
deferral,1
slavery,1
principally,1
growth,1
performance,1
soviet,1
untainted,1
morrison,1
district,1
unmoved,1
excerpts,1
herron,1
organizing,1
influential,1
unit,1
fantasies,1
stumbling,1
explicit,1
rapids,1
keepers,1
reference,1
bawdy,1
longest,1
momentarily,1
animate,1
responded,1
pause,1
bond,1
knew,1
represented,1
restraint,1
parents,1
neighborhood,1
rescue,1
troopship,1
stops,1
eight,1
humanity,1
grew,1
lamented,1
japanese,1
fat,1
peer,1
ix,1
makes,1
special,1
revelation,1
possess,1
study,1
crusade,1
blurs,1
white,1
lay,1
strapping,1
complaining,1
republicans,1
precious,1
enlisted,1
consistency,1
guides,1
shell,1
support,1
fantasy,1
exceptional,1
reason,1
injury,1
utterly,1
settled,1
win,1
facilitated,1
genocide,1
lineal,1
appallingly,1
females,1
forget,1
bellowing,1
imposing,1
shimmering,1
prepares,1
yellow,1
teamwork,1
undoing,1
gable,1
cecil,1
proved,1
days,1
former,1
fabled,1
air,1
impact,1
welfare,1
remaking,1
contemporaries,1
inextricable,1
w,1
multicultural,1
show,1
conqueror,1
stewart,1
subliminal,1
robbing,1
officer,1
bataan,1
fittingly,1
modeled,1
billing,1
mix,1
utah,1
yes,1
fifties,1
feeble,1
respected,1
snakeinfested,1
m,1
important,1
opinion,1
preference,1
suggested,1
decades,1
personified,1
admiration,1
cut,1
slouch,1
plausibly,1
sixties,1
nebraska,1
reclassified,1
artistic,1
conquest,1
greater,1
raw,1
opening,1
quickie,1
expressed,1
moving,1
standards,1
lock,1
betrayal,1
pounds,1
route,1
katherine,1
critic,1
begun,1
hands,1
color,1
strength,1
typical,1
em,1
embarrassingly,1
attack,1
screenwriters,1
ambiguity,1
seven,1
lived,1
conspicuous,1
bomb,1
changed,1
format,1
shared,1
fracas,1
pass,1
pioneer,1
comprehensiveness,1
nurturing,1
valor,1
captured,1
brooks,1
flying,1
reactionary,1
term,1
horse,1
confronts,1
academic,1
traversed,1
further,1
banker,1
fourth,1
cadet,1
supporters,1
vile,1
transposed,1
mate,1
bore,1
treat,1
afforded,1
teacher,1
divide,1
recently,1
boys,1
younger,1
grounds,1
troops,1
survivor,1
khan,1
tension,1
scouts,1
unforgettable,1
naturalism,1
lease,1
sacrifice,1
hopkins,1
bumpo,1
resurfaces,1
aspects,1
jim,1
texans,1
conservatives,1
distinguish,1
sere,1
perpetuated,1
nomination,1
used,1
gravitas,1
intense,1
scope,1
received,1
kubrick,1
flopped,1
yakima,1
start,1
rodeo,1
framed,1
genre,1
nearest,1
future,1
coach,1
spinster,1
significantly,1
witchhunt,1
rematch,1
play,1
symbolism,1
related,1
actors,1
comment,1
enola,1
revealed,1
reminded,1
got,1
trenchant,1
opined,1
realm,1
tale,1
corrupt,1
broad,1
collective,1
relevance,1
actually,1
underscored,1
midwestern,1
poll,1
intertextual,1
teenage,1
somewhere,1
lazy,1
riding,1
captious,1
astute,1
talented,1
project,1
stillness,1
president,1
withstand,1
miss,1
monroe,1
visage,1
eccentric,1
subtle,1
remake,1
staple,1
tough,1
social,1
romped,1
running,1
legacy,1
sense,1
giant,1
successful,1
birdcage,1
carries,1
garbo,1
sweep,1
tentacles,1
unexpected,1
stage,1
straight,1
impossibly,1
next,1
television,1
order,1
please,1
keenly,1
quintessence,1
modest,1
phrase,1
ward,1
heart,1
night,1
sake,1
mesta,1
talents,1
small,1
shirts,1
consensus,1
concerns,1
ship,1
bottle,1
depression,1
exigencies,1
disaster,1
mantle,1
dramatic,1
notorious,1
research,1
anticommunism,1
distinguished,1
staged,1
norris,1
impossible,1
coast,1
credible,1
core,1
condemned,1
barely,1
st,1
decency,1
ensemble,1
gravitated,1
miscast,1
describes,1
using,1
submitting,1
stagflation,1
provided,1
criminals,1
inform,1
moved,1
rotten,1
actress,1
intones,1
massive,1
enjoy,1
activities,1
promising,1
beery,1
invest,1
seemed,1
lyrics,1
lend,1
awards,1
buttes,1
south,1
essayist,1
davy,1
originally,1
laughed,1
rankings,1
led,1
valedictory,1
disneyland,1
myth,1
reduced,1
ballad,1
onset,1
absence,1
innocent,1
mysterious,1
letters,1
identified,1
economic,1
concede,1
mark,1
ironical,1
incorrect,1
failed,1
greta,1
repulsed,1
happy,1
drama,1
surprisingly,1
sunset,1
horses,1
motivated,1
released,1
acknowledged,1
inclusive,1
lurch,1
harris,1
musical,1
nearly,1
charts,1
funny,1
assurance,1
fastened,1
warner,1
sitting,1
purity,1
prove,1
formative,1
july,1
grande,1
above,1
intervention,1
make,1
mainstream,1
bewildering,1
bestseller,1
spooks,1
initially,1
wind,1
toss,1
movement,1
registered,1
southern,1
settings,1
neat,1
brando,1
conventional,1
single,1
confronting,1
juxtaposition,1
about,1
buddy,1
foot,1
pacific,1
loaded,1
emerged,1
wasteland,1
turmoil,1
fair,1
excessively,1
opportunities,1
salvation,1
read,1
superachiever,1
paradox,1
shoot,1
borrowed,1
evolved,1
exposure,1
exposes,1
ne,1
torpedo,1
imitate,1
marshall,1
tits,1
torments,1
orders,1
light,1
eagerness,1
complete,1
mantra,1
performed,1
sharply,1
clips,1
hay,1
iranian,1
darkened,1
indian,1
acknowledging,1
narratives,1
contempt,1
exodus,1
preeminent,1
visitors,1
overpowering,1
emotional,1
enforce,1
williams,1
revenge,1
ambiguities,1
misery,1
double,1
fill,1
invests,1
recycled,1
tries,1
stepfather,1
interwoven,1
members,1
transports,1
niceties,1
westward,1
tet,1
athlete,1
technique,1
think,1
pathetically,1
brittles,1
again,1
others,1
cable,1
stricken,1
grunt,1
chuck,1
destroy,1
sardonic,1
smith,1
missing,1
anecdotal,1
shows,1
twenty,1
bobby,1
coincidence,1
occurrence,1
pressure,1
tolerate,1
copied,1
nathan,1
boots,1
inevitably,1
explosives,1
identity,1
diverse,1
atomic,1
preferring,1
fallen,1
bespoke,1
emphatically,1
foe,1
doubt,1
hardbitten,1
considerable,1
charges,1
busiest,1
favorite,1
audiences,1
fragments,1
success,1
dwindle,1
bony,1
nag,1
enough,1
racist,1
drinking,1
insane,1
do,1
fame,1
present,1
performances,1
ron,1
oscars,1
ironically,1
cards,1
manner,1
oversee,1
couldn,1
soften,1
empire,1
accepted,1
armed,1
vulnerable,1
tell,1
mutters,1
coincided,1
idol,1
spell,1
focusing,1
deep,1
slouching,1
breaks,1
invitation,1
culminating,1
belief,1
distance,1
number,1
wood,1
free,1
realize,1
reactionaries,1
indomitable,1
remove,1
local,1
radioactive,1
understatement,1
apt,1
pitched,1
antelope,1
finish,1
disease,1
invested,1
birth,1
alliance,1
apogee,1
virgin,1
values,1
endowment,1
deliberately,1
scorned,1
enormous,1
vision,1
traduced,1
nikita,1
hara,1
backsides,1
load,1
sap,1
usurped,1
endearing,1
exploits,1
enduring,1
use,1
affection,1
sold,1
succumbed,1
station,1
strangled,1
camera,1
approach,1
congress,1
sequence,1
prominently,1
harvard,1
submitted,1
ethnic,1
exhibited,1
associate,1
unawares,1
dime,1
stayed,1
pennsylvania,1
washington,1
rightward,1
kindred,1
volition,1
meanings,1
discovered,1
laconic,1
rap,1
comprehensive,1
liquor,1
virtues,1
soldiers,1
victory,1
creditably,1
reap,1
admission,1
blend,1
collaboration,1
kane,1
direct,1
prodigious,1
fade,1
heartbreak,1
vintage,1
escaped,1
apaches,1
ernst,1
nurses,1
earlier,1
graduated,1
preservation,1
offense,1
black,1
intrinsic,1
imagination,1
spent,1
strangely,1
queen,1
pearl,1
behind,1
imaginative,1
smoky,1
eyes,1
ribbon,1
awakening,1
rides,1
yankees,1
displayed,1
sentiments,1
teach,1
enjoyed,1
reasonableness,1
offensive,1
capitalism,1
costume,1
differ,1
astonishing,1
saw,1
selfreliance,1
conveyed,1
rallied,1
quarter,1
darker,1
irresponsible,1
attention,1
hopeless,1
penultimate,1
gifted,1
bickering,1
tortured,1
ethic,1
bravo,1
gunfight,1
entitled,1
interpenetration,1
humiliating,1
fifty,1
tests,1
marilyn,1
viet,1
regimentation,1
liberalism,1
beset,1
relationship,1
esteemed,1
shattered,1
humanities,1
mclain,1
wisdom,1
meets,1
continued,1
george,1
provide,1
stampeded,1
bureaucrats,1
sometimes,1
chance,1
synopses,1
relieved,1
naturally,1
rebelling,1
suggestive,1
claimed,1
sole,1
fear,1
imperatives,1
sadler,1
reminders,1
aglimmering,1
ordinary,1
tennessean,1
bonds,1
spank,1
seen,1
nickname,1
stupid,1
anachronism,1
worse,1
lives,1
requests,1
thirteen,1
anxiety,1
anxious,1
dietrich,1
acquaintances,1
hockey,1
changes,1
often,1
construction,1
analysis,1
spectacularly,1
entrusted,1
hole,1
fall,1
spotlight,1
hope,1
transform,1
homesteading,1
chamber,1
months,1
face,1
gathered,1
case,1
matters,1
addressed,1
ensure,1
claims,1
school,1
undertook,1
cannon,1
presidency,1
rolling,1
lingerie,1
eschewed,1
shadow,1
venality,1
monument,1
marlon,1
constant,1
citizen,1
confederates,1
following,1
furthest,1
milland,1
conclusion,1
complexity,1
bethlehem,1
dunston,1
version,1
luminous,1
biography,1
gunsmoke,1
simply,1
scarcely,1
continues,1
forgetting,1
theme,1
scrutiny,1
shop,1
physical,1
ll,1
ranch,1
recapitulating,1
directorial,1
preserves,1
text,1
obsolescence,1
forgettable,1
endangered,1
mille,1
defining,1
ran,1
celluloid,1
country,1
readily,1
endurance,1
glendale,1
different,1
novel,1
busily,1
save,1
punching,1
exploration,1
dustin,1
compounded,1
argue,1
heavy,1
superstore,1
domestic,1
drifted,1
particularly,1
brothers,1
skirmish,1
numb,1
enemy,1
attractions,1
orson,1
associated,1
historical,1
vainly,1
mass,1
rehearses,1
suddenly,1
type,1
caricature,1
respect,1
places,1
turned,1
luminescent,1
parody,1
forgave,1
befitting,1
william,1
trademark,1
witch,1
jean,1
unlikely,1
purchase,1
economy,1
grainy,1
implicit,1
ratso,1
form,1
cigarettethe,1
list,1
cause,1
males,1
clyde,1
corps,1
textbook,1
signature,1
lengths,1
writes,1
ripe,1
debate,1
loved,1
everything,1
truant,1
vehicle,1
fodder,1
gotta,1
secure,1
dark,1
produce,1
property,1
anna,1
don,1
agreed,1
emphasis,1
transgression,1
hundreds,1
lampooned,1
contain,1
propman,1
cluster,1
finished,1
spaces,1
superpatriotism,1
triumphal,1
unseen,1
presented,1
occasionally,1
necessity,1
son,1
altered,1
met,1
understated,1
scott,1
hen,1
arness,1
awesome,1
collaborated,1
facetiously,1
african,1
giving,1
intended,1
returning,1
step,1
agents,1
measure,1
millinery,1
programs,1
reconstruct,1
descendent,1
lubitsch,1
twin,1
vocal,1
representation,1
ensuing,1
crew,1
aspect,1
rewarding,1
our,1
cowardice,1
come,1
additional,1
false,1
perversely,1
wild,1
soft,1
ultimately,1
until,1
survival,1
verities,1
unexpectedly,1
unencumbered,1
similarity,1
copies,1
deepening,1
distinctive,1
execrable,1
obliterated,1
grant,1
accept,1
emaciated,1
crisis,1
contributed,1
offer,1
sigma,1
land,1
deferment,1
cooper,1
hunter,1
need,1
product,1
heartland,1
seabees,1
punitive,1
fools,1
piece,1
airedale,1
reviving,1
buchanan,1
captain,1
measured,1
remains,1
definitive,1
doubtless,1
deer,1
restored,1
treats,1
barry,1
squad,1
modeling,1
removed,1
tnt,1
rationalizations,1
penetrated,1
rest,1
abstinence,1
themselves,1
prospects,1
reached,1
brink,1
paralyzing,1
exclusively,1
predictable,1
element,1
little,1
cong,1
pat,1
traditional,1
focus,1
kruschev,1
aborted,1
mature,1
among,1
symbiotic,1
grace,1
anthem,1
recent,1
observed,1
virtue,1
broader,1
asked,1
mock,1
relocated,1
noon,1
retrospect,1
hovered,1
liaison,1
