WORDCOUNTS,WEIGHT
the,176
of,129
in,97
to,85
and,77
a,60
s,58
women,47
on,46
that,40
her,38
kerber,36
as,31
is,30
she,28
not,20
citizenship,20
this,20
american,18
with,18
history,17
was,16
chapter,16
be,16
from,15
but,15
for,15
rights,14
which,14
obligations,13
were,13
other,12
case,12
have,12
an,12
obligation,12
service,11
their,11
serve,11
book,11
right,11
some,11
it,10
state,10
has,10
issues,10
one,9
by,9
all,9
been,9
are,9
p,9
juries,9
coverture,9
even,9
they,8
at,7
jury,7
legal,7
had,7
hoyt,7
issue,7
vagrancy,7
husband,6
about,6
feeney,6
same,6
more,6
military,6
men,6
discussion,6
essay,6
cases,6
second,5
americans,5
perry,5
male,5
who,5
life,5
citizens,5
into,5
these,5
also,5
each,5
could,5
court,5
work,5
martin,5
between,5
lawyers,5
like,5
will,4
attorneys,4
no,4
account,4
often,4
liberal,4
law,4
important,4
view,4
bearing,4
many,4
tax,4
new,4
v,4
because,4
reviews,4
well,4
woman,4
public,4
u,4
through,4
discusses,4
example,4
laws,4
arms,4
notes,4
civil,4
society,4
may,3
where,3
five,3
abby,3
complex,3
or,3
traces,3
argued,3
experience,3
first,3
theme,3
his,3
linda,3
fact,3
out,3
smith,3
concludes,3
i,3
ladies,3
present,3
political,3
though,3
them,3
imposed,3
florida,3
key,3
free,3
farther,3
taxation,3
son,3
after,3
story,3
international,3
subject,3
arguments,3
labor,3
amendment,3
review,3
supreme,3
such,3
meanings,3
september,3
instead,3
controversies,3
include,3
so,3
century,3
bus,3
exemption,3
long,3
few,3
civic,3
can,3
those,3
decision,3
we,3
than,3
recent,3
traditions,3
sisters,3
equal,3
four,2
does,2
gwendolyn,2
scored,2
me,2
whose,2
today,2
independent,2
if,2
sometimes,2
identified,2
centering,2
others,2
ordinary,2
revolutionary,2
veterans,2
convicted,2
still,2
goes,2
deprived,2
risk,2
antislavery,2
told,2
prohibitions,2
led,2
why,2
changes,2
k,2
argumentation,2
united,2
mother,2
federal,2
makes,2
pp,2
thought,2
university,2
legacies,2
kelley,2
title,2
home,2
any,2
husbands,2
readers,2
just,2
xxiv,2
nineteenth,2
series,2
most,2
different,2
montgomery,2
democratic,2
inheritance,2
lewis,2
power,2
historians,2
address,2
social,2
over,2
intellectual,2
am,2
my,2
lengthy,2
whom,2
reach,2
stories,2
abandoning,2
fundamental,2
tradition,2
did,2
explores,2
found,2
called,2
extended,2
loyalty,2
choice,2
might,2
john,2
very,2
historical,2
there,2
appeared,2
works,2
feminist,2
fourth,2
remarkable,2
dorothy,2
context,2
whether,2
system,2
ahead,2
compelled,2
streets,2
cows,2
failure,2
constitutional,2
reminder,2
another,2
emphasis,2
visions,2
used,2
dilemmas,2
vote,2
must,2
point,2
part,2
previously,2
african,2
its,2
era,2
gave,2
freedom,2
make,2
feminists,2
antigone,2
people,2
representation,2
examination,2
come,2
married,2
ginsburg,2
compulsion,2
only,2
years,2
received,2
clear,2
against,2
visited,2
moral,2
national,2
author,2
points,2
regarded,2
decided,2
judges,2
hard,2
would,2
length,2
workers,2
revolution,2
things,2
states,2
protest,2
off,2
progressive,2
defense,2
decisions,2
involved,2
family,2
class,2
reed,2
close,2
problems,2
subjects,2
relation,2
massachusetts,2
scholarship,2
third,2
do,2
always,2
early,2
when,2
up,2
working,2
raised,2
wife,2
suffragist,2
much,2
world,2
citizen,2
justice,2
avoid,2
appeal,1
courts,1
chronological,1
ideals,1
tea,1
implicitly,1
pay,1
loyal,1
town,1
now,1
excused,1
relationship,1
disposed,1
role,1
recognized,1
delineating,1
york,1
groundwork,1
expect,1
reexamine,1
note,1
advocate,1
limits,1
box,1
absence,1
without,1
way,1
bringing,1
testimony,1
redefine,1
true,1
sued,1
chivalry,1
sets,1
obey,1
anthony,1
estate,1
premarital,1
enforced,1
within,1
usually,1
responds,1
transnational,1
probably,1
names,1
ways,1
impressive,1
stresses,1
how,1
depth,1
launch,1
outcome,1
bound,1
unpleasant,1
smiths,1
concern,1
hill,1
limited,1
overturn,1
peaceful,1
critical,1
career,1
market,1
trials,1
acknowledged,1
culminating,1
fascinating,1
doctrine,1
unanimously,1
commentary,1
prevailing,1
riddled,1
politicians,1
miscarriage,1
resemblance,1
locating,1
considerably,1
succession,1
obstacle,1
closure,1
coercion,1
force,1
privileges,1
notably,1
plainly,1
earlier,1
lives,1
supplement,1
subservience,1
contribution,1
seventyseven,1
forcing,1
identifies,1
initially,1
uncertain,1
talk,1
certain,1
center,1
sacrificed,1
religious,1
special,1
responsible,1
spared,1
confidence,1
mentions,1
illustrations,1
powerfully,1
analysis,1
identify,1
superb,1
essays,1
read,1
repeats,1
fall,1
dec,1
michael,1
origins,1
rogers,1
remind,1
feme,1
erratically,1
drafted,1
addressing,1
murder,1
suffice,1
equalizing,1
childbearing,1
fair,1
means,1
democracy,1
examine,1
understand,1
remains,1
propelling,1
rules,1
nor,1
treason,1
favor,1
old,1
flows,1
thermidorean,1
dressing,1
arrested,1
considered,1
fifth,1
counterparts,1
hair,1
combat,1
challenged,1
overturned,1
harlan,1
protection,1
us,1
organization,1
justified,1
index,1
defendant,1
share,1
contained,1
occurred,1
slowly,1
sensitive,1
otherwise,1
eventually,1
glimpse,1
perspectives,1
scaffold,1
culture,1
historian,1
forum,1
following,1
conviction,1
placed,1
welfare,1
contested,1
arguing,1
conclusion,1
complexity,1
version,1
contexts,1
too,1
grand,1
client,1
already,1
disobedience,1
odds,1
provocative,1
leads,1
gay,1
two,1
cutting,1
steel,1
superior,1
ever,1
scarcely,1
said,1
interpreted,1
gentlemen,1
paradox,1
anything,1
pace,1
informed,1
olive,1
vietnam,1
magnificent,1
saint,1
beyond,1
fairly,1
published,1
fill,1
consensus,1
sources,1
satirical,1
fast,1
party,1
every,1
merited,1
dinners,1
illuminating,1
posed,1
appealing,1
nonexistent,1
regulating,1
opportunities,1
interests,1
established,1
houston,1
suit,1
set,1
researched,1
observers,1
implications,1
later,1
exists,1
taken,1
figure,1
faced,1
toward,1
tory,1
elusive,1
preferences,1
refusal,1
progression,1
rejects,1
thrust,1
thirty,1
asserts,1
reflections,1
action,1
marshall,1
addition,1
bravery,1
greater,1
seems,1
leaps,1
benevolent,1
suffered,1
conscientious,1
granted,1
based,1
shows,1
including,1
vexed,1
idea,1
treatment,1
nothing,1
gone,1
dizzying,1
industrious,1
entitlements,1
opposing,1
together,1
conservative,1
includes,1
argue,1
schudson,1
republicanism,1
simple,1
strength,1
ought,1
generations,1
abstract,1
current,1
domestic,1
reform,1
report,1
speech,1
relating,1
suggesting,1
fully,1
bader,1
narrative,1
reasoning,1
lived,1
respectful,1
ideology,1
losses,1
become,1
job,1
obliged,1
associates,1
clearly,1
harriet,1
circling,1
abolitionists,1
full,1
events,1
asserting,1
clause,1
written,1
worker,1
doubt,1
inherently,1
nurturing,1
conscription,1
sought,1
succeeding,1
subsequent,1
half,1
past,1
spinning,1
serious,1
none,1
assessment,1
drab,1
punishment,1
m,1
feminism,1
evident,1
person,1
tidy,1
interviewed,1
murray,1
further,1
hand,1
emphasized,1
believed,1
studies,1
use,1
universal,1
reasons,1
employment,1
prompt,1
access,1
cultural,1
according,1
advantages,1
below,1
scholarly,1
effective,1
enforces,1
boarded,1
omitting,1
war,1
confiscation,1
bannon,1
johns,1
notable,1
barred,1
stressing,1
rejected,1
refrain,1
citizenry,1
circumvent,1
terms,1
furnishes,1
celebrated,1
form,1
devoid,1
list,1
sentence,1
see,1
inquiry,1
teague,1
accounts,1
english,1
confrontation,1
skein,1
varying,1
duties,1
grounds,1
vivid,1
d,1
paired,1
dislocations,1
however,1
advocates,1
wartime,1
reiterated,1
reconstruction,1
eagle,1
envied,1
rounds,1
launches,1
pacifism,1
native,1
explain,1
theory,1
required,1
ruth,1
circumstances,1
courtrooms,1
enjoyed,1
directly,1
style,1
abigail,1
entitlement,1
hopkins,1
while,1
primary,1
explicitly,1
nonexistence,1
america,1
collector,1
vehicle,1
discuss,1
brilliant,1
recounted,1
fluidity,1
require,1
plane,1
taxes,1
retain,1
republican,1
voice,1
information,1
conservatives,1
keeping,1
precedent,1
anna,1
sterling,1
trial,1
possible,1
marriages,1
politics,1
understanding,1
journals,1
tracing,1
shared,1
father,1
swiftly,1
sale,1
link,1
residents,1
shielded,1
foreigners,1
both,1
treated,1
kenyon,1
boston,1
little,1
sacrifices,1
richard,1
boldly,1
eighteenth,1
vital,1
bear,1
regain,1
attentive,1
entire,1
admired,1
professor,1
servant,1
challenging,1
discrimination,1
julia,1
significantly,1
themes,1
except,1
emphatic,1
immoral,1
indicating,1
conception,1
content,1
calls,1
press,1
republic,1
duty,1
end,1
charge,1
penetrating,1
turns,1
tried,1
impose,1
budget,1
contradictions,1
resisters,1
went,1
kathleen,1
toughminded,1
significant,1
literature,1
prevented,1
substance,1
urging,1
spartan,1
tale,1
resistance,1
during,1
oppose,1
images,1
francis,1
impaired,1
wherever,1
maintained,1
goals,1
eroding,1
aspect,1
closes,1
waves,1
gains,1
build,1
cooked,1
connecticut,1
services,1
chapters,1
parry,1
virtual,1
personal,1
focuses,1
white,1
reflect,1
question,1
experiences,1
believes,1
overseas,1
postrevolutionary,1
opposes,1
survival,1
distinctive,1
mine,1
relic,1
moralists,1
lists,1
background,1
known,1
seldom,1
significance,1
implied,1
rendered,1
killed,1
wang,1
insights,1
placing,1
resembling,1
twentieth,1
helen,1
permit,1
assumes,1
personalities,1
ceasing,1
piecemeal,1
xx,1
finally,1
virtues,1
clarified,1
movement,1
mode,1
thus,1
correcting,1
staple,1
objection,1
good,1
change,1
tone,1
parallels,1
register,1
held,1
general,1
relations,1
keep,1
common,1
here,1
sense,1
successful,1
precedents,1
describing,1
critics,1
heightened,1
energetically,1
interpolate,1
effectively,1
opinions,1
realization,1
suffrage,1
him,1
creating,1
wished,1
dick,1
tested,1
privilege,1
centrality,1
reversals,1
piece,1
hiring,1
interprets,1
kind,1
order,1
defined,1
imposition,1
philosophy,1
discourse,1
black,1
marriage,1
heart,1
event,1
presidential,1
speak,1
around,1
peacetime,1
immigrants,1
calling,1
david,1
perspective,1
several,1
burgeoning,1
mind,1
offered,1
especially,1
specific,1
arrayed,1
pregnant,1
article,1
contrary,1
differently,1
counterarguments,1
qualities,1
reconceptualizes,1
insists,1
covert,1
holds,1
colorful,1
inspiring,1
reads,1
dramatic,1
loyalist,1
wholly,1
themselves,1
intimates,1
commands,1
respectively,1
unchanged,1
single,1
effect,1
highlighting,1
farm,1
classrooms,1
find,1
civilly,1
crimes,1
magnifies,1
progress,1
instance,1
severely,1
sentenced,1
splendidly,1
differ,1
divides,1
unresolved,1
lingered,1
pays,1
journal,1
looked,1
louis,1
heir,1
focus,1
unexplored,1
landmark,1
taylor,1
confiscated,1
attend,1
sister,1
run,1
protagonist,1
weigh,1
should,1
affirmative,1
naturalization,1
grateful,1
louisiana,1
generation,1
bygone,1
time,1
built,1
passive,1
attention,1
fourteenth,1
moved,1
immigration,1
disturbing,1
gordon,1
pauli,1
brown,1
twists,1
major,1
tampa,1
examines,1
focused,1
conflicting,1
links,1
