WORDCOUNTS,WEIGHT
the,228
and,147
of,125
in,85
gompers,69
labor,66
to,61
a,52
for,43
afl,34
with,29
as,25
s,24
not,23
that,22
his,21
glickman,21
on,21
political,20
american,18
workers,18
party,17
wage,17
greene,17
he,15
more,15
but,14
is,13
at,12
their,12
history,12
by,12
new,12
study,10
simple,10
unions,10
pure,10
local,10
politics,10
an,10
federation,9
from,9
samuel,9
be,9
wages,8
neither,8
greater,8
had,8
other,8
federal,7
bryan,7
was,7
also,7
or,7
are,7
book,7
unionism,7
living,7
legislation,7
campaigns,7
its,7
such,7
approach,7
steward,7
would,7
nor,7
state,7
recent,7
power,6
economic,6
democratic,6
could,6
unionists,6
system,6
trade,6
this,6
have,6
higher,5
licht,5
university,5
union,5
never,5
william,5
reform,5
has,5
her,5
demands,5
level,5
reformers,5
candidates,5
scholarship,5
era,5
little,5
rather,4
they,4
movement,4
yet,4
democrats,4
discourse,4
first,4
only,4
business,4
leaders,4
found,4
p,4
further,4
reviews,4
advocates,4
remained,4
work,4
ira,4
point,4
laws,4
press,4
engaged,4
against,4
consumer,4
craft,4
enemies,4
much,4
played,3
various,3
stuart,3
within,3
been,3
ways,3
war,3
remain,3
wilson,3
united,3
shift,3
under,3
presents,3
proved,3
argued,3
circumstances,3
most,3
initiative,3
december,3
position,3
decades,3
view,3
control,3
parties,3
pragmatic,3
particularly,3
government,3
john,3
radical,3
achieved,3
julie,3
economy,3
racial,3
papers,3
citizenship,3
voting,3
historians,3
while,3
america,3
day,3
kaufman,3
low,3
judiciary,3
activity,3
both,3
through,3
nonpartisan,3
subject,3
lies,3
entirely,3
during,3
lawrence,3
which,3
full,3
running,3
officials,3
him,3
socialist,3
purchasing,3
late,3
especially,3
nonpartisanship,3
between,3
among,3
value,3
congressmen,2
will,2
rights,2
critical,2
poor,2
interesting,2
melvyn,2
without,2
she,2
way,2
independent,2
opening,2
wary,2
slavery,2
action,2
corporate,2
vision,2
gender,2
alliance,2
limited,2
organizing,2
basic,2
influential,2
lobbying,2
represented,2
community,2
detailed,2
legal,2
sympathetic,2
one,2
volumes,2
decisions,2
class,2
makes,2
kazin,2
often,2
illustrations,2
republicans,2
education,2
antistatism,2
strategies,2
tomlins,2
pp,2
favor,2
earnings,2
locally,2
index,2
into,2
organized,2
victoria,2
workplace,2
before,2
hattam,2
material,2
nineteenth,2
convinced,2
likened,2
origins,2
too,2
practices,2
needs,2
acceptance,2
qualified,2
prosperous,2
shorter,2
published,2
continued,2
act,2
specifically,2
votes,2
prosecution,2
if,2
m,2
important,2
strategy,2
toward,2
social,2
laslett,2
meaning,2
worked,2
friends,2
hours,2
nature,2
best,2
idea,2
key,2
scholars,2
did,2
upheld,2
own,2
great,2
strength,2
narrative,2
out,2
deal,2
linked,2
defeat,2
very,2
liberal,2
take,2
last,2
there,2
do,2
movements,2
activism,2
focused,2
reading,2
skilled,2
effect,2
conservatism,2
them,2
michael,2
making,2
failure,2
lines,2
grounds,2
however,2
books,2
creates,2
directly,2
stance,2
years,2
another,2
account,2
spokesmen,2
relief,2
visions,2
gains,2
who,2
solid,2
true,2
voluntarist,2
writings,2
part,2
consumerist,2
goods,2
resources,2
role,2
himself,2
antitrust,2
call,2
split,2
policies,2
make,2
families,2
collective,2
issues,2
ethnic,2
antistatist,2
actual,2
chapters,2
examination,2
away,2
dismissed,2
complicated,2
devoted,2
shown,2
argument,2
pennsylvania,2
knights,2
twentieth,2
washington,2
relations,2
christopher,2
although,2
walter,2
elect,2
insisted,2
high,2
dick,2
century,2
protest,2
contrast,2
progressive,2
standard,2
forbath,2
campaign,2
argues,2
policy,2
narrow,2
marxist,2
tactics,2
alliances,2
early,2
weight,2
when,2
men,2
even,2
world,2
roots,2
notes,2
consumerism,2
leadership,2
should,2
building,2
attention,2
moved,2
syndicalist,2
avoid,2
society,2
notion,2
shaping,2
setbacks,1
appeal,1
courts,1
model,1
genesis,1
transforming,1
dealing,1
existing,1
marked,1
live,1
glibly,1
it,1
handle,1
utilities,1
gomperism,1
opposed,1
now,1
abolition,1
basing,1
decentralized,1
james,1
possessed,1
san,1
helped,1
relationship,1
fueled,1
furnished,1
untenable,1
laboring,1
york,1
critics,1
child,1
bringing,1
essential,1
nationally,1
today,1
advocate,1
prostitution,1
wisdom,1
hostility,1
recall,1
hardnosed,1
employ,1
later,1
figure,1
bring,1
interference,1
wanting,1
groups,1
malicht,1
across,1
short,1
adds,1
blames,1
ideology,1
labors,1
how,1
launch,1
respectably,1
claimed,1
oiled,1
irony,1
does,1
schemes,1
qualifies,1
textured,1
effective,1
liability,1
entity,1
ideal,1
struggled,1
legitimate,1
charts,1
male,1
overstated,1
sway,1
enfeebled,1
affirming,1
e,1
referred,1
meanwhile,1
dimensions,1
circles,1
measures,1
lost,1
frequently,1
bloc,1
ultimate,1
pointed,1
minimum,1
began,1
mainstream,1
notably,1
convict,1
indicates,1
belied,1
earlier,1
dismal,1
manifest,1
passing,1
similar,1
unprecedented,1
just,1
employees,1
articulating,1
group,1
derived,1
direct,1
paradigmatic,1
startlingly,1
slippery,1
testifies,1
institutionalized,1
difference,1
phrase,1
clayton,1
use,1
mobility,1
white,1
picked,1
represents,1
cases,1
reforms,1
conducting,1
achieve,1
frank,1
frontier,1
depicted,1
outreach,1
associate,1
moreover,1
absorbed,1
patriarchalism,1
gauntlet,1
supposed,1
edited,1
generating,1
unfortunately,1
h,1
interpretation,1
support,1
centuries,1
antagonism,1
modern,1
rulings,1
americans,1
opportunities,1
johns,1
fit,1
face,1
remains,1
flirtation,1
studies,1
nostrums,1
behave,1
presidential,1
suspicious,1
serve,1
keynesianism,1
fought,1
want,1
immigrant,1
latter,1
depoliticization,1
realities,1
considered,1
increased,1
activist,1
socialists,1
inconsistencies,1
disastrous,1
quite,1
organization,1
family,1
favorable,1
fixed,1
thesis,1
glickstein,1
harmony,1
familiar,1
scientists,1
prejudice,1
states,1
commentators,1
included,1
victories,1
emergence,1
proponents,1
certain,1
eventually,1
question,1
aversion,1
cornell,1
light,1
assistance,1
actually,1
consciousness,1
historian,1
clarion,1
following,1
same,1
shifting,1
n,1
traces,1
motivated,1
operates,1
add,1
about,1
peoples,1
these,1
organize,1
accordingly,1
turning,1
age,1
unjust,1
efficacy,1
two,1
reliance,1
mine,1
fashioned,1
ever,1
noted,1
increasingly,1
demarcation,1
chastened,1
continues,1
cast,1
comparisons,1
connecting,1
curbing,1
sector,1
avoided,1
considers,1
rival,1
regardless,1
notions,1
facing,1
paid,1
exist,1
compensates,1
worst,1
simplifies,1
organizations,1
occupational,1
ensnaring,1
critiques,1
sweatshops,1
compensation,1
production,1
here,1
rendered,1
left,1
law,1
established,1
exclusive,1
potential,1
reiterating,1
equated,1
theory,1
dominant,1
ii,1
technique,1
attempts,1
conditions,1
concentrated,1
achievable,1
again,1
unremitting,1
producerism,1
treatment,1
punish,1
advocated,1
similarly,1
fluid,1
harmonious,1
l,1
dissatisfied,1
principle,1
many,1
endurance,1
semiand,1
headquarters,1
proprietorship,1
paper,1
efforts,1
legislative,1
speaks,1
words,1
different,1
thus,1
expanding,1
shows,1
board,1
overwhelming,1
allow,1
se,1
conduct,1
ubiquitous,1
secondary,1
usually,1
workingclass,1
materialist,1
uneasy,1
develops,1
remuneration,1
fortunes,1
public,1
conservative,1
fascination,1
railroad,1
republicanism,1
beliefs,1
confusion,1
wrote,1
dubofsky,1
spokesman,1
differences,1
six,1
treatments,1
pittance,1
inquiry,1
insightful,1
rich,1
effort,1
follows,1
easily,1
larger,1
formation,1
job,1
intellectuals,1
thinking,1
reveal,1
events,1
boycotts,1
end,1
dubofksy,1
dean,1
granting,1
worker,1
strikebreakers,1
francisco,1
deemed,1
i,1
placing,1
prounion,1
mass,1
coiner,1
ethos,1
appeared,1
works,1
term,1
better,1
mind,1
readers,1
critically,1
well,1
societal,1
usual,1
precisely,1
keynes,1
reserved,1
staff,1
informed,1
though,1
thickly,1
divisiveness,1
wit,1
explanations,1
what,1
halls,1
promoters,1
return,1
segregated,1
overarching,1
jennings,1
purposes,1
aspects,1
protections,1
hitch,1
accepted,1
receives,1
appears,1
whether,1
recently,1
celebrated,1
form,1
less,1
involvement,1
issue,1
richly,1
keynesian,1
spoke,1
occasional,1
practice,1
congressional,1
contesting,1
opportunistic,1
perhaps,1
collaborate,1
weinstein,1
judicial,1
dwelling,1
governmental,1
ideological,1
subtlety,1
required,1
silenced,1
assault,1
find,1
problem,1
formulation,1
method,1
weak,1
fault,1
exemptions,1
draws,1
paved,1
chines,1
hopkins,1
number,1
free,1
thoroughness,1
wants,1
heed,1
sexual,1
poststructuralists,1
draw,1
mushroomed,1
strikes,1
electing,1
equal,1
cloth,1
can,1
representatives,1
antipartyism,1
chapter,1
boosting,1
u,1
unmanly,1
die,1
some,1
nuances,1
coherent,1
determined,1
private,1
understanding,1
agreed,1
aptly,1
literature,1
evolving,1
echoes,1
throw,1
aspirations,1
election,1
injunctions,1
treated,1
xi,1
ends,1
made,1
move,1
occupy,1
recognizing,1
vote,1
vital,1
possible,1
values,1
women,1
claim,1
future,1
adamson,1
defied,1
region,1
significantly,1
brought,1
rally,1
met,1
militants,1
attacked,1
chides,1
determinedly,1
shopfloor,1
civil,1
content,1
calls,1
layered,1
referendum,1
nation,1
means,1
african,1
supreme,1
totally,1
turns,1
intended,1
findings,1
step,1
elections,1
simply,1
assumptions,1
securing,1
forged,1
significant,1
loss,1
fore,1
conventional,1
impact,1
realm,1
warfare,1
tracing,1
per,1
discussions,1
demanding,1
place,1
numerous,1
conciliatory,1
singled,1
engaging,1
gloss,1
congress,1
mention,1
dublin,1
people,1
ideas,1
vistas,1
writing,1
questions,1
producership,1
evolution,1
punishing,1
build,1
goal,1
rewarding,1
antilabor,1
advertisers,1
lead,1
come,1
were,1
energies,1
raising,1
stops,1
office,1
affiliation,1
bargaining,1
consumption,1
purchased,1
improvements,1
hardened,1
understandings,1
contribution,1
preparing,1
achieving,1
involves,1
showing,1
eventual,1
platform,1
unleashed,1
severe,1
gendered,1
difficulties,1
immediate,1
utopian,1
development,1
knew,1
received,1
open,1
intractable,1
generate,1
cambridge,1
run,1
professor,1
discovered,1
initiated,1
strongest,1
organizable,1
imperative,1
moral,1
illinois,1
scrutiny,1
modem,1
consulted,1
shortcomings,1
flagged,1
messages,1
formal,1
executives,1
publication,1
language,1
discursive,1
agent,1
superbly,1
suffused,1
invocation,1
interest,1
logic,1
wariness,1
agreeing,1
wielding,1
contributed,1
manufacturers,1
raises,1
divisions,1
touches,1
granted,1
destinies,1
characterized,1
protective,1
d,1
encasing,1
hard,1
period,1
so,1
countered,1
assured,1
wards,1
distinction,1
already,1
lessening,1
outlawing,1
politically,1
dissipating,1
prosperity,1
order,1
complicate,1
kept,1
barons,1
locate,1
after,1
turn,1
decently,1
unity,1
amorphous,1
readier,1
pluralistic,1
desires,1
provides,1
dignity,1
lending,1
thomas,1
elements,1
involved,1
stark,1
speculative,1
definitive,1
ships,1
restricting,1
small,1
calling,1
softened,1
mitchell,1
autonomy,1
influence,1
stabilized,1
deserved,1
special,1
offered,1
consensus,1
labels,1
few,1
subjects,1
purely,1
distrusted,1
rested,1
ithaca,1
plank,1
concert,1
comfort,1
certainly,1
anthracite,1
reads,1
pamphleteer,1
defeating,1
become,1
thereby,1
decline,1
c,1
enabled,1
assertive,1
xvi,1
convinces,1
third,1
single,1
right,1
upbringing,1
telling,1
corporations,1
influences,1
employers,1
retailers,1
abreast,1
loyalty,1
vein,1
warned,1
conveyed,1
trades,1
visible,1
seeking,1
disclaiming,1
up,1
y,1
progress,1
working,1
ownership,1
abandoned,1
traditional,1
successes,1
focus,1
critique,1
woodrow,1
marks,1
need,1
strong,1
seek,1
chase,1
than,1
prerequisites,1
risked,1
walsh,1
socialism,1
controversial,1
skill,1
battle,1
sent,1
roles,1
unskilled,1
immigration,1
entanglement,1
race,1
according,1
behind,1
enjoy,1
court,1
meshed,1
battles,1
collaborated,1
