WORDCOUNTS,WEIGHT
the,151
of,108
a,72
to,62
and,54
in,41
hollinger,33
that,23
is,23
as,21
he,20
for,20
p,20
postethnic,17
on,16
his,14
s,14
which,14
america,13
american,12
this,12
history,11
it,10
multiculturalism,10
ethnic,10
not,9
with,9
from,9
pentagon,9
perspective,9
be,9
communities,8
an,8
cultural,8
one,7
by,7
identities,7
diversity,7
between,7
white,6
book,6
are,6
based,6
while,6
its,6
affiliation,6
ethnicity,6
david,6
we,6
united,5
into,5
but,5
also,5
historical,5
what,5
has,5
well,5
italian,5
categories,5
work,5
would,5
than,5
at,4
states,4
americans,4
rather,4
groups,4
their,4
vecoli,4
or,4
descent,4
culture,4
victimization,4
cultures,4
global,4
might,4
new,4
racial,4
upon,4
identity,4
such,4
my,4
author,4
rooted,4
although,4
nations,3
affiliations,3
rights,3
does,3
european,3
act,3
been,3
recognizes,3
ethnos,3
multiculturalists,3
notion,3
haley,3
class,3
involuntary,3
odyssey,3
was,3
these,3
multicultural,3
blocs,3
constructed,3
more,3
principle,3
choice,3
how,3
pennsylvania,3
reviews,3
terms,3
persons,3
see,3
basis,3
nation,3
denies,3
people,3
human,3
were,3
own,3
since,3
against,3
paradigm,3
have,3
national,3
voluntary,3
black,3
dutch,3
pluralism,3
even,3
race,3
may,2
common,2
within,2
economic,2
strives,2
commitment,2
program,2
basic,2
ethnicities,2
particularity,2
poor,2
appears,2
they,2
studies,2
rudolph,2
about,2
respect,2
pp,2
thought,2
biology,2
university,2
immigrants,2
policy,2
traces,2
source,2
diasporic,2
being,2
beyond,2
social,2
lack,2
universalism,2
primordial,2
index,2
heritage,2
business,2
view,2
pluralist,2
all,2
j,2
had,2
other,2
ideological,2
out,2
demands,2
personal,2
real,2
past,2
there,2
ancestry,2
just,2
particularism,2
cosmopolitanism,2
political,2
suffering,2
california,2
poverty,2
reading,2
stock,2
orthodoxy,2
population,2
prefers,2
horace,2
however,2
seventies,2
when,2
wonders,2
politics,2
middle,2
both,2
example,2
calls,2
dynamic,2
chooses,2
himself,2
subject,2
identifies,2
melting,2
refers,2
allows,2
learned,2
our,2
question,2
endorsement,2
solidarities,2
september,2
essay,2
individual,2
many,2
kallen,2
defined,2
classification,2
races,2
become,2
part,2
pot,2
immigration,2
major,2
society,2
increasing,1
model,1
problem,1
cite,1
entitled,1
will,1
locates,1
conjuring,1
racialization,1
speculate,1
affirms,1
rate,1
racism,1
recognized,1
adequate,1
york,1
declaration,1
reduced,1
obligations,1
today,1
equality,1
raise,1
criticism,1
africa,1
hopes,1
without,1
generalization,1
science,1
dilemma,1
movements,1
gather,1
distinction,1
action,1
commentary,1
democracy,1
dictate,1
vision,1
consent,1
adds,1
respectful,1
toward,1
faults,1
enables,1
prose,1
ethnicracial,1
shibboleth,1
employment,1
posits,1
everyone,1
decades,1
distress,1
espouses,1
protestant,1
pluralists,1
conundrum,1
interdependence,1
percenters,1
process,1
red,1
brings,1
blurb,1
community,1
bloc,1
signaled,1
conceives,1
itself,1
recognizing,1
constitution,1
force,1
americana,1
synthetic,1
publisher,1
church,1
humanity,1
initially,1
grew,1
facile,1
certain,1
group,1
movement,1
tracing,1
reflection,1
sixties,1
ongoing,1
denied,1
latinos,1
guarantor,1
fate,1
nonethnic,1
properly,1
analysis,1
uncomfortable,1
diversification,1
coherence,1
live,1
alleged,1
distinguishing,1
composed,1
education,1
english,1
elaboration,1
solidarity,1
interpretation,1
housing,1
violence,1
criticizes,1
obstacle,1
contemplating,1
articles,1
circle,1
struggle,1
colloquial,1
maintaining,1
country,1
bad,1
immigrant,1
latter,1
under,1
equally,1
challenged,1
protection,1
us,1
entry,1
family,1
neither,1
established,1
seems,1
peaceable,1
presents,1
share,1
jacqueline,1
alex,1
inequality,1
yellow,1
home,1
shadow,1
rarely,1
observing,1
linked,1
biographical,1
liberal,1
essential,1
consciousness,1
appear,1
following,1
former,1
reified,1
squares,1
impulse,1
declares,1
ed,1
conclusion,1
screeds,1
argued,1
efficacy,1
most,1
two,1
department,1
contradiction,1
simply,1
democratic,1
invoked,1
came,1
maggio,1
paradox,1
contemplates,1
only,1
voluntarism,1
exit,1
either,1
carve,1
slough,1
objects,1
skillful,1
fluctuating,1
favors,1
regardless,1
specific,1
obstacles,1
proposes,1
long,1
balancing,1
provide,1
requires,1
certainly,1
container,1
name,1
temperate,1
appealing,1
cohesiveness,1
affirmative,1
alternative,1
injustice,1
ii,1
give,1
colors,1
association,1
outcome,1
defining,1
others,1
fragmentation,1
dimension,1
enters,1
pastes,1
attempt,1
over,1
ecological,1
foresees,1
fluid,1
intellectual,1
agenda,1
freely,1
bonedeep,1
inequities,1
transnational,1
nature,1
present,1
grow,1
grandfather,1
efforts,1
conformity,1
formidable,1
different,1
fact,1
company,1
falling,1
possibilities,1
subscribes,1
idea,1
consideration,1
separation,1
ushering,1
seem,1
logjams,1
tradition,1
xii,1
could,1
leaders,1
accommodate,1
striking,1
fortunes,1
assertion,1
entitlements,1
reversible,1
together,1
aegis,1
desire,1
entering,1
great,1
beliefs,1
constructions,1
exclusion,1
minnesota,1
inevitably,1
effort,1
parting,1
break,1
subscribe,1
transforms,1
hundred,1
composition,1
end,1
owe,1
debates,1
light,1
religion,1
previously,1
noting,1
attains,1
compensate,1
fashion,1
succeeding,1
seldom,1
accepts,1
observes,1
folks,1
serious,1
ethos,1
institutionalizes,1
assessment,1
overlooked,1
prescription,1
enactment,1
forms,1
historicity,1
readers,1
enough,1
hand,1
greatly,1
growing,1
insistent,1
do,1
learn,1
those,1
intermixture,1
principal,1
classified,1
contrasting,1
born,1
valiantly,1
alike,1
underclass,1
discussing,1
committed,1
war,1
reversion,1
professes,1
johns,1
affirm,1
stopped,1
poses,1
context,1
hardens,1
particular,1
side,1
scale,1
placed,1
blaming,1
kutler,1
core,1
cautioning,1
tolerant,1
books,1
wide,1
approvingly,1
threats,1
hopkins,1
symbolically,1
mentioned,1
randolph,1
day,1
rests,1
right,1
victims,1
failure,1
diversities,1
local,1
account,1
placement,1
quinquepartite,1
credit,1
some,1
emphasis,1
distinguish,1
dismantling,1
moralistic,1
flourish,1
extended,1
freedom,1
discussion,1
africanamerican,1
shared,1
traced,1
implement,1
erased,1
reduce,1
multiculturalist,1
appreciates,1
reasoned,1
doctrines,1
move,1
strict,1
cliche,1
values,1
speculates,1
inimical,1
repetition,1
reader,1
future,1
recognition,1
trajectory,1
multiple,1
say,1
crude,1
regards,1
including,1
enormous,1
whites,1
conception,1
sufficiently,1
press,1
introduces,1
finding,1
elite,1
irish,1
data,1
caught,1
whatever,1
impose,1
rigid,1
rigidification,1
approve,1
path,1
democraticegalitarian,1
bulwark,1
west,1
discussions,1
permanent,1
policies,1
describes,1
unity,1
epistemic,1
memories,1
congress,1
ideas,1
placing,1
labor,1
regarding,1
canadian,1
statistics,1
prerequisite,1
goal,1
kingdom,1
injustices,1
examination,1
includes,1
time,1
throughout,1
come,1
chosen,1
review,1
formation,1
layers,1
initiatives,1
historically,1
spirited,1
finally,1
artifact,1
years,1
backlash,1
status,1
difference,1
primo,1
cynicism,1
challenging,1
revocable,1
polity,1
truths,1
aware,1
three,1
exposition,1
reality,1
bodily,1
twentieth,1
originated,1
assignment,1
silent,1
write,1
citing,1
accept,1
approving,1
trap,1
makes,1
ireland,1
logic,1
crisis,1
good,1
prevents,1
published,1
offer,1
joined,1
mixed,1
needed,1
ethnocentrism,1
inequalities,1
correct,1
jones,1
hard,1
multiplicity,1
socially,1
rigorously,1
diminish,1
so,1
cold,1
questionable,1
summer,1
workers,1
him,1
high,1
resolving,1
century,1
monocultural,1
attributes,1
static,1
quotes,1
kind,1
understates,1
earlier,1
discourse,1
midst,1
defense,1
event,1
nor,1
shift,1
old,1
antidiscrimination,1
observances,1
rejecting,1
times,1
indictment,1
influence,1
separatism,1
sufficient,1
refreshing,1
shapes,1
labels,1
blacks,1
state,1
back,1
coercive,1
article,1
reconciles,1
resolution,1
independence,1
holds,1
stanley,1
insists,1
civic,1
caucasian,1
essentially,1
compared,1
respectively,1
consciously,1
third,1
effect,1
despair,1
coast,1
era,1
division,1
debate,1
structure,1
raised,1
hybrid,1
up,1
inability,1
capitalism,1
bourne,1
participant,1
journal,1
crediting,1
practically,1
critique,1
much,1
ground,1
versus,1
invented,1
expresses,1
among,1
landmark,1
looms,1
tendency,1
cosmopolitan,1
recent,1
notes,1
beings,1
indistinguishable,1
encyclopedia,1
should,1
entraps,1
embodied,1
scanty,1
encompassing,1
feeling,1
close,1
tragic,1
questioning,1
brown,1
entertains,1
species,1
complicates,1
repays,1
perils,1
heterogeneous,1
elegance,1
