WORDCOUNTS,WEIGHT
the,219
and,152
of,139
to,83
in,67
a,48
films,43
by,33
that,31
as,29
hollywood,26
with,24
doherty,20
were,20
for,18
they,17
these,17
code,17
movies,17
or,16
p,16
on,16
film,14
american,14
is,14
not,14
was,14
could,14
at,12
no,12
about,12
its,12
which,12
an,11
from,11
it,10
how,10
cinema,10
sex,10
their,10
movie,10
what,10
public,10
who,9
into,9
but,9
more,9
are,9
s,9
sexual,9
industry,9
be,9
americans,8
audiences,8
political,8
racial,8
censorship,8
pca,8
have,8
would,8
might,7
all,7
leaders,7
genre,7
nation,7
than,7
book,6
horror,6
he,6
matter,6
one,6
history,6
producers,6
first,6
also,6
production,6
time,6
out,6
do,6
context,6
made,6
politics,6
ross,6
this,6
even,6
vice,6
criminal,5
why,5
studies,5
under,5
former,5
filmmakers,5
us,5
any,5
two,5
power,5
had,5
scholars,5
did,5
great,5
government,5
new,5
historical,5
other,5
reviews,5
can,5
subject,5
screen,5
such,5
era,5
like,5
when,5
will,4
forces,4
his,4
if,4
economic,4
often,4
federal,4
pp,4
we,4
bad,4
university,4
sphere,4
impact,4
people,4
over,4
historians,4
moral,4
cultural,4
studio,4
where,4
woman,4
because,4
women,4
some,4
mppda,4
issues,4
exposed,4
good,4
d,4
theaters,4
catholic,4
especially,4
problems,4
back,4
between,4
left,4
prison,4
newspapers,3
way,3
ways,3
indeed,3
opinion,3
forced,3
fantasies,3
portrayals,3
theater,3
adventure,3
control,3
violence,3
habermas,3
read,3
evil,3
around,3
matters,3
culture,3
insights,3
most,3
june,3
injustice,3
set,3
greater,3
j,3
contained,3
daily,3
right,3
against,3
brothers,3
deal,3
events,3
boycotts,3
state,3
discourses,3
take,3
i,3
gangster,3
big,3
them,3
produced,3
system,3
particular,3
outside,3
threats,3
motion,3
while,3
trade,3
analysis,3
having,3
understanding,3
popular,3
world,3
upon,3
say,3
sin,3
press,3
simply,3
island,3
corrupt,3
contemporary,3
repeatedly,3
questions,3
ethnic,3
sees,3
years,3
picture,3
studios,3
although,3
so,3
censors,3
high,3
off,3
life,3
never,3
offered,3
depression,3
radio,3
working,3
much,3
among,3
offers,3
leadership,3
crime,3
marx,3
society,3
subversive,2
appeal,2
final,2
led,2
relationship,2
may,2
adultery,2
south,2
quo,2
foreign,2
corruption,2
sing,2
concern,2
explain,2
whatever,2
seen,2
july,2
still,2
dealt,2
examined,2
make,2
layman,2
comments,2
sympathetic,2
southern,2
plots,2
religious,2
overthrow,2
insurrectionist,2
frank,2
gangsters,2
enforced,2
portrayed,2
get,2
actions,2
blonde,2
solutions,2
jiirgen,2
familiar,2
talk,2
ordered,2
before,2
realities,2
radical,2
gregory,2
house,2
indian,2
threat,2
peoples,2
age,2
brutal,2
powerful,2
readings,2
social,2
text,2
critiques,2
groups,2
fell,2
wisecracking,2
faced,2
again,2
others,2
appeared,2
obscene,2
action,2
many,2
nature,2
steven,2
different,2
principles,2
interested,2
blamed,2
reform,2
exotic,2
feared,2
job,2
scenes,2
fallen,2
real,2
examining,2
help,2
featured,2
horse,2
men,2
took,2
those,2
chain,2
same,2
regulations,2
heads,2
less,2
see,2
sound,2
lines,2
material,2
ed,2
rich,2
important,2
perhaps,2
monster,2
find,2
framing,2
money,2
incompetence,2
free,2
america,2
shape,2
chapter,2
local,2
agreed,2
learn,2
watched,2
revealed,2
work,2
lost,2
bodies,2
strict,2
range,2
clean,2
west,2
themes,2
part,2
individual,2
breen,2
immoral,2
content,2
freaks,2
insurrection,2
administration,2
gang,2
impulses,2
morality,2
figures,2
writing,2
business,2
daring,2
our,2
come,2
brownbeck,2
question,2
massacre,2
until,2
kind,2
status,2
ignored,2
run,2
professor,2
genres,2
three,2
traditional,2
approach,2
language,2
washington,2
author,2
beyond,2
responses,2
course,2
immorality,2
times,2
lively,2
presented,2
hard,2
need,2
general,2
sense,2
filled,2
offer,2
down,2
black,2
midst,2
thomas,2
least,2
subjects,2
news,2
trying,2
inspired,2
civic,2
become,2
decline,2
c,2
viewers,2
enjoyed,2
up,2
given,2
present,2
souls,2
cinematic,2
strong,2
thunder,2
close,2
tragic,2
variety,2
limiting,1
barbara,1
temporarily,1
critics,1
frequent,1
dealing,1
higher,1
alphabet,1
impunity,1
increasing,1
go,1
civilization,1
breasts,1
happen,1
impressionable,1
ministers,1
now,1
abolition,1
challenge,1
customers,1
relying,1
discussing,1
shootings,1
interesting,1
possessed,1
concept,1
states,1
sermons,1
capone,1
second,1
sovereign,1
avoids,1
wishes,1
indigenous,1
york,1
soft,1
walsh,1
understands,1
moguls,1
tread,1
challengelaunched,1
scores,1
protest,1
absence,1
costs,1
various,1
heroes,1
addenda,1
estimated,1
independent,1
continued,1
journey,1
brandeis,1
gabriel,1
via,1
concerned,1
faith,1
bulk,1
adopt,1
figure,1
interference,1
meaning,1
lots,1
been,1
goose,1
answered,1
toned,1
unwilling,1
buy,1
guerilla,1
vision,1
mosaic,1
lurid,1
columbine,1
angeles,1
l,1
watch,1
created,1
program,1
dictators,1
basic,1
does,1
influential,1
exacerbated,1
scarier,1
tantalized,1
vertical,1
acknowledged,1
citizens,1
brief,1
chandra,1
keepers,1
debates,1
nearly,1
revolutionary,1
revenues,1
female,1
cohort,1
girl,1
intriguing,1
responded,1
wiring,1
therefore,1
reviving,1
warner,1
means,1
mansions,1
worker,1
completely,1
army,1
politicians,1
killing,1
ultimate,1
goes,1
federation,1
judgment,1
upward,1
asian,1
technically,1
returned,1
expanded,1
heard,1
associate,1
unsanctified,1
expeditionary,1
specific,1
los,1
publisher,1
similar,1
instituting,1
conversion,1
constituted,1
greed,1
nudity,1
police,1
movement,1
center,1
generally,1
executive,1
socialite,1
needed,1
kimono,1
seemingly,1
replaced,1
evinced,1
mix,1
jesuit,1
changes,1
positive,1
authoritarian,1
study,1
adventures,1
mobility,1
illustrations,1
allegedly,1
medium,1
corrupting,1
fall,1
united,1
congressional,1
formed,1
likely,1
conspiring,1
slant,1
litany,1
respect,1
gave,1
jargon,1
lea,1
murder,1
pleasures,1
auspices,1
mentor,1
fantasy,1
atmosphere,1
flocked,1
rising,1
pressing,1
mean,1
face,1
marchers,1
discussed,1
perceptions,1
respectability,1
bank,1
appendixes,1
paying,1
rawness,1
voyeuristic,1
mentality,1
conscious,1
joseph,1
wages,1
regularly,1
wanted,1
clergy,1
legitimizing,1
considered,1
god,1
decry,1
official,1
stifling,1
protection,1
respond,1
animalmen,1
western,1
talking,1
index,1
school,1
seas,1
necessarily,1
undertook,1
trinity,1
neglected,1
acting,1
unrewarded,1
authorities,1
leff,1
home,1
dictator,1
falls,1
psychic,1
total,1
overturning,1
then,1
abuses,1
perspectives,1
richer,1
sum,1
complete,1
just,1
girls,1
ridiculed,1
growing,1
lord,1
fantasize,1
something,1
africa,1
unemployed,1
experts,1
tensions,1
process,1
golden,1
primitive,1
thorny,1
al,1
argued,1
changing,1
listed,1
raise,1
updated,1
craze,1
turning,1
provocative,1
four,1
dalliance,1
expenditures,1
bureau,1
regulated,1
wear,1
begins,1
geographic,1
jekyll,1
potential,1
horizontal,1
lower,1
being,1
mukerji,1
cabin,1
jerold,1
fact,1
rise,1
anything,1
deferred,1
elicited,1
fugitive,1
baby,1
query,1
stars,1
sometimes,1
journalist,1
perceptively,1
depoliticizing,1
explaining,1
affairs,1
office,1
double,1
useful,1
cotton,1
masses,1
notions,1
administrators,1
sam,1
sources,1
wrong,1
barriers,1
textual,1
worst,1
laid,1
rather,1
members,1
requires,1
certainly,1
leader,1
heroic,1
exploitation,1
creation,1
judicial,1
posed,1
megalomaniacal,1
siding,1
answers,1
constitutionalism,1
human,1
voices,1
plight,1
church,1
law,1
writes,1
unvarnished,1
exception,1
continues,1
likewise,1
respected,1
give,1
devastating,1
sequences,1
links,1
strategy,1
expand,1
drawing,1
compliment,1
view,1
performed,1
myths,1
usual,1
identified,1
reveal,1
capitalists,1
ask,1
authority,1
disappeared,1
oppositional,1
prisoners,1
perfected,1
addition,1
scientists,1
raw,1
paper,1
uses,1
racy,1
officials,1
comedy,1
television,1
suggestions,1
likes,1
couvares,1
longer,1
forestalled,1
lack,1
ratings,1
shaped,1
lawyers,1
nickelodeons,1
aftermath,1
walk,1
treatment,1
included,1
innuendoes,1
capital,1
best,1
unknown,1
paramount,1
areas,1
reexamined,1
usually,1
advantage,1
restrictive,1
appearance,1
striking,1
critic,1
found,1
insults,1
pressure,1
strapped,1
poverty,1
agree,1
prominence,1
transported,1
critically,1
catholics,1
famous,1
skulking,1
regulation,1
grounding,1
gives,1
effected,1
pretty,1
producing,1
placing,1
suppressed,1
confront,1
shot,1
true,1
ridicule,1
xiii,1
orders,1
revolting,1
plagued,1
john,1
curiosity,1
enemy,1
clause,1
discussions,1
getting,1
religion,1
features,1
precode,1
benefit,1
bonnie,1
proved,1
insisting,1
bizarre,1
risk,1
man,1
director,1
accept,1
emotionally,1
almost,1
convert,1
observes,1
preyed,1
mined,1
reasons,1
focus,1
headlines,1
mutated,1
term,1
argues,1
threatening,1
merely,1
tracking,1
plantation,1
glory,1
academic,1
mind,1
hint,1
written,1
entertain,1
stuff,1
well,1
danger,1
dillinger,1
charged,1
stand,1
following,1
dismissing,1
mr,1
raised,1
everyday,1
peaceful,1
remarkable,1
captive,1
ethnics,1
berra,1
california,1
killed,1
alike,1
wage,1
reading,1
caesar,1
tribes,1
bonus,1
silence,1
incarcerated,1
economy,1
johns,1
attack,1
assess,1
daniel,1
leonard,1
lands,1
excellent,1
setting,1
whether,1
recently,1
prosperity,1
youths,1
beaten,1
offering,1
capitalism,1
michael,1
ones,1
parables,1
several,1
intelligent,1
unveiled,1
stanwyck,1
character,1
occasional,1
placed,1
clyde,1
however,1
flaws,1
presided,1
multiple,1
dr,1
misshapen,1
your,1
reactions,1
plain,1
proverbial,1
native,1
embracing,1
ripe,1
earners,1
seders,1
create,1
quigley,1
problem,1
dfit,1
sell,1
has,1
professionals,1
jacobs,1
staving,1
listen,1
guidelines,1
chief,1
hopkins,1
number,1
sought,1
chair,1
version,1
day,1
thousands,1
march,1
glorification,1
desires,1
cloth,1
explored,1
hyde,1
balance,1
desperate,1
yogi,1
shaping,1
mediocre,1
credit,1
powered,1
emphasis,1
possible,1
analyzed,1
private,1
desexualization,1
technologies,1
greatest,1
reprinted,1
enforcement,1
activity,1
categories,1
patriotism,1
millions,1
discussion,1
frightens,1
father,1
eliminated,1
knew,1
sale,1
heralded,1
place,1
implement,1
paraphrase,1
unseen,1
solely,1
own,1
completed,1
remember,1
level,1
alterations,1
gatherings,1
occasionally,1
prohibition,1
add,1
crossed,1
sanitized,1
rescued,1
reader,1
undergraduates,1
formal,1
trader,1
agencies,1
met,1
little,1
advancement,1
warden,1
passover,1
competing,1
example,1
civil,1
simmonds,1
laws,1
calls,1
narrows,1
vexing,1
education,1
due,1
scandal,1
popularity,1
polemical,1
promiscuity,1
unleash,1
look,1
unbridled,1
plans,1
criticized,1
temperatures,1
mummy,1
got,1
controlling,1
territory,1
confronted,1
year,1
use,1
wholesome,1
unfortunately,1
vieira,1
describe,1
freedom,1
audience,1
largely,1
bali,1
during,1
puns,1
horn,1
bankruptcy,1
images,1
francis,1
behavior,1
vengeful,1
praise,1
taught,1
aesthetics,1
smartly,1
collective,1
inspire,1
challenges,1
indians,1
nurturing,1
academics,1
pole,1
ideas,1
pleasure,1
long,1
fine,1
hierarchy,1
dislocation,1
think,1
periodicals,1
story,1
fails,1
restraint,1
thus,1
historicizing,1
prey,1
stay,1
advertising,1
spends,1
proliferation,1
molded,1
guard,1
collapse,1
schudson,1
distributors,1
rethinking,1
newspaper,1
comedians,1
stark,1
vu,1
internal,1
disorder,1
shown,1
manner,1
tyrannical,1
exhibitors,1
youth,1
explained,1
pictures,1
teenagers,1
unable,1
leastis,1
both,1
comparing,1
massacres,1
rendered,1
bent,1
engendered,1
since,1
holy,1
monsters,1
jolson,1
eddie,1
there,1
demanded,1
censored,1
analyzing,1
stories,1
cantor,1
september,1
eccentric,1
liaisons,1
executives,1
violated,1
personalities,1
jazz,1
points,1
agent,1
interest,1
faculty,1
urge,1
tool,1
downtrodden,1
entendres,1
agreeing,1
change,1
wholesale,1
ridiculing,1
relatively,1
workers,1
grinding,1
domain,1
moment,1
scarface,1
accused,1
adopted,1
instead,1
enjoying,1
reformist,1
allowed,1
judges,1
dame,1
publications,1
field,1
socially,1
rigorously,1
current,1
diminish,1
willing,1
questionable,1
restore,1
wildly,1
cautionary,1
dubbed,1
revolution,1
pay,1
seeming,1
played,1
values,1
senator,1
next,1
you,1
box,1
politically,1
ended,1
uplift,1
attendance,1
order,1
limitations,1
progressive,1
illicit,1
modest,1
eliminating,1
sexuality,1
competition,1
martin,1
comedies,1
saved,1
par,1
association,1
traumas,1
latter,1
salacious,1
blame,1
family,1
spent,1
small,1
financially,1
class,1
mae,1
document,1
educational,1
turned,1
profits,1
facing,1
blacks,1
arena,1
include,1
star,1
construct,1
highly,1
tells,1
thing,1
priest,1
response,1
assumed,1
columbia,1
mark,1
satisfaction,1
cranks,1
agents,1
young,1
madness,1
adhere,1
capra,1
radicals,1
ladder,1
codes,1
greatly,1
topics,1
seems,1
enjoy,1
succeeded,1
crusade,1
chicago,1
effect,1
frankenstein,1
truly,1
impotence,1
dedicated,1
heavy,1
condemned,1
early,1
asks,1
virgins,1
explore,1
kill,1
strikes,1
exclusively,1
within,1
unpunished,1
silent,1
analyze,1
characters,1
white,1
refrained,1
revolted,1
protagonist,1
mankind,1
productions,1
abandoned,1
looked,1
plot,1
selfcensorship,1
proper,1
immediately,1
plummeted,1
recapitulate,1
maintained,1
marks,1
seltzer,1
tales,1
explains,1
recent,1
notes,1
observed,1
beauty,1
spraying,1
beings,1
value,1
guardians,1
newly,1
virtue,1
whites,1
controversial,1
theatrical,1
criminals,1
discovers,1
achieve,1
penal,1
fostering,1
subversion,1
dracula,1
luring,1
am,1
rotten,1
race,1
valuable,1
massive,1
unsatisfied,1
incumbent,1
evidence,1
embraces,1
justice,1
verve,1
actor,1
seemed,1
domestically,1
siege,1
jungles,1
baseball,1
anglo,1
