WORDCOUNTS,WEIGHT
the,331
of,162
peace,146
and,139
to,135
in,93
a,60
s,50
that,48
war,47
for,41
american,38
movement,35
as,35
was,34
lieberman,33
with,31
on,30
is,28
communist,27
by,26
communists,26
p,24
it,23
were,21
have,21
or,20
her,19
their,18
more,18
from,18
had,17
this,17
not,17
at,16
history,16
did,16
cold,15
organizations,15
efforts,14
new,14
what,14
work,13
she,13
activists,12
communism,12
be,12
they,11
one,11
has,10
but,10
been,10
an,10
against,9
than,9
no,9
how,9
civil,9
its,9
curti,9
which,9
who,9
freedom,9
became,9
national,9
all,8
within,8
issue,8
out,8
party,8
any,8
over,8
world,8
done,7
struggle,7
groups,7
book,7
wsp,7
government,7
some,7
point,7
sane,7
wilpf,7
pacifists,7
when,7
liberties,7
attacks,7
howlett,7
nuclear,7
like,7
charles,7
story,7
board,7
while,7
women,6
political,6
author,6
forgotten,6
fellow,6
his,6
reviews,6
part,6
issues,6
yet,6
other,6
many,6
end,6
years,6
period,6
travelers,6
are,6
does,5
military,5
those,5
sought,5
such,5
left,5
soviet,5
support,5
organization,5
vietnam,5
view,5
union,5
during,5
grassroots,5
led,5
various,5
time,5
pacifist,5
workers,5
analysis,5
different,5
december,5
leaders,5
very,5
historical,5
cause,5
both,5
early,5
traditional,5
much,5
among,5
way,4
commitment,4
peaceful,4
former,4
nature,4
historians,4
far,4
coexistence,4
about,4
subversive,4
rights,4
americans,4
contributions,4
crusade,4
clearly,4
threat,4
international,4
well,4
public,4
postwar,4
league,4
society,4
he,4
limited,4
culture,4
same,4
these,4
also,4
took,4
change,4
organizers,4
considered,4
them,4
despite,4
role,4
discussion,4
between,4
themselves,4
difficult,3
now,3
introduction,3
muste,3
respectability,3
lewy,3
policy,3
into,3
being,3
able,3
i,3
containment,3
u,3
america,3
liberals,3
activism,3
may,3
university,3
impact,3
generally,3
came,3
based,3
cultural,3
skilled,3
because,3
people,3
social,3
contrast,3
up,3
f,3
battle,3
hold,3
two,3
only,3
fact,3
reform,3
larger,3
where,3
fight,3
mccarthyism,3
upon,3
largely,3
reality,3
so,3
why,3
movements,3
fear,3
lost,3
often,3
itself,3
influencing,3
then,3
associated,3
refused,3
interested,3
disillusionment,3
climate,3
particular,3
merle,3
dream,3
ignored,3
numerous,3
although,3
off,3
campaign,3
little,3
fellowship,3
if,2
later,2
created,2
wonder,2
everyone,2
e,2
told,2
approaches,2
decade,2
position,2
committee,2
promote,2
criticizing,2
test,2
experience,2
posed,2
interests,2
ii,2
give,2
j,2
europe,2
reasons,2
chilling,2
there,2
credibility,2
robeson,2
nowhere,2
case,2
takes,2
preventing,2
morison,2
guenther,2
bases,2
possible,2
politics,2
october,2
resources,2
heretical,2
wallace,2
split,2
throughout,2
collapse,2
development,2
since,2
due,2
regarded,2
moment,2
century,2
progressive,2
elements,2
times,2
syracuse,2
effective,2
alliances,2
even,2
leadership,2
battles,2
strangest,2
wittner,2
without,2
main,2
alonso,2
silencing,2
risk,2
proportion,2
references,2
overlooked,2
moreover,2
antiwar,2
branch,2
just,2
too,2
isolation,2
robbie,2
reconciliation,2
important,2
faced,2
greater,2
troubling,2
could,2
attack,2
ambiguity,2
effort,2
changed,2
criticisms,2
events,2
eliot,2
understood,2
safe,2
however,2
internationalism,2
prominent,2
gave,2
policies,2
forces,2
we,2
president,2
own,2
patriots,2
good,2
tone,2
legacy,2
least,2
revolution,2
quite,2
veteran,2
calling,2
few,2
research,2
decline,2
secrecy,2
dedicated,2
condemned,2
justice,2
actions,2
activities,2
play,2
inclusive,2
intolerance,2
make,2
direction,2
substance,2
once,2
violence,2
treaty,2
security,2
under,2
light,2
asia,2
words,2
insights,2
garland,2
members,2
paul,2
again,2
others,2
ban,2
lack,2
john,2
state,2
niebuhr,2
success,2
hand,2
do,2
less,2
see,2
answer,2
excluding,2
made,2
doomed,2
represented,2
previously,2
debenedetti,2
consult,2
dominated,2
held,2
characterized,2
would,2
played,2
serves,2
presidential,2
problems,2
internal,2
methods,2
structure,2
henry,2
offensive,2
seeking,2
looked,2
discussing,2
continued,2
ideology,2
claimed,2
program,2
detailed,2
force,2
lawrence,2
life,2
hierarchial,2
face,2
founders,2
publicly,2
neglected,2
necessary,2
historian,2
growing,2
must,2
continues,2
organizational,2
offers,2
here,2
set,2
belief,2
respecting,2
best,2
denver,2
infiltration,2
anticommunism,2
works,2
weapons,2
according,2
march,2
involvement,2
suspicions,2
vigorously,2
treasonable,2
almost,2
autocratic,2
boston,2
portraying,2
thereby,2
through,2
press,2
tried,2
respectable,2
went,2
rebels,2
question,2
argues,2
notes,2
samuel,2
finally,2
crisis,2
course,2
contributed,2
association,2
needs,2
specific,2
supported,2
anticommunist,2
should,2
emulate,1
democracy,1
mostly,1
reeling,1
o,1
personally,1
accomplish,1
oriented,1
castigated,1
ethics,1
concerned,1
rev,1
commentary,1
stood,1
nonsecular,1
deserve,1
affected,1
mincing,1
overstated,1
red,1
mar,1
stripped,1
group,1
center,1
large,1
louisville,1
complex,1
achievements,1
perpetuate,1
integrity,1
denied,1
fate,1
tend,1
library,1
coalition,1
candidate,1
isolationist,1
ideals,1
acceptance,1
protection,1
obviousthroughout,1
harmony,1
allies,1
unlike,1
tells,1
postulates,1
arguing,1
fearful,1
negative,1
highlight,1
first,1
member,1
else,1
either,1
explaining,1
inclined,1
undermine,1
foresee,1
sources,1
every,1
creation,1
subscribed,1
researched,1
shapely,1
attempts,1
taken,1
might,1
address,1
encouraged,1
terrain,1
promoting,1
worked,1
liberty,1
fallout,1
containing,1
saves,1
broken,1
estimation,1
great,1
feminism,1
confusion,1
differences,1
farmers,1
narrative,1
senses,1
achievement,1
link,1
harriet,1
concludes,1
providence,1
take,1
real,1
nationalism,1
bick,1
achieved,1
faithful,1
resorting,1
written,1
trouble,1
stand,1
influences,1
raised,1
dangers,1
committed,1
indochina,1
tireless,1
tragedy,1
ad,1
system,1
americanism,1
classic,1
governmental,1
advocates,1
existence,1
subconsciously,1
eastern,1
task,1
weathered,1
matthew,1
primary,1
firm,1
rests,1
victims,1
outlaw,1
pacifism,1
uproot,1
account,1
prior,1
compelling,1
cooperation,1
capitalize,1
planters,1
tortuous,1
shared,1
election,1
duck,1
mutual,1
moscow,1
crossed,1
rid,1
community,1
apart,1
taking,1
say,1
establishment,1
dynamic,1
antimilitarism,1
plenty,1
prevented,1
engage,1
stirring,1
linked,1
human,1
conflict,1
goal,1
thus,1
pen,1
exercises,1
upheld,1
comprehending,1
review,1
relationships,1
historically,1
weakened,1
drastic,1
huac,1
professor,1
dissociate,1
illustrates,1
analyzing,1
realized,1
september,1
silent,1
paradoxically,1
missile,1
interest,1
relatively,1
juxtaposition,1
portray,1
issued,1
facet,1
insisted,1
dealings,1
forced,1
precludes,1
maintaining,1
blame,1
immigrants,1
illuminates,1
evident,1
perspective,1
document,1
tumbled,1
profound,1
travails,1
back,1
differently,1
serving,1
concert,1
displeasure,1
lifestyles,1
weakening,1
helpful,1
toil,1
reared,1
vice,1
peacemaker,1
citizen,1
convictions,1
traditions,1
subversion,1
influence,1
sisters,1
jungles,1
tragically,1
currying,1
defending,1
failed,1
loyal,1
steps,1
seekers,1
seizes,1
recognized,1
york,1
genuinely,1
adjunct,1
antifascism,1
hopes,1
frustration,1
act,1
rather,1
dilemma,1
portrayed,1
nist,1
adds,1
reinhold,1
sort,1
doctrine,1
lasting,1
active,1
deliberately,1
opportunity,1
connected,1
whether,1
humanity,1
institutionalization,1
talk,1
certain,1
leave,1
ongoing,1
shannon,1
obstructionists,1
study,1
enabled,1
danger,1
awareness,1
proclaimed,1
reason,1
rising,1
tower,1
susceptibility,1
changes,1
escape,1
circulated,1
females,1
possibly,1
nobler,1
signed,1
weaves,1
established,1
familiar,1
image,1
organized,1
korea,1
liberal,1
sum,1
director,1
americanists,1
ideologies,1
welfare,1
gradually,1
house,1
vitality,1
quarters,1
upper,1
cousins,1
socialists,1
most,1
resorted,1
show,1
democratic,1
ugly,1
surface,1
statement,1
submerged,1
traitors,1
followed,1
progressives,1
cost,1
stark,1
putting,1
merited,1
instance,1
willing,1
fifties,1
reprisals,1
dominant,1
symbolized,1
opinion,1
strengthen,1
cut,1
appear,1
sixties,1
franz,1
conquest,1
whereas,1
treasurer,1
uses,1
result,1
closely,1
kennedy,1
path,1
harbor,1
locals,1
fortunes,1
opposing,1
found,1
previetnam,1
entered,1
demise,1
hands,1
search,1
color,1
strength,1
lived,1
deal,1
intellectuals,1
compassion,1
realpolitik,1
hopkins,1
worker,1
misimpression,1
endeavor,1
struggles,1
coalitions,1
late,1
further,1
weed,1
buttressed,1
irony,1
supporters,1
though,1
focused,1
stock,1
stressing,1
activist,1
lynchpins,1
produced,1
grounds,1
record,1
xvii,1
taught,1
opposition,1
sacrifice,1
creates,1
package,1
bother,1
none,1
conservatives,1
keeping,1
having,1
participation,1
imprisoned,1
basis,1
future,1
degrees,1
relief,1
literature,1
idealistic,1
bolster,1
hyman,1
reader,1
sept,1
combating,1
competing,1
apparent,1
related,1
nation,1
positions,1
resisters,1
year,1
genuine,1
place,1
broad,1
preparedness,1
jo,1
scare,1
personal,1
justification,1
surrounding,1
swomley,1
philosophically,1
strengthened,1
challenging,1
minds,1
approach,1
subtle,1
unflattering,1
signing,1
momentous,1
brush,1
sense,1
correct,1
successful,1
caused,1
pawned,1
below,1
anger,1
lowest,1
initiates,1
humiliated,1
protest,1
catholic,1
order,1
doomsday,1
squarely,1
sharp,1
midst,1
settlement,1
emerging,1
involved,1
around,1
inextricably,1
chamberlain,1
consensus,1
concerns,1
replace,1
choose,1
revealing,1
acts,1
presence,1
protect,1
boundaries,1
petitions,1
finishing,1
decency,1
resistance,1
paid,1
using,1
altogether,1
persuasions,1
alienated,1
separate,1
duplicitous,1
championed,1
glaringly,1
nations,1
barbara,1
will,1
liberation,1
herein,1
critical,1
sons,1
ironies,1
cuban,1
equality,1
matter,1
nonetheless,1
peekskill,1
scientific,1
aim,1
action,1
affiliations,1
manipulate,1
return,1
stalinists,1
lies,1
brings,1
breath,1
whatever,1
july,1
still,1
above,1
expanded,1
standing,1
bona,1
wind,1
religious,1
tends,1
zeal,1
southeast,1
label,1
confronting,1
sincere,1
communities,1
sympathies,1
interpretation,1
push,1
pp,1
devotion,1
thought,1
evil,1
predecessor,1
technology,1
challenged,1
us,1
index,1
victories,1
home,1
assistance,1
complete,1
skin,1
reprint,1
intense,1
cultivated,1
illustrated,1
forge,1
increasingly,1
lingering,1
functioned,1
published,1
stemmed,1
goals,1
name,1
successfully,1
admit,1
challenge,1
power,1
strike,1
nationalists,1
garrison,1
countercultural,1
added,1
smith,1
secretive,1
shows,1
longer,1
insidious,1
limit,1
preserve,1
scaring,1
head,1
professed,1
our,1
pressure,1
neville,1
beliefs,1
appeared,1
intended,1
disliked,1
really,1
everything,1
prose,1
foster,1
minimize,1
pattern,1
powerless,1
serious,1
eunice,1
patterns,1
outside,1
ivy,1
covered,1
keys,1
continuing,1
affiliate,1
empire,1
tell,1
crisp,1
philistine,1
focusing,1
deep,1
banner,1
weaken,1
dictatorial,1
assault,1
distance,1
style,1
number,1
heed,1
day,1
convenient,1
remained,1
violent,1
another,1
demonstrated,1
understanding,1
mean,1
greatest,1
dolan,1
meaningful,1
secured,1
survive,1
prevention,1
accompanying,1
values,1
aligning,1
formal,1
including,1
arose,1
unfairly,1
rehabilitation,1
depended,1
discrediting,1
functionaries,1
concern,1
top,1
varying,1
budget,1
condoning,1
amused,1
amnesty,1
use,1
unfortunately,1
prevailed,1
assumption,1
oppose,1
robinson,1
factor,1
bitter,1
processes,1
maintains,1
nothing,1
treasonous,1
initiatives,1
students,1
ties,1
entrapped,1
xv,1
significance,1
clear,1
diplomacy,1
historic,1
emphasizing,1
b,1
maurice,1
publication,1
accounted,1
soldiers,1
heightening,1
individual,1
david,1
threw,1
interventionist,1
general,1
hammer,1
him,1
mask,1
after,1
stride,1
joined,1
believing,1
standard,1
thomas,1
rogge,1
glaring,1
faith,1
especially,1
pearl,1
guilt,1
trying,1
realm,1
insists,1
become,1
hits,1
ann,1
xvi,1
mainly,1
effect,1
can,1
undemocratic,1
january,1
probably,1
capitalism,1
slightly,1
begs,1
figures,1
fbi,1
saw,1
adelphi,1
clinched,1
connections,1
commuhowlett,1
disrepair,1
attention,1
encompassing,1
widely,1
paranoid,1
examines,1
perils,1
fails,1
entitled,1
admire,1
seasons,1
dictatorships,1
liberalism,1
unravels,1
imply,1
aid,1
dual,1
unorganization,1
independent,1
singling,1
johns,1
five,1
foreign,1
willingly,1
testing,1
bound,1
suspected,1
longtime,1
celebration,1
inside,1
widespread,1
sway,1
institutions,1
disagreements,1
appeasing,1
militarists,1
parcel,1
militant,1
philosopher,1
importantly,1
contribution,1
transformation,1
recognize,1
paradoxical,1
anxious,1
executive,1
covering,1
length,1
frames,1
unforgiving,1
class,1
miami,1
satisfaction,1
continually,1
united,1
achieve,1
lion,1
frontier,1
dead,1
types,1
instances,1
worlds,1
unusual,1
olrich,1
addressed,1
entertain,1
dubois,1
wars,1
isserman,1
mann,1
agitators,1
complexity,1
biography,1
simply,1
solidly,1
theme,1
nonviolent,1
trapped,1
membership,1
narrowly,1
resurrect,1
doctrinaire,1
engagingly,1
leftist,1
cover,1
korean,1
defining,1
each,1
country,1
clifford,1
quarrels,1
share,1
dupes,1
denigrate,1
persecution,1
believe,1
gone,1
nauseam,1
current,1
domestic,1
allied,1
post,1
eventually,1
hysteria,1
picks,1
proved,1
waged,1
build,1
associations,1
past,1
meager,1
disputes,1
consciousness,1
places,1
turned,1
catalogue,1
clarity,1
specter,1
chatfield,1
defend,1
born,1
smearing,1
sincerity,1
condemns,1
poses,1
reactions,1
interwar,1
form,1
making,1
pact,1
abraham,1
shove,1
maintain,1
passed,1
armies,1
lengths,1
fondness,1
theory,1
likes,1
hitler,1
pursued,1
constitutional,1
pitted,1
information,1
ideal,1
virginia,1
w,1
urban,1
bristles,1
patriotism,1
conference,1
conflicts,1
radically,1
entrance,1
recognition,1
nadir,1
easy,1
publishers,1
manhattan,1
anarchism,1
takeover,1
marge,1
coming,1
construed,1
fide,1
jan,1
relates,1
frances,1
nov,1
durr,1
energies,1
promoted,1
dissention,1
ultimately,1
until,1
survival,1
instructive,1
argument,1
deftly,1
donald,1
steam,1
catherine,1
accept,1
prolonged,1
instead,1
touches,1
states,1
effects,1
playing,1
defined,1
attempted,1
area,1
socialism,1
shift,1
captivating,1
dissent,1
offered,1
searching,1
harlow,1
industrialists,1
hotel,1
chicago,1
debate,1
norman,1
views,1
exclusively,1
abroad,1
entire,1
focus,1
strong,1
north,1
arnold,1
building,1
built,1
contradictions,1
workings,1
stifled,1
major,1
perception,1
perpetual,1
richly,1
