WORDCOUNTS,WEIGHT
the,153
of,82
and,81
in,53
to,51
as,41
a,38
s,36
liberalism,32
greenstone,26
or,25
is,24
it,22
hartz,20
this,20
american,19
that,19
he,17
by,17
political,17
lincoln,17
on,16
his,14
was,14
not,13
but,13
its,13
had,12
are,12
liberal,11
these,11
more,11
so,11
be,11
with,9
an,9
their,8
also,8
for,8
tradition,8
them,8
have,8
author,8
within,7
liberty,7
what,7
from,7
were,7
david,7
at,6
thought,6
has,6
well,6
conservatives,6
two,6
individuals,6
even,6
humanist,5
history,5
other,5
view,5
all,5
persuasion,5
mind,5
war,5
america,5
civil,5
liberals,5
nation,5
such,5
than,5
generation,5
does,4
therefore,4
child,4
no,4
slavery,4
how,4
they,4
life,4
about,4
university,4
beyond,4
social,4
genus,4
reform,4
clearly,4
there,4
orthodoxy,4
perhaps,4
public,4
both,4
through,4
humanists,4
adams,4
him,4
reformist,4
perman,4
south,3
without,3
rather,3
reviews,3
been,3
developed,3
claimed,3
one,3
study,3
yet,3
webster,3
itself,3
reformists,3
considered,3
thesis,3
into,3
douglass,3
variants,3
then,3
any,3
something,3
remaking,3
too,3
first,3
only,3
three,3
intellectual,3
union,3
j,3
book,3
leading,3
conservative,3
republicanism,3
though,3
where,3
existence,3
theory,3
because,3
will,3
some,3
new,3
jacksonian,3
who,3
leggett,3
individual,3
intended,3
ideas,3
like,3
personal,3
project,3
although,3
good,3
would,3
when,3
figures,3
lockean,3
bipolar,3
van,2
now,2
states,2
second,2
way,2
if,2
figure,2
crucial,2
generations,2
ideology,2
commitment,2
federalists,2
kind,2
frustrated,2
cohort,2
politicians,2
community,2
still,2
strands,2
often,2
powerfully,2
polarities,2
interpretation,2
devotion,2
monolithic,2
meant,2
former,2
claims,2
improvement,2
thinking,2
whigs,2
nineteenth,2
princeton,2
negative,2
demonstrate,2
either,2
rival,2
actually,2
shaped,2
alternative,2
interests,2
challenge,2
preferences,2
principle,2
emerged,2
each,2
many,2
different,2
longer,2
called,2
time,2
john,2
type,2
last,2
present,2
impact,2
similar,2
conservatism,2
context,2
form,2
michael,2
less,2
akin,2
issue,2
acknowledged,2
however,2
tension,2
instrumental,2
historians,2
while,2
polity,2
buren,2
possible,2
politics,2
douglas,2
portraits,2
concept,2
radicals,2
alternatives,2
press,2
became,2
louis,2
q,2
freedom,2
during,2
much,2
approach,2
goals,2
thus,2
chapters,2
review,2
nevertheless,2
ultimately,2
development,2
since,2
moral,2
september,2
publication,2
impasse,2
revolution,2
depiction,2
century,2
priority,2
discourse,2
involved,2
consensus,2
remade,2
chicago,2
effect,2
era,2
views,2
should,2
major,2
society,2
subsequently,1
including,1
tragically,1
employing,1
final,1
may,1
difficult,1
aim,1
liberation,1
midcentury,1
abolition,1
forceful,1
moreover,1
fascism,1
sons,1
recognized,1
town,1
whose,1
offsetting,1
saw,1
absence,1
elimination,1
spelled,1
reviewer,1
identification,1
european,1
conflicting,1
act,1
contended,1
science,1
clinton,1
camp,1
bring,1
economic,1
incorrect,1
main,1
separation,1
checks,1
happily,1
majorities,1
guizots,1
synthesis,1
activists,1
overall,1
created,1
adapt,1
represent,1
incipient,1
description,1
credibility,1
inclusive,1
attitude,1
brief,1
revolutionary,1
exception,1
communism,1
involve,1
e,1
constraints,1
precluded,1
represented,1
formative,1
above,1
obstacle,1
force,1
reworked,1
began,1
manuscript,1
berlin,1
hamstrung,1
contribution,1
ponder,1
transformation,1
certain,1
group,1
costs,1
becoming,1
contra,1
recently,1
distort,1
thereby,1
fusing,1
positive,1
united,1
renamed,1
competition,1
asserted,1
pivotal,1
endure,1
edited,1
elaboration,1
unchanging,1
means,1
concerns,1
escape,1
pp,1
problematic,1
candidate,1
investigate,1
hegemonic,1
ensure,1
immensely,1
under,1
decade,1
consider,1
possibly,1
challenged,1
founders,1
index,1
differentiated,1
seems,1
virtually,1
unlike,1
acting,1
included,1
presumably,1
before,1
complete,1
believed,1
same,1
completion,1
reexamination,1
citizenry,1
series,1
preoccupation,1
variety,1
agitators,1
version,1
ism,1
belonging,1
ascendant,1
must,1
lockeans,1
themes,1
intentions,1
communal,1
show,1
department,1
simply,1
philosophers,1
sophisticated,1
democratic,1
pervasively,1
abolitionists,1
rarefy,1
functioned,1
resists,1
curbing,1
stephen,1
independent,1
explaining,1
polemicist,1
assets,1
constructed,1
notions,1
volume,1
coalesced,1
sources,1
hartzian,1
embraced,1
imprecise,1
certainly,1
terminology,1
destructive,1
sections,1
founding,1
philosophy,1
power,1
frederick,1
evidence,1
know,1
dualism,1
again,1
might,1
others,1
attempt,1
similarly,1
tendencies,1
experienced,1
missing,1
uses,1
standards,1
tear,1
words,1
parties,1
fact,1
based,1
constitutional,1
effected,1
seriously,1
identifying,1
concentration,1
treatment,1
nothing,1
fundamental,1
scientists,1
did,1
could,1
threatened,1
print,1
governed,1
found,1
emergence,1
great,1
appeared,1
enact,1
marvin,1
flawed,1
right,1
indeed,1
p,1
potentially,1
pretty,1
lived,1
admittedly,1
practical,1
able,1
relation,1
associates,1
shared,1
lydia,1
breezy,1
countering,1
concludes,1
very,1
constraint,1
room,1
anyway,1
sees,1
real,1
making,1
i,1
succeeding,1
subsequent,1
past,1
reactionary,1
achieved,1
attained,1
embrace,1
countertradition,1
representative,1
puritan,1
foolish,1
dislodge,1
february,1
respect,1
whiggery,1
further,1
hand,1
consisted,1
precisely,1
xxxiii,1
william,1
game,1
virtual,1
powers,1
ambiguous,1
committed,1
lockian,1
rootless,1
fulfillment,1
sadly,1
johns,1
dismissive,1
daniel,1
interconnections,1
terms,1
selected,1
ones,1
theoretical,1
references,1
case,1
abraham,1
duties,1
russell,1
practice,1
whig,1
governmental,1
despite,1
concems,1
feudal,1
saving,1
ideological,1
compelled,1
albeit,1
dream,1
formulation,1
enable,1
fascination,1
counterpart,1
after,1
hopkins,1
wills,1
vehicle,1
briefly,1
discuss,1
biographies,1
societal,1
representatives,1
indomitable,1
argues,1
adamses,1
information,1
local,1
imperative,1
foreshortened,1
futile,1
quincy,1
covenant,1
emphasis,1
compelling,1
permeated,1
discussion,1
work,1
strain,1
proslavery,1
survive,1
place,1
theology,1
abolitionist,1
treated,1
made,1
slaveowning,1
level,1
writers,1
judiciary,1
values,1
hints,1
slaves,1
heart,1
popped,1
atomized,1
whatever,1
apart,1
taking,1
restless,1
brought,1
wove,1
part,1
arose,1
far,1
extending,1
explains,1
competing,1
enormous,1
excursion,1
erred,1
calls,1
sufficiently,1
role,1
representing,1
giving,1
himself,1
subject,1
thankless,1
overthrow,1
empirical,1
rigid,1
significant,1
prevented,1
southerners,1
persisted,1
contemporary,1
categorized,1
split,1
refers,1
prospective,1
crystallized,1
postulated,1
maria,1
people,1
definitions,1
labor,1
learned,1
institutional,1
aspect,1
coming,1
lincolnian,1
categorization,1
disfranchisement,1
resonated,1
includes,1
which,1
false,1
cry,1
question,1
connected,1
dismissed,1
complicated,1
believes,1
until,1
students,1
described,1
distinctive,1
modify,1
versions,1
argument,1
unable,1
generating,1
years,1
editor,1
isaiah,1
reaction,1
ignored,1
clear,1
discovered,1
faced,1
charts,1
provoked,1
demanded,1
illinois,1
paradigm,1
tables,1
conditions,1
stress,1
restraint,1
americanizes,1
language,1
dominated,1
shatters,1
maintenance,1
crisis,1
incompleteness,1
change,1
tone,1
postulates,1
regarded,1
ability,1
counter,1
fused,1
decided,1
instead,1
raises,1
enlightenment,1
viable,1
hard,1
kirk,1
constituent,1
stymied,1
seeming,1
reformulated,1
term,1
crafted,1
warrant,1
colleagues,1
counted,1
contrast,1
imposition,1
earlier,1
universality,1
turn,1
socialism,1
transcending,1
martin,1
thomas,1
distinct,1
elements,1
theorists,1
around,1
direction,1
never,1
doubtless,1
several,1
frustrating,1
refutation,1
autonomy,1
valued,1
overintellectualize,1
dissent,1
sufficient,1
wider,1
jefferson,1
qualities,1
categorizes,1
introductory,1
between,1
response,1
resolution,1
glimpse,1
civic,1
become,1
uneasiness,1
myers,1
startling,1
rossiter,1
left,1
topics,1
succeeded,1
gettysburg,1
priorities,1
obscure,1
altemative,1
wisely,1
do,1
irrelevant,1
died,1
fully,1
array,1
overarching,1
stultify,1
inability,1
probably,1
working,1
finishing,1
method,1
little,1
purpose,1
treating,1
wife,1
describes,1
disraelis,1
originator,1
strong,1
among,1
citizen,1
ends,1
tendency,1
notes,1
seriousness,1
example,1
ago,1
subtitled,1
opposite,1
function,1
sole,1
bipolarity,1
rest,1
garry,1
concluded,1
unfortunate,1
virtuous,1
species,1
restores,1
rearrange,1
unassailable,1
