WORDCOUNTS,WEIGHT
the,174
in,102
of,82
and,78
bunche,77
to,53
s,48
a,37
his,30
as,25
un,20
for,20
that,19
an,18
he,15
ralph,15
with,14
at,13
american,13
general,13
united,12
urquhart,12
life,11
from,10
u,10
on,10
family,9
secretary,8
work,8
states,7
was,7
johnson,7
while,7
him,7
career,6
but,6
also,6
had,6
war,6
palestine,6
role,6
would,6
major,6
nations,5
africa,5
who,5
is,5
or,5
history,5
armistice,5
her,5
well,5
remained,5
bernadotte,5
international,5
by,5
harvard,5
until,5
relations,5
between,5
through,5
hammarskjold,5
force,4
secretariat,4
university,4
bunch,4
department,4
vietnam,4
blackwelder,4
death,4
worked,4
never,4
east,4
undersecretary,4
howard,4
middle,4
both,4
have,4
washington,4
although,4
ruth,4
race,4
rights,3
relationship,3
remain,3
go,3
one,3
fall,3
not,3
violence,3
committee,3
earned,3
just,3
biography,3
most,3
two,3
peacekeeping,3
only,3
olive,3
followed,3
over,3
conflicts,3
country,3
book,3
leaders,3
p,3
time,3
new,3
radical,3
state,3
took,3
myrdal,3
reviews,3
appears,3
arab,3
information,3
when,3
politics,3
african,3
its,3
year,3
numerous,3
segregation,3
office,3
years,3
this,3
assembly,3
september,3
joined,3
after,3
trusteeship,3
marriage,3
left,3
be,3
early,3
world,3
actions,3
south,2
it,2
critical,2
negotiations,2
san,2
racism,2
york,2
frequent,2
operations,2
if,2
mediation,2
been,2
doctoral,2
lie,2
college,2
oss,2
team,2
unscop,2
study,2
agency,2
mediator,2
drafted,2
h,2
later,2
policy,2
position,2
school,2
into,2
home,2
question,2
proved,2
assisted,2
same,2
w,2
these,2
first,2
member,2
organization,2
more,2
offers,2
potential,2
m,2
responsibilities,2
my,2
opposition,2
found,2
report,2
katanga,2
children,2
brian,2
considerable,2
representative,2
senate,2
remainder,2
researching,2
political,2
equal,2
racial,2
agreements,2
unique,2
british,2
defense,2
charter,2
leaving,2
public,2
jewish,2
day,2
because,2
degree,2
account,2
julia,2
completed,2
peace,2
including,2
civil,2
became,2
during,2
faculty,2
chapters,2
which,2
were,2
personal,2
away,2
congo,2
knew,2
thant,2
stress,2
assignment,2
author,2
charge,2
change,2
d,2
kirk,2
jr,2
summer,2
high,2
played,2
affairs,2
francisco,2
coordinator,2
few,2
governments,2
grandmother,2
activities,2
james,2
much,2
among,2
about,2
leadership,2
provided,2
moved,2
close,2
truce,1
periods,1
appeal,1
subsequently,1
israeli,1
farm,1
difficult,1
democracy,1
threatened,1
talks,1
interjects,1
tasks,1
interesting,1
currently,1
likely,1
recognized,1
americans,1
personally,1
discourage,1
no,1
predicted,1
appreciating,1
continued,1
agreed,1
science,1
bring,1
johns,1
lucy,1
economic,1
nobel,1
wrote,1
prize,1
angeles,1
service,1
maps,1
arabia,1
fully,1
intrusions,1
bunches,1
joan,1
play,1
return,1
others,1
separations,1
jane,1
harris,1
revolutionary,1
yemen,1
concerns,1
bore,1
brings,1
e,1
players,1
palestinian,1
accepted,1
active,1
deceived,1
judgment,1
bears,1
freedman,1
risk,1
effectively,1
earlier,1
president,1
they,1
originated,1
travels,1
their,1
engineered,1
boundaries,1
cyprus,1
class,1
special,1
jews,1
satisfaction,1
emergency,1
norton,1
sister,1
underscores,1
blessing,1
informative,1
mediate,1
periodic,1
pacific,1
education,1
yet,1
ways,1
multilateralism,1
eighteen,1
determination,1
security,1
stamp,1
recommendation,1
pp,1
traveled,1
many,1
soon,1
council,1
photographs,1
january,1
cause,1
distractions,1
decade,1
goals,1
tempered,1
labor,1
kashmir,1
detail,1
publications,1
index,1
excoriated,1
management,1
retained,1
continuity,1
any,1
light,1
elsewhere,1
following,1
egyptian,1
efforts,1
skin,1
arguing,1
are,1
unbalanced,1
chief,1
frequently,1
too,1
periodically,1
women,1
odds,1
experienced,1
disagreed,1
being,1
painful,1
consistent,1
separatists,1
either,1
lifelong,1
long,1
acres,1
fire,1
gain,1
name,1
creation,1
sweden,1
schooling,1
drew,1
childhood,1
set,1
athlete,1
respected,1
sometimes,1
testify,1
architect,1
view,1
detroit,1
drafting,1
naacp,1
address,1
baptist,1
dimension,1
strengthen,1
board,1
partner,1
emerged,1
energy,1
each,1
union,1
added,1
greater,1
environment,1
official,1
trygve,1
grandfather,1
officials,1
subcommittee,1
closely,1
advance,1
lengthy,1
attentions,1
shaped,1
questioned,1
complaints,1
escalation,1
leading,1
could,1
broken,1
prominence,1
critic,1
together,1
ph,1
plan,1
hands,1
called,1
color,1
documents,1
husband,1
arabs,1
monitor,1
regard,1
throughout,1
mann,1
forces,1
post,1
provoke,1
rich,1
really,1
deal,1
government,1
job,1
scenes,1
district,1
atomic,1
proposal,1
pass,1
events,1
end,1
jeopardized,1
primary,1
nurturing,1
associations,1
differed,1
nevertheless,1
accompany,1
man,1
mandate,1
there,1
disputes,1
roosevelt,1
minister,1
solution,1
none,1
february,1
academic,1
turned,1
portions,1
treatment,1
consisted,1
blackness,1
v,1
those,1
staff,1
helping,1
born,1
approved,1
where,1
what,1
thirties,1
within,1
crash,1
conservatism,1
them,1
ethel,1
produced,1
proposals,1
system,1
problematical,1
purchased,1
issue,1
america,1
eban,1
outstanding,1
takes,1
practice,1
placed,1
however,1
saudi,1
accords,1
erupted,1
suez,1
writes,1
youth,1
taught,1
dumbarton,1
stretched,1
key,1
hobbies,1
bloodshed,1
hopkins,1
number,1
encountered,1
poignancy,1
institute,1
rejected,1
failure,1
plane,1
syria,1
another,1
meetings,1
injured,1
spheres,1
some,1
virginia,1
line,1
revealed,1
extended,1
togoland,1
patriotism,1
i,1
geared,1
measures,1
planning,1
conference,1
contractual,1
birth,1
stern,1
lebanon,1
made,1
los,1
echoes,1
level,1
trial,1
possible,1
incidents,1
son,1
israel,1
concept,1
recognition,1
discrimination,1
formal,1
valedictorian,1
met,1
headed,1
part,1
individual,1
introduced,1
establishment,1
example,1
joining,1
bequeathed,1
press,1
ruling,1
himself,1
gender,1
europeans,1
attempts,1
returning,1
folke,1
commissioned,1
went,1
gang,1
assassinated,1
prevented,1
gave,1
behest,1
mccarthyites,1
consistently,1
programs,1
persisted,1
shurtleff,1
tied,1
neglect,1
pursuing,1
appointed,1
framework,1
exposed,1
optimism,1
writing,1
oaks,1
complained,1
participated,1
exhibited,1
daughters,1
central,1
thereafter,1
like,1
services,1
prepared,1
radicalized,1
focuses,1
married,1
legislation,1
elucidates,1
pennsylvania,1
spring,1
project,1
theme,1
stanford,1
negro,1
ties,1
recent,1
known,1
received,1
strengthened,1
significance,1
cambridge,1
crises,1
quotation,1
cease,1
initiated,1
arrested,1
dahomey,1
ucla,1
demanded,1
illinois,1
count,1
frustrated,1
nelle,1
safety,1
laudatory,1
neighbors,1
interest,1
signing,1
crisis,1
dag,1
diplomats,1
course,1
legacy,1
keep,1
pride,1
berkeley,1
successful,1
land,1
characterized,1
below,1
voiced,1
cold,1
stage,1
steadfastly,1
resolving,1
division,1
involving,1
next,1
gunnar,1
learning,1
discomfort,1
graduated,1
rank,1
fred,1
objections,1
nelson,1
settlement,1
thomas,1
remains,1
saddened,1
increased,1
actualizing,1
spent,1
openly,1
perspective,1
faith,1
especially,1
elements,1
supported,1
driving,1
behind,1
back,1
internal,1
republics,1
approval,1
replace,1
apart,1
revealing,1
region,1
response,1
serving,1
methods,1
assumed,1
columbia,1
six,1
abba,1
posts,1
presence,1
stake,1
young,1
compromise,1
research,1
themselves,1
peggy,1
c,1
damned,1
texas,1
strategic,1
succeeded,1
effect,1
stemming,1
truly,1
obligation,1
era,1
died,1
continuously,1
condemned,1
offensive,1
bachelor,1
up,1
working,1
even,1
entire,1
white,1
peculiarly,1
directed,1
discusses,1
peacemaker,1
conducting,1
principal,1
occupied,1
than,1
deeply,1
here,1
destruction,1
notes,1
attend,1
professionally,1
professional,1
adult,1
grateful,1
meeting,1
cheered,1
conversations,1
retracted,1
attention,1
roles,1
generalship,1
draft,1
concluded,1
widely,1
brown,1
sincere,1
implementation,1
attended,1
decolonization,1
hunt,1
hanoi,1
witch,1
occasions,1
