WORDCOUNTS,WEIGHT
the,154
of,87
in,45
and,45
to,41
a,35
that,27
for,23
is,21
on,18
as,15
was,15
new,15
press,15
information,13
blondheim,13
news,12
not,11
by,11
political,11
this,11
s,10
were,10
telegraph,9
he,9
his,9
with,9
history,9
but,9
summers,9
an,8
american,7
wires,7
their,7
media,6
no,6
who,6
they,6
communications,6
from,6
these,6
ap,6
it,5
one,5
technology,5
or,5
wire,5
many,5
had,5
could,5
companies,5
role,5
gang,5
be,5
even,5
than,5
at,4
york,4
modern,4
university,4
age,4
most,4
book,4
all,4
opponents,4
war,4
leonard,4
system,4
because,4
both,4
publishers,4
has,4
such,4
social,4
would,4
revolution,4
newspapers,4
c,4
communication,4
does,3
what,3
americans,3
service,3
use,3
white,3
about,3
space,3
democrats,3
organization,3
nineteenth,3
blaine,3
show,3
invention,3
party,3
more,3
instance,3
flow,3
over,3
are,3
p,3
time,3
there,3
papers,3
narrative,3
books,3
america,3
politics,3
used,3
have,3
century,3
thomas,3
small,3
notes,3
may,2
south,2
will,2
dominant,2
likely,2
way,2
sometimes,2
how,2
slow,2
transformed,2
reconstruction,2
telegraphy,2
word,2
republicans,2
ways,2
makes,2
pp,2
index,2
seems,2
processing,2
associated,2
house,2
too,2
journalism,2
two,2
first,2
spirit,2
helped,2
business,2
give,2
important,2
mark,2
might,2
view,2
cable,2
other,2
wired,2
shows,2
did,2
down,2
menahem,2
government,2
author,2
better,2
newspaper,2
do,2
dispatches,2
reviews,2
them,2
see,2
excellent,2
killer,2
however,2
east,2
historians,2
james,2
well,2
reminder,2
account,2
understanding,2
own,2
made,2
craig,2
bibliography,2
little,2
peace,2
story,2
civil,2
nation,2
administration,2
got,2
place,2
controlled,2
work,2
services,2
which,2
question,2
national,2
g,2
change,2
review,2
computer,2
hard,2
application,2
order,2
wahlgren,2
between,2
editors,2
morse,2
carrier,2
era,2
find,2
when,2
focus,2
much,2
turbulence,2
technological,2
evidence,2
doing,2
society,2
said,1
fishy,1
plutocrats,1
difficult,1
f,1
now,1
customers,1
carolyn,1
relationship,1
o,1
moguls,1
without,1
strike,1
independent,1
bringing,1
george,1
provide,1
if,1
african,1
belshazzar,1
growth,1
commentary,1
traffic,1
currier,1
managing,1
bipartisan,1
plays,1
synthesis,1
rights,1
impressive,1
blessed,1
expansion,1
subject,1
hill,1
gans,1
decades,1
market,1
prospered,1
struggled,1
polemic,1
institutions,1
highway,1
reorganization,1
success,1
approaches,1
politicians,1
benedict,1
celebrate,1
make,1
credited,1
visual,1
wake,1
stops,1
eightfold,1
strife,1
contribution,1
capitalists,1
b,1
study,1
group,1
movement,1
becoming,1
courted,1
life,1
freshest,1
positive,1
inspired,1
efficiency,1
properly,1
lisa,1
designed,1
guide,1
laying,1
united,1
columns,1
iconography,1
surprising,1
live,1
authority,1
gathering,1
h,1
reference,1
reason,1
done,1
itself,1
send,1
lives,1
articles,1
nostrums,1
struggle,1
thought,1
favor,1
bad,1
joseph,1
wearing,1
under,1
seymour,1
realities,1
decade,1
matters,1
challenged,1
neither,1
western,1
conquest,1
telephone,1
unlike,1
neglected,1
wars,1
watchword,1
quick,1
eventually,1
observing,1
any,1
thinking,1
infrastructure,1
proprietors,1
just,1
days,1
weather,1
same,1
hayes,1
convinced,1
connotations,1
mary,1
source,1
deliver,1
complexity,1
al,1
diversity,1
frequently,1
recombinant,1
w,1
organize,1
literature,1
pulitzer,1
reports,1
diffusion,1
speaking,1
consistent,1
ives,1
revenge,1
enterprises,1
visually,1
defeat,1
kupiec,1
persuasive,1
investors,1
fast,1
putting,1
rather,1
acquisitions,1
creation,1
offers,1
here,1
distaste,1
exclusive,1
extolled,1
sections,1
set,1
theory,1
handle,1
comparison,1
fathom,1
taken,1
berkeley,1
ran,1
reporting,1
startup,1
put,1
awaited,1
towns,1
control,1
union,1
commonplace,1
dreams,1
greater,1
paper,1
herbert,1
speaks,1
formidable,1
came,1
parties,1
company,1
whom,1
setting,1
europe,1
professionals,1
telegrauh,1
scholars,1
best,1
areas,1
broadly,1
striking,1
historical,1
inherent,1
printed,1
argue,1
hands,1
great,1
called,1
simple,1
marvin,1
report,1
hayesociated,1
inquiry,1
viii,1
daily,1
out,1
larger,1
found,1
able,1
associates,1
atlantic,1
john,1
maps,1
very,1
launched,1
end,1
carolina,1
jacket,1
narrow,1
proved,1
scene,1
build,1
venture,1
away,1
reilly,1
evolving,1
dull,1
help,1
past,1
dates,1
damage,1
numbing,1
markets,1
term,1
instant,1
readers,1
date,1
stuff,1
buccaneer,1
scholarship,1
henry,1
everyday,1
spain,1
staff,1
irony,1
journalists,1
corps,1
understood,1
california,1
focused,1
schzool,1
right,1
something,1
johns,1
oldfashioned,1
daniel,1
racial,1
tools,1
whether,1
kevin,1
surprises,1
terms,1
muckrakers,1
form,1
boats,1
horace,1
promise,1
yielded,1
gilded,1
handled,1
ed,1
record,1
bending,1
telecommunication,1
eds,1
conquer,1
freedmen,1
wide,1
hierarchies,1
public,1
triumph,1
hopkins,1
balance,1
number,1
free,1
mass,1
value,1
precursor,1
elevation,1
torn,1
cloth,1
turf,1
voice,1
another,1
vol,1
status,1
capable,1
professionalized,1
r,1
line,1
rutherford,1
middle,1
scope,1
standardization,1
mandelbaum,1
burden,1
move,1
richard,1
start,1
cayton,1
lords,1
fine,1
concept,1
west,1
prominent,1
taking,1
brought,1
accounting,1
factotums,1
through,1
technologies,1
greeley,1
knowledge,1
content,1
capitalizing,1
nast,1
negative,1
along,1
endlessly,1
enter,1
its,1
louis,1
wonder,1
top,1
et,1
enduring,1
traded,1
indefatigable,1
franchises,1
target,1
fit,1
during,1
exciting,1
issues,1
interestingly,1
allows,1
people,1
games,1
harvard,1
winning,1
learned,1
structures,1
coming,1
evolution,1
think,1
conflict,1
central,1
antithetical,1
our,1
wonderfully,1
personal,1
search,1
partisan,1
determinism,1
appreciated,1
complicated,1
eras,1
washington,1
juergens,1
manage,1
commercial,1
monopoly,1
hurnbled,1
losers,1
argues,1
development,1
difference,1
strengthened,1
cambridge,1
crises,1
diverted,1
relay,1
feast,1
carey,1
linotype,1
graduate,1
hidden,1
tables,1
humbug,1
september,1
software,1
personalities,1
samuel,1
position,1
grant,1
points,1
victory,1
aided,1
barnhurst,1
harm,1
acumen,1
co,1
fresh,1
course,1
running,1
joined,1
least,1
times,1
nurture,1
like,1
cruel,1
period,1
federal,1
specialists,1
so,1
restore,1
pay,1
features,1
states,1
inquiring,1
prosperity,1
television,1
taste,1
contrast,1
pigeons,1
after,1
progressive,1
fragility,1
consolidation,1
rhythms,1
eve,1
things,1
standard,1
nor,1
old,1
increased,1
late,1
ships,1
calling,1
perspective,1
mobilized,1
refer,1
upstart,1
sentiment,1
fischer,1
back,1
potential,1
calmer,1
apart,1
systems,1
pioneering,1
speed,1
parallel,1
machines,1
chapel,1
embarrassed,1
six,1
exaggeration,1
radio,1
themselves,1
shaded,1
desk,1
archival,1
usual,1
commercializing,1
boundaries,1
single,1
anderson,1
coast,1
enterprise,1
structure,1
always,1
managed,1
damp,1
electric,1
early,1
views,1
up,1
uniformity,1
st,1
looks,1
innovators,1
sciences,1
given,1
beat,1
northern,1
critique,1
figures,1
mature,1
among,1
saw,1
we,1
language,1
north,1
recent,1
connections,1
messages,1
encyclopedia,1
promoter,1
beholden,1
nezvspapers,1
provided,1
lincoln,1
finds,1
enrich,1
vain,1
signals,1
attention,1
activities,1
claude,1
readable,1
formed,1
grasp,1
