WORDCOUNTS,WEIGHT
the,219
of,116
and,79
to,57
in,48
s,36
as,31
a,30
industry,20
aviation,19
american,18
by,17
aircraft,17
air,16
is,15
military,15
political,15
his,14
for,14
with,13
on,13
foreign,11
policy,11
war,11
development,11
world,11
negotiations,10
vander,10
meulen,10
market,9
from,9
that,9
international,9
politics,9
economic,8
they,8
united,8
these,8
roosevelt,8
commercial,8
its,8
underwood,8
manufacturers,8
states,8
it,7
government,7
british,7
dobson,7
an,7
between,7
at,6
their,6
was,6
history,6
bombing,6
are,6
airpower,6
u,6
corps,6
has,6
new,6
upon,6
which,6
influence,6
he,5
army,5
or,5
into,5
ii,5
had,5
other,5
p,5
reviews,5
made,5
part,5
press,5
role,5
tables,5
doctrine,5
when,5
service,4
japanese,4
strategic,4
congressional,4
treaty,4
university,4
index,4
first,4
book,4
control,4
however,4
free,4
well,4
some,4
tool,4
through,4
positions,4
administration,4
policies,4
congress,4
were,4
until,4
libby,4
have,4
britain,4
major,4
industries,3
within,3
developed,3
how,3
peaceful,3
wings,3
began,3
often,3
analysis,3
federal,3
pp,3
joseph,3
technology,3
consider,3
side,3
clearly,3
but,3
two,3
reports,3
being,3
rise,3
only,3
pearl,3
text,3
more,3
important,3
attempt,3
each,3
nature,3
harbor,3
december,3
shows,3
great,3
against,3
time,3
pacific,3
works,3
monographs,3
used,3
nation,3
during,3
aggression,3
records,3
officers,3
i,3
such,3
years,3
this,3
transatlantic,3
relations,3
after,3
small,3
mitchell,3
be,3
little,3
notes,3
command,3
heavily,2
model,2
difficult,2
factors,2
democracy,2
rights,2
high,2
relationship,2
various,2
act,2
been,2
leading,2
jeffery,2
successes,2
college,2
e,2
who,2
lost,2
players,2
context,2
detailed,2
force,2
them,2
hearings,2
large,2
study,2
illustrations,2
access,2
consequences,2
competition,2
americans,2
studies,2
presidential,2
appendixes,2
serve,2
detail,2
thesis,2
wars,2
light,2
culture,2
exceptions,2
changing,2
too,2
fares,2
known,2
routes,2
long,2
stemmed,2
fire,2
creation,2
production,2
larger,2
over,2
europe,2
growth,2
xii,2
leaders,2
domestic,2
forces,2
bomb,2
any,2
airplanes,2
proved,2
before,2
cities,2
papers,2
japan,2
writes,2
historians,2
while,2
america,2
remained,2
possible,2
link,2
atomic,2
bibliography,2
bermuda,2
story,2
resources,2
airlines,2
warfare,2
navy,2
factor,2
demonstrates,2
flight,2
challenges,2
throughout,2
legislation,2
germany,2
aerospace,2
alan,2
open,2
since,2
contract,2
predated,2
agreement,2
dominated,2
value,2
keep,2
forced,2
quite,2
bomber,2
campaign,2
moved,2
facing,2
few,2
create,2
bases,2
early,2
explore,2
including,2
exclusively,2
even,2
also,2
contracts,2
develop,2
seek,2
than,2
general,2
actions,2
examines,2
using,1
schaffer,1
seems,1
carried,1
handicapped,1
crete,1
critical,1
complementary,1
oxford,1
republican,1
led,1
weapon,1
currently,1
second,1
racism,1
business,1
york,1
ramifications,1
german,1
played,1
dissected,1
attempts,1
no,1
materials,1
taken,1
independent,1
continued,1
provide,1
movements,1
will,1
determine,1
labeled,1
pan,1
sherry,1
five,1
corporate,1
corruption,1
nagasaki,1
tokyo,1
mcdougall,1
angeles,1
stop,1
providing,1
comparative,1
aggressors,1
purpose,1
aggressive,1
limited,1
schemes,1
decades,1
luftwaffe,1
lines,1
nearly,1
primarily,1
oscar,1
convince,1
judgment,1
team,1
plainly,1
lawrence,1
insecurities,1
president,1
crossing,1
completing,1
importantly,1
los,1
forcing,1
sending,1
inflammatory,1
steeped,1
massproduction,1
complex,1
poland,1
why,1
changes,1
use,1
single,1
confronting,1
sheds,1
remind,1
lion,1
space,1
not,1
deterrents,1
relied,1
unfortunately,1
all,1
mid,1
understand,1
interrelationship,1
wages,1
photographs,1
wanted,1
evolved,1
under,1
earnest,1
airspace,1
favorable,1
royal,1
share,1
included,1
victories,1
astronauts,1
slowly,1
pumped,1
constant,1
alluded,1
convinced,1
naval,1
complexity,1
defend,1
threat,1
without,1
odds,1
hoping,1
psyche,1
most,1
department,1
superior,1
focused,1
lower,1
said,1
romance,1
origins,1
pace,1
carriers,1
ideas,1
xiv,1
deter,1
monopolized,1
hap,1
fairly,1
social,1
considers,1
extraordinarily,1
problems,1
parliamentary,1
wrights,1
tries,1
collusion,1
outbreak,1
worst,1
learned,1
western,1
alamogordo,1
regulating,1
alternative,1
law,1
explain,1
ronald,1
power,1
m,1
ernment,1
chaos,1
strike,1
strategy,1
toward,1
norway,1
exploded,1
generated,1
promoting,1
refused,1
worked,1
heavens,1
financial,1
halt,1
j,1
authority,1
trippe,1
expressed,1
efforts,1
result,1
root,1
different,1
fact,1
based,1
bilstein,1
lack,1
principles,1
buildup,1
clippers,1
key,1
concentration,1
location,1
preserve,1
uncovering,1
could,1
down,1
advantage,1
clarendon,1
succeeds,1
histories,1
complexities,1
together,1
found,1
plan,1
begun,1
studied,1
documents,1
versailles,1
confusion,1
current,1
reform,1
attack,1
draws,1
choice,1
particularly,1
losses,1
instability,1
atlantic,1
leeway,1
enemy,1
concludes,1
very,1
end,1
antitrust,1
benefit,1
doubt,1
number,1
resulting,1
bastion,1
considerable,1
charges,1
possibility,1
past,1
placing,1
automobiles,1
discussed,1
base,1
failures,1
markets,1
rhetoric,1
question,1
advances,1
destroyed,1
consist,1
procurement,1
aerial,1
state,1
newspaper,1
henry,1
those,1
ground,1
basic,1
william,1
though,1
according,1
california,1
operating,1
what,1
economy,1
johns,1
empire,1
accepted,1
designs,1
unclear,1
inventor,1
michael,1
ratify,1
see,1
system,1
meet,1
accounts,1
suffered,1
applied,1
younger,1
realignments,1
necessary,1
seem,1
negotiators,1
material,1
placed,1
governmental,1
nascent,1
passed,1
perhaps,1
bombings,1
progressivism,1
problem,1
struggling,1
surveying,1
negotiated,1
public,1
capacity,1
gives,1
hopkins,1
primary,1
sought,1
going,1
mass,1
firm,1
biographies,1
because,1
expensive,1
landing,1
impact,1
equal,1
secure,1
undermined,1
bibliographic,1
failure,1
shape,1
drained,1
trade,1
gained,1
another,1
information,1
percent,1
opened,1
kansas,1
prior,1
basis,1
future,1
understanding,1
revealed,1
targets,1
millions,1
player,1
initial,1
considering,1
acronyms,1
both,1
obscure,1
range,1
maritime,1
age,1
detract,1
transport,1
altered,1
prominent,1
arose,1
hostage,1
introduced,1
resignation,1
despite,1
hiroshima,1
civil,1
subsidies,1
billy,1
along,1
cleanse,1
giving,1
experience,1
caught,1
plans,1
lies,1
leans,1
significant,1
literature,1
gave,1
discussions,1
station,1
emphasizing,1
split,1
juan,1
approach,1
people,1
maintained,1
survey,1
concentrate,1
philippines,1
definitions,1
labor,1
avenues,1
gain,1
aspect,1
administrations,1
runs,1
conflict,1
dominant,1
examination,1
franklin,1
nazi,1
sees,1
review,1
collapse,1
shores,1
associationalism,1
atrocities,1
advantages,1
showing,1
project,1
argument,1
roger,1
significance,1
own,1
assembly,1
outcome,1
flying,1
three,1
numerous,1
winged,1
sic,1
inadequate,1
earth,1
essay,1
explanation,1
concentrates,1
crisis,1
aeronautical,1
good,1
change,1
hawaii,1
although,1
walter,1
price,1
tight,1
period,1
need,1
so,1
cold,1
product,1
shaping,1
individualism,1
mexico,1
theaters,1
generation,1
sources,1
westover,1
seeks,1
attempted,1
offer,1
irvine,1
misunderstanding,1
midst,1
provides,1
decisions,1
developments,1
involved,1
adopted,1
late,1
ships,1
hemisphere,1
transpacific,1
americas,1
gets,1
refer,1
supported,1
driving,1
written,1
amount,1
back,1
potential,1
raid,1
governments,1
dollars,1
research,1
themselves,1
schedules,1
texas,1
tactics,1
topics,1
respond,1
continuous,1
sectors,1
effect,1
jacob,1
soundness,1
reached,1
can,1
warplanes,1
enterprise,1
us,1
structure,1
managed,1
confusing,1
seeking,1
up,1
drawn,1
capitalism,1
gospel,1
valley,1
severely,1
fortress,1
southwest,1
corn,1
traditional,1
citations,1
figures,1
technological,1
establishment,1
digest,1
chronicles,1
arnold,1
building,1
meeting,1
doing,1
attention,1
reemerge,1
poorly,1
society,1
separate,1
china,1
him,1
