WORDCOUNTS,WEIGHT
the,177
of,138
and,101
in,85
a,74
that,42
to,38
for,34
as,33
american,30
was,28
ethnic,24
on,24
this,23
political,21
history,20
is,19
by,19
ethnicity,17
schlesinger,17
gleason,16
at,15
more,15
s,15
p,15
it,14
he,14
or,14
from,14
these,14
values,14
but,13
pluralism,13
his,12
been,12
one,12
about,12
assimilation,12
their,11
same,11
they,10
time,10
were,10
would,10
groups,9
not,9
with,9
had,9
are,9
cultural,9
politics,9
conversation,9
be,9
than,9
an,9
into,8
social,8
new,8
diversity,8
which,8
have,8
its,7
national,7
mcdonald,6
other,6
important,6
over,6
universal,6
those,6
what,6
racial,6
has,6
public,6
while,6
america,6
because,6
identity,6
between,6
civic,6
among,6
we,6
pot,6
race,6
americans,5
no,5
movement,5
essays,5
under,5
most,5
two,5
first,5
all,5
confusion,5
out,5
religion,5
term,5
them,5
both,5
part,5
tammany,5
melting,5
historical,5
years,5
authors,5
arena,5
black,5
universalistic,5
will,4
democracy,4
rights,4
therefore,4
equality,4
sort,4
who,4
itself,4
intellectual,4
hall,4
where,4
reviews,4
such,4
work,4
sign,4
relationships,4
kallen,4
life,4
philip,4
always,4
gordon,4
york,3
various,3
school,3
rather,3
how,3
e,3
sphere,3
positive,3
structural,3
construction,3
particularistic,3
pp,3
university,3
plunkitt,3
occurred,3
then,3
considers,3
taken,3
view,3
many,3
j,3
americanization,3
book,3
great,3
differences,3
ideology,3
government,3
there,3
hand,3
divisiveness,3
war,3
terms,3
citizenship,3
side,3
foundational,3
almost,3
some,3
future,3
point,3
civil,3
calls,3
minority,3
issues,3
people,3
g,3
president,3
since,3
related,3
change,3
dangerous,3
catholic,3
immigrants,3
june,3
racialism,3
society,3
does,2
now,2
relationship,2
creedal,2
today,2
creed,2
attempts,2
way,2
contended,2
if,2
crucial,2
indeed,2
although,2
terrence,2
toward,2
unchanging,2
widespread,2
catholics,2
group,2
center,2
led,2
hold,2
disintegration,2
kinds,2
analysis,2
united,2
education,2
resolution,2
tower,2
dialectically,2
joseph,2
former,2
organization,2
campaign,2
index,2
denounced,2
character,2
elsewhere,2
culture,2
listed,2
forget,2
speaking,2
protection,2
long,2
labor,2
members,2
neither,2
law,2
power,2
might,2
came,2
acceptable,2
best,2
could,2
call,2
together,2
very,2
arthur,2
take,2
color,2
ground,2
myrdal,2
somewhat,2
johns,2
confused,2
shared,2
see,2
americanism,2
can,2
necessary,2
ideological,2
historians,2
complicated,2
hopkins,2
eisenhower,2
babel,2
aspects,2
well,2
balance,2
another,2
basis,2
possible,2
understanding,2
revealed,2
extent,2
even,2
hundred,2
city,2
example,2
press,2
became,2
glazer,2
himself,2
simply,2
realm,2
assumption,2
disuniting,2
harvard,2
writing,2
our,2
come,2
full,2
students,2
polity,2
against,2
institutional,2
interest,2
crisis,2
course,2
moment,2
instead,2
times,2
characterized,2
like,2
moynihan,2
jr,2
so,2
seized,2
states,2
century,2
thoughtful,2
integration,2
after,2
stimulated,2
fichter,2
involved,2
family,2
divisive,2
become,2
site,2
semantic,2
early,2
when,2
also,2
spite,2
deeply,2
recent,2
notes,2
should,2
surely,2
valuable,2
widely,2
seemed,2
continuously,2
model,1
fails,1
critics,1
periods,1
given,1
threatened,1
go,1
foot,1
basing,1
presence,1
barbara,1
rankings,1
christian,1
high,1
fascism,1
produces,1
second,1
racism,1
trappings,1
situation,1
menace,1
whose,1
rearticulations,1
oscillated,1
advocate,1
matter,1
convergence,1
michigan,1
statements,1
ridden,1
later,1
figure,1
sacralization,1
unswerving,1
action,1
economic,1
cultivating,1
leading,1
keller,1
short,1
vision,1
fields,1
feeling,1
mindzenty,1
surprisingly,1
encouraged,1
stocks,1
affairs,1
employment,1
dangers,1
ethnicities,1
intended,1
explicit,1
brief,1
forward,1
legitimate,1
male,1
supporting,1
nationalities,1
institutions,1
process,1
despairing,1
mean,1
byrne,1
etc,1
reason,1
afrocentric,1
politicians,1
off,1
community,1
realizes,1
heartfelt,1
arm,1
revulsion,1
began,1
federation,1
hopeful,1
earlier,1
philosopher,1
importantly,1
expect,1
church,1
terrain,1
backdrop,1
recognize,1
horrid,1
privileges,1
refuses,1
institutionalized,1
pages,1
study,1
often,1
phrase,1
pius,1
fateful,1
label,1
guide,1
luxuriance,1
principle,1
schools,1
famous,1
space,1
wars,1
supposed,1
composed,1
specialist,1
sets,1
yet,1
h,1
interpretation,1
housing,1
investigating,1
thomas,1
meanwhile,1
approaches,1
opportunities,1
grounded,1
makes,1
specified,1
paradox,1
romantic,1
thought,1
modern,1
legitimately,1
favor,1
backward,1
facilitated,1
symboland,1
wanted,1
cause,1
consider,1
ideals,1
official,1
disastrous,1
us,1
key,1
boundary,1
cycles,1
duties,1
share,1
participants,1
home,1
rarely,1
ambitious,1
zangwill,1
any,1
specify,1
liberal,1
consciousness,1
historian,1
days,1
following,1
synchronic,1
lessons,1
stressed,1
gradually,1
quoted,1
baltimore,1
series,1
variety,1
alexander,1
source,1
al,1
argued,1
version,1
frequently,1
twentiethcentury,1
upper,1
industrial,1
age,1
leads,1
multicultural,1
myriad,1
agents,1
ethnoreligious,1
ever,1
being,1
fact,1
gerstle,1
textile,1
seeped,1
ideologues,1
only,1
known,1
vietnam,1
direction,1
either,1
beyond,1
differ,1
offered,1
constructed,1
volume,1
entry,1
proposes,1
ironically,1
lead,1
perhaps,1
organizations,1
terminology,1
support,1
decomposing,1
universalism,1
portrays,1
affirmative,1
paul,1
shifted,1
set,1
originally,1
ii,1
inflected,1
m,1
give,1
bred,1
metaphoric,1
coincidence,1
culturally,1
pity,1
outcome,1
others,1
protestant,1
rapid,1
flow,1
conceived,1
deserves,1
meaning,1
worked,1
reflections,1
control,1
elements,1
adequate,1
each,1
thinks,1
strengthened,1
legitimize,1
diachronic,1
worries,1
liberty,1
cultures,1
grandfather,1
root,1
gary,1
communal,1
latent,1
eruption,1
idea,1
separation,1
height,1
areas,1
believe,1
asserts,1
spilled,1
tradition,1
xii,1
secondary,1
advantage,1
edsall,1
thernstrom,1
histories,1
found,1
meier,1
borders,1
half,1
called,1
simple,1
nathan,1
current,1
developed,1
list,1
assertion,1
validated,1
foner,1
follows,1
angry,1
settles,1
xiii,1
eric,1
historically,1
perfectly,1
onto,1
requirements,1
getting,1
mythical,1
remain,1
constant,1
ago,1
constructionist,1
nationalism,1
i,1
pattern,1
purposes,1
past,1
interpretations,1
anomic,1
struggles,1
embrace,1
living,1
type,1
absolutely,1
forms,1
men,1
embedded,1
person,1
behind,1
counterproductive,1
believed,1
clarity,1
bilingual,1
assimilationist,1
romanticized,1
specter,1
ideologies,1
irony,1
equal,1
according,1
communities,1
complications,1
signs,1
secular,1
angle,1
daniel,1
existing,1
implicit,1
whether,1
unclear,1
fountainhead,1
milton,1
zealots,1
form,1
everything,1
contested,1
less,1
ed,1
cannot,1
horace,1
strategies,1
disapproved,1
case,1
voting,1
supports,1
particular,1
takes,1
thirty,1
however,1
wartime,1
interpreter,1
lest,1
outlined,1
sociologist,1
multiethnic,1
eds,1
books,1
controversy,1
multiculturalism,1
wide,1
heavily,1
nearly,1
popularized,1
patrick,1
primary,1
politicized,1
free,1
mass,1
engine,1
create,1
upraised,1
reminds,1
grades,1
george,1
uproot,1
influenced,1
none,1
original,1
uneven,1
minimal,1
participation,1
wonders,1
views,1
upheaval,1
prior,1
emphasis,1
private,1
greatest,1
identification,1
mapped,1
discussion,1
rally,1
divided,1
unnoticed,1
front,1
permitted,1
st,1
suggests,1
mutual,1
commonality,1
mobilization,1
move,1
level,1
john,1
vital,1
characteristic,1
helps,1
cult,1
careful,1
claim,1
israel,1
concept,1
sense,1
bemused,1
formal,1
taking,1
significantly,1
themes,1
thereby,1
reported,1
surveys,1
through,1
introduced,1
intensified,1
officeholding,1
presley,1
predominates,1
resources,1
cited,1
increase,1
apparent,1
upheld,1
balkanization,1
play,1
hammered,1
along,1
department,1
constrained,1
polemical,1
african,1
concern,1
criticized,1
et,1
host,1
sufficient,1
repeating,1
statue,1
territory,1
significant,1
whole,1
downplayed,1
prevented,1
bulwark,1
treatise,1
freedom,1
democratic,1
collection,1
during,1
prejudice,1
arguments,1
policies,1
make,1
demonstrates,1
constitute,1
allows,1
maintained,1
usage,1
increasingly,1
assuredly,1
conflict,1
goal,1
thus,1
nothing,1
individuals,1
midwestern,1
saxton,1
dialecticaliy,1
bishop,1
identities,1
search,1
sees,1
newspaper,1
kleppner,1
necessitated,1
bodnar,1
initiatives,1
until,1
yeats,1
undercuts,1
survival,1
few,1
victimized,1
robust,1
differentiation,1
destruction,1
modal,1
ignored,1
graced,1
own,1
clear,1
soldiers,1
backgrounds,1
genders,1
moral,1
reality,1
sociological,1
opposed,1
heuristic,1
tolerance,1
made,1
worrying,1
nixon,1
language,1
washington,1
author,1
morton,1
points,1
hungary,1
victory,1
essay,1
good,1
published,1
creating,1
futures,1
vested,1
eve,1
mixed,1
gunnar,1
relations,1
raises,1
pride,1
ethnocentrism,1
allowed,1
define,1
hustlers,1
field,1
fellow,1
preservation,1
legitimized,1
revisionist,1
ofamerica,1
ethnocultural,1
fostered,1
shaping,1
dogma,1
expected,1
affirmation,1
already,1
effects,1
profitably,1
kind,1
order,1
defined,1
complicate,1
imbibed,1
kept,1
spilling,1
fragility,1
area,1
melted,1
rank,1
pluralistic,1
cases,1
adjustment,1
claims,1
emerging,1
distinct,1
different,1
rails,1
speak,1
latter,1
late,1
never,1
class,1
tipped,1
summary,1
david,1
perspective,1
moved,1
consummated,1
deserved,1
elvis,1
consensus,1
eleven,1
include,1
mobilized,1
nationality,1
contrary,1
choose,1
invidious,1
slave,1
disabilities,1
topic,1
propounds,1
races,1
parochial,1
themselves,1
narrow,1
emphases,1
c,1
distinguished,1
variations,1
thing,1
boundaries,1
right,1
effect,1
thoughtfully,1
cardinal,1
era,1
excluded,1
ineradicable,1
debate,1
americabrought,1
confusing,1
concepts,1
classes,1
including,1
within,1
working,1
element,1
aggressively,1
norton,1
story,1
immanent,1
stimulating,1
develop,1
journal,1
look,1
traditional,1
constructs,1
vice,1
much,1
world,1
ignores,1
think,1
poorly,1
originator,1
saw,1
roots,1
here,1
simplistic,1
encyclopedia,1
leadership,1
whites,1
naturalization,1
finds,1
generation,1
conversations,1
nuanced,1
function,1
influence,1
contradictions,1
immigration,1
entanglement,1
stephan,1
division,1
roediger,1
major,1
readership,1
pope,1
crosier,1
curriculum,1
thorough,1
