WORDCOUNTS,WEIGHT
the,145
of,103
and,97
in,77
a,57
to,57
he,47
steinmetz,40
his,36
s,33
alexanderson,28
engineering,26
as,25
was,18
for,18
an,17
but,15
p,15
engineers,15
ge,15
on,15
electrical,14
engineer,13
kline,12
at,11
with,11
by,11
that,11
technical,11
more,10
this,10
their,9
american,9
from,9
corporate,9
new,9
who,8
history,8
into,8
two,8
first,8
radio,8
ac,8
research,8
within,7
technology,7
brittain,7
when,7
became,7
which,7
between,7
electric,7
about,7
its,6
is,6
biography,6
are,6
were,6
social,6
after,6
socialism,6
systems,6
sicilia,5
began,5
they,5
not,5
university,5
had,5
laboratory,5
where,5
what,5
theory,5
work,5
made,5
although,5
like,5
socialist,5
be,5
than,5
it,4
one,4
yet,4
lives,4
soon,4
matters,4
or,4
same,4
w,4
only,4
alternator,4
published,4
others,4
time,4
johns,4
mathematics,4
hopkins,4
while,4
america,4
press,4
would,4
fugue,4
little,4
much,4
seems,3
battle,3
now,3
edison,3
science,3
germany,3
often,3
analysis,3
ways,3
pp,3
thought,3
tensions,3
key,3
home,3
equations,3
chief,3
these,3
invention,3
helped,3
power,3
each,3
many,3
entered,3
john,3
pioneer,3
man,3
works,3
other,3
remarkable,3
war,3
eickemeyer,3
reviews,3
shared,3
setting,3
schenectady,3
papers,3
has,3
sought,3
design,3
years,3
both,3
department,3
elite,3
ronald,3
commercial,3
such,3
september,3
author,3
general,3
television,3
charles,3
left,3
james,3
even,3
world,3
technological,3
we,3
major,3
final,2
amplifier,2
did,2
german,2
note,2
no,2
common,2
estimated,2
public,2
program,2
motor,2
corporation,2
lines,2
college,2
calculation,2
independence,2
e,2
technically,2
salaries,2
contribution,2
sponsor,2
b,2
machines,2
complex,2
achievements,2
innovation,2
life,2
illustrations,2
tube,2
united,2
mother,2
fields,2
developments,2
school,2
management,2
environment,2
included,2
then,2
thinking,2
following,2
too,2
useful,2
also,2
interests,2
index,2
book,2
principles,2
important,2
again,2
decades,2
over,2
europe,2
dc,2
put,2
degree,2
union,2
sure,2
elihu,2
came,2
based,2
company,2
tutor,2
baltimore,2
scientists,2
contextual,2
appendix,2
typical,2
differences,2
transient,2
out,2
international,2
end,2
i,2
great,2
late,2
men,2
hysteresis,2
those,2
political,2
fled,2
biographies,2
liberalism,2
carefully,2
device,2
legend,2
circuits,2
relevant,2
system,2
theoretical,2
practice,2
books,2
method,2
triumph,2
pursued,2
bibliographic,2
well,2
facsimile,2
notebook,2
another,2
phenomena,2
politics,2
hammond,2
some,2
limitations,2
private,2
story,2
through,2
resources,2
joining,2
breslau,2
himself,2
subject,2
year,2
use,2
celebrity,2
recounts,2
son,2
hardly,2
thus,2
our,2
patents,2
thomson,2
development,2
own,2
challenging,2
applied,2
have,2
national,2
parallels,2
joined,2
physics,2
sense,2
correct,2
so,2
him,2
most,2
states,2
multifarious,2
ernst,2
mythmaking,2
wireless,2
day,2
distinct,2
family,2
spent,2
david,2
several,2
especially,2
electronic,2
sophisticated,2
body,2
industrialists,2
exactly,2
debate,2
create,2
views,2
hard,2
up,2
including,2
capitalism,2
develop,2
deeply,2
recent,2
notes,2
professional,2
provided,2
valuable,2
society,2
nations,1
entwine,1
publicize,1
european,1
flourished,1
will,1
failed,1
beer,1
f,1
portion,1
fifty,1
asset,1
gaining,1
link,1
frail,1
polyphase,1
simultaneously,1
poland,1
electrification,1
sail,1
relationship,1
briefly,1
recognized,1
contributes,1
business,1
york,1
customer,1
dual,1
likenesses,1
publishing,1
advocate,1
saw,1
definitive,1
sadly,1
edge,1
humankind,1
difficult,1
independent,1
technocommercial,1
workbench,1
demagnetized,1
rather,1
carried,1
relied,1
scientific,1
later,1
figure,1
bring,1
usually,1
wanting,1
inventiveness,1
main,1
abiding,1
dissects,1
sentences,1
superficial,1
across,1
short,1
indeed,1
infamous,1
practical,1
labors,1
how,1
created,1
remain,1
comparative,1
aviation,1
dissuaded,1
disjunction,1
inventors,1
begin,1
influential,1
square,1
select,1
onwhat,1
wunderkind,1
culminating,1
widespread,1
nearly,1
revolutionary,1
cohort,1
process,1
holistic,1
brings,1
magnetic,1
dimensions,1
johannes,1
success,1
abnormal,1
prove,1
unique,1
cult,1
jersey,1
push,1
still,1
royalties,1
opportunity,1
incremental,1
establish,1
interacting,1
pointed,1
thinkers,1
federation,1
priority,1
claimed,1
garnering,1
pushed,1
presence,1
earlier,1
parsons,1
renown,1
concluded,1
strife,1
police,1
movement,1
becoming,1
center,1
derived,1
led,1
emphasizes,1
studiously,1
volumes,1
pages,1
settled,1
reconcile,1
forgot,1
rudolph,1
myth,1
efficiency,1
unusual,1
emigre,1
properly,1
lay,1
load,1
worked,1
proffering,1
duplex,1
frank,1
supplanting,1
once,1
something,1
supplanted,1
chronicle,1
communications,1
frontier,1
utilities,1
competition,1
biographer,1
shipping,1
cigars,1
investigating,1
emerging,1
describe,1
rising,1
opportunities,1
alligator,1
brunswick,1
easily,1
studies,1
escape,1
rules,1
hunchbacked,1
modern,1
candidate,1
genius,1
esoteric,1
rigorous,1
crackdown,1
repulsion,1
combining,1
giants,1
evolved,1
fought,1
considered,1
decade,1
legacies,1
socialists,1
dichotomy,1
stephen,1
position,1
geometric,1
dissertation,1
prophesied,1
grist,1
unlike,1
assimilation,1
emergence,1
technics,1
propitiously,1
instance,1
expressed,1
warren,1
continents,1
just,1
material,1
accomplishments,1
numbers,1
nonproprietary,1
articulated,1
series,1
variety,1
likened,1
westinghouse,1
discounting,1
judiciously,1
character,1
industrial,1
turning,1
founded,1
retrospective,1
algebraic,1
various,1
experience,1
simply,1
extensive,1
boston,1
dangling,1
experienced,1
reweaving,1
noted,1
being,1
said,1
fabric,1
rise,1
advantage,1
classical,1
possibilities,1
antennas,1
functioned,1
connecting,1
upon,1
journalist,1
beyond,1
wondering,1
earning,1
efficient,1
physical,1
dwarf,1
generally,1
modeled,1
supported,1
long,1
actually,1
embraced,1
yonkers,1
members,1
requires,1
problems,1
text,1
disagreeable,1
creation,1
leitmotif,1
solve,1
commandeered,1
commenced,1
law,1
sailboat,1
publicity,1
endeavors,1
wizard,1
frederick,1
stated,1
popularity,1
bernard,1
mark,1
hurling,1
culturally,1
physically,1
toward,1
propagation,1
interpretation,1
flow,1
genre,1
view,1
aforthcoming,1
literature,1
similarly,1
methodology,1
paragraph,1
intellectual,1
control,1
multilingual,1
engaged,1
epilogue,1
all,1
intellect,1
advanced,1
been,1
conduct,1
greater,1
languages,1
careera,1
thunderbolts,1
liberty,1
editions,1
standards,1
analogous,1
root,1
true,1
evolutionary,1
agnostic,1
interurban,1
global,1
reviewed,1
gymnasium,1
stories,1
secondary,1
treatment,1
available,1
copy,1
ieee,1
head,1
ample,1
best,1
xii,1
explores,1
could,1
nineties,1
style,1
striking,1
histories,1
print,1
together,1
found,1
moribund,1
instantaneous,1
desire,1
onmay,1
theme,1
environs,1
called,1
strength,1
careers,1
succeeds,1
thumb,1
brandeis,1
butitsworkmanlikeproseandroughtransitionsexhibitthesemidigested,1
reform,1
regulation,1
loyalty,1
forces,1
eugenics,1
imaginary,1
pressed,1
exotic,1
lacks,1
rich,1
effort,1
consulting,1
larger,1
served,1
physique,1
government,1
penned,1
coauthor,1
farther,1
apex,1
far,1
launched,1
stations,1
state,1
loyalism,1
entrepreneurial,1
transistor,1
corporatesponsored,1
variation,1
towering,1
products,1
real,1
historical,1
appropriately,1
legacy,1
considerable,1
propulsion,1
translating,1
struggle,1
u,1
reportage,1
proposed,1
compromised,1
surrounding,1
assessment,1
scores,1
february,1
punishment,1
m,1
commercialism,1
person,1
written,1
interviewed,1
competent,1
stand,1
finished,1
do,1
researching,1
decisively,1
supplant,1
current,1
born,1
opposite,1
surges,1
embody,1
focused,1
unlikely,1
despite,1
bastardize,1
sold,1
career,1
developing,1
proceedings,1
broader,1
quickly,1
accepted,1
them,1
terms,1
inventor,1
winthrop,1
produced,1
selected,1
renaissance,1
see,1
hailed,1
making,1
accounts,1
wave,1
plants,1
cause,1
oceangoing,1
younger,1
bemis,1
reginald,1
intertwined,1
grounds,1
uttered,1
shape,1
alchemy,1
mover,1
broadcasting,1
metals,1
juxtaposed,1
assortment,1
sport,1
levels,1
perhaps,1
indulgent,1
consultant,1
narrative,1
markers,1
vigorously,1
zenith,1
andre,1
enjoyed,1
indefatigably,1
ignoring,1
historians,1
documents,1
formulation,1
negotiated,1
edward,1
attaining,1
encountered,1
mill,1
firm,1
millard,1
benevolent,1
hall,1
because,1
laudable,1
ceded,1
resurrected,1
economics,1
reviewvs,1
kindnaped,1
gained,1
local,1
account,1
having,1
amplification,1
announced,1
image,1
week,1
felt,1
suggests,1
relatives,1
methodologies,1
r,1
capitalized,1
delivering,1
receive,1
greatest,1
reveals,1
conduit,1
data,1
contain,1
artifacts,1
used,1
spun,1
divided,1
whom,1
fourteen,1
player,1
popular,1
publish,1
lost,1
itwas,1
resided,1
pronouncements,1
intriguingly,1
imbalance,1
closer,1
apparatus,1
start,1
ideal,1
level,1
range,1
vital,1
prohibition,1
nine,1
situating,1
contours,1
clear,1
mastery,1
writings,1
transport,1
apart,1
dissinilar,1
bell,1
say,1
lake,1
reflecting,1
jove,1
hundreds,1
introduced,1
nontraditional,1
explains,1
astute,1
training,1
conspicuously,1
marketing,1
household,1
calls,1
liberal,1
magnetized,1
ship,1
pulls,1
november,1
recover,1
birds,1
fessenden,1
expand,1
louis,1
staudenmaier,1
aptitude,1
respectable,1
empirical,1
analyzing,1
philosophy,1
controls,1
went,1
forged,1
economists,1
creative,1
substance,1
implications,1
along,1
institute,1
freedom,1
operated,1
resistance,1
fashioned,1
virtually,1
alternating,1
manufacturing,1
make,1
pursuing,1
workshop,1
approach,1
signal,1
phenomenon,1
breakthrough,1
calculating,1
mention,1
ideas,1
harvard,1
expertise,1
writing,1
gain,1
institutional,1
human,1
accorded,1
runs,1
conflict,1
central,1
thereafter,1
invented,1
resonated,1
mentor,1
mathematical,1
throughout,1
royal,1
relief,1
personal,1
understanding,1
philosopher,1
suggested,1
differential,1
professionalism,1
deemed,1
importantly,1
improvements,1
lapsed,1
eras,1
contorted,1
tell,1
models,1
prominent,1
fame,1
few,1
preparation,1
instructive,1
received,1
scanning,1
xv,1
accommodation,1
professor,1
resist,1
initiated,1
against,1
puffed,1
graduate,1
modem,1
web,1
numerous,1
authors,1
grew,1
t,1
comprehensive,1
monkey,1
chemical,1
thrived,1
alternators,1
profession,1
rapidly,1
electronics,1
d,1
hawking,1
told,1
stockholm,1
aided,1
makes,1
interest,1
storytellers,1
integral,1
relatively,1
george,1
c,1
proteus,1
unearthed,1
professionalization,1
times,1
operational,1
compartmentalization,1
inspiring,1
deformity,1
caused,1
dayalexanderson,1
period,1
retired,1
ely,1
budding,1
manufacture,1
richard,1
workers,1
poker,1
quicker,1
prices,1
stage,1
debts,1
played,1
regular,1
given,1
crafted,1
affairs,1
espoused,1
order,1
practiced,1
rca,1
progressive,1
eye,1
epoch,1
consolidation,1
gun,1
standard,1
wroclaw,1
adjustment,1
provides,1
reveling,1
decided,1
elements,1
dielectric,1
involved,1
relations,1
latter,1
municipal,1
untouched,1
translated,1
graphical,1
reporter,1
small,1
hercules,1
envisioned,1
turned,1
carlson,1
demarcate,1
electrophysics,1
behind,1
accomplished,1
subjects,1
took,1
article,1
replace,1
formal,1
migrating,1
imaginative,1
study,1
appreciate,1
serving,1
jews,1
completing,1
realm,1
third,1
civic,1
integrated,1
become,1
disparate,1
magnetron,1
loyalist,1
strides,1
vacuum,1
dates,1
minus,1
enabled,1
boundaries,1
swelling,1
mainly,1
shortwave,1
telling,1
tended,1
corporations,1
amplidyne,1
cheaper,1
loving,1
thin,1
resilient,1
mechanical,1
transmission,1
heightened,1
raised,1
ceaselessly,1
empiricism,1
assistants,1
working,1
student,1
aggressively,1
etch,1
underdeveloped,1
traditional,1
evolution,1
ownership,1
focus,1
oscillations,1
finely,1
figures,1
colleague,1
strong,1
symbiotic,1
establishment,1
tendency,1
here,1
relative,1
corporatism,1
metamorphosis,1
should,1
fellow,1
ago,1
controversial,1
skill,1
generation,1
acted,1
moved,1
extremely,1
entrepreneurship,1
dynamo,1
activities,1
corporatist,1
merger,1
advantaged,1
examines,1
avoid,1
induction,1
rarefied,1
transmissions,1
werner,1
