WORDCOUNTS,WEIGHT
the,119
and,83
in,69
of,67
a,57
to,50
black,36
webber,34
his,30
s,30
their,20
for,20
he,19
was,16
life,13
is,13
by,12
that,12
salvatore,12
white,11
blacks,11
as,10
but,10
p,10
community,10
this,10
amos,9
were,9
philadelphia,8
with,8
middle,8
worcester,8
men,8
on,8
class,7
history,7
moral,7
northern,7
society,7
at,6
it,6
fraternal,6
book,6
an,6
they,5
american,5
or,5
from,5
women,5
more,5
urban,5
new,5
whites,5
like,5
so,5
world,5
later,4
veterans,4
church,4
one,4
not,4
into,4
organizations,4
military,4
all,4
had,4
are,4
what,4
war,4
reviews,4
has,4
local,4
both,4
its,4
which,4
social,4
when,4
moved,4
fishel,4
done,3
york,3
developed,3
service,3
who,3
lives,3
yet,3
h,3
experience,3
only,3
members,3
many,3
ghetto,3
narrative,3
out,3
lodge,3
living,3
cultural,3
political,3
where,3
recorded,3
march,3
used,3
code,3
angle,3
than,3
facts,3
need,3
be,3
early,3
we,3
civil,3
rights,2
thermometer,2
recognized,2
circle,2
whose,2
subordination,2
no,2
way,2
undoubtedly,2
figure,2
economic,2
been,2
vision,2
leslie,2
institutions,2
e,2
fifth,2
active,2
b,2
masons,2
inhabited,2
special,2
manhood,2
ways,2
support,2
fair,2
menial,2
cleveland,2
pp,2
topeka,2
environment,2
prejudice,2
before,2
right,2
hayes,2
colored,2
w,2
these,2
age,2
negative,2
harlem,2
first,2
member,2
learned,2
here,2
law,2
odd,2
detroit,2
cavalry,2
others,2
view,2
over,2
bucks,2
control,2
j,2
different,2
company,2
principles,2
extent,2
did,2
felt,2
post,2
lodges,2
lived,2
job,2
churches,2
evansville,2
events,2
very,2
reflected,2
francisco,2
wealthy,2
there,2
employment,2
though,2
them,2
ed,2
temperatures,2
gatewood,2
spoke,2
record,2
san,2
belief,2
brooklyn,2
america,2
memory,2
well,2
proudly,2
marked,2
activity,2
strengths,2
strict,2
county,2
point,2
city,2
two,2
elite,2
sympathetic,2
totally,2
himself,2
private,2
during,2
make,2
collective,2
work,2
human,2
regional,2
until,2
years,2
own,2
since,2
have,2
national,2
g,2
individual,2
would,2
nick,2
jr,2
century,2
order,2
family,2
perspective,2
several,2
influence,2
charles,2
parade,2
young,2
fellows,2
massachusetts,2
met,2
differing,2
north,2
notes,2
responsibility,2
general,2
separate,2
race,2
marching,2
relive,1
ethic,1
vantage,1
sumner,1
south,1
span,1
carried,1
battle,1
efficiencies,1
bedrock,1
poor,1
republican,1
physician,1
armored,1
geneva,1
underground,1
homes,1
mitigate,1
essential,1
willard,1
today,1
played,1
sins,1
practices,1
fairly,1
act,1
debating,1
african,1
assert,1
within,1
l,1
action,1
five,1
foibles,1
aimed,1
main,1
absent,1
adds,1
socials,1
comparative,1
rough,1
affairs,1
organizing,1
basic,1
play,1
might,1
somebody,1
liveable,1
predominately,1
admiration,1
brief,1
ordinary,1
determine,1
whirl,1
therefore,1
instincts,1
environments,1
daniels,1
succinct,1
opportunity,1
says,1
began,1
ostentatiously,1
notably,1
bill,1
interactions,1
wallpaper,1
substantively,1
passing,1
wurts,1
similar,1
pill,1
importance,1
greed,1
center,1
large,1
direct,1
balanced,1
ceilings,1
fort,1
achievements,1
religious,1
studies,1
columbian,1
insistence,1
often,1
eradicating,1
illustrations,1
kansas,1
deprecations,1
entries,1
about,1
united,1
hope,1
lizzie,1
formed,1
consequences,1
live,1
authority,1
ames,1
instances,1
patriarch,1
references,1
bias,1
understand,1
inconsistent,1
presidential,1
mans,1
steer,1
nor,1
funeral,1
katzman,1
country,1
serve,1
observance,1
counterparts,1
blows,1
gilded,1
decade,1
diplomatically,1
university,1
stephen,1
organization,1
confederate,1
neither,1
factual,1
marred,1
index,1
school,1
excoriated,1
deportations,1
repeated,1
jay,1
gould,1
exercised,1
railroad,1
sexes,1
total,1
eventually,1
belonged,1
any,1
takes,1
biographical,1
ordered,1
section,1
elsewhere,1
shock,1
just,1
aginst,1
growing,1
nineteenth,1
something,1
lessons,1
kusmer,1
sharply,1
house,1
conclusion,1
grace,1
demonstrates,1
chief,1
indian,1
frequently,1
sergeant,1
processions,1
denials,1
upper,1
grand,1
appeals,1
tapestry,1
four,1
indifference,1
webbers,1
extensive,1
emotions,1
acclaimed,1
ask,1
lower,1
being,1
wire,1
store,1
innate,1
continues,1
deserved,1
exposition,1
gap,1
officer,1
steadier,1
contrite,1
picture,1
sinfulness,1
misery,1
auxiliary,1
love,1
familiarity,1
random,1
humanity,1
barriers,1
party,1
putting,1
needy,1
circumferences,1
successfully,1
subsidiary,1
greatness,1
subjects,1
buoyed,1
challenge,1
helped,1
business,1
steady,1
stated,1
broadened,1
factory,1
evidence,1
important,1
kenneth,1
milieu,1
cox,1
know,1
trained,1
decades,1
patriot,1
revealing,1
undocumented,1
conflicts,1
grover,1
components,1
dubois,1
added,1
england,1
dentist,1
paper,1
expressed,1
elites,1
consciousness,1
shows,1
happening,1
neophyte,1
questioned,1
diligently,1
boyhood,1
leading,1
could,1
down,1
historical,1
daily,1
cocoon,1
shadow,1
half,1
called,1
terse,1
solace,1
access,1
extended,1
helping,1
rich,1
maneuver,1
vibrant,1
smith,1
sometime,1
atlantic,1
research,1
quintessential,1
sorrowful,1
embracing,1
pioneer,1
proved,1
emphases,1
blocked,1
real,1
cities,1
pennsylvania,1
man,1
jump,1
cartridge,1
xx,1
struggles,1
judgments,1
aristocrats,1
minister,1
reasons,1
fellow,1
honor,1
relegated,1
m,1
other,1
late,1
never,1
darrel,1
outside,1
hand,1
respond,1
beginning,1
henry,1
outlook,1
activism,1
richmond,1
born,1
suffering,1
regiment,1
manner,1
healthy,1
published,1
stock,1
johns,1
nationally,1
fisher,1
lead,1
month,1
racial,1
context,1
interruption,1
viewed,1
rose,1
jobs,1
citizenship,1
list,1
sentence,1
jim,1
making,1
magazines,1
partners,1
evaluation,1
separates,1
stirred,1
scale,1
imposed,1
coerced,1
however,1
deep,1
pretty,1
dr,1
spiritual,1
saving,1
writes,1
central,1
college,1
books,1
exploration,1
historians,1
jones,1
public,1
triumph,1
counterpart,1
characterizes,1
hopkins,1
while,1
procession,1
free,1
orator,1
u,1
mill,1
firm,1
day,1
regalia,1
because,1
kitchen,1
distinguishes,1
kathryn,1
reacting,1
stance,1
shape,1
calhoun,1
osofsky,1
accountability,1
information,1
account,1
almost,1
participation,1
demonstrated,1
reenforced,1
suggests,1
determined,1
politics,1
compelling,1
strengthened,1
data,1
secured,1
africanamerican,1
rutherford,1
sumter,1
sewing,1
fisk,1
douglas,1
indiana,1
birth,1
janitor,1
parades,1
some,1
bibliography,1
mutes,1
insight,1
level,1
vital,1
values,1
son,1
insights,1
petersburg,1
protected,1
discrimination,1
reported,1
say,1
respect,1
part,1
grows,1
x,1
including,1
progress,1
sent,1
participatory,1
household,1
knowledge,1
contacts,1
press,1
apply,1
role,1
nation,1
duty,1
exploring,1
identity,1
positions,1
transition,1
unhappy,1
got,1
incensed,1
use,1
affection,1
recounts,1
largely,1
force,1
resented,1
harold,1
broad,1
using,1
framework,1
now,1
actually,1
tribute,1
repeatedly,1
bitter,1
evolution,1
rare,1
winter,1
associations,1
urbanites,1
gar,1
services,1
individuals,1
chapters,1
our,1
call,1
personal,1
focuses,1
credo,1
heidelberg,1
employed,1
formation,1
trial,1
centennial,1
relationships,1
internal,1
swallow,1
author,1
standing,1
amends,1
negro,1
burden,1
colered,1
received,1
ignored,1
quality,1
presbyterian,1
color,1
currents,1
past,1
clubs,1
three,1
messenger,1
against,1
realized,1
errors,1
absorb,1
sic,1
fatherless,1
accept,1
imperative,1
restrictions,1
interest,1
spawned,1
good,1
characteristic,1
ability,1
crust,1
moment,1
joined,1
mixed,1
construct,1
david,1
pride,1
although,1
immediately,1
sense,1
happenings,1
highlighting,1
jotted,1
shared,1
aroused,1
him,1
supportively,1
revolution,1
gilbert,1
ineptitudes,1
states,1
obvious,1
republic,1
conquered,1
centrality,1
framed,1
frigid,1
forced,1
defined,1
forming,1
proximity,1
after,1
conversation,1
modest,1
rank,1
provides,1
measured,1
thomas,1
elements,1
association,1
belt,1
around,1
anniversaries,1
direction,1
reporter,1
summary,1
blank,1
educational,1
witness,1
offered,1
observation,1
undergirded,1
few,1
problems,1
profound,1
include,1
somehow,1
multiple,1
potential,1
took,1
news,1
marriage,1
satisfy,1
slave,1
newspapers,1
exhaustive,1
catchers,1
c,1
grumbled,1
texas,1
left,1
mainly,1
accordingly,1
employers,1
can,1
find,1
monographs,1
died,1
fully,1
brevet,1
inconsiderable,1
up,1
through,1
drawn,1
even,1
persuaded,1
participant,1
infantry,1
wife,1
connolly,1
tuff,1
tones,1
apparently,1
prison,1
appreciated,1
weave,1
mirroring,1
observed,1
joint,1
bigham,1
guard,1
leadership,1
communities,1
businessman,1
employer,1
celebrating,1
provided,1
generation,1
musket,1
sole,1
groundbreaking,1
maleness,1
gleaned,1
major,1
attended,1
examines,1
