WORDCOUNTS,WEIGHT
the,152
of,130
and,101
to,82
in,60
a,48
orphanages,45
hacsi,43
that,37
s,36
children,33
their,32
from,24
by,24
as,18
orphan,18
asylums,18
for,17
managers,15
institutions,15
is,14
parents,14
were,14
they,13
asylum,13
he,12
or,12
religious,10
progressive,10
child,9
with,9
history,9
home,9
more,9
care,9
p,9
catholic,9
on,9
orphanage,9
at,8
poor,8
about,8
but,8
families,8
chapter,8
an,8
welfare,7
topical,7
these,7
historical,7
both,7
be,7
chronological,6
second,6
american,6
one,6
education,6
was,6
most,6
social,6
not,6
also,6
integrative,6
protestant,6
view,6
are,6
other,6
carp,6
this,6
era,6
than,6
it,5
aid,5
his,5
who,5
antebellum,5
had,5
type,5
state,5
reviews,5
protective,5
number,5
became,5
such,5
recent,5
variety,4
kenneth,4
growth,4
short,4
e,4
criticism,4
vs,4
lives,4
university,4
management,4
into,4
charity,4
only,4
rather,4
many,4
between,4
own,4
reform,4
what,4
them,4
material,4
cmiel,4
has,4
jewish,4
transition,4
policies,4
chapters,4
which,4
institutional,4
individual,4
isolating,4
would,4
century,4
after,4
macroscopic,4
chicago,4
through,4
majority,4
notes,4
various,3
how,3
foster,3
mckeown,3
returned,3
philosophy,3
types,3
studies,3
immigrant,3
wanted,3
under,3
policy,3
practice,3
protect,3
no,3
four,3
two,3
over,3
all,3
standards,3
eventually,3
time,3
new,3
orphans,3
interpretations,3
late,3
poverty,3
inmates,3
less,3
case,3
placed,3
wayne,3
america,3
march,3
information,3
integrationist,3
vast,3
understanding,3
organization,3
place,3
away,3
historiographic,3
run,3
twentieth,3
national,3
interest,3
although,3
period,3
workers,3
order,3
research,3
impoverished,3
should,3
mangers,3
brown,3
will,2
genuinely,2
cottage,2
continued,2
hostile,2
if,2
concerned,2
play,2
elizabeth,2
decades,2
return,2
account,2
worthy,2
mean,2
whatever,2
adoption,2
loring,2
necessary,2
began,2
nursery,2
why,2
study,2
communities,2
adc,2
motivation,2
support,2
microscope,2
former,2
during,2
favorable,2
unlike,2
included,2
then,2
any,2
culture,2
traces,2
received,2
reports,2
dorothy,2
first,2
either,2
dulberger,2
sources,2
every,2
funding,2
schooling,2
heritage,2
book,2
m,2
opinion,2
providing,2
death,2
treatment,2
similarly,2
control,2
efforts,2
lack,2
board,2
scholars,2
benevolent,2
found,2
reasons,2
strength,2
out,2
deal,2
carson,2
able,2
separating,2
charges,2
past,2
there,2
integrate,2
motives,2
readers,2
took,2
though,2
causes,2
according,2
aspects,2
racial,2
terms,2
population,2
form,2
see,2
system,2
ones,2
judith,2
character,2
otherwise,2
however,2
advocates,2
because,2
another,2
keeping,2
original,2
some,2
emphasis,2
work,2
community,2
mental,2
point,2
example,2
staffing,2
press,2
gender,2
traditional,2
emphasize,2
postbellum,2
people,2
harvard,2
ethnic,2
stay,2
unemployment,2
years,2
clear,2
three,2
have,2
rothman,2
change,2
relatively,2
david,2
homes,2
d,2
reformers,2
attributes,2
stresses,2
accurate,2
inmate,2
emphasizes,2
nurith,2
putting,2
perspective,2
needs,2
concerning,2
especially,2
charles,2
six,2
allowing,2
brace,2
narrative,2
methodological,2
when,2
views,2
even,2
censuses,2
much,2
timothy,2
we,2
training,2
provided,2
finds,2
weakness,2
zmora,2
society,2
freud,1
increasing,1
ranging,1
dealing,1
span,1
themes,1
go,1
does,1
yields,1
now,1
ueland,1
regimentation,1
fraternal,1
led,1
profoundly,1
mostly,1
adhering,1
philadelphia,1
experience,1
americans,1
york,1
raison,1
deny,1
today,1
fathers,1
note,1
advocate,1
practices,1
generalization,1
minimizes,1
common,1
meets,1
act,1
statistical,1
provide,1
strictures,1
camp,1
within,1
usually,1
five,1
centrality,1
troubled,1
groups,1
carnegie,1
obscures,1
synthesis,1
impressive,1
destroying,1
service,1
remain,1
prose,1
resisted,1
separated,1
forced,1
limited,1
elsa,1
epidemics,1
mindset,1
reconsidered,1
resulted,1
levels,1
urges,1
college,1
widespread,1
nearly,1
male,1
primarily,1
presentation,1
enters,1
process,1
revisionism,1
success,1
politicians,1
secretary,1
psychiatry,1
catholics,1
opportunity,1
explaining,1
layman,1
president,1
understand,1
managerial,1
eight,1
contribution,1
whether,1
church,1
importance,1
grew,1
reforming,1
likewise,1
switches,1
large,1
derived,1
direct,1
institutionalized,1
changes,1
chapin,1
structural,1
often,1
perhaps,1
agency,1
white,1
surrogate,1
secondarily,1
existed,1
stays,1
achieve,1
meritorious,1
surprising,1
informative,1
factors,1
pacific,1
moreover,1
ascribes,1
homogenizes,1
lutheran,1
elaboration,1
thought,1
atmosphere,1
get,1
articles,1
pp,1
read,1
vacations,1
older,1
appendixes,1
sound,1
initiative,1
crowded,1
charities,1
counterparts,1
supervised,1
female,1
fail,1
disclosure,1
god,1
dewey,1
matters,1
quite,1
revising,1
family,1
harsher,1
thesis,1
index,1
denounced,1
raged,1
virtually,1
cholera,1
harsh,1
isolationist,1
charitable,1
share,1
sociological,1
behavior,1
sexes,1
small,1
light,1
before,1
complete,1
cheers,1
conclusions,1
just,1
girls,1
exceptions,1
same,1
numbers,1
baltimore,1
conclusion,1
disinterested,1
savers,1
cottages,1
chief,1
agencies,1
changing,1
twentiethcentury,1
nineteenthcentury,1
largest,1
organize,1
contempt,1
age,1
educational,1
department,1
emotional,1
oppressive,1
struck,1
visits,1
being,1
sanguine,1
rise,1
look,1
evolve,1
picture,1
exceed,1
newt,1
useful,1
physical,1
testimony,1
generally,1
supported,1
embraced,1
june,1
resistance,1
lucid,1
interests,1
successfully,1
solve,1
paul,1
shifted,1
derives,1
discharged,1
bulk,1
later,1
films,1
important,1
gymnastics,1
know,1
motivations,1
again,1
admirable,1
others,1
ran,1
advocated,1
stands,1
familiar,1
methodology,1
ineffectual,1
permanently,1
stem,1
image,1
addition,1
grace,1
finance,1
parental,1
americanization,1
dissertations,1
distinction,1
did,1
joins,1
contends,1
novel,1
fact,1
based,1
idea,1
encyclopedic,1
declined,1
unknown,1
secondary,1
professions,1
monotonous,1
microscopes,1
belong,1
daily,1
ph,1
printed,1
difficulty,1
half,1
great,1
beliefs,1
dated,1
current,1
returns,1
portrayal,1
speaker,1
choice,1
nineteen,1
seven,1
achievement,1
break,1
larger,1
demands,1
job,1
valley,1
generalize,1
school,1
thanks,1
indulgences,1
john,1
concludes,1
criticisms,1
composition,1
harmful,1
embodiment,1
debates,1
religion,1
worker,1
doubt,1
primary,1
build,1
real,1
illness,1
convert,1
advocacy,1
external,1
etre,1
works,1
legislation,1
childplacers,1
big,1
makeup,1
places,1
academic,1
turned,1
improving,1
holidays,1
growing,1
tangle,1
influences,1
do,1
monographs,1
congregate,1
present,1
stayed,1
furthermore,1
william,1
rearing,1
liberalized,1
discipline,1
reading,1
where,1
war,1
sentimental,1
focus,1
secular,1
segregated,1
johns,1
hall,1
proceedings,1
purposes,1
accepted,1
shared,1
classifies,1
unearthing,1
viewed,1
making,1
references,1
scouting,1
quote,1
takes,1
house,1
refute,1
urbanely,1
pains,1
effort,1
refuge,1
writes,1
theory,1
researchers,1
conferences,1
difficulties,1
leaving,1
problem,1
distance,1
formulation,1
public,1
earlier,1
always,1
hopkins,1
while,1
sought,1
destroyed,1
mass,1
chair,1
differs,1
revises,1
briefly,1
outlines,1
percent,1
bibliographic,1
failure,1
well,1
remained,1
uncertainty,1
depriving,1
connections,1
fight,1
argues,1
main,1
almost,1
gamut,1
demonstrated,1
placement,1
reorganize,1
psychology,1
possible,1
future,1
private,1
hundreds,1
predatory,1
closed,1
data,1
contosta,1
unworthy,1
churches,1
popular,1
throw,1
characterization,1
st,1
strengths,1
functions,1
made,1
veils,1
bibliography,1
start,1
recommended,1
mothers,1
range,1
bland,1
occasionally,1
values,1
insights,1
true,1
feat,1
reader,1
r,1
sides,1
diss,1
taking,1
county,1
benevolently,1
combination,1
met,1
nature,1
part,1
x,1
including,1
discusses,1
city,1
enormous,1
civil,1
increase,1
curriculum,1
calls,1
trends,1
us,1
negative,1
role,1
correlation,1
confirms,1
representing,1
provoking,1
its,1
giving,1
himself,1
mentally,1
discussed,1
intended,1
findings,1
returning,1
simply,1
significant,1
food,1
target,1
describe,1
database,1
obtain,1
discussions,1
masks,1
policymakers,1
obscured,1
montessori,1
issues,1
diversity,1
maria,1
maintained,1
guided,1
reveals,1
placing,1
writing,1
aspect,1
evolution,1
statistics,1
take,1
central,1
goal,1
multiply,1
our,1
throughout,1
focuses,1
affiliation,1
question,1
deft,1
de,1
sectarian,1
importantly,1
institution,1
surely,1
believes,1
nevertheless,1
professor,1
adopting,1
ultimately,1
until,1
shelter,1
reclaim,1
described,1
lay,1
project,1
smallest,1
gingrich,1
development,1
biennial,1
interested,1
skills,1
cambridge,1
relative,1
backgrounds,1
initial,1
dominated,1
against,1
moral,1
abused,1
tables,1
approach,1
institutionalization,1
purposely,1
comprehensive,1
lamented,1
ceasing,1
author,1
imperative,1
causal,1
evils,1
good,1
admission,1
ability,1
anxious,1
shed,1
solution,1
mixed,1
instead,1
controversies,1
include,1
particularized,1
below,1
love,1
prodigious,1
so,1
function,1
summer,1
responses,1
high,1
risen,1
tripartite,1
schools,1
next,1
effects,1
quotes,1
kind,1
contrast,1
attempted,1
thing,1
preservation,1
recklessly,1
standard,1
presenting,1
provides,1
computer,1
typology,1
self,1
better,1
repressor,1
roughly,1
undertaken,1
several,1
belief,1
averaging,1
few,1
problems,1
amount,1
back,1
subjects,1
contrary,1
trying,1
best,1
routine,1
response,1
depression,1
temporary,1
constructing,1
brought,1
houses,1
plethora,1
pensions,1
races,1
served,1
recipients,1
halforphan,1
decline,1
secrecy,1
distinguished,1
played,1
overcrowding,1
effect,1
tended,1
teach,1
weakening,1
compare,1
find,1
remainder,1
mellon,1
fully,1
managed,1
create,1
early,1
annual,1
custodians,1
vincent,1
childsavers,1
entire,1
consequently,1
dependent,1
designed,1
those,1
salvation,1
lacuna,1
bennett,1
souls,1
reunited,1
world,1
among,1
saw,1
achieves,1
ignored,1
fellow,1
building,1
microscopic,1
hardly,1
doing,1
attendance,1
arithmetic,1
acted,1
quells,1
cultural,1
sisters,1
race,1
denominations,1
decision,1
looking,1
lend,1
walls,1
