WORDCOUNTS,WEIGHT
the,179
of,135
and,65
in,56
to,45
a,34
as,30
s,27
that,22
zakai,21
new,20
is,19
bozeman,18
england,17
puritan,17
on,15
not,14
with,14
history,14
p,14
it,13
kingdom,13
sacred,13
book,11
their,10
puritans,10
which,10
church,9
was,9
migration,9
errand,9
puritanism,9
an,9
at,8
his,8
exile,8
from,8
for,8
america,8
wilderness,8
sense,8
one,7
some,7
were,7
this,7
american,6
god,6
but,6
more,6
did,6
has,6
would,6
they,5
religious,5
space,5
lives,5
pp,5
thesis,5
or,5
ancient,5
by,5
elect,5
creation,5
protestant,5
had,5
vision,5
time,5
john,5
became,5
nation,5
its,5
be,5
even,5
christian,4
he,4
into,4
exodus,4
holy,4
founding,4
place,4
colonial,4
have,4
author,4
type,4
settlement,4
through,4
than,4
genesis,3
miller,3
page,3
perry,3
if,3
within,3
main,3
generations,3
how,3
who,3
revelation,3
english,3
ways,3
university,3
before,3
must,3
two,3
simply,3
only,3
published,3
view,3
historiography,3
been,3
very,3
merely,3
written,3
englanders,3
according,3
eschatological,3
reviews,3
existence,3
statement,3
really,3
well,3
chapter,3
almost,3
understanding,3
both,3
apocalyptic,3
brightman,3
foxe,3
own,3
chapters,3
argument,3
motives,3
land,3
catholic,3
earlier,3
thomas,3
event,3
charles,3
nations,2
model,2
promised,2
european,2
will,2
does,2
press,2
now,2
give,2
statements,2
later,2
sentences,2
merits,2
notion,2
becomes,2
e,2
goes,2
itself,2
after,2
connected,2
similar,2
certain,2
movement,2
helpful,2
study,2
analysis,2
live,2
thought,2
decade,2
founders,2
thinking,2
section,2
believed,2
redemptive,2
martyrs,2
conclusion,2
observations,2
these,2
age,2
constituted,2
being,2
stated,2
over,2
many,2
tradition,2
key,2
scholars,2
luther,2
any,2
international,2
theology,2
haller,2
take,2
there,2
other,2
further,2
what,2
terms,2
winthrop,2
while,2
historiographical,2
zion,2
argues,2
account,2
having,2
virginia,2
discussion,2
work,2
providential,2
reader,2
commonwealth,2
prophetic,2
year,2
flight,2
think,2
our,2
until,2
such,2
cambridge,2
polity,2
initial,2
three,2
september,2
citing,2
exemplary,2
arena,2
last,2
prophecy,2
long,2
especially,2
few,2
millennialism,2
hebrew,2
avihu,2
pure,2
churches,2
find,2
when,2
up,2
extent,2
little,2
much,2
among,2
hooker,2
though,2
influence,2
society,2
critics,1
failed,1
go,1
opposed,1
relying,1
where,1
antichristian,1
currently,1
likely,1
spiral,1
urged,1
moses,1
note,1
geotheological,1
no,1
ing,1
astonished,1
without,1
way,1
independent,1
continued,1
act,1
true,1
sacralization,1
revisionists,1
identified,1
economic,1
erect,1
commentary,1
geoapocalyptic,1
seminary,1
effected,1
spirituality,1
centered,1
imagery,1
indeed,1
synthesis,1
bale,1
practical,1
edward,1
site,1
hill,1
carefully,1
anglican,1
critical,1
cloud,1
motivated,1
geotheology,1
lines,1
classic,1
forwardlooking,1
discredited,1
doctrine,1
slow,1
represented,1
detailed,1
still,1
judgment,1
harry,1
introduction,1
phrases,1
force,1
prose,1
manuscript,1
passing,1
standing,1
importance,1
center,1
direct,1
recently,1
replaced,1
judged,1
tends,1
life,1
makes,1
myth,1
millenialism,1
expectations,1
properly,1
apocalypse,1
about,1
united,1
once,1
usefully,1
salvation,1
interpretation,1
citizens,1
reference,1
soul,1
vs,1
unanswered,1
utterly,1
studies,1
read,1
gathered,1
partnership,1
monumental,1
mission,1
old,1
latter,1
columbus,1
spirit,1
considered,1
tempered,1
trace,1
challenged,1
detail,1
essential,1
position,1
factual,1
index,1
prophesied,1
acquired,1
elizabeth,1
profane,1
title,1
invent,1
inaugurating,1
then,1
teaches,1
clearly,1
light,1
constant,1
dig,1
culture,1
viewpoints,1
purity,1
impact,1
arguing,1
premigration,1
exemplified,1
demonstrates,1
chief,1
luminous,1
incorporated,1
already,1
biography,1
eschatology,1
four,1
most,1
show,1
corner,1
experience,1
extensive,1
begins,1
mention,1
ever,1
invoked,1
first,1
rise,1
extension,1
powerful,1
exposition,1
cotton,1
failing,1
claims,1
sources,1
defects,1
rather,1
roman,1
letters,1
here,1
eerdmans,1
dwight,1
uncritically,1
grips,1
expression,1
outcome,1
again,1
others,1
dimension,1
summe,1
consecrated,1
christ,1
myths,1
theocracy,1
thrust,1
worked,1
editorially,1
image,1
all,1
advanced,1
readily,1
whereas,1
greater,1
complementary,1
are,1
words,1
advance,1
autonomous,1
urgency,1
based,1
shows,1
lack,1
serous,1
affinities,1
location,1
believe,1
asserts,1
societies,1
canaan,1
appearance,1
succeeds,1
argue,1
preaching,1
mandate,1
strength,1
reformed,1
current,1
essence,1
effort,1
achievement,1
revisions,1
changed,1
classical,1
churche,1
intellectuals,1
disperse,1
lancaster,1
glacially,1
framework,1
defeat,1
events,1
providence,1
realize,1
primary,1
survey,1
virginians,1
outpost,1
pennsylvania,1
fashion,1
impending,1
great,1
respects,1
sermons,1
advances,1
destroyed,1
never,1
accurately,1
beginning,1
concepts,1
primitive,1
decisively,1
ground,1
robert,1
william,1
contrasting,1
political,1
timidity,1
discuss,1
discipline,1
war,1
theodore,1
fellowships,1
sermon,1
johns,1
strained,1
motivating,1
reign,1
amillennial,1
lecturer,1
anticipate,1
whether,1
heavily,1
see,1
sidestepping,1
promise,1
abraham,1
issue,1
excellent,1
involves,1
confines,1
spoke,1
final,1
apostles,1
ignorance,1
flaws,1
hoped,1
forthcoming,1
spiritual,1
perhaps,1
writes,1
heartbeat,1
compelled,1
trial,1
problem,1
premise,1
reminder,1
public,1
task,1
died,1
useful,1
shifts,1
hopkins,1
primitivist,1
planted,1
day,1
distinguishes,1
violent,1
institutions,1
jeremiads,1
interpreting,1
voice,1
theological,1
wonders,1
covenant,1
credit,1
entirety,1
coherent,1
marked,1
suspicion,1
aptly,1
literature,1
middle,1
apostolic,1
finished,1
drive,1
prior,1
middlekauff,1
reversed,1
obvious,1
pietistic,1
repetition,1
claim,1
wrestle,1
story,1
part,1
twelfth,1
x,1
london,1
city,1
example,1
civil,1
cited,1
judge,1
discrediting,1
reconstruction,1
along,1
core,1
federal,1
subject,1
caught,1
mat,1
traditional,1
aspirations,1
out,1
territory,1
significant,1
whole,1
extended,1
gave,1
overestimates,1
universe,1
prevailed,1
arguments,1
editorial,1
divided,1
challenges,1
warranted,1
ideas,1
evangelicalism,1
coming,1
regarding,1
construed,1
hour,1
thus,1
come,1
however,1
question,1
eleventh,1
arbella,1
establishing,1
unsurpassed,1
astute,1
operative,1
showing,1
theme,1
stout,1
years,1
sailed,1
development,1
received,1
visions,1
my,1
finney,1
biblical,1
radically,1
millennium,1
pursuit,1
publication,1
g,1
mathers,1
points,1
accept,1
passe,1
dominated,1
essay,1
divine,1
change,1
social,1
held,1
general,1
least,1
dismisses,1
grown,1
reviewers,1
d,1
application,1
need,1
inventing,1
so,1
embattled,1
him,1
revolution,1
suggest,1
century,1
congregational,1
serves,1
linking,1
kind,1
order,1
attempted,1
off,1
desacralization,1
eye,1
theocratic,1
quite,1
heart,1
elements,1
denied,1
plantation,1
family,1
reformation,1
monotonously,1
displays,1
strangely,1
accuse,1
needs,1
state,1
contrary,1
body,1
migrating,1
eyes,1
parallel,1
assumed,1
governments,1
seventeenth,1
invoke,1
presence,1
regularity,1
become,1
suffers,1
overcome,1
rejection,1
scholarship,1
johnson,1
single,1
telling,1
enterprise,1
like,1
fully,1
views,1
explore,1
substantial,1
recur,1
analyze,1
moves,1
instruments,1
looked,1
gulf,1
critique,1
world,1
geography,1
seek,1
ends,1
unreservedly,1
roots,1
notes,1
relative,1
famous,1
conveyed,1
ago,1
hardly,1
showed,1
acknowledge,1
pastor,1
overdue,1
jerusalem,1
error,1
major,1
because,1
