WORDCOUNTS,WEIGHT
the,189
of,160
and,122
in,85
to,74
a,55
degler,49
that,44
is,40
as,38
for,29
human,26
s,21
his,20
has,20
this,19
social,18
an,18
it,17
have,17
be,17
with,16
but,16
by,16
which,15
or,14
on,14
not,13
new,13
he,12
about,12
history,12
more,12
are,11
nature,11
science,10
american,10
sociobiology,10
at,9
biological,9
other,9
culture,8
from,8
i,8
its,8
can,8
even,8
been,7
biology,7
all,7
animal,7
well,7
behavior,7
we,7
than,7
explanations,6
one,6
studies,6
sciences,6
questions,6
book,6
very,6
genes,6
historians,6
some,6
understanding,6
both,6
like,6
century,6
no,5
way,5
them,5
their,5
was,5
being,5
only,5
anthropology,5
fact,5
own,5
behavioral,5
past,5
concept,5
genetic,5
our,5
were,5
since,5
there,5
would,5
men,5
fass,5
now,4
how,4
presentation,4
who,4
they,4
life,4
thought,4
university,4
aversion,4
darwin,4
important,4
natural,4
intellectual,4
societies,4
could,4
p,4
historical,4
man,4
just,4
reviews,4
context,4
issue,4
problem,4
while,4
literature,4
discussion,4
disciplines,4
much,4
people,4
evolution,4
search,4
twentieth,4
women,4
so,4
suggest,3
may,3
darwinism,3
center,3
often,3
us,3
today,3
then,3
experience,3
said,3
first,3
inheritance,3
carl,3
philosophy,3
years,3
preference,3
had,3
scientists,3
areas,3
simple,3
john,3
contemporary,3
mind,3
racist,3
those,3
where,3
less,3
takes,3
material,3
knauft,3
her,3
another,3
almost,3
obvious,3
insights,3
part,3
through,3
alternatives,3
role,3
must,3
ross,3
largely,3
make,3
ideas,3
think,3
finally,3
mead,3
nurture,3
sense,3
field,3
old,3
needs,3
influence,3
especially,3
june,3
study,3
between,3
ancestors,3
always,3
early,3
when,3
blood,3
discusses,3
among,3
fails,2
will,2
primate,2
does,2
therefore,2
boas,2
situation,2
york,2
humans,2
provide,2
common,2
rather,2
if,2
sometimes,2
meaning,2
vision,2
synthesis,2
testing,2
learning,2
truth,2
career,2
return,2
violence,2
resulted,2
over,2
contribution,2
rapidly,2
large,2
ask,2
united,2
once,2
authority,2
composed,2
h,2
pp,2
many,2
dewey,2
neither,2
seems,2
critical,2
seriously,2
thinking,2
perspectives,2
section,2
eager,2
too,2
footing,2
most,2
two,2
demonstrate,2
origins,2
fellow,2
sustained,2
set,2
darwinian,2
others,2
dubois,2
terrain,2
control,2
into,2
advanced,2
clifford,2
cultures,2
herbert,2
my,2
based,2
fundamental,2
together,2
half,2
convert,2
constructions,2
universal,2
out,2
never,2
criticisms,2
contends,2
captured,2
great,2
last,2
conclusions,2
clarity,2
cultural,2
california,2
dorothy,2
answer,2
cannot,2
bruce,2
seem,2
conviction,2
deep,2
perhaps,2
controversy,2
really,2
because,2
such,2
basis,2
work,2
explanation,2
significantly,2
story,2
reality,2
far,2
example,2
knowledge,2
behaviors,2
press,2
gender,2
geertz,2
whole,2
year,2
emphasizing,2
issues,2
products,2
long,2
paula,2
maintains,2
thus,2
nothing,2
review,2
enthusiasm,2
project,2
explained,2
negro,2
argues,2
status,2
significance,2
margaret,2
truths,2
three,2
change,2
instead,2
complex,2
hardly,2
states,2
asked,2
contrast,2
black,2
family,2
ethology,2
concerns,2
highly,2
aggressiveness,2
themselves,2
point,2
within,2
essays,2
strong,2
roots,2
deeply,2
recent,2
connections,2
provided,2
political,2
am,2
animals,2
race,2
division,2
major,2
freud,1
subsequently,1
increasing,1
behaviorist,1
cite,1
mental,1
given,1
enough,1
interesting,1
competition,1
underlies,1
flesh,1
racism,1
candid,1
surpassed,1
whose,1
deny,1
page,1
upset,1
reflects,1
objectionable,1
raise,1
matter,1
raw,1
education,1
hereditarian,1
materials,1
digs,1
act,1
fell,1
shortest,1
sapiens,1
degree,1
bring,1
answered,1
action,1
homo,1
five,1
minorities,1
industrialization,1
unabated,1
service,1
distorted,1
essence,1
stood,1
prize,1
revival,1
ironic,1
aggressive,1
adapt,1
basic,1
protections,1
counterhypothesis,1
decades,1
berkeley,1
abbreviate,1
appreciation,1
homogenized,1
brief,1
discredited,1
findings,1
filled,1
goodall,1
primarily,1
binary,1
exception,1
becomes,1
e,1
referred,1
success,1
reason,1
attempt,1
whatever,1
believing,1
adopted,1
sahlins,1
kroeber,1
goes,1
mountains,1
benedict,1
says,1
began,1
worse,1
effectively,1
whiff,1
after,1
disregard,1
linguistic,1
former,1
connect,1
sympathetic,1
transformation,1
importance,1
b,1
movement,1
heal,1
artist,1
direct,1
terms,1
parts,1
induce,1
deepest,1
ten,1
pretend,1
competitiveness,1
leaves,1
boaz,1
ample,1
aggression,1
elaborated,1
pristine,1
elaborate,1
form,1
tend,1
white,1
lay,1
govern,1
anchor,1
feel,1
slogan,1
makeup,1
dismiss,1
consequences,1
space,1
cherished,1
oxford,1
loaded,1
annoying,1
primatology,1
turmoil,1
ones,1
ways,1
elaboration,1
interpretation,1
creatures,1
sinister,1
exists,1
slowly,1
get,1
completely,1
promise,1
repressed,1
repressive,1
problematic,1
developments,1
interpretive,1
grounded,1
hegemonic,1
better,1
sex,1
marks,1
methods,1
decade,1
acceptance,1
possibly,1
challenged,1
specifics,1
times,1
stephen,1
claims,1
amidst,1
reconnect,1
index,1
potentials,1
marshall,1
prejudice,1
stripping,1
repeated,1
habits,1
attends,1
sexes,1
heavy,1
rarely,1
biosocial,1
paper,1
linked,1
eagerness,1
shade,1
historian,1
singular,1
watson,1
growing,1
heirs,1
n,1
nineteenth,1
impact,1
dominate,1
transcended,1
psychologists,1
equilibrium,1
quoted,1
acquainted,1
sheer,1
hearts,1
comity,1
ruth,1
mentioned,1
version,1
words,1
hopes,1
w,1
root,1
pulitzer,1
odds,1
orientation,1
siren,1
show,1
conceptualization,1
under,1
superior,1
ever,1
continues,1
frameworks,1
powerful,1
known,1
comes,1
gravity,1
lot,1
foucault,1
nose,1
beyond,1
reciprocity,1
explaining,1
offered,1
disciplinary,1
present,1
intergroup,1
double,1
useful,1
defines,1
temporal,1
generally,1
organization,1
quotes,1
familiarity,1
dualistic,1
specifically,1
transformative,1
resourcefulness,1
lengths,1
fire,1
reassurance,1
disagreement,1
here,1
forgot,1
pregnancy,1
determinate,1
explain,1
attacks,1
respected,1
news,1
stated,1
neohegelian,1
suggested,1
again,1
might,1
handily,1
kind,1
renewed,1
constitution,1
similarly,1
sunday,1
dominated,1
franz,1
asserts,1
proof,1
introducing,1
each,1
fault,1
simplest,1
j,1
fortificationits,1
proponents,1
scientist,1
efforts,1
result,1
speaks,1
egalitarians,1
different,1
aspect,1
abandonment,1
relativistic,1
shows,1
outside,1
creativity,1
idea,1
marker,1
image,1
conflagration,1
attractive,1
believe,1
gone,1
certainty,1
continue,1
goddard,1
murky,1
maternal,1
usually,1
advantage,1
discount,1
malign,1
wonderfully,1
found,1
estimation,1
begun,1
beliefs,1
smart,1
critically,1
journals,1
right,1
differences,1
returns,1
full,1
epistemological,1
eugenics,1
taboo,1
fully,1
tangible,1
prefitted,1
stretching,1
deal,1
incorporation,1
sedentary,1
closer,1
launched,1
radical,1
centrally,1
breakdown,1
doubt,1
detail,1
heels,1
risk,1
initial,1
achieved,1
lenses,1
appeared,1
living,1
assessment,1
flowed,1
anthropologist,1
late,1
reproductive,1
patterns,1
state,1
greeted,1
emphasized,1
following,1
do,1
abstract,1
learn,1
equally,1
id,1
ground,1
current,1
understood,1
play,1
according,1
day,1
mid,1
rundown,1
solved,1
what,1
war,1
relations,1
johns,1
validity,1
tonic,1
whether,1
historicism,1
addresses,1
recently,1
population,1
reduced,1
triggered,1
accounts,1
choice,1
logical,1
environmental,1
neodarwinian,1
sociology,1
thin,1
intertwined,1
declared,1
however,1
attitudes,1
jane,1
alfred,1
simplicity,1
paperback,1
rossi,1
maccoby,1
ideological,1
belief,1
required,1
conferences,1
nigh,1
alice,1
books,1
avid,1
method,1
jewish,1
predispositons,1
captures,1
sociality,1
listen,1
hopkins,1
ravages,1
unchecked,1
free,1
determine,1
iv,1
firm,1
information,1
saying,1
discuss,1
brilliant,1
immediate,1
divide,1
percent,1
undermined,1
explored,1
hierarchies,1
chapter,1
voice,1
influenced,1
socialized,1
having,1
demonstrated,1
psychology,1
development,1
suggests,1
emphasis,1
popular,1
marked,1
line,1
disprove,1
data,1
spending,1
fundamentally,1
progress,1
front,1
link,1
solve,1
adopting,1
devotes,1
rendered,1
adopts,1
certainties,1
made,1
bodies,1
hiatus,1
upon,1
range,1
vital,1
represented,1
altruism,1
claim,1
sides,1
recognition,1
altered,1
prominent,1
biologically,1
discovered,1
seen,1
surrounded,1
uncover,1
kin,1
introduced,1
ontological,1
altogether,1
enormous,1
previously,1
reductionist,1
eleanor,1
confirm,1
became,1
along,1
hegemony,1
nonracialist,1
complexities,1
himself,1
encouraged,1
sociologist,1
host,1
empirical,1
assumptions,1
everywhere,1
visualize,1
entirely,1
stable,1
significant,1
acute,1
confidence,1
strand,1
warfare,1
call,1
paradigm,1
haste,1
during,1
disinterest,1
assume,1
unitary,1
glow,1
signal,1
untamed,1
categories,1
visualized,1
incest,1
labor,1
learned,1
repeatedly,1
hopeful,1
rare,1
real,1
individuals,1
chapters,1
reproduction,1
advertising,1
veins,1
come,1
campus,1
chosen,1
focuses,1
contentious,1
reflect,1
evolving,1
determinism,1
surely,1
theories,1
students,1
stanford,1
prosperity,1
gilligan,1
difficulties,1
president,1
difference,1
enhances,1
quality,1
counterpoint,1
aha,1
enthusiastic,1
challenging,1
rediscovery,1
substituting,1
finding,1
quest,1
minds,1
oah,1
premises,1
misrepresents,1
tolerance,1
anxiety,1
accepts,1
trap,1
write,1
express,1
allies,1
profession,1
dna,1
subtle,1
interest,1
told,1
motives,1
compromise,1
good,1
try,1
counter,1
hand,1
moment,1
general,1
individual,1
least,1
americas,1
enlightenment,1
attach,1
determinist,1
occurs,1
genetics,1
taking,1
hard,1
period,1
need,1
honestly,1
physical,1
hegelian,1
overt,1
him,1
things,1
stage,1
winner,1
register,1
tumult,1
values,1
distinction,1
carol,1
brain,1
forced,1
colleagues,1
order,1
exhausted,1
apes,1
stimulant,1
earlier,1
mightiest,1
turn,1
assumed,1
give,1
discourse,1
instinct,1
phrase,1
midst,1
uncompromising,1
provides,1
intrinsic,1
dated,1
emerging,1
catchy,1
nor,1
self,1
inextricably,1
imagination,1
spent,1
relationship,1
historicity,1
opposition,1
eugenic,1
academic,1
concerning,1
specific,1
m,1
few,1
profound,1
infrequently,1
back,1
rave,1
approval,1
plea,1
qualities,1
attachments,1
reductionism,1
isolated,1
dramatic,1
become,1
research,1
gene,1
decline,1
pharaohs,1
attached,1
charged,1
boundaries,1
racialist,1
single,1
effect,1
forms,1
nonhistorians,1
irrelevant,1
find,1
hedges,1
structure,1
irresistible,1
henry,1
views,1
also,1
entire,1
little,1
ingrained,1
course,1
results,1
critique,1
describes,1
world,1
conventions,1
genome,1
gould,1
nazi,1
stratum,1
facile,1
constrain,1
notes,1
provenance,1
encoded,1
beings,1
value,1
should,1
enlists,1
ago,1
society,1
meeting,1
tract,1
finds,1
heyday,1
universality,1
time,1
roles,1
student,1
immigration,1
competitive,1
master,1
october,1
hedge,1
insightful,1
heard,1
potential,1
sociobiologists,1
seemed,1
breakthroughs,1
increase,1
modernized,1
moreover,1
selected,1
