WORDCOUNTS,WEIGHT
the,241
of,198
in,97
and,87
a,81
to,81
that,55
collecting,31
is,29
ornithology,27
for,27
it,26
as,26
an,24
their,23
was,23
this,22
who,17
american,16
with,16
ornithologists,16
birds,16
into,15
on,15
barrow,14
at,13
collections,12
professional,12
one,11
history,11
culture,11
but,11
passion,11
more,11
natural,11
there,11
from,11
story,11
science,10
scientific,10
study,10
not,10
s,10
professionals,10
century,10
be,10
world,10
he,9
modern,9
by,9
over,9
are,9
other,9
those,9
bird,9
which,9
up,9
these,8
women,8
amateurs,8
time,8
were,8
i,8
men,8
part,8
profession,8
professionalization,8
between,8
all,7
came,7
collectors,7
them,7
some,7
have,7
species,7
what,6
his,6
within,6
nineteenth,6
sciences,6
had,6
did,6
cultural,6
than,6
things,6
much,6
way,5
rather,5
sometimes,5
they,5
often,5
something,5
book,5
mark,5
fashion,5
audubon,5
has,5
remained,5
made,5
mcfeely,5
collection,5
so,5
themselves,5
when,5
among,5
generation,5
still,4
grew,4
group,4
preservation,4
ways,4
university,4
most,4
two,4
museums,4
specimens,4
ourselves,4
nature,4
might,4
out,4
though,4
reviews,4
ornithologist,4
particular,4
boys,4
another,4
disciplines,4
questions,4
eggs,4
like,4
field,4
period,4
young,4
should,4
americans,3
faith,3
organizing,3
mysteries,3
movement,3
lay,3
existed,3
about,3
itself,3
key,3
or,3
extinction,3
series,3
princeton,3
age,3
fact,3
first,3
only,3
t,3
tension,3
aou,3
creation,3
victorian,3
many,3
could,3
great,3
differences,3
larger,3
drove,3
nomenclature,3
where,3
context,3
less,3
historians,3
america,3
march,3
early,3
possible,3
minute,3
both,3
became,3
positions,3
twentieth,3
place,3
debate,3
trade,3
own,3
good,3
would,3
off,3
began,3
variations,3
hunters,3
we,3
amateur,3
european,2
will,2
threatened,2
second,2
abundance,2
whose,2
limits,2
tentative,2
imagining,2
if,2
agassiz,2
its,2
louis,2
how,2
schemes,2
process,2
killing,2
make,2
after,2
boy,2
class,2
scarcity,2
dead,2
manhood,2
creatures,2
museum,2
understand,2
insistence,2
organization,2
seems,2
arguments,2
then,2
eliza,2
complete,2
following,2
same,2
traces,2
deep,2
ornithological,2
rise,2
beyond,2
social,2
especially,2
claims,2
long,2
darwin,2
taken,2
important,2
know,2
association,2
view,2
control,2
union,2
been,2
anthropology,2
troubling,2
my,2
aspect,2
based,2
idea,2
scientists,2
societies,2
together,2
found,2
half,2
capacity,2
job,2
new,2
link,2
gendering,2
hunting,2
associations,2
roosevelt,2
serious,2
took,2
discipline,2
war,2
jobs,2
see,2
pursue,2
case,2
display,2
classifying,2
perhaps,2
networks,2
fledgling,2
fascination,2
fully,2
primary,2
directly,2
well,2
almost,2
middle,2
ridgeway,2
bear,2
heart,2
point,2
press,2
end,2
millinery,2
during,2
harvard,2
intellectual,2
think,2
central,2
such,2
visions,2
clear,2
pursuit,2
institutional,2
eccentric,2
certain,2
finally,2
change,2
individual,2
here,2
sense,2
collected,2
piece,2
held,2
hat,2
kind,2
earlier,2
thing,2
feathers,2
quite,2
small,2
several,2
observation,2
charles,2
few,2
back,2
extraordinary,2
can,2
competition,2
explore,2
skins,2
details,2
roots,2
notes,2
provided,2
built,2
taxidermy,2
knowledge,2
society,2
battles,2
entailed,1
collect,1
typified,1
exhibiting,1
enough,1
primate,1
battle,1
does,1
undertakings,1
equation,1
layered,1
interesting,1
transportation,1
involve,1
currently,1
generis,1
ironies,1
child,1
today,1
daringly,1
materials,1
invokes,1
ethics,1
production,1
meets,1
journey,1
concerned,1
links,1
motivation,1
answered,1
interested,1
curiosities,1
groups,1
short,1
indeed,1
adds,1
nest,1
prize,1
concentrated,1
created,1
comparative,1
support,1
spearheaded,1
feared,1
truth,1
represent,1
play,1
influential,1
curators,1
appreciation,1
ritual,1
levels,1
manly,1
nearly,1
lavine,1
crest,1
northeast,1
mean,1
instincts,1
dimensions,1
success,1
sensitive,1
directions,1
seen,1
pile,1
fragmented,1
opportunity,1
spurred,1
generalist,1
utility,1
pushed,1
fullerton,1
lawrence,1
speculatively,1
physiology,1
connected,1
oddly,1
monopolize,1
taxidermists,1
just,1
talk,1
recognize,1
anxious,1
zoology,1
significant,1
serial,1
inhabited,1
tends,1
poetics,1
selection,1
deeper,1
tree,1
nostalgia,1
illustrations,1
label,1
darkly,1
gentlemanly,1
guide,1
united,1
absurd,1
communications,1
space,1
simultaneous,1
inquires,1
wars,1
shooting,1
edited,1
karp,1
yet,1
centuries,1
thought,1
exists,1
get,1
investigate,1
face,1
classify,1
revealed,1
pp,1
rules,1
paradigms,1
steer,1
paradox,1
me,1
esoteric,1
monumental,1
message,1
wearing,1
wanted,1
evolved,1
tied,1
earnest,1
laboratory,1
objects,1
us,1
pastime,1
neither,1
male,1
index,1
school,1
familiar,1
meant,1
graphs,1
seriously,1
occurred,1
habits,1
resonates,1
shadow,1
branch,1
liked,1
tells,1
thinking,1
spoke,1
light,1
shares,1
binoculars,1
absurdities,1
protracted,1
days,1
opens,1
dominate,1
eye,1
nice,1
dovetails,1
source,1
gets,1
door,1
palpable,1
observations,1
threat,1
grand,1
without,1
carnes,1
founded,1
existence,1
department,1
simply,1
poised,1
mention,1
ever,1
accumulation,1
being,1
invoked,1
powerful,1
embedded,1
follow,1
robert,1
picture,1
shed,1
useful,1
generally,1
sources,1
transcendentalism,1
comprising,1
adjacent,1
every,1
belied,1
inquire,1
besides,1
starting,1
funding,1
kinds,1
name,1
puts,1
willing,1
drew,1
human,1
consuming,1
skill,1
mainstay,1
odd,1
spanned,1
challenge,1
helped,1
peering,1
consideration,1
evolution,1
slightly,1
opinion,1
figure,1
providing,1
decades,1
trunk,1
spencer,1
centers,1
tribute,1
preserve,1
piled,1
structures,1
power,1
demonstrable,1
artistic,1
emerged,1
puzzle,1
each,1
caricatures,1
j,1
sui,1
investigates,1
grandfather,1
historiography,1
definition,1
steven,1
outside,1
possibilities,1
lack,1
whom,1
extrapolate,1
shaped,1
introduce,1
bronner,1
premise,1
seem,1
exhibition,1
europe,1
professions,1
cartoon,1
best,1
broadly,1
squeamish,1
harder,1
striking,1
creative,1
demise,1
proportionately,1
called,1
reasons,1
doesn,1
typical,1
presence,1
exclusion,1
developed,1
p,1
distance,1
inquiry,1
wave,1
origin,1
foundation,1
harvest,1
children,1
impressive,1
particularly,1
any,1
substantive,1
quintessential,1
john,1
shifts,1
very,1
goods,1
wedded,1
agendas,1
religion,1
ironically,1
noting,1
endeavor,1
take,1
sum,1
differed,1
governing,1
man,1
help,1
resisted,1
c,1
u,1
embrace,1
arrogance,1
really,1
until,1
advances,1
late,1
genealogy,1
concrete,1
turned,1
readers,1
coveted,1
further,1
hand,1
growing,1
perseverance,1
do,1
beginning,1
v,1
specter,1
irony,1
understood,1
begin,1
songbirds,1
buried,1
reading,1
professionalize,1
theodore,1
sentimental,1
johns,1
romanticism,1
carefully,1
lead,1
attempted,1
combined,1
appears,1
whether,1
defining,1
holistic,1
answer,1
historically,1
making,1
magazines,1
banded,1
intertwined,1
takes,1
haraway,1
males,1
gender,1
mind,1
baird,1
covers,1
elusive,1
statement,1
observational,1
explain,1
approached,1
required,1
books,1
systematize,1
structure,1
figuring,1
shore,1
hopkins,1
while,1
free,1
foundations,1
chair,1
masculinity,1
stalked,1
create,1
stylized,1
outlines,1
dusty,1
because,1
thoroughly,1
notebooks,1
changing,1
shape,1
deal,1
years,1
chapter,1
information,1
thousands,1
imagine,1
berth,1
original,1
simon,1
missed,1
suggests,1
basis,1
determined,1
graceful,1
suspicion,1
understanding,1
parlay,1
areas,1
urban,1
hats,1
activity,1
innocuous,1
artifacts,1
used,1
mirrored,1
discussion,1
dissimilar,1
concern,1
work,1
drawn,1
reaching,1
measures,1
ivan,1
spaces,1
examples,1
solid,1
birdwatchers,1
worth,1
consciousness,1
bodies,1
bibliography,1
discovery,1
tool,1
acrimonious,1
move,1
upon,1
mothers,1
comprises,1
ecologically,1
situating,1
must,1
active,1
imagined,1
entrance,1
sides,1
mastery,1
taking,1
brought,1
politics,1
given,1
since,1
x,1
through,1
arose,1
far,1
introduced,1
enhanced,1
enormous,1
example,1
civil,1
simultaneously,1
depended,1
trends,1
secret,1
correctly,1
reveals,1
himself,1
identity,1
newest,1
subject,1
inexpensive,1
lies,1
varying,1
surprise,1
intentionally,1
rationale,1
whole,1
use,1
watchers,1
revulsion,1
assumption,1
split,1
crystallized,1
resonances,1
icon,1
interestingly,1
phenomenon,1
engaging,1
beginnings,1
professionalizing,1
people,1
isolated,1
writing,1
learned,1
numbered,1
prominence,1
processes,1
conflict,1
apologetically,1
goal,1
leap,1
individuals,1
our,1
examination,1
documented,1
mentor,1
popular,1
cordon,1
peripheral,1
outdoors,1
energies,1
away,1
married,1
professionalism,1
language,1
theories,1
relationships,1
led,1
theoretical,1
underwent,1
specimen,1
advance,1
project,1
sea,1
theme,1
argument,1
gendered,1
development,1
ignored,1
shrift,1
meanings,1
farfetched,1
cameras,1
forerunners,1
advent,1
similarity,1
placing,1
against,1
stories,1
hidden,1
importance,1
paradigm,1
approach,1
cracks,1
donna,1
national,1
personalities,1
paradoxically,1
d,1
endangered,1
consumption,1
creating,1
try,1
course,1
contributed,1
insight,1
joined,1
experts,1
least,1
instead,1
grown,1
enlightenment,1
started,1
interpret,1
define,1
even,1
jr,1
unexpected,1
wished,1
catching,1
states,1
institutionalization,1
currents,1
static,1
next,1
doing,1
forced,1
poster,1
epoch,1
reaches,1
cases,1
claim,1
oldest,1
provides,1
nor,1
lop,1
latter,1
around,1
better,1
family,1
milliners,1
aspects,1
loose,1
spent,1
places,1
patterns,1
membership,1
wasn,1
endeavors,1
wider,1
smithsonian,1
stalk,1
rested,1
inspired,1
requires,1
evolutionary,1
birdwatching,1
assumed,1
certainty,1
classificatory,1
facility,1
become,1
narrow,1
let,1
large,1
protect,1
cabinets,1
left,1
third,1
stealth,1
effect,1
telling,1
fourth,1
scorn,1
enterprise,1
find,1
died,1
undertaking,1
dark,1
uncertainty,1
empiricism,1
progress,1
birdwatcher,1
wish,1
universities,1
necessity,1
essays,1
little,1
tightly,1
look,1
newsletters,1
parameters,1
guns,1
paid,1
figures,1
strong,1
uncertainties,1
apparently,1
institution,1
epochs,1
cultures,1
training,1
incidental,1
value,1
general,1
develop,1
broader,1
yes,1
nicely,1
signals,1
tantalizingly,1
race,1
bigger,1
convincingly,1
isn,1
activities,1
meshed,1
examines,1
indeterminacy,1
looking,1
hunt,1
focused,1
local,1
cambridge,1
