WORDCOUNTS,WEIGHT
the,147
of,102
and,85
to,56
in,51
a,43
is,30
that,27
this,26
american,23
as,21
for,21
social,18
it,17
or,16
hunter,16
he,15
religious,15
culture,15
by,15
cultural,15
issues,14
are,13
be,13
at,12
not,12
these,12
religion,12
what,12
values,12
have,12
his,10
one,10
with,10
has,10
pluralism,10
on,10
but,9
more,9
new,9
if,8
history,8
war,8
its,8
forces,8
an,8
they,7
their,7
might,7
s,7
can,7
even,7
society,7
rights,6
groups,6
about,6
family,6
into,6
also,6
over,6
other,6
political,6
such,6
which,6
moral,6
would,6
between,6
orthodox,6
than,6
who,5
jews,5
gilbert,5
no,5
only,5
book,5
all,5
different,5
conservative,5
any,5
shall,5
election,5
both,5
upon,5
since,5
author,5
so,5
themselves,5
world,5
compromise,5
will,4
science,4
defining,4
catholics,4
analysis,4
liberal,4
framework,4
consensus,4
ii,4
been,4
time,4
contemporary,4
america,4
sides,4
point,4
skirmishes,4
argument,4
contending,4
include,4
define,4
around,4
when,4
much,4
we,4
should,4
may,3
today,3
way,3
economic,3
across,3
wrote,3
process,3
now,3
complex,3
less,3
itself,3
struggle,3
wars,3
before,3
same,3
from,3
too,3
appear,3
many,3
seems,3
did,3
p,3
particularly,3
larger,3
clearly,3
historical,3
those,3
orthodoxy,3
while,3
sexual,3
because,3
well,3
purpose,3
two,3
place,3
protestants,3
discussion,3
our,3
change,3
opinions,3
remains,3
abortion,3
become,3
james,3
probably,3
pat,3
traditional,3
division,3
republican,2
narrows,2
me,2
practices,2
secular,2
how,2
represent,2
separations,2
mean,2
community,2
civility,2
them,2
large,2
electorate,2
class,2
changes,2
study,2
tend,2
consequences,2
table,2
gave,2
yet,2
thomas,2
represents,2
nor,2
evangelical,2
university,2
matters,2
us,2
was,2
definition,2
just,2
something,2
matter,2
argued,2
without,2
women,2
ever,2
progressives,2
party,2
certainly,2
june,2
important,2
preference,2
others,2
each,2
opponents,2
persuasion,2
conformity,2
lack,2
could,2
best,2
down,2
great,2
right,2
inevitably,2
out,2
deal,2
contends,2
within,2
real,2
there,2
strain,2
never,2
patterns,2
equally,2
somewhat,2
reviews,2
racial,2
jefferson,2
side,2
maintain,2
attitudes,2
belief,2
problem,2
day,2
reform,2
commitments,2
another,2
conservatives,2
suggests,2
some,2
politics,2
robertson,2
conscience,2
must,2
concept,2
given,2
civil,2
apparent,2
liberals,2
positions,2
expression,2
freedom,2
lights,2
expanded,2
aspect,2
evolution,2
call,2
energies,2
contentious,2
rise,2
development,2
radically,2
national,2
serious,2
times,2
sense,2
revolution,2
century,2
anyone,2
discourse,2
arguments,2
heart,2
elements,2
life,2
every,2
profound,2
divisions,2
distinctions,2
notes,2
hardening,1
final,1
frequent,1
difficult,1
democracy,1
battle,1
does,1
sweeping,1
slight,1
liberalism,1
interesting,1
internalist,1
profoundly,1
currently,1
respect,1
humanism,1
likely,1
approximate,1
wishes,1
york,1
dual,1
whose,1
demand,1
reduced,1
chances,1
compromises,1
equality,1
transformations,1
underpinning,1
nonetheless,1
peterson,1
invokes,1
skews,1
historically,1
antiabortion,1
evolve,1
faith,1
muslims,1
clinton,1
refocus,1
secularists,1
observers,1
adopt,1
bring,1
crucial,1
meaning,1
tiny,1
absent,1
operative,1
defenders,1
practical,1
ministry,1
debated,1
commitment,1
aggressive,1
sort,1
truth,1
basic,1
begin,1
engendered,1
suffer,1
onward,1
inclusive,1
brief,1
conservatism,1
relentlessly,1
exists,1
legitimate,1
perreviews,1
planks,1
becomes,1
army,1
represented,1
still,1
goes,1
guided,1
minimum,1
configures,1
force,1
make,1
appears,1
threaten,1
similar,1
transformation,1
polarized,1
likewise,1
group,1
becoming,1
derived,1
worship,1
sociologists,1
assuming,1
dialogue,1
special,1
accusation,1
adversaries,1
implementing,1
identify,1
whole,1
valiant,1
confronting,1
implacable,1
system,1
characterizes,1
sets,1
enforced,1
ways,1
unfortunately,1
cyclical,1
support,1
observer,1
served,1
fervently,1
makes,1
pp,1
read,1
progressivists,1
park,1
mission,1
affect,1
freeze,1
immensely,1
evolved,1
undoing,1
technology,1
tensions,1
acceptance,1
challenged,1
policy,1
entry,1
erroneously,1
thesis,1
index,1
school,1
imposing,1
ancient,1
split,1
minor,1
environment,1
pose,1
title,1
laid,1
included,1
curious,1
behavior,1
absolutism,1
tells,1
liberties,1
growing,1
calling,1
distressing,1
boyer,1
series,1
revision,1
exemplified,1
hues,1
glaring,1
descriptions,1
faiths,1
words,1
ism,1
industrial,1
orientation,1
gay,1
most,1
predictions,1
various,1
demonstrate,1
simply,1
begins,1
democratic,1
noted,1
increasingly,1
first,1
reversing,1
regional,1
powerful,1
sit,1
surface,1
follow,1
passion,1
either,1
beyond,1
isolation,1
defines,1
position,1
specifically,1
lead,1
writing,1
perhaps,1
creation,1
puts,1
here,1
questions,1
voices,1
alternative,1
buddhists,1
destructive,1
exclusive,1
set,1
dominant,1
care,1
equation,1
equivalence,1
regarding,1
give,1
taken,1
postindustrial,1
marty,1
molested,1
rapid,1
sunday,1
articulate,1
fundamental,1
union,1
opening,1
expressed,1
standards,1
altering,1
joins,1
advance,1
dramatically,1
expanding,1
immense,1
historians,1
seem,1
revivals,1
believe,1
allow,1
divorce,1
prayer,1
portable,1
formulations,1
broadly,1
opposing,1
rule,1
called,1
appeared,1
strength,1
momentum,1
differences,1
intrusion,1
seconded,1
speech,1
imaginary,1
moments,1
salvos,1
achievement,1
cleavages,1
energetic,1
ideology,1
ephemeral,1
demands,1
recruit,1
xiii,1
wealthier,1
phrase,1
intolerance,1
transforms,1
events,1
far,1
goods,1
relate,1
dispute,1
state,1
aloof,1
islam,1
considerable,1
i,1
treasured,1
man,1
past,1
discussed,1
ledger,1
rural,1
quoted,1
compromised,1
reasons,1
works,1
collectively,1
respects,1
term,1
disputants,1
caricature,1
prescription,1
merely,1
embedded,1
conclusions,1
enough,1
further,1
reasonable,1
left,1
sacred,1
do,1
robert,1
william,1
according,1
free,1
defending,1
where,1
silence,1
economy,1
hostility,1
exposing,1
johns,1
notable,1
dissolved,1
persuasively,1
conflating,1
affiliate,1
sharpened,1
context,1
income,1
undercut,1
whether,1
sendoff,1
recently,1
impossible,1
heavily,1
revive,1
priorities,1
degree,1
maryland,1
case,1
issue,1
dance,1
sociology,1
era,1
mcloughlin,1
otherwise,1
extremism,1
however,1
conclusion,1
contrasting,1
armies,1
capacities,1
generic,1
merrill,1
axis,1
writes,1
college,1
books,1
starkly,1
compelled,1
leaving,1
directly,1
censorship,1
wide,1
formulation,1
public,1
understandably,1
sects,1
conceivably,1
hopkins,1
number,1
spectrum,1
determine,1
integrity,1
patriarchal,1
legislate,1
aspects,1
premised,1
require,1
divide,1
articulating,1
explored,1
notion,1
years,1
rationality,1
predict,1
balance,1
huge,1
account,1
almost,1
restoring,1
police,1
long,1
entirety,1
virginia,1
future,1
private,1
threat,1
reveals,1
urban,1
authentic,1
diverse,1
aren,1
vast,1
art,1
illustrate,1
divided,1
insinuating,1
haps,1
cluster,1
anecdotes,1
intense,1
invested,1
liberty,1
strengths,1
own,1
bodies,1
bibliography,1
presented,1
vote,1
bear,1
framed,1
fissures,1
fundamentalist,1
flaw,1
catholicism,1
altered,1
fired,1
stake,1
part,1
including,1
canvassing,1
fair,1
enormous,1
example,1
increase,1
calls,1
dynamic,1
siphon,1
press,1
surprising,1
congeal,1
along,1
department,1
considerably,1
tantamount,1
representing,1
offhand,1
abandoned,1
impose,1
lies,1
sitting,1
restructuring,1
assumptions,1
surprise,1
entirely,1
reverend,1
genuine,1
characteristically,1
warfare,1
tale,1
operate,1
demanding,1
reasserts,1
refers,1
evaluating,1
ranks,1
broad,1
morality,1
constitute,1
immediately,1
records,1
people,1
ideas,1
round,1
invests,1
exist,1
labor,1
goals,1
being,1
structures,1
ethnic,1
conflict,1
central,1
belligerent,1
goal,1
burthened,1
wuthnow,1
engaged,1
defections,1
imposes,1
includes,1
repackaging,1
peripheral,1
were,1
preoccupation,1
white,1
fascinated,1
legal,1
surrounding,1
bargaining,1
sectarian,1
peculiar,1
complicated,1
believes,1
awakenings,1
led,1
until,1
astute,1
asking,1
described,1
grant,1
platform,1
commercial,1
perplexing,1
negotiating,1
president,1
argues,1
reaction,1
presentist,1
patriarchy,1
clear,1
similarity,1
referendum,1
twentieth,1
count,1
tolerance,1
t,1
judaism,1
language,1
impasse,1
pluralisms,1
points,1
enlarge,1
d,1
revolve,1
crisis,1
august,1
denouement,1
course,1
decided,1
instead,1
detached,1
protestantism,1
davison,1
normally,1
occurs,1
like,1
current,1
need,1
diminish,1
cold,1
convention,1
him,1
disintegrated,1
unitarians,1
politicians,1
expected,1
static,1
dry,1
roiling,1
order,1
comprehended,1
arteries,1
attempted,1
off,1
buchanan,1
hypocrisies,1
after,1
progressive,1
disguises,1
battlements,1
exclude,1
black,1
quite,1
uncompromising,1
valid,1
martin,1
individual,1
adequately,1
developments,1
old,1
campaign,1
ranged,1
observances,1
openly,1
restrained,1
affluent,1
perspective,1
several,1
explicit,1
morally,1
weighty,1
refer,1
facing,1
imagines,1
convincing,1
wider,1
internal,1
polarizes,1
rightwing,1
body,1
candidacy,1
allowed,1
neat,1
suggested,1
legislated,1
anticommunism,1
codes,1
wise,1
contenders,1
boundaries,1
nobody,1
differing,1
redefinition,1
escalating,1
tended,1
reached,1
vocates,1
alliances,1
whatsoever,1
find,1
vocabulary,1
christians,1
fighting,1
confusing,1
create,1
improbable,1
bargain,1
men,1
aside,1
looks,1
majority,1
exhibits,1
story,1
predicts,1
evangelicals,1
negotiations,1
equivalent,1
look,1
slim,1
dividing,1
attracted,1
profess,1
focus,1
sweep,1
seemed,1
strong,1
semblance,1
among,1
tendency,1
deepened,1
traditions,1
reanimate,1
responsibility,1
marketplace,1
general,1
ago,1
controversial,1
paul,1
conceded,1
finds,1
doing,1
conversations,1
rearranged,1
attention,1
unrelated,1
equal,1
counts,1
widely,1
major,1
occur,1
minions,1
discern,1
perils,1
battles,1
hypothesis,1
