WORDCOUNTS,WEIGHT
the,189
and,150
of,140
in,112
to,101
that,75
a,61
social,50
as,41
putnam,40
for,38
s,35
with,30
is,29
capital,27
he,25
american,24
this,22
have,22
than,21
decline,20
it,19
more,19
women,18
are,18
we,18
democracy,17
has,17
their,17
americans,16
they,15
not,15
less,15
postwar,15
by,14
life,13
public,13
politics,13
civic,13
new,12
on,12
be,12
history,11
political,11
since,11
at,10
each,10
or,10
riesman,10
those,10
our,10
increased,10
between,10
likely,9
generational,9
had,9
america,9
these,9
does,8
if,8
who,8
community,8
but,8
organizations,8
participation,8
people,8
change,8
an,8
even,8
his,7
policies,7
percent,7
one,7
from,7
many,7
other,7
see,7
local,7
its,7
connectedness,7
were,7
national,7
would,7
so,7
surveys,7
evidence,7
about,6
informal,6
declining,6
also,6
over,6
scholars,6
muncy,6
robert,6
labor,6
ed,6
explain,6
period,6
states,6
voluntary,6
times,6
like,6
engagement,6
generation,6
increasing,5
rather,5
economic,5
groups,5
how,5
parents,5
was,5
all,5
book,5
very,5
disconnecting,5
commuting,5
reviews,5
involvement,5
work,5
formal,5
force,5
associations,5
which,5
especially,5
although,5
progressive,5
can,5
when,5
instance,5
among,5
connections,5
may,4
been,4
ten,4
suburban,4
began,4
connected,4
united,4
federation,4
university,4
us,4
seems,4
then,4
most,4
boomers,4
only,4
long,4
deliberative,4
could,4
m,4
do,4
what,4
war,4
case,4
era,4
historians,4
march,4
another,4
some,4
both,4
associational,4
civil,4
issues,4
such,4
difference,4
trends,4
twentieth,4
health,4
neighbors,4
century,4
association,4
research,4
early,4
now,3
generations,3
active,3
nearly,3
factors,3
moreover,3
yet,3
get,3
itself,3
title,3
just,3
growing,3
nineteenth,3
habermas,3
origins,3
baby,3
connecting,3
every,3
perhaps,3
members,3
ways,3
movements,3
challenge,3
might,3
view,3
friends,3
bowling,3
definition,3
did,3
children,3
out,3
late,3
precisely,3
born,3
according,3
discuss,3
shared,3
because,3
ties,3
well,3
argues,3
chapter,3
information,3
voter,3
meetings,3
suggests,3
reform,3
anxieties,3
internet,3
mental,3
part,3
example,3
own,3
isolated,3
actually,3
parties,3
explained,3
accounted,3
general,3
instead,3
david,3
socially,3
smaller,3
finds,3
affairs,3
kind,3
xers,3
much,3
increase,3
society,3
will,2
go,2
makes,2
high,2
led,2
currently,2
racism,2
critics,2
bonding,2
activists,2
revival,2
overall,2
result,2
play,2
appreciation,2
television,2
citizens,2
fewer,2
determine,2
politicians,2
alone,2
students,2
goes,2
michel,2
sphere,2
proportion,2
after,2
lives,2
church,2
group,2
ii,2
robyn,2
why,2
study,2
often,2
second,2
centuries,2
done,2
changes,2
favor,2
later,2
female,2
issue,2
policy,2
claims,2
talking,2
school,2
benefits,2
tax,2
pta,2
views,2
something,2
michael,2
product,2
physical,2
act,2
electoral,2
humanity,2
progressives,2
writing,2
back,2
power,2
attempts,2
trend,2
others,2
plebiscitary,2
perceive,2
degree,2
skocpol,2
financial,2
greater,2
j,2
conducted,2
different,2
dramatically,2
engaged,2
shows,2
best,2
harder,2
together,2
found,2
called,2
reasons,2
explanatory,2
rich,2
time,2
come,2
larger,2
invaluable,2
hear,2
proved,2
survey,2
real,2
historical,2
eat,2
turned,2
outside,2
further,2
believed,2
similarly,2
medical,2
though,2
decreased,2
progressivism,2
them,2
population,2
older,2
voting,2
mileur,2
vii,2
find,2
needham,2
primary,2
elaine,2
world,2
generally,2
demonstrated,2
replacement,2
compelling,2
understanding,2
examples,2
renowned,2
arguments,2
dinner,2
gatherings,2
student,2
must,2
explains,2
clubs,2
confirm,2
cold,2
cultural,2
die,2
encouraged,2
year,2
jerome,2
describes,2
families,2
socializing,2
explanation,2
records,2
human,2
statistics,2
individuals,2
trust,2
check,2
collapse,2
schudson,2
years,2
professor,2
relationship,2
grant,2
finally,2
sonya,2
interest,2
creating,2
review,2
course,2
order,2
earlier,2
old,2
small,2
worried,2
offered,2
problems,2
potential,2
june,2
become,2
peak,2
theda,2
narrative,2
create,2
up,2
networks,2
should,2
broader,2
asked,2
attendance,2
convincingly,2
justice,2
admirably,1
finances,1
harbinger,1
van,1
given,1
contacts,1
duties,1
failed,1
threatened,1
rights,1
appeal,1
miriam,1
encourages,1
offices,1
evaporation,1
therefore,1
poor,1
interesting,1
wiping,1
profoundly,1
grandchildren,1
readable,1
visages,1
situation,1
adequate,1
york,1
declension,1
child,1
germany,1
reduced,1
steady,1
road,1
homeward,1
voters,1
saw,1
variety,1
without,1
protecting,1
minimizes,1
common,1
partisanship,1
attributable,1
way,1
independent,1
steadily,1
bars,1
card,1
letters,1
correlation,1
boldest,1
broadened,1
influence,1
institutions,1
direct,1
ideas,1
argued,1
worth,1
logically,1
federal,1
encompassed,1
evaluate,1
short,1
indeed,1
sodiers,1
faced,1
created,1
reshape,1
concern,1
furthermore,1
watergate,1
durable,1
enshrine,1
affected,1
classic,1
account,1
coleman,1
taste,1
midwest,1
responded,1
process,1
connection,1
multitude,1
privatized,1
lost,1
prove,1
signaled,1
still,1
judgment,1
gut,1
undergraduate,1
probable,1
neighborhood,1
risk,1
malkin,1
associate,1
lasted,1
contribution,1
suburbanites,1
similar,1
transformation,1
initially,1
analogizes,1
talk,1
recognize,1
settlements,1
interrelationships,1
settings,1
contributor,1
engendering,1
gather,1
put,1
ware,1
whole,1
positive,1
kinds,1
structural,1
agency,1
adversaries,1
expectations,1
construction,1
allegedly,1
percentage,1
uncertainties,1
assessments,1
feel,1
once,1
surprising,1
live,1
exciting,1
healthier,1
authority,1
estelle,1
risks,1
criticism,1
sort,1
cohorts,1
relied,1
ones,1
lots,1
solidarity,1
thought,1
violence,1
reason,1
send,1
ddb,1
understand,1
face,1
security,1
solutions,1
category,1
represents,1
jiirgen,1
pp,1
read,1
struggle,1
win,1
happened,1
clerk,1
appendixes,1
me,1
park,1
susan,1
england,1
redlining,1
better,1
meant,1
seeing,1
under,1
arrested,1
former,1
decade,1
inspiration,1
dawning,1
hours,1
roper,1
matters,1
younger,1
respect,1
starbuck,1
antler,1
favorable,1
index,1
northwest,1
founded,1
specialization,1
seriously,1
included,1
behavior,1
demanded,1
correlations,1
holding,1
glimpse,1
presumably,1
politicos,1
supplied,1
before,1
section,1
disengaged,1
culture,1
metropolis,1
days,1
nominally,1
welfare,1
colder,1
no,1
colored,1
source,1
notarized,1
partly,1
institutes,1
upper,1
shrinking,1
accumulating,1
belonging,1
solid,1
organize,1
forget,1
chalks,1
enjoyable,1
multicultural,1
show,1
two,1
unraveling,1
experience,1
emotional,1
pundits,1
nonpartisan,1
begins,1
democratic,1
mention,1
ever,1
accounts,1
increasingly,1
detect,1
resource,1
first,1
additional,1
regional,1
voluminous,1
powerful,1
ethington,1
threat,1
watching,1
t,1
beyond,1
explaining,1
remolding,1
beneficial,1
withdrawn,1
isolation,1
consensus,1
suburbs,1
sources,1
membership,1
gradual,1
requires,1
certainly,1
convincing,1
text,1
admit,1
disdain,1
offers,1
sustained,1
aspect,1
finger,1
interested,1
essays,1
civically,1
respected,1
recreation,1
give,1
forty,1
important,1
know,1
toward,1
location,1
stands,1
knowing,1
baker,1
privacy,1
globalization,1
ask,1
accumulates,1
adduces,1
intellect,1
monthly,1
opponents,1
socialize,1
raw,1
nature,1
uses,1
maternalist,1
faulty,1
specialized,1
true,1
novel,1
fact,1
attribute,1
dobriner,1
longer,1
global,1
rivals,1
reach,1
shaped,1
seem,1
board,1
activism,1
gone,1
twenty,1
maternal,1
societies,1
belong,1
pressure,1
opposing,1
creative,1
possible,1
jewish,1
argue,1
gurin,1
half,1
enroll,1
astonishingly,1
virulent,1
homogenization,1
meyerowitz,1
tyler,1
regard,1
developed,1
p,1
tocqueville,1
report,1
methods,1
sick,1
wave,1
teachers,1
plummeting,1
ethics,1
lazarus,1
educated,1
admittedly,1
motion,1
pacific,1
government,1
job,1
intellectuals,1
proves,1
any,1
urbane,1
selves,1
scheme,1
bound,1
sustaining,1
census,1
demise,1
state,1
mediocrity,1
brief,1
visits,1
insisting,1
take,1
cities,1
differed,1
legacy,1
nevertheless,1
fashion,1
complete,1
subsequent,1
gathered,1
dramas,1
help,1
there,1
great,1
enlarge,1
correlates,1
fresh,1
passage,1
vilification,1
works,1
none,1
assessment,1
absolutely,1
devised,1
ideally,1
pushing,1
feminist,1
took,1
share,1
extends,1
hand,1
precinct,1
greatly,1
incorporate,1
beginning,1
learn,1
tradition,1
journalists,1
william,1
didn,1
causes,1
cards,1
communities,1
focused,1
alike,1
rests,1
suffer,1
where,1
questions,1
numbers,1
michigan,1
johns,1
womanly,1
cleaver,1
racial,1
agreements,1
setting,1
forums,1
whether,1
unclear,1
domestication,1
recently,1
professors,1
form,1
list,1
answer,1
cannot,1
maryland,1
documenting,1
gilded,1
evaluation,1
informally,1
disdained,1
side,1
seth,1
sidney,1
pertinent,1
takes,1
politicization,1
record,1
however,1
advocates,1
proven,1
sophisticated,1
lest,1
cyberspace,1
spur,1
sociologist,1
college,1
touch,1
belief,1
seminars,1
greeting,1
diary,1
problem,1
widespread,1
style,1
graciously,1
drain,1
waters,1
creates,1
warned,1
propensity,1
hopkins,1
while,1
explicitly,1
spectrum,1
age,1
remarkably,1
battles,1
lower,1
practices,1
day,1
thousands,1
thoroughly,1
elsewhere,1
dark,1
torn,1
remained,1
calhoun,1
produce,1
identical,1
specifically,1
captains,1
balance,1
retirees,1
simon,1
kandinsky,1
bar,1
e,1
marked,1
urban,1
aarp,1
used,1
picnic,1
u,1
probably,1
reaching,1
jr,1
rotary,1
dionne,1
burden,1
favored,1
parades,1
october,1
craig,1
schuster,1
tool,1
lavishly,1
uneven,1
louise,1
hang,1
level,1
eighteenth,1
writers,1
leisure,1
measuring,1
feminism,1
trivial,1
trajectory,1
insist,1
pass,1
highways,1
narrowly,1
smartest,1
story,1
tastes,1
advancement,1
conceptual,1
through,1
kin,1
sea,1
city,1
sent,1
laws,1
hatreds,1
press,1
leafleting,1
due,1
scandal,1
above,1
enforcement,1
convinced,1
decreasing,1
swings,1
attributed,1
complacency,1
description,1
tip,1
fence,1
vital,1
bowl,1
supportive,1
simply,1
author,1
shocking,1
dozens,1
significant,1
eroded,1
expression,1
archived,1
engage,1
joyce,1
freedman,1
fit,1
lights,1
slide,1
immaterial,1
acknowledges,1
during,1
sign,1
aloof,1
refers,1
web,1
make,1
pollsters,1
congress,1
allows,1
alternative,1
harvard,1
net,1
relies,1
successful,1
construed,1
paula,1
housing,1
variables,1
maintains,1
thus,1
eligible,1
culminated,1
pair,1
chapters,1
advertising,1
amendment,1
frame,1
teenage,1
energies,1
scathing,1
kaffeeklatsches,1
sees,1
away,1
fears,1
importantly,1
worst,1
surely,1
believes,1
eras,1
i,1
understandings,1
participate,1
until,1
confuse,1
parochially,1
hadassah,1
impending,1
couple,1
project,1
rage,1
argument,1
vigorous,1
development,1
league,1
reveals,1
industrialization,1
significance,1
generate,1
ushered,1
deliberations,1
substitutes,1
isabel,1
koven,1
opportunities,1
supports,1
sustain,1
unprecedented,1
decrease,1
graduate,1
importance,1
tables,1
encounters,1
welcomed,1
opens,1
respondents,1
reciprocity,1
write,1
integral,1
peter,1
luncheon,1
publicized,1
bridging,1
good,1
relatively,1
published,1
deliberation,1
harm,1
offer,1
viewing,1
progressiveera,1
least,1
crime,1
include,1
organized,1
club,1
sometimes,1
interpret,1
define,1
mothers,1
d,1
narrrators,1
field,1
sadness,1
need,1
inconsequential,1
specialists,1
effectively,1
willing,1
vote,1
funded,1
leagues,1
civicminded,1
little,1
unbelievable,1
meeting,1
theorized,1
appended,1
average,1
collected,1
regular,1
distinction,1
sports,1
politically,1
joanne,1
prospect,1
devise,1
seeks,1
galled,1
initiate,1
moment,1
area,1
connects,1
losing,1
things,1
quite,1
objections,1
claim,1
lose,1
individual,1
adequately,1
adding,1
latter,1
forms,1
dismisses,1
men,1
spent,1
mistakes,1
artificial,1
perspective,1
burgeoning,1
ages,1
valued,1
annually,1
replacing,1
few,1
having,1
searching,1
pregnancy,1
article,1
replace,1
apart,1
versus,1
eyes,1
response,1
around,1
brought,1
insists,1
elicit,1
dramatic,1
disconnectedness,1
themselves,1
outweigh,1
narrow,1
trouble,1
denser,1
distinguished,1
urbanization,1
dominion,1
left,1
twice,1
britain,1
witnessed,1
petitions,1
patricia,1
philip,1
compensating,1
evaluations,1
milkis,1
debate,1
james,1
tilly,1
weight,1
identify,1
france,1
assistants,1
gender,1
documentary,1
participants,1
stripe,1
culprits,1
present,1
journal,1
ascribe,1
mozart,1
picnics,1
results,1
sweep,1
immediately,1
figures,1
organizational,1
strong,1
apparently,1
citizen,1
here,1
recent,1
notes,1
attend,1
responsibility,1
undermine,1
professional,1
climates,1
previously,1
sprawl,1
hardly,1
contrast,1
enrich,1
passive,1
attention,1
regressive,1
am,1
immigration,1
aggregate,1
despised,1
federated,1
rates,1
busing,1
renovating,1
opinions,1
activities,1
baptist,1
major,1
offspring,1
promulgation,1
concomitant,1
seemed,1
convention,1
ours,1
buildings,1
emma,1
thorough,1
neighborhoods,1
