WORDCOUNTS,WEIGHT
the,389
of,175
to,172
in,128
a,119
and,94
was,94
that,87
war,63
s,61
for,59
it,53
as,46
with,41
vietnam,35
american,30
military,29
his,29
had,27
he,27
not,27
their,25
is,25
by,24
on,22
there,21
would,21
have,21
from,19
mcmaster,18
but,17
were,17
china,17
be,16
at,15
they,15
p,15
when,15
mcnamara,15
way,14
one,14
asia,14
out,14
this,14
about,14
united,14
states,14
if,13
chiefs,13
its,13
all,12
lee,12
more,12
new,12
did,12
korea,11
also,11
empire,11
washington,11
into,10
schulzinger,10
no,10
president,10
so,10
after,10
world,10
johnson,10
saigon,9
political,9
could,9
south,9
another,9
him,9
diem,9
history,8
state,8
came,8
however,8
has,8
cold,8
only,8
time,8
which,8
an,8
we,8
while,8
policy,7
certainly,7
book,7
government,7
america,7
gardner,7
back,7
even,7
how,7
kennedy,7
eisenhower,7
part,7
still,7
pressure,7
good,7
been,7
over,7
very,7
lbj,7
secretary,6
some,6
far,6
thus,6
points,6
against,6
risk,6
graduated,6
reviews,6
place,6
ambassador,6
up,6
situation,6
communist,6
or,6
informal,6
advisers,6
made,6
who,6
fought,6
are,6
both,6
went,6
between,6
taylor,6
set,5
himself,5
before,5
december,5
robert,5
indochina,5
case,5
u,5
such,5
than,5
general,5
reason,5
university,5
strategy,5
bomb,5
use,5
because,5
well,5
seemed,5
will,5
pp,5
same,5
other,5
do,5
plans,5
joint,5
get,5
what,5
beijing,5
press,5
administration,5
crisis,5
much,5
should,5
go,4
now,4
later,4
told,4
ways,4
first,4
might,4
viet,4
issue,4
right,4
point,4
along,4
defense,4
soviet,4
support,4
cuba,4
powerful,4
rhee,4
having,4
r,4
believes,4
t,4
officials,4
matter,4
economic,4
indeed,4
thought,4
these,4
others,4
atomic,4
never,4
japan,4
belief,4
free,4
years,4
own,4
upon,4
asian,4
victory,4
postwar,4
staff,4
enough,4
aid,4
george,4
wheeler,4
months,4
truman,4
here,4
korean,4
them,4
whether,4
early,4
almost,4
duty,4
policymakers,4
question,4
finally,4
civilian,4
north,4
ready,3
credibility,3
large,3
word,3
itself,3
h,3
allies,3
pentagon,3
experience,3
being,3
long,3
great,3
take,3
real,3
i,3
ronald,3
lodge,3
containment,3
raised,3
those,3
system,3
possible,3
bibliography,3
moscow,3
west,3
apart,3
behavior,3
learned,3
leadership,3
essential,3
reagan,3
without,3
economy,3
rather,3
communism,3
certain,3
just,3
democratic,3
defeat,3
acheson,3
game,3
aftermath,3
chinese,3
used,3
future,3
nation,3
policies,3
actually,3
away,3
responsibility,3
notes,3
materials,3
play,3
make,3
movement,3
southeast,3
makes,3
lyndon,3
under,3
us,3
index,3
department,3
stalin,3
volume,3
french,3
power,3
choice,3
books,3
nothing,3
become,3
decision,3
european,3
supposed,3
dulles,3
began,3
why,3
syngman,3
face,3
any,3
lessons,3
simply,3
control,3
steven,3
down,3
half,3
collins,3
making,3
theory,3
problem,3
through,3
became,3
come,3
evidence,3
off,3
russia,3
gulf,3
strong,3
hanoi,3
dereliction,3
appeasement,2
difficult,2
does,2
done,2
stood,2
created,2
commitment,2
germany,2
western,2
committee,2
either,2
ii,2
europe,2
assertion,2
pressed,2
roosevelt,2
stand,2
context,2
british,2
advice,2
chapter,2
account,2
felt,2
politics,2
withdrawal,2
complained,2
conflict,2
central,2
goal,2
andrew,2
nam,2
author,2
adopted,2
price,2
dealings,2
century,2
thing,2
dean,2
murrow,2
difficulty,2
defeating,2
allowing,2
warned,2
krepinevich,2
simplistic,2
promised,2
may,2
geneva,2
kahin,2
york,2
whose,2
act,2
statements,2
performance,2
developed,2
adds,2
edward,2
deliberately,2
direct,2
reconcile,2
moreover,2
send,2
blame,2
troops,2
liberal,2
days,2
air,2
too,2
prevent,2
put,2
important,2
suggested,2
raw,2
opening,2
lead,2
critic,2
called,2
events,2
experts,2
representative,2
further,2
understood,2
handled,2
governing,2
failure,2
minh,2
planning,2
competing,2
civil,2
gave,2
during,2
people,2
forces,2
someone,2
viable,2
hard,2
next,2
wedge,2
around,2
cong,2
master,2
telling,2
always,2
maxwell,2
results,2
using,2
actions,2
nations,2
led,2
business,2
action,2
tried,2
object,2
sending,2
once,2
eyebrows,2
turmoil,2
hugh,2
lloyd,2
read,2
management,2
home,2
orders,2
two,2
outbreak,2
toward,2
available,2
many,2
kennan,2
idea,2
plan,2
superiors,2
really,2
john,2
foster,2
observes,2
planners,2
took,2
drove,2
where,2
couldn,2
accepted,2
invitation,2
perhaps,2
drv,2
number,2
going,2
diverse,2
concern,2
largely,2
vc,2
congress,2
sees,2
diplomacy,2
started,2
high,2
distinction,2
martin,2
especially,2
problems,2
methods,2
can,2
parameters,2
destruction,2
coup,2
suggest,2
asking,2
continued,2
foreign,2
program,2
independence,2
army,2
force,2
determination,2
often,2
obstacle,2
considered,2
matters,2
claims,2
eventually,2
louder,2
known,2
know,2
cia,2
sure,2
country,2
paper,2
different,2
seem,2
leaders,2
domino,2
regard,2
enemy,2
beginning,2
nationalist,2
stability,2
doings,2
involvement,2
writes,2
debate,2
fully,2
episode,2
agreed,2
conference,2
peace,2
subject,2
assumptions,2
generals,2
arguments,2
syndrome,2
argument,2
argues,2
ignored,2
course,2
instead,2
critics,2
d,2
opinions,2
you,2
folly,2
worried,2
little,2
corn,2
among,2
ammunition,1
courts,1
deception,1
democracy,1
battlefield,1
complaint,1
unsure,1
struggle,1
doubts,1
deprives,1
pleaded,1
declared,1
groups,1
pull,1
guaranteeing,1
designated,1
europeans,1
grievous,1
civilians,1
patriot,1
accords,1
worthy,1
announced,1
e,1
measures,1
awarding,1
alone,1
jungle,1
stands,1
notably,1
pushed,1
berlin,1
expect,1
church,1
police,1
center,1
needed,1
defoliation,1
envisioned,1
instructions,1
agency,1
diplomatic,1
properly,1
highly,1
designed,1
referring,1
library,1
dragging,1
true,1
sets,1
reopen,1
unanswered,1
johns,1
desperately,1
clifford,1
realities,1
decade,1
position,1
comrades,1
title,1
encourage,1
planes,1
tells,1
cornell,1
interpretative,1
nineteenth,1
something,1
postulates,1
hesitated,1
buffer,1
monograph,1
flaws,1
nice,1
chief,1
practices,1
rehearsed,1
intentions,1
journeys,1
joe,1
appealed,1
said,1
invoking,1
else,1
explaining,1
stressed,1
stabilization,1
failing,1
sources,1
wrong,1
avenues,1
preceding,1
victim,1
researched,1
topple,1
quoting,1
feeling,1
planting,1
rush,1
encouraged,1
opted,1
shrouded,1
preoccupied,1
anywhere,1
worked,1
emerged,1
stretch,1
official,1
nature,1
chemicals,1
parties,1
hong,1
friendly,1
company,1
harriman,1
attractive,1
leading,1
carter,1
suggesting,1
desire,1
thank,1
converse,1
rich,1
producing,1
confront,1
xiii,1
link,1
closer,1
scheme,1
reveal,1
concludes,1
shelves,1
religion,1
graham,1
subsequent,1
damage,1
meantime,1
mind,1
alert,1
trouble,1
principal,1
classified,1
dystopian,1
ruined,1
discipline,1
reading,1
somewhat,1
behind,1
within,1
confused,1
tragedy,1
proposals,1
grenada,1
nearer,1
hell,1
badly,1
abbreviated,1
plain,1
mistrustful,1
gaps,1
east,1
key,1
capacity,1
primary,1
sought,1
march,1
greenspan,1
stepped,1
backing,1
foreshortened,1
quantities,1
replacement,1
yearlong,1
cooperation,1
player,1
drive,1
furor,1
greene,1
move,1
magazine,1
vital,1
rid,1
mct,1
calculated,1
taking,1
say,1
x,1
establishment,1
unify,1
cited,1
plunge,1
directed,1
expecting,1
sign,1
pursuing,1
shut,1
signal,1
guilty,1
winning,1
human,1
amendment,1
eliot,1
endanger,1
montreal,1
famously,1
explained,1
difficulties,1
curzon,1
professor,1
soldiers,1
objective,1
continuance,1
realized,1
agent,1
remorse,1
missile,1
interest,1
popularly,1
kissingerian,1
moment,1
mixed,1
decided,1
consolation,1
highlighting,1
faulted,1
ability,1
media,1
forced,1
kind,1
tinged,1
finesse,1
prophecy,1
elements,1
maintaining,1
better,1
clark,1
deeds,1
mistakes,1
hussein,1
taxpayers,1
response,1
serving,1
nhu,1
served,1
wiser,1
applying,1
third,1
misleading,1
men,1
sin,1
roundtable,1
resolutions,1
border,1
deeply,1
messages,1
truck,1
castro,1
occasion,1
pains,1
billion,1
hardly,1
acted,1
nuanced,1
influence,1
rates,1
irresolution,1
policymaker,1
walls,1
jungles,1
pay,1
surprisingly,1
poor,1
americans,1
trail,1
elevating,1
operations,1
tiger,1
devastating,1
growth,1
portrayed,1
managing,1
across,1
stop,1
remain,1
sort,1
agonizing,1
assassination,1
levels,1
longest,1
doctrine,1
capture,1
mean,1
knew,1
goes,1
opportunity,1
deprived,1
annapolis,1
anyone,1
slipped,1
heard,1
legal,1
magnet,1
hearing,1
study,1
eradicating,1
postimperial,1
white,1
rules,1
practicing,1
consequences,1
infuriated,1
front,1
healthier,1
risks,1
enlisted,1
fantasy,1
understand,1
empires,1
changes,1
handiwork,1
bad,1
old,1
wanted,1
praise,1
antiwar,1
dwight,1
image,1
otherwise,1
linked,1
poisonous,1
elsewhere,1
driven,1
threatening,1
champions,1
impact,1
shaking,1
house,1
argued,1
threat,1
solid,1
age,1
four,1
most,1
show,1
origins,1
cementing,1
erupted,1
officer,1
followed,1
peninsula,1
modeled,1
definite,1
stark,1
putting,1
puts,1
sadam,1
solve,1
bombs,1
yalta,1
helped,1
uncommitted,1
opinion,1
trained,1
decades,1
drawing,1
cut,1
view,1
constitution,1
promote,1
invading,1
thinks,1
union,1
troubling,1
advance,1
remembered,1
based,1
allow,1
escalation,1
method,1
found,1
conservative,1
access,1
rearm,1
attack,1
tumbling,1
effort,1
changed,1
deal,1
demands,1
her,1
facilitate,1
primacy,1
realpolitik,1
endeavor,1
emerge,1
nonrecognition,1
bug,1
possibility,1
mined,1
term,1
wonder,1
late,1
furthermore,1
shall,1
equal,1
effective,1
blow,1
heaven,1
block,1
sharpened,1
produced,1
cannot,1
applied,1
excellent,1
grounds,1
amenable,1
record,1
eye,1
ford,1
saudi,1
xiv,1
saving,1
guarantee,1
public,1
steadfastly,1
temptations,1
misrepresented,1
hopkins,1
weren,1
huge,1
watershed,1
conservatives,1
participation,1
sphere,1
prewar,1
basis,1
accounting,1
line,1
work,1
abroad,1
scope,1
bullets,1
implement,1
imports,1
claim,1
concept,1
psychological,1
stake,1
occupants,1
purpose,1
explains,1
denial,1
apparent,1
forcefully,1
brutal,1
feared,1
description,1
platt,1
though,1
loss,1
bible,1
genuine,1
describe,1
island,1
pan,1
outposts,1
jolted,1
iriye,1
nor,1
xviii,1
won,1
alan,1
breakdown,1
alliance,1
memoirs,1
following,1
deter,1
misguided,1
manipulation,1
aided,1
wittily,1
running,1
exhortation,1
unpopular,1
working,1
tight,1
tom,1
things,1
socialist,1
kong,1
protest,1
lawton,1
destiny,1
sponsors,1
rutgers,1
sharp,1
quite,1
emerging,1
involved,1
fast,1
family,1
indictment,1
driving,1
few,1
concerns,1
munich,1
replace,1
depression,1
transfer,1
dramatic,1
reported,1
secrecy,1
boundaries,1
averell,1
managed,1
progress,1
breed,1
protagonist,1
waiting,1
settle,1
questioning,1
cake,1
duplicitous,1
avoid,1
society,1
cite,1
f,1
battle,1
insurgency,1
role,1
escalate,1
cuban,1
bringing,1
monoliths,1
letters,1
hyperbole,1
defoliant,1
wary,1
wrote,1
launch,1
labeled,1
expansion,1
limited,1
wait,1
appreciate,1
fruit,1
nearly,1
veterans,1
death,1
april,1
prove,1
convince,1
weary,1
intervention,1
bill,1
domination,1
curtain,1
swarm,1
backed,1
decisions,1
confronted,1
positive,1
measure,1
spook,1
frank,1
oxford,1
circumspectly,1
yet,1
vignettes,1
reference,1
franks,1
wake,1
treaty,1
security,1
addition,1
unquestioning,1
recommendation,1
requiring,1
happened,1
seeing,1
challenged,1
coprosperity,1
neither,1
thesis,1
marshall,1
participants,1
planned,1
hazy,1
assistance,1
culture,1
ploy,1
abandon,1
lord,1
choices,1
skin,1
naval,1
costs,1
already,1
insights,1
provocative,1
bradley,1
reports,1
begins,1
boost,1
noted,1
inheritance,1
awe,1
harper,1
limbaugh,1
tries,1
misperceptions,1
persuade,1
resolution,1
leader,1
name,1
successfully,1
tet,1
challenge,1
request,1
again,1
admirable,1
renewed,1
ended,1
academy,1
similarly,1
ask,1
tremendous,1
destroy,1
herbicides,1
inaction,1
consideration,1
preserve,1
head,1
sarcasm,1
documents,1
reform,1
pretty,1
germans,1
larger,1
warning,1
decrying,1
end,1
arabia,1
considerable,1
pattern,1
man,1
favorite,1
serious,1
removal,1
anne,1
readers,1
outside,1
consciously,1
present,1
ground,1
risked,1
continuing,1
developing,1
purposes,1
refrain,1
existing,1
establish,1
akira,1
see,1
until,1
unanticipated,1
strategist,1
stirred,1
ahead,1
norms,1
counterrevolutionary,1
apathy,1
tonkin,1
shulzinger,1
ecology,1
fight,1
sir,1
imagine,1
demonstrated,1
complicity,1
fundamentally,1
taped,1
apt,1
understanding,1
exploring,1
investment,1
spending,1
extended,1
encounter,1
discussion,1
supplies,1
rulers,1
turkey,1
restrictions,1
explanation,1
obstreperous,1
conspirators,1
pave,1
bluff,1
israel,1
janeway,1
alerted,1
alas,1
including,1
arose,1
looking,1
jidda,1
dollar,1
manifestations,1
recover,1
expand,1
top,1
narrowness,1
controlling,1
skeptical,1
confidence,1
unfair,1
approach,1
oaths,1
bellicosity,1
ideas,1
complements,1
chuckling,1
office,1
nevertheless,1
students,1
nuclear,1
distortion,1
perimeter,1
jimmy,1
aware,1
three,1
derelict,1
originated,1
authors,1
publication,1
agreement,1
accounted,1
unconnected,1
sustain,1
held,1
individual,1
times,1
defensive,1
like,1
period,1
function,1
stockade,1
plant,1
features,1
ngo,1
stages,1
profligate,1
filled,1
carson,1
keen,1
cabot,1
losing,1
legacy,1
least,1
repeated,1
communists,1
faith,1
wasn,1
sentiment,1
chuckled,1
trying,1
exaggeration,1
reads,1
parochial,1
successors,1
tactics,1
britain,1
anderson,1
fanned,1
teach,1
excluded,1
structure,1
materialized,1
henry,1
offensive,1
probably,1
arisen,1
looked,1
morris,1
workshop,1
looming,1
figures,1
save,1
saw,1
overthrow,1
persuading,1
lansdale,1
hopeless,1
weimar,1
concerted,1
reluctant,1
limiting,1
compendium,1
rachel,1
telephone,1
mansion,1
provoking,1
educate,1
esteemed,1
belonged,1
inordinate,1
residual,1
provide,1
science,1
clinton,1
senator,1
chance,1
woeful,1
vision,1
claimed,1
fear,1
entity,1
fewer,1
lost,1
health,1
fdr,1
seen,1
relations,1
imperialism,1
armed,1
precedents,1
worse,1
backlash,1
contribution,1
legitimacy,1
deals,1
executive,1
dinh,1
noncommunist,1
intend,1
inspired,1
responsible,1
casually,1
embarrassment,1
kill,1
fall,1
surprising,1
exorcized,1
supporting,1
enforced,1
sympathy,1
canada,1
euphemisms,1
problematic,1
sound,1
premier,1
dodge,1
slowness,1
grasping,1
legacies,1
detail,1
seriously,1
wars,1
rolling,1
shadow,1
constant,1
believed,1
summary,1
aides,1
intervened,1
series,1
russians,1
disparity,1
several,1
version,1
must,1
predictions,1
demonstrate,1
instructed,1
beside,1
bush,1
constructed,1
airbases,1
endangered,1
earle,1
overdrawn,1
excess,1
dimension,1
ran,1
blair,1
refused,1
readily,1
novel,1
expanding,1
abetted,1
connection,1
falsely,1
board,1
believe,1
gone,1
best,1
buddhist,1
transporta,1
argue,1
propaganda,1
wall,1
current,1
feed,1
then,1
underwrite,1
solved,1
longstanding,1
encouraging,1
build,1
byzantine,1
director,1
type,1
oliver,1
merely,1
destroyed,1
turned,1
growing,1
tangle,1
born,1
suffering,1
according,1
unlikely,1
explanations,1
abstruse,1
deteriorate,1
ones,1
less,1
cause,1
add,1
textbook,1
attitudes,1
calculations,1
armies,1
leaving,1
censorship,1
lightening,1
admiral,1
correspondent,1
getting,1
foundations,1
yorker,1
hitler,1
pursued,1
secure,1
mull,1
cloth,1
constitutional,1
produce,1
advise,1
information,1
missed,1
emphasis,1
mcglothlen,1
suspicion,1
patriotism,1
travel,1
popular,1
oath,1
dialogues,1
intention,1
level,1
met,1
given,1
okinawa,1
warmaking,1
missiles,1
content,1
republic,1
november,1
easy,1
publishers,1
focal,1
seoul,1
transition,1
lies,1
sitting,1
clancy,1
adapted,1
incensed,1
harvesting,1
lesson,1
divided,1
colonial,1
breakthrough,1
indians,1
vocal,1
writing,1
aspect,1
waves,1
think,1
complaints,1
our,1
subsumed,1
omar,1
analogy,1
named,1
cautioned,1
shown,1
tell,1
confuse,1
chaired,1
categorically,1
unilateral,1
initiated,1
quest,1
grappling,1
nixon,1
national,1
write,1
balked,1
vernacular,1
accept,1
hurt,1
degaulle,1
dangerous,1
documentation,1
mindful,1
joined,1
although,1
untruthful,1
need,1
enamored,1
values,1
france,1
settling,1
disservice,1
remains,1
semblance,1
campaign,1
ships,1
needs,1
offered,1
charles,1
rest,1
c,1
archival,1
scholarship,1
reached,1
obligation,1
valuable,1
gestures,1
averred,1
major,1
uniformed,1
persuaded,1
traditional,1
testified,1
koreans,1
seek,1
famous,1
statement,1
doing,1
conversations,1
roles,1
grants,1
retrospect,1
stunned,1
