WORDCOUNTS,WEIGHT
the,178
of,146
to,74
and,69
in,65
charity,53
a,46
new,42
wright,35
that,31
as,29
for,27
s,26
englanders,26
from,20
is,19
their,17
was,16
charitable,15
by,15
social,15
women,15
not,14
structure,13
those,13
or,12
organizational,12
were,12
it,11
with,11
history,11
associations,11
i,11
who,11
have,11
on,11
his,10
but,10
all,10
did,10
this,10
benevolence,9
transformation,8
one,8
organizations,8
more,8
my,8
has,8
so,8
about,7
these,7
p,7
private,7
american,6
charities,6
us,6
might,6
control,6
many,6
reform,6
work,6
which,6
century,6
early,6
been,5
how,5
organizing,5
religious,5
united,5
assistance,5
just,5
welfare,5
england,5
are,5
societies,5
historians,5
politics,5
understanding,5
made,5
through,5
good,5
need,5
association,5
be,5
even,5
jones,5
society,5
may,4
he,4
way,4
needy,4
humanitarian,4
katz,4
they,4
class,4
michael,4
yet,4
university,4
organization,4
most,4
only,4
also,4
each,4
philanthropy,4
do,4
political,4
reviews,4
however,4
public,4
receive,4
suggests,4
part,4
associating,4
individuals,4
such,4
author,4
motives,4
individual,4
an,4
voluntary,4
between,4
much,4
world,4
among,4
doing,4
am,4
town,3
hopes,3
if,3
process,3
often,3
analysis,3
identify,3
humanitarianism,3
we,3
into,3
organized,3
then,3
tells,3
haskell,3
first,3
june,3
efforts,3
book,3
universal,3
indeed,3
changed,3
help,3
differences,3
surely,3
them,3
form,3
evangelical,3
america,3
day,3
well,3
another,3
local,3
kathleen,3
boston,3
recipients,3
strangers,3
two,3
ginzberg,3
gender,3
does,3
national,3
change,3
allowed,3
period,3
contributions,3
never,3
problems,3
acts,3
at,2
seems,2
humanitarians,2
poor,2
open,2
demand,2
note,2
limits,2
no,2
changing,2
linda,2
separated,2
limited,2
nearly,2
female,2
worthy,2
success,2
now,2
transformed,2
sphere,2
institutionalization,2
group,2
institutionalized,2
studies,2
lori,2
origins,2
something,2
consequences,2
live,2
interpretation,2
examine,2
understand,2
category,2
sex,2
spirit,2
family,2
thesis,2
had,2
benefits,2
culture,2
nineteenth,2
selfless,2
w,2
appeals,2
show,2
identification,2
experience,2
framework,2
beyond,2
consensus,2
long,2
members,2
care,2
fund,2
give,2
evidence,2
important,2
others,2
nature,2
words,2
edick,2
available,2
could,2
great,2
beliefs,2
out,2
able,2
any,2
religion,2
there,2
conrad,2
state,2
further,2
according,2
mail,2
poverty,2
what,2
want,2
can,2
money,2
while,2
primary,2
interpreted,2
some,2
trattner,2
discussion,2
shared,2
eighteenth,2
point,2
example,2
resources,2
press,2
became,2
encouraged,2
mutualism,2
must,2
simply,2
make,2
specialized,2
records,2
human,2
think,2
thus,2
our,2
historical,2
come,2
eventually,2
than,2
argument,2
own,2
since,2
mutual,2
moral,2
grew,2
language,2
modernization,2
aware,2
neighbors,2
held,2
eve,2
although,2
walter,2
would,2
him,2
revolution,2
states,2
life,2
why,2
needs,2
specific,2
study,2
become,2
child,2
bounds,2
capitalism,2
roots,2
notes,2
uncharitable,2
attention,2
gordon,2
decision,2
revivalism,1
using,1
settlers,1
final,1
ideals,1
difficult,1
will,1
directors,1
critical,1
donations,1
kindness,1
distinctions,1
typified,1
interesting,1
christian,1
currently,1
relationship,1
likely,1
cite,1
aid,1
fortunate,1
circle,1
york,1
situate,1
forever,1
obligations,1
played,1
complex,1
annoying,1
without,1
various,1
solid,1
erasing,1
transients,1
requirement,1
letters,1
bulk,1
meaning,1
usually,1
groups,1
missed,1
generous,1
vision,1
taxonomy,1
remain,1
ready,1
tempted,1
basic,1
evangelicalism,1
market,1
administered,1
contraction,1
address,1
inarticulate,1
kind,1
keepers,1
unselfish,1
oversight,1
notion,1
instrumentality,1
privatized,1
knew,1
remodelled,1
frequently,1
represented,1
community,1
still,1
above,1
opportunity,1
bears,1
began,1
persistent,1
goodly,1
comments,1
experiences,1
requests,1
minutes,1
originated,1
talk,1
recognize,1
movement,1
large,1
southern,1
led,1
acquaintances,1
replaced,1
represents,1
structural,1
year,1
philanthropist,1
impersonal,1
hierarchical,1
white,1
mankind,1
worked,1
fall,1
word,1
once,1
frontier,1
outlets,1
moreover,1
directives,1
gave,1
limitless,1
unintended,1
ways,1
centuries,1
violence,1
meet,1
thomas,1
means,1
psychiatry,1
face,1
easily,1
changes,1
pp,1
problematic,1
appendixes,1
modern,1
choosing,1
mentality,1
rationalize,1
illuminate,1
facilitated,1
array,1
discussions,1
under,1
increased,1
motive,1
founders,1
department,1
neither,1
index,1
perceived,1
arguments,1
reciprocal,1
boundless,1
included,1
operated,1
fiduciary,1
shadow,1
rarely,1
presumably,1
specify,1
purses,1
before,1
complete,1
action,1
girls,1
antebellum,1
practice,1
following,1
champions,1
performed,1
impact,1
matter,1
essentialist,1
formalized,1
arguing,1
christine,1
nonetheless,1
northeastern,1
governmental,1
several,1
morality,1
too,1
umbrella,1
provocative,1
illustrated,1
postrevolutionary,1
ministers,1
diaries,1
democratic,1
stress,1
heroes,1
vermont,1
increasingly,1
subliminal,1
rise,1
deserved,1
symbolic,1
indicate,1
policy,1
femaledirected,1
picture,1
efficient,1
constructed,1
claims,1
sources,1
lead,1
surge,1
provide,1
intentional,1
certainly,1
catalyst,1
text,1
subscribed,1
unlimited,1
offers,1
drew,1
solve,1
alternative,1
shifted,1
law,1
guidance,1
other,1
participated,1
omission,1
researched,1
challenge,1
lives,1
helped,1
bred,1
drastic,1
neglect,1
quickly,1
know,1
providing,1
again,1
natural,1
assist,1
orphan,1
freemasonry,1
alleviate,1
endeavors,1
extant,1
asylum,1
emerged,1
friends,1
addition,1
added,1
challenges,1
clifford,1
commercials,1
generously,1
character,1
publicly,1
standards,1
benevolent,1
definition,1
parties,1
different,1
aspect,1
suggestions,1
attribute,1
whom,1
key,1
believe,1
asserts,1
flowing,1
tradition,1
best,1
pledge,1
down,1
appearance,1
suggesting,1
together,1
found,1
copied,1
undertake,1
predominant,1
ambition,1
insists,1
wrote,1
sure,1
regard,1
choice,1
donors,1
effort,1
brothers,1
deal,1
government,1
proves,1
penned,1
mccarthy,1
thanks,1
compassion,1
suggestive,1
benefit,1
contemporary,1
fail,1
number,1
ago,1
survey,1
take,1
cities,1
deserving,1
mimicked,1
institutionalizing,1
fashion,1
distinctive,1
achieved,1
stewardship,1
sermons,1
question,1
last,1
puzzling,1
late,1
men,1
evident,1
patterns,1
camp,1
conscious,1
respond,1
fourth,1
equally,1
present,1
same,1
staff,1
vehicle,1
gifts,1
cultural,1
institute,1
shown,1
discussing,1
shake,1
road,1
economy,1
johns,1
equate,1
province,1
context,1
seventeenth,1
imperfections,1
whether,1
investigation,1
faceless,1
population,1
art,1
companies,1
less,1
see,1
cannot,1
theoretical,1
making,1
plenty,1
particular,1
suspect,1
gratuitous,1
almsgiving,1
decade,1
existence,1
attitudes,1
contention,1
explain,1
donation,1
taught,1
ignoring,1
distribution,1
distance,1
yearly,1
hopkins,1
free,1
evangelism,1
incorporate,1
obsession,1
memory,1
junk,1
because,1
generates,1
studying,1
admonitions,1
perfunctory,1
undermined,1
representations,1
institutions,1
benevoleince,1
chapter,1
account,1
participation,1
fundamentally,1
relatives,1
virginia,1
determined,1
relief,1
correctly,1
data,1
port,1
used,1
vast,1
unworthy,1
pleasant,1
drive,1
popular,1
abroad,1
intent,1
nameless,1
shielded,1
organize,1
easier,1
conscience,1
founded,1
emphasis,1
translate,1
preferred,1
sponsored,1
values,1
petersburg,1
altered,1
ruled,1
invited,1
leads,1
peace,1
met,1
variations,1
except,1
x,1
arose,1
very,1
simplify,1
city,1
explains,1
despite,1
previously,1
sufficiently,1
role,1
duty,1
its,1
giving,1
expand,1
routinely,1
chronic,1
host,1
assumptions,1
stable,1
significant,1
whole,1
measure,1
bible,1
realm,1
designate,1
contribute,1
temperance,1
assumption,1
collection,1
during,1
place,1
virtually,1
missing,1
surplus,1
constitute,1
indians,1
obsessed,1
scarcely,1
clients,1
aside,1
labor,1
learned,1
goals,1
structures,1
faculty,1
styles,1
transported,1
full,1
review,1
shores,1
deemed,1
regional,1
determinism,1
piety,1
believes,1
sensibility,1
relationships,1
propagating,1
polytechnic,1
participate,1
ultimately,1
until,1
yearcharitable,1
manage,1
vigilant,1
trade,1
briefly,1
status,1
quality,1
distinguishes,1
crises,1
connected,1
initiated,1
fiscal,1
illustrates,1
historic,1
reality,1
count,1
institutional,1
publication,1
monetary,1
points,1
accept,1
downtrodden,1
preceded,1
relatively,1
misery,1
stansell,1
dismisses,1
touches,1
element,1
fulfilled,1
hard,1
field,1
spread,1
emergent,1
reformers,1
willing,1
questionable,1
overt,1
scandals,1
fostered,1
tested,1
collected,1
poorhouse,1
box,1
quotes,1
television,1
defined,1
contrast,1
transforming,1
after,1
midst,1
officials,1
insurance,1
specifically,1
constitutions,1
better,1
instead,1
argues,1
finite,1
anonymous,1
noncharities,1
moved,1
leaves,1
sufficient,1
especially,1
supported,1
back,1
subjects,1
propelled,1
rupert,1
hints,1
qualities,1
bridge,1
transfer,1
clarify,1
griffin,1
regularity,1
single,1
relation,1
research,1
themselves,1
fire,1
embarrassment,1
distinguished,1
enabled,1
englander,1
conclude,1
exactly,1
effective,1
upending,1
deliberate,1
dismissed,1
forms,1
stemming,1
era,1
organizers,1
profit,1
including,1
exclusively,1
within,1
working,1
gospel,1
mimicry,1
excuses,1
little,1
unbounded,1
look,1
looked,1
focus,1
paid,1
occupation,1
lebsock,1
lazy,1
institution,1
preferable,1
deeply,1
recent,1
ignore,1
laborers,1
responsibility,1
general,1
develop,1
provided,1
tract,1
asked,1
up,1
philanthropic,1
race,1
reducing,1
activities,1
capturing,1
examines,1
seemed,1
suzanne,1
coordinated,1
beneficence,1
separate,1
shocked,1
