WORDCOUNTS,WEIGHT
the,297
of,144
to,112
and,79
in,64
that,62
a,55
alperovitz,51
s,47
is,46
for,35
was,27
bomb,27
japanese,26
war,25
not,24
be,24
as,23
has,22
on,22
his,21
american,20
an,19
surrender,19
evidence,19
it,18
with,18
by,18
p,18
decision,18
we,17
from,16
atomic,16
at,15
truman,15
japan,15
have,14
he,13
no,13
been,13
history,13
are,13
this,13
maddox,12
use,11
moral,11
one,10
question,10
such,10
if,9
july,9
hiroshima,9
would,9
they,8
must,8
most,8
also,8
military,8
government,8
some,8
author,8
still,7
why,7
into,7
but,7
all,7
had,7
there,7
what,7
historians,7
understanding,7
made,7
its,7
were,7
when,7
present,7
so,7
will,6
does,6
may,6
dulles,6
their,6
or,6
any,6
over,6
srs,6
villa,6
new,6
however,6
time,6
which,6
diplomacy,6
even,6
suzuki,5
soviet,5
indignation,5
diplomatic,5
see,5
pp,5
stimson,5
thesis,5
consistent,5
more,5
never,5
robert,5
reviews,5
context,5
them,5
terms,5
used,5
work,5
reader,5
story,5
point,5
administration,5
during,5
only,5
september,5
after,5
postwar,5
bonnett,5
example,5
should,5
about,4
university,4
consider,4
before,4
conclusion,4
bern,4
verge,4
each,4
fact,4
scholars,4
end,4
possibility,4
clarity,4
bombings,4
vote,4
central,4
gar,4
our,4
spinoza,4
magic,4
general,4
need,4
concerns,4
between,4
scholarship,4
using,4
fails,3
critics,3
done,3
declaration,3
architecture,3
nagasaki,3
brian,3
process,3
understand,3
proposition,3
myth,3
united,3
thought,3
determination,3
evil,3
policymakers,3
entry,3
then,3
monograph,3
too,3
lemay,3
bernstein,3
certainly,3
j,3
taken,3
thus,3
other,3
seem,3
did,3
could,3
rule,3
desire,3
great,3
out,3
john,3
historical,3
historian,3
left,3
henry,3
whether,3
issue,3
necessary,3
record,3
cabinet,3
james,3
u,3
imperial,3
information,3
almost,3
felt,3
targets,3
sources,3
who,3
claim,3
peace,3
emperor,3
review,3
cited,3
significant,3
factor,3
much,3
human,3
collapse,3
spring,3
argument,3
bix,3
years,3
both,3
significance,3
since,3
t,3
defense,3
known,3
hirohito,3
like,3
cold,3
summer,3
august,3
nor,3
weapons,3
reached,3
obligation,3
can,3
rupture,3
debate,3
early,3
than,3
notes,3
statement,3
major,3
tokyo,2
negotiations,2
weapon,2
characterized,2
revisionist,2
york,2
invokes,2
l,2
scholar,2
stop,2
critiques,2
released,2
connection,2
knew,2
itself,2
adamant,2
integrity,2
ottawa,2
criticism,2
serve,2
summaries,2
interpretation,2
means,2
plus,2
message,2
acceptance,2
essential,2
index,2
assurances,2
seriously,2
thinking,2
just,2
plaint,2
practices,2
simply,2
first,2
xiv,2
offered,2
chose,2
wrong,2
long,2
know,2
union,2
headquarters,2
uses,2
unanimous,2
available,2
best,2
critic,2
suggesting,2
right,2
defenders,2
confirming,2
able,2
far,2
uphold,2
take,2
minister,2
behind,2
do,2
those,2
principal,2
understood,2
accepted,2
sentence,2
cause,2
interview,2
concerning,2
making,2
accounts,2
thirty,2
showing,2
perhaps,2
guarantee,2
wake,2
problem,2
king,2
public,2
degree,2
well,2
leaders,2
determined,2
open,2
drawn,2
these,2
bibliography,2
circumstances,2
memoirs,2
insist,2
part,2
including,2
press,2
two,2
role,2
divided,2
mention,2
device,2
continue,2
justification,2
surrounding,2
g,2
i,2
pattern,2
recent,2
status,2
clear,2
barton,2
accept,2
highest,2
least,2
protest,2
held,2
elements,2
speak,2
times,2
perspective,2
respective,2
caveats,2
contrary,2
c,2
d,2
probably,2
little,2
unconditional,2
critique,2
potsdam,2
seek,2
actions,2
limiting,1
postulating,1
analytical,1
final,1
resolve,1
seems,1
given,1
awkward,1
failed,1
forthcoming,1
talks,1
fifty,1
poor,1
now,1
marilyn,1
where,1
polarizing,1
led,1
together,1
states,1
devote,1
rate,1
modification,1
irrespective,1
understands,1
reduced,1
implications,1
infighting,1
raise,1
arnold,1
matter,1
absence,1
hopes,1
without,1
incontestably,1
reviewer,1
wisdom,1
replied,1
way,1
noble,1
bringing,1
quite,1
provide,1
evade,1
concerned,1
assert,1
later,1
figure,1
bring,1
generated,1
action,1
analyses,1
foreign,1
privately,1
main,1
staff,1
judgments,1
vision,1
indeed,1
bristled,1
service,1
remain,1
attains,1
edward,1
fully,1
opinion,1
plaudits,1
basic,1
critical,1
career,1
select,1
trials,1
return,1
others,1
horrors,1
eminent,1
forward,1
insufficiently,1
observer,1
automatons,1
charts,1
trans,1
sympathy,1
hold,1
notion,1
red,1
dokuhakurohu,1
oss,1
hitting,1
excluding,1
completely,1
army,1
alone,1
whatever,1
allen,1
stipulating,1
pointed,1
harry,1
men,1
establish,1
determining,1
force,1
probability,1
contradicts,1
distributed,1
lasted,1
manifest,1
deride,1
standing,1
adherence,1
importance,1
reservations,1
reflection,1
large,1
discourse,1
simultaneously,1
bundy,1
put,1
volumes,1
kimball,1
evolution,1
life,1
systematically,1
reconsider,1
structural,1
similar,1
often,1
assistant,1
construction,1
fighting,1
inconvenient,1
spectacularly,1
prime,1
council,1
existed,1
origins,1
join,1
once,1
factors,1
update,1
pacific,1
respect,1
constitutes,1
reinterpretation,1
months,1
ernest,1
instances,1
thomas,1
reason,1
pressing,1
adequately,1
face,1
security,1
inconsistent,1
remains,1
werham,1
studies,1
rules,1
gaevernitz,1
hominem,1
me,1
candidate,1
discounts,1
proving,1
judge,1
investigate,1
unacceptable,1
rigorous,1
stipulation,1
capt,1
na,1
former,1
supports,1
claiming,1
jekyll,1
divulged,1
key,1
wrest,1
salient,1
familiar,1
presents,1
premises,1
bit,1
clamp,1
observing,1
infrastructure,1
instance,1
proved,1
section,1
complete,1
readers,1
moderately,1
safe,1
following,1
buruma,1
choices,1
herbert,1
something,1
considered,1
broke,1
mountbatten,1
preface,1
arguing,1
ed,1
unimpeachable,1
unproven,1
vol,1
complexity,1
mentioned,1
indicting,1
intimidate,1
already,1
essence,1
preeminent,1
conflate,1
negative,1
detachment,1
quotations,1
atom,1
noted,1
being,1
said,1
lying,1
continues,1
anything,1
theme,1
demobilization,1
vietnam,1
follow,1
her,1
either,1
ambiguities,1
bookstores,1
warmed,1
harper,1
useful,1
philosophers,1
position,1
quotes,1
consequence,1
worst,1
condemn,1
militarily,1
three,1
members,1
inescapable,1
text,1
decades,1
name,1
disagreement,1
willing,1
len,1
absolute,1
meme,1
established,1
exclusive,1
book,1
attacks,1
omission,1
belief,1
care,1
challenge,1
believed,1
radiation,1
adopt,1
showa,1
rested,1
tome,1
quickly,1
subsuming,1
providing,1
again,1
defining,1
address,1
counsel,1
stating,1
death,1
view,1
reporting,1
cable,1
similarly,1
removed,1
denounce,1
ask,1
principle,1
control,1
many,1
working,1
dwight,1
official,1
talking,1
missing,1
switzerland,1
troubling,1
standards,1
efforts,1
disinterested,1
speaks,1
my,1
different,1
december,1
based,1
lack,1
answer,1
raid,1
aftermath,1
allow,1
conduct,1
withholding,1
event,1
secondary,1
down,1
glaring,1
assertion,1
appendix,1
found,1
creative,1
ph,1
predominant,1
ambition,1
simple,1
presence,1
hammond,1
differences,1
treatments,1
portrayal,1
choice,1
gives,1
pressed,1
nobility,1
ambiguity,1
foundation,1
missouri,1
opposing,1
frus,1
inconsistency,1
rg,1
break,1
changed,1
pounced,1
xiii,1
clearly,1
link,1
monologue,1
how,1
reveal,1
asserting,1
launched,1
shunju,1
ministry,1
room,1
everything,1
oblivion,1
ordered,1
bound,1
bombing,1
real,1
cables,1
antipathy,1
going,1
charges,1
tracts,1
representative,1
prospects,1
manchuria,1
roosevelt,1
serious,1
celebrated,1
appeared,1
works,1
import,1
emerges,1
options,1
channel,1
indiscriminately,1
better,1
evident,1
mind,1
hint,1
applying,1
discussion,1
further,1
abandon,1
saying,1
specter,1
incineration,1
pointing,1
informed,1
though,1
none,1
bungei,1
conventional,1
manner,1
receive,1
reading,1
precaution,1
omitting,1
johns,1
literature,1
obscures,1
dissolved,1
counsellor,1
carefully,1
investigation,1
giovanitti,1
circumvent,1
ch,1
advisers,1
ad,1
selected,1
methodological,1
less,1
namely,1
case,1
purchased,1
est,1
quote,1
allowance,1
spell,1
disarmament,1
mentalitm,1
wartime,1
preoccupation,1
excusable,1
alfred,1
mere,1
kase,1
naval,1
jeremiah,1
upset,1
unnecessary,1
books,1
directly,1
subsequent,1
negotiated,1
task,1
jurisdictional,1
structure,1
listen,1
advice,1
chief,1
hopkins,1
while,1
reflected,1
shapiro,1
hershey,1
really,1
firm,1
incorporate,1
eisenhower,1
rests,1
because,1
bureaucratic,1
victims,1
impact,1
imperils,1
explored,1
yield,1
hyde,1
interpreted,1
chapter,1
voice,1
another,1
byrnes,1
warren,1
demonstrated,1
don,1
seeking,1
fidelity,1
apparently,1
basis,1
epistemologically,1
urgency,1
ethical,1
alibis,1
activity,1
secured,1
admits,1
father,1
intense,1
establishing,1
burden,1
knopf,1
mutual,1
explanation,1
remember,1
upon,1
level,1
obvious,1
contours,1
hinder,1
squabbles,1
enemy,1
professor,1
flaw,1
sides,1
west,1
mortar,1
thereby,1
met,1
say,1
dieppe,1
demonstration,1
surrendered,1
deplore,1
previously,1
misstatements,1
nishihara,1
apparent,1
alternatives,1
loring,1
journal,1
himself,1
fred,1
awaits,1
writing,1
step,1
eclipsed,1
counsels,1
formula,1
went,1
benedict,1
loss,1
whole,1
condition,1
unfortunately,1
prophet,1
october,1
introduction,1
international,1
assumption,1
place,1
sign,1
arguments,1
navy,1
doomed,1
issues,1
broad,1
unrequited,1
people,1
unchallengeable,1
actually,1
repeatedly,1
interlocutor,1
perceptual,1
regarding,1
think,1
conflict,1
tenno,1
winter,1
finished,1
unanimity,1
examination,1
prepared,1
politicus,1
franklin,1
unexplored,1
come,1
abide,1
convincing,1
equivocate,1
reflect,1
margaret,1
ian,1
dismissed,1
believes,1
ultimately,1
nuclear,1
shown,1
profession,1
curtis,1
breaks,1
advisors,1
versions,1
rejected,1
ignored,1
quality,1
kendaro,1
transpired,1
avoided,1
polity,1
due,1
against,1
graduate,1
excision,1
chemistry,1
manipulation,1
wouldn,1
errors,1
national,1
publication,1
thread,1
related,1
washington,1
charge,1
points,1
victory,1
interest,1
unremarkable,1
moscow,1
change,1
diplomats,1
regarded,1
interchangeably,1
broadcast,1
ghostwriter,1
horrific,1
ended,1
offer,1
running,1
quoted,1
honest,1
fatal,1
allowed,1
price,1
crimes,1
unwillingness,1
cruel,1
negligible,1
respects,1
him,1
suggest,1
structuralist,1
topic,1
risen,1
lincoln,1
played,1
tractatus,1
attributes,1
industrial,1
you,1
seeks,1
accurate,1
bloodier,1
unauthorized,1
turn,1
tries,1
discredit,1
reported,1
preservation,1
mcgeorge,1
came,1
officials,1
invasion,1
decisions,1
involved,1
butow,1
late,1
oversimplified,1
sole,1
underlying,1
canons,1
want,1
summary,1
indictment,1
decide,1
revisited,1
raises,1
freed,1
beyond,1
especially,1
jurisdiction,1
orbis,1
few,1
astounding,1
include,1
back,1
bloody,1
tells,1
body,1
study,1
eyes,1
fight,1
columbia,1
posture,1
breaking,1
primary,1
mantle,1
young,1
single,1
become,1
convey,1
admiral,1
wise,1
characterization,1
supported,1
examine,1
precisely,1
tended,1
widely,1
foremost,1
sparingly,1
always,1
analysis,1
array,1
uncertainty,1
obfuscate,1
explore,1
through,1
comfortably,1
excising,1
factions,1
necessity,1
dim,1
documentary,1
ensemble,1
interaction,1
course,1
actors,1
pa,1
paid,1
figures,1
occupation,1
imbued,1
among,1
depravity,1
line,1
deeply,1
north,1
cycle,1
plausible,1
drop,1
experts,1
meeting,1
conceded,1
outright,1
asked,1
political,1
weakness,1
attention,1
inform,1
moved,1
la,1
delayed,1
amerikastudien,1
disturbing,1
tragic,1
predicated,1
evenly,1
concluded,1
opinions,1
von,1
student,1
retention,1
decisionmaking,1
visit,1
