WORDCOUNTS,WEIGHT
the,209
of,123
and,75
to,51
in,48
that,41
a,40
authors,27
religious,27
as,25
they,23
religion,22
for,21
but,20
state,17
not,16
by,16
church,13
their,13
was,13
s,13
on,12
it,11
is,11
baptists,11
who,10
p,10
churches,10
jefferson,10
constitution,9
book,9
christian,8
he,8
separation,8
american,8
school,8
which,8
with,7
his,7
only,7
established,7
or,7
secular,7
were,7
godless,6
support,6
had,6
public,6
civil,6
have,6
an,6
between,6
when,6
no,5
true,5
without,5
most,5
did,5
political,5
case,5
america,5
right,5
politics,5
say,5
establishment,5
describe,5
mention,5
against,5
would,5
madison,5
especially,5
at,4
act,4
if,4
williams,4
thought,4
w,4
framers,4
all,4
liberty,4
fact,4
wall,4
government,4
do,4
credit,4
its,4
president,4
like,4
levy,4
congregationalists,4
than,4
schools,3
today,3
way,3
them,3
connecticut,3
one,3
federal,3
meant,3
god,3
history,3
then,3
any,3
first,3
generally,3
other,3
baptist,3
view,3
over,3
are,3
could,3
children,3
new,3
john,3
massachusetts,3
court,3
past,3
evangelical,3
toleration,3
incorrectness,3
those,3
reviews,3
power,3
locke,3
roger,3
chapter,3
intended,3
assumptions,3
fail,3
during,3
policies,3
colonial,3
ideas,3
establishments,3
even,3
him,3
after,3
phrase,3
times,3
leland,3
ignore,3
accurately,3
debate,3
views,3
probably,3
because,3
should,3
frequent,2
town,2
tests,2
americans,2
pat,2
costs,2
burgh,2
clinton,2
been,2
minority,2
nearly,2
voluntary,2
dissenting,2
special,2
united,2
respect,2
lutheran,2
mother,2
tolerationists,2
coverage,2
praise,2
comparisons,2
into,2
tax,2
commonwealth,2
from,2
said,2
isaac,2
party,2
rather,2
leader,2
name,2
letters,2
law,2
attacks,2
essays,2
know,2
towns,2
principle,2
each,2
england,2
december,2
leaders,2
areas,2
great,2
beliefs,2
wrote,2
ratification,2
eventually,2
time,2
presbyterians,2
district,2
happiness,2
there,2
never,2
took,2
though,2
mail,2
where,2
leonard,2
recently,2
english,2
issue,2
spoke,2
advocates,2
controversy,2
has,2
money,2
christians,2
her,2
while,2
u,2
such,2
constitutional,2
cato,2
property,2
basis,2
virginia,2
private,2
women,2
despite,2
nation,2
moral,2
reverence,2
thomas,2
use,2
congress,2
writing,2
amendment,2
sectarian,2
statute,2
participate,2
rejected,2
this,2
pursuit,2
backus,2
prayers,2
author,2
dominated,2
allowed,2
countenanced,2
opinions,2
states,2
wing,2
voucher,2
mind,2
refer,2
petition,2
be,2
james,2
early,2
present,2
world,2
lockean,2
we,2
famous,2
correctness,2
general,2
lincoln,2
influence,2
once,2
notion,2
garnered,1
omission,1
may,1
miller,1
will,1
parish,1
rights,1
does,1
now,1
murton,1
steal,1
liberalism,1
possessed,1
high,1
moreover,1
esteemed,1
seedbed,1
aid,1
york,1
me,1
whose,1
incurred,1
pejorative,1
perry,1
south,1
belonged,1
note,1
license,1
succinctly,1
prefer,1
reviewer,1
humanist,1
banned,1
presybyterian,1
certified,1
oregon,1
employ,1
saturate,1
crucial,1
reheboth,1
ashland,1
economic,1
populous,1
minorities,1
lurked,1
inculcated,1
arising,1
evangelicals,1
vision,1
indeed,1
legislature,1
service,1
imperishable,1
created,1
nonsense,1
claimed,1
mistreating,1
sort,1
truth,1
idea,1
institution,1
prosecutions,1
attitude,1
believers,1
repudiation,1
independence,1
politicians,1
lex,1
deliberately,1
contributions,1
above,1
yale,1
arm,1
intervention,1
make,1
garden,1
originate,1
currency,1
associate,1
scottish,1
oddly,1
thirteen,1
congregationalist,1
inadequate,1
va,1
decisions,1
pages,1
enacted,1
phelps,1
intrude,1
illuminating,1
refused,1
designed,1
omits,1
existed,1
objections,1
summarized,1
evenly,1
contributing,1
library,1
usefully,1
supposed,1
cannot,1
citizens,1
means,1
religiously,1
dominating,1
taunted,1
settled,1
pp,1
read,1
federalist,1
authorization,1
favor,1
congregationalism,1
bad,1
wanted,1
under,1
champions,1
supports,1
university,1
consider,1
matters,1
founders,1
selective,1
index,1
constitutionality,1
pfeffer,1
reflects,1
burn,1
unlike,1
bit,1
planned,1
holding,1
preamble,1
expressed,1
before,1
liberties,1
believed,1
numbers,1
pithy,1
humanities,1
source,1
mentioned,1
dose,1
too,1
trenchard,1
already,1
wisconsin,1
presumed,1
founded,1
disputation,1
aspersive,1
ministers,1
test,1
simply,1
violations,1
favored,1
constituted,1
ever,1
enforce,1
being,1
damaging,1
attribute,1
presbytery,1
popular,1
emeritus,1
passed,1
either,1
avoided,1
subsidize,1
defeat,1
regardless,1
sources,1
ralph,1
membership,1
reserving,1
titles,1
every,1
neglects,1
dissenter,1
more,1
also,1
connection,1
here,1
human,1
repayment,1
pledged,1
erroneous,1
maintain,1
originally,1
business,1
give,1
later,1
important,1
erected,1
tyranny,1
toward,1
vols,1
spend,1
polemic,1
forfeiture,1
natural,1
continental,1
similarly,1
sunday,1
tuition,1
summarize,1
analogies,1
advanced,1
country,1
rely,1
my,1
memorial,1
organized,1
seedtime,1
rivals,1
pounds,1
principles,1
opposition,1
seem,1
nothing,1
believe,1
allow,1
newspapers,1
tradition,1
unknown,1
pledge,1
belong,1
assertion,1
rule,1
entered,1
plan,1
behaved,1
heavy,1
regard,1
developed,1
multiplicity,1
choice,1
come,1
achievement,1
breezy,1
wholly,1
bound,1
feelings,1
mississippi,1
far,1
radical,1
debates,1
benefit,1
contemporary,1
liberal,1
reflected,1
advocated,1
considerable,1
nevertheless,1
help,1
revolutionists,1
triumphed,1
works,1
assessment,1
term,1
last,1
late,1
turned,1
written,1
share,1
antitolerationist,1
can,1
remonstrance,1
pure,1
mr,1
sexual,1
william,1
remarkable,1
platforms,1
cards,1
let,1
swansea,1
what,1
war,1
economy,1
behind,1
johns,1
literature,1
seditous,1
minimus,1
stoke,1
seventeenth,1
non,1
relevant,1
moore,1
selected,1
less,1
system,1
ones,1
until,1
voting,1
well,1
moderates,1
empty,1
quote,1
windfall,1
add,1
statement,1
badly,1
taxes,1
criticisms,1
explain,1
find,1
applied,1
premise,1
protecting,1
insightful,1
sects,1
hopkins,1
number,1
free,1
integrity,1
saying,1
cheese,1
libel,1
day,1
require,1
undermined,1
justifies,1
original,1
kramnick,1
local,1
enrolling,1
almost,1
indiscretions,1
dilemmas,1
r,1
leo,1
greatest,1
revealed,1
defendants,1
used,1
divided,1
whom,1
reed,1
robertson,1
both,1
amendments,1
boston,1
bibliography,1
gym,1
splendid,1
doctrines,1
start,1
tolerationist,1
values,1
alone,1
claim,1
professor,1
reader,1
weighing,1
unless,1
peace,1
given,1
conclude,1
except,1
taxed,1
london,1
understanding,1
very,1
sent,1
politician,1
collecting,1
oppose,1
clause,1
courses,1
liberals,1
press,1
apply,1
republic,1
duty,1
enlighteningly,1
supreme,1
himself,1
mythical,1
indiana,1
everywhere,1
eroded,1
freedom,1
laurence,1
largely,1
place,1
protestants,1
refers,1
tolerationism,1
realizing,1
engaging,1
allows,1
wilderness,1
learned,1
heard,1
bitter,1
proportion,1
central,1
maintains,1
pamphlets,1
services,1
individuals,1
our,1
upheld,1
includes,1
throughout,1
national,1
personal,1
full,1
false,1
review,1
office,1
tinhorn,1
infidel,1
congregation,1
peculiar,1
charges,1
freethinking,1
historically,1
tendency,1
reverse,1
argument,1
won,1
stead,1
received,1
own,1
sedition,1
clear,1
declaration,1
sustain,1
graduate,1
viciousness,1
errors,1
jeffersonian,1
write,1
de,1
certain,1
washington,1
finally,1
humanists,1
interest,1
good,1
dangerous,1
interchangeably,1
held,1
offer,1
statutory,1
defense,1
keep,1
carelessly,1
common,1
minister,1
claremont,1
passionate,1
allegiance,1
so,1
overt,1
revolution,1
suggest,1
century,1
preserve,1
involving,1
devotional,1
linking,1
stresses,1
vilified,1
arenas,1
disservice,1
buchanan,1
destiny,1
cases,1
levies,1
protests,1
least,1
constitutions,1
pummeling,1
observances,1
small,1
policy,1
summary,1
decide,1
restored,1
concerning,1
supported,1
eleven,1
maxim,1
multiple,1
contrary,1
highly,1
assumed,1
levied,1
acts,1
undervalue,1
compromise,1
parochial,1
repress,1
themselves,1
allowing,1
overbroadly,1
curat,1
rossiter,1
left,1
exactly,1
effect,1
warned,1
accusations,1
foremost,1
era,1
prosecute,1
enterprise,1
structure,1
signatories,1
conscience,1
majority,1
norton,1
little,1
mankind,1
dividing,1
period,1
helwys,1
strong,1
among,1
roots,1
deeply,1
notes,1
quotable,1
repudiated,1
leadership,1
cause,1
hanover,1
meeting,1
informed,1
zengerian,1
sole,1
acknowledge,1
draft,1
gordon,1
inventories,1
denominations,1
major,1
justice,1
behalf,1
objected,1
depths,1
anson,1
