WORDCOUNTS,WEIGHT
the,150
of,121
and,97
to,60
in,52
a,50
as,34
masonry,31
their,29
bullock,25
masons,23
that,23
masonic,21
were,17
was,16
social,16
s,16
it,14
revolutionary,14
american,13
power,12
an,12
on,12
society,12
with,11
history,11
but,11
for,11
its,11
culture,10
by,10
new,10
colonial,10
they,9
brotherhood,9
public,9
more,8
p,8
through,8
elite,8
order,8
religious,7
morgan,7
organization,7
important,7
freemasonry,7
world,7
rituals,7
this,7
so,7
at,6
not,6
is,6
these,6
other,6
brothers,6
early,6
political,6
antimasonry,5
he,5
expansion,5
still,5
into,5
from,5
increasingly,5
had,5
over,5
politics,5
despite,5
clear,5
period,5
revolution,5
men,5
claims,5
between,5
gentility,4
republic,4
makes,4
polite,4
meranze,4
gentlemen,4
powerful,4
helped,4
others,4
steven,4
did,4
there,4
while,4
america,4
press,4
nation,4
band,4
own,4
connections,4
always,4
when,4
among,4
manhood,3
within,3
economic,3
groups,3
indeed,3
male,3
who,3
expanded,3
importance,3
one,3
conflicts,3
life,3
itself,3
university,3
proved,3
aspiring,3
most,3
only,3
membership,3
members,3
set,3
ancient,3
all,3
england,3
exclusion,3
narrative,3
lodges,3
religion,3
elites,3
forms,3
those,3
cultural,3
reviews,3
fraternity,3
particular,3
spiritual,3
complexity,3
well,3
christianity,3
jacksonian,3
antimasonic,3
made,3
secret,3
which,3
ultimately,3
unable,3
argues,3
both,3
numerous,3
national,3
moment,3
like,3
would,3
spread,3
offered,3
debate,3
william,3
model,2
failed,2
ending,2
opposed,2
tests,2
fraternal,2
philadelphia,2
whose,2
practices,2
science,2
if,2
been,2
eighteenthand,2
exclusivity,2
transformed,2
earlier,2
legal,2
church,2
transformation,2
certain,2
complex,2
elaborate,2
construction,2
has,2
authority,2
english,2
developments,2
tensions,2
or,2
doing,2
organized,2
then,2
same,2
emotional,2
first,2
beyond,2
especially,2
puts,2
established,2
challenge,2
conflict,2
equally,2
many,2
greater,2
seems,2
genteel,2
efforts,2
came,2
shows,2
presence,2
transition,2
cosmopolitanism,2
ironically,2
what,2
form,2
nature,2
terms,2
michael,2
less,2
see,2
system,2
issue,2
practice,2
however,2
democratization,2
time,2
mysteries,2
wood,2
balance,2
suggests,2
some,2
marked,2
contain,2
churches,2
gordon,2
psychological,2
even,2
role,2
ritual,2
upsurge,2
gave,2
during,2
interiority,2
central,2
our,2
merchants,2
fused,2
such,2
clubs,2
have,2
september,2
brother,2
construct,2
times,2
enlightenment,2
although,2
individualism,2
distinction,2
unity,2
provides,2
speculative,2
increased,2
relationship,2
displays,2
wider,2
insists,2
inclusion,2
themselves,2
seeking,2
much,2
notes,2
virtue,2
provided,2
influence,2
watts,2
revivalism,1
appeal,1
newer,1
critics,1
periods,1
european,1
implicitly,1
suffering,1
mechanisms,1
increasing,1
does,1
late,1
stage,1
now,1
progeny,1
led,1
san,1
second,1
smattering,1
business,1
york,1
transforming,1
dual,1
ceremonial,1
minor,1
century,1
transformations,1
teachings,1
common,1
functioning,1
way,1
provide,1
his,1
dilemma,1
deploys,1
scientific,1
assert,1
sometimes,1
crucial,1
deism,1
augustans,1
destroy,1
democracy,1
aimed,1
criminal,1
sentences,1
vision,1
proclaimed,1
articulation,1
ideology,1
how,1
remain,1
commitment,1
deepen,1
hill,1
diego,1
breadth,1
play,1
secrets,1
market,1
prosecutions,1
inclusive,1
impose,1
fuse,1
widespread,1
primarily,1
institutions,1
independence,1
becomes,1
mean,1
dimensions,1
success,1
exclusiveness,1
conceptions,1
active,1
insist,1
seen,1
above,1
pressing,1
force,1
privileges,1
towns,1
bewildering,1
connected,1
strife,1
publisher,1
rapidly,1
movement,1
tracing,1
derived,1
masochistic,1
resurrection,1
assuming,1
class,1
reaches,1
produced,1
illustrations,1
analysis,1
mobilize,1
newtonian,1
earl,1
convictions,1
govern,1
about,1
guide,1
merged,1
once,1
transform,1
blessing,1
depicted,1
communities,1
asserted,1
emerged,1
continent,1
elaboration,1
pressuring,1
making,1
means,1
centrifugal,1
americans,1
changes,1
mirror,1
pp,1
struggle,1
problematic,1
relationships,1
romantic,1
evangelical,1
modern,1
shift,1
later,1
considerations,1
latter,1
under,1
manifesting,1
source,1
seaports,1
forget,1
ideals,1
populated,1
us,1
quantitative,1
index,1
character,1
embodiments,1
arguments,1
presents,1
concretized,1
evolved,1
punished,1
emergence,1
analytical,1
general,1
aversion,1
liked,1
clearly,1
raise,1
amid,1
assistance,1
pioneered,1
contested,1
ethnographic,1
called,1
comes,1
demonstrates,1
eager,1
implicit,1
accelerated,1
changing,1
tempting,1
prevent,1
age,1
provocative,1
leads,1
postrevolutionary,1
processions,1
department,1
experience,1
simply,1
satisfying,1
consistent,1
dedications,1
cast,1
functioned,1
shed,1
love,1
physical,1
gentleman,1
long,1
party,1
tantalizing,1
supposedly,1
inexorable,1
inclusivity,1
inheriting,1
instance,1
tour,1
appealing,1
willing,1
aspect,1
paul,1
interests,1
crucially,1
eighteenthcentury,1
technique,1
attentiveness,1
downfall,1
attempts,1
mysterious,1
opinion,1
highly,1
antebellum,1
association,1
again,1
might,1
chance,1
printing,1
rational,1
tendencies,1
each,1
added,1
whereas,1
official,1
opening,1
turn,1
five,1
troubling,1
result,1
corporal,1
charitable,1
dramatically,1
acceptable,1
outside,1
bless,1
reach,1
connection,1
occurred,1
treatment,1
insinuated,1
professionals,1
individuals,1
leading,1
societies,1
could,1
prominence,1
together,1
found,1
downplays,1
beliefs,1
confusion,1
sure,1
moreover,1
entryway,1
attempting,1
forces,1
ambiguity,1
manifested,1
really,1
vulnerability,1
presumably,1
demands,1
diverse,1
far,1
launched,1
end,1
centrally,1
light,1
flirted,1
sees,1
build,1
proclaiming,1
charges,1
inland,1
emotionally,1
outrage,1
display,1
fresh,1
kidnap,1
external,1
living,1
type,1
honor,1
merely,1
never,1
turned,1
state,1
may,1
reinforcing,1
further,1
hand,1
apostate,1
growing,1
sacred,1
do,1
universal,1
learn,1
defend,1
helping,1
regularized,1
though,1
embody,1
effective,1
where,1
ancients,1
war,1
appears,1
landscape,1
johns,1
creativeness,1
purposes,1
advancementoften,1
unique,1
establish,1
kidnapped,1
symbols,1
triggered,1
british,1
strategies,1
buffer,1
joined,1
revere,1
depended,1
placed,1
steele,1
maintain,1
suspicions,1
tradesmen,1
assumed,1
liberalization,1
metropolitan,1
save,1
extent,1
wide,1
appropriated,1
triumph,1
liberal,1
prepare,1
shifts,1
hopkins,1
sought,1
masculinity,1
engine,1
killed,1
right,1
meetings,1
freemasons,1
larger,1
explored,1
notion,1
sociability,1
rationality,1
gained,1
information,1
having,1
almost,1
participation,1
views,1
image,1
protected,1
degrees,1
understanding,1
bond,1
greatest,1
urban,1
revealed,1
situated,1
used,1
universe,1
partook,1
work,1
coherent,1
planning,1
publish,1
survive,1
received,1
subjectivity,1
boston,1
reversed,1
ritually,1
upon,1
range,1
implicated,1
realignment,1
careful,1
transcend,1
interrelated,1
community,1
apart,1
combination,1
point,1
extends,1
internalizing,1
very,1
introduced,1
intentions,1
chastized,1
enormous,1
example,1
truths,1
grandiose,1
uncertain,1
climax,1
knowledge,1
trends,1
ministers,1
transplantation,1
two,1
carolina,1
ruling,1
himself,1
predecessors,1
activity,1
traditional,1
fiercely,1
prototype,1
confronted,1
whole,1
kidnapping,1
target,1
older,1
laboratories,1
discussions,1
refined,1
split,1
ranks,1
families,1
morality,1
people,1
shorn,1
learned,1
hierarchy,1
questions,1
participated,1
evolution,1
think,1
grandeur,1
maintains,1
exercises,1
chapters,1
franklin,1
trust,1
denying,1
false,1
office,1
question,1
sectarian,1
rigor,1
formation,1
virile,1
i,1
xviii,1
symbolic,1
radicalism,1
vii,1
evidence,1
cosmopolitan,1
dynamics,1
inner,1
points,1
inevitable,1
ethnicity,1
challenging,1
arrested,1
transmit,1
unprecedented,1
moral,1
tional,1
tables,1
stress,1
sentimentalism,1
publication,1
author,1
paradoxically,1
reputation,1
transformative,1
sustain,1
aided,1
interest,1
collapsed,1
isles,1
sufferings,1
momentous,1
stressed,1
ability,1
brotherly,1
course,1
manufacturers,1
worked,1
individual,1
controversies,1
representative,1
dense,1
fulfilled,1
overt,1
summer,1
extended,1
buildings,1
shaping,1
creating,1
deepens,1
rooted,1
reconstructed,1
played,1
punishment,1
generality,1
centrality,1
arena,1
attempted,1
voluntary,1
benjamin,1
philosophy,1
transitional,1
conversation,1
connects,1
rank,1
claim,1
addison,1
california,1
augustan,1
involved,1
destroyed,1
campaign,1
divisive,1
prized,1
inscribed,1
burgeoning,1
treats,1
specific,1
few,1
fatal,1
concerns,1
selfconscious,1
abductors,1
qualities,1
upstate,1
distinctions,1
competitive,1
chapel,1
constructing,1
reborn,1
dramatic,1
become,1
seaport,1
adumbrated,1
blunt,1
secrecy,1
c,1
climaxing,1
renegotiated,1
site,1
third,1
single,1
witnessed,1
effect,1
thoughtfully,1
era,1
masculine,1
be,1
name,1
create,1
artisans,1
london,1
drawn,1
news,1
conscience,1
also,1
entire,1
pathway,1
progressed,1
looked,1
alter,1
focus,1
immediately,1
sacredness,1
institution,1
irrevocably,1
north,1
diminished,1
became,1
emersonian,1
reformist,1
building,1
shaftesbury,1
richly,1
universality,1
shifted,1
acknowledge,1
jealous,1
actions,1
master,1
confrontations,1
unified,1
division,1
nadir,1
seemed,1
decision,1
litter,1
unintenmeranze,1
