WORDCOUNTS,WEIGHT
the,273
of,144
in,81
and,77
state,56
to,50
a,38
bensel,28
that,28
south,26
was,23
s,20
authority,19
finance,18
war,18
as,17
from,17
central,17
with,16
reconstruction,15
american,15
is,15
by,15
p,15
states,14
districts,14
for,14
on,14
capital,13
more,12
were,12
it,11
not,11
union,11
new,10
formation,10
political,9
civil,9
national,9
an,9
southern,8
but,8
its,8
northern,8
republican,7
republicans,7
york,7
policy,7
party,7
percent,7
this,7
than,7
at,6
statist,6
expansion,6
class,6
congressional,6
federal,6
antebellum,6
power,6
over,6
areas,6
colwell,6
interest,6
would,6
also,6
his,5
patronage,5
their,5
analysis,5
united,5
former,5
history,5
cotton,5
capitalists,5
identified,5
had,5
confederacy,5
bankruptcy,5
government,5
there,5
economy,5
produced,5
wealth,5
because,5
powers,5
through,5
congress,5
health,5
internal,5
be,5
when,5
north,5
he,4
economic,4
represented,4
or,4
confederates,4
most,4
department,4
interests,4
military,4
all,4
fact,4
did,4
expense,4
what,4
reviews,4
nation,4
gave,4
which,4
gerteis,4
developmental,4
gold,4
second,3
service,3
nearly,3
northeast,3
yankee,3
currency,3
one,3
modern,3
university,3
into,3
abandonment,3
any,3
are,3
sector,3
creation,3
control,3
financial,3
result,3
opposition,3
particularly,3
radical,3
iron,3
leviathan,3
do,3
where,3
within,3
system,3
argues,3
politics,3
slaves,3
louis,3
labor,3
improvements,3
fourteenth,3
only,3
development,3
have,3
although,3
century,3
settlement,3
distinct,3
why,3
june,3
slave,3
point,3
major,3
failed,2
opposed,2
modernization,2
demand,2
implications,2
slavery,2
five,2
adds,2
greenbacks,2
capita,2
created,2
resisted,2
market,2
return,2
citizens,2
islands,2
process,2
poor,2
expanded,2
per,2
direct,2
effective,2
sweeping,2
relied,2
support,2
coalition,2
democrats,2
pp,2
decade,2
allocation,2
growing,2
choices,2
nineteenth,2
dialectical,2
no,2
federalism,2
threat,2
costs,2
proclamation,2
four,2
two,2
steel,2
lower,2
first,2
payments,2
secession,2
bourne,2
production,2
law,2
put,2
advance,2
parties,2
different,2
capitalist,2
striking,2
reform,2
time,2
concludes,2
carolina,2
legislation,2
ally,2
late,2
occupation,2
understood,2
sectors,2
manner,2
domestic,2
combined,2
population,2
heavily,2
well,2
however,2
passed,2
theory,2
after,2
free,2
influenced,2
randolph,2
remained,2
representatives,2
mobilization,2
solid,2
both,2
richard,2
region,2
mississippi,2
supply,2
part,2
drew,2
city,2
example,2
laws,2
press,2
interior,2
elite,2
sectional,2
roll,2
during,2
place,2
behavior,2
demonstrates,2
work,2
linked,2
goals,2
emancipation,2
call,2
amendment,2
alignments,2
project,2
trade,2
against,2
redistribution,2
finally,2
victory,2
defeat,2
individual,2
least,2
apparatus,2
price,2
specie,2
so,2
stage,2
conquered,2
industrial,2
effects,2
course,2
administrative,2
standard,2
freed,2
beyond,2
supported,2
highest,2
between,2
governments,2
industry,2
dramatic,2
effect,2
early,2
much,2
world,2
sea,2
principal,2
strong,2
pennsylvania,2
notes,2
stephen,2
finds,2
influence,2
appeasement,1
courts,1
alabama,1
unregulated,1
will,1
threatened,1
retreated,1
founding,1
misinformed,1
offices,1
manufacturer,1
passing,1
builder,1
relationship,1
vied,1
units,1
recognized,1
sectionalism,1
struggle,1
discriminatory,1
contest,1
absence,1
materials,1
independent,1
act,1
seventeen,1
pauper,1
voted,1
indicated,1
johns,1
been,1
foreign,1
statesformally,1
absent,1
ests,1
across,1
developed,1
articulation,1
concentrated,1
hardest,1
bound,1
program,1
encouraged,1
premodern,1
mountain,1
doctrine,1
insulated,1
defining,1
contraction,1
resulted,1
fewer,1
role,1
departments,1
midwest,1
anthracite,1
brings,1
e,1
lasting,1
growth,1
who,1
analyzes,1
totally,1
entanglements,1
began,1
landed,1
contribution,1
thirteen,1
developments,1
they,1
similar,1
remaining,1
police,1
leave,1
executive,1
terms,1
languished,1
regulatory,1
ix,1
decisions,1
envisioned,1
study,1
freedmen,1
judicious,1
quite,1
confederate,1
cheap,1
uncharacteristic,1
economical,1
moves,1
supporting,1
violence,1
core,1
sympathy,1
means,1
itself,1
wake,1
institution,1
repressive,1
makes,1
results,1
projects,1
empower,1
applied,1
involved,1
manpower,1
capigerteis,1
hegemonic,1
immigrant,1
tied,1
underdeveloped,1
comparisons,1
neither,1
thesis,1
index,1
redistribute,1
imposing,1
necessarily,1
familiar,1
laid,1
occurred,1
imposed,1
policies,1
exercised,1
bit,1
total,1
then,1
observing,1
troops,1
liberal,1
elsewhere,1
accomplishments,1
same,1
impeded,1
efforts,1
preface,1
overriding,1
ed,1
without,1
literally,1
source,1
weak,1
chief,1
formally,1
certainly,1
these,1
xi,1
exodus,1
reports,1
extensive,1
economically,1
plantation,1
consistent,1
origins,1
railroads,1
inheritance,1
theme,1
suffuses,1
talists,1
offered,1
permit,1
generally,1
jurisdiction,1
long,1
putting,1
fruitful,1
rather,1
carl,1
emerge,1
votes,1
slaveholding,1
posed,1
here,1
explain,1
hit,1
comparison,1
helped,1
steady,1
give,1
restoration,1
shortcoming,1
faced,1
decades,1
reactionary,1
social,1
ran,1
continental,1
lifeless,1
agenda,1
principle,1
emerged,1
tendencies,1
advanced,1
country,1
opponents,1
complete,1
jan,1
official,1
raw,1
whites,1
proponents,1
paper,1
expressed,1
tariffs,1
including,1
longer,1
rights,1
shaped,1
pointed,1
other,1
societies,1
remarks,1
tradition,1
administer,1
advantage,1
revenue,1
historical,1
readmission,1
industrializing,1
rule,1
found,1
broadly,1
conservative,1
railroad,1
britain,1
differences,1
indeed,1
confiscation,1
stood,1
forces,1
foundation,1
effort,1
concurrently,1
out,1
politically,1
become,1
pamphlet,1
banks,1
clearly,1
supplies,1
figure,1
expression,1
empire,1
rely,1
very,1
requirements,1
substantially,1
conscription,1
identical,1
debt,1
examining,1
away,1
nevertheless,1
fashion,1
captured,1
governing,1
nil,1
integrate,1
rural,1
starvation,1
markets,1
inversion,1
punishment,1
never,1
reproductive,1
turned,1
flaws,1
took,1
replicated,1
hand,1
greatly,1
fourth,1
equally,1
those,1
william,1
expand,1
committed,1
expensive,1
farmers,1
orderly,1
purposes,1
aspects,1
existing,1
indirect,1
armed,1
them,1
explosive,1
citizenship,1
form,1
retrenchment,1
less,1
british,1
case,1
voting,1
together,1
presided,1
necessary,1
outside,1
add,1
fused,1
wartime,1
sophisticated,1
revision,1
judicial,1
writes,1
required,1
slowed,1
autonomous,1
has,1
historians,1
task,1
triumph,1
hopkins,1
while,1
mass,1
commander,1
expressions,1
argued,1
america,1
fled,1
bureaucratic,1
thoroughly,1
strikes,1
resumption,1
cloth,1
constitutional,1
nelson,1
organize,1
custom,1
suspended,1
hesitate,1
slow,1
restoring,1
suppress,1
demands,1
proceedings,1
subsistence,1
virginia,1
future,1
private,1
congressmen,1
enforcement,1
literature,1
temperance,1
discussion,1
clients,1
coherent,1
permitted,1
birth,1
alliance,1
made,1
taxation,1
chiefly,1
move,1
upon,1
tentative,1
vote,1
arenas,1
helps,1
active,1
modernizing,1
utility,1
west,1
apart,1
illustrated,1
likely,1
refinement,1
collection,1
impressment,1
ohio,1
demodernizing,1
explains,1
planter,1
calls,1
sufficiently,1
education,1
establishes,1
end,1
identity,1
concern,1
intended,1
ten,1
administration,1
destroying,1
moral,1
marginalized,1
controls,1
loss,1
whole,1
consistently,1
largely,1
misrepresents,1
resistance,1
intervention,1
treasury,1
describes,1
controlled,1
morality,1
records,1
figures,1
antislavery,1
processes,1
antistatist,1
real,1
commenced,1
individuals,1
franklin,1
throughout,1
subsidizing,1
partisan,1
halted,1
question,1
abstractness,1
employed,1
sensibility,1
lodged,1
i,1
systematic,1
author,1
argument,1
immediate,1
league,1
strengthened,1
own,1
since,1
three,1
dominated,1
contradictions,1
twentieth,1
g,1
grant,1
monetary,1
points,1
reversed,1
retarded,1
crisis,1
tone,1
counter,1
ended,1
relinquished,1
sense,1
successful,1
characterized,1
consolidated,1
describing,1
define,1
application,1
bills,1
period,1
insisted,1
unified,1
workers,1
shaping,1
supremacy,1
stages,1
forced,1
intellectuals,1
contrast,1
twoparty,1
limitations,1
overturned,1
wrong,1
agitating,1
socialism,1
enjoining,1
issued,1
candidates,1
measure,1
claims,1
defense,1
elements,1
nor,1
shift,1
better,1
outbreak,1
transformation,1
subordinated,1
constituency,1
characteristics,1
especially,1
eleven,1
profound,1
accomplished,1
cambridge,1
formal,1
mining,1
compulsory,1
nicely,1
eloquent,1
further,1
houses,1
insists,1
single,1
loyalist,1
wholly,1
commands,1
compared,1
elites,1
consisted,1
third,1
mainly,1
impossible,1
can,1
arbitrariness,1
postwar,1
disparities,1
substantial,1
probably,1
unwitting,1
even,1
valley,1
entire,1
essays,1
little,1
divides,1
focus,1
exempted,1
avoided,1
occupied,1
destruction,1
unequivocal,1
famous,1
diminished,1
occasion,1
newly,1
building,1
quarter,1
urgent,1
lincoln,1
resek,1
acted,1
attention,1
coal,1
close,1
compromise,1
dictum,1
reluctant,1
commanders,1
modernized,1
wield,1
expropriation,1
grants,1
arkansas,1
