WORDCOUNTS,WEIGHT
the,157
of,100
to,71
and,70
in,32
a,28
sawislak,21
that,18
public,18
s,17
city,16
elite,13
chicagoans,12
fire,12
leaders,12
this,12
order,12
chicago,12
class,11
as,11
analysis,11
is,10
relief,10
on,10
their,9
social,9
business,9
good,9
civic,9
or,8
but,8
by,8
her,8
have,8
vision,7
group,7
who,6
most,6
over,6
residents,6
prominent,6
such,6
relations,6
would,6
poor,5
perspectives,5
reconstruction,5
they,5
about,5
history,5
from,5
these,5
charity,5
more,5
for,5
other,5
opposition,5
great,5
p,5
which,5
new,5
local,5
thus,5
were,5
workers,5
debate,5
attention,5
may,4
book,4
groups,4
politicians,4
not,4
with,4
was,4
law,4
had,4
adler,4
according,4
although,4
restore,4
an,4
at,3
battle,3
aid,3
she,3
segments,3
homeless,3
process,3
american,3
university,3
into,3
might,3
similarly,3
control,3
greater,3
are,3
wealthy,3
effort,3
particularly,3
those,3
what,3
reviews,3
stability,3
perhaps,3
victims,3
hierarchies,3
property,3
private,3
both,3
careful,3
identity,3
policies,3
newspaper,3
devoted,3
merchants,3
argument,3
define,3
disasters,3
immigrants,3
perspective,3
newspapers,3
codes,3
crusade,3
be,3
than,3
businessmen,3
it,2
does,2
power,2
german,2
no,2
materials,2
rather,2
if,2
within,2
ideology,2
worthy,2
sheridan,2
institutions,2
make,2
one,2
once,2
neighborhoods,2
ways,2
fascinating,2
examined,2
seems,2
before,2
contest,2
upper,2
sources,2
members,2
also,2
voices,2
interests,2
jeffrey,2
important,2
opinion,2
faced,2
again,2
all,2
union,2
many,2
nature,2
efforts,2
did,2
different,2
based,2
best,2
explores,2
opposing,2
together,2
right,2
reform,2
rebuilding,2
example,2
reveal,2
debates,2
rhetoric,2
following,2
regulations,2
though,2
suffering,2
poverty,2
mainly,2
notes,2
particular,2
however,2
postfire,2
historians,2
receive,2
because,2
well,2
explored,2
future,2
politics,2
urban,2
used,2
determined,2
point,2
through,2
safeguarded,2
press,2
forged,2
expression,2
reconstruct,2
karen,2
central,2
component,2
unions,2
rendered,2
illinois,2
interest,2
times,2
homes,2
considerable,2
building,2
responsibility,2
municipal,2
june,2
actions,2
editors,2
single,2
classes,2
sabbatarian,2
even,2
leveled,2
unified,2
society,2
scandinavian,1
promised,1
folds,1
difficult,1
threatened,1
late,1
offices,1
opposed,1
relying,1
formulated,1
hero,1
profoundly,1
r,1
moreover,1
applications,1
o,1
struggle,1
leary,1
jobless,1
cow,1
absence,1
marrow,1
independent,1
scientific,1
identified,1
its,1
five,1
mechanisms,1
defenders,1
district,1
how,1
commitment,1
claimed,1
spearheaded,1
persuasively,1
housing,1
play,1
epidemics,1
attenuate,1
led,1
violence,1
insufficient,1
reference,1
struggled,1
red,1
funds,1
prefabricated,1
reduce,1
alone,1
community,1
resonated,1
receives,1
poorer,1
notably,1
manuscript,1
yet,1
caricatured,1
research,1
similar,1
b,1
movement,1
center,1
anxious,1
sunday,1
simultaneously,1
significant,1
achievements,1
decisions,1
denied,1
owned,1
applicants,1
study,1
often,1
produced,1
construction,1
funneled,1
underscores,1
sheds,1
formed,1
asserted,1
doubly,1
sets,1
ablebodied,1
floods,1
urged,1
support,1
citizens,1
means,1
mrs,1
reclaiming,1
sociologists,1
pp,1
perceptions,1
serve,1
operated,1
under,1
metropolis,1
during,1
detail,1
policy,1
organization,1
neither,1
weaves,1
index,1
split,1
meant,1
neutral,1
malingerers,1
emergence,1
proponents,1
then,1
eschew,1
clearly,1
troops,1
light,1
proved,1
sum,1
represented,1
shored,1
days,1
believed,1
same,1
conviction,1
dominate,1
traces,1
welfare,1
incompetent,1
series,1
source,1
argued,1
selfless,1
without,1
xi,1
four,1
prosperous,1
hunger,1
fires,1
two,1
department,1
democratic,1
common,1
fact,1
first,1
people,1
rise,1
maintained,1
only,1
follow,1
perceptively,1
explaining,1
undeveloped,1
compresses,1
persuasive,1
position,1
modest,1
long,1
lead,1
labor,1
provide,1
organizations,1
cooled,1
creation,1
offers,1
sustained,1
entailed,1
antithetical,1
challenge,1
poorest,1
years,1
accustomed,1
appeals,1
sufferers,1
drawing,1
view,1
appear,1
responsibilities,1
actual,1
proof,1
rational,1
added,1
been,1
ban,1
paper,1
reestablish,1
definition,1
my,1
organized,1
incomplete,1
relieve,1
recurring,1
walk,1
seem,1
treatment,1
preserve,1
scientists,1
wooden,1
societies,1
assess,1
workingclass,1
lieutenant,1
developed,1
regulation,1
embracing,1
larger,1
demands,1
warning,1
unevenness,1
nonpartisan,1
aldermen,1
end,1
dispassionate,1
noting,1
bound,1
deemed,1
i,1
forms,1
turned,1
outside,1
accurately,1
embers,1
beginning,1
learn,1
employment,1
martial,1
political,1
formation,1
lawlessness,1
reading,1
war,1
johns,1
ll,1
editorials,1
reign,1
newfound,1
establish,1
viewed,1
defining,1
population,1
citizenship,1
celebrated,1
companies,1
less,1
priorities,1
issue,1
side,1
survivor,1
suspicions,1
core,1
delays,1
anthropologists,1
wide,1
task,1
threats,1
hopkins,1
reflected,1
foundations,1
determine,1
expenses,1
expressions,1
firm,1
america,1
mandated,1
pursued,1
durkheim,1
prescriptions,1
cloth,1
remained,1
responded,1
skillfully,1
when,1
feeding,1
independence,1
wonders,1
molding,1
obligations,1
smoldering,1
understanding,1
omissions,1
cooperation,1
revealed,1
vulnerable,1
unworthy,1
middle,1
coherent,1
survive,1
detract,1
already,1
responding,1
pronouncements,1
bibliography,1
neck,1
occupy,1
range,1
insights,1
blaze,1
distinguish,1
claim,1
coping,1
protected,1
part,1
competing,1
scramble,1
previously,1
greatest,1
laws,1
became,1
due,1
role,1
along,1
enforcement,1
irish,1
mayor,1
positions,1
feared,1
tried,1
cohesion,1
respectable,1
restructuring,1
assumptions,1
therefore,1
enduring,1
prevented,1
describe,1
camps,1
corrupt,1
needed,1
assume,1
demonstrates,1
engaging,1
exposed,1
definitions,1
acres,1
goals,1
questions,1
subtlety,1
nothing,1
our,1
terminology,1
forces,1
personal,1
focuses,1
contentious,1
reflect,1
legislation,1
dependence,1
enforcers,1
complicated,1
disorder,1
powerful,1
survival,1
project,1
unable,1
argues,1
editor,1
visions,1
generate,1
indeed,1
since,1
mired,1
polity,1
three,1
minds,1
moral,1
weeks,1
directed,1
reward,1
anxiety,1
hinged,1
hierarchy,1
frame,1
molded,1
author,1
points,1
subtle,1
cooperate,1
remake,1
crisis,1
dangerous,1
published,1
responses,1
contributed,1
defense,1
instead,1
gendered,1
closing,1
espousing,1
sense,1
consolidated,1
general,1
reformers,1
buildings,1
hardly,1
thoughtful,1
looters,1
industrial,1
variously,1
unwilling,1
clues,1
defined,1
attempted,1
after,1
share,1
preservation,1
tape,1
managerial,1
provides,1
remains,1
possess,1
blame,1
campaign,1
frenzies,1
worried,1
honest,1
mayors,1
homicide,1
supported,1
kinds,1
concerns,1
disproportionately,1
formal,1
incapable,1
disaster,1
industrialists,1
stake,1
parochial,1
mason,1
themselves,1
interpretations,1
suddenly,1
plebeian,1
rejection,1
boundaries,1
effective,1
employers,1
philip,1
can,1
organizers,1
structure,1
fully,1
rebuild,1
generally,1
probably,1
working,1
extent,1
entire,1
persuaded,1
little,1
divergent,1
journal,1
looked,1
infantry,1
reasoned,1
world,1
fireproof,1
saw,1
comparable,1
north,1
destruction,1
florida,1
selfreliance,1
governor,1
professional,1
civil,1
broader,1
provided,1
patrolled,1
criminals,1
enclave,1
nuanced,1
imperiled,1
bypassed,1
valuable,1
dictated,1
avoid,1
besiege,1
surprising,1
