WORDCOUNTS,WEIGHT
the,176
of,114
and,75
to,65
a,64
in,55
s,37
his,32
he,28
war,26
that,25
p,22
on,22
as,21
jackson,21
for,20
sherman,19
with,18
from,16
civil,16
military,15
at,14
stonewall,13
farwell,13
class,12
point,12
waugh,11
west,11
be,11
life,10
have,10
was,9
more,9
union,9
him,9
marszalek,8
army,8
not,8
mcclellan,8
than,8
this,8
it,7
american,7
confederate,7
or,7
had,7
history,7
but,7
by,7
other,7
john,7
books,7
its,7
general,7
order,7
been,6
one,6
did,6
new,6
how,6
which,6
would,6
an,6
society,6
south,5
will,5
slavery,5
gallagher,5
they,5
their,5
is,5
most,5
also,5
book,5
many,5
leaders,5
found,5
readers,5
because,5
who,5
no,4
without,4
george,4
if,4
about,4
index,4
any,4
biography,4
toward,4
scholars,4
cadets,4
written,4
political,4
them,4
has,4
public,4
well,4
soldier,4
work,4
during,4
years,4
three,4
like,4
states,4
thomas,4
campaign,4
why,4
several,4
early,4
when,4
northern,4
among,4
f,3
what,3
york,3
generals,3
later,3
himself,3
career,3
success,3
southern,3
often,3
illustrations,3
former,3
university,3
proved,3
under,3
antietam,3
w,3
materials,3
these,3
beyond,3
titles,3
here,3
command,3
important,3
might,3
academy,3
all,3
j,3
are,3
different,3
best,3
could,3
out,3
i,3
man,3
achieved,3
william,3
where,3
reviews,3
tecumseh,3
cause,3
historians,3
some,3
virginia,3
popular,3
made,3
bibliography,3
level,3
brought,3
people,3
succeed,3
questions,3
our,3
were,3
personal,3
grant,3
such,3
national,3
mexico,3
anarchy,3
classmates,3
young,3
gettysburg,3
up,3
story,3
much,3
notes,3
attention,3
fails,2
battle,2
led,2
matter,2
chaos,2
provide,2
concerned,2
crucial,2
maps,2
attitude,2
nearly,2
e,2
comradeship,2
told,2
leave,2
fighting,2
united,2
frontier,2
support,2
rebel,2
battlefields,2
studies,2
pp,2
interpretive,2
secession,2
unlike,2
potomac,2
ewing,2
note,2
just,2
culture,2
saw,2
must,2
two,2
demonstrate,2
believed,2
superior,2
first,2
passion,2
social,2
sources,2
every,2
members,2
taken,2
over,2
appear,2
researched,2
graduates,2
seems,2
gary,2
lieutenant,2
together,2
unionist,2
effort,2
narrative,2
brothers,2
able,2
concludes,2
events,2
benefit,2
academic,2
equally,2
fame,2
corps,2
daniel,2
burns,2
viewed,2
terms,2
side,2
pickett,2
while,2
free,2
commander,2
influenced,2
day,2
breckinridge,2
ties,2
remained,2
postwar,2
literature,2
byron,2
press,2
nation,2
ken,2
ten,2
appomattox,2
sectional,2
audience,2
gardner,2
families,2
indians,2
officers,2
conflict,2
thus,2
previous,2
believes,2
own,2
memoirs,2
there,2
g,2
author,2
individual,2
although,2
sense,2
successful,2
extensively,2
attempted,2
after,2
standard,2
presidential,2
times,2
louisiana,2
june,2
back,2
subjects,2
c,2
third,2
reached,2
can,2
debate,2
specter,2
even,2
documentary,2
those,2
world,2
figures,2
taylor,2
famous,2
should,2
october,2
decision,2
ammunition,1
rehashed,1
final,1
proposed,1
resolve,1
ridge,1
higher,1
factors,1
suggest,1
threatened,1
critical,1
wounds,1
archives,1
typified,1
film,1
interesting,1
high,1
likely,1
subjugate,1
done,1
menace,1
whose,1
forever,1
publishing,1
inhabitants,1
helped,1
prefer,1
difficult,1
common,1
continued,1
testimony,1
forego,1
bulk,1
stream,1
hardcover,1
bonding,1
destroy,1
five,1
seminary,1
ambivalent,1
troubled,1
superficially,1
wrote,1
dreamed,1
adds,1
strives,1
leavens,1
impressive,1
sum,1
service,1
overall,1
remain,1
interpretation,1
prominently,1
resisted,1
aggressive,1
truth,1
does,1
landscape,1
institution,1
appreciate,1
buffs,1
subjugation,1
wing,1
johnston,1
merits,1
struggled,1
shermans,1
presses,1
responded,1
opposed,1
warner,1
dissolution,1
dimensions,1
april,1
loomed,1
aiming,1
kept,1
convince,1
community,1
fraternity,1
competing,1
view,1
strongly,1
still,1
reconstruction,1
tender,1
opted,1
deprecated,1
force,1
make,1
manuscript,1
wake,1
comments,1
incredibly,1
revisiting,1
importance,1
assaulted,1
highlights,1
direct,1
balanced,1
spate,1
handsome,1
hold,1
contributions,1
conveys,1
measure,1
imprint,1
danger,1
remarks,1
label,1
norton,1
lay,1
prime,1
rappahannock,1
atlanta,1
feel,1
hope,1
frank,1
adoptive,1
library,1
biographer,1
criticism,1
moves,1
psychological,1
yet,1
urged,1
instances,1
bind,1
americans,1
understand,1
security,1
category,1
utterly,1
brightest,1
royster,1
upheaval,1
largely,1
thought,1
modern,1
candidate,1
favor,1
albert,1
ardent,1
fought,1
opponents,1
shortcomings,1
canvass,1
marks,1
fear,1
issue,1
announces,1
b,1
us,1
family,1
neither,1
western,1
legitimate,1
familiar,1
into,1
forays,1
argues,1
crippling,1
devoting,1
sketches,1
rarely,1
federals,1
then,1
cautionary,1
preserved,1
craved,1
perspectives,1
light,1
confederates,1
antebellum,1
following,1
pretentious,1
crofts,1
broke,1
probed,1
ed,1
deliver,1
mentioned,1
frequently,1
reviewed,1
received,1
upper,1
already,1
odds,1
hoping,1
prosperous,1
unshakable,1
show,1
department,1
experience,1
reliance,1
ever,1
handling,1
satisfying,1
store,1
warns,1
member,1
anything,1
synonymous,1
lenoir,1
only,1
follow,1
else,1
slaking,1
picture,1
shed,1
newsweek,1
blasted,1
triumphant,1
cherish,1
chose,1
claims,1
complements,1
whiggish,1
fleshes,1
rather,1
expands,1
problems,1
text,1
servile,1
destructive,1
strivings,1
headed,1
lives,1
respected,1
stronger,1
fathom,1
mighty,1
feelings,1
know,1
footnote,1
death,1
natural,1
vulnerability,1
conceived,1
similarly,1
glowing,1
ask,1
printing,1
commanded,1
proof,1
friends,1
each,1
sure,1
boasting,1
blurbs,1
readily,1
between,1
departure,1
paper,1
expressed,1
dramatically,1
novel,1
came,1
lack,1
commission,1
reach,1
key,1
height,1
seem,1
newly,1
available,1
gone,1
xii,1
explores,1
secondary,1
down,1
generous,1
unprepared,1
opposing,1
printed,1
desire,1
studied,1
search,1
nevertheless,1
ought,1
vision,1
surprisingly,1
indeed,1
unionists,1
southerners,1
centering,1
attempt,1
forces,1
euphemism,1
rich,1
joseph,1
manassas,1
brigadier,1
larger,1
banks,1
lumped,1
vandiver,1
coauthor,1
generalizations,1
far,1
chilling,1
illustrating,1
getting,1
state,1
biographical,1
excite,1
resign,1
miscalculated,1
endeavor,1
take,1
historical,1
review,1
fashion,1
find,1
vigorous,1
half,1
help,1
past,1
initial,1
votary,1
worn,1
failures,1
headway,1
removal,1
mined,1
disruptive,1
struggle,1
impressively,1
living,1
angels,1
scores,1
rhythms,1
better,1
men,1
glory,1
mind,1
annexation,1
respond,1
fourth,1
do,1
remainder,1
present,1
dismissed,1
principal,1
knows,1
none,1
surely,1
scholarly,1
penn,1
johnson,1
delineated,1
reading,1
historiographical,1
wishing,1
behind,1
johns,1
orderly,1
march,1
effect,1
conservatism,1
context,1
disorder,1
hated,1
frequency,1
produced,1
marketed,1
triggered,1
michael,1
less,1
see,1
british,1
references,1
fall,1
suffered,1
arguing,1
fondly,1
imaginatively,1
stirred,1
lines,1
castel,1
character,1
killer,1
radicalism,1
generosity,1
clearly,1
focusing,1
staunch,1
attitudes,1
plains,1
destruction,1
xiv,1
manuscripts,1
resilience,1
perhaps,1
refuge,1
time,1
belief,1
novelty,1
reassessed,1
overwhelmed,1
adaptation,1
mercy,1
unaware,1
captures,1
draws,1
supplied,1
hopkins,1
number,1
sectionalism,1
rube,1
impression,1
memory,1
version,1
biographies,1
beacon,1
pointers,1
cloth,1
shape,1
scant,1
produce,1
doubtful,1
rationality,1
another,1
information,1
skillfully,1
account,1
participation,1
episode,1
prewar,1
unpersuasive,1
historiographically,1
r,1
private,1
politics,1
compelling,1
understanding,1
lasting,1
nineteenthcentury,1
justly,1
bloom,1
gibbon,1
unworthy,1
rashness,1
campaigns,1
father,1
anecdotes,1
drive,1
proslavery,1
thirst,1
lost,1
election,1
suggests,1
both,1
appeals,1
abolitionism,1
richard,1
disagree,1
possible,1
obvious,1
circumstances,1
voted,1
locate,1
slaves,1
biographers,1
sides,1
ulysses,1
eight,1
apart,1
reunion,1
peace,1
disparate,1
attached,1
amid,1
lead,1
conceptual,1
part,1
x,1
through,1
profoundly,1
purpose,1
very,1
ignores,1
rights,1
preferable,1
despite,1
sixth,1
content,1
printings,1
calls,1
arms,1
closed,1
along,1
samples,1
secessionists,1
insurrection,1
experiencing,1
description,1
undermining,1
wound,1
murdered,1
resisters,1
identifies,1
forged,1
whole,1
use,1
prevented,1
substance,1
unfortunately,1
fit,1
prevailed,1
programs,1
eclair,1
fail,1
used,1
ewings,1
exciting,1
unpublished,1
graduation,1
maria,1
phenomenon,1
congress,1
exceptionally,1
exploit,1
grain,1
long,1
virginians,1
civilian,1
rebels,1
pack,1
cliques,1
daring,1
andrew,1
nothing,1
individuals,1
call,1
stay,1
accessible,1
throughout,1
come,1
full,1
partisan,1
issues,1
experiences,1
hardened,1
lucrative,1
nor,1
moderate,1
xviii,1
dustjacket,1
spring,1
described,1
few,1
youth,1
dying,1
sea,1
commercial,1
unable,1
burden,1
crucible,1
editor,1
development,1
reaction,1
quality,1
media,1
discovered,1
since,1
catapulted,1
repositories,1
illustrates,1
quest,1
against,1
contradictions,1
pursuit,1
directed,1
recalcitrant,1
approach,1
shaara,1
worrying,1
september,1
position,1
reputation,1
soldiers,1
movement,1
victory,1
essay,1
supportive,1
interest,1
disappointed,1
preceded,1
crisis,1
good,1
wish,1
dozen,1
published,1
large,1
serious,1
moment,1
democrat,1
embrace,1
least,1
haunted,1
honest,1
controversies,1
divisions,1
normally,1
taps,1
hard,1
need,1
so,1
questionable,1
adherents,1
opinions,1
extended,1
unnecessarily,1
brave,1
things,1
togetherness,1
brotherhood,1
observes,1
given,1
quotes,1
paths,1
television,1
contrast,1
shortly,1
walkowitz,1
eve,1
unsophisticated,1
provides,1
extremely,1
immediately,1
old,1
increased,1
late,1
imagination,1
direction,1
never,1
doubtless,1
hampering,1
portrait,1
turned,1
freed,1
conclusions,1
especially,1
fond,1
construct,1
bloody,1
surrender,1
ruin,1
horrible,1
morale,1
salt,1
vexes,1
close,1
houses,1
touches,1
presence,1
consulted,1
research,1
themselves,1
harshest,1
combatants,1
intimates,1
texas,1
scholarship,1
bell,1
hills,1
charles,1
abounds,1
telling,1
influences,1
yielded,1
estimate,1
engages,1
compare,1
died,1
always,1
create,1
recalled,1
eluded,1
views,1
successfully,1
including,1
substantial,1
within,1
predictable,1
analyze,1
characters,1
entire,1
qualify,1
henderson,1
equivalent,1
infantry,1
filling,1
resistance,1
seemed,1
memoirists,1
apparently,1
comparable,1
gambler,1
softcover,1
deeply,1
north,1
recent,1
traditions,1
defining,1
brigades,1
quarter,1
controversial,1
pronounced,1
meeting,1
lincoln,1
attendance,1
subordinates,1
cemetery,1
novices,1
chambers,1
displayed,1
restore,1
reluctant,1
react,1
gifted,1
fredricksburg,1
visit,1
destined,1
grasp,1
battles,1
