WORDCOUNTS,WEIGHT
the,181
of,100
and,77
his,66
that,60
to,59
truman,56
in,53
as,51
he,50
a,45
for,28
s,27
mccullough,25
on,23
was,21
had,21
it,18
war,18
him,18
with,17
not,16
by,14
what,14
p,12
people,12
author,12
world,11
about,10
is,10
but,10
president,10
harry,9
american,9
more,9
does,8
many,8
from,8
during,8
an,8
at,7
hero,7
history,7
came,7
some,7
national,7
although,7
than,7
soviet,6
time,6
i,6
well,6
this,6
summer,6
after,6
book,6
when,6
later,5
been,5
they,5
marshall,5
presidency,5
before,5
are,5
other,5
did,5
great,5
man,5
appears,5
be,5
were,5
such,5
own,5
against,5
would,5
cold,5
into,5
become,5
much,5
will,4
now,4
no,4
nearly,4
who,4
responsible,4
then,4
most,4
handling,4
military,4
all,4
union,4
kirkendall,4
very,4
there,4
men,4
henry,4
them,4
writes,4
too,4
up,4
both,4
made,4
wallace,4
good,4
change,4
relations,4
never,4
early,4
so,4
twelve,3
nation,3
program,3
white,3
united,3
biographer,3
happened,3
university,3
or,3
korea,3
believed,3
house,3
powerful,3
vietnam,3
power,3
death,3
acheson,3
could,3
loyalty,3
bomb,3
concludes,3
end,3
past,3
roosevelt,3
big,3
reviews,3
has,3
historians,3
while,3
richard,3
including,3
example,3
press,3
became,3
its,3
himself,3
vice,3
which,3
argument,3
have,3
contributed,3
instead,3
like,3
county,3
close,3
details,3
saw,3
moved,3
miller,2
rights,2
complaint,2
states,2
racism,2
americans,2
contact,2
letters,2
performance,2
toward,2
watergate,2
basic,2
responded,2
red,2
republican,2
above,2
force,2
began,2
tests,2
importantly,2
large,2
ii,2
their,2
one,2
ways,2
interpretation,2
fascinating,2
nor,2
country,2
soon,2
under,2
policy,2
us,2
argues,2
slowly,2
clearly,2
something,2
experiences,2
flaws,2
frequently,2
these,2
first,2
only,2
way,2
t,2
also,2
offers,2
portrays,2
important,2
scare,2
quickly,2
korean,2
know,2
faced,2
view,2
deserves,2
responsibilities,2
clifford,2
expressed,2
together,2
plan,2
appeared,2
larger,2
new,2
obviously,2
criticisms,2
events,2
noting,2
iron,2
last,2
person,2
those,2
advisers,2
recently,2
heavily,2
see,2
ones,2
admires,2
macarthur,2
spoke,2
however,2
perhaps,2
pendergast,2
public,2
capacity,2
possibility,2
failure,2
suggests,2
politics,2
greatest,2
spending,2
move,2
heard,2
brought,2
civil,2
conception,2
along,2
louis,2
subject,2
denies,2
letter,2
cia,2
assume,2
questions,2
maintains,2
spring,2
years,2
development,2
charge,2
regarded,2
ability,2
moment,2
david,2
things,2
affairs,2
television,2
kept,2
emphasizes,2
historical,2
small,2
pages,2
communists,2
several,2
influence,2
especially,2
supported,2
june,2
qualities,2
do,2
even,2
little,2
containment,2
wife,2
we,2
notes,2
attention,2
decision,2
preformed,1
admirably,1
garnered,1
pattern,1
final,1
critics,1
overbearing,1
difficult,1
carried,1
suggest,1
brighter,1
consists,1
homely,1
happen,1
bedrock,1
judge,1
churchill,1
builder,1
second,1
arrangement,1
york,1
me,1
deny,1
fits,1
fathers,1
lookalike,1
absence,1
hopes,1
heroes,1
predicted,1
taken,1
impresses,1
george,1
bold,1
observers,1
figure,1
revisionists,1
principally,1
five,1
foreign,1
gigantic,1
privately,1
amaze,1
vision,1
essence,1
adds,1
happy,1
appearances,1
heels,1
expansion,1
aggressive,1
praising,1
critical,1
trumanmerely,1
career,1
everyone,1
iowa,1
genuineness,1
kind,1
honestly,1
brief,1
recognizes,1
arrive,1
doctrine,1
empire,1
process,1
resisting,1
implies,1
lofty,1
concern,1
success,1
april,1
prove,1
active,1
fdr,1
seizure,1
always,1
boss,1
being,1
still,1
opportunity,1
prevalence,1
vaughan,1
worse,1
effectively,1
earlier,1
dealt,1
tragedy,1
outweighed,1
contribution,1
tasks,1
importance,1
talk,1
group,1
movement,1
becoming,1
direct,1
seemingly,1
achievements,1
decisions,1
assuming,1
life,1
why,1
signatures,1
applaud,1
study,1
often,1
candidates,1
powerfully,1
analysis,1
existed,1
convictions,1
inferior,1
once,1
appraisals,1
alive,1
harshly,1
criticism,1
moves,1
yet,1
mcgovern,1
firing,1
criticizes,1
completely,1
done,1
pernicious,1
surpassed,1
served,1
utterly,1
makes,1
insistence,1
pp,1
read,1
win,1
missouri,1
corrupted,1
pressures,1
mission,1
want,1
wanted,1
former,1
stimson,1
efforts,1
organization,1
campaign,1
committee,1
index,1
eventually,1
physically,1
benefits,1
railroad,1
rarely,1
ambitious,1
aversion,1
positively,1
light,1
dig,1
proposed,1
culture,1
accomplishments,1
same,1
dominate,1
sharply,1
friendship,1
aides,1
warmth,1
result,1
russians,1
add,1
observations,1
defend,1
faith,1
shadowy,1
industrial,1
biography,1
situations,1
must,1
odds,1
enjoyable,1
unjustified,1
show,1
negative,1
test,1
reports,1
diaries,1
admirals,1
steel,1
lined,1
superior,1
ever,1
increasingly,1
speaking,1
fact,1
inauguration,1
stalin,1
functioned,1
concerning,1
defeat,1
distrusting,1
followed,1
ilk,1
sources,1
lovett,1
harriman,1
defects,1
members,1
resolution,1
drift,1
jackson,1
appealing,1
command,1
alternative,1
established,1
suit,1
unparalleled,1
set,1
founding,1
challenge,1
helped,1
stronger,1
give,1
chaos,1
strike,1
contrasted,1
admirable,1
address,1
counsel,1
disclosed,1
europe,1
refusal,1
put,1
paragraph,1
action,1
image,1
added,1
challenges,1
official,1
pantheon,1
paper,1
speeches,1
lacked,1
words,1
appraisal,1
different,1
kennan,1
confident,1
least,1
seem,1
attractive,1
available,1
fundamental,1
best,1
leaders,1
down,1
supremacy,1
pressure,1
robust,1
critic,1
devoting,1
train,1
seller,1
entered,1
argue,1
agree,1
regard,1
domestic,1
speech,1
choice,1
rich,1
come,1
town,1
generates,1
bohlen,1
able,1
scenes,1
understandable,1
mccarthy,1
farther,1
personal,1
featuring,1
personality,1
state,1
audience,1
encouraging,1
blocked,1
applauded,1
differed,1
nuclear,1
free,1
emotionally,1
interpretations,1
damage,1
vitality,1
serious,1
confers,1
reasons,1
soviets,1
term,1
frustrations,1
merely,1
late,1
mind,1
conclusions,1
enough,1
failed,1
outbursts,1
latest,1
greatly,1
following,1
limited,1
ranking,1
raised,1
furthermore,1
intervene,1
political,1
increases,1
according,1
wit,1
day,1
manner,1
retreat,1
applauds,1
mainly,1
recollections,1
essentially,1
thirties,1
hostile,1
johns,1
hall,1
purposes,1
bore,1
means,1
offering,1
handful,1
list,1
woefully,1
involvement,1
suffered,1
case,1
issue,1
lines,1
series,1
congressional,1
attitude,1
decade,1
japan,1
projects,1
forthcoming,1
plain,1
belief,1
merle,1
books,1
find,1
style,1
captures,1
her,1
hopkins,1
number,1
particularly,1
going,1
u,1
america,1
impression,1
memory,1
briefly,1
eisenhower,1
distressed,1
because,1
hitler,1
aspects,1
equal,1
changed,1
palestine,1
produce,1
crowd,1
interpreted,1
directly,1
influenced,1
none,1
almost,1
simon,1
emphasizing,1
profile,1
felt,1
emphasis,1
menacing,1
pacifist,1
treacheries,1
honors,1
discussion,1
work,1
international,1
reaching,1
object,1
uncle,1
mccarthyism,1
conference,1
strengths,1
soldier,1
already,1
bibliography,1
schuster,1
completed,1
upon,1
preferred,1
competent,1
leahy,1
admired,1
vinson,1
sides,1
recognition,1
taking,1
significantly,1
met,1
rely,1
supply,1
surrounded,1
part,1
grows,1
far,1
introduced,1
weaknesses,1
looking,1
calls,1
three,1
goes,1
two,1
easy,1
herself,1
experience,1
succession,1
intended,1
administration,1
puzzled,1
loves,1
assumptions,1
everywhere,1
entirely,1
drops,1
whole,1
year,1
use,1
generals,1
joe,1
genuine,1
ross,1
largely,1
democratic,1
corrupt,1
twenties,1
resistance,1
place,1
make,1
bradley,1
using,1
aside,1
domination,1
point,1
writing,1
relies,1
coming,1
think,1
take,1
thus,1
music,1
includes,1
franklin,1
trust,1
beginnings,1
lilienthal,1
seek,1
raising,1
charlie,1
nightmare,1
collapse,1
office,1
byrnes,1
held,1
admirers,1
germany,1
enthusiasm,1
surely,1
theories,1
huac,1
charges,1
soft,1
until,1
washington,1
pictures,1
finally,1
accountable,1
facts,1
aborted,1
inner,1
clinched,1
endorsement,1
enthusiastic,1
memoirs,1
since,1
misgivings,1
diplomacy,1
strongest,1
copies,1
predetermined,1
twentieth,1
opposed,1
tional,1
conditions,1
rose,1
nixon,1
machine,1
trated,1
accept,1
earth,1
health,1
contests,1
recognizing,1
course,1
offer,1
democrat,1
individual,1
less,1
brush,1
portray,1
include,1
successful,1
application,1
responsibility,1
tom,1
appointment,1
stage,1
high,1
selection,1
century,1
attributes,1
farewell,1
arena,1
politically,1
quotes,1
counted,1
sharp,1
believing,1
provides,1
unimpressed,1
repeat,1
presidential,1
items,1
long,1
unhappiness,1
around,1
blame,1
family,1
prescience,1
mistakes,1
impressing,1
wasn,1
needs,1
offered,1
few,1
enjoying,1
forrestal,1
revealing,1
renovation,1
amazingly,1
industry,1
extraordinary,1
young,1
craft,1
research,1
themselves,1
background,1
reported,1
c,1
distinguished,1
meet,1
illuskirkendall,1
left,1
narrative,1
johnson,1
say,1
witnessed,1
truly,1
can,1
illustrations,1
seattle,1
regards,1
agrees,1
molotov,1
stature,1
civilian,1
explore,1
bounds,1
admiringly,1
substantial,1
sharper,1
st,1
department,1
documentary,1
dependent,1
develop,1
attracted,1
results,1
figures,1
fbi,1
among,1
transpire,1
here,1
immense,1
relative,1
evaluated,1
avoid,1
hope,1
welcoming,1
race,1
actions,1
portrait,1
build,1
competed,1
concluded,1
widely,1
refuses,1
behalf,1
seemed,1
presidents,1
uncritical,1
