WORDCOUNTS,WEIGHT
the,152
and,125
of,124
in,72
s,55
to,54
women,52
a,48
history,43
religious,36
american,34
as,34
that,26
is,25
willard,24
on,22
religion,21
her,21
for,20
by,17
with,15
have,15
or,14
their,13
more,13
this,13
gifford,12
be,11
between,10
it,9
are,9
from,9
volume,9
p,9
new,9
field,9
love,9
journal,9
keller,8
gender,8
pp,8
ruether,8
i,8
at,7
they,7
these,7
them,7
has,7
such,7
not,6
if,6
volumes,6
essays,6
about,6
university,6
but,6
toward,6
all,6
america,6
historians,6
well,6
work,6
its,6
an,6
early,6
than,6
juster,5
been,5
one,5
life,5
griffith,5
lives,5
susan,5
into,5
simply,5
my,5
less,5
female,5
some,5
which,5
authors,5
social,5
protestantism,5
so,5
among,5
christian,4
male,4
often,4
studies,4
devotion,4
god,4
was,4
rosemary,4
ed,4
faith,4
gay,4
here,4
voices,4
book,4
over,4
had,4
other,4
those,4
reviews,4
however,4
theological,4
most,4
press,4
collection,4
years,4
several,4
can,4
much,4
world,4
newer,3
may,3
quinn,3
who,3
submission,3
contribution,3
pages,3
whole,3
index,3
impact,3
mary,3
too,3
theme,3
either,3
beyond,3
rather,3
also,3
decades,3
scholars,3
broadly,3
together,3
out,3
historical,3
do,3
what,3
macfarlane,3
while,3
categories,3
made,3
upon,3
heart,3
writing,3
questions,3
our,3
frances,3
throughout,3
bannister,3
sectarian,3
models,3
used,3
three,3
de,3
bordin,3
essay,3
like,3
you,3
earlier,3
black,3
june,3
d,3
even,3
traditional,3
race,3
lindley,2
dichotomies,2
perspectives,2
no,2
various,2
she,2
always,2
sometimes,2
within,2
economic,2
identity,2
feeling,2
hill,2
might,2
elizabeth,2
orsi,2
nearly,2
concerns,2
brings,2
reflections,2
seen,2
introduction,2
christ,2
persistent,2
church,2
terms,2
complex,2
ongoing,2
lisa,2
entries,2
united,2
hope,2
o,2
meanwhile,2
read,2
disorderly,2
me,2
fixed,2
latest,2
biographical,2
elsewhere,2
source,2
experience,2
piety,2
frameworks,2
robert,2
picture,2
disciplinary,2
george,2
human,2
carolyn,2
taken,2
important,2
intricacies,2
again,2
articulate,2
radford,2
many,2
england,2
headquarters,2
efforts,2
words,2
carroll,2
reprinted,2
available,2
departments,2
skinner,2
beliefs,2
regard,2
synthesis,2
lived,2
feminist,2
white,2
subsequent,2
help,2
past,2
there,2
culture,2
constructions,2
chauncey,2
particularly,2
ann,2
sexual,2
cultural,2
discipline,2
refine,2
secular,2
whether,2
selected,2
michael,2
see,2
evangelical,2
particular,2
liberationist,2
takes,2
spiritual,2
your,2
effort,2
narrative,2
eds,2
task,2
sought,2
free,2
marie,2
hall,2
religiosity,2
remains,2
commitments,2
r,2
ruth,2
revealed,2
temperance,2
intense,2
martha,2
both,2
researchers,2
presumed,2
reader,2
wctu,2
part,2
including,2
purpose,2
vision,2
cited,2
two,2
herself,2
ritual,2
conventional,2
place,2
were,2
full,2
express,2
utopian,2
own,2
illinois,2
approach,2
national,2
course,2
mixed,2
david,2
swarte,2
collaboration,2
would,2
century,2
kind,2
old,2
latter,2
writings,2
back,2
subjects,2
usual,2
braude,2
boundaries,2
through,2
little,2
divides,2
actors,2
vicinus,2
apparently,2
recent,2
traditions,2
structured,2
appropriate,2
attention,2
am,2
society,2
because,2
appeal,1
barbara,1
inventive,1
resolve,1
frequent,1
outworn,1
implicitly,1
enough,1
will,1
analytic,1
rights,1
intricate,1
reappraisals,1
fifty,1
opposed,1
now,1
suggestion,1
complaint,1
highlights,1
books,1
san,1
illusory,1
relationship,1
furnished,1
eclectic,1
laboring,1
done,1
poignantly,1
wrestled,1
subordination,1
significant,1
essential,1
relations,1
revise,1
matter,1
antiquated,1
practices,1
continued,1
declared,1
ambivalence,1
mixture,1
quo,1
statements,1
multiple,1
interrogate,1
aim,1
purely,1
usually,1
devotional,1
ambivalent,1
liberation,1
predictably,1
short,1
wrote,1
essence,1
movingly,1
abhorrence,1
how,1
selections,1
set,1
wonder,1
battle,1
limited,1
evangelicalism,1
dressed,1
ennoble,1
writers,1
rhetoric,1
steps,1
widespread,1
revolutionary,1
primarily,1
accented,1
broad,1
illumine,1
e,1
constraints,1
remarked,1
dimensions,1
bendroth,1
abnormal,1
directions,1
insist,1
deliberately,1
ultimate,1
detailed,1
judgment,1
assumptions,1
thinkers,1
make,1
notably,1
expanded,1
plainly,1
effectively,1
hopeful,1
circumstance,1
commenced,1
determination,1
opposition,1
yet,1
eight,1
oddly,1
similar,1
conversion,1
b,1
study,1
anxious,1
spot,1
covering,1
worship,1
fall,1
owed,1
intellectual,1
downplayed,1
empowered,1
fate,1
use,1
danger,1
imperfection,1
hierarchical,1
label,1
puritans,1
tweed,1
forgiveness,1
understand,1
list,1
undergirding,1
once,1
blessing,1
live,1
schools,1
supplements,1
authority,1
biographer,1
transcribed,1
criticism,1
evocative,1
edited,1
ways,1
polarities,1
fields,1
kofey,1
centuries,1
bederman,1
infinitely,1
exists,1
bair,1
emphasizes,1
soul,1
promise,1
repressive,1
articles,1
subordinated,1
interpretive,1
older,1
modern,1
interspersed,1
jarring,1
consultation,1
groups,1
array,1
under,1
spirit,1
cogent,1
decade,1
devotes,1
articulations,1
socialists,1
labor,1
clash,1
detail,1
stephen,1
us,1
organization,1
resourcefulness,1
perceived,1
seems,1
literary,1
publicly,1
methodist,1
seriously,1
occurred,1
religions,1
methodists,1
then,1
recently,1
cornell,1
constant,1
tirelessly,1
just,1
edition,1
historian,1
appear,1
days,1
criticizing,1
lord,1
shifting,1
nineteenth,1
reviewing,1
york,1
thematic,1
invariably,1
revision,1
thee,1
historiography,1
unnatural,1
transpose,1
lament,1
complexity,1
indian,1
pioneers,1
acknowledging,1
nineteenthcentury,1
grand,1
without,1
narratives,1
biography,1
age,1
four,1
intentions,1
porous,1
communities,1
department,1
extensive,1
quotations,1
potential,1
ever,1
gail,1
being,1
friend,1
came,1
first,1
additional,1
despondency,1
powerful,1
way,1
concerning,1
published,1
harper,1
undermine,1
useful,1
community,1
distracting,1
fellow,1
street,1
transformative,1
represent,1
letting,1
handwriting,1
members,1
contentiousness,1
patently,1
drift,1
kinds,1
romanticizing,1
creation,1
sharla,1
compensation,1
sustained,1
movements,1
pervasive,1
law,1
established,1
expressive,1
pious,1
sections,1
untrue,1
challenge,1
observers,1
power,1
stated,1
provisional,1
mighty,1
highly,1
concentrated,1
sufferers,1
address,1
protestant,1
respecting,1
forsake,1
hum,1
evokes,1
conceived,1
similarly,1
stept,1
madonna,1
nancy,1
flat,1
union,1
winter,1
desiring,1
whereas,1
official,1
expendable,1
paper,1
tradition,1
result,1
equating,1
debilitating,1
identifying,1
slave,1
consideration,1
key,1
affinities,1
fundamental,1
toilers,1
continue,1
twenty,1
cupboard,1
areas,1
recontextualize,1
habitually,1
found,1
conservative,1
copied,1
championing,1
argue,1
begun,1
documents,1
explanatory,1
garveyite,1
totaling,1
exclusion,1
current,1
developed,1
reform,1
adds,1
academy,1
potentially,1
blind,1
striving,1
prying,1
seven,1
avowals,1
achievement,1
augur,1
able,1
diverse,1
contradictory,1
theology,1
utilitarian,1
sustaining,1
events,1
far,1
radical,1
launch,1
light,1
contentious,1
coeditors,1
endeavor,1
take,1
associations,1
debt,1
domesticated,1
americans,1
considerable,1
illness,1
trifling,1
reactionary,1
u,1
explicated,1
fresh,1
really,1
representative,1
passionate,1
amplified,1
persistence,1
tangible,1
merely,1
destroyed,1
evident,1
academic,1
hint,1
musings,1
date,1
hand,1
left,1
adjacent,1
equally,1
silence,1
reserved,1
staff,1
activism,1
knows,1
breach,1
political,1
shall,1
equal,1
surely,1
scholarly,1
avoidance,1
where,1
committed,1
landscape,1
behind,1
johns,1
confused,1
lamberts,1
racial,1
accepted,1
context,1
rethinking,1
establish,1
orthodoxy,1
produced,1
persons,1
politics,1
inquiry,1
sidestepping,1
theoretical,1
making,1
accounts,1
rebellion,1
sorry,1
california,1
distillation,1
teach,1
disdained,1
scale,1
era,1
quote,1
character,1
material,1
series,1
yvonne,1
sophisticated,1
common,1
forward,1
forthcoming,1
core,1
woman,1
gracefully,1
belief,1
project,1
interval,1
assorted,1
gaps,1
debate,1
starkly,1
chireau,1
stretched,1
inscriptions,1
supplemented,1
consisting,1
jewish,1
introductory,1
scrupulous,1
urban,1
subtle,1
chief,1
hopkins,1
encouraging,1
explicitly,1
idolatry,1
discontent,1
tenth,1
thoroughly,1
fluidity,1
improve,1
exposition,1
transgression,1
cloth,1
rewrite,1
evince,1
hierarchies,1
interpreting,1
chapter,1
directly,1
dynamics,1
account,1
uneven,1
italian,1
long,1
signpost,1
helpful,1
piece,1
possible,1
betrayed,1
private,1
suspicion,1
understanding,1
reproducing,1
reveals,1
impaired,1
feminized,1
visions,1
literature,1
illustrate,1
undue,1
africanamerican,1
probably,1
ecstasy,1
popular,1
lost,1
erased,1
sanction,1
radically,1
oppressed,1
bibliography,1
role,1
hymn,1
move,1
range,1
generative,1
occasionally,1
virginia,1
renders,1
true,1
attentive,1
northwestern,1
addition,1
future,1
smithrosenberg,1
catholicism,1
rereading,1
normative,1
disparate,1
formative,1
sin,1
x,1
very,1
establishment,1
distinctly,1
example,1
sect,1
overplay,1
content,1
apparent,1
calls,1
recollect,1
jong,1
exploring,1
promises,1
solemn,1
thoughts,1
positions,1
routinely,1
subject,1
top,1
whatever,1
intimacies,1
step,1
agents,1
reappraisal,1
everywhere,1
forged,1
territory,1
letter,1
expression,1
irritation,1
impulses,1
strewn,1
urging,1
compiles,1
target,1
fissure,1
programs,1
harlem,1
assumption,1
protestants,1
evaluating,1
expansive,1
inclines,1
encounters,1
issues,1
teachings,1
motivate,1
collaborative,1
revelations,1
aside,1
render,1
steadfastness,1
daughters,1
obvious,1
subtlety,1
varied,1
ineluctably,1
domination,1
magic,1
rituals,1
reinforced,1
recounting,1
archive,1
seek,1
immeasurably,1
false,1
write,1
disregarding,1
question,1
wild,1
galvanized,1
observed,1
stark,1
nor,1
angles,1
annotations,1
phraseology,1
radicalism,1
redeem,1
mine,1
thomas,1
friendships,1
status,1
ignored,1
open,1
cramped,1
worry,1
retelling,1
discovered,1
urbana,1
heeding,1
margaret,1
sensibilities,1
illustrates,1
superbly,1
against,1
inadvertently,1
hidden,1
twentieth,1
laura,1
sourcebook,1
severing,1
opens,1
judaism,1
stakes,1
silenced,1
language,1
author,1
charge,1
unease,1
points,1
accept,1
earth,1
interest,1
concentrates,1
bridging,1
good,1
interpret,1
ut,1
madness,1
reminding,1
anachronistic,1
individual,1
charismatic,1
instead,1
gendered,1
rework,1
revitalize,1
pleasing,1
pluralism,1
darling,1
glorify,1
hang,1
reviewers,1
critics,1
shared,1
nurtured,1
strange,1
shaping,1
rooted,1
depiction,1
housed,1
functionalist,1
extensively,1
comfortable,1
static,1
variously,1
baptism,1
spans,1
attempted,1
off,1
foucauldian,1
disguises,1
renewal,1
connects,1
refuses,1
wish,1
quite,1
mormon,1
transcript,1
emerging,1
unimpressed,1
francisco,1
developments,1
forms,1
reluctance,1
sole,1
diary,1
reprints,1
advisable,1
thousand,1
narrowly,1
charles,1
profound,1
subfields,1
wider,1
although,1
summons,1
trying,1
bridge,1
ithaca,1
eyes,1
lesbian,1
passages,1
rest,1
shadings,1
chasm,1
six,1
portrait,1
editors,1
hardesty,1
become,1
endnotes,1
prospects,1
declare,1
blunted,1
topics,1
worlds,1
lieson,1
sacred,1
altogether,1
loving,1
carrying,1
fowler,1
transgressive,1
xxvii,1
fully,1
classes,1
selectively,1
marvelous,1
claiming,1
orthodox,1
femininity,1
up,1
evanston,1
import,1
predictable,1
mix,1
entire,1
documentary,1
intent,1
parameters,1
victorian,1
vice,1
dear,1
forefront,1
ellipses,1
need,1
convictions,1
notes,1
unexpectedly,1
tired,1
quarterly,1
imperfectly,1
should,1
general,1
ago,1
richly,1
fett,1
overrides,1
awareness,1
though,1
roles,1
practicing,1
valuable,1
close,1
master,1
overdue,1
endless,1
promising,1
justice,1
behalf,1
healers,1
stands,1
welded,1
thorough,1
brereton,1
scholar,1
