WORDCOUNTS,WEIGHT
the,186
of,159
and,98
in,68
to,59
black,56
a,53
s,50
as,45
seattle,42
community,36
american,25
taylor,24
is,17
that,15
this,15
an,15
white,14
history,14
color,14
has,14
its,14
by,13
african,13
it,12
been,12
relations,12
on,12
americans,11
for,11
world,11
economic,10
their,10
these,10
most,10
political,10
well,10
urban,10
soulville,9
even,9
race,9
not,8
from,8
more,8
communities,8
city,8
among,8
at,7
home,7
before,7
asian,7
blacks,7
various,6
japanese,6
one,6
was,6
peoples,6
intergroup,6
far,6
where,6
war,6
population,6
central,6
especially,6
including,6
life,5
with,5
proletarianization,5
social,5
p,5
historical,5
culture,5
cultural,5
racial,5
them,5
largest,5
discrimination,5
place,5
approach,5
institutional,5
so,5
martin,5
growth,4
neighborhood,4
study,4
united,4
or,4
growing,4
but,4
experience,4
ii,4
had,4
other,4
i,4
late,4
ghettoization,4
activism,4
baseball,4
reviews,4
within,4
work,4
through,4
throughout,4
since,4
schools,4
between,4
model,3
second,3
struggle,3
me,3
she,3
way,3
vision,3
impressive,3
ideology,3
district,3
notion,3
e,3
represented,3
large,3
structural,3
civil,3
analysis,3
empowerment,3
yet,3
violence,3
paradox,3
spirit,3
university,3
ghetto,3
school,3
show,3
powerful,3
rice,3
also,3
view,3
power,3
greater,3
efforts,3
december,3
marginalization,3
areas,3
serious,3
public,3
are,3
dream,3
her,3
percent,3
emphasis,3
politics,3
asians,3
election,3
vital,3
psychological,3
against,3
discussion,3
people,3
segregation,3
which,3
nevertheless,3
have,3
relatively,3
sense,3
integrated,3
antiblack,3
states,3
small,3
be,3
filipino,3
multiracial,3
attention,3
enough,2
borchert,2
forthcoming,2
liberalism,2
led,2
he,2
san,2
insurgency,2
agitation,2
integration,2
his,2
if,2
faith,2
kenneth,2
populations,2
principally,2
fear,2
housing,2
influential,2
particularity,2
therefore,2
success,2
still,2
notably,2
seattleites,2
class,2
often,2
agency,2
pp,2
relationship,2
philadelphia,2
ways,2
when,2
get,2
cleveland,2
paradigms,2
notwithstanding,2
council,2
east,2
communal,2
into,2
unlike,2
total,2
then,2
just,2
numbers,2
kusmer,2
series,2
colored,2
founded,2
multicultural,2
emotional,2
first,2
lewis,2
cogent,2
offers,2
california,2
waldo,2
action,2
image,2
addition,2
many,2
quintard,2
speaks,2
shows,2
best,2
our,2
expense,2
richmond,2
differences,2
particularly,2
service,2
how,2
forging,2
state,2
cities,2
ethos,2
patterns,2
overcrowding,2
blackness,2
chinese,2
economy,2
recently,2
less,2
see,2
making,2
attitudes,2
scene,2
because,2
degree,2
institutions,2
virginia,2
w,2
size,2
upon,2
panes,2
part,2
whites,2
press,2
significant,2
use,2
largely,2
francisco,2
force,2
demonstrates,2
diversity,2
interestingly,2
maturation,2
franklin,2
were,2
full,2
aretha,2
formation,2
until,2
washington,2
negro,2
development,2
reveals,2
own,2
clubs,2
hope,2
reality,2
twentieth,2
b,2
contributed,2
liberation,2
period,2
jr,2
century,2
progressive,2
turn,2
madison,2
around,2
family,2
offered,2
problems,2
highly,2
concert,2
third,2
excluded,2
always,2
early,2
given,2
dominance,2
interaction,2
spite,2
saw,2
than,2
close,2
separate,2
neighborhoods,2
spearheading,1
increasing,1
militancy,1
frontier,1
entities,1
rights,1
go,1
critical,1
attendant,1
margins,1
bedrock,1
poor,1
republican,1
showcases,1
gilbert,1
high,1
mostly,1
reflecting,1
racism,1
avoids,1
communist,1
dual,1
essential,1
hegemony,1
note,1
thoughtful,1
variety,1
window,1
privilege,1
fairly,1
continued,1
segregated,1
dilemma,1
segments,1
trotter,1
crucial,1
johns,1
aimed,1
hine,1
indeed,1
maps,1
toward,1
comparative,1
illustration,1
implores,1
reasonable,1
osofsky,1
ironically,1
inside,1
inclusive,1
attitude,1
representive,1
struggled,1
resumed,1
constraints,1
sensitive,1
goes,1
fed,1
opportunity,1
team,1
stands,1
began,1
effectively,1
lawrence,1
persistent,1
systemic,1
outweighed,1
glimpses,1
contribution,1
expect,1
enfranchisement,1
institutionalization,1
idiosyncratic,1
likewise,1
group,1
transcended,1
crosstown,1
residential,1
southern,1
artist,1
jobs,1
could,1
slippery,1
noninstitutional,1
envisioned,1
positive,1
partner,1
southeast,1
illustrations,1
construction,1
earl,1
valiant,1
nonracial,1
achieve,1
alleviating,1
undergirding,1
once,1
elsa,1
concretizes,1
scattered,1
space,1
handles,1
outreach,1
healthier,1
eclectic,1
mother,1
delineates,1
constitute,1
interpretation,1
incipient,1
centuries,1
fascinating,1
affective,1
soul,1
done,1
wake,1
substandard,1
inconsistent,1
interrelationship,1
makes,1
combines,1
relationships,1
builds,1
paying,1
powerfully,1
resemble,1
uncertainty,1
giants,1
evolved,1
metropolis,1
tensions,1
center,1
prejudice,1
clark,1
occupational,1
western,1
index,1
physically,1
salient,1
horace,1
allies,1
attired,1
neglected,1
seriously,1
occurred,1
included,1
roughly,1
bit,1
any,1
positively,1
light,1
associated,1
ned,1
complacency,1
edition,1
singular,1
feels,1
realities,1
air,1
nineteenth,1
deportation,1
warmth,1
darlene,1
articulated,1
migration,1
sounded,1
complexity,1
al,1
families,1
palpable,1
too,1
exemplify,1
threat,1
stagnation,1
belonging,1
industrial,1
clair,1
alley,1
must,1
gary,1
credence,1
two,1
department,1
simply,1
joe,1
diffusion,1
democratic,1
mention,1
superior,1
graces,1
increasingly,1
friend,1
explosive,1
highlighted,1
extension,1
frameworks,1
only,1
defeated,1
passion,1
else,1
perceptively,1
beyond,1
rental,1
shunned,1
spatially,1
constriction,1
units,1
include,1
generally,1
obstacles,1
willingness,1
insightfully,1
charles,1
barriers,1
street,1
party,1
constituting,1
labor,1
downside,1
narrowly,1
expands,1
certainly,1
jackson,1
compel,1
exploitation,1
majority,1
comfortable,1
interests,1
nonindustrial,1
set,1
business,1
cover,1
methodologically,1
citywide,1
important,1
drake,1
milieu,1
feeling,1
folklife,1
might,1
congestion,1
musical,1
rapid,1
intrinsic,1
evokes,1
deserves,1
voices,1
anywhere,1
affirmative,1
fundamental,1
refused,1
rock,1
all,1
presents,1
paper,1
signified,1
result,1
contends,1
different,1
organized,1
subverted,1
participants,1
idea,1
aftermath,1
opposition,1
turner,1
treatment,1
overwhelming,1
agenda,1
tradition,1
did,1
worldism,1
explores,1
outstripping,1
similar,1
belong,1
striking,1
histories,1
examination,1
appendix,1
together,1
epitomized,1
prior,1
featuring,1
expertly,1
traditionally,1
unions,1
cayton,1
occupations,1
surprisingly,1
domestic,1
employment,1
origin,1
fully,1
effort,1
lodges,1
sung,1
town,1
vibrant,1
borne,1
government,1
xiii,1
clearly,1
churches,1
proliferation,1
plan,1
indispensable,1
zone,1
religion,1
contemporary,1
liberal,1
uncle,1
number,1
take,1
examining,1
evolving,1
considerable,1
elsewhere,1
joys,1
help,1
daniels,1
struggles,1
external,1
reasons,1
particularism,1
respects,1
aggressive,1
february,1
relegated,1
persistence,1
men,1
written,1
racist,1
hand,1
heart,1
studies,1
influences,1
cosmopolitanism,1
rousing,1
buttressed,1
same,1
supporters,1
understood,1
ethnics,1
according,1
complicated,1
spread,1
unconscionable,1
what,1
meaningless,1
hostile,1
notable,1
persuasively,1
exploding,1
awesome,1
spatial,1
tragedy,1
similarities,1
moore,1
system,1
lessened,1
promise,1
internment,1
nowhere,1
case,1
unanticipated,1
issue,1
particular,1
can,1
royal,1
invigorating,1
takes,1
ed,1
shape,1
however,1
milwaukee,1
builders,1
dialectic,1
pains,1
paperback,1
naacp,1
successor,1
intraracial,1
writes,1
discussions,1
children,1
supremacy,1
likes,1
key,1
support,1
consisting,1
draws,1
gives,1
benign,1
hopkins,1
free,1
expressions,1
america,1
revises,1
berkeley,1
boat,1
thoroughly,1
overlapping,1
recreational,1
cloth,1
enthusiasm,1
semiprofessional,1
sociability,1
regarding,1
voice,1
influenced,1
local,1
skillfully,1
original,1
participation,1
seeking,1
fundamentally,1
status,1
suggests,1
some,1
probing,1
clout,1
understanding,1
flair,1
enhances,1
revealed,1
diverse,1
investment,1
quincy,1
father,1
popular,1
douglas,1
st,1
solid,1
strengths,1
background,1
both,1
renowned,1
commonality,1
bibliography,1
little,1
insight,1
level,1
range,1
vote,1
leisure,1
ownership,1
son,1
women,1
bittersweet,1
bedeviled,1
prominent,1
sustaining,1
significantly,1
interdisciplinary,1
attached,1
point,1
advancement,1
affecting,1
very,1
discusses,1
norm,1
laws,1
visualizes,1
dubois,1
looking,1
oppose,1
dynamic,1
call,1
became,1
referendum,1
cooperation,1
nation,1
distinctive,1
exploring,1
historiographical,1
giving,1
identity,1
gender,1
common,1
listener,1
though,1
endures,1
aptly,1
northern,1
out,1
year,1
overview,1
unfortunately,1
freedom,1
consistently,1
wonderful,1
during,1
james,1
expansive,1
tolerance,1
issues,1
inspire,1
engaging,1
racially,1
framework,1
averaged,1
crew,1
egalitarianism,1
underscored,1
structures,1
processes,1
build,1
disfranchisement,1
interactions,1
urbanites,1
unfathomable,1
et,1
reproduction,1
previous,1
discriminated,1
interethnic,1
experiences,1
haven,1
sensibility,1
il,1
examples,1
recording,1
eventual,1
theme,1
severe,1
argument,1
nonwhites,1
argues,1
difference,1
significance,1
inevitable,1
meanings,1
riot,1
whither,1
illustrates,1
due,1
historic,1
demanded,1
tables,1
does,1
norfolk,1
sensitivity,1
strikingly,1
nash,1
interracial,1
integral,1
reputation,1
mayor,1
related,1
maintenance,1
spawned,1
nonthreateningly,1
ease,1
ability,1
stylized,1
previously,1
shirley,1
tolerant,1
elegantly,1
harlem,1
volume,1
pluralism,1
typically,1
coalitions,1
proceeding,1
discerning,1
like,1
jones,1
would,1
labored,1
belongs,1
speaking,1
ray,1
willing,1
toleration,1
occasionally,1
preferred,1
americanness,1
protest,1
dynamism,1
static,1
stresses,1
retaliatory,1
kind,1
wing,1
hendrix,1
exercise,1
postwar,1
voluntary,1
after,1
standpoint,1
quite,1
came,1
provides,1
fostering,1
elements,1
nuanced,1
latter,1
deeds,1
magical,1
brunt,1
gets,1
specificity,1
separately,1
queen,1
accomplished,1
internal,1
encompass,1
spacious,1
revealing,1
alleviate,1
jimi,1
completing,1
portrait,1
civic,1
inception,1
become,1
variations,1
citizens,1
tactics,1
consisted,1
ann,1
boundaries,1
displayed,1
drives,1
jacob,1
yielded,1
enlightened,1
era,1
illuminating,1
former,1
concluding,1
offensive,1
lifestyle,1
brown,1
element,1
harmonious,1
rhetorical,1
instance,1
documentary,1
twofold,1
focus,1
paid,1
rigidity,1
strong,1
multilayered,1
comparable,1
roots,1
deeply,1
notes,1
relative,1
constituent,1
appropriate,1
muchtouted,1
upside,1
proletariat,1
evidence,1
building,1
daughter,1
perils,1
built,1
unskilled,1
workings,1
rates,1
vividly,1
businessmen,1
busing,1
intermarriage,1
geographical,1
activities,1
stereotypes,1
merger,1
perception,1
motif,1
poorly,1
decision,1
pioneer,1
