WORDCOUNTS,WEIGHT
the,178
of,131
and,91
in,58
to,58
a,43
women,33
as,30
war,22
s,20
with,19
gender,19
black,19
by,18
white,18
culture,17
that,17
was,16
for,16
it,14
men,14
is,13
were,13
this,13
essays,12
on,12
be,12
not,11
into,11
but,11
race,11
they,10
an,10
american,9
from,9
at,8
had,8
are,8
new,8
sentiment,8
one,7
these,7
more,7
have,7
been,6
their,6
sentimentality,6
p,6
her,6
essay,6
when,6
domesticity,5
who,5
sex,5
history,5
only,5
volume,5
all,5
many,5
domestic,5
i,5
them,5
has,5
writers,5
matthews,5
freedom,5
between,5
slave,5
up,5
focus,5
manhood,4
his,4
slavery,4
fiction,4
female,4
antislavery,4
violence,4
factoring,4
during,4
too,4
university,4
two,4
experience,4
whites,4
seem,4
out,4
political,4
america,4
divided,4
collection,4
which,4
project,4
national,4
like,4
would,4
civil,4
south,3
dealing,3
way,3
rather,3
if,3
reviews,3
figure,3
indeed,3
cullen,3
make,3
about,3
former,3
or,3
title,3
impact,3
most,3
samuels,3
implied,3
published,3
toward,3
other,3
did,3
very,3
man,3
less,3
making,3
however,3
woman,3
historians,3
well,3
some,3
douglas,3
both,3
yeoman,3
slaves,3
part,3
press,3
its,3
come,3
least,3
after,3
body,3
houses,3
become,3
right,3
even,3
major,3
appropriation,2
york,2
heroes,2
she,2
clinton,2
sometimes,2
explicit,2
account,2
jane,2
male,2
visual,2
certain,2
movement,2
southern,2
empowered,2
freedmen,2
illustrations,2
confederate,2
oxford,2
studies,2
pp,2
modern,2
particular,2
position,2
habits,2
then,2
antebellum,2
thematic,2
also,2
precise,2
protection,2
useful,2
physical,2
sources,2
majority,2
here,2
important,2
added,2
seems,2
different,2
december,2
extraordinary,2
children,2
particularly,2
deal,2
harriet,2
carolina,2
primary,2
real,2
considerable,2
wexler,2
heart,2
v,2
those,2
though,2
cultural,2
jean,2
what,2
sentimental,2
rape,2
equate,2
form,2
jim,2
cause,2
necessary,2
assumed,2
while,2
number,2
sexual,2
property,2
another,2
determined,2
work,2
naked,2
upon,2
claim,2
mastery,2
previously,2
arms,2
whole,2
remarks,2
discussion,2
issues,2
questions,2
conflict,2
revaluation,2
question,2
theme,2
status,2
reveals,2
own,2
three,2
tompkins,2
heroines,2
catherine,2
beyond,2
points,2
soldiers,2
shirley,2
century,2
affirmation,2
households,2
relations,2
latter,2
keep,2
offered,2
few,2
response,2
six,2
editors,2
can,2
wife,2
much,2
world,2
than,2
notes,2
critics,1
miller,1
book,1
european,1
gazers,1
lawless,1
go,1
does,1
girl,1
pertaining,1
klansman,1
interesting,1
chivalry,1
brute,1
power,1
wives,1
bonus,1
chains,1
child,1
deny,1
essential,1
implications,1
equality,1
ventured,1
nonetheless,1
without,1
various,1
imagining,1
continued,1
testimony,1
declared,1
car,1
concerned,1
bold,1
meaning,1
identified,1
action,1
insult,1
names,1
main,1
groups,1
generations,1
adds,1
ideology,1
watch,1
commitment,1
claimed,1
shackled,1
breadth,1
celebration,1
dimension,1
fascinating,1
instinctively,1
homemakers,1
rebuttals,1
becomes,1
liberating,1
tangentially,1
sensitive,1
army,1
strategically,1
seen,1
collections,1
still,1
opportunity,1
dealt,1
examined,1
introduction,1
force,1
appears,1
contribution,1
start,1
clung,1
privileges,1
perennial,1
prohibitions,1
irritably,1
designis,1
artist,1
ku,1
hold,1
volumes,1
life,1
why,1
stephanie,1
kinds,1
bread,1
study,1
often,1
efficiency,1
texte,1
analysis,1
lay,1
prevented,1
feel,1
philanthropic,1
values,1
surprising,1
intensity,1
statue,1
hawthorne,1
denunciation,1
moreover,1
transmuting,1
accompaniments,1
yet,1
managing,1
reference,1
sympathy,1
reason,1
soul,1
eighteen,1
lives,1
rubric,1
category,1
discussed,1
acquisition,1
missouri,1
thought,1
country,1
excluded,1
bad,1
incidentally,1
faust,1
meant,1
servants,1
tensions,1
factored,1
consider,1
water,1
objects,1
feminine,1
western,1
index,1
denounced,1
acquired,1
contemplation,1
literary,1
turns,1
authorities,1
home,1
extravagant,1
fifteen,1
any,1
distinguishable,1
vindicated,1
light,1
proved,1
before,1
complete,1
consciousness,1
girls,1
anecdotal,1
same,1
something,1
plantations,1
skin,1
beecher,1
result,1
ed,1
no,1
lament,1
michael,1
indian,1
icon,1
acknowledging,1
du,1
tapestry,1
laura,1
confirmed,1
department,1
demonstrate,1
simply,1
boarding,1
abolitionists,1
klan,1
first,1
replied,1
anything,1
synonymous,1
encouragement,1
else,1
accorded,1
polar,1
guerrilla,1
notions,1
denaturing,1
claims,1
cost,1
specifically,1
blacks,1
labor,1
members,1
letters,1
oppression,1
exploitation,1
recur,1
secession,1
anecdote,1
desert,1
freedwomen,1
loathe,1
injustice,1
setting,1
equated,1
submission,1
equation,1
consideration,1
fund,1
cover,1
later,1
limit,1
behavior,1
organization,1
stream,1
mark,1
trained,1
might,1
others,1
social,1
possesses,1
daughters,1
secretary,1
over,1
stands,1
similarly,1
actual,1
intellectual,1
epilogue,1
union,1
evoking,1
greater,1
riots,1
nature,1
adherence,1
paper,1
emotions,1
moving,1
skills,1
kasson,1
closely,1
my,1
parties,1
worth,1
fact,1
shows,1
acceptable,1
whom,1
aftermath,1
key,1
location,1
included,1
nancy,1
sections,1
scholars,1
uselessness,1
could,1
throw,1
homefronts,1
assertion,1
suggesting,1
carrying,1
departments,1
found,1
menfolk,1
sensational,1
compensations,1
hands,1
color,1
traditionally,1
joy,1
evocations,1
current,1
inquiry,1
viii,1
validated,1
effort,1
ideological,1
debasing,1
achievement,1
mccurry,1
incident,1
linked,1
lydia,1
personal,1
events,1
omitted,1
desire,1
religion,1
constant,1
take,1
historical,1
acclaim,1
free,1
past,1
there,1
great,1
integrate,1
minister,1
rhetoric,1
merely,1
forms,1
may,1
racist,1
hand,1
do,1
topics,1
ladies,1
seriousness,1
understood,1
regiment,1
operating,1
expressed,1
reading,1
signs,1
enjoyment,1
numbers,1
hodes,1
nina,1
johns,1
womanly,1
racial,1
connotations,1
coercion,1
implicit,1
whether,1
marrying,1
terms,1
list,1
involvement,1
suffered,1
case,1
voting,1
slip,1
excellent,1
empty,1
safe,1
placed,1
narrower,1
covers,1
staunch,1
xvii,1
swing,1
your,1
native,1
explain,1
reconstructing,1
required,1
eds,1
travel,1
problem,1
mulatto,1
public,1
hopkins,1
hiram,1
patriarchal,1
silber,1
realize,1
brilliant,1
religiosity,1
aspects,1
scribbling,1
undermined,1
degree,1
cloth,1
lost,1
feminization,1
claiming,1
demonstrated,1
prewar,1
felt,1
benevolence,1
emphasis,1
politics,1
threat,1
understanding,1
rare,1
revealed,1
literature,1
shared,1
counterweight,1
uncle,1
intent,1
martha,1
powers,1
made,1
bodies,1
bibliography,1
little,1
move,1
intention,1
range,1
bear,1
nine,1
reader,1
awkwardly,1
epitomizes,1
community,1
taking,1
founded,1
interdisciplinary,1
elide,1
say,1
transformed,1
including,1
sculpture,1
purpose,1
virtues,1
explains,1
familial,1
example,1
utmost,1
planter,1
seminal,1
secret,1
nation,1
along,1
elite,1
african,1
buy,1
brutal,1
subject,1
traditional,1
explication,1
era,1
honorable,1
northern,1
trenchant,1
warfare,1
gilpin,1
splenetic,1
tender,1
tangled,1
proper,1
doubted,1
rudely,1
literally,1
maria,1
facets,1
contains,1
diaries,1
realized,1
people,1
karen,1
aside,1
aims,1
long,1
writing,1
tubman,1
institutional,1
poignancy,1
ontario,1
central,1
story,1
cruelty,1
complaints,1
insulted,1
popular,1
apparently,1
raising,1
sees,1
klux,1
obliterate,1
stultifying,1
symbolic,1
entails,1
integral,1
described,1
north,1
immediate,1
such,1
editor,1
received,1
open,1
enthusiastic,1
nursing,1
illustrates,1
strongest,1
moral,1
numerous,1
fellman,1
welcomed,1
comprehensive,1
liaisons,1
ida,1
mistresses,1
impinging,1
stripped,1
interracial,1
author,1
stowe,1
conjured,1
safety,1
mode,1
lady,1
good,1
ease,1
creating,1
sacrifices,1
contributors,1
noncontroversial,1
offer,1
defense,1
times,1
include,1
common,1
homes,1
proand,1
caucasian,1
resembled,1
period,1
need,1
so,1
evidence,1
terrorized,1
tom,1
occasionally,1
victims,1
codified,1
features,1
idealized,1
demure,1
masters,1
farms,1
schools,1
collected,1
flocking,1
armstrong,1
sports,1
spiritualizing,1
quotes,1
forced,1
prospect,1
kind,1
order,1
forming,1
theater,1
accurate,1
turn,1
unity,1
standard,1
came,1
transcend,1
extremely,1
street,1
catchy,1
involved,1
plantation,1
never,1
hardships,1
several,1
enslaved,1
faith,1
facing,1
specific,1
back,1
wider,1
subjects,1
besides,1
distinctions,1
recounted,1
themselves,1
essentially,1
railroads,1
intrepid,1
ann,1
exactly,1
mainly,1
telling,1
tended,1
truly,1
soldiering,1
masculine,1
d,1
fully,1
concepts,1
commission,1
dark,1
barely,1
texts,1
civilian,1
implication,1
characters,1
persuaded,1
undisturbing,1
dominance,1
stimulating,1
because,1
spite,1
attracted,1
images,1
wells,1
conventions,1
sanitizing,1
strong,1
instances,1
among,1
saw,1
we,1
drew,1
weave,1
discord,1
womanhood,1
cross,1
terror,1
marble,1
acquire,1
walked,1
savage,1
yes,1
asked,1
exemption,1
dichotomizes,1
attention,1
greek,1
suffering,1
actions,1
tragic,1
bothered,1
realigned,1
activities,1
championed,1
examines,1
seemed,1
society,1
threads,1
