WORDCOUNTS,WEIGHT
the,295
of,220
in,138
and,125
to,95
that,83
a,72
bellesiles,69
guns,62
gun,39
is,33
for,32
as,30
by,27
s,27
militia,25
were,25
he,24
these,24
arms,24
history,22
this,22
an,22
inventories,22
percent,21
american,20
their,19
culture,19
at,17
had,16
on,16
evidence,16
from,15
book,15
america,15
p,14
has,14
early,14
jones,14
it,13
with,13
was,13
records,13
state,13
sample,13
his,12
war,12
into,11
one,10
violence,10
militiamen,10
political,10
role,10
ownership,10
they,9
not,9
no,9
but,9
probate,9
some,9
private,9
which,9
states,9
southern,8
only,8
law,8
over,8
are,8
colonial,8
thus,8
own,8
century,8
governments,8
second,7
americans,7
who,7
also,7
military,7
vols,7
out,7
census,7
government,7
its,7
have,7
played,6
been,6
churchill,6
class,6
united,6
heather,6
or,6
did,6
public,6
there,6
never,6
according,6
armed,6
however,6
arming,6
conflict,6
than,6
white,6
online,5
within,5
findings,5
use,5
numbers,5
edu,5
ed,5
demonstrate,5
first,5
more,5
again,5
england,5
based,5
assertion,5
new,5
question,5
those,5
though,5
reviews,5
see,5
part,5
number,5
provincial,5
listed,5
politics,5
subculture,5
firearms,5
argues,5
against,5
owned,5
few,5
connecticut,5
research,5
massachusetts,5
lindgren,5
other,5
up,5
even,5
censuses,5
south,4
if,4
privately,4
does,4
male,4
letter,4
analysis,4
higginbotham,4
criticism,4
all,4
any,4
offers,4
power,4
years,4
different,4
http,4
emergence,4
time,4
msu,4
contemporary,4
hands,4
enough,4
material,4
property,4
w,4
greene,4
eighteenth,4
bear,4
example,4
civil,4
congress,4
amendment,4
argument,4
both,4
september,4
washington,4
conducted,4
several,4
scholarship,4
debate,4
men,4
journal,4
impressed,4
notes,4
final,3
may,3
rights,3
george,3
service,3
revolutionary,3
april,3
unarmed,3
movement,3
life,3
companies,3
once,3
h,3
interpretation,3
under,3
university,3
cornell,3
same,3
nineteenth,3
four,3
most,3
origins,3
published,3
lee,3
homicide,3
convincing,3
here,3
slightly,3
identified,3
each,3
country,3
standards,3
constitutional,3
believe,3
found,3
half,3
regulation,3
wealth,3
hunting,3
historical,3
furthermore,3
william,3
papers,3
them,3
michael,3
native,3
right,3
lists,3
virginia,3
data,3
middle,3
sides,3
reported,3
january,3
laws,3
became,3
two,3
significant,3
indians,3
central,3
chapters,3
nathanael,3
finally,3
such,3
scarce,3
national,3
general,3
three,3
after,3
article,3
point,3
raised,3
north,3
cites,3
justin,2
suggest,2
failed,2
ammunition,2
critical,2
shootings,2
i,2
possessed,2
wishes,2
whose,2
variety,2
provide,2
english,2
camp,2
commentary,2
federal,2
debunk,2
how,2
portion,2
emerson,2
return,2
brief,2
opposed,2
brings,2
competing,2
detailed,2
police,2
settlements,2
led,2
hold,2
essays,2
scarcity,2
yet,2
support,2
instances,2
reason,2
makes,2
documents,2
modern,2
later,2
northwestern,2
fifth,2
restricted,2
periods,2
contained,2
necessary,2
yassky,2
rarely,2
just,2
demonstrates,2
street,2
reports,2
regulated,2
begins,2
rise,2
bladed,2
act,2
claims,2
sources,2
aspect,2
voices,2
might,2
total,2
saul,2
myths,2
control,2
hanson,2
efforts,2
my,2
arsenals,2
offer,2
rhode,2
scholars,2
could,2
great,2
wall,2
dated,2
universal,2
domestic,2
taboo,2
counting,2
identity,2
anecdotal,2
john,2
court,2
survey,2
pattern,2
feature,2
took,2
v,2
posting,2
cultural,2
manner,2
where,2
returns,2
muster,2
population,2
system,2
case,2
joined,2
militias,2
house,2
colony,2
norms,2
alice,2
tightly,2
free,2
u,2
borne,2
count,2
addresses,2
well,2
another,2
original,2
rioting,2
don,2
injection,2
used,2
discussion,2
prior,2
powers,2
level,2
heart,2
story,2
despite,2
cited,2
equipping,2
press,2
bourgeois,2
warfare,2
describe,2
island,2
consistently,2
largely,2
place,2
make,2
collective,2
officers,2
when,2
individuals,2
legislation,2
faragher,2
project,2
clear,2
safety,2
publication,2
samuel,2
vigilante,2
tone,2
individual,2
least,2
keep,2
raises,2
include,2
schoolyard,2
good,2
integrated,2
heightened,2
would,2
period,2
so,2
entire,2
asked,2
given,2
malcolm,2
remains,2
old,2
better,2
why,2
david,2
sufficient,2
queen,2
highest,2
between,2
response,2
industry,2
combination,2
weapons,2
exact,2
footnotes,2
impressment,2
like,2
james,2
wills,2
northern,2
describes,2
robert,2
institution,2
finds,2
showed,2
garry,2
society,2
nations,1
atlantic,1
increasing,1
survived,1
model,1
chronological,1
difficult,1
will,1
consists,1
take,1
therefore,1
jonesboro,1
cramer,1
christian,1
high,1
mostly,1
what,1
compares,1
recognized,1
situation,1
nation,1
york,1
town,1
equipments,1
personally,1
series,1
note,1
absence,1
enumerated,1
school,1
excepted,1
way,1
continued,1
counted,1
serves,1
amply,1
pushes,1
asserted,1
slavery,1
paxton,1
economic,1
five,1
predictably,1
short,1
tighter,1
result,1
unfolds,1
slaughter,1
fear,1
reasonable,1
represent,1
strictly,1
undermines,1
federalists,1
misinterprets,1
expedition,1
episodes,1
forward,1
levels,1
populist,1
congressman,1
k,1
determine,1
intriguing,1
attacking,1
process,1
methodologies,1
mean,1
exceptional,1
slaughtering,1
overcounting,1
army,1
intimidation,1
alone,1
projecting,1
extends,1
secretary,1
being,1
above,1
colt,1
arm,1
introduction,1
appear,1
began,1
ends,1
distributed,1
ties,1
earlier,1
americas,1
predilection,1
legal,1
importantly,1
holders,1
standing,1
districts,1
strands,1
retelling,1
importance,1
assaulted,1
collapsed,1
republic,1
large,1
covering,1
html,1
surveyed,1
regulatory,1
reception,1
weapon,1
denied,1
studies,1
containing,1
special,1
thereof,1
exceeded,1
creek,1
umkc,1
objection,1
ample,1
clayton,1
varnum,1
topics,1
legality,1
apocalypse,1
existed,1
cases,1
fall,1
about,1
interconnected,1
hope,1
word,1
dismiss,1
rate,1
supplements,1
authority,1
springs,1
sets,1
buries,1
dependency,1
murder,1
tale,1
reference,1
means,1
inaccuracy,1
revising,1
wake,1
canada,1
represents,1
struggle,1
we,1
many,1
serve,1
soon,1
ward,1
joseph,1
evil,1
evolved,1
undiscussed,1
upwards,1
combat,1
respect,1
j,1
times,1
signed,1
organization,1
cycles,1
index,1
denounced,1
royal,1
inventory,1
compiled,1
abhorrent,1
suggestions,1
disappointment,1
quick,1
then,1
carnage,1
light,1
associated,1
before,1
assistance,1
regiments,1
littleton,1
useless,1
growing,1
something,1
impact,1
impulse,1
doing,1
traces,1
gradually,1
mary,1
track,1
comes,1
conclusion,1
mexican,1
source,1
al,1
routinely,1
unlikely,1
circuit,1
decimal,1
comell,1
appeals,1
inhabitants,1
women,1
provocative,1
resorted,1
establish,1
mine,1
ph,1
filed,1
lower,1
noted,1
increasingly,1
said,1
mack,1
fact,1
demand,1
additional,1
invoking,1
symbolic,1
detail,1
look,1
opportunity,1
t,1
precise,1
beyond,1
concerning,1
www,1
restricts,1
useful,1
generally,1
fellow,1
stated,1
stealth,1
every,1
members,1
resolution,1
symbol,1
creation,1
progressed,1
begin,1
intraracial,1
pervasive,1
dissertation,1
curiae,1
set,1
challenge,1
colorado,1
give,1
attempts,1
important,1
quickly,1
tyranny,1
outcome,1
address,1
pick,1
mass,1
stands,1
deserves,1
similarly,1
conflicts,1
refused,1
towns,1
confiscate,1
abusive,1
growth,1
commonplace,1
advanced,1
opponents,1
contention,1
literary,1
official,1
be,1
henry,1
paper,1
thomas,1
troubling,1
amicus,1
legislative,1
words,1
joyce,1
engaged,1
came,1
unjust,1
reviewed,1
prejudices,1
muskets,1
extent,1
distributing,1
seem,1
treatment,1
activism,1
asserts,1
unambiguously,1
libertarianism,1
capital,1
assembling,1
best,1
explores,1
societies,1
manliness,1
down,1
et,1
hnet,1
limited,1
acts,1
appendix,1
entered,1
yeomen,1
traditionally,1
abbot,1
typical,1
thank,1
essay,1
regard,1
loyalty,1
report,1
forces,1
wave,1
origin,1
citizens,1
assembled,1
lived,1
follows,1
particularly,1
ridicule,1
demands,1
job,1
wholly,1
studied,1
demonstrating,1
sabers,1
concludes,1
far,1
d,1
written,1
cohesion,1
fetishized,1
providence,1
suggestive,1
distrust,1
doubt,1
hening,1
cultures,1
build,1
sum,1
underpin,1
evolving,1
nevertheless,1
succeeding,1
shield,1
protect,1
integrate,1
neglected,1
males,1
appeared,1
assessment,1
strength,1
evaluate,1
last,1
late,1
places,1
overstate,1
date,1
prove,1
replicated,1
charged,1
greatly,1
exceptions,1
cling,1
remainder,1
outlook,1
corps,1
available,1
regiment,1
covered,1
exacerbated,1
children,1
catastrophic,1
circular,1
johns,1
march,1
investigation,1
vicious,1
dearborn,1
lead,1
racial,1
province,1
context,1
recently,1
symbols,1
form,1
persons,1
heavily,1
individualistic,1
british,1
making,1
journals,1
rebellion,1
defense,1
post,1
politically,1
dance,1
sociology,1
intertwined,1
troops,1
decade,1
doesn,1
plains,1
gleans,1
heaped,1
alfred,1
defenseless,1
rolls,1
misrepresentation,1
counties,1
freemen,1
enrolled,1
theory,1
required,1
eds,1
assorted,1
conclude,1
problem,1
assertions,1
historians,1
consulted,1
unaware,1
motion,1
fully,1
hopkins,1
going,1
outgrowth,1
representations,1
boys,1
ser,1
violent,1
yass,1
having,1
imperial,1
stepped,1
chapter,1
thousands,1
almost,1
breakdown,1
reached,1
subsistence,1
credit,1
basis,1
ideal,1
determined,1
urban,1
size,1
deaborn,1
work,1
expresses,1
popular,1
intense,1
degenerate,1
degenerated,1
knopf,1
crown,1
october,1
tool,1
lincoln,1
richard,1
upon,1
ambush,1
org,1
values,1
sr,1
must,1
directions,1
careful,1
slaves,1
professor,1
diabolical,1
undercut,1
credence,1
percentage,1
eight,1
prominent,1
region,1
brought,1
prerogative,1
vigilantes,1
supply,1
responded,1
adoption,1
ridiculous,1
uses,1
drew,1
carved,1
discusses,1
holiest,1
passes,1
enormous,1
sufficiently,1
re,1
indigenous,1
duty,1
aged,1
warrior,1
done,1
undercounted,1
turns,1
europeans,1
ten,1
find,1
host,1
noting,1
controlling,1
beneath,1
bears,1
whole,1
sectional,1
gave,1
deserted,1
conclusively,1
wonderful,1
collection,1
during,1
fascinating,1
acknowledgements,1
manufacturing,1
factor,1
much,1
showman,1
woodlands,1
aggression,1
controlled,1
shades,1
people,1
us,1
figures,1
minutemen,1
manuscript,1
actually,1
repeatedly,1
complained,1
questions,1
repairs,1
eighteenthcentury,1
ethnic,1
thereafter,1
winter,1
identical,1
resource,1
our,1
advertising,1
throughout,1
peripheral,1
personal,1
sees,1
statutes,1
away,1
collapse,1
nullify,1
actual,1
regional,1
connected,1
anything,1
single,1
accoutrements,1
profession,1
described,1
tyrannical,1
breaks,1
bayonet,1
difficulties,1
december,1
editor,1
militaristic,1
interested,1
open,1
assembly,1
visage,1
discovered,1
since,1
intensified,1
strongest,1
escalated,1
moral,1
illinois,1
directed,1
modem,1
sampled,1
opens,1
write,1
mcneil,1
aristocratic,1
rapidly,1
copious,1
soldiers,1
dominated,1
fuel,1
intact,1
rates,1
angloamerican,1
casts,1
am,1
embezzling,1
center,1
dozen,1
social,1
review,1
corrective,1
contributed,1
manufacturers,1
executive,1
closing,1
portray,1
allowed,1
condescension,1
application,1
feb,1
spread,1
reformers,1
irrationally,1
cphl,1
regarded,1
product,1
cautionary,1
fistfights,1
cite,1
forthrightly,1
thoughtful,1
regular,1
pdf,1
plague,1
piece,1
affairs,1
candidate,1
citation,1
exercise,1
attempted,1
recourse,1
accurate,1
standard,1
pushed,1
presenting,1
commentaries,1
officials,1
invasion,1
nor,1
collections,1
speak,1
chattel,1
dorr,1
repeated,1
small,1
requesting,1
anachronism,1
legislatures,1
breached,1
treats,1
cogent,1
coercive,1
systems,1
leaves,1
rifles,1
methods,1
slave,1
miserably,1
seventeenth,1
africans,1
further,1
insists,1
presence,1
peace,1
editors,1
correct,1
become,1
constables,1
federalized,1
essentially,1
ancestors,1
succeeded,1
displayed,1
chicago,1
unreliability,1
nationally,1
manichean,1
eastern,1
slaughtered,1
engages,1
masculine,1
integrally,1
lying,1
partial,1
through,1
exclusively,1
drawn,1
homicidal,1
little,1
trumbull,1
lay,1
present,1
because,1
attracted,1
envelope,1
prairie,1
handing,1
results,1
exempted,1
estates,1
etc,1
poorly,1
avoided,1
strong,1
among,1
exempt,1
production,1
roots,1
either,1
diminished,1
quarterly,1
value,1
professional,1
sugar,1
scheme,1
quarter,1
provided,1
outright,1
lingren,1
segment,1
vain,1
shame,1
student,1
nativist,1
chambers,1
arkansas,1
conquest,1
commanders,1
lend,1
battles,1
kept,1
