WORDCOUNTS,WEIGHT
the,318
of,177
and,131
in,114
to,96
s,91
a,90
that,65
new,57
miller,49
middlekauff,49
england,47
their,42
as,40
not,38
puritan,37
for,36
history,34
was,32
but,32
with,32
he,31
an,30
his,28
it,27
puritanism,26
mathers,25
american,24
on,24
had,23
by,22
from,22
did,21
have,20
mind,19
they,18
or,18
religious,17
ideas,17
intellectual,17
at,15
colonial,15
historians,14
such,14
into,13
its,13
is,13
one,12
than,12
most,12
piety,12
p,12
social,12
tradition,11
hall,11
how,11
millerite,11
more,11
which,11
experience,10
world,10
century,10
out,10
this,10
thought,10
early,10
first,9
errand,9
about,9
would,9
be,9
mather,8
could,8
reviews,8
do,8
who,8
puritans,8
america,8
although,8
now,7
religion,7
robert,7
has,7
some,7
since,7
cohen,7
generation,7
stout,7
cotton,7
work,7
only,7
may,7
intellect,7
culture,7
own,7
upon,7
were,7
like,7
so,7
after,7
perry,7
between,7
them,7
little,7
much,7
retrospect,7
if,6
studies,6
are,6
within,6
no,6
saints,6
ministers,6
lived,6
well,6
people,6
massachusetts,6
when,6
also,6
viii,6
james,6
we,6
seventeenth,6
december,6
theology,6
william,6
what,6
years,6
charles,6
declension,5
way,5
ways,5
all,5
take,5
there,5
david,5
men,5
even,5
university,5
clergy,5
mary,5
intellectuals,5
having,5
society,5
scholars,5
him,5
especially,5
science,5
life,5
simply,5
covenant,5
e,4
church,4
before,4
sources,4
might,4
emotion,4
system,4
rather,4
l,4
study,4
reason,4
lives,4
just,4
preaching,4
however,4
nothing,4
method,4
colonies,4
future,4
long,4
few,4
methodological,4
up,4
will,4
second,4
scientific,4
still,4
once,4
yet,4
god,4
us,4
two,4
published,4
appeared,4
less,4
material,4
books,4
another,4
original,4
wilderness,4
i,4
three,4
moral,4
can,4
quarterly,4
been,4
vision,4
thinking,4
terms,4
themselves,4
does,3
fathers,3
lovejoy,3
later,3
themes,3
said,3
historiography,3
great,3
british,3
chapter,3
human,3
thus,3
inner,3
development,3
quality,3
morgan,3
nor,3
find,3
whose,3
generations,3
doctrine,3
process,3
affective,3
ix,3
soul,3
too,3
pious,3
very,3
though,3
cultural,3
because,3
theological,3
decline,3
dedicated,3
always,3
seemed,3
matter,3
subject,3
read,3
lord,3
ed,3
these,3
many,3
time,3
john,3
never,3
outside,3
model,3
remained,3
region,3
increase,3
wonder,3
full,3
publication,3
logic,3
took,3
professional,3
concluded,3
ministry,3
foster,3
environment,3
then,3
practice,3
circumstances,3
bozeman,3
far,3
form,3
thirty,3
manuscripts,3
pursued,3
bustle,3
psychology,3
press,3
think,3
enthusiasm,3
north,3
public,3
course,3
d,3
ser,3
scholarship,3
given,3
founding,2
humanism,2
concerned,2
imported,2
conversion,2
complex,2
asserted,2
english,2
jonathan,2
youngs,2
tomes,2
decade,2
probed,2
t,2
feeling,2
seems,2
book,2
leading,2
advantage,2
suggesting,2
seeman,2
narrative,2
scholar,2
reveal,2
launched,2
nevertheless,2
faithful,2
written,2
shepherd,2
theodore,2
behind,2
patrick,2
felt,2
politics,2
greene,2
richard,2
x,2
anticipated,2
himself,2
mistake,2
accommodation,2
against,2
interest,2
ability,2
edifice,2
relations,2
jr,2
adjustment,2
old,2
subjects,2
body,2
warned,2
journal,2
perfect,2
simultaneously,2
town,2
sort,2
appreciation,2
christine,2
collinson,2
earlier,2
importance,2
certain,2
lay,2
feel,2
perceptions,2
motions,2
dwight,2
literary,2
appearing,2
former,2
impact,2
articulated,2
shore,2
powerful,2
follow,2
important,2
protestant,2
my,2
lead,2
found,2
called,2
typical,2
eliot,2
late,2
accurately,2
informed,2
stock,2
province,2
applied,2
possibility,2
data,2
heyrman,2
analyze,2
heart,2
significantly,2
part,2
thoughts,2
critique,2
keep,2
call,2
translated,2
sensibility,2
providentialism,2
least,2
working,2
straight,2
next,2
order,2
involved,2
family,2
comfort,2
tried,2
philip,2
churches,2
core,2
notes,2
evoked,2
f,2
creed,2
various,2
economic,2
harry,2
make,2
southern,2
year,2
corpus,2
interpretation,2
examined,2
happened,2
under,2
commonwealth,2
pioneered,2
passions,2
noted,2
affections,2
congregants,2
other,2
fell,2
toward,2
put,2
towns,2
fundamental,2
pressure,2
reform,2
hoopes,2
children,2
larger,2
end,2
claimed,2
program,2
forms,2
readers,2
psychic,2
historiographic,2
orthodoxy,2
michael,2
see,2
colony,2
heed,2
day,2
ibid,2
understanding,2
handwritten,2
eighteenth,2
controlling,2
significant,2
largely,2
harvard,2
california,2
anthology,2
authors,2
language,2
times,2
reviewers,2
ended,2
latter,2
become,2
field,2
story,2
attention,2
delbanco,2
relationship,2
publishing,2
devotional,2
hill,2
begin,2
lines,2
ordinary,2
force,2
interplay,2
why,2
inspired,2
analysis,2
fall,2
jeremiad,2
interpretive,2
selement,2
itself,2
face,2
worlds,2
believed,2
biography,2
stephen,2
command,2
quickly,2
highly,2
over,2
country,2
readily,2
migration,2
seem,2
historical,2
works,2
advances,2
turned,2
englanders,2
beginning,2
drop,2
winship,2
particular,2
character,2
add,2
theory,2
appropriated,2
while,2
brilliant,2
strain,2
popular,2
through,2
city,2
role,2
turns,2
manifold,2
techniques,2
disciplines,2
circus,2
writing,2
faculty,2
eric,2
sectarianism,2
ultimately,2
until,2
commercial,2
argument,2
paradigm,2
instead,2
enlightenment,2
cooper,2
need,2
philosophy,2
showed,2
c,2
point,2
averred,2
interaction,2
grace,2
should,2
quantity,2
major,2
truce,1
anatomized,1
broils,1
final,1
emulate,1
ruminating,1
possessed,1
owes,1
vitalized,1
declared,1
generated,1
penman,1
prize,1
stoves,1
represent,1
ecclesiology,1
resulted,1
conversionism,1
busy,1
announced,1
clio,1
brilliantly,1
notably,1
evans,1
connect,1
landholding,1
becoming,1
large,1
ludicrous,1
judged,1
systematically,1
kinds,1
cadences,1
magnify,1
elaborated,1
essays,1
conducting,1
join,1
demurred,1
live,1
alive,1
h,1
materialistic,1
approaches,1
sudden,1
marcus,1
soap,1
modern,1
favor,1
eminence,1
tempered,1
governing,1
protection,1
position,1
enjoys,1
supper,1
recreation,1
royal,1
unlike,1
title,1
invent,1
behavior,1
tells,1
biographical,1
detailing,1
something,1
attuned,1
eager,1
sins,1
turning,1
women,1
hoping,1
cutting,1
joe,1
painful,1
anything,1
permit,1
hence,1
titles,1
fast,1
every,1
inexorable,1
concur,1
republish,1
witches,1
enthralled,1
ii,1
give,1
restoration,1
intimated,1
address,1
penchant,1
brains,1
austere,1
articulate,1
emerged,1
glimpsed,1
discerned,1
j,1
nature,1
hatred,1
laughter,1
confirmed,1
tour,1
knowing,1
down,1
tours,1
gildrie,1
knight,1
wave,1
validated,1
fully,1
normative,1
borne,1
inherent,1
milked,1
scheme,1
generalizations,1
real,1
subsequent,1
integrate,1
ancestry,1
devised,1
last,1
loose,1
innes,1
precisely,1
concepts,1
descried,1
those,1
duality,1
political,1
reading,1
racial,1
context,1
backlash,1
similarities,1
speech,1
nowhere,1
case,1
issue,1
disdained,1
existence,1
jane,1
forthcoming,1
rereading,1
eastern,1
morison,1
albeit,1
messengers,1
motion,1
primitivist,1
masked,1
analytically,1
thrusts,1
design,1
jack,1
enriching,1
capable,1
determined,1
compelling,1
sixteenth,1
concentrating,1
strand,1
tracing,1
drive,1
solely,1
insight,1
flourishes,1
countered,1
crossed,1
internet,1
whatever,1
apart,1
mental,1
unmoving,1
say,1
treating,1
afoul,1
laws,1
dynamic,1
bottom,1
along,1
recapture,1
irrational,1
formula,1
fractiousness,1
collection,1
inventory,1
evaluating,1
attract,1
blindly,1
exposed,1
exist,1
implements,1
regarding,1
central,1
andrew,1
deserving,1
selves,1
ramist,1
surely,1
relationships,1
explained,1
dynamics,1
reputation,1
professor,1
longevity,1
mores,1
personalities,1
de,1
g,1
neighbors,1
madmen,1
gendered,1
heterogeneity,1
consumer,1
ancient,1
price,1
adams,1
insisted,1
affectivity,1
commencing,1
taproot,1
assured,1
extensively,1
vengeance,1
clown,1
comprised,1
empathetically,1
exhausted,1
touched,1
turn,1
abstractions,1
unity,1
venerable,1
unhappiness,1
self,1
glory,1
godliness,1
perspective,1
conveys,1
six,1
pastmasters,1
young,1
animating,1
allowing,1
adumbrated,1
left,1
ecclesiastical,1
conkin,1
explore,1
climaxed,1
baroque,1
student,1
huffed,1
crumbling,1
preserving,1
constructs,1
dear,1
demonstration,1
crack,1
deeply,1
departed,1
leadership,1
pronounced,1
hardly,1
handful,1
influence,1
undone,1
sympathetically,1
celebrating,1
casualness,1
employ,1
abiding,1
surprisingly,1
assessed,1
steps,1
gaining,1
nymph,1
topic,1
styling,1
felicity,1
recognized,1
fleet,1
york,1
following,1
synthesizing,1
statements,1
sets,1
impel,1
bring,1
growth,1
developed,1
untold,1
rounded,1
incarnated,1
anglican,1
basic,1
landscape,1
infelicitously,1
heresy,1
keepers,1
notion,1
exercise,1
hitting,1
knew,1
preachers,1
laity,1
parents,1
opportunity,1
waned,1
fever,1
supplement,1
rigor,1
humanity,1
hazardous,1
losing,1
doubted,1
assuming,1
generating,1
special,1
possess,1
awareness,1
animals,1
proclaimed,1
support,1
means,1
dilution,1
adolescents,1
insistence,1
defies,1
elegizes,1
praise,1
calcified,1
consider,1
revising,1
improvement,1
established,1
imposing,1
intellectually,1
emergence,1
eschew,1
amid,1
hotter,1
sum,1
director,1
typifies,1
americanists,1
gradually,1
bruce,1
churchgoers,1
argued,1
frequently,1
periodically,1
age,1
fashioned,1
superior,1
store,1
shorter,1
rationally,1
cunliffe,1
quarantined,1
coming,1
wondering,1
isolation,1
miniaturization,1
notions,1
bancroft,1
surge,1
otiose,1
belgian,1
instance,1
shifted,1
dominant,1
m,1
perused,1
independents,1
decades,1
retirement,1
view,1
scientism,1
hot,1
commanded,1
streak,1
friends,1
thinks,1
regenerate,1
contention,1
hours,1
declarations,1
result,1
closely,1
came,1
pastoral,1
whom,1
pursuits,1
path,1
concentration,1
abated,1
histories,1
rule,1
protector,1
hands,1
aptlythey,1
houghton,1
attack,1
purifying,1
centers,1
exquisitely,1
secularized,1
changed,1
ocean,1
curiosity,1
chaff,1
endeavor,1
propulsion,1
brooks,1
constantly,1
greater,1
base,1
representative,1
entrepreneurship,1
evaluate,1
extracting,1
genes,1
equally,1
traced,1
library,1
equal,1
repent,1
posited,1
vouchsafed,1
contrived,1
religiosity,1
war,1
obviated,1
advertise,1
treat,1
opprobrium,1
afforded,1
tools,1
recently,1
population,1
youths,1
devoid,1
sentence,1
cannot,1
meet,1
suffered,1
excellent,1
scale,1
monograph,1
contesting,1
spiritual,1
networks,1
source,1
schema,1
hopkins,1
cows,1
meditation,1
affair,1
failure,1
taxes,1
dilemmas,1
genre,1
line,1
artifacts,1
missed,1
flattened,1
kamensky,1
received,1
narratives,1
disputed,1
canonic,1
leisure,1
voted,1
concept,1
brought,1
characterization,1
example,1
civil,1
confined,1
actors,1
nation,1
forge,1
homeland,1
revealed,1
gender,1
apotheosized,1
prematurely,1
reminded,1
surprise,1
cracking,1
authenticity,1
opined,1
gave,1
fail,1
place,1
skirt,1
collective,1
accomplishment,1
actually,1
middle,1
eighteenthcentury,1
earn,1
dispense,1
deadness,1
fiering,1
personal,1
away,1
elegant,1
employed,1
believes,1
bidding,1
entails,1
won,1
artifact,1
status,1
withstand,1
rendered,1
enthusiastic,1
holy,1
contradictions,1
graduate,1
approach,1
either,1
regions,1
uniqueness,1
creating,1
perambulated,1
tolerant,1
protestantism,1
drums,1
commerce,1
sense,1
viable,1
caused,1
describing,1
idiom,1
manners,1
peterson,1
parrington,1
revolution,1
things,1
overwhelms,1
dimaggio,1
keenly,1
confuting,1
event,1
bank,1
around,1
small,1
several,1
spanish,1
portraying,1
sufficient,1
apposite,1
shapes,1
pregnant,1
majestic,1
feelings,1
scattering,1
compatibility,1
surfeit,1
psychological,1
augur,1
research,1
suddenly,1
tended,1
yielded,1
fashions,1
quakerism,1
warehouses,1
descendants,1
inability,1
jordan,1
microcards,1
necessity,1
deranged,1
frantically,1
paid,1
stunt,1
colloquium,1
peculiar,1
persuasions,1
exposited,1
aids,1
value,1
eventuated,1
provided,1
am,1
aggregate,1
valuable,1
sophistication,1
enjoy,1
schematic,1
promising,1
pope,1
corrosive,1
counteract,1
tasks,1
sons,1
higham,1
temperament,1
ceremonial,1
hegemony,1
instructors,1
contest,1
absence,1
availed,1
ignite,1
mencken,1
identified,1
action,1
failed,1
obstinately,1
wrote,1
synthesis,1
middlekauf,1
positions,1
comparative,1
scriptural,1
play,1
sermon,1
dressed,1
refigured,1
acknowledged,1
classic,1
scribbles,1
nearly,1
female,1
funny,1
prevailing,1
attempt,1
community,1
weary,1
judgment,1
controls,1
expanded,1
jealousies,1
ice,1
strife,1
beth,1
movement,1
atop,1
modes,1
renew,1
bloodlines,1
zeal,1
licentious,1
evidentiary,1
powerfully,1
forecast,1
robin,1
brow,1
oxford,1
teetered,1
relied,1
pp,1
devotion,1
mission,1
evil,1
themcohen,1
unattainable,1
evolved,1
inspiration,1
neither,1
thesis,1
salutary,1
profane,1
tax,1
perspectives,1
eagerness,1
liberties,1
congruent,1
same,1
dropped,1
sharply,1
counterattack,1
lament,1
excellence,1
uncovers,1
organize,1
insights,1
tricks,1
swirl,1
parkman,1
unusually,1
quotations,1
insinuating,1
rise,1
fickle,1
entwined,1
picture,1
disciplinary,1
love,1
volume,1
comprehend,1
starting,1
fire,1
name,1
french,1
paul,1
law,1
courageous,1
bits,1
challenge,1
centerpiece,1
technique,1
power,1
frederick,1
stated,1
rationalism,1
mark,1
selfish,1
death,1
shelf,1
pointed,1
available,1
chance,1
trafficking,1
perfected,1
emotions,1
communal,1
lack,1
twenty,1
idea,1
treatment,1
insinuated,1
conduct,1
canaan,1
aegis,1
creative,1
axtell,1
creeping,1
depict,1
reformed,1
manifested,1
identity,1
vernon,1
banks,1
godly,1
state,1
contemporary,1
flocks,1
pattern,1
man,1
daniels,1
anne,1
expound,1
patterns,1
overstate,1
pondering,1
monographs,1
learn,1
augustinian,1
arisen,1
imperatives,1
where,1
secular,1
equate,1
existing,1
accepted,1
armed,1
inspirited,1
strategies,1
unanticipated,1
spoke,1
ahead,1
winks,1
gutting,1
belief,1
eds,1
style,1
achievement,1
shifts,1
rehearsed,1
number,1
going,1
perseverance,1
historiographical,1
revisionism,1
murdock,1
fundamentally,1
credit,1
apt,1
simple,1
oil,1
vast,1
intimate,1
utterances,1
easier,1
made,1
howl,1
doomed,1
chiefly,1
cogley,1
mothers,1
range,1
gura,1
maritime,1
bathtubs,1
contours,1
opera,1
communities,1
formal,1
including,1
delicate,1
clerical,1
worship,1
ruthless,1
tergiversations,1
computers,1
host,1
elections,1
expression,1
sold,1
hypotheses,1
repugnant,1
persisted,1
tenacious,1
francis,1
factor,1
causes,1
energized,1
questions,1
ethnic,1
evolution,1
resolved,1
engaged,1
services,1
individuals,1
merit,1
laboratory,1
insults,1
evidencing,1
national,1
antinomian,1
congregation,1
congo,1
theoretical,1
students,1
involves,1
described,1
vii,1
passim,1
worry,1
discovered,1
comprehensive,1
points,1
transpired,1
health,1
excurses,1
held,1
rationalized,1
individual,1
determinist,1
allowed,1
revised,1
innermost,1
scholasticism,1
congregationalists,1
played,1
ge,1
anyone,1
fecundity,1
peer,1
intrinsic,1
martin,1
adequately,1
presidential,1
construct,1
imagination,1
repeated,1
spent,1
faith,1
enough,1
include,1
somehow,1
internal,1
ideational,1
edmund,1
trying,1
k,1
eyes,1
awakening,1
successors,1
sight,1
v,1
enthusiasts,1
comfortably,1
fame,1
rhetorical,1
securing,1
incontrovertible,1
figures,1
invented,1
connections,1
engagement,1
conveyed,1
deigned,1
ago,1
creativity,1
pastor,1
widely,1
brown,1
communalism,1
separate,1
unwittingly,1
increasing,1
prolegomenon,1
chu,1
amanda,1
applications,1
esteemed,1
abundance,1
cresting,1
flourishing,1
invokes,1
marrow,1
sealed,1
continued,1
george,1
provide,1
sometimes,1
kenneth,1
johns,1
five,1
plays,1
baptism,1
prose,1
suspected,1
consummate,1
fear,1
primarily,1
institutions,1
slow,1
remarked,1
sensitive,1
apprehending,1
directions,1
seen,1
merchandise,1
returned,1
credited,1
proposition,1
oddly,1
contribution,1
deals,1
volumes,1
changes,1
transfigured,1
encapsulated,1
construction,1
norton,1
underscores,1
united,1
surprising,1
adaptationist,1
urged,1
creatures,1
get,1
rebutted,1
paying,1
rationalize,1
meant,1
mouse,1
holifield,1
founders,1
circumscribed,1
reciprocal,1
seriously,1
deposited,1
any,1
associated,1
singular,1
broke,1
comes,1
series,1
redemption,1
complexity,1
version,1
changing,1
homogeneity,1
comparison,1
must,1
founded,1
devout,1
solitary,1
ever,1
profits,1
continues,1
elicited,1
known,1
membership,1
shepherds,1
glimpse,1
dissipated,1
obtuse,1
here,1
seers,1
dilated,1
set,1
effusions,1
crowds,1
berkeley,1
dimension,1
ran,1
enters,1
exploded,1
natural,1
control,1
each,1
intensive,1
cachet,1
paper,1
narrating,1
cultures,1
impelling,1
tongue,1
blazed,1
footnoting,1
key,1
king,1
accommodate,1
prominence,1
steroids,1
print,1
websites,1
printed,1
porterfield,1
constructions,1
unloading,1
seconded,1
loyalty,1
inquiry,1
deem,1
disciple,1
goods,1
adepts,1
brilliance,1
constant,1
build,1
associations,1
examining,1
tracts,1
happiness,1
nailed,1
exoskeleton,1
meager,1
benefitting,1
consciousness,1
emerges,1
procedural,1
better,1
places,1
concrete,1
days,1
growing,1
researching,1
according,1
realize,1
heads,1
economy,1
vivified,1
whether,1
complacently,1
winthrop,1
list,1
accounts,1
pulpit,1
erupted,1
problem,1
avid,1
woodward,1
acolytes,1
densities,1
occasions,1
hambrickstowe,1
dissecting,1
vehicle,1
produce,1
diversities,1
almost,1
richness,1
vineyard,1
ideal,1
graceful,1
suspicion,1
universe,1
size,1
finished,1
stab,1
janice,1
exegetes,1
both,1
portraits,1
parsing,1
bloodless,1
epitomizes,1
recognition,1
clout,1
edwards,1
lifetime,1
despite,1
prevalent,1
became,1
publishers,1
convinced,1
wrought,1
buy,1
elizabethan,1
intended,1
rendering,1
truslow,1
step,1
aptly,1
selectmen,1
went,1
deflated,1
adapted,1
measure,1
orthodoxies,1
substance,1
protestants,1
indians,1
garland,1
evidenced,1
representation,1
delving,1
indefinable,1
our,1
subsumed,1
comprehended,1
besieged,1
formation,1
understandings,1
soft,1
models,1
radicalism,1
undercuts,1
invasion,1
vann,1
finding,1
authored,1
frame,1
leverage,1
write,1
samuel,1
balked,1
accept,1
imperative,1
precisionist,1
homiletic,1
jarred,1
mindful,1
offer,1
move,1
critics,1
orthodox,1
cadre,1
specialists,1
states,1
disintegrated,1
glass,1
piece,1
distracting,1
forming,1
measured,1
repeat,1
reformation,1
restored,1
wondered,1
surfaced,1
passages,1
archival,1
avowed,1
incumbent,1
fervor,1
enterprise,1
norman,1
dark,1
bounds,1
vagaries,1
traditional,1
luxuries,1
excoriating,1
among,1
technological,1
comparable,1
emotionality,1
drew,1
recent,1
unexpectedly,1
famous,1
broader,1
roles,1
race,1
portrait,1
sion,1
inventories,1
deeper,1
looking,1
