WORDCOUNTS,WEIGHT
the,235
of,126
and,115
in,105
to,64
a,61
as,33
that,29
s,28
national,27
american,24
history,23
local,20
for,19
patriotism,19
is,18
with,17
by,17
memory,17
bodnar,17
their,16
public,14
it,13
from,13
ground,13
on,13
at,12
patriotic,12
americans,11
p,11
an,11
linenthal,10
not,10
but,10
only,10
political,10
civil,10
vernacular,10
who,9
federal,9
also,9
are,9
have,9
century,9
curti,8
how,8
power,8
religion,8
war,8
historians,8
between,8
up,8
he,7
about,7
alamo,7
battlefields,7
government,7
while,7
past,7
sacred,7
meanings,7
can,7
role,6
important,6
his,6
ordinary,6
they,6
studies,6
more,6
over,6
historical,6
other,6
has,6
america,6
glassberg,6
university,5
or,5
social,5
native,5
official,5
loyalty,5
larger,5
places,5
particular,5
sought,5
since,5
nation,5
its,5
this,5
historic,5
twentieth,5
so,5
big,5
little,5
much,5
world,5
than,5
communities,4
community,4
anglos,4
commemoration,4
park,4
played,4
into,4
monument,4
contested,4
most,4
out,4
new,4
nationalism,4
state,4
those,4
where,4
orthodoxy,4
symbols,4
argument,4
march,4
sites,4
work,4
both,4
collective,4
people,4
sees,4
there,4
david,4
why,4
texas,4
be,4
progress,4
custer,4
loyalties,4
battle,3
battlefield,3
no,3
economic,3
been,3
site,3
underplays,3
one,3
progressive,3
citizens,3
all,3
pp,3
wars,3
then,3
memories,3
these,3
fact,3
masses,3
others,3
conflict,3
myths,3
lulac,3
country,3
efforts,3
beliefs,3
service,3
john,3
maurice,3
do,3
cultural,3
because,3
reviews,3
them,3
see,3
ones,3
americanism,3
her,3
halbwachs,3
residents,3
imagined,3
through,3
press,3
elite,3
pioneer,3
horn,3
framework,3
structures,3
were,3
symbolism,3
such,3
against,3
profession,3
interest,3
workers,3
contrast,3
family,3
especially,3
present,3
saw,3
roots,3
final,2
rights,2
depth,2
does,2
what,2
struggle,2
give,2
reagan,2
element,2
continued,2
quo,2
concerned,2
outsiders,2
imagery,2
edward,2
truth,2
influential,2
buffs,2
process,2
connect,2
grew,2
discourse,2
aligned,2
life,2
class,2
special,2
preservation,2
study,2
illustrations,2
fighting,2
fall,2
nps,2
alongside,2
favor,2
fought,2
consider,2
concord,2
key,2
index,2
was,2
management,2
presents,2
clearly,2
associated,2
before,2
culture,2
historian,2
americanists,2
air,2
textile,2
princeton,2
ethnic,2
industrial,2
women,2
experience,2
gerstle,2
way,2
beyond,2
redefine,2
lexington,2
invention,2
symbol,2
creation,2
connection,2
movements,2
interests,2
defining,2
intellectual,2
image,2
had,2
cultures,2
gary,2
different,2
book,2
groups,2
europe,2
tradition,2
minorities,2
midwestern,2
leaders,2
bellah,2
appeared,2
access,2
differences,2
immersed,2
centers,2
deal,2
fallen,2
cities,2
resisted,2
interpretations,2
expressions,2
last,2
late,2
stand,2
robert,2
scholarly,2
road,2
burns,2
terms,2
making,2
post,2
remaking,2
woman,2
explain,2
sacrifice,2
version,2
status,2
politics,2
understanding,2
analysis,2
examples,2
professionals,2
west,2
ken,2
african,2
concern,2
must,2
demonstrates,2
phenomenon,2
using,2
ideas,2
daughters,2
idealistic,2
winter,2
chapters,2
which,2
years,2
significance,2
own,2
paradigm,2
communicated,2
language,2
points,2
soldiers,2
crisis,2
held,2
relations,2
successful,2
working,2
cohen,2
earlier,2
turn,2
unity,2
mystic,2
sentiment,2
leaves,2
third,2
gettysburg,2
chicago,2
debate,2
died,2
early,2
implication,2
even,2
gulf,2
chords,2
focus,2
among,2
we,2
professional,2
voices,2
time,2
lizabeth,2
content,2
atlantic,1
pattern,1
smaller,1
may,1
manner,1
disseminating,1
locates,1
davy,1
republican,1
lieux,1
ride,1
baldly,1
via,1
iran,1
san,1
vag,1
investigating,1
farm,1
essential,1
veneration,1
hegemony,1
hobsbawm,1
coopted,1
body,1
protecting,1
identification,1
common,1
chicanos,1
nativism,1
act,1
george,1
rather,1
memorials,1
if,1
popularity,1
bring,1
within,1
identified,1
five,1
foreign,1
france,1
amherst,1
ways,1
corporate,1
distorted,1
identity,1
revival,1
insiders,1
go,1
represent,1
culminated,1
administered,1
woonsocket,1
ritual,1
levels,1
male,1
veterans,1
institutions,1
red,1
money,1
nazis,1
prevailing,1
dissolution,1
mood,1
tangentially,1
sensitive,1
poses,1
indiantrail,1
eliminated,1
glancing,1
detailed,1
still,1
above,1
opportunity,1
succession,1
benedict,1
celebrate,1
utility,1
began,1
expanded,1
after,1
understand,1
appears,1
sponsored,1
translates,1
contribution,1
landscapes,1
importance,1
articulating,1
group,1
movement,1
waits,1
center,1
large,1
countries,1
airplane,1
worlds,1
ix,1
positive,1
produced,1
marianne,1
construction,1
restoration,1
timeless,1
united,1
hope,1
jeremiad,1
bounded,1
nationalization,1
wires,1
space,1
periodic,1
alive,1
equated,1
trains,1
fields,1
interpretation,1
support,1
absorbed,1
echoed,1
means,1
suspicious,1
done,1
examined,1
thinks,1
recalled,1
devalue,1
security,1
cleveland,1
maintaining,1
susan,1
many,1
mentality,1
crowded,1
mission,1
hegemonic,1
documenting,1
wanted,1
issue,1
greater,1
sacvan,1
goals,1
socialists,1
trilogy,1
possibly,1
j,1
orchestrating,1
unthinking,1
side,1
claims,1
supply,1
periods,1
imposing,1
familiar,1
retained,1
authorities,1
mosaic,1
kammen,1
reshaping,1
emergence,1
aura,1
small,1
teaches,1
latin,1
growing,1
inculcate,1
same,1
nineteenth,1
something,1
dominate,1
tying,1
ed,1
indian,1
reich,1
humane,1
defend,1
faith,1
passos,1
age,1
provocative,1
ideals,1
confirmed,1
show,1
olympics,1
jammed,1
serve,1
tejanos,1
ever,1
round,1
increasingly,1
challenged,1
beside,1
rise,1
attribute,1
frameworks,1
symbolic,1
vietnam,1
filmmaker,1
t,1
conflicting,1
concerning,1
les,1
love,1
constructed,1
persuasive,1
entry,1
alludes,1
davis,1
continent,1
transformative,1
mourn,1
construct,1
letters,1
offers,1
pierre,1
regulating,1
occurred,1
discovers,1
houston,1
shrine,1
column,1
set,1
paled,1
challenge,1
ii,1
implications,1
prompting,1
evidence,1
fell,1
mighty,1
stating,1
view,1
deserves,1
terrain,1
towns,1
control,1
each,1
books,1
scares,1
july,1
calms,1
germany,1
wake,1
nature,1
emotions,1
investigates,1
king,1
uncovering,1
words,1
ded,1
novel,1
came,1
december,1
best,1
shows,1
bercovich,1
possibilities,1
global,1
commission,1
leading,1
crockett,1
consideration,1
seem,1
fundamental,1
passenger,1
head,1
harbor,1
maya,1
xii,1
societies,1
lives,1
recurrent,1
principal,1
repugnant,1
found,1
ph,1
plan,1
desire,1
strapped,1
dos,1
half,1
luther,1
generations,1
abstract,1
oil,1
barbara,1
histories,1
distance,1
analyses,1
emotion,1
rebuilding,1
narrative,1
donehower,1
might,1
together,1
objectives,1
pacific,1
reproduces,1
antonio,1
hisreviews,1
scholars,1
radical,1
room,1
championing,1
speedup,1
liberal,1
visits,1
products,1
humming,1
take,1
associations,1
going,1
nevertheless,1
subsequent,1
man,1
placing,1
dead,1
called,1
ethos,1
brokers,1
place,1
advances,1
never,1
hispanic,1
bowie,1
took,1
beginning,1
everyday,1
honoring,1
buttressed,1
system,1
remarkable,1
understood,1
planes,1
equal,1
defending,1
signs,1
ary,1
economy,1
johns,1
aspects,1
activist,1
existing,1
forums,1
whether,1
ch,1
viewed,1
nationalist,1
commemorating,1
michael,1
oversimplifies,1
british,1
case,1
employs,1
suspect,1
scale,1
empty,1
character,1
russell,1
blind,1
placed,1
unmaking,1
dissemination,1
existence,1
xvii,1
your,1
sociologist,1
firmly,1
today,1
merle,1
identities,1
persian,1
anthology,1
exploration,1
routledge,1
wide,1
triumph,1
captures,1
televised,1
odds,1
hopkins,1
depictions,1
spontaneity,1
mass,1
steered,1
lamme,1
incorporate,1
presentation,1
right,1
project,1
imagine,1
weston,1
jim,1
representations,1
well,1
produce,1
vacationtrips,1
design,1
interpreting,1
memorial,1
provincial,1
smallscale,1
offensive,1
anna,1
independence,1
murals,1
acknowledgment,1
felt,1
commemorations,1
unequal,1
classes,1
private,1
knotted,1
contain,1
situated,1
mythic,1
used,1
tracing,1
administration,1
characterize,1
father,1
tabor,1
drive,1
popular,1
extent,1
bolster,1
made,1
stimulated,1
cio,1
program,1
insight,1
consumers,1
stuck,1
hundred,1
eighteenth,1
winners,1
terence,1
arenas,1
usa,1
heart,1
future,1
diss,1
recognition,1
multiple,1
four,1
ranger,1
story,1
characterization,1
billiondollar,1
hereditary,1
alguhon,1
contracts,1
visitors,1
city,1
intelligent,1
example,1
mosse,1
vision,1
focusing,1
strongly,1
apparent,1
fluorescence,1
downplays,1
play,1
became,1
republic,1
along,1
homeland,1
buy,1
expand,1
gender,1
caught,1
minority,1
raphael,1
persists,1
hungry,1
memoire,1
went,1
aren,1
use,1
realm,1
transcontinental,1
introduction,1
largely,1
picnic,1
collection,1
emphasizing,1
belly,1
behavior,1
describes,1
assume,1
issues,1
allows,1
indianapolis,1
exist,1
labor,1
businessperson,1
skyway,1
being,1
closes,1
militarism,1
think,1
hitchhiker,1
central,1
thus,1
retaining,1
rituals,1
our,1
g,1
documented,1
examinations,1
eric,1
personal,1
buying,1
review,1
ronald,1
office,1
regional,1
connected,1
plurality,1
gladding,1
anything,1
pennsylvania,1
ultimately,1
washington,1
spring,1
de,1
caring,1
vii,1
distinctive,1
theme,1
celebrating,1
losers,1
development,1
league,1
nora,1
open,1
help,1
clear,1
urbana,1
patriots,1
illinois,1
anxiety,1
endangering,1
assumes,1
swimming,1
samuel,1
author,1
finally,1
broker,1
agent,1
newsletter,1
indoctrinate,1
good,1
change,1
published,1
creating,1
counter,1
contributors,1
europeanists,1
worded,1
wagonroad,1
actively,1
instead,1
gendered,1
macadamed,1
portray,1
although,1
define,1
d,1
building,1
period,1
sacredness,1
jr,1
cold,1
insisted,1
writers,1
shaping,1
suggest,1
topic,1
writer,1
pageantry,1
monocultural,1
next,1
course,1
television,1
raging,1
funds,1
theater,1
area,1
owned,1
commercially,1
napoleonic,1
segment,1
martin,1
defense,1
event,1
perished,1
developments,1
superintendent,1
lin,1
immigrants,1
iii,1
encompasses,1
usurped,1
every,1
several,1
concrete,1
visions,1
profits,1
offered,1
consensus,1
pearl,1
back,1
comeback,1
santa,1
bloody,1
pioneering,1
promote,1
response,1
serving,1
removing,1
governments,1
dollars,1
pike,1
uses,1
civic,1
young,1
become,1
research,1
massachusetts,1
narrow,1
combating,1
daedalus,1
climate,1
suddenly,1
compared,1
point,1
hills,1
anderson,1
thelen,1
torians,1
managed,1
participating,1
texts,1
when,1
postwar,1
explore,1
london,1
would,1
capitalism,1
directs,1
analyze,1
entire,1
dominance,1
hostage,1
abstractions,1
southwest,1
journal,1
abandoned,1
preserving,1
dear,1
desperate,1
occupation,1
least,1
booher,1
harried,1
traditions,1
concise,1
nothing,1
value,1
whites,1
society,1
embodied,1
yes,1
asked,1
doing,1
cheered,1
achieve,1
inform,1
influence,1
termed,1
jerusalem,1
paralleling,1
seemed,1
richly,1
art,1
eagerly,1
militaristic,1
selected,1
