WORDCOUNTS,WEIGHT
the,197
of,104
and,73
in,61
to,59
was,40
a,36
health,30
fever,28
yellow,28
that,26
disease,23
they,21
for,20
public,19
new,19
as,17
polio,17
were,16
it,15
epidemic,15
south,13
from,13
but,13
with,13
their,12
by,12
s,11
state,11
an,11
not,10
quarantine,10
had,8
did,8
p,8
against,8
officials,8
at,7
more,7
other,7
could,7
national,7
on,7
than,7
sanitation,6
she,6
science,6
who,6
dirt,6
american,6
one,6
is,6
most,6
diseases,6
children,6
both,6
city,6
this,6
he,5
scientific,5
southern,5
federal,5
history,5
out,5
government,5
fight,5
made,5
became,5
its,5
like,5
so,5
states,5
when,5
even,5
deadly,4
or,4
physicians,4
these,4
two,4
board,4
roosevelt,4
what,4
reviews,4
them,4
orleans,4
however,4
victims,4
nation,4
etheridge,4
filth,4
years,4
have,4
commerce,4
be,4
humphreys,4
boards,3
threatened,3
battle,3
likely,3
york,3
no,3
been,3
wrote,3
how,3
lines,3
about,3
united,3
once,3
control,3
rogers,3
pp,3
university,3
linked,3
age,3
theory,3
mosquito,3
angel,3
june,3
also,3
all,3
scientists,3
those,3
form,3
writes,3
while,3
thoroughly,3
local,3
some,3
campaigns,3
press,3
cleanliness,3
during,3
germs,3
which,3
surely,3
held,3
ellis,3
century,3
germ,3
cases,3
keep,3
research,3
businessmen,3
does,2
done,2
way,2
faith,2
fell,2
memphis,2
carried,2
if,2
devastating,2
within,2
five,2
across,2
service,2
epidemics,2
primarily,2
fdr,2
seen,2
invader,2
lives,2
slums,2
study,2
responsible,2
support,2
means,2
brunswick,2
suffered,2
gathered,2
under,2
protection,2
into,2
occurred,2
flies,2
before,2
believed,2
n,2
weak,2
w,2
first,2
regional,2
only,2
else,2
cuba,2
plight,2
index,2
book,2
give,2
death,2
water,2
j,2
efforts,2
cartoon,2
best,2
medicine,2
time,2
hospital,2
deal,2
reacted,2
mosquitoes,2
shield,2
there,2
last,2
better,2
never,2
turned,2
do,2
though,2
war,2
cause,2
existence,2
belief,2
books,2
possibility,2
killed,2
too,2
work,2
knew,2
researchers,2
medical,2
x,2
elizabeth,2
findings,2
port,2
controlling,2
where,2
year,2
used,2
sign,2
people,2
victim,2
statistics,2
nothing,2
away,2
north,2
poliomyelitis,2
own,2
clear,2
margaret,2
moral,2
weeks,2
twentieth,2
points,2
naomi,2
hurt,2
essay,2
social,2
newly,2
successful,2
flexner,2
spread,2
after,2
rutgers,2
nor,2
involved,2
old,2
ships,2
class,2
point,2
succeeded,2
marine,2
early,2
entire,2
world,2
among,2
notes,2
famous,2
responsibility,2
broader,2
attention,2
moved,2
activities,2
society,2
using,1
inspection,1
may,1
resolve,1
researched,1
given,1
failed,1
rights,1
hosts,1
instead,1
therefore,1
poor,1
explanations,1
led,1
imperialistic,1
appropriation,1
urged,1
off,1
fly,1
backward,1
diagnostic,1
whose,1
demand,1
deny,1
absorbing,1
longwood,1
frequent,1
mexico,1
note,1
without,1
unravel,1
mysterious,1
guarded,1
letters,1
etiological,1
elevate,1
inadequacy,1
stricter,1
swat,1
imported,1
appearances,1
ideology,1
upside,1
emerson,1
claimed,1
watchmen,1
resisted,1
delano,1
sort,1
truth,1
everyone,1
randomly,1
extend,1
months,1
stopped,1
relentlessly,1
responsibilities,1
struggled,1
nearly,1
hideyo,1
notion,1
process,1
nemesis,1
therapies,1
appearance,1
lost,1
ills,1
prove,1
emerita,1
hers,1
still,1
team,1
assumptions,1
intervention,1
make,1
risk,1
purgatives,1
effectively,1
coffee,1
earlier,1
fumigation,1
standing,1
passengers,1
viewed,1
anxious,1
direct,1
doubted,1
ipso,1
enacted,1
often,1
effective,1
confidence,1
danger,1
echoed,1
kill,1
refused,1
existed,1
ward,1
formed,1
second,1
authority,1
motto,1
true,1
trains,1
motivation,1
h,1
citizens,1
disinfect,1
americans,1
wake,1
puncture,1
sailors,1
win,1
happened,1
modern,1
carelessness,1
favor,1
microscope,1
bad,1
jarring,1
counterparts,1
immigrant,1
message,1
carriera,1
photographs,1
nerve,1
technology,1
spirit,1
greater,1
workings,1
exposure,1
consider,1
acceptance,1
trace,1
flexibility,1
entry,1
neither,1
river,1
established,1
then,1
cholera,1
meant,1
unlike,1
laymedical,1
home,1
watchword,1
railroad,1
incontrovertible,1
holding,1
thinking,1
latin,1
constant,1
inventions,1
director,1
professor,1
antebellum,1
remedy,1
same,1
newcomer,1
bay,1
something,1
impact,1
bottles,1
humphrey,1
reasoning,1
bitten,1
terrifying,1
largest,1
wisconsin,1
must,1
hoping,1
alien,1
test,1
experience,1
provide,1
blaming,1
preventives,1
ever,1
cargo,1
bar,1
anything,1
synonymous,1
known,1
beyond,1
picture,1
lifelong,1
published,1
harper,1
longer,1
followed,1
sources,1
long,1
outbreak,1
intercourse,1
destroying,1
certainly,1
noguchi,1
salk,1
wartime,1
vaccine,1
cartoonists,1
etiology,1
creation,1
patients,1
here,1
interests,1
conceal,1
set,1
endemic,1
hit,1
care,1
business,1
bright,1
evidence,1
rested,1
headed,1
wickedimmigrant,1
know,1
toward,1
again,1
decades,1
others,1
appalled,1
ran,1
pictured,1
natural,1
pellagra,1
appear,1
familiar,1
retraces,1
promote,1
power,1
invading,1
disappeared,1
towns,1
emerged,1
image,1
each,1
ourselves,1
salubrious,1
country,1
crippling,1
proponents,1
paper,1
blamed,1
moving,1
result,1
tear,1
tuberculosis,1
wayward,1
pestilence,1
shows,1
auxiliary,1
fulcrum,1
shaped,1
idea,1
consideration,1
believe,1
professionals,1
areas,1
down,1
aloft,1
lessen,1
emblazoned,1
untrustworthy,1
found,1
any,1
jewish,1
entering,1
great,1
called,1
appeared,1
lies,1
right,1
domestic,1
regulation,1
four,1
attempt,1
sick,1
eventually,1
effort,1
might,1
changed,1
cure,1
benighted,1
supplies,1
susceptible,1
john,1
immune,1
enemy,1
mississippi,1
launched,1
everything,1
contemporary,1
proved,1
contends,1
resulting,1
take,1
associations,1
cities,1
captured,1
anomalous,1
achieved,1
innumerable,1
rural,1
cooperated,1
bands,1
bloodletting,1
treatment,1
infected,1
emphasized,1
pure,1
beginning,1
principal,1
fled,1
poverty,1
conventional,1
alike,1
institute,1
nineteenth,1
theodore,1
economy,1
behind,1
johns,1
philanthropy,1
investment,1
march,1
transmitted,1
combined,1
armed,1
orthodoxy,1
smallpox,1
discord,1
system,1
making,1
stance,1
defense,1
applied,1
particular,1
necessary,1
wealth,1
dancing,1
metaphor,1
advocates,1
problematic,1
hoped,1
destruction,1
perhaps,1
refuge,1
ceased,1
virginia,1
virus,1
college,1
milk,1
enough,1
his,1
problem,1
has,1
key,1
wide,1
ordinary,1
avid,1
commercial,1
advice,1
admittedly,1
hopkins,1
sought,1
compete,1
facts,1
america,1
healthy,1
valleys,1
bibliographic,1
cloth,1
well,1
remained,1
civilized,1
argues,1
jack,1
keeping,1
percent,1
simon,1
restoring,1
italian,1
possible,1
distinguish,1
protected,1
apt,1
threat,1
hundreds,1
enforcement,1
aptly,1
extended,1
temperance,1
illustrate,1
middle,1
vessels,1
scope,1
player,1
remedies,1
army,1
organisms,1
upon,1
maritime,1
alone,1
clean,1
associated,1
classes,1
servant,1
communities,1
apart,1
region,1
brought,1
agencies,1
met,1
story,1
supply,1
except,1
through,1
eighty,1
altogether,1
civil,1
depended,1
paralytic,1
dirty,1
department,1
regulate,1
facto,1
subject,1
financed,1
looked,1
respectable,1
personally,1
empirical,1
lumbar,1
minimum,1
transportable,1
largely,1
gave,1
commodities,1
recounts,1
paints,1
older,1
results,1
place,1
families,1
phenomenon,1
sanitary,1
funded,1
ideas,1
important,1
ethnic,1
conflict,1
rallying,1
precision,1
rockefeller,1
laboratory,1
franklin,1
named,1
personal,1
weekly,1
preventable,1
depraved,1
lone,1
privies,1
haven,1
expressed,1
theories,1
sanitarians,1
disorder,1
until,1
ineffectiveness,1
explained,1
charge,1
unable,1
president,1
prestige,1
strengthened,1
skills,1
bananas,1
discovered,1
since,1
defender,1
interpreted,1
hordes,1
charts,1
ailments,1
beliefs,1
either,1
epidemiologists,1
author,1
finally,1
quarantines,1
trauma,1
farmville,1
interest,1
tool,1
domain,1
homes,1
offer,1
accused,1
vigilance,1
times,1
brush,1
hookworm,1
physician,1
caused,1
isolating,1
hard,1
dangerous,1
field,1
diminish,1
general,1
nonparalytic,1
function,1
insisted,1
product,1
hardly,1
revolution,1
unhealthy,1
supernatural,1
worthiness,1
mild,1
attributes,1
vanished,1
piece,1
course,1
forced,1
clues,1
kind,1
order,1
tinged,1
kept,1
dimes,1
anyone,1
standard,1
transportability,1
ignorance,1
blinded,1
destroyed,1
immigrants,1
campaign,1
sole,1
t,1
manifestly,1
godliness,1
several,1
axiom,1
depend,1
purveyor,1
sentiment,1
few,1
problems,1
back,1
sentinel,1
causing,1
highly,1
phs,1
trying,1
imaginative,1
ill,1
between,1
eyes,1
offering,1
third,1
bacteriological,1
agency,1
dramatic,1
themselves,1
mystery,1
gate,1
protect,1
compared,1
guardian,1
tactics,1
centers,1
rate,1
prerogatives,1
ohio,1
visible,1
child,1
tracks,1
up,1
diphtheria,1
probably,1
necessity,1
little,1
tactic,1
develop,1
because,1
focus,1
much,1
paid,1
forefront,1
colleague,1
strong,1
saw,1
whenever,1
drew,1
recent,1
demonstrated,1
value,1
caution,1
provided,1
louisiana,1
asked,1
generation,1
immunity,1
wellcared,1
newfangled,1
showed,1
jealous,1
rest,1
stigma,1
convincingly,1
competed,1
copying,1
reformer,1
major,1
serum,1
knowledge,1
seemed,1
unwittingly,1
infants,1
next,1
