WORDCOUNTS,WEIGHT
the,278
of,200
and,103
in,93
a,84
to,84
that,53
s,53
as,53
property,45
madison,44
is,41
nedelsky,33
for,32
not,30
it,24
an,24
but,24
on,24
he,23
was,23
his,23
would,22
rights,21
or,21
government,21
which,21
p,20
by,19
be,19
american,18
federalist,18
from,18
political,16
pp,15
constitution,15
no,14
she,13
with,12
protection,12
its,12
system,12
interest,12
wilson,11
liberty,11
madisonian,11
society,11
at,10
republican,10
who,10
more,10
law,10
majority,10
because,10
people,10
their,9
over,9
man,9
ed,9
her,9
were,9
such,9
have,9
history,8
did,8
see,8
constitutional,8
constitutionalism,8
own,8
may,7
faculties,7
within,7
they,7
also,7
power,7
public,7
private,7
republic,7
this,7
limits,6
vision,6
might,6
first,6
had,6
end,6
those,6
what,6
them,6
problem,6
unequal,6
both,6
limitations,6
james,6
even,6
factions,6
morris,6
among,6
democracy,5
how,5
possession,5
one,5
citizens,5
into,5
t,5
other,5
view,5
all,5
are,5
could,5
whether,5
persons,5
has,5
original,5
participation,5
some,5
values,5
partly,5
legislation,5
so,5
convention,5
lofgren,5
nor,5
promote,5
than,5
faction,5
does,4
if,4
ways,4
basic,4
about,4
meant,4
us,4
said,4
founding,4
principles,4
right,4
forms,4
men,4
reviews,4
proposals,4
while,4
march,4
outcome,4
politics,4
understanding,4
i,4
object,4
point,4
part,4
example,4
framework,4
central,4
argument,4
national,4
need,4
states,4
self,4
between,4
enlightened,4
we,4
sure,3
various,3
act,3
faith,3
growth,3
institutions,3
still,3
make,3
yet,3
federal,3
thought,3
intent,3
university,3
mcdonald,3
threat,3
these,3
most,3
two,3
interests,3
decades,3
natural,3
shows,3
fundamental,3
out,3
kesler,3
quoted,3
culture,3
assessment,3
state,3
further,3
form,3
sovereignty,3
conclusion,3
perhaps,3
free,3
really,3
rests,3
produce,3
basis,3
protected,3
popular,3
mutual,3
individual,3
civil,3
whole,3
issues,3
originate,3
bounded,3
against,3
moral,3
institutional,3
thus,3
good,3
review,3
course,3
diversity,3
document,3
charles,3
sense,3
become,3
structure,3
including,3
develop,3
focus,3
saw,3
general,3
virtue,3
attacks,2
distribution,2
book,2
farrand,2
moreover,2
role,2
added,2
whose,2
essential,2
veneration,2
without,2
protecting,2
continued,2
influence,2
been,2
rakove,2
defenders,2
idea,2
ordinary,2
defined,2
exercise,2
notion,2
got,2
federalism,2
selection,2
kinds,2
use,2
single,2
united,2
congressional,2
democratic,2
authority,2
respect,2
support,2
means,2
itself,2
security,2
acquisition,2
modern,2
soon,2
spirit,2
index,2
necessarily,2
then,2
any,2
elsewhere,2
just,2
same,2
n,2
contested,2
house,2
source,2
needs,2
records,2
lower,2
common,2
robert,2
social,2
wrong,2
long,2
neither,2
structures,2
challenge,2
presupposition,2
know,2
meaning,2
intellectual,2
each,2
uses,2
only,2
true,2
best,2
leaders,2
punctuation,2
plan,2
regard,2
speech,2
choice,2
rich,2
thurow,2
concludes,2
debates,2
features,2
number,2
jennifer,2
republicanism,2
observes,2
understood,2
particular,2
lead,2
papers,2
welfare,2
making,2
well,2
takes,2
however,2
judicial,2
guarantee,2
eds,2
outlet,2
require,2
secure,2
undermined,2
design,2
jack,2
another,2
replacement,2
status,2
suggests,2
balance,2
generate,2
made,2
insight,2
characteristic,2
r,2
say,2
except,2
through,2
conception,2
press,2
became,2
related,2
supreme,2
feared,2
minority,2
surprise,2
extended,2
realm,2
during,2
needed,2
pyramid,2
collective,2
representation,2
human,2
regarding,2
think,2
conflict,2
our,2
economic,2
dependence,2
involves,2
commercial,2
inevitable,2
run,2
twentieth,2
regarded,2
offer,2
legacy,2
times,2
although,2
allowed,2
successful,2
define,2
claremont,2
him,2
century,2
supposes,2
off,2
earlier,2
underlying,2
veto,2
offered,2
especially,2
specific,2
problems,2
potential,2
took,2
forrest,2
contestants,2
rossiter,2
boundaries,2
chicago,2
accordingly,2
blessings,2
can,2
debate,2
diamond,2
when,2
views,2
element,2
education,2
propertyless,2
here,2
recent,2
notes,2
contrast,2
court,2
justice,2
rossum,2
premise,1
limiting,1
increasing,1
courts,1
purer,1
grumpy,1
fails,1
final,1
resolve,1
promised,1
difficult,1
enough,1
porreviews,1
failed,1
late,1
statesmen,1
operation,1
transcended,1
reconcileable,1
unabashedly,1
edition,1
filtrated,1
liberalism,1
progeny,1
led,1
nonnatural,1
paused,1
likely,1
philadelphia,1
aristocracy,1
fortunate,1
adequate,1
competition,1
doubts,1
deny,1
m,1
genuinely,1
give,1
note,1
matter,1
absence,1
marc,1
mak,1
operations,1
lot,1
fairly,1
important,1
schambra,1
rather,1
guarded,1
dilemma,1
sets,1
will,1
sometimes,1
indicated,1
purely,1
crucial,1
l,1
commentary,1
privately,1
main,1
interpenetration,1
arising,1
outsiders,1
short,1
jettisoning,1
arena,1
irreducible,1
created,1
debated,1
bound,1
foster,1
actuated,1
insiders,1
foray,1
subject,1
servative,1
reconsideration,1
limited,1
everyone,1
return,1
explicates,1
elaborating,1
theories,1
explicit,1
precisely,1
fruit,1
recognizes,1
college,1
framing,1
centralization,1
interdependence,1
voters,1
concern,1
surest,1
lost,1
reduce,1
variety,1
attempt,1
community,1
analyzes,1
indicates,1
strongly,1
above,1
pointed,1
arrangements,1
inequalities,1
miss,1
bill,1
coerce,1
proportion,1
after,1
understand,1
systemic,1
legal,1
threaten,1
importantly,1
translates,1
sarah,1
position,1
went,1
initially,1
b,1
lamented,1
recognize,1
group,1
reminding,1
interesting,1
derived,1
simultaneously,1
complex,1
confidence,1
ongoing,1
partially,1
conflicts,1
hold,1
skeptical,1
standpoint,1
unavoidably,1
life,1
class,1
montesquieu,1
acquisitive,1
positive,1
introductory,1
often,1
professors,1
agency,1
myth,1
elaborated,1
illuminating,1
kill,1
designed,1
august,1
summarized,1
underscores,1
origins,1
fully,1
surprising,1
thinker,1
ing,1
reducing,1
relied,1
puzzling,1
interpretation,1
centuries,1
attainment,1
enthronement,1
americans,1
adequately,1
tapping,1
inconsistent,1
category,1
suited,1
easily,1
lawmakers,1
read,1
win,1
yates,1
candidate,1
genius,1
valeo,1
old,1
publius,1
unanticipated,1
later,1
attachment,1
wanted,1
freeing,1
marks,1
definitive,1
tensions,1
ranges,1
matters,1
likelihood,1
detail,1
founders,1
claims,1
govern,1
sorts,1
w,1
legitimate,1
perceived,1
harmony,1
familiar,1
benefits,1
statesmanship,1
separate,1
enshrined,1
suggestions,1
premises,1
encourage,1
assimilation,1
included,1
inequality,1
evaluating,1
alternately,1
entrenched,1
last,1
fathers,1
mutability,1
candor,1
spoke,1
light,1
thoughtfulness,1
section,1
allocation,1
elected,1
detailing,1
always,1
believed,1
undergird,1
impulse,1
interfering,1
invariably,1
acuity,1
arguing,1
articulated,1
declares,1
revision,1
nonetheless,1
necessity,1
glances,1
meaningless,1
argued,1
given,1
underscore,1
invalidating,1
upper,1
interestingly,1
already,1
subtly,1
mercantile,1
circumstances,1
parties,1
defining,1
show,1
test,1
avers,1
simply,1
provokes,1
extensive,1
toronto,1
acknowledges,1
superior,1
generated,1
allows,1
digesting,1
determinants,1
consistent,1
word,1
beside,1
rise,1
extension,1
e,1
unjustly,1
vietnam,1
follow,1
passion,1
beyond,1
independent,1
polar,1
ch,1
ellsworth,1
followed,1
constructed,1
underway,1
generally,1
definitions,1
disguise,1
ralph,1
party,1
every,1
provide,1
members,1
theorist,1
autonomy,1
text,1
collapse,1
infringe,1
vagaries,1
puts,1
clinton,1
permanent,1
answers,1
sustained,1
injustice,1
striking,1
comparison,1
helped,1
implications,1
locke,1
attempts,1
forty,1
rested,1
seclorum,1
toward,1
others,1
drawing,1
influential,1
body,1
assist,1
put,1
paragraph,1
allow,1
worked,1
principle,1
emerged,1
flat,1
marshall,1
commonplace,1
taking,1
many,1
thwart,1
opponents,1
whereas,1
incapacities,1
behaviour,1
j,1
destroy,1
nature,1
turn,1
ban,1
experiments,1
expressed,1
officials,1
speaks,1
words,1
definition,1
my,1
different,1
engaged,1
novel,1
fact,1
framer,1
delineation,1
d,1
seriously,1
shaped,1
unambiguously,1
process,1
extent,1
treatment,1
higher,1
scholars,1
murky,1
explores,1
secondary,1
down,1
cumulative,1
tolerate,1
purport,1
entitlements,1
incidentally,1
instability,1
conservative,1
felt,1
unchangeable,1
promulgators,1
great,1
display,1
ought,1
issuewhich,1
typical,1
flawed,1
developed,1
whatever,1
seconded,1
regulation,1
capacity,1
ratification,1
multiplicity,1
proportional,1
post,1
foundation,1
time,1
teases,1
concluding,1
rule,1
imperio,1
xiii,1
clearly,1
wealth,1
dodges,1
susceptible,1
expression,1
themselves,1
composition,1
infringement,1
goods,1
clause,1
sensed,1
scheme,1
constant,1
nurturing,1
resulting,1
previous,1
take,1
real,1
mcdowell,1
historical,1
emerge,1
prevail,1
proclaiming,1
nevertheless,1
find,1
distinctive,1
baumgartner,1
liberties,1
placing,1
foundations,1
creation,1
base,1
serious,1
passage,1
respects,1
term,1
honor,1
oliver,1
overlooked,1
acquiring,1
faithful,1
person,1
readers,1
accurately,1
plattner,1
trouble,1
following,1
clarity,1
do,1
universal,1
v,1
equally,1
highlights,1
ratified,1
principal,1
defend,1
william,1
remarkable,1
equal,1
behavior,1
succeeded,1
tamed,1
reading,1
where,1
committed,1
war,1
f,1
gary,1
couldn,1
johns,1
carefully,1
graduate,1
accepted,1
receives,1
forums,1
implicit,1
relevant,1
viewed,1
terms,1
population,1
stability,1
less,1
answer,1
cannot,1
accounts,1
case,1
council,1
jefferson,1
issue,1
varying,1
side,1
rising,1
necessary,1
otherwise,1
priori,1
leveling,1
governmental,1
pretty,1
incursions,1
passed,1
tension,1
unmediated,1
george,1
mere,1
woman,1
quotations,1
saving,1
writes,1
instrumental,1
owing,1
distancing,1
hamilton,1
goldwin,1
historians,1
albeit,1
mccoy,1
formulation,1
arises,1
amounting,1
approvingly,1
task,1
money,1
draws,1
gives,1
adverse,1
hopkins,1
reflected,1
sought,1
try,1
attaining,1
eliminate,1
wants,1
america,1
distortions,1
grasps,1
complementary,1
variegated,1
early,1
reminds,1
cooke,1
gained,1
information,1
indifference,1
skillfully,1
account,1
having,1
almost,1
voter,1
agreed,1
emphasis,1
judiciary,1
competent,1
marked,1
qualification,1
prevent,1
justly,1
revealed,1
activity,1
associates,1
hamper,1
spending,1
literature,1
campaigns,1
work,1
drive,1
push,1
success,1
buckley,1
relatedly,1
invigorate,1
speculation,1
favored,1
alter,1
prove,1
ordo,1
intends,1
level,1
range,1
john,1
hints,1
helps,1
careful,1
reader,1
concept,1
formal,1
pass,1
financial,1
met,1
little,1
drew,1
arose,1
very,1
introduced,1
ignores,1
altogether,1
nonrestrictive,1
resources,1
retains,1
laws,1
apparent,1
inevitability,1
dynamic,1
constrained,1
convinced,1
tenure,1
himself,1
disingenuous,1
positions,1
durable,1
though,1
undermining,1
under,1
step,1
inviolable,1
worst,1
controls,1
controlling,1
entirely,1
fostering,1
mythic,1
bundle,1
engage,1
gave,1
directed,1
contribute,1
freedom,1
prevailed,1
filling,1
largely,1
paradigm,1
discussions,1
place,1
annoys,1
summarizes,1
manufacturing,1
policies,1
closer,1
factor,1
trayed,1
challenges,1
congress,1
exceptionally,1
ideas,1
colleges,1
being,1
participated,1
faculty,1
subtlety,1
key,1
max,1
landed,1
modernized,1
includes,1
accessible,1
voice,1
come,1
check,1
personal,1
buying,1
sees,1
vices,1
takings,1
institution,1
formation,1
monied,1
optimistic,1
relationships,1
historiographic,1
endorsed,1
shown,1
tradition,1
described,1
realism,1
monopoly,1
won,1
low,1
development,1
difference,1
interested,1
quality,1
supposedly,1
imperium,1
clear,1
bent,1
sanderson,1
adjournment,1
declaration,1
carey,1
objective,1
envisaged,1
count,1
redistribution,1
institutionalization,1
either,1
assignment,1
insuring,1
disguised,1
multitude,1
obtaining,1
author,1
charge,1
agreement,1
subtle,1
sustain,1
doctrine,1
essay,1
makes,1
completed,1
interpreting,1
curtailment,1
ut,1
tough,1
ability,1
bootstrap,1
harm,1
solution,1
least,1
instead,1
hid,1
controversies,1
conlofgren,1
include,1
judges,1
statesman,1
characterized,1
insure,1
like,1
democratically,1
fellow,1
captured,1
revolution,1
parallels,1
things,1
leisure,1
rooted,1
grew,1
expected,1
attributes,1
next,1
echo,1
effects,1
obtained,1
held,1
affairs,1
espoused,1
order,1
devise,1
seeks,1
attempted,1
accurate,1
pedigree,1
anyone,1
thing,1
substantive,1
grapple,1
losing,1
preservation,1
quite,1
measured,1
martin,1
emerging,1
event,1
remains,1
shift,1
theorists,1
around,1
better,1
favor,1
direction,1
neutral,1
roughly,1
balancing,1
why,1
opposition,1
perspective,1
changes,1
patterns,1
wasn,1
writings,1
gouverneur,1
propertyrights,1
depend,1
few,1
profound,1
science,1
lodging,1
besides,1
revealing,1
requires,1
transfer,1
extraordinary,1
votes,1
civic,1
removing,1
endeavor,1
presumes,1
astuteness,1
endnotes,1
fullest,1
protect,1
protested,1
rejection,1
left,1
effective,1
jacob,1
tended,1
preexisting,1
truly,1
whatsoever,1
heighten,1
beginning,1
create,1
commission,1
unequivocally,1
subverting,1
texts,1
inconsiderable,1
up,1
working,1
cofounder,1
instance,1
stimulating,1
hume,1
probings,1
novus,1
departments,1
much,1
variation,1
mckenna,1
versus,1
citizenry,1
employees,1
schaub,1
structured,1
simplistic,1
guard,1
value,1
should,1
broader,1
finds,1
informed,1
shall,1
shifted,1
attention,1
moved,1
aggregate,1
valuable,1
permit,1
sophistication,1
quibble,1
concluded,1
widely,1
virtuous,1
twists,1
decision,1
deeper,1
expenditure,1
unvarnished,1
capitalistic,1
suggestive,1
