WORDCOUNTS,WEIGHT
the,154
of,115
and,84
in,56
a,42
jewish,36
american,34
to,33
jews,23
for,20
as,19
is,19
sachar,19
not,17
that,15
on,15
with,14
s,13
identity,12
ethnicity,12
an,12
or,11
america,11
he,10
but,10
by,10
at,9
israel,9
its,9
even,9
about,8
history,8
are,8
new,8
there,8
this,8
more,7
which,7
we,7
than,7
does,6
who,6
alone,6
community,6
from,6
other,6
important,6
cultural,6
some,6
holocaust,6
have,6
us,5
these,5
social,5
all,5
many,5
religion,5
has,5
people,5
zionism,5
through,5
it,4
if,4
meaning,4
culture,4
sorin,4
also,4
great,4
i,4
war,4
hertzberg,4
appears,4
including,4
civil,4
judaism,4
jewry,4
states,4
european,3
york,3
his,3
revival,3
rescue,3
their,3
life,3
united,3
stephen,3
resurgence,3
had,3
any,3
same,3
without,3
most,3
questions,3
m,3
steven,3
feingold,3
p,3
time,3
events,3
arthur,3
state,3
do,3
beginning,3
henry,3
political,3
what,3
secular,3
reviews,3
be,3
well,3
chapter,3
politics,3
example,3
survival,3
only,3
least,3
pluralism,3
unity,3
immigrants,3
david,3
especially,3
june,3
cohen,3
can,3
early,3
up,3
enough,2
spirituality,2
gerald,2
higham,2
no,2
organizations,2
rather,2
groups,2
continuing,2
vision,2
commitment,2
gans,2
decades,2
nearly,2
presentation,2
combined,2
orthodoxy,2
one,2
pages,2
moreover,2
howe,2
interpretation,2
get,2
itself,2
pp,2
struggle,2
modern,2
immigrant,2
university,2
durability,2
thesis,2
into,2
home,2
consciousness,2
inventory,2
series,2
until,2
recently,2
department,2
first,2
rise,2
theme,2
ethnics,2
volume,2
members,2
elazar,2
was,2
challenge,2
ii,2
over,2
each,2
efforts,2
communal,2
lack,2
book,2
scholars,2
inherent,2
reform,2
end,2
within,2
roosevelt,2
late,2
daniel,2
nazism,2
wyman,2
abraham,2
takes,2
however,2
perhaps,2
berman,2
directly,2
vol,2
howard,2
compelling,2
discussion,2
work,2
made,2
john,2
concept,2
little,2
purpose,2
very,2
altogether,2
two,2
role,2
historic,2
prophetic,2
unmeltable,2
during,2
attack,2
ethnic,2
irving,2
chapters,2
come,2
were,2
formation,2
moral,2
twentieth,2
author,2
aaron,2
external,2
like,2
would,2
century,2
steinberg,2
given,2
diaspora,2
renewal,2
forms,2
family,2
several,2
between,2
myers,2
third,2
look,2
much,2
structured,2
evidence,2
generation,2
immigration,2
narrative,2
intermarriage,2
justice,2
increasing,1
tragically,1
woven,1
set,1
final,1
may,1
promised,1
seems,1
will,1
democracy,1
rights,1
depth,1
go,1
survived,1
ending,1
liberalism,1
alive,1
acculturation,1
relationship,1
islamic,1
israeli,1
second,1
alleged,1
republic,1
americans,1
me,1
whose,1
page,1
absorbing,1
hegemony,1
give,1
limits,1
russian,1
materials,1
entitled,1
overflowing,1
phillip,1
later,1
implying,1
karp,1
critical,1
been,1
five,1
soviet,1
corruption,1
rabbi,1
synthesis,1
fraud,1
ministry,1
remain,1
fackenheim,1
fear,1
basic,1
begin,1
return,1
novak,1
subheadings,1
widespread,1
obituary,1
worthy,1
intriguing,1
fruition,1
becomes,1
implies,1
dimensions,1
secularization,1
prove,1
exerts,1
corollaries,1
bert,1
dealt,1
force,1
earlier,1
experiences,1
passing,1
yiddish,1
remaining,1
steeped,1
movement,1
large,1
interesting,1
southern,1
countries,1
balanced,1
complex,1
ongoing,1
partially,1
religious,1
sanctuary,1
myth,1
mobility,1
disappear,1
mostly,1
superb,1
essays,1
lay,1
picked,1
adam,1
transform,1
chronicle,1
intensity,1
racism,1
motivation,1
yet,1
ways,1
centuries,1
yezierska,1
beachhead,1
promise,1
send,1
liebman,1
jonathan,1
worlds,1
makes,1
conformed,1
paltz,1
emil,1
predict,1
albert,1
vastly,1
garnered,1
vacuousness,1
sephardic,1
threat,1
door,1
detail,1
position,1
vitally,1
neither,1
sections,1
revitalization,1
ancient,1
underestimate,1
familiar,1
minor,1
share,1
assimilation,1
denominationalism,1
emergence,1
homogeneous,1
fifteen,1
stretches,1
thinking,1
liberal,1
nineteenth,1
something,1
welfare,1
articulated,1
migration,1
nonetheless,1
russians,1
source,1
times,1
version,1
ignorance,1
changing,1
faith,1
insights,1
must,1
four,1
negative,1
experience,1
simply,1
superior,1
said,1
common,1
ugly,1
robert,1
riesman,1
longer,1
physical,1
echoes,1
consequence,1
every,1
embraced,1
ambivalence,1
jewishness,1
certainly,1
inexorable,1
lucid,1
exploitation,1
tour,1
organizational,1
here,1
plight,1
achieving,1
index,1
heritage,1
omission,1
syntheses,1
power,1
stated,1
elan,1
stories,1
hollow,1
know,1
again,1
might,1
textured,1
generated,1
glowing,1
intellectual,1
commanded,1
action,1
marshall,1
thinks,1
addition,1
expendable,1
firmly,1
reconstructionism,1
americanization,1
paternalism,1
tradition,1
anecdotal,1
intricately,1
words,1
definition,1
multiculturalism,1
abandonment,1
depression,1
unifying,1
subject,1
outside,1
whom,1
save,1
historians,1
resentment,1
europe,1
wide,1
head,1
messianism,1
leaders,1
usually,1
uneasy,1
mightily,1
bellah,1
denominational,1
called,1
feminism,1
current,1
philanthropy,1
treatments,1
insightful,1
fully,1
lived,1
manifested,1
vibrant,1
out,1
energetic,1
encounter,1
larger,1
found,1
able,1
described,1
clearly,1
theology,1
tells,1
hundred,1
far,1
radical,1
everything,1
contemporary,1
doubt,1
insisting,1
real,1
debt,1
golden,1
listing,1
search,1
struggles,1
failures,1
embrace,1
imbroglio,1
works,1
living,1
honor,1
merely,1
never,1
hint,1
date,1
sacred,1
those,1
dismissed,1
activism,1
remarkable,1
though,1
california,1
reaffirmation,1
reading,1
where,1
johns,1
women,1
stopped,1
terms,1
invariably,1
symbols,1
celebrated,1
persons,1
michael,1
less,1
reinforce,1
horace,1
making,1
references,1
case,1
defended,1
particular,1
side,1
placed,1
intensely,1
judah,1
add,1
focusing,1
existence,1
rich,1
despite,1
perceives,1
alfred,1
spiritual,1
resilience,1
chronologically,1
masterly,1
belief,1
debate,1
problem,1
east,1
extent,1
cogently,1
mush,1
public,1
triumph,1
gives,1
counterpart,1
seventies,1
warned,1
hopkins,1
while,1
number,1
fundamentalism,1
explicitly,1
spectrum,1
wants,1
day,1
identifiable,1
religiosity,1
zion,1
unequivocally,1
failure,1
palestine,1
pacifism,1
balance,1
keeping,1
enrichment,1
too,1
richness,1
hasidic,1
suggests,1
future,1
marked,1
relief,1
urban,1
data,1
internalization,1
fad,1
administration,1
hammond,1
abroad,1
nucleus,1
place,1
substantive,1
sensitive,1
knopf,1
mutual,1
apogee,1
bibliography,1
varieties,1
overpessimistically,1
transplanted,1
underemphasize,1
range,1
hints,1
peoplehood,1
reader,1
recognition,1
throttled,1
brought,1
except,1
affecting,1
reflecting,1
introduced,1
visitors,1
synagogue,1
crooks,1
uncertain,1
calls,1
press,1
homeland,1
authentic,1
concern,1
magnes,1
ritual,1
ten,1
chronic,1
reminded,1
incremental,1
surprise,1
israelis,1
measure,1
use,1
substance,1
realm,1
contribute,1
says,1
refreshingly,1
fleeting,1
faint,1
formulating,1
mention,1
israelolatry,1
writing,1
repeatedly,1
human,1
central,1
nothing,1
wonderfully,1
compass,1
franklin,1
cowardice,1
throughout,1
chosen,1
raising,1
question,1
novels,1
express,1
haven,1
midstream,1
devoted,1
tell,1
influx,1
redemptionist,1
accuracy,1
israelism,1
theses,1
argument,1
facts,1
years,1
dynamics,1
development,1
both,1
ethical,1
significance,1
own,1
crises,1
my,1
clear,1
since,1
polity,1
woocher,1
three,1
quest,1
orthodox,1
discussed,1
comprehensive,1
notice,1
rewritten,1
de,1
crisis,1
course,1
americas,1
closing,1
judaic,1
land,1
price,1
labored,1
sweep,1
need,1
so,1
liars,1
kallen,1
socialist,1
reaffirmations,1
filled,1
practiced,1
after,1
emphasizes,1
melted,1
parallelism,1
segment,1
prologue,1
remains,1
nor,1
flourishing,1
exchange,1
curiously,1
small,1
halfmillion,1
influence,1
vorspan,1
ignore,1
charles,1
blacks,1
majestic,1
subjects,1
although,1
highly,1
qualities,1
anzia,1
six,1
difficulty,1
cahan,1
dramatic,1
served,1
reference,1
wise,1
charged,1
tended,1
sklare,1
fervor,1
core,1
part,1
find,1
sharing,1
always,1
analysis,1
commission,1
overarching,1
views,1
men,1
probably,1
gospel,1
differ,1
begs,1
dependent,1
focus,1
underbelly,1
world,1
counts,1
herbert,1
invented,1
factionalism,1
often,1
notes,1
pointing,1
should,1
building,1
loyalties,1
vain,1
arresting,1
am,1
activities,1
behalf,1
liturgical,1
richly,1
readable,1
ideologies,1
