WORDCOUNTS,WEIGHT
the,196
of,134
and,113
a,69
to,67
building,62
in,58
buildings,37
harris,33
for,32
s,29
with,24
that,24
as,21
their,20
these,19
p,19
by,18
history,17
it,14
life,14
or,14
historians,14
be,14
is,13
have,13
cultural,12
american,11
but,11
new,11
its,11
rituals,11
built,11
he,10
his,10
lives,10
they,10
could,10
has,10
people,10
on,10
how,9
rites,9
had,9
from,9
book,9
structures,9
an,9
century,9
at,8
been,8
visual,8
about,8
modern,8
into,8
also,8
like,8
managers,7
meaning,7
who,7
not,7
was,7
social,7
more,7
many,7
them,7
such,7
can,7
cycle,7
americans,6
environment,6
t,6
business,6
death,6
are,6
events,6
those,6
what,6
while,6
ceremonies,6
modem,6
structure,6
architecture,5
community,5
make,5
one,5
elaborate,5
university,5
all,5
swinth,5
reviews,5
form,5
material,5
design,5
another,5
urban,5
example,5
world,5
than,5
meanings,5
architectural,5
passages,5
when,5
much,5
critical,4
erie,4
practices,4
rather,4
builders,4
church,4
large,4
old,4
management,4
culture,4
nineteenth,4
sources,4
different,4
histories,4
larger,4
do,4
public,4
intermediaries,4
property,4
local,4
owners,4
place,4
this,4
workers,4
masons,4
canal,4
given,4
does,3
complex,3
often,3
use,3
illustrations,3
powerfully,3
understand,3
country,3
us,3
source,3
doesn,3
first,3
provide,3
set,3
important,3
neil,3
tourist,3
salvage,3
tax,3
shows,3
did,3
great,3
out,3
historical,3
integrate,3
written,3
biographies,3
where,3
halls,3
appears,3
terms,3
produced,3
cornerstones,3
require,3
chapter,3
some,3
politics,3
art,3
birth,3
courthouses,3
part,3
most,3
press,3
ritual,3
were,3
office,3
significance,3
progress,3
revolution,3
pages,3
june,3
between,3
become,3
construction,3
occasions,3
texts,3
conventions,3
chicago,3
notes,3
model,2
oddball,2
ranging,2
critics,2
kirsten,2
i,2
skyscrapers,2
general,2
side,2
woolworth,2
floor,2
way,2
corporate,2
suggestive,2
promotional,2
personnel,2
transition,2
offices,2
guides,2
ordinary,2
celebrate,2
end,2
house,2
connect,2
developers,2
janitors,2
preservation,2
structural,2
analysis,2
space,2
dedications,2
interpretation,2
pp,2
york,2
array,2
demolition,2
objects,2
claims,2
any,2
photographs,2
just,2
uses,2
professions,2
narratives,2
must,2
visitors,2
two,2
simply,2
extensive,2
warranted,2
fabric,2
origins,2
symbolic,2
act,2
organization,2
long,2
text,2
tour,2
here,2
questions,2
skyscraper,2
interests,2
concerns,2
water,2
character,2
opening,2
gone,2
across,2
tours,2
republicanism,2
preservationists,2
brochures,2
retrofitting,2
carol,2
particularly,2
served,2
other,2
there,2
audiences,2
import,2
elevators,2
political,2
heating,2
used,2
promoters,2
annual,2
designers,2
less,2
final,2
placed,2
shape,2
taught,2
u,2
day,2
conceit,2
representations,2
argues,2
generally,2
churches,2
examples,2
functions,2
made,2
occupy,2
albums,2
became,2
nation,2
enter,2
lecture,2
gave,2
aesthetics,2
records,2
work,2
human,2
services,2
amenities,2
forces,2
society,2
apparently,2
focuses,2
evidence,2
students,2
civic,2
lists,2
years,2
destruction,2
invisibility,2
development,2
cornerstone,2
own,2
enormously,2
national,2
points,2
interest,2
edifice,2
instead,2
pride,2
typically,2
sense,2
would,2
so,2
forced,2
order,2
guided,2
last,2
remains,2
around,2
specific,2
systems,2
constructing,2
symbol,2
explore,2
up,2
through,2
drawn,2
implication,2
even,2
sheriff,2
among,2
deeply,2
connections,2
specialists,2
appropriate,2
conveyed,2
value,2
professional,2
should,2
outright,2
groundbreaking,2
perfect,1
seems,1
racial,1
compendium,1
adulthood,1
wanamaker,1
discipline,1
marketing,1
inundated,1
surroundings,1
devotion,1
depth,1
articulates,1
trod,1
aspirations,1
republican,1
highlights,1
dead,1
builder,1
unofficial,1
respect,1
second,1
philadelphia,1
laboring,1
slides,1
disneyland,1
town,1
demand,1
page,1
itemizing,1
transformations,1
exhibition,1
projected,1
hine,1
imploding,1
implemented,1
steadily,1
lore,1
placement,1
deploys,1
scientific,1
later,1
estate,1
meatpacking,1
donor,1
polemical,1
names,1
willingly,1
spectacle,1
corruption,1
pittsburgh,1
populist,1
developed,1
stood,1
innovated,1
sans,1
bicentennial,1
inevitably,1
signs,1
commitment,1
birthing,1
catholic,1
anglican,1
influential,1
plans,1
iowa,1
guts,1
extend,1
outgrown,1
deaths,1
brief,1
levels,1
legitimate,1
revolutionary,1
chanin,1
regalia,1
exception,1
remarks,1
nexus,1
northeast,1
e,1
mansions,1
ritualized,1
positioned,1
politicians,1
christening,1
adjoined,1
formative,1
july,1
still,1
mundane,1
yale,1
itself,1
necessary,1
texture,1
effect,1
arbiters,1
yet,1
holders,1
suggestions,1
talk,1
catalogues,1
group,1
movement,1
center,1
executive,1
currencies,1
settings,1
faceless,1
significant,1
mythology,1
saved,1
why,1
systematically,1
columbian,1
special,1
symbols,1
replicate,1
offering,1
went,1
white,1
lay,1
existed,1
guide,1
laying,1
productive,1
word,1
once,1
linkages,1
layouts,1
institute,1
moreover,1
usefully,1
precious,1
evocative,1
english,1
commemoration,1
ways,1
support,1
unconventional,1
citizens,1
fascinating,1
monuments,1
approaches,1
examined,1
opportunities,1
face,1
definable,1
album,1
easily,1
makes,1
poorly,1
paradox,1
engrossingly,1
lavished,1
popularizers,1
professionalized,1
meant,1
earliest,1
repair,1
mingl,1
spirit,1
considered,1
communal,1
definitive,1
ceremony,1
possibly,1
announce,1
needless,1
oppose,1
river,1
confidence,1
rivers,1
cycles,1
committee,1
index,1
nonstop,1
presents,1
cured,1
profane,1
organized,1
contained,1
ongoing,1
attends,1
rarely,1
publicists,1
modestly,1
teaches,1
presumably,1
thinking,1
eagerness,1
elsewhere,1
essential,1
consecration,1
boast,1
n,1
something,1
maturity,1
stressed,1
academics,1
hanging,1
series,1
variety,1
experts,1
broad,1
implicit,1
characterizations,1
quarters,1
persuade,1
inevitable,1
inaugurate,1
prevent,1
grand,1
age,1
provocative,1
needs,1
department,1
memorialize,1
experience,1
steel,1
democratic,1
bridges,1
increasingly,1
store,1
crumble,1
consistent,1
theme,1
brochure,1
follow,1
exposition,1
stones,1
beyond,1
typeface,1
followed,1
delivery,1
familiarity,1
random,1
cost,1
tantalizing,1
improvement,1
disappearing,1
besides,1
firms,1
recaps,1
temple,1
hodgepodge,1
heroic,1
layings,1
museums,1
solomon,1
organizational,1
offers,1
dying,1
comfortable,1
newly,1
orators,1
capsules,1
ii,1
repertoire,1
frederick,1
ingenuity,1
factory,1
rationalism,1
links,1
strategy,1
catalogue,1
expression,1
faced,1
toward,1
again,1
might,1
address,1
pick,1
ended,1
elusive,1
over,1
stands,1
myths,1
assistant,1
generated,1
responsibilities,1
expectation,1
freemasonry,1
printing,1
postcard,1
funerals,1
sustained,1
surfaced,1
commodity,1
resurrects,1
expressed,1
acquainting,1
moving,1
harbor,1
speaks,1
parties,1
unlike,1
hippodrome,1
participants,1
key,1
location,1
europe,1
international,1
modernity,1
celebratory,1
best,1
twenty,1
explores,1
specially,1
down,1
scientifically,1
striking,1
legalistic,1
suggesting,1
mercenaries,1
featuring,1
printed,1
speculators,1
freemasons,1
beliefs,1
simple,1
constructions,1
access,1
visiting,1
list,1
christenings,1
postcards,1
fully,1
tangible,1
time,1
purifying,1
impressive,1
skills,1
commemorate,1
understandable,1
creative,1
hundred,1
maps,1
reveal,1
very,1
specify,1
personality,1
state,1
artists,1
dumped,1
outgrowing,1
suspicious,1
number,1
real,1
golden,1
sanctification,1
reassembled,1
interesting,1
war,1
captured,1
distinctive,1
half,1
past,1
almost,1
obituaries,1
called,1
serious,1
pieces,1
external,1
reverence,1
skylines,1
forms,1
never,1
readers,1
may,1
persuades,1
truth,1
justify,1
attach,1
growing,1
studies,1
fourth,1
everyday,1
honoring,1
principal,1
supporters,1
didn,1
remarkable,1
opposite,1
cling,1
transparent,1
era,1
applauds,1
purchase,1
innovative,1
stock,1
secular,1
johns,1
supplants,1
purposes,1
nationally,1
impulse,1
empire,1
combined,1
setting,1
tools,1
spatial,1
centuries,1
photographer,1
storehouses,1
tourists,1
companies,1
torn,1
cleaned,1
plants,1
analyses,1
scale,1
publications,1
intertwined,1
grounds,1
excursions,1
thirty,1
decade,1
argument,1
deep,1
existence,1
sophisticated,1
forthcoming,1
pains,1
ceremonialists,1
ideological,1
project,1
lodges,1
obscure,1
scurrying,1
penetration,1
king,1
winslow,1
style,1
propaganda,1
photo,1
explosions,1
waters,1
always,1
hopkins,1
primary,1
bones,1
explicitly,1
hiram,1
america,1
because,1
users,1
studying,1
societal,1
addresses,1
birthdays,1
well,1
economics,1
sites,1
birthday,1
aging,1
treatises,1
apartment,1
don,1
replacement,1
meetings,1
image,1
felt,1
suggests,1
recognizing,1
invisible,1
determined,1
slated,1
revealed,1
makers,1
extended,1
vigor,1
destinations,1
discussion,1
clients,1
middle,1
object,1
link,1
freemason,1
standardization,1
evading,1
element,1
received,1
janitor,1
tool,1
insight,1
upon,1
presented,1
range,1
john,1
run,1
imparted,1
professionals,1
obvious,1
insights,1
genre,1
heart,1
clear,1
reader,1
invited,1
story,1
reality,1
say,1
lake,1
including,1
purpose,1
city,1
revolutions,1
reprint,1
welcoming,1
quantity,1
subsidies,1
apparent,1
chooses,1
republic,1
carolina,1
aged,1
sixteenth,1
convinced,1
insensitivity,1
identity,1
turns,1
description,1
rendering,1
imbued,1
explication,1
facades,1
commissioned,1
identifies,1
intention,1
denies,1
fellowship,1
masonic,1
whole,1
investigated,1
complement,1
recounts,1
dedication,1
acknowledges,1
assertion,1
represented,1
sign,1
lesson,1
permanent,1
indebted,1
began,1
poured,1
colonial,1
visits,1
coins,1
gingerly,1
aims,1
thing,1
actually,1
learned,1
fragments,1
moments,1
moves,1
saints,1
exchange,1
preoccupied,1
contribute,1
overruns,1
pamphlets,1
thus,1
chapters,1
cathedral,1
includes,1
throughout,1
nationalist,1
adjourned,1
delay,1
additional,1
surrounding,1
we,1
museumification,1
renderers,1
objectify,1
employed,1
abandon,1
necessitated,1
devoted,1
understandings,1
hollowed,1
professor,1
until,1
thirteen,1
frustrating,1
genealogies,1
pictures,1
appetites,1
north,1
reveals,1
reputation,1
medical,1
three,1
graduate,1
hidden,1
twentieth,1
directed,1
announcement,1
approach,1
ailments,1
avatar,1
comprehensive,1
greed,1
misplaced,1
publication,1
strikingly,1
ceremoniously,1
beings,1
author,1
corner,1
dominated,1
toasts,1
mode,1
lodge,1
lectures,1
janitorial,1
evening,1
change,1
fordham,1
parallels,1
broadcast,1
held,1
vested,1
mixed,1
officials,1
construct,1
commerce,1
correct,1
artist,1
rallied,1
cataloguing,1
need,1
spread,1
collapsing,1
loved,1
function,1
buell,1
mythification,1
him,1
reinforces,1
creating,1
reconstructed,1
values,1
trading,1
asymmetrical,1
humorous,1
proposes,1
financing,1
preserved,1
off,1
destiny,1
after,1
progressive,1
turn,1
occasioned,1
sponsors,1
ordinariness,1
oversaw,1
phrase,1
mourning,1
provides,1
measured,1
walking,1
event,1
association,1
honored,1
speak,1
late,1
anniversaries,1
gate,1
overseers,1
serif,1
heinz,1
reformation,1
lighting,1
document,1
shops,1
wasn,1
lexicon,1
rubble,1
legislatures,1
especially,1
employee,1
sentiment,1
finished,1
internal,1
although,1
trying,1
homes,1
bridge,1
leaves,1
painting,1
methods,1
columbia,1
newspapers,1
topic,1
difficulty,1
presence,1
dramatic,1
themselves,1
specialize,1
schedules,1
attached,1
codes,1
competed,1
inducements,1
charged,1
respond,1
lewis,1
tastes,1
depictions,1
junctures,1
negotiate,1
corporations,1
sacred,1
guilt,1
checkup,1
women,1
managed,1
aspect,1
trades,1
substantial,1
occur,1
capitalism,1
looks,1
translate,1
necessity,1
overboard,1
milestones,1
artificial,1
ingrained,1
concede,1
traditional,1
attracted,1
resistance,1
proper,1
using,1
ground,1
strong,1
mature,1
saw,1
notice,1
haven,1
sanctioned,1
taylor,1
roots,1
portrays,1
traditions,1
engagement,1
famous,1
desiderata,1
corps,1
edifices,1
adult,1
develop,1
broader,1
asked,1
generation,1
frankly,1
influence,1
according,1
master,1
massive,1
depreciation,1
species,1
attended,1
statehouses,1
unelaborated,1
seemed,1
corpse,1
celebrating,1
scrapbook,1
