WORDCOUNTS,WEIGHT
the,198
of,132
in,67
and,65
to,52
a,43
county,33
charles,29
is,22
was,22
that,22
as,21
for,21
it,20
revolution,20
american,19
lee,17
they,15
not,14
with,13
but,13
their,12
had,12
s,12
or,11
from,11
by,11
historians,11
history,10
most,10
war,10
people,10
so,10
at,9
she,9
world,9
economic,8
many,8
its,8
have,8
life,7
this,7
century,7
on,7
much,7
white,6
nationhood,6
all,6
p,6
cayton,6
do,6
what,6
some,6
slaves,6
place,6
were,6
price,6
like,6
tobacco,6
be,6
than,6
way,5
one,5
gentlemen,5
did,5
atlantic,5
chesapeake,5
maryland,5
good,5
blacks,5
society,5
may,4
rather,4
wind,4
when,4
then,4
too,4
social,4
more,4
also,4
important,4
continental,4
been,4
are,4
other,4
gone,4
very,4
her,4
number,4
local,4
development,4
west,4
part,4
ohio,4
colonial,4
no,4
an,4
become,4
decline,4
early,4
through,4
we,4
jean,3
will,3
whose,3
happy,3
everyone,3
independence,3
has,3
stable,3
arguments,3
into,3
potomac,3
just,3
culture,3
impact,3
these,3
women,3
power,3
demographic,3
expanding,3
slave,3
new,3
end,3
men,3
places,3
days,3
reviews,3
them,3
population,3
british,3
public,3
well,3
work,3
residents,3
became,3
chapters,3
which,3
interior,3
against,3
change,3
least,3
commerce,3
after,3
between,3
find,3
percent,3
even,3
late,2
now,2
americans,2
obligations,2
his,2
l,2
across,2
indeed,2
nearly,2
records,2
process,2
growth,2
community,2
earlier,2
transformation,2
kinds,2
responsible,2
hierarchical,2
distant,2
about,2
authority,2
ways,2
outlining,2
studies,2
pp,2
rebel,2
spirit,2
b,2
us,2
river,2
familiar,2
literary,2
clearly,2
nineteenth,2
university,2
two,2
increasingly,2
sources,2
book,2
know,2
might,2
over,2
structures,2
slavery,2
extent,2
could,2
great,2
lived,2
really,2
government,2
everything,2
contemporary,2
enough,2
beginning,2
knows,2
political,2
according,2
economy,2
less,2
cannot,2
making,2
writes,2
eds,2
books,2
problem,2
while,2
free,2
wants,2
because,2
remained,2
doubled,2
voice,2
possible,2
r,2
international,2
eighteenth,2
vital,2
virginia,2
taking,2
far,2
whites,2
republic,2
easy,2
administration,2
virtually,2
congress,2
september,2
questions,2
andrew,2
full,2
elegant,2
commercial,2
such,2
since,2
twentieth,2
write,2
points,2
tone,2
published,2
course,2
sense,2
would,2
gentry,2
exercise,2
attempted,2
area,2
settlement,2
old,2
increased,2
destroyed,2
family,2
small,2
few,2
research,2
protect,2
era,2
focus,2
north,2
notes,2
walsh,2
lorena,2
major,2
increasing,1
courts,1
using,1
indentured,1
domesticity,1
south,1
seems,1
european,1
frontier,1
depth,1
asking,1
schools,1
i,1
led,1
forceful,1
high,1
informs,1
imaginatively,1
philadelphia,1
wishes,1
recognized,1
york,1
enthralled,1
canals,1
demand,1
peers,1
jeffersonian,1
oriented,1
ihopkins,1
territorial,1
without,1
continued,1
tenant,1
if,1
centerpiece,1
purely,1
academic,1
usually,1
tiny,1
religion,1
miami,1
held,1
stood,1
ideology,1
maps,1
created,1
expansion,1
sameness,1
shambles,1
anglican,1
ironically,1
admirable,1
beings,1
extend,1
dislocated,1
ordinary,1
revolutionary,1
remote,1
sensitive,1
excellent,1
republican,1
reigning,1
off,1
deliberately,1
still,1
dozens,1
says,1
realizing,1
worse,1
notably,1
pushed,1
diffuse,1
oddly,1
contribution,1
incredibly,1
church,1
importance,1
grew,1
rapidly,1
movement,1
becoming,1
center,1
large,1
southern,1
consensual,1
direct,1
balanced,1
complex,1
memorable,1
ware,1
disintegration,1
pages,1
confronted,1
literacy,1
often,1
fate,1
illustrations,1
analysis,1
tend,1
wistful,1
scarcity,1
mention,1
govern,1
backwater,1
fully,1
once,1
surprising,1
remind,1
factors,1
elegaic,1
liabilities,1
yet,1
selling,1
unfortunately,1
get,1
done,1
lives,1
face,1
desperately,1
read,1
backsthe,1
compilation,1
case,1
fought,1
counterparts,1
freeze,1
evolved,1
around,1
reasonably,1
forget,1
blame,1
entertain,1
position,1
servitude,1
improvement,1
neither,1
enmeshed,1
index,1
retained,1
incredible,1
inequality,1
servants,1
associated,1
sum,1
congenitally,1
historian,1
shutting,1
contented,1
growing,1
elevated,1
bend,1
baltimore,1
conclusion,1
nonetheless,1
literally,1
eager,1
accelerated,1
colonists,1
democratization,1
upper,1
turning,1
compel,1
prosperous,1
department,1
experience,1
fluctuations,1
simply,1
sophisticated,1
begins,1
experienced,1
fact,1
only,1
follow,1
lot,1
emphasize,1
followed,1
ignore,1
cost,1
long,1
kulikoff,1
exploitation,1
production,1
allan,1
solve,1
comfortable,1
interests,1
destructive,1
attacks,1
idiosyncracies,1
ii,1
syntheses,1
give,1
taken,1
others,1
rapid,1
view,1
similarly,1
harmonious,1
disappeared,1
worked,1
control,1
backcountry,1
sure,1
presents,1
majesty,1
liberty,1
cultures,1
historiography,1
words,1
tidewater,1
different,1
lying,1
possibilities,1
d,1
idea,1
aftermath,1
overwhelming,1
alienation,1
out,1
down,1
advantage,1
appendix,1
together,1
found,1
entered,1
genus,1
plot,1
republicanism,1
called,1
access,1
four,1
lacks,1
pretty,1
producing,1
narrative,1
achievement,1
particularly,1
studied,1
deal,1
job,1
material,1
transforms,1
doubling,1
events,1
goods,1
primacy,1
equilibrium,1
telescoped,1
written,1
audience,1
doubt,1
waged,1
dislocation,1
build,1
associations,1
historical,1
unsurprisingly,1
pennsylvania,1
there,1
prospects,1
made,1
embrace,1
endings,1
ethos,1
representative,1
works,1
professionalism,1
living,1
markets,1
rhetoric,1
intrigue,1
improved,1
plantation,1
patterns,1
feminist,1
miles,1
further,1
hand,1
precisely,1
breadth,1
learn,1
present,1
proprietary,1
defend,1
remarkable,1
born,1
decreased,1
ruined,1
profitable,1
reading,1
something,1
essentially,1
johns,1
deferential,1
existing,1
empire,1
setting,1
remarkably,1
understood,1
standard,1
sound,1
particular,1
side,1
can,1
character,1
males,1
however,1
remaking,1
dearth,1
agricultural,1
blaming,1
contemporaries,1
statement,1
your,1
perhaps,1
confirmation,1
counties,1
peripheralization,1
consolidates,1
networks,1
applied,1
east,1
style,1
threats,1
gives,1
sought,1
thoroughness,1
america,1
affair,1
thousands,1
runaway,1
continent,1
changed,1
imperial,1
trade,1
defined,1
imagine,1
account,1
almost,1
participation,1
ideal,1
genre,1
politics,1
understated,1
balance,1
urban,1
activity,1
port,1
federalists,1
middle,1
reaching,1
institutionalize,1
predictability,1
strengths,1
both,1
powers,1
terminus,1
bland,1
must,1
stubborn,1
future,1
facilitate,1
whatever,1
prominent,1
combination,1
little,1
except,1
tens,1
including,1
elastic,1
despite,1
owners,1
example,1
uncertain,1
marvel,1
pivoted,1
dynamic,1
press,1
nation,1
bonds,1
convinced,1
african,1
giving,1
die,1
wonder,1
tried,1
planters,1
northern,1
went,1
lovely,1
probably,1
loss,1
traded,1
pursuit,1
sprinted,1
feared,1
warfare,1
contribute,1
consistently,1
largely,1
anyway,1
francis,1
shut,1
assume,1
causes,1
phenomenon,1
challenges,1
disrupted,1
communicated,1
labor,1
bluster,1
participated,1
conflict,1
emplotment,1
pack,1
london,1
berlin,1
call,1
throughout,1
national,1
proceeds,1
personal,1
previous,1
away,1
stagnation,1
institution,1
sensibility,1
relationships,1
xviii,1
merchants,1
until,1
idyllic,1
breaks,1
racism,1
argument,1
immediate,1
argues,1
status,1
distinctiveness,1
cultivation,1
own,1
disappear,1
patriarchy,1
achieves,1
intensified,1
insights,1
trends,1
graduate,1
web,1
microlevel,1
tories,1
human,1
welcomed,1
peripheral,1
language,1
washington,1
author,1
aware,1
interest,1
try,1
contributed,1
eve,1
officials,1
americas,1
consumer,1
democratizing,1
land,1
hard,1
buildings,1
shaping,1
theoretically,1
things,1
preferred,1
states,1
dogma,1
protest,1
ended,1
affairs,1
bloodless,1
fury,1
kept,1
anachronistic,1
black,1
quite,1
lose,1
morgan,1
remains,1
nor,1
shift,1
latter,1
ships,1
curiously,1
perspective,1
americanus,1
enslaved,1
flooding,1
facing,1
supported,1
behind,1
back,1
wider,1
potential,1
contrary,1
feelings,1
trying,1
region,1
depression,1
distinctions,1
harmony,1
loosened,1
brought,1
resenting,1
oxford,1
spectacular,1
themselves,1
peak,1
microsynthesis,1
left,1
topics,1
boundaries,1
wrought,1
reached,1
ira,1
philip,1
weakening,1
structure,1
norton,1
up,1
progress,1
solely,1
capitalism,1
valley,1
slightly,1
story,1
lay,1
sheriff,1
tap,1
estates,1
strong,1
among,1
saw,1
destruction,1
relative,1
mouths,1
glasgow,1
empowerment,1
guard,1
responsibility,1
westward,1
revel,1
united,1
generation,1
acted,1
built,1
moved,1
controversial,1
tragic,1
court,1
brown,1
elegance,1
seemed,1
decision,1
jeffrey,1
thorough,1
