WORDCOUNTS,WEIGHT
the,192
of,69
and,62
a,58
in,55
to,51
for,28
post,28
was,26
s,23
john,21
system,21
government,18
on,18
as,18
with,17
that,17
mail,17
postal,17
office,17
this,17
not,16
postmaster,14
but,14
by,14
it,13
from,13
federal,12
is,11
which,11
history,10
american,9
one,9
had,9
did,9
its,9
were,9
would,9
at,8
more,8
other,8
offices,7
or,7
richard,7
role,7
have,7
be,7
than,7
general,7
his,6
book,6
business,6
all,6
political,6
while,6
information,6
network,6
some,6
through,6
newspapers,6
should,6
hub,5
their,5
united,5
communications,5
into,5
most,5
important,5
there,5
free,5
church,5
sent,5
press,5
administration,5
congress,5
an,5
revolution,5
states,5
between,5
much,5
slavery,4
been,4
how,4
mclean,4
about,4
when,4
madison,4
university,4
these,4
every,4
jackson,4
might,4
sunday,4
out,4
carolina,4
u,4
johnson,4
less,4
charleston,4
work,4
postmasters,4
own,4
issues,4
james,4
percent,4
even,4
allison,4
may,3
south,3
he,3
americans,3
no,3
led,3
lines,3
congressman,3
patronage,3
who,3
community,3
roads,3
could,3
citizens,3
hugh,3
itself,3
union,3
serve,3
many,3
wanted,3
god,3
us,3
argued,3
ever,3
creation,3
majority,3
interests,3
taken,3
put,3
each,3
country,3
official,3
fact,3
industry,3
great,3
p,3
new,3
jacksonians,3
war,3
issue,3
assault,3
controversy,3
public,3
received,3
sabbatarian,3
example,3
civil,3
subsidies,3
central,3
franklin,3
development,3
both,3
against,3
allowed,3
like,3
stage,3
study,3
morse,3
debate,3
contracts,3
reviews,3
saw,3
society,3
second,2
york,2
m,2
without,2
if,2
corruption,2
district,2
stagecoach,2
says,2
illustrations,2
relationship,2
white,2
pacific,2
quincy,2
fascinating,2
send,2
pp,2
opponents,2
j,2
school,2
sorting,2
two,2
noted,2
curbing,2
volume,2
modest,2
routes,2
party,2
here,2
others,2
printing,2
nature,2
liberty,2
december,2
together,2
found,2
time,2
court,2
men,2
further,2
transmitting,2
robert,2
road,2
see,2
spoke,2
steele,2
perhaps,2
required,2
has,2
mass,2
day,2
another,2
cents,2
private,2
line,2
discussion,2
average,2
brought,2
city,2
compass,2
laws,2
nation,2
along,2
duty,2
williamson,2
surprise,2
year,2
images,2
people,2
conflict,2
throughout,2
subsidizing,2
until,2
such,2
open,2
presbyterian,2
interior,2
institutional,2
wylie,2
does,2
national,2
washington,2
workers,2
creating,2
reeside,2
raises,2
so,2
insisted,2
writer,2
catholic,2
stagecoaches,2
after,2
decided,2
news,2
although,2
eyes,2
tallmadge,2
served,2
adams,2
given,2
proper,2
north,2
kentucky,2
fee,2
survived,1
omission,1
van,1
space,1
will,1
go,1
civilization,1
biographies,1
opposed,1
communities,1
underlay,1
collect,1
transportation,1
town,1
whose,1
limits,1
abolitionists,1
way,1
conflicting,1
provide,1
opening,1
concerned,1
bulk,1
generated,1
usually,1
destroy,1
next,1
main,1
wendell,1
developed,1
officeholders,1
created,1
providing,1
commitment,1
routinely,1
subject,1
tocqueville,1
decades,1
market,1
deserve,1
ordinary,1
fastest,1
revenues,1
coastal,1
albany,1
responded,1
maddening,1
northeast,1
independence,1
e,1
get,1
represented,1
boss,1
july,1
still,1
goes,1
risk,1
prose,1
effectively,1
folded,1
philosophy,1
railway,1
they,1
years,1
similar,1
village,1
expelled,1
group,1
large,1
parts,1
replaced,1
shortest,1
religious,1
life,1
why,1
employees,1
britain,1
superb,1
hope,1
cars,1
formed,1
basements,1
live,1
effort,1
holmes,1
supporting,1
yet,1
ways,1
elder,1
means,1
federalist,1
corrects,1
requiring,1
presidential,1
interpretive,1
mailings,1
thought,1
memorandum,1
circulated,1
foreshadows,1
under,1
former,1
challenged,1
detail,1
policy,1
index,1
contractors,1
taverns,1
assistant,1
laborer,1
share,1
earned,1
home,1
boldest,1
railroad,1
cod,1
analytical,1
scientist,1
any,1
almost,1
before,1
ceaseless,1
whigs,1
antebellum,1
believed,1
shifting,1
service,1
nineteenth,1
broke,1
contested,1
are,1
house,1
republicans,1
deliver,1
descriptions,1
suffolk,1
contexts,1
determine,1
threat,1
largest,1
biography,1
turning,1
themes,1
graveyard,1
containing,1
department,1
begins,1
vermont,1
being,1
cartoons,1
charlestonians,1
continues,1
railroads,1
carriers,1
only,1
alfred,1
payments,1
subsidized,1
derby,1
harvard,1
efficient,1
useful,1
physical,1
blacks,1
circulating,1
cost,1
fruitful,1
buffalo,1
leader,1
discuss,1
publisher,1
connection,1
established,1
set,1
helped,1
implications,1
emulate,1
cupidity,1
postage,1
mariner,1
social,1
rapid,1
over,1
continental,1
familiar,1
worked,1
anywhere,1
emerged,1
spreading,1
addition,1
cent,1
hotels,1
proponents,1
perceptive,1
result,1
transmission,1
different,1
shows,1
innovations,1
seem,1
gag,1
believe,1
allow,1
scholars,1
explores,1
route,1
fearing,1
royall,1
revenue,1
charlestown,1
telegraph,1
half,1
hourly,1
reformed,1
poe,1
sabbath,1
kendall,1
provoke,1
tariff,1
come,1
achievement,1
rule,1
clear,1
job,1
xiii,1
link,1
candidate,1
mississippi,1
inspired,1
debates,1
cohesion,1
contemporary,1
doubt,1
provoked,1
build,1
resolved,1
i,1
fashion,1
sabbatarians,1
fresh,1
anne,1
passionate,1
edition,1
friends,1
oliver,1
merely,1
late,1
turned,1
state,1
miles,1
hand,1
scholarship,1
sacking,1
beginning,1
quietly,1
supporters,1
though,1
silver,1
profitable,1
where,1
what,1
chicago,1
purge,1
johns,1
hall,1
empire,1
papers,1
recently,1
impossible,1
making,1
rebellion,1
case,1
yazoo,1
material,1
series,1
inseparable,1
statement,1
scruples,1
woman,1
eastern,1
distribution,1
mulatto,1
wide,1
incompetence,1
streets,1
hopkins,1
crusade,1
libertarian,1
mentioned,1
legislate,1
saying,1
expositions,1
receive,1
fore,1
exhumed,1
degree,1
reminds,1
well,1
remained,1
silenced,1
explored,1
awarded,1
argues,1
chapter,1
local,1
disseminating,1
jurisprudence,1
buren,1
possible,1
r,1
graceful,1
understanding,1
congressmen,1
conduit,1
literature,1
vast,1
northerners,1
unnoticed,1
schedule,1
hungry,1
atlantic,1
planning,1
permitted,1
abolitionist,1
powers,1
fraud,1
bodies,1
bibliography,1
explanation,1
carry,1
vital,1
characters,1
lieber,1
locate,1
slaves,1
heart,1
dutch,1
coach,1
west,1
prominent,1
reported,1
story,1
point,1
except,1
part,1
timely,1
immoral,1
dollar,1
play,1
scandal,1
end,1
rampant,1
supreme,1
stores,1
encouraged,1
ebenezer,1
ten,1
everywhere,1
went,1
sheets,1
grants,1
affront,1
entrepreneurs,1
discussions,1
hazard,1
place,1
needed,1
francis,1
behavior,1
travel,1
printers,1
appointed,1
morality,1
facets,1
challenges,1
hiland,1
ideas,1
ranked,1
definitions,1
actually,1
learned,1
darned,1
questions,1
opened,1
commandment,1
sparked,1
individuals,1
drive,1
our,1
call,1
amos,1
check,1
personal,1
focuses,1
newspaper,1
enthusiasm,1
lucrative,1
eras,1
pennsylvania,1
moderate,1
merchants,1
butterfield,1
argument,1
frontier,1
cambridge,1
professor,1
since,1
barton,1
placing,1
analyzing,1
illinois,1
reward,1
journalist,1
express,1
allies,1
charge,1
police,1
points,1
subtle,1
subtitle,1
relatively,1
engravings,1
immorality,1
democrat,1
officials,1
least,1
paintings,1
architectural,1
land,1
hard,1
canadian,1
period,1
jr,1
earlier,1
buildings,1
him,1
seemingly,1
century,1
interprovincial,1
france,1
traveled,1
stages,1
villagers,1
seaboard,1
kind,1
membership,1
standard,1
settlement,1
transit,1
martin,1
elements,1
nor,1
increased,1
morals,1
exchange,1
openly,1
several,1
underscore,1
especially,1
separately,1
supported,1
wedlock,1
profound,1
potential,1
apart,1
systems,1
satisfy,1
removed,1
upstate,1
slave,1
houses,1
presence,1
editors,1
research,1
themselves,1
massachusetts,1
refinement,1
schedules,1
interpretations,1
charged,1
continuous,1
effective,1
bag,1
huger,1
reached,1
can,1
enterprise,1
raised,1
civilian,1
explore,1
exclusively,1
within,1
looks,1
factions,1
also,1
communication,1
develop,1
paid,1
citizen,1
ends,1
notes,1
loyalties,1
displaced,1
roles,1
brothel,1
rest,1
businessmen,1
summer,1
major,1
editing,1
symbiotic,1
gifted,1
gold,1
separate,1
dismiss,1
let,1
tennessee,1
thorough,1
