WORDCOUNTS,WEIGHT
the,204
of,86
in,63
to,63
and,39
american,37
as,31
that,31
s,31
a,29
gulf,26
by,21
its,17
war,16
region,14
this,14
on,14
with,13
persian,13
it,12
not,12
palmer,12
had,12
united,11
is,11
from,11
would,11
states,11
his,10
british,10
iran,9
policy,9
but,9
administration,9
be,9
military,8
toward,8
east,8
iraq,8
washington,8
did,7
while,7
clear,7
now,6
been,6
led,6
was,6
government,6
middle,6
desert,6
our,6
an,6
at,5
economic,5
president,5
rogers,5
during,5
history,5
for,5
p,5
involvement,5
tehran,5
storm,5
oil,5
world,5
although,5
after,5
ships,5
britain,5
little,5
will,4
he,4
doctrine,4
one,4
any,4
same,4
iranian,4
bush,4
europe,4
carter,4
which,4
her,4
navy,4
embrace,4
shah,4
well,4
splendid,4
cold,4
suez,4
decision,4
no,3
she,3
way,3
continued,3
still,3
their,3
diplomatic,3
into,3
days,3
these,3
followed,3
might,3
view,3
all,3
attack,3
shield,3
what,3
saddam,3
reviews,3
public,3
vincennes,3
u,3
america,3
years,3
account,3
new,3
increase,3
press,3
surrogate,3
much,3
until,3
since,3
nixon,3
crisis,3
price,3
need,3
kunz,3
guardians,3
area,3
hussein,3
ship,3
immediately,3
may,2
given,2
reagan,2
various,2
operations,2
rather,2
if,2
pledged,2
later,2
action,2
iraqi,2
death,2
diane,2
expanded,2
flag,2
they,2
importance,2
center,2
direct,2
changes,2
often,2
fighting,2
once,2
yet,2
support,2
when,2
security,2
makes,2
pp,2
under,2
university,2
western,2
index,2
publicly,2
commonwealth,2
are,2
conclusion,2
naval,2
kuwait,2
most,2
arms,2
known,2
also,2
permanent,2
interests,2
other,2
important,2
again,2
rapid,2
over,2
country,2
response,2
only,2
fact,2
longer,2
lack,2
book,2
very,2
down,2
protector,2
international,2
school,2
far,2
end,2
surrogates,2
administrations,2
such,2
another,2
turned,2
behind,2
tankers,2
diplomacy,2
empire,2
michael,2
case,2
energy,2
kissinger,2
effort,2
belief,2
eastern,2
sought,2
free,2
out,2
eisenhower,2
failure,2
remained,2
deposits,2
sharon,2
simultaneously,2
two,2
role,2
charge,2
louis,2
step,2
wm,2
unfortunately,2
obtain,2
policymakers,2
has,2
policies,2
crew,2
forces,2
were,2
dependence,2
roger,2
intensified,2
have,2
b,2
national,2
period,2
things,2
affairs,2
order,2
attempted,2
captain,2
event,2
increased,2
campaign,2
especially,2
few,2
june,2
presence,2
successful,2
postwar,2
through,2
engagement,2
so,2
tragic,2
surprising,2
nations,1
culmination,1
increasing,1
fails,1
frequent,1
f,1
battle,1
critical,1
tasks,1
negotiations,1
books,1
high,1
currently,1
islamic,1
likely,1
recognized,1
situation,1
power,1
york,1
shoot,1
shattered,1
peers,1
implications,1
accomplish,1
ably,1
logistical,1
george,1
certified,1
anointing,1
crucial,1
invasion,1
leading,1
developed,1
predecessors,1
happy,1
scholar,1
maps,1
rightly,1
blessed,1
lavoro,1
resisted,1
boycott,1
subject,1
separated,1
limited,1
ironically,1
corporation,1
extreme,1
environmental,1
deteriorating,1
leapt,1
nearly,1
thrown,1
hormuz,1
possess,1
neikunz,1
notion,1
process,1
communism,1
announced,1
measures,1
deployments,1
army,1
avoid,1
convince,1
coalition,1
relations,1
secretary,1
yale,1
straits,1
intervention,1
annapolis,1
returned,1
unarmed,1
experiences,1
sympathetic,1
hopelessly,1
grew,1
covert,1
seemingly,1
replaced,1
partially,1
judged,1
drastically,1
sucked,1
study,1
danger,1
triggered,1
label,1
lay,1
read,1
fall,1
about,1
companies,1
join,1
factors,1
quo,1
aspirations,1
criticism,1
ways,1
proclaimed,1
months,1
echoed,1
strategically,1
americans,1
itself,1
mrs,1
escorting,1
sailors,1
picture,1
escaped,1
carrots,1
many,1
conscious,1
tilted,1
managed,1
comic,1
notwithstanding,1
transiting,1
disclosure,1
technology,1
beleaguered,1
decade,1
clandestine,1
ther,1
conclusive,1
prestige,1
protection,1
tanker,1
old,1
perceived,1
dwight,1
presents,1
enshrined,1
total,1
then,1
fifteen,1
latin,1
constant,1
before,1
fragile,1
protracted,1
regime,1
growing,1
air,1
objectivity,1
gradually,1
germane,1
tangled,1
source,1
superpowers,1
indian,1
too,1
shot,1
conjunction,1
threat,1
frightened,1
peoples,1
commodities,1
assaults,1
leads,1
multicultural,1
departing,1
gassing,1
department,1
imperil,1
experience,1
initiative,1
struck,1
acknowledges,1
ally,1
ever,1
noted,1
increasingly,1
said,1
painful,1
inadvertent,1
origins,1
surface,1
follow,1
dissension,1
payments,1
subsidize,1
offered,1
defeat,1
undermine,1
fill,1
volume,1
ensuing,1
persuade,1
long,1
lead,1
inflicted,1
blossomed,1
narrowly,1
members,1
leader,1
card,1
more,1
creation,1
nazionale,1
jointly,1
rendered,1
deterred,1
established,1
exonerates,1
tilt,1
originally,1
ii,1
corresponding,1
request,1
or,1
quickly,1
suggested,1
stating,1
make,1
exploded,1
attempt,1
woo,1
tactically,1
assist,1
put,1
deficiencies,1
permanently,1
refused,1
quarrel,1
july,1
advanced,1
financial,1
conduct,1
greater,1
official,1
nature,1
moving,1
unemployable,1
efforts,1
result,1
assembling,1
unlike,1
expanding,1
shows,1
rivals,1
diminishing,1
board,1
gone,1
proffer,1
scholars,1
best,1
xii,1
paramount,1
exoneration,1
could,1
pressure,1
fortunes,1
assertion,1
correspondingly,1
together,1
inherent,1
aegis,1
sowed,1
half,1
great,1
called,1
fired,1
strength,1
paints,1
indeed,1
domestic,1
attempting,1
drifted,1
choice,1
bomb,1
eventually,1
waters,1
narrative,1
impressive,1
particularly,1
certifiable,1
geopolitical,1
changed,1
deal,1
incident,1
associates,1
clearly,1
ocean,1
personal,1
economically,1
radical,1
state,1
real,1
antipathy,1
atrocities,1
minimize,1
eponymous,1
ronald,1
there,1
multibillion,1
fuel,1
passage,1
question,1
motives,1
destroyed,1
men,1
procurement,1
readers,1
took,1
further,1
hand,1
latest,1
stand,1
believed,1
do,1
beginning,1
henry,1
present,1
elevated,1
staff,1
flight,1
born,1
political,1
deficits,1
advantages,1
killed,1
effective,1
johns,1
continuing,1
receiving,1
march,1
investigation,1
accepted,1
shared,1
armed,1
recently,1
produced,1
form,1
less,1
inquiry,1
making,1
suffered,1
confrontation,1
coincided,1
forth,1
appeasement,1
side,1
postdoctrine,1
record,1
nascent,1
lest,1
forward,1
compelled,1
civilian,1
money,1
threats,1
earlier,1
james,1
hopkins,1
near,1
going,1
affair,1
institute,1
because,1
aspects,1
thick,1
arab,1
efficacious,1
retain,1
imperial,1
balance,1
directly,1
skillfully,1
percent,1
quantities,1
independence,1
agreed,1
felt,1
credit,1
lebanon,1
dilemmas,1
possible,1
future,1
marked,1
line,1
cooperation,1
missionary,1
art,1
discussion,1
whom,1
work,1
dissidents,1
vessels,1
pursue,1
maneuvers,1
coronation,1
yom,1
alter,1
some,1
october,1
bibliography,1
ensnare,1
richard,1
structurally,1
range,1
carry,1
vital,1
del,1
purchases,1
opera,1
concept,1
unaided,1
private,1
attachments,1
peace,1
differ,1
point,1
london,1
infringement,1
introduced,1
intentions,1
explains,1
reflag,1
example,1
resources,1
selecting,1
geoeconomic,1
depended,1
dollar,1
secret,1
became,1
apply,1
nation,1
supplies,1
convinced,1
minivan,1
terms,1
expand,1
reports,1
encouraged,1
eclipsed,1
reserves,1
went,1
baghdad,1
encounter,1
gave,1
tale,1
freedom,1
sand,1
place,1
began,1
aggression,1
controlled,1
ranked,1
sank,1
curb,1
goals,1
human,1
think,1
conflict,1
goal,1
recovery,1
sparked,1
hikes,1
chosen,1
sees,1
previous,1
fears,1
office,1
totalitarian,1
eight,1
employed,1
stark,1
nor,1
ultimately,1
students,1
frigate,1
dissuaded,1
vii,1
commercial,1
travail,1
ties,1
trade,1
status,1
both,1
reveals,1
own,1
wilson,1
illustrates,1
three,1
imperative,1
against,1
missile,1
frustrated,1
welcomed,1
errors,1
author,1
citing,1
points,1
accept,1
sustain,1
cooperate,1
victory,1
interest,1
tactical,1
looking,1
spawned,1
good,1
change,1
august,1
course,1
offer,1
solution,1
mixed,1
defense,1
instead,1
should,1
someone,1
afford,1
declining,1
d,1
timorous,1
field,1
responsibility,1
armada,1
overt,1
coup,1
product,1
played,1
affirmation,1
effects,1
aggressors,1
sufficient,1
pinpointed,1
demarches,1
last,1
nonintervention,1
satan,1
provides,1
officials,1
developments,1
conciliation,1
taught,1
peacetime,1
tags,1
never,1
small,1
kippur,1
several,1
nourished,1
ensconced,1
dissent,1
concerning,1
facing,1
dispensed,1
back,1
written,1
bloody,1
forrestal,1
safeguard,1
withdraw,1
between,1
trigger,1
significantly,1
valuable,1
invade,1
gene,1
vacuum,1
protect,1
solidify,1
guardian,1
left,1
pro,1
johnson,1
describing,1
carrier,1
wrought,1
era,1
headmaster,1
structure,1
always,1
analysis,1
confusing,1
early,1
barely,1
woes,1
generally,1
ballooned,1
downturn,1
majority,1
radar,1
pipe,1
wife,1
describes,1
paid,1
ignores,1
strong,1
gregston,1
apparently,1
we,1
than,1
preferable,1
roots,1
portrays,1
notes,1
quid,1
connections,1
insignificant,1
banca,1
substituted,1
metamorphosis,1
operational,1
general,1
building,1
kurds,1
asked,1
airliner,1
sent,1
regimes,1
acted,1
signals,1
showed,1
influence,1
swirling,1
according,1
augmented,1
concluded,1
adviser,1
content,1
petroleum,1
