WORDCOUNTS,WEIGHT
the,366
of,153
and,136
in,115
to,108
war,67
a,57
s,54
military,37
world,37
stoler,35
chiefs,32
as,29
for,29
by,25
on,25
soviet,24
second,22
his,22
army,22
during,22
history,21
joint,21
it,19
their,19
this,18
an,18
navy,17
remained,17
not,16
with,16
union,16
that,15
have,15
be,15
from,14
u,14
fdr,13
american,13
but,13
roosevelt,13
between,13
pacific,12
is,12
policy,12
senior,12
strategy,12
staff,12
at,11
he,11
strategic,11
had,11
planners,10
planning,10
would,10
postwar,10
role,9
united,9
into,9
more,9
states,9
especially,9
even,9
how,8
who,8
marshall,8
influence,8
british,7
was,7
believed,7
naval,7
ii,7
japan,7
has,7
they,7
cold,7
state,7
air,6
foreign,6
force,6
chief,6
department,6
power,6
europe,6
efforts,6
did,6
scholars,6
far,6
officers,6
were,6
both,6
there,6
after,6
shift,6
been,5
service,5
piehler,5
about,5
win,5
grand,5
only,5
important,5
view,5
official,5
best,5
desire,5
objectives,5
late,5
growing,5
reviews,5
wartime,5
historians,5
commander,5
president,5
argues,5
through,5
intentions,5
significant,5
central,5
interest,5
willing,5
britain,5
when,5
european,5
traced,5
leadership,5
jcs,4
george,4
invasion,4
does,4
secretary,4
ensure,4
university,4
allies,4
thinking,4
these,4
origins,4
also,4
many,4
leaders,4
plan,4
stressed,4
forces,4
written,4
never,4
them,4
see,4
among,4
king,4
james,4
account,4
part,4
civil,4
press,4
skeptical,4
policymakers,4
maintains,4
first,4
alliance,4
finding,4
september,4
good,4
published,4
relations,4
one,4
contrast,4
settlement,4
civilian,4
can,4
early,4
given,4
need,4
decision,4
generation,4
will,3
take,3
essential,3
operations,3
if,3
mark,3
f,3
created,3
islands,3
veterans,3
initially,3
executive,3
often,3
adversaries,3
authority,3
support,3
months,3
understand,3
wanted,3
entry,3
before,3
impact,3
most,3
increasingly,3
long,3
interests,3
other,3
vols,3
over,3
surrender,3
opening,3
book,3
expense,3
differences,3
minimized,3
atomic,3
defeat,3
primacy,3
examining,3
great,3
took,3
political,3
what,3
lead,3
interwar,3
embick,3
until,3
troops,3
maintain,3
axis,3
public,3
sought,3
continent,3
some,3
prior,3
made,3
little,3
upon,3
resources,3
place,3
services,3
ultimately,3
such,3
years,3
clear,3
against,3
national,3
accept,3
victory,3
although,3
land,3
shaping,3
played,3
order,3
quite,3
several,3
body,3
starting,3
adversary,3
fully,3
instance,3
much,3
kurt,2
admiral,2
front,2
point,2
africa,2
difficult,2
way,2
crucial,2
within,2
ways,2
commitment,2
resisted,2
attitude,2
brief,2
red,2
success,2
earlier,2
lives,2
decisions,2
special,2
study,2
relationship,2
existed,2
proposals,2
hull,2
coordination,2
making,2
security,2
studies,2
suspicious,2
serve,2
or,2
without,2
pearl,2
necessary,2
clearly,2
director,2
proposed,2
broke,2
house,2
no,2
too,2
w,2
simply,2
vietnam,2
followed,2
stemmed,2
oral,2
creation,2
toward,2
others,2
princeton,2
expressed,2
result,2
allow,2
harbor,2
down,2
histories,2
access,2
bomb,2
out,2
changed,2
demands,2
enemy,2
reflected,2
allocated,2
him,2
initial,2
blockade,2
office,2
channel,2
ally,2
new,2
raised,2
those,2
defend,2
william,2
understood,2
scholarly,2
accepted,2
establish,2
ernest,2
civilians,2
macarthur,2
eastern,2
america,2
reminds,2
having,2
offensive,2
views,2
future,2
work,2
international,2
conference,2
own,2
range,2
vital,2
entrance,2
recognition,2
west,2
formal,2
region,2
establishment,2
calls,2
its,2
plans,2
commissioned,2
recounts,2
gain,2
questions,2
regarding,2
conflict,2
ends,2
franklin,2
which,2
full,2
than,2
spring,2
difference,2
inevitable,2
due,2
write,2
g,2
balkans,2
change,2
dangerous,2
course,2
officials,2
keep,2
issued,2
agreed,2
japanese,2
affairs,2
rutgers,2
sharp,2
objections,2
campaign,2
envisioned,2
academic,2
secretaries,2
forrestal,2
fight,2
invaluable,2
seeking,2
substantial,2
method,2
white,2
italy,2
splitting,2
figures,2
north,2
notes,2
attention,2
insisted,2
division,2
commanders,2
society,2
surprising,2
setbacks,1
dealing,1
leighton,1
entitled,1
worldview,1
rights,1
talks,1
critical,1
adeptly,1
weapons,1
archives,1
definitively,1
formulated,1
negotiations,1
weapon,1
knoxville,1
grandchildren,1
begins,1
devote,1
sovereign,1
wishes,1
recognized,1
aid,1
arrangement,1
combatant,1
m,1
reflects,1
infighting,1
mexico,1
territorial,1
equals,1
academia,1
elevating,1
conflicting,1
continued,1
act,1
weaponry,1
provide,1
continental,1
bulk,1
later,1
figure,1
expanding,1
ire,1
continuing,1
wrote,1
fearing,1
bristled,1
faced,1
harriman,1
remain,1
edward,1
expansion,1
soviets,1
hill,1
sort,1
limited,1
grim,1
longrecognized,1
bolstering,1
canonize,1
coakley,1
inside,1
led,1
tide,1
lines,1
ryan,1
college,1
charts,1
initiatives,1
notion,1
nexus,1
western,1
needlessly,1
attempt,1
authorizing,1
yale,1
circumvent,1
c,1
granted,1
presently,1
notably,1
accommodating,1
effectively,1
proposition,1
experiences,1
contribution,1
legendary,1
minutes,1
churchill,1
thorough,1
reservations,1
vulnerable,1
becoming,1
modes,1
large,1
direct,1
balanced,1
documentaries,1
replaced,1
thrust,1
achievements,1
trusteeship,1
chairs,1
race,1
lieutenants,1
groped,1
responsible,1
diplomatic,1
judicious,1
diverge,1
hollywood,1
checking,1
cases,1
fall,1
mortality,1
once,1
remembering,1
colin,1
space,1
circumspect,1
bypass,1
hailed,1
vignettes,1
warfare,1
loomed,1
coalition,1
involvement,1
represents,1
pp,1
read,1
erudite,1
builds,1
grounded,1
counterparts,1
east,1
meant,1
considerations,1
under,1
diminished,1
filmmakers,1
matters,1
flexibility,1
enigma,1
committee,1
index,1
regularly,1
necessarily,1
casualty,1
assistant,1
aimed,1
reintegration,1
contemplated,1
schnabel,1
day,1
home,1
exercised,1
emergence,1
branch,1
eventually,1
biographical,1
proved,1
matloff,1
historian,1
hayes,1
something,1
edu,1
generational,1
contemporaries,1
granting,1
are,1
argued,1
changing,1
prevent,1
contact,1
dating,1
opportunistic,1
insights,1
age,1
existence,1
autonomy,1
show,1
provoked,1
two,1
reports,1
veto,1
acknowledges,1
potential,1
officially,1
noted,1
said,1
lingering,1
resource,1
solidly,1
cate,1
member,1
deferred,1
informed,1
defeated,1
frustration,1
officer,1
robert,1
truman,1
offered,1
bookstores,1
hallmark,1
sherwin,1
schindler,1
willingness,1
sources,1
advisors,1
davis,1
record,1
outbreak,1
worst,1
embraced,1
immense,1
fronts,1
invade,1
repeatedly,1
lose,1
earle,1
begin,1
organizational,1
offers,1
french,1
thesis,1
weaken,1
established,1
sections,1
founding,1
persian,1
implications,1
stated,1
films,1
dwight,1
delano,1
preference,1
concentrated,1
renewed,1
exploded,1
branches,1
balkan,1
deserves,1
retained,1
dissects,1
l,1
stem,1
worked,1
each,1
all,1
alienating,1
goal,1
greater,1
environment,1
admire,1
marines,1
steven,1
kennan,1
came,1
december,1
earned,1
longer,1
relieve,1
rivals,1
shaped,1
http,1
wide,1
key,1
insatiable,1
board,1
available,1
anyone,1
scientists,1
head,1
secondary,1
could,1
pressure,1
acknowledgments,1
wesley,1
theme,1
larrabee,1
mandate,1
called,1
documents,1
careers,1
sprout,1
attack,1
allied,1
choice,1
post,1
rich,1
superiors,1
casualties,1
children,1
come,1
anglophobia,1
departments,1
consulting,1
become,1
vernon,1
any,1
shared,1
atlantic,1
john,1
powell,1
prospects,1
end,1
carolina,1
launch,1
xxii,1
outlines,1
know,1
doubt,1
formulating,1
survey,1
build,1
destroyed,1
program,1
considerable,1
acclaim,1
subsequent,1
so,1
past,1
maurice,1
attained,1
disputes,1
passage,1
deane,1
rebuke,1
assessment,1
options,1
bargaining,1
advances,1
anglophobic,1
person,1
outside,1
further,1
companion,1
emphasized,1
monographs,1
stature,1
classified,1
corps,1
operating,1
biographies,1
somewhat,1
hitler,1
dispassionately,1
johns,1
deferential,1
developing,1
proceedings,1
stressing,1
cline,1
activist,1
existing,1
indirect,1
circles,1
morrison,1
conceiving,1
advice,1
center,1
relevant,1
divide,1
terms,1
ad,1
list,1
discord,1
system,1
monograph,1
cannot,1
accounts,1
defense,1
case,1
want,1
issue,1
excellent,1
side,1
era,1
bullitt,1
cairo,1
placed,1
disarmament,1
ignorance,1
flaws,1
attitudes,1
cabinet,1
conclusion,1
vol,1
charter,1
militarydiplomatic,1
saving,1
conferences,1
eds,1
series,1
books,1
dumbarton,1
briefly,1
style,1
commercial,1
task,1
draws,1
listen,1
reconciled,1
revolutionary,1
hopkins,1
number,1
bases,1
possibility,1
foundations,1
appetite,1
extract,1
draw,1
eisenhower,1
institute,1
because,1
bureaucratic,1
retired,1
abruptly,1
premised,1
shape,1
imperial,1
gained,1
balance,1
sphere,1
network,1
occupying,1
credit,1
nonetheless,1
possible,1
e,1
private,1
lifetime,1
understanding,1
stance,1
greatest,1
conduit,1
meetings,1
literature,1
july,1
middle,1
cost,1
measures,1
douglas,1
establishing,1
received,1
powers,1
bibliography,1
richard,1
occupy,1
caused,1
values,1
preserved,1
unsuccessfully,1
leahy,1
average,1
sides,1
portraying,1
politics,1
story,1
headed,1
drew,1
individual,1
arose,1
discusses,1
hiroshima,1
chip,1
depended,1
providing,1
desirable,1
increased,1
quickly,1
arms,1
brokaw,1
november,1
forge,1
unrealistic,1
concessions,1
himself,1
recapture,1
mercurial,1
concern,1
interviews,1
administration,1
command,1
used,1
stationed,1
realm,1
policymaking,1
outpouring,1
tracing,1
older,1
split,1
policies,1
make,1
harold,1
duped,1
overrule,1
issues,1
immediately,1
exposed,1
diverting,1
expertise,1
wehrmacht,1
oaks,1
being,1
commercially,1
professor,1
hoc,1
throughout,1
peripheral,1
eric,1
saw,1
annotated,1
sanctioned,1
legislation,1
vulnerability,1
germany,1
believes,1
devoted,1
staffs,1
stalin,1
statute,1
tell,1
testing,1
considering,1
nuclear,1
modify,1
emboldened,1
editor,1
development,1
philippines,1
memoirs,1
feasibility,1
since,1
diplomat,1
diplomacy,1
paradigm,1
web,1
mead,1
silent,1
samuel,1
movies,1
washington,1
author,1
finally,1
dissenters,1
cooperate,1
collapsed,1
exemplary,1
sat,1
creating,1
general,1
instead,1
less,1
teheran,1
sense,1
someone,1
successful,1
discerning,1
conducted,1
period,1
anger,1
advent,1
blueprint,1
arena,1
unified,1
tom,1
spielberg,1
codified,1
developed,1
preserve,1
extensively,1
global,1
distinction,1
hemispheric,1
box,1
clash,1
defined,1
attempted,1
theater,1
precedents,1
pinned,1
mediterranean,1
emphasizes,1
rejecting,1
extremely,1
martin,1
actively,1
remains,1
nor,1
cordell,1
latter,1
around,1
clashes,1
behest,1
craven,1
artificial,1
opposition,1
perspective,1
respective,1
favored,1
valued,1
grapples,1
supported,1
few,1
profound,1
cogent,1
back,1
internal,1
highly,1
realists,1
seek,1
columbia,1
chapel,1
withdrew,1
sacrificing,1
intruding,1
oxford,1
dramatic,1
leader,1
allowing,1
reticent,1
postponed,1
sight,1
deployment,1
protect,1
archival,1
chicago,1
topics,1
narrates,1
effective,1
witnessed,1
differing,1
sentiments,1
attendant,1
wisely,1
averell,1
collaboration,1
debate,1
blatant,1
maximum,1
inability,1
internationalism,1
working,1
maxwell,1
southwest,1
gulf,1
remiss,1
costly,1
principal,1
potsdam,1
strong,1
we,1
grace,1
taylor,1
roots,1
recent,1
risked,1
simplistic,1
programming,1
cross,1
assessments,1
caution,1
should,1
newly,1
pronounced,1
meeting,1
subordinates,1
workings,1
settle,1
stanley,1
compromise,1
logistics,1
stereotypes,1
holding,1
variety,1
examines,1
avoid,1
retrospect,1
ray,1
separate,1
china,1
tennessee,1
battles,1
