WORDCOUNTS,WEIGHT
the,123
and,84
of,81
to,61
in,54
eastman,53
a,46
his,41
that,30
s,28
he,27
as,26
for,24
brayer,18
p,17
with,15
by,14
is,13
on,13
but,12
it,11
kodak,11
her,11
this,11
an,11
was,10
film,9
she,9
george,9
american,9
life,9
not,9
from,9
had,9
company,9
more,8
at,7
one,7
history,7
rochester,7
other,7
or,6
name,6
new,6
some,6
through,6
its,6
such,6
have,6
after,6
when,6
notes,6
who,5
roeder,5
face,5
came,5
out,5
camera,5
market,5
made,5
industry,5
much,5
will,4
no,4
they,4
pp,4
school,4
long,4
putting,4
also,4
many,4
are,4
time,4
left,4
be,4
most,4
which,4
good,4
would,4
so,4
workers,4
than,4
does,3
donations,3
various,3
if,3
decades,3
often,3
about,3
word,3
thought,3
university,3
largest,3
biography,3
picture,3
including,3
sources,3
text,3
business,3
later,3
toward,3
might,3
death,3
over,3
my,3
book,3
could,3
great,3
children,3
edison,3
economy,3
photography,3
reviews,3
case,3
ford,3
projects,3
public,3
motion,3
because,3
larger,3
press,3
became,3
photographic,3
issues,3
point,3
central,3
music,3
personal,3
professional,3
dry,3
why,3
employees,3
world,3
appeal,2
model,2
revolution,2
things,2
telephone,2
calm,2
surpassed,2
demand,2
implications,2
note,2
sometimes,2
critical,2
names,2
generous,2
developed,2
wait,2
attitude,2
process,2
grew,2
rapidly,2
told,2
their,2
japanese,2
complex,2
philanthropist,2
education,2
yet,2
h,2
support,2
reason,2
detail,2
organization,2
then,2
any,2
chief,2
without,2
age,2
experience,2
extensive,2
friend,2
first,2
known,2
requires,2
organizational,2
production,2
important,2
view,2
put,2
response,2
efforts,2
did,2
seem,2
cine,2
indeed,2
products,2
graham,2
man,2
search,2
works,2
living,2
better,2
date,2
plate,2
henry,2
gifts,2
though,2
war,2
johns,2
competitors,2
context,2
making,2
however,2
simplicity,2
patent,2
writes,2
jenkins,2
has,2
hopkins,2
technical,2
information,2
account,2
suicide,2
associates,2
quality,2
discussion,2
international,2
both,2
even,2
presented,2
son,2
lifetime,2
met,2
given,2
despite,2
grow,2
himself,2
identifies,2
gave,2
results,2
place,2
policies,2
work,2
pleasure,2
september,2
million,2
throughout,2
were,2
full,2
anything,2
own,2
national,2
author,2
keep,2
include,2
period,2
jr,2
him,2
brownie,2
thomas,2
involved,2
person,2
few,2
bell,2
effective,2
mainly,2
chicago,2
do,2
always,2
entire,2
bolsheviki,2
focus,2
concise,2
rest,2
activities,2
major,2
product,2
limiting,1
industries,1
architecture,1
using,1
final,1
entitled,1
carried,1
go,1
operation,1
superlative,1
censors,1
reorganizations,1
led,1
profoundly,1
springs,1
devote,1
second,1
berlin,1
curricula,1
americans,1
york,1
whose,1
buildings,1
essential,1
flower,1
today,1
philanthropic,1
repetitions,1
limits,1
attempts,1
russian,1
materials,1
fanaticism,1
way,1
coating,1
continued,1
reliability,1
provide,1
vicissitudes,1
english,1
figure,1
bring,1
develops,1
growth,1
donor,1
mark,1
complexities,1
compatible,1
pull,1
operating,1
dictate,1
adds,1
box,1
how,1
created,1
remain,1
functional,1
newest,1
praised,1
worldly,1
techniques,1
culminated,1
elizabeth,1
brief,1
theater,1
recapitalization,1
nearly,1
lightweight,1
slow,1
red,1
lasting,1
rather,1
gift,1
sensitive,1
tenement,1
practiced,1
fdr,1
community,1
detailed,1
exhaustively,1
designer,1
force,1
technically,1
began,1
garden,1
earlier,1
determination,1
legal,1
flexible,1
charm,1
praises,1
contribution,1
similar,1
arrangement,1
initially,1
center,1
try,1
countries,1
memorable,1
conflicts,1
factories,1
owed,1
contributions,1
pages,1
bucolic,1
workdays,1
instructions,1
inspired,1
offerings,1
illustrations,1
cumbersome,1
kill,1
spies,1
prime,1
united,1
frank,1
once,1
likely,1
handles,1
institute,1
equaled,1
supporting,1
mother,1
akin,1
walking,1
rulings,1
push,1
examined,1
lives,1
boorstin,1
served,1
easily,1
changes,1
combines,1
mit,1
delivers,1
encountering,1
bank,1
clerk,1
candidate,1
resemble,1
immensely,1
earliest,1
technology,1
matters,1
beneficiaries,1
policy,1
pitiable,1
corrects,1
index,1
discouraged,1
seems,1
familiar,1
reflects,1
into,1
processing,1
charitable,1
neglected,1
included,1
habits,1
manifestly,1
ambitious,1
paper,1
setbacks,1
projector,1
constant,1
assistance,1
elsewhere,1
delight,1
just,1
recruiting,1
instructors,1
growing,1
accomplishments,1
lessons,1
incorrectly,1
welfare,1
called,1
baltimore,1
variety,1
sales,1
mentioned,1
experiment,1
frequently,1
institutes,1
specialized,1
industrial,1
women,1
founded,1
fullcolor,1
autonomy,1
emotional,1
vocabulary,1
democratic,1
anonymously,1
exacting,1
resource,1
rise,1
origins,1
addressed,1
theme,1
t,1
social,1
skillful,1
predates,1
physical,1
credentials,1
modest,1
cost,1
party,1
cliches,1
acorn,1
organizations,1
leader,1
car,1
patients,1
lengthen,1
skill,1
potential,1
publicity,1
care,1
request,1
give,1
simplifying,1
scare,1
uncritically,1
know,1
join,1
brownell,1
others,1
footnote,1
branches,1
appear,1
subject,1
corporate,1
squeezing,1
worked,1
introducing,1
friends,1
economic,1
celluloid,1
advanced,1
financial,1
scientists,1
j,1
pantheon,1
headquarters,1
visual,1
genteel,1
troubling,1
uses,1
only,1
remembered,1
georgia,1
guests,1
latent,1
outside,1
rivals,1
reach,1
stories,1
board,1
dollars,1
capital,1
celebratory,1
skills,1
abilities,1
alexander,1
withheld,1
unionizing,1
medicine,1
train,1
method,1
entered,1
novel,1
areas,1
color,1
strength,1
finder,1
universal,1
rollholder,1
right,1
philanthropy,1
loyalty,1
allied,1
attempt,1
cornering,1
eugenics,1
exotic,1
counting,1
rich,1
shaping,1
warm,1
lived,1
bomb,1
melbourne,1
studied,1
output,1
demands,1
job,1
communistic,1
xiii,1
hundred,1
faults,1
far,1
cautious,1
antitrust,1
visits,1
nuclear,1
build,1
cities,1
machinery,1
minutely,1
charges,1
movie,1
help,1
initial,1
observes,1
innumerable,1
roosevelt,1
removal,1
country,1
representative,1
leaves,1
fitted,1
term,1
relegated,1
persistence,1
devised,1
learning,1
places,1
patterns,1
turned,1
readers,1
written,1
well,1
alert,1
respond,1
clarity,1
beginning,1
movements,1
everyday,1
paris,1
those,1
prompt,1
cultural,1
quiet,1
complicated,1
focused,1
unlikely,1
expressed,1
fixed,1
block,1
developing,1
exacerbate,1
daniel,1
perfectionist,1
existing,1
extreme,1
power,1
voluntarily,1
unique,1
papers,1
legend,1
photographer,1
jobs,1
inventor,1
fangs,1
see,1
ones,1
involvement,1
makeshift,1
dance,1
can,1
pertinent,1
otherwise,1
wealth,1
placed,1
democratization,1
hein,1
eds,1
seven,1
selden,1
books,1
therapy,1
distribution,1
directly,1
historians,1
professionals,1
subsequent,1
supplemented,1
clinics,1
exposures,1
adverse,1
while,1
primary,1
sought,1
going,1
possibility,1
mass,1
remarkably,1
periphery,1
retailers,1
complain,1
pursued,1
rejected,1
kitchen,1
unequivocally,1
changing,1
none,1
original,1
bathtub,1
another,1
thousands,1
having,1
cents,1
episode,1
placing,1
medical,1
accounting,1
herd,1
luck,1
reese,1
lancey,1
activity,1
casual,1
used,1
condition,1
art,1
i,1
july,1
thematically,1
scold,1
sale,1
popular,1
planning,1
scope,1
success,1
examples,1
these,1
martha,1
bibliography,1
moscow,1
accessories,1
insight,1
upon,1
scheme,1
insights,1
limitations,1
result,1
biographers,1
fine,1
unless,1
significantly,1
laura,1
characterization,1
x,1
infringement,1
introduced,1
city,1
explains,1
training,1
example,1
greatest,1
marketing,1
knowledge,1
looking,1
apparent,1
dollar,1
contacts,1
related,1
nation,1
sounding,1
done,1
excessive,1
innovator,1
description,1
astonishing,1
tuskegee,1
entrepreneur,1
perspective,1
dozens,1
loss,1
whole,1
hosted,1
sold,1
older,1
acknowledges,1
discussions,1
station,1
during,1
alternating,1
refers,1
make,1
describes,1
afflicting,1
partly,1
maria,1
oak,1
beginnings,1
records,1
writing,1
learned,1
fuzziness,1
earn,1
assign,1
father,1
take,1
story,1
goal,1
like,1
engaged,1
strong,1
continue,1
chapters,1
franklin,1
unmarried,1
named,1
raising,1
away,1
darragh,1
discriminated,1
deemed,1
complemented,1
sponsored,1
announce,1
devoted,1
vacations,1
evidence,1
students,1
patents,1
project,1
engineers,1
pattern,1
commercial,1
civic,1
difficulties,1
lists,1
development,1
reveals,1
button,1
run,1
accepts,1
average,1
memoirs,1
trends,1
three,1
health,1
quest,1
against,1
wielded,1
contradictions,1
compressed,1
count,1
approach,1
manipulation,1
permit,1
ailments,1
institutional,1
either,1
write,1
de,1
movies,1
finally,1
virtues,1
group,1
safety,1
explaining,1
dozen,1
admission,1
prolonged,1
general,1
individual,1
correct,1
successful,1
describing,1
d,1
hard,1
field,1
need,1
constructed,1
plant,1
markets,1
unexpected,1
connected,1
manufacturer,1
reliable,1
states,1
dealings,1
century,1
ge,1
involving,1
you,1
quotes,1
colleagues,1
order,1
funds,1
kept,1
priority,1
joked,1
posthumously,1
gun,1
black,1
managerial,1
exceeded,1
abundant,1
economical,1
union,1
arbitrary,1
event,1
remains,1
nor,1
amidst,1
increased,1
plates,1
every,1
displays,1
several,1
needs,1
tonsils,1
mind,1
profits,1
depend,1
offered,1
chores,1
enough,1
amount,1
subjects,1
members,1
highly,1
structural,1
revealing,1
qualities,1
hoped,1
upstate,1
hampton,1
methods,1
eloquent,1
viewpoint,1
facility,1
young,1
become,1
moving,1
representing,1
russia,1
importance,1
scholarship,1
soundness,1
traveler,1
coworkers,1
employers,1
enlightened,1
publications,1
enterprise,1
all,1
died,1
early,1
visible,1
seeking,1
up,1
london,1
colleges,1
working,1
fruition,1
equipment,1
little,1
unresolved,1
dental,1
traditional,1
wife,1
images,1
schooling,1
details,1
following,1
invented,1
saw,1
we,1
panic,1
deeply,1
amateur,1
relative,1
famous,1
diminished,1
value,1
occasion,1
should,1
newly,1
building,1
controversial,1
provided,1
strangle,1
finds,1
resources,1
slogan,1
sporadic,1
widely,1
attended,1
behalf,1
spartan,1
iww,1
poverty,1
battles,1
