WORDCOUNTS,WEIGHT
the,243
of,142
and,67
to,61
in,40
a,37
morrison,36
that,35
slavery,32
he,25
as,25
expansion,23
p,23
issue,20
was,19
s,19
by,18
war,17
it,16
american,16
party,16
for,16
political,16
their,15
politics,14
they,13
on,13
had,13
civil,13
is,12
with,12
but,12
extension,12
were,12
have,12
this,11
not,10
history,10
has,10
his,9
sectionalization,9
democrats,9
over,9
sectional,9
an,9
south,8
americans,8
antebellum,8
from,8
historians,8
territorial,7
southern,7
believed,7
role,7
its,7
so,7
at,6
will,6
whigs,6
maizlish,6
while,6
silbey,6
jacksonian,6
both,6
which,6
would,6
be,6
democracy,5
republican,5
ideology,5
revolutionary,5
e,5
each,5
government,5
popular,5
explains,5
conflict,5
crisis,5
period,5
early,5
north,5
critical,4
been,4
growth,4
much,4
stephen,4
just,4
argued,4
first,4
all,4
many,4
liberty,4
parties,4
what,4
viewed,4
michael,4
system,4
sovereignty,4
argues,4
local,4
west,4
part,4
through,4
freedom,4
issues,4
question,4
origins,4
years,4
significance,4
national,4
individual,4
spread,4
between,4
northern,4
texas,4
rather,3
process,3
politicians,3
republic,3
federal,3
interpretation,3
country,3
university,3
claims,3
sections,3
or,3
any,3
whig,3
these,3
theme,3
gap,3
territories,3
westward,3
heritage,3
j,3
shows,3
tradition,3
could,3
insists,3
time,3
sectionalism,3
larger,3
contends,3
those,3
gienapp,3
reviews,3
see,3
because,3
despotism,3
work,3
future,3
annexation,3
nation,3
along,3
democratic,3
during,3
demonstrates,3
lecompton,3
coming,3
than,3
dominated,3
divisions,3
ethnocultural,3
revolution,3
settlement,3
especially,3
concerns,3
slave,3
always,3
when,3
even,3
given,3
describes,3
joel,3
should,3
proviso,3
decentralized,2
second,2
equality,2
without,2
act,2
economic,2
failed,2
h,2
how,2
lines,2
institutions,2
who,2
fragmented,2
began,2
manifest,2
one,2
about,2
hope,2
live,2
support,2
pp,2
western,2
before,2
same,2
already,2
simply,2
common,2
consistent,2
either,2
nativism,2
more,2
secession,2
restriction,2
power,2
attempt,2
view,2
intellectual,2
historiography,2
different,2
december,2
lead,2
other,2
borders,2
great,2
britain,2
deal,2
mills,2
new,2
bound,2
themselves,2
past,2
further,2
william,2
where,2
within,2
extend,2
case,2
can,2
focusing,2
belief,2
controversy,2
primary,2
out,2
america,2
fight,2
prior,2
some,2
determined,2
dissolution,2
northerners,2
shared,2
sectionalized,2
brought,2
point,2
example,2
holt,2
press,2
two,2
concern,2
entirely,2
territory,2
southerners,2
expansive,2
now,2
goal,2
alignments,2
regions,2
change,2
social,2
viewing,2
insisted,2
disruption,2
played,2
held,2
attempted,2
destiny,2
solution,2
thornton,2
around,2
left,2
third,2
examine,2
debate,2
views,2
up,2
develop,2
saw,2
institution,2
generation,2
congressional,2
society,2
alabama,1
void,1
analytic,1
grasping,1
battle,1
fillip,1
defended,1
principled,1
therefore,1
aspirations,1
relying,1
relationship,1
interparty,1
gloomy,1
aid,1
struggle,1
backward,1
dangerously,1
shattered,1
declaration,1
violation,1
accomplish,1
agitation,1
ably,1
wisdom,1
alike,1
way,1
conflicting,1
continued,1
chase,1
assert,1
adopt,1
johns,1
battled,1
indeed,1
f,1
commitment,1
claimed,1
fear,1
hill,1
forced,1
basic,1
does,1
wings,1
select,1
affected,1
widening,1
brief,1
levels,1
fairly,1
filled,1
primarily,1
presentation,1
revisionism,1
independence,1
brings,1
upward,1
excluding,1
transformed,1
requisite,1
still,1
establishes,1
abstraction,1
force,1
dred,1
contribution,1
interplay,1
wilmot,1
remaining,1
importance,1
solutions,1
tracing,1
direct,1
frames,1
complex,1
thrust,1
denied,1
why,1
studies,1
sharply,1
slaveholders,1
methods,1
casually,1
diplomatic,1
mobility,1
analysis,1
fanatical,1
essays,1
lay,1
existed,1
united,1
once,1
consequences,1
likely,1
frontier,1
expansionism,1
scholarship,1
bridged,1
enforced,1
yet,1
proclaimed,1
defenders,1
accounts,1
opportunities,1
face,1
twenty,1
kushma,1
flirtation,1
desperately,1
makes,1
results,1
maintaining,1
applied,1
soon,1
fought,1
proclaims,1
continuity,1
biased,1
cause,1
demanding,1
rightful,1
oppressive,1
challenged,1
improvement,1
index,1
school,1
imposing,1
into,1
unlike,1
seriously,1
inequality,1
ambitious,1
fathers,1
essence,1
associated,1
illuminated,1
liberties,1
detailing,1
interpretative,1
impact,1
dominate,1
citizenry,1
contested,1
comes,1
mexican,1
agitators,1
weak,1
al,1
advancing,1
ringing,1
themes,1
most,1
autonomy,1
show,1
arms,1
department,1
experience,1
violations,1
dispute,1
acknowledges,1
being,1
romance,1
powerful,1
sealed,1
stressed,1
considers,1
discarded,1
position,1
sources,1
long,1
surge,1
destroying,1
salmon,1
insure,1
creation,1
also,1
middle,1
sustained,1
victim,1
transformation,1
destructive,1
established,1
set,1
founding,1
hoax,1
stronger,1
important,1
strategy,1
faced,1
outcome,1
eds,1
others,1
fragmentation,1
systems,1
constitution,1
meaning,1
conflicts,1
disappeared,1
control,1
illuminate,1
opponents,1
roark,1
greater,1
words,1
revivify,1
came,1
longer,1
validating,1
acting,1
shaped,1
idea,1
key,1
preserve,1
did,1
best,1
xii,1
secondary,1
harder,1
fortunes,1
assertion,1
federally,1
governed,1
distrustful,1
ambition,1
beliefs,1
confederacy,1
right,1
differences,1
consent,1
reform,1
achieved,1
maneuver,1
together,1
thoroughgoing,1
practical,1
diverse,1
clearly,1
promised,1
arlington,1
john,1
concludes,1
extensionists,1
events,1
primacy,1
carolina,1
room,1
cohesion,1
real,1
examining,1
differed,1
vigorous,1
defending,1
called,1
enslaving,1
perception,1
masters,1
unacceptably,1
last,1
tracking,1
forms,1
turned,1
took,1
date,1
overcrowding,1
greatly,1
following,1
do,1
raised,1
defend,1
ligaments,1
surely,1
focused,1
manner,1
wage,1
nationally,1
beringer,1
concedes,1
intersection,1
context,1
establish,1
them,1
orthodoxy,1
recently,1
produced,1
heavily,1
necessary,1
thirty,1
ed,1
wartime,1
existence,1
lens,1
reconstruction,1
contrasting,1
invitation,1
perhaps,1
ideological,1
central,1
attacked,1
struggling,1
understandably,1
task,1
undertaking,1
hopkins,1
sought,1
argument,1
day,1
undermined,1
failure,1
well,1
commitments,1
briskly,1
lost,1
directly,1
none,1
having,1
able,1
resolutely,1
prewar,1
breakdown,1
traditionalist,1
emphasis,1
understanding,1
planters,1
literature,1
vast,1
divided,1
admits,1
anxieties,1
object,1
douglas,1
intent,1
establishing,1
examples,1
suggests,1
responding,1
bibliography,1
move,1
richard,1
prism,1
factions,1
bear,1
values,1
careful,1
slaves,1
code,1
taking,1
little,1
generated,1
enhanced,1
play,1
became,1
representing,1
himself,1
identity,1
positions,1
minority,1
transition,1
lies,1
assumptions,1
everywhere,1
denies,1
extended,1
cruelly,1
abused,1
conclusively,1
bondage,1
tied,1
place,1
drama,1
james,1
inherited,1
engaging,1
disrupted,1
guilty,1
relevance,1
writing,1
linked,1
repeatedly,1
complained,1
human,1
preoccupied,1
arena,1
antipathy,1
maintains,1
nothing,1
et,1
examination,1
throughout,1
come,1
personal,1
focuses,1
partisan,1
collapse,1
rise,1
believes,1
eras,1
devoted,1
moderate,1
ultimately,1
students,1
spring,1
roots,1
tyrannical,1
reassert,1
immediate,1
trace,1
status,1
maneuvers,1
notes,1
meanings,1
initiated,1
advent,1
three,1
objective,1
against,1
reality,1
directed,1
approach,1
made,1
welcomed,1
author,1
sundered,1
subtle,1
revolve,1
preceded,1
course,1
previously,1
dismisses,1
david,1
issued,1
alienated,1
field,1
diminish,1
function,1
constellation,1
shaping,1
wished,1
states,1
periods,1
centrality,1
doing,1
affairs,1
illeffects,1
wing,1
seeks,1
finesse,1
diversion,1
unity,1
emphasizes,1
believing,1
quite,1
presenting,1
elements,1
nor,1
pretensions,1
old,1
late,1
overshadowed,1
quick,1
underlying,1
opposition,1
behaving,1
document,1
baffled,1
respective,1
favored,1
severed,1
offered,1
specific,1
supported,1
few,1
convincing,1
differently,1
satisfy,1
bridge,1
response,1
restrictionists,1
chapel,1
disaster,1
eclipse,1
single,1
become,1
fate,1
research,1
exhaustive,1
emphasized,1
protect,1
development,1
junctures,1
differing,1
impossible,1
era,1
wisely,1
structure,1
fighting,1
successfully,1
scott,1
l,1
analyze,1
majority,1
kansasnebraska,1
charging,1
crumbling,1
designed,1
divergent,1
journal,1
traditional,1
gulf,1
focus,1
world,1
desperate,1
details,1
semblance,1
among,1
often,1
tendency,1
destruction,1
resist,1
reflected,1
evidence,1
ago,1
blueprint,1
nativist,1
convincingly,1
concluded,1
widely,1
perilously,1
decision,1
