WORDCOUNTS,WEIGHT
the,151
and,88
of,87
to,73
in,68
a,54
churchill,43
was,43
his,37
s,36
he,31
that,31
james,25
for,20
is,19
revolution,18
it,17
webb,17
as,16
but,16
william,15
with,14
army,13
by,13
not,13
p,13
lord,12
england,12
america,12
history,11
king,11
which,11
had,10
anne,10
this,10
on,10
an,10
glorious,9
were,9
against,9
coup,9
french,9
who,8
english,8
ii,8
american,8
their,7
book,7
military,7
did,7
religion,7
than,7
would,7
him,7
rather,6
says,6
duke,6
from,6
state,6
primitive,6
though,6
british,6
at,5
later,5
support,5
mary,5
first,5
more,5
are,5
leading,5
could,5
government,5
far,5
there,5
her,5
britain,5
be,5
when,5
political,5
george,4
if,4
louis,4
life,4
about,4
modern,4
underdeveloped,4
orange,4
into,4
same,4
only,4
xiv,4
j,4
d,4
some,4
reviews,4
empire,4
constitutional,4
years,4
throne,4
dutch,4
became,4
its,4
himself,4
sommerville,4
change,4
so,4
catholic,4
after,4
between,4
monmouth,4
does,3
york,3
no,3
she,3
main,3
developed,3
told,3
becoming,3
religious,3
consequences,3
absolutist,3
thesis,3
then,3
or,3
before,3
too,3
these,3
age,3
most,3
two,3
said,3
siding,3
protestant,3
all,3
out,3
took,3
anglican,3
war,3
true,3
smooth,3
very,3
bureaucratized,3
has,3
centralized,3
imprudent,3
argues,3
princess,3
have,3
september,3
marlborough,3
good,3
general,3
latter,3
wholly,3
third,3
can,3
early,3
much,3
institution,3
daughter,3
society,3
may,2
pay,2
therefore,2
led,2
done,2
patron,2
been,2
husband,2
both,2
career,2
plans,2
institutions,2
blenheim,2
detailed,2
still,2
goes,2
sarah,2
church,2
importance,2
large,2
suppose,2
one,2
class,2
country,2
soon,2
fought,2
university,2
claims,2
clark,2
following,2
hierarchy,2
cromwell,2
arguing,2
faith,2
powerful,2
social,2
queen,2
certainly,2
also,2
portrays,2
power,2
highly,2
suggested,2
over,2
many,2
royal,2
expressed,2
historiography,2
introduce,2
treatment,2
preserve,2
great,2
wrote,2
differences,2
any,2
new,2
john,2
enemy,2
events,2
nevertheless,2
man,2
c,2
lead,2
camp,2
greatly,2
do,2
born,2
according,2
day,2
influential,2
where,2
armed,2
them,2
viewed,2
recently,2
less,2
well,2
public,2
undermined,2
local,2
crown,2
r,2
councillor,2
discussion,2
made,2
son,2
brought,2
politics,2
sufficiently,2
ruling,2
monarchs,2
die,2
concern,2
administration,2
deserted,2
force,2
policies,2
johann,2
like,2
married,2
become,2
courtier,2
such,2
strengthened,2
my,2
three,2
ushered,2
motives,2
course,2
times,2
things,2
administrative,2
wrong,2
thomas,2
policy,2
person,2
fourth,2
concerns,2
even,2
little,2
world,2
we,2
recent,2
notes,2
acted,2
attention,2
major,2
barbara,1
miller,1
higher,1
will,1
rights,1
loyal,1
go,1
principled,1
anglicized,1
now,1
interesting,1
helped,1
asserted,1
second,1
circle,1
whose,1
declaration,1
century,1
advocate,1
matter,1
increasingly,1
lovejoy,1
without,1
spelling,1
act,1
jenyns,1
concerned,1
ridden,1
bring,1
chance,1
ideas,1
buy,1
happy,1
intemperately,1
how,1
toward,1
result,1
sides,1
unpleasant,1
opinion,1
provincialism,1
everyone,1
decades,1
return,1
extreme,1
reconsidered,1
randomly,1
forward,1
commit,1
widespread,1
nearly,1
thrown,1
model,1
putsch,1
evidential,1
lost,1
april,1
reason,1
represented,1
community,1
view,1
catholics,1
succession,1
seventeenth,1
began,1
risk,1
associate,1
landed,1
arabella,1
tangier,1
legal,1
coups,1
connected,1
becoms,1
freely,1
they,1
transformation,1
certain,1
liaison,1
monck,1
protesting,1
commanded,1
civil,1
illustrations,1
kill,1
earl,1
reforms,1
communications,1
invaded,1
polite,1
moreover,1
scholarship,1
risks,1
yet,1
rewards,1
victor,1
months,1
elder,1
artagnan,1
privy,1
suspending,1
convict,1
underdevelopment,1
etat,1
easily,1
changes,1
pp,1
devotion,1
win,1
massively,1
treason,1
thought,1
favor,1
judge,1
ensure,1
sex,1
meant,1
wanted,1
professionalized,1
former,1
confidante,1
matters,1
length,1
index,1
arguments,1
protestants,1
dictates,1
organized,1
title,1
encourage,1
authorities,1
dictator,1
absolutism,1
masterminded,1
spoke,1
biographical,1
just,1
historian,1
yorklater,1
senior,1
impact,1
overriding,1
contemporaries,1
jamaica,1
reasonably,1
xi,1
turning,1
four,1
contains,1
department,1
sophisticated,1
devout,1
resented,1
commented,1
being,1
painful,1
anything,1
defeated,1
officer,1
stephen,1
sufficient,1
dutyfull,1
ignore,1
persuasive,1
willingness,1
consequence,1
every,1
destroying,1
whom,1
niceties,1
sided,1
puts,1
permanent,1
command,1
interests,1
law,1
custom,1
wellargued,1
give,1
attempts,1
david,1
evidence,1
restoration,1
figure,1
garrison,1
again,1
might,1
others,1
death,1
keen,1
doubtful,1
deserves,1
abandoning,1
partner,1
adequate,1
each,1
towards,1
advanced,1
opponents,1
nature,1
paper,1
moving,1
efforts,1
closely,1
problem,1
came,1
company,1
other,1
consideration,1
believe,1
fundamental,1
scholars,1
royall,1
opposing,1
found,1
here,1
half,1
agree,1
reasons,1
documents,1
minimized,1
followers,1
disliked,1
eventually,1
iii,1
narrative,1
centers,1
admittedly,1
obeyed,1
larger,1
served,1
able,1
retaliate,1
hobbes,1
located,1
asserting,1
court,1
personality,1
suggestive,1
crumbled,1
take,1
historical,1
nationalism,1
arguably,1
indiscreet,1
almost,1
disputes,1
serious,1
lent,1
oliver,1
destroyed,1
concrete,1
hand,1
precisely,1
those,1
credit,1
indulgence,1
childless,1
bureaucratically,1
nobles,1
effective,1
powers,1
contrived,1
lifeblood,1
what,1
governors,1
parliaments,1
something,1
hitler,1
hostile,1
johns,1
stressing,1
tender,1
combined,1
province,1
accepted,1
context,1
orthodoxy,1
unclear,1
advisers,1
population,1
entertaining,1
oversimplifies,1
ones,1
making,1
rebellion,1
analogous,1
supports,1
necessary,1
unconvincing,1
wealth,1
safe,1
generosity,1
lacks,1
however,1
hoped,1
nice,1
alfred,1
famously,1
your,1
perhaps,1
woman,1
saving,1
time,1
children,1
fight,1
guarantees,1
opposition,1
colonies,1
ink,1
parliament,1
died,1
adopts,1
hopkins,1
while,1
number,1
bases,1
commander,1
really,1
privateers,1
affair,1
mandated,1
fled,1
biographies,1
because,1
expensive,1
saunders,1
invasion,1
changed,1
representatives,1
deal,1
imperial,1
another,1
sir,1
account,1
backing,1
soldier,1
up,1
lifetime,1
greatest,1
ignored,1
activity,1
minute,1
pretend,1
expresses,1
father,1
rum,1
moderation,1
afterward,1
success,1
indeavour,1
birth,1
knopf,1
ousted,1
benefited,1
statehood,1
dissenters,1
conscience,1
weaknesses,1
demarcated,1
hundred,1
lawfull,1
vital,1
obvious,1
careful,1
claim,1
conciliating,1
desert,1
wait,1
catholicism,1
descendant,1
reported,1
respect,1
part,1
x,1
including,1
decisive,1
introduced,1
depose,1
sent,1
politician,1
laws,1
planter,1
press,1
forcefully,1
role,1
november,1
versa,1
concessions,1
expand,1
intended,1
looked,1
inviolable,1
got,1
significant,1
year,1
use,1
generals,1
desertion,1
during,1
oppose,1
secured,1
pursuing,1
aggression,1
colonial,1
constitute,1
hudson,1
using,1
warranted,1
people,1
officers,1
succeed,1
enforce,1
gain,1
complained,1
rigidly,1
conflict,1
central,1
kings,1
musketeer,1
nothing,1
individuals,1
personal,1
illustrious,1
germany,1
overseas,1
bidding,1
ultimately,1
until,1
survival,1
reverse,1
development,1
oust,1
clear,1
soldiers,1
polity,1
safety,1
weeks,1
contentions,1
approach,1
elton,1
national,1
machine,1
g,1
position,1
author,1
points,1
agent,1
subtle,1
dominated,1
victory,1
wish,1
relatively,1
leave,1
brother,1
least,1
although,1
typically,1
someone,1
integrated,1
afford,1
issued,1
proceeding,1
helpful,1
ago,1
crushing,1
allegiance,1
voiced,1
spread,1
sat,1
willing,1
stage,1
writer,1
played,1
lobbied,1
france,1
fools,1
gentry,1
instance,1
defined,1
imbibed,1
anyone,1
presumptive,1
rank,1
quite,1
shift,1
counterreformation,1
lose,1
developments,1
involved,1
increased,1
family,1
reluctance,1
monarchy,1
spent,1
small,1
affluent,1
promotion,1
servant,1
spanish,1
offered,1
discarded,1
charles,1
enough,1
back,1
subjects,1
villiers,1
bloody,1
body,1
transfer,1
valuable,1
modernity,1
viewpoint,1
houses,1
young,1
bay,1
traitor,1
prospects,1
protested,1
thing,1
butchering,1
catholicizing,1
effect,1
telling,1
mistress,1
lucid,1
sharing,1
structure,1
views,1
quell,1
through,1
vindicate,1
opposite,1
traditional,1
winston,1
heir,1
vice,1
period,1
jeffreys,1
fell,1
among,1
notorious,1
colonel,1
connections,1
engagement,1
famous,1
sister,1
clerics,1
governor,1
jones,1
letter,1
penal,1
kinghis,1
roles,1
propriety,1
influence,1
actions,1
aftermath,1
activities,1
objected,1
readable,1
heiress,1
battles,1
calls,1
