WORDCOUNTS,WEIGHT
the,231
of,158
to,112
and,88
a,71
in,64
s,59
that,55
as,44
war,34
his,32
was,32
military,30
for,28
grant,26
on,25
by,24
civil,23
lincoln,23
is,22
with,22
he,20
it,19
battle,19
about,18
sherman,17
history,17
not,16
new,16
historians,15
one,14
more,14
how,14
general,14
at,13
they,13
from,13
what,13
have,13
will,12
generals,12
their,12
be,12
but,11
had,11
who,11
cozzens,11
relationship,10
or,10
are,10
other,10
essays,9
yet,9
these,9
did,9
president,9
well,9
can,9
traditional,9
than,9
an,9
also,8
much,8
confederate,7
day,7
perhaps,7
such,7
gettysburg,7
when,7
american,6
university,6
us,6
most,6
t,6
lee,6
pickett,6
simon,6
work,6
story,6
press,6
own,6
thomas,6
old,6
orders,6
simpson,6
between,6
even,6
operations,5
if,5
army,5
july,5
study,5
two,5
union,5
scholars,5
far,5
readers,5
ground,5
political,5
has,5
account,5
suggests,5
some,5
part,5
boritt,5
this,5
charge,5
good,5
offer,5
although,5
campaign,5
enough,5
scholarship,5
no,4
meade,4
george,4
brings,4
neely,4
opportunity,4
importance,4
why,4
longstreet,4
often,4
approaches,4
under,4
familiar,4
before,4
chattanooga,4
williams,4
long,4
command,4
over,4
all,4
leaders,4
p,4
time,4
audience,4
men,4
robert,4
william,4
reviews,4
ridge,4
assault,4
commander,4
really,4
because,4
upon,4
themes,4
conflict,4
were,4
pursuit,4
would,4
field,4
him,4
after,4
topics,4
do,4
north,4
sears,4
battles,4
may,3
perspectives,3
act,3
been,3
indeed,3
outcome,3
result,3
success,3
make,3
gallagher,3
illustrations,3
once,3
accounts,3
itself,3
studies,3
pp,3
index,3
proved,3
something,3
ed,3
too,3
four,3
beyond,3
defeat,3
could,3
together,3
forces,3
missionary,3
john,3
number,3
past,3
mcclellan,3
innovative,3
them,3
see,3
text,3
public,3
while,3
another,3
politics,3
understanding,3
discussion,3
greene,3
demonstrating,3
decisive,3
very,3
engage,3
officers,3
emancipation,3
our,3
which,3
go,3
argues,3
due,3
fellman,3
september,3
victory,3
essay,3
hooker,3
allowed,3
held,3
profession,3
concerns,3
interpretations,3
third,3
way,3
like,3
little,3
among,3
notes,3
so,3
should,3
generalship,3
enjoy,3
bee,2
failed,2
critical,2
gabor,2
knoxville,2
continued,2
true,2
letters,2
five,2
short,2
acquits,2
reasonable,2
intended,2
decades,2
civilians,2
buffs,2
debates,2
veterans,2
slow,2
e,2
appointments,2
seen,2
harry,2
yankee,2
woods,2
b,2
certain,2
makes,2
instructions,2
formed,2
remind,2
moreover,2
criticism,2
courage,2
ways,2
h,2
struggle,2
nor,2
happened,2
we,2
matters,2
claims,2
neither,2
into,2
home,2
just,2
historian,2
same,2
plan,2
impact,2
contested,2
comes,2
broad,2
descriptions,2
version,2
w,2
circumstances,2
ulysses,2
department,2
simply,2
bragg,2
said,2
only,2
present,2
position,2
three,2
members,2
changing,2
challenge,2
later,2
opinion,2
mark,2
preference,2
toward,2
again,2
might,2
atlanta,2
control,2
many,2
performance,2
gary,2
shaped,2
imbalance,2
sampling,2
seem,2
wide,2
conduct,2
xii,2
advantage,2
found,2
catton,2
current,2
adds,2
effort,2
lived,2
events,2
carolina,2
vigorous,2
man,2
term,2
state,2
took,2
hand,2
henry,2
alike,2
where,2
execution,2
terms,2
pits,2
narrative,2
find,2
james,2
brooks,2
america,2
heed,2
discuss,2
remained,2
shape,2
fight,2
almost,2
sergeant,2
cannot,2
virginia,2
front,2
lost,2
soldier,2
sheridan,2
occasionally,2
must,2
claim,2
reader,2
witnesses,2
taking,2
through,2
role,2
anew,2
test,2
its,2
subject,2
top,2
use,2
arguments,2
assume,2
demonstrates,2
actually,2
circumstance,2
come,2
recounting,2
partisan,2
however,2
question,2
tell,2
finally,2
clear,2
rifle,2
soldiers,2
peter,2
ability,2
moment,2
d,2
hard,2
need,2
responsibility,2
you,2
order,2
exercise,2
presidential,2
offered,2
deployment,2
plans,2
wise,2
exactly,2
impossible,2
enjoyed,2
y,2
piston,2
recent,2
broader,2
subordinates,2
attention,2
influence,2
readership,2
scholarly,2
reluctant,2
commanders,2
unfolded,2
setbacks,1
increasing,1
jean,1
final,1
resolve,1
south,1
span,1
difficult,1
things,1
f,1
loyal,1
operation,1
opposed,1
battlefield,1
alters,1
highlights,1
thwarted,1
informs,1
preferences,1
second,1
transform,1
berlin,1
situation,1
revisit,1
nation,1
york,1
mays,1
november,1
out,1
peers,1
orchard,1
minor,1
terrain,1
matter,1
hopes,1
chaos,1
surprised,1
solid,1
poorly,1
restoration,1
faith,1
employ,1
devastating,1
bring,1
chance,1
l,1
reconciliationist,1
growth,1
battled,1
probably,1
contrast,1
ostensibly,1
troubled,1
strike,1
nathaniel,1
contingents,1
hesitation,1
declaring,1
inevitably,1
maps,1
overall,1
praised,1
hill,1
sort,1
reformed,1
support,1
mcclellanesque,1
luck,1
assassination,1
appreciation,1
reminders,1
attitude,1
notices,1
counted,1
merits,1
nearly,1
underappreciated,1
capture,1
stimulating,1
intriguing,1
attacking,1
line,1
assurance,1
lasting,1
means,1
politicians,1
practiced,1
collections,1
detailed,1
popularity,1
succinct,1
bears,1
celebrate,1
force,1
stellar,1
heard,1
interactions,1
connecticut,1
lives,1
comments,1
face,1
prudent,1
mostly,1
wilson,1
told,1
center,1
deals,1
assaulting,1
spot,1
least,1
direct,1
enduring,1
benjamin,1
hold,1
eroded,1
fumbled,1
contributions,1
direction,1
reconsider,1
responsible,1
expectations,1
analysis,1
offering,1
label,1
designed,1
omits,1
rappahannock,1
assessments,1
fall,1
budged,1
bibliographical,1
columns,1
oxford,1
directives,1
education,1
chickamauga,1
reason,1
castel,1
rock,1
months,1
instances,1
get,1
latitude,1
wake,1
cushioned,1
remains,1
rebel,1
represents,1
albert,1
perceptions,1
revisits,1
modern,1
favor,1
serve,1
resemble,1
joseph,1
affect,1
east,1
carolinians,1
reshaping,1
fought,1
former,1
cause,1
charges,1
consider,1
acceptance,1
combat,1
detail,1
stephen,1
family,1
weaves,1
character,1
necessarily,1
emphasize,1
retained,1
presents,1
spectrum,1
reciprocal,1
achieve,1
share,1
cited,1
potomac,1
victories,1
headquarters,1
heavy,1
total,1
eventually,1
observing,1
any,1
incentive,1
raise,1
sigel,1
complete,1
conclusions,1
keeping,1
following,1
receiving,1
record,1
bruce,1
doubtless,1
poor,1
several,1
unsullied,1
culled,1
persuade,1
upper,1
grand,1
without,1
narratives,1
biography,1
proven,1
verily,1
qualified,1
highlight,1
resented,1
reporting,1
bar,1
first,1
rise,1
bird,1
refractory,1
known,1
stripping,1
follow,1
storm,1
justify,1
awe,1
redhead,1
tension,1
sufficient,1
satisfactory,1
especially,1
followed,1
problems,1
volume,1
obstacles,1
mac,1
davis,1
street,1
filtered,1
fan,1
reconnaissance,1
imprecise,1
fire,1
mcclernand,1
lewis,1
disdain,1
offers,1
transmittal,1
seemed,1
suit,1
jefferson,1
staked,1
belief,1
care,1
froze,1
helped,1
cover,1
give,1
forty,1
butler,1
fell,1
rehashing,1
vols,1
others,1
view,1
abe,1
assist,1
texts,1
admonition,1
similarly,1
impregnable,1
franz,1
slavery,1
commanded,1
mastermind,1
each,1
armistead,1
advanced,1
responds,1
readily,1
krick,1
succeeded,1
nature,1
comparison,1
unlike,1
faulty,1
different,1
worth,1
resemblance,1
including,1
longer,1
participants,1
extent,1
treatment,1
goes,1
completing,1
underestimated,1
manliness,1
assess,1
anxiety,1
striking,1
examination,1
conservative,1
desire,1
great,1
appeared,1
strength,1
confederacy,1
confusion,1
ben,1
rarely,1
minimized,1
choice,1
carol,1
degree,1
maneuver,1
unscathed,1
revisions,1
objectives,1
oneself,1
changed,1
deal,1
banks,1
proves,1
tells,1
revival,1
author,1
criticisms,1
procedure,1
end,1
written,1
impatient,1
xxii,1
know,1
anyway,1
resulting,1
clearly,1
perpetuating,1
knob,1
chancellorsville,1
review,1
nevertheless,1
elsewhere,1
jumped,1
seldom,1
placing,1
prospects,1
regiments,1
lot,1
masterpiece,1
fresh,1
embrace,1
reasons,1
honest,1
fellow,1
emerges,1
honor,1
careers,1
blunt,1
better,1
characterizes,1
mind,1
disharmony,1
erodes,1
left,1
dominion,1
abandon,1
incorporate,1
civilmilitary,1
beginning,1
equally,1
examiners,1
napoleon,1
shipwreck,1
corps,1
badly,1
responded,1
according,1
free,1
realities,1
blow,1
somewhat,1
seizing,1
recollections,1
focus,1
johns,1
attack,1
investigation,1
bore,1
concedes,1
setpiece,1
papers,1
appears,1
whether,1
vulnerable,1
reconcile,1
celebrated,1
form,1
undaunted,1
michael,1
less,1
ones,1
priorities,1
making,1
promise,1
enlistment,1
case,1
abraham,1
evaluation,1
excellent,1
scale,1
compares,1
placed,1
depending,1
perfectly,1
focusing,1
wartime,1
above,1
forthcoming,1
fiery,1
map,1
saving,1
inadequate,1
trade,1
regroup,1
reinforcements,1
problem,1
frosty,1
distance,1
understandably,1
appropriated,1
triumph,1
money,1
died,1
adopts,1
insider,1
shine,1
hopkins,1
waged,1
going,1
al,1
wants,1
impression,1
memory,1
difficulties,1
crest,1
studying,1
trottier,1
addresses,1
reminds,1
representatives,1
remove,1
design,1
years,1
confronted,1
indecisiveness,1
original,1
compel,1
braxton,1
emphasis,1
don,1
determined,1
logical,1
reardon,1
those,1
extended,1
vast,1
art,1
admits,1
wilderness,1
cult,1
recapture,1
contradictory,1
astray,1
establishing,1
skepticism,1
election,1
decision,1
paraphrase,1
both,1
solely,1
abundantly,1
made,1
remember,1
richard,1
presented,1
range,1
carry,1
professionals,1
alone,1
entire,1
imagined,1
future,1
garnett,1
west,1
rereading,1
peace,1
watched,1
characterization,1
except,1
extends,1
scoff,1
purpose,1
city,1
reaffirm,1
albatross,1
example,1
bobbled,1
selecting,1
conception,1
quibbles,1
coolness,1
cumberland,1
content,1
feud,1
became,1
mcfeely,1
apply,1
anticipated,1
epitome,1
tenure,1
climatic,1
against,1
tried,1
dispassionate,1
impose,1
demonstrate,1
administration,1
et,1
context,1
retaining,1
went,1
significant,1
skeptical,1
whole,1
year,1
animus,1
v,1
comply,1
describe,1
collection,1
tangled,1
rivers,1
attract,1
issues,1
rebels,1
challenges,1
people,1
important,1
concentrate,1
tribute,1
questions,1
endeavor,1
think,1
date,1
daring,1
real,1
sometimes,1
thus,1
continue,1
repackaging,1
personal,1
full,1
illustrative,1
muddled,1
reinforcing,1
surely,1
relationships,1
understandings,1
halleck,1
students,1
hurst,1
buff,1
bid,1
eventual,1
distinguish,1
argument,1
won,1
artifact,1
offensives,1
weave,1
difference,1
sending,1
points,1
inevitable,1
slighting,1
memoirs,1
relative,1
urbana,1
opportunities,1
chooses,1
there,1
finding,1
minds,1
illinois,1
adding,1
errors,1
either,1
assignment,1
ranting,1
misplaced,1
notice,1
hampered,1
g,1
washington,1
poise,1
brightening,1
messier,1
dominated,1
aware,1
concentrates,1
disputes,1
tone,1
large,1
serious,1
course,1
contributed,1
magic,1
mixed,1
individual,1
relations,1
times,1
misunderstood,1
divisions,1
touches,1
successful,1
address,1
dense,1
provides,1
cadre,1
works,1
jr,1
bravery,1
insisted,1
summer,1
sense,1
product,1
brave,1
suggest,1
states,1
grew,1
outright,1
played,1
failing,1
relating,1
sports,1
paths,1
kept,1
head,1
down,1
emphasizes,1
recraft,1
gun,1
black,1
standard,1
cases,1
consequence,1
heart,1
integrates,1
repeated,1
involved,1
epistle,1
definitive,1
annoyed,1
postscript,1
never,1
policy,1
reprints,1
reelection,1
perspective,1
indictment,1
wasn,1
turned,1
devotees,1
observation,1
facing,1
sentiment,1
few,1
unless,1
approval,1
defensive,1
highly,1
ought,1
surrender,1
best,1
k,1
eyes,1
chapel,1
dollars,1
rapidan,1
pause,1
close,1
primary,1
vision,1
young,1
become,1
moving,1
themselves,1
emphasized,1
variations,1
assessing,1
adams,1
brigadiers,1
ideal,1
telling,1
insubordination,1
philip,1
wisely,1
sullen,1
dispatches,1
always,1
concepts,1
early,1
patience,1
postwar,1
up,1
sharper,1
flood,1
shiny,1
crippled,1
reassessment,1
participant,1
look,1
infantry,1
northern,1
results,1
proper,1
glance,1
correspondence,1
seek,1
ends,1
connections,1
purporting,1
portions,1
ago,1
letter,1
awareness,1
portrait,1
retreating,1
gleaned,1
division,1
twists,1
arizona,1
knowledge,1
garrett,1
marse,1
notion,1
keep,1
selected,1
