WORDCOUNTS,WEIGHT
the,161
of,88
to,77
grant,75
and,62
s,55
a,46
in,46
he,44
his,34
not,33
simpson,29
as,24
that,24
have,23
was,21
for,20
war,20
by,18
on,17
or,14
political,13
if,12
had,12
would,12
we,12
reconstruction,11
is,11
but,11
did,11
so,11
at,10
from,10
be,10
it,9
who,9
could,9
which,9
general,9
johnson,9
may,8
one,8
with,8
politics,8
were,8
been,7
us,7
into,7
presidency,7
p,7
such,7
people,7
like,7
own,7
american,7
adams,7
does,6
their,6
federal,6
history,6
most,6
more,6
henry,6
peace,6
himself,6
him,6
lincoln,6
no,5
policy,5
over,5
all,5
many,5
man,5
those,5
let,5
them,5
public,5
made,5
politician,5
president,5
years,5
washington,5
than,5
politicians,4
make,4
after,4
they,4
about,4
royster,4
thought,4
long,4
figure,4
book,4
reviews,4
through,4
administration,4
this,4
same,4
story,4
much,4
republican,3
i,3
whose,3
an,3
drama,3
how,3
commitment,3
schemes,3
players,3
view,3
southern,3
hold,3
life,3
republicans,3
democrats,3
union,3
candidate,3
historians,3
university,3
wartime,3
must,3
only,3
also,3
other,3
power,3
are,3
advantage,3
able,3
radical,3
readers,3
game,3
has,3
brooks,3
because,3
sherman,3
some,3
both,3
antipartisan,3
say,3
civil,3
press,3
during,3
using,3
andrew,3
question,3
spectrum,3
army,3
memoirs,3
moral,3
soldiers,3
d,3
men,3
few,3
june,3
always,3
even,3
battlefield,2
americans,2
critics,2
today,2
without,2
rating,2
taken,2
george,2
strictures,2
sometimes,2
military,2
program,2
subject,2
hill,2
career,2
cynical,2
red,2
success,2
seen,2
rescue,2
anyone,2
passing,2
complex,2
enduring,2
often,2
ample,2
use,2
authority,2
supposed,2
pp,2
unlike,2
then,2
takes,2
callous,2
partly,2
version,2
these,2
ulysses,2
department,2
first,2
baby,2
inclined,2
rebutting,2
writing,2
exploitation,2
willing,2
evidence,2
important,2
know,2
toward,2
regenerate,2
combat,2
whom,2
leading,2
hands,2
recounted,2
fully,2
ideological,2
government,2
new,2
john,2
nevertheless,2
state,2
do,2
ground,2
william,2
understood,2
though,2
what,2
savior,2
making,2
want,2
jefferson,2
however,2
perish,2
capacity,2
out,2
america,2
basis,2
virginia,2
knew,2
election,2
sensitive,2
doomed,2
preferred,2
fine,2
thereby,2
radicals,2
done,2
its,2
against,2
elections,2
whole,2
gave,2
corrupt,2
freedom,2
emancipation,2
our,2
office,2
since,2
three,2
national,2
reputation,2
motives,2
interest,2
democrat,2
sense,2
period,2
stanton,2
writer,2
politically,2
seeks,2
black,2
clay,2
thomas,2
why,2
am,2
soil,2
especially,2
charles,2
concerns,2
between,2
acts,2
yesterday,2
find,2
when,2
up,2
progress,2
northern,2
results,2
world,2
north,2
moved,2
scholarly,2
subsequently,1
increasing,1
later,1
resolve,1
implicitly,1
enough,1
admire,1
farce,1
play,1
rights,1
battle,1
manchurian,1
ending,1
pervaded,1
judge,1
hero,1
possessed,1
states,1
appointees,1
finessing,1
disposed,1
stonewall,1
pay,1
revisionist,1
opportunist,1
equality,1
scared,1
license,1
obtuseness,1
attempts,1
economy,1
rivalries,1
coveted,1
rested,1
canoe,1
les,1
meticulously,1
drained,1
devious,1
ironical,1
deadpan,1
main,1
groups,1
sentences,1
short,1
wrote,1
lurid,1
appearances,1
service,1
watch,1
ready,1
stressing,1
alliance,1
sort,1
prudent,1
ratings,1
durable,1
critical,1
various,1
others,1
distress,1
assassination,1
extend,1
explicit,1
account,1
relentlessly,1
defended,1
primarily,1
racial,1
notion,1
process,1
exercise,1
get,1
cared,1
prove,1
commended,1
whatever,1
detailed,1
measures,1
survives,1
wordings,1
outward,1
benedict,1
starts,1
unnerving,1
ends,1
pushed,1
ties,1
eight,1
oddly,1
church,1
wilson,1
b,1
greed,1
lovingly,1
connote,1
center,1
large,1
ludicrous,1
covering,1
length,1
direct,1
weighing,1
minimalist,1
saved,1
pages,1
redound,1
conveys,1
enacted,1
study,1
lucidity,1
fighting,1
mostly,1
impressed,1
confederate,1
mexico,1
united,1
congressional,1
word,1
once,1
infuriated,1
portrayed,1
education,1
yet,1
solidarity,1
each,1
violence,1
slowwitted,1
means,1
loomed,1
promise,1
enlistment,1
battlefields,1
changes,1
rules,1
stolidity,1
happened,1
rehabilitations,1
suspicious,1
bad,1
documenting,1
array,1
apologies,1
wanted,1
liberator,1
former,1
decade,1
conclusive,1
policymakers,1
matters,1
detail,1
disastrous,1
position,1
neither,1
western,1
index,1
necessarily,1
undertook,1
familiar,1
dry,1
suggestions,1
encourage,1
aura,1
ambitious,1
orders,1
disgrace,1
before,1
pragmatist,1
disengaged,1
down,1
become,1
elected,1
uses,1
mcclellan,1
limits,1
placed,1
arguing,1
contemporaries,1
contest,1
attuned,1
egregious,1
changing,1
humane,1
too,1
w,1
prevent,1
benefited,1
show,1
two,1
experience,1
demonstrate,1
congress,1
ever,1
enforce,1
being,1
said,1
friend,1
came,1
exposed,1
attribute,1
powerful,1
officers,1
follow,1
vetoes,1
scrutiny,1
laughing,1
bloodletting,1
wondering,1
published,1
protection,1
skillful,1
palace,1
proposes,1
capable,1
party,1
demolish,1
venice,1
gradations,1
text,1
jackson,1
puts,1
alluding,1
obtuse,1
middle,1
turn,1
sad,1
skill,1
destructive,1
resurgence,1
care,1
challenge,1
weighed,1
m,1
give,1
humanitarian,1
think,1
opinion,1
quickly,1
verge,1
selfish,1
admirable,1
civilians,1
admiration,1
suspicions,1
branches,1
rumored,1
stands,1
suppositions,1
matter,1
ask,1
promoting,1
disappeared,1
assessments,1
puzzle,1
fitness,1
projects,1
whereas,1
intending,1
presidential,1
headquarters,1
analytical,1
paternalism,1
paddle,1
gertrude,1
closely,1
tidewater,1
cultivated,1
confirmed,1
worth,1
remembered,1
fact,1
unjust,1
shows,1
naive,1
longer,1
seriously,1
idea,1
path,1
accustomed,1
seem,1
cumulatively,1
lavishes,1
avenue,1
capital,1
head,1
best,1
merit,1
accommodate,1
contingencies,1
stevens,1
found,1
here,1
expertly,1
expense,1
remark,1
abortive,1
afraid,1
ought,1
oaf,1
right,1
regard,1
trust,1
loyalty,1
momentary,1
rivalry,1
centers,1
come,1
exonerate,1
might,1
really,1
officeholders,1
stereotype,1
bitterness,1
intellectuals,1
xiii,1
skewered,1
bloodsoaked,1
sloughing,1
onto,1
mississippi,1
infer,1
very,1
catton,1
agendas,1
carolina,1
secessionists,1
impatient,1
fitting,1
aloof,1
survey,1
take,1
real,1
stein,1
considerable,1
subsequent,1
possibility,1
half,1
constantly,1
reactionary,1
xx,1
struggles,1
oppressor,1
spoilsmen,1
country,1
representative,1
secretly,1
unthinkable,1
term,1
legislation,1
adapt,1
big,1
last,1
firm,1
admirers,1
turned,1
took,1
stupid,1
stand,1
affair,1
purported,1
butcher,1
irony,1
knows,1
offered,1
actor,1
defending,1
contradicting,1
silence,1
intelligence,1
creature,1
johns,1
tecumseh,1
broader,1
indirect,1
agreements,1
terms,1
persons,1
michael,1
see,1
answer,1
involvement,1
wherein,1
bruce,1
abraham,1
well,1
scale,1
necessary,1
cynic,1
remained,1
russell,1
test,1
thou,1
record,1
presided,1
aftermath,1
clod,1
watchfulness,1
slate,1
spiritual,1
your,1
perhaps,1
embracing,1
perspicacity,1
enjoyed,1
comprehension,1
key,1
cogently,1
triumph,1
sacrifice,1
telescoping,1
hopkins,1
while,1
scene,1
partial,1
u,1
encountered,1
combatants,1
heed,1
impression,1
randolph,1
won,1
transparent,1
studying,1
boosting,1
stance,1
failure,1
constitutional,1
neutralize,1
thaddeus,1
original,1
will,1
minded,1
chapter,1
property,1
another,1
skillfully,1
belknap,1
having,1
almost,1
don,1
suggests,1
supplanted,1
scenes,1
suspicion,1
cost,1
revealed,1
salon,1
aptly,1
extended,1
minute,1
theirs,1
simplest,1
elephant,1
ideal,1
campaigns,1
shame,1
inevitable,1
scope,1
evading,1
conveniently,1
hindsight,1
mutual,1
bibliography,1
move,1
narrowing,1
presented,1
hundred,1
obvious,1
clean,1
reader,1
creep,1
private,1
taking,1
given,1
advancement,1
part,1
events,1
far,1
city,1
fair,1
example,1
knowledge,1
apparent,1
prevalent,1
unambitious,1
slyer,1
became,1
republic,1
along,1
comment,1
end,1
keeps,1
unselfish,1
concern,1
interviews,1
plans,1
criticized,1
fronting,1
unhappy,1
ignorant,1
went,1
forged,1
letter,1
sectional,1
used,1
shrink,1
willingness,1
circus,1
intermittent,1
emphasizing,1
policies,1
edwin,1
equity,1
numerous,1
tenable,1
paid,1
shalt,1
rebels,1
babcock,1
indians,1
mention,1
aside,1
winning,1
learned,1
goals,1
aspect,1
astutely,1
unconcern,1
central,1
mistake,1
laugh,1
thus,1
chapters,1
way,1
obstruct,1
perilous,1
politicomilitary,1
susceptible,1
purposeful,1
partisan,1
deft,1
promoted,1
spirit,1
sound,1
pennsylvania,1
moderate,1
slaves,1
ultimately,1
presidencies,1
astute,1
dearth,1
nominee,1
author,1
project,1
theme,1
reject,1
afterward,1
polity,1
there,1
inflation,1
minds,1
else,1
remarkably,1
blindly,1
circumstantial,1
errors,1
t,1
silent,1
endorsements,1
ere,1
charge,1
monetary,1
rapidly,1
remorse,1
depicting,1
good,1
acumen,1
dozen,1
leave,1
ended,1
running,1
legacy,1
least,1
portray,1
include,1
newly,1
marvelled,1
condescension,1
carlos,1
dense,1
price,1
unwillingness,1
cruel,1
overt,1
buell,1
save,1
insofar,1
stage,1
seeming,1
high,1
played,1
extensively,1
expected,1
regular,1
attributes,1
punitive,1
sports,1
fools,1
stresses,1
held,1
affairs,1
oftenrepeated,1
retreats,1
earlier,1
keen,1
interacted,1
poetic,1
losing,1
rank,1
pessimistic,1
decisions,1
nor,1
old,1
summary,1
blank,1
amplified,1
inclinations,1
top,1
blacks,1
profound,1
back,1
town,1
generalship,1
edmund,1
surrender,1
grow,1
depression,1
chapel,1
civic,1
stake,1
young,1
viable,1
served,1
relation,1
themselves,1
still,1
broadening,1
wiser,1
protect,1
encounter,1
alluvial,1
orville,1
popularity,1
anticlimax,1
core,1
patronizing,1
profit,1
clever,1
discreetly,1
enemies,1
partisans,1
follows,1
early,1
distant,1
principles,1
climaxed,1
obscure,1
instance,1
beat,1
looked,1
attracted,1
intrigued,1
opportunism,1
details,1
among,1
apparently,1
hasty,1
supporters,1
deeply,1
destruction,1
notes,1
capitol,1
famous,1
responsibility,1
caution,1
fellow,1
demeanor,1
louisiana,1
bested,1
prerequisites,1
smarter,1
time,1
attention,1
endorse,1
controversial,1
welcoming,1
portrait,1
sophistication,1
vividly,1
elective,1
babies,1
virtuous,1
applies,1
reversing,1
deplored,1
justice,1
reluctant,1
tennessee,1
