WORDCOUNTS,WEIGHT
the,139
of,101
and,90
to,67
american,57
in,49
a,34
is,32
this,30
culture,27
that,24
european,23
as,22
cultural,22
it,18
not,17
europe,16
was,15
or,14
pells,14
on,14
with,13
has,13
he,11
french,11
films,11
other,11
like,11
europeans,9
about,9
are,9
from,9
by,9
for,9
there,9
what,9
an,9
film,8
their,8
united,8
most,8
more,8
states,8
but,7
i,7
war,7
values,7
invasion,7
even,7
at,6
been,6
these,6
first,6
important,6
many,6
america,6
such,6
its,6
have,6
much,6
world,6
became,5
how,5
who,5
studies,5
gilbert,5
us,5
history,5
different,5
if,5
while,5
years,5
difference,5
own,5
cold,5
television,5
disney,5
euro,5
tourists,4
critics,4
americans,4
his,4
institutions,4
groups,4
one,4
beauvoir,4
park,4
too,4
two,4
anything,4
production,4
ii,4
s,4
could,4
p,4
government,4
new,4
concludes,4
products,4
somewhat,4
them,4
mass,4
early,4
when,4
made,4
story,4
food,4
programs,4
de,4
no,4
be,4
industries,3
various,3
sort,3
they,3
group,3
becoming,3
university,3
into,3
just,3
n,3
impact,3
experience,3
came,3
only,3
fast,3
book,3
others,3
rock,3
all,3
had,3
americanization,3
did,3
half,3
reasons,3
particularly,3
really,3
real,3
patterns,3
behind,3
political,3
reviews,3
terms,3
british,3
well,3
remained,3
account,3
some,3
imports,3
persuaded,3
roll,3
make,3
increasingly,3
nothing,3
which,3
were,3
until,3
argument,3
modernization,3
am,3
after,3
nor,3
several,3
become,3
assessing,3
part,3
hollywood,3
little,3
influence,3
directors,2
does,2
interesting,2
second,2
transform,2
german,2
nonetheless,2
continued,2
seductions,2
economic,2
stop,2
basic,2
civilization,2
affected,2
fantasies,2
brief,2
process,2
judgment,2
force,2
germany,2
incomprehensible,2
large,2
countries,2
often,2
designed,2
cars,2
means,2
understand,2
notwithstanding,2
opulent,2
western,2
then,2
growing,2
same,2
variety,2
threat,2
demonstrate,2
ever,2
powerful,2
way,2
fulbright,2
neither,2
exchanges,2
appear,2
scholars,2
uses,2
tariffs,2
result,2
transmission,2
december,2
tradition,2
any,2
theme,2
differences,2
changed,2
her,2
very,2
nationalism,2
search,2
markets,2
paris,2
those,2
complicated,2
where,2
establish,2
see,2
confrontation,2
particular,2
practice,2
frightening,2
italian,2
postwar,2
cinema,2
measures,2
abroad,2
universities,2
richard,2
level,2
through,2
despite,2
elite,2
commodities,2
place,2
people,2
saw,2
full,2
partisan,2
accommodation,2
since,2
national,2
language,2
washington,2
course,2
include,2
commerce,2
sense,2
would,2
revolution,2
sharp,2
old,2
latter,2
exchange,2
especially,2
few,2
written,2
response,2
rest,2
houses,2
effect,2
teach,2
can,2
james,2
up,2
consumption,2
capitalism,2
dominance,2
productions,2
among,2
we,2
than,2
traditions,2
americanized,2
finds,2
society,2
nations,1
increasing,1
set,1
frequent,1
terminators,1
admire,1
democracy,1
threatened,1
undertakings,1
take,1
fifty,1
interrupt,1
transportation,1
high,1
modification,1
halls,1
aid,1
york,1
understands,1
underrated,1
helped,1
prefer,1
common,1
taken,1
lot,1
convinced,1
carried,1
consuming,1
concerned,1
sometimes,1
crucial,1
bountiful,1
action,1
sports,1
carnegie,1
corruption,1
predictably,1
vision,1
practical,1
revival,1
arches,1
classconscious,1
program,1
both,1
marshall,1
engendered,1
extend,1
classic,1
ordinary,1
notion,1
slow,1
becomes,1
filled,1
mean,1
players,1
community,1
transformed,1
restaurants,1
still,1
itself,1
bears,1
bankruptcy,1
privileges,1
returned,1
thriving,1
heard,1
ties,1
persistent,1
lives,1
sympathetic,1
entirely,1
gesture,1
told,1
derived,1
direct,1
induce,1
tidal,1
hold,1
reception,1
integrity,1
innovation,1
life,1
why,1
unusual,1
nostalgia,1
uncomfortable,1
control,1
uncomprehending,1
competition,1
flowering,1
cafe,1
constitutes,1
trains,1
serve,1
each,1
reason,1
soul,1
imperialism,1
redeeming,1
face,1
represents,1
changes,1
pp,1
read,1
commenting,1
musing,1
viewers,1
crowded,1
offensive,1
bastions,1
financial,1
meant,1
wanted,1
mouse,1
exposure,1
ideals,1
acceptance,1
policy,1
position,1
improvement,1
sorts,1
index,1
smith,1
familiar,1
languages,1
stereotyped,1
peasant,1
planned,1
heavy,1
clearly,1
before,1
section,1
producers,1
teaching,1
limits,1
purity,1
dominate,1
efforts,1
instructing,1
series,1
conclusion,1
homogeneity,1
grand,1
already,1
contempt,1
must,1
age,1
themes,1
show,1
department,1
simply,1
sophisticated,1
begins,1
democratic,1
records,1
being,1
vietnam,1
encouragement,1
else,1
rental,1
social,1
masses,1
baywatch,1
ranch,1
aspire,1
embraced,1
emulation,1
dire,1
differentiate,1
critiques,1
museums,1
science,1
california,1
restaurant,1
begin,1
greatly,1
guarantee,1
shifted,1
writes,1
exaggerated,1
beethoven,1
dominant,1
originally,1
business,1
flow,1
bred,1
projected,1
export,1
quickly,1
willful,1
toward,1
persisting,1
view,1
over,1
amazing,1
dominated,1
regulatory,1
intellectual,1
impressionist,1
dismay,1
vulgarity,1
cocacola,1
sure,1
england,1
hotels,1
worries,1
sive,1
cultures,1
definition,1
vaguer,1
dramatically,1
lying,1
based,1
truffaut,1
believe,1
best,1
societies,1
down,1
misinterpretation,1
examination,1
plan,1
surly,1
great,1
called,1
disappointment,1
wrote,1
wine,1
intrusion,1
prided,1
wave,1
moments,1
rich,1
inevitably,1
ideological,1
crowd,1
plumbing,1
teeming,1
primacy,1
state,1
religion,1
worker,1
doubt,1
contends,1
within,1
bizarre,1
build,1
golden,1
agree,1
serious,1
audiences,1
appeared,1
planners,1
big,1
texas,1
complemented,1
forms,1
places,1
ages,1
conclusions,1
took,1
improving,1
hand,1
emphasized,1
impractical,1
guise,1
do,1
beginning,1
henry,1
movements,1
stint,1
hamburger,1
lens,1
understood,1
according,1
rough,1
innovative,1
something,1
johns,1
spreading,1
transmitted,1
renais,1
context,1
reactions,1
appears,1
whether,1
hated,1
form,1
degree,1
case,1
want,1
issue,1
side,1
empty,1
energy,1
noticeable,1
dallas,1
however,1
democratization,1
barbs,1
agricultural,1
hoped,1
xiv,1
taxes,1
loathe,1
ruin,1
theory,1
compare,1
assault,1
books,1
enough,1
loved,1
modify,1
money,1
insightful,1
behavioral,1
always,1
shifts,1
hopkins,1
out,1
shakespeare,1
impression,1
because,1
failure,1
responded,1
deal,1
answers,1
argues,1
almost,1
prostrate,1
another,1
local,1
imagine,1
prewar,1
suggests,1
watched,1
leo,1
correctly,1
literature,1
art,1
travel,1
work,1
international,1
simone,1
sale,1
popular,1
examples,1
reaction,1
lodging,1
grossly,1
bibliography,1
upon,1
writers,1
insights,1
true,1
purchases,1
fine,1
dutch,1
epitomizes,1
altered,1
significantly,1
brought,1
stake,1
radicals,1
point,1
tastes,1
treasures,1
understanding,1
intelligent,1
review,1
example,1
waiters,1
subsidies,1
mickey,1
beer,1
disappointments,1
press,1
transplantation,1
blockbuster,1
himself,1
concern,1
intended,1
globalized,1
economies,1
surprise,1
everywhere,1
went,1
lectured,1
extensive,1
measure,1
recounts,1
entrepreneurs,1
alain,1
discussions,1
assumption,1
during,1
describes,1
issues,1
controlled,1
constitute,1
academics,1
aside,1
survey,1
long,1
questions,1
voyage,1
bitter,1
waves,1
amusing,1
obvious,1
varied,1
misapprehending,1
individuals,1
unrecognizable,1
luxurious,1
translated,1
come,1
sees,1
question,1
demands,1
promoted,1
enthusiasm,1
extension,1
nash,1
devoted,1
francois,1
xviii,1
students,1
netherlands,1
influx,1
author,1
finally,1
monopoly,1
adventure,1
immediate,1
recent,1
development,1
received,1
open,1
eating,1
my,1
clear,1
advent,1
provoked,1
minds,1
reality,1
twentieth,1
authors,1
relentless,1
diminished,1
near,1
vcrs,1
superbly,1
essay,1
studios,1
good,1
wish,1
published,1
responses,1
supine,1
manufacturers,1
relations,1
although,1
someone,1
granted,1
legions,1
reviewers,1
exasperated,1
field,1
period,1
so,1
revalued,1
meeting,1
creating,1
things,1
responds,1
steadfastly,1
century,1
expected,1
lacked,1
france,1
familiarity,1
attempted,1
patties,1
evaluate,1
turn,1
sustain,1
habits,1
inscribe,1
rename,1
allusions,1
signposts,1
nightmares,1
instruction,1
marauding,1
academic,1
firmly,1
began,1
characteristics,1
driving,1
realist,1
pride,1
searching,1
vessel,1
mark,1
contrary,1
commentators,1
trying,1
assumed,1
governments,1
industry,1
concert,1
screens,1
topic,1
editors,1
research,1
themselves,1
sensible,1
rides,1
schedules,1
fantasyland,1
elites,1
portions,1
libraries,1
reestablishing,1
single,1
debate,1
profit,1
slang,1
rebuild,1
enthusiastically,1
visible,1
fears,1
views,1
decisively,1
import,1
disagreement,1
lay,1
southwest,1
resistance,1
images,1
apparently,1
here,1
notes,1
limitation,1
value,1
occasion,1
should,1
general,1
building,1
marx,1
attention,1
regressive,1
nativist,1
settle,1
valuable,1
close,1
compromise,1
widely,1
evidence,1
delicatessen,1
major,1
panned,1
intruded,1
experienced,1
bathrooms,1
seemed,1
looking,1
readable,1
auteur,1
