WORDCOUNTS,WEIGHT
the,162
of,100
to,84
in,73
and,70
a,51
alexander,48
that,45
as,33
public,30
property,28
have,27
good,27
he,24
for,24
s,23
legal,20
is,20
american,19
with,19
from,17
law,17
what,16
market,15
this,14
does,13
or,13
it,12
his,12
who,12
not,12
but,12
these,12
are,12
would,12
they,10
history,10
chapter,10
can,10
because,9
when,9
their,8
one,8
pp,8
t,8
work,8
concept,8
on,8
jefferson,8
externalities,7
if,7
women,7
themes,7
other,7
words,7
economics,7
do,7
whether,7
writers,7
example,7
people,7
be,7
may,6
cases,6
about,6
thought,6
welfare,6
by,6
two,6
also,6
had,6
could,6
p,6
historical,6
commodity,6
reviews,6
theory,6
out,6
some,6
than,6
such,6
own,6
rather,5
mean,5
means,5
stephen,5
said,5
economic,5
many,5
better,5
literature,5
has,5
wahl,5
writing,5
compensation,5
were,5
workers,5
evaluate,5
thomas,5
between,5
concepts,5
at,4
no,4
how,4
certain,4
into,4
proposed,4
something,4
social,4
lead,4
interests,4
again,4
view,4
over,4
control,4
greater,4
different,4
fact,4
government,4
v,4
them,4
persons,4
perhaps,4
well,4
private,4
made,4
himself,4
sense,4
friedman,4
person,4
shops,4
truly,4
up,4
propriety,4
activities,4
justice,4
berle,4
interesting,3
role,3
stigler,3
various,3
common,3
slavery,3
growth,3
been,3
corporate,3
college,3
large,3
once,3
yet,3
case,3
river,3
seems,3
benefits,3
then,3
any,3
associated,3
slaughterhouse,3
more,3
sometimes,3
legislature,3
promoting,3
marshall,3
nature,3
december,3
book,3
scholars,3
critically,3
really,3
john,3
gray,3
rhetoric,3
men,3
regulations,3
political,3
webster,3
however,3
scalia,3
james,3
wants,3
katz,3
must,3
true,3
little,3
say,3
competing,3
test,3
empirical,3
use,3
arguments,3
refers,3
which,3
sees,3
argument,3
meanings,3
spendthrift,3
land,3
like,3
so,3
exchange,3
never,3
writings,3
charles,3
bridge,3
lawyers,3
competition,3
generally,3
among,3
notes,3
society,3
separate,3
inspection,2
problem,2
fails,2
second,2
reduced,2
way,2
george,2
will,2
prologues,2
vision,2
indeed,2
premiums,2
sort,2
critical,2
corporation,2
determine,2
notion,2
process,2
alone,2
says,2
intervention,2
risk,2
butcher,2
just,2
lucas,2
why,2
achieve,2
all,2
references,2
examined,2
fletcher,2
changes,2
creditors,2
meant,2
wanted,2
under,2
issue,2
university,2
thesis,2
familiar,2
instance,2
fruitful,2
sum,2
promote,2
dartmouth,2
argued,2
costs,2
show,2
simply,2
first,2
rise,2
cast,2
only,2
else,2
persuasive,2
cost,2
long,2
creditor,2
served,2
was,2
business,2
opinion,2
might,2
choose,2
advocated,2
reporting,2
put,2
each,2
j,2
uses,2
gregory,2
path,2
seem,2
did,2
documents,2
off,2
regulation,2
particularly,2
new,2
research,2
court,2
chipman,2
real,2
americans,2
considerable,2
free,2
protect,2
noah,2
mind,2
state,2
took,2
proprietary,2
robert,2
incentives,2
somewhat,2
judges,2
power,2
viewed,2
jenny,2
stability,2
maximum,2
trust,2
ideological,2
circumstances,2
someone,2
proprietarian,2
money,2
america,2
don,2
r,2
data,2
hurst,2
suggests,2
both,2
benefited,2
ownership,2
horwitz,2
through,2
laws,2
calls,2
press,2
along,2
giving,2
intended,2
friedland,2
behavior,2
make,2
alternative,2
estates,2
mightn,2
throughout,2
development,2
visions,2
clear,2
analyzing,2
accepts,2
points,2
hurt,2
interest,2
internalize,2
instead,2
characterized,2
field,2
married,2
evidence,2
term,2
area,2
discourse,2
constraining,2
latter,2
small,2
civic,2
trusts,2
succeeded,2
chicago,2
right,2
corporations,2
always,2
journal,2
corresponds,2
versus,2
ends,2
owners,2
should,2
virtue,2
gordon,2
industries,1
appeal,1
courts,1
cite,1
south,1
given,1
lesser,1
things,1
bernard,1
seventh,1
f,1
departs,1
legislators,1
diametrically,1
take,1
separation,1
naming,1
opposed,1
republican,1
smoke,1
testable,1
tests,1
where,1
led,1
possessed,1
relationship,1
panoramic,1
breyer,1
recognized,1
contributes,1
done,1
york,1
fly,1
dual,1
whose,1
officials,1
belonged,1
following,1
matter,1
attempts,1
without,1
greats,1
independent,1
managers,1
later,1
kenneth,1
scherer,1
squeeze,1
meaning,1
recreate,1
differs,1
aimed,1
main,1
failed,1
threatened,1
short,1
scholar,1
ideology,1
practitioners,1
created,1
compensate,1
concern,1
entailment,1
watergate,1
vague,1
influential,1
return,1
lines,1
ordinary,1
devise,1
arrive,1
capture,1
therefore,1
statutes,1
shallhope,1
prove,1
conceptions,1
whatever,1
interfere,1
establishes,1
opportunity,1
ordering,1
coase,1
phrases,1
began,1
suppose,1
lawrence,1
shareholder,1
confine,1
similar,1
transformation,1
b,1
democrats,1
clarifies,1
executive,1
grapple,1
complex,1
dynamism,1
thrust,1
hold,1
conjectures,1
innovation,1
dialogue,1
makes,1
study,1
antonin,1
continually,1
whole,1
glimpsing,1
existed,1
philosophies,1
misses,1
referring,1
kames,1
republicans,1
flux,1
rate,1
dead,1
cobb,1
wives,1
deference,1
moves,1
constitutes,1
ways,1
types,1
centuries,1
fascinating,1
reason,1
johns,1
face,1
security,1
category,1
making,1
easily,1
see,1
we,1
believe,1
favor,1
rigorous,1
joseph,1
roadmap,1
evolved,1
practical,1
whereas,1
light,1
trace,1
beneficiaries,1
us,1
position,1
family,1
key,1
sorts,1
index,1
sections,1
perceived,1
necessarily,1
earned,1
encourage,1
occurred,1
necessary,1
generated,1
replicate,1
posner,1
analytical,1
taney,1
question,1
impediments,1
thinking,1
actually,1
antebellum,1
days,1
moving,1
same,1
shifting,1
monopolies,1
classifies,1
result,1
coped,1
source,1
claire,1
weal,1
reviewed,1
faith,1
collective,1
appeals,1
cataloging,1
milwaukee,1
most,1
expenditures,1
charters,1
reports,1
quotations,1
superior,1
presser,1
increasingly,1
came,1
anything,1
wonder,1
morton,1
imply,1
willard,1
tries,1
buchanan,1
wage,1
acres,1
provide,1
besides,1
neither,1
certainly,1
problems,1
name,1
puts,1
connection,1
listeners,1
signification,1
offers,1
here,1
skill,1
writes,1
suit,1
retrofits,1
m,1
simplifying,1
important,1
think,1
know,1
others,1
mattered,1
appear,1
identified,1
chance,1
utilization,1
peck,1
catchall,1
disappeared,1
worked,1
kent,1
thinks,1
primogeniture,1
diachronic,1
dictator,1
release,1
disinterested,1
advance,1
bites,1
steven,1
loom,1
based,1
shows,1
company,1
assets,1
commission,1
seriously,1
extent,1
innovations,1
included,1
overwhelming,1
agenda,1
unambiguously,1
best,1
deprivation,1
entitlements,1
opposing,1
found,1
exercised,1
shawn,1
indulge,1
great,1
presence,1
current,1
tally,1
confiscation,1
choice,1
ambiguity,1
time,1
dampen,1
objectives,1
compatible,1
divest,1
injuries,1
her,1
demonstrating,1
onto,1
pass,1
rely,1
far,1
carleton,1
carolina,1
gardiner,1
debates,1
contend,1
maybe,1
benefit,1
false,1
theorized,1
configuration,1
fashion,1
republicanism,1
help,1
ronald,1
philosophical,1
struggles,1
u,1
passage,1
works,1
living,1
markets,1
planners,1
legislation,1
disagreed,1
big,1
improved,1
extracting,1
lending,1
academic,1
readers,1
arrow,1
left,1
believed,1
pure,1
those,1
knows,1
didn,1
lord,1
understood,1
differences,1
according,1
faulting,1
decried,1
scholarly,1
letting,1
bailyn,1
favoring,1
fixed,1
road,1
incompatible,1
within,1
continuing,1
confused,1
equate,1
smaller,1
tools,1
appears,1
hated,1
terms,1
milton,1
kantor,1
companies,1
less,1
peltzman,1
system,1
now,1
maryland,1
sound,1
voting,1
want,1
forth,1
particular,1
side,1
scale,1
pertinent,1
energy,1
wealth,1
uttered,1
synchronic,1
controversy,1
eye,1
suspect,1
dialectic,1
alfred,1
defenseless,1
charter,1
feudal,1
create,1
intangible,1
debate,1
hamilton,1
ignoring,1
distribution,1
historians,1
appropriated,1
revolutionary,1
adverse,1
hopkins,1
entrepreneurial,1
primary,1
wood,1
undo,1
coastal,1
extract,1
vehicle,1
technical,1
samuelson,1
require,1
undermined,1
desires,1
failure,1
remained,1
tack,1
sounded,1
proprietarianism,1
offal,1
another,1
potential,1
thousands,1
having,1
allodial,1
missed,1
figurative,1
credit,1
unequal,1
circuit,1
hundreds,1
greatest,1
targets,1
used,1
categories,1
illustrate,1
winners,1
periodicals,1
permitted,1
arbiter,1
establishing,1
characterize,1
pursue,1
layoffs,1
solely,1
alter,1
deduces,1
bodies,1
richard,1
uniting,1
tracing,1
carries,1
helps,1
slaves,1
heart,1
alarm,1
determined,1
prominent,1
four,1
agencies,1
point,1
compelling,1
part,1
x,1
ignores,1
watts,1
aggregating,1
cooter,1
original,1
kahn,1
republic,1
regulate,1
supreme,1
deducing,1
permissible,1
encouraged,1
protected,1
economists,1
letter,1
amartya,1
analyst,1
southerners,1
gone,1
cheung,1
mislead,1
describe,1
fit,1
lobbying,1
benedict,1
redistribution,1
tied,1
during,1
starts,1
pursuing,1
broad,1
battle,1
interestingly,1
constitute,1
vocabulary,1
mention,1
ideas,1
exist,1
questions,1
somehow,1
build,1
central,1
circumstance,1
engaged,1
resonated,1
individuals,1
stay,1
ownerdominated,1
check,1
odors,1
buying,1
search,1
previous,1
reflect,1
mcculloch,1
shavell,1
promoted,1
formation,1
tullock,1
professor,1
adopting,1
participate,1
historically,1
examples,1
author,1
commercial,1
rejected,1
roger,1
difference,1
restrictions,1
consult,1
munn,1
corrupted,1
illustrates,1
strongest,1
due,1
against,1
illinois,1
paradigm,1
authors,1
wouldn,1
either,1
frame,1
stasis,1
g,1
profession,1
grant,1
earth,1
mode,1
paul,1
change,1
investigation,1
creating,1
offer,1
individual,1
construct,1
treads,1
asset,1
although,1
commerce,1
touches,1
southern,1
describing,1
likewise,1
revised,1
range,1
period,1
opinions,1
skidmore,1
revolution,1
ability,1
suggest,1
premium,1
states,1
writer,1
slippery,1
loser,1
sam,1
symbolizes,1
generation,1
fishback,1
maximize,1
paths,1
rings,1
contrast,1
skewers,1
kept,1
vested,1
dissented,1
after,1
misunderstanding,1
risky,1
adam,1
provides,1
merely,1
maximizing,1
developments,1
pretensions,1
increased,1
mutable,1
gets,1
wasn,1
usufruct,1
profits,1
entrepreneurs,1
conclusions,1
surely,1
profound,1
back,1
musings,1
pocock,1
objectively,1
systems,1
trying,1
requires,1
smith,1
allowed,1
acts,1
majority,1
supposedly,1
become,1
businesses,1
themselves,1
allowing,1
outweigh,1
proponents,1
stanley,1
c,1
distinguished,1
isn,1
values,1
scholarship,1
topics,1
effect,1
task,1
price,1
find,1
analysis,1
early,1
weight,1
including,1
economies,1
probably,1
unfettered,1
even,1
burden,1
bourne,1
story,1
adolph,1
develop,1
hume,1
look,1
looked,1
inaccessible,1
appealing,1
focus,1
proper,1
impeding,1
figures,1
strong,1
saw,1
nce,1
tapped,1
supporters,1
language,1
aristocrats,1
plausible,1
mouths,1
famous,1
unhinged,1
patterns,1
laborers,1
posing,1
an,1
hardly,1
informed,1
opposite,1
restricting,1
rest,1
sen,1
perception,1
bondsman,1
mechanism,1
hypothesis,1
