WORDCOUNTS,WEIGHT
the,334
of,139
in,116
to,114
and,99
a,64
that,59
is,49
party,40
he,35
holt,34
whigs,32
as,31
this,29
were,28
it,27
not,26
but,24
was,22
for,22
political,21
slavery,19
more,19
s,19
their,18
whig,18
an,18
be,18
american,17
or,17
by,17
which,17
from,16
on,16
northern,16
his,15
economic,15
with,15
history,15
had,15
democrats,14
politics,14
south,13
question,13
have,13
at,12
indeed,12
has,12
its,12
southern,11
one,11
why,11
north,11
they,10
two,10
all,10
are,10
book,10
after,10
even,10
these,9
view,9
parties,9
new,9
them,9
antislavery,9
issues,9
states,9
than,9
most,8
first,8
volume,8
state,8
what,8
historians,8
some,8
work,8
thus,8
if,7
been,7
here,7
over,7
could,7
events,7
answer,7
pattern,7
since,7
there,7
so,7
pages,7
would,7
will,6
does,6
within,6
sectional,6
other,6
each,6
many,6
did,6
p,6
ashworth,6
patterns,6
war,6
however,6
almost,6
simply,6
no,5
act,5
ideology,5
might,5
about,5
into,5
then,5
too,5
only,5
also,5
know,5
reviews,5
can,5
kansas,5
made,5
role,5
subject,5
collapse,5
years,5
like,5
little,5
we,5
notes,5
compromise,5
major,5
rather,4
concern,4
who,4
force,4
whether,4
specific,4
consequences,4
decade,4
university,4
consider,4
fact,4
few,4
important,4
again,4
fundamental,4
able,4
any,4
passage,4
do,4
less,4
issue,4
perhaps,4
wood,4
both,4
upon,4
hundred,4
brought,4
point,4
part,4
though,4
southerners,4
trees,4
june,4
always,4
when,4
traditional,4
growth,4
sumner,3
final,3
may,3
york,3
minor,3
played,3
without,3
nativism,3
wrote,3
process,3
importance,3
existed,3
united,3
once,3
second,3
factors,3
oxford,3
competition,3
pressures,3
underlying,3
historian,3
same,3
different,3
compromisers,3
social,3
voters,3
text,3
willing,3
others,3
words,3
sections,3
agree,3
forces,3
john,3
those,3
william,3
where,3
developments,3
see,3
while,3
great,3
well,3
emphasis,3
temperance,3
northerners,3
jacksonian,3
reader,3
press,3
elections,3
aggressions,3
ideas,3
arena,3
nothing,3
approach,3
national,3
author,3
finally,3
crisis,3
course,3
sense,3
obvious,3
extremely,3
especially,3
statesmanship,3
between,3
era,3
early,3
should,3
happen,2
republican,2
polk,2
underlies,2
likely,2
wishes,2
matter,2
way,2
concerned,2
recession,2
crucial,2
usually,2
destroy,2
how,2
commitment,2
program,2
receptive,2
e,2
lost,2
collections,2
still,2
formed,2
entirely,2
transcended,2
emphasizes,2
rationale,2
life,2
structural,2
study,2
often,2
devotion,2
yet,2
support,2
mistakes,2
reason,2
union,2
discernible,2
win,2
thought,2
modern,2
microscope,2
announces,2
blame,2
us,2
reintegration,2
section,2
antebellum,2
allow,2
threat,2
nothings,2
combat,2
scarcely,2
increasingly,2
damaging,2
filings,2
willingness,2
long,2
labor,2
asks,2
power,2
military,2
bleeding,2
death,2
ask,2
principle,2
greater,2
outside,2
slave,2
together,2
narrative,2
deal,2
doubt,2
take,2
considerable,2
alignment,2
free,2
hostilities,2
last,2
late,2
readers,2
henry,2
defend,2
according,2
gienapp,2
hostile,2
republicans,2
alignments,2
form,2
michael,2
system,2
tell,2
making,2
thirty,2
existence,2
above,2
find,2
number,2
sought,2
possibility,2
failure,2
argues,2
another,2
possible,2
line,2
used,2
election,2
bibliography,2
through,2
ignores,2
civil,2
became,2
must,2
went,2
year,2
older,2
assumption,2
place,2
conditions,2
questions,2
central,2
continue,2
allowed,2
apparently,2
argument,2
deepened,2
such,2
development,2
reveals,2
own,2
washington,2
explanation,2
instead,2
disagree,2
adams,2
length,2
revolution,2
features,2
politicians,2
electoral,2
off,2
centripetal,2
hence,2
several,2
thousand,2
ignore,2
concerns,2
insists,2
boundaries,2
effect,2
tended,2
reached,2
views,2
up,2
consequently,2
describes,2
value,2
general,2
time,2
attention,2
termed,2
close,2
apparent,2
culmination,1
increasing,1
unexpected,1
span,1
entitled,1
space,1
failed,1
threatened,1
rights,1
appeal,1
go,1
never,1
therefore,1
webster,1
via,1
held,1
polarizing,1
simultaneously,1
relationship,1
modification,1
untenable,1
done,1
added,1
shattered,1
observer,1
endorsed,1
page,1
frederick,1
onset,1
inordinate,1
series,1
difficult,1
common,1
expected,1
continued,1
quite,1
card,1
sometimes,1
opinion,1
individualism,1
main,1
dictate,1
generous,1
proclaimed,1
blames,1
impressive,1
created,1
cabins,1
separated,1
antagonisms,1
limited,1
suffice,1
critical,1
gallatin,1
decades,1
institution,1
diametrically,1
rush,1
brief,1
resulted,1
levels,1
wing,1
ten,1
patronage,1
primarily,1
institutions,1
opposed,1
brings,1
referred,1
magnetic,1
suprastate,1
fifth,1
attempt,1
detailed,1
goes,1
confessing,1
phrases,1
began,1
claimed,1
manuscript,1
effectively,1
folded,1
lawrence,1
earlier,1
comments,1
contribution,1
hopelessly,1
polarized,1
certain,1
rapidly,1
republic,1
large,1
interesting,1
electorate,1
parts,1
judged,1
doubted,1
owed,1
disintegration,1
scoldings,1
seward,1
opposite,1
illustrations,1
properly,1
analysis,1
preston,1
offering,1
white,1
objections,1
list,1
coherence,1
moreover,1
partisanship,1
onwards,1
howe,1
troublesome,1
federal,1
solidarity,1
interpretation,1
internecine,1
thomas,1
means,1
centrifugal,1
accounts,1
security,1
amassing,1
coverage,1
studies,1
pp,1
albert,1
struggle,1
nor,1
lavished,1
immigrant,1
earliest,1
praise,1
devotes,1
cause,1
trace,1
policy,1
secession,1
key,1
periods,1
index,1
differentiated,1
acquired,1
split,1
grist,1
presidency,1
seriously,1
victories,1
curious,1
incensed,1
tells,1
proved,1
before,1
complete,1
note,1
just,1
days,1
exceptions,1
destroying,1
battered,1
impact,1
sharply,1
unashamedly,1
result,1
minutiae,1
variety,1
exemplified,1
chief,1
partly,1
version,1
culled,1
safeguards,1
conjunction,1
benefited,1
occurring,1
disputed,1
women,1
leads,1
eclecticism,1
under,1
democratic,1
ever,1
detect,1
log,1
rise,1
origins,1
fugitive,1
direction,1
follow,1
deter,1
explaining,1
concerning,1
beneficial,1
happening,1
cotton,1
sources,1
familiarity,1
consequence,1
issueless,1
narrowly,1
requires,1
differentiate,1
antisouthern,1
posed,1
cosmetic,1
human,1
straddles,1
skill,1
raising,1
ruin,1
feeble,1
attacks,1
set,1
essays,1
aristocrats,1
unsustainable,1
welter,1
steady,1
spite,1
later,1
appeals,1
quickly,1
divert,1
bereft,1
admiration,1
suspicions,1
expired,1
refusal,1
caning,1
rejects,1
campaigning,1
agenda,1
emerged,1
agrarians,1
stamp,1
towards,1
odd,1
england,1
wanting,1
scientist,1
supplied,1
moving,1
lacked,1
historiography,1
my,1
lengthy,1
georgia,1
came,1
based,1
inaction,1
disunited,1
comparatively,1
confident,1
encourage,1
principles,1
consideration,1
extent,1
seem,1
believe,1
provoked,1
individuals,1
paramount,1
walker,1
leaders,1
advantage,1
pressure,1
appearance,1
boom,1
conservative,1
desire,1
speeches,1
prominence,1
traditionally,1
match,1
current,1
developed,1
domestic,1
judgements,1
loyalty,1
against,1
choice,1
ironically,1
foundation,1
tariff,1
seven,1
achievement,1
follows,1
defensive,1
out,1
break,1
larger,1
demands,1
proves,1
contradictory,1
closer,1
abolitionists,1
dislike,1
sustaining,1
far,1
beand,1
launched,1
end,1
emphatically,1
acknowledge,1
roundly,1
contemporary,1
primary,1
clearly,1
speech,1
identical,1
iron,1
politicized,1
nevertheless,1
tracts,1
subsequent,1
help,1
past,1
constantly,1
achieved,1
synthesize,1
feature,1
unchallenged,1
disputes,1
display,1
mystifies,1
compromised,1
reasons,1
works,1
culture,1
respects,1
roots,1
merely,1
men,1
whiggery,1
mind,1
enough,1
further,1
hand,1
emphasized,1
following,1
drove,1
fourth,1
beginning,1
equally,1
similarly,1
dismissed,1
erred,1
knows,1
chain,1
understood,1
shall,1
offered,1
operating,1
growing,1
shown,1
economy,1
johns,1
obscures,1
motivated,1
investigation,1
refrain,1
stopped,1
calhounites,1
treat,1
unique,1
orthodoxy,1
divide,1
recently,1
population,1
produced,1
heavily,1
cannot,1
references,1
vain,1
case,1
side,1
character,1
grounds,1
occasional,1
material,1
opportunistic,1
pains,1
chronologically,1
writes,1
nottingham,1
circumstances,1
unnecessary,1
slowed,1
ignoring,1
problem,1
king,1
fearedquite,1
grave,1
gives,1
alternatively,1
hopkins,1
directly,1
irresistible,1
america,1
complain,1
historiographical,1
staring,1
require,1
addresses,1
maximalist,1
degree,1
retain,1
vol,1
influenced,1
voter,1
editor,1
allocation,1
welcome,1
learn,1
diminution,1
w,1
understanding,1
strengthened,1
aptly,1
tendency,1
minute,1
discussion,1
campaigns,1
reply,1
lapses,1
proslavery,1
survive,1
treated,1
already,1
reversed,1
level,1
comprises,1
bear,1
detestation,1
hints,1
formerly,1
entire,1
professor,1
recognition,1
rehabilitate,1
disadvantage,1
pass,1
rally,1
surveys,1
business,1
transformed,1
x,1
decisive,1
purpose,1
very,1
panic,1
despite,1
enormous,1
example,1
laws,1
cited,1
knowledge,1
increase,1
sufficiently,1
play,1
quibbles,1
nation,1
comment,1
confirms,1
reprimanding,1
charge,1
sympathetic,1
terms,1
concessions,1
explain,1
routinely,1
top,1
minority,1
lies,1
aggression,1
dividing,1
stable,1
territory,1
significant,1
acute,1
shrink,1
matches,1
categories,1
unfortunately,1
persisted,1
says,1
emphasize,1
obscured,1
policies,1
make,1
much,1
admirer,1
signal,1
phenomenon,1
destination,1
factional,1
mention,1
objecting,1
now,1
relentless,1
exist,1
writing,1
repeatedly,1
structures,1
processes,1
trend,1
conflict,1
ends,1
varied,1
announcing,1
call,1
throughout,1
liquor,1
minimizing,1
justification,1
illustrative,1
search,1
previous,1
ones,1
additional,1
office,1
affiliation,1
continues,1
endanger,1
completes,1
kohl,1
surely,1
straddle,1
devoted,1
moderate,1
xviii,1
laments,1
ultimately,1
until,1
examples,1
radicalism,1
described,1
reverse,1
project,1
theme,1
score,1
allocating,1
dynamics,1
symbiosis,1
freehling,1
industrialization,1
reject,1
accept,1
clear,1
observes,1
cider,1
due,1
deepening,1
attributed,1
moral,1
modem,1
grew,1
stated,1
accepts,1
errors,1
inadequate,1
agreement,1
points,1
struggles,1
health,1
aware,1
makes,1
urge,1
forgotten,1
change,1
daniel,1
fillmore,1
defeat,1
leave,1
offer,1
running,1
democrat,1
individual,1
least,1
siphoned,1
plains,1
commerce,1
prominent,1
caused,1
hard,1
uniformity,1
grammatical,1
period,1
need,1
restore,1
regarded,1
ethnocultural,1
product,1
eclipsing,1
century,1
attributes,1
static,1
given,1
acted,1
stresses,1
outraged,1
prosperity,1
order,1
occasioned,1
unity,1
gestation,1
refuses,1
salience,1
harder,1
pushed,1
ticking,1
congress,1
presidential,1
latter,1
urbanization,1
outbreak,1
generating,1
illuminates,1
openly,1
opposition,1
tyrants,1
dissent,1
praises,1
refer,1
charles,1
sentiment,1
privileging,1
amount,1
comeback,1
although,1
highly,1
apart,1
choose,1
removing,1
valuable,1
newspapers,1
encouraging,1
presence,1
yes,1
subsided,1
senate,1
become,1
thereby,1
research,1
endnotes,1
decline,1
reference,1
interpretations,1
staged,1
transparently,1
values,1
justify,1
supply,1
third,1
banking,1
britain,1
witnessed,1
precisely,1
brown,1
agrees,1
enemies,1
condemned,1
capitalism,1
severely,1
look,1
immediately,1
glance,1
details,1
among,1
saw,1
supporters,1
observed,1
famous,1
honestly,1
ago,1
quarter,1
restated,1
alternative,1
generation,1
brooks,1
misses,1
actions,1
counts,1
division,1
quaint,1
underestimate,1
seemed,1
society,1
disappointment,1
surprising,1
