WORDCOUNTS,WEIGHT
the,192
of,140
and,71
a,57
in,55
to,53
as,35
that,31
s,23
cravens,23
child,22
children,21
on,20
their,19
iowa,18
with,17
is,16
social,16
development,16
for,15
station,15
it,14
was,13
head,13
an,13
by,12
one,11
start,11
at,10
had,10
this,10
field,10
more,9
new,9
research,9
he,8
scientists,8
its,8
which,8
scientific,7
they,7
only,7
could,7
larger,7
society,7
american,6
study,6
or,6
into,6
rise,6
time,6
were,6
what,6
them,6
most,6
be,6
science,5
not,5
ways,5
under,5
university,5
history,5
any,5
welfare,5
members,5
his,5
book,5
experiments,5
out,5
individuals,5
sees,5
such,5
own,5
sense,5
family,5
does,4
toys,4
groups,4
program,4
group,4
expert,4
fascinating,4
then,4
eye,4
but,4
implications,4
all,4
room,4
some,4
understanding,4
work,4
these,4
parents,4
findings,4
whole,4
behavior,4
have,4
individual,4
would,4
between,4
than,4
limits,3
if,3
make,3
went,3
parts,3
yet,3
modern,3
thinking,3
before,3
notions,3
sources,3
from,3
view,3
intellectual,3
other,3
p,3
reform,3
experts,3
state,3
raised,3
play,3
reviews,3
racial,3
context,3
hamilton,3
america,3
institute,3
well,3
literature,3
women,3
reader,3
through,3
programs,3
world,3
expertise,3
childhood,3
throughout,3
come,3
full,3
question,3
movement,3
asymmetrical,3
after,3
old,3
dissent,3
integrated,3
managed,3
even,3
results,3
professional,3
attention,3
showed,3
higher,2
tests,2
note,2
no,2
way,2
betterment,2
rather,2
purely,2
summaries,2
testing,2
how,2
limited,2
critical,2
represented,2
community,2
ultimate,2
curtain,2
positive,2
hope,2
formed,2
examined,2
understand,2
makes,2
pp,2
shift,2
us,2
title,2
elisabeth,2
emergence,2
just,2
same,2
too,2
democratic,2
frustration,2
lead,2
connection,2
dominant,2
power,2
important,2
symmetrical,2
attempt,2
over,2
central,2
many,2
been,2
nature,2
seem,2
did,2
found,2
half,2
vision,2
radical,2
historical,2
another,2
living,2
further,2
staff,2
poverty,2
intelligence,2
effect,2
orthodoxy,2
shown,2
making,2
promise,2
particular,2
kett,2
historians,2
task,2
while,2
primary,2
mass,2
researchers,2
level,2
discrimination,2
illustrated,2
reality,2
part,2
press,2
became,2
related,2
test,2
concern,2
place,2
describes,2
families,2
actual,2
our,2
peculiar,2
devoted,2
students,2
approach,2
like,2
conducted,2
reformers,2
small,2
body,2
themselves,2
june,2
can,2
fully,2
early,2
when,2
up,2
much,2
kuhn,2
north,2
portrait,2
justice,2
periods,1
contributes,1
illustrating,1
fails,1
integral,1
failed,1
depicted,1
rights,1
accepting,1
therefore,1
now,1
led,1
states,1
informs,1
situation,1
individualist,1
intersperse,1
point,1
page,1
today,1
equality,1
quotient,1
century,1
matter,1
sklar,1
common,1
policing,1
unfulfilled,1
later,1
mentions,1
crucial,1
within,1
redress,1
ideas,1
federal,1
main,1
notable,1
effects,1
developed,1
launch,1
anomalies,1
subject,1
hill,1
market,1
supremely,1
environmental,1
brief,1
playing,1
primarily,1
concerns,1
intriguing,1
notion,1
process,1
implies,1
prevailing,1
who,1
unique,1
kish,1
seen,1
combine,1
goes,1
integrationist,1
yale,1
itself,1
force,1
intervention,1
mainstream,1
fleshing,1
sphere,1
proportion,1
earlier,1
house,1
determination,1
nursery,1
suggests,1
whether,1
terrain,1
institutionalization,1
michel,1
certain,1
told,1
center,1
leave,1
direct,1
dissenting,1
put,1
philipe,1
integrity,1
race,1
kinds,1
methods,1
furthered,1
lacking,1
preoccupation,1
elaborated,1
illustrations,1
analysis,1
existed,1
confronting,1
undercut,1
contributing,1
renamed,1
factors,1
cherished,1
cooperative,1
authority,1
education,1
unfolds,1
centuries,1
thomas,1
blinded,1
rebellion,1
represents,1
kuhnian,1
nor,1
largely,1
microscope,1
illuminate,1
joseph,1
whereas,1
assumption,1
considered,1
greater,1
restricted,1
acceptance,1
addressed,1
detail,1
policy,1
organization,1
suspense,1
neither,1
fixed,1
statistical,1
index,1
school,1
seems,1
salient,1
occurred,1
included,1
inequality,1
home,1
heavy,1
observing,1
presumably,1
ordered,1
invite,1
disadvantaged,1
culture,1
teaching,1
attain,1
impact,1
underpinned,1
elaborate,1
desirability,1
conclusion,1
humanities,1
exploratory,1
insinuate,1
contexts,1
situations,1
circumstances,1
odds,1
themes,1
measurements,1
extending,1
different,1
show,1
two,1
ferment,1
endless,1
superior,1
maverick,1
lower,1
noted,1
increasingly,1
first,1
origins,1
accruing,1
overcoming,1
foucault,1
considers,1
especially,1
iqs,1
membership,1
barriers,1
fruitful,1
leader,1
painted,1
name,1
puts,1
instance,1
solve,1
alternative,1
interests,1
explain,1
set,1
bold,1
constructiveness,1
ii,1
taken,1
usher,1
abound,1
suggested,1
toward,1
trained,1
might,1
others,1
drawing,1
ran,1
revealing,1
bibliographies,1
allow,1
reluctantly,1
epilogue,1
each,1
causes,1
complete,1
reappearance,1
hours,1
emotions,1
result,1
words,1
specialized,1
debilitating,1
dramatically,1
came,1
lack,1
path,1
alienation,1
professions,1
scholars,1
best,1
leading,1
areas,1
down,1
settlement,1
broken,1
prominence,1
federally,1
wedded,1
happily,1
begun,1
erosion,1
great,1
traditionally,1
reminiscent,1
ministrations,1
inquiry,1
rich,1
elaborates,1
centers,1
served,1
government,1
link,1
very,1
asserting,1
end,1
carolina,1
atmospheres,1
risk,1
i,1
fashion,1
illuminated,1
help,1
innumerable,1
documents,1
merely,1
better,1
places,1
mind,1
stuff,1
left,1
prescriptive,1
concepts,1
regression,1
novelthe,1
present,1
activism,1
helping,1
remarkable,1
understood,1
normal,1
cultural,1
according,1
biographies,1
rearing,1
innovative,1
war,1
numbers,1
techniques,1
stearns,1
johns,1
continuing,1
orderly,1
are,1
return,1
combined,1
accepted,1
setting,1
interwar,1
viewed,1
meticulous,1
produced,1
form,1
see,1
boundaries,1
surveillance,1
case,1
side,1
series,1
however,1
hierarchically,1
maintain,1
contemporaries,1
hypothetical,1
tension,1
perhaps,1
writes,1
linear,1
symbolizing,1
public,1
gives,1
hopkins,1
really,1
huge,1
obsession,1
aries,1
briefly,1
right,1
communitarian,1
kathryn,1
degree,1
exert,1
changed,1
explored,1
charted,1
entity,1
balance,1
directly,1
information,1
local,1
account,1
generally,1
wonders,1
donzelot,1
persuaded,1
miniature,1
basis,1
emphasis,1
possible,1
interrelated,1
logical,1
syracuse,1
closed,1
data,1
illustrate,1
discussion,1
coherent,1
decisions,1
translated,1
douglas,1
survive,1
intent,1
examples,1
autocratic,1
birth,1
hindsight,1
radically,1
alter,1
made,1
dissenters,1
ideal,1
helps,1
monitoring,1
articulate,1
taking,1
except,1
hereditary,1
purpose,1
productivity,1
city,1
despite,1
previously,1
revolutions,1
cited,1
role,1
along,1
inaugurated,1
opportunity,1
must,1
empirical,1
gate,1
controlling,1
entirely,1
predictably,1
universe,1
fail,1
masks,1
during,1
grasped,1
secured,1
issues,1
collective,1
funded,1
people,1
isolated,1
actually,1
gain,1
being,1
successful,1
questions,1
maturation,1
morale,1
fallacy,1
unexplored,1
espouse,1
saw,1
promulgating,1
away,1
coles,1
determinism,1
improvements,1
believes,1
folklore,1
xviii,1
ultimately,1
roots,1
showing,1
reverse,1
project,1
explained,1
argument,1
smallest,1
burden,1
years,1
dynamics,1
consideration,1
interested,1
visions,1
significance,1
explorations,1
countless,1
clear,1
challenging,1
trends,1
overlooks,1
graduate,1
hidden,1
twentieth,1
directed,1
paradigm,1
comprehensive,1
jacques,1
national,1
recognize,1
rothman,1
author,1
finally,1
neighbors,1
peter,1
retarded,1
preceded,1
causal,1
tone,1
published,1
large,1
instead,1
christopher,1
times,1
raises,1
strict,1
determinist,1
correct,1
started,1
whitney,1
describing,1
building,1
interventionist,1
need,1
prodigious,1
so,1
files,1
him,1
revolution,1
sample,1
played,1
integration,1
involving,1
next,1
foray,1
affairs,1
kind,1
order,1
filled,1
tries,1
black,1
ruminate,1
provides,1
measured,1
emerging,1
profession,1
distinct,1
preschool,1
involved,1
latter,1
destroyed,1
quantification,1
artificial,1
david,1
perspective,1
permitted,1
belief,1
needs,1
lasch,1
observation,1
specific,1
problems,1
wider,1
subjects,1
pluralism,1
components,1
leaves,1
eyes,1
often,1
chapel,1
brought,1
close,1
reams,1
relation,1
mystery,1
decline,1
orphanage,1
suddenly,1
rejection,1
scholarship,1
ann,1
atomistic,1
youngsters,1
selfappointed,1
individualistic,1
yielded,1
structure,1
create,1
barely,1
views,1
explore,1
inability,1
drawn,1
cosmology,1
department,1
also,1
shiny,1
interaction,1
those,1
because,1
pressing,1
using,1
figures,1
among,1
robert,1
we,1
tendency,1
recent,1
notes,1
connections,1
responsibility,1
fellow,1
civil,1
controversial,1
provided,1
doing,1
heyday,1
makings,1
though,1
specialty,1
specialties,1
behind,1
dictated,1
behalf,1
decision,1
presumed,1
imbalanced,1
