WORDCOUNTS,WEIGHT
the,205
of,117
and,80
in,61
to,51
a,42
s,39
that,31
as,30
history,29
pickett,29
memory,29
it,28
is,26
charge,25
on,23
was,18
by,18
war,18
from,17
reardon,16
historians,15
have,15
at,14
who,14
they,14
for,14
an,14
with,13
military,13
but,12
such,11
about,10
all,10
civil,10
their,10
battle,9
not,9
historical,9
what,9
has,9
gettysburg,9
she,8
those,8
cultural,8
which,8
this,8
be,8
american,7
one,7
many,7
out,7
so,7
battlefield,6
than,6
or,6
had,6
most,6
two,6
bachelder,6
are,6
john,6
there,6
though,6
people,6
professional,6
themselves,6
even,6
may,5
south,5
meaning,5
manhood,5
into,5
events,5
past,5
them,5
cause,5
day,5
because,5
its,5
were,5
field,5
much,5
north,5
his,4
wrote,4
lost,4
fighting,4
sallie,4
park,4
first,4
only,4
t,4
did,4
could,4
p,4
scholarship,4
do,4
reviews,4
case,4
however,4
postwar,4
virginia,4
popular,4
made,4
time,4
three,4
never,4
between,4
division,4
high,3
way,3
been,3
across,3
resisting,3
july,3
began,3
b,3
southern,3
why,3
courage,3
yet,3
participants,3
any,3
just,3
culture,3
more,3
david,3
outcome,3
might,3
december,3
other,3
faulkner,3
great,3
how,3
reunion,3
works,3
robert,3
where,3
longstreet,3
see,3
ed,3
doesn,3
wanted,3
while,3
almost,3
r,3
politics,3
patriotism,3
northerners,3
writers,3
locate,3
story,3
point,3
part,3
far,3
press,3
whole,3
place,3
central,3
bodnar,3
meanings,3
points,3
states,3
pettigrew,3
become,3
forms,3
can,3
women,3
partial,3
early,3
up,3
mcconnell,3
lend,3
ridge,2
will,2
does,2
now,2
he,2
units,2
reunionism,2
stuart,2
george,2
true,2
nina,2
later,2
usually,2
indeed,2
career,2
veterans,2
attacking,2
e,2
souvenir,2
bewildering,2
experiences,2
center,2
actually,2
parts,2
doom,2
industry,2
white,2
once,2
distinguishing,2
ways,2
interpretation,2
suffered,2
happened,2
university,2
forget,2
selective,2
us,2
reconciliation,2
before,2
historian,2
days,2
same,2
trying,2
objectivity,2
series,2
version,2
too,2
these,2
turning,2
must,2
themes,2
else,2
gaines,2
lee,2
claims,2
random,2
long,2
rather,2
lewis,2
tragedies,2
also,2
frederick,2
know,2
others,2
repulse,2
epilogue,2
each,2
armistead,2
advanced,2
different,2
overwhelming,2
tradition,2
found,2
desire,2
wall,2
confederacy,2
attack,2
carol,2
come,2
carolina,2
lowenthal,2
virginians,2
real,2
foster,2
hands,2
maurice,2
men,2
silber,2
political,2
threads,2
road,2
tragedy,2
form,2
answer,2
gilded,2
distortions,2
troops,2
armies,2
firmly,2
writes,2
eds,2
assault,2
fight,2
public,2
draws,2
particularly,2
view,2
really,2
discussion,2
halbwachs,2
skepticism,2
both,2
richard,2
age,2
sides,2
jubal,2
line,2
became,2
disconnected,2
o,2
commemoration,2
memories,2
writing,2
questions,2
question,2
ultimately,2
led,2
students,2
carolinians,2
years,2
open,2
own,2
twentieth,2
approach,2
national,2
author,2
soldiers,2
gillis,2
good,2
individual,2
like,2
would,2
connerton,2
century,2
quotes,2
kind,2
get,2
event,2
veteran,2
spent,2
highly,2
alamo,2
douglass,2
narrative,2
james,2
visible,2
orthodox,2
within,2
little,2
present,2
immediately,2
details,2
we,2
stone,2
provided,2
paul,2
tennessee,2
kurt,1
appeal,1
bighorn,1
impossible,1
tourists,1
frequent,1
retreated,1
knee,1
superiority,1
ghosts,1
transcended,1
moreover,1
informs,1
second,1
approximate,1
urged,1
americans,1
intruder,1
foreshadowing,1
saga,1
retellings,1
terrain,1
fathers,1
no,1
constricted,1
hugging,1
without,1
contextualization,1
relatively,1
important,1
clinton,1
if,1
faith,1
indicated,1
messy,1
slavery,1
productions,1
performance,1
foreign,1
seminary,1
tedious,1
absent,1
identity,1
chronicled,1
gender,1
maps,1
examine,1
remain,1
nonmilitary,1
confused,1
fear,1
hill,1
indefatimcconnell,1
truth,1
begin,1
select,1
deserve,1
meally,1
afterwards,1
accepting,1
lines,1
anniversary,1
cullen,1
culminating,1
johnston,1
college,1
ordinary,1
longest,1
defined,1
trans,1
primarily,1
meanwhile,1
positioned,1
retreat,1
accepted,1
represented,1
seen,1
still,1
above,1
pointed,1
force,1
risk,1
notably,1
flag,1
everybody,1
boy,1
originated,1
talk,1
group,1
script,1
large,1
immovable,1
remembrance,1
neat,1
ask,1
dialogue,1
virginian,1
fabre,1
moore,1
often,1
myth,1
effective,1
illustrations,1
diverge,1
wistful,1
closure,1
picked,1
jubilee,1
confederate,1
hope,1
remembering,1
informative,1
philadelphia,1
rebutted,1
holmes,1
sort,1
benet,1
replete,1
h,1
rock,1
effort,1
sympathy,1
monuments,1
disasters,1
face,1
coverage,1
articles,1
insistence,1
pp,1
serve,1
perceptions,1
smudging,1
romantic,1
modern,1
country,1
attracted,1
plus,1
east,1
meant,1
earliest,1
under,1
former,1
decade,1
ideals,1
earnest,1
addressed,1
detail,1
stephen,1
position,1
genevieve,1
sorts,1
talking,1
veneration,1
necessarily,1
regimental,1
literary,1
dictates,1
unlike,1
mortality,1
repeated,1
earned,1
occurred,1
home,1
weighing,1
resonates,1
shadow,1
freeman,1
gable,1
gendering,1
proved,1
confederates,1
something,1
broke,1
shaking,1
incompetent,1
arguing,1
overriding,1
glorious,1
variety,1
exalt,1
chief,1
meaningless,1
mentioned,1
frequently,1
yankees,1
precursors,1
broached,1
pointless,1
grand,1
narratives,1
recently,1
extraneous,1
forge,1
experience,1
simply,1
begins,1
acknowledges,1
matters,1
buried,1
celebrates,1
round,1
said,1
came,1
gave,1
romance,1
regional,1
brief,1
connecting,1
precise,1
cemented,1
social,1
commemorative,1
observation,1
isolation,1
graft,1
obstacles,1
sources,1
every,1
shops,1
disposition,1
certainly,1
tankards,1
admit,1
permanent,1
somehow,1
pursue,1
flavor,1
interests,1
index,1
unvarnished,1
column,1
founding,1
challenge,1
sometimes,1
taken,1
fell,1
uncritically,1
imposing,1
death,1
natural,1
widow,1
over,1
constitution,1
reunions,1
accommodationist,1
touristic,1
believe,1
actual,1
blurrier,1
assessments,1
union,1
water,1
j,1
raw,1
cemetery,1
parable,1
scholars,1
uses,1
efforts,1
obscurantists,1
advance,1
my,1
validates,1
fact,1
shows,1
rivals,1
idea,1
explores,1
clasped,1
seem,1
pull,1
unfolding,1
partisans,1
disaster,1
paramount,1
societies,1
leaders,1
down,1
scientifically,1
room,1
subsumed,1
corruption,1
here,1
argue,1
extraordinary,1
emergence,1
half,1
called,1
engagements,1
civic,1
richmond,1
exaggerating,1
historiographers,1
eventually,1
casualties,1
remarked,1
senses,1
manifested,1
shot,1
tucker,1
losses,1
deal,1
panicking,1
presumably,1
clearly,1
new,1
farther,1
onto,1
very,1
debates,1
houses,1
everything,1
tsunami,1
anyway,1
doubt,1
survey,1
amusing,1
book,1
valor,1
charges,1
subsequent,1
help,1
newspapers,1
regiments,1
invocation,1
beliefs,1
passage,1
scores,1
honor,1
last,1
survivors,1
function,1
turned,1
state,1
hand,1
afternoon,1
sew,1
studies,1
beginning,1
fame,1
dismissed,1
william,1
equal,1
realize,1
defending,1
profitable,1
emmitsburg,1
mainly,1
recollections,1
clock,1
johns,1
divided,1
stressing,1
treat,1
settled,1
context,1
hatchets,1
terms,1
commemorating,1
laying,1
heavily,1
sniping,1
making,1
accounts,1
disapproved,1
ideological,1
foregrounding,1
america,1
otherwise,1
material,1
battleshad,1
remaking,1
despite,1
resent,1
shameless,1
misinformation,1
populist,1
wrong,1
purists,1
attacked,1
books,1
travel,1
maudlin,1
wide,1
pulled,1
victorians,1
climb,1
triumph,1
beard,1
sacrifice,1
ourselves,1
her,1
hopkins,1
number,1
going,1
conditioned,1
combatants,1
foisted,1
affair,1
identifiable,1
pitzer,1
commemorate,1
jim,1
failure,1
well,1
tour,1
bombardment,1
nonvirginia,1
argues,1
roundup,1
property,1
another,1
grounds,1
none,1
participation,1
emphasizing,1
soldier,1
some,1
piehler,1
balance,1
aren,1
literature,1
minute,1
size,1
fourteen,1
analysis,1
disentangle,1
douglas,1
fictively,1
wartime,1
coser,1
maelstrom,1
fixture,1
bibliography,1
army,1
remember,1
insight,1
start,1
upon,1
gatherings,1
bloodless,1
unreconstructed,1
modernizing,1
garnett,1
trajectory,1
occurring,1
symbolic,1
say,1
x,1
including,1
decisive,1
desperate,1
distinctly,1
narratively,1
calls,1
chooses,1
republic,1
bonds,1
regulate,1
die,1
encouraged,1
top,1
keeping,1
empirical,1
got,1
went,1
foe,1
sectional,1
southerners,1
affection,1
ross,1
largely,1
during,1
obscured,1
make,1
allowed,1
ranks,1
presently,1
collective,1
contains,1
overcoming,1
succeed,1
falling,1
repeatedly,1
mythology,1
endeavor,1
coming,1
runs,1
think,1
historiographical,1
daring,1
betsy,1
sparked,1
contentment,1
chapters,1
call,1
stewart,1
hung,1
impromptu,1
searching,1
personal,1
ceremonies,1
prejudice,1
away,1
stayed,1
formation,1
lodged,1
whenever,1
folklore,1
notorious,1
until,1
project,1
theme,1
reassert,1
won,1
foes,1
interested,1
reputation,1
afterward,1
clear,1
observes,1
since,1
earth,1
against,1
readings,1
deracinated,1
authors,1
intimations,1
opens,1
guest,1
write,1
express,1
g,1
profession,1
dissenters,1
accept,1
dominated,1
unimaginative,1
intact,1
interest,1
tactical,1
preceded,1
dozen,1
defeat,1
brain,1
contributed,1
offer,1
running,1
general,1
keep,1
lively,1
pride,1
divisions,1
sense,1
powerful,1
started,1
fiftieth,1
claremont,1
suitably,1
period,1
roads,1
insisted,1
chose,1
things,1
stage,1
rooted,1
involving,1
distinction,1
centrality,1
felicitous,1
reenactment,1
order,1
off,1
after,1
conversation,1
hours,1
instant,1
phrase,1
blight,1
paeans,1
claim,1
arbitrary,1
remains,1
elements,1
old,1
fruitful,1
blame,1
imagination,1
commercialism,1
times,1
displays,1
unambiguous,1
several,1
writings,1
beforehand,1
beyond,1
especially,1
unsuspecting,1
charles,1
few,1
back,1
mark,1
members,1
reusable,1
satisfy,1
race,1
catherine,1
folk,1
assumed,1
chapel,1
certainty,1
farthest,1
viewpoint,1
third,1
glenn,1
reads,1
racing,1
narrow,1
played,1
charged,1
exactly,1
visitor,1
exempts,1
clarity,1
informants,1
define,1
judicious,1
masculine,1
find,1
structure,1
irresistible,1
when,1
through,1
blunder,1
vincent,1
method,1
valley,1
tight,1
essays,1
edwin,1
wants,1
brigade,1
look,1
artillery,1
music,1
honesty,1
proper,1
buffet,1
tales,1
rangers,1
intelligent,1
arrogant,1
recent,1
notes,1
relative,1
custer,1
famous,1
concise,1
wounded,1
syrupy,1
late,1
invites,1
doing,1
inferior,1
normal,1
built,1
southall,1
attention,1
tend,1
dust,1
settle,1
competed,1
fungibility,1
commanders,1
warnings,1
titanic,1
let,1
battles,1
kept,1
