WORDCOUNTS,WEIGHT
the,147
of,98
and,70
in,65
to,62
a,36
that,34
mental,26
as,22
by,19
therapeutic,19
for,16
from,15
s,15
polsky,15
health,15
with,14
state,14
their,13
grob,11
community,11
policy,11
social,11
his,10
is,10
were,10
have,10
history,9
more,9
p,9
they,8
american,8
rise,8
not,8
public,8
might,7
into,7
care,7
asylum,7
he,6
how,6
institutions,6
one,6
princeton,6
had,6
past,6
who,6
such,6
this,6
on,6
than,6
at,5
it,5
been,5
university,5
book,5
i,5
illness,5
books,5
both,5
ill,5
its,5
services,5
new,5
be,5
chronically,4
changes,4
marginal,4
mentally,4
welfare,4
but,4
set,4
j,4
are,4
hospitals,4
those,4
political,4
because,4
time,4
america,4
account,4
when,4
press,4
andrew,4
own,4
so,4
after,4
progressive,4
discourse,4
should,4
provided,4
society,4
will,3
act,3
groups,3
created,3
elderly,3
yet,3
pp,3
assistance,3
n,3
humane,3
these,3
two,3
various,3
only,3
index,3
other,3
power,3
over,3
different,3
did,3
half,3
end,3
historical,3
living,3
do,3
ambiguous,3
reviews,3
population,3
facilities,3
has,3
programs,3
during,3
achenbaum,3
approach,3
families,3
however,3
we,3
initiatives,3
years,3
discursive,3
offer,3
reformers,3
developments,3
especially,3
june,3
severely,3
much,3
normalizing,2
courts,2
does,2
now,2
gerald,2
second,2
americans,2
no,2
action,2
predecessors,2
support,2
personnel,2
measures,2
psychiatry,2
intervention,2
movement,2
about,2
ways,2
all,2
means,2
itself,2
opportunities,2
applied,2
serve,2
was,2
share,2
associated,2
same,2
something,2
conclusion,2
changing,2
w,2
themes,2
patients,2
organizational,2
questions,2
decades,2
many,2
endorse,2
shows,2
treatment,2
believe,2
scientists,2
treatments,2
timing,2
hospital,2
research,2
casework,2
disorders,2
there,2
experts,2
question,2
better,2
beginning,2
furthermore,2
though,2
according,2
institute,2
where,2
economy,2
whether,2
less,2
making,2
philanthropists,2
can,2
agencies,2
watershed,2
professionals,2
sought,2
another,2
huge,2
some,2
future,2
politics,2
urban,2
discussion,2
goethe,2
even,2
mothers,2
juveniles,2
convinced,2
juvenile,2
normalization,2
concern,2
findings,2
confidence,2
policies,2
people,2
nurse,2
human,2
evolution,2
our,2
which,2
come,2
jcmih,2
complicated,2
since,2
three,2
moral,2
authors,2
crisis,2
sense,2
field,2
an,2
restore,2
century,2
distinction,2
turn,2
standard,2
differently,2
between,2
race,2
psychological,2
enterprise,2
create,2
blue,2
world,2
among,2
psychiatrists,2
notes,2
professional,2
reformist,2
am,2
preventive,1
freud,1
finances,1
difficult,1
enough,1
failed,1
go,1
wounds,1
fifty,1
allay,1
therefore,1
poor,1
battlefield,1
theforthcoming,1
beset,1
moreover,1
aid,1
arrangement,1
anticipated,1
may,1
whose,1
higham,1
ventures,1
creating,1
portrayed,1
practices,1
humankind,1
wisdom,1
european,1
common,1
way,1
michigan,1
fell,1
needy,1
movements,1
concerned,1
faith,1
lesser,1
later,1
opinion,1
coeditor,1
chance,1
l,1
economic,1
linda,1
five,1
milieu,1
modus,1
federal,1
assent,1
operandi,1
evaluate,1
across,1
vision,1
indeed,1
expand,1
activists,1
service,1
remain,1
pieces,1
fear,1
schisms,1
limited,1
basic,1
begin,1
everyone,1
affected,1
elaborating,1
resident,1
attitude,1
legislators,1
happen,1
worthy,1
myself,1
upgrade,1
becomes,1
reorganization,1
prevailing,1
growth,1
success,1
prove,1
legislation,1
elusive,1
veterans,1
extends,1
analyzes,1
reject,1
waned,1
sub,1
titled,1
make,1
mainstream,1
pushed,1
earlier,1
lasted,1
everybody,1
suggestions,1
humanity,1
premises,1
certain,1
modes,1
deals,1
southern,1
settings,1
observation,1
complex,1
seemingly,1
put,1
noninstitutional,1
institutionalized,1
class,1
zeal,1
reconcile,1
nuance,1
often,1
combines,1
illustrations,1
analysis,1
continually,1
gilbert,1
united,1
timeline,1
join,1
once,1
win,1
rate,1
factors,1
communities,1
confronts,1
criticism,1
moves,1
constitutes,1
sets,1
unintended,1
types,1
housing,1
wide,1
violence,1
situation,1
fights,1
coalition,1
done,1
face,1
security,1
prevailed,1
perceptions,1
association,1
defines,1
modern,1
soon,1
clinical,1
mission,1
medicare,1
blurred,1
array,1
whereas,1
tenacity,1
odyssey,1
cause,1
psychoanalytic,1
restricted,1
inspiration,1
chronology,1
policymakers,1
ameliorate,1
official,1
us,1
undertaken,1
imprimatur,1
dissertation,1
seems,1
management,1
familiar,1
home,1
jockeying,1
blindspot,1
general,1
physicians,1
linked,1
readers,1
precedence,1
threatening,1
lessons,1
patenting,1
sharply,1
connotations,1
quoted,1
result,1
tensions,1
source,1
document,1
mentioned,1
too,1
ethnic,1
nowadays,1
insights,1
most,1
respective,1
certification,1
demonstrate,1
democratic,1
ever,1
loom,1
hypothesized,1
invoked,1
speaking,1
first,1
isolated,1
foucault,1
sector,1
picture,1
psychodynamic,1
considers,1
undermine,1
rival,1
aims,1
fill,1
volume,1
sources,1
modest,1
barriers,1
long,1
sentiment,1
defects,1
rather,1
learned,1
drugs,1
funding,1
also,1
offers,1
alternative,1
interests,1
entailed,1
originally,1
ii,1
neither,1
sometimes,1
evidence,1
important,1
rehabilitative,1
quickly,1
toward,1
stating,1
polemic,1
advocated,1
appear,1
similarly,1
fluid,1
conflicts,1
deficiencies,1
intellectual,1
commanded,1
usually,1
engaged,1
katz,1
neil,1
experiments,1
expressed,1
uses,1
efforts,1
definition,1
salvage,1
thus,1
novel,1
came,1
best,1
longer,1
commission,1
principles,1
path,1
agenda,1
illnesses,1
could,1
department,1
stringent,1
leaders,1
murky,1
distorted,1
fearing,1
accommodate,1
broadly,1
critic,1
histories,1
pages,1
method,1
found,1
ph,1
great,1
called,1
afraid,1
feminism,1
generations,1
access,1
compact,1
developed,1
reform,1
philanthropy,1
tactic,1
analyses,1
then,1
rebuilding,1
remarked,1
citizens,1
centers,1
together,1
out,1
deal,1
attacking,1
richer,1
xiii,1
any,1
shared,1
closer,1
asians,1
events,1
launched,1
personality,1
debates,1
doubt,1
contends,1
take,1
selfservingly,1
help,1
inadvertently,1
philosophical,1
attained,1
compromised,1
works,1
pathological,1
big,1
ought,1
men,1
places,1
academic,1
turned,1
curious,1
counterproductive,1
scholarship,1
stand,1
represent,1
concepts,1
raised,1
rieff,1
journalists,1
suffering,1
surely,1
offered,1
scholarly,1
poverty,1
conventional,1
alike,1
shown,1
war,1
techniques,1
johns,1
keywords,1
impulse,1
marginality,1
report,1
tragedy,1
viewed,1
meticulous,1
citizenship,1
disabled,1
selected,1
persons,1
michael,1
system,1
monograph,1
priorities,1
efficacious,1
suffered,1
case,1
forth,1
varying,1
underpinnings,1
imposed,1
otherwise,1
ahead,1
proven,1
existence,1
revision,1
lest,1
eastern,1
therapy,1
somatic,1
extent,1
jurisdictional,1
capacity,1
behavioral,1
always,1
shifts,1
hopkins,1
while,1
primary,1
foundations,1
u,1
eliminate,1
recent,1
influenced,1
objectives,1
devotes,1
rests,1
right,1
pursued,1
victims,1
addresses,1
percent,1
undermined,1
degree,1
well,1
shape,1
notion,1
misused,1
charted,1
satisfying,1
chapter,1
animated,1
local,1
donzelot,1
suggests,1
private,1
incorporated,1
wonders,1
relief,1
aptly,1
quality,1
illustrate,1
lawmakers,1
work,1
front,1
popular,1
scope,1
implement,1
bolster,1
treated,1
amendments,1
hillburton,1
made,1
researchers,1
administrators,1
john,1
psychiatric,1
must,1
inequity,1
clear,1
bedeviled,1
extending,1
concept,1
decent,1
brought,1
seen,1
hispanic,1
little,1
deliberately,1
part,1
composition,1
x,1
including,1
purpose,1
treating,1
flatly,1
establishment,1
competing,1
laws,1
apparent,1
quently,1
still,1
became,1
related,1
nation,1
along,1
duty,1
sensitivity,1
administration,1
host,1
targets,1
freachenbaum,1
acute,1
adapted,1
engage,1
clouded,1
complement,1
choices,1
place,1
tenacious,1
began,1
issues,1
challenges,1
using,1
mention,1
ideas,1
submitted,1
actually,1
waves,1
think,1
conflict,1
central,1
business,1
goal,1
coherent,1
sees,1
previous,1
rehabilitate,1
prefaces,1
perduring,1
devoted,1
continuities,1
voluntaristic,1
theme,1
argument,1
dynamics,1
development,1
empowering,1
xv,1
significance,1
reputation,1
inevitable,1
shield,1
run,1
medical,1
historian,1
grassroots,1
trends,1
else,1
count,1
tables,1
conditions,1
realized,1
institutional,1
jacques,1
national,1
publication,1
custodial,1
inadequate,1
philip,1
finally,1
integrate,1
gerontology,1
tutelage,1
authoritative,1
tone,1
regarded,1
ability,1
large,1
embrace,1
include,1
divisions,1
integrated,1
successful,1
characterized,1
caused,1
define,1
presented,1
d,1
neuropsychiatric,1
justify,1
need,1
lured,1
blueprint,1
recurring,1
parallels,1
manipulates,1
features,1
states,1
direction,1
wards,1
options,1
next,1
generation,1
contrast,1
guided,1
priority,1
psychologists,1
volumes,1
hence,1
adjustment,1
remains,1
least,1
increased,1
clashes,1
immigrants,1
family,1
compromises,1
roughly,1
manifestly,1
mistakes,1
why,1
contingency,1
perspective,1
glaring,1
concrete,1
autonomy,1
moved,1
serreviews,1
mobilized,1
sufficient,1
shapes,1
ferment,1
driving,1
coercive,1
highest,1
taking,1
response,1
prompted,1
vern,1
presuming,1
extraordinary,1
racial,1
single,1
become,1
wholly,1
themselves,1
pathways,1
shadows,1
specialize,1
broadening,1
enabled,1
competed,1
bureaucracies,1
narrative,1
underclass,1
mainly,1
psychotropic,1
vxs,1
delinquency,1
era,1
networks,1
like,1
james,1
patterson,1
generally,1
postwar,1
explore,1
probably,1
would,1
diverge,1
rhetorical,1
instance,1
persuaded,1
given,1
dependent,1
kin,1
present,1
unwillingness,1
parameters,1
vice,1
bengtson,1
seek,1
notice,1
strengthening,1
decline,1
joint,1
cross,1
value,1
hardly,1
successive,1
invites,1
doing,1
malady,1
attention,1
conception,1
unrelated,1
tragic,1
gordon,1
cites,1
justice,1
admirable,1
examines,1
triumph,1
uncritical,1
contexts,1
focused,1
grants,1
consequences,1
