WORDCOUNTS,WEIGHT
the,205
of,118
and,117
to,78
a,73
in,60
intellectuals,52
as,43
their,35
fink,35
s,34
for,29
with,27
his,24
masses,22
public,22
from,20
this,19
by,18
social,18
labor,17
on,17
walling,16
or,16
he,15
progressive,15
between,15
they,14
one,14
that,14
book,14
p,14
history,13
an,13
american,12
these,12
it,11
yet,11
political,11
at,10
who,10
was,10
more,10
her,10
people,10
which,10
would,10
movement,9
not,9
different,9
them,9
strunsky,9
world,9
is,8
most,8
intellectual,8
very,8
relationship,7
studies,7
war,7
politics,7
case,7
working,7
early,7
barnacles,6
university,6
into,6
wisconsin,6
democratic,6
came,6
also,6
chapter,6
own,6
commons,6
ely,6
after,6
be,6
democracy,5
way,5
life,5
women,5
t,5
commission,5
might,5
scholars,5
particularly,5
john,5
u,5
what,5
dilemmas,5
became,5
its,5
during,5
were,5
priests,5
so,5
rather,4
transformation,4
ideals,4
culture,4
faith,4
policy,4
over,4
had,4
could,4
great,4
reform,4
mccarthy,4
written,4
men,4
reviews,4
particular,4
anna,4
new,4
greene,4
richard,4
has,4
much,4
demonstrates,4
engaging,4
years,4
twentieth,4
like,4
century,4
provides,4
never,4
can,4
even,4
wife,4
than,4
about,4
society,4
will,3
james,3
today,3
science,3
if,3
lost,3
federation,3
lives,3
complex,3
class,3
study,3
thought,3
serve,3
wanted,3
place,3
us,3
school,3
before,3
but,3
age,3
two,3
experience,3
first,3
only,3
interests,3
cut,3
view,3
epilogue,3
five,3
are,3
love,3
closely,3
seem,3
outsider,3
did,3
explores,3
children,3
how,3
i,3
state,3
remarkable,3
such,3
produced,3
tension,3
perhaps,3
books,3
while,3
randolph,3
march,3
well,3
perlman,3
another,3
when,3
understanding,3
whom,3
example,3
role,3
himself,3
chapters,3
personal,3
change,3
course,3
off,3
socialism,3
progressives,3
perspective,3
themselves,3
saw,3
notes,3
leadership,3
seemed,3
difficult,2
poor,2
now,2
hopes,2
common,2
true,2
mother,2
sometimes,2
groups,2
vision,2
practical,2
commitment,2
dorothy,2
truth,2
influential,2
decades,2
transition,2
leon,2
radically,2
grew,2
kloppenberg,2
feel,2
likely,2
rational,2
ross,2
education,2
selig,2
english,2
means,2
position,2
director,2
just,2
days,2
idealist,2
argued,2
industrial,2
being,2
she,2
amidst,2
other,2
set,2
ii,2
important,2
opinion,2
quickly,2
elusive,2
control,2
union,2
towards,2
many,2
financial,2
opening,2
determined,2
my,2
fact,2
outside,2
withdrew,2
pragmatic,2
down,2
wrote,2
time,2
out,2
larger,2
deal,2
advantages,2
contemporary,2
gompers,2
differed,2
appeared,2
ally,2
sort,2
academic,2
those,2
activism,2
william,2
informed,2
though,2
trials,2
recently,2
see,2
issue,2
era,2
couple,2
writes,2
progressivism,2
problem,2
key,2
always,2
mass,2
america,2
jett,2
degree,2
failure,2
local,2
some,2
r,2
private,2
w,2
machinery,2
work,2
made,2
despite,2
press,2
along,2
object,2
top,2
engage,2
lauck,2
largely,2
gripping,2
embodying,2
ideas,2
harvard,2
goals,2
increasingly,2
goal,2
thus,2
individuals,2
project,2
president,2
since,2
quest,2
have,2
numerous,2
either,2
samuel,2
related,2
advocacy,2
workers,2
contributed,2
needed,2
socialist,2
attributes,2
forced,2
julie,2
relations,2
specific,2
charles,2
problems,2
young,2
served,2
research,2
russia,2
philip,2
outlook,2
explore,2
up,2
through,2
describes,2
among,2
priestly,2
recent,2
walsh,2
broader,2
generation,2
attention,2
prescribed,1
model,1
may,1
south,1
liberation,1
reading,1
messy,1
asking,1
take,1
personify,1
undergraduate,1
resonance,1
interesting,1
possessed,1
recesses,1
profoundly,1
pittenger,1
second,1
transform,1
manipulated,1
americans,1
me,1
writings,1
m,1
dominates,1
agitation,1
perspectives,1
lit,1
limits,1
attempts,1
window,1
protean,1
without,1
identification,1
european,1
fell,1
figure,1
meaning,1
provide,1
economic,1
been,1
castigates,1
mark,1
contrast,1
main,1
absent,1
generous,1
developed,1
stood,1
scholar,1
acquaint,1
brian,1
depth,1
remain,1
exile,1
expansion,1
represent,1
play,1
return,1
mindset,1
teach,1
explicit,1
theater,1
cynical,1
struggled,1
revolutionary,1
process,1
independence,1
e,1
wonk,1
get,1
strains,1
prove,1
haymarket,1
active,1
intersect,1
echoing,1
titled,1
began,1
expanded,1
beckoned,1
lawrence,1
earlier,1
rortyan,1
experiences,1
oddly,1
connect,1
seligman,1
impose,1
importance,1
talk,1
certain,1
group,1
becoming,1
expert,1
discover,1
terms,1
articulate,1
possess,1
satisfaction,1
agency,1
putative,1
implementing,1
pp,1
formation,1
illuminating,1
paternal,1
white,1
consumerism,1
merged,1
frank,1
remind,1
factors,1
result,1
fashioned,1
ways,1
support,1
citizens,1
making,1
push,1
itself,1
determination,1
devoted,1
security,1
solutions,1
divorce,1
articles,1
sure,1
perceptions,1
devotion,1
marginal,1
upheaval,1
relationships,1
programs,1
romantic,1
shift,1
pressures,1
investigate,1
mission,1
old,1
fought,1
proud,1
boulder,1
under,1
assumption,1
spirit,1
dewey,1
policymakers,1
neither,1
male,1
index,1
seems,1
founder,1
ardor,1
reflects,1
accrue,1
publicly,1
suggestions,1
participants,1
occurred,1
tackle,1
policies,1
falls,1
heavy,1
lowell,1
clearly,1
greenberg,1
constant,1
threatening,1
believed,1
same,1
nor,1
fulfillment,1
impact,1
dominate,1
citizenry,1
radical,1
traces,1
hanging,1
gradually,1
bruce,1
articulated,1
comes,1
series,1
preoccupation,1
broad,1
source,1
complexity,1
dose,1
profile,1
stephen,1
phenomenon,1
cautions,1
autonomy,1
test,1
demonstrate,1
file,1
concerned,1
noted,1
origins,1
awareness,1
known,1
encouragement,1
connecting,1
gap,1
changed,1
requested,1
naive,1
literacy,1
notions,1
administrators,1
quotes,1
hence,1
endured,1
afl,1
jewishness,1
supposedly,1
leader,1
lewis,1
compare,1
admit,1
disdain,1
victorian,1
useful,1
here,1
command,1
left,1
tell,1
dramatize,1
lou,1
researched,1
naivete,1
challenge,1
colorado,1
perceived,1
exploration,1
scare,1
know,1
faced,1
again,1
treatment,1
stands,1
assist,1
assistant,1
similarly,1
allies,1
chairman,1
constructive,1
emerged,1
all,1
greater,1
wonderful,1
relinquished,1
finest,1
dramatically,1
acceptable,1
lead,1
confident,1
shaped,1
extent,1
hollow,1
rosy,1
included,1
distance,1
brightly,1
scientists,1
best,1
leading,1
holds,1
histories,1
daily,1
accompanied,1
creative,1
desire,1
fascinating,1
propaganda,1
reasons,1
constructions,1
abstract,1
gradual,1
treatments,1
allied,1
forces,1
moments,1
then,1
insular,1
effort,1
lived,1
hospital,1
job,1
scenes,1
shared,1
thanks,1
energies,1
gray,1
onto,1
quandaries,1
workingmen,1
positively,1
carolina,1
zone,1
foe,1
benefit,1
bound,1
meanwhile,1
build,1
prose,1
historical,1
distinctive,1
man,1
exonerated,1
introduces,1
achieved,1
bifurcation,1
struggles,1
beliefs,1
experts,1
representative,1
passionate,1
emerges,1
marxist,1
question,1
merely,1
mind,1
hint,1
further,1
hand,1
trouble,1
stand,1
pure,1
do,1
raised,1
quiet,1
complicated,1
wit,1
let,1
somewhat,1
committed,1
fixed,1
ambitions,1
behind,1
johns,1
communicate,1
carefully,1
activist,1
leonard,1
fantasies,1
combined,1
sharpened,1
context,1
toured,1
viewed,1
adults,1
everything,1
less,1
unemployment,1
historically,1
fulfill,1
truly,1
sound,1
gilded,1
character,1
takes,1
shove,1
however,1
rich,1
perceives,1
fiery,1
mere,1
woman,1
naacp,1
belief,1
required,1
trade,1
wil,1
distancing,1
disenchanted,1
clamping,1
professionals,1
educated,1
died,1
gives,1
shifts,1
hopkins,1
sought,1
saying,1
vehicle,1
brilliant,1
because,1
bureaucratic,1
studying,1
advisor,1
dark,1
undermined,1
remained,1
studied,1
commitments,1
fruitfully,1
explored,1
blended,1
characterizes,1
struggling,1
property,1
influenced,1
imagine,1
having,1
participation,1
views,1
felt,1
suggests,1
dedication,1
activity,1
simple,1
open,1
used,1
aspects,1
divided,1
fourteen,1
vaguely,1
survive,1
noticeably,1
trial,1
both,1
functions,1
worry,1
ideal,1
rediscoveries,1
maffie,1
must,1
represented,1
heart,1
economist,1
reader,1
classes,1
estranged,1
portraying,1
egoist,1
significantly,1
thereby,1
point,1
nature,1
x,1
including,1
training,1
grandiose,1
organizations,1
uncertain,1
household,1
knowledge,1
content,1
calls,1
courses,1
donald,1
negative,1
conceptualizations,1
easy,1
gender,1
subject,1
writing,1
perpetually,1
step,1
aspirations,1
grateful,1
terrific,1
significant,1
dignity,1
use,1
affection,1
gave,1
twenties,1
collection,1
behavior,1
arnesen,1
conditions,1
issues,1
inspire,1
factional,1
allows,1
domination,1
round,1
exist,1
learned,1
think,1
sandwiches,1
freedom,1
our,1
examination,1
throughout,1
eric,1
full,1
trative,1
married,1
scope,1
held,1
surely,1
optimistic,1
synthetic,1
unwelcoming,1
students,1
radicalism,1
survival,1
chaired,1
stanford,1
adminisgreene,1
rejected,1
birth,1
league,1
visions,1
afterward,1
cambridge,1
trusted,1
professor,1
discovered,1
insights,1
there,1
dominated,1
against,1
knights,1
moral,1
graduate,1
manipulation,1
national,1
jew,1
strikingly,1
profession,1
author,1
finally,1
reputation,1
agent,1
sustain,1
assign,1
victory,1
essay,1
remake,1
tutelage,1
reid,1
shifted,1
moment,1
caution,1
individual,1
least,1
instead,1
lively,1
sense,1
adoration,1
afford,1
describing,1
period,1
followed,1
rarified,1
reformers,1
inherent,1
him,1
pay,1
announced,1
dynamism,1
already,1
stresses,1
ended,1
administrative,1
approach,1
defined,1
multitude,1
transforming,1
militant,1
grapple,1
rank,1
quite,1
resting,1
developments,1
involved,1
around,1
instruction,1
family,1
channeled,1
fervent,1
several,1
needs,1
softpedal,1
offered,1
especially,1
amount,1
concerns,1
marriage,1
matched,1
qualities,1
bridge,1
seek,1
assumed,1
syracuse,1
beautifully,1
comfort,1
topic,1
certainly,1
civic,1
protect,1
played,1
strikers,1
confidently,1
scholarship,1
effective,1
reawakening,1
tick,1
altogether,1
heighten,1
become,1
overwhelmed,1
workingpeople,1
vacillated,1
create,1
woes,1
seeking,1
within,1
essays,1
story,1
participant,1
equivalent,1
securing,1
laurie,1
unwanted,1
focus,1
critique,1
marital,1
we,1
connections,1
engagement,1
profiles,1
professional,1
should,1
evidence,1
virtue,1
alienated,1
develop,1
cold,1
achieve,1
passive,1
roles,1
inhabiting,1
extremely,1
race,1
close,1
suggest,1
dispossessed,1
activities,1
major,1
restores,1
examines,1
