WORDCOUNTS,WEIGHT
the,390
of,276
and,197
to,174
in,163
a,101
smith,82
s,65
american,55
that,55
he,49
land,49
as,46
by,45
virgin,45
turner,39
on,39
with,37
was,35
history,33
it,32
myth,32
for,31
west,28
an,28
is,28
who,26
his,25
had,24
from,24
at,21
their,21
have,21
about,20
but,20
culture,19
frontier,18
p,16
which,16
are,15
people,15
more,15
not,15
what,15
western,14
historians,14
than,14
fisher,14
new,14
they,13
studies,13
work,13
fact,13
we,13
experience,12
or,12
social,12
book,12
were,12
symbol,12
kuklick,11
those,11
political,11
university,11
imagination,11
intellectual,11
be,11
one,10
all,10
limerick,10
when,10
wrote,10
i,10
past,10
them,10
politics,10
tried,10
back,9
how,9
study,9
literary,9
literature,9
us,9
trachtenberg,9
books,9
language,9
has,9
through,9
cooper,9
into,8
reading,8
fabian,8
its,8
world,8
experiences,8
read,8
readers,8
see,8
symbols,8
between,8
something,7
henry,7
america,7
richard,7
no,7
rather,7
myths,7
out,7
place,7
also,7
never,7
do,7
empire,7
another,7
harvard,7
like,7
would,7
offered,7
jackson,6
facts,6
relations,6
find,6
politicians,6
means,6
most,6
cultural,6
reviews,6
writers,6
once,6
scholars,6
metaphors,6
patricia,6
ideas,6
hofstadter,6
sometimes,6
just,6
popular,6
little,6
states,6
democracy,5
group,5
essays,5
english,5
first,5
long,5
such,5
some,5
september,5
interest,5
kind,5
left,5
civilization,5
problems,5
found,5
produced,5
explain,5
example,5
this,5
sense,5
philip,5
make,5
criticism,5
pp,5
two,5
academy,5
appeared,5
man,5
present,5
perhaps,5
students,5
him,5
been,5
dimensions,5
united,5
jefferson,5
over,5
different,5
historical,5
works,5
better,5
making,5
her,5
our,5
although,5
ends,5
slotkin,5
ways,4
shaped,4
simple,4
products,4
within,4
interdisciplinary,4
review,4
century,4
nelson,4
nor,4
explore,4
even,4
critics,4
novelists,4
democratic,4
suggested,4
could,4
war,4
because,4
used,4
alan,4
own,4
graduate,4
things,4
several,4
few,4
acts,4
texas,4
up,4
frederick,4
still,4
many,4
time,4
michael,4
project,4
years,4
mythic,4
questions,4
theoretical,4
clear,4
after,4
conquest,4
quarterly,4
attention,4
life,4
often,4
symbolic,4
passage,4
particular,4
while,4
press,4
went,4
twentieth,4
conventions,4
asked,4
common,3
way,3
fiction,3
library,3
policy,3
before,3
contested,3
cast,3
utopia,3
interests,3
might,3
worked,3
nature,3
words,3
great,3
last,3
possible,3
say,3
collection,3
nash,3
since,3
humanists,3
turn,3
abstractions,3
ix,3
understand,3
section,3
traces,3
beyond,3
lived,3
academic,3
though,3
appears,3
james,3
failure,3
part,3
whole,3
contradictions,3
may,3
various,3
garden,3
single,3
ed,3
suit,3
again,3
idea,3
stories,3
departments,3
together,3
rhetoric,3
enough,3
learn,3
writings,3
use,3
congress,3
described,3
three,3
so,3
thomas,3
especially,3
can,3
saw,3
she,3
poets,3
thinking,3
comes,3
metaphor,3
version,3
each,3
descriptions,3
gone,3
very,3
william,3
according,3
pursued,3
noticed,3
suggests,3
both,3
despite,3
think,3
varied,3
question,3
models,3
ignored,3
product,3
needs,3
close,3
early,3
race,3
does,2
huntington,2
concerned,2
later,2
groups,2
pull,2
prize,2
now,2
alone,2
introduction,2
confidence,2
remind,2
live,2
h,2
tense,2
easily,2
decade,2
position,2
laid,2
planes,2
source,2
distilled,2
based,2
certainly,2
attempts,2
attempt,2
seems,2
historiography,2
agrarian,2
follows,2
nevertheless,2
help,2
mind,2
infinitely,2
written,2
adventures,2
california,2
papers,2
eastern,2
east,2
fenimore,2
struggling,2
chapter,2
mythology,2
account,2
felt,2
obvious,2
sent,2
along,2
irrational,2
behavior,2
representations,2
run,2
clark,2
contrary,2
served,2
obscure,2
generation,2
nuanced,2
unfortunate,2
promised,2
interesting,2
recognized,2
americans,2
whose,2
without,2
annette,2
importance,2
boone,2
white,2
lay,2
consequences,2
escape,2
old,2
marks,2
consider,2
image,2
clearly,2
proposed,2
bruce,2
age,2
buffalo,2
important,2
decades,2
pastoral,2
jay,2
public,2
called,2
changed,2
deal,2
intellectuals,2
shared,2
zone,2
captured,2
poetry,2
late,2
traced,2
understood,2
recently,2
cannot,2
brooklyn,2
aspects,2
well,2
postwar,2
these,2
ideal,2
imagined,2
concept,2
crude,2
gender,2
gave,2
describe,2
fit,2
collective,2
frontiersman,2
ward,2
settlement,2
bridge,2
rhetorics,2
provided,2
seemed,2
society,2
appeal,2
battle,2
gabriel,2
economic,2
imagery,2
limited,2
return,2
bill,2
standing,2
hero,2
tenses,2
yet,2
reference,2
suited,2
makes,2
noted,2
only,2
put,2
efforts,2
unifying,2
consideration,2
john,2
took,2
kolodny,2
armed,2
narrative,2
credit,2
divided,2
made,2
region,2
empirical,2
rhetorically,2
hoc,2
dime,2
fashion,2
open,2
there,2
reality,2
victory,2
essay,2
logic,2
revised,2
psychologists,2
faith,2
special,2
behind,2
imaginative,2
methods,2
ann,2
teach,2
cognition,2
hard,2
rhetorical,2
industrialization,2
prose,2
program,2
rough,2
independence,2
reason,2
began,2
returned,2
lives,2
contribution,2
try,2
class,2
inspired,2
meant,2
dissertation,2
school,2
then,2
takes,2
mcmurtry,2
lessons,2
peoples,2
biography,2
must,2
ralph,2
set,2
worth,2
novel,2
interested,2
did,2
best,2
down,2
turned,2
agricultural,2
passed,2
dream,2
produce,2
freedom,2
art,2
yeoman,2
preserved,2
careful,2
courses,2
role,2
disciplines,2
policymakers,2
discussion,2
representation,2
writing,2
copies,2
opens,2
national,2
write,2
sat,2
offer,2
followed,2
writer,2
colleagues,2
barry,2
imaginations,2
texts,2
permutations,2
images,2
much,2
doing,2
perception,2
admirably,1
final,1
reckoning,1
done,1
revisionist,1
limits,1
prefer,1
sterile,1
heroic,1
if,1
indicated,1
threatened,1
shelves,1
ready,1
deepen,1
degraded,1
truth,1
dangers,1
sundquist,1
career,1
everyone,1
deserve,1
seminars,1
extend,1
environmental,1
struggled,1
worthy,1
crossing,1
passing,1
reflection,1
large,1
properly,1
leatherstocking,1
picked,1
locked,1
songs,1
second,1
asserted,1
confines,1
continent,1
unanswered,1
rogin,1
fault,1
westerns,1
mechanic,1
trilogy,1
necessarily,1
title,1
unite,1
flaws,1
nice,1
precursors,1
root,1
themes,1
test,1
accumulation,1
being,1
sit,1
query,1
passion,1
t,1
explaining,1
twilight,1
philosophers,1
sources,1
titles,1
creation,1
posed,1
regeneration,1
ii,1
mumford,1
trend,1
address,1
illogical,1
actual,1
articulate,1
rational,1
glimpsed,1
england,1
j,1
genteel,1
liberty,1
definition,1
dreaming,1
damaged,1
company,1
other,1
copy,1
scientists,1
tradition,1
suggesting,1
governed,1
confusion,1
farmers,1
imaginary,1
rich,1
producing,1
enrolled,1
whitman,1
studied,1
able,1
lumped,1
atlantic,1
quintessential,1
plead,1
mississippi,1
created,1
scratching,1
styles,1
farmer,1
jumped,1
distracted,1
achieved,1
embrace,1
defused,1
primitive,1
committed,1
istory,1
daniel,1
stopped,1
intersection,1
context,1
rethinking,1
contents,1
epistemological,1
proceed,1
anniversary,1
sophisticated,1
historicists,1
supplant,1
anthropologists,1
capacity,1
mass,1
sexual,1
discuss,1
ventures,1
opened,1
howard,1
determined,1
logical,1
watched,1
compelling,1
leo,1
shame,1
explorers,1
powers,1
october,1
patient,1
invited,1
scorn,1
maneuvered,1
far,1
uncertain,1
erred,1
genetic,1
promises,1
himself,1
michaels,1
purposive,1
engage,1
audience,1
diversity,1
exposed,1
karen,1
exist,1
labor,1
complained,1
human,1
conflict,1
thus,1
andrew,1
exercises,1
chapters,1
includes,1
hack,1
explained,1
republished,1
difficulties,1
development,1
inevitable,1
pursue,1
professor,1
longevity,1
daylight,1
premises,1
realized,1
machine,1
author,1
forgotten,1
contributors,1
decided,1
santa,1
walter,1
participating,1
jr,1
faulted,1
insisted,1
employing,1
pay,1
narratives,1
positivism,1
learning,1
affairs,1
exhausted,1
exercise,1
mucked,1
progressive,1
unity,1
adjustment,1
adventuring,1
inserted,1
distinct,1
theorists,1
displays,1
freed,1
inattention,1
hamlin,1
subjects,1
columbia,1
completing,1
occult,1
third,1
enlightened,1
publications,1
larry,1
helpful,1
toil,1
preserving,1
spite,1
apparently,1
truck,1
leadership,1
general,1
jones,1
delivered,1
marx,1
enrich,1
influence,1
acknowledge,1
quiet,1
master,1
virtuous,1
battles,1
using,1
cameron,1
simultaneously,1
adequate,1
menace,1
turnerians,1
mellowed,1
heroes,1
card,1
subjected,1
revisionists,1
performance,1
sentences,1
generations,1
developed,1
declaring,1
remain,1
sharps,1
mean,1
knew,1
unreflective,1
granted,1
rigor,1
inquiry,1
gesture,1
derived,1
strange,1
sociologists,1
mythmaking,1
contributions,1
witness,1
envision,1
walt,1
falsity,1
bookstore,1
inherit,1
fantasy,1
asa,1
references,1
arid,1
solutions,1
suppression,1
perceptions,1
circulated,1
servants,1
tensions,1
unthinking,1
sorts,1
imposing,1
cartesian,1
india,1
amid,1
bunch,1
merk,1
stabilizing,1
contemporaries,1
argued,1
threat,1
shrinking,1
xi,1
rehearse,1
show,1
powerful,1
statement,1
readings,1
shorthand,1
notions,1
prefigure,1
bancroft,1
instance,1
mainstay,1
odd,1
dominant,1
sod,1
marriage,1
provisional,1
opinion,1
paragraph,1
artistic,1
friends,1
poetically,1
contention,1
authority,1
character,1
result,1
my,1
brodhead,1
remembered,1
reprinted,1
questioned,1
agenda,1
formulations,1
critic,1
histories,1
moon,1
plot,1
speeches,1
savagery,1
accents,1
exaggerating,1
temptation,1
cleavages,1
users,1
austin,1
events,1
lineage,1
pioneer,1
depictions,1
greater,1
whitney,1
big,1
wed,1
accurately,1
fancies,1
same,1
let,1
sentimental,1
studying,1
tools,1
meet,1
otherwise,1
placed,1
gunfighter,1
wellspring,1
negotiated,1
method,1
triumph,1
hopkins,1
near,1
meditation,1
wants,1
exert,1
shape,1
directly,1
newspapermen,1
basis,1
genre,1
r,1
perpetuated,1
data,1
planning,1
appeals,1
meridian,1
carry,1
claim,1
reader,1
brought,1
stake,1
alive,1
sharon,1
explains,1
actors,1
nation,1
lays,1
thoughts,1
imagistic,1
caught,1
description,1
year,1
during,1
inspire,1
accidental,1
relevance,1
structures,1
forces,1
personal,1
statesmen,1
away,1
reflect,1
elegant,1
novels,1
rise,1
systematic,1
gates,1
genealogies,1
verbs,1
interpreted,1
encounters,1
errors,1
regions,1
messier,1
earth,1
bibliographies,1
good,1
change,1
running,1
solution,1
legacy,1
protestantism,1
fulfilled,1
beneficent,1
working,1
straddled,1
adherents,1
stage,1
dunning,1
poet,1
phrase,1
heart,1
around,1
small,1
june,1
concerns,1
bercovitch,1
components,1
folk,1
supposedly,1
presence,1
telling,1
methodological,1
gitlin,1
always,1
hardheaded,1
interrogation,1
descendants,1
london,1
universities,1
meditations,1
hayden,1
resistance,1
peculiar,1
leveled,1
actions,1
dictated,1
promising,1
bolstered,1
easternerswriters,1
settlers,1
mess,1
south,1
eternal,1
f,1
republican,1
san,1
likely,1
republic,1
sons,1
investigating,1
indigenous,1
forever,1
ventured,1
give,1
variety,1
materials,1
humanist,1
letters,1
identified,1
action,1
distorted,1
doctoral,1
positions,1
expansion,1
tempted,1
play,1
acknowledged,1
brief,1
commit,1
oversight,1
fractured,1
warner,1
speculate,1
says,1
currency,1
landed,1
initially,1
southern,1
seemingly,1
resurrection,1
ask,1
inhabited,1
vocabularies,1
coherence,1
cheap,1
communities,1
pacific,1
distillate,1
violence,1
flush,1
happened,1
thought,1
ring,1
technology,1
under,1
remnant,1
neither,1
perceived,1
sky,1
dictates,1
earned,1
included,1
intelligible,1
heirs,1
teaching,1
choices,1
dialectical,1
planet,1
deliver,1
nineteenthcentury,1
invigorate,1
already,1
crivecoeur,1
visitors,1
department,1
emotional,1
moments,1
replied,1
regional,1
predisposition,1
regardless,1
chose,1
prophecies,1
definitions,1
tries,1
routes,1
party,1
shops,1
members,1
westward,1
temporarily,1
power,1
stronger,1
popularity,1
mark,1
denning,1
toward,1
others,1
printing,1
projects,1
emotions,1
speaks,1
longer,1
lack,1
regents,1
areas,1
minnesota,1
enroll,1
beliefs,1
enact,1
viii,1
reasoning,1
really,1
ideology,1
overseen,1
richer,1
everything,1
contemporary,1
doubt,1
resolved,1
acclaim,1
habit,1
pulp,1
serious,1
audiences,1
reasons,1
match,1
forms,1
entertainers,1
patterns,1
greeted,1
patrimony,1
ground,1
smu,1
journalists,1
cruz,1
model,1
where,1
less,1
answer,1
forth,1
necessary,1
spoke,1
material,1
deep,1
paperback,1
native,1
belief,1
compelled,1
ignoring,1
achievement,1
free,1
elaine,1
won,1
break,1
desires,1
reminds,1
wrapped,1
plane,1
imagine,1
original,1
analyzed,1
understanding,1
exploring,1
xiii,1
casual,1
extended,1
explanation,1
mythically,1
helps,1
desert,1
benton,1
presiding,1
enormous,1
dissolve,1
looking,1
sufficiently,1
louis,1
concern,1
expression,1
sold,1
unfortunately,1
prevailed,1
persisted,1
assumption,1
refers,1
misguided,1
ethnic,1
evolution,1
rare,1
engaged,1
franklin,1
trust,1
dismissed,1
complicated,1
vii,1
journeymen,1
versions,1
trade,1
low,1
significance,1
meanings,1
discovered,1
subtle,1
fallacy,1
express,1
entertained,1
decayed,1
counter,1
conferred,1
individual,1
ergo,1
defensive,1
characterized,1
unexamined,1
summer,1
attribution,1
housed,1
ongoing,1
dry,1
paths,1
devise,1
practiced,1
accurate,1
crevecoeur,1
carson,1
poetic,1
tales,1
men,1
spent,1
enlightenment,1
somehow,1
miles,1
spreads,1
become,1
kit,1
geographers,1
interpretations,1
examine,1
seeking,1
capitalism,1
residue,1
differ,1
southwest,1
figures,1
need,1
connections,1
embodied,1
turnerian,1
widely,1
division,1
genesis,1
farm,1
european,1
suggest,1
asking,1
propter,1
informs,1
declaration,1
road,1
raise,1
continued,1
redefine,1
george,1
science,1
bold,1
figure,1
johns,1
practical,1
lines,1
ordinary,1
becomes,1
watching,1
twain,1
lost,1
sensitive,1
concluding,1
insist,1
seen,1
yale,1
credited,1
threaten,1
thirteen,1
capacious,1
linking,1
analysis,1
existed,1
midst,1
aspirations,1
education,1
fields,1
centuries,1
ebb,1
sympathy,1
get,1
itself,1
easterners,1
face,1
worlds,1
arts,1
association,1
occupies,1
victorious,1
sacvan,1
addressed,1
claims,1
sections,1
anthropological,1
environment,1
methodist,1
wars,1
recital,1
curious,1
shadow,1
ordered,1
historian,1
following,1
conclusion,1
charting,1
wartime,1
extensive,1
suprapersonal,1
theme,1
exposition,1
vacant,1
marino,1
here,1
sustained,1
benn,1
staked,1
resonance,1
dualism,1
berkeley,1
dimension,1
natural,1
introducing,1
tendencies,1
fallacious,1
scientist,1
cultures,1
confident,1
board,1
believe,1
celebratory,1
print,1
yeomen,1
mantle,1
followers,1
post,1
grossman,1
foundation,1
infer,1
oblivion,1
freak,1
speech,1
disputes,1
living,1
february,1
dreary,1
beginning,1
born,1
scholarly,1
ruins,1
shreds,1
recollections,1
heads,1
whether,1
terms,1
degree,1
cronon,1
plural,1
trope,1
quote,1
dallas,1
theory,1
gambling,1
leaving,1
problem,1
unfold,1
foundations,1
absurdly,1
almost,1
rectitude,1
psychology,1
emphasis,1
w,1
hundreds,1
tear,1
prairies,1
finished,1
triumphal,1
showalter,1
remember,1
intention,1
presented,1
poems,1
wrestle,1
rereading,1
peace,1
met,1
given,1
hen,1
content,1
alternatives,1
poststructuralism,1
indicators,1
turns,1
subject,1
impose,1
rendering,1
ignorant,1
gilpin,1
programs,1
arguments,1
unitary,1
challenges,1
garland,1
coming,1
unbroken,1
eric,1
idealism,1
statute,1
oversights,1
commercial,1
score,1
argues,1
frontiers,1
lands,1
barrages,1
numerous,1
hart,1
discursive,1
accept,1
ended,1
instead,1
fatal,1
realism,1
evidence,1
unified,1
constituencies,1
you,1
shameful,1
texan,1
off,1
fleigelman,1
presenting,1
subtitles,1
magical,1
dissent,1
subjecting,1
specific,1
drift,1
searching,1
potential,1
taking,1
intentional,1
rest,1
attending,1
essentialize,1
themselves,1
prospects,1
damned,1
bucket,1
consisted,1
pleased,1
partial,1
import,1
characters,1
sheer,1
abandoned,1
gulf,1
fellowship,1
focus,1
strong,1
among,1
zones,1
fictions,1
meeting,1
conception,1
mistaken,1
portrait,1
vividly,1
retrospect,1
welded,1
thorough,1
hypothesis,1
