WORDCOUNTS,WEIGHT
the,123
of,112
and,86
in,75
a,51
to,46
s,38
is,32
p,29
his,28
as,28
he,26
aaron,25
that,22
american,21
for,21
or,17
with,14
i,14
it,13
who,13
but,13
wright,12
on,12
history,10
from,10
by,10
which,10
an,10
was,9
ellison,9
him,9
no,8
wilson,8
about,8
not,8
all,8
himself,8
this,8
than,8
more,7
literary,7
are,7
roosevelt,7
its,7
were,7
own,7
their,7
black,7
at,6
if,6
strout,6
nationalism,6
man,6
writers,6
edmund,6
they,5
out,5
historical,5
political,5
has,5
while,5
writer,5
lawyer,4
letters,4
how,4
e,4
studies,4
pp,4
culture,4
same,4
party,4
thinks,4
new,4
reviews,4
see,4
richard,4
think,4
negro,4
have,4
so,4
thomas,4
between,4
be,4
even,4
matter,3
rather,3
service,3
fiction,3
racial,3
twain,3
says,3
one,3
life,3
essays,3
howe,3
yet,3
bigger,3
me,3
university,3
had,3
any,3
also,3
view,3
intellectual,3
different,3
whom,3
time,3
religion,3
historians,3
never,3
henry,3
daniel,3
making,3
can,3
however,3
santayana,3
doctorow,3
reminds,3
well,3
having,3
felt,3
politics,3
literature,3
both,3
son,3
point,3
nation,3
cushing,3
our,3
september,3
adams,3
defined,3
would,3
white,3
notes,3
may,2
enough,2
will,2
humane,2
liberalism,2
respect,2
what,2
communist,2
without,2
way,2
george,2
within,2
l,2
usually,2
differs,2
wrote,2
communism,2
dehyphenation,2
still,2
worse,2
interesting,2
led,2
often,2
delillo,2
jargon,2
itself,2
into,2
share,2
liberal,2
historian,2
something,2
responsive,2
too,2
these,2
stalin,2
social,2
ralph,2
members,2
french,2
comfortable,2
feeling,2
over,2
similarly,2
england,2
seems,2
nature,2
comparison,2
fact,2
treatment,2
tradition,2
did,2
nathaniel,2
conservative,2
novel,2
extended,2
premonitions,2
contemporary,2
there,2
those,2
robert,2
duality,2
william,2
cultural,2
war,2
theodore,2
ernest,2
paris,2
form,2
side,2
pertinent,2
takes,2
native,2
method,2
jewish,2
capacity,2
remained,2
account,2
don,2
some,2
invisible,2
work,2
skepticism,2
made,2
recognition,2
west,2
far,2
press,2
terms,2
minority,2
coover,2
harvard,2
brahmins,2
bostonian,2
human,2
whirligig,2
saw,2
sees,2
theoretical,2
only,2
author,2
aware,2
good,2
public,2
patrician,2
individual,2
individualism,2
paths,2
contrast,2
speak,2
better,2
immigrants,2
men,2
written,2
themselves,2
russia,2
debate,2
views,2
ragtime,2
student,2
spite,2
much,2
fictionalizers,2
recent,2
professional,2
evidence,2
am,2
actions,2
separate,2
subversive,1
vantage,1
final,1
chronological,1
measured,1
given,1
democracy,1
abiding,1
lagniappe,1
aristocrat,1
wounds,1
converge,1
acutely,1
apolitical,1
falsifier,1
became,1
pilgrims,1
fallibility,1
kohlhaas,1
extracted,1
locus,1
imply,1
racism,1
eclectic,1
conciliatory,1
americans,1
town,1
dual,1
doubts,1
repressive,1
nonpolitical,1
note,1
finish,1
immortality,1
steinbeck,1
minimizes,1
voyages,1
slights,1
important,1
proud,1
religions,1
unusual,1
economic,1
been,1
commentary,1
cataclysm,1
ways,1
novelist,1
soviet,1
narrator,1
outsiders,1
predictably,1
essence,1
adds,1
although,1
impressive,1
gentler,1
overall,1
politically,1
exile,1
edward,1
imminence,1
avocation,1
headlines,1
itineraries,1
watergate,1
category,1
tried,1
fantasies,1
tide,1
assassination,1
inarticulate,1
harry,1
recognizes,1
exists,1
widespread,1
ahistorically,1
homeless,1
worthy,1
hughes,1
unsystematic,1
process,1
red,1
trait,1
inapplicable,1
off,1
allen,1
affinity,1
contrary,1
walker,1
polemical,1
pointed,1
kierkegaard,1
tate,1
illogical,1
yankee,1
subconscious,1
after,1
dogmatic,1
philosopher,1
germany,1
start,1
boy,1
argued,1
grew,1
idiosyncratic,1
stripped,1
group,1
shocks,1
hyperbolic,1
large,1
enables,1
kinder,1
rites,1
sacrificed,1
farce,1
touched,1
flurries,1
ix,1
hate,1
why,1
introductory,1
existentialism,1
fate,1
impersonal,1
powerfully,1
identify,1
grieving,1
puritans,1
existed,1
unsuspected,1
united,1
hope,1
frank,1
once,1
catastrophe,1
dismiss,1
roth,1
cherished,1
library,1
moreover,1
dahlberg,1
gave,1
underground,1
drafted,1
friends,1
murder,1
lingua,1
when,1
citizens,1
antihumanists,1
sympathy,1
qualify,1
rising,1
scares,1
idiom,1
sake,1
cowboys,1
read,1
federalist,1
dana,1
marginal,1
cable,1
grounded,1
speculates,1
you,1
old,1
fought,1
evil,1
admires,1
groups,1
langston,1
foreshadows,1
fear,1
postmodern,1
decade,1
follower,1
us,1
position,1
neither,1
index,1
vibrated,1
school,1
necessarily,1
presents,1
seriously,1
psychic,1
eventually,1
reformer,1
amid,1
complete,1
professor,1
veblen,1
growing,1
broke,1
mirage,1
overstatements,1
conclusion,1
northeastern,1
add,1
thorny,1
crankiness,1
version,1
armageddon,1
profile,1
faith,1
shadowy,1
fictions,1
must,1
age,1
alien,1
most,1
apocalypticism,1
parkman,1
accidental,1
revisionsfrom,1
poised,1
democratic,1
theory,1
personae,1
ever,1
lower,1
being,1
said,1
williams,1
inadvertent,1
member,1
flexibility,1
inheritance,1
theme,1
emeritus,1
sometimes,1
perceptively,1
truman,1
picture,1
pompous,1
defines,1
act,1
burning,1
proposes,1
rebelliousness,1
specifically,1
lead,1
neglects,1
jewishness,1
justified,1
lucid,1
hemingway,1
bourne,1
universalism,1
victim,1
pedantic,1
elite,1
founding,1
ride,1
miscegenation,1
offensive,1
devastating,1
factory,1
negroes,1
journey,1
military,1
mark,1
squaring,1
interested,1
again,1
admirable,1
rush,1
dimension,1
death,1
location,1
darkness,1
europe,1
waldo,1
authoritarianism,1
reflections,1
epilogue,1
each,1
union,1
sure,1
xxxvii,1
clue,1
perceptive,1
emotions,1
herbert,1
words,1
my,1
tc,1
mla,1
based,1
shows,1
inclined,1
longer,1
lack,1
participants,1
kennedy,1
idea,1
valid,1
opposition,1
affinities,1
available,1
king,1
gone,1
socialite,1
carrying,1
room,1
jamesian,1
faulkner,1
cummings,1
distrustful,1
compound,1
great,1
puritan,1
confusion,1
ben,1
haughty,1
wolfe,1
differences,1
early,1
tocqueville,1
timing,1
portrayal,1
forces,1
choice,1
imaginary,1
exotic,1
provoke,1
martial,1
lived,1
daily,1
conventionally,1
angeles,1
intellectuals,1
estrangement,1
believes,1
cornell,1
john,1
generalizations,1
very,1
asserting,1
radical,1
end,1
hopkins,1
trilling,1
remain,1
arthur,1
doubt,1
descended,1
identical,1
appropriately,1
program,1
free,1
other,1
jump,1
niebuhr,1
observes,1
really,1
representative,1
living,1
distinct,1
lent,1
rhetoric,1
virtues,1
last,1
seen,1
late,1
academic,1
outside,1
circa,1
further,1
alert,1
camp,1
paralleled,1
believed,1
do,1
kierkegaardian,1
randolph,1
traced,1
born,1
though,1
ideologues,1
scholarly,1
done,1
discipline,1
penchant,1
unbeliever,1
explanations,1
right,1
thirties,1
johns,1
notion,1
conservatism,1
treat,1
them,1
whether,1
selected,1
list,1
sweeping,1
transcending,1
promise,1
suffered,1
sound,1
failure,1
obsessive,1
younger,1
seem,1
occasional,1
spring,1
disparity,1
deep,1
existence,1
attitudes,1
badly,1
spiritual,1
perhaps,1
foreshadowed,1
bookish,1
belief,1
light,1
howells,1
key,1
shares,1
mill,1
dehyphenated,1
mnillennialism,1
charyn,1
particularly,1
libra,1
brooks,1
u,1
dazzled,1
remarkably,1
firm,1
america,1
provincial,1
indulged,1
vehicle,1
junk,1
day,1
kleist,1
because,1
bore,1
sewanee,1
break,1
compulsions,1
original,1
turf,1
reminder,1
another,1
autobiography,1
local,1
conservatives,1
almost,1
suicide,1
psychology,1
imprisoned,1
soldier,1
relatives,1
degrees,1
line,1
reveals,1
modesty,1
visions,1
millions,1
discussion,1
sanguinary,1
shared,1
middle,1
father,1
examples,1
grossly,1
boston,1
conscience,1
los,1
empirically,1
hamiltonian,1
range,1
bland,1
crossed,1
voted,1
limitations,1
transcend,1
odds,1
sides,1
writings,1
recognized,1
prominent,1
psychological,1
stake,1
graceful,1
radicals,1
marginality,1
responded,1
reflecting,1
presiding,1
alice,1
purpose,1
classics,1
simplify,1
maybe,1
explains,1
review,1
example,1
previously,1
stunted,1
looking,1
vocation,1
manifestations,1
acolytes,1
memorializing,1
thoughts,1
against,1
ring,1
undermining,1
antihumanism,1
urbanity,1
territory,1
policemen,1
use,1
illusion,1
southerners,1
touchstone,1
characteristically,1
bulwark,1
religiously,1
freedom,1
consistently,1
programs,1
michael,1
fail,1
station,1
preposterous,1
arguments,1
francis,1
evaluating,1
jerome,1
franca,1
issues,1
ideas,1
tribute,1
ethnic,1
frequencies,1
croly,1
story,1
real,1
like,1
connecticut,1
irving,1
supposition,1
music,1
franklin,1
accessible,1
cp,1
national,1
away,1
principle,1
novels,1
experiences,1
adopt,1
irritations,1
sensibility,1
folklore,1
chieftain,1
radicalism,1
project,1
argument,1
unable,1
years,1
utopian,1
difference,1
attest,1
xv,1
lionel,1
enthusiastic,1
past,1
since,1
initiated,1
professorship,1
minds,1
betraying,1
graduate,1
hidden,1
pursuit,1
anxiety,1
curse,1
creator,1
jew,1
write,1
language,1
washington,1
agreement,1
points,1
accept,1
passe,1
interest,1
brass,1
essay,1
motives,1
inky,1
salutes,1
logic,1
wish,1
dozen,1
published,1
dramatizes,1
held,1
joined,1
apparatus,1
jewry,1
sense,1
sympathized,1
usa,1
field,1
leftwing,1
manners,1
need,1
fidelity,1
soldiers,1
glib,1
workers,1
type,1
unfashionable,1
things,1
reliable,1
breathe,1
states,1
pathetic,1
protest,1
attributes,1
condolence,1
doing,1
piece,1
course,1
kind,1
order,1
kept,1
earlier,1
area,1
socialism,1
phrase,1
mellow,1
agonized,1
hyphenate,1
event,1
remains,1
elements,1
nor,1
dean,1
latter,1
family,1
imagination,1
small,1
class,1
person,1
influence,1
blacks,1
somehow,1
subjects,1
intensely,1
trying,1
spectator,1
study,1
race,1
oral,1
folk,1
valuable,1
disbelievers,1
meaning,1
cant,1
divest,1
relation,1
suitable,1
impoverish,1
marxist,1
left,1
chicago,1
effect,1
mixing,1
misleading,1
degradation,1
philip,1
publications,1
baseless,1
rupture,1
ancestors,1
helpful,1
james,1
partial,1
unequivocally,1
uncertainty,1
outlook,1
up,1
conspiracy,1
element,1
little,1
hunter,1
pays,1
present,1
contemporaneity,1
attracted,1
wife,1
focus,1
comforting,1
strong,1
confesses,1
we,1
heralding,1
knows,1
immortalized,1
connections,1
famous,1
emersonian,1
responsibility,1
captive,1
meeting,1
memoriam,1
generation,1
equably,1
determinisms,1
invidious,1
court,1
stereotypes,1
noon,1
deeper,1
splenetically,1
