WORDCOUNTS,WEIGHT
the,230
of,133
in,97
and,94
to,64
a,58
as,38
new,33
was,30
african,28
for,27
hodges,25
that,25
york,23
their,21
is,21
from,20
p,19
on,19
with,18
by,17
he,16
s,16
this,16
it,15
people,14
his,13
american,13
slavery,12
they,12
culture,12
but,12
slave,12
americans,11
not,11
had,11
have,11
at,10
one,10
history,10
an,10
church,9
jersey,9
are,9
colonial,9
were,9
all,8
city,8
freedom,8
would,8
period,8
no,7
religious,7
did,7
out,7
census,7
there,7
war,7
which,7
such,7
between,7
africans,7
most,6
first,6
again,6
color,6
those,6
free,6
years,6
both,6
its,6
conflict,6
own,6
americas,6
be,6
northern,6
does,5
sometimes,5
across,5
still,5
yet,5
or,5
chase,5
military,5
root,5
east,5
has,5
revolution,5
black,5
men,5
north,5
society,5
rights,4
now,4
africa,4
taken,4
indeed,4
fruit,4
notably,4
strange,4
branch,4
children,4
heritage,4
result,4
other,4
great,4
bondpeople,4
religion,4
historical,4
reviews,4
however,4
time,4
america,4
conspiracy,4
made,4
slaves,4
point,4
civil,4
during,4
than,4
approach,4
although,4
so,4
century,4
baptism,4
county,4
creoles,4
we,4
arriving,3
christian,3
if,3
been,3
might,3
return,3
albany,3
community,3
conversion,3
about,3
formed,3
behavior,3
considered,3
source,3
given,3
two,3
being,3
long,3
more,3
here,3
terrain,3
official,3
came,3
could,3
half,3
some,3
larger,3
do,3
surely,3
population,3
problem,3
after,3
impact,3
another,3
who,3
dutch,3
region,3
through,3
nation,3
terms,3
year,3
institutional,3
formation,3
material,3
pinkster,3
argues,3
clear,3
september,3
comprehensive,3
field,3
times,3
served,3
themselves,3
boundaries,3
among,3
institution,3
owners,3
yorkers,2
european,2
carried,2
intercensal,2
provide,2
matter,2
way,2
insurrection,2
interpretation,2
edward,2
decades,2
revolutionary,2
instance,2
france,2
alone,2
worse,2
manuscript,2
derived,2
legitimized,2
study,2
often,2
returned,2
use,2
analysis,2
horton,2
underscores,2
unfolds,2
makes,2
university,2
advertisements,2
wars,2
then,2
any,2
before,2
liberties,2
historian,2
males,2
methodist,2
contested,2
consigned,2
turning,2
beyond,2
considers,2
sources,2
rather,2
majority,2
subjects,2
stronger,2
important,2
mark,2
put,2
colonization,2
many,2
liberty,2
uses,2
thus,2
based,2
longer,2
lead,2
aftermath,2
jeanne,2
appendix,2
documents,2
returns,2
foundation,2
events,2
very,2
number,2
graham,2
haitian,2
jenkin,2
congregations,2
never,2
places,2
person,2
further,2
hand,2
left,2
trenton,2
province,2
outset,2
form,2
list,2
british,2
making,2
evangelical,2
issue,2
practice,2
counties,2
begun,2
gives,2
her,2
demography,2
lists,2
well,2
influenced,2
having,2
prior,2
away,2
illustrate,2
work,2
churches,2
characterization,2
these,2
solely,2
upon,2
eighteenth,2
part,2
purpose,2
raiders,2
increase,2
over,2
press,2
gender,2
against,2
europeans,2
confronted,2
tale,2
largely,2
obtain,2
families,2
mob,2
waves,2
coherent,2
individuals,2
ceremonies,2
become,2
evidence,2
mcmanus,2
sterling,2
since,2
mutual,2
national,2
points,2
ended,2
ear,2
include,2
sense,2
states,2
term,2
next,2
held,2
information,2
adopted,2
better,2
family,2
creole,2
blacks,2
exemplifies,2
potential,2
structure,2
when,2
even,2
also,2
entire,2
resistance,2
much,2
world,2
strong,2
traditions,2
reflected,2
stuckey,2
influence,2
himself,2
pastor,2
master,2
songs,2
decision,2
arson,2
nations,1
perfect,1
appeal,1
model,1
dogs,1
may,1
buried,1
entertainment,1
will,1
things,1
liberation,1
flock,1
opposed,1
interesting,1
racism,1
aid,1
fortunate,1
demand,1
request,1
silence,1
materials,1
complexion,1
common,1
act,1
insurrections,1
enter,1
lesser,1
figure,1
religions,1
ecole,1
meaning,1
economic,1
pilgrimage,1
foreign,1
strategy,1
vanished,1
generations,1
synthesis,1
dampen,1
service,1
maps,1
created,1
remain,1
comparative,1
illustration,1
hill,1
horses,1
forced,1
represent,1
evangelist,1
various,1
en,1
per,1
wells,1
observer,1
outlet,1
male,1
doctrine,1
responded,1
process,1
international,1
archives,1
brings,1
meld,1
forbidden,1
dimensions,1
poor,1
object,1
lost,1
propagation,1
poses,1
extends,1
requisite,1
directory,1
catholics,1
judgment,1
appear,1
force,1
make,1
effectively,1
berlin,1
forth,1
anyone,1
legal,1
standing,1
frolic,1
transformation,1
heterogenous,1
covert,1
group,1
large,1
discover,1
ask,1
articles,1
direction,1
pages,1
studies,1
rudimentary,1
literacy,1
bondperson,1
illustrations,1
west,1
rites,1
white,1
designed,1
nothing,1
whole,1
guide,1
hope,1
once,1
chronicle,1
see,1
space,1
virtually,1
authority,1
table,1
sort,1
edited,1
true,1
english,1
murder,1
fields,1
irritated,1
support,1
centuries,1
thought,1
meet,1
emerging,1
permission,1
recherches,1
examined,1
lives,1
treated,1
delineating,1
represents,1
pp,1
disabused,1
struggle,1
strolling,1
numbers,1
case,1
country,1
favor,1
fought,1
disappeared,1
managed,1
paris,1
manumission,1
edict,1
servants,1
devotes,1
cats,1
realities,1
dordrecht,1
quality,1
females,1
consider,1
combat,1
position,1
servitude,1
key,1
baptized,1
talking,1
index,1
blazed,1
angered,1
familiar,1
mainland,1
image,1
organized,1
home,1
planned,1
ball,1
anchoring,1
vivid,1
sr,1
section,1
elsewhere,1
singular,1
exceptions,1
same,1
flames,1
performed,1
sharply,1
experiment,1
reversal,1
too,1
threat,1
resounding,1
contexts,1
xi,1
women,1
raw,1
founded,1
located,1
heathen,1
experience,1
nova,1
struck,1
begins,1
acknowledges,1
mention,1
swept,1
williams,1
fabric,1
member,1
regional,1
only,1
fugitive,1
ratio,1
dissident,1
sealed,1
either,1
robert,1
permit,1
useful,1
defines,1
stressing,1
specific,1
willingness,1
until,1
routes,1
street,1
des,1
requires,1
fire,1
text,1
refuge,1
violation,1
successfully,1
chronologically,1
destroyed,1
shifted,1
acute,1
pious,1
set,1
theory,1
couples,1
business,1
later,1
negroes,1
neglect,1
headed,1
faced,1
hermetically,1
aptitude,1
undermines,1
baptist,1
taverns,1
locating,1
paternalist,1
stands,1
available,1
numerical,1
romp,1
highest,1
alan,1
sociales,1
spain,1
prisoners,1
each,1
towards,1
projects,1
england,1
devoted,1
episcopal,1
departure,1
paper,1
dissertations,1
theft,1
containing,1
georgia,1
shows,1
identifying,1
connection,1
idea,1
historians,1
condescending,1
seem,1
services,1
allow,1
refugee,1
conduct,1
head,1
scholars,1
whitfield,1
best,1
twenty,1
paramount,1
comments,1
liquor,1
appearance,1
striking,1
indies,1
histories,1
suggesting,1
together,1
accommodated,1
printed,1
preaching,1
reformed,1
sure,1
solace,1
current,1
consent,1
report,1
impressionistic,1
holding,1
wave,1
pretends,1
pretense,1
ideological,1
seven,1
centers,1
senses,1
grave,1
particularly,1
found,1
ephemeral,1
government,1
secondly,1
nationalist,1
john,1
abolitionists,1
madagascar,1
personality,1
hopkins,1
portions,1
sees,1
celebrations,1
build,1
exile,1
book,1
emerge,1
program,1
i,1
patriarchical,1
wealthy,1
past,1
enlarged,1
base,1
passage,1
works,1
surprising,1
masters,1
oliver,1
historiques,1
possibility,1
doubled,1
late,1
turned,1
behind,1
took,1
tactics,1
embers,1
knit,1
v,1
equally,1
complex,1
credit,1
occupation,1
defend,1
supporters,1
lens,1
pointing,1
political,1
centre,1
solidarities,1
quiet,1
virtual,1
decreased,1
focused,1
alike,1
ethnicities,1
sang,1
where,1
what,1
hinterland,1
automatically,1
economy,1
secular,1
johns,1
bondspeople,1
aspects,1
portrayal,1
context,1
armed,1
rounded,1
them,1
appears,1
reader,1
drawn,1
meanings,1
foot,1
potentially,1
cannot,1
rebellion,1
pastors,1
council,1
particular,1
ports,1
unruly,1
sciences,1
russell,1
conviction,1
chain,1
abyssinian,1
attitudes,1
hoped,1
core,1
woman,1
daunting,1
moynihan,1
microcosm,1
books,1
governance,1
leaving,1
estudes,1
opposition,1
pulled,1
negotiated,1
method,1
task,1
counterpart,1
tease,1
primary,1
sought,1
going,1
foundations,1
female,1
pews,1
memory,1
difficulties,1
day,1
because,1
runaway,1
studying,1
anticipate,1
torn,1
cloth,1
precedent,1
custom,1
chapter,1
balance,1
scripture,1
published,1
percent,1
lends,1
meetings,1
network,1
designation,1
crown,1
mobilization,1
emphasis,1
possible,1
e,1
future,1
marked,1
lifetime,1
line,1
port,1
used,1
missionary,1
art,1
emancipated,1
middle,1
slight,1
astray,1
overviews,1
election,1
suggests,1
already,1
yeoman,1
abundantly,1
bibliography,1
residue,1
derision,1
fogs,1
range,1
run,1
preferred,1
nine,1
pietistic,1
minutia,1
distinguish,1
mastery,1
code,1
catholicism,1
leads,1
doctrinal,1
disparate,1
desired,1
little,1
loyalist,1
drew,1
treating,1
introduced,1
establishment,1
familial,1
training,1
household,1
dynamic,1
became,1
arms,1
colonies,1
role,1
carolina,1
duty,1
commendable,1
homeland,1
curiously,1
angolans,1
description,1
simply,1
fiercely,1
situated,1
therefore,1
foe,1
eroded,1
opposes,1
picaresque,1
holland,1
describe,1
outnumbered,1
lesson,1
images,1
extensive,1
discussion,1
customary,1
oaths,1
morality,1
collective,1
faint,1
framework,1
dances,1
aside,1
insurrectionists,1
adults,1
mayhem,1
evolution,1
think,1
central,1
maintains,1
emancipation,1
call,1
prepared,1
horrified,1
come,1
false,1
review,1
married,1
statement,1
complemented,1
congregation,1
inveterate,1
led,1
theoretical,1
astute,1
monopoly,1
argument,1
negro,1
difference,1
reaction,1
strengthened,1
chesapeake,1
xii,1
surface,1
bent,1
initiated,1
strongest,1
due,1
responding,1
remaining,1
poisoning,1
decrease,1
lifestyles,1
modem,1
tories,1
de,1
certain,1
integral,1
confer,1
rooftop,1
soldiers,1
bibliographies,1
essay,1
peter,1
aberrant,1
examining,1
social,1
creating,1
anxious,1
dubious,1
domineering,1
lois,1
officials,1
construct,1
closing,1
owne,1
indicator,1
southern,1
militarization,1
caribbean,1
like,1
below,1
followed,1
spread,1
direct,1
regarded,1
parts,1
him,1
parallels,1
suggest,1
trail,1
protest,1
distinction,1
overwhelms,1
lie,1
lambs,1
kind,1
playing,1
contrast,1
forming,1
off,1
trapped,1
households,1
earlier,1
unauthorized,1
turn,1
periods,1
area,1
last,1
reaches,1
sharp,1
provides,1
legacy,1
adequately,1
involved,1
latter,1
around,1
permitted,1
document,1
enslaved,1
spanish,1
concept,1
began,1
depend,1
refer,1
especially,1
discarded,1
few,1
state,1
immigration,1
systems,1
promote,1
leaves,1
response,1
chapel,1
newspapers,1
pride,1
inclusion,1
thereby,1
unseemly,1
shadows,1
narrow,1
startling,1
drinking,1
dates,1
archival,1
characterized,1
scholarship,1
topics,1
psalms,1
racialist,1
mainly,1
misleading,1
fanned,1
forms,1
influences,1
era,1
alliances,1
diaspora,1
vocabulary,1
scotia,1
james,1
partial,1
early,1
annual,1
visible,1
strikes,1
ira,1
fearful,1
gospel,1
quakers,1
story,1
tightly,1
duration,1
allegiance,1
games,1
geography,1
hautes,1
zion,1
apparently,1
roots,1
deeply,1
recent,1
notes,1
connections,1
structured,1
terror,1
leadership,1
occasion,1
proletariat,1
should,1
fellow,1
whites,1
provided,1
alternative,1
vise,1
generation,1
decline,1
universe,1
sole,1
dust,1
race,1
according,1
impressions,1
customs,1
unfortunate,1
brown,1
major,1
occur,1
examines,1
threads,1
