WORDCOUNTS,WEIGHT
the,194
of,101
and,64
to,63
a,49
that,36
in,31
confederate,26
political,25
as,21
not,18
for,18
on,18
davis,17
is,16
at,15
but,15
rable,15
government,15
politics,14
he,13
its,13
an,13
who,12
was,12
it,11
their,11
by,11
s,11
were,11
all,10
southern,9
than,9
this,9
so,9
culture,8
had,8
confederacy,8
p,8
republic,8
have,8
unity,8
would,8
his,7
they,7
montgomery,7
more,7
also,7
much,7
may,6
south,6
american,6
one,6
with,6
founders,6
most,6
delegates,6
party,6
jefferson,6
are,6
men,6
war,6
has,6
both,6
harmony,6
antiparty,6
president,6
states,6
military,5
could,5
new,5
emphasized,5
william,5
escott,5
less,5
work,5
emphasis,5
press,5
grimsley,5
own,5
between,5
even,5
slavery,4
limited,4
perfecting,4
history,4
confederates,4
from,4
or,4
constitution,4
union,4
past,4
what,4
them,4
america,4
made,4
southerners,4
libertarians,4
statesmen,4
internal,4
personalities,4
like,4
opposition,4
c,4
be,4
when,4
society,4
rights,3
led,3
corruption,3
above,3
after,3
class,3
about,3
pp,3
thought,3
university,3
two,3
first,3
secession,3
over,3
did,3
robert,3
though,3
system,3
constitutional,3
perhaps,3
because,3
such,3
well,3
liberty,3
part,3
through,3
elite,3
place,3
congress,3
think,3
our,3
popular,3
which,3
although,3
concerns,3
effective,3
notes,3
example,3
stephens,3
alabama,2
book,2
will,2
does,2
therefore,2
wishes,2
doubts,2
equality,2
no,2
common,2
george,2
if,2
failed,2
indeed,2
commitment,2
revolutionary,2
process,2
politicians,2
elections,2
detailed,2
make,2
effectively,2
slaveholders,2
often,2
white,2
once,2
yet,2
madison,2
counterparts,2
under,2
spirit,2
clash,2
organization,2
index,2
provisional,2
into,2
any,2
partly,2
founded,2
yeomanry,2
lower,2
nationalism,2
rise,2
howell,2
regime,2
long,2
embraced,2
writes,2
mark,2
nationalists,2
toward,2
might,2
attempt,2
view,2
worked,2
principle,2
cobb,2
been,2
j,2
aberration,2
yeoman,2
other,2
alexander,2
fortunes,2
great,2
reform,2
very,2
there,2
ethos,2
works,2
similarly,2
those,2
principal,2
succeeded,2
behind,2
reviews,2
viewed,2
russell,2
tension,2
leaving,2
historians,2
albeit,2
free,2
argued,2
receive,2
argues,2
fears,2
some,2
howard,2
extended,2
success,2
bibliography,2
values,2
claim,2
reader,2
thereby,2
x,2
far,2
civil,2
along,2
administration,2
went,2
spoils,2
largely,2
wonderful,2
ideas,2
september,2
conflict,2
thus,2
historical,2
formation,2
interested,2
against,2
manifestation,2
national,2
washington,2
times,2
constellation,2
revolution,2
suggest,2
quite,2
old,2
state,2
themselves,2
elites,2
fully,2
classes,2
little,2
northern,2
saw,2
permanent,2
north,2
virtue,2
perfect,1
four,1
implicitly,1
democracy,1
abiding,1
go,1
somewhat,1
operation,1
disastrously,1
republican,1
matters,1
tasks,1
held,1
committed,1
depiction,1
moreover,1
spread,1
likely,1
recognized,1
evaluates,1
york,1
critics,1
whose,1
essential,1
stronger,1
genuinely,1
fathers,1
box,1
without,1
way,1
delicately,1
acrimony,1
delineator,1
later,1
degree,1
bring,1
chance,1
usually,1
evoking,1
shares,1
main,1
potter,1
vision,1
defeats,1
impressive,1
ideology,1
service,1
how,1
former,1
debated,1
program,1
surprisingly,1
tempted,1
hill,1
support,1
omniscient,1
return,1
emergence,1
unconscious,1
lines,1
resulted,1
expedience,1
grudgingly,1
legitimate,1
principled,1
innocence,1
independence,1
e,1
means,1
gift,1
strains,1
concluding,1
relations,1
opportunity,1
minimum,1
stressing,1
revulsion,1
term,1
expanded,1
layman,1
slavereviews,1
holders,1
strands,1
reverted,1
legitimacy,1
dishonesty,1
counters,1
becoming,1
center,1
try,1
balanced,1
betray,1
decisions,1
life,1
expedients,1
positive,1
provisions,1
enabled,1
illustrations,1
analysis,1
mobilize,1
identify,1
blood,1
congressional,1
authority,1
respect,1
torchlight,1
dragging,1
ways,1
solidarity,1
interpretation,1
indispensable,1
out,1
itself,1
foreclosed,1
emphatically,1
changes,1
escape,1
mused,1
pressures,1
soon,1
retrieve,1
fought,1
assure,1
adopt,1
wanted,1
thornton,1
fear,1
cause,1
possibly,1
modulated,1
fast,1
relinquish,1
poisoned,1
seems,1
breathless,1
familiar,1
responsive,1
earned,1
seriously,1
occurred,1
included,1
otherwise,1
then,1
observing,1
candor,1
bind,1
ordered,1
pursuing,1
historian,1
antebellum,1
same,1
barrel,1
underpinned,1
tariffs,1
ed,1
experiment,1
received,1
threat,1
convulsion,1
these,1
appeals,1
turning,1
gettysburg,1
footing,1
expenditures,1
struck,1
dispute,1
earnest,1
ever,1
increasingly,1
said,1
too,1
alex,1
powerful,1
only,1
surface,1
gossip,1
sometimes,1
policy,1
beyond,1
requested,1
considers,1
useful,1
lee,1
idealized,1
sources,1
electoral,1
modest,1
worst,1
trouble,1
members,1
fire,1
wartime,1
jackson,1
rhett,1
appropriations,1
offers,1
human,1
alternative,1
mainstay,1
distaste,1
founding,1
helped,1
power,1
m,1
opted,1
concurs,1
shortcoming,1
suggested,1
civilians,1
centrists,1
conceived,1
deserves,1
generated,1
rejects,1
conflicts,1
campaigning,1
alienation,1
sure,1
many,1
working,1
greater,1
thomas,1
officials,1
words,1
advance,1
my,1
parties,1
different,1
worth,1
georgia,1
came,1
towards,1
based,1
naive,1
lack,1
whom,1
exploration,1
barnwell,1
downplays,1
forebears,1
libertarianism,1
capital,1
tradition,1
best,1
purposefully,1
future,1
ambassadors,1
discord,1
together,1
found,1
conciliation,1
demise,1
begun,1
bit,1
republicanism,1
beliefs,1
simple,1
strength,1
presence,1
richmond,1
vicious,1
ratification,1
portrayal,1
inevitably,1
significance,1
narrative,1
assembled,1
grave,1
really,1
brothers,1
mills,1
understandable,1
elitist,1
personal,1
john,1
concludes,1
criticisms,1
inspired,1
carolina,1
secessionists,1
debates,1
substantially,1
noting,1
resulting,1
real,1
venture,1
partisan,1
resentments,1
i,1
arguably,1
reactionary,1
almost,1
disputes,1
living,1
assessment,1
february,1
repudiate,1
persistence,1
last,1
better,1
rendered,1
engagements,1
further,1
hand,1
stand,1
drove,1
sacred,1
do,1
remainder,1
equally,1
ballot,1
unite,1
diary,1
remarkable,1
quiet,1
divisiveness,1
scholarly,1
suspension,1
unlikely,1
distressed,1
item,1
preparty,1
where,1
disaffection,1
mainly,1
within,1
literature,1
confined,1
habeas,1
loyalty,1
bore,1
concedes,1
circumvent,1
heavily,1
see,1
answer,1
cannot,1
british,1
making,1
now,1
rebellion,1
defense,1
failure,1
issue,1
disorganized,1
unconvincing,1
placed,1
however,1
wedded,1
suspicions,1
existence,1
suspect,1
cabinet,1
reconstruction,1
core,1
pork,1
protective,1
plain,1
embracing,1
required,1
obstruction,1
design,1
books,1
weakened,1
fascination,1
correspondent,1
hopkins,1
libertarian,1
u,1
revisions,1
eliminate,1
memory,1
capably,1
societal,1
secure,1
early,1
garments,1
explored,1
remove,1
organize,1
wept,1
voice,1
conservatives,1
none,1
original,1
rectitude,1
opportunistic,1
episode,1
suggests,1
ideal,1
possible,1
determined,1
grudging,1
delved,1
line,1
reaction,1
makers,1
mythic,1
discussion,1
leave,1
shared,1
unreasonable,1
hung,1
session,1
noticeably,1
election,1
foreigners,1
conspired,1
parades,1
disunion,1
tool,1
move,1
range,1
sober,1
writers,1
virginia,1
protected,1
portraying,1
communities,1
taking,1
brought,1
met,1
except,1
individual,1
purpose,1
weaknesses,1
explains,1
despite,1
befits,1
politician,1
depended,1
calls,1
proved,1
became,1
nation,1
department,1
constrained,1
innocent,1
unleash,1
recapture,1
durable,1
budget,1
assumptions,1
denies,1
curtail,1
skeptical,1
established,1
used,1
gave,1
tale,1
recounts,1
universe,1
operated,1
during,1
summarizes,1
attract,1
factor,1
describes,1
issues,1
families,1
campaigns,1
chattanooga,1
people,1
response,1
descended,1
submitted,1
falling,1
repeatedly,1
shrewdly,1
evolution,1
nonslaveholders,1
central,1
million,1
pen,1
contrasts,1
throughout,1
declaimed,1
divided,1
focuses,1
sees,1
review,1
reflect,1
we,1
hamstrung,1
importantly,1
improvements,1
believes,1
devoted,1
contribution,1
shown,1
students,1
idyllic,1
spring,1
alarming,1
severe,1
argument,1
years,1
maneuvers,1
open,1
reject,1
cornerstone,1
harder,1
banish,1
calculated,1
discovered,1
strongest,1
vituperative,1
quest,1
detain,1
weeks,1
creators,1
numerous,1
unpalatable,1
fletcher,1
author,1
toombs,1
soldiers,1
antidemocratic,1
interest,1
registered,1
logic,1
staple,1
backroom,1
good,1
governor,1
laymen,1
register,1
course,1
general,1
legacy,1
least,1
instead,1
correct,1
cooper,1
resembles,1
hard,1
jolhns,1
period,1
need,1
discerns,1
vote,1
respects,1
restore,1
convene,1
fostered,1
stonewall,1
premium,1
assured,1
tested,1
rhetoric,1
voters,1
attributes,1
credit,1
reversals,1
politically,1
crafted,1
harbored,1
kind,1
atmosphere,1
hallowed,1
earlier,1
progressive,1
stride,1
consolidation,1
letcher,1
decided,1
adequately,1
sake,1
maintaining,1
latter,1
constitutions,1
divisive,1
chattel,1
small,1
mistakes,1
david,1
doubtless,1
several,1
unwavering,1
veto,1
soil,1
especially,1
persist,1
supported,1
back,1
intensely,1
differently,1
trying,1
distinctively,1
parallel,1
confirmed,1
folk,1
slave,1
chapel,1
corpus,1
miscarried,1
hurt,1
races,1
emergency,1
endnotes,1
blunt,1
large,1
began,1
charged,1
single,1
clock,1
dearth,1
effect,1
sentiments,1
era,1
regards,1
valuable,1
d,1
unequivocally,1
ohio,1
pratt,1
artisans,1
localism,1
opponents,1
extent,1
characters,1
severely,1
persuaded,1
designed,1
look,1
heir,1
vice,1
focus,1
critique,1
vicksburg,1
glance,1
strong,1
among,1
appreciated,1
roots,1
forestall,1
vindictive,1
engagement,1
famous,1
writ,1
should,1
evidence,1
whites,1
paul,1
modifications,1
questions,1
flag,1
separate,1
attention,1
frankly,1
mistaken,1
portrait,1
draft,1
planter,1
seemed,1
convention,1
staying,1
faction,1
