WORDCOUNTS,WEIGHT
the,128
of,102
and,92
a,65
to,60
in,55
indians,49
smith,36
indian,32
as,31
with,30
for,26
about,24
their,24
these,22
is,18
have,18
were,17
they,16
was,16
that,16
s,16
her,16
on,16
or,15
from,15
not,15
who,15
by,14
book,13
american,12
i,12
west,11
this,11
at,10
history,10
but,10
she,10
them,10
new,10
people,10
luhan,9
century,9
more,8
had,8
out,8
cultural,8
through,8
ten,8
it,7
how,7
other,7
writers,7
twentieth,7
authors,7
an,7
be,7
does,6
george,6
his,6
modern,6
western,6
mabel,6
did,6
time,6
so,6
today,5
life,5
all,5
dodge,5
women,5
most,5
shoemaker,5
social,5
economic,5
seem,5
austin,5
there,5
do,5
writing,5
own,5
period,5
few,5
among,5
popularizers,5
americans,4
knew,4
class,4
communities,4
lives,4
same,4
mary,4
many,4
bird,4
imaginary,4
while,4
living,4
political,4
where,4
what,4
less,4
see,4
however,4
some,4
point,4
such,4
three,4
times,4
like,4
turn,4
images,4
figures,4
york,3
imagining,3
l,3
ways,3
one,3
university,3
into,3
then,3
culture,3
pueblos,3
ideas,3
grinnell,3
might,3
cultures,3
are,3
could,3
found,3
p,3
euroamericans,3
end,3
indianness,3
ickes,3
linderman,3
men,3
those,3
reviews,3
making,3
anthropologists,3
public,3
wood,3
work,3
popular,3
imagined,3
identity,3
place,3
issues,3
author,3
gendered,3
working,3
reimagining,3
especially,3
charles,3
tony,3
although,3
themselves,3
james,3
early,3
deloria,3
much,3
saw,3
we,3
final,2
may,2
crow,2
seems,2
interesting,2
took,2
mostly,2
appropriation,2
mexico,2
publishing,2
primitive,2
been,2
sherry,2
motivations,2
struggled,2
army,2
community,2
introduction,2
make,2
coups,2
reservations,2
deals,2
plenty,2
he,2
frank,2
animals,2
portrayed,2
wharton,2
dressing,2
policy,2
us,2
any,2
clothing,2
going,2
nineteenth,2
considered,2
eager,2
diversity,2
too,2
narratives,2
age,2
first,2
power,2
important,2
historians,2
toward,2
over,2
appear,2
lummis,2
each,2
tourist,2
anthropology,2
nature,2
artists,2
nancy,2
scholars,2
occasionally,2
simple,2
rinehart,2
judge,2
larger,2
shared,2
far,2
interior,2
know,2
real,2
shield,2
works,2
last,2
late,2
conclusions,2
america,2
beginning,2
particular,2
erskine,2
now,2
issue,2
era,2
wealth,2
occasional,2
pretty,2
spiritual,2
circumstances,2
books,2
multiculturalism,2
distance,2
because,2
pioneers,2
directly,2
none,2
anna,2
collier,2
understanding,2
used,2
made,2
leisure,2
must,2
disparate,2
despite,2
press,2
gender,2
tried,2
significant,2
gave,2
collection,2
describes,2
officers,2
married,2
which,2
described,2
only,2
years,2
since,2
moral,2
national,2
change,2
course,2
land,2
him,2
affairs,2
earlier,2
big,2
preservation,2
objections,2
speak,2
never,2
several,2
offered,2
june,2
searching,2
industry,2
topic,2
mystery,2
can,2
romanticized,2
when,2
views,2
up,2
scott,2
probably,2
would,2
characters,2
southwest,2
world,2
than,2
connections,2
develop,2
though,2
society,2
environment,1
including,1
difficult,1
enough,1
admire,1
failed,1
teach,1
ending,1
individualism,1
therefore,1
oxford,1
changes,1
privilege,1
film,1
authority,1
escaped,1
adhering,1
second,1
fundamental,1
me,1
whose,1
ironies,1
m,1
hesitant,1
no,1
fuller,1
contact,1
autobiographies,1
entitled,1
common,1
independent,1
act,1
rather,1
letters,1
if,1
gentle,1
sometimes,1
patron,1
religions,1
mooney,1
parading,1
main,1
across,1
vision,1
essence,1
stood,1
turns,1
created,1
commitment,1
claimed,1
program,1
spearheaded,1
wonder,1
forced,1
organizing,1
judging,1
asking,1
career,1
landscape,1
curtis,1
celebration,1
credentials,1
appreciate,1
brief,1
fair,1
revolutionary,1
novelist,1
myself,1
e,1
europeans,1
success,1
reason,1
hobbyists,1
natural,1
stocking,1
formative,1
secretary,1
foisted,1
still,1
opportunity,1
entree,1
says,1
effectively,1
associate,1
understand,1
yet,1
experiences,1
praising,1
sympathetic,1
leaving,1
humanity,1
importance,1
group,1
plains,1
derived,1
direct,1
balanced,1
parts,1
inhabited,1
doubted,1
ix,1
contributions,1
studies,1
selection,1
infamous,1
study,1
methods,1
feminist,1
worlds,1
expectations,1
illustrations,1
echoed,1
relationship,1
essays,1
adventure,1
lawyer,1
impressed,1
united,1
inferior,1
sweetgrass,1
consequences,1
likely,1
space,1
live,1
alive,1
boas,1
federal,1
interpretation,1
housing,1
unconventional,1
observer,1
fantasy,1
completely,1
ethnographers,1
primitivism,1
examined,1
easterners,1
game,1
face,1
fletcher,1
addition,1
suited,1
articles,1
makes,1
escape,1
pp,1
perceptions,1
musing,1
presidents,1
maintaining,1
relationships,1
older,1
thought,1
without,1
soon,1
influencing,1
wolf,1
appallingly,1
continuity,1
inspiration,1
acceptance,1
during,1
purveyors,1
objects,1
claims,1
neither,1
index,1
familiar,1
photographs,1
valuing,1
organized,1
assimilation,1
curious,1
bit,1
extinction,1
intrinsically,1
before,1
professor,1
harold,1
spell,1
days,1
exceptions,1
viewpoints,1
receiving,1
intervened,1
conclusion,1
complexity,1
sales,1
palpable,1
corresponded,1
w,1
peoples,1
stocked,1
also,1
favoritism,1
visualizes,1
conceptualization,1
two,1
demonstrate,1
begins,1
geographic,1
superior,1
ever,1
rich,1
regional,1
extension,1
theme,1
baby,1
implied,1
taos,1
uninterested,1
explaining,1
waxed,1
vacationing,1
declining,1
useful,1
constructed,1
chose,1
facing,1
party,1
fan,1
constituency,1
stemmed,1
embrace,1
lewis,1
name,1
dispossession,1
instance,1
appealing,1
production,1
here,1
comfortable,1
melissa,1
destructive,1
smithsonian,1
challenge,1
request,1
marriage,1
shamans,1
military,1
santa,1
faced,1
again,1
others,1
spend,1
rapid,1
treatment,1
attempt,1
view,1
artistic,1
franz,1
intellectual,1
promoting,1
reflections,1
engaged,1
redeeming,1
fantasies,1
j,1
gunned,1
talking,1
ignoring,1
words,1
salvage,1
different,1
worth,1
dislikes,1
frederick,1
anything,1
shows,1
naive,1
blatantly,1
lack,1
whom,1
wars,1
path,1
exploration,1
questioned,1
available,1
societies,1
route,1
agrarian,1
down,1
straightforward,1
minnesota,1
suggesting,1
tours,1
conceptualized,1
credits,1
fascinating,1
search,1
careers,1
wrote,1
occupied,1
wilderness,1
fully,1
shaping,1
anishinaabe,1
account,1
follows,1
particularly,1
compatible,1
deal,1
government,1
arriving,1
intellectuals,1
drawn,1
clearly,1
obviously,1
knowledgeably,1
john,1
benign,1
concludes,1
everything,1
physical,1
nor,1
domesticated,1
grappled,1
pattern,1
affinities,1
insightful,1
audiences,1
recorder,1
another,1
type,1
evaluate,1
puzzling,1
commercialism,1
person,1
mind,1
musings,1
racist,1
solicited,1
allotment,1
burning,1
sacred,1
learn,1
equally,1
stint,1
evoked,1
born,1
according,1
luhans,1
wage,1
war,1
yuppie,1
sentimental,1
economy,1
unsettling,1
johns,1
literature,1
gleanings,1
differing,1
reservation,1
subjugation,1
bore,1
circles,1
unique,1
context,1
afforded,1
establish,1
putting,1
whether,1
centuries,1
terms,1
population,1
produced,1
form,1
unashamedly,1
varying,1
independently,1
dance,1
acquaintance,1
appearing,1
material,1
noticeable,1
focusing,1
advocates,1
woman,1
chronologically,1
native,1
narrative,1
likes,1
has,1
ethnography,1
hoxie,1
humdrum,1
draws,1
gives,1
figuring,1
hopkins,1
depictions,1
sought,1
u,1
differs,1
overgeneralize,1
muddled,1
coveted,1
ventures,1
studying,1
intriguing,1
remained,1
civilized,1
argues,1
chapter,1
emblematic,1
generally,1
demonstrated,1
therapeutic,1
seeking,1
effete,1
status,1
felt,1
apparently,1
suggests,1
ideal,1
possible,1
euroamerican,1
data,1
feminized,1
aptly,1
spun,1
art,1
discussion,1
certain,1
admits,1
characterize,1
reaching,1
dog,1
viability,1
antonio,1
background,1
both,1
socioeconomic,1
dimly,1
costume,1
bibliography,1
transplanted,1
fitting,1
scheme,1
contextualized,1
obvious,1
framed,1
commoditization,1
pueblo,1
claim,1
commissioner,1
generalizations,1
occurring,1
reaffirmed,1
mental,1
met,1
european,1
affecting,1
very,1
example,1
industrialized,1
dynamic,1
chart,1
related,1
role,1
nation,1
along,1
comment,1
variability,1
herself,1
crafts,1
wrought,1
giving,1
himself,1
subject,1
criticized,1
transition,1
hinsley,1
salon,1
step,1
economies,1
lecture,1
went,1
booming,1
melting,1
confidence,1
food,1
contentions,1
armchair,1
genuine,1
boarding,1
possessions,1
largely,1
acknowledges,1
policymakers,1
narrators,1
policies,1
stole,1
pathos,1
corresponding,1
collective,1
phenomenon,1
challenges,1
calculating,1
academics,1
articulator,1
associating,1
learned,1
complained,1
heard,1
behaved,1
evolution,1
actual,1
recovery,1
thus,1
individuals,1
our,1
music,1
hunted,1
personal,1
away,1
cry,1
ends,1
novels,1
generously,1
appreciated,1
thread,1
devoted,1
southwestern,1
expect,1
roberts,1
parallelling,1
difficulties,1
development,1
difference,1
quality,1
significance,1
counterpoint,1
inevitable,1
ethnicity,1
enthusiastic,1
halting,1
opportunities,1
constantly,1
sustain,1
tragedy,1
modem,1
write,1
language,1
finally,1
virtues,1
accept,1
earth,1
superbly,1
decorated,1
interest,1
tone,1
satisfactions,1
ability,1
experts,1
relations,1
instead,1
raises,1
portray,1
homes,1
exists,1
allowed,1
composite,1
humor,1
walter,1
resembles,1
dinner,1
need,1
speaking,1
reformers,1
insisted,1
managing,1
product,1
transgressed,1
things,1
preferred,1
simpler,1
rooted,1
states,1
writer,1
am,1
schools,1
indicators,1
already,1
vanished,1
effects,1
generation,1
piece,1
hiring,1
playing,1
defined,1
contrast,1
carefree,1
meyer,1
sharp,1
provides,1
pot,1
association,1
self,1
better,1
pluralism,1
family,1
reluctance,1
every,1
why,1
places,1
summary,1
david,1
needs,1
masculinized,1
antimodernity,1
ceremony,1
sentiment,1
mencharles,1
feelings,1
trying,1
qualities,1
between,1
eyes,1
reminisced,1
comfort,1
difficulty,1
connecticutstorrs,1
tribes,1
allowing,1
radicals,1
victorian,1
known,1
played,1
protested,1
stand,1
began,1
mcclintock,1
shallow,1
besides,1
effect,1
telling,1
impossible,1
individualistic,1
philip,1
testimonials,1
masculine,1
patronizing,1
find,1
contemporaneously,1
families,1
visible,1
looks,1
even,1
white,1
fe,1
present,1
look,1
traditional,1
galleries,1
northern,1
biographer,1
details,1
remembered,1
persona,1
recent,1
notes,1
beauty,1
famous,1
engrossed,1
lore,1
occasion,1
broader,1
doing,1
attention,1
timeline,1
influence,1
waiting,1
race,1
valuable,1
close,1
customs,1
businessmen,1
widely,1
casts,1
parks,1
row,1
deeper,1
anglo,1
