WORDCOUNTS,WEIGHT
the,142
of,91
and,74
in,56
to,50
a,48
his,39
dell,39
he,29
that,28
as,27
clayton,25
s,25
with,21
was,21
for,21
an,15
politics,14
by,13
new,13
life,11
but,11
literature,11
have,11
on,11
not,10
at,9
village,9
american,9
had,9
love,9
this,9
it,8
one,8
is,8
which,8
who,7
masses,7
art,7
its,7
been,6
does,6
women,6
intellectual,6
other,6
feminism,6
radical,6
radicals,6
much,6
eastman,5
or,5
seems,5
from,5
age,5
book,5
literary,5
p,5
i,5
assessment,5
machine,5
sense,5
especially,5
marriage,5
greenwich,5
be,5
critical,4
analysis,4
modern,4
pp,4
history,4
any,4
more,4
war,4
has,4
own,4
made,4
him,4
family,4
early,4
also,4
dumenil,4
major,4
equality,3
no,3
quickly,3
how,3
relationship,3
wanted,3
into,3
culture,3
days,3
same,3
sources,3
rather,3
important,3
deal,3
shaped,3
time,3
achieved,3
men,3
reviews,3
argues,3
account,3
postwar,3
prewar,3
biography,3
bohemian,3
himself,3
subject,3
exciting,3
our,3
were,3
published,3
offer,3
would,3
theater,3
after,3
chicago,3
era,3
world,3
notes,3
moved,3
embarked,2
york,2
limits,2
if,2
lynn,2
vision,2
scholar,2
commitment,2
revolt,2
leslie,2
primarily,2
unsystematic,2
earlier,2
they,2
often,2
essays,2
surprising,2
criticism,2
unconventional,2
reference,2
repressive,2
rebel,2
makes,2
insistence,2
respectability,2
stable,2
presents,2
home,2
before,2
impact,2
eager,2
these,2
autobiographical,2
most,2
companionate,2
max,2
maintained,2
only,2
offers,2
here,2
interests,2
popularity,2
eds,2
put,2
many,2
distancing,2
novel,2
fact,2
december,2
alienation,2
scholars,2
future,2
critic,2
floyd,2
search,2
particularly,2
out,2
intellectuals,2
acclaim,2
man,2
took,2
sexual,2
cultural,2
what,2
rebellion,2
however,2
fay,2
find,2
historians,2
style,2
free,2
because,2
mooncalf,2
shape,2
suggests,2
quality,2
work,2
insights,2
douglas,2
powers,2
upon,2
part,2
through,2
despite,2
liberal,2
along,2
expression,2
first,2
review,2
married,2
novels,2
than,2
shortly,2
such,2
years,2
against,2
numerous,2
author,2
points,2
patriarchal,2
moment,2
times,2
although,2
alienated,2
conducted,2
useful,2
writer,2
socialism,2
highly,2
between,2
insists,2
young,2
mccarthy,2
fishbein,2
left,2
dedicated,2
when,2
up,2
including,2
little,2
among,2
deeply,2
example,2
society,2
freud,1
contributes,1
set,1
domesticity,1
entitled,1
aim,1
democracy,1
failed,1
surprisingly,1
offices,1
inception,1
interesting,1
led,1
ii,1
mostly,1
adhering,1
likely,1
transform,1
recognized,1
done,1
shattered,1
demand,1
century,1
complex,1
absence,1
unravel,1
mix,1
poorly,1
continued,1
act,1
destroying,1
letters,1
concerned,1
will,1
devastating,1
snitow,1
identified,1
trimberger,1
aimed,1
criticize,1
ironic,1
grappled,1
bolshevik,1
intended,1
brief,1
indication,1
drawing,1
fiction,1
widespread,1
preparing,1
evaluated,1
midwest,1
myself,1
edna,1
resisting,1
red,1
escapism,1
e,1
christine,1
players,1
prove,1
directions,1
community,1
temper,1
considerably,1
itself,1
make,1
expanded,1
manuscript,1
associate,1
dogmatic,1
supplement,1
reflective,1
expect,1
builders,1
inserting,1
tempered,1
group,1
tracing,1
center,1
stansell,1
indicate,1
direct,1
contributor,1
strange,1
doom,1
whole,1
study,1
arts,1
nostalgia,1
continually,1
designed,1
artwork,1
about,1
united,1
hope,1
repression,1
coherence,1
luminaries,1
eugene,1
mother,1
yet,1
sympathies,1
support,1
instances,1
get,1
confessed,1
promise,1
examined,1
face,1
inconsistent,1
consistently,1
unusual,1
commenting,1
problematic,1
relationships,1
programs,1
favor,1
message,1
photographs,1
whose,1
latter,1
spirit,1
university,1
ideals,1
theatre,1
addressed,1
inconsistencies,1
explicit,1
position,1
adele,1
mabel,1
index,1
clear,1
laid,1
necessary,1
branch,1
eventually,1
instance,1
eagerness,1
under,1
just,1
feels,1
margery,1
marjorie,1
nineteenth,1
broke,1
traces,1
experimental,1
series,1
nonetheless,1
need,1
comparison,1
freudianism,1
already,1
enjoyed,1
outspoken,1
negative,1
department,1
contradiction,1
extensive,1
democratic,1
noted,1
being,1
friend,1
reinforced,1
supporter,1
mid,1
pains,1
shattering,1
kay,1
ambiguities,1
transitions,1
picture,1
lifelong,1
social,1
shed,1
physical,1
avert,1
persuasive,1
long,1
prolific,1
heller,1
hodgepodge,1
text,1
symbol,1
name,1
bourne,1
regeneration,1
enthralled,1
researched,1
founding,1
originally,1
helped,1
mark,1
sexuality,1
decades,1
others,1
kind,1
similarly,1
control,1
all,1
intellect,1
addition,1
dodge,1
working,1
character,1
nature,1
experiments,1
wpa,1
determined,1
arrived,1
conformity,1
share,1
based,1
flew,1
key,1
condescending,1
seem,1
leach,1
romances,1
midwestern,1
disillusionment,1
broken,1
found,1
conservative,1
desire,1
dismayed,1
called,1
wrote,1
universal,1
right,1
reform,1
emphasis,1
post,1
swung,1
effort,1
seven,1
children,1
vibrant,1
changed,1
accompanied,1
intelligentsia,1
reed,1
material,1
john,1
criticisms,1
events,1
far,1
hint,1
longstanding,1
audience,1
associated,1
noting,1
scene,1
sanger,1
take,1
irreverence,1
psychoanalysis,1
minimize,1
subsequent,1
there,1
struggle,1
damage,1
thompson,1
pitfalls,1
powerless,1
serious,1
embrace,1
passionate,1
none,1
honor,1
originality,1
puzzling,1
late,1
academic,1
feminist,1
enough,1
further,1
reasonable,1
emphasized,1
greatly,1
criticizing,1
those,1
irony,1
seriousness,1
born,1
ironically,1
according,1
hopelessness,1
nonfiction,1
expressed,1
where,1
committed,1
earliest,1
catastrophic,1
fuller,1
johns,1
continuing,1
novelist,1
bohemia,1
them,1
photographer,1
terms,1
less,1
magazines,1
case,1
groundwork,1
can,1
goldman,1
emma,1
practice,1
maturity,1
millay,1
modernist,1
swing,1
perhaps,1
homemaker,1
avoided,1
ceased,1
college,1
congregated,1
wide,1
marxists,1
public,1
structure,1
hopkins,1
while,1
number,1
shot,1
dreamers,1
marie,1
luhan,1
affair,1
randolph,1
unbraided,1
day,1
source,1
pursued,1
currey,1
stance,1
well,1
explored,1
stereotype,1
omission,1
another,1
conservatives,1
espionage,1
minimal,1
esthetic,1
some,1
ideal,1
r,1
understanding,1
problems,1
strengthened,1
pacifist,1
salon,1
psychology,1
discussion,1
strain,1
ivan,1
capitalism,1
birth,1
both,1
move,1
magazine,1
rudnick,1
lois,1
mascot,1
helps,1
active,1
biographers,1
chalks,1
ruefully,1
barry,1
taking,1
significantly,1
psychological,1
peace,1
given,1
point,1
purpose,1
very,1
witchhunt,1
satiric,1
sharon,1
fair,1
dee,1
textual,1
content,1
mistakenly,1
lippmann,1
liberals,1
clearer,1
press,1
role,1
comment,1
giving,1
bourgeois,1
exploits,1
tried,1
lacuna,1
keeping,1
benefited,1
significant,1
pervades,1
felix,1
fit,1
liberated,1
largely,1
acknowledges,1
collection,1
during,1
homosexuality,1
aimlessness,1
overtly,1
citations,1
frustrated,1
rebels,1
engaging,1
shortcomings,1
people,1
berta,1
ideas,1
optimism,1
writing,1
mooncalfishness,1
questions,1
evolution,1
scare,1
acknowledged,1
colleague,1
friday,1
thus,1
merit,1
popular,1
throughout,1
personal,1
full,1
we,1
fun,1
devoted,1
systematic,1
until,1
tradition,1
radicalism,1
couple,1
youth,1
theme,1
spectrum,1
editor,1
ignored,1
xv,1
alliance,1
depressions,1
my,1
enthusiastic,1
margaret,1
interpreted,1
trends,1
imperative,1
contradictions,1
illinois,1
realized,1
woman,1
persona,1
optimistically,1
interest,1
america,1
protagonist,1
evening,1
tone,1
course,1
individual,1
adopted,1
instead,1
lively,1
correct,1
ensnared,1
sometimes,1
walter,1
like,1
works,1
so,1
leftism,1
administrator,1
hardly,1
revolution,1
socialist,1
dogma,1
coupled,1
marxism,1
affairs,1
colleagues,1
approach,1
touted,1
unsuccessfully,1
viewing,1
adjustment,1
provides,1
legacy,1
nor,1
old,1
narcissistic,1
self,1
better,1
openly,1
shame,1
frustrating,1
readers,1
facing,1
trajectory,1
convincing,1
concerns,1
parallel,1
completing,1
constructing,1
six,1
colorful,1
primary,1
postmodern,1
met,1
ann,1
gage,1
eschewing,1
despair,1
provincetown,1
debate,1
died,1
views,1
occidental,1
drawn,1
aside,1
st,1
vincent,1
even,1
irascible,1
quotations,1
traditional,1
escapists,1
protagonists,1
ellen,1
intertwining,1
credo,1
institution,1
helping,1
engagement,1
famous,1
general,1
virtue,1
jones,1
tenuous,1
embodied,1
recurring,1
misleading,1
built,1
regressive,1
convincingly,1
perception,1
seemed,1
splintering,1
focused,1
calls,1
