WORDCOUNTS,WEIGHT
the,253
of,191
and,148
to,88
in,86
a,74
that,66
as,46
consumer,45
for,41
is,40
political,40
s,39
finnegan,39
women,31
it,30
politics,30
she,29
by,29
consumption,29
ncl,29
storrs,26
suffrage,26
their,25
culture,22
not,21
was,20
they,19
with,19
p,19
suffragists,19
at,18
labor,18
movement,17
american,16
or,16
which,16
were,16
this,16
than,16
consumerism,15
have,15
an,15
history,14
but,14
these,14
more,14
rather,12
standards,12
her,12
on,12
has,11
consumers,11
new,10
public,10
capitalism,10
who,9
social,9
many,9
other,9
use,9
be,9
economic,8
groups,8
mainstream,8
important,8
are,8
different,8
shows,8
between,8
notes,8
about,8
been,7
selling,7
also,7
had,7
radical,7
what,7
its,7
commercial,7
league,7
there,7
national,7
activists,6
how,6
often,6
from,6
power,6
view,6
did,6
deal,6
glickman,6
because,6
possible,6
popular,6
part,6
argues,6
relations,6
although,6
force,5
life,5
believed,5
organization,5
capitalist,5
do,5
those,5
reviews,5
them,5
form,5
time,5
made,5
through,5
very,5
commodities,5
people,5
practiced,5
especially,5
era,5
would,5
traditional,5
may,4
liberation,4
if,4
meaning,4
indeed,4
sphere,4
ways,4
when,4
means,4
pp,4
decade,4
university,4
only,4
put,4
working,4
december,4
tradition,4
great,4
state,4
precisely,4
activism,4
produced,4
woman,4
while,4
america,4
such,4
two,4
throughout,4
meanings,4
does,4
victory,4
workers,4
characterized,4
so,4
reformers,4
order,4
progressive,4
emerging,4
campaign,4
interpretations,4
tactics,4
narrative,4
always,4
among,4
engagement,4
actions,4
activities,4
no,3
way,3
act,3
corporate,3
fair,3
female,3
nonradical,3
merchandise,3
make,3
group,3
one,3
analysis,3
americans,3
modern,3
unlike,3
wages,3
any,3
liberal,3
same,3
too,3
powerful,3
civilize,3
membership,3
members,3
left,3
movements,3
might,3
efforts,3
leaders,3
differences,3
individual,3
never,3
organizing,3
opposite,3
reform,3
understood,3
can,3
marketers,3
however,3
books,3
triumph,3
mass,3
well,3
activity,3
work,3
both,3
boycotts,3
press,3
gender,3
largely,3
shopping,3
long,3
central,3
personal,3
front,3
landon,3
argument,3
own,3
margaret,3
points,3
need,3
you,3
kind,3
underlying,3
effective,3
femininity,3
men,3
even,3
little,3
saw,3
ends,3
responsibility,3
strategies,3
examines,3
society,3
purchasing,3
domesticity,2
south,2
book,2
suggest,2
challenge,2
whose,2
century,2
perspectives,2
mentions,2
usually,2
impressive,2
result,2
market,2
lost,2
approaches,2
minimum,2
shopper,2
lawrence,2
b,2
goal,2
kinds,2
achieve,2
consequences,2
space,2
asserted,2
category,2
read,2
mission,2
better,2
meant,2
policy,2
us,2
claims,2
index,2
seems,2
into,2
spectrum,2
neglected,2
home,2
just,2
mary,2
edge,2
negative,2
department,2
being,2
putting,2
embraced,2
strategy,2
achieving,2
writes,2
equation,2
thicket,2
all,2
addition,2
paper,2
uses,2
worth,2
shaped,2
key,2
governments,2
simple,2
advertising,2
domestic,2
attempting,2
particularly,2
out,2
goods,2
carolina,2
contemporary,2
products,2
describes,2
achieved,2
readers,2
fun,2
reading,2
gaps,2
ad,2
complement,2
less,2
case,2
forth,2
perhaps,2
judicial,2
deployment,2
required,2
historians,2
style,2
number,2
linked,2
equal,2
cloth,2
remained,2
shoppers,2
original,2
claiming,2
voter,2
private,2
ethical,2
exploring,2
artifacts,2
campaigns,2
middle,2
adopting,2
easier,2
values,2
attentive,2
say,2
consumerist,2
example,2
bazaars,2
marketing,2
conception,2
household,2
became,2
role,2
nation,2
african,2
promises,2
techniques,2
oppositional,2
consistently,2
arguments,2
refers,2
began,2
much,2
ideas,2
goals,2
aspect,2
conditions,2
thus,2
accommodate,2
come,2
sees,2
question,2
surely,2
rejected,2
clear,2
grassroots,2
against,2
t,2
language,2
civilizing,2
good,2
contributed,2
experts,2
instead,2
correct,2
length,2
period,2
contextualized,2
things,2
individualism,2
distinction,2
arena,2
partial,2
strong,2
measure,2
played,2
associated,2
distinct,2
viewers,2
class,2
several,2
potential,2
promote,2
depression,2
newspapers,2
right,2
forms,2
nwp,2
up,2
world,2
citizen,2
plausible,2
broader,2
reinforces,1
increasing,1
trivialized,1
using,1
publicize,1
seats,1
staffed,1
boards,1
aim,1
threatened,1
rights,1
battle,1
critical,1
courts,1
therefore,1
poor,1
mimicking,1
purchase,1
diverged,1
liberalism,1
highlights,1
states,1
relationship,1
second,1
manipulated,1
wore,1
done,1
york,1
fascist,1
subordination,1
pejorative,1
reflects,1
equality,1
note,1
positions,1
practices,1
easy,1
appealed,1
taken,1
raise,1
understudied,1
maternalist,1
quo,1
statements,1
observers,1
later,1
bring,1
wary,1
lucy,1
stricter,1
subverted,1
federal,1
spectacle,1
overlapped,1
criticize,1
vision,1
plays,1
reminding,1
informing,1
unstudied,1
campaignersand,1
labeled,1
claimed,1
program,1
site,1
resisted,1
subversive,1
concern,1
hill,1
go,1
ballot,1
exempted,1
imperatives,1
successes,1
affected,1
fantasies,1
clashing,1
criticized,1
citizens,1
account,1
resulted,1
playing,1
male,1
concerns,1
racial,1
macon,1
lobbying,1
resisting,1
combined,1
contrast,1
liberating,1
criticizes,1
conceptions,1
attempt,1
get,1
detailed,1
establish,1
sandwich,1
phrases,1
biographical,1
controlling,1
overlap,1
justice,1
inhere,1
compromising,1
transformation,1
initially,1
talk,1
becoming,1
modes,1
leave,1
ii,1
settings,1
direct,1
terms,1
wizards,1
replaced,1
hold,1
doubted,1
ix,1
why,1
envisioned,1
citizenship,1
inspired,1
responsible,1
comparisions,1
consuming,1
danger,1
expectations,1
mark,1
tend,1
white,1
retail,1
worked,1
productive,1
practicing,1
once,1
witty,1
formed,1
remind,1
see,1
depicted,1
industrial,1
sort,1
turmoil,1
sets,1
appropriation,1
solidarity,1
interpretation,1
indispensable,1
ironic,1
reference,1
ralph,1
dichotomous,1
suspicious,1
itself,1
lives,1
democrats,1
easily,1
makes,1
dolls,1
we,1
applied,1
shift,1
favor,1
pay,1
message,1
reshaping,1
methods,1
quality,1
linens,1
hours,1
acceptance,1
denser,1
protection,1
published,1
benefits,1
environment,1
participants,1
necessary,1
victories,1
overshadowed,1
publicists,1
eventually,1
infrastructure,1
takes,1
light,1
congruent,1
harness,1
limits,1
service,1
nineteenth,1
something,1
ideology,1
traces,1
welfare,1
arguing,1
reinscribing,1
series,1
onefifth,1
nonetheless,1
exemplified,1
legislative,1
tensions,1
partly,1
reversal,1
ethnic,1
upper,1
certainly,1
xi,1
ve,1
efficacy,1
most,1
show,1
cutting,1
demonstrate,1
details,1
safe,1
contained,1
acknowledges,1
ethics,1
lower,1
enforce,1
satisfying,1
reinforced,1
consistent,1
regional,1
baby,1
leftliberal,1
cementing,1
readings,1
either,1
uninterested,1
sufficient,1
objects,1
scholars,1
temporal,1
willingness,1
sources,1
diluted,1
continuity,1
titles,1
errand,1
party,1
celebrate,1
fruitful,1
logos,1
votes,1
blended,1
successfully,1
puts,1
organizational,1
offers,1
interests,1
law,1
resurgence,1
setting,1
set,1
founding,1
helped,1
years,1
attempts,1
contrary,1
quickly,1
hedonistic,1
suggested,1
toward,1
verge,1
address,1
dimension,1
frivolous,1
your,1
similarly,1
identified,1
illusion,1
fundamental,1
assessments,1
introducing,1
image,1
each,1
experienced,1
varied,1
whereas,1
buttons,1
missing,1
lobby,1
studies,1
equating,1
persuasion,1
words,1
definition,1
inherently,1
organized,1
aimed,1
longer,1
whom,1
misses,1
innovations,1
treatment,1
exercise,1
completing,1
foodstuffs,1
best,1
explores,1
areas,1
could,1
reasserted,1
broadly,1
pressure,1
occupations,1
histories,1
together,1
accompanied,1
conservative,1
bulk,1
estimation,1
difficulty,1
strapped,1
ribbons,1
wealthy,1
agree,1
strength,1
thank,1
current,1
adds,1
potentially,1
sellers,1
analyses,1
rich,1
sacrifice,1
ideological,1
practical,1
studied,1
demands,1
housewife,1
link,1
susceptible,1
fallen,1
concludes,1
far,1
end,1
created,1
room,1
longstanding,1
reflected,1
formulating,1
deconstructive,1
historical,1
examining,1
vehicle,1
praised,1
hinges,1
constantly,1
almost,1
speeches,1
propaganda,1
fresh,1
producer,1
passage,1
strain,1
valence,1
living,1
drab,1
rhetoric,1
corrosive,1
disproportionate,1
late,1
places,1
took,1
improving,1
stood,1
drinking,1
stand,1
commercializing,1
concepts,1
equally,1
performances,1
ground,1
supporters,1
lens,1
pointing,1
cracks,1
cooptation,1
interrogate,1
cards,1
covered,1
alike,1
wage,1
described,1
where,1
innovative,1
war,1
ego,1
sentimental,1
fulfillment,1
economy,1
johns,1
will,1
differing,1
lead,1
mindset,1
treat,1
unique,1
tools,1
personable,1
whether,1
unearthing,1
viewed,1
recently,1
nurturance,1
companies,1
system,1
pins,1
ones,1
tell,1
making,1
promise,1
nowhere,1
comes,1
energy,1
material,1
focusing,1
brief,1
agricultural,1
mischievous,1
hoped,1
artifactual,1
statement,1
expedient,1
rest,1
along,1
insufficiently,1
mode,1
aprons,1
problem,1
sell,1
modify,1
insightful,1
disparities,1
chapter,1
hopkins,1
sought,1
going,1
salesmanship,1
remarkably,1
eliminate,1
encouraging,1
randolph,1
briefly,1
day,1
healthy,1
thoroughly,1
aspects,1
glorification,1
commitments,1
specifically,1
fight,1
entity,1
gratification,1
endorsing,1
another,1
local,1
keeping,1
participation,1
placement,1
commercialized,1
spheres,1
some,1
administer,1
don,1
r,1
understanding,1
cost,1
used,1
distilled,1
garbage,1
sale,1
pursue,1
sisters,1
appendices,1
appeals,1
navigate,1
bought,1
move,1
level,1
emergent,1
locus,1
must,1
helps,1
clean,1
claim,1
consumed,1
reader,1
classes,1
critiqued,1
recognition,1
nader,1
multiple,1
invited,1
likely,1
radicals,1
flaneur,1
point,1
likeable,1
excesses,1
miss,1
polity,1
line,1
despite,1
laws,1
ingenious,1
calls,1
alternatives,1
literal,1
unrestrained,1
subcultures,1
urban,1
unrealistic,1
buy,1
identity,1
stores,1
looked,1
cash,1
assumptions,1
mandated,1
capaciousness,1
helping,1
significant,1
constrains,1
adapted,1
depict,1
accounts,1
southerners,1
linking,1
sold,1
contribute,1
fit,1
succumbed,1
democratic,1
unfair,1
collection,1
during,1
enact,1
feminists,1
approach,1
risk,1
demonstrates,1
morality,1
reduces,1
challenges,1
vocabulary,1
framework,1
dublin,1
domination,1
pleasure,1
enabled,1
elite,1
invoked,1
think,1
historiographical,1
story,1
elides,1
staid,1
maintains,1
refutation,1
icons,1
contrasts,1
uncritically,1
ameliorate,1
call,1
first,1
consumptionemploying,1
amendment,1
buying,1
accurately,1
predominated,1
antisuffragists,1
promoted,1
improvements,1
employed,1
necessitated,1
facile,1
moderate,1
ultimately,1
until,1
expect,1
asking,1
roots,1
provide,1
telling,1
hence,1
celebrating,1
unthreatening,1
low,1
status,1
reveals,1
open,1
significance,1
straightjacket,1
accommodation,1
currents,1
critique,1
challenging,1
definitions,1
unduly,1
worse,1
moral,1
stories,1
twentieth,1
web,1
misguided,1
authors,1
persuasiveness,1
discussed,1
analogized,1
regions,1
finally,1
prices,1
accept,1
told,1
comparisons,1
subverts,1
change,1
multiplicity,1
advocacy,1
advocating,1
large,1
held,1
moment,1
unfit,1
gendered,1
times,1
indicate,1
sense,1
describing,1
covering,1
like,1
cultural,1
field,1
works,1
flux,1
product,1
recast,1
topic,1
periods,1
steadfastly,1
voters,1
portraits,1
static,1
effects,1
politically,1
without,1
administrative,1
defined,1
complicate,1
unquestioned,1
inequalities,1
after,1
heartbreaking,1
down,1
refuse,1
last,1
wish,1
protests,1
items,1
old,1
around,1
inextricably,1
curiously,1
spent,1
worst,1
lapboards,1
doubtless,1
wink,1
needs,1
legislatures,1
offered,1
consensus,1
labels,1
convincing,1
back,1
written,1
body,1
organizations,1
parcel,1
typically,1
columbia,1
chapel,1
acts,1
attending,1
preserves,1
moving,1
themselves,1
weakness,1
narrow,1
sight,1
malleability,1
appliance,1
codes,1
blunted,1
scholarship,1
supported,1
single,1
effect,1
politicizing,1
acting,1
employers,1
obligation,1
excluded,1
fashions,1
transgressive,1
debate,1
prerogatives,1
gestures,1
texts,1
generally,1
savvy,1
exclusively,1
multifaceted,1
method,1
innovators,1
mix,1
kewpie,1
performative,1
develop,1
journal,1
abandoned,1
editor,1
filling,1
images,1
gaze,1
paid,1
forefront,1
complicit,1
fool,1
least,1
y,1
badges,1
north,1
recent,1
beings,1
valuable,1
employer,1
cause,1
naturalization,1
generation,1
tentative,1
congressional,1
attention,1
tendentious,1
influence,1
sheds,1
race,1
compromise,1
embody,1
fans,1
content,1
moreover,1
separate,1
flaneurs,1
