WORDCOUNTS,WEIGHT
the,150
of,111
and,81
in,66
to,61
a,59
veterans,51
vietnam,50
that,50
war,37
as,35
is,35
for,26
civil,23
dean,23
on,23
he,21
are,20
or,19
from,19
not,18
his,17
p,16
have,16
ptsd,15
what,15
this,15
be,15
at,14
it,13
was,13
their,12
can,12
has,11
who,10
they,10
with,10
s,10
psychological,10
disorder,10
such,10
mental,10
american,9
about,9
studies,9
all,9
very,9
veteran,9
we,9
an,9
image,8
these,8
i,8
indiana,8
among,8
if,7
combat,7
us,7
but,7
two,7
military,7
do,7
used,7
incidence,7
after,7
even,7
does,6
scientific,6
t,6
more,6
book,6
by,6
work,6
sample,6
author,6
good,6
evidence,6
been,5
how,5
probability,5
one,5
changes,5
study,5
injuries,5
wars,5
then,5
numbers,5
only,5
over,5
did,5
nvvrs,5
shay,5
mind,5
some,5
popular,5
psychiatric,5
were,5
stress,5
national,5
between,5
psychiatrists,5
injury,5
antiwar,4
history,4
same,4
shook,4
character,4
insane,4
scholarly,4
reviews,4
hell,4
time,4
march,4
well,4
its,4
experience,4
own,4
which,4
tell,4
media,4
things,4
nor,4
problems,4
using,4
than,4
should,4
may,3
done,3
van,3
process,3
make,3
group,3
methods,3
pp,3
justified,3
had,3
culture,3
no,3
reports,3
quotations,3
first,3
quotes,3
readjustment,3
numerical,3
control,3
many,3
uses,3
different,3
et,3
found,3
great,3
take,3
review,3
there,3
tv,3
vets,3
investigation,3
them,3
whether,3
however,3
out,3
al,3
cdc,3
apparently,3
data,3
disease,3
part,3
press,3
himself,3
records,3
civilian,3
eric,3
trauma,3
moral,3
prevention,3
health,3
brain,3
like,3
spread,3
physical,3
him,3
estimates,3
speak,3
why,3
riper,3
themselves,3
d,3
when,3
results,3
traumatic,3
monthly,2
will,2
jails,2
led,2
topic,2
rate,2
me,2
whose,2
matter,2
floor,2
way,2
sometimes,2
troubled,2
subject,2
page,2
psychiatrist,2
detailed,2
suffering,2
posttraumatic,2
large,2
kill,2
practicing,2
federal,2
sympathy,2
get,2
jonathan,2
association,2
undoing,2
fear,2
university,2
place,2
neurological,2
home,2
general,2
any,2
following,2
senior,2
being,2
e,2
anything,2
social,2
quantitative,2
also,2
patients,2
paul,2
explain,2
know,2
sauce,2
others,2
view,2
into,2
thinks,2
experienced,2
j,2
talking,2
my,2
fact,2
based,2
treatment,2
leaders,2
spreads,2
current,2
really,2
government,2
personal,2
john,2
just,2
person,2
marine,2
learn,2
those,2
corps,2
psychologically,2
manner,2
committed,2
execution,2
establish,2
appears,2
disabled,2
see,2
cannot,2
accounts,2
defense,2
era,2
placed,2
mcpherson,2
dr,2
perhaps,2
while,2
primary,2
criteria,2
draw,2
right,2
chapter,2
percent,2
suicide,2
views,2
private,2
appendices,2
atlantic,2
achilles,2
researchers,2
service,2
reader,2
scorned,2
example,2
convenience,2
refers,2
inferences,2
families,2
people,2
actually,2
services,2
chapters,2
our,2
call,2
severe,2
injured,2
comprehensive,2
published,2
individual,2
methodological,2
although,2
would,2
jr,2
so,2
states,2
discourse,2
family,2
treats,2
news,2
disturbing,2
exactly,2
impossible,2
estimate,2
james,2
up,2
within,2
given,2
much,2
rates,2
commanders,2
constructionism,1
perfect,1
final,1
seems,1
horror,1
talks,1
seasons,1
cedarleaf,1
poor,1
disparate,1
saigh,1
depressed,1
currently,1
allegedly,1
recognized,1
investigating,1
doubts,1
forces,1
whining,1
today,1
payoffs,1
raise,1
catastrophic,1
broadcasts,1
without,1
samples,1
wisdom,1
heroes,1
pychological,1
estimated,1
exact,1
faith,1
incontrovertibility,1
science,1
statements,1
sets,1
centerpiece,1
evocation,1
l,1
scoundrels,1
comorbidity,1
groups,1
generous,1
scholar,1
trustworthy,1
die,1
commitment,1
program,1
expansion,1
truth,1
decades,1
square,1
unit,1
personnel,1
extend,1
arduous,1
invigorating,1
account,1
commit,1
reference,1
legitimate,1
arrive,1
celebrates,1
methodologies,1
tracked,1
april,1
army,1
politicians,1
postures,1
still,1
above,1
opportunity,1
introduction,1
capacity,1
starts,1
titled,1
risk,1
indicates,1
non,1
yet,1
eight,1
similar,1
wilson,1
registered,1
center,1
direct,1
parts,1
suppose,1
surveyed,1
life,1
pages,1
positive,1
stability,1
myth,1
use,1
properly,1
standard,1
united,1
doubtcasting,1
formed,1
schizophrenia,1
factors,1
trainer,1
deploys,1
sympathies,1
fields,1
worthlessness,1
violence,1
fair,1
reason,1
examined,1
face,1
establishment,1
addition,1
articles,1
read,1
country,1
powerfully,1
bad,1
counterparts,1
speaks,1
possibly,1
comparisons,1
goldberg,1
index,1
recriminations,1
damages,1
benefits,1
presents,1
share,1
participants,1
bit,1
psychic,1
rarely,1
seeking,1
before,1
sum,1
complete,1
director,1
quoted,1
license,1
wellexecuted,1
lessons,1
receiving,1
incompetent,1
schlenger,1
reevaluation,1
house,1
worthless,1
source,1
lt,1
profiting,1
descriptions,1
annals,1
frequently,1
ethic,1
too,1
transcends,1
decimal,1
preconceived,1
truths,1
intense,1
xi,1
insights,1
footing,1
most,1
inquest,1
veteranknowledge,1
department,1
emotional,1
initiative,1
extensive,1
matters,1
superior,1
officially,1
crookedness,1
said,1
store,1
cast,1
known,1
crassness,1
else,1
dupes,1
procedures,1
retired,1
constructed,1
long,1
every,1
fronts,1
leader,1
hospitalized,1
text,1
essentially,1
lockups,1
offers,1
here,1
human,1
voices,1
other,1
agony,1
challenge,1
believed,1
business,1
prosecution,1
disturb,1
testify,1
taken,1
significant,1
sampling,1
feeling,1
impossibilityeven,1
cut,1
blurb,1
natural,1
methodology,1
paragraph,1
asylum,1
each,1
analogies,1
varied,1
financial,1
greater,1
opening,1
comparison,1
worries,1
paper,1
efforts,1
entrench,1
worth,1
unethical,1
acceptable,1
lack,1
principles,1
walk,1
knowing,1
alienation,1
scholars,1
subsample,1
disordered,1
down,1
lieutenant,1
paranoia,1
includes,1
epidemiology,1
hands,1
display,1
reasons,1
surprised,1
intimidated,1
critically,1
neurologists,1
reform,1
report,1
against,1
concoction,1
narrative,1
centers,1
tables,1
soared,1
might,1
hospital,1
practical,1
ridicule,1
stereotype,1
scientifically,1
reliability,1
ph,1
hear,1
speculation,1
curiosity,1
reveal,1
generalizations,1
full,1
infer,1
causes,1
package,1
room,1
jacket,1
prejudicial,1
benefit,1
doubt,1
discriminate,1
impaired,1
quantico,1
deserving,1
emerge,1
deemed,1
junior,1
convert,1
stomach,1
past,1
speeches,1
made,1
serious,1
forks,1
representative,1
incoherently,1
assessment,1
scores,1
situation,1
course,1
ought,1
risky,1
forms,1
suicidality,1
places,1
conclusions,1
america,1
miles,1
exaggerators,1
stand,1
unreal,1
purported,1
memory,1
supporters,1
seriousness,1
didn,1
understood,1
junk,1
cultural,1
equal,1
formation,1
imbalances,1
technical,1
readiness,1
something,1
incarcerated,1
accurate,1
johns,1
proceedings,1
victims,1
effect,1
discharge,1
papers,1
cherry,1
terms,1
population,1
selected,1
form,1
functioning,1
regards,1
flesh,1
system,1
toxic,1
meet,1
suffered,1
applied,1
issue,1
particular,1
sclerosis,1
sciences,1
otherwise,1
ed,1
doesn,1
badly,1
homelessness,1
weaken,1
recognizes,1
discredits,1
sentence,1
method,1
asylums,1
naturalism,1
draws,1
gives,1
hopkins,1
sought,1
going,1
haunt,1
mass,1
encountered,1
wants,1
philosophic,1
receive,1
staring,1
remained,1
abuse,1
deal,1
struggling,1
kulka,1
information,1
none,1
having,1
participation,1
wonders,1
alcohol,1
implies,1
future,1
w,1
hundreds,1
line,1
derisively,1
arrived,1
afoot,1
network,1
travel,1
qua,1
result,1
disability,1
permitted,1
both,1
treated,1
already,1
proudly,1
fraud,1
upon,1
presented,1
range,1
values,1
bremner,1
heart,1
r,1
multiple,1
restless,1
recipients,1
met,1
point,1
say,1
including,1
treating,1
razor,1
explains,1
despite,1
training,1
uncertain,1
show,1
knowledge,1
content,1
communication,1
became,1
negative,1
nation,1
personality,1
object,1
crying,1
solemn,1
identity,1
turns,1
wonder,1
interviews,1
cohesion,1
compulsive,1
demonstrate,1
administration,1
tag,1
honorable,1
benefited,1
entirely,1
enduring,1
indianapolis,1
roll,1
unstated,1
october,1
neural,1
discussions,1
during,1
emphasize,1
behavior,1
robinson,1
ever,1
literally,1
phenomenon,1
goose,1
incontrovertible,1
harvard,1
odysseus,1
learned,1
complained,1
victim,1
structures,1
coming,1
assign,1
statistics,1
quite,1
rare,1
weakens,1
syndrome,1
million,1
thus,1
gander,1
continue,1
prepared,1
trust,1
saw,1
exemplifying,1
publish,1
away,1
parasitic,1
psychologist,1
complicated,1
unrolls,1
historiographic,1
ultimately,1
generation,1
showing,1
project,1
weakened,1
attraction,1
years,1
recent,1
low,1
visions,1
supposedly,1
cambridge,1
dubious,1
clear,1
unwelcome,1
drug,1
modem,1
sampled,1
impressions,1
unrefereed,1
either,1
aided,1
g,1
new,1
neighbors,1
makes,1
motives,1
findings,1
change,1
cabal,1
ability,1
offer,1
audiences,1
neurotransmitters,1
inquests,1
homes,1
exists,1
sense,1
caused,1
hard,1
length,1
anger,1
speaking,1
wildly,1
plant,1
militarily,1
cache,1
high,1
prevalence,1
m,1
landing,1
invites,1
effects,1
percentages,1
sources,1
amputations,1
order,1
deepest,1
kept,1
cope,1
presumptive,1
sharp,1
diagnostic,1
pension,1
claim,1
transcend,1
valid,1
walking,1
around,1
late,1
troubles,1
men,1
displays,1
several,1
wasn,1
educational,1
concerning,1
intermittently,1
random,1
back,1
concerns,1
knives,1
differently,1
body,1
promote,1
bridge,1
employees,1
newspapers,1
six,1
vet,1
pensions,1
served,1
lacking,1
research,1
pathways,1
endnotes,1
c,1
scholarship,1
conclude,1
wreck,1
declares,1
become,1
pejoratively,1
antisocial,1
orthodox,1
substantial,1
asks,1
gospel,1
rhetorical,1
phillips,1
severely,1
nonveteran,1
instruments,1
present,1
journal,1
look,1
because,1
spite,1
testified,1
need,1
sine,1
seek,1
commander,1
strengthening,1
tendency,1
answers,1
appropriate,1
cause,1
grateful,1
recurring,1
uncritical,1
dates,1
though,1
am,1
dust,1
valuable,1
permit,1
concluded,1
cited,1
applies,1
cites,1
petroleum,1
