WORDCOUNTS,WEIGHT
the,196
and,145
of,136
to,90
in,78
a,55
that,46
cigarettes,42
tate,41
as,38
for,37
cigarette,36
s,33
smoking,24
by,23
not,22
have,22
american,20
their,20
with,20
war,17
how,16
advertising,16
on,16
she,15
her,15
this,14
tobacco,14
it,13
they,13
could,13
social,13
more,13
do,13
culture,12
soldiers,12
women,11
consumer,11
was,11
or,11
but,11
from,11
smoke,10
some,10
such,10
than,10
p,10
public,10
its,10
world,10
them,10
at,9
pp,9
other,9
so,9
an,9
did,9
consumption,9
be,9
first,8
all,8
industry,8
meanings,8
why,8
is,8
what,8
evidence,8
i,7
instance,7
explain,7
people,7
also,7
new,7
wartime,7
were,7
after,7
wars,7
most,7
does,6
history,6
less,6
even,6
no,6
attitudes,6
out,6
research,6
about,6
consuming,6
only,6
gaston,6
campaigns,6
which,6
schudson,6
percent,6
smokers,6
been,6
laird,6
both,6
states,6
yet,5
markets,5
cultural,5
reviews,5
however,5
opposition,5
addictive,5
many,5
these,5
fashion,5
see,5
would,5
who,5
advertisements,5
marketing,5
press,5
richard,5
now,4
if,4
might,4
robert,4
primary,4
america,4
march,4
chapter,4
health,4
century,4
quit,4
impact,4
had,4
triumph,4
because,4
alcohol,4
own,4
concerns,4
highly,4
activities,4
mainstream,4
lynd,4
others,4
promotions,4
made,4
explanation,4
trade,4
thomas,4
especially,4
can,4
patriotic,4
when,4
then,4
any,4
associated,4
goods,4
while,4
little,4
groups,3
market,3
into,3
before,3
reasons,3
concludes,3
those,3
political,3
daniel,3
has,3
mass,3
politics,3
magazine,3
point,3
human,3
medical,3
since,3
media,3
general,3
influence,3
white,3
support,3
linked,3
helped,3
providing,3
decades,3
opponents,3
found,3
cannot,3
well,3
during,3
trends,3
wctu,3
impacts,3
indeed,3
expansion,3
positive,3
communities,3
boorstin,3
department,3
increasingly,3
rise,3
business,3
toward,3
cumulative,3
forms,3
men,3
took,3
including,3
increase,3
use,3
like,3
slaver,3
we,3
science,3
widespread,3
analysis,3
united,3
considered,3
university,3
here,3
over,3
control,3
urban,3
through,3
transition,3
arguments,3
instead,3
although,3
need,3
product,3
increased,3
fervor,3
early,3
l,3
virtue,3
difficult,2
limits,2
common,2
way,2
created,2
consume,2
complex,2
one,2
illegal,2
agency,2
schools,2
walker,2
policy,2
committee,2
experience,2
either,2
every,2
quitting,2
evolution,2
feeling,2
meaning,2
j,2
nature,2
reach,2
available,2
continue,2
explores,2
secondary,2
manliness,2
government,2
products,2
there,2
persistence,2
raised,2
luckman,2
ad,2
sought,2
smokes,2
soldier,2
possible,2
drive,2
consumers,2
bans,2
ohmann,2
explained,2
illustrates,2
against,2
helen,2
unwillingness,2
progressive,2
turn,2
channels,2
young,2
truly,2
communication,2
simplistic,2
messages,2
wounded,2
reformers,2
without,2
his,2
active,2
legal,2
illustrations,2
consequences,2
moreover,2
means,2
lives,2
organized,2
n,2
mary,2
w,2
age,2
beyond,2
followed,2
films,2
appear,2
legislative,2
asserts,2
shared,2
companies,2
lung,2
your,2
eliminate,2
journals,2
douglas,2
received,2
concept,2
psychological,2
part,2
context,2
year,2
used,2
newspaper,2
good,2
change,2
order,2
discourse,2
civic,2
essentially,2
generally,2
up,2
paid,2
finds,2
society,2
film,2
he,2
matter,2
economic,2
deadly,2
tide,2
object,2
april,2
still,2
movement,2
once,2
criticism,2
portrayed,2
selling,2
evolved,2
ban,2
sales,2
pershing,2
picture,2
goals,2
successfully,2
again,2
usually,2
towards,2
efforts,2
lack,2
conduct,2
time,2
hand,2
physiological,2
increases,2
edison,2
another,2
classes,2
understanding,2
disease,2
considering,2
range,2
coffin,2
medium,2
encouraged,2
survey,2
described,2
moral,2
points,2
peter,2
times,2
class,2
behind,2
study,2
accrue,2
ferrence,2
seeking,2
standard,2
accepting,2
merrell,2
stars,2
movements,2
begin,2
institutions,2
army,2
often,2
berger,2
stephen,2
share,2
complexity,2
simply,2
subsidized,2
acl,2
text,2
quickly,2
sure,2
readily,2
cultures,2
are,2
reversal,2
expanding,2
expense,2
half,2
current,2
domestic,2
particularly,2
very,2
growing,2
pollay,2
adults,2
form,2
pertinent,2
information,2
patriotism,2
popular,2
despite,2
ashes,2
became,2
everywhere,2
twenties,2
question,2
until,2
youth,2
argues,2
smoked,2
pamela,2
reversed,2
cassandra,2
d,2
campaign,2
encouraging,2
era,2
images,2
much,2
among,2
ammunition,1
horror,1
democracy,1
donations,1
archives,1
basing,1
allegedly,1
struggle,1
customer,1
discourage,1
page,1
edge,1
declared,1
later,1
substances,1
generated,1
donor,1
devious,1
ready,1
truth,1
nicotine,1
credibility,1
cells,1
jane,1
prohibitionist,1
legitimate,1
intriguing,1
calm,1
measures,1
per,1
passing,1
everybody,1
ample,1
identify,1
essays,1
openness,1
unabashed,1
evocative,1
sets,1
summaries,1
federal,1
cynical,1
studies,1
respectability,1
modern,1
favor,1
experimentation,1
duke,1
spirit,1
immoderate,1
decade,1
acceptance,1
deny,1
detested,1
allies,1
presents,1
encourage,1
total,1
holding,1
vibrantly,1
nineteenth,1
connotations,1
contested,1
chandler,1
nonetheless,1
properties,1
proclamation,1
journalism,1
diffusion,1
december,1
baser,1
middletown,1
sources,1
fast,1
neglects,1
drugs,1
production,1
interests,1
originally,1
fund,1
military,1
motivations,1
rapid,1
attempt,1
lifestyle,1
ymca,1
shortage,1
seems,1
nefarious,1
words,1
company,1
book,1
prejudices,1
attractive,1
uneasy,1
together,1
prop,1
dismayed,1
feminism,1
solace,1
analyses,1
narrative,1
arises,1
transferred,1
quintessential,1
launched,1
real,1
nationalism,1
huddle,1
last,1
state,1
greatly,1
henry,1
indulgence,1
staff,1
coordinated,1
ruined,1
reading,1
solved,1
favoring,1
johns,1
pads,1
magazines,1
case,1
issue,1
advocates,1
alfred,1
protagonists,1
mechanized,1
historians,1
money,1
draws,1
advice,1
motion,1
jumping,1
womanizing,1
gardens,1
bribes,1
red,1
temperance,1
illustrate,1
stave,1
solely,1
october,1
consumed,1
except,1
x,1
benefactors,1
ignores,1
immoral,1
resources,1
apply,1
compares,1
along,1
milder,1
fundraiser,1
marginalized,1
sugarman,1
treatise,1
liberated,1
factored,1
penetrate,1
behavior,1
garden,1
nostalgic,1
learned,1
repeatedly,1
regarding,1
million,1
thus,1
includes,1
disreputable,1
throughout,1
dependence,1
purportedly,1
famously,1
curated,1
dynamics,1
inner,1
reject,1
pursue,1
g,1
author,1
interest,1
dismisses,1
raises,1
enjoying,1
indulges,1
restore,1
unhealthy,1
topic,1
learning,1
priority,1
rank,1
nor,1
late,1
immigrants,1
deeds,1
smoker,1
keep,1
perspective,1
ally,1
effective,1
drives,1
jacob,1
misleading,1
thin,1
profit,1
warned,1
journal,1
critique,1
roaring,1
apparently,1
deeply,1
weave,1
nuanced,1
businessmen,1
cites,1
battles,1
selfindulgent,1
may,1
oxford,1
rooted,1
weapon,1
profoundly,1
recognized,1
americans,1
york,1
whose,1
repeats,1
essential,1
act,1
statements,1
links,1
lucy,1
growth,1
ways,1
bypassing,1
doughboys,1
activists,1
donating,1
justifying,1
liability,1
knew,1
preachers,1
survives,1
opportunity,1
risk,1
eight,1
grew,1
entrances,1
direct,1
balanced,1
ongoing,1
pages,1
salvation,1
leaves,1
produced,1
danger,1
crusade,1
retail,1
risks,1
troublesome,1
pleasures,1
references,1
eighteen,1
susceptibility,1
preclude,1
consider,1
distract,1
organization,1
statistical,1
familiar,1
dandies,1
image,1
imposed,1
hotly,1
loyalists,1
displays,1
frequently,1
too,1
profile,1
unavoidable,1
show,1
democratic,1
resource,1
origins,1
wondering,1
surge,1
strenuously,1
photos,1
important,1
appeals,1
tyranny,1
banning,1
union,1
greater,1
cancer,1
whom,1
affiliated,1
included,1
richmond,1
ambiguity,1
effort,1
conspicuous,1
stigmatized,1
adolescence,1
sedate,1
captured,1
nail,1
initial,1
experts,1
disruptive,1
urbanization,1
circulation,1
further,1
addicting,1
pointing,1
though,1
activist,1
appears,1
youths,1
symbols,1
intensity,1
gilded,1
wealth,1
ford,1
explored,1
required,1
revived,1
january,1
hopkins,1
near,1
possibility,1
failure,1
shape,1
rations,1
gained,1
periodical,1
having,1
r,1
stances,1
line,1
relief,1
correctly,1
kickbacks,1
literature,1
bullets,1
narratives,1
tool,1
start,1
carries,1
writers,1
heart,1
imagined,1
future,1
drew,1
purpose,1
coolness,1
knowledge,1
calls,1
esp,1
actors,1
gratifications,1
positions,1
feared,1
loss,1
tale,1
fail,1
redrew,1
photojournalists,1
policies,1
reynolds,1
ayer,1
demonstrates,1
icon,1
concentrate,1
actually,1
astutely,1
statistics,1
rallying,1
thereafter,1
mercenary,1
tumultuous,1
call,1
forces,1
focuses,1
cry,1
overseas,1
participate,1
ninetytwo,1
showing,1
tennant,1
monopoly,1
foes,1
status,1
league,1
miss,1
currents,1
enthusiastic,1
grassroots,1
narcotics,1
manifestation,1
launching,1
thread,1
causal,1
broadcast,1
successful,1
caused,1
fulfilled,1
hard,1
working,1
field,1
responsibility,1
distances,1
buildings,1
revolution,1
suggest,1
involve,1
next,1
television,1
contrast,1
emphasizes,1
isherwood,1
atmosphere,1
specifically,1
around,1
inextricably,1
small,1
calling,1
pours,1
initiating,1
few,1
brought,1
comfort,1
observe,1
decline,1
vacuum,1
suddenly,1
philip,1
credible,1
core,1
always,1
stalwart,1
barely,1
visible,1
quixotic,1
progress,1
degeneration,1
resistance,1
describes,1
sea,1
depravity,1
deepened,1
notes,1
adroitly,1
moved,1
actions,1
questioning,1
capturing,1
pope,1
addiction,1
barbara,1
replacing,1
overbearing,1
will,1
liberation,1
therefore,1
led,1
likely,1
critics,1
demand,1
lays,1
variety,1
practices,1
myriad,1
imagery,1
gender,1
overall,1
successes,1
motivated,1
classic,1
nearly,1
constraints,1
instincts,1
gift,1
prove,1
weary,1
trivializes,1
intervention,1
make,1
nonbritish,1
sponsored,1
unprecedented,1
reforming,1
sinful,1
settings,1
hold,1
zeal,1
improper,1
single,1
fighting,1
jaded,1
communications,1
outlets,1
museum,1
outpouring,1
violence,1
reference,1
lloyd,1
suited,1
makes,1
thought,1
serve,1
mission,1
us,1
neither,1
signaling,1
index,1
smith,1
brands,1
home,1
extravagant,1
orders,1
light,1
rightly,1
attractively,1
same,1
broad,1
frightened,1
industrial,1
alien,1
two,1
speaking,1
functioned,1
elect,1
fill,1
fix,1
lavish,1
organizations,1
leader,1
name,1
unmistakably,1
law,1
flapper,1
attacks,1
challenge,1
stronger,1
mentions,1
figure,1
death,1
deserves,1
rejects,1
absolve,1
extravagances,1
demographic,1
analytical,1
persuasion,1
fact,1
longer,1
stories,1
treatment,1
areas,1
bourgeoisie,1
moribund,1
tolerate,1
music,1
beliefs,1
appeared,1
ought,1
reform,1
choice,1
reasoning,1
end,1
personality,1
debates,1
charges,1
man,1
jump,1
habit,1
rhetoric,1
devil,1
momentum,1
conclusions,1
enough,1
drove,1
accusations,1
present,1
performances,1
journalists,1
remarkable,1
where,1
existing,1
michael,1
camel,1
material,1
impassioned,1
assortment,1
progressivism,1
eds,1
books,1
controversy,1
plaintiffs,1
mercy,1
literatures,1
number,1
laudable,1
remained,1
fleshedout,1
years,1
credit,1
proudly,1
private,1
greatest,1
exploring,1
aptly,1
coherent,1
restrictions,1
accompanying,1
unquestionably,1
prohibition,1
helps,1
limitations,1
addictiveness,1
determinedly,1
mechanization,1
elite,1
expand,1
entirely,1
significant,1
combining,1
food,1
largely,1
unfair,1
residues,1
oppose,1
factor,1
morality,1
congress,1
ideas,1
resulting,1
questions,1
processes,1
rare,1
hoc,1
physiology,1
nothing,1
individuals,1
previous,1
reinforcing,1
advantages,1
theoretical,1
upended,1
banish,1
reality,1
directed,1
b,1
express,1
dominated,1
interpret,1
subtitle,1
workers,1
held,1
pride,1
allowed,1
characterized,1
rewarded,1
function,1
him,1
unsatisfying,1
high,1
played,1
collected,1
linking,1
ratings,1
immorality,1
anyone,1
managerial,1
segment,1
latter,1
proclaim,1
promotion,1
favored,1
readers,1
systems,1
satisfy,1
exaggeration,1
deluge,1
wishing,1
accordingly,1
james,1
femininity,1
impertinent,1
implication,1
bored,1
nails,1
morris,1
save,1
denizens,1
saw,1
overthrow,1
reformist,1
attention,1
decay,1
penultimate,1
examines,1
decision,1
separate,1
european,1
carried,1
depth,1
asking,1
vaughn,1
christian,1
groupings,1
esteemed,1
aid,1
raise,1
epitomize,1
broadened,1
conquered,1
practitioners,1
claimed,1
employment,1
explicates,1
lines,1
leslie,1
male,1
primarily,1
lobbying,1
lost,1
insist,1
transformed,1
strongly,1
began,1
effectively,1
cynicism,1
transformation,1
lucas,1
compiling,1
valentine,1
toothpick,1
life,1
construction,1
fall,1
baron,1
types,1
cigars,1
citizens,1
exists,1
instances,1
crowded,1
fought,1
meant,1
stable,1
goldberg,1
contextualize,1
historian,1
relates,1
believed,1
citizenry,1
comes,1
psychoactive,1
rivaled,1
nervous,1
circumstances,1
founded,1
extending,1
ever,1
satisfying,1
pace,1
dubious,1
lobbyists,1
physical,1
proposes,1
membership,1
wicked,1
symbol,1
endangered,1
patients,1
offers,1
set,1
colorado,1
civilians,1
cigar,1
refused,1
each,1
anthropology,1
different,1
connection,1
seem,1
best,1
appendix,1
propaganda,1
amounted,1
scenario,1
loyalty,1
eventually,1
ideological,1
hinted,1
denver,1
enforcing,1
energize,1
ordered,1
bravado,1
build,1
identities,1
pictures,1
past,1
climate,1
works,1
atypically,1
merely,1
reeking,1
beginning,1
stature,1
helping,1
carefully,1
combined,1
unique,1
implicit,1
whether,1
kevin,1
terms,1
namely,1
rising,1
rebellion,1
independently,1
sociology,1
opportunistic,1
pulpit,1
statement,1
mere,1
novelty,1
extent,1
consisting,1
schelling,1
adventurous,1
boys,1
produce,1
intake,1
almost,1
psychology,1
suggests,1
virginia,1
targets,1
kluger,1
whence,1
son,1
must,1
wedge,1
wrestle,1
recognition,1
multiple,1
conclude,1
hyperbolically,1
focal,1
dining,1
subject,1
traditional,1
entrepreneur,1
went,1
contribute,1
operate,1
ranks,1
exploit,1
definitions,1
firms,1
gain,1
assuredly,1
daring,1
contrasts,1
our,1
epithets,1
webb,1
come,1
layers,1
moderate,1
acceptability,1
spring,1
commercial,1
cosmopolitan,1
disseminating,1
generate,1
initiated,1
twentieth,1
authored,1
sharpness,1
finally,1
motives,1
publicized,1
dangerous,1
brain,1
offer,1
joined,1
opinions,1
manufacturer,1
regular,1
attributes,1
piece,1
defiance,1
roberta,1
seeks,1
off,1
buchanan,1
dispose,1
mcclure,1
worried,1
profits,1
dissent,1
supported,1
cleaner,1
between,1
intolerant,1
ensuring,1
mystery,1
endnotes,1
impugned,1
c,1
rejection,1
charged,1
vary,1
cheaper,1
cohesive,1
characters,1
surveys,1
sullum,1
impress,1
focus,1
north,1
rabin,1
cross,1
should,1
built,1
signals,1
groundbreaking,1
major,1
looking,1
