WORDCOUNTS,WEIGHT
the,158
of,87
and,71
to,64
in,63
a,41
is,39
migration,28
as,22
for,22
that,21
on,21
european,20
s,15
or,14
new,14
with,13
from,13
migrants,13
it,12
than,12
he,11
they,11
europe,11
essay,11
europeans,10
essays,10
not,10
are,10
hoerder,10
york,9
within,9
an,9
one,9
other,9
italians,9
this,9
process,8
by,8
well,8
states,8
history,7
but,7
more,7
mass,7
america,7
baily,7
much,7
immigration,7
acculturation,6
about,6
united,6
book,6
cities,6
do,6
her,6
its,6
have,6
immigrants,6
world,6
movements,5
leslie,5
their,5
these,5
social,5
important,5
many,5
aires,5
however,5
theory,5
move,5
moch,5
although,5
period,5
research,5
buenos,5
among,5
communities,4
perspectives,4
rather,4
groups,4
movement,4
american,4
too,4
peoples,4
age,4
most,4
simply,4
view,4
dirk,4
global,4
how,4
historical,4
what,4
poles,4
while,4
migrations,4
local,4
part,4
morawska,4
during,4
were,4
reimers,4
so,4
several,4
be,4
we,4
dealing,3
factors,3
polish,3
his,3
been,3
comparative,3
pieces,3
countries,3
life,3
jews,3
articles,3
university,3
immigrant,3
into,3
home,3
before,3
section,3
women,3
two,3
first,3
also,3
economic,3
different,3
capital,3
together,3
better,3
paris,3
reviews,3
population,3
less,3
system,3
perhaps,3
another,3
discussion,3
london,3
role,3
focuses,3
regional,3
experiences,3
years,3
successful,3
piece,3
systems,3
between,3
editors,3
nugent,3
era,3
find,3
even,3
recent,3
nations,2
south,2
poland,2
high,2
page,2
cover,2
at,2
no,2
materials,2
she,2
foreign,2
short,2
limited,2
who,2
excellent,2
still,2
ewa,2
proportion,2
contribution,2
large,2
parts,2
study,2
space,2
itself,2
canada,2
makes,2
east,2
title,2
ambitious,2
same,2
larger,2
colonial,2
themes,2
theme,2
follow,2
useful,2
long,2
problems,2
jackson,2
m,2
know,2
others,2
over,2
each,2
asia,2
moving,2
treatment,2
nancy,2
scholars,2
best,2
differences,2
time,2
events,2
examining,2
subsequent,2
there,2
political,2
though,2
cultural,2
focused,2
carefully,2
context,2
them,2
whether,2
form,2
see,2
core,2
writes,2
eastern,2
leaving,2
problem,2
has,2
jewish,2
sought,2
demography,2
march,2
suggests,2
aspects,2
work,2
atlantic,2
bibliography,2
carry,2
reader,2
city,2
press,2
irish,2
ten,2
asian,2
whole,2
make,2
framework,2
voyage,2
ethnic,2
call,2
includes,2
convincing,2
such,2
difference,2
quality,2
three,2
donna,2
samuel,2
finally,2
course,2
david,2
sense,2
need,2
jr,2
admission,2
emerging,2
distinct,2
americas,2
patterns,2
themselves,2
third,2
james,2
early,2
when,2
little,2
those,2
north,2
notes,2
green,2
general,2
broader,2
baggage,2
moved,2
periods,1
industries,1
contributes,1
settlers,1
lesser,1
does,1
sixteenth,1
changes,1
related,1
currently,1
relationship,1
informs,1
second,1
recognized,1
done,1
note,1
matter,1
africa,1
various,1
will,1
growth,1
main,1
pull,1
indeed,1
maps,1
selections,1
toward,1
expansion,1
weighted,1
lines,1
brief,1
insufficient,1
communism,1
lost,1
alone,1
community,1
collections,1
considerably,1
totally,1
introduction,1
indicates,1
earlier,1
crossing,1
germany,1
anxiety,1
group,1
center,1
replaced,1
hold,1
why,1
settled,1
positive,1
strive,1
mobility,1
identify,1
understand,1
table,1
continent,1
housing,1
centuries,1
reference,1
all,1
get,1
approaches,1
lives,1
pp,1
struggle,1
modern,1
fault,1
jarring,1
flows,1
sex,1
seeing,1
under,1
door,1
forget,1
selectivity,1
gabaccia,1
selective,1
us,1
comparisons,1
key,1
fertility,1
established,1
was,1
seems,1
necessarily,1
arguments,1
pose,1
occurred,1
included,1
bit,1
commonwealth,1
total,1
acculturated,1
any,1
latin,1
elsewhere,1
just,1
culture,1
detailing,1
economics,1
placing,1
impact,1
receiving,1
sharply,1
invariably,1
ed,1
conclusion,1
northeastern,1
source,1
golden,1
argued,1
comparison,1
industrial,1
department,1
emigrated,1
noted,1
increasingly,1
had,1
additional,1
shorter,1
oceans,1
origins,1
comes,1
either,1
explaining,1
skilled,1
volume,1
pulls,1
comparatively,1
provide,1
plea,1
organizations,1
certainly,1
organizational,1
permanent,1
if,1
index,1
explain,1
sections,1
dominant,1
ii,1
give,1
attempts,1
antecedents,1
faced,1
providing,1
might,1
attempt,1
conceived,1
partner,1
union,1
england,1
readily,1
scientists,1
greater,1
demographic,1
missing,1
paper,1
only,1
fact,1
subject,1
extent,1
migrant,1
available,1
believe,1
completing,1
did,1
areas,1
ambition,1
great,1
called,1
appeared,1
documents,1
offers,1
current,1
domestic,1
attempting,1
choice,1
fully,1
germans,1
out,1
stretching,1
deal,1
diverse,1
hear,1
coauthor,1
circa,1
very,1
procedure,1
hundred,1
survey,1
i,1
continents,1
past,1
u,1
rural,1
simple,1
living,1
last,1
men,1
places,1
academic,1
fits,1
stand,1
precisely,1
migrated,1
present,1
ground,1
scholarly,1
thousands,1
delineated,1
somewhat,1
discussing,1
war,1
heaven,1
economy,1
german,1
johns,1
racial,1
worldwide,1
terms,1
sticks,1
heavily,1
answer,1
case,1
issue,1
particular,1
side,1
can,1
necessary,1
material,1
focusing,1
advocates,1
deep,1
protoindustrial,1
procedures,1
instrumental,1
sounder,1
recognizes,1
eds,1
debate,1
historians,1
wide,1
task,1
hopkins,1
number,1
encountered,1
really,1
periphery,1
outlines,1
canadaand,1
because,1
gabbacia,1
addresses,1
cloth,1
outstanding,1
studied,1
argues,1
account,1
almost,1
uneven,1
wonders,1
some,1
emphasis,1
private,1
italian,1
urban,1
journals,1
activity,1
millions,1
divided,1
middle,1
coherent,1
landseeking,1
scope,1
invested,1
residents,1
examples,1
solid,1
received,1
boston,1
explanation,1
outline,1
upon,1
range,1
preferred,1
west,1
prominent,1
taking,1
brought,1
variations,1
headed,1
fared,1
purpose,1
far,1
explains,1
example,1
looking,1
apparent,1
became,1
apply,1
along,1
easy,1
complexities,1
wonder,1
transition,1
economies,1
data,1
significant,1
realm,1
older,1
collection,1
place,1
destinations,1
needed,1
summarizes,1
factor,1
trigger,1
broad,1
families,1
phenomenon,1
concentrate,1
labor,1
questions,1
earn,1
think,1
actual,1
natives,1
varied,1
thus,1
phase,1
continue,1
merit,1
documented,1
which,1
sees,1
review,1
complicated,1
overseas,1
devoted,1
refugees,1
breaks,1
modernization,1
argument,1
development,1
both,1
reveals,1
own,1
clear,1
unexpectedly,1
strongest,1
tables,1
approach,1
authors,1
national,1
afterthought,1
regions,1
author,1
accounted,1
dominated,1
sketches,1
completed,1
workers,1
deals,1
viewing,1
joined,1
individual,1
include,1
homes,1
blend,1
land,1
studies,1
caribbean,1
walter,1
like,1
thirteenth,1
would,1
denote,1
clearest,1
responds,1
emigration,1
played,1
effects,1
order,1
after,1
presenting,1
shift,1
latter,1
late,1
family,1
hemisphere,1
t,1
summary,1
spanish,1
needs,1
size,1
vi,1
especially,1
narrowly,1
uniformly,1
back,1
causing,1
ratios,1
pioneering,1
temporary,1
newspapers,1
restrict,1
topic,1
become,1
elites,1
point,1
locales,1
partial,1
including,1
dependent,1
northern,1
focus,1
duration,1
relative,1
value,1
should,1
preliminary,1
finds,1
mock,1
ethnics,1
acknowledge,1
convincingly,1
detracting,1
readable,1
