WORDCOUNTS,WEIGHT
the,165
and,106
of,96
in,61
to,40
that,27
keynes,26
his,23
a,23
on,23
he,22
as,22
economics,22
economic,20
s,20
government,17
not,16
waligorski,15
rosenof,15
investment,15
they,12
liberal,12
for,12
markets,12
with,11
new,11
economy,11
which,11
it,10
hansen,10
their,10
from,10
by,10
an,10
is,10
at,9
means,9
but,9
subjects,9
democracy,8
theory,8
does,7
economists,7
american,7
about,7
thought,7
policy,7
history,7
had,7
schumpeter,7
political,7
like,7
debate,7
market,6
intervention,6
however,6
deal,6
has,6
such,6
depression,6
than,6
growth,5
who,5
university,5
was,5
long,5
book,5
business,5
could,5
reform,5
out,5
thurow,5
john,5
free,5
spending,5
economist,5
part,5
its,5
ideas,5
were,5
have,5
author,5
although,5
would,5
between,5
even,5
recession,4
large,4
all,4
former,4
or,4
argued,4
reich,4
sources,4
more,4
might,4
intellectual,4
other,4
tradition,4
p,4
galbraith,4
very,4
reviews,4
argues,4
own,4
vital,4
during,4
much,4
firms,4
central,4
recovery,4
since,4
points,4
interest,4
little,4
wells,4
demand,3
way,3
brandeis,3
if,3
indeed,3
stood,3
program,3
employment,3
process,3
one,3
moreover,3
yet,3
technology,3
us,3
any,3
thinking,3
remedy,3
are,3
beside,3
social,3
rather,3
into,3
capitalist,3
careers,3
particularly,3
considerable,3
past,3
conrad,3
late,3
do,3
population,3
money,3
well,3
discussion,3
both,3
depended,3
press,3
administration,3
issues,3
harvard,3
maynard,3
theories,3
run,3
prices,3
least,3
general,3
after,3
progressive,3
nor,3
june,3
served,3
up,3
stagnation,3
industries,2
seems,2
wyatt,2
depth,2
critical,2
liberalism,2
states,2
respect,2
role,2
reagan,2
no,2
continued,2
clinton,2
how,2
corporation,2
opportunities,2
study,2
often,2
analysis,2
united,2
less,2
factors,2
federal,2
involve,2
examined,2
pp,2
relationships,2
joseph,2
wages,2
dewey,2
key,2
index,2
school,2
presumably,2
wealth,2
industrial,2
must,2
four,2
ever,2
powerful,2
only,2
organizations,2
also,2
important,2
isolates,2
address,2
over,2
many,2
advance,2
different,2
lack,2
kennedy,2
believe,2
alvin,2
great,2
regulation,2
classical,2
events,2
historical,2
nevertheless,2
fashion,2
turned,2
further,2
monopolistic,2
though,2
what,2
theodore,2
within,2
produced,2
british,2
issue,2
despite,2
perhaps,2
taught,2
extent,2
public,2
hobhouse,2
because,2
degree,2
seeking,2
shape,2
taxes,2
property,2
conservatives,2
account,2
original,2
generally,2
reorganize,2
emphasis,2
future,2
work,2
popular,2
heavily,2
liberals,2
whole,2
programs,2
mention,2
labor,2
terms,2
services,2
pollution,2
come,2
theordore,2
become,2
severe,2
notes,2
this,2
professor,2
attributed,2
accept,2
relatively,2
instead,2
define,2
prosperity,2
inequalities,2
socialism,2
profits,2
industry,2
c,2
enterprise,2
create,2
postwar,2
identify,2
externalities,2
rhetorical,2
focus,2
world,2
boom,2
influence,2
rates,2
reducing,2
stagnate,2
increasing,1
may,1
european,1
enough,1
rights,1
go,1
delve,1
poor,1
rhapsodize,1
simultaneously,1
soured,1
slowed,1
situation,1
power,1
shutting,1
owes,1
reductions,1
reflects,1
played,1
tuning,1
note,1
various,1
common,1
privilege,1
fairly,1
act,1
fell,1
boomlet,1
opening,1
kenneth,1
johns,1
l,1
arising,1
distorted,1
f,1
remain,1
claimed,1
expansion,1
clarifies,1
hill,1
affairs,1
basic,1
vague,1
schemes,1
elaborating,1
lines,1
classic,1
accords,1
discredited,1
drawing,1
longest,1
primarily,1
possess,1
responded,1
slow,1
seeks,1
criticizes,1
secretary,1
still,1
itself,1
determining,1
began,1
bill,1
pushed,1
lawrence,1
changed,1
renown,1
philosopher,1
humanity,1
likewise,1
variant,1
obsolete,1
led,1
parts,1
ongoing,1
milton,1
judged,1
thrust,1
voids,1
dialogue,1
special,1
liberty,1
confidence,1
emigre,1
approaches,1
lawyer,1
fall,1
hope,1
once,1
disciples,1
thinker,1
alive,1
finer,1
education,1
disagrees,1
interpretation,1
justifying,1
when,1
reason,1
americans,1
examine,1
determination,1
security,1
democrats,1
remains,1
favor,1
sovereignty,1
mit,1
bank,1
largely,1
gravitating,1
modern,1
deregulation,1
pressures,1
keynesianism,1
pay,1
operates,1
wanted,1
evolved,1
influencing,1
considered,1
contention,1
activist,1
legacies,1
specifics,1
detail,1
position,1
sorts,1
discouraged,1
smith,1
management,1
revolutionized,1
laborer,1
marshall,1
presents,1
presidency,1
organized,1
misses,1
wars,1
unshackle,1
heavy,1
total,1
ambitious,1
existence,1
force,1
section,1
complacency,1
generalities,1
believed,1
impact,1
impulse,1
traces,1
welfare,1
broad,1
chief,1
sales,1
lester,1
rendered,1
indefinitely,1
consider,1
downturns,1
age,1
austrian,1
most,1
department,1
brutal,1
fluctuations,1
simply,1
montgomery,1
extensive,1
begins,1
constituted,1
lower,1
bargain,1
fact,1
first,1
institutionalists,1
anything,1
cast,1
gap,1
t,1
sector,1
beyond,1
concentrate,1
efficient,1
useful,1
fill,1
persuasive,1
supported,1
soundness,1
lead,1
ricardo,1
besides,1
problems,1
shaped,1
exploitation,1
court,1
adolph,1
offers,1
here,1
command,1
paul,1
berle,1
projected,1
military,1
figure,1
historians,1
concentrated,1
again,1
investments,1
compliment,1
view,1
refusal,1
mutually,1
put,1
control,1
emerged,1
each,1
books,1
towards,1
advanced,1
england,1
greater,1
nature,1
scientist,1
expressed,1
uses,1
result,1
wagesa,1
friendly,1
tax,1
came,1
including,1
dubs,1
opposition,1
societies,1
endorse,1
fringes,1
did,1
best,1
xii,1
merit,1
areas,1
down,1
villain,1
sloan,1
inherent,1
creative,1
begun,1
wealthy,1
agree,1
merging,1
current,1
critic,1
schumpeterian,1
choice,1
then,1
seven,1
brinkley,1
isolate,1
clearly,1
accounted,1
conservative,1
infrastructure,1
goods,1
radical,1
end,1
carolina,1
state,1
entrepreneurial,1
arthur,1
substantially,1
doubt,1
contends,1
administrations,1
take,1
real,1
protect,1
laureates,1
roosevelt,1
failures,1
embrace,1
term,1
big,1
last,1
blunted,1
academic,1
unions,1
share,1
hand,1
emphasized,1
respond,1
outlook,1
ascent,1
those,1
mars,1
increases,1
equal,1
china,1
discipline,1
purchase,1
cuts,1
behind,1
soviet,1
empire,1
burns,1
income,1
imperfections,1
relevant,1
recently,1
posts,1
unemployment,1
system,1
making,1
moderating,1
suffered,1
plants,1
today,1
employs,1
ports,1
borrowing,1
surrounded,1
keynesian,1
proceed,1
practice,1
record,1
exogenous,1
agricultural,1
alfred,1
spiritual,1
required,1
facilities,1
problem,1
impoverished,1
evinces,1
hopkins,1
balance,1
reflected,1
u,1
recent,1
cleared,1
influenced,1
agriculture,1
rests,1
samuelson,1
aspects,1
smoothing,1
chapter,1
information,1
tobin,1
demonstrated,1
episode,1
kansas,1
faire,1
basis,1
private,1
accounting,1
technologies,1
greatest,1
planning,1
permitted,1
these,1
easier,1
persistently,1
bibliography,1
discovery,1
preclude,1
chiefly,1
level,1
flourishes,1
sides,1
modernizing,1
transport,1
prominent,1
politics,1
point,1
say,1
through,1
far,1
discusses,1
spend,1
participatory,1
reserve,1
subsidies,1
increase,1
became,1
stagnant,1
nation,1
along,1
undoubtedly,1
supreme,1
giving,1
louis,1
contract,1
subject,1
description,1
empirical,1
identifies,1
territory,1
significant,1
use,1
unfortunately,1
describe,1
entrepreneurs,1
operated,1
gardner,1
separating,1
policies,1
demonstrates,1
credentials,1
scarcely,1
people,1
exploit,1
smokescreen,1
neglect,1
while,1
organizing,1
throughout,1
seek,1
away,1
textile,1
question,1
discretionary,1
employed,1
optimistic,1
initiatives,1
theoretical,1
profession,1
capacities,1
monopoly,1
argument,1
won,1
alan,1
years,1
cycle,1
low,1
difference,1
reject,1
reputation,1
cambridge,1
three,1
inflation,1
moral,1
twentieth,1
sprang,1
approach,1
shortcomings,1
institutional,1
comprehensive,1
exaggerates,1
national,1
washington,1
auburn,1
hurt,1
america,1
urge,1
taxation,1
concentrates,1
workers,1
laissez,1
offer,1
individual,1
david,1
modifies,1
controversies,1
correct,1
suffers,1
friedman,1
afflict,1
field,1
direct,1
so,1
reformers,1
roads,1
impeccable,1
restore,1
hyperbole,1
him,1
save,1
things,1
build,1
high,1
century,1
partisanship,1
nobel,1
filled,1
reasonably,1
turn,1
discourse,1
emphasizes,1
adam,1
indulging,1
settlement,1
overlooked,1
fine,1
involved,1
theorists,1
latter,1
increased,1
dismisses,1
talents,1
spent,1
rejecting,1
perspective,1
needs,1
ages,1
specific,1
advisors,1
few,1
highly,1
commentators,1
differently,1
response,1
chapel,1
third,1
eclipse,1
dean,1
research,1
sharpen,1
narrow,1
distinguished,1
respectively,1
rejection,1
left,1
integrate,1
exactly,1
sectors,1
britain,1
corporations,1
era,1
be,1
james,1
early,1
sanguine,1
equipment,1
consumption,1
capitalism,1
instance,1
entire,1
sums,1
abandoned,1
describes,1
strong,1
among,1
robert,1
insists,1
deeply,1
north,1
destruction,1
reforms,1
medicare,1
basically,1
hardly,1
proponent,1
finds,1
doing,1
unexamined,1
uncertain,1
valuable,1
businessmen,1
promising,1
potential,1
justice,1
johnson,1
latin,1
