WORDCOUNTS,WEIGHT
the,229
of,154
and,101
in,86
to,74
a,61
that,46
s,41
as,39
awakening,33
was,32
he,31
his,28
for,28
great,27
american,22
lambert,20
revivals,20
by,19
who,18
had,18
were,18
an,18
they,17
events,17
it,16
their,16
not,16
history,16
this,16
on,16
is,15
but,15
what,15
which,15
religious,15
one,14
from,14
revival,13
more,13
how,12
with,12
new,12
edwards,12
work,11
them,10
at,9
i,9
has,9
through,9
him,9
event,9
or,8
into,8
other,8
p,8
boston,8
early,8
about,7
whitefield,7
also,7
england,7
have,7
between,7
much,7
god,6
culture,6
most,6
revivalists,6
some,6
made,6
own,6
language,6
interest,6
cutler,6
transatlantic,6
whose,5
experience,5
textual,5
are,5
my,5
different,5
book,5
did,5
there,5
accounts,5
march,5
well,5
significance,5
father,5
northampton,5
gura,5
timothy,5
thus,5
awakenings,5
such,5
c,5
be,5
up,5
london,5
no,4
been,4
english,4
then,4
these,4
noted,4
first,4
witchcraft,4
only,4
butler,4
over,4
all,4
many,4
words,4
idea,4
our,4
print,4
subsequent,4
mind,4
readers,4
reviews,4
whether,4
dr,4
narrative,4
books,4
historians,4
sought,4
heimert,4
both,4
example,4
its,4
people,4
would,4
revolution,4
newspapers,4
even,4
may,3
go,3
continued,3
important,3
george,3
himself,3
matter,3
market,3
experiences,3
church,3
frank,3
interpretation,3
devoted,3
jonathan,3
we,3
thought,3
soon,3
joseph,3
under,3
spirit,3
university,3
addressed,3
us,3
before,3
same,3
boyer,3
excitement,3
john,3
two,3
ever,3
invention,3
rev,3
intellectual,3
emerged,3
could,3
any,3
called,3
out,3
getting,3
religion,3
minister,3
rhetoric,3
question,3
those,3
though,3
signs,3
evangelical,3
when,3
local,3
account,3
marked,3
understanding,3
literature,3
treated,3
narratives,3
son,3
nissenbaum,3
reported,3
part,3
whatever,3
questions,3
bishop,3
against,3
author,3
sense,3
d,3
so,3
type,3
given,3
invented,3
revivalism,2
enough,2
bailyn,2
evening,2
press,2
fleet,2
done,2
me,2
providences,2
various,2
later,2
usually,2
bernard,2
indeed,2
anglican,2
goen,2
fiction,2
model,2
presses,2
e,2
consider,2
hopeful,2
scottish,2
rapidly,2
length,2
memorable,2
illustrations,2
construction,2
moreover,2
itself,2
studies,2
interpretive,2
modern,2
importance,2
bad,2
considered,2
stephen,2
river,2
participants,2
believed,2
something,2
ed,2
princeton,2
already,2
serve,2
constituted,2
gillies,2
origins,2
known,2
dubious,2
readings,2
tracy,2
beyond,2
published,2
jon,2
ideas,2
text,2
letters,2
willing,2
here,2
paul,2
prompting,2
quickly,2
suggested,2
might,2
proof,2
addition,2
proponents,2
paper,2
happening,2
offers,2
found,2
post,2
half,2
report,2
editors,2
time,2
described,2
salem,2
allowing,2
carolina,2
preaching,2
historical,2
works,2
sermons,2
faithful,2
person,2
use,2
cultural,2
equal,2
reading,2
where,2
war,2
economy,2
recently,2
side,2
controversy,2
colonies,2
public,2
james,2
encountered,2
america,2
day,2
right,2
almost,2
demonstrated,2
emergent,2
professor,2
story,2
became,2
subject,2
reminded,2
went,2
letter,2
printers,2
writing,2
pamphlets,2
come,2
focuses,2
moderate,2
project,2
finally,2
development,2
open,2
else,2
good,2
instead,2
controversies,2
eighteenth,2
firewood,2
century,2
prospect,2
defined,2
earlier,2
discourse,2
phrase,2
thomas,2
speak,2
moved,2
observation,2
news,2
themselves,2
embarrassment,2
began,2
point,2
philip,2
debate,2
profit,2
christians,2
because,2
among,2
notes,2
asked,2
attention,2
influence,2
termed,2
eagerly,2
community,2
crossroads,1
subsequently,1
increasing,1
woven,1
south,1
alike,1
ued,1
european,1
snatched,1
oxford,1
f,1
does,1
unbeknownst,1
knew,1
defended,1
suggestion,1
bellamy,1
gibson,1
interesting,1
christian,1
possessed,1
topic,1
relationship,1
transform,1
manipulated,1
recognized,1
struggle,1
child,1
mulling,1
grammar,1
middlemen,1
air,1
without,1
common,1
taken,1
evolve,1
act,1
rather,1
fertile,1
concerned,1
links,1
purely,1
crucial,1
generated,1
bastards,1
mark,1
short,1
prospectus,1
drama,1
created,1
debated,1
pinnacle,1
fully,1
drowned,1
barn,1
hill,1
intercolonial,1
salvage,1
inside,1
parent,1
argues,1
episodes,1
brief,1
appreciate,1
widespread,1
primarily,1
hideous,1
notion,1
process,1
mean,1
ength,1
prove,1
massive,1
ward,1
venues,1
pile,1
douglas,1
still,1
template,1
protestant,1
determining,1
penny,1
make,1
inciting,1
degree,1
currency,1
grey,1
connecticut,1
woods,1
contribution,1
commendatory,1
strands,1
boy,1
similar,1
conversion,1
unprecedented,1
premises,1
talk,1
certain,1
told,1
philadelphia,1
fueling,1
variant,1
terms,1
complex,1
squarely,1
displaying,1
special,1
kinds,1
inspired,1
satisfaction,1
ample,1
implementing,1
pp,1
nod,1
existed,1
midst,1
advised,1
spoken,1
awareness,1
word,1
depends,1
authority,1
ministerial,1
causality,1
yet,1
ways,1
contestation,1
h,1
incipient,1
centuries,1
commodities,1
spiritist,1
get,1
reason,1
americans,1
send,1
monthly,1
printer,1
bryan,1
unusual,1
circulated,1
paradigms,1
erudite,1
delineated,1
shift,1
investigate,1
wanted,1
clergy,1
technology,1
grasping,1
prehistory,1
decade,1
prince,1
motive,1
claims,1
multiple,1
seat,1
index,1
acquired,1
ballyhooed,1
intensive,1
occurred,1
bit,1
planned,1
sketches,1
enterprising,1
linked,1
saw,1
light,1
inventions,1
complete,1
adjunct,1
days,1
resides,1
n,1
apostles,1
preface,1
contested,1
acuity,1
grace,1
episcopalian,1
synthetic,1
several,1
argued,1
colonists,1
observations,1
w,1
punctuate,1
grand,1
tapestry,1
women,1
canvassed,1
engaging,1
journalism,1
carries,1
fires,1
emotional,1
simply,1
struck,1
expend,1
said,1
tried,1
fact,1
additional,1
ignite,1
pace,1
either,1
concerning,1
useful,1
cotton,1
testimony,1
chose,1
republishing,1
willingness,1
party,1
every,1
besides,1
oral,1
june,1
creation,1
tour,1
sustained,1
set,1
challenge,1
respected,1
clergymen,1
attempts,1
fell,1
assigned,1
trained,1
again,1
address,1
hire,1
differently,1
ideological,1
recited,1
meaning,1
around,1
powder,1
central,1
alan,1
promoting,1
graduates,1
each,1
ourselves,1
experienced,1
taking,1
opponents,1
literary,1
nature,1
vituperative,1
historiography,1
worth,1
revivify,1
others,1
came,1
expanding,1
based,1
thereupon,1
whom,1
chauncy,1
introduce,1
linkage,1
height,1
seem,1
arrival,1
copy,1
international,1
gone,1
differences,1
best,1
leading,1
laity,1
down,1
wesley,1
critic,1
daily,1
printed,1
sensational,1
begun,1
reasons,1
documents,1
strove,1
wrote,1
current,1
regard,1
narrated,1
judiciousness,1
forces,1
augments,1
relating,1
textuality,1
bogged,1
dramatic,1
children,1
admittedly,1
particularly,1
larger,1
crowd,1
pamphlet,1
issue,1
teeming,1
atlantic,1
hundred,1
fallen,1
mercenary,1
full,1
very,1
earliest,1
written,1
loyalists,1
audience,1
contends,1
friend,1
edward,1
fashion,1
malevolent,1
interpretations,1
observes,1
synthesize,1
disputes,1
display,1
appeared,1
scores,1
last,1
late,1
men,1
places,1
outside,1
took,1
redefined,1
further,1
lions,1
stand,1
affair,1
mr,1
raised,1
noise,1
neighboring,1
ground,1
mary,1
william,1
remarkable,1
understood,1
communities,1
complain,1
revivalist,1
manner,1
discrete,1
promoters,1
pedlar,1
condemning,1
johns,1
overarching,1
developing,1
treat,1
shared,1
setting,1
seventeenth,1
selected,1
eveningpost,1
persons,1
drawn,1
see,1
cause,1
british,1
strategies,1
publicize,1
broadsides,1
forth,1
particular,1
stirred,1
lines,1
moderates,1
energy,1
placed,1
advocates,1
eminent,1
hoped,1
indicates,1
anecdote,1
spiritual,1
recording,1
fox,1
find,1
social,1
radicals,1
wide,1
style,1
duly,1
bonfire,1
waters,1
continuum,1
after,1
hopkins,1
while,1
really,1
charting,1
saying,1
institute,1
skillfully,1
stance,1
publicizing,1
enthusiasm,1
produce,1
institutions,1
charted,1
interpreted,1
nichols,1
vol,1
periodical,1
huge,1
pirit,1
original,1
larm,1
conversation,1
felt,1
possible,1
r,1
ax,1
inveighed,1
remark,1
reprinted,1
authentic,1
hearers,1
wag,1
encounter,1
churches,1
coherent,1
front,1
contradictory,1
throw,1
adroit,1
apprehension,1
contours,1
bibliography,1
handwritten,1
neh,1
start,1
upon,1
factions,1
helps,1
true,1
bittersweet,1
sides,1
writings,1
g,1
unless,1
ill,1
vols,1
conspiratorial,1
supply,1
collections,1
far,1
exchanges,1
divinity,1
gentlemen,1
increase,1
regnant,1
ministers,1
apply,1
republic,1
medium,1
positions,1
caught,1
ten,1
lies,1
context,1
whole,1
extended,1
urging,1
genuine,1
gave,1
treatise,1
tale,1
recounts,1
surprizing,1
encouragement,1
ministry,1
primed,1
place,1
crystallized,1
assume,1
outpouring,1
newsprint,1
demonstrates,1
families,1
challenges,1
vocabulary,1
band,1
conti,1
issues,1
aside,1
edmund,1
long,1
eighteenthcentury,1
think,1
periodicals,1
scion,1
actual,1
colleague,1
et,1
personal,1
promulgating,1
contentious,1
strikingly,1
illustrious,1
excited,1
importantly,1
than,1
elucidates,1
whereupon,1
believes,1
centennial,1
replied,1
evidence,1
until,1
students,1
dickinson,1
spring,1
weaving,1
famously,1
explained,1
used,1
emphases,1
facts,1
difficulties,1
immediate,1
years,1
man,1
low,1
difference,1
reject,1
meanings,1
whetted,1
memoirs,1
discovered,1
z,1
initiated,1
radically,1
patriots,1
stories,1
keg,1
reward,1
numerous,1
september,1
revivifies,1
boosted,1
intend,1
write,1
enlarged,1
neighbours,1
points,1
accept,1
essay,1
publicized,1
affections,1
ut,1
dozen,1
regarded,1
held,1
seminal,1
pejorative,1
individual,1
relations,1
nurture,1
volume,1
needed,1
conforti,1
proand,1
adult,1
caused,1
describing,1
field,1
period,1
need,1
capstones,1
inventing,1
physical,1
blueprint,1
constellation,1
little,1
things,1
seized,1
stage,1
states,1
assured,1
am,1
term,1
immediacy,1
indisputable,1
centrality,1
pietistic,1
effects,1
stages,1
learning,1
affairs,1
mysterious,1
seeks,1
accurate,1
spirits,1
thing,1
eye,1
congregations,1
satan,1
mourning,1
cases,1
quibbles,1
vanities,1
segment,1
involved,1
old,1
increased,1
exchange,1
circulation,1
perspective,1
document,1
patterns,1
davenport,1
burgeoning,1
inclination,1
offered,1
facing,1
charles,1
consisting,1
astounding,1
amount,1
wider,1
pondering,1
although,1
wrestled,1
study,1
priest,1
requires,1
chapel,1
ser,1
six,1
compounded,1
extraordinary,1
plethora,1
young,1
compromise,1
observe,1
relation,1
massachusetts,1
furthers,1
plans,1
clergyman,1
issued,1
britain,1
unsympathetic,1
telling,1
reached,1
truly,1
can,1
fervor,1
compare,1
always,1
managed,1
extravagance,1
outset,1
views,1
explore,1
progress,1
working,1
valley,1
student,1
entire,1
persuaded,1
evangelicals,1
present,1
journal,1
undeniable,1
fellowship,1
souls,1
critique,1
forbear,1
city,1
demonstration,1
comparable,1
commence,1
north,1
recent,1
like,1
quarterly,1
leadership,1
professional,1
codification,1
should,1
resultant,1
mather,1
ago,1
tract,1
generation,1
pot,1
pastor,1
valuable,1
phase,1
fabricated,1
convincingly,1
exponentially,1
concluded,1
stenerson,1
decried,1
battles,1
confluence,1
