WORDCOUNTS,WEIGHT
the,273
of,194
and,132
in,98
a,88
to,85
burns,69
that,57
s,48
history,47
war,39
as,38
his,36
with,34
is,33
he,31
film,29
this,29
on,28
civil,27
for,25
historians,24
p,23
about,22
has,22
an,22
are,21
not,20
american,16
how,15
by,15
have,15
but,14
be,14
at,13
it,13
some,13
its,12
we,12
historical,11
past,11
ken,11
their,10
was,10
all,10
from,10
our,10
or,9
audience,9
i,9
good,9
between,9
can,9
when,9
who,8
one,8
ward,8
had,8
only,8
many,8
great,8
point,8
own,8
much,8
toplin,8
they,7
thelen,7
most,7
social,7
series,7
well,7
sense,7
does,6
blight,6
litwack,6
himself,6
into,6
historian,6
simply,6
might,6
scholars,6
other,6
robert,6
homer,6
narrative,6
woodward,6
story,6
gallagher,6
epic,6
made,6
david,6
will,5
no,5
if,5
been,5
make,5
artist,5
dialogue,5
why,5
essays,5
itself,5
filmmakers,5
family,5
these,5
filmmaker,5
over,5
book,5
new,5
criticisms,5
very,5
never,5
reviews,5
them,5
through,5
medium,5
black,5
foner,5
always,5
would,5
should,5
final,4
interpretation,4
reconstruction,4
her,4
c,4
certain,4
pp,4
us,4
warren,4
too,4
also,4
than,4
military,4
know,4
did,4
poetry,4
what,4
tragedy,4
making,4
deep,4
artistry,4
millions,4
significance,4
work,4
reunion,4
full,4
years,4
vann,4
there,4
write,4
essay,4
so,4
him,4
revolution,4
kind,4
order,4
viewers,4
old,4
especially,4
june,4
even,4
may,3
nation,3
heroic,3
rather,3
still,3
visual,3
feel,3
photographs,3
former,3
university,3
legacies,3
ed,3
w,3
women,3
boritt,3
volume,3
more,3
clinton,3
voices,3
death,3
academy,3
view,3
seems,3
my,3
television,3
camera,3
penn,3
form,3
interview,3
particular,3
material,3
tension,3
public,3
memory,3
account,3
understanding,3
greatest,3
vast,3
success,3
heart,3
press,3
became,3
era,3
use,3
collection,3
drama,3
people,3
writing,3
relies,3
emancipation,3
which,3
were,3
such,3
three,3
points,3
ability,3
like,3
after,3
imagination,3
several,3
gettysburg,3
telling,3
given,3
those,3
describes,3
professional,3
am,3
according,3
society,3
south,2
horror,2
rights,2
battle,2
foote,2
collaborations,2
betrays,2
wishes,2
done,2
matter,2
way,2
indeed,2
service,2
novelists,2
attention,2
represent,2
decades,2
acknowledged,2
fiction,2
e,2
lost,2
didactic,2
men,2
says,2
yankee,2
understand,2
storytellers,2
large,2
iliad,2
put,2
often,2
myth,2
influence,2
confederate,2
oxford,2
moreover,2
trying,2
get,2
americans,2
served,2
studies,2
nor,2
largely,2
modern,2
fought,2
poets,2
sandburg,2
place,2
reconciliation,2
familiar,2
love,2
then,2
grader,2
driven,2
just,2
same,2
morning,2
something,2
biography,2
clear,2
first,2
major,2
author,2
appealing,2
offers,2
interested,2
power,2
films,2
important,2
tyranny,2
pbs,2
meaning,2
conflicts,2
brevetted,2
tendencies,2
union,2
analytical,2
eighth,2
moving,2
reach,2
aftermath,2
stories,2
treatment,2
could,2
contingencies,2
room,2
confederacy,2
inevitably,2
time,2
out,2
deal,2
destined,2
gray,2
end,2
while,2
before,2
take,2
real,2
debt,2
interpretations,2
observes,2
fellow,2
living,2
maker,2
question,2
big,2
merely,2
took,2
hand,2
trouble,2
respond,2
influences,2
mcclellan,2
scholarly,2
numbers,2
racial,2
shared,2
admires,2
america,2
political,2
character,2
shelby,2
however,2
criticizes,2
perhaps,2
college,2
books,2
reconciled,2
thoroughly,2
george,2
episode,2
missed,2
felt,2
politics,2
music,2
oil,2
progress,2
anecdotes,2
popular,2
where,2
contexts,2
both,2
explanation,2
craftsmanship,2
writers,2
must,2
brent,2
formal,2
invited,2
brought,2
little,2
part,2
vision,2
giving,2
enduring,2
needed,2
discussion,2
approach,2
challenges,2
questions,2
maintains,2
white,2
villains,2
employed,2
profession,2
homeric,2
rendered,2
against,2
national,2
grant,2
finally,2
makes,2
interest,2
brand,2
course,2
moment,2
legacy,2
include,2
anyone,2
poetic,2
last,2
whiggish,2
provides,2
demand,2
fan,2
writes,2
chamberlain,2
logic,2
admitting,2
editing,2
qualities,2
admirer,2
victory,2
mantle,2
dramatic,2
poem,2
scholarship,2
truly,2
debate,2
irresistible,2
up,2
journal,2
focus,2
critique,2
need,2
among,2
recent,2
comfortable,2
lincoln,2
doing,2
conversations,2
claim,2
race,2
tragic,2
widely,2
battles,2
nations,1
perfect,1
model,1
picketed,1
carried,1
pack,1
thrashing,1
liberation,1
drawl,1
wounds,1
incongruous,1
fifty,1
ghosts,1
therefore,1
interesting,1
hero,1
verses,1
sentiment,1
fails,1
second,1
o,1
york,1
town,1
whose,1
poethistorian,1
personally,1
understands,1
implications,1
equality,1
jargon,1
footage,1
perspectives,1
terrific,1
inordinate,1
reagan,1
education,1
sins,1
russian,1
materials,1
various,1
she,1
noble,1
declared,1
masterfully,1
provide,1
charm,1
sets,1
later,1
bring,1
crucial,1
within,1
slavery,1
closer,1
commentary,1
tecumseh,1
gratitude,1
strategy,1
amherst,1
complexities,1
imbalance,1
hummed,1
charmed,1
unwilling,1
short,1
wrote,1
expand,1
happy,1
appearances,1
faced,1
telephone,1
deepen,1
dragons,1
talks,1
truth,1
imperatives,1
receptive,1
believable,1
buffs,1
episodes,1
stopped,1
johnston,1
merits,1
nearly,1
blister,1
mediums,1
primarily,1
veterans,1
innocence,1
myself,1
notion,1
earnestness,1
likening,1
neglected,1
mean,1
means,1
dimensions,1
alone,1
whatever,1
gift,1
ears,1
ultimate,1
suffering,1
opportunity,1
bias,1
singing,1
rescue,1
prose,1
h,1
effectively,1
keep,1
proposition,1
appears,1
importantly,1
mrs,1
gabor,1
position,1
sending,1
wilmot,1
unprecedented,1
funeral,1
group,1
movement,1
americanized,1
direct,1
balanced,1
replaced,1
deepest,1
mythology,1
battlefields,1
forget,1
integrity,1
stressed,1
douglass,1
kinds,1
structural,1
filmmaking,1
profoundly,1
responsible,1
conventional,1
nostalgia,1
offering,1
blurs,1
scriptwriter,1
once,1
levies,1
consequences,1
informative,1
see,1
space,1
live,1
interpretive,1
joshua,1
evocative,1
relied,1
cannot,1
griffith,1
ways,1
fields,1
recognized,1
say,1
laymen,1
ponderous,1
sympathy,1
reason,1
complaining,1
determination,1
face,1
utterly,1
represents,1
leave,1
loose,1
relationships,1
romantic,1
sound,1
candidate,1
favor,1
day,1
bad,1
widows,1
flows,1
comic,1
female,1
strawman,1
january,1
seeing,1
technology,1
under,1
outlook,1
mythos,1
grates,1
hours,1
combat,1
immigrants,1
genie,1
genius,1
neither,1
western,1
male,1
harmony,1
historiographical,1
publicly,1
dislikes,1
cover,1
falls,1
contributions,1
quick,1
any,1
legion,1
slanted,1
liberty,1
postmodernism,1
killer,1
footnoted,1
lessons,1
pneumonia,1
imaginations,1
every,1
mary,1
quoted,1
catharsis,1
flaws,1
sheer,1
uplifting,1
tensions,1
window,1
complexity,1
eastern,1
returned,1
acknowledging,1
prevent,1
exchange,1
without,1
appeals,1
textbook,1
artifice,1
ulysses,1
four,1
pedagogical,1
forge,1
worth,1
instructed,1
extensive,1
remembered,1
quotations,1
potential,1
ever,1
said,1
common,1
continues,1
december,1
remarked,1
sit,1
nitpicking,1
vietnam,1
follow,1
t,1
armies,1
agendas,1
present,1
rival,1
profile,1
problems,1
lee,1
storytelling,1
sewell,1
reserving,1
long,1
worst,1
comprehend,1
note,1
fetching,1
carl,1
resolution,1
certainly,1
fire,1
compel,1
name,1
complacent,1
tragedies,1
asks,1
nitpickings,1
answers,1
human,1
unforgettable,1
interests,1
witches,1
odd,1
symington,1
blueblight,1
omission,1
theory,1
care,1
challenge,1
likewise,1
warn,1
frederick,1
m,1
colors,1
shortcoming,1
quickly,1
feeling,1
others,1
dimension,1
rev,1
ruining,1
italics,1
myths,1
reunions,1
hyperbolic,1
lamp,1
expectation,1
pleads,1
letter,1
worked,1
each,1
ballou,1
water,1
nature,1
dictates,1
comparison,1
fit,1
skewed,1
persuasion,1
words,1
gary,1
sons,1
rub,1
novel,1
came,1
leaders,1
whom,1
seem,1
overwhelming,1
pull,1
beguiling,1
absence,1
abilities,1
best,1
blocks,1
verifiable,1
down,1
relates,1
print,1
daily,1
wedded,1
distrustful,1
expense,1
called,1
sullivan,1
guild,1
frye,1
differences,1
developed,1
barbara,1
substance,1
helping,1
tolerance,1
letters,1
craft,1
children,1
achievement,1
confront,1
consulting,1
larger,1
demands,1
job,1
infectious,1
tells,1
contradictory,1
hallway,1
rooms,1
somewhere,1
hundred,1
loud,1
concludes,1
events,1
d,1
hackneyed,1
debates,1
everything,1
inherently,1
enlightened,1
nationalism,1
perching,1
nevertheless,1
lasting,1
captured,1
movie,1
vigorous,1
constantly,1
emotionally,1
declare,1
serious,1
audiences,1
endings,1
rancor,1
representative,1
struggle,1
harrowing,1
inside,1
unsustainable,1
possession,1
embedded,1
academic,1
forgotten,1
readers,1
written,1
stuff,1
terrible,1
precisely,1
beginning,1
scorns,1
metaphor,1
honoring,1
painter,1
unrelentingly,1
staff,1
knows,1
libraries,1
ironically,1
though,1
cultural,1
thickly,1
wit,1
hopelessness,1
defending,1
discipline,1
reading,1
somewhat,1
bill,1
exude,1
villainized,1
evaded,1
noises,1
johns,1
career,1
assess,1
persuasively,1
transmitted,1
farrell,1
forums,1
evenings,1
criticism,1
demanding,1
reconcile,1
michael,1
less,1
namely,1
cause,1
courage,1
abraham,1
issue,1
side,1
meant,1
otherwise,1
proceed,1
scrutinizes,1
resulted,1
rest,1
saving,1
loathe,1
approached,1
project,1
congressman,1
attacked,1
owe,1
rigid,1
enough,1
wide,1
style,1
triumph,1
insightful,1
filter,1
useful,1
fully,1
hopkins,1
voice,1
prophecy,1
going,1
waylaying,1
mass,1
eight,1
sectionalism,1
wants,1
knowingly,1
briefly,1
outlines,1
biographies,1
right,1
chair,1
worthy,1
percent,1
torn,1
jobilluminating,1
afflict,1
fight,1
argues,1
process,1
animated,1
mistakes,1
shrill,1
imagine,1
almost,1
low,1
sentimental,1
lends,1
civilian,1
responses,1
basis,1
recognizing,1
possible,1
future,1
line,1
fatherly,1
authentic,1
manner,1
comfortably,1
sherman,1
you,1
murdering,1
sensitive,1
coronation,1
mutual,1
responding,1
richard,1
providential,1
emphasis,1
presented,1
scheme,1
joseph,1
break,1
emanating,1
chronology,1
nine,1
helps,1
represented,1
engage,1
fine,1
flaw,1
documentary,1
simplification,1
leon,1
aggregate,1
stake,1
combination,1
stiffest,1
embarrassing,1
x,1
individual,1
treating,1
raucous,1
exchanges,1
revolutions,1
relief,1
unify,1
show,1
knowledge,1
geoffrey,1
secret,1
actors,1
mccullough,1
along,1
macaulay,1
herself,1
african,1
chesnut,1
demanded,1
transition,1
lies,1
imbued,1
song,1
murdered,1
unaware,1
assumptions,1
appomattox,1
ignorant,1
appalling,1
feeds,1
left,1
whole,1
sectional,1
cronkite,1
strewn,1
encounter,1
herein,1
paints,1
consistently,1
older,1
international,1
blue,1
reconstruct,1
timid,1
subtleties,1
narrators,1
james,1
allowed,1
issues,1
demonstrates,1
fleeting,1
phenomenon,1
contains,1
diaries,1
shaara,1
accomplishment,1
ideas,1
soldiers,1
repeatedly,1
learns,1
think,1
set,1
conflict,1
central,1
reaching,1
correspondence,1
individuals,1
friction,1
loves,1
come,1
eric,1
chosen,1
review,1
member,1
restraints,1
admirers,1
dependence,1
hampshire,1
complicated,1
students,1
ultimately,1
tell,1
accuracy,1
lame,1
asunder,1
shower,1
used,1
theme,1
instructive,1
deepened,1
score,1
magic,1
birth,1
destruction,1
editor,1
development,1
reveals,1
quality,1
justifiably,1
haunting,1
professor,1
triumphed,1
since,1
defender,1
intensified,1
surrender,1
objective,1
worse,1
moral,1
william,1
applied,1
ushered,1
numerous,1
longterm,1
either,1
informed,1
opts,1
stakes,1
sought,1
language,1
emotive,1
evasions,1
overzealous,1
earth,1
sustain,1
aware,1
counters,1
doctrine,1
formulas,1
remake,1
coedited,1
sat,1
bookstores,1
filmic,1
divergences,1
general,1
least,1
portray,1
although,1
envy,1
legions,1
humor,1
walter,1
sacrificed,1
bums,1
working,1
field,1
subside,1
sweep,1
ashokan,1
pronouncing,1
diminish,1
clumsily,1
insisted,1
angels,1
chose,1
align,1
rooted,1
high,1
writer,1
term,1
century,1
theaters,1
honor,1
farewell,1
next,1
vanished,1
troubled,1
costs,1
held,1
taste,1
destiny,1
head,1
define,1
oracles,1
quite,1
cases,1
defense,1
event,1
imagined,1
forms,1
ignorance,1
brilliant,1
sentence,1
talents,1
transformation,1
openly,1
characters,1
summon,1
returning,1
perspective,1
stranglehold,1
educational,1
moved,1
pageant,1
simpson,1
northrup,1
specific,1
trajectory,1
few,1
profound,1
back,1
portents,1
scripts,1
plea,1
choose,1
revealing,1
accusing,1
eyes,1
catherine,1
requires,1
recrimination,1
publics,1
ninth,1
six,1
attending,1
inspiring,1
consulted,1
become,1
fate,1
massachusetts,1
blunt,1
essentially,1
distinguished,1
compared,1
archival,1
began,1
exquisite,1
conclude,1
reemerge,1
clock,1
junctures,1
scant,1
geographical,1
teach,1
bareheaded,1
enterprise,1
died,1
futility,1
brother,1
excesses,1
postwar,1
explore,1
perverse,1
probably,1
temper,1
necessity,1
eloquently,1
sin,1
look,1
traditional,1
attracted,1
world,1
figures,1
forefront,1
green,1
tones,1
lazy,1
haven,1
sagas,1
deeply,1
amateur,1
notes,1
traditions,1
connections,1
structured,1
attend,1
north,1
solve,1
agenda,1
query,1
building,1
quarter,1
provided,1
hardly,1
defeat,1
finds,1
brooks,1
resources,1
oracular,1
chastize,1
acknowledge,1
narrator,1
generalship,1
jealous,1
disturbing,1
massive,1
enjoy,1
division,1
sincere,1
embraces,1
proviso,1
quarrel,1
flavor,1
