WORDCOUNTS,WEIGHT
the,219
of,173
and,115
in,90
to,83
a,74
as,52
that,43
livingston,43
s,38
for,33
he,28
by,28
james,28
american,25
an,23
his,22
social,21
history,20
pragmatism,19
with,18
is,17
p,17
this,17
than,17
most,13
who,13
capitalism,13
not,12
corporate,12
or,11
these,11
new,11
be,11
it,10
postmodern,10
more,10
intellectual,10
cultural,10
its,10
rather,9
they,9
from,9
historians,9
ideas,9
like,9
marx,9
their,8
one,8
pragmatist,8
at,7
will,7
into,7
production,7
political,7
economy,7
have,7
on,7
would,7
sklar,6
about,6
mumford,6
culture,6
but,6
what,6
both,6
even,6
thus,6
revolution,6
left,6
necessity,6
among,6
class,5
postcapitalists,5
rorty,5
romantic,5
thought,5
any,5
drift,5
capitalists,5
historical,5
philosophical,5
disaccumulation,5
those,5
reviews,5
them,5
terms,5
making,5
particular,5
has,5
account,5
mastery,5
consumer,5
him,5
june,5
between,5
way,4
market,4
lloyd,4
pp,4
modern,4
dewey,4
university,4
historian,4
age,4
only,4
beyond,4
might,4
uses,4
capital,4
did,4
events,4
radical,4
however,4
credit,4
work,4
see,4
arguments,4
hegel,4
surplus,4
development,4
after,4
long,4
self,4
model,3
critics,3
now,3
no,3
been,3
hollinger,3
neighborhood,3
make,3
modes,3
industry,3
analysis,3
studies,3
thesis,3
postmodernism,3
without,3
economic,3
first,3
readings,3
every,3
book,3
attempt,3
are,3
best,3
naturalism,3
time,3
intellectuals,3
contemporary,3
fashion,3
just,3
where,3
material,3
pragmatists,3
america,3
politics,3
made,3
upon,3
part,3
press,3
sensibility,3
against,3
relations,3
good,3
consumption,3
period,3
hegelian,3
thing,3
dreiser,3
realist,3
same,3
single,3
walter,3
texts,3
empiricism,3
present,3
because,3
general,3
finds,3
seems,2
does,2
liberalism,2
led,2
relationship,2
whose,2
act,2
scientific,2
growth,2
analytic,2
brian,2
april,2
explicates,2
revolutionary,2
primarily,2
get,2
republican,2
socialist,2
sponsored,2
movement,2
large,2
peirce,2
appleby,2
positive,2
essays,2
criticism,2
deep,2
hook,2
thomas,2
wherein,2
better,2
latter,2
cartesian,2
share,2
assimilation,2
abandon,2
haskell,2
objectivity,2
eager,2
emergence,2
two,2
department,2
contradiction,2
ever,2
being,2
origins,2
individualist,2
selves,2
death,2
conceived,2
all,2
had,2
efforts,2
shows,2
other,2
capitalist,2
partisans,2
tradition,2
leading,2
formulations,2
appearance,2
desire,2
reads,2
out,2
mind,2
farther,2
very,2
goods,2
review,2
past,2
passage,2
last,2
late,2
readers,2
pure,2
do,2
william,2
marks,2
johns,2
less,2
cannot,2
promise,2
benn,2
narrative,2
method,2
triumph,2
hopkins,2
possibility,2
destroyed,2
local,2
some,2
condition,2
birth,2
move,2
circumstances,2
point,2
through,2
purpose,2
altogether,2
conception,2
liberals,2
subject,2
must,2
assumptions,2
investment,2
michaels,2
joyce,2
realm,2
fit,2
during,2
found,2
ranks,2
idealists,2
while,2
call,2
saw,2
language,2
radicalism,2
such,2
trade,2
points,2
moral,2
modem,2
author,2
finally,2
logic,2
david,2
include,2
need,2
things,2
standpoint,2
managerial,2
martin,2
exchange,2
qualities,2
trusts,2
xvi,2
text,2
managed,2
when,2
comfortably,2
white,2
much,2
we,2
notes,2
consumerism,2
appropriate,2
quarterly,2
value,2
morton,2
knowledge,2
society,2
discernment,1
subsequently,1
hardening,1
response,1
postempiricist,1
horror,1
democracy,1
particularly,1
explanatory,1
defensible,1
blues,1
antipositivist,1
reliable,1
order,1
usable,1
progeny,1
abstracting,1
currently,1
likely,1
republic,1
wishes,1
serviceable,1
power,1
abundance,1
hoopes,1
peers,1
ceremonial,1
german,1
reflects,1
road,1
give,1
transformations,1
onset,1
resides,1
heroism,1
residual,1
hopes,1
materials,1
cotkin,1
continued,1
george,1
science,1
clinton,1
if,1
subjected,1
observers,1
figure,1
meaning,1
domains,1
sidney,1
mccarthy,1
tion,1
december,1
willingly,1
judgments,1
short,1
culturally,1
indeed,1
thoughts,1
scholar,1
practical,1
revival,1
cranky,1
created,1
turning,1
multivalence,1
marginalist,1
program,1
fear,1
hill,1
sort,1
premodern,1
truth,1
represent,1
explain,1
basic,1
corroborates,1
credibility,1
historicism,1
quick,1
exploits,1
colleagues,1
classic,1
profitability,1
dimension,1
bare,1
modernism,1
ordinary,1
presentation,1
notion,1
process,1
disagreements,1
brings,1
province,1
object,1
ills,1
variety,1
noticing,1
off,1
tosses,1
seen,1
smoke,1
signaled,1
eastman,1
still,1
reconstruction,1
opportunity,1
populism,1
itself,1
underlay,1
immodesty,1
assignments,1
economists,1
currency,1
undercut,1
defenses,1
philosophy,1
disregard,1
manages,1
yet,1
upbeat,1
interwar,1
professional,1
unprecedented,1
legitimacy,1
greed,1
authenticity,1
brand,1
relativism,1
highlights,1
versatility,1
strange,1
consolidation,1
kloppenberg,1
doom,1
integrity,1
innovation,1
life,1
commendable,1
qualms,1
kinds,1
structural,1
inspired,1
parade,1
reclaimed,1
nostalgia,1
properly,1
cease,1
adjudges,1
designed,1
testy,1
approve,1
impressed,1
cheery,1
spotlight,1
list,1
frank,1
join,1
once,1
unrepentantly,1
space,1
aspirations,1
uncharacteristic,1
animated,1
expansiveness,1
circumspect,1
formalism,1
forthcoming,1
extol,1
federal,1
proclaimed,1
recognized,1
incipient,1
edifying,1
capstone,1
means,1
proletarianization,1
references,1
sudden,1
determination,1
face,1
read,1
nor,1
interpretive,1
grounded,1
sombart,1
bad,1
old,1
fought,1
outcast,1
proclaims,1
productivity,1
descriptive,1
consider,1
exposes,1
acceptance,1
tentativeness,1
follower,1
vanishes,1
founders,1
us,1
entry,1
comrades,1
enjoys,1
index,1
was,1
perceived,1
character,1
literary,1
seriously,1
habits,1
customized,1
eyewitnesses,1
grounds,1
technics,1
particularities,1
property,1
then,1
liked,1
liberal,1
before,1
ceaseless,1
proposed,1
remedy,1
days,1
spirit,1
idealist,1
something,1
completion,1
placed,1
generally,1
obliqueness,1
result,1
savers,1
continuous,1
postcapitalism,1
words,1
exceptionalism,1
wither,1
grand,1
edge,1
industrial,1
also,1
exodus,1
insights,1
shadow,1
confirmed,1
show,1
deweyans,1
demonstrate,1
agents,1
riverside,1
wear,1
populists,1
expend,1
accumulation,1
despoiler,1
determinants,1
highlighted,1
steadiest,1
nonfoundationalist,1
philosopher,1
scolding,1
revenge,1
known,1
surface,1
either,1
decidedly,1
picture,1
exacted,1
love,1
defines,1
notions,1
separately,1
claims,1
believes,1
charles,1
postcapitalist,1
specifically,1
transformative,1
discipline,1
writing,1
output,1
embrace,1
imprecise,1
preserves,1
endeavors,1
lewis,1
thinkers,1
temperate,1
conditional,1
endangered,1
california,1
vote,1
useful,1
here,1
filters,1
alternative,1
law,1
writes,1
pious,1
commodification,1
endemic,1
founding,1
challenge,1
eugene,1
school,1
ingenuity,1
attempts,1
ripening,1
journey,1
recalls,1
dug,1
squaring,1
entangled,1
interested,1
again,1
positivist,1
investments,1
jinks,1
favorably,1
view,1
over,1
rashly,1
deserves,1
worked,1
equally,1
avenge,1
countercultural,1
corporation,1
redeeming,1
many,1
unproductive,1
readily,1
conduct,1
impervious,1
otherworldliness,1
authority,1
missing,1
proponents,1
expressed,1
troubling,1
standards,1
historiography,1
comedy,1
joins,1
my,1
artists,1
expenditures,1
dramatically,1
distillation,1
socialists,1
expanding,1
company,1
longer,1
expression,1
whom,1
deal,1
identifying,1
idea,1
key,1
available,1
halting,1
regret,1
restrict,1
torture,1
succeeds,1
critic,1
histories,1
public,1
accompanied,1
pushes,1
prior,1
precorporate,1
great,1
dues,1
insists,1
surprised,1
typical,1
current,1
differences,1
defenders,1
reform,1
immodest,1
timing,1
epistemological,1
displaying,1
interdependent,1
underlying,1
maneuver,1
reconciled,1
concurrently,1
years,1
exploiting,1
prim,1
aesthetic,1
keenly,1
trustworthy,1
economics,1
become,1
xiii,1
clearly,1
hear,1
speculation,1
mecca,1
john,1
how,1
suspicions,1
money,1
exuberant,1
launched,1
end,1
carolina,1
crosspurposes,1
pioneer,1
jeopardized,1
festivities,1
commitment,1
build,1
real,1
dally,1
reckoned,1
differed,1
considerable,1
interesting,1
distinctive,1
there,1
conclusion,1
intimations,1
habit,1
folks,1
display,1
serious,1
vision,1
works,1
yearning,1
living,1
celebrates,1
execute,1
smuggle,1
big,1
pushing,1
commercialism,1
concrete,1
turned,1
outside,1
experience,1
postenlightened,1
greeted,1
stand,1
believed,1
learn,1
outset,1
blowing,1
proprietary,1
progenitor,1
webs,1
though,1
equal,1
surely,1
decried,1
day,1
effective,1
reading,1
somewhat,1
touted,1
theodore,1
metaphors,1
ambitions,1
grundrisse,1
preference,1
purposes,1
equate,1
indirect,1
treat,1
circles,1
accepted,1
establish,1
income,1
tragedy,1
aim,1
blast,1
neither,1
equals,1
form,1
cohorts,1
discord,1
notebooks,1
system,1
british,1
rebellion,1
case,1
ideological,1
want,1
involvement,1
revolt,1
duties,1
otherwise,1
hippie,1
conviction,1
maturity,1
postmodernist,1
swells,1
advocates,1
brief,1
lens,1
validate,1
linguistic,1
destroys,1
cavorting,1
anecdote,1
perform,1
laborers,1
narrate,1
plain,1
successor,1
belief,1
historicists,1
assorted,1
ethnocentric,1
manifesto,1
tightly,1
ignoring,1
problem,1
assertions,1
albeit,1
style,1
glitz,1
draws,1
advice,1
characterizes,1
notoriety,1
hegelians,1
going,1
interdependence,1
engine,1
reason,1
hippies,1
right,1
conventionally,1
premised,1
undermined,1
degree,1
reserve,1
embeddedness,1
shape,1
identical,1
classical,1
argues,1
gunn,1
vol,1
ingrained,1
antiformalist,1
none,1
original,1
discredits,1
olivier,1
bigness,1
felt,1
recognizing,1
possible,1
genre,1
future,1
private,1
compelling,1
understanding,1
prospect,1
contingent,1
subaltern,1
used,1
categories,1
cheerfully,1
discussion,1
translated,1
afterglow,1
establishing,1
skepticism,1
subjectivity,1
already,1
chiefly,1
richard,1
level,1
earns,1
haight,1
postmodernists,1
demonstrating,1
attentive,1
imagined,1
reader,1
concept,1
concludes,1
brought,1
combination,1
giles,1
staged,1
say,1
except,1
extracted,1
far,1
virtues,1
owners,1
example,1
previously,1
stratocasters,1
laws,1
unfinished,1
apparent,1
dynamic,1
lippmann,1
role,1
nation,1
personality,1
inaugurated,1
marketplace,1
solemn,1
himself,1
identity,1
stores,1
intended,1
looked,1
transition,1
rendering,1
step,1
got,1
creative,1
adapted,1
measure,1
confidence,1
authentically,1
substance,1
complement,1
tale,1
contribute,1
liberated,1
derrida,1
fail,1
inventions,1
expansive,1
constitute,1
affirmed,1
absolute,1
hartz,1
bill,1
prominently,1
succeed,1
exist,1
labor,1
september,1
think,1
dispense,1
actual,1
goal,1
staid,1
max,1
rewarding,1
nothing,1
dismissal,1
includes,1
trust,1
which,1
were,1
recounting,1
spends,1
sees,1
gold,1
propositions,1
outdistancing,1
reflect,1
producer,1
may,1
sundry,1
corollary,1
promoted,1
necessarily,1
completes,1
defies,1
evidence,1
influx,1
scrutinized,1
showing,1
project,1
weakened,1
commercial,1
argument,1
monetary,1
utopian,1
hostility,1
ethical,1
industrialization,1
significance,1
own,1
slighting,1
wheat,1
discovered,1
since,1
equates,1
accumulate,1
provoked,1
reality,1
pursuit,1
adding,1
approach,1
shortcomings,1
welcomed,1
t,1
talk,1
naturalists,1
national,1
publication,1
incredibility,1
g,1
movies,1
profession,1
agreement,1
discursive,1
personify,1
offing,1
makes,1
explaining,1
urge,1
crisis,1
someone,1
momentous,1
characteristic,1
published,1
mark,1
occasion,1
moment,1
converts,1
christopher,1
grown,1
commerce,1
admirer,1
suffers,1
realism,1
isolating,1
hard,1
idiom,1
conducted,1
rigorously,1
spread,1
definitively,1
prodigious,1
so,1
inscriplloyd,1
embattled,1
summer,1
tollgate,1
straight,1
high,1
barrier,1
century,1
sketching,1
expected,1
serves,1
distinction,1
investors,1
centrality,1
procorporate,1
piece,1
kind,1
wing,1
seeks,1
democrats,1
practiced,1
plentiful,1
phenomenology,1
inaugurates,1
factories,1
amorphous,1
emerging,1
event,1
fusing,1
developments,1
pretensions,1
definitive,1
selfhood,1
campaign,1
never,1
small,1
undertaken,1
historicist,1
dominick,1
indictment,1
robert,1
needs,1
lasch,1
weighty,1
graves,1
leads,1
specific,1
labels,1
comparing,1
somehow,1
portents,1
article,1
archimedean,1
replace,1
tragedian,1
pioneering,1
realists,1
deciding,1
narrating,1
passages,1
substitute,1
distinctions,1
chapel,1
tenor,1
straining,1
miserable,1
attending,1
generated,1
overpowers,1
newsletter,1
invaluable,1
relation,1
narrow,1
denote,1
assa,1
marxist,1
respectively,1
characterization,1
exactly,1
banking,1
witnessed,1
negotiate,1
forms,1
foremost,1
can,1
find,1
coincidentally,1
structure,1
prerogatives,1
westbrook,1
raised,1
former,1
seeking,1
lacapra,1
landmark,1
probably,1
label,1
residue,1
analyze,1
story,1
pays,1
equivalent,1
look,1
permutations,1
heir,1
transhistorical,1
critique,1
paid,1
conventions,1
save,1
artisanal,1
hearty,1
seek,1
empiricist,1
north,1
connections,1
fuzzy,1
mercantile,1
acquire,1
animating,1
should,1
delineate,1
understood,1
carefree,1
displaced,1
generation,1
bygone,1
documentable,1
representational,1
frankly,1
marxism,1
close,1
master,1
october,1
vividly,1
reducing,1
restore,1
scholars,1
cites,1
odd,1
zunz,1
decision,1
mugwump,1
performing,1
pope,1
leftist,1
certainly,1
unwittingly,1
poverty,1
standard,1
reigns,1
