WORDCOUNTS,WEIGHT
the,244
of,141
and,119
in,83
to,51
a,41
american,31
as,31
s,25
right,25
p,23
with,22
or,21
rural,21
for,20
that,19
is,18
history,18
from,18
not,16
radical,16
stock,15
political,14
were,14
was,13
an,13
politics,12
than,12
they,11
their,11
horowitz,11
on,11
by,11
war,10
producer,10
new,9
radicals,9
lafollette,8
into,8
social,8
robert,8
most,8
so,8
ribuffo,8
left,8
it,7
he,7
who,7
about,7
old,7
but,7
pluralist,7
klan,7
cultural,7
extremism,7
this,7
she,6
his,6
movements,6
yet,6
progressives,6
party,6
also,6
far,6
reviews,6
conservatism,6
ku,6
which,6
klux,6
spectrum,6
states,6
pluralists,6
be,6
ethic,5
second,5
americans,5
whose,5
rather,5
gerald,5
united,5
these,5
only,5
beyond,5
more,5
other,5
ii,5
insurgents,5
december,5
time,5
angry,5
contemporary,5
those,5
william,5
see,5
historians,5
well,5
conservatives,5
some,5
leo,5
example,5
during,5
people,5
have,5
lipset,5
david,5
although,5
would,5
especially,5
even,5
world,5
at,4
now,4
nation,4
century,4
no,4
hofstadter,4
way,4
george,4
one,4
often,4
scholarship,4
university,4
smith,4
are,4
long,4
important,4
over,4
many,4
had,4
populists,4
called,4
john,4
men,4
latest,4
less,4
evangelical,4
urban,4
since,4
content,4
mcveigh,4
fit,4
has,4
such,4
against,4
liberals,4
review,4
period,4
small,4
between,4
mccarthy,4
women,4
when,4
conspiracy,4
general,4
does,3
what,3
winrod,3
reagan,3
rev,3
economic,3
groups,3
taft,3
populist,3
still,3
great,3
studies,3
label,3
michael,3
violence,3
case,3
country,3
ed,3
must,3
coughlin,3
first,3
members,3
jackson,3
borah,3
socialists,3
book,3
sexy,3
did,3
agrarian,3
vigilantism,3
cities,3
historical,3
culture,3
term,3
big,3
though,3
where,3
until,3
accounts,3
radicalism,3
perhaps,3
theory,3
america,3
remained,3
local,3
almost,3
labels,3
made,3
values,3
fundamentalist,3
bell,3
timothy,3
press,3
glazer,3
gender,3
out,3
much,3
come,3
theories,3
status,3
three,3
same,3
deal,3
deals,3
state,3
typically,3
cold,3
seymour,3
progressive,3
standard,3
martin,3
communists,3
faith,3
supported,3
few,3
vigilantes,3
charles,3
do,3
all,3
early,3
through,3
city,3
insurgent,3
generation,3
race,3
society,3
themes,2
opposed,2
order,2
insurgency,2
town,2
note,2
without,2
been,2
foreign,2
generous,2
indeed,2
result,2
kind,2
legitimate,2
model,2
becomes,2
april,2
fdr,2
after,2
movement,2
before,2
religious,2
life,2
class,2
white,2
earl,2
republicans,2
frontier,2
ways,2
mcnicol,2
itself,2
category,2
pp,2
extremists,2
joseph,2
under,2
extremist,2
neither,2
index,2
birch,2
included,2
policies,2
then,2
any,2
sr,2
just,2
welfare,2
broad,2
chief,2
twentiethcentury,2
two,2
adjective,2
begins,2
said,2
dissident,2
policy,2
office,2
sources,2
decades,2
if,2
senators,2
odd,2
dominant,2
frederick,2
why,2
nationalists,2
might,2
appear,2
familiar,2
squeeze,2
hoover,2
problem,2
shows,2
geoffrey,2
righteous,2
wars,2
scholars,2
leaders,2
current,2
citizens,2
ideology,2
government,2
intellectuals,2
international,2
end,2
written,2
religion,2
while,2
survey,2
differed,2
i,2
there,2
works,2
surprised,2
better,2
academic,2
readers,2
goldwater,2
born,2
daniel,2
accepted,2
context,2
them,2
population,2
form,2
list,2
followers,2
rebellion,2
yielded,2
unreason,2
near,2
native,2
books,2
find,2
huey,2
style,2
threats,2
u,2
expressions,2
aspects,2
provincial,2
theological,2
red,2
synonym,2
determined,2
sordid,2
father,2
league,2
explanation,2
richard,2
concept,2
barry,2
prominent,2
including,2
despite,2
civil,2
show,2
actors,2
intolerance,2
nonpartisan,2
identity,2
administration,2
therefore,2
probably,2
perot,2
ross,2
mccarthyites,2
rogin,2
ideas,2
figures,2
scare,2
norbeck,2
our,2
call,2
issues,2
sensibility,2
rage,2
rejected,2
hollywood,2
raab,2
grassroots,2
moral,2
twentieth,2
write,2
movies,2
catherine,2
author,2
peter,2
interest,2
vigilante,2
held,2
instead,2
should,2
ungrounded,2
idiom,2
anger,2
protest,2
m,2
senator,2
militant,2
earlier,2
misunderstanding,2
last,2
provides,2
nor,2
theorists,2
latter,2
melodious,2
several,2
isolationists,2
parallel,2
depression,2
themselves,2
c,2
norris,2
foremost,2
can,2
alliances,2
debate,2
consumption,2
capitalism,2
slightly,2
because,2
lockport,2
among,2
wallace,2
comparable,2
cosmopolitan,2
notes,2
pelley,2
ago,2
attention,2
moved,2
paranoid,2
grasp,2
johnson,1
survived,1
typified,1
drawing,1
exponents,1
countryside,1
frequent,1
dealing,1
owning,1
pluralism,1
will,1
explanatory,1
excessively,1
go,1
biography,1
mid,1
brinkley,1
trod,1
operation,1
undifferentiated,1
supplements,1
lyrical,1
reshuffling,1
formulated,1
liberalism,1
assaulting,1
christian,1
committed,1
thwarted,1
high,1
posse,1
sorts,1
racism,1
sword,1
militancy,1
situation,1
rebel,1
wichita,1
flexibly,1
positions,1
preworld,1
bureau,1
difficult,1
science,1
protests,1
bureaucrats,1
section,1
bulk,1
sometimes,1
kenneth,1
paul,1
l,1
usually,1
misleadingly,1
five,1
threadbare,1
amherst,1
federal,1
main,1
lynn,1
sunday,1
judgments,1
know,1
recapture,1
models,1
practical,1
activists,1
erstwhile,1
immune,1
stop,1
created,1
ready,1
xii,1
expansion,1
paranoids,1
both,1
prosperity,1
provincialism,1
culminated,1
successes,1
deserve,1
motivated,1
extreme,1
supplant,1
onward,1
writers,1
classic,1
synonyms,1
brief,1
exist,1
antiestablishment,1
ordinary,1
hubert,1
reconfigured,1
worthy,1
exception,1
connection,1
independence,1
elections,1
allen,1
killing,1
antifederalists,1
considerably,1
judgment,1
harry,1
imperialism,1
arm,1
says,1
began,1
mainstream,1
anyone,1
resolved,1
experiences,1
research,1
standing,1
initially,1
anxiety,1
talk,1
brand,1
modes,1
anxious,1
derived,1
countries,1
none,1
fall,1
arrayed,1
doubted,1
special,1
reaches,1
enacted,1
k,1
produced,1
sloth,1
specific,1
cosmopolitanism,1
mundt,1
represents,1
worked,1
advised,1
guide,1
congressional,1
practicing,1
chronicle,1
cut,1
reminiscent,1
simultaneous,1
moreover,1
moves,1
mother,1
empathy,1
portrayed,1
centuries,1
antistatism,1
instances,1
atmosphere,1
regulators,1
coalition,1
problematical,1
extraneous,1
understand,1
democrats,1
easily,1
settled,1
read,1
accident,1
york,1
marginal,1
presidential,1
interpretive,1
we,1
ronald,1
confessed,1
estes,1
militia,1
regularly,1
wanted,1
seeing,1
twenties,1
diffuse,1
fifth,1
god,1
consider,1
locally,1
isolationism,1
matters,1
j,1
fervent,1
entry,1
periods,1
marred,1
talking,1
skepticism,1
compiled,1
allies,1
definition,1
historiographical,1
publicly,1
celebrationists,1
participants,1
occurred,1
usual,1
emergence,1
lure,1
thinking,1
liberal,1
bombing,1
devotes,1
liberties,1
edition,1
watson,1
conceding,1
lax,1
ideologies,1
lord,1
standards,1
impact,1
shays,1
broke,1
traces,1
gradually,1
bricker,1
sorting,1
nonetheless,1
antisemitic,1
source,1
fare,1
rhetoric,1
xi,1
advancing,1
summer,1
four,1
raucous,1
department,1
congress,1
brandon,1
struck,1
democratic,1
put,1
evaluations,1
nationalism,1
moments,1
boil,1
consistent,1
shorter,1
continues,1
anything,1
cast,1
kazin,1
t,1
combination,1
concerning,1
considers,1
dealers,1
divisions,1
useful,1
protagonists,1
february,1
consensus,1
coalesced,1
wrong,1
blacks,1
langer,1
superior,1
turner,1
buffalo,1
certainly,1
terminology,1
lewis,1
creation,1
disdain,1
begin,1
regeneration,1
clinton,1
production,1
leitmotif,1
subsidiary,1
chronicles,1
interests,1
established,1
goldwaterite,1
petered,1
essays,1
concludes,1
power,1
bright,1
forty,1
quickly,1
accessorized,1
concentrated,1
again,1
address,1
centrists,1
appalled,1
teenager,1
advocated,1
grange,1
capitalists,1
similarly,1
conflicts,1
alan,1
permanently,1
towns,1
principle,1
mindedness,1
motifs,1
engaged,1
holdings,1
patman,1
scares,1
union,1
unproductive,1
opponents,1
greater,1
official,1
somethings,1
paper,1
renovation,1
uses,1
herbert,1
officials,1
usefulness,1
historiography,1
joins,1
advance,1
best,1
subject,1
longer,1
americanism,1
acting,1
noisy,1
opposition,1
seem,1
questioned,1
nothing,1
interred,1
loved,1
rituals,1
differences,1
leading,1
ubiquitous,1
secondary,1
down,1
nineteenth,1
advantage,1
occasionally,1
supplemented,1
histories,1
suggesting,1
across,1
conservative,1
centered,1
cole,1
search,1
simple,1
hooded,1
match,1
klans,1
nathan,1
sundry,1
essence,1
reform,1
vicious,1
stood,1
coming,1
replicates,1
skeptics,1
sloppy,1
relating,1
owned,1
lacks,1
nineteen,1
centers,1
exterminate,1
agrees,1
really,1
stereotype,1
job,1
warning,1
contradictory,1
urbane,1
believes,1
cornell,1
dislike,1
pass,1
events,1
goods,1
carolina,1
productive,1
ironically,1
aloof,1
murrah,1
claimed,1
stretch,1
crusade,1
jacksonians,1
help,1
past,1
protect,1
enlarged,1
folks,1
advocacy,1
sanctioned,1
enhanced,1
fear,1
hill,1
courant,1
places,1
took,1
qualitatively,1
path,1
fourth,1
use,1
concepts,1
outset,1
specter,1
heirs,1
tradition,1
supporters,1
chain,1
equal,1
virtual,1
let,1
welch,1
federalists,1
displayed,1
secular,1
johns,1
qualifies,1
leonard,1
harassment,1
treat,1
censorship,1
seventeenth,1
orthodoxy,1
whether,1
relevant,1
karl,1
majority,1
terms,1
nationalist,1
aiding,1
suburb,1
ideological,1
boys,1
evaluation,1
particular,1
side,1
dance,1
lemke,1
era,1
lindbergh,1
nearby,1
whiskey,1
attitude,1
fashionable,1
disliked,1
however,1
covers,1
volatile,1
march,1
common,1
plains,1
excusable,1
alfred,1
touch,1
wright,1
mere,1
fondness,1
insufficiently,1
writes,1
reluctantly,1
applied,1
ignoring,1
alliteration,1
applying,1
king,1
method,1
discos,1
appropriated,1
triumph,1
woodward,1
insightful,1
counterpart,1
her,1
patriarchy,1
hopkins,1
purports,1
wayne,1
hiram,1
wants,1
indulged,1
moralists,1
precursor,1
pertinent,1
convenient,1
west,1
mormons,1
alexander,1
cloth,1
violent,1
representatives,1
specifically,1
enslavement,1
account,1
sounded,1
views,1
unions,1
covenant,1
kansas,1
credit,1
paradoxes,1
protesters,1
greatest,1
correctly,1
flourish,1
comfortably,1
used,1
categories,1
travel,1
whom,1
fourteen,1
work,1
strain,1
felt,1
incorporation,1
mccarthyism,1
robertson,1
suburbs,1
may,1
residents,1
solid,1
suggests,1
sanction,1
industrial,1
bibliography,1
role,1
manorial,1
flank,1
preferred,1
birchers,1
voted,1
fine,1
flaw,1
heterosexuality,1
psychological,1
thereby,1
little,1
conceptual,1
understanding,1
misconstrue,1
discusses,1
establishment,1
census,1
place,1
strongest,1
humphrey,1
stickney,1
alienated,1
along,1
its,1
celebration,1
protestant,1
stores,1
concern,1
description,1
traditional,1
highlight,1
empirical,1
simply,1
aptly,1
adapted,1
vamps,1
impulses,1
stirring,1
strand,1
unfortunately,1
lights,1
older,1
nye,1
oppose,1
protestants,1
behavior,1
kefauver,1
references,1
colonial,1
collective,1
rebels,1
constitute,1
obsessed,1
framework,1
twin,1
extraordinarily,1
au,1
labor,1
questions,1
baseball,1
ethnic,1
runs,1
trend,1
stunning,1
central,1
story,1
business,1
real,1
thus,1
distrusted,1
andrew,1
services,1
continue,1
centralized,1
reinforced,1
franklin,1
personal,1
denunciations,1
regions,1
burger,1
legislation,1
caricatured,1
necessarily,1
synthetic,1
ultimately,1
folklore,1
xviii,1
shown,1
theoretical,1
garb,1
carter,1
examines,1
youth,1
explained,1
north,1
won,1
years,1
foes,1
careers,1
washington,1
vann,1
urbana,1
trends,1
leads,1
illinois,1
modem,1
flamboyant,1
beliefs,1
relying,1
unauthorized,1
piecemeal,1
truman,1
agent,1
riesman,1
essay,1
crisis,1
good,1
center,1
roosevelt,1
informal,1
published,1
contributed,1
viewing,1
democrat,1
defense,1
least,1
protestantism,1
include,1
organized,1
sense,1
judges,1
land,1
characterized,1
like,1
building,1
hard,1
jr,1
measures,1
adherents,1
revisionist,1
tom,1
vital,1
dubbed,1
countersubversive,1
risen,1
justus,1
played,1
dudley,1
serves,1
already,1
adequacy,1
oriented,1
illuminati,1
politically,1
mountain,1
interprets,1
homogenized,1
wing,1
dislikes,1
bacon,1
joined,1
phrase,1
slaves,1
comitatus,1
chalmers,1
late,1
favored,1
ranged,1
mistakes,1
pages,1
showed,1
affluent,1
keep,1
influence,1
moralistic,1
coolidge,1
inclination,1
offered,1
ignore,1
simplification,1
apportioned,1
internal,1
starring,1
feelings,1
pioneering,1
trying,1
organizations,1
ithaca,1
settle,1
jeffersonians,1
assumed,1
designating,1
eclipse,1
isolated,1
lines,1
stylish,1
peak,1
monster,1
sensible,1
emphasized,1
anticommunism,1
compared,1
archival,1
amalgam,1
rejection,1
preston,1
third,1
single,1
yesterday,1
venting,1
philip,1
become,1
farmers,1
postwar,1
flip,1
progress,1
looks,1
mix,1
differ,1
unresolved,1
pat,1
southwest,1
journal,1
look,1
bennett,1
slosson,1
attracted,1
overlapped,1
hyperbole,1
describes,1
candidacy,1
grain,1
doenecke,1
save,1
green,1
oklahoma,1
frazier,1
knows,1
deeply,1
capitol,1
remains,1
crumble,1
governor,1
wholly,1
stick,1
reformers,1
successive,1
finds,1
nativists,1
turnerian,1
shifted,1
roles,1
regressive,1
goldwaterites,1
actions,1
elective,1
overstates,1
activities,1
error,1
bolstered,1
admirable,1
scholarly,1
champion,1
bigotry,1
moore,1
decided,1
calvin,1
overlapping,1
