WORDCOUNTS,WEIGHT
the,141
of,125
and,114
to,70
in,61
environmental,55
a,48
hays,45
as,35
history,29
that,27
for,23
his,22
these,22
by,21
have,21
from,20
this,20
s,19
which,19
on,18
their,17
he,16
american,16
more,16
an,16
with,15
has,15
or,14
into,13
over,12
values,12
at,11
nature,11
new,11
those,11
than,11
not,10
about,10
is,10
but,10
human,10
rights,9
what,9
historians,9
politics,9
environmentalists,9
environmentalism,9
much,9
how,8
political,8
our,8
health,8
even,8
may,7
just,7
most,7
are,7
sellers,7
so,7
among,7
often,6
essays,6
toward,6
others,6
other,6
only,6
postwar,6
we,6
it,5
no,5
remain,5
they,5
movement,5
life,5
class,5
culture,5
economic,5
too,5
many,5
narrative,5
while,5
well,5
through,5
issues,5
people,5
samuel,5
consumption,5
century,5
perspective,5
concerns,5
patterson,5
recent,5
will,4
been,4
activists,4
who,4
still,4
conservation,4
was,4
its,4
historian,4
powerful,4
also,4
decades,4
all,4
opposition,4
together,4
contemporary,4
last,4
readers,4
further,4
differences,4
where,4
reviews,4
less,4
middle,4
upon,4
along,4
pollution,4
environmentalist,4
quality,4
explorations,4
own,4
like,4
period,4
can,4
be,4
when,4
model,3
limits,3
without,3
science,3
if,3
lines,3
itself,3
make,3
ecological,3
changes,3
forest,3
university,3
elsewhere,3
shifting,3
argued,3
increasingly,3
first,3
claims,3
production,3
here,3
had,3
seem,3
historical,3
desire,3
current,3
p,3
past,3
do,3
economy,3
recently,3
era,3
proven,3
public,3
march,3
some,3
emphasis,3
justice,3
both,3
point,3
progress,3
press,3
nation,3
call,3
aesthetic,3
however,3
such,3
grassroots,3
essay,3
experts,3
christopher,3
permanence,3
provides,3
colleagues,3
why,3
especially,3
between,3
distinctions,3
beauty,3
society,3
ask,2
risk,2
wildavsky,2
laura,2
threatened,2
battle,2
now,2
mostly,2
americans,2
today,2
changing,2
mcgurty,2
act,2
bureaucrats,2
scientific,2
ways,2
himself,2
pittsburgh,2
service,2
fewer,2
robert,2
suburban,2
considerably,2
notably,2
experiences,2
entirely,2
transformation,2
importance,2
terms,2
conflicts,2
mythology,2
special,2
expectations,2
united,2
sweeping,2
h,2
references,2
imperialism,2
matters,2
western,2
environment,2
organized,2
any,2
mary,2
version,2
grand,2
narratives,2
women,2
rise,2
either,2
beyond,2
sources,2
members,2
subjects,2
shifted,2
set,2
natural,2
sixties,2
intellectual,2
asserts,2
whereas,2
ranchers,2
analytical,2
paper,2
legislative,2
towards,2
latent,2
global,2
industry,2
scholars,2
leaders,2
found,2
search,2
out,2
events,2
debates,2
survey,2
take,2
evolving,2
wants,2
maslow,2
c,2
struggles,2
sierra,2
rhetoric,2
lead,2
places,2
patterns,2
state,2
journalists,2
cultural,2
according,2
war,2
gottlieb,2
newfound,2
them,2
nowhere,2
case,2
abraham,2
issue,2
younger,2
otherwise,2
blind,2
material,2
placed,2
advocates,2
shifts,2
sought,2
rests,2
pursued,2
agenda,2
interpreting,2
almost,2
demands,2
journals,2
work,2
wilderness,2
popular,2
douglas,2
made,2
varieties,2
consumers,2
emergent,2
sides,2
amish,2
beck,2
civil,2
revolutions,2
laws,2
aspirations,2
nonhuman,2
focus,2
place,2
mid,2
writing,2
questions,2
waves,2
come,2
sees,2
states,2
ulrich,2
argument,2
years,2
gender,2
eileen,2
points,2
mode,2
change,2
offer,2
club,2
land,2
shared,2
fellow,2
insisted,2
revolution,2
stage,2
trading,2
after,2
keenly,2
desires,2
involved,2
long,2
small,2
needs,2
blacks,2
resists,2
aaron,2
consumer,2
governments,2
single,2
james,2
within,2
would,2
white,2
little,2
journal,2
proper,2
details,2
notes,2
private,2
professional,2
broader,2
embodied,2
hardly,2
pulido,2
race,2
activities,2
fails,1
chronological,1
ideals,1
entitled,1
rachel,1
locates,1
surroundings,1
critical,1
surging,1
landscapes,1
margins,1
acutely,1
suggestion,1
modernization,1
pages,1
discussing,1
requires,1
features,1
pretechnological,1
depiction,1
currently,1
panoramic,1
racism,1
pivotal,1
wishes,1
else,1
york,1
keys,1
contest,1
declaration,1
humans,1
deprives,1
perspectives,1
moves,1
myriad,1
ethics,1
common,1
fraction,1
screaming,1
affinities,1
george,1
rather,1
primitive,1
sometimes,1
crucial,1
relax,1
generated,1
catalyze,1
prescientific,1
arenas,1
nixonian,1
names,1
blanket,1
absent,1
arising,1
vision,1
strives,1
impressive,1
informing,1
question,1
created,1
commitment,1
prose,1
exploring,1
sort,1
frequent,1
limited,1
organizing,1
dangers,1
play,1
career,1
schemes,1
market,1
return,1
address,1
clashing,1
onward,1
episodes,1
brief,1
forward,1
levels,1
urges,1
college,1
widespread,1
nearly,1
fathoming,1
rendering,1
pierce,1
notion,1
affirming,1
difficult,1
success,1
trumpeted,1
aiming,1
reigning,1
off,1
community,1
seen,1
teaches,1
detailed,1
opportunity,1
succession,1
ii,1
tools,1
appear,1
intervention,1
mainstream,1
ties,1
conceived,1
unfold,1
germ,1
legal,1
flexible,1
inquiry,1
developers,1
supposed,1
talk,1
group,1
brand,1
center,1
leave,1
enables,1
expert,1
stimulated,1
degradations,1
comprised,1
body,1
touched,1
contributions,1
selection,1
rehearsing,1
insistence,1
devastatingly,1
spectacular,1
kicking,1
enabled,1
danger,1
hierarchical,1
analysis,1
distant,1
undoubtedly,1
origins,1
animals,1
once,1
thrusting,1
consequences,1
panoply,1
alive,1
moreover,1
absorbed,1
distinguishing,1
education,1
addressing,1
yet,1
federal,1
sympathies,1
constitute,1
interpretation,1
tale,1
january,1
reference,1
obscurity,1
restrictively,1
lives,1
greenhouse,1
addition,1
marshes,1
articles,1
warring,1
pp,1
anxieties,1
perceptions,1
biases,1
marginal,1
plants,1
suspicious,1
shift,1
monumental,1
notwithstanding,1
counterparts,1
better,1
want,1
later,1
wanted,1
slowness,1
under,1
realities,1
plural,1
goals,1
suprahistorical,1
acceptance,1
forests,1
policy,1
selective,1
us,1
explicable,1
thesis,1
index,1
school,1
seems,1
allies,1
pose,1
neatness,1
earliest,1
included,1
present,1
then,1
fifteen,1
adjusted,1
transformations,1
before,1
devotes,1
driven,1
singular,1
males,1
accomplishments,1
air,1
constrain,1
something,1
impact,1
radical,1
traces,1
distracts,1
articulated,1
lenses,1
ed,1
conclusion,1
attuned,1
colonial,1
doused,1
culled,1
acknowledging,1
tread,1
comparison,1
umbrella,1
odds,1
provocative,1
themes,1
two,1
simply,1
experienced,1
superior,1
ever,1
bemoaning,1
satisfying,1
boil,1
cognizant,1
resource,1
anything,1
stark,1
theme,1
depart,1
pains,1
scrutiny,1
precise,1
reductive,1
social,1
protection,1
considers,1
skillful,1
boring,1
heedful,1
cherish,1
volume,1
persuasive,1
aspire,1
journalistic,1
synthesizing,1
every,1
endured,1
embraced,1
starting,1
misread,1
leader,1
spins,1
dovetail,1
spring,1
voices,1
law,1
neo,1
exclusive,1
potential,1
ronald,1
helped,1
syntheses,1
steady,1
give,1
popularity,1
taken,1
military,1
motivations,1
dimension,1
motivation,1
treatment,1
stands,1
myths,1
refusal,1
progression,1
deserves,1
meaning,1
vanished,1
preoccupied,1
dissects,1
control,1
reputed,1
each,1
unrivaled,1
avenue,1
sure,1
challenges,1
greater,1
water,1
producerist,1
opening,1
chemicals,1
havoc,1
hatched,1
drawn,1
parties,1
dramatically,1
suggestions,1
handling,1
came,1
halfcentury,1
longer,1
suburbs,1
identifying,1
connection,1
setting,1
height,1
offers,1
available,1
believe,1
wide,1
unambiguously,1
continue,1
did,1
nineties,1
leading,1
could,1
down,1
formulations,1
ventures,1
scintillating,1
overturn,1
decisions,1
amenities,1
resonate,1
bush,1
pollutants,1
indulge,1
display,1
appeared,1
momentum,1
wealthy,1
plethora,1
abetted,1
domestic,1
regulation,1
culling,1
report,1
mechanisms,1
wildlife,1
forces,1
synthesis,1
exotic,1
underlying,1
inevitably,1
erupting,1
conservationists,1
might,1
were,1
users,1
underneath,1
ambiguities,1
government,1
seventies,1
richer,1
summaries,1
lumped,1
clearly,1
westerners,1
selves,1
decrying,1
forging,1
authorizes,1
aptly,1
circumspect,1
mistakenly,1
infiltrate,1
personality,1
oblivious,1
unspoiled,1
individual,1
doubt,1
twenty,1
pieced,1
cities,1
plot,1
mold,1
differed,1
nevertheless,1
antienvironmentalists,1
arguably,1
initial,1
markets,1
administratively,1
called,1
fresh,1
embrace,1
really,1
compromised,1
color,1
affluence,1
generalities,1
loweror,1
puzzling,1
late,1
mind,1
scientism,1
curiosity,1
alert,1
justify,1
respond,1
overlapping,1
represent,1
universal,1
purported,1
gases,1
activism,1
reminiscent,1
communities,1
scholarly,1
focused,1
unlikely,1
resistant,1
shown,1
discrete,1
committed,1
displayed,1
impeded,1
climate,1
johns,1
vulnerabilities,1
nigerian,1
stressing,1
aspects,1
award,1
poses,1
based,1
bore,1
dismissal,1
depicts,1
armed,1
backseat,1
population,1
furnishes,1
companies,1
see,1
toxic,1
priorities,1
fulfill,1
rising,1
appreciation,1
pivots,1
particular,1
comes,1
wealth,1
shove,1
shape,1
fashionable,1
agencies,1
eye,1
existence,1
suspect,1
reiterated,1
preoccupation,1
forthcoming,1
contrasting,1
kind,1
beaches,1
judicial,1
touch,1
writes,1
theory,1
vigorously,1
countering,1
thickets,1
necessities,1
grudgingly,1
republished,1
task,1
minded,1
prone,1
ladder,1
sects,1
streets,1
scenic,1
lurk,1
hopkins,1
explicitly,1
mine,1
avers,1
primarily,1
rancor,1
flashback,1
slips,1
america,1
nimby,1
legalese,1
distinguishes,1
slicing,1
cloth,1
remained,1
violent,1
representatives,1
animal,1
dragged,1
chapter,1
property,1
lagging,1
conservatives,1
account,1
having,1
resolutely,1
disagreements,1
followed,1
apparently,1
capable,1
distinguish,1
determined,1
beg,1
understanding,1
stance,1
greatest,1
urban,1
prioritizing,1
bacteria,1
psychology,1
largest,1
i,1
concession,1
front,1
scope,1
scatters,1
vista,1
bodies,1
discovery,1
explanation,1
level,1
range,1
turning,1
leisure,1
must,1
directions,1
careful,1
heart,1
future,1
orientation,1
whatever,1
taking,1
psyche,1
thereby,1
story,1
part,1
decisive,1
arose,1
far,1
immersion,1
city,1
owners,1
dissolve,1
roundtable,1
depended,1
seminal,1
ignore,1
activated,1
chronically,1
inglehart,1
actors,1
emissions,1
easy,1
ken,1
elite,1
wrought,1
psychologists,1
buy,1
shopworn,1
positions,1
modernizers,1
thin,1
persists,1
lies,1
step,1
worst,1
assumptions,1
elucidated,1
surprise,1
spots,1
lately,1
enduring,1
whole,1
impulses,1
southerners,1
twentieth,1
overview,1
realm,1
gave,1
namesake,1
describe,1
fit,1
older,1
historiansynthesizers,1
flaws,1
aesthetics,1
broad,1
diversity,1
collective,1
autobiographical,1
congress,1
framework,1
lower,1
vocal,1
strangeness,1
gain,1
oeuvre,1
neglect,1
storms,1
conflict,1
central,1
goal,1
styles,1
thus,1
reducible,1
individuals,1
mightily,1
throughout,1
mistaken,1
silent,1
prioritize,1
review,1
write,1
hazards,1
psychologist,1
interrogation,1
improvements,1
appreciated,1
saw,1
surely,1
mountains,1
anticipating,1
devoted,1
evidence,1
sexism,1
ultimately,1
students,1
involves,1
underwent,1
inquiries,1
couple,1
higher,1
shoved,1
distinctive,1
forcing,1
facts,1
artifact,1
modernity,1
symbiosis,1
ethical,1
steering,1
diverted,1
clear,1
discovered,1
mired,1
trends,1
objective,1
graduate,1
clamor,1
frustrated,1
shortcomings,1
correctness,1
bounds,1
t,1
comprehensive,1
nixon,1
frame,1
leverage,1
aided,1
maligned,1
finally,1
lakes,1
aware,1
counters,1
recipient,1
advocacy,1
corrective,1
moment,1
officials,1
least,1
instead,1
times,1
enjoying,1
stories,1
newly,1
sense,1
chronology,1
presented,1
field,1
magazine,1
need,1
cold,1
willing,1
carry,1
polling,1
plant,1
him,1
recast,1
media,1
reflexive,1
topic,1
steadfastly,1
distinction,1
centrality,1
one,1
effects,1
arena,1
politically,1
administrative,1
order,1
geographical,1
contrast,1
kept,1
carson,1
turn,1
viewing,1
discourse,1
refuses,1
readier,1
institutions,1
lumber,1
claim,1
emerging,1
religious,1
speak,1
around,1
clashes,1
hiking,1
maura,1
brook,1
divergence,1
repeated,1
undertaken,1
conveniences,1
glaring,1
audiences,1
driving,1
turned,1
inclinations,1
profits,1
inattention,1
rungs,1
outside,1
back,1
news,1
postmodernist,1
study,1
response,1
stony,1
publics,1
firestorms,1
allowed,1
acts,1
insists,1
mantle,1
oxford,1
craft,1
themselves,1
thoreau,1
shadows,1
legislated,1
epistemology,1
smokescreens,1
archimedean,1
elites,1
epa,1
overblown,1
surges,1
campuses,1
drives,1
telling,1
corporations,1
sentiments,1
alliances,1
debate,1
early,1
overarching,1
up,1
savvy,1
obscure,1
student,1
entire,1
modernist,1
locales,1
collisions,1
resistance,1
world,1
ignores,1
versus,1
seek,1
technological,1
geographies,1
looms,1
environmentally,1
universally,1
regulations,1
consumerism,1
remains,1
leadership,1
scenery,1
successive,1
generation,1
universality,1
bygone,1
though,1
interests,1
inform,1
culturalist,1
master,1
enjoy,1
widely,1
growth,1
major,1
strategies,1
critiquing,1
readership,1
deeper,1
hierarchy,1
gold,1
separate,1
jungles,1
grasp,1
next,1
battles,1
