WORDCOUNTS,WEIGHT
the,207
of,140
in,88
to,68
a,65
and,60
frank,47
as,38
s,37
that,36
labor,36
is,32
consumption,31
consumer,30
workers,27
not,23
seattle,19
but,17
power,17
for,17
it,16
was,16
she,14
history,14
by,14
book,14
city,14
at,13
society,13
more,13
her,13
movement,12
p,12
which,12
this,12
american,11
or,11
did,11
women,11
were,11
have,11
an,11
they,10
strategies,10
on,10
these,9
all,9
purchasing,9
organizing,8
one,8
study,8
view,8
with,8
consumers,8
does,7
their,7
class,7
from,7
important,7
into,7
many,7
new,7
far,7
political,7
has,7
people,7
such,7
world,7
union,6
time,6
i,6
economy,6
mass,6
trade,6
politics,6
although,6
decline,6
when,6
working,6
production,6
recent,6
what,5
business,5
rather,5
life,5
organized,5
strategy,5
glickman,5
writes,5
well,5
reader,5
point,5
during,5
divisions,5
like,5
be,5
than,5
been,4
culture,4
unite,4
first,4
social,4
different,4
those,4
activism,4
reviews,4
them,4
because,4
work,4
popular,4
through,4
its,4
gender,4
demonstrates,4
change,4
successful,4
especially,4
between,4
tactics,4
scholarship,4
employers,4
story,4
whose,3
played,3
no,3
way,3
within,3
community,3
make,3
pp,3
ways,3
get,3
itself,3
making,3
decade,3
university,3
industrial,3
challenges,3
most,3
afl,3
appeals,3
again,3
had,3
december,3
some,3
john,3
contemporary,3
products,3
other,3
there,3
took,3
do,3
war,3
less,3
failure,3
activity,3
middle,3
who,3
shopping,3
phenomenon,3
questions,3
our,3
promoted,3
weakened,3
years,3
relatively,3
generation,3
quite,3
become,3
cohen,3
up,3
capitalism,3
consumerism,3
green,3
general,3
lizabeth,3
will,2
relationship,2
york,2
page,2
south,2
practices,2
various,2
strike,2
movements,2
economic,2
failed,2
arena,2
argues,2
brief,2
male,2
liberating,2
growth,2
still,2
lawrence,2
entirely,2
faue,2
owned,2
analysis,2
label,2
existed,2
about,2
memphis,2
solidarity,2
support,2
dana,2
latter,2
under,2
former,2
dichotomy,2
benefits,2
image,2
unlike,2
teaches,2
any,2
w,2
age,2
two,2
gerstle,2
abundantly,2
either,2
defeat,2
treats,2
defines,2
organization,2
barriers,2
putting,2
neither,2
lewis,2
puts,2
aspect,2
attempt,2
over,2
each,2
efforts,2
are,2
my,2
gary,2
shows,2
criticizes,2
very,2
lives,2
workingclass,2
together,2
conservative,2
predominant,2
simple,2
unionists,2
tactic,2
changed,2
deal,2
government,2
businesses,2
goods,2
radical,2
cities,2
historical,2
works,2
living,2
question,2
last,2
forms,2
men,2
written,2
left,2
learn,2
helpfully,2
scholarly,2
manner,2
wage,2
where,2
understudied,2
racial,2
relevant,2
form,2
michael,2
see,2
ideological,2
particular,2
necessary,2
however,2
minneapolis,2
perhaps,2
number,2
politicized,2
eliminate,2
america,2
local,2
clarke,2
neatly,2
both,2
upon,2
leisure,2
careful,2
brought,2
likely,2
consumerist,2
despite,2
example,2
knowledge,2
calls,2
press,2
role,2
subject,2
elizabeth,2
describe,2
largely,2
focus,2
own,2
goal,2
services,2
false,2
we,2
described,2
development,2
difference,2
clear,2
against,2
norfolk,2
interest,2
sense,2
period,2
so,2
honey,2
term,2
century,2
effects,2
politically,2
weaknesses,2
thing,2
black,2
nor,2
concerning,2
internal,2
amusements,2
would,2
counteroffensive,2
peak,2
effective,2
chicago,2
vis,2
views,2
explore,2
even,2
strong,2
notes,2
race,2
kurt,1
perfect,1
appeal,1
set,1
prong,1
critics,1
periods,1
given,1
suggest,1
quiescence,1
unpaid,1
go,1
yields,1
ending,1
judge,1
americanism,1
topography,1
evanescent,1
san,1
currently,1
produces,1
second,1
avoids,1
halls,1
aid,1
communist,1
may,1
stems,1
back,1
raise,1
sticking,1
enticements,1
overly,1
appealed,1
fairly,1
exact,1
act,1
involving,1
cappuccino,1
bulk,1
stylistic,1
giving,1
main,1
corporate,1
indeed,1
types,1
happy,1
defy,1
apartheid,1
how,1
overall,1
remain,1
program,1
expansion,1
separated,1
admirable,1
market,1
contraction,1
consume,1
woonsocket,1
swept,1
euphoria,1
ordinary,1
thrown,1
shipbuilding,1
midwest,1
notion,1
process,1
e,1
vaguely,1
knew,1
ills,1
venue,1
active,1
universities,1
seen,1
unusual,1
above,1
suffering,1
opportunity,1
populism,1
served,1
brilliantly,1
ends,1
effectively,1
hopeful,1
national,1
importantly,1
rights,1
initially,1
grew,1
explaining,1
certain,1
abstractions,1
contend,1
southern,1
countries,1
japanese,1
achievements,1
often,1
civil,1
stereotypical,1
escape,1
fixation,1
grieving,1
frazier,1
companies,1
sip,1
hope,1
once,1
repression,1
cheap,1
cooperative,1
pacific,1
uniquely,1
addressing,1
months,1
cynical,1
reason,1
americans,1
filers,1
understand,1
category,1
wants,1
makes,1
lingers,1
francisco,1
problematic,1
happened,1
veiled,1
alongside,1
conscious,1
microscope,1
wages,1
east,1
entitled,1
foothold,1
weaker,1
makower,1
detail,1
us,1
position,1
sorts,1
circumscribed,1
index,1
locale,1
title,1
included,1
habits,1
home,1
usual,1
emergence,1
workplace,1
quick,1
eventually,1
wealth,1
before,1
consciousness,1
historian,1
following,1
nineteenth,1
africa,1
result,1
ed,1
houseboat,1
variety,1
attuned,1
weak,1
liberation,1
largest,1
without,1
circumstances,1
kettle,1
cobain,1
ferment,1
experience,1
simply,1
begins,1
acknowledges,1
alike,1
potential,1
ever,1
lower,1
being,1
exploited,1
common,1
warns,1
textile,1
anything,1
only,1
else,1
sector,1
picture,1
continued,1
proposes,1
wrong,1
stark,1
party,1
organizations,1
his,1
oppression,1
also,1
eschews,1
offers,1
here,1
turn,1
transformation,1
seduced,1
erroneous,1
hit,1
butsch,1
challenge,1
helped,1
required,1
exploration,1
virginia,1
faced,1
providing,1
defining,1
musical,1
death,1
uncommonly,1
capitalists,1
similarly,1
around,1
encyclopedic,1
worked,1
primarily,1
elements,1
descends,1
proponents,1
paper,1
friendly,1
populists,1
came,1
incorporating,1
dupes,1
preeminence,1
whom,1
reach,1
shaped,1
elkington,1
setting,1
unionism,1
suckers,1
stories,1
height,1
treatment,1
agenda,1
completing,1
capital,1
underestimated,1
blamed,1
best,1
xii,1
explores,1
could,1
advantage,1
develops,1
inherent,1
entered,1
argue,1
called,1
depict,1
scenario,1
gap,1
choice,1
insightful,1
politicization,1
effort,1
races,1
pessimism,1
might,1
daily,1
out,1
peiss,1
ideology,1
identity,1
labored,1
clearly,1
tells,1
thanks,1
contribute,1
reconfiguring,1
end,1
carolina,1
everything,1
worker,1
energize,1
noting,1
emerge,1
sequestered,1
movie,1
struggle,1
achieved,1
innumerable,1
u,1
just,1
passage,1
external,1
reasons,1
collectively,1
type,1
february,1
turned,1
elides,1
fun,1
clarity,1
equally,1
rousing,1
sleepless,1
pointing,1
born,1
boxes,1
avoidance,1
somewhat,1
purchase,1
right,1
sentimental,1
automatically,1
landscape,1
johns,1
developing,1
purposes,1
aspects,1
workforce,1
treat,1
unique,1
context,1
require,1
potent,1
produced,1
cannot,1
tell,1
widower,1
arguing,1
cause,1
dance,1
fish,1
vivid,1
safe,1
visible,1
wisely,1
eye,1
aaged,1
conclusion,1
enterprises,1
core,1
dr,1
spiritual,1
kind,1
foreshadowed,1
weaken,1
excitement,1
apathy,1
shortages,1
convenienceand,1
historians,1
hailes,1
triumph,1
prone,1
sacrifice,1
gained,1
hopkins,1
shrewd,1
kathy,1
impression,1
discuss,1
convenient,1
victims,1
distinguishes,1
cloth,1
remained,1
economics,1
fruitfully,1
explored,1
remove,1
reigned,1
leisurely,1
nexus,1
directly,1
skillfully,1
original,1
demonstrated,1
apathetic,1
seeking,1
credit,1
phenomena,1
emphasis,1
displace,1
classes,1
circumstance,1
crane,1
closed,1
investment,1
discussion,1
gains,1
scope,1
examples,1
strengths,1
powers,1
finest,1
reduce,1
made,1
bought,1
tool,1
yuppies,1
level,1
helps,1
limitations,1
wrestle,1
west,1
julia,1
counterhegemonic,1
little,1
say,1
x,1
arose,1
contracts,1
explains,1
enormous,1
advent,1
raiders,1
recasts,1
became,1
apply,1
nation,1
easy,1
african,1
promises,1
timid,1
buy,1
bourgeois,1
interact,1
female,1
attempts,1
restructuring,1
texture,1
slacker,1
broader,1
year,1
use,1
matches,1
tale,1
tracing,1
operated,1
fascinating,1
lesson,1
northwest,1
attract,1
pessimists,1
socially,1
collective,1
autobiographical,1
expertise,1
firms,1
increasingly,1
reinvent,1
closes,1
ethnic,1
categorization,1
variables,1
engaged,1
examination,1
analysts,1
throughout,1
consistent,1
focuses,1
buying,1
another,1
imprimatur,1
write,1
producer,1
fold,1
thrived,1
employed,1
surely,1
optimistic,1
ultimately,1
entails,1
showing,1
project,1
commercial,1
spectrum,1
difficulties,1
interested,1
joel,1
significance,1
cambridge,1
ethnicity,1
shrinkage,1
discovered,1
since,1
loosely,1
placing,1
charts,1
leads,1
hanks,1
twentieth,1
importance,1
approach,1
authors,1
realized,1
launching,1
peripheral,1
silent,1
shop,1
jazz,1
movies,1
author,1
heterosocial,1
aided,1
mourn,1
explanation,1
united,1
corrective,1
course,1
domain,1
unyielding,1
solution,1
instead,1
richard,1
employer,1
highlighting,1
define,1
hard,1
application,1
length,1
tom,1
revolution,1
media,1
socialist,1
protest,1
integration,1
regular,1
serves,1
distinction,1
next,1
strategic,1
profitably,1
television,1
contributed,1
contrast,1
funds,1
area,1
consolidation,1
refuses,1
rank,1
hole,1
provides,1
altogether,1
venerable,1
involved,1
advocates,1
paradise,1
increased,1
showed,1
small,1
why,1
help,1
perspective,1
special,1
specific,1
nader,1
few,1
outside,1
having,1
divestment,1
accurately,1
promote,1
k,1
executed,1
balk,1
industry,1
researching,1
invoke,1
dramatic,1
relation,1
reference,1
boundaries,1
thinly,1
drives,1
telling,1
municipalities,1
tended,1
corporations,1
can,1
activities,1
find,1
profit,1
helpful,1
early,1
cafes,1
substantial,1
mirrored,1
unwitting,1
dependent,1
earl,1
present,1
raised,1
abandoned,1
traditional,1
filling,1
resistance,1
much,1
counts,1
versus,1
among,1
saw,1
cooperatives,1
environmentally,1
leadership,1
should,1
feel,1
understood,1
displaced,1
doing,1
norm,1
interests,1
roles,1
moved,1
workings,1
valuable,1
tragic,1
division,1
major,1
syndicalist,1
depended,1
concomitant,1
seemed,1
decision,1
iww,1
presumed,1
ballparks,1
