WORDCOUNTS,WEIGHT
the,153
and,121
of,94
in,87
to,48
a,35
university,27
by,26
s,25
higher,20
education,20
college,19
for,19
boston,17
on,17
institutions,16
history,16
students,16
research,16
at,14
freeland,14
programs,14
with,12
faculty,12
northeastern,11
massachusetts,11
undergraduate,10
is,10
from,10
american,9
study,9
as,9
social,9
harvard,9
also,8
universities,8
student,8
he,7
his,7
it,7
their,7
one,7
into,7
but,7
these,7
brandeis,7
bu,7
development,7
this,7
graduate,7
institutional,7
century,7
academic,7
not,6
states,6
united,6
mit,6
was,6
women,6
that,6
had,6
other,6
its,6
which,6
campus,6
an,6
learning,6
increased,6
tufts,6
they,5
federal,5
culture,5
most,5
others,5
colleges,5
p,5
new,5
has,5
administration,5
twentieth,5
have,5
dzuback,5
enrollment,5
early,5
among,5
professional,5
expanded,4
more,4
did,4
recruitment,4
state,4
focused,4
them,4
admissions,4
public,4
because,4
local,4
example,4
increase,4
diversity,4
argument,4
america,4
schools,4
maintaining,4
enrollments,4
institution,4
model,3
transformations,3
science,3
growth,3
developed,3
program,3
market,3
eight,3
life,3
jesuit,3
about,3
sciences,3
all,3
studies,3
arts,3
policy,3
selective,3
established,3
recruiting,3
no,3
administrators,3
book,3
business,3
david,3
each,3
leaders,3
access,3
expansion,3
quality,3
reviews,3
purposes,3
less,3
while,3
opened,3
degrees,3
richard,3
training,3
knowledge,3
elite,3
recent,3
both,3
three,3
national,3
grant,3
high,3
attracting,3
educational,3
offered,3
between,3
competitive,3
increasing,2
demand,2
m,2
academia,2
continued,2
amherst,2
carnegie,2
how,2
basic,2
began,2
pushed,2
transformation,2
large,2
religious,2
class,2
makes,2
enabled,2
analysis,2
mostly,2
space,2
ymca,2
strategies,2
rising,2
paradox,2
england,2
detail,2
or,2
liberal,2
nineteenth,2
thematic,2
mary,2
w,2
largest,2
age,2
needs,2
powerful,2
only,2
persuasive,2
sources,2
specifically,2
organizational,2
syntheses,2
toward,2
drawing,2
treatment,2
over,2
financial,2
descriptions,2
advance,2
explores,2
histories,2
engineering,2
analyses,2
out,2
john,2
end,2
golden,2
eliot,2
knowles,2
those,2
yale,2
war,2
context,2
system,2
making,2
particular,2
maintain,2
agricultural,2
problem,2
extent,2
jewish,2
james,2
technical,2
pursued,2
explored,2
account,2
status,2
emphasis,2
private,2
exploring,2
work,2
middle,2
bibliography,2
decisions,2
variations,2
advancement,2
press,2
became,2
role,2
investing,2
gender,2
geiger,2
persisted,2
gi,2
bill,2
september,2
throughout,2
were,2
professionalism,2
until,2
author,2
president,2
roger,2
adding,2
b,2
land,2
d,2
working,2
period,2
contrast,2
funds,2
small,2
dynamics,2
response,2
decline,2
ann,2
dormitory,2
examine,2
converging,2
when,2
little,2
maintained,2
value,2
attention,2
major,2
survived,1
final,1
chronological,1
periods,1
miller,1
horror,1
embarked,1
site,1
critical,1
huntington,1
pervaded,1
changes,1
suggestion,1
educator,1
barbara,1
interesting,1
related,1
currently,1
relationship,1
nondegree,1
horowitz,1
condliffe,1
leadershipofcharles,1
americans,1
synnott,1
york,1
exhibiting,1
waltham,1
budget,1
examining,1
humanities,1
lagemann,1
difficult,1
operations,1
act,1
provide,1
scientific,1
popularity,1
populations,1
within,1
erect,1
tedious,1
groups,1
lynn,1
doctoral,1
identity,1
veysey,1
alma,1
practical,1
overall,1
created,1
forced,1
limited,1
begin,1
competitively,1
might,1
corporation,1
alternate,1
kind,1
resulted,1
brubacher,1
nearly,1
primarily,1
veterans,1
hugh,1
remote,1
constraints,1
who,1
asa,1
frederickrudolph,1
alone,1
community,1
transformed,1
analyzes,1
sect,1
dealt,1
jarausch,1
filled,1
renown,1
markers,1
contribution,1
relevant,1
grew,1
certain,1
enlightening,1
burton,1
complex,1
positive,1
kinds,1
often,1
collegeand,1
expectations,1
jesuits,1
graduates,1
fall,1
list,1
philanthropic,1
surprising,1
live,1
oxford,1
moreover,1
hawkins,1
divided,1
yet,1
support,1
centuries,1
citizens,1
appointments,1
itself,1
wake,1
category,1
read,1
figured,1
faculties,1
largely,1
case,1
mission,1
pp,1
technology,1
mobile,1
door,1
locally,1
page,1
school,1
character,1
management,1
unlike,1
laid,1
infusion,1
included,1
falls,1
contributions,1
total,1
methodists,1
modestly,1
secretarial,1
assistance,1
unimportant,1
exceptions,1
same,1
chartering,1
impeded,1
are,1
ed,1
demonstrates,1
princeton,1
responsive,1
periodically,1
already,1
enabling,1
commuter,1
two,1
department,1
qualified,1
experience,1
kelley,1
rudy,1
heading,1
hofstadter,1
regional,1
origins,1
inhibited,1
riesman,1
picture,1
present,1
generalbibliography,1
supported,1
balancing,1
organizations,1
leaming,1
convincing,1
funding,1
classroom,1
puts,1
solomon,1
schooling,1
offers,1
drew,1
sustained,1
left,1
flavor,1
shifted,1
index,1
set,1
ethnic,1
ii,1
steady,1
why,1
important,1
military,1
faced,1
interested,1
decades,1
necessarily,1
make,1
rapid,1
central,1
promoting,1
tuition,1
control,1
flexibly,1
emerged,1
addition,1
added,1
country,1
opening,1
moving,1
power,1
different,1
adds,1
expanding,1
based,1
company,1
longer,1
reach,1
shaped,1
stories,1
seem,1
board,1
available,1
universalist,1
avenue,1
scholars,1
declined,1
xii,1
secondary,1
could,1
accompanied,1
quotes,1
ph,1
desire,1
expense,1
pressure,1
emergence,1
puritan,1
wechsler,1
philanthropy,1
timing,1
portrayal,1
marcia,1
rich,1
foundation,1
time,1
educated,1
follows,1
particularly,1
larger,1
found,1
able,1
government,1
closer,1
rely,1
except,1
debates,1
granting,1
benefit,1
bundle,1
nevertheless,1
albisetti,1
help,1
legislature,1
c,1
enlarge,1
works,1
markets,1
aspirations,1
hiring,1
wesleyan,1
late,1
patterns,1
upwardly,1
trouble,1
respond,1
do,1
robert,1
teaching,1
evangelicalism,1
increases,1
according,1
growing,1
institute,1
educate,1
numbers,1
german,1
johns,1
nationally,1
does,1
existing,1
racial,1
combined,1
progressivism,1
whether,1
unclear,1
karl,1
prosperity,1
heavily,1
see,1
cannot,1
accounts,1
applied,1
want,1
groundwork,1
intertwined,1
focusing,1
theamerican,1
demographics,1
charter,1
talented,1
facilities,1
mathematics,1
leaving,1
wessell,1
nonjewish,1
repetitive,1
hopkins,1
primary,1
sought,1
brooks,1
foundations,1
u,1
prestige,1
silber,1
expensive,1
aspects,1
aspiration,1
degree,1
well,1
remained,1
changed,1
responded,1
design,1
copious,1
information,1
upgrading,1
participation,1
demands,1
some,1
r,1
politics,1
understanding,1
enhances,1
spending,1
categories,1
discussion,1
gains,1
distinctiveness,1
drive,1
received,1
made,1
bought,1
levine,1
range,1
eighteenth,1
occasionally,1
preserved,1
locate,1
claim,1
endowment,1
israel,1
discrimination,1
significantly,1
disparate,1
mater,1
part,1
through,1
enhanced,1
city,1
establishment,1
despite,1
resources,1
curriculum,1
ministers,1
urban,1
irish,1
expand,1
top,1
minority,1
transition,1
holocaust,1
konrad,1
jencks,1
collegiate,1
whole,1
use,1
freedom,1
laurence,1
policymakers,1
professionalization,1
exciting,1
policies,1
attract,1
factor,1
harold,1
colonial,1
beginnings,1
academics,1
realized,1
ideas,1
complements,1
exist,1
labor,1
participated,1
regarding,1
date,1
rare,1
higherlearning,1
continue,1
chapters,1
sachar,1
personal,1
raising,1
option,1
ends,1
dependence,1
germany,1
than,1
extension,1
missions,1
difficulties,1
sacher,1
years,1
conant,1
morrill,1
barnard,1
medical,1
since,1
initiated,1
concurrent,1
ofeducation,1
directed,1
conditions,1
helen,1
comprehensive,1
washington,1
potts,1
reputation,1
accept,1
interest,1
northeastem,1
evening,1
change,1
admission,1
girls,1
offer,1
running,1
least,1
christopher,1
nonsectarian,1
good,1
walter,1
disengage,1
tight,1
length,1
passionate,1
need,1
guiding,1
buildings,1
revolution,1
graham,1
thoughtful,1
admitted,1
distinction,1
effects,1
catholic,1
administrative,1
financing,1
order,1
bledstein,1
progressive,1
turn,1
area,1
consolidation,1
quite,1
extremely,1
fine,1
campaign,1
direction,1
portrayed,1
footnotes,1
inclination,1
treats,1
specific,1
charles,1
metzger,1
problems,1
profound,1
wider,1
highly,1
body,1
introductory,1
depression,1
actions,1
industry,1
culturesfrom,1
reads,1
defunct,1
russia,1
gordon,1
applying,1
scholarship,1
third,1
campuses,1
effect,1
tended,1
era,1
enterprise,1
find,1
like,1
characterizes,1
compton,1
families,1
concluding,1
postwar,1
bachelor,1
capitalized,1
lefkowitz,1
capabilities,1
even,1
inconvenient,1
abram,1
pays,1
develop,1
abandoned,1
paid,1
world,1
ellen,1
strong,1
seek,1
production,1
tendency,1
notes,1
connections,1
mather,1
building,1
cooperative,1
provided,1
meeting,1
generation,1
enrich,1
transfornations,1
portrait,1
allocations,1
competed,1
negative,1
diversification,1
curricular,1
willis,1
what,1
hutchins,1
oberlin,1
ecumenical,1
selectively,1
