WORDCOUNTS,WEIGHT
the,178
of,98
and,77
a,63
to,53
in,40
city,32
urban,31
that,30
western,29
cities,29
as,26
s,26
for,22
findlay,18
by,17
magic,16
new,15
west,14
this,14
lands,14
with,12
park,12
form,12
on,12
disneyland,11
its,11
is,10
industrial,10
has,10
an,10
american,9
development,9
at,8
not,8
was,8
history,8
book,8
world,8
than,8
sun,8
it,7
fair,7
regional,7
p,7
region,7
stanford,7
be,7
he,6
suburban,6
they,6
about,6
university,6
are,6
also,6
distinctive,6
have,6
author,6
needs,6
seattle,6
provided,6
community,5
their,5
one,5
but,5
these,5
more,5
important,5
all,5
how,5
what,5
unique,5
metropolitan,5
historians,5
planning,5
residents,5
people,5
aspirations,4
indeed,4
who,4
citizens,4
metropolis,4
environment,4
four,4
most,4
fairbanks,4
cityscapes,4
could,4
larger,4
cultural,4
according,4
some,4
nation,4
were,4
california,4
such,4
like,4
type,4
archives,3
way,3
if,3
growth,3
maps,3
large,3
life,3
often,3
kingdoms,3
orange,3
or,3
unlike,3
clearly,3
culture,3
same,3
from,3
first,3
problems,3
anaheim,3
rapid,3
greater,3
had,3
shaped,3
other,3
developed,3
john,3
merely,3
those,3
reviews,3
within,3
setting,3
population,3
failure,3
well,3
another,3
emphasis,3
made,3
county,3
traditional,3
individuals,3
models,3
tendency,3
argues,3
characteristic,3
sprawl,3
area,3
developments,3
better,3
characteristics,3
because,3
miller,2
gerald,2
ii,2
variety,2
his,2
l,2
been,2
groups,2
expansion,2
model,2
b,2
center,2
parts,2
volumes,2
positive,2
study,2
pp,2
anchor,2
space,2
housing,2
controlled,2
east,2
reshaping,2
detail,2
forest,2
planned,2
homogeneous,2
proved,2
before,2
impact,2
argued,2
joins,2
too,2
only,2
jon,2
enclaves,2
rather,2
june,2
helped,2
chaos,2
strategy,2
drawing,2
metropolises,2
towns,2
others,2
outside,2
attractive,2
scholars,2
did,2
areas,2
out,2
emerge,2
urbanization,2
patterns,2
robert,2
war,2
shared,2
spatial,2
disorder,2
recently,2
list,2
scale,2
appearing,2
focusing,2
downtown,2
eastern,2
cincinnati,2
westerners,2
influenced,2
local,2
postwar,2
future,2
literature,2
work,2
virgin,2
true,2
mental,2
press,2
became,2
identity,2
whole,2
gave,2
place,2
behavior,2
phoenix,2
trend,2
chapters,2
nash,2
uniqueness,2
argument,2
since,2
goldfield,2
national,2
washington,2
finally,2
rapidly,2
zane,2
individual,2
instead,2
david,2
sense,2
successful,2
characterized,2
would,2
stage,2
after,2
emphasizes,2
provides,2
adequately,2
offered,2
specific,2
convincing,2
although,2
promote,2
brought,2
research,2
early,2
teaford,2
develop,2
much,2
recent,2
notes,2
should,2
meeting,2
cityscape,2
seemed,2
society,2
newer,1
pattern,1
critics,1
south,1
civilization,1
somewhat,1
now,1
transportation,1
skyscrapers,1
r,1
informs,1
wishes,1
done,1
significant,1
ably,1
edge,1
projected,1
various,1
architecture,1
functioning,1
provide,1
chaotic,1
later,1
johns,1
traffic,1
muted,1
unwilling,1
angeles,1
toward,1
comparative,1
wrinkle,1
organizing,1
asking,1
plans,1
affected,1
celebration,1
berkeley,1
through,1
acknowledged,1
primarily,1
midwest,1
cut,1
node,1
lost,1
loomed,1
represented,1
collections,1
fragmented,1
flaws,1
neighborhood,1
papers,1
garden,1
accommodating,1
manuscript,1
unwieldy,1
earlier,1
experiences,1
contribution,1
developers,1
similar,1
church,1
unprecedented,1
certain,1
group,1
becoming,1
southern,1
terms,1
replaced,1
contributions,1
makes,1
amusement,1
regionalism,1
walt,1
expectations,1
analysis,1
impersonal,1
uncertainties,1
fall,1
companies,1
achieve,1
join,1
midwesterners,1
coherence,1
renamed,1
duplicate,1
pacific,1
sets,1
cannot,1
yet,1
ways,1
fields,1
unconventional,1
approaches,1
understand,1
making,1
suited,1
represents,1
studies,1
combines,1
rules,1
modern,1
unacceptable,1
wanted,1
imitated,1
grove,1
ideals,1
addressed,1
us,1
index,1
recreation,1
into,1
organized,1
symptomatic,1
home,1
mansel,1
freeing,1
eventually,1
instance,1
elsewhere,1
driven,1
typifies,1
just,1
historian,1
growing,1
air,1
senior,1
tying,1
thematic,1
welfare,1
economic,1
exemplified,1
changing,1
reviewed,1
without,1
contempt,1
provocative,1
autonomy,1
communities,1
department,1
demonstrate,1
regulated,1
acknowledges,1
experienced,1
being,1
learns,1
common,1
origins,1
poor,1
recognizable,1
picture,1
social,1
ignore,1
truly,1
starting,1
successfully,1
here,1
comfortable,1
alternative,1
established,1
business,1
m,1
give,1
strike,1
shortcoming,1
providing,1
might,1
boosterism,1
view,1
ecological,1
trying,1
freedom,1
promoting,1
emerged,1
addition,1
added,1
many,1
landscaped,1
nature,1
result,1
historiography,1
closely,1
different,1
expanding,1
layout,1
shows,1
company,1
suburbs,1
idea,1
ubiquitous,1
key,1
professionals,1
completing,1
underestimated,1
leading,1
explores,1
leaders,1
polycentric,1
found,1
plan,1
search,1
reasons,1
discrete,1
reform,1
attack,1
time,1
centers,1
particularly,1
inherent,1
government,1
downsized,1
international,1
very,1
combed,1
uphold,1
associated,1
variation,1
kingdom,1
historical,1
i,1
fashion,1
elderly,1
great,1
observes,1
feature,1
employee,1
consciousness,1
appeared,1
selects,1
big,1
last,1
readers,1
state,1
conspicuously,1
further,1
do,1
journalists,1
remarkable,1
martial,1
divisiveness,1
focused,1
where,1
promoters,1
market,1
economy,1
behind,1
purposes,1
carefully,1
does,1
addresses,1
similarities,1
produced,1
suburb,1
less,1
ones,1
priorities,1
meet,1
promise,1
nodes,1
case,1
council,1
issue,1
particular,1
disorganized,1
appreciate,1
blackford,1
conviction,1
maturity,1
dallas,1
attitudes,1
builders,1
xiv,1
explain,1
linear,1
catered,1
dream,1
public,1
component,1
congestion,1
freeways,1
hopkins,1
near,1
reflected,1
governing,1
maturing,1
vehicle,1
ecology,1
studying,1
societal,1
secure,1
bibliographic,1
changed,1
design,1
noticed,1
entity,1
orientations,1
chapter,1
when,1
demonstrated,1
emphasizing,1
opened,1
suggests,1
private,1
politics,1
understanding,1
technologies,1
needy,1
coherent,1
success,1
pursue,1
strengths,1
reduce,1
tool,1
weaknesses,1
presented,1
del,1
information,1
helps,1
side,1
reader,1
protected,1
orientation,1
environments,1
prominent,1
ready,1
given,1
throes,1
transformed,1
reflecting,1
ohio,1
including,1
clients,1
explains,1
despite,1
enormous,1
example,1
looking,1
apparent,1
calls,1
alternatives,1
clearer,1
role,1
along,1
exploring,1
enter,1
complexities,1
newest,1
tried,1
spaciousness,1
context,1
entirely,1
denies,1
rationale,1
combining,1
used,1
overview,1
warfare,1
describe,1
fit,1
older,1
tied,1
selfishness,1
landmarks,1
shopping,1
engaging,1
thematically,1
mid,1
goals,1
evolution,1
central,1
associate,1
real,1
amenities,1
webb,1
throughout,1
which,1
come,1
campus,1
away,1
reflect,1
question,1
rise,1
determinism,1
dismissed,1
nevertheless,1
implement,1
urbanizing,1
roger,1
manageable,1
significance,1
professor,1
due,1
moral,1
twentieth,1
conditions,1
discussed,1
comprehensive,1
pollution,1
regions,1
g,1
midwestern,1
points,1
d,1
interest,1
essay,1
stadium,1
explanation,1
tone,1
workers,1
creating,1
held,1
include,1
los,1
texas,1
citiesa,1
so,1
cotton,1
files,1
gates,1
convention,1
shaping,1
smaller,1
responses,1
heartland,1
century,1
manager,1
uncontrolled,1
prosperity,1
disservice,1
order,1
disney,1
kept,1
attracting,1
cope,1
evaluate,1
unity,1
segment,1
legacy,1
semblance,1
embodied,1
small,1
perspective,1
several,1
respective,1
special,1
simplification,1
assumed,1
industry,1
six,1
civic,1
started,1
geographers,1
c,1
riches,1
overcome,1
scholarship,1
needle,1
single,1
coast,1
era,1
part,1
lotchin,1
always,1
managed,1
create,1
claiming,1
richness,1
creation,1
landmark,1
mirrored,1
even,1
entire,1
parochialism,1
little,1
fortress,1
look,1
slim,1
downtowns,1
focus,1
critique,1
paid,1
figures,1
among,1
avoid,1
we,1
strengthening,1
drew,1
leadership,1
evidence,1
broader,1
hope,1
darker,1
attention,1
influence,1
convincingly,1
urbanists,1
decision,1
dismiss,1
parks,1
