WORDCOUNTS,WEIGHT
the,237
of,172
in,116
and,107
to,98
a,72
sex,57
s,46
moran,46
that,43
sexual,42
education,39
as,39
on,26
have,25
not,24
it,23
is,23
his,22
with,22
history,21
by,21
an,20
for,19
more,19
youth,19
social,18
be,18
who,17
school,17
educators,16
but,16
their,15
or,15
adolescence,14
was,14
its,14
teenagers,14
about,14
from,14
are,11
book,11
young,11
p,11
adolescent,11
teachers,11
were,11
hall,11
at,10
they,10
american,10
how,10
which,10
schools,9
marriage,9
public,9
during,9
this,9
students,9
other,9
when,9
sexuality,9
into,8
women,8
behavior,8
even,8
readers,8
do,8
what,8
although,8
one,7
he,7
might,7
chapter,7
century,7
than,7
will,7
new,7
high,7
life,7
girls,7
them,7
adults,7
ways,6
author,6
most,6
films,6
own,6
world,6
only,6
many,6
rotskoff,6
upon,6
should,6
does,5
those,5
against,5
body,5
may,5
rather,5
had,5
experts,5
cultural,5
war,5
reviews,5
however,5
postwar,5
part,5
project,5
shaping,5
family,5
june,5
siecus,5
indeed,5
subject,5
movement,5
teaching,5
disease,5
aids,5
moral,5
health,5
would,5
so,5
especially,5
today,5
venereal,5
historical,5
brumberg,5
values,5
did,5
broader,5
college,4
large,4
has,4
america,4
account,4
instrumentalist,4
hygiene,4
such,4
since,4
no,4
premarital,4
influential,4
parents,4
whether,4
study,4
university,4
puberty,4
view,4
called,4
out,4
changed,4
required,4
well,4
used,4
example,4
people,4
personal,4
change,4
up,4
questions,4
classroom,4
these,4
also,4
toward,4
time,4
men,4
perhaps,4
another,4
significant,4
intimacy,4
after,4
black,4
can,4
attention,4
morrow,4
suggests,4
freedom,4
between,4
era,4
among,4
final,3
adulthood,3
way,3
e,3
physicians,3
voices,3
ii,3
tradition,3
i,3
some,3
point,3
g,3
ability,3
learning,3
messages,3
adult,3
stanley,3
americans,3
aimed,3
impact,3
too,3
victorian,3
my,3
conservative,3
before,3
focused,3
cannot,3
opposition,3
explains,3
curriculum,3
calls,3
published,3
stage,3
several,3
pregnancy,3
curricula,3
service,3
yet,3
makes,3
pp,3
message,3
complete,3
two,3
childhood,3
longer,3
reform,3
contemporary,3
outside,3
gender,3
calderone,3
intimate,3
use,3
approach,3
last,3
faith,3
teach,3
been,3
program,3
force,3
began,3
adolescents,3
over,3
problem,3
while,3
early,3
programs,3
focus,3
twentieth,3
themselves,3
difficult,2
child,2
if,2
meaning,2
ultimate,2
title,2
estelle,2
chastity,2
obsessed,2
either,2
sources,2
attempts,2
taken,2
historiography,2
definition,2
fle,2
secondary,2
desire,2
help,2
achieved,2
written,2
political,2
educate,2
within,2
context,2
system,2
cue,2
advocates,2
dr,2
historians,2
u,2
mental,2
liberals,2
learned,2
human,2
central,2
goal,2
chapters,2
throughout,2
relationships,2
mores,2
student,2
practically,2
marital,2
generation,2
site,2
whose,2
joan,2
transmitted,2
responded,2
titled,2
b,2
white,2
space,2
moreover,2
risks,2
category,2
plus,2
image,2
numbers,2
prevent,2
age,2
pedagogical,2
beyond,2
contraception,2
lori,2
greater,2
expressed,2
standards,2
came,2
lead,2
could,2
meyerowitz,2
found,2
access,2
her,2
shield,2
academic,2
further,2
irony,2
supporters,2
parenthood,2
treat,2
viewed,2
recently,2
produced,2
depictions,2
expressions,2
work,2
heart,2
actually,2
boom,2
teenage,2
focuses,2
good,2
responses,2
joanne,2
successful,2
revolution,2
order,2
motherhood,2
describes,2
paid,2
seemed,2
society,2
domesticity,2
girl,2
film,2
led,2
underlies,2
emilio,2
still,2
wake,2
read,2
culture,2
emotional,2
baby,2
members,2
jeffrey,2
sometimes,2
efforts,2
fact,2
shows,2
lack,2
scholars,2
areas,2
documents,2
children,2
john,2
junior,2
learn,2
model,2
where,2
see,2
answer,2
material,2
jacobs,2
argues,2
classes,2
treated,2
steichen,2
including,2
controlling,2
expression,2
morality,2
like,2
period,2
instruction,2
enough,2
textbooks,2
often,2
relative,2
professional,2
liberalism,2
recall,2
primarily,2
transformed,2
freedman,2
contribution,2
methods,2
united,2
matters,2
addressed,2
associated,2
simply,2
constructed,2
why,2
style,2
current,2
domestic,2
inquiry,2
living,2
historian,2
beginning,2
chicago,2
hiner,2
boys,2
capable,2
press,2
became,2
role,2
respectable,2
rigid,2
kids,2
families,2
mention,2
goals,2
think,2
until,2
notes,2
crisis,2
course,2
joined,2
instead,2
d,2
evidence,2
physical,2
states,2
defined,2
speak,2
offered,2
scholarship,2
given,2
much,2
doing,2
roles,2
major,2
housekeeping,1
handicapped,1
hit,1
archives,1
now,1
currently,1
revisionist,1
page,1
medications,1
prostitution,1
curtailed,1
concerned,1
later,1
created,1
engendered,1
market,1
deserve,1
hospitable,1
succinct,1
totally,1
introduction,1
federation,1
unsuccessful,1
clung,1
paradoxically,1
center,1
complex,1
replaced,1
conveys,1
agency,1
myth,1
multifaceted,1
essays,1
designed,1
reflections,1
cars,1
true,1
prince,1
investigating,1
completely,1
pressing,1
easily,1
studies,1
modern,1
pornography,1
decade,1
ideals,1
earnest,1
policy,1
protection,1
position,1
bubble,1
character,1
assignment,1
total,1
biographical,1
condemnation,1
fashioning,1
something,1
assume,1
edu,1
contested,1
eye,1
controlled,1
dose,1
materials,1
herpes,1
themes,1
negative,1
urgency,1
first,1
cast,1
permit,1
invention,1
long,1
certainly,1
concur,1
preceding,1
production,1
regulating,1
quoting,1
reticence,1
culturally,1
motivations,1
address,1
attempt,1
overpower,1
waldo,1
turbulent,1
initially,1
worked,1
colleges,1
diseases,1
pendulum,1
seems,1
genteel,1
words,1
available,1
scientists,1
skills,1
boyhood,1
leading,1
broadly,1
metamorphosed,1
estimation,1
great,1
reasons,1
wade,1
schooled,1
studied,1
circumscribing,1
breezy,1
hundred,1
reveal,1
room,1
jacket,1
survey,1
take,1
reproduction,1
there,1
tangible,1
mind,1
date,1
respond,1
precisely,1
containment,1
consulting,1
california,1
reading,1
ambiguous,1
outstripped,1
hostility,1
infection,1
lecturer,1
backlash,1
photographer,1
growing,1
case,1
dermatologist,1
est,1
takes,1
sophisticated,1
plain,1
autonomous,1
task,1
studentsdo,1
advice,1
sought,1
discontent,1
discuss,1
right,1
gratification,1
restoring,1
prior,1
howard,1
marked,1
watched,1
compelling,1
activity,1
pretend,1
bibliography,1
bland,1
apart,1
taking,1
reflecting,1
intelligent,1
familial,1
advocating,1
masturbation,1
realistic,1
himself,1
recapture,1
beneath,1
eroded,1
safely,1
engage,1
diversity,1
funded,1
succeed,1
eschewing,1
regarding,1
daughters,1
comprehensive,1
advertisers,1
includes,1
domesticating,1
facts,1
development,1
medical,1
targeted,1
integral,1
group,1
interest,1
lectures,1
destabilized,1
ray,1
ease,1
viewing,1
relations,1
elegantly,1
raises,1
highlighting,1
relatively,1
nurtured,1
topic,1
expected,1
unwilling,1
arena,1
affairs,1
funds,1
progressive,1
turn,1
connote,1
bombarded,1
decisions,1
petting,1
stars,1
perspective,1
burgeoning,1
depend,1
intercourse,1
profound,1
http,1
abortion,1
witnessed,1
find,1
hawes,1
tend,1
communication,1
journal,1
drank,1
scarcity,1
details,1
apparently,1
hardly,1
scripts,1
invites,1
weakness,1
nuanced,1
influence,1
dust,1
master,1
implementation,1
celebrating,1
poverty,1
promised,1
failed,1
rights,1
opposed,1
via,1
erotic,1
york,1
trendsor,1
portrayed,1
observers,1
growth,1
summaries,1
negatively,1
remain,1
edward,1
remote,1
didactic,1
represented,1
granted,1
supplement,1
thing,1
similar,1
losing,1
assuming,1
dialogue,1
adversaries,1
danger,1
crusade,1
enriched,1
lay,1
awareness,1
moves,1
support,1
means,1
understand,1
suppression,1
changes,1
mission,1
devotes,1
postmodern,1
antiwar,1
hygienists,1
organization,1
familiar,1
organized,1
slowly,1
branch,1
liberal,1
producers,1
just,1
air,1
traces,1
mary,1
jersey,1
instrument,1
shore,1
argued,1
calendar,1
threat,1
orientation,1
show,1
fatherhood,1
additional,1
follow,1
idealized,1
willing,1
jessica,1
dominant,1
m,1
opinion,1
screened,1
suggested,1
providing,1
decades,1
drawing,1
strengthen,1
feeblemindedness,1
experimentation,1
uses,1
harder,1
temptation,1
effort,1
stereotype,1
shared,1
radical,1
near,1
ironically,1
compendious,1
burst,1
embedded,1
accurately,1
prompt,1
blow,1
baldly,1
fulfillment,1
teacher,1
population,1
priorities,1
meet,1
younger,1
lenses,1
vivid,1
placed,1
your,1
explain,1
approached,1
taught,1
wide,1
method,1
hopkins,1
scene,1
influenced,1
impression,1
memory,1
receive,1
because,1
aspects,1
undermined,1
feminine,1
shape,1
detractors,1
genre,1
makers,1
scope,1
rape,1
strict,1
instituted,1
concept,1
psychological,1
discusses,1
knowledge,1
nation,1
comment,1
promiscuity,1
eva,1
elizabeth,1
criticized,1
tampons,1
year,1
consistently,1
policies,1
inherited,1
issues,1
literally,1
subtly,1
accidental,1
middle,1
doors,1
swift,1
reflect,1
novels,1
psychologist,1
believes,1
systematic,1
sexism,1
sublimation,1
breadwinning,1
appetites,1
status,1
endorsement,1
currents,1
trends,1
worldviews,1
contradictions,1
misguided,1
annotated,1
working,1
field,1
fuzzy,1
cold,1
counterculture,1
things,1
acne,1
television,1
le,1
militant,1
synthesized,1
discourse,1
sole,1
overshadowed,1
navigated,1
ignore,1
concerns,1
choose,1
depression,1
research,1
registry,1
convey,1
protect,1
corporations,1
classrooms,1
characterizes,1
fitzgerald,1
weiss,1
st,1
proper,1
cycle,1
wedding,1
inform,1
humanistic,1
actions,1
activities,1
avoid,1
sobriety,1
likeminded,1
south,1
span,1
threatened,1
sanctions,1
portion,1
delve,1
therefore,1
womanhood,1
partially,1
units,1
sons,1
demand,1
instructors,1
resides,1
matter,1
contact,1
strictures,1
buttress,1
sanctity,1
economic,1
magnum,1
distorted,1
short,1
judy,1
limited,1
tinkering,1
play,1
prodded,1
revolt,1
irreverent,1
female,1
prevailing,1
suburban,1
gift,1
strains,1
make,1
conceived,1
comments,1
experiences,1
grooming,1
boy,1
terrain,1
backdrop,1
hold,1
religious,1
direction,1
positive,1
sexually,1
impulses,1
filmstrips,1
once,1
communities,1
criticism,1
relied,1
fascinating,1
thought,1
soon,1
tenacity,1
windows,1
boredom,1
index,1
management,1
planned,1
positively,1
abandon,1
shifting,1
purity,1
ethnographic,1
experimental,1
ed,1
colored,1
leak,1
contempt,1
gay,1
department,1
begins,1
noted,1
increasingly,1
speaking,1
rise,1
sensationalistic,1
lot,1
ambiguities,1
useful,1
chose,1
administrators,1
worst,1
meme,1
flapper,1
stronger,1
mentions,1
again,1
spend,1
death,1
drink,1
put,1
moskowitz,1
smith,1
anecdotal,1
conformity,1
admit,1
treatment,1
endorse,1
plan,1
choice,1
educated,1
really,1
msu,1
break,1
larger,1
diverse,1
proliferation,1
doubt,1
prosaic,1
fashion,1
man,1
seldom,1
advocacy,1
audiences,1
patterns,1
took,1
hand,1
drinking,1
imperatives,1
boldest,1
purposes,1
underscores,1
less,1
strategies,1
council,1
maturity,1
agencies,1
focusing,1
carnal,1
woman,1
chronologically,1
belief,1
books,1
manuals,1
reflected,1
going,1
remarkably,1
civilized,1
purged,1
fight,1
local,1
instructional,1
kansas,1
aptly,1
mythic,1
encounter,1
discussion,1
coherent,1
birth,1
made,1
prevention,1
opus,1
mothers,1
range,1
renders,1
uplift,1
limitations,1
impart,1
blume,1
looking,1
birds,1
louis,1
top,1
smoked,1
emphasize,1
affects,1
diaries,1
ideas,1
harvard,1
bed,1
shrewdly,1
actual,1
maturation,1
pamphlets,1
individuals,1
taboos,1
full,1
sees,1
previous,1
imagery,1
unwanted,1
platform,1
open,1
quotation,1
clear,1
disheartening,1
restraint,1
publication,1
movies,1
profession,1
agreement,1
utter,1
workers,1
counter,1
times,1
homes,1
characterized,1
fellow,1
reformers,1
features,1
played,1
nurses,1
offer,1
keen,1
spent,1
fervent,1
unambiguous,1
internal,1
furthered,1
awakening,1
relation,1
interpretations,1
effect,1
masculine,1
cognitive,1
v,1
seeking,1
rhetorical,1
slightly,1
cinematic,1
reformist,1
recurring,1
creativity,1
hope,1
pupils,1
gleaned,1
increasing,1
suggest,1
midcentury,1
aspirations,1
suggestion,1
relying,1
discussing,1
christian,1
fueled,1
aid,1
wisdom,1
she,1
galvanize,1
bars,1
broadened,1
figure,1
legalization,1
johns,1
educatorsincluding,1
ideology,1
begin,1
vague,1
inside,1
attitude,1
insufficient,1
male,1
independence,1
becomes,1
yale,1
lawrence,1
peril,1
try,1
class,1
satisfaction,1
analysis,1
uninspired,1
fall,1
achieve,1
elderly,1
respect,1
kissed,1
expounding,1
saturated,1
get,1
magazines,1
mirror,1
investigate,1
joseph,1
biology,1
claims,1
environment,1
publicly,1
lingerie,1
sketches,1
rarely,1
then,1
judgments,1
following,1
lessons,1
singles,1
conclusion,1
mentioned,1
must,1
founded,1
instructed,1
htm,1
deferred,1
implied,1
chorus,1
quotes,1
narrowly,1
rocky,1
offers,1
here,1
sustained,1
set,1
ran,1
favorably,1
control,1
each,1
sure,1
proponents,1
cultures,1
descriptions,1
different,1
novel,1
capability,1
board,1
altering,1
leaders,1
epitomized,1
printed,1
argue,1
universal,1
money,1
rearing,1
ideological,1
far,1
benefit,1
identities,1
director,1
mass,1
rural,1
works,1
middleclass,1
elders,1
believed,1
n,1
cleaver,1
conservatism,1
reactions,1
inculcating,1
terms,1
stability,1
making,1
particular,1
maintain,1
covers,1
attitudes,1
statement,1
writes,1
theory,1
prioritizes,1
tightly,1
fascination,1
prepare,1
foundations,1
healthy,1
abruptly,1
reigned,1
information,1
encounters,1
almost,1
curtains,1
engineer,1
anxieties,1
conference,1
radically,1
bodies,1
remember,1
deformity,1
level,1
altered,1
conclude,1
excesses,1
scott,1
introduced,1
resignation,1
despite,1
content,1
courses,1
ken,1
waning,1
bourgeois,1
techniques,1
withdrawal,1
tried,1
confronted,1
conventional,1
moms,1
reconstruct,1
bees,1
memories,1
allows,1
homosexuality,1
aims,1
writing,1
varied,1
pregnancies,1
proceeds,1
shores,1
devoted,1
ultimately,1
commercial,1
argument,1
years,1
reveals,1
cambridge,1
initiated,1
repositories,1
paradigm,1
web,1
paneling,1
jazz,1
finally,1
sealed,1
accept,1
reinvigorated,1
motives,1
harm,1
manufacturers,1
include,1
ponders,1
guiding,1
product,1
cautionary,1
regular,1
off,1
polled,1
oversaw,1
bliss,1
measured,1
remains,1
increased,1
ranged,1
epigraph,1
anonymous,1
ensconced,1
mobilized,1
pioneering,1
abstinence,1
c,1
campuses,1
reached,1
debate,1
vacillated,1
minors,1
create,1
dark,1
texts,1
views,1
impunityushered,1
abandoned,1
traditional,1
heir,1
roe,1
images,1
mature,1
seek,1
recent,1
famous,1
virtue,1
meeting,1
mock,1
daughter,1
ca,1
linen,1
race,1
portrait,1
predicated,1
deeper,1
thorough,1
