WORDCOUNTS,WEIGHT
the,142
of,80
to,76
and,76
in,73
johnson,68
s,63
a,47
as,38
dallek,38
his,36
for,36
that,34
political,23
he,22
is,22
was,21
from,16
by,16
senate,16
not,15
with,14
it,13
national,13
caro,12
but,12
more,12
texas,12
be,12
years,11
american,10
about,10
only,10
an,10
when,10
on,9
than,9
liberal,8
well,8
campaign,8
at,7
rights,7
economic,7
congressional,7
leader,7
had,7
programs,7
even,7
history,6
first,6
majority,6
many,6
other,6
conservative,6
new,6
career,6
less,6
civil,6
were,6
i,6
so,6
process,5
one,5
most,5
two,5
deal,5
mccarthy,5
who,5
which,5
personal,5
good,5
also,5
south,4
will,4
now,4
how,4
does,4
southern,4
life,4
means,4
democrats,4
university,4
us,4
committee,4
or,4
then,4
too,4
my,4
biography,4
democratic,4
here,4
interests,4
power,4
important,4
all,4
presidential,4
legislative,4
however,4
has,4
chapter,4
nomination,4
election,4
through,4
its,4
during,4
stevenson,4
legislation,4
development,4
defense,4
senator,4
especially,4
enough,4
like,4
leadership,4
may,3
if,3
been,3
measures,3
coke,3
pages,3
analysis,3
federal,3
support,3
wanted,3
into,3
same,3
welfare,3
picture,3
volume,3
members,3
skill,3
senators,3
book,3
use,3
might,3
p,3
help,3
those,3
staff,3
robert,3
reviews,3
nationalist,3
epstein,3
historians,3
money,3
march,3
account,3
politics,3
these,3
chiefly,3
example,3
role,3
along,3
himself,3
oil,3
both,3
this,3
own,3
against,3
have,3
change,3
large,3
endnotes,3
describes,3
among,3
notes,3
hero,2
business,2
act,2
rather,2
science,2
figure,2
bring,2
ascent,2
appreciation,2
success,2
leon,2
detailed,2
plainly,2
effectively,2
complaint,2
their,2
balanced,2
volumes,2
special,2
positive,2
often,2
construction,2
white,2
yet,2
effort,2
fascinating,2
served,2
win,2
pleasurable,2
largely,2
lyndon,2
policy,2
presidency,2
amply,2
any,2
elsewhere,2
proposed,2
days,2
house,2
source,2
meant,2
unusually,2
consistent,2
bringing,2
narrowly,2
votes,2
text,2
flagrant,2
law,2
attractive,2
over,2
readily,2
three,2
shows,2
longer,2
whom,2
treatment,2
did,2
could,2
includes,2
half,2
particularly,2
out,2
able,2
personality,2
gas,2
liberals,2
historical,2
subsequent,2
ambition,2
works,2
what,2
purposes,2
voting,2
particular,2
perhaps,2
belief,2
public,2
gives,2
fully,2
sought,2
u,2
right,2
pursued,2
almost,2
some,2
emphasis,2
possible,2
spending,2
work,2
abundantly,2
little,2
presented,2
press,2
became,2
minority,2
administration,2
staunchly,2
northern,2
significant,2
measure,2
acknowledges,2
behavior,2
much,2
causes,2
exceptionally,2
labor,2
learned,2
being,2
chapters,2
full,2
until,2
youth,2
theme,2
president,2
difference,2
washington,2
author,2
truman,2
reputation,2
condemnation,2
held,2
although,2
successful,2
skulduggery,2
d,2
hard,2
him,2
earlier,2
last,2
nor,2
several,2
few,2
enacted,2
resolution,2
become,2
effect,2
reached,2
find,2
always,2
early,2
substantial,2
would,2
looks,2
states,2
governor,2
professional,2
senatorial,2
limiting,1
culmination,1
appeal,1
cite,1
humiliating,1
fraudulent,1
go,1
critical,1
knew,1
defended,1
principled,1
purchase,1
tests,1
absentee,1
objectionable,1
liberalism,1
interesting,1
electrification,1
currently,1
respect,1
devote,1
rate,1
transform,1
o,1
evaluates,1
arrangement,1
york,1
me,1
dual,1
personally,1
essential,1
coupled,1
raise,1
note,1
advocate,1
matter,1
precincts,1
no,1
residual,1
materials,1
various,1
common,1
continued,1
statements,1
later,1
meaning,1
action,1
foreign,1
welcomed,1
managing,1
troubled,1
criticize,1
constituents,1
expand,1
opponent,1
angeles,1
district,1
stages,1
facto,1
program,1
opinion,1
successes,1
extreme,1
notoriously,1
appreciate,1
fair,1
contrast,1
forgives,1
republican,1
ambiguous,1
represented,1
formative,1
still,1
considerably,1
judgment,1
pressing,1
obtaining,1
send,1
make,1
mainstream,1
polls,1
domination,1
determination,1
appears,1
holders,1
legendary,1
similar,1
conversion,1
covert,1
try,1
covering,1
impregnable,1
achievements,1
contributions,1
tends,1
zeal,1
star,1
strive,1
risking,1
responsible,1
situation,1
impersonal,1
enhance,1
surrogate,1
impressed,1
list,1
united,1
republicans,1
second,1
space,1
itself,1
oxford,1
biographer,1
reappears,1
uniquely,1
nonmoralistic,1
sets,1
unfolds,1
uncertain,1
reason,1
sudden,1
adequately,1
expenditure,1
makes,1
pp,1
read,1
developments,1
modern,1
day,1
mission,1
joseph,1
gins,1
ensure,1
seat,1
regularly,1
johnreviews,1
devotes,1
considered,1
evil,1
consider,1
eying,1
neither,1
index,1
simultaneously,1
seems,1
output,1
presents,1
share,1
title,1
earliest,1
included,1
policies,1
lone,1
recently,1
light,1
director,1
elected,1
historian,1
discriminatory,1
believed,1
accomplishments,1
senior,1
numbers,1
generally,1
intolerable,1
without,1
chief,1
morality,1
preclude,1
practices,1
appeals,1
circumstances,1
age,1
tainted,1
qualified,1
experience,1
struck,1
noted,1
allows,1
said,1
accommodated,1
member,1
rise,1
anything,1
powerful,1
statement,1
else,1
beyond,1
dixiecrats,1
chose,1
sources,1
electoral,1
hence,1
titles,1
long,1
party,1
winning,1
starting,1
antisubversion,1
name,1
sums,1
willing,1
consuming,1
writes,1
greatness,1
projected,1
military,1
links,1
others,1
admiration,1
ran,1
rapid,1
chance,1
dominated,1
put,1
paragraph,1
meantime,1
stem,1
worked,1
each,1
union,1
experienced,1
projects,1
financial,1
hours,1
opening,1
scientist,1
uses,1
damning,1
are,1
specialized,1
conscientious,1
expenditures,1
unlike,1
chicanery,1
parties,1
tedious,1
reach,1
path,1
exploration,1
seem,1
knowing,1
scientists,1
scholars,1
best,1
broadly,1
lieutenant,1
tolerate,1
villain,1
extravagant,1
correspondingly,1
monumentally,1
difficulty,1
emergence,1
great,1
appeared,1
astonishingly,1
determines,1
sure,1
indeed,1
domestic,1
ambitions,1
loyalty,1
forces,1
suggesting,1
ambiguity,1
striving,1
time,1
seven,1
admittedly,1
compatible,1
demands,1
job,1
tells,1
service,1
internationalist,1
hundred,1
austin,1
infer,1
far,1
end,1
deed,1
benefit,1
number,1
emerge,1
mold,1
foster,1
nevertheless,1
alignment,1
favorite,1
separately,1
intensify,1
disputes,1
roosevelt,1
rural,1
compromised,1
reasons,1
emerges,1
ally,1
enactment,1
faithful,1
late,1
admirers,1
evident,1
person,1
turned,1
readers,1
unions,1
drove,1
affair,1
do,1
raised,1
supporters,1
helping,1
remarkable,1
though,1
surely,1
virtual,1
used,1
reading,1
colorfully,1
innovative,1
war,1
relations,1
johns,1
continuing,1
casting,1
daniel,1
conservatism,1
soften,1
accepted,1
context,1
establish,1
pappy,1
them,1
orthodoxy,1
jobs,1
proposals,1
system,1
cannot,1
meet,1
rising,1
plants,1
customs,1
side,1
lines,1
necessary,1
otherwise,1
energy,1
practice,1
record,1
governmental,1
flaws,1
maintain,1
representatives,1
rich,1
sophisticated,1
xiv,1
nefariousness,1
firmly,1
explain,1
recording,1
sunk,1
comprehension,1
segregationists,1
jewish,1
task,1
capacity,1
after,1
adverse,1
hopkins,1
while,1
primary,1
bases,1
free,1
impression,1
regionally,1
realize,1
secure,1
reminds,1
commitments,1
directly,1
offensiveness,1
colleagues,1
agreed,1
distributing,1
apparently,1
helpful,1
distinguish,1
compelling,1
understanding,1
literature,1
discussion,1
campaigns,1
international,1
link,1
permitted,1
lost,1
reaction,1
already,1
made,1
explanation,1
mild,1
los,1
carry,1
bear,1
son,1
helps,1
biographers,1
addition,1
reader,1
west,1
symbolic,1
prompted,1
likely,1
reported,1
attached,1
securing,1
since,1
except,1
affecting,1
part,1
eighty,1
demonstration,1
politician,1
explicit,1
prevalent,1
sufficiently,1
play,1
related,1
redefining,1
nation,1
forge,1
publishers,1
concessions,1
endearing,1
positions,1
reports,1
ten,1
tag,1
reaffirmation,1
went,1
whole,1
overwhelmingly,1
southerners,1
characteristically,1
masterful,1
fit,1
cleverly,1
sign,1
needed,1
divided,1
rescue,1
congress,1
academics,1
accomplishment,1
overcoming,1
succeed,1
fraudulently,1
segregation,1
story,1
thus,1
nothing,1
prepared,1
franklin,1
dealer,1
vices,1
partisan,1
office,1
newspaper,1
stayed,1
california,1
refugees,1
aid,1
examples,1
seamy,1
vii,1
eventual,1
low,1
accommodation,1
quotation,1
clear,1
quotas,1
objective,1
quest,1
clue,1
fractious,1
stress,1
hierarchy,1
comparing,1
write,1
de,1
virtues,1
substituting,1
sustain,1
victory,1
finally,1
recurs,1
tactical,1
base,1
wish,1
responses,1
register,1
serious,1
running,1
least,1
times,1
reviewers,1
working,1
cruel,1
manicly,1
prodigious,1
impeccable,1
fostered,1
ability,1
stage,1
supremacy,1
dealings,1
forthrightly,1
played,1
manager,1
expected,1
contributors,1
next,1
stresses,1
politically,1
course,1
administrative,1
financing,1
counted,1
diluted,1
exercise,1
attempted,1
terribly,1
eluded,1
candidates,1
presenting,1
persuade,1
event,1
championship,1
amidst,1
explicitly,1
better,1
deeds,1
ranged,1
approved,1
miscounting,1
opposition,1
promotion,1
perspective,1
whip,1
specific,1
blacks,1
kinds,1
concerns,1
body,1
qualities,1
between,1
methods,1
practitioner,1
six,1
extraordinary,1
agency,1
dramatic,1
research,1
themselves,1
allowing,1
compared,1
tactics,1
splendid,1
effective,1
footnotes,1
can,1
crude,1
enemies,1
barely,1
weight,1
postwar,1
probably,1
given,1
scholarly,1
fortress,1
present,1
advantages,1
wife,1
focus,1
credentials,1
details,1
saw,1
strengthening,1
recent,1
majorities,1
achieves,1
specialists,1
unconcealed,1
endnote,1
provided,1
governorship,1
fostering,1
attention,1
showed,1
influence,1
immigration,1
fierce,1
convincingly,1
mccarran,1
annotating,1
incumbent,1
activities,1
major,1
championed,1
admirable,1
avoid,1
poverty,1
