WORDCOUNTS,WEIGHT
the,259
of,137
and,90
to,75
in,68
a,46
as,36
that,36
it,27
was,25
but,25
by,23
for,23
hughes,21
is,20
s,20
state,18
p,17
government,17
an,17
market,16
american,16
has,16
this,14
control,13
not,12
be,12
economic,11
their,11
history,11
on,11
at,10
or,10
had,10
from,10
only,10
new,10
have,10
been,9
they,9
with,9
war,9
economy,9
its,9
controls,9
were,9
he,8
his,8
competition,8
land,8
would,8
common,7
interests,7
power,7
regulatory,7
what,7
since,7
redux,6
all,6
political,6
more,6
markets,6
though,6
public,6
people,6
labor,6
years,6
change,6
world,6
than,6
americans,5
federal,5
policy,5
best,5
could,5
great,5
regulation,5
them,5
well,5
private,5
own,5
against,5
business,5
individual,5
close,5
now,4
act,4
if,4
toward,4
english,4
continuity,4
too,4
these,4
social,4
rather,4
law,4
growth,4
are,4
court,4
reviews,4
free,4
work,4
place,4
both,4
antitrust,4
who,4
individuals,4
adelstein,4
price,4
like,4
between,4
corporations,4
those,4
deeply,4
seems,3
given,3
rights,3
no,3
way,3
sherman,3
put,3
life,3
efficiency,3
about,3
itself,3
expenditure,3
shift,3
university,3
organization,3
into,3
culture,3
result,3
first,3
also,3
greater,3
efforts,3
based,3
commission,3
sees,3
habit,3
forms,3
men,3
present,3
accepted,3
excellent,3
governmental,3
time,3
america,3
march,3
taxes,3
brought,3
say,3
tenure,3
largely,3
colonial,3
our,3
saw,3
reaction,3
munn,3
moral,3
interest,3
instead,3
times,3
commerce,3
need,3
revolution,3
states,3
century,3
after,3
small,3
businesses,3
large,3
continuous,3
when,3
so,3
general,3
competitive,3
mechanism,3
increasing,2
may,2
respect,2
second,2
nation,2
whose,2
demand,2
limits,2
without,2
interference,2
action,2
strategy,2
vision,2
imported,2
how,2
created,2
taste,2
process,2
still,2
reconstruction,2
similar,2
direct,2
roads,2
complex,2
supreme,2
innovation,2
why,2
spending,2
illuminating,2
once,2
moreover,2
opportunities,2
jonathan,2
easily,2
makes,2
pp,2
older,2
favor,2
soon,2
wages,2
under,2
ancient,2
gulliver,2
pursuing,2
just,2
same,2
lord,2
something,2
princeton,2
chief,2
argued,2
colonists,2
regulated,2
increasingly,2
tried,2
carriers,2
awe,2
t,2
organizations,2
technique,2
quickly,2
again,2
attempt,2
view,2
opening,2
reach,2
tradition,2
did,2
wave,2
out,2
economics,2
become,2
incorporation,2
interstate,2
debt,2
i,2
roosevelt,2
simple,2
took,2
precisely,2
employment,2
regulations,2
outlines,2
discipline,2
where,2
less,2
cannot,2
wrong,2
side,2
scale,2
keynesian,2
wealth,2
rich,2
while,2
reflected,2
determine,2
collectivism,2
constitutional,2
argues,2
bigness,2
suggests,2
ideal,2
r,2
activity,2
made,2
conscience,2
insight,2
richard,2
upon,2
ordinances,2
despite,2
resources,2
laws,2
strongly,2
press,2
arms,2
republic,2
socage,2
controlled,2
firms,2
central,2
which,2
advantages,2
shown,2
continuities,2
monopoly,2
inevitable,2
clear,2
twentieth,2
numerous,2
open,2
institutional,2
does,2
national,2
position,2
relatively,2
workers,2
needed,2
period,2
order,2
bryce,2
spirits,2
organism,2
ascendancy,2
left,2
right,2
can,2
keynes,2
seeking,2
through,2
even,2
much,2
details,2
among,2
we,2
roots,2
notes,2
society,2
nonmarket,2
heretics,2
immigration,2
industries,1
courts,1
model,1
try,1
indentured,1
smoothed,1
response,1
littered,1
collectivity,1
will,1
gnp,1
efficiencies,1
principled,1
inferiors,1
divisible,1
authority,1
compete,1
ii,1
nonpayment,1
sovereign,1
situation,1
foreseen,1
essential,1
jeffersonian,1
agitation,1
submerging,1
matter,1
reagan,1
protecting,1
myriad,1
wisdom,1
european,1
prescription,1
uncoordinated,1
provide,1
survive,1
adopt,1
within,1
muted,1
troubled,1
corporate,1
indeed,1
abusive,1
ideology,1
broadest,1
bound,1
salvo,1
europeans,1
superimposed,1
reasonable,1
limited,1
organizing,1
begin,1
influential,1
motivated,1
appreciation,1
lines,1
attitude,1
inappositely,1
college,1
fault,1
doctrine,1
notion,1
independence,1
mood,1
poor,1
gift,1
reason,1
prove,1
alone,1
seen,1
detailed,1
mundane,1
oblique,1
unit,1
coercion,1
revulsion,1
force,1
intervention,1
began,1
voracious,1
distributed,1
changed,1
lilliput,1
democratic,1
sectors,1
start,1
everybody,1
remaining,1
inconsistent,1
egalitarian,1
paradoxical,1
juxtaposition,1
replaced,1
comprised,1
factories,1
whole,1
special,1
book,1
kinds,1
settler,1
methods,1
salable,1
emergency,1
effective,1
analysis,1
white,1
lay,1
existed,1
understand,1
united,1
reluctance,1
frank,1
frontier,1
live,1
rational,1
enforced,1
yet,1
interpretation,1
means,1
regulators,1
promise,1
sown,1
suited,1
mirror,1
subtext,1
emphasis,1
modern,1
surrendering,1
thwarts,1
keynesianism,1
mission,1
wanted,1
servants,1
assumption,1
former,1
fabulously,1
equally,1
distributional,1
challenged,1
neither,1
fixed,1
thesis,1
index,1
today,1
organic,1
descent,1
vigor,1
tax,1
title,1
ontology,1
behavior,1
lilliputians,1
governmentally,1
globe,1
preindustrial,1
clearly,1
before,1
liberties,1
antebellum,1
predominating,1
reified,1
nineteenth,1
sharply,1
financiers,1
gradually,1
passionately,1
series,1
revision,1
colored,1
corpses,1
broad,1
chafed,1
robust,1
humane,1
threat,1
upper,1
collective,1
women,1
leuchtenburg,1
provocative,1
extending,1
needs,1
meant,1
two,1
department,1
experience,1
bad,1
operate,1
superior,1
appealed,1
granger,1
lower,1
norm,1
said,1
rise,1
extension,1
powerful,1
perceptively,1
irrepressible,1
irrationality,1
conception,1
mineral,1
regime,1
entry,1
sources,1
meddled,1
expertise,1
persuade,1
every,1
actually,1
blossomed,1
overseer,1
vesting,1
convincing,1
inexorable,1
name,1
creation,1
posed,1
river,1
dealers,1
ways,1
permanent,1
here,1
encoded,1
alternative,1
established,1
unimaginable,1
instill,1
achieved,1
steady,1
later,1
forty,1
accustomed,1
important,1
accompanies,1
military,1
mighty,1
distrusted,1
acquired,1
outcome,1
might,1
relaxation,1
management,1
rapid,1
treatment,1
pointed,1
body,1
changes,1
curb,1
intellectual,1
emerged,1
tendencies,1
freely,1
england,1
guaranteed,1
perceptive,1
liberty,1
moving,1
clothed,1
closely,1
organized,1
expanding,1
shows,1
company,1
longer,1
shaped,1
idea,1
responsibility,1
extent,1
good,1
location,1
europe,1
precluded,1
head,1
carter,1
medicine,1
correspondingly,1
rule,1
creative,1
plan,1
desire,1
railroad,1
called,1
reasons,1
momentum,1
offers,1
access,1
attempting,1
vicious,1
forces,1
dysfunctional,1
producing,1
ideological,1
icc,1
manifested,1
daily,1
angry,1
able,1
transferred,1
intellectuals,1
xiii,1
any,1
tells,1
hundred,1
resetting,1
pass,1
far,1
inspired,1
clause,1
room,1
seize,1
benefit,1
commitment,1
endeavor,1
sum,1
explicitly,1
captured,1
nuclear,1
man,1
driven,1
there,1
almost,1
search,1
enlarged,1
specially,1
maradelstein,1
failures,1
country,1
elected,1
living,1
masters,1
ought,1
wesleyan,1
puzzling,1
places,1
conclusions,1
discussion,1
hand,1
hawley,1
do,1
beginning,1
v,1
outset,1
funnel,1
ground,1
knows,1
available,1
informed,1
surely,1
commodity,1
powers,1
applauds,1
purchase,1
depression,1
sadly,1
johns,1
developing,1
competitors,1
purposes,1
persuasively,1
lands,1
existing,1
combined,1
seventeenth,1
appears,1
hated,1
population,1
nationalist,1
produced,1
impossible,1
system,1
boats,1
british,1
making,1
rising,1
sorry,1
applied,1
studies,1
necessary,1
kets,1
material,1
politic,1
however,1
flaws,1
wartime,1
crimping,1
sophisticated,1
conclusion,1
establishes,1
forthcoming,1
native,1
theory,1
pique,1
burdened,1
enjoyed,1
distribution,1
sell,1
historians,1
loved,1
colonies,1
laced,1
money,1
draws,1
toe,1
sacrifice,1
revolutionary,1
shifts,1
railways,1
hopkins,1
politicized,1
deficit,1
engine,1
information,1
distortions,1
day,1
because,1
larger,1
produce,1
deal,1
custom,1
gained,1
another,1
influenced,1
thousands,1
account,1
generally,1
compose,1
acknowledgment,1
apparently,1
some,1
basis,1
compelling,1
line,1
aptly,1
quality,1
oil,1
size,1
secured,1
international,1
taxing,1
knew,1
contradictory,1
planning,1
appreciate,1
heralded,1
success,1
treated,1
litigated,1
waite,1
level,1
values,1
must,1
authors,1
protected,1
servant,1
west,1
unless,1
little,1
reality,1
deposits,1
supervision,1
excesses,1
disparities,1
owners,1
alienability,1
civil,1
realities,1
toothless,1
subsidies,1
calls,1
indigenous,1
canals,1
easy,1
circle,1
marketplace,1
buy,1
louis,1
subject,1
contain,1
elizabeth,1
disciplines,1
lies,1
initiative,1
everywhere,1
reliance,1
eroded,1
adapted,1
extended,1
impulses,1
pursuit,1
gave,1
target,1
tracing,1
liberated,1
indisputably,1
persisted,1
unfair,1
accretion,1
during,1
refitted,1
policies,1
granted,1
equity,1
assume,1
vindication,1
inspire,1
congress,1
exploit,1
submitted,1
formerly,1
relies,1
human,1
restraint,1
services,1
lead,1
throughout,1
chartered,1
full,1
purposeful,1
supplied,1
afflicted,1
inefficient,1
ronald,1
scope,1
ends,1
observed,1
expressed,1
accidents,1
whenever,1
systematic,1
statute,1
pattern,1
commercial,1
mine,1
such,1
artificers,1
development,1
ignored,1
xv,1
endorsement,1
jimmy,1
killed,1
run,1
observes,1
radically,1
three,1
dominated,1
contract,1
illinois,1
directed,1
tables,1
manipulation,1
acknowledges,1
thrived,1
piecemeal,1
author,1
police,1
totality,1
clue,1
movement,1
intact,1
logic,1
simply,1
value,1
responses,1
supine,1
held,1
peacetime,1
offer,1
moment,1
previously,1
legacy,1
occupancy,1
transplanted,1
typically,1
sense,1
giant,1
correct,1
labyrinth,1
irrational,1
recounting,1
ellis,1
many,1
controversial,1
vaguie,1
restore,1
strange,1
insofar,1
individualism,1
rooted,1
appended,1
preserve,1
privilege,1
distinction,1
effects,1
politically,1
natural,1
affairs,1
marks,1
tariello,1
defined,1
pinned,1
turn,1
maximization,1
unrealized,1
losing,1
owned,1
sharp,1
managerial,1
lose,1
distinct,1
nor,1
involved,1
stagnating,1
increased,1
better,1
institutionalized,1
pages,1
legally,1
calling,1
keep,1
maintaining,1
autonomy,1
especially,1
specific,1
few,1
problems,1
back,1
potential,1
outcomes,1
systems,1
hotbed,1
leaves,1
compulsory,1
evolutionary,1
often,1
assumed,1
commonsense,1
governments,1
allowed,1
straining,1
cranks,1
third,1
industrialists,1
conflated,1
churlish,1
served,1
unseemly,1
themselves,1
robbed,1
gene,1
pouring,1
june,1
protect,1
played,1
tactics,1
weapons,1
succeeded,1
perverse,1
seeds,1
individualistic,1
truly,1
fervor,1
enterprise,1
construction,1
find,1
profit,1
pool,1
always,1
early,1
allocational,1
attitudinal,1
drawn,1
working,1
impoverished,1
rein,1
ownership,1
approach,1
story,1
instruments,1
journal,1
william,1
preserving,1
successes,1
brandeis,1
principal,1
demonstration,1
technological,1
panic,1
drew,1
destruction,1
plausible,1
enormous,1
laborers,1
example,1
should,1
fiscal,1
doing,1
literally,1
pervasive,1
moved,1
aggregate,1
settle,1
rates,1
customs,1
overlooked,1
justice,1
concomitant,1
seemed,1
decision,1
attenuated,1
richly,1
culminate,1
