WORDCOUNTS,WEIGHT
the,196
of,102
and,94
in,62
jewish,60
to,54
a,44
that,31
for,30
american,28
s,28
as,26
svonkin,25
jews,25
p,24
friedman,24
civil,22
rights,18
on,18
he,17
from,17
his,15
an,15
their,14
they,12
history,12
by,12
new,12
movement,11
many,11
social,11
velt,10
more,10
while,10
intergroup,10
community,9
with,9
was,9
organizations,9
political,9
historians,9
relations,9
research,9
at,8
prejudice,8
years,8
ajc,7
most,7
what,7
racial,7
own,7
between,7
liberalism,6
is,6
adl,6
ajcongress,6
roosevelt,6
some,6
its,6
this,6
alliance,6
against,6
have,6
postwar,6
world,6
equality,5
groups,5
dollinger,5
who,5
creation,5
power,5
leaders,5
yene,5
historical,5
die,5
ethnic,5
black,5
blacks,5
study,5
than,5
it,4
if,4
over,4
analysis,4
once,4
support,4
when,4
school,4
into,4
liberal,4
wrong,4
historiography,4
liberties,4
those,4
activism,4
reviews,4
important,4
america,4
fight,4
politics,4
cooperation,4
discrimination,4
went,4
programs,4
our,4
which,4
were,4
offered,4
recent,4
scientific,3
action,3
economic,3
leonard,3
education,3
involvement,3
studies,3
considered,3
university,3
or,3
organized,3
home,3
these,3
two,3
powerful,3
stuart,3
embraced,3
offers,3
affirmative,3
again,3
naacp,3
scholars,3
other,3
reform,3
out,3
deal,3
end,3
contemporary,3
advocated,3
past,3
there,3
better,3
murray,3
war,3
them,3
your,3
well,3
campaigns,3
understanding,3
liberals,3
press,3
nation,3
assumptions,3
writing,3
collapse,3
explained,3
such,3
three,3
approach,3
september,3
defense,3
late,3
even,3
concluded,3
south,2
aim,2
relationship,2
americans,2
york,2
sometimes,2
louis,2
how,2
commitment,2
subject,2
classic,2
episodes,2
still,2
b,2
lamented,2
group,2
religious,2
inspired,2
about,2
not,2
yet,2
wake,2
distinct,2
pp,2
thought,2
us,2
position,2
weaves,2
index,2
culture,2
same,2
argued,2
threat,2
reliance,2
increasingly,2
first,2
lee,2
long,2
organizational,2
interests,2
attacks,2
helped,2
slave,2
all,2
criticized,2
paternalism,2
efforts,2
fact,2
company,2
commission,2
memory,2
individuals,2
could,2
disproportionate,2
current,2
effort,2
concludes,2
religion,2
nationalism,2
infers,2
muhammad,2
serious,2
struggle,2
jeffries,2
never,2
rise,2
readers,2
redefined,2
charged,2
secular,2
khalid,2
form,2
reminds,2
takes,2
despite,2
trade,2
has,2
subsequent,2
spike,2
argues,2
marc,2
intent,2
both,2
vital,2
professionals,2
goldstein,2
city,2
calls,2
quotas,2
african,2
recapture,2
concern,2
overview,2
farrakhan,2
colonial,2
questions,2
central,2
come,2
legislation,2
historiographic,2
argument,2
league,2
since,2
points,2
motives,2
public,2
legacy,2
david,2
would,2
played,2
after,2
adopted,2
convincing,2
back,2
columbia,2
posture,2
scholarship,2
be,2
debate,2
percent,2
unwitting,2
abandoned,2
focus,2
roots,2
notes,2
sociopsychological,2
generation,2
attention,2
subversive,1
fails,1
mental,1
resolve,1
crow,1
liberty,1
carried,1
democracy,1
retreated,1
critical,1
drescher,1
yields,1
tenet,1
margins,1
schools,1
republican,1
fuchs,1
led,1
acculturation,1
states,1
racism,1
revisit,1
revisionist,1
deny,1
reduced,1
cover,1
hasidim,1
moguls,1
ventured,1
fathers,1
influential,1
reagan,1
no,1
practices,1
protecting,1
minimizes,1
hostility,1
act,1
redefine,1
rather,1
leo,1
science,1
bulk,1
indicated,1
revisionists,1
slavery,1
portrayed,1
main,1
himself,1
centered,1
criticize,1
wrote,1
indeed,1
identity,1
impressive,1
ideology,1
activists,1
created,1
debated,1
foster,1
spearheaded,1
boycott,1
limited,1
employment,1
career,1
dash,1
acknowledged,1
forward,1
college,1
legitimate,1
strengthen,1
depression,1
presentation,1
communism,1
benefiting,1
contrast,1
success,1
oppressed,1
kindness,1
represented,1
eliminated,1
strongly,1
mainstream,1
notably,1
pushed,1
lawrence,1
weaknesses,1
understand,1
systemic,1
experiences,1
yiddish,1
church,1
originated,1
inadequate,1
center,1
derived,1
direct,1
complex,1
one,1
effectiveness,1
life,1
methods,1
responsible,1
mobility,1
resilient,1
distant,1
white,1
designed,1
existed,1
much,1
bibliographical,1
awareness,1
frank,1
undergirding,1
repression,1
remind,1
criticism,1
supporting,1
howe,1
ways,1
h,1
fair,1
sympathy,1
coalition,1
worlds,1
afrocentrism,1
paradox,1
largely,1
modern,1
extremists,1
pay,1
immigrant,1
diner,1
earliest,1
praise,1
spirit,1
tensions,1
consider,1
policy,1
neither,1
periods,1
committee,1
had,1
familiar,1
today,1
turns,1
participants,1
inequality,1
seasoned,1
latest,1
rarely,1
then,1
any,1
thinking,1
before,1
director,1
quoted,1
expansive,1
growing,1
teaching,1
limits,1
lessons,1
series,1
revision,1
communists,1
source,1
but,1
faiths,1
returned,1
largest,1
xi,1
exodus,1
charity,1
provocative,1
virginianorth,1
fires,1
highlight,1
congress,1
begins,1
democratic,1
ever,1
breakdowns,1
came,1
fabric,1
lynching,1
regional,1
origins,1
implemented,1
aside,1
connecting,1
considers,1
present,1
especially,1
sources,1
diluted,1
davis,1
cost,1
sentiment,1
labor,1
whom,1
stoking,1
certainly,1
leader,1
problems,1
goals,1
lewis,1
exploitation,1
also,1
disdain,1
media,1
law,1
dissertation,1
pasadena,1
challenge,1
infamous,1
later,1
journey,1
behavior,1
know,1
others,1
ran,1
attempt,1
view,1
astronomical,1
foretold,1
benefits,1
intellectual,1
refused,1
antidote,1
towards,1
country,1
rith,1
contention,1
j,1
royal,1
nature,1
whites,1
proponents,1
reveals,1
generational,1
artists,1
communal,1
turnabout,1
india,1
shows,1
connection,1
pointed,1
aftermath,1
opposition,1
europe,1
fundamental,1
universalist,1
tradition,1
harbor,1
effectively,1
leading,1
secondary,1
uneasy,1
doctoral,1
holds,1
assertion,1
detrimental,1
together,1
criminal,1
estimation,1
wealthy,1
luther,1
beliefs,1
reasons,1
generations,1
universal,1
judge,1
grounding,1
analyses,1
pressed,1
moses,1
ideological,1
lived,1
follows,1
governed,1
government,1
intellectuals,1
shared,1
promised,1
remain,1
sharpen,1
far,1
relate,1
carolina,1
debates,1
worker,1
argue,1
substantially,1
primary,1
chairman,1
emerge,1
minimize,1
illness,1
captured,1
movie,1
spingarn,1
hands,1
almost,1
remark,1
mass,1
embrace,1
passage,1
emerges,1
feingold,1
turned,1
unions,1
eliminates,1
previously,1
stand,1
sacred,1
do,1
v,1
outset,1
reserved,1
ground,1
richmond,1
remarkable,1
though,1
california,1
letting,1
where,1
committed,1
greensboro,1
intelligence,1
johns,1
will,1
denouncing,1
motivated,1
muse,1
unique,1
appears,1
rose,1
terms,1
moore,1
precept,1
celebrated,1
list,1
heavily,1
jim,1
system,1
speech,1
british,1
strategies,1
references,1
dealing,1
older,1
met,1
fend,1
lines,1
can,1
material,1
record,1
agencies,1
focusing,1
covers,1
existence,1
unbalanced,1
forthcoming,1
writes,1
books,1
controversy,1
problem,1
king,1
formulation,1
cruse,1
propaganda,1
money,1
gives,1
earlier,1
hopkins,1
number,1
sought,1
politicized,1
free,1
demonizes,1
u,1
borne,1
day,1
great,1
levering,1
remains,1
solving,1
failure,1
remained,1
shape,1
treatises,1
biting,1
chapter,1
account,1
original,1
chaotic,1
participation,1
views,1
felt,1
credit,1
virginia,1
jonah,1
antisemitism,1
activity,1
egalitarian,1
illustrate,1
grand,1
work,1
idealistic,1
drive,1
thirst,1
election,1
degenerated,1
made,1
individual,1
sacrifices,1
strict,1
upon,1
obvious,1
voted,1
concluding,1
claim,1
imagined,1
dutch,1
writings,1
apart,1
midrash,1
disproving,1
conspiratorial,1
nai,1
combating,1
little,1
point,1
advancement,1
part,1
x,1
sea,1
explains,1
competing,1
cited,1
looking,1
curriculum,1
pulls,1
role,1
ignored,1
prophetic,1
attributed,1
tried,1
looked,1
emotional,1
significant,1
eroded,1
affection,1
genuine,1
gave,1
west,1
recounts,1
joel,1
split,1
proper,1
separation,1
harold,1
ranks,1
punches,1
worse,1
probes,1
collective,1
challenges,1
beginnings,1
people,1
ideas,1
aims,1
brion,1
learned,1
segregation,1
relies,1
participated,1
conflict,1
irving,1
nothing,1
continue,1
chapters,1
franklin,1
throughout,1
proposition,1
personal,1
focuses,1
contentious,1
away,1
office,1
tzedakah,1
considerable,1
hardened,1
impenetrable,1
clinging,1
disorder,1
laments,1
ultimately,1
models,1
author,1
missions,1
eventual,1
only,1
theses,1
development,1
presentist,1
visions,1
ethnicity,1
dinnerstein,1
trends,1
historic,1
modem,1
grew,1
informed,1
judaism,1
national,1
nazi,1
interracial,1
superficial,1
citing,1
flinched,1
accept,1
contests,1
forgotten,1
united,1
good,1
change,1
relatively,1
ease,1
documentation,1
fresh,1
held,1
offer,1
joined,1
state,1
sure,1
unpopular,1
started,1
genetics,1
blurred,1
field,1
conducted,1
unwillingness,1
period,1
so,1
cold,1
blamed,1
assessment,1
reshape,1
rooted,1
high,1
barrier,1
disregarded,1
admitted,1
lobbied,1
centrality,1
you,1
arena,1
forced,1
order,1
deborah,1
off,1
seymour,1
head,1
membership,1
partial,1
discredit,1
pluralistic,1
velten,1
gimulut,1
malcolm,1
lose,1
contributions,1
nor,1
shift,1
ignorance,1
campaign,1
perspective,1
doubtless,1
several,1
educational,1
vi,1
freed,1
probe,1
pearl,1
besides,1
deterrent,1
promote,1
mining,1
response,1
psychological,1
acts,1
exaggeration,1
young,1
recalls,1
themselves,1
mystery,1
sight,1
anticommunism,1
interpretations,1
assessing,1
third,1
examine,1
effect,1
methodological,1
loving,1
era,1
price,1
fighting,1
henry,1
stereotypical,1
blackjewish,1
conspiracy,1
element,1
translate,1
hollywood,1
remarkably,1
develop,1
hasia,1
traditional,1
vice,1
selfishness,1
describes,1
instances,1
seek,1
we,1
landmark,1
joint,1
diminished,1
leadership,1
founder,1
building,1
productive,1
irresponsible,1
pervasive,1
roles,1
influence,1
montgomery,1
race,1
vividly,1
major,1
battles,1
society,1
separate,1
thorough,1
rischin,1
