WORDCOUNTS,WEIGHT
the,140
and,115
of,99
to,66
in,54
a,48
kelley,41
her,37
s,33
women,26
she,21
for,21
was,20
that,18
labor,17
on,17
female,15
as,15
by,15
at,13
sklar,13
his,13
new,13
social,12
this,10
with,9
into,9
house,9
political,9
work,9
an,8
who,8
american,8
had,8
public,8
were,8
when,8
child,7
hull,7
york,7
history,7
but,7
which,7
state,7
from,6
most,6
first,6
conditions,6
progressive,6
impressive,5
their,5
is,5
university,5
scharf,5
more,5
all,5
florence,5
america,5
process,5
pugh,5
father,5
made,5
enforcement,5
so,5
reformers,5
between,5
working,5
generation,5
he,4
power,4
whose,4
male,4
cohort,4
sarah,4
class,4
policy,4
culture,4
industrial,4
time,4
children,4
there,4
woman,4
through,4
come,4
illinois,4
would,4
altgeld,4
will,3
it,3
appointment,3
courts,3
engels,3
limits,3
way,3
economic,3
activists,3
everyone,3
perkins,3
same,3
are,3
chief,3
common,3
law,3
decades,3
based,3
did,3
p,3
base,3
roosevelt,3
men,3
sweat,3
those,3
william,3
committed,3
what,3
reviews,3
unique,3
however,3
has,3
both,3
powers,3
inspector,3
introduced,3
nation,3
largely,3
place,3
appointed,3
legislation,3
devoted,3
years,3
league,3
three,3
moral,3
have,3
workers,3
volume,3
brave,3
features,3
chicago,3
networks,3
capitalism,3
governor,3
remarkable,3
survived,2
model,2
defended,2
press,2
second,2
philadelphia,2
bureau,2
dilemma,2
english,2
lazar,2
action,2
husband,2
stood,2
service,2
aunt,2
brief,2
jane,2
college,2
responded,2
lobbying,2
kish,2
still,2
returned,2
expanded,2
just,2
replaced,2
one,2
volumes,2
life,2
provisions,2
once,2
space,2
not,2
education,2
mother,2
parents,2
strategies,2
exceptional,2
coalition,2
rigorous,2
western,2
thesis,2
home,2
then,2
cornell,2
biographical,2
accrued,2
shifting,2
impact,2
veritable,2
without,2
two,2
emotional,2
democratic,2
experienced,2
conway,2
additional,2
only,2
shop,2
followed,2
party,2
members,2
fronts,2
also,2
helped,2
over,2
capitalists,2
advanced,2
hours,2
standards,2
efforts,2
formidable,2
expanding,2
agenda,2
could,2
feminism,2
reform,2
eventually,2
found,2
radical,2
friend,2
solution,2
hazards,2
devised,2
took,2
further,2
activism,2
founder,2
where,2
courage,2
making,2
opposition,2
encountered,2
march,2
kathryn,2
well,2
demonstrated,2
politics,2
used,2
abolitionist,2
bibliography,2
basis,2
even,2
consumers,2
upon,2
lois,2
met,2
wischnewetzky,2
revealed,2
eleanor,2
role,2
rationale,2
use,2
gave,2
describe,2
policies,2
feminists,2
issues,2
postbellum,2
bill,2
gain,2
statistics,2
frances,2
argument,2
careers,2
skills,2
jill,2
change,2
creating,2
extensive,2
general,2
consumer,2
protest,2
next,2
after,2
association,2
family,2
especially,2
prominent,2
addams,2
suggested,2
boundaries,2
effective,2
other,2
national,2
details,2
newly,2
increasing,1
fails,1
proposed,1
periods,1
difficult,1
democracy,1
failed,1
wctu,1
rights,1
appeal,1
critical,1
republican,1
abolition,1
depressed,1
via,1
radicalized,1
womanhood,1
related,1
rejected,1
positions,1
fueled,1
mute,1
eclectic,1
o,1
off,1
circle,1
struggle,1
essential,1
century,1
companionship,1
advocate,1
no,1
due,1
indecision,1
russian,1
edge,1
factory,1
reviewer,1
implemented,1
alleviated,1
provide,1
assert,1
broadened,1
links,1
bring,1
crucial,1
within,1
been,1
reelections,1
quickly,1
groups,1
mechanisms,1
magisterial,1
constituents,1
embarked,1
informing,1
maps,1
stop,1
interpretation,1
boycott,1
organizing,1
superiority,1
elected,1
career,1
acknowledged,1
congressman,1
hold,1
slum,1
independence,1
constraints,1
permission,1
gaining,1
success,1
ills,1
accepted,1
alone,1
universities,1
venues,1
transformed,1
translation,1
detailed,1
yale,1
arm,1
neighborhood,1
make,1
legal,1
eight,1
strife,1
case,1
they,1
anxiety,1
center,1
generally,1
newton,1
countries,1
quaker,1
ferocious,1
engineered,1
surveyed,1
factories,1
studies,1
sanctuary,1
special,1
enacted,1
study,1
often,1
middleand,1
danger,1
illustrations,1
analysis,1
maternity,1
journal,1
graduates,1
designed,1
undoubtedly,1
appropriateness,1
convictions,1
mortality,1
join,1
voice,1
library,1
dutiful,1
drafted,1
yet,1
constitute,1
graduation,1
incipient,1
rebuffed,1
americans,1
examined,1
opportunities,1
determination,1
solutions,1
administering,1
coverage,1
worlds,1
changes,1
pp,1
read,1
nl,1
funeral,1
applied,1
investigate,1
ardent,1
affect,1
ensure,1
wages,1
under,1
realities,1
hair,1
zurich,1
overprotected,1
whomever,1
organization,1
index,1
or,1
physically,1
ardor,1
shaw,1
dictates,1
forays,1
title,1
unrewarded,1
tackle,1
overturning,1
liberal,1
camaraderie,1
precedence,1
girls,1
antebellum,1
accomplishments,1
senior,1
welfare,1
matriculate,1
source,1
haunt,1
culled,1
witnessing,1
largest,1
these,1
biography,1
baker,1
founded,1
build,1
different,1
department,1
cutting,1
reports,1
predominantly,1
poised,1
potential,1
enforce,1
exploited,1
rise,1
frameworks,1
popular,1
known,1
passed,1
t,1
efficient,1
isolation,1
physical,1
relished,1
comparisons,1
sources,1
redefine,1
compliance,1
long,1
overseer,1
shops,1
embraced,1
narrowly,1
charity,1
organizations,1
starting,1
problems,1
name,1
successfully,1
autodidactic,1
victorian,1
somehow,1
acquired,1
alternative,1
injustice,1
setting,1
recruited,1
set,1
theory,1
dominant,1
business,1
implications,1
give,1
sometimes,1
projected,1
tenements,1
rested,1
debating,1
milieu,1
protariff,1
faced,1
again,1
address,1
admiration,1
gathered,1
refusal,1
identified,1
intellectual,1
nancy,1
refused,1
worked,1
principle,1
garrisonian,1
friends,1
intellect,1
added,1
many,1
financial,1
active,1
nature,1
headquarters,1
proponents,1
malleable,1
determined,1
uses,1
usefulness,1
legislative,1
communal,1
remembered,1
possibilities,1
whom,1
admit,1
ailing,1
interested,1
introduce,1
fourteen,1
homestead,1
questioned,1
europe,1
lavishes,1
toll,1
lobby,1
maternal,1
contextual,1
down,1
wracked,1
pressure,1
oftenabsent,1
reserve,1
teases,1
walked,1
instability,1
tours,1
ph,1
josephine,1
desire,1
republicanism,1
explicated,1
vision,1
erase,1
accessible,1
essence,1
regulation,1
post,1
pressed,1
inspectors,1
foundation,1
effort,1
kerr,1
educated,1
achievement,1
out,1
peter,1
energetic,1
can,1
studied,1
job,1
magnified,1
susceptible,1
john,1
framework,1
concludes,1
very,1
end,1
room,1
expository,1
precarious,1
products,1
niece,1
associations,1
iron,1
emerge,1
fashion,1
man,1
mandate,1
translating,1
emotionally,1
legislature,1
feature,1
outrage,1
failures,1
embrace,1
mined,1
sweated,1
term,1
options,1
improved,1
academic,1
turned,1
feminist,1
outside,1
belongings,1
reformer,1
companion,1
left,1
believed,1
influences,1
monographs,1
stint,1
employment,1
geography,1
born,1
budgets,1
focused,1
rampaging,1
ventures,1
reading,1
cott,1
ambiguous,1
theodore,1
johns,1
developing,1
intrusions,1
honed,1
investigation,1
reign,1
reelection,1
them,1
wright,1
form,1
cohorts,1
less,1
larger,1
british,1
wherein,1
students,1
joined,1
younger,1
delights,1
pertinent,1
energy,1
eulogy,1
conviction,1
colony,1
disparity,1
important,1
coining,1
style,1
rounds,1
successor,1
searched,1
belief,1
series,1
find,1
recuperated,1
autonomous,1
stretched,1
distance,1
lived,1
implement,1
insightful,1
immersed,1
gained,1
hopkins,1
stunning,1
free,1
unchallenged,1
al,1
remedies,1
mandated,1
biographies,1
contemporary,1
economics,1
sites,1
attacking,1
deal,1
sociability,1
property,1
published,1
imperative,1
almost,1
agreed,1
welcome,1
some,1
capable,1
emphasis,1
possible,1
protected,1
clout,1
dabbled,1
relief,1
caregiver,1
urban,1
meetings,1
infant,1
mandatory,1
protectionism,1
grand,1
paucity,1
predictable,1
intense,1
identify,1
obviously,1
accompanying,1
translate,1
values,1
represented,1
age,1
entrance,1
concept,1
formal,1
adjective,1
carroll,1
point,1
degrees,1
springboard,1
intentions,1
later,1
intelligent,1
familial,1
lowell,1
civil,1
laws,1
household,1
knowledge,1
clause,1
judge,1
became,1
negative,1
redefining,1
whenever,1
ruling,1
herself,1
data,1
buy,1
gender,1
unbridled,1
concern,1
secretary,1
thriving,1
lesser,1
went,1
struck,1
engage,1
freedom,1
despondent,1
during,1
refined,1
arguments,1
summarizes,1
rescue,1
challenges,1
vocabulary,1
ideas,1
harvard,1
submitted,1
insure,1
distanced,1
daughters,1
speaking,1
intergenerational,1
thereafter,1
hour,1
merit,1
mentor,1
amendment,1
improving,1
examinations,1
trip,1
personal,1
full,1
publication,1
married,1
office,1
recruitment,1
endnote,1
experiences,1
than,1
lapsed,1
sound,1
xviii,1
acclaim,1
theoretical,1
models,1
fourteenth,1
accuracy,1
disposed,1
annotated,1
theme,1
immediate,1
such,1
status,1
difference,1
reject,1
pursue,1
combine,1
since,1
backgrounds,1
placing,1
connecting,1
intraand,1
contract,1
graduate,1
abused,1
permit,1
hierarchy,1
investigatory,1
materials,1
unmarried,1
jew,1
persona,1
f,1
position,1
author,1
finally,1
overwhelmed,1
agent,1
health,1
victory,1
makes,1
lady,1
crisis,1
advocacy,1
counter,1
settlements,1
brother,1
individual,1
adopted,1
apparatus,1
renounced,1
needed,1
organized,1
judges,1
residents,1
caused,1
smith,1
protective,1
like,1
building,1
revised,1
application,1
length,1
period,1
need,1
jr,1
pig,1
stymied,1
laborious,1
contact,1
responses,1
alumnae,1
socialist,1
high,1
assured,1
played,1
attributes,1
traveled,1
politically,1
beloved,1
colleagues,1
defined,1
kept,1
voluntary,1
enfranchisement,1
discourse,1
socialism,1
preservation,1
phrase,1
believing,1
constituted,1
provides,1
remains,1
involved,1
divisive,1
commissioner,1
exchange,1
requesting,1
several,1
underscore,1
writings,1
mind,1
profits,1
portray,1
supported,1
few,1
accomplished,1
back,1
concerns,1
marriage,1
engagements,1
surrender,1
response,1
industry,1
contrasting,1
replicated,1
industrialists,1
presence,1
young,1
become,1
research,1
endnotes,1
distinguished,1
rejection,1
scholarship,1
convinces,1
motherhood,1
negotiate,1
telling,1
soundness,1
era,1
expatriated,1
d,1
materialized,1
postwar,1
maximum,1
including,1
conscience,1
analyze,1
sciences,1
surveys,1
arthurdale,1
actors,1
spite,1
wife,1
splitting,1
describes,1
enhanced,1
staff,1
among,1
we,1
haven,1
unsanitary,1
notes,1
regulations,1
engagement,1
unpublished,1
diminished,1
fill,1
encyclopedia,1
professional,1
ago,1
delivered,1
marx,1
propose,1
daughter,1
reflections,1
built,1
attention,1
fierce,1
rest,1
close,1
prescient,1
maternalism,1
massive,1
concluded,1
activities,1
justice,1
neill,1
scholarly,1
blackstone,1
resulted,1
society,1
presumed,1
let,1
