WORDCOUNTS,WEIGHT
the,165
of,97
and,71
to,59
in,46
urban,42
a,39
is,33
that,31
cities,31
monkkonen,31
he,25
as,24
s,24
american,23
history,23
for,23
it,21
p,19
city,17
but,16
not,15
his,14
are,14
with,13
new,13
this,13
was,12
which,12
be,12
at,11
from,11
more,11
have,11
than,11
by,10
were,10
book,9
or,9
on,9
they,8
their,8
also,8
less,8
has,8
america,8
our,8
problems,8
world,8
we,8
been,7
other,7
what,7
much,7
an,7
warner,6
then,6
did,6
there,6
according,6
point,6
can,6
does,5
old,5
us,5
too,5
rabinowitz,5
era,5
most,5
growth,4
make,4
about,4
true,4
makes,4
rather,4
all,4
wade,4
how,4
those,4
however,4
status,4
howard,4
made,4
richard,4
its,4
human,4
own,4
like,4
century,4
between,4
because,4
major,4
failed,3
go,3
center,3
decisions,3
often,3
yet,3
exceptionalism,3
university,3
n,3
nineteenth,3
monograph,3
only,3
beyond,3
social,3
sam,3
different,3
whom,3
historians,3
could,3
appeared,3
audience,3
historical,3
do,3
reviews,3
them,3
form,3
textbook,3
xiv,3
bass,3
problem,3
going,3
u,3
well,3
chapter,3
wilderness,3
reader,3
intended,3
use,3
central,3
thus,3
eric,3
argument,3
such,3
argues,3
approach,3
t,3
good,3
would,3
general,3
quite,3
times,3
especially,3
actions,3
among,3
notes,3
model,2
chronological,2
implicitly,2
carried,2
critical,2
metropolis,2
schools,2
now,2
today,2
south,2
mexico,2
variety,2
way,2
if,2
section,2
action,2
corporate,2
indeed,2
synthesis,2
watch,2
dangers,2
others,2
ahistorical,2
kind,2
glaab,2
becomes,2
force,2
claimed,2
study,2
surprising,2
h,2
get,2
pp,2
modern,2
conscious,2
western,2
school,2
into,2
falls,2
same,2
blaine,2
impact,2
nice,2
no,2
humanist,2
fact,2
quotes,2
june,2
classroom,2
theory,2
helped,2
implications,2
brownell,2
might,2
view,2
over,2
towns,2
control,2
uses,2
lacked,2
shaped,2
europe,2
automobile,2
histories,2
rule,2
argue,2
differences,2
sunbelt,2
years,2
deal,2
able,2
clearly,2
practitioners,2
themselves,2
very,2
end,2
survey,2
resolved,2
past,2
serious,2
never,2
places,2
state,2
fits,2
basic,2
remarkable,2
born,2
political,2
unlikely,2
where,2
theodore,2
power,2
terms,2
produced,2
potentially,2
material,2
chudacoff,2
produce,2
transportation,2
primary,2
right,2
having,2
work,2
concept,2
little,2
ohio,2
despite,2
example,2
knowledge,2
press,2
place,2
challenges,2
contains,2
people,2
evolution,2
real,2
services,2
chapters,2
economic,2
optimistic,2
asking,2
since,2
three,2
goldfield,2
profession,2
david,2
field,2
product,2
shaping,2
sinclair,2
changes,2
provides,2
nor,2
small,2
charles,2
back,2
potential,2
highly,2
governments,2
narrow,2
left,2
topics,2
always,2
when,2
even,2
student,2
look,2
strong,2
roots,2
so,2
crime,2
finds,2
attention,2
brown,2
society,2
critics,1
frequent,1
given,1
will,1
f,1
therefore,1
decentralized,1
interesting,1
shoreline,1
san,1
disappointing,1
allegedly,1
alleged,1
units,1
done,1
york,1
town,1
frederick,1
raise,1
provide,1
sins,1
european,1
common,1
act,1
howe,1
within,1
five,1
aimed,1
main,1
service,1
short,1
jacksonian,1
focal,1
primate,1
tyranny,1
acquaint,1
maps,1
prose,1
surprisingly,1
learning,1
promotional,1
flowed,1
premodern,1
again,1
housing,1
market,1
unplanned,1
brief,1
jane,1
edges,1
restate,1
determine,1
midwest,1
exception,1
institutions,1
e,1
suburban,1
suburbanization,1
poor,1
neatly,1
etc,1
active,1
jungle,1
still,1
goes,1
sennett,1
notably,1
effectively,1
unwieldy,1
earlier,1
lasted,1
legal,1
threaten,1
unprecedented,1
importance,1
cracks,1
certain,1
police,1
large,1
roads,1
parts,1
seemingly,1
one,1
achievements,1
hold,1
institutionalized,1
studies,1
positive,1
confuse,1
mobility,1
illustrations,1
lewis,1
essays,1
united,1
hope,1
disciples,1
witty,1
space,1
live,1
moves,1
relied,1
gathering,1
federal,1
strictly,1
reference,1
statisticians,1
approaches,1
promise,1
itself,1
bosses,1
lives,1
solutions,1
easily,1
struggle,1
requiring,1
builds,1
me,1
skyline,1
message,1
photographs,1
technology,1
columbus,1
diffuse,1
judith,1
continuity,1
consider,1
policy,1
protection,1
claims,1
improvement,1
neither,1
thesis,1
index,1
seems,1
arguments,1
anthropomorphic,1
meant,1
illuminates,1
misses,1
variable,1
sprightly,1
any,1
reformer,1
sum,1
conclusions,1
just,1
historian,1
growing,1
arguing,1
series,1
topical,1
deliver,1
gets,1
words,1
humane,1
amend,1
already,1
biography,1
lessons,1
ve,1
switches,1
jurgis,1
two,1
department,1
demonstrate,1
simply,1
extensive,1
bridges,1
ever,1
hartz,1
being,1
enclaves,1
reinforced,1
anything,1
railroads,1
statement,1
either,1
wondering,1
concerning,1
sketch,1
unsuitable,1
refreshing,1
subjective,1
borrow,1
long,1
every,1
plea,1
organizations,1
requires,1
mixture,1
text,1
creation,1
puts,1
tour,1
here,1
statistical,1
pervasive,1
omission,1
founding,1
flash,1
news,1
mumford,1
faults,1
important,1
quickly,1
innovations,1
concentrated,1
providing,1
berkeley,1
fragmentation,1
elusive,1
restatements,1
myths,1
numerical,1
methodology,1
regulatory,1
promoting,1
emerged,1
epilogue,1
each,1
addition,1
sure,1
england,1
generously,1
talking,1
had,1
crippling,1
paper,1
tear,1
closely,1
distribution,1
television,1
carroll,1
came,1
outside,1
lack,1
interested,1
path,1
ushering,1
hexagonal,1
key,1
gone,1
capital,1
tradition,1
best,1
midwestern,1
secondary,1
fearing,1
broadly,1
found,1
epitomized,1
creative,1
wealthy,1
great,1
strength,1
surprised,1
vision,1
reform,1
returns,1
forces,1
imaginary,1
sprawling,1
rich,1
resembles,1
children,1
educated,1
out,1
antifederalists,1
format,1
xiii,1
coauthor,1
closer,1
goods,1
package,1
substantially,1
noting,1
factors,1
meanwhile,1
him,1
farmer,1
nevertheless,1
find,1
subsequent,1
help,1
fields,1
search,1
observes,1
typifies,1
faith,1
works,1
emerges,1
assessment,1
course,1
late,1
person,1
mind,1
readers,1
trouble,1
determinism,1
animal,1
learn,1
paris,1
principal,1
didn,1
causes,1
iconoclast,1
scholarly,1
focused,1
deteriorate,1
witnessed,1
unbecoming,1
johns,1
purposes,1
carefully,1
context,1
whether,1
centerless,1
population,1
see,1
ironically,1
british,1
making,1
adna,1
case,1
ignores,1
issue,1
grounds,1
vivid,1
ahead,1
governmental,1
maintain,1
tension,1
mere,1
perhaps,1
taxes,1
time,1
metropolitan,1
eastern,1
dwellers,1
taught,1
pleased,1
stretched,1
wright,1
widespread,1
jacobs,1
public,1
sewage,1
structure,1
paved,1
hopkins,1
weren,1
sought,1
free,1
wants,1
brilliant,1
expensive,1
addresses,1
percent,1
cloth,1
wrapped,1
watershed,1
hierarchies,1
property,1
another,1
information,1
skillfully,1
almost,1
demands,1
credit,1
some,1
emphasis,1
r,1
understanding,1
correctly,1
diverse,1
makers,1
open,1
literature,1
illustrate,1
discussion,1
bc,1
who,1
incorporation,1
resurrecting,1
permitted,1
overviews,1
residents,1
examples,1
pursue,1
both,1
functions,1
easier,1
bodies,1
carries,1
ownership,1
must,1
concluding,1
repetition,1
claim,1
imagined,1
onto,1
communities,1
apart,1
region,1
destroys,1
conceptual,1
coordination,1
through,1
rudkiss,1
disjointed,1
simultaneously,1
calls,1
increased,1
became,1
along,1
himself,1
predecessors,1
louis,1
subject,1
financed,1
tenets,1
findings,1
entirely,1
plenty,1
whole,1
unfortunately,1
tortuous,1
contrasts,1
benefit,1
plumbs,1
gripping,1
size,1
virtually,1
proper,1
inaccurately,1
attract,1
pursuing,1
describes,1
issues,1
colonial,1
smartly,1
mention,1
lower,1
expanded,1
officers,1
optimism,1
structures,1
accorded,1
stimulate,1
pan,1
iconoclastic,1
story,1
london,1
varied,1
debt,1
individuals,1
first,1
throughout,1
come,1
personal,1
sees,1
previous,1
away,1
ends,1
fun,1
california,1
believes,1
synthetic,1
preferring,1
until,1
powerful,1
youth,1
damascus,1
theme,1
development,1
difference,1
quality,1
clear,1
mired,1
type,1
health,1
initially,1
tables,1
hierarchy,1
comprehensive,1
national,1
write,1
de,1
author,1
points,1
accept,1
subtle,1
dominated,1
buzz,1
crisis,1
everchanging,1
review,1
rural,1
ended,1
individual,1
least,1
instead,1
closing,1
although,1
adaptive,1
allowed,1
touches,1
integrated,1
started,1
nonurban,1
characterized,1
caused,1
smith,1
define,1
approves,1
building,1
period,1
ely,1
jr,1
responsibility,1
function,1
revolution,1
states,1
getting,1
latch,1
sources,1
affairs,1
colleagues,1
order,1
defined,1
seeks,1
after,1
reaches,1
abundant,1
accused,1
stringing,1
around,1
loose,1
rejecting,1
document,1
academic,1
comparison,1
spanish,1
upton,1
unschooled,1
revelation,1
article,1
leaves,1
nicely,1
depression,1
disaster,1
flawed,1
young,1
become,1
urbane,1
doubling,1
geographers,1
straw,1
compared,1
weber,1
xvi,1
exactly,1
effective,1
chicago,1
truly,1
teach,1
activities,1
mechanical,1
debate,1
d,1
partial,1
commission,1
explore,1
including,1
men,1
probably,1
predictable,1
surveys,1
hostage,1
unbounded,1
southwest,1
equivalent,1
unreadable,1
practically,1
critique,1
figures,1
these,1
details,1
technological,1
structured,1
famous,1
value,1
ago,1
controversial,1
rethink,1
arresting,1
moved,1
race,1
rest,1
close,1
laws,1
overlooked,1
evidently,1
perception,1
shocked,1
depths,1
endorses,1
means,1
walls,1
standard,1
