WORDCOUNTS,WEIGHT
the,186
of,134
and,69
to,61
wilson,60
s,60
a,54
in,48
that,42
his,28
for,27
hecksher,27
he,24
an,21
world,20
with,17
as,15
on,15
from,14
woodrow,13
is,12
our,12
at,11
by,11
this,11
american,10
one,9
not,9
was,9
most,9
p,9
author,9
could,8
war,8
america,8
its,8
be,8
economic,7
life,7
biography,7
first,7
more,7
book,7
has,7
president,7
have,7
revolution,7
it,6
history,6
into,6
but,6
public,6
new,6
which,6
so,6
will,5
foreign,5
princeton,5
also,5
interests,5
international,5
material,5
some,5
private,5
peace,5
national,5
order,5
policy,5
much,5
whose,4
adds,4
united,4
university,4
or,4
reinvention,4
other,4
scholars,4
together,4
narrative,4
any,4
man,4
less,4
time,4
such,4
own,4
future,4
nation,4
diplomacy,4
levin,4
states,4
values,4
settlement,4
mcmahon,4
response,4
when,4
even,4
decision,4
wilsonian,4
mexico,3
figure,3
commitment,3
career,3
administration,3
who,3
about,3
ways,3
mexican,3
presents,3
offers,3
set,3
important,3
toward,3
over,3
all,3
are,3
shaped,3
treatment,3
advantage,3
versailles,3
events,3
those,3
reviews,3
within,3
well,3
years,3
almost,3
account,3
link,3
politics,3
point,3
part,3
subject,3
behavior,3
would,3
prosperity,3
postwar,3
than,3
portrait,3
deeper,3
does,2
york,2
no,2
european,2
provide,2
if,2
bring,2
crucial,2
vision,2
concern,2
combine,2
sympathetic,2
they,2
constituted,2
likewise,2
their,2
derived,2
achievements,2
study,2
effective,2
opportunities,2
treaty,2
security,2
makes,2
interpretive,2
modern,2
fought,2
march,2
critical,2
light,2
driven,2
too,2
ever,2
passion,2
explicable,2
rather,2
leader,2
posed,2
power,2
attempt,2
appear,2
been,2
j,2
character,2
efforts,2
europe,2
great,2
forces,2
personality,2
arthur,2
nationalism,2
i,2
there,2
roosevelt,2
assessment,2
equally,2
robert,2
though,2
scholarly,2
economy,2
persuasively,2
merchants,2
see,2
cannot,2
side,2
books,2
aspects,2
failure,2
suggests,2
capable,2
proves,2
literature,2
idealistic,2
both,2
psychological,2
very,2
two,2
role,2
along,2
moral,2
significant,2
strand,2
issues,2
framework,2
thus,2
were,2
previous,2
idealism,2
only,2
argues,2
shield,2
contradictions,2
certain,2
reputation,2
aware,2
never,2
august,2
course,2
moment,2
instead,2
times,2
include,2
although,2
commerce,2
integrated,2
realism,2
jr,2
n,2
emerges,2
him,2
century,2
strategic,2
seeks,2
religious,2
developments,2
family,2
men,2
needs,2
moralistic,2
especially,2
problems,2
save,2
wholly,2
themselves,2
scholarship,2
truly,2
era,2
enterprise,2
probably,2
story,2
wife,2
focus,2
notes,2
throughout,2
commanding,2
gordon,2
nations,1
heavily,1
appeal,1
omission,1
may,1
south,1
difficult,1
themes,1
incline,1
age,1
failed,1
threatened,1
laguardia,1
increasing,1
sweeping,1
equation,1
explanations,1
simultaneously,1
forceful,1
moreover,1
panoramic,1
second,1
sons,1
business,1
communist,1
german,1
dominates,1
neutral,1
courting,1
perspectives,1
definitive,1
without,1
myriad,1
wisdom,1
way,1
george,1
heroic,1
subjected,1
bold,1
observers,1
later,1
johns,1
mayor,1
flourish,1
explain,1
absent,1
soviet,1
melded,1
short,1
indeed,1
rights,1
impressive,1
labors,1
eminent,1
surprisingly,1
righteous,1
separated,1
affairs,1
sklar,1
mars,1
play,1
various,1
weighted,1
intended,1
credibility,1
appreciation,1
kind,1
interventions,1
brief,1
dimension,1
college,1
interdependence,1
nationalities,1
intriguing,1
brings,1
prevailing,1
remarked,1
needlessly,1
inviting,1
represented,1
community,1
son,1
ultimate,1
totally,1
dealt,1
darkness,1
gripping,1
presently,1
determined,1
them,1
await,1
appleman,1
overlap,1
arno,1
humanity,1
capitalists,1
brand,1
leave,1
settlements,1
countries,1
suffers,1
balanced,1
complex,1
articles,1
integrity,1
changes,1
often,1
produced,1
adversaries,1
unusual,1
reinforced,1
encapsulated,1
illustrations,1
powerfully,1
analysis,1
distant,1
white,1
reassessment,1
fixation,1
confronting,1
fall,1
enigmaticfigures,1
sheds,1
once,1
periodic,1
biographer,1
harshly,1
annoying,1
yet,1
solidarity,1
fields,1
fascinating,1
clumsy,1
itself,1
wake,1
remains,1
coverage,1
worlds,1
pp,1
read,1
struggle,1
paradox,1
romantic,1
hued,1
serve,1
historians,1
advancing,1
ensure,1
message,1
attachment,1
reshaping,1
considerations,1
credulity,1
inextricably,1
official,1
scribner,1
us,1
echoes,1
boundary,1
academe,1
marred,1
index,1
school,1
had,1
producers,1
harsh,1
presidency,1
curiously,1
laid,1
occurred,1
home,1
falls,1
emergence,1
heavy,1
rarely,1
presumably,1
linked,1
thinking,1
expressed,1
section,1
quoted,1
historian,1
safe,1
guise,1
same,1
idealist,1
air,1
completion,1
dominate,1
sharply,1
house,1
preoccupation,1
variety,1
attuned,1
appropriately,1
chief,1
argued,1
right,1
focusing,1
regime,1
certainly,1
solid,1
already,1
must,1
according,1
ideals,1
efficacy,1
reemergence,1
test,1
unusually,1
simply,1
struck,1
diplomatic,1
premonotory,1
scarcely,1
increasingly,1
williams,1
fact,1
appears,1
anything,1
voluminous,1
powerful,1
bush,1
work,1
scrutiny,1
journalist,1
inconsistencies,1
stitching,1
lifelong,1
social,1
unearthed,1
skillful,1
friends,1
physical,1
dwarf,1
sources,1
ideas,1
outbreak,1
tantalizing,1
few,1
narrows,1
convincing,1
tragedies,1
appealing,1
schooling,1
strivings,1
seamless,1
inmcmahon,1
challenge,1
protean,1
humanitarian,1
chaos,1
military,1
mark,1
motivations,1
desperately,1
decades,1
others,1
fragmentation,1
drawing,1
renewed,1
view,1
bettering,1
refusal,1
meaning,1
promoting,1
control,1
introducing,1
tendencies,1
each,1
union,1
advanced,1
many,1
literary,1
raw,1
products,1
deeplyheld,1
present,1
liberty,1
unlike,1
different,1
friendly,1
incomplete,1
expanding,1
unifying,1
delineation,1
willingly,1
global,1
calculation,1
principles,1
wars,1
aftermath,1
least,1
believe,1
allow,1
capital,1
best,1
twenty,1
secondary,1
leaders,1
stroke,1
desire,1
argue,1
erosion,1
hands,1
nevertheless,1
appeared,1
current,1
developed,1
domestic,1
attempting,1
attack,1
orbits,1
allied,1
rich,1
foundation,1
ensuring,1
uncharacteristically,1
particularly,1
out,1
recognize,1
missionary,1
insufficiency,1
associates,1
hear,1
money,1
forging,1
far,1
radical,1
end,1
epochal,1
contemporary,1
separating,1
noting,1
contends,1
resulting,1
impulses,1
build,1
historical,1
emerge,1
fashion,1
free,1
help,1
shores,1
search,1
writes,1
innumerable,1
base,1
fresh,1
minister,1
respects,1
scores,1
rhetoric,1
senate,1
propitious,1
forms,1
makeup,1
academic,1
readers,1
stand,1
studies,1
influences,1
beginning,1
paris,1
gifts,1
understood,1
imperatives,1
suffering,1
equal,1
intrudes,1
terpretation,1
focused,1
posited,1
resistant,1
where,1
what,1
theodore,1
continuing,1
developing,1
champion,1
investigation,1
risked,1
unique,1
unsentimental,1
papers,1
prosper,1
theless,1
explosive,1
stability,1
british,1
making,1
degree,1
suffered,1
confrontation,1
case,1
coincided,1
forth,1
can,1
quote,1
unconvincing,1
spoke,1
series,1
record,1
however,1
eye,1
deep,1
sophisticated,1
assortment,1
frightening,1
woman,1
daunting,1
approached,1
youth,1
eastern,1
compelled,1
directly,1
necessities,1
repeated,1
tending,1
task,1
knowledgeable,1
threats,1
insightful,1
fully,1
hopkins,1
while,1
sought,1
possibility,1
u,1
rekindle,1
puzzlement,1
rests,1
lofty,1
forthrightly,1
anticipate,1
weltanschauung,1
none,1
shape,1
fight,1
balance,1
another,1
imagine,1
russia,1
demonstrated,1
episode,1
lends,1
universalistic,1
opened,1
hypocrisy,1
becomes,1
emphasis,1
interrelated,1
wove,1
compelling,1
understanding,1
line,1
greatest,1
exploring,1
concentrating,1
investment,1
condition,1
discussion,1
admits,1
melodrama,1
strain,1
intense,1
scope,1
wrenching,1
mayer,1
listening,1
bibliography,1
explanation,1
upon,1
level,1
occasionally,1
crossed,1
speculates,1
true,1
careful,1
biographers,1
clear,1
sides,1
eloquently,1
taking,1
significantly,1
little,1
formative,1
through,1
injection,1
distinctly,1
interaction,1
example,1
civil,1
revolutions,1
worldwise,1
politician,1
depended,1
seminal,1
apparent,1
calls,1
realistic,1
ministers,1
press,1
became,1
department,1
convinced,1
marketplace,1
capitalize,1
narrator,1
tried,1
interest,1
impose,1
emotional,1
foresaw,1
narrowness,1
everywhere,1
profitable,1
identifies,1
stake,1
use,1
virtual,1
engage,1
stirring,1
tale,1
freedom,1
entry,1
largely,1
transcendent,1
reconstruct,1
twin,1
arguments,1
numerous,1
perplexed,1
challenges,1
contains,1
congress,1
guilty,1
inexplicably,1
aside,1
relevance,1
founders,1
reinvent,1
human,1
militarism,1
regarding,1
conflict,1
rare,1
device,1
examination,1
multidimensional,1
lapses,1
supple,1
exerted,1
energies,1
full,1
comprehending,1
collapse,1
triumphs,1
married,1
held,1
peculiar,1
spokesmen,1
formation,1
epic,1
shown,1
project,1
resort,1
shrewd,1
immediate,1
burden,1
league,1
reveals,1
significance,1
presbyterian,1
rendered,1
consumed,1
since,1
diplomat,1
health,1
against,1
visited,1
graduate,1
shattering,1
twentieth,1
paradigm,1
web,1
conditions,1
authors,1
shortcomings,1
ailments,1
silent,1
ambiguities,1
dominated,1
victory,1
divine,1
motives,1
spawned,1
momentous,1
large,1
failures,1
manufacturers,1
defense,1
relations,1
sense,1
statesman,1
caused,1
stylist,1
building,1
period,1
need,1
questionable,1
restore,1
markets,1
stage,1
features,1
dealings,1
speculations,1
serves,1
industrial,1
credit,1
bancroft,1
involvements,1
after,1
keenly,1
keen,1
unity,1
phrase,1
provides,1
affectionate,1
extremely,1
martin,1
elements,1
climactic,1
speak,1
around,1
fiorello,1
overshadowed,1
small,1
perspective,1
permitted,1
glaring,1
person,1
offered,1
charles,1
statesmanship,1
profound,1
accomplished,1
wider,1
construct,1
highly,1
systems,1
qualities,1
executive,1
between,1
seek,1
pursuit,1
compounded,1
insists,1
peril,1
dramatic,1
internecine,1
narrow,1
reference,1
unapologetic,1
distinguished,1
played,1
interpretations,1
tactics,1
third,1
witnessed,1
junctures,1
telling,1
teach,1
occasions,1
deem,1
debate,1
profit,1
structure,1
always,1
inflexibility,1
create,1
early,1
successfully,1
including,1
substantial,1
exclusively,1
death,1
documentary,1
dependent,1
unresolved,1
stimulating,1
loftiness,1
traditional,1
seapower,1
details,1
strong,1
confesses,1
we,1
establishment,1
tendency,1
deeply,1
vindictive,1
william,1
florida,1
appropriate,1
caution,1
should,1
ago,1
develop,1
provided,1
hardly,1
invites,1
readable,1
surely,1
attention,1
influence,1
acknowledge,1
himself,1
dualisms,1
guiding,1
evidently,1
ment,1
concerted,1
richly,1
uncritical,1
curriculum,1
china,1
