WORDCOUNTS,WEIGHT
the,191
of,114
and,77
in,76
to,52
that,47
a,41
english,36
lepore,36
s,32
is,30
as,28
she,27
new,26
war,26
american,24
indians,24
indian,23
england,23
for,23
on,20
p,19
history,17
not,16
be,16
it,15
with,15
was,15
but,15
an,15
identity,14
this,13
they,12
by,12
one,11
literacy,11
john,11
have,11
out,10
philip,10
may,9
pp,9
cherokee,9
all,9
were,9
than,9
might,8
who,8
or,8
before,8
more,8
between,8
warfare,8
such,8
his,7
if,7
about,7
from,7
had,7
georgia,7
book,7
sword,7
king,7
her,7
its,7
their,6
too,6
those,6
see,6
colonists,6
sassamon,6
colonial,6
pen,6
can,6
early,6
much,6
these,5
two,5
law,5
are,5
though,5
ed,5
killed,5
writings,5
dowd,5
against,5
canup,5
century,5
we,5
settlers,4
he,4
nation,4
mightier,4
itself,4
us,4
boundary,4
allies,4
into,4
women,4
origins,4
metamora,4
also,4
j,4
called,4
been,4
there,4
questions,4
what,4
reviews,4
case,4
hirsch,4
even,4
among,4
european,3
christian,3
always,3
meaning,3
killing,3
why,3
elaborate,3
white,3
later,3
nineteenth,3
tentative,3
most,3
first,3
n,3
only,3
sources,3
writing,3
name,3
writes,3
other,3
evidence,3
figure,3
know,3
decades,3
words,3
december,3
whom,3
torture,3
children,3
account,3
clearly,3
guesses,3
historical,3
talcott,3
play,3
well,3
native,3
seven,3
some,3
virginia,3
xiii,3
wilderness,3
made,3
subject,3
keeley,3
story,3
which,3
argument,3
argues,3
three,3
america,3
dangerous,3
james,3
so,3
seeks,3
event,3
nor,3
men,3
pages,3
become,3
themselves,3
codes,3
sheer,3
hubbard,3
finds,3
society,3
mohawk,2
enough,2
go,2
does,2
cherokees,2
sweeping,2
now,2
americans,2
iroquois,2
nonetheless,2
important,2
mooney,2
five,2
wrote,2
treatises,2
remain,2
life,2
fear,2
lethal,2
limited,2
trans,2
says,2
make,2
evans,2
proportion,2
lawrence,2
misreads,2
large,2
makes,2
often,2
analysis,2
puritans,2
georgians,2
when,2
understand,2
utterly,2
modern,2
joseph,2
latter,2
university,2
emergence,2
any,2
proved,2
something,2
political,2
rendered,2
contact,2
ever,2
long,2
provide,2
neither,2
victim,2
locke,2
again,2
death,2
l,2
towns,2
many,2
cultures,2
gregory,2
idea,2
key,2
asserts,2
conduct,2
did,2
could,2
great,2
sure,2
attack,2
stood,2
government,2
enemy,2
asserting,2
court,2
contends,2
jill,2
removal,2
works,2
culture,2
last,2
never,2
further,2
stand,2
v,2
william,2
captive,2
cultural,2
carefully,2
context,2
them,2
produced,2
less,2
cannot,2
however,2
time,2
historians,2
particularly,2
worcester,2
right,2
almost,2
another,2
none,2
w,2
vast,2
discussion,2
jacksonian,2
knopf,2
upon,2
meanings,2
preserved,2
careful,2
adoption,2
brant,2
despite,2
example,2
along,2
supreme,2
largely,2
during,2
place,2
dress,2
representation,2
nothing,2
literate,2
employed,2
development,2
both,2
points,2
since,2
placing,2
language,2
victory,2
algonquians,2
fatal,2
sense,2
fuzzy,2
blamed,2
speculations,2
after,2
turn,2
adam,2
night,2
relations,2
forms,2
mistakes,2
body,2
forrest,2
hugo,2
presence,2
fully,2
northern,2
notes,2
grotius,2
generation,2
disturbing,2
cites,2
at,1
jurist,1
fails,1
playfully,1
wampanoags,1
i,1
interesting,1
hardware,1
moreover,1
rate,1
racism,1
underground,1
appropriation,1
stonewall,1
york,1
town,1
lineup,1
dangerously,1
unknowable,1
violation,1
ruling,1
belonged,1
flintlocks,1
without,1
onlookers,1
butler,1
aggressive,1
rather,1
carried,1
fortified,1
letters,1
bold,1
silences,1
sometimes,1
stream,1
bring,1
inadequacy,1
populations,1
identified,1
mighty,1
wrought,1
destroy,1
foreign,1
tres,1
names,1
ways,1
unwilling,1
sentences,1
nathaniel,1
civilization,1
plays,1
outlined,1
either,1
how,1
ready,1
edward,1
williams,1
alliance,1
culminated,1
tried,1
others,1
page,1
extend,1
lines,1
classic,1
citizens,1
brief,1
reference,1
revolutionary,1
primarily,1
fictionalizing,1
cut,1
slow,1
burke,1
becomes,1
contrast,1
mean,1
europeans,1
success,1
demonstrates,1
colonizers,1
dabbles,1
converted,1
community,1
seen,1
chides,1
pacis,1
longhouse,1
popularity,1
dignify,1
laslett,1
succession,1
seventeenth,1
stands,1
phrases,1
modus,1
heard,1
earlier,1
persistent,1
criolian,1
legal,1
stabbers,1
similar,1
unsuccessful,1
generalizes,1
study,1
rapidly,1
colonist,1
indicate,1
southern,1
startlingly,1
graduated,1
reception,1
religious,1
witness,1
revelation,1
agency,1
abhorred,1
illustrations,1
identify,1
existed,1
feel,1
achieve,1
frank,1
fact,1
heavily,1
consequences,1
second,1
authority,1
pivotal,1
firmer,1
criticism,1
incarcerating,1
commemoration,1
measured,1
unfortunately,1
british,1
justifying,1
violence,1
fascinating,1
thomas,1
meanwhile,1
opportunities,1
easily,1
studies,1
wotawquenange,1
read,1
struggle,1
publications,1
romantic,1
thought,1
freely,1
englishness,1
old,1
blurred,1
meant,1
unnamed,1
morgan,1
tribe,1
devotes,1
former,1
decade,1
god,1
barbarous,1
consider,1
challenged,1
times,1
quantitative,1
family,1
river,1
thesis,1
index,1
school,1
troubles,1
ancient,1
critical,1
belli,1
kelsey,1
graphs,1
curiously,1
sixteenthand,1
assimilation,1
writ,1
falls,1
total,1
ambitious,1
then,1
thinking,1
positively,1
coat,1
stable,1
invite,1
actually,1
just,1
protestations,1
antebellum,1
brutal,1
growing,1
same,1
undergird,1
augusta,1
efforts,1
mary,1
quoted,1
nakedness,1
literally,1
indictment,1
al,1
joins,1
threat,1
already,1
biography,1
assaults,1
kill,1
provocative,1
department,1
dramatically,1
emotional,1
simply,1
extensive,1
goodness,1
increasingly,1
common,1
notre,1
came,1
uncomfortably,1
fingered,1
way,1
scrutiny,1
t,1
beyond,1
explaining,1
published,1
treats,1
followed,1
cotton,1
malone,1
willingness,1
invention,1
chronicling,1
fraught,1
embraced,1
trademarks,1
problems,1
text,1
preceding,1
insidious,1
protests,1
drew,1
sustained,1
coexist,1
set,1
researched,1
helped,1
hulbert,1
years,1
attempts,1
david,1
fell,1
transforming,1
military,1
close,1
exposed,1
address,1
counsel,1
edmund,1
keen,1
over,1
appear,1
preserve,1
generated,1
rejects,1
promote,1
quills,1
hear,1
refused,1
unwarranted,1
conquest,1
printer,1
contention,1
duplicity,1
opening,1
release,1
scholars,1
uses,1
fatality,1
delves,1
syllabic,1
contemptuous,1
possibilities,1
andrew,1
knives,1
arrival,1
believe,1
leach,1
tradition,1
colonization,1
accommodate,1
uneasy,1
limbs,1
print,1
warm,1
desire,1
devastation,1
puritan,1
confederacy,1
reminiscent,1
rioted,1
skulking,1
traditionalists,1
portrayal,1
disgust,1
moses,1
shaping,1
narrative,1
teases,1
patrick,1
valley,1
sometime,1
reed,1
picks,1
tells,1
gift,1
cayton,1
mississippi,1
compassion,1
collision,1
cannan,1
state,1
audience,1
contemporary,1
doubt,1
within,1
associations,1
examining,1
eliot,1
swamp,1
percentages,1
captured,1
subsequent,1
man,1
past,1
dead,1
introduces,1
serious,1
audiences,1
reasons,1
secretly,1
type,1
ruthlessly,1
ethnographer,1
m,1
anthropologist,1
wonder,1
survivors,1
places,1
written,1
drove,1
defend,1
thickly,1
cards,1
wit,1
scholarly,1
used,1
reading,1
answers,1
responsibility,1
where,1
numbers,1
embellished,1
hostile,1
johns,1
accepted,1
teute,1
archibald,1
appears,1
whether,1
hinz,1
terms,1
triggered,1
rhetorical,1
nationals,1
until,1
accounts,1
sovereignty,1
issue,1
side,1
scale,1
empty,1
technology,1
otherwise,1
spoke,1
practice,1
house,1
dame,1
adopted,1
converting,1
alfred,1
style,1
marshall,1
homelessness,1
perhaps,1
plain,1
eastern,1
assault,1
pleased,1
christianity,1
has,1
colonies,1
laced,1
approvingly,1
jack,1
gives,1
wampapaquan,1
bilingualism,1
hopkins,1
while,1
number,1
u,1
masculinity,1
facts,1
revels,1
influenced,1
brilliant,1
doubtful,1
notebooks,1
degree,1
failure,1
constitutional,1
confronts,1
precedent,1
guesswork,1
textual,1
fight,1
struggling,1
enslavement,1
huge,1
original,1
generally,1
simon,1
demonstrated,1
felt,1
brings,1
e,1
r,1
watched,1
line,1
reaction,1
extended,1
admits,1
work,1
demos,1
mohegan,1
popular,1
worlds,1
survive,1
lost,1
nameless,1
schama,1
marking,1
consciousness,1
system,1
greene,1
apparatus,1
ferocity,1
eighteenth,1
speculates,1
him,1
jure,1
slaves,1
claim,1
imagined,1
exporting,1
trajectory,1
distinctively,1
psychological,1
politics,1
little,1
ohio,1
through,1
decisive,1
purpose,1
far,1
discusses,1
international,1
whites,1
waging,1
sent,1
knowledge,1
calls,1
alternatives,1
esp,1
press,1
became,1
speechless,1
lays,1
object,1
homeland,1
memorializing,1
giving,1
himself,1
commonly,1
caught,1
minority,1
puzzled,1
englishmen,1
command,1
happens,1
unrecorded,1
loss,1
confronted,1
literature,1
feared,1
friends,1
island,1
wonderful,1
arguments,1
francis,1
behavior,1
enraged,1
libre,1
prologue,1
morality,1
signal,1
people,1
winning,1
learned,1
relies,1
human,1
amalgamated,1
poignancy,1
regarding,1
actual,1
freedom,1
morton,1
cruelty,1
individuals,1
chapters,1
our,1
g,1
et,1
violated,1
breathtaking,1
douglas,1
cry,1
captives,1
fredrika,1
surely,1
devoted,1
xviii,1
halls,1
tell,1
happiness,1
sacred,1
contrarily,1
dying,1
stanford,1
schwarze,1
mohegans,1
unable,1
roger,1
difference,1
frontiers,1
own,1
run,1
clear,1
intensified,1
quest,1
wielded,1
archaeological,1
blindly,1
refuse,1
assumes,1
unpublished,1
de,1
author,1
citing,1
discursive,1
agent,1
peter,1
subverts,1
formulas,1
tool,1
crisis,1
good,1
change,1
subtitle,1
social,1
review,1
fresh,1
contributed,1
triumphant,1
construct,1
instead,1
americas,1
portray,1
defensive,1
land,1
proceeding,1
define,1
brutality,1
creolization,1
no,1
cruel,1
useful,1
belongs,1
tobias,1
general,1
physical,1
unredeemed,1
living,1
murderers,1
rowlandson,1
tribal,1
seeming,1
high,1
you,1
attaches,1
learning,1
villagers,1
defined,1
theater,1
degeneracy,1
down,1
losing,1
honestly,1
phrase,1
cases,1
abundant,1
claims,1
segment,1
ordeal,1
elements,1
indianized,1
speak,1
speculative,1
definitive,1
campaign,1
sentence,1
roughly,1
ac,1
speculate,1
promotion,1
several,1
herself,1
arguably,1
spanish,1
autonomy,1
preponderance,1
evelyn,1
formation,1
especially,1
charles,1
driving,1
few,1
convincing,1
teunissen,1
contrary,1
algonquian,1
choose,1
removed,1
imaginative,1
surfaced,1
executed,1
pursuits,1
vivendi,1
portrait,1
honest,1
breathes,1
relation,1
narrow,1
endnotes,1
c,1
played,1
assertive,1
tactics,1
left,1
scott,1
boundaries,1
villages,1
mainly,1
effect,1
unites,1
truly,1
tomahawks,1
compare,1
find,1
like,1
fighting,1
learn,1
slenderest,1
fears,1
london,1
probably,1
analyze,1
edwin,1
rarely,1
present,1
journal,1
traditional,1
slim,1
classics,1
world,1
figures,1
stumbles,1
uncertainties,1
saw,1
zeisberger,1
deeply,1
here,1
destruction,1
traditions,1
specialists,1
startled,1
mather,1
civil,1
born,1
opposite,1
built,1
deer,1
certainties,1
rates,1
convincingly,1
vividly,1
fenton,1
brown,1
error,1
major,1
odd,1
cutthroats,1
casts,1
actor,1
narragansett,1
separate,1
because,1
thorough,1
kept,1
spare,1
