WORDCOUNTS,WEIGHT
the,242
of,120
and,84
in,75
to,58
a,56
sinclair,45
s,40
for,32
that,31
was,29
had,27
california,21
on,21
by,19
campaign,18
he,16
with,16
state,16
at,15
his,15
election,14
it,12
political,12
governor,12
party,11
who,11
were,11
mitchell,11
they,10
as,10
from,10
some,10
an,9
would,9
is,8
not,8
democratic,8
new,8
him,8
republican,7
film,7
american,7
one,7
but,7
upton,7
them,7
politics,7
its,7
which,7
against,7
be,7
merriam,7
been,6
angeles,6
how,6
candidate,6
day,6
into,6
tax,6
out,6
i,6
los,6
vote,6
media,6
race,6
their,5
about,5
united,5
history,5
house,5
unemployed,5
kevles,5
first,5
all,5
other,5
dollars,5
what,5
primary,5
percent,5
himself,5
epic,5
won,5
times,5
like,5
radio,5
much,5
if,4
gubernatorial,4
told,4
industry,4
established,4
or,4
total,4
before,4
elected,4
votes,4
could,4
half,4
end,4
number,4
just,4
reviews,4
killed,4
whitaker,4
campaigns,4
made,4
including,4
sent,4
advertising,4
have,4
least,4
although,4
general,4
states,4
after,4
candidates,4
news,4
among,4
we,4
studio,4
journalist,3
go,3
theaters,3
action,3
mayer,3
harry,3
b,3
republicans,3
democrats,3
university,3
two,3
too,3
only,3
either,3
name,3
production,3
book,3
others,3
over,3
each,3
many,3
did,3
lieutenant,3
called,3
thalberg,3
produced,3
teague,3
however,3
has,3
money,3
these,3
haight,3
headed,3
press,3
louis,3
loss,3
come,3
check,3
office,3
league,3
this,3
three,3
write,3
victory,3
studios,3
running,3
century,3
farms,3
californians,3
association,3
candidacy,3
employees,3
june,3
newspapers,3
coast,3
offensive,3
northern,3
than,3
notes,3
will,2
pay,2
fifty,2
front,2
business,2
york,2
voters,2
no,2
way,2
george,2
program,2
hatfield,2
fear,2
sheridan,2
measures,2
jungle,2
chaplin,2
papers,2
polls,2
registered,2
factories,2
contributions,2
methods,2
statewide,2
chamber,2
raymond,2
makes,2
albert,2
under,2
then,2
occurred,2
primaries,2
any,2
something,2
chandler,2
frightened,2
most,2
various,2
being,2
said,2
cast,2
known,2
beyond,2
defeat,2
supported,2
every,2
organizations,2
more,2
growers,2
give,2
appear,2
j,2
talking,2
comparatively,2
idea,2
opposition,2
print,2
plan,2
appeared,2
baxter,2
p,2
effort,2
radical,2
written,2
movie,2
freight,2
further,2
downey,2
do,2
formed,2
poverty,2
heads,2
daniel,2
jobs,2
population,2
particular,2
actor,2
perhaps,2
books,2
public,2
going,2
firm,2
thousands,2
because,2
don,2
week,2
nomination,2
swelled,2
leone,2
writings,2
west,2
commerce,2
part,2
establishment,2
reporters,2
interviews,2
traditional,2
use,2
volunteers,2
surplus,2
million,2
irving,2
nothing,2
editor,2
assembly,2
since,2
t,2
social,2
democrat,2
decided,2
homes,2
spread,2
inc,2
writers,2
clues,2
shortly,2
shorts,2
progressive,2
night,2
francisco,2
several,2
thousand,2
between,2
races,2
c,2
can,2
up,2
through,2
hollywood,2
clem,2
re,2
focus,2
using,2
sunkist,1
ammunition,1
woven,1
seats,1
suggest,1
south,1
dealing,1
contradiction,1
horror,1
failed,1
threatened,1
f,1
depth,1
does,1
assessed,1
offices,1
socialist,1
issues,1
combination,1
governorship,1
innovative,1
san,1
currently,1
recognized,1
abundance,1
whose,1
declaration,1
page,1
moguls,1
raise,1
provide,1
switchman,1
covertly,1
supercharged,1
bureau,1
taken,1
transients,1
needy,1
soundly,1
letters,1
scientific,1
distributors,1
camp,1
estate,1
generated,1
l,1
five,1
next,1
analytic,1
short,1
wrote,1
opponent,1
directors,1
schenk,1
ready,1
battle,1
limited,1
mate,1
might,1
square,1
consume,1
extend,1
baldy,1
muckraking,1
episodes,1
fruit,1
playing,1
leaves,1
cecil,1
nearly,1
primarily,1
offset,1
institutions,1
filmed,1
manage,1
warner,1
lost,1
resided,1
variety,1
now,1
alone,1
screened,1
whatever,1
relations,1
mailbox,1
still,1
armed,1
force,1
risk,1
notably,1
garnering,1
undercut,1
visual,1
legal,1
eight,1
boy,1
remark,1
chaparral,1
talk,1
rapidly,1
stimulated,1
covering,1
prediction,1
terms,1
screening,1
losing,1
direction,1
screenwriter,1
special,1
revelation,1
star,1
enacted,1
year,1
putative,1
ballots,1
kill,1
white,1
lay,1
coldly,1
advised,1
frank,1
neighborhoods,1
factors,1
moreover,1
ing,1
editorially,1
relied,1
yet,1
target,1
h,1
support,1
months,1
reason,1
licked,1
send,1
pp,1
nor,1
mailings,1
town,1
genius,1
joseph,1
want,1
groups,1
east,1
exchanged,1
wanted,1
technology,1
biased,1
limned,1
windows,1
exposure,1
matters,1
addressed,1
detail,1
place,1
relative,1
prospering,1
signaling,1
musicians,1
management,1
predecessor,1
palmer,1
neglected,1
included,1
invent,1
railroad,1
commonwealth,1
legion,1
associated,1
elsewhere,1
producers,1
proposed,1
economics,1
days,1
unfairness,1
same,1
lord,1
ahead,1
impact,1
receiving,1
lemons,1
friendship,1
fairness,1
absence,1
humanities,1
chief,1
observations,1
accumulating,1
materials,1
turning,1
artists,1
themes,1
screen,1
reports,1
calculating,1
extensive,1
countless,1
ever,1
paycheck,1
powerful,1
sit,1
defeated,1
fraction,1
irrepressible,1
picture,1
creel,1
hobo,1
moderate,1
cohn,1
steeper,1
sources,1
consequence,1
labor,1
bitch,1
mencken,1
members,1
oral,1
fire,1
symbol,1
victorious,1
also,1
colton,1
idle,1
assess,1
paul,1
interests,1
index,1
set,1
hood,1
challenge,1
helped,1
technique,1
request,1
attempts,1
films,1
figure,1
quickly,1
preference,1
suggested,1
machinations,1
ran,1
death,1
attempt,1
chance,1
editing,1
put,1
campaigning,1
towns,1
emerged,1
engaged,1
weekend,1
opponents,1
finance,1
originality,1
missing,1
headquarters,1
words,1
spontaneous,1
parties,1
pledges,1
assets,1
whom,1
reach,1
oranges,1
turner,1
board,1
services,1
copy,1
protest,1
declined,1
areas,1
down,1
wilder,1
opposing,1
found,1
conservative,1
frances,1
credits,1
great,1
documents,1
match,1
doesn,1
guild,1
totaling,1
reform,1
coffers,1
report,1
allied,1
forces,1
happy,1
rich,1
narrative,1
train,1
tallied,1
consulting,1
larger,1
served,1
gregg,1
quotidian,1
hackett,1
linked,1
link,1
ocean,1
hearst,1
consultants,1
goods,1
shadows,1
religion,1
outlines,1
contemporary,1
rightly,1
ridden,1
real,1
cities,1
examining,1
nevertheless,1
stomach,1
man,1
ramshackle,1
help,1
there,1
speeches,1
creator,1
featured,1
enlarge,1
integrate,1
popularize,1
blacking,1
salary,1
works,1
type,1
codes,1
senate,1
overtaking,1
better,1
evident,1
chaired,1
turned,1
took,1
date,1
miles,1
trouble,1
raised,1
reasons,1
principal,1
activism,1
supporters,1
william,1
remarkable,1
understood,1
responded,1
formation,1
wit,1
fled,1
resistant,1
committed,1
flooded,1
road,1
farmers,1
johns,1
competitors,1
march,1
month,1
combined,1
establish,1
income,1
goodrich,1
residential,1
less,1
electioneering,1
system,1
interview,1
released,1
received,1
issue,1
thin,1
material,1
impassioned,1
politic,1
colony,1
crap,1
advocates,1
presided,1
hoped,1
core,1
scouts,1
ezra,1
rolls,1
consultant,1
writes,1
belief,1
downtown,1
ripe,1
fox,1
assault,1
bank,1
serials,1
premise,1
exemptions,1
motion,1
cheer,1
hopkins,1
while,1
weights,1
carry,1
america,1
demography,1
saying,1
randolph,1
draw,1
editorials,1
require,1
addresses,1
undermined,1
boys,1
well,1
cagney,1
produce,1
taxes,1
colonies,1
jack,1
almost,1
property,1
another,1
information,1
local,1
having,1
voter,1
low,1
felt,1
installment,1
greg,1
scenes,1
hundreds,1
urban,1
millions,1
institute,1
anecdotes,1
sale,1
beverly,1
publish,1
reminds,1
birth,1
both,1
jimmy,1
refracting,1
bibliography,1
explanation,1
move,1
politicians,1
hundred,1
mgm,1
nine,1
son,1
churchmen,1
thirds,1
fdr,1
sides,1
invited,1
brought,1
rally,1
radicals,1
heavily,1
arriving,1
tickets,1
city,1
marketing,1
billboards,1
horticulturalist,1
billy,1
liberal,1
dayamong,1
became,1
actors,1
along,1
comment,1
publishers,1
nonpartisan,1
attributed,1
writing,1
ten,1
lies,1
budget,1
got,1
everywhere,1
went,1
territory,1
plenty,1
lasker,1
directmailed,1
sold,1
warfare,1
smear,1
programs,1
unfair,1
shiver,1
remarks,1
arrange,1
sign,1
split,1
itinerary,1
pound,1
worse,1
challenges,1
density,1
diaries,1
mention,1
people,1
us,1
medley,1
exist,1
walnut,1
human,1
coming,1
runs,1
textbook,1
comprised,1
pamphlets,1
marshaled,1
chapters,1
advertisers,1
postered,1
prepared,1
redistributive,1
named,1
lackluster,1
charlie,1
douglas,1
weekly,1
imagery,1
frederic,1
wild,1
haven,1
telegrams,1
devoted,1
systematic,1
endorsed,1
shouted,1
obliged,1
inheritance,1
project,1
cacophony,1
theme,1
effectiveness,1
invasion,1
years,1
intimidate,1
development,1
endorsement,1
inevitable,1
own,1
code,1
television,1
quotation,1
professor,1
discovered,1
regulars,1
waffled,1
headlining,1
stories,1
cooperate,1
audio,1
october,1
september,1
sacramento,1
cameramen,1
unpublished,1
personalities,1
g,1
author,1
bulging,1
group,1
aware,1
brand,1
portraying,1
campaigned,1
august,1
held,1
offer,1
closing,1
good,1
club,1
bums,1
tight,1
conducted,1
direct,1
so,1
blueprint,1
indigents,1
opinions,1
hardly,1
wealthiest,1
writer,1
insurgent,1
expected,1
involving,1
insult,1
you,1
obtained,1
forced,1
kind,1
order,1
voluntary,1
blitz,1
zeroed,1
mounted,1
sixty,1
socialism,1
owned,1
sharp,1
pension,1
provides,1
resting,1
thomas,1
old,1
around,1
misshapen,1
exchange,1
kyle,1
worst,1
openly,1
purses,1
catledge,1
gaffes,1
favored,1
valued,1
drumbeats,1
especially,1
random,1
few,1
convincing,1
chronically,1
back,1
subjects,1
outcomes,1
commentators,1
body,1
divisions,1
pasadena,1
depression,1
lawyers,1
six,1
indicator,1
young,1
defeating,1
reams,1
southern,1
successful,1
suitable,1
ticket,1
schedules,1
protested,1
hills,1
third,1
chicago,1
profit,1
occasions,1
enemies,1
committing,1
early,1
matrimony,1
enthusiasts,1
slogans,1
working,1
grapefruit,1
even,1
sciences,1
story,1
beat,1
dental,1
timely,1
images,1
glance,1
genome,1
enthusiasm,1
apparently,1
exempt,1
leroy,1
hollywoodunion,1
north,1
capitol,1
trailers,1
breed,1
sinclairism,1
professional,1
founder,1
fellow,1
beholden,1
building,1
outpourings,1
provided,1
meeting,1
lincoln,1
doing,1
criminals,1
weakness,1
appraise,1
time,1
am,1
organized,1
rest,1
establishments,1
businessmen,1
concluded,1
incumbent,1
division,1
small,1
concerted,1
seemed,1
noon,1
stunned,1
