WORDCOUNTS,WEIGHT
the,158
of,121
and,76
a,62
in,62
to,54
s,35
that,34
as,27
arkes,27
sutherland,26
is,21
but,19
for,19
on,19
this,18
not,15
by,14
it,13
with,13
p,13
he,12
from,12
v,12
political,12
which,12
rights,11
his,11
was,11
or,11
be,11
administrative,11
their,10
jurisprudence,10
government,10
moral,10
who,9
authority,9
are,9
court,9
at,8
more,8
state,8
constitutional,8
an,8
president,7
they,7
women,7
natural,7
has,7
powers,7
such,7
justice,7
no,6
american,6
united,6
federal,6
opinion,6
commission,6
new,6
agencies,6
have,6
would,6
states,6
cases,6
humphrey,6
independent,5
if,5
economic,5
one,5
we,5
history,5
question,5
these,5
executor,5
important,5
legislative,5
down,5
conservative,5
out,5
case,5
were,5
oil,5
work,5
issues,5
legislation,5
may,4
separation,4
george,4
process,4
adkins,4
respect,4
position,4
panama,4
something,4
chief,4
deal,4
henretta,4
representative,4
wage,4
reviews,4
reasoning,4
because,4
trade,4
minimum,4
use,4
congress,4
judges,4
like,4
delegation,4
also,4
than,4
should,4
therefore,3
what,3
matter,3
commentary,3
morrison,3
return,3
now,3
zoning,3
legal,3
similar,3
executive,3
decisions,3
university,3
policy,3
clearly,3
same,3
struck,3
first,3
only,3
upholding,3
law,3
book,3
over,3
had,3
other,3
carter,3
foundation,3
never,3
contemporary,3
historical,3
program,3
roosevelt,3
remove,3
men,3
those,3
scholarly,3
them,3
less,3
scalia,3
well,3
politics,3
discussion,3
made,3
example,3
our,3
upheld,3
seek,3
argument,3
both,3
modem,3
points,3
co,3
opinions,3
him,3
june,3
commissions,3
schecter,3
rehnquist,2
whose,2
advocate,2
act,2
been,2
foreign,2
outcome,2
others,2
college,2
hughes,2
institutions,2
mean,2
seen,2
legitimacy,2
expert,2
why,2
often,2
profoundly,2
analysis,2
designed,2
yet,2
lives,2
specified,2
rules,2
modern,2
under,2
then,2
corp,2
choices,2
articulated,2
wright,2
princeton,2
department,2
begins,2
rise,2
either,2
beyond,2
volume,2
interests,2
power,2
might,2
hot,2
regulatory,2
equally,2
many,2
different,2
based,2
principles,2
agenda,2
could,2
rule,2
regard,2
regulation,2
time,2
children,2
substantive,2
interstate,2
liberal,2
there,2
hadley,2
senate,2
stand,2
ground,2
william,2
curtiss,2
form,2
system,2
issue,2
grounds,2
perhaps,2
woman,2
public,2
reflected,2
free,2
day,2
original,2
another,2
when,2
some,2
popular,2
intent,2
exegesis,2
restrictions,2
upon,2
ruled,2
stake,2
lawfully,2
through,2
laws,2
press,2
constrained,2
supreme,2
its,2
against,2
intended,2
rather,2
reasoned,2
ice,2
away,2
complicated,2
statute,2
argues,2
own,2
contract,2
importance,2
individual,2
price,2
affairs,2
quite,2
attention,2
class,2
autonomy,2
approval,2
insists,2
become,2
businesses,2
scholarship,2
delegated,2
can,2
debate,2
james,2
up,2
landmark,2
much,2
sole,2
coal,2
industries,1
staffed,1
prong,1
resolve,1
difficult,1
carried,1
subjective,1
play,1
secret,1
depth,1
appointment,1
does,1
offices,1
principled,1
judge,1
republican,1
where,1
interesting,1
hero,1
underlies,1
involve,1
moreover,1
deference,1
business,1
today,1
equality,1
diligent,1
society,1
costs,1
invalidated,1
disciplining,1
implemented,1
declared,1
provide,1
subjected,1
anthony,1
sometimes,1
estate,1
crucial,1
amherst,1
main,1
majorities,1
indeed,1
compatible,1
district,1
commitment,1
edward,1
tempted,1
lie,1
ironically,1
career,1
taft,1
market,1
celebration,1
explicit,1
ryan,1
debates,1
ordinary,1
patronage,1
end,1
doctrine,1
capture,1
unanimously,1
implies,1
branches,1
postal,1
interfere,1
polemical,1
dealt,1
assumptions,1
deprived,1
intervention,1
privileges,1
risk,1
associate,1
domination,1
aligns,1
federalism,1
whether,1
deflected,1
wilson,1
transformation,1
b,1
certain,1
police,1
hazardous,1
louisville,1
horsemen,1
put,1
owed,1
innovation,1
life,1
special,1
matched,1
provisions,1
pp,1
mostly,1
lawyer,1
fall,1
feel,1
radford,1
once,1
dismiss,1
live,1
banning,1
drafted,1
luminosity,1
each,1
citizens,1
means,1
completely,1
commissioners,1
pressing,1
face,1
security,1
subvert,1
injury,1
unusual,1
requiring,1
nor,1
country,1
lone,1
park,1
susan,1
licenses,1
conservation,1
wages,1
resemble,1
considerations,1
considered,1
appreciate,1
consider,1
ranges,1
protection,1
us,1
bench,1
justified,1
committee,1
index,1
seems,1
attack,1
benefits,1
exchange,1
publicly,1
tax,1
premises,1
laid,1
seasoned,1
saloons,1
thinking,1
light,1
sui,1
elsewhere,1
juris,1
forum,1
spell,1
exceptions,1
village,1
saloon,1
result,1
relativism,1
joint,1
culprits,1
westerners,1
euclid,1
prevent,1
jurists,1
age,1
four,1
most,1
clear,1
two,1
qualified,1
experience,1
regulated,1
reliance,1
noted,1
counsels,1
consistent,1
member,1
informed,1
elicited,1
follow,1
passion,1
politicianlawmakers,1
framers,1
termination,1
wrong,1
progressives,1
embraced,1
stemmed,1
disposition,1
resolution,1
certainly,1
invade,1
convincing,1
text,1
creation,1
utah,1
appropriations,1
offers,1
here,1
left,1
established,1
challenge,1
argumentative,1
implications,1
prompting,1
unanimous,1
promulgate,1
decided,1
know,1
providing,1
again,1
address,1
counsel,1
presidency,1
privacy,1
appoints,1
promoting,1
shipment,1
aggrieved,1
all,1
recovery,1
between,1
greater,1
hours,1
official,1
liberty,1
signified,1
uses,1
lacked,1
speaks,1
definition,1
lawful,1
fact,1
shaped,1
consideration,1
groups,1
innovations,1
treatment,1
ney,1
did,1
libertarianism,1
striking,1
abortion,1
strength,1
feminism,1
brainchildren,1
access,1
consent,1
forces,1
hospital,1
wrongly,1
changed,1
demands,1
any,1
service,1
scheme,1
concludes,1
prosecutions,1
very,1
affected,1
written,1
debated,1
precedent,1
number,1
i,1
complete,1
distinctive,1
man,1
almost,1
philosophical,1
just,1
salary,1
passionate,1
late,1
academic,1
mind,1
took,1
hand,1
trouble,1
following,1
precisely,1
influences,1
do,1
beginning,1
raised,1
suffragist,1
defend,1
particular,1
equal,1
constrain,1
right,1
orders,1
paternalistic,1
stock,1
johns,1
vendetta,1
purposes,1
carefully,1
accepted,1
context,1
establish,1
arrays,1
viewed,1
jobs,1
prefers,1
citizenship,1
produced,1
bituminous,1
cannot,1
maryland,1
realty,1
constitutionality,1
budgets,1
imposed,1
nightclubs,1
ahead,1
record,1
unlawfully,1
charged,1
xiv,1
lyons,1
theory,1
create,1
enough,1
imperial,1
directly,1
extent,1
professionals,1
exemptions,1
supplied,1
hopkins,1
while,1
explicitly,1
primarily,1
firm,1
sexual,1
require,1
stance,1
presented,1
classical,1
will,1
chapter,1
local,1
having,1
restoring,1
placement,1
suggests,1
probing,1
protected,1
private,1
understanding,1
enforcement,1
activity,1
condition,1
protectionism,1
fundamental,1
measures,1
permitted,1
restraints,1
lobbyists,1
little,1
taxation,1
fortunately,1
intention,1
level,1
vote,1
circumstances,1
refining,1
enthusiastic,1
interrelated,1
concept,1
altered,1
alien,1
tucked,1
say,1
except,1
part,1
introduced,1
enhanced,1
civil,1
politician,1
depended,1
apparent,1
calls,1
liberals,1
correctly,1
justices,1
stewardship,1
governmentmandated,1
liebmann,1
turns,1
subject,1
administration,1
host,1
simply,1
whole,1
vast,1
gave,1
freedom,1
during,1
arguments,1
conversely,1
feminists,1
morality,1
engaging,1
academics,1
exposed,1
writing,1
firms,1
strenuous,1
poultry,1
reinvent,1
central,1
goal,1
thus,1
amendment,1
violated,1
espouse,1
full,1
purposeful,1
authored,1
suffrage,1
believes,1
astute,1
sympathetic,1
explained,1
resort,1
accountable,1
rejected,1
significance,1
run,1
professor,1
understand,1
unencumbered,1
ponder,1
due,1
sustain,1
involves,1
genders,1
conditions,1
october,1
opens,1
national,1
write,1
washington,1
grant,1
group,1
feature,1
health,1
character,1
subverts,1
logic,1
good,1
prevents,1
sat,1
held,1
moment,1
instead,1
strict,1
commerce,1
blend,1
sense,1
land,1
application,1
need,1
so,1
things,1
legislators,1
legislating,1
century,1
partisanship,1
regular,1
serves,1
senator,1
given,1
troubled,1
positivism,1
crafted,1
provides,1
arbitrary,1
defense,1
remains,1
bank,1
better,1
morals,1
reporter,1
every,1
legally,1
propriety,1
mugwumps,1
morally,1
profits,1
dissent,1
securities,1
jurisdiction,1
concerns,1
outcomes,1
props,1
columbia,1
governments,1
determination,1
normal,1
alert,1
myers,1
olson,1
essentially,1
forbid,1
rejection,1
exactly,1
cheaper,1
amber,1
core,1
collaboration,1
condemned,1
weight,1
boot,1
views,1
probably,1
practice,1
sanctioning,1
looks,1
even,1
story,1
attracted,1
vice,1
focus,1
proper,1
using,1
seemed,1
fell,1
mature,1
oklahoma,1
notice,1
mischief,1
notes,1
enormously,1
famous,1
reforms,1
avoid,1
bills,1
broader,1
delivered,1
generation,1
though,1
showed,1
rest,1
division,1
complicates,1
invalid,1
poorly,1
decision,1
contracting,1
