WORDCOUNTS,WEIGHT
the,215
of,118
and,71
to,64
labor,59
a,53
as,46
in,45
that,37
law,32
was,30
s,30
combinations,25
legal,21
aaba,20
were,19
for,18
it,17
an,17
by,15
on,15
employers,15
act,14
american,14
capital,14
against,14
this,13
ernst,13
be,13
than,13
or,11
organized,11
from,11
more,11
with,11
see,11
cartels,10
is,10
other,10
unions,10
while,10
business,9
not,9
organization,9
union,9
v,9
its,9
have,9
hovenkamp,9
organizing,8
litigation,8
but,8
strategy,8
sherman,8
both,8
which,8
involved,8
would,8
at,7
rather,7
who,7
often,7
under,7
history,7
these,7
efforts,7
book,7
them,7
much,7
pp,6
fact,6
could,6
out,6
co,6
so,6
courts,5
hatters,5
been,5
group,5
their,5
clayton,5
united,5
federal,5
rules,5
wages,5
most,5
all,5
many,5
result,5
historians,5
great,5
deal,5
u,5
principal,5
generally,5
range,5
obtain,5
such,5
period,5
between,5
lawyers,5
monopolies,4
common,4
economic,4
buck,4
into,4
only,4
naacp,4
principle,4
herbert,4
court,4
antitrust,4
legislation,4
political,4
economy,4
agreements,4
case,4
loewe,4
trade,4
has,4
right,4
stove,4
some,4
goods,4
during,4
clear,4
interest,4
although,4
states,4
enterprise,4
d,4
even,4
employer,4
immunity,4
decision,4
f,3
e,3
one,3
strategies,3
favor,3
university,3
just,3
n,3
provision,3
members,3
exclusive,3
toward,3
capitalists,3
had,3
different,3
industry,3
merritt,3
leaders,3
rule,3
p,3
eddy,3
effort,3
new,3
boycotts,3
somewhat,3
reviews,3
danbury,3
theory,3
injunction,3
well,3
fundamentally,3
closed,3
values,3
concluding,3
example,3
press,3
supreme,3
antilabor,3
g,3
ultimately,3
until,3
personalities,3
points,3
manufacturers,3
least,3
field,3
contrast,3
after,3
can,3
using,3
model,2
dealing,2
higher,2
age,2
rights,2
liberalism,2
led,2
he,2
no,2
way,2
condemning,2
heroic,2
later,2
develops,2
corporate,2
market,2
brief,2
lobbying,2
represented,2
introduction,2
certain,2
balanced,2
complex,2
hatter,2
antiunion,2
life,2
quite,2
lawlor,2
h,2
when,2
itself,2
makes,2
association,2
applied,2
necessarily,2
individually,2
holding,2
then,2
believed,2
gradually,2
are,2
ed,2
cooke,2
threat,2
two,2
shop,2
social,2
assets,2
party,2
successfully,2
organizational,2
interests,2
power,2
important,2
j,2
limited,2
parties,2
share,2
rivals,2
contained,2
services,2
differences,2
developed,2
particularly,2
very,2
benefit,2
associations,2
gompers,2
distinctive,2
c,2
passage,2
simple,2
firm,2
further,2
towing,2
same,2
rep,2
regard,2
manner,2
what,2
daniel,2
reconstituted,2
less,2
theoretical,2
gilded,2
side,2
perhaps,2
pursued,2
economics,2
classical,2
treatises,2
establishing,2
injunctions,2
already,2
level,2
writers,2
sides,2
ohio,2
through,2
purpose,2
competing,2
tel,2
intended,2
gave,2
arthur,2
manufacturing,2
congress,2
central,2
nothing,2
dominant,2
bargaining,2
appreciated,2
agreement,2
lakes,2
conditions,2
obtaining,2
victory,2
general,2
price,2
working,2
sat,2
pay,2
individualism,2
industrial,2
kind,2
playing,2
ct,2
underlying,2
davenport,2
written,2
june,2
trusts,2
themselves,2
lawfully,2
mainly,2
tended,2
individualistic,2
seeking,2
conspiracy,2
also,2
aggressively,2
given,2
contracts,2
develop,2
because,2
vividly,2
activities,2
conceal,1
appeal,1
failed,1
legislators,1
does,1
accepting,1
tenet,1
poor,1
automatic,1
table,1
likely,1
situation,1
arrangement,1
ports,1
classicists,1
essential,1
violation,1
accomplish,1
raise,1
note,1
costs,1
heroes,1
collected,1
fairly,1
federation,1
his,1
if,1
indicated,1
strategizer,1
l,1
areeda,1
mark,1
main,1
strike,1
across,1
wrote,1
indeed,1
bourgeois,1
happy,1
ideology,1
activists,1
how,1
program,1
telephone,1
boycott,1
go,1
represent,1
culminated,1
undermines,1
iowa,1
environmental,1
explicit,1
moralism,1
culminating,1
nearly,1
doctrine,1
lost,1
seen,1
strongly,1
above,1
coercive,1
excessively,1
underinvestment,1
force,1
began,1
risk,1
expanded,1
pools,1
manifest,1
freely,1
xii,1
forcing,1
they,1
initially,1
lamented,1
movement,1
center,1
deals,1
dietrich,1
ass,1
denied,1
why,1
employees,1
provisions,1
sess,1
form,1
legality,1
reforms,1
about,1
absurd,1
once,1
violate,1
classicist,1
second,1
unqualified,1
respect,1
education,1
true,1
portrayed,1
incipient,1
violence,1
wash,1
means,1
modified,1
unanswered,1
laws,1
injury,1
modern,1
legitimately,1
groups,1
operated,1
ominous,1
combat,1
founders,1
disastrous,1
us,1
roadmap,1
index,1
school,1
seems,1
frederick,1
presents,1
unlike,1
acting,1
unincorporated,1
noncompliant,1
any,1
perspectives,1
proved,1
before,1
litigate,1
driven,1
protracted,1
vehemently,1
ideologies,1
skewed,1
cir,1
hanging,1
immunize,1
unbalanced,1
legislative,1
argued,1
frequently,1
client,1
organize,1
contempt,1
must,1
rescued,1
founded,1
workplace,1
commonly,1
simply,1
file,1
ever,1
lower,1
hatting,1
first,1
rise,1
powerful,1
anticartel,1
gap,1
t,1
hart,1
considers,1
coordinate,1
followed,1
position,1
jurisdiction,1
oppressively,1
progressives,1
long,1
putting,1
shops,1
narrowly,1
litigants,1
lawful,1
method,1
victorian,1
nonexistent,1
injustice,1
exaggerated,1
temporarily,1
founding,1
comparison,1
fund,1
request,1
sometimes,1
factory,1
limit,1
appeals,1
outcomes,1
others,1
counsel,1
spend,1
footnote,1
view,1
similarly,1
cajoled,1
intellectual,1
bridge,1
sure,1
ships,1
readily,1
complete,1
unlawful,1
paper,1
harbor,1
handling,1
outside,1
monies,1
seem,1
agenda,1
individuals,1
did,1
leading,1
secondary,1
advantage,1
discount,1
negotiated,1
histories,1
found,1
conservative,1
segregated,1
expense,1
wealthy,1
powerless,1
appeared,1
surprised,1
umpire,1
exclusion,1
multiparty,1
painted,1
eventually,1
embracing,1
come,1
might,1
conspiracies,1
changed,1
diverse,1
link,1
mason,1
interstate,1
getting,1
state,1
pioneer,1
anyway,1
variation,1
within,1
developer,1
take,1
deemed,1
considerable,1
nevertheless,1
captured,1
man,1
initial,1
almost,1
achieved,1
failures,1
works,1
freight,1
type,1
motives,1
app,1
lead,1
turned,1
say,1
clarity,1
sword,1
raised,1
absurdity,1
courthouse,1
standardized,1
opposite,1
nor,1
coordinated,1
secondly,1
ruined,1
wage,1
explanations,1
committed,1
war,1
hostility,1
hostile,1
johns,1
career,1
developing,1
competitors,1
purposes,1
summarized,1
accepted,1
prohibit,1
establish,1
whether,1
recently,1
stability,1
persons,1
system,1
ones,1
meet,1
accounts,1
suffered,1
particular,1
era,1
practice,1
forum,1
attitude,1
depending,1
focusing,1
injunctive,1
passed,1
tushnet,1
firmly,1
berman,1
required,1
relieving,1
problem,1
premise,1
distance,1
lenient,1
tending,1
public,1
edward,1
chapter,1
alternatively,1
hopkins,1
explicitly,1
free,1
compete,1
encountered,1
wants,1
america,1
condemned,1
day,1
aspects,1
impact,1
percent,1
cloth,1
representatives,1
identical,1
shirk,1
process,1
another,1
account,1
suppress,1
felt,1
learn,1
prior,1
basis,1
r,1
private,1
agreed,1
activity,1
situated,1
those,1
condition,1
exclusively,1
illustrate,1
work,1
sale,1
planning,1
restraints,1
burden,1
treated,1
bibliography,1
doctrines,1
consumers,1
helps,1
entire,1
calculated,1
reader,1
distinctively,1
little,1
since,1
uniform,1
far,1
manufactured,1
classicism,1
illustrates,1
along,1
end,1
elite,1
giving,1
alpheus,1
expand,1
presentations,1
writing,1
though,1
where,1
surprise,1
significant,1
use,1
engage,1
joyce,1
treatise,1
recounts,1
largely,1
titled,1
contemporary,1
needed,1
make,1
pursuing,1
expansive,1
numerous,1
issues,1
architects,1
battle,1
useful,1
harvard,1
goals,1
questions,1
regarding,1
construed,1
story,1
real,1
thus,1
throughout,1
lawsuit,1
named,1
villains,1
review,1
differential,1
rev,1
devoted,1
railroads,1
sympathetic,1
kindred,1
won,1
immediate,1
years,1
league,1
reject,1
accommodation,1
urbana,1
similarity,1
illinois,1
directed,1
authors,1
restraint,1
language,1
author,1
charge,1
eduard,1
dominated,1
flushed,1
horizontal,1
signing,1
change,1
relatively,1
regarded,1
creating,1
leave,1
noncontroversial,1
statutory,1
applicable,1
defense,1
anticompetitive,1
outmoded,1
commerce,1
typically,1
judges,1
afford,1
walter,1
helpful,1
likewise,1
length,1
need,1
strikes,1
workers,1
wished,1
assured,1
multiemployer,1
expected,1
involving,1
applicability,1
forced,1
sup,1
takers,1
progressive,1
turn,1
rank,1
things,1
standard,1
constituencies,1
imprison,1
individual,1
permitting,1
developments,1
relations,1
increased,1
classification,1
compromises,1
never,1
every,1
perspective,1
several,1
fees,1
moralistic,1
sufficient,1
undisciplined,1
charles,1
convincing,1
cert,1
concerns,1
contract,1
highly,1
mainstream,1
inspirational,1
rationalizations,1
leaves,1
litigating,1
unaccompanied,1
colorful,1
dramatic,1
single,1
served,1
successful,1
narrow,1
broadening,1
protect,1
applying,1
topics,1
third,1
witnessed,1
precisely,1
wholesaler,1
dismissed,1
reached,1
philip,1
determinations,1
overwhelmed,1
always,1
create,1
equally,1
up,1
inability,1
brown,1
drawn,1
cong,1
margin,1
critique,1
paid,1
among,1
north,1
notes,1
resist,1
neoclassical,1
laborers,1
ruinous,1
historically,1
provided,1
hardly,1
tolerance,1
generation,1
acted,1
attention,1
combats,1
gordon,1
widely,1
major,1
behalf,1
