WORDCOUNTS,WEIGHT
the,142
of,94
and,74
to,48
in,47
a,30
that,28
for,23
war,23
s,21
research,20
is,19
cold,18
at,17
gerber,17
hanford,17
it,16
she,15
with,15
an,15
on,15
science,14
was,14
stanford,14
leslie,13
their,13
but,13
mit,12
by,12
military,12
her,11
he,10
as,10
not,10
scientific,9
book,9
they,8
or,8
both,8
its,8
between,8
american,7
from,7
more,7
important,7
p,7
this,7
have,7
nuclear,6
are,6
radiation,6
which,6
were,6
does,5
complex,5
projects,5
university,5
history,5
two,5
production,5
defense,5
plutonium,5
make,5
be,5
much,5
his,4
environmental,4
about,4
commission,4
atomic,4
other,4
primary,4
well,4
account,4
example,4
faculty,4
students,4
would,4
so,4
contamination,4
contracts,4
those,4
world,4
than,4
relationship,3
materials,3
stuart,3
how,3
subject,3
ii,3
one,3
releases,3
united,3
actions,3
addressed,3
into,3
without,3
most,3
department,3
members,3
might,3
shows,3
secondary,3
academic,3
took,3
priorities,3
energy,3
conclusion,3
public,3
compulsions,3
some,3
spending,3
discussion,3
press,3
walker,3
used,3
hazards,3
development,3
graduate,3
health,3
officials,3
least,3
states,3
after,3
educational,3
topic,3
weapons,3
universities,3
value,3
questions,3
massive,3
site,2
front,2
done,2
variety,2
provide,2
managers,2
program,2
basic,2
institutions,2
independence,2
who,2
detailed,2
worse,2
center,2
large,2
decisions,2
kinds,2
often,2
illustrations,2
atmosphere,2
hacker,2
pp,2
programs,2
technology,2
tensions,2
protection,2
index,2
home,2
historian,2
argued,2
w,2
pentagon,2
demonstrate,2
only,2
way,2
useful,2
administrators,2
sources,2
cost,2
writes,2
set,2
implications,2
over,2
all,2
many,2
greater,2
presents,2
j,2
had,2
descriptions,2
different,2
december,2
treatment,2
available,2
asserts,2
did,2
could,2
departments,2
reasons,2
new,2
far,2
build,2
there,2
damage,2
better,2
do,2
reviews,2
johns,2
decisionmakers,2
context,2
whether,2
relevant,2
produced,2
less,2
case,2
issue,2
placed,2
japan,2
perhaps,2
explain,2
books,2
money,2
gives,2
hopkins,2
draw,2
impact,2
radioactive,2
suggests,2
recommended,2
literature,2
information,2
role,2
end,2
concern,2
during,2
issues,2
paid,2
goals,2
laboratory,2
clear,2
laboratories,2
errors,2
chemical,2
samuel,2
points,2
amounts,2
electronics,2
caused,2
collaboration,2
provides,2
soil,2
civilian,2
especially,2
specific,2
concerns,2
systems,2
michele,2
engineering,2
era,2
fully,2
notes,2
leadership,2
valuable,2
activities,2
major,2
seemed,2
nations,1
industries,1
connection,1
omission,1
difficult,1
carried,1
intimately,1
failed,1
critical,1
late,1
operation,1
tests,1
weapon,1
disappointing,1
currently,1
fueled,1
fails,1
electrical,1
unquestionable,1
york,1
abundance,1
absorbing,1
unexceptionable,1
minor,1
limits,1
matter,1
wastes,1
operations,1
stars,1
continued,1
meaning,1
action,1
growth,1
factual,1
answered,1
arising,1
judgments,1
short,1
vision,1
motivations,1
created,1
remain,1
limited,1
career,1
tried,1
motivated,1
others,1
elaborating,1
levels,1
insufficiently,1
allowable,1
exception,1
process,1
pause,1
disappointingly,1
rather,1
success,1
sensitive,1
reduce,1
whatever,1
transformed,1
still,1
opportunity,1
examined,1
began,1
expanded,1
renown,1
contribution,1
similar,1
compromising,1
tolerable,1
importance,1
grew,1
hazardous,1
sympathize,1
settings,1
balanced,1
partially,1
competitiveness,1
study,1
illuminating,1
enhance,1
white,1
applications,1
uncertainties,1
fall,1
frank,1
consequences,1
communications,1
itself,1
risks,1
ways,1
fields,1
fair,1
exceptional,1
push,1
arrangements,1
opportunities,1
grounded,1
studies,1
dimension,1
read,1
thought,1
partnership,1
country,1
pressures,1
soon,1
cement,1
considerations,1
considered,1
exposure,1
earnest,1
detail,1
policy,1
contractor,1
differentiate,1
river,1
school,1
benefits,1
environment,1
processing,1
misses,1
roentgens,1
falls,1
heavy,1
general,1
presumably,1
any,1
attract,1
takes,1
before,1
elsewhere,1
precedence,1
pioneered,1
same,1
air,1
performed,1
distressing,1
result,1
house,1
economic,1
demonstrates,1
dose,1
too,1
largest,1
practices,1
these,1
show,1
reports,1
reliance,1
first,1
member,1
origins,1
pace,1
based,1
defeated,1
functioned,1
beyond,1
inaccurate,1
explaining,1
inclined,1
exceed,1
failing,1
definite,1
supported,1
every,1
writing,1
complaining,1
certainly,1
uniformly,1
funding,1
also,1
sketchy,1
protests,1
drew,1
command,1
discharged,1
comparison,1
helped,1
mark,1
know,1
faced,1
outcome,1
excess,1
drawing,1
enormous,1
attempt,1
premiunm,1
usefulness,1
regulatory,1
nebraska,1
advanced,1
added,1
countervailing,1
financial,1
prestigious,1
release,1
tradition,1
efforts,1
contends,1
frederick,1
stenehjem,1
regrettable,1
setting,1
consideration,1
extent,1
innovations,1
scientists,1
scholars,1
best,1
leading,1
blocks,1
pressure,1
suggesting,1
difficulty,1
nagasaki,1
unsettling,1
indifferent,1
time,1
reasoning,1
bomb,1
out,1
demands,1
aircraft,1
recruit,1
xiii,1
hundred,1
negiecting,1
affected,1
attractions,1
monitoring,1
state,1
drawbacks,1
longstanding,1
substantially,1
number,1
bombing,1
nonmilitary,1
nevertheless,1
purposes,1
legitimized,1
serious,1
experts,1
works,1
baneful,1
options,1
big,1
conclusions,1
written,1
redefined,1
further,1
growing,1
duplicated,1
beginning,1
equally,1
maps,1
political,1
institute,1
ambiguous,1
what,1
carefully,1
attempted,1
depicts,1
them,1
viewed,1
recently,1
zealots,1
governmentsponsored,1
ultimately,1
fulfill,1
excellent,1
cover,1
necessary,1
vivid,1
ahead,1
despite,1
forthcoming,1
produce,1
facilities,1
eastern,1
merits,1
has,1
premise,1
distance,1
task,1
silicon,1
adverse,1
while,1
foundations,1
u,1
integrity,1
huge,1
day,1
outgrowth,1
because,1
thoroughly,1
parts,1
failure,1
abuse,1
briskly,1
fight,1
coreviews,1
balance,1
another,1
influenced,1
trenchantly,1
government,1
opened,1
status,1
possible,1
future,1
politics,1
understanding,1
line,1
greatest,1
prewar,1
work,1
examples,1
glossary,1
contractual,1
players,1
easier,1
made,1
pronouncements,1
even,1
obvious,1
thoughtwalker,1
prominent,1
recipients,1
heavily,1
x,1
including,1
enhanced,1
competing,1
training,1
missiles,1
chip,1
related,1
apply,1
test,1
convinced,1
expand,1
description,1
ten,1
deliberated,1
significant,1
loss,1
feared,1
describe,1
entrepreneurs,1
repugnant,1
largely,1
operated,1
lamentably,1
place,1
evaluating,1
factor,1
tolerance,1
deemed,1
engaging,1
obsessed,1
records,1
funded,1
maintained,1
winning,1
aspect,1
runs,1
conflict,1
key,1
hiroshima,1
includes,1
focuses,1
suggested,1
squeezed,1
unsurpassed,1
showing,1
pattern,1
attraction,1
finally,1
ties,1
objective,1
authorized,1
forfeits,1
reputation,1
alliance,1
relative,1
since,1
barton,1
safety,1
can,1
analyzing,1
approach,1
consult,1
shortcomings,1
institutional,1
assumes,1
national,1
washington,1
author,1
tail,1
accept,1
findings,1
good,1
promoter,1
ability,1
course,1
frantic,1
times,1
raises,1
although,1
successful,1
radioactivity,1
highlighting,1
building,1
need,1
files,1
delivered,1
leagues,1
plant,1
high,1
terman,1
played,1
hearing,1
doing,1
radar,1
paths,1
kind,1
defined,1
understates,1
funds,1
guided,1
backwater,1
acquiring,1
enriched,1
quite,1
extremely,1
legacy,1
contributions,1
construct,1
around,1
inextricably,1
reluctance,1
transformation,1
mistakes,1
worried,1
computer,1
perspective,1
glaring,1
morally,1
probe,1
problems,1
back,1
trying,1
incapable,1
mining,1
distinctions,1
columbia,1
dollars,1
clarify,1
insists,1
disapproves,1
dramatic,1
radio,1
massachusetts,1
detracts,1
startling,1
impairment,1
c,1
isis,1
redefinition,1
improved,1
inadequately,1
price,1
managed,1
early,1
estimable,1
weight,1
when,1
postwar,1
explore,1
capitalized,1
fateful,1
dragon,1
valley,1
student,1
little,1
begs,1
assesses,1
poorly,1
avoided,1
uninterrupted,1
offers,1
connections,1
diminished,1
weigh,1
operational,1
evidence,1
delineate,1
controversial,1
provided,1
lincoln,1
informed,1
showed,1
inform,1
close,1
lumbia,1
unassailable,1
deficiency,1
thorough,1
