WORDCOUNTS,WEIGHT
the,253
of,200
to,133
in,110
moral,87
and,86
a,72
that,60
is,55
it,38
for,37
this,31
on,31
s,29
from,29
as,28
history,26
not,24
inquiry,24
by,23
be,23
we,21
american,20
are,20
but,18
an,16
what,16
historical,15
past,15
if,14
historians,14
their,14
social,14
with,14
essays,13
how,13
about,13
us,12
more,12
essay,12
who,12
war,11
he,11
should,11
at,10
they,10
citizenship,10
was,10
p,10
when,10
new,10
do,10
like,10
perry,10
way,9
book,9
dr,9
laura,9
halttunen,9
can,9
our,9
have,9
davis,8
problems,8
work,8
these,8
civil,8
its,8
or,8
light,8
time,8
present,8
so,8
readers,8
one,7
such,7
would,7
out,7
other,7
forbath,7
life,7
her,7
scholarship,7
ethics,6
live,6
all,6
his,6
consider,6
calder,6
cultural,6
dilemmas,6
were,6
david,6
why,6
lears,6
them,6
most,6
bernard,5
abolitionists,5
ethical,5
century,5
find,5
than,5
americans,5
slavery,5
talk,5
always,5
reviews,5
well,5
good,5
will,5
communities,5
volume,5
which,5
black,5
imagination,5
looks,5
then,5
must,5
argues,5
limits,4
based,4
might,4
words,4
there,4
case,4
possible,4
stansell,4
even,4
poor,4
no,4
without,4
liberal,4
beyond,4
societies,4
people,4
contextualizing,4
own,4
order,4
june,4
society,4
brion,4
yet,4
where,4
see,4
ayers,4
values,4
story,4
examines,4
been,4
itself,4
know,4
day,4
problem,4
while,4
through,4
twentieth,4
era,4
among,4
virtue,4
difficult,3
does,3
exemplars,3
before,3
contexts,3
t,3
england,3
concludes,3
state,3
those,3
has,3
draw,3
right,3
karen,3
learned,3
kind,3
better,3
hortatory,3
chaplains,3
stanley,3
rather,3
mean,3
just,3
shed,3
victorian,3
view,3
histories,3
found,3
poetry,3
let,3
explain,3
fox,3
public,3
calls,3
demonstrates,3
call,3
only,3
legacy,3
painting,3
telling,3
impossible,3
up,3
second,3
positions,3
matter,3
community,3
reconstruction,3
make,3
love,3
lewis,3
also,3
law,3
shows,3
ought,3
hear,3
honor,3
enough,3
model,3
i,3
clear,3
three,3
authors,3
virtues,3
especially,3
editors,3
things,3
perspectives,3
she,3
becomes,3
class,3
judgments,3
practice,3
complexity,3
number,3
rose,3
require,3
certainties,3
given,3
became,3
colonial,3
conditions,3
mode,3
much,3
race,3
concern,2
jane,2
e,2
introduction,2
reflection,2
large,2
contextualization,2
ways,2
rewards,2
approaches,2
jonathan,2
easily,2
modern,2
conscious,2
glickstein,2
into,2
strikes,2
du,2
said,2
first,2
else,2
implications,2
attempts,2
taken,2
attempt,2
seems,2
reach,2
tradition,2
achievement,2
closer,2
survey,2
take,2
help,2
political,2
reading,2
america,2
wonders,2
some,2
bohemian,2
richard,2
run,2
rubin,2
say,2
whites,2
geertz,2
labor,2
human,2
thus,2
hapgood,2
historically,2
raises,2
nor,2
marriage,2
kamensky,2
look,2
hardly,2
higher,2
interesting,2
adventurism,2
essential,2
camp,2
completely,2
lendol,2
offering,2
lay,2
means,2
understand,2
bad,2
university,2
days,2
too,2
vietnam,2
important,2
character,2
could,2
preaching,2
mapping,2
further,2
understood,2
informed,2
though,2
viewed,2
because,2
aspects,2
undermined,2
women,2
purpose,2
competing,2
example,2
knowledge,2
macaulay,2
loss,2
alasdair,2
approach,2
tone,2
manners,2
useful,2
small,2
fight,2
world,2
bois,2
value,2
finds,2
power,2
shedding,2
economic,2
lynn,2
short,2
female,2
still,2
makes,2
pp,2
happened,2
sex,2
disobedience,2
two,2
wightman,2
actually,2
members,2
sometimes,2
clifford,2
joyce,2
stories,2
lives,2
reasoning,2
larger,2
loguen,2
audiences,2
anne,2
forms,2
conclusions,2
hauerwas,2
michael,2
lines,2
eds,2
controversy,2
style,2
credit,2
understanding,2
walzer,2
morality,2
harlan,2
questions,2
examination,2
chosen,2
margaret,2
truths,2
language,2
victory,2
general,2
filled,2
practiced,2
after,2
claim,2
eloquent,2
schlesinger,2
wells,2
interfaith,2
hunt,2
me,2
today,2
wisdom,2
lot,2
defenders,2
ministry,2
urges,2
often,2
hope,2
education,2
himmelfarb,2
get,2
school,2
historian,2
simply,2
here,2
alternative,2
over,2
illuminate,2
gertrude,2
did,2
particularly,2
examining,2
type,2
merely,2
knows,2
william,2
whether,2
terms,2
form,2
making,2
suggests,2
ideal,2
virginia,2
freedom,2
art,2
ill,2
press,2
challenges,2
think,2
macintyre,2
come,2
write,2
course,2
immorality,2
need,2
evidence,2
appleby,2
blacks,2
certainty,2
themselves,2
c,2
focus,2
recent,2
beings,2
doing,2
close,2
freud,1
ammunition,1
resolve,1
go,1
ending,1
now,1
done,1
nihilism,1
accidents,1
unaddressed,1
sins,1
edge,1
adopt,1
meaning,1
cues,1
commitment,1
truth,1
peaceful,1
everyone,1
market,1
moralism,1
college,1
struggled,1
worthy,1
intriguing,1
resisting,1
vogue,1
hoff,1
kindness,1
ultimate,1
mysteriousness,1
appear,1
dogmatic,1
village,1
group,1
counters,1
settlements,1
needed,1
conducted,1
inconsequential,1
deepest,1
denied,1
augustana,1
jews,1
fate,1
picked,1
remind,1
schools,1
postmodernist,1
english,1
additionally,1
studies,1
favor,1
pornography,1
proud,1
champions,1
decade,1
ideals,1
theatre,1
position,1
justified,1
tolerance,1
organic,1
neith,1
inequality,1
amply,1
observing,1
faded,1
cornell,1
avow,1
complacency,1
antebellum,1
arrived,1
something,1
binds,1
disinterested,1
annals,1
materials,1
hints,1
themes,1
intentions,1
negative,1
painful,1
paradox,1
invoking,1
explaining,1
lightly,1
wrong,1
long,1
every,1
letting,1
embraced,1
certainly,1
simplicities,1
jackson,1
letters,1
regulating,1
voices,1
discovers,1
exclusive,1
exaggerated,1
dealism,1
fund,1
military,1
address,1
rush,1
nonresistance,1
sunday,1
retreat,1
j,1
pilgrimage,1
unjust,1
company,1
exemplar,1
attractive,1
leading,1
belong,1
broadly,1
contingencies,1
succeeds,1
suggesting,1
conceptualized,1
great,1
normative,1
narrative,1
revisions,1
aloud,1
thanks,1
loud,1
subdued,1
religion,1
anyway,1
psychoanalysis,1
nevertheless,1
achieved,1
fresh,1
toleration,1
mind,1
greatly,1
precisely,1
westbrook,1
robert,1
mail,1
studio,1
theories,1
wage,1
somewhat,1
ambiguous,1
intelligence,1
unsettling,1
johns,1
racial,1
violating,1
tragedy,1
contents,1
speech,1
british,1
side,1
afterword,1
wasted,1
listens,1
jam,1
formulation,1
sects,1
bases,1
sexual,1
welcome,1
fitting,1
compelling,1
liberating,1
enforcement,1
mutual,1
obvious,1
fine,1
point,1
scorn,1
reflecting,1
uses,1
familial,1
laws,1
bottom,1
narrator,1
recapture,1
facto,1
message,1
cursing,1
identifies,1
engage,1
urging,1
collection,1
behavior,1
wherever,1
conflict,1
mistake,1
million,1
surely,1
reclaim,1
voluntaristic,1
facts,1
development,1
conceals,1
quality,1
patient,1
church,1
against,1
pursuit,1
author,1
redrawing,1
humanists,1
interest,1
ability,1
contributors,1
storehouse,1
moment,1
adopted,1
consumer,1
price,1
vanguard,1
overt,1
restore,1
legislators,1
topic,1
privilege,1
affairs,1
exercise,1
progressive,1
thing,1
pretensions,1
theorists,1
pathbreaking,1
loveland,1
depend,1
refer,1
concerning,1
back,1
ithaca,1
response,1
obsequiously,1
bookend,1
modernity,1
honesty,1
difficulty,1
flawed,1
radio,1
wholly,1
allowing,1
compared,1
left,1
third,1
jacob,1
anonymity,1
alliances,1
helpful,1
weight,1
bennett,1
constructs,1
demonstration,1
simplistic,1
leadership,1
nominalist,1
invites,1
weakness,1
game,1
master,1
unfortunate,1
hutchins,1
kept,1
promised,1
critics,1
crow,1
rights,1
barometer,1
alleged,1
subordination,1
understands,1
juxtaposes,1
expected,1
act,1
wanting,1
main,1
across,1
edward,1
joan,1
condemns,1
landscape,1
financing,1
multiculturalists,1
doctrine,1
notion,1
christine,1
parents,1
goes,1
opportunity,1
persistent,1
stops,1
b,1
brand,1
dissenting,1
strange,1
intemperance,1
ix,1
contributions,1
assuming,1
slaveholders,1
enabled,1
illustrations,1
white,1
rules,1
republicans,1
neoconservative,1
slantwise,1
factors,1
front,1
indispensable,1
solutions,1
insistence,1
presidents,1
old,1
drill,1
cause,1
established,1
familiar,1
benefits,1
presumably,1
numbers,1
objectivity,1
articulated,1
w,1
four,1
plunder,1
seamless,1
democratic,1
acclaimed,1
praises,1
follow,1
gandhi,1
undeveloped,1
fundamentalists,1
putting,1
requires,1
willing,1
injustice,1
shifted,1
destructive,1
dominant,1
trained,1
protestant,1
constitution,1
trying,1
greater,1
sidekicks,1
expressed,1
troubling,1
moving,1
remembered,1
sommers,1
pastoral,1
choir,1
iniquity,1
harder,1
opposing,1
conservative,1
search,1
called,1
strength,1
temptation,1
effort,1
deal,1
radical,1
noting,1
luxury,1
compromised,1
irony,1
lord,1
equal,1
teacher,1
produced,1
jim,1
obedience,1
selfownership,1
record,1
verse,1
mcpherson,1
perform,1
attuned,1
required,1
conferences,1
taught,1
bow,1
premise,1
wide,1
jewish,1
hopkins,1
near,1
patriarchal,1
commitments,1
purposefulness,1
colonies,1
gained,1
periodical,1
having,1
basis,1
genre,1
injection,1
revealed,1
click,1
used,1
gains,1
received,1
organize,1
invisible,1
heart,1
london,1
later,1
pixellated,1
norm,1
curriculum,1
related,1
lewdness,1
nation,1
recommends,1
gender,1
sift,1
afar,1
arrives,1
gave,1
describe,1
older,1
fail,1
place,1
issues,1
dru,1
snap,1
schoolchildren,1
away,1
reflect,1
employed,1
reconstructing,1
polity,1
trends,1
contradictions,1
graduate,1
closing,1
pluralism,1
sense,1
correct,1
successful,1
hard,1
idiom,1
numbness,1
unexpected,1
suggest,1
involve,1
indicators,1
guardians,1
next,1
enrich,1
discourse,1
sixty,1
hence,1
prosecuted,1
prologue,1
family,1
contingency,1
ignore,1
few,1
revealing,1
brought,1
acts,1
usual,1
degradation,1
core,1
characterizes,1
shouldn,1
reverend,1
gambler,1
joel,1
festschrift,1
propriety,1
hypocrisy,1
rest,1
enjoy,1
appeal,1
south,1
led,1
demand,1
reduced,1
academia,1
ken,1
sarna,1
contingent,1
wary,1
demoralizing,1
spectacle,1
triumphalism,1
service,1
unconscious,1
forward,1
oversight,1
death,1
privatized,1
intolerance,1
says,1
civility,1
wind,1
distribute,1
southern,1
unfamiliar,1
hold,1
religious,1
ipso,1
whole,1
selection,1
fighting,1
convictions,1
once,1
repression,1
cheap,1
criticism,1
interpretation,1
violence,1
meanwhile,1
opportunities,1
read,1
advanced,1
mission,1
tamara,1
discussions,1
paradoxes,1
goin,1
exposes,1
combat,1
modulated,1
tangled,1
drunkenness,1
index,1
lovers,1
prisoners,1
culture,1
teaching,1
ed,1
invigorate,1
appeals,1
department,1
reports,1
resented,1
bar,1
fickle,1
brochure,1
transatlantic,1
ethicists,1
ambiguities,1
hallmark,1
considers,1
double,1
limbaugh,1
enclaves,1
starting,1
policing,1
comfortable,1
business,1
stated,1
again,1
others,1
renewed,1
academy,1
chance,1
stripes,1
l,1
unwhiggish,1
motifs,1
projects,1
many,1
efforts,1
lengthy,1
naive,1
twenty,1
creativity,1
deviance,1
areas,1
don,1
endless,1
wesley,1
plakins,1
exclusion,1
reform,1
demonstrations,1
break,1
diverse,1
forsaking,1
debates,1
contemporary,1
doubt,1
man,1
advocacy,1
rebuke,1
trickster,1
never,1
fits,1
hand,1
learn,1
ground,1
remarkable,1
advising,1
keys,1
particularity,1
refrain,1
aiming,1
jobs,1
tell,1
homer,1
necessary,1
material,1
deep,1
belief,1
waged,1
explicitly,1
free,1
alarmed,1
decontextualized,1
realize,1
repudiation,1
shine,1
another,1
local,1
imagine,1
demonstrated,1
meetings,1
deaf,1
examples,1
considering,1
amendments,1
made,1
upon,1
helps,1
writings,1
ridiculous,1
including,1
looking,1
twinkle,1
samples,1
birds,1
complexities,1
wonder,1
expression,1
confidence,1
additions,1
assume,1
academics,1
contrarian,1
engaged,1
ameliorate,1
trust,1
full,1
legal,1
vices,1
boyce,1
bedroom,1
vii,1
worry,1
meanings,1
discovered,1
reality,1
frustrated,1
profession,1
points,1
soldiers,1
evils,1
subtitle,1
controversies,1
protesting,1
period,1
reformers,1
him,1
high,1
inquirers,1
collected,1
ended,1
anyone,1
standard,1
provides,1
prophaneness,1
thornton,1
men,1
proclaim,1
decide,1
faith,1
outside,1
outcomes,1
systems,1
rouse,1
eyes,1
methods,1
constructing,1
narrow,1
topics,1
radiate,1
excluded,1
james,1
northern,1
raceand,1
attend,1
professional,1
appall,1
attention,1
unmanageable,1
convincingly,1
madly,1
justice,1
decision,1
increasing,1
revolution,1
admire,1
socrates,1
ellison,1
defensible,1
principled,1
discussing,1
christian,1
relationship,1
cobweb,1
emulation,1
note,1
equals,1
continued,1
seventeen,1
provide,1
popularity,1
within,1
outsiders,1
ideology,1
practitioners,1
bound,1
prose,1
begin,1
reminders,1
ecumenism,1
winslow,1
male,1
primarily,1
inviting,1
translation,1
began,1
effectively,1
determination,1
proposition,1
contribution,1
try,1
intend,1
possessive,1
construction,1
analysis,1
surprising,1
frontier,1
table,1
edifying,1
face,1
unusual,1
problematic,1
interpretive,1
meant,1
poets,1
door,1
matters,1
detail,1
claims,1
meddle,1
hectoring,1
unmask,1
neglected,1
shelley,1
fifteen,1
any,1
thinking,1
redemptive,1
citizenry,1
jermain,1
comes,1
series,1
accordance,1
changing,1
defend,1
throw,1
ringing,1
extending,1
demonstrate,1
economically,1
reinforced,1
continues,1
known,1
ralph,1
trapped,1
plea,1
potency,1
sciences,1
listeners,1
offers,1
staked,1
set,1
couples,1
cover,1
defining,1
respecting,1
privacy,1
control,1
asylum,1
each,1
fault,1
readily,1
anthropology,1
paper,1
accustomed,1
seem,1
best,1
jacobs,1
argue,1
unacknowledged,1
intelligentsia,1
contradictory,1
dared,1
cautious,1
written,1
audience,1
cultivation,1
associations,1
identities,1
going,1
prayers,1
plantation,1
tangle,1
outlook,1
activism,1
born,1
suffering,1
according,1
investigation,1
burns,1
ones,1
supports,1
metaphor,1
attitudes,1
mere,1
gratefulness,1
theory,1
warn,1
gambling,1
therapy,1
leaving,1
dream,1
succumb,1
listen,1
foundations,1
cloth,1
constitutional,1
croon,1
indifference,1
rectitude,1
blurry,1
abolitionism,1
urban,1
millions,1
popular,1
potable,1
knot,1
both,1
tent,1
occasionally,1
circumstances,1
careful,1
recognition,1
met,1
affecting,1
courses,1
role,1
easy,1
zeitgeist,1
prophetic,1
subject,1
everywhere,1
acute,1
confronted,1
geiger,1
kids,1
bees,1
ranks,1
families,1
handedness,1
using,1
aims,1
writing,1
mentor,1
cowardice,1
question,1
understandings,1
until,1
models,1
voluntarism,1
finding,1
quest,1
national,1
finally,1
evasions,1
crisis,1
dangerous,1
unending,1
instead,1
correlated,1
d,1
socially,1
phone,1
sniffed,1
partisanship,1
you,1
gentry,1
colleagues,1
voluntary,1
philosophy,1
area,1
transcending,1
remains,1
association,1
speak,1
scoffing,1
reformation,1
morally,1
thousand,1
specific,1
searching,1
potential,1
between,1
greenwich,1
standpoints,1
individualistic,1
enterprise,1
create,1
amy,1
fatally,1
little,1
traditional,1
racially,1
strong,1
seek,1
technological,1
ends,1
north,1
building,1
christina,1
deeper,1
increase,1
