WORDCOUNTS,WEIGHT
the,150
of,116
to,67
a,60
and,53
in,45
is,34
burnham,33
as,32
that,31
s,25
for,22
by,19
be,19
not,18
or,18
it,17
his,16
have,16
on,16
one,15
vices,15
an,15
he,13
book,13
prohibition,13
its,13
with,12
this,12
minor,11
their,11
but,11
may,10
american,10
bad,10
history,10
has,10
behavior,10
argument,10
vice,10
been,9
habits,9
at,8
was,8
would,8
who,7
from,7
view,7
which,7
even,7
if,6
each,6
only,6
are,6
other,6
drinking,6
well,6
both,6
national,6
should,6
does,5
whose,5
blocker,5
increasingly,5
social,5
more,5
all,5
p,5
new,5
repealers,5
historical,5
those,5
cultural,5
attitudes,5
such,5
through,5
about,4
repeal,4
process,4
they,4
when,4
respectability,4
into,4
these,4
sources,4
set,4
proponents,4
nineties,4
forces,4
i,4
sexual,4
what,4
historians,4
because,4
literature,4
made,4
values,4
years,4
consumption,4
individual,4
consumer,4
perspective,4
than,4
evidence,4
model,3
now,3
americans,3
york,3
no,3
group,3
large,3
why,3
often,3
interpretation,3
studies,3
university,3
thesis,3
index,3
growing,3
same,3
du,3
women,3
people,3
intellectual,3
efforts,3
pont,3
believe,3
choice,3
time,3
john,3
informed,3
according,3
adopt,3
reviews,3
them,3
case,3
however,3
public,3
some,3
temperance,3
work,3
upon,3
taking,3
behaviors,3
two,3
respectable,3
significant,3
engage,3
goal,3
personal,3
question,3
since,3
drug,3
author,3
accept,3
change,3
instead,3
ago,3
so,3
specific,3
between,3
addition,3
become,3
can,3
debate,3
notes,3
society,3
tolerate,2
will,2
somewhat,2
confined,2
led,2
likely,2
century,2
changing,2
way,2
rather,2
misbehavior,2
sometimes,2
economic,2
how,2
smoking,2
basic,2
male,2
institutions,2
success,2
associated,2
seen,2
force,2
rational,2
explaining,2
yet,2
complex,2
decisions,2
makes,2
myth,2
single,2
illustrations,2
reason,2
modern,2
message,2
considered,2
policy,2
us,2
complete,2
action,2
culture,2
historian,2
result,2
source,2
most,2
different,2
wonpr,2
e,2
first,2
willingness,2
also,2
here,2
later,2
important,2
others,2
advocated,2
over,2
sixties,2
control,2
image,2
many,2
standards,2
communal,2
fact,2
twenty,2
could,2
reform,2
governed,2
reveal,2
formulating,2
products,2
lowerorder,2
external,2
toleration,2
conclusions,2
enough,2
rebellious,2
do,2
principal,2
march,2
power,2
appears,2
cannot,2
making,2
accounts,2
necessary,2
advocates,2
sophisticated,2
firmly,2
problem,2
triumph,2
listen,2
shifts,2
out,2
jack,2
chapter,2
account,2
possible,2
discussion,2
restraints,2
marketing,2
press,2
against,2
measurement,2
use,2
during,2
place,2
think,2
chapters,2
were,2
focuses,2
internal,2
underworld,2
pattern,2
clear,2
manipulation,2
quarterly,2
interest,2
explanation,2
respectables,2
jr,2
fostered,2
revolution,2
media,2
depiction,2
influence,2
mobilized,2
written,2
pierre,2
potential,2
promote,2
six,2
difficulty,2
themselves,2
epistemology,2
c,2
effect,2
drawn,2
story,2
actors,2
much,2
figures,2
among,2
recent,2
narrative,2
addiction,1
ethic,1
increasing,1
dealing,1
seems,1
liberation,1
mo,1
relationship,1
lengthening,1
manipulated,1
experience,1
doubts,1
back,1
dominates,1
absolutes,1
perspectives,1
onset,1
attempts,1
absence,1
without,1
reviewer,1
various,1
wisdom,1
bringing,1
act,1
fell,1
usually,1
expanding,1
fuzzing,1
plays,1
impressive,1
influenced,1
suggestive,1
ready,1
truth,1
breadth,1
employment,1
begin,1
influential,1
conflation,1
shammas,1
notoriously,1
environmental,1
explicit,1
attitude,1
forward,1
prohibitionist,1
merits,1
widespread,1
lies,1
cohort,1
becomes,1
historiographically,1
bets,1
levine,1
supplementing,1
alone,1
adoption,1
competing,1
being,1
still,1
accurate,1
harry,1
minimum,1
appear,1
began,1
everybody,1
originated,1
furnish,1
reservations,1
responsibilities,1
direct,1
christian,1
sabin,1
slippery,1
reception,1
denied,1
life,1
selection,1
kinds,1
specified,1
accusation,1
conventional,1
lowered,1
identify,1
parochialism,1
lay,1
fall,1
limitation,1
guide,1
achieve,1
formed,1
see,1
space,1
emerged,1
risks,1
huron,1
supporting,1
sets,1
iniquity,1
portrayed,1
measured,1
citizens,1
hugh,1
means,1
done,1
itself,1
face,1
rubric,1
elitist,1
pp,1
perceptions,1
advanced,1
testimony,1
we,1
legitimately,1
evil,1
meant,1
devotes,1
equally,1
acceptance,1
policymakers,1
organization,1
confidence,1
western,1
cycles,1
scale,1
explanatory,1
today,1
anthropological,1
presents,1
stereotyped,1
neglected,1
sociological,1
variable,1
emergence,1
subset,1
holding,1
linked,1
informal,1
pathbreaking,1
under,1
readers,1
consciousness,1
nineteenth,1
something,1
lessons,1
follows,1
summarily,1
passions,1
colonial,1
political,1
experiment,1
consumerism,1
reviewed,1
norms,1
definition,1
costs,1
narratives,1
orientation,1
negative,1
xvii,1
reports,1
demonstrate,1
agents,1
begins,1
democratic,1
framework,1
economically,1
nationalize,1
relativistic,1
awareness,1
powerful,1
saloons,1
followed,1
t,1
morton,1
picture,1
useful,1
constructed,1
voters,1
notions,1
shapes,1
rebelliousness,1
party,1
putting,1
awakened,1
explore,1
requires,1
maternalist,1
drugs,1
etiology,1
recur,1
unlimited,1
victorian,1
kyvig,1
willing,1
movements,1
shifted,1
law,1
dominant,1
challenge,1
business,1
implications,1
promulgate,1
polluted,1
appeals,1
strategy,1
unconstrained,1
reinarman,1
toward,1
drawing,1
enters,1
stands,1
ask,1
positivistic,1
motifs,1
tolerated,1
rock,1
muting,1
added,1
varied,1
ranges,1
j,1
had,1
dissertations,1
arrived,1
historiography,1
words,1
advance,1
based,1
acceptable,1
whom,1
path,1
premise,1
fundamental,1
partisans,1
did,1
secondary,1
enthusiastic,1
liquor,1
harder,1
holds,1
together,1
found,1
conservative,1
great,1
appeared,1
strength,1
surprised,1
unaware,1
heavy,1
regard,1
scenario,1
regulation,1
stood,1
attempt,1
insightful,1
rich,1
confront,1
really,1
larger,1
deal,1
able,1
government,1
respondents,1
relation,1
diverse,1
tells,1
guy,1
closer,1
generalizations,1
concludes,1
full,1
report,1
essential,1
enforcing,1
state,1
overwhelmingly,1
audience,1
substantially,1
doubt,1
factors,1
chairman,1
real,1
emerge,1
misdeeds,1
analyst,1
distinctive,1
greatest,1
past,1
placing,1
essentially,1
damage,1
machismo,1
advocacy,1
confining,1
distinct,1
babyboom,1
masculinity,1
carole,1
fiftythree,1
men,1
places,1
patterns,1
turned,1
consciously,1
influences,1
beginning,1
outlook,1
decisively,1
furthermore,1
traced,1
traits,1
investigations,1
scholarly,1
seducer,1
explanations,1
promoters,1
temptation,1
behind,1
johns,1
dating,1
effects,1
timing,1
expanded,1
relevant,1
selected,1
gradually,1
less,1
depends,1
voting,1
cause,1
side,1
lines,1
acquaintance,1
material,1
habitual,1
undercuts,1
badly,1
perform,1
promulgated,1
daunting,1
raskob,1
dispel,1
college,1
find,1
gambling,1
leaving,1
wide,1
pulled,1
bootlegging,1
hopkins,1
while,1
primary,1
possibility,1
theretofore,1
eliminate,1
cleared,1
legislate,1
indulged,1
societal,1
desires,1
produce,1
trade,1
balance,1
another,1
aging,1
chosen,1
almost,1
seeking,1
alcohol,1
trait,1
suggests,1
basis,1
emphasis,1
dedication,1
transgression,1
compelling,1
problems,1
closed,1
journals,1
xv,1
gains,1
formerly,1
adopting,1
birth,1
treated,1
already,1
woman,1
researchers,1
craig,1
abstemious,1
appreciates,1
presented,1
milbank,1
true,1
heart,1
medical,1
reader,1
trajectory,1
psychological,1
agencies,1
given,1
point,1
say,1
conceptual,1
reflecting,1
x,1
including,1
purpose,1
consumerist,1
explains,1
despite,1
example,1
realizes,1
initiate,1
calls,1
dynamic,1
became,1
role,1
department,1
constrained,1
sympathetic,1
subject,1
description,1
personally,1
assumptions,1
identifies,1
roll,1
weakens,1
fit,1
surrogate,1
unfair,1
assumption,1
harmony,1
make,1
tolerance,1
issues,1
demonstrates,1
reduces,1
rebels,1
world,1
academics,1
pauline,1
imprecisely,1
hedonism,1
survey,1
expertise,1
relies,1
evolution,1
ontario,1
licit,1
rallying,1
mistake,1
thus,1
rewarding,1
services,1
continue,1
faults,1
partiality,1
advertising,1
amendment,1
throughout,1
swearing,1
collapse,1
cry,1
scope,1
novels,1
promoted,1
dismissed,1
g,1
believes,1
devoted,1
crime,1
xviii,1
merchants,1
spring,1
conducive,1
reverse,1
project,1
explained,1
perplexing,1
difficulties,1
rejected,1
dynamics,1
status,1
league,1
ignored,1
industrialization,1
intractable,1
generate,1
negation,1
twentieth,1
numerous,1
attitudinal,1
restraint,1
unpublished,1
write,1
language,1
movies,1
finally,1
virtues,1
causal,1
good,1
tough,1
workers,1
held,1
offer,1
solution,1
least,1
david,1
raises,1
although,1
sense,1
indicator,1
successful,1
define,1
promiscuous,1
like,1
hard,1
period,1
need,1
questionable,1
alcoholic,1
thoughtful,1
expected,1
acted,1
doing,1
inquiring,1
forced,1
changes,1
product,1
contrast,1
attempted,1
off,1
located,1
limitations,1
after,1
illicit,1
area,1
discourse,1
middleage,1
sexuality,1
claim,1
valid,1
union,1
remains,1
association,1
unavoidably,1
increased,1
better,1
morals,1
dialogue,1
class,1
summary,1
several,1
decide,1
offered,1
especially,1
insider,1
intend,1
article,1
components,1
study,1
methods,1
interlinked,1
brought,1
topic,1
certainly,1
young,1
gauge,1
research,1
deviant,1
rejection,1
usual,1
topics,1
telling,1
corporations,1
alliances,1
part,1
transgressions,1
fount,1
customary,1
create,1
committing,1
early,1
concluding,1
generally,1
views,1
disreputability,1
bounds,1
conspiracy,1
exclusively,1
working,1
method,1
opposite,1
dependent,1
present,1
proconsumptionist,1
journal,1
acts,1
token,1
immediately,1
glance,1
anticapitalism,1
hefner,1
badges,1
portrays,1
resist,1
unmanipulated,1
diminished,1
responsibility,1
value,1
massing,1
normalized,1
building,1
reflex,1
generation,1
criminals,1
hope,1
normal,1
cooptation,1
represent,1
fierce,1
actions,1
convincingly,1
inexorably,1
businessmen,1
reasonswhether,1
activities,1
decision,1
looking,1
ploy,1
