WORDCOUNTS,WEIGHT
the,244
of,129
and,100
in,78
to,62
new,44
political,36
party,35
a,32
that,28
deal,28
as,25
weed,25
republican,22
by,18
s,18
realignment,17
for,16
work,16
on,16
with,14
history,14
minority,13
business,12
state,12
have,12
he,11
republicans,11
d,11
act,10
reform,10
between,10
american,9
more,9
national,9
elites,9
at,8
hawley,8
what,8
behavior,8
reagan,7
opposition,7
is,7
leaders,7
historical,7
robert,7
has,7
historians,7
while,7
politics,7
such,7
period,7
economic,6
their,6
democrats,6
pp,6
us,6
are,6
voting,6
planning,6
during,6
roosevelt,6
ellis,6
periods,5
role,5
how,5
nemesis,5
fdr,5
detailed,5
southern,5
university,5
from,5
only,5
social,5
majority,5
over,5
herbert,5
parties,5
key,5
rhetoric,5
war,5
karl,5
congress,5
research,5
among,5
recession,4
been,4
institutions,4
realigning,4
alchon,4
yet,4
coalition,4
modern,4
theorists,4
w,4
democratic,4
regional,4
beyond,4
electoral,4
votes,4
had,4
scientist,4
uneasy,4
conservative,4
p,4
patrick,4
government,4
system,4
strategies,4
era,4
suggests,4
barry,4
end,4
recovery,4
franklin,4
this,4
so,4
an,4
can,4
james,4
patterson,4
it,3
liberalism,3
york,3
his,3
groups,3
play,3
process,3
who,3
study,3
often,3
about,3
congressional,3
library,3
support,3
changes,3
policy,3
western,3
house,3
but,3
too,3
most,3
leader,3
eds,3
hoover,3
idea,3
consideration,3
scholars,3
could,3
mandate,3
great,3
guy,3
court,3
mass,3
called,3
senate,3
late,3
never,3
those,3
economy,3
reviews,3
see,3
clyde,3
eastern,3
public,3
supreme,3
its,3
elections,3
which,3
years,3
significance,3
relations,3
works,3
order,3
presidential,3
response,3
little,3
traditional,3
broader,3
failed,2
f,2
whose,2
science,2
activists,2
brief,2
parts,2
one,2
decisions,2
making,2
sociologists,2
perceptions,2
association,2
albert,2
institutional,2
or,2
ed,2
light,2
just,2
changing,2
need,2
claims,2
these,2
industrial,2
leuchtenburg,2
sources,2
was,2
essays,2
important,2
opinion,2
providing,2
view,2
alan,2
striking,2
own,2
brinkley,2
plan,2
coalitions,2
patterns,2
william,2
terms,2
accounts,2
fall,2
issue,2
wealth,2
administration,2
gives,2
number,2
u,2
america,2
march,2
failure,2
well,2
remained,2
argues,2
conservatives,2
account,2
some,2
invisible,2
future,2
understanding,2
urban,2
election,2
reaction,2
careful,2
given,2
point,2
through,2
cited,2
press,2
elite,2
caught,2
overview,2
gave,2
split,2
make,2
conflict,2
central,2
throughout,2
were,2
search,2
legislation,2
rise,2
argument,2
both,2
since,2
t,2
dominated,2
interest,2
creating,2
jr,2
himmelberg,2
big,2
provides,2
remains,2
campaign,2
especially,2
cuff,2
commerce,2
leaves,2
completing,2
stein,2
hand,2
third,2
romasco,2
debate,2
packing,2
factions,2
kim,2
dominance,2
much,2
world,2
we,2
recent,2
connections,2
leadership,2
attention,2
convincingly,2
cites,2
tennessee,2
industries,1
chamber,1
using,1
seats,1
revolution,1
ranging,1
may,1
book,1
factors,1
will,1
democracy,1
go,1
critical,1
accepting,1
principled,1
opposed,1
defection,1
authority,1
helped,1
second,1
o,1
power,1
m,1
floor,1
convergence,1
without,1
common,1
way,1
independent,1
rather,1
concerned,1
links,1
bring,1
within,1
l,1
foreign,1
tion,1
renegotiation,1
giving,1
criticize,1
gradual,1
fray,1
everett,1
ideology,1
created,1
debated,1
pieces,1
carefully,1
volunteerism,1
sundquist,1
landscape,1
affected,1
tide,1
wortman,1
classic,1
recognizes,1
rapprochement,1
midwest,1
policies,1
brings,1
e,1
lost,1
april,1
now,1
collections,1
secretary,1
goes,1
heartfelt,1
yale,1
capacity,1
constitution,1
utility,1
began,1
polls,1
manuscript,1
effectively,1
connecticut,1
they,1
recognize,1
center,1
executive,1
enlightening,1
led,1
flirtation,1
studies,1
emergency,1
confidence,1
quite,1
confronting,1
reforms,1
united,1
returns,1
once,1
remind,1
space,1
federal,1
hooverian,1
h,1
carll,1
masters,1
scene,1
partnership,1
security,1
burnham,1
results,1
interpretive,1
appendixes,1
thought,1
candidate,1
conservation,1
counterparts,1
meant,1
under,1
joseph,1
realities,1
considered,1
contention,1
consider,1
reconstruct,1
revitalizing,1
detail,1
position,1
index,1
sections,1
seems,1
into,1
descent,1
presents,1
tax,1
acting,1
slowly,1
heavy,1
holding,1
question,1
complete,1
snell,1
welfare,1
arguing,1
conclusion,1
no,1
demonstrates,1
governmental,1
complexity,1
wartime,1
circumstances,1
credence,1
steve,1
two,1
department,1
commonly,1
simply,1
ever,1
painful,1
first,1
gerstle,1
origins,1
known,1
voluntarism,1
defeated,1
reorganizareagan,1
either,1
refreshing,1
useful,1
administrators,1
organization,1
progressives,1
cost,1
summaries,1
lead,1
revisited,1
unappreciated,1
creation,1
connection,1
ways,1
permanent,1
shifted,1
other,1
challenge,1
dealism,1
implications,1
give,1
attempts,1
suggested,1
others,1
renewed,1
supports,1
foil,1
thrust,1
intellectual,1
components,1
thinks,1
bertrand,1
huge,1
sucking,1
j,1
be,1
nature,1
insurgents,1
liberty,1
efforts,1
legislative,1
joins,1
problem,1
suggestions,1
incomplete,1
company,1
seriously,1
bruit,1
interested,1
seem,1
board,1
agenda,1
scientists,1
packed,1
secondary,1
broadly,1
print,1
together,1
found,1
printed,1
beliefs,1
analysts,1
confusion,1
rediscovering,1
wagner,1
attack,1
timing,1
organizes,1
narrative,1
formed,1
out,1
studied,1
valley,1
link,1
hundred,1
reveal,1
report,1
very,1
mistakenly,1
ambivalence,1
contemporary,1
primary,1
narrowed,1
take,1
emerge,1
i,1
placing,1
speeches,1
passionate,1
jeffries,1
honor,1
overlooked,1
disproportionate,1
contradistinction,1
days,1
further,1
latest,1
allotment,1
v,1
ground,1
cultural,1
scholarly,1
used,1
reading,1
domestic,1
gary,1
johns,1
continuing,1
dissolved,1
confused,1
persuasively,1
oregon,1
conservatism,1
circles,1
accepted,1
context,1
implicit,1
relevant,1
confrontation,1
council,1
partners,1
strategizing,1
alf,1
practice,1
bremner,1
record,1
shape,1
schism,1
agricultural,1
xiv,1
downs,1
perhaps,1
time,1
theory,1
shafer,1
roy,1
trade,1
find,1
inclusiveness,1
autonomous,1
interpreting,1
draws,1
earlier,1
hopkins,1
spectrum,1
league,1
heed,1
advisory,1
discuss,1
frese,1
thoroughly,1
keynes,1
larger,1
representatives,1
watershed,1
hinted,1
assumes,1
rationality,1
information,1
local,1
when,1
voter,1
development,1
realignments,1
learn,1
mobilization,1
emphasis,1
private,1
relief,1
cooperation,1
data,1
literature,1
art,1
divided,1
collins,1
popular,1
prior,1
treated,1
marking,1
responding,1
boston,1
bibliography,1
completed,1
insight,1
upon,1
pragmatically,1
john,1
r,1
altered,1
formal,1
mcnary,1
peace,1
transformed,1
part,1
cf,1
example,1
joining,1
oppose,1
liberals,1
due,1
actors,1
complexities,1
mosaic,1
positions,1
wings,1
asserts,1
plenty,1
whole,1
annunziata,1
use,1
quotations,1
opportunistically,1
souls,1
place,1
vacillation,1
sizeable,1
issues,1
broad,1
challenges,1
people,1
bill,1
eschewing,1
learned,1
relies,1
perceptual,1
questions,1
permeates,1
mcquaid,1
regarding,1
think,1
subtlety,1
thus,1
individuals,1
chapters,1
our,1
ladd,1
come,1
session,1
personal,1
review,1
northeast,1
widened,1
dismissed,1
judd,1
eras,1
realms,1
shown,1
theoretical,1
landon,1
commercial,1
monopoly,1
innovate,1
status,1
reveals,1
maelstrom,1
challenging,1
unexpectedly,1
initial,1
three,1
paradigm,1
tables,1
made,1
swamped,1
sic,1
toss,1
washington,1
author,1
finally,1
points,1
clarified,1
integrate,1
change,1
wholesale,1
held,1
manufacturers,1
move,1
byron,1
general,1
individual,1
times,1
modifies,1
raises,1
outmoded,1
papered,1
divisions,1
sense,1
associative,1
walter,1
would,1
voiced,1
opinions,1
ethnocultural,1
complex,1
weakened,1
ability,1
pay,1
overreaching,1
states,1
frank,1
curve,1
played,1
thoughtful,1
politicians,1
strategic,1
learning,1
lie,1
administrative,1
defined,1
fraser,1
after,1
consolidation,1
standard,1
midst,1
adjustment,1
shift,1
dean,1
better,1
tantalizing,1
calling,1
needs,1
soil,1
charles,1
problems,1
back,1
concerns,1
trying,1
web,1
depression,1
columbia,1
intricate,1
flawed,1
become,1
decline,1
dearly,1
c,1
left,1
exactly,1
effect,1
jacob,1
despair,1
purge,1
activities,1
core,1
spin,1
heightened,1
create,1
generally,1
up,1
mirrored,1
capitalism,1
anthony,1
consequently,1
focus,1
paid,1
correspondence,1
factionalism,1
technological,1
than,1
roots,1
notes,1
quarterly,1
fellow,1
fiscal,1
insurgent,1
hope,1
toward,1
built,1
interests,1
roles,1
influence,1
termed,1
delayed,1
actions,1
compromise,1
division,1
sincere,1
major,1
convention,1
react,1
reemerging,1
thorough,1
