WORDCOUNTS,WEIGHT
the,275
of,183
and,173
in,135
woodhull,126
to,120
a,115
s,114
her,111
she,77
that,63
as,61
with,50
for,47
was,37
is,33
on,33
goldsmith,31
victoria,30
it,26
an,26
sachs,23
new,21
they,20
had,20
this,20
be,20
sexual,19
one,18
by,18
women,17
tilton,17
underhill,17
at,16
his,16
who,16
not,16
american,15
beecher,15
can,15
life,15
claflin,14
but,14
from,14
when,13
many,13
blood,13
did,13
york,12
public,12
them,12
history,11
important,11
its,11
weekly,11
gabriel,11
biography,11
suffrage,11
first,10
book,10
court,10
blackmail,10
if,9
anthony,9
has,9
america,9
their,9
most,9
vanderbilt,9
subject,9
other,9
story,9
although,9
way,8
theodore,8
scandal,8
speeches,8
because,8
elizabeth,8
years,8
herself,8
andrews,8
mansfield,8
early,8
horowitz,7
henry,7
those,7
some,7
about,7
may,7
rights,7
could,7
found,7
newspaper,7
he,7
wrote,7
do,7
material,7
free,7
what,7
press,7
have,7
does,6
papers,6
such,6
spiritualism,6
no,6
b,6
support,6
radical,6
reviews,6
writers,6
own,6
love,6
family,6
makes,6
only,6
more,6
woman,6
were,6
clear,6
we,6
mother,6
articles,6
are,6
world,6
needed,5
into,5
all,5
written,5
firm,5
march,5
account,5
against,5
testimony,5
benjamin,5
tucker,5
however,5
work,5
narratives,5
reader,5
ward,5
braude,5
movement,5
sister,5
us,5
or,5
light,5
until,5
two,5
published,5
stories,5
spiritualist,5
made,5
ideas,5
so,5
husband,5
susan,5
any,5
terrible,5
known,5
each,5
leaders,5
through,5
went,5
national,5
between,5
era,5
told,4
before,4
sources,4
siren,4
words,4
narrative,4
take,4
i,4
political,4
cady,4
nor,4
marriage,4
legal,4
age,4
effort,4
same,4
biographies,4
tennie,4
silence,4
affair,4
well,4
line,4
stanton,4
president,4
up,4
became,4
judgment,4
make,4
religious,4
sex,4
these,4
time,4
present,4
books,4
helps,4
which,4
times,4
spirits,4
enemies,4
relationship,4
seen,4
association,4
turned,4
accounts,4
anna,4
c,4
much,4
difficult,3
later,3
faced,3
stone,3
true,3
source,3
handwriting,3
england,3
leading,3
together,3
great,3
able,3
there,3
case,3
takes,3
sought,3
powers,3
bibliography,3
learned,3
helen,3
turn,3
lucy,3
remain,3
fascinating,3
illustrations,3
celebrities,3
moves,3
understand,3
vivid,3
too,3
victorian,3
helped,3
out,3
ann,3
stock,3
gave,3
records,3
personal,3
good,3
dramatic,3
reported,3
barbara,3
critical,3
power,3
letters,3
initially,3
pp,3
under,3
neither,3
index,3
rise,3
name,3
also,3
addition,3
financial,3
fact,3
hibben,3
comstock,3
appeared,3
serious,3
never,3
fame,3
above,3
private,3
writings,3
significant,3
josie,3
three,3
after,3
why,3
saw,3
attention,3
brokerage,3
dickinson,3
sisters,3
emanie,3
places,3
scholarship,3
fisk,3
while,3
both,3
lois,3
tell,3
spring,3
notes,3
portrait,3
news,3
colorful,3
themselves,3
daughter,3
major,3
madeleine,2
child,2
career,2
market,2
prostitutes,2
sympathetic,2
federal,2
former,2
acceptance,2
position,2
presents,2
unlike,2
biographical,2
uses,2
verdict,2
hoping,2
experience,2
cast,2
gossip,2
davis,2
long,2
researched,2
give,2
attempt,2
company,2
reach,2
fully,2
harvey,2
blackwell,2
speech,2
british,2
issue,2
historians,2
task,2
money,2
trance,2
chapter,2
backing,2
politics,2
biographers,2
fine,2
letter,2
behavior,2
married,2
relationships,2
author,2
interest,2
lectures,2
tit,2
moment,2
relations,2
insisted,2
convention,2
pay,2
defense,2
spiritualists,2
served,2
obscenity,2
sears,2
statements,2
how,2
secrets,2
goes,2
study,2
wanted,2
section,2
threatening,2
spirit,2
record,2
mary,2
beachy,2
additional,2
powerful,2
beyond,2
explain,2
opening,2
came,2
fortunes,2
called,2
access,2
p,2
state,2
understood,2
treat,2
appears,2
wealth,2
january,2
having,2
trial,2
used,2
idealistic,2
reid,2
heart,2
positions,2
tale,2
during,2
issues,2
focuses,2
surrounding,2
legislation,2
employed,2
sense,2
marx,2
involve,2
alcoholic,2
contrast,2
several,2
lefkowitz,2
doctrines,2
wife,2
proper,2
using,2
appropriate,2
provided,2
champion,2
san,2
second,2
reduced,2
materials,2
interweaving,2
might,2
return,2
community,2
cornelius,2
repression,2
yet,2
wake,2
exposure,2
ed,2
altina,2
memorial,2
whitelaw,2
useful,2
fill,2
members,2
leader,2
law,2
business,2
stated,2
childhood,2
others,2
efforts,2
divorce,2
john,2
fashion,2
outside,2
where,2
novelist,2
accepted,2
karl,2
less,2
see,2
horace,2
homer,2
leech,2
style,2
threats,2
gives,2
heywood,2
including,2
greeley,2
microfilm,2
use,2
spurlock,2
causes,2
morality,2
congress,2
low,2
discovered,2
margaret,2
co,2
like,2
summer,2
him,2
high,2
imagination,2
especially,2
pearl,2
article,2
newspapers,2
james,2
attracted,2
figures,2
controversial,2
attended,2
separate,2
indicted,2
relying,2
publishing,2
provide,2
movements,2
paxton,2
been,2
success,2
lives,2
class,2
fall,2
joseph,2
stephen,2
claims,2
seriously,2
then,2
historian,2
believed,2
series,2
butler,2
natural,2
tat,2
paper,2
broun,2
allied,2
particularly,2
rely,2
far,2
asserting,2
number,2
cities,2
historical,2
past,2
works,2
living,2
following,2
waller,2
defend,2
writes,2
another,2
cloth,2
suggests,2
stern,2
hal,2
ohio,2
role,2
november,2
plumbs,2
question,2
explanation,2
d,2
evidence,2
scandals,2
writer,2
francisco,2
potential,2
point,2
meeting,2
resolve,1
defective,1
hit,1
now,1
complaint,1
hungered,1
deny,1
prostitution,1
common,1
estimated,1
declared,1
concerned,1
meaning,1
names,1
corruption,1
war,1
lillie,1
created,1
praised,1
headlines,1
truth,1
represent,1
blackmailer,1
everyone,1
distress,1
congressman,1
college,1
highminded,1
revolutionary,1
intriguing,1
magnetic,1
stockbrokers,1
manuscript,1
proofsheets,1
church,1
group,1
womanhood,1
discover,1
summarizing,1
intellectual,1
scrawl,1
tend,1
live,1
library,1
english,1
autograph,1
h,1
approaches,1
explainable,1
easily,1
studies,1
soap,1
compilation,1
candidate,1
ardent,1
monolithic,1
devices,1
vitally,1
justified,1
committee,1
necessarily,1
remarry,1
allies,1
holding,1
tells,1
bridgehampton,1
feels,1
something,1
eye,1
client,1
disputed,1
laura,1
pundits,1
being,1
passion,1
either,1
explaining,1
provision,1
assets,1
titles,1
creation,1
improvident,1
restoration,1
enables,1
bereft,1
assist,1
develops,1
emerged,1
advanced,1
official,1
genteel,1
confirmed,1
possibilities,1
principles,1
roundsman,1
available,1
mails,1
assess,1
advantage,1
accompanied,1
jerky,1
puritan,1
cloak,1
government,1
link,1
harriet,1
reveal,1
characterizing,1
religion,1
real,1
loves,1
help,1
inadvertently,1
toleration,1
last,1
interviewed,1
gala,1
reading,1
intelligence,1
sheet,1
ambitions,1
johns,1
curtis,1
context,1
corresponded,1
alfred,1
manifesto,1
mysteries,1
guidelines,1
primary,1
mass,1
indulged,1
draw,1
right,1
mesh,1
accountability,1
therapeutic,1
felt,1
capable,1
possible,1
determined,1
authentic,1
innocuous,1
establishing,1
anarchist,1
move,1
taking,1
radicals,1
headed,1
thusly,1
sent,1
advocating,1
laws,1
household,1
still,1
establishes,1
along,1
himself,1
mentally,1
cursive,1
holland,1
collection,1
exposed,1
labor,1
repeatedly,1
pantarch,1
conflict,1
central,1
mistake,1
million,1
divorced,1
thus,1
accommodate,1
exercises,1
collapse,1
uncensored,1
affiliation,1
difficulties,1
drastic,1
utopian,1
seventy,1
run,1
countless,1
arrested,1
flashes,1
september,1
silent,1
g,1
corner,1
novelistic,1
campaigned,1
contributors,1
brother,1
allure,1
kinder,1
liaison,1
plymouth,1
forbade,1
spate,1
trail,1
century,1
affairs,1
espoused,1
kind,1
funds,1
guided,1
newspaperman,1
decisions,1
elements,1
adopted,1
psychological,1
mentors,1
pathbreaking,1
keep,1
depend,1
convincing,1
plank,1
generated,1
young,1
phelps,1
reference,1
dates,1
arranged,1
left,1
mistress,1
overwhelmed,1
weight,1
y,1
drawn,1
even,1
unresolved,1
deceased,1
constructs,1
marital,1
details,1
delivered,1
generation,1
frauds,1
refashion,1
build,1
intuition,1
battles,1
homegrown,1
media,1
failed,1
seventh,1
loyal,1
messy,1
opposed,1
interesting,1
erotic,1
alleged,1
recognized,1
dealings,1
whining,1
ably,1
heroes,1
subjected,1
bring,1
performance,1
troubled,1
superficial,1
adds,1
heels,1
presentation,1
communism,1
preachers,1
visceral,1
undercut,1
earlier,1
publisher,1
importance,1
pages,1
signatures,1
bookstore,1
distant,1
white,1
rules,1
moreover,1
gathering,1
guides,1
replete,1
pleasures,1
unconventional,1
means,1
reason,1
soul,1
rising,1
mrs,1
insistence,1
rumors,1
circulated,1
interspersed,1
marks,1
university,1
signed,1
organization,1
weaves,1
established,1
image,1
clearly,1
reformer,1
just,1
n,1
impact,1
house,1
weak,1
threat,1
solid,1
xi,1
resource,1
retraced,1
follow,1
readings,1
journalistic,1
adulterous,1
replays,1
willing,1
destructive,1
publicity,1
m,1
suggested,1
view,1
thrust,1
union,1
greater,1
arrived,1
result,1
isabella,1
based,1
sewed,1
herald,1
path,1
whispered,1
dollars,1
uncovering,1
histories,1
method,1
ambition,1
strength,1
determines,1
narrated,1
ambitious,1
lived,1
recitation,1
international,1
actresses,1
unsubstantiated,1
captured,1
initial,1
philosophical,1
base,1
mined,1
representative,1
lent,1
term,1
late,1
notas,1
brothels,1
healer,1
banker,1
pure,1
supporters,1
traced,1
equal,1
profited,1
paulina,1
recently,1
produced,1
cannot,1
excellent,1
intertwined,1
otherwise,1
placed,1
xvii,1
rogues,1
guidance,1
required,1
brooklyn,1
find,1
dependents,1
opposition,1
blake,1
hopkins,1
possibility,1
wants,1
briefly,1
receive,1
jim,1
lost,1
keeping,1
unequal,1
newspapermen,1
detractors,1
judiciary,1
protected,1
demimonde,1
gains,1
conjecture,1
residents,1
carries,1
vote,1
imagined,1
r,1
leads,1
crude,1
london,1
stir,1
beechers,1
example,1
knowledge,1
related,1
actors,1
caught,1
got,1
lectured,1
authenticity,1
place,1
untutored,1
people,1
moments,1
bits,1
documented,1
forces,1
away,1
compact,1
showing,1
carey,1
contradictions,1
josephine,1
impinging,1
citing,1
stowe,1
tone,1
social,1
creating,1
devereaux,1
physician,1
successful,1
caused,1
presented,1
questionable,1
unexpected,1
suggest,1
stage,1
reliable,1
trading,1
son,1
wing,1
theater,1
discredit,1
emphasizes,1
claim,1
involved,1
specifically,1
veteran,1
talents,1
pregnant,1
accomplished,1
revealing,1
bridge,1
transfer,1
brought,1
breaking,1
presence,1
reams,1
massachusetts,1
weapons,1
clever,1
always,1
cincinnati,1
st,1
gloria,1
reverend,1
citations,1
paid,1
correspondence,1
competing,1
mouths,1
cogswell,1
confidant,1
promoter,1
hooker,1
searches,1
moved,1
settle,1
actress,1
gordon,1
activities,1
championed,1
society,1
periods,1
chronological,1
void,1
impunity,1
threatened,1
battle,1
counteract,1
republican,1
highlights,1
led,1
noteworthy,1
communist,1
libertines,1
action,1
extramarital,1
wendell,1
happy,1
drama,1
bullard,1
spearheaded,1
dids,1
horrors,1
scandalous,1
yields,1
death,1
brings,1
object,1
retreat,1
reconstruction,1
entree,1
abby,1
sending,1
blending,1
seemingly,1
backed,1
zulu,1
once,1
relied,1
splintered,1
violence,1
fair,1
patton,1
arrangements,1
read,1
rumor,1
builds,1
thought,1
predecessor,1
phrenological,1
chronology,1
challenged,1
j,1
tangled,1
perceived,1
clarified,1
participants,1
planned,1
truthfulness,1
rightly,1
collectively,1
heirs,1
lord,1
choices,1
wright,1
resounding,1
already,1
increasingly,1
friend,1
journalist,1
sketch,1
double,1
party,1
organizations,1
congregants,1
reuters,1
suit,1
ride,1
mark,1
toward,1
again,1
stating,1
renewed,1
uncluttered,1
deserves,1
similarly,1
put,1
printing,1
l,1
experienced,1
smith,1
amuck,1
jottings,1
expose,1
counternarrative,1
head,1
professed,1
regret,1
enlarging,1
plan,1
beliefs,1
enact,1
reels,1
reform,1
choice,1
children,1
pet,1
ottawa,1
sexless,1
penned,1
debates,1
impatient,1
everything,1
contemporary,1
mold,1
considerable,1
fear,1
took,1
stuff,1
hand,1
wrestles,1
remarkable,1
manner,1
innovative,1
creature,1
continuing,1
income,1
spoke,1
uttered,1
radicalism,1
focusing,1
volatile,1
perhaps,1
belief,1
male,1
arsenal,1
fight,1
exploring,1
casual,1
divided,1
clients,1
father,1
intent,1
knopf,1
loftier,1
completed,1
range,1
instructor,1
flaw,1
heroine,1
trajectory,1
inexplicable,1
patricia,1
reframed,1
sworn,1
previously,1
identity,1
louis,1
concern,1
needing,1
lecture,1
dress,1
engaging,1
questions,1
maintains,1
engaged,1
reporters,1
trust,1
full,1
partisan,1
rehabilitate,1
complicated,1
involves,1
platform,1
finally,1
coexists,1
xv,1
meanings,1
truths,1
reverted,1
moral,1
modem,1
emphasizing,1
consult,1
publication,1
costumes,1
dominated,1
odious,1
hutchinson,1
held,1
individual,1
controversies,1
reviewers,1
would,1
demosthenes,1
played,1
documentation,1
collected,1
filled,1
accurate,1
meteoric,1
conversation,1
attributing,1
standard,1
provides,1
martin,1
thomas,1
salacious,1
exchange,1
men,1
spent,1
quick,1
prosecution,1
accusing,1
chapel,1
craft,1
relation,1
references,1
tactics,1
correction,1
biographer,1
structure,1
easygoing,1
magnetism,1
probably,1
rhetorical,1
northern,1
acceded,1
bestowed,1
engagement,1
harding,1
conveyed,1
professional,1
pastor,1
ones,1
calvin,1
recast,1
compendium,1
dealing,1
titular,1
accepting,1
unstable,1
disregards,1
aid,1
circle,1
adultery,1
today,1
clitorectomies,1
continued,1
figure,1
chance,1
suggestive,1
claimed,1
program,1
rough,1
hill,1
citizens,1
mediums,1
onstage,1
mood,1
army,1
privy,1
collections,1
translation,1
began,1
threaten,1
contribution,1
remaining,1
expert,1
crosscutting,1
often,1
analysis,1
continually,1
interconnected,1
united,1
sheds,1
creatures,1
months,1
ebb,1
instances,1
arts,1
gathered,1
blurred,1
pen,1
meant,1
matters,1
addressed,1
proof,1
presidency,1
share,1
persecution,1
curious,1
fifteen,1
broke,1
firsthand,1
sorting,1
conclusion,1
arrest,1
oats,1
version,1
radiant,1
must,1
dazzle,1
shallowness,1
theme,1
physical,1
elevates,1
fowlers,1
phillips,1
offers,1
alternative,1
set,1
snapping,1
forty,1
milieu,1
know,1
outcome,1
courtesan,1
defining,1
ran,1
confided,1
obscene,1
stem,1
country,1
finance,1
damning,1
different,1
novel,1
operas,1
setting,1
believe,1
gone,1
best,1
unknown,1
down,1
straightforward,1
prominence,1
acts,1
expense,1
republicanism,1
current,1
domestic,1
followers,1
eugenics,1
maud,1
notorious,1
job,1
contradictory,1
picks,1
workingmen,1
interconnection,1
accepts,1
u,1
risky,1
survivors,1
person,1
beginning,1
born,1
warnings,1
none,1
heads,1
proceedings,1
poses,1
terms,1
reputations,1
want,1
involvement,1
add,1
statement,1
mere,1
theory,1
ceased,1
censorship,1
supplemented,1
sowing,1
characterizes,1
yield,1
information,1
almost,1
circuit,1
contain,1
freedom,1
middle,1
lettered,1
boston,1
epithet,1
level,1
owner,1
illusive,1
apt,1
four,1
lifetime,1
met,1
given,1
city,1
comrade,1
practices,1
disappointments,1
algonquin,1
easy,1
turns,1
clarifies,1
tried,1
administration,1
infatuation,1
sheets,1
substance,1
target,1
mention,1
representation,1
writing,1
gain,1
coming,1
think,1
construed,1
internalized,1
our,1
prepared,1
nov,1
comprehended,1
come,1
energies,1
windfall,1
wild,1
lodged,1
canvas,1
touch,1
argues,1
recent,1
authorized,1
difference,1
reveals,1
contract,1
rationalization,1
beauty,1
illinois,1
liaisons,1
write,1
washington,1
grant,1
charge,1
broker,1
accept,1
register,1
approximately,1
instead,1
include,1
typically,1
need,1
states,1
volley,1
derive,1
seeks,1
off,1
presenting,1
remains,1
bigger,1
recalled,1
catharine,1
campaign,1
marry,1
needs,1
offered,1
actions,1
interlinked,1
justify,1
needle,1
succeeded,1
informants,1
debate,1
substantial,1
element,1
little,1
verified,1
traditional,1
focus,1
desperate,1
strong,1
among,1
prison,1
ghostwriters,1
famous,1
fictions,1
waging,1
col,1
doing,1
ca,1
acquitted,1
conception,1
close,1
gold,1
hypothesis,1
