WORDCOUNTS,WEIGHT
the,240
of,153
in,68
and,67
to,44
a,36
hale,33
as,30
psychoanalysis,29
that,28
was,25
for,25
s,25
is,19
by,19
american,14
were,14
freud,13
new,13
psychiatry,11
history,11
it,10
freudian,10
this,10
his,9
their,9
within,9
from,9
an,9
first,8
what,8
war,8
has,8
america,8
which,8
such,8
on,8
with,7
volume,7
have,7
not,6
psychoanalytic,6
social,6
however,6
be,6
somatic,6
through,6
medical,6
field,6
story,6
world,6
at,5
americans,5
might,5
who,5
psychoanalysts,5
about,5
thought,5
but,5
menninger,5
many,5
appeared,5
pressman,5
example,5
psychiatrists,5
against,5
profession,5
notes,5
once,5
second,4
no,4
ways,4
how,4
overall,4
intellectual,4
united,4
into,4
university,4
rise,4
standards,4
book,4
found,4
p,4
time,4
institute,4
analyzed,4
mental,4
training,4
its,4
thus,4
analysts,4
period,4
states,4
when,4
we,4
provided,4
specialty,4
now,3
scientific,3
been,3
indeed,3
doctrine,3
psychotherapy,3
modern,3
evolved,3
following,3
most,3
begins,3
fact,3
more,3
other,3
ii,3
quickly,3
had,3
could,3
leaders,3
appearance,3
greatly,3
learn,3
cultural,3
reviews,3
system,3
particular,3
theory,3
problem,3
well,3
some,3
psychology,3
work,3
received,3
psychiatric,3
writings,3
part,3
press,3
himself,3
ideas,3
project,3
own,3
numerous,3
author,3
professional,3
individual,3
so,3
schools,3
up,3
much,3
ego,3
attention,3
model,2
discipline,2
san,2
recognized,2
various,2
will,2
broadened,2
military,2
growth,2
analytic,2
program,2
army,2
importance,2
why,2
study,2
posts,2
moreover,2
support,2
read,2
clinical,2
later,2
acceptance,2
school,2
or,2
necessarily,2
intellectually,2
organized,2
variants,2
then,2
just,2
culture,2
historian,2
same,2
something,2
efforts,2
these,2
age,2
constituted,2
physical,2
believes,2
consequence,2
sciences,2
patients,2
here,2
command,2
set,2
important,2
purely,2
again,2
decades,2
available,2
therapy,2
best,2
longer,2
home,2
fortunes,2
medicine,2
careers,2
treatments,2
analyses,2
eventually,2
out,2
psychologists,2
growing,2
those,2
reading,2
interwar,2
applied,2
practice,2
perhaps,2
professionals,2
public,2
manuals,2
remained,2
explored,2
jack,2
almost,2
freudianism,2
popular,2
even,2
upon,2
given,2
point,2
distinctly,2
increased,2
became,2
subject,2
went,2
behavior,2
began,2
band,2
learned,2
evolution,2
central,2
individuals,2
laboratory,2
students,2
evidence,2
tradition,2
conditions,2
september,2
health,2
movement,2
workers,2
times,2
although,2
viable,2
d,2
fostered,2
funds,2
are,2
diagnostic,2
francisco,2
forms,2
between,2
neuroses,2
young,2
can,2
enterprise,2
one,2
focus,2
based,2
recent,2
leadership,2
general,2
generation,2
vantage,1
homosexuals,1
abiding,1
wished,1
pervaded,1
battlefield,1
bertram,1
via,1
inward,1
led,1
renderings,1
high,1
informs,1
eclectic,1
situation,1
indigenous,1
york,1
paralleled,1
oralgenital,1
demonstrate,1
personally,1
accomplish,1
today,1
outstripped,1
perspectives,1
oriented,1
descriptions,1
matter,1
definitive,1
astonished,1
practices,1
operations,1
lot,1
ambivalence,1
science,1
if,1
segments,1
religions,1
mattered,1
johns,1
strategy,1
paralyzed,1
freudians,1
untrustworthy,1
vision,1
plays,1
vienna,1
prize,1
practical,1
rule,1
remain,1
commitment,1
play,1
landscape,1
return,1
widening,1
distress,1
unconscious,1
lines,1
brief,1
rapprochement,1
slow,1
medicalizing,1
lasting,1
instincts,1
success,1
poignant,1
depicts,1
unwilling,1
universities,1
mundane,1
balloon,1
returned,1
expanded,1
pushed,1
lawrence,1
commenced,1
lasted,1
shone,1
rigor,1
suggests,1
contribution,1
case,1
turn,1
hinterlands,1
reverted,1
rapidly,1
center,1
deals,1
turks,1
direct,1
recently,1
savaged,1
comprised,1
touched,1
reception,1
decisions,1
direction,1
expression,1
drastically,1
special,1
methods,1
commend,1
rudolph,1
emigre,1
candidates,1
analysis,1
multifaceted,1
wistful,1
whole,1
guide,1
models,1
augmented,1
disciples,1
neurosis,1
see,1
factors,1
oxford,1
instructs,1
elapsed,1
evocative,1
deflated,1
factional,1
ostensibly,1
core,1
means,1
instinctual,1
addition,1
circle,1
pp,1
perceptions,1
brightest,1
erudite,1
language,1
happened,1
soon,1
plus,1
former,1
hendrick,1
stems,1
ideals,1
during,1
us,1
claims,1
loewenstein,1
fixed,1
index,1
discomfiting,1
physically,1
diagrams,1
horney,1
curious,1
attends,1
clearly,1
infrastructure,1
emotions,1
section,1
complete,1
note,1
amenable,1
disaffected,1
breach,1
shifting,1
air,1
senior,1
lessons,1
physicians,1
monograph,1
rationales,1
contemporaries,1
popularized,1
humanities,1
liberation,1
pioneers,1
closely,1
institutes,1
too,1
need,1
upper,1
without,1
narratives,1
nervous,1
dissemination,1
women,1
provocative,1
themes,1
manual,1
two,1
department,1
dramatically,1
emotional,1
believed,1
reliance,1
extensive,1
lined,1
ever,1
increasingly,1
origins,1
ives,1
hygiene,1
camp,1
only,1
strata,1
baby,1
vietnam,1
gravity,1
scrutiny,1
zilboorg,1
recruits,1
coalesced,1
membership,1
whose,1
ironically,1
reconstructions,1
provide,1
dire,1
problems,1
catalyst,1
wartime,1
oppression,1
left,1
shifted,1
writes,1
sections,1
viewed,1
care,1
originally,1
steady,1
popularity,1
mysterious,1
significant,1
opinion,1
stream,1
abound,1
toward,1
strengthen,1
death,1
natural,1
view,1
appear,1
stricken,1
humans,1
similarly,1
conflicts,1
awaited,1
assessments,1
each,1
all,1
causes,1
experienced,1
dreams,1
surfaced,1
shares,1
cultures,1
moving,1
gregory,1
result,1
nicely,1
words,1
disorder,1
worth,1
came,1
expanding,1
identifying,1
splinterings,1
treatment,1
europe,1
brightly,1
refugee,1
scholars,1
did,1
declined,1
psychosurgery,1
societies,1
down,1
scientifically,1
appendix,1
departments,1
conservative,1
entered,1
half,1
great,1
beliefs,1
strength,1
nathan,1
typical,1
regard,1
attack,1
allied,1
followers,1
wave,1
moments,1
blind,1
validated,1
casualties,1
floyd,1
years,1
conspicuous,1
follows,1
governed,1
break,1
changed,1
output,1
able,1
doubts,1
cure,1
any,1
obviously,1
personal,1
faults,1
onto,1
events,1
far,1
end,1
room,1
jacket,1
trace,1
disorders,1
religion,1
audience,1
artfully,1
narrowed,1
build,1
resolved,1
cities,1
historical,1
golden,1
considerable,1
i,1
captured,1
warmly,1
there,1
traumas,1
observes,1
disputes,1
sullivan,1
fellow,1
symptoms,1
feminist,1
prestige,1
hand,1
emphasized,1
raised,1
leaving,1
shaped,1
remarkable,1
hartmann,1
begin,1
psychologically,1
california,1
scholarly,1
stagnant,1
manner,1
receive,1
numbers,1
visions,1
stock,1
deliberate,1
notable,1
confined,1
defenses,1
realms,1
existing,1
empire,1
accepted,1
afforded,1
cures,1
relevant,1
karl,1
rose,1
terms,1
form,1
persons,1
list,1
namely,1
ones,1
rebellion,1
nowhere,1
degenerate,1
explicit,1
era,1
intertwined,1
otherwise,1
fashionable,1
governmental,1
proven,1
sophisticated,1
conclusion,1
year,1
forthcoming,1
dr,1
spiritual,1
fondness,1
native,1
explain,1
reconstructing,1
andre,1
circumstances,1
task,1
orientations,1
pool,1
motion,1
hopkins,1
planted,1
foundations,1
autoreflexive,1
sexual,1
briefly,1
day,1
right,1
victims,1
impact,1
victorianism,1
stance,1
failure,1
clinic,1
watershed,1
classical,1
awarded,1
stepped,1
maturing,1
sensitivities,1
account,1
vol,1
orthodox,1
followed,1
credit,1
apt,1
compelling,1
liberating,1
machinery,1
urban,1
journals,1
internalization,1
literature,1
opportune,1
divided,1
front,1
invested,1
examples,1
contexts,1
effectiveness,1
prior,1
treated,1
cambridge,1
deaf,1
made,1
asthma,1
little,1
explanation,1
magazine,1
writers,1
arenas,1
true,1
entrance,1
pain,1
psychological,1
agencies,1
met,1
say,1
except,1
grows,1
extending,1
establishment,1
grandiose,1
adolf,1
apparent,1
travelers,1
lippmann,1
due,1
ulcers,1
role,1
nation,1
convinced,1
mentally,1
reports,1
interviews,1
minority,1
tenets,1
ten,1
returning,1
aggression,1
controls,1
formula,1
gang,1
reverence,1
safely,1
sketched,1
impulses,1
maladaption,1
spock,1
souls,1
kubie,1
place,1
licensed,1
arguments,1
factor,1
psychodynamics,1
issues,1
anticipated,1
beginnings,1
allows,1
people,1
maintained,1
relevance,1
expertise,1
writing,1
gain,1
elite,1
human,1
bitter,1
childhood,1
goal,1
associations,1
chapters,1
throughout,1
come,1
seek,1
full,1
away,1
collapse,1
question,1
experiences,1
sweeping,1
nevertheless,1
systematic,1
legitimacy,1
tell,1
reverse,1
resort,1
emboldened,1
severe,1
development,1
clientele,1
significance,1
trusted,1
speciality,1
quietly,1
interpreted,1
strongest,1
three,1
else,1
targeted,1
stress,1
ailments,1
comprehensive,1
national,1
fulfillment,1
g,1
movies,1
soldiers,1
suffused,1
tactical,1
base,1
crisis,1
change,1
tone,1
held,1
joined,1
worked,1
adopted,1
esteem,1
outmoded,1
newly,1
undergo,1
grafted,1
successful,1
harder,1
walter,1
tridon,1
would,1
vanguard,1
federal,1
jr,1
lobotomy,1
balanced,1
developmental,1
heinz,1
chose,1
pay,1
seized,1
meyer,1
replaced,1
ernst,1
nobel,1
traveled,1
brain,1
herculean,1
kind,1
defined,1
drives,1
practiced,1
thing,1
renewal,1
dell,1
last,1
sexuality,1
eve,1
volumes,1
provides,1
extremely,1
emerging,1
distinct,1
developments,1
old,1
around,1
demand,1
overshadowed,1
small,1
retreat,1
frankly,1
david,1
dried,1
chairs,1
several,1
unwavering,1
historiographic,1
rapaport,1
sufficient,1
convincing,1
back,1
written,1
concerns,1
qualities,1
cathartic,1
textbooks,1
significantly,1
assumed,1
inclusion,1
become,1
lewin,1
research,1
themselves,1
shrank,1
narrow,1
decline,1
ascendancy,1
stand,1
vitality,1
scholarship,1
supply,1
enduring,1
kris,1
avowed,1
effect,1
afield,1
truly,1
enlightened,1
contrasting,1
lucid,1
structure,1
departmental,1
early,1
child,1
adapted,1
probably,1
aside,1
doctrines,1
factions,1
dominance,1
bragged,1
pays,1
present,1
abandoned,1
traditional,1
reformulate,1
karen,1
filling,1
critique,1
paid,1
figures,1
strong,1
repeat,1
nazi,1
than,1
tendency,1
psychosomatic,1
deepened,1
structured,1
value,1
occasion,1
should,1
resembled,1
adroitly,1
finds,1
heyday,1
talent,1
though,1
interests,1
roles,1
close,1
restriction,1
bolstered,1
knowledge,1
admirable,1
society,1
grants,1
