WORDCOUNTS,WEIGHT
the,182
of,119
and,92
to,63
in,59
s,50
a,41
u,40
american,27
foreign,25
america,25
history,23
central,23
that,22
states,20
united,18
relations,18
for,17
policy,16
with,15
world,15
as,14
schoonover,14
on,14
is,12
social,12
not,11
policies,11
war,10
this,10
he,9
p,9
international,9
century,8
economic,8
from,8
great,8
political,8
his,7
imperialism,7
nineteenth,7
by,7
use,7
are,7
which,7
expansion,6
security,6
was,6
rather,6
book,6
at,5
study,5
result,5
but,5
these,5
more,5
other,5
power,5
toward,5
rivalry,5
late,5
has,5
because,5
made,5
region,5
part,5
its,5
were,5
although,5
period,5
cold,5
research,5
third,5
be,5
european,4
or,4
into,4
any,4
impact,4
framework,4
also,4
economy,4
core,4
theory,4
imperial,4
both,4
have,4
approach,4
june,4
systems,4
actions,4
c,4
up,4
focus,4
north,4
nations,3
materials,3
process,3
manifest,3
countries,3
one,3
tensions,3
university,3
latin,3
provocative,3
most,3
potential,3
dependency,3
raw,3
nature,3
capitalist,3
scholars,3
leaders,3
basin,3
draws,3
external,3
reviews,3
less,3
making,3
key,3
woodward,3
out,3
design,3
chapter,3
almost,3
uneven,3
peoples,3
new,3
powers,3
desert,3
concept,3
conceptual,3
very,3
during,3
historical,3
theoretical,3
such,3
connections,3
semiperipheral,3
essay,3
large,3
caribbean,3
d,3
provides,3
thomas,3
internal,3
diplomatic,3
britain,3
analyze,3
painter,3
than,3
societies,3
may,2
it,2
press,2
second,2
racism,2
inhabitants,2
how,2
market,2
episodes,2
sensitive,2
capacity,2
they,2
grew,2
southern,2
pp,2
analysis,2
about,2
guide,2
motivation,2
h,2
understand,2
developments,2
facilitated,2
considerations,2
technology,2
exceptionalism,2
crapol,2
before,2
panama,2
growing,2
naval,2
circumstances,2
geographic,2
first,2
powerful,2
only,2
sources,2
worst,2
explain,2
set,2
coming,2
important,2
over,2
similarly,2
image,2
addition,2
efforts,2
europe,2
did,2
half,2
explanatory,2
domestic,2
potentially,2
rich,2
larger,2
atlantic,2
end,2
written,2
while,2
there,2
cyclical,2
roosevelt,2
brauer,2
behind,2
somewhat,2
innovative,2
unit,2
empire,2
terms,2
see,2
system,2
particular,2
material,2
threats,2
free,2
politics,2
investment,2
abroad,2
industrial,2
helps,2
civil,2
resources,2
indigenous,2
significant,2
oil,2
largely,2
place,2
writing,2
ameliorate,2
purposeful,2
review,2
crises,2
vann,2
analyzing,2
points,2
neighbors,2
david,2
successful,2
would,2
contrast,2
increased,2
argues,2
revisited,2
through,2
journal,2
much,2
recent,2
notes,2
value,2
general,2
imperialist,2
insights,1
suspects,1
banana,1
aggrandizement,1
midcentury,1
does,1
opposed,1
changes,1
interesting,1
pacific,1
high,1
role,1
fundamental,1
done,1
nation,1
german,1
dominates,1
provide,1
absence,1
richest,1
way,1
slights,1
if,1
later,1
within,1
l,1
been,1
main,1
service,1
ideology,1
revival,1
labeled,1
edward,1
aggressive,1
separated,1
breadth,1
suggestive,1
explicit,1
capture,1
institutions,1
subsistence,1
mean,1
lost,1
convince,1
allen,1
reconstruction,1
opportunity,1
introduction,1
granted,1
notably,1
determined,1
territorial,1
president,1
germany,1
contribution,1
sequences,1
importance,1
likewise,1
group,1
center,1
anxious,1
their,1
simultaneously,1
testifies,1
saved,1
class,1
makes,1
structural,1
apologists,1
expectations,1
distant,1
quite,1
designed,1
fall,1
once,1
consequences,1
live,1
competition,1
expansionism,1
english,1
continent,1
reinterpretation,1
emerging,1
reason,1
opportunities,1
studies,1
unusual,1
accident,1
gourevitch,1
conscious,1
mission,1
meant,1
considered,1
march,1
consider,1
underdeveloped,1
matters,1
addressed,1
forests,1
organization,1
justified,1
western,1
reconnect,1
index,1
school,1
hardwood,1
arguments,1
familiar,1
benefits,1
environment,1
seriously,1
included,1
magnitude,1
amply,1
duke,1
scientist,1
pathbreaking,1
confederates,1
just,1
historian,1
underline,1
ideologies,1
n,1
ed,1
source,1
weak,1
indian,1
frequently,1
nineteenthcentury,1
largest,1
belonging,1
xi,1
age,1
department,1
demonstrate,1
economically,1
williams,1
nicaraguan,1
sufficient,1
wallerstein,1
isthmus,1
cotton,1
long,1
labor,1
demolish,1
neither,1
name,1
production,1
french,1
researched,1
denigrate,1
ii,1
cover,1
attempts,1
evidence,1
divert,1
seem,1
natural,1
continental,1
conceived,1
authority,1
control,1
jose,1
advanced,1
many,1
illuminate,1
had,1
sive,1
historiography,1
words,1
appraisal,1
santos,1
expanding,1
relieve,1
rivals,1
idea,1
introduce,1
historians,1
secondary,1
best,1
xii,1
areas,1
future,1
assertion,1
appendix,1
expense,1
begun,1
called,1
access,1
regard,1
zelaya,1
attack,1
time,1
er,1
able,1
offend,1
xiii,1
linked,1
ocean,1
conceptualized,1
concludes,1
criticisms,1
events,1
far,1
goods,1
prospects,1
interstate,1
benefit,1
contemporary,1
take,1
iron,1
considerable,1
fresh,1
quoted,1
markets,1
extenreviews,1
february,1
risky,1
transit,1
glory,1
concrete,1
philippine,1
readers,1
took,1
hand,1
usual,1
following,1
limited,1
do,1
raised,1
spain,1
hyman,1
though,1
durham,1
ethnically,1
theodore,1
hostility,1
johns,1
literature,1
competitors,1
affected,1
unique,1
context,1
el,1
coffee,1
population,1
methodological,1
michael,1
british,1
sovereignty,1
nowhere,1
thirty,1
placed,1
nascent,1
attitudes,1
rounds,1
exploit,1
foreshadowed,1
narrative,1
ripe,1
eastern,1
debate,1
problem,1
formulation,1
heavily,1
method,1
task,1
repetitive,1
james,1
hopkins,1
near,1
primary,1
sought,1
periphery,1
agriculture,1
studying,1
aspects,1
addresses,1
degree,1
trade,1
balance,1
account,1
demonstrated,1
hietala,1
replacement,1
r,1
georgetown,1
revealed,1
activity,1
discussion,1
used,1
paucity,1
work,1
tr,1
jacksonian,1
drive,1
incorporation,1
burden,1
bibliography,1
tool,1
upon,1
nine,1
must,1
limitations,1
fine,1
braudel,1
surveys,1
point,1
including,1
individual,1
purpose,1
multilayered,1
reminding,1
stimulating,1
clustered,1
became,1
republic,1
along,1
annexation,1
himself,1
expand,1
stores,1
concern,1
transition,1
undermining,1
moral,1
assumptions,1
territory,1
doses,1
implications,1
realm,1
describe,1
freedom,1
harmony,1
copper,1
make,1
harold,1
conditions,1
issues,1
morality,1
fourteen,1
using,1
postbellum,1
twin,1
round,1
goals,1
heard,1
faculty,1
neglect,1
conflict,1
winter,1
technologically,1
salvador,1
binding,1
kinley,1
remarks,1
chapters,1
includes,1
national,1
autumn,1
question,1
reinforcing,1
nor,1
shown,1
students,1
described,1
project,1
commercial,1
severe,1
facts,1
losers,1
years,1
dynamics,1
development,1
challenging,1
polity,1
illustrates,1
quest,1
weeks,1
tables,1
numerous,1
october,1
sensitivity,1
recognize,1
author,1
uniqueness,1
peter,1
interest,1
reversed,1
dangerous,1
serious,1
legacy,1
enlightenment,1
characterized,1
walter,1
beneficent,1
field,1
jr,1
an,1
balanced,1
summer,1
materially,1
revolution,1
militarily,1
suggest,1
mexico,1
thoughtful,1
france,1
strategic,1
prosperity,1
seaboard,1
colleagues,1
destiny,1
after,1
phrase,1
combines,1
abundant,1
distinct,1
slighted,1
hemisphere,1
why,1
times,1
encompassing,1
spanish,1
needs,1
profits,1
concerning,1
especially,1
narrowly,1
conceptualizing,1
include,1
back,1
contrary,1
spectator,1
rethink,1
between,1
transfer,1
presence,1
single,1
become,1
archival,1
scholarship,1
topics,1
respond,1
impossible,1
conpainter,1
can,1
valuable,1
fully,1
when,1
defines,1
exclusively,1
given,1
legality,1
look,1
traditional,1
grain,1
among,1
occupied,1
overthrow,1
we,1
relative,1
appropriate,1
cross,1
should,1
ago,1
generation,1
attention,1
coal,1
rest,1
division,1
major,1
justice,1
decision,1
hunt,1
society,1
