WORDCOUNTS,WEIGHT
the,140
and,124
of,87
to,76
in,70
a,61
as,33
smith,29
o,28
hare,28
that,24
s,24
her,23
his,22
for,17
with,16
she,15
kate,15
he,14
life,13
not,13
socialist,13
from,12
their,12
an,12
was,11
more,11
had,11
centralia,11
like,11
richards,10
socialism,10
miller,9
by,9
debs,9
family,9
on,9
who,8
women,8
one,8
is,7
also,7
which,7
states,7
after,7
wobblies,6
female,6
history,6
copeland,6
law,6
dubofsky,6
i,6
state,6
where,6
less,6
most,6
during,6
elmer,6
him,6
world,6
no,5
now,5
legal,5
american,5
yet,5
pp,5
other,5
could,5
p,5
reform,5
hell,5
america,5
local,5
new,5
nation,5
labor,5
were,5
washington,5
few,5
be,5
united,5
will,4
they,4
serve,4
university,4
into,4
proved,4
but,4
these,4
common,4
hillquit,4
many,4
time,4
children,4
because,4
practice,4
woman,4
kansas,4
values,4
raising,4
have,4
good,4
workers,4
marriage,4
when,4
corn,4
prison,4
than,4
moved,4
failed,3
it,3
simultaneously,3
americans,3
struggle,3
convicted,3
populism,3
traveled,3
about,3
frank,3
federal,3
citizens,3
themselves,3
socialists,3
school,3
or,3
two,3
bar,3
especially,3
followed,3
long,3
party,3
longer,3
together,3
domestic,3
lived,3
pacific,3
radical,3
associated,3
there,3
war,3
reviews,3
them,3
tragedy,3
coast,3
native,3
missouri,3
biographies,3
popular,3
may,3
city,3
press,3
conventional,3
families,3
people,3
while,3
dakota,3
such,3
class,3
against,3
so,3
pay,3
speak,3
body,3
evolutionary,3
young,3
served,3
dedicated,3
even,3
among,3
north,3
at,2
appeal,2
final,2
rights,2
biography,2
republican,2
melvyn,2
sons,2
town,2
residual,2
without,2
clients,2
way,2
sometimes,2
been,2
meek,2
murder,2
although,2
neighborly,2
college,2
parents,2
still,2
movement,2
christian,2
civil,2
once,2
homesteading,2
has,2
biographer,2
mother,2
victor,2
marginal,2
case,2
modern,2
mission,2
berger,2
clash,2
organization,2
western,2
freeing,2
reformer,2
before,2
represented,2
died,2
encampments,2
too,2
only,2
shop,2
social,2
attorney,2
chose,2
members,2
paul,2
interests,2
death,2
power,2
capitalist,2
liberty,2
my,2
whom,2
principles,2
homestead,2
illnesses,2
did,2
best,2
speeches,2
feminism,2
judge,2
carrying,2
become,2
how,2
fallen,2
causes,2
term,2
cowed,2
charged,2
henry,2
access,2
political,2
day,2
wage,2
road,2
armed,2
legionnaires,2
promise,2
breath,2
armistice,2
however,2
ford,2
progressivism,2
marxists,2
free,2
deal,2
years,2
temperance,2
work,2
success,2
received,2
made,2
son,2
region,2
radicals,2
story,2
understanding,2
previously,2
sentenced,2
became,2
role,2
its,2
himself,2
demanded,2
tried,2
rather,2
year,2
graduation,2
aside,2
jo,2
daughters,2
speaking,2
music,2
personal,2
citizen,2
devoted,2
profession,2
radicalism,2
rejected,2
xv,2
arrested,2
machine,2
bordin,2
dangerous,2
buhle,2
hard,2
summer,2
tom,2
order,2
progressive,2
nor,2
homesteaders,2
better,2
ruth,2
june,2
between,2
resources,2
left,2
fully,2
orthodox,2
substantial,2
st,2
gospel,2
those,2
much,2
notes,2
bills,2
generation,2
daughter,2
penal,2
iww,2
courts,1
model,1
believers,1
conflict,1
defending,1
difficult,1
democracy,1
battle,1
take,1
opposed,1
communities,1
frail,1
loudly,1
via,1
fernand,1
vilified,1
allegedly,1
fueled,1
humanism,1
second,1
transform,1
slender,1
situation,1
fortunate,1
shattered,1
demand,1
forever,1
today,1
equality,1
mexico,1
raise,1
advocate,1
dragging,1
hoosier,1
hofstadter,1
continued,1
act,1
george,1
herself,1
penurious,1
faith,1
desires,1
figure,1
revisionists,1
slavery,1
alongside,1
main,1
syndicalism,1
sensing,1
across,1
husband,1
indeed,1
adds,1
stresses,1
labors,1
practitioners,1
commitment,1
claimed,1
illustration,1
trained,1
irritated,1
irony,1
spouse,1
truth,1
represent,1
danced,1
leamed,1
counsel,1
violence,1
resulted,1
seedy,1
ordinary,1
outlet,1
revolutionary,1
cohort,1
process,1
red,1
statutes,1
mean,1
funds,1
strains,1
prove,1
practiced,1
community,1
seen,1
mississippi,1
chaplin,1
make,1
violating,1
ties,1
throbbed,1
bankers,1
germany,1
suggests,1
wilson,1
b,1
reforming,1
group,1
brand,1
center,1
plains,1
southern,1
moum,1
throng,1
hoboes,1
decisions,1
payment,1
special,1
leaves,1
often,1
satisfaction,1
provisions,1
enabled,1
illustrations,1
promoting,1
machinists,1
valiant,1
midst,1
reforms,1
feel,1
bibliographical,1
disciples,1
blessing,1
remind,1
likely,1
dole,1
education,1
addressing,1
generating,1
proclaimed,1
each,1
wide,1
receive,1
sympathy,1
exceptional,1
reason,1
americanism,1
lives,1
surveillance,1
democrats,1
twenty,1
dare,1
readmitted,1
read,1
york,1
association,1
eugene,1
unprofessional,1
details,1
fought,1
encomia,1
east,1
whose,1
anguish,1
former,1
march,1
antiwar,1
forget,1
policy,1
failure,1
beneficiary,1
sorts,1
index,1
immediate,1
revolutionaries,1
neighbors,1
unlike,1
share,1
authorities,1
home,1
die,1
linked,1
producers,1
ceaseless,1
just,1
eulogy,1
days,1
disbar,1
limned,1
siblings,1
purity,1
impact,1
worsened,1
welfare,1
mary,1
ed,1
rebelled,1
locusts,1
eulogized,1
wayland,1
several,1
committees,1
dyspeptic,1
version,1
delineates,1
defend,1
circuit,1
passos,1
organize,1
advancing,1
situations,1
turning,1
credence,1
elided,1
mario,1
debilitating,1
contradiction,1
agents,1
devout,1
democratic,1
jayhawk,1
scarcely,1
being,1
first,1
pregnancies,1
powerful,1
known,1
discordant,1
provinces,1
drought,1
prisoners,1
sympathizers,1
limbaugh,1
representation,1
ralph,1
wrong,1
prairie,1
mourn,1
advised,1
endured,1
neither,1
leaming,1
favorable,1
commissions,1
penitentiary,1
meriting,1
voices,1
journal,1
bemsteinian,1
book,1
behaved,1
challenge,1
respected,1
business,1
m,1
later,1
taken,1
important,1
milieu,1
darwinian,1
forays,1
wellknown,1
others,1
rush,1
footnote,1
advocated,1
over,1
myths,1
lumber,1
bucks,1
constructive,1
worked,1
control,1
friends,1
virulent,1
all,1
union,1
sure,1
dreams,1
release,1
paper,1
wired,1
efforts,1
skills,1
words,1
different,1
populists,1
came,1
shows,1
study,1
unionism,1
path,1
least,1
location,1
international,1
conduct,1
if,1
chimerical,1
divorce,1
secondary,1
leaders,1
stump,1
wesley,1
historical,1
embittered,1
train,1
found,1
tours,1
prior,1
entered,1
criminal,1
trips,1
wrote,1
bonechilling,1
developed,1
forces,1
origin,1
martyr,1
incredulous,1
insular,1
normative,1
released,1
departments,1
changed,1
able,1
government,1
incident,1
proves,1
aclu,1
shared,1
prepare,1
rooms,1
farming,1
grievances,1
kindness,1
jury,1
events,1
very,1
written,1
worker,1
clearly,1
build,1
real,1
cities,1
deserving,1
commuting,1
farmer,1
emancipate,1
acclaim,1
man,1
liberties,1
dead,1
great,1
babbits,1
rural,1
audiences,1
living,1
brotherhood,1
big,1
elites,1
forms,1
never,1
embedded,1
mind,1
readers,1
experience,1
klan,1
precisely,1
primitive,1
sprague,1
captivity,1
prompt,1
robert,1
oratory,1
suffering,1
according,1
unlikely,1
reading,1
inmates,1
bitter,1
secular,1
johns,1
strained,1
acquittals,1
aspects,1
activist,1
wobbly,1
receives,1
papers,1
existence,1
fall,1
produced,1
offering,1
see,1
system,1
intelligently,1
binghamton,1
evangelical,1
boys,1
issue,1
farmers,1
sociology,1
character,1
spoke,1
spring,1
generosity,1
eventful,1
lynching,1
fiery,1
map,1
your,1
saving,1
theory,1
brooklyn,1
leaving,1
multiculturalism,1
scattered,1
impoverished,1
conventionality,1
style,1
public,1
nearly,1
christians,1
lease,1
immersed,1
counterpart,1
hopkins,1
near,1
reflected,1
sought,1
lauded,1
orator,1
u,1
mill,1
transient,1
unable,1
silver,1
girard,1
womanly,1
outlaw,1
degree,1
cloth,1
larger,1
apprenticeship,1
unite,1
solace,1
fight,1
gained,1
summers,1
midamerican,1
espionage,1
apathetic,1
meetings,1
opened,1
imprisoned,1
benevolence,1
roger,1
future,1
logical,1
delivering,1
urban,1
activity,1
away,1
strips,1
engineer,1
melzyn,1
campaigns,1
win,1
father,1
courtroom,1
measures,1
you,1
intense,1
element,1
julius,1
birth,1
already,1
bibliography,1
remember,1
richard,1
upon,1
john,1
emergent,1
wisconsin,1
occasionally,1
circumstances,1
true,1
expired,1
braudel,1
writings,1
exemplars,1
prominent,1
prompted,1
agencies,1
vigilantes,1
point,1
through,1
despite,1
example,1
relocated,1
cited,1
tendencies,1
calls,1
mari,1
november,1
unaffected,1
elite,1
african,1
recapture,1
gender,1
feared,1
lecturing,1
journeyman,1
though,1
lecture,1
dignity,1
whole,1
councils,1
target,1
theirs,1
succumbed,1
bondage,1
nigger,1
patriotism,1
split,1
describes,1
morris,1
twin,1
definitions,1
diverged,1
human,1
amalgamated,1
participated,1
scare,1
despised,1
thereafter,1
winter,1
innocents,1
divorced,1
services,1
questfor,1
our,1
frances,1
acquittal,1
accessible,1
radicalized,1
full,1
married,1
office,1
penology,1
expressed,1
california,1
merchants,1
brownsville,1
echo,1
charge,1
insurmountable,1
won,1
losers,1
trade,1
passim,1
both,1
proliferated,1
past,1
three,1
arkansas,1
moral,1
envisaged,1
pursuit,1
unfortunately,1
phyllis,1
cunningham,1
violated,1
comparing,1
language,1
macalester,1
author,1
finally,1
overwhelmed,1
vernacular,1
earth,1
doctrine,1
essay,1
lectures,1
vigilante,1
downtrodden,1
evils,1
change,1
dozen,1
stressed,1
ability,1
review,1
xenophobia,1
dos,1
prolonged,1
defense,1
relations,1
instead,1
times,1
unpopular,1
liberate,1
successful,1
collapsed,1
ago,1
working,1
nick,1
coeditor,1
period,1
need,1
delivered,1
sinclair,1
insurgent,1
century,1
failing,1
lacked,1
admitted,1
guardians,1
schlafly,1
plants,1
obtained,1
lie,1
willard,1
imbibed,1
postwar,1
militant,1
thing,1
area,1
down,1
last,1
eluded,1
quite,1
cases,1
sally,1
street,1
remains,1
old,1
alive,1
sentence,1
winters,1
david,1
fees,1
suny,1
profits,1
soil,1
refer,1
president,1
dealers,1
separately,1
charles,1
exemplifies,1
back,1
subjects,1
salvatore,1
baldwin,1
antiradicalism,1
folk,1
columbia,1
cool,1
newspapers,1
abortion,1
civic,1
same,1
marry,1
met,1
poem,1
marxist,1
texas,1
hotel,1
lewis,1
single,1
prisons,1
right,1
farm,1
auditors,1
sentiments,1
employers,1
seattle,1
networks,1
structure,1
managed,1
enemies,1
condemned,1
constant,1
raised,1
up,1
including,1
valley,1
island,1
beat,1
slightest,1
caucasians,1
traditional,1
token,1
proper,1
cf,1
grain,1
parasites,1
ellen,1
correspondence,1
nonfeminist,1
oklahoma,1
roots,1
recent,1
connections,1
famous,1
secularism,1
private,1
repudiated,1
businessman,1
crime,1
everest,1
alienated,1
provided,1
enclave,1
acted,1
roles,1
acquitted,1
clashed,1
marxism,1
discontents,1
accessory,1
massive,1
roediger,1
justice,1
arizona,1
convention,1
what,1
society,1
tormented,1
