WORDCOUNTS,WEIGHT
the,211
of,182
and,130
to,111
kennedy,100
in,95
a,94
his,93
s,80
that,47
with,39
was,37
is,32
on,32
for,27
he,26
which,25
but,24
reeves,23
p,22
it,21
have,21
an,20
political,19
him,19
john,17
by,17
beschloss,16
were,16
as,16
f,15
from,15
at,14
american,14
about,14
presidency,14
giglio,14
been,13
life,13
soviet,12
who,12
be,12
not,11
pp,11
more,11
than,11
character,10
are,10
khrushchev,10
sexual,9
because,9
actions,9
if,8
their,8
or,8
new,8
house,8
public,8
associates,8
its,8
question,8
own,8
so,8
james,8
history,7
sources,7
i,7
what,7
jack,7
private,7
crisis,7
union,6
book,6
reviews,6
terms,6
particular,6
such,6
coming,6
personal,6
whose,5
career,5
inauguration,5
joseph,5
image,5
any,5
all,5
had,5
time,5
war,5
greenstein,5
day,5
will,5
work,5
made,5
two,5
president,5
years,5
difference,5
missile,5
caution,5
evidence,5
thomas,5
early,5
also,5
white,5
we,5
no,4
success,4
make,4
berlin,4
they,4
often,4
makes,4
university,4
claims,4
source,4
circumstances,4
first,4
power,4
important,4
into,4
man,4
other,4
burns,4
michael,4
books,4
march,4
account,4
some,4
politics,4
activity,4
literature,4
encounter,4
both,4
even,4
little,4
example,4
press,4
administration,4
review,4
three,4
reputation,4
would,4
states,4
attributes,4
qualities,4
between,4
c,4
johnson,4
united,4
may,3
led,3
york,3
cuban,3
profile,3
macgregor,3
result,3
goes,3
contribution,3
lacking,3
biographer,3
interpretation,3
presidents,3
see,3
lyndon,3
former,3
policy,3
index,3
before,3
periodically,3
freudian,3
theodore,3
gossip,3
outcome,3
over,3
appear,3
subject,3
best,3
domestic,3
children,3
curiosity,3
concludes,3
events,3
never,3
them,3
less,3
however,3
kitty,3
capable,3
claim,3
point,3
say,3
part,3
interviews,3
personality,3
himself,3
parmet,3
use,3
broad,3
partly,3
author,3
sorenson,3
good,3
heymann,3
individual,3
although,3
sense,3
need,3
cold,3
rhetoric,3
after,3
missiles,3
standard,3
provides,3
presidential,3
family,3
up,3
spite,3
much,3
kelley,3
notes,3
doing,3
showed,3
influence,3
unlikely,2
seems,2
page,2
medications,2
without,2
always,2
observers,2
performance,2
vision,2
indeed,2
how,2
toward,2
edward,2
extreme,2
assassination,2
insufficiently,2
miroff,2
referred,2
detailed,2
vienna,2
appears,2
charm,2
importance,2
executive,2
covering,2
balanced,2
none,2
one,2
decisions,2
illustrations,2
fred,2
bibliographical,2
frontier,2
maximum,2
true,2
courage,2
virulent,2
thought,2
cuba,2
camelot,2
lives,2
modern,2
january,2
under,2
crasher,2
n,2
bay,2
impact,2
bruce,2
series,2
too,2
biography,2
most,2
show,2
negative,2
detachment,2
being,2
rise,2
anything,2
only,2
beyond,2
satisfactory,2
us,2
alsop,2
leon,2
bernstein,2
reunited,2
m,2
david,2
address,2
each,2
many,2
greater,2
herbert,2
lacked,2
fact,2
shows,2
nancy,2
xii,2
secondary,2
pragmatic,2
assess,2
succeeds,2
search,2
appeared,2
confrontation,2
out,2
recognize,2
government,2
very,2
know,2
historical,2
nuclear,2
initial,2
emotionally,2
roosevelt,2
works,2
soviets,2
marxist,2
written,2
henry,2
those,2
dangers,2
mainly,2
intensity,2
ones,2
older,2
staff,2
side,2
can,2
perhaps,2
woman,2
assertions,2
has,2
extent,2
style,2
chapter,2
clinch,2
her,2
primary,2
going,2
free,2
impression,2
biographies,2
night,2
well,2
leaders,2
argues,2
original,2
almost,2
kansas,2
future,2
compelling,2
father,2
wills,2
boston,2
upon,2
son,2
r,2
brought,2
through,2
far,2
became,2
nation,2
pigs,2
vast,2
compensated,2
policies,2
people,2
edmund,2
story,2
million,2
irving,2
nothing,2
chapters,2
office,2
germany,2
showing,2
jfk,2
argument,2
inner,2
crises,2
since,2
there,2
moral,2
conditions,2
language,2
essay,2
peter,2
moment,2
gate,2
misperception,2
change,2
like,2
jr,2
o,2
seeming,2
brother,2
gager,2
underlying,2
schlesinger,2
valuable,2
aggressiveness,2
left,2
effect,2
era,2
playboy,2
when,2
reasoned,2
morris,2
world,2
stone,2
leadership,2
businessman,2
deficiency,2
meeting,2
edel,2
close,2
garry,2
content,2
draw,2
jackie,2
nations,1
publicize,1
seats,1
final,1
dealing,1
higher,1
space,1
lesser,1
duties,1
liberation,1
avoidance,1
critical,1
year,1
provoking,1
happen,1
columnist,1
marilyn,1
churchill,1
high,1
relationship,1
second,1
spiral,1
horowitz,1
conciliatory,1
off,1
zest,1
arrangement,1
critics,1
realm,1
along,1
child,1
implementation,1
probusiness,1
note,1
heaths,1
matter,1
covertly,1
availed,1
deception,1
various,1
bohlen,1
difficult,1
mysterious,1
joan,1
act,1
reliability,1
rather,1
saying,1
potemkin,1
senator,1
promises,1
unswerving,1
invasion,1
usually,1
economic,1
jibe,1
negatively,1
imbalance,1
failed,1
absent,1
across,1
short,1
adds,1
synthesis,1
rights,1
respectful,1
ideology,1
prose,1
telephone,1
steps,1
gathering,1
april,1
concern,1
disjunction,1
selfish,1
support,1
prurient,1
imperatives,1
exacerbated,1
calling,1
affected,1
baldwins,1
compartmentalized,1
reminders,1
deaths,1
beguile,1
brief,1
resulted,1
gifts,1
win,1
male,1
speculated,1
responded,1
allan,1
independence,1
apart,1
mean,1
remarked,1
traordinarily,1
sensitive,1
sex,1
prism,1
alone,1
whatever,1
transformed,1
secretary,1
oblique,1
glimpses,1
period,1
determining,1
says,1
risk,1
notably,1
nonmacho,1
hearsay,1
heard,1
non,1
lawrence,1
determination,1
manages,1
threaten,1
went,1
uses,1
certain,1
paradoxically,1
publications,1
center,1
leave,1
methodology,1
complex,1
unfamiliar,1
humiliate,1
backed,1
ix,1
assuming,1
confronted,1
positive,1
demonstrable,1
enacted,1
study,1
responsible,1
enabled,1
danger,1
britain,1
civil,1
analysis,1
distant,1
adventure,1
prime,1
existed,1
convictions,1
fall,1
list,1
mortality,1
saving,1
join,1
referring,1
beautiful,1
problematic,1
celebrities,1
live,1
periodic,1
library,1
expansionism,1
usefully,1
criticism,1
russian,1
yet,1
federal,1
solidarity,1
h,1
distractibility,1
months,1
reference,1
ralph,1
accounts,1
examined,1
treaty,1
security,1
intense,1
prejudices,1
insistence,1
acquisition,1
retreat,1
case,1
grounded,1
old,1
advisory,1
seat,1
ring,1
vigor,1
wanted,1
judith,1
decade,1
tensions,1
censure,1
exposes,1
ceremony,1
promiscuity,1
forever,1
vip,1
mistook,1
erratic,1
campaign,1
neither,1
management,1
meditation,1
exhaustion,1
environment,1
distillation,1
symptomatic,1
invent,1
home,1
behavior,1
exercised,1
lawford,1
heavy,1
then,1
thinking,1
panache,1
light,1
eagerness,1
devotes,1
elsewhere,1
driven,1
k,1
judgments,1
culture,1
days,1
following,1
thousand,1
spirit,1
siblings,1
coerced,1
impeded,1
record,1
repaired,1
welfare,1
comes,1
preoccupation,1
variety,1
amphetamines,1
phenomenal,1
princeton,1
chief,1
sales,1
mentioned,1
changing,1
persuade,1
fare,1
preconceived,1
fearful,1
already,1
wisconsin,1
four,1
different,1
department,1
brutal,1
initiative,1
tough,1
joe,1
put,1
rising,1
round,1
friend,1
array,1
consistent,1
shorter,1
voluminous,1
e,1
posturing,1
summit,1
surface,1
way,1
arguing,1
brink,1
decidedly,1
promise,1
inclined,1
submerged,1
desegregating,1
double,1
physical,1
idealized,1
failing,1
position,1
shedding,1
hence,1
cost,1
long,1
ironically,1
driving,1
revisited,1
bitch,1
needy,1
intensely,1
silly,1
oral,1
breathing,1
neurosis,1
june,1
preceding,1
warns,1
instance,1
connection,1
alluding,1
ways,1
willing,1
portrays,1
skill,1
displaying,1
valid,1
set,1
obverse,1
communism,1
challenge,1
surreptitiously,1
give,1
taken,1
organization,1
kenneth,1
uncritically,1
highly,1
abound,1
expediency,1
again,1
might,1
drawing,1
death,1
acutely,1
dismissively,1
blair,1
bravura,1
undocumented,1
similarly,1
responsibilities,1
rare,1
intellectual,1
substantively,1
journalistic,1
impressive,1
intellect,1
experienced,1
daring,1
evoking,1
conduct,1
hours,1
j,1
lemoyne,1
response,1
unlike,1
equating,1
words,1
appraisal,1
secretive,1
confirmed,1
treating,1
engaged,1
served,1
deploying,1
writer,1
lack,1
pair,1
deal,1
pursuits,1
wars,1
consideration,1
cautiously,1
sampling,1
treatment,1
knowing,1
kennedys,1
capital,1
tradition,1
amoral,1
burlingam,1
could,1
advantage,1
stroke,1
histories,1
call,1
compounded,1
entered,1
desire,1
donnell,1
half,1
beliefs,1
documents,1
carpe,1
access,1
village,1
loyalty,1
report,1
speech,1
analyses,1
fully,1
effort,1
conspicuous,1
counterpart,1
likening,1
notorious,1
quack,1
guidelines,1
avenues,1
xiii,1
link,1
atomic,1
cautious,1
court,1
dispute,1
safer,1
room,1
comprehensiveness,1
festivities,1
contemporary,1
constant,1
scene,1
buoyancy,1
take,1
ironic,1
winkler,1
pragmatist,1
praised,1
strident,1
unsubstantiated,1
ambition,1
great,1
struggles,1
efforts,1
audiences,1
minister,1
reasons,1
elected,1
respects,1
diem,1
honor,1
senate,1
petty,1
jokingly,1
oh,1
late,1
took,1
billings,1
qualitatively,1
truth,1
growing,1
precisely,1
fourth,1
prosecute,1
beginning,1
agriculture,1
shaped,1
same,1
principal,1
lens,1
essays,1
chinese,1
philandering,1
though,1
according,1
interpretative,1
wit,1
scholarly,1
derivative,1
effective,1
alike,1
influential,1
penchant,1
responsibility,1
where,1
turkey,1
must,1
intelligence,1
surveys,1
hostile,1
johns,1
communicate,1
persuasively,1
dynasty,1
celebration,1
speaker,1
evangelical,1
intentions,1
irritating,1
whether,1
rose,1
ad,1
facade,1
system,1
interview,1
misuses,1
making,1
references,1
applied,1
cut,1
nearer,1
issue,1
henggeler,1
moderates,1
pertinent,1
energy,1
wealth,1
practice,1
placed,1
amorality,1
flaws,1
musing,1
wartime,1
cabinet,1
harpercollins,1
reconstruction,1
pains,1
procedures,1
protagonists,1
rations,1
hardliners,1
winks,1
culminating,1
absolute,1
narrative,1
approached,1
eds,1
claimed,1
find,1
compelled,1
wide,1
reminder,1
doctor,1
defying,1
draws,1
sacrifice,1
hopkins,1
misconstrued,1
view,1
arthur,1
remarkably,1
imputed,1
engine,1
convenient,1
addresses,1
failure,1
abuse,1
remove,1
verbal,1
wept,1
balance,1
reject,1
information,1
indifference,1
designed,1
listed,1
compact,1
fundamentally,1
acknowledging,1
err,1
emphasis,1
dedication,1
earlier,1
bond,1
cooperation,1
georgetown,1
situated,1
churchillian,1
illustrate,1
discussion,1
whom,1
belies,1
international,1
anxieties,1
slight,1
finished,1
drive,1
contradictory,1
scope,1
this,1
swanson,1
worksnide,1
clair,1
outline,1
insight,1
commitment,1
bland,1
occasionally,1
incidents,1
blustering,1
apocalyptic,1
careful,1
clear,1
recognition,1
g,1
pain,1
vanity,1
taking,1
prompted,1
peace,1
rally,1
reported,1
advancement,1
respect,1
purpose,1
sea,1
intelligent,1
distinctly,1
enormous,1
whites,1
predominates,1
resources,1
coolness,1
unrelenting,1
providing,1
calls,1
alternatives,1
actors,1
mystique,1
easy,1
warrior,1
plied,1
penetrating,1
top,1
exgreenstein,1
fence,1
rendering,1
preserving,1
sole,1
remedying,1
beneath,1
largely,1
happens,1
fore,1
caustic,1
concoctions,1
food,1
stirring,1
gave,1
recedes,1
recounts,1
seek,1
audience,1
programs,1
positing,1
demanding,1
cautiousness,1
drama,1
virtually,1
sensationalist,1
relates,1
informing,1
specialized,1
sequiturs,1
surplus,1
paul,1
reportedly,1
accommodating,1
extraordinarily,1
pleasure,1
endowments,1
net,1
gain,1
salon,1
aspect,1
exhibited,1
proportion,1
frivolous,1
preoccupied,1
idealistic,1
goal,1
dad,1
hour,1
flattering,1
thus,1
while,1
pen,1
individuals,1
our,1
examination,1
housing,1
documented,1
prelude,1
named,1
full,1
publication,1
strikingly,1
sickness,1
admirers,1
bigger,1
plurality,1
grace,1
lucrative,1
straddle,1
experiences,1
nevertheless,1
systematic,1
passing,1
ultimately,1
statement,1
placate,1
prepresidential,1
underwent,1
imprudent,1
reverse,1
youth,1
component,1
instructive,1
campbell,1
roiled,1
lists,1
stance,1
xv,1
justifiably,1
similar,1
monroe,1
prevails,1
grays,1
margaret,1
minds,1
aware,1
pursuit,1
directed,1
chemistry,1
shortcomings,1
relentless,1
coolly,1
undogmatic,1
comprehensive,1
liaisons,1
hoc,1
unpublished,1
scathing,1
delay,1
submits,1
citing,1
group,1
fatalism,1
interest,1
momentous,1
tone,1
published,1
creating,1
documentation,1
resorts,1
worded,1
considers,1
times,1
modifies,1
controversies,1
disaster,1
macho,1
ensued,1
inspiring,1
derived,1
characterized,1
issued,1
resembled,1
hard,1
passionate,1
cataloguing,1
specialists,1
questionable,1
unsuccessfully,1
writers,1
bravado,1
premium,1
collier,1
appended,1
depiction,1
counter,1
expected,1
willingness,1
strategic,1
obtained,1
politically,1
forced,1
hero,1
order,1
taste,1
profane,1
contrast,1
attempted,1
theater,1
crossed,1
redress,1
vitamins,1
achievements,1
weakness,1
attentive,1
last,1
competitiveness,1
sharp,1
davis,1
vain,1
martin,1
remains,1
selfaggrandizement,1
anecdote,1
enthusiastic,1
fulfilled,1
morning,1
keep,1
several,1
wisdom,1
intriguing,1
balls,1
characteristics,1
awaits,1
refer,1
sufficient,1
facing,1
charles,1
blacks,1
state,1
exemplifies,1
article,1
members,1
thatcher,1
commentators,1
systems,1
removed,1
introductory,1
parallel,1
requires,1
passages,1
substitute,1
manifested,1
reductionism,1
holds,1
stanley,1
third,1
votes,1
flawed,1
iron,1
young,1
become,1
adversaries,1
mccarthy,1
narrow,1
convey,1
reversion,1
russia,1
keenness,1
assessing,1
overcome,1
interpretations,1
conclude,1
illusions,1
continuous,1
optimism,1
telling,1
follow,1
reached,1
informants,1
estimate,1
exner,1
conjure,1
enrich,1
enjoyed,1
monographs,1
brutality,1
managed,1
confusing,1
muddy,1
barely,1
weight,1
national,1
views,1
imprisonment,1
exclusively,1
probably,1
looks,1
majors,1
rhetorical,1
differ,1
begs,1
gloria,1
communication,1
present,1
equivalent,1
lecherous,1
unformed,1
winston,1
attracted,1
appealing,1
eager,1
paid,1
figures,1
ground,1
correspondence,1
mature,1
shade,1
fraction,1
deeply,1
recent,1
relative,1
vulgar,1
reflected,1
outward,1
ego,1
revelry,1
general,1
endnote,1
provided,1
cronin,1
reckless,1
subordinates,1
guaranteed,1
irresponsible,1
function,1
attention,1
propriety,1
inventories,1
brown,1
penultimate,1
repeated,1
visitors,1
capturing,1
neill,1
seemed,1
avoid,1
deeper,1
gifted,1
covered,1
richly,1
grants,1
associations,1
consequences,1
