WORDCOUNTS,WEIGHT
the,145
of,84
and,81
to,59
in,55
a,40
women,38
s,35
that,34
salem,23
is,22
reis,20
as,20
new,19
be,19
were,18
men,17
witchcraft,15
more,15
england,15
witches,14
puritan,14
she,13
with,13
history,13
are,13
devil,13
this,13
trials,12
on,12
had,11
for,11
have,11
satan,11
they,10
american,10
about,10
damned,10
it,9
was,9
from,9
but,9
most,9
much,9
their,8
by,8
likely,7
his,7
not,7
also,7
all,7
her,7
argues,7
than,7
at,6
female,6
these,6
p,6
what,6
because,6
accused,6
an,6
confessions,6
miller,5
does,5
will,5
been,5
karlsen,5
hawthorne,5
too,5
witch,5
historians,5
public,5
recent,5
how,4
one,4
haunt,4
book,4
important,4
did,4
differences,4
historical,4
there,4
do,4
context,4
puritanism,4
male,4
demos,4
popular,4
gender,4
out,4
which,4
own,4
eve,4
between,4
lake,4
when,4
relationship,3
perry,3
no,3
faith,3
usually,3
play,3
analysis,3
puritans,3
once,3
soul,3
evil,3
weaker,3
university,3
or,3
into,3
literary,3
any,3
right,3
argued,3
first,3
social,3
physical,3
long,3
meaning,3
found,3
take,3
crucible,3
daniels,3
beliefs,3
reviews,3
them,3
woman,3
writes,3
belief,3
has,3
temptations,3
some,3
theology,3
bodies,3
must,3
letter,3
colonial,3
victim,3
since,3
course,3
mather,3
so,3
legacy,3
scarlet,3
brown,3
part,3
among,3
famous,3
professional,3
evidence,3
european,2
go,2
ghosts,2
he,2
town,2
providences,2
within,2
nathaniel,2
wrote,2
indeed,2
tempted,2
interprets,2
commit,2
still,2
above,2
make,2
village,2
subsequent,2
hester,2
put,2
life,2
often,2
epilogue,2
types,2
support,2
studies,2
nevertheless,2
me,2
confessed,2
published,2
believed,2
entertaining,2
bruce,2
sinfulness,2
notions,2
every,2
explain,2
attic,2
might,2
intellectual,2
many,2
seems,2
my,2
december,2
could,2
together,2
carol,2
changed,2
godly,2
past,2
c,2
political,2
metaphor,2
alice,2
explicitly,2
well,2
shape,2
chapter,2
theological,2
psychology,2
goodman,2
discussion,2
work,2
made,2
daughters,2
household,2
press,2
became,2
elizabeth,2
place,2
people,2
trend,2
thus,2
throughout,2
question,2
development,2
magic,2
should,2
land,2
morally,2
feminist,2
problems,2
sinners,2
body,2
abortion,2
countryside,2
views,2
probably,2
would,2
world,2
cotton,2
roots,2
major,2
seemed,2
society,2
mathers,1
may,1
alike,1
lesser,1
succumb,1
now,1
frail,1
film,1
interesting,1
possessed,1
assigned,1
dreadful,1
personally,1
tended,1
matter,1
sins,1
difficult,1
potent,1
continued,1
steadily,1
rather,1
recall,1
if,1
figure,1
economic,1
five,1
tion,1
drama,1
practitioners,1
created,1
result,1
surprisingly,1
resisted,1
hill,1
truth,1
restates,1
basic,1
everyone,1
landscape,1
through,1
explicit,1
ordinary,1
hansen,1
godbeer,1
exception,1
process,1
mean,1
get,1
cruelest,1
who,1
aspires,1
active,1
opportunity,1
gut,1
abstraction,1
force,1
frenzy,1
legal,1
bewildering,1
enlisting,1
hanged,1
wilson,1
paradoxically,1
try,1
additionally,1
mounted,1
religious,1
why,1
special,1
fancy,1
reconstitution,1
agency,1
illustrations,1
stereotypical,1
quarry,1
fall,1
hope,1
listed,1
moreover,1
tormenting,1
ones,1
centuries,1
thought,1
reference,1
monuments,1
examined,1
lives,1
suited,1
escape,1
pp,1
discernible,1
clinical,1
sex,1
forest,1
entitled,1
supports,1
god,1
addressed,1
stephen,1
selective,1
side,1
position,1
comedian,1
neither,1
index,1
digressions,1
taverns,1
rode,1
title,1
prepares,1
debacle,1
quick,1
whet,1
stretches,1
cornell,1
handled,1
before,1
typifies,1
culture,1
historian,1
communicating,1
congruent,1
same,1
air,1
something,1
impulse,1
reconstituted,1
boyer,1
house,1
cue,1
speaks,1
physically,1
tempting,1
xi,1
tapestry,1
situations,1
provocative,1
respective,1
hunger,1
two,1
simply,1
couch,1
democratic,1
acclaimed,1
farmed,1
ever,1
being,1
said,1
tried,1
fabric,1
origins,1
only,1
known,1
connecting,1
wring,1
declining,1
conforms,1
underway,1
sources,1
wrong,1
hence,1
ironically,1
convincing,1
accusation,1
creation,1
asks,1
tour,1
offers,1
questions,1
paul,1
pious,1
founding,1
lust,1
power,1
stronger,1
taken,1
strategy,1
again,1
ran,1
enters,1
attempt,1
over,1
europe,1
ask,1
madonna,1
dissatisfied,1
ministerial,1
image,1
contention,1
mists,1
hysteria,1
ancestor,1
joins,1
different,1
inclined,1
other,1
areas,1
satiate,1
underestimated,1
scholars,1
reputed,1
murky,1
concede,1
secondary,1
appearance,1
tidbits,1
search,1
display,1
documents,1
feminism,1
critically,1
flawed,1
henceforth,1
outbreak,1
sick,1
rich,1
educated,1
chadwick,1
really,1
able,1
metaphorical,1
job,1
substantive,1
closer,1
john,1
located,1
fallen,1
concludes,1
events,1
very,1
debates,1
religion,1
arthur,1
inherently,1
towering,1
survey,1
fascinated,1
differed,1
i,1
movie,1
help,1
prynne,1
representative,1
remarkably,1
rhetoric,1
illustrious,1
late,1
respectively,1
mind,1
conclusions,1
written,1
took,1
scholarship,1
dominion,1
precisely,1
pure,1
beginning,1
superstitions,1
confess,1
gifts,1
remarkable,1
audacious,1
quiet,1
surely,1
posited,1
shreds,1
war,1
bewildered,1
archetypal,1
sermon,1
johns,1
continuing,1
proceedings,1
zion,1
soften,1
unique,1
seventeenth,1
whether,1
vulnerable,1
recently,1
symbols,1
less,1
see,1
answer,1
cannot,1
meet,1
accounts,1
suffered,1
applied,1
defense,1
want,1
particular,1
accusers,1
lines,1
sociology,1
duties,1
character,1
takes,1
placed,1
add,1
poles,1
blandishments,1
xix,1
core,1
prefaced,1
perhaps,1
attacked,1
masterpieces,1
books,1
tie,1
nonsensical,1
money,1
capacity,1
tries,1
repetitive,1
hopkins,1
particularly,1
sales,1
mass,1
appetite,1
recreation,1
america,1
bewitched,1
saying,1
discuss,1
brilliant,1
great,1
victims,1
secure,1
salen,1
wrapped,1
tack,1
biting,1
custom,1
entity,1
none,1
almost,1
episode,1
complicity,1
prior,1
possible,1
up,1
threat,1
understanding,1
lasting,1
obviously,1
feminized,1
targets,1
used,1
missionary,1
shared,1
thanksgiving,1
mccarthyism,1
examples,1
solid,1
burden,1
both,1
already,1
spectral,1
richard,1
upon,1
heterosexual,1
sakes,1
leisure,1
obvious,1
winnipeg,1
true,1
professor,1
bedeviled,1
far,1
decent,1
nissenbaum,1
taking,1
brought,1
point,1
say,1
alas,1
london,1
purpose,1
cleanse,1
city,1
strength,1
example,1
screenplay,1
case,1
courses,1
strongest,1
ministers,1
along,1
innocent,1
convinced,1
inappropriately,1
identity,1
minds,1
feared,1
transition,1
pinching,1
dozens,1
adapted,1
year,1
confidence,1
fixation,1
target,1
tale,1
cows,1
concept,1
convenience,1
represented,1
virtually,1
dress,1
partly,1
breakthrough,1
guilty,1
aside,1
harvard,1
comprehend,1
butter,1
historiographical,1
variables,1
internalized,1
icons,1
chapters,1
our,1
includes,1
therapist,1
denying,1
pray,1
sinned,1
away,1
dismissed,1
deserved,1
believes,1
charges,1
unoriginal,1
bolster,1
confession,1
pattern,1
bait,1
immediate,1
inner,1
league,1
interested,1
whore,1
meanings,1
church,1
discovered,1
ponder,1
trends,1
finding,1
against,1
travelling,1
pursuit,1
approach,1
curse,1
neighbors,1
de,1
language,1
author,1
virtues,1
points,1
charming,1
essay,1
interest,1
lectures,1
good,1
natures,1
offer,1
joined,1
mixed,1
gendered,1
sense,1
hang,1
reviewers,1
level,1
working,1
proffered,1
need,1
cold,1
regarded,1
him,1
sermons,1
stage,1
century,1
serves,1
villagers,1
order,1
clothes,1
after,1
greens,1
membership,1
arrestingly,1
quite,1
sartre,1
event,1
nor,1
old,1
self,1
around,1
family,1
small,1
shame,1
perspective,1
educational,1
devotees,1
few,1
amount,1
somehow,1
contrary,1
removed,1
ithaca,1
folk,1
accuser,1
psychological,1
extraordinary,1
presence,1
reads,1
young,1
craft,1
research,1
ornaments,1
essentially,1
stand,1
interpretations,1
kinship,1
examine,1
effect,1
can,1
irrelevant,1
networks,1
managed,1
early,1
explore,1
flip,1
inability,1
even,1
rhetorical,1
sin,1
construcdaniels,1
wife,1
souls,1
images,1
we,1
weave,1
notes,1
enormously,1
stone,1
statement,1
crime,1
virtue,1
meeting,1
exposed,1
asked,1
storyteller,1
weakness,1
vain,1
roles,1
swirling,1
rest,1
bothered,1
activities,1
stereotypes,1
penultimate,1
dorchester,1
increase,1
walls,1
haunts,1
societies,1
