WORDCOUNTS,WEIGHT
the,219
and,134
of,79
in,67
to,56
south,43
a,38
federal,34
that,29
southern,27
as,26
for,24
economic,22
schulman,21
policy,20
from,20
s,19
is,17
social,13
but,12
not,12
it,11
by,11
political,11
change,11
on,11
with,10
more,10
transformation,9
or,9
new,9
war,9
economy,9
black,9
was,8
programs,8
development,8
after,7
their,7
white,7
are,7
has,7
during,7
since,7
national,7
defense,7
an,7
much,7
at,6
who,6
they,6
american,6
history,6
regional,6
power,6
had,6
leaders,6
deal,6
government,6
president,6
local,6
urban,6
region,6
most,6
civil,6
nation,6
southerners,6
policies,6
such,6
this,6
than,6
important,5
his,5
how,5
wages,5
these,5
reinforced,5
also,5
expenditures,5
great,5
sunbelt,5
state,5
racial,5
less,5
some,5
west,5
administration,5
legislation,5
have,5
states,5
race,5
he,4
changes,4
old,4
university,4
wright,4
changing,4
cotton,4
did,4
p,4
report,4
john,4
cities,4
reviews,4
while,4
gained,4
when,4
first,4
were,4
goldfield,4
funds,4
shift,4
especially,4
effect,4
we,4
using,3
poor,3
second,3
no,3
act,3
rather,3
expansion,3
levels,3
politicians,3
one,3
cobb,3
continuity,3
scarcely,3
helped,3
toward,3
many,3
j,3
result,3
aaa,3
changed,3
reed,3
those,3
daniel,3
them,3
metropolitan,3
eager,3
status,3
discussion,3
benefited,3
part,3
disparities,3
city,3
role,3
its,3
people,3
north,3
author,3
finally,3
david,3
although,3
land,3
even,3
officials,3
blacks,3
few,3
june,3
charlotte,3
between,3
young,3
c,3
up,3
gavin,3
major,3
industries,2
farm,2
higher,2
rights,2
republican,2
led,2
ii,2
absorbed,2
fly,2
without,2
see,2
concerned,2
sometimes,2
kenneth,2
bring,2
generated,2
action,2
program,2
opportunity,2
movement,2
parts,2
partially,2
sectional,2
construction,2
analysis,2
about,2
united,2
once,2
colonial,2
space,2
education,2
yet,2
shelton,2
considerations,2
familiar,2
organized,2
quoted,2
whigs,2
carter,2
impact,2
welfare,2
bruce,2
ed,2
too,2
w,2
industrial,2
women,2
complexes,2
different,2
congress,2
carolina,2
only,2
stark,2
votes,2
problems,2
jackson,2
successfully,2
here,2
skill,2
other,2
again,2
others,2
over,2
growth,2
hours,2
tax,2
fact,2
suburbs,2
book,2
services,2
areas,2
accompanied,2
domestic,2
achievement,2
objectives,2
pete,2
administrations,2
considerable,2
i,2
there,2
roosevelt,2
works,2
culture,2
context,2
population,2
system,2
priorities,2
council,2
can,2
agricultural,2
taxes,2
merle,2
public,2
discuss,2
well,2
remained,2
years,2
another,2
account,2
mollenkopf,2
politics,2
measures,2
both,2
made,2
level,2
transformed,2
mechanization,2
liberals,2
press,2
along,2
northern,2
significant,2
labor,2
think,2
our,2
office,2
california,2
roger,2
own,2
objective,2
directed,2
conditions,2
t,2
boosted,2
nixon,2
washington,2
strategic,2
stresses,2
electoral,2
relations,2
belt,2
neutral,2
several,2
migration,2
research,2
themselves,2
enabled,2
johnson,2
be,2
lotchin,2
james,2
early,2
generally,2
earl,2
results,2
world,2
among,2
notes,2
provided,2
congressional,2
society,2
newer,1
later,1
final,1
frontier,1
reaffirmation,1
does,1
steps,1
operation,1
trends,1
parity,1
tests,1
bountiful,1
cold,1
interesting,1
weapon,1
operate,1
relationship,1
transform,1
situation,1
business,1
circle,1
york,1
november,1
reduced,1
marginally,1
equality,1
perspectives,1
limits,1
galvanize,1
continued,1
george,1
quo,1
if,1
will,1
crucial,1
populations,1
identified,1
mayor,1
performance,1
foreign,1
ways,1
short,1
indeed,1
predecessors,1
highways,1
activists,1
aggressive,1
limited,1
employment,1
degler,1
landscape,1
boosterism,1
pushed,1
argues,1
attitude,1
debates,1
institutions,1
process,1
communism,1
highway,1
implies,1
suburban,1
suburbanization,1
reduce,1
kept,1
whatever,1
allen,1
combine,1
unabashedly,1
bled,1
neighborhood,1
began,1
mainstream,1
indicates,1
locationally,1
persistent,1
beckons,1
threaten,1
contribution,1
forcing,1
eighties,1
importance,1
b,1
stripped,1
relaxed,1
center,1
travels,1
executive,1
mortgage,1
electorate,1
ratchet,1
perpetuate,1
possessed,1
outdated,1
often,1
responsible,1
intrude,1
enhance,1
mostly,1
broadgauged,1
omits,1
existed,1
atlanta,1
mortality,1
dickensian,1
consequences,1
live,1
oxford,1
springs,1
addressing,1
selling,1
h,1
support,1
deep,1
sympathy,1
all,1
means,1
push,1
democrats,1
jonathan,1
pp,1
requiring,1
eugene,1
modern,1
country,1
favor,1
park,1
expects,1
devotes,1
pepper,1
realities,1
leftward,1
quantitative,1
burned,1
index,1
smith,1
salient,1
nonstop,1
reflects,1
image,1
shirt,1
contained,1
occurred,1
authorities,1
home,1
unintended,1
emergence,1
berry,1
rarely,1
infrastructure,1
liberal,1
before,1
disadvantaged,1
historian,1
same,1
pervades,1
eisinger,1
contested,1
conclusion,1
sharecroppers,1
accelerated,1
argued,1
waved,1
enjoyed,1
wartime,1
orientation,1
themes,1
aubrey,1
communities,1
forge,1
tenancy,1
experience,1
steel,1
democratic,1
economically,1
williams,1
comes,1
way,1
else,1
payments,1
truman,1
subsidized,1
offered,1
squelched,1
regardless,1
ll,1
sources,1
southward,1
party,1
bullish,1
actually,1
neglects,1
perhaps,1
rice,1
carl,1
frankfurt,1
agriculturalindustrial,1
majority,1
production,1
flags,1
pervasive,1
resurgence,1
senators,1
triangle,1
poorest,1
seven,1
upset,1
attempts,1
factory,1
fell,1
disavowals,1
know,1
interested,1
decades,1
natural,1
preferences,1
conceived,1
dependency,1
similarly,1
lifestyle,1
l,1
degree,1
emerged,1
into,1
full,1
stamp,1
experienced,1
retreat,1
dixie,1
remaining,1
cultures,1
arrived,1
repository,1
my,1
parties,1
georgia,1
longer,1
discrimination,1
decay,1
effecting,1
kennedy,1
blazed,1
path,1
secondary,1
offers,1
believe,1
agenda,1
bearing,1
scholars,1
best,1
xii,1
could,1
harder,1
suggesting,1
warm,1
entrenched,1
appeared,1
traditionally,1
sure,1
scenario,1
reform,1
attack,1
relating,1
harvest,1
federally,1
shocked,1
educated,1
follows,1
been,1
thoroughness,1
identity,1
eds,1
wholly,1
brian,1
mississippi,1
far,1
demographic,1
interstate,1
everything,1
benefit,1
contentious,1
contends,1
take,1
historical,1
graham,1
persist,1
distinctive,1
accompany,1
past,1
discussed,1
synthesize,1
rural,1
embrace,1
passage,1
coalitions,1
advances,1
improved,1
transitions,1
late,1
places,1
outside,1
took,1
intoned,1
further,1
alert,1
stand,1
clarity,1
beginning,1
henry,1
paris,1
ground,1
battles,1
standardized,1
william,1
remarkable,1
understood,1
scholarly,1
intrusion,1
wage,1
avoidance,1
what,1
favoritism,1
climate,1
johns,1
existing,1
embroiled,1
intersection,1
income,1
surprises,1
terms,1
form,1
larger,1
plight,1
promise,1
coincided,1
excellent,1
acknowledged,1
necessary,1
rubber,1
house,1
placed,1
eisenhower,1
focusing,1
covers,1
attitudes,1
constituents,1
swing,1
fruit,1
sociologist,1
mechanized,1
explain,1
pique,1
trade,1
find,1
problem,1
chronicled,1
trough,1
money,1
structure,1
warned,1
benign,1
chief,1
hopkins,1
primary,1
sought,1
bases,1
out,1
america,1
thousands,1
because,1
violent,1
watershed,1
design,1
reordering,1
categorize,1
huge,1
boosting,1
strings,1
demonstrated,1
porter,1
psychology,1
prior,1
howard,1
emphasis,1
possible,1
analyzed,1
future,1
private,1
line,1
relief,1
exhibit,1
infant,1
investment,1
literature,1
gains,1
international,1
ivan,1
intent,1
background,1
socioeconomic,1
alter,1
bibliography,1
resources,1
tool,1
reaped,1
specters,1
move,1
start,1
preferred,1
concept,1
community,1
four,1
likely,1
attached,1
conclude,1
martial,1
fared,1
individual,1
revolutions,1
congressmen,1
marketing,1
subsidies,1
knowledge,1
feeding,1
calls,1
dynamic,1
two,1
department,1
easy,1
timid,1
expand,1
findings,1
crabgrass,1
disingenuous,1
went,1
confronted,1
downplayed,1
use,1
food,1
precipitated,1
genuine,1
gave,1
franchises,1
slack,1
acknowledges,1
force,1
place,1
shut,1
numerous,1
demonstrates,1
qualitative,1
phenomenon,1
immediately,1
lower,1
elementary,1
isolated,1
placing,1
catalyst,1
questions,1
conflict,1
sectionalism,1
central,1
ends,1
recovery,1
sparked,1
thus,1
culminated,1
andrew,1
nothing,1
anyplace,1
whig,1
translated,1
throughout,1
which,1
come,1
mold,1
focuses,1
raising,1
search,1
layer,1
guard,1
hartsfield,1
differential,1
discriminated,1
shoring,1
adhere,1
synthetic,1
initiatives,1
until,1
obliged,1
used,1
modify,1
locations,1
massive,1
talmadge,1
low,1
difference,1
reveals,1
accommodation,1
diverted,1
clear,1
observed,1
polity,1
daniels,1
ucla,1
against,1
tables,1
human,1
machine,1
monetary,1
points,1
accept,1
layers,1
aided,1
peter,1
foreman,1
staple,1
dozen,1
stressed,1
hardship,1
large,1
adopted,1
should,1
typically,1
envy,1
caused,1
walter,1
working,1
geographically,1
jr,1
responsibility,1
rewarded,1
willing,1
lowest,1
plant,1
shaping,1
illiteracy,1
writer,1
glass,1
century,1
sports,1
politically,1
metropolis,1
off,1
attracting,1
earlier,1
tobacco,1
area,1
discourse,1
emphasizes,1
midst,1
adjustment,1
decisions,1
presidential,1
better,1
clark,1
channeled,1
affluent,1
feasible,1
wasn,1
needs,1
nra,1
ignore,1
airport,1
concerns,1
besides,1
bloody,1
highest,1
k,1
serving,1
rest,1
governments,1
industry,1
breaking,1
topic,1
third,1
reality,1
jurisdictions,1
twelve,1
ensuring,1
newcomers,1
decline,1
ascendancy,1
urbanization,1
texas,1
left,1
point,1
banking,1
crusade,1
funding,1
stipulations,1
tended,1
corporations,1
coast,1
involved,1
era,1
grady,1
odum,1
enemies,1
create,1
commission,1
postwar,1
through,1
would,1
claude,1
student,1
tenants,1
contracts,1
stimulating,1
present,1
journal,1
gulf,1
enhanced,1
geography,1
boom,1
saw,1
cosmopolitan,1
away,1
undergoing,1
reflected,1
appropriate,1
so,1
leadership,1
professional,1
crime,1
adult,1
broader,1
alternative,1
memoriam,1
asked,1
geographic,1
built,1
frank,1
influence,1
clashed,1
raleigh,1
concluded,1
unfortunate,1
promising,1
implementation,1
racebaiting,1
avoid,1
parks,1
selectively,1
