WORDCOUNTS,WEIGHT
the,236
of,128
and,98
to,78
in,74
st,56
louis,55
s,54
that,45
a,42
chicago,30
as,25
by,23
merchants,23
adler,21
city,21
new,20
its,20
their,19
this,18
it,17
for,17
is,16
from,16
missouri,15
west,15
commercial,14
p,13
eastern,13
york,12
than,12
with,11
pp,11
history,11
economic,11
business,11
urban,11
at,10
about,9
railroad,9
these,9
more,9
capital,9
during,9
on,9
river,8
was,8
most,8
system,8
were,8
state,8
northern,8
growth,7
began,7
western,7
but,7
investors,7
war,7
rail,7
does,6
his,6
yankee,6
american,6
kansas,6
into,6
antebellum,6
route,6
mississippi,6
development,6
some,6
have,6
author,6
an,6
especially,6
civil,6
slavery,5
southern,5
considerations,5
mercantile,5
over,5
had,5
slave,5
great,5
how,5
other,5
reviews,5
population,5
such,5
part,5
became,5
sectional,5
illinois,5
decline,5
cincinnati,5
early,5
valley,5
blues,4
states,4
important,4
northeast,4
who,4
levine,4
led,4
not,4
university,4
northeastern,4
first,4
rise,4
also,4
westward,4
if,4
years,4
many,4
did,4
half,4
further,4
those,4
hinterland,4
economy,4
free,4
march,4
failure,4
conflict,4
thus,4
regional,4
better,4
panic,4
south,3
book,3
midcentury,3
therefore,3
he,3
doubts,3
played,3
way,3
traffic,3
indeed,3
expansion,3
already,3
notably,3
antislavery,3
center,3
why,3
steamboat,3
construction,3
changes,3
east,3
decade,3
us,3
or,3
then,3
same,3
are,3
lower,3
only,3
coming,3
again,3
investments,3
all,3
greater,3
cronon,3
efforts,3
rivals,3
could,3
which,3
served,3
any,3
cities,3
historical,3
rural,3
never,3
patterns,3
outside,3
what,3
explained,3
chapter,3
local,3
network,3
proslavery,3
region,3
point,3
through,3
entrepreneurs,3
firms,3
forces,3
facts,3
trade,3
cambridge,3
interregional,3
so,3
settlement,3
specific,3
concerns,3
between,3
coast,3
be,3
even,3
geography,3
geographical,3
major,3
countryside,2
difficult,2
now,2
transportation,2
relationship,2
second,2
surpassed,2
territorial,2
operations,2
michigan,2
sometimes,2
been,2
blighted,2
toward,2
market,2
others,2
midwest,2
success,2
transformed,2
they,2
often,2
biggest,2
analysis,2
once,2
effort,2
opportunities,2
shift,2
serve,2
technology,2
metropolis,2
thesis,2
nineteenth,2
something,2
traces,2
canal,2
controlled,2
upper,2
benefited,2
must,2
provocative,2
simply,2
cargoes,2
ever,2
social,2
cotton,2
sources,2
rather,2
members,2
begin,2
jeffrey,2
evidence,2
military,2
capitalist,2
financial,2
novel,2
came,2
finance,2
explains,2
credits,2
desire,2
rivalry,2
centers,2
sectionalism,2
supplies,2
far,2
entrepreneurial,2
there,2
prospects,2
markets,2
question,2
william,2
political,2
cultural,2
farmers,2
armed,2
nature,2
making,2
orleans,2
particular,2
well,2
material,2
colony,2
agricultural,2
assertions,2
explain,2
directly,2
has,2
triumph,2
money,2
while,2
because,2
plantation,2
another,2
account,2
politics,2
extended,2
middle,2
contexts,2
both,2
upon,2
ohio,2
example,2
previously,2
see,2
net,2
press,2
role,2
along,2
encouraged,2
says,2
needed,2
noted,2
questions,2
recovery,2
water,2
throughout,2
swift,2
border,2
away,2
determinism,2
believes,2
relationships,2
growing,2
ties,2
received,2
significance,2
reputation,2
deepening,2
least,2
allowed,2
land,2
caused,2
like,2
century,2
effects,2
missourians,2
after,2
big,2
turn,2
small,2
foner,2
paced,2
holds,2
become,2
ruffians,2
philip,2
including,2
story,2
much,2
technological,2
notes,2
businessmen,2
seemed,2
increasing,1
settlers,1
factors,1
will,1
shacklevine,1
failed,1
legislators,1
unstable,1
sweeping,1
underlay,1
loudly,1
where,1
via,1
enlarges,1
alleged,1
shipping,1
power,1
may,1
canals,1
german,1
flower,1
reflects,1
perspectives,1
polarization,1
no,1
hopes,1
spelled,1
various,1
true,1
detroit,1
movements,1
stream,1
purely,1
meaning,1
principally,1
populous,1
factual,1
held,1
identity,1
practical,1
l,1
located,1
overall,1
blessed,1
comparative,1
promotional,1
chestnut,1
stocks,1
prosperity,1
offer,1
caught,1
ironically,1
slight,1
influential,1
square,1
impact,1
onward,1
nationwide,1
appreciate,1
quintupled,1
hugged,1
forward,1
prospered,1
perilous,1
nearly,1
male,1
primarily,1
process,1
independence,1
brings,1
e,1
mean,1
april,1
attempt,1
courted,1
replicating,1
considerably,1
whigs,1
easterners,1
proportion,1
domination,1
per,1
threaten,1
decision,1
contribution,1
connect,1
depot,1
contemporaneous,1
fact,1
excited,1
turbulent,1
grew,1
se,1
overland,1
confiscating,1
told,1
becoming,1
large,1
direct,1
seemingly,1
one,1
luxuriant,1
thereby,1
owed,1
decisions,1
life,1
settled,1
qualms,1
invading,1
enacted,1
year,1
mobilize,1
unknown,1
fall,1
formed,1
remind,1
cheap,1
frontier,1
result,1
moreover,1
pivotal,1
composed,1
rushing,1
ways,1
selling,1
proclaimed,1
h,1
mexican,1
forget,1
say,1
core,1
thomas,1
bonds,1
premier,1
involvement,1
security,1
democrats,1
escape,1
perceptions,1
struggle,1
nor,1
thought,1
modern,1
crowded,1
soon,1
alone,1
vigor,1
abott,1
under,1
spirit,1
situate,1
streamed,1
formally,1
consider,1
ideals,1
matters,1
loom,1
detail,1
objects,1
position,1
index,1
discouraged,1
agitation,1
virtually,1
retained,1
environment,1
acting,1
rarely,1
branch,1
fathers,1
clearly,1
thinking,1
before,1
elsewhere,1
down,1
just,1
culture,1
protracted,1
following,1
completion,1
every,1
bruce,1
series,1
weak,1
accordance,1
dominated,1
hastened,1
largest,1
advancing,1
themes,1
prosperous,1
arms,1
anticommercial,1
commonly,1
peaked,1
democratic,1
records,1
round,1
lingering,1
toll,1
pace,1
postpanic,1
storm,1
gap,1
avoided,1
irrepressible,1
explaining,1
declining,1
rival,1
followed,1
subjective,1
wrong,1
journalistic,1
specifically,1
outbreak,1
sentiment,1
points,1
labor,1
learned,1
reach,1
swelling,1
reorientation,1
name,1
connection,1
answers,1
human,1
buoyed,1
dominant,1
downfall,1
attempts,1
journey,1
neglect,1
mark,1
legislature,1
garrison,1
boosterism,1
rush,1
treatment,1
favorably,1
branches,1
appear,1
capitalists,1
varies,1
safety,1
identified,1
commanded,1
degree,1
demoting,1
control,1
mileage,1
projects,1
hotels,1
conduct,1
suprahistorical,1
opening,1
five,1
expressed,1
migration,1
legislative,1
contends,1
northward,1
worth,1
marshaled,1
based,1
quickening,1
faster,1
shaped,1
setting,1
key,1
location,1
phase,1
overwhelming,1
asserts,1
scholars,1
pragmatic,1
leading,1
paramount,1
secondary,1
leaders,1
assess,1
formulations,1
fortunes,1
redouble,1
conservative,1
basin,1
plan,1
expense,1
yeomen,1
reasons,1
predated,1
geophysical,1
developed,1
reform,1
port,1
loyalty,1
withdrawal,1
wrest,1
boosters,1
inevitably,1
come,1
conspicuous,1
particularly,1
stretching,1
able,1
government,1
transferred,1
incorporation,1
concludes,1
events,1
cautious,1
complementing,1
attractions,1
end,1
planters,1
bound,1
subscribing,1
associations,1
examining,1
mold,1
i,1
subsequent,1
wealthy,1
impinged,1
observes,1
northerly,1
base,1
inflamed,1
quoted,1
import,1
topography,1
advances,1
risky,1
late,1
places,1
mind,1
boomtown,1
uring,1
considered,1
remade,1
fledged,1
precisely,1
do,1
beginning,1
industrial,1
easternbacked,1
neighboring,1
prompt,1
principal,1
knows,1
remarkable,1
understood,1
alton,1
according,1
lucrative,1
third,1
manner,1
blow,1
welcome,1
purchase,1
explanations,1
published,1
select,1
hostile,1
johns,1
competitors,1
aspects,1
languished,1
shipments,1
opprobrium,1
shared,1
them,1
recently,1
reconcile,1
persons,1
less,1
heavily,1
lion,1
accounts,1
nowhere,1
arguing,1
purchased,1
era,1
classic,1
takes,1
whig,1
placed,1
maintain,1
incursions,1
accords,1
passed,1
go,1
perhaps,1
firmly,1
required,1
lean,1
leaving,1
distribution,1
historians,1
wide,1
revived,1
method,1
climb,1
weathered,1
hopkins,1
number,1
managed,1
coastal,1
really,1
argued,1
multicausal,1
linked,1
ventures,1
abruptly,1
require,1
percent,1
consists,1
forcefully,1
weight,1
argues,1
servicing,1
property,1
almost,1
outcome,1
apparently,1
sharpening,1
recognizing,1
virginia,1
classes,1
up,1
line,1
greatest,1
balance,1
queries,1
investment,1
ambitious,1
discussion,1
work,1
jacksonian,1
swiftly,1
atlantic,1
establishing,1
residents,1
listening,1
treated,1
own,1
made,1
bibliography,1
little,1
explanation,1
transplanted,1
magazine,1
turning,1
possible,1
crossed,1
helps,1
represented,1
purchases,1
reader,1
o,1
transshipment,1
interdisciplinary,1
reported,1
surveys,1
incontestable,1
extending,1
establishment,1
altogether,1
review,1
resources,1
fur,1
quantity,1
increase,1
providing,1
dynamic,1
predictions,1
nation,1
department,1
demystify,1
convinced,1
investing,1
himself,1
expand,1
against,1
financed,1
slumping,1
agents,1
societal,1
situated,1
went,1
encourage,1
territory,1
whole,1
literature,1
substance,1
gave,1
tale,1
recounts,1
obtain,1
tied,1
place,1
rivers,1
manufacturing,1
james,1
prospective,1
make,1
poured,1
blocking,1
boost,1
causes,1
flight,1
challenges,1
disrupted,1
retard,1
issues,1
advisability,1
long,1
punish,1
satisfactorily,1
outdistanced,1
evolution,1
stimulate,1
iconoclastic,1
central,1
possessing,1
versus,1
million,1
accommodate,1
multiply,1
our,1
partnerships,1
popular,1
sees,1
previous,1
collapse,1
fears,1
legislation,1
dependence,1
improvements,1
california,1
internal,1
passing,1
vii,1
dying,1
attraction,1
severe,1
argument,1
schnell,1
status,1
difference,1
inevitable,1
evidentiary,1
diverted,1
since,1
out,1
due,1
minds,1
pursuit,1
distinctive,1
terminus,1
national,1
traders,1
related,1
atchison,1
nexus,1
accounted,1
sustain,1
track,1
researched,1
victory,1
aided,1
interest,1
crisis,1
reflection,1
characteristic,1
clauseis,1
anxious,1
documentation,1
strove,1
discussing,1
david,1
pride,1
although,1
commerce,1
change,1
citadel,1
price,1
hard,1
would,1
field,1
labored,1
dumping,1
period,1
spread,1
unexamined,1
opinions,1
louisiana,1
suggest,1
upriver,1
rooted,1
supremacy,1
depiction,1
thoughtful,1
obvious,1
lacked,1
distinction,1
trading,1
lines,1
predestined,1
politically,1
affairs,1
order,1
reassessment,1
contrast,1
forming,1
attracting,1
proximity,1
voluntary,1
abstractions,1
attributing,1
emphasizes,1
thereof,1
quite,1
lords,1
intercepting,1
developments,1
involved,1
old,1
flourishing,1
increased,1
immigrants,1
measures,1
chattel,1
repeated,1
showed,1
footnotes,1
zeal,1
decide,1
burgeoning,1
briuce,1
migrants,1
offered,1
supported,1
driving,1
downstate,1
back,1
wider,1
carl,1
qualifications,1
antagonisms,1
systems,1
speed,1
eighth,1
depression,1
lawyers,1
withdrew,1
designating,1
houses,1
eclipse,1
young,1
single,1
businesses,1
massachusetts,1
emphasized,1
c,1
ascendancy,1
strategic,1
supply,1
avidly,1
sectors,1
banking,1
crusade,1
huston,1
blessings,1
recovered,1
can,1
engages,1
networks,1
reveled,1
d,1
fully,1
commission,1
families,1
tip,1
civilian,1
funds,1
substantial,1
within,1
directs,1
consequently,1
lay,1
corn,1
abandoned,1
looked,1
attracted,1
christopher,1
figures,1
details,1
correspondence,1
strong,1
seek,1
we,1
peculiar,1
roots,1
here,1
resist,1
engagement,1
unpublished,1
florida,1
kentucky,1
general,1
energetically,1
controversial,1
hardly,1
connor,1
modifications,1
misleading,1
surely,1
nonsectional,1
attention,1
roles,1
taking,1
unrelated,1
reducing,1
evidently,1
behalf,1
avoid,1
content,1
hunt,1
gold,1
inextricably,1
transferring,1
customers,1
tennessee,1
