WORDCOUNTS,WEIGHT
the,117
of,81
and,73
in,64
a,45
is,38
to,29
her,21
it,19
not,18
that,18
for,17
knights,17
labor,16
but,15
by,15
more,15
voss,15
s,15
american,14
were,14
or,13
as,13
on,11
this,11
she,10
they,10
their,9
with,9
history,9
local,9
was,8
which,8
workers,8
why,7
organization,7
are,7
employers,7
be,7
than,7
one,6
book,6
p,6
new,6
very,6
associations,6
an,6
his,5
does,5
from,5
these,5
communities,5
organizational,5
great,5
skilled,5
jersey,5
has,5
data,5
far,5
so,5
france,5
craft,5
much,5
way,4
harris,4
e,4
large,4
about,4
into,4
industrial,4
experience,4
result,4
out,4
same,4
what,4
case,4
made,4
explanation,4
press,4
have,4
national,4
working,4
industry,4
can,4
industries,3
enough,3
no,3
movements,3
within,3
next,3
comparative,3
britain,3
analysis,3
towns,3
united,3
solidarity,3
studies,3
we,3
exceptionalism,3
university,3
had,3
social,3
also,3
if,3
seems,3
different,3
fact,3
other,3
did,3
then,3
skill,3
state,3
there,3
unions,3
where,3
reviews,3
making,3
divide,3
classes,3
oestreicher,3
clear,3
community,3
easy,3
its,3
use,3
exceptionally,3
questions,3
chapters,3
assembly,3
either,3
g,3
employer,3
states,3
small,3
sufficient,3
between,3
should,3
political,3
at,2
model,2
democracy,2
he,2
mostly,2
essential,2
without,2
rather,2
been,2
across,2
developed,2
brief,2
success,2
sensitive,2
bagley,2
importance,2
movement,2
construction,2
likely,2
british,2
exceptional,2
reason,2
alongside,2
matters,2
detail,2
laid,2
rarely,2
driven,2
just,2
something,2
too,2
common,2
rise,2
howell,2
beyond,2
quantitative,2
organizations,2
rapid,2
appear,2
methodology,2
all,2
union,2
greater,2
december,2
could,2
leaders,2
pages,2
particularly,2
contextual,2
urbanized,2
historical,2
i,2
big,2
those,2
particular,2
formation,2
reading,2
economy,2
purposes,2
establish,2
terms,2
less,2
public,2
while,2
having,2
basis,2
understanding,2
work,2
examples,2
part,2
two,2
surprise,2
engage,2
people,2
ethnic,2
our,2
examination,2
collapse,2
employed,2
argument,2
three,2
tables,2
institutional,2
countermobilization,2
probabilities,2
better,2
class,2
footnotes,2
written,2
when,2
would,2
even,2
bonnett,2
comparable,2
hardly,2
weakness,2
strategy,2
rest,2
nations,1
emulate,1
gutman,1
dealing,1
compilation,1
will,1
civic,1
go,1
critical,1
happen,1
therefore,1
poor,1
republican,1
decentralized,1
interesting,1
transportation,1
topic,1
second,1
done,1
proxy,1
me,1
frederick,1
reflects,1
ably,1
advocate,1
limits,1
later,1
purely,1
economic,1
commentary,1
troubled,1
adds,1
respectful,1
practical,1
how,1
suggestive,1
affairs,1
trenton,1
accessibly,1
basic,1
market,1
entrenched,1
urgency,1
notoriously,1
inclusive,1
episodes,1
recognizes,1
nearly,1
depression,1
midwest,1
hospitable,1
means,1
whatever,1
sectional,1
detailed,1
dealt,1
itself,1
introduction,1
force,1
make,1
federation,1
endowments,1
heard,1
proportion,1
bald,1
legal,1
linguistic,1
germany,1
comparability,1
contribution,1
wilhelmine,1
village,1
rapidly,1
tracing,1
center,1
countries,1
ramming,1
factories,1
contributions,1
printing,1
selection,1
kinds,1
study,1
often,1
unsurprising,1
blush,1
existed,1
fall,1
nelson,1
newark,1
formed,1
factors,1
jargon,1
edited,1
english,1
ways,1
shell,1
examined,1
johns,1
addition,1
sociologists,1
easily,1
pp,1
bigger,1
happened,1
appendixes,1
conciliation,1
marvelously,1
acceptance,1
publications,1
neither,1
thesis,1
index,1
school,1
acquired,1
nontendentious,1
scanty,1
languages,1
combative,1
occurred,1
included,1
bit,1
eastward,1
recently,1
clearly,1
cornell,1
maybe,1
liberal,1
before,1
assisted,1
occupational,1
recruiting,1
pioneered,1
ideologies,1
nineteenth,1
preface,1
monograph,1
interpretation,1
source,1
mentioned,1
upper,1
assemblies,1
largest,1
most,1
show,1
unusually,1
potential,1
scarcely,1
being,1
max,1
first,1
surface,1
worldviews,1
transatlantic,1
miscited,1
satisfactory,1
considers,1
chose,1
sources,1
adjust,1
capable,1
leon,1
writing,1
destroying,1
members,1
justified,1
certainly,1
text,1
jackson,1
upheaval,1
french,1
sustained,1
interests,1
dissertation,1
coming,1
power,1
stronger,1
fink,1
important,1
detroit,1
particulars,1
pity,1
again,1
fragmentation,1
metal,1
attempt,1
over,1
ask,1
deficiencies,1
main,1
variables,1
added,1
many,1
england,1
j,1
analytical,1
paper,1
cultures,1
herbert,1
my,1
causality,1
lack,1
unionism,1
key,1
seem,1
agenda,1
withdrew,1
incorporating,1
leading,1
secondary,1
down,1
occupations,1
histories,1
appendix,1
method,1
railroad,1
strength,1
match,1
succeeds,1
solidity,1
essence,1
ambitions,1
throughout,1
report,1
choice,1
pressed,1
effort,1
ideological,1
lived,1
deal,1
government,1
diverse,1
thinking,1
john,1
located,1
grievances,1
defeat,1
composition,1
radical,1
demographic,1
worker,1
boomers,1
build,1
prose,1
emerge,1
distinctive,1
past,1
burying,1
failures,1
living,1
markets,1
bargaining,1
channel,1
forms,1
never,1
readers,1
propounded,1
precisely,1
do,1
likelihood,1
organizing,1
occupation,1
robert,1
born,1
begin,1
durham,1
complexargument,1
somewhat,1
ambiguous,1
developing,1
victims,1
lecturer,1
context,1
setting,1
disproportion,1
implicit,1
population,1
longingly,1
beaten,1
methodological,1
depends,1
theoretical,1
inhospitable,1
failure,1
cause,1
excellent,1
scale,1
thin,1
grounds,1
takes,1
record,1
proven,1
rich,1
xiv,1
mere,1
perhaps,1
narrative,1
clarence,1
problem,1
historians,1
insecure,1
complicated,1
hopkins,1
politicized,1
foundations,1
u,1
encountered,1
thoroughness,1
prestige,1
incorporate,1
rests,1
right,1
strikes,1
cloth,1
minded,1
balance,1
account,1
percent,1
stove,1
breakdown,1
felt,1
some,1
eighteen,1
artisans,1
politics,1
compelling,1
rare,1
activity,1
literature,1
condition,1
shared,1
finished,1
survive,1
establishing,1
already,1
bibliography,1
richard,1
perfectly,1
vital,1
incidents,1
careful,1
reader,1
protected,1
disloyal,1
given,1
business,1
through,1
hundreds,1
introduced,1
mechanization,1
example,1
industrialized,1
workingmen,1
became,1
nation,1
unrestrained,1
crafts,1
description,1
traditional,1
oppositional,1
findings,1
spurred,1
established,1
overview,1
fit,1
during,1
manufacturing,1
broad,1
diversity,1
breakthrough,1
comprehensible,1
processes,1
think,1
actual,1
thereafter,1
thus,1
nothing,1
prepared,1
trust,1
sensitivity,1
undynamic,1
question,1
eight,1
surely,1
synthetic,1
tell,1
andwith,1
described,1
pattern,1
estimating,1
stanford,1
such,1
years,1
status,1
neighbor,1
xv,1
own,1
consumed,1
assiduous,1
else,1
pursuit,1
reward,1
comprehensive,1
stromquist,1
author,1
accounted,1
accept,1
every,1
interest,1
bridging,1
amounts,1
good,1
ability,1
leave,1
worked,1
individual,1
adopted,1
honest,1
include,1
contra,1
sense,1
inspiring,1
characterized,1
describing,1
like,1
hard,1
range,1
period,1
prodigious,1
oneindustry,1
association,1
smaller,1
century,1
redoubts,1
collected,1
mobilization,1
generation,1
forced,1
kind,1
reaches,1
quite,1
cases,1
presenting,1
extremely,1
legacy,1
elements,1
nor,1
involved,1
relations,1
belt,1
curiously,1
summary,1
comparison,1
crosses,1
characteristics,1
especially,1
driving,1
amount,1
back,1
wider,1
concerns,1
highly,1
best,1
ithaca,1
mining,1
response,1
lichtenstein,1
methods,1
justifiable,1
indicator,1
presence,1
preexisting,1
models,1
paradox,1
choosing,1
decline,1
c,1
distinguished,1
development,1
third,1
effect,1
reached,1
credible,1
fredrick,1
fully,1
trades,1
weight,1
up,1
throats,1
kim,1
consequently,1
little,1
divides,1
looked,1
slim,1
impress,1
associational,1
grain,1
impressed,1
recent,1
undergoing,1
profiles,1
general,1
tricky,1
historically,1
unemployment,1
influence,1
immigration,1
jealous,1
growth,1
suspicious,1
uncritical,1
stands,1
because,1
