WORDCOUNTS,WEIGHT
the,149
of,98
and,82
to,51
suffrage,49
women,43
in,42
a,36
s,29
movement,27
on,20
that,18
political,18
woman,17
from,14
as,13
they,12
politics,12
with,11
history,11
these,11
for,11
marilley,11
not,10
scholars,10
leaders,10
feminism,10
graham,10
she,9
but,9
american,8
new,8
after,8
their,7
university,7
by,7
nawsa,7
its,7
which,7
this,7
rights,6
it,6
most,6
p,6
while,6
vote,6
press,6
an,6
racism,5
activists,5
is,5
nineteenth,5
two,5
nativism,5
more,5
other,5
books,5
historians,5
transforming,4
ideology,4
one,4
white,4
suffragists,4
no,4
also,4
had,4
pressure,4
hartmann,4
her,4
both,4
amendment,4
were,4
significance,4
authors,4
states,4
tactics,4
at,3
democracy,3
struggle,3
groups,3
who,3
study,3
elitism,3
studies,3
pp,3
susan,3
index,3
or,3
liberal,3
culture,3
demonstrate,3
obstacles,3
m,3
strategy,3
into,3
all,3
uses,3
are,3
did,3
feminist,3
state,3
what,3
reviews,3
system,3
u,3
addresses,3
popular,3
african,3
previous,3
years,3
three,3
have,3
century,3
association,3
early,3
notes,3
increasing,2
eleanor,2
does,2
movements,2
how,2
fear,2
inclusive,2
yale,2
importance,2
lamented,2
why,2
illustrations,2
united,2
criticism,2
face,2
union,2
sara,2
detail,2
organization,2
exercised,2
scientist,2
before,2
historian,2
ideologies,2
too,2
democratic,2
origins,2
suzanne,2
stressed,2
electoral,2
party,2
members,2
established,2
trained,2
decades,2
tremendous,2
nature,2
historiography,2
opposition,2
could,2
accommodate,2
time,2
revisions,2
andersen,2
carolina,2
historical,2
last,2
men,2
those,2
suffragist,2
william,2
equal,2
stressing,2
context,2
voting,2
issue,2
particular,2
takes,2
practice,2
chapter,2
another,2
none,2
bibliography,2
completed,2
elizabeth,2
use,2
fit,2
obtain,2
during,2
arguments,2
work,2
ideas,2
chapters,2
partisan,2
office,2
than,2
only,2
north,2
kristi,2
national,2
allies,2
antidemocratic,2
victory,2
characterized,2
would,2
hunter,2
flexner,2
need,2
exclusionary,2
enfranchisement,2
class,2
june,2
body,2
newspapers,2
ann,2
chicago,2
anderson,2
undemocratic,2
up,2
focus,2
much,2
among,2
tendency,2
provided,2
attention,2
race,2
separate,2
model,1
final,1
periods,1
crow,1
spruill,1
difficult,1
themes,1
failed,1
forthcoming,1
depth,1
appointment,1
front,1
christian,1
supremacy,1
table,1
produces,1
o,1
americans,1
realistic,1
whose,1
south,1
outsider,1
nonetheless,1
calibrated,1
bureau,1
independent,1
rather,1
anthony,1
within,1
l,1
erase,1
been,1
aimed,1
federal,1
dissects,1
happily,1
grounding,1
developed,1
district,1
overall,1
claimed,1
purposes,1
hill,1
critical,1
everyone,1
minority,1
address,1
borrowing,1
legislators,1
levels,1
recognizes,1
fiction,1
struggled,1
framing,1
male,1
institutions,1
untimely,1
e,1
politicians,1
directions,1
analyzes,1
profusion,1
still,1
opportunity,1
deprecated,1
opportunities,1
began,1
passing,1
expect,1
nostalgic,1
transformation,1
b,1
group,1
deals,1
derived,1
direct,1
terms,1
hold,1
owed,1
conveys,1
expectations,1
mobilize,1
lay,1
fall,1
about,1
achieve,1
join,1
wheeler,1
consequences,1
asserted,1
interpretive,1
moves,1
sets,1
yet,1
ways,1
interpretation,1
means,1
approaches,1
references,1
examine,1
security,1
lloyd,1
rules,1
nor,1
happened,1
modern,1
monumental,1
investigate,1
canvass,1
fail,1
under,1
cause,1
amended,1
door,1
ideals,1
us,1
key,1
boundary,1
recruited,1
seems,1
emphasize,1
benefits,1
dubois,1
presents,1
victories,1
emergence,1
then,1
any,1
transformations,1
light,1
devotes,1
just,1
growing,1
marjorie,1
impact,1
arguing,1
flaws,1
synthetic,1
lament,1
complexity,1
al,1
argued,1
changing,1
focusing,1
xi,1
umbrella,1
parties,1
leads,1
show,1
test,1
safe,1
cartoons,1
first,1
rise,1
powerful,1
theme,1
voluntarism,1
pains,1
scrutiny,1
either,1
shed,1
physical,1
lee,1
street,1
long,1
constituency,1
organizations,1
neither,1
promulgated,1
lobby,1
accomplished,1
offers,1
drew,1
paul,1
interests,1
heritage,1
was,1
publicity,1
colorado,1
power,1
ingenuity,1
gilmore,1
faced,1
garrison,1
social,1
death,1
view,1
represented,1
stands,1
banaszak,1
central,1
agenda,1
worked,1
each,1
opponents,1
active,1
chapman,1
paper,1
tradition,1
standards,1
persuasion,1
elites,1
registration,1
different,1
came,1
based,1
effected,1
immense,1
shaped,1
book,1
seem,1
nancy,1
scientists,1
centralized,1
secondary,1
striking,1
pages,1
found,1
includes,1
enroll,1
temper,1
color,1
current,1
unacknowledged,1
ratification,1
demonstrations,1
predominated,1
choice,1
viii,1
blind,1
organizes,1
foundation,1
lived,1
battering,1
practical,1
deal,1
impediments,1
government,1
author,1
privileged,1
very,1
cady,1
written,1
brilliance,1
substantially,1
contends,1
survey,1
take,1
deemed,1
considerable,1
i,1
arguably,1
expansion,1
there,1
great,1
mass,1
passage,1
external,1
works,1
renegotiate,1
took,1
catt,1
precinct,1
exceptions,1
precisely,1
raised,1
irony,1
fusion,1
decried,1
crusade,1
focused,1
alike,1
innovative,1
displayed,1
johns,1
literature,1
notable,1
indirect,1
combined,1
majority,1
recently,1
population,1
citizenship,1
renaissance,1
underscores,1
jim,1
strategies,1
accounts,1
lawmakers,1
case,1
reminds,1
rallies,1
gender,1
lacks,1
however,1
referenda,1
heaped,1
passed,1
guarantee,1
explain,1
vigorously,1
eds,1
trade,1
alice,1
problem,1
directly,1
ascendance,1
antidotes,1
public,1
money,1
insider,1
periodization,1
hopkins,1
free,1
really,1
america,1
victims,1
break,1
multidisciplinary,1
degree,1
cloth,1
well,1
exert,1
scant,1
argues,1
participation,1
unions,1
increases,1
distinguish,1
understanding,1
urban,1
journals,1
activity,1
egalitarian,1
used,1
condition,1
unworthy,1
campaigns,1
abolitionist,1
treated,1
own,1
parades,1
eleven,1
conceptions,1
presented,1
compromised,1
limitations,1
entrance,1
prominent,1
taking,1
brought,1
succeed,1
concentration,1
ohio,1
through,1
purpose,1
discusses,1
establishment,1
example,1
detailed,1
sufficiently,1
chart,1
became,1
nation,1
along,1
creatively,1
positions,1
carrie,1
techniques,1
transition,1
respectable,1
entirely,1
asserts,1
loss,1
fixation,1
categories,1
kindly,1
dedication,1
largely,1
constitutions,1
temperance,1
contemporary,1
behavior,1
make,1
feminists,1
expansive,1
demonstrates,1
manipulation,1
congress,1
disrupted,1
people,1
harvard,1
labor,1
egalitarianism,1
gain,1
rallying,1
arena,1
nothing,1
et,1
newspaper,1
frances,1
personal,1
full,1
promoted,1
relationships,1
xviii,1
until,1
election,1
couple,1
voluntaristic,1
attraction,1
oligarchy,1
won,1
immediate,1
such,1
development,1
ignored,1
cott,1
cambridge,1
ethnicity,1
winning,1
volunteer,1
professor,1
challenging,1
illustrates,1
against,1
else,1
count,1
tables,1
shortcomings,1
comprehensive,1
acknowledges,1
afterthought,1
machine,1
washington,1
grant,1
finally,1
published,1
creating,1
held,1
joined,1
kraditor,1
individual,1
times,1
ram,1
include,1
upon,1
define,1
level,1
helpful,1
so,1
restore,1
brave,1
pay,1
stanton,1
privilege,1
variously,1
hitherto,1
doldrums,1
course,1
disrupt,1
willard,1
contrast,1
pathbreaking,1
exclude,1
black,1
distinct,1
elements,1
around,1
handful,1
narrowing,1
small,1
several,1
underscore,1
moved,1
beyond,1
supported,1
few,1
amount,1
subjects,1
contrary,1
highly,1
ruled,1
elaborate,1
between,1
machines,1
maleness,1
chapel,1
same,1
races,1
served,1
southern,1
emphasized,1
overcome,1
scholarship,1
vary,1
impossible,1
can,1
organizers,1
excluded,1
be,1
aileen,1
valuable,1
d,1
create,1
when,1
including,1
drawn,1
investigates,1
extent,1
analyze,1
sciences,1
divides,1
develop,1
paid,1
ellen,1
activism,1
haven,1
here,1
recent,1
structured,1
document,1
persuading,1
building,1
broader,1
glenda,1
influence,1
decry,1
groundbreaking,1
according,1
suggest,1
gordon,1
diversification,1
cites,1
neill,1
examines,1
breakthroughs,1
bigotry,1
uncritical,1
