WORDCOUNTS,WEIGHT
of,114
the,110
and,90
in,66
a,59
to,41
public,32
that,29
ryan,26
s,26
is,24
new,23
as,21
civic,20
an,15
this,14
it,13
for,12
urban,12
american,11
p,11
yet,10
was,10
by,10
citizenship,10
city,10
culture,9
york,8
violence,8
wars,8
what,8
mcnamara,8
which,8
such,8
celebrations,8
she,7
life,7
had,7
from,7
more,7
historians,7
meetings,7
both,7
have,7
performance,6
history,6
these,6
different,6
events,6
cities,6
may,5
if,5
process,5
their,5
one,5
with,5
ways,5
experience,5
democratic,5
book,5
historical,5
her,5
america,5
day,5
popular,5
during,5
were,5
significance,5
on,5
than,5
democracy,4
not,4
rather,4
within,4
university,4
or,4
most,4
emerged,4
all,4
newman,4
political,4
perhaps,4
has,4
suggests,4
parades,4
reader,4
its,4
development,4
so,4
century,4
between,4
often,4
describes,4
at,3
does,3
conflicting,3
his,3
who,3
community,3
certain,3
studies,3
kinds,3
parade,3
illustrations,3
construction,3
jubilee,3
united,3
moreover,3
decade,3
us,3
then,3
light,3
nineteenth,3
mary,3
are,3
important,3
great,3
narrative,3
last,3
places,3
do,3
reviews,3
well,3
participation,3
patriotism,3
work,3
eighteenth,3
press,3
expression,3
use,3
much,3
issues,3
throughout,3
three,3
national,3
sense,3
association,3
long,3
festive,3
research,3
can,3
be,3
even,3
invented,3
we,3
european,2
space,2
he,2
americans,2
difficult,2
act,2
growth,2
indeed,2
support,2
celebration,2
acknowledged,2
independence,2
sphere,2
they,2
unprecedented,2
complex,2
about,2
centuries,2
means,2
itself,2
pp,2
index,2
laid,2
proved,2
historian,2
teaching,2
something,2
habermas,2
preface,2
pithy,2
series,2
but,2
norms,2
age,2
only,2
beyond,2
volume,2
party,2
here,2
appear,2
contention,2
behaviour,2
nature,2
descriptions,2
politics,2
rich,2
been,2
out,2
how,2
far,2
contemporary,2
possibility,2
constantly,2
rural,2
readers,2
those,2
manner,2
racial,2
context,2
them,2
form,2
system,2
orleans,2
era,2
however,2
sophisticated,2
theory,2
books,2
while,2
brooks,2
foundations,2
local,2
simon,2
result,2
coherent,2
spaces,2
own,2
bibliography,2
women,2
point,2
part,2
through,2
very,2
civil,2
nation,2
identity,2
gave,2
assumption,2
challenges,2
people,2
ethnic,2
evolution,2
question,2
tell,2
there,2
patriots,2
september,2
social,2
times,2
would,2
states,2
kind,2
defined,2
displays,2
ignore,2
examine,2
beginning,2
figures,2
festivals,2
revolution,2
notes,2
traditions,2
building,2
immigration,2
massive,2
society,2
newer,1
vantage,1
fails,1
chronological,1
alike,1
endemic,1
employ,1
threatened,1
england,1
republican,1
prescribed,1
broadens,1
led,1
san,1
employed,1
philadelphia,1
deference,1
town,1
essential,1
configuring,1
no,1
education,1
without,1
myriad,1
camp,1
links,1
populations,1
patriotic,1
commemoration,1
wove,1
federal,1
groups,1
across,1
revival,1
maps,1
bound,1
surprisingly,1
rough,1
critical,1
iowa,1
mummers,1
brief,1
legitimate,1
fractured,1
exception,1
institutions,1
becomes,1
lasting,1
bonds,1
alone,1
view,1
introduction,1
celebrate,1
force,1
make,1
expanded,1
format,1
legitimization,1
considering,1
grew,1
rapidly,1
republic,1
large,1
settings,1
procession,1
engineered,1
readdress,1
inhabited,1
class,1
leaves,1
adept,1
analysis,1
superb,1
white,1
feel,1
formed,1
entertainment,1
communities,1
rational,1
moves,1
addressing,1
shy,1
urbanization,1
citizens,1
sweeps,1
revisiting,1
rubric,1
brunswick,1
articles,1
makes,1
jiirgen,1
funeral,1
conscious,1
mission,1
theorists,1
affect,1
array,1
under,1
odyssey,1
mobile,1
consider,1
chronology,1
theatre,1
neither,1
weaves,1
rise,1
familiar,1
into,1
riots,1
home,1
carnage,1
before,1
just,1
interpretative,1
postulates,1
dominate,1
accomplishes,1
literally,1
add,1
too,1
nineteenthcentury,1
practices,1
narratives,1
circumstances,1
multicultural,1
processions,1
volatile,1
ballots,1
granger,1
increasingly,1
came,1
regional,1
passion,1
interweaving,1
published,1
shed,1
useful,1
proposes,1
consequence,1
street,1
specifically,1
certainly,1
transgress,1
majority,1
tour,1
production,1
questions,1
alternative,1
established,1
other,1
bitter,1
researched,1
helped,1
power,1
repertoire,1
implications,1
stories,1
assuredly,1
opinion,1
bloody,1
might,1
berkeley,1
drawing,1
rapid,1
punish,1
attempt,1
gathered,1
over,1
available,1
conflicts,1
articulate,1
substantively,1
towns,1
action,1
each,1
many,1
illuminate,1
character,1
analytical,1
georgia,1
fact,1
longer,1
encourage,1
occurred,1
exploration,1
attractive,1
preserve,1
did,1
xii,1
areas,1
could,1
broadly,1
critic,1
assertion,1
examination,1
glasgow,1
found,1
argue,1
powerless,1
color,1
typical,1
accessible,1
differences,1
substance,1
demonstrations,1
inevitably,1
centers,1
changed,1
government,1
diverse,1
believes,1
john,1
concludes,1
intrinsically,1
xxii,1
everything,1
vigilantism,1
bombing,1
build,1
man,1
seldom,1
search,1
observes,1
greater,1
display,1
representative,1
works,1
callous,1
late,1
men,1
concrete,1
musings,1
abstract,1
equally,1
performances,1
ground,1
oklahoma,1
remarkable,1
born,1
according,1
california,1
outlines,1
somewhat,1
johns,1
unique,1
seventeenth,1
appears,1
divide,1
population,1
venue,1
theoretical,1
sovereignty,1
abraham,1
particular,1
explicit,1
practice,1
democratization,1
xvii,1
procedures,1
explain,1
required,1
albeit,1
style,1
streets,1
hopkins,1
remarkably,1
criteria,1
thousands,1
thoroughly,1
premised,1
addresses,1
president,1
failure,1
violent,1
notion,1
chapter,1
having,1
almost,1
wonders,1
network,1
some,1
possible,1
logical,1
watched,1
compelling,1
understanding,1
expansion,1
divided,1
jacksonian,1
indiana,1
solid,1
birth,1
upon,1
gatherings,1
writers,1
populace,1
represented,1
careful,1
transcend,1
average,1
significantly,1
rally,1
staged,1
amid,1
arose,1
progress,1
explains,1
example,1
unify,1
cited,1
calls,1
became,1
two,1
role,1
along,1
department,1
herself,1
gender,1
barn,1
minority,1
ritual,1
loves,1
entirely,1
measure,1
engage,1
masterful,1
fit,1
results,1
place,1
exciting,1
began,1
factor,1
localized,1
colonial,1
allows,1
comprehensible,1
writing,1
comprehensively,1
participated,1
neglect,1
central,1
teeth,1
varied,1
tumultuous,1
wonderfully,1
translated,1
personal,1
raising,1
enlighten,1
gras,1
continues,1
announce,1
surely,1
theories,1
banners,1
described,1
project,1
marry,1
calculated,1
polity,1
radically,1
approach,1
de,1
author,1
staging,1
dominated,1
aware,1
mardi,1
interest,1
logic,1
good,1
change,1
relatively,1
construct,1
correct,1
composite,1
adams,1
hideously,1
need,1
discover,1
vital,1
hardly,1
smaller,1
seemingly,1
crafted,1
affairs,1
arteries,1
exercise,1
theater,1
crevecoeur,1
unity,1
rutgers,1
quite,1
provides,1
prologue,1
event,1
remains,1
francisco,1
speculative,1
municipal,1
inextricably,1
venture,1
opposition,1
frustrating,1
especially,1
few,1
searching,1
highly,1
revealing,1
oft,1
study,1
allowed,1
channels,1
colorful,1
plethora,1
served,1
interdisciplinary,1
themselves,1
choosing,1
codes,1
rejection,1
sectors,1
effect,1
forms,1
always,1
early,1
overarching,1
shifting,1
up,1
drawn,1
working,1
rhetorical,1
little,1
present,1
look,1
looked,1
music,1
constructs,1
resistance,1
world,1
citizen,1
extravaganzas,1
french,1
dissolve,1
broader,1
embodied,1
meeting,1
lincoln,1
generation,1
weakness,1
time,1
inform,1
moved,1
race,1
draft,1
division,1
paralleling,1
examines,1
symbiotic,1
grants,1
