WORDCOUNTS,WEIGHT
the,239
of,158
and,124
in,100
to,64
italian,52
a,46
as,27
that,26
by,22
s,22
an,22
united,21
states,21
with,20
from,20
their,19
america,18
these,18
american,17
history,16
for,16
social,15
work,15
on,15
not,14
migration,14
e,13
audenino,13
has,13
socialist,13
vezzosi,12
immigrant,12
world,12
is,11
party,11
which,11
were,11
spa,11
at,10
she,10
they,10
italians,10
its,10
this,10
immigrants,10
valley,10
italy,9
socialists,9
was,9
into,9
more,9
also,9
her,9
have,9
often,8
p,8
new,8
labor,8
but,7
only,7
understanding,7
emigration,7
family,7
be,7
who,6
or,6
workers,6
experience,6
scholarly,6
leaders,6
between,6
research,6
within,6
society,6
it,5
various,5
been,5
community,5
emigrazione,5
federation,5
volumes,5
mobility,5
pp,5
organization,5
fact,5
over,5
are,5
men,5
war,5
reviews,5
migrations,5
level,5
women,5
example,5
during,5
structures,5
relationships,5
dynamics,5
pozzetta,5
published,5
century,5
focus,5
much,5
biella,5
traditions,5
americans,4
l,4
groups,4
how,4
lavoro,4
di,4
movement,4
life,4
index,4
most,4
records,4
movements,4
milano,4
important,4
strategy,4
union,4
scholars,4
came,4
ideological,4
particularly,4
form,4
sites,4
larger,4
residents,4
both,4
issues,4
people,4
own,4
change,4
socialism,4
june,4
alpine,4
presence,4
scholarship,4
always,4
even,4
than,4
political,4
stoneworkers,4
archives,3
if,3
english,3
foreign,3
impressive,3
toward,3
worldwide,3
un,3
after,3
grew,3
modes,3
one,3
venturini,3
analysis,3
about,3
seldom,3
scattered,3
roma,3
support,3
lives,3
italiani,3
old,3
under,3
any,3
nineteenth,3
ed,3
industrial,3
increasingly,3
sources,3
routes,3
organizations,3
sections,3
stati,3
all,3
americanization,3
uniti,3
thus,3
exploration,3
fortunes,3
out,3
found,3
demands,3
radical,3
historical,3
i,3
works,3
left,3
those,3
stressing,3
them,3
system,3
voting,3
seasonal,3
information,3
remained,3
years,3
when,3
made,3
became,3
negli,3
use,3
harlem,3
policies,3
maria,3
ethnic,3
processes,3
our,3
novecento,3
such,3
since,3
conditions,3
degli,3
language,3
angeli,3
involved,3
buffalo,3
temporary,3
topics,3
villages,3
mazzini,3
transitory,3
beacon,3
north,3
recent,3
tirabassi,3
la,3
periods,2
difficult,2
needed,2
mechanisms,2
intricate,2
critical,2
schools,2
currently,2
nel,2
federations,2
essential,2
south,2
careers,2
rosoli,2
perspectives,2
george,2
rather,2
letters,2
economic,2
indeed,2
ideology,2
market,2
reference,2
male,2
institutions,2
therefore,2
outward,2
understand,2
per,2
contribution,2
village,2
adaptation,2
special,2
study,2
produced,2
course,2
distant,2
anni,2
means,2
approaches,2
opportunities,2
fasce,2
evolved,2
diffuse,2
mobile,2
university,2
detail,2
thesis,2
guerra,2
nadia,2
italiana,2
assimilation,2
included,2
home,2
proved,2
antifascist,2
shifting,2
vol,2
changing,2
locals,2
volume,2
street,2
every,2
elisabetta,2
gli,2
members,2
mestiere,2
successfully,2
exchanges,2
interests,2
internal,2
ii,2
photos,2
absences,2
view,2
available,2
worked,2
elements,2
many,2
nature,2
syndicalist,2
shows,2
company,2
global,2
interested,2
scovill,2
tradition,2
best,2
areas,2
contingencies,2
striking,2
distrustful,2
current,2
allied,2
inquiry,2
changed,2
maps,2
events,2
state,2
gianfausto,2
other,2
past,2
great,2
options,2
italia,2
beginning,2
cultural,2
what,2
maddalena,2
attempting,2
viewed,2
terms,2
see,2
particular,2
globe,2
franco,2
underwent,2
however,2
eclectic,2
leaving,2
ethnicity,2
u,2
well,2
orientations,2
influenced,2
stoneworking,2
relatives,2
politics,2
contain,2
literature,2
destinations,2
discussion,2
translated,2
nordamericana,2
bibliography,2
insight,2
carry,2
del,2
active,2
multiple,2
formal,2
radicals,2
say,2
including,2
city,2
familial,2
knowledge,2
role,2
subject,2
host,2
rigid,2
storici,2
programs,2
radicalism,2
demonstrates,2
controlled,2
destination,2
relevance,2
goals,2
isf,2
story,2
engaged,2
individuals,2
full,2
studi,2
spring,2
deeply,2
locations,2
unable,2
development,2
trends,2
three,2
twentieth,2
points,2
relatively,2
responses,2
held,2
joined,2
relations,2
typically,2
allowed,2
like,2
ability,2
ethiopian,2
electoral,2
susanna,2
guided,2
different,2
around,2
small,2
several,2
migrants,2
specific,2
biellese,2
wider,2
subjects,2
insists,2
themselves,2
allowing,2
diplomatic,2
lire,2
tactics,2
effective,2
can,2
networks,2
early,2
generally,2
views,2
substantial,2
gender,2
ad,2
journal,2
memberships,2
attracted,2
notes,2
so,2
leadership,2
attention,2
workings,2
close,2
rates,2
richly,2
nations,1
impossible,1
storiografico,1
militancy,1
fascist,1
cenni,1
miller,1
book,1
space,1
carried,1
integrating,1
pensanti,1
complaint,1
valuable,1
james,1
written,1
escaped,1
fascism,1
second,1
actors,1
aid,1
replacing,1
disruption,1
higham,1
demand,1
forces,1
reformism,1
today,1
ventured,1
flexibly,1
note,1
investigated,1
immigranti,1
due,1
interdependent,1
contact,1
edizioni,1
publishers,1
examine,1
capillary,1
act,1
his,1
hostile,1
valle,1
intimately,1
later,1
figure,1
skilled,1
usually,1
bilancio,1
ways,1
operating,1
across,1
short,1
rights,1
activists,1
service,1
overall,1
created,1
expansion,1
stonecutters,1
adapt,1
giorgio,1
interact,1
does,1
channel,1
decades,1
deserve,1
affected,1
sull,1
misinterprets,1
understood,1
instead,1
ordinary,1
nearly,1
female,1
racial,1
international,1
constraints,1
lost,1
una,1
americhe,1
excellent,1
conceptions,1
depopulate,1
alone,1
livestock,1
analyzes,1
detailed,1
still,1
reconstruction,1
opportunity,1
arrangements,1
fever,1
mondi,1
neighborhood,1
make,1
expanded,1
effectively,1
orbit,1
essay,1
strife,1
interplay,1
sending,1
similar,1
se,1
certain,1
girolamo,1
masons,1
responsibilities,1
countries,1
grande,1
recently,1
seemingly,1
enduring,1
touched,1
decisions,1
pages,1
makes,1
americani,1
nos,1
undergone,1
construction,1
label,1
corpus,1
produttiva,1
patrizia,1
existed,1
mention,1
fall,1
undergirding,1
once,1
repression,1
win,1
factors,1
wives,1
interpretive,1
composed,1
figures,1
stretched,1
yet,1
ostensibly,1
centuries,1
observer,1
examined,1
ramirez,1
giuseppe,1
pressures,1
articles,1
changes,1
emilio,1
steer,1
propagandists,1
cutter,1
largely,1
modern,1
legitimately,1
favor,1
serve,1
conscious,1
soon,1
deflect,1
better,1
useful,1
tradizione,1
technology,1
increased,1
divergences,1
collection,1
consider,1
addressed,1
misunderstandings,1
page,1
comrades,1
ottocento,1
foreigners,1
contractors,1
split,1
familiar,1
workmen,1
misses,1
workplace,1
quick,1
total,1
cervo,1
then,1
energy,1
storia,1
felice,1
dalla,1
publishing,1
light,1
devotes,1
elsewhere,1
ably,1
fragile,1
just,1
following,1
choices,1
numbers,1
impact,1
receiving,1
sharply,1
africa,1
farm,1
accomplishes,1
longerterm,1
restricted,1
source,1
garrone,1
giancinto,1
fra,1
institutes,1
practices,1
contexts,1
advancing,1
suspicions,1
must,1
rescued,1
ideals,1
communal,1
show,1
communities,1
test,1
demonstrate,1
regulated,1
contained,1
geographic,1
constituted,1
vermont,1
noted,1
common,1
first,1
continues,1
microhistory,1
controllo,1
thinking,1
prominently,1
inclined,1
permanence,1
australia,1
especially,1
boring,1
followed,1
units,1
notions,1
blacks,1
explicable,1
insightfully,1
teodori,1
specifically,1
provide,1
oral,1
suffice,1
rocky,1
dorata,1
ricerca,1
organizational,1
production,1
totaled,1
sustained,1
human,1
bruno,1
established,1
inclinations,1
affords,1
fitzwilliam,1
business,1
devastating,1
methodologies,1
migrant,1
association,1
motor,1
migone,1
might,1
dimension,1
sella,1
rapid,1
performed,1
assist,1
fruitfully,1
bibliographies,1
similarly,1
methodology,1
fluid,1
ask,1
deficiencies,1
multivolume,1
agenda,1
conversant,1
affiliated,1
control,1
friends,1
added,1
experimentation,1
belatedly,1
outstanding,1
fit,1
editions,1
arrived,1
massimo,1
menotti,1
archival,1
true,1
friendly,1
york,1
longer,1
d,1
diminishing,1
shaped,1
principles,1
indifferente,1
underwrote,1
societies,1
location,1
services,1
allow,1
protest,1
skills,1
explores,1
pragmatic,1
assess,1
broadly,1
histories,1
name,1
together,1
accommodated,1
featuring,1
demise,1
daily,1
studied,1
ferdinando,1
environs,1
victim,1
simple,1
documents,1
momentum,1
altreitalie,1
developed,1
valleycentered,1
rarely,1
mapping,1
mondo,1
outbreak,1
analyses,1
teachers,1
origin,1
indifferent,1
fully,1
effort,1
vallata,1
organizzazione,1
biellesi,1
follows,1
oggi,1
able,1
job,1
diverse,1
linked,1
atlantic,1
valerio,1
mason,1
alberico,1
energies,1
john,1
audience,1
concludes,1
very,1
dealings,1
harmoniously,1
waterbury,1
oblivion,1
contemporary,1
resulting,1
emerge,1
questions,1
differed,1
edward,1
considerable,1
captured,1
jumped,1
ambivalent,1
primo,1
achieved,1
featured,1
feature,1
integrate,1
fresh,1
brokers,1
living,1
type,1
tomasi,1
transoceanic,1
disagreed,1
pursues,1
advances,1
rhythms,1
tesi,1
late,1
wrought,1
academic,1
conclusions,1
outside,1
respond,1
studies,1
influences,1
do,1
mild,1
dipartimento,1
hampshire,1
principal,1
unhelpful,1
florida,1
platforms,1
informed,1
comings,1
immigrati,1
ell,1
china,1
blow,1
founded,1
rearing,1
where,1
signs,1
something,1
behind,1
johns,1
convenient,1
aspects,1
device,1
systematic,1
attempted,1
pointedly,1
barre,1
timing,1
context,1
reactions,1
seventeenth,1
center,1
relevant,1
defining,1
youths,1
citizenship,1
stability,1
migratory,1
making,1
rising,1
suffered,1
case,1
gilded,1
cause,1
side,1
dottorato,1
imposed,1
otherwise,1
material,1
transoceanica,1
attitudes,1
sophisticated,1
forthcoming,1
fronts,1
perhaps,1
plea,1
eta,1
vigorously,1
committee,1
owing,1
tightly,1
granite,1
autonomous,1
comprehension,1
heavily,1
public,1
manifested,1
faro,1
continuum,1
weddings,1
migratoria,1
hopkins,1
near,1
primary,1
agriculture,1
outlines,1
technical,1
historiographical,1
pursued,1
victims,1
neri,1
electioneering,1
ties,1
explored,1
having,1
deal,1
will,1
gained,1
balance,1
another,1
local,1
emblematic,1
keeping,1
encounters,1
anna,1
opened,1
formation,1
basis,1
emanating,1
remote,1
r,1
private,1
ultimi,1
storica,1
closed,1
urban,1
situated,1
quality,1
vast,1
associazione,1
campaigns,1
drawn,1
cluster,1
fondazione,1
abroad,1
scope,1
characterization,1
place,1
sensitive,1
moves,1
edizione,1
boston,1
quaderni,1
varieties,1
upon,1
translate,1
eighteenth,1
virginia,1
situating,1
tensions,1
age,1
nell,1
spini,1
creating,1
writings,1
recognition,1
west,1
region,1
brought,1
antifascisti,1
little,1
point,1
part,1
composition,1
ethiopia,1
user,1
far,1
enhanced,1
line,1
backgrounds,1
resources,1
conception,1
strongly,1
martellone,1
contacts,1
press,1
charts,1
destinies,1
department,1
exploring,1
promiscuity,1
african,1
penetrating,1
positions,1
interviews,1
tried,1
exert,1
fluctuations,1
agents,1
controls,1
congenial,1
stable,1
significant,1
eroded,1
whole,1
combining,1
dal,1
frequent,1
realm,1
institute,1
outpouring,1
democratic,1
tracing,1
distrust,1
range,1
results,1
file,1
leftist,1
additions,1
virtually,1
manufacturing,1
began,1
factor,1
numerous,1
interestingly,1
engaging,1
using,1
academics,1
exceptionally,1
assembly,1
aspect,1
central,1
maintains,1
sociale,1
possible,1
rosazza,1
nothing,1
merit,1
newspaper,1
prepared,1
outposts,1
partire,1
guestworkers,1
personal,1
middle,1
review,1
office,1
question,1
serrati,1
intercultural,1
promoted,1
stayed,1
g,1
macchine,1
overseas,1
il,1
historiographic,1
marsilio,1
ultimately,1
until,1
accompanying,1
aprile,1
trenta,1
immediate,1
birth,1
trade,1
alpina,1
mentalities,1
reveals,1
industrialization,1
valenti,1
accommodation,1
gangs,1
solidarities,1
deftly,1
insights,1
finding,1
reality,1
travelling,1
adding,1
shortcomings,1
institutional,1
assumes,1
comprehensive,1
sapienza,1
sensitivity,1
regions,1
de,1
f,1
appropriate,1
finally,1
nelle,1
corner,1
sustain,1
garroni,1
neighbors,1
intact,1
coalescing,1
expended,1
simply,1
large,1
contributed,1
offer,1
mutable,1
should,1
franzina,1
comunita,1
integrated,1
successful,1
land,1
characterized,1
mothers,1
provides,1
socialismo,1
length,1
respects,1
naturalization,1
period,1
need,1
spread,1
appreciated,1
broader,1
vita,1
ywca,1
guiding,1
reentry,1
shaping,1
meeting,1
smaller,1
subfields,1
farms,1
integration,1
renders,1
genoa,1
rival,1
incontro,1
carryovers,1
troubled,1
learning,1
colleagues,1
playing,1
forming,1
kept,1
earlier,1
diaspora,1
occasioned,1
dell,1
acquiring,1
rank,1
castronovo,1
cases,1
patrimonies,1
settlement,1
claims,1
resting,1
contributions,1
nuanced,1
long,1
speak,1
forms,1
rich,1
never,1
policy,1
practiced,1
places,1
worried,1
perspective,1
venezia,1
historigraphical,1
fracture,1
soil,1
depend,1
intergroup,1
random,1
arena,1
cogent,1
immigration,1
although,1
systems,1
migrating,1
components,1
loss,1
machines,1
assumed,1
employ,1
elude,1
eloquent,1
catena,1
editors,1
connecticut,1
craft,1
goings,1
c,1
distinguished,1
respectively,1
single,1
alla,1
exact,1
tended,1
methodological,1
giacomo,1
illuminating,1
sharing,1
debate,1
trades,1
working,1
mediators,1
given,1
gentleman,1
purpose,1
communication,1
vagaries,1
adaptations,1
northern,1
universita,1
leftists,1
etc,1
italoamericani,1
correspondence,1
targets,1
among,1
notice,1
frictions,1
emigrations,1
connections,1
diminished,1
laborers,1
molinari,1
bertelli,1
adaptive,1
previously,1
loyalties,1
provided,1
skill,1
finds,1
gian,1
recasts,1
herotdote,1
though,1
pupils,1
passive,1
resistant,1
influence,1
generational,1
competitive,1
bibliographic,1
massive,1
activities,1
luoghi,1
major,1
holding,1
admirable,1
examines,1
illuminated,1
gifted,1
electoralism,1
focused,1
links,1
