WORDCOUNTS,WEIGHT
the,268
of,177
and,150
in,106
a,90
to,76
that,57
his,51
war,50
s,49
he,48
was,35
vietnam,35
american,31
on,31
with,30
johnson,28
as,24
but,24
by,24
it,23
military,21
for,21
mcnamara,20
is,18
not,17
from,16
p,16
were,16
giap,13
many,13
adams,13
one,13
advisers,12
north,12
only,11
enemy,11
an,11
south,10
all,10
vietcong,10
vietnamese,10
would,10
so,10
than,10
or,9
these,9
could,9
while,9
shapley,9
westmoreland,9
macdonald,9
communist,8
strategy,8
who,8
about,8
more,8
man,8
political,8
however,8
has,8
barrett,8
nva,8
made,8
became,8
such,8
soldiers,8
force,7
they,7
pp,7
history,7
also,7
escalation,7
forces,7
writes,7
which,7
this,7
have,7
their,7
be,7
we,7
notes,7
hanoi,7
way,6
how,6
troops,6
book,6
power,6
had,6
leaders,6
herring,6
america,6
president,6
both,6
its,6
interviews,6
our,6
at,5
neu,5
doubts,5
figure,5
army,5
into,5
still,5
grew,5
life,5
index,5
any,5
are,5
most,5
offensive,5
cia,5
view,5
did,5
effort,5
time,5
new,5
staff,5
intelligence,5
reviews,5
within,5
system,5
commander,5
unfinished,5
administration,5
own,5
against,5
even,5
ground,5
leadership,5
units,4
rather,4
if,4
bring,4
remain,4
levels,4
large,4
decisions,4
university,4
policy,4
organization,4
air,4
give,4
toward,4
moving,4
different,4
other,4
far,4
end,4
i,4
robert,4
march,4
terms,4
house,4
another,4
information,4
bibliography,4
press,4
convinced,4
no,4
much,4
instead,4
range,4
him,4
cragg,4
white,4
world,4
lanning,4
difficult,3
americans,3
whose,3
manager,3
george,3
limited,3
process,3
intervention,3
earlier,3
confidence,3
illustrations,3
helms,3
country,3
management,3
revolutionaries,3
before,3
numbers,3
faith,3
biography,3
beyond,3
defeat,3
ho,3
command,3
clifford,3
result,3
eventually,3
government,3
captured,3
serious,3
documents,3
those,3
william,3
them,3
cause,3
public,3
failure,3
well,3
too,3
richard,3
little,3
part,3
explain,3
nation,3
got,3
people,3
conflict,3
story,3
thus,3
chapters,3
chiefs,3
until,3
three,3
realized,3
washington,3
field,3
general,3
old,3
brought,3
research,3
early,3
given,3
memoir,3
joint,3
major,3
tet,3
will,2
suggest,2
does,2
knew,2
relationship,2
york,2
request,2
she,2
main,2
across,2
although,2
go,2
truth,2
resulted,2
conducted,2
deteriorated,2
e,2
always,2
july,2
position,2
told,2
hurry,2
why,2
whole,2
chi,2
minh,2
study,2
analysis,2
distant,2
superb,2
advice,2
yet,2
ways,2
understand,2
studies,2
thought,2
bad,2
wanted,2
us,2
key,2
presidency,2
russell,2
dan,2
tangled,2
consultations,2
hoping,2
two,2
soldier,2
ever,2
first,2
surface,2
calculations,2
t,2
lee,2
sam,2
sources,2
long,2
drawing,2
over,2
morley,2
put,2
each,2
books,2
access,2
scholars,2
down,2
appendix,2
great,2
beliefs,2
strength,2
might,2
out,2
personal,2
concludes,2
personality,2
take,2
there,2
search,2
big,2
better,2
person,2
written,2
further,2
left,2
career,2
committed,2
silence,2
warriors,2
combined,2
papers,2
produced,2
michael,2
involvement,2
persevered,2
vivid,2
wide,2
gives,2
mass,2
battles,2
advisory,2
third,2
remained,2
won,2
account,2
when,2
civilian,2
basis,2
withdrawal,2
lost,2
effectiveness,2
level,2
formal,2
morale,2
peace,2
point,2
uncertain,2
safer,2
lbj,2
himself,2
describe,2
during,2
place,2
controlled,2
questions,2
member,2
full,2
bargaining,2
spring,2
author,2
years,2
kennedy,2
run,2
clear,2
since,2
restraint,2
stakes,2
accept,2
aware,2
peter,2
crisis,2
david,2
sense,2
summer,2
confusion,2
build,2
high,2
deborah,2
after,2
provides,2
integrity,2
involved,2
around,2
clark,2
cbs,2
mistakes,2
perspective,2
charles,2
insider,2
news,2
replace,2
response,2
politburo,2
consulted,2
right,2
fighting,2
up,2
through,2
progress,2
present,2
because,2
describes,2
among,2
intelligent,2
brown,2
knowledge,2
seemed,2
deeper,2
mystique,2
limiting,1
rostow,1
longing,1
ranging,1
may,1
resolve,1
thoroughly,1
bottom,1
carried,1
highneu,1
failed,1
humiliating,1
f,1
reading,1
intricate,1
therefore,1
frequency,1
changes,1
devious,1
formulated,1
negotiations,1
find,1
steerforth,1
scout,1
conciliatory,1
situation,1
town,1
bigeard,1
tested,1
november,1
cuban,1
expect,1
stalemated,1
pauses,1
perspectives,1
descriptions,1
jcs,1
absence,1
without,1
various,1
wisdom,1
higher,1
operations,1
twinning,1
noble,1
logistical,1
science,1
dilemma,1
concerned,1
inaccurate,1
precariousness,1
sometimes,1
wary,1
johns,1
action,1
destroy,1
concessions,1
sincere,1
rusk,1
you,1
plunge,1
short,1
vision,1
retreated,1
columbine,1
ideology,1
testing,1
service,1
created,1
claimed,1
compensate,1
expansion,1
survive,1
opinion,1
pieces,1
subject,1
neglecting,1
superiority,1
critical,1
influential,1
ruthlessness,1
corporation,1
affected,1
inside,1
slow,1
theories,1
appreciate,1
commit,1
approval,1
revolutionary,1
hubert,1
jungle,1
cut,1
untimely,1
published,1
unexceptional,1
western,1
cuba,1
mood,1
submission,1
inwardly,1
unique,1
unwilling,1
collections,1
being,1
detailed,1
totally,1
foreordained,1
assumptions,1
armed,1
determining,1
began,1
worse,1
polls,1
tactician,1
pushed,1
pacification,1
lawrence,1
lives,1
opposition,1
importantly,1
homesickness,1
case,1
boy,1
similar,1
village,1
remaining,1
initially,1
certain,1
police,1
area,1
variety,1
pressured,1
needed,1
misjudgments,1
balanced,1
strange,1
dinh,1
directorate,1
witness,1
walt,1
agency,1
southeast,1
deputy,1
larry,1
norton,1
adventure,1
earl,1
impressed,1
hope,1
join,1
augmented,1
xxx,1
marginal,1
reverentially,1
second,1
library,1
respect,1
scholarship,1
risks,1
approaches,1
edited,1
motivation,1
victor,1
centuries,1
violence,1
fascinating,1
elder,1
undivided,1
missile,1
refusing,1
push,1
treated,1
twenty,1
escape,1
rules,1
struggle,1
win,1
advanced,1
appendixes,1
pessimism,1
genius,1
dean,1
fought,1
lyndon,1
marines,1
readily,1
meant,1
anguish,1
realities,1
issue,1
gain,1
trace,1
moved,1
varied,1
structure,1
detail,1
selective,1
arms,1
protect,1
circumscribed,1
assistant,1
allies,1
puzzle,1
defense,1
predicting,1
slipperiness,1
found,1
participants,1
wars,1
davidson,1
seeks,1
quick,1
branch,1
then,1
informal,1
rejecting,1
vietminh,1
director,1
resisting,1
judgments,1
harold,1
material,1
days,1
growing,1
defiant,1
walking,1
senior,1
completion,1
sharply,1
humphrey,1
mirage,1
gradually,1
track,1
series,1
conclusion,1
communists,1
source,1
chief,1
filled,1
argued,1
listed,1
someday,1
pentagon,1
daily,1
khmer,1
turning,1
must,1
formidable,1
department,1
experience,1
initiative,1
quotations,1
saigon,1
accounts,1
accumulation,1
increasingly,1
selfcontrol,1
wnat,1
continues,1
fawcett,1
arguing,1
uninterested,1
percent,1
sketch,1
considers,1
intensify,1
eightieth,1
winding,1
useful,1
cream,1
generally,1
obstacles,1
fulbright,1
supported,1
reserving,1
cost,1
outbreak,1
rightness,1
superior,1
narrowly,1
rice,1
few,1
organizations,1
resolution,1
leader,1
blood,1
decisive,1
symbol,1
complained,1
puts,1
inflicting,1
organizational,1
production,1
french,1
sustained,1
flashbacks,1
warrior,1
acquiring,1
interrogations,1
greatness,1
set,1
dominant,1
reticence,1
m,1
evidence,1
important,1
passed,1
quickly,1
highly,1
know,1
motivations,1
trained,1
decades,1
others,1
ran,1
death,1
elusive,1
anywhere,1
chairman,1
refused,1
worked,1
primarily,1
control,1
beguiling,1
impressive,1
epilogue,1
intellect,1
union,1
added,1
harsh,1
endurance,1
cadres,1
j,1
raw,1
officials,1
perceptive,1
expressed,1
idealism,1
lacked,1
faulty,1
specialized,1
true,1
television,1
handling,1
incomplete,1
based,1
inaction,1
naive,1
lack,1
shaped,1
occurred,1
consideration,1
extent,1
fourteen,1
treatment,1
canny,1
believe,1
distance,1
gone,1
certainty,1
conduct,1
funnel,1
xii,1
endless,1
pressure,1
breaking,1
together,1
accompanied,1
listened,1
prepared,1
pushing,1
argue,1
begun,1
ambition,1
reasons,1
match,1
intimidated,1
sanh,1
sure,1
witnesses,1
domestic,1
attempting,1
adequate,1
demonstrations,1
drifted,1
dienbienphu,1
pressed,1
provoke,1
inevitably,1
seven,1
reasoning,1
grave,1
particularly,1
geopolitical,1
losses,1
become,1
cells,1
transferred,1
xiii,1
prepare,1
obviously,1
flying,1
curiosity,1
austin,1
misjudged,1
events,1
statistical,1
debates,1
impatient,1
near,1
misled,1
crumbled,1
bombing,1
real,1
historical,1
reckoned,1
review,1
analyst,1
defensive,1
consummate,1
believer,1
vt,1
berlin,1
vo,1
minister,1
passionate,1
assessment,1
course,1
archival,1
wonder,1
puzzling,1
table,1
places,1
revered,1
took,1
terrible,1
believed,1
breadth,1
do,1
likelihood,1
learn,1
primitive,1
leaving,1
unassailed,1
journalists,1
remarkable,1
overestimating,1
day,1
stalemate,1
china,1
conventional,1
rapid,1
where,1
what,1
closeness,1
recollections,1
fuller,1
engagements,1
soviet,1
careless,1
tries,1
province,1
accepted,1
abusing,1
traces,1
meticulous,1
politico,1
inc,1
less,1
intensity,1
tell,1
making,1
promise,1
suffered,1
deliberations,1
consolation,1
side,1
revolt,1
manipulator,1
technology,1
sappers,1
placed,1
focusing,1
xvii,1
medical,1
xix,1
xiv,1
armies,1
manuscripts,1
discredited,1
casualties,1
once,1
nguyen,1
wrong,1
recognizes,1
poring,1
bank,1
burdened,1
debate,1
controversy,1
problem,1
catches,1
unfold,1
task,1
unaware,1
died,1
kearns,1
apt,1
her,1
marcelle,1
hopkins,1
sought,1
governing,1
remarkably,1
libel,1
realize,1
brilliant,1
studying,1
aspects,1
gestures,1
larger,1
confronts,1
birthday,1
fight,1
argues,1
mythology,1
local,1
having,1
don,1
opened,1
felt,1
imprisoned,1
trial,1
some,1
possible,1
reorganization,1
future,1
private,1
retaining,1
compelling,1
understanding,1
effectively,1
diverse,1
literature,1
vast,1
miscalculations,1
admits,1
international,1
middle,1
kansas,1
drive,1
abroad,1
scope,1
establishing,1
infrequent,1
fearful,1
powers,1
xi,1
easier,1
boston,1
discovery,1
binh,1
insight,1
cadre,1
exception,1
occasionally,1
preferred,1
harlan,1
preferring,1
circumstances,1
measuring,1
careful,1
reveal,1
urgings,1
determined,1
documentary,1
pain,1
restless,1
combination,1
cameras,1
role,1
transformed,1
charging,1
maneuvered,1
arouse,1
treating,1
discusses,1
resignation,1
despite,1
comrade,1
realizes,1
berman,1
prospect,1
apparent,1
inevitability,1
denial,1
secret,1
dazzling,1
supplies,1
circle,1
penetrating,1
judgment,1
expand,1
excessive,1
feared,1
tried,1
stemmed,1
lies,1
returning,1
endures,1
minimum,1
context,1
mansfield,1
beneath,1
asian,1
confronted,1
year,1
ball,1
food,1
generals,1
pow,1
gave,1
warfare,1
fit,1
operate,1
indoctrination,1
virtually,1
duration,1
policies,1
rand,1
make,1
allowed,1
vc,1
resourceful,1
memories,1
battle,1
challenges,1
contains,1
congress,1
maintained,1
keep,1
succeed,1
extraordinarily,1
writing,1
goals,1
elite,1
voyage,1
coming,1
evolution,1
business,1
prolong,1
million,1
announcing,1
contrasts,1
protected,1
throughout,1
khe,1
concealment,1
away,1
office,1
rise,1
glimpses,1
preparations,1
stayed,1
complicated,1
believes,1
optimistic,1
charges,1
sight,1
rouge,1
publicly,1
tradition,1
reassess,1
doris,1
weaving,1
carefully,1
explained,1
ability,1
insurmountable,1
shrewd,1
pound,1
unable,1
frustration,1
dynamics,1
prestige,1
difference,1
foes,1
miss,1
righteousness,1
underestimating,1
challenging,1
outcome,1
misgivings,1
distracted,1
moral,1
hidden,1
sacrifice,1
authors,1
welcomed,1
victory,1
personalities,1
write,1
orthodoxies,1
grant,1
avoided,1
defected,1
monitored,1
points,1
remorse,1
doctrine,1
macv,1
just,1
good,1
change,1
never,1
august,1
ended,1
move,1
solution,1
frantic,1
decided,1
liberation,1
closing,1
raises,1
fortifications,1
newly,1
successful,1
statesman,1
sheer,1
critics,1
difficulty,1
hard,1
unwillingness,1
works,1
ready,1
cold,1
paucity,1
contact,1
revolution,1
chose,1
media,1
stage,1
phone,1
february,1
thoughtful,1
stages,1
crafted,1
easter,1
defiance,1
kind,1
defined,1
off,1
estimates,1
wouldn,1
uncounted,1
phrase,1
quite,1
cases,1
mixed,1
settlement,1
valid,1
thomas,1
bigger,1
mike,1
opposites,1
men,1
spent,1
small,1
artificial,1
worried,1
times,1
royalton,1
document,1
deepened,1
falsified,1
portrait,1
sanctuary,1
secretaries,1
favored,1
dissent,1
especially,1
consensus,1
outside,1
defectors,1
somehow,1
wider,1
architect,1
reassessed,1
systems,1
revealing,1
trying,1
elaborate,1
eyes,1
beautifully,1
honesty,1
six,1
colorful,1
extraordinary,1
young,1
defeating,1
served,1
paradox,1
peak,1
bobbing,1
convey,1
dutchman,1
c,1
diplomatic,1
texas,1
consisted,1
xvi,1
biographer,1
potent,1
standards,1
inadequately,1
resilient,1
agrees,1
like,1
january,1
containment,1
tip,1
views,1
explore,1
equipment,1
exclusively,1
working,1
obscure,1
mix,1
slightest,1
restrain,1
reasoned,1
focus,1
critique,1
figures,1
passions,1
saw,1
technological,1
looms,1
crises,1
deeply,1
recent,1
achieves,1
training,1
crumble,1
value,1
broader,1
devise,1
waging,1
asked,1
built,1
attention,1
settle,1
disturbing,1
compromise,1
choice,1
massive,1
concluded,1
digging,1
chip,1
dominance,1
top,1
decision,1
commanders,1
wheeler,1
tormented,1
