WORDCOUNTS,WEIGHT
the,145
and,78
of,74
to,52
in,51
a,43
as,26
p,25
i,24
that,23
for,23
s,21
anarchist,19
his,18
is,18
from,17
an,16
he,15
it,14
avrich,14
history,13
scare,12
red,12
not,12
was,12
voices,12
on,11
they,11
be,11
at,10
most,10
its,10
movement,9
by,9
these,9
memory,9
have,9
their,8
american,8
lives,8
fariello,8
anarchism,8
may,7
testimony,7
but,7
oral,7
all,7
public,7
years,7
than,7
who,6
with,6
only,6
political,6
has,6
people,6
this,6
left,6
even,6
if,5
lost,5
or,5
more,5
book,5
her,5
what,5
blacklisted,5
interviews,5
our,5
personal,5
subjects,5
biel,5
when,5
through,5
frank,4
pp,4
into,4
t,4
many,4
are,4
lived,4
them,4
out,4
some,4
both,4
labor,4
anarchists,4
which,4
would,4
you,4
back,4
decision,4
now,3
york,3
no,3
rather,3
l,3
how,3
college,3
whatever,3
recognize,3
one,3
witness,3
mother,3
under,3
university,3
committee,3
any,3
had,3
comes,3
einhorn,3
paul,3
over,3
shows,3
reach,3
histories,3
really,3
new,3
vanzetti,3
historical,3
there,3
state,3
those,3
war,3
reviews,3
see,3
books,3
sacco,3
work,3
son,3
calls,3
press,3
human,3
were,3
students,3
reverse,3
won,3
so,3
schools,3
after,3
speak,3
spanish,3
up,3
much,3
saw,3
we,3
notes,3
courts,2
rights,2
healey,2
americans,2
protecting,2
way,2
george,2
concerned,2
individuals,2
later,2
been,2
five,2
recalls,2
wrote,2
service,2
return,2
kind,2
introductions,2
broad,2
says,2
rescue,2
legendary,2
humanity,2
shit,2
shaftel,2
about,2
robin,2
united,2
hope,2
scholarship,2
jack,2
yet,2
itself,2
security,2
makes,2
read,2
dana,2
announces,2
index,2
eventually,2
smith,2
familiar,2
persecution,2
culture,2
same,2
teaching,2
princeton,2
narratives,2
provo,2
department,2
experience,2
eisenberg,2
defeat,2
long,2
griffin,2
resistance,2
puts,2
also,2
injustice,2
other,2
sections,2
power,2
evidence,2
important,2
know,2
again,2
others,2
view,2
j,2
historiography,2
steven,2
december,2
stories,2
remarks,2
believe,2
gone,2
could,2
scholars,2
did,2
xii,2
disillusionment,2
reasons,2
government,2
john,2
generalizations,2
end,2
audience,2
better,2
never,2
studies,2
cultural,2
dorothy,2
until,2
want,2
goldman,2
emma,2
takes,2
lets,2
however,2
covers,2
act,2
historians,2
while,2
colonies,2
information,2
having,2
don,2
hear,2
mccarthyism,2
lipsitz,2
boston,2
bibliography,2
start,2
purges,2
story,2
example,2
civil,2
himself,2
whole,2
seek,2
diversity,2
queens,2
ethnic,2
whiggism,2
first,2
come,2
named,2
tell,2
reveals,2
inevitable,2
clear,2
moral,2
finally,2
good,2
individual,2
d,2
jr,2
revolution,2
states,2
phone,2
posterity,2
small,2
faith,2
especially,2
lyn,2
disaster,2
research,2
labadie,2
occasions,2
fighting,2
extent,2
re,2
world,2
value,2
am,2
battles,2
appeal,1
ranging,1
south,1
miller,1
difficult,1
horror,1
aim,1
suggest,1
seventh,1
go,1
does,1
principled,1
poor,1
linus,1
nofziger,1
film,1
wishful,1
subcommittee,1
high,1
currently,1
o,1
situation,1
transforming,1
agonizes,1
whose,1
along,1
m,1
exacts,1
mexico,1
reagan,1
window,1
russian,1
practices,1
factory,1
victimhood,1
pleaded,1
common,1
strike,1
independent,1
heroic,1
science,1
protests,1
within,1
earth,1
names,1
groups,1
across,1
movingly,1
defy,1
broadest,1
created,1
remain,1
program,1
abject,1
insuring,1
talks,1
agonizing,1
rainbow,1
limited,1
organizing,1
dangers,1
successes,1
intended,1
deserve,1
celebration,1
class,1
harassment,1
worthy,1
myself,1
becomes,1
classrooms,1
army,1
alone,1
seen,1
sect,1
still,1
harry,1
abstraction,1
brilliantly,1
make,1
bill,1
berlin,1
persistent,1
recalled,1
archivist,1
passing,1
went,1
b,1
brand,1
center,1
fueling,1
discover,1
terms,1
acquaintances,1
agendas,1
eroded,1
life,1
pages,1
confronted,1
revelation,1
often,1
diplomatic,1
illustrations,1
echoed,1
distant,1
norton,1
carpenter,1
brewster,1
exists,1
get,1
reason,1
donated,1
category,1
devotedly,1
articles,1
presidents,1
appendixes,1
thought,1
confessed,1
serve,1
bad,1
soon,1
joseph,1
mission,1
council,1
ring,1
boris,1
freedom,1
preservationist,1
fought,1
laurance,1
casualties,1
fifth,1
oscar,1
populate,1
nobler,1
objects,1
us,1
position,1
comrades,1
capitalism,1
barest,1
discouraged,1
completing,1
underestimate,1
tn,1
organized,1
victories,1
unambiguously,1
punished,1
otherwise,1
planned,1
resiliency,1
then,1
jews,1
instance,1
before,1
section,1
canoe,1
professor,1
expansive,1
days,1
performed,1
deportation,1
habitual,1
declares,1
seeger,1
variety,1
strangely,1
russians,1
indictment,1
pioneers,1
without,1
unmitigated,1
nonscholarly,1
complexes,1
journalism,1
simply,1
toronto,1
anonymously,1
ever,1
she,1
uprising,1
stewart,1
warns,1
powerful,1
revenge,1
known,1
colloquy,1
resister,1
weavers,1
truman,1
picture,1
sketch,1
withdrawn,1
ll,1
volume,1
claims,1
sources,1
enforcer,1
hounds,1
always,1
imprisonment,1
bartolomeo,1
ways,1
tarloff,1
french,1
exhaustive,1
chronicles,1
dominant,1
challenge,1
helped,1
cover,1
give,1
illegally,1
testify,1
detroit,1
toward,1
composer,1
admirable,1
social,1
dimension,1
ended,1
elusive,1
terrain,1
kennedys,1
fluid,1
celtics,1
worked,1
bortolotti,1
bearing,1
inquisition,1
vendettas,1
printer,1
working,1
hiss,1
greater,1
hours,1
seems,1
dentist,1
switzerland,1
finest,1
words,1
my,1
worth,1
whom,1
idea,1
enrico,1
broadcaster,1
denenberg,1
nineties,1
down,1
pressure,1
appearance,1
striking,1
fortunes,1
found,1
timte,1
entered,1
argue,1
begun,1
teacher,1
task,1
astonishingly,1
sure,1
succeeds,1
captures,1
six,1
uninitiated,1
rich,1
fullest,1
pretense,1
time,1
children,1
achievement,1
might,1
particularly,1
become,1
job,1
intellectuals,1
xiii,1
school,1
thinking,1
very,1
chilling,1
freedomways,1
emphatically,1
getting,1
worker,1
number,1
narrowed,1
take,1
niche,1
dull,1
presenting,1
harvey,1
man,1
past,1
great,1
observes,1
vitality,1
success,1
works,1
mustered,1
fear,1
honor,1
senate,1
last,1
asks,1
evident,1
academic,1
conclusions,1
hand,1
singlehandedly,1
lardner,1
respond,1
do,1
marine,1
everyday,1
performances,1
ground,1
irony,1
didn,1
remarkable,1
italians,1
scholarly,1
done,1
witch,1
ruined,1
career,1
syndicalists,1
where,1
recollections,1
szluk,1
johns,1
obscures,1
fantasies,1
amnesia,1
appears,1
recently,1
less,1
foot,1
ones,1
magazines,1
interstices,1
recount,1
younger,1
well,1
scholarships,1
can,1
deported,1
yelensky,1
colony,1
corps,1
pseudonym,1
resigned,1
explored,1
perhaps,1
magnificently,1
writes,1
trade,1
reports,1
struggling,1
pension,1
chronicled,1
triumph,1
money,1
gives,1
advice,1
gussie,1
complexity,1
hopkins,1
primary,1
bombings,1
free,1
destroyed,1
u,1
me,1
america,1
lena,1
adventurous,1
right,1
strikes,1
impact,1
discuss,1
failure,1
shape,1
birthday,1
defying,1
chapter,1
hunts,1
almost,1
warren,1
huac,1
italian,1
network,1
imprisoned,1
emphasis,1
possible,1
future,1
compelling,1
ethical,1
sordid,1
used,1
mutualists,1
counterweight,1
anecdotes,1
mohegan,1
wrenching,1
julius,1
detract,1
made,1
remember,1
pete,1
shaky,1
intends,1
crossed,1
careful,1
reader,1
sides,1
west,1
multiple,1
invited,1
fired,1
steve,1
stake,1
jeff,1
say,1
tenney,1
reflecting,1
documenting,1
including,1
regrets,1
productivity,1
explains,1
despite,1
revolutions,1
january,1
knowledge,1
arrigoni,1
role,1
nation,1
vilna,1
beloved,1
undoubtedly,1
supreme,1
giving,1
mosaic,1
gender,1
edgar,1
filling,1
tried,1
poignant,1
got,1
eighties,1
unrecorded,1
significant,1
loss,1
combining,1
impulses,1
kun,1
arthur,1
collection,1
place,1
arguments,1
merchant,1
forty,1
describes,1
badge,1
memories,1
collective,1
unheroic,1
exceptionally,1
johann,1
harvard,1
extraordinarily,1
aide,1
consumer,1
participated,1
business,1
spartacus,1
like,1
nothing,1
disillusioned,1
frances,1
amendment,1
throughout,1
full,1
legal,1
previous,1
producer,1
keynote,1
psychologist,1
screenwriter,1
fred,1
california,1
believes,1
shlakman,1
idealism,1
courage,1
internal,1
radicalism,1
recording,1
inclusiveness,1
spectrum,1
editor,1
sclc,1
unions,1
corey,1
own,1
challenging,1
initiated,1
amendments,1
three,1
against,1
bibliographies,1
requested,1
nixon,1
write,1
author,1
points,1
raksin,1
defender,1
motives,1
told,1
victory,1
peter,1
interest,1
urge,1
becoming,1
forgotten,1
bookstores,1
johnny,1
course,1
joined,1
general,1
least,1
david,1
bricklayer,1
hoover,1
salt,1
sense,1
demonology,1
housepainter,1
dense,1
collaboration,1
hard,1
conducted,1
period,1
seltzer,1
belongs,1
specialists,1
irrevocable,1
operator,1
living,1
product,1
him,1
victims,1
things,1
features,1
roofing,1
century,1
serves,1
senator,1
already,1
doing,1
enclaves,1
defiance,1
colleagues,1
complicate,1
kept,1
indisputably,1
pacifists,1
jarrico,1
dell,1
villainous,1
quite,1
nelson,1
ignorance,1
remains,1
old,1
veteran,1
explicitly,1
survivors,1
immigrants,1
illuminates,1
why,1
contingency,1
communists,1
several,1
inform,1
frustrating,1
influence,1
apologize,1
beyond,1
specific,1
charles,1
enough,1
wider,1
replace,1
thing,1
hellerman,1
between,1
jobs,1
imprecise,1
lectures,1
newspapers,1
determination,1
eloquent,1
hungarian,1
certainly,1
matusow,1
young,1
forgiven,1
invaluable,1
themselves,1
convey,1
decline,1
let,1
played,1
part,1
deserter,1
midnight,1
witnessed,1
negotiate,1
humor,1
despair,1
coast,1
obligation,1
era,1
seattle,1
individualists,1
professional,1
find,1
stereotypes,1
structure,1
listened,1
lathe,1
progress,1
kropotkin,1
student,1
hollywood,1
little,1
italy,1
forgettery,1
purchasing,1
attilio,1
because,1
preserving,1
acts,1
picnics,1
collectivists,1
sweep,1
think,1
fbi,1
need,1
tendency,1
irrevocably,1
here,1
tapping,1
persuasions,1
alger,1
famous,1
ccny,1
responsibility,1
reflected,1
overdetermined,1
chinese,1
middle,1
ago,1
alternative,1
productive,1
generation,1
bela,1
fourteenth,1
generational,1
aggregate,1
draft,1
westchester,1
court,1
activities,1
rauh,1
paranoid,1
actor,1
society,1
god,1
titanic,1
china,1
apology,1
