WORDCOUNTS,WEIGHT
the,243
of,125
and,85
in,84
to,72
a,55
s,37
new,36
that,32
england,29
baptists,27
this,26
american,25
religious,25
for,25
on,24
is,23
awakening,23
by,21
church,21
with,19
was,19
from,19
p,19
great,17
liberty,16
pestana,16
methodism,15
mcloughlin,15
were,15
baptist,14
revolution,14
early,14
not,13
their,12
first,12
as,12
quakers,12
crawford,12
had,11
these,11
more,11
he,10
revival,10
dissenting,10
or,10
establishment,10
an,10
much,10
language,10
richey,10
his,9
evangelical,9
at,8
tradition,8
puritan,8
religion,8
america,8
its,8
sect,7
they,7
pp,7
university,7
history,7
mind,7
development,7
dissent,7
between,7
miller,6
how,6
us,6
into,6
methodist,6
culture,6
most,6
origins,6
important,6
state,6
while,6
understanding,6
heimert,6
popular,6
both,6
through,6
press,6
grossbart,6
dissenters,6
be,6
may,5
it,5
no,5
analysis,5
about,5
struggle,5
methodists,5
but,5
also,5
many,5
revivals,5
reform,5
radical,5
chesapeake,5
political,5
work,5
boston,5
became,5
transition,5
than,5
century,5
appeal,4
she,4
anglican,4
doctrine,4
denomination,4
conversion,4
second,4
index,4
same,4
colonial,4
democratic,4
t,4
beliefs,4
differences,4
far,4
there,4
though,4
reviews,4
less,4
british,4
issue,4
made,4
thus,4
our,4
finally,4
study,4
massachusetts,4
when,4
even,4
focus,4
we,4
notes,4
traditions,4
does,3
christian,3
o,3
been,3
december,3
evangelicalism,3
process,3
who,3
contribution,3
one,3
interpretation,3
support,3
soul,3
understand,3
light,3
complete,3
ministers,3
only,3
calvinist,3
here,3
questions,3
established,3
other,3
groups,3
isaac,3
book,3
treatment,3
politics,3
striking,3
region,3
out,3
scotland,3
toleration,3
took,3
beginning,3
william,3
context,3
books,3
has,3
her,3
kelly,3
well,3
some,3
emphasis,3
doctrinal,3
point,3
two,3
role,3
throughout,3
which,3
question,3
theme,3
argues,3
since,3
have,3
although,3
would,3
need,3
so,3
meeting,3
takes,3
grace,3
general,3
growth,3
society,3
revivalism,2
seems,2
difficult,2
themes,2
seasons,2
carla,2
york,2
perry,2
if,2
separation,2
developed,2
created,2
institution,2
struggled,2
revolutionary,2
e,2
lost,2
seen,2
began,2
standing,2
rapidly,2
movement,2
southern,2
hierarchical,2
essays,2
lay,2
frontier,2
english,2
yet,2
itself,2
changes,2
case,2
whitefield,2
clergy,2
under,2
decade,2
stephen,2
position,2
authorities,2
any,2
christianity,2
russell,2
nineteenth,2
ideology,2
called,2
preoccupation,2
orientation,2
four,2
mention,2
consistent,2
social,2
arminian,2
volume,2
long,2
quakerism,2
set,2
flow,2
attempts,2
butler,2
tax,2
view,2
over,2
emerged,2
each,2
tremendous,2
greater,2
j,2
episcopal,2
republican,2
historiography,2
communal,2
shaped,2
seem,2
theology,2
best,2
found,2
preaching,2
essence,2
puritanism,2
effort,2
time,2
demands,2
gardina,2
full,2
contends,2
evangelism,2
rhetoric,2
further,2
stand,2
do,2
what,2
whether,2
michael,2
pietists,2
particular,2
groundwork,2
can,2
however,2
xiv,2
style,2
structure,2
gives,2
sects,2
emphasizing,2
suggests,2
r,2
salem,2
egalitarian,2
success,2
eighteenth,2
community,2
sectarians,2
forces,2
virtually,2
make,2
challenges,2
people,2
aspect,2
evolution,2
doctrines,2
denominational,2
review,2
reverse,2
conditions,2
shortcomings,2
institutional,2
g,2
points,2
eve,2
correct,2
building,2
spread,2
shaping,2
congregational,2
affairs,2
contrast,2
after,2
disestablishment,2
provides,2
event,2
nor,2
faith,2
bishops,2
back,2
characteristics,2
response,2
research,2
third,2
individualistic,2
churches,2
hindrance,2
like,2
denominations,2
orthodox,2
up,2
little,2
strong,2
among,2
emphasize,2
major,2
examines,2
god,2
phenomenons,1
fails,1
final,1
carried,1
needed,1
threatened,1
outside,1
provoking,1
now,1
awash,1
hatch,1
inward,1
profoundly,1
relationship,1
cornell,1
transform,1
sons,1
nation,1
town,1
myth,1
doubts,1
officials,1
german,1
minor,1
played,1
raise,1
limits,1
without,1
way,1
fairly,1
act,1
george,1
provide,1
protests,1
will,1
later,1
bring,1
crucial,1
within,1
economic,1
anabaptism,1
sentences,1
imagery,1
vision,1
prorevival,1
remain,1
commitment,1
ready,1
deacons,1
aggressive,1
adapt,1
battle,1
again,1
influential,1
criticized,1
explicit,1
schism,1
heresy,1
borrowing,1
perfection,1
concerns,1
institutions,1
flair,1
hats,1
riddled,1
sharpened,1
attempt,1
laity,1
affinity,1
preach,1
still,1
goes,1
judgment,1
spurred,1
necessary,1
stands,1
force,1
risk,1
notably,1
pushed,1
saints,1
ties,1
connecticut,1
lasted,1
wake,1
connect,1
similar,1
scottish,1
transformation,1
importance,1
inadequate,1
renewal,1
generally,1
emerges,1
quaker,1
unfamiliar,1
dissented,1
easily,1
owed,1
dialogue,1
studies,1
qualms,1
illegal,1
reconsider,1
structural,1
rethink,1
often,1
calvinists,1
unusual,1
single,1
offering,1
puritans,1
laying,1
hope,1
banishment,1
repression,1
surrogate,1
oxford,1
hey,1
moreover,1
patriarchalism,1
uniquely,1
constitutes,1
h,1
thought,1
elder,1
means,1
examine,1
face,1
twenty,1
jonathan,1
favor,1
worlds,1
compilation,1
appendixes,1
country,1
hardly,1
conscious,1
monumental,1
soon,1
incidentally,1
wanted,1
former,1
considered,1
tensions,1
missionaries,1
challenged,1
official,1
key,1
western,1
arguments,1
reflects,1
languages,1
sociological,1
evolved,1
emergence,1
then,1
seeking,1
before,1
quirky,1
days,1
abandon,1
n,1
traces,1
mary,1
arguing,1
glorious,1
experiment,1
changing,1
too,1
democratization,1
largest,1
xi,1
must,1
department,1
experience,1
demonstrate,1
hundredth,1
increasingly,1
max,1
redefines,1
rise,1
powerful,1
voluntarism,1
such,1
sometimes,1
inconsistencies,1
beyond,1
jon,1
useful,1
constructed,1
humble,1
echoes,1
spiritual,1
hence,1
chronicling,1
every,1
juster,1
always,1
requires,1
glimpse,1
terminology,1
sided,1
proposals,1
fertile,1
offers,1
movements,1
shifted,1
law,1
dominant,1
liberally,1
helped,1
power,1
mark,1
faced,1
decades,1
others,1
appalled,1
edwards,1
death,1
undertook,1
appear,1
satisfy,1
banished,1
intellectual,1
authority,1
shook,1
nationalistic,1
control,1
all,1
demographic,1
americanization,1
bloomington,1
moving,1
efforts,1
reevaluation,1
acquiescent,1
xiii,1
dramatically,1
engaged,1
divines,1
incomplete,1
attribute,1
shows,1
company,1
longer,1
recurring,1
focuses,1
aftermath,1
opposition,1
height,1
fundamental,1
did,1
xii,1
pragmatic,1
down,1
wesley,1
assertion,1
slowly,1
appendix,1
together,1
tours,1
munity,1
half,1
nathan,1
typical,1
flawed,1
confirming,1
timing,1
histories,1
nonconformists,1
choice,1
viii,1
origin,1
eventually,1
carrying,1
years,1
follows,1
secularized,1
studied,1
clear,1
relation,1
clearly,1
shared,1
doff,1
wholly,1
closer,1
john,1
generalizations,1
sustaining,1
events,1
launched,1
court,1
complaints,1
resulting,1
take,1
emerge,1
nationalism,1
awakenings,1
alignment,1
subsequent,1
prospects,1
backtrack,1
struggles,1
entertained,1
embrace,1
representative,1
appeared,1
assessment,1
elders,1
last,1
merely,1
forms,1
places,1
patterns,1
outbursts,1
hand,1
camp,1
following,1
insistent,1
just,1
those,1
ground,1
consciences,1
equal,1
wales,1
realities,1
successes,1
shown,1
attain,1
hostility,1
johns,1
backus,1
are,1
nationally,1
unique,1
seventeenth,1
them,1
similarities,1
terms,1
produced,1
own,1
system,1
suffered,1
vivid,1
colony,1
focusing,1
maintain,1
anniversary,1
despite,1
forthcoming,1
tension,1
parted,1
kind,1
explain,1
belief,1
obstruction,1
silenced,1
tolerant,1
enjoyed,1
unifying,1
ignoring,1
imperial,1
scattered,1
historians,1
public,1
fundamentals,1
streets,1
hopkins,1
imitators,1
free,1
female,1
revises,1
hall,1
right,1
thoroughly,1
rejected,1
break,1
undermined,1
stance,1
number,1
shape,1
xix,1
taxes,1
conversionist,1
classical,1
fight,1
colonies,1
minded,1
chapter,1
property,1
overarching,1
potential,1
local,1
published,1
able,1
group,1
meetings,1
foxonian,1
felt,1
pietist,1
pietest,1
relief,1
used,1
admission,1
coherent,1
indiana,1
implement,1
evangelists,1
rendered,1
bibliography,1
explanation,1
naked,1
founded,1
virginia,1
women,1
james,1
enthusiastic,1
prominent,1
invited,1
alien,1
christianizing,1
part,1
analyzes,1
very,1
introduced,1
sea,1
distinctly,1
interaction,1
example,1
clerical,1
sent,1
delinquent,1
content,1
calls,1
indigenous,1
along,1
confirms,1
easy,1
opportunity,1
gender,1
wonder,1
tried,1
findings,1
converts,1
patriots,1
sufficient,1
retaining,1
went,1
forged,1
significant,1
confronted,1
year,1
use,1
misinterpreted,1
unfortunately,1
tracing,1
lights,1
older,1
obtain,1
overtones,1
souls,1
during,1
place,1
protestants,1
behavior,1
factor,1
praise,1
mainstream,1
demonstrates,1
refusing,1
issues,1
comprehensible,1
harvard,1
wilderness,1
catalyst,1
underscored,1
closes,1
gendering,1
build,1
central,1
maturation,1
especially,1
nothing,1
examination,1
constitutive,1
amendment,1
national,1
spends,1
proliferation,1
sees,1
fold,1
regional,1
piety,1
pedobaptism,1
pennsylvania,1
ultimately,1
tell,1
models,1
conducive,1
erased,1
argument,1
alan,1
acknowledged,1
open,1
significance,1
cambridge,1
hands,1
patriarchy,1
illustrates,1
eastern,1
finding,1
overlooks,1
exaggerates,1
habit,1
author,1
agreement,1
subtle,1
dominated,1
divine,1
interest,1
publicized,1
preceded,1
sat,1
ease,1
parallels,1
course,1
mixed,1
individual,1
relations,1
instead,1
david,1
lively,1
protestantism,1
organized,1
sense,1
touches,1
external,1
caused,1
d,1
revised,1
tied,1
confiscated,1
effectively,1
susan,1
respects,1
aroused,1
fostered,1
countered,1
individualism,1
waged,1
congregationalists,1
ernst,1
errand,1
worldly,1
colleagues,1
order,1
defined,1
get,1
attempted,1
area,1
wesleyan,1
walking,1
contributions,1
old,1
around,1
morals,1
small,1
pathbreaking,1
bay,1
painlessly,1
selection,1
jailed,1
concerning,1
replacing,1
woo,1
altered,1
internal,1
highly,1
defied,1
pioneering,1
executed,1
ser,1
presence,1
fourth,1
dramatic,1
integrated,1
presbyterians,1
narrow,1
emphasized,1
interpretations,1
weber,1
rhys,1
scholarship,1
effect,1
reached,1
era,1
find,1
occasions,1
disrupting,1
sinners,1
including,1
substantial,1
rhetorical,1
worship,1
ingredient,1
look,1
appealing,1
communalism,1
using,1
ignores,1
troeltsch,1
saw,1
engaging,1
americanized,1
florida,1
quarterly,1
should,1
hanover,1
finds,1
doing,1
exemption,1
ca,1
immense,1
attention,1
influence,1
decay,1
contradictions,1
brown,1
casts,1
increase,1
notion,1
sparking,1
