WORDCOUNTS,WEIGHT
the,152
of,107
and,74
a,60
in,57
his,56
to,55
s,47
neumann,42
he,41
von,41
on,34
as,32
for,32
was,30
feynman,26
with,21
it,20
is,19
macrae,18
this,16
one,14
more,14
had,14
not,12
at,11
that,11
after,11
los,10
alamos,10
an,10
him,10
american,9
bomb,9
into,8
from,8
by,8
new,8
war,8
work,8
book,7
life,7
but,7
view,7
all,7
have,7
be,7
scientific,6
who,6
their,6
or,6
history,6
scientists,6
great,6
p,6
what,6
well,6
say,6
its,6
were,6
gleick,6
way,5
science,5
how,5
these,5
two,5
out,5
theory,5
mathematics,5
u,5
some,5
would,5
if,4
you,4
career,4
computing,4
why,4
fall,4
genius,4
most,4
only,4
problems,4
been,4
other,4
time,4
john,4
where,4
behind,4
perhaps,4
economics,4
when,4
made,4
story,4
himself,4
during,4
anecdotes,4
eden,4
which,4
years,4
physicists,4
physics,4
carson,4
including,4
than,4
so,4
york,3
today,3
no,3
indeed,3
they,3
about,3
alongside,3
implosion,3
same,3
experience,3
also,3
heims,3
power,3
death,3
put,3
worked,3
stories,3
europe,3
did,3
could,3
brilliance,3
quantum,3
i,3
present,3
reviews,3
them,3
era,3
has,3
matter,3
richard,3
mathematician,3
brought,3
point,3
computers,3
hydrogen,3
budapest,3
such,3
reputation,3
characteristic,3
although,3
doing,3
extraordinary,3
can,3
like,3
postwar,3
looked,3
generation,3
preventive,2
may,2
applications,2
coded,2
influential,2
continued,2
later,2
l,2
action,2
practical,2
service,2
mechanics,2
group,2
contributions,2
star,2
illustrations,2
once,2
biographer,2
sets,2
yet,2
ways,2
o,2
pp,2
mit,2
read,2
struggle,2
wanted,2
university,2
committee,2
index,2
included,2
before,2
shock,2
something,2
comes,2
planet,2
princeton,2
biography,2
department,2
ever,2
fact,2
first,2
either,2
brash,2
letters,2
interests,2
ulam,2
military,2
figure,2
toward,2
might,2
admiration,2
over,2
rational,2
many,2
pantheon,2
remembered,2
attribute,2
found,2
ph,2
agree,2
effort,2
government,2
atomic,2
far,2
personality,2
state,2
bombing,2
take,2
nuclear,2
ideally,2
men,2
took,2
cathryn,2
do,2
william,2
born,2
game,2
somewhat,2
intelligence,2
developing,2
are,2
less,2
larger,2
until,2
wartime,2
calculations,2
writes,2
books,2
earlier,2
because,2
almost,2
politics,2
father,2
disagree,2
recognition,2
x,2
through,2
collaborated,2
numerous,2
issues,2
people,2
waves,2
mathematical,2
sees,2
fun,2
described,2
own,2
approach,2
physicist,2
september,2
someone,2
computer,2
least,2
instead,2
include,2
deterrence,2
d,2
working,2
opinions,2
century,2
strategic,2
old,2
especially,2
systems,2
response,2
facility,2
left,2
clock,2
pure,2
james,2
norman,2
early,2
up,2
instance,2
world,2
among,2
tendency,2
notes,2
talent,2
admirably,1
seems,1
thathave,1
dealing,1
european,1
space,1
enough,1
will,1
age,1
battle,1
does,1
fifty,1
care,1
aspirations,1
undergraduate,1
led,1
interviewing,1
candid,1
recognized,1
situation,1
circle,1
ramifications,1
whose,1
child,1
deny,1
back,1
steady,1
played,1
advocate,1
air,1
due,1
without,1
identification,1
mesa,1
historically,1
warmonger,1
independent,1
act,1
declared,1
tomorrow,1
true,1
dilemma,1
patron,1
crucial,1
within,1
conjoined,1
performance,1
five,1
logically,1
unapologetically,1
charmed,1
hide,1
panels,1
delighted,1
facade,1
program,1
electrons,1
rough,1
sort,1
truth,1
breadth,1
unflattering,1
irrational,1
corporation,1
mindset,1
stumbling,1
afterwards,1
wiener,1
forward,1
ignocarson,1
recognizes,1
interlude,1
ordinary,1
address,1
notion,1
calculation,1
treat,1
e,1
success,1
sensitive,1
community,1
judgment,1
fever,1
force,1
began,1
returned,1
consultancies,1
expanded,1
got,1
pushed,1
saints,1
berlin,1
jiggle,1
germany,1
entirely,1
grew,1
large,1
oflife,1
explosion,1
utterly,1
touched,1
achievements,1
reception,1
makes,1
idolization,1
study,1
jews,1
whelk,1
fate,1
efficiency,1
analysis,1
spotlight,1
consequences,1
cheap,1
factors,1
result,1
picking,1
shuttle,1
education,1
disagrees,1
sympathies,1
h,1
deep,1
superpower,1
means,1
modern,1
accounts,1
itself,1
understand,1
treated,1
security,1
suited,1
desperately,1
studies,1
escape,1
advanced,1
steve,1
case,1
serve,1
sounds,1
presently,1
seeing,1
technology,1
under,1
freewheeling,1
considered,1
nobelist,1
axiomatic,1
policy,1
essential,1
pastime,1
mathematically,1
favorable,1
acquired,1
fenyman,1
intellectually,1
diagrams,1
title,1
ominous,1
earned,1
then,1
energy,1
any,1
conversely,1
aerial,1
section,1
judgments,1
elected,1
feels,1
growing,1
ussr,1
choices,1
worried,1
lessons,1
impulse,1
contemporaries,1
eager,1
pioneers,1
reasonably,1
materials,1
already,1
turning,1
circumstances,1
unmitigated,1
orientation,1
founded,1
oppressive,1
begins,1
ask,1
noted,1
common,1
assimilated,1
confounding,1
origins,1
stalin,1
inferiority,1
lot,1
highschool,1
uninterested,1
outskirts,1
optimism,1
fill,1
failing,1
anyone,1
every,1
rather,1
commission,1
hardboiled,1
leader,1
western,1
connection,1
norbert,1
precocious,1
paragon,1
matured,1
pursuits,1
exhaustive,1
alternative,1
bombs,1
prisoner,1
anticommunist,1
drift,1
rockaway,1
mocking,1
implications,1
forty,1
exemplar,1
mark,1
concentrated,1
trained,1
others,1
corridors,1
humans,1
similarly,1
intellectual,1
refused,1
control,1
projects,1
readily,1
j,1
opening,1
scientist,1
dismisses,1
troubling,1
arrived,1
usefulness,1
tuberculosis,1
einstein,1
practicality,1
nobility,1
based,1
naive,1
longer,1
submarine,1
wisecracking,1
gymnasium,1
ubiquitous,1
consideration,1
cool,1
attractive,1
allow,1
honesty,1
blocks,1
down,1
advantage,1
together,1
conservative,1
begun,1
appeared,1
match,1
regard,1
rance,1
ambitions,1
portrayal,1
potentially,1
equations,1
educated,1
explosives,1
follows,1
studied,1
classical,1
able,1
issue,1
never,1
clearly,1
cleanly,1
onto,1
events,1
end,1
dispassionate,1
everything,1
while,1
audience,1
real,1
venture,1
considerable,1
man,1
there,1
fields,1
consummate,1
serious,1
consciousness,1
neumannwas,1
simple,1
works,1
masters,1
last,1
merely,1
separated,1
belonged,1
person,1
turned,1
readers,1
gottingen,1
further,1
hand,1
aspray,1
banker,1
limited,1
beginning,1
mr,1
consulting,1
undeniable,1
robert,1
hebrought,1
remarkable,1
political,1
opposite,1
adventures,1
scholarly,1
focused,1
institute,1
pitch,1
reversion,1
captive,1
dropped,1
johns,1
demonize,1
investigation,1
canonized,1
combined,1
unique,1
subtexts,1
appears,1
whether,1
advisers,1
stan,1
celebrated,1
strategies,1
rising,1
applied,1
strategist,1
particular,1
interventions,1
vivid,1
material,1
outside,1
however,1
japan,1
uncannyphysical,1
conclusion,1
frightening,1
consultant,1
axiomatization,1
find,1
dying,1
leaving,1
problem,1
foundational,1
distance,1
struggled,1
formulation,1
style,1
public,1
jewish,1
ofa,1
triumph,1
structure,1
fully,1
hopkins,1
stunning,1
scene,1
heroes,1
day,1
brilliant,1
hitler,1
skillfully,1
dark,1
deal,1
awarded,1
texts,1
sanatorium,1
account,1
wonders,1
selectiveness,1
detractors,1
emphasis,1
possible,1
stall,1
marked,1
compelling,1
technologies,1
greatest,1
omissions,1
cooperation,1
activity,1
situated,1
electronic,1
extended,1
whom,1
belies,1
international,1
reaching,1
visionary,1
hilbert,1
particle,1
establishing,1
unseen,1
powers,1
computational,1
electrodynamics,1
bibliography,1
tool,1
chiefly,1
presented,1
obvious,1
son,1
must,1
regain,1
imagined,1
reader,1
classes,1
west,1
logical,1
mental,1
combination,1
part,1
desperate,1
intelligent,1
see,1
play,1
press,1
ballistics,1
role,1
elite,1
identity,1
positions,1
against,1
subject,1
contain,1
tried,1
grimmer,1
technical,1
often,1
returning,1
simply,1
formula,1
libelers,1
congeniality,1
whole,1
established,1
substance,1
plutonium,1
atvon,1
target,1
describe,1
fit,1
largely,1
neighborhood,1
rand,1
appointed,1
memories,1
queens,1
calculating,1
harvard,1
aims,1
expertise,1
prodigy,1
learned,1
gain,1
locks,1
helium,1
think,1
luxury,1
central,1
vividness,1
engaged,1
antitank,1
historical,1
come,1
saw,1
poundstone,1
radios,1
employed,1
surely,1
hubris,1
theoretical,1
youth,1
pattern,1
estimating,1
citing,1
defect,1
touch,1
albuquerque,1
militaristic,1
interested,1
visions,1
points,1
inevitable,1
clear,1
memoirs,1
glosses,1
since,1
unwelcome,1
dazzling,1
provoked,1
demanded,1
reality,1
twentieth,1
chemistry,1
relentless,1
bounds,1
national,1
publication,1
finally,1
accept,1
missile,1
bibliographies,1
mode,1
picture,1
detailed,1
logic,1
operator,1
tone,1
regarded,1
august,1
course,1
contributed,1
running,1
solution,1
general,1
david,1
correct,1
field,1
nucleons,1
period,1
computation,1
downplayed,1
contributor,1
guiding,1
ease,1
product,1
censors,1
high,1
mask,1
thoughtful,1
piece,1
lie,1
colleagues,1
off,1
joking,1
squarely,1
reaches,1
quite,1
came,1
provides,1
nuanced,1
involved,1
family,1
sweetheart,1
admirers,1
small,1
rollicking,1
oppenheimer,1
promotion,1
academic,1
arguably,1
strongly,1
few,1
endeavors,1
atavistic,1
remarking,1
written,1
wherevon,1
defensive,1
feelings,1
highest,1
humanistic,1
posture,1
disaster,1
holds,1
young,1
research,1
themselves,1
narrow,1
blunt,1
archival,1
weapons,1
liquid,1
single,1
effect,1
recovered,1
foremost,1
agrees,1
uncover,1
policymakers,1
fears,1
vide,1
intended,1
even,1
entire,1
given,1
dominance,1
welloff,1
those,1
look,1
successes,1
re,1
wife,1
focus,1
describes,1
minds,1
games,1
colleague,1
safes,1
enthusiasm,1
occupied,1
technological,1
credo,1
whenever,1
deeply,1
excise,1
detection,1
newly,1
naturalization,1
broader,1
provided,1
tinkered,1
built,1
function,1
attention,1
cultural,1
engrossing,1
stimulations,1
sophistication,1
sjohn,1
rationalizing,1
perception,1
behalf,1
seemed,1
susceptibilities,1
challenger,1
surprising,1
