WORDCOUNTS,WEIGHT
the,352
of,287
and,175
a,114
in,108
to,87
jewish,79
that,56
as,53
is,52
american,45
consumption,40
for,35
on,34
culture,32
joselit,32
was,30
with,30
from,30
mass,29
by,29
s,28
which,28
this,27
not,25
it,24
an,22
one,21
new,21
women,20
be,19
america,16
are,16
or,15
home,15
but,15
about,14
more,14
mitzvah,14
life,14
jews,13
their,13
religious,13
what,13
history,12
were,12
p,12
bar,12
cultural,11
book,11
domestic,11
into,10
other,10
there,10
most,10
these,10
made,10
been,10
between,10
among,10
heinze,9
items,9
had,9
books,9
elite,9
versus,9
analysis,9
have,9
than,8
how,8
because,8
family,8
also,8
judaism,8
would,8
within,8
did,8
her,8
at,7
products,7
such,7
has,7
immigrants,7
people,7
kosher,7
folk,7
interpretation,7
only,7
local,7
discussion,7
national,7
them,7
consumers,7
if,6
market,6
they,6
habits,6
tradition,6
point,6
interesting,6
emergence,6
sabbath,6
reviews,6
during,6
fascinating,6
social,6
many,6
do,6
see,6
identity,6
things,6
who,6
schmass,6
synagogue,6
traditional,6
much,6
way,5
modern,5
emerged,5
all,5
nature,5
advice,5
march,5
some,5
ritual,5
century,5
old,5
immigrant,5
however,5
aspects,5
its,5
bat,5
sense,5
when,5
society,5
forms,5
secular,5
values,5
ethnic,5
like,5
can,5
popular,5
both,5
through,5
phenomenon,5
world,5
jenna,5
focus,5
presents,4
being,4
out,4
wonders,4
central,4
consumer,4
may,4
york,4
rather,4
developed,4
interwar,4
impact,4
weissman,4
hospitals,4
standardized,4
appears,4
well,4
r,4
literature,4
leisure,4
reader,4
judaica,4
specifically,4
orthodox,4
scientific,4
forman,4
study,4
children,4
larger,4
another,4
questions,4
workers,4
relation,4
effect,4
abundance,4
she,4
meant,4
material,4
different,4
milk,4
reflected,4
historical,4
ones,4
while,4
question,4
argument,4
evidence,4
difficult,3
does,3
meaning,3
groups,3
significant,3
kashrut,3
might,3
holidays,3
context,3
case,3
very,3
cited,3
framework,3
andrew,3
kind,3
even,3
acculturation,3
no,3
levine,3
changes,3
too,3
notions,3
important,3
adapting,3
based,3
found,3
symbols,3
boys,3
tension,3
relatives,3
discusses,3
two,3
gender,3
rituals,3
focuses,3
celebrations,3
nachas,3
games,3
rabbi,3
subject,3
standardization,3
community,3
yiddish,3
rites,3
once,3
museum,3
pp,3
array,3
assimilation,3
industrial,3
decoration,3
fact,3
patterns,3
readers,3
native,3
eds,3
style,3
meaningful,3
own,3
upon,3
food,3
services,3
aesthetic,3
ceremonies,3
optimistic,3
clear,3
homes,3
period,3
interpretations,3
we,3
force,3
often,3
maternity,3
then,3
must,3
symbolic,3
over,3
particularly,3
passage,3
number,3
suggests,3
universe,3
city,3
democratic,3
come,3
years,3
finally,3
mode,3
land,3
oriented,2
e,2
stands,2
use,2
tend,2
designed,2
advised,2
english,2
completely,2
studies,2
hanukkah,2
character,2
title,2
something,2
experience,2
came,2
sources,2
creation,2
yidishe,2
taken,2
europe,2
simple,2
those,2
daniel,2
sought,2
retain,2
chapter,2
compelling,2
say,2
conceptual,2
behavior,2
doctors,2
optimism,2
development,2
since,2
interior,2
hierarchy,2
author,2
ability,2
mothercraft,2
rabbis,2
replaced,2
pessimistic,2
raises,2
inspirational,2
served,2
left,2
journal,2
traditions,2
kissing,2
reflects,2
without,2
biggest,2
similar,2
importance,2
means,2
pessimism,2
dolls,2
university,2
dichotomy,2
objects,2
clearly,2
followed,2
marriage,2
view,2
societies,2
search,2
traditionally,2
adaptability,2
hebrew,2
experts,2
late,2
culinary,2
unique,2
lowbrow,2
companies,2
confirmation,2
guidance,2
public,2
kitchen,2
failure,2
outstanding,2
data,2
artifacts,2
work,2
ideal,2
locus,2
part,2
example,2
knowledge,2
related,2
bible,2
issues,2
regional,2
describing,2
recast,2
devotional,2
order,2
emphasizes,2
event,2
around,2
highly,2
research,2
essentially,2
vein,2
up,2
notes,2
chronological,2
will,2
critics,2
contest,2
practices,2
various,2
comparative,2
elizabeth,2
receptive,2
cuisine,2
modes,2
innovation,2
boorstin,2
makes,2
read,2
older,2
under,2
assimilative,2
revitalizing,2
management,2
same,2
rise,2
frameworks,2
perceptively,2
tour,2
business,2
toward,2
others,2
death,2
lack,2
idea,2
creative,2
appeared,2
time,2
really,2
john,2
men,2
less,2
practice,2
degree,2
interpreting,2
analyzed,2
exhibit,2
dimensions,2
mothers,2
flaw,2
distinctly,2
enduring,2
emphasize,2
commandment,2
open,2
significance,2
characterized,2
so,2
general,2
last,2
working,2
story,2
gifts,2
ranging,2
broadcasts,2
suggestive,2
success,2
lawrence,2
whereby,2
mother,2
montage,2
rite,2
acquired,2
fifteen,2
girls,2
comes,2
theme,2
jewishness,2
text,2
sustained,2
set,2
know,2
intellectual,2
assumed,2
east,2
regard,2
far,2
goods,2
audience,2
distinctive,2
highbrow,2
person,2
implicit,2
whether,2
terms,2
attitudes,2
statement,2
adaptation,2
almost,2
emphasis,2
level,2
given,2
introduced,2
marketing,2
press,2
became,2
role,2
entrepreneur,2
subsumed,2
models,2
commercial,2
average,2
effects,2
ruth,2
themselves,2
chicago,2
early,2
substantial,2
custodians,2
recent,2
should,2
customs,2
household,2
gold,2
resolve,1
housekeeping,1
locates,1
go,1
now,1
complaint,1
done,1
child,1
domesticity,1
page,1
generalization,1
horizontal,1
common,1
herself,1
created,1
commitment,1
appliances,1
melody,1
ethnicities,1
resulted,1
feminization,1
pasteurized,1
introduction,1
ewa,1
plainly,1
contradicts,1
disregard,1
group,1
needed,1
judged,1
kinds,1
agency,1
fate,1
authority,1
dialectics,1
uniquely,1
true,1
federal,1
aestheticizing,1
choreographer,1
originals,1
notwithstanding,1
monolithic,1
diffuse,1
decade,1
purveyors,1
devices,1
unlike,1
braunstein,1
individually,1
total,1
before,1
noah,1
nineteenth,1
migration,1
operates,1
source,1
root,1
themes,1
debilitating,1
negative,1
cutting,1
highlight,1
lower,1
first,1
consistent,1
anything,1
either,1
hardscrabble,1
signifies,1
every,1
embraced,1
beautifully,1
supposedly,1
jackson,1
production,1
unimaginable,1
welter,1
culturally,1
feeling,1
talmud,1
conflict,1
astronomical,1
incongruously,1
reunions,1
generated,1
promoting,1
housewives,1
shortage,1
hebrewinscribed,1
prestigious,1
words,1
memorial,1
handling,1
shaped,1
skills,1
packed,1
secondary,1
assess,1
suggesting,1
daily,1
shabbat,1
display,1
analyses,1
indifferent,1
rich,1
arises,1
transforms,1
onto,1
concludes,1
liturgy,1
handler,1
functional,1
take,1
styles,1
i,1
dissents,1
creator,1
ageold,1
tree,1
tangible,1
mind,1
emphasized,1
sacred,1
cowan,1
soups,1
sympathizes,1
deriving,1
demeanor,1
political,1
opposite,1
decreased,1
somewhat,1
signs,1
intelligence,1
johns,1
arbiters,1
magazines,1
issue,1
side,1
ark,1
abbreviated,1
roy,1
eastern,1
historians,1
task,1
draws,1
encouraging,1
kathy,1
saying,1
draw,1
discuss,1
rests,1
right,1
prescriptions,1
clinic,1
custom,1
fetishism,1
placement,1
prior,1
authentic,1
activity,1
tracing,1
gift,1
fixture,1
commonality,1
opaqueness,1
births,1
occurring,1
conflictive,1
reflecting,1
events,1
intelligent,1
chart,1
redefining,1
trio,1
message,1
sweet,1
furnishings,1
indisputably,1
shut,1
localized,1
hygiene,1
exist,1
unifies,1
daughters,1
thus,1
deserving,1
accessible,1
caterer,1
microwave,1
collapse,1
leigh,1
relationships,1
beautify,1
receptivity,1
inner,1
ethical,1
eating,1
countless,1
past,1
de,1
neighbors,1
interest,1
lectures,1
characteristic,1
furnishing,1
portray,1
democratically,1
media,1
topic,1
candy,1
farewell,1
affairs,1
taste,1
guided,1
turn,1
cases,1
maintaining,1
tends,1
judaized,1
pathbreaking,1
commercialization,1
david,1
displays,1
document,1
unwavering,1
inclinations,1
refer,1
back,1
mitigated,1
response,1
amusements,1
modernity,1
flawed,1
radio,1
jastrow,1
compared,1
applying,1
cohen,1
third,1
truly,1
purveyed,1
compare,1
quintessentially,1
yarmulkes,1
y,1
obscure,1
stimulating,1
look,1
critique,1
forbear,1
apparently,1
consumerism,1
halakhic,1
marx,1
deceased,1
weakness,1
master,1
babies,1
storyette,1
aim,1
failed,1
mechanisms,1
opposed,1
massmarketing,1
via,1
simultaneously,1
americans,1
whose,1
subordination,1
german,1
dilemma,1
sets,1
l,1
performance,1
swans,1
lavishness,1
innovated,1
mesmerizing,1
remain,1
elasticity,1
adapt,1
housing,1
rapids,1
breast,1
bond,1
pinpoint,1
didactic,1
parlor,1
active,1
parents,1
visceral,1
laywomen,1
eight,1
loses,1
thing,1
ceremonialized,1
b,1
certain,1
consensual,1
fat,1
disintegration,1
special,1
enacted,1
leaves,1
consuming,1
mourning,1
retail,1
clarification,1
space,1
moreover,1
moves,1
addressing,1
support,1
soul,1
understand,1
affect,1
marks,1
grier,1
religion,1
image,1
literary,1
peasant,1
redletter,1
presumably,1
vindicated,1
wealth,1
amid,1
driven,1
days,1
n,1
k,1
jentz,1
calendar,1
w,1
xi,1
certification,1
pedagogical,1
unlettered,1
operate,1
superior,1
subliminal,1
rationally,1
baleboste,1
readings,1
beyond,1
wondering,1
tamara,1
ceremony,1
christmas,1
shifted,1
myerson,1
counsel,1
appear,1
whereas,1
greater,1
hours,1
uses,1
standards,1
result,1
salvage,1
narration,1
incomplete,1
whom,1
declined,1
could,1
maccabee,1
entering,1
derivatives,1
typical,1
relating,1
standardizing,1
deal,1
format,1
shared,1
facilitate,1
requirements,1
identifiably,1
emerge,1
chef,1
attained,1
base,1
representative,1
haym,1
fables,1
italians,1
sentimental,1
population,1
schneider,1
devoid,1
cannot,1
philanthropists,1
scale,1
otherwise,1
vivid,1
anecdote,1
spiritual,1
your,1
perform,1
homemaker,1
absolute,1
required,1
premise,1
wide,1
marxists,1
photo,1
rapidly,1
adolescent,1
hopkins,1
impression,1
memory,1
receive,1
unequivocally,1
undermined,1
gained,1
directly,1
conservatives,1
scroll,1
traditionalist,1
anecdotes,1
planning,1
toys,1
writers,1
nine,1
protein,1
heart,1
concept,1
distinctively,1
differ,1
ewen,1
laxity,1
purpose,1
explains,1
competing,1
crumb,1
apparent,1
marketplace,1
routinely,1
caught,1
minority,1
methodical,1
texture,1
whole,1
shrink,1
overview,1
genuine,1
felix,1
surrogate,1
place,1
literally,1
partly,1
specialized,1
us,1
imitations,1
butter,1
call,1
advertising,1
somewhere,1
away,1
schwartz,1
sensibility,1
orchestras,1
brownsville,1
sicily,1
monopoly,1
interpreted,1
challenging,1
holy,1
grassroots,1
minds,1
sink,1
violated,1
depicting,1
hawking,1
lifted,1
good,1
change,1
multiplicity,1
published,1
cement,1
solution,1
legacy,1
giant,1
correct,1
caused,1
sharper,1
alterations,1
responsibility,1
heinz,1
suggest,1
wished,1
individualism,1
grass,1
television,1
standpoint,1
sharp,1
explored,1
affluent,1
soil,1
purveyor,1
few,1
pregnant,1
kasher,1
governments,1
industry,1
comfort,1
primary,1
certainly,1
rates,1
refinement,1
decline,1
vacuum,1
latest,1
sculptures,1
motherhood,1
barbie,1
telling,1
tended,1
budgets,1
occasions,1
fully,1
managed,1
dim,1
dependent,1
wife,1
proper,1
using,1
roots,1
beauty,1
prizes,1
displaced,1
flour,1
moved,1
mutter,1
activities,1
seemed,1
eric,1
commensurate,1
critical,1
yahrzeit,1
vial,1
san,1
second,1
transform,1
ironies,1
absence,1
cottage,1
fortunately,1
identified,1
primarylanguage,1
wrote,1
birthcontrol,1
located,1
birthing,1
certifiably,1
corporation,1
ten,1
jewelry,1
calligraphed,1
irreligious,1
above,1
make,1
expanded,1
americana,1
nursery,1
ice,1
boy,1
procession,1
seemingly,1
reception,1
direction,1
positive,1
bread,1
mezuzah,1
vie,1
guide,1
cheap,1
joshua,1
yet,1
liebman,1
builds,1
continuity,1
technology,1
clash,1
selective,1
thesis,1
index,1
specimens,1
clarified,1
profane,1
included,1
rerun,1
light,1
illuminated,1
rosenzweig,1
chromolithographs,1
pioneered,1
performed,1
ed,1
colored,1
acknowledging,1
exodus,1
massmarketed,1
provocative,1
communal,1
anathema,1
department,1
overpowering,1
emotional,1
begins,1
hearth,1
noted,1
increasingly,1
speaking,1
assimilativeness,1
baby,1
fairly,1
picture,1
considers,1
love,1
lavish,1
street,1
party,1
organizations,1
oral,1
dorothee,1
successfully,1
comfortable,1
suit,1
dichotomies,1
stated,1
popularity,1
factory,1
strike,1
again,1
experienced,1
imbue,1
analytical,1
signified,1
efforts,1
decor,1
memorialization,1
shows,1
longer,1
treatment,1
foodstuffs,1
lives,1
pressure,1
foods,1
channeling,1
pretty,1
peiss,1
pamphlet,1
gentile,1
proceeds,1
personal,1
laypeople,1
everything,1
contemporary,1
mold,1
considerable,1
observes,1
closets,1
doorpost,1
honor,1
psychologist,1
enough,1
took,1
evoke,1
learn,1
everyday,1
cards,1
discussing,1
branding,1
systematic,1
accepted,1
income,1
secularizing,1
strategies,1
duties,1
norms,1
deep,1
hartmut,1
woman,1
dreidel,1
assemblage,1
manuals,1
disregarded,1
embroidered,1
vinovskis,1
heksher,1
thoroughly,1
demonstrated,1
situated,1
session,1
lost,1
examples,1
birth,1
impart,1
writings,1
including,1
arose,1
culturist,1
depended,1
maris,1
concern,1
expression,1
fed,1
unfortunately,1
religiously,1
largely,1
torah,1
exciting,1
engaging,1
band,1
survey,1
extraordinarily,1
trend,1
previous,1
ties,1
meanings,1
quotation,1
three,1
individualized,1
reinterpret,1
authors,1
peripheral,1
publication,1
modernization,1
midwives,1
points,1
secularization,1
victory,1
subtitle,1
held,1
rationalized,1
individual,1
times,1
blend,1
democratizing,1
shabbos,1
geographically,1
fidelity,1
tefillin,1
high,1
profitably,1
redeems,1
after,1
keen,1
attributing,1
fancy,1
standard,1
medal,1
never,1
strangely,1
gets,1
especially,1
sentiment,1
problems,1
somehow,1
maison,1
conspicuously,1
elaborate,1
eyes,1
methods,1
dollars,1
enabled,1
wise,1
topics,1
exactly,1
enjoyed,1
structure,1
percent,1
probably,1
implication,1
dominance,1
invented,1
institution,1
tendency,1
conveyed,1
sugar,1
adaptive,1
ago,1
diana,1
minimally,1
attention,1
competed,1
widely,1
delicatessen,1
gifted,1
cake,1
dietary,1
fancified,1
schmidt,1
ethic,1
reinventing,1
depth,1
indication,1
relationship,1
imply,1
violation,1
note,1
tentative,1
richest,1
staffer,1
independent,1
provide,1
mixture,1
sometimes,1
usually,1
erstwhile,1
pieces,1
rough,1
hill,1
celebration,1
vertical,1
primarily,1
bags,1
substitution,1
get,1
mood,1
aiming,1
concluding,1
transformed,1
detailed,1
team,1
katherine,1
oddly,1
upholstery,1
pens,1
worlds,1
displaying,1
chairs,1
inspired,1
satisfaction,1
impersonal,1
respect,1
fields,1
vestigial,1
psychiatrist,1
itself,1
articles,1
unusual,1
interpretive,1
susan,1
grounded,1
keil,1
rigorous,1
joseph,1
blurred,1
berger,1
gabaccia,1
addressed,1
stephen,1
hearts,1
circumscribed,1
sections,1
anthropological,1
abandonment,1
seriously,1
candle,1
heavy,1
any,1
associated,1
following,1
calling,1
considered,1
overriding,1
conclusion,1
incorporated,1
grand,1
proficient,1
passover,1
contradiction,1
simply,1
instructed,1
ever,1
solidly,1
characteristics,1
donna,1
shop,1
florid,1
favors,1
temporal,1
symbol,1
meat,1
flagrant,1
here,1
lears,1
novelties,1
quickly,1
drowned,1
dimension,1
branches,1
privacy,1
each,1
hareven,1
vaguer,1
novel,1
december,1
setting,1
believe,1
incorporating,1
pragmatic,1
inquiry,1
hospital,1
matzoh,1
exhaustive,1
wins,1
adler,1
happiness,1
producers,1
prayers,1
utilized,1
living,1
type,1
modell,1
table,1
places,1
catalogue,1
tangle,1
incorporate,1
hyman,1
dosages,1
redeem,1
barth,1
purchase,1
depicts,1
hosts,1
selected,1
list,1
making,1
abraham,1
particular,1
pertinent,1
allowance,1
map,1
mere,1
ceased,1
catered,1
avid,1
getting,1
vehicle,1
require,1
birthday,1
video,1
awarded,1
balance,1
information,1
impressionistically,1
psychology,1
commandments,1
italian,1
urban,1
infant,1
sofas,1
emergent,1
nationalizing,1
son,1
entrance,1
fatally,1
code,1
recognition,1
furniture,1
peace,1
met,1
measurements,1
content,1
ashes,1
datum,1
invitations,1
giving,1
techniques,1
intended,1
cash,1
adapted,1
subculture,1
impulses,1
encounter,1
commodities,1
families,1
mention,1
maintained,1
und,1
firms,1
aspect,1
paula,1
precision,1
our,1
courtship,1
superseded,1
produce,1
moderate,1
ultimately,1
tell,1
spring,1
touch,1
difference,1
consult,1
disappear,1
wang,1
clubs,1
morawska,1
twentieth,1
overstuffed,1
institutional,1
abc,1
liaisons,1
exerted,1
jew,1
gunther,1
mantelpiece,1
documentation,1
course,1
although,1
jewry,1
integrated,1
socially,1
need,1
etiquette,1
transgressed,1
states,1
photograph,1
defined,1
seeks,1
off,1
paraphernalia,1
instinct,1
blinded,1
remains,1
francisco,1
israel,1
observation,1
specific,1
rubrics,1
potential,1
apart,1
parlors,1
distinctions,1
colorful,1
contestants,1
marxist,1
scholarship,1
era,1
create,1
tallis,1
documentary,1
little,1
interaction,1
abandoned,1
immediately,1
technological,1
ends,1
observed,1
rhymes,1
building,1
lizabeth,1
attendance,1
daughter,1
major,1
occur,1
richly,1
