WORDCOUNTS,WEIGHT
the,203
of,111
and,103
to,83
lincoln,81
a,66
in,60
davis,54
s,46
for,34
that,33
soldiers,29
his,27
war,27
as,25
on,24
president,22
not,21
but,21
many,20
with,19
from,19
men,19
is,18
by,13
soldier,13
an,13
even,13
how,12
army,11
their,11
american,11
was,11
more,11
had,11
civil,11
he,10
history,10
have,10
at,9
abraham,9
this,9
so,9
be,9
does,8
often,8
military,8
did,8
has,8
father,8
washington,8
any,7
union,7
book,7
new,7
political,7
see,7
some,7
who,7
most,7
him,7
attention,7
george,6
about,6
or,6
over,6
p,6
troops,6
because,6
such,6
became,6
good,6
would,6
jefferson,6
analysis,6
will,5
they,5
confederate,5
yet,5
rable,5
been,5
works,5
material,5
perhaps,5
historians,5
during,5
several,5
study,5
c,5
when,5
than,5
no,4
various,4
common,4
rather,4
letters,4
if,4
impressive,4
brief,4
large,4
enlisted,4
combat,4
familiar,4
into,4
presents,4
mcclellan,4
also,4
potomac,4
emancipation,4
best,4
could,4
there,4
what,4
executions,4
reviews,4
ed,4
election,4
little,4
people,4
were,4
after,4
never,4
always,4
much,4
notes,4
should,4
it,3
short,3
volunteers,3
collections,3
support,3
fredericksburg,3
too,3
these,3
first,3
weems,3
perceptively,3
published,3
willingness,3
statements,3
other,3
helped,3
basler,3
capital,3
unlike,3
scholars,3
shot,3
out,3
hundred,3
man,3
william,3
though,3
mcpherson,3
roy,3
ordinary,3
number,3
account,3
literature,3
work,3
both,3
made,3
vote,3
countless,3
fine,3
politics,3
given,3
part,3
despite,3
himself,3
approve,3
generals,3
james,3
diaries,3
officers,3
remarks,3
approach,3
september,3
interest,3
collected,3
quotes,3
pages,3
few,3
between,3
charles,3
pays,3
those,3
northern,3
general,3
alabama,2
democracy,2
battle,2
critical,2
biography,2
recognized,2
opinion,2
wrote,2
indeed,2
limited,2
classic,2
referred,2
deserters,2
april,2
reduce,2
attempt,2
strongly,2
still,2
importance,2
b,2
democrats,2
one,2
life,2
criticism,2
mexican,2
citizens,2
fair,2
easily,2
pp,2
read,2
builds,2
joseph,2
photographs,2
fought,2
university,2
western,2
alotta,2
ambitious,2
then,2
moving,2
receiving,2
contemporaries,2
source,2
immortality,2
vol,2
reviewed,2
faith,2
deep,2
two,2
voluminous,2
only,2
officer,2
beyond,2
badly,2
thousand,2
persuasive,2
sources,2
mac,2
long,2
interpretation,2
odd,2
care,2
allow,2
j,2
friday,2
neglected,2
allan,2
appearance,2
wainwright,2
documents,2
reminiscent,2
effort,2
narrative,2
larger,2
deal,2
government,2
proves,2
remain,2
doubt,2
historical,2
away,2
americans,2
considerable,2
appeared,2
m,2
better,2
academic,2
do,2
corps,2
understood,2
discipline,2
where,2
stock,2
them,2
recently,2
armies,2
among,2
public,2
while,2
having,2
presented,2
chapter,2
influenced,2
generally,2
image,2
virginia,2
probably,2
memory,2
occasionally,2
reader,2
writings,2
morale,2
point,2
say,2
press,2
popularity,2
its,2
recapture,2
comrades,2
administration,2
letter,2
use,2
affection,2
noting,2
records,2
writing,2
thus,2
saw,2
previous,2
literate,2
states,2
question,2
own,2
initially,2
camps,2
tone,2
course,2
offer,2
needed,2
like,2
field,2
current,2
kind,2
contrast,2
last,2
sharp,2
cases,2
remains,2
old,2
small,2
mitchell,2
especially,2
problems,2
bloody,2
second,2
themselves,2
compared,2
anderson,2
reached,2
era,2
early,2
up,2
through,2
entire,2
story,2
looked,2
paid,2
ignores,2
strong,2
wounded,2
statement,2
once,2
justice,2
survived,1
using,1
hauled,1
fails,1
final,1
critics,1
higher,1
carried,1
f,1
garnered,1
opposed,1
now,1
twelve,1
ordeal,1
inspection,1
dealt,1
interesting,1
authority,1
patricide,1
high,1
relationship,1
nevins,1
likely,1
racism,1
gloomy,1
done,1
york,1
may,1
spoke,1
disruption,1
harshly,1
bull,1
forces,1
veneration,1
ventured,1
fathers,1
flexibly,1
note,1
absence,1
without,1
reviewer,1
entitled,1
raise,1
edited,1
journey,1
heroic,1
vicissitudes,1
aim,1
later,1
bring,1
mattered,1
chance,1
slavery,1
usually,1
erect,1
defective,1
quickly,1
groups,1
sentences,1
buy,1
expand,1
hinge,1
service,1
overall,1
created,1
outcome,1
claimed,1
subject,1
interviews,1
hat,1
everyone,1
return,1
extreme,1
comic,1
assassination,1
lines,1
months,1
fridays,1
theater,1
visiting,1
instinctively,1
determine,1
veterans,1
death,1
red,1
remarked,1
dimensions,1
knew,1
lost,1
politicians,1
seen,1
trite,1
itself,1
lowry,1
manuscript,1
effectively,1
coffee,1
earlier,1
persistent,1
understand,1
stops,1
eight,1
suggests,1
contribution,1
entirely,1
assumes,1
wilson,1
great,1
recognize,1
eager,1
executive,1
gerald,1
southern,1
christian,1
seemingly,1
resurrection,1
ongoing,1
shrift,1
mccellan,1
volumes,1
perpetuate,1
hardships,1
sick,1
elaborate,1
family,1
phrase,1
ballots,1
impersonal,1
tape,1
powerfully,1
fighting,1
cease,1
superb,1
breckinridge,1
earl,1
rappahannock,1
threatening,1
spoken,1
achieve,1
returns,1
jesus,1
democratic,1
control,1
formed,1
surprising,1
alamo,1
scattered,1
library,1
oblivious,1
expressing,1
wives,1
precious,1
drafted,1
psychological,1
sympathies,1
shy,1
herndon,1
thomas,1
means,1
reason,1
push,1
examined,1
awake,1
wellwritten,1
inconsistent,1
presidential,1
cooper,1
studies,1
devotion,1
nor,1
modern,1
serve,1
voting,1
affect,1
militia,1
array,1
east,1
marks,1
cause,1
inspiration,1
persistence,1
atlanta,1
selective,1
us,1
comparisons,1
failure,1
river,1
index,1
regularly,1
springfield,1
retained,1
summersell,1
presidency,1
share,1
contained,1
sprightly,1
falls,1
musquetoes,1
total,1
fort,1
admired,1
thinking,1
scaffolding,1
bind,1
proved,1
before,1
under,1
confederates,1
quoted,1
historian,1
practice,1
days,1
interpretative,1
buffeted,1
reviewing,1
impact,1
hesitated,1
welfare,1
firsthand,1
descriptions,1
house,1
contest,1
redemption,1
dignified,1
waved,1
ethnic,1
veritable,1
responsibility,1
grand,1
mahlon,1
suspend,1
contempt,1
proclamation,1
insights,1
heated,1
themes,1
visitors,1
show,1
arcane,1
experience,1
obsessed,1
montgomery,1
cabinet,1
acknowledges,1
mention,1
serenades,1
ever,1
exacting,1
commented,1
increasingly,1
williams,1
socialization,1
anything,1
despairs,1
xiv,1
sometimes,1
promise,1
protection,1
prisoners,1
observation,1
rival,1
useful,1
fill,1
masses,1
reprieves,1
putting,1
destroying,1
subjects,1
supposedly,1
leader,1
reach,1
secession,1
inherent,1
offers,1
rapists,1
command,1
voices,1
forgot,1
hawk,1
set,1
theory,1
founding,1
challenge,1
comparison,1
news,1
implications,1
camp,1
evidence,1
rested,1
dwight,1
summarized,1
highly,1
suggested,1
toward,1
eds,1
again,1
might,1
others,1
satisfaction,1
drawing,1
ran,1
cut,1
furloughs,1
elusive,1
secretary,1
abe,1
reunions,1
trademark,1
topic,1
state,1
l,1
colonization,1
extant,1
absurd,1
iconography,1
dismay,1
friends,1
each,1
all,1
stuffy,1
sure,1
attempting,1
hours,1
despaired,1
talking,1
accident,1
excellent,1
haggard,1
skewed,1
are,1
wherewithal,1
cultivated,1
different,1
came,1
december,1
based,1
shows,1
outside,1
comparatively,1
commission,1
shaped,1
lanky,1
cautiously,1
seem,1
treatment,1
flattery,1
mercy,1
disillusionment,1
toll,1
explores,1
leaders,1
administer,1
home,1
embittered,1
warm,1
found,1
conservative,1
rodney,1
ungainly,1
fascinating,1
enduring,1
speeches,1
leaves,1
simple,1
monitor,1
constituents,1
ambitions,1
cynics,1
loyalty,1
stood,1
which,1
naturally,1
sarcastically,1
rich,1
educated,1
follows,1
angry,1
drama,1
movingly,1
incident,1
mason,1
personal,1
sustaining,1
defeat,1
events,1
far,1
launched,1
end,1
hopkins,1
written,1
trace,1
everything,1
stovepipe,1
rightly,1
primary,1
herbert,1
bizarre,1
build,1
lampooning,1
charges,1
past,1
dead,1
favorite,1
regiments,1
struggles,1
worn,1
distraught,1
nicknames,1
recruitment,1
living,1
chair,1
unsatisfactory,1
term,1
milks,1
detailing,1
conversed,1
linderman,1
braver,1
conclusions,1
behind,1
took,1
emphasized,1
greatly,1
wild,1
precisely,1
pure,1
beginning,1
learn,1
equally,1
just,1
ballot,1
grew,1
dismissed,1
tradition,1
robert,1
supporters,1
cup,1
increases,1
regiment,1
stalemate,1
reading,1
plummeted,1
governors,1
treasuretrove,1
johns,1
career,1
attack,1
carefully,1
visibility,1
horseback,1
racial,1
reelection,1
managed,1
receives,1
receptive,1
tragedy,1
whether,1
hated,1
population,1
selected,1
handful,1
less,1
sentence,1
courage,1
mostly,1
employs,1
donated,1
enlistment,1
suffered,1
case,1
slip,1
issue,1
recount,1
empty,1
outstanding,1
shied,1
ahead,1
record,1
habitual,1
however,1
sees,1
wartime,1
hoped,1
escort,1
amassed,1
stories,1
merrill,1
criticisms,1
time,1
approached,1
grief,1
required,1
poring,1
diary,1
books,1
congratulated,1
problem,1
wide,1
style,1
duly,1
nichols,1
money,1
gives,1
sacrifice,1
occasions,1
figuring,1
getting,1
sought,1
free,1
age,1
remarkably,1
writes,1
america,1
create,1
bitterly,1
won,1
killed,1
brilliant,1
studying,1
twist,1
boys,1
remained,1
violent,1
obsessions,1
awarded,1
lenient,1
heart,1
sherman,1
keeping,1
original,1
shaping,1
observations,1
carte,1
figurative,1
embattled,1
recognizing,1
analyzed,1
future,1
private,1
rally,1
reaction,1
hess,1
journals,1
quality,1
vast,1
patriotism,1
divided,1
forgie,1
clutter,1
beverly,1
douglas,1
conveniently,1
background,1
overdue,1
narratives,1
parades,1
abundantly,1
bodies,1
bibliography,1
appreciates,1
sacrifices,1
mobilizing,1
stuck,1
upon,1
sad,1
john,1
incidents,1
leniency,1
competent,1
neatly,1
biographers,1
irreverent,1
materials,1
west,1
bayonets,1
mental,1
peace,1
including,1
uniform,1
sanitary,1
policy,1
donned,1
quantity,1
cited,1
looking,1
downplays,1
ransacked,1
equipping,1
apply,1
republic,1
nation,1
destinies,1
list,1
gender,1
encouraged,1
harry,1
creation,1
criticized,1
song,1
artillery,1
rash,1
cropping,1
skeptical,1
measure,1
prevented,1
genuine,1
masterful,1
directed,1
consistently,1
audience,1
quotations,1
discussions,1
wonderful,1
doffed,1
emphasizing,1
o,1
persevere,1
onions,1
perception,1
literally,1
maintained,1
pleasure,1
intoxication,1
aspect,1
coming,1
evolution,1
sumter,1
despised,1
historiographical,1
rare,1
freudian,1
winter,1
real,1
maintains,1
individuals,1
our,1
newspaper,1
stay,1
popular,1
skeptics,1
come,1
trip,1
focuses,1
raising,1
prejudice,1
comments,1
disciplined,1
admirers,1
experiences,1
appreciated,1
expressed,1
deserved,1
believes,1
clinging,1
i,1
models,1
described,1
fame,1
bayonet,1
viste,1
platform,1
rage,1
score,1
clemency,1
years,1
received,1
class,1
miss,1
reputation,1
worry,1
run,1
volunteer,1
professor,1
memoirs,1
donald,1
quest,1
mitigating,1
graduate,1
tories,1
human,1
t,1
comprehensive,1
exaggerates,1
write,1
de,1
virtues,1
points,1
accept,1
trap,1
stalled,1
crisis,1
wish,1
sat,1
social,1
ability,1
reid,1
professional,1
chimera,1
staple,1
disappoint,1
david,1
controversies,1
homes,1
hooker,1
sense,1
rail,1
address,1
humor,1
mothers,1
hard,1
output,1
spread,1
jr,1
peterson,1
files,1
copperheads,1
respects,1
opinions,1
bounty,1
administrator,1
pay,1
utilizes,1
sample,1
writer,1
sore,1
suggestive,1
vacant,1
involving,1
punishment,1
strategic,1
affairs,1
administrative,1
insightful,1
understates,1
kept,1
anyone,1
jumpers,1
estimates,1
emphasizes,1
apocryphal,1
black,1
standard,1
presenting,1
claim,1
affectionate,1
cite,1
congress,1
cries,1
latter,1
around,1
late,1
kindhearted,1
spent,1
openly,1
circulation,1
legend,1
privates,1
needs,1
lively,1
talismans,1
offered,1
supported,1
cogent,1
approval,1
least,1
almost,1
ear,1
qualities,1
eyes,1
passages,1
fired,1
clash,1
addition,1
completing,1
feet,1
fatalistic,1
christ,1
craft,1
become,1
research,1
desk,1
grumbled,1
quibble,1
campfire,1
left,1
weapons,1
exactly,1
gettysburg,1
chicago,1
effect,1
telling,1
informants,1
resilient,1
assigning,1
find,1
sparingly,1
d,1
promising,1
barely,1
woes,1
patience,1
successfully,1
decisively,1
drawn,1
implication,1
necessity,1
concede,1
look,1
preserving,1
results,1
images,1
world,1
why,1
reluctant,1
details,1
rehash,1
fight,1
we,1
forgiveness,1
colonel,1
here,1
recent,1
either,1
observed,1
unconcealed,1
cross,1
discovering,1
substituted,1
natchez,1
endnote,1
accounts,1
delivered,1
meeting,1
commanding,1
standards,1
generation,1
fifties,1
conversations,1
darker,1
frank,1
antidote,1
word,1
race,1
draft,1
october,1
massive,1
pleas,1
court,1
summer,1
error,1
cites,1
attended,1
stronger,1
examines,1
seemed,1
avoid,1
commanders,1
perils,1
dismiss,1
battles,1
