WORDCOUNTS,WEIGHT
the,286
of,136
and,116
du,107
bois,104
in,95
to,79
s,70
his,57
a,57
that,56
was,50
lewis,42
he,40
black,34
as,31
with,28
but,25
for,24
not,21
p,21
were,21
on,20
white,20
at,19
is,17
had,16
american,15
by,15
an,15
it,13
from,13
this,13
workers,12
or,11
naacp,11
its,11
when,11
world,11
about,10
political,10
e,9
b,9
history,9
w,9
politics,9
class,9
working,9
be,9
garvey,8
after,8
their,8
life,8
social,8
work,8
crisis,8
race,8
one,7
more,7
all,7
new,7
even,7
which,7
germany,7
like,7
him,7
communist,6
segregation,6
then,6
biography,6
most,6
first,6
could,6
nation,6
during,6
much,6
ideas,6
talented,6
years,6
would,6
rights,5
does,5
later,5
japanese,5
stein,5
analysis,5
university,5
party,5
intellectual,5
reed,5
what,5
ideological,5
reviews,5
racial,5
tenth,5
civil,5
so,5
socialism,5
june,5
same,5
up,5
difficult,4
no,4
way,4
if,4
economic,4
been,4
says,4
movement,4
labor,4
thinking,4
culture,4
streator,4
people,4
atlanta,4
did,4
book,4
great,4
end,4
man,4
economy,4
better,4
war,4
less,4
perhaps,4
always,4
well,4
some,4
revealed,4
who,4
africa,4
writing,4
question,4
project,4
negro,4
both,4
against,4
have,4
nazi,4
doctor,4
century,4
order,4
marriage,4
between,4
young,4
than,4
seems,3
york,3
whose,3
continued,3
soviet,3
subject,3
reconstruction,3
often,3
united,3
union,3
marcus,3
colored,3
these,3
experience,3
harlem,3
exploitation,3
also,3
adolph,3
explain,3
other,3
japan,3
thus,3
novel,3
global,3
any,3
out,3
contemporary,3
graham,3
subsequent,3
surrounding,3
men,3
do,3
beginning,3
whether,3
renaissance,3
controversy,3
problem,3
while,3
america,3
because,3
fight,3
virginia,3
art,3
city,3
enemy,3
cited,3
african,3
himself,3
judgment,3
issues,3
conflict,3
time,3
states,3
nevertheless,3
trustees,3
such,3
editor,3
essay,3
interest,3
state,3
defense,3
david,3
jr,3
shirley,3
opinions,3
earlier,3
imagination,3
readers,3
depression,3
left,3
little,3
we,3
remarkable,3
should,3
critics,2
late,2
fifty,2
led,2
racism,2
americans,2
mitigate,2
german,2
equality,2
saw,2
without,2
she,2
george,2
true,2
opportunism,2
separation,2
although,2
ideology,2
bolshevik,2
critical,2
notion,2
whatever,2
opportunity,2
transformation,2
turks,2
benjamin,2
pages,2
inspired,2
elitism,2
criticism,2
romantic,2
judith,2
us,2
ghana,2
punished,2
tells,2
before,2
elsewhere,2
judgments,2
believed,2
flattery,2
partly,2
must,2
two,2
simply,2
t,2
love,2
masses,2
volume,2
position,2
davis,2
persuade,2
sentiment,2
embraced,2
here,2
solve,2
movements,2
helped,2
into,2
negroes,2
faced,2
again,2
might,2
attempt,2
view,2
authoritarianism,2
result,2
words,2
idea,2
path,2
agenda,2
bourgeoisie,2
believers,2
display,2
methods,2
narrative,2
formed,2
personality,2
within,2
find,2
manchuria,2
booker,2
behind,2
those,2
proletariat,2
cultural,2
them,2
younger,2
however,2
required,2
formulation,2
number,2
clothing,2
levering,2
early,2
failure,2
deal,2
whiteness,2
idealistic,2
made,2
mobilizing,2
rampersad,2
west,2
europe,2
part,2
ignores,2
enormous,2
manufactured,2
calls,2
chart,2
related,2
dispute,2
reports,2
tried,2
tribute,2
elite,2
real,2
popular,2
personal,2
employed,2
roots,2
attraction,2
only,2
princess,2
own,2
my,2
there,2
washington,2
agent,2
messenger,2
good,2
sense,2
need,2
revolution,2
course,2
forced,2
colleagues,2
daughter,2
never,2
why,2
several,2
running,2
moved,2
especially,2
blacks,2
promote,2
agency,2
returned,2
still,2
died,2
henry,2
dark,2
views,2
progress,2
capitalism,2
traditional,2
wife,2
critique,2
occupied,2
consumerism,2
arnold,2
marxism,2
yolande,2
arthurdale,1
nations,1
newer,1
bureaucrats,1
try,1
finances,1
homegrown,1
buried,1
crow,1
everyday,1
carried,1
liberation,1
threatened,1
depth,1
surprisingly,1
battle,1
offices,1
principled,1
opposed,1
symbolism,1
lenin,1
underlay,1
voyage,1
usable,1
egotism,1
regimentation,1
conjugated,1
supremacy,1
currently,1
mostly,1
educate,1
voteless,1
second,1
blinders,1
illdisposed,1
aristocracy,1
patronize,1
may,1
indissolubly,1
bull,1
ceremonial,1
coupled,1
transformations,1
onset,1
propagandist,1
marxists,1
various,1
minimizes,1
strike,1
statements,1
tenure,1
participation,1
nina,1
estate,1
militants,1
identified,1
usually,1
dane,1
liberia,1
sentences,1
pittsburgh,1
silently,1
adds,1
f,1
service,1
how,1
loyal,1
created,1
lubricated,1
isolate,1
resisted,1
organizing,1
pale,1
career,1
market,1
motivated,1
grumpiness,1
explicates,1
argues,1
abram,1
bunche,1
steps,1
cullen,1
playing,1
debates,1
visiting,1
hamlet,1
revolutionary,1
revenues,1
capture,1
ew,1
process,1
connection,1
red,1
vogue,1
remarked,1
knew,1
lost,1
sensitive,1
positioned,1
efficaciousness,1
represented,1
transformed,1
secretary,1
suffer,1
itself,1
purest,1
inability,1
prophet,1
make,1
effect,1
home,1
vol,1
exigent,1
dogmatic,1
charm,1
research,1
imply,1
angelo,1
truman,1
keen,1
minutes,1
rapidly,1
reflection,1
generally,1
recently,1
distort,1
flirtation,1
confuses,1
sanitize,1
reception,1
denied,1
makes,1
special,1
fittingly,1
authoritarian,1
successor,1
interferes,1
use,1
believing,1
old,1
superb,1
essays,1
lawyer,1
stays,1
achieve,1
once,1
transform,1
dismiss,1
surprising,1
thinker,1
imperialism,1
positive,1
biographer,1
absorbed,1
divided,1
buries,1
yet,1
federal,1
support,1
puzzles,1
hutchinson,1
core,1
antagonism,1
propensities,1
face,1
hoi,1
unquestioning,1
circle,1
paragraphs,1
pp,1
ruled,1
tweak,1
town,1
modern,1
many,1
favor,1
facilitated,1
illuminate,1
council,1
message,1
attachment,1
meant,1
wanted,1
racist,1
joined,1
former,1
jesuitical,1
formally,1
forget,1
claiming,1
deny,1
challenged,1
addressed,1
place,1
affairs,1
claims,1
amidst,1
neither,1
monosyllables,1
thesis,1
index,1
eventually,1
acquired,1
assistant,1
revolutionaries,1
definition,1
system,1
found,1
sociological,1
wars,1
included,1
departure,1
limitation,1
subjection,1
ambitious,1
fifteen,1
thought,1
adjusted,1
humanitarianism,1
updating,1
driven,1
historian,1
temperament,1
ideologies,1
nineteenth,1
convinced,1
friendship,1
mary,1
distracts,1
understands,1
are,1
fisk,1
indian,1
quarters,1
too,1
exchange,1
disputed,1
preeminent,1
socialists,1
razors,1
acceptance,1
department,1
begins,1
acclaimed,1
put,1
georgia,1
commented,1
increasingly,1
common,1
member,1
anything,1
awareness,1
theme,1
strata,1
based,1
implied,1
defeated,1
storm,1
detective,1
beyond,1
irrepressible,1
tourism,1
considers,1
regime,1
failing,1
ralph,1
comprising,1
long,1
constituency,1
afl,1
validating,1
organizations,1
requires,1
certainly,1
wellestablished,1
problems,1
potency,1
eyed,1
symbol,1
stalinism,1
courier,1
universalism,1
offers,1
sustained,1
voices,1
established,1
recruited,1
founding,1
easing,1
philosophy,1
power,1
m,1
sometimes,1
interchange,1
zenith,1
quickly,1
meticulously,1
others,1
admiration,1
kind,1
death,1
questioned,1
cannot,1
over,1
available,1
solves,1
hot,1
ask,1
dissatisfied,1
refused,1
antidote,1
avoids,1
intellect,1
monthly,1
advanced,1
country,1
begged,1
opponents,1
pantheon,1
character,1
opening,1
interrupted,1
acknowledged,1
cultures,1
herbert,1
lacked,1
advance,1
root,1
artists,1
different,1
fact,1
attribute,1
folk,1
longer,1
rivals,1
dubs,1
least,1
height,1
seem,1
board,1
tackle,1
abandoning,1
explains,1
scholars,1
skills,1
abilities,1
best,1
divorce,1
chapters,1
leaders,1
curious,1
discount,1
istaking,1
aptheker,1
dna,1
cocoon,1
straightforward,1
anglophilism,1
sleuthing,1
reasons,1
documents,1
feminism,1
wrote,1
typical,1
renew,1
banishes,1
herndon,1
model,1
speech,1
polysyllables,1
indifferent,1
rich,1
inevitably,1
effort,1
base,1
agrees,1
alternatively,1
rule,1
easily,1
larger,1
clear,1
pacific,1
stigmatized,1
quiescent,1
parvenu,1
issue,1
intellectuals,1
linked,1
breezy,1
school,1
rebirth,1
austin,1
defeat,1
disciple,1
far,1
skirts,1
bromides,1
written,1
desire,1
everything,1
dictatorship,1
audience,1
friend,1
take,1
identical,1
antipathy,1
deploring,1
i,1
vigorous,1
win,1
help,1
pairing,1
markets,1
meager,1
masterpiece,1
called,1
embrace,1
passionate,1
assessment,1
marxist,1
big,1
last,1
person,1
mind,1
hint,1
stuff,1
further,1
truth,1
unison,1
passes,1
saying,1
learn,1
equally,1
fame,1
randolph,1
unite,1
psychic,1
seriousness,1
traits,1
though,1
imperatives,1
subsisted,1
defending,1
discipline,1
where,1
fable,1
block,1
handouts,1
creature,1
johns,1
obscures,1
romanticism,1
editorials,1
portraiture,1
robeson,1
circles,1
unique,1
inhabit,1
inside,1
income,1
earthquake,1
turned,1
majority,1
terms,1
means,1
celebrated,1
offering,1
see,1
obedience,1
courage,1
friends,1
growing,1
hosts,1
arguing,1
shortly,1
reminds,1
plans,1
froideur,1
ii,1
revolt,1
necessary,1
favorable,1
unpleasant,1
streater,1
ahead,1
sympathetic,1
outside,1
add,1
undercuts,1
deep,1
equip,1
lens,1
reiterated,1
validate,1
ed,1
xiv,1
losing,1
concentrated,1
move,1
harris,1
woman,1
college,1
tiny,1
writes,1
approached,1
conferences,1
roy,1
recorded,1
explained,1
preordained,1
wordplay,1
marcuse,1
has,1
key,1
countee,1
style,1
public,1
fascination,1
captures,1
capacity,1
week,1
hopkins,1
possibility,1
mass,1
really,1
dissecting,1
pursued,1
south,1
secure,1
jim,1
president,1
advertisers,1
benediction,1
womanizing,1
chapter,1
directly,1
potential,1
original,1
able,1
low,1
demonstrated,1
unions,1
development,1
apparently,1
howard,1
classes,1
philip,1
doled,1
resists,1
reprinted,1
withdrawal,1
bloated,1
diffuse,1
extended,1
discussion,1
occupying,1
international,1
middle,1
admission,1
atlantic,1
appreciate,1
magnified,1
paying,1
conference,1
polloi,1
league,1
powers,1
championed,1
alliance,1
deaf,1
explanation,1
vindicating,1
stiff,1
writers,1
values,1
helps,1
active,1
beijing,1
alarm,1
reader,1
edit,1
writings,1
community,1
apart,1
taking,1
psychological,1
peace,1
combination,1
handmaiden,1
heavily,1
characterization,1
extends,1
excesses,1
through,1
conjectured,1
very,1
weighed,1
resignation,1
despite,1
example,1
case,1
characterizing,1
joining,1
knowledge,1
strangers,1
holt,1
irrelevancy,1
bolshevism,1
collided,1
press,1
became,1
role,1
riddle,1
tantamount,1
comported,1
complexities,1
thoughts,1
turns,1
modernizers,1
financed,1
transition,1
sitting,1
step,1
aspirations,1
marginalized,1
congenial,1
went,1
enduring,1
year,1
literature,1
unstated,1
urging,1
bestowed,1
clarifying,1
wallace,1
organization,1
older,1
lined,1
force,1
souls,1
needed,1
summarizes,1
refers,1
editorial,1
guidance,1
whites,1
families,1
paul,1
indians,1
asserts,1
exposed,1
combating,1
takeover,1
goals,1
strain,1
amalgamated,1
coming,1
proceeded,1
central,1
ends,1
engaged,1
reconnects,1
interested,1
institutionalize,1
tumultuous,1
music,1
holdings,1
reluctant,1
trip,1
justification,1
contentious,1
previous,1
away,1
boisian,1
colossus,1
disciplined,1
believes,1
sensibility,1
disorder,1
models,1
author,1
manage,1
autocratic,1
argument,1
facts,1
they,1
status,1
hostility,1
notes,1
significance,1
aspiration,1
trusted,1
run,1
enthusiastic,1
corrupted,1
plausible,1
since,1
formality,1
imperative,1
fine,1
graduate,1
reported,1
cushioning,1
expressions,1
september,1
beliefs,1
norfolk,1
lonely,1
silent,1
conflicts,1
finally,1
virtues,1
group,1
reputation,1
told,1
defining,1
tactical,1
leadership,1
center,1
advocacy,1
published,1
creating,1
eroticized,1
steeliness,1
held,1
moment,1
prolonged,1
relations,1
vigilance,1
brush,1
editorship,1
defensive,1
commerce,1
prosoviet,1
integrated,1
steel,1
upheavals,1
walter,1
price,1
doubted,1
magazine,1
meaningfulness,1
cold,1
tuning,1
prattled,1
occasionally,1
logic,1
pay,1
stage,1
socialist,1
rooted,1
nicely,1
allegiances,1
poet,1
errand,1
overwhelms,1
stresses,1
politically,1
espoused,1
devise,1
filled,1
off,1
comforts,1
accurate,1
imposition,1
progressive,1
turn,1
viewing,1
eye,1
unity,1
fancy,1
bombshell,1
uncompromising,1
stubborn,1
intrinsic,1
insurance,1
kristallnacht,1
nor,1
disapproval,1
self,1
around,1
urbanization,1
instead,1
fertilization,1
inscribed,1
underlying,1
calling,1
times,1
charismatic,1
exoticism,1
mobilized,1
dissent,1
separately,1
probe,1
pregnant,1
maxim,1
chinese,1
internal,1
wilkins,1
matched,1
qualities,1
contract,1
racialism,1
industry,1
eloquent,1
extraordinary,1
predilections,1
observe,1
leader,1
become,1
myth,1
hastily,1
protect,1
russia,1
cio,1
compared,1
overcome,1
began,1
clashed,1
unsympathetic,1
potent,1
thoughtfully,1
obligation,1
can,1
unionization,1
debate,1
january,1
visible,1
clears,1
ivy,1
continually,1
conscience,1
analyze,1
leninism,1
slightest,1
peculiarly,1
preserving,1
copyright,1
resistance,1
bees,1
plummeted,1
marching,1
correspondence,1
mature,1
among,1
grating,1
establishment,1
arrogant,1
celebrity,1
anchored,1
diminish,1
encyclopedia,1
wellreviewed,1
occasion,1
evidence,1
cause,1
building,1
cooperative,1
affiliations,1
displaced,1
rebuffed,1
devastated,1
talent,1
vain,1
learned,1
attention,1
showed,1
influence,1
student,1
vanities,1
caste,1
widely,1
distorted,1
major,1
weimar,1
justice,1
complicates,1
instrumentally,1
quarrel,1
visit,1
separate,1
capitalistic,1
