WORDCOUNTS,WEIGHT
the,187
of,122
and,97
in,61
a,49
to,39
that,37
s,33
labor,23
as,20
by,20
way,18
for,18
p,18
farley,18
on,17
is,16
was,16
american,15
at,14
industrial,14
more,14
their,14
from,13
exploitation,13
other,13
were,12
workers,11
canal,11
arsenal,10
frankford,10
author,10
industry,10
laborers,10
he,9
with,9
history,9
these,9
its,9
than,9
canallers,8
his,8
who,8
but,8
there,8
industrialization,8
period,8
early,8
also,8
common,7
still,7
one,7
class,7
not,7
pp,7
new,7
work,7
which,7
such,7
this,7
paradigm,7
canaller,7
an,7
social,6
system,6
free,6
labour,6
artisan,6
capitalism,6
north,6
republican,5
wages,5
university,5
or,5
age,5
glickstein,5
consciousness,5
own,5
have,5
revolution,5
study,5
be,5
economic,4
studies,4
bad,4
contractors,4
into,4
culture,4
only,4
production,4
over,4
all,4
skills,4
book,4
did,4
pennsylvania,4
state,4
wage,4
reviews,4
less,4
has,4
america,4
some,4
during,4
records,4
good,4
relations,4
like,4
between,4
debate,4
even,4
model,3
it,3
limited,3
they,3
employees,3
case,3
position,3
included,3
any,3
experience,3
rise,3
declining,3
drawing,3
company,3
golden,3
deskilling,3
those,3
effect,3
jobs,3
particular,3
historians,3
march,3
process,3
both,3
press,3
irish,3
surplus,3
central,3
reinforced,3
years,3
conditions,3
nor,3
old,3
single,3
themselves,3
notes,3
master,3
may,2
increasing,2
relationship,2
philadelphia,2
york,2
declension,2
century,2
no,2
rather,2
independence,2
subsistence,2
e,2
success,2
community,2
above,2
income,2
life,2
illustrations,2
white,2
lay,2
yet,2
violence,2
means,2
itself,2
jonathan,2
largely,2
pressures,2
notwithstanding,2
immigrant,2
under,2
index,2
retained,2
paternalism,2
just,2
antebellum,2
impact,2
historiography,2
department,2
accumulation,2
textile,2
skilled,2
long,2
party,2
convincing,2
skill,2
factory,2
military,2
might,2
insulation,2
many,2
capital,2
j,2
sean,2
different,2
came,2
stories,2
could,2
inherent,2
time,2
children,2
particularly,2
out,2
government,2
worker,2
reflected,2
observes,2
markets,2
never,2
proletariat,2
though,2
focused,2
reading,2
aspects,2
them,2
appears,2
companies,2
ones,2
employers,2
otherwise,2
material,2
really,2
well,2
property,2
directly,2
suggests,2
r,2
xv,2
characterize,2
lost,2
marked,2
example,2
industrialized,2
two,2
role,2
encouraged,2
era,2
handicraft,2
resistance,2
behavior,2
wilentz,2
dependence,2
employed,2
formation,2
optimistic,2
peter,2
ireland,2
provision,2
emergent,2
waged,2
defined,2
turn,2
pessimistic,2
few,2
least,2
become,2
distinguished,2
marxist,2
degradation,2
can,2
masculine,2
trades,2
when,2
would,2
technological,2
recent,2
value,2
finds,2
digging,2
variety,2
industries,1
ammunition,1
trivialized,1
indentured,1
frequent,1
seems,1
bargain,1
david,1
needed,1
half,1
does,1
late,1
yields,1
industrialism,1
happen,1
brevity,1
typified,1
valuable,1
christian,1
mute,1
second,1
republic,1
recognized,1
situation,1
americans,1
firmer,1
whose,1
child,1
waltham,1
implications,1
minor,1
hobsbawm,1
south,1
observations,1
limits,1
absence,1
costs,1
various,1
independent,1
act,1
retrieves,1
if,1
contingent,1
will,1
later,1
interference,1
meaning,1
britain,1
aimed,1
ways,1
short,1
developed,1
bleak,1
although,1
impressive,1
faced,1
faults,1
created,1
claimed,1
techniques,1
irony,1
employment,1
play,1
decades,1
market,1
contraction,1
distress,1
deteriorating,1
levels,1
shelter,1
insufficient,1
barbara,1
machinist,1
female,1
margins,1
nexus,1
prevailing,1
bonds,1
attaching,1
army,1
alone,1
seen,1
detailed,1
bargaining,1
idealize,1
arrangements,1
necessary,1
introduction,1
monopolize,1
force,1
yankee,1
presently,1
malthusian,1
shanty,1
universe,1
legal,1
hobbesian,1
manifest,1
contribution,1
cash,1
attitudes,1
recognize,1
movement,1
percussion,1
direct,1
recently,1
parts,1
memorable,1
partially,1
proletarian,1
innovation,1
makes,1
expedients,1
insecurity,1
kinds,1
often,1
impersonal,1
mobility,1
expectations,1
hierarchical,1
mills,1
fall,1
about,1
united,1
once,1
transferring,1
cheap,1
factors,1
alive,1
moreover,1
wives,1
risks,1
widows,1
essential,1
cannot,1
federal,1
romantic,1
interpretation,1
support,1
rendition,1
fruition,1
completely,1
promise,1
double,1
security,1
intermittent,1
insistence,1
checking,1
marginal,1
appendixes,1
park,1
meant,1
servants,1
paternalistic,1
respect,1
us,1
neither,1
establishments,1
smith,1
management,1
specialization,1
reciprocal,1
legitimated,1
magnitude,1
indignities,1
question,1
light,1
elsewhere,1
typifies,1
historian,1
always,1
same,1
nineteenth,1
something,1
sharply,1
mourned,1
powerlessness,1
scrutinized,1
exemplified,1
document,1
frequently,1
too,1
predepression,1
situations,1
ascendant,1
circumstances,1
existence,1
most,1
show,1
arms,1
demonstrate,1
agents,1
predominantly,1
struck,1
democratic,1
increasingly,1
exploited,1
speaking,1
notre,1
fact,1
first,1
consistent,1
origins,1
lot,1
robert,1
avoided,1
picture,1
undeveloped,1
beneficial,1
exacted,1
recruits,1
generally,1
claims,1
modest,1
worst,1
discipline,1
actually,1
embraced,1
artisinal,1
disintegrating,1
occupational,1
commonly,1
mechanized,1
romanticizing,1
brutishness,1
majority,1
california,1
compensation,1
aspect,1
exchanges,1
destructive,1
attacks,1
challenge,1
power,1
m,1
evidence,1
strategy,1
know,1
locale,1
toward,1
civilians,1
regimen,1
rapid,1
refusal,1
santa,1
mutually,1
generated,1
actual,1
commanded,1
oppositional,1
undeniably,1
shortage,1
invokes,1
experienced,1
been,1
working,1
greater,1
winding,1
had,1
opening,1
hartwell,1
tradition,1
standards,1
efforts,1
joins,1
disorder,1
unifying,1
outside,1
slave,1
seem,1
available,1
designing,1
scholars,1
textiles,1
merritt,1
secondary,1
down,1
sweated,1
fortunes,1
cloak,1
appendix,1
upholds,1
featuring,1
erosion,1
compound,1
great,1
reasons,1
universal,1
current,1
indeed,1
temptation,1
report,1
so,1
analogy,1
relating,1
post,1
origin,1
england,1
ideology,1
larger,1
ephemeral,1
job,1
generalize,1
linked,1
wholly,1
hundred,1
wageearning,1
ph,1
concludes,1
very,1
end,1
emphatically,1
launch,1
substantially,1
sought,1
cities,1
otto,1
unfree,1
shoes,1
hostilities,1
another,1
appeared,1
misrepresenting,1
brotherhood,1
quality,1
options,1
senate,1
petty,1
underestimating,1
last,1
merely,1
better,1
conclusions,1
further,1
hand,1
left,1
stand,1
pure,1
unchanged,1
concepts,1
camps,1
psychic,1
creativity,1
suffering,1
equal,1
staking,1
rough,1
alike,1
somewhat,1
where,1
what,1
war,1
performed,1
reform,1
johns,1
junctures,1
developing,1
daniel,1
extreme,1
grail,1
papers,1
whether,1
predatory,1
nature,1
offering,1
see,1
prose,1
making,1
accounts,1
ordnance,1
reminds,1
issue,1
side,1
thin,1
piety,1
character,1
takes,1
occasional,1
add,1
however,1
muscular,1
nothing,1
xvii,1
seasonal,1
dialectic,1
pains,1
perhaps,1
manufactures,1
explain,1
instrumental,1
metropolitan,1
eds,1
books,1
enjoyed,1
autonomous,1
profit,1
fabricating,1
style,1
capacity,1
status,1
bubbling,1
fully,1
chants,1
hopkins,1
while,1
partial,1
comfortable,1
u,1
discontent,1
thousands,1
because,1
vulnerabilities,1
distinguishes,1
undermined,1
ties,1
insured,1
remained,1
priests,1
sites,1
argues,1
rationality,1
maturing,1
recruiting,1
almost,1
tobin,1
participation,1
unequal,1
wonders,1
postdepression,1
private,1
lumpen,1
horizon,1
whiteness,1
upward,1
machinery,1
substantial,1
casual,1
literature,1
cap,1
international,1
insights,1
translated,1
minimizing,1
extent,1
abundantly,1
romanticize,1
bibliography,1
nonpayment,1
presented,1
farming,1
eighteenth,1
carry,1
erie,1
charity,1
contours,1
true,1
slaves,1
claim,1
uglier,1
diss,1
decent,1
prominent,1
munitions,1
brought,1
thereby,1
met,1
smooth,1
point,1
except,1
tens,1
part,1
through,1
stereotyping,1
familial,1
civil,1
deplores,1
originating,1
sufficiently,1
clearer,1
became,1
apply,1
canals,1
carp,1
crafts,1
bourgeois,1
positions,1
reports,1
transition,1
findings,1
must,1
optimists,1
empirical,1
assumptions,1
significant,1
expression,1
extended,1
food,1
trappings,1
entrepreneurs,1
older,1
modem,1
operated,1
refined,1
virtually,1
clothing,1
factor,1
pessimists,1
collective,1
factional,1
officers,1
conceptualize,1
representation,1
yielded,1
satisfactorily,1
moulding,1
interchangeability,1
ethnic,1
said,1
terms,1
freedom,1
real,1
maintains,1
complaints,1
relates,1
throughout,1
personal,1
full,1
regions,1
we,1
sickness,1
newspaper,1
believes,1
craftsmen,1
systematic,1
differentially,1
unsurpassed,1
until,1
students,1
influx,1
racism,1
explained,1
journeymen,1
laborer,1
commercial,1
argument,1
unemployment,1
immediate,1
roger,1
low,1
development,1
received,1
cambridge,1
help,1
intensified,1
loosely,1
exonerated,1
provoked,1
against,1
directed,1
tables,1
unpublished,1
machine,1
certain,1
integral,1
finally,1
sustain,1
canalling,1
foreman,1
change,1
dangerous,1
relatively,1
manufactories,1
held,1
rationalized,1
manufacturers,1
applicable,1
individual,1
bond,1
times,1
land,1
coherently,1
dame,1
shared,1
uniformity,1
truck,1
general,1
unskilled,1
manufacture,1
summer,1
admission,1
complex,1
hardly,1
pay,1
states,1
played,1
protest,1
integration,1
vengeance,1
attributes,1
linking,1
stresses,1
piece,1
lowly,1
catholic,1
contrast,1
imposed,1
militant,1
emphasizes,1
managerial,1
nelson,1
writing,1
lose,1
adequately,1
remains,1
unobjectionable,1
increased,1
destroyed,1
immigrants,1
exchange,1
payment,1
legally,1
diggers,1
perspective,1
several,1
needs,1
artisans,1
narrowly,1
enough,1
profound,1
encompass,1
mining,1
catherine,1
depression,1
assumed,1
temporary,1
psychological,1
eloquent,1
primary,1
complete,1
rates,1
craft,1
models,1
monetized,1
drinking,1
mayr,1
c,1
outnumbered,1
characterization,1
advent,1
continuous,1
displayed,1
deliberate,1
accordingly,1
workforce,1
overstates,1
attendant,1
digger,1
enterprise,1
beginning,1
d,1
james,1
customary,1
competition,1
up,1
armorer,1
story,1
stimulating,1
journal,1
parameters,1
roe,1
critique,1
much,1
lesson,1
world,1
ground,1
city,1
pacified,1
dismissive,1
permanent,1
roots,1
relative,1
concise,1
responsibility,1
criticizes,1
basically,1
ago,1
discouraged,1
alternative,1
outright,1
guaranteed,1
acted,1
function,1
attention,1
encompassing,1
influence,1
waiting,1
competitive,1
stigma,1
division,1
cited,1
roediger,1
major,1
justice,1
symbiotic,1
reliant,1
separate,1
operating,1
