WORDCOUNTS,WEIGHT
the,138
of,111
and,77
in,63
to,63
a,40
black,40
s,30
horton,23
p,21
free,21
their,19
as,18
is,17
that,17
american,13
for,13
which,13
with,12
this,12
community,11
by,11
his,10
are,10
were,10
have,10
on,10
be,10
he,9
or,9
antebellum,8
but,8
more,8
both,8
it,7
study,7
from,7
was,7
past,7
own,7
an,7
usable,6
history,6
also,6
color,6
african,6
such,6
blacks,6
much,6
race,6
major,6
at,5
van,5
within,5
they,5
one,5
about,5
not,5
these,5
new,5
racial,5
deburg,5
some,5
progress,5
even,5
mandela,5
world,5
among,5
south,4
will,4
provide,4
group,4
southern,4
us,4
section,4
either,4
slavery,4
had,4
did,4
readers,4
william,4
what,4
terms,4
james,4
made,4
continue,4
author,4
would,4
family,4
life,4
between,4
northern,4
society,4
communities,3
aid,3
struggle,3
l,3
been,3
education,3
university,3
diversity,3
most,3
fugitive,3
volume,3
here,3
important,3
nature,3
regard,3
report,3
nevertheless,3
oliver,3
mind,3
do,3
those,3
reviews,3
them,3
has,3
day,3
work,3
mutual,3
boston,3
diggs,3
through,3
city,3
example,3
behavior,3
chapters,3
vii,3
three,3
washington,3
social,3
century,3
migrants,3
themselves,3
up,3
so,3
may,2
ending,2
second,2
philadelphia,2
whose,2
equality,2
note,2
overly,2
later,2
economic,2
how,2
alone,2
interdependence,2
institutions,2
e,2
who,2
says,2
mainstream,2
similar,2
certain,2
movement,2
ongoing,2
existed,2
true,2
support,2
violence,2
bonds,2
preview,2
makes,2
matters,2
quick,2
always,2
complexity,2
too,2
women,2
themes,2
said,2
additional,2
regional,2
notions,2
party,2
organizations,2
buffalo,2
problems,2
cohesiveness,2
comparative,2
taken,2
others,2
view,2
over,2
fugitives,2
all,2
other,2
individuals,2
scholars,2
areas,2
could,2
manifested,2
out,2
larger,2
research,2
reveal,2
events,2
far,2
d,2
end,2
commitment,2
fashion,2
just,2
state,2
greatly,2
activism,2
political,2
somewhat,2
activist,2
accepted,2
population,2
form,2
see,2
era,2
guarantee,2
narrative,2
belief,2
historians,2
relationships,2
while,2
america,2
historiographical,2
march,2
well,2
remained,2
influenced,2
understanding,2
line,2
urban,2
theirs,2
lois,2
concept,2
purpose,2
whites,2
contacts,2
press,2
pedagogical,2
role,2
unity,2
issues,2
people,2
long,2
natives,2
freedom,2
personal,2
however,2
we,2
than,2
surely,2
few,2
development,2
ethnicity,2
clear,2
against,2
commonality,2
finally,2
told,2
joined,2
mixed,2
like,2
masters,2
californians,2
nelson,2
old,2
concerns,2
slave,2
can,2
networks,2
structure,2
fully,2
white,2
little,2
communication,2
focus,2
prison,2
ends,2
notes,2
provided,2
settlers,1
variation,1
fails,1
final,1
four,1
carried,1
jails,1
liberation,1
mechanisms,1
dalton,1
critical,1
operation,1
republican,1
i,1
interesting,1
possessed,1
thwarted,1
states,1
noteworthy,1
underground,1
recognized,1
americans,1
farm,1
chains,1
significant,1
implications,1
today,1
warrants,1
africa,1
absence,1
various,1
wisdom,1
keeps,1
common,1
lot,1
independent,1
bringing,1
bars,1
george,1
if,1
multiple,1
districts,1
links,1
motivation,1
labeled,1
complexities,1
groups,1
you,1
constituents,1
impressive,1
rule,1
overall,1
suggestive,1
blessed,1
exile,1
pieces,1
tempted,1
consists,1
play,1
schemes,1
unit,1
affected,1
inside,1
lines,1
introductions,1
brief,1
forward,1
bare,1
struggled,1
worthy,1
exception,1
sores,1
concluding,1
seen,1
detailed,1
still,1
reconstruction,1
dissimilarity,1
introduction,1
determining,1
antislavery,1
tools,1
legal,1
experiences,1
church,1
cracks,1
large,1
womanhood,1
complex,1
ix,1
contributions,1
chattel,1
why,1
colorcoded,1
sanctuary,1
positive,1
freedmen,1
mobility,1
illustrations,1
larry,1
handicap,1
essays,1
blood,1
read,1
appropriateness,1
united,1
inferior,1
join,1
linkages,1
republicans,1
update,1
respect,1
composed,1
enforced,1
yet,1
types,1
remnants,1
victor,1
outset,1
when,1
accounts,1
opportunities,1
kernel,1
articles,1
escape,1
pp,1
rules,1
devotion,1
win,1
nor,1
interpretive,1
case,1
keil,1
investigate,1
facilitated,1
england,1
counterparts,1
better,1
readily,1
isolationist,1
sociocultural,1
stable,1
considered,1
preachy,1
tensions,1
ideals,1
acceptance,1
freestanding,1
addressed,1
spur,1
quantitative,1
linguist,1
index,1
sections,1
necessarily,1
familiar,1
into,1
stereotyped,1
b,1
organized,1
sociological,1
shadow,1
editorial,1
railroad,1
total,1
holding,1
linked,1
informal,1
light,1
proved,1
formation,1
elsewhere,1
consciousness,1
elected,1
historian,1
exceptions,1
inculcate,1
skewed,1
york,1
tying,1
operatives,1
skin,1
result,1
conclusion,1
attuned,1
analogues,1
transcends,1
signal,1
cousins,1
age,1
different,1
show,1
conceptualization,1
two,1
identification,1
experience,1
highlight,1
manor,1
violations,1
boarding,1
ever,1
noted,1
painful,1
neighborhood,1
shorter,1
pace,1
theme,1
pierson,1
direction,1
policy,1
beyond,1
explaining,1
affections,1
published,1
shunned,1
treachery,1
double,1
physical,1
ll,1
cottrol,1
modest,1
prince,1
meshes,1
scipio,1
members,1
certainly,1
leader,1
autonomy,1
transgress,1
creation,1
slaveholding,1
organizational,1
willing,1
sustained,1
paul,1
competent,1
established,1
greatness,1
book,1
set,1
coauthored,1
strivers,1
individualist,1
m,1
stated,1
cases,1
integrative,1
know,1
faced,1
providing,1
again,1
seem,1
punish,1
stands,1
identified,1
sunday,1
colonization,1
friends,1
each,1
occupationally,1
mileage,1
many,1
slaveowners,1
bountyhunters,1
roark,1
greater,1
stratification,1
release,1
paper,1
cartoon,1
standards,1
leaving,1
historiography,1
advance,1
nationality,1
communal,1
shows,1
lack,1
whom,1
betrayal,1
identifying,1
access,1
barbershop,1
deprived,1
societies,1
allow,1
leaders,1
nineteenth,1
six,1
together,1
found,1
conceptualized,1
indelibly,1
desire,1
expense,1
babylon,1
beliefs,1
rugged,1
universal,1
cell,1
skulking,1
attempting,1
rarely,1
deems,1
inquiry,1
viii,1
rich,1
normative,1
time,1
bostonians,1
follows,1
walked,1
brothers,1
creates,1
job,1
warning,1
clearly,1
plague,1
dared,1
quintessential,1
pigmentation,1
shifts,1
fallen,1
forging,1
cages,1
carolina,1
debates,1
runaways,1
providence,1
remain,1
precarious,1
rightly,1
resolved,1
iron,1
identities,1
deemed,1
considerable,1
man,1
constantly,1
discussed,1
habit,1
struggles,1
ancestry,1
simple,1
works,1
culture,1
expressions,1
brotherhood,1
february,1
antiapartheid,1
channel,1
evaluate,1
julie,1
urbanization,1
men,1
patterns,1
failed,1
further,1
studies,1
freshly,1
learn,1
primitive,1
embarrassing,1
understood,1
complicated,1
rough,1
hall,1
delineated,1
discipline,1
where,1
committed,1
war,1
gary,1
reform,1
behind,1
johns,1
confused,1
leonard,1
existing,1
power,1
establish,1
papers,1
relevant,1
agile,1
citizenship,1
facade,1
michael,1
heavily,1
system,1
ones,1
involvement,1
students,1
want,1
issue,1
whitten,1
otherwise,1
takes,1
material,1
agencies,1
existence,1
attitudes,1
preoccupation,1
hartmut,1
sociologist,1
protective,1
koger,1
eastern,1
burdened,1
find,1
enough,1
exploration,1
adaptation,1
loved,1
dream,1
shane,1
task,1
germans,1
verster,1
propensity,1
chief,1
hopkins,1
number,1
sought,1
sustenance,1
remarkably,1
draw,1
ventures,1
early,1
degree,1
cloth,1
migrations,1
equally,1
rationality,1
chapter,1
local,1
account,1
precedent,1
tip,1
compose,1
observations,1
views,1
status,1
ideal,1
possible,1
distinguish,1
future,1
marked,1
suspicion,1
correctly,1
contain,1
art,1
shared,1
cult,1
lost,1
residents,1
conference,1
marking,1
burden,1
coax,1
move,1
intention,1
driver,1
circa,1
carry,1
values,1
must,1
limitations,1
repetition,1
slaves,1
reader,1
determined,1
curry,1
extricate,1
formal,1
prompted,1
psychological,1
radicals,1
story,1
point,1
compelling,1
part,1
introduced,1
winch,1
planter,1
apparent,1
calls,1
secret,1
conceptualizations,1
along,1
department,1
elite,1
irish,1
reveals,1
identity,1
gender,1
whatever,1
reminded,1
narrowness,1
assumptions,1
got,1
fellowship,1
confronted,1
subculture,1
fixation,1
recounts,1
persisted,1
unworthy,1
contemporary,1
during,1
place,1
factor,1
teachings,1
families,1
collective,1
colonized,1
postbellum,1
stress,1
learned,1
goals,1
questions,1
conflict,1
actual,1
associations,1
andrew,1
committees,1
protected,1
throughout,1
come,1
minted,1
ronald,1
employed,1
nash,1
compact,1
moderate,1
internal,1
hack,1
shown,1
until,1
shelter,1
obliged,1
only,1
versions,1
immediate,1
detract,1
years,1
dynamics,1
inner,1
strengthened,1
significance,1
points,1
accommodation,1
durnford,1
functions,1
there,1
interior,1
twentieth,1
tables,1
comprehensive,1
national,1
solidifying,1
nell,1
g,1
agreement,1
catch,1
takaki,1
acculturative,1
aided,1
disputes,1
aberrant,1
good,1
wish,1
relatively,1
creating,1
futures,1
ended,1
viewing,1
individual,1
relations,1
vigilance,1
david,1
sugar,1
outmoded,1
although,1
divisions,1
mulattoes,1
viable,1
revised,1
application,1
anger,1
ready,1
honestly,1
reformers,1
regarded,1
louisiana,1
revolution,1
illiteracy,1
utilizes,1
escaped,1
protest,1
integration,1
arrivals,1
locus,1
stresses,1
affairs,1
uplift,1
counted,1
contrast,1
guided,1
inmate,1
await,1
subservience,1
caption,1
area,1
careful,1
applicable,1
workhouses,1
intrinsic,1
thomas,1
remains,1
alike,1
developments,1
late,1
immigrants,1
loose,1
small,1
opposition,1
honest,1
academic,1
detached,1
code,1
freed,1
sufficient,1
especially,1
specific,1
disunity,1
eleven,1
written,1
include,1
back,1
vessel,1
smithsonian,1
news,1
commentators,1
promote,1
incapable,1
spacial,1
serving,1
africans,1
topic,1
houses,1
glimpse,1
presence,1
newcomers,1
judson,1
fellows,1
catchers,1
c,1
variations,1
elites,1
rejection,1
yankees,1
boundaries,1
diversified,1
johnson,1
incarceration,1
folkways,1
masculine,1
profit,1
dark,1
cohesive,1
descendants,1
imprisonment,1
lay,1
journal,1
deterrent,1
inegalitarian,1
conventions,1
details,1
need,1
robert,1
institution,1
north,1
recent,1
simplistic,1
ignore,1
value,1
weigh,1
should,1
newly,1
resembled,1
quarter,1
cooperative,1
alternative,1
finds,1
toward,1
sailing,1
inform,1
termed,1
specialty,1
sisters,1
actions,1
awaiting,1
aboard,1
expressly,1
separate,1
scholar,1
