WORDCOUNTS,WEIGHT
the,112
and,104
of,67
in,58
a,52
to,33
s,26
that,23
oregon,22
their,21
political,21
by,19
were,18
california,17
johnson,15
constitution,13
his,11
nevada,11
for,11
is,9
from,9
at,8
founders,8
these,8
which,8
three,8
between,8
mining,8
settlers,7
they,7
american,7
delegates,7
was,7
are,7
new,7
state,7
charter,7
this,7
writers,7
west,7
states,7
on,7
who,6
culture,6
industrial,6
first,6
economic,6
had,6
reflected,6
politics,6
far,6
became,6
divisions,6
an,6
convention,6
he,5
goldseekers,5
territorial,5
ideology,5
large,5
or,5
territories,5
those,5
statehood,5
during,5
issues,5
century,5
among,5
process,4
earlier,4
as,4
with,4
its,4
also,4
shaped,4
incorporating,4
societies,4
there,4
america,4
constitutional,4
social,4
although,4
californians,4
after,4
society,4
americans,3
later,3
corporate,3
how,3
strains,3
miners,3
analysis,3
existed,3
history,3
into,3
result,3
but,3
age,3
extensive,3
power,3
over,3
many,3
different,3
other,3
location,3
rule,3
out,3
end,3
war,3
reviews,3
them,3
native,3
produce,3
government,3
met,3
part,3
civil,3
press,3
individuality,3
significant,3
largely,3
railroads,3
commercial,3
author,3
land,3
period,3
few,3
be,3
capitalism,3
notes,3
book,2
will,2
failed,2
therefore,2
continued,2
slavery,2
growth,2
been,2
success,2
represented,2
community,2
grew,2
group,2
drafters,2
one,2
class,2
study,2
often,2
fate,2
not,2
mexican,2
opportunities,2
lives,2
settled,2
former,2
university,2
western,2
occurred,2
homogeneous,2
antebellum,2
nineteenth,2
steve,2
most,2
two,2
experience,2
notions,2
organization,2
party,2
law,2
military,2
each,2
december,2
capital,2
leading,2
statemaking,2
offers,2
farmers,2
regulation,2
loyalty,2
appendix,2
larger,2
banks,2
incorporation,2
potts,2
composition,2
very,2
products,2
resolved,2
achieved,2
beliefs,2
serious,2
limited,2
where,2
produced,2
corporations,2
references,2
gilded,2
varying,2
enjoyed,2
style,2
while,2
free,2
leaders,2
years,2
local,2
original,2
future,2
salem,2
literature,2
fourteen,2
shared,2
jacksonian,2
portraits,2
ruled,2
region,2
significantly,2
through,2
city,2
example,2
play,2
role,2
work,2
goals,2
varied,2
midwestern,2
personal,2
differed,2
suffrage,2
led,2
until,2
alan,2
development,2
moral,2
neighbors,2
legacy,2
david,2
would,2
so,2
high,2
carson,2
involved,2
document,2
internal,2
commerce,2
reached,2
era,2
oregonians,2
little,2
than,2
finds,2
generation,2
roles,2
influence,2
revolved,1
precipitously,1
thomas,1
adulthood,1
four,1
frontier,1
selfinterest,1
rights,1
increasing,1
it,1
neely,1
republican,1
transportation,1
imprint,1
compotts,1
fueled,1
actors,1
recognized,1
jeffersonian,1
belonged,1
booms,1
contest,1
contact,1
difficult,1
common,1
lot,1
conflicting,1
inhabitants,1
managers,1
if,1
within,1
analyses,1
tion,1
willingly,1
encompassed,1
generous,1
corruption,1
indeed,1
integrating,1
impressive,1
created,1
remain,1
suspected,1
migrated,1
ironically,1
might,1
legislator,1
motivated,1
brief,1
resulted,1
college,1
longest,1
model,1
cohort,1
separateness,1
slow,1
disagreements,1
trait,1
referred,1
politicians,1
still,1
opportunity,1
dealt,1
introduction,1
brilliantly,1
notably,1
bill,1
manuscript,1
currency,1
designs,1
lasted,1
eight,1
statehoods,1
transformation,1
likewise,1
riven,1
direct,1
governorship,1
complex,1
greenwood,1
religious,1
life,1
changes,1
selection,1
acquisitive,1
satisfaction,1
unusual,1
illustrations,1
offering,1
lawyer,1
worked,1
about,1
philosophies,1
hope,1
once,1
factors,1
leamed,1
drafted,1
ways,1
shortage,1
all,1
branded,1
fervently,1
pp,1
read,1
arrowhead,1
older,1
thought,1
modern,1
grounded,1
pressures,1
old,1
oath,1
photographs,1
under,1
mobile,1
missionaries,1
legacies,1
detail,1
quantitatively,1
comparisons,1
improvement,1
statistical,1
index,1
sections,1
character,1
management,1
environment,1
unlike,1
methodist,1
contained,1
included,1
completinzg,1
teaches,1
monument,1
associated,1
before,1
tenacity,1
consciousness,1
growing,1
finely,1
same,1
lord,1
impact,1
ranching,1
dialectical,1
contemporaries,1
outlined,1
complexity,1
westerners,1
lure,1
wartime,1
respective,1
hudson,1
geographic,1
records,1
supporter,1
regional,1
origins,1
powerful,1
parties,1
theme,1
vietnam,1
isolated,1
detective,1
acceptable,1
natures,1
attorney,1
useful,1
voters,1
spiritual,1
supports,1
long,1
writing,1
certainly,1
transitory,1
visitor,1
more,1
kennedy,1
successfully,1
progressed,1
creations,1
lode,1
heritage,1
concerns,1
set,1
founding,1
challenge,1
steady,1
attempts,1
chaos,1
milieu,1
mon,1
toward,1
again,1
decades,1
berkeley,1
drawing,1
natural,1
fates,1
capitalists,1
lifestyle,1
permanently,1
engineers,1
control,1
emerged,1
holdings,1
experienced,1
challenges,1
contention,1
j,1
winding,1
nature,1
piling,1
efforts,1
legislative,1
heated,1
company,1
immense,1
path,1
overwhelming,1
partisans,1
scholars,1
did,1
agrarian,1
supremacy,1
succeeds,1
unwillingly,1
found,1
desire,1
republicanism,1
convert,1
called,1
documents,1
differences,1
histories,1
predominated,1
relating,1
time,1
achievement,1
energetic,1
accommodated,1
demands,1
diverse,1
speculation,1
reveal,1
exuberant,1
debates,1
contemporary,1
primary,1
examining,1
workable,1
misdeeds,1
i,1
find,1
man,1
comstock,1
newspapers,1
struggles,1
disputes,1
statemakers,1
fragments,1
representative,1
rhetoric,1
depopulation,1
men,1
hispanic,1
hint,1
took,1
qualitatively,1
use,1
concepts,1
primitive,1
eve,1
principal,1
william,1
cultural,1
mid,1
brilliant,1
governors,1
text,1
mormon,1
johns,1
strained,1
bore,1
hibbing,1
unique,1
afforded,1
establish,1
soundly,1
population,1
environments,1
unemployment,1
british,1
deliberations,1
issue,1
side,1
well,1
reign,1
indelible,1
monograph,1
contiguous,1
colony,1
controversy,1
however,1
nascent,1
deep,1
forward,1
xiv,1
map,1
counties,1
judicial,1
narrative,1
required,1
eastern,1
donation,1
ignoring,1
east,1
historians,1
exemptions,1
draws,1
hopkins,1
bastion,1
mandated,1
thousands,1
right,1
strikes,1
remained,1
taxes,1
retain,1
gained,1
balance,1
another,1
influenced,1
published,1
demonstrated,1
lends,1
emphasis,1
up,1
greatest,1
reveals,1
authentic,1
ferreting,1
temperance,1
accomplishment,1
cluster,1
residents,1
abolitionist,1
background,1
powers,1
already,1
made,1
bibliography,1
concludes,1
transplanted,1
carries,1
john,1
currently,1
framed,1
active,1
fine,1
determined,1
voice,1
challenging,1
communities,1
founded,1
disparate,1
given,1
monterey,1
arose,1
despite,1
behaviors,1
prevalent,1
dazzling,1
elite,1
federal,1
wrought,1
minnesota,1
encouraged,1
imbued,1
explication,1
assumptions,1
rigid,1
territory,1
amass,1
year,1
plow,1
masterful,1
entrepreneurs,1
discussions,1
despondent,1
arguments,1
factor,1
phenomenon,1
engaging,1
indians,1
beginnings,1
hispanics,1
people,1
ideas,1
labor,1
succeededand,1
bitter,1
evolution,1
conflict,1
central,1
story,1
cliques,1
stewart,1
throughout,1
searching,1
illustrative,1
rise,1
elucidates,1
contribution,1
showing,1
missions,1
severe,1
invasion,1
argues,1
ignored,1
vitriolic,1
frontiers,1
pursue,1
wildcat,1
clear,1
bent,1
discovered,1
hordes,1
policy,1
directed,1
modem,1
have,1
hierarchy,1
de,1
makes,1
interest,1
good,1
change,1
tone,1
creating,1
mindful,1
course,1
august,1
joined,1
mixed,1
construct,1
sense,1
successful,1
characterized,1
fitch,1
like,1
grouped,1
labored,1
no,1
anger,1
function,1
collins,1
product,1
lee,1
unfamiliar,1
superintendents,1
sketching,1
catholic,1
espoused,1
bryce,1
newspaperman,1
democrat,1
midst,1
individual,1
relations,1
around,1
chronicling,1
divisive,1
small,1
artificial,1
practiced,1
bay,1
needs,1
migrants,1
profits,1
readers,1
specific,1
charles,1
blacks,1
claims,1
cogent,1
migration,1
approval,1
revealing,1
promote,1
deciding,1
depression,1
allowed,1
brought,1
further,1
glimpse,1
presence,1
young,1
compromise,1
dramatic,1
newcomers,1
themselves,1
allowing,1
peripatetic,1
played,1
ally,1
boundaries,1
banking,1
anderson,1
differing,1
blessings,1
tended,1
dissonant,1
judicious,1
networks,1
debate,1
james,1
jason,1
early,1
fears,1
euroamerican,1
rein,1
divides,1
dependent,1
communication,1
raised,1
focus,1
looming,1
world,1
figures,1
ground,1
strong,1
constitupotts,1
lengthy,1
recent,1
lincoln,1
attention,1
delayed,1
race,1
actions,1
close,1
draft,1
wagelabor,1
court,1
geographical,1
activities,1
major,1
occur,1
capturing,1
increase,1
gold,1
separate,1
threads,1
thorough,1
edited,1
