WORDCOUNTS,WEIGHT
the,162
of,96
and,75
in,66
to,46
a,27
nazi,26
american,22
is,21
as,18
that,18
eugenicists,18
by,16
for,15
eugenics,15
germany,14
kuhl,14
united,13
states,13
he,12
p,12
on,12
race,12
this,11
was,10
among,9
from,8
s,8
between,8
at,7
history,7
but,7
has,7
which,7
his,6
scientific,6
about,6
with,6
more,6
other,6
work,6
international,6
were,6
have,6
it,5
racism,5
been,5
community,5
study,5
not,5
studies,5
university,5
into,5
scientists,5
racial,5
such,5
eugenic,5
research,5
groups,4
after,4
their,4
thought,4
policy,4
all,4
connection,4
book,4
particularly,4
cocks,4
there,4
kiihl,4
state,4
what,4
hitler,4
both,4
sterilization,4
policies,4
people,4
human,4
social,4
things,4
you,4
even,4
much,4
an,4
society,4
handicapped,3
archives,3
high,3
german,3
betterment,3
within,3
soviet,3
who,3
they,3
movement,3
white,3
itself,3
hygienists,3
had,3
before,3
culture,3
are,3
sources,3
fund,3
over,3
many,3
propaganda,3
pioneer,3
contemporary,3
california,3
reviews,3
attitudes,3
public,3
basis,3
measures,3
made,3
upon,3
admired,3
west,3
example,3
ethnic,3
legislation,3
i,3
argues,3
since,3
g,3
kuihl,3
david,3
effects,3
earlier,3
provided,3
second,2
done,2
played,2
minorities,2
labeled,2
still,2
group,2
one,2
life,2
inferior,2
reference,2
susan,2
western,2
or,2
stefan,2
publicly,2
bielefeld,2
performed,2
these,2
founded,2
most,2
extensive,2
superior,2
first,2
only,2
published,2
also,2
power,2
important,2
know,2
december,2
geoffrey,2
prejudices,2
europe,2
leading,2
our,2
documents,2
reform,2
foundation,2
new,2
very,2
primary,2
man,2
late,2
do,2
supporters,2
according,2
intelligence,2
johns,2
persons,2
however,2
be,2
your,2
anthropologists,2
hopkins,2
america,2
will,2
bibliography,2
part,2
laws,2
genetic,2
press,2
against,2
significant,2
use,2
demonstrates,2
bias,2
ethnocentric,2
full,2
psychologist,2
than,2
my,2
national,2
common,2
collaboration,2
evidence,2
gross,2
opinions,2
bethel,2
socialist,2
century,2
extensively,2
seeks,2
dangerous,2
exchange,2
supported,2
region,2
races,2
given,2
solomon,2
world,2
we,2
connections,2
bock,2
brevity,2
final,1
fascist,1
pearson,1
european,1
go,1
critical,1
oxford,1
totalizing,1
equation,1
collaborations,1
film,1
relationship,1
fascism,1
rests,1
erbkrank,1
aid,1
revisionist,1
york,1
paralleled,1
deny,1
oriented,1
toward,1
coats,1
practices,1
various,1
statist,1
way,1
declared,1
provide,1
science,1
chase,1
observers,1
elevate,1
action,1
blatantly,1
gradual,1
imported,1
testing,1
revival,1
immune,1
program,1
scratched,1
stocks,1
albion,1
does,1
landscape,1
berkeley,1
protestant,1
resulted,1
recognizes,1
observer,1
widespread,1
nearly,1
male,1
supporting,1
nazis,1
get,1
lost,1
sterilize,1
active,1
categorization,1
allen,1
adoption,1
detailed,1
harry,1
mclean,1
ordering,1
force,1
goliath,1
make,1
jensen,1
manuscript,1
president,1
manages,1
thirteen,1
likewise,1
center,1
countries,1
slippery,1
rejoinders,1
settled,1
sanctuary,1
special,1
psychoanalytically,1
rank,1
methods,1
mismeasure,1
laudation,1
danger,1
tend,1
kohut,1
schools,1
authority,1
respect,1
philippe,1
murder,1
support,1
when,1
scene,1
meanwhile,1
psychiatry,1
slopes,1
sensed,1
solutions,1
elitist,1
pp,1
marginal,1
eugene,1
pressures,1
want,1
continuity,1
wanted,1
devotes,1
decade,1
inspiration,1
policymakers,1
lerner,1
extermination,1
entry,1
index,1
abandonment,1
jay,1
authorities,1
thinking,1
under,1
consciousness,1
growing,1
protect,1
conclusion,1
antisemitic,1
bodelschwinghschen,1
malthus,1
version,1
gosney,1
without,1
industrial,1
exterminate,1
two,1
department,1
bytovoi,1
detect,1
painful,1
fact,1
impatience,1
anything,1
stalin,1
powerful,1
surface,1
modernist,1
stephen,1
beyond,1
picture,1
us,1
regime,1
alleging,1
position,1
charles,1
specifically,1
whom,1
certainly,1
pseudoscientists,1
name,1
patients,1
organizational,1
here,1
feeble,1
rushton,1
dominant,1
originally,1
ii,1
attempts,1
projected,1
exploration,1
suggested,1
providing,1
opportunism,1
others,1
admiration,1
drawing,1
rapid,1
advocated,1
constitution,1
preserve,1
refused,1
worked,1
emerged,1
introducing,1
each,1
apologists,1
generously,1
j,1
character,1
compulsory,1
result,1
did,1
kevles,1
serving,1
organized,1
came,1
laughlin,1
shows,1
capitalist,1
individuals,1
harbor,1
areas,1
striking,1
opposing,1
inherent,1
expense,1
half,1
great,1
access,1
regard,1
emphasis,1
report,1
forces,1
sociologically,1
rivalry,1
time,1
out,1
government,1
respondents,1
intellectuals,1
atlantic,1
john,1
briefdelineation,1
wore,1
arthur,1
sees,1
survey,1
take,1
charges,1
discussed,1
feature,1
experts,1
question,1
men,1
evident,1
academic,1
mind,1
well,1
racist,1
banker,1
those,1
ground,1
robert,1
founder,1
opposite,1
institute,1
where,1
war,1
numbers,1
hostile,1
mainline,1
persuasively,1
daniel,1
wyman,1
implicit,1
projection,1
similarities,1
population,1
list,1
less,1
until,1
making,1
references,1
case,1
documenting,1
lapon,1
explicit,1
era,1
fortune,1
politic,1
habitual,1
deep,1
sociologist,1
saving,1
helper,1
toto,1
college,1
sociobiology,1
colonies,1
frailties,1
task,1
procreation,1
money,1
while,1
encouraging,1
mass,1
really,1
hall,1
receive,1
because,1
improve,1
distinguishes,1
secure,1
degree,1
reminds,1
consists,1
installed,1
chapter,1
lanny,1
original,1
percent,1
psychology,1
prior,1
ideal,1
virginia,1
marked,1
honors,1
sufferer,1
popular,1
mutual,1
bought,1
richard,1
investigator,1
magazine,1
carry,1
gisela,1
true,1
professor,1
sides,1
documentary,1
recognition,1
taking,1
mental,1
four,1
combination,1
point,1
collections,1
london,1
uniform,1
decisive,1
purpose,1
virtues,1
establishment,1
show,1
increase,1
desirable,1
contacts,1
related,1
role,1
herself,1
its,1
mentally,1
concern,1
criticized,1
moral,1
everywhere,1
acute,1
whole,1
largely,1
during,1
prejudice,1
emphasize,1
dear,1
congress,1
professionalizing,1
funded,1
tremendously,1
isolated,1
goethe,1
writing,1
divide,1
exploited,1
trend,1
ontario,1
friend,1
varied,1
descendents,1
thus,1
civilization,1
laboratory,1
jolted,1
royal,1
unpublished,1
trip,1
false,1
previous,1
propagate,1
complicated,1
believes,1
moderate,1
realms,1
xviii,1
historically,1
students,1
continuities,1
spring,1
argument,1
lists,1
roger,1
dynamics,1
editor,1
reaction,1
interested,1
clear,1
observed,1
three,1
genetically,1
minds,1
visited,1
analyzing,1
twentieth,1
modem,1
confer,1
reputation,1
health,1
dynamic,1
interest,1
wish,1
held,1
general,1
legacy,1
closing,1
controversies,1
jewry,1
correct,1
smith,1
prevents,1
conducted,1
maximalization,1
period,1
need,1
cold,1
regarded,1
shaping,1
heinz,1
unhealthy,1
curve,1
attributes,1
forced,1
order,1
attempted,1
off,1
stimulated,1
sponsors,1
socialism,1
intramural,1
standard,1
psychiatrists,1
valid,1
measured,1
officials,1
sake,1
elements,1
association,1
latter,1
epileptic,1
small,1
enhancement,1
alcoholic,1
especially,1
specific,1
behind,1
deed,1
revealing,1
response,1
cartesianism,1
jews,1
practitioner,1
careerism,1
caucasian,1
themselves,1
decline,1
healthy,1
authoritatively,1
third,1
engineering,1
campuses,1
right,1
transitory,1
can,1
core,1
dedicated,1
priests,1
expand,1
student,1
consequently,1
begs,1
arose,1
productivity,1
northern,1
sterilizations,1
resistance,1
critique,1
leftists,1
anstalten,1
correspondence,1
gould,1
institution,1
often,1
tendency,1
north,1
recent,1
notes,1
simplistic,1
conducting,1
criminals,1
regimes,1
though,1
nuanced,1
restricting,1
immigration,1
nativist,1
rest,1
close,1
convincingly,1
gordon,1
widely,1
von,1
cites,1
moreover,1
separate,1
him,1
