WORDCOUNTS,WEIGHT
the,552
of,381
to,175
and,162
in,162
a,156
wiebe,119
that,116
was,106
for,105
order,82
history,76
is,74
as,73
s,68
it,62
search,54
modernization,52
not,52
p,51
this,45
with,44
its,42
but,40
social,37
by,37
on,37
at,34
pp,34
theory,34
be,33
one,29
hegel,29
new,29
modernity,28
or,28
would,28
were,27
people,26
an,26
thinking,26
bureaucratic,26
like,25
more,24
there,23
some,22
had,22
he,22
about,22
all,22
book,22
see,22
what,21
than,20
their,20
society,20
thought,20
from,20
they,19
no,19
american,18
his,17
class,17
much,17
own,16
i,16
any,16
did,16
have,16
modern,15
just,15
sense,15
community,15
so,15
democracy,14
are,14
world,14
only,14
political,13
such,13
even,13
middle,13
change,13
parsons,13
way,12
if,12
into,12
other,12
could,12
system,12
conflict,12
most,12
used,12
will,12
destiny,12
philosophies,12
very,12
human,11
after,11
wrote,11
end,11
amnesia,11
evolutionary,11
lippmann,11
rational,10
how,10
part,10
nation,10
whole,10
has,10
up,10
still,10
life,10
here,10
terms,10
politics,10
through,10
years,10
instead,10
ways,9
might,9
words,9
argued,9
too,9
understood,9
reviews,9
violence,9
these,9
time,9
where,9
made,9
can,9
historical,9
cmiel,9
freedom,9
something,8
process,8
war,8
public,8
civil,8
things,8
june,8
when,8
progress,8
also,8
same,8
faith,8
saw,8
we,8
who,8
between,8
weber,8
passing,7
first,7
point,7
find,7
yet,7
democratic,7
appear,7
called,7
place,7
forces,7
seemed,7
god,7
toward,7
do,7
another,7
problems,7
story,7
control,7
then,7
mass,7
ideal,7
both,7
think,7
philosophy,7
being,6
t,6
take,6
real,6
those,6
theorists,6
reason,6
important,6
management,6
out,6
because,6
future,6
example,6
critical,6
direction,6
put,6
fact,6
claimed,6
man,6
discord,6
which,6
theories,6
earlier,6
itself,6
text,6
c,6
agency,5
spirit,5
every,5
chaos,5
tradition,5
great,5
negotiation,5
central,5
against,5
look,5
lives,5
max,5
opinion,5
however,5
experience,5
good,5
lerner,5
action,5
appeared,5
language,5
logic,5
course,5
stage,5
been,5
pieces,5
understand,5
wilson,5
often,5
constant,5
koselleck,5
form,5
rationality,5
idealism,5
although,5
traditional,5
doing,5
does,4
huntington,4
common,4
denied,4
essays,4
nevertheless,4
last,4
robert,4
discipline,4
daniel,4
less,4
say,4
far,4
himself,4
disorder,4
development,4
century,4
back,4
details,4
civilization,4
without,4
rather,4
edward,4
progressive,4
eisenstadt,4
nor,4
old,4
elsewhere,4
cunning,4
beyond,4
societies,4
found,4
effort,4
lived,4
term,4
well,4
work,4
claim,4
purpose,4
during,4
broad,4
few,4
civic,4
comparative,4
technology,4
us,4
two,4
noted,4
picture,4
members,4
again,4
spoke,4
remained,4
notion,4
servant,4
use,4
actual,4
nothing,4
clear,4
reality,4
publication,4
reformers,4
stages,4
systems,4
become,4
james,4
analysis,4
looked,4
science,4
talcott,4
intellectual,4
universal,4
past,4
elites,4
them,4
role,4
question,4
argument,4
national,4
realism,4
you,4
themselves,4
among,4
close,4
replaced,3
h,3
unlike,3
before,3
island,3
wrong,3
scientists,3
together,3
xiii,3
help,3
historians,3
right,3
succeed,3
goal,3
dynamics,3
author,3
group,3
walter,3
encyclopedia,3
inhumanity,3
continuous,3
compare,3
leadership,3
marx,3
act,3
bring,3
managing,3
hughes,3
turn,3
pages,3
study,3
ferry,3
means,3
emergence,3
ideals,3
suggested,3
trying,3
result,3
unfolding,3
rule,3
international,3
shape,3
almost,3
directly,3
none,3
writers,3
describe,3
actually,3
couple,3
manage,3
either,3
least,3
brutality,3
contrast,3
woodrow,3
prognosis,3
interpretation,3
mission,3
neither,3
reconciliation,3
culture,3
published,3
regardless,3
similarly,3
many,3
naive,3
scholars,3
reform,3
contemporary,3
rhetoric,3
never,3
took,3
vague,3
necessary,3
free,3
calculation,3
discussion,3
treated,3
eighteenth,3
catalyst,3
shils,3
black,3
martin,3
especially,3
present,3
connections,3
me,3
cynicism,3
owed,3
expectations,3
united,3
citizens,3
get,3
meant,3
practice,3
must,3
constituted,3
theme,3
consensus,3
discrete,3
over,3
each,3
different,3
connection,3
gone,3
best,3
alexander,3
consciousness,3
passage,3
whether,3
references,3
particular,3
sociology,3
attitudes,3
while,3
number,3
explored,3
modernizing,3
samuel,3
need,3
states,3
values,3
lasch,3
should,3
major,3
final,2
now,2
o,2
nihilism,2
struggle,2
page,2
later,2
generated,2
groups,2
created,2
functional,2
everyone,2
iowa,2
center,2
large,2
complex,2
fate,2
true,2
studies,2
nineteenth,2
cast,2
implications,2
taken,2
darkness,2
meaning,2
precondition,2
j,2
possibilities,2
leaders,2
confusion,2
hundred,2
chilling,2
state,2
opposite,2
ambiguous,2
committed,2
confused,2
fulfilling,2
similarities,2
issue,2
attacked,2
east,2
advice,2
america,2
chapter,2
shared,2
taking,2
reflecting,2
establishment,2
bottom,2
geertz,2
optimism,2
labor,2
iron,2
luc,2
inevitable,2
objective,2
democrat,2
jr,2
transitional,2
adjustment,2
bendix,2
concerning,2
response,2
left,2
explore,2
communication,2
journal,2
grasp,2
americans,2
german,2
sort,2
reinhart,2
abstraction,2
humanity,2
direct,2
moreover,2
bleak,2
changes,2
postmodern,2
university,2
organized,2
francis,2
age,2
tried,2
origins,2
n,2
followed,2
notions,2
progressives,2
oppression,2
explain,2
view,2
thrust,2
bureaucracy,2
opponents,2
rationalist,2
ambition,2
late,2
pure,2
heaven,2
bend,2
treat,2
appears,2
symbols,2
xiv,2
tension,2
guidance,2
aspects,2
undermined,2
having,2
sounded,2
closed,2
idealistic,2
reinhard,2
emphasis,2
concept,2
brought,2
inevitability,2
esp,2
actors,2
gave,2
older,2
runs,2
orient,2
away,2
creating,2
lipset,2
successful,2
working,2
next,2
phrase,2
emerging,2
family,2
autonomy,2
routine,2
decline,2
inability,2
actions,2
horizons,2
georg,2
reduced,2
practices,2
various,2
synthesis,2
refigured,2
coleman,2
above,2
make,2
positive,2
once,2
criticism,2
portrayed,2
makes,2
thesis,2
shifting,2
ed,2
moments,2
praxis,2
cage,2
seymour,2
resolution,2
gentle,2
longer,2
plan,2
daily,2
oneself,2
larger,2
connell,2
john,2
personality,2
doubt,2
fashion,2
readers,2
behind,2
hand,2
consciously,2
everyday,2
remarkable,2
manner,2
confrontation,2
material,2
perhaps,2
books,2
gives,2
reflected,2
machiavelli,2
success,2
background,2
looking,2
ruling,2
elite,2
skeptical,2
intimated,2
raising,2
futile,2
individual,2
christopher,2
times,2
someone,2
period,2
longings,2
kept,2
standard,2
latter,2
institutionalized,2
why,2
exactly,2
enemies,2
capitalism,2
today,2
independent,2
vision,2
impressive,2
bound,2
prose,2
universals,2
lost,2
directions,2
seen,2
force,2
began,2
existed,2
hope,2
addressed,2
seriously,2
small,2
associated,2
tirelessly,2
historian,2
following,2
conclusion,2
beside,2
continues,2
implied,2
trapped,2
sciences,2
sustained,2
quickly,2
positivist,2
clifford,2
darker,2
current,2
hinted,2
job,2
going,2
rural,2
better,2
knows,2
reconcile,2
ones,2
want,2
imposed,2
fully,2
periphery,2
pursued,2
early,2
urban,2
outline,2
level,2
peace,2
alternatives,2
became,2
assumptions,2
resistance,2
supression,2
exceptionally,2
our,2
touch,2
unable,2
rationalization,2
twentieth,2
web,2
charge,2
accept,2
aware,2
ended,2
include,2
writer,2
speak,2
leads,2
specific,2
portrait,2
scholarship,2
dark,2
fukuyama,2
recent,2
perpetual,2
freud,1
countryside,1
grasped,1
sigmund,1
permeating,1
burkhardt,1
owes,1
m,1
oriented,1
enticements,1
cognates,1
edge,1
reno,1
stuart,1
destroying,1
car,1
nihilistic,1
generous,1
hesitation,1
scholar,1
snapshot,1
represent,1
dangers,1
reconsidered,1
protestant,1
jane,1
overstated,1
bureaucractic,1
announced,1
e,1
loewenberg,1
eliminated,1
complaint,1
sympathetic,1
village,1
willed,1
police,1
told,1
needed,1
touched,1
sucked,1
nonsocialist,1
nostalgia,1
mankind,1
picked,1
word,1
referring,1
neighborhoods,1
live,1
authority,1
sets,1
summaries,1
polarities,1
weiner,1
genius,1
conscious,1
blows,1
ominous,1
greater,1
socialists,1
protection,1
position,1
western,1
gerth,1
character,1
necessarily,1
presents,1
title,1
refers,1
total,1
assisted,1
arrived,1
stochastic,1
assume,1
arguing,1
hesitations,1
helm,1
annals,1
strikes,1
geist,1
turning,1
hints,1
hoping,1
themes,1
negative,1
brutal,1
highlight,1
said,1
croly,1
member,1
anything,1
railroads,1
else,1
subdividing,1
titles,1
textual,1
certainly,1
creation,1
fifteenth,1
dysrhythmic,1
flavor,1
reappear,1
quoting,1
give,1
rested,1
debating,1
spencer,1
pictured,1
expectation,1
preoccupied,1
anywhere,1
articulate,1
biguity,1
blather,1
advanced,1
seems,1
nature,1
genteel,1
dreaming,1
replaces,1
operators,1
eruption,1
impute,1
leading,1
undefinable,1
broken,1
assertion,1
suggesting,1
borders,1
desire,1
reasons,1
thank,1
differences,1
indeed,1
tactic,1
producing,1
confront,1
shot,1
mills,1
government,1
atlantic,1
closer,1
onto,1
room,1
cohesion,1
religion,1
slots,1
fiske,1
judging,1
roosevelt,1
mind,1
manipulating,1
emphasized,1
respond,1
concepts,1
somewhat,1
taft,1
theodore,1
synthetic,1
within,1
racial,1
calculus,1
fraternity,1
contents,1
concealed,1
case,1
helplessness,1
globe,1
proceed,1
rewriting,1
depending,1
suspect,1
protagonists,1
compartmentalizing,1
eventual,1
autonomous,1
teleological,1
tugs,1
misunderstood,1
bases,1
u,1
correspondents,1
killed,1
march,1
neutralize,1
macrosociology,1
preordained,1
account,1
vol,1
opened,1
logical,1
watched,1
cooperation,1
condition,1
tracing,1
pretend,1
schedule,1
establishing,1
powers,1
mitchum,1
except,1
whites,1
indicating,1
conception,1
realistic,1
dynamic,1
reconstruction,1
interact,1
warfare,1
penetrate,1
harmony,1
behavior,1
expertise,1
avenues,1
defter,1
thus,1
homage,1
chapters,1
multidimensional,1
amendment,1
throughout,1
exemplifying,1
review,1
collapse,1
whitaker,1
voluntaristic,1
distinctive,1
mine,1
immediate,1
sociability,1
inner,1
pockets,1
quality,1
points,1
longevity,1
since,1
mores,1
predetermined,1
realized,1
assumes,1
magic,1
de,1
characteristic,1
ability,1
futures,1
deliberation,1
inspiring,1
plotting,1
friedman,1
application,1
conjures,1
theoretic,1
seeming,1
industrial,1
kind,1
thing,1
candidates,1
maintaining,1
bay,1
mystic,1
praises,1
coordinators,1
contrary,1
differently,1
body,1
determinist,1
holds,1
flawed,1
myth,1
arranged,1
scott,1
third,1
jacob,1
helpful,1
beat,1
designed,1
critique,1
reunited,1
thelma,1
apparently,1
operative,1
deeply,1
discovering,1
general,1
adult,1
traits,1
generation,1
weakness,1
acted,1
nuanced,1
influence,1
adjust,1
compromise,1
impulsive,1
businessmen,1
readable,1
mechanism,1
critics,1
folds,1
higher,1
aim,1
mechanisms,1
rights,1
procrustean,1
offices,1
haymarket,1
via,1
rooted,1
hero,1
thinker,1
manipulated,1
laboring,1
essential,1
indeterminacy,1
predicted,1
statements,1
simism,1
links,1
growth,1
negatively,1
absent,1
sentences,1
essence,1
influential,1
tattoo,1
crest,1
romantics,1
pause,1
mean,1
neatly,1
represented,1
neighborhood,1
granted,1
risk,1
dean,1
wake,1
similar,1
talk,1
riven,1
parts,1
ongoing,1
assuming,1
compromises,1
nationalist,1
matched,1
commend,1
manipulative,1
distant,1
evolution,1
reforms,1
consequences,1
scattered,1
supposed,1
howe,1
support,1
modified,1
category,1
suppression,1
romantic,1
reification,1
totalitarianism,1
wanted,1
servants,1
triumphant,1
improvement,1
sorts,1
weaves,1
established,1
imposing,1
louise,1
seeing,1
semantics,1
liberal,1
realities,1
platitudes,1
air,1
impact,1
contemporaries,1
packaged,1
lester,1
inspiration,1
exemplify,1
situations,1
orientation,1
unavoidable,1
commented,1
powerful,1
voluntarism,1
surface,1
determinism,1
curbing,1
bookstores,1
shed,1
generally,1
indonesia,1
putting,1
involution,1
instance,1
willing,1
lust,1
flow,1
personified,1
fluid,1
union,1
descriptive,1
hours,1
talking,1
opening,1
moving,1
localism,1
legislative,1
came,1
noir,1
lead,1
sociological,1
arrival,1
murky,1
hinting,1
histories,1
communion,1
marion,1
conservative,1
color,1
attack,1
ambiguity,1
bomb,1
changed,1
demands,1
skinthere,1
scenes,1
pass,1
criticisms,1
events,1
grimmer,1
light,1
realize,1
noting,1
dislocation,1
constantly,1
passionate,1
markets,1
lent,1
bookseller,1
academic,1
further,1
spotted,1
poverty,1
posited,1
eschatological,1
keywords,1
bore,1
tools,1
viewed,1
milton,1
moore,1
passions,1
cannot,1
fulfill,1
promise,1
excellent,1
unruly,1
appearing,1
defenseless,1
spiritual,1
absolute,1
instrumental,1
ennui,1
wright,1
professionals,1
duly,1
triumph,1
creates,1
hopkins,1
weren,1
scene,1
possibility,1
network,1
basis,1
r,1
line,1
revealed,1
rauschenbusch,1
paints,1
suggests,1
fogged,1
responding,1
imagined,1
reader,1
descendant,1
heavily,1
knowledge,1
related,1
folding,1
caught,1
ten,1
perpetually,1
got,1
uinderstood,1
year,1
issues,1
constitute,1
contains,1
accidental,1
structures,1
churning,1
triumphs,1
frederic,1
strongest,1
minds,1
gap,1
approach,1
manipulation,1
misplaced,1
lifeworld,1
hungary,1
fleetingly,1
solution,1
worked,1
closing,1
normally,1
describing,1
idiom,1
sweep,1
love,1
fuzzy,1
magician,1
tom,1
recast,1
unexpected,1
individualism,1
debts,1
protest,1
barrington,1
fury,1
interacting,1
squarely,1
quite,1
ward,1
heart,1
event,1
around,1
unpacked,1
venality,1
openly,1
several,1
endpoint,1
ignore,1
everytime,1
accomplished,1
highly,1
addams,1
breaking,1
master,1
research,1
salvaging,1
potent,1
always,1
managed,1
futility,1
richness,1
disconnected,1
projections,1
proper,1
peculiar,1
roots,1
structured,1
provided,1
am,1
iggers,1
gordon,1
champion,1
jeffrey,1
calls,1
nations,1
defensless,1
south,1
span,1
happen,1
film,1
led,1
san,1
second,1
trampling,1
equality,1
matter,1
absence,1
spelled,1
noble,1
scientific,1
sanctity,1
economic,1
logically,1
short,1
constituents,1
sans,1
service,1
myron,1
techniques,1
bite,1
play,1
manipulate,1
revolt,1
classic,1
brief,1
edges,1
relentlessly,1
nearly,1
drops,1
compliment,1
breath,1
object,1
strains,1
prove,1
evoking,1
domination,1
comments,1
movement,1
adjusting,1
comes,1
southern,1
seemingly,1
surveyed,1
religious,1
antimodern,1
cooler,1
authoritarian,1
engineering,1
illuminating,1
confronting,1
frank,1
coherence,1
moralize,1
fevers,1
communities,1
relied,1
justifying,1
reference,1
fit,1
elitist,1
paradox,1
programs,1
serve,1
evil,1
sex,1
array,1
dialectically,1
under,1
dewey,1
individualizing,1
puzzle,1
rode,1
participants,1
included,1
fading,1
bind,1
islam,1
liberties,1
softening,1
purity,1
friendship,1
dialectical,1
literally,1
friedrich,1
responsive,1
nineteenthcentury,1
unsociability,1
already,1
department,1
verging,1
violations,1
begins,1
celebrates,1
assimilated,1
rise,1
foucault,1
subjective,1
rings,1
tries,1
party,1
reach,1
name,1
majority,1
comfortable,1
skill,1
suit,1
attacks,1
stated,1
strike,1
fell,1
purely,1
academy,1
pointed,1
dictatorship,1
ecological,1
towns,1
performs,1
added,1
savonarola,1
demographic,1
missing,1
release,1
herbert,1
subscribes,1
amcmiel,1
unionism,1
underwrote,1
treatment,1
overwhelming,1
areas,1
herder,1
agree,1
ought,1
pieties,1
developed,1
break,1
associates,1
surfaces,1
messiness,1
arthur,1
bitterness,1
pattern,1
lyotard,1
discussed,1
serious,1
excluding,1
simple,1
valence,1
unceasingly,1
monographs,1
arisen,1
covered,1
road,1
oldfashioned,1
continuing,1
developing,1
soften,1
advisers,1
renaissance,1
potentially,1
immature,1
forth,1
ahead,1
politic,1
attitude,1
wartime,1
woman,1
belief,1
progressivism,1
eds,1
ignoring,1
distance,1
lifeworlds,1
reconciled,1
entrepreneurial,1
explicitly,1
heroes,1
outlines,1
guicciardini,1
thoroughly,1
ibid,1
violent,1
plane,1
argues,1
local,1
communism,1
credit,1
empirically,1
understanding,1
precluded,1
skepticism,1
examples,1
considering,1
sever,1
upon,1
lippmannesque,1
scheme,1
implicated,1
incidents,1
helps,1
formal,1
delicate,1
shelving,1
emphatically,1
uncovered,1
aims,1
wound,1
enduring,1
largely,1
persisted,1
mince,1
sadder,1
numerous,1
engaging,1
congress,1
grander,1
extraordinarily,1
questions,1
fuzziness,1
processes,1
engaged,1
icy,1
frame,1
check,1
sees,1
office,1
complicated,1
optimistic,1
described,1
rail,1
corrupted,1
substituting,1
three,1
historic,1
moral,1
directed,1
restraint,1
michel,1
agreement,1
definitely,1
health,1
essay,1
correcting,1
interpret,1
rationalized,1
divisions,1
blend,1
misperception,1
trampled,1
features,1
escaped,1
heidegger,1
collected,1
static,1
lie,1
administrative,1
interacted,1
indiscriminately,1
expressing,1
distended,1
heady,1
men,1
gets,1
patterns,1
wasn,1
remember,1
brutalities,1
realist,1
conspicuously,1
article,1
hesitancy,1
incapable,1
arise,1
constructing,1
reads,1
strikers,1
bureaucracies,1
effect,1
phoniness,1
undemocratic,1
structure,1
henry,1
probably,1
implication,1
securing,1
figures,1
save,1
versus,1
invented,1
tendency,1
quarterly,1
imperfectly,1
regimes,1
decay,1
gusfield,1
division,1
modernized,1
tortured,1
ethic,1
contributes,1
implicitly,1
enough,1
wage,1
depth,1
accepting,1
trod,1
aspirations,1
bellamy,1
ferocious,1
abstracting,1
relationship,1
fueled,1
aid,1
dominates,1
perspectives,1
residual,1
lot,1
continued,1
provide,1
movements,1
bureaucrats,1
sometimes,1
kenneth,1
crucial,1
johns,1
usually,1
linda,1
plays,1
selections,1
program,1
rough,1
reasonable,1
grim,1
months,1
certeau,1
nexus,1
becomes,1
context,1
slaughterbench,1
ordering,1
interplay,1
transformation,1
recognize,1
try,1
indicate,1
wilhelm,1
stupidly,1
efficiency,1
arts,1
marched,1
midst,1
fall,1
icier,1
surprising,1
populace,1
dead,1
respect,1
education,1
coordination,1
centuries,1
allusions,1
articles,1
unusual,1
paying,1
grasping,1
seat,1
stable,1
joseph,1
capitulate,1
tentativeness,1
matters,1
claims,1
campaign,1
neatness,1
eventually,1
blocked,1
elected,1
broke,1
habermas,1
whenever,1
redemption,1
mentioned,1
version,1
conjunction,1
preclude,1
peoples,1
voluntarist,1
simply,1
totality,1
regime,1
masses,1
willingness,1
contradicted,1
wicked,1
disdain,1
command,1
alternative,1
know,1
dimension,1
dominated,1
sure,1
scientist,1
manifestoes,1
gravest,1
valuing,1
december,1
confident,1
compulsively,1
setting,1
key,1
seem,1
pragmatic,1
down,1
acts,1
print,1
philosophes,1
argue,1
report,1
drifted,1
followers,1
disconnect,1
alternatively,1
perfectly,1
written,1
brilliance,1
brutally,1
lockstep,1
favor,1
happiness,1
pictures,1
placing,1
living,1
type,1
pathological,1
absolutely,1
middleclass,1
concrete,1
turned,1
feminist,1
dismissal,1
didn,1
according,1
day,1
johnson,1
condemning,1
preexisting,1
carefully,1
burns,1
stability,1
laying,1
making,1
sal,1
maintain,1
agricultural,1
preoccupation,1
watchfulness,1
sociologist,1
condemn,1
sounds,1
earners,1
problem,1
listen,1
linger,1
hegelians,1
precursor,1
confronted,1
huge,1
chaotic,1
don,1
evading,1
transgression,1
graceful,1
hundreds,1
contain,1
art,1
strain,1
popular,1
stab,1
persistently,1
boldly,1
occasionally,1
prearranged,1
preserved,1
marked,1
ruled,1
little,1
napoleans,1
glosses,1
alexanders,1
city,1
content,1
press,1
easy,1
ken,1
unrealistic,1
african,1
predecessors,1
subject,1
plans,1
transition,1
rendering,1
went,1
happens,1
disappears,1
cruelly,1
peremptory,1
reconstruct,1
bitingly,1
smacked,1
mention,1
communicative,1
heading,1
writing,1
indefinable,1
budapest,1
reaching,1
coherent,1
contrasts,1
analysts,1
unexplored,1
false,1
intent,1
posteschatological,1
shown,1
until,1
manageable,1
ignored,1
generate,1
disappear,1
vacuous,1
viciousness,1
obliterated,1
grant,1
mode,1
motives,1
parallels,1
typically,1
integrated,1
define,1
range,1
specialists,1
guiding,1
levy,1
functionalist,1
effects,1
enframing,1
off,1
voluntary,1
area,1
presenting,1
francisco,1
association,1
untouched,1
stray,1
handiwork,1
disorganization,1
fonda,1
drift,1
centralized,1
potential,1
surfaced,1
capitulation,1
marxist,1
drunk,1
succeeded,1
chicago,1
negotiate,1
era,1
create,1
voltaire,1
given,1
interaction,1
immediately,1
strong,1
prison,1
ends,1
intelligent,1
retrospect,1
drew,1
famous,1
beings,1
pulling,1
jurgen,1
broader,1
built,1
showed,1
mistaken,1
mussolini,1
deeper,1
wilsonian,1
