WORDCOUNTS,WEIGHT
the,240
of,192
and,122
to,102
in,89
a,62
p,62
that,60
s,59
adams,57
is,48
jefferson,35
american,31
his,30
not,30
as,28
thompson,28
was,25
for,25
yarbrough,25
but,22
by,21
on,21
he,20
with,19
john,19
moral,19
it,16
one,16
are,16
virtues,16
be,15
have,14
political,13
her,13
from,12
america,12
an,12
we,12
revolution,11
character,11
this,11
than,11
us,10
all,10
had,10
liberty,10
will,9
slavery,9
their,9
jeffersonian,9
government,9
what,9
between,9
at,8
pp,8
or,8
only,8
more,8
there,8
understood,8
because,8
would,8
americans,7
no,7
how,7
independence,7
thought,7
principles,7
republic,7
its,7
himself,7
were,7
such,7
against,7
rights,6
spirit,6
history,6
contemporary,6
past,6
has,6
benevolence,6
some,6
must,6
which,6
own,6
yazawa,6
actions,6
virtue,6
revolutionary,5
they,5
rush,5
historians,5
did,5
new,5
xx,5
reviews,5
free,5
understanding,5
place,5
discussion,5
people,5
our,5
examination,5
even,5
problems,5
can,5
south,4
does,4
wrote,4
philosophy,4
whether,4
life,4
study,4
about,4
ways,4
university,4
two,4
rather,4
constitution,4
subject,4
book,4
best,4
vision,4
right,4
able,4
end,4
them,4
constitutional,4
however,4
public,4
work,4
who,4
writings,4
point,4
concern,4
arguments,4
thus,4
xviii,4
september,4
after,4
men,4
especially,4
xiv,4
those,4
much,4
among,4
may,3
republican,3
r,3
today,3
convinced,3
if,3
been,3
others,3
doctrine,3
understand,3
analysis,3
reason,3
modern,3
country,3
issue,3
then,3
associated,3
believed,3
impact,3
lament,3
these,3
most,3
xvii,3
ministers,3
being,3
first,3
imperial,3
love,3
name,3
might,3
over,3
religion,3
i,3
other,3
advocacy,3
merely,3
do,3
present,3
ed,3
poles,3
insider,3
reflected,3
desires,3
well,3
larger,3
extended,3
through,3
press,3
use,3
behavior,3
personal,3
argument,3
accept,3
inflamed,3
individual,3
least,3
so,3
him,3
rhetoric,3
you,3
order,3
mixed,3
industry,3
civic,3
always,3
early,3
conspiracy,3
also,3
north,3
attention,3
jean,2
bailyn,2
therefore,2
relationship,2
likely,2
whose,2
declaration,2
equality,2
increasingly,2
changing,2
melvin,2
afoot,2
equipoise,2
letters,2
crucial,2
howe,2
unwilling,2
indeed,2
vols,2
prudent,2
account,2
mccoy,2
referred,2
lance,2
knew,2
still,2
make,2
lawrence,2
inflammatory,2
recognize,2
brand,2
emancipated,2
before,2
benjamin,2
distant,2
word,2
once,2
second,2
rational,2
interpretation,2
sympathy,2
studies,2
founders,2
index,2
into,2
defense,2
policies,2
any,2
elsewhere,2
citizen,2
appleby,2
too,2
need,2
according,2
illustrated,2
simply,2
ever,2
either,2
explaining,2
claims,2
asks,2
human,2
injustice,2
interests,2
novanglus,2
taken,2
important,2
again,2
europe,2
intellectual,2
refused,2
banning,2
many,2
contention,2
j,2
enslave,2
words,2
joyce,2
junto,2
frugality,2
scholars,2
could,2
historical,2
regard,2
farmers,2
ideology,2
never,2
tells,2
poor,2
far,2
enlightened,2
deserving,2
above,2
serious,2
audiences,2
assessment,2
february,2
better,2
outset,2
reading,2
silence,2
economy,2
relevant,2
terms,2
devoid,2
cannot,2
meet,2
particular,2
otherwise,2
awaken,2
existence,2
problem,2
earlier,2
prudence,2
wood,2
colonists,2
day,2
xix,2
design,2
another,2
almost,2
kansas,2
line,2
condition,2
temperance,2
examples,2
made,2
sincere,2
bibliography,2
role,2
doctrines,2
move,2
farming,2
slaves,2
story,2
drew,2
example,2
duty,2
context,2
jr,2
morality,2
bradley,2
pleasure,2
gain,2
like,2
ser,2
moved,2
unable,2
xv,2
truths,2
initial,2
approach,2
epicureanism,2
bodily,2
united,2
wholesale,2
highest,2
times,2
include,2
although,2
here,2
statesman,2
irrational,2
states,2
generation,2
kind,2
progressive,2
last,2
convincing,2
thomas,2
old,2
constitutions,2
perspective,2
blacks,2
coercive,2
governments,2
conspiratorial,2
decline,2
c,2
elites,2
wicked,2
mr,2
traditional,2
notes,2
william,2
should,2
gordon,2
doing,2
influence,2
justice,2
nations,1
appeal,1
aristocracy,1
rejoice,1
meaningfully,1
media,1
otis,1
secret,1
mainstreamed,1
superiority,1
statesmen,1
whit,1
communities,1
abolition,1
usable,1
overestimated,1
interesting,1
committed,1
entail,1
informs,1
produces,1
philadelphia,1
avoids,1
nihilism,1
faculties,1
impartial,1
triple,1
groundwork,1
hypocrite,1
reduced,1
implications,1
settled,1
rejuvenate,1
reexamine,1
matter,1
absence,1
plan,1
mercy,1
various,1
common,1
rationalism,1
way,1
act,1
heroic,1
bureaucrats,1
scientific,1
admire,1
figure,1
within,1
usually,1
economic,1
destroy,1
minorities,1
aimed,1
factual,1
bernard,1
distorted,1
majorities,1
plot,1
naturally,1
dry,1
erstwhile,1
stop,1
created,1
remain,1
bound,1
halfway,1
encouraged,1
truth,1
glean,1
dangers,1
corrosive,1
idea,1
underclass,1
description,1
deserve,1
affected,1
celebration,1
measures,1
admiration,1
counted,1
recognizes,1
filled,1
model,1
exception,1
institutions,1
department,1
extension,1
contrast,1
mood,1
lost,1
ills,1
now,1
attempt,1
convince,1
epidemic,1
seen,1
parents,1
competing,1
establishes,1
epicurean,1
itself,1
celebrate,1
says,1
mainstream,1
effectively,1
hopeful,1
quandary,1
proposition,1
former,1
manifest,1
expect,1
cynicism,1
talk,1
told,1
obsolete,1
balanced,1
misunderstanding,1
plots,1
ongoing,1
cultivate,1
hold,1
eroded,1
integrity,1
why,1
makes,1
revelation,1
often,1
perhaps,1
fate,1
effective,1
conventional,1
agrarianism,1
construction,1
mobilize,1
standard,1
confronting,1
mexico,1
productive,1
origins,1
complaining,1
dismiss,1
liberal,1
communications,1
entertainment,1
elderly,1
time,1
education,1
english,1
addressing,1
yet,1
h,1
support,1
centuries,1
citizens,1
making,1
soul,1
pressing,1
intellect,1
determination,1
enlist,1
ploughs,1
jonathan,1
utterly,1
warring,1
confrontation,1
propagandists,1
tabula,1
mentality,1
confounded,1
stoicism,1
decrees,1
relativists,1
alone,1
ensure,1
array,1
meant,1
short,1
self,1
devotes,1
fought,1
greater,1
god,1
tempered,1
conceptualization,1
allow,1
matters,1
peers,1
protection,1
position,1
campaign,1
improvement,1
needed,1
perceived,1
ancient,1
mean,1
critical,1
share,1
rasa,1
laid,1
tackle,1
inequality,1
disappointment,1
rarely,1
general,1
teaches,1
attract,1
light,1
warren,1
essential,1
just,1
whigs,1
historian,1
remedy,1
elevated,1
xxiv,1
n,1
orders,1
numbers,1
friendship,1
mary,1
overriding,1
comes,1
preoccupation,1
broad,1
hearts,1
al,1
argued,1
stand,1
frequently,1
excellence,1
faith,1
rendered,1
l,1
insights,1
provocative,1
needs,1
acceptance,1
qualified,1
struck,1
begins,1
acknowledges,1
ask,1
scarcely,1
said,1
friend,1
contemptuous,1
warns,1
egregiously,1
rise,1
piety,1
classical,1
known,1
ideas,1
determinism,1
tracy,1
robert,1
beyond,1
officials,1
expose,1
social,1
shed,1
undermine,1
gotten,1
compounds,1
chose,1
alludes,1
wrong,1
consequence,1
party,1
lead,1
revisited,1
someone,1
few,1
requires,1
certainly,1
leader,1
uniformly,1
repeatedly,1
decades,1
creation,1
majority,1
unlimited,1
begin,1
saving,1
nineties,1
french,1
sustained,1
subjected,1
subjects,1
theory,1
founding,1
temptation,1
aftermath,1
m,1
stated,1
required,1
eighteenth,1
opinion,1
secondary,1
tyranny,1
verge,1
address,1
retirement,1
academy,1
natural,1
misgivings,1
previous,1
dependency,1
privacy,1
methodology,1
expends,1
paragraph,1
spectator,1
worked,1
each,1
ourselves,1
dissimulation,1
sure,1
advanced,1
grace,1
readily,1
hopefully,1
fully,1
thinker,1
nature,1
efforts,1
husbandry,1
definition,1
different,1
engaged,1
fact,1
leaders,1
based,1
lack,1
calvinistical,1
effortlessly,1
consideration,1
seem,1
asserts,1
squarely,1
societies,1
agrarian,1
future,1
et,1
satisfactory,1
harder,1
together,1
philosophes,1
borders,1
culminates,1
yeomen,1
great,1
called,1
appeared,1
butterfield,1
enact,1
invigorated,1
whatever,1
adhered,1
allied,1
analyses,1
england,1
inevitably,1
behavioral,1
children,1
come,1
lived,1
soared,1
confront,1
really,1
angry,1
economics,1
become,1
entitlement,1
conservative,1
hence,1
rely,1
infer,1
expertly,1
radical,1
pronouncement,1
uncovered,1
loyalists,1
separating,1
noting,1
primary,1
subscribing,1
sought,1
posterity,1
prevail,1
happiness,1
subsequent,1
man,1
preferences,1
conclusion,1
aristocrats,1
destutt,1
puritan,1
culture,1
toleration,1
punishment,1
pursues,1
big,1
prescription,1
pushing,1
mind,1
readers,1
state,1
date,1
reasonable,1
trouble,1
dominion,1
growing,1
precisely,1
incorporate,1
remainder,1
concepts,1
agriculture,1
indulgence,1
furthermore,1
knows,1
current,1
designs,1
responded,1
equal,1
surely,1
complain,1
focused,1
alike,1
link,1
suffer,1
where,1
ridicule,1
inappropriate,1
johns,1
elusive,1
purposes,1
falsehoods,1
simple,1
execution,1
receives,1
papers,1
orthodoxy,1
traces,1
sensual,1
population,1
citizenship,1
entertaining,1
offering,1
less,1
see,1
british,1
rising,1
sovereignty,1
nowhere,1
homer,1
she,1
cause,1
suspect,1
duties,1
necessary,1
keynesian,1
compel,1
ahead,1
advocates,1
deep,1
despite,1
indicates,1
grimace,1
scant,1
core,1
spiritual,1
your,1
locke,1
judicial,1
taxes,1
ideological,1
belief,1
apathy,1
unmixed,1
circumstances,1
assault,1
tightly,1
compelled,1
ignoring,1
key,1
wide,1
fascination,1
task,1
knowledgeable,1
threats,1
insightful,1
accordance,1
hopkins,1
while,1
adamsites,1
directly,1
impression,1
sexual,1
bitterly,1
seeding,1
vitality,1
require,1
addresses,1
polities,1
reminds,1
remained,1
repudiation,1
answers,1
gratification,1
property,1
local,1
none,1
original,1
demand,1
demands,1
constitutionalism,1
emphasis,1
engagement,1
determined,1
private,1
king,1
correctly,1
contain,1
makers,1
egalitarian,1
divided,1
rulers,1
righteousness,1
idealistic,1
popular,1
scope,1
submission,1
adopting,1
suggests,1
powers,1
marking,1
little,1
tool,1
providential,1
recommended,1
gravest,1
writers,1
postmodernists,1
obvious,1
women,1
locate,1
claim,1
fine,1
flaw,1
following,1
stoics,1
commerce,1
pain,1
taking,1
themes,1
edwards,1
disparate,1
nondogmatic,1
affecting,1
artful,1
ignores,1
intelligent,1
altogether,1
owe,1
advocating,1
laws,1
proportions,1
content,1
donald,1
liberals,1
kan,1
became,1
forcefully,1
apply,1
confirms,1
allows,1
charge,1
elite,1
penetrating,1
thoughts,1
minds,1
top,1
minority,1
personally,1
formula,1
everywhere,1
entirely,1
infatuation,1
savaged,1
loss,1
twentieth,1
angle,1
harvesting,1
tale,1
freedom,1
largely,1
fail,1
during,1
summarizes,1
pursuing,1
afflicting,1
tolerance,1
issues,1
teachings,1
world,1
mention,1
wherever,1
homosexuality,1
aside,1
figures,1
industriousness,1
optimism,1
learned,1
unfortunates,1
questions,1
divide,1
coming,1
exhibited,1
rhetorically,1
prerequisite,1
lifestyle,1
ends,1
aspires,1
mentor,1
operations,1
throughout,1
swift,1
full,1
sees,1
vices,1
partisan,1
collapse,1
actual,1
legislation,1
achievement,1
promoted,1
necessarily,1
institution,1
enthusiasm,1
anything,1
inert,1
taylor,1
until,1
heated,1
described,1
sympathetic,1
explained,1
aristocratic,1
lists,1
argues,1
counterpoint,1
challenging,1
since,1
illustrates,1
markedly,1
aware,1
paragraphs,1
reward,1
open,1
defence,1
assumes,1
comprehensive,1
afterthought,1
ideologue,1
de,1
language,1
author,1
transitions,1
stayed,1
monarchy,1
overzealous,1
situates,1
good,1
change,1
mindful,1
course,1
familiar,1
moment,1
anachronistic,1
slaveowner,1
liberties,1
passage,1
misunderstood,1
physician,1
sense,1
judges,1
smith,1
fiscal,1
slumbers,1
pitfalls,1
regardless,1
asides,1
tacitly,1
reformers,1
deviated,1
talked,1
suggest,1
wished,1
reflexive,1
played,1
thoughtful,1
honor,1
effects,1
exercise,1
disclaimer,1
guided,1
anyone,1
ages,1
unyielding,1
emphasizes,1
solution,1
adam,1
acted,1
latter,1
inextricably,1
instruction,1
family,1
cunning,1
exchange,1
every,1
openly,1
david,1
several,1
decide,1
code,1
wmq,1
began,1
legislatures,1
inclination,1
classically,1
having,1
amount,1
republics,1
news,1
members,1
objectively,1
deed,1
promote,1
qualities,1
propose,1
inspired,1
hoped,1
response,1
easy,1
distinctions,1
employ,1
acts,1
giant,1
young,1
freemen,1
path,1
tribes,1
questioning,1
choosing,1
discouragement,1
declare,1
statements,1
applying,1
left,1
succeeded,1
twice,1
manipulative,1
avowed,1
differing,1
telling,1
expectations,1
reached,1
truly,1
teach,1
irrelevant,1
dedicated,1
parliament,1
hereafter,1
constant,1
patience,1
when,1
postwar,1
identify,1
hereditary,1
championed,1
analyze,1
essays,1
given,1
sin,1
unconditional,1
intention,1
hume,1
abandoned,1
bennett,1
consistent,1
vice,1
proper,1
immediately,1
leftists,1
correspondence,1
apparently,1
depravity,1
whenever,1
unenlightened,1
capitol,1
vulgar,1
encoded,1
rallying,1
cross,1
quarterly,1
protagonist,1
assume,1
occasion,1
restorative,1
searches,1
richly,1
hardly,1
subordinates,1
vain,1
harrows,1
subversion,1
hypocrisy,1
honors,1
fierce,1
race,1
rest,1
close,1
compromise,1
resonate,1
manner,1
reducing,1
widely,1
names,1
heard,1
authentically,1
endorses,1
society,1
lessons,1
kennon,1
signer,1
