WORDCOUNTS,WEIGHT
the,170
of,106
and,94
in,76
to,73
homework,60
a,52
as,32
women,30
is,27
it,26
boris,25
s,25
for,24
homeworkers,24
home,21
on,21
who,18
by,16
that,16
work,16
labor,16
with,15
which,15
new,14
she,12
been,12
was,12
or,12
p,12
workers,12
an,12
employers,12
they,11
history,11
has,11
at,10
not,10
mothers,10
reformers,10
state,10
rights,9
their,9
from,9
out,9
have,9
but,8
its,8
this,8
children,7
unions,7
such,7
discourse,6
american,6
industrial,6
over,6
both,6
garment,5
ban,5
other,5
regulation,5
deal,5
woloch,5
part,5
earn,5
points,5
century,5
york,4
if,4
about,4
wages,4
us,4
into,4
these,4
instance,4
many,4
homeworker,4
wage,4
income,4
public,4
through,4
must,4
freedom,4
were,4
trade,4
against,4
finally,4
although,4
would,4
family,4
nra,4
industry,4
codes,4
when,4
industries,3
offices,3
what,3
bureau,3
strategy,3
claimed,3
one,3
mother,3
university,3
arguments,3
then,3
efforts,3
most,3
department,3
here,3
law,3
book,3
others,3
all,3
had,3
standards,3
are,3
shows,3
did,3
found,3
inquiry,3
end,3
men,3
reviews,3
jacobs,3
her,3
another,3
right,3
feminism,3
laws,3
alternatives,3
regulate,3
surprise,3
flsa,3
ideas,3
kelley,3
abolish,3
like,3
states,3
contract,3
protect,3
be,3
debate,3
trades,3
working,3
also,3
much,3
we,3
than,3
provided,3
whose,2
way,2
dilemma,2
outerwear,2
legal,2
contribution,2
movement,2
life,2
illegal,2
study,2
often,2
mobility,2
analysis,2
achieve,2
competition,2
federal,2
support,2
tenement,2
studies,2
pp,2
deregulation,2
protection,2
occupational,2
earned,2
tells,2
gendering,2
photographs,2
under,2
just,2
license,2
stressed,2
welfare,2
contested,2
too,2
experience,2
exploited,2
common,2
first,2
long,2
lewis,2
more,2
sweatshops,2
exploitation,2
voices,2
resurgence,2
attempts,2
factory,2
view,2
cigar,2
worked,2
emerged,2
union,2
lacked,2
december,2
seem,2
nancy,2
half,2
choice,2
worker,2
contends,2
past,2
there,2
pursues,2
knitted,2
v,2
those,2
political,2
though,2
crusade,2
where,2
them,2
viewed,2
less,2
case,2
issue,2
protective,2
male,2
sought,2
survived,2
gender,2
well,2
original,2
chapter,2
some,2
private,2
politics,2
line,2
enforcement,2
makers,2
ncl,2
league,2
own,2
made,2
politicians,2
circumstances,2
international,2
press,2
became,2
role,2
hine,2
regulated,2
illinois,2
force,2
paid,2
records,2
people,2
advertising,2
rejected,2
difference,2
reveals,2
electronic,2
employee,2
administrative,2
defined,2
after,2
progressive,2
factories,2
shift,2
old,2
speak,2
small,2
several,2
highly,2
restrict,2
enabled,2
era,2
unionization,2
always,2
including,2
need,2
among,2
messages,2
cigarmakers,2
attention,2
eileen,2
examines,2
appeal,1
decodes,1
inspection,1
staffed,1
countryside,1
higher,1
space,1
failed,1
intricate,1
happen,1
now,1
abolition,1
swiftian,1
simultaneously,1
underfunded,1
escaped,1
second,1
bonanza,1
done,1
arrangement,1
me,1
adaptable,1
demand,1
discourage,1
cover,1
reflects,1
equality,1
fathers,1
wandered,1
saw,1
clara,1
no,1
cottage,1
contact,1
invalidated,1
independent,1
banned,1
act,1
declared,1
beyer,1
maternalist,1
bureaucrats,1
section,1
later,1
meaning,1
identified,1
usually,1
licensing,1
ways,1
rico,1
husband,1
defenders,1
service,1
decrying,1
overall,1
workplaces,1
battle,1
ought,1
espoused,1
market,1
affected,1
lines,1
episodes,1
levels,1
urges,1
college,1
ran,1
plunges,1
doctrine,1
concerns,1
homemakers,1
intriguing,1
administration,1
busy,1
independence,1
becomes,1
hats,1
cared,1
sensitive,1
housework,1
kept,1
albeit,1
affinity,1
eliminated,1
still,1
intersect,1
comply,1
neighborhood,1
began,1
expanded,1
dirt,1
visual,1
stalwarts,1
identifies,1
clung,1
scene,1
initially,1
hearings,1
large,1
coaxes,1
direct,1
roads,1
complex,1
memorable,1
ongoing,1
mounted,1
sanctuary,1
witness,1
nuance,1
disabled,1
ample,1
specious,1
intrude,1
illustrations,1
lowered,1
united,1
word,1
loopholes,1
informative,1
organize,1
pivotal,1
deterrents,1
evocative,1
equated,1
ones,1
lifting,1
experiences,1
citizens,1
fair,1
instances,1
means,1
solutions,1
easily,1
programs,1
pieceworkers,1
soon,1
ardent,1
vehemence,1
counterparts,1
financial,1
female,1
devotes,1
beleaguered,1
former,1
cause,1
restricted,1
only,1
exposure,1
exposes,1
combat,1
deny,1
dichotomy,1
flexibility,1
policy,1
position,1
childcare,1
contractor,1
vies,1
thesis,1
index,1
contractors,1
necessarily,1
presents,1
benefits,1
continuity,1
enshrined,1
neglected,1
included,1
policies,1
workplace,1
energy,1
perceptive,1
light,1
liberal,1
elsewhere,1
producers,1
remedy,1
terrible,1
impeded,1
convinced,1
reagan,1
argued,1
knitwear,1
practices,1
certification,1
significant,1
simply,1
boost,1
noted,1
victimizers,1
penalties,1
theme,1
resists,1
enterprises,1
either,1
social,1
favors,1
federationist,1
microcomputer,1
chose,1
obstacles,1
sources,1
rather,1
members,1
organizations,1
starting,1
ilgwu,1
problems,1
puts,1
production,1
interests,1
heritage,1
wipe,1
recruited,1
contingent,1
imminent,1
photos,1
upset,1
taken,1
antecedents,1
appeals,1
quickly,1
wtul,1
justified,1
toward,1
ancient,1
quench,1
cut,1
appear,1
familiar,1
undocumented,1
rejects,1
rare,1
housewives,1
citing,1
each,1
thwart,1
ranges,1
succeeded,1
wonderful,1
paper,1
limited,1
legislative,1
words,1
definition,1
chicanery,1
fact,1
based,1
entrepreneurs,1
breadwinner,1
newly,1
flowers,1
unknown,1
explores,1
conflates,1
revived,1
demise,1
great,1
reasons,1
depict,1
monitor,1
domestic,1
unionists,1
disliked,1
chimed,1
foundation,1
effort,1
teaches,1
ever,1
reactivated,1
government,1
businesses,1
never,1
linked,1
revival,1
abolishing,1
thinking,1
focuses,1
far,1
census,1
appreciative,1
oblivion,1
contemporary,1
ritchie,1
reproduction,1
gompers,1
persist,1
i,1
barnard,1
introduces,1
u,1
rural,1
headway,1
term,1
options,1
advances,1
last,1
craftsworker,1
reproductive,1
telemarketers,1
feminist,1
weed,1
scholarship,1
unison,1
foes,1
beginning,1
occupation,1
defend,1
remarkable,1
puerto,1
focused,1
rapid,1
profited,1
unravels,1
reform,1
johns,1
cigarmaking,1
visibility,1
combined,1
el,1
florence,1
appears,1
whether,1
unclear,1
surprises,1
jobs,1
produced,1
corporations,1
companies,1
system,1
understaffed,1
strategies,1
lawmakers,1
older,1
want,1
noncompliance,1
can,1
typist,1
child,1
spoke,1
series,1
ed,1
trampled,1
agencies,1
attitudes,1
charged,1
deconstructs,1
passed,1
map,1
approached,1
earners,1
assault,1
compelled,1
problem,1
necessities,1
extent,1
wide,1
component,1
task,1
shifts,1
hopkins,1
waged,1
masculinity,1
wants,1
america,1
hospital,1
assessing,1
briefly,1
day,1
piecework,1
victims,1
undermined,1
cloth,1
outstanding,1
neutralize,1
uproot,1
design,1
voice,1
visible,1
aging,1
conservatives,1
rescues,1
percent,1
inspector,1
postwar,1
missed,1
basis,1
dilemmas,1
pervade,1
hundreds,1
correctly,1
revealed,1
used,1
network,1
divided,1
campaigns,1
burning,1
father,1
disease,1
scope,1
implement,1
reversed,1
move,1
consumers,1
range,1
prohibition,1
professionals,1
necessity,1
average,1
officially,1
concept,1
bans,1
reported,1
stop,1
combine,1
arose,1
city,1
explains,1
competing,1
clerical,1
cited,1
increase,1
crawl,1
terms,1
outwits,1
turns,1
stores,1
tried,1
daycare,1
minimum,1
intended,1
deregulate,1
probably,1
dignity,1
reconstructs,1
intermittent,1
omnipresent,1
artfully,1
place,1
needed,1
transcend,1
sprang,1
describes,1
ranks,1
facets,1
phenomenon,1
usage,1
sank,1
relies,1
neglect,1
assumes,1
hour,1
rewarding,1
chapters,1
examination,1
throughout,1
full,1
receded,1
married,1
office,1
discriminated,1
legislation,1
inoperative,1
promoted,1
employed,1
cooperatives,1
xviii,1
involves,1
empower,1
unionized,1
won,1
gloves,1
low,1
status,1
cambridge,1
assembly,1
countless,1
prevails,1
challenging,1
longevity,1
since,1
sensibilities,1
supports,1
hidden,1
rolled,1
tables,1
conditions,1
consult,1
relentless,1
opens,1
comprehensive,1
national,1
silent,1
samuel,1
language,1
author,1
offing,1
motives,1
evils,1
change,1
strove,1
subtexts,1
joined,1
legacy,1
times,1
include,1
homes,1
typically,1
unfair,1
stepchild,1
addresser,1
discerns,1
so,1
eradicated,1
parts,1
shaping,1
revolution,1
notions,1
preferred,1
socialist,1
vengeance,1
next,1
piece,1
contamination,1
retrieval,1
persistence,1
connects,1
uncounted,1
solution,1
standard,1
updated,1
insurance,1
infractions,1
immigrants,1
illuminates,1
artificial,1
anonymous,1
autonomy,1
discarded,1
supported,1
borderline,1
few,1
scrutiny,1
back,1
subjects,1
employees,1
between,1
seek,1
columbia,1
third,1
young,1
served,1
provisions,1
themselves,1
massachusetts,1
convey,1
adkins,1
inefficiency,1
arranged,1
left,1
collars,1
effective,1
motherhood,1
mainly,1
effect,1
wrought,1
impossible,1
resilient,1
england,1
hardy,1
views,1
up,1
drawn,1
obscure,1
story,1
sweatshop,1
present,1
because,1
re,1
envelope,1
assesses,1
world,1
figures,1
irony,1
telecommuting,1
recent,1
notes,1
startling,1
general,1
cooperative,1
productive,1
finds,1
telecommuters,1
shifted,1
roles,1
moved,1
infinite,1
valuable,1
rates,1
outlawed,1
massive,1
court,1
major,1
however,1
decision,1
champion,1
mail,1
overlapping,1
