WORDCOUNTS,WEIGHT
the,146
of,95
and,76
to,65
a,59
in,54
is,39
that,38
southern,37
genovese,36
as,35
it,26
or,24
tradition,22
for,16
conservatism,16
political,15
be,15
history,14
but,14
social,14
intellectual,14
with,13
s,13
his,12
this,12
at,11
he,11
american,11
which,11
not,10
are,10
about,9
society,9
antebellum,8
from,8
by,8
more,8
p,8
what,8
their,7
has,7
its,7
such,7
an,7
individualism,7
state,6
nature,6
john,6
some,6
have,6
on,6
can,6
world,6
we,6
south,5
no,5
been,5
center,5
university,5
these,5
first,5
only,5
i,5
there,5
bradford,5
vital,5
claim,5
white,5
those,5
rights,4
natural,4
religious,4
life,4
t,4
was,4
culture,4
most,4
two,4
law,4
view,4
all,4
conservative,4
never,4
though,4
belief,4
king,4
conservatives,4
made,4
richard,4
upon,4
hard,4
several,4
when,4
weaver,4
story,4
much,4
strong,4
than,4
book,3
democracy,3
liberalism,3
way,3
if,3
supremacy,3
market,3
bond,3
who,3
thought,3
then,3
historian,3
rather,3
other,3
thinks,3
good,3
best,3
republicanism,3
radical,3
do,3
cultural,3
reviews,3
terms,3
however,3
well,3
calhoun,3
new,3
values,3
press,3
ideas,3
thus,3
our,3
were,3
argument,3
they,3
three,3
moral,3
defense,3
kind,3
influence,3
between,3
c,3
left,3
figures,3
should,3
civil,3
cite,2
will,2
now,2
states,2
second,2
o,2
may,2
metaphysical,2
equality,2
underpinning,2
provide,2
modernists,2
participation,2
interference,2
slavery,2
short,2
indeed,2
impressive,2
overall,2
created,2
relations,2
still,2
evokes,2
one,2
perhaps,2
relationship,2
frank,2
provides,2
tendencies,2
h,2
itself,2
studies,2
pp,2
eugene,2
had,2
continuity,2
us,2
liberal,2
things,2
something,2
result,2
modernist,2
problems,2
june,2
alternative,2
culturally,2
over,2
brien,2
many,2
longer,2
could,2
down,2
abstract,2
right,2
against,2
pretty,2
particularly,2
government,2
any,2
contemporary,2
rightly,2
take,2
historical,2
legacy,2
free,2
essentially,2
america,2
present,2
principal,2
william,2
war,2
secular,2
them,2
whether,2
michael,2
less,2
style,2
james,2
really,2
account,2
generally,2
views,2
ideal,2
revealed,2
egalitarian,2
both,2
limitations,2
say,2
individual,2
whites,2
concern,2
largely,2
democratic,2
own,2
mainstream,2
people,2
harvard,2
actually,2
human,2
like,2
sees,2
totalitarian,2
believes,2
finally,2
since,2
accepts,2
does,2
national,2
integral,2
virtues,2
sustain,2
interest,2
lectures,2
logic,2
published,2
offer,2
least,2
times,2
price,2
d,2
need,2
belongs,2
so,2
pay,2
order,2
anyone,2
philosophy,2
black,2
standard,2
nor,2
specific,2
insists,2
up,2
progress,2
even,2
attention,2
isn,2
massey,1
vantage,1
ideaof,1
fails,1
transforming,1
difficult,1
enough,1
affiliations,1
civilization,1
therefore,1
oxford,1
challenge,1
lo,1
classless,1
fascism,1
added,1
whose,1
dominates,1
fathers,1
indifferentism,1
license,1
reagan,1
abstractly,1
without,1
wisdom,1
hostility,1
george,1
curtailed,1
devastating,1
links,1
institutions,1
traditionalism,1
usually,1
economic,1
logically,1
civic,1
himself,1
wrote,1
thoughts,1
fields,1
bound,1
program,1
wonder,1
truth,1
basic,1
bloomian,1
vague,1
influential,1
proper,1
admiration,1
classic,1
yearn,1
recognizes,1
bare,1
thrown,1
male,1
worthy,1
exception,1
attacking,1
ills,1
insist,1
allen,1
ultimate,1
catholics,1
minimum,1
introduction,1
force,1
rescue,1
expanded,1
weaknesses,1
threaten,1
transitional,1
case,1
position,1
generalizes,1
importance,1
certain,1
group,1
large,1
etico,1
direct,1
parts,1
achievements,1
why,1
utterance,1
kazin,1
study,1
often,1
cave,1
myth,1
embarrassment,1
essays,1
legality,1
prime,1
puritans,1
hoe,1
undergirding,1
remind,1
space,1
live,1
moreover,1
moves,1
yet,1
murder,1
canonical,1
reference,1
arendt,1
agrarians,1
understand,1
articles,1
modern,1
totalitarianism,1
shelton,1
transcendent,1
former,1
dewey,1
consider,1
ideals,1
worrisome,1
stifling,1
protection,1
claims,1
neither,1
circumscribed,1
index,1
character,1
dubois,1
literary,1
organized,1
contained,1
wars,1
seasoned,1
teaches,1
clearly,1
warren,1
just,1
following,1
promotes,1
lessons,1
variety,1
mentioned,1
precursors,1
too,1
profile,1
xi,1
contempt,1
insights,1
leads,1
department,1
functions,1
reports,1
simply,1
acknowledges,1
theory,1
put,1
ever,1
hartz,1
noted,1
increasingly,1
chastened,1
crowe,1
concretely,1
aside,1
transatlantic,1
either,1
libertarians,1
combination,1
polemicist,1
volume,1
definitions,1
long,1
worst,1
caroline,1
certainly,1
lewis,1
symbol,1
bourne,1
engage,1
transcendentalists,1
voices,1
arguable,1
shifted,1
mussolini,1
set,1
coauthored,1
founding,1
originally,1
ii,1
m,1
mumford,1
attempts,1
integrative,1
strike,1
demagogic,1
tyranny,1
again,1
decades,1
protestant,1
polemic,1
attractive,1
attempt,1
rejects,1
rue,1
proof,1
action,1
friends,1
addition,1
contestable,1
taking,1
opponents,1
contention,1
environment,1
active,1
seems,1
classicalchristian,1
canon,1
georgia,1
fact,1
lack,1
seriously,1
principles,1
interested,1
limit,1
rosy,1
mercy,1
illnesses,1
libertarianism,1
capital,1
did,1
noam,1
xii,1
areas,1
broadly,1
striking,1
championing,1
called,1
vision,1
woodward,1
emphasis,1
speech,1
desirable,1
time,1
achievement,1
might,1
out,1
fruits,1
enlightenment,1
intellectuals,1
expresses,1
reed,1
repress,1
rooms,1
closer,1
demonstrating,1
mississippi,1
far,1
chomsky,1
trilling,1
prescriptively,1
contends,1
real,1
emerge,1
considerable,1
fashion,1
distinctive,1
help,1
past,1
reactionary,1
philosophical,1
emerges,1
term,1
pluralist,1
big,1
last,1
possibility,1
puzzling,1
circulation,1
concrete,1
mind,1
readers,1
leviathan,1
contenders,1
concepts,1
movements,1
everyday,1
robert,1
communitarianism,1
penn,1
reading,1
intellecking,1
economy,1
johns,1
aspects,1
existing,1
unique,1
context,1
citizenship,1
form,1
historically,1
making,1
accounts,1
idea,1
ontological,1
paying,1
reification,1
jefferson,1
forth,1
particular,1
constitutional,1
underpinnings,1
necessary,1
seem,1
spoke,1
residual,1
deep,1
suspect,1
prescriptions,1
core,1
invitation,1
paperback,1
sociologist,1
plain,1
condemn,1
nottingham,1
rawls,1
debate,1
opposition,1
antidotes,1
jewish,1
captures,1
after,1
hopkins,1
property,1
pragmatists,1
bases,1
brooks,1
mass,1
wants,1
alarmed,1
randolph,1
linked,1
depredations,1
historiographical,1
vitality,1
imagine,1
torn,1
stance,1
remained,1
indirectly,1
voice,1
directly,1
influenced,1
having,1
demonstrated,1
infect,1
don,1
welcome,1
basis,1
possible,1
genre,1
compelling,1
leo,1
remedying,1
literature,1
condition,1
northerners,1
counterpose,1
work,1
dworkin,1
periodically,1
survive,1
skepticism,1
strengths,1
cogency,1
genres,1
little,1
move,1
commitment,1
presented,1
women,1
andrea,1
community,1
region,1
thereby,1
given,1
bell,1
suspicion,1
regards,1
x,1
very,1
discusses,1
deification,1
altogether,1
training,1
example,1
sixth,1
laws,1
descriptively,1
besetting,1
play,1
negative,1
apply,1
role,1
along,1
promises,1
recommends,1
debates,1
louis,1
contradiction,1
ring,1
elizabeth,1
respectable,1
must,1
assumptions,1
identifies,1
tate,1
skeptical,1
whole,1
opposes,1
matches,1
southerners,1
religiously,1
freedom,1
says,1
assumption,1
irrationalities,1
arguments,1
merchant,1
contingently,1
inherited,1
harold,1
morality,1
stalwarts,1
credentials,1
issues,1
straussians,1
exist,1
egalitarianism,1
segregation,1
coming,1
neglect,1
construed,1
quite,1
central,1
tual,1
nothing,1
centralized,1
includes,1
throughout,1
personal,1
justification,1
enthusiasm,1
roanoke,1
ultimately,1
entails,1
stratification,1
versions,1
treasured,1
inner,1
development,1
ethical,1
open,1
cambridge,1
vann,1
clear,1
radically,1
objective,1
obligation,1
reality,1
else,1
numerous,1
realized,1
assumes,1
exaggerates,1
disguised,1
modernization,1
contests,1
someone,1
wish,1
fitzhugh,1
leave,1
course,1
joined,1
general,1
darwinists,1
repressing,1
ransom,1
include,1
although,1
immediately,1
gilman,1
variant,1
would,1
field,1
canadian,1
strange,1
meeting,1
features,1
epigones,1
february,1
century,1
privilege,1
already,1
centrality,1
devise,1
progressive,1
thing,1
into,1
socialism,1
heart,1
actively,1
associated,1
old,1
speak,1
veteran,1
around,1
family,1
dialogue,1
men,1
loose,1
pathbreaking,1
frankly,1
honest,1
enamoured,1
needs,1
valued,1
simpson,1
moralistic,1
special,1
concerning,1
especially,1
few,1
convincing,1
amount,1
back,1
written,1
concerns,1
pluralism,1
slaveholders,1
owsley,1
unalloyed,1
invoke,1
facility,1
manchester,1
research,1
mystery,1
distinguished,1
expression,1
point,1
continuous,1
incompatible,1
effect,1
teach,1
stato,1
interdict,1
find,1
quintessentially,1
always,1
confusing,1
create,1
early,1
annual,1
seeking,1
also,1
performative,1
pays,1
look,1
traditional,1
northern,1
focus,1
critique,1
manifests,1
among,1
taylor,1
here,1
recent,1
notes,1
appropriate,1
feasible,1
responsibility,1
value,1
statement,1
straddles,1
hardly,1
finds,1
compels,1
jeremiad,1
am,1
actions,1
disturbing,1
questioning,1
gleaned,1
row,1
beneficence,1
