WORDCOUNTS,WEIGHT
the,200
of,100
in,79
and,79
that,51
to,50
eisenhower,46
for,37
s,34
a,33
as,30
his,26
is,25
broadwater,22
p,22
on,21
with,18
by,17
this,17
have,15
it,14
he,14
about,14
at,13
more,13
anticommunist,13
mccarthy,13
been,12
than,12
if,11
not,11
from,11
these,11
civil,11
author,11
red,10
liberties,10
an,10
political,10
issue,10
administration,10
be,10
their,9
study,9
security,9
most,9
all,9
evidence,9
other,8
president,8
american,7
was,7
history,7
but,7
are,7
war,7
well,7
both,7
example,7
years,7
cold,7
crusade,7
general,7
reichard,6
communist,6
pp,6
truman,6
book,6
or,6
domestic,6
out,6
ike,6
has,6
public,6
politics,6
which,6
points,6
d,6
will,5
within,5
republican,5
case,5
presidency,5
however,5
brownell,5
had,5
fact,5
very,5
historians,5
when,5
role,5
its,5
during,5
period,5
sexuality,5
much,5
does,4
who,4
makes,4
seeing,4
dwight,4
fifties,4
important,4
handling,4
treatment,4
john,4
such,4
works,4
can,4
controversy,4
another,4
through,4
two,4
mccarthyites,4
scare,4
own,4
so,4
campaign,4
anticommunism,4
interpretations,4
era,4
generally,4
even,4
strong,4
now,3
forces,3
emilio,3
rather,3
himself,3
extreme,3
explicit,3
effectively,3
they,3
white,3
republicans,3
yet,3
joseph,3
university,3
thesis,3
seems,3
clearly,3
house,3
too,3
w,3
only,3
also,3
many,3
gary,3
parties,3
scholars,3
could,3
homosexual,3
lodge,3
further,3
hand,3
sexual,3
differences,3
writes,3
america,3
obsession,3
right,3
constitutional,3
some,3
new,3
mccarthyism,3
explanation,3
presented,3
issues,3
congress,3
unconcern,3
our,3
throughout,3
since,3
least,3
richard,3
consensus,3
internal,3
early,3
recent,3
should,3
subversion,3
attention,3
cultural,3
fails,2
interesting,2
states,2
second,2
antiintellectualism,2
menace,2
without,2
statements,2
indeed,2
how,2
foster,2
concerns,2
communism,2
dulles,2
make,2
went,2
movement,2
existed,2
fall,2
united,2
respect,2
risks,2
federal,2
interpretation,2
extremists,2
considered,2
acceptance,2
established,2
believed,2
themes,2
department,2
simply,2
first,2
rise,2
offered,2
useful,2
sources,2
fellow,2
leader,2
here,2
attacks,2
ii,2
attempts,2
taken,2
view,2
over,2
agenda,2
hoover,2
j,2
advance,2
lack,2
available,2
fundamental,2
xii,2
dramatic,2
might,2
particularly,2
deal,2
shared,2
contradictory,2
events,2
noting,2
contends,2
essentially,2
state,2
improving,2
henry,2
unlikely,2
where,2
reviews,2
broader,2
sound,2
statement,2
assertions,2
libertarian,2
really,2
require,2
almost,2
having,2
entirely,2
agreed,2
basis,2
r,2
understanding,2
work,2
jeff,2
excesses,2
despite,2
press,2
along,2
against,2
concern,2
significant,2
whole,2
behavior,2
homosexuality,2
point,2
repeatedly,2
anxieties,2
continue,2
were,2
villains,2
nightmare,2
fears,2
legislation,2
moderate,2
systematic,2
edgar,2
september,2
write,2
beyond,2
him,2
fried,2
after,2
cabot,2
emphasizes,2
quite,2
perspective,2
especially,2
between,2
actions,2
usual,2
like,2
drawn,2
would,2
instance,2
little,2
basically,2
valuable,2
activities,2
society,2
standard,2
nations,1
perfect,1
strokes,1
difficult,1
rights,1
go,1
indication,1
opposed,1
communities,1
relying,1
explanations,1
decentralized,1
books,1
currently,1
relationship,1
griffith,1
revisionist,1
may,1
temperament,1
essential,1
ascribed,1
creed,1
note,1
nonetheless,1
reiterates,1
protecting,1
wisdom,1
heroes,1
themccarthy,1
way,1
fairly,1
continued,1
trespass,1
promises,1
usually,1
probably,1
considerations,1
stood,1
labeled,1
commitment,1
pieces,1
subject,1
hill,1
separated,1
strictly,1
basic,1
critical,1
influential,1
minority,1
deserve,1
inside,1
appreciation,1
levels,1
frustrated,1
primarily,1
e,1
dimensions,1
cared,1
players,1
crusading,1
prove,1
active,1
secretary,1
outlived,1
freedman,1
risk,1
undercut,1
earlier,1
disregard,1
contribution,1
unsuccessful,1
conversion,1
grew,1
similarly,1
leave,1
recently,1
seemingly,1
caving,1
one,1
meteoric,1
selfstyled,1
contributions,1
assuming,1
life,1
approved,1
special,1
revelation,1
intellectual,1
antagonisms,1
ample,1
illustrations,1
manipulative,1
lay,1
earl,1
homophobia,1
adam,1
once,1
repression,1
surprising,1
likely,1
nonsensitive,1
denunciation,1
politicsas,1
consistency,1
troublesome,1
fray,1
h,1
support,1
thought,1
citizens,1
subversives,1
instances,1
offear,1
itself,1
democrats,1
represents,1
problematic,1
modern,1
candidate,1
mission,1
notwithstanding,1
hysteria,1
praise,1
decade,1
cointelpro,1
conclusive,1
alton,1
matters,1
unreconciled,1
policy,1
key,1
index,1
management,1
marshall,1
environment,1
title,1
minutes,1
overturning,1
fifteen,1
presumably,1
paranoia,1
liberal,1
just,1
ferret,1
same,1
dominate,1
humphrey,1
fairness,1
bricker,1
labormanagement,1
comes,1
no,1
deliver,1
times,1
al,1
argued,1
verdict,1
safeguards,1
rivaled,1
dexterity,1
materials,1
biography,1
opportunistic,1
responsibility,1
raw,1
gay,1
show,1
forcefully,1
acknowledges,1
framework,1
noted,1
exploited,1
extension,1
functioned,1
passion,1
else,1
ambiguities,1
explaining,1
attorney,1
rival,1
lee,1
willingness,1
collusion,1
persuade,1
disapproval,1
party,1
downright,1
perhaps,1
june,1
catalyst,1
deviance,1
name,1
successfully,1
maneuver,1
disagreement,1
offers,1
sustained,1
command,1
paul,1
shots,1
explain,1
set,1
potentials,1
m,1
motivations,1
toward,1
seem,1
drawing,1
rev,1
penchant,1
advocated,1
appear,1
develops,1
categorical,1
articulate,1
disappeared,1
chester,1
control,1
into,1
addition,1
readily,1
presents,1
gentle,1
nature,1
ban,1
scientist,1
troubling,1
herbert,1
efforts,1
partial,1
specialized,1
lengthy,1
hedged,1
whom,1
shaped,1
idea,1
antisubversive,1
posture,1
conduct,1
head,1
did,1
best,1
exoneration,1
assess,1
et,1
appearance,1
elmo,1
assertion,1
call,1
warm,1
straightforward,1
conservative,1
plan,1
championing,1
argue,1
appeared,1
strength,1
surprised,1
predated,1
demythologizing,1
moreover,1
developed,1
coconspirator,1
speech,1
suggesting,1
indifferent,1
inevitably,1
time,1
observing,1
neighbors,1
peiss,1
larger,1
complicity,1
intellectuals,1
xiii,1
linked,1
unconcerned,1
infiltration,1
radical,1
court,1
carolina,1
written,1
remain,1
expense,1
proved,1
administrations,1
hubert,1
examining,1
partisan,1
program,1
minimize,1
placing,1
wiretap,1
observes,1
philosophical,1
richardson,1
judgments,1
reasons,1
emerges,1
question,1
distinctionbetween,1
late,1
examination,1
mind,1
working,1
stand,1
heart,1
studies,1
dismissing,1
beginning,1
equally,1
specter,1
dismissed,1
defend,1
prestige,1
understood,1
opposite,1
according,1
scholarly,1
third,1
rests,1
what,1
displayed,1
johns,1
induced,1
persuasively,1
activist,1
bore,1
power,1
accepted,1
context,1
establish,1
papers,1
them,1
defining,1
jobs,1
zealots,1
form,1
michael,1
sentence,1
see,1
cannot,1
making,1
accounts,1
adams,1
intolerances,1
excellent,1
moderates,1
necessary,1
portrays,1
ed,1
agencies,1
presided,1
attitudes,1
cabinet,1
frightening,1
reds,1
esther,1
upon,1
condemn,1
eds,1
reluctantly,1
supplant,1
distancing,1
problem,1
wide,1
sugreviews,1
style,1
draws,1
gives,1
hopkins,1
while,1
free,1
kathy,1
vehicle,1
greenstein,1
receive,1
warriors,1
aspects,1
stance,1
failure,1
studied,1
bohlen,1
fight,1
voice,1
directly,1
conservatives,1
account,1
minimal,1
episode,1
prior,1
possible,1
invisible,1
marked,1
degrees,1
reaction,1
nomination,1
activity,1
mythic,1
literature,1
campaigns,1
characterize,1
intimate,1
sherman,1
lapses,1
election,1
uncharacteristically,1
suggests,1
treated,1
atlantic,1
alter,1
bibliography,1
move,1
directive,1
politicians,1
prohibition,1
analyzed,1
regretted,1
culpability,1
age,1
flaw,1
sides,1
mastery,1
barry,1
government,1
story,1
say,1
except,1
part,1
delicate,1
far,1
introduced,1
explains,1
denial,1
cited,1
tendencies,1
bottom,1
circumscribe,1
representing,1
supreme,1
flourish,1
includingjohn,1
tune,1
positions,1
description,1
ten,1
varying,1
step,1
empirical,1
minimum,1
robert,1
frenzy,1
identifies,1
helping,1
conventional,1
overview,1
rogin,1
operated,1
emphasizing,1
ranks,1
broad,1
phenomenon,1
challenges,1
mention,1
succeed,1
actually,1
furthering,1
amnesty,1
maintains,1
chapters,1
upheld,1
includes,1
amendment,1
come,1
recounting,1
misjudged,1
surrounding,1
deft,1
stultifying,1
fred,1
anything,1
i,1
soft,1
initiatives,1
until,1
students,1
examples,1
preparation,1
argument,1
touch,1
unable,1
lists,1
defer,1
difference,1
received,1
run,1
clear,1
alternately,1
simmons,1
contradictions,1
reality,1
hidden,1
adding,1
approach,1
nixon,1
national,1
washington,1
accept,1
sustain,1
told,1
latham,1
employee,1
brand,1
publicized,1
good,1
relatively,1
regarded,1
try,1
documentation,1
course,1
previously,1
individual,1
mass,1
honest,1
fatal,1
although,1
correct,1
successful,1
hard,1
introduces,1
intertwining,1
jr,1
suggest,1
stage,1
rooted,1
topic,1
dealings,1
christina,1
played,1
senator,1
lessening,1
senate,1
order,1
theage,1
off,1
militant,1
turn,1
fits,1
unsupported,1
black,1
cases,1
presenting,1
provides,1
wherein,1
decided,1
distinct,1
involved,1
old,1
latter,1
better,1
underlying,1
promotion,1
several,1
pach,1
respective,1
preponderance,1
dissent,1
concerning,1
few,1
enough,1
orchestrated,1
highly,1
revealing,1
employees,1
lesbian,1
transfer,1
chapel,1
inclusion,1
lift,1
become,1
lacking,1
brendon,1
topics,1
effective,1
bag,1
unsympathetic,1
exhibited,1
find,1
fully,1
managed,1
create,1
views,1
up,1
including,1
element,1
factions,1
consequently,1
piers,1
erroneously,1
reoccur,1
root,1
accomplishments,1
world,1
figures,1
seek,1
north,1
notes,1
relative,1
famous,1
florida,1
guard,1
anticommunists,1
stephen,1
gest,1
ago,1
foreground,1
jarring,1
ambrose,1
though,1
roles,1
enjoy,1
major,1
cites,1
battles,1
reluctant,1
decision,1
hunt,1
expressly,1
grasp,1
next,1
