WORDCOUNTS,WEIGHT
the,141
and,113
a,94
of,91
in,77
to,72
s,38
women,35
her,34
that,32
was,30
she,29
as,24
is,24
by,23
ashbridge,22
with,21
quaker,20
on,19
for,17
juster,16
marginal,16
from,16
but,16
not,15
an,15
or,14
new,14
who,13
conversion,13
more,12
so,12
religious,11
england,11
men,11
journal,11
american,10
are,10
have,10
church,9
had,9
narratives,9
also,9
religion,9
there,9
because,9
were,9
i,9
than,9
it,8
no,8
been,8
history,8
being,8
book,8
levenduski,8
baptists,8
between,8
be,8
even,8
male,7
their,7
god,7
power,7
all,7
sullivan,7
woman,7
churches,7
elizabeth,7
like,7
which,7
this,7
would,7
husband,6
they,6
evangelical,6
only,6
baptist,6
great,6
brought,6
family,6
awakening,6
quakers,6
rather,5
female,5
disorderly,5
these,5
saved,5
liberty,5
frost,5
minister,5
what,5
sexual,5
feminine,5
through,5
gender,5
after,5
though,5
at,4
will,4
now,4
he,4
way,4
e,4
community,4
terms,4
analysis,4
read,4
respectability,4
any,4
published,4
disciplinary,4
diary,4
use,4
found,4
time,4
differences,4
discipline,4
reviews,4
ministers,4
role,4
much,4
liminality,4
congregation,4
instead,4
marginality,4
early,4
wife,4
may,3
poor,3
second,3
whose,3
liminal,3
later,3
revolutionary,3
converted,3
tavern,3
life,3
about,3
friends,3
meant,3
university,3
into,3
proved,3
journeys,3
love,3
charity,3
members,3
quakerism,3
here,3
marriage,3
journey,3
many,3
character,3
uses,3
did,3
could,3
out,3
massachusetts,3
pennsylvania,3
converts,3
culture,3
sacred,3
learn,3
those,3
william,3
where,3
accepted,3
theory,3
has,3
sought,3
america,3
argues,3
chapter,3
another,3
relatives,3
father,3
made,3
little,3
communitas,3
show,3
press,3
became,3
disciplined,3
we,3
language,3
patriarchy,3
does,3
good,3
peculiar,3
sense,3
upon,3
revolution,3
one,3
why,3
several,3
june,3
can,3
died,3
when,3
story,3
political,3
major,3
focused,3
critical,2
therefore,2
without,2
his,2
if,2
five,2
contrast,2
imagery,2
service,2
debated,2
evangelicalism,2
keepers,2
army,2
preachers,2
preach,2
itself,2
christ,2
manuscript,2
connecticut,2
transformation,2
told,2
becoming,2
class,2
pp,2
erotic,2
authority,2
yet,2
interpretation,2
means,2
actions,2
worlds,2
makes,2
susan,2
clergy,2
addressed,2
index,2
literary,2
indenture,2
its,2
home,2
light,2
complete,2
grace,2
version,2
delaware,2
most,2
two,2
experienced,2
first,2
t,2
isaac,2
testimonial,2
bushman,2
other,2
sometimes,2
might,2
widow,2
over,2
refused,2
woolman,2
monthly,2
j,2
shows,2
longer,2
lack,2
whom,2
historians,2
seem,2
scholars,2
cristine,2
wealthy,2
search,2
documents,2
wrote,2
theology,2
john,2
author,2
very,2
state,2
separating,2
within,2
puritan,2
term,2
better,2
feminist,2
written,2
redefined,2
raised,2
conventional,2
war,2
whether,2
less,2
wealth,2
material,2
perhaps,2
narrative,2
carla,2
public,2
rhode,2
well,2
voice,2
autobiography,2
uneven,2
don,2
meetings,2
image,2
status,2
virginia,2
politics,2
used,2
missionary,2
discussion,2
background,2
both,2
some,2
richard,2
vote,2
bear,2
otherness,2
servant,2
ill,2
except,2
x,2
individual,2
example,2
worship,2
pestana,2
went,2
unfortunately,2
souls,2
during,2
morality,2
diaries,2
records,2
engaged,2
historical,2
married,2
dependence,2
evidence,2
such,2
years,2
ignored,2
moral,2
applied,2
welcomed,2
formal,2
wish,2
social,2
least,2
rhys,2
topic,2
congregational,2
changes,2
order,2
unity,2
provides,2
decisions,2
specific,2
allowing,2
compare,2
find,2
femininity,2
sin,2
spite,2
describes,2
explanations,2
meeting,2
cultural,2
master,2
denominations,2
revivalism,1
gentlewoman,1
indentured,1
periods,1
seems,1
pluralism,1
space,1
enough,1
failed,1
threatened,1
rights,1
departs,1
go,1
twelve,1
marries,1
inward,1
christian,1
allegedly,1
wilmington,1
sons,1
recognized,1
irrespective,1
done,1
struggle,1
me,1
humiliates,1
subordination,1
child,1
singer,1
equality,1
lacunae,1
education,1
equals,1
summarize,1
drunken,1
kidnap,1
continued,1
fell,1
letters,1
mother,1
silences,1
mentions,1
influence,1
crucial,1
extraordinary,1
johns,1
identified,1
action,1
economic,1
strategy,1
ways,1
main,1
absent,1
unwilling,1
gradual,1
plays,1
jettisoning,1
abusive,1
ideology,1
how,1
novelists,1
result,1
wonder,1
hill,1
separated,1
spouse,1
sings,1
anglican,1
basic,1
influential,1
tried,1
administered,1
motivated,1
alternate,1
apart,1
providence,1
lines,1
hutchinson,1
resulted,1
insufficient,1
spoke,1
fiction,1
intriguing,1
process,1
affirming,1
spectacular,1
growth,1
gaining,1
sensitive,1
kept,1
seen,1
still,1
above,1
outward,1
bears,1
revolted,1
says,1
yankee,1
make,1
returned,1
expanded,1
indicates,1
saints,1
legal,1
forcing,1
boy,1
chelsea,1
legitimacy,1
study,1
stripped,1
viewed,1
happens,1
replaced,1
traveled,1
country,1
hold,1
easily,1
surrendered,1
schoolteachers,1
travel,1
illegal,1
kinds,1
combining,1
sinful,1
responsible,1
ample,1
blurs,1
impersonal,1
lay,1
puritans,1
confronting,1
guide,1
spoken,1
word,1
factors,1
live,1
sees,1
evocative,1
supporting,1
english,1
fields,1
support,1
months,1
fair,1
elder,1
walking,1
sudden,1
understand,1
addition,1
escape,1
unusual,1
conscious,1
fault,1
probity,1
voting,1
immigrant,1
message,1
marks,1
females,1
chronology,1
stephen,1
position,1
key,1
neither,1
itinerate,1
circumscribed,1
calvinists,1
school,1
reintegration,1
sampson,1
seriously,1
minutes,1
methodists,1
then,1
cornell,1
vivid,1
before,1
conclusions,1
edition,1
practice,1
views,1
n,1
numbers,1
impact,1
taken,1
stressed,1
welfare,1
jersey,1
ed,1
lament,1
document,1
unsaved,1
mentioned,1
frequently,1
too,1
collective,1
belonging,1
age,1
provocative,1
prosperous,1
porous,1
pulpit,1
perfect,1
experience,1
emotional,1
vocabulary,1
quotations,1
williams,1
restored,1
people,1
sex,1
piety,1
cast,1
powerful,1
resemblance,1
beyond,1
nature,1
linkage,1
defines,1
concludes,1
claims,1
improvement,1
supposedly,1
problems,1
library,1
terminology,1
overcame,1
legalism,1
offers,1
occurred,1
injustice,1
shifted,1
dissertation,1
concerned,1
approached,1
dominant,1
androgynous,1
think,1
military,1
others,1
death,1
pictured,1
attempt,1
independence,1
dependency,1
responsibilities,1
freedom,1
offenses,1
motifs,1
epilogue,1
each,1
added,1
descriptive,1
environment,1
tie,1
opening,1
stop,1
editions,1
advance,1
conformity,1
conscientious,1
different,1
unlike,1
reprinted,1
based,1
including,1
roman,1
minority,1
allow,1
blur,1
individuals,1
fearing,1
down,1
indies,1
print,1
together,1
bifurcated,1
argue,1
clarify,1
powerless,1
right,1
domestic,1
visiting,1
flanders,1
potentially,1
disagree,1
dissembling,1
citizens,1
lived,1
region,1
clarifies,1
hospital,1
economics,1
format,1
scenes,1
warning,1
clearly,1
revival,1
department,1
events,1
asserting,1
omitted,1
personality,1
houses,1
agency,1
contemporary,1
monograph,1
friend,1
quietistic,1
purview,1
farmer,1
considerable,1
fashion,1
man,1
semiotics,1
preacher,1
disputes,1
passage,1
anne,1
citations,1
evaluate,1
last,1
commercialism,1
person,1
turned,1
date,1
subordinate,1
equal,1
charged,1
studies,1
do,1
metaphor,1
dismissed,1
born,1
play,1
normal,1
none,1
approved,1
actor,1
poverty,1
government,1
tears,1
secular,1
widowhood,1
skilled,1
stressing,1
similar,1
daniel,1
lead,1
combined,1
context,1
teacher,1
vulnerable,1
similarities,1
recently,1
shady,1
citizenship,1
stability,1
beaten,1
proposals,1
accounts,1
dislike,1
paying,1
defense,1
cause,1
particular,1
dance,1
acquaintance,1
crisp,1
record,1
moralism,1
dancing,1
resemblances,1
however,1
flaws,1
converting,1
suspect,1
sophisticated,1
important,1
contrasting,1
spiritual,1
required,1
college,1
imposes,1
holly,1
sullivans,1
opposition,1
king,1
educated,1
introductory,1
money,1
eloped,1
hopkins,1
while,1
scene,1
going,1
patriarchal,1
influenced,1
affair,1
rests,1
require,1
synecdoche,1
larger,1
having,1
fight,1
local,1
skillfully,1
account,1
original,1
almost,1
persuaded,1
phenomena,1
marked,1
understanding,1
omissions,1
concentrating,1
unworthy,1
certain,1
fourteen,1
knew,1
lapses,1
element,1
considering,1
exegesis,1
portraits,1
bibliography,1
fundamental,1
completed,1
chiefly,1
overworked,1
move,1
schoolmaster,1
eighteenth,1
must,1
preserved,1
concluding,1
careful,1
heart,1
israel,1
west,1
defied,1
doctrinal,1
persecutions,1
met,1
drunk,1
fictional,1
laxity,1
sacraments,1
far,1
damnation,1
establishment,1
indicating,1
increase,1
calls,1
apply,1
convincement,1
carolina,1
yearly,1
irish,1
journals,1
subject,1
inconsistently,1
returning,1
anthologized,1
introduction,1
significant,1
loss,1
whole,1
year,1
fed,1
unhappiness,1
engage,1
island,1
condition,1
gave,1
institute,1
fit,1
distorts,1
convenience,1
sign,1
harmony,1
brunt,1
behavior,1
attract,1
factor,1
allowed,1
issues,1
colonial,1
families,1
reduces,1
shea,1
dances,1
extraordinarily,1
definitions,1
moll,1
writing,1
gain,1
relies,1
sphere,1
eighteenthcentury,1
childhood,1
conflict,1
disfranchisement,1
rare,1
emancipation,1
continue,1
partiality,1
come,1
named,1
somewhere,1
focuses,1
buying,1
contentious,1
antipathy,1
member,1
institution,1
until,1
schoolteacher,1
progress,1
described,1
accuracy,1
couple,1
victimized,1
theses,1
unable,1
rejected,1
roger,1
prestige,1
andrews,1
presbyterian,1
grasp,1
depressions,1
discovered,1
since,1
finding,1
against,1
encounters,1
either,1
unpublished,1
silent,1
inadequate,1
washington,1
doctor,1
aaron,1
group,1
accept,1
subtle,1
pamela,1
heroines,1
distinctions,1
mutiny,1
finally,1
harm,1
causal,1
recipient,1
held,1
running,1
joined,1
general,1
unfit,1
gendered,1
times,1
although,1
objector,1
correct,1
smith,1
d,1
differed,1
sins,1
rigorously,1
slander,1
need,1
speaking,1
willing,1
him,1
counterculture,1
pay,1
stage,1
mount,1
stepmother,1
debts,1
am,1
century,1
protest,1
distinction,1
effects,1
catholic,1
kind,1
profane,1
congregationalist,1
attempted,1
off,1
attracting,1
probable,1
congregations,1
sexuality,1
eve,1
investigation,1
satan,1
captain,1
irresponsible,1
arbitrary,1
allure,1
event,1
old,1
speak,1
self,1
late,1
troubles,1
never,1
speculate,1
faith,1
autonomy,1
mind,1
morally,1
profits,1
depend,1
wed,1
few,1
smithsonian,1
besides,1
ship,1
revealing,1
surrender,1
qualities,1
ithaca,1
itinerants,1
often,1
brides,1
valuable,1
chapel,1
certainty,1
psychological,1
proof,1
difficulty,1
insists,1
young,1
become,1
relation,1
c,1
overcome,1
applying,1
outnumbered,1
wanderings,1
wishing,1
reevaluation,1
redefinition,1
insubordination,1
sentiments,1
teach,1
excluded,1
irresistible,1
weight,1
seeking,1
y,1
probably,1
working,1
extent,1
weaver,1
student,1
severely,1
percentage,1
posed,1
publicity,1
evangelicals,1
ireland,1
traditional,1
reverend,1
swarthmore,1
focus,1
ignores,1
prove,1
among,1
seek,1
ends,1
north,1
notes,1
traditions,1
seduction,1
famous,1
needlework,1
quarterly,1
evaluated,1
should,1
fellow,1
basically,1
building,1
jesus,1
masculine,1
daughter,1
passive,1
attention,1
roles,1
opinionated,1
patriots,1
actress,1
questioning,1
negative,1
widely,1
attended,1
seemed,1
indeterminacy,1
visit,1
separate,1
dancer,1
selected,1
