WORDCOUNTS,WEIGHT
the,198
of,108
and,81
to,59
a,48
in,48
for,33
that,30
automobile,23
on,22
as,21
public,21
transit,19
it,18
with,18
but,17
mcshane,16
s,16
city,16
is,15
their,13
street,13
urban,12
were,12
an,12
traffic,11
was,11
rapid,11
from,10
political,10
not,9
culture,9
streets,9
steam,9
than,9
car,8
by,8
social,8
problems,8
automobiles,8
automobility,8
municipal,8
he,7
history,7
also,7
new,7
pavements,7
motorists,7
at,7
its,7
his,6
more,6
had,6
p,6
suburban,5
who,5
american,5
neighborhoods,5
planners,5
men,5
cultural,5
what,5
vehicles,5
engineers,5
trolley,5
reformers,5
fairfield,5
provided,5
york,4
costs,4
both,4
they,4
life,4
class,4
study,4
impact,4
combustion,4
first,4
cities,4
improved,4
opposition,4
triumph,4
suggests,4
private,4
politics,4
made,4
use,4
chapters,4
this,4
have,4
victory,4
internal,4
mechanical,4
traditional,4
general,4
failed,3
does,3
suggested,3
motor,3
horses,3
limited,3
suburbanization,3
railway,3
mobility,3
cheap,3
space,3
technology,3
university,3
thesis,3
policies,3
girls,3
women,3
most,3
needs,3
powerful,3
power,3
faster,3
other,3
could,3
regulation,3
out,3
government,3
while,3
commuting,3
war,3
reviews,3
means,3
railways,3
argues,3
work,3
middle,3
popular,3
residents,3
explanation,3
parking,3
through,3
own,3
against,3
health,3
although,3
buildings,3
down,3
settlement,3
between,3
even,3
pedestrians,3
promised,2
may,2
speeds,2
poor,2
demand,2
independent,2
rather,2
generated,2
usually,2
troubled,2
liberation,2
corruption,2
market,2
above,2
one,2
often,2
kill,2
designed,2
cars,2
support,2
sidewalks,2
escape,2
artery,2
protection,2
or,2
into,2
cooley,2
too,2
prevent,2
these,2
industrial,2
nervous,2
rise,2
speedway,2
avoided,2
sources,2
fast,2
embraced,2
production,2
interests,2
law,2
years,2
important,2
over,2
safety,2
promoting,2
control,2
all,2
added,2
financial,2
shows,2
turned,2
path,2
underwrote,2
desire,2
expense,2
appeared,2
time,2
john,2
how,2
state,2
americans,2
considerable,2
nevertheless,2
great,2
rhetoric,2
readers,2
still,2
do,2
decisively,2
terms,2
less,2
see,2
material,2
however,2
mysteries,2
be,2
design,2
has,2
free,2
mass,2
america,2
technical,2
because,2
march,2
failure,2
local,2
when,2
some,2
technologies,2
disease,2
planning,2
male,2
abutters,2
helps,2
part,2
paving,2
explains,2
press,2
became,2
role,2
along,2
host,2
programs,2
adding,2
make,2
much,2
urbanites,2
panacea,2
which,2
spaces,2
we,2
promoted,2
argument,2
won,2
restrictions,2
pollution,2
disguised,2
points,2
contributed,2
commerce,2
land,2
d,2
so,2
involving,2
financing,2
off,2
individual,2
involved,2
long,2
offered,2
revenues,2
speed,2
machines,2
governments,2
industry,2
inefficiency,2
left,2
book,2
confusing,2
those,2
describes,2
professional,2
should,2
portrait,2
evidence,2
asphalt,2
clogged,1
analytical,1
weak,1
retells,1
final,1
domesticity,1
dealing,1
higher,1
frontier,1
boards,1
prohibition,1
decaying,1
cheapest,1
mcgerr,1
opposed,1
twelve,1
underlay,1
decentralized,1
led,1
frustrates,1
relationship,1
likely,1
philadelphia,1
appropriation,1
recognized,1
business,1
accidents,1
resolve,1
page,1
back,1
today,1
frequent,1
condemnation,1
limits,1
difficult,1
way,1
continued,1
repetitiveness,1
george,1
lavish,1
dilemma,1
oneway,1
fiscally,1
kenneth,1
purely,1
crucial,1
identified,1
growth,1
been,1
inventiveness,1
suburbanites,1
concern,1
short,1
wrote,1
located,1
created,1
toward,1
ready,1
workplaces,1
aggressive,1
housing,1
ironically,1
might,1
exacerbated,1
fantasies,1
tide,1
nationwide,1
environmental,1
boulevards,1
brief,1
discredited,1
fewer,1
heights,1
widespread,1
nearly,1
centralization,1
penchant,1
slow,1
reorganization,1
liberating,1
dictating,1
lost,1
ills,1
argue,1
alone,1
adoption,1
explicitly,1
ultimate,1
suffer,1
spurred,1
dwellings,1
stench,1
began,1
worse,1
surviving,1
sphere,1
unwieldy,1
per,1
builders,1
tasks,1
transformation,1
initially,1
parked,1
vulnerable,1
registered,1
large,1
fueling,1
eighty,1
explosive,1
parts,1
trolleys,1
replaced,1
displaying,1
innovation,1
speedways,1
structural,1
expectations,1
illustrations,1
construction,1
analysis,1
mobilize,1
tolls,1
standard,1
about,1
anchor,1
michael,1
inferior,1
join,1
once,1
beautiful,1
moreover,1
turmoil,1
trains,1
yet,1
unfolds,1
sympathy,1
permission,1
rising,1
polluter,1
recalled,1
reconcilable,1
solutions,1
unimpressed,1
suppression,1
makes,1
pp,1
read,1
struggle,1
problematic,1
largely,1
romantic,1
modern,1
many,1
crowded,1
ardent,1
groups,1
array,1
east,1
meant,1
fear,1
champions,1
increased,1
collection,1
consider,1
panegyric,1
policy,1
us,1
organization,1
favorable,1
fixed,1
index,1
recreation,1
familiar,1
organic,1
riots,1
graphs,1
clear,1
deliveries,1
home,1
heavy,1
ambitious,1
then,1
linked,1
light,1
liberal,1
before,1
action,1
flink,1
following,1
elevated,1
shifting,1
air,1
something,1
sharply,1
series,1
popularized,1
source,1
deliver,1
princeton,1
switch,1
version,1
robust,1
intensification,1
bicyclists,1
assaults,1
playgrounds,1
inner,1
negative,1
attitudes,1
roadways,1
initiative,1
extensive,1
begins,1
democratic,1
superior,1
lower,1
noted,1
romance,1
confront,1
only,1
babbitt,1
sometimes,1
t,1
crabgrass,1
double,1
physical,1
chose,1
delivery,1
humanity,1
provide,1
lewis,1
jackson,1
name,1
science,1
cincinnati,1
unseemly,1
solve,1
paul,1
experimented,1
exaggerated,1
dominant,1
challenge,1
downtown,1
later,1
discouraging,1
stories,1
behavior,1
quickly,1
resentment,1
culturally,1
concentrated,1
providing,1
aptitude,1
crowds,1
rush,1
stating,1
view,1
preferences,1
marketed,1
cable,1
conflicts,1
paragraph,1
awaited,1
refused,1
assessments,1
principle,1
emerged,1
each,1
familiarizing,1
experimentation,1
hours,1
j,1
nature,1
turn,1
proponents,1
expressed,1
hour,1
efforts,1
europeans,1
my,1
registration,1
tax,1
came,1
expanding,1
based,1
operators,1
shaped,1
key,1
overwhelming,1
bearing,1
did,1
stringent,1
best,1
explores,1
leaders,1
commuters,1
enthusiastic,1
amenities,1
conservative,1
wealthy,1
search,1
currently,1
irregular,1
reform,1
judge,1
choice,1
paved,1
eventually,1
foundation,1
effort,1
up,1
children,1
chugged,1
shot,1
practical,1
larger,1
deal,1
can,1
avoiding,1
reveal,1
concludes,1
rely,1
far,1
launched,1
court,1
interstate,1
disorders,1
everything,1
distrust,1
doubt,1
number,1
build,1
decentralization,1
chaperoned,1
workable,1
tracts,1
find,1
possibility,1
help,1
there,1
enlarged,1
base,1
disruptive,1
works,1
rough,1
petty,1
big,1
forms,1
mind,1
prestige,1
miles,1
say,1
precisely,1
employment,1
noise,1
lose,1
same,1
psychic,1
supporters,1
regulations,1
traits,1
apolitical,1
poverty,1
shown,1
somewhat,1
ambiguous,1
where,1
selfincrimination,1
johns,1
orderly,1
aspects,1
barrett,1
designers,1
viewed,1
reconcile,1
celebrated,1
form,1
companies,1
ones,1
making,1
promise,1
boys,1
plans,1
relating,1
excellent,1
younger,1
constitutional,1
empty,1
otherwise,1
occasional,1
fashionable,1
advocates,1
overawed,1
xvii,1
sophisticated,1
spur,1
depriving,1
your,1
woman,1
narrative,1
books,1
debate,1
enough,1
problem,1
sell,1
wide,1
dream,1
revived,1
fascination,1
prone,1
advice,1
her,1
hopkins,1
near,1
reflected,1
sought,1
corrupt,1
masculinity,1
engine,1
obsession,1
vehicle,1
laudable,1
improve,1
undermined,1
ibid,1
well,1
produce,1
carriages,1
resident,1
participation,1
opened,1
felt,1
responses,1
basis,1
possible,1
coherent,1
classes,1
outlying,1
exploring,1
makers,1
open,1
used,1
secured,1
cost,1
visionary,1
intent,1
empowering,1
benefited,1
easier,1
little,1
strict,1
driver,1
values,1
decisions,1
careful,1
imagined,1
brought,1
bans,1
refinement,1
story,1
mere,1
transformed,1
substitute,1
despite,1
enormous,1
subsidies,1
apparent,1
proprietor,1
sexually,1
department,1
unrealistic,1
gender,1
contradiction,1
encouraged,1
financed,1
tried,1
respectable,1
taller,1
assumptions,1
reconciling,1
spending,1
dozens,1
limitedaccess,1
struck,1
measure,1
manhattan,1
prevented,1
gave,1
franchises,1
warfare,1
describe,1
lights,1
audience,1
overtones,1
assumption,1
resistance,1
inherited,1
riders,1
issues,1
literally,1
miasmic,1
tall,1
winning,1
repairs,1
bitter,1
statistics,1
conflict,1
central,1
daring,1
sparked,1
thus,1
accommodate,1
precision,1
reinforced,1
throughout,1
come,1
assertiveness,1
office,1
widened,1
improvements,1
haven,1
optimistic,1
dating,1
front,1
contribution,1
ultimately,1
finally,1
emboldened,1
sociability,1
transitand,1
low,1
status,1
reveals,1
quality,1
universally,1
quotation,1
wages,1
intensified,1
wilson,1
illustrates,1
three,1
finding,1
quest,1
tables,1
manipulation,1
persuasiveness,1
legerdemain,1
mode,1
machine,1
integral,1
author,1
bicycles,1
police,1
substituting,1
charming,1
remake,1
casts,1
good,1
change,1
defeat,1
creating,1
xavier,1
settlements,1
solution,1
choices,1
officials,1
relations,1
times,1
detached,1
revitalize,1
jaywalking,1
allowed,1
viable,1
lifestyles,1
dense,1
hard,1
working,1
application,1
jams,1
revolution,1
ability,1
things,1
leisure,1
stage,1
sinclair,1
high,1
century,1
politically,1
applicability,1
playing,1
james,1
funds,1
traction,1
after,1
terribly,1
partial,1
losing,1
realtors,1
commercially,1
shift,1
clay,1
purchasing,1
siders,1
maintaining,1
speculative,1
summary,1
parkway,1
visions,1
favored,1
inclinations,1
profits,1
especially,1
facing,1
charles,1
driving,1
somehow,1
vapors,1
slums,1
perceived,1
redefined,1
assumed,1
columbia,1
uses,1
rotaries,1
single,1
become,1
themselves,1
narrow,1
met,1
decline,1
c,1
bronx,1
confiscatory,1
engineering,1
clarity,1
redefinition,1
era,1
reflecting,1
enjoyed,1
explosions,1
warned,1
managed,1
electric,1
fears,1
sullied,1
strikes,1
opponents,1
element,1
majority,1
essays,1
seal,1
horse,1
boiler,1
readership,1
focus,1
eager,1
woodrow,1
details,1
saw,1
technological,1
permanent,1
arrogant,1
recent,1
notes,1
resist,1
truck,1
speeders,1
chimera,1
building,1
alternative,1
doing,1
reckless,1
irresponsible,1
roles,1
adjust,1
rates,1
unsatisfied,1
major,1
implementation,1
examines,1
seemed,1
parks,1
consequences,1
