WORDCOUNTS,WEIGHT
the,205
of,160
and,128
culture,114
to,103
mass,82
in,59
that,50
a,49
kammen,47
popular,37
s,36
american,33
as,33
is,31
consumers,30
cultural,25
for,24
but,23
are,21
he,20
it,19
scholars,19
its,17
at,16
not,16
or,16
by,16
on,16
who,15
from,15
power,15
have,15
media,15
history,14
has,13
an,13
even,13
their,12
some,12
debate,12
about,11
with,11
over,11
many,11
our,11
corporations,11
critics,10
americans,10
was,10
his,10
more,10
would,10
between,10
be,10
most,9
century,9
one,8
book,8
p,8
i,8
television,8
than,8
no,7
into,7
great,7
new,7
which,7
movies,7
generally,7
we,7
wasteland,6
may,6
still,6
life,6
too,6
only,6
also,6
decades,6
other,6
intellectuals,6
audience,6
past,6
those,6
though,6
suggests,6
both,6
were,6
rasmussen,6
up,6
now,5
they,5
authority,5
scholarship,5
producers,5
production,5
all,5
academicians,5
extent,5
entertainments,5
public,5
reviews,5
terms,5
michael,5
well,5
through,5
rosenberg,5
altogether,5
will,4
critical,4
high,4
note,4
rather,4
seldes,4
white,4
susan,4
contention,4
university,4
chronology,4
fiske,4
growing,4
nineteenth,4
ever,4
masses,4
control,4
longer,4
could,4
effort,4
historical,4
considerable,4
respond,4
political,4
where,4
right,4
while,4
when,4
understanding,4
vast,4
tastes,4
despite,4
much,4
leftists,4
music,4
commercial,4
years,4
this,4
against,4
essay,4
need,4
taste,4
june,4
analysis,4
early,4
passivity,4
recent,4
passive,4
various,3
if,3
growth,3
how,3
does,3
after,3
whether,3
shiach,3
often,3
blurring,3
united,3
criticism,3
ways,3
understand,3
pp,3
us,3
neither,3
douglass,3
these,3
contempt,3
two,3
couch,3
social,3
perhaps,3
reach,3
forty,3
important,3
extraordinary,3
might,3
out,3
products,3
late,3
say,3
complicated,3
relations,3
lowbrow,3
writes,3
because,3
work,3
advent,3
content,3
press,3
became,3
publishers,3
largely,3
people,3
sensibility,3
unable,3
such,3
since,3
twentieth,3
consumption,3
individual,3
although,3
states,3
observes,3
distinction,3
nor,3
especially,3
least,3
further,3
become,3
themselves,3
can,3
attention,3
influence,3
what,3
discernment,2
promised,2
appeal,2
ranging,2
bernard,2
gilbert,2
york,2
whose,2
publishing,2
later,2
been,2
watch,2
influential,2
arts,2
citizens,2
levels,2
sway,2
exercise,2
means,2
poor,2
active,2
deliberately,2
judgment,2
cholesterol,2
notably,2
them,2
class,2
agency,2
ubiquity,2
entertainment,2
fair,2
face,2
studies,2
viewers,2
bad,2
old,2
array,2
postmodern,2
consider,2
acceptance,2
latitude,2
arguments,2
chris,2
diversions,2
amid,2
before,2
judgments,2
girls,2
same,2
citizenry,2
deliver,2
origins,2
unfree,2
simply,2
joe,2
bagdikian,2
every,2
left,2
ii,2
sometimes,2
use,2
enables,2
academy,2
intellectual,2
capitalist,2
potatoes,2
engaged,2
greater,2
had,2
different,2
overwhelming,2
allow,2
did,2
critic,2
ben,2
origin,2
scholar,2
events,2
very,2
end,2
contends,2
help,2
serious,2
highbrow,2
manning,2
merely,2
readers,2
enough,2
date,2
robert,2
scholarly,2
war,2
economy,2
johns,2
professors,2
advertisers,2
less,2
ed,2
broadcasting,2
problem,2
chronicled,2
hopkins,2
number,2
local,2
conservatives,2
responses,2
politics,2
extended,2
wilderness,2
leisure,2
neatly,2
clear,2
multiple,2
lies,2
recounts,2
virtually,2
make,2
phenomenon,2
world,2
ideas,2
aspect,2
think,2
mc,2
uncharted,2
mcchesney,2
fears,2
america,2
ignored,2
leveled,2
dubious,2
wielded,2
tolerance,2
made,2
talk,2
national,2
write,2
moment,2
concentrations,2
david,2
land,2
spread,2
so,2
insisted,2
effects,2
earlier,2
small,2
several,2
burgeoning,2
concerning,2
accomplished,2
response,2
certainly,2
radio,2
suddenly,2
sontag,2
misleading,2
create,2
little,2
uncritical,2
observed,2
diminished,2
workings,2
parks,2
harmful,2
admirably,1
distribution,1
phases,1
transforming,1
resolve,1
seems,1
meaningfully,1
oprah,1
enable,1
democracy,1
live,1
stimulate,1
flock,1
definitively,1
undifferentiated,1
quoting,1
film,1
led,1
airwaves,1
vied,1
likely,1
cranky,1
urged,1
situation,1
hoi,1
pegged,1
homegrown,1
reduced,1
metal,1
endure,1
mulling,1
hallmarks,1
vortex,1
pauses,1
intelligence,1
succinctly,1
middlebrow,1
hopes,1
without,1
snap,1
higher,1
buffeted,1
continued,1
steadily,1
fell,1
mixture,1
concerned,1
faith,1
bulk,1
attributes,1
bring,1
generated,1
l,1
traffic,1
gigantic,1
waning,1
groups,1
absent,1
corporate,1
impetus,1
across,1
criticize,1
generations,1
indeed,1
expiration,1
enjoyable,1
prize,1
informing,1
toward,1
practitioners,1
debated,1
result,1
interpretation,1
enjoyed,1
subject,1
sort,1
here,1
truth,1
smart,1
grim,1
exacerbated,1
market,1
corporation,1
then,1
inside,1
notoriously,1
writers,1
account,1
relentlessly,1
encompassing,1
leslie,1
fiction,1
struggled,1
arrive,1
rendering,1
notion,1
wound,1
becomes,1
liberating,1
lost,1
opportunity,1
accepted,1
frequently,1
exerts,1
pop,1
surveys,1
enemies,1
sitcoms,1
maddening,1
considerably,1
appear,1
force,1
began,1
polls,1
h,1
disregard,1
overlap,1
bewildering,1
oddly,1
negotiations,1
expect,1
comprehend,1
scottish,1
wilson,1
transformation,1
initially,1
michel,1
undertake,1
rapidly,1
paradoxical,1
rejects,1
republic,1
gullible,1
discourse,1
hierarchically,1
listlessly,1
seemingly,1
ongoing,1
bundy,1
deepest,1
conservative,1
doubted,1
permeate,1
pathologies,1
amusement,1
study,1
uncool,1
lacking,1
enabled,1
illustrations,1
fighting,1
multifaceted,1
designed,1
undoubtedly,1
lively,1
lynes,1
fall,1
timeline,1
democratic,1
consequences,1
chamber,1
mediate,1
easy,1
constitutes,1
sets,1
vegas,1
yet,1
bleak,1
bearings,1
encompasses,1
suffice,1
tupperware,1
thought,1
barbarians,1
vaunted,1
get,1
completely,1
promise,1
comedies,1
ethos,1
amassing,1
easily,1
insistence,1
read,1
iowa,1
lethal,1
programs,1
homer,1
dopey,1
discounts,1
soon,1
monolithic,1
vastly,1
operates,1
female,1
meant,1
hurled,1
under,1
younger,1
purveyors,1
detail,1
selective,1
claims,1
resourcefulness,1
prophesied,1
school,1
raged,1
ballyhooed,1
histrionic,1
participants,1
wars,1
passionately,1
bit,1
trumps,1
heavy,1
rarely,1
modestly,1
teaches,1
benighted,1
takes,1
short,1
boardrooms,1
complete,1
ineffable,1
audiences,1
induced,1
invariably,1
unitary,1
sensibly,1
radway,1
irredeemable,1
tepid,1
conclusion,1
imbued,1
heeded,1
al,1
govern,1
changing,1
verdict,1
agee,1
polloi,1
sprawled,1
must,1
four,1
retrospective,1
inquest,1
stuart,1
tamely,1
rambles,1
quotations,1
superior,1
scarcely,1
penny,1
increasingly,1
first,1
regional,1
extension,1
stalin,1
powerful,1
diatribes,1
hellhole,1
fiedler,1
tape,1
passed,1
else,1
omission,1
decidedly,1
beyond,1
patient,1
beneficial,1
followed,1
wideranging,1
quotes,1
lack,1
consequence,1
long,1
endured,1
neglects,1
bernstein,1
frankfurt,1
blood,1
concur,1
preceding,1
remarkably,1
disagreement,1
victorian,1
engage,1
drew,1
rendered,1
exclusive,1
odd,1
theorist,1
leftist,1
candide,1
commodification,1
beethoven,1
phrase,1
challenge,1
implications,1
settle,1
taken,1
debating,1
antecedents,1
links,1
undermining,1
others,1
statistics,1
musical,1
aim,1
attempt,1
preferences,1
pioneering,1
my,1
terrain,1
stripes,1
allies,1
assessments,1
nevada,1
unsparing,1
morag,1
certeau,1
troubling,1
uses,1
lacked,1
harbor,1
speaks,1
joins,1
advance,1
conformity,1
thus,1
novel,1
shows,1
entrepreneurs,1
comparatively,1
dubs,1
introduce,1
suckers,1
concentration,1
attractive,1
available,1
unhealthy,1
blur,1
diverse,1
best,1
murky,1
societies,1
beatles,1
perceptively,1
straightforward,1
glaring,1
assertion,1
pages,1
generalize,1
brains,1
any,1
approvingly,1
ungainly,1
hands,1
pulp,1
length,1
inane,1
ought,1
abstract,1
current,1
differences,1
sensitivity,1
visit,1
inquiry,1
listen,1
bluenose,1
indifferent,1
approach,1
assembled,1
lived,1
irrepressibly,1
peiss,1
counterpart,1
settles,1
able,1
omnivorous,1
xiii,1
exhibits,1
quiescent,1
dared,1
sedentary,1
thumbs,1
closer,1
john,1
curiosity,1
messiness,1
facilitate,1
pmc,1
radical,1
state,1
hackneyed,1
debates,1
suggestive,1
liberal,1
within,1
lethargic,1
identical,1
him,1
deemed,1
plausible,1
find,1
alarming,1
las,1
feminist,1
there,1
messages,1
almost,1
accepts,1
habit,1
propaganda,1
embrace,1
passage,1
works,1
surprising,1
markets,1
cialism,1
term,1
totalitarian,1
inundate,1
interactive,1
ideally,1
lead,1
creating,1
segmented,1
accurately,1
ambling,1
qualitatively,1
hand,1
latest,1
greatly,1
precisely,1
do,1
stature,1
similarly,1
inescapably,1
privatization,1
according,1
manner,1
link,1
landmarks,1
headway,1
declines,1
landscape,1
literature,1
scrambled,1
honed,1
threshold,1
leonard,1
concedes,1
context,1
afforded,1
establish,1
arbiters,1
comics,1
conglomerates,1
final,1
celebrated,1
form,1
handful,1
wellpublicized,1
sweeping,1
hailed,1
british,1
magazines,1
theme,1
slip,1
apace,1
issue,1
particular,1
disdained,1
scale,1
era,1
industry,1
grounds,1
globe,1
proceed,1
males,1
outside,1
cue,1
ascribed,1
hillbillies,1
dearth,1
criticizes,1
rich,1
produced,1
forthcoming,1
alfred,1
prefaced,1
real,1
sociologist,1
populist,1
inert,1
demagogue,1
lean,1
books,1
overwhelmed,1
compelled,1
sell,1
historians,1
stolen,1
educated,1
consolidations,1
component,1
triumph,1
undiscerning,1
tallied,1
misunderstood,1
periodization,1
passionless,1
warned,1
odds,1
expressions,1
eliminate,1
kathy,1
prestige,1
randolph,1
difficulties,1
hall,1
ventures,1
thereby,1
desires,1
larger,1
scant,1
annoyed,1
jeremiads,1
video,1
interpreting,1
gained,1
another,1
none,1
seriously,1
don,1
agreed,1
fundamentally,1
felt,1
supplanted,1
possible,1
analyzed,1
determined,1
grudging,1
pitched,1
sneered,1
conform,1
arrived,1
innocuous,1
quality,1
fairgoers,1
unworthy,1
millions,1
discussion,1
elitists,1
douglas,1
scope,1
cater,1
paraphrase,1
sensitive,1
wandering,1
genres,1
apogee,1
pronounce,1
lay,1
grossly,1
nudge,1
concludes,1
move,1
stuck,1
conceptions,1
shape,1
vote,1
occasionally,1
values,1
women,1
wrote,1
internet,1
desert,1
generalizations,1
epitomizes,1
aggregate,1
inescapable,1
totalitarianism,1
county,1
disparate,1
given,1
supply,1
tens,1
part,1
critically,1
arose,1
flatly,1
enormous,1
resolutely,1
pinnacles,1
participatory,1
simultaneously,1
unfinished,1
curriculum,1
budweiser,1
sufficiently,1
lippmann,1
vexing,1
commodify,1
skip,1
coded,1
nation,1
winfrey,1
anew,1
negotiation,1
possession,1
elite,1
giving,1
gender,1
techniques,1
uneasy,1
writing,1
disciplines,1
foresaw,1
song,1
communication,1
congenial,1
extraneous,1
significant,1
filmmaking,1
conventional,1
sums,1
swirled,1
benefit,1
mergers,1
contradictory,1
indisputably,1
complains,1
whopping,1
operated,1
rap,1
preposterous,1
lesson,1
james,1
myriad,1
misguided,1
shoddy,1
interestingly,1
imagined,1
allows,1
conceptualize,1
ohmann,1
actually,1
learned,1
gallup,1
appreciation,1
anesthetized,1
faculty,1
rows,1
take,1
completing,1
ends,1
varied,1
jan,1
writings,1
paradox,1
lovesongs,1
chapters,1
terra,1
beverly,1
incognita,1
search,1
daytime,1
review,1
pays,1
however,1
tacky,1
commodifies,1
rise,1
irresolvable,1
champions,1
sound,1
dating,1
chastises,1
xviii,1
participate,1
students,1
de,1
recording,1
anthology,1
monopoly,1
spectrum,1
frequent,1
clogging,1
dynamics,1
low,1
definitional,1
knopf,1
endorsement,1
proliferated,1
own,1
hollywood,1
quotation,1
enthusiastic,1
synergy,1
discordant,1
loosely,1
sustain,1
overlooks,1
analyzing,1
creators,1
ushered,1
hierarchy,1
t,1
ample,1
thrived,1
carnival,1
relatively,1
paradoxically,1
points,1
subtle,1
imperative,1
seismic,1
interest,1
change,1
regarded,1
interchangeably,1
corrective,1
course,1
offer,1
joined,1
instead,1
richard,1
controversies,1
grown,1
commerce,1
moviemakers,1
sense,1
historicization,1
characterized,1
consolidated,1
define,1
like,1
anesthetizing,1
shared,1
conducted,1
russell,1
below,1
derided,1
bland,1
transformed,1
gates,1
product,1
mencken,1
ability,1
straight,1
reflexive,1
thoughtful,1
slick,1
expected,1
centrality,1
thoughtfully,1
crafted,1
order,1
arteries,1
disney,1
foist,1
incidence,1
attracting,1
kramer,1
dissented,1
conversation,1
wrestling,1
showmen,1
consolidation,1
last,1
sharp,1
characterization,1
hopefulness,1
suction,1
pessimistic,1
defense,1
orient,1
remains,1
shift,1
theorists,1
speak,1
around,1
better,1
sibling,1
direction,1
grumble,1
bedeviled,1
tuned,1
times,1
person,1
specificity,1
am,1
simpson,1
foresworn,1
rungs,1
few,1
chuckled,1
heralded,1
potential,1
conspicuously,1
edmund,1
body,1
civilization,1
race,1
amusements,1
serving,1
machines,1
distinctions,1
newspapers,1
invisibility,1
wares,1
houses,1
recounted,1
thankful,1
mccarthy,1
assert,1
choosing,1
decline,1
rides,1
dates,1
strove,1
debasement,1
singlehandedly,1
conclude,1
continuous,1
succeeded,1
twice,1
witnessed,1
clarity,1
telling,1
walter,1
hilton,1
persuasively,1
always,1
confusing,1
views,1
bootlegged,1
including,1
drawn,1
working,1
impoverished,1
bourne,1
dim,1
oversimplified,1
ensemble,1
astigmatism,1
insidious,1
scorned,1
remote,1
snobbery,1
pleasures,1
listeners,1
focus,1
describes,1
using,1
games,1
why,1
versus,1
invented,1
expresses,1
among,1
lengthy,1
deeply,1
french,1
diminishing,1
metamorphosis,1
comfortable,1
develop,1
experts,1
art,1
generation,1
manipulate,1
inform,1
endorse,1
generational,1
invidious,1
rusticity,1
lull,1
enjoy,1
opinions,1
promising,1
serum,1
seemed,1
lary,1
lyrics,1
society,1
staying,1
deferring,1
sources,1
imaginary,1
resist,1
confusions,1
chronicle,1
