WORDCOUNTS,WEIGHT
the,220
of,149
and,122
a,81
to,81
that,78
new,78
in,64
thought,60
satter,58
s,51
her,42
as,39
is,28
for,26
on,25
with,23
women,23
movement,21
desire,21
hopkins,19
an,18
this,16
it,15
was,15
she,14
history,14
more,14
eddy,14
woman,13
has,13
but,12
by,12
spiritual,12
early,12
female,11
from,11
p,11
not,10
science,10
their,10
or,10
most,10
mind,10
were,10
be,10
at,9
white,9
purity,9
chapter,9
sexual,9
both,9
century,9
male,8
who,8
they,8
american,8
social,8
religion,8
cultural,8
years,8
healing,8
central,8
would,8
matter,7
important,7
material,7
its,7
evidence,7
than,7
evans,6
christian,6
nineteenth,6
into,6
desirelessness,6
cure,6
theology,6
men,6
those,6
mental,6
divine,6
sexuality,6
late,6
focus,6
service,5
one,5
analysis,5
wilmans,5
makes,5
interpretive,5
these,5
first,5
teachers,5
reviews,5
which,5
away,5
students,5
progressive,5
self,5
between,5
discipline,4
hill,4
religious,4
study,4
reforms,4
about,4
better,4
march,4
matters,4
associated,4
stockham,4
innate,4
offers,4
leaders,4
out,4
selfhood,4
rethinking,4
ideological,4
era,4
periodization,4
while,4
psychology,4
made,4
emphasis,4
through,4
chart,4
gender,4
concern,4
assumptions,4
human,4
novels,4
argument,4
argues,4
clear,4
twentieth,4
have,4
frame,4
consumer,4
so,4
reformers,4
themselves,4
capitalism,4
among,4
practice,4
race,4
whose,3
no,3
ideology,3
success,3
schools,3
yet,3
university,3
publications,3
school,3
passionlessness,3
believed,3
spirit,3
mary,3
dominant,3
power,3
quickly,3
over,3
control,3
each,3
are,3
claim,3
book,3
could,3
developed,3
narrative,3
reveal,3
within,3
kingdom,3
historical,3
perfectionist,3
context,3
wealth,3
thirty,3
theory,3
discussion,3
radically,3
baker,3
reader,3
competing,3
assumption,3
moral,3
paradigm,3
helen,3
construct,3
beryl,3
period,3
spread,3
centrality,3
chicago,3
substantial,3
healers,3
world,3
faction,3
may,2
will,2
operation,2
simultaneously,2
second,2
rather,2
links,2
five,2
groups,2
distorted,2
across,2
short,2
indeed,2
intriguing,2
love,2
influential,2
curtis,2
others,2
framing,2
capture,2
dimensions,2
consonant,2
contribution,2
entirely,2
slippery,2
life,2
why,2
often,2
empowered,2
support,2
fascinating,2
dichotomy,2
quietly,2
passionless,2
had,2
title,2
gendering,2
transformed,2
practices,2
geographic,2
claims,2
long,2
certainly,2
also,2
victorian,2
ways,2
established,2
opinion,2
figure,2
undermines,2
all,2
perfected,2
england,2
laid,2
did,2
medicine,2
innately,2
sketches,2
reform,2
followers,2
rich,2
audience,2
alignment,2
beliefs,2
term,2
careers,2
do,2
equally,2
remarkable,2
understood,2
poverty,2
career,2
where,2
them,2
teacher,2
desireless,2
issue,2
emma,2
ambiguity,2
explain,2
alice,2
historians,2
hierarchies,2
formulation,2
perfection,2
status,2
shifts,2
primarily,2
right,2
aspects,2
desires,2
almost,2
therapeutics,2
altar,2
ideal,2
r,2
understanding,2
felt,2
popular,2
contours,2
concept,2
prominent,2
psychological,2
little,2
point,2
patricia,2
ignores,2
denial,2
press,2
nation,2
warrior,2
minds,2
minority,2
host,2
largely,2
virtually,2
vocabulary,2
accumulation,2
linked,2
womanhood,2
focuses,2
previous,2
theories,2
endorsed,2
carefully,2
project,2
component,2
versions,2
own,2
there,2
charts,2
author,2
dominated,2
forgotten,2
gendered,2
sense,2
need,2
adherents,2
revisionist,2
states,2
serves,2
developments,2
shift,2
body,2
evolutionary,2
assumed,2
posture,2
research,2
can,2
views,2
up,2
notes,2
virtue,2
influence,2
perfect,1
model,1
imaginatively,1
final,1
seems,1
european,1
flourished,1
failed,1
appeal,1
battle,1
promulgator,1
counseling,1
therefore,1
now,1
link,1
utilizes,1
interesting,1
san,1
currently,1
fails,1
produces,1
transform,1
americans,1
foregrounded,1
studded,1
york,1
reappears,1
deny,1
iroquois,1
forces,1
reflects,1
infighting,1
genuinely,1
publishing,1
note,1
limits,1
materials,1
various,1
summarize,1
imagining,1
resists,1
ignoring,1
certified,1
movements,1
scientific,1
adopt,1
religions,1
develops,1
perfectionism,1
economic,1
seminary,1
aimed,1
complexities,1
corporate,1
proverbially,1
thoughts,1
toward,1
suggestive,1
fully,1
alliance,1
aggressive,1
sort,1
truth,1
servicing,1
civilization,1
engendered,1
deserve,1
attitude,1
tensions,1
fiction,1
midwest,1
exception,1
notion,1
process,1
revisionism,1
independence,1
becomes,1
reorganization,1
prevailing,1
strains,1
concluding,1
whatever,1
annie,1
possessions,1
still,1
establishes,1
tokology,1
pursuit,1
effectively,1
associate,1
aligns,1
threaten,1
manifest,1
case,1
remaining,1
rapidly,1
tracing,1
center,1
gentility,1
highlights,1
stimulated,1
complex,1
troubling,1
achievements,1
easily,1
perpetuate,1
travel,1
naturalized,1
institutionally,1
omnipotence,1
enabled,1
judicious,1
construction,1
identify,1
lay,1
comte,1
expressing,1
united,1
inferior,1
disciples,1
harmonial,1
problematic,1
erotic,1
effort,1
simultaneous,1
pacific,1
respect,1
prosecuted,1
genderings,1
moves,1
constitutes,1
mother,1
ones,1
friends,1
bunker,1
types,1
interpretation,1
staging,1
centuries,1
mous,1
dichotomous,1
means,1
sparkling,1
fit,1
face,1
tantamount,1
represents,1
pp,1
read,1
struggle,1
marginal,1
maintaining,1
modern,1
grounded,1
genius,1
evil,1
sex,1
array,1
operated,1
diffuse,1
perfecting,1
announces,1
consider,1
ideals,1
coterie,1
obscenity,1
organization,1
comrades,1
western,1
mabel,1
index,1
mutuality,1
allies,1
opening,1
presents,1
share,1
included,1
emergence,1
sexes,1
consolidate,1
popularizing,1
then,1
faded,1
underlying,1
any,1
before,1
section,1
adjunct,1
precedence,1
culture,1
antebellum,1
capsule,1
conviction,1
destroying,1
ursula,1
arguing,1
beecher,1
resituates,1
outlined,1
excitement,1
dichotohill,1
intuition,1
overlapping,1
selfless,1
pastoral,1
asexual,1
too,1
denials,1
incorporated,1
character,1
rendered,1
narratives,1
age,1
preeminent,1
themes,1
two,1
suspect,1
simply,1
heterosexual,1
contained,1
emotions,1
possibly,1
constituted,1
economically,1
common,1
contemptuous,1
highlighted,1
invoking,1
theme,1
known,1
dissident,1
functioned,1
dissension,1
sometimes,1
ambiguities,1
wondering,1
picture,1
delineation,1
retired,1
physical,1
generally,1
persuasive,1
distracting,1
supported,1
explicate,1
congeries,1
reads,1
actually,1
fortunately,1
always,1
organizations,1
leader,1
convincing,1
assiduously,1
identifying,1
connection,1
drew,1
aspect,1
skill,1
dichotomizing,1
pervasive,1
destructive,1
prodesire,1
participated,1
belief,1
household,1
camp,1
template,1
feelings,1
culturally,1
manifests,1
counselor,1
berkeley,1
protestant,1
spencer,1
make,1
penchant,1
therapies,1
view,1
rejects,1
flattens,1
intellectual,1
if,1
psychotherapy,1
emerged,1
union,1
dodge,1
country,1
explanatory,1
nature,1
supplied,1
maze,1
uses,1
historiography,1
closely,1
seamlessly,1
formidable,1
novel,1
affirmed,1
divinity,1
shows,1
entrepreneurs,1
longer,1
herald,1
shaped,1
principles,1
key,1
newly,1
asserts,1
completing,1
diverse,1
scholars,1
xii,1
explores,1
down,1
broadly,1
prominence,1
reconnected,1
theologically,1
tandem,1
thumbnail,1
found,1
antidesire,1
republicanism,1
enable,1
explicated,1
documents,1
virulent,1
joy,1
slippage,1
domestic,1
location,1
replicates,1
pivot,1
advice,1
lived,1
achievement,1
practical,1
economics,1
inherent,1
able,1
denver,1
contradictory,1
harriet,1
rooms,1
thinking,1
scheme,1
curiosity,1
concludes,1
very,1
goods,1
image,1
attractions,1
debates,1
uncovered,1
racism,1
separating,1
fail,1
warren,1
applauded,1
nationalism,1
i,1
illness,1
subsequent,1
hands,1
other,1
initial,1
introduces,1
feature,1
invocation,1
rehearses,1
evangelical,1
advances,1
wesleyan,1
places,1
readers,1
accurately,1
redeemed,1
intervening,1
studies,1
influences,1
revises,1
activism,1
helping,1
political,1
thus,1
according,1
mail,1
posited,1
committed,1
what,1
displayed,1
reconfigured,1
wielding,1
johns,1
overarching,1
posits,1
confined,1
persuasively,1
existing,1
circles,1
whether,1
sensual,1
majority,1
meticulous,1
produced,1
form,1
laying,1
navigates,1
us,1
meditate,1
promise,1
distorts,1
tattered,1
younger,1
underpinnings,1
productively,1
placed,1
clearly,1
however,1
flaws,1
reconstruction,1
dr,1
perhaps,1
saving,1
absolute,1
fascinated,1
conferences,1
extent,1
enjoyed,1
controversy,1
many,1
assertions,1
wide,1
submerged,1
method,1
victorians,1
draws,1
charcot,1
mesmer,1
really,1
luhan,1
binary,1
biographies,1
circle,1
oppositions,1
explored,1
specifically,1
christianity,1
lost,1
gained,1
another,1
skillfully,1
none,1
inner,1
inaugurate,1
therapeutic,1
development,1
welcome,1
suggests,1
some,1
private,1
rix,1
stance,1
revealed,1
associates,1
situated,1
used,1
network,1
temperance,1
work,1
progress,1
focused,1
theologies,1
gestefeld,1
establishing,1
contexts,1
treated,1
subjectivity,1
alter,1
bibliography,1
splendid,1
brokered,1
move,1
holiness,1
rhetorical,1
attractive,1
writers,1
professionals,1
values,1
insights,1
careful,1
heart,1
servant,1
west,1
conceptual,1
part,1
whiteness,1
far,1
city,1
lingered,1
deplores,1
content,1
apparent,1
anomalous,1
manifestations,1
ministers,1
above,1
affirmations,1
promises,1
giving,1
melded,1
bourgeois,1
transition,1
lecturing,1
must,1
identifies,1
incorporation,1
territory,1
loss,1
ultimately,1
use,1
designate,1
complement,1
describe,1
freedom,1
modem,1
discussions,1
divided,1
assume,1
antidote,1
diversity,1
phenomenon,1
engaging,1
contains,1
allows,1
clients,1
hypnotism,1
writing,1
purveying,1
structures,1
construed,1
recovery,1
engaged,1
contrasts,1
continue,1
midwestern,1
our,1
throughout,1
come,1
sees,1
suffrage,1
scope,1
disciplined,1
question,1
shoring,1
promoted,1
militz,1
california,1
charges,1
intersections,1
professor,1
led,1
until,1
frayed,1
survival,1
won,1
lists,1
such,1
editor,1
inhabit,1
reveals,1
open,1
significance,1
immediately,1
inevitable,1
dubious,1
deftly,1
interpreted,1
health,1
demanded,1
reality,1
bellamyite,1
fraud,1
relentless,1
institutional,1
assumes,1
molded,1
language,1
finally,1
stowe,1
lures,1
interest,1
urge,1
base,1
spawned,1
good,1
subtitle,1
logic,1
parallels,1
subdue,1
held,1
contributed,1
offer,1
times,1
espousing,1
include,1
homes,1
labelled,1
cognitive,1
socially,1
willing,1
function,1
association,1
coined,1
strange,1
suggest,1
rooted,1
writer,1
assured,1
wellbeing,1
frames,1
lowly,1
order,1
exhausted,1
contrast,1
longings,1
after,1
turn,1
discomfort,1
hotel,1
unity,1
phrase,1
popularization,1
progressives,1
provides,1
shifted,1
contributions,1
francisco,1
least,1
advanced,1
curiously,1
overshadowed,1
darwinists,1
openly,1
rejecting,1
envisioned,1
frustrating,1
moved,1
restored,1
celebrant,1
transformation,1
offered,1
especially,1
specific,1
labels,1
problems,1
potential,1
replace,1
parallel,1
valuable,1
allowed,1
brought,1
unnecessary,1
insists,1
middleand,1
editors,1
dramatic,1
relation,1
deployment,1
healthy,1
left,1
supply,1
exactly,1
effective,1
motherhood,1
mainly,1
fanned,1
widely,1
coast,1
crude,1
masculine,1
reorientation,1
debate,1
characterizes,1
confusing,1
texts,1
when,1
drawn,1
obscure,1
even,1
death,1
student,1
parochialism,1
surveys,1
preached,1
adopted,1
conquest,1
treating,1
constructs,1
rewrites,1
describes,1
figures,1
marital,1
details,1
versus,1
tames,1
notice,1
restructure,1
relative,1
swept,1
ignore,1
appropriate,1
value,1
socialism,1
society,1
purified,1
finds,1
generation,1
pillars,1
attention,1
inform,1
competitive,1
close,1
convincingly,1
grasp,1
restore,1
overlooked,1
major,1
species,1
perception,1
restores,1
examines,1
decision,1
incidental,1
richly,1
god,1
confusingly,1
calls,1
