WORDCOUNTS,WEIGHT
the,104
of,78
and,67
to,43
american,31
in,31
he,28
a,26
bloom,26
is,25
religion,22
by,21
with,20
that,19
it,18
this,17
religious,16
as,16
or,12
has,12
not,11
one,11
s,11
an,11
most,9
social,9
all,9
who,8
history,8
for,8
gnosticism,8
will,7
his,7
their,7
but,7
many,7
are,7
its,7
on,7
about,6
god,6
book,6
have,6
may,5
christian,5
been,5
means,5
these,5
some,5
critics,5
can,5
be,5
than,5
consists,4
no,4
groups,4
doctrine,4
gnostic,4
southern,4
from,4
two,4
democratic,4
powerful,4
also,4
others,4
conservative,4
p,4
deal,4
i,4
what,4
historians,4
mormons,4
protestantism,4
like,4
rather,3
often,3
authority,3
criticism,3
say,3
increasingly,3
only,3
interested,3
new,3
very,3
passionate,3
those,3
though,3
reviews,3
triumph,3
well,3
account,3
both,3
must,3
since,3
subject,3
which,3
clear,3
baptists,3
individual,3
individualism,3
describes,3
defined,3
insists,3
early,3
up,3
much,3
ridge,2
f,2
second,2
science,2
sometimes,2
usually,2
extreme,2
brief,2
above,2
catholics,2
totally,2
mainstream,2
effectively,2
they,2
kinds,2
true,2
pp,2
read,2
largely,2
university,2
us,2
established,2
was,2
ancient,2
literary,2
invite,2
faiths,2
largest,2
charismatic,2
jon,2
more,2
butler,2
important,2
meaning,2
talking,2
my,2
different,2
access,2
asserts,2
critic,2
assertion,2
found,2
attack,2
out,2
offend,2
any,2
take,2
fundamentalism,2
other,2
there,2
term,2
sort,2
do,2
henry,2
them,2
whether,2
admires,2
however,2
sought,2
america,2
christianity,2
almost,2
restrain,2
divided,2
obvious,2
mullins,2
through,2
says,2
assumption,2
harold,2
cane,2
people,2
nothing,2
were,2
until,2
argument,2
rejected,2
own,2
three,2
institutional,2
general,2
times,2
states,2
century,2
forms,2
imagination,2
summary,2
we,2
especially,2
jews,2
june,2
become,2
mainly,2
find,2
christians,2
always,2
when,2
gospel,2
even,2
world,2
among,2
finds,2
reducing,2
major,2
dismiss,2
freud,1
nations,1
at,1
drawing,1
fails,1
south,1
dealing,1
european,1
democracy,1
republican,1
unabashedly,1
hatch,1
profoundly,1
anticipates,1
york,1
believers,1
demand,1
outsider,1
absence,1
arcane,1
difficult,1
she,1
way,1
movements,1
boldest,1
purely,1
crucial,1
authoritarianism,1
foreign,1
main,1
superficial,1
centered,1
indeed,1
adds,1
opponent,1
rights,1
revival,1
how,1
created,1
emerson,1
commitment,1
prose,1
insiders,1
mystical,1
limited,1
basic,1
menckenian,1
landscape,1
testaments,1
baptist,1
heresy,1
wing,1
struggled,1
revolutionary,1
purged,1
e,1
mean,1
poor,1
preachers,1
represented,1
transformed,1
ultimate,1
still,1
protestant,1
christ,1
starts,1
thinkers,1
opposition,1
charm,1
lightning,1
irremediable,1
church,1
grew,1
group,1
democratized,1
large,1
sacrificed,1
discover,1
recently,1
suppose,1
rationalists,1
hold,1
life,1
special,1
revelation,1
danger,1
identify,1
quite,1
lay,1
omits,1
existed,1
united,1
word,1
disciples,1
pentecostalism,1
live,1
sweeping,1
spark,1
courage,1
interpretation,1
sympathy,1
describe,1
soul,1
itself,1
anarchy,1
understand,1
poetica,1
repressive,1
insistence,1
perceptions,1
struggle,1
me,1
modern,1
country,1
joseph,1
evil,1
want,1
under,1
spirit,1
orphic,1
compassion,1
selective,1
school,1
seems,1
familiar,1
constant,1
seriously,1
mormonism,1
emergence,1
methodists,1
then,1
perceptive,1
tells,1
reformer,1
proved,1
unimportant,1
days,1
growing,1
heirs,1
teaching,1
choices,1
nineteenth,1
attain,1
spokesman,1
dominate,1
version,1
armageddon,1
faith,1
insights,1
age,1
communal,1
qualified,1
contradiction,1
begins,1
potential,1
perceives,1
first,1
continues,1
anything,1
emeritus,1
ideas,1
else,1
either,1
uninterested,1
questions,1
love,1
defines,1
subjective,1
party,1
fortunately,1
members,1
organizations,1
problems,1
successfully,1
roman,1
here,1
predicts,1
left,1
if,1
index,1
sections,1
essays,1
power,1
later,1
neglect,1
preference,1
outcome,1
defining,1
admiration,1
kind,1
death,1
over,1
preferences,1
similarly,1
state,1
articulate,1
tendencies,1
each,1
thinks,1
union,1
illuminate,1
official,1
character,1
nature,1
paper,1
expressed,1
uses,1
lacked,1
words,1
dramatically,1
fact,1
including,1
prolific,1
whom,1
extent,1
seem,1
believe,1
tradition,1
benevolent,1
broadly,1
striking,1
denoted,1
niebuhr,1
called,1
reasons,1
strength,1
nathan,1
typical,1
current,1
regard,1
scenario,1
domestic,1
treatments,1
theologically,1
origin,1
lacks,1
effort,1
narrative,1
jehovah,1
particularly,1
aesthetic,1
enlightenment,1
theology,1
john,1
generalizations,1
privileged,1
reacts,1
written,1
contemporary,1
sees,1
historical,1
graham,1
complete,1
distinctive,1
reinhold,1
accepts,1
achieved,1
struggles,1
beliefs,1
evangelical,1
respects,1
absolutely,1
underestimating,1
ally,1
men,1
places,1
behind,1
accurately,1
rebellious,1
heart,1
fourth,1
equally,1
witnesses,1
political,1
equal,1
wit,1
revivalist,1
recapitulated,1
committed,1
war,1
something,1
secular,1
hostile,1
johns,1
regulation,1
mainline,1
nationally,1
lead,1
empire,1
worldwide,1
tragedy,1
terms,1
population,1
less,1
answer,1
cannot,1
concealed,1
prediction,1
excellent,1
friendly,1
era,1
unconvincing,1
antislavery,1
irreducibly,1
armies,1
unmediated,1
spiritual,1
culminating,1
scriptures,1
jewish,1
hopkins,1
while,1
brilliant,1
right,1
strikes,1
cloth,1
shape,1
original,1
simon,1
network,1
sharpening,1
possible,1
future,1
private,1
politics,1
line,1
obviously,1
correctly,1
rauschenbusch,1
churches,1
popular,1
restraints,1
dared,1
examples,1
treated,1
materia,1
alter,1
made,1
schuster,1
start,1
writers,1
apocalyptic,1
claim,1
enthusiastic,1
reader,1
west,1
fired,1
brought,1
point,1
except,1
part,1
uncreated,1
far,1
ignores,1
altogether,1
civil,1
realizes,1
knowledge,1
billy,1
dynamic,1
press,1
related,1
republic,1
nation,1
popularity,1
himself,1
irreducible,1
experience,1
minority,1
rigid,1
entirely,1
everything,1
expression,1
sketched,1
genuine,1
characteristically,1
religiously,1
fit,1
older,1
place,1
teachings,1
partly,1
obsessed,1
deities,1
isolated,1
takeover,1
repeatedly,1
gnostics,1
think,1
commandment,1
sanctified,1
thus,1
individuals,1
our,1
personal,1
false,1
question,1
dismissed,1
california,1
underrated,1
devoted,1
moderate,1
few,1
pattern,1
unable,1
argues,1
inner,1
neighbor,1
ignored,1
challenging,1
relative,1
finney,1
adventism,1
loosely,1
similarity,1
quest,1
flashes,1
stress,1
assumes,1
internally,1
national,1
jew,1
author,1
finally,1
points,1
movement,1
aided,1
good,1
characteristic,1
running,1
least,1
dismisses,1
lively,1
fatal,1
nonbelieving,1
smith,1
direct,1
faulted,1
insisted,1
convention,1
occasionally,1
jesus,1
colleagues,1
tellingly,1
seeks,1
funds,1
channel,1
militant,1
unity,1
last,1
unsupported,1
standard,1
objections,1
presenting,1
fundamentalist,1
adequately,1
old,1
self,1
humphrey,1
am,1
offered,1
grown,1
charles,1
catholicism,1
insider,1
outside,1
adjectives,1
subjects,1
feelings,1
surrender,1
imaginative,1
noyes,1
assumed,1
orphism,1
tried,1
relation,1
decline,1
facing,1
c,1
transparently,1
parody,1
third,1
ecclesiastical,1
effect,1
walter,1
fervor,1
individualists,1
grandison,1
women,1
barely,1
orthodox,1
y,1
woodstock,1
probably,1
element,1
majority,1
eloquently,1
evangelicals,1
libertarian,1
attracted,1
contending,1
strong,1
ends,1
aristocrats,1
recent,1
americanized,1
leadership,1
should,1
resultant,1
controversial,1
commanding,1
heyday,1
opposite,1
pragmatists,1
influence,1
close,1
imperialist,1
error,1
justice,1
crusades,1
gifted,1
society,1
separate,1
judaism,1
