WORDCOUNTS,WEIGHT
the,176
of,142
and,78
to,72
in,60
slavery,58
that,44
a,37
berlin,32
s,28
on,25
as,24
it,23
is,23
north,21
not,20
was,20
for,19
this,17
have,17
slaves,16
slave,16
were,15
from,14
had,14
america,13
generations,12
american,12
blacks,12
at,11
their,11
with,11
societies,11
has,11
which,11
history,10
but,10
an,10
by,9
these,9
two,9
different,9
new,9
between,9
he,8
racism,8
who,8
or,8
whites,8
its,8
africans,8
his,7
been,7
institution,7
canada,7
antebellum,7
more,7
toward,7
many,7
book,7
era,7
freedom,7
people,7
regions,7
than,7
south,6
if,6
african,6
they,6
analysis,6
only,6
are,6
out,6
how,6
concepts,6
what,6
less,6
because,6
plantation,6
made,6
would,6
revolution,6
be,6
early,6
does,5
no,5
chaplin,5
one,5
about,5
all,5
paternalism,5
did,5
p,5
there,5
free,5
work,5
during,5
field,5
century,5
order,5
race,5
rather,4
revolutionary,4
united,4
continent,4
pp,4
also,4
works,4
further,4
war,4
racial,4
charter,4
colonies,4
enslavement,4
thousands,4
understanding,4
region,4
point,4
states,4
such,4
points,4
sense,4
period,4
black,4
enslaved,4
few,4
up,4
world,4
may,3
rights,3
way,3
indeed,3
synthesis,3
created,3
still,3
captives,3
makes,3
slaveholders,3
existed,3
criticism,3
studies,3
morgan,3
into,3
then,3
culture,3
same,3
lower,3
social,3
long,3
gone,3
time,3
take,3
ancestry,3
took,3
where,3
reviews,3
them,3
british,3
however,3
well,3
trade,3
some,3
civil,3
press,3
became,3
resistance,3
make,3
colonial,3
peculiar,3
conditions,3
so,3
evidence,3
relations,3
forms,3
places,3
even,3
little,3
northern,3
louisiana,3
model,2
european,2
will,2
therefore,2
likely,2
whose,2
equality,2
act,2
economic,2
maps,2
encouraged,2
e,2
represented,2
get,2
lives,2
transformation,2
certain,2
center,2
large,2
life,2
why,2
respect,2
itself,2
better,2
spirit,2
university,2
alone,2
quite,2
seems,2
title,2
under,2
elsewhere,2
nineteenth,2
indian,2
too,2
comparison,2
increasingly,2
regional,2
origins,2
transatlantic,2
supposedly,2
autonomy,2
production,2
heritage,2
other,2
omission,2
give,2
treatment,2
view,2
over,2
identified,2
england,2
joyce,2
subject,2
global,2
areas,2
scholars,2
particularly,2
changed,2
atlantic,2
mississippi,2
events,2
end,2
carolina,2
roll,2
real,2
past,2
observes,2
state,2
racist,2
cultural,2
scholarly,2
context,2
seventeenth,2
population,2
see,2
making,2
case,2
takes,2
books,2
problem,2
generally,2
ira,2
own,2
concept,2
brought,2
part,2
through,2
gender,2
step,2
significant,2
indians,2
definitions,2
categorization,2
our,2
examination,2
white,2
ends,2
anything,2
nor,2
since,2
against,2
de,2
workers,2
legacy,2
adopted,2
distinction,2
contrast,2
americas,2
after,2
consequence,2
shift,2
pages,2
several,2
spanish,2
especially,2
june,2
presence,2
become,2
effective,2
monographs,2
jordan,2
st,2
valley,2
focus,2
versus,2
border,2
recent,2
notes,2
provided,2
growth,2
seem,2
society,2
survived,1
anxious,1
phases,1
genesis,1
carried,1
atypical,1
brion,1
twelve,1
led,1
high,1
relationship,1
units,1
americans,1
moses,1
york,1
town,1
demand,1
today,1
mexico,1
matter,1
recover,1
residual,1
convergence,1
difficult,1
continued,1
science,1
answers,1
devastating,1
mentions,1
unintended,1
within,1
usually,1
analyses,1
ways,1
predictably,1
stood,1
permits,1
practical,1
either,1
debated,1
ironic,1
expansion,1
presents,1
true,1
sort,1
influxes,1
grim,1
might,1
market,1
regard,1
profitability,1
fewer,1
insufficient,1
preparing,1
teresa,1
notion,1
slow,1
independence,1
staggering,1
europeans,1
dimensions,1
lost,1
now,1
insist,1
seen,1
considerably,1
outward,1
brilliantly,1
began,1
distorting,1
expanded,1
indicates,1
persistent,1
yet,1
passing,1
sympathetic,1
b,1
gesture,1
movement,1
colonist,1
colonialists,1
southern,1
parts,1
spate,1
put,1
inhabited,1
religious,1
innovation,1
star,1
often,1
myth,1
scales,1
construction,1
tend,1
essays,1
robin,1
subjugated,1
word,1
scattered,1
authority,1
emerged,1
postcivil,1
happened,1
moves,1
english,1
addressing,1
muted,1
phillips,1
support,1
centuries,1
thought,1
ordeal,1
hugh,1
means,1
modified,1
done,1
noose,1
understand,1
represents,1
escape,1
defies,1
struggle,1
win,1
maintaining,1
eugene,1
appendixes,1
paralleled,1
old,1
fought,1
deflate,1
blameless,1
meant,1
hotly,1
technology,1
tenacity,1
issue,1
contention,1
exceptionalism,1
faltering,1
trace,1
crafting,1
improvement,1
western,1
hasten,1
index,1
necessarily,1
familiar,1
allies,1
harsh,1
originality,1
distillation,1
seriously,1
included,1
inequality,1
slowly,1
emergence,1
ambitious,1
any,1
associated,1
before,1
conclusions,1
just,1
pioneered,1
dishearteningly,1
plantations,1
traces,1
demonstrates,1
slicing,1
changing,1
closely,1
designates,1
peoples,1
updated,1
burdened,1
four,1
most,1
needs,1
brutal,1
demonstrate,1
reliance,1
crosscultural,1
personae,1
ever,1
polanyi,1
incomplete,1
first,1
member,1
fugitive,1
known,1
indicate,1
irrepressible,1
destabilizing,1
imperial,1
children,1
us,1
cotton,1
davis,1
writing,1
members,1
leader,1
disdain,1
french,1
native,1
pervasive,1
law,1
exclusive,1
paled,1
helpmeet,1
equation,1
steady,1
sometimes,1
important,1
predictor,1
military,1
indicated,1
quickly,1
replace,1
concentrated,1
motor,1
decades,1
death,1
exploded,1
myths,1
progression,1
meaning,1
responsibilities,1
mainland,1
control,1
elements,1
tendencies,1
shortage,1
descent,1
greater,1
languages,1
nature,1
liberty,1
cultures,1
skewed,1
efforts,1
joins,1
dismantled,1
root,1
georgia,1
came,1
based,1
identifying,1
prejudices,1
questioned,1
nothing,1
believe,1
allow,1
replicated,1
best,1
paramount,1
could,1
hybrid,1
genuine,1
domingue,1
broken,1
found,1
iberian,1
argue,1
great,1
beliefs,1
appeared,1
moreover,1
reform,1
emphasis,1
timing,1
inquiry,1
insightful,1
eventually,1
maneuver,1
effort,1
centers,1
lived,1
gentler,1
classical,1
subscribe,1
able,1
drawn,1
substantive,1
brazil,1
fallen,1
concludes,1
very,1
affected,1
radical,1
hopkins,1
benefit,1
variation,1
products,1
cities,1
historical,1
identities,1
complete,1
distinctive,1
haven,1
chesapeake,1
almost,1
u,1
fresh,1
markets,1
term,1
question,1
persistence,1
improved,1
late,1
never,1
embedded,1
patterns,1
readers,1
scholarship,1
do,1
beginning,1
decisively,1
captivity,1
dismissed,1
helping,1
augustine,1
understood,1
political,1
though,1
none,1
decried,1
let,1
manner,1
healthy,1
automatically,1
johns,1
literature,1
discuss,1
shoring,1
carefully,1
mose,1
settled,1
smallminded,1
whether,1
karl,1
similarities,1
terms,1
participate,1
winthrop,1
renaissance,1
ones,1
references,1
rebellion,1
mistress,1
particular,1
nearby,1
remained,1
thirty,1
colony,1
fashionable,1
focusing,1
deep,1
agricultural,1
despite,1
map,1
mere,1
syncretic,1
chronologically,1
guarantee,1
explain,1
lowcountry,1
eastern,1
assault,1
doorstopper,1
comprehension,1
historians,1
amounting,1
revival,1
adopts,1
prepare,1
blackburn,1
number,1
mass,1
ducks,1
colonists,1
fled,1
brilliant,1
distinguishes,1
percent,1
exert,1
specifically,1
christianity,1
gained,1
belknap,1
original,1
demonstrated,1
ideal,1
virginia,1
heritability,1
perpetuated,1
omissions,1
urban,1
activity,1
planters,1
those,1
used,1
vast,1
expertise,1
erasure,1
knew,1
encounter,1
skepticism,1
examples,1
both,1
explanation,1
closer,1
upon,1
presented,1
range,1
eighteenth,1
carry,1
possible,1
characters,1
decisions,1
inimical,1
careful,1
mastery,1
catholicism,1
significantly,1
given,1
begs,1
discusses,1
grudging,1
city,1
altogether,1
example,1
looking,1
due,1
republic,1
reside,1
object,1
crafts,1
abolish,1
experience,1
concern,1
varying,1
economies,1
assumptions,1
everywhere,1
entirely,1
territory,1
dignity,1
adapted,1
use,1
finley,1
overview,1
categories,1
contribute,1
prevailed,1
prejudice,1
emphasize,1
refers,1
behavior,1
challenges,1
racially,1
tremendously,1
introductory,1
harvard,1
kindness,1
labor,1
goals,1
mythologized,1
faculty,1
regarding,1
trend,1
build,1
central,1
thereafter,1
goal,1
maturation,1
thus,1
emancipation,1
includes,1
exams,1
throughout,1
examinations,1
deployed,1
away,1
beside,1
deft,1
corollary,1
dependence,1
stopping,1
moderate,1
blackbelt,1
shown,1
students,1
radicalism,1
project,1
explained,1
commercial,1
spectrum,1
won,1
genovese,1
years,1
status,1
fact,1
counterpoint,1
cambridge,1
meanings,1
longevity,1
initial,1
three,1
graduate,1
pursuit,1
tables,1
hierarchy,1
opens,1
achieved,1
author,1
finally,1
earth,1
manage,1
gracia,1
interest,1
lectures,1
change,1
prevents,1
ability,1
review,1
offer,1
general,1
instead,1
david,1
closing,1
protestantism,1
santa,1
caribbean,1
critics,1
d,1
shared,1
length,1
canadian,1
followed,1
spread,1
appreciated,1
kinder,1
unified,1
complex,1
stage,1
topic,1
accelerating,1
hemispheric,1
france,1
hearing,1
stages,1
rid,1
emerging,1
off,1
periods,1
area,1
down,1
amorphous,1
standard,1
measured,1
thomas,1
distinct,1
francisco,1
association,1
around,1
hemisphere,1
quick,1
summary,1
times,1
perspective,1
frustrating,1
burgeoning,1
each,1
freed,1
menendez,1
supported,1
searching,1
coercive,1
construct,1
highly,1
edmund,1
body,1
study,1
eyes,1
grow,1
modernity,1
viewpoint,1
certainly,1
master,1
newcomers,1
fate,1
themselves,1
exercise,1
deployment,1
dates,1
declare,1
justify,1
britain,1
continuing,1
negotiate,1
telling,1
impossible,1
truly,1
philip,1
can,1
compare,1
supporter,1
always,1
create,1
when,1
probably,1
looks,1
majority,1
percentage,1
gives,1
dependent,1
develop,1
equivalent,1
look,1
rest,1
critique,1
much,1
figures,1
among,1
comparable,1
roots,1
disruptions,1
florida,1
climates,1
sugar,1
ago,1
captive,1
outright,1
generation,1
attention,1
influence,1
valuable,1
close,1
rates,1
haiti,1
unfortunate,1
seemed,1
battles,1
