WORDCOUNTS,WEIGHT
the,274
of,96
in,61
to,59
and,58
a,40
they,39
that,23
story,22
s,17
their,16
on,16
with,15
new,14
rights,13
it,13
as,13
civil,13
have,13
by,12
had,11
narrative,11
historians,11
standard,11
americans,10
is,10
into,10
for,10
not,9
history,9
but,9
events,9
journalists,9
at,8
kazin,8
decade,8
was,8
isserman,8
war,8
america,8
american,7
from,7
its,7
were,7
so,7
way,6
most,6
over,6
all,6
kennedy,6
has,6
century,6
young,6
who,5
boyle,5
then,5
also,5
important,5
are,5
editors,5
john,5
years,5
gave,5
people,5
three,5
times,5
era,5
liberalism,4
no,4
college,4
movement,4
one,4
about,4
university,4
t,4
know,4
only,4
different,4
p,4
very,4
past,4
there,4
system,4
conservatives,4
aren,4
nation,4
we,4
this,4
crisis,4
media,4
he,3
economic,3
activists,3
created,3
southern,3
policy,3
us,3
liberal,3
before,3
series,3
simply,3
fabulous,3
long,3
more,3
shaped,3
book,3
conflict,3
many,3
other,3
great,3
government,3
furies,3
turned,3
left,3
those,3
political,3
cultural,3
reviews,3
making,3
public,3
right,3
some,3
made,3
even,3
say,3
part,3
which,3
during,3
millions,3
president,3
own,3
authors,3
essay,3
course,3
workers,3
him,3
june,3
johnson,3
when,3
up,3
look,3
saw,3
than,3
generation,3
will,2
york,2
shattered,2
hopes,2
his,2
protests,2
sometimes,2
meaning,2
been,2
across,2
wrote,2
commitment,2
ordinary,2
began,2
importance,2
life,2
birmingham,2
mention,2
moreover,2
yet,2
ways,2
push,2
changes,2
lyndon,2
trace,2
challenged,2
damn,2
rarely,2
any,2
light,2
too,2
grand,2
these,2
already,2
age,2
two,2
first,2
armies,2
volume,2
power,2
factory,2
decades,2
conflicts,2
control,2
added,2
dreams,2
financial,2
thus,2
came,2
whom,2
flowers,2
did,2
could,2
conservative,2
out,2
intellectuals,2
reflected,2
build,2
historical,2
maurice,2
last,2
activism,2
them,2
kevin,2
michael,2
however,2
time,2
books,2
problem,2
her,2
while,2
march,2
shape,2
percent,2
protesters,2
politics,2
understanding,2
greatest,2
makers,2
divided,2
international,2
world,2
point,2
example,2
liberals,2
press,2
gender,2
administration,2
freedom,2
titled,2
feminists,2
labor,2
take,2
vietnamese,2
our,2
horrified,2
office,2
idealism,2
tell,2
students,2
trade,2
fact,2
since,2
demanded,2
national,2
washington,2
soldiers,2
change,2
offer,2
ago,2
would,2
an,2
collins,2
order,2
taste,2
earlier,2
black,2
around,2
every,2
david,2
news,2
homes,2
massive,2
boundaries,2
campuses,2
be,2
seeking,2
traditional,2
race,2
gold,2
journalist,1
alabama,1
revolution,1
final,1
may,1
hoses,1
periods,1
crow,1
enough,1
democracy,1
portion,1
critical,1
late,1
steps,1
ending,1
girl,1
calm,1
led,1
states,1
respect,1
demand,1
equality,1
transformations,1
license,1
matter,1
various,1
mix,1
she,1
underway,1
televisions,1
movements,1
bring,1
installed,1
identified,1
waning,1
destroy,1
amherst,1
federal,1
main,1
indeed,1
how,1
watch,1
toward,1
workplaces,1
fruits,1
disabled,1
sort,1
organizing,1
basic,1
begin,1
reinterpreted,1
brief,1
nearly,1
defined,1
capture,1
offset,1
institutions,1
lasting,1
oppressed,1
army,1
parents,1
still,1
permanent,1
mundane,1
white,1
areas,1
gripping,1
effectively,1
after,1
experiences,1
sympathetic,1
strands,1
boy,1
security,1
drilled,1
unprecedented,1
reforming,1
conversation,1
storytellers,1
large,1
executive,1
complex,1
troubling,1
deepest,1
put,1
hold,1
loss,1
religious,1
denied,1
makes,1
kinds,1
successor,1
inspired,1
stability,1
spectacular,1
tree,1
percentage,1
designed,1
feel,1
united,1
join,1
surprising,1
frontier,1
cherished,1
oxford,1
pivotal,1
happened,1
murder,1
psychedelic,1
untold,1
shining,1
violence,1
swept,1
reason,1
understand,1
face,1
repressed,1
marchers,1
lackeys,1
pp,1
upheaval,1
instantly,1
gathered,1
numbers,1
offensive,1
favor,1
fought,1
fun,1
photographs,1
excludes,1
under,1
spirit,1
considered,1
consider,1
backs,1
supply,1
western,1
complacent,1
fixed,1
index,1
school,1
acquired,1
split,1
revolutionized,1
shimmering,1
riots,1
shapes,1
unlike,1
title,1
seriously,1
victories,1
workplace,1
barrels,1
assertion,1
complacency,1
judgments,1
culture,1
same,1
reshaped,1
air,1
refine,1
judiciousness,1
operatives,1
comes,1
sheer,1
literally,1
sales,1
argued,1
version,1
street,1
profile,1
threat,1
pentagon,1
preeminent,1
gay,1
containing,1
department,1
commonly,1
peaked,1
democratic,1
fashioned,1
saigon,1
seared,1
truncated,1
highlighted,1
continues,1
powerful,1
theme,1
baby,1
leftward,1
follow,1
frustration,1
robert,1
beyond,1
published,1
followed,1
investors,1
lavish,1
burner,1
modest,1
party,1
putting,1
embraced,1
certainly,1
fire,1
willing,1
comfortable,1
if,1
welled,1
law,1
tet,1
set,1
ii,1
quivering,1
bright,1
strike,1
detroit,1
ninth,1
mark,1
overwhelm,1
feeling,1
trained,1
address,1
appalled,1
make,1
imperialist,1
sixties,1
capitalist,1
each,1
water,1
whites,1
worries,1
paper,1
limits,1
uses,1
words,1
best,1
featured,1
oval,1
unfold,1
bred,1
board,1
corridors,1
fundamental,1
frightened,1
collar,1
declined,1
ghetto,1
pressure,1
histories,1
together,1
entered,1
argue,1
beliefs,1
reasons,1
strength,1
disenchantment,1
husband,1
refined,1
unexplored,1
regard,1
developed,1
reform,1
clerks,1
analogy,1
wave,1
teachers,1
might,1
particularly,1
angry,1
break,1
economics,1
deal,1
testing,1
obviously,1
moon,1
rooms,1
plead,1
launched,1
radical,1
end,1
state,1
written,1
remain,1
associated,1
cities,1
sum,1
instance,1
captured,1
pictures,1
man,1
marches,1
melding,1
luther,1
soaring,1
inaugural,1
serious,1
endings,1
country,1
economy,1
affluence,1
scores,1
destroyed,1
never,1
places,1
hispanic,1
hint,1
behind,1
intervening,1
do,1
beginning,1
learn,1
lens,1
ethnics,1
wit,1
unraveling,1
influential,1
such,1
committed,1
because,1
theodore,1
youthful,1
stock,1
chicago,1
johns,1
stinging,1
workforce,1
posters,1
conservatism,1
terms,1
adults,1
professors,1
less,1
see,1
cannot,1
until,1
promise,1
quagmire,1
fend,1
cause,1
side,1
quote,1
imposed,1
material,1
thirty,1
dallas,1
deep,1
sophisticated,1
passed,1
map,1
received,1
protagonists,1
perhaps,1
woman,1
explore,1
native,1
grief,1
eastern,1
enjoyed,1
king,1
hierarchies,1
chapter,1
streets,1
hopkins,1
number,1
free,1
deficit,1
westerners,1
outlines,1
bureaucratic,1
bother,1
jim,1
bibliographic,1
cloth,1
well,1
retirees,1
vol,1
balance,1
information,1
none,1
original,1
generations,1
postwar,1
opened,1
determined,1
grudging,1
cost,1
helped,1
lsd,1
ball,1
missed,1
illustrate,1
work,1
middle,1
coherent,1
understandable,1
overviews,1
thanks,1
little,1
weaknesses,1
hundred,1
possible,1
values,1
claim,1
imagined,1
portraying,1
decent,1
communities,1
brought,1
peace,1
staged,1
x,1
through,1
far,1
retains,1
participatory,1
vision,1
household,1
role,1
lbj,1
elite,1
african,1
promises,1
giving,1
himself,1
mentally,1
against,1
feared,1
tried,1
looked,1
lies,1
step,1
eclipsed,1
dignity,1
expression,1
downplayed,1
sweet,1
exultation,1
flocked,1
demanding,1
place,1
virtually,1
critique,1
discussion,1
huxley,1
memories,1
morality,1
qualitative,1
engaging,1
beginnings,1
framework,1
segregation,1
pushed,1
bitter,1
poignancy,1
runs,1
think,1
varied,1
engaged,1
nothing,1
disillusioned,1
merit,1
call,1
therein,1
throughout,1
forces,1
distribute,1
signal,1
search,1
review,1
collapse,1
triumphs,1
promoted,1
angles,1
contorted,1
unenlightened,1
radicalism,1
described,1
explained,1
unleashed,1
teenagers,1
won,1
alan,1
inner,1
both,1
significance,1
aldous,1
clear,1
stories,1
twentieth,1
poke,1
payments,1
nixon,1
write,1
agent,1
told,1
charged,1
evening,1
social,1
ability,1
moment,1
gun,1
individual,1
relations,1
instead,1
passage,1
divisions,1
painting,1
good,1
interpret,1
like,1
hard,1
battling,1
need,1
jr,1
cold,1
nurtured,1
buildings,1
limousine,1
smaller,1
topic,1
winner,1
protest,1
schools,1
doing,1
television,1
farber,1
off,1
clothes,1
trapped,1
turn,1
prolonged,1
phrase,1
martin,1
legacy,1
profession,1
remains,1
elements,1
bank,1
least,1
better,1
campaign,1
imagination,1
systematically,1
patterns,1
needs,1
secretaries,1
overstate,1
awaits,1
refer,1
sufficient,1
discarded,1
arrayed,1
few,1
structural,1
body,1
trying,1
rethink,1
between,1
eyes,1
response,1
struggles,1
comfort,1
corruption,1
matusow,1
become,1
research,1
themselves,1
massachusetts,1
thing,1
conclude,1
bag,1
effect,1
telling,1
thoughtfully,1
consisted,1
spin,1
dedicated,1
overwhelmed,1
v,1
early,1
excesses,1
marvelous,1
slogans,1
identify,1
comfortably,1
within,1
working,1
obscure,1
blue,1
translate,1
characters,1
entire,1
consequently,1
intersects,1
filling,1
knelt,1
images,1
much,1
using,1
leftists,1
boom,1
among,1
comparable,1
mescaline,1
tendency,1
notes,1
uncover,1
private,1
occasion,1
beholden,1
building,1
creeps,1
though,1
arresting,1
attention,1
showed,1
rest,1
close,1
suggest,1
businessmen,1
division,1
awesome,1
major,1
justice,1
constraints,1
crusades,1
society,1
battles,1
neighborhoods,1
