WORDCOUNTS,WEIGHT
the,176
and,80
of,78
to,61
a,52
in,48
that,41
was,40
new,36
it,26
for,26
but,25
were,23
deal,22
as,21
by,21
is,20
not,19
with,18
from,17
an,14
be,14
more,13
s,13
liberalism,12
had,12
brinkley,11
would,11
social,10
have,10
on,10
been,9
american,9
could,9
government,9
they,8
all,8
political,8
liberals,8
its,8
which,8
he,7
security,7
under,7
committee,7
or,7
most,7
what,7
much,7
than,7
so,7
at,6
their,6
welfare,6
other,6
them,6
national,6
responsibility,6
old,6
brownlow,6
no,5
his,5
liberal,5
sources,5
also,5
might,5
brock,5
book,5
state,5
planning,5
administration,5
congress,5
years,5
administrative,5
point,5
act,4
insiders,4
still,4
executive,4
management,4
history,4
board,4
many,4
reform,4
there,4
roosevelt,4
william,4
war,4
president,4
another,4
relief,4
who,4
future,4
during,4
this,4
one,4
after,4
when,4
present,4
general,4
because,4
high,3
rather,3
reviews,3
employment,3
bill,3
deals,3
about,3
federal,3
support,3
policy,3
branch,3
these,3
must,3
age,3
december,3
only,3
provide,3
problems,3
principles,3
power,3
control,3
are,3
came,3
leading,3
report,3
time,3
far,3
end,3
maintain,3
controversy,3
has,3
public,3
private,3
upon,3
gave,3
policies,3
ideas,3
commissions,3
argument,3
won,3
good,3
insurance,3
between,3
fully,3
commission,3
even,3
story,3
notes,3
fiscal,3
democracy,2
antimonopoly,2
aspirations,2
without,2
concerned,2
later,2
usually,2
economic,2
wrote,2
synthesis,2
louis,2
remain,2
program,2
does,2
plans,2
poor,2
measures,2
transformed,2
make,2
expert,2
direction,2
identify,2
congressional,2
authority,2
criticism,2
modified,2
pp,2
modern,2
critical,2
minor,2
into,2
dropped,2
source,2
frequently,2
already,2
said,2
committees,2
known,2
followed,2
permanent,2
set,2
fund,2
important,2
cut,2
intellectual,2
idea,2
did,2
proposal,2
plan,2
changed,2
radical,2
survey,2
i,2
quoted,2
works,2
big,2
forecasts,2
powers,2
economy,2
recession,2
system,2
making,2
abraham,2
landis,2
handled,2
adopted,2
epstein,2
theory,2
required,2
opposition,2
primary,2
constitutional,2
chapter,2
possible,2
work,2
made,2
little,2
consumers,2
presented,2
given,2
through,2
purpose,2
city,2
resources,2
measure,2
programs,2
people,2
questions,2
way,2
full,2
states,2
until,2
background,2
write,2
course,2
experts,2
level,2
like,2
useful,2
order,2
haber,2
nor,2
life,2
why,2
dealers,2
behind,2
travails,2
pensions,2
archival,2
left,2
effective,2
can,2
up,2
progress,2
among,2
bills,2
reserve,2
setbacks,1
model,1
omission,1
final,1
proposed,1
seems,1
disciplining,1
aim,1
threatened,1
f,1
depth,1
battle,1
christened,1
now,1
dead,1
rejected,1
appointees,1
second,1
passion,1
recognized,1
situation,1
business,1
adequate,1
york,1
critics,1
whose,1
obligations,1
today,1
road,1
note,1
prodigality,1
generalization,1
protecting,1
higher,1
overflowing,1
rivalries,1
independent,1
requirement,1
science,1
figure,1
implying,1
crucial,1
generated,1
performance,1
five,1
enlivened,1
ways,1
troubled,1
answered,1
corporate,1
relieved,1
indeed,1
practical,1
how,1
barns,1
techniques,1
separated,1
limited,1
basic,1
fixing,1
wait,1
inside,1
onward,1
parent,1
lines,1
theorizing,1
moralism,1
brief,1
discredited,1
college,1
preparing,1
defined,1
hansen,1
exception,1
process,1
brings,1
reorganization,1
means,1
success,1
sensitive,1
retreat,1
represented,1
fdr,1
whatever,1
seen,1
weary,1
ultimate,1
transfer,1
reconstruction,1
judgment,1
populism,1
introduction,1
opted,1
force,1
securities,1
worse,1
slipped,1
earlier,1
comments,1
flexible,1
keenly,1
suggests,1
sympathetic,1
importance,1
grew,1
certain,1
direct,1
complex,1
hitherto,1
regulatory,1
contributions,1
denied,1
pages,1
whole,1
inspired,1
often,1
responsible,1
emergency,1
confidence,1
essays,1
lawyer,1
devised,1
precede,1
sheds,1
essentials,1
surprising,1
rested,1
ineffective,1
jargon,1
drafted,1
sets,1
yet,1
generating,1
competing,1
fair,1
meanwhile,1
reason,1
done,1
bosses,1
recalled,1
easily,1
rules,1
steer,1
presidential,1
day,1
notable,1
theorists,1
fought,1
monolithic,1
better,1
message,1
clawson,1
praise,1
former,1
considered,1
halt,1
university,1
ranulf,1
challenged,1
j,1
detail,1
failure,1
neither,1
needed,1
resurgence,1
demographic,1
arguments,1
organized,1
title,1
included,1
inequality,1
evolved,1
emergence,1
then,1
faded,1
bigoted,1
tells,1
wealth,1
marks,1
producers,1
just,1
days,1
believed,1
same,1
mordecai,1
pretentious,1
impact,1
arguing,1
house,1
farm,1
historiography,1
municipal,1
annals,1
verdict,1
acknowledging,1
prevent,1
jaw,1
covers,1
impracticable,1
needs,1
show,1
two,1
functions,1
reports,1
demonstrate,1
agents,1
philosophers,1
democratic,1
focused,1
common,1
first,1
eminent,1
silos,1
dubious,1
frustration,1
deter,1
avoided,1
picture,1
efficient,1
framers,1
constructed,1
intellects,1
specific,1
declared,1
fellow,1
specifically,1
putting,1
insider,1
text,1
lucid,1
appropriations,1
idle,1
sustained,1
human,1
injustice,1
shifted,1
law,1
index,1
senators,1
recruited,1
uniformity,1
carolyn,1
stronger,1
urging,1
attempts,1
mark,1
erected,1
faced,1
toward,1
trained,1
again,1
inadequacy,1
attempt,1
insuring,1
appear,1
familiar,1
ask,1
paragraph,1
disappeared,1
worked,1
rational,1
epilogue,1
virulent,1
growth,1
addition,1
hoover,1
projects,1
england,1
greater,1
official,1
perceptive,1
persuasion,1
words,1
true,1
different,1
share,1
handling,1
expanding,1
based,1
naive,1
concepts,1
rivals,1
shaped,1
consideration,1
key,1
innovations,1
questioned,1
available,1
agenda,1
head,1
scholars,1
alvin,1
best,1
societies,1
leaders,1
pressure,1
revenue,1
together,1
marion,1
conservative,1
concentrating,1
poverty,1
wealthy,1
simple,1
ought,1
p,1
regulation,1
against,1
doors,1
foreground,1
morgenthau,1
departments,1
out,1
chairmanship,1
any,1
generalizations,1
antiintellectual,1
created,1
everything,1
number,1
towering,1
real,1
condensed,1
considerable,1
subject,1
greatest,1
man,1
climate,1
achieved,1
mismanagement,1
serious,1
passage,1
external,1
resuscitation,1
question,1
petty,1
merely,1
sort,1
academic,1
turned,1
readers,1
may,1
fullest,1
stand,1
precisely,1
fourth,1
monographs,1
keynes,1
raised,1
sentence,1
those,1
prompt,1
ground,1
though,1
pulled,1
adventurous,1
operating,1
blow,1
advances,1
sensitively,1
job,1
appropriate,1
johns,1
attack,1
aspects,1
negligible,1
conservatism,1
racial,1
flattered,1
accepted,1
context,1
rabid,1
karl,1
devoid,1
proposals,1
less,1
theoretical,1
degree,1
staff,1
issue,1
excellent,1
explicit,1
empty,1
character,1
energy,1
material,1
conviction,1
refute,1
agencies,1
wartime,1
existence,1
attitudes,1
conclusion,1
passed,1
perhaps,1
judicial,1
firmly,1
explain,1
wide,1
gladiators,1
unemployables,1
style,1
cambridge,1
triumph,1
advice,1
harnessed,1
hopkins,1
free,1
remedies,1
recommend,1
score,1
killed,1
technical,1
historiographical,1
fore,1
discovered,1
garages,1
representatives,1
briefed,1
design,1
information,1
demonstrated,1
agreed,1
alcohol,1
headless,1
some,1
emphasis,1
r,1
closed,1
revealed,1
used,1
travel,1
probably,1
astray,1
survive,1
nucleus,1
election,1
birth,1
knopf,1
weaver,1
own,1
eligibility,1
portraits,1
taxation,1
insight,1
width,1
carry,1
writers,1
socked,1
limitations,1
reorganize,1
mastery,1
concept,1
barry,1
marked,1
defied,1
readthe,1
brought,1
thereby,1
met,1
although,1
part,1
marriner,1
x,1
decisive,1
very,1
intelligent,1
despite,1
march,1
january,1
erred,1
historic,1
knowledge,1
content,1
convince,1
calls,1
over,1
press,1
republic,1
nation,1
november,1
duty,1
legislation,1
supreme,1
giving,1
himself,1
gender,1
experience,1
eccles,1
irrational,1
deciding,1
ten,1
unhappy,1
ignorant,1
went,1
ungracious,1
loss,1
expression,1
use,1
substance,1
implications,1
overview,1
fluent,1
citation,1
prevailed,1
says,1
tied,1
emphasize,1
assume,1
punches,1
issues,1
aims,1
economists,1
labor,1
learned,1
repairs,1
coming,1
recovered,1
thereafter,1
pen,1
chapters,1
includes,1
personal,1
shacks,1
convincing,1
away,1
however,1
ezekiel,1
unemployment,1
improvements,1
described,1
wilbur,1
go,1
alan,1
such,1
low,1
knew,1
pockets,1
significance,1
mixing,1
rendered,1
clear,1
deftly,1
providing,1
amendments,1
discretion,1
quest,1
demanded,1
unable,1
abolish,1
numerous,1
hearings,1
discussed,1
redistributed,1
comprehensive,1
diagnosing,1
offended,1
washington,1
author,1
truman,1
points,1
accept,1
health,1
victory,1
interest,1
patchy,1
tool,1
logic,1
crisis,1
change,1
characteristic,1
subtitle,1
defeat,1
insurances,1
large,1
contributed,1
solution,1
individual,1
heady,1
keep,1
grown,1
start,1
unpopular,1
ensued,1
sense,1
disillusion,1
correct,1
jeremy,1
cold,1
immediate,1
aroused,1
wildly,1
meeting,1
employables,1
suggest,1
wished,1
stage,1
features,1
reconstructed,1
compiled,1
expected,1
cohen,1
next,1
waning,1
manuscript,1
learning,1
james,1
selwyn,1
forming,1
discounted,1
anyone,1
progressive,1
personalties,1
phrase,1
standard,1
presenting,1
expired,1
emerging,1
remains,1
innovation,1
increased,1
forms,1
exchange,1
illuminates,1
every,1
several,1
patterns,1
autonomy,1
graphic,1
profits,1
nra,1
facing,1
few,1
back,1
members,1
distrusted,1
choose,1
body,1
bridge,1
eyes,1
grow,1
assumed,1
temporary,1
third,1
industrialists,1
amounted,1
served,1
themselves,1
cates,1
startling,1
interpretations,1
assessing,1
rejection,1
examine,1
clock,1
effect,1
telling,1
anonymity,1
obligation,1
budgetbalancers,1
agrees,1
create,1
early,1
weight,1
views,1
landmark,1
cites,1
predictable,1
capitalism,1
obscure,1
instance,1
white,1
stimulating,1
looked,1
gulf,1
legislative,1
results,1
principal,1
need,1
mature,1
decision,1
ends,1
deeply,1
leadership,1
should,1
hardly,1
imbibe,1
dam,1
attention,1
influence,1
close,1
massive,1
rationalizing,1
court,1
major,1
species,1
proviso,1
purchasing,1
seemed,1
noon,1
society,1
readable,1
apparent,1
battles,1
