WORDCOUNTS,WEIGHT
the,789
and,525
of,391
in,332
a,130
s,126
de,96
la,85
der,79
e,77
l,75
new,66
american,64
pp,61
und,54
john,50
to,48
j,47
on,44
et,43
war,42
york,41
history,39
press,39
di,37
en,37
editors,36
die,34
m,33
d,33
from,31
university,30
les,30
social,30
david,30
irish,29
culture,29
robert,28
u,28
r,26
le,26
i,25
politics,24
del,24
an,24
historical,24
des,24
for,23
g,23
states,23
editor,22
histoire,21
america,21
richard,21
w,21
michael,21
c,21
early,21
della,20
world,20
paul,20
james,20
women,19
number,19
william,19
medieval,18
h,18
du,18
utah,18
storia,18
city,18
per,17
essays,17
modern,17
b,17
as,17
y,17
united,17
france,17
north,17
policy,16
political,16
review,16
europe,15
von,15
collected,15
european,15
paper,15
cloth,15
washington,15
east,14
community,14
pierre,14
revolution,14
december,14
f,13
introduction,13
england,13
el,13
das,13
rugby,13
nation,13
une,13
at,12
historiography,12
case,12
relations,12
au,12
german,12
p,12
siecle,12
degli,12
dell,12
middle,12
cambridge,12
ende,12
church,11
studies,11
t,11
cathedral,11
since,11
latin,11
politica,11
alan,11
or,11
law,11
documents,11
thomas,11
science,11
natural,11
charles,11
zur,10
italian,10
jr,10
una,10
ebrei,10
medicine,10
im,10
cultural,10
jewish,10
literature,10
gender,10
change,10
crime,10
african,10
man,10
deutschland,10
maria,10
un,10
dutch,10
sicilia,9
cold,9
nature,9
dei,9
ireland,9
century,9
christopher,9
van,9
civil,9
british,9
foreign,9
society,9
south,9
mayaud,9
peter,9
after,9
frankreich,9
documenti,9
susan,9
pour,9
popular,9
integration,9
germany,8
economic,8
experience,8
religion,8
state,8
henry,8
medical,8
americans,8
n,8
tra,8
left,8
work,8
stato,8
fonti,8
family,8
xixe,8
military,8
xii,8
italia,8
identity,8
italy,8
johnson,8
army,8
dans,8
joseph,8
holocaust,8
las,8
urban,8
valdinievole,8
ein,8
national,8
elecciones,8
howard,7
spain,7
andrew,7
development,7
old,7
influence,7
democratic,7
hexenprozesse,7
nancy,7
late,7
xix,7
los,7
mass,7
eine,7
republic,7
religious,7
lyndon,7
toward,7
martin,7
not,7
with,7
stephen,7
role,7
secolo,7
era,7
race,7
archives,6
struggle,6
relationship,6
jews,6
english,6
union,6
ian,6
before,6
nineteenth,6
first,6
gary,6
tradition,6
daniel,6
racial,6
king,6
timothy,6
emigration,6
perspective,6
cohen,6
hexenverfolgung,6
patronage,6
den,6
diritti,6
mary,6
age,6
knowledge,6
its,6
during,6
barbara,6
second,6
britain,6
thought,6
aux,6
al,6
french,6
linda,6
aires,6
antonio,6
v,6
art,6
eta,6
francis,6
politische,6
black,6
kenneth,6
gli,6
life,6
fall,6
diplomatiques,6
is,6
chancellorsville,6
siglo,6
nationale,6
making,6
colonial,6
question,6
crisis,6
miller,5
bernard,5
o,5
buenos,5
ii,5
liberty,5
xiii,5
maurice,5
keith,5
conflict,5
legacy,5
media,5
their,5
k,5
we,5
green,5
immigrant,5
was,5
glorious,5
origins,5
beyond,5
feingold,5
republik,5
scientific,5
diplomatici,5
public,5
failure,5
nella,5
tom,5
mitchell,5
migration,5
massachusetts,5
da,5
hubert,5
southern,5
frank,5
communities,5
technology,5
elizabeth,5
indian,5
by,5
nauright,5
power,5
herbert,5
time,5
als,5
film,5
great,5
empire,5
non,5
renaissance,5
boston,5
atlantic,5
catholicism,5
horlogerie,5
court,5
xv,5
margaret,5
greek,5
justice,5
christian,5
note,5
gehler,5
class,5
education,5
centuries,5
cultures,5
steven,5
iii,5
institute,5
ohio,5
jewry,5
archivi,5
diplomatiche,5
nicholas,4
it,4
marcus,4
jane,4
miners,4
diplomatic,4
freedom,4
nicht,4
western,4
journalism,4
creation,4
anthony,4
asia,4
xx,4
nina,4
context,4
eastern,4
roger,4
magazine,4
skandale,4
x,4
ottoman,4
helen,4
sociale,4
aus,4
immigrants,4
salvatore,4
walter,4
traditions,4
jones,4
luigi,4
jonathan,4
female,4
pescia,4
emergence,4
byzantine,4
bruce,4
carolina,4
vietnam,4
ancient,4
view,4
geoffrey,4
societies,4
tucker,4
politique,4
chinese,4
aspects,4
sickinger,4
ed,4
xiv,4
masculinity,4
periodical,4
county,4
horak,4
music,4
il,4
xviii,4
alcune,4
besanqon,4
catholic,4
order,4
brelot,4
cravens,4
dem,4
st,4
am,4
liberta,4
parker,4
historia,4
sephardi,4
representation,4
mark,4
fin,4
smith,4
arthur,4
gothic,4
hamilton,4
simon,4
israel,4
atherton,4
diplomacy,4
transformation,4
roosevelt,4
eines,4
es,4
study,4
masculine,4
all,4
postwar,4
northern,4
zion,4
institutions,4
analysis,4
skandal,4
francesco,4
series,4
paolo,4
guy,4
beginning,4
scholarly,4
what,4
virginia,4
techniques,4
writing,4
radicalism,4
nell,4
levy,4
into,4
reformation,4
between,4
little,4
gulf,4
among,4
building,4
democracy,3
antoine,3
vogel,3
films,3
briant,3
scholar,3
universite,3
abulafia,3
pubblicazione,3
college,3
fiction,3
internationales,3
red,3
philippe,3
mit,3
labor,3
conquest,3
physicians,3
rosemary,3
gabilliet,3
chandler,3
cultura,3
source,3
laura,3
came,3
sources,3
electoral,3
revisited,3
economica,3
peck,3
scientists,3
coming,3
novecento,3
last,3
zu,3
giorgio,3
china,3
discipline,3
johns,3
suisse,3
cinema,3
coalfields,3
beni,3
some,3
madsen,3
etienne,3
west,3
reconstruction,3
warfare,3
jakob,3
harold,3
mccormick,3
ronald,3
modernization,3
campbell,3
against,3
breitman,3
janet,3
adams,3
forced,3
nelson,3
response,3
oxford,3
catholique,3
zweiten,3
ecclesiastical,3
price,3
alfons,3
salt,3
giuridica,3
his,3
they,3
catholics,3
entre,3
horlogers,3
katherine,3
perceptions,3
dean,3
postmodern,3
literary,3
lima,3
warren,3
just,3
impact,3
romanesque,3
scribner,3
peru,3
reflections,3
klaus,3
radical,3
fishman,3
italians,3
nel,3
nei,3
sul,3
horlogeries,3
franco,3
dan,3
locke,3
um,3
near,3
marie,3
nichols,3
carte,3
theological,3
anna,3
two,3
oaks,3
sicily,3
alliance,3
ethnicity,3
encounters,3
good,3
settlement,3
jardine,3
ministero,3
philip,3
wolfgang,3
bartlett,3
gordon,3
diner,3
coalfield,3
hegemony,3
affare,3
synthesis,3
brian,3
jeffery,3
korper,3
estado,3
bill,3
albert,3
brasil,3
god,3
sulla,3
payments,3
wisconsin,3
diplomatique,3
ciencia,3
technique,3
death,3
mussadiq,3
dodwell,3
towards,3
scheurer,3
sui,3
classical,3
end,3
anne,3
paris,3
road,3
orthodoxy,3
jahrhundert,3
esther,3
einer,3
ou,3
children,3
wood,3
free,3
hogan,3
crown,3
campaigns,3
own,3
brady,3
upon,3
cult,3
region,3
patricia,3
yvonne,3
sind,3
elite,3
louis,3
deutschen,3
marcos,3
franklin,3
graham,3
trade,3
low,3
nix,3
belasco,3
period,3
so,3
miracle,3
men,3
ages,3
labour,3
xvi,3
other,3
structure,3
fur,3
professional,3
immigration,3
hunt,3
cittadinanza,3
perspectives,3
africa,3
voyages,3
criminal,3
hill,3
habsburg,3
lawrence,3
spary,3
countries,3
ad,3
phillips,3
association,3
ash,3
caratteri,3
goldberg,3
francesca,3
alfred,3
bernkopf,3
ralph,3
woman,3
are,3
louise,3
capital,3
did,3
alexander,3
horlogere,3
policies,3
geschichte,3
siciliani,3
allan,3
schwarzfuchs,3
theory,3
problem,3
don,3
siecles,3
temps,3
bob,3
exegesis,3
marc,3
ansatze,3
peace,3
perspektive,3
meyendorff,3
elizabethan,3
bradley,3
jan,3
come,3
francois,3
gerbod,3
twentieth,3
defence,3
secord,3
glass,3
politischer,3
jefferson,3
hugues,3
scholarship,3
lake,3
traditional,3
images,3
hans,3
baudoui,2
losinga,2
norwich,2
margins,2
dale,2
gerald,2
books,2
moshe,2
child,2
limits,2
way,2
historiographie,2
later,2
gozzi,2
vienna,2
emsley,2
historiques,2
market,2
caroliniana,2
side,2
comuni,2
clio,2
populaire,2
gabor,2
genovese,2
industry,2
cyprus,2
aller,2
karel,2
marianne,2
nostalgia,2
horton,2
songs,2
schools,2
authority,2
holland,2
mexican,2
memoria,2
patriarch,2
athenian,2
cox,2
decade,2
theatre,2
ottocento,2
rapporti,2
petite,2
duggan,2
princeton,2
my,2
violante,2
sollner,2
romance,2
esquisse,2
that,2
invention,2
caroline,2
sad,2
interests,2
siegrist,2
hannes,2
huntzicker,2
emotion,2
xxi,2
action,2
gesellschaft,2
potere,2
book,2
moderna,2
fabio,2
manliness,2
industrie,2
andinos,2
etre,2
feminism,2
documentazione,2
fdr,2
real,2
nationalism,2
cinzio,2
bombing,2
harvey,2
uberwindung,2
murray,2
hexenforschung,2
reading,2
intelligence,2
wyman,2
system,2
carol,2
fonte,2
con,2
money,2
nassif,2
geschichtswissenschaft,2
ebraici,2
terray,2
design,2
porter,2
laurent,2
football,2
appunti,2
leo,2
cooperation,2
open,2
studi,2
zvi,2
mayerling,2
greene,2
zamagni,2
trevor,2
birth,2
establishment,2
contemporanea,2
memoire,2
tate,2
limiti,2
lund,2
gustavo,2
steiner,2
luciana,2
make,2
framework,2
hygiene,2
human,2
kraut,2
boritt,2
buckman,2
genesis,2
avantgarde,2
magic,2
police,2
buhle,2
natalie,2
carlos,2
friedman,2
mormon,2
westport,2
knafla,2
leveque,2
vitriol,2
caron,2
individual,2
patria,2
nicholson,2
haskala,2
veselin,2
honour,2
joyce,2
ethnic,2
publications,2
lublin,2
gil,2
hollywood,2
communication,2
karen,2
language,2
leadership,2
xavier,2
general,2
halakhic,2
claude,2
wales,2
papanikolas,2
alabama,2
dibattito,2
themes,2
suisses,2
rights,2
heroes,2
dilemma,2
growth,2
lesch,2
hughes,2
notion,2
enseignement,2
knew,2
christine,2
pollard,2
contributions,2
dialogue,2
special,2
emigre,2
white,2
lay,2
ambientali,2
archivio,2
space,2
raymond,2
lesley,2
problemi,2
romantic,2
image,2
tecnologia,2
sociocultural,2
jacob,2
greenberg,2
down,2
edition,2
monde,2
days,2
welfare,2
venetian,2
kuwait,2
espulsione,2
xi,2
attitudes,2
ameleto,2
prima,2
dello,2
testament,2
your,2
buffalo,2
problems,2
melville,2
victorian,2
back,2
care,2
etude,2
strategy,2
constitution,2
franz,2
wandel,2
dumbarton,2
sociaux,2
kennedy,2
chris,2
atkin,2
rule,2
marion,2
davids,2
young,2
missouri,2
staatsbegrabnisse,2
patrick,2
economics,2
jewries,2
international,2
readings,2
poetry,2
punishment,2
there,2
shall,2
crusade,2
auschwitz,2
career,2
salzburg,2
greenwood,2
beispiel,2
sovereignty,2
xvii,2
sport,2
andre,2
polemique,2
hopkins,2
barrelet,2
memory,2
technical,2
jim,2
maurizio,2
sculpture,2
imagined,2
dab,2
paola,2
part,2
aftermath,2
thoughts,2
pecorari,2
minority,2
dal,2
tale,2
island,2
place,2
editorial,2
people,2
abandonment,2
nach,2
hennessy,2
douglas,2
regional,2
hambledon,2
overseas,2
queer,2
liberale,2
stanford,2
this,2
holy,2
ist,2
codice,2
field,2
peterson,2
amnon,2
discourse,2
ward,2
reed,2
spanish,2
transfer,2
constantinople,2
leader,2
research,2
germania,2
emmanuel,2
ecuador,2
simms,2
xxvii,2
when,2
orthodox,2
progress,2
lorenz,2
games,2
decision,2
spufford,2
hermann,2
francais,2
kagan,2
situation,2
georg,2
sylvia,2
antioch,2
gobierno,2
natur,2
viaceslav,2
rome,2
annino,2
osterreich,2
henri,2
eva,2
crete,2
limited,2
bis,2
revolt,2
hutton,2
grande,2
willem,2
cole,2
wagstaff,2
garden,2
standing,2
movement,2
luzzatti,2
writers,2
culturali,2
gilbert,2
raffaele,2
bowling,2
q,2
security,2
lloyd,2
straus,2
continuity,2
morgan,2
under,2
pietismus,2
raffaella,2
mannes,2
lovers,2
home,2
reynolds,2
publishing,2
light,2
lieux,2
xviiie,2
baltimore,2
nineteenthcentury,2
exterieure,2
industrial,2
ebraico,2
suzanne,2
love,2
volume,2
yves,2
lewis,2
jeffrey,2
recente,2
challenge,2
clive,2
journey,2
treatment,2
movimento,2
generales,2
reforms,2
barber,2
idea,2
sonke,2
scholars,2
soviet,2
creative,2
reform,2
viii,2
parteien,2
forging,2
pennsylvania,2
travail,2
fremde,2
zealand,2
organisations,2
do,2
murphy,2
habe,2
where,2
weyl,2
strategies,2
judith,2
emma,2
practice,2
morocco,2
nueva,2
casey,2
paix,2
local,2
credit,2
volk,2
byzantines,2
emotionen,2
indiana,2
eighteenth,2
istituto,2
collections,2
realities,2
looking,2
donald,2
ruling,2
electorales,2
congress,2
heise,2
evolution,2
were,2
samuel,2
california,2
netherlands,2
bolivia,2
similar,2
moral,2
reality,2
soldiers,2
health,2
essay,2
eve,2
arc,2
uintah,2
ellis,2
fr,2
caso,2
ernst,2
serial,2
sillito,2
why,2
relazioni,2
faith,2
mcmahon,2
pocock,2
systems,2
chapel,2
newspapers,2
epistemology,2
interpretations,2
tallett,2
pubblico,2
morris,2
pubblicazioni,2
redistricting,2
weimar,2
emily,2
tennessee,2
mordechai,2
bon,2
para,2
helmut,2
concetti,2
dm,2
next,2
vera,2
sec,2
modernism,2
independence,2
who,2
crusading,2
cuban,2
unita,2
abraham,2
wilson,2
gherardi,2
cueto,2
manhood,2
centres,2
zeit,2
face,2
worlds,2
dopo,2
legacies,2
austria,2
nacional,2
school,2
emerging,2
bates,2
wars,2
diplomatica,2
thinking,2
changing,2
pueblos,2
must,2
borghesia,2
castile,2
vi,2
theme,2
jorgen,2
kay,2
howell,2
gerhard,2
carl,2
vergleich,2
ricerca,2
hasia,2
here,2
wider,2
carbon,2
metropolitan,2
know,2
continental,2
guerre,2
iran,2
country,2
seine,2
different,2
persecution,2
sirinelli,2
seidman,2
speck,2
pietro,2
democrazia,2
epistemological,2
foundation,2
theology,2
brazil,2
diplomazia,2
identities,2
going,2
albanie,2
thompson,2
russe,2
priory,2
oliver,2
working,2
poder,2
economy,2
iraqi,2
proceedings,2
reign,2
antebellum,2
them,2
spicciani,2
multicultural,2
humanistica,2
manuscripts,2
kathryn,2
estudios,2
foundations,2
gabriella,2
brule,2
kaufman,2
imperial,2
delle,2
deconstructing,2
identitat,2
lois,2
code,2
dieter,2
utilisation,2
scott,2
wohnout,2
pas,2
practices,2
marketing,2
pays,2
over,2
gerard,2
penny,2
alla,2
alain,2
lucassen,2
hoak,2
estates,2
foxhall,2
rio,2
paula,2
werden,2
our,2
eric,2
suffrage,2
robertson,2
commercial,2
medievalia,2
conn,2
ihrer,2
have,2
zum,2
chilov,2
land,2
consumption,2
sur,2
zeese,2
writer,2
effects,2
michel,2
fine,2
kommunikation,2
russia,2
debate,2
norman,2
georgakas,2
technological,2
taylor,2
recent,2
frankie,2
schochet,2
fulvio,2
ca,2
problemes,2
otto,2
perception,2
gallagher,2
tanner,2
esslingen,1
courts,1
exports,1
final,1
difficult,1
allum,1
costantinopoli,1
maarten,1
chiasmus,1
burlen,1
konstruktion,1
falle,1
reckoning,1
cindy,1
battlefield,1
forschungsgegenstand,1
sharpe,1
complaint,1
ja,1
inspection,1
gortyn,1
electronic,1
than,1
helped,1
bute,1
heidi,1
liengme,1
appropriation,1
grece,1
rapping,1
sainte,1
vor,1
mireille,1
ruckstellungsfall,1
rosy,1
marcela,1
poison,1
autres,1
diretta,1
harman,1
dore,1
krohn,1
affari,1
element,1
alley,1
savante,1
gay,1
hannelore,1
common,1
comunale,1
alin,1
ambivalence,1
threat,1
anatoli,1
melanges,1
deism,1
meaning,1
gilmore,1
afogados,1
commentary,1
technicien,1
sivin,1
wir,1
interdependence,1
syndicalism,1
marten,1
corruption,1
danny,1
till,1
emerson,1
sharf,1
feld,1
fleury,1
ethnicities,1
abfiles,1
christy,1
quandt,1
protestant,1
kitchens,1
consolare,1
ferdinand,1
revolutionary,1
heslop,1
presses,1
licht,1
angelika,1
feminization,1
gesehen,1
justizskandal,1
diane,1
koalition,1
empirical,1
volkerschlacht,1
ois,1
succession,1
jardim,1
mar,1
romischen,1
federation,1
yazbeck,1
sphere,1
distributed,1
connecticut,1
dogmatic,1
bakewell,1
linguistic,1
philologist,1
skandalen,1
mariedanielle,1
wo,1
maltezou,1
friel,1
group,1
purroy,1
becoming,1
reflection,1
mears,1
amoja,1
inwood,1
discover,1
burton,1
one,1
goff,1
guinier,1
dottrina,1
expression,1
besten,1
zohar,1
costizione,1
myth,1
larry,1
zusammenhang,1
reassessment,1
closure,1
insertion,1
jubilee,1
stone,1
okker,1
ihr,1
zerfall,1
ruiz,1
word,1
dernovsek,1
rogers,1
schein,1
miriam,1
erster,1
ungerechtigten,1
flowering,1
blight,1
true,1
letzten,1
ways,1
remi,1
martyrdom,1
republique,1
walker,1
lors,1
convict,1
wallace,1
ministere,1
ghabra,1
articles,1
mommsen,1
fra,1
reichel,1
giudei,1
park,1
neueren,1
unendlichkeit,1
douglass,1
inviato,1
duke,1
nord,1
spirit,1
unnatural,1
gardner,1
brandt,1
musulmani,1
motive,1
malmad,1
forever,1
franqoise,1
cancer,1
clement,1
frage,1
neunzehntes,1
puerperal,1
finanziamento,1
geniza,1
communion,1
mazzamuto,1
capelle,1
kann,1
fathers,1
malik,1
scots,1
gewalt,1
proprieta,1
assisted,1
rodger,1
industrielle,1
styron,1
valencia,1
estelle,1
tripoli,1
sellier,1
hayes,1
indipendenza,1
dann,1
nativas,1
societa,1
causes,1
gegenuiber,1
graditi,1
mentalites,1
reich,1
bongiovanni,1
street,1
gennadi,1
qualification,1
arbeitskreis,1
stipulati,1
insel,1
contel,1
woodcraft,1
amelang,1
iakovos,1
politik,1
bahloul,1
shoemaker,1
joe,1
diffusion,1
arabo,1
abenteuer,1
valera,1
round,1
cecco,1
humanist,1
notre,1
philomene,1
fabric,1
expanding,1
unmogliche,1
unehre,1
vandenhoeck,1
grille,1
premiers,1
explaining,1
natures,1
gaps,1
sanitatis,1
tsur,1
waldheim,1
privato,1
usa,1
brigands,1
diritto,1
long,1
transnationalism,1
rearguard,1
ritualita,1
brauchen,1
griffiths,1
venice,1
insediativi,1
siciliano,1
hirtenberger,1
norbert,1
utopia,1
rauchensteiner,1
fifteenth,1
flock,1
urbains,1
hippocratic,1
ayres,1
dudley,1
clairvaux,1
brigitte,1
sportgeschichte,1
constable,1
give,1
hexeninquisition,1
restoration,1
historians,1
dahan,1
zwischenkriegszeit,1
murtagh,1
huancavelica,1
balcani,1
bennion,1
offerts,1
alfabetin,1
rita,1
headline,1
riflessioni,1
oulad,1
collana,1
gigi,1
chile,1
giovanna,1
colleges,1
avenue,1
dreams,1
helfer,1
gause,1
luiz,1
expendable,1
archivos,1
bloomington,1
eden,1
revival,1
perrot,1
ulf,1
apocalypticism,1
georgia,1
dessen,1
able,1
rhode,1
principles,1
schroeter,1
nadel,1
kurtrierischen,1
stillman,1
yucatan,1
textiles,1
avec,1
geldern,1
chiara,1
volksaufstand,1
belong,1
luebke,1
wainwright,1
daily,1
agglomeration,1
ennio,1
fist,1
nuevo,1
scienze,1
quattrocentesca,1
naissance,1
kuo,1
fortunes,1
farmers,1
lydia,1
katharine,1
wave,1
puritanism,1
rummel,1
marek,1
linder,1
cadaval,1
bayerische,1
forms,1
prelude,1
whitman,1
confront,1
foot,1
corcoran,1
americain,1
carrieres,1
herstellung,1
aircraft,1
cadiz,1
teufelspakttheorie,1
bordat,1
mag,1
nasserist,1
mississippi,1
ettlinger,1
paises,1
dunajtschik,1
summerson,1
baylon,1
sous,1
dom,1
annick,1
bulgaro,1
products,1
espaces,1
migne,1
gestion,1
frugoni,1
hands,1
umstrittene,1
notazioni,1
loi,1
melding,1
ausgehender,1
jill,1
rialto,1
ashton,1
renata,1
evangelical,1
tunisia,1
toleration,1
spricht,1
schulzinger,1
iconoclasm,1
lv,1
erich,1
mind,1
evron,1
rechtspopulistische,1
parson,1
boniface,1
mfgb,1
prescott,1
richmond,1
debut,1
artifex,1
bett,1
baram,1
reiter,1
gienapp,1
gibson,1
welsh,1
eras,1
renda,1
gottlieb,1
lavi,1
counterculture,1
byzantium,1
iowa,1
visibility,1
charmley,1
chandra,1
removal,1
lotissements,1
papers,1
ingenieria,1
gunther,1
nykrog,1
contents,1
brigham,1
philomena,1
citizenship,1
pfalz,1
urss,1
retrenchment,1
judeorum,1
speech,1
montre,1
ernest,1
salwen,1
environmental,1
kult,1
fossils,1
worster,1
eisenhower,1
dark,1
ushakov,1
josep,1
harpercollins,1
accords,1
modernist,1
classifying,1
adrian,1
rivalry,1
westview,1
bugos,1
bayor,1
philological,1
roberts,1
polizia,1
brusse,1
moths,1
medievalism,1
persian,1
heights,1
ballini,1
heraclides,1
mccoy,1
shigehisa,1
israelite,1
connues,1
marjolein,1
kritik,1
bootlegging,1
verne,1
rebecca,1
comparativist,1
shrewd,1
amelia,1
carlisle,1
sexual,1
bergera,1
hall,1
condizione,1
right,1
march,1
recta,1
ambiguedades,1
skandalerfahrung,1
pisa,1
struggling,1
chapter,1
karnein,1
hankinson,1
resistencia,1
account,1
gardens,1
jaguar,1
amplification,1
comericio,1
miniature,1
methodologies,1
activity,1
salem,1
strand,1
entrepreneurs,1
wensley,1
mayeur,1
significance,1
lechner,1
tissot,1
fritz,1
hexenverfolgungen,1
magnates,1
epiclesis,1
popularen,1
willy,1
consciousness,1
literaturen,1
julian,1
erinyes,1
move,1
exorbitantien,1
cabin,1
debrunner,1
mastery,1
suny,1
panamistisches,1
apart,1
petracchi,1
tafr,1
percy,1
sino,1
kurfiirst,1
tastes,1
nato,1
lyric,1
sahlins,1
schiffstaufe,1
sprachenverordnungen,1
resources,1
municipales,1
conception,1
laws,1
mezitres,1
bolkhovitinov,1
uber,1
lindee,1
warnke,1
desirable,1
republikanischen,1
blecourt,1
three,1
guershon,1
negli,1
salarie,1
fenians,1
juvenile,1
regnum,1
wahl,1
orden,1
ritual,1
economies,1
seriality,1
comics,1
feilden,1
pioneer,1
palermo,1
todd,1
worker,1
monastic,1
ross,1
practica,1
vatter,1
shepsle,1
hohe,1
audience,1
kim,1
style,1
prejudice,1
intervention,1
leyda,1
teufelsaustreibungen,1
diversity,1
nasser,1
wormald,1
napoleonienne,1
ecstatic,1
doll,1
mcdannell,1
nette,1
financement,1
beschreibung,1
learned,1
dislocation,1
linnaeus,1
central,1
abbruch,1
disenfranchisement,1
henningsen,1
segreto,1
deux,1
grolen,1
ellen,1
relocation,1
luciano,1
haitian,1
que,1
fruhaufklarung,1
otro,1
whitaker,1
disorder,1
affire,1
doris,1
spinsters,1
catharism,1
mcginn,1
wirtschaft,1
luc,1
leur,1
londa,1
ethical,1
citta,1
accommodation,1
neuchateloise,1
corrispondenza,1
noncomformity,1
jurassienne,1
sgravi,1
aimee,1
safe,1
fifteenthcentury,1
hierarchy,1
maase,1
dionysius,1
wagenen,1
plato,1
fredericksburg,1
pentateuch,1
heeding,1
bodily,1
multinationals,1
rappresentazione,1
lectures,1
pier,1
bridging,1
phelan,1
ray,1
caccamo,1
nautz,1
bibelkritik,1
num,1
sapir,1
factivus,1
zane,1
grobglocknerstrabe,1
polly,1
lancashire,1
justifications,1
considerazioni,1
jeremy,1
dame,1
harlequin,1
kirk,1
concettuale,1
katzman,1
spazio,1
actas,1
barlow,1
markets,1
ipogei,1
maas,1
universitaires,1
fischer,1
stained,1
diffley,1
schwoerer,1
bereket,1
shatzmiller,1
coercizione,1
senate,1
learning,1
simonsohn,1
ai,1
beneduce,1
topos,1
duff,1
roche,1
wiley,1
ministro,1
rolf,1
rathkolb,1
unity,1
satan,1
cases,1
wendy,1
periphery,1
elements,1
militari,1
lin,1
consejo,1
uberlegungen,1
polnische,1
agosto,1
esistenza,1
taint,1
barea,1
godliness,1
hispanic,1
stokes,1
fielding,1
pablo,1
gemiitlichkeit,1
gosse,1
precopi,1
scandaliato,1
gottingen,1
airport,1
flores,1
marriage,1
italiano,1
body,1
mayflower,1
tobi,1
simplest,1
physics,1
machines,1
moutet,1
columbia,1
juive,1
nouveaux,1
valelly,1
torino,1
psychotechnique,1
flawed,1
kultuarkampf,1
pernambuco,1
fate,1
franqais,1
mirsky,1
mangels,1
namen,1
ally,1
dallek,1
pubblica,1
demetrius,1
taste,1
silvestro,1
freiheit,1
colegios,1
dopoguerra,1
rie,1
prozeb,1
networks,1
hahn,1
voraus,1
citizens,1
flanagan,1
bohannon,1
arab,1
lisa,1
attivita,1
kroes,1
phyllis,1
kelly,1
empiricism,1
kent,1
vincent,1
boureau,1
carolingienne,1
tabernaculo,1
sin,1
drost,1
filling,1
quand,1
procaccia,1
bennett,1
hisamerican,1
burtt,1
findlen,1
webber,1
stethatos,1
sich,1
irony,1
aubenpolitik,1
hasty,1
hoch,1
fanning,1
lettere,1
ammannati,1
terror,1
codification,1
austriaca,1
joann,1
prova,1
temi,1
subversion,1
heretics,1
coal,1
sisters,1
stanley,1
businessmen,1
funzioni,1
jerusalem,1
durham,1
etat,1
kenyon,1
henk,1
hidden,1
decisionmaking,1
inmate,1
rosalind,1
versuch,1
manuel,1
patroness,1
selected,1
crossroads,1
sassoon,1
architecture,1
costa,1
phases,1
critics,1
defending,1
site,1
indagine,1
maskil,1
landscapes,1
commerciales,1
sheeler,1
poor,1
carole,1
displacement,1
suresnes,1
jougement,1
rock,1
library,1
fort,1
kollektiven,1
dial,1
rosies,1
sakularisierung,1
harald,1
francine,1
guida,1
justizputsch,1
town,1
marcet,1
mactoux,1
espacio,1
criticism,1
aberglaube,1
varying,1
teaching,1
russian,1
costs,1
kleinen,1
verfolgung,1
vichy,1
heraldry,1
deirdre,1
invocacio,1
hexenglauben,1
lucona,1
decker,1
vault,1
eacker,1
nikolai,1
virility,1
haupt,1
besancon,1
jubal,1
selbstinszenierung,1
operaio,1
sephardim,1
graf,1
republikanische,1
nazionalizzazione,1
slavery,1
civile,1
edward,1
wissenschaft,1
mysticisme,1
affairs,1
absence,1
joan,1
habsburgergeschichte,1
ilustrada,1
mogador,1
landscape,1
institution,1
appreciation,1
rapids,1
manhatta,1
annette,1
cuisine,1
minorities,1
doctrine,1
fortini,1
grundlagen,1
rase,1
susanna,1
hitting,1
margine,1
levine,1
fromson,1
collinson,1
spruchakten,1
grail,1
pentecoste,1
conoscenza,1
heinrichs,1
nottinghamshire,1
vs,1
votantes,1
neighborhood,1
katie,1
edwin,1
rescue,1
anyone,1
cautio,1
aston,1
viet,1
minstrels,1
legal,1
cesare,1
loses,1
intentio,1
sarah,1
strands,1
importance,1
se,1
deathly,1
thurlby,1
direct,1
parts,1
hodges,1
plots,1
finanza,1
ass,1
boone,1
veronica,1
allegory,1
enacted,1
salesgirls,1
jellinek,1
erronea,1
corso,1
sever,1
rechtspflege,1
individuo,1
fernie,1
rechtssicherheit,1
ferraris,1
orientation,1
wollaston,1
pescaglini,1
consequences,1
spanisch,1
nikolaos,1
update,1
artisanat,1
urbe,1
reclamation,1
unanue,1
williamson,1
divided,1
presuppositions,1
addressing,1
commonwealth,1
dingle,1
cutler,1
contreras,1
wash,1
monuments,1
krieger,1
houlbrooke,1
psychologie,1
bosses,1
lisbet,1
giuseppe,1
brasilefio,1
mornin,1
leaking,1
westdeutschen,1
perrier,1
streitmatter,1
semantica,1
microscope,1
mcaleer,1
servants,1
attorno,1
gerne,1
sainthood,1
psychoanalytic,1
greeks,1
veyrassat,1
healey,1
flexibility,1
interlude,1
organization,1
svolopoulos,1
key,1
professionnalisation,1
bloch,1
pubblici,1
zauberinnen,1
benefits,1
eirepreneurs,1
revising,1
personalita,1
potomac,1
mira,1
centering,1
pelikan,1
jura,1
consoli,1
wins,1
liberal,1
peruanos,1
chiaramonte,1
ideologies,1
veneziani,1
shays,1
mittelalters,1
population,1
eigene,1
house,1
unmaking,1
dallas,1
process,1
menschen,1
esteri,1
reexamined,1
observations,1
profile,1
beyerchen,1
heller,1
gedenkfeiern,1
raoul,1
monroy,1
crusader,1
socialists,1
companions,1
agricultural,1
most,1
rechten,1
disorientation,1
transcultural,1
leipziger,1
montgomery,1
waffenaffare,1
erschien,1
verwaltungssystem,1
zimmerman,1
dilemmas,1
bicentenaire,1
sims,1
genannt,1
allertonshire,1
demetrios,1
grabois,1
superieur,1
bertrand,1
olivier,1
erinnerung,1
actes,1
isolation,1
millennium,1
organisation,1
salvagnini,1
sedicioso,1
hexenaberglaube,1
kurzweil,1
etrangeres,1
monty,1
vieja,1
bedford,1
rechtliche,1
reorientation,1
venerunt,1
reconsideration,1
machen,1
fifties,1
jeroni,1
niedergang,1
elazar,1
carlo,1
vergleichenden,1
maison,1
fruhen,1
nikomachos,1
schmidauer,1
fern,1
yehuda,1
pfister,1
diplomticas,1
courtly,1
alexis,1
opinion,1
kulturverlag,1
tory,1
edmund,1
crazes,1
italie,1
crew,1
lusobrasilefia,1
verhaltnisse,1
liturgical,1
bertram,1
ihre,1
regimen,1
marinella,1
valiant,1
rocroi,1
americanization,1
clunisiens,1
annees,1
challenges,1
cometition,1
experimentation,1
globalist,1
affaires,1
royal,1
cunningham,1
skoli,1
bessire,1
legislative,1
petersen,1
remembered,1
confederation,1
memorialistica,1
pastoral,1
absage,1
affu,1
schroter,1
wing,1
famiglia,1
societe,1
practitioner,1
ricciardi,1
krueger,1
herr,1
regierung,1
dixon,1
saarraum,1
contributo,1
modernity,1
corbellari,1
romances,1
fitzpatrick,1
trusen,1
martinez,1
panagiotakes,1
critic,1
histories,1
conservative,1
insanity,1
search,1
color,1
arabs,1
zwischen,1
access,1
xvth,1
awakening,1
franois,1
noordegraaf,1
gendered,1
politicization,1
unyong,1
latino,1
effort,1
akhskandal,1
bomb,1
monticello,1
fohlen,1
become,1
browning,1
scotland,1
intentionality,1
current,1
saperi,1
zwanzigstes,1
her,1
curiosity,1
twain,1
austin,1
solterer,1
bitoun,1
saltman,1
mosiici,1
domenico,1
dispute,1
owen,1
veneto,1
politiche,1
nolfo,1
vleck,1
diet,1
tournant,1
jesuites,1
italiana,1
verifiamerican,1
nahtstelle,1
illness,1
gelvin,1
haven,1
reforma,1
ordentliche,1
ischler,1
harrington,1
tudors,1
interdisziplinare,1
letzte,1
pitfalls,1
albany,1
marco,1
egypt,1
robbert,1
cherubini,1
sozialhistorikers,1
frustrations,1
argentina,1
privata,1
bellingeri,1
confronts,1
erinnerungsorte,1
gilson,1
unions,1
mariejeanne,1
rudiger,1
murzaku,1
caldwell,1
comtoise,1
mackay,1
garton,1
martial,1
oder,1
shlomo,1
nobles,1
poverty,1
pelinka,1
schufterei,1
urbaine,1
sentimental,1
block,1
reviews,1
diplomat,1
reservation,1
entertainment,1
advertise,1
hineinblasen,1
setting,1
finch,1
viewed,1
recently,1
yaron,1
moderne,1
comme,1
lemmon,1
haddad,1
amantis,1
tirelli,1
meet,1
applied,1
serie,1
islamist,1
alf,1
industria,1
romanischen,1
bergsma,1
mouffe,1
verse,1
physicist,1
kuriyama,1
ford,1
lesbians,1
questione,1
martha,1
spiritual,1
rossi,1
refuge,1
judicial,1
lyons,1
volker,1
required,1
fox,1
dwellers,1
gregory,1
opll,1
olivia,1
captains,1
comprehension,1
nierop,1
colonies,1
archivo,1
problema,1
garaffa,1
royaumes,1
sicilian,1
hiram,1
alt,1
viele,1
salles,1
aufgerichtet,1
gillian,1
expensive,1
humboldtian,1
aspiration,1
reinke,1
chantiers,1
seth,1
igor,1
vendee,1
rousseaux,1
elliott,1
georgiy,1
provincial,1
bark,1
keeping,1
voter,1
eduardo,1
wiesner,1
fishel,1
lebanon,1
mobilization,1
rocco,1
politisches,1
rabe,1
canyon,1
kazhdan,1
tant,1
closed,1
freihofner,1
tribulations,1
elisa,1
artifacts,1
missed,1
mirrored,1
gamal,1
paiutes,1
marini,1
bystanders,1
soldiery,1
abroad,1
francesi,1
balard,1
spicer,1
shulamith,1
scanlin,1
received,1
landesbeamte,1
narratives,1
avery,1
responding,1
barnai,1
even,1
fraser,1
ouvrage,1
cattermole,1
andes,1
ens,1
storiografia,1
franchise,1
repetition,1
bastiglia,1
seminary,1
future,1
childs,1
krumeich,1
commerce,1
tardo,1
friedrichs,1
vito,1
incivility,1
exemplede,1
bois,1
reardon,1
example,1
tetuan,1
uberzogene,1
lockean,1
gerges,1
geddes,1
wijnand,1
chesnutt,1
metodologia,1
test,1
filler,1
excessive,1
platt,1
fence,1
joelle,1
friedrich,1
pastorelli,1
binder,1
fairbanks,1
murard,1
spencerism,1
neurauter,1
policemen,1
weinberg,1
fenici,1
laurence,1
bunis,1
religiosa,1
horn,1
mufti,1
dritter,1
winfried,1
ingegno,1
dobson,1
bemerkungen,1
auge,1
collective,1
monika,1
diplomate,1
lii,1
desensibilisierung,1
ricardo,1
being,1
strain,1
verba,1
pleshkov,1
angers,1
scare,1
statistics,1
gedaichtnis,1
arbeitenden,1
bernd,1
theo,1
lanham,1
uprising,1
trakatellis,1
kecskemeti,1
emancipation,1
anticlericalism,1
dieu,1
durch,1
egan,1
smirnova,1
jordanian,1
bishop,1
theologian,1
pavone,1
geografica,1
legislation,1
penology,1
newspaper,1
hexenkrieg,1
domna,1
physician,1
coding,1
toaff,1
bid,1
rassismus,1
lawn,1
sociopolitical,1
mayer,1
aufklarung,1
prensa,1
status,1
bretas,1
starhemberg,1
jerouschek,1
bowman,1
historian,1
blackface,1
polity,1
definitions,1
ali,1
drouin,1
thoma,1
natal,1
sabbateanism,1
table,1
statehood,1
kriuchkova,1
ironwork,1
urteil,1
josephine,1
leslie,1
ganim,1
norfolk,1
camille,1
diagnosing,1
fallet,1
wegen,1
mexicanos,1
dialogues,1
muniments,1
earth,1
arkansas,1
colleen,1
sillitoe,1
wolffe,1
sociedad,1
hywel,1
kuinstlichen,1
kuprian,1
kentucky,1
published,1
responses,1
dombroski,1
solution,1
luzzattiana,1
microstoria,1
skocpol,1
pedagogy,1
fiscale,1
vietnamese,1
ferris,1
davison,1
veneziano,1
mohanty,1
australia,1
correct,1
kaschuba,1
kultur,1
rationalisation,1
hard,1
positions,1
no,1
be,1
manners,1
wahrmundaffare,1
schreiben,1
sparke,1
responsibility,1
familles,1
innenund,1
ambassador,1
abelard,1
louisiana,1
lee,1
paesi,1
straight,1
honey,1
ministros,1
ambrose,1
protest,1
nine,1
guardians,1
sam,1
devotional,1
son,1
baciocchi,1
politically,1
andreas,1
intellectuals,1
strukturen,1
medievale,1
cabrera,1
tchen,1
emory,1
fuentes,1
pasquinucci,1
judet,1
heart,1
concernant,1
rairansi,1
event,1
damonisierung,1
libertinism,1
fleischman,1
bernardo,1
opportunists,1
kydones,1
berg,1
kippur,1
nationalismus,1
smoothbore,1
contingency,1
republicains,1
crockwell,1
iris,1
chamberlain,1
decay,1
gramsci,1
pasquale,1
separazione,1
luisa,1
notariales,1
mitchel,1
micaela,1
vanden,1
krick,1
notwendig,1
fawaz,1
brundage,1
avesani,1
disaster,1
saudi,1
hult,1
nachspiel,1
woroby,1
decline,1
vacuum,1
maitres,1
codes,1
revels,1
amerikanischen,1
eleuthere,1
motherhood,1
norris,1
glenna,1
hor,1
brown,1
lordship,1
mechanic,1
luoghi,1
customary,1
mieses,1
augustan,1
wirtschaftliche,1
chow,1
ciudadania,1
through,1
gillette,1
lisbonne,1
news,1
eunan,1
clothing,1
approach,1
origini,1
erika,1
mahdia,1
classiques,1
autopsia,1
mcclymer,1
prakash,1
chaplain,1
ta,1
peculiarly,1
mccord,1
scolar,1
naturphilosophie,1
enquetes,1
results,1
reluctant,1
annemarie,1
rowman,1
espoirs,1
roots,1
annali,1
joel,1
intransigence,1
startling,1
florida,1
seaside,1
zylberman,1
inediti,1
trom,1
voices,1
bandits,1
gross,1
monetaria,1
lincoln,1
fortsetzung,1
separate,1
macdonald,1
monarchy,1
interetnica,1
laurie,1
actions,1
discontents,1
shots,1
coca,1
gerardi,1
socialistes,1
behalf,1
criminalis,1
frontera,1
pope,1
lend,1
anson,1
judaism,1
input,1
dickhaus,1
heimann,1
favourites,1
erik,1
gedachtnisses,1
africanamericans,1
will,1
janice,1
sidney,1
problematique,1
battle,1
critical,1
uncommon,1
bighorn,1
fredrick,1
therefore,1
sciascia,1
gilderhaus,1
affaire,1
degros,1
cerdanya,1
philosophische,1
nationalsozialismus,1
edith,1
he,1
revisionist,1
rainer,1
sail,1
israeli,1
lieberman,1
prolegomena,1
vigier,1
epoque,1
dall,1
equality,1
reichsnation,1
modalidades,1
schlozman,1
ridge,1
fradera,1
stuttgart,1
bells,1
lerer,1
lingue,1
politico,1
noble,1
organizations,1
boulder,1
lavieri,1
participation,1
littlefield,1
marketplace,1
populations,1
giolittiana,1
felonious,1
unification,1
federale,1
lynn,1
quella,1
romano,1
rabbi,1
deists,1
drama,1
garrison,1
fabricants,1
essex,1
exile,1
colson,1
seh,1
diego,1
theodosius,1
tide,1
mechthild,1
shim,1
micromecanique,1
forward,1
harris,1
spencer,1
sebesta,1
coleman,1
framing,1
confessionalism,1
ignacio,1
portland,1
promise,1
levelque,1
ferrovie,1
warner,1
oorschot,1
tenda,1
magri,1
orandi,1
hershkowitz,1
mcnickle,1
dauphinais,1
lex,1
bele,1
allen,1
weary,1
fabriques,1
humains,1
brien,1
goliath,1
hexenprozess,1
lebenden,1
niederlandisch,1
interactions,1
domination,1
lights,1
amatzia,1
woods,1
yoram,1
waldo,1
storico,1
studien,1
ternavasio,1
zusammenbruch,1
benbassa,1
selbst,1
petit,1
tradiciones,1
modes,1
newton,1
vicende,1
gablerhover,1
schlesinger,1
resurrection,1
ambivalences,1
strategic,1
airplane,1
betray,1
ware,1
zeal,1
hebblethwaite,1
geiger,1
yosef,1
sedek,1
riches,1
vie,1
single,1
xvie,1
alchon,1
grelon,1
approaches,1
asile,1
staat,1
fascism,1
schrodinger,1
about,1
robin,1
golitzin,1
handschlag,1
individuazione,1
decorative,1
gideon,1
giustiniana,1
dole,1
quina,1
europea,1
prepare,1
halpin,1
jupons,1
hoffmann,1
tulchin,1
miscellany,1
germanspeaking,1
selling,1
papiers,1
interpretation,1
victor,1
joyner,1
svevi,1
patton,1
mein,1
kingston,1
matschke,1
dontas,1
opportunities,1
concerns,1
nuove,1
kantorowicz,1
deus,1
karcher,1
marginal,1
emigrants,1
neves,1
tedeschi,1
sermoneta,1
bierce,1
mission,1
mansour,1
popolamento,1
tamara,1
tradizione,1
proksch,1
insediamento,1
clash,1
jahre,1
specifics,1
ellwood,1
rabi,1
us,1
iberoamerica,1
bulgarie,1
reconciliation,1
boites,1
communs,1
guerra,1
pelly,1
jens,1
odds,1
margit,1
assimilation,1
politiques,1
morez,1
cass,1
sociales,1
debito,1
counterinsurgency,1
omar,1
kaspar,1
orders,1
eros,1
assistance,1
illuminated,1
kalaora,1
shock,1
wallis,1
grassi,1
lazare,1
ariel,1
exegetical,1
nw,1
hart,1
ruprecht,1
kulturnation,1
spann,1
ddr,1
wright,1
iranian,1
shafeeq,1
but,1
trettler,1
suvich,1
balch,1
cosmica,1
petiteau,1
definition,1
kurfuirstentum,1
these,1
parties,1
krige,1
essai,1
delaware,1
communal,1
polychromy,1
auerbach,1
tars,1
stolleis,1
sogrin,1
olah,1
traduzione,1
florey,1
degrees,1
mich,1
vermont,1
williams,1
ema,1
rise,1
auschwitzbirkenau,1
johann,1
strata,1
fawcett,1
filmmaker,1
morke,1
genoese,1
cecilianum,1
independent,1
irishmen,1
disciplinary,1
huot,1
modernismusdiskussion,1
longer,1
testimony,1
sigurdsson,1
mimesis,1
fabulous,1
party,1
balancing,1
gatt,1
verfolgt,1
appo,1
transports,1
fanny,1
francoeuropean,1
more,1
museums,1
allemagne,1
sufragio,1
mona,1
sabato,1
integrations,1
disengagement,1
pci,1
aspect,1
layton,1
mobilisierung,1
repairs,1
ackermann,1
heritage,1
chantal,1
carolyn,1
olivares,1
cygan,1
maier,1
strike,1
figure,1
girls,1
nationalists,1
saccae,1
preface,1
others,1
riordan,1
fouquet,1
locating,1
knowing,1
herzen,1
chuck,1
meagher,1
rocking,1
roeck,1
angeliki,1
europeens,1
zions,1
inquisition,1
hauff,1
badenischen,1
financial,1
paine,1
doyle,1
aftertaste,1
patti,1
paulson,1
notebooks,1
coturri,1
toleranz,1
registration,1
decor,1
entreprise,1
sibley,1
williamite,1
georgian,1
sixth,1
lega,1
radicals,1
hommes,1
strictness,1
enrico,1
luis,1
stories,1
cartwright,1
racisms,1
inszenierungen,1
refugee,1
penkower,1
cour,1
agrarian,1
areas,1
bourgeoisie,1
ludtke,1
clarendon,1
tillich,1
pologne,1
nacionalismo,1
minnesota,1
causa,1
lani,1
rabinovitz,1
lucia,1
genaro,1
instituto,1
bereichert,1
constantinos,1
confederacy,1
nathan,1
striking,1
witnesses,1
appiah,1
paderborn,1
sanctions,1
mondo,1
bogge,1
rabinbach,1
choice,1
seconda,1
glories,1
virtuosa,1
castro,1
threats,1
grave,1
epilogue,1
grec,1
behringer,1
reconfigurations,1
connell,1
tours,1
never,1
uncle,1
affdren,1
edizione,1
dorflicher,1
starfield,1
plan,1
fredell,1
contemporary,1
canizares,1
disillusionment,1
complaints,1
conventual,1
ironic,1
anthropologen,1
convertieetude,1
golden,1
marrus,1
ohlmeyer,1
governi,1
mohamed,1
ditmann,1
primo,1
ricerche,1
anglian,1
ledger,1
advocacy,1
woolston,1
interazione,1
another,1
wirkliche,1
habban,1
lebst,1
bargaining,1
devil,1
docks,1
psychologists,1
anthropologist,1
granada,1
tocqueville,1
vergottini,1
cup,1
biblioteca,1
militarfeiern,1
leviathan,1
topp,1
zanden,1
dominion,1
wild,1
hand,1
sherilyn,1
present,1
gaston,1
geography,1
venizelos,1
journalists,1
proletariat,1
imperatives,1
preliminari,1
bauer,1
darf,1
gaelic,1
secular,1
xiiie,1
ciarkn,1
sergio,1
disjointoie,1
dorothy,1
oregon,1
bono,1
pagden,1
osterberg,1
florence,1
muster,1
jotte,1
karl,1
reader,1
stan,1
topalov,1
jenny,1
mitterrand,1
klein,1
lion,1
istituzionali,1
universelle,1
tell,1
foreword,1
defense,1
gundle,1
anglicans,1
kaiser,1
studium,1
piety,1
randgebieten,1
scotr,1
bilan,1
hexeninquisitors,1
barbie,1
fiori,1
sensibilitatsgeschichte,1
oliveri,1
difesa,1
native,1
hankins,1
belief,1
horloger,1
hexenwahn,1
rlzzo,1
beendigung,1
controversy,1
agulhon,1
alle,1
arcamone,1
redressing,1
jener,1
gasiorowski,1
streets,1
shifts,1
meditation,1
martens,1
nied,1
antichrist,1
machiavelli,1
liigt,1
woodman,1
cedar,1
historiographical,1
cumings,1
cornwall,1
everywhere,1
italiane,1
imperio,1
kritische,1
agenda,1
larger,1
steine,1
monkkonen,1
benedetto,1
habitat,1
funny,1
interpreting,1
noch,1
heywood,1
sir,1
notarili,1
original,1
appendice,1
epistolario,1
matrix,1
need,1
wahlgren,1
freehling,1
criteri,1
horizon,1
understanding,1
mediale,1
lauren,1
inspectrices,1
nutrition,1
rob,1
hackett,1
kathleen,1
piccolomini,1
demonstrationskultur,1
alltagswelt,1
churches,1
regius,1
disease,1
nantaise,1
lenman,1
magistrature,1
ets,1
cibourg,1
metaphysical,1
beweisen,1
pensiero,1
doomed,1
gillingham,1
gerbet,1
biagini,1
matthews,1
values,1
slaves,1
odyssey,1
tolomeo,1
haltung,1
cea,1
giles,1
terrae,1
saber,1
keating,1
narbonne,1
conversione,1
nationalstaaten,1
hocery,1
imprints,1
rehabilitation,1
francia,1
gresset,1
discrediting,1
judaica,1
orality,1
leoncio,1
warrior,1
quest,1
identification,1
theriot,1
wonder,1
soggettivi,1
elections,1
garza,1
asian,1
balcanicos,1
providence,1
prak,1
use,1
wanzenjournalismus,1
rigele,1
ordnungspolitische,1
estatal,1
chemistry,1
padrones,1
station,1
mythos,1
mysticism,1
fleck,1
costigliola,1
prospective,1
thaur,1
joham,1
aesthetics,1
oaths,1
peu,1
caselli,1
touitou,1
franca,1
band,1
ezra,1
chiaramonti,1
ideas,1
mcmillan,1
pleasure,1
yorkshire,1
borghesi,1
bitter,1
militarism,1
gcc,1
hieb,1
stoler,1
karpov,1
jusqu,1
aldo,1
bourgogne,1
salvador,1
like,1
canon,1
services,1
crimea,1
fer,1
favier,1
voice,1
which,1
frame,1
constitutionalism,1
amateurism,1
sees,1
cibotti,1
reseaux,1
office,1
nowt,1
heslin,1
finanzioario,1
occidentale,1
peg,1
freethinking,1
lola,1
catherine,1
handeln,1
cecilian,1
vii,1
weindling,1
emporung,1
economiche,1
politicosociale,1
militaristic,1
isaiah,1
topologici,1
verflechtung,1
sempringham,1
meanings,1
sordi,1
biblical,1
inesistente,1
indictments,1
karlfried,1
symeon,1
lsufragio,1
andrews,1
leanard,1
modem,1
jose,1
rektoren,1
peril,1
mulino,1
machtinstrument,1
scandinavia,1
toponomastiche,1
fondamentali,1
carnival,1
ouvrieve,1
voto,1
nora,1
weir,1
fragen,1
cambio,1
internazionale,1
carucci,1
lady,1
wiedererlangten,1
ambasciatore,1
erven,1
savoye,1
harm,1
vt,1
symposium,1
professionalization,1
rulers,1
controversies,1
pepi,1
pride,1
parisienne,1
philipp,1
obrascleitisicria,1
schutz,1
collaboration,1
rituale,1
leurs,1
curro,1
grundlingh,1
reformers,1
stockade,1
summer,1
hammer,1
seagull,1
creating,1
high,1
arbel,1
parlent,1
monairquico,1
mexico,1
dialetto,1
nunziatura,1
kesich,1
rambousek,1
course,1
hurts,1
descat,1
mathis,1
kristin,1
familiaux,1
loeb,1
benjamin,1
caskandal,1
plo,1
standard,1
landauer,1
ix,1
elusive,1
sally,1
territorial,1
shiriayev,1
virrorio,1
antico,1
aidan,1
imagination,1
ere,1
selassie,1
communists,1
educational,1
migrants,1
conclusions,1
facing,1
written,1
debouzy,1
wilkins,1
outcomes,1
lacopo,1
chemin,1
mining,1
parallel,1
uricchio,1
waardt,1
bernadette,1
glenn,1
manfried,1
kendall,1
pujades,1
stein,1
attentats,1
dirlmeier,1
successful,1
ornaments,1
mayr,1
theda,1
wise,1
propos,1
ann,1
mccaffrey,1
avpri,1
piemontese,1
ruggeri,1
goodwyn,1
espaniol,1
toledanos,1
imperatori,1
lurid,1
criminology,1
procesos,1
artisans,1
gerd,1
capitalism,1
communaute,1
staatskrise,1
notaras,1
prosopographie,1
troyanovskaya,1
heuvel,1
imposture,1
gyan,1
earl,1
familiale,1
hoppenstand,1
borrowings,1
pepper,1
troubadours,1
versus,1
udo,1
willen,1
estero,1
amateur,1
destruction,1
industrialization,1
connections,1
inedite,1
adorno,1
niko,1
jahrhundertwende,1
balkans,1
walsh,1
gemeinschaft,1
monarchie,1
limites,1
princiere,1
sandra,1
gynaecology,1
mohnhaupt,1
satire,1
ashcraft,1
presso,1
nationalfeiertage,1
tomaso,1
formando,1
logistics,1
netzer,1
division,1
stereotypes,1
cary,1
giunta,1
piretti,1
depuis,1
translator,1
academies,1
estrella,1
ruined,1
kunz,1
crise,1
pohl,1
heinz,1
dogs,1
seaux,1
proprietario,1
bravo,1
mequbbal,1
interned,1
nationalen,1
gumbrecht,1
unknown,1
laiou,1
panel,1
front,1
tesoro,1
memorial,1
negotiations,1
lo,1
lysias,1
eugtne,1
melvyn,1
primi,1
mechanics,1
privilegio,1
browne,1
circle,1
juden,1
kabbalah,1
peers,1
dautry,1
grammar,1
courting,1
medioevali,1
streit,1
else,1
opening,1
immerman,1
edizioni,1
bureau,1
wisdom,1
poet,1
minera,1
dokkum,1
provide,1
ciaran,1
axton,1
xivth,1
within,1
invasion,1
commemoration,1
shpotov,1
thor,1
amherst,1
service,1
grotesk,1
guntau,1
outsiders,1
populist,1
vision,1
ideology,1
arnaud,1
etatsunis,1
sides,1
lavoro,1
fear,1
beschaftigungspolitik,1
roast,1
albion,1
bryan,1
tony,1
burghers,1
exorzismus,1
autogoverno,1
kallistos,1
unplanned,1
television,1
andean,1
koinonia,1
clogan,1
gestrich,1
lombardi,1
hilda,1
watson,1
male,1
zancani,1
koerner,1
psychopathologie,1
revisionism,1
disney,1
dulles,1
guirao,1
universals,1
intersection,1
dai,1
annie,1
ernestine,1
emigrazione,1
unser,1
morons,1
seventeenth,1
wiebe,1
freedman,1
parigi,1
laotians,1
devlin,1
economists,1
julia,1
chalcedon,1
visual,1
ayurvedic,1
tangier,1
siculorum,1
er,1
chetrit,1
inventor,1
hsia,1
franzosisches,1
mustache,1
synglitico,1
expert,1
siavoshi,1
wilhelm,1
moritz,1
volumes,1
afrikaner,1
schoolteachers,1
literacy,1
methods,1
sammelbandes,1
galenism,1
pius,1
jesuits,1
construction,1
rosanna,1
puritans,1
techniciens,1
spotlight,1
tre,1
hope,1
royster,1
frontier,1
juristenfakultaten,1
sheila,1
charlottesville,1
olandesi,1
courage,1
froehlich,1
stuff,1
domenach,1
kingdoms,1
oreg,1
madison,1
anarchy,1
frijhoff,1
canada,1
mckivigan,1
publica,1
unusual,1
siciliana,1
martz,1
italiani,1
bingham,1
obrigkeit,1
specialisee,1
bad,1
dettelbach,1
unanticipated,1
varsori,1
whichard,1
dickinson,1
biology,1
feros,1
megaskandal,1
frankreichs,1
hancock,1
serena,1
mijnhardt,1
minas,1
crossman,1
convenzioni,1
cannon,1
shaw,1
boris,1
nebst,1
kwame,1
duncan,1
seriously,1
monti,1
personnels,1
victoria,1
shadow,1
idel,1
shelley,1
gelman,1
jock,1
postmodernism,1
conocimiento,1
haywood,1
elteren,1
malory,1
etudiants,1
mordecai,1
berkner,1
tillard,1
tuscaloosa,1
prehistory,1
anthropologie,1
baatrice,1
ethnological,1
chadd,1
sidelines,1
hampshire,1
renelevy,1
osservazioni,1
contre,1
padilla,1
morbus,1
postboer,1
grand,1
ve,1
wives,1
ukrainian,1
rashi,1
athens,1
curtius,1
kocka,1
blom,1
wear,1
bailer,1
coward,1
labourism,1
cocke,1
heterodox,1
tod,1
fran,1
counterrevolution,1
sekules,1
democracies,1
soggettive,1
potter,1
bonaparte,1
migliardi,1
known,1
isaac,1
truman,1
aryeh,1
renzo,1
autore,1
labouvie,1
dieses,1
taves,1
farquhar,1
konzeption,1
critici,1
stitt,1
practicas,1
copeland,1
hatte,1
md,1
bullen,1
brookfield,1
inszenierung,1
text,1
chastagner,1
meat,1
dispossession,1
equipment,1
vanderwood,1
cincinnati,1
creations,1
eerdmans,1
lorenza,1
margaretha,1
minerals,1
stefania,1
luiten,1
smithsonian,1
precepteurs,1
nationales,1
comparative,1
administracion,1
laqov,1
rurales,1
wilmington,1
diesem,1
rezeption,1
alistair,1
korean,1
stiirgkh,1
essaouira,1
force,1
angles,1
aron,1
ich,1
nouvelle,1
antonello,1
blair,1
utes,1
andregounot,1
dorinda,1
fernando,1
vy,1
danielle,1
buenger,1
medicas,1
folger,1
ingrid,1
meta,1
monthly,1
maine,1
readily,1
finance,1
specialise,1
morrell,1
wiesebron,1
rudwick,1
airbus,1
hodder,1
reversal,1
regionalism,1
methodist,1
journalist,1
commission,1
jorge,1
save,1
meeja,1
realite,1
merry,1
areopagita,1
fatta,1
gonzalez,1
bologna,1
trawick,1
ahr,1
howl,1
bailo,1
print,1
ruffin,1
internazionali,1
serialization,1
shane,1
louisa,1
kasemir,1
temper,1
wall,1
nights,1
cardini,1
universal,1
wolfe,1
midelfort,1
jorg,1
kianka,1
cardinale,1
allied,1
scholnick,1
textuality,1
jaroslav,1
tartakowsky,1
alcain,1
homme,1
brothers,1
newman,1
unter,1
ayurveda,1
bastos,1
faszination,1
mailed,1
wilkinson,1
huff,1
nouvelles,1
sustaining,1
transition,1
powell,1
very,1
rudini,1
rearmament,1
attractions,1
wenn,1
xxii,1
mineo,1
precomunale,1
benefit,1
mori,1
jennifer,1
bunch,1
associations,1
cities,1
integrazione,1
adler,1
virgoe,1
jago,1
inge,1
schiebinger,1
debatte,1
protect,1
affaren,1
saberes,1
conrad,1
living,1
ashworth,1
crumpacker,1
elites,1
fourcaut,1
better,1
cubitr,1
mel,1
feminist,1
industries,1
manfred,1
antonette,1
consolari,1
biogeography,1
sie,1
kendrick,1
ladies,1
crusaders,1
dismissal,1
born,1
romero,1
seligen,1
wit,1
alfonso,1
conrath,1
topaz,1
rodrigue,1
patricians,1
recollections,1
nenner,1
eben,1
welts,1
palatine,1
spates,1
seals,1
avner,1
burns,1
wilken,1
changed,1
bom,1
saunders,1
rose,1
fairness,1
sponheimischen,1
mondiale,1
cambodians,1
disgraced,1
rebellion,1
maryland,1
leffler,1
marche,1
rosaiia,1
plural,1
democratisation,1
sociology,1
budgets,1
naturaleza,1
jersey,1
trotti,1
palmieri,1
strawberry,1
latins,1
finanziaria,1
faucigny,1
amministrazione,1
san,1
saint,1
bibelauslegung,1
oxbridge,1
mysteriose,1
redemption,1
refoundation,1
colafemmina,1
erfahren,1
benoit,1
act,1
greenspan,1
angela,1
instrument,1
dream,1
forma,1
propaganda,1
haustein,1
bitossi,1
illustrated,1
cacioli,1
avrom,1
patriotism,1
mythe,1
brennt,1
bilu,1
mariemadeleine,1
kuropiatnik,1
gouvernement,1
summers,1
cola,1
baines,1
rapports,1
guia,1
project,1
groben,1
origenes,1
melancholy,1
etablissage,1
twentiethcentury,1
rodolfo,1
desperate,1
indifference,1
emblematic,1
allamong,1
refiguring,1
hindurch,1
listed,1
reorganization,1
quincy,1
mitad,1
terre,1
bosnia,1
premesse,1
spagna,1
einfuhrung,1
chryssa,1
jaitner,1
mahren,1
gateway,1
espagne,1
nyhart,1
universe,1
ses,1
chauviere,1
periodicals,1
wissenschaftlich,1
spaces,1
concepcion,1
burden,1
both,1
photosynthesis,1
stern,1
zentralen,1
portraits,1
hal,1
tent,1
trapanese,1
paintings,1
epithet,1
espafia,1
larsen,1
teufel,1
nationalisation,1
elias,1
probing,1
consuetudines,1
apostle,1
bray,1
confessio,1
solidarity,1
strubhaar,1
meditations,1
emperor,1
sea,1
fair,1
historiographique,1
mibgeburt,1
bellenger,1
mangan,1
eleanor,1
beer,1
oriente,1
federico,1
hess,1
monarchs,1
famille,1
prophetic,1
approssimazioni,1
satloff,1
geschlossenheit,1
respectable,1
administration,1
step,1
olaf,1
reappraisal,1
investment,1
mineworkers,1
spiers,1
gang,1
collettivita,1
sectional,1
editi,1
goodfriend,1
yu,1
concernantes,1
toten,1
maderthaner,1
grobglocknerhochalpenstrabe,1
psychohistorie,1
arguments,1
riche,1
botany,1
manuela,1
ever,1
superpower,1
superpowers,1
archbishops,1
wei,1
diocese,1
twin,1
pourquoi,1
goals,1
nilsen,1
sistema,1
humorists,1
sumter,1
postcolonial,1
wilbois,1
krammer,1
spinelli,1
moderation,1
candle,1
volksnation,1
viel,1
frances,1
generale,1
webb,1
snyder,1
esposito,1
prison,1
durante,1
baxmann,1
burger,1
oedipus,1
yair,1
formation,1
idealism,1
xxe,1
milliardenschaden,1
theodoret,1
nicetas,1
zimmermann,1
ulrich,1
fioravanti,1
gilje,1
cosmopolitan,1
negro,1
backyard,1
background,1
years,1
euro,1
polituqes,1
racinet,1
economisti,1
poteri,1
stoneman,1
tenorth,1
talpade,1
representativo,1
nun,1
popularem,1
pott,1
jeanne,1
maitresse,1
negoce,1
kingdom,1
illinois,1
travelling,1
october,1
vorgetragenen,1
shahar,1
gustav,1
terrence,1
grant,1
lord,1
hussein,1
imperative,1
gentes,1
aspetti,1
taxation,1
weil,1
hofinger,1
gunning,1
dangerous,1
beatrice,1
unending,1
structuring,1
reimers,1
texas,1
faure,1
theodore,1
virtue,1
skandalrepublik,1
ebraiche,1
militargericht,1
mafiosi,1
crooked,1
davies,1
ferrell,1
bibliotecas,1
unified,1
occitan,1
liberality,1
randall,1
fondo,1
arti,1
regular,1
espaniola,1
volley,1
amazon,1
rivoluzione,1
communita,1
prosperity,1
clues,1
roberta,1
playing,1
colo,1
off,1
caribbean,1
limitations,1
levi,1
area,1
needell,1
schola,1
sussan,1
malcolm,1
latitudinarian,1
mainz,1
vecchia,1
classification,1
boudinot,1
heinzgerhard,1
asbeek,1
goodsell,1
marcello,1
loot,1
parlement,1
carr,1
vorstellungen,1
prost,1
abdul,1
usate,1
mehmed,1
holderness,1
psalm,1
suleiman,1
artisan,1
romanelli,1
best,1
iuber,1
mental,1
gunter,1
raid,1
tavola,1
postrevisionism,1
intervenieren,1
chambers,1
outram,1
ideologische,1
mason,1
themselves,1
garciaballester,1
straw,1
margareta,1
weber,1
therese,1
chinatown,1
commodity,1
gettysburg,1
lehman,1
aronowitz,1
cook,1
isbs,1
aragonese,1
conceptual,1
fonds,1
contrasting,1
formes,1
enterprise,1
cutters,1
texts,1
views,1
reproduction,1
civique,1
acieries,1
beef,1
gar,1
kiebling,1
valley,1
tardives,1
documentary,1
conjuncture,1
symbolischen,1
ingazeira,1
concetto,1
connolly,1
souls,1
machtverteilung,1
churchman,1
michigan,1
koreans,1
kleinhans,1
grace,1
fontenay,1
digest,1
anton,1
iniziativa,1
particularites,1
touriste,1
apport,1
arnold,1
should,1
nationaler,1
notarianni,1
stormed,1
metz,1
conversations,1
signals,1
castiglioni,1
manufactured,1
primera,1
lafeber,1
close,1
stifled,1
ecclesiastica,1
saliba,1
presentacion,1
willis,1
xxv,1
alltagsgeschichte,1
quimbo,1
trajkov,1
faction,1
werner,1
patrimoniali,1
