WORDCOUNTS,WEIGHT
the,406
of,285
to,158
in,152
and,130
a,120
that,109
is,99
i,70
it,64
not,58
historical,51
was,50
for,48
history,46
as,46
be,44
an,42
one,38
or,38
but,37
s,34
ahr,34
by,31
have,31
had,29
with,29
there,28
on,28
they,27
all,27
their,27
we,27
american,26
review,25
would,25
what,25
are,24
my,23
at,22
about,22
his,21
will,21
he,21
been,21
than,20
were,19
historians,19
some,19
our,19
no,18
more,18
which,17
so,17
past,17
much,17
has,16
this,16
being,15
its,15
volume,15
me,15
any,15
years,15
if,14
when,14
from,14
sloane,13
something,13
social,13
most,12
societies,12
because,12
sense,12
thought,12
other,11
june,11
address,11
ethnographic,11
these,11
present,11
science,11
could,10
out,10
do,10
local,10
made,10
william,10
ethnography,10
writing,10
ways,9
into,9
said,9
rather,9
p,9
think,9
way,8
first,8
great,8
political,8
human,8
just,8
too,8
boyd,8
us,8
only,8
many,8
can,8
professional,8
discourse,8
know,8
little,8
between,8
should,8
does,7
use,7
might,7
curti,7
hundred,7
such,7
say,7
x,7
how,7
state,7
time,7
essay,7
presidential,7
things,7
who,7
seem,7
categories,7
else,6
every,6
henry,6
those,6
greg,6
consciousness,6
far,6
even,6
sort,6
cultural,6
journals,6
people,6
own,6
scientific,6
make,6
read,6
dening,6
new,6
sometimes,6
quoted,6
through,6
world,6
editor,6
national,6
you,6
now,5
word,5
true,5
experience,5
take,5
adams,5
thing,5
find,5
important,5
reviews,5
well,5
having,5
reader,5
knowledge,5
around,5
matter,5
culture,5
see,5
write,5
like,5
lost,5
then,5
historian,5
must,5
did,5
very,5
hitler,5
come,5
done,4
medieval,4
commitment,4
e,4
english,4
h,4
easily,4
before,4
long,4
england,4
real,4
discipline,4
issue,4
beard,4
saying,4
right,4
facts,4
aha,4
floor,4
across,4
mean,4
suggested,4
war,4
sentence,4
however,4
used,4
work,4
already,4
irish,4
place,4
society,4
still,4
seeing,4
ancient,4
men,4
readers,4
relevant,4
perhaps,4
another,4
reality,4
thomas,4
why,4
methods,4
archaeology,4
intellectual,4
control,4
each,4
hale,4
them,4
form,4
theory,4
her,4
prudence,4
adolf,4
tell,4
croak,4
course,4
states,4
croakers,4
democracy,3
mostly,3
merovingian,3
merle,3
discover,3
live,3
library,3
cliometrics,3
modern,3
maybe,3
t,3
galton,3
seems,3
nature,3
atlantic,3
generalizations,3
croaker,3
signs,3
possible,3
author,3
against,3
century,3
narratives,3
moment,3
left,3
influence,3
may,3
german,3
myself,3
reason,3
university,3
cost,3
strategy,3
view,3
effort,3
intellectuals,3
let,3
nothing,3
clarke,3
basement,3
issues,3
remember,3
fiftieth,3
sake,3
stanley,3
always,3
annual,3
am,3
wrote,3
anniversary,3
criticism,3
makes,3
happened,3
tax,3
also,3
monks,3
really,3
end,3
man,3
stromberg,3
everyday,3
model,3
less,3
diocesan,3
unsigned,3
office,3
students,3
described,3
someone,3
him,3
after,3
article,3
mr,3
seen,3
recognize,3
united,3
itself,3
organization,3
over,3
blinkered,3
inquiry,3
living,3
nuer,3
whether,3
making,3
quote,3
belknap,3
easy,3
sitting,3
mode,3
dangerous,3
d,3
evidence,3
writer,3
presenting,3
charles,3
certainty,3
ends,3
editorial,3
difficult,2
librarian,2
limits,2
lovejoy,2
common,2
shelves,2
pierre,2
studies,2
spirit,2
gamble,2
observing,2
nice,2
file,2
foretelling,2
anything,2
sources,2
wrong,2
expertise,2
invention,2
vols,2
j,2
words,2
definition,2
down,2
roland,2
narrative,2
breezy,2
last,2
mind,2
date,2
greatly,2
robert,2
theodore,2
checked,2
system,2
courage,2
existence,2
roy,2
expenses,2
america,2
politics,2
activity,2
julian,2
richard,2
flank,2
fine,2
timothy,2
bottom,2
geertz,2
formula,2
beneath,2
plenty,2
urging,2
behavior,2
professionalism,2
surely,2
historically,2
helen,2
invaders,2
ability,2
honest,2
condescension,2
jeremy,2
uniformity,2
realization,2
unity,2
back,2
contrary,2
body,2
look,2
occasion,2
bittermann,2
rights,2
york,2
act,2
notion,2
stranger,2
heard,2
eight,2
b,2
parts,2
study,2
feel,2
essentials,2
space,2
means,2
changes,2
sorts,2
established,2
days,2
w,2
age,2
n,2
bourne,2
oron,2
m,2
myths,2
rule,2
ambition,2
called,2
strength,2
recently,2
taught,2
distinguish,2
story,2
calls,2
edn,2
scraps,2
macaulay,2
thoughts,2
gender,2
description,2
year,2
relevance,2
actually,2
rituals,2
call,2
personal,2
away,2
won,2
both,2
errors,2
sic,2
good,2
published,2
prefix,2
order,2
theater,2
modest,2
ravens,2
event,2
hanke,2
research,2
suddenly,2
up,2
progress,2
notes,2
westward,2
humanistic,2
rest,2
avoid,2
film,2
critics,2
moping,2
outsider,2
action,2
indeed,2
revolt,2
above,2
ask,2
traill,2
propensities,2
accident,2
borrowed,2
under,2
dewey,2
neither,2
same,2
moments,2
lewis,2
comfortable,2
law,2
book,2
put,2
smith,2
bourdieu,2
agree,2
oneself,2
hear,2
everything,2
arthur,2
patterns,2
where,2
income,2
books,2
flint,2
number,2
primarily,2
top,2
findings,2
ideas,2
hodgkin,2
dispiriting,2
trade,2
prickly,2
discovered,2
three,2
authors,2
sensitivity,2
profession,2
mandell,2
period,2
general,2
function,2
high,2
poetic,2
wish,2
segment,2
least,2
especially,2
systems,2
trying,2
become,2
narrow,2
james,2
probably,2
italy,2
henderson,2
robbins,2
need,2
invented,2
attention,2
european,2
fogel,2
relationship,2
note,2
wisdom,2
begin,2
elder,2
becomes,2
deposit,2
life,2
class,2
get,2
weeden,2
quantitative,2
kempis,2
neglected,2
liked,2
comes,2
series,2
quotes,2
creighton,2
dare,2
country,2
clifford,2
parable,2
share,2
save,2
half,2
current,2
wagner,2
report,2
advances,2
turned,2
according,2
scholarly,2
thirty,2
exhilarating,2
writes,2
contain,2
conference,2
presume,2
became,2
assumptions,2
taxpayer,2
question,2
idealism,2
models,2
touch,2
charts,2
finally,2
deduction,2
vital,2
piece,2
off,2
philosophy,2
balinese,2
needs,2
thousand,2
fears,2
views,2
pratt,2
stirp,2
meeting,2
fur,2
race,2
final,1
impossibility,1
go,1
humanism,1
page,1
accomplish,1
horizontal,1
estimated,1
declared,1
ambivalence,1
avoiding,1
modernists,1
concerned,1
later,1
meaning,1
groups,1
wonder,1
truth,1
dangers,1
legitimate,1
trans,1
kant,1
liberating,1
alone,1
totally,1
introduction,1
thriving,1
dogmatic,1
per,1
reflective,1
expect,1
group,1
center,1
complex,1
achievements,1
doom,1
illegal,1
fate,1
tend,1
designed,1
insertion,1
oratory,1
referring,1
divesting,1
convict,1
expenditure,1
outline,1
genius,1
satisfied,1
flows,1
wolf,1
ominous,1
considerations,1
streamed,1
collection,1
ideals,1
acceptance,1
mckinley,1
schoolrooms,1
western,1
committee,1
hysterical,1
necessarily,1
title,1
tells,1
unite,1
nineteenth,1
bend,1
relativism,1
pie,1
annals,1
immanent,1
permitted,1
adjective,1
expenditures,1
journeys,1
ethnographies,1
cutting,1
mast,1
aside,1
fraction,1
noble,1
nominate,1
eloquence,1
humble,1
baked,1
production,1
questions,1
interests,1
exaggerated,1
declaratory,1
give,1
walk,1
culturally,1
crippled,1
compliment,1
progression,1
prestigious,1
historiography,1
comedy,1
containing,1
stolen,1
possibilities,1
comparatively,1
oval,1
prejudices,1
knowing,1
tradition,1
monotonous,1
automobile,1
advantage,1
suggesting,1
daily,1
reasons,1
squat,1
plumb,1
accumulated,1
origin,1
able,1
farther,1
reveal,1
subdued,1
created,1
antiquarianism,1
delaying,1
religion,1
nationalism,1
integrate,1
temper,1
thatjohn,1
iconoclasm,1
skull,1
written,1
raised,1
immanuel,1
indulgence,1
reading,1
somewhat,1
behind,1
within,1
romanticism,1
lecturer,1
context,1
papers,1
legend,1
depends,1
british,1
americanism,1
nowhere,1
case,1
nearer,1
side,1
takes,1
dome,1
dr,1
eastern,1
courtesy,1
inspirers,1
assertions,1
capacity,1
blinkers,1
shafts,1
psycho,1
addresses,1
solving,1
design,1
jack,1
mythology,1
pagination,1
vol,1
italian,1
socialized,1
welcome,1
brings,1
howard,1
logical,1
chronicler,1
fortresses,1
reaching,1
vaguely,1
anarchist,1
election,1
april,1
bland,1
west,1
apart,1
invited,1
point,1
except,1
establishment,1
advocating,1
laws,1
exhorts,1
scandal,1
persecuted,1
dignity,1
lights,1
hazard,1
controlled,1
exist,1
prey,1
ferule,1
misfortune,1
vituperation,1
tyrannical,1
representations,1
roger,1
development,1
ethical,1
pursue,1
run,1
realized,1
embryonic,1
executives,1
de,1
offended,1
proto,1
corner,1
bodily,1
interest,1
forgotten,1
reflection,1
viewing,1
decided,1
chargeable,1
provides,1
topic,1
mild,1
fluids,1
learning,1
taste,1
tape,1
nor,1
old,1
cliometrician,1
foreheads,1
times,1
perspective,1
felt,1
differently,1
highest,1
response,1
restrict,1
holds,1
oxford,1
clicking,1
astuteness,1
continuous,1
consulted,1
traveler,1
mechanical,1
helpful,1
journal,1
uncomfortable,1
details,1
apparently,1
casement,1
chimera,1
generation,1
kubrik,1
sisters,1
impressions,1
adversary,1
error,1
quaint,1
poorly,1
depths,1
walls,1
jungles,1
newer,1
civilization,1
disbanded,1
poor,1
blackbirds,1
manipulated,1
recognized,1
legitimation,1
dangerously,1
without,1
heroes,1
statements,1
bring,1
destroy,1
main,1
generations,1
categorizing,1
edward,1
landscape,1
assassination,1
borrowing,1
befall,1
momentarily,1
presentation,1
process,1
communism,1
hitting,1
cockfight,1
arrangements,1
phrases,1
turn,1
importance,1
talk,1
certain,1
dwarfed,1
losing,1
boone,1
dialogue,1
pages,1
special,1
crillon,1
possess,1
uncertainties,1
bibliographical,1
sparsity,1
absorbed,1
precious,1
supposed,1
williamsburg,1
lives,1
worlds,1
presidents,1
kampf,1
eyelids,1
stringing,1
affect,1
wanted,1
praise,1
postmodern,1
barbarous,1
dichotomy,1
entry,1
statistical,1
familiar,1
literary,1
bit,1
liberal,1
byzantine,1
air,1
imitation,1
objectivity,1
contemporaries,1
nueritis,1
excitement,1
exploratory,1
instrument,1
inspiration,1
presumptions,1
stirps,1
origins,1
surface,1
beyond,1
wondering,1
followed,1
pickpocket,1
your,1
painted,1
belabors,1
asks,1
mutilation,1
answers,1
imminent,1
founding,1
respected,1
italics,1
amazing,1
reflections,1
thinks,1
descriptive,1
raw,1
opening,1
expressed,1
moving,1
standards,1
result,1
remembered,1
came,1
acceptable,1
assets,1
pflanze,1
migrant,1
farthest,1
appearance,1
histories,1
found,1
smell,1
color,1
cell,1
shaven,1
attack,1
archibald,1
treason,1
changed,1
subscribe,1
circa,1
criticisms,1
events,1
primacy,1
eddies,1
insisting,1
endeavor,1
strident,1
unsubstantiated,1
nail,1
flying,1
ethnographer,1
gaul,1
further,1
unauthoritative,1
embarrassing,1
irony,1
though,1
rent,1
blow,1
cliched,1
leonard,1
moore,1
persons,1
revive,1
eternally,1
scale,1
kissinger,1
record,1
doesn,1
dialectic,1
tension,1
feudal,1
professionals,1
method,1
creates,1
property,1
wants,1
criteria,1
colonies,1
gained,1
none,1
protected,1
line,1
alcohol,1
intense,1
scope,1
received,1
backwood,1
scuttlebutt,1
repetition,1
nearest,1
r,1
concept,1
significantly,1
neutrons,1
part,1
london,1
hereditary,1
costigan,1
marvel,1
related,1
loss,1
whole,1
trenchant,1
realm,1
gave,1
older,1
during,1
refined,1
policies,1
broad,1
records,1
structures,1
binding,1
forces,1
elegant,1
participate,1
showing,1
burden,1
assembly,1
polity,1
blinkering,1
count,1
either,1
columban,1
expended,1
tone,1
creating,1
tropes,1
nurture,1
commerce,1
giant,1
correct,1
describing,1
fulfilled,1
hard,1
field,1
below,1
brave,1
suggest,1
stage,1
straight,1
philosophers,1
dictionary,1
holes,1
politically,1
balloons,1
phrase,1
heart,1
submit,1
small,1
several,1
plagiarism,1
endowed,1
few,1
majestic,1
concerns,1
replace,1
scours,1
dramatic,1
massachusetts,1
boundaries,1
telling,1
impossible,1
core,1
salaries,1
necessity,1
resistance,1
proper,1
paid,1
credentials,1
french,1
flags,1
value,1
semiotically,1
finds,1
waiting,1
exclusive,1
activities,1
seemed,1
nations,1
reappear,1
transforming,1
south,1
sidney,1
analytic,1
critical,1
happen,1
risking,1
irs,1
likely,1
demand,1
reduced,1
request,1
nonetheless,1
fightingfor,1
exhaust,1
bringing,1
wary,1
concede,1
grand,1
happy,1
melbourne,1
labors,1
service,1
expansion,1
strangelove,1
tempted,1
limited,1
play,1
somebody,1
wait,1
inclusive,1
prowling,1
harris,1
islands,1
giovanni,1
beware,1
subscriber,1
object,1
etc,1
reduce,1
whatever,1
july,1
says,1
standing,1
unprecedented,1
movement,1
suppose,1
religious,1
croaking,1
positive,1
single,1
metric,1
collect,1
wholesome,1
pacific,1
deflated,1
antiquarian,1
interpretation,1
reference,1
mein,1
opportunities,1
appleman,1
security,1
added,1
fights,1
serve,1
east,1
evolved,1
subcategories,1
haskins,1
restricted,1
emplotted,1
contemplation,1
jay,1
home,1
extravagant,1
extinction,1
modestly,1
gendering,1
complete,1
keeping,1
ed,1
ethnoat,1
subdivisions,1
indian,1
reprint,1
verbalized,1
industrial,1
alien,1
two,1
department,1
reports,1
emotional,1
goodness,1
mythologizing,1
gravitation,1
williams,1
inheritance,1
disciplinary,1
fill,1
wightman,1
routes,1
lamb,1
museums,1
recall,1
idea,1
skill,1
temporarily,1
power,1
frederick,1
stated,1
readjustment,1
toward,1
again,1
others,1
death,1
punish,1
restaurants,1
christ,1
europe,1
responsibilities,1
towards,1
exhilarated,1
disclaim,1
performance,1
analytical,1
burgundy,1
usefulness,1
persuasion,1
fact,1
outside,1
twenty,1
troubled,1
scholars,1
creative,1
appeared,1
documents,1
match,1
abstract,1
witnesses,1
murphy,1
plasm,1
choice,1
sciencing,1
inevitably,1
grave,1
break,1
warning,1
ethno,1
remain,1
contemporary,1
doubt,1
claimed,1
considerable,1
verbosity,1
remark,1
beliefs,1
simple,1
fear,1
rhetoric,1
rechauffe,1
channel,1
prudential,1
forms,1
enough,1
inexact,1
hand,1
consciously,1
learn,1
disempowering,1
geography,1
overemphasis,1
orthodoxy,1
axes,1
renaissance,1
answer,1
until,1
sorry,1
homer,1
council,1
stirred,1
explicit,1
squirm,1
material,1
buckish,1
deep,1
abstainer,1
simplicity,1
invitation,1
native,1
remarked,1
style,1
explicitly,1
enviously,1
scant,1
remove,1
fight,1
minded,1
sir,1
original,1
meetings,1
taped,1
zation,1
understanding,1
lap,1
diverse,1
admits,1
inviting,1
examples,1
birth,1
cambridge,1
discovery,1
liberates,1
stuck,1
upon,1
values,1
augustus,1
helps,1
readjust,1
meals,1
transformed,1
including,1
deserts,1
looking,1
medium,1
concern,1
lecture,1
expression,1
confidence,1
raven,1
determining,1
largely,1
rivers,1
francis,1
assume,1
worse,1
morality,1
vocabulary,1
band,1
flashed,1
locks,1
ethnic,1
quantifiers,1
styles,1
cooked,1
engaged,1
services,1
individuals,1
nixon,1
aesthetic,1
sees,1
optimistic,1
bismark,1
theoretical,1
seamy,1
suffuse,1
low,1
meanings,1
clear,1
urbana,1
philology,1
distracted,1
moral,1
andrews,1
language,1
sustain,1
peter,1
painter,1
august,1
individual,1
vocationalism,1
david,1
allowed,1
change,1
belongs,1
premium,1
played,1
distinction,1
humbling,1
conversation,1
chastening,1
black,1
expressing,1
bemoan,1
never,1
quick,1
gets,1
faith,1
witness,1
conclusions,1
sanity,1
labels,1
problems,1
eyes,1
newspapers,1
allusion,1
craft,1
viscid,1
sight,1
wise,1
displayed,1
effect,1
sentiments,1
isolating,1
infuse,1
prefatory,1
percent,1
preand,1
guess,1
looked,1
streams,1
ago,1
theatrical,1
regimes,1
decay,1
awaiting,1
justice,1
observational,1
trivialized,1
revolution,1
entertainment,1
indication,1
fifty,1
depressed,1
liberalism,1
lo,1
christian,1
monstrous,1
croakerism,1
peers,1
today,1
raise,1
tentative,1
fairly,1
stream,1
five,1
foreign,1
inculcated,1
practical,1
practitioners,1
maps,1
ominously,1
confused,1
pieces,1
marthaj,1
unwarranted,1
prudent,1
rpt,1
lines,1
attitude,1
institutions,1
slow,1
sensitive,1
directions,1
collections,1
castles,1
privileges,1
returned,1
visual,1
understand,1
tragedy,1
suggestions,1
try,1
countries,1
volumes,1
poetics,1
amusement,1
reconsider,1
often,1
pristine,1
fall,1
monotone,1
win,1
frontier,1
kings,1
education,1
sympathy,1
widest,1
articles,1
intrude,1
grounded,1
investigate,1
attachment,1
meant,1
tribe,1
tentativeness,1
detail,1
bates,1
proof,1
vigor,1
authorities,1
culturing,1
dictator,1
thinking,1
proceed,1
practice,1
believed,1
teapot,1
ripper,1
fingerprinting,1
conclusion,1
flattering,1
colonists,1
peoples,1
throw,1
ve,1
rankean,1
constituted,1
satisfying,1
symbolic,1
known,1
physical,1
supported,1
borrow,1
spots,1
peregrini,1
kraus,1
pt,1
set,1
prurient,1
dualism,1
counselor,1
immured,1
respecting,1
natural,1
deficiencies,1
monthly,1
sure,1
anthropology,1
cultures,1
tongue,1
different,1
worth,1
bless,1
board,1
believe,1
ebenezer,1
capital,1
celebratory,1
best,1
pragmatic,1
allurements,1
propaganda,1
intrusion,1
eugenics,1
scans,1
iii,1
thoroughness,1
themselves,1
imprudence,1
brutally,1
associations,1
proclaiming,1
stamped,1
works,1
scores,1
february,1
caricature,1
better,1
respect,1
concrete,1
clarity,1
psyches,1
beginning,1
confess,1
knows,1
suffering,1
wit,1
unlikely,1
enjoyment,1
basics,1
proceedings,1
settled,1
terms,1
rising,1
want,1
cause,1
particular,1
trope,1
metaphor,1
hoped,1
evaporating,1
map,1
mere,1
platonic,1
warn,1
problem,1
dream,1
listen,1
getting,1
while,1
baillieu,1
pursued,1
secure,1
early,1
noticed,1
balance,1
precedent,1
almost,1
apartment,1
minimal,1
agreed,1
psychology,1
virginia,1
threat,1
idzerda,1
freedom,1
art,1
travel,1
middle,1
circumstantiality,1
popular,1
empowering,1
wandering,1
hindsight,1
certainties,1
tent,1
varieties,1
occasionally,1
circumstances,1
trivial,1
pain,1
peace,1
snide,1
city,1
altogether,1
strangers,1
labyrinthine,1
invitations,1
inaugurated,1
giving,1
subject,1
disciplines,1
lies,1
ducking,1
vertically,1
confronted,1
anarchism,1
shiver,1
connotation,1
colonial,1
challenges,1
gain,1
coming,1
toiling,1
remarks,1
energies,1
spells,1
shores,1
disadvantages,1
grace,1
formation,1
centennial,1
moderate,1
shown,1
imprudent,1
defends,1
commercial,1
instructive,1
argument,1
julius,1
lands,1
illinois,1
twentieth,1
conditions,1
thanking,1
catch,1
vernacular,1
harm,1
crisis,1
sat,1
depressing,1
documentation,1
contributed,1
offer,1
instead,1
although,1
define,1
throat,1
upside,1
aristotelian,1
partisanship,1
tobacco,1
area,1
summary,1
garrisoning,1
observation,1
wondered,1
potential,1
news,1
engerman,1
compunction,1
actions,1
mccarthy,1
exhaustive,1
mystery,1
rejection,1
scholarship,1
chicago,1
digging,1
debate,1
slang,1
create,1
dark,1
abroad,1
given,1
librarians,1
victorian,1
souls,1
among,1
whenever,1
vulgar,1
famous,1
cross,1
virtue,1
resembled,1
loyalties,1
asked,1
doing,1
adorn,1
mistaken,1
happiest,1
otto,1
costly,1
grants,1
