WORDCOUNTS,WEIGHT
the,850
of,641
and,444
in,358
to,254
a,239
sensibility,163
american,146
was,116
for,114
s,92
that,90
new,89
on,89
his,88
as,85
andre,79
with,75
war,72
it,56
british,53
by,51
from,51
john,50
had,49
october,44
york,44
he,44
history,42
see,41
an,40
pennsylvania,40
culture,36
were,36
at,35
military,35
this,35
hamilton,34
revolution,34
army,34
philadelphia,33
officers,33
sentimental,32
french,32
is,31
but,29
not,29
be,29
historical,28
review,27
london,27
man,26
one,25
magazine,25
end,25
february,25
america,24
revolutionary,23
they,23
political,23
ed,23
gazette,23
journal,22
their,22
start,22
early,22
major,22
papers,21
too,21
also,21
november,21
j,21
or,21
which,21
washington,21
general,21
have,21
such,20
officer,20
its,20
men,20
him,20
independence,20
c,20
arnold,20
all,19
letters,19
these,19
more,19
feeling,18
society,18
alexander,18
than,17
sarah,17
knott,17
late,17
sentiment,17
we,17
been,17
continental,17
i,16
n,16
public,16
wayne,16
so,16
december,16
politics,15
de,15
polite,15
social,15
feelings,15
made,15
are,15
congress,14
vols,14
literary,14
quoted,14
most,14
james,14
novel,14
france,14
greene,13
letter,13
after,13
nation,13
asgill,13
execution,13
who,13
our,13
samuel,13
september,12
every,12
perhaps,12
would,12
could,12
years,12
d,12
charles,12
nathanael,11
before,11
women,11
robert,11
some,11
rank,11
example,11
readers,11
britain,11
george,11
here,11
william,11
national,11
states,11
much,11
long,10
words,10
has,10
jersey,10
out,10
well,10
literature,10
during,10
only,10
tallmadge,10
when,10
republic,10
wrote,10
diary,10
moral,10
life,10
sympathy,10
her,10
lafayette,10
into,9
might,9
nature,9
other,9
henry,9
thus,9
even,9
no,9
rather,9
benjamin,9
cultural,9
colonies,9
part,9
people,9
least,9
death,9
where,9
david,9
male,9
over,9
what,9
colonial,9
did,9
should,9
if,8
first,8
england,8
indeed,8
advertiser,8
young,8
packet,8
esp,8
gender,8
syrett,8
elizabeth,8
tears,8
honor,8
like,8
three,8
soldiers,8
especially,8
hill,8
united,8
very,8
making,8
given,8
became,8
burgoyne,8
burke,7
english,7
rush,7
mercury,7
how,7
powerful,7
found,7
treason,7
memory,7
place,7
june,7
world,7
make,7
oxford,7
criticism,7
yet,7
transatlantic,7
figure,7
many,7
uses,7
time,7
enlightenment,7
breast,7
august,7
thomas,7
chapel,7
can,7
story,7
line,7
family,7
them,7
almost,7
recent,7
now,6
later,6
benedict,6
sympathetic,6
told,6
laurens,6
seems,6
carter,6
together,6
state,6
those,6
case,6
richard,6
point,6
moment,6
century,6
americans,6
similar,6
entry,6
journals,6
heart,6
et,6
patriots,6
spy,6
correspondence,6
rivington,6
desan,6
friend,6
gentleman,6
bell,6
hand,6
less,6
eds,6
own,6
elite,6
vocabulary,6
quotation,6
publication,6
language,6
mind,6
commentators,6
sensible,6
haven,6
widely,6
manly,6
royster,6
homosocial,6
print,6
enemy,6
thompson,6
webb,6
anonymous,6
loyalist,6
virtue,6
generous,5
trans,5
spirit,5
du,5
narrative,5
citizenship,5
march,5
himself,5
royal,5
medical,5
adams,5
marriage,5
response,5
captors,5
camp,5
vergennes,5
turn,5
b,5
means,5
defeat,5
my,5
reprinted,5
called,5
events,5
disruptive,5
trial,5
douglas,5
status,5
field,5
contrast,5
criminals,5
am,5
enos,5
play,5
female,5
modes,5
chronicle,5
showman,5
museum,5
us,5
same,5
two,5
published,5
members,5
added,5
sentimentality,5
wartime,5
books,5
another,5
simon,5
thacher,5
upon,5
use,5
distinction,5
become,5
politeness,5
itself,5
then,5
university,5
biography,5
blachley,5
delegates,5
country,5
accounts,5
character,5
boston,5
subject,5
fortitude,5
conn,5
catherine,5
you,5
close,5
philadelphian,4
anthony,4
e,4
connecticut,4
fate,4
experience,4
being,4
company,4
feminism,4
atlantic,4
providence,4
reading,4
within,4
courage,4
magazines,4
side,4
right,4
account,4
far,4
human,4
conflict,4
andrew,4
reputation,4
jr,4
body,4
left,4
died,4
fellow,4
generation,4
influence,4
rights,4
hero,4
absent,4
massey,4
capture,4
seward,4
columbian,4
lacey,4
romantic,4
articulated,4
age,4
friends,4
herald,4
sherman,4
livingston,4
punishment,4
rousseau,4
paris,4
ford,4
basis,4
work,4
writers,4
r,4
drew,4
sensibilite,4
year,4
used,4
personal,4
newspaper,4
order,4
reader,4
few,4
grateful,4
will,4
may,4
fell,4
heterosocial,4
shields,4
still,4
chap,4
about,4
read,4
sex,4
under,4
suzanne,4
lee,4
book,4
power,4
toward,4
conduct,4
eighteenth,4
franklin,4
peter,4
held,4
defense,4
pathetic,4
poetic,4
fraternalism,4
notes,4
january,4
saw,4
la,4
shandy,4
rpt,4
citizens,4
transformation,4
addressed,4
singular,4
nervous,4
isaac,4
patriot,4
monthly,4
bravery,4
between,4
tristram,4
historians,4
printed,4
emergence,4
audience,4
distinctive,4
just,4
proceedings,4
reactions,4
met,4
westminster,4
popular,4
both,4
amiable,4
refinement,4
through,4
city,4
role,4
respectable,4
shown,4
cambridge,4
course,4
gen,4
writer,4
morning,4
johnson,4
chicago,4
predictable,4
colley,4
among,4
observed,4
final,3
democracy,3
way,3
concerned,3
generated,3
effected,3
career,3
distress,3
fiction,3
sphere,3
word,3
ambitious,3
princeton,3
meade,3
arms,3
tappan,3
hence,3
certainly,3
taken,3
ears,3
liberty,3
great,3
hannah,3
nationalism,3
there,3
faculty,3
last,3
context,3
system,3
forthcoming,3
peale,3
taking,3
july,3
tied,3
surely,3
author,3
reproduced,3
relations,3
kind,3
thing,3
bullock,3
columbia,3
ellis,3
truly,3
competition,3
ladies,3
jones,3
though,3
focused,3
van,3
failed,3
interesting,3
whose,3
without,3
l,3
knew,3
cult,3
goes,3
strange,3
changes,3
elsewhere,3
beyond,3
m,3
dawson,3
admiration,3
cut,3
greater,3
gregory,3
critic,3
p,3
scenes,3
abbey,3
shared,3
philosophical,3
term,3
library,3
affair,3
parades,3
civil,3
tongues,3
excessive,3
patriotism,3
call,3
weekly,3
elegant,3
president,3
memoirs,3
attributed,3
irvine,3
evening,3
change,3
occasion,3
mass,3
sense,3
discourse,3
small,3
distinguished,3
latest,3
philip,3
reeves,3
st,3
newly,3
appeal,3
south,3
second,3
identified,3
service,3
merits,3
sargent,3
april,3
community,3
va,3
nationalist,3
fetes,3
sketch,3
name,3
paul,3
again,3
chaps,3
smith,3
paine,3
lieutenant,3
britons,3
daily,3
debates,3
took,3
do,3
celebrated,3
extended,3
sides,3
writings,3
identity,3
militarism,3
merit,3
virtues,3
stille,3
high,3
earlier,3
behind,3
edmund,3
k,3
effect,3
enemies,3
governor,3
brown,3
decision,3
fraternal,3
trumball,3
clinton,3
linda,3
foreign,3
amherst,3
lines,3
brunswick,3
baron,3
charlottesville,3
mother,3
fraternity,3
claims,3
wars,3
monument,3
associated,3
must,3
schama,3
les,3
board,3
best,3
better,3
person,3
day,3
fuller,3
waldstreicher,3
terms,3
particular,3
delegate,3
while,3
anna,3
ideal,3
art,3
drinker,3
trees,3
poems,3
careful,3
returning,3
tender,3
representation,3
writing,3
ends,3
ephraim,3
youth,3
sentimentalists,3
philosophy,3
captain,3
remains,3
boudinot,3
offered,3
news,3
themselves,3
sharing,3
taylor,3
north,3
asked,3
perception,3
perpetual,3
elegance,3
ending,2
abolition,2
handsome,2
done,2
appealed,2
declared,2
representing,2
heroic,2
quickly,2
episodes,2
alone,2
manuscript,2
complex,2
almanacs,2
larry,2
essays,2
denby,2
authority,2
h,2
largely,2
quickness,2
mainland,2
fayette,2
bookplate,2
eye,2
shoemaker,2
file,2
painful,2
t,2
parliamentary,2
tribute,2
extraordinary,2
debating,2
hitchcock,2
available,2
copy,2
down,2
advantage,2
warm,2
equivocal,2
insensible,2
pressed,2
emotion,2
assembled,2
napoleon,2
sterne,2
court,2
cohesion,2
take,2
discipline,2
sermon,2
cue,2
hell,2
howard,2
obvious,2
fine,2
west,2
whatever,2
say,2
undoubtedly,2
introduction,2
prototype,2
todd,2
gunshot,2
andy,2
explained,2
immediate,2
sociability,2
quality,2
health,2
rawle,2
monody,2
sentimentalism,2
lectures,2
lady,2
insisted,2
rooted,2
affairs,2
cases,2
nelson,2
individual,2
nor,2
old,2
refer,2
concerning,2
baldwin,2
affection,2
served,2
poem,2
pure,2
y,2
aide,2
details,2
citizen,2
guard,2
terror,2
wounded,2
commanding,2
virtuous,2
chaplain,2
convention,2
traumatic,2
higher,2
wounds,2
town,2
heroism,2
fordyce,2
edward,2
billardon,2
explicit,2
parlor,2
heard,2
captives,2
humanity,2
derived,2
mullan,2
witness,2
lacking,2
berkeley,2
supposed,2
howe,2
guides,2
soul,2
recalled,2
albert,2
dwyer,2
dissent,2
dror,2
calif,2
revolutionaries,2
house,2
w,2
ideals,2
samuels,2
paraded,2
notions,2
terminology,2
plight,2
important,2
view,2
trajectories,2
reflections,2
declarations,2
lead,2
societies,2
histories,2
medicine,2
speeches,2
terse,2
typical,2
physicians,2
patrick,2
compassion,2
radical,2
franqais,2
captured,2
lent,2
equal,2
let,2
youthful,2
enquiries,2
produced,2
cannot,2
burstein,2
tension,2
sacrifice,2
cart,2
expressions,2
because,2
none,2
dilemmas,2
relief,2
soldiery,2
received,2
pangs,2
caught,2
loss,2
island,2
laurence,2
refined,2
reynolds,2
beginnings,2
accomplishment,2
rituals,2
romance,2
assembly,2
siecle,2
successful,2
fulfilled,2
manners,2
brave,2
dictionary,2
le,2
quite,2
midst,2
night,2
around,2
festive,2
wadsworth,2
fraught,2
ls,2
executed,2
breaking,2
reported,2
telling,2
always,2
commission,2
annual,2
visible,2
up,2
peculiar,2
abstracted,2
anglo,2
elitist,2
barbara,2
f,2
republican,2
effeminacy,2
matter,2
absence,2
return,2
address,2
coleman,2
attempt,2
burgett,2
meigs,2
comments,2
hanged,2
rites,2
quaker,2
put,2
promoting,2
once,2
antiquarian,2
vila,2
wake,2
accident,2
serve,2
home,2
orders,2
professor,2
lord,2
performed,2
friendship,2
al,2
touching,2
reports,2
emotional,2
denis,2
lichfield,2
gentlemen,2
fugitive,2
affections,2
street,2
resolution,2
lewis,2
extracted,2
dilemma,2
heritage,2
journey,2
similarly,2
dwelled,2
missing,2
release,2
fact,2
idea,2
scholars,2
agree,2
wine,2
sneyd,2
witnesses,2
developed,2
monglond,2
pattern,2
anne,2
brotherhood,2
rhetoric,2
forms,2
enough,2
surgeon,2
v,2
handed,2
manner,2
sister,2
neimeyer,2
answer,2
judith,2
necessary,2
woman,2
pettit,2
streets,2
number,2
ermenonville,2
local,2
original,2
sensory,2
intimate,2
examples,2
harriet,2
bear,2
values,2
pathology,2
inscription,2
delicate,2
silverman,2
louis,2
honorable,2
sold,2
camps,2
causes,2
pleasure,2
cerutti,2
exhibited,2
rhetorically,2
chosen,2
intimacy,2
febvre,2
modem,2
essay,2
crisis,2
good,2
exquisite,2
willson,2
features,2
brewer,2
lose,2
exchange,2
article,2
incapable,2
newspapers,2
sentiments,2
masculine,2
advertisement,2
bestowed,2
figures,2
feel,2
attention,2
attended,2
wahrman,2
suggest,2
arriving,2
autumn,2
critics,2
me,2
courting,2
reviewer,2
she,2
continued,2
inhabitants,2
assert,2
plays,2
bound,2
claimed,2
pieces,2
seen,2
detailed,2
why,2
often,2
analysis,2
blood,2
comte,2
weeden,2
marquis,2
susan,2
matters,2
school,2
grimm,2
proof,2
shaw,2
curious,2
any,2
thinking,2
following,2
hanging,2
exemplified,2
diderot,2
mackenzie,2
hearts,2
appealing,2
know,2
annis,2
freemasonry,2
scots,2
cultures,2
roman,2
buskirk,2
tear,2
sauvigny,2
thy,2
sellers,2
post,2
brothers,2
newman,2
indignant,2
written,2
sought,2
happiness,2
glory,2
believed,2
studies,2
according,2
convenient,2
whether,2
study,2
selected,2
form,2
theory,2
novelty,2
distancing,2
sensation,2
imagine,2
imperial,2
suggests,2
idzerda,2
danish,2
middle,2
stern,2
bodies,2
little,2
extracts,2
despite,2
revolutions,2
crain,2
press,2
cray,2
epitome,2
administration,2
clothing,2
ranks,2
think,2
named,2
soft,2
mayo,2
argument,2
never,2
register,2
rosenthal,2
include,2
typically,2
need,2
physical,2
barnes,2
effects,2
clues,2
shippen,2
attending,2
scholarship,2
matrimony,2
civilian,2
traditional,2
immediately,2
kuhn,2
derogatory,2
colonel,2
beings,2
showed,2
race,2
truce,1
glances,1
nicholas,1
gentility,1
emulate,1
frequent,1
miller,1
exhumation,1
horror,1
bernard,1
defeats,1
go,1
does,1
battlefield,1
mo,1
tavern,1
gerald,1
explosion,1
hauled,1
thwarted,1
helped,1
currently,1
mute,1
antoine,1
struggle,1
validation,1
trahard,1
limits,1
punch,1
edge,1
jewels,1
polish,1
participation,1
prescription,1
stuart,1
rhetorique,1
conjoined,1
masur,1
utterance,1
yards,1
martyred,1
corruption,1
pittsburgh,1
stood,1
gentler,1
created,1
malice,1
hausund,1
encouraged,1
pale,1
evangelist,1
bestseller,1
excess,1
dash,1
expedition,1
jane,1
foolishness,1
congressman,1
college,1
niwot,1
misery,1
crested,1
magnetic,1
widow,1
navigation,1
totally,1
relievedly,1
brilliantly,1
notably,1
forth,1
crossing,1
linguistic,1
mouth,1
expect,1
village,1
group,1
becoming,1
reflection,1
large,1
judged,1
doom,1
saved,1
approved,1
naturalized,1
philanthropist,1
confidence,1
elaborated,1
barracks,1
nouveau,1
archetypal,1
hon,1
rogers,1
remind,1
live,1
jail,1
true,1
strictly,1
flocked,1
minced,1
inconsistent,1
union,1
easily,1
brookhiser,1
allgor,1
gallantry,1
modern,1
genius,1
perfect,1
nerve,1
prodding,1
chains,1
decade,1
collection,1
brandt,1
hair,1
policy,1
committee,1
equated,1
supposing,1
distanced,1
explanatory,1
necessarily,1
taverns,1
harsh,1
unlike,1
shedding,1
encourage,1
knox,1
subjection,1
freeman,1
observing,1
spinks,1
biographical,1
demilitarized,1
turbutt,1
antebellum,1
regime,1
elbow,1
smile,1
nineteenth,1
something,1
connotations,1
ou,1
contested,1
descriptions,1
unshaken,1
tart,1
attuned,1
golden,1
claire,1
assaults,1
artifice,1
reddy,1
journeys,1
recourse,1
firmness,1
travers,1
said,1
confederation,1
member,1
sit,1
philosophes,1
explaining,1
sources,1
familiarity,1
wrong,1
lexington,1
titles,1
tantalizing,1
embraced,1
caroline,1
confident,1
adversity,1
commissions,1
jackson,1
len,1
shrewdly,1
discoursed,1
interests,1
expressive,1
marion,1
originally,1
phil,1
scammell,1
culturally,1
motivations,1
cavalry,1
crippled,1
pictured,1
elusive,1
meaning,1
expectation,1
uniontown,1
articulate,1
agenda,1
action,1
ourselves,1
diseases,1
official,1
nice,1
genteel,1
definition,1
slur,1
affirmed,1
rhode,1
reach,1
principles,1
securing,1
worthington,1
tradition,1
spectacle,1
assertion,1
desire,1
poverty,1
display,1
simple,1
turnover,1
thank,1
moreover,1
imported,1
analyses,1
balderston,1
studied,1
preoccupied,1
government,1
aloud,1
despotism,1
alonzo,1
scheme,1
onto,1
carp,1
delusion,1
begun,1
comparative,1
analyst,1
imperious,1
help,1
inland,1
xx,1
conjugal,1
valmy,1
brissenden,1
unelaborated,1
persistence,1
precociousness,1
julie,1
caleb,1
date,1
discomfortgreene,1
stand,1
respond,1
precisely,1
sacred,1
principal,1
reworking,1
debut,1
ignominious,1
alike,1
somewhat,1
intelligence,1
romanticism,1
vicious,1
extreme,1
designs,1
widowed,1
proposals,1
speech,1
nowhere,1
slip,1
nearer,1
effigy,1
connoted,1
inseparable,1
advocates,1
fiery,1
mortal,1
fulsome,1
recorded,1
brock,1
holly,1
key,1
king,1
captures,1
motion,1
histoire,1
exquisitely,1
scrawling,1
active,1
primary,1
particularly,1
politicized,1
u,1
combatants,1
draw,1
killed,1
presses,1
retain,1
markman,1
jack,1
wept,1
gardens,1
vol,1
opened,1
welcome,1
soldier,1
recommended,1
possible,1
marked,1
compelling,1
bloom,1
deliberated,1
international,1
slight,1
reaction,1
conspired,1
consciousness,1
ramon,1
views,1
bland,1
bifurcations,1
mastery,1
jordanova,1
essentialize,1
reflecting,1
accolades,1
consequent,1
exchanges,1
politician,1
volunteer,1
dynamic,1
bottom,1
negotiation,1
enter,1
against,1
pain,1
ritual,1
marginalized,1
unhappy,1
accustomed,1
forged,1
masonic,1
stirring,1
sweet,1
ross,1
treatise,1
beckoning,1
sign,1
behavior,1
cushing,1
harold,1
controlled,1
framework,1
exposed,1
karen,1
learned,1
otherwise,1
curse,1
central,1
includes,1
darnton,1
disregard,1
lover,1
hospitals,1
edme,1
ronald,1
married,1
guthrie,1
fun,1
violences,1
bodnar,1
cusp,1
historically,1
rakove,1
pictures,1
peculiarities,1
spectrum,1
facts,1
representations,1
dynamics,1
latrines,1
inevitable,1
pursue,1
utter,1
mores,1
reset,1
tables,1
realized,1
g,1
corner,1
interest,1
charming,1
noel,1
basingstoke,1
characteristic,1
biddle,1
brotherly,1
mott,1
hid,1
rework,1
sympathized,1
southern,1
mcwilliam,1
branson,1
peddled,1
barlow,1
janet,1
pay,1
spate,1
execute,1
tripartite,1
expected,1
contributors,1
yourself,1
learning,1
seaboard,1
taste,1
exercise,1
simes,1
unity,1
detention,1
mixed,1
distinct,1
majorandre,1
symptoms,1
clark,1
keep,1
displays,1
stokes,1
burgeoning,1
unspeakable,1
feilding,1
bien,1
profound,1
back,1
unhesitatingly,1
machines,1
unbosomed,1
houses,1
forgiven,1
putative,1
reed,1
suitable,1
judas,1
clare,1
scott,1
libraries,1
bag,1
witnessed,1
publications,1
properly,1
warned,1
irresistible,1
bachelor,1
conspiracy,1
student,1
blowing,1
deceased,1
preserving,1
dear,1
poured,1
thinly,1
persecutee,1
deeply,1
throng,1
censorious,1
pains,1
urgent,1
delivered,1
lightning,1
restricting,1
liberte,1
fierce,1
competitive,1
stanley,1
sensations,1
restore,1
marching,1
hidden,1
newark,1
celebrating,1
folca,1
banquet,1
promised,1
archives,1
newer,1
frenchified,1
impartial,1
operation,1
poor,1
sixteen,1
via,1
profoundly,1
wishes,1
halls,1
governed,1
upright,1
supernatural,1
heroes,1
statements,1
miscellany,1
mattered,1
gangrene,1
encompassed,1
nathaniel,1
essence,1
adds,1
novelists,1
heels,1
envisaging,1
forced,1
breadth,1
thou,1
en,1
lamentable,1
longest,1
gazetteer,1
bombarded,1
myself,1
briskly,1
process,1
lofty,1
permission,1
carolinian,1
georges,1
britanniques,1
suffer,1
inquiry,1
importance,1
lamented,1
certain,1
leave,1
typhus,1
sacrificed,1
recently,1
induce,1
slippery,1
hearing,1
revelation,1
spectators,1
possess,1
elaborate,1
reconstitution,1
tree,1
deputy,1
manipulative,1
echoed,1
distant,1
gentlemanly,1
lawyer,1
impressed,1
mahon,1
congressional,1
preux,1
von,1
confreres,1
space,1
front,1
biographer,1
theodorick,1
precious,1
contestation,1
pleasures,1
shining,1
support,1
sade,1
despise,1
reason,1
references,1
send,1
gallant,1
injury,1
fervently,1
perceptions,1
clerk,1
circulated,1
helsinki,1
bad,1
facilitated,1
immigrant,1
latter,1
radiant,1
religion,1
objects,1
coffeehouse,1
blanning,1
established,1
sim,1
familiar,1
spurlin,1
repeated,1
iscariot,1
demanded,1
considerations,1
loyalists,1
proved,1
warren,1
represented,1
monde,1
days,1
militiaman,1
elevated,1
numbers,1
impact,1
receiving,1
nationals,1
mary,1
bruce,1
contemporaries,1
instrument,1
weak,1
argued,1
rochambeau,1
militiamen,1
foppery,1
exemplify,1
upper,1
xi,1
show,1
communities,1
smuggler,1
waylaid,1
democratic,1
earnest,1
anonymously,1
graces,1
abbatt,1
fonblanque,1
revolutionnaire,1
occupied,1
ugly,1
vietnam,1
storm,1
freed,1
edinburgh,1
blasted,1
modeled,1
circulating,1
whiggish,1
putting,1
requires,1
imprisonment,1
celibacy,1
invad,1
peabody,1
dierks,1
pierre,1
odd,1
eulogium,1
clubbability,1
vibrated,1
weighed,1
nationality,1
urging,1
opinion,1
bloody,1
bewitchingly,1
drawing,1
celebratory,1
eludes,1
conflicts,1
ithaca,1
behaviour,1
opening,1
palmer,1
coincide,1
expressed,1
moving,1
closely,1
suffered,1
formidable,1
applause,1
whom,1
participants,1
ricochets,1
location,1
nancy,1
avenue,1
fitzpatrick,1
unattributable,1
appearance,1
disingenuousness,1
conservative,1
entered,1
entering,1
das,1
traditionally,1
sights,1
pontgibaud,1
triangulated,1
effort,1
confinement,1
kate,1
ridicule,1
deal,1
scotland,1
demands,1
countenance,1
furious,1
ocean,1
facilitate,1
ambivalence,1
graeme,1
pierce,1
contemporaine,1
nicola,1
insulted,1
eliot,1
saratoga,1
poetry,1
herman,1
bookseller,1
big,1
occurring,1
extracting,1
lutnick,1
further,1
impression,1
ritualized,1
shadowed,1
fourth,1
furlong,1
traced,1
transactions,1
durham,1
sympathetically,1
contrived,1
displayed,1
condorcet,1
hall,1
honed,1
leonard,1
newfound,1
burial,1
attracts,1
persons,1
sentence,1
understood,1
meet,1
disapproved,1
singularly,1
younger,1
scale,1
quitted,1
troops,1
safe,1
contesting,1
however,1
presided,1
xvii,1
prescriptions,1
universelle,1
your,1
required,1
shepard,1
opposition,1
hierarchies,1
liberal,1
near,1
masculinity,1
wants,1
konstantin,1
discours,1
jahr,1
passed,1
rousseauvian,1
outstanding,1
animated,1
directly,1
having,1
espionage,1
contestable,1
theological,1
militarized,1
unequal,1
future,1
julia,1
crane,1
chaplains,1
effeminate,1
vide,1
clarke,1
elitism,1
anecdotes,1
intense,1
residents,1
paraphrase,1
benevolence,1
playwright,1
responding,1
tool,1
fraser,1
emphasis,1
carries,1
preferred,1
nine,1
distinguish,1
imagined,1
easiness,1
striking,1
distinctively,1
purpose,1
explains,1
homily,1
apparent,1
edn,1
secret,1
confined,1
forcefully,1
electrical,1
urban,1
revealed,1
thoughts,1
scion,1
unusually,1
reminded,1
artillery,1
surprise,1
paroled,1
lectured,1
approve,1
purcell,1
gave,1
sorrow,1
older,1
positing,1
expansive,1
churned,1
broad,1
flight,1
collective,1
faint,1
elijah,1
transmitting,1
participated,1
schoolchildren,1
vociferous,1
williams,1
rum,1
prisoner,1
anatomist,1
horrified,1
link,1
away,1
chevalier,1
novels,1
cat,1
nerves,1
noticeably,1
preparation,1
mayer,1
miss,1
celebrations,1
bowman,1
seduction,1
markedly,1
graduate,1
approach,1
tompkins,1
either,1
massacre,1
allies,1
subtle,1
aided,1
causal,1
tone,1
joanne,1
lucien,1
commons,1
caution,1
legacy,1
pedagogy,1
salons,1
pluche,1
unpopular,1
militarization,1
describing,1
working,1
flexner,1
voiced,1
empathetic,1
things,1
seized,1
appended,1
sentimentalmongers,1
poet,1
behold,1
warrant,1
barrington,1
fury,1
clothes,1
rushed,1
squarely,1
inheritors,1
event,1
literackich,1
woodcut,1
talents,1
several,1
underscore,1
soil,1
clemenceau,1
apposite,1
consensus,1
calumnied,1
inferiors,1
spinster,1
bottle,1
expands,1
exigencies,1
cool,1
patriotic,1
traitor,1
research,1
massachusetts,1
dispositions,1
secrecy,1
inexorable,1
attached,1
illusions,1
mots,1
tended,1
impossible,1
foremost,1
eloisa,1
core,1
satirical,1
parliament,1
condemned,1
pang,1
peculiarly,1
concurred,1
wife,1
describes,1
transmuted,1
gould,1
vent,1
inquiries,1
joel,1
immortalized,1
moralistes,1
terrains,1
finds,1
veiw,1
monarchy,1
propriety,1
actions,1
disturbing,1
rung,1
gordon,1
rang,1
capturing,1
seemed,1
elocution,1
advertised,1
temporarily,1
replacing,1
tea,1
void,1
battle,1
critical,1
defended,1
happen,1
bedrock,1
disastrously,1
hatch,1
dysentery,1
candid,1
dogs,1
curricula,1
liberality,1
xviii,1
geoffroy,1
observations,1
advocate,1
attempts,1
practices,1
spelled,1
beloved,1
bringing,1
rawness,1
scientific,1
transnational,1
separation,1
foiled,1
short,1
gradual,1
drama,1
arouses,1
located,1
stores,1
site,1
limited,1
forman,1
successes,1
argues,1
classic,1
brief,1
fruit,1
nearly,1
veterans,1
innocence,1
founding,1
assurance,1
prevailing,1
object,1
secretary,1
starve,1
harry,1
civility,1
calculated,1
vashington,1
flag,1
woods,1
charm,1
manifest,1
standing,1
deserves,1
terrain,1
wind,1
movement,1
signalizing,1
artist,1
hoffman,1
seemingly,1
unfelt,1
betray,1
almanac,1
decisions,1
harmonious,1
virginian,1
stilled,1
vocabularies,1
powerfully,1
fighting,1
gilbert,1
blush,1
excludedespecially,1
guide,1
frank,1
sincere,1
communications,1
modeme,1
inimitable,1
spectatorial,1
felicity,1
sympathies,1
interpretation,1
swept,1
mein,1
makes,1
recommendation,1
towards,1
paradox,1
builds,1
thought,1
suspicious,1
adrienne,1
soon,1
subservient,1
east,1
disclosure,1
multitudes,1
digges,1
meranze,1
fervent,1
drunkenness,1
thesis,1
perceived,1
diminutive,1
ancient,1
today,1
hands,1
summarizes,1
dictates,1
armies,1
jay,1
acting,1
extravagant,1
blackest,1
distresses,1
light,1
emotions,1
scaffold,1
complete,1
shock,1
apres,1
xviiie,1
baltimore,1
noailles,1
hart,1
naval,1
wright,1
inalienable,1
belonging,1
already,1
contempt,1
dames,1
ferment,1
noted,1
moments,1
detraction,1
rise,1
lot,1
miseries,1
love,1
retaliation,1
awakened,1
yonkers,1
organizations,1
leader,1
fire,1
niceties,1
philadelphiad,1
solomon,1
bushman,1
reassuring,1
shots,1
courageous,1
attacks,1
omission,1
challenge,1
request,1
prompting,1
mark,1
nationalists,1
chinard,1
others,1
paean,1
europe,1
lifeless,1
ask,1
printing,1
slavery,1
collaborative,1
usually,1
cheaply,1
excellency,1
addition,1
lovell,1
paulding,1
generously,1
resch,1
benedictarnold,1
preromantisme,1
investigates,1
herbert,1
efforts,1
generational,1
nationhood,1
wart,1
longer,1
unprecedented,1
main,1
consideration,1
treatment,1
beguiling,1
benevolent,1
materialist,1
fleeing,1
across,1
partiality,1
scottish,1
match,1
nathan,1
revue,1
superiors,1
educated,1
classical,1
warning,1
uncle,1
forging,1
emphatic,1
personality,1
arthur,1
contemporary,1
appropriately,1
continentalarmy,1
impending,1
dramas,1
observes,1
minister,1
devil,1
genealogy,1
kline,1
higth,1
physiological,1
present,1
corps,1
imperatives,1
formation,1
operating,1
model,1
square,1
stony,1
creature,1
secular,1
murrin,1
purposes,1
lucifer,1
existing,1
empire,1
richards,1
armed,1
refugees,1
mourns,1
michael,1
foot,1
diplomat,1
horace,1
upbraided,1
spot,1
sorry,1
bolt,1
ports,1
countenanced,1
funeral,1
material,1
swieten,1
remarked,1
belief,1
hurricane,1
controversy,1
impoverished,1
style,1
coined,1
counterpart,1
going,1
free,1
elaine,1
obituary,1
fled,1
historiographical,1
thoroughly,1
stockton,1
remained,1
violent,1
labaree,1
scant,1
thomson,1
hesitate,1
tenderest,1
discourses,1
deaf,1
analyzed,1
classes,1
bond,1
greatest,1
exploring,1
pacifist,1
aptly,1
kathleen,1
vast,1
clients,1
strangeness,1
father,1
precluded,1
disease,1
penned,1
heralded,1
skepticism,1
birth,1
ses,1
explanation,1
chiefly,1
mothers,1
hundred,1
directions,1
formal,1
woe,1
ridiculous,1
including,1
desperate,1
distinctly,1
clerical,1
depended,1
unpredictable,1
discrediting,1
noblemen,1
exploits,1
wonder,1
wound,1
heath,1
elegy,1
significant,1
expression,1
touchstone,1
itelf,1
multifold,1
operated,1
dye,1
flouncing,1
honora,1
francis,1
began,1
shallowly,1
affects,1
diamonds,1
maria,1
lippincott,1
band,1
ideas,1
bostonian,1
questions,1
bitter,1
evolution,1
dedicated,1
norwich,1
eveningadvertiser,1
auf,1
deployed,1
thanking,1
office,1
dismissed,1
americanischer,1
treasonous,1
federalism,1
stung,1
publish,1
versions,1
open,1
barnard,1
clear,1
chearfully,1
diplomacy,1
exonerated,1
excited,1
josiah,1
adding,1
comprehensive,1
gesture,1
sensitivity,1
points,1
dominated,1
victory,1
mutiny,1
rebecca,1
faces,1
admission,1
versed,1
caribbean,1
renegade,1
flood,1
length,1
crown,1
period,1
summer,1
colo,1
excoriations,1
jaunts,1
keen,1
peer,1
black,1
claim,1
came,1
expressing,1
imagination,1
admirers,1
quick,1
class,1
audiences,1
closing,1
sollicitations,1
upstart,1
facing,1
queen,1
donning,1
conspicuously,1
hesitancy,1
eyes,1
bertaud,1
conduits,1
continentals,1
humiliation,1
ausubel,1
conway,1
editors,1
lift,1
sight,1
wryly,1
half,1
ann,1
acquire,1
awful,1
seattle,1
enjoyed,1
leisured,1
reordered,1
mcconnell,1
hartford,1
unwitting,1
electricity,1
rhetorical,1
captivity,1
northern,1
attracted,1
workshop,1
ranby,1
thunder,1
engagement,1
quarterly,1
professional,1
walsh,1
embodied,1
satire,1
chivalric,1
greek,1
tuscaloosa,1
awaiting,1
claudia,1
dispossessed,1
species,1
anatomy,1
visit,1
gibbet,1
dispersing,1
ranging,1
inauguration,1
european,1
factors,1
rope,1
allay,1
physician,1
melvyn,1
relationship,1
carla,1
aid,1
circle,1
commentator,1
doubly,1
note,1
irregular,1
succinctly,1
sealed,1
independent,1
mixture,1
science,1
kenneth,1
abounded,1
five,1
anatomical,1
canonizing,1
charmed,1
vision,1
consent,1
naturally,1
impressive,1
practitioners,1
suggestive,1
reasonable,1
begin,1
palgrave,1
celebration,1
teute,1
novelist,1
institutions,1
trait,1
consul,1
mood,1
lost,1
sensitive,1
hast,1
transformed,1
degeneracy,1
yale,1
imperialism,1
bears,1
force,1
conferring,1
returned,1
cathy,1
render,1
circumstance,1
visual,1
lives,1
philosopher,1
oddly,1
contribution,1
muster,1
wilson,1
anxiety,1
category,1
insistently,1
displaying,1
shewd,1
spirited,1
casually,1
dans,1
droves,1
pennsylvanian,1
capt,1
existed,1
abdir,1
rodzajow,1
inferior,1
slogan,1
adjutant,1
teresa,1
dead,1
staged,1
education,1
types,1
prologue,1
months,1
exists,1
appointments,1
morpurgo,1
dauntless,1
canada,1
mirror,1
proving,1
interpretive,1
paying,1
confessed,1
provocatively,1
surrendering,1
fought,1
militia,1
attachment,1
exchanged,1
poets,1
touchy,1
detail,1
stephen,1
dissertation,1
assistant,1
spun,1
publicist,1
eschewed,1
tavemgoing,1
exercised,1
rarely,1
mainly,1
historian,1
spell,1
pitchfork,1
senior,1
impulse,1
concemingandre,1
enclosed,1
series,1
zagadnienia,1
meted,1
version,1
walk,1
humane,1
cvetkovich,1
existence,1
sutler,1
indignation,1
suggestively,1
simply,1
canton,1
reconstitute,1
ever,1
scarcely,1
invoked,1
bestsellers,1
enquiry,1
characteristics,1
bonaparte,1
theme,1
known,1
implied,1
frostbite,1
scrutiny,1
donna,1
weeping,1
adelaide,1
disguise,1
corrections,1
disapproval,1
mourn,1
salonnieres,1
md,1
fay,1
phillips,1
disdain,1
sustained,1
alternative,1
wipe,1
column,1
set,1
dunn,1
repository,1
seven,1
troy,1
resonance,1
echoes,1
milieu,1
highly,1
effusions,1
civilians,1
respecting,1
diarist,1
natural,1
intellectual,1
partner,1
refused,1
unclouded,1
principle,1
pathologized,1
each,1
illuminate,1
languages,1
lusebrink,1
maximilien,1
barbier,1
steven,1
worth,1
bless,1
walpole,1
interested,1
seem,1
capital,1
fabrication,1
leaders,1
ahr,1
clubbed,1
imaginings,1
bifurcated,1
sensational,1
wealthy,1
luther,1
comp,1
universal,1
wolfe,1
domestic,1
judge,1
report,1
followers,1
iii,1
lodges,1
croix,1
alexandra,1
salem,1
robespierre,1
storming,1
cayton,1
bridgeman,1
hargrove,1
xxii,1
disgrace,1
cultivation,1
resign,1
convey,1
build,1
cities,1
favor,1
lauded,1
tracts,1
pomp,1
deployment,1
past,1
closest,1
hostilities,1
masterpiece,1
richardson,1
preferment,1
sermons,1
absolutely,1
davidson,1
instant,1
risky,1
ideally,1
turned,1
hint,1
catalogue,1
phd,1
englander,1
disaffected,1
southerner,1
demilitarization,1
thanked,1
suffering,1
wit,1
purchase,1
steal,1
recollections,1
unfulfilled,1
answered,1
strained,1
carefully,1
tingle,1
reign,1
ala,1
combined,1
petitions,1
physiology,1
winthrop,1
sensibly,1
abraham,1
want,1
cause,1
tailored,1
insensibility,1
thirty,1
add,1
suspicions,1
hoped,1
avocats,1
statement,1
map,1
writes,1
shall,1
centrality,1
repulsive,1
problem,1
extent,1
fascination,1
listen,1
thousands,1
project,1
barely,1
explored,1
ignoble,1
precedent,1
agreed,1
quincy,1
wrongs,1
threat,1
permeated,1
perfections,1
freedom,1
felt,1
chesterfield,1
philosophe,1
hanoverian,1
miniature,1
yeoman,1
centinel,1
norma,1
atkinson,1
boldly,1
joseph,1
heady,1
elias,1
lillian,1
recognition,1
commerce,1
attachments,1
gottschalk,1
conclude,1
affecting,1
uniform,1
hartman,1
marble,1
joining,1
prevalent,1
erametsa,1
easy,1
tried,1
transition,1
endures,1
situated,1
went,1
sparkle,1
confronted,1
generals,1
admirals,1
target,1
despondent,1
arguments,1
merchant,1
duped,1
smacked,1
families,1
phenomenon,1
mention,1
dispensed,1
gain,1
perceptual,1
effacing,1
shewing,1
bickham,1
canny,1
morn,1
gatrell,1
eric,1
uncatered,1
indiana,1
fredrika,1
extension,1
until,1
obliged,1
roots,1
rousseauist,1
commercial,1
synopsis,1
score,1
friendships,1
injured,1
difference,1
reveals,1
traitorous,1
murderer,1
deftly,1
exigency,1
mutual,1
replace,1
paradigm,1
numerous,1
marginalize,1
defence,1
guest,1
strikingly,1
aristocratic,1
imperative,1
mode,1
grenoble,1
isles,1
sat,1
parallels,1
lively,1
although,1
judges,1
proceeding,1
define,1
crimes,1
shirley,1
davies,1
campground,1
hardening,1
rodgers,1
alumnus,1
defined,1
inducement,1
off,1
mulford,1
posterity,1
langford,1
saturday,1
association,1
dramatization,1
ships,1
christi,1
restrained,1
traveling,1
privates,1
ruth,1
needs,1
cruelly,1
specific,1
wondered,1
apart,1
surrender,1
spectator,1
intentional,1
refinements,1
posture,1
isenberg,1
headed,1
cook,1
reached,1
era,1
bases,1
alive,1
dark,1
capable,1
cohesive,1
yorktown,1
confiding,1
saidiya,1
sheer,1
behalf,1
wily,1
music,1
calamity,1
duration,1
whenever,1
charms,1
famous,1
tired,1
stunned,1
building,1
loyalties,1
broader,1
arner,1
proponent,1
attendance,1
daughter,1
acquitted,1
workings,1
tragic,1
martin,1
gold,1
katherine,1
