WORDCOUNTS,WEIGHT
the,131
of,74
and,59
to,39
in,36
a,25
that,23
jews,22
is,19
for,19
it,18
not,18
was,17
as,15
bartov,15
were,14
s,13
holocaust,13
enemies,13
victims,12
at,11
german,9
his,9
their,9
but,9
germans,9
than,9
with,8
or,8
into,8
by,8
he,7
who,7
this,7
have,7
defining,6
they,6
genocide,6
had,6
making,6
an,6
on,6
rather,5
killing,5
one,5
yet,5
many,5
under,5
university,5
from,5
reich,5
more,5
did,5
out,5
real,5
historical,5
what,5
war,5
hitler,5
people,5
world,5
may,4
miller,4
no,4
been,4
american,4
murder,4
too,4
most,4
other,4
men,4
do,4
are,4
them,4
ordinary,4
jewish,4
while,4
some,4
imagined,4
which,4
germany,4
essay,4
so,4
nazis,4
third,4
even,4
product,4
final,3
york,3
goldhagen,3
if,3
action,3
groups,3
how,3
b,3
certain,3
why,3
perpetrators,3
perceptions,3
same,3
paul,3
victimization,3
different,3
could,3
abstract,3
new,3
enemy,3
gas,3
there,3
political,3
where,3
ideological,3
less,3
explain,3
has,3
these,3
place,3
long,3
nothing,3
review,3
october,3
solution,3
themselves,3
be,3
much,3
nazi,3
handicapped,2
does,2
poland,2
begin,2
nearly,2
yale,2
large,2
kill,2
once,2
means,2
understand,2
western,2
thesis,2
history,2
persecution,2
any,2
just,2
two,2
fact,2
first,2
regime,2
willing,2
questions,2
executioners,2
attempts,2
taken,2
death,2
over,2
put,2
came,2
lead,2
whom,2
moreover,2
effort,2
time,2
far,2
i,2
state,2
lethal,2
racial,2
case,2
forum,2
plain,2
well,2
distinguish,2
hatreds,2
planning,2
both,2
point,2
very,2
example,2
its,2
year,2
omer,2
take,2
million,2
thus,2
ultimately,2
until,2
years,2
destruction,2
september,2
general,2
individual,2
creating,2
animosities,2
after,2
turn,2
old,2
around,2
between,2
chambers,2
russia,2
always,2
generally,2
little,2
among,2
race,2
zealous,1
survived,1
stateless,1
fails,1
resolve,1
frequent,1
difficult,1
democracy,1
wilhelm,1
go,1
sweeping,1
sketchy,1
maligning,1
explanations,1
led,1
ana,1
ii,1
fanatical,1
rate,1
recognized,1
town,1
whose,1
essential,1
played,1
raise,1
definitive,1
vanderbilt,1
russian,1
polish,1
various,1
european,1
common,1
way,1
science,1
subjected,1
ba,1
aim,1
sometimes,1
conquered,1
rev,1
auschwitz,1
economic,1
foreign,1
willingly,1
soviet,1
centered,1
short,1
mesmerizing,1
ideology,1
created,1
life,1
consummate,1
europeans,1
battle,1
college,1
pogrom,1
veterans,1
myself,1
process,1
red,1
army,1
still,1
introduction,1
abstraction,1
deprived,1
began,1
murderous,1
lecture,1
indicates,1
defenses,1
jealousies,1
persistent,1
appears,1
experiences,1
expect,1
targeted,1
police,1
countries,1
terms,1
complex,1
innovation,1
direction,1
whole,1
intend,1
conventional,1
white,1
lay,1
about,1
ubiquity,1
dead,1
supposed,1
ways,1
fields,1
support,1
centuries,1
when,1
citizens,1
partnership,1
face,1
easily,1
studies,1
erudite,1
modern,1
better,1
message,1
forest,1
fail,1
duke,1
decade,1
restricted,1
blame,1
prejudice,1
us,1
dissertation,1
perceived,1
seems,1
familiar,1
organized,1
home,1
falls,1
then,1
before,1
complete,1
coerced,1
air,1
purity,1
comes,1
series,1
ingredients,1
aryans,1
eliminationist,1
physically,1
elimination,1
largest,1
contexts,1
must,1
provocative,1
brutal,1
simply,1
fashioned,1
constituted,1
ever,1
victimizers,1
scapegoating,1
democracies,1
concretely,1
continual,1
statement,1
justify,1
picture,1
concerning,1
social,1
sketch,1
efficient,1
extermination,1
specifically,1
every,1
provide,1
territories,1
certainly,1
convincing,1
creation,1
majority,1
insidious,1
triggers,1
here,1
destructive,1
writes,1
book,1
prisoner,1
exaggerated,1
set,1
care,1
likewise,1
helped,1
important,1
links,1
incessant,1
rehashing,1
vols,1
decades,1
others,1
elusive,1
deceived,1
assistant,1
awaited,1
revolutionaries,1
virulent,1
all,1
monoxide,1
freely,1
financial,1
fit,1
hatred,1
result,1
skills,1
definition,1
my,1
parties,1
worth,1
fuhrer,1
longer,1
genocidal,1
key,1
gypsies,1
europe,1
albeit,1
gone,1
conduct,1
scholars,1
explores,1
leaders,1
ahr,1
anxiety,1
harder,1
together,1
found,1
devastation,1
half,1
powerless,1
simple,1
confusion,1
forces,1
imaginary,1
origin,1
eventually,1
reasoning,1
might,1
shot,1
veered,1
served,1
degenerates,1
metaphorical,1
job,1
link,1
obviously,1
infiltration,1
radical,1
end,1
longstanding,1
mightiest,1
sealed,1
useless,1
hospitals,1
subsequent,1
hilberg,1
hands,1
help,1
propaganda,1
starvation,1
type,1
persistence,1
overlooked,1
merely,1
late,1
places,1
turned,1
further,1
hand,1
left,1
particularly,1
those,1
knows,1
physical,1
pulled,1
alike,1
contrived,1
children,1
within,1
daniel,1
demonized,1
phd,1
legend,1
whether,1
explosive,1
population,1
see,1
killers,1
maryland,1
era,1
underpinnings,1
otherwise,1
energy,1
remaking,1
austrian,1
charged,1
raoul,1
core,1
armies,1
pigs,1
eastern,1
topic,1
taught,1
centers,1
problem,1
extent,1
king,1
task,1
outlet,1
exonerate,1
sought,1
going,1
recent,1
generalkommissar,1
day,1
right,1
bother,1
percent,1
produce,1
will,1
fritz,1
published,1
fears,1
ideal,1
possible,1
r,1
jonah,1
injection,1
vast,1
millions,1
admits,1
international,1
knew,1
slated,1
herded,1
made,1
dissenters,1
stuck,1
range,1
women,1
heart,1
communities,1
ruled,1
taking,1
mental,1
psychological,1
through,1
hundreds,1
discusses,1
explains,1
politician,1
reserve,1
adolf,1
courses,1
edn,1
press,1
became,1
republic,1
nation,1
ruthless,1
mentally,1
commonly,1
subject,1
assumptions,1
got,1
went,1
happens,1
lectured,1
expression,1
use,1
fluent,1
universe,1
corrupt,1
transcendent,1
resistance,1
during,1
make,1
describes,1
arizona,1
fleeting,1
phenomenon,1
racially,1
framework,1
ideas,1
writing,1
hierarchy,1
victim,1
evolution,1
actual,1
syndrome,1
innocents,1
leap,1
our,1
personal,1
understanding,1
pows,1
per,1
disguised,1
hateful,1
professor,1
participate,1
proceeded,1
pariahs,1
guinea,1
generating,1
such,1
received,1
own,1
clear,1
since,1
soldiers,1
faced,1
poisoning,1
twentieth,1
paradigm,1
conditions,1
human,1
national,1
jew,1
ideologue,1
recognize,1
author,1
battalion,1
eaters,1
earth,1
victory,1
intact,1
explaining,1
inured,1
preceded,1
characteristic,1
relatively,1
rabidly,1
responses,1
course,1
least,1
times,1
start,1
typically,1
sense,1
caused,1
like,1
hard,1
germaqn,1
lowest,1
kube,1
parts,1
him,1
seized,1
states,1
excuse,1
century,1
guardians,1
france,1
comprised,1
held,1
forced,1
complicate,1
off,1
anyone,1
midst,1
congress,1
involved,1
latter,1
forms,1
behest,1
encompasses,1
small,1
thousand,1
few,1
june,1
back,1
carbon,1
feelings,1
promote,1
six,1
defeating,1
become,1
research,1
browning,1
amalgam,1
bureaucracies,1
illusions,1
weapons,1
exactly,1
single,1
can,1
ranking,1
debate,1
died,1
dark,1
barely,1
up,1
including,1
also,1
severely,1
present,1
traditional,1
reformulate,1
projections,1
strong,1
language,1
answers,1
cycle,1
writ,1
breathed,1
evidence,1
controversial,1
finds,1
doing,1
gauleiter,1
rampage,1
actions,1
close,1
tragic,1
activities,1
stereotypes,1
weimar,1
perception,1
knowledge,1
repression,1
