WORDCOUNTS,WEIGHT
the,193
of,135
and,130
to,86
in,76
that,42
is,33
a,30
by,28
as,28
landes,26
it,21
on,21
s,20
argentina,20
than,19
this,18
historical,17
have,17
for,16
with,15
more,15
argentine,15
were,15
his,14
economic,14
has,14
an,14
american,13
not,13
or,13
historians,13
latin,12
british,12
spanish,12
america,11
review,11
industrialization,11
who,10
one,10
was,10
also,10
europe,10
be,10
he,9
history,9
steel,9
their,8
from,8
but,8
lewis,8
p,8
new,8
such,8
would,8
world,8
rather,7
these,7
many,7
other,7
guy,7
those,7
cultural,7
u,7
industry,7
moral,7
at,6
industries,6
no,6
been,6
conquest,6
culture,6
donna,6
others,6
j,6
are,6
can,6
nations,5
european,5
they,5
countries,5
imperialism,5
modern,5
only,5
could,5
torture,5
i,5
political,5
because,5
some,5
october,5
morality,5
own,5
documentation,5
immorality,5
hanke,5
capitalism,5
much,5
time,5
states,4
struggle,4
if,4
how,4
religious,4
united,4
true,4
country,4
technology,4
conclusions,4
nineteenth,4
efforts,4
simply,4
textile,4
into,4
all,4
england,4
there,4
what,4
legend,4
diaz,4
argues,4
another,4
bibliography,4
theories,4
since,4
de,4
evidence,4
him,4
black,4
promote,4
find,4
north,4
recent,4
major,4
will,3
led,3
indeed,3
comparative,3
limited,3
why,3
fall,3
about,3
factors,3
temperate,3
ambitious,3
any,3
most,3
reliance,3
cotton,3
theory,3
natural,3
believe,3
aires,3
particularly,3
clearly,3
utilized,3
hispanic,3
buenos,3
same,3
cannot,3
issue,3
particular,3
alejandro,3
while,3
well,3
work,3
both,3
industrial,3
very,3
resources,3
role,3
its,3
use,3
protestants,3
labor,3
way,3
until,3
years,3
development,3
like,3
century,3
catholic,3
late,3
perspective,3
progress,3
focus,3
creativity,3
justice,3
model,2
critics,2
does,2
o,2
americans,2
nation,2
today,2
dead,2
usually,2
blames,2
h,2
implies,2
epidemic,2
force,2
premises,2
group,2
philadelphia,2
complex,2
benjamin,2
factories,2
positive,2
study,2
calvinists,2
diplomatic,2
gorman,2
yet,2
ways,2
interpretation,2
support,2
approaches,2
examine,2
sociologists,2
articles,2
sex,2
realities,2
religion,2
position,2
thesis,2
then,2
historian,2
exceptions,2
air,2
unfavorable,2
casas,2
prevent,2
benefited,2
consider,2
women,2
department,2
geographic,2
she,2
fact,2
rise,2
promoted,2
supposedly,2
critiques,2
factory,2
know,2
again,2
death,2
view,2
trying,2
rational,2
diseases,2
water,2
cultures,2
lead,2
textiles,2
advantage,2
desire,2
great,2
tropics,2
children,2
out,2
demands,2
cruelty,2
far,2
atrocities,2
fashion,2
c,2
maltby,2
works,2
markets,2
better,2
never,2
believed,2
do,2
ground,2
william,2
explanations,2
produced,2
belief,2
trade,2
task,2
free,2
agriculture,2
indian,2
early,2
bartolome,2
information,2
italian,2
government,2
nuances,2
politics,2
used,2
discussion,2
disease,2
easier,2
explanation,2
reader,2
region,2
enormous,2
knowledge,2
indigenous,2
november,2
spain,2
europeans,2
impose,2
empirical,2
eurocentric,2
confronted,2
entrepreneurs,2
policies,2
people,2
processes,2
question,2
chile,2
las,2
twentieth,2
made,2
either,2
national,2
kemp,2
commerce,2
land,2
carlos,2
n,2
insofar,2
developed,2
high,2
keen,2
claim,2
family,2
evident,2
offered,2
sentiment,2
edmundo,2
problems,2
highly,2
holds,2
presence,2
research,2
climate,2
weber,2
create,2
patience,2
inability,2
little,2
forefront,2
need,2
should,2
activities,2
pequot,2
tortured,1
fails,1
final,1
did,1
south,1
endemic,1
difficult,1
things,1
messy,1
accepting,1
blanco,1
positivistic,1
rio,1
university,1
socialist,1
generation,1
bookman,1
relying,1
where,1
conquerors,1
thwarted,1
currently,1
fueled,1
second,1
alleged,1
avoids,1
competition,1
two,1
whose,1
temperament,1
understands,1
german,1
played,1
perspectives,1
matter,1
africa,1
detected,1
during,1
hopes,1
materials,1
reports,1
reviewer,1
common,1
peonage,1
english,1
scientific,1
links,1
religions,1
anticolonialist,1
populations,1
slavery,1
wanting,1
inventiveness,1
groups,1
you,1
himself,1
across,1
vision,1
impressive,1
outlined,1
created,1
praised,1
insiders,1
concern,1
hill,1
go,1
heresies,1
modernize,1
basic,1
successes,1
landscape,1
extreme,1
excess,1
germany,1
acknowledged,1
eminent,1
edges,1
frustrated,1
antiscientific,1
exception,1
responded,1
archives,1
mean,1
get,1
april,1
variety,1
alone,1
converted,1
seen,1
translation,1
still,1
catholics,1
examined,1
brilliantly,1
began,1
economists,1
keep,1
president,1
proposition,1
captives,1
importantly,1
nonconformism,1
shoe,1
intensive,1
hazardous,1
stimulated,1
wary,1
languished,1
replaced,1
represents,1
pondered,1
whole,1
nuance,1
literacy,1
jews,1
penthant,1
danger,1
chap,1
thomas,1
analysis,1
tend,1
oversimplified,1
designed,1
closure,1
confronting,1
mexico,1
mortality,1
once,1
dismiss,1
live,1
grown,1
authority,1
confronts,1
supporting,1
relied,1
types,1
fields,1
centuries,1
item,1
fair,1
unscientific,1
criticizes,1
adapted,1
understand,1
solutions,1
french,1
studies,1
perceptions,1
conditioning,1
nor,1
thought,1
serve,1
unacceptable,1
censure,1
gins,1
east,1
predictions,1
ore,1
slowness,1
calvinism,1
excellent,1
forget,1
ideals,1
oppressive,1
detail,1
prejudice,1
quite,1
supply,1
burned,1
western,1
cycles,1
colonialism,1
discouraged,1
had,1
familiar,1
allies,1
literary,1
included,1
praise,1
contributions,1
total,1
clocks,1
light,1
islam,1
sum,1
complete,1
driven,1
just,1
unimportant,1
terrible,1
ideologies,1
viewpoints,1
lagging,1
impact,1
york,1
sharply,1
contested,1
series,1
conclusion,1
demographics,1
source,1
thorny,1
sales,1
version,1
located,1
militiamen,1
intervenes,1
listed,1
faith,1
reasonably,1
prostitution,1
leads,1
agricultural,1
underpins,1
forcefully,1
experience,1
superior,1
ever,1
being,1
satisfying,1
max,1
first,1
fabric,1
origins,1
contemplates,1
railroads,1
inheritance,1
inhibited,1
machines,1
social,1
chose,1
investors,1
believes,1
ferns,1
wrong,1
persuade,1
long,1
party,1
revisited,1
unappreciated,1
firms,1
leader,1
beef,1
analyzing,1
offers,1
back,1
questions,1
menem,1
explain,1
brazilian,1
book,1
record,1
dominant,1
challenge,1
technique,1
power,1
give,1
propagandist,1
contrary,1
muslims,1
toward,1
might,1
protestant,1
investments,1
location,1
over,1
refusal,1
dependency,1
intellectual,1
disappeared,1
control,1
each,1
working,1
seems,1
nature,1
experiments,1
tradition,1
uses,1
anthropologists,1
skills,1
words,1
broaches,1
my,1
different,1
retaliate,1
cortes,1
based,1
subject,1
lack,1
confident,1
tour,1
prejudices,1
key,1
cleverness,1
treatment,1
argentines,1
scientists,1
scholars,1
stimulus,1
gonzalez,1
explores,1
societies,1
leaders,1
tolerate,1
succeeds,1
histories,1
examination,1
industrializing,1
public,1
found,1
here,1
argue,1
preaching,1
beliefs,1
appeared,1
afraid,1
intended,1
britain,1
flawed,1
reform,1
attack,1
grounzd,1
leprosy,1
feed,1
reexplores,1
effort,1
ideological,1
scholar,1
neighbors,1
economics,1
accompanied,1
basket,1
brazil,1
curiosity,1
generalizations,1
concludes,1
events,1
cautious,1
revealed,1
prospects,1
polio,1
except,1
state,1
everything,1
entrepreneurial,1
contemporary,1
separating,1
noting,1
primary,1
products,1
endeavor,1
take,1
ready,1
literate,1
misdeeds,1
pattern,1
efficiently,1
past,1
dissents,1
fuel,1
pitfalls,1
believer,1
rural,1
sinew,1
ara,1
compared,1
hazards,1
advances,1
places,1
turned,1
hint,1
outside,1
pondering,1
prove,1
americanists,1
further,1
truth,1
urban,1
stand,1
monographs,1
concepts,1
electricity,1
defend,1
economist,1
though,1
according,1
wit,1
scholarly,1
poverty,1
growing,1
cereal,1
published,1
intelligence,1
market,1
hostile,1
devoted,1
superimposed,1
daniel,1
warp,1
decimated,1
existing,1
empire,1
agreements,1
poses,1
smallpox,1
advisers,1
population,1
neither,1
southern,1
strategies,1
probably,1
plants,1
together,1
partners,1
scale,1
speared,1
fronztiers,1
wealth,1
origin,1
fomented,1
placed,1
shape,1
fashionable,1
advocates,1
existence,1
sophisticated,1
validate,1
spur,1
harking,1
searched,1
attacked,1
alice,1
books,1
debate,1
tie,1
controversy,1
wide,1
method,1
capacity,1
insightful,1
felipe,1
number,1
female,1
immutability,1
firm,1
impression,1
climatically,1
malaria,1
failure,1
violent,1
commitments,1
produce,1
imperial,1
humane,1
keeping,1
generally,1
too,1
don,1
basis,1
e,1
logical,1
understanding,1
cost,1
greatest,1
arrived,1
data,1
infant,1
subaltern,1
durham,1
plata,1
international,1
middle,1
father,1
swiftly,1
abroad,1
invested,1
skepticism,1
specialist,1
solely,1
enabled,1
advantageous,1
upon,1
mothers,1
eighteenth,1
vital,1
postmodernists,1
del,1
circumstances,1
heart,1
imagined,1
catholicism,1
nonconformist,1
apart,1
four,1
point,1
say,1
advancement,1
part,1
northernz,1
london,1
eighty,1
hundreds,1
scorned,1
intentions,1
july,1
concerned,1
cited,1
micro,1
confirm,1
became,1
related,1
apply,1
interior,1
polemical,1
buy,1
gender,1
against,1
elizabethan,1
tried,1
criticized,1
agents,1
assumptions,1
got,1
rigid,1
quixote,1
forged,1
mountainous,1
food,1
moralizing,1
gave,1
discussions,1
resistance,1
mission,1
place,1
rivers,1
meaningful,1
castillo,1
manufacturing,1
juan,1
boost,1
arizona,1
diversity,1
sulfuric,1
challenges,1
mention,1
hints,1
ideas,1
relevance,1
extraordinarily,1
linked,1
relies,1
human,1
overcome,1
beheaded,1
think,1
weakens,1
recovery,1
real,1
dilemmas,1
continue,1
sale,1
transported,1
throughout,1
which,1
impatience,1
contentious,1
balderston,1
tempers,1
hampered,1
estuary,1
massacre,1
determinism,1
nevertheless,1
professor,1
offer,1
models,1
veracity,1
street,1
survival,1
project,1
nn,1
taken,1
difficulties,1
hernan,1
significance,1
currents,1
clear,1
centuly,1
due,1
finding,1
paradigm,1
approach,1
authors,1
september,1
judaism,1
regions,1
author,1
finally,1
accept,1
health,1
aware,1
essay,1
urge,1
logic,1
spawned,1
critique,1
change,1
august,1
leave,1
held,1
macroeconomic,1
deposits,1
crisis,1
instead,1
david,1
sugar,1
protestantism,1
needed,1
good,1
successful,1
infestations,1
level,1
difficulty,1
hard,1
conducted,1
unwillingness,1
unafraid,1
specialists,1
so,1
files,1
sympathy,1
distances,1
tom,1
hardly,1
revolution,1
creating,1
preferred,1
topic,1
knaves,1
integration,1
neat,1
trading,1
marxism,1
absolutely,1
deploring,1
filled,1
tucuman,1
accurate,1
after,1
big,1
discredit,1
refuses,1
sexuality,1
spies,1
settlement,1
invention,1
remains,1
bernal,1
immigrants,1
heat,1
putting,1
chagas,1
belligerently,1
opposition,1
times,1
accuse,1
needs,1
morally,1
endowed,1
specific,1
applauding,1
searching,1
multiple,1
took,1
although,1
armco,1
rethink,1
often,1
chapel,1
modernity,1
onz,1
oro,1
industrialists,1
iron,1
oxford,1
adversaries,1
themselves,1
technologies,1
let,1
egypt,1
agree,1
scholarship,1
topics,1
exactly,1
banking,1
implausible,1
tended,1
impossible,1
cheaper,1
fashions,1
sheridan,1
always,1
exploitation,1
when,1
men,1
backwardness,1
quakers,1
even,1
ownership,1
inefficiency,1
posed,1
interaction,1
present,1
passivity,1
odor,1
look,1
panaceas,1
wonderland,1
strong,1
among,1
furthermore,1
technological,1
production,1
correctness,1
patterns,1
appropriate,1
reforms,1
workersupported,1
climates,1
controversial,1
meeting,1
letter,1
sent,1
remnants,1
passive,1
coal,1
shame,1
la,1
immigration,1
race,1
rest,1
massive,1
imperialist,1
growth,1
intruded,1
harnessing,1
society,1
grasp,1
