WORDCOUNTS,WEIGHT
the,394
of,226
to,182
a,172
in,130
and,120
i,101
that,78
is,78
it,58
for,54
was,51
as,51
on,49
be,47
with,44
my,37
not,34
by,33
have,33
s,32
historians,32
me,30
an,29
history,28
are,27
historical,27
had,26
which,23
they,22
there,22
subject,22
at,21
american,21
work,21
what,21
narrative,20
would,20
this,19
all,18
one,17
from,17
book,16
about,16
but,16
time,16
academic,15
or,15
more,15
material,15
who,15
way,14
review,14
most,14
will,14
so,14
some,13
new,13
almost,13
chicago,13
being,12
first,12
than,12
because,12
do,12
been,12
historian,12
migration,12
out,11
has,11
were,11
writing,11
if,10
system,10
no,10
their,10
june,10
these,10
only,10
ets,10
years,10
could,9
university,9
war,9
people,9
president,9
books,9
like,9
when,9
form,9
does,8
great,8
even,8
york,8
how,8
literature,8
interviewing,8
two,8
story,8
yale,8
life,8
them,8
problem,8
ghettos,8
nicholas,7
might,7
mind,7
america,7
his,7
lemann,7
having,7
during,7
research,7
he,7
sloane,7
good,7
after,7
become,7
can,7
structure,7
began,7
archives,6
group,6
into,6
seems,6
mississippi,6
state,6
solo,6
audience,6
rather,6
main,6
wanted,6
record,6
public,6
part,6
its,6
issues,6
up,6
stories,6
going,6
black,6
testing,6
school,6
did,6
best,6
kerr,6
although,6
you,6
themselves,6
now,5
done,5
second,5
feeling,5
reading,5
issue,5
interviews,5
phase,5
since,5
against,5
subjects,5
though,5
white,5
just,5
david,5
found,5
poverty,5
project,5
few,5
make,5
also,5
other,5
california,5
high,5
begin,5
education,5
then,5
here,5
over,5
ahr,5
while,5
write,5
land,5
archival,5
large,4
long,4
down,4
roosevelt,4
henry,4
robert,4
political,4
case,4
mass,4
magazine,4
such,4
decided,4
kind,4
master,4
promised,4
higher,4
means,4
welfare,4
mary,4
put,4
delta,4
journalistic,4
always,4
deal,4
find,4
line,4
sense,4
working,4
matusow,4
world,4
am,4
therefore,4
may,4
still,4
thought,4
under,4
phenomenon,4
journalist,4
idea,4
another,4
use,4
we,4
usually,4
success,4
analysis,4
hope,4
theme,4
natural,4
intellectual,4
seem,4
person,4
nonfiction,4
early,4
canton,4
institutional,4
aware,4
much,4
should,4
career,3
college,3
tend,3
completely,3
before,3
something,3
experience,3
interested,3
theodore,3
within,3
side,3
right,3
felt,3
october,3
very,3
mccullough,3
along,3
attract,3
jr,3
clark,3
citizen,3
rights,3
philadelphia,3
myself,3
process,3
branch,3
former,3
m,3
important,3
kennedy,3
search,3
events,3
constantly,3
big,3
chauncey,3
source,3
impression,3
civil,3
got,3
whole,3
fit,3
someone,3
field,3
next,3
order,3
around,3
small,3
several,3
south,3
scientific,3
allen,3
read,3
happened,3
message,3
power,3
pick,3
addition,3
many,3
pressure,3
plan,3
man,3
discussed,3
hand,3
interview,3
made,3
upon,3
top,3
three,3
profession,3
latter,3
spent,3
educational,3
migrants,3
especially,3
outside,3
often,3
professional,3
class,3
months,3
any,3
biography,3
ever,3
know,3
each,3
monthly,3
leaders,3
written,3
manley,3
works,3
william,3
her,3
popular,3
both,3
through,3
easy,3
tried,3
clarksdale,3
our,3
named,3
question,3
writer,3
johnson,3
characters,3
taylor,3
north,3
race,3
page,2
car,2
created,2
identify,2
schools,2
true,2
ways,2
unraveling,2
spirit,2
policy,2
francis,2
biographical,2
uses,2
themes,2
wrong,2
every,2
ii,2
give,2
vols,2
location,2
worked,2
nature,2
historiography,2
words,2
skills,2
leading,2
broadly,2
reasons,2
able,2
archive,2
reunion,2
take,2
interviewed,2
respond,2
somewhat,2
king,2
primary,2
discuss,2
cares,2
richard,2
obvious,2
point,2
whites,2
warfare,2
haynes,2
human,2
goal,2
thus,2
inner,2
development,2
run,2
relations,2
club,2
topic,2
given,2
learning,2
underlying,2
highest,2
applying,2
libraries,2
tenants,2
picked,2
perfect,2
poor,2
town,2
whose,2
bring,2
l,2
meritocratic,2
basic,2
biggest,2
politicians,2
neighborhood,2
grew,2
reason,2
possibly,2
familiar,2
vivid,2
section,2
generalities,2
house,2
too,2
age,2
occupied,2
powerful,2
problems,2
founding,2
artistic,2
friends,2
character,2
advance,2
lead,2
participants,2
extent,2
meritocracy,2
lived,2
changed,2
excellent,2
exploration,2
possibility,2
well,2
anecdotes,2
writers,2
purpose,2
example,2
used,2
gave,2
place,2
broad,2
concentrate,2
newspaper,2
currents,2
graduate,2
change,2
diminish,2
parrington,2
quite,2
atmosphere,2
driving,2
invaluable,2
essentially,2
reeves,2
generally,2
seemed,2
led,2
brightest,2
variety,2
various,2
wrote,2
service,2
overall,2
nearly,2
exception,2
bill,2
went,2
movement,2
once,2
housing,2
makes,2
us,2
home,2
same,2
wisconsin,2
speaking,2
rise,2
picture,2
published,2
volume,2
strike,2
toward,2
spend,2
academy,2
lucky,2
turner,2
head,2
parting,2
together,2
arthur,2
contemporary,2
daniels,2
readers,2
enough,2
v,2
present,2
manner,2
where,2
halberstam,2
figuring,2
number,2
day,2
constance,2
local,2
original,2
private,2
spending,2
discussion,2
memoranda,2
including,2
unstated,2
wonderful,2
virtually,2
factor,2
questions,2
individual,2
keep,2
period,2
anyone,2
standard,2
never,2
topics,2
exactly,2
mainly,2
effect,2
james,2
schlesinger,2
saw,2
ago,2
things,2
reliable,2
caro,2
today,2
lot,2
fairly,2
science,2
sometimes,2
crucial,2
naturally,2
fall,2
united,2
answer,2
mother,2
get,2
inheres,2
series,2
version,2
simply,2
truman,2
aspire,2
text,2
country,2
worth,2
board,2
grossman,2
perfectly,2
convey,2
living,2
better,2
born,2
investigation,2
terms,2
orleans,2
waters,2
vehicle,2
healthy,2
produce,2
apartment,2
size,2
techniques,2
step,2
memories,2
trusted,2
finding,2
national,2
washington,2
finally,2
course,2
instead,2
include,2
states,2
colleagues,2
area,2
searching,2
between,2
ruby,2
recent,2
building,2
asked,2
doing,2
premise,1
resolve,1
miller,1
difficult,1
democracy,1
undergraduate,1
jury,1
currently,1
customer,1
child,1
elite,1
concerned,1
later,1
meaning,1
privately,1
himself,1
embarked,1
trustworthy,1
ready,1
aptitude,1
migrated,1
administered,1
fiction,1
revolutionary,1
red,1
appear,1
notably,1
connect,1
church,1
steeped,1
told,1
registering,1
letter,1
touched,1
integrity,1
mcphee,1
agency,1
graduates,1
mankind,1
uncomfortable,1
reflections,1
formed,1
neighborhoods,1
live,1
library,1
picking,1
constitutes,1
trace,1
position,1
committee,1
laboriously,1
emphasize,1
occurred,1
total,1
ambitious,1
feels,1
induced,1
eager,1
princeton,1
chief,1
strikes,1
palpable,1
contact,1
journalism,1
test,1
file,1
said,1
fabric,1
anything,1
cast,1
either,1
explaining,1
whom,1
certainly,1
blended,1
jackson,1
creation,1
chronicles,1
discovers,1
inconceivable,1
galton,1
microcosmic,1
taken,1
rapid,1
multivolume,1
emerged,1
j,1
definition,1
gary,1
dramatically,1
names,1
possibilities,1
available,1
paramount,1
carter,1
belong,1
daily,1
desire,1
careers,1
tackling,1
organizes,1
excitedly,1
studied,1
obsessions,1
link,1
resonate,1
hundred,1
court,1
anyway,1
real,1
half,1
help,1
feature,1
faithful,1
nonacademic,1
represent,1
consulting,1
those,1
opposite,1
alike,1
discipline,1
committed,1
legend,1
citizenship,1
triggered,1
fortune,1
credential,1
plain,1
owing,1
east,1
key,1
task,1
framing,1
advice,1
sought,1
mastering,1
account,1
lends,1
possible,1
politics,1
quality,1
drive,1
solely,1
ofjackson,1
move,1
swoop,1
west,1
whatever,1
invited,1
say,1
except,1
engender,1
canvassing,1
clarksdalians,1
politician,1
cobbled,1
plunge,1
reverence,1
undergone,1
saretzky,1
mislead,1
interestingly,1
winning,1
mistake,1
chapters,1
shacks,1
ronald,1
expect,1
facts,1
kingman,1
computerized,1
attitudinal,1
uless,1
personalities,1
author,1
interest,1
lectures,1
forgotten,1
viewing,1
portray,1
adams,1
jotted,1
conducted,1
century,1
exercise,1
weaknesses,1
thing,1
distinct,1
dean,1
deeds,1
times,1
perspective,1
nonacademics,1
encompass,1
amazingly,1
difficulty,1
served,1
radio,1
wholly,1
allowing,1
left,1
continuous,1
effective,1
overwhelmed,1
helpful,1
undertaking,1
weight,1
hybrid,1
explore,1
unresolved,1
interlocking,1
constructs,1
vice,1
architects,1
aide,1
details,1
border,1
digression,1
deeply,1
lens,1
guard,1
discovering,1
generation,1
unused,1
readable,1
mechanism,1
critics,1
mechanisms,1
blues,1
interesting,1
simultaneously,1
americans,1
essential,1
reagan,1
without,1
act,1
managers,1
aimed,1
untrustworthy,1
particularity,1
presentation,1
notion,1
remote,1
broaden,1
knew,1
parents,1
opportunity,1
heard,1
connected,1
similar,1
importance,1
talk,1
leave,1
ongoing,1
hearing,1
dialogue,1
elaborate,1
lacking,1
echoed,1
lawyer,1
feel,1
awareness,1
consequences,1
supposed,1
brewster,1
pleasures,1
support,1
lives,1
narrativerelated,1
settled,1
presidents,1
established,1
physically,1
otherwise,1
dated,1
liberal,1
withers,1
jersey,1
excitement,1
profile,1
upper,1
initiative,1
operate,1
pinnacle,1
subliminal,1
voluminous,1
vietnam,1
follow,1
consequential,1
beyond,1
wondering,1
storytelling,1
putting,1
suggested,1
trained,1
decades,1
cut,1
stands,1
promote,1
conflicts,1
disappeared,1
greater,1
hours,1
opening,1
arrived,1
standards,1
result,1
based,1
rivals,1
migrant,1
farthest,1
route,1
unorganized,1
histories,1
conservative,1
begun,1
ambition,1
called,1
access,1
effort,1
centers,1
intellectuals,1
fishing,1
cleanly,1
alleghenies,1
pass,1
requirements,1
noting,1
dicta,1
frederickj,1
governing,1
poetry,1
base,1
experts,1
term,1
rousing,1
lose,1
understood,1
shall,1
acquaint,1
reviews,1
appears,1
population,1
cannot,1
purchased,1
younger,1
grounds,1
wealth,1
safe,1
however,1
your,1
explain,1
admissions,1
taught,1
professionals,1
televised,1
hicks,1
wants,1
biographies,1
bother,1
directly,1
relatives,1
invisible,1
r,1
degrees,1
destinations,1
publish,1
strengths,1
listening,1
responding,1
start,1
carry,1
framed,1
heart,1
reader,1
future,1
brought,1
uncover,1
reporters,1
knowledge,1
edn,1
related,1
anew,1
supreme,1
look,1
description,1
year,1
overview,1
genuine,1
describe,1
database,1
partly,1
beginnings,1
records,1
actually,1
call,1
breathtaking,1
personal,1
weekly,1
away,1
regional,1
employed,1
couple,1
week,1
own,1
minds,1
financier,1
announcement,1
approach,1
shortcomings,1
massacres,1
voluble,1
tone,1
social,1
scholastic,1
interrogatory,1
unpopular,1
correct,1
successful,1
responsibility,1
suggest,1
seized,1
straight,1
excuse,1
legwork,1
television,1
imposition,1
discourse,1
settlement,1
event,1
involved,1
family,1
reporter,1
calling,1
wider,1
concerns,1
hiistorical,1
temporary,1
choosing,1
texas,1
telling,1
impossible,1
coast,1
fully,1
barely,1
visible,1
richness,1
drudgery,1
scott,1
progress,1
universities,1
majority,1
milestones,1
filling,1
city,1
finds,1
disturbing,1
sobriety,1
lend,1
thirtieth,1
advertised,1
void,1
analytic,1
f,1
portion,1
heretofore,1
likely,1
business,1
fortunate,1
minor,1
materials,1
interweaving,1
letters,1
meticulously,1
action,1
reminiscences,1
modus,1
expansion,1
limited,1
sermon,1
tide,1
unbeknownst,1
community,1
formative,1
judgment,1
technically,1
conceived,1
backdrop,1
relaxed,1
abrupt,1
ask,1
ineligible,1
single,1
gooden,1
frank,1
competition,1
glossy,1
interpretation,1
fair,1
vs,1
bet,1
requiring,1
familiarizing,1
mission,1
lyndon,1
marred,1
salutary,1
sociological,1
developer,1
complete,1
k,1
culture,1
topical,1
deliver,1
switch,1
indian,1
largest,1
already,1
department,1
parkman,1
unusually,1
independent,1
fill,1
fellow,1
members,1
oral,1
successfully,1
overreliance,1
skill,1
rung,1
challenge,1
technique,1
request,1
journey,1
think,1
again,1
others,1
knowing,1
reporting,1
backed,1
experienced,1
projects,1
tiny,1
demographic,1
ban,1
anecdotal,1
depopulated,1
fact,1
happening,1
unaccustomed,1
treatment,1
overwhelming,1
blocks,1
verifiable,1
across,1
appeared,1
smart,1
abstract,1
teachers,1
pretty,1
inevitably,1
really,1
larger,1
john,1
loop,1
end,1
overwhelmingly,1
substantially,1
fashion,1
matthiessen,1
roof,1
external,1
ought,1
men,1
took,1
consciously,1
geography,1
remarkable,1
handed,1
road,1
existing,1
relevant,1
less,1
necessary,1
ahead,1
deep,1
frightening,1
literaturefrom,1
daunting,1
metropolitan,1
gives,1
free,1
obsession,1
irresistibly,1
casting,1
remained,1
venerated,1
murdock,1
fundamentally,1
emanating,1
historicai,1
vast,1
admits,1
father,1
atlantic,1
inviting,1
examples,1
treated,1
easier,1
shaky,1
stuck,1
unstuck,1
incompatibility,1
enormous,1
looking,1
versa,1
herself,1
expand,1
wound,1
lecture,1
entirely,1
prevailed,1
exciting,1
academics,1
ideas,1
harvard,1
maturation,1
engaged,1
nothing,1
stay,1
frame,1
trip,1
full,1
option,1
office,1
embark,1
stopping,1
dismissed,1
theoretical,1
students,1
described,1
open,1
clear,1
upcoming,1
comprehensive,1
points,1
dominated,1
essay,1
lonely,1
superstructure,1
held,1
homes,1
allowed,1
started,1
kane,1
geographically,1
general,1
function,1
attribution,1
played,1
kept,1
losing,1
martin,1
presidential,1
alive,1
lyndonjohnson,1
strangely,1
gets,1
probe,1
somehow,1
trying,1
imaginative,1
study,1
vivendi,1
arise,1
constructing,1
narrow,1
sight,1
enemies,1
learn,1
percent,1
comfortably,1
looks,1
locales,1
figures,1
invented,1
institution,1
stick,1
hothouse,1
propose,1
specialties,1
psychometrics,1
unsatisfied,1
widely,1
brown,1
decision,1
perils,1
ranging,1
meritocratization,1
defensible,1
ghosts,1
discussing,1
liberalism,1
esteemed,1
circle,1
perry,1
belonged,1
humanities,1
window,1
richest,1
regular,1
george,1
provide,1
tenant,1
clinton,1
kenneth,1
willingly,1
outsiders,1
vision,1
prose,1
rough,1
employment,1
vague,1
select,1
inside,1
lines,1
fewer,1
ordinary,1
merton,1
restart,1
force,1
returned,1
oddly,1
remaining,1
try,1
covering,1
compiling,1
traveled,1
footnoting,1
changes,1
applicants,1
methods,1
embarrassment,1
construction,1
dead,1
fields,1
itself,1
contemplating,1
paying,1
bennie,1
crowded,1
addressed,1
quantitative,1
undertook,1
contemplated,1
wars,1
magnitude,1
mistaking,1
thinking,1
associated,1
ceaseless,1
practice,1
schmaltzy,1
impulse,1
throw,1
backwoodsmen,1
instructed,1
struck,1
continues,1
implied,1
totality,1
physical,1
disapproval,1
appealing,1
organizational,1
affirmative,1
alternative,1
unpersuasive,1
forty,1
quickly,1
legislature,1
defining,1
berkeley,1
intellectually,1
extant,1
sure,1
illuminate,1
guaranteed,1
aberration,1
paper,1
rented,1
specialized,1
frederickjackson,1
connection,1
setting,1
believe,1
alexander,1
ph,1
wealthy,1
luther,1
presence,1
regard,1
assignments,1
speech,1
post,1
particularly,1
thoroughness,1
notorious,1
job,1
obviously,1
speculation,1
familiarize,1
far,1
benefit,1
sharecropper,1
rural,1
passage,1
recorder,1
type,1
merely,1
pushing,1
turned,1
confess,1
realize,1
automatic,1
patrician,1
recollections,1
anymore,1
whether,1
list,1
making,1
rising,1
doctorates,1
want,1
particular,1
sociology,1
nearby,1
hoped,1
statement,1
mere,1
sociologist,1
theory,1
leaving,1
unfold,1
avid,1
scrupulous,1
getting,1
prestige,1
hypothesize,1
migrations,1
voice,1
emphasis,1
virginia,1
replacement,1
travel,1
finished,1
boston,1
remember,1
apparatus,1
level,1
little,1
ohio,1
springboard,1
introduced,1
interchange,1
befriended,1
verification,1
publishers,1
african,1
turns,1
lies,1
subculture,1
southerners,1
contribute,1
rebels,1
childhood,1
intent,1
centennial,1
devoted,1
tell,1
touch,1
cambridge,1
clubs,1
nixon,1
mode,1
revolutionize,1
typically,1
d,1
need,1
constructed,1
blueprint,1
smaller,1
involving,1
playing,1
derive,1
instinct,1
chastised,1
extremely,1
increased,1
untouched,1
dreiser,1
specific,1
news,1
unfootnoted,1
deciding,1
close,1
mccarthy,1
c,1
debate,1
sparingly,1
create,1
deemphasis,1
briefest,1
texts,1
evidently,1
northwestern,1
sheer,1
traditional,1
focus,1
luxuries,1
strong,1
among,1
whenever,1
profiles,1
virtue,1
broader,1
portrait,1
major,1
occur,1
retrospect,1
eagerly,1
