WORDCOUNTS,WEIGHT
the,886
of,583
and,557
in,346
to,183
public,168
a,154
that,146
as,109
was,95
for,85
it,80
by,78
this,73
is,68
england,66
modern,64
sphere,61
corporate,60
or,59
were,58
habermas,58
early,54
english,52
with,52
citizenship,49
london,49
culture,49
which,46
s,42
politics,42
historical,42
political,41
an,40
cambridge,40
not,39
from,39
discourse,38
be,38
civic,36
state,36
citizens,33
bourgeois,32
on,31
they,30
their,30
withington,29
discursive,28
at,27
also,27
town,26
his,26
its,25
review,24
american,23
october,23
york,23
these,23
social,23
more,23
urban,23
such,22
vintners,22
society,21
commonwealth,21
new,21
city,21
company,20
century,20
rather,20
formation,20
phil,19
first,19
has,19
common,18
any,18
have,18
than,17
oxford,17
are,17
history,16
authority,16
but,16
local,16
so,16
through,16
he,15
power,15
seventeenth,15
see,15
both,15
much,15
one,14
had,14
communities,14
emergence,14
however,14
civil,14
zaret,14
structural,14
chap,14
ed,14
practice,14
ibid,14
life,14
between,14
cities,14
into,13
there,13
within,13
middling,13
process,13
most,13
democratic,13
two,13
towns,13
eds,13
peter,13
transformation,13
women,12
coffeehouse,12
freemen,12
community,12
other,12
discussion,12
historians,11
participation,11
revolution,11
f,11
critical,11
only,11
john,11
national,11
david,11
period,11
been,11
what,11
popular,11
press,11
all,10
boroughs,10
burgesses,10
origins,10
guilds,10
honestas,10
during,10
people,10
governance,10
did,10
coffee,10
when,10
c,10
humanism,9
stuart,9
before,9
restoration,9
least,9
context,9
activity,9
barry,9
household,9
sort,9
raymond,9
opinion,9
well,9
matter,9
practices,9
economic,9
service,9
abell,9
upon,9
office,9
conversational,9
publics,9
sense,9
crisis,9
j,8
keith,8
those,8
shall,8
no,8
collinson,8
cultural,8
parliament,8
may,8
civility,8
paul,8
michael,8
number,8
made,8
eighteenth,8
use,8
after,8
thomas,8
councils,8
institutions,8
who,8
centuries,8
print,8
printed,8
very,8
audience,8
terms,8
calhoun,8
speak,8
commonwealths,8
concerned,7
basingstoke,7
essays,7
discretion,7
later,7
own,7
sixteenth,7
citizen,7
talk,7
moreover,7
reason,7
could,7
companies,7
basis,7
order,7
mark,7
classical,7
processes,7
figure,7
crucial,7
incorporated,7
guild,7
past,7
thompson,7
william,7
theory,7
attributes,7
association,7
reformation,7
conventions,7
should,7
hindle,6
if,6
medieval,6
long,6
skills,6
nevertheless,6
henry,6
king,6
powers,6
slack,6
kind,6
religious,6
developments,6
even,6
journal,6
without,6
act,6
them,6
eley,6
important,6
based,6
patrick,6
brooks,6
concept,6
esp,6
place,6
monopoly,6
status,6
change,6
coffeehouses,6
once,6
parishes,6
many,6
wine,6
rhetoric,6
present,6
crown,6
private,6
lake,6
borough,6
concern,6
trade,6
three,6
enlightenment,6
britain,6
story,6
parish,6
then,6
literary,6
speech,6
reflected,6
according,6
particular,6
suggests,6
freedom,6
mayor,6
yca,6
debate,6
now,5
likewise,5
library,5
ways,5
jonathan,5
parliamentary,5
certainly,5
words,5
book,5
government,5
court,5
feature,5
robert,5
system,5
richard,5
say,5
far,5
sociability,5
against,5
interest,5
regarded,5
clark,5
perspective,5
critique,5
about,5
certain,5
languages,5
n,5
assemblies,5
hereafter,5
m,5
suggested,5
counsel,5
late,5
cannot,5
because,5
provincial,5
literature,5
wrightson,5
goldie,5
involved,5
structured,5
provided,5
indeed,5
poor,5
thought,5
under,5
members,5
put,5
model,5
renaissance,5
normative,5
largely,5
language,5
conversation,5
inhabitants,5
ideology,5
privileges,5
over,5
domestic,5
ff,5
economy,5
pincus,5
republic,5
elizabethan,5
writing,5
our,5
news,5
recent,5
does,4
courtliness,4
created,4
market,4
mobility,4
true,4
position,4
princeton,4
experience,4
shagan,4
creation,4
might,4
emerged,4
great,4
reasons,4
narrative,4
able,4
precisely,4
british,4
inclusive,4
female,4
account,4
some,4
point,4
central,4
development,4
subjects,4
agency,4
tittler,4
y,4
crawford,4
influence,4
main,4
questier,4
across,4
developed,4
how,4
legal,4
clearly,4
former,4
too,4
royal,4
societies,4
out,4
further,4
representatives,4
procedures,4
required,4
fox,4
ideal,4
county,4
example,4
used,4
project,4
good,4
suggest,4
wider,4
research,4
secrecy,4
world,4
second,4
attempts,4
petitioning,4
interpretation,4
steve,4
noted,4
rise,4
foucault,4
challenge,4
responsibilities,4
printing,4
incorporation,4
contemporary,4
forms,4
men,4
richards,4
council,4
charter,4
demonstrated,4
credit,4
understanding,4
craig,4
identity,4
full,4
i,4
open,4
like,4
general,4
effect,4
can,4
tna,4
we,4
space,4
relationship,4
male,4
norwich,4
responsible,4
publicly,4
elected,4
locke,4
intellectual,4
each,4
cultures,4
heads,4
petitions,4
middle,4
became,4
envisaged,4
institutional,4
although,4
d,4
france,4
defined,4
charles,4
themselves,4
shrank,4
create,4
texts,4
courts,3
archives,3
estate,3
medium,3
revolutionary,3
e,3
introduction,3
mawburne,3
speakers,3
large,3
telling,3
kinds,3
ccro,3
likely,3
spirit,3
ian,3
source,3
baker,3
either,3
every,3
implications,3
confirmed,3
together,3
alderman,3
subsequent,3
written,3
cowan,3
right,3
apprenticeship,3
vol,3
possible,3
associational,3
mascall,3
engage,3
framework,3
andrew,3
moment,3
turn,3
contrary,3
body,3
third,3
partisan,3
next,3
media,3
recognized,3
remain,3
hughes,3
similar,3
importance,3
b,3
precocity,3
ethan,3
category,3
changes,3
jiirgen,3
nor,3
university,3
sorts,3
days,3
argued,3
followed,3
organisation,3
notions,3
monarchical,3
called,3
amsterdam,3
relating,3
demands,3
respects,3
recently,3
counties,3
shepard,3
spheres,3
part,3
gender,3
personal,3
newspaper,3
plurality,3
polity,3
supposedly,3
presence,3
peace,3
corporations,3
annual,3
generally,3
up,3
st,3
notes,3
monarchy,3
variety,3
humanist,3
cathy,3
located,3
make,3
modes,3
almanac,3
parker,3
criticism,3
violence,3
rules,3
neither,3
participants,3
included,3
orders,3
oral,3
others,3
outside,3
aldershot,3
exclusion,3
discussed,3
systematic,3
postal,3
less,3
geoff,3
controversy,3
argument,3
day,3
griffiths,3
another,3
values,3
represented,3
assessment,3
participatory,3
significant,3
francis,3
proportion,3
engaged,3
essay,3
allowed,3
valorized,3
characterized,3
him,3
newspapers,3
realm,3
relation,3
excluded,3
relative,3
separate,3
leeds,3
increasing,3
continued,3
claimed,3
politeness,3
whereby,3
why,3
expectations,3
matters,3
sections,3
series,3
robbed,3
here,3
alternative,3
republics,3
mass,3
best,3
explicitly,3
shakespeare,3
bureaucratic,3
rationality,3
structures,3
spaces,3
practical,3
bodies,3
communicative,3
idealism,3
clubs,3
knights,3
conditions,3
gentry,3
voluntary,3
remains,3
joad,3
traditional,3
among,3
conversations,3
bernard,2
appropriation,2
o,2
done,2
underpinning,2
convergence,2
generated,2
reconsidered,2
protestant,2
clucas,2
notably,2
germany,2
village,2
police,2
becoming,2
tact,2
complex,2
achievements,2
almanacs,2
enhance,2
marcus,2
divers,2
decade,2
ideals,2
committee,2
muldrew,2
mcshane,2
being,2
said,2
sit,2
interests,2
setting,2
ii,2
military,2
action,2
freely,2
nature,2
historiography,2
definition,2
shaped,2
tradition,2
suggesting,2
accompanied,2
potentially,2
officeholders,2
brian,2
anglorum,2
aldermen,2
take,2
real,2
reading,2
unacknowledged,2
case,2
forum,2
ascribed,2
dissemination,2
existence,2
protagonists,2
capacity,2
primary,2
hall,2
disseminated,2
lamented,2
marked,2
arenas,2
percy,2
conceptual,2
establishment,2
scandal,2
anticipated,2
representing,2
demanded,2
ritual,2
sign,2
learned,2
contradicts,2
regarding,2
prate,2
addled,2
relocation,2
explained,2
quality,2
interior,2
de,2
stationers,2
republica,2
relations,2
walter,2
bellany,2
insofar,2
expected,2
taste,2
adam,2
old,2
commercialization,2
travails,2
response,2
serving,2
modernity,2
honesty,2
compared,2
honour,2
single,2
misleading,2
drapers,2
seal,2
communication,2
master,2
wales,2
aristocracy,2
rights,2
offices,2
essential,2
german,2
license,2
distinction,2
basic,2
centralization,2
requisite,2
opportunity,2
heard,2
earlier,2
ongoing,2
population,2
read,2
awareness,2
consequences,2
factors,2
supposed,2
lives,2
downward,2
enfranchised,2
facilitated,2
theorists,2
cause,2
retained,2
organized,2
indenture,2
wealth,2
liberal,2
conclusions,2
consciousness,2
threatening,2
impact,2
w,2
starling,2
permanent,2
aptitude,2
assessments,2
talking,2
uses,2
result,2
my,2
came,2
acting,2
found,2
attack,2
householders,2
deal,2
scotland,2
reply,2
bulloker,2
events,2
dispute,2
governing,2
markets,2
term,2
understood,2
though,2
war,2
silence,2
litigation,2
viewed,2
meet,2
purchased,2
otherwise,2
record,2
affair,2
aspects,2
almost,2
directly,2
none,2
percent,2
relief,2
claim,2
reader,2
elizabeth,2
year,2
genuine,2
describe,2
older,2
discussions,2
call,2
proliferation,2
michelle,2
astute,2
assembly,2
published,2
callaghan,2
tudor,2
arise,2
caused,2
level,2
inequalities,2
recast,2
assemble,2
family,2
schramm,2
lawyers,2
manchester,2
decline,2
fully,2
scott,2
historicized,2
yarmouth,2
nations,2
prescribed,2
replacing,2
led,2
nation,2
onset,2
various,2
rested,2
letters,2
burghs,2
corporation,2
harris,2
judgment,2
fusion,2
comments,2
unprecedented,2
strategic,2
hold,2
powerfully,2
spoken,2
philadelphia,2
yet,2
serve,2
continuity,2
merchant,2
light,2
astrology,2
complete,2
keeping,2
same,2
teaching,2
appeals,2
forge,2
moments,2
williams,2
provide,2
french,2
law,2
gangraena,2
participated,2
shelf,2
chaps,2
unexpected,2
fact,2
preserve,2
fundamental,2
regulation,2
time,2
defamation,2
governed,2
larger,2
debates,2
man,2
observes,2
anne,2
distinct,2
diminished,2
manner,2
rapid,2
where,2
purposes,2
coincided,2
booksellers,2
wood,2
convenient,2
polities,2
argues,2
sir,2
classes,2
penned,2
intent,2
genres,2
including,2
enhanced,2
increase,2
eclipsed,2
instrumentalism,2
lesser,2
lawrence,2
discontinuity,2
pamphlets,2
previous,2
epistles,2
theories,2
theoretical,2
continuities,2
finally,2
august,2
held,2
christopher,2
habermasian,2
would,2
interlocutors,2
ernst,2
structuring,2
staalmeesters,2
provides,2
latter,2
rembrandt,2
pocock,2
bihr,2
structure,2
james,2
patterson,2
rhetorical,2
equivalent,2
astonishing,2
haven,2
engagement,2
attention,2
farm,2
european,2
charters,2
popularity,2
inculcated,2
pessimism,2
consent,2
suggestive,2
burghers,2
vernacular,2
ordinary,2
independence,2
norbrook,2
army,2
transformed,2
embodying,2
effectively,2
newsbooks,2
legitimacy,2
syndics,2
papists,2
neighbourhood,2
often,2
puritans,2
get,2
face,2
stephen,2
drapery,2
neglected,2
associated,2
senior,2
complexity,2
must,2
simply,2
struck,2
constituted,2
invoked,2
extension,2
known,2
machiavellian,2
occupational,2
phillips,2
defining,2
privacy,2
principle,2
control,2
different,2
appropriate,2
maitland,2
republicanism,2
absolutism,2
ideological,2
particularly,2
collins,2
jennifer,2
placing,2
rural,2
merely,2
better,2
places,2
bien,2
whether,2
rose,2
form,2
namely,2
angela,2
borsay,2
extent,2
while,2
expressly,2
presented,2
given,2
officeholding,2
ballads,2
subject,2
representation,2
aspect,2
expositer,2
understandings,2
survival,2
lists,2
years,2
authorized,2
reveals,2
conn,2
catherine,2
jacobean,2
never,2
register,2
instead,2
include,2
critics,2
need,2
davies,2
regime,2
ciceronian,2
politicians,2
partisanship,2
enclosure,2
increased,2
archaic,2
potential,2
assumed,2
elites,2
consisted,2
patricia,2
subverting,2
little,2
corporatism,2
fiscal,2
broader,2
meeting,2
ca,2
roles,2
termed,2
major,2
difficult,1
democracy,1
selfinterest,1
tavern,1
fined,1
currently,1
apply,1
rate,1
struggle,1
foreshadowing,1
personally,1
deny,1
obligations,1
limits,1
punch,1
estimated,1
way,1
flourished,1
avoiding,1
protests,1
privately,1
groups,1
stood,1
adapting,1
manship,1
truth,1
represent,1
putney,1
culminated,1
tory,1
engendered,1
ruminating,1
burke,1
alone,1
incidental,1
adoption,1
unusual,1
concurrence,1
succession,1
beier,1
disc,1
amused,1
factionalized,1
settlements,1
replaced,1
rick,1
mike,1
breakup,1
jurisdictions,1
effective,1
closure,1
daye,1
advised,1
stone,1
pierre,1
overcharging,1
anno,1
asserted,1
fower,1
summaries,1
treatise,1
h,1
communally,1
unanswered,1
drawings,1
inhabit,1
denoting,1
propagandists,1
duke,1
whiting,1
policy,1
decreed,1
western,1
projectors,1
unlike,1
occurred,1
variants,1
freeman,1
whigs,1
nineteenth,1
fulfillment,1
jostling,1
induced,1
rosemary,1
po,1
arguing,1
promulgation,1
fearful,1
turning,1
laura,1
shoemaker,1
architecture,1
reprinted,1
iub,1
attribute,1
defeated,1
stressed,1
attorney,1
unearthed,1
philosophers,1
davis,1
invention,1
constituting,1
preceding,1
subscribed,1
localities,1
capp,1
utopia,1
regulating,1
discoursed,1
entailed,1
fathom,1
intimated,1
rhetorically,1
enables,1
address,1
penchant,1
prerequisite,1
capitalists,1
wardens,1
archer,1
agenda,1
worked,1
active,1
plunderers,1
paternalism,1
liberty,1
parties,1
dramatically,1
possibilities,1
immense,1
principles,1
knowing,1
copy,1
assess,1
broadly,1
desire,1
predated,1
converse,1
relieving,1
histories,1
greater,1
origin,1
assembled,1
encapsulate,1
follows,1
aesthetic,1
inherent,1
transferred,1
epitomized,1
atlantic,1
substantive,1
thanks,1
onto,1
composition,1
religion,1
dom,1
begun,1
introduces,1
conjugal,1
harmondsworth,1
shillings,1
prescription,1
commercialism,1
fuelled,1
cheshire,1
manipulating,1
emphasized,1
stand,1
valorization,1
somewhat,1
outstripped,1
hostile,1
bootham,1
embroiled,1
papers,1
churchwarden,1
similarities,1
depends,1
issue,1
advocates,1
obligation,1
dialect,1
catching,1
come,1
money,1
advice,1
sought,1
bases,1
standardizing,1
america,1
coward,1
twist,1
goodramgate,1
changed,1
custom,1
replacement,1
capable,1
cooperation,1
authentic,1
condition,1
entrepreneurs,1
belies,1
characterize,1
moderation,1
drive,1
chartered,1
election,1
reaction,1
functions,1
intriguingly,1
taxation,1
insight,1
structurally,1
fisherwomen,1
postmodernists,1
emasculation,1
calculated,1
reflection,1
diss,1
apart,1
taking,1
mental,1
combination,1
tyranny,1
variations,1
supervision,1
eliminating,1
familial,1
sent,1
selecting,1
belfrey,1
bottom,1
literal,1
above,1
along,1
objective,1
promises,1
innovator,1
economies,1
identifies,1
forged,1
aptitudes,1
lambert,1
sweet,1
congruence,1
benefit,1
inventory,1
overlaps,1
misrepresentation,1
pursuing,1
idealists,1
exposed,1
expanded,1
winning,1
guildhall,1
conflict,1
wombwell,1
interactions,1
divorced,1
thus,1
resonated,1
centralized,1
andy,1
township,1
accessible,1
throughout,1
riello,1
cicero,1
affiliation,1
sectarian,1
swallowfield,1
merchants,1
historically,1
reclaim,1
veracity,1
seminaries,1
realignment,1
walmgate,1
sedition,1
scottish,1
since,1
riot,1
falstaff,1
due,1
pursuit,1
targeted,1
recasting,1
hierarchy,1
g,1
integral,1
author,1
proliferated,1
struggles,1
neighbors,1
domain,1
center,1
brother,1
decided,1
honest,1
issued,1
adams,1
denote,1
nurtured,1
ease,1
employing,1
rooted,1
down,1
propound,1
affairs,1
hat,1
exercise,1
priority,1
progressive,1
retailing,1
rank,1
transpires,1
prophecy,1
gl,1
blame,1
underlying,1
daunt,1
circulation,1
times,1
burgeoning,1
inclinations,1
intercourse,1
back,1
antagonisms,1
searchers,1
handmaidens,1
channels,1
extraordinary,1
young,1
renowned,1
transposes,1
lost,1
left,1
continuous,1
twice,1
witnessed,1
networks,1
profit,1
invert,1
weight,1
overarching,1
mosaic,1
empiricism,1
obscure,1
consequently,1
echelons,1
interlocking,1
preserving,1
reasoned,1
drank,1
border,1
looms,1
deeply,1
wounded,1
prioritized,1
adult,1
jones,1
traits,1
invites,1
generation,1
competitive,1
exponentially,1
htg,1
cites,1
decisionmaking,1
rosalind,1
poverty,1
mechanism,1
principalities,1
vantage,1
anders,1
penetrative,1
van,1
aim,1
vestries,1
quietness,1
profoundly,1
colin,1
alleged,1
whose,1
hamburg,1
reflects,1
constellations,1
privilege,1
newsbook,1
serves,1
alastair,1
l,1
growth,1
prince,1
negatively,1
ostensibly,1
adds,1
stresses,1
tradesmen,1
edward,1
forced,1
joan,1
mediated,1
thou,1
appreciation,1
explicit,1
dangers,1
pinpointed,1
lieutenancy,1
notion,1
outputs,1
neatly,1
players,1
conceptions,1
environments,1
bristol,1
goes,1
deprived,1
granted,1
persistent,1
eight,1
unpaid,1
backdated,1
leave,1
magistracy,1
thereof,1
elaborate,1
enabled,1
lay,1
retail,1
disorderly,1
republicans,1
absorbed,1
divided,1
advantageously,1
fn,1
wash,1
exceptional,1
soul,1
involvement,1
provinces,1
braddick,1
clerk,1
leveller,1
green,1
wages,1
consider,1
conceptualization,1
escaped,1
bookbinders,1
broadside,1
objects,1
improvement,1
established,1
eventually,1
encourages,1
latin,1
elsewhere,1
driven,1
rabinow,1
numbers,1
welfare,1
mary,1
articulated,1
likened,1
weak,1
calendar,1
upper,1
enjoyed,1
situations,1
age,1
four,1
resorted,1
show,1
gloucester,1
additional,1
rationally,1
officer,1
beyond,1
imperial,1
defines,1
dramatized,1
jurisdiction,1
dissenter,1
puts,1
instance,1
amount,1
schooling,1
markku,1
senators,1
causing,1
antithetical,1
helped,1
export,1
strategy,1
providing,1
decades,1
drawing,1
plausibly,1
commanded,1
bureaucracy,1
holdings,1
opponents,1
cust,1
opening,1
sive,1
closely,1
necessities,1
cynthia,1
whom,1
contravened,1
gowing,1
arrival,1
allow,1
spreads,1
cloak,1
rule,1
entered,1
demise,1
entering,1
speeches,1
traditionally,1
access,1
tadmor,1
sociologically,1
kantian,1
seven,1
conventionally,1
ridicule,1
remodel,1
giorgio,1
noting,1
commoners,1
iron,1
captured,1
constantly,1
philosophical,1
poetry,1
townsmen,1
brokers,1
bookseller,1
juries,1
embedded,1
companion,1
townsman,1
topics,1
outset,1
irony,1
supporters,1
lord,1
informed,1
durham,1
nobles,1
focused,1
institute,1
transposed,1
rousseau,1
activist,1
fisher,1
kitchen,1
tools,1
appears,1
milton,1
versed,1
correll,1
scale,1
contiguous,1
russell,1
xvii,1
burgess,1
produce,1
feudal,1
absolute,1
hath,1
taught,1
find,1
repute,1
dependents,1
reconceived,1
premise,1
wide,1
negotiated,1
schema,1
pence,1
property,1
bastion,1
masculinity,1
patriarchal,1
information,1
wills,1
criteria,1
royalist,1
electing,1
aspiration,1
shape,1
commitments,1
taxes,1
nichols,1
having,1
cambridgeshire,1
competent,1
perpetuated,1
degrees,1
journals,1
internalization,1
mirrored,1
work,1
shopkeepers,1
rum,1
abroad,1
pr,1
received,1
krey,1
vote,1
writers,1
subscription,1
imagined,1
india,1
significantly,1
differ,1
begs,1
hereditary,1
sharon,1
explains,1
actors,1
edmond,1
anew,1
multiplied,1
touching,1
flourish,1
excessive,1
ten,1
englishmen,1
targets,1
surprise,1
loss,1
whole,1
precipitated,1
opined,1
fit,1
policies,1
printers,1
expansive,1
broad,1
warranted,1
keep,1
achinstein,1
formerly,1
intoxication,1
increasingly,1
eighteenthcentury,1
thereafter,1
winter,1
announcing,1
emancipation,1
colchester,1
translated,1
away,1
corollary,1
institution,1
craftsmen,1
ultimately,1
realms,1
endorsed,1
showing,1
strata,1
contending,1
unsupportable,1
trends,1
discreet,1
approach,1
manifestation,1
lhe,1
relentless,1
cage,1
multiplicity,1
responses,1
mendle,1
domineering,1
commons,1
accused,1
overbury,1
salons,1
successful,1
working,1
idiom,1
diminish,1
tom,1
shaping,1
rebukes,1
stage,1
wards,1
effeminizes,1
box,1
exclusionary,1
le,1
contrast,1
incipient,1
interacting,1
consolidation,1
sharp,1
ward,1
apparently,1
settlement,1
loan,1
augustan,1
around,1
divisive,1
openly,1
encompassing,1
specificity,1
amounted,1
apposite,1
ignore,1
june,1
concerns,1
munich,1
bridge,1
routine,1
starting,1
peak,1
essentially,1
distinguished,1
petition,1
renaissances,1
closeness,1
resonant,1
carrier,1
division,1
discreetly,1
condemned,1
interrogation,1
orthodox,1
degeneration,1
proper,1
describes,1
estates,1
rarefied,1
cogswell,1
abstracted,1
capitals,1
honorific,1
cannadine,1
skill,1
throne,1
inhabiting,1
moved,1
actions,1
sophistication,1
assizes,1
geographical,1
activities,1
pamphleteers,1
teleology,1
leah,1
subsequently,1
appeal,1
survived,1
barbara,1
libels,1
precepts,1
benches,1
perfect,1
pittock,1
therefore,1
republican,1
indite,1
highlights,1
insurgency,1
role,1
situation,1
business,1
stanford,1
constable,1
ballad,1
absence,1
unquestionably,1
strictures,1
enthused,1
habitus,1
modus,1
tedious,1
influentially,1
licence,1
operating,1
short,1
infamous,1
mb,1
discursively,1
hardest,1
comparative,1
frowns,1
ancien,1
warwick,1
play,1
return,1
ahistorical,1
scandalous,1
eminent,1
warranto,1
secretorie,1
disturbance,1
prevailing,1
gift,1
restructuring,1
convince,1
reconstruction,1
surviving,1
indicates,1
wines,1
landed,1
bankers,1
experiences,1
standing,1
canvas,1
buck,1
retelling,1
initially,1
registered,1
degree,1
settings,1
expectation,1
cultivate,1
decisions,1
direction,1
gadd,1
rime,1
biological,1
consumerism,1
meritorious,1
reel,1
antiquarian,1
auspices,1
museum,1
idlenesse,1
fair,1
arrangements,1
lloyd,1
intense,1
swer,1
suited,1
represents,1
worsened,1
accident,1
alongside,1
begged,1
sex,1
clergy,1
formally,1
alford,1
chronology,1
us,1
thesis,1
ancient,1
palmer,1
sixteenthand,1
assimilation,1
operandi,1
malleable,1
liberties,1
borthwick,1
wallis,1
acuity,1
unbalanced,1
demonstrates,1
infused,1
lewd,1
largest,1
insights,1
gary,1
qualified,1
unusually,1
rijksmuseum,1
inheritance,1
bateson,1
isolated,1
avoided,1
threatenings,1
declining,1
double,1
useful,1
subjective,1
persuasive,1
angel,1
gentleman,1
fellow,1
prevented,1
party,1
prognostication,1
constituency,1
tuesday,1
fire,1
critiques,1
majority,1
tuck,1
harrison,1
technique,1
garrison,1
offer,1
levin,1
experienced,1
financial,1
imbue,1
smith,1
complementary,1
empowerment,1
analytical,1
lobby,1
lacked,1
arbitration,1
incorporates,1
averages,1
lawful,1
communal,1
ale,1
idea,1
lexts,1
vernacularization,1
venice,1
head,1
scholars,1
bourgeoisie,1
striking,1
stanza,1
scolded,1
bourdieu,1
predominant,1
reform,1
alkin,1
viii,1
inevitably,1
exonerate,1
informing,1
estrangement,1
preferring,1
billingsgate,1
palliser,1
end,1
emphatically,1
overseas,1
underdown,1
variation,1
resolved,1
golden,1
fashion,1
utilize,1
removal,1
puritan,1
genealogy,1
readers,1
enough,1
took,1
drinking,1
learn,1
everyday,1
bungay,1
postmaster,1
deploy,1
free,1
jonas,1
developing,1
intersections,1
superimposed,1
conceits,1
mex,1
answer,1
interstices,1
piety,1
spoke,1
politic,1
dishonoured,1
eagle,1
capacities,1
books,1
presuppose,1
ink,1
coined,1
patronage,1
antichrist,1
refuted,1
discretions,1
historiographical,1
break,1
parlor,1
bulletin,1
minded,1
original,1
latterly,1
meetings,1
fundamentally,1
commercialized,1
recognizing,1
collecting,1
simple,1
oil,1
secured,1
intimate,1
examples,1
subjectivity,1
grossly,1
discovery,1
explanation,1
brady,1
range,1
courtiers,1
doorstep,1
catholicism,1
refeudalized,1
inefficiencies,1
rosenheim,1
fictional,1
fulwood,1
arose,1
realities,1
manufactured,1
judge,1
manifestations,1
microfilm,1
elite,1
crafts,1
atherton,1
collectivism,1
entirely,1
ordering,1
combining,1
affection,1
complement,1
transcendent,1
oppose,1
progenitors,1
mooted,1
began,1
doubt,1
engaging,1
congress,1
ideas,1
disputing,1
yorkshire,1
underestimates,1
questions,1
bitter,1
idealization,1
kingdom,1
nothing,1
cathedral,1
prints,1
halliday,1
literate,1
galvanized,1
dismissed,1
intimacy,1
townships,1
described,1
platform,1
templates,1
quadrupled,1
significance,1
meanings,1
clear,1
discovered,1
consult,1
michel,1
virtues,1
develop,1
confabulation,1
individual,1
scribal,1
methods,1
supplying,1
ceedings,1
tim,1
direct,1
features,1
depiction,1
risen,1
brewer,1
collected,1
multifarious,1
practiced,1
kramer,1
anyone,1
interacted,1
last,1
canonised,1
expired,1
martin,1
adequately,1
permitting,1
construct,1
repeated,1
inscribed,1
class,1
rejuvenation,1
decorous,1
especially,1
queen,1
commerce,1
disinterestedly,1
nicely,1
amussen,1
insists,1
sight,1
precinct,1
tiers,1
tactics,1
ann,1
exactly,1
relocating,1
monopolistic,1
actorfs,1
concepts,1
judgement,1
claiming,1
ludlow,1
durst,1
curry,1
retorted,1
locales,1
parameters,1
attracted,1
slipping,1
authorship,1
aldermanic,1
saw,1
industrialization,1
persuading,1
quarterly,1
corps,1
basically,1
shaftesbury,1
fee,1
greek,1
prescient,1
brown,1
vickery,1
reluctant,1
consumed,1
modernized,1
mss,1
overlapping,1
culmination,1
fails,1
genesis,1
carried,1
depth,1
unbeknownst,1
individualism,1
suggestion,1
saturation,1
amanda,1
competition,1
undoubted,1
stems,1
perry,1
perspectives,1
note,1
equals,1
coterminous,1
she,1
xxvn,1
george,1
quo,1
usually,1
rijn,1
centrality,1
criminal,1
vision,1
banter,1
masculine,1
bound,1
foster,1
reasonable,1
employment,1
celebration,1
rumours,1
logan,1
foregoing,1
populist,1
recognizes,1
primarily,1
unseemly,1
revisionism,1
dimensions,1
lecturer,1
communicatively,1
strongly,1
establish,1
imposition,1
force,1
render,1
circumspection,1
wisdoms,1
handmaiden,1
wilson,1
indicate,1
emphasizes,1
reconsider,1
warring,1
exclude,1
impersonal,1
construction,1
analysis,1
cease,1
blood,1
amalgamation,1
micklegate,1
chamber,1
populace,1
respect,1
wives,1
superseding,1
kilvert,1
served,1
articles,1
proximity,1
enunciated,1
commenting,1
enemie,1
resemble,1
hardly,1
susan,1
influencing,1
militia,1
meant,1
discarding,1
legacies,1
colclough,1
photographs,1
dissipation,1
exercised,1
sketches,1
postmodernism,1
bullying,1
historian,1
material,1
following,1
toast,1
cromwell,1
citizenry,1
antecedent,1
manors,1
rylands,1
facilitator,1
preclude,1
mercantile,1
wear,1
conceptualize,1
oi,1
committees,1
democracies,1
confounding,1
theme,1
summit,1
scrutiny,1
suffers,1
shop,1
constructed,1
decorum,1
organization,1
roderick,1
membership,1
perhaps,1
tenor,1
text,1
hohendahl,1
sinews,1
civilised,1
persuasions,1
offers,1
sustained,1
welt,1
livery,1
set,1
poorest,1
repository,1
quickly,1
corporeality,1
physically,1
continental,1
birthpangs,1
dismembering,1
tendencies,1
marvell,1
country,1
illuminate,1
proponents,1
steven,1
worth,1
share,1
december,1
fulcrum,1
east,1
eastwood,1
interested,1
merry,1
innovations,1
capital,1
herrup,1
drown,1
jiireen,1
klein,1
ph,1
teleological,1
expense,1
colonisation,1
constructions,1
universal,1
regard,1
scenario,1
intersected,1
post,1
manuals,1
metaphorical,1
florentine,1
cecil,1
counselors,1
privileged,1
espoused,1
uphold,1
heterodoxy,1
ordered,1
generalized,1
tracts,1
fitzmaurice,1
closest,1
just,1
recorder,1
conrad,1
type,1
oliver,1
person,1
justify,1
believed,1
animal,1
researching,1
defend,1
befitting,1
game,1
succeeded,1
purchase,1
attain,1
lessons,1
preexisting,1
notable,1
reign,1
discharge,1
levelling,1
implicit,1
stability,1
list,1
reputations,1
making,1
accounts,1
rebellion,1
dislike,1
taverngoing,1
calif,1
sociology,1
trinity,1
character,1
males,1
saucily,1
charged,1
contrasting,1
gauci,1
microcosm,1
novelty,1
leaving,1
problem,1
adaptation,1
inextricable,1
appropriated,1
listen,1
illustrated,1
patriotism,1
always,1
terling,1
foundations,1
crux,1
peltonen,1
yield,1
minster,1
voice,1
proposing,1
mg,1
u,1
listed,1
agreed,1
constitutionalism,1
phenomena,1
emphasis,1
virginia,1
levellers,1
retold,1
art,1
periodicals,1
subscriptions,1
felt,1
church,1
arbiter,1
oath,1
necessity,1
circumstances,1
tampering,1
urilhths,1
logical,1
prerogative,1
disparate,1
met,1
conclude,1
windsor,1
revolutions,1
prospect,1
peruse,1
duty,1
conversationally,1
monarchs,1
placeman,1
die,1
transition,1
undermining,1
administration,1
step,1
confronted,1
lesson,1
protestants,1
appointed,1
publicness,1
colonial,1
phenomenon,1
categories,1
credentials,1
allows,1
twin,1
und,1
waves,1
neglect,1
terminal,1
spellings,1
extensive,1
suppressed,1
named,1
belated,1
false,1
sanctioned,1
burger,1
question,1
promoted,1
enthusiasm,1
shown,1
until,1
models,1
obliged,1
councilors,1
drafts,1
commercial,1
locations,1
north,1
crucible,1
electronic,1
izenship,1
cordwainers,1
proclamations,1
deutschland,1
contract,1
counsels,1
campion,1
paradigm,1
configured,1
write,1
samuel,1
recovering,1
aristocratic,1
pertinently,1
naomi,1
kishlansky,1
mode,1
tactical,1
dangerous,1
parallels,1
course,1
manufacturers,1
joined,1
judges,1
land,1
cph,1
socially,1
managing,1
product,1
smaller,1
aristotelian,1
involving,1
quotes,1
wanly,1
exclusions,1
selfgovernment,1
discounted,1
philosophy,1
indecent,1
extremely,1
shift,1
burdens,1
campaign,1
ranged,1
anonymous,1
portrait,1
dazzle,1
profits,1
west,1
removed,1
spectator,1
historicism,1
penetrated,1
rest,1
harlow,1
nevitt,1
alexandra,1
urbane,1
bell,1
commodity,1
negotiate,1
era,1
gainst,1
views,1
acumen,1
interaction,1
erroneously,1
informality,1
propertied,1
images,1
immediately,1
flatly,1
counts,1
avoid,1
prison,1
willing,1
drew,1
observed,1
famous,1
longer,1
thenceforward,1
resources,1
close,1
customs,1
monk,1
cited,1
xxv,1
faction,1
refuting,1
