WORDCOUNTS,WEIGHT
the,39
of,30
to,24
that,19
and,18
s,17
i,15
gyáni,13
budapest,12
in,11
a,11
jews,9
central,9
cultural,9
european,7
modernism,7
is,7
not,7
would,6
for,6
were,6
culture,6
but,5
by,5
this,5
social,5
more,5
hungarian,5
jewish,5
many,5
see,4
it,4
was,4
find,4
history,4
from,3
non,3
also,3
urban,3
nor,3
had,3
book,3
one,3
as,3
about,3
out,3
international,3
modern,3
ethnic,3
at,2
gluck,2
context,2
congdon,2
he,2
list,2
rather,2
his,2
an,2
other,2
century,2
evidence,2
another,2
yet,2
percent,2
view,2
turn,2
literature,2
shared,2
why,2
contribution,2
perspective,2
they,2
on,2
my,2
needs,2
concerning,2
especially,2
marriage,2
class,2
divorce,2
indeed,2
role,2
vienna,2
educated,2
when,2
dispute,2
cities,2
than,2
magyar,2
claims,2
neither,2
assimilation,2
individuals,2
which,2
do,2
cited,2
dismissal,2
devoted,1
explanations,1
what,1
tell,1
polanyis,1
characterizations,1
argument,1
go,1
such,1
involved,1
victor,1
herzl,1
implicate,1
relevant,1
absorption,1
dubious,1
professor,1
acculturation,1
themes,1
most,1
cannot,1
experience,1
exclusively,1
fades,1
have,1
ascribes,1
authors,1
away,1
first,1
played,1
perspectives,1
beside,1
anything,1
matter,1
no,1
relatively,1
accept,1
hungary,1
motives,1
higher,1
conclusion,1
liberalization,1
reductive,1
crisis,1
multiethnic,1
multiplicity,1
modernists,1
constructed,1
include,1
large,1
crucial,1
offhand,1
mixed,1
individual,1
responds,1
tie,1
fülep,1
main,1
their,1
typically,1
giant,1
public,1
happily,1
characterized,1
budapestian,1
identity,1
impressive,1
disagreement,1
quarter,1
need,1
mass,1
if,1
molnár,1
wants,1
nordau,1
exclusive,1
odd,1
him,1
set,1
wished,1
groups,1
topic,1
high,1
ferenczi,1
cases,1
serves,1
contributors,1
effects,1
population,1
toward,1
might,1
holistic,1
derive,1
offer,1
accurate,1
after,1
step,1
prove,1
fenyö,1
possible,1
last,1
paragraph,1
intellectual,1
compelling,1
understanding,1
referred,1
still,1
lukács,1
remains,1
long,1
descent,1
between,1
whom,1
notably,1
work,1
nature,1
general,1
small,1
intent,1
summary,1
considering,1
steven,1
via,1
alter,1
fact,1
newfound,1
group,1
refer,1
beller,1
goal,1
indicate,1
eighty,1
religious,1
treatment,1
claim,1
could,1
reader,1
sides,1
whole,1
private,1
ghetto,1
sense,1
characterization,1
assertion,1
hatvany,1
concentration,1
found,1
lacking,1
lay,1
bourdieu,1
simply,1
predominant,1
example,1
laws,1
detailed,1
wishing,1
lists,1
exercising,1
accumulated,1
then,1
be,1
with,1
time,1
seven,1
like,1
support,1
break,1
national,1
where,1
reason,1
remarriage,1
extrapolates,1
clearly,1
treated,1
obscure,1
how,1
changes,1
developments,1
written,1
favor,1
specific,1
financial,1
much,1
hauser,1
take,1
meant,1
historical,1
among,1
review,1
we,1
around,1
perplexing,1
marry,1
consider,1
motive,1
there,1
using,1
jaszi,1
addressed,1
us,1
western,1
inter,1
aspect,1
provided,1
remarkably,1
think,1
rhetorically,1
jewry,1
freedom,1
nuanced,1
sole,1
patterns,1
al,1
behind,1
lajos,1
roughly,1
et,1
rates,1
presumably,1
any,1
karady,1
sees,1
distract,1
complete,1
mannheim,1
historian,1
surely,1
