WORDCOUNTS,WEIGHT
the,844
and,538
of,456
in,377
a,133
s,90
und,83
der,71
pp,67
to,64
new,62
l,61
on,50
de,48
historical,47
die,46
university,40
social,39
press,39
c,39
history,38
introduction,36
editors,36
j,35
w,35
revolution,34
john,34
d,34
for,33
politics,31
im,31
michael,31
e,30
m,29
editor,29
american,27
york,27
from,27
france,27
robert,26
la,26
david,25
essays,23
william,23
as,23
g,22
r,22
europe,21
peter,21
h,20
british,20
an,20
state,19
political,19
war,19
maine,19
french,19
policy,18
century,18
thomas,18
second,18
richard,17
perspective,17
case,16
review,16
et,16
martin,16
paper,16
des,16
collected,15
society,15
april,15
policing,15
james,15
city,15
states,15
women,14
england,14
crusade,14
f,14
law,14
gaulle,14
cloth,14
t,13
america,13
central,13
caron,13
von,13
by,13
karl,13
germany,12
di,12
jr,12
russian,12
technology,12
p,12
le,12
world,12
den,12
paul,12
power,12
mark,12
vlad,12
cambridge,12
wolsey,12
charles,12
modern,11
liberty,11
first,11
survey,11
german,11
les,11
its,11
am,11
economic,11
or,11
jahrhundert,11
george,11
donald,11
medieval,10
police,10
zwischen,10
du,10
henry,10
mormon,10
main,10
frankfurt,10
reflections,10
tepe,10
change,10
st,10
genoa,10
ii,10
culture,10
al,10
empire,10
renaissance,10
deutschen,10
black,10
northern,10
with,10
foreword,10
joseph,10
middle,10
west,10
burke,9
jews,9
studies,9
zu,9
eastern,9
zur,9
development,9
church,9
edward,9
xiv,9
family,9
migration,9
nation,9
class,9
european,9
order,9
life,9
control,9
labour,9
radicalism,9
crisis,9
kurt,8
at,8
bernard,8
ois,8
jonathan,8
franc,8
east,8
some,8
rights,8
republic,8
n,8
public,8
del,8
charity,8
art,8
during,8
community,8
assimilation,8
number,8
identity,8
britain,8
kenneth,8
united,8
pogroms,8
finance,8
steven,8
conference,8
democracy,7
english,7
walker,7
before,7
nineteenth,7
klan,7
morsel,7
conflict,7
andrew,7
en,7
age,7
victorian,7
das,7
frauen,7
cultural,7
wales,7
civil,7
knowledge,7
industry,7
barbara,7
frank,7
erdmann,7
industrial,7
deutsche,7
xii,7
banks,7
man,7
internal,7
un,7
dietrich,7
geschichte,7
popular,7
role,7
alain,7
henri,7
deutschland,7
x,7
commentary,6
asia,6
government,6
i,6
search,6
christiane,6
roger,6
ramunni,6
walter,6
cardinal,6
legal,6
b,6
dracula,6
religion,6
athens,6
alan,6
late,6
london,6
italy,6
overview,6
influence,6
transfer,6
florida,6
wolfgang,6
south,6
uber,6
bill,6
religious,6
ancient,6
eugenio,6
people,6
clive,6
toward,6
great,6
tier,6
v,6
florence,6
louis,6
christopher,6
after,6
brown,6
centuries,6
theory,6
problem,6
gestures,6
u,6
colonial,6
jan,6
singapore,6
years,6
zum,6
socialism,6
johnson,6
chicago,6
electricite,6
ireland,6
hans,6
miller,5
revolutionary,5
beltran,5
distributed,5
politik,5
military,5
gary,5
environmental,5
keith,5
daniel,5
ernest,5
geschichtswissenschaft,5
fritz,5
medical,5
kollaboration,5
vom,5
colin,5
his,5
growth,5
raymond,5
provinces,5
image,5
liberal,5
impact,5
eugene,5
international,5
europa,5
britischen,5
jewish,5
work,5
gender,5
early,5
eine,5
rome,5
movement,5
girolamo,5
fabienne,5
under,5
lee,5
party,5
politische,5
reform,5
philanthropy,5
contemporary,5
hartmut,5
woman,5
jacques,5
margaret,5
wilfried,5
general,5
study,5
paris,5
justice,5
sauberung,5
dm,5
not,5
biography,5
sciences,5
rural,5
sir,5
urban,5
exegesis,5
peripheries,5
between,5
race,5
nicholas,4
meaning,4
emsley,4
jane,4
center,4
mit,4
western,4
into,4
cornell,4
baker,4
joe,4
other,4
agrarian,4
xx,4
shepherd,4
money,4
italian,4
comments,4
processo,4
developments,4
unions,4
pierre,4
response,4
zweiten,4
third,4
gospel,4
jones,4
cardot,4
ix,4
contributions,4
white,4
albert,4
old,4
bulmer,4
norwegen,4
india,4
peasant,4
emergence,4
wealth,4
bruce,4
beyond,4
trotter,4
atkin,4
rule,4
symbols,4
ku,4
treptow,4
two,4
place,4
historische,4
nach,4
music,4
kelley,4
nolte,4
reid,4
bagwell,4
catholic,4
spanish,4
philip,4
dem,4
will,4
poland,4
bis,4
grande,4
southern,4
columbus,4
steve,4
weltkrieg,4
rise,4
lewis,4
unionism,4
financial,4
foreign,4
besatzungszone,4
als,4
anne,4
ages,4
books,4
private,4
kathleen,4
frauenforschung,4
use,4
maria,4
ideas,4
vii,4
trade,4
language,4
federal,4
ernst,4
queen,4
xvi,4
banking,4
anderson,4
sandra,4
financiers,4
china,4
perspectives,4
vision,4
analysis,4
norwegian,4
fall,4
campaign,4
wars,4
preface,4
conclusion,4
counterrevolution,4
roman,4
jean,4
periphery,4
imperial,4
historiker,4
ein,4
eric,4
klux,4
formation,4
francois,4
taylor,4
national,4
washington,4
jewry,4
secolo,4
russia,4
norman,4
traditional,4
among,4
building,4
gold,4
werner,4
scandinavian,3
gerald,3
forschungen,3
giorgio,3
nicaragua,3
birke,3
berlin,3
womack,3
cistercians,3
authority,3
labor,3
theatre,3
klier,3
ian,3
romanian,3
themes,3
experience,3
swedish,3
venice,3
all,3
nature,3
knight,3
xiii,3
carnegie,3
kingdom,3
harvey,3
sacred,3
reading,3
milos,3
context,3
citizenship,3
alfred,3
historians,3
king,3
histoire,3
giovanni,3
howard,3
aspects,3
bibliography,3
barry,3
fur,3
eva,3
electriciens,3
della,3
relations,3
media,3
unity,3
union,3
ithaca,3
cohen,3
topolski,3
y,3
town,3
how,3
ra,3
enseignement,3
catholics,3
electrique,3
gesture,3
their,3
k,3
lay,3
parola,3
marks,3
adele,3
mary,3
heller,3
xi,3
democratic,3
organisation,3
norway,3
view,3
epilogue,3
burrows,3
klaus,3
aftermath,3
nancy,3
societies,3
medicine,3
serge,3
durham,3
carole,3
moore,3
franco,3
opposition,3
hopkins,3
xix,3
scripture,3
participation,3
chew,3
literature,3
psychology,3
anna,3
forster,3
gunn,3
rudnick,3
future,3
killingray,3
konrad,3
diffusion,3
britische,3
emancipation,3
rituals,3
forces,3
hambledon,3
dakota,3
ann,3
hungary,3
lang,3
tom,3
socialist,3
cassis,3
anan,3
greek,3
transport,3
roodenburg,3
decline,3
lindley,3
commission,3
orthodox,3
progress,3
kristine,3
ellen,3
bremmer,3
battle,3
brumfield,3
supreme,3
finnland,3
coleman,3
female,3
allen,3
reconstruction,3
harry,3
bankers,3
artist,3
reception,3
interpretation,3
god,3
chris,3
switzerland,3
armed,3
williams,3
printing,3
smith,3
herbert,3
centennial,3
viii,3
time,3
classical,3
ivo,3
patterns,3
habsburg,3
free,3
interpreting,3
rosswurm,3
hindman,3
uri,3
birth,3
fissel,3
region,3
danemark,3
ethnic,3
evolution,3
auf,3
xv,3
biblical,3
garin,3
karlfried,3
reality,3
michel,3
kramer,3
zeitalter,3
edmund,3
tallett,3
weinberger,3
diamond,3
structure,3
jerzy,3
henderson,3
versus,3
mayring,3
bruland,3
calvin,3
herring,3
christian,3
popkin,3
science,3
ideology,3
who,3
herman,3
education,3
froehlich,3
arts,3
stephen,3
veroffentlichungen,3
changing,3
grand,3
dieter,3
mario,3
regime,3
sweden,3
brantly,3
guerre,3
intellectual,3
alexander,3
leaders,3
banac,3
half,3
domestic,3
iii,3
manchester,3
latin,3
wood,3
wirtschaft,3
senate,3
davidson,3
interrogatorio,3
augustine,3
what,3
benoit,3
gross,3
maire,3
personal,3
lois,3
ohio,3
adolf,3
wrigley,3
schulze,3
enforcement,3
ken,3
african,3
skandinavien,3
vigueur,3
territory,3
rio,3
paula,3
generale,3
question,3
commercial,3
loth,3
biagini,3
gerbod,3
armstrong,3
land,3
picht,3
typology,3
classification,3
chinese,3
cook,3
debate,3
views,3
philp,3
element,3
velimirovic,3
images,3
countryside,2
liberals,2
care,2
archives,2
o,2
revisionist,2
vor,2
holscher,2
davanti,2
way,2
if,2
pittsburgh,2
bicentennial,2
forschung,2
truth,2
career,2
ferdinand,2
cochrane,2
village,2
penale,2
goff,2
san,2
blessing,2
schools,2
continent,2
approaches,2
reason,2
rolf,2
moshe,2
neith,2
militarischen,2
gladstonian,2
arms,2
being,2
shawn,2
sources,2
revisited,2
fifteenth,2
chronicles,2
voices,2
clairvaux,2
anthony,2
taken,2
diego,2
xxi,2
kent,2
shlomo,2
gerson,2
bloomington,2
zeit,2
definition,2
georgia,2
salmon,2
noack,2
tradition,2
italien,2
nonconformity,2
orjohns,2
lydia,2
tramway,2
loud,2
court,2
nationalism,2
farmer,2
hands,2
ronald,2
there,2
maurice,2
last,2
erich,2
stand,2
croce,2
blakemore,2
allied,2
hilary,2
governmental,2
daunton,2
engelberg,2
hall,2
soldier,2
cooperation,2
polygamy,2
consciousness,2
dutch,2
supply,2
household,2
three,2
wehrmachtbefehlshaber,2
feldman,2
kanada,2
molho,2
ross,2
deposizioni,2
steiner,2
pedro,2
sanchez,2
harold,2
arrington,2
parties,2
icons,2
identities,2
railway,2
kedourie,2
einheit,2
since,2
testimoni,2
against,2
hierarchy,2
dei,2
einleitung,2
lectures,2
untersuchungen,2
okumene,2
ins,2
alison,2
wissenschaft,2
bacon,2
adam,2
times,2
columbia,2
fate,2
look,2
traditions,2
leadership,2
xavier,2
salt,2
philanthropic,2
jerusalem,2
romania,2
neill,2
may,2
van,2
cameron,2
competition,2
shipping,2
blansdorf,2
alastair,2
district,2
joan,2
appreciation,2
pogrom,2
communism,2
stuttgart,2
edwin,2
saints,2
dell,2
rus,2
andalusia,2
dialogue,2
stein,2
reforms,2
nelson,2
consequences,2
bagliani,2
faschismus,2
translated,2
empires,2
brunswick,2
perceptions,2
lin,2
river,2
elisabeth,2
duke,2
internationale,2
byzantine,2
yeo,2
welfare,2
remaking,2
contemporaries,2
four,2
zipperstein,2
eberhard,2
origins,2
prussian,2
campbell,2
problems,2
berindei,2
strategy,2
hope,2
franz,2
lacey,2
entnazifizierung,2
florescu,2
widerstand,2
margit,2
jurisprudence,2
geoffrey,2
slave,2
syracuse,2
gesellschaft,2
institutions,2
preaching,2
republik,2
seven,2
francisco,2
hospitals,2
boockmann,2
academic,2
hartung,2
midlands,2
banker,2
motrice,2
oder,2
henryk,2
nel,2
rousseau,2
czechoslovakia,2
leonard,2
reservation,2
province,2
singing,2
greenwood,2
persons,2
counties,2
lyons,2
um,2
indian,2
but,2
failure,2
invisible,2
kelly,2
sowjetischen,2
liberties,2
aktenerschliessung,2
concept,2
cio,2
jurgensen,2
nella,2
agnes,2
edmond,2
irish,2
thoughts,2
platt,2
realm,2
icon,2
durch,2
ivan,2
legislation,2
health,2
martha,2
lau,2
nj,2
drug,2
premiere,2
lives,2
andrt,2
metamorphosis,2
ist,2
presented,2
currents,2
paravicini,2
henke,2
rutgers,2
deutsches,2
mitchell,2
menendez,2
multinational,2
bolton,2
oduber,2
acts,2
ebrei,2
civic,2
andrei,2
texas,2
coast,2
division,2
eclairage,2
parliament,2
lorenz,2
woodrow,2
abrahams,2
hermann,2
crime,2
monarchy,2
gordon,2
claus,2
lanthier,2
liberation,2
rainer,2
nieman,2
series,2
klaits,2
organizations,2
osterreich,2
revival,2
harris,2
barrie,2
gift,2
shaykh,2
intervention,2
denmark,2
experiences,2
standing,2
resurrection,2
bundesrepublik,2
haltzel,2
road,2
slavic,2
grelon,2
ingenieurs,2
about,2
oxford,2
victor,2
violence,2
fair,2
wake,2
barker,2
storicismo,2
thought,2
giancarlo,2
frankel,2
charities,2
later,2
elizabeth,2
beate,2
islam,2
tribunale,2
baltimore,2
dan,2
wong,2
nineteenthcentury,2
tanner,2
jon,2
knapp,2
volume,2
regulation,2
leader,2
elie,2
fink,2
turner,2
responsibilities,2
towards,2
leading,2
alvin,2
pulp,2
ethics,2
industrie,2
arthur,2
rhetoric,2
forms,2
hand,2
monographs,2
murphy,2
model,2
landscape,2
oregon,2
orthodoxy,2
confrontation,2
lemke,2
practice,2
agencies,2
railways,2
mormons,2
simon,2
fieseler,2
understanding,2
indiana,2
kein,2
eighteenth,2
opera,2
constantin,2
patricia,2
territories,2
lieutenancy,2
prussia,2
lake,2
masaki,2
francis,2
yorkshire,2
ascalon,2
josephy,2
fer,2
frohlich,2
office,2
samuel,2
youssef,2
california,2
boyce,2
significance,2
appraisal,2
diplomacy,2
stress,2
urbanism,2
gervers,2
essay,2
vers,2
eve,2
good,2
period,2
stewart,2
mormino,2
systeme,2
regionalgeschichte,2
ungarn,2
frankreich,2
weimarer,2
successors,2
interpretations,2
dans,2
provincetown,2
concepts,2
capitalism,2
field,2
adenauer,2
robbins,2
fryde,2
we,2
industrialization,2
green,2
wohlert,2
claudia,2
tampa,2
dean,2
szelenyi,2
brenda,2
barnes,2
liberalism,2
glass,2
bohn,2
susini,2
tocqueville,2
novak,2
revisionism,2
rapallo,2
seventeenth,2
force,2
lawrence,2
joachim,2
gli,2
wilson,2
legacy,2
antiquity,2
garlick,2
construction,2
joel,2
is,2
frontier,2
centres,2
susan,2
chen,2
forschungsfelder,2
austria,2
seine,2
berg,2
abrechnung,2
neuzeit,2
historian,2
olszewski,2
jacobin,2
postcommunism,2
donna,2
masses,2
ralph,2
historischen,2
gerhard,2
text,2
symbol,2
dobson,2
alternative,2
dimension,2
eli,2
bulgaria,2
over,2
country,2
are,2
agostino,2
folk,2
style,2
printed,2
cardini,2
hospital,2
unter,2
planung,2
theology,2
guy,2
aspekte,2
ritchie,2
jennifer,2
past,2
edwardian,2
works,2
sermons,2
elites,2
fransois,2
show,2
unionists,2
economy,2
interwar,2
rebellion,2
fox,2
saint,2
unrest,2
adaptation,2
lambroza,2
rorem,2
her,2
institute,2
don,2
virginia,2
up,2
cram,2
beitrage,2
glaspell,2
miyake,2
peace,2
through,2
jahrhunderts,2
bourgeois,2
transition,2
quaglioni,2
reappraisal,2
beatrice,2
programs,2
merchant,2
representation,2
accusato,2
webb,2
woller,2
economie,2
ulrich,2
anton,2
negro,2
frontiers,2
naimark,2
twentieth,2
paradigm,2
institutional,2
nell,2
move,2
canadian,2
forbes,2
sur,2
reinhardt,2
ilwu,2
salewski,2
postscript,2
duroselle,2
booth,2
vi,2
papal,2
pathways,2
historischer,2
jahren,2
mondiale,2
professionalisation,2
yugoslav,2
arsenault,2
amy,2
vanden,2
jugend,2
polen,2
crucible,2
besatzungspolitik,2
arnold,2
politischen,2
christina,2
southeastern,2
portrait,2
laws,2
sherzer,2
xxv,2
suiddeutsche,1
sumner,1
yokohama,1
given,1
kiersch,1
hadler,1
it,1
aleksander,1
donations,1
fleming,1
dale,1
now,1
ja,1
eickelman,1
terje,1
colorado,1
gifford,1
matthews,1
interests,1
sapoa,1
avraham,1
edbury,1
kriegsende,1
grosses,1
faculties,1
kriegswirtschaft,1
accidents,1
firpo,1
bessel,1
significant,1
ruling,1
sussex,1
limits,1
dann,1
erinnerung,1
cubitt,1
institut,1
irl,1
common,1
imagining,1
moment,1
stuart,1
comunale,1
chivalry,1
historiographie,1
maternelle,1
judts,1
nahrungsmittelversorgung,1
milieu,1
names,1
patourel,1
hector,1
mannyng,1
corporate,1
vienna,1
barbel,1
uyberlieferungen,1
edouard,1
commitment,1
reimposition,1
boycott,1
historiques,1
dangers,1
taft,1
begegnungen,1
reconsidered,1
victorians,1
providence,1
preussischen,1
nachdenken,1
utilisations,1
college,1
fiction,1
japanischen,1
internationales,1
schuker,1
feminization,1
portrayals,1
gesehen,1
kahl,1
diane,1
galileo,1
miguel,1
empirical,1
eschatology,1
okkupation,1
douglas,1
riickschritt,1
fragmented,1
agricultural,1
celebrate,1
zdenek,1
italie,1
manuscript,1
stater,1
dogmatic,1
per,1
berel,1
denver,1
bei,1
esch,1
becoming,1
large,1
historisme,1
mitteilungen,1
tonlo,1
elementary,1
whisky,1
maas,1
wayment,1
conflicts,1
dottrina,1
cyprus,1
mike,1
hentenryk,1
myth,1
institutionnels,1
browning,1
nostalgia,1
vormiirz,1
larry,1
assessment,1
einschatzung,1
reassessment,1
food,1
paludan,1
maize,1
statism,1
sheffield,1
word,1
catastrophe,1
miriam,1
horowitz,1
cyrille,1
constitutes,1
ways,1
er,1
fuss,1
weiblichkeit,1
maizitre,1
antoine,1
burnham,1
mommsen,1
fra,1
lass,1
struggle,1
air,1
park,1
neueren,1
incunable,1
wandrille,1
wolf,1
douglass,1
considerations,1
morosan,1
armory,1
station,1
spirit,1
coltheart,1
quisling,1
cadres,1
lerner,1
pfeilkreuzler,1
vergessenen,1
nicht,1
afghanistan,1
richlin,1
recreation,1
royal,1
kenworthy,1
minor,1
stefan,1
muriel,1
habits,1
creed,1
feministische,1
biographical,1
factor,1
consecration,1
principalities,1
elbow,1
unite,1
huddersfield,1
bereich,1
rosemary,1
thurley,1
iaai,1
lib,1
source,1
claire,1
krcger,1
reich,1
glossary,1
ropstorff,1
guesde,1
contexts,1
violante,1
assaults,1
intentions,1
journeys,1
buganza,1
bengal,1
lansbury,1
kathryn,1
najemy,1
gail,1
accumulation,1
condottiere,1
lock,1
ives,1
railroads,1
gopinathan,1
burrow,1
passion,1
ludwigs,1
krisenfeste,1
neuere,1
australia,1
trennung,1
wrong,1
davis,1
dritten,1
polygamists,1
caroline,1
rivals,1
psychohistory,1
tribute,1
imprints,1
ostschwabischen,1
jackson,1
frtzouls,1
deren,1
childs,1
production,1
midwest,1
patschovsky,1
witches,1
illuminations,1
salvador,1
bushnell,1
shanghai,1
pomeranian,1
name,1
implications,1
grossmiichte,1
attempts,1
chaos,1
forstmann,1
motivations,1
pat,1
sheaves,1
rush,1
musical,1
suggestions,1
trine,1
attempt,1
substances,1
arrival,1
lutz,1
flanders,1
einhart,1
luda,1
jusqu,1
majesty,1
episcopal,1
leach,1
roon,1
verfasste,1
potere,1
akerman,1
memorial,1
feurer,1
frederick,1
regionale,1
goldsmiths,1
allan,1
restitutio,1
knowing,1
twenty,1
chiara,1
neal,1
bogucka,1
together,1
hottenberger,1
borders,1
volkan,1
stourzh,1
rodney,1
petter,1
ausgestaltung,1
reasons,1
right,1
chaghatay,1
katharine,1
outbreak,1
films,1
roland,1
origin,1
elyseevertrags,1
scott,1
narrative,1
einigung,1
pessimism,1
glock,1
achievement,1
teik,1
revisions,1
mills,1
andjapan,1
tragfaihigkeit,1
verard,1
jerald,1
oleszek,1
friedberg,1
esquipulas,1
herausforderung,1
bennett,1
billie,1
take,1
cinzio,1
regolare,1
cocks,1
frugoni,1
marches,1
lodge,1
voyagers,1
fresh,1
cazacu,1
heffner,1
dracul,1
vergiss,1
hausarbeit,1
holle,1
assisted,1
newell,1
miles,1
typical,1
respond,1
industrialisation,1
hakan,1
tsarist,1
richmond,1
procedimento,1
adventures,1
ber,1
volpe,1
studio,1
gibson,1
welsh,1
happersett,1
market,1
wolfram,1
nicaraguan,1
gottlieb,1
mervi,1
classbooks,1
vigezzi,1
el,1
lectricite,1
papers,1
tragedy,1
disorder,1
contents,1
proposals,1
historiens,1
csu,1
iverson,1
ectrometallurgie,1
parry,1
ridington,1
fayard,1
evaluation,1
lindqvist,1
afterword,1
trimberger,1
verzeichnis,1
uno,1
jahns,1
ableiges,1
besatzungszeit,1
kern,1
entente,1
planungen,1
broadway,1
rivalry,1
westview,1
bamberg,1
theodore,1
principality,1
roberts,1
floridano,1
malevich,1
opladen,1
courtier,1
medievalism,1
manifesto,1
gewerbelandschaft,1
historica,1
handel,1
castaldo,1
factors,1
israelite,1
scorr,1
metaphor,1
vorgehensweise,1
bases,1
hubert,1
bismarcks,1
gegenstand,1
thejadid,1
silber,1
agriculture,1
auftrage,1
batllori,1
lim,1
march,1
freemasons,1
leur,1
dream,1
wolverhampton,1
christianitas,1
traveling,1
prozess,1
account,1
porter,1
deceptions,1
remond,1
neufundlands,1
welcome,1
perigord,1
bohemian,1
nordic,1
sixteenth,1
forbidden,1
frauenbewegungen,1
labs,1
psychopolitical,1
europaische,1
offentliche,1
magnusson,1
mishkinsky,1
mutual,1
taxation,1
sioux,1
gregorovius,1
ahndung,1
investigator,1
rubin,1
autobiography,1
estland,1
staatenund,1
debrunner,1
petracchi,1
radicals,1
dewitt,1
beihefte,1
plantinga,1
isle,1
gekehrt,1
kuper,1
balota,1
benefactors,1
ungewisse,1
timothy,1
memoriam,1
resources,1
periodisierung,1
fortschritt,1
willem,1
ianua,1
brocchieri,1
redefining,1
negli,1
bailey,1
algar,1
volkl,1
sarastosa,1
nordeuropa,1
prosecution,1
manent,1
ritual,1
eunice,1
palermo,1
nefandum,1
todd,1
frankfurter,1
symonds,1
kim,1
collection,1
harmony,1
jakob,1
detectives,1
aggression,1
soto,1
bolsheviks,1
hudson,1
chiffoleau,1
transvaal,1
indischen,1
terror,1
sphere,1
collini,1
ulbrich,1
orbit,1
organised,1
ethnische,1
hwa,1
renner,1
hapgood,1
neutralitat,1
equalitarian,1
tochtern,1
staatsgebiets,1
collapse,1
paletschek,1
married,1
outrages,1
professionalism,1
structuration,1
szonja,1
tausend,1
bidegaray,1
helga,1
neighbours,1
massimo,1
kidwell,1
sociability,1
vovelle,1
stanlis,1
wunder,1
bucklers,1
safety,1
regio,1
identita,1
ferenc,1
pursuit,1
umfeld,1
sznura,1
fremder,1
helen,1
human,1
choral,1
klusakova,1
magic,1
machine,1
aus,1
dirksen,1
paulsen,1
agent,1
corner,1
millennium,1
interest,1
forgotten,1
prisma,1
produktionsweise,1
rebecca,1
weibull,1
expeditions,1
espionage,1
kaiserreich,1
zeittafel,1
brother,1
gunnar,1
dreyfus,1
malitia,1
intrappolato,1
natalie,1
mombasa,1
fitch,1
jeremy,1
mcwilliam,1
fruihen,1
encyclopedia,1
ray,1
spazio,1
beilegung,1
cadiz,1
dunlap,1
gottert,1
stained,1
emigration,1
mass,1
hakon,1
ziegler,1
wolchik,1
lesko,1
hat,1
conundrum,1
susanna,1
bus,1
plessis,1
wachholtz,1
pollard,1
wah,1
popularization,1
prophecy,1
archiven,1
norma,1
proletarisch,1
speculative,1
better,1
vigilance,1
polnische,1
professionalization,1
hibbard,1
robb,1
blecher,1
sam,1
concerning,1
breakup,1
hui,1
italiano,1
body,1
ha,1
sixtieth,1
aaron,1
lancashire,1
minden,1
modernity,1
thomists,1
houses,1
marginal,1
bihar,1
friar,1
exercise,1
frederik,1
egypt,1
ceau,1
verwaltungsaufbau,1
marquez,1
ecclesiastical,1
caribbean,1
alben,1
employers,1
publications,1
kolata,1
declinazione,1
elvert,1
schulz,1
casanova,1
hann,1
farmers,1
weight,1
outlook,1
omodeo,1
vergangene,1
fursenko,1
even,1
grubb,1
praktischen,1
fulton,1
communication,1
lindemann,1
hexaemeron,1
kam,1
tormentum,1
demonstration,1
citizen,1
stagnation,1
than,1
hoch,1
psychoanalysis,1
messages,1
meister,1
prelates,1
regno,1
savage,1
hardly,1
giovannini,1
boiteux,1
fusion,1
spannungsfeld,1
qadiriy,1
panaitescu,1
quiet,1
aldhelm,1
frauenbeziehungen,1
freins,1
guido,1
claude,1
shabtai,1
henk,1
rosalind,1
kreislauf,1
parks,1
kay,1
glen,1
architecture,1
blick,1
lyon,1
giudiziari,1
loraux,1
romano,1
beispiele,1
andret,1
zaynullah,1
poor,1
necessity,1
tribal,1
defection,1
keine,1
fort,1
sue,1
strich,1
americans,1
hamburg,1
hobsbawm,1
nordeuropas,1
nalla,1
criticism,1
templar,1
reagan,1
rolv,1
costs,1
marsha,1
krishan,1
sklar,1
folda,1
vichy,1
act,1
pauper,1
anointing,1
tichborne,1
katzir,1
links,1
prince,1
magus,1
soviet,1
graf,1
quellen,1
solidarity,1
morrison,1
everett,1
epuration,1
midi,1
burk,1
besoin,1
yung,1
memoria,1
decades,1
reign,1
borrowing,1
rapids,1
cloudy,1
patronage,1
hansen,1
coastal,1
fortini,1
reseau,1
constance,1
process,1
highway,1
menschheit,1
halstead,1
howell,1
powderham,1
conceptions,1
active,1
nauvoo,1
populism,1
arm,1
jarausch,1
tel,1
alabama,1
nellhaus,1
errichtung,1
bruszt,1
scottish,1
sarah,1
kiss,1
county,1
goodlad,1
funktion,1
renewal,1
reformists,1
chabod,1
chastel,1
silhouettes,1
recently,1
industrialisierung,1
population,1
jaures,1
ole,1
comme,1
realitat,1
leonardj,1
debat,1
kirby,1
retail,1
chemins,1
nabokov,1
bibliographical,1
iflwu,1
republicans,1
veniamin,1
space,1
rodal,1
methodologischen,1
lutheran,1
theodor,1
pratica,1
tedeschi,1
soul,1
gregg,1
understand,1
solutions,1
franzosischen,1
westdeutschen,1
marche,1
radikal,1
soon,1
grosse,1
wages,1
interdependence,1
skodvin,1
mazo,1
regionaler,1
prehistory,1
quarterly,1
desires,1
syonan,1
crescent,1
eley,1
schwarzrheindorf,1
generaliteitslanden,1
versehen,1
colonialism,1
reichsstadte,1
dwight,1
imposing,1
toy,1
benefits,1
languages,1
louise,1
mira,1
itzkowitz,1
berry,1
why,1
dalla,1
gieysztor,1
spurenforschung,1
clark,1
merveille,1
mittelalters,1
geschichtsauffassungen,1
shaking,1
beecher,1
ecclesial,1
buchstab,1
westinghouse,1
dobyns,1
pragmatism,1
quarters,1
listed,1
upper,1
pullman,1
tortura,1
trinitarian,1
thrush,1
nerheim,1
crusader,1
austrian,1
swein,1
halvorsen,1
woodlands,1
glatz,1
atom,1
max,1
juergen,1
tswissenschaft,1
fubini,1
tributes,1
bohmischen,1
stripping,1
asiatische,1
follow,1
grabois,1
schwarz,1
coalitions,1
olivier,1
potenzen,1
fiir,1
rebentisch,1
tessitore,1
indonesia,1
strike,1
frau,1
testament,1
stark,1
plates,1
ronan,1
togan,1
bevin,1
sanford,1
clemente,1
stoic,1
unbound,1
exploitation,1
reconsideration,1
utah,1
gurevich,1
thieves,1
back,1
ming,1
fruihund,1
carlo,1
maison,1
vladyshevskaia,1
teteriatnikov,1
orators,1
founding,1
technocrats,1
peltz,1
important,1
vorarlberger,1
andjames,1
comite,1
derek,1
parmer,1
management,1
mensch,1
boemia,1
systems,1
natives,1
constitution,1
hunke,1
vine,1
alexandru,1
kenya,1
fronte,1
loomis,1
ihre,1
producteurs,1
annees,1
beonio,1
angela,1
zang,1
frage,1
avant,1
wege,1
entwicklung,1
stanley,1
legislative,1
advance,1
petersen,1
endogenous,1
came,1
weissman,1
cynthia,1
inquisitore,1
societe,1
ricciardi,1
extent,1
dixon,1
dempsey,1
genetic,1
tra,1
fitzpatrick,1
siddons,1
katherine,1
courtwright,1
konfessionellen,1
six,1
baltischen,1
marion,1
demise,1
sixteenthto,1
bartholdi,1
taschenbuch,1
parliamentarian,1
muckleshoot,1
joy,1
commonwealth,1
processi,1
landerbildung,1
verlag,1
schulin,1
relating,1
politicization,1
foner,1
patrick,1
out,1
conscience,1
nordwest,1
scotland,1
lemaigrevoreaux,1
intellectuals,1
satirists,1
theophilus,1
circa,1
nippel,1
mccormack,1
caminos,1
radical,1
outpost,1
larsson,1
gelehrtenleben,1
owen,1
cosmogony,1
near,1
reusch,1
neutralitait,1
milanich,1
schutzheilige,1
cawthon,1
moreno,1
luscombe,1
linguaggio,1
suarez,1
feasibility,1
poetry,1
castelnuovo,1
representative,1
idees,1
cherubini,1
svante,1
czech,1
kommission,1
janes,1
politique,1
gottingen,1
pillis,1
schoeffer,1
further,1
left,1
fourth,1
ger,1
introduzione,1
donner,1
kooperation,1
occupation,1
naqshbandi,1
supporters,1
vile,1
equal,1
prescott,1
poverty,1
elez,1
rent,1
franceschi,1
spiegel,1
promoters,1
bend,1
hertzman,1
bureaucratic,1
reviews,1
eretici,1
mate,1
dynasty,1
umbruch,1
weaver,1
iiber,1
ruickblick,1
sturgis,1
yen,1
thane,1
tile,1
tefan,1
fla,1
raaflaub,1
trommer,1
ordnance,1
valota,1
gilded,1
normans,1
ammons,1
grounds,1
verhaltnis,1
steele,1
xvii,1
dayan,1
dialectic,1
crickets,1
produce,1
your,1
stoicescu,1
mechanical,1
perish,1
barkley,1
andre,1
unterste,1
cracco,1
olivia,1
captains,1
undemocratic,1
professionals,1
blake,1
gods,1
geburstet,1
contro,1
january,1
voice,1
biblia,1
twelfthcentury,1
expressions,1
masculinity,1
patriarchal,1
marie,1
affair,1
hartley,1
kristian,1
distressed,1
paulina,1
reinterpretation,1
warriors,1
reinke,1
rondo,1
dahl,1
seth,1
outstanding,1
shape,1
deutscher,1
christianity,1
vagrants,1
nichols,1
balser,1
periodical,1
provincial,1
tobin,1
angharad,1
heng,1
therapeutics,1
eduardo,1
theological,1
conversation,1
figurative,1
dilemmas,1
julia,1
perez,1
ahrweiler,1
verflechtungen,1
sax,1
makers,1
brundage,1
clarke,1
deputies,1
exterieure,1
markovits,1
weib,1
spicer,1
migrantinnen,1
received,1
rainy,1
hain,1
finkelman,1
burckhardts,1
furniss,1
frolinde,1
theodora,1
switten,1
adamson,1
cosmopolitanism,1
stadler,1
part,1
sharon,1
reding,1
curriculum,1
siok,1
zwei,1
placidia,1
actors,1
comment,1
danish,1
povolo,1
shuman,1
ioasafovna,1
description,1
neutrality,1
mccolloch,1
gegen,1
mitte,1
whole,1
year,1
weinberg,1
sbriccoli,1
dal,1
bible,1
niederlanden,1
fatherjuan,1
joaneath,1
rappe,1
aisgill,1
northwest,1
winfried,1
printers,1
folgen,1
doomed,1
bemerkungen,1
minoritaten,1
gtnther,1
gianni,1
beginnings,1
dru,1
stiefel,1
keep,1
magne,1
tatiana,1
sky,1
ontario,1
vociferous,1
winter,1
historien,1
jahre,1
antike,1
tzvetan,1
organizing,1
tappe,1
soldiery,1
nordsiek,1
publish,1
ackerman,1
shirley,1
penology,1
newspaper,1
tarkovskii,1
inveterate,1
il,1
heute,1
xviii,1
kritik,1
astute,1
amdam,1
liberale,1
kriegsmarine,1
project,1
sicily,1
lange,1
dowagers,1
rowe,1
hospitallers,1
faron,1
goncharova,1
sculpture,1
ethnicity,1
drunkards,1
dispensary,1
my,1
connections,1
polity,1
grassroots,1
carey,1
sulla,1
contradictions,1
healing,1
johan,1
approach,1
zurier,1
petrick,1
washing,1
camille,1
portraits,1
prices,1
probleme,1
pleket,1
grazia,1
excluding,1
tool,1
konfession,1
gottmann,1
seines,1
wei,1
siecle,1
businessman,1
domineering,1
solution,1
emancipationists,1
coker,1
hampson,1
bourricaud,1
whitehead,1
kenez,1
staatsnation,1
veneziano,1
sense,1
schroeder,1
gruen,1
xxvi,1
specie,1
thirteenth,1
rousso,1
no,1
electromagnetisme,1
responsibility,1
cold,1
campaigns,1
galsterer,1
verfiechtungen,1
writers,1
budrich,1
languedoc,1
things,1
stage,1
debts,1
foundry,1
protest,1
szeltnyi,1
thermique,1
lawton,1
devotional,1
politically,1
quinn,1
mcvey,1
theater,1
weisenfeld,1
medievale,1
diritto,1
discourse,1
turkistan,1
exegete,1
hole,1
ausgebliebene,1
pringle,1
energie,1
eldon,1
hermeneutics,1
chant,1
long,1
jardine,1
around,1
sagas,1
hercules,1
testimoniale,1
summon,1
castle,1
principals,1
autonomy,1
wilhelminischer,1
shapes,1
hanley,1
tony,1
munich,1
lehre,1
ship,1
berengo,1
repondre,1
sylvia,1
riscontri,1
chrysostom,1
depression,1
addams,1
catalonia,1
gesellschaftswissenschaften,1
saenger,1
daugherty,1
iron,1
hagiography,1
florentine,1
research,1
germania,1
alois,1
amerikanischen,1
englander,1
berthold,1
illusions,1
naturwissenschaften,1
beitritt,1
zwanzigsten,1
vauchez,1
hanf,1
redefinition,1
impossible,1
laude,1
kornacki,1
concubines,1
miniaturists,1
species,1
helene,1
merger,1
esperienza,1
szollosijanze,1
quarante,1
pays,1
beitragen,1
rogger,1
natalia,1
metropolitain,1
correspondence,1
bois,1
espoirs,1
woolf,1
notes,1
vamik,1
rebas,1
thorbecke,1
teo,1
carlton,1
bobbies,1
value,1
galen,1
stellung,1
miditoulousain,1
lotte,1
distanz,1
preliminary,1
lincoln,1
landesund,1
wackere,1
jost,1
litalie,1
actions,1
discontents,1
eileen,1
reducing,1
urbains,1
wiederaufbau,1
lenore,1
ectrification,1
planter,1
wende,1
too,1
lieutenants,1
greg,1
pope,1
lend,1
indians,1
bonin,1
degli,1
sidney,1
critical,1
medievalist,1
kirsi,1
therefore,1
belgium,1
eckhart,1
dentiere,1
kolboom,1
nationalsozialismus,1
franek,1
legale,1
frauengeschichte,1
reflexions,1
business,1
antioch,1
critics,1
pictures,1
finestein,1
constable,1
gauvard,1
beatrix,1
deutschlands,1
learning,1
observations,1
saw,1
clara,1
bullinger,1
tianenmen,1
nicolae,1
hillard,1
mannlichkeit,1
britnell,1
muslims,1
inquisitori,1
cdu,1
action,1
israel,1
quantifiers,1
hine,1
heinlen,1
lynn,1
lorme,1
ans,1
mechanisms,1
short,1
civilization,1
synthesis,1
dusan,1
shipps,1
brian,1
kopf,1
testimonianze,1
comparative,1
corporativo,1
dragons,1
verlegenheit,1
scriptural,1
ancien,1
khojas,1
play,1
corporatism,1
bosanquet,1
return,1
harzig,1
aches,1
perarnau,1
chuchryk,1
administration,1
tilly,1
quislinge,1
oscar,1
rita,1
sitting,1
virginitatis,1
repartition,1
hughes,1
koven,1
cornelius,1
dawn,1
men,1
osten,1
prophet,1
luise,1
garden,1
artisan,1
cistercian,1
roumaine,1
curtain,1
storico,1
studien,1
isenbike,1
jig,1
adjusting,1
coste,1
sigrid,1
hester,1
billington,1
mceldowney,1
theologians,1
cavallo,1
southeast,1
vie,1
engineering,1
liturgical,1
fighting,1
humaine,1
legality,1
vergangenheit,1
cattleman,1
robin,1
wilmington,1
komnena,1
chronicle,1
spatmittelalter,1
agli,1
philadelphia,1
secoli,1
margarita,1
iuber,1
atlantik,1
usages,1
druzhinina,1
housing,1
vs,1
opportunities,1
treaty,1
lloyd,1
schwedens,1
rules,1
trento,1
halls,1
kluwer,1
acknowledgments,1
lyndon,1
arbeitsund,1
hier,1
sex,1
heinz,1
bells,1
hens,1
schrecker,1
denys,1
dewey,1
rom,1
chronology,1
orange,1
fiorentino,1
grundformen,1
netz,1
wissenschaftlichen,1
teveth,1
mabel,1
index,1
demographic,1
traditioned,1
puzzle,1
profane,1
achieve,1
jay,1
sociological,1
politiques,1
summing,1
home,1
hudemann,1
une,1
zulrich,1
orders,1
informal,1
endangered,1
assistance,1
illuminated,1
note,1
professor,1
kieval,1
teaching,1
choices,1
besatzung,1
fouche,1
friendship,1
regina,1
aage,1
lilian,1
ed,1
issues,1
naval,1
historiography,1
wright,1
clunis,1
mavis,1
peoples,1
coutumier,1
without,1
these,1
hong,1
abrundung,1
chemin,1
sechzigerjahren,1
aristotle,1
sermones,1
mich,1
kristensen,1
ingo,1
praxis,1
ostschweiz,1
fugitive,1
kristall,1
chui,1
phyllis,1
suzanne,1
raids,1
westalliierten,1
glanville,1
constabulary,1
chloe,1
hodne,1
grossman,1
chee,1
balancing,1
gill,1
aux,1
dire,1
chanit,1
resolution,1
more,1
mesure,1
imaginations,1
transylvania,1
lindicibile,1
tour,1
tuck,1
begegnung,1
plundered,1
unreliable,1
conquetes,1
brille,1
book,1
albania,1
annan,1
nandri,1
devon,1
kettenacker,1
frauenrechte,1
death,1
baldwin,1
widenor,1
slavery,1
moorhead,1
towns,1
aronson,1
mise,1
rock,1
turbines,1
water,1
miquel,1
cocoltchos,1
nationhood,1
uberregionaler,1
zauber,1
arlington,1
uses,1
birgit,1
holiday,1
monks,1
enrico,1
luis,1
stories,1
areas,1
theorie,1
pennington,1
ghetto,1
empress,1
skov,1
clarendon,1
kulturellen,1
importation,1
creative,1
pressure,1
okkupationsherrschaft,1
advertising,1
bund,1
totalitaire,1
geschichtsschreibung,1
mcnally,1
thoresby,1
lohr,1
pains,1
claudio,1
ich,1
cheng,1
gritsch,1
suppressed,1
mose,1
origine,1
gestured,1
benninghaus,1
fleury,1
transports,1
auskunfte,1
marland,1
maps,1
gray,1
identitat,1
criollo,1
walther,1
end,1
excitement,1
godly,1
desire,1
olivieri,1
gaby,1
leogrande,1
kinship,1
golden,1
christl,1
ergebnis,1
lendemains,1
fremde,1
mcmillan,1
ecciesia,1
actu,1
carmine,1
beliefs,1
pure,1
zealand,1
honor,1
henrik,1
genealogy,1
behind,1
theo,1
italia,1
dominion,1
aviles,1
konzepten,1
gown,1
do,1
augustinian,1
communaute,1
spain,1
tales,1
magische,1
riding,1
centre,1
laggards,1
leeds,1
sheills,1
eckard,1
gorges,1
amanda,1
ancients,1
lobbies,1
westfalischem,1
durchhardt,1
kriegsgefahr,1
lehmann,1
couldn,1
sergio,1
prophets,1
irmela,1
competitors,1
serra,1
folklore,1
richards,1
macfarlane,1
gueslin,1
finnane,1
abdullah,1
flesh,1
geoff,1
toxic,1
adalberto,1
surveillance,1
shopmen,1
mansfield,1
paiva,1
wickert,1
piety,1
rozenblit,1
favorable,1
bedeutung,1
leske,1
colony,1
rohan,1
norms,1
japan,1
innocentii,1
furet,1
wilbur,1
native,1
worster,1
reconstructing,1
kornbluh,1
deloria,1
entwicklungstendenzen,1
andri,1
hamilton,1
routledge,1
agulhon,1
ivins,1
westintegration,1
abrechnungsfuror,1
driessen,1
linfield,1
paso,1
situation,1
haroldjames,1
machiavelli,1
kellenbenz,1
robe,1
day,1
infirmary,1
nicole,1
cornwall,1
barrett,1
forde,1
northwestern,1
missverstandnis,1
boers,1
organize,1
thomson,1
mentem,1
divisibilit,1
heywood,1
summers,1
local,1
hechter,1
original,1
brigitte,1
mats,1
cottrell,1
classes,1
sigmaringendorf,1
technologies,1
antisemitism,1
moderns,1
oil,1
discussion,1
tenenti,1
mallett,1
wilderness,1
rulers,1
raus,1
hazel,1
mccarthyism,1
intent,1
caring,1
sisters,1
knopf,1
westallgaiu,1
bergeron,1
matei,1
explanation,1
moralist,1
inizi,1
officialdom,1
karnik,1
reparations,1
values,1
brustein,1
forza,1
strafverfolgung,1
revolutionaren,1
writings,1
catholicism,1
formal,1
volksfeinde,1
giles,1
huw,1
categoria,1
mecaniques,1
electrochimie,1
shopfloor,1
lowell,1
sensibilities,1
francia,1
sturmer,1
looking,1
coulomb,1
arlene,1
accused,1
contacts,1
pommersheim,1
moskau,1
wachstum,1
orality,1
lothar,1
warrior,1
insurrection,1
ilija,1
ottosen,1
revivified,1
pfabigan,1
fredriksen,1
protectors,1
iiberregionale,1
sawyer,1
asian,1
ordering,1
enduring,1
expression,1
biberaj,1
ihrer,1
horst,1
markkola,1
drama,1
permanent,1
sorkin,1
koningsbrugge,1
robinson,1
equity,1
jackel,1
wirtschaftsweg,1
peu,1
congress,1
pauline,1
briggs,1
escu,1
alsace,1
jowitt,1
jahn,1
story,1
ocker,1
brunne,1
vladimir,1
ciobanu,1
norfolk,1
franklin,1
sonic,1
aesthetic,1
hirschfeld,1
heinrich,1
philosopher,1
quincentenary,1
nightmare,1
galla,1
ochs,1
eleventh,1
weseriubung,1
pendant,1
ai,1
constancy,1
dittmer,1
netherlands,1
korstad,1
shils,1
mei,1
weindling,1
faschistischen,1
negotiating,1
low,1
bernardine,1
explorations,1
arthurian,1
nursing,1
pedroso,1
expelled,1
moral,1
andrews,1
jose,1
geremek,1
wylie,1
comprehensive,1
liquor,1
publication,1
biget,1
ursenbach,1
modernization,1
yael,1
schemers,1
schleifer,1
hyldtoft,1
orth,1
painter,1
entre,1
rerup,1
workers,1
sampler,1
beobachtungen,1
buenker,1
individual,1
eder,1
callender,1
divisions,1
parisienne,1
powerful,1
marinestrategischen,1
rezachevici,1
ellis,1
leurs,1
grundlingh,1
kligman,1
function,1
brussels,1
summer,1
bowersock,1
mariateresa,1
caso,1
eines,1
high,1
woodcuts,1
dechristianizing,1
tonelli,1
tan,1
franzosischer,1
prasident,1
geographical,1
minority,1
viisainen,1
persistence,1
freundschaft,1
cabot,1
vorbedingungen,1
standard,1
ural,1
elsie,1
gassendi,1
sally,1
officials,1
klondike,1
municipal,1
aviv,1
giudici,1
countertheater,1
blanning,1
neutral,1
militirregierung,1
promotion,1
benedict,1
faith,1
venezia,1
weiblichen,1
moen,1
coudert,1
marchant,1
debuts,1
president,1
written,1
deutschlandforschung,1
coercive,1
wilkins,1
nationality,1
regionalism,1
ciappelli,1
imaginative,1
phillip,1
mining,1
painting,1
cullmann,1
torquere,1
plumpton,1
hungarian,1
schweden,1
awakening,1
henning,1
relation,1
sentner,1
irmline,1
mannliche,1
hennock,1
agrarianism,1
berndt,1
pensant,1
generalise,1
odessa,1
can,1
seattle,1
masculine,1
transmission,1
sowjetunion,1
criminology,1
marti,1
priests,1
sellerio,1
unbekannten,1
implication,1
prevost,1
greece,1
haberer,1
hillel,1
virago,1
conquest,1
earl,1
lichte,1
ertrag,1
morris,1
wells,1
cape,1
nazi,1
lamberti,1
institution,1
dodson,1
cologne,1
deagan,1
moralism,1
kaiserlahme,1
walsh,1
wesentliche,1
controversial,1
responsabilitia,1
guth,1
allison,1
pastor,1
taking,1
casinos,1
lottes,1
sipos,1
andere,1
stereotypes,1
weimar,1
academies,1
franzosis,1
baumeister,1
antonia,1
zukunft,1
lunatics,1
historikers,1
justin,1
makhtumquli,1
glasnost,1
philological,1
hochmittelalter,1
scheming,1
individualism,1
spannungsverhailtnis,1
kaplan,1
reichskommissariats,1
autodifesa,1
weiterentwicklung,1
unstamped,1
relationship,1
islamic,1
ueta,1
dolores,1
schleswig,1
aid,1
circle,1
kabbalah,1
milton,1
burdett,1
ducal,1
chances,1
grammar,1
bessemer,1
mckee,1
africa,1
equals,1
uriel,1
giurescu,1
independent,1
juyrgen,1
movements,1
jprgensen,1
danubian,1
maier,1
chan,1
frauenbewegung,1
lederhendler,1
invasion,1
heimarbeit,1
earth,1
linda,1
minorities,1
staaten,1
criminal,1
dominicales,1
consent,1
plays,1
orderly,1
consummate,1
hill,1
girolomo,1
wandel,1
select,1
confronto,1
rmt,1
modernism,1
schunck,1
fruhneuzeitforschung,1
dewalt,1
noel,1
medioevo,1
benedetto,1
lesley,1
independence,1
lantern,1
dimensions,1
lost,1
asa,1
army,1
kish,1
concluding,1
seen,1
hsiung,1
dyer,1
rethinking,1
yale,1
segle,1
anachronism,1
floor,1
visual,1
coercion,1
contribution,1
los,1
transformation,1
gerlach,1
bohlau,1
mittelalterliche,1
lucas,1
sufi,1
taruskin,1
countries,1
luciak,1
maureen,1
opitz,1
volumes,1
suche,1
miami,1
boulder,1
literacy,1
introductory,1
methods,1
siiddeutschen,1
hiroaki,1
christie,1
fatimid,1
graetz,1
wildlife,1
tre,1
aspekt,1
imputato,1
mementos,1
wheeler,1
settlement,1
logistics,1
hawkins,1
derbes,1
sheila,1
farago,1
konzentrationslager,1
bayly,1
urbanization,1
strategies,1
sympathy,1
mainz,1
imperialism,1
juravich,1
memmingen,1
face,1
frijhoff,1
divorce,1
arme,1
neumiinster,1
bank,1
saxonhouse,1
fsln,1
external,1
miccoli,1
gelb,1
militia,1
todorova,1
berger,1
conservation,1
andreescu,1
espanioles,1
merry,1
quah,1
archivi,1
totalitarianism,1
rohstoffe,1
school,1
pauperum,1
riley,1
shaw,1
dodge,1
border,1
duncan,1
historikerkongress,1
neun,1
then,1
reformation,1
staden,1
lennartjorberg,1
ekkehard,1
evergates,1
rewriting,1
bean,1
ehrman,1
kitschelt,1
reviewing,1
lessons,1
cromwell,1
dutu,1
steinmetz,1
bowlt,1
reichsbzw,1
erneuerung,1
frieden,1
winkelbauer,1
zonis,1
wirtschaftliche,1
bilan,1
osservazioni,1
nationale,1
tang,1
jurists,1
darnton,1
textilrevier,1
drammen,1
tenthcentury,1
diderot,1
edmunds,1
hellinga,1
kiessling,1
stieglitz,1
legge,1
maverick,1
besatzungsherrschaft,1
turn,1
berlitre,1
magda,1
rasulev,1
radu,1
theme,1
jorgen,1
marcel,1
franger,1
conformist,1
gert,1
beitrag,1
aryeh,1
libertylliberte,1
objects,1
leninist,1
manz,1
framers,1
friends,1
entry,1
roderick,1
goldberg,1
rivero,1
blacks,1
marino,1
kumar,1
nuova,1
spring,1
eerdmans,1
feaver,1
feest,1
bales,1
ferzoco,1
mohl,1
scutt,1
republics,1
eugenius,1
peel,1
kumene,1
butler,1
resonance,1
alistair,1
idest,1
sexuality,1
roy,1
defining,1
persisting,1
exil,1
aron,1
waldglas,1
stadt,1
mingay,1
takako,1
zahavi,1
revolutionaries,1
each,1
readily,1
anthropology,1
morrell,1
guarding,1
romujn,1
hunters,1
erinnerungen,1
ancestor,1
worth,1
bethlem,1
schindling,1
proposito,1
weshalb,1
herlihy,1
fijnault,1
eastwood,1
setting,1
schlemmer,1
key,1
sampling,1
lienhart,1
migrationsforschung,1
hays,1
observants,1
did,1
whitfield,1
disaster,1
unknown,1
ahr,1
bowers,1
arnim,1
appendix,1
electrotechnique,1
brick,1
urquhart,1
luther,1
marvin,1
domino,1
bonifacio,1
englische,1
ruckkehr,1
gramme,1
sick,1
tudor,1
jocelynne,1
jaroslav,1
foundation,1
ideological,1
gesta,1
sudan,1
ampolo,1
homme,1
newman,1
job,1
dinwiddy,1
debatte,1
twelfth,1
recherche,1
andersen,1
equilibrium,1
ferre,1
cultivation,1
cities,1
aufbruch,1
tracts,1
las,1
yamazaki,1
kulke,1
ausgleich,1
twining,1
thompson,1
mott,1
options,1
wied,1
deal,1
person,1
greenbaum,1
elsbet,1
goodfellow,1
heavenly,1
elena,1
gladstone,1
oecumenique,1
panama,1
ulm,1
ladies,1
crusaders,1
franciscan,1
maoist,1
hyman,1
miri,1
bianca,1
huhn,1
sigmaringen,1
barth,1
champagne,1
explanations,1
dengist,1
merkel,1
gudrun,1
poul,1
jennings,1
bruyn,1
investigation,1
muse,1
conservatism,1
seals,1
malfunction,1
kevin,1
terms,1
fumagalli,1
mireille,1
stability,1
queensland,1
rising,1
ahad,1
orleans,1
cause,1
sociology,1
lindgren,1
citystate,1
ausschaltung,1
concurrence,1
maintain,1
brunello,1
attitudes,1
zuckert,1
manuscripts,1
signature,1
millett,1
basch,1
venetian,1
ottmer,1
intercity,1
cannon,1
nachbarn,1
prozesse,1
contador,1
herrmann,1
obenaus,1
feudalismus,1
entrada,1
deposizione,1
surveying,1
mps,1
hegemony,1
hewitt,1
grigore,1
getting,1
esempio,1
mormonism,1
aufbewahrung,1
osietzki,1
foundations,1
gannon,1
hitler,1
divide,1
gruppen,1
suddeutschen,1
birthday,1
balance,1
hoxie,1
kulturgeschichte,1
richness,1
missed,1
moller,1
constitutionalism,1
kaarninen,1
ideal,1
woodard,1
threat,1
regions,1
zuoberst,1
mlectricite,1
britischer,1
reichskommissar,1
universe,1
patriotism,1
travel,1
theempire,1
patriotas,1
bob,1
generalabrechnung,1
helge,1
bodies,1
boston,1
marc,1
varieties,1
laboulaye,1
historisches,1
larsen,1
soper,1
characters,1
machtstruktur,1
richardson,1
paradise,1
entrance,1
recognition,1
homilies,1
herz,1
surveys,1
verdienst,1
kehr,1
extending,1
historiographique,1
marketing,1
frescoes,1
russische,1
became,1
konig,1
kroatien,1
hernando,1
callings,1
contradiction,1
techniques,1
plans,1
hamid,1
rossiaud,1
egyptian,1
controls,1
gulf,1
collegiate,1
entstehung,1
rationale,1
tsou,1
missionary,1
gesellschaftliche,1
alla,1
congressional,1
postsocialist,1
breakers,1
lesson,1
arguments,1
linguistics,1
spd,1
nasson,1
aufgabe,1
phenomenon,1
wycliffite,1
orbach,1
snow,1
manfred,1
au,1
writing,1
susanne,1
inquisitorio,1
neglect,1
cavallotti,1
remarks,1
disease,1
banal,1
psychobiography,1
forkbeard,1
adenauers,1
bundeskanzler,1
come,1
energies,1
esposito,1
democracies,1
jeanclaude,1
literatur,1
endelman,1
fred,1
ea,1
momaday,1
dello,1
contadora,1
models,1
multiethnic,1
liebte,1
todorov,1
argument,1
authorial,1
fi,1
recent,1
hermeneutic,1
sutherland,1
vietnam,1
bowley,1
lands,1
lazzerini,1
muchembled,1
blee,1
riccardo,1
catari,1
quest,1
nile,1
knights,1
illinois,1
scribes,1
hausfrau,1
fourteenth,1
mounted,1
defence,1
kongresse,1
jew,1
landers,1
poleis,1
landesverrater,1
soullitre,1
expectations,1
gewerbe,1
bodenhamer,1
hiring,1
hilton,1
americas,1
enlightenment,1
internationaler,1
pirjo,1
humor,1
usa,1
hunter,1
darlene,1
speaking,1
jahrhundertwende,1
evidence,1
unified,1
gransden,1
levy,1
philippa,1
rheumatism,1
wesen,1
graham,1
estruch,1
aristotelian,1
schatten,1
integration,1
thio,1
nachkriegszeit,1
you,1
plants,1
ukraine,1
hause,1
bouvier,1
playing,1
colo,1
urbana,1
limitations,1
tobacco,1
diaspora,1
ging,1
quotidien,1
modernisierung,1
wirklichkeit,1
rhe,1
walking,1
fine,1
profiteer,1
shift,1
definitive,1
hofer,1
necak,1
niederstatter,1
leuchtenburg,1
comparison,1
aural,1
burlingame,1
vorstellungen,1
restored,1
pervasive,1
drift,1
mehmed,1
cantor,1
millennialism,1
plea,1
vorindustrielle,1
chittolini,1
bestandsbeschreibung,1
irvin,1
charlotte,1
forrest,1
gunter,1
duffy,1
persuader,1
bart,1
frans,1
themselves,1
indische,1
grossbritannien,1
weber,1
strategic,1
landlords,1
fewsmith,1
jokes,1
engelbrecht,1
irlands,1
handwerk,1
era,1
valdivia,1
alberto,1
contrasting,1
pineapple,1
mcnary,1
hydroelectricite,1
vertu,1
poulsen,1
beziehungen,1
phillips,1
umwalzung,1
little,1
scholarly,1
improbable,1
anaheim,1
buirger,1
kermit,1
conventions,1
counts,1
kuhn,1
garrett,1
hefner,1
retrospect,1
north,1
bronislaw,1
fulvio,1
fictions,1
payton,1
wahrend,1
malcolm,1
gladney,1
problemes,1
lafeber,1
delayed,1
gulls,1
tragic,1
otto,1
aussenpolitik,1
inquisitoriali,1
willis,1
desrositres,1
schmitt,1
figueira,1
ue,1
verdery,1
