WORDCOUNTS,WEIGHT
the,1768
of,962
and,848
in,676
to,454
a,447
for,224
i,212
on,192
was,191
scottsboro,176
that,166
as,161
see,150
s,144
by,122
american,116
with,115
campaign,113
wright,110
it,104
her,99
negro,99
from,98
rgaspi,96
black,91
white,88
international,83
is,81
were,78
had,77
an,77
new,73
communist,70
not,70
she,68
ada,67
x,66
at,65
its,65
april,65
party,65
case,63
london,61
we,61
this,59
n,57
but,57
their,55
they,53
workers,52
boys,52
or,51
racial,50
york,50
m,49
historical,48
mother,47
review,46
he,45
who,45
be,45
are,44
german,42
which,42
political,41
against,41
defendants,41
also,41
t,40
all,39
worker,37
example,37
naacp,36
have,36
work,35
about,35
may,33
pennybacker,33
red,32
r,32
people,32
national,32
padmore,31
his,31
comintern,31
there,30
when,30
them,30
history,29
british,29
w,29
these,29
aid,29
been,29
united,29
negroes,28
ild,28
miller,27
berlin,27
politics,27
movement,27
germany,26
even,26
wrote,26
v,26
would,26
rosenhaft,26
britain,26
some,25
july,25
us,25
between,25
der,24
other,24
engdahl,24
world,24
one,23
papers,23
states,23
communists,23
press,23
europe,22
could,22
lynching,22
america,22
after,22
south,22
many,22
european,22
u,22
african,22
die,22
struggle,21
no,21
part,21
only,21
members,21
like,21
here,21
did,21
you,21
among,21
into,20
women,20
j,20
cpusa,20
trial,20
up,20
two,20
l,20
what,20
c,20
race,20
such,19
out,19
public,19
social,19
more,19
daily,19
mothers,19
chattanooga,19
over,19
has,19
d,19
committee,18
de,18
august,18
defense,18
alabama,18
if,17
those,17
labor,17
communism,17
b,17
mrs,17
during,17
presence,17
children,17
james,17
through,17
colonial,17
police,16
cpgb,16
most,16
own,16
ward,16
will,16
where,16
labour,16
global,16
our,16
first,15
left,15
so,15
union,15
tour,15
death,15
culture,15
know,15
both,15
e,14
comrades,14
before,14
every,14
war,14
june,14
southern,14
organizations,14
office,14
story,14
life,14
saklatvala,14
o,13
center,13
great,13
help,13
issue,13
victims,13
y,13
than,13
hamburg,13
university,13
nine,13
lai,13
und,13
yet,13
indian,13
leader,13
time,13
often,13
any,13
popular,13
blacks,13
chauvinism,12
h,12
cited,12
americans,12
visit,12
am,12
appeal,12
reel,12
strike,12
men,12
do,12
meetings,12
campaigns,12
including,12
class,12
series,12
william,12
years,12
library,11
within,11
roy,11
mass,11
march,11
young,11
activists,11
front,11
support,11
p,11
well,11
don,11
being,11
published,11
f,11
rape,11
made,11
trade,11
can,11
brown,11
susan,11
johnson,11
terms,11
question,11
rote,11
gehsta,10
rights,10
russian,10
without,10
soviet,10
hilfe,10
too,10
supporters,10
cultural,10
issues,10
league,10
sic,10
bourgeois,10
others,10
local,10
microfilm,10
congress,10
justice,10
fascism,10
bates,10
masses,10
organization,10
whose,10
until,10
youth,10
meeting,10
protests,9
studies,9
nancy,9
train,9
court,9
cunard,9
letter,9
september,9
walter,9
general,9
legal,9
my,9
histories,9
radical,9
struggles,9
your,9
interracial,9
research,9
various,9
antislavery,9
included,9
resolution,9
mooney,9
john,9
rhetoric,9
outside,9
interview,9
material,9
woman,9
fight,9
schomburg,9
louis,9
use,9
never,9
tennessee,9
africa,9
authorities,9
speech,9
while,9
conference,9
think,9
early,9
go,8
way,8
told,8
state,8
right,8
october,8
moscow,8
very,8
slave,8
him,8
represented,8
eight,8
harlem,8
intellectuals,8
late,8
moore,8
mobilization,8
authenticity,8
q,8
good,8
socialist,8
protest,8
order,8
long,8
around,8
mopr,8
second,8
sons,8
imagery,8
under,8
colored,8
power,8
fact,8
how,8
end,8
empire,8
spoke,8
eds,8
free,8
simon,8
period,8
nazi,8
george,8
set,8
meerut,8
different,8
manchester,8
goodman,8
des,8
presented,8
comrade,8
speak,8
ruby,8
images,8
addressed,7
college,7
willi,7
english,7
experience,7
give,7
england,7
government,7
context,7
clarence,7
richard,7
west,7
sent,7
central,7
price,7
image,7
linked,7
k,7
house,7
found,7
called,7
amsterdam,7
however,7
nothing,7
because,7
working,7
tom,7
met,7
led,7
letters,7
innocence,7
prisoners,7
regional,7
toward,7
stories,7
man,7
chair,7
students,7
vii,7
three,7
held,7
especially,7
patterson,7
internationalism,7
save,7
humanitarian,7
india,7
simply,7
down,7
cities,7
involvement,7
imperial,7
city,7
november,7
association,7
charged,7
abroad,7
prison,7
archives,6
done,6
later,6
alone,6
prostitutes,6
just,6
ways,6
ussr,6
fahne,6
ii,6
taken,6
secretary,6
take,6
coloured,6
east,6
vol,6
whites,6
member,6
throughout,6
pollitt,6
visited,6
interest,6
century,6
unity,6
third,6
van,6
ever,6
knew,6
special,6
liberal,6
anid,6
four,6
montgomery,6
poor,6
oppression,6
injustice,6
electric,6
received,6
writers,6
esp,6
shapiro,6
terror,6
norris,6
correspondence,6
belgium,6
republic,6
gender,6
harry,6
violence,6
read,6
home,6
same,6
reports,6
moments,6
solomon,6
french,6
charges,6
paris,6
seamen,6
number,6
going,6
active,6
herself,6
vernacular,6
language,6
jail,6
foner,6
rhetorical,6
carried,6
me,6
attitude,6
possession,6
proletarian,6
sympathy,6
get,6
face,6
cultures,6
december,6
best,6
propaganda,6
nmlh,6
far,6
kpd,6
circles,6
lynch,6
goldschmidt,6
little,6
democratic,6
families,6
north,6
instead,6
themselves,6
debate,6
should,6
reichstag,5
does,5
jury,5
common,5
europeans,5
revolutionary,5
connection,5
now,5
large,5
organizer,5
solidarity,5
former,5
character,5
olen,5
anything,5
certainly,5
voices,5
parties,5
leading,5
desire,5
itucnw,5
robert,5
ballam,5
felt,5
lynchings,5
th,5
human,5
g,5
z,5
cases,5
nor,5
back,5
served,5
conspiracy,5
journal,5
kelley,5
though,5
portrayed,5
notion,5
study,5
lives,5
cause,5
bremen,5
key,5
languages,5
hereafter,5
valera,5
demands,5
treat,5
cannot,5
colonies,5
civil,5
internationalen,5
literature,5
project,5
dresden,5
accused,5
signatories,5
crime,5
liberation,5
became,5
roten,5
attempts,5
economic,5
make,5
spoken,5
hoe,5
oxford,5
official,5
times,5
assistance,5
ed,5
paul,5
naison,5
challenge,5
stated,5
mark,5
again,5
foreign,5
appeared,5
documents,5
audiences,5
success,5
present,5
day,5
upon,5
contacts,5
kenyatta,5
sold,5
frame,5
described,5
platform,5
hammer,5
things,5
note,5
vision,5
referred,5
itself,5
ci,5
frames,5
traveled,5
stephen,5
family,5
peoples,5
biography,5
must,5
continued,5
report,5
bridgeman,5
powell,5
written,5
audience,5
beginning,5
id,5
sexual,5
suffering,5
making,5
attitudes,5
another,5
episode,5
bob,5
role,5
agents,5
representation,5
cambridge,5
conditions,5
crisis,5
joined,5
usa,5
speaking,5
recalled,5
potential,5
arnold,5
negers,4
church,4
birmingham,4
schools,4
le,4
continent,4
internationally,4
policy,4
princeton,4
chief,4
contexts,4
vocabulary,4
said,4
either,4
marcy,4
attempt,4
departure,4
words,4
mob,4
shaped,4
groups,4
tours,4
coming,4
liverpool,4
atlantic,4
nevertheless,4
last,4
committed,4
muinzenberg,4
hall,4
crossed,4
point,4
say,4
lawson,4
guilty,4
verdicts,4
conflict,4
andy,4
arrested,4
interior,4
malinowski,4
helen,4
funds,4
find,4
dutt,4
kentucky,4
repression,4
crow,4
communities,4
folder,4
smedley,4
rather,4
slavery,4
main,4
across,4
heard,4
lawyer,4
von,4
bosses,4
signed,4
impact,4
meant,4
put,4
textile,4
spirit,4
statement,4
plight,4
important,4
arrived,4
whom,4
thousands,4
alfons,4
typical,4
martyr,4
lived,4
chattopadhyaya,4
events,4
carolina,4
im,4
big,4
activist,4
placed,4
approached,4
hutchinson,4
january,4
used,4
lads,4
carry,4
heart,4
county,4
supreme,4
whole,4
records,4
forces,4
away,4
newspaper,4
boston,4
night,4
involved,4
highly,4
motherhood,4
always,4
st,4
majority,4
roots,4
provided,4
landlords,4
behalf,4
society,4
subsequently,4
situation,4
business,4
demand,4
minor,4
contact,4
might,4
still,4
above,4
chap,4
interpretation,4
permission,4
lloyd,4
intense,4
pickens,4
message,4
morgan,4
skin,4
fellow,4
hear,4
fire,4
science,4
journey,4
lovell,4
ought,4
book,4
simple,4
forms,4
took,4
racist,4
existing,4
celebrated,4
gastonia,4
reginald,4
judge,4
nwa,4
trials,4
netherlands,4
authors,4
eve,4
david,4
brussels,4
earlier,4
problems,4
wilkins,4
guilt,4
become,4
capitalism,4
department,4
haven,4
asking,4
edition,4
movements,4
minorities,4
ministry,4
claimed,4
seen,4
force,4
began,4
executive,4
countries,4
blood,4
months,4
school,4
victoria,4
certain,4
following,4
broke,4
les,4
literary,4
half,4
particularly,4
geschichte,4
shapurji,4
want,4
calif,4
unemployed,4
telegram,4
zur,4
millions,4
son,4
reported,4
despite,4
innocent,4
went,4
discussion,4
using,4
minstrelsy,4
faculty,4
invoked,4
twentieth,4
although,4
france,4
offered,4
orchestrated,4
russia,4
memories,4
nation,4
asked,4
close,4
major,4
populaire,3
currently,3
willie,3
page,3
concerned,3
democracy,3
stood,3
ready,3
ozie,3
roberson,3
view,3
sympathetic,3
rhd,3
agency,3
dundee,3
nigeria,3
word,3
formed,3
live,3
reformists,3
club,3
decade,3
allies,3
leipzig,3
practices,3
file,3
funded,3
weems,3
cast,3
based,3
posed,3
meaning,3
worked,3
kladno,3
trinidad,3
seems,3
toilers,3
carter,3
accompanied,3
borders,3
able,3
thanks,3
hundred,3
kingdom,3
atrocities,3
interviewed,3
raised,3
kilby,3
barred,3
system,3
dr,3
preoccupations,3
courtesy,3
task,3
money,3
browder,3
crowd,3
copenhagen,3
account,3
drive,3
internationalist,3
professor,3
dutch,3
chemnitz,3
invited,3
bans,3
along,3
object,3
forged,3
golding,3
prejudice,3
gillies,3
haynes,3
complained,3
penalty,3
saville,3
boy,3
characteristic,3
relations,3
andcl,3
buhle,3
issued,3
encyclopedia,3
media,3
miners,3
arena,3
turn,3
individual,3
dean,3
perspective,3
document,3
freed,3
ithaca,3
response,3
africans,3
moving,3
ally,3
guardian,3
traveler,3
impulse,3
look,3
critique,3
knows,3
leadership,3
publicity,3
klehr,3
sapmo,3
let,3
failed,3
philadelphia,3
town,3
testimony,3
statements,3
purely,3
nehru,3
adopted,3
paz,3
direct,3
parts,3
lay,3
ames,3
accounts,3
hawkins,3
win,3
wanted,3
descent,3
organized,3
den,3
internationale,3
record,3
lester,3
profile,3
age,3
beyond,3
cotton,3
friends,3
hours,3
stabr,3
hands,3
search,3
cell,3
term,3
palme,3
understood,3
recently,3
join,3
ford,3
conferences,3
numerous,3
taught,3
enough,3
briefly,3
jim,3
emphasis,3
reader,3
prominent,3
significantly,3
advancement,3
agnes,3
place,3
collective,3
winter,3
jahre,3
rituals,3
translated,3
border,3
mcdermott,3
stalin,3
victimized,3
status,3
least,3
eine,3
sense,3
successful,3
framed,3
yokinen,3
discourse,3
veteran,3
calling,3
several,3
spanish,3
wider,3
concerns,3
munich,3
depression,3
lawyers,3
boundaries,3
methodological,3
name,3
progress,3
wife,3
stephens,3
cite,3
threatened,3
gilroy,3
film,3
saw,3
strategists,3
limited,3
released,3
whatever,3
allen,3
uber,3
mainstream,3
standing,3
sending,3
paint,3
arbeiterbewegung,3
once,3
racism,3
sort,3
herndon,3
coverage,3
albert,3
soon,3
sex,3
god,3
harlan,3
organize,3
williams,3
transatlantic,3
independent,3
clipping,3
double,3
anticolonial,3
law,3
sometimes,3
stating,3
pointed,3
rock,3
rhodes,3
pressure,3
unionists,3
demonstrations,3
plan,3
contemporary,3
readers,3
michael,3
intemational,3
perhaps,3
narrative,3
snitow,3
ordinary,3
artists,3
remained,3
autobiography,3
mills,3
imperialist,3
link,3
examples,3
alliance,3
einstein,3
moody,3
croppers,3
food,3
rescue,3
individuals,3
deployed,3
rouge,3
ties,3
try,3
allowed,3
minister,3
summer,3
played,3
ernst,3
lonsdale,3
article,3
billings,3
trying,3
eyes,3
northern,3
hand,3
laski,3
hartford,3
wells,3
figures,3
tendency,3
reformist,3
sole,3
la,3
widely,3
attended,3
staying,3
separate,3
circle,3
figure,3
hill,3
fryer,3
instances,3
bulletin,3
render,3
empires,3
insistently,3
existed,3
slogan,3
recantation,3
arts,3
joseph,3
haywood,3
wages,3
sweden,3
girls,3
practice,3
mann,3
miinzenberg,3
extensive,3
tawney,3
delegates,3
known,3
dialect,3
organizational,3
cover,3
knight,3
berkeley,3
dokumente,3
refused,3
sm,3
leaders,3
clearly,3
contradictory,3
thompson,3
rural,3
february,3
defend,3
born,3
carefully,3
kevin,3
nationalist,3
form,3
list,3
brutal,3
particular,3
trinity,3
kind,3
jawaharlal,3
extent,3
hitler,3
resident,3
hundreds,3
sentenced,3
port,3
art,3
multiple,3
introduced,3
causes,3
leaflet,3
territory,3
indians,3
writing,3
chairman,3
remarks,3
come,3
charlie,3
understandings,3
ultimately,3
tageblatt,3
difference,3
conn,3
write,3
washington,3
finally,3
wish,3
hooker,3
magdeleine,3
need,3
files,3
ll,3
writer,3
involving,3
off,3
traveling,3
vi,3
news,3
vandervelde,3
protested,3
archival,3
reached,3
era,3
asks,3
develop,3
focus,3
much,3
seek,3
taylor,3
networks,3
observed,3
altered,3
daughter,3
roles,3
scandinavian,2
ira,2
waited,2
child,2
deny,2
prostitution,2
rev,2
milieu,2
names,2
modern,2
vienna,2
suggested,2
created,2
commitment,2
ni,2
represent,2
personnel,2
extreme,2
cells,2
trans,2
hauptstaatsarchiv,2
resided,2
adoption,2
federation,2
group,2
needed,2
conducted,2
complex,2
significant,2
systematically,2
whip,2
properly,2
prime,2
georgi,2
originals,2
weimar,2
better,2
station,2
imperialists,2
burn,2
occurred,2
clippings,2
brittain,2
holding,2
niggers,2
expatriate,2
service,2
something,2
weltkongresses,2
pioneers,2
du,2
negative,2
test,2
appealed,2
rising,2
coding,2
attorney,2
jesse,2
sources,2
wrong,2
li,2
frankfurt,2
jackson,2
harborworkers,2
address,2
anticolonialist,2
rapid,2
sub,2
actual,2
emerged,2
repressive,2
nature,2
million,2
confirmed,2
auf,2
possibilities,2
capitalist,2
refugee,2
broken,2
suggesting,2
thank,2
differences,2
farmers,2
portrayal,2
wave,2
deutschen,2
reveal,2
subsequent,2
reinterpret,2
roosevelt,2
petty,2
erich,2
miles,2
greatly,2
henry,2
reserved,2
principal,2
china,2
discipline,2
solved,2
handled,2
return,2
daniel,2
monday,2
tell,2
tragedy,2
courage,2
agnew,2
side,2
moord,2
abyssinia,2
alfred,2
plea,2
eastern,2
historians,2
mill,2
bezirk,2
melodramatic,2
mackinnon,2
draw,2
economics,2
unite,2
brit,2
chapter,2
anticipation,2
maxton,2
prior,2
fighter,2
authentic,2
broadcast,2
mountaineers,2
adopting,2
schwarze,2
etc,2
julian,2
flourishes,2
radicals,2
except,2
exchanges,2
jomo,2
liberals,2
himself,2
mooniey,2
longstanding,2
harold,2
murderous,2
eamon,2
factional,2
framework,2
indicates,2
personalities,2
collapse,2
affiliation,2
surely,2
relationships,2
angelo,2
dynamics,2
iah,2
integral,2
lady,2
stansell,2
moment,2
wakefield,2
allure,2
saxony,2
jr,2
convention,2
jonge,2
stuhl,2
distinct,2
elements,2
legacy,2
visions,2
star,2
body,2
versailles,2
modernity,2
compared,2
publications,2
alliances,2
bogle,2
heightened,2
slogans,2
drawn,2
hollywood,2
mad,2
spite,2
sister,2
occasion,2
jones,2
hardly,2
generation,2
influence,2
build,2
referring,2
impossible,2
seventh,2
offices,2
opposed,2
starving,2
menace,2
essential,2
agitation,2
edited,2
camp,2
menschen,2
district,2
stop,2
soviets,2
true,2
organizing,2
square,2
leonard,2
reference,2
myself,2
stuttgart,2
killing,2
postcards,2
staatsarchiv,2
associate,2
thing,2
similar,2
expelled,2
massenorganisationen,2
cardiff,2
institutionalized,2
makes,2
nos,2
redt,2
promoting,2
earl,2
moves,2
memphis,2
howe,2
voor,2
vera,2
alongside,2
category,2
suffered,2
perceptions,2
kampf,2
circulated,2
bad,2
visas,2
tensions,2
forget,2
delegation,2
possibly,2
oguntoye,2
mobs,2
old,2
familiar,2
liberator,2
serious,2
transformed,2
section,2
consciousness,2
welfare,2
reconstituted,2
mary,2
check,2
oni,2
ministers,2
abt,2
translator,2
rich,2
origins,2
followed,2
explained,2
belgian,2
instance,2
restaurant,2
founding,2
strategy,2
trained,2
widow,2
appear,2
conflicts,2
atlanta,2
result,2
herald,2
agenda,2
six,2
color,2
tribunal,2
savagery,2
attack,2
speaker,2
baton,2
effort,2
treason,2
centers,2
energetic,2
shared,2
italian,2
mining,2
oh,2
captured,2
interpretations,2
featured,2
base,2
pkd,2
juries,2
outset,2
chinese,2
shall,2
rent,2
czechoslovakia,2
skilled,2
afforded,2
tools,2
appears,2
youths,2
sentence,2
younger,2
accusers,2
scale,2
katharina,2
opposition,2
wide,2
jewish,2
died,2
weren,2
scene,2
aspects,2
almost,2
directly,2
having,2
participation,2
vara,2
line,2
relief,2
journals,2
douglas,2
industrial,2
locus,2
angriff,2
heavily,2
edn,2
secret,2
indigenous,2
got,2
older,2
editorial,2
partly,2
thereafter,2
call,2
cry,2
rise,2
showing,2
president,2
petitions,2
washing,2
commons,2
below,2
love,2
responsibility,2
recanted,2
aroused,2
revolution,2
suggest,2
stage,2
politically,2
typically,2
contrast,2
ain,2
phrase,2
claim,2
belt,2
attention,2
small,2
ship,2
industry,2
brought,2
notorious,2
citizens,2
illusions,2
philip,2
stereotypes,2
parliament,2
barely,2
bundesarchiv,2
cites,2
mobilizations,2
courts,2
reflected,2
newly,2
grateful,2
activities,2
fascists,2
womanhood,2
reformism,2
variety,2
elimination,2
emp,2
bringing,2
irish,2
action,2
giving,2
spectacle,2
glasgow,2
indeed,2
drama,2
located,2
comparative,2
anticolonialism,2
toms,2
bis,2
revolt,2
classic,2
nearly,2
corresponded,2
curtain,2
argument,2
artist,2
decisions,2
antagonisms,2
relationship,2
frank,2
cheap,2
depicted,2
gave,2
sympathies,2
fair,2
hugh,2
fifth,2
ia,2
koch,2
elizabeth,2
light,2
keeping,2
mielke,2
sharply,2
dan,2
um,2
al,2
largest,2
refugees,2
shipping,2
bar,2
director,2
picture,2
harper,2
commutnism,2
constituency,2
dimitrov,2
negres,2
bring,2
baptist,2
ask,2
towns,2
since,2
gladys,2
smith,2
headquarters,2
herbert,2
speaks,2
joyce,2
encompassed,2
josef,2
treatment,2
endless,2
husband,2
break,2
pamphlet,2
uncle,2
shoulder,2
considerable,2
impending,2
klan,2
greeted,2
blackness,2
burning,2
intervene,2
en,2
attempting,2
purposes,2
execution,2
tactical,2
vernaculars,2
coons,2
surveillance,2
coincided,2
conviction,2
colony,2
rapists,2
real,2
native,2
metropolitan,2
encountered,2
violent,2
responded,2
heywood,2
week,2
secured,2
birth,2
treated,2
maritime,2
slaves,2
region,2
alerted,2
signaled,2
previously,2
sixth,2
depended,2
berliner,2
identity,2
attributed,2
concern,2
murdered,2
probably,2
largely,2
encounters,2
survey,2
questions,2
ethnic,2
engaged,2
zum,2
nationalism,2
literate,2
charleroi,2
theoretical,2
scotsboro,2
significance,2
directed,2
sensitivity,2
reputation,2
sustain,2
essay,2
peter,2
ireland,2
mulattoes,2
sought,2
tamiment,2
kept,2
negerkinder,2
thomas,2
associated,2
ignorance,2
imagination,2
spent,2
pardoned,2
outcomes,2
elaborate,2
chapel,2
newspapers,2
references,2
overcome,2
ann,2
organizers,2
enemies,2
primitive,2
seeking,2
looked,2
versus,2
leroy,2
connections,2
joint,2
governor,2
platforms,2
decision,2
expressly,2
increasing,2
solar,2
rajani,2
roode,2
bellamy,2
assigned,2
secretariat,2
foreseen,2
hulp,2
backward,2
dual,2
nationally,2
pat,2
succinctly,2
humanities,2
replied,2
lot,2
bars,2
provide,2
incite,2
next,2
mckenzie,2
box,2
prosperity,2
hathaway,2
rpt,2
mss,2
bunche,2
means,2
dimensions,2
accepted,2
translation,2
letterhead,2
comment,2
recognize,2
emissary,2
liberia,2
inspired,2
sharp,2
analysis,2
demonstrators,2
eugene,2
composed,2
griffith,2
concerning,2
raising,2
imperialism,2
regularly,2
austria,2
photographs,2
blackface,2
wars,2
protokoll,2
morning,2
redemption,2
arrest,2
founded,2
manual,2
constituted,2
officially,2
physical,2
ralph,2
supported,2
few,2
originators,2
offers,2
sections,2
elektrischen,2
defining,2
ran,2
each,2
monthly,2
sure,2
paper,2
interested,2
persecution,2
believe,2
ju,2
universal,2
domestic,2
post,2
foundation,2
boasted,2
job,2
greetings,2
associations,2
proposed,2
freight,2
absolutely,2
petition,2
places,2
growing,2
didn,2
defending,2
tears,2
economy,2
implicit,2
sacco,2
comes,2
interpreter,2
passed,2
act,2
problem,2
struggling,2
institute,2
annual,2
information,2
virginia,2
livingood,2
suspicion,2
diana,2
freedom,2
borinage,2
navigate,2
monitored,2
decisive,2
lucille,2
defied,2
show,2
ring,2
plans,2
flashing,2
everywhere,2
kathleen,2
arrve,2
demanding,2
huxley,2
ranks,2
maintained,2
au,2
amalgamated,2
cp,2
named,2
eric,2
necessarily,2
woolf,2
locations,2
editor,2
ignored,2
powers,2
deutschland,2
jazz,2
burnt,2
gunning,2
include,2
land,2
range,2
canadian,2
etiquette,2
already,2
thalmann,2
showed,2
anonymous,2
foregrounding,2
charles,2
combination,2
strijdt,2
politburo,2
grandson,2
chicago,2
youngsters,2
imprisonment,2
element,2
entire,2
documentary,2
given,2
immediately,2
drew,2
building,2
occur,2
continuously,2
kurt,1
fir,1
summed,1
final,1
ambush,1
horror,1
orators,1
reinvestigate,1
impossibility,1
punish,1
survived,1
reckoning,1
deak,1
lis,1
gerald,1
bundy,1
tashkent,1
ausstand,1
witlh,1
waarorn,1
parole,1
overflowing,1
ko,1
germcal,1
theatercoup,1
ferber,1
uoa,1
liists,1
ethics,1
films,1
stuart,1
ambivalence,1
threat,1
iba,1
anthony,1
terican,1
implying,1
generated,1
productions,1
overthrowing,1
blum,1
demonizing,1
singh,1
negermutter,1
cntr,1
novelist,1
till,1
tolneol,1
grappled,1
fervent,1
mostly,1
dalton,1
osofsky,1
unfounded,1
trudier,1
winifred,1
ignore,1
providence,1
interventions,1
dimension,1
send,1
shipbuilding,1
nationalities,1
bile,1
senteniced,1
multilingual,1
stovall,1
seizure,1
originating,1
nouvelle,1
enquiries,1
distinction,1
notably,1
sphere,1
distributed,1
crossing,1
systemic,1
suppressed,1
poses,1
hearings,1
asian,1
racially,1
initernicationatilein,1
settlements,1
operator,1
languished,1
rick,1
franz,1
iui,1
unsatisfactory,1
saved,1
syphilis,1
mike,1
infantilized,1
kinds,1
instructions,1
rethink,1
jews,1
unofficial,1
bucks,1
diplomatic,1
reassessment,1
engages,1
jubilee,1
horton,1
rediker,1
slhared,1
hull,1
catastrophe,1
tat,1
likely,1
disbelieved,1
regulations,1
confines,1
incarnations,1
saxon,1
soften,1
dear,1
intelrnationial,1
strictly,1
item,1
completely,1
coalition,1
palo,1
marcus,1
transportation,1
rogin,1
respectability,1
ly,1
air,1
heribert,1
fault,1
favor,1
nationalistic,1
satisfied,1
flows,1
devandra,1
proud,1
douglass,1
ore,1
ms,1
antecedents,1
ti,1
ramsay,1
pejorative,1
socialists,1
trace,1
todeszelle,1
arbeiterhilfe,1
protection,1
undertaken,1
relied,1
fixed,1
easily,1
ian,1
split,1
turns,1
kr,1
refers,1
hurston,1
ventured,1
malden,1
em,1
total,1
physicians,1
faded,1
embassy,1
beckett,1
maybe,1
expressed,1
assisted,1
lit,1
nairobi,1
foireign,1
courtey,1
proces,1
mcclellan,1
nineteenth,1
assume,1
mourned,1
concession,1
descriptions,1
eye,1
flared,1
source,1
meaningless,1
roduct,1
strikes,1
street,1
bulhle,1
qualification,1
assaults,1
baker,1
hoping,1
laura,1
efficacy,1
intentions,1
triumph,1
diasporic,1
predominantly,1
lansbury,1
wistfully,1
stadtarchiv,1
consistent,1
insurance,1
outhsgonnuwststetuatormal,1
ideas,1
gossip,1
moderated,1
else,1
paterson,1
explaining,1
mockerie,1
germanoafricaines,1
tistoss,1
credibility,1
toni,1
ifwt,1
groundswell,1
beschlulsse,1
davis,1
invention,1
fast,1
nzulu,1
embraced,1
swedish,1
abate,1
counitries,1
creation,1
avoiding,1
localities,1
boskin,1
hakim,1
victim,1
pervasive,1
derives,1
gotovitch,1
exaggerated,1
handle,1
originally,1
shanghai,1
path,1
implications,1
colors,1
rested,1
africana,1
goldschmnidt,1
concentrated,1
feeling,1
rede,1
diego,1
refusal,1
sunday,1
articulate,1
weekend,1
woolwich,1
analogies,1
advanced,1
capital,1
gilly,1
anu,1
switzerland,1
asia,1
bloomington,1
nwu,1
grandfather,1
hatred,1
terrain,1
tear,1
comedy,1
spratt,1
friendly,1
canon,1
georgia,1
privately,1
unjust,1
incorporating,1
inivolving,1
rhode,1
reach,1
allan,1
height,1
copy,1
forcefulness,1
tradition,1
boyhood,1
packed,1
screamed,1
belong,1
broadly,1
neal,1
together,1
prop,1
unionist,1
appearance,1
momentum,1
ben,1
paternal,1
ftecnrs,1
critic,1
richards,1
agitate,1
babes,1
bemi,1
pressed,1
blind,1
fully,1
volkszeitnniig,1
berman,1
achievement,1
wrigh,1
silent,1
studied,1
incident,1
complicitous,1
pretrial,1
abolishing,1
cosmopolitan,1
onto,1
juvenile,1
launched,1
vanzetti,1
locality,1
expense,1
hl,1
resulting,1
malpractice,1
notice,1
ruptures,1
uniforms,1
mammies,1
foment,1
fields,1
speeches,1
hernidoni,1
wahrend,1
weltlcongresses,1
sohn,1
terse,1
demonstrator,1
describes,1
roteni,1
imperfectly,1
pursues,1
ban,1
percipience,1
communis,1
meantime,1
loose,1
mind,1
date,1
murray,1
replicated,1
emphasized,1
respond,1
buenos,1
situ,1
tv,1
mitchison,1
deriving,1
variance,1
indisputably,1
midgley,1
ours,1
reading,1
caesar,1
rolled,1
frisson,1
intelligence,1
iai,1
visiting,1
behind,1
racializing,1
belhalf,1
visibility,1
youing,1
salle,1
intersection,1
footnote,1
nouwtis,1
contents,1
marketed,1
inc,1
poasba,1
amria,1
sprak,1
ernest,1
tribune,1
nowhere,1
lbpofs,1
roulge,1
lumpenproletariat,1
indelible,1
montreal,1
globe,1
preventing,1
alto,1
xr,1
collectives,1
advocates,1
anniversary,1
existence,1
recognized,1
classifying,1
cotbonads,1
reissued,1
gaps,1
anthology,1
autonomous,1
reprieve,1
king,1
pulled,1
play,1
hr,1
draws,1
agatinst,1
tabili,1
motion,1
inteipretive,1
adverse,1
constraint,1
encouraging,1
spontaneity,1
effects,1
gm,1
hallelujah,1
saying,1
tenth,1
auction,1
terrified,1
addresses,1
representations,1
disseminated,1
retain,1
characterizes,1
mythology,1
chauvinist,1
bezirksmitteilungsblatt,1
italiaander,1
opened,1
fitting,1
possible,1
bishopsgate,1
scenes,1
outlying,1
thrown,1
activity,1
housewives,1
wagram,1
condition,1
gambia,1
tagore,1
realize,1
cap,1
ih,1
admission,1
reaching,1
hn,1
solely,1
tha,1
bibliography,1
insight,1
batoni,1
coriesham,1
run,1
professionals,1
rid,1
moniatsliefte,1
transcend,1
rankest,1
estranged,1
emile,1
leon,1
reconsidering,1
aktion,1
coolies,1
areas,1
decoding,1
sophistication,1
establishment,1
fur,1
cumberland,1
humanitarianism,1
bottom,1
aubette,1
hegemony,1
delegations,1
enter,1
strasbourg,1
spain,1
edgar,1
interact,1
overthrow,1
dagmar,1
signatures,1
moral,1
indignified,1
confessions,1
sketched,1
contentions,1
ross,1
wm,1
warfare,1
wallace,1
collection,1
leben,1
sign,1
harmony,1
grasped,1
gramophone,1
bolsheviks,1
signal,1
exposed,1
usage,1
optimism,1
nurse,1
committeesmost,1
mistake,1
possessing,1
dispatched,1
icons,1
defenider,1
andrew,1
imagining,1
royal,1
declaimed,1
metier,1
reservoir,1
telegrams,1
moved,1
disorder,1
historically,1
som,1
erlin,1
doris,1
proceeded,1
haut,1
eventual,1
aus,1
drunken,1
peculiarities,1
spectrum,1
immediate,1
roger,1
development,1
eating,1
unsuccessful,1
sandino,1
exauted,1
due,1
pursuit,1
targeted,1
beliefs,1
assumes,1
author,1
aisstio,1
jester,1
paradoxically,1
poetry,1
savages,1
eo,1
raping,1
regarded,1
ability,1
dyties,1
gendered,1
honest,1
lebenssituation,1
belgischkongo,1
bergarbeiterstreiks,1
abuses,1
attested,1
afford,1
untell,1
jeremy,1
settings,1
adams,1
signifiers,1
excuses,1
vanguard,1
pitfalls,1
cud,1
denote,1
polizeidirektion,1
constellation,1
penn,1
assessment,1
sinclair,1
theaters,1
toandsbc,1
privilege,1
admitted,1
strategic,1
hainbuiger,1
gorky,1
interprets,1
amrigh,1
calm,1
exercise,1
attracting,1
outnumbered,1
maixism,1
valsch,1
progressive,1
rolf,1
refuses,1
rank,1
adam,1
wendy,1
sanders,1
lending,1
fights,1
opular,1
denied,1
bendix,1
steffens,1
reimagining,1
curriden,1
bavariani,1
softened,1
crackers,1
berliners,1
crosses,1
simpson,1
depend,1
uncultured,1
portray,1
profound,1
mdakn,1
subjects,1
spanned,1
endh,1
bloody,1
deed,1
homes,1
silvertown,1
apologists,1
chattanooa,1
forebears,1
extraordinary,1
inclusion,1
ablb,1
twelve,1
races,1
allowing,1
bedevil,1
innocents,1
cameroon,1
alabamian,1
characterized,1
correspondent,1
welled,1
witnessed,1
ness,1
leaf,1
propagandistic,1
employers,1
czarist,1
demonization,1
irresistible,1
theoreticians,1
equally,1
hosting,1
smugglers,1
stasi,1
diverge,1
bedope,1
carrere,1
wild,1
communication,1
brigade,1
religiosity,1
gegen,1
convey,1
vice,1
colonials,1
parents,1
fridrikh,1
lookout,1
flesh,1
afric,1
sun,1
harried,1
traditions,1
lens,1
zk,1
drop,1
liston,1
founder,1
spoil,1
hartmann,1
savage,1
invites,1
negermoeder,1
laboring,1
subversion,1
handful,1
coal,1
acknowledge,1
akron,1
ma,1
essen,1
adversary,1
nodding,1
romania,1
claude,1
intruded,1
poorly,1
capitals,1
siftung,1
celebrating,1
scanidiinavia,1
promised,1
annelise,1
youlr,1
ise,1
higher,1
pay,1
noviaagst,1
behave,1
drescher,1
disbanded,1
dd,1
poignant,1
ab,1
simultaneously,1
weapon,1
escaped,1
saldern,1
aborigines,1
gosse,1
imes,1
colin,1
pankhurst,1
wishes,1
fleet,1
kyrill,1
observer,1
organizationally,1
hobsbawm,1
likeness,1
mayo,1
uisuf,1
teaching,1
volk,1
lud,1
mittelrhein,1
millhands,1
afiv,1
acid,1
etudes,1
tt,1
dictionaty,1
links,1
sessions,1
podium,1
traffic,1
ostensibly,1
kindergruppen,1
sentences,1
illiterate,1
hamurg,1
generations,1
developed,1
coastal,1
habituated,1
remain,1
fetter,1
eora,1
crafted,1
senegalese,1
marshall,1
forced,1
tribunals,1
basic,1
landscape,1
explicit,1
gratuitous,1
od,1
conservatism,1
vestige,1
doctrine,1
hideous,1
process,1
remote,1
highlighted,1
steuu,1
approaches,1
preachers,1
camipaign,1
measures,1
interruption,1
opportunity,1
vs,1
titled,1
risk,1
keesings,1
minstrels,1
scottish,1
whether,1
movenment,1
democrats,1
ah,1
travels,1
derived,1
riven,1
dockworkers,1
ongoing,1
executions,1
ethan,1
benjamin,1
belgischen,1
partially,1
incipient,1
hardships,1
columbian,1
spectators,1
pogroms,1
denise,1
clayton,1
crusade,1
offering,1
impressed,1
ludwig,1
confederate,1
snbl,1
vierteljahrhundert,1
awareness,1
rettunig,1
cheerio,1
space,1
extremes,1
boas,1
easy,1
fade,1
gathering,1
proclaimed,1
mcgovern,1
plaza,1
faschismus,1
antagonism,1
ij,1
enjoined,1
revolutionaty,1
sbus,1
utterly,1
tho,1
barkenhoff,1
swerdlow,1
honored,1
affect,1
stand,1
servants,1
self,1
marks,1
seaports,1
barbarous,1
ogtiinbesa,1
objects,1
established,1
acquaintance,1
claims,1
chamlee,1
talk,1
quote,1
itinerant,1
venom,1
munzenberg,1
peasant,1
yellow,1
entrenched,1
dated,1
consolidate,1
lowell,1
presumably,1
latin,1
russell,1
warren,1
elsewhere,1
fired,1
americanists,1
elevated,1
regard,1
numbers,1
receiving,1
usow,1
bruce,1
negress,1
igh,1
weak,1
culturally,1
physicist,1
frequently,1
pickering,1
nohow,1
periodically,1
covers,1
inhuman,1
miscarriages,1
neues,1
inge,1
cents,1
graphic,1
commented,1
max,1
additional,1
ugly,1
desperation,1
interacial,1
electrified,1
vanzettized,1
follow,1
pensioners,1
bender,1
bertrand,1
exceed,1
isolation,1
gentiles,1
obstacles,1
position,1
arrests,1
discomfort,1
locked,1
luidtke,1
persona,1
friederike,1
unfug,1
explosion,1
prosecution,1
expulsion,1
whiclh,1
reconsideration,1
victorian,1
plenum,1
tyler,1
poplar,1
shifted,1
landlord,1
jailes,1
internal,1
jetter,1
endemic,1
imminent,1
believed,1
helped,1
schwani,1
je,1
photos,1
urging,1
detroit,1
opinion,1
throwing,1
providing,1
decades,1
counsel,1
weltbiiliie,1
nia,1
subject,1
bundes,1
awaited,1
kenya,1
withdraw,1
cork,1
reflections,1
ihre,1
banning,1
wunderer,1
fierce,1
reform,1
belatedly,1
authority,1
holtby,1
yielding,1
ins,1
vituperative,1
ou,1
feel,1
closely,1
treating,1
came,1
noir,1
ooo,1
lead,1
introduce,1
aftermath,1
walk,1
concentration,1
arrival,1
abated,1
bearing,1
dollars,1
prompting,1
murky,1
solidaritatsbewegung,1
bonds,1
route,1
thernstrom,1
opposing,1
method,1
entered,1
demise,1
entering,1
ams,1
une,1
accents,1
appropriated,1
oil,1
amsp,1
banned,1
deprive,1
seven,1
bomb,1
objectives,1
encounter,1
brodsky,1
recalls,1
scotland,1
bitterness,1
gmun,1
unfolded,1
btulit,1
circa,1
shortly,1
pass,1
criticisms,1
elichi,1
muft,1
pioneer,1
flugblattsammlung,1
survivors,1
discontent,1
endeavor,1
francisco,1
scottsborough,1
arva,1
chhivaiy,1
gathered,1
fo,1
shoes,1
transmogrified,1
initial,1
fak,1
burst,1
trip,1
forbid,1
respects,1
holmlicide,1
czech,1
confidently,1
circulation,1
tropfe,1
wed,1
unions,1
traversed,1
further,1
shadowed,1
affair,1
preston,1
sotnoli,1
hamburger,1
memory,1
eased,1
informed,1
abteilung,1
freunde,1
effective,1
healthy,1
drawl,1
projects,1
wishart,1
wilberforce,1
trappings,1
mainly,1
sentimental,1
youthful,1
bureaucratic,1
districts,1
permits,1
acquitted,1
confined,1
drives,1
unique,1
bore,1
awaken,1
orchestration,1
toured,1
viewed,1
absorption,1
population,1
produced,1
wholesome,1
methodist,1
strangulation,1
reinforce,1
sentiments,1
thirsting,1
promise,1
lbwd,1
analogous,1
arguing,1
anigelo,1
excellent,1
groundwork,1
multer,1
appearing,1
ravages,1
urgent,1
overalls,1
mama,1
bieo,1
tension,1
captains,1
guidance,1
required,1
oto,1
enjoyed,1
fledgling,1
bow,1
revived,1
phylon,1
photo,1
larkin,1
pence,1
claire,1
hopkins,1
climbed,1
sales,1
wants,1
influenced,1
impression,1
criteria,1
goodwill,1
coliseum,1
rickett,1
bother,1
globally,1
outstanding,1
shape,1
eauin,1
lost,1
brutally,1
none,1
gamut,1
espionage,1
ffrdwa,1
diction,1
rgtdsmakda,1
relatives,1
coup,1
accounting,1
maclntyre,1
stnd,1
identification,1
crisscrossed,1
rivera,1
resounds,1
network,1
unworthy,1
assistants,1
simone,1
pattersoni,1
dog,1
materialien,1
imprisoned,1
headquartered,1
reinforcing,1
abolitionist,1
zeitung,1
religious,1
contempt,1
tool,1
mnoun,1
hee,1
wat,1
surrounded,1
voted,1
distinguish,1
overturn,1
ku,1
imagined,1
protected,1
amnestie,1
dmnsrtiningaso,1
inisurrectioni,1
attacked,1
tens,1
bells,1
uit,1
ot,1
bois,1
explains,1
exorcising,1
booklet,1
politik,1
knowledge,1
executioner,1
transcended,1
arms,1
explain,1
anew,1
forge,1
sydney,1
experiencing,1
routinely,1
barn,1
highlight,1
student,1
paroled,1
intentionally,1
loss,1
frequent,1
blackett,1
willingness,1
quietly,1
reasoned,1
politica,1
island,1
peninybacker,1
slhe,1
horn,1
dowd,1
merciful,1
ghana,1
admit,1
reynolds,1
riders,1
meet,1
literally,1
diffuse,1
reportedly,1
lower,1
policemen,1
comprehensible,1
jo,1
underscored,1
anxieties,1
stimulate,1
schwarzen,1
friend,1
ises,1
compatible,1
emancipation,1
aghast,1
et,1
serves,1
cordially,1
emma,1
focuses,1
hd,1
weekly,1
miihsam,1
surrounding,1
unemployment,1
floors,1
formations,1
employed,1
proscriptions,1
il,1
janice,1
participate,1
lenk,1
shouted,1
hlin,1
essays,1
deeply,1
won,1
legree,1
miss,1
elephant,1
presbyterian,1
kladensku,1
historian,1
cologne,1
cotnrades,1
efforts,1
mari,1
minds,1
fakers,1
weeks,1
sink,1
presumption,1
approach,1
bandwagon,1
lhe,1
raisin,1
divisions,1
near,1
citing,1
conlilml,1
earth,1
widens,1
lejour,1
lifted,1
homeland,1
change,1
multiplicity,1
tough,1
recuperative,1
responses,1
callaghan,1
running,1
start,1
bekennen,1
ambit,1
residents,1
caused,1
describing,1
brutality,1
hanover,1
wtight,1
field,1
allegiance,1
tacitly,1
loaaam,1
lowest,1
ambassador,1
fostered,1
shaping,1
reflex,1
wished,1
involve,1
excuse,1
amy,1
comfortable,1
christians,1
sam,1
frieday,1
cries,1
catholic,1
poster,1
theater,1
degeneracy,1
sporting,1
tenn,1
militant,1
granddaughter,1
deliver,1
presumptive,1
modest,1
sponsors,1
sixty,1
owned,1
traum,1
spies,1
hence,1
atmosphere,1
allusions,1
gefangnis,1
overshadowed,1
openly,1
castle,1
het,1
enslaved,1
mitchell,1
jailed,1
characteristics,1
omaha,1
consensus,1
driving,1
hydra,1
overheated,1
physiques,1
revealing,1
components,1
bridge,1
martin,1
routine,1
eighth,1
executed,1
governments,1
doubts,1
acts,1
xw,1
intruding,1
plunged,1
subsided,1
compromise,1
dramatic,1
controversial,1
traitor,1
peak,1
blunt,1
vacuum,1
apen,1
herb,1
bavarian,1
sterling,1
differing,1
mixing,1
ericlh,1
core,1
dedicated,1
managed,1
torgler,1
visible,1
descendants,1
shouldn,1
jordan,1
quakers,1
universities,1
alarming,1
dependent,1
maxwell,1
intent,1
trinidadian,1
multiracial,1
guns,1
examines,1
reviews,1
sharon,1
interwoven,1
tania,1
stir,1
notes,1
negligence,1
kulturbesitz,1
floated,1
florida,1
appropriate,1
siberian,1
lincoln,1
widened,1
elapsed,1
interests,1
sondernummer,1
hypocrisy,1
glad,1
rosenhlaft,1
ninth,1
disturbing,1
questioning,1
swine,1
afrikanern,1
horne,1
iwont,1
roediger,1
rang,1
interdenominational,1
syndicalist,1
seemed,1
sincerity,1
belges,1
lend,1
illustrierre,1
sbornik,1
nations,1
periods,1
condemn,1
marked,1
prohibition,1
battle,1
happen,1
bedrock,1
lenin,1
affaire,1
poland,1
san,1
uosaea,1
fa,1
reflecting,1
dogs,1
fascist,1
successfull,1
ironies,1
reduced,1
ancd,1
unzenbeg,1
deutschlands,1
onset,1
condemnation,1
pneumonia,1
fortunately,1
mistrial,1
rasse,1
chase,1
centenary,1
xa,1
reminiscences,1
stays,1
rule,1
overlapped,1
lurid,1
henri,1
botolph,1
kxmpft,1
qnoauos,1
ober,1
spearheaded,1
anker,1
inivolvinig,1
days,1
bolshevik,1
description,1
dressed,1
motivated,1
receptive,1
horrors,1
brief,1
forward,1
harris,1
commit,1
ten,1
irreverent,1
female,1
natural,1
prss,1
apart,1
prevailing,1
srsb,1
profintern,1
cuteyofte,1
prove,1
sixteen,1
hughes,1
convince,1
useless,1
sect,1
starve,1
judgment,1
necessary,1
says,1
onl,1
attacking,1
interactions,1
personi,1
ignorant,1
derl,1
comments,1
experiences,1
holders,1
overtly,1
hawkers,1
unprecedented,1
initially,1
amis,1
stedman,1
lb,1
collapsed,1
pertained,1
bossman,1
za,1
hitherto,1
posted,1
betray,1
mme,1
dictionamy,1
cripps,1
prefigured,1
splinter,1
horrible,1
sexually,1
woodford,1
encausse,1
permanently,1
fighting,1
gilbert,1
deport,1
arbeiterstimme,1
robin,1
scrubbing,1
precipitated,1
contributing,1
volkszeitung,1
cooperative,1
prepare,1
sttrhvsfscan,1
asiatic,1
trains,1
marvin,1
pressuring,1
museum,1
preaching,1
barak,1
rulings,1
archiv,1
treaty,1
security,1
represents,1
recommendation,1
experienced,1
appointed,1
paradox,1
happened,1
taub,1
geheimes,1
adrienne,1
predecessor,1
seeing,1
windows,1
performer,1
formally,1
inspiration,1
muhsam,1
chronology,1
instinctive,1
deviations,1
challenged,1
selective,1
receivecl,1
neither,1
linking,1
episcopal,1
perceived,1
lynched,1
management,1
mz,1
riots,1
kulturund,1
participants,1
operated,1
americanization,1
policies,1
domestics,1
boycotted,1
planned,1
commonwealth,1
cheer,1
mirrored,1
hopped,1
spd,1
symptom,1
replying,1
liberties,1
unsettles,1
delhi,1
abandon,1
lord,1
shifting,1
radio,1
regina,1
usurpation,1
ddr,1
communistes,1
performers,1
fleeting,1
wassertransportarbeiter,1
schultz,1
jamaica,1
costs,1
watched,1
gary,1
highways,1
visitors,1
hunger,1
contains,1
ferment,1
begins,1
warranted,1
wkeno,1
cande,1
excepted,1
frameworks,1
unconstitutionality,1
baby,1
milo,1
beitriige,1
increasingly,1
ambiguities,1
inference,1
lee,1
sb,1
wrights,1
wriglzt,1
seymour,1
catalog,1
persuade,1
oomud,1
griff,1
partisan,1
histor,1
mentioning,1
demonstration,1
dilemma,1
reassuring,1
grobtat,1
centuty,1
mtotm,1
heritage,1
courageous,1
innuendo,1
naivete,1
observers,1
frederick,1
childhood,1
rejoined,1
sinti,1
condescending,1
denning,1
insatiable,1
anl,1
renewed,1
hold,1
oftoday,1
approaching,1
preserve,1
conceived,1
ido,1
secours,1
harmonious,1
chaps,1
hiis,1
attempted,1
added,1
shuffled,1
designing,1
generously,1
rusa,1
release,1
wired,1
hiller,1
sovereignty,1
lengthy,1
hearing,1
shows,1
lack,1
twenty,1
idea,1
marker,1
rolland,1
bautzen,1
turner,1
activism,1
allow,1
fundamental,1
conduct,1
head,1
pledge,1
bourgeoisie,1
regions,1
striking,1
assuaged,1
isolationism,1
romain,1
engineering,1
aegis,1
utilizing,1
aires,1
predictably,1
popularize,1
witnesses,1
terrorize,1
seemingly,1
plays,1
musicians,1
rabinbach,1
christine,1
intemnationale,1
teachers,1
glories,1
casualties,1
parteien,1
enable,1
manifested,1
really,1
casino,1
isolate,1
inexperience,1
brickbats,1
generalize,1
personal,1
featuring,1
resonant,1
emphatically,1
debates,1
dodsdomda,1
seize,1
distrust,1
substantially,1
surrogates,1
contends,1
descended,1
adetuos,1
favors,1
manifestos,1
foster,1
maddox,1
accuses,1
jump,1
basingstoke,1
discussed,1
observes,1
wveltkongress,1
agree,1
conferred,1
anne,1
starvation,1
empir,1
excerpts,1
honor,1
lone,1
flowed,1
mor,1
reformed,1
becatinig,1
corts,1
spender,1
contradistinction,1
alf,1
choke,1
drove,1
accusations,1
everyday,1
meine,1
ground,1
appellation,1
centre,1
whereupon,1
actor,1
covered,1
operating,1
ur,1
receptiveness,1
keys,1
tlhe,1
thirties,1
couldn,1
exercised,1
developing,1
dorothy,1
folklore,1
examiiple,1
ilp,1
armed,1
tonosi,1
relevant,1
vulnerable,1
etiropa,1
interviewees,1
less,1
strategies,1
parent,1
rightist,1
plenty,1
council,1
forth,1
greater,1
pport,1
riley,1
toiler,1
origin,1
relayed,1
ellis,1
sh,1
deep,1
japan,1
championed,1
notices,1
banner,1
eats,1
worshiping,1
scottaboro,1
seminars,1
assorted,1
dusseldorf,1
firsov,1
compelled,1
controversy,1
abercrombie,1
lobau,1
gallant,1
germans,1
gareth,1
counterpart,1
streets,1
hoax,1
ethiopia,1
headlines,1
primarily,1
touch,1
hilden,1
genltle,1
ripped,1
shoreditch,1
replaced,1
aq,1
degree,1
bradley,1
mps,1
original,1
demonstrated,1
ancl,1
acknowledgment,1
wlho,1
credit,1
cannstatt,1
dominions,1
singers,1
rifkind,1
private,1
bloun,1
whiteness,1
greatest,1
collecting,1
voni,1
lap,1
baa,1
proves,1
mythic,1
extended,1
missionary,1
orratssmn,1
africanamerican,1
komiiitee,1
mccarthyism,1
retort,1
comradely,1
finnish,1
considering,1
wartime,1
completed,1
backlash,1
derision,1
farming,1
solidarities,1
reparations,1
contours,1
endowment,1
resolutionen,1
wretched,1
servant,1
writings,1
discrimination,1
venues,1
jntstice,1
weltbuhne,1
patricia,1
affinity,1
presiding,1
delicate,1
tickets,1
desperate,1
tive,1
distinctly,1
aiy,1
anlauf,1
treading,1
proved,1
moscw,1
coogan,1
versa,1
wf,1
looking,1
complexities,1
londoner,1
misled,1
finland,1
empirical,1
contradictions,1
entirely,1
torn,1
expression,1
stealing,1
angle,1
adi,1
sidestep,1
prevailed,1
arthur,1
persisted,1
forsaken,1
neighborhood,1
inhibitions,1
oppose,1
rivers,1
unljust,1
advises,1
francis,1
web,1
conmmanidment,1
reliving,1
factor,1
kinfolk,1
prostitute,1
misery,1
reproaches,1
sequence,1
brother,1
aside,1
inflicted,1
modemization,1
josephine,1
tommy,1
protracted,1
rhetorically,1
gwinter,1
stepchild,1
opens,1
engineers,1
scheduled,1
ipazlil,1
pamphlets,1
extracts,1
services,1
cathedral,1
gypsies,1
stay,1
franklin,1
trust,1
archive,1
full,1
immeasurably,1
previous,1
option,1
camille,1
hasn,1
congregation,1
ob,1
distribution,1
dismissed,1
hardened,1
california,1
banners,1
soup,1
continuities,1
laughing,1
harvey,1
charge,1
versions,1
rabindranath,1
shrewd,1
dolovanii,1
thoseob,1
open,1
redefinition,1
energies,1
crises,1
meanings,1
ki,1
discovered,1
urbana,1
hungary,1
margaret,1
loi,1
provoked,1
historic,1
humanity,1
indignation,1
tis,1
hivalry,1
rap,1
adding,1
egos,1
stress,1
beatrice,1
scandinavia,1
express,1
movies,1
obtaining,1
dissertation,1
aaron,1
raided,1
conception,1
decorated,1
victory,1
rebecca,1
arbeaer,1
interpret,1
weird,1
horrific,1
symposium,1
alexis,1
pride,1
augusto,1
evening,1
ri,1
started,1
caribbean,1
covering,1
tim,1
calcutta,1
uo,1
spread,1
reformers,1
polluting,1
function,1
prvni,1
architects,1
strange,1
untreated,1
malne,1
murderers,1
attribution,1
features,1
high,1
depiction,1
farms,1
nolan,1
meets,1
manning,1
coldnotapearonth,1
mountain,1
animosities,1
entitled,1
contributed,1
accurate,1
sterlinga,1
epoch,1
losing,1
nazis,1
prolonged,1
offense,1
fred,1
fusion,1
continually,1
lose,1
short,1
sylvia,1
dialogue,1
entertainers,1
sojourn,1
outcry,1
eleanor,1
faith,1
wasn,1
pageant,1
witness,1
bossist,1
refer,1
maxim,1
commentators,1
systems,1
ensued,1
touristic,1
methods,1
wlhose,1
newport,1
viewpoint,1
referenice,1
reads,1
editors,1
relation,1
macauley,1
salford,1
narrow,1
synonymous,1
grandmother,1
nobody,1
roddy,1
anderson,1
effect,1
sig,1
wedded,1
seattle,1
availability,1
diamond,1
leaflets,1
learn,1
hard,1
smethurst,1
looks,1
dynluoniter,1
greece,1
divides,1
abruptly,1
ureryan,1
seda,1
travelers,1
italy,1
articles,1
parameters,1
slide,1
cape,1
walther,1
heeft,1
thunder,1
industrialization,1
seduction,1
specialists,1
ccny,1
quarterly,1
conveyed,1
caution,1
rallied,1
quarter,1
sandra,1
rehabilitated,1
lichtbildstreifen,1
deploy,1
block,1
chemnitzer,1
tnlid,1
wasu,1
awaiting,1
isn,1
concluded,1
garan,1
kammradt,1
motif,1
anatomy,1
hunt,1
antifascist,1
standard,1
ws,1
bee,1
arbeiterparteien,1
talked,1
ranging,1
farm,1
dealing,1
scandalized,1
depth,1
instittutional,1
accepting,1
provoking,1
begin,1
principled,1
neale,1
americanism,1
kaplan,1
relying,1
regularrvisdits,1
groupings,1
republiky,1
sword,1
dreadful,1
lurch,1
violation,1
initials,1
raise,1
shooting,1
checked,1
syndicated,1
arbeitervereine,1
ostensible,1
wisdom,1
schooling,1
hostility,1
kirkaldy,1
minstrel,1
recall,1
roma,1
crucial,1
connecticut,1
recreate,1
usually,1
five,1
amherst,1
criminal,1
demanded,1
fools,1
solnthlenii,1
hannover,1
defenders,1
types,1
naturally,1
testing,1
farbe,1
forerunner,1
sol,1
program,1
fear,1
teaches,1
employment,1
rg,1
dispultes,1
walking,1
soft,1
supplant,1
fliisterton,1
foreword,1
viii,1
affiliate,1
facism,1
millstone,1
widespread,1
tricolore,1
male,1
reconfigured,1
nazism,1
tellingly,1
slow,1
robeson,1
aitken,1
reason,1
health,1
orleck,1
collections,1
interfere,1
sn,1
detailed,1
lashed,1
sturmplan,1
precedents,1
worse,1
floor,1
hers,1
credited,1
lawrence,1
visual,1
asew,1
federalism,1
thirteen,1
ch,1
transformation,1
rapidly,1
sheer,1
indicate,1
alledged,1
length,1
schlie,1
opitz,1
accusation,1
responsible,1
spared,1
intrude,1
alptraum,1
construction,1
lott,1
pote,1
tapped,1
fall,1
theatre,1
grade,1
hope,1
caste,1
presidents,1
disgrace,1
entertainment,1
conspiring,1
istvan,1
kdmpfer,1
confronts,1
education,1
urged,1
idioms,1
ragged,1
exists,1
retbrtinsdil,1
event,1
planckinstitut,1
presences,1
empathy,1
problematic,1
interpretive,1
crowded,1
confessed,1
grounded,1
investigate,1
seat,1
langston,1
bees,1
cam,1
freeing,1
darkie,1
devenstualyrturnedn,1
considered,1
announces,1
eschen,1
dissimulate,1
rite,1
stronghold,1
respectable,1
underscoring,1
rainbowhued,1
assistant,1
huites,1
seine,1
publicly,1
suggestions,1
admonished,1
rarely,1
then,1
commnist,1
mcdonald,1
engelsch,1
coat,1
constant,1
blocked,1
panama,1
midnight,1
citizen,1
tlsow,1
harness,1
loray,1
discarding,1
barbusse,1
hardworking,1
russians,1
necessity,1
bemoaned,1
version,1
changing,1
hang,1
contre,1
rep,1
richter,1
decree,1
ao,1
wives,1
hell,1
locally,1
athens,1
devout,1
ubiquity,1
satisfying,1
unbroken,1
committees,1
beside,1
continues,1
municipality,1
scrutiny,1
reappropriate,1
precise,1
thousand,1
boar,1
colonially,1
gehe,1
recruits,1
glamour,1
wondered,1
centfs,1
text,1
symbol,1
sciences,1
febriuary,1
compensation,1
sustained,1
alternative,1
wherever,1
ito,1
denounced,1
leftist,1
sehri,1
agony,1
equation,1
propagandist,1
evade,1
resonance,1
sneaked,1
quickly,1
mille,1
winthrop,1
ind,1
altona,1
branches,1
bulgaria,1
katznelson,1
ordered,1
correctly,1
johannesburg,1
intellectual,1
partner,1
oft,1
control,1
spreading,1
lli,1
country,1
discourses,1
allotted,1
bukharin,1
decentralize,1
hamilton,1
workmen,1
officials,1
throats,1
stalinism,1
related,1
kilacdnio,1
worth,1
share,1
dortmund,1
journalist,1
walpole,1
iwttua,1
jamboree,1
backfire,1
exploration,1
resentment,1
oqm,1
ausrnacl,1
entries,1
celebratory,1
pretext,1
equivocal,1
tandem,1
murlders,1
sws,1
argue,1
lemonnier,1
dock,1
wall,1
nights,1
steinier,1
esolv,1
current,1
bohemians,1
allied,1
drifted,1
kopfe,1
wouldn,1
iii,1
searched,1
trommler,1
dmtatm,1
deliberately,1
rivltheran,1
sertr,1
obviously,1
speculation,1
thinking,1
perfectly,1
enemy,1
sustaining,1
ostbnbna,1
sensationeller,1
notoriety,1
halpern,1
manley,1
squires,1
visits,1
lusegalclasdo,1
bunch,1
identities,1
amiisterdamii,1
pictures,1
sharecropper,1
past,1
replication,1
essentially,1
expel,1
pale,1
disputes,1
pour,1
inflated,1
necessitating,1
living,1
type,1
lagebericht,1
rathbone,1
possibility,1
merely,1
ideally,1
toller,1
pushing,1
concrete,1
upton,1
stamps,1
redefined,1
ttu,1
subordinate,1
phd,1
ruhr,1
einem,1
incorporate,1
jacqueline,1
outlook,1
blowing,1
unnecessarily,1
tendencies,1
attogtgsgosm,1
egm,1
bbc,1
prohibited,1
abigail,1
ibutuit,1
outgrowth,1
swansea,1
atobtet,1
worred,1
preexisting,1
answered,1
strained,1
alluded,1
igorevich,1
investigation,1
ijj,1
burns,1
bristol,1
darmstadt,1
advice,1
interwar,1
professors,1
selected,1
ones,1
penned,1
ich,1
goldman,1
deported,1
sohne,1
noticeable,1
add,1
maintain,1
proven,1
juxtaposed,1
goal,1
map,1
mere,1
reds,1
exemplified,1
axis,1
grief,1
uproot,1
bronx,1
initialled,1
dishes,1
separated,1
carrying,1
nachrichtenstelle,1
slang,1
insightful,1
waters,1
edward,1
argued,1
illegally,1
remarked,1
floats,1
gestures,1
constitutional,1
migrations,1
pitted,1
produce,1
quarters,1
oo,1
venona,1
proposing,1
witnessing,1
backwardness,1
towlost,1
suggests,1
abolitionism,1
rally,1
crimes,1
dangerous,1
urban,1
europa,1
middle,1
rockefeller,1
practical,1
burden,1
wrangling,1
korps,1
outline,1
belgien,1
amerikanisierung,1
intention,1
scandclinaviani,1
occasionally,1
exploitative,1
wbam,1
menacing,1
broad,1
dismantling,1
awkwardly,1
transport,1
modotti,1
ill,1
ladies,1
peace,1
thereby,1
sympathizers,1
daughters,1
beiden,1
ohio,1
spurious,1
sea,1
jahrhunderts,1
dee,1
behaviors,1
ashes,1
alternatives,1
mcveigh,1
kitchens,1
andequally,1
uh,1
baldwin,1
convinced,1
lozowick,1
tktfil,1
infamous,1
techniques,1
personally,1
assumptions,1
poised,1
conventional,1
southerners,1
strand,1
penny,1
possessions,1
entry,1
tender,1
reconstruct,1
accomimiodatecd,1
georgakas,1
lofidon,1
rebels,1
pleasant,1
mention,1
forlorn,1
isolated,1
takeover,1
economically,1
ho,1
ein,1
varied,1
toiling,1
linebaugh,1
cruelty,1
sale,1
mikhailovich,1
prepared,1
imposed,1
analogy,1
pray,1
buying,1
flooded,1
klux,1
havelock,1
vertaald,1
intercultural,1
promoted,1
guide,1
ateonwpnosbnbw,1
formation,1
dyspeptic,1
lodged,1
dept,1
single,1
radicalism,1
prussian,1
asunder,1
chaired,1
connected,1
blancs,1
unable,1
invasion,1
background,1
marry,1
adelheid,1
consider,1
surface,1
ax,1
pltfr,1
plausible,1
jusbowosta,1
initiated,1
intensified,1
donald,1
copies,1
quest,1
commemoration,1
anlid,1
wis,1
bout,1
abolition,1
anarchist,1
proported,1
magnate,1
showcase,1
recovering,1
grant,1
habr,1
catch,1
discursive,1
accept,1
naomi,1
aware,1
barry,1
mode,1
newsletter,1
publicized,1
sufferings,1
hamburgischer,1
register,1
ended,1
europeanists,1
offer,1
blaazer,1
americas,1
supportable,1
bondage,1
grown,1
leveled,1
umq,1
critics,1
orthodox,1
zeaung,1
green,1
evidence,1
regime,1
slezky,1
capetown,1
pennybacke,1
ofteid,1
reified,1
pn,1
abyssinian,1
notions,1
ganda,1
autumn,1
graham,1
thoughtful,1
cominiterni,1
piece,1
suctsw,1
disrupt,1
defined,1
derive,1
streetcars,1
forming,1
weltbilldne,1
wallonia,1
philosophy,1
organ,1
caption,1
heartbreaking,1
area,1
sexuality,1
promptly,1
ca,1
madison,1
remains,1
correlate,1
uniitecl,1
unstoppable,1
confess,1
tsb,1
ranged,1
underlined,1
requesting,1
comparison,1
vossische,1
zangrando,1
size,1
observation,1
specific,1
territories,1
pickers,1
anticommunist,1
occurring,1
intemnational,1
araiesh,1
assumed,1
ralra,1
attending,1
ensuring,1
lovel,1
fellows,1
snatched,1
haiti,1
uy,1
eileen,1
sambo,1
stemming,1
cheeks,1
enterprise,1
regards,1
dictated,1
robbie,1
sml,1
meal,1
create,1
fascinated,1
compton,1
texts,1
snafus,1
substantial,1
evidently,1
predisposed,1
reichstagsbrandprozess,1
phillips,1
ame,1
interaction,1
course,1
traditional,1
fellowship,1
appealing,1
mobile,1
enhanced,1
conventions,1
familyinl,1
protester,1
steamships,1
uk,1
ends,1
ss,1
anthem,1
recent,1
wiirttemberg,1
germian,1
sos,1
estran,1
pope,1
virtue,1
ga,1
doing,1
attendance,1
mock,1
malcolm,1
learned,1
jw,1
tendentious,1
anson,1
tank,1
draft,1
choice,1
hostile,1
primitives,1
budich,1
admirable,1
costly,1
deeper,1
bronislaw,1
vorwarts,1
meatpackers,1
virendranath,1
