WORDCOUNTS,WEIGHT
pp,462
the,461
of,373
and,361
press,222
new,219
university,212
york,171
in,164
a,147
history,93
american,78
paper,71
cloth,69
by,66
s,62
to,62
chicago,55
editor,53
america,45
cambridge,41
oxford,39
j,38
xiv,38
de,35
war,35
world,34
editors,34
on,33
l,32
m,32
ed,32
edition,31
viii,31
paperback,31
number,30
xvi,29
c,29
volume,28
xiii,27
xi,27
xii,27
books,27
historical,26
for,25
w,25
r,25
x,24
d,24
b,22
studies,22
et,22
routledge,22
xv,22
md,22
robert,21
encyclopedia,21
century,20
n,20
culture,20
lanham,20
society,20
an,20
la,20
xvii,19
life,19
set,19
palgrave,19
politics,18
john,18
v,18
macmillan,18
conn,18
e,17
westport,17
translated,17
series,17
princeton,16
other,16
richard,16
ix,16
london,16
xviii,16
from,16
social,15
james,15
foreword,15
with,15
france,15
medieval,14
europe,14
jr,14
xix,14
end,14
washington,14
h,13
assisted,13
england,13
gary,13
state,13
received,13
stanford,13
rowman,13
littlefield,13
paris,13
rev,12
women,12
vii,12
review,12
nash,12
greenwood,12
y,12
start,12
texas,12
modem,12
david,12
thomas,12
william,12
states,12
library,11
file,11
religion,11
british,11
facts,11
civil,11
paul,11
united,11
december,11
past,11
die,11
blackwell,10
ithaca,10
columbia,10
international,10
reprint,10
economic,10
mass,10
early,10
cornell,9
first,9
political,9
g,9
p,9
cultural,9
ivan,9
present,9
praeger,9
great,9
story,9
revolution,9
stephen,9
les,9
der,9
des,9
middle,9
dee,9
twentieth,9
north,9
xxi,8
east,8
histoire,8
human,8
nelson,8
their,8
jewish,8
le,8
f,8
contemporary,8
michael,8
peter,8
black,8
delhi,8
george,8
science,8
jean,8
african,8
at,7
modern,7
t,7
frankfurt,7
ii,7
i,7
community,7
philadelphia,7
his,7
how,7
edward,7
guides,7
taschenbuch,7
change,7
brian,7
rs,7
power,7
harvard,7
manohar,7
britain,7
european,7
penguin,7
yale,7
global,7
xxii,7
art,7
peace,7
eric,7
college,6
western,6
since,6
relations,6
fischer,6
old,6
rights,6
civilization,6
en,6
impot,6
haven,6
schuster,6
xxvi,6
financiere,6
longman,6
st,6
pa,6
guide,6
ancient,6
mark,6
time,6
simon,6
patricia,6
california,6
historic,6
ages,6
seattle,6
analysis,6
making,6
theory,6
vi,6
jefferson,6
martin,6
introduction,5
germany,5
duke,5
malden,5
experience,5
asia,5
tradition,5
xx,5
west,5
central,5
xxiii,5
walter,5
americans,5
angeles,5
k,5
latin,5
age,5
origins,5
memory,5
trial,5
literature,5
los,5
reader,5
elizabeth,5
siecle,5
family,5
joel,5
south,5
rome,5
comparative,5
empire,5
japan,5
mokyr,5
station,5
francis,5
christopher,5
china,5
perspectives,5
kenneth,5
susan,5
sciences,5
conference,5
boston,5
und,5
land,5
national,5
xxv,5
democracy,4
essays,4
ways,4
last,4
daniel,4
alfred,4
king,4
matzen,4
clark,4
times,4
perspective,4
dame,4
terror,4
portland,4
fort,4
russian,4
victorian,4
scotland,4
events,4
im,4
companion,4
durham,4
mechanicsburg,4
public,4
future,4
del,4
its,4
queens,4
people,4
notre,4
dictionary,4
catholic,4
that,4
xxvii,4
florida,4
barbara,4
critical,4
harris,4
movement,4
frank,4
al,4
rise,4
lee,4
french,4
fin,4
music,4
children,4
arthur,4
indiana,4
identity,4
louis,4
ireland,4
presidential,4
class,4
who,4
lost,4
el,4
oreg,4
joseph,4
xxiv,4
berkeley,4
steven,4
capital,4
recherche,4
littman,4
pour,4
economy,4
calif,4
dark,4
freedom,4
colonial,4
taylor,4
donald,4
charles,4
book,4
norman,4
stackpole,4
race,4
page,3
pittsburgh,3
clio,3
jews,3
larry,3
philippe,3
boulder,3
du,3
long,3
labor,3
ashgate,3
burlington,3
bloomington,3
rodney,3
narrative,3
mississippi,3
johns,3
u,3
madrid,3
development,3
contamine,3
against,3
september,3
santa,3
bercy,3
cases,3
memoir,3
leadership,3
kentucky,3
stanley,3
wilmington,3
german,3
landscape,3
greenhill,3
benjamin,3
contributions,3
white,3
brunswick,3
tempus,3
helsinki,3
mary,3
moyen,3
vietnam,3
reflections,3
zeit,3
societies,3
histories,3
carolina,3
oklahoma,3
hopkins,3
nation,3
gender,3
douglas,3
sourcebook,3
mesopotamia,3
smith,3
louisiana,3
ward,3
june,3
munich,3
lynne,3
manchester,3
research,3
philip,3
lincoln,3
moravian,3
linton,3
battle,3
architecture,3
action,3
newton,3
southern,3
va,3
pacific,3
technology,3
nationalsozialismus,3
marshall,3
baltimore,3
naval,3
two,3
toronto,3
japanese,3
idea,3
seigneurial,3
documents,3
fayard,3
man,3
honor,3
men,3
road,3
albert,3
wartime,3
free,3
charleston,3
craig,3
food,3
graham,3
trade,3
three,3
vt,3
after,3
study,3
tauris,3
institution,3
atlas,3
hanover,3
africa,3
ecole,3
hill,3
force,3
norton,3
fall,3
tuckwell,3
kerherve,3
berg,3
duncan,3
athens,3
temple,3
animation,3
smithsonian,3
country,3
iii,3
purchase,3
transaction,3
imperial,3
urban,3
ohio,3
through,3
au,3
years,3
illinois,3
abc,3
crisis,3
arnold,3
sir,3
russia,3
gainesville,3
lisbon,3
thought,3
kurt,2
courts,2
bernard,2
margins,2
dale,2
struggle,2
fathers,2
investigaciones,2
rothman,2
truth,2
abbaye,2
jane,2
presses,2
burke,2
kirjallisuuden,2
distributed,2
ababa,2
one,2
star,2
true,2
english,2
prince,2
di,2
approaches,2
jonathan,2
park,2
spirit,2
policy,2
allies,2
into,2
limits,2
nineteenth,2
gregory,2
contested,2
baker,2
themes,2
bengal,2
remembered,2
gail,2
railroads,2
morton,2
sources,2
lexington,2
invention,2
jackson,2
military,2
dreams,2
kegan,2
borders,2
desire,2
ben,2
farmer,2
murray,2
adventures,2
dora,2
alabama,2
theodore,2
racial,2
legend,2
environmental,2
cullen,2
roy,2
eastern,2
hall,2
marc,2
addis,2
terence,2
montesi,2
jeff,2
robin,2
waging,2
laws,2
witchcraft,2
karen,2
gulbenkian,2
andrew,2
yad,2
chicana,2
landmarks,2
roger,2
church,2
pursuit,2
lectures,2
forgotten,2
ray,2
janet,2
moment,2
gun,2
missoula,2
supremacy,2
wiley,2
egypt,2
ira,2
kent,2
gil,2
general,2
battles,2
costa,2
van,2
mancall,2
colin,2
camp,2
growth,2
across,2
hughes,2
highway,2
christine,2
annapolis,2
legal,2
entre,2
lavender,2
bolingbroke,2
confederate,2
suomalaisen,2
pouvior,2
front,2
belgium,2
greeks,2
maiden,2
consejo,2
river,2
india,2
warren,2
days,2
bruce,2
house,2
four,2
companions,2
superior,2
albuquerque,2
fagan,2
hart,2
tourism,2
sherwin,2
buffalo,2
unbound,2
founding,2
seura,2
detroit,2
view,2
globalization,2
union,2
royal,2
horatio,2
missouri,2
patrick,2
changed,2
as,2
ind,2
austin,2
philosophical,2
handbook,2
chinese,2
auschwitz,2
russell,2
record,2
ptrez,2
anselm,2
ined,2
wayne,2
marie,2
jim,2
theological,2
fictions,2
tombs,2
ten,2
northern,2
northwest,2
issues,2
flight,2
jo,2
hampshire,2
hambledon,2
alan,2
destruction,2
muller,2
hidden,2
stockholm,2
joanne,2
mahoney,2
archaeology,2
rigauditre,2
night,2
greek,2
mandeville,2
xxviii,2
depression,2
vashem,2
infantry,2
brepols,2
roots,2
wolfgang,2
macdonald,2
leckie,2
transforming,2
sons,2
service,2
wurzeln,2
islands,2
reconstruction,2
basque,2
perennial,2
artist,2
engineering,2
xvie,2
hollywood,2
about,2
edited,2
security,2
mission,2
under,2
god,2
xxxvii,2
prometheus,2
publishing,2
lord,2
indian,2
industrial,2
wisconsin,2
gay,2
heroes,2
mich,2
williams,2
sam,2
fire,2
lewis,2
challenge,2
mighty,2
death,2
academy,2
slavery,2
joyce,2
minnesota,2
reform,2
choice,2
germans,2
enlightenment,2
pennsylvania,2
zealand,2
rhetoric,2
napoleon,2
ground,2
centre,2
erica,2
assited,2
jahrhundert,2
winks,2
native,2
dunn,2
governance,2
hamilton,2
local,2
oil,2
disease,2
atlantic,2
finnish,2
knopf,2
eighteenth,2
maritime,2
billy,2
holocaust,2
juan,2
aesthetics,2
questions,2
franklin,2
trip,2
jew,2
students,2
routledgecurzon,2
reassessing,2
urbana,2
margaret,2
maurice,2
lakes,2
victory,2
workers,2
lconomique,2
caribbean,2
period,2
mexico,2
mountain,2
bomber,2
sally,2
faith,2
problems,2
pluralism,2
chapel,2
glenn,2
ann,2
anderson,2
all,2
henry,2
herzog,2
capitalism,2
italy,2
controversial,2
anatomy,2
hunt,2
alaska,2
turnhout,2
christian,2
fascism,2
browne,2
garvin,2
foreign,2
sophie,2
maps,2
fear,2
institutions,2
army,2
armed,2
nuevo,2
lawrence,2
lives,2
heidler,2
methods,2
is,2
teresa,2
not,2
charlottesville,2
fields,2
centuries,2
canada,2
worlds,2
legacies,2
presidency,2
wars,2
historian,2
changing,2
biography,2
minneapolis,2
steel,2
regime,2
carl,2
over,2
between,2
historica,2
cultures,2
key,2
holoch,2
homme,2
newman,2
shrewsbury,2
geschichte,2
happiness,2
sailor,2
rural,2
hills,2
burns,2
kevin,2
form,2
robinson,2
orleans,2
saint,2
edinburgh,2
airlife,2
cahiers,2
dream,2
institute,2
texts,2
belknap,2
virginia,2
bryant,2
bednarek,2
popular,2
hal,2
howard,2
andrea,2
sea,2
city,2
strangers,2
xliv,2
indians,2
writing,2
currey,2
frances,2
kohler,2
krieg,2
frontiers,2
wang,2
hurt,2
colo,2
faure,2
evidence,2
lungren,2
philosophy,2
diaspora,2
socialism,2
ca,2
madison,2
campaign,2
thousand,2
news,2
duffy,2
portrait,2
zieger,2
weber,2
cook,2
debate,2
calouste,2
archdiocese,2
uk,2
command,2
building,2
major,2
mussolini,2
miller,1
malaya,1
fleming,1
cindy,1
abramson,1
duckworth,1
gilbert,1
transportation,1
spice,1
faue,1
zwischenbericht,1
zero,1
letzten,1
o,1
wilma,1
xxxvi,1
folke,1
edge,1
reno,1
common,1
melvin,1
way,1
humaines,1
chivalry,1
hammerback,1
anthony,1
maternelle,1
estate,1
vining,1
drag,1
sherry,1
danny,1
geopolitics,1
vienna,1
sanctions,1
whitman,1
bicentennial,1
emerson,1
peaceful,1
career,1
iowa,1
reconsidered,1
tuscaloosa,1
monotheism,1
interventions,1
djokic,1
fiction,1
ferdinand,1
tierra,1
revolutionary,1
shipbuilding,1
internationales,1
individuelle,1
firenze,1
mccourt,1
loades,1
kindreds,1
ditchfield,1
succession,1
stands,1
maclachlan,1
yankee,1
collision,1
berlin,1
bakewell,1
ja,1
formazione,1
bolchover,1
genovese,1
tzanaki,1
minutes,1
village,1
esch,1
police,1
told,1
center,1
rienner,1
hot,1
foreward,1
luft,1
trolleys,1
marsden,1
rick,1
conquering,1
sexualities,1
bor,1
kharkov,1
rodrigo,1
muskegon,1
stone,1
greig,1
songs,1
disciples,1
durandus,1
reconstructs,1
yesus,1
live,1
mexican,1
camiller,1
memoria,1
polemics,1
tense,1
bertrand,1
brookhiser,1
mit,1
genius,1
xxxi,1
hentila,1
hyland,1
nord,1
smyth,1
collection,1
gellinek,1
tarabout,1
stolle,1
kreiser,1
prentice,1
afghanistan,1
magie,1
taverns,1
kr,1
carroll,1
sandler,1
inequality,1
invent,1
mobilite,1
scots,1
biographical,1
pandemic,1
hayes,1
martyrs,1
monograph,1
liah,1
claire,1
crummey,1
faiths,1
reich,1
demenagements,1
magier,1
pentagon,1
contexts,1
turning,1
probert,1
travers,1
round,1
oceania,1
himadri,1
fabric,1
concepts,1
cesar,1
cimarolli,1
tiedemann,1
lichtenstein,1
clavin,1
fairbanks,1
philosophers,1
cope,1
wrong,1
davis,1
tantalizing,1
swedish,1
drugs,1
creation,1
aces,1
production,1
gilles,1
voices,1
strang,1
itinerario,1
mysterious,1
ceplair,1
lifton,1
cavalry,1
might,1
address,1
eubanks,1
rational,1
monte,1
olga,1
hotels,1
shenkman,1
storie,1
erskine,1
mcintosh,1
mediterranee,1
stockholmiensis,1
massimo,1
hinderaker,1
georgia,1
company,1
kasuya,1
shaped,1
allan,1
capitalist,1
goddard,1
automobile,1
shay,1
debra,1
prel,1
short,1
ehlers,1
bavaria,1
knight,1
farmers,1
katharine,1
dorrance,1
wave,1
bambach,1
carney,1
aschendorff,1
carolyn,1
revival,1
amakudari,1
trumansburg,1
scandinavians,1
sacagawea,1
bonomi,1
espaces,1
scheduled,1
nationalism,1
evolving,1
alvis,1
creator,1
ferrari,1
failures,1
zed,1
tree,1
jesters,1
siefert,1
letizia,1
englund,1
schulzinger,1
julie,1
museums,1
cemeteries,1
zu,1
universite,1
stand,1
sacred,1
bootlegger,1
mr,1
malaspina,1
northcott,1
requiescant,1
signs,1
indochina,1
appalachian,1
bebop,1
gottlieb,1
escott,1
return,1
feminisms,1
rethinking,1
ronaldo,1
papers,1
photographer,1
ad,1
system,1
courage,1
curio,1
messianic,1
afterword,1
uno,1
expedition,1
rewriting,1
rake,1
milner,1
persecution,1
hell,1
axel,1
shahjahdnabad,1
marjatta,1
fernando,1
coalfields,1
persian,1
puleo,1
jenkins,1
schechter,1
historians,1
primary,1
veenendaal,1
campbell,1
demography,1
sexual,1
hirsch,1
nazi,1
hallencreutz,1
shroud,1
economics,1
seventieth,1
comet,1
custom,1
zur,1
mythology,1
colombia,1
porter,1
red,1
kosciuszko,1
soldier,1
some,1
ball,1
tracing,1
burning,1
europaische,1
drive,1
inevitable,1
election,1
jukka,1
reaction,1
greene,1
ortner,1
petersburg,1
hawkes,1
influenza,1
brent,1
interdisciplinary,1
architectures,1
hiroshima,1
resources,1
verantwortung,1
chart,1
scandal,1
jebb,1
frevert,1
photographic,1
fiscaux,1
spain,1
explorer,1
fossedal,1
economies,1
havers,1
expeditionary,1
bibliotheca,1
neufeld,1
armus,1
plenty,1
todd,1
corbett,1
ross,1
warfare,1
hisham,1
steiner,1
moissac,1
charbonneau,1
gardner,1
harold,1
li,1
galloglas,1
pflaum,1
rechtsfrieden,1
judaism,1
amendment,1
willow,1
anomaly,1
ronald,1
guthrie,1
dejan,1
tausend,1
montreal,1
immobile,1
wirtschaft,1
ute,1
representations,1
dynamics,1
inner,1
radike,1
realignment,1
incas,1
andree,1
prlkvement,1
helen,1
forschungsgemeinschaft,1
magic,1
armitage,1
doctor,1
aus,1
tina,1
compilers,1
thompson,1
interest,1
cientfficas,1
argenteri,1
niebla,1
caerarfon,1
canadians,1
remembrances,1
acta,1
realism,1
ern,1
granatstein,1
friedman,1
nick,1
straphanging,1
narratives,1
gall,1
agricole,1
bahgat,1
media,1
meyer,1
dick,1
trail,1
vengeance,1
johnny,1
discurso,1
z,1
affairs,1
lindie,1
shulman,1
rolf,1
whistler,1
sanders,1
nor,1
constitutions,1
late,1
savannas,1
hebridean,1
gotz,1
rohrbough,1
bloody,1
body,1
response,1
handmaidens,1
slave,1
modernity,1
extraordinary,1
keith,1
young,1
milne,1
munck,1
liutsiferova,1
elena,1
starobinski,1
bacevich,1
tipton,1
cohen,1
third,1
despair,1
vancouver,1
rafferty,1
medicos,1
erst,1
fowler,1
arab,1
kelly,1
vincent,1
flood,1
champlin,1
skirmishes,1
populares,1
architects,1
nikolas,1
landes,1
beattie,1
decline,1
custer,1
jones,1
cooperative,1
savage,1
marx,1
generation,1
daumesnil,1
lelooska,1
technicians,1
devadasis,1
highland,1
gomez,1
zerubavel,1
reiner,1
commanders,1
rosalind,1
let,1
donne,1
may,1
crow,1
islamic,1
hellenistic,1
economique,1
kysymys,1
failed,1
gwendolyn,1
shaul,1
nazareth,1
rimi,1
gardell,1
hail,1
felicity,1
town,1
moines,1
air,1
without,1
marsha,1
krishan,1
mak,1
privilege,1
act,1
hammel,1
langford,1
amin,1
fellini,1
gutenberg,1
liapis,1
arredondo,1
inwardness,1
graf,1
bessis,1
paths,1
joan,1
basic,1
secrets,1
irwin,1
pascal,1
annette,1
reston,1
constance,1
lasting,1
sherman,1
wadman,1
environments,1
catholics,1
heil,1
alaine,1
scottish,1
doran,1
ex,1
landscapes,1
talk,1
seppo,1
fiery,1
clunisiennes,1
europa,1
milton,1
generating,1
shannon,1
swaraj,1
creek,1
emergency,1
clayton,1
elvement,1
seibt,1
earl,1
ludwig,1
arbor,1
natalis,1
mackaye,1
republicans,1
harbison,1
rayburn,1
outreach,1
prieur,1
historiallisia,1
derek,1
ames,1
atria,1
tolles,1
galai,1
lose,1
reinterpretation,1
dusan,1
meet,1
wash,1
monuments,1
asa,1
dyer,1
katherine,1
fifteenth,1
dunnage,1
changes,1
brague,1
thabit,1
bad,1
dean,1
dialectologia,1
immigrant,1
totalitarianism,1
reformations,1
metropolis,1
cause,1
eide,1
braunen,1
analiz,1
crescent,1
ramsey,1
colonialism,1
laufer,1
usui,1
image,1
literary,1
unconquerable,1
indenture,1
castleden,1
peasant,1
den,1
emergence,1
lowell,1
liberal,1
byzantine,1
producers,1
medievali,1
margery,1
realities,1
impact,1
population,1
aly,1
jersey,1
contemporaries,1
fagin,1
surpassing,1
isaacson,1
listed,1
upper,1
communities,1
samuels,1
cientificas,1
montgomery,1
harlem,1
sravnitel,1
max,1
bucholz,1
readings,1
atonement,1
flores,1
cowger,1
miinster,1
willard,1
subways,1
droit,1
stark,1
aquinas,1
christmas,1
merrill,1
odd,1
maison,1
krech,1
jessica,1
helped,1
senegal,1
mozambique,1
strategy,1
sultanate,1
dietlind,1
comite,1
andre,1
ottomans,1
linhares,1
crooker,1
constitution,1
nacho,1
nebraska,1
iconography,1
conquest,1
jocelyn,1
bosen,1
authority,1
opening,1
moving,1
feigon,1
elshtain,1
laval,1
uniti,1
metaromanticism,1
mchugh,1
fundagao,1
geoffrey,1
kennedy,1
suomalainen,1
aftermath,1
xxiiies,1
exhibition,1
nancy,1
bainton,1
locals,1
recipes,1
meyerowitz,1
medicine,1
heim,1
rule,1
kingship,1
das,1
gabriela,1
suede,1
boydell,1
colignon,1
richmond,1
neon,1
doolittle,1
schweitzer,1
dunes,1
brigadier,1
crowd,1
intellectuals,1
culturel,1
mittelalter,1
ribeiro,1
franfais,1
linschoten,1
barry,1
zone,1
pioneer,1
souza,1
islam,1
amusing,1
poem,1
crusading,1
pena,1
scepticism,1
shield,1
brill,1
inaugural,1
etnogrdfico,1
taponier,1
dusseldorp,1
makoto,1
punishment,1
big,1
europier,1
urbanization,1
muslim,1
guardian,1
hispanic,1
unions,1
economiques,1
fourth,1
amhem,1
pony,1
though,1
montfort,1
wales,1
poverty,1
mesquite,1
heaven,1
hitler,1
rousseau,1
michigan,1
paparazzi,1
pugsley,1
altroy,1
leonard,1
schwentker,1
recently,1
schneider,1
moderne,1
kathryn,1
boundaries,1
eckart,1
boys,1
alf,1
kissinger,1
darlene,1
blunden,1
migrations,1
occidentale,1
daisy,1
hictor,1
lyons,1
lalor,1
greenfeld,1
shepard,1
gustav,1
fox,1
conservationist,1
shah,1
triumph,1
gods,1
lease,1
verta,1
chief,1
delle,1
ejaz,1
randolph,1
experiment,1
eisenhower,1
zion,1
char,1
feminine,1
seth,1
shape,1
vendee,1
taaffe,1
deutscher,1
christianity,1
proxmire,1
keeping,1
hello,1
participation,1
hietala,1
postwar,1
distinctiveness,1
lebanon,1
commemorations,1
accounting,1
christa,1
olmo,1
xlii,1
turnpikes,1
inez,1
work,1
abroad,1
coutinho,1
pr,1
baroque,1
postcoloniaux,1
augsburg,1
milosevic,1
phillipp,1
petricic,1
exodus,1
hussain,1
ku,1
heart,1
yoyotte,1
coping,1
archaeoethnology,1
laura,1
kreuzziige,1
part,1
bois,1
watts,1
interpreters,1
dover,1
knowledge,1
secret,1
southwest,1
seraffn,1
neutrality,1
herrin,1
got,1
resisters,1
spellman,1
authenticity,1
un,1
pow,1
siegfried,1
universe,1
corrupt,1
nero,1
mustin,1
editorial,1
xxxv,1
vahtikari,1
dobson,1
collective,1
romans,1
tsevi,1
norquay,1
lankford,1
guter,1
ricardo,1
harth,1
pan,1
neue,1
friend,1
mercenary,1
demon,1
jahre,1
prisoner,1
call,1
macon,1
advertising,1
poe,1
forces,1
plura,1
personal,1
fondatrice,1
schwartz,1
regional,1
cone,1
folklore,1
couple,1
reconstructing,1
resort,1
chicano,1
status,1
own,1
monroe,1
memoirs,1
genealogical,1
healing,1
encounters,1
launching,1
samantha,1
arkansas,1
yolanda,1
rupp,1
olson,1
norma,1
clasen,1
good,1
judenfrei,1
creating,1
ist,1
protestantism,1
sense,1
societes,1
lang,1
hard,1
working,1
idiom,1
schulberg,1
puchala,1
peterson,1
coup,1
tom,1
jeannie,1
unexpected,1
unconventional,1
preferred,1
segrue,1
kester,1
chaya,1
kalischer,1
augsburgs,1
television,1
deborah,1
moder,1
destiny,1
schwabischen,1
khatib,1
goethe,1
settlement,1
autopsy,1
around,1
ww,1
genocide,1
hoogenboom,1
heat,1
small,1
deutsches,1
goldstein,1
mitchell,1
gouverneur,1
suomen,1
wider,1
revealing,1
realists,1
bridge,1
eighth,1
margarita,1
disaster,1
edwards,1
paisaje,1
massachusetts,1
spices,1
protect,1
mcintyre,1
claudia,1
jerusalem,1
coast,1
loury,1
toulouse,1
fuji,1
visible,1
tracks,1
scott,1
progress,1
jordan,1
universities,1
kiple,1
folge,1
pinkus,1
utopia,1
abrahams,1
tuczay,1
correspondence,1
shekhar,1
gort,1
cycle,1
crime,1
rn,1
scandals,1
scarecrow,1
zumbini,1
monarchy,1
borneo,1
law,1
ninth,1
maidens,1
logic,1
basu,1
garrett,1
pope,1
paladin,1
lend,1
zara,1
nations,1
survived,1
degli,1
calvin,1
uncommon,1
testi,1
kalavrezou,1
churchill,1
film,1
led,1
xixe,1
tanja,1
second,1
antisemitismus,1
fascist,1
studia,1
caribbeans,1
reisert,1
bautista,1
zuohong,1
publishers,1
noble,1
mraz,1
chase,1
gerard,1
eilidh,1
statecraft,1
populations,1
feigenbaum,1
syed,1
tevi,1
spectacle,1
turgeon,1
gungwu,1
wrote,1
grafton,1
hasan,1
modemism,1
expansion,1
juliet,1
kelleher,1
play,1
cartography,1
cloud,1
corporation,1
curtis,1
benson,1
koppel,1
tide,1
forward,1
elfrida,1
yugoslavia,1
nietzsche,1
albany,1
innocence,1
laurier,1
gaining,1
hammond,1
hofstra,1
universitaires,1
leon,1
grande,1
uber,1
still,1
harry,1
georgii,1
xl,1
nussbaum,1
ice,1
yoram,1
manifest,1
klostermann,1
suomi,1
studien,1
jesch,1
tradiciones,1
sigrid,1
leila,1
reynald,1
jesus,1
airplane,1
reception,1
religious,1
selection,1
structural,1
roberto,1
fighting,1
relationship,1
vergangenheit,1
vassberg,1
krafft,1
cielo,1
chronicle,1
communications,1
bewahrung,1
navigating,1
waresquiel,1
shiner,1
selling,1
mao,1
museum,1
violence,1
franks,1
csa,1
lloyd,1
etat,1
interment,1
kirby,1
planner,1
barker,1
lemon,1
theodor,1
serve,1
savonarola,1
lyndon,1
sex,1
continuity,1
morgan,1
chaim,1
combat,1
historia,1
wibner,1
jody,1
index,1
or,1
sky,1
palmer,1
profane,1
cookson,1
europas,1
chris,1
home,1
une,1
commonwealth,1
property,1
vement,1
eros,1
manning,1
watson,1
amselle,1
friendship,1
ethnographic,1
mattias,1
kutler,1
memories,1
wright,1
window,1
families,1
cooke,1
modamerican,1
forbidding,1
silk,1
vers,1
shulamith,1
amadae,1
dreaming,1
illustrated,1
coins,1
forge,1
denis,1
popkin,1
wawro,1
boogaart,1
merkit,1
journalist,1
picture,1
ioli,1
hobo,1
love,1
schwaben,1
gentleman,1
dante,1
starting,1
policing,1
name,1
vogt,1
fitzroy,1
hautes,1
holden,1
ferandez,1
jeffrey,1
afterlife,1
lenney,1
forewords,1
clive,1
fink,1
journey,1
others,1
statistics,1
approaching,1
windswept,1
nibelius,1
towns,1
nevada,1
inquisition,1
daly,1
rosemary,1
financial,1
tong,1
michno,1
copp,1
maalouf,1
barber,1
spiliotis,1
powder,1
persuasion,1
nationhood,1
gilberg,1
onore,1
coinage,1
bulwer,1
fara,1
ghetto,1
zoar,1
floyd,1
aires,1
pacifico,1
niebuhr,1
trips,1
exclusion,1
witnesses,1
murphy,1
samurai,1
mulino,1
kendall,1
letters,1
really,1
classical,1
francaise,1
vernon,1
campus,1
curanderos,1
becker,1
hardwick,1
rigaudiere,1
selections,1
false,1
bol,1
kaksi,1
latina,1
yugoslavism,1
fashion,1
taggart,1
orphans,1
munster,1
civilisations,1
twelve,1
audiences,1
monge,1
external,1
embattled,1
jeffries,1
terry,1
question,1
kirk,1
forms,1
kline,1
behind,1
klan,1
dominion,1
do,1
tales,1
privatization,1
haul,1
nicolas,1
where,1
cromie,1
sellier,1
dorothy,1
stiftungsinitiative,1
cosnier,1
richards,1
normandy,1
herring,1
ch,1
darnton,1
pourcain,1
turin,1
septimus,1
barrettgraves,1
confrontation,1
unveiled,1
strategist,1
kaiser,1
waugh,1
colony,1
ruan,1
begriindung,1
jon,1
heresy,1
ashton,1
swing,1
nueva,1
vittorio,1
teeth,1
progressivism,1
padraic,1
ruppel,1
schenone,1
nordamerikastudien,1
ginko,1
ethiopia,1
topik,1
going,1
machiavelli,1
ecology,1
nicole,1
maya,1
mccormick,1
cronon,1
adirondacks,1
violent,1
palestine,1
fight,1
terrorism,1
interpreting,1
heywood,1
autobiography,1
discourses,1
von,1
hooghe,1
smiley,1
xli,1
gorrara,1
collecting,1
kathleen,1
cherniavskii,1
divided,1
africanamerican,1
campaigns,1
rio,1
intimate,1
place,1
examples,1
bottero,1
birth,1
accommodation,1
doderer,1
biblioteca,1
neilson,1
waite,1
farming,1
matthews,1
incidents,1
augustus,1
israel,1
servant,1
writings,1
hindu,1
benton,1
kindertransporte,1
generalaviation,1
mirail,1
dojka,1
sixth,1
bolshevism,1
hine,1
warrior,1
glotz,1
slobodan,1
lowe,1
droker,1
finland,1
secher,1
bayerischen,1
heath,1
asian,1
heidegger,1
moss,1
illusion,1
chernus,1
embargoes,1
imposer,1
bondage,1
duquesne,1
fourteenth,1
firearms,1
sorkin,1
jerome,1
prostitute,1
vocabulary,1
metisses,1
pauline,1
dirck,1
briggs,1
founders,1
evolution,1
deutschen,1
engineers,1
aldo,1
pagan,1
were,1
limiteds,1
nightmare,1
office,1
bajohr,1
theories,1
vidal,1
cultura,1
cueto,1
mack,1
seasholes,1
crises,1
nursing,1
diplomacy,1
parke,1
andrews,1
carwardine,1
jose,1
stress,1
comprehensive,1
cunningham,1
express,1
carnival,1
modernization,1
munns,1
points,1
soldiers,1
health,1
grupo,1
essay,1
faces,1
landmaking,1
saksan,1
necessites,1
jansen,1
unseld,1
controversies,1
anne,1
started,1
beldon,1
georges,1
ny,1
schenk,1
direct,1
function,1
summer,1
fr,1
responses,1
zorzi,1
high,1
winner,1
collected,1
miracle,1
ernst,1
gerry,1
cotter,1
keen,1
tricolor,1
vernus,1
bethke,1
cutler,1
mercer,1
caspian,1
nunokawa,1
loretta,1
kenney,1
carlson,1
rajbansis,1
queen,1
berky,1
internal,1
zabbal,1
mariners,1
literacy,1
edmund,1
gervase,1
catherine,1
abendland,1
fass,1
newspapers,1
aegean,1
atwood,1
sight,1
geographers,1
burgundies,1
tactics,1
effect,1
buenos,1
ellsberg,1
can,1
aileen,1
enemies,1
patterson,1
heilige,1
seeking,1
changi,1
schlesinger,1
rhetorical,1
brassey,1
curry,1
greece,1
edwin,1
adventure,1
grunderjahre,1
henderson,1
mabillon,1
wynne,1
copyright,1
morris,1
wells,1
herrenschmidt,1
inouye,1
we,1
gannett,1
huygen,1
revisiting,1
adorno,1
jerry,1
spotlight,1
cold,1
sandra,1
ambrose,1
ansichten,1
journees,1
algeria,1
glenda,1
schodt,1
allison,1
pharaohs,1
rationalizing,1
brown,1
eurovisionen,1
justice,1
tampa,1
universitatis,1
scheid,1
kinzer,1
gustave,1
swidler,1
tommy,1
chikako,1
dexter,1
wyatt,1
molly,1
reading,1
fifty,1
dawn,1
chu,1
vaughn,1
bellamy,1
assyrian,1
liberalism,1
archipelago,1
respect,1
castleberry,1
reiger,1
vegas,1
bassett,1
mekane,1
singer,1
lovers,1
norkunas,1
pieta,1
kryla,1
ballantine,1
ing,1
bureau,1
wisdom,1
misbehavior,1
variorum,1
elam,1
lovell,1
linda,1
amherst,1
lytton,1
criminal,1
denton,1
shogun,1
ministry,1
tocqueville,1
wandel,1
raymond,1
rpt,1
scotr,1
ryan,1
leslie,1
farcy,1
male,1
xiaobing,1
independence,1
dulles,1
twain,1
directions,1
fdr,1
transformed,1
kortti,1
unser,1
digital,1
jensen,1
parsons,1
tragedy,1
sightseeking,1
enfermedad,1
wagner,1
plains,1
dietrich,1
mukherji,1
antiquity,1
televisiomainonta,1
volumes,1
herman,1
travel,1
regionalism,1
hendrickson,1
dans,1
florence,1
blood,1
comte,1
sikhs,1
caste,1
comandante,1
totalitarizma,1
frontier,1
manhood,1
machado,1
education,1
macgregor,1
clarisse,1
biernoff,1
brignoli,1
dauntless,1
musil,1
sicht,1
boosahda,1
oko,1
packard,1
sheldon,1
anza,1
kirksville,1
colette,1
photographs,1
ie,1
xxix,1
judith,1
viscount,1
matters,1
herzman,1
veroffentlichungen,1
squadron,1
mushirul,1
sections,1
marshal,1
rueschemeyer,1
backcountry,1
authorities,1
victoria,1
shelley,1
constant,1
almqvist,1
marks,1
singular,1
following,1
reasoning,1
huppin,1
shevizm,1
weathermon,1
armond,1
nosworthy,1
cheyennes,1
bayle,1
colonists,1
seafaring,1
nationale,1
grand,1
dieter,1
broadway,1
extending,1
cracraft,1
agents,1
ever,1
hervaeus,1
democracies,1
pace,1
dissident,1
francesca,1
honoured,1
kay,1
howell,1
isaac,1
truman,1
galassi,1
modema,1
guerrilla,1
farquhar,1
ralph,1
trenches,1
carbondale,1
ritual,1
copeland,1
annes,1
text,1
westview,1
here,1
utrecht,1
affirmative,1
taiwan,1
budd,1
belief,1
niemann,1
colorado,1
downtown,1
swan,1
zeikowitz,1
troy,1
homoeroticism,1
gawdat,1
ltditions,1
anidjar,1
dimension,1
aron,1
fennica,1
cigar,1
mapp,1
intellectual,1
sociales,1
colonization,1
control,1
katz,1
rosenof,1
monthly,1
anthropology,1
gale,1
migration,1
ancestor,1
novel,1
xliii,1
sell,1
commission,1
ilustrado,1
roman,1
backfire,1
prepares,1
gone,1
partisans,1
banerjee,1
outillage,1
bologna,1
jeanne,1
leaders,1
ahr,1
ltudes,1
donaldson,1
southernmost,1
greensides,1
domestic,1
report,1
barlach,1
foundation,1
brothers,1
markman,1
gregg,1
expresses,1
theology,1
guy,1
brazil,1
enemy,1
lavery,1
embodiment,1
written,1
raphael,1
pictoral,1
gene,1
bonnie,1
aerial,1
coloniaux,1
cities,1
winkler,1
garate,1
toussaint,1
wood,1
pictures,1
las,1
schofield,1
gerber,1
works,1
living,1
february,1
girls,1
delille,1
advances,1
carole,1
destroyed,1
glory,1
beth,1
kleber,1
frederik,1
stati,1
believed,1
animal,1
jacqueline,1
agriculture,1
activism,1
livingstone,1
dayton,1
scholarly,1
penn,1
frick,1
what,1
alex,1
emmanuel,1
notable,1
march,1
reign,1
dearborn,1
ala,1
exilio,1
circles,1
coffee,1
interwar,1
selected,1
tooley,1
twisted,1
molasses,1
evangelical,1
abraham,1
gile,1
diego,1
che,1
thirty,1
clyde,1
paret,1
quilliet,1
manuscripts,1
suzannah,1
merle,1
critchlow,1
pitman,1
vendel,1
ranald,1
hupp,1
saddle,1
contextes,1
commander,1
klinenberg,1
reti,1
beginnings,1
gannon,1
peuter,1
mcphail,1
patrimoines,1
fighters,1
calhoun,1
birthday,1
lester,1
voice,1
information,1
coutumes,1
anna,1
maire,1
stove,1
constitutionalism,1
beacon,1
goodman,1
atoms,1
bismarckzeit,1
cabaret,1
arnaldo,1
port,1
size,1
peoples,1
kansas,1
commercialized,1
ofancientamerica,1
martha,1
swanson,1
jukebox,1
paintings,1
monticello,1
kim,1
son,1
mauritania,1
paradise,1
merelman,1
apostle,1
modotti,1
beck,1
friedricks,1
marketing,1
became,1
republic,1
ken,1
pohanka,1
techniques,1
bka,1
perlstein,1
benz,1
dismal,1
silva,1
wiskell,1
cb,1
rochester,1
saksaa,1
rieber,1
penny,1
pitcher,1
kaupalliset,1
treasury,1
superpowers,1
lorton,1
twin,1
representation,1
susanne,1
budapest,1
think,1
ein,1
jan,1
friday,1
rachael,1
webb,1
actes,1
portugaises,1
icones,1
dosal,1
haasteena,1
klux,1
berghahn,1
lone,1
singapore,1
morganton,1
formation,1
centennial,1
idealism,1
francois,1
tenth,1
camfield,1
radicalism,1
survival,1
annihilation,1
amerikaner,1
relic,1
hartcup,1
puolueettomuuspolitiikan,1
rowland,1
finding,1
quest,1
crosby,1
argentina,1
encyclopedias,1
nixon,1
concise,1
shahar,1
write,1
vernant,1
beyond,1
levin,1
weininger,1
stukeley,1
vitral,1
xxxix,1
include,1
jewry,1
schuhmacher,1
tutkimuksia,1
usa,1
canadian,1
shirley,1
sur,1
pinkerton,1
levy,1
cummins,1
anisha,1
heartland,1
thomson,1
integration,1
meiji,1
marwick,1
effie,1
settling,1
clues,1
eldridge,1
appleby,1
stephane,1
captain,1
shahjahanabad,1
chavez,1
association,1
chalmers,1
catharine,1
merom,1
wellington,1
unlocking,1
morning,1
talleyrand,1
verdon,1
arctic,1
suny,1
dvukh,1
blacks,1
flaran,1
barbaren,1
kumar,1
huffman,1
historicism,1
haines,1
raid,1
meaning,1
myers,1
prospects,1
esteve,1
scholarship,1
greenwich,1
hotel,1
johnson,1
eviatar,1
leick,1
ingalls,1
mineola,1
create,1
views,1
looseley,1
phillips,1
jerrold,1
piven,1
interaction,1
gulf,1
dso,1
images,1
remson,1
willis,1
technological,1
ends,1
grace,1
celestial,1
anthem,1
crucible,1
cross,1
profiles,1
stephens,1
operational,1
virtue,1
ga,1
connor,1
daughter,1
araber,1
malcolm,1
schiavone,1
storey,1
ari,1
draft,1
customs,1
bury,1
starr,1
croft,1
jackie,1
