WORDCOUNTS,WEIGHT
the,919
of,504
to,377
and,330
a,265
in,257
that,160
workers,141
at,111
as,106
la,104
labor,98
their,98
s,95
mill,80
had,79
with,78
for,75
de,65
mexico,65
on,64
they,63
by,61
it,60
class,58
virgen,54
an,51
was,50
crom,49
agn,48
union,43
from,43
caja,42
hidalgo,42
ciudad,42
his,40
this,39
social,38
between,36
dt,35
its,33
historical,32
factory,31
who,31
were,30
city,30
december,29
have,29
political,28
see,28
is,28
american,27
one,27
cgt,27
he,27
leaders,27
but,26
el,26
salvatierran,25
y,24
del,24
not,24
review,23
some,23
national,23
all,22
new,22
which,22
two,21
local,21
mexican,20
women,20
soto,20
most,20
events,20
strike,20
be,20
other,19
well,19
or,19
when,19
group,18
operatives,18
such,18
them,18
work,18
regional,18
time,18
into,17
misrepresentation,17
state,17
textile,17
r,17
these,17
language,17
owner,17
history,16
government,16
cardenas,16
also,16
calles,15
informe,15
regionalist,15
up,15
no,15
michoacan,15
would,15
salvatierrans,15
en,14
yet,14
j,14
identity,14
christopher,14
organization,14
anarchist,13
september,13
relations,13
organized,13
boyer,13
working,13
trabajo,13
about,13
soon,13
municipal,13
over,13
years,13
early,13
first,12
official,12
even,12
general,12
may,12
newcomers,12
movement,12
religious,12
more,12
santiago,12
gonzailez,12
both,12
inspector,12
through,12
made,12
c,12
i,11
there,11
march,11
than,11
federal,11
exp,11
during,11
only,11
after,11
n,11
what,11
against,11
later,10
conflict,10
natives,10
unions,10
morones,10
president,10
discourse,10
make,10
company,10
threads,10
began,10
men,10
we,10
postrevolutionary,10
obreros,10
did,10
progresistas,10
actors,10
meaning,9
before,9
paternalism,9
within,9
politics,9
town,9
could,9
out,9
worker,9
though,9
record,9
departamento,9
people,9
own,9
action,9
olvera,9
luis,9
took,9
another,9
been,9
any,9
set,9
faction,9
struggle,8
if,8
case,8
acta,8
old,8
factions,8
how,8
locals,8
because,8
place,8
anarchists,8
least,8
lazaro,8
around,8
family,8
few,8
interests,8
actions,8
society,8
gender,8
historia,8
ed,8
industrial,8
presidente,8
native,8
use,8
revolution,8
force,8
often,8
salvatierra,8
identities,8
february,8
recognition,8
conditions,8
sexuality,8
november,8
declared,7
solidarity,7
down,7
help,7
right,7
far,7
michoacain,7
manager,7
floor,7
politicians,7
hereafter,7
arrived,7
changed,7
archivo,7
misrepresented,7
example,7
sense,7
monterrosa,7
same,7
leader,7
rhetoric,7
affiliate,7
until,7
day,7
giraud,7
so,7
him,7
become,7
lcr,7
shop,7
control,7
each,7
ideological,7
fabrica,7
became,7
intended,7
mutual,7
shift,7
way,6
revolutionary,6
federation,6
complex,6
studies,6
are,6
attempts,6
might,6
puebla,6
mills,6
firm,6
sent,6
central,6
thus,6
obrero,6
obrera,6
cooperative,6
rather,6
established,6
morelia,6
industria,6
public,6
nation,6
issues,6
collective,6
anticlericalism,6
officials,6
administrators,6
order,6
june,6
factionalism,6
wrote,6
april,6
sahlins,6
put,6
dgg,6
name,6
again,6
paternalist,6
fact,6
agrarian,6
do,6
region,6
governor,6
relationship,6
movimiento,6
event,6
then,6
different,6
particularly,6
administration,6
formation,6
much,6
close,6
groups,5
schism,5
church,5
needed,5
decade,5
vols,5
worked,5
loom,5
origin,5
sexual,5
escutia,5
letter,5
gendered,5
zaldivar,5
document,5
pueblo,5
apparently,5
leadership,5
process,5
catholics,5
textil,5
wages,5
university,5
latin,5
proved,5
just,5
came,5
found,5
late,5
further,5
durham,5
however,5
year,5
personal,5
away,5
sindicato,5
solidarities,5
los,5
catholic,5
several,5
scott,5
world,5
behalf,5
will,5
matter,5
july,5
once,5
fire,5
support,5
arbitration,5
honor,5
present,5
ahpem,5
alliance,5
refugio,5
like,5
strikers,5
can,5
months,5
instances,5
gonzalez,5
trabajador,5
practice,5
broke,5
must,5
membership,5
refused,5
board,5
partisans,5
rivalry,5
turned,5
terms,5
particular,5
nearby,5
diaz,5
plutarco,5
little,5
our,5
although,5
given,5
know,4
taximaroa,4
linguistic,4
formed,4
true,4
eusebio,4
paulo,4
give,4
advantage,4
great,4
those,4
context,4
majority,4
owners,4
clase,4
behavior,4
sanchez,4
complained,4
throughout,4
moment,4
pay,4
clark,4
left,4
whose,4
operations,4
enrique,4
moreover,4
firing,4
signed,4
peasants,4
days,4
sewell,4
always,4
important,4
appear,4
opponents,4
expressed,4
result,4
carmen,4
based,4
inspectors,4
effort,4
dispute,4
appears,4
destacada,4
received,4
fired,4
brought,4
part,4
politica,4
emancipation,4
employed,4
ethnicity,4
good,4
commerce,4
quite,4
midst,4
atmosphere,4
repeated,4
small,4
impossible,4
wife,4
severance,4
led,4
second,4
demand,4
various,4
contingent,4
short,4
female,4
rodriguez,4
jesus,4
management,4
frameworks,4
already,4
members,4
addition,4
many,4
end,4
never,4
outside,4
less,4
interview,4
material,4
perhaps,4
number,4
rio,4
unionization,4
ramo,4
trabajadores,4
article,4
chapel,4
enemies,4
achieve,4
young,4
veracruz,4
aid,4
movements,4
sometimes,4
claimed,4
un,4
itself,4
ramirez,4
memorandum,4
authorities,4
associated,4
version,4
regime,4
guanajuato,4
has,4
very,4
consciousness,4
william,4
according,4
her,4
popular,4
elias,4
obeyesekere,4
promoted,4
ultimately,4
cambridge,4
finally,4
instead,4
d,4
off,4
campaign,4
themselves,4
charged,4
chicago,4
negotiate,4
cook,4
traditional,4
among,4
major,4
battle,3
miguel,3
integrity,3
haciendas,3
ways,3
h,3
coalition,3
candidate,3
conscious,3
necessarily,3
princeton,3
said,3
confederation,3
cast,3
rivals,3
kilometers,3
attempt,3
words,3
operators,3
mexicana,3
take,3
rafael,3
discipline,3
behind,3
accused,3
takes,3
blanco,3
bobbins,3
historians,3
america,3
october,3
brazil,3
move,3
still,3
along,3
himself,3
warfare,3
arturo,3
chevo,3
development,3
handbill,3
relatively,3
regarded,3
decided,3
occurs,3
meyer,3
forced,3
refer,3
back,3
employers,3
castro,3
jones,3
recognized,3
york,3
agraria,3
without,3
act,3
l,3
sort,3
grew,3
lay,3
win,3
tensions,3
delegation,3
familiar,3
peasant,3
argued,3
origins,3
powerful,3
followed,3
cotton,3
helped,3
m,3
join,3
whom,3
martinez,3
international,3
radical,3
constantly,3
cultural,3
cannot,3
explain,3
circumstances,3
friedrich,3
used,3
organize,3
experience,3
willingness,3
et,3
doors,3
sao,3
michoacdn,3
sector,3
navarro,3
hard,3
uribe,3
protest,3
politically,3
tried,3
bajio,3
managed,3
proper,3
therefore,3
foremen,3
nonetheless,3
economic,3
indeed,3
located,3
nearly,3
thought,3
counterparts,3
discussions,3
under,3
us,3
included,3
efforts,3
al,3
largest,3
department,3
mich,3
increasingly,3
functioned,3
chose,3
organizations,3
french,3
villa,3
becker,3
fallen,3
feud,3
doubt,3
reasons,3
hill,3
hand,3
where,3
confrontation,3
controversy,3
impoverished,3
break,3
remained,3
kansas,3
discussion,3
lost,3
virgin,3
catholicism,3
individuals,3
previous,3
described,3
afterward,3
meanings,3
clear,3
reality,3
jose,3
hidalgans,3
august,3
held,3
characterized,3
period,3
plant,3
mines,3
papa,3
promote,3
parochial,3
ann,3
james,3
probably,3
contracts,3
wage,3
suggest,3
belonged,3
continued,3
bound,3
alleged,3
becomes,3
attempted,3
life,3
regionalism,3
comercio,3
education,3
matters,3
believed,3
simply,3
carr,3
syndicate,3
municipality,3
known,3
rival,3
alternative,3
berkeley,3
country,3
porfiriato,3
regard,3
post,3
eventually,3
notable,3
whether,3
form,3
making,3
calif,3
episode,3
suggests,3
freedom,3
multiple,3
daughters,3
undertaken,3
anarchism,3
gain,3
come,3
contract,3
salas,3
accept,3
ended,3
include,3
land,3
states,3
captain,3
francisco,3
create,3
entire,3
strong,3
atlixco,3
whenever,3
tapia,3
should,3
cristero,3
padilla,2
difficult,2
amado,2
limits,2
common,2
suggested,2
migrated,2
market,2
e,2
inability,2
constitution,2
forged,2
likewise,2
told,2
factories,2
likely,2
authority,2
constitutes,2
reopen,2
sure,2
favor,2
desgracia,2
protection,2
western,2
split,2
unlike,2
occurred,2
something,2
contest,2
chief,2
strikes,2
missive,2
brutal,2
anything,2
t,2
undermine,2
numbered,2
subscribed,2
production,2
evaporated,2
secretary,2
shortage,2
ourselves,2
seems,2
futile,2
principles,2
nothing,2
tradition,2
together,2
shoulder,2
simple,2
differences,2
onto,2
achieved,2
petty,2
course,2
priest,2
represent,2
committed,2
daniel,2
rethinking,2
citizenship,2
system,2
issue,2
forthcoming,2
sought,2
vol,2
felt,2
capable,2
possible,2
functions,2
point,2
establishment,2
scandal,2
estado,2
interviews,2
framework,2
ideologically,2
repeatedly,2
goal,2
aguirre,2
township,2
lover,2
affiliation,2
constructed,2
borofsky,2
explained,2
las,2
reject,2
demanded,2
palomar,2
author,2
animosity,2
interest,2
portray,2
carlos,2
jr,2
writ,2
convention,2
century,2
comprised,2
funds,2
turn,2
defense,2
nor,2
unspeakable,2
taxirnaroa,2
houses,2
effective,2
find,2
gambit,2
look,2
operative,2
guard,2
influence,2
failed,2
underlay,2
roadside,2
pledged,2
developed,2
declaring,2
oversee,2
responded,2
mean,2
knew,2
represented,2
populism,2
bankruptcy,2
legal,2
leave,2
signatures,2
employees,2
distant,2
arbor,2
practicing,2
fabril,2
reason,2
understand,2
analogous,2
bad,2
wanted,2
cause,2
key,2
bit,2
unimportant,2
pascual,2
placed,2
unemployed,2
observations,2
your,2
dominant,2
antecedents,2
decades,2
cut,2
trying,2
conflicts,2
bureaucracy,2
greater,2
closely,2
lead,2
snodgrass,2
extent,2
fortunes,2
hands,2
centers,2
lived,2
demands,2
austin,2
eat,2
respects,2
bobbin,2
hispanic,2
neighboring,2
supporters,2
understood,2
war,2
skilled,2
ejecutivo,2
treat,2
produced,2
meet,2
grounds,2
oqganized,2
almost,2
perez,2
closed,2
revealed,2
rivera,2
residents,2
heart,2
su,2
competing,2
sindicalista,2
calls,2
related,2
knight,2
gave,2
fit,2
structures,2
member,2
project,2
following,2
allies,2
foreman,2
vida,2
creating,2
idiom,2
sympathy,2
buildings,2
socialist,2
hired,2
level,2
next,2
militant,2
troubles,2
ignore,2
research,2
petition,2
success,2
galvan,2
churches,2
core,2
fully,2
provided,2
precepts,2
threatened,2
communist,2
positions,2
entitled,2
contended,2
revolt,2
brief,2
islands,2
academy,2
convince,2
whatever,2
pointed,2
comments,2
standing,2
sending,2
stedman,2
contra,2
renew,2
security,2
makes,2
recruited,2
perceived,2
marshall,2
home,2
walkout,2
culture,2
assailants,2
baltimore,2
preeminent,2
cardenismo,2
challenge,2
affiliated,2
experienced,2
lacked,2
unionism,2
fundamental,2
causa,2
appeared,2
documents,2
adh,2
choice,2
john,2
reckoned,2
man,2
prerevolutionary,2
newspaper,2
drove,2
v,2
ugalde,2
purposes,2
michael,2
disgust,2
woman,2
eds,2
assault,2
difficulties,2
style,2
gareth,2
clique,2
published,2
demonstrated,2
statutes,2
credit,2
abide,2
dispensary,2
affinity,2
arose,2
previously,2
elections,2
congress,2
outcasts,2
questions,2
services,2
housing,2
partisan,2
administrador,2
three,2
andrews,2
b,2
express,2
grupo,2
times,2
allowed,2
transcript,2
thomas,2
amparo,2
especially,2
internal,2
interpretations,2
garcia,2
incompatible,2
anderson,2
percent,2
haven,2
relative,2
attention,2
brown,2
justice,2
militancy,2
carried,2
rico,2
asking,2
smattering,2
federations,2
window,2
she,2
bureaucrats,2
outsiders,2
hart,2
ctm,2
longtime,2
sinarquista,2
lockout,2
male,2
institutions,2
seen,2
transformed,2
ordering,2
salaries,2
attitudes,2
recognize,2
directorate,2
inspired,2
blood,2
hope,2
nationalization,2
fields,2
worlds,2
ostensibly,2
meant,2
bernardo,2
ensure,2
nacional,2
presidency,2
marjorie,2
conjunction,2
campesinos,2
legislature,2
ordered,2
revolutionaries,2
depression,2
jorge,2
setting,2
believe,2
half,2
clearly,2
shifts,2
grievances,2
constant,2
build,2
differed,2
tex,2
passage,2
elites,2
subordinate,2
incorporate,2
purported,2
romero,2
unlikely,2
poder,2
pact,2
copia,2
hoped,2
problem,2
reopened,2
while,2
secretario,2
produce,2
too,2
agreed,2
dedication,2
hundreds,2
permeated,2
directive,2
ill,2
founded,2
met,2
despite,2
role,2
went,2
divided,2
families,2
maintained,2
think,2
cp,2
symbolic,2
recent,2
conn,2
constitucion,2
grant,2
vizcarra,2
valenzuela,2
evidence,2
smaller,2
defined,2
madison,2
association,2
recalled,2
showed,2
supported,2
potential,2
instruida,2
root,2
succeeded,2
debate,2
pool,2
laborers,2
statement,2
meeting,2
built,2
race,2
trimmed,1
overdrawn,1
resolve,1
frequent,1
miller,1
trajectory,1
labo,1
go,1
superiority,1
pervaded,1
now,1
mostly,1
produces,1
done,1
symmetry,1
pnrez,1
orthodoxy,1
argos,1
subei,1
fertile,1
palatable,1
pull,1
corruption,1
cues,1
scholar,1
created,1
commitment,1
slaughter,1
nicaragua,1
peaceful,1
unfounded,1
career,1
everyone,1
affected,1
excess,1
elaborating,1
rerwlzn,1
acambaro,1
episodes,1
resulted,1
ldzaro,1
determine,1
overstated,1
intriguing,1
asset,1
ultimate,1
diametrical,1
cozy,1
pushed,1
absentee,1
monterrey,1
conversion,1
operator,1
residences,1
replaced,1
torate,1
touched,1
thrust,1
perpetuate,1
denied,1
hay,1
whip,1
intellectual,1
agency,1
provisions,1
allegedly,1
essays,1
prime,1
picked,1
oratory,1
ruiz,1
locked,1
zschoche,1
remind,1
schools,1
cafe,1
english,1
withered,1
murder,1
cynical,1
completely,1
shutdowns,1
jonathan,1
migraciones,1
bryan,1
sabotaging,1
empower,1
modern,1
eminence,1
unnamed,1
receptoria,1
dressing,1
beleaguered,1
realities,1
policy,1
rocio,1
vidalgo,1
minor,1
harsh,1
title,1
obreras,1
faded,1
allege,1
emiliano,1
nineteenth,1
nominally,1
plantations,1
contested,1
martyrs,1
correa,1
novarutm,1
commemorate,1
persuade,1
sizing,1
materials,1
my,1
hoping,1
fires,1
arms,1
fares,1
being,1
fabric,1
grabbed,1
decidedly,1
transitions,1
toughs,1
explaining,1
sympathizers,1
modest,1
collusion,1
long,1
every,1
certainly,1
preceding,1
creation,1
roman,1
utopia,1
sic,1
achieving,1
pervasive,1
exclusive,1
ellas,1
unambiguously,1
shanghai,1
path,1
fund,1
taken,1
colectividad,1
agrarianz,1
culturally,1
concentrated,1
instrumentos,1
sunday,1
anywhere,1
bolio,1
incomplete,1
emerged,1
tolerated,1
diseases,1
contestado,1
nature,1
asia,1
hatred,1
troops,1
parties,1
memorial,1
dramatically,1
declined,1
attractive,1
renamed,1
capitalist,1
moderna,1
packed,1
twenty,1
chartism,1
room,1
assertion,1
rodney,1
thank,1
entryway,1
complied,1
tussle,1
potentially,1
disquieting,1
pressed,1
cinira,1
producing,1
amparos,1
clases,1
studied,1
verbal,1
incident,1
recruit,1
xiii,1
unholy,1
antagonism,1
service,1
hundred,1
downturn,1
procedure,1
baena,1
wore,1
religion,1
rechristened,1
pensamiento,1
kingdom,1
loves,1
instancia,1
idled,1
thzeads,1
subsequent,1
damage,1
fresh,1
detect,1
salary,1
conquistar,1
tangible,1
sinecure,1
supervisor,1
underside,1
emphasized,1
respond,1
filial,1
galvanized,1
indulgence,1
principal,1
dangers,1
current,1
normal,1
china,1
alike,1
somewhat,1
soured,1
manipulate,1
fanaticism,1
trolley,1
deferential,1
multiform,1
intersection,1
seminar,1
triggered,1
desigualdade,1
concealed,1
voting,1
grudge,1
helplessness,1
fountainhead,1
con,1
generosity,1
governmental,1
weaving,1
upsets,1
elided,1
cabinet,1
collaborate,1
laboring,1
pilar,1
anthropologists,1
stretched,1
east,1
albeit,1
yarns,1
crosscurrents,1
capacity,1
motion,1
severe,1
politicized,1
u,1
masked,1
discontent,1
draw,1
hall,1
jealousies,1
chapter,1
killings,1
grafting,1
red,1
chowning,1
bolivian,1
heated,1
leo,1
machinery,1
cooperation,1
michoacano,1
activity,1
planters,1
shared,1
drive,1
pancho,1
assure,1
abriendo,1
activism,1
obvious,1
professor,1
barry,1
apart,1
taking,1
combination,1
desired,1
rosa,1
conceptual,1
nervio,1
unionize,1
hobbled,1
weary,1
afoul,1
whites,1
articulative,1
politician,1
household,1
dynamic,1
quota,1
limped,1
hegemony,1
sophisticated,1
facto,1
visited,1
minimum,1
junta,1
patifio,1
todd,1
impartial,1
penetrate,1
sign,1
yside,1
shut,1
guadarrama,1
aggression,1
controlled,1
signal,1
wherever,1
exposed,1
tons,1
diacon,1
learned,1
human,1
ends,1
gilly,1
million,1
divorced,1
homage,1
phase,1
car,1
encyclical,1
nash,1
relationships,1
decree,1
historically,1
component,1
toadies,1
mine,1
sociability,1
nora,1
seventy,1
pursue,1
run,1
village,1
bent,1
translating,1
since,1
faced,1
initial,1
due,1
health,1
realized,1
molded,1
forbearance,1
unionized,1
cooperate,1
trujillo,1
republica,1
untruth,1
ability,1
klubock,1
brother,1
concliliacion,1
raises,1
santa,1
taps,1
issued,1
application,1
liaison,1
tucson,1
villegas,1
ministration,1
bottled,1
dubbed,1
manifiesto,1
militarily,1
paused,1
vengeance,1
insult,1
bothering,1
learning,1
espoused,1
kind,1
exercise,1
vested,1
cosfo,1
tercevo,1
mounted,1
candidates,1
adjustment,1
unsatisfactory,1
immigrants,1
channeled,1
pathbreaking,1
sets,1
keep,1
perspective,1
fielding,1
pablo,1
affix,1
masterminding,1
marriage,1
mover,1
differently,1
response,1
slave,1
fondly,1
renowned,1
served,1
ample,1
affiliates,1
applying,1
misleading,1
packet,1
timbering,1
thin,1
compare,1
undertaking,1
berlanstein,1
cuckolded,1
outlook,1
paterfamilias,1
drawn,1
battalions,1
closure,1
picnics,1
apotheosis,1
orderings,1
boom,1
tentatively,1
forestall,1
tacit,1
conceive,1
baqjo,1
wounded,1
founder,1
adult,1
hardly,1
insurgent,1
weakness,1
acted,1
handful,1
overt,1
refashion,1
instruments,1
neutral,1
blessing,1
manuel,1
mechanism,1
ado,1
industries,1
usurp,1
using,1
phases,1
book,1
higher,1
employ,1
mechanisms,1
bse,1
offices,1
disbanded,1
operation,1
espiritut,1
competition,1
vied,1
philadelphia,1
christopherr,1
agitation,1
trickery,1
resigning,1
programmatic,1
managers,1
observers,1
devastating,1
links,1
pevolution,1
motivation,1
countertop,1
redress,1
main,1
absent,1
alonso,1
district,1
stop,1
ironic,1
nzexicana,1
lmon,1
affairs,1
proletarias,1
joan,1
catolicismo,1
assassination,1
biggest,1
indemnity,1
doctrine,1
communism,1
remote,1
broaden,1
una,1
deliberately,1
signaled,1
opportunity,1
dwindle,1
waned,1
hilados,1
titled,1
paz,1
reforma,1
weaknesses,1
kiss,1
similar,1
keg,1
certain,1
brand,1
unconstitutional,1
derived,1
direct,1
parts,1
ongoing,1
mythmaking,1
desperately,1
contributions,1
shannon,1
cristiada,1
adversaries,1
workerssupported,1
cuaro,1
echoed,1
mobilize,1
salutary,1
govern,1
sinologists,1
consequences,1
factors,1
update,1
extremes,1
attached,1
jargon,1
veiled,1
cuba,1
soul,1
salaried,1
utterly,1
javier,1
rumors,1
clerk,1
surcos,1
circulated,1
reification,1
clericalist,1
females,1
consider,1
flexibility,1
foothills,1
unthinking,1
histoty,1
sorts,1
river,1
physically,1
benefits,1
image,1
descent,1
languages,1
invective,1
vigil,1
schismatic,1
slowly,1
workplace,1
independientes,1
jennie,1
specify,1
frenzied,1
elevated,1
air,1
mary,1
articulated,1
unambiguous,1
northeastern,1
pragmatism,1
fore,1
cosio,1
calumnies,1
blustery,1
benefited,1
papeles,1
four,1
sus,1
filed,1
commented,1
exploited,1
store,1
albuquerque,1
continual,1
erupted,1
inflated,1
requested,1
expedient,1
notions,1
position,1
consummated,1
putting,1
transcripts,1
fronts,1
painted,1
adolfo,1
exploitation,1
instance,1
angrily,1
permanent,1
plight,1
shifted,1
determinate,1
odd,1
bolts,1
revolucionaria,1
providing,1
counsel,1
drawing,1
molds,1
numerical,1
dependency,1
ciencias,1
mala,1
tightly,1
whereas,1
declarations,1
talking,1
spaniard,1
standards,1
cristeros,1
advance,1
formidable,1
acting,1
directorates,1
aftermath,1
tithe,1
allow,1
lombardo,1
harder,1
train,1
costilla,1
begun,1
superfluous,1
search,1
called,1
bricks,1
strength,1
impartially,1
access,1
discrete,1
attack,1
employment,1
schema,1
rerun,1
internas,1
intellectuals,1
circa,1
fracas,1
pass,1
requirements,1
mythical,1
disorders,1
prudently,1
karush,1
mistreat,1
reconcile,1
reactionary,1
peccadilloes,1
spinning,1
inaugural,1
employee,1
markets,1
intrigue,1
big,1
arranged,1
companion,1
medillfn,1
pure,1
reinstatement,1
furthermore,1
birthday,1
chinese,1
let,1
blow,1
pitch,1
fango,1
silence,1
federacion,1
stock,1
postulates,1
accordingly,1
spreading,1
dynasty,1
viewed,1
absorption,1
recently,1
population,1
companies,1
undermined,1
suffered,1
sonorans,1
intertwined,1
handled,1
tension,1
repercussions,1
universidad,1
spiritual,1
absolute,1
conduct,1
occurrence,1
enough,1
embed,1
negotiated,1
lease,1
creates,1
moniker,1
january,1
near,1
libertarian,1
bastion,1
sustenance,1
patriarchal,1
affair,1
memory,1
aspects,1
wallach,1
feminine,1
representatives,1
xix,1
abuse,1
having,1
participation,1
eduardo,1
distinguish,1
dabbled,1
line,1
sonora,1
consecutive,1
scope,1
benevolence,1
reid,1
strict,1
perks,1
writers,1
odds,1
protected,1
provocative,1
stake,1
characterization,1
constitutionalists,1
purpose,1
casa,1
edn,1
esp,1
reduction,1
electrical,1
ferment,1
tenure,1
ginzberg,1
filthy,1
elizabeth,1
ten,1
wiring,1
squelch,1
intentionally,1
domain,1
overview,1
older,1
fabriles,1
roadway,1
ranchos,1
policies,1
enraged,1
neared,1
literally,1
harmonize,1
revoluition,1
actually,1
middle,1
earn,1
abascal,1
quarreled,1
finished,1
organizing,1
transported,1
salazar,1
weekly,1
surrounding,1
jealousy,1
macias,1
riquezas,1
matt,1
verena,1
placate,1
colluded,1
pariahs,1
expand,1
alan,1
status,1
withstand,1
immigrated,1
huelga,1
strongest,1
abolish,1
hidden,1
count,1
financier,1
announcement,1
tejidos,1
shortcomings,1
errors,1
misplaced,1
unmarried,1
flirting,1
thread,1
subtle,1
unflattering,1
tone,1
running,1
agrarismo,1
correct,1
legions,1
poputlar,1
manners,1
voiced,1
merino,1
macedo,1
shaping,1
unexpected,1
theoretically,1
parish,1
seized,1
statewide,1
box,1
contrast,1
progreso,1
ministries,1
michoacana,1
squarely,1
owned,1
settlement,1
claim,1
operarios,1
hermeneutics,1
specifically,1
veteran,1
calling,1
portraying,1
mineral,1
workshops,1
altered,1
disposition,1
founding,1
fierce,1
sdo,1
bridge,1
prompted,1
exigencies,1
industry,1
acts,1
presence,1
dramatic,1
decline,1
inidustriia,1
essentially,1
distinguished,1
played,1
herb,1
iudad,1
villages,1
junctures,1
tended,1
da,1
contention,1
generally,1
rendition,1
settinzg,1
minority,1
necessity,1
porfirio,1
spurious,1
resistance,1
politicas,1
paid,1
rosendo,1
gould,1
dust,1
roots,1
deepened,1
joel,1
restructure,1
structured,1
diminished,1
gobernador,1
antologia,1
heyday,1
moved,1
settle,1
massive,1
activities,1
corporatist,1
fiber,1
pope,1
balm,1
nicolas,1
attacks,1
appeal,1
quiescence,1
embarked,1
portion,1
leche,1
critical,1
uncommon,1
ceballos,1
honig,1
gonz,1
transform,1
republic,1
sons,1
dogs,1
business,1
dampened,1
brading,1
advocate,1
cottage,1
practices,1
gonzaelez,1
misrepresent,1
noble,1
boards,1
letters,1
unification,1
concessions,1
stores,1
expansion,1
bulwarks,1
play,1
successes,1
sermon,1
address,1
notoriously,1
merits,1
purports,1
dawn,1
exception,1
grcacia,1
reproducing,1
reduce,1
vocation,1
establishes,1
vaughan,1
surviving,1
indicates,1
tercero,1
domination,1
strife,1
incredibly,1
unprecedented,1
initially,1
backdrop,1
rubio,1
whole,1
road,1
articulate,1
structural,1
single,1
fighting,1
mundial,1
zitaicuaro,1
mexicanos,1
keremitsis,1
allegations,1
depicted,1
communities,1
pacific,1
sympathies,1
interpretation,1
splintered,1
violence,1
reference,1
describe,1
splinter,1
recommendation,1
added,1
builds,1
fights,1
cats,1
bajlo,1
clergy,1
mobile,1
presidenciales,1
formally,1
tangled,1
relinquish,1
diminutive,1
palmer,1
enfold,1
misses,1
railroad,1
indebted,1
rehire,1
nefarious,1
orders,1
light,1
eitan,1
purity,1
ideology,1
um,1
wright,1
experiment,1
movilizacion,1
jamaica,1
emigrate,1
flogs,1
firebrand,1
buenosaires,1
boiling,1
qualified,1
reports,1
emotional,1
resented,1
hundredth,1
boost,1
noted,1
dragnets,1
rise,1
arranging,1
weavers,1
coordinate,1
useful,1
volume,1
investors,1
araiza,1
accusations,1
street,1
comprehend,1
sided,1
bureaucrat,1
idle,1
allusion,1
comfortable,1
paul,1
whichever,1
segments,1
jeffrey,1
participated,1
omission,1
confided,1
gobierno,1
request,1
toward,1
others,1
death,1
punish,1
rumored,1
reporting,1
dictatorship,1
similarly,1
ask,1
mistrust,1
chaps,1
notarial,1
foodstuffs,1
water,1
garnishing,1
unsuccessful,1
powder,1
cultivated,1
longer,1
treatment,1
preserve,1
toll,1
projeto,1
genuine,1
componentes,1
pressure,1
tolerate,1
walked,1
broadly,1
increasing,1
agree,1
rotated,1
reproduqdo,1
unobtrusive,1
voluntad,1
superiors,1
arisen,1
daily,1
angry,1
wellorganized,1
larger,1
linchpin,1
hear,1
antonio,1
somewhere,1
diezmo,1
everything,1
contemporary,1
contentious,1
sprouted,1
meanders,1
walkouts,1
mold,1
charges,1
fashion,1
kowtowed,1
trips,1
fragments,1
minister,1
industrialist,1
inquired,1
brotherhood,1
belongings,1
adjacent,1
everyday,1
gananath,1
ground,1
journalists,1
proletariat,1
approved,1
decried,1
manner,1
respiratory,1
metaphors,1
secular,1
competitors,1
existing,1
accepted,1
establish,1
politico,1
mex,1
muster,1
jobs,1
celebrated,1
verbatim,1
surveillance,1
forth,1
countenanced,1
colony,1
shout,1
norms,1
deep,1
belief,1
bald,1
hamilton,1
lono,1
siglo,1
wood,1
free,1
toledano,1
casting,1
stance,1
veered,1
dragged,1
fight,1
fundamentally,1
saragoza,1
classes,1
boyerpolitical,1
understanding,1
behaviors,1
ignored,1
situated,1
investigated,1
encounter,1
dissimilar,1
millenarian,1
father,1
intimate,1
coherent,1
memoranda,1
layoffs,1
birth,1
restrictions,1
treated,1
kawainui,1
preferential,1
ahogar,1
upon,1
compartment,1
pave,1
secretaria,1
denounced,1
slaves,1
inscription,1
sides,1
cooperating,1
secretarfa,1
including,1
holt,1
sufficiently,1
vilo,1
judge,1
missives,1
childish,1
recover,1
vicente,1
indecisive,1
lista,1
sensibilities,1
medium,1
encouraged,1
top,1
conceived,1
findings,1
lecture,1
entirely,1
expression,1
sold,1
religiously,1
abated,1
station,1
worse,1
refuse,1
sequence,1
harvard,1
shorn,1
actual,1
engaged,1
juez,1
examination,1
suscritos,1
trip,1
chosen,1
full,1
regions,1
office,1
discordia,1
advantages,1
nevertheless,1
versions,1
ballasteros,1
rejected,1
ties,1
distortion,1
helpless,1
low,1
inscribing,1
discovered,1
urbana,1
margaret,1
provoked,1
historic,1
moral,1
emphasizing,1
authors,1
communicated,1
referente,1
modernization,1
portfolio,1
sustain,1
essay,1
rebecca,1
logic,1
spewed,1
novarumlzn,1
fanatic,1
individual,1
purnell,1
attach,1
currentanthropology,1
reviewers,1
threw,1
collaboration,1
kane,1
geographically,1
trevifio,1
inventing,1
function,1
presidencia,1
mount,1
escaped,1
risen,1
dry,1
structuring,1
filled,1
hacienda,1
persistence,1
proximity,1
illicit,1
last,1
wish,1
dekalb,1
expressing,1
luchas,1
morals,1
exchange,1
concientes,1
payment,1
promotion,1
communists,1
faith,1
special,1
beyond,1
distrusted,1
study,1
operario,1
juncture,1
exaggeration,1
editors,1
rendering,1
gobernacion,1
trouble,1
declare,1
britain,1
effect,1
sacred,1
teach,1
nuevos,1
enjoyed,1
structure,1
michoaca,1
artisans,1
signatories,1
field,1
slightly,1
pofiriato,1
italy,1
equivalent,1
looked,1
northern,1
attracted,1
prohibiting,1
solvency,1
pistols,1
retracted,1
need,1
robert,1
engagement,1
remarkable,1
outright,1
synoptic,1
contacting,1
novelo,1
brazos,1
concluded,1
court,1
emily,1
sue,1
revolved,1
gunfight,1
european,1
humiliating,1
suggestion,1
hardline,1
caidos,1
educate,1
regardless,1
me,1
tested,1
mitigate,1
perry,1
alex,1
transformations,1
note,1
equals,1
stolcke,1
independent,1
george,1
complaining,1
quo,1
guerrillas,1
stream,1
filth,1
traditionalism,1
usually,1
five,1
foreign,1
willingly,1
convened,1
vision,1
terrence,1
ministry,1
ballot,1
begin,1
inside,1
arduous,1
attitude,1
populist,1
primarily,1
independence,1
muigica,1
harmed,1
army,1
tin,1
zalvatierra,1
detailed,1
sandwich,1
invited,1
mien,1
anachronism,1
returned,1
ideologia,1
accommodating,1
bosses,1
modify,1
determination,1
threaten,1
face,1
anticlerical,1
originated,1
rapidly,1
try,1
traveled,1
articles,1
stewards,1
insecurity,1
batalla,1
extra,1
construction,1
analysis,1
paternal,1
existed,1
fall,1
united,1
insurance,1
geoff,1
populace,1
dead,1
directives,1
wives,1
endure,1
mother,1
yarn,1
exists,1
get,1
amy,1
arts,1
heather,1
gathered,1
investigate,1
fought,1
seat,1
thick,1
forest,1
manifesting,1
venezuela,1
addressed,1
hearts,1
dissertation,1
assistant,1
logging,1
fastidie,1
exercised,1
shadow,1
heavy,1
mcdonald,1
mainly,1
thinly,1
reorganized,1
por,1
series,1
redemption,1
arrest,1
principals,1
mentioned,1
changing,1
ohistoria,1
defend,1
afoot,1
isael,1
nervous,1
extremist,1
mario,1
autonomy,1
superheated,1
struck,1
devout,1
smallness,1
officially,1
rearticulated,1
invoked,1
emigres,1
implied,1
dubious,1
kay,1
offered,1
apprehended,1
guerrilla,1
recruits,1
eley,1
improvement,1
text,1
sciences,1
appealing,1
organizational,1
drew,1
altercation,1
eni,1
zingintegui,1
quickly,1
contingents,1
uncomplicated,1
hobble,1
obscene,1
sociales,1
alvarez,1
principle,1
proletarianized,1
dismay,1
katz,1
commonplace,1
readily,1
ariz,1
paper,1
cultures,1
gachupin,1
cultura,1
tuberculosis,1
artifice,1
assent,1
novel,1
lying,1
pretende,1
accustomed,1
seem,1
capital,1
equivocations,1
best,1
ahr,1
straightforward,1
drown,1
victoria,1
argue,1
hurrahs,1
wolfe,1
ratification,1
speech,1
presides,1
moments,1
ortiz,1
lenard,1
hinted,1
gregg,1
job,1
thinking,1
rely,1
privileged,1
goods,1
ramfrez,1
appellation,1
reflected,1
bylaws,1
examining,1
elsewhere,1
ambivalent,1
outrage,1
ramos,1
rural,1
works,1
entrepreneur,1
scores,1
indeterminate,1
possibility,1
merely,1
destroyed,1
knowingly,1
inducements,1
phd,1
growing,1
clarity,1
beginning,1
iztapalapa,1
valle,1
dismissal,1
shy,1
requesting,1
jean,1
economy,1
preexisting,1
answered,1
teniente,1
victims,1
transfers,1
circles,1
coffee,1
winthrop,1
selected,1
list,1
ones,1
rebellion,1
want,1
apace,1
pertinent,1
males,1
symbolically,1
simmered,1
passed,1
map,1
bastille,1
remove,1
theory,1
unrest,1
chinandega,1
supporter,1
leaving,1
revoluttion,1
unfold,1
catered,1
periphery,1
zitacuaro,1
mandated,1
constitutionally,1
complain,1
abruptly,1
secure,1
gestures,1
elect,1
pitted,1
orientations,1
voice,1
information,1
orizaba,1
anticipation,1
missed,1
alez,1
transgression,1
wove,1
alfredo,1
feminized,1
revista,1
matrix,1
strain,1
agraristas,1
stoning,1
spaces,1
prior,1
oacan,1
radically,1
infertile,1
bought,1
presented,1
occasionally,1
exploitative,1
son,1
careful,1
inaccuracies,1
modernizing,1
ruled,1
conclude,1
decisive,1
sindicatos,1
precepto,1
joining,1
collaborated,1
mobilizations,1
duty,1
easy,1
inaugurated,1
mayor,1
giving,1
predecessors,1
subject,1
durable,1
lies,1
step,1
regulated,1
reserves,1
ramified,1
ignorant,1
colluding,1
confronted,1
oil,1
obtain,1
demanding,1
reconstruct,1
contreras,1
manufacturing,1
copper,1
unity,1
ever,1
credentials,1
vocal,1
writing,1
zinape,1
cliques,1
varied,1
complaints,1
illconceived,1
reinforced,1
mentor,1
analogy,1
named,1
affixed,1
askance,1
thirst,1
sanctioned,1
question,1
enthusiasm,1
devoted,1
chile,1
stoned,1
tell,1
spring,1
boyei,1
sinarquismo,1
effectiveness,1
darfuerza,1
background,1
quashed,1
reveals,1
patriarchy,1
abridged,1
wis,1
twentieth,1
institutional,1
spat,1
boosted,1
sangre,1
write,1
mode,1
retrograde,1
crisis,1
dangerous,1
register,1
joined,1
offshoot,1
actively,1
typically,1
favors,1
intertwining,1
physical,1
willing,1
gen,1
negotiable,1
heartland,1
undying,1
disintegrated,1
fondo,1
thoughtful,1
involving,1
backbiting,1
france,1
you,1
doing,1
forming,1
sani,1
area,1
saturday,1
mic,1
mexicano,1
morning,1
ruth,1
anonymous,1
respective,1
am,1
restored,1
vi,1
inclination,1
thousand,1
specific,1
blacks,1
edmundo,1
accosted,1
safeguard,1
dissimulation,1
arbitraje,1
substitute,1
stoppage,1
rest,1
withdrew,1
radicals,1
ascendancy,1
grise,1
beseeched,1
reached,1
th,1
confraternities,1
dogged,1
exclusively,1
serrano,1
acrimonious,1
ownership,1
tiff,1
abandoned,1
fellowship,1
heir,1
immediately,1
excoriating,1
grace,1
rowdies,1
here,1
crucible,1
clerics,1
loyalties,1
asked,1
petroleum,1
guillermina,1
camara,1
roles,1
clashed,1
cited,1
dictum,1
interlaced,1
retrospect,1
trundled,1
porvenir,1
anguiano,1
continuously,1
