WORDCOUNTS,WEIGHT
the,608
and,435
of,330
in,298
de,211
la,185
a,162
et,129
l,121
s,73
les,63
le,62
des,61
pp,57
e,52
en,51
du,46
american,43
dans,41
der,40
press,40
d,39
und,38
new,35
siecle,34
culture,34
editor,34
au,33
y,32
del,32
to,32
on,31
cultural,30
for,29
women,28
early,28
die,26
national,26
di,25
history,25
j,25
rural,24
university,23
editors,23
from,23
historical,22
europe,21
nationalism,21
political,21
social,21
black,21
un,21
essays,20
number,20
war,19
as,19
c,18
el,18
politics,18
david,18
an,18
james,18
r,17
john,17
state,16
nkfd,16
paul,16
fin,16
democracy,15
religion,15
york,15
m,15
los,15
world,15
noblesse,15
collected,15
martin,15
peace,15
studies,14
robert,14
review,14
century,14
von,14
archaeology,14
spain,14
maria,14
paper,14
february,14
cloth,14
america,13
richard,13
cinema,13
age,13
im,13
xixe,13
charles,13
medieval,12
church,12
modern,12
southern,12
histoire,12
german,12
h,12
n,12
w,12
ville,12
das,12
milton,12
by,12
f,12
une,12
paris,12
identity,12
european,12
south,11
policy,11
bdo,11
roger,11
g,11
tra,11
ethnicity,11
economic,11
den,11
michael,11
art,11
latin,11
france,11
russia,11
at,10
zur,10
marc,10
judios,10
mary,10
during,10
nauvoo,10
christian,10
aux,10
v,10
i,10
britain,10
science,10
heidelberg,10
before,9
ii,9
great,9
k,9
olivier,9
p,9
rome,9
al,9
jo,9
lewis,9
siglo,9
xv,9
peter,9
ideology,9
empire,9
with,9
pour,9
middle,9
mexican,8
tradition,8
della,8
helen,8
russe,8
entre,8
international,8
late,8
chinese,8
aspects,8
disciplina,8
place,8
change,8
philip,8
community,8
religious,8
donne,8
or,8
some,8
jacques,8
cavan,8
revisited,7
court,7
jr,7
modernity,7
russian,7
literary,7
origins,7
sport,7
su,7
people,7
popular,7
il,7
xviii,7
espafia,7
revolution,7
catholic,7
langue,7
nation,7
sallman,7
french,7
als,7
jahrhundert,7
una,7
xvi,7
class,7
united,7
education,7
storia,7
sciences,7
las,7
william,7
interwar,7
character,7
thierry,7
siecles,7
urban,7
eric,7
zarcone,7
years,7
sur,7
states,7
reformation,7
between,7
debate,7
germany,6
romanian,6
first,6
t,6
military,6
england,6
china,6
context,6
east,6
barry,6
x,6
warner,6
exemple,6
emergence,6
moyen,6
color,6
poverty,6
two,6
film,6
ancien,6
movement,6
creoles,6
under,6
smith,6
antonio,6
travail,6
emma,6
practice,6
reflections,6
thomas,6
perspectives,6
joseph,6
regime,6
mass,6
iii,6
labanyi,6
delle,6
transition,6
alain,6
question,6
graham,6
images,6
noblesses,5
fra,5
tours,5
henry,5
debut,5
british,5
roy,5
eastern,5
female,5
west,5
julian,5
coad,5
aus,5
media,5
westport,5
perspective,5
politique,5
growth,5
b,5
panayi,5
their,5
raymond,5
nel,5
xvii,5
xiv,5
london,5
nella,5
panikos,5
irish,5
society,5
power,5
tremblements,5
epoque,5
gaborieau,5
hubert,5
historia,5
marshall,5
property,5
xviiie,5
denis,5
transylvania,5
erasmus,5
viii,5
germans,5
plan,5
ages,5
ou,5
cambridge,5
elections,5
legal,5
russie,5
language,5
louisiana,5
hungarian,5
brown,5
plains,5
centuries,5
dent,5
case,5
spanish,5
intellectual,5
par,5
economy,5
mormon,5
proceedings,5
making,5
terre,5
conference,5
conn,5
deutschland,5
kingdom,5
secolo,5
migration,5
bernard,4
o,4
alted,4
per,4
english,4
mit,4
nineteenth,4
gilles,4
deutschen,4
xiii,4
harvey,4
daniel,4
espace,4
king,4
soufisme,4
sixteenth,4
intelligentsia,4
etienne,4
sanchez,4
distributed,4
central,4
ferenc,4
sociale,4
carlos,4
fischer,4
immobiliere,4
pierre,4
clare,4
romania,4
nobles,4
manuel,4
van,4
alexandre,4
his,4
adam,4
greenwood,4
contributions,4
vera,4
lives,4
leonid,4
bruce,4
democratic,4
glatz,4
view,4
union,4
propriete,4
kennedy,4
judia,4
nathalie,4
jewish,4
discours,4
eduardo,4
edad,4
civil,4
music,4
hungary,4
jones,4
county,4
production,4
wolfgang,4
jost,4
second,4
african,4
roumaine,4
modes,4
quaker,4
chris,4
volume,4
angel,4
ecole,4
xii,4
eglise,4
monache,4
time,4
man,4
woman,4
einer,4
native,4
free,4
lost,4
catholicism,4
elite,4
auf,4
zum,4
trade,4
alicia,4
xx,4
gril,4
period,4
after,4
propos,4
nei,4
present,4
moskauer,4
karl,4
life,4
is,4
conversos,4
constant,4
series,4
domestic,4
past,4
era,4
armies,4
villes,4
suggs,4
ohio,4
republic,4
pouvoir,4
xxe,4
crisis,4
land,4
you,4
among,4
nicholas,3
fernandez,3
struggle,3
limits,3
polish,3
historiographie,3
ritual,3
sefardi,3
jane,3
protestant,3
center,3
jonathan,3
considerations,3
into,3
lannon,3
golden,3
klaus,3
kohl,3
electoral,3
davis,3
creation,3
implications,3
musical,3
all,3
andrew,3
moderna,3
mills,3
government,3
ronald,3
loi,3
pacifism,3
forme,3
collection,3
evans,3
development,3
wunder,3
silent,3
popovic,3
helena,3
rabino,3
resin,3
financing,3
wendy,3
morgan,3
magda,3
nationalisms,3
vom,3
franqais,3
publications,3
general,3
influence,3
gillespie,3
perriam,3
rights,3
portland,3
clayer,3
etudes,3
soviet,3
angeles,3
edward,3
landscape,3
walker,3
chez,3
michel,3
soufis,3
space,3
milan,3
sus,3
italie,3
nebraska,3
sociabilite,3
daniela,3
gregory,3
societe,3
nancy,3
conflict,3
brownlee,3
search,3
creanza,3
fines,3
left,3
moderne,3
comme,3
rigon,3
public,3
xix,3
christianity,3
goscilo,3
gegen,3
eichengreen,3
davies,3
pratiques,3
structures,3
legislation,3
faron,3
creating,3
legacy,3
eine,3
television,3
um,3
dem,3
st,3
erika,3
ellen,3
nations,3
institut,3
republican,3
montero,3
sous,3
giovanni,3
fusion,3
jesus,3
reception,3
about,3
frank,3
hugh,3
americans,3
columbus,3
orthodoxie,3
islam,3
historiography,3
williams,3
fawcett,3
business,3
toward,3
christ,3
exclusion,3
arthur,3
fashion,3
anne,3
hill,3
sovietique,3
ground,3
xiiie,3
isabelle,3
medioevo,3
renaissance,3
strategies,3
habsburg,3
cristiana,3
einflub,3
judias,3
nicole,3
pacifist,3
slaves,3
marfa,3
contemporary,3
recovery,3
literatura,3
margaret,3
wilson,3
jose,3
nelle,3
ottoman,3
ireland,3
vita,3
fr,3
caso,3
craciun,3
educational,3
langues,3
nationality,3
study,3
italia,3
postwar,3
gerd,3
we,3
hungarians,3
nationale,3
para,3
islamic,3
dm,3
what,3
santiago,3
foreword,3
order,3
army,3
yale,3
juan,3
lawrence,3
urbain,3
universitat,3
antiquity,3
holmgren,3
istvan,3
oreg,3
imperialism,3
veinstein,3
creole,3
catalan,3
stephen,3
historique,3
elliot,3
historian,3
impulse,3
changing,3
geoffroy,3
isaac,3
organization,3
cultures,3
are,3
republicanism,3
propaganda,3
written,3
liberal,3
living,3
beth,3
jean,3
saint,3
problem,3
censorship,3
gabriella,3
institute,3
observations,3
freedom,3
city,3
bourgeois,3
espania,3
manuela,3
jan,3
frances,3
formation,3
gestione,3
north,3
illinois,3
twentieth,3
seicento,3
donna,3
mark,3
indian,3
monarchy,3
elites,3
rejection,3
chicago,3
gulf,3
arnold,3
malcolm,3
courts,2
it,2
now,2
nuovo,2
illegada,2
szasz,2
reconsidered,2
revolutionary,2
nationalities,2
presses,2
weber,2
cruz,2
dianella,2
miguel,2
introduction,2
hallwas,2
tatigkeit,2
religiosi,2
one,2
marina,2
erste,2
moitie,2
myth,2
ruiz,2
tierras,2
seydlitz,2
philippe,2
bryan,2
mentality,2
teatro,2
boulder,2
decade,2
words,2
protection,2
western,2
ian,2
legion,2
emphyteose,2
proprieta,2
cultura,2
experience,2
gail,2
round,2
pastoral,2
marco,2
pleasure,2
frankfurt,2
norbert,2
sonya,2
mcdannell,2
action,2
naturelles,2
nature,2
asia,2
revival,2
brock,2
tres,2
romances,2
alexander,2
moscou,2
italien,2
knight,2
narrative,2
mississippi,2
hannah,2
real,2
gestion,2
immeuble,2
maurice,2
hershatter,2
murray,2
zu,2
keith,2
que,2
reading,2
within,2
byzantium,2
papers,2
literaria,2
est,2
alfred,2
portugal,2
gagliani,2
protectrice,2
theses,2
grundung,2
sexual,2
quelques,2
account,2
armand,2
parma,2
way,2
studi,2
election,2
powers,2
functions,2
taxation,2
magazine,2
bell,2
biblical,2
birth,2
timothy,2
establishment,2
resources,2
moral,2
memoire,2
dumitran,2
ross,2
concept,2
karen,2
paysannes,2
sancti,2
albrecht,2
ovidiu,2
collapse,2
dei,2
population,2
processus,2
dynamics,2
citta,2
since,2
against,2
judeoconversos,2
portugueses,2
forgotten,2
gyorgy,2
janet,2
gendered,2
droits,2
universitaires,2
z,2
goff,2
launius,2
legado,2
advances,2
turn,2
nelson,2
elements,2
old,2
immigrants,2
uberlegungen,2
academic,2
young,2
scott,2
ecclesiastical,2
ethnic,2
fourth,2
baux,2
modele,2
pueblo,2
enric,2
journal,2
bennett,2
border,2
ordres,2
traditions,2
temi,2
over,2
cristianonuevos,2
promised,2
economique,2
civilization,2
tribal,2
joyner,2
acculturation,2
secoli,2
racism,2
miye,2
testi,2
transformations,2
czechoslovakia,2
testimony,2
performance,2
how,2
irwin,2
patronage,2
levine,2
fissures,2
vicente,2
sefardies,2
emery,2
sarah,2
landscapes,2
etat,2
ix,2
occidentales,2
stein,2
white,2
reforms,2
looker,2
vue,2
kampf,2
byzance,2
loren,2
image,2
languages,2
wijaczka,2
franco,2
byzantine,2
realities,2
jaspers,2
steinbach,2
xi,2
cornel,2
conners,2
gandhi,2
organisation,2
droit,2
baths,2
kirche,2
expulsion,2
reconsideration,2
victorian,2
centrale,2
bruno,2
principios,2
novita,2
persistance,2
antebellum,2
giuseppina,2
ancient,2
volkes,2
marta,2
widerstand,2
geoffrey,2
lyonnais,2
pietas,2
rummel,2
rule,2
taschenbuch,2
pabel,2
hames,2
carol,2
patrick,2
intellectuals,2
sellin,2
cristiano,2
ueberschar,2
melancholy,2
offiziere,2
big,2
hispanic,2
occupation,2
oder,2
spiegel,2
knighthood,2
parrocchia,2
hitler,2
michigan,2
ucelay,2
province,2
chateau,2
urbaines,2
ford,2
occidentale,2
litterature,2
volker,2
paroissiale,2
marie,2
memory,2
deutscher,2
mythe,2
monique,2
relief,2
kelly,2
salon,2
chaline,2
work,2
fondations,2
writers,2
zarri,2
exces,2
future,2
themes,2
civilisation,2
fonti,2
cruickshanks,2
its,2
gender,2
elizabeth,2
ten,2
dal,2
religiosa,2
abel,2
issues,2
travers,2
ricardo,2
douglas,2
voie,2
hambledon,2
wolgast,2
femminili,2
liberale,2
confession,2
stanford,2
ter,2
industrialization,2
muller,2
eveline,2
ghitta,2
pyrenees,2
monetary,2
jerry,2
pentecostal,2
martine,2
good,2
vida,2
patriciat,2
zoltan,2
confrerie,2
heidelberger,2
societes,2
field,2
sandre,2
mangan,2
pacifists,2
medievale,2
discourse,2
consolidation,2
rutgers,2
fuentes,2
merlo,2
family,2
richter,2
fouracre,2
immigration,2
research,2
gene,2
brelot,2
success,2
da,2
letteratura,2
corona,2
when,2
zeller,2
progress,2
jordan,2
benz,2
resistance,2
futurisme,2
ghost,2
francais,2
grado,2
fiber,2
mariuccia,2
ranki,2
critical,2
poland,2
role,2
critics,2
exeter,2
principales,2
architecture,2
ideas,2
schmidt,2
synthesis,2
triaud,2
drama,2
comparative,2
expansion,2
jacek,2
morts,2
domingo,2
mystique,2
korper,2
allen,2
grande,2
cole,2
sobre,2
make,2
grandin,2
studien,2
autorita,2
romanians,2
southeast,2
violence,2
gyula,2
stephanie,2
trento,2
thought,2
albert,2
god,2
bruinessen,2
przeworski,2
light,2
icon,2
andrzej,2
these,2
hamts,2
rise,2
stalin,2
payments,2
francoism,2
mittelalterlichen,2
law,2
heritage,2
figure,2
bourges,2
trois,2
summers,2
minorities,2
villa,2
neville,2
monastica,2
wiedereroffnung,2
classical,2
forging,2
ivo,2
berelowitch,2
daniels,2
muhammad,2
terry,2
kirk,2
never,2
henning,2
monographs,2
dorothy,2
michelle,2
non,2
ch,2
ports,2
dance,2
piety,2
mundo,2
insular,2
caryll,2
heinrich,2
wood,2
classes,2
atlantic,2
indiana,2
israel,2
ogilvie,2
muriel,2
eta,2
crafts,2
contract,2
rosemarie,2
edwin,2
aesthetics,2
causes,2
univers,2
books,2
militarism,2
premiere,2
junco,2
pagan,2
recruitment,2
dalla,2
california,2
washington,2
continuities,2
significance,2
urbana,2
friedman,2
transformation,2
modem,2
assisted,2
castile,2
dominique,2
leurs,2
himy,2
enrique,2
dell,2
men,2
castilla,2
libro,2
debuts,2
bishops,2
xviie,2
queen,2
labour,2
painting,2
constructing,2
glenn,2
ioan,2
emergency,2
ann,2
castellanos,2
lothar,2
internationalism,2
story,2
gasparini,2
nazi,2
green,2
limites,2
genesis,2
belle,2
aid,2
regola,2
edizioni,2
heb,2
foreign,2
sports,2
ruoli,2
jacobites,2
vision,2
cluj,2
dissociee,2
savantes,2
sheilagh,2
dzelzainis,2
visual,2
katherine,2
archeologie,2
es,2
analysis,2
castellano,2
fall,2
teresa,2
not,2
kings,2
komintern,2
jacobite,2
immobiliare,2
problematic,2
eugene,2
eike,2
colette,2
voies,2
ordine,2
today,2
santa,2
protestantism,2
wars,2
thinking,2
asie,2
postmodernism,2
material,2
castle,2
naples,2
zusammenarbeit,2
peoples,2
duecento,2
ve,2
mario,2
celtic,2
determinants,2
countryside,2
vi,2
dissident,2
francesca,2
dyck,2
garcfa,2
blair,2
sociales,2
alvarez,2
bertrand,2
chine,2
hamilton,2
steven,2
bernhard,2
roman,2
bologna,2
jeanne,2
pietro,2
sida,2
banac,2
transylvanie,2
matthew,2
hilmar,2
alcala,2
identities,2
catholiques,2
armitage,2
thompson,2
politische,2
criticism,2
cal,2
hall,2
femmes,2
unique,2
evangelical,2
nonmetropolitan,2
kathryn,2
seconde,2
theory,2
espafioles,2
murgescu,2
contemporaine,2
recits,2
rapports,2
constitutional,2
immunities,2
imperial,2
piero,2
u,2
quaderni,2
espagne,2
ses,2
kansas,2
colleen,2
league,2
portraits,2
apparatus,2
dormon,2
seasons,2
revolutions,2
marketing,2
trianon,2
gerard,2
minnesota,2
salvati,2
challenges,2
indians,2
criptojudios,2
rio,2
kilmore,2
woodrow,2
femme,2
algunos,2
heide,2
francois,2
radicalism,2
roots,2
invasion,2
cas,2
knights,2
refugio,2
argentina,2
godet,2
escritores,2
conditions,2
defence,2
catherine,2
colo,2
afrique,2
cooper,2
fiscal,2
evidence,2
modello,2
contact,2
barnes,2
integration,2
xive,2
magdalena,2
area,2
sir,2
ruth,2
evelyn,2
viorel,2
jefferson,2
cause,2
communidades,2
distinctions,2
poque,2
recherche,2
rosa,2
formes,2
norman,2
little,2
huellas,2
brave,2
taylor,2
barberini,2
hans,2
race,2
reforme,2
juhasz,2
verdery,2
sa,1
fir,1
maupassant,1
oakerson,1
clos,1
barbu,1
manly,1
blicke,1
yarnall,1
erik,1
have,1
reddito,1
malaya,1
kriegel,1
devotion,1
princeps,1
posnock,1
regional,1
pais,1
moreno,1
shurte,1
godfrey,1
archives,1
dale,1
populaire,1
deak,1
coriat,1
transplantation,1
settlers,1
storiche,1
klostermaier,1
gilbert,1
castelli,1
episodio,1
monachesimo,1
mead,1
rate,1
merovingian,1
letzten,1
barros,1
antoine,1
cuple,1
domesticity,1
biografia,1
dies,1
religionis,1
autres,1
viandanti,1
valenciano,1
sibenburgen,1
versuchte,1
lem,1
degli,1
oengusso,1
rudy,1
bianchini,1
stuart,1
cavalerie,1
ambivalence,1
selon,1
historiador,1
xxie,1
propuestas,1
treaties,1
meaning,1
morineau,1
tsivian,1
blum,1
soccer,1
perspectivas,1
myriam,1
akten,1
guerilla,1
prize,1
zsuzsa,1
aborigines,1
histoires,1
sixto,1
colonise,1
historiques,1
garros,1
insurmountable,1
universite,1
giorgio,1
peaceful,1
career,1
ecclesiology,1
documentales,1
ritrersporn,1
dash,1
provenqal,1
clueb,1
fayard,1
nuremberg,1
preach,1
damodar,1
college,1
modernista,1
honig,1
red,1
beauvais,1
beltran,1
diane,1
bajomedieval,1
afroamerican,1
antigrecque,1
adoption,1
denomination,1
widow,1
regles,1
nouvelle,1
minimum,1
designer,1
peninsula,1
claudie,1
ewa,1
philadelphia,1
grange,1
gutzlaff,1
manuscript,1
heroick,1
grotesque,1
linguistic,1
malades,1
angelo,1
conversion,1
bei,1
zoba,1
police,1
becoming,1
campesinas,1
unitarischen,1
shakin,1
franqaises,1
maas,1
residences,1
catalonia,1
anfange,1
rick,1
experiment,1
dispelled,1
battlements,1
logique,1
moldavia,1
san,1
star,1
jews,1
entwurf,1
marianne,1
leib,1
consecuencias,1
champaigne,1
nudie,1
howarth,1
frankiel,1
surtz,1
ihr,1
zeev,1
boucheron,1
parroci,1
archetti,1
xviiith,1
elitism,1
moraze,1
orazione,1
comunidades,1
librio,1
federal,1
solidarity,1
denmark,1
culta,1
martyrdom,1
atraso,1
sudden,1
wallace,1
anglo,1
julianna,1
earthly,1
spiritus,1
manmade,1
lass,1
respectability,1
encirclement,1
anahide,1
wolf,1
nord,1
spirit,1
abrams,1
rhetorik,1
anthropology,1
karnoouh,1
franqoise,1
teutsind,1
ottocento,1
vigier,1
resurgence,1
medecins,1
materiels,1
frage,1
comparatifs,1
champaign,1
sandler,1
avant,1
valeen,1
wladimir,1
tanzkunst,1
erikson,1
durnbaugh,1
scots,1
yndurain,1
valencia,1
rujsz,1
redondi,1
liberaler,1
missionaires,1
moving,1
ferrill,1
luminita,1
herdereditrice,1
zwischen,1
quand,1
matter,1
thematic,1
rosemary,1
contado,1
gabrielle,1
vsevolodov,1
immigrant,1
princeton,1
claire,1
symptom,1
pioneers,1
arbeitskreis,1
rumanen,1
practices,1
finkelman,1
sefarditas,1
lieu,1
aujourd,1
laura,1
vicenza,1
doss,1
altman,1
kulturforschung,1
zsigmond,1
test,1
nicolo,1
turquie,1
article,1
moore,1
joelle,1
concepts,1
btaur,1
ouest,1
communiste,1
schulturnen,1
premiers,1
attorney,1
permanence,1
bemuhungen,1
proposito,1
arkadij,1
sources,1
that,1
global,1
confrerique,1
transnationalism,1
ariid,1
poveri,1
swedish,1
caroline,1
entfuhrungen,1
domus,1
unter,1
jackson,1
immobiliari,1
approche,1
utopia,1
ways,1
sinagogas,1
brechen,1
voices,1
terrains,1
rinaldi,1
tiempo,1
silents,1
smadja,1
philosophe,1
exile,1
mumford,1
knightly,1
restoration,1
roumain,1
feeling,1
religions,1
tax,1
remapping,1
attempts,1
catteau,1
location,1
windhausen,1
kuleshov,1
populations,1
anima,1
terrain,1
utilization,1
flanders,1
filatorio,1
stover,1
promoting,1
xxi,1
denn,1
lillios,1
rational,1
hoffmann,1
carnes,1
gesprach,1
modernisme,1
caricatures,1
bund,1
olga,1
gedenkstatte,1
vivre,1
religiosos,1
storie,1
zochowska,1
experiments,1
bloomington,1
vladimir,1
militirorganisation,1
franqise,1
vngeberden,1
vortragskultur,1
alexandrov,1
zelizer,1
hoffman,1
possibilities,1
eruption,1
other,1
scientifique,1
capitalist,1
brooksbank,1
pankowicz,1
haboucha,1
chiara,1
agrarian,1
treuezeugnis,1
rhetorical,1
paranoia,1
judaizing,1
daily,1
highland,1
lettrici,1
oublies,1
lecourt,1
etre,1
ben,1
counter,1
barbara,1
richards,1
siebenburgischen,1
peinture,1
paulus,1
torres,1
europeenne,1
obbedienza,1
peirce,1
grammarians,1
aesthetic,1
service,1
jodi,1
hundred,1
mediados,1
incisore,1
ol,1
americo,1
room,1
actuel,1
demm,1
anglais,1
survey,1
haim,1
ranchero,1
natalie,1
evolving,1
chinois,1
steinhobel,1
unto,1
evangelization,1
mujeres,1
acevedo,1
forzado,1
clericale,1
judging,1
jill,1
jansen,1
igual,1
kerem,1
arendts,1
skelmorlie,1
whitby,1
exiles,1
isthmian,1
persistence,1
chancellor,1
grigori,1
moorhouse,1
marvin,1
leur,1
newell,1
priest,1
innes,1
buenos,1
ava,1
gutiurrez,1
vainshtein,1
verona,1
chen,1
reinsertion,1
nationalising,1
veronesi,1
discipline,1
preconquest,1
marcade,1
zydeco,1
theodore,1
easter,1
abdiel,1
hostility,1
behind,1
guards,1
myths,1
kpdsu,1
romanticism,1
iowa,1
mapping,1
horton,1
nazism,1
gitta,1
sarti,1
gunther,1
albums,1
oswaldslow,1
contents,1
brigham,1
busini,1
nationalistin,1
vallbona,1
collina,1
ecclesiastiques,1
system,1
stayer,1
geschichtsschreibung,1
ernest,1
veteris,1
falkenhausen,1
sound,1
voting,1
cannibalization,1
theodor,1
side,1
ganz,1
display,1
invasions,1
fortune,1
classic,1
lyndon,1
streater,1
tunisie,1
aygats,1
chiarella,1
milwaukee,1
suspect,1
harpercollins,1
appartenance,1
chretien,1
citadine,1
kirchliche,1
anglaises,1
michtle,1
westview,1
webers,1
nationstate,1
roberts,1
pilar,1
exil,1
courtier,1
kerney,1
persian,1
quiroga,1
babicenko,1
historians,1
task,1
steinert,1
vincennes,1
motion,1
wai,1
iyya,1
virtui,1
iv,1
frith,1
navailh,1
right,1
dissidence,1
electioneering,1
half,1
llibrer,1
bertoja,1
avenir,1
jack,1
marleen,1
divise,1
hanseraum,1
jaguar,1
senates,1
inner,1
baum,1
contreras,1
schweininger,1
football,1
appunti,1
showalter,1
inmobiliaria,1
leo,1
ludmilla,1
cooperation,1
activity,1
tenthand,1
elk,1
mikhail,1
melodrama,1
apostolic,1
object,1
femminile,1
plague,1
eleazar,1
tariqa,1
zorn,1
neuer,1
establishing,1
willy,1
ciculos,1
fraud,1
caesarius,1
ordre,1
munch,1
doni,1
rubin,1
postmodernists,1
malevitch,1
terence,1
fractures,1
orlean,1
fine,1
edit,1
jordanova,1
lutzker,1
peculiaridad,1
carrasco,1
allemande,1
cherchi,1
regards,1
governance,1
risques,1
motis,1
pach,1
medicine,1
fur,1
gerhardt,1
caillou,1
caillet,1
desailly,1
kahn,1
tinting,1
redefining,1
liberta,1
dirty,1
jerusalmi,1
tolstoyans,1
garfagnini,1
harry,1
fitzgerald,1
transierra,1
contemporanea,1
reality,1
barons,1
benedict,1
pioneer,1
dignity,1
georges,1
carocci,1
noucentisme,1
monastic,1
jurra,1
bienfaisance,1
steiner,1
marchamont,1
lilie,1
prejudice,1
bakou,1
paroisse,1
bennassar,1
harold,1
hirschl,1
epicerie,1
genoveffa,1
monastero,1
wormald,1
ligt,1
frangaise,1
gyulafehervar,1
dublin,1
amicorum,1
financement,1
nostalgic,1
learned,1
pacini,1
junker,1
estudio,1
ana,1
build,1
rationalite,1
jesuites,1
lejosne,1
krzystof,1
landed,1
simeone,1
olaf,1
centralized,1
beaux,1
preston,1
guillemin,1
invalidez,1
another,1
postcommunist,1
gras,1
leigh,1
avalos,1
gyemant,1
landlichen,1
belgique,1
virile,1
shabetai,1
qui,1
southwestern,1
merchants,1
christiane,1
doris,1
livia,1
transvylanie,1
campbell,1
hutrenback,1
ressources,1
tognato,1
accommodation,1
polygamy,1
dfaz,1
turchini,1
medical,1
florin,1
muszynska,1
palazzo,1
antonella,1
pursuit,1
victory,1
magic,1
josealvarez,1
religioso,1
deberg,1
medio,1
outer,1
demagoguery,1
pseudohistory,1
neighbors,1
interest,1
heal,1
ethnohistorical,1
beroujon,1
believer,1
asceticism,1
itineraires,1
vodou,1
distrust,1
kalinouchka,1
mixed,1
rasmussen,1
realism,1
enconium,1
borja,1
spot,1
soufie,1
francoist,1
walter,1
saxony,1
application,1
pommersheim,1
fiona,1
milo,1
polemics,1
bernstein,1
spazio,1
restore,1
fabrics,1
cadiz,1
alison,1
prasentation,1
emigration,1
gailey,1
kamen,1
flugblatter,1
cohen,1
insult,1
marxism,1
conte,1
surrealism,1
ai,1
processo,1
motivaciones,1
ingelise,1
buddhism,1
background,1
santo,1
satan,1
succes,1
imagery,1
archiven,1
brrron,1
israeliens,1
gibt,1
tippetts,1
sapir,1
judfo,1
construire,1
minassian,1
epoca,1
latinos,1
signorial,1
majorana,1
azioni,1
sanacja,1
bayou,1
imprimerie,1
ante,1
elspeth,1
interchangeable,1
contrary,1
bullock,1
siebenburgen,1
body,1
mirabeau,1
response,1
aristocratiques,1
vaquero,1
castilian,1
nouveaux,1
reuter,1
convivere,1
caravans,1
esser,1
enquete,1
races,1
radio,1
fatherland,1
rime,1
aggregazione,1
paroissienne,1
remarques,1
farnese,1
occultes,1
honour,1
associative,1
zweiten,1
third,1
jacob,1
anniversaires,1
roselyne,1
alliances,1
prozeb,1
bungert,1
networks,1
seismologie,1
slavica,1
oltre,1
lisa,1
styles,1
empiricism,1
patlagean,1
marable,1
fiorenza,1
pauperes,1
garzella,1
sepulture,1
ahdnames,1
sin,1
communication,1
hodder,1
sowjetische,1
look,1
lorene,1
miami,1
critique,1
yan,1
pilling,1
souyri,1
industries,1
mfsticos,1
prehistories,1
pauquet,1
chernykh,1
citizen,1
terreur,1
cattleraid,1
sun,1
indigenous,1
regulations,1
micheline,1
kashmir,1
confino,1
terror,1
fragen,1
castro,1
soria,1
menacee,1
peletier,1
illustrato,1
martial,1
hermeneutical,1
verlezten,1
settentrionale,1
horga,1
kopossov,1
sassen,1
bela,1
neubeginn,1
coal,1
jrrre,1
liberte,1
berard,1
westlichen,1
stanley,1
garry,1
lavinia,1
lauret,1
sengoku,1
ambigua,1
headline,1
mcbride,1
sabine,1
griego,1
mechanism,1
pamirs,1
principalities,1
lyon,1
finances,1
may,1
pragmatism,1
dibattito,1
parlementaires,1
teodor,1
coniugale,1
tarozzi,1
pittock,1
cameron,1
nagy,1
oxford,1
chichlo,1
geschutzten,1
inquisitoriales,1
tiziana,1
eines,1
authority,1
hacia,1
maryse,1
sufflay,1
sue,1
thinker,1
katina,1
hofman,1
raptures,1
hinterland,1
echaniz,1
likeness,1
incomparable,1
julio,1
reagan,1
no,1
peterson,1
supernatural,1
obbligazioni,1
howardjohnston,1
crunch,1
phanariots,1
boulton,1
dilemma,1
transatlantische,1
camp,1
distinction,1
nuovi,1
alastair,1
reisler,1
mongili,1
snark,1
monsalvo,1
entreprise,1
brethren,1
troubled,1
jellinek,1
beyme,1
irmscher,1
alonso,1
montemayor,1
canonici,1
ethniques,1
ella,1
mauritanie,1
kleidungsbeschreibungen,1
toft,1
primitives,1
cipaianu,1
bojanowski,1
caratteristiche,1
joan,1
decolonisation,1
durer,1
funeraires,1
ravennate,1
sforza,1
assassination,1
appreciation,1
amiel,1
fleisches,1
mcreynolds,1
rocca,1
flory,1
sow,1
midwest,1
gauthiez,1
notion,1
process,1
communism,1
konflikt,1
mean,1
speed,1
heuss,1
johannes,1
christine,1
recentes,1
arendt,1
decentering,1
marquises,1
widerstandswillen,1
chicanos,1
embellissment,1
opportunity,1
vint,1
hitchins,1
reinterpretation,1
integrationism,1
neighborhood,1
sama,1
continuites,1
saints,1
actuelle,1
corina,1
relativisme,1
cesare,1
puskas,1
probamerican,1
wirken,1
japanese,1
electorate,1
noir,1
benjamin,1
ajnad,1
chevalerie,1
algerie,1
pages,1
congres,1
gocha,1
victims,1
domestici,1
danger,1
sacrements,1
pal,1
pellissier,1
cocula,1
arbor,1
higginbotham,1
practicing,1
visage,1
roth,1
paradox,1
kriedte,1
dissimulatio,1
lunicornio,1
eau,1
sally,1
francine,1
defenders,1
italiens,1
bagliani,1
unzureichend,1
fantasy,1
intertextuality,1
means,1
soul,1
recherches,1
howard,1
tractatus,1
graziosi,1
rahv,1
motivos,1
brunswick,1
kansan,1
worlds,1
nahon,1
provinces,1
averil,1
crosson,1
moriscas,1
donato,1
grenvile,1
belgium,1
wall,1
nubola,1
interdependence,1
anguish,1
toader,1
metropolis,1
hostesses,1
rochin,1
gtrard,1
permanyer,1
wilhelmianian,1
vellacott,1
colonialism,1
was,1
getting,1
beau,1
werth,1
libraio,1
vivere,1
indomani,1
lulia,1
deas,1
linaje,1
jeanmarie,1
ecclesiologica,1
annees,1
internationale,1
mariaclara,1
korea,1
officiers,1
monastico,1
immobilier,1
just,1
ousmane,1
monde,1
gedachtnis,1
classiche,1
mirela,1
impact,1
japonais,1
literarios,1
glorious,1
plebani,1
kimberly,1
wisconsin,1
irena,1
annuaire,1
voix,1
listed,1
ceuvres,1
lascives,1
nicoleta,1
carbine,1
maren,1
four,1
adolescence,1
reclassements,1
eclecticism,1
initiative,1
jacobson,1
gehl,1
lefaucheur,1
meacham,1
ecuador,1
heraclius,1
prima,1
pinter,1
textile,1
fubini,1
prussian,1
dialectic,1
lacy,1
ragioni,1
heider,1
beyond,1
concerning,1
ancelet,1
efficient,1
morphodynamique,1
cuestiones,1
dungen,1
meinwerci,1
macedonian,1
spiritual,1
stepping,1
feudal,1
monarch,1
usines,1
friederike,1
anderer,1
always,1
buffalo,1
rossella,1
say,1
dumons,1
belgian,1
identitat,1
delmaire,1
hobbs,1
back,1
godly,1
oklahoma,1
chartist,1
decreto,1
caesar,1
pious,1
fruhen,1
mo,1
seismes,1
clandestina,1
films,1
alexis,1
opinion,1
gymnastics,1
gandirea,1
norway,1
coqlossky,1
immobilism,1
eck,1
beinart,1
quentin,1
interpretativas,1
historiographische,1
patrimoine,1
conflicts,1
kenya,1
artistic,1
gutierrez,1
veil,1
cristina,1
complete,1
scotus,1
ruolo,1
linguistique,1
had,1
croates,1
entwicklung,1
barbour,1
foncier,1
sowie,1
abeokuta,1
prehistoric,1
clive,1
bibliotheque,1
cyril,1
initiativen,1
cynthia,1
columbia,1
responsibility,1
galician,1
exhibition,1
mormonism,1
regimes,1
motya,1
schuldfrage,1
immeubles,1
internacional,1
nivat,1
fitzpatrick,1
malentendu,1
pubblico,1
proconsul,1
boydell,1
serge,1
commonwealth,1
tanner,1
toby,1
consuetudini,1
rivkin,1
novinsky,1
politicization,1
ambiguity,1
slowakei,1
missouri,1
enfances,1
out,1
bronitsky,1
encounter,1
scotland,1
estudios,1
janos,1
carrit,1
gendering,1
mallorca,1
balkaniques,1
pino,1
brittain,1
stations,1
mythical,1
schulwesen,1
zone,1
graeme,1
politiche,1
ecclesiologique,1
beate,1
irenic,1
principautes,1
actresses,1
italiana,1
arabe,1
szedgedi,1
sieglerschmidt,1
haven,1
weltbild,1
identita,1
interpretations,1
meyer,1
compostela,1
dyer,1
krieges,1
stier,1
argentinian,1
guilds,1
markets,1
term,1
mclaughlin,1
rigno,1
atkinson,1
muslim,1
libreria,1
urbanisation,1
degrading,1
hui,1
schwarcz,1
there,1
teixeira,1
conversions,1
sword,1
auslander,1
paralleles,1
frauen,1
donner,1
livchits,1
same,1
kristian,1
padane,1
economia,1
transactions,1
equal,1
corp,1
wales,1
melammed,1
urbaine,1
marazzi,1
maddalena,1
dreams,1
reviews,1
tourist,1
similar,1
giordano,1
lipman,1
connotations,1
crociferi,1
bruzelius,1
lanman,1
recently,1
alemanni,1
sul,1
hongrie,1
aubenseiter,1
alessandro,1
conkin,1
priorities,1
reopening,1
sovereignty,1
serie,1
obras,1
otherwise,1
defunt,1
russell,1
epilogo,1
llewellyn,1
democratization,1
judaismo,1
tension,1
cose,1
rossi,1
darra,1
proyectos,1
toulouse,1
testamenti,1
gustav,1
alexandru,1
romanae,1
wege,1
nervositat,1
opposition,1
structure,1
neubewertung,1
stuarts,1
warhorse,1
quellenfunde,1
hopkins,1
near,1
scene,1
brooks,1
strukturen,1
masculinity,1
musique,1
silvia,1
religiosity,1
jerzy,1
esemplare,1
kitchen,1
salaon,1
geist,1
none,1
gallic,1
everybody,1
keeping,1
pedro,1
coyuntura,1
anna,1
seeking,1
reginetta,1
ladino,1
trial,1
genre,1
line,1
nineteenthcentury,1
data,1
maudit,1
twentiethcentury,1
serbes,1
simone,1
taxing,1
gabor,1
wills,1
pazzi,1
decision,1
mayer,1
pisano,1
received,1
vincent,1
narratives,1
southem,1
avery,1
parallelismes,1
charny,1
tool,1
reid,1
fraser,1
restauration,1
goodman,1
evo,1
espiritual,1
turning,1
valeurs,1
defaite,1
coping,1
childs,1
cogen,1
episode,1
desplat,1
russepour,1
tardo,1
regionalist,1
ecologie,1
elide,1
lengua,1
part,1
bildungsbiirger,1
tamar,1
perfiles,1
example,1
merites,1
verfuhrungen,1
unfinished,1
socialiste,1
zwei,1
symbolism,1
sandi,1
homiletiques,1
homeland,1
tenure,1
cleanliness,1
cameo,1
tadahisa,1
colon,1
got,1
leibe,1
contemporain,1
loss,1
literature,1
baden,1
sorrow,1
sta,1
politica,1
special,1
hermitess,1
morris,1
ladislau,1
noticiarios,1
nationalkomittee,1
cass,1
reynolds,1
geografica,1
sorlin,1
maroc,1
ruggiu,1
anastasiia,1
dulmen,1
figures,1
marietta,1
historic,1
corsi,1
presbiteri,1
lady,1
historische,1
schubert,1
aubin,1
dubesset,1
conformistes,1
clanchy,1
binding,1
torno,1
romaine,1
rituals,1
terminology,1
lasprofecias,1
durch,1
forces,1
salazar,1
encomio,1
mainsprings,1
ueberschxr,1
mise,1
libero,1
fondante,1
formations,1
tsypkina,1
mullerenbergs,1
calamites,1
despiney,1
foudre,1
giovanna,1
mentaux,1
dakota,1
chojnowski,1
alan,1
leuzzi,1
swanson,1
evelyne,1
status,1
sculpture,1
alliance,1
bowman,1
memoirs,1
hoppen,1
copulating,1
holy,1
charioteer,1
elisabetta,1
trends,1
carey,1
contradictions,1
menachem,1
lakes,1
tracy,1
listens,1
introductives,1
adeline,1
underground,1
flirting,1
germain,1
oriental,1
probleme,1
coates,1
starkulla,1
eden,1
theology,1
daimyo,1
concilio,1
bun,1
paintings,1
salons,1
fronteras,1
pluralism,1
sessuale,1
nedham,1
xxvi,1
ingerflom,1
pere,1
holger,1
staub,1
allegiance,1
hackeit,1
rochelle,1
culte,1
cold,1
irrationalite,1
savage,1
ambassador,1
tom,1
solidarite,1
shaping,1
crawford,1
autobiographical,1
things,1
bourke,1
kalinine,1
feux,1
poet,1
tiempos,1
marwick,1
paravicini,1
nobel,1
jorg,1
deborah,1
libye,1
wamer,1
quintessence,1
rallyes,1
vlachen,1
exegete,1
liam,1
simeoni,1
platon,1
croyances,1
adding,1
bank,1
long,1
reader,1
romancero,1
profanaciones,1
struttura,1
circolazione,1
felecia,1
anse,1
armees,1
lugard,1
goldstein,1
several,1
iris,1
specificity,1
autonomy,1
chan,1
zeichen,1
corpore,1
characteristics,1
lory,1
omaha,1
hustings,1
rijcklof,1
gramsci,1
cervantes,1
automobilisten,1
tony,1
luisa,1
greenberg,1
clocheville,1
sylvia,1
priere,1
folk,1
invisibilite,1
margarita,1
industry,1
pfeiffer,1
ingram,1
civic,1
proprietaire,1
viator,1
ceadel,1
josefanton,1
abellan,1
climate,1
musee,1
amerikanischen,1
emmanuel,1
betry,1
noncitizen,1
impossible,1
lordship,1
xxvii,1
peters,1
pincon,1
prerogatives,1
bourgeoise,1
patience,1
descendants,1
diocesi,1
helene,1
doctrines,1
tamas,1
deren,1
bautismo,1
ensemble,1
donau,1
mirko,1
horney,1
passivity,1
scolar,1
tire,1
lorenz,1
numero,1
protectorate,1
suchon,1
egalitaires,1
gould,1
factionalism,1
nigel,1
caucase,1
clero,1
romagnoli,1
notes,1
rabinbach,1
beauty,1
reflected,1
trelles,1
hunt,1
hermann,1
sigillo,1
kende,1
kirchenverfassungen,1
repubblica,1
maltzahn,1
petrovic,1
autocratique,1
cariddi,1
claude,1
respuesta,1
se,1
propagandistische,1
am,1
imf,1
gaylyn,1
erfahrungen,1
gordon,1
eileen,1
dickens,1
decadencia,1
daynes,1
frontera,1
lyrics,1
lend,1
anson,1
deformations,1
local,1
deiux,1
umanesimo,1
silberman,1
holds,1
valtrie,1
persuasione,1
pearson,1
anita,1
salcudeanu,1
will,1
genevieve,1
spirituality,1
eternal,1
brian,1
consideraciones,1
therefore,1
kozlowski,1
promey,1
beldon,1
clifton,1
dossier,1
roten,1
edith,1
he,1
khalwatiyya,1
smirnov,1
kugelgen,1
phases,1
sons,1
situation,1
zahmen,1
smyth,1
metaphysical,1
equality,1
learning,1
juridique,1
clara,1
shuzo,1
laurel,1
stuttgart,1
soldatenkorper,1
fruhesten,1
bringing,1
pobla,1
udssr,1
franz,1
sarna,1
mentges,1
scholarly,1
desobeissante,1
wary,1
reutter,1
tsetskhladze,1
sonoran,1
hellpach,1
juifs,1
grands,1
garcin,1
shipps,1
ducellier,1
wurttemberg,1
elfas,1
indien,1
dish,1
icons,1
bis,1
hanger,1
minority,1
return,1
unconscious,1
baptist,1
dissocie,1
skin,1
supervivencia,1
raboteau,1
yugoslavia,1
framing,1
slav,1
albany,1
dawn,1
cittadino,1
vagabundi,1
nell,1
espanoles,1
poor,1
scambi,1
synagogue,1
vus,1
nobiliary,1
princier,1
uber,1
converso,1
condee,1
sana,1
prophet,1
bill,1
domination,1
cathie,1
woods,1
chodkiewicz,1
manifest,1
railway,1
haldon,1
basque,1
arbeitsgemeinschaft,1
panaite,1
fraternal,1
concession,1
booming,1
hajdu,1
rites,1
conservazione,1
fueron,1
impacto,1
sverker,1
communist,1
dragoljub,1
parker,1
authoritarian,1
ammissioni,1
rambaud,1
texte,1
knoxville,1
aristocratie,1
fighting,1
sano,1
iberica,1
inferno,1
pollacco,1
helmut,1
kermit,1
centrali,1
claudine,1
edel,1
ladurie,1
generos,1
metamorphose,1
communities,1
kiossev,1
competition,1
modeme,1
cobb,1
ethnische,1
espafiola,1
benedicti,1
crise,1
gymnasts,1
frankish,1
germanspeaking,1
rejet,1
selling,1
costituzioni,1
interpretation,1
victor,1
museum,1
komitees,1
wharton,1
reference,1
fuencisla,1
freche,1
circus,1
esplin,1
archille,1
alla,1
treaty,1
security,1
fricciones,1
confreries,1
denkens,1
aleksandra,1
emil,1
retrouvee,1
brasil,1
neil,1
matrimonio,1
vtronique,1
apoliticism,1
raison,1
tamara,1
orazio,1
achim,1
durford,1
mobile,1
calvinism,1
criptojudaismo,1
raffaella,1
ellwood,1
fiorentino,1
magistrates,1
vescovi,1
lyonnaises,1
koch,1
ospitaliero,1
guerra,1
nationalsozialismus,1
cierre,1
assimilation,1
victories,1
home,1
meinhold,1
bowering,1
railroad,1
margini,1
chiesa,1
pontificate,1
orders,1
knighting,1
positively,1
enquetes,1
assistance,1
cifesa,1
frenk,1
controriforma,1
uberlieferung,1
olsen,1
grecs,1
set,1
shnirelman,1
connie,1
skiing,1
starrs,1
farm,1
hart,1
colored,1
ddr,1
hay,1
foetus,1
times,1
bilinkoff,1
royalist,1
drabenstott,1
devozione,1
coutumier,1
petiteau,1
frazionata,1
vers,1
exempla,1
fictions,1
arles,1
bolcati,1
exodus,1
essence,1
daumard,1
essai,1
gay,1
santos,1
hunger,1
garqon,1
universelle,1
bechler,1
commodified,1
toronto,1
ryan,1
mehr,1
critica,1
prehistoire,1
hassan,1
ingo,1
praxis,1
diocese,1
gravely,1
koshar,1
officers,1
hippel,1
einigen,1
picture,1
materielles,1
gardner,1
longer,1
chateaubriand,1
gaines,1
lee,1
prassi,1
detectar,1
dante,1
pourquoi,1
management,1
nova,1
fan,1
wickham,1
quartiers,1
volcanique,1
lamb,1
libri,1
tribunal,1
oral,1
fire,1
goals,1
ciaran,1
tourneurs,1
etiology,1
detlef,1
feelers,1
hofer,1
hautes,1
ming,1
reichlin,1
protectrices,1
larder,1
finzioni,1
jeffrey,1
lurz,1
coulson,1
criterios,1
chantal,1
standart,1
challenge,1
carolyn,1
vnformliche,1
repas,1
kettenacker,1
penitence,1
donal,1
verge,1
thematique,1
death,1
academy,1
kollerte,1
historiae,1
pineiro,1
cercle,1
modemismo,1
evangelische,1
nach,1
rock,1
primitivism,1
reworkings,1
your,1
gutwirth,1
financial,1
liturgie,1
lageeinschatzung,1
zeitgenossen,1
water,1
tong,1
geschichtspolitisches,1
bryna,1
sheelagh,1
soufas,1
analytical,1
barber,1
herbert,1
misconceptions,1
speaks,1
scharfe,1
communal,1
papahagi,1
folklore,1
fogarasi,1
nationhood,1
morke,1
jahre,1
scilla,1
dardt,1
factual,1
reinvention,1
luis,1
andreburguiere,1
ceuvre,1
praeger,1
dill,1
bourgeoisie,1
prien,1
parisiennes,1
professed,1
don,1
lavarro,1
idealized,1
pressure,1
hyphenated,1
herzlich,1
humanisme,1
pompiliu,1
fredric,1
creative,1
ad,1
aires,1
segunda,1
denominational,1
documents,1
reformed,1
iceberg,1
bradbury,1
treiber,1
reillys,1
ruinenfeld,1
mural,1
economistes,1
choice,1
yitzchak,1
rebuilding,1
raingard,1
utica,1
vias,1
registri,1
practical,1
belz,1
bernt,1
diverse,1
convent,1
gillingham,1
einbindung,1
allemand,1
wildgen,1
hamish,1
end,1
personality,1
nuir,1
debates,1
paysanneries,1
presente,1
olivieri,1
hadour,1
palatinus,1
levellers,1
jung,1
celebrations,1
jaroslaw,1
pfarreien,1
reilly,1
pennsylvania,1
patriotisches,1
cataclysme,1
sein,1
arcangeli,1
vt,1
hablo,1
external,1
somme,1
sebastian,1
soviets,1
honor,1
planteamiento,1
booker,1
pensacola,1
songlian,1
persone,1
forms,1
patterns,1
outside,1
antropologia,1
nie,1
nieto,1
urbini,1
do,1
plurality,1
everyday,1
modemizzazione,1
lauterer,1
rires,1
corps,1
pensee,1
petitot,1
bauer,1
usai,1
actor,1
ferro,1
bernikov,1
mayaud,1
keys,1
cone,1
anciens,1
medievales,1
reform,1
demographic,1
faustian,1
moderate,1
chile,1
would,1
seventeenth,1
krisenmanagement,1
refugees,1
novae,1
labor,1
claudio,1
jenny,1
ausstellung,1
carter,1
see,1
violentes,1
draelants,1
vicomtes,1
surveillance,1
models,1
modemity,1
judith,1
vuelta,1
kaiser,1
monachatus,1
emotion,1
meulen,1
alba,1
por,1
gabriele,1
schwangerschaftswahrnehmungen,1
chapelle,1
japan,1
poles,1
lemaitre,1
ambito,1
charter,1
wilbur,1
belief,1
district,1
kimball,1
donation,1
glatzer,1
controversy,1
routledge,1
quesada,1
scruton,1
style,1
elementos,1
manuals,1
spazi,1
blues,1
ades,1
hansen,1
azhgikhina,1
corpo,1
pamanteni,1
armi,1
electronique,1
day,1
nomadismo,1
dokumentation,1
isituzionale,1
identification,1
democratique,1
arabi,1
alberch,1
plane,1
bartolome,1
phenomenes,1
reineck,1
baldick,1
anhand,1
porkbarreling,1
bonfil,1
simon,1
murdock,1
cinquecento,1
disappearance,1
fehlende,1
credit,1
triste,1
cedric,1
nanjing,1
whiteness,1
franqaise,1
importation,1
rileggendo,1
autonomies,1
jameson,1
particuliers,1
missionary,1
vironique,1
disciplinamento,1
churches,1
rulers,1
weill,1
itinerances,1
julius,1
geburtserfahrungen,1
fornaci,1
kategorie,1
sovietologie,1
solfaroli,1
sigmirean,1
nachkriegsrektor,1
juli,1
petersbourg,1
closer,1
neilson,1
valdman,1
wailes,1
upon,1
worden,1
legs,1
eighteenth,1
schulen,1
wsuve,1
zeugen,1
writings,1
despues,1
region,1
pestre,1
schneiders,1
giles,1
arabischen,1
patricia,1
anoblissement,1
rossos,1
conceptualizations,1
argumentationsmuster,1
mirail,1
clerical,1
sixth,1
loop,1
rando,1
holt,1
sca,1
kontext,1
settings,1
orality,1
trattati,1
asentamiento,1
louis,1
europeans,1
hammarberg,1
precaria,1
hartshorne,1
monografia,1
vital,1
katholischen,1
provinciales,1
germaniae,1
felire,1
nobleman,1
literae,1
skeptical,1
defences,1
use,1
food,1
cassiers,1
hypotheses,1
lettres,1
sovietisme,1
cher,1
sardesai,1
criminalidad,1
factor,1
romana,1
approach,1
ideologia,1
realisme,1
millward,1
vicki,1
schlupmann,1
derniers,1
grandi,1
intellectuelles,1
questions,1
evolution,1
maschili,1
trend,1
cavell,1
occupied,1
engouement,1
aldo,1
pamphlets,1
services,1
persistent,1
reproduction,1
voice,1
schnitzler,1
futura,1
conversazione,1
chosen,1
novecento,1
heffernan,1
naqchbandiyya,1
reseaux,1
office,1
doutreleau,1
ob,1
village,1
bundesrepublik,1
ehemaliger,1
pendant,1
prosopografias,1
rouge,1
initiatives,1
theoretical,1
handeln,1
geoffroi,1
grant,1
archipretre,1
vii,1
montgomerie,1
landers,1
weindling,1
matthiessen,1
negotiating,1
kaspar,1
mancha,1
paquetre,1
gli,1
vernacular,1
triclinium,1
jimmy,1
meanings,1
qalenderis,1
sttphane,1
mcmillan,1
ascendencia,1
archaeological,1
mouradian,1
physiques,1
septentrionaux,1
cunningham,1
backus,1
mechanicks,1
macedonianism,1
modernization,1
points,1
nitraer,1
congreso,1
mardi,1
logic,1
armee,1
workers,1
modena,1
classe,1
malamiyya,1
audiences,1
arc,1
symposium,1
christopher,1
scherrer,1
traite,1
augusto,1
byzantinische,1
konfession,1
ellis,1
toning,1
franciscain,1
like,1
professionnels,1
kane,1
tim,1
fordham,1
ely,1
ejemplo,1
inventing,1
so,1
mathilde,1
gates,1
generalfeldmarschall,1
parti,1
features,1
high,1
mexico,1
religiones,1
miracle,1
ernst,1
linking,1
manning,1
percorso,1
amore,1
martini,1
systeme,1
comprendiendo,1
democrats,1
tuscany,1
pasche,1
mor,1
renewal,1
last,1
structuralism,1
dinges,1
niederhauser,1
fred,1
letizia,1
vih,1
recluse,1
thornton,1
municipal,1
sozialismus,1
witlaic,1
dialogue,1
exchange,1
feigelson,1
lafitte,1
paroissiales,1
why,1
lucrezia,1
padua,1
promotion,1
millen,1
communists,1
faith,1
pretencu,1
sallust,1
eberhard,1
nascita,1
frati,1
problems,1
daryl,1
zeitalter,1
escuela,1
rouse,1
miles,1
lesbian,1
renouveau,1
xixth,1
bernadette,1
figueroa,1
awakening,1
herklotz,1
fedeli,1
willi,1
carr,1
arbena,1
roumaines,1
administrativen,1
tactics,1
garcia,1
anderson,1
rebel,1
preand,1
transylvanif,1
unites,1
marrano,1
khusro,1
problema,1
gershon,1
matringe,1
ikonographie,1
priests,1
galilee,1
ivevyll,1
cinque,1
looks,1
anthony,1
vienne,1
caprarola,1
geschichtszeugnis,1
dillmann,1
ye,1
southwest,1
musser,1
adaptations,1
mandrillon,1
familiale,1
cruel,1
autoren,1
comte,1
wilford,1
workshop,1
wells,1
partridge,1
gorman,1
lovelle,1
riquer,1
scrivere,1
meiji,1
nobiliaire,1
destruction,1
casar,1
chiffoleau,1
lomastro,1
bigham,1
kondratieva,1
osmond,1
republicaine,1
balkans,1
confucian,1
temporality,1
walsh,1
mens,1
moderno,1
monarchie,1
embodied,1
anomaly,1
reto,1
intellectuelle,1
boyle,1
salmasius,1
normal,1
luizard,1
peiyuan,1
kulmar,1
apologie,1
orthodoxism,1
andere,1
bresson,1
obituaires,1
justice,1
verrat,1
propagandistiche,1
russischer,1
marin,1
performing,1
perils,1
bang,1
deck,1
tennessee,1
passent,1
goldmann,1
familiare,1
caucasus,1
yampolsky,1
heinz,1
emanuele,1
frontier,1
viviana,1
nicolas,1
pfarrer,1
tempo,1
alzati,1
depth,1
sossie,1
netanyahu,1
sandro,1
bonae,1
extractive,1
vicentino,1
erkanfrida,1
lion,1
luise,1
reka,1
liberalism,1
lo,1
iran,1
lakota,1
going,1
dolores,1
browne,1
christianisierung,1
yuri,1
dual,1
orthodoxe,1
snipp,1
solidarietta,1
singer,1
iroquois,1
typologie,1
schottroff,1
grammar,1
mcwillie,1
bonnie,1
rearrangement,1
streit,1
herf,1
krupennikov,1
bureau,1
voyages,1
lehmann,1
wacker,1
george,1
gatt,1
fondateur,1
avila,1
carraro,1
mother,1
stream,1
jeanlouis,1
sergio,1
whig,1
documenti,1
valladolid,1
mttaillit,1
nourriciere,1
hommes,1
darstellung,1
antes,1
colombian,1
sancia,1
couches,1
potere,1
ministry,1
sol,1
program,1
reacciones,1
lema,1
fear,1
bretton,1
presencia,1
ballot,1
moine,1
vague,1
croises,1
venezia,1
nunberg,1
heartland,1
ferretti,1
sec,1
befreiungsarmee,1
tolleneer,1
krasnogorsk,1
slow,1
bernhardt,1
hinterlands,1
baury,1
who,1
irina,1
balfour,1
dai,1
posthumous,1
relations,1
militaroffiziere,1
planete,1
gillet,1
busca,1
algebre,1
freedman,1
basso,1
ente,1
maiguashca,1
worse,1
nuevo,1
arther,1
contribution,1
offentliches,1
himhsa,1
peril,1
pia,1
album,1
countries,1
injury,1
bourgeoises,1
privileges,1
contexto,1
homeless,1
berkowitz,1
bellator,1
volumes,1
riain,1
poetics,1
gitlitz,1
literacy,1
parade,1
khirqa,1
mostert,1
construction,1
fe,1
ginsberg,1
rouen,1
confessionnels,1
tre,1
hope,1
baron,1
italiani,1
eintritt,1
bension,1
coloniale,1
interpretive,1
conomie,1
sheila,1
filii,1
roma,1
zhou,1
griffith,1
stross,1
domestiche,1
stellen,1
mager,1
zeit,1
aboriginal,1
theologicopoliticus,1
ehre,1
brasseaux,1
sicht,1
arianische,1
casali,1
quelle,1
understanding,1
mediterraneo,1
kirksville,1
studlar,1
influencing,1
identitaire,1
ritschl,1
aufklarung,1
berger,1
frontiers,1
andreescu,1
borrowed,1
imitazioni,1
superieurs,1
serels,1
morosi,1
peuples,1
spatmittelalterlichen,1
riflessione,1
school,1
xve,1
clinton,1
funding,1
mystifications,1
laborer,1
boris,1
presidency,1
illustri,1
earliest,1
personnels,1
victoria,1
sexes,1
personnes,1
donors,1
arnd,1
neuzeit,1
proprietors,1
religieuse,1
freier,1
problemas,1
fantini,1
hinduism,1
nadya,1
sexualite,1
sexing,1
marian,1
lessons,1
habermas,1
francesco,1
steinmetz,1
conclusion,1
nicoara,1
paz,1
erneuerung,1
roux,1
difficile,1
mathematique,1
osservazioni,1
tivoli,1
contre,1
entente,1
comparison,1
bombay,1
sujeto,1
eichberg,1
mitchell,1
finest,1
biography,1
wartime,1
furstentum,1
funeraire,1
heike,1
mythique,1
signes,1
demokratischen,1
steel,1
giannino,1
nadezhda,1
lasagabaster,1
ahimsa,1
temporel,1
umiliati,1
word,1
democracies,1
vicent,1
theme,1
normativa,1
jorgen,1
barbarism,1
howell,1
garcifa,1
poderes,1
hartmut,1
jaime,1
meiklejohn,1
costituzione,1
koszewski,1
friedeburg,1
joseluis,1
historischen,1
gerhard,1
rotterdam,1
carl,1
rituels,1
abravanel,1
brookfield,1
creighton,1
text,1
nuova,1
symbol,1
originale,1
tambs,1
congregazioni,1
infectees,1
affirmative,1
wahrend,1
formierten,1
servi,1
mariages,1
satellite,1
selbstzetignissen,1
confessionnelle,1
generaux,1
agony,1
perry,1
nationales,1
andalucia,1
salomoni,1
ko,1
wilmington,1
perceptions,1
philosophischen,1
supreme,1
know,1
moran,1
derecho,1
transylvnia,1
acadie,1
paolo,1
dokumente,1
choses,1
bulgaria,1
concurrence,1
edicto,1
wiscart,1
porch,1
demallie,1
chartier,1
stadt,1
aldhouse,1
revendications,1
anabaptists,1
control,1
ethnologique,1
provence,1
katz,1
country,1
dixie,1
readily,1
finance,1
bartle,1
tristram,1
agostino,1
schande,1
fonction,1
louise,1
asher,1
anny,1
jorge,1
hildegard,1
radbruch,1
benedetri,1
exploration,1
sephardic,1
believe,1
conquests,1
whitfield,1
galactic,1
thierfelder,1
ahr,1
katus,1
print,1
barcelona,1
docta,1
skinner,1
fortuna,1
agreement,1
bush,1
abortive,1
perigueux,1
apparition,1
diaria,1
presence,1
passionsdarstellungen,1
wolfe,1
regard,1
returns,1
spains,1
ruckkehr,1
derviches,1
salamon,1
cigognes,1
roumains,1
dennis,1
foundation,1
ideological,1
ethnicite,1
agrarians,1
enzheng,1
rozanov,1
homme,1
brothers,1
tales,1
tribes,1
metaphorical,1
thorns,1
sacra,1
contradictory,1
boudreau,1
mccarthy,1
stampa,1
grievances,1
turc,1
twelfth,1
retorsion,1
qing,1
linda,1
attractions,1
gobillon,1
vial,1
xxii,1
proprie,1
hector,1
tseva,1
ritchie,1
bernadetre,1
geschichte,1
balzac,1
haitian,1
autoritarisme,1
lebecq,1
aiken,1
prospects,1
sing,1
landern,1
orientamenti,1
miranda,1
camillocci,1
ailleurs,1
table,1
places,1
person,1
feminist,1
usages,1
representants,1
trato,1
growing,1
einem,1
emily,1
judaizantes,1
agriculture,1
nikolai,1
rieff,1
ideologies,1
chatfield,1
xxiv,1
revel,1
darrel,1
game,1
nomenclature,1
secondo,1
langages,1
salome,1
violeta,1
tuttle,1
orden,1
beretta,1
fitchen,1
xvith,1
erwin,1
jennings,1
reverberations,1
mujer,1
quete,1
jadwiga,1
devine,1
ethnikum,1
roumanie,1
naturels,1
kevin,1
rose,1
jahren,1
fuguitt,1
nationalist,1
sakularen,1
form,1
ion,1
salotti,1
prelevement,1
mevleviye,1
annonce,1
wilde,1
autre,1
orleans,1
socknat,1
wuthnow,1
rempel,1
adamson,1
barrios,1
thirty,1
strawberry,1
regenerationism,1
saivetz,1
textbook,1
cauilnge,1
gelehrte,1
kreyling,1
randall,1
carateristicas,1
politorganen,1
pragmatisch,1
liberalisme,1
alice,1
pindar,1
kenneth,1
parliament,1
antwort,1
gringeri,1
exemptions,1
misinterpretations,1
barca,1
contextes,1
espenshade,1
benaguasil,1
hispanoamerica,1
periphery,1
hernandez,1
prestige,1
catastrophes,1
beginnings,1
matti,1
babel,1
divide,1
albornoz,1
lattuada,1
calhoun,1
boroznjak,1
income,1
pantin,1
paradigme,1
cifoletti,1
orthodox,1
mitad,1
epi,1
ideal,1
virginia,1
projets,1
wonders,1
haine,1
diana,1
europa,1
livre,1
cecilia,1
temps,1
andtzian,1
campagne,1
spaces,1
eagles,1
personal,1
seismologiques,1
charitas,1
economici,1
socioeconomic,1
helge,1
densidad,1
uta,1
bodies,1
tent,1
giselle,1
intention,1
bettina,1
halfte,1
larsen,1
esperienza,1
lois,1
must,1
elias,1
maitrise,1
celestes,1
paradise,1
collettiva,1
eschatology,1
convento,1
greyerz,1
vir,1
recipients,1
sontag,1
juillet,1
seigneuries,1
radosav,1
through,1
esemplarita,1
jahrhunderts,1
perspektive,1
ihmetuchel,1
evangelicals,1
awesome,1
piccole,1
russische,1
charisma,1
veronique,1
praeceptor,1
federico,1
duty,1
easy,1
ac,1
famille,1
justinian,1
juliet,1
depraves,1
administration,1
song,1
assumptions,1
annie,1
zarathustra,1
padraig,1
canton,1
eniko,1
compilations,1
modenese,1
tilkovszky,1
anarchism,1
rochester,1
tibor,1
yoder,1
beatrice,1
bustamante,1
habitat,1
dolader,1
grmek,1
lesson,1
colectivo,1
copper,1
hauge,1
zentralkomitees,1
unitary,1
colonial,1
families,1
stevenson,1
using,1
sowjetischer,1
uyenaka,1
finales,1
freies,1
representation,1
susanne,1
marge,1
oeuvre,1
lina,1
coming,1
zarico,1
chevt,1
xelfs,1
paula,1
morre,1
ein,1
fondation,1
maneuverings,1
bogdan,1
pair,1
our,1
rente,1
antiphanariote,1
southeastern,1
tomas,1
parteien,1
wie,1
lateran,1
buying,1
esposito,1
foncieres,1
kuroda,1
statut,1
presuntas,1
training,1
layers,1
azione,1
bektachiyya,1
handicap,1
survival,1
multiethnic,1
destin,1
mariani,1
croatia,1
qadiriyya,1
difference,1
modernite,1
annino,1
joel,1
frere,1
lands,1
parlamentarismus,1
kruger,1
gerbod,1
riccardo,1
donald,1
finding,1
paradigm,1
butt,1
weaver,1
chemical,1
samuel,1
vacs,1
clienti,1
mencheviks,1
lord,1
jeszenszky,1
defender,1
rouennais,1
clerics,1
aspetti,1
ruy,1
gunning,1
origines,1
cataclysmes,1
sat,1
dos,1
seating,1
subtexts,1
sandor,1
leora,1
vladislav,1
tempi,1
uricchio,1
faure,1
valenzuela,1
consumption,1
khalvetiye,1
canadian,1
aniishirwan,1
unified,1
toro,1
meeting,1
balogh,1
genere,1
plaines,1
christina,1
glorieuses,1
nachkriegszeit,1
famine,1
proyecto,1
marruecos,1
assises,1
dubuis,1
roberta,1
nick,1
zoll,1
monod,1
diaspora,1
saskia,1
consulat,1
susan,1
turkestan,1
oppressors,1
mcmath,1
ca,1
pas,1
iacob,1
francisco,1
association,1
jorn,1
ward,1
postscript,1
bulgarian,1
canons,1
motiv,1
needs,1
sauterelles,1
elvis,1
darwin,1
searching,1
biqui,1
cheyenne,1
doru,1
nikolaj,1
berlioz,1
estnischen,1
tolstoy,1
troyes,1
duffy,1
viejocristianos,1
bart,1
morale,1
escritos,1
price,1
nitrate,1
horthy,1
mcgraw,1
urbane,1
themselves,1
hassmann,1
preesente,1
dallah,1
variations,1
precettistica,1
point,1
johnson,1
lacave,1
jedlicki,1
quiquemelle,1
difficultades,1
tanze,1
isbs,1
balneaires,1
burgertum,1
vernaculaires,1
contrasting,1
enterprise,1
arsenault,1
sharing,1
jason,1
steuerle,1
amy,1
anglicisation,1
texts,1
bargain,1
beziehungen,1
territoriales,1
hacketr,1
ordo,1
ownership,1
taxpaying,1
ricerca,1
emphyteoses,1
sarnan,1
elorza,1
gallicanisme,1
cajun,1
matellanes,1
lorinczi,1
themen,1
trigger,1
pomian,1
counts,1
cleminson,1
escrita,1
corns,1
breifne,1
polen,1
dedicatory,1
palumbo,1
spitzer,1
laborers,1
apport,1
ladero,1
hilton,1
antifaschisten,1
jurgen,1
building,1
littorales,1
ga,1
taiwan,1
nadine,1
kwan,1
tarmo,1
vailland,1
gian,1
beim,1
klioutchevski,1
araber,1
pena,1
hergemoller,1
francia,1
primera,1
portrait,1
canonica,1
struck,1
ecclesiastica,1
otto,1
divisione,1
dictum,1
putter,1
xxv,1
besatzungszweck,1
rebekka,1
ende,1
