WORDCOUNTS,WEIGHT
the,1119
of,751
and,521
in,516
plague,367
i,262
to,252
a,205
as,141
from,118
that,113
for,103
s,103
with,94
death,92
by,82
black,80
or,76
have,76
not,76
on,73
c,60
at,59
de,57
was,56
see,56
june,51
their,51
end,46
such,44
disease,44
it,43
first,43
doctors,43
medieval,42
e,42
journal,42
its,42
more,42
were,42
even,41
no,41
but,41
new,41
la,41
century,40
bubonic,40
late,39
american,38
his,38
this,38
historical,38
o,37
these,37
di,36
had,36
start,36
ed,36
other,35
m,35
florence,35
modern,34
hygiene,33
review,33
l,33
is,33
history,32
ii,32
than,32
plagues,32
over,32
only,31
spread,31
they,30
after,30
diseases,29
years,29
one,28
he,28
been,28
mortality,28
has,27
jr,26
an,26
k,26
cohn,26
j,25
europe,25
chroniclers,25
samuel,25
u,25
be,25
early,25
are,24
later,23
most,23
siena,23
which,23
may,22
two,22
india,22
fifteenth,21
those,21
also,21
peste,21
pneumonic,21
r,20
figures,20
who,20
d,20
between,20
human,19
population,19
et,19
sudhoff,19
vol,18
london,18
ages,18
rats,18
deaths,18
patients,18
august,17
middle,17
h,16
october,16
pestis,16
medical,16
september,16
yersinia,16
italy,16
f,16
second,16
july,16
same,16
did,16
w,16
fourteenth,16
epidemic,15
historians,15
some,15
doctor,15
third,15
died,15
n,15
time,15
children,15
percent,15
while,15
bombay,15
chronicler,14
transmission,14
around,14
co,14
tracts,14
before,13
all,13
against,13
cases,13
conquest,13
p,13
edn,13
year,13
le,13
when,13
giovanni,13
yet,13
violence,13
many,13
where,13
hirst,13
march,13
city,13
cambridge,13
epidemics,12
within,12
victims,12
van,12
testaments,12
medicine,12
found,12
boils,12
well,12
renaissance,12
report,12
number,12
february,12
what,12
des,12
november,12
twentieth,12
evidence,12
does,11
january,11
into,11
hundred,11
april,11
nor,11
places,11
immunity,11
york,11
across,11
levels,11
burials,11
les,11
cd,11
further,11
rat,11
records,11
least,11
decline,11
do,11
paris,11
infectious,11
three,11
claimed,11
clinical,11
any,11
december,11
cities,11
both,11
through,11
among,11
if,10
morelli,10
england,10
could,10
scientists,10
political,10
z,10
without,10
en,10
groin,10
symptoms,10
war,10
because,10
during,10
fleas,10
tropical,10
described,10
flea,10
centuries,10
then,10
different,10
them,10
instead,10
signs,9
case,9
killed,9
fever,9
manson,9
consequences,9
numbers,9
though,9
pollitzer,9
place,9
change,9
about,9
others,9
addition,9
epidemiology,9
wu,9
less,9
so,9
summer,9
can,9
we,9
seen,9
der,9
bologna,9
guy,9
da,9
popular,9
france,9
much,9
jews,8
experience,8
mass,8
x,8
cn,8
mortalities,8
central,8
della,8
chauliac,8
burial,8
own,8
arezzo,8
few,8
rome,8
populations,8
under,8
men,8
v,8
another,8
months,8
began,8
maria,8
high,8
bacillus,8
often,8
natural,8
cures,8
past,8
william,8
form,8
reported,8
until,8
temperatures,8
pathogen,7
rapid,7
parma,7
contagious,7
six,7
similar,7
certain,7
out,7
cultural,7
recently,7
del,7
must,7
contrast,7
peak,7
will,7
chap,7
biological,7
god,7
similarly,7
marseilles,7
general,7
five,7
life,7
dead,7
comes,7
know,7
eds,7
florentine,7
explanations,7
despite,7
remedies,7
almost,7
zones,7
increased,7
perugia,7
tract,7
armpits,6
trans,6
per,6
western,6
nineteenth,6
being,6
sources,6
taken,6
might,6
differences,6
subsequent,6
pisa,6
point,6
warfare,6
thus,6
agent,6
times,6
would,6
von,6
peasants,6
days,6
argued,6
show,6
explain,6
wills,6
degrees,6
psychological,6
proportions,6
description,6
highly,6
philip,6
world,6
society,6
observations,6
confraternity,6
above,6
oxford,6
continued,6
conditions,6
orvieto,6
northern,6
manchurian,6
rapidly,6
blood,6
university,6
spots,6
authorities,6
thompson,6
seasonal,6
boccaccio,6
followed,6
now,5
common,5
decade,5
annum,5
strikes,5
women,5
venice,5
down,5
great,5
last,5
throughout,5
since,5
ricordi,5
fahrenheit,5
montpellier,5
back,5
body,5
single,5
gatacre,5
bianchi,5
relative,5
barcelona,5
pathogens,5
four,5
milan,5
speed,5
seven,5
infected,5
wales,5
buried,5
appears,5
however,5
none,5
du,5
firenze,5
esp,5
people,5
winter,5
il,5
next,5
survived,5
ris,5
san,5
glasgow,5
mussis,5
once,5
baltimore,5
dna,5
social,5
outbreak,5
members,5
pointed,5
areas,5
john,5
remarkable,5
ancients,5
violent,5
koninklijke,5
rare,5
continue,5
low,5
afterward,5
health,5
david,5
like,5
tuscany,5
iacopo,5
thomas,5
padua,5
novella,5
especially,5
carbuncles,5
secular,5
movements,5
countries,5
why,5
academie,5
storia,5
francesco,5
known,5
annales,5
turned,5
ones,5
bodies,5
neck,5
average,5
successive,5
area,5
bubo,5
resolve,4
monumenta,4
measures,4
alone,4
germany,4
large,4
speculated,4
anno,4
formed,4
authority,4
studies,4
epidemiological,4
mentality,4
valencia,4
descriptions,4
nera,4
humans,4
lice,4
secondary,4
robert,4
infection,4
ad,4
historica,4
richard,4
tractatus,4
explained,4
santa,4
shrewsbury,4
according,4
swellings,4
preventive,4
town,4
rather,4
reference,4
johannes,4
ce,4
proportion,4
huizinga,4
parts,4
special,4
supposed,4
understand,4
baehrel,4
geneeskunde,4
possibly,4
sick,4
vietnam,4
instance,4
carlo,4
care,4
necrologio,4
carmichael,4
future,4
scotland,4
fourth,4
michele,4
cy,4
public,4
sites,4
y,4
claim,4
knowledge,4
q,4
rise,4
alan,4
trends,4
mediterranean,4
dominicans,4
up,4
genoa,4
steady,4
pustules,4
absence,4
survive,4
deadly,4
still,4
movement,4
southern,4
chronicle,4
fifth,4
ancient,4
culture,4
already,4
reports,4
science,4
avignon,4
again,4
twigg,4
humidity,4
shows,4
contemporary,4
pattern,4
man,4
forms,4
present,4
seventeenth,4
remained,4
flagellants,4
persecutions,4
millau,4
previous,4
repeated,4
state,4
saw,4
normal,4
vector,4
alike,4
lo,4
pestilence,4
success,4
namur,4
chronicon,4
piazza,4
remembrance,4
diagnosis,4
jacobi,4
fertility,4
rarely,4
fifteen,4
struck,4
herlihy,4
half,4
subtropics,4
losses,4
elsewhere,4
reactions,4
terms,4
voor,4
adaptation,4
belgie,4
given,4
nordic,4
became,4
merchant,4
families,4
ein,4
raymundus,4
our,4
shown,4
numerous,4
although,4
cooper,4
smaller,4
buboes,4
figure,4
little,4
north,4
should,4
countryside,3
propagation,3
appear,3
church,3
complex,3
effective,3
laboratory,3
unlike,3
lien,3
hankin,3
assume,3
source,3
princeton,3
baker,3
arms,3
said,3
t,3
chun,3
coluccino,3
vols,3
hong,3
warm,3
accompanied,3
wave,3
hands,3
help,3
there,3
manchuria,3
principal,3
opposite,3
china,3
reading,3
british,3
advice,3
italian,3
vivario,3
influenza,3
west,3
say,3
genetic,3
sign,3
factional,3
geschichte,3
railway,3
immediate,3
citta,3
aus,3
characteristic,3
learning,3
confraternita,3
young,3
friar,3
left,3
continuous,3
spitting,3
reasoned,3
pasteur,3
higher,3
failed,3
edward,3
cult,3
eight,3
b,3
typhus,3
support,3
pessimism,3
dominican,3
spreading,3
organized,3
fabian,3
just,3
weak,3
lehrbuch,3
age,3
communities,3
generally,3
friars,3
important,3
chalin,3
infectivity,3
mcneill,3
came,3
hospitals,3
aftermath,3
very,3
declined,3
called,3
events,3
pointing,3
cheopis,3
cannot,3
procedures,3
benedictow,3
jewish,3
triumph,3
contagion,3
having,3
haeser,3
stato,3
part,3
data,3
positions,3
bite,3
ten,3
johann,3
my,3
bouts,3
auctore,3
prevalence,3
walsingham,3
reaches,3
sharp,3
massive,3
orient,3
scarlet,3
libri,3
doubts,3
climate,3
cycle,3
phase,3
institut,3
hosts,3
poland,3
britain,3
exception,3
study,3
religious,3
selection,3
edited,3
relied,3
fail,3
us,3
neither,3
generalized,3
une,3
clothing,3
sharply,3
indian,3
genoese,3
burgundy,3
twenty,3
necrologies,3
epidemie,3
grave,3
book,3
usque,3
pulp,3
bowsky,3
patterns,3
italia,3
begin,3
medioevo,3
michael,3
vaccine,3
charted,3
kong,3
examples,3
laity,3
snakes,3
previously,3
identity,3
europeans,3
host,3
causes,3
curb,3
evolution,3
nothing,3
fraternita,3
hinged,3
miracle,3
latter,3
article,3
relation,3
ann,3
assisi,3
spain,3
concluded,3
species,3
particularly,3
stars,3
hommes,3
practical,3
effectively,3
contribution,3
cronica,3
biology,3
lessons,3
series,3
mentioned,3
simply,3
nirenberg,3
zinsser,3
tenor,3
here,3
forty,3
intellectual,3
cemetery,3
ratio,3
east,3
provoke,3
hospital,3
far,3
glory,3
beginning,3
complications,3
cronache,3
proceedings,3
unique,3
biraben,3
adults,3
stability,3
attitudes,3
conclusion,3
problem,3
extent,3
molecular,3
produce,3
anna,3
siecles,3
gottfried,3
processions,3
waning,3
die,3
adapted,3
burnet,3
spring,3
survival,3
argument,3
effects,3
xive,3
off,3
observation,3
specific,3
charles,3
themselves,3
reached,3
norman,3
immediately,3
ab,3
observed,3
famous,3
showed,3
close,3
teh,3
climbed,3
tura,2
manifestations,2
mostly,2
arrizabalaga,2
fathers,2
names,2
stood,2
immune,2
praised,2
berkeley,2
mountains,2
angelo,2
varanini,2
confidence,2
advised,2
flagellant,2
peaks,2
sudden,2
cough,2
cured,2
observing,2
onset,2
limits,2
matter,2
turning,2
expenditures,2
battagli,2
peaked,2
planets,2
lower,2
otten,2
marco,2
ciompi,2
alenzolo,2
long,2
every,2
pezzana,2
swelling,2
preceding,2
chronicles,2
malady,2
attempts,2
questioned,2
attempt,2
ears,2
rubio,2
anywhere,2
virulent,2
fasciatus,2
supplied,2
editions,2
reach,2
leading,2
morti,2
grascia,2
soared,2
government,2
survey,2
graham,2
course,2
written,2
miles,2
zu,2
precisely,2
remainder,2
geoffrey,2
corroborate,2
camporegio,2
declines,2
power,2
traces,2
galbraith,2
villani,2
recorded,2
attacked,2
recurrence,2
capacity,2
histoire,2
sought,2
prescriptions,2
vaccination,2
toscans,2
burning,2
slight,2
mutual,2
professor,2
occurring,2
treating,2
panic,2
fur,2
laws,2
cited,2
chart,2
himself,2
chronic,2
udine,2
molho,2
monastic,2
thanh,2
pulmonary,2
fit,2
merchants,2
dying,2
severe,2
campbell,2
g,2
dei,2
poets,2
insisted,2
ai,2
polnar,2
turn,2
old,2
highest,2
outbreaks,2
scott,2
microbe,2
compare,2
find,2
defend,2
sienese,2
hardly,2
chronique,2
influence,2
snows,2
rates,2
cites,2
leurs,2
let,2
phases,2
henri,2
faced,2
alleged,2
commissioners,2
communicable,2
growth,2
developed,2
how,2
forced,2
toads,2
obituary,2
una,2
lasted,2
ex,2
michel,2
hippocrates,2
ole,2
distant,2
tolls,2
white,2
lay,2
animals,2
archivio,2
papiensis,2
quick,2
frenzied,2
weather,2
receiving,2
plaster,2
venetian,2
moyen,2
shrinking,2
origins,2
graves,2
calculations,2
poor,2
armpit,2
langer,2
hereafter,2
simond,2
suggested,2
cholera,2
hot,2
thrust,2
experimentation,2
greater,2
royal,2
uses,2
result,2
epidemiologies,2
root,2
rowland,2
rerum,2
recipes,2
conflict,2
shins,2
fell,2
tallied,2
changed,2
crowd,2
abbey,2
radical,2
near,2
configuration,2
assistance,2
eat,2
accompany,2
initial,2
steep,2
big,2
equally,2
lose,2
traced,2
recurrences,2
cuts,2
quattrocento,2
judicial,2
wide,2
property,2
naso,2
genre,2
used,2
work,2
blue,2
aut,2
distinguish,2
antrachi,2
nella,2
henderson,2
hendrik,2
aetiology,2
literature,2
falling,2
liege,2
boil,2
recounting,2
personal,2
rene,2
surrounding,2
cologne,2
healing,2
johan,2
xve,2
ratios,2
physician,2
sense,2
describing,2
lucchese,2
suggest,2
tested,2
ginzburg,2
chiurgia,2
commentarii,2
melted,2
fast,2
ranieri,2
depression,2
governments,2
brought,2
certainly,2
edwards,2
heirs,2
dramatic,2
manchester,2
vaccines,2
villages,2
foremost,2
annual,2
progress,2
st,2
results,2
proper,2
und,2
mediche,2
vittore,2
civil,2
finds,2
negra,2
gordon,2
infants,2
pope,2
south,2
oslo,2
perpignan,2
sons,2
demand,2
medizin,2
various,2
noble,2
scientific,2
identified,2
indicative,2
short,2
wrote,2
indeed,2
located,2
caught,2
elizabeth,2
return,2
community,2
make,2
strife,2
storico,2
macfarlane,2
fevers,2
swept,2
wake,2
thought,2
sex,2
den,2
populated,2
inconsistencies,2
favorable,2
cipolla,2
thesis,2
demographic,2
marshall,2
tax,2
sulla,2
asia,2
whooping,2
hatred,2
largest,2
raw,2
illustrated,2
armed,2
reliance,2
lymph,2
increasingly,2
stefani,2
jon,2
worst,2
orderliness,2
law,2
strike,2
deathbed,2
childhood,2
academy,2
bannerman,2
stricken,2
put,2
added,2
smallpox,2
toll,2
smith,2
occident,2
fact,2
forming,2
overwhelming,2
scholars,2
striking,2
documents,2
seasonality,2
transcendental,2
daily,2
gentile,2
anonimalle,2
arthur,2
doubt,2
catastrofe,2
jump,2
conclusions,2
behind,2
took,2
fame,2
tales,2
council,2
gabriele,2
enigmas,2
controversy,2
streets,2
agnolo,2
acquire,2
reflected,2
day,2
krankheiten,2
local,2
pestkonsilium,2
bornstein,2
classes,2
subtropical,2
raybaud,2
made,2
besangon,2
discovery,2
upon,2
eighteenth,2
opera,2
trajectory,2
onslaught,2
ruling,2
findings,2
distrust,2
umbria,2
ledgers,2
orlandi,2
aside,2
emery,2
welsh,2
filovirus,2
roberts,2
discovered,2
moral,2
peur,2
profession,2
classe,2
eve,2
christopher,2
tornamira,2
dangerous,2
period,2
fellow,2
brussels,2
him,2
heat,2
gauthier,2
households,2
dell,2
rashes,2
airborne,2
stephanus,2
facing,2
comparing,2
fatal,2
feet,2
become,2
matteo,2
structure,2
priests,2
slightly,2
looked,2
grain,2
haven,2
famine,2
memoriale,2
quarter,2
pest,2
seasons,2
fourteenthcentury,2
twelve,2
ecstasies,2
relationship,2
surpassed,2
stems,2
resolving,2
note,2
africa,2
she,2
assert,2
rpt,2
un,2
progressively,2
itself,2
returned,2
transformation,2
sofia,2
safest,2
dans,2
pius,2
ward,2
unsanctioned,2
extremely,2
face,2
remains,2
poloniae,2
considered,2
claims,2
pogroms,2
duncan,2
associated,2
historian,2
following,2
branca,2
peoples,2
danzig,2
regime,2
text,2
pt,2
set,2
butler,2
quickly,2
favorably,2
control,2
evolved,2
sure,2
cultures,2
cultura,2
galfridi,2
best,2
appendix,2
variegated,2
argue,2
universal,2
hysteria,2
epidemischen,2
ir,2
benefit,2
separating,2
useless,2
proclaiming,2
passage,2
type,2
person,2
jean,2
unlikely,2
reign,2
transmitted,2
rose,2
list,2
accounts,2
calif,2
character,2
illness,2
always,2
treatises,2
measles,2
haine,2
urban,2
art,2
temps,2
prior,2
radically,2
occasionally,2
arabic,2
peace,2
resignation,2
altogether,2
role,2
arguments,2
glandular,2
writing,2
contrasts,2
entrants,2
tenth,2
conn,2
charts,2
paradigm,2
magnate,2
jacques,2
national,2
temperature,2
finally,2
crisis,2
floreffe,2
steeper,2
rimini,2
you,2
consequence,2
francisco,2
ranged,2
ser,2
regularity,2
overcrowding,2
progressive,2
texts,2
entire,2
pestschriften,2
dental,2
either,2
clerics,2
col,2
marcha,2
major,2
doctoribus,1
messina,1
difficult,1
horror,1
intimately,1
decaying,1
bernard,1
scriptores,1
margins,1
archives,1
smoke,1
portuguese,1
cive,1
explosion,1
possessed,1
rothschild,1
rate,1
fundamental,1
done,1
vor,1
incurred,1
page,1
stargazing,1
improbablity,1
sins,1
span,1
generalization,1
citywide,1
estimated,1
fraction,1
rebounds,1
declared,1
anthony,1
indicated,1
prix,1
rev,1
reappraisal,1
sidney,1
hailstones,1
speculum,1
surroundings,1
rees,1
dung,1
extraordinary,1
defy,1
adapting,1
louis,1
slaughter,1
mystical,1
giorgio,1
cluse,1
abbaye,1
grievous,1
danced,1
episodes,1
milml,1
discredited,1
coast,1
revolutionary,1
rinascimento,1
announced,1
staggering,1
sacre,1
mortalitas,1
unusual,1
stercore,1
succession,1
hainaut,1
compensated,1
lisini,1
notably,1
plainly,1
sphere,1
towns,1
formazione,1
needs,1
group,1
becoming,1
discover,1
nine,1
tiraboschi,1
saved,1
denied,1
stadt,1
instructions,1
fate,1
identify,1
essays,1
friuli,1
cars,1
peas,1
asserted,1
philippe,1
english,1
pestilentialis,1
friends,1
treatise,1
completely,1
reason,1
cronaca,1
bertrand,1
earthly,1
articles,1
fra,1
ell,1
considerations,1
ti,1
spirit,1
coppo,1
reasonably,1
anthropology,1
acceptance,1
trace,1
crisi,1
cycles,1
committee,1
trinitatis,1
ullllllsh,1
title,1
occurred,1
religions,1
mercanti,1
total,1
expressed,1
steeply,1
pandemic,1
arrived,1
village,1
rosemary,1
contado,1
arguing,1
civic,1
diversity,1
wolff,1
tuberculosis,1
hinnebusch,1
gavocciolo,1
saturn,1
anonymo,1
carmen,1
pestregimen,1
chronica,1
consistent,1
dalechampii,1
stillborn,1
archaeologists,1
ideas,1
else,1
gravediggers,1
pitching,1
explaining,1
beneficial,1
undermine,1
totaro,1
submitted,1
invention,1
venomous,1
duy,1
popes,1
connection,1
waley,1
melissa,1
derives,1
witches,1
govemo,1
household,1
artistico,1
infections,1
chaos,1
rested,1
military,1
jupiter,1
bilancio,1
universitytrained,1
aveyron,1
regimen,1
season,1
assist,1
funerals,1
prosaically,1
nature,1
od,1
columbino,1
bleus,1
historiography,1
febrem,1
words,1
tres,1
replaces,1
eichstadt,1
flagellanten,1
height,1
cutanes,1
moderna,1
packed,1
concede,1
guainerii,1
albans,1
advantage,1
antraci,1
thuscia,1
miechowski,1
thank,1
gradual,1
ravaged,1
histories,1
origin,1
rich,1
arctic,1
narrative,1
tandem,1
follows,1
spaced,1
epizootics,1
able,1
regurgitating,1
service,1
apex,1
mag,1
reveal,1
raising,1
inoculate,1
locality,1
septicemic,1
take,1
comparative,1
lodi,1
efficiently,1
marches,1
tardomedioevale,1
soaring,1
feature,1
fresh,1
typhoid,1
color,1
harmondsworth,1
biologists,1
emphasized,1
represent,1
tap,1
classified,1
nomenclature,1
slavish,1
detection,1
cevical,1
veronesi,1
letting,1
readiness,1
gibson,1
opvattingen,1
surveys,1
corporation,1
cooling,1
confused,1
threshold,1
daniel,1
teorie,1
bohemia,1
ludes,1
flanders,1
triggered,1
depends,1
system,1
growing,1
nodes,1
nowhere,1
banti,1
influx,1
novimontensis,1
epstein,1
alfred,1
classifying,1
dr,1
ruary,1
rolls,1
indebtedness,1
iie,1
biologie,1
king,1
task,1
matthew,1
primary,1
alicuius,1
conditioned,1
er,1
me,1
america,1
planetary,1
indulged,1
draw,1
right,1
milroy,1
addresses,1
batteries,1
carriages,1
custom,1
illyrici,1
chapter,1
account,1
investigations,1
suicide,1
laurent,1
unter,1
discrepancies,1
lamented,1
benefiting,1
recommended,1
possible,1
fighter,1
politics,1
sixteenth,1
bloom,1
lobbed,1
cap,1
seances,1
contradictory,1
studi,1
reaction,1
speculation,1
novimontibus,1
pronouncements,1
diozese,1
bibliography,1
ordre,1
births,1
beringen,1
marseille,1
combination,1
reflecting,1
trattato,1
matriculation,1
mistakenly,1
domenico,1
apply,1
compares,1
along,1
muzaffarnagar,1
biblioteca,1
climatic,1
archaeological,1
palermo,1
crammed,1
replacement,1
microbiotic,1
liberated,1
modem,1
collection,1
split,1
behavior,1
praeservatio,1
controlled,1
ashburton,1
jubilaire,1
exposed,1
unequivocally,1
expertise,1
learned,1
hierarchy,1
regarding,1
million,1
marwnadau,1
andrew,1
scandinavia,1
centralized,1
italiana,1
giudubaldo,1
antonii,1
binion,1
constantes,1
moved,1
schoolteacher,1
sputa,1
immobile,1
accuracy,1
reverse,1
brucker,1
spectrum,1
difficulties,1
roger,1
copenhagen,1
development,1
patient,1
countless,1
soldiers,1
herbs,1
illustrates,1
arctical,1
due,1
sustain,1
pursuit,1
raving,1
fifteenthcentury,1
internazionale,1
vvv,1
wrath,1
iiii,1
humanists,1
millennium,1
premontres,1
interest,1
forgotten,1
marchionne,1
ability,1
futures,1
mixed,1
gunnar,1
acta,1
deprompta,1
rains,1
te,1
bihar,1
spot,1
walter,1
contenant,1
conducted,1
luggage,1
tractes,1
fiona,1
pig,1
constellation,1
insofar,1
thailand,1
sore,1
transmitter,1
overly,1
admitted,1
industrial,1
affairs,1
attracting,1
estimates,1
concentrations,1
regne,1
pesttraktaten,1
fair,1
immigrants,1
direction,1
patria,1
rejecting,1
displays,1
cooler,1
unhygienic,1
unspeakable,1
veneta,1
diagnostica,1
tumbled,1
positive,1
causing,1
contrary,1
placentino,1
ithaca,1
response,1
decesserunt,1
houses,1
fatalistic,1
wholly,1
assiegee,1
pestinkunabel,1
poem,1
patrone,1
namen,1
twice,1
pestilences,1
ideal,1
despair,1
cardinal,1
truly,1
provence,1
vanish,1
upturn,1
child,1
quell,1
swiss,1
drawn,1
weaver,1
similarity,1
remarkably,1
sin,1
preserving,1
argentina,1
crubezy,1
parasites,1
krakow,1
forestall,1
helping,1
cosmic,1
kurz,1
climates,1
hygienic,1
generation,1
individuazione,1
handful,1
impressions,1
exponentially,1
benzi,1
error,1
headline,1
sputtered,1
walls,1
linton,1
vantage,1
sacri,1
hampers,1
lesser,1
mechanisms,1
civilization,1
assessed,1
todi,1
opposed,1
foot,1
via,1
puce,1
populaires,1
evinced,1
viterbo,1
geneva,1
laboring,1
adequate,1
berries,1
whose,1
parasitologie,1
alexandre,1
ferrariensis,1
constellations,1
identification,1
critica,1
abbate,1
operations,1
commune,1
luigi,1
aufbewahrt,1
fere,1
tt,1
pigeon,1
principally,1
aimed,1
sentences,1
generations,1
respectful,1
dry,1
denmark,1
gethin,1
remain,1
monografico,1
ra,1
investigation,1
landscape,1
na,1
afterwards,1
explicit,1
johnston,1
crowland,1
responded,1
remote,1
ccxxii,1
preachers,1
killing,1
opportunity,1
dealt,1
johanne,1
phrases,1
neighborhood,1
stench,1
slipped,1
resume,1
ifl,1
supplement,1
luxembourg,1
parasite,1
pueri,1
importance,1
hazardous,1
refueled,1
derived,1
montanus,1
jena,1
fat,1
throng,1
finanza,1
benjamin,1
winters,1
branch,1
possess,1
professors,1
antiche,1
diarii,1
scales,1
threefold,1
reforms,1
comportamientos,1
xxx,1
scattered,1
bacteriologist,1
front,1
moreover,1
varietes,1
counterbalancing,1
consistency,1
francine,1
raymond,1
monuments,1
rising,1
tower,1
solutions,1
dorothea,1
problemi,1
vel,1
provinces,1
park,1
perceptions,1
monumental,1
ensure,1
space,1
praise,1
ugo,1
cause,1
jl,1
entry,1
sorts,1
raged,1
literary,1
iceland,1
blisters,1
clergy,1
emergence,1
dalla,1
hotter,1
sum,1
former,1
bordeaux,1
religieux,1
dafydd,1
invariably,1
mary,1
bruce,1
colder,1
contemporaries,1
alessandro,1
epoca,1
fore,1
surgery,1
listed,1
threat,1
prevent,1
vetusissimo,1
suspicions,1
carpentier,1
retrospective,1
bonavia,1
supplying,1
whispers,1
simpson,1
stewart,1
challenged,1
additional,1
dello,1
jeuan,1
desperation,1
encouragement,1
follow,1
officer,1
noire,1
beyond,1
exceed,1
efficient,1
bishops,1
ipotesi,1
cotton,1
gentiles,1
labels,1
cultured,1
requires,1
problems,1
centrale,1
solve,1
aich,1
salerno,1
pious,1
hit,1
veronenses,1
interval,1
etude,1
warmer,1
providing,1
decades,1
drawing,1
view,1
constitution,1
awaited,1
kenya,1
artistic,1
interhuman,1
whereas,1
hours,1
pox,1
souris,1
opening,1
sive,1
closely,1
ipidocchi,1
based,1
cod,1
lead,1
whom,1
coc,1
societe,1
turin,1
included,1
abated,1
diligently,1
protest,1
intercurrent,1
appearance,1
factors,1
warming,1
carcasses,1
cole,1
genomics,1
ascription,1
das,1
hominium,1
horde,1
joy,1
processi,1
treatments,1
sabbath,1
marseillais,1
salaires,1
treason,1
centers,1
signify,1
international,1
pcr,1
rooms,1
circa,1
lto,1
criticisms,1
census,1
vesalia,1
disorders,1
rightly,1
bizarre,1
seraphine,1
emerge,1
persist,1
deciphering,1
husbands,1
philosophical,1
im,1
implemented,1
disruptive,1
egypt,1
ulcer,1
periphery,1
acquiring,1
venette,1
poisons,1
spotted,1
delle,1
mackay,1
understood,1
focused,1
silence,1
christiane,1
elementi,1
treat,1
province,1
taranto,1
au,1
eodem,1
domestication,1
companies,1
intensity,1
internecine,1
suffered,1
florentin,1
younger,1
maximum,1
glands,1
experimental,1
woodbridge,1
record,1
verse,1
hasten,1
sport,1
xiv,1
mud,1
granduca,1
spiritual,1
your,1
ingest,1
toulouse,1
perish,1
directions,1
pestschrift,1
taught,1
pierangelo,1
albizzi,1
brooks,1
swathes,1
peaking,1
impression,1
criteria,1
briefly,1
technical,1
eyewitness,1
aspects,1
distinguishes,1
passed,1
bombardment,1
gained,1
lodovico,1
differ,1
cambridgeshire,1
basis,1
anthrax,1
curing,1
telltale,1
inns,1
downturn,1
prcedicatorum,1
publicati,1
promiscuous,1
broadly,1
preconditions,1
secularism,1
received,1
vincent,1
utilissimo,1
lymphogranuloma,1
relatives,1
manorial,1
parel,1
medische,1
pestwerkchen,1
westfall,1
calamari,1
protected,1
prominent,1
tardo,1
ranger,1
senesi,1
aurigny,1
example,1
wasting,1
norm,1
apparent,1
joannes,1
filariasis,1
aged,1
brushed,1
calabria,1
riveted,1
grasso,1
port,1
virulence,1
polyhistoria,1
insert,1
whole,1
practiced,1
gave,1
vice,1
politica,1
island,1
consistently,1
older,1
discussions,1
changchun,1
horrox,1
onions,1
flight,1
collective,1
ongles,1
alleging,1
disdainful,1
shopkeepers,1
recouped,1
anarchists,1
cluster,1
participated,1
schwarzen,1
nach,1
devant,1
mercenary,1
rituals,1
arent,1
rodents,1
bishop,1
parijs,1
away,1
legislation,1
formations,1
riding,1
statale,1
rebound,1
shower,1
sicily,1
decameron,1
chronicorum,1
doubtful,1
breakdown,1
conform,1
challenging,1
convegno,1
concurrent,1
attributed,1
weeks,1
towards,1
manifestation,1
kashmir,1
thighs,1
researchers,1
massacre,1
prices,1
hungary,1
distinctions,1
mcmichael,1
macchie,1
preceded,1
published,1
sparsely,1
siecle,1
triduanis,1
running,1
solution,1
punctuated,1
eine,1
veneziano,1
correct,1
successful,1
caused,1
level,1
working,1
field,1
eglise,1
sweep,1
prestwich,1
cold,1
basata,1
relapsing,1
monumenti,1
wished,1
popolani,1
wards,1
poet,1
delirium,1
trading,1
archivfiir,1
order,1
kaeuper,1
rushed,1
attentive,1
regimes,1
filologia,1
soundness,1
commissioner,1
clinici,1
diary,1
intervals,1
het,1
heeded,1
quibus,1
quy,1
characteristics,1
amounted,1
sufficient,1
chorus,1
fraught,1
tony,1
painful,1
unexposed,1
ill,1
nere,1
industry,1
acts,1
hiv,1
presence,1
subsided,1
research,1
hospitalized,1
gene,1
met,1
ointments,1
distinguished,1
immunologist,1
giuffrida,1
latest,1
commissions,1
lastly,1
telling,1
impossible,1
dem,1
ebola,1
mollat,1
dedicated,1
fubini,1
vein,1
occasions,1
zuidelijke,1
pinning,1
patience,1
inability,1
flares,1
origini,1
horrendous,1
dependent,1
pays,1
rapp,1
unmistakably,1
wife,1
ventilation,1
describes,1
bollettino,1
hainault,1
slept,1
mouths,1
siberian,1
hermann,1
value,1
galen,1
crime,1
grateful,1
provided,1
ee,1
flour,1
monarchy,1
am,1
sophistication,1
bartholomei,1
casts,1
barcelonensis,1
periods,1
chick,1
commensurate,1
barbara,1
temporarily,1
cite,1
rappresentazioni,1
rocznik,1
gestarum,1
portion,1
node,1
heretofore,1
led,1
pervasive,1
underground,1
scriptus,1
interpretazione,1
sylvia,1
larrouy,1
unknowable,1
schryer,1
nonetheless,1
zeigler,1
inguinal,1
carried,1
chase,1
economica,1
apostemes,1
cessation,1
economic,1
giving,1
revival,1
socrates,1
miasmas,1
expansion,1
verge,1
ancien,1
secondly,1
successes,1
differs,1
criticized,1
revolt,1
microbiology,1
prospered,1
nearly,1
gatari,1
upward,1
etc,1
driest,1
livide,1
judgment,1
millenarians,1
surviving,1
saturation,1
interactions,1
antibiotics,1
veins,1
germ,1
experiences,1
precedes,1
passengers,1
simplicem,1
uncertain,1
gimlette,1
contra,1
conservazione,1
pi,1
zoology,1
seemingly,1
lvov,1
sanctus,1
ziegler,1
condon,1
pestilenciae,1
deputazione,1
authenticity,1
vie,1
iacometti,1
enhancing,1
corpus,1
apocalypse,1
pillaging,1
confronting,1
ooggetuigen,1
doctoris,1
eel,1
elegies,1
ineffective,1
erratically,1
floods,1
infested,1
fratris,1
describe,1
push,1
opportunities,1
seaweed,1
makes,1
continuata,1
pp,1
devotion,1
happened,1
harriette,1
alongside,1
mission,1
trent,1
sounds,1
seeing,1
technology,1
ashkenazic,1
parishes,1
exposure,1
breve,1
historia,1
fiorentino,1
temperate,1
lesson,1
compiled,1
todes,1
palmer,1
vlo,1
reiffenberg,1
brossollet,1
adjusted,1
light,1
divine,1
memoires,1
watson,1
keeping,1
aux,1
choices,1
omtrent,1
grassi,1
ro,1
droplet,1
skin,1
glandule,1
steamship,1
nada,1
memories,1
deliver,1
al,1
aforementioned,1
frightened,1
freckles,1
insights,1
bubon,1
supernatural,1
bischof,1
boost,1
toppling,1
friend,1
contesto,1
regional,1
modos,1
simonists,1
strata,1
espoir,1
raids,1
picture,1
densely,1
regardless,1
clf,1
chose,1
forfeited,1
pourquoi,1
hossack,1
corporeal,1
endured,1
disappearing,1
lamb,1
francescana,1
bartolomeo,1
nazionale,1
french,1
castello,1
comfortable,1
jeffrey,1
behaved,1
multiplying,1
afterlife,1
coming,1
thealps,1
popularity,1
mentions,1
kenneth,1
toward,1
observersthe,1
fin,1
olivetan,1
restatements,1
chance,1
continuatio,1
hopman,1
chaps,1
curtails,1
europeens,1
tiny,1
desiring,1
discordance,1
beirdd,1
minorities,1
turnabout,1
outside,1
luis,1
mediterraneens,1
deafening,1
conduct,1
head,1
ml,1
strickland,1
torture,1
foods,1
unprepared,1
auvergne,1
departments,1
instability,1
axilliar,1
hottest,1
diagnoses,1
agree,1
ought,1
wine,1
regulation,1
crop,1
predominated,1
pulicides,1
correspondingly,1
arisen,1
classical,1
isolate,1
francaise,1
cure,1
hear,1
raoult,1
somewhere,1
copied,1
quantify,1
emphatic,1
discharges,1
everything,1
golden,1
bellaguet,1
governi,1
travail,1
primo,1
paduaner,1
triumphed,1
uprisings,1
epidemiologist,1
grotesquely,1
distinct,1
pulex,1
mountainous,1
question,1
adapt,1
microscopic,1
match,1
tra,1
granada,1
confusion,1
never,1
aeneas,1
piacentine,1
geography,1
increases,1
decried,1
grim,1
religiosities,1
pandemics,1
pistorienses,1
square,1
revolts,1
burgund,1
niirnberg,1
kept,1
orthodoxy,1
karl,1
brascinensis,1
environments,1
toxic,1
nederlanden,1
strategies,1
bielowski,1
forth,1
meant,1
material,1
impassioned,1
morocco,1
cantons,1
revolte,1
producing,1
vittorio,1
cu,1
nguyen,1
thrupp,1
assault,1
books,1
fragmenta,1
jj,1
mercy,1
amounting,1
mccc,1
siglo,1
placentinum,1
anglicana,1
free,1
encountered,1
extremities,1
microbiologists,1
assualts,1
stella,1
aftershocks,1
degree,1
connections,1
sir,1
pesta,1
understanding,1
greatest,1
balance,1
reveals,1
piccolomini,1
vast,1
campaigns,1
enrolled,1
heralded,1
lost,1
skepticism,1
yersin,1
effectiveness,1
thucydides,1
treated,1
lands,1
easier,1
disappear,1
accompanying,1
range,1
churchmen,1
helps,1
represented,1
sides,1
apostematum,1
region,1
bidaunis,1
clerical,1
inexorably,1
looking,1
petrarch,1
judge,1
eta,1
versa,1
elite,1
medium,1
angus,1
minds,1
top,1
iseptember,1
blossoming,1
tijde,1
prussia,1
lecture,1
germaniae,1
entirely,1
cuiusdam,1
enduring,1
skeptical,1
storici,1
forgot,1
use,1
dropped,1
unfortunately,1
largely,1
persisted,1
assumption,1
licensed,1
francis,1
factor,1
congress,1
resulting,1
harvard,1
bed,1
proposed,1
numbered,1
trend,1
business,1
stanislao,1
aldo,1
maintains,1
canon,1
trials,1
aids,1
ecclesia,1
succeeding,1
predictable,1
confident,1
full,1
heinrich,1
sees,1
dge,1
dismissed,1
california,1
optimistic,1
nevertheless,1
seva,1
spoleto,1
olivensi,1
attraction,1
bacterial,1
irritans,1
supposedly,1
cease,1
diplomacy,1
provoked,1
historic,1
lieux,1
ufficiali,1
assignment,1
cunningham,1
op,1
aided,1
pia,1
catania,1
accounted,1
utter,1
realta,1
victory,1
peter,1
ankles,1
codex,1
studie,1
workers,1
leave,1
horrific,1
ronciere,1
signing,1
isles,1
disaster,1
pride,1
tournai,1
liberate,1
allowed,1
ri,1
philipp,1
ricordanze,1
diptheria,1
cardiff,1
hammer,1
plant,1
creating,1
remark,1
mount,1
eines,1
barrage,1
flandriae,1
guerchberg,1
ended,1
massera,1
multiplier,1
filled,1
proximity,1
earlier,1
poetic,1
preservation,1
smet,1
martin,1
presaged,1
corrupt,1
inscribed,1
scrittori,1
partes,1
venezia,1
kline,1
witness,1
random,1
isgaer,1
honorem,1
cs,1
silly,1
lacopo,1
systems,1
seinem,1
leaves,1
ensued,1
ovenall,1
edged,1
chapel,1
arise,1
prevention,1
zitelli,1
bacteriological,1
happenings,1
narrow,1
hits,1
assessing,1
confidently,1
exactly,1
mainly,1
maude,1
buchrieser,1
victim,1
heighten,1
enjoyed,1
james,1
naturali,1
hunters,1
concluding,1
artisans,1
mccccii,1
probably,1
spawning,1
refrained,1
story,1
brienne,1
southwest,1
tularaemia,1
worms,1
throat,1
invented,1
eversely,1
duality,1
thunder,1
professional,1
corps,1
hanover,1
sanitate,1
vt,1
councils,1
hope,1
psychologiques,1
overthrew,1
lowest,1
greek,1
medico,1
practicing,1
convincingly,1
andreina,1
hopeless,1
attended,1
reluctant,1
diseased,1
studio,1
steepness,1
increasing,1
compendium,1
greenwood,1
emanuele,1
dealing,1
memoriali,1
european,1
implicitly,1
enough,1
pestbeulenkur,1
things,1
schiera,1
fornicators,1
departs,1
heartland,1
nvu,1
elderly,1
autumn,1
laureate,1
omnia,1
entherapieen,1
dual,1
singer,1
today,1
sanitation,1
scrutinized,1
window,1
declining,1
wisdom,1
independent,1
seu,1
jodenvervolgingen,1
sometimes,1
hears,1
institutions,1
ecological,1
usually,1
foreign,1
nobel,1
mcclxxxvii,1
developing,1
testing,1
practitioners,1
fear,1
hill,1
handing,1
inguinarie,1
scienze,1
nonglandular,1
archaeology,1
insufficient,1
winslow,1
antracis,1
sancte,1
rajnarayan,1
bulletin,1
slow,1
independence,1
exceptional,1
italicarum,1
abnormal,1
romeux,1
transformed,1
aa,1
silvius,1
team,1
pedemontana,1
galar,1
calamitous,1
hearsay,1
lawrence,1
katherine,1
aquilejensis,1
salaries,1
lightning,1
macrobiotic,1
downward,1
recognize,1
oorzaken,1
storytellers,1
halved,1
plains,1
stimulated,1
memorable,1
traveled,1
tearing,1
medievalist,1
premonstratensian,1
rudolph,1
efficiency,1
extra,1
analysis,1
kill,1
comte,1
valiant,1
existed,1
fall,1
ireneo,1
researcher,1
baron,1
encounters,1
breasts,1
anni,1
wives,1
spark,1
mysteriously,1
foligno,1
gyug,1
citizens,1
get,1
imperialism,1
event,1
pressures,1
conversos,1
mirror,1
combines,1
mounds,1
commenting,1
problematic,1
derbes,1
susan,1
pertz,1
crowded,1
investigate,1
cols,1
olivensis,1
complication,1
regularly,1
rises,1
slowness,1
antonino,1
libn,1
muttra,1
matters,1
austria,1
puellae,1
enigma,1
questioning,1
acquired,1
proof,1
dubois,1
cheapened,1
ignited,1
suggestions,1
earliest,1
persecution,1
magnitude,1
small,1
starts,1
religieuse,1
tuchman,1
broke,1
necrologi,1
naples,1
notae,1
brotherhood,1
complexity,1
version,1
need,1
circumstances,1
manual,1
ecclesiae,1
ever,1
invoked,1
caffa,1
continues,1
subascelle,1
muratori,1
potter,1
discrepancy,1
precise,1
objects,1
wasserstrom,1
ll,1
consensus,1
vacant,1
septicemia,1
ralph,1
auctores,1
perhaps,1
territories,1
clerici,1
astounding,1
creighton,1
aboudharam,1
bubonique,1
delumeau,1
exemplum,1
gian,1
cedole,1
kedar,1
ciudad,1
wipe,1
repository,1
cover,1
evade,1
vapors,1
easy,1
civilians,1
ville,1
diarist,1
extraordinarily,1
midst,1
grover,1
sociales,1
kardinals,1
tendencies,1
dupaquier,1
monthly,1
country,1
finance,1
environment,1
celsius,1
canonico,1
limited,1
concession,1
videlicet,1
reversal,1
pestilentialium,1
steven,1
harbin,1
liibeck,1
global,1
extraction,1
mollaret,1
believe,1
distance,1
gone,1
cateriniana,1
proffer,1
compiler,1
diensthernn,1
ahr,1
expiation,1
dryness,1
numbering,1
followers,1
post,1
foundation,1
coined,1
mcccxlviii,1
croix,1
brothers,1
hinted,1
boasted,1
dared,1
shifts,1
latin,1
privileged,1
diplomazia,1
disastrous,1
ordinis,1
leiden,1
pelerinage,1
huygelen,1
faculteit,1
bones,1
fourfold,1
section,1
neuberg,1
individue,1
protect,1
prayers,1
faster,1
pour,1
rural,1
sardo,1
absolutely,1
didier,1
hebdomadaires,1
sanitari,1
lancing,1
better,1
table,1
kolner,1
prescribing,1
qualitatively,1
phd,1
pubblica,1
clarity,1
saying,1
jacqueline,1
franciscan,1
vehement,1
born,1
diversified,1
monk,1
realize,1
catasto,1
yearly,1
notable,1
sanctorum,1
mccclxvii,1
month,1
schedels,1
whether,1
means,1
namely,1
rebellion,1
want,1
orleans,1
particular,1
sociology,1
inedita,1
ottavio,1
epidemia,1
bacterium,1
feb,1
maintain,1
proven,1
erupted,1
manuscripts,1
bolts,1
corpses,1
vigorously,1
transactions,1
unrest,1
shortages,1
debate,1
ersten,1
heavier,1
cura,1
berlinguer,1
christians,1
densities,1
ziektemechanismen,1
foa,1
prestige,1
summers,1
vehicle,1
healthy,1
abruptly,1
manure,1
malaria,1
studied,1
theobaldus,1
cq,1
ergitudinibus,1
oo,1
servir,1
information,1
episode,1
abscesses,1
psychology,1
conveyor,1
emphasis,1
therapeutic,1
scabs,1
vergelijkende,1
targets,1
retold,1
size,1
considerably,1
aragon,1
recurred,1
presented,1
notary,1
karlsson,1
andrea,1
dismiss,1
kiple,1
multiple,1
ruled,1
chandavarkar,1
revealed,1
herbal,1
brabant,1
sacraments,1
epidemiae,1
plunder,1
revolutions,1
joining,1
marshalled,1
nadir,1
rd,1
alternatives,1
aberth,1
press,1
practica,1
riddle,1
sowers,1
aetiologies,1
justinian,1
durable,1
tried,1
lambesc,1
fumes,1
puzzled,1
regulated,1
assumptions,1
went,1
territory,1
acute,1
deviate,1
corresponding,1
atti,1
laici,1
brigadiergeneral,1
ail,1
grossberg,1
lump,1
swynebroke,1
anonymi,1
conversely,1
georges,1
afflicting,1
ottobre,1
colonial,1
goose,1
using,1
mention,1
diocese,1
maintained,1
estates,1
drancourt,1
ensuing,1
glance,1
waves,1
think,1
teeth,1
correspondence,1
sparked,1
spalatensis,1
benefices,1
advising,1
blasius,1
aphaniptera,1
come,1
named,1
eric,1
pray,1
log,1
afflicted,1
inefficient,1
sanctioned,1
besieged,1
loneti,1
wild,1
formation,1
guidi,1
agustin,1
asunder,1
youth,1
englishman,1
underwood,1
trento,1
lists,1
stockard,1
carbunculi,1
kernel,1
notes,1
frontiers,1
antrosum,1
initiated,1
proclamations,1
riccardo,1
finding,1
knights,1
crosby,1
travelling,1
pittino,1
ushered,1
detestable,1
spat,1
slack,1
nell,1
washington,1
sprung,1
pamela,1
mode,1
tf,1
aspetti,1
wish,1
matriculations,1
extensive,1
revolves,1
joined,1
michaud,1
rosenthal,1
include,1
ferrara,1
land,1
eggs,1
resembled,1
usa,1
mutations,1
specialists,1
sur,1
concoction,1
states,1
surgical,1
annr,1
regular,1
contamination,1
approach,1
defined,1
sychrono,1
trumpeting,1
clarissimi,1
counseling,1
measured,1
association,1
chalmers,1
mountain,1
istituto,1
castiglioni,1
crawfurd,1
wasserstein,1
dati,1
affliction,1
llywelyn,1
inguinale,1
castile,1
profits,1
vi,1
orvietano,1
offered,1
mounting,1
papal,1
janus,1
wretch,1
rupert,1
chittolini,1
hans,1
substitute,1
assumed,1
testamentary,1
colombo,1
espana,1
elites,1
bell,1
butchering,1
estimi,1
cook,1
jahren,1
guilt,1
grief,1
brink,1
bury,1
oceans,1
tarabagan,1
exclusively,1
stream,1
swiftness,1
rubeis,1
develop,1
abandoned,1
sea,1
counts,1
uk,1
comparable,1
arturo,1
arnold,1
rivista,1
similis,1
fiscal,1
deficiency,1
cafero,1
ca,1
amory,1
mentalities,1
delayed,1
stefano,1
dalmatian,1
irma,1
medica,1
continuously,1
