WORDCOUNTS,WEIGHT
the,1315
of,932
and,596
in,566
cotton,556
to,454
a,267
for,203
as,147
on,144
by,130
see,124
war,120
american,119
new,114
world,113
s,112
from,110
that,105
had,104
was,95
india,94
states,84
their,83
labor,71
also,70
united,70
civil,69
production,66
it,65
this,65
with,61
british,57
be,56
not,53
empire,51
its,49
merchants,48
an,47
manchester,45
manufacturers,45
government,44
history,43
markets,43
industry,43
historical,43
december,41
indian,41
but,41
they,40
review,40
most,40
is,40
london,39
end,39
were,39
trade,39
percent,39
market,38
during,38
report,38
commerce,37
south,37
would,37
berar,37
egypt,36
no,36
global,36
york,35
start,35
more,35
which,34
liverpool,33
such,33
bombay,33
economy,33
at,32
one,32
papers,32
between,32
central,31
cultivators,31
brazil,31
state,30
emancipation,30
european,30
land,30
into,29
all,29
after,29
these,29
lm,29
slavery,28
social,28
famine,28
chamber,27
growing,26
seward,25
i,25
economic,25
department,25
c,25
political,24
million,24
century,24
important,24
britain,24
u,24
france,24
year,23
annual,23
southern,23
l,23
john,23
been,23
colonial,23
years,23
beckert,23
great,22
than,22
may,22
prices,22
power,22
or,22
free,22
supply,21
even,21
r,21
only,21
who,21
raw,20
sven,20
many,20
europe,19
de,19
n,19
textile,19
example,19
efforts,19
africa,19
capital,19
egyptian,19
washington,19
d,19
much,19
vol,18
wood,18
workers,18
especially,18
la,18
them,18
now,17
nineteenth,17
capitalists,17
j,17
asia,17
worldwide,17
october,17
pounds,17
could,17
about,17
confederacy,17
slaves,17
capitalism,17
web,17
there,16
march,16
russian,16
district,16
peasants,16
well,16
f,16
paris,16
over,16
have,16
before,15
crops,15
america,15
some,15
development,15
b,15
people,15
und,15
april,15
food,15
february,15
agricultural,15
secure,15
association,15
russia,15
first,14
sources,14
farmers,14
agriculture,14
how,14
imperial,14
lord,14
august,14
william,14
while,14
atkinson,14
togo,14
among,14
berlin,13
journal,13
alexandria,13
changes,13
out,13
become,13
russell,13
june,13
indeed,13
diplomacy,13
rural,13
quoted,13
iol,12
germany,12
large,12
his,12
producers,12
et,12
change,12
grow,12
french,12
local,12
expansion,12
once,12
made,12
increase,12
so,12
january,12
foreign,12
november,12
manufacturing,12
early,12
e,11
du,11
t,11
other,11
moscow,11
edward,11
studies,11
support,11
hereafter,11
growers,11
decades,11
union,11
international,11
statistics,11
when,11
july,11
ed,11
rossii,11
crop,11
upon,11
exports,11
bureaucrats,11
itself,11
became,11
charles,11
ways,10
h,10
eur,10
those,10
system,10
case,10
east,10
thus,10
lancashire,10
turn,10
german,10
importance,10
thomas,10
university,10
powerful,10
result,10
found,10
however,10
own,10
he,10
reconstruction,10
significant,10
regions,10
mss,10
countries,10
imperialism,10
der,10
are,10
very,10
cambridge,10
way,9
long,9
rapid,9
kingdom,9
china,9
within,9
mass,9
richard,9
letter,9
despatches,9
times,9
without,9
na,9
similar,9
m,9
produced,9
le,9
society,9
will,9
yet,9
areas,9
pressure,9
forms,9
asian,9
effect,9
bureau,9
brazilian,9
control,9
goods,9
national,9
effects,9
coton,9
themselves,9
if,8
resulted,8
group,8
parliamentary,8
interests,8
might,8
planters,8
along,8
september,8
price,8
industries,8
subsistence,8
confederate,8
moreover,8
provinces,8
calcutta,8
statistical,8
numbers,8
impact,8
w,8
export,8
owen,8
networks,8
correspondence,8
role,8
intervention,8
make,8
lb,8
industrial,8
two,8
revenue,8
debates,8
do,8
v,8
where,8
perhaps,8
number,8
region,8
amounts,8
earlier,8
securing,8
integration,8
les,8
continental,8
cultivation,8
advances,8
places,8
what,8
particular,8
cloth,8
both,8
economist,8
moneylenders,8
thayer,8
western,7
antebellum,7
different,7
secretary,7
company,7
laws,7
dependence,7
since,7
relations,7
nelson,7
output,7
gazetteers,7
colonialism,7
greater,7
amraoti,7
structure,7
because,7
work,7
future,7
place,7
has,7
governments,7
massachusetts,7
up,7
moved,7
nearly,7
wake,7
riots,7
wright,7
time,7
japan,7
eds,7
remained,7
hansard,7
pro,7
transformation,7
rapidly,7
often,7
table,7
ever,7
did,7
domestic,7
produce,7
property,7
boston,7
little,7
despite,7
come,7
grown,7
although,7
manufacture,7
turkestan,7
increased,7
ser,7
komitee,7
later,6
factories,6
source,6
reich,6
various,6
railroads,6
worked,6
england,6
capitalist,6
leading,6
industrie,6
appendix,6
created,6
spinners,6
last,6
far,6
owners,6
todd,6
growth,6
affairs,6
parts,6
peasant,6
just,6
trenholm,6
house,6
four,6
position,6
permanent,6
came,6
late,6
taxes,6
abstracts,6
imports,6
part,6
italy,6
statesmen,6
rise,6
few,6
letters,6
railway,6
home,6
infrastructure,6
sharecroppers,6
fell,6
again,6
fact,6
material,6
spindles,6
credit,6
private,6
including,6
largely,6
dominated,6
can,6
present,6
satya,6
began,6
eventually,6
srednei,6
here,6
branch,6
manufactures,6
extent,6
uncertainty,6
des,6
recognition,6
cash,6
question,6
north,6
manufacturer,6
sachsens,6
summary,6
debate,6
built,6
countryside,5
directors,5
archives,5
struggle,5
encouraged,5
overland,5
isaacman,5
switzerland,5
richards,5
historians,5
king,5
baring,5
toi,5
throughout,5
author,5
developments,5
old,5
slave,5
influence,5
letterbook,5
ba,5
bring,5
en,5
study,5
sviazi,5
distant,5
white,5
earl,5
crise,5
aziei,5
metropolis,5
bremen,5
grains,5
emergence,5
argued,5
statistisches,5
based,5
p,5
blockade,5
industria,5
tol,5
used,5
fraser,5
nach,5
least,5
caused,5
trading,5
box,5
quite,5
small,5
led,5
taken,5
landless,5
unprecedented,5
cheap,5
rozhkova,5
largest,5
law,5
factory,5
larger,5
minister,5
outside,5
took,5
yarn,5
native,5
ekonomicheskie,5
another,5
vast,5
maharashtra,5
entirely,5
harvard,5
office,5
roberts,5
quotation,5
japanese,5
general,5
played,5
we,5
industrialization,5
sugar,5
ellison,5
relationship,5
figure,5
usually,5
politically,5
presidency,5
each,5
commission,5
board,5
alexander,5
half,5
destroyed,5
dayton,5
rose,5
making,5
freedom,5
reported,5
lc,5
through,5
city,5
econ,5
went,5
our,5
eric,5
argument,5
crisis,5
instead,5
point,5
beziehungen,5
uk,5
observed,5
difficult,4
bericht,4
alone,4
told,4
center,4
english,4
mit,4
laborers,4
barbosa,4
plantations,4
lower,4
reprinted,4
ii,4
class,4
advanced,4
textiles,4
mills,4
henry,4
explosive,4
advocates,4
quantities,4
possible,4
move,4
west,4
sent,4
deux,4
facts,4
interest,4
consuls,4
reclus,4
perspective,4
pernambuco,4
third,4
find,4
stanley,4
mexico,4
heard,4
pressured,4
involvement,4
linked,4
too,4
policy,4
beyond,4
helped,4
negroes,4
suggested,4
view,4
rule,4
im,4
required,4
possibility,4
xix,4
colonies,4
silk,4
already,4
nation,4
northern,4
gave,4
baumwolle,4
commons,4
sense,4
debts,4
order,4
consolidation,4
claim,4
tripathi,4
around,4
sufficient,4
core,4
structured,4
newly,4
provided,4
second,4
demand,4
saw,4
matter,4
buy,4
comparative,4
allen,4
movement,4
whole,4
single,4
frank,4
competition,4
observer,4
under,4
culture,4
records,4
increasingly,4
continued,4
outbreak,4
resolution,4
resistance,4
monied,4
business,4
towns,4
stories,4
napoleon,4
michael,4
less,4
mill,4
degree,4
thousands,4
investment,4
discussion,4
supplies,4
enormous,4
louis,4
contract,4
three,4
david,4
characterized,4
martin,4
article,4
systems,4
k,4
exported,4
story,4
revolution,4
tenant,4
crucial,4
transformed,4
foner,4
staubli,4
pressures,4
pay,4
agents,4
earle,4
par,4
mondes,4
mulhouse,4
associations,4
past,4
terms,4
rising,4
quote,4
doubled,4
decisive,4
african,4
die,4
subject,4
transition,4
commodities,4
contributed,4
need,4
evidence,4
prosperity,4
shift,4
territories,4
removed,4
owsley,4
traditional,4
strong,4
sunseri,4
quantity,4
courts,3
common,3
expand,3
whitman,3
faced,3
navigation,3
arno,3
transportation,3
diplomatic,3
fibres,3
true,3
continent,3
di,3
modern,3
gately,3
committee,3
unlike,3
encourage,3
total,3
expressed,3
landowners,3
turning,3
experience,3
fluctuations,3
round,3
being,3
gartside,3
implications,3
military,3
vols,3
planting,3
conflict,3
emerged,3
shortage,3
gin,3
dramatically,3
desire,3
help,3
revolt,3
alfred,3
capacity,3
powers,3
combination,3
himself,3
demanded,3
inexpensive,3
federation,3
pillar,3
human,3
per,3
difficulties,3
ottoman,3
frantic,3
jahrbuch,3
given,3
forced,3
subjects,3
compared,3
left,3
witnessed,3
hahn,3
died,3
drawn,3
communication,3
jones,3
electors,3
focused,3
rights,3
steps,3
library,3
freedpeople,3
zeitfragen,3
essential,3
districts,3
links,3
mmml,3
responded,3
process,3
remote,3
populism,3
stein,3
enabled,3
upcountry,3
compilation,3
wages,3
deccan,3
tensions,3
khangaon,3
wealth,3
elsewhere,3
age,3
statement,3
enmeshed,3
dominant,3
opening,3
ou,3
das,3
access,3
six,3
relating,3
census,3
portsmouth,3
captured,3
extracting,3
urgent,3
acquire,3
undermined,3
failure,3
thaddeus,3
relief,3
condition,3
abroad,3
del,3
tenants,3
prominent,3
brought,3
employed,3
capacities,3
alan,3
wheat,3
ali,3
published,3
pearse,3
hard,3
loffler,3
recast,3
dangerous,3
mitchell,3
baumwollfrage,3
soil,3
nai,3
master,3
dramatic,3
coast,3
seed,3
dependent,3
value,3
crime,3
lincoln,3
gavin,3
activities,3
fa,3
indentured,3
materials,3
wrote,3
prevailing,3
still,3
harry,3
expanded,3
everywhere,3
shipped,3
supplier,3
percentage,3
oxford,3
meanwhile,3
rules,3
soon,3
gins,3
departure,3
railroad,3
supplied,3
same,3
al,3
until,3
unlimited,3
toward,3
available,3
deutsche,3
longer,3
overwhelming,3
fundamental,3
witnesses,3
never,3
decisively,3
viceroy,3
operating,3
brasil,3
coercion,3
karl,3
quagmire,3
ports,3
scholarships,3
project,3
elgin,3
classes,3
manufactured,3
arm,3
use,3
sold,3
conditions,3
postbellum,3
alsace,3
advantages,3
open,3
significance,3
clear,3
lien,3
harnetty,3
essay,3
peter,3
allowed,3
like,3
spread,3
high,3
course,3
chapel,3
editors,3
sentiments,3
bremer,3
grain,3
invented,3
institution,3
destruction,3
attention,3
von,3
increasing,3
enough,3
hyderabad,3
inhabitants,3
hill,3
logan,3
lost,3
importantly,3
peril,3
recognize,3
dans,3
hope,3
holmes,3
consulate,3
considered,3
dissertation,3
mann,3
experts,3
outcome,3
best,3
printed,3
iii,3
fifteen,3
brothers,3
turned,3
phd,3
justify,3
following,3
hyman,3
khandesh,3
form,3
abraham,3
want,3
coerced,3
hoped,3
generally,3
port,3
press,3
giving,3
arguments,3
producer,3
devoted,3
spring,3
cotonniere,3
dwijendra,3
editor,3
adulteration,3
average,3
twentieth,3
respective,3
industrialists,3
moskva,3
create,3
kumar,3
corn,3
beings,3
estatisticas,3
building,3
major,3
gold,3
sa,2
does,2
fernand,2
o,2
done,2
punch,2
melvin,2
mozambique,2
quickly,2
revue,2
former,2
commitment,2
affected,2
presses,2
measures,2
unusual,2
poods,2
introduction,2
pushed,2
distributed,2
surat,2
incomprehensible,2
conversion,2
needed,2
replaced,2
myth,2
likely,2
authority,2
mexican,2
sudden,2
easily,2
environment,2
favor,2
decade,2
consequential,2
operatives,2
nonetheless,2
princeton,2
chief,2
agitated,2
rome,2
bengal,2
estimated,2
prominently,2
permit,2
permanence,2
vrai,2
relieve,2
davis,2
every,2
embraced,2
fund,2
rested,2
investments,2
season,2
nature,2
mercury,2
shaped,2
copy,2
gody,2
paramount,2
farnie,2
reasons,2
accumulated,2
blind,2
carts,2
shot,2
blumenthal,2
thanks,2
closer,2
resulting,2
debt,2
mind,2
miles,2
peut,2
emphasized,2
korea,2
cresap,2
daniel,2
livelihood,2
context,2
designs,2
arrighi,2
est,2
globe,2
plain,2
money,2
saying,2
right,2
account,2
opened,2
howard,2
activity,2
entrepreneurs,2
blancs,2
obvious,2
handelsblatt,2
petersburg,2
chemnitz,2
fur,2
commercio,2
marginalized,2
engage,2
harold,2
controlled,2
exist,2
geschichte,2
goal,2
relationships,2
immediate,2
quality,2
due,2
against,2
tables,2
relatively,2
reproduced,2
walter,2
adams,2
saxony,2
dudley,2
kind,2
individual,2
amount,2
speed,2
consumer,2
afford,2
scott,2
twice,2
explore,2
consequently,2
precapitalist,2
deeply,2
occasion,2
understood,2
pronounced,2
nearest,2
rates,2
ahednagar,2
vantage,2
americaine,2
failed,2
operation,2
poor,2
philadelphia,2
town,2
whose,2
main,2
permission,2
explicitly,2
outward,2
legal,2
derived,2
population,2
nos,2
consequences,2
space,2
cuba,2
maintaining,2
evil,2
flexibility,2
den,2
latin,2
proved,2
days,2
thirty,2
amerique,2
northeastern,2
tsar,2
frequently,2
xi,2
commonly,2
tuskegee,2
origins,2
drought,2
liens,2
putting,2
always,2
engerman,2
destructive,2
index,2
believed,2
advocated,2
dependency,2
arrived,2
distribution,2
declined,2
veka,2
pelzer,2
stroke,2
begun,2
search,2
called,2
effort,2
adaptability,2
fohlen,2
demands,2
intellectuals,2
informal,2
radical,2
emerge,2
rubles,2
spinning,2
further,2
sharecropping,2
accessing,2
lyall,2
resurrected,2
province,2
viewed,2
recently,2
record,2
absolute,2
public,2
james,2
balance,2
experiment,2
technical,2
gained,2
prewar,2
received,2
incomes,2
clean,2
significantly,2
tens,2
watts,2
hubbard,2
edn,2
related,2
data,2
though,2
appomattox,2
loss,2
afar,2
literature,2
fit,2
policies,2
suppliers,2
keep,2
formerly,2
falling,2
transported,2
personal,2
away,2
nor,2
reconstructing,2
statistique,2
aided,2
good,2
running,2
officials,2
upheavals,2
undermine,2
unexpected,2
things,2
reliable,2
emerging,2
involved,2
several,2
ocherki,2
pain,2
ship,2
presence,2
research,2
climate,2
codes,2
antietam,2
villages,2
seeds,2
maine,2
st,2
pays,2
pa,2
paid,2
using,2
peculiar,2
roots,2
planter,2
seemed,2
liberation,2
counteract,2
belgium,2
sons,2
reduced,2
charlesworth,2
famines,2
journey,2
action,2
lynn,2
danson,2
spencer,2
hammond,2
garden,2
experiences,2
collapsed,2
cultivate,2
assigned,2
simultaneous,2
lbs,2
opportunities,2
creditors,2
proletarianization,2
neil,2
technology,2
slavic,2
official,2
aleksandr,2
tax,2
collective,2
reports,2
georgia,2
noted,2
fill,2
administrators,2
hon,2
successfully,2
liu,2
challenge,2
put,2
chaps,2
cheaply,2
vilimani,2
tremendous,2
projects,2
financial,2
agricoltura,2
gigantic,2
lack,2
bourgeoisie,2
abstract,2
enable,2
together,2
contemporary,2
considerable,2
noirs,2
hand,2
maurus,2
weavers,2
probably,2
wave,2
colony,2
above,2
metropolitan,2
mort,2
deaf,2
understanding,2
greatest,2
vagrancy,2
rio,2
invested,2
farming,2
represented,2
braudel,2
concern,2
prussia,2
weeks,2
station,2
virtually,2
congress,2
briggs,2
deutschen,2
take,2
actual,2
recovery,2
voice,2
archive,2
full,2
raising,2
crook,2
quadrupled,2
accounted,2
victory,2
rebecca,2
caribbean,2
summer,2
plant,2
kept,2
palmerston,2
imagination,2
why,2
rippled,2
conclusions,2
annually,2
written,2
labour,2
parallel,2
ministero,2
examine,2
postwar,2
recommending,2
contracts,2
tendency,2
quarter,2
imported,2
mortality,2
concluded,2
caucasus,2
pasha,2
regained,2
wage,2
devote,2
delhi,2
independent,2
george,2
movements,2
maier,2
reasonable,2
primarily,2
independence,2
consul,2
reason,2
force,2
economists,2
lives,2
life,2
boulder,2
owned,2
furthered,2
responsible,2
construction,2
analysis,2
fall,2
stettin,2
enforced,2
fields,2
months,2
get,2
canada,2
pp,2
spun,2
cassels,2
matters,2
claims,2
family,2
acquired,2
share,2
initiated,2
historian,2
series,2
grand,2
bonded,2
extension,2
theme,2
optimistically,2
indebtedness,2
equipment,2
sustained,2
bales,2
portugal,2
highly,2
mutually,2
refused,2
intensive,2
chapman,2
steven,2
novel,2
expanding,2
depression,2
connection,2
ft,2
down,2
feed,2
then,2
contradictory,2
dalhousie,2
chairman,2
marshman,2
id,2
according,2
succeeded,2
purchase,2
ravinder,2
degler,2
lands,2
shipov,2
cause,2
poona,2
problem,2
rehearsals,2
substantial,2
burden,2
level,2
commissioner,2
supf,2
geographic,2
obtain,2
demanding,2
merchant,2
indebted,2
secured,2
treasury,2
rulers,2
reinforced,2
energies,2
frenise,2
tarleton,2
nile,2
strikingly,2
grant,2
finally,2
peru,2
argentinean,2
structuring,2
actively,2
afrique,2
disruption,2
piece,2
colo,2
off,2
haidarabad,2
ships,2
anonymous,2
am,2
profits,2
vi,2
potential,2
emptied,2
promyshlennost,2
haines,2
prospects,2
reached,2
era,2
th,2
janeiro,2
import,2
predictable,2
ownership,2
should,2
ca,2
pillars,2
roles,2
race,2
fir,1
woven,1
generaux,1
jahresbericht,1
sabbato,1
residing,1
intimately,1
go,1
moreno,1
abolition,1
portuguese,1
inikori,1
possessed,1
currently,1
allegedly,1
rallis,1
antoine,1
onnection,1
willie,1
child,1
page,1
flow,1
akola,1
industrielle,1
bisherige,1
bensel,1
symbolized,1
fraction,1
fertile,1
concerned,1
eia,1
estate,1
tariffs,1
names,1
woof,1
korean,1
opponent,1
embarked,1
postemancipation,1
ready,1
enmeshing,1
active,1
slaveholders,1
profitability,1
college,1
struggled,1
trans,1
sovereignties,1
announced,1
reckoning,1
jungle,1
spurred,1
yankee,1
botsman,1
venturesome,1
expect,1
prudent,1
unsuccessful,1
wo,1
globalization,1
discover,1
complex,1
integrity,1
mike,1
envisioned,1
kinds,1
alte,1
mehta,1
barman,1
zusammenhang,1
superb,1
essays,1
mad,1
prime,1
threatening,1
diversification,1
catastrophe,1
interets,1
erster,1
liashchenko,1
saxon,1
dominating,1
inconsistent,1
ministere,1
armando,1
keijiro,1
adventure,1
mersey,1
satisfied,1
perfect,1
douglass,1
duke,1
realities,1
collection,1
comparisons,1
justified,1
liberty,1
fixed,1
materiels,1
ripened,1
royal,1
gamble,1
organic,1
harsh,1
volkarts,1
italiana,1
title,1
malden,1
holding,1
guyana,1
embassy,1
harvests,1
middlemen,1
impede,1
village,1
something,1
cottonseed,1
beispiel,1
englewood,1
migration,1
leipzig,1
despatch,1
russische,1
interestingly,1
women,1
hoping,1
efficacy,1
journeys,1
midwife,1
pleaded,1
said,1
paulo,1
iw,1
priced,1
ballal,1
ooo,1
misgivings,1
ranis,1
revisited,1
wool,1
extraction,1
indischen,1
heel,1
implements,1
creation,1
subduing,1
posed,1
regeneration,1
hc,1
voices,1
discovers,1
exclusive,1
exaggerated,1
reoriented,1
path,1
attempts,1
usher,1
entangled,1
expectation,1
gazetteer,1
wildest,1
unpredictably,1
reduction,1
luiz,1
serpell,1
redford,1
seems,1
kaiserliches,1
missc,1
words,1
tion,1
gary,1
loom,1
tertyakov,1
reach,1
ubiquitous,1
ekonomicheskoe,1
jeanne,1
reexamined,1
continue,1
agrarian,1
domingue,1
broken,1
daily,1
artificial,1
poverty,1
sein,1
srednem,1
thank,1
gradual,1
potentially,1
acreage,1
marketable,1
pressed,1
rich,1
nineteen,1
rallies,1
prisoedinenie,1
inherent,1
link,1
onto,1
cobden,1
launched,1
hunting,1
piyim,1
whamcliffe,1
nationalism,1
peasantization,1
jumped,1
speeches,1
maurice,1
utter,1
failures,1
embrace,1
persistence,1
razvitie,1
loose,1
date,1
zu,1
stand,1
encasement,1
buenos,1
dispatches,1
raised,1
industrialisation,1
rui,1
classified,1
alike,1
profitable,1
reading,1
somewhat,1
gienapp,1
favoring,1
committed,1
volksleben,1
otsuka,1
techniques,1
behind,1
barajas,1
motivated,1
dbial,1
el,1
wisc,1
uu,1
citizenship,1
depends,1
havre,1
baton,1
departures,1
issue,1
inspectors,1
depending,1
dekkan,1
tripling,1
protagonists,1
harvest,1
forrester,1
sabha,1
eastern,1
prioleau,1
historica,1
bader,1
threads,1
histoire,1
matthew,1
severe,1
eic,1
encouraging,1
cassel,1
hall,1
ventures,1
erin,1
smallest,1
agronomists,1
deal,1
chapter,1
dong,1
felt,1
benefiting,1
prior,1
kew,1
authentic,1
vulnerable,1
pritchard,1
messrs,1
whom,1
sumter,1
slight,1
object,1
sale,1
assure,1
reaction,1
monopolists,1
etienne,1
nineteenthcentury,1
tupelo,1
statistica,1
magazine,1
vistas,1
tanzania,1
occurring,1
taking,1
variations,1
allemande,1
vekah,1
reminding,1
climax,1
dynamic,1
latecomer,1
consolidating,1
merican,1
anticipated,1
constrained,1
delegations,1
surged,1
decreasing,1
investing,1
financed,1
fitzgerald,1
bruxelles,1
economies,1
forged,1
prevented,1
baumwollexpedition,1
kaiserlichen,1
lestock,1
tied,1
leben,1
langleterre,1
sssr,1
succeed,1
amit,1
learned,1
complained,1
sarvajanik,1
dorrevoliutsionnoi,1
chapters,1
accessible,1
lackluster,1
centric,1
regularly,1
collapse,1
rehearsalfor,1
constructed,1
enslave,1
belgique,1
wheels,1
wirtschaftsprogram,1
proceeded,1
metzger,1
handel,1
forcing,1
spectrum,1
roger,1
dynamics,1
baumwollborse,1
tupper,1
points,1
tw,1
run,1
consumed,1
tex,1
converged,1
recasting,1
realized,1
mead,1
unpublished,1
g,1
minimum,1
retarded,1
caird,1
cotoniera,1
weaving,1
evils,1
peattie,1
club,1
sugata,1
whitney,1
issued,1
kolonie,1
cultural,1
labored,1
diplomats,1
jr,1
insisted,1
fabrics,1
ability,1
reshape,1
humboldt,1
masters,1
mild,1
expected,1
narratives,1
nr,1
ashworth,1
z,1
grundlage,1
sf,1
uii,1
norte,1
congregated,1
exponent,1
estimates,1
unity,1
cultivator,1
rank,1
cases,1
adjustment,1
economical,1
altogether,1
statistico,1
elements,1
jl,1
clark,1
commercialization,1
canal,1
vom,1
depend,1
severed,1
baumwollbau,1
statistische,1
memorandum,1
pierre,1
contrary,1
italiano,1
endeavoring,1
starved,1
channels,1
africans,1
bemoaned,1
extraordinary,1
races,1
fate,1
pravitel,1
allowing,1
reference,1
wiser,1
competitor,1
truly,1
estimate,1
parceled,1
citizens,1
sincerely,1
rosen,1
y,1
smugglers,1
kolonialwirtschaftliche,1
vincent,1
sin,1
designed,1
ingredient,1
look,1
traced,1
adult,1
hardly,1
acted,1
handelsund,1
competitive,1
efficient,1
unfortunate,1
continuity,1
loans,1
claude,1
contributing,1
capitals,1
purchasing,1
societies,1
alabama,1
similarly,1
awkward,1
mechanisms,1
efficiencies,1
stva,1
fort,1
khromov,1
sector,1
knoxville,1
geneva,1
khalfin,1
urged,1
revisit,1
added,1
bull,1
explorations,1
distrikt,1
hobsbawm,1
lehavre,1
lt,1
accompaniments,1
improved,1
rather,1
mbh,1
tt,1
camp,1
mattered,1
middling,1
destroy,1
federal,1
arising,1
generations,1
quellen,1
borrowers,1
debated,1
tribunals,1
museum,1
exploding,1
innerer,1
won,1
fair,1
defuse,1
turkmenistan,1
funds,1
una,1
nehru,1
politicians,1
maior,1
memories,1
requisite,1
risk,1
supplement,1
connected,1
depot,1
chambers,1
direct,1
ongoing,1
textil,1
algerie,1
special,1
envision,1
clayton,1
danger,1
fernie,1
kushma,1
overlooked,1
republicans,1
lafrique,1
stratifikation,1
supposed,1
paper,1
bleak,1
nominally,1
miers,1
demogrdficas,1
rebellion,1
sown,1
empires,1
utterly,1
battlefields,1
javier,1
clerk,1
monumental,1
facilitated,1
ensure,1
wanted,1
consider,1
underdeveloped,1
signed,1
khlopchatobumazhnoe,1
porcupine,1
sherer,1
dated,1
consolidate,1
repair,1
teaches,1
internationale,1
wrecked,1
passed,1
weather,1
equilibrium,1
bruce,1
contemporaries,1
geyer,1
annuaire,1
hastened,1
prevent,1
periodically,1
solid,1
orientation,1
converting,1
initiative,1
earnestly,1
superior,1
delta,1
commented,1
wire,1
recovered,1
prussian,1
annuario,1
electrified,1
encouragement,1
follow,1
readings,1
edinburgh,1
northrup,1
jahrgang,1
notions,1
peninsula,1
feudal,1
surge,1
sanford,1
problems,1
wartime,1
suffice,1
reorientation,1
method,1
victorian,1
aristocrats,1
shifted,1
exportorientierte,1
opinion,1
strategy,1
jawaharlal,1
drawing,1
filature,1
cut,1
excruciating,1
trying,1
banning,1
irrigation,1
whereas,1
ranges,1
uti,1
entwicklung,1
standards,1
formidable,1
sowie,1
vostoke,1
bullocks,1
mumbai,1
necessities,1
esq,1
suburbs,1
misses,1
societe,1
memory,1
aftermath,1
concentration,1
arrival,1
allow,1
glymph,1
entered,1
demise,1
gazetteerfor,1
skowronek,1
typical,1
rioted,1
combinations,1
coloured,1
plummeting,1
lived,1
changed,1
formation,1
hastily,1
facilitate,1
events,1
worker,1
vazhnost,1
tableau,1
brokers,1
collectively,1
emparer,1
conversed,1
communicating,1
hispanic,1
gottingen,1
duus,1
weed,1
ranking,1
irony,1
supporters,1
eased,1
chinese,1
informed,1
shall,1
equal,1
durham,1
let,1
receive,1
chevalier,1
ttw,1
staatsarchiv,1
posters,1
indirect,1
sharpened,1
appears,1
absorption,1
milton,1
torn,1
revive,1
cannot,1
promise,1
suffered,1
scale,1
energy,1
kang,1
neudamm,1
ldc,1
catapulting,1
your,1
judicial,1
lyons,1
factious,1
taught,1
procureurs,1
trough,1
throne,1
spain,1
accelerated,1
kroth,1
undersell,1
vo,1
impression,1
marshaling,1
preuflens,1
silver,1
aspects,1
improve,1
globally,1
staatswirtschaft,1
commitments,1
presented,1
bombardment,1
nichols,1
products,1
directly,1
provincial,1
feeding,1
followed,1
torgovli,1
urgency,1
kunreuther,1
revealed,1
makers,1
destinations,1
assistants,1
scope,1
chang,1
responding,1
reid,1
subscription,1
lords,1
striking,1
camel,1
farsighted,1
competing,1
unfinished,1
secret,1
actors,1
swirl,1
confirms,1
tenure,1
generalkonsulats,1
mitteilungen,1
feared,1
zollverein,1
minority,1
neutrality,1
reminded,1
shocking,1
booming,1
counterbalance,1
cordelio,1
precipitated,1
imperialismus,1
minute,1
greq,1
politica,1
older,1
fail,1
broad,1
partly,1
johann,1
figures,1
honorary,1
accumulation,1
survey,1
participated,1
stimulate,1
risks,1
friend,1
versus,1
call,1
ivan,1
verhandlungen,1
focuses,1
sao,1
sundell,1
everincreasing,1
newspaper,1
ultimately,1
indianapolis,1
stanford,1
jetztiger,1
president,1
week,1
graph,1
diverted,1
precipitously,1
connections,1
merseyside,1
gap,1
embargo,1
premiere,1
voiny,1
thrived,1
thread,1
oriental,1
mcmichael,1
staple,1
consumption,1
siecle,1
fanciful,1
eine,1
ensued,1
viable,1
ensnared,1
promyshlennosti,1
billion,1
tight,1
responsibility,1
solidified,1
savashiva,1
savage,1
suez,1
stage,1
volume,1
monopole,1
andreas,1
politik,1
lutas,1
tenn,1
comyn,1
stimulated,1
squarely,1
fallow,1
sharp,1
hura,1
celeste,1
event,1
bunge,1
overshadowed,1
oceans,1
holocausts,1
deutsches,1
enslaved,1
transport,1
underscoring,1
concerns,1
replace,1
primitive,1
folk,1
breaking,1
primary,1
plunged,1
maynes,1
met,1
decline,1
vacuum,1
suddenly,1
trabulsi,1
znacheniia,1
colmar,1
tended,1
amiya,1
philip,1
reeves,1
volkart,1
englishman,1
fully,1
delivered,1
bundesarchiv,1
progress,1
fellaheen,1
rtrov,1
introduced,1
results,1
notice,1
annali,1
cycle,1
notes,1
diminished,1
risod,1
cotone,1
inhabiting,1
evoked,1
sophistication,1
banques,1
massive,1
manuel,1
promising,1
altering,1
fiber,1
rehearsal,1
auteur,1
nations,1
limiting,1
appeal,1
survived,1
barbara,1
replacing,1
aurora,1
eternal,1
critical,1
achilles,1
telegraph,1
gustav,1
deplorable,1
xixe,1
indigenous,1
impartial,1
ramifications,1
provide,1
manzano,1
sancton,1
territorial,1
fraginals,1
baines,1
stuttgart,1
tively,1
hyperbole,1
utmost,1
cottonless,1
bred,1
interference,1
mahdi,1
identified,1
syed,1
ekonomicheskaia,1
proletariat,1
khoziaistva,1
experiencing,1
located,1
resisted,1
thavolia,1
limited,1
reichsamt,1
play,1
tried,1
return,1
wait,1
kurmu,1
appreciate,1
quintupled,1
impose,1
harris,1
ten,1
morozov,1
undermining,1
veracruz,1
giovanni,1
gaining,1
converted,1
grande,1
precolonial,1
judgment,1
expenditures,1
antislavery,1
domination,1
comments,1
studien,1
targeted,1
rebellions,1
madras,1
seemingly,1
hitherto,1
backed,1
hold,1
religious,1
bread,1
spectacular,1
powerfully,1
lisa,1
momentous,1
scarcity,1
switched,1
sideline,1
musterkolonie,1
opined,1
communications,1
outlets,1
pivotal,1
joshua,1
turmoil,1
relied,1
interpretation,1
incipient,1
komitees,1
fruition,1
arrangements,1
security,1
underdevelopment,1
intense,1
pood,1
erected,1
consuming,1
kovaia,1
sredneiaziei,1
exactly,1
elle,1
angola,1
discussions,1
evolved,1
seeing,1
fifth,1
tariff,1
challenged,1
us,1
calculations,1
confidence,1
boundary,1
disagreeable,1
perceived,1
pazhitnov,1
marshall,1
bernarr,1
participants,1
universelle,1
amtlicher,1
baumwollgesellschaft,1
perspectives,1
positively,1
assistance,1
continents,1
professor,1
shutting,1
hawley,1
baumwollanbaus,1
shifting,1
dropped,1
sharply,1
iiber,1
unscientifically,1
baltimore,1
lome,1
foresight,1
barely,1
cooke,1
hopes,1
reprint,1
chew,1
belonging,1
insights,1
traders,1
tsarskogo,1
pisco,1
algeria,1
disagree,1
unusually,1
collectorate,1
proclivities,1
williams,1
regional,1
baumwollenund,1
payments,1
perceptively,1
suzanne,1
evolve,1
sketch,1
transcaucasia,1
gotten,1
lee,1
investors,1
chagrin,1
fabulous,1
orhan,1
jae,1
members,1
entrepot,1
goals,1
quo,1
precocious,1
destitute,1
suit,1
unsustainable,1
frederick,1
compounded,1
limit,1
subcontinent,1
tar,1
mark,1
others,1
baptist,1
excepting,1
death,1
imperialist,1
redgrave,1
reporting,1
procured,1
domains,1
thereafter,1
towards,1
smith,1
azii,1
reichsenquete,1
herbert,1
cultivated,1
shows,1
quebra,1
foodstuffs,1
scholars,1
blocks,1
indies,1
aires,1
lodz,1
besso,1
documents,1
vision,1
whereon,1
choice,1
viii,1
amerikanskoi,1
sung,1
swift,1
veeser,1
francaise,1
warning,1
siderov,1
incorporation,1
pray,1
decennal,1
allemand,1
istorii,1
arthur,1
navy,1
doubt,1
descended,1
reckoned,1
istoriia,1
feedback,1
shores,1
muhammad,1
dependencies,1
audiences,1
starvation,1
terry,1
heft,1
legislation,1
patterns,1
readers,1
leviathan,1
italia,1
hop,1
devastating,1
journalists,1
apte,1
handing,1
signifying,1
broadslands,1
tributaires,1
model,1
telegraphic,1
competitors,1
existing,1
buyer,1
income,1
penalizing,1
interview,1
mutual,1
strategies,1
input,1
consular,1
necessary,1
conviction,1
deep,1
survival,1
nueva,1
remarked,1
paix,1
burdened,1
compelled,1
sell,1
ordinary,1
streets,1
shifts,1
compete,1
encountered,1
differentiation,1
woodman,1
day,1
socias,1
nicole,1
imperio,1
captive,1
swath,1
remove,1
argues,1
minded,1
lobbying,1
sir,1
able,1
demonstrated,1
status,1
kansas,1
feverish,1
recognizing,1
charivari,1
acteurs,1
extended,1
averaged,1
disease,1
atlantic,1
anbau,1
considering,1
effectiveness,1
birth,1
knopf,1
alliance,1
bergeron,1
quintessential,1
doomed,1
proconfederate,1
aspectos,1
maritime,1
nebol,1
argyll,1
extrapolated,1
formal,1
unsigned,1
arose,1
desperate,1
koh,1
advent,1
depended,1
holt,1
collided,1
manifestations,1
microfilm,1
canals,1
simla,1
unimaginably,1
dealt,1
croppers,1
politika,1
dependents,1
persisted,1
predominating,1
plantation,1
anlage,1
francis,1
factor,1
infusing,1
thurlow,1
questions,1
real,1
hour,1
engaged,1
auf,1
nothing,1
individuals,1
deputy,1
mosteller,1
mimerel,1
auswirtiger,1
statutes,1
verarbeitung,1
outpost,1
breakneck,1
rouge,1
netherlands,1
described,1
lopsided,1
auftrage,1
low,1
exertion,1
ermittelungen,1
remaining,1
modem,1
mishra,1
grew,1
fallacy,1
publication,1
puna,1
sezessionskrieges,1
catapulted,1
peloso,1
maintenance,1
co,1
gullible,1
fused,1
defense,1
function,1
austria,1
pavel,1
farms,1
static,1
obtained,1
stages,1
mountain,1
administrative,1
debtor,1
households,1
explosion,1
epoch,1
joined,1
standard,1
abundant,1
legacy,1
exporter,1
exchange,1
men,1
undertaken,1
subordinated,1
agriculturalists,1
ttan,1
dedicate,1
sentiment,1
coercive,1
promote,1
incapable,1
rudolph,1
divest,1
relation,1
averted,1
banish,1
successful,1
forcey,1
laxman,1
kappeler,1
nobody,1
attendant,1
alwin,1
mr,1
herzog,1
enmesh,1
oppel,1
blockaded,1
anthony,1
dominance,1
thie,1
hume,1
erivan,1
alter,1
jlikjl,1
morris,1
authorship,1
corners,1
occupied,1
prerequisites,1
literally,1
relative,1
persuading,1
insignificant,1
landwirtschaft,1
quarterly,1
tenfold,1
remarkable,1
controversial,1
anatolia,1
anomaly,1
vorarlberg,1
importer,1
division,1
studio,1
radiating,1
landholdings,1
tropenpflanzer,1
talked,1
ranging,1
wodwi,1
midcentury,1
dominate,1
unstable,1
principled,1
soziale,1
luise,1
fueled,1
surpassed,1
debtors,1
me,1
absorbing,1
today,1
transformations,1
education,1
peonage,1
raise,1
alla,1
science,1
bold,1
opportunism,1
zealously,1
five,1
stockport,1
criminal,1
inahr,1
buyers,1
relieved,1
dharwar,1
staples,1
schnitzler,1
foster,1
promotional,1
alsatian,1
stocks,1
employment,1
untersttitzung,1
amt,1
batou,1
habsburg,1
deaths,1
banjaras,1
obviate,1
europeennes,1
bulletin,1
predict,1
becomes,1
dimensions,1
dehn,1
interfere,1
fils,1
fs,1
eabritan,1
lawrence,1
threaten,1
paradoxical,1
try,1
indicate,1
dietrich,1
delo,1
worlds,1
preufiens,1
norton,1
fe,1
objections,1
baron,1
equaled,1
coloniale,1
staged,1
ing,1
mother,1
extremely,1
bayly,1
civilization,1
mosley,1
articles,1
arts,1
advancer,1
dana,1
saxonhouse,1
princes,1
investigate,1
ostensibly,1
joseph,1
disruptions,1
immensely,1
stable,1
addressed,1
detail,1
stephen,1
consigning,1
school,1
revolutionized,1
bates,1
meant,1
seine,1
infusion,1
enterprising,1
any,1
romanovskii,1
practice,1
terrible,1
cantar,1
breach,1
plan,1
lessons,1
underpinned,1
broke,1
dislocations,1
conclusion,1
accordance,1
intensification,1
khludov,1
mercantile,1
needs,1
shefter,1
predictions,1
onset,1
chaptal,1
mobilized,1
vtoroi,1
potter,1
vliianie,1
known,1
exposition,1
donna,1
isaac,1
grazing,1
rival,1
regime,1
roderick,1
droughts,1
supported,1
spots,1
economicas,1
barings,1
moser,1
carl,1
md,1
richesse,1
tremel,1
russkaia,1
sweden,1
wahrend,1
established,1
set,1
poorest,1
bright,1
cliffs,1
cyrus,1
winterthur,1
defining,1
relaxation,1
eli,1
natural,1
assault,1
shipment,1
introducing,1
books,1
sure,1
rear,1
illuminate,1
gazette,1
noi,1
guaranteed,1
perceptive,1
havoc,1
rented,1
lenders,1
specialized,1
organized,1
assumed,1
chetverti,1
interested,1
accustomed,1
tandem,1
klein,1
stressed,1
returns,1
exceptional,1
counting,1
foundation,1
ideological,1
ugo,1
losses,1
flies,1
clearly,1
obviously,1
guy,1
leeway,1
countering,1
rely,1
kraus,1
enforcing,1
precarious,1
reflected,1
cities,1
fourfold,1
urabi,1
proclaiming,1
distinctive,1
ramon,1
las,1
schofield,1
passage,1
living,1
senate,1
belabored,1
burzhuaziia,1
insistent,1
ladies,1
born,1
draw,1
suffering,1
usurer,1
jean,1
dispersed,1
asunder,1
answered,1
proceedings,1
carefully,1
warp,1
bigwood,1
combined,1
spatial,1
means,1
sawa,1
laying,1
namely,1
intervened,1
orleans,1
pesaro,1
mcgirr,1
violent,1
rebelled,1
erupted,1
map,1
manuscripts,1
protective,1
ruin,1
theory,1
souto,1
unrest,1
penetration,1
leaving,1
adaptation,1
parliament,1
understandably,1
annexed,1
zur,1
occasions,1
chao,1
outono,1
periphery,1
dissecting,1
extract,1
algodon,1
complain,1
institute,1
finance,1
studying,1
hyde,1
minster,1
orizaba,1
treatises,1
listed,1
bagchi,1
scenarios,1
suggests,1
mercantilist,1
dedication,1
threat,1
hundreds,1
inability,1
afoot,1
togoland,1
ses,1
millions,1
temps,1
middle,1
rockefeller,1
popular,1
searched,1
hurst,1
marking,1
yeoman,1
persistently,1
capable,1
varieties,1
boldly,1
modernizing,1
multiple,1
extracts,1
peace,1
kin,1
emperor,1
tesktil,1
scramble,1
revolutions,1
estudio,1
exorbitant,1
republic,1
duty,1
convinced,1
williamson,1
bourgeois,1
plans,1
exerted,1
administration,1
simply,1
subaltern,1
unsere,1
therefore,1
rationale,1
quilos,1
missionary,1
behest,1
possessions,1
grossberg,1
habakkuk,1
motivate,1
disrupted,1
maintained,1
soldiers,1
au,1
writing,1
ho,1
rendre,1
sparked,1
benaerts,1
remarks,1
kuhn,1
prepared,1
reshaping,1
shorter,1
repay,1
leonid,1
moulvie,1
heaviest,1
shown,1
tell,1
multiethnic,1
annihilation,1
drafts,1
commercial,1
contractual,1
unable,1
telegraphs,1
fi,1
difference,1
industrias,1
nominal,1
narodnogo,1
zones,1
wochenschriftfuer,1
sensibilities,1
duval,1
argentina,1
ihrer,1
numerous,1
stiftung,1
zum,1
samuel,1
pons,1
aware,1
latham,1
moya,1
motives,1
memo,1
origines,1
sebald,1
approximately,1
mobilizing,1
americas,1
employer,1
stellung,1
integrated,1
handsomely,1
cooper,1
gewerbekammer,1
enabling,1
usa,1
canadian,1
upside,1
baumwollzucht,1
product,1
gerhart,1
thomson,1
motie,1
sprangue,1
regular,1
meiji,1
you,1
defined,1
tellingly,1
leiden,1
cantars,1
plentiful,1
saint,1
area,1
shelkovaia,1
measured,1
madison,1
enclosure,1
fine,1
superintendent,1
secolo,1
offered,1
copeland,1
mounting,1
vinod,1
islamogluinan,1
bose,1
spectator,1
substitute,1
removing,1
rest,1
harlow,1
close,1
galvarriato,1
goundey,1
myers,1
elites,1
strategic,1
consisted,1
landlords,1
commodity,1
gettysburg,1
chicago,1
tombesi,1
peasantry,1
fonds,1
appealed,1
recognized,1
paralyzing,1
fears,1
exclusively,1
valley,1
severely,1
sheer,1
interaction,1
nino,1
abandoned,1
glance,1
postan,1
seek,1
ss,1
cosmopolitan,1
pulling,1
sociais,1
regulated,1
alejandro,1
alternative,1
tract,1
asked,1
resources,1
penal,1
workings,1
draft,1
household,1
deserts,1
