WORDCOUNTS,WEIGHT
the,533
of,416
in,281
and,269
a,133
czech,124
to,122
history,75
prague,66
historical,59
historians,57
were,56
as,52
was,50
on,49
by,43
from,42
research,41
for,37
that,36
political,35
not,35
their,33
with,31
national,31
at,27
czechoslovakia,27
or,27
official,25
slovak,24
be,24
modern,22
historiography,22
than,22
most,20
an,20
after,20
more,19
v,19
czechs,17
before,17
century,17
this,17
new,17
review,16
czechoslovak,16
during,16
see,16
is,16
it,15
they,15
american,15
german,15
published,15
sciences,15
between,15
had,14
europe,14
world,14
october,14
but,14
social,14
academy,14
other,14
austrian,14
even,13
communist,13
did,13
urban,13
group,12
nineteenth,12
first,12
bohemia,12
central,12
among,12
all,11
s,11
war,11
its,11
also,11
time,11
germans,11
eds,11
which,11
state,11
who,11
years,11
have,11
historicky,11
lands,10
some,10
conception,10
journal,10
university,10
zone,10
josef,10
society,10
only,10
der,10
one,9
institutes,9
ethnic,9
no,9
without,9
conceptions,9
international,9
cultural,9
two,9
universities,9
appeared,9
outside,9
been,9
articles,9
jan,9
themselves,9
groups,8
into,8
moravia,8
vols,8
book,8
nationalism,8
development,8
changes,8
problems,8
frantisek,8
well,8
work,8
about,8
these,8
many,8
scholars,8
contemporary,8
three,8
period,8
publishing,8
habsburg,8
institutions,8
countries,8
any,8
are,8
them,8
middle,8
until,8
jiri,8
bohemian,7
against,7
de,7
however,7
part,7
nation,7
discussions,7
revolution,7
several,7
und,7
activities,7
idea,7
less,7
foreign,7
nationalist,7
krail,7
opinions,7
vienna,6
purs,6
ii,6
i,6
written,6
those,6
since,6
hroch,6
young,6
would,6
generation,6
lemberg,6
important,6
place,6
contrast,6
cvasopis,6
monarchy,6
revival,6
under,6
culture,6
remained,6
previous,6
publication,6
study,6
kutnar,6
european,6
independent,6
volumes,6
life,6
has,6
jaroslav,6
particularly,6
past,6
although,6
zdenek,5
position,5
able,5
there,5
stoleta,5
dissidents,5
west,5
petr,5
soviet,5
contributions,5
brno,5
established,5
hussite,5
my,5
radical,5
late,5
public,5
having,5
samizdat,5
small,5
few,5
eeske,5
results,5
nations,5
various,5
community,5
slovaks,5
took,5
free,5
vaclav,5
miroslav,5
dissident,5
kfen,5
country,5
very,5
geschichte,5
works,5
scholarly,5
problem,5
tdbor,5
hans,5
identity,4
germany,4
large,4
essays,4
approaches,4
studies,4
leading,4
great,4
last,4
slovakia,4
rak,4
such,4
relatively,4
developments,4
stimulating,4
traditions,4
l,4
special,4
could,4
population,4
because,4
closed,4
journals,4
tabor,4
minority,4
participated,4
et,4
regions,4
successful,4
republic,4
economic,4
limited,4
teaching,4
husitsky,4
party,4
majority,4
structures,4
pressure,4
reformed,4
yearbook,4
where,4
books,4
number,4
own,4
conditions,4
jifi,4
general,4
allowed,4
methods,4
continued,4
five,4
often,4
easopis,4
circumstances,4
half,4
ideological,4
institute,4
almost,4
koralka,4
ceske,4
november,4
scholarship,4
early,4
otto,4
declared,3
medieval,3
culminated,3
e,3
sphere,3
being,3
long,3
interests,3
seems,3
advantage,3
together,3
government,3
substantive,3
within,3
system,3
historica,3
labor,3
totalitarian,3
neighbors,3
relations,3
acta,3
marxism,3
cases,3
old,3
publications,3
influence,3
reviews,3
developed,3
ceskoslovensky,3
connected,3
k,3
house,3
milan,3
bohmischen,3
graus,3
deyl,3
m,3
decades,3
reflections,3
came,3
found,3
das,3
out,3
intellectuals,3
im,3
oder,3
though,3
historicke,3
conferences,3
facilities,3
abroad,3
received,3
brought,3
example,3
normalization,3
year,3
people,3
goll,3
regional,3
opava,3
probleme,3
good,3
least,3
casopis,3
working,3
atmosphere,3
koiralka,3
when,3
up,3
critical,3
situation,3
return,3
onward,3
above,3
alongside,3
den,3
dejiny,3
included,3
ed,3
industrial,3
his,3
fundamental,3
do,3
present,3
na,3
empire,3
jobs,3
einer,3
discussion,3
restrictions,3
writings,3
including,3
novodobe,3
ideas,3
nevertheless,3
students,3
high,3
communists,3
qualities,3
hungarian,3
can,3
professional,3
circle,3
movements,3
primarily,3
means,3
horska,3
education,3
considered,3
fifteen,3
regime,3
supported,3
over,3
roku,3
bratislava,3
merely,3
better,3
bohumil,3
odboj,3
while,3
influenced,3
des,3
periodicals,3
both,3
role,3
much,3
lacina,3
spring,3
zum,3
specialists,3
colleagues,3
charles,3
traditional,3
broader,3
archives,2
o,2
struggle,2
evaluations,2
common,2
way,2
scholar,2
created,2
career,2
ferdinand,2
jirz,2
linguistic,2
bei,2
karel,2
schools,2
english,2
favor,2
conscious,2
considerations,2
former,2
policy,2
western,2
biographical,2
du,2
negative,2
fifteenth,2
historick,2
attempts,2
military,2
attempt,2
zema,2
parties,2
attractive,2
capitalist,2
geopolitical,2
hundred,2
survey,2
take,2
kingdom,2
help,2
achieved,2
readiness,2
context,2
eastern,2
east,2
key,2
spectrum,2
firm,2
demography,2
zur,2
cooperation,2
pavla,2
mutual,2
obvious,2
headed,2
far,2
tradice,2
regarding,2
chapters,2
kultuie,2
quality,2
interest,2
prohibitions,2
ern,2
jirii,2
vlastislav,2
forced,2
progressive,2
kofalka,2
venerable,2
profound,2
houses,2
effective,2
plzefi,2
monika,2
kropilak,2
plzen,2
recognized,2
hamburg,2
rather,2
influential,2
minorities,2
expelled,2
parts,2
von,2
exceptional,2
suppression,2
romantic,2
biased,2
proved,2
consciousness,2
edition,2
n,2
eveske,2
solid,2
age,2
democratic,2
efficient,2
otahal,2
friends,2
union,2
greater,2
parallel,2
siele,2
based,2
conservative,2
entered,2
neighboring,2
same,2
occupation,2
furthermore,2
historaicky,2
europa,2
produced,2
analogous,2
zahranieni,2
animated,2
periodical,2
prehled,2
looks,2
writers,2
prominent,2
autonomous,2
knowledge,2
edn,2
galandauer,2
continuation,2
older,2
issues,2
partly,2
historische,2
bucharest,2
publish,2
participate,2
approach,2
hungary,2
change,2
eine,2
presented,2
field,2
responsibility,2
socialist,2
geburtstag,2
transfer,2
distinguished,2
methodological,2
value,2
newly,2
provided,2
moravian,2
sbornik,2
f,2
he,2
san,2
second,2
variety,2
populations,2
identified,2
comparative,2
vyvoj,2
bloc,2
still,2
intervention,2
domination,2
gyorgy,2
moravske,2
podiven,2
criticism,2
thought,2
eeskd,2
conflictual,2
proudy,2
collective,2
rise,2
members,2
matice,2
again,2
fact,2
longer,2
departments,2
teachers,2
break,2
gray,2
end,2
hand,2
remarkable,2
existing,2
establish,2
kren,2
charter,2
distance,2
local,2
meetings,2
crown,2
difference,2
classes,2
understanding,2
vast,2
stuttgart,2
made,2
universitatis,2
active,2
previously,2
contacts,2
prevailed,2
glettler,2
deutschen,2
decentralization,2
interethnic,2
dismissed,2
nad,2
open,2
authors,2
tvorby,2
studie,2
august,2
eve,2
times,2
like,2
wish,2
pavel,2
stereotyp,2
exchange,2
especially,2
nationality,2
awakening,2
topics,2
seibt,2
reformist,2
investigations,2
la,2
separate,2
nationalen,2
tschechoslowakische,2
surpassed,2
patriotic,2
ideology,2
support,2
widespread,2
resumed,2
force,2
incompatible,2
class,2
inspired,2
unusual,2
austria,2
school,2
then,2
labem,2
following,2
dispersed,2
series,2
beside,2
munich,2
differentiated,2
each,2
capital,2
best,2
pokorny,2
printed,2
regard,2
dejindch,2
impossible,2
privileged,2
liberal,2
reflected,2
february,2
beginning,2
outlook,2
according,2
form,2
thirty,2
passed,2
theory,2
ceased,2
extent,2
korfalka,2
tschechischen,2
must,2
develop,2
tried,2
rigid,2
went,2
resistance,2
ceskych,2
prepared,2
background,2
disposal,2
twentieth,2
states,2
kultufe,2
area,2
socialism,2
francisco,2
reformation,2
comparison,2
assumed,2
c,2
marxist,2
nejedly,2
given,2
abandoned,2
immediately,2
southeastern,2
pekats,1
anderle,1
disciple,1
does,1
vemdomz,1
now,1
geschichtsintegration,1
allegedly,1
unrestrained,1
deny,1
load,1
polish,1
sterile,1
heroic,1
concerned,1
meaning,1
schulliteratur,1
djiny,1
dictate,1
revue,1
peaceful,1
market,1
extreme,1
resulted,1
litsch,1
asleep,1
presses,1
announced,1
propagation,1
alone,1
collegium,1
eskoslovenskeho,1
krdlove,1
berlin,1
dogmatic,1
center,1
complex,1
denied,1
jews,1
fate,1
specific,1
tend,1
terminated,1
word,1
disciples,1
jiff,1
znamena,1
library,1
asserted,1
systematizes,1
summaries,1
federal,1
strictly,1
sozialgeschichtliche,1
bias,1
club,1
susta,1
advisory,1
frantigek,1
decade,1
jirirak,1
loewenstein,1
allies,1
occurred,1
detrimental,1
storoey,1
divadlo,1
straitened,1
assume,1
source,1
proclamation,1
themes,1
dictionaries,1
meznik,1
predominantly,1
reprinted,1
consistent,1
liberdlntho,1
sit,1
idedl,1
decidedly,1
vergleichende,1
sources,1
surmounted,1
modest,1
expertise,1
every,1
zpado,1
frankfurt,1
commissions,1
nove,1
preceding,1
minulost,1
dolezal,1
regeneration,1
silesian,1
esi,1
exile,1
processes,1
taken,1
petranv,1
verlorenen,1
turbulent,1
promoting,1
worked,1
confederation,1
drivers,1
prestigious,1
nature,1
bloomington,1
reestablish,1
thus,1
bild,1
wank,1
immense,1
prejudices,1
scientists,1
individuals,1
leaders,1
secondary,1
thank,1
differences,1
nitsche,1
wave,1
origin,1
producing,1
citizens,1
prize,1
fruits,1
chroniclers,1
accommodated,1
czechoslovakla,1
chosen,1
trieste,1
taibor,1
onto,1
full,1
composition,1
dfjindch,1
cathleen,1
religion,1
eseja,1
deemed,1
wealthy,1
pekat,1
iconoclasm,1
benediktbeuern,1
carolinum,1
date,1
greatly,1
fait,1
opposite,1
wandlungen,1
meral,1
wolfram,1
hostile,1
guards,1
daniel,1
loyalty,1
legend,1
spolei,1
posts,1
plaschka,1
slip,1
issue,1
nost,1
preventing,1
governmental,1
inseparable,1
existence,1
iii,1
reawakened,1
spoluprace,1
task,1
advice,1
historaickeho,1
translations,1
slovo,1
hospoddr,1
discuss,1
spoleenosti,1
march,1
drastic,1
austriahungary,1
demographique,1
vol,1
wonders,1
opened,1
capable,1
politics,1
concentrating,1
mirjam,1
pleasant,1
characterize,1
fritz,1
clav,1
chartered,1
accommodation,1
foreigners,1
powers,1
richard,1
boldt,1
zusammenhinge,1
taking,1
interdisciplinary,1
eskef,1
except,1
supervision,1
koruny,1
birth,1
dynamic,1
apply,1
persecuted,1
heretical,1
smetana,1
volksversicherung,1
smeral,1
doby,1
analyse,1
demografie,1
split,1
manuscript,1
human,1
oesterreichs,1
conflict,1
zeitschrift,1
isopis,1
jin,1
iren,1
eurocommunism,1
explained,1
immediate,1
seventy,1
pursue,1
professor,1
alternately,1
due,1
volkern,1
spoleenost,1
unpublished,1
sociale,1
eduard,1
spoleevnost,1
danube,1
stoletf,1
reflection,1
characteristic,1
dozen,1
bedrich,1
santa,1
issued,1
walter,1
uiisti,1
expected,1
brotherly,1
slovenes,1
kind,1
stredni,1
guided,1
priority,1
doba,1
popularization,1
ostrava,1
gibt,1
mistakes,1
concerning,1
infrequently,1
sonderheft,1
editing,1
inspirational,1
jarmila,1
odsun,1
inclusion,1
devjiny,1
radio,1
lineage,1
assertive,1
characterized,1
libraries,1
compare,1
nationalitdtenfrage,1
baroque,1
consequently,1
politiky,1
kurzanzeigen,1
selbstbild,1
leadership,1
occasion,1
ruinous,1
tolerance,1
acted,1
frank,1
compromise,1
continuity,1
paralleling,1
referring,1
gindely,1
prumysl,1
readable,1
jurist,1
aristocracy,1
languages,1
higher,1
aim,1
maschl,1
rights,1
surprisingly,1
opposed,1
poor,1
tribal,1
interesting,1
authority,1
profoundly,1
alleged,1
york,1
coje,1
creationis,1
patriotischen,1
act,1
zacek,1
slovenska,1
recensements,1
camp,1
purely,1
majorities,1
generations,1
faults,1
reinhold,1
feskoslovenska,1
museum,1
basic,1
nemec,1
ornej,1
process,1
communism,1
neglected,1
lasting,1
precluded,1
socidlna,1
completely,1
represented,1
suffer,1
catholics,1
opportunity,1
belina,1
deprived,1
hospoda,1
dejepisectv,1
lasted,1
legal,1
similar,1
importance,1
direct,1
comeniana,1
rapant,1
distant,1
feel,1
productive,1
awareness,1
consequences,1
factors,1
front,1
moreover,1
supposed,1
unfavorably,1
serfs,1
staatssystemen,1
plze,1
havranek,1
pokus,1
understand,1
category,1
brunswick,1
battlefields,1
elements,1
maintaining,1
circulated,1
havrainek,1
repellent,1
cause,1
bremen,1
les,1
histoty,1
burzoazie,1
retained,1
literary,1
organized,1
cdesi,1
nbnci,1
finding,1
elsewhere,1
horsk,1
glorious,1
streetcar,1
historickd,1
orientation,1
four,1
outspoken,1
communities,1
tschechentums,1
resource,1
legends,1
origins,1
surface,1
follow,1
obstacles,1
droit,1
macrostructures,1
bookkeepers,1
galicia,1
expulsion,1
destructive,1
kural,1
dominant,1
syntheses,1
article,1
projected,1
etude,1
preference,1
trained,1
view,1
myths,1
methodology,1
conflicts,1
brod,1
vaiclav,1
reform,1
whereas,1
character,1
result,1
advance,1
serving,1
acceptable,1
rivals,1
europas,1
zrcadlo,1
gesellschaft,1
newspapers,1
blamed,1
appearance,1
fortunes,1
histories,1
rule,1
osm,1
jewish,1
begun,1
p,1
lidovd,1
fellner,1
treason,1
lived,1
demands,1
monarchies,1
praha,1
pfiroda,1
unofficial,1
rooms,1
internationalist,1
pichlik,1
events,1
osteuropa,1
technika,1
heindrun,1
vigorous,1
reactionary,1
oberklassenlehrbuch,1
further,1
klub,1
urgent,1
equal,1
italians,1
third,1
bevilkerungsgeschichte,1
purge,1
dynasty,1
afforded,1
annales,1
persons,1
revive,1
benes,1
scale,1
monograph,1
grounds,1
contesting,1
representatives,1
exploration,1
opposition,1
revived,1
duly,1
zdpadna,1
slovenskiho,1
possibility,1
directly,1
impression,1
biographies,1
failure,1
sites,1
evropa,1
usti,1
hopeful,1
throne,1
changeable,1
none,1
participation,1
basis,1
future,1
literature,1
slovensko,1
bewegung,1
preconditions,1
mitteleuropa,1
phenomena,1
reestablished,1
concept,1
prompted,1
stokers,1
jir,1
eeskych,1
stir,1
civil,1
esp,1
studia,1
kapras,1
positions,1
criticized,1
ten,1
surprise,1
whole,1
docent,1
eeskt,1
travel,1
broad,1
reiman,1
concentrate,1
tschechoslowakischen,1
nach,1
bedfich,1
krien,1
melantrich,1
personal,1
away,1
cvesky,1
legislation,1
plurality,1
appreciated,1
anything,1
il,1
historiographic,1
employment,1
project,1
president,1
status,1
prihoda,1
bohumir,1
currents,1
assembly,1
trends,1
patriots,1
graduate,1
sprang,1
premiere,1
bodies,1
asopis,1
picture,1
tone,1
solution,1
arise,1
correct,1
caused,1
constituent,1
questionable,1
historickf,1
things,1
dejin,1
philosophers,1
dictionary,1
politically,1
television,1
vznik,1
eornej,1
standpoint,1
sharp,1
traum,1
typ,1
involved,1
around,1
kapitalismus,1
burmeister,1
nationalismus,1
autonomy,1
slovenskeho,1
giustino,1
ignore,1
driving,1
june,1
musicologist,1
feelings,1
multinational,1
nationbuilding,1
kniznice,1
temporary,1
hojda,1
comenius,1
sudeten,1
usual,1
widely,1
yielded,1
lifework,1
dedicated,1
symposia,1
managed,1
ek,1
coordinate,1
progress,1
autrichiennes,1
progressed,1
introduced,1
paid,1
using,1
protectorate,1
peculiar,1
roots,1
magyar,1
hradec,1
nationsbildung,1
valuable,1
disturbing,1
narodnam,1
promising,1
avoid,1
unimaginable,1
survived,1
barbara,1
multiplying,1
eternal,1
uncommon,1
medievalist,1
defended,1
originally,1
poland,1
xixe,1
timeless,1
finances,1
georg,1
esk,1
budejovice,1
academia,1
rivalries,1
interference,1
short,1
gradual,1
bourgeois,1
drama,1
located,1
ueberlegungen,1
composer,1
gesellschaftlichen,1
admirable,1
intended,1
vzpominka,1
classic,1
anniversary,1
gallery,1
obrozena,1
interdependence,1
exception,1
moravev,1
reorganization,1
forbidden,1
april,1
oppressed,1
make,1
initially,1
kulture,1
movement,1
minulosti,1
za,1
nasich,1
reception,1
va,1
religious,1
direction,1
positive,1
single,1
antonin,1
vergangenheit,1
breuilly,1
heretics,1
once,1
ke,1
depicted,1
misuse,1
tolerated,1
lagged,1
historiku,1
fair,1
examined,1
sociologists,1
tutors,1
financial,1
predecessor,1
malir,1
slezsky,1
acting,1
assimilation,1
pfehledn,1
homogeneous,1
distinguishable,1
transformations,1
ethnologists,1
editions,1
heirs,1
dropped,1
sharply,1
giessen,1
dan,1
al,1
provocative,1
illustrated,1
forcefully,1
department,1
reports,1
congresses,1
toronto,1
typed,1
devjepisectvi,1
verstehen,1
faster,1
useful,1
testimony,1
volume,1
parliamentary,1
robek,1
organizations,1
leader,1
museums,1
solomon,1
eskfch,1
heritage,1
temporarily,1
stronger,1
macura,1
husitske,1
toward,1
fin,1
preserve,1
conceived,1
belligerent,1
addition,1
experienced,1
projects,1
nationsal,1
exaggeration,1
ban,1
emotions,1
efforts,1
usefulness,1
conformity,1
communal,1
lack,1
admit,1
kiren,1
treatment,1
insinuated,1
tolerate,1
creative,1
afraid,1
smetany,1
letech,1
mrtva,1
daily,1
john,1
fallen,1
personality,1
granting,1
everything,1
substantially,1
contends,1
considerable,1
warmly,1
discussed,1
honor,1
jako,1
forms,1
ages,1
readers,1
everyday,1
paris,1
narod,1
russophilism,1
antagonism,1
dlova,1
rapid,1
thirties,1
attempting,1
ch,1
olomouc,1
geschichtsbuch,1
necessary,1
conviction,1
kofenum,1
eeski,1
palacky,1
uloha,1
manuals,1
encountered,1
remarkably,1
outlines,1
boat,1
degree,1
otaihal,1
imagine,1
demonstrated,1
greatest,1
smahel,1
situated,1
art,1
indiana,1
examples,1
considering,1
treated,1
eighteenth,1
sober,1
values,1
sides,1
mtszdros,1
region,1
oesterreichische,1
translation,1
revoluce,1
ruling,1
derfeudalen,1
services,1
affirmations,1
expand,1
concern,1
top,1
politika,1
lecture,1
significant,1
moitie,1
use,1
along,1
alien,1
largely,1
unfair,1
omnipresent,1
dalmatia,1
blocking,1
engaging,1
wagnleitner,1
congress,1
emigrated,1
prominently,1
vky,1
koncepce,1
hnuta,1
evolution,1
vladimir,1
engaged,1
auf,1
nothing,1
dbmographie,1
exerted,1
taboos,1
diskuse,1
lucrative,1
theoretical,1
continuities,1
described,1
bez,1
neuzeitlichen,1
uhersky,1
rejected,1
ties,1
pekar,1
significance,1
clear,1
stoleti,1
bibliographies,1
prehledne,1
communicated,1
comprehensive,1
peripheral,1
hampered,1
profession,1
definitely,1
essay,1
peter,1
defense,1
symposium,1
trailer,1
vyvojpojmu,1
so,1
fidelity,1
eskoslovensku,1
function,1
trentino,1
reinbek,1
kleinen,1
moravcova,1
tajemstva,1
gesellschaftsgeschichte,1
kraje,1
keen,1
attributing,1
delntku,1
enriched,1
commentaries,1
spent,1
hardships,1
proudu,1
faith,1
kronik,1
vorkampfer,1
peripheralized,1
ldndern,1
systems,1
promote,1
fska,1
textbooks,1
alpine,1
sense,1
editors,1
become,1
relation,1
interpretations,1
eugen,1
delnicka,1
enjoyed,1
structure,1
january,1
enemies,1
postwar,1
eskiho,1
northern,1
pesek,1
industrialization,1
bearer,1
cologne,1
engagement,1
joint,1
quarterly,1
evaluated,1
iiva,1
rainki,1
attention,1
ubomir,1
hague,1
oberlander,1
unified,1
socialismu,1
fostered,1
culmination,1
pohl,1
zemich,1
historickl,1
dealing,1
stara,1
space,1
kulturna,1
fifty,1
discussing,1
negotiations,1
autumn,1
republiky,1
me,1
today,1
belonged,1
mesto,1
ostensible,1
tastna,1
undisputed,1
herwig,1
mixture,1
assert,1
crucial,1
biograficky,1
darstellung,1
evropske,1
dreamed,1
naturally,1
impressive,1
claimed,1
lines,1
attitude,1
fewer,1
insufficient,1
independence,1
lost,1
slovntk,1
army,1
seen,1
affinity,1
husitstvf,1
strongly,1
festschriftffirjan,1
began,1
effectively,1
basel,1
schichtung,1
stdkl,1
monopolize,1
relevant,1
originated,1
emigraci,1
try,1
gawrecki,1
gegenwart,1
antiquity,1
suche,1
es,1
povmdomf,1
dans,1
analysis,1
existed,1
frontier,1
respect,1
harshly,1
supporting,1
centuries,1
months,1
heathens,1
psychiatrist,1
itself,1
oblasti,1
mirror,1
osthefte,1
pressures,1
joseph,1
detail,1
claims,1
autrichiens,1
cesty,1
acquired,1
husitsk,1
laborer,1
historique,1
stereotyped,1
presidency,1
share,1
contained,1
wars,1
authorities,1
shadow,1
rarely,1
occasional,1
husitologicke,1
historian,1
nafe,1
reciproque,1
conclusion,1
stdtu,1
kultura,1
biography,1
founded,1
contradiction,1
demonstrate,1
simply,1
extensive,1
bohumar,1
scarcely,1
provinces,1
separately,1
pithart,1
zdpadni,1
historischen,1
besides,1
burdensome,1
organizational,1
unseemly,1
internacionali,1
favorably,1
eskoslovenske,1
intellectual,1
konfliktnispolecenstvi,1
readily,1
drei,1
interrupted,1
hioary,1
scientist,1
specialized,1
different,1
deleted,1
december,1
interested,1
innovations,1
board,1
disillusionment,1
specially,1
down,1
unprivileged,1
versuche,1
michal,1
constructions,1
current,1
prumyslove,1
followers,1
foundation,1
rivalry,1
unter,1
eskoslovensky,1
ascension,1
bildungsgeschichte,1
thaw,1
disputes,1
pour,1
rural,1
just,1
landern,1
macrostructural,1
living,1
type,1
absolutely,1
propitious,1
sympozium,1
evident,1
turned,1
growing,1
mimeographed,1
cesk,1
helping,1
defending,1
franti,1
sozialversicherung,1
economy,1
erwin,1
czechspeaking,1
carefully,1
geschichtsbild,1
month,1
circles,1
unique,1
interwar,1
terms,1
prefers,1
cab,1
accounts,1
calif,1
particular,1
statistiques,1
ich,1
slovenske,1
textbook,1
festschriftfiir,1
petra,1
appropriated,1
soukup,1
liptaik,1
miru,1
pursued,1
popul,1
gruppen,1
produce,1
awarded,1
resolutely,1
brigitte,1
marriages,1
bewusstsein,1
incorporated,1
substantial,1
patriotism,1
umemni,1
finished,1
popular,1
resurrecting,1
conference,1
researchers,1
outline,1
intention,1
level,1
emancipation,1
multiple,1
watched,1
surveys,1
through,1
decisive,1
emperor,1
elucidate,1
became,1
persecutionis,1
publishers,1
unrealistic,1
concessions,1
predecessors,1
die,1
subject,1
durable,1
mista,1
prumyslovd,1
pragensis,1
protestants,1
eske,1
silesia,1
krize,1
historii,1
ujstecky,1
pole,1
isolated,1
takeover,1
ensuing,1
writing,1
ho,1
iconoclastic,1
ein,1
ummni,1
pitspe,1
examinations,1
emigrace,1
question,1
literatur,1
bohemica,1
acceptability,1
tschechoslowakei,1
seit,1
strana,1
frontiers,1
cambridge,1
pseud,1
zahranievni,1
ihrer,1
numerous,1
kapitalismu,1
write,1
gunther,1
aristocratic,1
trauma,1
crisis,1
dangerous,1
povedomt,1
contributed,1
approximately,1
include,1
habsburgerreich,1
carolinae,1
dissociated,1
smaller,1
urbanizace,1
build,1
slovensky,1
twovolume,1
france,1
werstadt,1
nezdvislych,1
korialka,1
extremely,1
association,1
speak,1
increased,1
translated,1
koai,1
summary,1
dissent,1
hanzal,1
smich,1
removed,1
sen,1
eeskmho,1
tschechen,1
elites,1
kucera,1
point,1
vary,1
era,1
havrdnek,1
pekavr,1
studii,1
beziehungen,1
historickfch,1
entire,1
ingrained,1
focus,1
accentuate,1
schooling,1
zrodu,1
seek,1
prison,1
ends,1
velkm,1
anton,1
recent,1
sbornak,1
uilsti,1
czechgerman,1
meeting,1
close,1
major,1
eskd,1
grants,1
thorough,1
