WORDCOUNTS,WEIGHT
the,70
of,64
pp,51
and,50
by,34
university,31
press,31
new,20
york,14
a,14
editor,14
volume,13
in,13
edited,11
c,10
foreword,9
american,9
oxford,8
s,8
robert,8
editors,8
e,7
with,7
from,7
paper,7
cloth,7
n,6
to,6
james,6
translated,6
de,6
an,6
on,6
south,5
medieval,5
l,5
assisted,5
letters,5
set,5
j,5
war,5
greenwood,5
number,5
dublin,5
david,5
y,5
introduction,4
k,4
modern,4
m,4
conn,4
washington,4
westport,4
thomas,4
columbia,4
texts,4
edition,3
german,3
brian,3
greenhill,3
translation,3
connecticut,3
volumes,3
jonathan,3
duke,3
history,3
mary,3
al,3
lee,3
europe,3
xii,3
documents,3
john,3
historical,3
william,3
durham,3
el,3
papers,3
michael,3
mechanicsburg,3
xiv,3
paperback,3
books,3
xxxii,3
america,3
r,3
civil,3
et,3
xv,3
peter,3
d,3
encyclopedia,3
la,3
texas,3
xvi,3
chicago,3
pa,3
world,3
stackpole,3
xxviii,3
at,2
barbara,2
archives,2
polk,2
o,2
page,2
innocent,2
zaragoza,2
edward,2
islands,2
saltonstall,2
army,2
juan,2
benjamin,2
life,2
fighting,2
xxx,2
rogers,2
studies,2
arts,2
cabeza,2
xxix,2
women,2
forge,2
saint,2
mia,2
sources,2
diary,2
oral,2
sciences,2
ii,2
academy,2
kent,2
country,2
for,2
harlow,2
carter,2
ahr,2
clarendon,2
great,2
boydell,2
frost,2
arinori,2
iii,2
wollstonecraft,2
xiii,2
end,2
carolina,2
mori,2
primary,2
man,2
state,2
xxxiii,2
isby,2
what,2
empire,2
edinburgh,2
woman,2
college,2
translators,2
shapers,2
voice,2
another,2
xli,2
art,2
richard,2
start,2
writings,2
powell,2
x,2
vaca,2
rochester,2
colonial,2
harvard,2
london,2
franklin,2
office,2
casement,2
xviii,2
roger,2
margaret,2
three,2
nora,2
bibliographies,2
janet,2
renouf,2
dictionary,2
z,2
catholic,2
le,2
christopher,2
charles,2
folk,2
six,2
era,2
seattle,2
early,2
haven,2
pope,2
por,1
wertkin,1
van,1
european,1
aytch,1
democracy,1
f,1
letterbook,1
cviii,1
shenton,1
front,1
norumbega,1
than,1
margo,1
knoxville,1
almar,1
sainte,1
servet,1
marszalek,1
watkiss,1
edge,1
school,1
collected,1
siochain,1
his,1
pollack,1
clinton,1
gerard,1
crowson,1
camp,1
anthems,1
five,1
names,1
criminal,1
rights,1
comparative,1
hill,1
catolicismo,1
taft,1
environmental,1
classic,1
jane,1
leslie,1
radd,1
guglielmo,1
hughes,1
miguel,1
yale,1
rafter,1
cesare,1
they,1
seely,1
b,1
center,1
travels,1
forafrica,1
one,1
ix,1
sitton,1
nogarola,1
marianne,1
handsel,1
correspondance,1
ailes,1
confederate,1
robin,1
united,1
frank,1
von,1
baron,1
seamas,1
rs,1
nichol,1
pacific,1
english,1
types,1
mexican,1
museum,1
ordeal,1
reference,1
cobra,1
walker,1
mrs,1
canada,1
completas,1
slaying,1
conservation,1
ambroise,1
xxxi,1
joseph,1
donoso,1
god,1
garrow,1
stephen,1
disastrous,1
family,1
wheeling,1
muerte,1
sant,1
ancient,1
india,1
alvar,1
wars,1
biographical,1
ebbe,1
complete,1
elected,1
antebellum,1
orations,1
barber,1
ehrman,1
bend,1
roslyn,1
bruce,1
series,1
northeastern,1
dialogue,1
cooke,1
reviewed,1
prostitute,1
listed,1
reprint,1
these,1
industrial,1
two,1
experience,1
diaries,1
bengal,1
oceania,1
breakout,1
first,1
upchurch,1
gap,1
t,1
cv,1
hardscrabble,1
cohn,1
sam,1
cope,1
lexington,1
davis,1
hogel,1
md,1
june,1
text,1
jackson,1
here,1
chronicles,1
voices,1
paul,1
melissa,1
alacala,1
heritage,1
carolyn,1
journey,1
debating,1
military,1
cathcart,1
spencer,1
guerre,1
obra,1
liberalismo,1
towns,1
friends,1
england,1
gale,1
tunes,1
asia,1
cronon,1
glasrud,1
cortes,1
company,1
cynthia,1
hildegard,1
other,1
exploration,1
tradition,1
secondary,1
leaders,1
harder,1
histories,1
cyclone,1
xlv,1
meier,1
madhusudan,1
sullivan,1
p,1
katharine,1
prensas,1
ballantyne,1
time,1
patrick,1
out,1
arnoldo,1
scotland,1
conservador,1
abbey,1
austin,1
mississippi,1
events,1
gardiner,1
debates,1
xxii,1
covey,1
isotta,1
contemporary,1
gutiirrez,1
documentos,1
graham,1
dull,1
i,1
landsberg,1
conciencia,1
tex,1
roosevelt,1
works,1
culture,1
sermons,1
davidson,1
big,1
lowery,1
hispanic,1
bethell,1
weyerhaeuser,1
caldwell,1
spain,1
normal,1
wales,1
gibson,1
cruise,1
theodore,1
recollections,1
ferrero,1
daniel,1
dynasty,1
report,1
normandy,1
singing,1
kevin,1
recently,1
cooking,1
cannot,1
judith,1
obras,1
afterword,1
bingen,1
occasional,1
lxxxix,1
tejano,1
lucha,1
baird,1
japan,1
falaise,1
clarence,1
debate,1
routledge,1
east,1
king,1
matthew,1
wayne,1
gillian,1
watkins,1
march,1
hogg,1
texans,1
xix,1
doutrich,1
account,1
xiu,1
ricks,1
liv,1
virginia,1
marini,1
wunderlin,1
jacksonian,1
lombroso,1
received,1
xi,1
boston,1
farming,1
del,1
reader,1
ill,1
salamanca,1
through,1
classics,1
sea,1
scramble,1
resources,1
dover,1
kogan,1
republic,1
libertad,1
duty,1
sydney,1
african,1
reminiscences,1
rees,1
louis,1
rux,1
bickford,1
todd,1
dynasties,1
touchstone,1
ross,1
collection,1
harlan,1
harmony,1
universitarias,1
issues,1
maria,1
stevenson,1
congress,1
records,1
people,1
labor,1
pensamiento,1
said,1
think,1
lanham,1
hofmann,1
emancipation,1
were,1
personal,1
stradling,1
review,1
marlborough,1
congo,1
outpost,1
matt,1
clifton,1
butterfield,1
vii,1
invasion,1
thomson,1
nym,1
cambridge,1
coldingham,1
memoirs,1
urbana,1
holy,1
historic,1
illinois,1
hanks,1
thad,1
vause,1
xxiii,1
author,1
sayers,1
co,1
vida,1
eve,1
general,1
relations,1
sul,1
normally,1
cooper,1
hard,1
usa,1
estoire,1
jr,1
shirley,1
suez,1
august,1
media,1
states,1
century,1
angel,1
arena,1
clviii,1
progressive,1
meghanada,1
adam,1
cutler,1
association,1
nicole,1
chronicle,1
panjab,1
thomsen,1
deeds,1
times,1
canal,1
corinne,1
copeland,1
ediciones,1
biblioteca,1
tony,1
majoracts,1
between,1
eyes,1
ramayana,1
alpine,1
jolly,1
harbury,1
scholarship,1
evesham,1
anonymous,1
miracles,1
mineola,1
be,1
xxvii,1
hahn,1
adams,1
ouyang,1
ohio,1
socialismo,1
hymn,1
cozzens,1
memoir,1
southwest,1
infantry,1
montrose,1
macmillan,1
lxxix,1
ellen,1
among,1
tales,1
we,1
priestly,1
kashmir,1
lxii,1
jones,1
marx,1
sandra,1
diana,1
malcolm,1
bartlett,1
race,1
debriefs,1
tennessee,1
datta,1
xxv,1
translator,1
hunt,1
bibliophiling,1
battles,1
selected,1
