WORDCOUNTS,WEIGHT
the,1489
of,783
and,549
to,510
in,467
a,321
that,197
missionaries,178
was,160
as,158
their,133
they,127
for,124
american,108
with,100
were,93
had,92
on,91
by,90
from,85
be,84
it,82
missionary,74
not,70
mission,68
syria,65
benton,61
an,56
land,53
this,52
have,52
beirut,48
june,47
more,47
world,46
christian,46
christians,45
but,45
all,43
lebanon,42
which,42
who,42
war,41
is,41
historical,41
them,39
s,38
see,38
or,37
time,37
at,36
jessup,36
he,36
secular,35
evangelical,35
review,33
no,33
his,33
themselves,33
there,32
new,32
may,31
i,30
european,30
bliss,30
college,29
protestant,29
druzes,29
between,29
ottoman,28
mount,27
natives,26
out,26
native,26
so,26
been,26
one,25
would,24
what,24
modern,23
modernity,23
university,23
christianity,23
its,23
power,23
herald,22
great,22
history,21
abcfm,21
makdisi,21
bible,21
missions,21
are,21
church,20
only,20
many,20
colonial,20
into,19
has,19
when,19
reclaiming,19
other,19
anderson,19
we,19
board,19
years,19
first,18
vol,18
tibawi,18
also,18
nominal,18
ussama,18
british,17
druze,17
syrian,17
religious,17
reel,17
foreign,17
our,17
if,16
those,16
doc,16
india,16
could,16
converts,16
americans,16
empire,16
thomson,16
made,16
william,16
against,15
l,15
most,15
muslim,15
own,15
reminiscences,15
these,15
men,15
mr,15
some,15
papers,14
eastern,14
america,14
such,14
even,14
than,14
york,14
after,14
will,14
about,14
same,14
local,14
china,13
fanaticism,13
gospel,13
without,13
rule,13
levant,13
work,13
communities,13
two,13
began,13
life,13
different,13
both,13
arabic,13
errand,12
east,12
letter,12
because,12
part,12
sense,12
catholic,12
society,12
yet,12
us,12
christ,12
smith,12
original,12
like,12
any,12
did,12
far,12
became,12
much,12
among,12
true,11
being,11
daniel,11
bird,11
century,11
folder,11
lay,11
n,11
too,11
badr,11
came,11
population,11
box,11
few,11
man,11
shidyaq,11
pt,11
while,11
turkish,11
you,11
now,10
way,10
h,10
politics,10
powers,10
jerusalem,10
process,10
however,10
spiritual,10
people,10
wrote,10
under,10
churches,10
described,10
here,10
refused,10
boston,10
nineteenth,9
europe,9
within,9
community,9
generation,9
knew,9
fabian,9
loanza,9
j,9
arrived,9
effort,9
well,9
saw,9
holy,9
mediterranean,9
up,9
indeed,9
technology,9
god,9
john,9
where,9
africa,9
maronites,9
education,9
set,9
according,9
early,9
western,8
before,8
interests,8
convert,8
found,8
religion,8
thus,8
hutchison,8
left,8
colonialism,8
field,8
intervention,8
present,8
mohammedan,8
upon,8
clear,8
biblical,8
over,8
come,8
damascus,8
maronite,8
although,8
common,7
e,7
protection,7
committee,7
unlike,7
princeton,7
mhros,7
vols,7
words,7
take,7
ad,7
village,7
commissioners,7
rather,7
how,7
salvation,7
view,7
result,7
my,7
called,7
though,7
lathrop,7
failure,7
brought,7
year,7
oriental,7
order,7
seemed,7
return,7
july,7
above,7
islam,7
longer,7
lewis,7
french,7
put,7
children,7
another,7
held,7
him,7
inhabitants,7
itself,7
comaroff,7
country,7
emphasis,7
middle,7
through,7
press,7
c,7
willing,7
should,7
conversion,6
english,6
studies,6
policy,6
women,6
later,6
darkness,6
book,6
political,6
courtesy,6
task,6
mass,6
account,6
desired,6
very,6
since,6
moslem,6
back,6
arab,6
certain,6
direct,6
whom,6
conflict,6
further,6
evangelism,6
having,6
heart,6
imagined,6
must,6
during,6
salibi,6
minds,6
bhamdun,6
change,6
christendom,6
example,6
indigenous,6
populations,6
april,6
still,6
violence,6
home,6
indian,6
already,6
reports,6
members,6
muslims,6
again,6
added,6
areas,6
never,6
forms,6
region,6
general,6
become,6
can,6
relationship,6
continued,6
support,6
imperialism,6
then,6
following,6
simply,6
past,6
quoted,6
imperial,6
little,6
despite,6
question,6
wild,6
accept,6
area,6
potential,6
sent,6
go,5
o,5
rites,5
schools,5
character,5
contact,5
every,5
give,5
might,5
mohammedans,5
narrative,5
help,5
context,5
sought,5
activity,5
point,5
cultural,5
affairs,5
nor,5
publications,5
outset,5
details,5
occasion,5
lamented,5
space,5
moreover,5
penrose,5
primordial,5
medicine,5
centers,5
lived,5
your,5
public,5
london,5
bentons,5
away,5
project,5
level,5
several,5
fawaz,5
progress,5
led,5
second,5
hegemony,5
taken,5
make,5
ed,5
belonging,5
social,5
death,5
addition,5
fact,5
ages,5
eds,5
free,5
fight,5
nevertheless,5
moral,5
especially,5
eyes,5
james,5
separate,5
genesis,5
bound,5
seen,5
considered,5
peoples,5
eli,5
natural,5
connection,5
leaders,5
living,5
turned,5
rebellion,5
dark,5
information,5
convinced,5
tried,5
until,5
recent,5
finally,5
need,5
states,5
including,5
entire,5
abandoned,5
seminary,4
truth,4
jews,4
disciples,4
friends,4
total,4
experience,4
anything,4
down,4
reasons,4
revival,4
blisses,4
state,4
principal,4
report,4
case,4
king,4
design,4
opened,4
october,4
medical,4
west,4
himself,4
consuls,4
adopted,4
insisted,4
warned,4
y,4
influence,4
civilization,4
recognized,4
across,4
remain,4
forced,4
en,4
hurter,4
special,4
t,4
just,4
four,4
notions,4
hereafter,4
sheikhs,4
m,4
suggested,4
near,4
possibility,4
used,4
ideal,4
story,4
difficulty,4
long,4
mohammedanism,4
least,4
manners,4
revolution,4
villages,4
fully,4
guha,4
threatened,4
demand,4
bringing,4
short,4
unevangelized,4
object,4
experiences,4
turks,4
fighting,4
reference,4
thought,4
message,4
neither,4
ancient,4
paul,4
toward,4
printing,4
efforts,4
massacre,4
reform,4
together,4
end,4
brotherhood,4
hand,4
manner,4
practice,4
number,4
remained,4
palestine,4
classes,4
greatest,4
scientific,4
success,4
station,4
full,4
language,4
essay,4
article,4
save,4
greek,4
crucial,4
claimed,4
kamal,4
united,4
hope,4
heathen,4
thousand,4
moslems,4
image,4
seem,4
universal,4
aiken,4
jean,4
terms,4
form,4
armies,4
problem,4
calhoun,4
presented,4
protestants,4
difference,4
france,4
association,4
mountain,4
elites,4
chicago,4
enterprise,4
customs,4
gentility,3
allegedly,3
done,3
rev,3
corruption,3
created,3
ready,3
proselytize,3
culminated,3
needed,3
library,3
strictly,3
martyrdom,3
armenians,3
said,3
mistake,3
england,3
nature,3
hatred,3
able,3
course,3
mind,3
sacred,3
henry,3
somewhat,3
committed,3
system,3
sects,3
victims,3
felt,3
supervision,3
human,3
goal,3
barton,3
safety,3
druse,3
turn,3
evangelize,3
perspective,3
oxford,3
postponed,3
drawn,3
communication,3
traditions,3
secularism,3
acted,3
rights,3
ruins,3
simultaneously,3
town,3
growth,3
landscape,3
notion,3
b,3
jesuit,3
revelation,3
study,3
soon,3
spreading,3
house,3
weak,3
age,3
earnestly,3
always,3
important,3
ottomans,3
expressed,3
based,3
inherent,3
attack,3
young,3
shared,3
events,3
dispute,3
late,3
equally,3
let,3
tension,3
heathenism,3
enough,3
representatives,3
theological,3
future,3
closed,3
received,3
industrial,3
r,3
attacked,3
factors,3
purpose,3
denial,3
unfinished,3
whole,3
describe,3
broad,3
cry,3
president,3
interpreted,3
massacres,3
published,3
suggest,3
involved,3
around,3
small,3
feelings,3
hoped,3
wife,3
druses,3
behalf,3
appeal,3
contest,3
various,3
letters,3
expansion,3
idea,3
trials,3
movement,3
leila,3
jesus,3
zeal,3
refusing,3
treaty,3
security,3
residence,3
knowledge,3
department,3
increasingly,3
williams,3
resolution,3
name,3
successfully,3
stated,3
others,3
cultivated,3
lack,3
plan,3
appeared,3
eddy,3
forces,3
aug,3
dead,3
took,3
do,3
paris,3
burckhardt,3
compelled,3
mercy,3
civilized,3
cambridge,3
sides,3
writings,3
desperate,3
worship,3
nothing,3
open,3
messrs,3
reality,3
comprehensive,3
faculty,3
august,3
crisis,3
characterized,3
fellow,3
worldly,3
intrinsic,3
faith,3
somehow,3
often,3
looked,3
institution,3
malta,3
carried,3
belonged,3
george,3
science,3
vision,3
returned,3
effectively,3
why,3
jesuits,3
existed,3
fall,3
sympathy,3
meant,3
claims,3
school,3
environment,3
wars,3
thinking,3
founded,3
ever,3
known,3
temporal,3
control,3
printed,3
cawnpore,3
houses,3
cities,3
prospects,3
believed,3
beginning,3
ideologies,3
reactions,3
whether,3
involvement,3
storm,3
distancing,3
argued,3
freedom,3
millions,3
aims,3
coming,3
khoury,3
shores,3
sectarianism,3
presence,3
unable,3
gunboats,3
hunter,3
approach,3
off,3
want,3
harik,3
given,3
traditional,3
north,3
asked,3
proposed,2
child,2
residing,2
declared,2
adopt,2
treaties,2
effected,2
faced,2
fled,2
imminence,2
separated,2
represent,2
preach,2
presses,2
europeans,2
albeit,2
proselytizing,2
mountains,2
congregationalist,2
large,2
hate,2
denied,2
fate,2
word,2
formed,2
prince,2
purveyors,2
detested,2
occurred,2
habib,2
service,2
something,2
fearful,2
else,2
either,2
stressed,2
lubnan,2
hence,2
labor,2
posed,2
exaggerated,2
contrasted,2
attempt,2
refusal,2
expectation,2
prayed,2
continue,2
tradition,2
accompanied,2
conditions,2
confusion,2
differences,2
gradual,2
consular,2
origin,2
professor,2
sarruf,2
labeled,2
friend,2
survey,2
embrace,2
strength,2
last,2
loose,2
stand,2
raised,2
alike,2
side,2
foe,2
qissat,2
tend,2
killed,2
yusuf,2
abundantly,2
possible,2
marked,2
outlying,2
international,2
mountaineers,2
say,2
x,2
backgrounds,2
along,2
enter,2
frenzy,2
engage,2
colonized,2
calamity,2
evident,2
immediate,2
fantasies,2
wrath,2
interest,2
divine,2
savages,2
civilizing,2
regarded,2
ability,2
predicament,2
southern,2
jr,2
encyclopedia,2
restore,2
convention,2
farewell,2
cases,2
mixed,2
old,2
refer,2
profound,2
subjects,2
homes,2
response,2
recrimination,2
machines,2
races,2
served,2
single,2
mirrored,2
rufus,2
journal,2
look,2
volney,2
sidon,2
patrons,2
stagnation,2
handful,2
neutral,2
crusades,2
focused,2
revitalize,2
perfect,2
higher,2
opium,2
surprisingly,2
opposed,2
mumble,2
asserted,2
wishes,2
whose,2
testimony,2
bring,2
main,2
generations,2
reign,2
explicit,2
swept,2
mean,2
johannes,2
secularization,2
edwin,2
heard,2
similar,2
executions,2
danger,2
means,2
rising,2
recalled,2
establishment,2
tensions,2
moved,2
objects,2
organization,2
improvement,2
river,2
literary,2
clergy,2
bit,2
sick,2
troops,2
elsewhere,2
articulated,2
k,2
w,2
follow,2
followed,2
instance,2
internal,2
projected,2
opinion,2
decades,2
appear,2
body,2
conquest,2
opening,2
treating,2
acting,2
bearing,2
societies,2
hands,2
traditionally,2
arabs,2
p,2
secularized,2
deir,2
endeavor,2
constantly,2
neighboring,2
atrocious,2
informed,2
districts,2
hall,2
indirect,2
treat,2
intercommunal,2
beidelman,2
promise,2
otherwise,2
placed,2
absolute,2
required,2
circumstances,2
leaflets,2
january,2
aleppo,2
stations,2
scene,2
affair,2
warriors,2
directly,2
basis,2
distinguish,2
relief,2
role,2
strict,2
carry,2
drew,2
civil,2
actors,2
nation,2
description,2
got,2
realm,2
gave,2
turk,2
millet,2
issues,2
enveloped,2
speaking,2
call,2
justification,2
tolland,2
presbyterian,2
contradictions,2
thrived,2
terror,2
good,2
working,2
savage,2
theoretically,2
clothes,2
discourse,2
midst,2
claim,2
orient,2
inextricably,2
family,2
openly,2
wider,2
concerns,2
bridge,2
exigencies,2
strongholds,2
primary,2
suddenly,2
impossible,2
orthodox,2
results,2
reluctant,2
ignored,2
fuad,2
am,2
avoid,2
south,2
f,2
battle,2
cms,2
furnished,2
implications,2
equality,2
attempts,2
steadily,2
fell,2
identified,2
action,2
economic,2
feeling,2
sermon,2
harris,2
reminded,2
poor,2
mansions,2
abby,2
surprise,2
initially,2
degree,2
spot,2
unfamiliar,2
aligned,2
frank,2
once,2
competition,2
relied,2
elaboration,2
urged,2
wake,2
makes,2
read,2
mused,2
corrupt,2
perceived,2
included,2
light,2
culture,2
abandon,2
purity,2
abeih,2
passions,2
historiography,2
unmitigated,2
illustrated,2
noted,2
innate,2
regardless,2
law,2
heritage,2
confided,2
sufferers,2
ended,2
outside,2
pressure,2
broken,2
everything,2
habit,2
puritan,2
devil,2
prudential,2
patterns,2
behind,2
geography,2
sundry,2
shown,2
accepted,2
establish,2
less,2
ranajit,2
perhaps,2
belief,2
assault,2
antichrist,2
break,2
understanding,2
divided,2
encounter,2
turkey,2
completed,2
hundred,2
represented,2
mired,2
arose,2
ruling,2
millenarian,2
identity,2
concern,2
entirely,2
confidence,2
persisted,2
refers,2
diaries,2
band,2
products,2
harvard,2
lord,2
chosen,2
embark,2
connected,2
complicated,2
three,2
historic,2
remaining,2
modem,2
authors,2
peripheral,2
utter,2
victory,2
haunted,2
times,2
lebanese,2
spread,2
summer,2
distinction,2
earlier,2
lose,2
fiftythree,2
imagination,2
educational,2
rupture,2
enjoyed,2
superstitions,2
translate,2
dominance,2
equivalent,2
occupied,2
ago,2
achieve,2
pastor,2
awaiting,2
visit,2
increasing,2
brave,2
implicitly,2
things,2
accepting,2
me,2
raise,2
delhi,2
intelligence,2
equals,2
she,2
mixture,2
invasion,2
fear,2
attitude,2
goulding,2
institutions,2
referred,2
lost,2
army,2
force,2
parsons,2
backlash,2
wilson,2
anxious,2
methods,2
frontier,2
endure,2
perishing,2
citizens,2
heathens,2
leave,2
figured,2
stephen,2
burned,2
dissertation,2
authorities,2
broke,2
series,2
contradiction,2
beside,2
extension,2
implied,2
barbarism,2
hearts,2
levi,2
quickly,2
know,2
favorably,2
each,2
sure,2
readily,2
disinterested,2
december,2
auxiliary,2
global,2
persecution,2
believe,2
half,2
regard,2
eventually,2
particularly,2
er,2
grunts,2
enemy,2
longstanding,2
constant,2
reflected,2
build,2
ambivalent,2
passage,2
destroyed,2
realize,2
unique,2
cause,2
particular,2
converting,2
treachery,2
encased,2
managed,2
thousands,2
property,2
urban,2
travel,2
welcome,2
conference,2
occasionally,2
exclaimed,2
sheer,2
fair,2
alternatives,2
african,2
transition,2
step,2
went,2
vast,2
indians,2
maintained,2
wilderness,2
goals,2
cruelty,2
remarks,2
white,2
argument,2
conn,2
numerous,2
aware,2
instead,2
defined,2
limitations,2
shift,2
reformation,2
offered,2
charles,2
apart,2
negotiate,2
obligation,2
era,2
th,2
impress,2
focus,2
immediately,2
strong,2
panic,2
crimean,2
building,2
meeting,2
jessups,2
built,2
perception,2
hovered,2
continuously,2
overlaid,1
summed,1
final,1
difficult,1
bristling,1
bernard,1
ofoeainrnueuete,1
cradle,1
margins,1
archives,1
superstitious,1
kirsten,1
forceful,1
currently,1
struggle,1
moshe,1
stubbornly,1
lazarist,1
deny,1
accomplish,1
precepts,1
thirst,1
obstacle,1
polish,1
emptiness,1
khairallah,1
concerned,1
meaning,1
jeppie,1
contrast,1
groups,1
stood,1
retreated,1
yesteryear,1
aptitude,1
degraded,1
modernize,1
extreme,1
reconsidered,1
wa,1
providence,1
episodes,1
jane,1
agraires,1
perfection,1
thrown,1
determine,1
hospitable,1
thesyriamissioni,1
swiftly,1
submission,1
inferior,1
consecrated,1
nonconformist,1
deceived,1
concurrence,1
introduction,1
brilliantly,1
distributed,1
connecticut,1
debris,1
former,1
coupled,1
group,1
becoming,1
complex,1
significant,1
mounted,1
telling,1
incorporated,1
instructions,1
diplomatic,1
identify,1
essays,1
mad,1
prime,1
terminated,1
spears,1
conducting,1
terminate,1
live,1
vindicating,1
circumspect,1
reigon,1
solemnly,1
snowshoe,1
incubated,1
theamerican,1
earthly,1
marcus,1
sublime,1
bya,1
favor,1
incidentally,1
boulder,1
ms,1
considerations,1
wonderful,1
tamim,1
distractions,1
decade,1
shadowy,1
whiting,1
tempered,1
overlook,1
earnest,1
undertaken,1
resurgence,1
overwhelm,1
necessarily,1
offshore,1
laid,1
vestiges,1
ambitious,1
malik,1
benighted,1
robinson,1
arbitrators,1
fragile,1
induced,1
thematic,1
track,1
aggression,1
promulgation,1
exaggerations,1
evasion,1
source,1
meaningless,1
persecute,1
permitted,1
assaults,1
themes,1
efficacy,1
arms,1
aw,1
appealed,1
round,1
disgraced,1
urgency,1
benon,1
member,1
cast,1
requisition,1
ground,1
conforms,1
steamers,1
wrong,1
invention,1
learned,1
supposedly,1
preceding,1
thrill,1
regeneration,1
polished,1
victim,1
excommunication,1
originally,1
regarding,1
mysterious,1
rested,1
military,1
culturally,1
concentrated,1
azariah,1
thrive,1
encouraged,1
turbulent,1
forcibly,1
articulate,1
perverseness,1
beautiful,1
unfolding,1
tolerated,1
reassuringly,1
princesses,1
advanced,1
discerned,1
official,1
knowing,1
prestigious,1
departure,1
experiments,1
asia,1
bloomington,1
advasntaeo,1
excellency,1
definition,1
heated,1
dramatically,1
possibilities,1
reach,1
tour,1
leiden,1
leading,1
explores,1
disordered,1
uneasy,1
upheld,1
lazarus,1
daily,1
correctly,1
desolating,1
thank,1
assimilate,1
accumulated,1
babes,1
wave,1
parodied,1
rewrote,1
assembled,1
government,1
vanishing,1
despotism,1
promised,1
scheme,1
footsteps,1
launched,1
pavement,1
drzeara,1
enlighten,1
real,1
nationalism,1
deemed,1
harvey,1
evangelization,1
attemnt,1
harmondsworth,1
petty,1
devised,1
faithful,1
reevaluate,1
vices,1
date,1
miles,1
universite,1
precisely,1
pale,1
robert,1
gifts,1
fonts,1
investigations,1
vilifying,1
jelly,1
staking,1
successes,1
reading,1
educate,1
relations,1
suspicion,1
checked,1
hostility,1
pawns,1
dressed,1
confused,1
minimized,1
darwinism,1
tragedy,1
majority,1
sabbath,1
retrenchment,1
quietly,1
assailing,1
akin,1
extend,1
nowhere,1
helplessness,1
carousing,1
takes,1
levels,1
refute,1
hell,1
deviation,1
forthcoming,1
dr,1
barbarity,1
edges,1
recorded,1
expelled,1
bibical,1
autonomous,1
assertions,1
instinctively,1
money,1
advice,1
translations,1
encouraging,1
mine,1
indulged,1
hirsch,1
draw,1
worthy,1
struggling,1
huricane,1
commencement,1
porter,1
capable,1
divisions,1
unsolicited,1
subaltern,1
condition,1
illustrate,1
significance,1
ilya,1
stave,1
etc,1
reaction,1
consciousness,1
plaque,1
occupy,1
exaggerate,1
perfectly,1
searing,1
crossed,1
alone,1
transcend,1
estranged,1
vanity,1
combination,1
smooth,1
immoral,1
resources,1
conception,1
laws,1
cited,1
loudly,1
frn,1
interior,1
fragmented,1
representing,1
appease,1
transpiring,1
economies,1
possessed,1
mercilessly,1
prevented,1
stirring,1
deserted,1
audience,1
tigers,1
shehabuddin,1
sign,1
harmony,1
realizing,1
vassals,1
resign,1
singled,1
framework,1
funded,1
exposed,1
winning,1
nurse,1
repeatedly,1
hierarchy,1
reinvent,1
curse,1
misinay,1
central,1
iei,1
million,1
disillusioned,1
deserving,1
terra,1
accessible,1
throughout,1
taunted,1
kushner,1
mouth,1
sweeping,1
strife,1
merchants,1
reclaim,1
veracity,1
serf,1
dotted,1
redeemed,1
peculiarities,1
rak,1
facts,1
development,1
manifested,1
accounted,1
inevitable,1
pursue,1
comes,1
impetuous,1
initial,1
pigmies,1
overlooks,1
visited,1
wreckage,1
cognizant,1
tables,1
realized,1
september,1
simeon,1
greed,1
unpublished,1
de,1
doctor,1
agent,1
mughabghab,1
lectures,1
heal,1
characteristic,1
nwbybisrcie,1
purify,1
edifice,1
brother,1
ow,1
allure,1
te,1
pasha,1
proportions,1
compromised,1
barnett,1
tied,1
narratives,1
faulted,1
stammerer,1
pay,1
haughtiness,1
align,1
supremacy,1
expected,1
vengeance,1
admitted,1
unwilling,1
z,1
learning,1
worn,1
taste,1
funds,1
guided,1
progressive,1
unity,1
satan,1
bustling,1
distinct,1
reluctance,1
glory,1
david,1
frustrating,1
concerning,1
travails,1
differently,1
scenery,1
ear,1
versus,1
ithaca,1
avenged,1
outbreaks,1
honesty,1
six,1
viusy,1
plotting,1
afford,1
emphases,1
lain,1
egypt,1
continuous,1
effective,1
ecclesiastical,1
class,1
andover,1
traveler,1
sword,1
truly,1
estimate,1
find,1
died,1
facet,1
hari,1
conspiracy,1
student,1
sin,1
root,1
advantages,1
knelt,1
stagnated,1
architects,1
resolutions,1
furthermore,1
forestall,1
emphasize,1
enchanting,1
reches,1
guard,1
repudiated,1
infidels,1
chinese,1
pretension,1
delivered,1
ok,1
irreversibly,1
fierce,1
bypassed,1
stanley,1
compromise,1
catastrophe,1
neill,1
capitals,1
festschrift,1
battles,1
vantage,1
ideals,1
languages,1
alive,1
aim,1
drained,1
implored,1
gwendolyn,1
fruitless,1
colour,1
essential,1
played,1
prevails,1
cowled,1
teaching,1
indecision,1
hopes,1
etched,1
buffeted,1
edited,1
congregational,1
amrincanse,1
gripped,1
orontes,1
portrayed,1
destroy,1
brethren,1
notable,1
heels,1
edward,1
ra,1
basic,1
influential,1
conflation,1
afterwards,1
intrigues,1
citadels,1
culminating,1
lamentable,1
patronage,1
reconquered,1
bore,1
filmed,1
saintjoseph,1
rxm,1
utterances,1
conceptions,1
active,1
catholics,1
opportunity,1
waned,1
determining,1
titled,1
saints,1
teacher,1
transitional,1
locations,1
thing,1
ponder,1
humanity,1
travels,1
interpose,1
impure,1
statement,1
strange,1
tidal,1
benjamin,1
desperately,1
contributions,1
pages,1
enacted,1
lacking,1
crusade,1
illustrations,1
echoed,1
offering,1
standard,1
feel,1
disputations,1
endeavored,1
imperialist,1
selim,1
scattered,1
mediate,1
front,1
htmsioayza,1
supposed,1
cannot,1
proclaimed,1
tumult,1
indispensable,1
send,1
mrs,1
empires,1
utterly,1
battlefields,1
settled,1
insistence,1
provinces,1
frowned,1
maintaining,1
ensure,1
notwithstanding,1
wanted,1
plural,1
consider,1
toiled,1
legitimate,1
deeds,1
thelad,1
familiar,1
missionaiy,1
unfamiliarity,1
combative,1
peasants,1
papacy,1
dated,1
linked,1
multitudes,1
driven,1
edition,1
safe,1
rahnuma,1
realities,1
boast,1
exclamations,1
impact,1
tying,1
shaking,1
gradually,1
thrilled,1
indivisible,1
excitement,1
restricted,1
westerners,1
fore,1
prevent,1
amman,1
advancing,1
crusader,1
stationed,1
show,1
ask,1
piety,1
remnant,1
surface,1
passed,1
forsake,1
beyond,1
requested,1
nited,1
womenof,1
defenseless,1
isolation,1
generally,1
reporting,1
confessional,1
ordain,1
testament,1
merited,1
rice,1
fronts,1
problems,1
noninterference,1
overcame,1
oppression,1
sultan,1
victorian,1
answers,1
barid,1
shifted,1
destructive,1
restriction,1
instill,1
imminent,1
symbolized,1
strategy,1
humbled,1
trained,1
drawing,1
cut,1
endeavoring,1
advocated,1
highest,1
atlanta,1
holdings,1
whereas,1
hours,1
despaired,1
authority,1
repulsive,1
advance,1
formidable,1
parties,1
lambs,1
lead,1
teachers,1
path,1
extent,1
location,1
arrival,1
abandoning,1
allow,1
blamed,1
murky,1
appearance,1
justifiable,1
entered,1
preaching,1
search,1
houghton,1
typical,1
comaroffs,1
access,1
reads,1
holding,1
martyr,1
gayatri,1
seven,1
aversion,1
changed,1
demands,1
scenes,1
furious,1
prepare,1
curiosity,1
facilitate,1
primacy,1
radical,1
requirements,1
hopkins,1
aloof,1
savagery,1
emerge,1
captured,1
emotionally,1
burst,1
struggles,1
commenced,1
base,1
representative,1
ghurayyib,1
affluence,1
punishment,1
wonder,1
circulation,1
academic,1
hauntingly,1
outbursts,1
traversed,1
outnumbered,1
pure,1
unexplainable,1
irony,1
worldy,1
founder,1
understood,1
boxes,1
pulled,1
circular,1
witnessed,1
indefinitely,1
sticklers,1
dismissal,1
annales,1
produced,1
constraining,1
torn,1
revive,1
missionaris,1
hailed,1
meet,1
millets,1
pastors,1
tornado,1
appearing,1
join,1
introspection,1
pegg,1
cairo,1
eye,1
ford,1
refuge,1
lyons,1
explain,1
approached,1
noticed,1
negotiated,1
jewish,1
gods,1
sacrifice,1
balance,1
bastion,1
governing,1
memory,1
overlapping,1
undermined,1
shape,1
taxes,1
almost,1
maargednto,1
swords,1
gamut,1
warships,1
marsh,1
line,1
swiss,1
flourish,1
mapped,1
tribulations,1
wortabet,1
mustafa,1
gains,1
updated,1
suppose,1
ethnohistory,1
abroad,1
nucleus,1
listening,1
pliny,1
fraser,1
preferred,1
charity,1
cord,1
overturn,1
clean,1
concept,1
stake,1
oftentimes,1
explains,1
competing,1
lucette,1
instruments,1
esp,1
faithfully,1
confined,1
rescript,1
anew,1
homeland,1
tune,1
knight,1
brutal,1
caught,1
ten,1
barren,1
parameters,1
dozens,1
lectured,1
virtual,1
v,1
kindly,1
outpouring,1
older,1
tanzimat,1
overtly,1
cons,1
aggravated,1
records,1
officers,1
seated,1
mentioning,1
structures,1
et,1
excommunicate,1
doors,1
viability,1
statesmen,1
preaches,1
haven,1
employed,1
deringil,1
showing,1
confession,1
deeply,1
monopoly,1
dehistoricized,1
horizon,1
remined,1
hindsight,1
connections,1
ali,1
nationality,1
healing,1
eiiac,1
announcement,1
encounters,1
relentless,1
aikens,1
ncnet,1
decidedly,1
numerically,1
ride,1
missionto,1
earth,1
signing,1
affections,1
creating,1
temporality,1
domineering,1
solution,1
officials,1
habitations,1
commence,1
protestantism,1
physician,1
correct,1
legions,1
caused,1
describing,1
societes,1
exasperated,1
love,1
onsets,1
tom,1
puppets,1
stage,1
reliable,1
volume,1
integrity,1
canoe,1
lacked,1
next,1
behold,1
politically,1
cometh,1
hewing,1
theater,1
entangled,1
owned,1
corrector,1
emerging,1
specifically,1
troubles,1
desire,1
dwell,1
beyroot,1
contingency,1
musawwir,1
awakened,1
befriend,1
recognition,1
accomplished,1
chevallier,1
dust,1
ill,1
oral,1
executed,1
governments,1
acts,1
plunged,1
amounted,1
master,1
syrians,1
fire,1
styled,1
essentially,1
popery,1
canterbury,1
iiso,1
petitions,1
wrot,1
yielded,1
affecting,1
ilnse,1
coevalness,1
egypte,1
futility,1
annual,1
visible,1
inability,1
jordan,1
graduating,1
necessity,1
dim,1
complicates,1
progressed,1
prakash,1
intent,1
xbt,1
ambivalently,1
proper,1
tempts,1
ial,1
depravity,1
stir,1
cycle,1
notes,1
samir,1
substituted,1
alienated,1
dissociated,1
unfaithfulness,1
finds,1
exhorting,1
waiting,1
provocateur,1
valuable,1
joining,1
enjoy,1
coolness,1
promising,1
unidentifiable,1
readership,1
totter,1
smitten,1
fairbank,1
spare,1
nations,1
chronological,1
betrayed,1
critical,1
therefore,1
reconfiguration,1
challenge,1
churchill,1
imprint,1
timeless,1
sovereign,1
republic,1
situation,1
arrangement,1
saree,1
unknowable,1
valensi,1
adulterers,1
onset,1
discriminatory,1
matter,1
ritant,1
van,1
rome,1
functioning,1
noble,1
fortuitously,1
contingent,1
sanctity,1
uncharitable,1
separation,1
grand,1
hide,1
acquaint,1
blessed,1
comparative,1
breaches,1
selfish,1
ought,1
worshiping,1
schemes,1
unremitting,1
tide,1
onward,1
brutally,1
revolt,1
brief,1
forward,1
appalled,1
reinforcements,1
nearly,1
female,1
terrified,1
exception,1
brings,1
oppressed,1
prove,1
calves,1
converted,1
whatever,1
believing,1
weary,1
dread,1
polemical,1
illustrating,1
currency,1
interactions,1
landed,1
dismal,1
comments,1
manifest,1
avenging,1
indignation,1
reforming,1
liberalism,1
procession,1
ferocious,1
neat,1
backed,1
harmonious,1
confounded,1
youth,1
consulted,1
colonialist,1
wfe,1
scarcity,1
worked,1
guide,1
spoken,1
simultaneous,1
emerged,1
criticism,1
limitless,1
asiatic,1
advent,1
subaltem,1
franks,1
needful,1
opportunities,1
intense,1
intruder,1
marginal,1
dreams,1
serve,1
manpower,1
begged,1
counterparts,1
yourselves,1
plough,1
evolved,1
seeing,1
chronology,1
nunneries,1
amidst,1
protect,1
winding,1
imitate,1
bo,1
participants,1
otms,1
assistance,1
illuminated,1
compassionate,1
consented,1
ambassadors,1
aux,1
ranks,1
rubbish,1
jabal,1
outlined,1
literally,1
wright,1
thorny,1
al,1
nineteenthcentury,1
largest,1
contempt,1
goodell,1
chastened,1
gentlemen,1
revenge,1
lot,1
shows,1
stones,1
suzanne,1
pompous,1
sketch,1
mocked,1
administrators,1
persuasive,1
inheritors,1
outbreak,1
undisturbed,1
endured,1
livingstones,1
provide,1
organizations,1
reliant,1
gain,1
nondenominational,1
sided,1
ind,1
discussions,1
nees,1
avowedly,1
subjected,1
attacks,1
morass,1
lapse,1
disappointing,1
strike,1
mark,1
chord,1
steeled,1
polemic,1
pointed,1
available,1
conceived,1
slowly,1
stripes,1
thirty,1
towns,1
mindedness,1
rock,1
coaxing,1
summits,1
tristam,1
disabuse,1
americanization,1
signified,1
communal,1
absurdities,1
nationhood,1
unifying,1
expose,1
twenty,1
admit,1
monks,1
khalaf,1
preserve,1
overwhelming,1
hesitantly,1
benevolent,1
antly,1
genuine,1
moribund,1
walked,1
instability,1
hottest,1
plundering,1
axtell,1
osmanlilik,1
karim,1
unchristian,1
superiors,1
grave,1
practical,1
beg,1
banks,1
penned,1
somewhere,1
fallen,1
inspired,1
withering,1
debates,1
impatient,1
seize,1
distrust,1
distant,1
prose,1
venture,1
reckoned,1
tm,1
considerable,1
pennsylvania,1
pattern,1
muhammad,1
civilisations,1
audiences,1
disciplined,1
rhetoric,1
besieged,1
readers,1
remade,1
dominion,1
drove,1
learn,1
colonizer,1
remarkable,1
covered,1
operating,1
slackness,1
metaphors,1
unit,1
creature,1
satanically,1
murrin,1
discuss,1
spivak,1
equitable,1
poses,1
refugees,1
karl,1
celebrated,1
portrayal,1
michael,1
foot,1
answer,1
tell,1
strategies,1
coexisted,1
coincided,1
forth,1
dentistry,1
untoward,1
metropole,1
spoke,1
blind,1
ahead,1
redeemer,1
relayed,1
vehemence,1
norms,1
deep,1
japan,1
uneasily,1
notices,1
intensify,1
charter,1
preparation,1
adas,1
metropolitan,1
hurricane,1
burdened,1
style,1
threats,1
bloodshed,1
insecure,1
streets,1
redeem,1
instigated,1
doctrine,1
idolatry,1
league,1
day,1
boat,1
casting,1
missioaries,1
stance,1
swath,1
boers,1
encompassed,1
untimely,1
persecutors,1
chakravorty,1
massacred,1
exemplifications,1
crown,1
private,1
bond,1
byzantines,1
extended,1
rejoiced,1
rulers,1
sewing,1
disease,1
link,1
murdering,1
worsening,1
background,1
restrictions,1
nteee,1
staging,1
exterminating,1
accompanying,1
eighteenth,1
implicated,1
evacuation,1
doorstep,1
disintegrate,1
eight,1
formal,1
contemplate,1
alerted,1
alas,1
upshot,1
ol,1
coffin,1
previously,1
dyck,1
donned,1
khalidy,1
contacts,1
vexing,1
druz,1
farah,1
warrior,1
sepulcher,1
medium,1
attributed,1
sheiks,1
illustrates,1
poignant,1
controlling,1
intelligent,1
enduring,1
expression,1
unrestrained,1
incarnations,1
unsupervised,1
dedication,1
largely,1
forsaken,1
operated,1
wolpert,1
rivers,1
permanent,1
dress,1
credulous,1
tolerance,1
aesthetics,1
worse,1
adamantly,1
misery,1
engaging,1
ould,1
questions,1
bitter,1
processes,1
syrie,1
trend,1
actual,1
kingdom,1
individuals,1
demarcations,1
trust,1
fruits,1
ceremonies,1
previous,1
imagery,1
shelter,1
surrounded,1
rumors,1
versions,1
rejected,1
ties,1
helpless,1
grated,1
tamerlane,1
jiha,1
grew,1
welcomed,1
judaism,1
publication,1
hampered,1
express,1
urbanism,1
modernization,1
virtues,1
overwhelmed,1
points,1
sustain,1
urge,1
disappointed,1
logic,1
prevents,1
dominique,1
toil,1
werry,1
horrific,1
fanatic,1
eve,1
arc,1
gate,1
cataclysmic,1
compatriots,1
indicate,1
liberate,1
allowed,1
momentous,1
fetters,1
samah,1
interlocutors,1
period,1
impelled,1
tignor,1
murderers,1
high,1
waged,1
inquirers,1
division,1
lie,1
humbling,1
filled,1
imbibed,1
comforts,1
proximity,1
bazille,1
black,1
fred,1
rumor,1
stagnating,1
latter,1
instruction,1
compromises,1
repeated,1
quick,1
helps,1
fervent,1
secretaries,1
favored,1
migrants,1
mrcn,1
sentiment,1
written,1
caesar,1
position,1
trying,1
cathartic,1
parallel,1
arabiyya,1
chapel,1
regenstein,1
awakening,1
disgusting,1
sight,1
statesman,1
overcome,1
hebok,1
miscreant,1
deliberate,1
sentiments,1
teach,1
shriving,1
butchered,1
hi,1
structure,1
priests,1
seeking,1
fateful,1
probably,1
hartford,1
continually,1
looks,1
conscience,1
sept,1
greece,1
exertions,1
contracts,1
ate,1
gyan,1
northern,1
eicto,1
anger,1
corners,1
tte,1
destruction,1
relative,1
engagement,1
joint,1
tienstin,1
classified,1
governor,1
professional,1
spirituality,1
tenuous,1
amar,1
darker,1
attention,1
sheds,1
disgusted,1
competed,1
embody,1
brown,1
attended,1
exchanged,1
reproaching,1
scheid,1
jonas,1
references,1
setbacks,1
reinventing,1
ofc,1
dealing,1
discipline,1
petulant,1
instances,1
hiding,1
relying,1
depressed,1
fraternal,1
islamic,1
imbecile,1
aid,1
circle,1
backward,1
declaration,1
peers,1
today,1
looted,1
tentative,1
lbneverba,1
stars,1
evolve,1
bulk,1
chance,1
centrality,1
amherst,1
inculcated,1
convened,1
bewailed,1
dreamed,1
ideology,1
foster,1
hill,1
unwarranted,1
ironically,1
accomodate,1
slaking,1
lines,1
fuse,1
exists,1
male,1
primarily,1
eog,1
enfuriated,1
health,1
collections,1
castles,1
yale,1
festival,1
embodying,1
hopeful,1
belied,1
lives,1
renown,1
enlist,1
transformation,1
legitimacy,1
peril,1
whisper,1
rapidly,1
rushed,1
whereby,1
libanais,1
papists,1
littoral,1
motive,1
unforgiving,1
villainous,1
chairs,1
citizenship,1
sinners,1
introductory,1
worldliness,1
hierarchical,1
analysis,1
kill,1
paternal,1
theiy,1
blood,1
sailors,1
comte,1
puritans,1
catechism,1
transform,1
surprising,1
oln,1
expansionism,1
wives,1
composed,1
mother,1
starting,1
fields,1
canonical,1
centuries,1
anarchy,1
face,1
worlds,1
involuntary,1
beasts,1
confessed,1
joseph,1
niger,1
earliest,1
persecuted,1
fought,1
door,1
ftrom,1
messianic,1
assistant,1
proof,1
penitent,1
share,1
shadow,1
rarely,1
shafiq,1
gloated,1
associated,1
proprietors,1
suinnin,1
lde,1
protracted,1
material,1
terrible,1
marjorie,1
cluttered,1
invidiously,1
shamil,1
intervened,1
elaborate,1
conclusion,1
greeks,1
orientals,1
changing,1
weeks,1
comparison,1
utit,1
immortalizing,1
ringing,1
predictions,1
instructed,1
struck,1
scarcely,1
heterodox,1
fran,1
disorganization,1
incognita,1
falsehood,1
frightening,1
rival,1
physical,1
borrow,1
narrowly,1
darwin,1
carl,1
woman,1
text,1
wicked,1
sciences,1
disdain,1
listeners,1
conspirators,1
tak,1
chanted,1
established,1
denounced,1
extolled,1
buildings,1
forty,1
drake,1
resonance,1
outcome,1
dispel,1
defining,1
ran,1
emers,1
current,1
principle,1
books,1
monthly,1
anthropology,1
turning,1
guaranteed,1
conquer,1
bigoted,1
expatriate,1
organized,1
lying,1
inclined,1
damascene,1
confident,1
victorious,1
temporary,1
interested,1
flew,1
exploration,1
innovations,1
distance,1
bridgman,1
best,1
unknown,1
yellow,1
administer,1
confidential,1
aloft,1
comfort,1
print,1
trusted,1
constructions,1
barbir,1
scenario,1
seconded,1
loyalty,1
mechanically,1
prone,1
persevered,1
foundation,1
iii,1
concurrently,1
continuum,1
penros,1
relocate,1
edicts,1
munsell,1
familiarize,1
equilibrium,1
benefit,1
jennifer,1
pygmies,1
tracts,1
closest,1
innumerable,1
u,1
heartlessness,1
rural,1
type,1
february,1
bands,1
merely,1
culmination,1
places,1
person,1
portions,1
phd,1
encroaching,1
rabinow,1
crusaders,1
braude,1
defend,1
born,1
warnings,1
suffering,1
harness,1
steal,1
appears,1
catastrophic,1
fuller,1
economy,1
strained,1
syn,1
does,1
circles,1
implicit,1
rose,1
zahrani,1
professors,1
selected,1
laying,1
coast,1
abraham,1
degenerate,1
independently,1
unlimited,1
glorious,1
ma,1
fisk,1
maintain,1
attitudes,1
juxtaposed,1
domesticate,1
mere,1
transmitters,1
ruin,1
shall,1
diary,1
penetration,1
ethnography,1
tending,1
niso,1
her,1
foundations,1
periphery,1
mandated,1
bitterly,1
premised,1
secure,1
pitted,1
explored,1
fatigued,1
precedent,1
nd,1
suppress,1
benevolence,1
ftelclpplto,1
threat,1
hundreds,1
unrelenting,1
port,1
idriss,1
vigor,1
art,1
des,1
beiru,1
translated,1
personal,1
stern,1
radically,1
contours,1
insincere,1
reasoned,1
naked,1
apparatus,1
careful,1
orientation,1
furniture,1
extracts,1
peace,1
thereby,1
responded,1
daughters,1
bhmdn,1
shi,1
superstition,1
introduced,1
city,1
apocalyptic,1
predictably,1
unspiritual,1
prospect,1
confirm,1
disappointments,1
stagnant,1
duty,1
giving,1
preached,1
assumptions,1
rash,1
ignorant,1
acute,1
adapted,1
measure,1
immutable,1
souls,1
behest,1
trappings,1
surroundings,1
despondent,1
lesson,1
arguments,1
thesis,1
officially,1
proselytized,1
maoz,1
families,1
rebels,1
categories,1
allows,1
isolated,1
falter,1
comprehend,1
voyage,1
think,1
blasphemy,1
sanctified,1
theiradheentsh,1
prepared,1
omar,1
unexplored,1
named,1
cohered,1
anxiously,1
spirit,1
students,1
rote,1
ultimately,1
spring,1
survival,1
vice,1
considering,1
istanbul,1
touch,1
perforce,1
fi,1
foreigners,1
hoee,1
lands,1
disposal,1
sheltered,1
unilateral,1
disarray,1
intensified,1
sensibilities,1
copies,1
quest,1
knights,1
sharif,1
steam,1
abc,1
frame,1
jew,1
strikingly,1
samuel,1
washington,1
flushed,1
unmolested,1
thrue,1
origines,1
shrunk,1
sat,1
colo,1
joined,1
indolence,1
enlightenment,1
suha,1
integrated,1
d,1
sargen,1
lured,1
opinions,1
reified,1
smaller,1
assaulted,1
conquered,1
furtherance,1
settling,1
piece,1
colleagues,1
seeks,1
attempted,1
sicken,1
daughter,1
oldest,1
stubborn,1
farrukh,1
remains,1
increased,1
campaign,1
ships,1
recital,1
affliction,1
tations,1
siege,1
settler,1
vi,1
specific,1
territories,1
endeavors,1
thief,1
news,1
jealous,1
removed,1
race,1
assumed,1
actions,1
materialism,1
recounted,1
colonizers,1
wildmounainers,1
deployment,1
russia,1
protested,1
charged,1
bekaa,1
incontestable,1
inebriated,1
debate,1
throat,1
create,1
beginner,1
texts,1
substantial,1
element,1
intended,1
valley,1
confiding,1
backwards,1
fellowship,1
montrose,1
images,1
row,1
seek,1
crucible,1
observed,1
famous,1
concise,1
cross,1
pope,1
compounding,1
enters,1
broader,1
doing,1
devastated,1
pillars,1
showed,1
workings,1
turbaned,1
delmar,1
bigotry,1
destined,1
