WORDCOUNTS,WEIGHT
the,779
and,498
of,387
in,344
a,144
la,101
s,87
de,76
l,70
e,69
pp,67
et,64
to,58
on,53
j,52
d,48
new,47
david,46
john,45
american,42
der,42
history,40
les,39
roosevelt,39
university,38
press,38
robert,37
w,36
c,35
an,34
le,34
introduction,33
from,33
m,32
editors,32
editor,32
du,31
theodore,30
des,29
york,27
war,27
r,26
revolution,26
die,25
for,24
richard,24
essays,23
di,23
policy,23
early,23
at,22
political,22
b,22
del,22
und,22
h,21
america,21
century,21
historical,21
british,20
peter,20
james,20
william,20
politics,19
paul,19
dans,19
women,18
en,18
as,18
age,17
martin,17
thomas,17
t,16
late,16
military,15
review,15
p,15
jewish,15
movement,15
michael,15
collected,15
greek,15
national,15
france,15
modern,14
europe,14
jr,14
von,14
n,14
england,14
al,14
by,14
french,14
george,14
stephen,14
december,14
conference,14
stalingrad,14
i,13
labor,13
culture,13
german,13
or,13
number,13
disease,13
diaspora,13
irish,12
world,12
f,12
indian,12
social,12
law,12
crisis,12
louis,11
studies,11
nineteenth,11
case,11
germany,11
perspective,11
patronage,11
im,11
public,11
scientific,11
russian,11
laboratory,11
maps,11
united,11
holmes,11
paper,11
city,11
states,11
democracy,10
english,10
western,10
state,10
zur,10
andrew,10
elizabeth,10
during,10
power,10
heritage,10
nach,10
crown,10
fascism,10
cloth,10
peace,10
au,10
charles,10
ii,9
histoire,9
some,9
x,9
emigration,9
vietnam,9
hungarian,9
aspects,9
st,9
society,9
ancient,9
paris,9
britain,9
un,9
question,9
socialism,9
contact,8
juive,8
his,8
legal,8
societe,8
london,8
italy,8
hungary,8
economic,8
technology,8
une,8
naval,8
volume,8
identity,8
period,8
after,8
european,8
guerre,8
past,8
jean,8
urban,8
europa,8
cambridge,8
russia,8
miller,7
before,7
invention,7
company,7
east,7
development,7
against,7
missile,7
soviet,7
republic,7
romanesque,7
medicine,7
population,7
y,7
douglas,7
its,7
gender,7
place,7
barbara,7
antiwar,7
thought,7
si,7
v,7
cinquecento,7
deutschen,7
federalism,7
washington,7
problems,7
hoyle,7
me,7
foreword,7
institutions,7
with,7
joseph,7
migration,7
roman,7
donald,7
evidence,7
sur,7
child,6
medieval,6
revolutionary,6
per,6
jews,6
polish,6
first,6
groundwater,6
government,6
daniel,6
context,6
king,6
della,6
g,6
decline,6
oxford,6
profetismo,6
white,6
image,6
black,6
strategy,6
nella,6
thoughts,6
industry,6
gordon,6
south,6
poland,6
southern,6
williams,6
xii,6
end,6
patterns,6
children,6
use,6
christopher,6
fossey,6
weimar,6
justice,6
perspectives,6
fiore,6
not,6
centuries,6
susan,6
between,6
alexander,6
making,6
da,6
administration,6
estates,6
jacques,6
religious,6
lincoln,6
north,6
o,5
grece,5
they,5
federal,5
gerd,5
patsouras,5
disarmament,5
italian,5
fine,5
west,5
ronald,5
ray,5
walter,5
immigrants,5
response,5
immigrant,5
problem,5
prehistoric,5
das,5
patrick,5
oder,5
moderne,5
quattrocento,5
xvii,5
reich,5
don,5
literature,5
grecque,5
mobilization,5
art,5
sculpture,5
archaeology,5
research,5
philip,5
community,5
second,5
cuban,5
industrial,5
smith,5
foreign,5
regulation,5
edward,5
schlacht,5
immigration,5
kenneth,5
joachim,5
eugene,5
series,5
theory,5
nell,5
land,5
vi,5
views,5
bernard,4
nicholas,4
gerald,4
police,4
style,4
ian,4
into,4
experience,4
travers,4
davis,4
olga,4
tradition,4
ubelaker,4
influences,4
henry,4
wolfram,4
tsarist,4
steiner,4
conflict,4
relations,4
walthall,4
politique,4
third,4
jones,4
influence,4
kromm,4
town,4
their,4
perkins,4
k,4
raymond,4
giuseppe,4
greeks,4
india,4
mary,4
verano,4
allen,4
shmuel,4
view,4
constitution,4
authority,4
kennedy,4
hopkins,4
cohen,4
nel,4
judicial,4
wayne,4
deutscher,4
tr,4
dal,4
collective,4
nazi,4
institution,4
stoler,4
alliance,4
ethnicity,4
eine,4
settlement,4
tony,4
elaine,4
wolfgang,4
degli,4
armee,4
epoque,4
architecture,4
populations,4
grande,4
uber,4
bill,4
southeast,4
relationship,4
mission,4
under,4
structure,4
grecs,4
times,4
two,4
party,4
frederick,4
towns,4
ueberschar,4
turner,4
villa,4
reform,4
als,4
classical,4
francaise,4
historiographie,4
wette,4
spain,4
secular,4
judith,4
native,4
status,4
kathleen,4
eighteenth,4
sieles,4
ideas,4
gioachimita,4
pendant,4
vii,4
workers,4
fr,4
dell,4
xvi,4
sacred,4
greece,4
risk,4
africa,4
dm,4
science,4
buisseret,4
who,4
plains,4
antiquity,4
life,4
class,4
education,4
school,4
shadow,4
conclusion,4
look,4
frieze,4
bronze,4
regime,4
temple,4
katz,4
country,4
cities,4
manfred,4
interwar,4
sociology,4
institute,4
imperial,4
middle,4
elizabethan,4
rochester,4
alain,4
colonial,4
youth,4
years,4
twentieth,4
catherine,4
reformation,4
castile,4
weber,4
technological,4
arnold,4
gabor,3
bonnelyn,3
emerson,3
career,3
over,3
distributed,3
birth,3
larry,3
pierre,3
prince,3
nice,3
latawski,3
electoral,3
creation,3
interests,3
xxi,3
nature,3
historiography,3
xiii,3
court,3
graham,3
cultural,3
johns,3
eastern,3
u,3
demography,3
jack,3
be,3
mikhail,3
gegner,3
powers,3
failure,3
kunze,3
soziologie,3
central,3
cunningham,3
kushner,3
representations,3
sacree,3
jeremy,3
bacon,3
prophecy,3
old,3
clark,3
back,3
syracuse,3
young,3
jacob,3
tra,3
boureau,3
patrons,3
jerusalem,3
rights,3
etudes,3
mckercher,3
wissenschaft,3
roi,3
landscape,3
michel,3
moore,3
front,3
cathedral,3
was,3
dwight,3
peasant,3
gable,3
impact,3
bruce,3
emmer,3
democratic,3
noakes,3
union,3
avant,3
gregory,3
gioacchino,3
intellectuals,3
xiv,3
eisenhower,3
ruggieri,3
concept,3
treadgold,3
nation,3
great,3
overview,3
work,3
emancipation,3
orient,3
il,3
xviii,3
president,3
premiere,3
change,3
siecle,3
ingerflom,3
amnon,3
socialist,3
adriano,3
mediterranean,3
berg,3
spanish,3
coast,3
tradizione,3
roots,3
crime,3
civil,3
trigano,3
battle,3
reflexions,3
exeter,3
rome,3
escatologia,3
expansion,3
giovanni,3
timberlake,3
innovation,3
roberto,3
frank,3
hellenistic,3
victor,3
security,3
tomlins,3
sociologists,3
thessalonique,3
englishness,3
den,3
jay,3
aux,3
wright,3
bischof,3
present,3
lee,3
hautes,3
dirk,3
towards,3
westdeutsche,3
documents,3
mondo,3
claudio,3
viii,3
gray,3
arthur,3
man,3
behind,3
model,3
are,3
empire,3
renaissance,3
free,3
day,3
local,3
mckean,3
una,3
ragan,3
retallack,3
elections,3
ideology,3
mythos,3
congress,3
ethnic,3
franklin,3
three,3
profession,3
modernization,3
entre,3
tim,3
high,3
presidential,3
mind,3
study,3
feindbilder,3
morris,3
ambrose,3
decision,3
hunt,3
buildings,3
bee,3
sergio,3
linda,3
criminal,3
cuba,3
sacralite,3
lawrence,3
fall,3
perceptions,3
canada,3
royaute,3
boris,3
mathias,3
neuzeit,3
origins,3
principles,3
publizistik,3
woman,3
gian,3
bryant,3
sociales,3
reservations,3
erinnerungen,3
commission,3
exploration,3
did,3
iii,3
guy,3
latin,3
mass,3
klaus,3
economy,3
proceedings,3
conservation,3
lands,3
perestroika,3
amy,3
constitutional,3
anna,3
cristianita,3
ses,3
size,3
son,3
role,3
gerard,3
famille,3
plans,3
mohl,3
indians,3
writing,3
ein,3
pouvoir,3
formation,3
deutschland,3
illinois,3
argentina,3
institutional,3
citizenship,3
philosophy,3
hans,3
gunter,3
mason,3
cook,3
mondiale,3
re,3
politischen,3
reservation,3
courts,2
kahn,2
regional,2
giovan,2
limits,2
ethics,2
common,2
nuovo,2
edmund,2
stuart,2
soldaten,2
artisti,2
dalton,2
mars,2
market,2
reconsidered,2
worthy,2
jane,2
utility,2
berlin,2
thessalonike,2
hellenique,2
tulard,2
reassessment,2
stone,2
rogers,2
schools,2
philippe,2
madeleine,2
wallace,2
julianna,2
fra,2
moshe,2
nord,2
royal,2
assisted,2
village,2
liberation,2
restauration,2
antifederalism,2
arms,2
diffusion,2
gail,2
joachite,2
suny,2
morton,2
australia,2
ostdeutschland,2
swedish,2
frankfurt,2
fifteenth,2
if,2
implications,2
later,2
restoration,2
estate,2
kent,2
neil,2
switzerland,2
asia,2
menjot,2
neal,2
boritt,2
menahem,2
wendell,2
feminism,2
origin,2
colloque,2
hunting,2
survey,2
comparative,2
harvey,2
maurice,2
jill,2
gioachimiti,2
keith,2
banker,2
bohemia,2
monarchique,2
illini,2
dissemination,2
continuite,2
portugal,2
teddy,2
historians,2
ferdinand,2
bases,2
iv,2
geschichtswissenschaft,2
hirsch,2
veterans,2
knife,2
bosbach,2
marc,2
warner,2
sixteenth,2
bricolage,2
restraints,2
studi,2
reaction,2
bibliography,2
move,2
apocalyptic,2
emile,2
rosa,2
timothy,2
establishment,2
resources,2
liberals,2
moral,2
analyse,2
zaslavsky,2
doctrine,2
harold,2
escatologica,2
marietti,2
iron,2
deux,2
language,2
campbell,2
since,2
revisited,2
bologna,2
feldpostbriefe,2
internazionale,2
sociale,2
medio,2
principautes,2
kaiserreich,2
sabine,2
natalie,2
negli,2
poets,2
living,2
antifederalists,2
fischer,2
westport,2
sauerlander,2
individual,2
roosevelts,2
italiano,2
gaul,2
texte,2
conspiracy,2
jeanne,2
kelley,2
lettere,2
leadership,2
riforma,2
coal,2
rivka,2
hidas,2
chartres,2
geneva,2
fleet,2
air,2
no,2
testi,2
ogallala,2
camp,2
patron,2
irmscher,2
appreciation,2
process,2
johannes,2
christine,2
sikcles,2
puskas,2
scienze,2
ix,2
ole,2
prophetisme,2
evolution,2
factors,2
monuments,2
psychologie,2
marks,2
legende,2
prehistory,2
respond,2
occupational,2
river,2
literary,2
yes,2
emergence,2
schapsmeier,2
liberal,2
davison,2
karrow,2
moyen,2
ville,2
xi,2
migrants,2
had,2
stewart,2
carlson,2
dello,2
beyond,2
gieben,2
etrangeres,2
saving,2
cartaceo,2
bruno,2
fruhen,2
antecedents,2
interpretazione,2
franz,2
reflections,2
irrigation,2
chronologie,2
mcgill,2
zeit,2
porter,2
critic,2
histories,2
postes,2
search,2
taschenbuch,2
octobre,2
amsterdam,2
separatism,2
missouri,2
out,2
international,2
carolina,2
poetry,2
egypt,2
big,2
left,2
occupation,2
wales,2
poverty,2
chief,2
anderson,2
naylor,2
comme,2
sul,2
brenner,2
cassiano,2
guidance,2
andre,2
haslam,2
christianity,2
memory,2
technical,2
antifederalist,2
lapidus,2
joanna,2
paola,2
museo,2
griechen,2
tenure,2
northwest,2
issues,2
debouzy,2
historische,2
music,2
vijayanagara,2
cornwall,2
inizi,2
minds,2
hidden,2
sowjetischen,2
disegni,2
foreman,2
stick,2
brautigam,2
intercontinental,2
peterson,2
arena,2
marx,2
deborah,2
one,2
andrea,2
rutgers,2
precontact,2
feindes,2
insurance,2
family,2
performance,2
smithsonian,2
vorsey,2
wollons,2
presence,2
modernes,2
texas,2
dem,2
brown,2
scott,2
weiss,2
progress,2
florida,2
genoa,2
francais,2
pettegree,2
funfzig,2
constantin,2
abbot,2
basil,2
nationalsozialismus,2
cle,2
may,2
myth,2
stanford,2
crow,2
prosperi,2
lynn,2
brian,2
exile,2
reconstruction,2
buck,2
gyorgy,2
philosophie,2
vie,2
helmut,2
communities,2
offenders,2
gospel,2
wake,2
treaty,2
lloyd,2
etat,2
duchy,2
willibald,2
heinz,2
columbus,2
disafforestation,2
koch,2
perry,2
home,2
policies,2
commonwealth,2
liberty,2
islam,2
apres,2
baltimore,2
ed,2
gi,2
meir,2
without,2
essai,2
denis,2
transatlantic,2
act,2
management,2
lewis,2
tour,2
inventive,2
business,2
strike,2
figure,2
mark,2
nationalists,2
toward,2
fin,2
amour,2
potesta,2
kolinsky,2
idea,2
praeger,2
travaux,2
sullivan,2
nathan,2
infectious,2
navy,2
primo,2
suffrage,2
anne,2
dmowski,2
honor,2
religiose,2
do,2
monographs,2
imperatives,2
lower,2
beaune,2
nicolas,2
medievales,2
xxe,2
diplomat,2
piety,2
magnus,2
japan,2
dunn,2
ou,2
controversy,2
routledge,2
pozzo,2
wood,2
mill,2
alan,2
palestine,2
interpreting,2
sir,2
simon,2
popular,2
understanding,2
mughal,2
exploring,2
discussion,2
danzer,2
antonio,2
yom,2
israel,2
rosemarie,2
maria,2
auf,2
were,2
nationalism,2
samuel,2
california,2
netherlands,2
trade,2
low,2
xv,2
margaret,2
truths,2
historic,2
russie,2
archaeological,2
reality,2
laboratories,2
scandinavia,2
nelle,2
health,2
luca,2
lady,2
august,2
eve,2
architectural,2
caribbean,2
like,2
inventing,2
vita,2
eines,2
ernst,2
presse,2
commerce,2
jewry,2
guillaume,2
epistemology,2
roumaines,2
can,2
mouvements,2
garner,2
postwar,2
harley,2
field,2
southwest,2
northern,2
figures,2
haven,2
russischen,2
monarchie,2
creativity,2
kasler,2
literaturwissenschaft,2
space,2
juifs,2
arc,2
dual,2
milton,2
charters,2
ecole,2
darstellung,2
hill,2
grim,2
dimensions,2
fraternity,2
force,2
papers,2
contribution,2
wilhelmine,2
transformation,2
lucas,2
legacy,2
countries,2
brunswick,2
literacy,2
construction,2
iowa,2
association,2
you,2
federalists,2
austria,2
strategic,2
victoria,2
judaisme,2
ned,2
resisting,2
tov,2
aspiring,2
marjorie,2
francesco,2
changing,2
twentiethcentury,2
jacobin,2
cohn,2
organization,2
midcontinent,2
jewishness,2
nuova,2
einer,2
wahrend,2
why,2
singh,2
berkeley,2
steven,2
project,2
pietro,2
propaganda,2
gonen,2
associations,2
identities,2
richelieu,2
prospects,2
pour,2
oliver,2
kontinuitat,2
silber,2
hall,2
what,2
reign,2
preface,2
selected,2
abraham,2
sepharade,2
goldman,2
saint,2
frises,2
alice,2
marta,2
mythe,2
marianne,2
rapports,2
osborne,2
terre,2
roger,2
virginia,2
freedom,2
martha,2
stern,2
boston,2
through,2
jahrhunderts,2
revolutions,2
centro,2
legislation,2
salonique,2
egyptian,2
benz,2
margam,2
alla,2
fondation,2
our,2
stolypin,2
kansas,2
wild,2
students,2
chile,2
conscience,2
assis,2
cas,2
conn,2
cropper,2
sprung,2
origines,2
ordre,2
canadian,2
green,2
romane,2
juif,2
roberta,2
secolo,2
summary,2
illustrazione,2
carl,2
spectator,2
region,2
alexandra,2
johnson,2
chicago,2
debate,2
images,2
among,2
taylor,2
building,2
yannis,2
fur,2
race,2
draft,2
perception,2
sa,1
florence,1
tournaments,1
euboian,1
falsche,1
synagogues,1
laura,1
democratization,1
tokyo,1
hanak,1
triangle,1
graecus,1
care,1
portuguese,1
order,1
rahim,1
profetici,1
westbury,1
sermons,1
sunil,1
avraham,1
appropriation,1
revisionist,1
struggle,1
believers,1
parole,1
vor,1
swanimote,1
pobedonostsev,1
obligations,1
bossert,1
teeri,1
autres,1
industrielle,1
cattura,1
bulloch,1
hinze,1
dolmetschers,1
universal,1
hine,1
illustrierten,1
anatolian,1
erenyi,1
creagh,1
chivalry,1
piotr,1
kathi,1
macculloch,1
roumain,1
katerina,1
rev,1
responds,1
bedeutung,1
kolloquien,1
wir,1
otis,1
keller,1
baylt,1
vienna,1
scholar,1
anaesthetics,1
wandycz,1
patronamerican,1
saprykin,1
taft,1
collin,1
teatrale,1
tionontate,1
adela,1
wortman,1
glynzounis,1
fayard,1
alle,1
declining,1
camillo,1
ostzone,1
kalinowski,1
vues,1
fantar,1
hasegawa,1
northeast,1
dissolution,1
khilnani,1
hollinger,1
detour,1
alone,1
holocaust,1
clio,1
razo,1
karaisme,1
servir,1
battlefield,1
kierkegaard,1
beguines,1
postman,1
sua,1
jelavich,1
italie,1
evans,1
ponts,1
ceuvre,1
farrar,1
church,1
engberg,1
bei,1
overland,1
center,1
large,1
kostiner,1
kinder,1
burton,1
vitorino,1
enduring,1
xe,1
goff,1
thunderer,1
polymer,1
atlases,1
squandered,1
rainer,1
mcginn,1
diplomatic,1
jon,1
arnau,1
galatino,1
anfang,1
correspondance,1
goldfield,1
surviving,1
tweed,1
ihr,1
chester,1
sogno,1
songs,1
anno,1
spck,1
library,1
faraday,1
joachimism,1
wars,1
self,1
ana,1
huron,1
bureaucracy,1
true,1
bouchard,1
chaselansdale,1
literaturauswahl,1
vazquez,1
unterricht,1
dorsten,1
stephenson,1
walker,1
marcus,1
spiritus,1
israe,1
peloponnesian,1
steve,1
athenian,1
normandie,1
genius,1
musick,1
aldcroft,1
vecoli,1
wolf,1
treponematosis,1
clifford,1
xxxi,1
giants,1
telegraphe,1
duke,1
mazar,1
horst,1
odyssey,1
higham,1
continuity,1
rhetorik,1
ideals,1
pail,1
lerner,1
nicht,1
liens,1
comparisons,1
onzieme,1
suo,1
rey,1
description,1
allies,1
fondements,1
breuillard,1
stefan,1
futile,1
grumbling,1
barkay,1
rapporti,1
evaluating,1
schroder,1
fathers,1
politie,1
autour,1
beckett,1
stampfer,1
cristiano,1
prophetie,1
jindra,1
daniela,1
guise,1
ussr,1
ideologie,1
hayes,1
zwischen,1
pehle,1
harman,1
thematic,1
cesarani,1
schulbuch,1
beispiel,1
loyd,1
moravia,1
collomp,1
isserman,1
aprlesj,1
urdu,1
annals,1
busier,1
institutes,1
topographies,1
navies,1
segre,1
clinquart,1
baumann,1
contexts,1
khajuraho,1
lambertini,1
themes,1
ubereinstimmung,1
global,1
fettman,1
test,1
shoemaker,1
postbellum,1
memoiren,1
sysse,1
emanant,1
rosinski,1
island,1
kozlovskii,1
paulo,1
genese,1
melvin,1
bass,1
mast,1
ludwigs,1
tipografia,1
paterson,1
keeper,1
skourtis,1
zambelli,1
amihai,1
pseudogioachimiti,1
sources,1
that,1
normality,1
footitt,1
eldenjohnson,1
propagandes,1
venice,1
topographic,1
reckner,1
aziatchina,1
connection,1
utopia,1
letters,1
victim,1
quartier,1
yaakov,1
neolithic,1
hellenic,1
escatologiche,1
crandell,1
brigitte,1
give,1
abdur,1
syrie,1
adjudication,1
royaume,1
injohn,1
contrasted,1
composer,1
might,1
rush,1
spencer,1
hatters,1
systems,1
attempt,1
brien,1
sasson,1
giovanna,1
steadman,1
all,1
hasidei,1
diseases,1
nadeschda,1
stratification,1
experiments,1
terribilis,1
ranching,1
andrzej,1
parties,1
memorial,1
hitchcock,1
emprunts,1
kampmann,1
possibilities,1
lara,1
allan,1
simeone,1
lev,1
brokers,1
coronations,1
peck,1
capitalist,1
moderna,1
avec,1
homestead,1
professions,1
militaires,1
down,1
crimea,1
credits,1
christoph,1
own,1
debra,1
babylon,1
short,1
ben,1
naissance,1
milyukov,1
echols,1
litteratura,1
katus,1
mariage,1
roland,1
laudians,1
hanlon,1
yeshivot,1
rich,1
franc,1
narrative,1
citizens,1
oyster,1
confront,1
wynn,1
revisions,1
aesthetic,1
mills,1
lassman,1
wolgograd,1
abolishing,1
lasse,1
trieste,1
crenshaw,1
mcguire,1
munitions,1
juvenile,1
localist,1
echi,1
cavafy,1
fdr,1
religion,1
fonctionnaires,1
marchands,1
hubert,1
histo,1
kirchen,1
michaelis,1
fitt,1
republicanism,1
purposes,1
juristen,1
celui,1
kempton,1
schurman,1
carta,1
galina,1
jahangir,1
figurativi,1
heffner,1
rouxel,1
last,1
quigg,1
verarbeitung,1
miles,1
murray,1
zu,1
applegate,1
stacy,1
blackwell,1
primitive,1
karady,1
mihail,1
pratique,1
waselkov,1
physical,1
epidemics,1
reading,1
ambiguous,1
intelligence,1
nina,1
eisenzeit,1
byzantium,1
lazzerini,1
bezymenskij,1
mapping,1
lution,1
rethinking,1
rolf,1
tragedy,1
contents,1
sunbelt,1
apprentice,1
ad,1
uspenskij,1
system,1
americanism,1
adams,1
risa,1
nowhere,1
issue,1
actor,1
charakterologen,1
invasions,1
fortune,1
con,1
harmut,1
officer,1
milner,1
governmental,1
entente,1
civics,1
breens,1
baumgarten,1
heldenepos,1
josep,1
epstein,1
rocker,1
alfred,1
harris,1
feldpost,1
neustadian,1
roback,1
gartner,1
conzen,1
roberts,1
segl,1
neuorientierung,1
guineas,1
espace,1
pierleone,1
mulatto,1
israelite,1
bur,1
stampe,1
fortas,1
wai,1
matthew,1
stalingradbunde,1
dualite,1
denes,1
rabbinat,1
tenth,1
compagnie,1
forkts,1
right,1
nationalities,1
mammy,1
sociographers,1
microscopy,1
design,1
hoxie,1
mythology,1
paterlini,1
bibliquejusqu,1
royalty,1
caterina,1
temoignage,1
lepelley,1
appunti,1
soldier,1
possible,1
unfinishedjourney,1
hooligans,1
aldrovandi,1
freris,1
machinery,1
cooperation,1
hellenes,1
activity,1
open,1
vero,1
dominicain,1
changement,1
ralegh,1
anmerkungen,1
nardelli,1
moderation,1
roy,1
spink,1
april,1
zvi,1
october,1
pederson,1
padre,1
greene,1
otium,1
walaszek,1
freitas,1
sicherheit,1
ortner,1
evelina,1
socievolezza,1
reconsidering,1
taking,1
mental,1
sacre,1
statue,1
variations,1
bell,1
regehr,1
geteilten,1
mcburney,1
canning,1
orista,1
xxix,1
stertz,1
laws,1
grandmesnil,1
eva,1
bully,1
chiefjustices,1
phoenicians,1
scandal,1
dispute,1
agnts,1
revolutuion,1
schwaiger,1
intraand,1
priesthoods,1
ois,1
evyatar,1
amendment,1
regnum,1
facto,1
roseanne,1
gillmor,1
teich,1
leokadia,1
marginalized,1
feldman,1
lars,1
prototype,1
molho,1
analeptic,1
warfare,1
foerster,1
regrounding,1
losito,1
templer,1
beggars,1
sign,1
leblanc,1
joachims,1
garden,1
electromagnetic,1
autre,1
bahloul,1
framework,1
casebeer,1
canyon,1
expertise,1
jennifer,1
segregation,1
sphere,1
kranfiras,1
possessing,1
zweig,1
albrecht,1
schimmel,1
township,1
berichte,1
rouen,1
lover,1
pows,1
beascoechea,1
collapse,1
cazacu,1
electron,1
furlow,1
efrem,1
dei,1
campagna,1
merchants,1
christiane,1
montreal,1
documento,1
author,1
faulenbach,1
annotated,1
helga,1
aus,1
norme,1
leur,1
scheiber,1
inner,1
studien,1
unger,1
axioms,1
papanikos,1
reff,1
medical,1
contamine,1
barton,1
interior,1
englandbild,1
auslander,1
pursuit,1
dobrzycki,1
helen,1
carsten,1
processus,1
pseudohistory,1
lectures,1
kudlick,1
angloamerican,1
forgotten,1
ratke,1
kehila,1
rinser,1
chauss,1
steinfeld,1
pretre,1
moment,1
libertatis,1
experts,1
gendered,1
realism,1
workhouse,1
te,1
odon,1
cahn,1
consumer,1
hegyi,1
katastrophe,1
club,1
christlichen,1
price,1
paupers,1
saxony,1
application,1
tucson,1
annamaria,1
writ,1
macey,1
etiquette,1
miners,1
meyer,1
sillem,1
scheese,1
jesus,1
notker,1
manuscript,1
learning,1
forced,1
lasko,1
financing,1
shulman,1
slav,1
contagious,1
buddhism,1
urspr,1
variazioni,1
veille,1
soufis,1
ive,1
verwundetenund,1
drainage,1
shearing,1
probabilities,1
elements,1
romisches,1
ambrosius,1
umayyad,1
ferrer,1
prospettiva,1
bay,1
joze,1
chilean,1
fielding,1
unspeakable,1
vom,1
extrajudicial,1
mavrocordatos,1
fougtre,1
lenville,1
greenbaum,1
gershenzon,1
savoir,1
haskala,1
wiedervereinigungsprozesses,1
salvatore,1
aaron,1
serving,1
columbia,1
restrict,1
africans,1
hellenophones,1
capestrano,1
kitroeff,1
israelienne,1
lineage,1
attitude,1
remarques,1
beginn,1
importance,1
compared,1
argentine,1
carlos,1
zweiten,1
smaro,1
poles,1
retranche,1
etablierung,1
cardinal,1
chappe,1
marlowe,1
networks,1
introduzione,1
georges,1
lieberwitz,1
ashkenaz,1
lorsque,1
peckham,1
nainsukh,1
hales,1
bundeswehr,1
alltag,1
kelly,1
weltkrieges,1
rives,1
nick,1
osterreichischen,1
unconditional,1
journal,1
rossetti,1
eliyahu,1
refulgent,1
irrlitz,1
imagerie,1
karen,1
spelman,1
vergnolle,1
palestinianarab,1
frisch,1
diasporabegriff,1
kelsch,1
citizen,1
pennsylvania,1
beattie,1
jeannine,1
secularism,1
auch,1
cordwainers,1
crawford,1
unemployment,1
xivi,1
ljungmark,1
stanley,1
pasteur,1
cravens,1
passe,1
carata,1
wildmalm,1
hundert,1
claude,1
stimmungsumschwung,1
fabrique,1
bookland,1
palindromic,1
petrioli,1
edited,1
unphilosopher,1
papadopouloskillius,1
industries,1
blick,1
impossible,1
lyon,1
finances,1
fascist,1
buried,1
dibattito,1
immagine,1
economique,1
pow,1
jtrgen,1
cameron,1
civilization,1
squaring,1
haymarket,1
nazareth,1
via,1
crouch,1
cristianitd,1
leaseholders,1
duane,1
colin,1
philadelphia,1
nota,1
yerolympos,1
americans,1
choosers,1
hershberg,1
bull,1
troc,1
silence,1
stunde,1
weatherman,1
orientale,1
hatzopoulos,1
kleinen,1
istituto,1
autobiographies,1
critica,1
operations,1
vergani,1
sibora,1
luigi,1
montaigne,1
ammianus,1
almeida,1
reviv,1
zagorin,1
tiger,1
motivation,1
alastair,1
proem,1
destroy,1
wiedersehen,1
etkes,1
pards,1
graf,1
dauber,1
dry,1
maimonidienne,1
veneziana,1
napoli,1
allende,1
ecoles,1
massensterben,1
keil,1
wahrmann,1
joan,1
ritta,1
effable,1
kind,1
riasanovsky,1
conservatism,1
ferrarese,1
dynasty,1
rocca,1
tedebrand,1
coastal,1
gauthiez,1
westdeutscher,1
highway,1
egyptology,1
verteidiger,1
stuttgart,1
levine,1
preachers,1
kollektiver,1
tsuyoshi,1
tofani,1
populism,1
jupiters,1
fever,1
edwin,1
rescue,1
alabama,1
zemstvo,1
tyagaraja,1
cesare,1
librarie,1
trial,1
xvime,1
autografi,1
biagioli,1
badlands,1
chez,1
certain,1
kunst,1
alaska,1
theamerican,1
residential,1
principe,1
eisenstadt,1
janusz,1
vivisection,1
kehrig,1
disintegration,1
pages,1
barrow,1
euch,1
stein,1
persilscheine,1
rusconi,1
lorenzo,1
seibt,1
danbury,1
debat,1
earl,1
lawyer,1
reforms,1
limitation,1
adam,1
higginbotham,1
mesquakie,1
roth,1
voice,1
plagio,1
derek,1
supposed,1
ivermectin,1
alcuni,1
lea,1
darien,1
brendan,1
experiences,1
galai,1
lose,1
hierarchique,1
wash,1
ram,1
freyer,1
understand,1
gerlach,1
archiven,1
eliane,1
halakha,1
diskussionsbericht,1
devorsey,1
provinces,1
developpement,1
loosbrock,1
perrier,1
kampf,1
dean,1
diemut,1
totalitarianism,1
female,1
larson,1
cowdrey,1
calif,1
ranulf,1
moved,1
krankenversorgung,1
schleier,1
beau,1
benefits,1
mouvement,1
creek,1
expedition,1
erfurt,1
yellow,1
morgan,1
workplace,1
gtlinas,1
sacra,1
dalla,1
greenberg,1
warren,1
section,1
consciousness,1
edition,1
slavic,1
fourierist,1
ideologies,1
numbers,1
mittelalters,1
religieux,1
fairness,1
pasqualucci,1
stimmung,1
venetian,1
recycling,1
kimberly,1
dobyns,1
listed,1
profile,1
claims,1
mondale,1
steinbach,1
cousins,1
jukes,1
macedoine,1
zionist,1
agricultural,1
most,1
leicester,1
tecnica,1
serafim,1
inquisitions,1
nullification,1
postel,1
harries,1
konzeptionen,1
textile,1
revolutionnaire,1
marchetti,1
graves,1
dailey,1
logiques,1
protection,1
actes,1
robertj,1
organisation,1
peninsula,1
overmans,1
mannes,1
plates,1
executif,1
centralisation,1
pedroncini,1
dray,1
melville,1
adolfo,1
oppression,1
exploitation,1
witness,1
utah,1
cimelio,1
irad,1
oklahoma,1
bevolkerung,1
elazar,1
gallas,1
labour,1
athenes,1
mit,1
malettke,1
yehuda,1
protohistory,1
contariniana,1
choices,1
detroit,1
export,1
bloody,1
tweney,1
duel,1
icelandic,1
piscataqua,1
parigi,1
myths,1
quentin,1
nebraska,1
angekommen,1
slavin,1
decembre,1
konkurrent,1
prisoners,1
haggai,1
cristina,1
brockliss,1
farber,1
affaires,1
feindschaft,1
sociaux,1
coletre,1
erlich,1
microprobe,1
chretienne,1
denken,1
intineraire,1
gioachimismo,1
cordery,1
cynthia,1
pest,1
migrant,1
dixon,1
chickering,1
gandara,1
comments,1
future,1
heritages,1
method,1
found,1
kingship,1
basin,1
demise,1
strength,1
boydell,1
serge,1
meijer,1
richmond,1
toby,1
archibald,1
employment,1
baton,1
romolo,1
naumann,1
intellectueljuif,1
centers,1
polemica,1
cleavages,1
creates,1
scotland,1
monarchies,1
abbey,1
drobizheva,1
rudolf,1
cornelia,1
hebrew,1
taurike,1
monitoring,1
peuple,1
near,1
habsburg,1
diet,1
lukitz,1
mabee,1
ascherson,1
italiana,1
neubeginn,1
bastion,1
michell,1
hattam,1
thurber,1
initial,1
blockade,1
albany,1
representative,1
tabarroni,1
academic,1
comodita,1
density,1
unions,1
rudiger,1
economiques,1
friends,1
delle,1
lebow,1
ger,1
khersonesos,1
randolph,1
schaefer,1
mackay,1
stodder,1
birthday,1
raynaud,1
chinese,1
editoriale,1
corinthien,1
renovierung,1
toinet,1
rent,1
spiegel,1
kafkoula,1
romanesques,1
nei,1
reviews,1
bade,1
omissi,1
erbfeind,1
endzeitlicher,1
nevo,1
province,1
portland,1
amidst,1
cahiers,1
seiner,1
reformes,1
recently,1
schneider,1
boyd,1
sturgis,1
alessandro,1
saintete,1
bernini,1
tsars,1
applied,1
serie,1
corporis,1
gupta,1
publications,1
russell,1
darlene,1
seattle,1
tuscan,1
mcpherson,1
xix,1
mythes,1
cose,1
your,1
harmond,1
confirmation,1
centrale,1
volker,1
instrumental,1
mythologique,1
khristaris,1
monnier,1
thapar,1
maschke,1
opposition,1
wide,1
seamus,1
dalles,1
steininger,1
gods,1
pierangelo,1
periodization,1
adolescent,1
paleopathology,1
antisocialism,1
almroth,1
sicilian,1
intellectuel,1
fishman,1
sacres,1
lorna,1
scribe,1
orren,1
patterson,1
kitchen,1
kathryn,1
jim,1
fumaroli,1
esber,1
abuse,1
syria,1
messianiques,1
colonies,1
nichols,1
hog,1
guerrero,1
heiliges,1
theological,1
figurative,1
bakhuizen,1
intronati,1
mcandrew,1
judiciary,1
perez,1
sidorowicz,1
rauschenbusch,1
artifacts,1
budner,1
romans,1
accomplishment,1
britische,1
bc,1
faire,1
chang,1
impero,1
individuality,1
received,1
weaver,1
kukla,1
schlesinger,1
los,1
josef,1
evo,1
andes,1
writers,1
storiografia,1
servers,1
charity,1
heart,1
tanner,1
circolazione,1
lipsky,1
significantly,1
county,1
horwitz,1
friedrichs,1
murphys,1
su,1
kathy,1
civilisation,1
training,1
comunicazione,1
lautkontrastivistik,1
karoly,1
classification,1
scoperta,1
universelle,1
electrical,1
imposture,1
null,1
sydney,1
jacquelyn,1
ornithological,1
joelle,1
hornblower,1
helpful,1
fiorentina,1
skrjli,1
calamities,1
echangee,1
used,1
michaeljones,1
niederlanden,1
private,1
tale,1
downeast,1
special,1
laurence,1
older,1
intermediate,1
horn,1
parallelismi,1
neutro,1
cass,1
winfried,1
location,1
flight,1
icon,1
trimble,1
dru,1
contesto,1
mozeti,1
dahrendorf,1
rinke,1
izvol,1
europaischen,1
hieronimo,1
balwant,1
structures,1
hammerstein,1
bizantina,1
ontario,1
schwarzen,1
belligerent,1
reece,1
jahre,1
antike,1
horsley,1
midwestern,1
neoispano,1
stelle,1
bucharest,1
forces,1
lejournal,1
structuring,1
begat,1
africanization,1
bannister,1
feindbild,1
bestia,1
mirabile,1
riding,1
sabatier,1
folklore,1
michelle,1
grecques,1
ausgewahlte,1
mediterran,1
vigoni,1
reconstructing,1
gwynne,1
sociopolitical,1
monopoly,1
numismatike,1
heltne,1
militarism,1
armistices,1
burrow,1
bowman,1
lionel,1
libellus,1
cologne,1
milo,1
khanan,1
graduate,1
chemistry,1
bielenberg,1
cults,1
stabilita,1
preda,1
victory,1
exchequer,1
rao,1
foci,1
accademici,1
arkansas,1
probleme,1
mansus,1
bord,1
nicholls,1
entgegensetzung,1
wholesale,1
vida,1
responses,1
crevice,1
schetze,1
jahrhunderten,1
lucien,1
sds,1
statutory,1
reimann,1
officials,1
coker,1
kiki,1
ist,1
closing,1
maclaren,1
pluralism,1
gujnther,1
junket,1
georgieann,1
leases,1
kultur,1
reeves,1
working,1
vessey,1
anger,1
culte,1
meggers,1
ambassador,1
tom,1
shaping,1
parish,1
knoch,1
louisiane,1
calumet,1
maudits,1
diana,1
quinn,1
catholic,1
cartosio,1
apanos,1
pacifists,1
medievale,1
consolidation,1
royale,1
kreutz,1
midst,1
josepignasi,1
emerging,1
strandmann,1
soci,1
jardine,1
lakes,1
evangelizadores,1
small,1
gattens,1
dominick,1
figge,1
leland,1
soil,1
vince,1
consensus,1
june,1
contemporaneit,1
politician,1
indemnites,1
franpaise,1
governo,1
mendus,1
sylvia,1
eustace,1
aharon,1
indira,1
influssi,1
sonderleistungen,1
acts,1
vidya,1
ebrei,1
macdonald,1
easton,1
diablo,1
fire,1
mussen,1
dosithee,1
bernd,1
colloquia,1
priory,1
odore,1
boundaries,1
vitruviana,1
emmanuel,1
glover,1
friesel,1
saker,1
corporations,1
corridor,1
wabash,1
ironworks,1
diversita,1
figura,1
charite,1
egypte,1
mythological,1
marignac,1
fitzgerald,1
orthodox,1
breviloquium,1
ghastly,1
gibian,1
swerdlow,1
henrietta,1
kiple,1
cattle,1
behavior,1
productivity,1
nachrichten,1
arab,1
resistance,1
proper,1
damiano,1
hearings,1
universitde,1
bogdan,1
nachkriegsdeutschland,1
padagogik,1
tourkokratia,1
cycle,1
notes,1
loprete,1
performing,1
ricorso,1
bolzoni,1
vilanova,1
ntmedi,1
prelude,1
gennadio,1
missiles,1
standards,1
heyday,1
jost,1
monarchy,1
am,1
birk,1
founding,1
eileen,1
participation,1
lengyel,1
syndicalist,1
ritorno,1
pope,1
petroleum,1
lend,1
matpjkova,1
nations,1
modernisation,1
transforming,1
heideking,1
gyosz,1
skii,1
will,1
janice,1
vasilka,1
analytic,1
secret,1
ranki,1
photography,1
critical,1
xivime,1
therefore,1
wirsberger,1
brion,1
degros,1
murfett,1
margo,1
san,1
xixe,1
sail,1
neuman,1
underground,1
sons,1
belrem,1
georg,1
communist,1
antioch,1
smyth,1
metaphysical,1
hegemony,1
equality,1
matter,1
attempts,1
variety,1
bessel,1
pseudogioachimita,1
protecting,1
justices,1
inventors,1
unification,1
noble,1
muslims,1
dispositions,1
opening,1
gabriel,1
african,1
spaces,1
traditionserneuerung,1
discorde,1
lina,1
giertz,1
analyses,1
guerrini,1
federale,1
whipp,1
bodo,1
prasenz,1
schiera,1
imagery,1
kecht,1
synthesis,1
flore,1
rule,1
service,1
zwielicht,1
willie,1
judy,1
ferrari,1
techniques,1
horses,1
dickson,1
ancien,1
jeffery,1
bis,1
iroquoians,1
seine,1
urbanisme,1
missbrauchten,1
return,1
schultz,1
landless,1
impose,1
brief,1
doris,1
islands,1
chen,1
accumulation,1
neutrality,1
lectives,1
perarnau,1
museum,1
constraints,1
poor,1
cienciala,1
rois,1
prism,1
elusive,1
leon,1
roszkowski,1
sire,1
tranquility,1
july,1
still,1
bert,1
harry,1
echoing,1
abe,1
prophet,1
alfa,1
intervention,1
ulibarrena,1
malkin,1
nellis,1
herzen,1
schlossman,1
inoculation,1
entwicklungen,1
howlett,1
benbassa,1
reforming,1
slavonic,1
legend,1
chibnall,1
saggi,1
interlaken,1
cracking,1
ziegler,1
fort,1
pogge,1
kimball,1
viterbo,1
einsiedel,1
structural,1
engineering,1
xvie,1
gilbert,1
beach,1
golfe,1
confronting,1
about,1
robin,1
tuan,1
once,1
been,1
flugblatt,1
continuation,1
chr,1
agli,1
muendel,1
europea,1
dumitrescu,1
char,1
turmoil,1
magus,1
interpretation,1
toutes,1
hugh,1
hettling,1
barker,1
paradox,1
heather,1
reinterpreted,1
albert,1
precolumbian,1
lerman,1
loire,1
reciproci,1
commentator,1
excomm,1
god,1
perspiration,1
montant,1
populated,1
dowling,1
turk,1
us,1
commandement,1
confidence,1
cordillot,1
dowd,1
guerra,1
kremer,1
cholera,1
hamed,1
grimes,1
marshall,1
erinnerungsinterview,1
profane,1
mellen,1
tax,1
assimilation,1
sulla,1
ams,1
extinction,1
chiesa,1
opponent,1
reynolds,1
transformations,1
assistance,1
continents,1
shock,1
editions,1
ara,1
amazon,1
shifting,1
nabucodonosor,1
projector,1
eleventhcentury,1
friendship,1
passions,1
elliott,1
xviiie,1
mediaeval,1
dan,1
desan,1
alibi,1
but,1
maceo,1
friedel,1
nineteenthcentury,1
fahrenbach,1
these,1
rape,1
disobedience,1
gary,1
donnelly,1
kalman,1
hunger,1
coins,1
brerr,1
juana,1
propagande,1
anticristo,1
alten,1
mich,1
profetica,1
ingo,1
revoamerican,1
damiani,1
rise,1
mixte,1
lenoir,1
tears,1
devolution,1
dominguez,1
falter,1
suzanne,1
commune,1
stalingrads,1
hoffman,1
jo,1
kamboureli,1
trombley,1
breuer,1
love,1
representation,1
roxane,1
sven,1
ehemaligen,1
mimesis,1
stigmata,1
publikationen,1
brandeis,1
cecelia,1
resolution,1
kyriakou,1
funerary,1
seaver,1
albala,1
allemagne,1
siro,1
harrison,1
imitazione,1
evenements,1
recente,1
challenge,1
comparison,1
pushand,1
zaballa,1
miltiade,1
canonists,1
journey,1
significato,1
again,1
modernizzazione,1
statistics,1
polemic,1
krislov,1
biancamaria,1
higgins,1
chance,1
desai,1
rolvaag,1
jeanjacques,1
partner,1
eideneier,1
whitehouse,1
hanson,1
winter,1
many,1
savonarola,1
samuele,1
documenti,1
gentle,1
mcgurk,1
ripart,1
francaises,1
occident,1
generational,1
ivan,1
politische,1
emmett,1
artists,1
rhetorical,1
fasce,1
bild,1
euan,1
concepts,1
ostdeutsche,1
lack,1
automobile,1
detlef,1
latour,1
scovill,1
scholars,1
intime,1
graphic,1
imbert,1
areas,1
bourgeoisie,1
rehberg,1
epidemiology,1
mdewakanton,1
pologne,1
parlante,1
josephine,1
creative,1
proposal,1
plan,1
loyalism,1
jours,1
narayana,1
renovatio,1
poulter,1
homework,1
mythologie,1
lindsay,1
ahnlund,1
linehan,1
caliphate,1
shaul,1
schullery,1
teeth,1
mccagg,1
educated,1
grave,1
klaniczay,1
break,1
rozek,1
practitioners,1
valerio,1
becker,1
hobbes,1
quelques,1
allemand,1
linguistiques,1
mall,1
contemporary,1
levellers,1
nullpunkt,1
golden,1
caroll,1
junior,1
swiss,1
disegno,1
aquifer,1
ricerche,1
eclosion,1
gavaki,1
clarece,1
audiences,1
principates,1
biotron,1
couronnements,1
jeanpaul,1
terry,1
rhetoric,1
depopulation,1
consiglio,1
polygon,1
spettacolo,1
men,1
hoerder,1
sparta,1
hit,1
sweat,1
stasis,1
camacho,1
societejuive,1
ferdinando,1
savoie,1
centre,1
kerzner,1
helgi,1
kjartansson,1
archaologische,1
edison,1
xiiie,1
majer,1
umano,1
lepoque,1
visio,1
armaments,1
trotsky,1
richards,1
kolodny,1
pirjevee,1
indiglnes,1
figurate,1
lion,1
schritte,1
rotarmisten,1
wave,1
mourelos,1
michaelj,1
lemke,1
teachers,1
iberia,1
jahrhundert,1
neuanfang,1
bodek,1
morocco,1
colony,1
decade,1
mundo,1
thema,1
hartmut,1
fortification,1
esther,1
vaccine,1
hive,1
berman,1
mattes,1
vogel,1
robson,1
hamilton,1
compleat,1
mcreynolds,1
widersacher,1
bacskai,1
chalcolithic,1
germans,1
curiosite,1
streets,1
cowboy,1
northerly,1
dakota,1
vinovskis,1
historiographical,1
administratives,1
saunders,1
stance,1
violent,1
pittura,1
fight,1
saxonnes,1
recits,1
merlin,1
bonfil,1
niemeyer,1
scientifica,1
ricks,1
lucie,1
liv,1
classes,1
volk,1
mecenati,1
antisemitism,1
klingemann,1
persona,1
selfdescription,1
father,1
vivian,1
thuillier,1
berghahn,1
andhra,1
examples,1
turkey,1
mishkin,1
matei,1
discovery,1
barbe,1
cosimo,1
neilson,1
lakshmana,1
conceptions,1
mothers,1
range,1
painter,1
maritime,1
morello,1
zeugen,1
braungart,1
endowment,1
siena,1
kontinent,1
writings,1
formal,1
frankfurter,1
reichart,1
pantelakis,1
faur,1
lake,1
gorchakov,1
gophna,1
pinchots,1
ayllon,1
conversione,1
agonie,1
feldpostprufstellen,1
bericht,1
zeitgeschichte,1
harms,1
looking,1
see,1
clubs,1
maris,1
wojciech,1
eta,1
charts,1
glasman,1
briefe,1
douanes,1
epigraphic,1
birds,1
blum,1
lowe,1
skeletal,1
drug,1
magnes,1
prussia,1
ivo,1
lecture,1
attiva,1
moss,1
boema,1
food,1
rena,1
hypotheses,1
blidstein,1
ajnenkiel,1
camps,1
polyglots,1
bayreuther,1
francis,1
preparatory,1
aesthetics,1
causes,1
shopping,1
ciardi,1
carvalho,1
franca,1
chapiteau,1
shortcomings,1
ideologues,1
poesia,1
realitat,1
catalyst,1
royautes,1
politasthetik,1
nish,1
wolter,1
aufderheide,1
engineers,1
profezie,1
recovery,1
kingdom,1
salvador,1
services,1
individuals,1
asburgica,1
bellori,1
frame,1
heinrich,1
rzhev,1
office,1
heineman,1
goswamy,1
vistula,1
polarity,1
internal,1
rouge,1
nihilist,1
patents,1
spoleto,1
matrice,1
catalano,1
sarah,1
varga,1
reevaluated,1
landers,1
weindling,1
erbes,1
grove,1
isaiah,1
jully,1
wenning,1
tydfil,1
crises,1
instituting,1
reassessing,1
chretien,1
mitter,1
diplomacy,1
snyder,1
tridentine,1
maeva,1
carola,1
funktion,1
pittorica,1
jose,1
kostelny,1
stress,1
ulisse,1
rigo,1
periodo,1
urbanism,1
blois,1
avantpropos,1
realta,1
brass,1
ireland,1
ung,1
grell,1
carers,1
catholics,1
fairfax,1
patricia,1
defense,1
symposium,1
strumento,1
pride,1
divisions,1
fragments,1
chair,1
misperception,1
sagamore,1
somme,1
sebastian,1
spread,1
general,1
electorate,1
knack,1
anthropometric,1
kid,1
salus,1
brunot,1
thobie,1
morisi,1
tubingen,1
scolario,1
conversational,1
worldly,1
eaux,1
magna,1
systeme,1
minority,1
lothar,1
persistence,1
descartes,1
vergangenheitsbewaltigung,1
conversation,1
theocratic,1
losing,1
schiebel,1
standard,1
imprese,1
legislatif,1
forbath,1
thornton,1
contemplativa,1
instruction,1
my,1
exchange,1
herman,1
generalissimo,1
poetics,1
builder,1
faith,1
eberhard,1
duchardt,1
foves,1
debuts,1
civilian,1
especially,1
thorpe,1
pearl,1
zeitalter,1
coercive,1
maison,1
nationality,1
arizona,1
characteristics,1
schlereth,1
counterculture,1
verzar,1
viewpoint,1
sorenson,1
briennio,1
herklotz,1
parochial,1
technologies,1
interpretations,1
assessing,1
altamaha,1
wise,1
beatifica,1
ann,1
banking,1
orville,1
taciturna,1
facts,1
jesuits,1
sarantis,1
efie,1
sowjetunion,1
diamond,1
buikstra,1
machelon,1
jerzy,1
stimme,1
pollmann,1
offensive,1
symposia,1
congres,1
primeros,1
guale,1
usa,1
volto,1
communaute,1
pallis,1
those,1
tver,1
mcerlean,1
thirsk,1
manners,1
mckenna,1
versus,1
mainsprings,1
rosenhaft,1
invenzione,1
senior,1
schaub,1
destruction,1
industrialization,1
judischen,1
harding,1
colamerican,1
ambience,1
balkans,1
professional,1
corps,1
hanokh,1
pottery,1
louisiana,1
sandra,1
conseil,1
esegesi,1
hague,1
forsberg,1
viola,1
jahren,1
jankowki,1
joachimite,1
motif,1
maylis,1
verfuhrbarkeit,1
portare,1
academies,1
titanic,1
fenton,1
tore,1
abse,1
toison,1
indentured,1
genesis,1
dealing,1
wage,1
specificite,1
inedits,1
telephone,1
asking,1
antiquities,1
sandro,1
natiirliche,1
ferguson,1
bon,1
luise,1
topography,1
literaturgeschichte,1
jusserand,1
rojer,1
draper,1
szporluk,1
coercion,1
dolores,1
amanda,1
revolutionnaires,1
kanzel,1
backward,1
typologie,1
risks,1
marin,1
wisdom,1
sopra,1
independent,1
lehmann,1
keirn,1
schabas,1
danubian,1
maier,1
coproprietorship,1
earth,1
gegners,1
minorities,1
georgia,1
alun,1
outsiders,1
vision,1
practical,1
nyberg,1
ministry,1
arabia,1
program,1
tedesco,1
opinion,1
dorothy,1
geisteswelt,1
gutry,1
rencontre,1
motivi,1
birthplace,1
upham,1
meredith,1
wandel,1
mcgovern,1
gin,1
revele,1
prosecutions,1
vera,1
lines,1
andean,1
oreg,1
quaestio,1
ryan,1
leslie,1
europeennes,1
calcav,1
amazons,1
woot,1
garthoff,1
saranyana,1
success,1
army,1
liebeschuetz,1
nougaret,1
loring,1
eruditi,1
yale,1
straits,1
armed,1
jensen,1
nuevo,1
wanderings,1
delno,1
lives,1
tangier,1
thirteen,1
heydemann,1
safari,1
droz,1
commenc,1
legitimacy,1
septembre,1
bohlau,1
seminar,1
paradoxical,1
remembrance,1
eaton,1
sandhills,1
volumes,1
changes,1
ausstehen,1
es,1
impossibilities,1
publics,1
rudolph,1
platform,1
analysis,1
beneficiaries,1
smolka,1
gorman,1
russland,1
reihe,1
diplomatiques,1
baron,1
teresa,1
frontier,1
sibiu,1
controverse,1
hilary,1
kings,1
diskosntinuitat,1
roma,1
griechische,1
fontana,1
perini,1
constants,1
urbanization,1
gebaudes,1
months,1
get,1
aboriginal,1
gorbachev,1
obstacle,1
penicillin,1
christi,1
worlds,1
emlen,1
freedberg,1
kadet,1
jaffe,1
profestismo,1
premier,1
socialita,1
stampp,1
magalhaes,1
palastina,1
clinical,1
colette,1
forest,1
zbigniew,1
celia,1
ritratto,1
sautel,1
frankreichs,1
donjon,1
arcelus,1
reichstag,1
ultrasonic,1
branstner,1
pizanias,1
rebecca,1
viewed,1
joaquinista,1
klee,1
historique,1
todesahnungen,1
irmgard,1
presidency,1
vesells,1
geese,1
komlos,1
azimi,1
pacheco,1
praise,1
heavy,1
shelley,1
kirsch,1
objects,1
veblen,1
xxiv,1
machinatio,1
lessons,1
lemons,1
antecedent,1
rosenfeld,1
mann,1
kunstgeschichte,1
pallot,1
simmonds,1
paperbacks,1
congiunzione,1
nationale,1
mitchell,1
jurists,1
abyssinian,1
mario,1
consulaires,1
thorstein,1
deak,1
mythique,1
ecclesiae,1
agents,1
kochan,1
chat,1
boulogne,1
sowjetischer,1
cocke,1
arbre,1
sam,1
danzig,1
dichotomy,1
romila,1
vicent,1
theme,1
fiefs,1
giers,1
liora,1
kay,1
gert,1
beitrag,1
machiavellian,1
falsehood,1
leninist,1
masses,1
millenaristiche,1
heroique,1
hounshell,1
pretrise,1
bernstein,1
marino,1
bernardino,1
text,1
symbol,1
apokalyptik,1
equipment,1
earle,1
sweden,1
pinchot,1
pregnancy,1
satellite,1
kriegsgefangenschaft,1
napoleonic,1
ars,1
clarence,1
republics,1
moudros,1
quakers,1
milieu,1
tematiche,1
reiches,1
easy,1
paolo,1
egidio,1
tenu,1
natural,1
guthmcller,1
bacque,1
poulantzas,1
hieremian,1
intellectual,1
anthropological,1
principle,1
control,1
fitness,1
hoover,1
strauss,1
readily,1
morner,1
germanjournalist,1
transcendent,1
offizieller,1
canonesses,1
kadish,1
par,1
organized,1
nobility,1
krylowa,1
dehejia,1
asher,1
pietistes,1
kinereth,1
patschovsky,1
oranges,1
europabewusstsein,1
tropea,1
braverman,1
zeugnisse,1
gone,1
marginalization,1
findlay,1
starovoiteva,1
inni,1
latere,1
elisabeth,1
leaders,1
ahr,1
buddhist,1
fanning,1
hugo,1
imaginaire,1
bird,1
ltudes,1
skinner,1
xl,1
agreement,1
raja,1
half,1
colonisation,1
constructions,1
marvin,1
hassidique,1
current,1
malmesbury,1
temoignages,1
substance,1
continuita,1
ratification,1
speech,1
giombi,1
post,1
grossman,1
ideological,1
papa,1
brothers,1
losses,1
tribes,1
storia,1
manchester,1
deutschsprachigen,1
metaphysics,1
collins,1
plague,1
theology,1
thinking,1
sharot,1
powell,1
far,1
xxii,1
enceinte,1
aerial,1
eyeing,1
yeshurun,1
antiquarischen,1
dn,1
ambivalent,1
chumash,1
elia,1
disputes,1
rural,1
type,1
tessalonica,1
masters,1
historian,1
amendments,1
elites,1
pigg,1
better,1
asturienne,1
mwdi,1
monde,1
tfle,1
miami,1
humburg,1
elena,1
einem,1
mob,1
ladies,1
zeller,1
ajanta,1
activism,1
revel,1
reliefs,1
godinho,1
hillier,1
partha,1
quality,1
horns,1
eightieth,1
morse,1
islamic,1
degler,1
sharman,1
redefinition,1
bristol,1
reactions,1
them,1
physiology,1
allain,1
rose,1
chevaleresque,1
candee,1
donagher,1
rebellion,1
solinas,1
orleans,1
ofer,1
quartet,1
stilling,1
ottavio,1
marquette,1
danach,1
trubowitz,1
enjeux,1
austrian,1
bernhard,1
sully,1
auerbach,1
armies,1
manuscripts,1
konnt,1
millett,1
axis,1
dedicated,1
shortages,1
russians,1
scandinaves,1
support,1
parliament,1
admiral,1
garbarino,1
dervish,1
hewitt,1
utilitarian,1
lamberini,1
getting,1
monica,1
contemporaine,1
customary,1
meno,1
merthyr,1
foundations,1
archeologique,1
gabriella,1
autobiography,1
phillip,1
babel,1
floats,1
culled,1
zeolite,1
original,1
lynch,1
property,1
texts,1
maturing,1
indifference,1
petrucci,1
politisches,1
conjugale,1
owenite,1
congresso,1
goodman,1
laurent,1
brautingam,1
telesphore,1
friuhen,1
upper,1
epistolario,1
aren,1
mats,1
weltpolitik,1
temps,1
christabel,1
biculturality,1
fritzsche,1
translated,1
fissell,1
debenedetti,1
bob,1
hurst,1
kovacs,1
nj,1
folkland,1
tent,1
howard,1
aigaian,1
naked,1
apparatus,1
larsen,1
chronology,1
gershom,1
parlanti,1
ansatze,1
tipologia,1
commissioner,1
lillian,1
code,1
nazifluchthelfer,1
antiparasitic,1
traditioannalle,1
verhungert,1
um,1
donaldj,1
daughters,1
interet,1
ohio,1
sea,1
interaction,1
inediti,1
pier,1
practices,1
show,1
polemik,1
landau,1
immagini,1
devangana,1
interdisciplinary,1
vales,1
prophetic,1
subject,1
transition,1
wentorf,1
entrepreneur,1
deutschlandbild,1
gate,1
unsere,1
manhattan,1
anarchism,1
cinquecentesca,1
igs,1
grossberg,1
roe,1
naturelle,1
manufacturing,1
inventions,1
abbott,1
delmas,1
barson,1
breakthrough,1
phoenix,1
culturale,1
diocese,1
exploit,1
snow,1
odysseus,1
marge,1
elite,1
aspect,1
battista,1
coming,1
vasoli,1
childhood,1
annemarie,1
organizing,1
kohn,1
baruth,1
gar,1
iberian,1
generale,1
cortright,1
tribby,1
cheryl,1
eric,1
maritimes,1
utilizzazione,1
esposito,1
sarov,1
bolshevik,1
byrnes,1
nordamerikanischen,1
literatur,1
fred,1
abitbol,1
compulsion,1
wissenschaftliche,1
keine,1
outline,1
feckenham,1
spring,1
erinnerungsarbeit,1
ulrich,1
survival,1
wilbur,1
varfis,1
kessel,1
argument,1
migrazione,1
akbar,1
lancos,1
modernite,1
joel,1
stoneman,1
wigbert,1
patriarchy,1
naim,1
disarray,1
cicanci,1
contract,1
crosby,1
paradigm,1
have,1
michigamaea,1
defence,1
borea,1
write,1
lord,1
exceptionnel,1
pamela,1
betty,1
aspetti,1
jacobean,1
profiles,1
diarmaid,1
documentation,1
verteidigern,1
course,1
leora,1
americas,1
fairbairn,1
enlightenment,1
stellung,1
helfman,1
afrique,1
cooper,1
kindheitsmuster,1
cognitive,1
fiscal,1
crimes,1
mordekhai,1
hunter,1
need,1
moynihan,1
xiie,1
manufacture,1
unified,1
toro,1
levy,1
meyrowitz,1
emidio,1
katastrophen,1
writer,1
integration,1
crickets,1
effects,1
dudek,1
brugitre,1
geographie,1
rechtswissenschaft,1
urbana,1
programme,1
vallee,1
profezia,1
wirklichkeit,1
maxine,1
recalling,1
francisco,1
bigger,1
schochet,1
eckart,1
campaign,1
passi,1
lech,1
iram,1
archaic,1
dettes,1
va,1
wealth,1
influenza,1
coolidge,1
methode,1
barry,1
papal,1
susie,1
gonna,1
surrender,1
diamonds,1
vandervelde,1
owsley,1
antiker,1
actions,1
industrialists,1
seventeenth,1
fourth,1
spanien,1
scherpe,1
troeltschean,1
themselves,1
thoreau,1
mystery,1
radicals,1
marxist,1
sakellariou,1
november,1
fonseca,1
kempinski,1
gettysburg,1
ellis,1
discussione,1
dissemblance,1
era,1
alberto,1
sociologie,1
tamil,1
canonization,1
partial,1
equestrian,1
maas,1
cegna,1
beziehungen,1
element,1
valley,1
sciences,1
northwestern,1
documentary,1
surveys,1
goldfrank,1
enfant,1
divergent,1
traditional,1
concetto,1
tsurushima,1
associational,1
columbinus,1
schooling,1
counts,1
lettera,1
iraq,1
grace,1
boberach,1
recent,1
attese,1
laborers,1
munslow,1
jurgen,1
davies,1
ga,1
keun,1
alternative,1
petrograd,1
serbie,1
malcolm,1
lia,1
ironworkers,1
cuntaramuirtti,1
marxism,1
orendi,1
portrait,1
royaumont,1
super,1
reversing,1
brunnstrom,1
symbolism,1
costly,1
willis,1
xxv,1
gold,1
moose,1
readers,1
jackie,1
empirical,1
