WORDCOUNTS,WEIGHT
the,57
of,24
in,21
to,19
and,11
scottsboro,9
was,9
s,8
have,7
that,7
been,7
for,6
a,6
it,5
on,5
start,5
end,5
but,4
no,4
his,4
had,4
article,4
one,4
is,4
i,4
miller,3
there,3
stalin,3
way,3
soviet,3
her,3
how,3
alfred,3
american,3
would,3
point,3
as,3
not,3
be,3
rieber,3
joseph,3
son,3
j,3
at,2
p,2
what,2
may,2
european,2
changing,2
by,2
this,2
must,2
case,2
cause,2
december,2
however,2
culture,2
if,2
review,2
wright,2
more,2
name,2
reflected,2
america,2
sexual,2
might,2
robeson,2
view,2
biblical,2
popular,2
relationship,2
error,2
they,2
tour,2
cantor,2
historians,2
regret,2
ahr,2
editors,2
laws,2
fail,2
father,2
ada,2
recent,2
leadership,2
should,2
koch,2
or,2
jacob,2
feminists,2
ron,2
question,2
alabama,1
committed,1
war,1
silence,1
described,1
author,1
will,1
within,1
add,1
erratum,1
brownmiller,1
does,1
background,1
years,1
harassment,1
archives,1
telling,1
both,1
them,1
own,1
interesting,1
wisconsin,1
replies,1
since,1
milwaukee,1
most,1
heavily,1
sons,1
against,1
slip,1
americans,1
reality,1
communist,1
kenyatta,1
jomo,1
authors,1
page,1
correctness,1
defence,1
today,1
first,1
iah,1
material,1
finally,1
from,1
spelled,1
saccovanzetti,1
depicting,1
delegate,1
interest,1
picture,1
acceptable,1
paul,1
amounts,1
double,1
named,1
workers,1
volume,1
born,1
course,1
attorney,1
viewing,1
stalinist,1
accused,1
selected,1
minorities,1
seminary,1
hear,1
has,1
few,1
public,1
phylon,1
oppression,1
narratives,1
iakov,1
japanese,1
so,1
general,1
alternative,1
hill,1
wants,1
memory,1
jefferson,1
him,1
influential,1
march,1
states,1
boys,1
women,1
important,1
college,1
next,1
executions,1
arrive,1
another,1
influenced,1
innocence,1
filial,1
hugh,1
postwar,1
appear,1
reporting,1
wrong,1
thlisi,1
methodology,1
determined,1
community,1
promoting,1
boss,1
cases,1
omissions,1
into,1
each,1
enacting,1
religious,1
force,1
began,1
editor,1
immigrants,1
new,1
old,1
after,1
my,1
namely,1
bodies,1
concocted,1
movement,1
moscow,1
large,1
ideal,1
idea,1
introduce,1
he,1
treatment,1
trying,1
leibowitz,1
between,1
electrocuted,1
why,1
assumed,1
igarashi,1
correct,1
london,1
man,1
borderlands,1
decline,1
assessments,1
great,1
example,1
access,1
succeeded,1
communications,1
britain,1
esp,1
attack,1
effect,1
make,1
insightful,1
can,1
celbre,1
gathering,1
testament,1
wonder,1
create,1
lies,1
when,1
out,1
shouldn,1
issue,1
reply,1
lives,1
tower,1
internationale,1
reveal,1
changes,1
rely,1
york,1
wife,1
watertown,1
alongside,1
t,1
susan,1
soon,1
expose,1
world,1
inverted,1
applauded,1
book,1
historical,1
invalidate,1
demonstration,1
outlook,1
university,1
overlook,1
mention,1
discussed,1
stephen,1
comrades,1
yoshikuni,1
committee,1
february,1
political,1
central,1
johnstone,1
image,1
state,1
murray,1
our,1
their,1
cowardice,1
court,1
were,1
tacked,1
expressed,1
tradition,1
elsewhere,1
regulations,1
hilfe,1
training,1
arbeiter,1
