WORDCOUNTS,WEIGHT
the,1423
of,766
and,728
in,479
to,456
a,373
for,174
that,172
on,143
as,130
was,120
it,116
from,101
were,95
soviet,94
is,93
they,92
with,90
karaganda,83
by,82
american,79
billings,74
their,73
s,68
at,65
labor,65
land,65
but,62
not,61
into,60
city,60
kazakhstan,57
new,56
had,55
an,54
see,52
be,52
or,51
who,51
one,49
space,45
cities,45
no,44
all,42
there,42
nkvd,42
which,42
montana,41
out,40
people,40
this,38
are,38
would,37
so,37
have,37
up,35
we,34
i,33
february,33
them,33
review,32
gridded,32
railroad,32
more,31
where,31
historical,31
state,30
lives,30
deportees,28
grid,28
like,28
production,27
other,27
could,27
industrial,27
maria,27
west,26
after,26
he,26
two,26
been,26
most,25
war,25
when,25
same,25
what,25
states,25
between,25
years,24
union,23
both,23
history,22
kazakhs,22
family,22
made,22
plains,22
did,22
first,21
kazakh,20
because,20
brown,20
workers,20
karlag,20
steppe,20
worked,19
even,19
york,19
work,19
only,19
united,19
urban,19
miners,18
kate,18
central,18
prisoners,18
came,18
few,18
settlers,18
will,18
great,18
way,17
butte,17
than,17
decades,17
has,17
through,17
once,17
if,16
before,16
system,16
how,16
its,16
these,16
his,16
can,16
frontier,16
over,16
spaces,16
off,16
mine,15
year,15
own,15
world,15
power,15
social,15
do,15
another,15
capitalism,15
farm,15
she,15
gulag,15
each,15
her,15
century,14
lived,14
however,14
about,14
time,14
agricultural,14
settlements,13
long,13
every,13
without,13
well,13
place,13
cold,13
german,13
water,13
free,13
army,13
force,13
fields,13
down,13
far,13
writes,13
indians,13
russia,13
later,12
arrived,12
crops,12
garf,12
coal,12
crow,12
camp,12
landscape,12
future,12
during,12
settlement,12
around,12
also,12
v,12
farms,12
northern,12
life,12
living,12
thousands,12
built,12
needed,11
modern,11
nature,11
berman,11
political,11
discipline,11
point,11
along,11
town,11
russian,11
special,11
found,11
small,11
yet,11
under,11
fact,11
never,11
mines,11
empty,11
then,11
set,11
map,11
became,11
now,10
company,10
farmers,10
government,10
build,10
little,10
turn,10
across,10
old,10
just,10
forces,10
soil,10
make,10
many,10
children,10
day,10
similar,10
european,10
lines,10
territory,10
our,10
much,10
ethnic,9
human,9
development,9
kind,9
river,9
k,9
zone,9
produced,9
used,9
t,9
next,9
order,9
nomads,9
us,9
took,9
streets,9
food,9
real,9
miles,9
percent,9
lefebvre,9
different,9
deported,9
some,9
went,9
difference,9
prison,9
penal,9
short,8
historians,8
moscow,8
million,8
against,8
died,8
may,8
go,8
eight,8
grew,8
white,8
lots,8
outside,8
story,8
collective,8
hard,8
economic,8
still,8
planned,8
deportation,8
interview,8
virgin,8
resettlement,8
countries,8
often,8
control,8
country,8
leaders,8
u,8
growing,8
form,8
need,8
c,8
north,8
building,8
told,7
being,7
groups,7
those,7
right,7
move,7
sent,7
sssr,7
author,7
such,7
quality,7
polly,7
guard,7
communism,7
brought,7
mrs,7
too,7
migrant,7
enough,7
residents,7
indigenous,7
winter,7
away,7
officials,7
socialist,7
seemed,7
good,7
south,7
populations,7
located,7
fence,7
security,7
indian,7
frederick,7
fell,7
man,7
present,7
local,7
vast,7
nothing,7
david,7
homes,7
homesteaders,7
men,7
weimar,7
citizens,7
expanding,7
wilkinson,7
chicago,7
while,7
cash,7
families,7
until,7
you,7
ukraine,7
territories,7
early,7
valley,7
laborers,7
does,6
zemskov,6
estate,6
market,6
village,6
group,6
center,6
designed,6
live,6
former,6
women,6
stalinist,6
differences,6
help,6
last,6
nomadic,6
east,6
possible,6
drive,6
october,6
economies,6
avenues,6
large,6
relations,6
immigrants,6
look,6
economy,6
immigrant,6
communities,6
beyond,6
hereafter,6
founding,6
irrigation,6
hours,6
based,6
histories,6
train,6
called,6
seven,6
mining,6
population,6
produce,6
your,6
rgae,6
sense,6
bank,6
units,6
communist,6
architecture,6
exile,6
nearly,6
april,6
above,6
culture,6
stalin,6
foucault,6
towns,6
germans,6
together,6
patterns,6
hand,6
ground,6
perhaps,6
discussion,6
yellowstone,6
farming,6
high,6
dry,6
black,6
oblast,6
bureau,6
siberia,6
any,6
places,6
turned,6
america,6
number,6
property,6
categories,6
bodies,6
bought,6
press,6
agents,6
come,6
week,6
national,6
instead,6
audiotape,6
polish,5
corporate,5
created,5
trans,5
underground,5
federal,5
said,5
anything,5
class,5
words,5
take,5
primitive,5
within,5
report,5
side,5
sign,5
wherever,5
hierarchy,5
magic,5
machines,5
back,5
houses,5
left,5
site,5
segregate,5
means,5
university,5
organized,5
days,5
gradually,5
solid,5
age,5
flats,5
almaty,5
m,5
rule,5
total,5
changed,5
big,5
persons,5
line,5
part,5
london,5
whole,5
regions,5
things,5
pit,5
boundaries,5
waiting,5
second,5
meanwhile,5
serve,5
asia,5
dropped,5
department,5
put,5
flat,5
stories,5
larger,5
everything,5
less,5
region,5
looking,5
three,5
held,5
spent,5
written,5
article,5
saw,5
pohl,5
assigned,5
fall,5
acres,5
series,5
must,5
founded,5
steel,5
meat,5
here,5
half,5
rollison,5
sought,5
better,5
conscripts,5
william,5
rose,5
reported,5
copper,5
question,5
camps,5
themselves,5
livestock,5
zones,5
resources,5
race,5
major,5
colonize,4
archives,4
common,4
pliner,4
europeans,4
everyone,4
e,4
stands,4
germany,4
use,4
mobility,4
english,4
beet,4
experience,4
whom,4
creation,4
kazakhstana,4
ii,4
learned,4
feeling,4
beautiful,4
j,4
capitalist,4
confusion,4
kotkin,4
hundred,4
survey,4
farmer,4
ukrainian,4
discrete,4
guards,4
similarities,4
money,4
mass,4
red,4
determined,4
plenty,4
thus,4
throughout,4
bison,4
since,4
g,4
forgotten,4
pay,4
forced,4
destroyed,4
magnitogorsk,4
modernity,4
twelve,4
czarist,4
y,4
booster,4
custer,4
andzejevskaya,4
dust,4
ba,4
ways,4
biggest,4
strange,4
beets,4
arid,4
established,4
image,4
descent,4
air,4
wire,4
followed,4
helped,4
dug,4
concentration,4
pioneer,4
cultural,4
residential,4
wide,4
james,4
huge,4
memory,4
parcels,4
bor,4
planning,4
repetition,4
barren,4
gave,4
broad,4
working,4
clothes,4
midst,4
night,4
june,4
migration,4
research,4
corporations,4
always,4
paid,4
moved,4
malybaev,4
caught,4
july,4
foremen,4
inhabited,4
pastoralists,4
pacific,4
housing,4
makes,4
read,4
rain,4
seeing,4
technology,4
ed,4
longer,4
party,4
walled,4
barbed,4
bring,4
again,4
others,4
plan,4
trips,4
crop,4
choice,4
break,4
planners,4
behind,4
begin,4
murphy,4
model,4
empire,4
marched,4
poles,4
going,4
remained,4
george,4
argues,4
original,4
trust,4
described,4
leave,4
reformers,4
summer,4
filled,4
although,4
trying,4
constructed,4
looked,4
corners,4
division,4
straight,4
today,4
seen,4
began,4
why,4
responsible,4
get,4
school,4
following,4
peoples,4
kpss,4
regime,4
setting,4
capital,4
job,4
speculation,4
past,4
armitage,4
proposed,4
born,4
month,4
spatial,4
whether,4
terms,4
making,4
accounts,4
russians,4
leaving,4
w,4
hundreds,4
millions,4
scott,4
november,4
happy,4
nariniani,4
twentieth,4
conditions,4
course,4
salt,4
values,4
socialism,4
mountain,4
comparison,4
reached,4
among,4
should,4
chambers,4
o,3
gangs,3
limits,3
car,3
fertile,3
designated,3
naseleniia,3
nemtsev,3
magnetic,3
entirely,3
complex,3
replaced,3
barracks,3
formed,3
homesteader,3
schools,3
true,3
polarities,3
h,3
issledovaniia,3
largely,3
ore,3
grasslands,3
settling,3
subjection,3
ogpu,3
source,3
materials,3
either,3
interests,3
fund,3
rush,3
seems,3
warm,3
daily,3
borders,3
reps,3
room,3
yagoda,3
yurts,3
boys,3
mind,3
mr,3
robert,3
signs,3
segregated,3
gosudarstvennyi,3
nazi,3
opened,3
machinery,3
prospect,3
richard,3
corner,3
fatalities,3
very,3
shut,3
segregation,3
misfortune,3
arrested,3
executives,3
sotsiologicheskie,3
edifice,3
decided,3
clark,3
alkali,3
subjects,3
expertise,3
speed,3
columbia,3
arkhiv,3
young,3
started,3
architects,3
rates,3
businessmen,3
loans,3
parks,3
neighborhoods,3
industries,3
failed,3
civilization,3
essential,3
rather,3
managers,3
links,3
stop,3
affairs,3
manov,3
politicians,3
drought,3
parents,3
landscapes,3
county,3
study,3
lay,3
feel,3
support,3
category,3
suppression,3
settled,3
histoty,3
mobile,3
quoted,3
anid,3
frequently,3
democratic,3
origins,3
follow,3
poor,3
efficient,3
cost,3
internal,3
interchangeable,3
projected,3
cut,3
view,3
result,3
tax,3
slave,3
societies,3
hands,3
p,3
centers,3
deal,3
blueprints,3
late,3
unions,3
weed,3
morning,3
focused,3
reservation,3
province,3
tools,3
tourists,3
inches,3
scale,3
placed,3
required,3
find,3
near,3
rubles,3
sites,3
invisible,3
drew,3
dil,3
example,3
knowledge,3
loss,3
iz,3
statistics,3
railroads,3
alan,3
wheat,3
caused,3
buildings,3
quite,3
several,3
ship,3
climate,3
st,3
results,3
newly,3
displaced,3
separate,3
society,3
lenin,3
absentee,3
led,3
san,3
taken,3
wrote,3
horses,3
slag,3
woods,3
topography,3
wind,3
bread,3
deport,3
cheap,3
americans,3
soon,3
populated,3
official,3
times,3
rode,3
home,3
orders,3
complete,3
natural,3
pole,3
chose,3
enclaves,3
fire,3
paul,3
business,3
factory,3
death,3
punish,3
contrasts,3
blocks,3
marked,3
snk,3
banks,3
end,3
olcott,3
pattern,3
prerevolutionary,3
hill,3
journalists,3
flooded,3
tell,3
colony,3
native,3
narrative,3
eds,3
miner,3
sell,3
cronon,3
private,3
kuznetsova,3
range,3
homesteads,3
processes,3
archive,3
open,3
language,3
urbanism,3
modernization,3
points,3
soldiers,3
august,3
spread,3
fellow,3
kept,3
quick,3
collectivization,3
especially,3
become,3
continually,3
conquest,3
below,3
grain,3
versus,3
industrialization,3
cliffs,3
walked,3
sigh,3
wage,3
fifty,3
science,3
dreamed,3
fear,3
months,3
independence,3
colonizers,3
armed,3
platted,3
rapidly,3
efficiency,3
construction,3
centuries,3
meant,3
share,3
heavy,3
ordered,3
quickly,3
defining,3
berkeley,3
ran,3
gazette,3
stalinism,3
stretched,3
best,3
argue,3
post,3
ideological,3
goods,3
spetsposelentsi,3
sorted,3
allocated,3
elders,3
beginning,3
knows,3
suffering,3
according,3
n,3
calif,3
problem,3
appropriated,3
foundations,3
conveyor,3
freedom,3
middle,3
remember,3
altered,3
ruled,3
plans,3
administration,3
hungry,3
promoted,3
cruel,3
cambridge,3
washington,3
charge,3
physical,3
profits,3
pows,3
pioneering,3
supply,3
create,3
texts,3
kliewer,3
ownership,3
given,3
seek,3
asked,3
doing,3
row,3
trick,2
unpaid,2
airborne,2
transportation,2
countryside,2
terrain,2
travel,2
meaning,2
names,2
till,2
separated,2
represent,2
top,2
revolutionary,2
connection,2
grasses,2
factories,2
envisioned,2
illegal,2
picked,2
stone,2
columns,2
authority,2
asserted,2
easily,2
studies,2
accidents,2
tents,2
policy,2
western,2
committee,2
occurred,2
dig,2
something,2
eye,2
chief,2
controlled,2
pioneers,2
cultivable,2
porous,2
various,2
estimated,2
ideas,2
passion,2
voices,2
cattle,2
certainly,2
swelling,2
pastureland,2
give,2
meters,2
diego,2
might,2
capitalists,2
lumber,2
rational,2
england,2
ranchers,2
vacated,2
troops,2
immense,2
height,2
affinities,2
europe,2
tsdahou,2
imported,2
rich,2
kilogram,2
able,2
material,2
onto,2
uncovered,2
labeled,2
describes,2
emphasized,2
greatly,2
shepherd,2
bismarck,2
alike,2
hour,2
context,2
designs,2
inside,2
takes,2
suspect,2
modernist,2
mechanized,2
eastern,2
task,2
agriculture,2
thick,2
economics,2
design,2
account,2
felt,2
logical,2
politics,2
activity,2
condition,2
entrepreneurs,2
functions,2
hierarchies,2
perfectly,2
baudelaire,2
visions,2
polacy,2
tulgari,2
apart,2
combination,2
say,2
except,2
laws,2
divisibility,2
overlooking,2
representing,2
demanded,2
message,2
plowed,2
tied,2
tons,2
exist,2
september,2
legal,2
apex,2
totalitarian,2
eras,2
run,2
winds,2
interior,2
machine,2
cramped,2
exiled,2
neighbors,2
topographical,2
shkele,2
segmentation,2
moment,2
zapadnoi,2
victims,2
urals,2
bacon,2
nor,2
demand,2
keep,2
document,2
refer,2
body,2
starved,2
generated,2
networks,2
explore,2
wobblies,2
parking,2
memoir,2
rufus,2
postanovlenie,2
section,2
gaze,2
boom,2
terror,2
savage,2
hardly,2
unskilled,2
tilling,2
walls,2
poverty,2
van,2
higher,2
henri,2
recognized,2
kulaks,2
jeffersonian,2
plotted,2
growth,2
generations,2
edward,2
square,2
uninhabited,2
preparing,2
responded,2
subdivision,2
convicted,2
foreclosed,2
mile,2
michel,2
certain,2
danilov,2
winters,2
animals,2
front,2
divided,2
alien,2
reason,2
bosses,2
wanted,2
metropolis,2
supervised,2
familiar,2
uprooted,2
peasants,2
yellow,2
workplace,2
linked,2
director,2
threat,2
four,2
continual,2
officer,2
disembarked,2
consequence,2
oppression,2
exploitation,2
imprisonment,2
instance,2
willing,2
froze,2
tearful,2
important,2
systems,2
myths,2
bureaucracy,2
expressed,2
moving,2
my,2
location,2
arrival,2
allow,2
lain,2
search,2
demands,2
shared,2
sedentary,2
events,2
hospitals,2
autumn,2
none,2
horse,2
extract,2
calvino,2
understood,2
blow,2
promoters,2
anderson,2
zapiska,2
recently,2
promise,2
suffered,2
skultans,2
exhaustion,2
energy,2
wealth,2
mukanov,2
fox,2
colonies,2
public,2
photo,2
creates,2
scene,2
al,2
sustenance,2
hunters,2
almost,2
network,2
basis,2
formerly,2
rocks,2
already,2
role,2
start,2
rail,2
sibiri,2
significantly,2
disloyal,2
modular,2
purpose,2
reserve,2
calls,2
edn,2
secret,2
related,2
stores,2
ivanova,2
texture,2
surprise,2
dividing,2
literature,2
sk,2
beginnings,2
officers,2
falling,2
kings,2
et,2
pereselenii,2
surrounding,2
employed,2
farmed,2
sun,2
won,2
ethnicity,2
fatal,2
enterprises,2
prices,2
earth,2
tent,2
precipitation,2
change,2
governor,2
crew,2
running,2
least,2
describing,2
fork,2
fix,2
revolution,2
seized,2
trading,2
outlawing,2
grass,2
bryce,2
italo,2
exclude,2
loan,2
involved,2
specifically,2
heat,2
grow,2
disaster,2
newcomers,2
ancestral,2
usual,2
villages,2
regular,2
dedicated,2
managed,2
progress,2
uniform,2
raised,2
acts,2
wife,2
cycle,2
notes,2
hazy,2
value,2
massive,2
digging,2
activities,2
subsidies,2
nations,2
learn,2
void,2
transform,2
monotony,2
driven,2
practices,2
expanse,2
mesa,2
bringing,2
identified,2
expansion,2
planting,2
schemes,2
released,2
mansions,2
reduce,2
volga,2
says,2
garden,2
za,2
echo,2
bernice,2
ask,2
authoritarian,2
trains,2
swept,2
gg,2
suited,2
marginal,2
thought,2
windows,2
restricted,2
gold,2
neither,2
thesis,2
idaho,2
marshall,2
appak,2
bugs,2
light,2
frightened,2
largest,2
hunger,2
commodified,2
regional,2
geologists,2
functioned,2
picture,2
routes,2
members,2
respubliki,2
law,2
rows,2
l,2
usually,2
rock,2
projects,2
blur,2
missing,2
communal,2
outskirts,2
lack,2
idea,2
head,2
endless,2
relates,2
frost,2
personal,2
istorii,2
contemporary,2
dead,2
utilize,2
powerless,2
simple,2
organizations,2
drinking,2
sweat,2
kazachstanie,2
banned,2
occupied,2
establish,2
jobs,2
dance,2
deportations,2
shifts,2
cowboy,2
reflected,2
dazo,2
casting,2
civilized,2
sisteme,2
charted,2
imagine,2
kansas,2
feverish,2
excerpt,2
remote,2
classes,2
supplies,2
father,2
knew,2
disease,2
hear,2
survive,2
reallocated,2
gosudarstva,2
refused,2
locate,2
quotas,2
nomad,2
asian,2
fed,2
bondage,2
rivers,2
rudely,2
blocking,2
engineers,2
fumes,2
full,2
traders,2
townships,2
platform,2
conscripted,2
ties,2
low,2
discovered,2
moral,2
assignment,2
health,2
peter,2
kii,2
general,2
individual,2
architectural,2
evening,2
granted,2
huts,2
function,2
hiring,2
administrative,2
unsettled,2
anyone,2
entered,2
proletarian,2
exchange,2
communists,2
wasn,2
discarded,2
qualities,2
rusted,2
feet,2
stand,2
bureaucracies,2
prisons,2
radiate,2
define,2
january,2
differ,2
equivalent,2
destruction,2
professional,2
sugar,2
symmetrically,2
kuczynski,2
irish,2
supervising,2
relationship,2
fueled,2
coercion,2
backward,2
continued,2
seventeen,2
inhabitants,2
figure,2
five,2
foreign,2
willingly,2
vision,2
maps,2
ministry,2
program,2
visibility,2
fuse,2
institutions,2
abnormal,2
transformed,2
transformation,2
recognize,2
try,2
changes,2
idyll,2
owned,2
cease,2
existed,2
grade,2
table,2
itself,2
mirror,2
speak,2
fought,2
stephen,2
contained,2
magnitude,2
deposited,2
unfree,2
historian,2
broke,2
arrest,2
fitzpatrick,2
changing,2
habitation,2
known,2
grazing,2
grams,2
chorus,2
vacant,2
kalmyks,2
potential,2
minerals,2
column,2
sold,2
fled,2
cover,2
hauled,2
geography,2
branches,2
continental,2
rainfall,2
cultures,2
ramble,2
seem,2
believe,2
tandem,2
propaganda,2
feed,2
milk,2
precarious,2
tracts,2
schedules,2
chaotic,2
mcgee,2
etched,2
squares,2
carefully,2
circles,2
remorse,2
shady,2
laying,2
migratory,2
want,2
particular,2
violent,2
chain,2
supplied,2
bureaucratic,2
manure,2
generally,2
ideal,2
contain,2
nii,2
art,2
grand,2
finished,2
popular,2
cosmology,2
level,2
trees,2
ill,2
disparate,2
fair,2
despite,2
totalitamnogo,2
republic,2
endlessly,2
buy,2
transition,2
lies,2
everywhere,2
adapted,2
organization,2
breakers,2
manufacturing,2
rotting,2
mention,2
coming,2
spring,2
argument,2
urbanization,2
mutual,2
herds,2
swampy,2
write,2
mode,2
dangerous,2
karpikova,2
green,2
evidence,2
smaller,2
defined,2
plentiful,2
flour,2
area,2
elagin,2
measured,2
practiced,2
supported,2
jefferson,2
emptied,2
cheyenne,2
consisted,2
temperatures,2
farmland,2
immediately,2
nation,2
patrolled,2
outlawed,2
perpetual,2
grants,2
gako,2
summed,1
final,1
neversweat,1
difficult,1
pack,1
democracy,1
surroundings,1
intricate,1
headframes,1
superlative,1
equation,1
uneasiness,1
odors,1
requires,1
tsentral,1
recesses,1
refinery,1
currently,1
tashkent,1
zero,1
appropriation,1
done,1
moshe,1
child,1
wichita,1
ruling,1
hoodwinked,1
fathers,1
collectivizers,1
calibrated,1
reno,1
emptiness,1
primal,1
stamp,1
lonesome,1
kozybaev,1
soccer,1
yards,1
poetically,1
habitable,1
medium,1
pittsburgh,1
stood,1
finnish,1
scholar,1
grappled,1
dictators,1
railheads,1
showy,1
peaceful,1
weeding,1
career,1
extreme,1
superfund,1
pushed,1
protestant,1
carhartts,1
resulted,1
sagged,1
fiction,1
fault,1
determine,1
naming,1
offset,1
loading,1
announced,1
measures,1
jeeps,1
unwilling,1
decipher,1
shrunk,1
combine,1
ukrainskikh,1
battlefield,1
mountains,1
federation,1
manuscript,1
coerce,1
distributed,1
controlling,1
per,1
clogged,1
sympathetic,1
incomprehensible,1
faster,1
hearings,1
editorialist,1
stripped,1
becoming,1
juxtaposition,1
mortgage,1
belts,1
obsolete,1
explosion,1
touched,1
conquering,1
escorted,1
drastically,1
invading,1
spacial,1
leningrad,1
unnoted,1
jurisdictions,1
myth,1
barrack,1
nostalgia,1
mostly,1
tend,1
essays,1
prime,1
symbolize,1
son,1
overcharging,1
cars,1
ma,1
balkirs,1
wspolczesnosc,1
renamed,1
dialectics,1
raven,1
sierociuk,1
constitutes,1
motivation,1
defensive,1
illiterate,1
ranch,1
term,1
loomed,1
refashioned,1
convict,1
tense,1
thoroughfares,1
jonathan,1
rediscovered,1
respectability,1
enlivened,1
poliakov,1
park,1
unproductive,1
enticed,1
flows,1
topeka,1
perfect,1
soveta,1
ordained,1
chains,1
streamed,1
decade,1
dawning,1
socialists,1
overlook,1
courthouse,1
polski,1
comparisons,1
servitude,1
geometric,1
afghanistan,1
recreation,1
necessarily,1
organic,1
presents,1
burn,1
centuiy,1
carroll,1
title,1
laid,1
collision,1
holding,1
faded,1
loveliest,1
tells,1
maybe,1
onset,1
chased,1
ussr,1
nineteenth,1
blade,1
dainty,1
track,1
descriptions,1
origination,1
bazy,1
terry,1
absence,1
offering,1
cushion,1
morality,1
terrifying,1
dismantled,1
ordinaiy,1
landowners,1
root,1
turning,1
remunerated,1
exterminate,1
negative,1
remembered,1
auls,1
island,1
standardize,1
largess,1
cast,1
hygiene,1
sit,1
pastoral,1
boosters,1
else,1
tracy,1
balcony,1
finntown,1
sources,1
lexington,1
winning,1
embraced,1
normalize,1
expands,1
preceding,1
extraordinary,1
consumptive,1
posed,1
utopia,1
orchards,1
consuming,1
derives,1
exclusive,1
crews,1
unambiguously,1
spontaneous,1
rate,1
gather,1
military,1
walk,1
motivations,1
vols,1
kilometers,1
rapid,1
metal,1
attempt,1
bai,1
ithaca,1
devours,1
waldo,1
interviewer,1
permanently,1
ustraistvi,1
shortage,1
advanced,1
shaft,1
flowing,1
diseases,1
youngest,1
departure,1
sustainable,1
liberty,1
scarcities,1
ranching,1
heated,1
confirmed,1
georgia,1
davis,1
possibilities,1
reach,1
makeevka,1
principles,1
beckon,1
afford,1
scientists,1
continue,1
twenty,1
belong,1
advantage,1
assertion,1
suggesting,1
accompanied,1
dismayed,1
ll,1
liken,1
thank,1
list,1
germnany,1
testimnony,1
pressed,1
floating,1
producing,1
industrializing,1
fruits,1
studied,1
incident,1
transferred,1
thanks,1
closer,1
uchete,1
relativize,1
hunting,1
vaporously,1
wields,1
timber,1
comparative,1
debt,1
disciplinie,1
deemed,1
lasting,1
overdraw,1
speeches,1
achieved,1
lodge,1
embrace,1
voided,1
roasting,1
bricks,1
exiles,1
relegated,1
razvitie,1
critically,1
ambling,1
whizzing,1
grasslanders,1
sacred,1
malaise,1
staff,1
binds,1
embody,1
suspension,1
china,1
ruined,1
reading,1
cloud,1
dressed,1
return,1
loyalty,1
stopped,1
livelihood,1
racial,1
legend,1
faceless,1
orsk,1
proposals,1
depends,1
courage,1
departures,1
case,1
customs,1
melts,1
skyward,1
nost,1
eradicate,1
occasional,1
crystal,1
regimented,1
existence,1
prosper,1
dialect,1
manicured,1
abbreviated,1
leisure,1
plain,1
besides,1
recorded,1
weakened,1
attribute,1
walks,1
unheated,1
conspicuous,1
paved,1
thrown,1
metaphor,1
bones,1
bases,1
shafts,1
exploit,1
me,1
foothold,1
saying,1
draw,1
killed,1
fences,1
lionized,1
representations,1
putrity,1
policed,1
hoxie,1
mythology,1
cents,1
utopian,1
replacement,1
roared,1
powerlessness,1
certainties,1
implies,1
naia,1
ball,1
blackened,1
illustrate,1
timetables,1
breath,1
goethe,1
soils,1
mosque,1
schedule,1
mystique,1
establishing,1
assembly,1
powers,1
sioux,1
vital,1
courthouses,1
medical,1
community,1
restless,1
fenced,1
desired,1
forms,1
sporadically,1
recalcitrant,1
owners,1
fur,1
cited,1
bottom,1
chart,1
universalization,1
saratovskoi,1
anticipated,1
dirty,1
considerably,1
milder,1
obfuscation,1
increase,1
himself,1
renewable,1
fitzgerald,1
inexpensive,1
picket,1
chronic,1
marginalized,1
affluent,1
reality,1
forged,1
safely,1
sketched,1
worker,1
gem,1
upholstered,1
lights,1
sand,1
illustrating,1
harmony,1
aggression,1
corresponding,1
homespun,1
exposed,1
subdividing,1
fragmented,1
divide,1
punishing,1
komsomol,1
stroll,1
foxhole,1
centralized,1
advertisers,1
scales,1
township,1
lager,1
kicked,1
shacks,1
kozibaev,1
doklanaia,1
ralov,1
depiction,1
angles,1
captured,1
reverse,1
dotted,1
akademnicki,1
severe,1
inner,1
speeding,1
inevitable,1
minutes,1
calculated,1
bent,1
tex,1
conductor,1
daylight,1
due,1
liisa,1
fate,1
realized,1
integral,1
rooting,1
collusion,1
police,1
meager,1
sow,1
interest,1
charming,1
stadium,1
correcting,1
killers,1
reproduced,1
futures,1
mixed,1
mined,1
labyrinth,1
bone,1
price,1
composure,1
grouped,1
vanguard,1
conjures,1
encyclopedia,1
iposledstviia,1
thresher,1
funded,1
blistered,1
geometry,1
employing,1
cruising,1
allegiances,1
expected,1
candy,1
soothing,1
boulevard,1
cultivate,1
momentarily,1
exercise,1
funds,1
unity,1
newspaperman,1
cases,1
sanders,1
commissariat,1
distinct,1
occupancy,1
self,1
shoulders,1
curiously,1
treeless,1
legally,1
patch,1
perspective,1
canal,1
washboard,1
effortless,1
burgeoning,1
violently,1
refreshing,1
affix,1
amount,1
khoziaistvennom,1
dank,1
assr,1
compare,1
boundary,1
determination,1
six,1
served,1
ample,1
wholly,1
suitable,1
roamed,1
ticket,1
dates,1
tret,1
commandant,1
compared,1
kochetau,1
ads,1
libraries,1
unemployed,1
third,1
twice,1
chap,1
witnessed,1
riussian,1
incarceration,1
ellis,1
misleading,1
estimate,1
thin,1
vieda,1
verde,1
profit,1
impulse,1
fighting,1
constant,1
theoreticians,1
enhance,1
compel,1
geological,1
drawn,1
akshiyev,1
weaver,1
pueblo,1
consequently,1
federatsii,1
communication,1
journal,1
neighboring,1
practically,1
resolutions,1
implanted,1
dublin,1
demonstration,1
stratum,1
deeply,1
mazuria,1
conceive,1
traditions,1
dziennik,1
grime,1
conducting,1
climates,1
adult,1
billion,1
bills,1
crows,1
temi,1
transactions,1
nekrich,1
babies,1
fortifying,1
poorly,1
realization,1
confluence,1
complexions,1
parmly,1
lanterns,1
likely,1
revitalize,1
distribution,1
employ,1
weapons,1
offices,1
tipis,1
foot,1
fantasy,1
roadside,1
archaic,1
ficken,1
interesting,1
expansions,1
finalized,1
slowed,1
risen,1
whose,1
understands,1
locations,1
carve,1
whimsical,1
license,1
monopolies,1
eleven,1
cleared,1
bulldozer,1
blasting,1
blew,1
experienlce,1
barag,1
subjected,1
districts,1
purely,1
mattered,1
slavery,1
destroy,1
starve,1
aimed,1
encompassed,1
miserable,1
impetus,1
predictably,1
undernourished,1
ruissian,1
compatible,1
activists,1
influenced,1
remain,1
heedless,1
citizen,1
soviets,1
sort,1
vegetables,1
influential,1
thrift,1
posters,1
explicit,1
vsesoiuznykh,1
toxins,1
vlasov,1
organize,1
untilled,1
process,1
highway,1
bond,1
permission,1
neatly,1
represented,1
environments,1
killing,1
opportunity,1
fixated,1
abstraction,1
phrases,1
neighborhood,1
stench,1
edwin,1
senior,1
developers,1
storms,1
associate,1
unmatched,1
sectors,1
ex,1
depot,1
thing,1
hutu,1
homogenization,1
travels,1
direct,1
freed,1
coverage,1
doubted,1
ten,1
imply,1
siting,1
branch,1
enacted,1
zhitomir,1
deeper,1
enabled,1
arbor,1
crusade,1
ugol,1
distant,1
crying,1
upstream,1
productive,1
antithesis,1
scattered,1
extremes,1
emanate,1
instructs,1
attached,1
uncanny,1
unfreedom,1
gratings,1
wash,1
sidewalks,1
modified,1
rising,1
voluntarily,1
towers,1
maryland,1
statistic,1
sanitize,1
turrets,1
win,1
unpredictability,1
ragged,1
repetitious,1
monumental,1
faust,1
totalitarianism,1
damp,1
fondly,1
march,1
monolithic,1
lace,1
locally,1
independently,1
foothills,1
objects,1
fast,1
improvement,1
kilos,1
statistical,1
eventually,1
music,1
physically,1
sim,1
disowned,1
intensive,1
talk,1
histoy,1
slowly,1
wages,1
expectancy,1
karagandinskaia,1
fort,1
verkhovnogo,1
amid,1
disgrace,1
wrecked,1
elsewhere,1
elusiveness,1
threatening,1
fortifications,1
ideologies,1
worried,1
numbers,1
dominate,1
harvested,1
gazing,1
welfare,1
sensibly,1
house,1
remaking,1
contemporaries,1
likened,1
god,1
haunt,1
argued,1
pragmatism,1
ignorance,1
reviewed,1
profile,1
pullman,1
stocked,1
semyon,1
tempting,1
doesn,1
neat,1
agranov,1
precipice,1
embossed,1
migrants,1
heading,1
tried,1
additional,1
rationally,1
powerful,1
electrified,1
connecting,1
requested,1
defeat,1
coffers,1
puts,1
girl,1
modeled,1
prefigure,1
selfjustifying,1
labels,1
tobacco,1
feudal,1
sabit,1
buffalo,1
papa,1
counties,1
engines,1
brushwood,1
victorian,1
vastness,1
destructive,1
enticing,1
roving,1
donbass,1
mo,1
symbolized,1
opinion,1
export,1
suggested,1
earners,1
ian,1
trudovikh,1
appear,1
pitchforks,1
dependency,1
gathered,1
hot,1
allies,1
nebraska,1
encircling,1
artistic,1
disentangling,1
ei,1
greater,1
tanzania,1
raw,1
sozdanie,1
languages,1
closely,1
carving,1
assets,1
herald,1
lead,1
suburbs,1
pale,1
pounds,1
refineries,1
complexes,1
locals,1
route,1
horn,1
harder,1
fortunes,1
conservative,1
basin,1
carcasses,1
miasosovkhozi,1
begun,1
erosion,1
color,1
scapes,1
savagery,1
totaling,1
neon,1
livingston,1
recite,1
martyr,1
effort,1
missouri,1
adaptability,1
slogans,1
missionary,1
transference,1
picketers,1
lewin,1
bombarding,1
teeming,1
eveiyday,1
rooms,1
floor,1
sutured,1
centrally,1
dictums,1
ironically,1
eagerness,1
emerge,1
continents,1
propulsion,1
accompany,1
brill,1
initial,1
kazakhstane,1
camaraderie,1
base,1
cried,1
vo,1
calculable,1
punishment,1
sends,1
meinory,1
muslim,1
embedded,1
sedition,1
arranged,1
rebellious,1
further,1
malnutrition,1
shadowed,1
pioneered,1
pure,1
equally,1
though,1
italians,1
weeded,1
choices,1
contrived,1
navasky,1
cuts,1
hinterland,1
block,1
incarcerated,1
hitler,1
purge,1
skilled,1
shack,1
interconnections,1
bore,1
burial,1
appears,1
ekonomiki,1
join,1
obedience,1
cannot,1
priorities,1
meet,1
mental,1
mounted,1
purchased,1
glennys,1
kokczetaw,1
grounds,1
survivor,1
singly,1
hypothetical,1
narrate,1
foreshadowed,1
taxes,1
delays,1
facilities,1
coercing,1
aridity,1
magadan,1
letovichnii,1
fledgling,1
noticed,1
necessities,1
triumph,1
sacrifice,1
accelerated,1
oh,1
cows,1
enemies,1
engine,1
receive,1
electric,1
containers,1
preparations,1
improve,1
bother,1
shape,1
abuse,1
elliott,1
lost,1
keeping,1
sounded,1
pagans,1
figurative,1
imprisoned,1
packing,1
relatives,1
r,1
shabbily,1
degrees,1
strons,1
relief,1
closed,1
flourish,1
steaks,1
inexhaustible,1
intense,1
tuned,1
blinding,1
responding,1
ditches,1
conjured,1
orchestrate,1
istoiiia,1
jaw,1
carry,1
writers,1
preferred,1
dusty,1
distinguish,1
clean,1
admired,1
extending,1
concept,1
psychological,1
advancement,1
tens,1
uncover,1
breeding,1
ot,1
competing,1
terrorist,1
proportions,1
pivoted,1
gambled,1
przeglad,1
verbiage,1
comment,1
curtains,1
multiplied,1
brushed,1
crawling,1
supreme,1
nationalized,1
normalization,1
feared,1
ciesielski,1
elizabeth,1
ukrainiy,1
technical,1
woodland,1
aspirations,1
traded,1
collisions,1
roll,1
furniture,1
mexicans,1
describe,1
fit,1
older,1
waterless,1
size,1
bashkirs,1
overtly,1
postulated,1
expansive,1
flight,1
icon,1
inspire,1
constitute,1
contains,1
johann,1
figures,1
accumulation,1
lied,1
fruitful,1
butter,1
canceled,1
knees,1
structures,1
visualize,1
machinated,1
thereafter,1
dwindling,1
prisoner,1
midwestern,1
okla,1
mathematical,1
pierwszy,1
blizzards,1
somewhere,1
impersonal,1
legalizing,1
b,1
segmented,1
mukhanov,1
unsightly,1
believes,1
cans,1
professor,1
implement,1
firing,1
tagil,1
wanders,1
project,1
tears,1
stanford,1
stillness,1
teenagers,1
steers,1
president,1
stead,1
wrappers,1
horizon,1
strengthened,1
loneliness,1
coulee,1
chill,1
oral,1
lungs,1
rainy,1
nationality,1
collectivize,1
minds,1
swirled,1
count,1
sprang,1
approach,1
dorms,1
attraction,1
thrived,1
soup,1
tsgak,1
agriculturally,1
melon,1
foreman,1
preceded,1
someone,1
wholesale,1
misery,1
sparsely,1
stylized,1
transplanted,1
brush,1
pol,1
commerce,1
successful,1
squatters,1
troublesome,1
quarter,1
responsibility,1
aphorisms,1
individualism,1
debts,1
wards,1
transgressions,1
protest,1
behold,1
moiseenko,1
destiny,1
pinched,1
billboards,1
reaches,1
hence,1
heart,1
insurance,1
sake,1
belt,1
chessboard,1
sagebrush,1
desire,1
navigated,1
calling,1
threshed,1
stare,1
endured,1
spanish,1
autonomy,1
stationmaster,1
mineral,1
ignore,1
propelled,1
knives,1
highly,1
revealing,1
tribunal,1
kolchin,1
spetspereselentsi,1
horrible,1
leather,1
fight,1
ailment,1
transfer,1
governments,1
straining,1
comfort,1
unkempt,1
detectives,1
civic,1
nationalists,1
peak,1
kilograms,1
choosing,1
secrecy,1
migrated,1
stalinizm,1
truck,1
tended,1
budgets,1
christians,1
barely,1
descendants,1
tracks,1
seed,1
necessity,1
spetspereselentsy,1
obshchestvo,1
totalitarnii,1
idenztity,1
guns,1
pa,1
reluctant,1
correspondence,1
organs,1
beneath,1
arrogant,1
plausible,1
slept,1
mouths,1
bourgeois,1
appropriate,1
steppes,1
lore,1
posing,1
crime,1
prizes,1
pinkerton,1
dam,1
flume,1
cityscape,1
settle,1
valuable,1
sporadic,1
sophistication,1
cafeteria,1
rang,1
housed,1
marveled,1
lend,1
undiscriminating,1
spare,1
periods,1
advertised,1
idenitity,1
transforming,1
nemntsev,1
spaceships,1
lawless,1
battle,1
critical,1
heap,1
happen,1
telegraph,1
kindness,1
prospective,1
tasks,1
poland,1
fly,1
stares,1
owpeople,1
metaphysical,1
anew,1
mosques,1
lit,1
matter,1
nonetheless,1
sounding,1
plucking,1
innocent,1
resettled,1
exhaust,1
domination,1
diatribe,1
accompanies,1
scientific,1
stranded,1
installed,1
action,1
injuring,1
logically,1
zyczliwosci,1
kresowej,1
imagery,1
indeed,1
hide,1
synthesis,1
overall,1
evaporated,1
subversive,1
limited,1
play,1
intended,1
trials,1
motivated,1
classic,1
brief,1
edges,1
novosibirsk,1
operation,1
sheridan,1
planks,1
recruiter,1
suburban,1
purity,1
opacity,1
limitless,1
elusive,1
converted,1
ripen,1
axelrod,1
polemical,1
expanded,1
surviving,1
surveyor,1
interactions,1
landed,1
bankers,1
strife,1
railed,1
standing,1
builders,1
humans,1
droughty,1
paint,1
sunday,1
drafted,1
seemingly,1
abrupt,1
surveyed,1
religious,1
innovation,1
afar,1
seditious,1
riches,1
engineering,1
enlightenment,1
illuminating,1
mlligrancy,1
postulate,1
interstate,1
comforting,1
pastures,1
bratsk,1
brow,1
calculate,1
repression,1
oxford,1
photographed,1
valuation,1
widows,1
asiatic,1
hochstadt,1
selling,1
infested,1
victor,1
violence,1
oasis,1
ethnographers,1
opportunities,1
wake,1
tremendous,1
represents,1
worthless,1
switching,1
accident,1
supplanting,1
coincidental,1
alongside,1
residence,1
demko,1
sex,1
sounds,1
evolved,1
ration,1
fifth,1
historia,1
miroshnikov,1
koch,1
biceps,1
management,1
cholera,1
palmer,1
victimization,1
assimilation,1
posture,1
falls,1
seniors,1
adjusted,1
reynolds,1
genrich,1
wandered,1
bloomington,1
kieval,1
rossiiskoi,1
checkpoint,1
knocked,1
teaching,1
rectangular,1
ky,1
liquify,1
skin,1
baltimore,1
margarete,1
rossiiskii,1
friedrich,1
husbandry,1
sales,1
fleeting,1
silk,1
breathe,1
belonging,1
ears,1
payments,1
watched,1
cheerful,1
boiling,1
containing,1
coins,1
boarding,1
lined,1
mikolaj,1
heroes,1
mich,1
noted,1
increasingly,1
mullahs,1
speaking,1
malkki,1
innate,1
japanese,1
seifdom,1
nuisance,1
afterschool,1
sector,1
raids,1
hallmark,1
considers,1
gotten,1
spatially,1
fill,1
gridiron,1
administrators,1
tall,1
dante,1
fabulous,1
inspected,1
worst,1
shops,1
provide,1
firms,1
resistance,1
toiled,1
name,1
successfully,1
eerie,1
idle,1
ind,1
mamma,1
talked,1
heritage,1
partitioned,1
innuendo,1
custom,1
dichotomies,1
partition,1
think,1
divison,1
passed,1
pereselentsev,1
wobec,1
ended,1
locating,1
conceived,1
dictatorship,1
unswerving,1
rossii,1
responsibilities,1
safety,1
sbomnik,1
didn,1
addition,1
experienced,1
adobe,1
dokumentov,1
countty,1
minorities,1
powder,1
neprnen,1
conformity,1
cultivated,1
memorialization,1
shows,1
diminishing,1
marker,1
minority,1
coincidence,1
swindle,1
rosy,1
foodstuffs,1
lengthening,1
regret,1
minnesota,1
call,1
bleached,1
krzysztof,1
appeared,1
rugged,1
refined,1
tsk,1
saddled,1
flimsy,1
pretty,1
inevitably,1
casualties,1
services,1
dilapidated,1
threats,1
equitably,1
superpowers,1
crossing,1
arriving,1
associates,1
incorporation,1
disoriented,1
becker,1
plagued,1
john,1
bluff,1
anaconda,1
diffuse,1
dostoyevsky,1
debates,1
prospered,1
doubt,1
arsenic,1
identical,1
venture,1
commuting,1
istoriia,1
outpost,1
charges,1
fashion,1
hinges,1
zoned,1
serious,1
starvation,1
disciplined,1
rhetoric,1
elevators,1
serfdom,1
massovoe,1
puzzling,1
readers,1
calthorpe,1
retooled,1
abstract,1
organizing,1
wvest,1
tales,1
proletariat,1
steve,1
ninety,1
shown,1
anticipating,1
unit,1
couldn,1
thiolugh,1
orderly,1
existing,1
gulch,1
inhabit,1
michael,1
ukaz,1
inhospitable,1
huddled,1
confrontation,1
imaginary,1
spoke,1
spell,1
ahead,1
boon,1
focusing,1
deep,1
annihilates,1
heaps,1
intensify,1
waterfall,1
woman,1
asunder,1
virginia,1
burdened,1
compelled,1
ignoring,1
distance,1
laced,1
commercial,1
breast,1
glistening,1
natsional,1
savings,1
overleap,1
encountered,1
dakota,1
polskiej,1
distortions,1
diversants,1
ripped,1
boat,1
convenient,1
abortion,1
annually,1
nickel,1
notion,1
ayers,1
kazakhstani,1
summers,1
published,1
ephemeral,1
breakdown,1
credit,1
silesia,1
understanding,1
technologies,1
glue,1
reveals,1
arch,1
buber,1
investment,1
oil,1
dissimilar,1
campaigns,1
examples,1
birth,1
obiasnitel,1
stumbled,1
easier,1
romanticize,1
deurbanized,1
reversed,1
coax,1
negated,1
tin,1
mothers,1
implicated,1
entrancing,1
unnaturally,1
slaves,1
meals,1
arnerika,1
sotsializm,1
drills,1
martial,1
incompatibility,1
fictional,1
tickets,1
backed,1
distinctly,1
previously,1
industrialized,1
conscript,1
unpredictable,1
canals,1
leap,1
streams,1
lung,1
functionaries,1
birds,1
kolyma,1
identity,1
wonder,1
misled,1
refuigees,1
blossoming,1
grassland,1
thriving,1
profitable,1
amnesty,1
weeks,1
requisitioned,1
rust,1
fascist,1
complement,1
exterminated,1
convenience,1
operated,1
wonderful,1
mvd,1
emphasize,1
civilizationl,1
unrestfulness,1
causes,1
shopping,1
barrel,1
congress,1
emigrated,1
smoothly,1
dances,1
aside,1
products,1
harvard,1
submitted,1
reservoirs,1
numbered,1
questions,1
guarded,1
industrialize,1
club,1
actual,1
rutsskoe,1
eden,1
icy,1
exploiters,1
individuals,1
crimea,1
insults,1
frame,1
deployed,1
purposeful,1
sees,1
previous,1
office,1
dialects,1
voraciously,1
ob,1
listless,1
hardened,1
california,1
pellets,1
optimistic,1
treasonous,1
grower,1
finally,1
kokchetav,1
displacing,1
trade,1
osvobozhdenie,1
hammered,1
significance,1
heartless,1
clear,1
nursing,1
urbana,1
regulars,1
historic,1
remaining,1
samarkand,1
directed,1
reward,1
stress,1
poisonous,1
clouds,1
cieseilski,1
express,1
algazhumanov,1
maintenance,1
recipient,1
logic,1
lonely,1
miiine,1
superstructure,1
lifted,1
roki,1
haunted,1
verdant,1
allowed,1
sliding,1
supplying,1
threw,1
evenings,1
period,1
cabbages,1
parts,1
creating,1
remark,1
meaderville,1
tribal,1
sited,1
startsev,1
serves,1
stages,1
paths,1
trek,1
arteries,1
glut,1
earlier,1
diversion,1
joined,1
zlet,1
fred,1
expressing,1
martin,1
thomas,1
adequately,1
rails,1
meantime,1
imagination,1
artificial,1
educational,1
statistiki,1
sandy,1
retire,1
sentiment,1
comparing,1
include,1
coercive,1
labour,1
distrusted,1
commentators,1
edmund,1
date,1
settler,1
goodbyes,1
methods,1
ribs,1
realm,1
exaggeration,1
sight,1
sensible,1
remade,1
tree,1
dishes,1
respectively,1
tossed,1
ann,1
acquire,1
banking,1
britain,1
accordingly,1
effect,1
withered,1
excluded,1
assigning,1
axe,1
lowered,1
zalin,1
structure,1
vsesoiuznaia,1
concepts,1
jerzy,1
hardy,1
ethnicpolitical,1
acidic,1
looks,1
paris,1
field,1
displacements,1
hillel,1
ate,1
travelers,1
arisen,1
southwest,1
attracted,1
delightful,1
sanitary,1
principal,1
save,1
wolfgang,1
haven,1
bourgeoisamerican,1
famine,1
bonito,1
irex,1
acre,1
evaluated,1
remarkable,1
ago,1
outright,1
regimes,1
normal,1
encompassing,1
immigration,1
competed,1
onions,1
carpet,1
trachomna,1
infants,1
oltnovtsi,1
tore,1
reinventing,1
nykh,1
brave,1
dogs,1
interned,1
carried,1
uniited,1
telephone,1
fog,1
comical,1
somewhat,1
principled,1
perepis,1
dictatorships,1
archipelag,1
undifferentiated,1
regimentation,1
fraternal,1
trapezoids,1
christian,1
replies,1
entail,1
aksakal,1
flesh,1
commenting,1
alleys,1
shoot,1
swinging,1
silesians,1
bermani,1
chances,1
belonged,1
transformations,1
note,1
shop,1
cow,1
richest,1
cabbage,1
lot,1
angular,1
homnesteaded,1
bulk,1
crucial,1
ecological,1
domains,1
suburbanites,1
criminal,1
blanketing,1
conservatism,1
naturally,1
ideology,1
proselytizers,1
entities,1
ominously,1
fully,1
suspected,1
flowed,1
stocks,1
gleason,1
beings,1
disenfranchised,1
slow,1
habsburg,1
urges,1
soften,1
resumed,1
primarily,1
nazism,1
nemesis,1
kinofotodokumentov,1
success,1
spetsposelentsev,1
orphanages,1
faces,1
nihilo,1
worse,1
blizzard,1
claimed,1
effectively,1
hopeful,1
nizhnii,1
salaries,1
threaten,1
molybdenum,1
oddly,1
requests,1
thirteen,1
wilson,1
anxiety,1
executive,1
sync,1
perepiskakh,1
thinning,1
dynamism,1
rectangles,1
hell,1
camel,1
shoveled,1
sod,1
effective,1
kershaw,1
mills,1
spies,1
uninspired,1
wheezes,1
norwegian,1
hole,1
bureaus,1
inferior,1
graphed,1
transferring,1
sage,1
elderly,1
endure,1
sheila,1
shooting,1
subdivided,1
enforced,1
anarchy,1
face,1
perished,1
afraid,1
worlds,1
figured,1
subtext,1
rationalize,1
sound,1
mud,1
bad,1
crowded,1
dismounted,1
vkp,1
joseph,1
greets,1
forest,1
rises,1
tribe,1
considered,1
circuit,1
door,1
poseleniiakh,1
matters,1
extermination,1
dissertation,1
sections,1
assistant,1
regularly,1
dissection,1
border,1
grazed,1
rolling,1
curious,1
exercised,1
swallowed,1
coat,1
akhmetov,1
beast,1
misinformation,1
singular,1
practice,1
chechens,1
exclusion,1
decree,1
teams,1
categorizations,1
hunched,1
deportee,1
soak,1
deviates,1
charting,1
version,1
defend,1
forget,1
fertilizers,1
ve,1
milwaukee,1
simplify,1
orlando,1
bulging,1
underpaying,1
simply,1
instructed,1
bliukherovskii,1
stepped,1
constituted,1
ever,1
economically,1
mutton,1
explosive,1
democracies,1
pace,1
comes,1
founders,1
convicts,1
offered,1
povol,1
divisions,1
billowed,1
temporal,1
palace,1
charles,1
premonition,1
ryn,1
pelts,1
snuck,1
nikov,1
pfaces,1
cart,1
phillips,1
poisoned,1
stoty,1
offers,1
sustained,1
command,1
affirmative,1
der,1
news,1
forty,1
evade,1
erected,1
know,1
legislature,1
outcome,1
partitioning,1
supposed,1
favorably,1
mutually,1
dairy,1
colonization,1
thicket,1
wish,1
secured,1
sure,1
rear,1
readily,1
noi,1
conglomerate,1
myopia,1
facing,1
difficulty,1
paper,1
sheep,1
actuality,1
tuberculosis,1
specialized,1
worth,1
rk,1
fairs,1
journalist,1
extraction,1
roman,1
key,1
innovations,1
authorities,1
gone,1
funnel,1
dies,1
alexander,1
threatened,1
irrigate,1
punished,1
variegated,1
manipulations,1
wall,1
surprised,1
amounted,1
visiting,1
rarely,1
abdomen,1
tungsten,1
mazurians,1
drifted,1
epistemological,1
amlerican,1
harvest,1
cavity,1
bunkhouse,1
exploiting,1
ukarany,1
hospital,1
brothers,1
motion,1
solved,1
collectors,1
metaphorical,1
plateaus,1
postdoctoral,1
mongolia,1
latvia,1
enemy,1
attractions,1
infiltrate,1
jagged,1
multiplying,1
medina,1
finns,1
sum,1
baizhanov,1
distinctive,1
closest,1
collaborators,1
nationalities,1
rural,1
passage,1
bisecting,1
type,1
tunnels,1
merely,1
ideally,1
person,1
liters,1
dreary,1
phd,1
charged,1
allotment,1
ditch,1
memoiy,1
jakobson,1
disinfectant,1
specter,1
deeded,1
dismissal,1
drop,1
realize,1
succeeded,1
gorodov,1
boarded,1
enjoyment,1
automatically,1
heads,1
answered,1
exploding,1
transitory,1
lands,1
clad,1
unique,1
migratsiia,1
ludnosci,1
nationalist,1
beaten,1
overcrowded,1
twisted,1
noril,1
mary,1
resent,1
iwanow,1
plants,1
clothing,1
conduct,1
bend,1
coerced,1
rags,1
oblastei,1
indicates,1
flutters,1
warn,1
liberalization,1
locusts,1
burrowed,1
condemn,1
merle,1
ripe,1
unrest,1
novelty,1
act,1
ukrainians,1
gambling,1
barriers,1
extent,1
dream,1
tending,1
unionize,1
getting,1
krusil,1
weights,1
ternopil,1
differs,1
entice,1
lebensraum,1
complain,1
landing,1
novokuznetsk,1
seep,1
annual,1
explored,1
perepisykh,1
imperial,1
quarters,1
hogs,1
information,1
precedent,1
sparse,1
crazy,1
kazakhskoi,1
ezhov,1
wove,1
sentenced,1
asians,1
breezes,1
decisions,1
church,1
martha,1
burden,1
lifeline,1
traits,1
monitored,1
naked,1
apparatus,1
bath,1
blazed,1
sulfurous,1
ladies,1
peace,1
sheer,1
contentthat,1
yda,1
kin,1
sea,1
vistas,1
marble,1
manual,1
revolutions,1
marketing,1
thieirs,1
bureaucratized,1
regulate,1
easy,1
african,1
infamous,1
ensure,1
techniques,1
photographs,1
step,1
assumptions,1
histoiy,1
untidy,1
gang,1
orthodoxies,1
locked,1
adrift,1
target,1
commodities,1
recounts,1
possessions,1
transcontinental,1
programs,1
demanding,1
incorporate,1
borderland,1
alternating,1
encircled,1
conversely,1
abbott,1
duped,1
memories,1
spetskontingenta,1
untamed,1
using,1
systematically,1
maintained,1
podinnya,1
representation,1
writing,1
infinity,1
goals,1
interviews,1
childhood,1
dissidents,1
terminal,1
courtyards,1
multiply,1
subsumed,1
analogy,1
energies,1
inhibit,1
prioritize,1
vlatsovsti,1
incorporeal,1
ranks,1
memorialized,1
understandings,1
single,1
canvas,1
survival,1
migrancy,1
drafts,1
montanans,1
instructive,1
lists,1
injured,1
ignored,1
ingushi,1
plowing,1
conn,1
disposal,1
average,1
unmarked,1
observed,1
donald,1
charts,1
biown,1
grows,1
steam,1
diminished,1
temperature,1
piecemeal,1
samborski,1
ribbon,1
stretches,1
emnptied,1
stalingradskoi,1
warsaw,1
parallels,1
slides,1
armstrong,1
neb,1
slavs,1
prolonged,1
karachaevs,1
americas,1
grown,1
chernyshevsky,1
schoolyard,1
upon,1
ghettos,1
consumption,1
farther,1
unified,1
masses,1
product,1
paychecks,1
heartland,1
lincoln,1
obstacles,1
mobilization,1
ssyl,1
conquered,1
piece,1
shutdown,1
kashgar,1
zadnoi,1
voluntary,1
oversaw,1
ghosts,1
gloucestershire,1
wroclaw,1
journalistic,1
remains,1
francisco,1
shift,1
increased,1
karelia,1
nomadism,1
putting,1
desert,1
requesting,1
brawls,1
am,1
encounters,1
thousand,1
specific,1
wondered,1
omz,1
tenements,1
removed,1
virginal,1
passages,1
snakes,1
assumed,1
arrange,1
certainty,1
consumes,1
close,1
industrialists,1
drifts,1
petitioned,1
contestants,1
supervise,1
oversimplification,1
archival,1
zhya,1
politburo,1
hotel,1
commodity,1
opaque,1
negotiate,1
nels,1
overcrowding,1
grief,1
contrasting,1
slid,1
overtake,1
dampness,1
potatoes,1
norman,1
fears,1
import,1
element,1
grab,1
documentary,1
stanislaw,1
develop,1
schreuder,1
abandoned,1
raion,1
trumpeted,1
happened,1
glance,1
whenever,1
ssrc,1
digest,1
anton,1
cross,1
breathed,1
drunk,1
denim,1
signals,1
itching,1
termed,1
incessant,1
confrontations,1
otto,1
occur,1
retrospect,1
someplace,1
asphalt,1
