WORDCOUNTS,WEIGHT
the,1062
of,529
to,423
and,416
in,383
a,214
mexican,206
workers,182
mexico,175
american,161
north,126
their,122
for,115
were,105
s,100
on,96
that,95
as,95
had,94
they,91
foreign,88
labor,82
not,78
mexicans,76
at,69
with,68
from,65
june,64
by,64
was,58
work,58
no,53
americans,51
foreigners,46
u,44
review,41
did,40
an,39
who,39
but,37
also,37
new,37
historical,36
city,36
c,36
railway,35
company,35
see,35
interview,35
them,35
government,34
i,34
one,33
de,33
industrial,33
all,31
be,31
his,30
diaz,29
these,29
d,29
drfr,29
more,28
many,28
mining,28
e,27
state,27
skilled,27
its,27
or,27
it,26
el,26
may,26
revolution,26
tampico,26
been,26
he,25
porfirian,25
w,24
latin,23
only,23
even,22
could,22
working,22
railways,22
have,22
during,21
industry,21
up,21
porfiriato,21
other,20
mine,20
en,20
wages,20
r,20
brown,20
is,20
when,20
capital,20
jonathan,19
july,19
history,18
g,18
herald,18
oil,18
are,18
central,17
sonora,17
this,17
strike,17
la,17
conditions,17
national,17
states,17
if,16
employees,16
into,16
some,16
employers,16
y,16
so,16
found,16
out,16
historia,16
social,16
time,16
jobs,16
own,16
began,16
between,16
first,15
march,15
consuls,15
than,15
organized,15
ministers,15
economic,15
would,15
northern,15
united,15
secretary,14
cited,14
such,14
manager,14
most,14
part,14
april,14
about,14
men,14
local,14
mines,14
after,14
class,14
over,14
much,14
h,13
there,13
against,13
monterrey,13
industries,13
n,13
problems,13
hereafter,13
officials,13
texas,13
railroad,13
which,13
like,13
any,13
february,13
strikes,12
j,12
capitalist,12
political,12
pay,12
mechanics,12
white,12
university,12
unions,12
line,12
parlee,12
cananea,12
reported,12
two,12
percent,12
capitalism,12
laborers,12
ruiz,11
railroads,11
higher,11
came,11
p,11
spanish,11
always,11
proletarians,11
august,11
january,11
veracruz,11
force,11
m,10
being,10
said,10
those,10
papers,10
america,10
september,10
york,10
days,10
too,10
supervisors,10
however,10
because,10
people,10
order,10
still,10
pacific,10
business,10
conductors,10
john,10
do,10
often,10
struck,10
authorities,10
both,10
transportation,9
group,9
studies,9
t,9
system,9
worker,9
chihuahua,9
managers,9
process,9
anderson,9
record,9
del,9
porfirio,9
resistance,9
knight,9
southern,9
under,9
management,9
french,9
native,9
day,9
investment,9
made,9
liga,9
trade,9
co,9
consul,9
smelter,9
gran,9
country,9
presence,9
thompson,9
while,9
among,9
worked,8
robert,8
wage,8
candelaria,8
desired,8
owners,8
collection,8
development,8
bacon,8
nor,8
whom,8
international,8
austin,8
companies,8
positions,8
paid,8
world,8
yet,8
morgan,8
another,8
b,8
especially,8
december,8
laird,8
post,8
william,8
writes,8
trainmen,8
years,8
superintendent,8
themselves,8
morse,8
employer,8
o,7
revolutionary,7
modern,7
long,7
paternalism,7
puebla,7
british,7
politics,7
october,7
relations,7
unskilled,7
minor,7
l,7
legal,7
wanted,7
dwight,7
numerical,7
chinese,7
year,7
los,7
research,7
provided,7
society,7
will,7
f,7
san,7
second,7
make,7
peirce,7
proletarianization,7
home,7
culture,7
toward,7
daily,7
enough,7
took,7
classes,7
language,7
mr,7
we,7
files,7
justice,7
nads,7
me,7
movimiento,7
lost,7
each,7
job,7
better,7
through,7
became,7
copper,7
come,7
land,7
regime,7
per,6
miners,6
replaced,6
experience,6
later,6
together,6
less,6
very,6
laws,6
villegas,6
century,6
back,6
obrero,6
chap,6
journal,6
clayton,6
established,6
cosio,6
union,6
suffered,6
well,6
having,6
received,6
rail,6
et,6
president,6
mexicanization,6
small,6
several,6
soon,6
pesos,6
same,6
al,6
our,6
asarco,6
man,6
hand,6
eds,6
increase,6
diaries,6
individual,6
continued,6
independence,6
construction,6
refused,6
domestic,6
far,6
month,6
rebellion,6
calif,6
gottschalk,6
families,6
although,6
tramway,6
off,6
west,6
little,6
develop,6
accidents,5
peaceful,5
habits,5
else,5
give,5
vols,5
capitalists,5
moderna,5
rodney,5
great,5
train,5
within,5
case,5
vol,5
entrepreneurs,5
x,5
learned,5
complained,5
dependence,5
since,5
demanded,5
find,5
border,5
cultural,5
agitation,5
rather,5
bring,5
growth,5
heard,5
cause,5
organization,5
workplace,5
just,5
textile,5
cost,5
hours,5
population,5
doheny,5
london,5
place,5
records,5
alan,5
foreman,5
haber,5
sense,5
night,5
family,5
replace,5
dependent,5
pearson,5
therefore,5
demand,5
action,5
wrote,5
violence,5
again,5
death,5
power,5
fact,5
forms,5
where,5
english,5
despatches,5
refining,5
engineers,5
period,5
joined,5
become,5
artisans,5
claimed,5
lines,5
considered,5
supported,5
here,5
control,5
leaders,5
half,5
powell,5
living,5
beginning,5
killed,5
making,5
problem,5
property,5
went,5
unable,5
resist,5
argentina,5
willing,5
anonymous,5
charles,5
traditional,5
building,5
gutman,4
does,4
common,4
groups,4
formed,4
solidarity,4
walker,4
before,4
probert,4
file,4
accumulation,4
production,4
mexicana,4
last,4
xico,4
has,4
himself,4
railwaymen,4
used,4
campbell,4
las,4
arrested,4
police,4
diplomats,4
old,4
david,4
six,4
general,4
rights,4
town,4
hobsbawm,4
without,4
edward,4
opportunity,4
study,4
moreover,4
reason,4
impact,4
store,4
willard,4
greater,4
boilermen,4
industrializing,4
entered,4
demands,4
war,4
public,4
gained,4
james,4
silver,4
residents,4
knowledge,4
gave,4
smelting,4
either,4
good,4
change,4
protest,4
box,4
protect,4
coast,4
progress,4
crime,4
seemed,4
south,4
led,4
republic,4
reduced,4
comparative,4
benson,4
transition,4
community,4
peons,4
movement,4
once,4
trains,4
underdevelopment,4
efforts,4
ed,4
noted,4
members,4
law,4
others,4
herbert,4
pressure,4
above,4
free,4
barrett,4
organize,4
rio,4
use,4
outcasts,4
tehuantepec,4
office,4
nevertheless,4
times,4
him,4
labour,4
industrialization,4
relationship,4
employment,4
slow,4
itself,4
privileges,4
canada,4
dissertation,4
eventually,4
broke,4
circumstances,4
entry,4
benefits,4
braverman,4
ph,4
number,4
what,4
terms,4
attitudes,4
penetration,4
engineer,4
peace,4
despite,4
role,4
november,4
colonial,4
chile,4
until,4
hart,4
attempted,4
increased,4
carr,4
offered,4
lorena,4
corn,4
strong,4
observed,4
difficult,3
now,3
car,3
concerned,3
college,3
church,3
large,3
diplomatic,3
potosi,3
ways,3
policy,3
occurred,3
anything,3
every,3
might,3
hire,3
historiography,3
down,3
stay,3
turnover,3
imported,3
take,3
real,3
salary,3
issue,3
blanco,3
suspect,3
announced,3
possible,3
machinery,3
powers,3
say,3
behavior,3
level,3
jr,3
affairs,3
immigrants,3
body,3
speed,3
compared,3
scott,3
haciendas,3
drawn,3
master,3
businessmen,3
banana,3
poor,3
advancement,3
recognized,3
farms,3
wasserman,3
aguascalientes,3
investigation,3
responded,3
eight,3
similar,3
certain,3
direct,3
bosses,3
retained,3
revolutionaries,3
frequently,3
prevent,3
age,3
show,3
commented,3
albuquerque,3
passed,3
exploitation,3
nationality,3
trained,3
participated,3
appear,3
my,3
declined,3
deal,3
dispute,3
let,3
treat,3
tools,3
procedures,3
judicial,3
delays,3
shape,3
representatives,3
xix,3
eduardo,3
relatives,3
nation,3
got,3
issues,3
organizing,3
away,3
weeks,3
least,3
catholic,3
owned,3
quite,3
involved,3
influence,3
few,3
concerns,3
breaking,3
generally,3
maxwell,3
firemen,3
lincoln,3
gordon,3
threatened,3
foremen,3
trabajo,3
nonetheless,3
various,3
expansion,3
resisted,3
return,3
nearly,3
commenced,3
loss,3
promoting,3
opportunities,3
security,3
then,3
light,3
assistance,3
department,3
investors,3
party,3
california,3
factory,3
chance,3
put,3
headquarters,3
skills,3
luis,3
treatment,3
agrarian,3
children,3
end,3
motormen,3
drinking,3
everyday,3
michael,3
material,3
hamilton,3
siglo,3
violent,3
turf,3
layoffs,3
bitter,3
nothing,3
guaymas,3
rumors,3
jose,3
modernization,3
held,3
started,3
jail,3
plant,3
anyone,3
lose,3
cockcroft,3
opposition,3
newspapers,3
strikers,3
sentiments,3
enjoyed,3
structure,3
seeking,3
militancy,3
provide,3
sometimes,3
apprentices,3
hill,3
fewer,3
recognize,3
efficiency,3
analysis,3
machinists,3
get,3
paying,3
stable,3
laborer,3
simply,3
set,3
berkeley,3
caciques,3
intellectual,3
ended,3
different,3
best,3
ahr,3
particularly,3
ambivalent,3
rural,3
brakemen,3
unionists,3
according,3
economy,3
parral,3
particular,3
thirty,3
unrest,3
orizaba,3
apparently,3
incomes,3
intended,3
administration,3
returning,3
agents,3
employes,3
manufacturing,3
indians,3
racially,3
invasion,3
cambridge,3
average,3
numerous,3
never,3
neb,3
instead,3
early,3
focus,3
asked,3
courts,2
fronterizo,2
miller,2
go,2
complaint,2
done,2
estimated,2
estate,2
fled,2
market,2
extend,2
resulted,2
imparcial,2
durante,2
sympathetic,2
told,2
center,2
kinds,2
lagunera,2
mostly,2
essays,2
entries,2
cars,2
authority,2
coalition,2
contend,2
mechanic,2
trace,2
western,2
nineteenth,2
track,2
precursors,2
arms,2
lower,2
wallerstein,2
isthmus,2
sources,2
davis,2
interests,2
exclusive,2
taken,2
feeling,2
investments,2
permanently,2
cowdray,2
drillers,2
seems,2
departure,2
handling,2
unjust,2
operators,2
tradition,2
twenty,2
desire,2
display,2
gradual,2
outbreak,2
duran,2
fully,2
shot,2
room,2
hanna,2
help,2
issac,2
achieved,2
course,2
trouble,2
greatly,2
precisely,2
immanuel,2
principal,2
hostile,2
daniel,2
racial,2
politico,2
historians,2
comarca,2
sought,2
expenses,2
firm,2
robbery,2
diario,2
account,2
replacement,2
opened,2
cooperation,2
activity,2
diplomat,2
richard,2
run,2
carpenters,2
drunk,2
sent,2
along,2
dignity,2
attract,2
doctors,2
surplus,2
conflict,2
natives,2
thus,2
throughout,2
railwayman,2
industriales,2
relationships,2
proceeded,2
immediate,2
inevitable,2
village,2
tex,2
safety,2
agent,2
tucson,2
proletariado,2
meyer,2
adleson,2
absolutely,2
kind,2
thing,2
cases,2
concerning,2
amount,2
quit,2
left,2
third,2
alliances,2
died,2
telegraphers,2
look,2
occidental,2
boom,2
regulations,2
billion,2
delivered,2
generation,2
manuel,2
promised,2
employ,2
failed,2
opposed,2
competition,2
high,2
alleged,2
operations,2
textil,2
furness,2
traffic,2
absent,2
developed,2
district,2
how,2
forced,2
politicians,2
active,2
fever,2
keep,2
grew,2
se,2
leave,2
pressured,2
basurto,2
limitation,2
paradox,2
indispensable,2
vera,2
means,2
injury,2
changes,2
clerk,2
plus,2
indignities,2
tensions,2
consider,2
moved,2
workmen,2
peasant,2
yellow,2
slowly,2
bit,2
branch,2
troops,2
liberal,2
elsewhere,2
driven,2
former,2
promotion,2
fuerza,2
pressed,2
superior,2
additional,2
shop,2
obstacles,2
imprisonment,2
thieves,2
aristocrats,2
internal,2
helped,2
faced,2
disappeared,2
aliens,2
annoyed,2
result,2
theft,2
societies,2
conservative,2
entering,2
total,2
lived,2
initial,2
employee,2
late,2
creating,2
hispanic,2
moctezuma,2
though,2
buried,2
profited,2
something,2
moore,2
produced,2
persons,2
scale,2
industria,2
safe,2
demanding,2
noroeste,2
taught,2
miningjournal,2
near,2
governing,2
failure,2
almost,2
none,2
learn,2
basis,2
data,2
abroad,2
leisure,2
claim,2
prominent,2
competing,2
example,2
arghiri,2
edn,2
reduction,2
related,2
port,2
securing,2
desarrollo,2
whole,2
northwest,2
policies,2
partly,2
collective,2
actually,2
thereafter,2
fireman,2
rise,2
adopt,2
stanford,2
alliance,2
traditions,2
following,2
mules,2
regions,2
prices,2
vida,2
caused,2
presented,2
aroused,2
things,2
nine,2
hired,2
rippy,2
clothes,2
insecurities,2
seade,2
veteran,2
dispatchers,2
peasants,2
depression,2
transfer,2
lawyers,2
vive,2
villages,2
emmanuel,2
tended,2
railroading,2
visible,2
productivity,2
raised,2
proper,2
peculiar,2
cycle,2
am,2
actions,2
olien,2
planter,2
petroleum,2
calls,2
appeal,2
hosts,2
transform,2
investigating,2
attempts,2
steadily,2
short,2
indeed,2
dressed,2
prevailing,2
reduce,2
harry,2
adapted,2
parker,2
single,2
mexicanos,2
monte,2
meanwhile,2
experienced,2
financial,2
technology,2
official,2
selective,2
neither,2
earned,2
friedrich,2
indian,2
alien,2
resented,2
regional,2
act,2
organizations,2
skill,2
book,2
coming,2
stated,2
abounded,2
adobe,2
longer,2
lack,2
stories,2
preserve,2
areas,2
lives,2
clerks,2
choice,2
gray,2
strikebreakers,2
charges,2
mondays,2
promoted,2
v,2
proletariat,2
operating,2
developing,2
accepted,2
income,2
fogoneros,2
attitude,2
woman,2
threats,2
streets,2
encountered,2
league,2
remained,2
fight,2
greatest,2
spending,2
indiana,2
treated,2
upon,2
values,2
tank,2
elite,2
encouraged,2
entirely,2
food,2
operated,2
station,2
assume,2
engaged,2
addicted,2
previous,2
sic,2
finally,2
ties,2
reverted,2
directed,2
welcomed,2
talk,2
liquor,2
dominated,2
peter,2
logic,2
xenophobia,2
features,2
misunderstanding,2
standard,2
thomas,2
latter,2
repeated,2
why,2
eberhardt,2
k,2
prisons,2
awful,2
organizers,2
field,2
present,2
morris,2
durango,2
governor,2
quarter,2
increasing,2
farm,2
carried,2
dual,2
raise,2
phillip,2
usually,2
five,2
outsiders,2
suspected,2
effective,2
months,2
madero,2
seen,2
yale,2
understand,2
salaries,2
transformation,2
indicate,2
extra,2
fall,2
inferior,2
nationalization,2
wives,2
citizens,2
walking,2
pressures,2
joseph,2
meant,2
consulate,2
stephen,2
claims,2
nacional,2
placed,2
fifteen,2
precedence,2
believed,2
peones,2
tramways,2
series,2
mario,2
jailed,2
turn,2
log,2
known,2
concluded,2
constructed,2
bernstein,2
occupational,2
oficial,2
command,2
obreros,2
discharged,2
refinery,2
quickly,2
tendencies,2
katz,2
monthly,2
ariz,2
ratio,2
inclined,2
jorge,2
argue,2
unsettling,2
brazil,2
houses,2
cities,2
going,2
expel,2
works,2
subordinate,2
chicago,2
form,2
plants,2
map,2
shortages,2
leaving,2
jalapa,2
her,2
getting,2
annual,2
noticed,2
library,2
aguas,2
travel,2
policemen,2
strain,2
felt,2
expected,2
met,2
given,2
duty,2
regulate,2
african,2
impose,2
extended,2
anarchism,2
wife,2
operate,2
results,2
calientes,2
maintained,2
teeth,2
complaints,2
cuadernos,2
formation,2
initiated,2
mutual,2
contract,2
twentieth,2
camps,2
fraud,2
washington,2
mode,2
crisis,2
jefe,2
obreroferrocarrilero,2
actively,2
approximately,2
americas,2
need,2
evidence,2
assaulted,2
ciudad,2
incidents,2
involving,2
countrymen,2
effects,2
meyers,2
toj,2
membership,2
francisco,2
roughly,2
ferris,2
nitrate,2
elites,2
era,2
enterprise,2
limantour,2
create,2
import,2
rodea,2
gulf,2
duration,2
immediately,2
permanent,2
attendance,2
built,2
race,2
customs,2
bergquist,1
juan,1
parcial,1
beezley,1
syndicalism,1
incited,1
huntington,1
archives,1
coatzalcoalcos,1
scandal,1
deference,1
mania,1
struggle,1
child,1
accomplish,1
booms,1
appealed,1
way,1
cedefno,1
ambivalence,1
obey,1
phil,1
religions,1
concern,1
pittsburgh,1
stood,1
whitman,1
praised,1
trimestre,1
leandro,1
intricate,1
migrated,1
cradle,1
everyone,1
trunk,1
episodes,1
maturity,1
grudgingly,1
tierra,1
trans,1
worthy,1
intriguing,1
rnmiles,1
outlaws,1
measures,1
resided,1
associated,1
statelabor,1
clannish,1
kroeber,1
stockings,1
benedict,1
yankee,1
inciting,1
cheaper,1
predilection,1
suppressed,1
colegio,1
becoming,1
needed,1
womack,1
discover,1
operator,1
factories,1
tasted,1
breakup,1
ferrocarril,1
fate,1
properly,1
enhance,1
por,1
lambert,1
word,1
catastrophe,1
algunas,1
difcultadmine,1
electricians,1
live,1
schools,1
asserted,1
transcribed,1
motto,1
sticking,1
sold,1
irapuato,1
motivation,1
injuries,1
stephenson,1
situation,1
nuts,1
di,1
sudden,1
shoe,1
easily,1
wrkers,1
respectability,1
environment,1
innocently,1
nationalistic,1
satisfied,1
mccreery,1
earnings,1
ore,1
disinterred,1
spirit,1
decade,1
missionaries,1
paternalistic,1
tents,1
flores,1
position,1
contractor,1
cycles,1
committee,1
resurgence,1
character,1
ian,1
classify,1
yard,1
harsh,1
unlike,1
encourage,1
calncer,1
apiece,1
robinson,1
expressed,1
remedy,1
porfiriana,1
arrived,1
accomplishments,1
dakotas,1
bend,1
sacks,1
induced,1
plantations,1
rosemary,1
trainman,1
migration,1
exaggerations,1
rangers,1
leticia,1
princeton,1
chief,1
nickel,1
deshazo,1
hacendados,1
ethic,1
agitated,1
ladd,1
carmen,1
disputed,1
women,1
repaid,1
hoping,1
laura,1
fitfully,1
billiard,1
highlight,1
congress,1
predominantly,1
uprising,1
consistent,1
compression,1
cast,1
defeated,1
gossip,1
uncoordinated,1
sympathizers,1
modest,1
certainly,1
numbered,1
jackson,1
implements,1
creation,1
subscribed,1
questions,1
stubbs,1
crews,1
sooner,1
breweries,1
fund,1
indicated,1
diego,1
penchant,1
board,1
season,1
attempt,1
ithaca,1
opted,1
weekend,1
advanced,1
begged,1
gilly,1
nature,1
asia,1
setion,1
hatred,1
incessantly,1
strip,1
consciousness,1
vl,1
condoned,1
gymnasium,1
attractive,1
knowing,1
route,1
continue,1
wooden,1
capitalista,1
chichuahua,1
manliness,1
belong,1
advantage,1
accompanied,1
simple,1
swindled,1
thank,1
differences,1
farmers,1
potentially,1
blind,1
pinto,1
nineteen,1
follows,1
able,1
incident,1
plumbing,1
service,1
thanks,1
hundred,1
located,1
reveal,1
composition,1
subdued,1
court,1
uncovered,1
ictoria,1
resulting,1
trifling,1
halted,1
factions,1
foolish,1
relegated,1
petty,1
rudimentary,1
miles,1
solicited,1
buenos,1
universal,1
concepts,1
frenchowned,1
industrialisation,1
reserved,1
access,1
telegrams,1
complicated,1
coordinated,1
china,1
alike,1
reading,1
committed,1
privileged,1
attack,1
hour,1
confused,1
motivated,1
stopped,1
antedated,1
devaluation,1
akin,1
nationwide,1
sociedad,1
carousing,1
takes,1
forum,1
smash,1
described,1
cabinet,1
arise,1
campesinos,1
ideological,1
barreteros,1
attacked,1
fernando,1
manifesto,1
blacksmiths,1
persecution,1
korzeniewicz,1
task,1
capacity,1
emboldened,1
severe,1
roxborough,1
hanagan,1
bases,1
spectrum,1
agriculture,1
boozing,1
right,1
economics,1
retain,1
colombia,1
suicide,1
grafting,1
increases,1
lamented,1
chowning,1
indifferent,1
baily,1
kinney,1
illustrate,1
tractors,1
slight,1
reaction,1
exclusiveness,1
fittest,1
eleven,1
stampa,1
countered,1
rid,1
barry,1
whatever,1
disadvantage,1
germinating,1
combination,1
dissentions,1
except,1
coolies,1
supervision,1
presley,1
whites,1
magon,1
due,1
apply,1
sobre,1
anticipated,1
torreon,1
interviews,1
disorders,1
feldman,1
introduction,1
plenty,1
damages,1
xk,1
shut,1
federation,1
pretended,1
hudson,1
monday,1
guilty,1
bill,1
repeatedly,1
goal,1
technologically,1
million,1
mechanis,1
accommodate,1
retaining,1
oaxaca,1
seniority,1
metodismo,1
chiefs,1
widened,1
debauchery,1
tropic,1
que,1
strife,1
campesina,1
eea,1
encuentro,1
influx,1
veracity,1
accountable,1
difficulties,1
roger,1
reject,1
pursue,1
eating,1
conductor,1
constantly,1
supports,1
furnaces,1
matamoros,1
madera,1
proliferated,1
scarce,1
cooperate,1
outrage,1
informant,1
reynaldo,1
ability,1
subdue,1
moment,1
reyes,1
raises,1
espousing,1
te,1
tact,1
disruptive,1
restore,1
convention,1
barlow,1
whatsoever,1
term,1
dudley,1
privilege,1
admitted,1
unwilling,1
learning,1
migrate,1
exercise,1
whores,1
horowitz,1
hurry,1
defense,1
profession,1
elements,1
blame,1
insults,1
overseers,1
loose,1
lax,1
bay,1
perspective,1
canal,1
document,1
selection,1
degrading,1
profound,1
architect,1
deed,1
squeeze,1
wholeheartedly,1
extraordinary,1
young,1
served,1
club,1
interfered,1
dearly,1
ferrocarriles,1
ally,1
yves,1
traveler,1
yardmen,1
destroys,1
menaces,1
warned,1
constant,1
explore,1
exceptions,1
gil,1
student,1
beat,1
bragged,1
deceased,1
obrera,1
flung,1
vexations,1
remiss,1
practically,1
populares,1
sordo,1
presidencial,1
michoacain,1
driller,1
pennsylvania,1
disruptions,1
departed,1
leadership,1
occasion,1
tesis,1
economia,1
weakness,1
preferred,1
larceny,1
pikemen,1
hable,1
assault,1
battles,1
perfect,1
costa,1
jean,1
van,1
mechanisms,1
yardman,1
appointment,1
civilization,1
defection,1
ever,1
interesting,1
tinto,1
fanatical,1
rebuked,1
expatriates,1
subordination,1
shamed,1
german,1
agraria,1
brawler,1
improved,1
testimony,1
stickell,1
subjected,1
camp,1
patron,1
principally,1
federal,1
impetus,1
centered,1
brainless,1
angeles,1
possession,1
museum,1
basic,1
sw,1
conservatism,1
levels,1
preparing,1
neutralized,1
escobedo,1
subsistence,1
knew,1
henry,1
una,1
deliberately,1
killing,1
gremial,1
repaiing,1
dealt,1
excessively,1
phrases,1
granted,1
rescue,1
proportion,1
lasted,1
supplement,1
intoxicated,1
tolerable,1
importance,1
adjustments,1
parts,1
induce,1
benjamin,1
reassured,1
disintegration,1
institutionalized,1
special,1
preservation,1
nos,1
believing,1
distant,1
lway,1
earl,1
troublemakers,1
reforms,1
mxico,1
list,1
arbor,1
animals,1
clarification,1
dismiss,1
consequences,1
infuriated,1
periodic,1
risks,1
az,1
photgraph,1
tarapaca,1
thyer,1
ij,1
send,1
recalled,1
mrs,1
suppression,1
escape,1
accomplishing,1
maintaining,1
ragged,1
lumholtz,1
vastly,1
immigrant,1
trabajadores,1
counterparts,1
delegation,1
signed,1
sorts,1
discouraged,1
leg,1
languages,1
itinerant,1
clearly,1
threatening,1
noticeable,1
numbers,1
harvested,1
resolute,1
corpses,1
weak,1
epoca,1
argued,1
quarters,1
benefited,1
cousins,1
four,1
oppressive,1
farmlands,1
exploited,1
origins,1
powerful,1
surface,1
mescal,1
beyond,1
textiles,1
requested,1
arrests,1
xenophobic,1
consequence,1
cultured,1
monclova,1
surge,1
favorable,1
adolfo,1
engines,1
instance,1
rendered,1
rai,1
weekends,1
recruited,1
erroneous,1
dominant,1
care,1
wyoming,1
flow,1
important,1
antecedents,1
preference,1
providing,1
protestant,1
retirement,1
misunderstandings,1
italics,1
view,1
coahuila,1
mutualist,1
dependency,1
conflicts,1
gutierrez,1
irrigation,1
attempting,1
indias,1
dynamite,1
moving,1
standards,1
advance,1
fiends,1
refineries,1
affiliated,1
complications,1
walk,1
asserts,1
dollars,1
graft,1
settlement,1
belittled,1
method,1
demise,1
moises,1
hands,1
called,1
cell,1
davids,1
gehren,1
syphilitics,1
attrition,1
cardenas,1
inspectors,1
effort,1
seven,1
centers,1
conspicuous,1
objectives,1
changed,1
akron,1
relation,1
estudios,1
ocean,1
circa,1
pass,1
radical,1
requirements,1
socorros,1
zone,1
pioneer,1
greasers,1
impaired,1
insulted,1
eat,1
judas,1
camouflaged,1
shoes,1
spinning,1
struggles,1
albany,1
representative,1
collectively,1
lent,1
handbills,1
big,1
argentine,1
ferret,1
further,1
munck,1
abandon,1
pure,1
labouring,1
agriculturalist,1
heirs,1
understood,1
equal,1
italians,1
blow,1
precaution,1
promoters,1
incarcerated,1
stock,1
pachuc,1
mate,1
stoppages,1
careless,1
precautions,1
dismissal,1
afforded,1
teacher,1
intolerable,1
guanajuato,1
reinforce,1
meet,1
garments,1
erratic,1
banded,1
glass,1
otherwise,1
woodbridge,1
handled,1
rubber,1
grades,1
metals,1
hidalgo,1
saving,1
required,1
zenith,1
obstruction,1
nils,1
availability,1
hay,1
archivo,1
verificados,1
baseball,1
pumpmen,1
scene,1
suspended,1
eliminate,1
influenced,1
technical,1
expensive,1
meetings,1
judgement,1
undermined,1
abuse,1
taxes,1
directly,1
culiacan,1
pedro,1
unequal,1
trial,1
invisible,1
future,1
liable,1
indianapolis,1
probably,1
noisome,1
rainy,1
responding,1
mobilization,1
magill,1
strict,1
assayers,1
carry,1
competent,1
reader,1
sundays,1
unless,1
fired,1
mineria,1
utn,1
nelles,1
cleaning,1
training,1
civil,1
denial,1
nogales,1
mazatlan,1
apparent,1
servidumbre,1
confined,1
ferment,1
supreme,1
mornings,1
sociedades,1
feared,1
minority,1
ten,1
locking,1
booming,1
inculcation,1
willingness,1
politica,1
older,1
discussions,1
oilman,1
ranchos,1
kenna,1
officers,1
edmund,1
enforce,1
pachuca,1
structures,1
jockey,1
downturn,1
hikes,1
rituals,1
aguardiente,1
salazar,1
personal,1
statesmen,1
legislation,1
propensities,1
newspaper,1
deserved,1
craftsmen,1
compact,1
ives,1
stationary,1
participate,1
achieving,1
shouted,1
showing,1
resort,1
fickle,1
week,1
stoked,1
withstand,1
boilermaker,1
trends,1
discreet,1
attributed,1
retaliated,1
violated,1
gresham,1
trades,1
subtle,1
oriental,1
preceded,1
carpetbaggers,1
wholesale,1
tough,1
sparsely,1
navarro,1
exerting,1
domineering,1
ruinous,1
correct,1
successful,1
smith,1
ditto,1
tight,1
regardless,1
responsibility,1
peterson,1
conquers,1
wished,1
stage,1
lazaro,1
next,1
innocent,1
peruvian,1
viotti,1
emerging,1
insurance,1
patiently,1
around,1
brewing,1
inactive,1
depressions,1
ignore,1
rr,1
bastian,1
alleviate,1
horrible,1
pugnas,1
brought,1
amounted,1
iron,1
dramatic,1
decline,1
blunt,1
schedules,1
peralta,1
apprenticeships,1
usual,1
whereabouts,1
wentworth,1
division,1
offending,1
tracks,1
cce,1
st,1
porfiriano,1
purpose,1
guns,1
gravitated,1
fuses,1
sea,1
duplicated,1
rosendo,1
correspondence,1
matured,1
roots,1
joel,1
inebriated,1
value,1
voices,1
wasting,1
paul,1
waiting,1
dictated,1
estadisticas,1
avoid,1
subsequently,1
periods,1
inspection,1
cleland,1
transforming,1
improvident,1
critical,1
defended,1
heretofore,1
sons,1
vallejos,1
bourbon,1
ramifications,1
annum,1
reductions,1
attorneys,1
ventured,1
observations,1
territorial,1
elimination,1
practices,1
troop,1
bringing,1
hisory,1
letters,1
lesser,1
spalding,1
worshiped,1
wary,1
bastards,1
employed,1
separation,1
sonoran,1
doctoral,1
incentives,1
resuscitated,1
huelgas,1
abusive,1
brian,1
unnerved,1
horses,1
abyss,1
secondly,1
play,1
tried,1
ronaldo,1
onward,1
rush,1
brief,1
doris,1
relentlessly,1
emilia,1
ignacio,1
benefiting,1
delferrocarril,1
object,1
hobart,1
rules,1
formative,1
boss,1
tuxpan,1
petitioning,1
estado,1
intervention,1
expanded,1
surviving,1
experiences,1
manifest,1
builders,1
unprecedented,1
perennial,1
masons,1
labored,1
obra,1
hold,1
decisions,1
rosenweig,1
biggest,1
roberto,1
reinforced,1
zoraida,1
fighting,1
secretariat,1
americanos,1
scarcity,1
perniciousness,1
blas,1
cheap,1
oxford,1
loaded,1
julio,1
magellan,1
turmoil,1
selling,1
sectores,1
interpretation,1
housing,1
liability,1
fair,1
franks,1
felix,1
goaded,1
arrangements,1
intense,1
recognise,1
read,1
accident,1
requiring,1
taro,1
serve,1
indemnifying,1
rain,1
east,1
wearing,1
clubhouse,1
fifth,1
god,1
despondent,1
rom,1
diana,1
combat,1
us,1
confidence,1
drunkenness,1
thesis,1
commitments,1
imitate,1
cholera,1
dictates,1
rode,1
included,1
supplied,1
complete,1
shutting,1
keeping,1
barber,1
lord,1
shifting,1
performed,1
baltimore,1
locality,1
cottages,1
veritable,1
junctions,1
conn,1
adjuster,1
mich,1
increasingly,1
penalties,1
derailed,1
sector,1
picture,1
materialist,1
love,1
chose,1
gremios,1
fellow,1
street,1
worst,1
shops,1
inhabitants,1
oral,1
detectives,1
fire,1
support,1
successfully,1
science,1
lief,1
comfortable,1
conceal,1
multiplying,1
technique,1
fell,1
kenneth,1
mark,1
pick,1
lethargic,1
restaurants,1
preferences,1
europe,1
drink,1
responsibilities,1
towns,1
whitehouse,1
passenger,1
flat,1
redress,1
addition,1
added,1
water,1
succeeded,1
interoceanic,1
missing,1
release,1
hartwell,1
lacked,1
subcommittee,1
registration,1
lengthy,1
professed,1
monopolized,1
nickerson,1
holiday,1
idea,1
unionism,1
turner,1
conduct,1
scholars,1
benevolent,1
regret,1
tolerate,1
occupations,1
britons,1
instability,1
sleep,1
utilizing,1
aires,1
strapped,1
beliefs,1
appeared,1
witnesses,1
frost,1
problemsdeath,1
regulation,1
demonstrations,1
wrest,1
naturally,1
inevitably,1
pet,1
educated,1
break,1
larger,1
reacted,1
diverse,1
hear,1
plagued,1
fallen,1
memorias,1
plan,1
dungeons,1
misconceptions,1
everything,1
arthur,1
doubt,1
celebrations,1
weekly,1
ojeda,1
lq,1
considerable,1
dlj,1
worn,1
conferred,1
minister,1
reasons,1
rebuke,1
inquired,1
cooperated,1
superintendents,1
question,1
oppositionist,1
docks,1
bethell,1
ben,1
smelters,1
electricity,1
haughty,1
ground,1
interrumpida,1
intervene,1
cruz,1
impinge,1
manner,1
keys,1
road,1
minatitlan,1
existing,1
timing,1
armed,1
caldereros,1
disabled,1
discord,1
strategies,1
venezuela,1
duties,1
necessary,1
searchlights,1
spoke,1
ahead,1
northernmexico,1
steno,1
norms,1
eagle,1
otes,1
perhaps,1
nueva,1
storekeeper,1
mexicn,1
miner,1
donation,1
distance,1
amounting,1
monopoly,1
marcelo,1
confront,1
reflected,1
topik,1
lauded,1
compete,1
assessing,1
degree,1
thesteam,1
remove,1
argues,1
minded,1
antony,1
sir,1
burguesia,1
demonstrated,1
disappearance,1
stabilize,1
apt,1
understanding,1
technologies,1
democratico,1
associates,1
discussion,1
father,1
relented,1
clase,1
disease,1
session,1
success,1
aboard,1
fitful,1
restrictions,1
trusted,1
army,1
chiefly,1
victoria,1
randall,1
contours,1
represented,1
bail,1
impart,1
underprivileged,1
desert,1
servant,1
discrimination,1
communities,1
region,1
barefooted,1
parents,1
including,1
signaled,1
tpjo,1
fomento,1
deposit,1
bullet,1
judge,1
arbitrarily,1
josefina,1
handle,1
ruthless,1
insurrection,1
steals,1
lillie,1
top,1
conceived,1
host,1
counsels,1
controlling,1
asian,1
significant,1
brigandage,1
mistake,1
largely,1
persisted,1
plantation,1
rudely,1
risk,1
aside,1
survey,1
bed,1
cerutti,1
hermosillo,1
rare,1
maintains,1
esperanza,1
individuals,1
espahol,1
ameliorate,1
protected,1
absenteeism,1
raising,1
assertiveness,1
option,1
connected,1
dismissed,1
advantages,1
agitate,1
jacobsen,1
clifton,1
weaving,1
versions,1
blanchard,1
lunes,1
rina,1
exports,1
worry,1
clear,1
discovered,1
margaret,1
whoever,1
three,1
provoked,1
moral,1
reward,1
dress,1
sabotage,1
authors,1
kicza,1
sofer,1
congreso,1
maintenance,1
anuary,1
interpret,1
jue,1
christopher,1
compatriots,1
pride,1
allowed,1
collaboration,1
promotions,1
rewarded,1
summer,1
mutuos,1
murderers,1
premium,1
escaped,1
rhetoric,1
pearce,1
probrt,1
foremost,1
hiring,1
amrcnhsoia,1
discriminations,1
kept,1
mugged,1
mxco,1
conniff,1
dekalb,1
black,1
abundant,1
proletarian,1
rails,1
exchange,1
accused,1
driving,1
maxim,1
article,1
besnltnaeia,1
incapable,1
methods,1
defaming,1
chapel,1
consulates,1
viewpoint,1
insists,1
craft,1
businesses,1
holidays,1
saitillo,1
specious,1
interpretations,1
plans,1
ann,1
displayed,1
accordingly,1
effect,1
can,1
excluded,1
enabling,1
priests,1
hardy,1
capabilities,1
assistants,1
analyze,1
dominance,1
equivalent,1
conquest,1
kenny,1
etc,1
versus,1
jefes,1
saw,1
insignificant,1
frownsville,1
achieve,1
regimes,1
attention,1
tria,1
iudad,1
overrun,1
reluctant,1
consumed,1
separate,1
fenton,1
mestizos,1
dysentery,1
dealing,1
european,1
urango,1
payroll,1
asking,1
provoking,1
extractive,1
twelve,1
liberalism,1
espanta,1
imply,1
dolores,1
ugliness,1
aid,1
seasonally,1
peers,1
belonged,1
masse,1
philadelphia,1
tentative,1
shooting,1
mercado,1
she,1
rancher,1
independent,1
seventeen,1
movements,1
figure,1
crucial,1
foil,1
guests,1
willingly,1
criminal,1
relieved,1
husband,1
laredo,1
ideology,1
bound,1
program,1
opinion,1
rough,1
ironically,1
vague,1
parent,1
deaths,1
leslie,1
suzerainty,1
substitution,1
attacking,1
referred,1
sensitive,1
insist,1
progressively,1
establish,1
destiny,1
returned,1
hopeful,1
circumstance,1
distinction,1
thirteen,1
confine,1
wilson,1
zacatecas,1
linea,1
rapidly,1
gonzalez,1
executive,1
countries,1
outside,1
traveled,1
activated,1
gleba,1
schoolteachers,1
life,1
settled,1
satisfaction,1
auditors,1
annoyance,1
informers,1
elsa,1
conspiring,1
cr,1
mysteriously,1
mother,1
enforced,1
fields,1
creatures,1
sympathy,1
imperialism,1
landero,1
worlds,1
sorry,1
empathy,1
association,1
eugene,1
intent,1
hapless,1
fought,1
bernardo,1
citation,1
coterie,1
matters,1
entertain,1
undertook,1
regularly,1
suggestions,1
fortune,1
curious,1
exercised,1
weatherly,1
pumped,1
supervisor,1
panama,1
mainly,1
practice,1
railroadmen,1
dispersed,1
timbermen,1
servile,1
conclusion,1
agitators,1
arrest,1
barbarous,1
vasquez,1
dishonest,1
mcgavock,1
officially,1
controlled,1
beside,1
pletcher,1
inferiority,1
guerra,1
mistresses,1
satisfactory,1
apprehended,1
consensus,1
mariscal,1
occurrences,1
huasteca,1
carl,1
md,1
robbed,1
equipment,1
disdain,1
alternative,1
column,1
forty,1
pragmatic,1
ordered,1
unwashed,1
proletarianized,1
sure,1
clifford,1
halt,1
pedestrian,1
cemetery,1
chapman,1
proponents,1
paper,1
impetuous,1
specialized,1
steven,1
cerruti,1
relieve,1
ortiz,1
save,1
denigrate,1
weetman,1
resentment,1
seem,1
ameliorated,1
unknown,1
prominence,1
acts,1
guadalajara,1
telegraph,1
clannishly,1
entrenched,1
wall,1
marvin,1
regard,1
report,1
provoke,1
helpers,1
foundation,1
searched,1
vibrant,1
hospital,1
brothers,1
okla,1
intelligentsia,1
relocate,1
obviously,1
shifts,1
grievances,1
vindicated,1
goods,1
gas,1
exhilarations,1
fail,1
antagonized,1
resentments,1
past,1
hostilities,1
sailor,1
ramos,1
edwardian,1
quoted,1
passage,1
ethos,1
atmazaln,1
advances,1
inefficiency,1
glimmerings,1
itinerants,1
charged,1
growing,1
prosecute,1
empleados,1
wobblies,1
defend,1
tices,1
didn,1
romero,1
suffering,1
johnson,1
ethnically,1
donate,1
brakeman,1
poder,1
methodism,1
meican,1
fuller,1
capita,1
victims,1
protections,1
lands,1
poses,1
worthwhile,1
cooking,1
ion,1
laying,1
trainmaster,1
ones,1
rising,1
degradation,1
mcalister,1
want,1
barker,1
mano,1
males,1
lifting,1
baja,1
maintain,1
proven,1
agricultural,1
bolts,1
warn,1
ripe,1
pleased,1
surveying,1
ftxs,1
status,1
capitalismo,1
condiciones,1
jolla,1
prestige,1
perpetrated,1
illegally,1
senate,1
boys,1
gross,1
censo,1
patience,1
information,1
indifference,1
resident,1
apathetic,1
don,1
agreed,1
alcohol,1
suggests,1
gamboa,1
alfredo,1
scabs,1
urban,1
revista,1
cecilia,1
unnoticed,1
mcnellie,1
popular,1
throw,1
pumps,1
conference,1
drifters,1
bodies,1
boston,1
remember,1
intention,1
policeman,1
emergent,1
owner,1
nationalizing,1
son,1
must,1
preserved,1
supervisers,1
mexicos,1
gatling,1
recognition,1
ill,1
disparate,1
ohio,1
introduced,1
extending,1
comrade,1
auditor,1
downswing,1
rd,1
alternatives,1
beer,1
centro,1
press,1
coatsworth,1
mexicanas,1
techniques,1
reappraisal,1
everywhere,1
confronted,1
contribute,1
obtain,1
cleverly,1
policymakers,1
stole,1
equipped,1
ranks,1
battle,1
stevenson,1
straits,1
reinsen,1
writing,1
da,1
behaved,1
accorded,1
think,1
carrera,1
comprised,1
resarch,1
toiling,1
transacted,1
ambassadors,1
irre,1
eric,1
buying,1
shorter,1
survive,1
tapico,1
disadvantages,1
wild,1
fred,1
devoted,1
refugees,1
ultimately,1
obliged,1
cigarette,1
commercial,1
touch,1
friendships,1
reveals,1
stoneman,1
restructure,1
finding,1
wis,1
abused,1
officer,1
write,1
samuel,1
accept,1
motives,1
explanation,1
protesting,1
armstrong,1
extensive,1
applicable,1
should,1
searches,1
crimes,1
consumption,1
hunter,1
canadian,1
manufacture,1
guiding,1
completed,1
barnes,1
paychecks,1
paternalismo,1
secretaria,1
displaced,1
prosperity,1
boilermakers,1
defiance,1
relegate,1
darkly,1
extremely,1
madison,1
saturday,1
ulric,1
speak,1
deductions,1
financially,1
mexicano,1
repealed,1
ruth,1
restored,1
biannually,1
precedents,1
searching,1
agree,1
falacias,1
marino,1
tutino,1
artisan,1
railroader,1
dishonesty,1
necessarily,1
stoppage,1
reminisced,1
attending,1
pensions,1
mason,1
partido,1
protested,1
consisted,1
guggenheim,1
greenwich,1
sectors,1
poenitz,1
kerkvliet,1
resent,1
contrasting,1
debate,1
pool,1
partial,1
norman,1
averred,1
spokesmen,1
pratt,1
bargain,1
exclusively,1
solicitous,1
ownership,1
tactic,1
interaction,1
abandoned,1
re,1
impress,1
passes,1
objected,1
prison,1
uiest,1
tbrre,1
recent,1
cross,1
statement,1
successive,1
clerical,1
showed,1
hans,1
close,1
huahua,1
bury,1
arizona,1
row,1
accountants,1
gold,1
treasury,1
