WORDCOUNTS,WEIGHT
the,821
of,561
and,381
in,336
to,308
al,260
a,208
as,158
tobacco,156
was,129
for,121
that,112
it,95
had,95
from,83
their,82
were,82
which,81
on,78
see,73
smoking,70
by,69
they,68
an,59
this,57
would,57
with,54
he,53
not,53
century,52
ottoman,52
who,52
one,50
these,49
or,45
early,44
new,43
coffee,39
its,39
more,39
nabulsi,37
his,37
most,37
about,37
be,37
at,35
other,32
middle,32
have,32
such,31
d,31
modern,30
all,30
religious,30
no,29
could,29
social,28
smokers,28
first,26
east,26
some,26
vols,25
own,25
if,24
history,24
even,24
people,24
ʕabd,23
istanbul,23
legal,22
out,22
seventeenth,22
into,21
ed,21
cairo,21
but,21
any,21
only,20
than,19
against,19
islamic,19
them,19
damascus,19
fi,19
anti,18
might,18
s,18
example,18
up,18
itself,18
long,17
coffeehouses,17
culture,17
same,17
others,17
time,17
ulama,17
moral,17
did,17
world,17
ibn,17
later,16
pipes,16
i,16
york,16
peçevi,16
public,16
eighteenth,16
europe,15
ghazzi,15
muslim,15
muhammad,15
made,15
pleasure,15
become,15
smoke,14
throughout,14
place,14
seemed,14
also,14
law,14
many,14
is,14
now,13
wa,13
tarih,13
found,13
use,13
sulh,13
themselves,13
among,13
medical,12
egypt,12
markets,12
london,12
pipe,12
around,12
naima,12
empire,12
what,12
state,11
within,11
sixteenth,11
during,11
drinking,11
where,11
so,11
earlier,11
european,11
life,11
coffeehouse,11
through,11
much,11
khulasat,11
eastern,10
ahmad,10
n,10
very,10
well,10
part,10
mediterranean,10
few,10
society,10
çelebi,10
soon,10
laqani,10
scholars,10
discussion,10
simply,10
ghani,10
tried,10
consumption,10
scholar,9
drugs,9
taking,9
fun,9
late,9
sultan,9
karmi,9
already,9
wine,9
end,9
took,9
until,9
entirely,9
morality,9
like,9
katib,9
carried,9
centuries,9
over,9
seem,9
popular,9
arguments,9
should,9
tradition,8
religion,8
take,8
political,8
consumers,8
journal,8
act,8
after,8
decades,8
cultural,8
muhibbi,8
nearly,8
still,8
once,8
mecca,8
outside,8
full,8
iran,8
streets,8
became,8
egyptian,8
tahqiq,8
between,8
debate,8
mostly,7
medieval,7
authority,7
seems,7
asia,7
hashish,7
right,7
possible,7
cited,7
himself,7
pursuit,7
price,7
opium,7
beyond,7
came,7
kawakib,7
enough,7
syria,7
anxieties,7
least,7
when,7
movement,7
din,7
nasihat,7
another,7
local,7
trade,7
authors,7
period,7
spread,7
we,7
began,7
authorities,7
smoked,7
declared,6
substances,6
market,6
trans,6
large,6
hookah,6
studies,6
taken,6
official,6
great,6
last,6
central,6
beirut,6
self,6
modernity,6
left,6
may,6
india,6
too,6
opinion,6
called,6
literature,6
mustafa,6
matthee,6
order,6
openly,6
several,6
believers,6
short,6
christian,6
members,6
drink,6
habit,6
never,6
eds,6
campaigns,6
nothing,6
ibid,6
can,6
probably,6
been,6
growing,6
physical,6
are,6
different,6
has,6
fully,6
both,6
moralists,6
years,6
campaign,6
offered,6
c,6
customs,6
common,5
way,5
dangers,5
position,5
before,5
nineteenth,5
women,5
attempt,5
precisely,5
decree,5
eurasia,5
along,5
murad,5
najm,5
bariqa,5
travels,5
kadızadeli,5
across,5
means,5
provinces,5
bad,5
pastime,5
ibrahim,5
origins,5
willing,5
further,5
produced,5
required,5
find,5
aleppo,5
because,5
used,5
tarikh,5
jaziri,5
count,5
officials,5
manners,5
games,5
enjoy,5
likely,5
critics,5
islam,5
two,5
muslims,5
towns,5
ought,5
debates,5
wahhabi,5
non,5
supplies,5
intoxicant,5
health,5
general,5
him,5
everyday,5
saw,5
governor,5
figure,5
arabia,5
ordinary,5
why,5
jurists,5
quickly,5
capital,5
then,5
khadimi,5
durr,5
ʕumdat,5
piety,5
objections,5
roughly,5
little,5
north,5
rahim,4
description,4
connection,4
measures,4
alone,4
view,4
passing,4
experience,4
being,4
sources,4
wrong,4
together,4
jabarti,4
there,4
those,4
china,4
sought,4
iv,4
egyptians,4
account,4
gardens,4
felt,4
point,4
far,4
establishment,4
laws,4
wherever,4
merchants,4
consumer,4
times,4
body,4
africans,4
applying,4
jurist,4
hookahs,4
parts,4
space,4
references,4
kittani,4
key,4
contemporaries,4
powerful,4
helped,4
aʕyan,4
whom,4
arrival,4
international,4
mainly,4
arab,4
leisure,4
hanbali,4
intoxication,4
ali,4
good,4
quite,4
orient,4
mahmud,4
progress,4
matter,4
action,4
economic,4
prophet,4
make,4
put,4
innovation,4
legality,4
yet,4
interpretation,4
under,4
rise,4
really,4
hear,4
hand,4
dukhan,4
less,4
deep,4
perhaps,4
day,4
remained,4
extended,4
upon,4
prohibition,4
writings,4
looking,4
individuals,4
bathhouse,4
open,4
held,4
high,4
anyone,4
faith,4
sufi,4
ʕali,4
matters,4
thinking,4
ever,4
beverage,4
down,4
lane,4
problem,4
balance,4
goodman,4
urban,4
ʕajaʔib,4
snuff,4
need,4
nihayat,4
sharh,4
bi,4
tastes,4
reached,4
showed,4
major,4
countryside,3
go,3
limits,3
unfounded,3
group,3
hijaz,3
kinds,3
second,3
true,3
strictly,3
easily,3
spirit,3
western,3
recreation,3
taverns,3
source,3
princeton,3
fires,3
said,3
treatise,3
anything,3
either,3
every,3
posed,3
originally,3
attempts,3
innovations,3
england,3
company,3
height,3
leading,3
mind,3
worldwide,3
iʕlan,3
case,3
issue,3
forthcoming,3
backing,3
opened,3
determined,3
burning,3
furor,3
reaction,3
clear,3
outlawed,3
halab,3
behavior,3
disreputable,3
cook,3
sociability,3
schivelbusch,3
soldiers,3
relatively,3
regarded,3
insisted,3
old,3
smoker,3
back,3
subjects,3
cambridge,3
young,3
men,3
patrons,3
deeply,3
hardly,3
though,3
using,3
town,3
l,3
main,3
generations,3
edward,3
explicit,3
lasting,3
knew,3
illicit,3
similar,3
lay,3
polite,3
chess,3
category,3
wanted,3
cigarette,3
established,3
familiar,3
upper,3
david,3
faced,3
ottomans,3
appear,3
ʕadawi,3
opponents,3
greater,3
character,3
lead,3
appearance,3
basin,3
hands,3
ʕabdin,3
iʕlam,3
secretly,3
term,3
however,3
scene,3
briefly,3
directly,3
having,3
budayri,3
intense,3
r,3
brought,3
marketplace,3
caught,3
fit,3
personal,3
regional,3
hattox,3
diversion,3
tolerant,3
night,3
atmosphere,3
governments,3
decline,3
essentially,3
city,3
notice,3
moved,3
rest,3
tabbakh,3
pilgrimage,3
indeed,3
subject,3
play,3
efendi,3
judgment,3
relaxed,3
rulings,3
emerged,3
thought,3
j,3
home,3
iranian,3
silk,3
quietly,3
bureaucrat,3
toward,3
available,3
recited,3
added,3
water,3
treatment,3
conduct,3
appeared,3
cafés,3
denunciations,3
claimed,3
patterns,3
do,3
fame,3
formation,3
ensured,3
controversy,3
number,3
private,3
treated,3
including,3
donald,3
europeans,3
ideas,3
taboos,3
dismissed,3
baram,3
quataert,3
countries,3
commentators,3
disgusting,3
sight,3
looked,3
ground,3
today,3
continued,3
science,3
popularity,3
five,3
palestinian,3
seen,3
rapidly,3
often,3
zayni,3
small,3
eventually,3
historian,3
form,3
radd,3
set,3
commanding,3
stamp,3
historical,3
bin,3
better,3
places,3
scholarly,3
whether,3
cause,3
attitudes,3
while,3
produce,3
almost,3
recommended,3
gatherings,3
entire,3
paradise,3
corti,3
role,3
innocent,3
resistance,3
colonial,3
prepared,3
come,3
tell,3
intoxicants,3
commercial,3
dahlan,3
difference,3
aware,3
grown,3
judges,3
evidence,3
specific,3
searching,3
views,3
import,3
asked,3
close,3
personally,2
generated,2
groups,2
corruption,2
stood,2
f,2
created,2
georgeon,2
everyone,2
extreme,2
rowdy,2
siècles,2
ultimate,2
introduction,2
revulsion,2
needed,2
denied,2
backgammon,2
mobility,2
closure,2
join,2
neighborhoods,2
english,2
ways,2
completely,2
pressing,2
policy,2
justified,2
unlike,2
habits,2
physicians,2
pastimes,2
connotations,2
validity,2
properties,2
intentions,2
diffusion,2
gossip,2
discretion,2
undermine,2
barriers,2
embraced,2
hadiqa,2
creation,2
safavid,2
fifteenth,2
edict,2
give,2
military,2
qarn,2
entangled,2
musical,2
promoting,2
historiography,2
words,2
resemblance,2
continue,2
blown,2
accompanied,2
potentially,2
achievement,2
able,2
atlantic,2
court,2
muradi,2
styles,2
course,2
barsh,2
drinkers,2
date,2
alert,2
stand,2
sacred,2
reading,2
signs,2
governors,2
coals,2
historians,2
mass,2
stimulants,2
outlaw,2
custom,2
gratification,2
capable,2
scornful,2
chronicler,2
forbidden,2
sensual,2
tariqa,2
renowned,2
obvious,2
west,2
apart,2
say,2
qing,2
bowls,2
apply,2
undoubtedly,2
archaeological,2
undergone,2
framework,2
mid,2
expertise,2
conflict,2
thus,2
proscription,2
explained,2
immediate,2
eating,2
sedition,2
past,2
mores,2
daylight,2
inhibition,2
g,2
author,2
poetry,2
interest,2
subtle,2
enjoying,2
issued,2
asʕad,2
affairs,2
kind,2
taste,2
turn,2
fleischer,2
clay,2
avid,2
perspective,2
permitted,2
travails,2
divisions,2
pasha,2
truly,2
xvie,2
warned,2
etiquette,2
weight,2
drawn,2
dizziness,2
picnics,2
eager,2
raymond,2
marʕi,2
influence,2
undertones,2
perfect,2
sham,2
failed,2
shaykh,2
whose,2
without,2
observers,2
aimed,2
centered,2
how,2
remain,2
drinks,2
faroqhi,2
explicitly,2
heard,2
grew,2
leaves,2
danger,2
feel,2
uncompromising,2
marginal,2
incense,2
precious,2
reinterpretation,2
burayk,2
wash,2
understand,2
rumors,2
possibly,2
objects,2
entry,2
river,2
laufer,2
slowly,2
elsewhere,2
days,2
former,2
samaʕ,2
age,2
show,2
initiative,2
follow,2
followed,2
notions,2
spiritual,2
pious,2
believed,2
m,2
qasimi,2
profligacy,2
franz,2
hours,2
troubling,2
arrived,2
acting,2
questioned,2
medicine,2
conservative,2
search,2
access,2
attack,2
ambiguity,2
lived,2
crowd,2
demands,2
rebuttal,2
dispute,2
luxury,2
emerge,2
eat,2
preacher,2
initial,2
burst,2
forbid,2
overcome,2
equally,2
understood,2
activist,2
dynasty,2
newfound,2
population,2
hailed,2
suffered,2
scale,2
grounds,2
seattle,2
saudi,2
guidance,2
bow,2
imperial,2
opposition,2
wide,2
near,2
biographies,2
preparations,2
shape,2
gained,2
provincial,2
sudani,2
conservatives,2
future,2
line,2
landmark,2
claim,2
prominent,2
chap,2
purpose,2
knowledge,2
secret,2
confined,2
excessive,2
discussions,2
suppliers,2
officers,2
shopkeepers,2
structures,2
panacea,2
forces,2
away,2
won,2
visions,2
trends,2
narcotics,2
strict,2
caused,2
working,2
revolution,2
alcoholic,2
guardians,2
generation,2
involved,2
affluent,2
muhammadiyya,2
characteristics,2
concerns,2
routine,2
executed,2
transfer,2
acts,2
presence,2
boundaries,2
lewis,2
christians,2
always,2
visible,2
jordan,2
odor,2
credentials,2
mischief,2
égypte,2
mouths,2
paul,2
beverages,2
propriety,2
sporadic,2
activities,2
avoid,2
addiction,2
prescribed,2
south,2
tea,2
battle,2
critical,2
burhan,2
pilgrims,2
demand,2
minor,2
nonetheless,2
misr,2
conviviality,2
rosenthal,2
ikhwan,2
grégoire,2
scriptural,2
brief,2
albany,2
breath,2
mainstream,2
ʕala,2
thereby,2
zeal,2
structural,2
single,2
permanently,2
bahaʔi,2
wake,2
consuming,2
qurʔ,2
gokhale,2
counterparts,2
message,2
technology,2
threat,2
outlook,2
inspiration,2
tax,2
xviiie,2
forbidding,2
boldness,2
preeminent,2
reports,2
unusually,2
potential,2
noted,2
damascene,2
au,2
shops,2
fire,2
critiques,2
name,2
learned,2
afterlife,2
coming,2
sometimes,2
rahman,2
again,2
haqiqa,2
emotions,2
fact,2
longer,2
stories,2
areas,2
head,2
endless,2
defenders,2
reform,2
daily,2
fallen,2
everything,2
inherently,2
fashion,2
jump,2
ʕumayra,2
cup,2
learn,2
paris,2
performances,2
touted,2
accepted,2
michael,2
norms,2
sunni,2
distance,2
desmet,2
harnessed,2
uzi,2
recreational,2
palestine,2
imagine,2
cannot,2
link,2
range,2
braudel,2
desert,2
region,2
contacts,2
elite,2
expand,2
constantly,2
asian,2
convenience,2
causes,2
qalyubi,2
engaged,2
army,2
rejected,2
b,2
victory,2
faces,2
evils,2
try,2
harm,2
keep,2
homes,2
allowed,2
started,2
plant,2
distinction,2
worldly,2
offer,2
conversation,2
offense,2
indulging,2
class,2
lighting,2
graves,2
elaborate,2
respectively,2
consciously,2
easygoing,2
offensive,2
artisans,2
equivalent,2
indulgence,2
fell,2
y,2
attend,2
idah,2
anatolia,2
widely,2
consumed,2
unwittingly,2
ʕazm,2
transformations,2
fairly,2
segments,2
gathering,2
usually,2
practical,2
harbored,2
inside,2
exhorted,2
insufficient,2
yemen,2
success,2
off,2
force,2
transformation,2
antiquity,2
amusement,2
extra,2
muted,2
hawadith,2
burned,2
lutf,2
associated,2
brazenly,2
whenever,2
raşid,2
biography,2
struck,2
damaging,2
symbolic,2
known,2
equipment,2
alternative,2
issuing,2
fatwa,2
highly,2
excess,2
intellectual,2
mikhaʔil,2
each,2
readily,2
literary,2
best,2
emergence,2
hélène,2
unsettling,2
rudi,2
particularly,2
blackened,2
perfectly,2
fezleke,2
options,2
absolutely,2
instant,2
dismissing,2
beginning,2
regulations,2
warnings,2
sinai,2
numbers,2
circles,2
reactions,2
making,2
noticeable,2
min,2
suspicions,2
sultanic,2
passed,2
condemn,2
theory,2
hellfire,2
condemned,2
noticed,2
shah,2
indifference,2
ihsanoğlu,2
scruples,2
contain,2
targets,2
freedom,2
humors,2
john,2
şeyhülislam,2
idleness,2
altogether,2
interaction,2
duty,2
impose,2
cash,2
went,2
measure,2
commodities,2
clothing,2
maintained,2
definitions,2
complaints,2
our,2
analogy,2
lodged,2
examples,2
notes,2
catch,2
immorality,2
richard,2
lively,2
françois,2
revisités,2
hukm,2
abu,2
states,2
leiden,2
mehmed,2
drunk,2
bounds,2
sciences,2
ʕashar,2
immediately,2
iraq,2
comparable,2
immoral,2
recent,2
broader,2
flexibility,1
foretaste,1
qamus,1
final,1
resolve,1
difficult,1
horror,1
defeats,1
shaʕrani,1
does,1
superiority,1
sira,1
fined,1
spice,1
forceful,1
recesses,1
rate,1
done,1
struggle,1
audible,1
obligations,1
hallmarks,1
lovejoy,1
appealed,1
sada,1
ambivalence,1
concerned,1
ahmadiyya,1
unlawful,1
vienna,1
riffraff,1
immune,1
praised,1
bathhouses,1
encouraged,1
boomed,1
truth,1
migrated,1
corrosive,1
credibility,1
berkeley,1
distress,1
expedition,1
faruk,1
outskirts,1
resulted,1
archaeology,1
purists,1
shaykhs,1
legitimate,1
certifying,1
red,1
e,1
liberating,1
unwilling,1
spurred,1
compensated,1
disparaging,1
plainly,1
crossing,1
germany,1
denon,1
furtive,1
village,1
employees,1
twelfth,1
becoming,1
inward,1
drawback,1
bachelors,1
touched,1
mounted,1
banishing,1
possessed,1
shoulders,1
retake,1
illegal,1
ample,1
fed,1
shaʔn,1
poppy,1
tend,1
essays,1
blurrings,1
potions,1
insertion,1
crafting,1
schools,1
asserted,1
cravings,1
authorize,1
commins,1
paşa,1
slack,1
mandatory,1
emetic,1
disapproving,1
colds,1
sweeps,1
bayn,1
tense,1
contend,1
aladhi,1
favor,1
mentality,1
conscious,1
ramadan,1
incidentally,1
censure,1
blows,1
confrontational,1
majd,1
distractions,1
decade,1
shadowy,1
ideals,1
overlook,1
allow,1
raʔuf,1
comrades,1
speedily,1
necessarily,1
harsh,1
originality,1
burn,1
carroll,1
encourage,1
occurred,1
wakeful,1
evaluating,1
goldstone,1
total,1
holding,1
ekmeleddin,1
grehan,1
husbands,1
camaraderie,1
cultures,1
habib,1
impede,1
something,1
hadi,1
summarily,1
abou,1
eye,1
ingredients,1
chief,1
corresponding,1
replenish,1
street,1
du,1
distilled,1
lure,1
fearful,1
turning,1
relaxing,1
porous,1
quibbles,1
bengal,1
lower,1
consistent,1
member,1
invoking,1
reassure,1
inadvertently,1
dissension,1
foothold,1
fragrance,1
stressed,1
withdrawn,1
bringing,1
foresee,1
please,1
barada,1
geoffrey,1
avenues,1
raʕaʕ,1
inexorable,1
orchards,1
contemptuously,1
pervasive,1
exclusive,1
asrar,1
buoyant,1
contamination,1
repertoire,1
implications,1
concentrated,1
ʕashira,1
disturbance,1
lamenting,1
bashat,1
affordable,1
disfiguring,1
artificially,1
barzali,1
tolerated,1
dreams,1
burnishing,1
departure,1
siddiqi,1
experiments,1
bites,1
biʔl,1
reviled,1
ihyaʔ,1
summation,1
prejudices,1
worshipful,1
route,1
wooden,1
stringent,1
banj,1
agrarian,1
cocoa,1
advantage,1
warm,1
tours,1
firm,1
harder,1
momentum,1
confusion,1
gradual,1
richards,1
wave,1
pressed,1
exotic,1
producing,1
narrative,1
assembled,1
napoleon,1
senses,1
rule,1
obeyed,1
complicity,1
incident,1
aloud,1
sometime,1
thanks,1
closer,1
scheme,1
onto,1
impious,1
room,1
mandub,1
expense,1
vices,1
debt,1
enticement,1
commerçants,1
deemed,1
minimize,1
subsequent,1
mahshasha,1
ambition,1
help,1
inland,1
marches,1
feature,1
lodge,1
yawmiyya,1
devised,1
loose,1
priest,1
sectarian,1
manipulating,1
respond,1
raised,1
unshakable,1
enacted,1
judging,1
consoled,1
kaff,1
classified,1
surely,1
nadiyya,1
somewhat,1
ambiguous,1
siân,1
soured,1
fanaticism,1
inappropriate,1
daniel,1
visibility,1
widening,1
context,1
el,1
violating,1
consume,1
fasha,1
system,1
synchronization,1
british,1
rizk,1
awdah,1
side,1
pl,1
occasional,1
crystal,1
habitual,1
dancing,1
eminent,1
staunch,1
suspect,1
fiery,1
roy,1
satisfactions,1
owing,1
schechter,1
conquests,1
task,1
outlet,1
money,1
capacity,1
prone,1
emboldened,1
primary,1
arabian,1
slips,1
america,1
haram,1
doubtlessly,1
hall,1
march,1
prescriptions,1
aintab,1
ayşe,1
receptivity,1
routines,1
deal,1
ultra,1
shrill,1
worshippers,1
quantities,1
announced,1
miniature,1
fitting,1
lifetime,1
andré,1
shirine,1
pleasant,1
facilitating,1
shame,1
reaching,1
moderation,1
sale,1
strains,1
solely,1
prove,1
greene,1
move,1
countered,1
overzealous,1
relli,1
stubborn,1
diss,1
mental,1
beys,1
bans,1
contraband,1
privileged,1
riot,1
sent,1
advocating,1
outings,1
interior,1
macedonia,1
awaits,1
ritual,1
teich,1
menaced,1
letter,1
doses,1
tietze,1
holland,1
groundless,1
liberated,1
collection,1
sign,1
shut,1
nijenburg,1
recitals,1
controlled,1
doctors,1
hygiene,1
optimism,1
winning,1
tribute,1
taʕassub,1
carefree,1
lahw,1
punishing,1
mistake,1
goal,1
andrew,1
upheld,1
accessible,1
lover,1
regularly,1
cemeteries,1
dependence,1
debauchery,1
announce,1
champions,1
beating,1
mt,1
proceeded,1
weakened,1
legitimacy,1
ajhuri,1
vigorous,1
difficulties,1
dickson,1
latrines,1
definitely,1
inevitable,1
throes,1
resembling,1
indignation,1
intensifying,1
realized,1
leadership,1
silent,1
de,1
integral,1
bodily,1
attained,1
forgotten,1
habab,1
qatf,1
prohibitions,1
ear,1
viewing,1
mixed,1
sunna,1
nubalaʔ,1
justifications,1
taint,1
afford,1
leaf,1
application,1
addressing,1
pig,1
expeditions,1
blatant,1
forbade,1
ease,1
quicker,1
smells,1
insofar,1
siècle,1
unhealthy,1
trail,1
ghassan,1
samar,1
vanished,1
sağlığı,1
addictions,1
borderlands,1
squads,1
exercise,1
guided,1
risala,1
pertained,1
sleeve,1
hold,1
sustain,1
rank,1
recklessly,1
satan,1
cases,1
adjustment,1
merely,1
defense,1
distinct,1
legalize,1
mahmudiyya,1
mistakes,1
rejecting,1
legally,1
frequented,1
burgeoning,1
turned,1
concerning,1
şehir,1
deterrent,1
highest,1
dutifully,1
speed,1
response,1
serving,1
determination,1
akhbar,1
inclusion,1
served,1
moving,1
wujub,1
dates,1
engineering,1
ideal,1
jacob,1
traveler,1
determinations,1
networks,1
rawski,1
committing,1
unequivocally,1
overarching,1
novice,1
dulling,1
nas,1
sin,1
designed,1
bottles,1
enforcers,1
reasoned,1
drank,1
ludden,1
yi,1
apparently,1
propositions,1
trampled,1
perplexing,1
traditions,1
william,1
messages,1
reauthorized,1
inviting,1
dhahab,1
hasan,1
sighs,1
pronounced,1
conceded,1
sartorial,1
preferred,1
coal,1
thani,1
decry,1
word,1
lewicka,1
unfortunate,1
sincere,1
error,1
block,1
virtual,1
virginia,1
depths,1
xviie,1
let,1
measured,1
raghib,1
operation,1
gaining,1
definitively,1
alexandria,1
interesting,1
alive,1
profoundly,1
seekers,1
openness,1
alleged,1
visitations,1
recognized,1
menace,1
steadfastly,1
automatically,1
slovenliness,1
monopolies,1
precincts,1
upright,1
ʕuthman,1
flavored,1
acrimony,1
camp,1
tuchscherer,1
bring,1
disquiet,1
growth,1
evoking,1
traffic,1
warlord,1
impetus,1
essence,1
imitation,1
activists,1
ashin,1
watch,1
carefully,1
astronomy,1
forced,1
basic,1
oversee,1
caire,1
zabidi,1
resident,1
observer,1
narcotic,1
preparing,1
momentarily,1
doctrine,1
indirect,1
responded,1
broaden,1
represented,1
deliberately,1
sudden,1
consumerism,1
dina,1
persistent,1
westernization,1
supplement,1
flexible,1
connected,1
nabawiyya,1
sarah,1
à,1
lamented,1
certain,1
brand,1
leave,1
derived,1
direct,1
bidʕa,1
executions,1
mashhur,1
fumed,1
marcus,1
disintegration,1
assuming,1
witness,1
matched,1
lacking,1
distant,1
daedalus,1
uncertainties,1
reforms,1
miʔa,1
von,1
athr,1
panoply,1
front,1
extremes,1
moreover,1
consistency,1
coconut,1
perilous,1
hujja,1
proclaimed,1
tumult,1
support,1
oğlanları,1
alongside,1
afyon,1
suppression,1
settled,1
insistence,1
conformed,1
win,1
lungs,1
scourge,1
crackdown,1
satisfied,1
ensure,1
female,1
servants,1
ʕushbat,1
tensions,1
university,1
independently,1
bribery,1
incorporated,1
discouraged,1
claims,1
imposing,1
benefits,1
antidote,1
severity,1
languages,1
itinerant,1
peasant,1
foul,1
entrenched,1
dimashq,1
boon,1
underlying,1
linked,1
troops,1
proved,1
bunch,1
section,1
just,1
threatening,1
shiite,1
attain,1
shaking,1
fıkhı,1
unemployed,1
corpses,1
shore,1
argued,1
quarters,1
perceptibly,1
shrinking,1
mixtures,1
periodically,1
solid,1
presided,1
four,1
companions,1
agricultural,1
resorted,1
acceptance,1
pulpit,1
jacobson,1
unlettered,1
experienced,1
mushaf,1
categories,1
legends,1
shorter,1
makruh,1
mubah,1
officer,1
defeat,1
discarded,1
advisors,1
taha,1
misgiving,1
sanaʕat,1
fronts,1
problems,1
terminology,1
hadith,1
somehow,1
recreations,1
odd,1
zealous,1
hit,1
important,1
strategy,1
hedonistic,1
repented,1
ancient,1
drawing,1
saʔira,1
cut,1
deceived,1
globalization,1
escorted,1
metin,1
reflections,1
unabashed,1
conquest,1
boisterous,1
apostasy,1
levant,1
whereas,1
gambling,1
opening,1
pose,1
standards,1
root,1
formidable,1
trumped,1
pursuits,1
contravened,1
premise,1
agenda,1
bearing,1
ʕabdullah,1
harbor,1
societies,1
withheld,1
aikin,1
scientifically,1
critic,1
histories,1
haridi,1
method,1
plot,1
smell,1
color,1
puritanical,1
sights,1
temptation,1
treatments,1
exuberance,1
parry,1
effort,1
embracing,1
majid,1
centers,1
conspicuous,1
prim,1
energetic,1
schlegell,1
gauge,1
her,1
ocean,1
sedentary,1
cornell,1
destined,1
enjoin,1
criticisms,1
taʕtir,1
symptom,1
zone,1
sedate,1
syrian,1
commoners,1
accompany,1
featured,1
struggles,1
fuel,1
townsmen,1
arch,1
jaʕfar,1
symptoms,1
circulation,1
poisons,1
companion,1
townsman,1
cups,1
ranking,1
wuzaraʔ,1
ʕalan,1
istiʕmal,1
neighboring,1
poultices,1
traced,1
informed,1
shall,1
kaʕba,1
focused,1
mukhtar,1
entertaining,1
paulina,1
war,1
silence,1
onlookers,1
humored,1
aspects,1
bore,1
province,1
afforded,1
singing,1
appears,1
viewed,1
sticks,1
wholesome,1
obedience,1
unfettered,1
chastisement,1
appearing,1
russell,1
placed,1
sanjay,1
metals,1
tradesmen,1
emulating,1
repercussions,1
pork,1
refuge,1
durar,1
watershed,1
absolute,1
instrumental,1
persia,1
avatars,1
reluctantly,1
lenient,1
revived,1
implement,1
bastion,1
possibility,1
meditation,1
impression,1
scribe,1
expensive,1
bother,1
undermined,1
ʕunwan,1
taxes,1
calmly,1
wittman,1
hierarchies,1
saʕid,1
feeding,1
erhan,1
timbuktu,1
basis,1
beards,1
baleful,1
restrain,1
work,1
propagated,1
isharat,1
hung,1
noisome,1
residents,1
pranks,1
foes,1
obscure,1
sanction,1
organize,1
responding,1
khabaʔith,1
imports,1
conjured,1
tool,1
start,1
qualifications,1
carry,1
writers,1
distinguish,1
repetition,1
concept,1
provocative,1
episode,1
unless,1
distinctively,1
fired,1
differ,1
vivant,1
drew,1
breeding,1
virtues,1
damnation,1
norm,1
stimulating,1
negative,1
indigenous,1
comment,1
multiplied,1
lynda,1
crowding,1
galling,1
bowl,1
restructuring,1
port,1
securing,1
transportable,1
eurocentric,1
whole,1
year,1
shrink,1
trenchant,1
overview,1
realm,1
gave,1
volney,1
ʕabbara,1
older,1
refined,1
policies,1
reynolds,1
inherited,1
partly,1
hajar,1
beginnings,1
figures,1
concentrate,1
actually,1
falling,1
pan,1
umaraʔ,1
thereafter,1
winter,1
versus,1
portability,1
device,1
rituals,1
aghast,1
et,1
sherratt,1
proliferation,1
versatile,1
contentious,1
scope,1
elegant,1
appreciated,1
inveterate,1
sensibility,1
il,1
mission,1
struve,1
cast,1
stationary,1
preparation,1
resort,1
appetites,1
rage,1
approbation,1
meddling,1
interpreted,1
breakdown,1
received,1
endorsement,1
wheat,1
diverted,1
enthusiastic,1
holy,1
transmit,1
puffed,1
sink,1
towards,1
presumption,1
misguided,1
launching,1
eccentric,1
violated,1
regions,1
safaqisi,1
frivolity,1
citing,1
prices,1
substituting,1
lifted,1
rihla,1
permit,1
responses,1
gilles,1
painting,1
arise,1
correct,1
wahhab,1
ʕimad,1
hard,1
troublesome,1
breaking,1
evliya,1
love,1
responsibility,1
yahya,1
questionable,1
delivered,1
aroused,1
buildings,1
unconventional,1
things,1
wished,1
hiding,1
reliable,1
honey,1
dictionary,1
excuse,1
protest,1
poet,1
outlawing,1
catholic,1
mikulas,1
clothes,1
presumptive,1
rushed,1
careful,1
standpoint,1
midst,1
hence,1
acted,1
sake,1
bank,1
aficionados,1
outbreak,1
venality,1
fatigue,1
dried,1
greek,1
spanish,1
madhhab,1
spiritually,1
consensus,1
unskilled,1
accomplished,1
ashraf,1
wider,1
dire,1
vapors,1
disapproved,1
revealing,1
devotions,1
grow,1
sigara,1
bread,1
industry,1
subsided,1
yashrabuhu,1
feelings,1
wakefulness,1
syrians,1
spices,1
choosing,1
blunt,1
deviant,1
herb,1
usual,1
berthold,1
challenge,1
mixing,1
tended,1
obnoxious,1
gunpowder,1
managed,1
futility,1
annual,1
orthodox,1
flaunt,1
doctrines,1
decency,1
shamiyya,1
bordered,1
applauded,1
proper,1
habashi,1
reluctant,1
kitabat,1
despite,1
benchmark,1
aksan,1
value,1
comfortable,1
derisive,1
wolfgang,1
interests,1
hypocrisy,1
behalf,1
smashed,1
periods,1
appeal,1
survived,1
barbara,1
hauled,1
flourished,1
will,1
eternal,1
therefore,1
eternity,1
compendium,1
lapse,1
kitchens,1
highlights,1
gupta,1
firebrands,1
sons,1
ramifications,1
warfare,1
ventured,1
mosques,1
dealing,1
van,1
practices,1
architecture,1
ignite,1
promiscuity,1
succumbing,1
steadily,1
journey,1
fernand,1
recuperation,1
polished,1
seductions,1
strictures,1
bred,1
fatwas,1
populations,1
identified,1
concede,1
lynn,1
spectacle,1
wrote,1
hide,1
lurid,1
motivations,1
positions,1
brian,1
unbridled,1
safwa,1
expansion,1
grandees,1
limited,1
reclamations,1
sufism,1
ingenuity,1
minority,1
return,1
wait,1
receptive,1
tide,1
onward,1
scandalous,1
transition,1
islands,1
cairene,1
innocence,1
renewed,1
rebuttals,1
escapism,1
prevailing,1
sitting,1
object,1
april,1
fixture,1
whatever,1
irreligious,1
ʕizzat,1
purest,1
legalized,1
expanded,1
apprehensions,1
comments,1
chaps,1
railed,1
standing,1
permissible,1
unprecedented,1
reforming,1
literati,1
spot,1
settings,1
procession,1
seemingly,1
echo,1
peirce,1
adamant,1
selection,1
positive,1
zakariya,1
abhorred,1
applications,1
convictions,1
guide,1
rubbing,1
uproar,1
cheap,1
minorities,1
outlets,1
communities,1
oblivious,1
opportunists,1
cowen,1
criticism,1
accompaniments,1
selling,1
violence,1
swept,1
franks,1
push,1
opportunities,1
surpassed,1
cannibus,1
suited,1
flush,1
rules,1
devotion,1
caravan,1
suspicious,1
frowned,1
borrowed,1
evolved,1
kamil,1
formally,1
supplementary,1
us,1
confidence,1
neither,1
saʕd,1
salient,1
kadızadelis,1
contemplation,1
quarrel,1
enshrined,1
participants,1
operated,1
extravagant,1
snare,1
conveying,1
manamah,1
torments,1
rebuff,1
light,1
rightly,1
partake,1
newcomer,1
performed,1
handled,1
friendship,1
passions,1
popularized,1
planet,1
teachings,1
antics,1
murtada,1
indian,1
infused,1
revivalism,1
hashiyatan,1
dirtied,1
excitation,1
tenacity,1
quotations,1
mention,1
moments,1
lingering,1
anthropology,1
buxomness,1
posturing,1
functioned,1
iʔlan,1
charismatic,1
present,1
mocked,1
happening,1
gotten,1
regardless,1
chose,1
tahini,1
alteration,1
louder,1
party,1
worst,1
rather,1
resolution,1
plebeian,1
strenuous,1
visitor,1
successfully,1
idle,1
french,1
westward,1
voyage,1
attacks,1
comparison,1
assert,1
business,1
tawalla,1
stated,1
mark,1
grips,1
mattered,1
mingling,1
sweeteners,1
restaurants,1
ask,1
néret,1
luʕb,1
fakhuri,1
perfected,1
addition,1
mogul,1
ban,1
vizier,1
barber,1
efforts,1
equating,1
entrench,1
founding,1
uses,1
deviance,1
insidious,1
idea,1
unaccustomed,1
remarks,1
iqamat,1
shahbaʔ,1
moroccan,1
lives,1
relates,1
pressure,1
tolerate,1
revenue,1
call,1
walked,1
instability,1
plan,1
strapped,1
exclusion,1
prided,1
disturbed,1
crop,1
choice,1
teachers,1
clover,1
reasoning,1
manifested,1
break,1
classical,1
diverse,1
farming,1
demonstrating,1
personality,1
sturdy,1
arthur,1
contemporary,1
legalizing,1
doubt,1
considerable,1
charges,1
succeeding,1
man,1
favorite,1
serious,1
reasons,1
surrounding,1
rhetoric,1
question,1
channel,1
reformed,1
baba,1
setback,1
bulky,1
spain,1
mamluk,1
tales,1
intervene,1
handed,1
threads,1
model,1
vigils,1
banned,1
purposes,1
discordant,1
occupied,1
shared,1
ottomane,1
eliciting,1
endorsed,1
relevant,1
edifying,1
celebrated,1
pharmacological,1
calif,1
muttaqin,1
qahwa,1
stirred,1
ports,1
burckhardt,1
duties,1
unpleasant,1
practice,1
leveling,1
branched,1
japan,1
disrupted,1
nocturnal,1
fewer,1
packs,1
frequency,1
children,1
drafts,1
unsavory,1
style,1
prescribe,1
manuals,1
clinch,1
ethiopia,1
male,1
wood,1
free,1
alarmed,1
exhalation,1
convenient,1
casting,1
bane,1
degree,1
admonish,1
remove,1
tame,1
argues,1
original,1
demonstrated,1
das,1
fundamentally,1
kalam,1
menacing,1
inveighed,1
understanding,1
mean,1
greatest,1
meaningful,1
beşer,1
casual,1
rulers,1
onion,1
skepticism,1
accelerate,1
turkey,1
restrictions,1
unwelcome,1
unpopularity,1
doomed,1
dhabi,1
proscribed,1
sober,1
values,1
bayan,1
defied,1
persecutions,1
ember,1
suraiya,1
ridiculous,1
unattached,1
conceivable,1
arose,1
desperate,1
previously,1
raiders,1
harms,1
jurisconsult,1
judge,1
surmount,1
emphatically,1
ruling,1
solemn,1
exploits,1
conceived,1
prussia,1
foe,1
food,1
dropped,1
clouded,1
idlers,1
repugnant,1
succumbed,1
largely,1
overtones,1
assumption,1
residues,1
prodigal,1
decreed,1
permanent,1
factor,1
assume,1
irfan,1
catalyst,1
anam,1
questions,1
bitter,1
ethnic,1
evolution,1
semiprivate,1
lifestyle,1
unanimity,1
lasted,1
aleppan,1
previous,1
literate,1
bonfires,1
office,1
congregation,1
theories,1
pellets,1
nevertheless,1
underwent,1
douglas,1
attraction,1
goals,1
exceedingly,1
futile,1
significance,1
worry,1
crises,1
whetted,1
discovered,1
infamy,1
three,1
provoked,1
reality,1
directed,1
reward,1
poisonous,1
discussed,1
michel,1
liquor,1
urbanism,1
modernization,1
agreement,1
points,1
odious,1
mend,1
abortifacient,1
lady,1
najdi,1
conferred,1
eve,1
individual,1
shopkeeper,1
architectural,1
caribbean,1
threw,1
burullusi,1
reformers,1
sabbanu,1
hadiyat,1
tribal,1
reconstructed,1
rasm,1
played,1
collected,1
nail,1
halabi,1
obtained,1
ahmed,1
unsettled,1
unforgiving,1
threefold,1
kadızade,1
insistently,1
lose,1
accused,1
imagination,1
exchange,1
rudimentary,1
spent,1
reassertions,1
decide,1
especially,1
facing,1
arrayed,1
behind,1
janissary,1
nahr,1
guilt,1
trying,1
qualities,1
parallel,1
moist,1
sense,1
sensuality,1
ahlam,1
hastily,1
stashed,1
interpretations,1
dans,1
confidently,1
contact,1
acquire,1
seizing,1
deliberate,1
effect,1
closures,1
nuri,1
ibahat,1
masculine,1
qadir,1
enjoyed,1
james,1
enemies,1
v,1
enthusiasts,1
seeking,1
thirteenth,1
alat,1
implication,1
looks,1
slightly,1
razzaq,1
horse,1
italy,1
fancied,1
goffman,1
northern,1
attracted,1
whirling,1
grain,1
existed,1
haven,1
reworking,1
pivotal,1
restocked,1
debut,1
sugar,1
reformist,1
outright,1
andreas,1
reckless,1
incoming,1
vain,1
arresting,1
cigarettes,1
prescient,1
kiernan,1
deplored,1
improperly,1
stands,1
impermissible,1
necks,1
culmination,1
increasing,1
insan,1
talked,1
suggest,1
polemicists,1
molly,1
depth,1
rebukes,1
accepting,1
unstable,1
simpler,1
iranians,1
straight,1
sufficiency,1
tests,1
maligning,1
muharramat,1
valuable,1
committed,1
archipelago,1
imply,1
esteemed,1
slender,1
aid,1
hurdle,1
foreseen,1
wives,1
swinging,1
stems,1
belonged,1
note,1
africa,1
tentative,1
she,1
perspectives,1
redefine,1
legacy,1
tournefort,1
mixture,1
movements,1
bold,1
desires,1
legalization,1
institutions,1
chance,1
rifaʕat,1
foreign,1
blatantly,1
stalls,1
haj,1
sprout,1
plays,1
naturally,1
reconfiguration,1
rough,1
unwarranted,1
prudent,1
select,1
refrain,1
qahira,1
lines,1
leslie,1
repairing,1
sway,1
patients,1
attacking,1
nemesis,1
harmed,1
chimneys,1
reason,1
venues,1
progressively,1
armed,1
returned,1
accommodating,1
sides,1
beckoned,1
credited,1
sleeves,1
orthodoxy,1
jibra,1
originated,1
recognize,1
sheer,1
empires,1
delicacy,1
covering,1
mustaches,1
madeline,1
testifies,1
owed,1
displaying,1
taxation,1
successor,1
escape,1
soaked,1
arts,1
expectations,1
continually,1
low,1
infidelity,1
researcher,1
inferior,1
surprising,1
frontier,1
respect,1
scholarship,1
composed,1
bypass,1
enforced,1
types,1
fields,1
whiled,1
appointments,1
easterners,1
tapping,1
face,1
unusual,1
sailors,1
pleasurable,1
gathered,1
pressures,1
joseph,1
meant,1
imitated,1
considered,1
erode,1
rightful,1
recognizably,1
detail,1
rabble,1
hearts,1
shiʕite,1
school,1
acquired,1
empty,1
proof,1
vigor,1
border,1
eschewed,1
punished,1
liked,1
spoke,1
ʕuthmani,1
preventing,1
lessons,1
broke,1
paramilitary,1
series,1
conclusion,1
indignantly,1
version,1
tempting,1
bombay,1
grand,1
worse,1
townspeople,1
must,1
ve,1
existence,1
dallalat,1
shihab,1
forwarded,1
extension,1
scolding,1
theme,1
dubious,1
stuffed,1
precise,1
les,1
apprehended,1
ithaf,1
temporal,1
ignore,1
palace,1
ralph,1
trapped,1
impolite,1
disapproval,1
discreetly,1
ʕamma,1
glimpse,1
marketplaces,1
loving,1
camps,1
ila,1
unseemly,1
sustained,1
command,1
tafsir,1
altercation,1
kağıthane,1
bales,1
der,1
outcome,1
najd,1
defining,1
ran,1
natural,1
overestimate,1
banished,1
ordered,1
uprooted,1
deficiencies,1
refused,1
principle,1
dismay,1
image,1
books,1
commonplace,1
fault,1
averted,1
juice,1
persians,1
hamadeh,1
garlic,1
tongue,1
kattani,1
café,1
worth,1
novel,1
inclined,1
global,1
transcended,1
unalloyed,1
shrine,1
accustomed,1
resentment,1
persecution,1
illnesses,1
lailbur,1
entertainments,1
unknown,1
alexander,1
leaders,1
restrictive,1
prominence,1
print,1
wafted,1
unscathed,1
lard,1
ph,1
argue,1
half,1
propaganda,1
guild,1
wealthy,1
unbefitting,1
regard,1
draws,1
provoke,1
foundation,1
ideological,1
widespread,1
bilad,1
hysteria,1
stretching,1
boasted,1
plague,1
obviously,1
edicts,1
muhtar,1
porter,1
shifts,1
saddlebags,1
infer,1
goods,1
adepts,1
pococke,1
written,1
uphold,1
audience,1
hundred,1
majaz,1
cultivation,1
encouraging,1
build,1
cities,1
startling,1
bahnasa,1
sum,1
wayward,1
going,1
invite,1
distinctive,1
translating,1
placing,1
saraçgil,1
hostilities,1
special,1
delicious,1
tirunelveli,1
works,1
malignant,1
living,1
sermons,1
lending,1
baghdad,1
hint,1
coveted,1
consisted,1
following,1
ladies,1
dwelled,1
aftereffects,1
sectors,1
alluring,1
explanations,1
enjoyment,1
economy,1
condemning,1
exposing,1
notable,1
proceedings,1
victims,1
janissaries,1
reign,1
conservatism,1
burns,1
wajib,1
simaʕ,1
terms,1
adults,1
playful,1
offering,1
sulayman,1
brutal,1
stance,1
met,1
abraham,1
particular,1
limmasol,1
comes,1
ma,1
austrian,1
balad,1
ʕadil,1
consolations,1
doubled,1
excitement,1
novelty,1
dahman,1
penetration,1
catered,1
dream,1
surveying,1
supplemented,1
succumb,1
jack,1
listen,1
foreordained,1
instigation,1
customary,1
foundations,1
attaining,1
charting,1
litterateurs,1
studying,1
secure,1
manure,1
gender,1
boys,1
yield,1
huge,1
treatises,1
wanton,1
blurry,1
descendants,1
alcohol,1
insides,1
yusuf,1
lawh,1
suspicion,1
unrelenting,1
prevent,1
puppet,1
ambitious,1
impurity,1
ʕan,1
haythami,1
inhaling,1
welcome,1
spaces,1
vessels,1
supporters,1
stern,1
wrangling,1
persistently,1
howard,1
apparatus,1
level,1
addicts,1
preserved,1
attentive,1
trivial,1
ijtinab,1
altered,1
ill,1
tucked,1
reported,1
given,1
decisive,1
surrendered,1
unleashed,1
mughal,1
nadir,1
strangers,1
ashes,1
confirm,1
charisma,1
demanded,1
african,1
giving,1
nourish,1
diffident,1
techniques,1
preached,1
respectable,1
administration,1
step,1
agents,1
munʕim,1
acute,1
impulses,1
substance,1
target,1
zilfi,1
jabbur,1
merchant,1
treasury,1
opiated,1
ranks,1
phenomenon,1
challenges,1
fast,1
hedonism,1
ensuing,1
writing,1
gain,1
aspect,1
waves,1
refutation,1
thamr,1
turkish,1
karim,1
uninitiated,1
reshaping,1
impatience,1
khoury,1
afflicted,1
shores,1
restraints,1
subrahmanyam,1
mockery,1
wild,1
devoted,1
shown,1
models,1
peddlers,1
breaks,1
argument,1
authorized,1
reveals,1
righteousness,1
lands,1
conn,1
pennsylvania,1
exigency,1
proclamations,1
advent,1
khalil,1
dedicating,1
finding,1
quest,1
undergoing,1
sharif,1
twentieth,1
temerity,1
allure,1
expressions,1
ailments,1
ʕabbas,1
frame,1
inns,1
charge,1
unease,1
defender,1
muharram,1
reversed,1
tobacconists,1
salman,1
mindful,1
ended,1
contributed,1
prolonged,1
unfit,1
afflictions,1
indolence,1
volume,1
although,1
correlated,1
promiscuous,1
fiscal,1
battling,1
regime,1
manufacture,1
opinions,1
product,1
shariʕa,1
athar,1
integration,1
regular,1
conquered,1
france,1
shameful,1
piece,1
prosperity,1
clues,1
colleagues,1
playing,1
inducement,1
recourse,1
tarajim,1
shells,1
darkly,1
presenting,1
extremely,1
walking,1
remains,1
blameworthy,1
association,1
laughter,1
hanafi,1
restrained,1
frankly,1
zafir,1
enclosed,1
overtaking,1
needs,1
morally,1
evelyn,1
wondered,1
rousers,1
periodic,1
animation,1
news,1
restive,1
compunction,1
assumed,1
actions,1
drying,1
portrait,1
intolerant,1
southern,1
bishr,1
russia,1
redolent,1
elites,1
justify,1
commodity,1
chicago,1
egmond,1
escalating,1
cheaper,1
era,1
fervor,1
fears,1
penned,1
valley,1
northwestern,1
skeptics,1
overtake,1
hometown,1
capturing,1
abandoned,1
fellowship,1
testified,1
startled,1
flatly,1
luxuries,1
mature,1
seek,1
prison,1
manʕ,1
famous,1
laborers,1
cross,1
statement,1
building,1
patrolled,1
doing,1
built,1
termed,1
delayed,1
ʕulum,1
perception,1
discern,1
harangues,1
harmful,1
constitution,1
eagerly,1
