WORDCOUNTS,WEIGHT
the,1047
of,797
and,467
in,432
to,362
a,314
mechnikov,230
japan,176
as,174
for,170
that,165
s,158
was,126
with,113
his,101
on,101
he,93
from,92
by,91
ishin,79
an,79
russian,78
had,72
this,68
social,61
japanese,60
it,55
were,53
historical,51
progress,50
be,49
human,45
which,45
would,44
at,42
revolutionary,42
mutual,42
its,42
not,42
revolution,41
civilization,40
movement,40
western,38
their,38
history,37
development,37
new,37
cooperatist,37
world,37
i,35
people,35
political,34
west,34
american,32
or,32
aid,32
who,32
anarchism,31
modern,30
review,30
is,30
february,30
one,29
society,29
time,29
through,29
kropotkin,28
order,28
have,28
among,28
opening,26
life,26
europe,25
anarchist,25
modernity,25
cooperative,25
international,25
russia,25
example,24
but,24
been,24
they,23
ed,23
only,23
intellectual,23
most,22
era,22
no,21
our,21
see,21
between,21
cultural,20
about,20
meaning,19
has,19
nature,18
relations,18
during,18
f,18
meiji,18
prosveshcheniia,18
into,17
other,17
konishi,17
sho,17
knowledge,17
period,17
civilizational,17
within,16
reopening,16
thought,16
idea,16
described,16
when,16
iaponii,16
cooperation,15
community,15
garf,15
reclus,15
l,15
out,15
work,15
plekhanov,15
wrote,15
many,15
encounter,15
op,15
language,15
him,15
we,15
populist,15
natural,15
tokyo,14
those,14
beyond,14
came,14
commoners,14
even,14
more,14
evolution,14
trade,14
state,14
vision,14
while,14
much,14
way,13
could,13
government,13
east,13
across,13
further,13
provided,13
led,13
vospominaniia,13
culture,13
also,13
ibid,13
alternative,13
associations,13
both,13
all,12
networks,12
developed,12
my,12
war,12
v,12
model,12
class,12
national,12
studies,11
aston,11
n,11
found,11
intellectuals,11
radical,11
tsivilizatsiia,11
study,11
two,11
law,11
khr,11
saigo,11
expression,11
saw,11
defined,11
kato,10
first,10
there,10
existence,10
thus,10
such,10
journal,10
based,10
used,10
own,10
activities,10
herzen,10
everyday,10
after,10
understanding,10
ideas,10
individual,10
can,10
over,10
tokugawa,10
what,10
freedom,10
became,10
if,9
advanced,9
very,9
given,9
progressive,9
rather,9
space,9
public,9
basis,9
future,9
part,9
literature,9
popular,9
transnational,9
interactions,9
competition,9
us,9
these,9
toward,9
others,9
forms,9
free,9
private,9
use,9
european,9
provide,9
foreign,9
often,9
believed,9
different,9
global,9
leaders,9
then,9
works,9
arishima,9
view,8
sphere,8
before,8
variety,8
leading,8
racial,8
moscow,8
rooted,8
century,8
turn,8
than,8
how,8
consciousness,8
societies,8
outside,8
network,8
anarchists,8
involved,8
up,8
equality,8
practices,8
lev,8
under,8
practice,8
writings,8
moral,8
become,8
widely,8
relationship,8
movements,8
school,8
number,8
just,8
according,8
form,8
observed,8
go,7
o,7
struggle,7
vols,7
principles,7
translations,7
some,7
possible,7
himself,7
hierarchy,7
elements,7
rights,7
without,7
commune,7
developments,7
university,7
path,7
called,7
well,7
participation,7
successful,7
will,7
nation,7
leader,7
readers,7
took,7
made,7
universal,7
beginning,7
them,7
her,7
thereby,7
need,7
tsfl,7
early,7
kotoku,7
common,6
e,6
nikolai,6
source,6
iaponiia,6
being,6
emerged,6
j,6
switzerland,6
asia,6
resulting,6
primitive,6
students,6
letter,6
collection,6
corresponding,6
interest,6
moment,6
marxism,6
perspective,6
response,6
general,6
support,6
civilizations,6
established,6
liberal,6
observations,6
important,6
expressed,6
whom,6
p,6
viewed,6
published,6
construct,6
kaikoku,6
wider,6
nations,6
various,6
participants,6
home,6
complete,6
belonging,6
noted,6
french,6
paul,6
tremendous,6
larger,6
takamori,6
so,6
hierarchical,6
capitalism,6
justice,6
science,6
program,6
contribution,6
associated,6
text,6
theory,6
problem,6
level,6
multiple,6
phenomenon,6
writing,6
years,6
recent,6
translated,6
d,6
masses,6
france,6
major,6
shcherbina,5
democracy,5
created,5
complex,5
formed,5
ideals,5
princeton,5
women,5
revoliutsiia,5
experience,5
long,5
give,5
worked,5
capitalist,5
great,5
able,5
help,5
achieved,5
emphasized,5
british,5
america,5
hall,5
opened,5
petersburg,5
hokkaido,5
laws,5
relationships,5
old,5
marx,5
via,5
simultaneously,5
tattoos,5
act,5
na,5
levels,5
echoed,5
circulated,5
revolutionaries,5
emergence,5
impact,5
powerful,5
decades,5
result,5
effort,5
term,5
demokurashi,5
possibility,5
having,5
imagined,5
gave,5
place,5
iz,5
collective,5
personal,5
traditions,5
sense,5
anarchy,5
family,5
shishi,5
essentially,5
st,5
transcended,5
scientific,5
identified,5
death,5
capacity,5
experiences,5
najita,5
same,5
power,5
samurai,5
where,5
reflected,5
another,5
including,5
depended,5
equity,5
earlier,5
evolutionary,5
cooperatives,5
ethic,5
translation,5
acquaintances,5
education,5
itself,5
environment,5
any,5
incorporated,5
peoples,5
temporal,5
darwin,5
principle,5
country,5
following,5
local,5
divide,5
iaponskogo,5
far,5
develop,5
role,5
organization,5
come,5
survival,5
difference,5
instead,5
close,5
archives,4
groups,4
truth,4
nouvelle,4
group,4
achievements,4
diplomatic,4
true,4
nineteenth,4
uprising,4
every,4
ii,4
military,4
attempt,4
lifestyle,4
departure,4
shaped,4
down,4
together,4
shared,4
takeo,4
foreigners,4
radicals,4
point,4
conceptual,4
behavior,4
throughout,4
explained,4
g,4
police,4
distinct,4
served,4
like,4
influence,4
pacific,4
tetsuo,4
york,4
basic,4
humanity,4
special,4
lay,4
means,4
spirit,4
perelome,4
democratic,4
origins,4
m,4
arrived,4
ocean,4
expressions,4
unique,4
scale,4
however,4
taught,4
died,4
advancement,4
competing,4
universelle,4
good,4
change,4
stage,4
highly,4
value,4
seemed,4
therefore,4
economic,4
thoughts,4
limited,4
still,4
similarly,4
single,4
mechnikova,4
yet,4
meanwhile,4
serve,4
satow,4
included,4
assistance,4
already,4
reports,4
name,4
water,4
fact,4
scholars,4
diverse,4
geographie,4
paris,4
developing,4
existing,4
charter,4
books,4
violent,4
subjectivity,4
largely,4
ties,4
man,4
open,4
meanings,4
publication,4
peter,4
logic,4
characterized,4
shugijuku,4
k,4
interpretations,4
learn,4
internationalism,4
overthrow,4
conveyed,4
sociopolitical,4
fueled,4
widespread,4
began,4
expectations,4
centuries,4
considered,4
claims,4
esperanto,4
russians,4
version,4
must,4
known,4
december,4
did,4
foundation,4
thinking,4
type,4
cosmopolitanism,4
divided,4
terms,4
civilized,4
westerners,4
oath,4
bodies,4
peace,4
surroundings,4
although,4
physical,4
voluntary,4
irokawa,4
scholarship,4
chicago,4
laborers,4
meeting,4
noe,4
race,4
ito,4
yokohama,3
now,3
done,3
fathers,3
stood,3
envisioned,3
identify,3
essays,3
schools,3
are,3
civic,3
said,3
island,3
later,3
humans,3
memorial,3
possibilities,3
agrarian,3
narrative,3
studied,3
despotism,3
archive,3
thanks,3
reveal,3
take,3
concepts,3
context,3
issue,3
historians,3
bird,3
account,3
vol,3
capable,3
marked,3
framework,3
nitobe,3
bakunin,3
ethical,3
arena,3
affairs,3
kind,3
document,3
left,3
interlocking,3
leadership,3
opposed,3
essential,3
economy,3
impetus,3
solidarity,3
organizing,3
centralization,3
notion,3
process,3
active,3
populism,3
sukeichi,3
white,3
fulfill,3
reason,3
lives,3
calif,3
key,3
river,3
literary,3
linked,3
elsewhere,3
represented,3
rabinow,3
hierarchically,3
expanding,3
obstacles,3
circulating,3
backwardness,3
greater,3
arrival,3
appearance,3
rule,3
demands,3
instrumental,3
wide,3
property,3
almost,3
directly,3
postwar,3
spheres,3
abroad,3
narratives,3
concept,3
prominent,3
london,3
civil,3
criticized,3
akamatsu,3
beginnings,3
uniqueness,3
oriental,3
commerce,3
caused,3
generation,3
cooperatism,3
small,3
several,3
accomplished,3
presence,3
observe,3
research,3
boundaries,3
fully,3
generally,3
necessity,3
dependent,3
correspondence,3
roots,3
geographical,3
unfinished,3
sons,3
action,3
female,3
above,3
biological,3
interpretation,3
experienced,3
read,3
technology,3
professor,3
increasingly,3
present,3
members,3
structures,3
put,3
knige,3
added,3
fundamental,3
daily,3
pamphlet,3
contemporary,3
considerable,3
fashion,3
never,3
behind,3
consciously,3
narod,3
geography,3
empire,3
invitation,3
eds,3
remarkably,3
day,3
darwinist,3
remained,3
original,3
discussion,3
link,3
values,3
instructor,3
europeans,3
francis,3
ethnic,3
modem,3
pride,3
someone,3
article,3
overcome,3
seeking,3
story,3
italy,3
figures,3
institution,3
species,3
me,3
backward,3
continued,3
george,3
figure,3
ideology,3
darwinism,3
beings,3
referred,3
force,3
delo,3
existed,3
predislovie,3
respect,3
muramatsu,3
series,3
biography,3
simply,3
struck,3
implied,3
charles,3
bright,3
know,3
ordered,3
spontaneous,3
novel,3
particularly,3
themselves,3
goods,3
past,3
elites,3
reconfigured,3
whether,3
selected,3
making,3
particular,3
agricultural,3
gender,3
emphasis,3
urban,3
art,3
went,3
merchant,3
aspect,3
question,3
idealism,3
ultimately,3
institutional,3
dangerous,3
course,3
contributed,3
product,3
practiced,3
supported,3
archival,3
create,3
interaction,3
traditional,3
establishment,3
famous,3
virtue,3
broader,3
doing,3
termed,3
miller,2
difficult,2
entities,2
superiority,2
flow,2
adopt,2
aizo,2
peaceful,2
expedition,2
determine,2
alone,2
appear,2
sorbonne,2
shuisui,2
bor,2
live,2
english,2
ways,2
reopen,2
exploration,2
sudden,2
westernization,2
conscious,2
former,2
overlook,2
position,2
either,2
daikichi,2
beneficial,2
creation,2
production,2
interests,2
setting,2
processes,2
chaos,2
restoration,2
contrasted,2
might,2
secretary,2
progression,2
olga,2
historiography,2
friendly,2
best,2
tradition,2
borders,2
origin,2
achievement,2
follows,2
aesthetic,2
sous,2
americans,2
interethnic,2
written,2
represent,2
reminiscent,2
opposite,2
china,2
gusa,2
committed,2
daniel,2
system,2
ernest,2
nationwide,2
inseparable,2
eastern,2
autonomous,2
primary,2
sought,2
right,2
mikhail,2
reaction,2
fittest,2
reflecting,2
undoubtedly,2
promises,2
yates,2
exist,2
labor,2
sochineniia,2
eventual,2
mine,2
immediate,2
roger,2
quality,2
inevitable,2
since,2
against,2
ability,2
brother,2
gendered,2
conducted,2
realization,2
overly,2
held,2
viewing,2
cases,2
maintaining,2
kensetsu,2
notehelfer,2
divisions,2
agency,2
races,2
factor,2
third,2
witnessed,2
nicolaevsky,2
landmark,2
men,2
student,2
details,2
departed,2
wounded,2
acknowledge,2
virtual,2
using,2
may,2
geneva,2
reflects,2
patron,2
aimed,2
generations,2
angeles,2
activists,2
sort,2
paths,2
influential,2
obituary,2
permission,2
similar,2
b,2
ongoing,2
georgii,2
contributions,2
kokoro,2
enabled,2
reforms,2
animals,2
moreover,2
rising,2
suppression,2
wanted,2
marks,2
entry,2
organized,2
peasant,2
mechinikofu,2
branch,2
solidified,2
prevent,2
shkola,2
communities,2
followed,2
langer,2
method,2
primordial,2
shifted,2
dominant,2
helped,2
ancient,2
body,2
trajectories,2
proposed,2
friends,2
union,2
closely,2
isabella,2
lead,2
sociological,2
identifying,2
questioned,2
access,2
changed,2
prepare,2
internationalist,2
events,2
haller,2
clubs,2
kojima,2
reactionary,2
attained,2
late,2
furthermore,2
stat,2
agreements,2
meet,2
promise,2
younger,2
placed,2
spiritual,2
feudal,2
malthusian,2
imperial,2
james,2
engine,2
because,2
christianity,2
keeping,2
imprisoned,2
modernities,2
relief,2
closed,2
journals,2
formerly,2
tool,2
los,2
instituted,2
futabatei,2
hyman,2
stir,2
training,2
apparent,2
inevitability,2
secret,2
reconfiguration,2
indigenous,2
anew,2
totten,2
shimei,2
categories,2
discussions,2
policies,2
references,2
broad,2
participated,2
orient,2
away,2
nor,2
stanford,2
status,2
regions,2
uncivilized,2
creating,2
field,2
below,2
unexpected,2
theoretically,2
socialist,2
ethnicity,2
box,2
contrast,2
quite,2
around,2
few,2
revealing,2
tattooed,2
suddenly,2
sha,2
impossible,2
orthodox,2
inability,2
wife,2
proper,2
russkii,2
despite,2
progressiveness,2
domei,2
actions,2
transforming,2
kido,2
inhabitants,2
grand,2
islands,2
poor,2
sochinenii,2
thinkers,2
expanded,2
unprecedented,2
direction,2
nakae,2
rational,2
violence,2
sociologists,2
talents,2
official,2
selective,2
neither,2
perceived,2
todes,2
initiation,2
informal,2
skin,2
dialectical,2
friend,2
rise,2
picture,2
kublin,2
ocherki,2
theorist,2
book,2
koeki,2
projects,2
lack,2
remarks,2
conduct,2
areas,2
cumulative,2
instability,2
creative,2
beliefs,2
blagosvetlov,2
witnesses,2
essence,2
choice,2
sobranie,2
educated,2
oneself,2
takayoshi,2
istorii,2
everything,2
uprisings,2
external,2
appeared,2
do,2
abstract,2
covered,2
banned,2
karl,2
heavily,2
ports,2
resigned,2
ryan,2
native,2
belief,2
vast,2
governance,2
responded,2
terrorism,2
classes,2
extended,2
knew,2
birth,2
treated,2
upon,2
takamure,2
region,2
attainment,2
transformed,2
kurataro,2
warrior,2
emphasize,2
causes,2
jahn,2
real,2
nothing,2
examination,2
stay,2
philosopher,2
write,2
garibaldi,2
kropotkinism,2
theoretical,2
significance,2
three,2
styles,2
reality,2
assignment,2
express,2
nobori,2
blend,2
direct,2
plant,2
features,2
played,2
mountain,2
households,2
thomas,2
latter,2
sentiment,2
relation,2
hand,2
examine,2
teach,2
structure,2
percent,2
working,2
berton,2
sole,2
la,2
concluded,2
infinite,2
increasing,2
enough,2
today,2
perspectives,2
she,2
bold,2
crucial,2
bowen,2
naturally,2
japonaise,2
nikki,2
institutions,2
seen,2
detailed,2
establish,2
lawrence,2
countries,2
traveled,2
inspired,2
construction,2
analysis,2
united,2
fields,2
articles,2
chomin,2
earliest,2
oshio,2
detail,2
stable,2
historian,2
prohibited,2
impulse,2
accordance,2
founded,2
appears,2
offered,2
nikov,2
symbol,2
saigb,2
sciences,2
here,2
set,2
berkeley,2
mutually,2
colonization,2
hoover,2
languages,2
sell,2
recalled,2
current,2
money,2
report,2
epistemological,2
sotsiologii,2
intelligentsia,2
heterodoxy,2
cities,2
stipend,2
zenshui,2
rural,2
passage,2
merely,2
redefined,2
consisted,2
animal,2
lens,2
disciple,2
accounts,2
rebellion,2
metaphor,2
maintain,2
katsumaro,2
extent,2
fascination,2
studying,2
influenced,2
too,2
suggests,2
watanabe,2
travel,2
nonhierarchical,2
nasledstvo,2
literaturnoe,2
boston,2
varieties,2
severely,2
introduced,2
altogether,2
convinced,2
infamous,2
extensive,2
measure,2
shinjinkai,2
grossberg,2
mikado,2
colonial,2
maintained,2
iu,2
oyama,2
determinism,2
until,2
stagnant,2
commercial,2
inferiority,2
cambridge,2
copies,2
twentieth,2
finally,2
actively,2
include,2
integrated,2
incidents,2
famine,2
prosperity,2
photograph,2
approach,2
attempted,2
traveling,2
invited,2
marxist,2
sharing,2
texts,2
views,2
import,2
little,2
focus,2
pseudonyms,2
drew,2
should,2
asked,2
predicated,2
iermonakh,1
haga,1
final,1
dvukhletnei,1
resolve,1
memorize,1
impossibility,1
does,1
fleming,1
respected,1
rate,1
anticipated,1
swearingen,1
along,1
personally,1
frequent,1
oriented,1
limits,1
ethics,1
stuart,1
declared,1
representing,1
protests,1
indicated,1
overthrowing,1
flipped,1
tsuguo,1
kaiko,1
generous,1
eternal,1
embarked,1
prize,1
suggested,1
masao,1
deepen,1
concern,1
provincialist,1
sergei,1
cradle,1
roshia,1
everyone,1
deduced,1
extend,1
discredited,1
ending,1
trans,1
connection,1
red,1
germaine,1
mundane,1
introduction,1
brilliantly,1
federation,1
ikegami,1
predilection,1
linguistic,1
conversion,1
told,1
becoming,1
center,1
needed,1
miners,1
organizer,1
factories,1
unavoidably,1
illegal,1
arkhiv,1
myth,1
mobility,1
merged,1
ma,1
overdue,1
referring,1
remind,1
openness,1
confines,1
uniquely,1
continent,1
japanologists,1
h,1
unbeaten,1
completely,1
holdings,1
barbaric,1
proud,1
naroda,1
bakushin,1
weaker,1
contention,1
policy,1
protection,1
liberty,1
committee,1
italii,1
character,1
burzhuaznoi,1
harsh,1
heihachiro,1
title,1
refers,1
contributors,1
inequality,1
kropotkins,1
polemicism,1
total,1
overturning,1
interpersonal,1
assisted,1
rodger,1
accomplishments,1
unite,1
village,1
something,1
po,1
straitjacketing,1
controlled,1
societal,1
institutes,1
contact,1
permitted,1
root,1
assaults,1
hoping,1
leads,1
plebeian,1
disturbances,1
negative,1
myriad,1
vocabulary,1
clarifying,1
file,1
accumulation,1
prorevolution,1
attribute,1
synonymous,1
unearthed,1
problems,1
rekliu,1
failing,1
sources,1
deiatelei,1
invention,1
caroline,1
unscrupulously,1
ballet,1
heel,1
upholding,1
posed,1
utopia,1
regulating,1
exaggerated,1
sovremennik,1
taken,1
rapid,1
testimonies,1
darkness,1
seishinshi,1
expectation,1
dissatisfied,1
beautiful,1
kessler,1
hometowns,1
words,1
parties,1
affirmed,1
immense,1
reviewed,1
prejudices,1
gensetsu,1
flowers,1
scientists,1
individuals,1
wooden,1
ilise,1
chapters,1
shveitsarii,1
assertion,1
desire,1
ganize,1
simple,1
momentum,1
disenchantment,1
differences,1
location,1
tactic,1
consular,1
rich,1
producing,1
verbal,1
atlantic,1
bifurcated,1
rojo,1
hundred,1
located,1
composition,1
ol,1
characterizing,1
room,1
uncovered,1
religion,1
kingdom,1
nationalism,1
endeavored,1
steppingstone,1
quarter,1
fresh,1
lagers,1
exiles,1
last,1
hybridized,1
mind,1
greatly,1
staff,1
routines,1
embody,1
reading,1
obshchina,1
domestic,1
revise,1
visiting,1
intersection,1
papers,1
designs,1
citizenship,1
less,1
traits,1
partners,1
revolt,1
provincially,1
fused,1
unmediated,1
recorded,1
courtesy,1
hoston,1
walks,1
monbusho,1
teleological,1
osvoboditel,1
turnykh,1
matthew,1
bases,1
daigaku,1
u,1
iv,1
incorporate,1
march,1
foreignness,1
imitators,1
llie,1
honolulu,1
design,1
custom,1
clearly,1
danilovich,1
restoring,1
italian,1
recommended,1
dorogi,1
russianist,1
politics,1
lanka,1
activity,1
tracing,1
evolving,1
ilya,1
dissidents,1
slight,1
marleigh,1
echoes,1
accommodation,1
alter,1
october,1
fluctuation,1
move,1
cliche,1
arenas,1
measuring,1
relationality,1
apart,1
taking,1
ryochu,1
fossilized,1
throes,1
reconfiguring,1
eliminating,1
ideologically,1
asserting,1
sent,1
conception,1
cited,1
dynamic,1
bottom,1
immobility,1
bonds,1
negotiation,1
object,1
interact,1
bes,1
economies,1
kolokol,1
dignity,1
measurement,1
treatise,1
sign,1
harmony,1
separating,1
shut,1
aggression,1
surplus,1
civility,1
gravity,1
learned,1
repeatedly,1
september,1
encountering,1
teruyuki,1
conflict,1
central,1
goal,1
million,1
centralized,1
fluency,1
per,1
constructed,1
biologistsprominent,1
pomoshchi,1
disorder,1
merchants,1
erection,1
montreal,1
severe,1
sociability,1
dynamics,1
church,1
translating,1
backgrounds,1
visited,1
pursuit,1
categorized,1
reconstituting,1
exiled,1
kapital,1
unpublished,1
wrath,1
de,1
integral,1
gaining,1
puteshestvennika,1
tigris,1
divine,1
lectures,1
forgotten,1
civilizing,1
authoritative,1
inhumane,1
faces,1
futures,1
brotherly,1
celebrity,1
decided,1
repressions,1
issued,1
heightened,1
participating,1
garibal,1
application,1
jr,1
encyclopedia,1
pay,1
topic,1
retranslated,1
industrial,1
taste,1
inazo,1
hawaii,1
lending,1
defense,1
chakrabarty,1
seizing,1
selfhood,1
mentors,1
stored,1
odyssey,1
keep,1
monist,1
intercourse,1
amount,1
back,1
subjects,1
spanned,1
deed,1
eiko,1
highest,1
khristianskoi,1
serving,1
six,1
extraordinary,1
historicization,1
young,1
endeavor,1
graphically,1
reki,1
honour,1
arranged,1
spontaneously,1
europeanization,1
enlightened,1
publications,1
compare,1
profit,1
weight,1
overarching,1
identifications,1
belonenko,1
federatsii,1
gives,1
stimulating,1
communication,1
rest,1
constructs,1
intrigued,1
tones,1
apparently,1
trudy,1
stagnation,1
helping,1
guide,1
pronounced,1
informed,1
enrich,1
mainichi,1
refashion,1
competitive,1
impressions,1
master,1
neutral,1
undb,1
estestvoipytatelei,1
kakumei,1
selectively,1
revitalize,1
subversive,1
informative,1
distribution,1
tarino,1
aim,1
freedoms,1
surprisingly,1
assessed,1
steps,1
vekakh,1
dd,1
issues,1
interesting,1
tune,1
manipulated,1
recognized,1
eno,1
town,1
whose,1
pooled,1
identification,1
betterment,1
subjected,1
observers,1
devastating,1
stepniak,1
wanting,1
oginau,1
absent,1
arising,1
remain,1
illustration,1
learning,1
unit,1
borrowing,1
ai,1
kartasheva,1
gertsenu,1
culminating,1
preparing,1
patronage,1
doctrine,1
myself,1
remote,1
bond,1
circles,1
precluded,1
christine,1
approaches,1
swath,1
coopof,1
unwritten,1
fever,1
neighborhood,1
eugenicists,1
heard,1
tsugumichi,1
legal,1
legendary,1
talk,1
homogenization,1
brand,1
eisenstadt,1
employees,1
bakuninist,1
lacking,1
offering,1
impressed,1
discoveries,1
rootedness,1
expressing,1
primatology,1
llonjn,1
forced,1
wash,1
giuseppe,1
brunswick,1
changes,1
acquisition,1
win,1
facilitated,1
tochki,1
noboru,1
greeks,1
erecting,1
seas,1
familiar,1
undignified,1
foul,1
teaches,1
korea,1
amid,1
director,1
days,1
idealist,1
japonais,1
kolenko,1
hito,1
preoccupation,1
excitement,1
weak,1
characterizations,1
shore,1
malthus,1
argued,1
kul,1
frequently,1
quarters,1
w,1
benefited,1
socialists,1
unavoidable,1
converting,1
commonly,1
exploited,1
vietnam,1
follow,1
readings,1
rokoku,1
tourism,1
bookstores,1
shed,1
linkage,1
concretizing,1
notions,1
disembarked,1
yangtze,1
kitoku,1
cultured,1
always,1
missii,1
hereafter,1
shmuel,1
imaginaries,1
explain,1
care,1
projected,1
symbolized,1
metaphoric,1
join,1
providing,1
satsuma,1
cut,1
stately,1
amazing,1
assessments,1
bureaucracy,1
angela,1
ranges,1
primordially,1
advance,1
treating,1
featured,1
merging,1
thousands,1
introduce,1
opposition,1
completing,1
route,1
longfellow,1
scientifically,1
critic,1
conservative,1
protector,1
tropical,1
color,1
coalescing,1
ambitious,1
recite,1
centers,1
lived,1
crowd,1
recitation,1
teeming,1
vilamerican,1
pioneer,1
parisian,1
internationalisms,1
veniukov,1
dislocation,1
constantly,1
philosophical,1
representative,1
secretly,1
centeredness,1
acquiring,1
limp,1
embedded,1
politique,1
companion,1
fourth,1
ranking,1
lose,1
lord,1
understood,1
equal,1
durham,1
focused,1
phagocytic,1
mainly,1
fulfillment,1
issledovatel,1
rectification,1
dvizheniia,1
activist,1
fisher,1
teacher,1
population,1
produced,1
persons,1
companies,1
revive,1
truly,1
denegri,1
applied,1
attendant,1
eternally,1
appearing,1
otherwise,1
osaka,1
troops,1
representatives,1
feminists,1
dialectic,1
saving,1
guidance,1
required,1
numerous,1
bureaucratization,1
premise,1
marxists,1
bestselling,1
gained,1
directorship,1
marie,1
information,1
impression,1
memory,1
brandi,1
technical,1
aspects,1
improve,1
failure,1
sites,1
lost,1
betrayed,1
julia,1
minute,1
romans,1
hung,1
bounded,1
pr,1
strengths,1
benevolence,1
received,1
mysli,1
satire,1
vote,1
locus,1
overturn,1
unless,1
significantly,1
gg,1
characterization,1
purpose,1
materialize,1
multilayered,1
terrorist,1
failed,1
deceased,1
ilu,1
inorganic,1
look,1
experiencing,1
whole,1
year,1
hybridity,1
ipoliticheskikh,1
masaji,1
fit,1
older,1
domestically,1
blue,1
slavophils,1
exclusively,1
jai,1
expansive,1
inspire,1
constitute,1
evdokimov,1
preparedness,1
gosudarstvennyi,1
shiso,1
interiority,1
speaking,1
thereafter,1
ethnographical,1
kings,1
et,1
music,1
forces,1
surrounding,1
accord,1
participate,1
achieving,1
wesley,1
conservativeness,1
project,1
indianapolis,1
resort,1
expand,1
president,1
interpreted,1
horizon,1
visions,1
enthusiastic,1
connections,1
ukigumo,1
strongest,1
contradictions,1
graduate,1
hidden,1
misguided,1
refuse,1
t,1
garb,1
historicity,1
sveta,1
grain,1
provision,1
professionally,1
learner,1
legacy,1
strict,1
ensued,1
describing,1
presented,1
lowest,1
adherents,1
savage,1
coup,1
fostered,1
hardly,1
suggest,1
subjective,1
protest,1
indicators,1
nobel,1
dissatisfaction,1
applicability,1
warrant,1
fury,1
theater,1
discredit,1
sponsors,1
standpoint,1
phrase,1
desires,1
arbitrary,1
veteran,1
narodniki,1
calling,1
constituency,1
code,1
soil,1
transport,1
priamur,1
sufficient,1
propelled,1
ship,1
promised,1
acts,1
overseeing,1
invaluable,1
ancestors,1
petition,1
isis,1
urgently,1
illusions,1
telling,1
tended,1
foremost,1
core,1
dedicated,1
annual,1
visible,1
tracks,1
evfimii,1
universities,1
sri,1
distancing,1
emperor,1
edo,1
multicolored,1
bourgeois,1
appropriate,1
galen,1
acquaint,1
moved,1
bible,1
obshchestva,1
massive,1
dictated,1
bogomolov,1
readership,1
concomitant,1
likeminded,1
curriculum,1
periods,1
appeal,1
south,1
liberation,1
threatened,1
revolved,1
critical,1
defended,1
longing,1
gilroy,1
poland,1
san,1
unofficial,1
reimagination,1
referent,1
likely,1
underground,1
situation,1
business,1
vestnik,1
arkhiva,1
consul,1
nonetheless,1
absence,1
elimination,1
noble,1
bringing,1
guarded,1
letters,1
meticulously,1
interference,1
unification,1
criticize,1
positions,1
actualities,1
enables,1
izbrannye,1
exile,1
expansion,1
dragons,1
subject,1
irony,1
play,1
embarkation,1
attenuate,1
acknowledged,1
offices,1
prospered,1
irreverent,1
puteshestviepo,1
perepiski,1
founding,1
extreme,1
instincts,1
april,1
positioned,1
prove,1
leon,1
polemical,1
echoing,1
purest,1
intervention,1
surviving,1
assist,1
comments,1
strife,1
standing,1
commodore,1
tasukeau,1
nudity,1
newton,1
lida,1
negate,1
thailand,1
cultivate,1
evgrafovich,1
loss,1
va,1
religious,1
selection,1
positive,1
antagonisms,1
dits,1
sengo,1
spoken,1
contributing,1
mosamerican,1
ogarevu,1
indus,1
criticism,1
limitless,1
cohorts,1
relied,1
reference,1
externally,1
describe,1
simplified,1
excessively,1
wake,1
treaty,1
intense,1
represents,1
accident,1
strolling,1
dreams,1
emil,1
toui,1
soon,1
financial,1
obtain,1
unidirectional,1
sex,1
seeing,1
objectified,1
states,1
populated,1
clarified,1
salient,1
delegitimized,1
compiled,1
prisoners,1
aleksandr,1
eminently,1
planned,1
dori,1
adjusted,1
light,1
beate,1
teaching,1
sharply,1
kokugaku,1
japanology,1
colored,1
lishina,1
largest,1
insights,1
alien,1
department,1
qualified,1
emotional,1
phoenix,1
volunteers,1
accomplishment,1
controllable,1
arabesques,1
functioned,1
ev,1
independent,1
charismatic,1
longer,1
love,1
volume,1
showing,1
fellow,1
outbreak,1
diary,1
awakened,1
starting,1
fire,1
visitor,1
culmination,1
miyoshi,1
critiques,1
successfully,1
elie,1
vokrug,1
comparison,1
stated,1
ichiji,1
spend,1
sult,1
renewed,1
reconceptualized,1
pointed,1
available,1
conceived,1
rossii,1
collaborative,1
erect,1
japanologist,1
demographic,1
intending,1
efforts,1
persuasion,1
stepanovich,1
shows,1
happening,1
twenty,1
creativity,1
consideration,1
idealization,1
coincidence,1
head,1
occurrence,1
pressure,1
occupations,1
proposal,1
lieutenant,1
documents,1
reform,1
disturbed,1
euphrates,1
embryo,1
striving,1
children,1
turgenev,1
incorporation,1
john,1
gray,1
featuring,1
end,1
zhizn,1
seize,1
variation,1
resolved,1
vzgliad,1
russkoi,1
vzaimootnoshenii,1
brotherhood,1
honor,1
transoceanic,1
anthropologist,1
expropriation,1
harootunian,1
none,1
greeted,1
spain,1
manner,1
entity,1
equitable,1
seventeenth,1
slavonic,1
advisers,1
answer,1
immature,1
interstices,1
stirred,1
avrich,1
necessary,1
spoke,1
exotic,1
ashio,1
decade,1
focusing,1
kokuritsu,1
stateand,1
perhaps,1
slumber,1
cowering,1
controversy,1
competed,1
guarantees,1
solov,1
style,1
zreniia,1
going,1
encountered,1
league,1
refuted,1
organize,1
sailed,1
religioznykh,1
demonstrated,1
disappearance,1
recognizing,1
technologies,1
greatest,1
collecting,1
glue,1
exploring,1
meaningful,1
precarious,1
father,1
istoricheskii,1
inviting,1
examples,1
rekishi,1
stumbled,1
currents,1
closer,1
range,1
limitations,1
naroodo,1
impart,1
officially,1
environments,1
ketelaar,1
arose,1
desperate,1
enormous,1
dissolve,1
owe,1
strongly,1
trends,1
hara,1
surmount,1
ruling,1
elite,1
gosudarstvo,1
identity,1
top,1
shilsui,1
findings,1
imbued,1
patriots,1
controlling,1
entirely,1
asian,1
zakone,1
probably,1
combining,1
food,1
touchstone,1
hypotheses,1
surabu,1
boatmen,1
assumption,1
rivers,1
dress,1
encounters,1
inherently,1
morality,1
cossacks,1
autobiographical,1
politicheskuiu,1
catalyst,1
storms,1
iwao,1
vladimir,1
pamphlets,1
continue,1
naka,1
fantastic,1
trip,1
velikie,1
full,1
enlighten,1
office,1
fold,1
relegated,1
california,1
theories,1
necessitated,1
chernyshevskii,1
sluzhbe,1
versions,1
provincializing,1
explorations,1
discovered,1
yellows,1
se,1
peripheral,1
ideologue,1
modernization,1
essay,1
maintenance,1
diplomats,1
serious,1
wits,1
times,1
homes,1
eratist,1
hardship,1
tribal,1
naturalization,1
obshchestvennoi,1
stages,1
entitled,1
filled,1
unsettled,1
kept,1
stride,1
epoch,1
misunderstanding,1
preservation,1
provides,1
martin,1
municipal,1
imagination,1
exchange,1
repeated,1
faith,1
conclusions,1
undergirded,1
comparing,1
internal,1
commentators,1
disclosed,1
incapable,1
eyes,1
methods,1
addition,1
newspapers,1
constructing,1
juncture,1
awakening,1
acquire,1
seattle,1
rupture,1
january,1
rossiia,1
capabilities,1
travelers,1
looked,1
northern,1
otogrn,1
principal,1
tendency,1
destruction,1
industrialization,1
relative,1
attend,1
upside,1
redraw,1
adeney,1
hope,1
normal,1
guth,1
specialties,1
hopeless,1
postoccupation,1
exchanged,1
communalism,1
staying,1
separate,1
alaska,1
unfolded,1
farm,1
factors,1
asking,1
indication,1
success,1
suggestion,1
ganges,1
inertia,1
assigned,1
devote,1
cleansing,1
federations,1
declaration,1
vladivostok,1
belonged,1
cow,1
pis,1
itsue,1
fairly,1
mixture,1
humanitarian,1
usually,1
erase,1
kakumeito,1
affectionately,1
ruthlessness,1
altering,1
suggestive,1
bound,1
claimed,1
wore,1
fear,1
ironically,1
exacerbated,1
edifying,1
kindest,1
lines,1
boulevards,1
individualities,1
binary,1
slow,1
exceptional,1
dimensions,1
forming,1
originally,1
dai,1
directions,1
collections,1
imperialism,1
returned,1
millennia,1
determination,1
shone,1
arisen,1
transformation,1
originated,1
try,1
stimulated,1
iin,1
volumes,1
owed,1
proletarian,1
dipesh,1
implementing,1
arts,1
understand,1
achieve,1
slogan,1
amalgamation,1
surprising,1
populace,1
dead,1
sheila,1
bakunina,1
types,1
get,1
uneducated,1
event,1
repressed,1
unusual,1
sailors,1
zenshu,1
zapisok,1
fought,1
thick,1
meant,1
formless,1
mouthpiece,1
collaboratively,1
isaac,1
assistant,1
laborer,1
istoricheskie,1
reciprocal,1
neglected,1
contained,1
authorities,1
heavy,1
rarely,1
eventually,1
vasilii,1
citizen,1
cahm,1
comes,1
conclusion,1
ethnological,1
complexity,1
advancements,1
door,1
fitzpatrick,1
norms,1
apprehension,1
postrevolutionary,1
kobunroku,1
redirecting,1
constituted,1
ever,1
word,1
extension,1
pace,1
symbolic,1
nuiu,1
dissident,1
durably,1
regime,1
materialy,1
togawa,1
classically,1
resurrect,1
organizational,1
viestnik,1
napoleonic,1
kanko,1
perry,1
cover,1
forty,1
quickly,1
replace,1
outcome,1
darwinian,1
undeveloped,1
ran,1
favorably,1
ichthyologist,1
control,1
each,1
shogunate,1
whites,1
compelled,1
embassy,1
elize,1
cultures,1
jinmin,1
anthropologists,1
descriptions,1
actuality,1
steven,1
assumed,1
confident,1
seriously,1
interested,1
accustomed,1
believe,1
interlinked,1
capital,1
bakumatsu,1
yellow,1
alexander,1
ahr,1
revoliutsii,1
bu,1
variegated,1
cooperativist,1
nihon,1
ph,1
printed,1
khabarovsk,1
wealthy,1
propaganda,1
surprised,1
meidzi,1
unsettling,1
post,1
andrei,1
attacking,1
adverse,1
privileged,1
italiia,1
collision,1
embodiment,1
benefit,1
supervisor,1
examining,1
identities,1
differed,1
distinctive,1
sotsial,1
living,1
better,1
places,1
concrete,1
feminist,1
evincing,1
defend,1
discourse,1
wit,1
scholarly,1
realities,1
defending,1
purchase,1
rimer,1
recollections,1
unfulfilled,1
asserted,1
answered,1
investigation,1
broke,1
mixing,1
depicts,1
kitaiu,1
spatial,1
fairness,1
stability,1
developmental,1
asukai,1
want,1
cause,1
skazkin,1
sociology,1
grigorii,1
coerced,1
contemporaries,1
differentiates,1
pains,1
map,1
mere,1
explore,1
irezumi,1
starkly,1
leaving,1
unwise,1
admiral,1
illustrated,1
tsar,1
getting,1
utopianism,1
foundations,1
nogo,1
bureaucratic,1
dark,1
produce,1
awarded,1
advise,1
rationality,1
backing,1
voice,1
communards,1
gressive,1
dedication,1
shimbun,1
coordinate,1
port,1
millions,1
ivan,1
mcrobbie,1
facial,1
naked,1
poems,1
taishoki,1
determined,1
recognition,1
met,1
attached,1
integrally,1
shi,1
sea,1
democrat,1
revolutions,1
joining,1
strangers,1
courses,1
november,1
duty,1
regulate,1
giving,1
die,1
techniques,1
durable,1
masamichi,1
rendering,1
assumptions,1
everywhere,1
missionary,1
putiatin,1
nonhuman,1
contribute,1
resistance,1
copper,1
clothing,1
ranks,1
epistemic,1
families,1
challenges,1
mention,1
encouraging,1
isolated,1
evidenced,1
articulator,1
vocal,1
associating,1
gain,1
oceanic,1
coming,1
think,1
construed,1
postcolonial,1
corresponded,1
strong,1
contrasts,1
protesting,1
rossiiskoi,1
distribute,1
examinations,1
singapore,1
formation,1
understandings,1
adopting,1
spring,1
conducive,1
drafts,1
oligarchy,1
editor,1
notes,1
framed,1
initiated,1
conspired,1
bolshevism,1
finding,1
illinois,1
paradigm,1
conditions,1
chemical,1
waseda,1
discursive,1
newsletter,1
motives,1
tactical,1
retiring,1
documentation,1
laponiia,1
realism,1
proceeding,1
define,1
kai,1
building,1
ga,1
evidence,1
danpenteki,1
inherent,1
relics,1
idealized,1
writer,1
indonesia,1
literacy,1
involving,1
willingness,1
you,1
effects,1
settling,1
off,1
organ,1
area,1
antimilitarism,1
instinct,1
oversaw,1
recalling,1
francisco,1
association,1
shift,1
speak,1
definitive,1
untouched,1
campaign,1
roughly,1
particularities,1
anonymous,1
needs,1
thousand,1
specific,1
blacks,1
consisting,1
potential,1
removed,1
commonsense,1
grayer,1
conscientiously,1
portrait,1
attending,1
tribes,1
customs,1
c,1
variations,1
sectors,1
dickens,1
enterprise,1
pleased,1
substantial,1
endangered,1
entire,1
ingrained,1
divergent,1
dental,1
william,1
fellowship,1
siding,1
bulwark,1
images,1
racially,1
seek,1
technological,1
willing,1
literatury,1
unexpectedly,1
vziamnoi,1
requests,1
resources,1
built,1
kenkyiu,1
roles,1
unify,1
perception,1
bartoshevskii,1
deeper,1
gold,1
continuously,1
