WORDCOUNTS,WEIGHT
the,969
of,544
and,523
in,392
a,279
to,249
anti,208
americanism,189
s,148
american,131
that,126
as,123
on,96
states,85
for,82
united,82
u,78
europe,69
america,69
with,69
an,68
new,63
european,58
french,57
political,56
it,55
world,55
by,54
has,53
cultural,52
is,51
from,51
was,49
not,49
war,48
their,47
at,45
its,42
culture,42
but,41
german,40
one,38
this,36
century,35
or,33
such,32
had,31
even,31
after,30
have,30
they,29
france,29
no,29
than,28
while,28
germany,26
all,26
were,26
york,25
more,25
see,25
modernity,24
which,24
und,24
most,23
other,23
both,23
between,23
many,22
there,21
cold,21
society,21
country,21
i,20
philo,20
people,20
criticism,20
into,19
mass,19
americans,19
popular,19
same,19
power,19
who,19
way,18
since,18
his,18
over,18
western,17
because,17
nation,17
also,17
remained,17
years,17
history,16
only,16
been,16
life,16
are,16
be,16
europeans,15
notably,15
british,15
de,15
during,15
when,15
vision,15
der,15
west,15
before,14
state,14
politics,14
image,14
public,14
economic,14
about,14
americanization,14
less,14
values,14
so,14
foreign,14
what,14
art,14
peace,14
phenomenon,14
images,14
among,14
anglo,13
soviet,13
future,13
example,13
up,13
he,13
these,13
twentieth,13
policy,12
nineteenth,12
east,12
critique,12
conservative,12
well,12
social,12
concerns,12
amerika,12
time,12
discourse,12
often,12
different,12
did,12
historical,12
became,12
if,11
modern,11
those,11
david,11
critics,11
focused,11
rise,11
hollander,11
percent,11
fall,11
die,11
common,10
military,10
robert,10
left,10
observers,10
origins,10
la,10
toward,10
never,10
like,10
would,10
become,10
began,10
why,10
then,10
propaganda,10
debate,10
perception,10
does,9
j,9
words,9
italian,9
relations,9
l,9
how,9
however,9
n,9
films,9
international,9
opposition,9
may,9
kroes,9
home,9
abroad,9
two,9
party,9
paul,9
hand,9
own,9
countries,9
leaders,9
typically,9
d,9
c,9
superiority,8
e,8
berlin,8
seems,8
some,8
richard,8
lacorne,8
throughout,8
young,8
without,8
out,8
intellectuals,8
ed,8
around,8
always,8
movement,8
yet,8
ellwood,8
fact,8
including,8
can,8
education,8
any,8
rupnik,8
very,8
shown,8
national,8
remains,8
early,8
much,8
first,7
frankfurt,7
berman,7
government,7
point,7
consumer,7
http,7
y,7
main,7
vichy,7
studies,7
von,7
decades,7
admiration,7
result,7
could,7
place,7
stead,7
resistance,7
artists,7
where,7
empire,7
number,7
times,7
general,7
nolan,7
capitalism,7
today,7
ideological,7
quote,7
attitudes,7
jazz,7
course,7
instead,7
am,7
russia,7
rejection,7
fears,7
group,6
reich,6
great,6
products,6
within,6
case,6
eastern,6
right,6
cited,6
interest,6
media,6
old,6
revel,6
rather,6
interwar,6
ideals,6
democratic,6
powerful,6
assessments,6
union,6
part,6
consistently,6
music,6
munich,6
nations,6
fascists,6
diner,6
film,6
variety,6
indeed,6
us,6
regional,6
others,6
germans,6
end,6
contemporary,6
do,6
eds,6
made,6
identity,6
enduring,6
accessed,6
movies,6
august,6
usa,6
revolution,6
attitude,6
im,6
originated,6
hecht,6
itself,6
constituted,6
liberal,6
according,6
gienow,6
involvement,6
almost,6
middle,6
until,6
dutch,6
vis,6
re,6
antiamerikanismus,6
likewise,5
hate,5
diplomatic,5
designed,5
communist,5
kamalipour,5
long,5
production,5
interests,5
ii,5
nationalism,5
current,5
context,5
system,5
issue,5
andré,5
thus,5
ambivalent,5
against,5
perspective,5
back,5
third,5
influence,5
saxons,5
developed,5
special,5
antagonism,5
former,5
w,5
term,5
though,5
literature,5
markovits,5
italy,5
versus,5
greek,5
will,5
critical,5
challenge,5
role,5
hollywood,5
official,5
industrial,5
herbert,5
idea,5
complaints,5
scholars,5
across,5
john,5
paris,5
present,5
michael,5
netherlands,5
diplomacy,5
reality,5
language,5
modernization,5
pro,5
we,5
movements,5
ideology,5
order,5
perceptions,5
simply,5
quotes,5
best,5
form,5
des,5
little,5
through,5
com,5
question,5
themselves,5
elites,5
ibid,5
should,5
buchwald,4
now,4
later,4
groups,4
f,4
ways,4
nord,4
position,4
negative,4
cartoons,4
t,4
www,4
every,4
supposedly,4
might,4
central,4
principles,4
take,4
rossem,4
mind,4
zu,4
scenario,4
gibson,4
existence,4
alfred,4
money,4
jessica,4
far,4
human,4
roger,4
nazis,4
turn,4
self,4
profound,4
hamburg,4
russian,4
saxon,4
portrayed,4
stop,4
remain,4
soviets,4
à,4
europa,4
thomas,4
soul,4
pact,4
linked,4
driven,4
americanists,4
impact,4
mary,4
argued,4
beyond,4
salm,4
important,4
based,4
critic,4
attack,4
deal,4
big,4
late,4
further,4
produced,4
marie,4
representatives,4
writers,4
r,4
london,4
used,4
issues,4
personal,4
least,4
sense,4
things,4
individualism,4
le,4
depression,4
seemed,4
press,4
situation,4
business,4
community,4
movie,4
fernau,4
technology,4
under,4
koch,4
toinet,4
dan,4
increasingly,4
published,4
deutschland,4
fehrenbach,4
turkish,4
longer,4
lack,4
everything,4
charges,4
nuclear,4
forms,4
gender,4
books,4
children,4
doctrine,4
another,4
local,4
understanding,4
turkey,4
sides,4
manifestations,4
along,4
ideas,4
individual,4
period,4
increasing,4
continued,4
george,4
halfeld,4
widespread,4
groupe,4
analysis,4
wars,4
heavy,4
conclusion,4
spring,4
set,4
tendencies,4
each,4
global,4
alexander,4
post,4
recherche,4
believed,4
jean,4
them,4
terms,4
cause,4
problem,4
extent,4
américaines,4
threat,4
thereby,4
republic,4
went,4
iraq,4
eric,4
américain,4
youth,4
warsaw,4
although,4
françois,4
land,4
you,4
supported,4
stephan,4
era,4
transgressions,3
democracy,3
struggle,3
corruption,3
jews,3
tend,3
philippe,3
continent,3
h,3
completely,3
spirit,3
distaste,3
aversion,3
dose,3
contrasted,3
ithaca,3
generated,3
landtag,3
hatred,3
definition,3
confirmed,3
height,3
tradition,3
deutschen,3
atlantic,3
antipathy,3
feature,3
last,3
precisely,3
tv,3
side,3
denominators,3
trans,3
conditioned,3
originates,3
mutual,3
say,3
liberals,3
himself,3
influx,3
development,3
september,3
g,3
juxtaposition,3
satan,3
defense,3
blame,3
served,3
fate,3
journal,3
look,3
occidental,3
traditions,3
generation,3
transactions,3
opposed,3
menace,3
statements,3
amerikanismus,3
crockatt,3
crash,3
stuttgart,3
face,3
romantic,3
thornton,3
march,3
mussolini,3
metal,3
opinion,3
view,3
cancer,3
societies,3
found,3
effort,3
slavophiles,3
changed,3
events,3
ortega,3
günter,3
moderne,3
russell,3
sport,3
tension,3
explain,3
wide,3
shape,3
prewar,3
line,3
preferred,3
admired,3
poiger,3
related,3
loss,3
policies,3
trenker,3
forces,3
believes,3
won,3
trends,3
approach,3
eine,3
politically,3
contrast,3
several,3
industry,3
andrei,3
research,3
decline,3
dem,3
progress,3
dependent,3
proper,3
moved,3
rest,3
avoid,3
therefore,3
advocate,3
saw,3
expansion,3
july,3
still,3
make,3
domination,3
greed,3
hold,3
fueled,3
once,3
violence,3
represents,3
evil,3
transformations,3
liberty,3
aggravated,3
administrators,3
unlimited,3
again,3
put,3
smith,3
shows,3
leading,3
luis,3
materialist,3
abstract,3
musicians,3
teachers,3
fashion,3
man,3
serious,3
took,3
antiaméricanisme,3
model,3
analyses,3
perhaps,3
extended,3
divided,3
transformed,3
concern,3
host,3
largely,3
prodigal,3
real,3
auf,3
continue,3
students,3
rejected,3
kaspar,3
dominated,3
müller,3
summer,3
eines,3
played,3
standard,3
imagination,3
monster,3
postwar,3
greece,3
tendency,3
concluded,3
stereotypes,3
weimar,3
relationship,3
fascism,3
she,3
science,3
paxton,3
arnaud,3
grass,3
fear,3
ironically,3
institutions,3
rob,3
hast,3
force,3
get,3
arts,3
welten,3
hating,3
series,3
htm,3
bush,3
regime,3
drew,3
dunn,3
bulgaria,3
novel,3
half,3
domestic,3
particularly,3
person,3
turned,3
verkehrte,3
conservatism,3
combined,3
whether,3
dandieu,3
hitler,3
hundreds,3
son,3
zenaf,3
marked,3
despite,3
adolf,3
gasset,3
subject,3
target,3
trigger,3
huxley,3
ever,3
idealism,3
kerr,3
numerous,3
jacques,3
washington,3
review,3
donald,3
sports,3
socialism,3
demolins,3
campaign,3
materialism,3
views,3
entire,3
given,3
traditional,3
focus,3
technological,3
here,3
fordism,3
shame,3
continuously,3
major,3
final,2
go,2
huntington,2
heimat,2
o,2
done,2
unrestrained,2
dritten,2
meaning,2
milieu,2
scholar,2
market,2
rapprochement,2
firtina,2
nato,2
considerably,2
ory,2
deride,2
village,2
guerre,2
employees,2
center,2
large,2
needed,2
complex,2
systematically,2
star,2
myth,2
picked,2
cars,2
harald,2
true,2
english,2
ankara,2
cycles,2
proven,2
unite,2
du,2
rome,2
loathed,2
women,2
risse,2
experience,2
mitterand,2
else,2
ressentiments,2
wrong,2
embraced,2
refusal,2
retreat,2
england,2
asia,2
editions,2
troops,2
parties,2
capitalist,2
feminism,2
emotion,2
producing,2
closer,2
hundred,2
reveal,2
concludes,2
court,2
roosevelt,2
emphasized,2
respond,2
duality,2
opposite,2
hostility,2
mosbacher,2
nowhere,2
governmental,2
forthcoming,2
mueller,2
sought,2
felt,2
determined,2
betrachtungen,2
apocalyptic,2
taking,2
timothy,2
irrational,2
masas,2
iordanova,2
warfare,2
liberated,2
guilty,2
mid,2
exist,2
labor,2
medienkritik,2
domesticating,2
dependence,2
schoolteacher,2
dying,2
immediate,2
utopian,2
quality,2
countless,2
author,2
intact,2
moment,2
haseler,2
portray,2
condescension,2
z,2
guided,2
spreading,2
viewing,2
sanders,2
nor,2
envy,2
witnessed,2
beginning,2
communication,2
snobbery,2
rubinstein,2
businessmen,2
continuity,2
guido,2
van,2
higher,2
failed,2
keine,2
saldern,2
reagan,2
frustration,2
act,2
fascinates,2
centered,2
activists,2
joan,2
en,2
pascal,2
process,2
communism,2
mean,2
represented,2
reactions,2
waned,2
titled,2
dina,2
persistent,2
thing,2
similar,2
fetters,2
shiraev,2
schwan,2
elitist,2
consuming,2
echoed,2
moreover,2
support,2
reason,2
empires,2
brunswick,2
day,2
affect,2
calif,2
university,2
established,2
judt,2
literary,2
neutral,2
franco,2
just,2
seducing,2
bruce,2
gesine,2
paradoxes,2
too,2
upper,2
age,2
orientation,2
vietnam,2
shifted,2
hit,2
projected,2
imperialism,2
duhamel,2
standards,2
my,2
came,2
decay,2
whom,2
yankeeland,2
ennemi,2
das,2
called,2
typical,2
ocean,2
criticisms,2
schulte,2
reactionary,2
pitfalls,2
ann,2
understood,2
anderson,2
recently,2
attracts,2
besser,2
outside,2
volker,2
scene,2
influenced,2
garton,2
aspects,2
failure,2
abuse,2
having,2
participation,2
revealed,2
work,2
spiro,2
nordholt,2
psychological,2
fundamentally,2
positions,2
criticized,2
realm,2
depkat,2
survey,2
anxieties,2
winter,2
taylorism,2
et,2
poll,2
focuses,2
kuisel,2
stanford,2
teenagers,2
status,2
visions,2
weeks,2
either,2
quarterly,2
change,2
officials,2
giant,2
caused,2
kultur,2
working,2
suez,2
brave,2
antiaméricanism,2
protest,2
josé,2
quite,2
family,2
june,2
feelings,2
transfer,2
governments,2
comfort,2
presence,2
weapons,2
emmanuel,2
tended,2
impossible,2
foremost,2
visible,2
inability,2
knappen,2
roots,2
value,2
crime,2
geographical,2
jeffrey,2
appeal,2
barbara,2
south,2
institut,2
threatened,2
tournès,2
second,2
edmond,2
ramifications,2
chains,2
demand,2
hegemony,2
absence,2
various,2
scientific,2
habitus,2
britain,2
short,2
happy,2
concentrated,2
comparative,2
play,2
classic,2
forbidden,2
europäische,2
object,2
men,2
thinkers,2
intervention,2
everywhere,2
simultaneously,2
ask,2
religious,2
acquisitive,2
single,2
abhorred,2
frank,2
depicted,2
sympathies,2
joachim,2
reference,2
peukert,2
treaty,2
security,2
makes,2
marcuse,2
experienced,2
thought,2
hegemonic,2
management,2
elizabeth,2
included,2
deutsche,2
coca,2
complete,2
friendship,2
dialectical,2
um,2
friedrich,2
experiment,2
consumerism,2
hopes,2
containing,2
emotional,2
denis,2
weltkrieg,2
mich,2
bar,2
stalin,2
baby,2
sealed,2
love,2
street,2
successfully,2
kagan,2
stated,2
sometimes,2
mark,2
polemic,2
academy,2
koen,2
nach,2
rock,2
almighty,2
professions,2
superficial,2
sed,2
niebuhr,2
versailles,2
essence,2
demonstrations,2
lacks,2
educated,2
diverse,2
slavophilism,2
debates,2
impending,2
reinhold,2
audiences,2
reasons,2
embattled,2
feindbild,2
channel,2
novels,2
conclusions,2
behind,2
non,2
karl,2
hated,2
necessary,2
material,2
jeans,2
japan,2
rentschler,2
unavoidable,2
belief,2
cowboy,2
destroyed,2
obsession,2
degree,2
argues,2
discourses,2
classes,2
estrangement,2
investment,2
baden,2
mutated,2
reparations,2
bulgarian,2
strongly,2
top,2
findings,2
expression,2
food,2
fascist,2
ludovic,2
academics,2
trend,2
samuel,2
complicated,2
worry,2
authors,2
points,2
essay,2
evils,2
gassert,2
workers,2
counter,2
function,2
high,2
halleluja,2
shortly,2
latter,2
exchange,2
repeated,2
quick,2
class,2
communists,2
educational,2
favored,2
especially,2
include,2
internal,2
study,2
newspapers,2
detlev,2
sentiments,2
james,2
enemies,2
fulfilled,2
spain,2
industrialization,2
lang,2
arbor,2
nativist,2
anatomy,2
malta,2
oxford,2
liberalism,2
autumn,2
coupled,2
zubok,2
herf,2
lot,2
ridden,2
popularity,2
mckenzie,2
modernism,2
independence,2
dimensions,2
success,2
pop,2
seen,2
affinity,2
yale,2
gdr,2
polls,2
understand,2
html,2
phrase,2
dans,2
months,2
kremlin,2
joseph,2
meant,2
ash,2
beständigkeit,2
stephen,2
claims,2
constant,2
cola,2
historian,2
following,2
accordance,2
changing,2
conditions,2
hamburgers,2
continues,2
charles,2
über,2
disdain,2
quickly,2
highly,2
know,2
dimension,2
ordered,2
intellectual,2
refused,2
hoover,2
environment,2
vladimir,2
scientist,2
ceaser,2
prolific,2
key,2
seem,2
capital,2
disillusionment,2
down,2
tandem,2
wall,2
surprisingly,2
reminiscent,2
thy,2
clearly,2
enemy,2
goods,2
freienfels,2
differed,2
las,2
past,2
rural,2
living,2
maltese,2
für,2
defend,2
born,2
scholarly,2
economy,2
list,2
rebellion,2
want,2
ruin,2
dedicated,2
ersten,2
fascination,2
geisler,2
thousands,2
urban,2
freedom,2
varieties,2
occasionally,2
writes,2
paradise,2
jahrhunderts,2
african,2
giving,2
oil,2
programs,2
arguments,2
indebted,2
superpower,2
using,2
ensuing,2
waves,2
despised,2
syndrome,2
our,2
reveals,2
adelheid,2
cambridge,2
après,2
aldous,2
contributed,2
need,2
green,2
freie,2
shift,2
speak,2
underlined,2
worried,2
luconi,2
assumed,2
chicago,2
spurred,2
strong,2
ends,2
recent,2
deutsch,2
race,2
dich,2
infuriates,2
grasped,1
difficult,1
giants,1
maarten,1
sing,1
shlapentokh,1
battlefield,1
verfallenen,1
formulated,1
gerald,1
forceful,1
mostly,1
humanism,1
rate,1
appropriation,1
accidents,1
vor,1
personally,1
deny,1
m,1
surrealists,1
oriented,1
investigated,1
polish,1
olympics,1
conflicting,1
jena,1
protests,1
concerned,1
medieval,1
anthony,1
indicated,1
hannes,1
productions,1
sitkoff,1
names,1
generous,1
eternal,1
tyranny,1
shelves,1
functional,1
ready,1
truth,1
judging,1
career,1
everyone,1
deserve,1
mindset,1
elaborating,1
esprit,1
environmental,1
moralism,1
apparel,1
college,1
heights,1
ferdinand,1
arrive,1
portrayals,1
vogue,1
submission,1
alone,1
diagnose,1
deuxième,1
succinct,1
obsessed,1
introduction,1
stands,1
compensated,1
yankee,1
pushed,1
swallow,1
sympathetic,1
becoming,1
amtszeiten,1
inconsequential,1
achievements,1
doses,1
effective,1
marianne,1
nostalgia,1
essays,1
symbolize,1
advised,1
columns,1
thadden,1
catastrophe,1
cherished,1
elitism,1
constitutes,1
fitness,1
rhymed,1
criticizes,1
bias,1
bürgertums,1
easily,1
sure,1
nl,1
favor,1
guilbaut,1
pornography,1
cement,1
hip,1
outspend,1
wonderful,1
weimarian,1
decade,1
conclusive,1
socialists,1
overlook,1
trace,1
follower,1
protection,1
talking,1
necessarily,1
allies,1
unlike,1
musée,1
basalt,1
collision,1
inaugurating,1
outkill,1
holding,1
brecht,1
tells,1
explodes,1
luedtke,1
hellman,1
lavigne,1
vehemently,1
ideologie,1
service,1
zwischen,1
rcah,1
migration,1
antisemitic,1
flared,1
reichsleitung,1
annals,1
societal,1
institutes,1
entourage,1
pentagon,1
themes,1
par,1
politik,1
abusaleh,1
général,1
lower,1
being,1
singen,1
consistent,1
member,1
blocs,1
pastoral,1
während,1
stressed,1
jesse,1
lexington,1
hence,1
titles,1
employer,1
wetherell,1
repeatedly,1
solana,1
posed,1
typepad,1
derives,1
phi,1
unilateralism,1
coexist,1
convert,1
originally,1
implications,1
give,1
adopt,1
taken,1
abound,1
motivations,1
rush,1
conflict,1
opted,1
overpower,1
repr,1
alienation,1
rational,1
flowing,1
prestigious,1
serge,1
transmission,1
friendly,1
bild,1
privately,1
frontline,1
sorman,1
tient,1
book,1
attractive,1
cinemas,1
twenty,1
chirac,1
carter,1
borders,1
desire,1
poverty,1
display,1
harder,1
differences,1
wave,1
greater,1
pressed,1
disgust,1
train,1
achievement,1
flabbergasted,1
studied,1
verbal,1
moderns,1
venus,1
onto,1
subdued,1
surrealism,1
created,1
providence,1
anyway,1
kingdom,1
analyst,1
subsequent,1
basierend,1
help,1
postcommunist,1
achieved,1
embrace,1
wachsender,1
exiles,1
persistence,1
chancellor,1
date,1
influences,1
brochures,1
concepts,1
trusts,1
alike,1
reading,1
replies,1
theodore,1
motivated,1
attempted,1
designs,1
tragedy,1
consume,1
faceless,1
ad,1
triggered,1
speech,1
disdained,1
invasions,1
globe,1
takes,1
occasional,1
refute,1
ascribed,1
resulted,1
protagonists,1
ugly,1
herzinger,1
roy,1
manifesto,1
hugendubel,1
unkorrekte,1
historians,1
mysteries,1
bertolt,1
seiten,1
advice,1
peculiarities,1
belafonte,1
provence,1
jam,1
irakkrieg,1
me,1
firm,1
bewitched,1
saying,1
draw,1
ventures,1
victims,1
outlaw,1
freemasons,1
representations,1
pacifism,1
profonde,1
zur,1
shrill,1
account,1
inner,1
logical,1
cooperation,1
withdrawal,1
xv,1
condition,1
intelligentsia,1
goethe,1
characterize,1
brink,1
fritz,1
ruskin,1
april,1
sedentary,1
fraud,1
breton,1
move,1
structurally,1
cadre,1
baudelaire,1
obvious,1
hoar,1
czars,1
transcend,1
fine,1
internet,1
mounting,1
peggy,1
unalterable,1
dishwasher,1
staffing,1
quantity,1
dynamic,1
bottom,1
auswanderer,1
loudly,1
means,1
blockbuster,1
bert,1
facto,1
bundestag,1
economies,1
fröhlich,1
barons,1
armus,1
todd,1
analyse,1
généalogie,1
abode,1
hertsgaard,1
realizing,1
pillar,1
medien,1
framework,1
exposed,1
distill,1
learned,1
segregation,1
hierarchy,1
geschichte,1
preoccupied,1
mistake,1
goal,1
penalty,1
iron,1
subsume,1
conquest,1
royal,1
forschungsberichte,1
fascinated,1
affiliation,1
totalitarian,1
endanger,1
naïve,1
sweeping,1
historically,1
madrid,1
gesellschaftsbeziehungen,1
component,1
melodramatic,1
spectrum,1
counterpoint,1
inevitable,1
pursue,1
professor,1
longevity,1
utter,1
backgrounds,1
mores,1
due,1
multipliers,1
realized,1
unpublished,1
philosophical,1
sommer,1
police,1
agent,1
exiled,1
neighbors,1
finally,1
canadians,1
purvis,1
expeditions,1
regarded,1
ability,1
dialecticism,1
mixed,1
heterogeneity,1
disillusion,1
granatstein,1
compromised,1
price,1
conducted,1
jr,1
supplies,1
nurtured,1
ease,1
affluence,1
lxviii,1
antiwestler,1
sinclair,1
topic,1
emigration,1
february,1
theaters,1
overly,1
expected,1
cipher,1
pdf,1
vanished,1
gaulois,1
kind,1
digby,1
russophile,1
klassischen,1
progressive,1
unity,1
cases,1
cyprus,1
elements,1
stars,1
clark,1
curiously,1
heinz,1
rejecting,1
readerscomp,1
canal,1
informationsaktivitäten,1
concerning,1
moloch,1
amount,1
approval,1
perceived,1
jünger,1
response,1
machines,1
marlene,1
fatherland,1
allowing,1
beginn,1
nonsocialist,1
ally,1
id,1
continuous,1
misleading,1
rhythm,1
alptraum,1
hollyday,1
find,1
georges,1
warned,1
schlösser,1
cautions,1
flip,1
mirrored,1
usluata,1
consequently,1
island,1
insidious,1
würde,1
poured,1
leftists,1
sich,1
integrates,1
indigenous,1
william,1
secularism,1
educators,1
guard,1
leadership,1
businessman,1
mcdonaldization,1
marx,1
mars,1
tolerance,1
merged,1
blog,1
incarnation,1
bashing,1
acknowledge,1
competitive,1
impressions,1
rates,1
robber,1
horrified,1
walls,1
outdine,1
let,1
selectively,1
lindbergh,1
promised,1
moralize,1
costa,1
homegrown,1
lesser,1
justine,1
awkward,1
live,1
rights,1
site,1
talks,1
civilization,1
picques,1
frösi,1
deviation,1
sixteen,1
online,1
hero,1
engels,1
ngo,1
disposed,1
conspired,1
halls,1
jochen,1
vacations,1
whose,1
rootless,1
alexandre,1
reflects,1
voters,1
westport,1
etudes,1
pauper,1
indoctrinating,1
bring,1
principally,1
growth,1
performance,1
selling,1
generations,1
wehrmacht,1
incarnated,1
schisms,1
sort,1
basic,1
influential,1
landscape,1
antagonistic,1
erinnern,1
gum,1
departments,1
notion,1
abela,1
knew,1
strauss,1
parents,1
catholics,1
opportunity,1
vs,1
arm,1
floor,1
proportion,1
teacher,1
greens,1
ex,1
ponder,1
humanity,1
grew,1
idiosyncratic,1
certain,1
hessian,1
tocquevillian,1
brand,1
supersede,1
rückblicke,1
marcus,1
nos,1
rhetoric,1
stein,1
bête,1
bookstore,1
distant,1
versatzstück,1
summarized,1
feel,1
productive,1
space,1
front,1
provides,1
paper,1
underline,1
unconventional,1
theodor,1
making,1
rising,1
lives,1
solutions,1
dislike,1
warring,1
dictionaries,1
javier,1
win,1
kampf,1
sitting,1
grosse,1
televisions,1
wanted,1
metropolis,1
censored,1
greeks,1
tomorrows,1
escaped,1
recorders,1
stört,1
phénomène,1
les,1
mourning,1
improvement,1
bieber,1
familiar,1
descent,1
conflicts,1
elisabeth,1
emergence,1
teaches,1
internationale,1
korea,1
wins,1
proved,1
bunch,1
wounding,1
elsewhere,1
mechanisms,1
monde,1
idealist,1
air,1
numbers,1
shaking,1
welfare,1
articulated,1
boyer,1
berichterstattung,1
ziauddin,1
instrument,1
weak,1
frequently,1
reviewed,1
profile,1
antimodernism,1
umbrella,1
outspoken,1
retrospective,1
multicultural,1
viruses,1
inge,1
hesse,1
cunliffe,1
follow,1
storm,1
noire,1
tourism,1
defeat,1
nicht,1
boring,1
followed,1
defines,1
enamored,1
wyn,1
postdemocratic,1
mounier,1
politisch,1
progressives,1
your,1
weimarer,1
neither,1
problems,1
terminology,1
puts,1
inflicting,1
committee,1
resurgence,1
yalta,1
approached,1
helped,1
barring,1
export,1
use,1
suggested,1
slavism,1
strengthen,1
total,1
advocated,1
constitution,1
myths,1
denounce,1
organic,1
reflections,1
arms,1
waterstone,1
denigrating,1
friends,1
raw,1
character,1
avant,1
textbooks,1
profiting,1
theft,1
dynamics,1
kennedy,1
merging,1
nordafrika,1
tonio,1
path,1
censorship,1
chapel,1
sexy,1
arrival,1
allow,1
als,1
afghanistan,1
zeit,1
declined,1
appearance,1
opposing,1
rule,1
fry,1
demise,1
republik,1
appropriated,1
determines,1
arabs,1
davids,1
ambitions,1
amsterdam,1
baton,1
antipathies,1
recite,1
ambiguity,1
centers,1
anglophobia,1
bomb,1
generates,1
signify,1
outdo,1
rudolf,1
pioneer,1
realize,1
sight,1
francisco,1
kulturbund,1
continents,1
possibility,1
constantly,1
featured,1
experts,1
albany,1
representative,1
geheimnisse,1
inter,1
collectively,1
unthinkable,1
lent,1
playwrights,1
benefit,1
wonder,1
embedded,1
academic,1
fans,1
seduction,1
companion,1
lose,1
occupation,1
furthermore,1
birthday,1
traced,1
oder,1
italians,1
sentimental,1
schröder,1
czechoslovakia,1
bore,1
singing,1
freund,1
exalt,1
viewed,1
population,1
française,1
grasset,1
meet,1
promise,1
sovereignty,1
applied,1
lebendiger,1
excellent,1
alf,1
scale,1
record,1
ignorance,1
ford,1
saudi,1
popularized,1
spiritual,1
feudal,1
conferences,1
corruptive,1
fox,1
gebladerte,1
symbolizes,1
congratulated,1
profit,1
heavily,1
bustle,1
princeton,1
américaine,1
encroachment,1
crawford,1
balance,1
punks,1
resurfaces,1
expressions,1
affair,1
unmilitary,1
warriors,1
survived,1
strikingly,1
christianity,1
changeable,1
conservatives,1
claiming,1
basis,1
supplanted,1
haus,1
genre,1
maurizio,1
socialization,1
congress,1
oesterle,1
anamnesis,1
bemühungen,1
received,1
zeitung,1
already,1
imports,1
blue,1
framed,1
heimatloser,1
reader,1
concept,1
prominent,1
significantly,1
story,1
suspicion,1
criteria,1
antiamericanisme,1
supériorité,1
slavophile,1
norm,1
hypocritical,1
knowledge,1
carnival,1
calls,1
zeitschriften,1
actors,1
anew,1
supreme,1
feared,1
minority,1
gregurić,1
got,1
eurocentric,1
year,1
roll,1
overview,1
gave,1
tardieu,1
heide,1
destroyer,1
discussions,1
soulless,1
folgen,1
celebrates,1
literally,1
repayments,1
constitute,1
reportedly,1
johann,1
anticulturalists,1
structures,1
schoolchildren,1
said,1
neue,1
williams,1
thereafter,1
grünen,1
mercenary,1
emancipation,1
partiality,1
advertising,1
europäischen,1
viability,1
away,1
reflect,1
subdivide,1
complemented,1
employed,1
sensibility,1
systematic,1
entails,1
kürnberger,1
couple,1
project,1
environmentalism,1
president,1
hyperdemokratie,1
contractions,1
currents,1
holy,1
grassroots,1
markedly,1
minds,1
count,1
sprang,1
manifestation,1
humbug,1
messages,1
traders,1
reise,1
minderheitstyrannei,1
uniqueness,1
depicting,1
someone,1
responses,1
reid,1
occasion,1
sketch,1
ist,1
commonplace,1
adaptive,1
correct,1
composite,1
level,1
ago,1
hard,1
field,1
garbo,1
useful,1
loved,1
hegelian,1
php,1
ambassador,1
reflex,1
manipulates,1
straight,1
dictionary,1
outright,1
prevalence,1
next,1
catholic,1
innocent,1
schumacher,1
wing,1
clothes,1
keenly,1
discredit,1
emphasizes,1
squarely,1
exclude,1
traum,1
heart,1
formen,1
atmosphere,1
event,1
involved,1
wundervolle,1
hemisphere,1
phile,1
gaulle,1
openly,1
circuit,1
calling,1
castle,1
wildfire,1
colonels,1
iris,1
sneers,1
characteristics,1
few,1
tony,1
schadenbegrenzung,1
revealing,1
legitimize,1
evoke,1
receptions,1
brought,1
diarmid,1
compromise,1
climate,1
illusions,1
telling,1
morand,1
core,1
satirical,1
managed,1
ballooned,1
amerikabilder,1
aside,1
universities,1
threatens,1
pays,1
passivity,1
woodrow,1
games,1
jürgen,1
nancy,1
peculiar,1
notes,1
breed,1
undergoing,1
reflected,1
appropriate,1
czechoslovakian,1
civil,1
ascent,1
grateful,1
heidegger,1
kontinuität,1
wolfgang,1
dietrich,1
monarchy,1
americanist,1
mittelost,1
settle,1
intellectualized,1
enjoy,1
amérique,1
mathematization,1
bolstered,1
keys,1
ensembles,1
liberian,1
awards,1
journalism,1
transforming,1
liberation,1
integrating,1
comport,1
defended,1
longing,1
pertaining,1
deplorable,1
led,1
poland,1
san,1
zürcher,1
noteworthy,1
antisemitismus,1
reduced,1
equality,1
reexamine,1
colors,1
academia,1
hils,1
noble,1
emilio,1
burning,1
mencken,1
bred,1
allemands,1
feuersinger,1
seamlessly,1
waning,1
schmidt,1
était,1
lurking,1
overlapped,1
greta,1
repulsed,1
revival,1
brian,1
overall,1
labeled,1
bolshevik,1
limited,1
bis,1
tried,1
return,1
receptive,1
ahistorical,1
revolt,1
brief,1
commit,1
nearly,1
slav,1
entrepreneur,1
göttingen,1
fractured,1
nybooks,1
alte,1
intrusion,1
exerts,1
allen,1
dread,1
above,1
polemical,1
harry,1
moulin,1
expanded,1
pfaffenweiler,1
curtain,1
experiences,1
strife,1
standing,1
blending,1
initially,1
sigrid,1
eighty,1
travelbrochuregraphics,1
bundesrepublik,1
innovation,1
direction,1
confronted,1
positive,1
structural,1
imperialistic,1
southeast,1
fighting,1
apocalypse,1
americano,1
viciously,1
flux,1
genuine,1
oblivious,1
annoying,1
shipping,1
museum,1
hugh,1
stefano,1
splinter,1
opportunities,1
berne,1
happened,1
serve,1
soon,1
mindless,1
sex,1
array,1
borrowed,1
morgan,1
reichsminister,1
pre,1
manor,1
b,1
juggle,1
favorable,1
index,1
denounced,1
studienkomitee,1
planned,1
analytical,1
kaspi,1
allusions,1
fading,1
light,1
divine,1
delight,1
abbott,1
appear,1
lord,1
ranks,1
sharply,1
incompetent,1
benito,1
refocused,1
broad,1
inaugurate,1
reply,1
rape,1
watched,1
gay,1
hunger,1
cammell,1
functions,1
eylert,1
animus,1
toronto,1
moviegoers,1
oppressive,1
friend,1
pétain,1
transatlantic,1
unifying,1
sector,1
picture,1
company,1
fabel,1
happening,1
double,1
fill,1
chose,1
sam,1
fellow,1
fruitful,1
downside,1
resolution,1
leader,1
lewis,1
sinophobia,1
dilemma,1
comfortable,1
attacks,1
temporarily,1
athlete,1
fell,1
faath,1
death,1
uwe,1
dictatorship,1
sour,1
schoolbooks,1
tremendous,1
added,1
financial,1
tailoring,1
uriage,1
ban,1
cartoon,1
efforts,1
generational,1
benevolent,1
gigantic,1
cultivated,1
communal,1
diminishing,1
troubled,1
reinvention,1
turner,1
conduct,1
isms,1
alvin,1
xii,1
marvels,1
regions,1
striking,1
merryl,1
plan,1
predictably,1
jours,1
offensiver,1
agree,1
appeared,1
depict,1
eagle,1
reasoning,1
come,1
walked,1
really,1
gentile,1
uncle,1
atomic,1
goodwill,1
substantially,1
bound,1
crumbled,1
talvj,1
resolved,1
retracing,1
daniels,1
remark,1
habit,1
sein,1
afraid,1
psychologists,1
entertainers,1
patterns,1
kontinent,1
consciously,1
drove,1
accusations,1
learn,1
decisively,1
vaudagna,1
stunden,1
proletariat,1
subside,1
incentives,1
operating,1
advising,1
thou,1
mondiale,1
disaffection,1
touvier,1
flooded,1
developing,1
reconfiguration,1
demonized,1
armed,1
compromising,1
renaissance,1
theoretische,1
interview,1
hides,1
dance,1
capitalists,1
cinema,1
answerable,1
focusing,1
watches,1
échanges,1
invitation,1
woman,1
seminar,1
einer,1
weaken,1
reconstructing,1
padraic,1
disenchanted,1
quoi,1
style,1
monopoly,1
streets,1
confront,1
railways,1
stunning,1
explicitly,1
free,1
lippe,1
fled,1
historiographical,1
convenient,1
kritische,1
encompassed,1
original,1
demonstrated,1
reorganize,1
acknowledgment,1
singers,1
spending,1
vast,1
sardar,1
accentuations,1
wilderness,1
mccarthyism,1
lost,1
examples,1
birth,1
monroe,1
upon,1
eighteenth,1
europäers,1
opera,1
writings,1
catholicism,1
americanizing,1
fictional,1
delicate,1
mechanization,1
advent,1
onslaught,1
putin,1
merge,1
dollar,1
copies,1
brogan,1
distinctive,1
reside,1
malade,1
looking,1
louis,1
drug,1
elections,1
skeptical,1
fed,1
environmentalists,1
concise,1
operated,1
assumption,1
emphasize,1
refers,1
diskursen,1
zaharopoulos,1
assume,1
causes,1
contends,1
franca,1
vocabulary,1
pauline,1
origin,1
devour,1
resulting,1
bitter,1
exhibited,1
launching,1
variables,1
hour,1
canon,1
injustices,1
nothing,1
dimensionen,1
laboratory,1
nixon,1
sees,1
perceptive,1
sic,1
theories,1
pendant,1
rouge,1
winock,1
roberts,1
arguably,1
usurps,1
nah,1
trade,1
futile,1
open,1
meanings,1
clear,1
three,1
moral,1
volksmeinung,1
lobbyism,1
directed,1
polarized,1
welcomed,1
turbulent,1
plebian,1
express,1
illuminate,1
ottoman,1
bonn,1
gleason,1
coke,1
co,1
held,1
peinture,1
troubleshooting,1
starring,1
liberate,1
democratizing,1
started,1
philipp,1
patina,1
weissmann,1
collaboration,1
flood,1
spread,1
artistiques,1
brussels,1
plant,1
murderers,1
togetherness,1
idiocies,1
mask,1
serves,1
ernst,1
horrifying,1
lie,1
imbibed,1
comforts,1
devised,1
epoch,1
seth,1
expressing,1
martin,1
despise,1
construct,1
spent,1
genealogy,1
faith,1
readers,1
sentiment,1
enough,1
commentators,1
systems,1
russophiles,1
promote,1
eyes,1
ethnocentrism,1
methods,1
alpine,1
basalte,1
parochial,1
successors,1
dominion,1
displayed,1
französische,1
effect,1
reichsleiter,1
fiftieth,1
houndmills,1
henry,1
jericho,1
everyday,1
probably,1
advertisement,1
differ,1
aix,1
looked,1
dividing,1
attracted,1
krisenjahre,1
voiced,1
childish,1
dunham,1
kisch,1
joint,1
adorno,1
davies,1
agenda,1
electronics,1
controversial,1
yahya,1
vain,1
sole,1
sailing,1
encompassing,1
dolomites,1
hague,1
competed,1
division,1
overrun,1
visit,1
discriminating,1
setbacks,1
rift,1
ranging,1
manner,1
antikommunismus,1
consists,1
indoctrination,1
masses,1
desegregation,1
illusory,1
esteemed,1
gaullist,1
abundance,1
swinging,1
wirtschaft,1
declaration,1
perry,1
creating,1
perspectives,1
streit,1
escudier,1
wisdom,1
redefine,1
inhabitants,1
crucial,1
ecological,1
five,1
extinguish,1
deep,1
delighted,1
claimed,1
attention,1
hill,1
wandel,1
reinterpretation,1
inside,1
television,1
sway,1
disney,1
amélie,1
illegaal,1
un,1
castles,1
owens,1
lawrence,1
philosopher,1
contribution,1
wilson,1
recognize,1
rapidly,1
length,1
sixty,1
heidi,1
proletarian,1
safest,1
es,1
regionalism,1
inspired,1
extra,1
expectations,1
blood,1
cool,1
puritans,1
existed,1
timeline,1
amalgamation,1
surprising,1
respect,1
expansionism,1
wives,1
composed,1
mother,1
annihilate,1
lingua,1
welthistorische,1
sympathy,1
easterners,1
reputation,1
canada,1
articles,1
mirror,1
results,1
susan,1
imitated,1
mouse,1
stable,1
fought,1
amerikamüde,1
matters,1
rosenberg,1
vergeblicher,1
enigma,1
school,1
vigor,1
presidency,1
amerikapolitik,1
earliest,1
variable,1
overshadowed,1
curious,1
shadow,1
swindling,1
fifteen,1
liked,1
thinking,1
ostalgia,1
affluent,1
convinced,1
antiaméricain,1
comes,1
cassou,1
contre,1
conjunction,1
wartime,1
privatized,1
tremendously,1
arbeits,1
contradiction,1
demonstrate,1
ivan,1
officially,1
celtic,1
invoked,1
shallowness,1
democracies,1
stereotypically,1
inferiority,1
known,1
discrepancy,1
shop,1
accorded,1
swing,1
ralph,1
hessischen,1
trenches,1
regardless,1
gerhard,1
bernstein,1
besides,1
invade,1
vergleich,1
organizational,1
blindness,1
approachment,1
leftist,1
sold,1
news,1
dissociated,1
forty,1
gerstäcker,1
outcome,1
crowds,1
berkeley,1
europeanism,1
aron,1
favorably,1
continental,1
chewing,1
control,1
iran,1
thwart,1
clifford,1
surfaced,1
finance,1
proponents,1
worth,1
deleted,1
amerikabild,1
temporary,1
interested,1
resentment,1
believe,1
bologna,1
straightforward,1
distrustful,1
expense,1
nauseam,1
bit,1
terrorists,1
regard,1
gap,1
ratification,1
followers,1
foundation,1
coined,1
innern,1
guy,1
mcdonald,1
latin,1
crowley,1
oblivion,1
useless,1
examining,1
identities,1
bases,1
happiness,1
pictures,1
innumerable,1
disputes,1
gerber,1
works,1
sarkonak,1
seele,1
girls,1
risky,1
merely,1
better,1
places,1
hint,1
days,1
woloch,1
reproach,1
outlook,1
specter,1
knows,1
helping,1
unlikely,1
endzeit,1
senior,1
condemning,1
erwin,1
notable,1
denouncing,1
carefully,1
wholeheartedly,1
circles,1
unique,1
abhorrence,1
rose,1
preface,1
yielded,1
schabbach,1
particular,1
remaking,1
covers,1
agricultural,1
hoped,1
calculations,1
sociologist,1
protective,1
axis,1
theory,1
warn,1
pique,1
shortages,1
alice,1
kett,1
baez,1
starkly,1
rallied,1
américanisation,1
gutter,1
patriotism,1
her,1
fé,1
prestige,1
kenney,1
divide,1
boys,1
constitutional,1
gross,1
explored,1
video,1
reigned,1
unser,1
voice,1
huge,1
indifference,1
emblematic,1
agreed,1
bosnia,1
suggests,1
beacon,1
hellmann,1
empirische,1
uni,1
mickey,1
costigliola,1
categories,1
asians,1
chairmen,1
scold,1
fnac,1
fedor,1
pittaway,1
gratitude,1
burden,1
krebbers,1
uta,1
bodies,1
amerikanisierung,1
reisen,1
presented,1
srp,1
materials,1
founded,1
met,1
zionist,1
beiden,1
uniform,1
city,1
managers,1
revolutions,1
marketing,1
oeuvres,1
content,1
oppose,1
prevalent,1
belgium,1
degeneration,1
duty,1
justices,1
endlessly,1
bourgeois,1
intended,1
lies,1
administration,1
returning,1
assumptions,1
béziat,1
tchécoslovaquie,1
dismal,1
happens,1
universität,1
kids,1
antastbar,1
encounter,1
garde,1
commodities,1
ost,1
policymakers,1
lesson,1
colonial,1
paid,1
challenges,1
maintained,1
definitions,1
da,1
gavra,1
ilya,1
devoured,1
think,1
ein,1
dokumentation,1
ciphers,1
unnützes,1
candle,1
contrasts,1
protesting,1
prepared,1
ehrenburg,1
marssolek,1
named,1
false,1
françaises,1
amerikas,1
anxiously,1
globetrotter,1
formation,1
chameleon,1
abendland,1
models,1
dawes,1
distinguish,1
argument,1
north,1
lists,1
invasion,1
disseminating,1
difference,1
entscheidung,1
solely,1
conn,1
average,1
intensified,1
behaves,1
millionaire,1
rationalization,1
pells,1
web,1
strasbourg,1
aristocratic,1
sprung,1
catch,1
trauma,1
mode,1
crisis,1
sufferings,1
dangerous,1
diskurs,1
mindful,1
offer,1
joined,1
actively,1
germaniques,1
enlightenment,1
faure,1
cooper,1
define,1
crimes,1
consumption,1
magazine,1
speaking,1
crumble,1
physical,1
relics,1
propheten,1
product,1
barnes,1
writer,1
ayseli,1
dogma,1
piece,1
sample,1
seeks,1
forming,1
off,1
trumpeting,1
polled,1
michel,1
auto,1
membership,1
area,1
blunders,1
viewers,1
solzhenitsyn,1
dostoevsky,1
springsteen,1
lamphier,1
hasst,1
wealth,1
needs,1
vi,1
hypocrisy,1
specific,1
cousin,1
ddr,1
thimios,1
conscientiously,1
soros,1
industrialists,1
plethora,1
abstraite,1
sectors,1
memories,1
reached,1
norman,1
characters,1
karsten,1
gulf,1
testified,1
redesign,1
manifests,1
wende,1
jugend,1
networks,1
observed,1
politischen,1
statement,1
darling,1
privatizing,1
asked,1
doing,1
resources,1
hmco,1
showed,1
workings,1
close,1
egon,1
discern,1
heterogeneous,1
