WORDCOUNTS,WEIGHT
the,987
of,479
and,323
in,254
to,192
a,147
spanish,130
america,95
as,94
that,88
their,83
new,83
american,65
by,58
not,58
was,55
they,53
for,53
independence,48
world,48
revolution,46
with,46
spain,45
from,45
monarchy,44
were,44
political,39
had,37
s,37
its,37
de,32
french,32
an,32
on,32
rodriguez,30
is,30
british,30
it,29
americans,29
mexico,29
states,27
also,26
united,26
although,26
but,25
which,25
did,25
only,24
at,23
february,23
people,22
all,21
other,21
government,21
those,21
during,21
into,20
review,20
historical,20
indians,20
north,20
e,19
than,19
them,19
most,19
who,19
one,18
century,18
constitution,18
population,18
economic,18
more,18
france,18
kingdoms,17
king,17
because,17
or,17
social,17
jaime,17
first,16
however,16
when,16
free,16
years,16
constitutional,16
both,16
possessed,15
domingue,15
great,15
republic,15
two,15
saint,15
cortes,14
system,14
rights,14
war,14
eighteenth,14
different,14
central,13
knight,13
power,13
europe,13
been,13
control,13
haitian,13
while,13
be,13
o,12
some,12
process,12
emancipation,12
south,12
time,12
would,12
la,12
force,12
city,12
themselves,12
english,11
mexican,11
blancs,11
such,11
york,11
white,11
established,11
peninsula,11
royal,11
though,11
well,11
nations,11
indian,11
three,11
britain,11
independent,11
large,10
formed,10
former,10
greene,10
y,10
society,10
these,10
see,10
local,10
crown,10
vast,10
slaves,10
like,10
spaniards,10
became,10
colonial,10
have,10
national,10
between,10
struggle,9
guedea,9
representative,9
colonies,9
part,9
autonomy,9
he,9
islands,9
about,9
many,9
indies,9
lands,9
dominated,9
men,9
empire,9
considered,9
over,9
despite,9
nation,9
groups,8
nature,8
conflict,8
thus,8
no,8
legal,8
monarchies,8
same,8
this,8
second,8
end,8
region,8
authorities,8
form,8
accept,8
americas,8
land,8
group,7
emerged,7
within,7
sought,7
since,7
even,7
his,7
parts,7
moreover,7
provinces,7
peru,7
greater,7
color,7
provincial,7
del,7
edn,7
own,7
governments,7
majority,7
limited,7
europeans,7
elections,7
regions,7
reforms,7
inhabitants,7
army,7
countries,7
colony,7
each,7
african,7
possessions,7
authority,6
history,6
experience,6
interests,6
military,6
there,6
u,6
right,6
west,6
against,6
developed,6
result,6
based,6
international,6
hispanic,6
gained,6
example,6
minority,6
status,6
politically,6
order,6
contrast,6
equality,6
grands,6
initially,6
under,6
liberty,6
name,6
areas,6
elite,6
trade,6
after,6
state,6
european,6
movements,6
peoples,6
are,6
cities,6
agricultural,6
virginia,6
elites,6
race,6
declared,5
later,5
governed,5
indeed,5
products,5
achieved,5
fernando,5
has,5
determined,5
politics,5
junta,5
restore,5
subjects,5
third,5
whose,5
without,5
opportunity,5
earlier,5
studies,5
settled,5
proved,5
couleur,5
origins,5
erupted,5
confederation,5
societies,5
rule,5
cultural,5
enjoyed,5
officials,5
few,5
newly,5
petits,5
bourbon,5
included,5
members,5
appeared,5
larger,5
observes,5
louverture,5
charter,5
caribbean,5
period,5
gens,5
transformed,5
began,5
changes,5
fought,5
wars,5
incorporated,5
constituted,5
country,5
best,5
ahr,5
half,5
toussaint,5
isolated,5
our,5
instead,5
early,5
little,5
much,5
haiti,5
fertile,4
if,4
created,4
true,4
continent,4
modern,4
western,4
occurred,4
nineteenth,4
arms,4
might,4
kingdom,4
mexicans,4
racial,4
el,4
case,4
whites,4
resources,4
million,4
development,4
insisted,4
convene,4
general,4
opposed,4
act,4
abolished,4
granted,4
latin,4
just,4
juntas,4
too,4
upper,4
conflicts,4
servando,4
conquest,4
could,4
called,4
events,4
term,4
persons,4
structure,4
governing,4
silver,4
republicas,4
civil,4
call,4
viceroyalty,4
assembly,4
sense,4
provided,4
expanded,4
indicates,4
domination,4
movement,4
assemblies,4
neither,4
participated,4
others,4
lack,4
substantially,4
paris,4
crowns,4
mier,4
seventeenth,4
council,4
remained,4
another,4
rulers,4
made,4
active,4
including,4
privileges,4
language,4
obtained,4
internal,4
louisiana,4
councils,4
africa,4
continued,4
institutions,4
castes,4
teresa,4
mother,4
centuries,4
citizens,4
eventually,4
economically,4
capital,4
las,4
plantation,4
subordinate,4
what,4
economy,4
freedom,4
plata,4
through,4
role,4
rio,4
formation,4
crisis,4
consisted,4
ayuntamientos,4
recent,4
affected,3
resulted,3
maclachlan,3
diplomatic,3
decade,3
being,3
either,3
dramatically,3
twenty,3
subsequent,3
wealthy,3
buenos,3
worldwide,3
retain,3
jack,3
far,3
laws,3
economies,3
exist,3
haitians,3
interior,3
unwilling,3
forced,3
old,3
destroyed,3
slave,3
deputies,3
cosmic,3
compromise,3
rather,3
growth,3
coastal,3
similar,3
settler,3
wanted,3
servants,3
metropolis,3
tensions,3
river,3
wealth,3
superior,3
powerful,3
cost,3
quito,3
important,3
export,3
faced,3
systems,3
commonwealth,3
p,3
out,3
culture,3
further,3
supporters,3
understood,3
opposition,3
participation,3
degrees,3
egalitarian,3
used,3
significantly,3
island,3
constitute,3
structures,3
popular,3
forces,3
compact,3
distinguished,3
managed,3
seed,3
estates,3
objected,3
settlers,3
threatened,3
san,3
demand,3
various,3
feared,3
revolt,3
tropical,3
standing,3
treaty,3
restricted,3
populated,3
us,3
tax,3
ed,3
colored,3
largest,3
functioned,3
law,3
towns,3
lacked,3
aires,3
john,3
forging,3
external,3
granada,3
mestizo,3
less,3
number,3
degree,3
understanding,3
divided,3
atlantic,3
patricia,3
full,3
ties,3
jose,3
essay,3
characterized,3
administrative,3
become,3
we,3
relationship,3
foreign,3
armed,3
federalism,3
thirteen,3
rapidly,3
canada,3
executive,3
life,3
often,3
composed,3
stable,3
thinly,3
small,3
any,3
believed,3
series,3
supported,3
cultures,3
particularly,3
rural,3
according,3
unique,3
colonists,3
property,3
generally,3
civilian,3
hanoverian,3
met,3
introduced,3
convinced,3
goals,3
iberian,3
ultimately,3
until,3
patrias,3
cambridge,3
conditions,3
prosperity,3
increased,3
offered,3
territories,3
actions,3
recognized,3
minors,3
entire,3
strong,3
among,3
courts,2
difficult,2
transportation,2
countryside,2
generated,2
populous,2
corporate,2
administered,2
extreme,2
miguel,2
replaced,2
kinds,2
word,2
asserted,2
ways,2
h,2
completely,2
unwritten,2
supervised,2
practices,2
establish,2
fick,2
defeated,2
every,2
production,2
restoration,2
pampas,2
opted,2
advanced,2
asia,2
height,2
available,2
tradition,2
centralized,2
secondary,2
assertion,2
viceroys,2
timing,2
able,2
mississippi,2
nevertheless,2
xx,2
ancestry,2
last,2
emphasized,2
principal,2
robert,2
profitable,2
somewhat,2
dissolved,2
context,2
citizenship,2
advocates,2
courtesy,2
autonomous,2
historians,2
modify,2
agriculture,2
march,2
colombia,2
capable,2
sixteenth,2
planters,2
establishing,2
october,2
invited,2
negotiation,2
forged,2
labor,2
chapters,2
component,2
roger,2
countless,2
reino,2
neighbors,2
republica,2
phelan,2
relatively,2
relations,2
meyer,2
exercise,2
unity,2
defense,2
nor,2
times,2
bloody,2
difficulty,2
young,2
vincent,2
bolivia,2
consequently,2
communication,2
journal,2
vice,2
traditions,2
william,2
adult,2
acted,2
capitals,2
may,2
sixteen,2
knoxville,2
colin,2
shipping,2
town,2
regency,2
l,2
en,2
resident,2
levels,2
represented,2
b,2
iturbide,2
easily,2
enacted,2
govern,2
von,2
reinterpretation,2
means,2
send,2
empires,2
tenochtitlan,2
cause,2
descent,2
clearly,2
n,2
numbers,2
weak,2
argued,2
w,2
age,2
democratic,2
exploited,2
ecuador,2
follow,2
followed,2
monarch,2
exploitation,2
dominant,2
m,2
deputations,2
view,2
whereas,2
my,2
whom,2
found,2
strength,2
seven,2
lived,2
changed,2
radical,2
jeopardized,2
captured,2
struggles,2
base,2
muslim,2
equal,2
wales,2
rejected,2
kathryn,2
sovereignty,2
troops,2
archivo,2
royalist,2
directly,2
percent,2
future,2
industrial,2
los,2
qualifications,2
protected,2
prominent,2
brought,2
indigenous,2
eccles,2
englishmen,2
year,2
place,2
pyramid,2
personal,2
regional,2
overseas,2
realms,2
participate,2
enmancipation,2
good,2
published,2
wished,2
settlement,2
recognition,2
highly,2
dramatic,2
coast,2
engages,2
ott,2
parliament,2
fully,2
decisive,2
resistance,2
roots,2
appropriate,2
am,2
valuable,2
massive,2
seemed,2
subsequently,2
will,2
f,2
press,2
miscegenation,2
transform,2
minor,2
saw,2
absence,2
identified,2
action,2
located,2
expansion,2
return,2
nearly,2
domingo,2
still,2
fighting,2
biological,2
pacific,2
yet,2
interpretation,2
opportunities,2
marginal,2
financial,2
historia,2
perceived,2
home,2
liberties,2
skin,2
preeminence,2
provide,2
book,2
mark,2
toward,2
conceived,2
curator,2
addition,2
water,2
insurgents,2
longer,2
limit,2
insatiable,2
scholars,2
britons,2
proposal,2
leddy,2
away,2
considerable,2
man,2
discussed,2
serious,2
hand,2
drove,2
manner,2
existing,2
coexisted,2
venezuela,2
radicalism,2
nueva,2
peninsulars,2
siglo,2
wood,2
fundamentally,2
classes,2
excluding,2
autonomists,2
tlatelolco,2
arose,2
francia,2
identity,2
refugio,2
unfortunately,2
virtually,2
numerous,2
maria,2
congress,2
cathedral,2
franklin,2
vii,2
exports,2
insurgencies,2
consult,2
soldiers,2
ireland,2
viceroyalties,2
workers,2
held,2
individual,2
federal,2
so,2
diz,2
high,2
mines,2
distinction,2
black,2
thomas,2
latter,2
legislatures,2
excluded,2
claiming,2
seeking,2
northern,2
sugar,2
separate,2
mestizos,2
indentured,2
refused,2
shattered,2
grammar,2
transformations,2
naturally,2
harmed,2
lost,2
un,2
itself,2
reverted,2
plains,2
why,2
fall,2
kings,2
instances,2
imperialism,2
fraternity,2
gonzalez,2
articles,2
exercised,2
elected,2
simply,2
extensive,2
known,2
comunero,2
legislature,2
colonization,2
leaders,2
universal,2
rely,2
very,2
quoted,2
works,2
masters,2
following,2
terms,2
making,2
involvement,2
calif,2
varying,2
violent,2
armies,2
theory,2
imperial,2
urban,2
middle,2
bodies,2
presented,2
espafia,2
sea,2
transition,2
maintained,2
representation,2
suffrage,2
moderate,2
chile,2
commercial,2
argues,2
difference,2
philippines,2
wis,2
washington,2
wish,2
contributed,2
joined,2
approximately,2
d,2
socially,2
conquered,2
effects,2
attempted,2
madison,2
blacks,2
c,2
point,2
create,2
racially,2
comparable,2
livestock,2
fiscal,2
ca,2
occur,2
nicholas,1
final,1
juan,1
resolve,1
carved,1
entities,1
ending,1
margins,1
battlefield,1
currently,1
republicanism,1
peacefully,1
limits,1
infantes,1
way,1
conflicting,1
transients,1
estate,1
rev,1
imported,1
prize,1
grappled,1
culminated,1
everyone,1
civilians,1
struggled,1
legitimate,1
fiat,1
implies,1
dissolution,1
measures,1
alone,1
considerably,1
totally,1
introduction,1
celebrate,1
federation,1
endowments,1
anerica,1
disregard,1
linguistic,1
mouth,1
prudent,1
tuipac,1
church,1
complex,1
languished,1
charcas,1
conquering,1
systematically,1
jews,1
fate,1
mobility,1
tend,1
essays,1
designed,1
comunidades,1
authorize,1
competencia,1
miscegenated,1
coalition,1
contend,1
completas,1
navigation,1
favor,1
boulder,1
weaker,1
missionaries,1
rocafuerte,1
flag,1
position,1
progenitors,1
committee,1
equated,1
allies,1
unlike,1
motherland,1
overturning,1
before,1
remedy,1
nominally,1
nonetheless,1
eager,1
chief,1
independenice,1
navies,1
loathed,1
women,1
nomenclature,1
prosperous,1
came,1
reinos,1
else,1
stressed,1
stuart,1
sources,1
barriers,1
long,1
revolutioni,1
winning,1
parliamentary,1
creation,1
lyman,1
localities,1
disagreement,1
protests,1
exclusive,1
experimented,1
reoriented,1
originally,1
attempts,1
chaos,1
taken,1
culturally,1
vols,1
possesses,1
attempt,1
geggus,1
seceded,1
anywhere,1
worked,1
england,1
j,1
dispatched,1
incapacity,1
words,1
waxed,1
tutor,1
reach,1
continue,1
plebeians,1
desire,1
reasons,1
disenchantment,1
differences,1
arizpe,1
rich,1
napoleon,1
imperio,1
transferred,1
link,1
hundred,1
basin,1
exalted,1
intercoloniales,1
religion,1
aiternlo,1
take,1
histo,1
evolving,1
instituciones,1
idealized,1
loose,1
consist,1
mind,1
improving,1
raised,1
engulf,1
ambiguous,1
gibson,1
engendered,1
theodore,1
similarities,1
nomadic,1
triggered,1
sujetos,1
ernest,1
dessalines,1
eradicate,1
classic,1
forum,1
sophisticated,1
portugal,1
mulatto,1
conquests,1
outlet,1
money,1
capacity,1
revolutionary,1
discontent,1
discuss,1
spanlishl,1
dada,1
distortion,1
account,1
vol,1
occupying,1
felt,1
possible,1
ordinances,1
activity,1
captivity,1
shared,1
accommodation,1
restraints,1
etc,1
pronouncements,1
taxation,1
crises,1
enemy,1
austin,1
disadvantage,1
combination,1
radicals,1
r,1
except,1
x,1
ignores,1
alutonomy,1
establishment,1
owners,1
uncertain,1
dynamic,1
liberals,1
along,1
undoubtedly,1
himself,1
expeditionary,1
eroded,1
prevented,1
warfare,1
wallace,1
liberated,1
jainze,1
vassals,1
controlled,1
usage,1
tribute,1
september,1
throughout,1
collapse,1
coups,1
germany,1
relationships,1
merchants,1
madrid,1
weakened,1
reassert,1
ayuntanientos,1
intractable,1
explorers,1
abdication,1
professor,1
hierarchy,1
frenchmen,1
executives,1
offended,1
integral,1
author,1
savages,1
arable,1
popularly,1
characteristic,1
subdue,1
mixed,1
decided,1
reyes,1
caucasian,1
differed,1
uniformity,1
conducted,1
guilds,1
dozen,1
principalities,1
naval,1
assured,1
expected,1
gareis,1
learning,1
neutralized,1
estimates,1
santo,1
lin,1
legally,1
places,1
document,1
violently,1
refer,1
profound,1
body,1
response,1
castilian,1
completing,1
africans,1
inclusion,1
grammars,1
served,1
noted,1
misleading,1
weakening,1
profit,1
died,1
rebuild,1
hybrid,1
universalistic,1
pueblo,1
canyons,1
spanishamerican,1
colonials,1
border,1
stratum,1
occasion,1
metamorphosis,1
mexicanos,1
savage,1
function,1
influence,1
reconquer,1
horsman,1
neutral,1
humbolt,1
nobles,1
anglo,1
jean,1
harbinger,1
higher,1
navigable,1
failed,1
civilization,1
acculturation,1
profoundly,1
wilmington,1
philadelphia,1
fleet,1
subordination,1
genuinely,1
played,1
purely,1
principally,1
brethren,1
highlands,1
slavery,1
remain,1
sort,1
lie,1
basic,1
unit,1
frente,1
realistically,1
centralization,1
bolivar,1
politicians,1
vinculos,1
vicente,1
waned,1
flexible,1
humanity,1
certain,1
derived,1
consensual,1
direct,1
belenguer,1
jtuntas,1
special,1
stability,1
distant,1
impressed,1
productive,1
higginbotham,1
requiring,1
space,1
ordeal,1
reason,1
javier,1
enfranchised,1
theorists,1
barbarous,1
particular,1
consider,1
obras,1
signed,1
imposing,1
languages,1
india,1
slowly,1
emergence,1
consolidate,1
branch,1
producers,1
elevated,1
jaimne,1
indios,1
dominate,1
gradually,1
mary,1
glorious,1
contemporaries,1
benefited,1
themselved,1
resource,1
stymie,1
albuquerque,1
severed,1
inflated,1
defeat,1
efficient,1
isolation,1
undertaken,1
willard,1
cultured,1
points,1
justified,1
exclusif,1
problems,1
counties,1
servile,1
instance,1
destructive,1
erroneous,1
helped,1
syntheses,1
opinion,1
providing,1
myths,1
dependency,1
proposed,1
aggrieved,1
irrigation,1
redeeming,1
ranges,1
outlasted,1
arrived,1
legislative,1
suffered,1
formidable,1
acceptable,1
participants,1
location,1
municipalities,1
competitive,1
harder,1
entered,1
cuba,1
flanders,1
effort,1
centers,1
wrongly,1
pronulnciamientos,1
scotland,1
demands,1
estudios,1
facilitate,1
accommodations,1
workable,1
misdeeds,1
initial,1
markets,1
amaru,1
late,1
prestige,1
neighboring,1
fielded,1
jalisco,1
province,1
appears,1
viewed,1
equalized,1
enancipation,1
meet,1
applied,1
younger,1
grounds,1
equals,1
democratization,1
ocesos,1
rest,1
reptublicano,1
merrill,1
required,1
awarded,1
elliott,1
public,1
liberal,1
james,1
benign,1
balance,1
affair,1
expensive,1
deprive,1
undermined,1
ayuntamiento,1
representatives,1
taxes,1
none,1
having,1
stood,1
imprisoned,1
crushed,1
distinguish,1
closed,1
revealed,1
deputation,1
scope,1
pr,1
reestablished,1
claim,1
unless,1
occupants,1
london,1
denigrated,1
explains,1
competing,1
denial,1
apparent,1
italy,1
actors,1
irish,1
emnancipation,1
whole,1
literature,1
realm,1
politica,1
older,1
intermediate,1
suefio,1
policies,1
asians,1
literally,1
despotismo,1
disdainful,1
revoluition,1
actually,1
ontario,1
winter,1
stutdies,1
statesmen,1
cone,1
xviii,1
project,1
sicily,1
stanford,1
expand,1
won,1
jtmntas,1
universally,1
polity,1
traders,1
aspired,1
responses,1
solution,1
commerce,1
normally,1
correct,1
composite,1
upheavals,1
caused,1
level,1
fulfilled,1
militatyattitudes,1
haitiana,1
below,1
regardless,1
constituent,1
lowest,1
coup,1
restructured,1
shaping,1
stage,1
reliable,1
catholic,1
tenn,1
mediterranean,1
phrase,1
quite,1
revollution,1
emerging,1
hemisphere,1
cabecera,1
castle,1
several,1
initiating,1
soil,1
accomplished,1
prompted,1
temporary,1
psychological,1
acts,1
disparate,1
decline,1
protect,1
ancestors,1
portions,1
contenders,1
giuadaliupes,1
boundaries,1
villages,1
mixing,1
impossible,1
christians,1
descendants,1
up,1
inability,1
universities,1
productivity,1
emperor,1
politicas,1
using,1
autonomist,1
notes,1
diminished,1
grateful,1
displaced,1
immense,1
enjoy,1
appeal,1
survived,1
tea,1
liberation,1
portion,1
battle,1
therefore,1
republican,1
deplutationz,1
led,1
sons,1
situation,1
readjustment,1
variety,1
contact,1
alleviated,1
virrey,1
fortuitously,1
ac,1
populations,1
separation,1
constituents,1
blessed,1
dfld,1
play,1
benson,1
burkholder,1
inclusive,1
brief,1
hubert,1
exception,1
april,1
converted,1
whatever,1
formative,1
july,1
above,1
invader,1
intervention,1
experiences,1
manifest,1
collapsed,1
amerindian,1
southern,1
malice,1
va,1
religious,1
structural,1
bruchey,1
abhorred,1
draper,1
spoken,1
once,1
repression,1
communications,1
cheap,1
communities,1
edited,1
violence,1
etat,1
nettie,1
thought,1
rain,1
morgan,1
technology,1
parishes,1
misunderstandings,1
thesis,1
recruited,1
imitate,1
ancient,1
marshall,1
riots,1
issiues,1
homogeneous,1
orders,1
xenophobic,1
complete,1
collectively,1
guatemala,1
keeping,1
heirs,1
efforts,1
baltimore,1
subdivisions,1
al,1
responsive,1
belonging,1
already,1
contempt,1
preeminent,1
ratify,1
guerrero,1
congresses,1
enforce,1
increasingly,1
rise,1
exploit,1
irvine,1
sector,1
evolve,1
concentrate,1
useful,1
lee,1
endured,1
corporations,1
organizations,1
gain,1
extracted,1
heritage,1
temporarily,1
challenge,1
carolyn,1
stronger,1
sometimes,1
fell,1
again,1
spend,1
possession,1
dictatorship,1
similarly,1
inquisition,1
redress,1
experienced,1
tiny,1
groping,1
militias,1
speaks,1
cultivated,1
idea,1
unparalleled,1
consideration,1
convents,1
fundamental,1
conduct,1
ametica,1
tolerate,1
instability,1
broadly,1
haskett,1
agree,1
mountainous,1
exclusion,1
predominated,1
superiors,1
educated,1
grave,1
really,1
conspiracies,1
incorporation,1
plan,1
sturdy,1
identical,1
conciencia,1
simple,1
forms,1
never,1
patterns,1
enough,1
took,1
wild,1
present,1
viceroy,1
ground,1
begin,1
increases,1
puerto,1
model,1
where,1
federalists,1
continuing,1
orderly,1
purposes,1
alcocer,1
liking,1
ensured,1
accepted,1
mex,1
michael,1
inzdepenidenzce,1
necessary,1
practice,1
por,1
constitucionales,1
eagle,1
woman,1
native,1
metropolitan,1
impoverished,1
enable,1
threats,1
counterpart,1
compete,1
amizerica,1
polities,1
reginald,1
civilized,1
fight,1
simon,1
reorganize,1
private,1
greatest,1
clergy,1
extended,1
theirs,1
father,1
gordon,1
doomed,1
upon,1
endowment,1
desert,1
elfin,1
inefficiencies,1
confraternities,1
enhanced,1
territorially,1
elecciones,1
rehabilitation,1
previously,1
clerical,1
selfinterests,1
deserts,1
increase,1
sufficiently,1
recover,1
insurrection,1
entirely,1
significant,1
use,1
sold,1
rivers,1
domiciled,1
pauline,1
ideas,1
processes,1
proportion,1
audiencias,1
nothing,1
individuals,1
exerted,1
ceremonies,1
previous,1
california,1
i,1
netherlands,1
underwent,1
described,1
centralist,1
negotiating,1
coalescence,1
middlekauff,1
clear,1
reality,1
grew,1
restraint,1
guridi,1
peripheral,1
agreement,1
accounted,1
victory,1
gobiernzo,1
smelser,1
suprema,1
david,1
divisions,1
liberate,1
reviewers,1
flood,1
revollutions,1
alphabets,1
electorate,1
appointment,1
clavijero,1
course,1
mountain,1
counted,1
hacienda,1
kept,1
accurate,1
tex,1
zamora,1
provides,1
martin,1
permitting,1
municipal,1
favored,1
preponderance,1
especially,1
discarded,1
jurisdiction,1
coercive,1
literacy,1
edmund,1
study,1
mining,1
oligarchical,1
craft,1
successors,1
declare,1
suit,1
overcome,1
xvi,1
rupture,1
availability,1
shorelines,1
january,1
enthusiastically,1
probably,1
ethnohistory,1
figures,1
save,1
occupied,1
destruction,1
quarterly,1
governor,1
professional,1
guaranteed,1
concluded,1
dispossessed,1
widely,1
brown,1
examines,1
reluctant,1
circuncaribe,1
monarchism,1
wage,1
rico,1
seized,1
fifty,1
twelve,1
depressed,1
christian,1
devote,1
dolores,1
virreinato,1
aid,1
surpassed,1
declaration,1
today,1
richest,1
she,1
segments,1
assert,1
maier,1
crucial,1
usually,1
linda,1
convened,1
antes,1
consent,1
ideology,1
bound,1
claimed,1
fear,1
slavety,1
santiago,1
category,1
rpt,1
months,1
widespread,1
male,1
primarily,1
insist,1
strongly,1
destiny,1
jensen,1
accommodating,1
sides,1
effectively,1
volumes,1
americani,1
successor,1
sloganeering,1
jesuits,1
entrusted,1
existed,1
achieve,1
markham,1
education,1
charlottesville,1
exists,1
raising,1
face,1
princes,1
expulsion,1
grounded,1
pressures,1
seat,1
matters,1
forests,1
founders,1
claims,1
acquired,1
proof,1
environment,1
suggestions,1
broke,1
conclusion,1
exemplified,1
version,1
pueblos,1
university,1
must,1
needs,1
estldios,1
demonstrate,1
officially,1
scarcely,1
invoked,1
continues,1
characteristics,1
municipality,1
bonaparte,1
unleashed,1
delegates,1
thousand,1
framers,1
physical,1
vacant,1
hearts,1
mexictanzos,1
md,1
disputants,1
sums,1
indigenas,1
gran,1
eni,1
modeling,1
supreme,1
drafting,1
derecho,1
berkeley,1
natural,1
intellectual,1
principle,1
merriman,1
tendencies,1
books,1
stamp,1
inequities,1
noi,1
possessors,1
proponents,1
tongue,1
organized,1
nobility,1
minifundist,1
roman,1
innovations,1
believe,1
albeit,1
alexander,1
restrictive,1
breaking,1
guadalajara,1
barcelona,1
seigniorial,1
epitomized,1
regard,1
loyalty,1
allied,1
primeras,1
then,1
foundation,1
exploiting,1
contradictory,1
brazil,1
grievances,1
privileged,1
asserting,1
equilibrium,1
enforcing,1
benefit,1
jagged,1
graxi,1
proclaiming,1
past,1
essentially,1
mass,1
ramos,1
miranda,1
germanies,1
merely,1
ideally,1
evident,1
turned,1
gubernativa,1
canary,1
defend,1
regulations,1
born,1
jtntas,1
defending,1
purchase,1
sater,1
notable,1
cuernavaca,1
carefully,1
transmitted,1
combined,1
reactions,1
coffee,1
imperfections,1
whether,1
aiding,1
ones,1
greengrass,1
intervened,1
independently,1
blsca,1
imposed,1
maintain,1
proven,1
hoped,1
leaving,1
extent,1
supplemented,1
her,1
periphery,1
hernandez,1
engagements,1
thousands,1
bureaucratic,1
pursued,1
jacobins,1
pitted,1
backing,1
influenced,1
andres,1
don,1
suggests,1
mercantilist,1
hundreds,1
contain,1
size,1
translated,1
herring,1
socioeconomic,1
magnificent,1
boston,1
converged,1
transport,1
espaholes,1
thereby,1
octxxo,1
uniform,1
whiteness,1
marketing,1
content,1
courses,1
goods,1
participant,1
easy,1
monarchs,1
mexicanas,1
appointing,1
bourgeois,1
subject,1
administration,1
step,1
oligarchic,1
adapted,1
measure,1
conventional,1
impulses,1
generals,1
centralism,1
encounter,1
contribute,1
obtain,1
grossberg,1
arguments,1
merchant,1
antigua,1
discussion,1
unitary,1
rebels,1
challenges,1
aims,1
ensuing,1
writing,1
neglect,1
despised,1
grafenstein,1
capitalina,1
latifundia,1
canny,1
named,1
technological,1
question,1
antiguo,1
agustin,1
obliged,1
elicited,1
racism,1
inclusiveness,1
oligarchy,1
argument,1
unable,1
invasion,1
editor,1
injured,1
sever,1
triumphed,1
initiated,1
lira,1
abused,1
write,1
grant,1
beyond,1
explanation,1
register,1
colo,1
grown,1
include,1
immediately,1
integrated,1
duchies,1
dense,1
resembled,1
rival,1
hispaniola,1
elect,1
peninsular,1
regime,1
heartland,1
archipelago,1
ciudad,1
integration,1
regular,1
harbors,1
off,1
area,1
guasintones,1
oversaw,1
extremely,1
francisco,1
association,1
stark,1
ousting,1
campaign,1
mexicano,1
anonymous,1
pincer,1
respective,1
parlement,1
dissent,1
observation,1
charles,1
precedents,1
jefferson,1
news,1
aztecs,1
assumed,1
withdrew,1
ser,1
harassed,1
desired,1
johanna,1
ascendancy,1
johnson,1
chicago,1
deposits,1
reached,1
debate,1
views,1
imprisonment,1
valley,1
hispdnico,1
develop,1
propertied,1
traditional,1
images,1
prison,1
propertyless,1
colonel,1
observed,1
nahuatl,1
broader,1
sent,1
glorified,1
portrait,1
uprisings,1
major,1
depended,1
thorough,1
