WORDCOUNTS,WEIGHT
the,25
of,24
and,16
i,14
in,12
to,11
gerson,9
a,9
not,8
hus,7
that,6
for,6
this,5
s,5
on,5
article,5
history,5
hobbins,4
daniel,4
university,4
public,4
an,4
europe,4
was,4
central,4
jean,3
it,3
editor,3
mention,3
be,3
medieval,3
who,3
intellectual,3
one,3
ahr,3
as,3
is,3
with,3
am,3
do,3
but,2
words,2
he,2
slovak,2
prague,2
contemporaries,2
wide,2
him,2
because,2
constance,2
eastern,2
all,2
jan,2
my,2
start,2
issue,2
intellectuals,2
even,2
articles,2
read,2
end,2
many,2
we,2
council,2
should,2
or,2
stolarik,2
which,2
american,2
application,1
at,1
reading,1
communications,1
rector,1
shown,1
may,1
from,1
european,1
will,1
p,1
erratum,1
go,1
representative,1
margins,1
press,1
comparison,1
by,1
aha,1
similarities,1
recently,1
replies,1
past,1
since,1
table,1
most,1
berlin,1
voltaire,1
excellent,1
well,1
t,1
typed,1
publication,1
inordinate,1
only,1
vernacular,1
discretion,1
aware,1
either,1
completed,1
published,1
exceed,1
letters,1
if,1
explain,1
reviews,1
broadened,1
links,1
www,1
invention,1
submit,1
mark,1
has,1
html,1
wrote,1
text,1
more,1
publisher,1
also,1
while,1
statements,1
responsibility,1
exclusive,1
does,1
participated,1
states,1
high,1
m,1
heresy,1
important,1
millenniumthe,1
opinion,1
france,1
regarding,1
model,1
schoolman,1
oversight,1
colleagues,1
footnote,1
death,1
becomes,1
kept,1
some,1
commun,1
printing,1
goes,1
appendix,1
our,1
england,1
africanamerican,1
given,1
institute,1
after,1
horizons,1
they,1
made,1
fact,1
december,1
interest,1
thousand,1
especially,1
generally,1
charles,1
disclaims,1
dame,1
writers,1
suppose,1
slaves,1
why,1
http,1
could,1
further,1
guess,1
headed,1
forms,1
alas,1
ottawa,1
found,1
lay,1
very,1
agree,1
united,1
generations,1
scholarship,1
referring,1
looking,1
regard,1
courses,1
single,1
duplicate,1
reached,1
ira,1
teach,1
then,1
specialist,1
time,1
seven,1
find,1
educated,1
always,1
subject,1
yale,1
org,1
reminded,1
shared,1
hundred,1
how,1
sentenced,1
little,1
events,1
communication,1
journal,1
barbaric,1
contemporary,1
survey,1
pp,1
east,1
policies,1
considered,1
consider,1
blame,1
there,1
closest,1
soley,1
guilty,1
historycooperative,1
so,1
harvard,1
submitted,1
audiences,1
another,1
surrounding,1
dissertation,1
tract,1
february,1
late,1
notre,1
encourage,1
relates,1
includes,1
isn,1
enjoy,1
captivity,1
welcome,1
review,1
culture,1
though,1
letter,1
eagerly,1
