WORDCOUNTS,WEIGHT
the,650
of,438
and,413
in,228
to,203
a,134
slavery,131
as,102
that,95
new,71
american,64
on,63
from,58
for,57
slave,55
s,50
slaves,46
world,42
with,40
by,38
was,35
i,33
such,33
or,33
an,33
have,33
york,30
african,30
history,29
is,29
be,28
at,27
it,27
had,26
this,24
were,24
historical,24
which,23
but,23
atlantic,22
has,22
black,21
africa,21
who,20
been,19
historians,18
one,17
labor,17
review,17
more,17
can,17
system,16
british,16
trade,16
we,16
european,16
when,15
april,15
much,15
broader,15
first,14
davis,14
all,14
even,14
see,14
sugar,14
early,14
subject,14
states,14
western,13
some,13
human,13
comparative,13
also,13
would,13
united,13
brazil,13
problem,13
course,13
modern,12
america,12
century,12
david,12
could,12
economic,12
yet,12
many,12
free,12
perspectives,12
must,12
freedom,12
between,12
there,11
no,11
mary,11
my,11
south,11
these,11
two,11
bondage,11
are,11
william,11
while,11
africans,11
negro,11
race,11
way,10
medieval,10
long,10
england,10
other,10
racism,10
n,10
most,10
brion,10
europe,10
caribbean,10
like,10
not,10
spanish,10
what,10
virginia,10
became,10
now,9
portuguese,9
white,9
view,9
well,9
various,9
l,9
looking,9
quarterly,9
centuries,9
both,9
engerman,9
studies,8
might,8
drescher,8
his,8
their,8
emancipation,8
coast,8
society,8
us,8
social,8
law,8
power,8
eds,8
often,8
then,8
making,8
d,8
ser,8
c,8
abolition,7
later,7
ways,7
plantations,7
racial,7
mass,7
italian,7
plantation,7
subjects,7
after,7
study,7
age,7
colonies,7
work,7
people,7
mediterranean,7
kolchin,7
progress,7
still,7
culture,7
picture,7
french,7
books,7
especially,7
attention,7
over,7
given,7
north,7
cambridge,7
france,7
if,6
english,6
take,6
issue,6
west,6
madeira,6
parts,6
big,6
war,6
part,6
whole,6
revolution,6
highly,6
multinational,6
stanley,6
research,6
christians,6
resistance,6
am,6
he,6
expansion,6
columbus,6
only,6
time,6
john,6
europeans,6
thomas,6
patterson,6
capitalism,6
karras,6
seen,6
elkins,6
any,6
growing,6
did,6
past,6
enslavement,6
sea,6
colonial,6
think,6
our,6
years,6
dutch,6
abolitionists,5
meaning,5
market,5
berlin,5
into,5
liberty,5
great,5
survey,5
blackburn,5
economies,5
central,5
merchants,5
than,5
growth,5
importance,5
cuba,5
origins,5
exploitation,5
marchionni,5
though,5
cultural,5
population,5
its,5
during,5
approach,5
least,5
thought,5
williams,5
book,5
death,5
forms,5
renaissance,5
number,5
original,5
understanding,5
nothing,5
peter,5
workers,5
yale,5
fall,5
joseph,5
associated,5
peoples,5
brazilian,5
different,5
roman,5
form,5
millions,5
iberian,5
recent,5
introduction,4
complex,4
jews,4
before,4
give,4
j,4
seems,4
rich,4
portugal,4
vol,4
planters,4
international,4
say,4
along,4
sweet,4
against,4
relations,4
verlinden,4
back,4
robin,4
influence,4
may,4
americans,4
degler,4
familiar,4
m,4
barbados,4
markets,4
further,4
myrdal,4
january,4
literature,4
example,4
civil,4
few,4
sicily,4
braude,4
will,4
liberation,4
second,4
limited,4
southern,4
about,4
guide,4
thesis,4
light,4
jamaica,4
without,4
rise,4
seymour,4
toward,4
pointed,4
teachers,4
children,4
eric,4
serfdom,4
michael,4
creole,4
thousands,4
questions,4
national,4
captives,4
students,4
scandinavia,4
points,4
individual,4
times,4
so,4
earlier,4
men,4
problems,4
become,4
continued,4
construction,4
unfree,4
comparison,4
carl,4
phillips,4
global,4
u,4
award,4
them,4
terms,4
abolitionism,4
indians,4
writing,4
land,4
regime,4
specific,4
point,4
drew,4
should,4
miller,3
ending,3
college,3
genovese,3
center,3
essays,3
h,3
tome,3
arrived,3
negative,3
being,3
fifteenth,3
originally,3
nature,3
tradition,3
differences,3
transporting,3
created,3
robert,3
political,3
china,3
within,3
eastern,3
account,3
politics,3
sixteenth,3
october,3
richard,3
regarding,3
since,3
viewing,3
mixed,3
perspective,3
freed,3
sin,3
promised,3
how,3
b,3
benjamin,3
thornton,3
clearly,3
latin,3
w,3
italics,3
state,3
result,3
societies,3
out,3
almost,3
term,3
required,3
taught,3
method,3
ira,3
brought,3
knowledge,3
nation,3
bible,3
place,3
beginnings,3
transported,3
sao,3
status,3
following,3
regions,3
legacy,3
protest,3
quite,3
several,3
soil,3
concerns,3
ship,3
scott,3
led,3
islands,3
above,3
domination,3
frank,3
pacific,3
read,3
paradox,3
selective,3
perceived,3
assimilation,3
same,3
ed,3
broad,3
genoese,3
useful,3
longer,3
lack,3
larger,3
personal,3
debates,3
debasement,3
racist,3
do,3
where,3
empire,3
less,3
wood,3
discovery,3
upon,3
sold,3
amistad,3
significance,3
biblical,3
essay,3
james,3
overthrow,3
haven,3
increasing,3
christian,3
me,3
science,3
outsiders,3
indispensable,3
florence,3
began,3
volumes,3
life,3
involuntary,3
eugene,3
orlando,3
bales,3
colonization,3
control,3
ahr,3
far,3
works,3
masters,3
scholarly,3
art,3
conference,3
through,3
despite,3
tried,3
arguments,3
merchant,3
mention,3
shown,3
americas,3
although,3
need,3
specialists,3
effects,3
off,3
association,3
blacks,3
themselves,3
era,3
lisbon,3
strong,3
beings,3
close,3
gold,3
scandinavian,2
democracy,2
possessed,2
flow,2
negroes,2
stuart,2
pittsburgh,2
prize,2
commitment,2
slaughter,2
revolutionary,2
e,2
ultimate,2
voltaire,2
large,2
interrelationships,2
cyprus,2
word,2
sons,2
largely,2
mazo,2
servitude,2
character,2
freeman,2
noah,2
nineteenth,2
princeton,2
establish,2
certainly,2
production,2
attempts,2
words,2
definition,2
engaged,2
immense,2
groups,2
knowing,2
indeed,2
court,2
evolving,2
help,2
ancestry,2
mind,2
those,2
somewhat,2
papers,2
case,2
forum,2
bartolommeo,2
east,2
king,2
firm,2
opened,2
condition,2
entrepreneurs,2
illustrate,2
proslavery,2
magnified,2
move,2
amerigo,2
supply,2
sent,2
laws,2
himself,2
ronald,2
historically,2
they,2
development,2
bowman,2
group,2
gunnar,2
jr,2
respects,2
seeming,2
supremacy,2
held,2
sanders,2
distinct,2
immigrants,2
concerning,2
ithaca,2
served,2
compared,2
y,2
guard,2
general,2
cooperative,2
hardly,2
lesser,2
civilization,2
opposed,2
sue,2
subordination,2
essential,2
russian,2
moriscos,2
generations,2
influential,2
en,2
fascinating,2
adopted,2
goes,2
dealt,2
appears,2
christianization,2
similar,2
certain,2
generally,2
chattel,2
handlin,2
special,2
enriched,2
consequences,2
space,2
moves,2
ordeal,2
category,2
servants,2
organization,2
image,2
peasants,2
peasant,2
emergence,2
coerced,2
argued,2
prussian,2
beyond,2
peru,2
slaveholding,2
peabody,2
odd,2
uncommitted,2
suggested,2
decades,2
based,2
lead,2
aftermath,2
found,2
economics,2
events,2
carolina,2
craton,2
pure,2
outset,2
durham,2
effect,2
recently,2
levant,2
hayim,2
junkers,2
writers,2
heart,2
london,2
apparent,2
edn,2
northern,2
year,2
describe,2
issues,2
demonstrates,2
underscored,2
schwartz,2
institution,2
won,2
alan,2
own,2
relative,2
sense,2
composite,2
presented,2
thirteenth,2
contrast,2
medievale,2
owned,2
hemisphere,2
underscore,2
tannenbaum,2
eleven,2
supposedly,2
descendants,2
jordan,2
productivity,2
genoa,2
provided,2
gordon,2
fredrickson,2
nations,2
threatened,2
communist,2
cuban,2
yerushalmi,2
insiders,2
ancien,2
nearly,2
july,2
vaughan,2
make,2
shipped,2
religious,2
yosef,2
single,2
once,2
violence,2
reference,2
hugh,2
soon,2
evil,2
continuity,2
morgan,2
god,2
ancient,2
dyson,2
included,2
asia,2
islam,2
watson,2
baltimore,2
indian,2
already,2
illustrated,2
transatlantic,2
chose,2
seville,2
frederick,2
similarly,2
experienced,2
indies,2
appeared,2
reform,2
end,2
shearer,2
took,2
hand,2
revolts,2
celebrated,2
answer,2
models,2
focusing,2
perhaps,2
native,2
dunn,2
gives,2
monopoly,2
degree,2
vast,2
examples,2
made,2
range,2
eighteenth,2
including,2
holt,2
disposable,2
contradictions,2
asian,2
walzer,2
gilder,2
ethnic,2
evolution,2
examination,2
grounding,2
nevertheless,2
described,2
isaiah,2
ottoman,2
rebecca,2
period,2
spread,2
him,2
features,2
slavs,2
compromises,2
comparing,2
edmund,2
chapel,2
constructing,2
britain,2
interconnections,2
teach,2
raised,2
story,2
spain,2
morris,2
connections,2
stereotypes,2
bugner,2
farm,2
lehrman,2
arriving,2
fogel,2
islamic,2
today,2
george,2
crucial,2
hill,2
begin,2
lines,2
itself,2
recognize,2
dans,2
esclavage,2
blood,2
sailors,2
worlds,2
liberations,2
meant,2
considered,2
school,2
historian,2
version,2
simply,2
extensive,2
reinforced,2
theme,2
physical,2
locke,2
forty,2
continental,2
intellectual,2
each,2
scientist,2
specialized,2
nobility,2
domestic,2
ideological,2
particularly,2
spaniards,2
obviously,2
privileged,2
cultivation,2
build,2
haitian,2
chesapeake,2
canary,2
beginning,2
according,2
succeeded,2
explanations,2
automatically,2
kevin,2
winthrop,2
orleans,2
calif,2
add,2
nonslaves,2
woodward,2
foundations,2
up,2
threat,2
boston,2
remember,2
level,2
ownership,2
entire,2
role,2
copper,2
discussion,2
question,2
formation,2
chile,2
roots,2
commercial,2
ignored,2
conn,2
institutional,2
cooper,2
evidence,2
madison,2
reformation,2
ruth,2
needs,2
charles,2
dehumanization,2
ham,2
vespucci,2
develop,2
among,2
prison,2
famous,2
successive,2
courts,1
final,1
difficult,1
settlers,1
inikori,1
lust,1
done,1
revisionist,1
millennial,1
ladislas,1
ethiopian,1
tainted,1
conflicting,1
ambivalence,1
avoiding,1
indicated,1
treaties,1
names,1
negroid,1
demonizing,1
corporate,1
imported,1
liii,1
encouraged,1
emigres,1
extreme,1
extend,1
hogarth,1
trans,1
georgians,1
outlaws,1
brackman,1
universities,1
lavoisier,1
extends,1
differentiating,1
yankee,1
necessitates,1
caricatured,1
vermeer,1
unsuccessful,1
conversion,1
paradoxically,1
obsolete,1
replaced,1
partially,1
touched,1
drastically,1
conveys,1
agency,1
fate,1
subsaharan,1
whereof,1
identify,1
stone,1
chauvinism,1
shoveled,1
live,1
authority,1
confines,1
dort,1
prince,1
remnants,1
drinks,1
theban,1
approaches,1
italiennes,1
favor,1
omnipresent,1
greater,1
paternalistic,1
acceptance,1
armenians,1
comparisons,1
cynical,1
sluiter,1
necessarily,1
classify,1
inequality,1
evaluating,1
total,1
aversion,1
paper,1
tuscany,1
othello,1
candidly,1
descriptions,1
source,1
sequential,1
pioneers,1
du,1
permitted,1
contexts,1
women,1
experience,1
congress,1
mandeville,1
said,1
consistent,1
t,1
emancipations,1
sources,1
wrong,1
titles,1
every,1
chasm,1
preceding,1
popes,1
lyman,1
nassau,1
voices,1
scientific,1
deterministic,1
implications,1
taken,1
contrasted,1
vols,1
address,1
humans,1
boilers,1
dared,1
trinidad,1
active,1
experiments,1
editions,1
marchionnis,1
possibilities,1
reach,1
shaped,1
principles,1
summation,1
capitalist,1
route,1
skills,1
twenty,1
canaan,1
together,1
borders,1
desire,1
reasons,1
amendment,1
potentially,1
cubans,1
producing,1
narrative,1
prelude,1
achievement,1
moorish,1
studied,1
mills,1
disappearance,1
bartolemmeo,1
reunion,1
religion,1
subsequent,1
alden,1
speeches,1
maurice,1
laplace,1
toleration,1
persistence,1
slavishness,1
written,1
underside,1
alert,1
greatly,1
precisely,1
henry,1
primitive,1
seriousness,1
classified,1
subhuman,1
discipline,1
reading,1
pertains,1
committed,1
checked,1
byzantium,1
bondman,1
el,1
similarities,1
depends,1
bloodiest,1
globe,1
takes,1
suspect,1
forthcoming,1
teleological,1
bahia,1
scans,1
wast,1
pub,1
demography,1
agriculture,1
discuss,1
right,1
outlaw,1
vulnerability,1
pisa,1
roger,1
design,1
africanus,1
chapter,1
felt,1
oscar,1
marc,1
possible,1
bulgarians,1
determined,1
leo,1
sale,1
establishing,1
reaction,1
powers,1
elmina,1
internet,1
community,1
variations,1
conceptual,1
intelligent,1
advocating,1
dynamic,1
compares,1
decretum,1
correlation,1
facto,1
dishonor,1
holland,1
liberated,1
guano,1
prejudice,1
authorties,1
behavior,1
harold,1
diversity,1
ecstatic,1
expertise,1
learned,1
interconnection,1
natives,1
enslaving,1
million,1
thus,1
accessible,1
throughout,1
totalitarian,1
dependence,1
germany,1
enslave,1
captured,1
used,1
component,1
redeemed,1
severe,1
spectrum,1
apprenticeship,1
dynamics,1
inevitable,1
killed,1
professor,1
due,1
converged,1
creators,1
hierarchy,1
curse,1
assumes,1
de,1
integral,1
divine,1
interest,1
savages,1
base,1
authoritative,1
relatively,1
hawaii,1
consumer,1
afford,1
friedman,1
passionate,1
coexistence,1
dishonored,1
pay,1
february,1
expected,1
precondition,1
forced,1
pagan,1
kind,1
exercise,1
weaknesses,1
turn,1
abstractions,1
rank,1
cases,1
elements,1
nor,1
theorists,1
orig,1
innovation,1
pathbreaking,1
convincing,1
profound,1
contrary,1
modernity,1
six,1
caravans,1
young,1
wholly,1
wiser,1
dates,1
egypt,1
left,1
third,1
witnessed,1
fourth,1
truly,1
mechanical,1
networks,1
arab,1
overarching,1
cosmopolitanism,1
drawn,1
baroque,1
beat,1
look,1
vice,1
cadamosto,1
propositions,1
coasts,1
messages,1
iberians,1
shall,1
join,1
stigma,1
master,1
jerusalem,1
unfortunate,1
virtuous,1
handlins,1
italians,1
cliometric,1
virtual,1
marching,1
grasp,1
newer,1
crow,1
media,1
freedoms,1
rights,1
gaining,1
nonslave,1
rooted,1
interesting,1
alive,1
fleet,1
whose,1
martinique,1
german,1
hesitant,1
air,1
costs,1
privilege,1
etudes,1
rather,1
dilemma,1
subjected,1
links,1
bring,1
portrayed,1
across,1
developed,1
district,1
mexican,1
entrepots,1
basic,1
bruges,1
coastal,1
mean,1
broaden,1
convicted,1
christine,1
represented,1
undergraduates,1
titled,1
marranos,1
demarcating,1
flexible,1
connected,1
direct,1
catalogs,1
econocide,1
hearing,1
assuming,1
pages,1
montesquieu,1
matched,1
enabled,1
danger,1
distant,1
lay,1
awareness,1
nigri,1
risks,1
shell,1
support,1
determination,1
downward,1
escape,1
freedmen,1
albert,1
perceptions,1
monumental,1
old,1
immigrant,1
magyars,1
hobbema,1
counterparts,1
university,1
forget,1
underdeveloped,1
legalize,1
river,1
specialization,1
india,1
slowly,1
lowell,1
proved,1
section,1
director,1
just,1
slavic,1
days,1
ideologies,1
dartmouth,1
numbers,1
impact,1
gradually,1
thee,1
venetian,1
restricted,1
consigned,1
prevent,1
benefited,1
four,1
show,1
initiative,1
heading,1
gloucester,1
voluminous,1
monographic,1
oshinsky,1
freccero,1
shed,1
cotton,1
peninsula,1
bancroft,1
dramatized,1
rice,1
always,1
requires,1
bestial,1
islanders,1
oppression,1
permanent,1
answers,1
shifted,1
destructive,1
founding,1
sweeten,1
helped,1
syntheses,1
projected,1
symbolized,1
important,1
systems,1
appear,1
italie,1
balkan,1
kenya,1
feeblemindedness,1
iconography,1
conquest,1
boisterous,1
thinks,1
unproductive,1
impervious,1
opening,1
uses,1
standards,1
came,1
beveridge,1
whom,1
columbia,1
iberique,1
stroke,1
carrying,1
entered,1
duly,1
canaanites,1
search,1
called,1
triumph,1
p,1
amsterdam,1
baton,1
martyr,1
guyana,1
scenes,1
furious,1
shared,1
ocean,1
rebirth,1
pass,1
symptoms,1
rightly,1
noting,1
luxury,1
reconcile,1
struggles,1
pitfalls,1
finally,1
worldthrough,1
stepping,1
punishment,1
late,1
muslim,1
academic,1
engel,1
rebellious,1
chinese,1
understood,1
equal,1
poverty,1
profited,1
rousseau,1
folkestone,1
workings,1
indirect,1
teacher,1
produced,1
persons,1
jim,1
cannot,1
promise,1
analogous,1
applied,1
vivid,1
migrations,1
tension,1
foreshadowed,1
absolute,1
explain,1
conversos,1
claimants,1
blake,1
jewish,1
sacrifice,1
twelfthcentury,1
expressions,1
memory,1
technical,1
because,1
expensive,1
aspects,1
undermined,1
failure,1
pigs,1
retribution,1
participation,1
gibbon,1
mobilization,1
protected,1
degrees,1
newton,1
emancipated,1
hydraulic,1
received,1
pliny,1
florentines,1
augsburg,1
strict,1
carry,1
decisions,1
medievalists,1
concept,1
crude,1
hereditary,1
discusses,1
training,1
denial,1
dyestuffs,1
superficiality,1
supreme,1
cleanliness,1
indianapolis,1
misinterpreted,1
genuine,1
kindly,1
outpouring,1
island,1
older,1
defoe,1
cane,1
constitute,1
tudela,1
relevance,1
actually,1
eighteenthcentury,1
briefer,1
friend,1
winter,1
moroccan,1
et,1
forces,1
swift,1
somewhere,1
citizen,1
believes,1
systematic,1
subfield,1
project,1
stanford,1
president,1
interpreted,1
mcglynn,1
diverted,1
graduate,1
errors,1
monetary,1
subtle,1
aided,1
herodotus,1
remake,1
preceded,1
supplying,1
creating,1
dark,1
calling,1
paintings,1
mesopotamia,1
ratios,1
describing,1
squatters,1
working,1
field,1
alvise,1
regardless,1
fostered,1
things,1
seized,1
stage,1
trading,1
cries,1
exhorted,1
destiny,1
phrase,1
lords,1
repeated,1
involved,1
gratian,1
inextricably,1
family,1
small,1
airy,1
affluent,1
contingency,1
autonomy,1
decay,1
applauding,1
cervantes,1
wider,1
grow,1
catalonia,1
departmentalized,1
breaking,1
constantinople,1
florentine,1
peak,1
convey,1
startling,1
boundaries,1
villages,1
impossible,1
tens,1
core,1
dedicated,1
fully,1
annual,1
capitalized,1
st,1
quakers,1
bysantin,1
denigrated,1
paid,1
using,1
inquiries,1
notes,1
florida,1
value,1
crime,1
newly,1
alienated,1
preliminary,1
lincoln,1
geographical,1
promising,1
seemed,1
periods,1
barbara,1
f,1
critical,1
defended,1
counteract,1
therefore,1
absentee,1
furnished,1
transform,1
ical,1
curricula,1
chains,1
demand,1
stronger,1
tread,1
matter,1
variety,1
regulate,1
rome,1
localize,1
endlessly,1
animalization,1
employ,1
populations,1
maderia,1
short,1
wrote,1
gradual,1
synthesis,1
alliance,1
cannibalism,1
archetype,1
memories,1
whim,1
plans,1
deadly,1
revolt,1
classic,1
listings,1
eminent,1
forward,1
interdependence,1
innocence,1
brings,1
upward,1
whatever,1
judgment,1
antislavery,1
bankers,1
virulence,1
counterfactual,1
premises,1
rebellions,1
turks,1
seemingly,1
jesus,1
tends,1
authoritarian,1
gent,1
verde,1
biological,1
interstate,1
apocalypse,1
fueled,1
contributing,1
coherence,1
forts,1
depicted,1
communities,1
magus,1
interpretation,1
tale,1
opportunities,1
underdevelopment,1
intense,1
makes,1
added,1
marginal,1
cutter,1
residence,1
serve,1
fuggers,1
precolumbian,1
sex,1
technology,1
fifth,1
populated,1
beneficiaries,1
neither,1
luke,1
home,1
fraels,1
indebted,1
paternalism,1
transformations,1
antwerp,1
continents,1
teaching,1
purity,1
locality,1
naval,1
al,1
largest,1
exodus,1
aristotle,1
noted,1
increasingly,1
fairly,1
volume,1
party,1
awakened,1
corporations,1
tribunal,1
bushman,1
hautes,1
paul,1
talked,1
heritage,1
attacks,1
muslims,1
others,1
christ,1
conceived,1
deserves,1
schoolbooks,1
contaminating,1
projects,1
intermeshed,1
generational,1
fact,1
limit,1
treatment,1
mintz,1
cumulative,1
revenue,1
proposal,1
afraid,1
liberationists,1
southerners,1
choice,1
steered,1
conspiracies,1
break,1
classical,1
peninsule,1
prospects,1
bundle,1
venture,1
golden,1
dependencies,1
simple,1
germanic,1
bargaining,1
never,1
conclusions,1
curagao,1
oversimplified,1
monographs,1
learn,1
augustinian,1
employment,1
present,1
ehess,1
remarkable,1
imperatives,1
model,1
thou,1
ancients,1
entity,1
seventeenth,1
income,1
hals,1
dred,1
relevant,1
jobs,1
inhospitable,1
bolt,1
coincided,1
iberia,1
material,1
ahead,1
minneapolis,1
missions,1
tatars,1
rogeranstey,1
governance,1
controversy,1
ordinary,1
counterpart,1
ethiopia,1
mill,1
obsession,1
realize,1
outgrowth,1
anticipate,1
violent,1
turf,1
argues,1
government,1
sterling,1
recognizing,1
istorians,1
analyzed,1
exclaimed,1
lanfados,1
divided,1
understandable,1
session,1
success,1
considering,1
background,1
lands,1
thanks,1
reversed,1
maritime,1
limitations,1
majorca,1
defied,1
region,1
arose,1
yvonne,1
enormous,1
colonize,1
elite,1
identity,1
team,1
findings,1
empirical,1
lecture,1
appalling,1
entirely,1
use,1
prevailed,1
brutish,1
inhibitions,1
jerome,1
virtually,1
obsessed,1
harvard,1
extraordinarily,1
proportion,1
actual,1
recovery,1
canon,1
disheartened,1
crimea,1
azov,1
imagery,1
traders,1
optimistic,1
rustics,1
rouge,1
continuities,1
benin,1
aristocratic,1
versions,1
negotiating,1
ties,1
meanings,1
discovered,1
three,1
moral,1
stress,1
notaries,1
comprehensive,1
publication,1
isidore,1
modernization,1
dominated,1
faces,1
medicis,1
evils,1
interpret,1
statues,1
august,1
travels,1
outraged,1
anachronistic,1
slaveowner,1
controversies,1
pride,1
liberate,1
theamericas,1
revised,1
reformers,1
function,1
summer,1
mount,1
high,1
risen,1
farms,1
mines,1
stages,1
lie,1
solow,1
kept,1
profiteering,1
probable,1
cabot,1
greco,1
standard,1
claim,1
provides,1
intrinsic,1
presidential,1
latter,1
imagination,1
spent,1
proclaim,1
faith,1
rembrandt,1
demarcate,1
honorary,1
intrusion,1
coercive,1
internal,1
eyes,1
arise,1
hungarian,1
reads,1
relation,1
interpretations,1
stand,1
nobody,1
preeminently,1
structure,1
enemies,1
trades,1
concluding,1
artisans,1
probably,1
slightly,1
greece,1
revolted,1
hume,1
astonishing,1
dividing,1
attracted,1
cape,1
figures,1
nazi,1
tendency,1
literally,1
chain,1
ago,1
controversial,1
embodied,1
louisiana,1
creativity,1
propose,1
la,1
pharaohs,1
paranoid,1
decolonization,1
decision,1
separate,1
kaffa,1
limiting,1
indentured,1
genesis,1
dealing,1
worldview,1
crete,1
twelve,1
monstrous,1
imply,1
rebel,1
backward,1
absorbing,1
window,1
she,1
independent,1
movements,1
broadened,1
ecole,1
five,1
imbalance,1
vision,1
consent,1
naturally,1
ideology,1
testing,1
bound,1
fear,1
baptizing,1
excrement,1
rpt,1
remotely,1
seafowl,1
male,1
circassians,1
lost,1
directions,1
freedman,1
force,1
returned,1
britian,1
belied,1
massive,1
confine,1
empires,1
why,1
inspired,1
paquette,1
analysis,1
norton,1
existed,1
mortality,1
infidelsmore,1
hawkins,1
stratified,1
composed,1
supporting,1
judeochristian,1
elder,1
reconquest,1
imperialism,1
canada,1
combines,1
israelites,1
pressures,1
resemble,1
rigorous,1
immensely,1
attachment,1
earliest,1
diminished,1
matters,1
founders,1
quantitative,1
complacent,1
manumission,1
anstey,1
contained,1
necessary,1
alerting,1
curious,1
eventually,1
venice,1
naples,1
series,1
agitators,1
dignified,1
changing,1
forevermore,1
worse,1
biography,1
deep,1
stoics,1
founded,1
postrevolutionary,1
heathen,1
tenancy,1
contradiction,1
geographic,1
constituted,1
economically,1
extension,1
flexibility,1
incalculable,1
scrutiny,1
recognizable,1
satisfactory,1
temporal,1
terrestrial,1
glimpse,1
seedbed,1
flagrant,1
here,1
sustained,1
emperors,1
set,1
poorest,1
know,1
defining,1
berkeley,1
enters,1
supposed,1
sociales,1
tendencies,1
country,1
eltis,1
actuality,1
reversal,1
steven,1
worth,1
organized,1
december,1
ragatz,1
inclined,1
seriously,1
setting,1
gone,1
capital,1
leaders,1
argue,1
half,1
current,1
coolie,1
thy,1
inquiry,1
misunderstood,1
metaphorical,1
job,1
linked,1
sustaining,1
goods,1
benefit,1
separating,1
examining,1
identities,1
find,1
guinea,1
accepts,1
expel,1
quoted,1
passage,1
living,1
sermons,1
absolutely,1
better,1
person,1
beth,1
scholarship,1
fla,1
romanticized,1
outlook,1
webs,1
nonfiction,1
purchase,1
economy,1
perceiving,1
protections,1
combined,1
shipments,1
whether,1
retinue,1
stability,1
unsuspected,1
migratory,1
involvement,1
rebellion,1
da,1
abraham,1
degenerate,1
justice,1
thirty,1
agricultural,1
attitudes,1
saint,1
zanzibar,1
writes,1
theory,1
extent,1
dream,1
repetitive,1
her,1
periphery,1
brilliant,1
divide,1
constitutional,1
representations,1
produce,1
imperial,1
property,1
information,1
precedent,1
resident,1
minimal,1
psychology,1
suggests,1
hundreds,1
trenchantly,1
urban,1
des,1
middle,1
popular,1
presume,1
amazed,1
naked,1
sclavi,1
pulitzer,1
careful,1
paradise,1
recognition,1
multiple,1
ruled,1
thereby,1
conclude,1
saracens,1
city,1
preferable,1
diderot,1
revolutions,1
strangers,1
courses,1
november,1
constricted,1
easy,1
convinced,1
historwith,1
elizabethan,1
transition,1
egyptian,1
step,1
assumptions,1
pervades,1
substance,1
commodities,1
manufacturing,1
families,1
allows,1
hebrews,1
subjectsl,1
goals,1
voyage,1
parchman,1
coming,1
welsers,1
drive,1
examinations,1
ina,1
belated,1
runs,1
devoted,1
refugees,1
powerful,1
obliged,1
ulrich,1
argument,1
sailed,1
authorized,1
eunuchs,1
difference,1
antilles,1
frontiers,1
solely,1
vann,1
average,1
contract,1
wis,1
twentieth,1
numerous,1
exerted,1
strikingly,1
recovering,1
laborers,1
lord,1
accept,1
watt,1
aware,1
retrograde,1
harm,1
wish,1
slides,1
insight,1
include,1
cornwell,1
socially,1
guiding,1
unified,1
gen,1
smaller,1
baptism,1
colleagues,1
inequalities,1
tobacco,1
captain,1
extremely,1
impacted,1
increased,1
ships,1
synod,1
frankly,1
angolan,1
moved,1
profits,1
inclination,1
pioneering,1
removed,1
trader,1
lectures,1
distinctions,1
materialism,1
nativity,1
localizing,1
frans,1
tribes,1
mason,1
russia,1
elites,1
justify,1
johnson,1
vary,1
chicago,1
palatine,1
reached,1
digging,1
creoles,1
create,1
mauritius,1
uncertainty,1
gainesville,1
views,1
defines,1
maximum,1
substantial,1
puts,1
sciences,1
northwestern,1
documentary,1
surveys,1
interaction,1
librarians,1
divergent,1
images,1
comparable,1
philippines,1
gangs,1
observed,1
cross,1
premature,1
resembled,1
meeting,1
doing,1
showed,1
termed,1
conception,1
predicated,1
castoffs,1
