WORDCOUNTS,WEIGHT
the,1317
of,839
and,546
in,424
a,288
to,283
s,208
bishop,141
i,128
was,119
is,116
for,114
that,107
this,105
his,104
with,95
as,92
on,92
hall,82
were,80
their,77
he,77
it,74
from,73
e,69
at,67
but,67
culture,61
episcopal,56
by,56
not,56
medieval,53
clerical,51
an,49
salimbene,47
these,47
secular,46
also,45
church,44
new,44
see,44
are,42
halls,42
historical,42
religious,41
had,40
bishops,40
palace,40
american,38
bergamo,38
century,38
lay,38
review,36
courtly,35
one,35
di,35
religion,35
x,34
c,34
october,33
its,33
power,33
early,32
both,32
they,31
christ,31
be,31
poor,30
or,30
have,30
all,29
g,29
commune,29
l,29
t,29
miller,28
more,28
cathedral,28
been,28
them,28
authority,27
difference,27
n,26
city,26
clergy,25
between,25
within,24
no,24
him,24
over,24
figure,23
who,23
ii,22
other,22
maria,22
maureen,22
j,21
example,21
makes,21
only,21
has,21
parma,20
just,20
gender,20
different,20
twelfth,20
those,19
some,19
santa,19
y,19
del,19
communal,19
which,19
would,19
people,18
good,18
through,18
elites,18
into,17
ecclesiastical,17
chronicle,17
b,17
we,17
life,17
here,17
there,16
della,16
however,16
le,16
wall,16
scott,16
before,15
first,15
most,15
out,15
r,15
society,15
social,15
end,15
ages,15
mary,15
much,15
center,14
studies,14
history,14
great,14
differences,14
de,14
than,14
space,14
many,14
reform,14
arch,14
peter,14
la,14
character,14
middle,14
building,14
images,14
if,13
right,13
public,13
place,13
lordship,13
palaces,13
ed,13
v,13
italy,13
curia,13
did,13
such,13
frescos,13
women,12
palazzo,12
relations,12
important,12
thirteenth,12
st,12
will,12
f,12
two,12
like,12
so,12
justice,12
christian,12
set,12
virgin,12
her,12
clerics,12
sacred,11
baird,11
archivio,11
m,11
aula,11
proportions,11
et,11
decorative,11
same,11
another,11
after,11
relationship,11
very,11
formation,11
although,11
way,10
archbishop,10
room,10
political,10
submission,10
against,10
old,10
even,10
my,10
several,10
blessed,10
about,10
god,10
lord,10
nave,10
cycle,10
eds,10
eleventh,10
me,10
when,10
cambridge,10
d,10
built,10
modern,9
themes,9
seems,9
fresco,9
west,9
central,9
prelates,9
could,9
late,9
your,9
aspects,9
esp,9
il,9
grazia,9
suggest,9
pope,9
san,9
decor,9
john,9
understanding,9
churches,9
elite,9
identity,9
dell,9
institutions,9
context,9
table,9
what,9
popular,9
courtliness,8
being,8
common,8
sources,8
emphasized,8
concepts,8
times,8
across,8
how,8
moreover,8
university,8
w,8
gave,8
cronica,8
order,8
up,8
und,8
imagery,8
residence,8
love,8
took,8
italia,8
paris,8
renaissance,8
meanings,8
three,8
walls,8
chapel,8
jongleurs,8
ahr,8
particularly,8
jongleur,8
emperor,8
die,8
you,8
among,8
courts,7
trans,7
complex,7
western,7
meters,7
historians,7
definition,7
raised,7
robert,7
verona,7
east,7
still,7
rights,7
laity,7
certain,7
salvation,7
spiritual,7
painted,7
view,7
cultural,7
symbols,7
wide,7
used,7
brought,7
above,7
under,7
us,7
gregorian,7
europe,7
longer,7
feasting,7
como,7
lands,7
decorated,7
held,7
period,7
high,7
men,7
novara,7
northern,7
figures,7
centuries,7
berkeley,7
iii,7
while,7
imperial,7
too,7
traditional,7
world,7
our,7
evidence,7
because,7
north,7
does,6
h,6
actions,6
long,6
vols,6
narrative,6
side,6
italian,6
point,6
along,6
human,6
thus,6
since,6
ingersoll,6
dei,6
brother,6
z,6
praises,6
philadelphia,6
york,6
blessing,6
study,6
origins,6
jesus,6
von,6
category,6
image,6
perg,6
milan,6
came,6
based,6
scenes,6
poetry,6
left,6
judicial,6
literature,6
communes,6
next,6
june,6
second,6
architecture,6
wrote,6
indeed,6
consuls,6
movement,6
depicted,6
law,6
decoration,6
plan,6
man,6
material,6
made,6
significant,6
clear,6
david,6
worldly,6
can,6
where,6
window,6
she,6
usually,6
un,6
visual,6
often,6
arte,6
then,6
storia,6
following,6
series,6
constructed,6
der,6
know,6
cultures,6
differed,6
evident,6
calif,6
particular,6
property,6
des,6
apostle,6
role,6
giving,6
celibacy,6
off,6
storchi,6
themselves,6
era,6
countryside,5
now,5
o,5
groups,5
facade,5
large,5
jews,5
true,5
ways,5
princeton,5
rome,5
diritto,5
tradition,5
down,5
petitioner,5
take,5
last,5
date,5
priest,5
gifts,5
behind,5
primary,5
mass,5
vol,5
fragment,5
behavior,5
constitutive,5
depicts,5
ithaca,5
survives,5
saints,5
lives,5
sorts,5
latin,5
placed,5
articulated,5
powerful,5
carlo,5
gregory,5
found,5
hands,5
access,5
shared,5
further,5
nobles,5
nel,5
performed,5
scene,5
well,5
work,5
laura,5
part,5
q,5
during,5
status,5
own,5
change,5
below,5
medievale,5
family,5
dedicated,5
generally,5
south,5
noble,5
acknowledged,5
judgment,5
storico,5
positive,5
investiture,5
paul,5
frederick,5
mentions,5
toward,5
others,5
put,5
time,5
fashion,5
florence,5
local,5
art,5
inscription,5
use,5
office,5
individual,5
vita,5
relief,5
siting,5
parallel,5
enjoyed,5
probably,5
crucifixion,5
episcopi,5
dispute,5
vision,5
program,5
piazza,5
entertainment,5
theme,5
known,5
audience,5
urban,5
peace,5
lateran,5
ss,5
nell,5
papal,5
element,5
nicholas,4
embrun,4
bernard,4
done,4
later,4
meaning,4
college,4
associated,4
wine,4
residences,4
goff,4
word,4
songs,4
seem,4
position,4
geometric,4
diversity,4
du,4
diocesi,4
roman,4
thank,4
written,4
relationships,4
spoleto,4
apostles,4
key,4
benediction,4
himself,4
broletto,4
ravenna,4
eating,4
interest,4
co,4
document,4
served,4
journal,4
denarii,4
let,4
vescovado,4
communities,4
vescovi,4
altar,4
produced,4
papacy,4
receiving,4
age,4
notions,4
bruno,4
friars,4
suggested,4
decades,4
rule,4
called,4
p,4
circa,4
moore,4
reggio,4
having,4
received,4
lords,4
london,4
description,4
dal,4
discussions,4
prelate,4
forum,4
ethnicity,4
painting,4
sense,4
presented,4
catholic,4
things,4
quite,4
characteristics,4
highly,4
presence,4
research,4
always,4
cacciafronte,4
european,4
positioned,4
violence,4
counterparts,4
purity,4
floor,4
si,4
main,4
scholars,4
depict,4
adam,4
contemporary,4
never,4
hand,4
do,4
present,4
song,4
medioevo,4
normative,4
hamilton,4
pittura,4
private,4
survive,4
top,4
food,4
vii,4
emphasizing,4
soldiers,4
architectural,4
fragments,4
thomas,4
why,4
feet,4
priests,4
motif,4
note,4
rpt,4
gli,4
analysis,4
composed,4
earliest,4
claims,4
practice,4
dishes,4
continues,4
supported,4
each,4
descriptions,4
december,4
maggiore,4
bologna,4
appropriate,4
vescovile,4
cities,4
past,4
defending,4
spatial,4
whether,4
means,4
categories,4
little,4
paintings,4
pistoia,4
went,4
writing,4
fi,4
reveals,4
finally,4
cross,4
register,4
france,4
canons,4
bumke,4
charles,4
ser,4
should,4
duomo,3
per,3
fed,3
cycles,3
uses,3
savior,3
connotations,3
violante,3
lower,3
either,3
davis,3
every,3
fifteenth,3
restoration,3
military,3
culturally,3
might,3
shoulder,3
blind,3
rich,3
thanks,3
reveal,3
hunting,3
nationalism,3
greatly,3
croce,3
customs,3
cathedrals,3
recorded,3
cz,3
possible,3
leo,3
apostolic,3
holiness,3
brentano,3
controlled,3
dependence,3
author,3
quintavalle,3
ability,3
praising,3
kind,3
concerning,3
enjoying,3
subjects,3
secolo,3
marriage,3
differently,3
serving,3
poem,3
judas,3
third,3
traditions,3
riforma,3
general,3
suffering,3
acknowledge,3
may,3
higher,3
depiction,3
town,3
whose,3
without,3
rather,3
diplomata,3
en,3
process,3
knew,3
similar,3
form,3
settled,3
wanted,3
established,3
den,3
clearly,3
medievali,3
show,3
tomea,3
beyond,3
affreschi,3
oppression,3
iconography,3
vincenzo,3
friar,3
pass,3
im,3
loved,3
understood,3
cattedrale,3
suffered,3
russell,3
verse,3
masculinity,3
frontispiece,3
framed,3
concept,3
training,3
edn,3
related,3
liberality,3
knight,3
dividing,3
actually,3
mantua,3
call,3
forces,3
martindale,3
passion,3
pollution,3
renovated,3
aa,3
codice,3
useful,3
buildings,3
feasts,3
settlement,3
small,3
governments,3
certainly,3
christians,3
describes,3
using,3
bergamaschi,3
pittori,3
barbara,3
eternal,3
minor,3
practices,3
economic,3
site,3
community,3
alms,3
garden,3
expanded,3
reforming,3
oxford,3
devotion,3
singer,3
perceived,3
luke,3
acting,3
victories,3
cahiers,3
gi,3
narratives,3
luigi,3
angel,3
au,3
french,3
book,3
coming,3
pointed,3
artists,3
limit,3
head,3
music,3
come,3
honor,3
forms,3
genealogy,3
celebrated,3
michael,3
duties,3
books,3
distance,3
gives,3
discourses,3
mean,3
discussion,3
eucharist,3
completed,3
episcopatus,3
vogelweide,3
strongly,3
looking,3
enthroned,3
questions,3
orvieto,3
canon,3
nothing,3
sees,3
legal,3
gavazzoli,3
wheel,3
lady,3
christopher,3
curialiter,3
inscribed,3
padua,3
special,3
facing,3
problems,3
qualities,3
ferrara,3
relation,3
interpretations,3
henry,3
today,3
continued,3
george,3
five,3
obizzo,3
dimensions,3
ordering,3
class,3
construction,3
measured,3
considered,3
door,3
dissertation,3
meant,3
any,3
duecento,3
monasteries,3
text,3
dining,3
defining,3
leaders,3
domestic,3
distinctive,3
disputes,3
passage,3
works,3
phd,3
animal,3
sexual,3
william,3
born,3
jean,3
offering,3
making,3
monastery,3
saint,3
u,3
emphasis,3
religiosa,3
son,3
entrance,3
statutum,3
sixteenth,3
plans,3
cultivated,3
institutional,3
jacques,3
course,3
socially,3
need,3
banzola,3
involving,3
defined,3
remains,3
association,3
comparison,3
offered,3
distinctions,3
deployment,3
sits,3
given,3
souls,3
recent,3
charity,3
rivista,3
virtue,3
roles,3
race,3
frescoed,3
liturgical,3
sa,2
struggle,2
deny,2
damian,2
sort,2
valle,2
speculum,2
ghibelline,2
stood,2
praised,2
frigerio,2
croniica,2
introduction,2
distributed,2
entirely,2
group,2
needed,2
enduring,2
essays,2
folkloriques,2
formed,2
schools,2
confines,2
sinister,2
flooring,2
considerations,2
whereas,2
acceptance,2
oppressive,2
charitable,2
mittelalter,2
vassals,2
source,2
institutes,2
vicenza,2
romance,2
visually,2
humble,2
embraced,2
betrayal,2
popes,2
repertoire,2
constable,2
capitolare,2
attempt,2
suis,2
generated,2
england,2
words,2
gary,2
zeitschrift,2
available,2
route,2
ordained,2
generous,2
theologically,2
rebuilt,2
reasons,2
sang,2
studied,2
styles,2
cinzio,2
expansion,2
help,2
schiller,2
patterned,2
shepherd,2
doc,2
reading,2
focus,2
racial,2
designs,2
similarities,2
derision,2
fortune,2
narrower,2
franciscan,2
symbolizing,2
courtesy,2
matthew,2
tenth,2
placement,2
politics,2
chronicler,2
activity,2
significance,2
staircases,2
studi,2
richard,2
apocalyptic,2
apart,2
taking,2
surrounded,2
timothy,2
laws,2
bowls,2
interior,2
representing,2
enter,2
segarello,2
monastic,2
collection,2
learned,2
repeatedly,2
andrew,2
palais,2
solidi,2
representations,2
development,2
demanded,2
tables,2
backdrop,2
sozialund,2
corner,2
divine,2
characteristic,2
relatively,2
natalie,2
walter,2
heightened,2
xe,2
placid,2
ai,2
exercise,2
rank,2
defense,2
elements,2
self,2
destroyed,2
almsgiving,2
polo,2
walther,2
flawed,2
provisions,2
lineage,2
leaf,2
sword,2
explore,2
drawn,2
misogyny,2
look,2
critique,2
patrons,2
eveques,2
aass,2
bolis,2
guido,2
kept,2
seventh,2
viterbo,2
asserted,2
feast,2
extensively,2
marthanus,2
patron,2
debated,2
anteroom,2
daughters,2
palatii,2
joan,2
enciclopedia,2
christine,2
cult,2
neighborhood,2
earlier,2
minstrels,2
sarah,2
direct,2
sanctuary,2
nos,2
pauvrete,2
narnus,2
wash,2
rising,2
giuseppe,2
remensnyder,2
dean,2
vox,2
consider,2
objects,2
dated,2
jura,2
liberal,2
sum,2
days,2
lateranense,2
profile,2
ambrosio,2
xi,2
four,2
alta,2
bestial,2
pilate,2
pious,2
gesturing,2
ancient,2
distribution,2
fig,2
fragmentary,2
consecrated,2
stands,2
ei,2
greater,2
opening,2
se,2
tra,2
graciously,2
calixtus,2
holding,2
changed,2
cornell,2
light,2
pitture,2
initial,2
sleeping,2
angelini,2
ritualized,2
pure,2
equally,2
pointing,2
focused,2
spiegel,2
entertaining,2
vetus,2
earthquake,2
recently,2
reinforce,2
cannot,2
outside,2
diplomatico,2
opposition,2
sacrifice,2
chief,2
christianity,2
elliott,2
directly,2
squares,2
basis,2
relatives,2
foote,2
murale,2
updated,2
intense,2
prominent,2
significantly,2
civilisation,2
competing,2
whole,2
overview,2
contains,2
seated,2
underscored,2
strain,2
repairs,2
redacted,2
dameron,2
surrounding,2
civitatis,2
invoking,2
few,2
genealogies,2
convegno,2
attributed,2
count,2
encounters,2
subtle,2
depicting,2
published,2
siecle,2
officials,2
least,2
successful,2
field,2
revolution,2
persecuting,2
contrast,2
discourse,2
phrase,2
claim,2
involved,2
medievalists,2
began,2
sufficient,2
concerns,2
acts,2
ancestors,2
christendom,2
tended,2
da,2
universities,2
paid,2
newly,2
mss,2
wolfgang,2
am,2
discontents,2
activities,2
drinking,2
wirtschaftsgeschichte,2
abbot,2
believers,2
degli,2
spirituality,2
portion,2
battle,2
challenge,2
led,2
misogynist,2
business,2
arrangement,2
positions,2
various,2
taken,2
stairs,2
gerard,2
limited,2
return,2
classic,2
forward,2
giovanni,2
concern,2
converted,2
polemical,2
prophet,2
surviving,2
layman,2
artist,2
ragione,2
foods,2
continuation,2
secoli,2
criticism,2
yet,2
permission,2
gg,2
repressive,2
read,2
array,2
windows,2
ia,2
duby,2
ascetic,2
sulla,2
chiesa,2
complete,2
oriflamme,2
cis,2
al,2
belonging,2
illustrated,2
mention,2
increasingly,2
rise,2
subjective,2
seu,2
organizations,2
radke,2
castello,2
mark,2
death,2
recited,2
notarial,2
added,2
generously,2
smith,2
occident,2
arbitration,2
fact,2
leading,2
octrober,2
sylvester,2
striking,2
concilii,2
apse,2
antique,2
developed,2
commemorate,2
remain,2
doubt,2
away,2
patterns,2
evoke,2
signifying,2
manner,2
xiiie,2
districtus,2
receives,2
less,2
coincided,2
forth,2
attitude,2
achieved,2
cristiana,2
focusing,2
decorations,2
einer,2
belief,2
style,2
primarily,2
cleric,2
remained,2
cassinelli,2
archeologiques,2
demonstrated,2
recognizing,2
parish,2
antisemitism,2
cadalus,2
lost,2
examples,2
biblioteca,2
width,2
values,2
heard,2
sides,2
distinctly,2
depended,2
regno,2
court,2
affirmations,2
solemn,2
knights,2
unfortunately,2
bishopric,2
band,2
harvard,2
magdalene,2
places,2
full,2
previous,2
literate,2
laudense,2
optimistic,2
dating,2
described,2
open,2
adding,2
language,2
points,2
eve,2
bergamasco,2
curialitas,2
germanic,2
administrative,2
provides,2
antico,2
exchange,2
favored,2
article,2
trying,2
decorating,2
topics,2
exactly,2
displayed,2
barbarossa,2
ate,2
looked,2
fototeca,2
cologne,2
attention,2
jarnut,2
competed,2
vauchez,2
leos,2
implicitly,2
paduan,2
edizioni,2
langmuir,2
science,2
sometimes,2
crucial,2
guests,2
ideology,2
abject,2
annunciation,2
wing,2
archpriest,2
translation,2
dans,2
fostered,2
pavia,2
itself,2
game,2
face,2
occupies,2
joseph,2
victorious,2
drapery,2
wars,2
constant,2
alterity,2
redemption,2
peoples,2
demonstrate,2
demarcation,2
appears,2
record,2
dyan,2
jeremiah,2
seven,2
stadt,2
intellectual,2
control,2
illuminate,2
share,2
assumed,2
exploration,2
best,2
prominence,2
lanfranc,2
bi,2
civic,2
current,2
returns,2
proportional,2
ti,2
restauri,2
entering,2
contradictory,2
cultivation,2
identities,2
closest,2
accepts,2
living,2
february,2
better,2
person,2
beginning,2
sala,2
augustine,2
according,2
bisson,2
sanctorum,2
burns,2
terms,2
famously,2
bergomensis,2
theory,2
notes,2
inscriptions,2
gs,2
frequently,2
diptych,2
don,2
siecles,2
freedom,2
spaces,2
bodies,2
portraits,2
must,2
multiple,2
gimignano,2
sacraments,2
press,2
became,2
federico,2
november,2
convinced,2
transition,2
administration,2
annunziata,2
atti,2
zemon,2
alla,2
bari,2
families,2
archbishops,2
diocese,2
aspect,2
think,2
scroll,2
turin,2
models,2
elongated,2
fourteenth,2
sensibilities,2
copies,2
wielded,2
obliterated,2
claudia,2
crisis,2
parallels,2
define,2
rimini,2
leiden,2
area,2
roughly,2
reformation,2
news,2
pontifical,2
fol,2
mason,2
damned,2
enjoy,2
erla,2
create,2
evidently,2
hymn,2
valley,2
entire,2
abandoned,2
fellowship,2
immediately,2
strong,2
delineate,2
diocesano,2
hans,2
predicated,2
nine,1
kurt,1
nientalite,1
final,1
frequent,1
difficult,1
intimately,1
unpaid,1
secondin,1
margins,1
judge,1
handsome,1
adia,1
altomedievali,1
negotiator,1
zs,1
andenna,1
child,1
fong,1
ravishing,1
roundly,1
oriented,1
liminal,1
mitteilungen,1
cantu,1
sins,1
reno,1
irl,1
celenza,1
etude,1
stuart,1
forschungen,1
comported,1
metaphoric,1
estate,1
stylistic,1
responds,1
commemorated,1
cl,1
corruption,1
vienna,1
integrating,1
faced,1
designated,1
created,1
arches,1
degraded,1
mystical,1
truth,1
giorgio,1
xij,1
peaceful,1
investing,1
administered,1
extreme,1
giuseppina,1
adela,1
admiration,1
episodes,1
jane,1
mysteries,1
busta,1
state,1
measures,1
tangentially,1
delighted,1
variety,1
reigning,1
alone,1
postures,1
preach,1
stroll,1
llewellyn,1
mouth,1
angelo,1
village,1
gaiaa,1
likewise,1
goldhammer,1
picard,1
discover,1
operator,1
dunlap,1
jabfxigbb,1
vista,1
saved,1
denied,1
armored,1
kinds,1
chiarelli,1
agency,1
myth,1
identify,1
tend,1
designed,1
sought,1
hodie,1
neighborhoods,1
remind,1
live,1
elitism,1
rosenwein,1
centenario,1
enacted,1
philippe,1
injuries,1
illiterate,1
rounded,1
martyrdom,1
tournament,1
patriarch,1
bludgeon,1
drawings,1
zanichelli,1
fra,1
diplomaticopadovano,1
outstretched,1
benefits,1
petitioners,1
monolithic,1
douglass,1
exchanging,1
nord,1
realities,1
handmaid,1
umbria,1
personally,1
ideals,1
fontevraud,1
archiven,1
supper,1
detested,1
royal,1
doctor,1
gravdal,1
title,1
dieser,1
occurred,1
amply,1
qi,1
ambitious,1
poggibonsi,1
equations,1
volgare,1
gethsemane,1
sr,1
monasticism,1
aule,1
standards,1
impeded,1
comnune,1
contested,1
po,1
arguing,1
societa,1
nonetheless,1
prays,1
strikes,1
chastity,1
segre,1
properties,1
appraisal,1
turning,1
efficacy,1
intentions,1
signioria,1
establish,1
negative,1
myriad,1
octfober,1
ud,1
factional,1
predominantly,1
snatch,1
aw,1
resurrexit,1
expanding,1
cast,1
synonymous,1
pastoral,1
differenceand,1
else,1
mistranslates,1
natures,1
destabilizing,1
clutches,1
nominate,1
mauro,1
chronologie,1
comunale,1
invention,1
ui,1
caroline,1
abate,1
illius,1
ebrei,1
pennies,1
identifying,1
estaillo,1
systematize,1
voices,1
interests,1
exclusive,1
wax,1
interested,1
seculares,1
jja,1
originally,1
give,1
attempts,1
italieni,1
ritrovati,1
hail,1
musical,1
location,1
dominate,1
sub,1
salimbeniana,1
anywhere,1
asserts,1
worked,1
beautiful,1
pittorico,1
emerged,1
tolerated,1
funerals,1
patronized,1
advanced,1
aldo,1
nature,1
historiography,1
potere,1
containing,1
toppling,1
affirmed,1
resemblance,1
possibilities,1
tutor,1
charlemagne,1
clothed,1
twenty,1
zi,1
broadly,1
credits,1
bibliotheken,1
cortesi,1
nuovo,1
bsi,1
partridge,1
poverty,1
display,1
iustitie,1
wn,1
responsorial,1
italienischen,1
cues,1
aliis,1
huddled,1
producing,1
assembled,1
follows,1
blumenthal,1
trient,1
government,1
vanishing,1
xiii,1
service,1
ln,1
scheme,1
cohabitate,1
professor,1
tribute,1
heinrich,1
heiko,1
preaching,1
scoperte,1
migne,1
alignment,1
wealthy,1
maurice,1
clericale,1
lazisio,1
foolish,1
melody,1
lees,1
separated,1
vices,1
mind,1
nellarte,1
reserved,1
pratique,1
california,1
detailed,1
veronesi,1
discipline,1
ambiguous,1
fallibility,1
hostility,1
pepo,1
elucidating,1
founder,1
syneisaktism,1
confirmed,1
paetow,1
complexities,1
weighing,1
ad,1
episcopali,1
system,1
hic,1
akin,1
issue,1
con,1
inclusive,1
rewriting,1
kunstgeschichte,1
cue,1
brief,1
existence,1
documento,1
racc,1
ancilli,1
dr,1
abutting,1
kunsthistorischen,1
transact,1
roy,1
gj,1
king,1
formulation,1
jurisdictional,1
draws,1
beni,1
iv,1
centitiy,1
campbell,1
america,1
ceccarelli,1
rests,1
immediate,1
efficacious,1
passus,1
bischofs,1
pisa,1
design,1
jack,1
chapter,1
architetti,1
account,1
eji,1
capable,1
guinefort,1
pietrangeli,1
enforcement,1
illustrate,1
ideal,1
arcivescovile,1
palastaulen,1
reply,1
player,1
ladner,1
sale,1
magnates,1
contemporaneous,1
establishing,1
istitlizioni,1
etc,1
powers,1
lodging,1
functions,1
oppressed,1
passau,1
bibliography,1
dinner,1
crowned,1
eejm,1
consumed,1
indigent,1
whatever,1
sviluppo,1
homicide,1
remission,1
rosa,1
artful,1
far,1
podesta,1
episcopii,1
magistrate,1
grandiose,1
indicating,1
conception,1
household,1
florenz,1
dynamic,1
bottom,1
domenico,1
blois,1
naticherio,1
basilica,1
increase,1
suo,1
mythical,1
message,1
ritual,1
ioc,1
hungry,1
marginalized,1
mansionis,1
withhold,1
palermo,1
sienese,1
engage,1
suprascripti,1
fellow,1
janet,1
denoting,1
reward,1
technically,1
harmony,1
separating,1
shut,1
warbiurg,1
gabrielle,1
autre,1
bodytalk,1
funded,1
usage,1
li,1
endeavor,1
vicinie,1
natus,1
conflict,1
wines,1
goal,1
icons,1
jg,1
theodoric,1
ancora,1
throughout,1
oberman,1
selves,1
maximian,1
houses,1
responded,1
surely,1
benefactions,1
curve,1
offended,1
reused,1
historically,1
asking,1
aprile,1
ospizi,1
mine,1
accompany,1
perpendicular,1
citta,1
aosta,1
visualized,1
arrested,1
flying,1
due,1
intensifying,1
pursuit,1
iiii,1
september,1
pozzo,1
aus,1
eduard,1
fiefs,1
attentive,1
civilizing,1
regarded,1
reproduced,1
mentalite,1
ujlatori,1
brotherly,1
domain,1
moment,1
experts,1
acta,1
doggerel,1
te,1
considerazioni,1
jeremy,1
patlagean,1
conducted,1
conrad,1
harmonic,1
detaining,1
denote,1
regnavi,1
insisted,1
lincei,1
employing,1
rooted,1
paused,1
dealings,1
counter,1
allegiances,1
replaced,1
ag,1
publishes,1
learning,1
benandanti,1
joumnal,1
processo,1
involvement,1
turn,1
apostolico,1
patristic,1
prophecy,1
nelson,1
iy,1
inserted,1
distinct,1
nor,1
constitutions,1
deeds,1
cultic,1
melodies,1
rejecting,1
glory,1
bay,1
perspective,1
axst,1
burgeoning,1
vom,1
martii,1
piemonte,1
uniformly,1
back,1
honorius,1
encompass,1
highest,1
salvatore,1
response,1
baldacchino,1
mina,1
offerings,1
reuter,1
extraordinary,1
jurisdictions,1
allowing,1
clare,1
guardian,1
kinship,1
cohen,1
hymns,1
engen,1
prayer,1
truly,1
concretize,1
weakening,1
destroys,1
schulz,1
compare,1
arbrissel,1
georges,1
millwood,1
arab,1
weight,1
sax,1
accompaniment,1
gospel,1
tenants,1
listes,1
brescia,1
instruments,1
section,1
bianchi,1
interactions,1
yi,1
border,1
citizen,1
lengthy,1
deeply,1
graced,1
simplistic,1
messages,1
infidels,1
rodulphi,1
urgent,1
pronounced,1
diagonally,1
acted,1
nuanced,1
cicinelli,1
bellahonor,1
criminal,1
claude,1
censlrn,1
rosalind,1
bannered,1
patroness,1
geometry,1
jurist,1
donne,1
incendi,1
wiesbaden,1
van,1
economique,1
lesser,1
simony,1
levrier,1
wounds,1
offices,1
steal,1
conquerors,1
seizes,1
repeats,1
reflects,1
raffaello,1
fomnation,1
manager,1
leaping,1
cartella,1
identification,1
heroes,1
act,1
ostentatiously,1
uncontested,1
statements,1
observers,1
bring,1
papstlichen,1
ecclesiam,1
portrayed,1
venarde,1
aimed,1
encompassed,1
schmidinger,1
absent,1
nr,1
centered,1
quellen,1
manibus,1
episcopales,1
bb,1
arena,1
separately,1
segni,1
aggressive,1
cosmo,1
agonizing,1
ubertello,1
landscape,1
ravennate,1
elongation,1
censer,1
levels,1
bawdy,1
preparing,1
mundi,1
matilde,1
presentation,1
bs,1
constance,1
borgo,1
lasting,1
johannes,1
conceptions,1
mantuan,1
js,1
transfer,1
goes,1
taller,1
arm,1
singing,1
households,1
pointedly,1
stops,1
cesare,1
connected,1
obertus,1
ns,1
kiss,1
biagioli,1
humanity,1
grew,1
gesture,1
dwarfed,1
ongoing,1
hearing,1
ix,1
partially,1
assuming,1
generating,1
witness,1
revelation,1
maltraversa,1
ambienti,1
influence,1
crusade,1
echoed,1
tolls,1
mourning,1
fruihmittelalterliche,1
diptychen,1
awareness,1
xxx,1
marginal,1
namely,1
urbe,1
jxe,1
xxax,1
divided,1
howe,1
kneeling,1
pleasures,1
colmuto,1
support,1
harmed,1
reason,1
soul,1
ij,1
problemi,1
secolare,1
maintaining,1
romantic,1
halves,1
day,1
ensure,1
servants,1
xxiiij,1
chazan,1
delectantur,1
costanza,1
eje,1
buying,1
loren,1
courtyard,1
sick,1
washed,1
medivale,1
melodious,1
scale,1
bloch,1
physically,1
retained,1
intensive,1
curiously,1
pertinent,1
quick,1
branch,1
comune,1
photographs,1
sent,1
trecento,1
embezzler,1
stabilizing,1
numbers,1
gazing,1
bruce,1
glorious,1
contemporaries,1
venetian,1
dialects,1
argued,1
ceded,1
moyen,1
quarters,1
observations,1
leases,1
accumulating,1
heger,1
valuable,1
processions,1
attitudes,1
conqueror,1
sacristy,1
europiische,1
acknowledges,1
ennodius,1
romanesque,1
recovered,1
juergen,1
piety,1
wonder,1
follow,1
wondering,1
calvinist,1
olivier,1
traitors,1
antichitaz,1
linkage,1
shorthand,1
idealized,1
undertaken,1
droit,1
plates,1
represent,1
cattolica,1
willfully,1
intentional,1
squanderer,1
hereafter,1
imprisonment,1
gurevich,1
answers,1
exchanges,1
firmly,1
landlord,1
chiericale,1
semiotically,1
founding,1
care,1
accorded,1
architect,1
martyred,1
textured,1
dynastic,1
italie,1
numerical,1
lombarda,1
vine,1
ha,1
montecuccoli,1
thrust,1
newer,1
artistic,1
holdings,1
metrology,1
opponents,1
tiv,1
walthers,1
sive,1
lateinisches,1
result,1
homosociality,1
vffl,1
impede,1
remembered,1
acceptable,1
choir,1
whom,1
courtauld,1
unrepentant,1
responsibility,1
krueger,1
path,1
walk,1
xiisx,1
exhibition,1
included,1
tithe,1
agenda,1
gardelles,1
farthest,1
treichler,1
transpiring,1
emblazoned,1
holds,1
rl,1
resonate,1
entered,1
protector,1
begun,1
typical,1
herlihy,1
six,1
inappropriate,1
treatments,1
schema,1
sbs,1
behavioral,1
leyser,1
centers,1
struppa,1
lived,1
merovingienne,1
demands,1
tells,1
janos,1
contribute,1
events,1
mining,1
pino,1
centrally,1
arched,1
bout,1
depictions,1
starn,1
successors,1
michel,1
montaillou,1
chess,1
journey,1
configuration,1
valor,1
eat,1
rides,1
territorio,1
vigorous,1
preacher,1
equivalents,1
believer,1
representative,1
ik,1
markets,1
lent,1
cuidam,1
krautheimer,1
civica,1
michele,1
randolph,1
archeologica,1
heirs,1
supporters,1
libraries,1
transactions,1
equal,1
shifting,1
posited,1
healthy,1
profited,1
mainly,1
calzana,1
witnessed,1
enthusiast,1
skilled,1
stressing,1
writhe,1
separateness,1
anfange,1
viewed,1
gladly,1
sul,1
persons,1
maestro,1
berardo,1
binghamton,1
quattrocento,1
excellent,1
montal,1
footstools,1
grounds,1
fish,1
equals,1
fliche,1
eye,1
presided,1
keddie,1
ford,1
occidentale,1
explored,1
fantino,1
anselm,1
explain,1
approached,1
instrumental,1
required,1
diaphragm,1
abundanter,1
cracco,1
taught,1
protectors,1
hierarchies,1
trinkaus,1
jewish,1
triumph,1
syrus,1
periano,1
guyotjeannin,1
delle,1
possibility,1
marie,1
impression,1
topografico,1
criteria,1
briefly,1
silver,1
gillian,1
visualizing,1
nanibus,1
kathryn,1
shape,1
paschal,1
xix,1
taxes,1
scabella,1
fecit,1
legislate,1
scripture,1
none,1
offensive,1
anna,1
murals,1
betrayed,1
julia,1
contemplative,1
line,1
rare,1
closed,1
unworthy,1
clarke,1
mariarosa,1
formerly,1
planning,1
benevolence,1
overly,1
sanction,1
bergonaschi,1
presiding,1
tops,1
writers,1
cardinals,1
decisions,1
repetition,1
reader,1
canticle,1
slightly,1
gb,1
stake,1
hlawitschka,1
occluded,1
museo,1
drew,1
purpose,1
virtues,1
weitzmann,1
denial,1
norm,1
nella,1
ariosto,1
knowledge,1
apparent,1
calls,1
pulls,1
correctly,1
orphans,1
domi,1
stores,1
contain,1
criticized,1
got,1
year,1
waited,1
ji,1
accord,1
describe,1
destroyer,1
passauer,1
older,1
refined,1
northwest,1
borg,1
donations,1
viol,1
lauzengiers,1
iz,1
issues,1
collective,1
constitute,1
princely,1
crosier,1
keep,1
densely,1
moments,1
structures,1
passageway,1
juirgen,1
vociferous,1
vignati,1
kings,1
announcing,1
sine,1
hi,1
diptychs,1
holdover,1
translated,1
personal,1
denunciations,1
ackerman,1
legislation,1
haven,1
employed,1
junii,1
michelle,1
showing,1
sicily,1
duecentesche,1
monopoly,1
alan,1
listening,1
somber,1
natale,1
conform,1
visions,1
gracious,1
challenging,1
relative,1
holy,1
radically,1
trends,1
contradictions,1
tts,1
xrja,1
near,1
uomini,1
asymmetries,1
meister,1
doninus,1
formaggio,1
bequests,1
naked,1
ghibert,1
excavated,1
domninus,1
closing,1
christianized,1
commerce,1
demonology,1
describing,1
laudage,1
tacitly,1
culte,1
adherents,1
gente,1
hardly,1
diocesis,1
subcultutres,1
ginzburg,1
indicators,1
franciscans,1
guardians,1
behold,1
alto,1
innocent,1
clothes,1
destiny,1
sepultures,1
carnario,1
omniboni,1
titles,1
salvational,1
repeated,1
specifically,1
around,1
storti,1
germany,1
calling,1
castle,1
consensus,1
underscoring,1
accomplished,1
tony,1
knives,1
ahithophel,1
balance,1
biologically,1
expands,1
mugnaio,1
gregori,1
tardo,1
viator,1
hagiography,1
florentine,1
pounds,1
gregorio,1
choosing,1
quaderno,1
cluny,1
pontiffs,1
powe,1
kanonistische,1
boundaries,1
emmanuel,1
barstow,1
impossible,1
regular,1
jdx,1
miracles,1
division,1
mollat,1
letteratura,1
managed,1
condemned,1
articulation,1
creation,1
origini,1
lowly,1
posed,1
piers,1
ta,1
wife,1
discusses,1
results,1
regardless,1
vi,1
bollettino,1
cortesia,1
lebenszeugnis,1
annali,1
brusasorzi,1
burdinus,1
altogether,1
structured,1
undergoing,1
gaudemet,1
sancta,1
tagliabue,1
pistoian,1
fossa,1
lombardischen,1
civil,1
ascent,1
grateful,1
provided,1
skill,1
fleas,1
finds,1
heyday,1
dcccxxxvi,1
monarchy,1
cascade,1
hypocrisy,1
evoked,1
ninth,1
maidens,1
sophistication,1
muselli,1
bx,1
unidentifiable,1
behalf,1
seemed,1
notion,1
candles,1
proportioned,1
cx,1
tormented,1
something,1
rodulph,1
survived,1
prescribed,1
cite,1
karolingischen,1
marked,1
interlacing,1
archeologia,1
italiae,1
approximated,1
kindness,1
submissive,1
pilgrims,1
grid,1
tasks,1
statuses,1
fa,1
turnhout,1
rhymed,1
asf,1
io,1
ceremonial,1
stronger,1
ise,1
predations,1
jousts,1
matter,1
carattere,1
contest,1
spelled,1
ghost,1
expanse,1
liturgically,1
scientific,1
agrari,1
squared,1
identified,1
red,1
separation,1
lynn,1
grand,1
prophetic,1
mariano,1
happy,1
brian,1
contrasted,1
comparative,1
scriptural,1
indoctrination,1
wings,1
tried,1
alleluia,1
liturgy,1
anniversary,1
fruit,1
nearly,1
sumptuous,1
xgt,1
renewed,1
upward,1
april,1
souvenir,1
theology,1
pallium,1
expenditures,1
preferences,1
says,1
goliath,1
praeparatum,1
currency,1
apses,1
landed,1
ignorant,1
comments,1
standing,1
studien,1
deals,1
sinful,1
interesting,1
paint,1
za,1
crouch,1
zizzo,1
lauer,1
khalidi,1
tends,1
bread,1
answering,1
culturali,1
biological,1
hagenau,1
expressing,1
guide,1
once,1
communications,1
widows,1
giovanna,1
wishes,1
selling,1
cacilia,1
leasing,1
victor,1
museum,1
sk,1
recounts,1
refusing,1
arrangements,1
milano,1
possessions,1
suited,1
jlb,1
accident,1
strolling,1
thought,1
giancarlo,1
albert,1
classi,1
trent,1
criticize,1
sex,1
borrowed,1
parishes,1
haskins,1
rom,1
cesena,1
predatoty,1
boundary,1
differentiate,1
salutary,1
lavishly,1
parte,1
profane,1
hadn,1
nuns,1
homogeneous,1
clothing,1
ferrariensis,1
bind,1
ixs,1
appear,1
ecclesiastici,1
abteilung,1
choices,1
ranks,1
baltimore,1
mediaeval,1
iranian,1
reprint,1
ynyg,1
seating,1
rape,1
insights,1
parties,1
mosaiken,1
visitors,1
armed,1
department,1
reports,1
begins,1
serve,1
noted,1
visualize,1
ias,1
assimilated,1
fief,1
predominate,1
catalogue,1
gamesmanship,1
homninibus,1
functioned,1
payments,1
stones,1
didactically,1
antica,1
chose,1
lavish,1
tries,1
management,1
nova,1
party,1
balancing,1
needy,1
wretchedness,1
oral,1
reach,1
mittelalterlichen,1
critiques,1
name,1
bartolomeo,1
reassuring,1
flanked,1
centuty,1
calzetta,1
heritage,1
extending,1
reasserting,1
fell,1
spend,1
nuovi,1
academy,1
bald,1
maurus,1
harmonious,1
outlooks,1
motifs,1
searle,1
charters,1
addition,1
water,1
bischofe,1
remaining,1
analytical,1
sui,1
lighter,1
aisle,1
provincia,1
shows,1
bobby,1
monks,1
emicho,1
fundamental,1
aldershot,1
designing,1
benevolent,1
nominated,1
areas,1
villa,1
relates,1
pressure,1
beliefs,1
bestows,1
sculptural,1
kommunalpaltiste,1
exclusion,1
sleepy,1
clerks,1
musicians,1
predominated,1
viii,1
deserving,1
rebuilding,1
populari,1
classical,1
appendice,1
reacted,1
culti,1
associates,1
hear,1
demonstrating,1
fallen,1
commutnities,1
bespoke,1
debates,1
desire,1
arthur,1
vignette,1
latina,1
reckoned,1
charges,1
particolarismo,1
travail,1
primo,1
gambalunga,1
ricerche,1
discussed,1
agree,1
anne,1
simple,1
sebastian,1
rhetoric,1
trifore,1
mor,1
consiglio,1
readers,1
enough,1
literatur,1
remade,1
adjacent,1
illustrati,1
decisively,1
ground,1
patrologiae,1
converse,1
covered,1
model,1
discussing,1
innovative,1
square,1
daniele,1
keys,1
devoted,1
dandolo,1
discuss,1
reassertion,1
purposes,1
mantova,1
compositional,1
karl,1
jx,1
foot,1
answer,1
until,1
strategies,1
surveillance,1
homer,1
melodiato,1
iuxta,1
lines,1
conifigurations,1
necessary,1
jahrhundert,1
xj,1
deep,1
scalia,1
louvain,1
bridged,1
invitation,1
charter,1
real,1
talented,1
metropolitan,1
donation,1
greeting,1
governance,1
controversy,1
joculatori,1
lombardy,1
jao,1
stanford,1
wrested,1
intercessor,1
number,1
corrupt,1
iil,1
encountered,1
chair,1
tunic,1
handy,1
anjou,1
historiographical,1
abundance,1
tensions,1
violent,1
testimone,1
original,1
compose,1
padana,1
das,1
meetings,1
spiritualitai,1
stabilize,1
engagement,1
interrelated,1
greatest,1
behaviors,1
sometime,1
grifo,1
extended,1
missionary,1
diehl,1
rulers,1
father,1
registers,1
effectiveness,1
birth,1
subjectivity,1
ufficio,1
conn,1
belting,1
comforter,1
bear,1
represented,1
istituto,1
servant,1
catholicism,1
formal,1
abandons,1
giles,1
borghese,1
transformed,1
emphatic,1
delicate,1
conceived,1
previously,1
sixth,1
verfassungs,1
holt,1
nxs,1
eta,1
surmount,1
fasc,1
ruling,1
sieles,1
louis,1
europeans,1
needing,1
leininger,1
scultori,1
caccia,1
denies,1
expression,1
downplayed,1
traversaria,1
mistake,1
aggravation,1
largely,1
maxime,1
rappresentanza,1
seicento,1
decreed,1
additions,1
emphasize,1
francis,1
dress,1
feminists,1
camera,1
conditions,1
fogliani,1
resonances,1
harmonized,1
treviso,1
sequence,1
sie,1
numbered,1
evolution,1
curialis,1
plainsong,1
domini,1
launching,1
story,1
regnum,1
individuals,1
reformpapsttum,1
multas,1
frame,1
chosen,1
xie,1
brittany,1
lucrative,1
elvio,1
vanderbroucke,1
theoretical,1
students,1
underwent,1
critical,1
roberts,1
joys,1
aristocratic,1
negotiating,1
ties,1
legendary,1
zanella,1
low,1
athelasia,1
annuario,1
compositions,1
triclinium,1
discovered,1
gelder,1
biblical,1
vaa,1
provoked,1
shoring,1
marches,1
aware,1
modem,1
bibliographies,1
welcomed,1
judaism,1
peripheral,1
latran,1
nelle,1
fornasari,1
dominated,1
victory,1
essay,1
faces,1
interpret,1
epigrams,1
supportive,1
advocating,1
ladurie,1
ritually,1
gestures,1
divisions,1
someone,1
ri,1
derived,1
exquisite,1
reviewers,1
franciscain,1
schede,1
length,1
placidly,1
function,1
demarcates,1
romances,1
appointment,1
risen,1
played,1
documentation,1
ernst,1
pontificalia,1
inquiring,1
giampiero,1
humility,1
filled,1
palazzi,1
bouyer,1
running,1
theocratic,1
priesterbild,1
prostrate,1
reveling,1
exhortation,1
thornton,1
morals,1
accused,1
overing,1
unambiguous,1
educational,1
lombardo,1
religioni,1
lunghi,1
coercive,1
construct,1
sinners,1
floral,1
k,1
miles,1
methods,1
barefoot,1
constructing,1
reads,1
farolfo,1
correct,1
become,1
ciursus,1
narrow,1
rechtsgeschichte,1
stand,1
gregoriana,1
paupers,1
nei,1
unsympathetic,1
patrimony,1
plate,1
hierarchical,1
january,1
fur,1
claiming,1
femininity,1
sacro,1
everyday,1
cinque,1
translate,1
horse,1
organizzative,1
rieti,1
gregorienne,1
universita,1
worms,1
cape,1
troubadours,1
versus,1
saw,1
institution,1
seduction,1
constituent,1
vierteljahrschrift,1
fiax,1
pairing,1
basically,1
ago,1
cede,1
ambrose,1
councils,1
saliinbene,1
quibus,1
practicing,1
concluded,1
brown,1
stereotypes,1
cary,1
emily,1
depuis,1
perform,1
hunt,1
clusters,1
ihre,1
separate,1
hollingsworth,1
infants,1
strutture,1
vallis,1
genesis,1
alike,1
entitled,1
titular,1
trustees,1
accepting,1
unstable,1
flock,1
lance,1
pictorial,1
lo,1
padova,1
relegation,1
tokens,1
primi,1
completus,1
caretakers,1
cronista,1
ducal,1
courting,1
loggia,1
garampi,1
humanities,1
medievalisms,1
vetius,1
poet,1
lotta,1
redefine,1
graziella,1
movements,1
gregoriani,1
assert,1
documenti,1
minorities,1
sports,1
willingly,1
boskovits,1
prophets,1
sx,1
defenders,1
testing,1
forerunner,1
bound,1
claimed,1
kneels,1
saintly,1
motivi,1
crypt,1
celebration,1
nikki,1
jz,1
cibum,1
colleagues,1
stregoneria,1
hedwig,1
sancte,1
empire,1
entertained,1
statutes,1
beasts,1
consul,1
rauty,1
simplifications,1
adored,1
ea,1
commended,1
seen,1
contrary,1
progressively,1
castles,1
composing,1
yale,1
maginulf,1
freedman,1
sites,1
privileges,1
jensen,1
determined,1
lawrence,1
understand,1
nj,1
joachim,1
mother,1
thirteen,1
eya,1
transformation,1
originated,1
iconographic,1
vulnerable,1
anxious,1
scheda,1
ancona,1
marcaria,1
capacious,1
comital,1
owed,1
afrikaner,1
changes,1
distinguished,1
es,1
xm,1
literacy,1
spared,1
worldliness,1
expectations,1
rouen,1
underscores,1
hope,1
asz,1
programmkunst,1
sage,1
wives,1
subdivided,1
humbly,1
tebaldus,1
types,1
creatures,1
appointments,1
scorpionus,1
raising,1
allusions,1
palladio,1
recalling,1
bundled,1
propelling,1
worlds,1
documents,1
enunciated,1
vecchia,1
interpretive,1
gathered,1
mob,1
iri,1
crowded,1
ardesio,1
hudon,1
employs,1
immensely,1
sif,1
pogroms,1
annoyances,1
ie,1
seligman,1
addressed,1
stephen,1
messianic,1
julii,1
assistant,1
historique,1
waugh,1
suggestions,1
seriously,1
persecution,1
curious,1
exercised,1
constantine,1
thinking,1
judgments,1
historian,1
inculcate,1
byzance,1
redemptive,1
dispersed,1
impulse,1
fresken,1
bergaino,1
intervened,1
praise,1
dancing,1
franqois,1
changing,1
reiserechnungen,1
conjunction,1
finest,1
concordat,1
founded,1
measurements,1
mario,1
exorbitant,1
curtius,1
mnedioevo,1
constituted,1
ever,1
nirenberg,1
extension,1
presbytery,1
symbolic,1
declining,1
scrutiny,1
kay,1
censorious,1
tatti,1
renzo,1
les,1
observation,1
temporal,1
cantilena,1
gerhard,1
persecuition,1
intensely,1
md,1
clerici,1
chapels,1
rigaud,1
meat,1
sums,1
appealing,1
spatially,1
offers,1
loveday,1
command,1
evelyn,1
wider,1
issuing,1
clement,1
neither,1
zanocco,1
baserga,1
counselor,1
ni,1
paolo,1
aron,1
ciclo,1
arts,1
marina,1
ave,1
sulle,1
battles,1
sure,1
metaphorically,1
proponents,1
quarrels,1
buonconsiglio,1
tomb,1
nobility,1
fairs,1
relieve,1
rhythm,1
setting,1
catalonia,1
mercy,1
enfants,1
ivory,1
alexander,1
augustin,1
pietro,1
appendix,1
fontaine,1
semiotics,1
dues,1
surprised,1
surprisingly,1
regard,1
associating,1
jorg,1
calvary,1
inquiry,1
post,1
scalabrini,1
wouldn,1
aab,1
released,1
collectors,1
liked,1
metaphorical,1
linked,1
obviously,1
perfectly,1
chants,1
infiltration,1
adepts,1
arraigned,1
germania,1
ir,1
scrolls,1
accademia,1
rashid,1
frasetto,1
thirteenthcentury,1
associations,1
purview,1
proclaiming,1
invite,1
narrated,1
prayers,1
enlarged,1
thompson,1
pour,1
rural,1
expenses,1
fino,1
lx,1
governing,1
turned,1
feminist,1
guibert,1
charged,1
redecorated,1
guerisseur,1
domni,1
landes,1
redeem,1
wit,1
scholarly,1
renunciation,1
episcopiutn,1
imitation,1
tympanum,1
notable,1
proceedings,1
carefully,1
reign,1
christological,1
shady,1
triumphalist,1
accounts,1
rebellion,1
symbolized,1
pagnoni,1
flanking,1
lucca,1
mindfulness,1
males,1
add,1
metaphor,1
pulpit,1
reinscribed,1
indicates,1
armies,1
manuscripts,1
alatri,1
axis,1
retain,1
portals,1
chutrch,1
cantilenas,1
milanese,1
problem,1
figs,1
getting,1
foundations,1
weights,1
archeologique,1
rejoinder,1
yt,1
cuore,1
elsewhere,1
legitimizing,1
ronzani,1
confronts,1
produce,1
yield,1
lynch,1
information,1
nagni,1
suggests,1
laltomedioevo,1
gottfried,1
euglubini,1
incorporated,1
schmolzer,1
coordinate,1
praying,1
library,1
ascertain,1
temps,1
exegesis,1
wandering,1
oni,1
app,1
tapestry,1
howard,1
outline,1
edifici,1
umbrian,1
level,1
emergent,1
gatherings,1
poems,1
renovations,1
andrea,1
expected,1
murmuring,1
spiritualitui,1
embrace,1
gt,1
ruled,1
bray,1
staged,1
exercising,1
beiden,1
outlying,1
rabinowitz,1
despite,1
interaction,1
revolutions,1
santita,1
gloria,1
wording,1
mazzi,1
mosaici,1
eleanor,1
seamless,1
subcultures,1
ken,1
sl,1
ac,1
hagiographical,1
cedron,1
commonly,1
subject,1
ioculatoributs,1
sitting,1
step,1
explication,1
deployed,1
commissioned,1
entstehung,1
re,1
barterer,1
archangel,1
tabacco,1
chroniquelur,1
programs,1
grossberg,1
amplifies,1
sancti,1
proper,1
rbi,1
conversely,1
buon,1
campaigns,1
allows,1
maintained,1
estates,1
aims,1
invests,1
patarini,1
toit,1
eroding,1
faculty,1
paula,1
reaching,1
varied,1
friday,1
venice,1
especially,1
donella,1
prepared,1
wolfger,1
ugo,1
suppressed,1
ritrovate,1
privati,1
attuale,1
white,1
sanctioned,1
morghen,1
riccio,1
staffs,1
adopting,1
shown,1
innsbruck,1
provide,1
chained,1
synopsis,1
hohler,1
years,1
arturo,1
golinelli,1
poteri,1
bartholomew,1
ig,1
renunciations,1
artistica,1
rediscovery,1
intensified,1
similarity,1
kingdom,1
gubbio,1
detain,1
lira,1
twentieth,1
paradigm,1
numerous,1
bak,1
configured,1
vernacular,1
mercuriale,1
explanation,1
origines,1
wish,1
value,1
sat,1
laymen,1
jaeger,1
giuliana,1
joined,1
pauperibus,1
bayeaux,1
bertelli,1
include,1
jewry,1
land,1
humor,1
ade,1
broader,1
xiie,1
rent,1
relics,1
occitan,1
raccolta,1
gentiles,1
uberti,1
attributes,1
effects,1
piece,1
roberta,1
playing,1
aulthority,1
philosophy,1
sexuality,1
oversaw,1
marcellus,1
mack,1
frazee,1
speak,1
siena,1
monarch,1
ships,1
practiced,1
anonymous,1
aural,1
doctrines,1
moved,1
flora,1
restored,1
celebrant,1
tz,1
specific,1
wedlock,1
jefferson,1
bern,1
ceiling,1
gavin,1
posture,1
abstinence,1
portrait,1
representatives,1
spes,1
troop,1
arrived,1
cared,1
interrogated,1
redolent,1
vermi,1
scholarship,1
commodity,1
tastes,1
chicago,1
beiheft,1
debate,1
sharing,1
partial,1
norman,1
amy,1
subverting,1
temporali,1
texts,1
titi,1
schizzo,1
calmasino,1
stories,1
ecclesiastics,1
verkamp,1
develop,1
preeminence,1
ipittori,1
baculo,1
fustes,1
tii,1
movimenti,1
seek,1
prison,1
ends,1
grace,1
priestly,1
ab,1
vite,1
assfb,1
antiphons,1
infancy,1
indistinguishable,1
lyrics,1
ga,1
plight,1
slx,1
predominates,1
expectantly,1
bought,1
resources,1
adorn,1
fracto,1
suppresses,1
kisses,1
axial,1
delayed,1
close,1
tragic,1
ecclesiastica,1
modena,1
reforme,1
super,1
regnabo,1
perception,1
ortensia,1
xxv,1
schmitt,1
gold,1
richly,1
feasted,1
