WORDCOUNTS,WEIGHT
the,1124
of,679
and,674
in,471
to,387
for,273
s,245
mexico,240
a,236
see,175
that,168
mexican,132
indians,130
war,128
de,112
u,103
as,101
with,100
from,98
texas,96
by,95
american,88
new,88
on,88
their,87
indian,85
northern,80
had,76
mexicans,71
this,67
but,67
was,63
they,61
it,60
were,57
no,57
more,55
la,55
an,54
is,54
historical,54
chihuahua,51
states,50
have,48
comanches,47
into,45
or,45
example,42
about,42
men,42
north,42
at,41
review,40
than,40
february,40
del,36
raiding,36
would,36
not,36
these,35
all,34
united,33
against,32
n,32
comanche,32
be,32
been,31
y,30
also,30
independent,30
them,30
between,30
history,29
raiders,29
who,29
national,29
c,29
en,28
los,28
his,27
apaches,27
america,26
americans,26
other,26
d,25
york,24
most,24
raids,24
upon,24
durango,24
plains,24
political,23
el,23
cong,23
southern,23
ed,23
only,23
john,23
frontier,23
sess,23
peoples,23
are,23
washington,23
smith,22
state,22
before,21
even,21
polk,21
delay,21
through,21
one,20
such,20
austin,20
when,20
brian,20
violence,20
native,20
conflict,19
captives,19
could,19
its,19
during,19
he,19
kiowas,19
did,19
w,19
early,19
killed,18
because,18
which,18
so,18
james,18
years,18
santa,17
how,17
officials,17
gobierno,17
nuevo,17
what,17
texan,17
military,16
doc,16
march,16
october,16
people,16
same,16
campaigns,16
after,16
article,16
while,16
both,16
city,16
myth,15
spanish,15
many,15
time,15
often,15
weber,15
j,14
i,14
government,14
made,14
southwest,14
army,14
over,14
tex,14
territory,14
creation,13
william,13
may,13
across,13
mixico,13
literature,13
sonora,13
okla,13
tamaulipas,13
guerra,13
luis,13
took,13
mex,13
david,13
oficial,13
senate,13
norman,13
way,12
women,12
first,12
long,12
hundred,12
robert,12
has,12
gregg,12
some,12
general,12
rather,12
university,12
m,12
found,12
nation,12
registro,12
several,12
grande,12
reports,12
eds,12
rio,12
saw,12
we,12
peace,12
our,12
coahuila,12
apache,11
h,11
there,11
g,11
savages,11
animals,11
international,11
r,11
winter,11
navajos,11
june,11
reported,11
south,11
economic,11
horses,11
still,11
two,11
children,11
trade,11
editors,11
independence,11
tribes,11
little,11
much,11
now,10
f,10
came,10
kiowa,10
matamoros,10
large,10
insisted,10
without,10
k,10
albuquerque,10
occupation,10
part,10
security,10
under,10
al,10
august,10
thomas,10
began,10
eleven,10
speech,10
enemy,10
far,10
calhoun,10
settlements,9
great,9
those,9
daniel,9
globe,9
borderlands,9
relations,9
border,9
b,9
latin,9
indios,9
house,9
calendar,9
conflicts,9
texans,9
whole,9
year,9
place,9
own,9
indigenous,9
treaty,9
us,9
cambridge,9
period,9
especially,9
anderson,9
zacatecas,9
why,9
blood,9
authorities,9
following,9
leaders,9
november,9
invasion,9
finally,9
americas,9
land,9
thousand,9
should,9
arms,8
sources,8
help,8
norteamericanos,8
que,8
monterrey,8
observers,8
killing,8
congressional,8
just,8
too,8
view,8
kennedy,8
p,8
late,8
well,8
president,8
despatches,8
field,8
destiny,8
niles,8
san,8
republic,8
brief,8
power,8
fact,8
ground,8
another,8
microfilm,8
congress,8
diplomacy,8
three,8
jose,8
can,8
story,8
fe,8
colonists,8
country,8
december,8
half,8
then,8
conn,8
evidence,8
taylor,8
e,7
miguel,7
diplomatic,7
potosi,7
every,7
together,7
account,7
taking,7
resources,7
above,7
central,7
savage,7
mescaleros,7
responded,7
reason,7
important,7
out,7
events,7
work,7
regional,7
orozco,7
mules,7
consensus,7
provided,7
society,7
expansion,7
april,7
guerras,7
manifest,7
thought,7
soon,7
others,7
larger,7
antonio,7
empire,7
perhaps,7
region,7
maria,7
started,7
like,7
become,7
garcia,7
enemies,7
destruction,7
governor,7
revolution,7
five,7
hill,7
barbarians,7
importantly,7
las,7
ammunition,6
groups,6
encouraged,6
likely,6
studies,6
decade,6
policy,6
western,6
california,6
historians,6
vols,6
secretary,6
context,6
papers,6
vol,6
possible,6
activity,6
west,6
conceptual,6
warfare,6
neighbors,6
bands,6
gaceta,6
influence,6
essential,6
politicians,6
similar,6
guerrilla,6
ongoing,6
support,6
ariz,6
organized,6
indias,6
societies,6
informed,6
population,6
january,6
traders,6
below,6
trading,6
few,6
pa,6
borderlander,6
notion,6
territorial,6
indeed,6
make,6
reel,6
houston,6
l,6
mooney,6
scholars,6
rhetoric,6
do,6
where,6
spoke,6
material,6
day,6
vast,6
slaves,6
nothing,6
navajo,6
crisis,6
never,6
haven,6
quarterly,6
behind,6
life,6
dead,6
quickly,6
colonization,6
report,6
bdrbaros,6
calif,6
quote,6
anna,6
wandering,6
simply,6
argument,6
register,6
need,6
you,6
off,6
francisco,6
race,6
lafragua,5
archives,5
if,5
later,5
durante,5
might,5
address,5
repr,5
stolen,5
within,5
con,5
autonomous,5
depredations,5
diario,5
richard,5
collection,5
pursuing,5
september,5
vengeance,5
held,5
norte,5
sam,5
response,5
manuel,5
philadelphia,5
town,5
basic,5
entre,5
consequences,5
empires,5
cause,5
northeastern,5
four,5
beyond,5
defeat,5
hereafter,5
helped,5
conquest,5
martinez,5
called,5
ambitions,5
attack,5
explain,5
representatives,5
received,5
prominent,5
annexation,5
northerners,5
least,5
suggest,5
senator,5
order,5
discourse,5
richter,5
lincoln,5
insurgency,5
second,5
letters,5
nearly,5
community,5
july,5
frank,5
once,5
communities,5
cowardly,5
historia,5
official,5
social,5
lewis,5
attacks,5
lieutenant,5
honor,5
readers,5
less,5
polities,5
significance,5
josiah,5
facing,5
newspapers,5
estados,5
figure,5
executive,5
stephen,5
set,5
each,5
worth,5
appendix,5
spaniards,5
making,5
orleans,5
problem,5
extent,5
thousands,5
popular,5
occasionally,5
colonial,5
come,5
lands,5
course,5
neb,5
increased,5
conde,5
charles,5
themselves,5
among,5
sent,5
everyone,4
expedition,4
college,4
trans,4
glimpses,4
significant,4
chief,4
said,4
hence,4
tiempo,4
taken,4
advanced,4
words,4
dramatically,4
book,4
narrative,4
mexicana,4
take,4
henry,4
racial,4
side,4
empty,4
compelling,4
thus,4
throughout,4
relationships,4
southwestern,4
explained,4
bison,4
since,4
tucson,4
century,4
affairs,4
individual,4
perspective,4
third,4
publications,4
norteamericana,4
civilization,4
explanations,4
fort,4
edward,4
hughes,4
talk,4
white,4
canales,4
cousins,4
ministers,4
position,4
advance,4
my,4
reprinted,4
whom,4
missouri,4
brooks,4
cultural,4
troops,4
opposition,4
warriors,4
xix,4
pedro,4
data,4
douglas,4
tens,4
salvajes,4
used,4
collective,4
forces,4
observed,4
project,4
alan,4
either,4
good,4
commerce,4
delivered,4
unidos,4
settlement,4
hemisphere,4
soil,4
up,4
world,4
correspondence,4
antologia,4
hois,4
activities,4
seemed,4
nations,4
isidro,4
presidios,4
tried,4
estado,4
necessary,4
worked,4
competition,4
yet,4
wharton,4
included,4
doniphan,4
increasingly,4
lee,4
law,4
juan,4
striking,4
cession,4
thompson,4
v,4
tales,4
kearny,4
siglo,4
local,4
including,4
looking,4
use,4
station,4
causes,4
ethnic,4
frame,4
interethnic,4
soldiers,4
homes,4
fred,4
faith,4
incapable,4
chapel,4
clayton,4
morris,4
connections,4
griffen,4
european,4
fueled,4
continued,4
sometimes,4
foreign,4
debates,4
prevent,4
force,4
case,4
considered,4
seriously,4
any,4
protect,4
ralph,4
butler,4
medill,4
continental,4
huge,4
raid,4
believe,4
capital,4
politics,4
better,4
defend,4
ibid,4
particular,4
diary,4
meetings,4
given,4
kin,4
became,4
assumptions,4
went,4
discussion,4
families,4
wilderness,4
commercial,4
avila,4
buchanan,4
observation,4
territories,4
velasco,4
single,4
era,4
winfrey,4
resist,4
sen,4
deserts,4
death,4
final,3
frequent,3
presidio,3
o,3
done,3
common,3
destroying,3
pity,3
mescalero,3
garza,3
ranches,3
likewise,3
center,3
complex,3
referring,3
formed,3
authority,3
arapahos,3
continent,3
ways,3
walker,3
protection,3
relative,3
something,3
sheep,3
t,3
certainly,3
glimpsed,3
seems,3
desire,3
able,3
thanks,3
religion,3
connection,3
system,3
british,3
occasional,3
fernando,3
quiroga,3
capacity,3
indirectly,3
borderland,3
shared,3
diss,3
point,3
utmost,3
dynamic,3
along,3
controlled,3
framework,3
arguments,3
merchants,3
consideration,3
development,3
human,3
author,3
interest,3
relatively,3
moment,3
carlos,3
jr,3
rank,3
adam,3
distinct,3
concerning,3
back,3
instructions,3
networks,3
journal,3
handful,3
lesser,3
failed,3
rights,3
testimony,3
generations,3
explicit,3
observer,3
leave,3
parts,3
mishkin,3
send,3
changes,3
expansionists,3
colonialism,3
down,3
mary,3
threat,3
age,3
max,3
powerful,3
tyler,3
ante,3
destructive,3
reprisals,3
believed,3
louisville,3
kirker,3
slave,3
fortunes,3
seven,3
insisting,3
initial,3
manning,3
hispanic,3
left,3
oklahoma,3
understood,3
viewed,3
suffered,3
scale,3
otherwise,3
however,3
your,3
departamento,3
hietala,3
arista,3
line,3
residents,3
organize,3
esp,3
broad,3
call,3
weekly,3
stanford,3
efforts,3
presented,3
working,3
vote,3
next,3
sweeney,3
emory,3
emerging,3
around,3
driving,3
bridge,3
presence,3
decline,3
villages,3
occasions,3
progress,3
majority,3
notice,3
moved,3
miserable,3
championed,3
will,3
integrating,3
critical,3
telegraph,3
demand,3
reduced,3
observations,3
contest,3
ignacio,3
expanded,3
moorhead,3
denounced,3
policies,3
culture,3
dread,3
parties,3
revenge,3
present,3
angel,3
inhabitants,3
tour,3
paul,3
coming,3
put,3
campaigning,3
tremendous,3
added,3
lack,3
idea,3
stories,3
appeared,3
documents,3
governed,3
fallen,3
program,3
outside,3
manos,3
accepted,3
vizcaya,3
defense,3
incursions,3
threats,3
escudero,3
process,3
extended,3
divided,3
lost,3
serna,3
enduring,3
rare,3
moros,3
prints,3
complicated,3
described,3
open,3
peter,3
tribal,3
waged,3
conversation,3
claim,3
schroeder,3
attention,3
decision,3
evia,3
iroquois,3
raise,3
usually,3
outsiders,3
sainchez,3
bound,3
deaths,3
widespread,3
detailed,3
worse,3
sides,3
analysis,3
fall,3
dana,3
itself,3
gonzalez,3
nacional,3
forest,3
wars,3
fifteen,3
changing,3
pinart,3
rep,3
must,3
her,3
trist,3
established,3
berkeley,3
marina,3
different,3
seem,3
best,3
ph,3
domestic,3
mangas,3
identities,3
legacy,3
redeem,3
according,3
recollections,3
heads,3
want,3
diaz,3
map,3
always,3
periphery,3
generally,3
agreed,3
ideal,3
boston,3
intense,3
recognition,3
multiple,3
plunder,3
despite,3
convinced,3
agents,3
bustamante,3
needed,3
goals,3
postcolonial,3
agustin,3
spring,3
recent,3
quest,3
conditions,3
public,3
although,3
hunter,3
effects,3
inequalities,3
association,3
damage,3
coloradas,3
utes,3
scholarship,3
northwestern,3
broader,3
doing,3
waddy,3
stateless,2
bernard,2
margins,2
subordinates,2
barbara,2
transportation,2
kavanagh,2
marveled,2
struggle,2
birbaros,2
stuart,2
productions,2
ratify,2
threatened,2
former,2
slaughter,2
peaceful,2
market,2
drought,2
northeast,2
desolated,2
defenses,2
church,2
told,2
heretofore,2
ugarte,2
approved,2
kinds,2
foos,2
escape,2
fases,2
units,2
english,2
actions,2
jonathan,2
favor,2
mattie,2
boulder,2
comparisons,2
firearms,2
allies,2
unlike,2
title,2
noreste,2
paper,2
generalities,2
bled,2
nineteenth,2
induced,2
nonetheless,2
descriptions,2
pioneers,2
despatch,2
feces,2
contexts,2
laura,2
brutal,2
lower,2
cast,2
ideas,2
else,2
confident,2
imprints,2
chronicles,2
give,2
season,2
populations,2
calloway,2
liberty,2
gary,2
desolate,2
inahiate,2
europe,2
continue,2
twenty,2
tejas,2
broadly,2
arizpe,2
histories,2
consular,2
rich,2
citizens,2
geopolitical,2
launched,2
atrocities,2
coffee,2
voto,2
copious,2
medals,2
madre,2
precisely,2
shepherd,2
staff,2
gifts,2
lucrative,2
alike,2
wage,2
climate,2
motivated,2
designs,2
politico,2
ernest,2
memorialized,2
forthcoming,2
eastern,2
key,2
albeit,2
task,2
thrown,2
matthew,2
encouraging,2
doubtlessly,2
emigrant,2
exception,2
design,2
resistencia,2
felt,2
prior,2
domingo,2
cooperation,2
captivity,2
condition,2
jacksonian,2
drive,2
etc,2
powers,2
recede,2
say,2
rosa,2
very,2
cited,2
dozen,2
hemispheric,2
negotiation,2
mountains,2
description,2
forged,2
todd,2
ross,2
herrera,2
deserted,2
complete,2
dublin,2
exposed,2
bill,2
repeatedly,2
complained,2
cannibals,2
andrew,2
includes,2
save,2
village,2
bent,2
understand,2
interior,2
invaders,2
agent,2
reproduced,2
dia,2
honest,2
amounts,2
walter,2
supplies,2
ugartechea,2
braniff,2
beatriz,2
consuls,2
barrier,2
turn,2
lampazos,2
aboites,2
horgan,2
bernal,2
bay,2
document,2
young,2
defeating,2
centeno,2
kinship,2
traveler,2
enlightened,2
fighting,2
committing,2
artillery,2
zepkoeete,2
gaze,2
patrons,2
citizen,2
born,2
insurgent,2
surely,2
weakness,2
hidalgo,2
picayune,2
restore,2
christensen,2
poorly,2
commanders,2
van,2
mechanisms,2
poor,2
colin,2
operations,2
stop,2
remain,2
influential,2
memoria,2
appreciation,2
won,2
preparing,2
mean,2
una,2
guardino,2
rippy,2
edwin,2
certain,2
direct,2
benjamin,2
contributions,2
special,2
resefias,2
echoed,2
distant,2
grieving,2
banditti,2
edalte,2
risks,2
chiricahua,2
reinterpretation,2
ordeal,2
accounts,2
lives,2
mora,2
insistence,2
acquisition,2
ward,2
mission,2
wanted,2
consider,2
ramsey,2
signed,2
river,2
claims,2
familiar,2
benefits,2
peasants,2
craven,2
emergence,2
elsewhere,2
days,2
merk,2
weak,2
characterizations,2
shrinking,2
resorted,2
superior,2
origins,2
desperation,2
mescal,2
consequential,2
notions,2
offhand,2
consequence,2
ponce,2
surge,2
berlandier,2
problems,2
instance,2
desert,2
senators,2
essays,2
prowess,2
strategy,2
faced,2
union,2
opponents,2
whereas,2
vomit,2
arrived,2
based,2
inequality,2
blamed,2
declined,2
strength,2
savagery,2
richmond,2
objectives,2
advantages,2
endeavor,2
misdeeds,2
bairbaros,2
hatcher,2
ethnohistorical,2
none,2
markets,2
term,2
cancellation,2
acquiring,2
outbursts,2
affair,2
durham,2
focused,2
halls,2
heaven,2
province,2
recently,2
intensity,2
promise,2
jefferson,2
placed,2
palmita,2
universidad,2
required,2
series,2
enough,2
near,2
biographies,2
improve,2
deprive,2
failure,2
shape,2
almost,2
directly,2
compel,2
fearful,2
navarro,2
carry,2
heart,2
imagined,2
attacked,2
su,2
purpose,2
discusses,2
reduction,2
supreme,2
thoughts,2
gender,2
northwest,2
editorial,2
minge,2
expansive,2
rescue,2
rojas,2
keep,2
kills,2
translated,2
personal,2
mauricio,2
away,2
fears,2
newspaper,2
assembly,2
escalated,2
attributed,2
weeks,2
change,2
consumption,2
published,2
comunicado,2
ruinous,2
sense,2
correct,2
talked,2
entities,2
politically,2
lexington,2
contributed,2
assailed,2
event,2
involved,2
family,2
troubles,2
accomplished,2
revealing,2
portions,2
weapons,2
tended,2
impossible,2
esreequetees,2
inability,2
ambassador,2
eyes,2
restrain,2
directed,2
resistance,2
diminished,2
steal,2
skill,2
stupidity,2
rancho,2
geographical,2
relaciones,2
corpse,2
frontera,2
appeal,2
settlers,2
chronological,2
marked,2
eternal,2
portion,2
battle,2
led,2
situation,2
matter,2
carried,2
action,2
expansionist,2
mariano,2
short,2
hide,2
comparative,2
alliance,2
practicable,2
return,2
benson,2
classic,2
renewed,2
rodriguez,2
attempt,2
says,2
garden,2
interactions,2
refusal,2
initially,2
movement,2
containing,2
zoraida,2
powerfully,2
emerged,2
stalled,2
recognized,2
read,2
albert,2
obtain,2
seeing,2
formally,2
times,2
boundary,2
thesis,2
castillo,2
armies,2
eminently,2
vaizquez,2
shifting,2
ky,2
osages,2
ethnographic,2
baltimore,2
hart,2
contempt,2
mparika,2
memorial,2
volunteers,2
rise,2
nonnative,2
members,2
leader,2
glorieta,2
frederick,2
toward,2
pointed,2
reporting,2
similarly,2
towns,2
longer,2
unparalleled,2
creative,2
plan,2
plundering,2
odie,2
abstract,2
lozano,2
habitat,2
end,2
serious,2
patterns,2
spain,2
septiembre,2
existing,2
faulk,2
armed,2
council,2
pacheco,2
negotiators,2
por,2
invitation,2
conquer,2
impoverished,2
counterpart,2
mexicano,2
perseverance,2
unable,2
editorials,2
remained,2
exploring,2
situated,2
chose,2
worsening,2
range,2
secretaria,2
devastated,2
benton,2
representative,2
vizquez,2
recover,2
josefina,2
failures,2
louis,2
minds,2
concern,2
lawsuits,2
host,2
entirely,2
reeve,2
exterminio,2
herds,2
sierra,2
proposed,2
pamphlets,2
mcnitt,2
trip,2
farias,2
provoked,2
historic,2
humanity,2
reality,2
discussed,2
publication,2
christopher,2
compatriots,2
minister,2
diputados,2
supremo,2
black,2
instruction,2
accused,2
internal,2
ripley,2
tactics,2
mr,2
effect,2
navaho,2
probably,2
rhetorical,2
geography,2
brazos,2
adventures,2
widely,2
justice,2
ours,2
calvin,2
things,2
humiliating,2
provoking,2
liberalism,2
autumn,2
para,2
supposed,2
george,2
provide,2
segments,2
hannegan,2
reels,2
claimed,2
foster,2
fully,2
habitan,2
annexing,2
encumbered,2
fewer,2
fulton,2
bulletin,2
consul,2
untiring,2
forsyth,2
lawrence,2
anxiety,2
anxious,2
barbarian,2
scalp,2
education,2
coordination,2
urged,2
centuries,2
months,2
interpretive,2
coincided,2
fought,2
militia,2
earliest,2
tribe,2
joseph,2
detail,2
quantitative,2
small,2
rarely,2
thinking,2
coat,2
constant,2
actually,2
cheyennes,2
mentioned,2
instructed,2
extensive,2
invoked,2
word,2
pletcher,2
atahaik,2
pace,2
known,2
barbarism,2
guadalupe,2
weeping,2
skillful,2
contemptible,2
rival,2
friends,2
physical,2
gadsden,2
ruxton,2
quotes,2
md,2
drew,2
outcome,2
defining,2
aron,2
ordered,2
alvarez,2
avenge,2
camanches,2
taos,2
jorge,2
east,2
ahr,2
sketches,2
intersected,2
primeras,2
ideological,2
attacking,2
despacho,2
cities,2
reid,2
sedentarios,2
mass,2
works,2
living,2
elites,2
turned,2
consisted,2
animal,2
beginning,2
draw,2
lofero,2
economy,2
showcase,2
telling,2
whether,2
terms,2
ones,2
rebellion,2
civilized,2
scalps,2
insightful,2
commander,2
secretario,2
number,2
explored,2
property,2
information,2
grand,2
middle,2
periodicals,2
finished,2
intention,2
level,2
entire,2
met,2
ohio,2
decisive,2
valentin,2
plans,2
antelope,2
therefore,2
com,2
generals,2
nashville,2
rebels,2
writing,2
reaching,2
pair,2
eric,2
afflicted,2
formation,2
abert,2
until,2
racism,2
montezumas,2
difference,2
notes,2
frontiers,2
hordes,2
wis,2
lately,2
party,2
hurt,2
dangerous,2
include,2
displaced,2
regular,2
already,2
madison,2
shift,2
campaign,2
endeavors,2
herd,2
news,2
invited,2
ortiz,2
paraibo,2
except,2
enterprise,2
debate,2
civilian,2
valley,2
traditional,2
focus,2
strong,2
livestock,2
dos,2
asked,2
sa,1
countryside,1
residing,1
intimately,1
missourian,1
nicholas,1
go,1
does,1
pais,1
negotiator,1
dan,1
republicano,1
deny,1
terrain,1
admonished,1
fathers,1
submerging,1
limits,1
narrowest,1
convergence,1
calibrated,1
rathbun,1
difficult,1
sterile,1
stamp,1
declared,1
concerned,1
sherry,1
privately,1
rusk,1
neches,1
corruption,1
geopolitics,1
stood,1
exclusionism,1
nexus,1
fled,1
emerson,1
compensate,1
firmaron,1
nuclearage,1
crowds,1
personnel,1
extreme,1
civilians,1
jane,1
maturity,1
nicolas,1
fiction,1
converge,1
tierra,1
foment,1
affirming,1
animalistic,1
hats,1
cowards,1
combine,1
ultimate,1
succinct,1
fragmented,1
chihua,1
memucan,1
correspondencia,1
nationstates,1
appear,1
utility,1
inciting,1
relationship,1
evans,1
collision,1
forth,1
per,1
passing,1
start,1
florencia,1
incomprehensible,1
conversion,1
singularly,1
historias,1
womack,1
federalismo,1
touched,1
brooke,1
mounted,1
yaquis,1
integrity,1
paragraph,1
ana,1
rethink,1
agency,1
fate,1
elaborated,1
haciendas,1
refused,1
ethnogenesis,1
guerrillas,1
caddo,1
creeks,1
philanthropic,1
overdue,1
live,1
repel,1
incarnations,1
complement,1
rogue,1
holland,1
bairbaro,1
pontiac,1
sinister,1
cerralvo,1
pressing,1
theamerican,1
easily,1
commonplace,1
mongrel,1
erick,1
modern,1
park,1
nationalistic,1
carolinians,1
transparency,1
beleaguered,1
realities,1
distractions,1
ideals,1
penetrate,1
despots,1
comrades,1
justified,1
obligations,1
enticing,1
opportunists,1
removed,1
immediate,1
presents,1
occurred,1
subjection,1
total,1
ambitious,1
cushing,1
assisted,1
antebellum,1
avarice,1
uses,1
sor,1
contrasted,1
smile,1
arguing,1
lenses,1
eye,1
source,1
princeton,1
corresponding,1
strikes,1
credibly,1
cultured,1
proclamation,1
assaults,1
canvassed,1
correll,1
allende,1
indifference,1
contained,1
peaked,1
tejanos,1
round,1
being,1
uprising,1
consistent,1
weems,1
resdndez,1
haynes,1
inhibited,1
engulfed,1
nacogdoches,1
permit,1
descents,1
cherokee,1
please,1
juirez,1
letting,1
labor,1
embraced,1
gotiation,1
coleccion,1
chasm,1
compelled,1
swelling,1
ejh,1
slaughtered,1
preceding,1
infested,1
posed,1
regeneration,1
pitts,1
interests,1
warrior,1
ocupado,1
reactive,1
aftermath,1
supplicants,1
steady,1
attempts,1
resonant,1
debating,1
marcy,1
motivations,1
feeling,1
lamenting,1
elusive,1
face,1
voss,1
seminol,1
promoting,1
xxi,1
rational,1
ourselves,1
activating,1
neil,1
ranchers,1
knowing,1
nature,1
overnight,1
indicative,1
bloomington,1
rehearsal,1
ranching,1
historiography,1
hinderaker,1
bourbons,1
cortes,1
unjust,1
davis,1
unanimity,1
comparatively,1
immense,1
shaped,1
attractive,1
copy,1
assembling,1
horsman,1
broken,1
accompanied,1
borders,1
musquiz,1
reasons,1
fighter,1
thank,1
constituents,1
timing,1
analyses,1
origin,1
appearances,1
napoleon,1
rule,1
revisions,1
disappearance,1
recruit,1
reveal,1
munitions,1
mississippi,1
tx,1
scheme,1
real,1
debt,1
nationalism,1
harvey,1
efficiently,1
hands,1
perfidy,1
speeches,1
maurice,1
foolishly,1
fresh,1
outrages,1
cumplimiento,1
forefathers,1
disagreed,1
legislatura,1
caleb,1
newell,1
date,1
priest,1
trouble,1
solidify,1
respond,1
primitive,1
dismissed,1
mestizaje,1
pitt,1
regiment,1
coordinated,1
scenario,1
ruined,1
reading,1
gienapp,1
committed,1
governors,1
ley,1
angelova,1
legislativas,1
natches,1
barred,1
analytic,1
deteriorated,1
embroiled,1
intersection,1
legend,1
contents,1
pecuniary,1
determinative,1
misfortune,1
reputations,1
growing,1
nowhere,1
raided,1
invasions,1
takes,1
killer,1
tejano,1
narrower,1
corresponded,1
sophisticated,1
alfred,1
barbaras,1
cabinet,1
escobar,1
saving,1
reverse,1
gazed,1
treason,1
repiblica,1
searing,1
atlanta,1
farnham,1
framing,1
money,1
weathered,1
naciones,1
sought,1
bases,1
spectrum,1
conditioned,1
exploit,1
robbery,1
hall,1
veterans,1
brothers,1
funded,1
affine,1
changed,1
barbarie,1
retain,1
intermediaries,1
struggling,1
jack,1
mythology,1
helpless,1
killings,1
red,1
opened,1
distributing,1
buren,1
tratado,1
logical,1
watched,1
machinery,1
sixteenth,1
capitalize,1
secuencia,1
deed,1
brewed,1
establishing,1
election,1
archival,1
functions,1
alter,1
wellarmed,1
pronouncements,1
worry,1
views,1
sioux,1
move,1
occupy,1
crossed,1
ortner,1
calculated,1
wait,1
combination,1
hobbled,1
timothy,1
ideologically,1
cautious,1
realistic,1
bottom,1
gila,1
biblioteca,1
millions,1
increase,1
himself,1
demanded,1
prosecution,1
interviews,1
condemnations,1
mclean,1
economies,1
newly,1
accustomed,1
irrespective,1
letter,1
dignity,1
crammed,1
wallace,1
liberated,1
thinkers,1
granaries,1
prejudice,1
cuevas,1
descend,1
sanchez,1
gils,1
authors,1
notably,1
encroachments,1
gravity,1
exist,1
li,1
learned,1
pushed,1
poinsett,1
raymund,1
goal,1
dispatched,1
lara,1
phase,1
oaxaca,1
crossing,1
collapse,1
coups,1
retained,1
fur,1
sinaloa,1
announce,1
disorder,1
champions,1
targeting,1
famously,1
nocoonees,1
weakened,1
proponiendo,1
ute,1
severe,1
depalo,1
facts,1
larson,1
virtues,1
ambivalent,1
conant,1
schofield,1
eating,1
constantly,1
due,1
intensifying,1
pursuit,1
viva,1
realized,1
transnational,1
collusion,1
scarce,1
adjusting,1
forgotten,1
base,1
republica,1
campaigned,1
futures,1
reyes,1
sweeping,1
influenced,1
afford,1
scratch,1
discerning,1
signifiers,1
excuses,1
conducted,1
expeditions,1
employing,1
militarily,1
trail,1
theaters,1
admitted,1
ey,1
vanished,1
retaliatory,1
cultivate,1
tsaile,1
exhausted,1
springfield,1
estimates,1
unity,1
oisage,1
clay,1
prepared,1
old,1
blame,1
clark,1
deeds,1
manifestly,1
medidas,1
frustrating,1
burgeoning,1
crosses,1
imbecility,1
overgrown,1
adjectives,1
star,1
flores,1
marriage,1
bloody,1
texian,1
withdraw,1
regions,1
ithaca,1
confirmed,1
disinterest,1
columbia,1
restrict,1
six,1
extraordinary,1
rueg,1
served,1
astuteness,1
roamed,1
jacobo,1
scott,1
salomon,1
twice,1
chap,1
bdirbaros,1
ellis,1
alliances,1
price,1
rendezvous,1
profit,1
purported,1
navajoes,1
conspiracy,1
drawn,1
exterminar,1
bolivia,1
brother,1
pueblo,1
consequently,1
memoir,1
familias,1
deceased,1
communication,1
empresario,1
interlocking,1
rest,1
spoils,1
exempted,1
caimara,1
details,1
warlike,1
dispensing,1
deeply,1
conceive,1
traditions,1
language,1
simplistic,1
sister,1
luna,1
engrossed,1
terror,1
uncivilized,1
kentucky,1
pointing,1
excessive,1
arming,1
though,1
acknowledge,1
undone,1
quiet,1
conceptually,1
pekka,1
andes,1
implementation,1
confluence,1
walls,1
mourning,1
promised,1
perfect,1
jean,1
lyon,1
loyal,1
retarding,1
foote,1
opposed,1
sixteen,1
integrated,1
roadside,1
envoys,1
puntos,1
aborigines,1
folder,1
subordination,1
bravado,1
diputation,1
journeyed,1
air,1
esteva,1
lt,1
fuller,1
coherence,1
unravel,1
predicted,1
transformations,1
inevitability,1
synthesizing,1
statements,1
elaborate,1
links,1
bring,1
withered,1
slavery,1
principally,1
growth,1
portrayed,1
traffic,1
doctorate,1
troubled,1
unwilling,1
impetus,1
alonso,1
angeles,1
barns,1
interpretation,1
crafted,1
aggressive,1
dilemma,1
sort,1
organizing,1
crash,1
provocation,1
assassination,1
frente,1
reynosa,1
dangers,1
ul,1
uninhabited,1
realistically,1
capture,1
choctaws,1
holistic,1
permission,1
knew,1
females,1
hers,1
adopted,1
permanent,1
completa,1
opportunity,1
blessing,1
articulo,1
inclusive,1
determining,1
risk,1
anyone,1
unarmed,1
storms,1
associate,1
earlier,1
persistent,1
mile,1
legal,1
eight,1
sponsor,1
developments,1
demurred,1
expelled,1
shawnee,1
sacrificed,1
ndmadas,1
milton,1
possess,1
creek,1
tormenta,1
lacking,1
gratefully,1
enabled,1
letcher,1
unrealistic,1
undoubtedly,1
predation,1
laying,1
archivio,1
scattered,1
space,1
pesquisidora,1
apolitical,1
moreover,1
precious,1
goetzmann,1
incursiones,1
gathering,1
dueling,1
proclaimed,1
exteriores,1
despise,1
irony,1
conocidos,1
provinces,1
perceptions,1
presidents,1
runners,1
inauguration,1
assure,1
wages,1
dissent,1
servants,1
gonzales,1
evil,1
conceptualization,1
possibly,1
zachary,1
couto,1
organization,1
fast,1
baptized,1
statistical,1
eventually,1
excoriated,1
descent,1
peasant,1
intersecting,1
comisionados,1
wealth,1
amid,1
disadvantaged,1
yearning,1
threatening,1
informe,1
diffuse,1
numbers,1
receiving,1
record,1
shaking,1
invariably,1
christine,1
downs,1
frequented,1
consigned,1
argued,1
ignorance,1
frequently,1
cosio,1
militiamen,1
orceneth,1
diliana,1
monroy,1
companions,1
stationed,1
show,1
sus,1
commonly,1
conquered,1
montgomery,1
earnestly,1
graphic,1
europeans,1
robbing,1
passed,1
refer,1
peru,1
requested,1
retrato,1
goats,1
followed,1
assured,1
obstacles,1
bancroft,1
monarch,1
putting,1
dirigida,1
undisciplined,1
buffalo,1
tenenbaum,1
overcame,1
amount,1
inflicting,1
roving,1
care,1
mo,1
contrary,1
gesturing,1
appeals,1
specifics,1
decades,1
adelman,1
advocated,1
constitution,1
interrogates,1
invading,1
commanded,1
clements,1
parsimony,1
denigrating,1
ravage,1
descriptive,1
opening,1
gregory,1
theft,1
arizoniana,1
metastasized,1
cynthia,1
frangaviglia,1
raged,1
exhibition,1
bearing,1
dollars,1
yaqui,1
future,1
meyerowitz,1
appearance,1
soliciting,1
train,1
access,1
provisions,1
begun,1
devastation,1
ambition,1
search,1
comitentes,1
treatments,1
baton,1
carol,1
centers,1
lived,1
economics,1
chickasaws,1
bdrbarosy,1
janos,1
allowing,1
agendas,1
owe,1
ortega,1
owen,1
zone,1
dionisio,1
dirije,1
emotionally,1
featured,1
commenced,1
instinctually,1
brake,1
mined,1
disruptive,1
tarahumaras,1
share,1
cornelio,1
handbook,1
abandon,1
honorable,1
herokhee,1
accomplishments,1
gilcrease,1
neighboring,1
hut,1
ridout,1
shall,1
elemental,1
precipitate,1
galeana,1
buried,1
choked,1
hacia,1
fielded,1
circular,1
impel,1
tecumseh,1
attackers,1
ejecutivo,1
chavez,1
aspects,1
fisher,1
desde,1
agreements,1
require,1
appears,1
pitting,1
ethel,1
schneider,1
moore,1
produced,1
inches,1
versed,1
tatters,1
cannot,1
granby,1
expert,1
boys,1
separates,1
sce,1
cover,1
chester,1
energy,1
almonte,1
mcpherson,1
herreros,1
tension,1
defenseless,1
pigs,1
lyons,1
facilities,1
taught,1
overwhelmed,1
trend,1
mii,1
wide,1
colonies,1
archivo,1
negotiated,1
guns,1
graciously,1
hicks,1
scene,1
cows,1
bastion,1
lander,1
periodical,1
confusing,1
irion,1
maturing,1
bdrbaro,1
memory,1
briefly,1
eisenhower,1
eyewitness,1
overlapping,1
undermined,1
rations,1
taxes,1
elliott,1
having,1
guerrero,1
participation,1
invisible,1
stances,1
mule,1
congressmen,1
kelly,1
justly,1
anglo,1
criticize,1
belonging,1
encroached,1
reinterpreting,1
scope,1
suggests,1
ofpenury,1
writers,1
framed,1
voted,1
distinguish,1
ots,1
lndians,1
coping,1
adamson,1
significantly,1
alien,1
disloyal,1
characterization,1
historiographies,1
london,1
breeding,1
norm,1
slightest,1
knowledge,1
calls,1
actors,1
orphans,1
sympathetic,1
journals,1
experience,1
feared,1
elizabeth,1
methodical,1
neutrality,1
reminded,1
geology,1
aparaibo,1
artifacts,1
loss,1
nu,1
reveille,1
tale,1
describe,1
fit,1
older,1
dowd,1
obscured,1
topographical,1
partly,1
records,1
counterreactions,1
cy,1
elijah,1
irregular,1
ricardo,1
hacer,1
statistics,1
thereafter,1
revenged,1
irving,1
et,1
sacrifices,1
bishop,1
opler,1
schwartz,1
illustrious,1
employed,1
overseas,1
invoking,1
participate,1
matt,1
confession,1
indianapolis,1
irredeemable,1
smallest,1
prensa,1
league,1
presbyterian,1
chdivez,1
capitol,1
anchored,1
holy,1
marcelino,1
count,1
vazquez,1
assuaging,1
massacre,1
thread,1
philip,1
dissenters,1
subtle,1
arkansas,1
repelling,1
foreman,1
mantra,1
widen,1
responses,1
zacat,1
despoil,1
independently,1
previously,1
whitehead,1
cayetano,1
successful,1
caused,1
jones,1
wash,1
rodeo,1
current,1
exchanging,1
uncataloged,1
tacitly,1
cooperative,1
sunder,1
distances,1
wildly,1
aggrandizement,1
debts,1
protest,1
nine,1
dissatisfaction,1
catholic,1
dissonance,1
fury,1
relevant,1
seminario,1
assemble,1
sharp,1
quite,1
brugge,1
lords,1
specifically,1
belt,1
kent,1
divisive,1
vere,1
openly,1
calling,1
underscore,1
surrendered,1
autonomy,1
chamberlain,1
proximate,1
teleologies,1
pain,1
concerns,1
republics,1
replace,1
amateurish,1
components,1
grow,1
executed,1
prompted,1
jauregui,1
acts,1
invoke,1
supposedly,1
senadores,1
essentially,1
imaginations,1
ancestors,1
latest,1
usner,1
challenge,1
petitions,1
fishburne,1
core,1
cincinnati,1
valdez,1
unbridled,1
annual,1
patience,1
articulation,1
indigena,1
jordan,1
st,1
cattle,1
saeger,1
progressed,1
passivity,1
examines,1
paid,1
sea,1
otros,1
headmen,1
peculiar,1
roots,1
deepened,1
joel,1
duval,1
capitals,1
conceptions,1
crime,1
hooker,1
structuring,1
tribus,1
barbaros,1
valuable,1
interminable,1
invasiones,1
subtract,1
suspicious,1
capturing,1
battles,1
stephens,1
wield,1
culminate,1
barnard,1
teresa,1
aguilar,1
perspectivas,1
tenet,1
perception,1
republican,1
tequila,1
tasks,1
edith,1
disappointing,1
unscrupulous,1
approximate,1
cochise,1
business,1
critics,1
forever,1
implications,1
ventured,1
advocate,1
hindered,1
contact,1
laurel,1
summarize,1
zivley,1
prudencia,1
memorializing,1
pawnfe,1
meed,1
contingent,1
castefieda,1
wary,1
freedoms,1
wrote,1
huntsman,1
positions,1
labeled,1
limited,1
ethnonym,1
contours,1
trials,1
machinations,1
acknowledged,1
edges,1
coleman,1
cherokees,1
disagreement,1
iuii,1
upward,1
alianza,1
convince,1
levinson,1
reconstruction,1
perceive,1
dwellings,1
polanco,1
folded,1
standing,1
sending,1
greed,1
collapsed,1
rebellions,1
labored,1
seemingly,1
strategic,1
prostration,1
inhabited,1
disarmed,1
cooler,1
complicity,1
mourners,1
seekers,1
roll,1
viaje,1
scarcity,1
pastures,1
guide,1
tadeo,1
effectually,1
norteamericano,1
invaded,1
outlets,1
ineffective,1
prepare,1
widows,1
victor,1
museum,1
kotsotekas,1
meanwhile,1
politica,1
ethnographers,1
push,1
vs,1
opportunities,1
addition,1
represents,1
makes,1
pp,1
retreat,1
nettie,1
lamentations,1
alongside,1
invaden,1
yourselves,1
loyola,1
array,1
foulest,1
wearing,1
reshaping,1
fear,1
mobile,1
reversed,1
god,1
faltering,1
challenged,1
termination,1
confidence,1
refined,1
odds,1
enshrined,1
numbingly,1
colony,1
victories,1
home,1
planned,1
administration,1
glibly,1
orders,1
informal,1
perspectives,1
light,1
fabregat,1
professor,1
keeping,1
woodcutter,1
sharply,1
lacked,1
incompetent,1
lament,1
hopes,1
reprint,1
nineteenthcentury,1
largest,1
costs,1
narratives,1
reconceptualizing,1
delaware,1
visitors,1
forge,1
consequentially,1
dispute,1
begins,1
principal,1
quaife,1
noted,1
leclercq,1
affirmed,1
situates,1
infuriating,1
gentlemen,1
twin,1
officers,1
milo,1
vultures,1
avoided,1
picture,1
reasoning,1
declining,1
act,1
administrators,1
calvillo,1
seymour,1
routes,1
worst,1
tomais,1
endured,1
starting,1
policing,1
fire,1
name,1
successfully,1
lipan,1
overland,1
ind,1
faithlessness,1
french,1
westward,1
subregions,1
longhouse,1
ewers,1
hoyt,1
comparison,1
ridden,1
stated,1
wrecked,1
neglect,1
mentions,1
molina,1
nuev,1
turner,1
mclaurine,1
usurpers,1
buena,1
dunkerley,1
enmities,1
jackson,1
chaps,1
permanente,1
belligerent,1
rock,1
boasting,1
financial,1
presidente,1
groping,1
water,1
demographic,1
remaining,1
release,1
depopulated,1
speaks,1
santos,1
leading,1
calculation,1
reinvention,1
precision,1
coincidence,1
insatiable,1
treatment,1
remarks,1
fundamental,1
bourbon,1
variant,1
ilistory,1
villa,1
regret,1
ambassadors,1
unprepared,1
departments,1
advantage,1
lucia,1
vigorous,1
agree,1
intended,1
massacring,1
frost,1
consent,1
attempting,1
pains,1
claudio,1
nokonis,1
disliked,1
unilaterally,1
superiors,1
casualties,1
colo,1
feasting,1
informing,1
named,1
diverse,1
hear,1
comancheria,1
plagued,1
gray,1
prospects,1
unsurprising,1
foe,1
paraded,1
seize,1
curtin,1
subscribing,1
appropriately,1
charges,1
imperfect,1
photostats,1
seldom,1
twentieth,1
convert,1
triumphed,1
jollification,1
roof,1
removal,1
external,1
civilizar,1
cooperated,1
planners,1
lone,1
ages,1
fits,1
antropologia,1
arrow,1
remade,1
dominion,1
drove,1
decisively,1
selph,1
remarkable,1
available,1
cruz,1
bauer,1
yale,1
covered,1
manner,1
aapache,1
mier,1
consummation,1
hey,1
developing,1
retributive,1
oregon,1
robbers,1
ch,1
geographer,1
celebrated,1
ultimately,1
answer,1
confrontation,1
pease,1
venezuela,1
disorganized,1
andean,1
conviction,1
homenaje,1
focusing,1
deep,1
esikwita,1
intensify,1
preparation,1
bustos,1
hypocrites,1
books,1
shabbier,1
controversy,1
largos,1
literatures,1
elementos,1
ability,1
acquire,1
reflected,1
destroyed,1
compete,1
mallon,1
convertidos,1
linked,1
uniamerican,1
ecology,1
abundance,1
civilizados,1
congruity,1
reginald,1
violent,1
eclesiaistica,1
submit,1
fight,1
minded,1
hunts,1
grounds,1
discourses,1
outrage,1
matrix,1
entirety,1
private,1
collier,1
understanding,1
prebitero,1
reveals,1
meaningful,1
warning,1
kathleen,1
impurity,1
clients,1
coherent,1
session,1
robertson,1
treated,1
easier,1
farther,1
ethnicity,1
discovery,1
completed,1
teka,1
closer,1
wheat,1
heard,1
helps,1
internc,1
gonzailez,1
wretched,1
critiqued,1
formal,1
patricia,1
parents,1
delicate,1
desperate,1
bexar,1
noticia,1
characterizing,1
depended,1
chickasaw,1
cheairs,1
terain,1
comfortable,1
vargas,1
conflictos,1
nortefia,1
watercolor,1
tribu,1
leaving,1
bust,1
thriving,1
hunting,1
waste,1
traded,1
stealing,1
touchstone,1
johannsen,1
leida,1
sickening,1
faltered,1
bondage,1
outnumbered,1
virtually,1
francis,1
calamitous,1
factor,1
numerous,1
hoebel,1
aggressions,1
lazy,1
band,1
dances,1
middletown,1
prominently,1
harvard,1
mesquital,1
hermosillo,1
bitter,1
processes,1
rhetorically,1
styles,1
torrey,1
hour,1
marcos,1
individuals,1
protected,1
hunted,1
trust,1
schooled,1
full,1
raising,1
markers,1
previous,1
office,1
mcxico,1
unna,1
duranguense,1
theories,1
rouge,1
sloat,1
students,1
tragedy,1
shrewd,1
saltillo,1
mcmanus,1
man,1
discovered,1
interlocked,1
distracted,1
moral,1
derelict,1
columbus,1
emphasizing,1
rifle,1
stress,1
comprehensive,1
se,1
elbert,1
jerarquia,1
inadequate,1
obtaining,1
lakes,1
points,1
feature,1
sustain,1
approving,1
essay,1
kiow,1
rebecca,1
evils,1
uprisings,1
gauged,1
eve,1
arc,1
indicate,1
allowed,1
tamauli,1
isabel,1
supplying,1
collaboration,1
geographically,1
catorce,1
spread,1
trevifio,1
inventing,1
rewarded,1
frames,1
materialized,1
summer,1
absconded,1
parallels,1
premium,1
features,1
daniels,1
distinction,1
linking,1
obtained,1
stages,1
joanne,1
driven,1
herculean,1
counted,1
flow,1
minority,1
impunity,1
viscerally,1
renewal,1
enquiries,1
cantti,1
wish,1
commentaries,1
juggernaut,1
martin,1
kans,1
presidential,1
construct,1
unwar,1
imagination,1
exchange,1
zacatecans,1
berninger,1
bean,1
decide,1
demonized,1
graves,1
conclusions,1
advisors,1
sentiment,1
thefts,1
enlightenment,1
commentators,1
improving,1
promote,1
settler,1
methods,1
constructing,1
craft,1
grip,1
hastily,1
narrow,1
emphasized,1
references,1
confidently,1
respectively,1
attribute,1
exactly,1
seizing,1
deliberate,1
lists,1
sentiments,1
indio,1
enjoyed,1
resembling,1
hunters,1
kristine,1
offensive,1
capabilities,1
hartford,1
looks,1
dominance,1
paz,1
locales,1
nails,1
patrol,1
looming,1
figures,1
sales,1
versus,1
featuring,1
sloth,1
bounties,1
engagement,1
attend,1
joint,1
jerry,1
imperfectly,1
ferrell,1
wretches,1
ago,1
limites,1
bested,1
acampan,1
vain,1
almada,1
cultura,1
brown,1
stereotypes,1
potential,1
underestimate,1
reluctant,1
marin,1
hunt,1
visit,1
standard,1
surprising,1
bee,1
culmination,1
paredes,1
hapless,1
trails,1
factors,1
justin,1
suffering,1
imperative,1
individualism,1
asking,1
fifty,1
veracruz,1
pictorial,1
twelve,1
belohlavek,1
remembered,1
zorrilla,1
wasteland,1
cleansing,1
circle,1
me,1
backward,1
commentator,1
receding,1
violation,1
composed,1
intelligence,1
window,1
enlisted,1
wastes,1
waves,1
undisputed,1
hostile,1
phillip,1
ecological,1
guests,1
collectively,1
ideology,1
dissolved,1
ministry,1
corrals,1
rough,1
presencia,1
begin,1
exacerbated,1
bdarbaros,1
marzo,1
inside,1
antiexpansionists,1
exmo,1
defined,1
male,1
sympathy,1
apes,1
referred,1
slaughtering,1
inviting,1
un,1
radding,1
seen,1
tenewas,1
progressively,1
timid,1
gut,1
ordering,1
tenn,1
effectively,1
mounts,1
norteamericanas,1
contribution,1
muster,1
arapaho,1
lif,1
excited,1
recognize,1
rapidly,1
whereby,1
ntimero,1
length,1
stage,1
testifies,1
articles,1
travel,1
insecurity,1
inspired,1
embarrassment,1
expectations,1
kill,1
profess,1
valiant,1
tapped,1
theatre,1
contorno,1
adjutant,1
nationalization,1
win,1
lion,1
breasts,1
confronts,1
expansionism,1
wives,1
confided,1
sheila,1
humbly,1
courage,1
fields,1
cada,1
get,1
enlist,1
expediente,1
wants,1
worlds,1
mirror,1
figured,1
delinton,1
gathered,1
crowded,1
matagora,1
atristain,1
pen,1
regularly,1
anxieties,1
stable,1
bernardo,1
vecino,1
sara,1
pitiable,1
burned,1
sections,1
acquired,1
landmass,1
assistant,1
proof,1
classless,1
meant,1
ration,1
presidency,1
methodist,1
magnitude,1
zamboes,1
fomenting,1
shadow,1
donors,1
tirelessly,1
mainly,1
preventing,1
historian,1
singular,1
practice,1
terrible,1
summon,1
gallay,1
broke,1
meadows,1
disarmament,1
chiricahuas,1
comes,1
uneventful,1
ohmstede,1
incorporated,1
punishments,1
rayas,1
consta,1
dieter,1
tremendously,1
curtius,1
detachment,1
regulated,1
cruelties,1
qu,1
reinforced,1
theme,1
exposition,1
optimistically,1
masses,1
lino,1
vacant,1
supported,1
reconnaissance,1
homicide,1
himiliinen,1
glimpse,1
invade,1
library,1
perversion,1
rocky,1
calendars,1
ila,1
organizational,1
sustained,1
chanted,1
fictive,1
affords,1
colorado,1
wichita,1
integrative,1
expectation,1
know,1
legislature,1
drowned,1
kind,1
respecting,1
natural,1
guanajuato,1
surrender,1
rabiela,1
deficiencies,1
control,1
rainfall,1
expedidas,1
secured,1
sure,1
legajo,1
endurance,1
anthropology,1
turning,1
quarrels,1
melt,1
impelling,1
murderers,1
amenaza,1
dismantled,1
stragglers,1
neglected,1
garrisons,1
penetrated,1
louise,1
auxiliary,1
foundational,1
assumed,1
extraction,1
victorious,1
tio,1
ui,1
recalled,1
unambiguously,1
mayos,1
simposio,1
icahua,1
ubiquitous,1
appropriate,1
designed,1
epitomized,1
agreement,1
southernmost,1
zacarillos,1
belongings,1
regard,1
episodic,1
post,1
moments,1
foundation,1
grievously,1
castafieda,1
preamble,1
pleased,1
particularly,1
happened,1
degenerates,1
ferocity,1
cayton,1
goods,1
invader,1
written,1
houses,1
audience,1
cultivation,1
medina,1
useless,1
unrealized,1
chaotic,1
hostilities,1
quoted,1
encountered,1
periodico,1
dehumanized,1
populous,1
advances,1
possibility,1
lending,1
places,1
bowie,1
proxies,1
friendship,1
ladies,1
greater,1
disposiciones,1
lens,1
augustine,1
captive,1
scholarly,1
johnson,1
alfonso,1
purchase,1
baj,1
poder,1
joaquin,1
regrettably,1
month,1
combined,1
reactions,1
implicit,1
rose,1
form,1
everything,1
list,1
intervened,1
gallegos,1
character,1
males,1
thirty,1
dallas,1
suspicions,1
agricultural,1
calculations,1
theory,1
grief,1
tightly,1
wislizenus,1
loved,1
cura,1
kidnappings,1
incompetence,1
foundations,1
hijos,1
bitterly,1
version,1
secure,1
fruitfully,1
imperial,1
overspreading,1
invalidating,1
amplification,1
scenarios,1
apparently,1
benevolence,1
michael,1
hundreds,1
amass,1
upper,1
contain,1
nii,1
retold,1
stump,1
size,1
babcock,1
dismantling,1
rendition,1
prairies,1
imperialists,1
spaces,1
eagles,1
derived,1
considerably,1
martha,1
soldier,1
vista,1
magnificent,1
bodies,1
dialogues,1
bought,1
townspeople,1
recognizing,1
gatherings,1
goldschmidt,1
son,1
careful,1
underappreciated,1
commissioner,1
watercourses,1
ill,1
nomads,1
dependent,1
introduced,1
chronicler,1
worldview,1
ferrand,1
strangers,1
terin,1
press,1
role,1
coatsworth,1
ahios,1
authentic,1
infamous,1
subject,1
rationalizations,1
exerted,1
step,1
cash,1
everywhere,1
acute,1
hale,1
cherokei,1
truman,1
exultation,1
commodities,1
barbaro,1
durang,1
mythogenesis,1
policymakers,1
illustrate,1
treasury,1
despairing,1
ranks,1
challenges,1
constituency,1
terrenos,1
isolated,1
wichll,1
abstained,1
faculty,1
satisfying,1
think,1
capitalina,1
varied,1
resident,1
cumanches,1
cruelty,1
subsumed,1
crosscultural,1
cowardice,1
ioundary,1
examinations,1
energies,1
depriving,1
produce,1
comparable,1
wild,1
trophies,1
refugees,1
shown,1
ulrich,1
survival,1
ofensas,1
injured,1
ignored,1
cas,1
disposal,1
average,1
zones,1
diplomat,1
structured,1
quotas,1
deepening,1
argentina,1
fractious,1
camps,1
temerity,1
scalped,1
cantrell,1
childless,1
imagine,1
jestis,1
samuel,1
recovering,1
grant,1
defender,1
leopoldo,1
topics,1
explanation,1
chasteen,1
sufferings,1
splendid,1
regionalismo,1
unending,1
yamparikas,1
proceso,1
unfit,1
instead,1
grown,1
washer,1
judges,1
regionales,1
usa,1
guiding,1
unified,1
scoured,1
smaller,1
contributor,1
writer,1
ciudad,1
integration,1
independencia,1
fairfield,1
colleagues,1
assassinated,1
southward,1
inducement,1
enlisting,1
promptly,1
peripheries,1
malcolm,1
slew,1
speak,1
howling,1
ships,1
reevaluating,1
tene,1
ratified,1
langer,1
traveling,1
anonymous,1
osfois,1
siege,1
profits,1
evelyn,1
specific,1
mounting,1
thatcher,1
pioneering,1
mclemore,1
pasadena,1
settle,1
winfield,1
ser,1
votes,1
draft,1
fellows,1
painted,1
grumbled,1
protested,1
supply,1
sectors,1
chicago,1
avowed,1
escalating,1
individualistic,1
informants,1
sharing,1
holley,1
promising,1
eldredge,1
nathaniel,1
embraces,1
exclusively,1
mutilated,1
element,1
persuaded,1
adolph,1
behalf,1
abandoned,1
desierto,1
images,1
seek,1
ends,1
slotkin,1
whenever,1
crucible,1
concise,1
laborers,1
statement,1
fiscal,1
meeting,1
connor,1
conversations,1
camara,1
ca,1
roles,1
groundbreaking,1
mccrady,1
tragic,1
customs,1
dorman,1
major,1
evidently,1
arizona,1
tapia,1
perpetual,1
aggravated,1
caraza,1
feeble,1
