WORDCOUNTS,WEIGHT
the,1301
of,999
and,608
in,592
a,560
to,499
his,279
s,271
as,217
was,194
that,189
he,185
medical,177
for,166
yandell,147
not,145
is,140
by,130
on,127
medicine,123
with,116
at,107
doctor,107
it,106
this,105
from,102
case,98
were,98
physicians,97
or,93
an,89
work,89
but,88
patients,88
see,81
their,78
patient,76
doctors,73
stories,71
physician,70
new,69
body,68
be,67
american,65
cases,65
they,63
had,63
one,61
practice,61
most,60
have,55
narratives,54
more,54
journal,53
m,52
these,51
disease,51
history,50
historical,50
way,48
about,47
are,47
which,46
narrative,45
i,45
february,44
review,43
story,43
many,42
how,41
what,41
its,40
personal,40
modern,39
all,39
dysentery,39
did,39
into,38
some,38
other,36
own,36
southern,36
also,36
family,35
essay,35
them,35
because,33
than,33
who,33
terms,33
too,33
bedside,33
only,32
so,32
even,31
letters,30
much,30
thus,29
south,29
writing,29
slave,28
when,28
wrote,28
like,28
science,28
there,27
d,27
white,26
professional,26
therapy,26
themselves,26
j,25
york,25
out,25
illness,25
well,25
social,25
june,25
seeing,25
may,24
sick,24
w,24
two,24
power,24
would,24
seen,24
between,24
has,23
could,23
example,23
stowe,23
yet,23
often,23
steven,23
might,22
lunsford,22
experience,21
such,21
pulse,21
though,21
clinical,21
particular,21
her,21
although,21
words,20
himself,20
found,20
tale,20
we,20
do,20
any,20
different,20
among,20
willie,19
if,19
first,19
therapeutic,19
after,19
knowledge,19
sense,19
man,19
here,19
person,19
both,19
surgical,19
ways,18
no,18
certain,18
part,18
treatment,18
woman,18
language,18
individual,18
rural,18
bodies,18
through,18
course,18
c,17
century,17
l,17
care,17
will,17
made,17
slaves,17
diagnosis,17
life,17
then,17
over,17
years,17
charles,17
something,16
very,16
university,16
days,16
people,16
time,16
him,16
been,16
biography,16
form,16
orleans,16
world,16
help,15
dr,15
america,15
ice,15
orthodox,15
transylvania,15
john,15
susan,15
while,15
sickness,15
kind,14
without,14
just,14
important,14
carolina,14
medicines,14
r,14
place,14
stool,14
heart,14
under,14
death,14
where,14
style,14
health,14
cambridge,14
e,13
diseases,13
great,13
lives,13
however,13
wendel,13
up,13
notes,13
others,13
david,13
general,13
especially,13
things,13
each,13
given,13
rosenberg,13
meaning,12
told,12
h,12
nature,12
point,12
interesting,12
rather,12
n,12
my,12
called,12
during,12
wife,12
various,12
warner,12
still,12
boy,12
published,12
daily,12
less,12
another,12
autobiographical,12
full,12
january,12
itself,12
almost,12
variety,11
taken,11
shaped,11
context,11
she,11
labor,11
age,11
suggest,11
f,11
same,11
blood,11
william,11
race,11
later,10
library,10
last,10
racial,10
young,10
fever,10
numbers,10
view,10
technical,10
failure,10
literature,10
used,10
matter,10
make,10
once,10
gave,10
slavery,10
took,10
eds,10
day,10
b,10
black,10
least,10
can,10
sometimes,10
physical,10
believed,10
virginia,10
pain,10
became,10
little,10
child,9
essays,9
before,9
seems,9
take,9
felt,9
key,9
old,9
instance,9
appear,9
came,9
practitioner,9
nineteenth,9
james,9
esp,9
away,9
healing,9
few,9
single,9
diary,9
fact,9
children,9
outside,9
discovery,9
written,9
me,9
vision,9
inside,9
education,9
intellectual,9
suffering,9
remarks,9
vernacular,9
instead,9
north,9
doing,9
ethics,8
needed,8
approved,8
kinds,8
use,8
give,8
within,8
learned,8
neighbors,8
details,8
surgery,8
typical,8
events,8
symptoms,8
revealed,8
being,8
working,8
order,8
society,8
indeed,8
god,8
baltimore,8
name,8
savitt,8
experienced,8
tales,8
perhaps,8
ordinary,8
charleston,8
august,8
article,8
effect,8
nashville,8
simply,8
friends,8
setting,8
hospital,8
beginning,8
son,8
november,8
focus,8
tell,8
write,8
close,8
does,7
epidemic,7
women,7
conscientious,7
said,7
long,7
every,7
drugs,7
together,7
differences,7
reveal,7
those,7
mass,7
account,7
marked,7
community,7
taking,7
along,7
reality,7
interest,7
nor,7
clark,7
find,7
kentucky,7
healers,7
lay,7
soda,7
therapies,7
p,7
shared,7
broad,7
call,7
change,7
next,7
diagnostic,7
around,7
small,7
hold,7
skin,7
reports,7
rise,7
challenge,7
toward,7
again,7
readers,7
spoke,7
father,7
identity,7
students,7
three,7
profession,7
good,7
why,7
faith,7
usually,7
began,7
known,7
feelings,7
far,7
past,7
extent,7
remedies,7
giving,7
negro,7
conditions,7
difficult,6
now,6
descriptions,6
painful,6
lexington,6
tradition,6
down,6
ben,6
room,6
papers,6
husband,6
march,6
say,6
letter,6
human,6
professionalism,6
against,6
admitted,6
times,6
perspective,6
chap,6
authority,6
knew,6
sarah,6
importance,6
moreover,6
changes,6
t,6
hot,6
whom,6
energy,6
tension,6
enough,6
shape,6
nine,6
training,6
leavitt,6
field,6
contrast,6
sharp,6
folk,6
telling,6
using,6
joumal,6
july,6
read,6
us,6
ed,6
act,6
larger,6
physiological,6
judith,6
cpc,6
bulletin,6
concern,6
walzer,6
engaged,6
examination,6
clear,6
thomas,6
relation,6
harley,6
saw,6
continued,6
practical,6
hope,6
thinking,6
doctoring,6
need,6
md,6
country,6
journals,6
better,6
whether,6
making,6
accounts,6
theory,6
voice,6
emphasis,6
ill,6
city,6
our,6
come,6
touch,6
typically,6
you,6
piece,6
doubtless,6
affliction,6
traditional,6
should,6
struggle,5
created,5
alone,5
combine,5
center,5
large,5
hentz,5
word,5
easily,5
studies,5
realities,5
ramsay,5
character,5
themes,5
comparatively,5
able,5
signs,5
plain,5
advice,5
helpful,5
possible,5
reached,5
except,5
owners,5
ronald,5
ethical,5
races,5
y,5
colleague,5
alabama,5
reference,5
remote,5
turn,5
literary,5
record,5
expressed,5
moving,5
histories,5
effort,5
further,5
focused,5
edn,5
loss,5
older,5
related,5
calling,5
several,5
routine,5
tried,5
always,5
diminished,5
led,5
short,5
religious,5
intense,5
happened,5
thought,5
sex,5
thesis,5
noted,5
similarly,5
efforts,5
cartwright,5
appeared,5
end,5
v,5
present,5
number,5
encountered,5
autobiography,5
examples,5
upon,5
pathology,5
parents,5
laboratory,5
described,5
significance,5
allowed,5
standard,5
internal,5
become,5
probably,5
bee,5
practitioners,5
slow,5
fall,5
united,5
face,5
problematic,5
charon,5
must,5
appears,5
sciences,5
set,5
know,5
dimension,5
report,5
discover,5
suggests,5
despite,5
subject,5
went,5
question,5
spring,5
finding,5
samuel,5
states,5
grief,5
final,4
frequent,4
common,4
girl,4
group,4
drinks,4
collection,4
seem,4
description,4
source,4
either,4
explaining,4
bed,4
recall,4
attempt,4
desire,4
timing,4
fully,4
eminent,4
existence,4
historians,4
drink,4
watkins,4
compelling,4
condition,4
illustrate,4
household,4
relate,4
data,4
todd,4
calomel,4
development,4
initial,4
bailey,4
september,4
club,4
witnessed,4
obstetrical,4
died,4
maulitz,4
gives,4
look,4
opium,4
americans,4
essence,4
heard,4
tense,4
derived,4
feel,4
dysenteric,4
supposed,4
means,4
established,4
familiar,4
image,4
four,4
beyond,4
helped,4
paragraph,4
experimentation,4
standards,4
based,4
term,4
cultural,4
biographies,4
cannot,4
distinctiveness,4
trial,4
line,4
relief,4
drew,4
purpose,4
calls,4
realm,4
describe,4
issues,4
records,4
systematic,4
following,4
louisiana,4
highly,4
revealing,4
research,4
mrs,4
urine,4
am,4
seemed,4
prescribed,4
second,4
outsider,4
scientific,4
feeling,4
limited,4
object,4
bread,4
wooten,4
ancient,4
puzzle,4
home,4
teaching,4
ky,4
experiment,4
useful,4
paul,4
journey,4
water,4
wide,4
success,4
hand,4
remarkable,4
until,4
inevitably,4
free,4
local,4
treated,4
including,4
arose,4
hidden,4
confidence,4
ideas,4
open,4
discovered,4
summer,4
never,4
special,4
fatal,4
guilt,4
patterson,4
increasing,4
today,4
perspectives,4
kenneth,4
collections,4
force,4
anxiety,4
impersonal,4
considered,4
school,4
bates,4
rarely,4
rounds,4
text,4
december,4
half,4
abdomen,4
ordered,4
terrible,4
calif,4
healthy,4
information,4
art,4
owner,4
reported,4
mention,4
caring,4
editor,4
difference,4
joined,4
effects,4
nott,4
association,4
shift,4
specific,4
supply,4
debate,4
predictable,4
observed,4
looking,4
limits,3
epidemics,3
struggled,3
introduction,3
properly,3
confines,3
true,3
largely,3
western,3
remedy,3
freese,3
negative,3
midwife,3
certainly,3
creation,3
voices,3
malady,3
attempts,3
rapid,3
freely,3
england,3
tenesmus,3
knowing,3
contingencies,3
suggesting,3
reasons,3
sydenham,3
mississippi,3
religion,3
introduces,3
state,3
normal,3
career,3
reading,3
tragedy,3
recorded,3
courtesy,3
framing,3
right,3
richard,3
mastery,3
desired,3
conceptual,3
whites,3
mother,3
authors,3
usage,3
bleeding,3
build,3
central,3
dying,3
immediate,3
since,3
becoming,3
moment,3
restore,3
maladies,3
elements,3
plantation,3
bay,3
bloody,3
compared,3
ally,3
effective,3
critique,3
remittent,3
shall,3
failed,3
beneath,3
heroes,3
observers,3
absent,3
across,3
basic,3
represented,3
adopted,3
associate,3
similar,3
talk,3
benjamin,3
practicing,3
bad,3
wanted,3
clearly,3
weather,3
invariably,3
excitement,3
observations,3
recovered,3
origins,3
powerful,3
storytelling,3
opening,3
treating,3
identifying,3
appearance,3
method,3
entered,3
plot,3
color,3
relating,3
lived,3
issue,3
left,3
murfreesboro,3
pursued,3
awful,3
neither,3
promise,3
applied,3
exhaustion,3
placed,3
rest,3
explain,3
professionals,3
public,3
directly,3
aspects,3
notebook,3
specifically,3
having,3
genre,3
feared,3
emotional,3
got,3
year,3
dear,3
expansive,3
sickroom,3
forces,3
status,3
miss,3
approach,3
dark,3
correct,3
caused,3
hard,3
cold,3
stage,3
tenn,3
modest,3
scruggs,3
night,3
leland,3
tended,3
jordan,3
describes,3
courtney,3
provided,3
content,3
transforming,3
reduced,3
comment,3
absence,3
action,3
drama,3
die,3
wait,3
acknowledged,3
brief,3
breath,3
whatever,3
above,3
judgment,3
va,3
opportunities,3
cholera,3
included,3
light,3
keeping,3
sharply,3
nineteenthcentury,3
already,3
moments,3
friend,3
chose,3
book,3
crucial,3
ask,3
usefulness,3
lack,3
regret,3
striking,3
atteson,3
match,3
abstract,3
reform,3
considerable,3
aggressive,3
asks,3
men,3
accepted,3
smallpox,3
necessary,3
hamilton,3
thoroughly,3
remained,3
understanding,3
meaningful,3
discussion,3
entirely,3
significant,3
combining,3
neighborhood,3
encounters,3
risse,3
prelude,3
strikingly,3
nevertheless,3
theoretical,3
meanings,3
urbana,3
moral,3
josiah,3
held,3
counted,3
earlier,3
favored,3
qualities,3
chapel,3
structure,3
seeking,3
looked,3
save,3
outright,3
separate,3
conflict,3
carried,3
rita,3
relying,3
christian,3
peers,3
note,3
else,3
mixture,3
five,3
consent,3
suggestive,3
attention,3
hill,3
begin,3
male,3
lost,3
importantly,3
transformation,3
fields,3
madison,3
articles,3
detail,3
environment,3
historian,3
series,3
grand,3
scarcely,3
theme,3
alternative,3
stools,3
quickly,3
berkeley,3
natural,3
intellectually,3
control,3
introducing,3
best,3
argue,3
domestic,3
dramatic,3
particularly,3
merely,3
hint,3
born,3
list,3
problem,3
careful,3
categories,3
urged,3
strangers,3
turns,3
begins,3
returning,3
substance,3
families,3
memoranda,3
moderate,3
ulrich,3
wis,3
guenter,3
crisis,3
register,3
insight,3
define,3
hunter,3
filson,3
regular,3
colleagues,3
off,3
speak,3
offered,3
blacks,3
early,3
sudden,3
images,3
recent,3
asked,3
bernard,2
go,2
sharpe,2
respected,2
o,2
revisionist,2
waited,2
prescription,2
heroic,2
concerned,2
names,2
wonder,2
low,2
everyone,2
caroliniana,2
omit,2
drawing,2
bile,2
burke,2
join,2
measures,2
constitution,2
plainly,2
bicarbonate,2
expect,2
churchill,2
heal,2
beeson,2
mostly,2
likely,2
schools,2
uterus,2
identified,2
personally,2
archive,2
columbia,2
necessarily,2
harsh,2
unlike,2
habits,2
reiser,2
antebellum,2
uses,2
pneumonia,2
hearts,2
chief,2
controlled,2
turning,2
sic,2
highlight,2
urgency,2
consistent,2
cast,2
gap,2
wrong,2
jackson,2
expressive,2
entailed,2
archer,2
worked,2
bloomington,2
historiography,2
dramatically,2
brisk,2
prejudices,2
individuals,2
skills,2
broken,2
warm,2
conceptualized,2
ipecac,2
bettmann,2
coming,2
senses,2
rule,2
inherent,2
incident,2
aloud,2
hundred,2
onto,2
procedure,2
harvey,2
writes,2
feature,2
failures,2
blow,2
typhoid,2
harrowing,2
skull,2
mind,2
elm,2
miles,2
livelihood,2
robert,2
somewhat,2
laudanum,2
dudley,2
threshold,2
daniel,2
infection,2
system,2
courage,2
theorizing,2
whiskey,2
ltd,2
harris,2
tie,2
king,2
task,2
adverse,2
inflammation,2
deal,2
stepped,2
mastering,2
vol,2
opened,2
recommended,2
politics,2
activity,2
reply,2
shame,2
worlds,2
restraints,2
adopting,2
guy,2
move,2
obvious,2
variations,2
reflecting,2
youth,2
interior,2
enter,2
sweet,2
says,2
diversity,2
exposed,2
divorced,2
accessible,2
collapse,2
abdominal,2
author,2
neighbor,2
points,2
calculated,2
medicating,2
silent,2
g,2
featured,2
womb,2
divine,2
satisfactions,2
mixed,2
relations,2
predicament,2
thready,2
application,2
relatively,2
undeliverable,2
palpation,2
assured,2
expected,2
thing,2
distinct,2
mentors,2
underlying,2
concerning,2
convincing,2
differently,2
response,2
extraordinary,2
served,2
despair,2
truly,2
publications,2
mush,2
explore,2
drawn,2
beat,2
apparently,2
deeply,2
brody,2
delivered,2
hardly,2
generation,2
recalled,2
stanley,2
master,2
alarm,2
higher,2
aim,2
rights,2
late,2
operation,2
poor,2
knoxville,2
philadelphia,2
dangerously,2
whose,2
essential,2
hopes,2
transformations,2
dilemma,2
devastating,2
portrayed,2
gangrene,2
aimed,2
troubled,2
dry,2
overwhelm,2
goes,2
opportunity,2
arm,2
determining,2
grew,2
slippery,2
contributions,2
emergency,2
impressed,2
consequences,2
ames,2
jargon,2
consistency,2
brunswick,2
utterly,2
perceptions,2
conversational,2
adopt,2
cause,2
tensions,2
physically,2
retained,2
yellow,2
candor,2
elsewhere,2
house,2
philosophical,2
likened,2
weak,2
textbook,2
show,2
montgomery,2
surface,2
follow,2
followed,2
notions,2
generally,2
your,2
putting,2
problems,2
amount,2
required,2
bandage,2
suggested,2
decades,2
complete,2
hours,2
yielding,2
vomit,2
pitts,2
nancy,2
diverse,2
six,2
hands,2
strength,2
richmond,2
treatments,2
baton,2
county,2
changed,2
shryock,2
demands,2
countenance,2
circa,2
getting,2
diet,2
dyer,2
afternoon,2
occupation,2
informed,2
equal,2
morning,2
reviews,2
intensity,2
otherwise,2
russell,2
eye,2
numerous,2
taught,2
prayer,2
triumph,2
kathryn,2
gained,2
none,2
basis,2
dilemmas,2
vomiting,2
tr,2
overviews,2
listening,2
received,2
blue,2
framed,2
reader,2
significantly,2
brought,2
crude,2
london,2
thoughts,2
reminded,2
texture,2
copyright,2
lovely,2
partly,2
corded,2
speaking,2
device,2
feigned,2
surrounding,2
employed,2
anything,2
honeycomb,2
reconstructing,2
strengthened,2
dimly,2
markedly,2
weeks,2
shortcomings,2
subtle,2
creating,2
biomedical,2
below,2
questionable,2
bath,2
discourse,2
openly,2
contingency,2
waring,2
ignore,2
members,2
choose,2
comfort,2
presence,2
invaluable,2
dropsy,2
blunt,2
climate,2
suddenly,2
core,2
spirited,2
inability,2
progress,2
results,2
paid,2
deepened,2
slept,2
abstracted,2
value,2
passive,2
valuable,2
activities,2
barbara,2
naming,2
therefore,2
fortunate,2
epistolary,2
opii,2
fell,2
pushes,2
wary,2
quantified,2
successes,2
deadly,2
released,2
nearly,2
refusal,2
rigid,2
eager,2
virginian,2
positive,2
measure,2
fevers,2
communities,2
pivotal,2
victor,2
fascinating,2
makes,2
soon,2
array,2
challenged,2
perceived,2
sinking,2
achieve,2
rode,2
property,2
illuminated,2
professor,2
culture,2
shifting,2
performed,2
robust,2
largest,2
murmur,2
quotations,2
wyndham,2
persuasive,2
persuade,2
reconfigure,2
fire,2
lewis,2
successfully,2
thomasma,2
chaps,2
seizure,2
sickened,2
longer,2
main,2
idea,2
complaints,2
foe,2
advantage,2
diagnoses,2
silently,2
choice,2
tangible,2
grave,2
really,2
cure,2
everything,2
afflicted,2
pathologist,2
observes,2
serious,2
simple,2
forms,2
patterns,2
racist,2
everyday,2
ground,2
manner,2
road,2
essentially,2
purposes,2
establish,2
orthodoxy,2
focusing,2
deep,2
daunting,2
lean,2
reasoning,2
shifts,2
runaway,2
violent,2
original,2
phenomenological,2
fundamentally,2
nonetheless,2
balance,2
exploring,2
vast,2
thirst,2
excluding,2
skepticism,2
immediacy,2
birth,2
touched,2
explanation,2
chiefly,2
helps,2
formal,2
kerr,2
bullet,2
herself,2
identification,2
louis,2
apart,2
tenets,2
findings,2
wound,2
skeptical,2
intermittent,2
outstrip,2
puerperal,2
robinson,2
factor,2
origin,2
questions,2
actual,2
physiology,2
previous,2
office,2
complicated,2
theories,2
rouge,2
alarming,2
emphasizing,2
frustrated,2
publication,2
express,2
midwives,2
urge,2
craniotomy,2
percussion,2
period,2
belongs,2
martin,2
latter,2
africana,2
alive,2
exhalations,2
hort,2
pa,2
eyes,2
methods,2
furthered,2
craft,2
ann,2
blanton,2
anderson,2
teach,2
excluded,2
shands,2
henry,2
recommending,2
looks,2
reformist,2
walked,2
darker,2
la,2
diseased,2
tennessee,2
space,2
dupuy,2
seized,2
tests,2
topography,2
duffin,2
george,2
movements,2
curiosities,2
claimed,2
pieces,2
vague,2
resistant,2
lines,2
widespread,2
instances,2
becomes,2
emetics,2
delirious,2
tissue,2
bears,2
worse,2
determined,2
treacherous,2
wilson,2
anxious,2
class,2
quiet,2
satisfaction,2
quite,2
whole,2
tapped,2
chamber,2
dead,2
supporting,2
autopsy,2
centuries,2
get,2
remains,2
unusual,2
crowded,2
regularly,2
biology,2
door,2
stephen,2
multiple,2
share,2
singular,2
receive,2
comes,2
malarial,2
cachexia,2
wish,2
obstetrics,2
sure,2
tongue,2
specialized,2
neglected,2
instantaneous,2
inquiry,2
ideological,2
milk,2
job,2
obviously,2
rely,2
privileged,2
audience,2
sought,2
wood,2
happiness,2
bynum,2
u,2
disputes,2
living,2
assessment,2
confess,2
impact,2
notable,2
bounding,2
burns,2
reactions,2
soundings,2
adults,2
ones,2
mary,2
convulsions,2
want,2
muscular,2
hoped,2
limbs,2
missed,2
threat,2
wonders,2
popular,2
conference,2
bowel,2
circumstances,2
portraying,2
uniform,2
introduced,2
joining,2
alternatives,2
role,2
beloved,2
african,2
patteson,2
surroundings,2
protestants,2
faculty,2
analogy,2
anesthesia,2
shown,2
jacalyn,2
argument,2
reveals,2
joel,2
twentieth,2
oddness,2
institutional,2
frame,2
grant,2
imperative,2
lifelike,2
dangerous,2
holleman,2
include,2
specialists,2
evidence,2
engraving,2
recalling,2
bound,2
anonymous,2
needs,2
moved,2
removed,2
actions,2
spilled,2
ser,2
indicating,2
recounted,2
arrived,2
mystery,2
langstaff,2
chicago,2
enormity,2
era,2
texts,2
fears,2
views,2
pulses,2
entire,2
persuaded,2
immediately,2
strong,2
altered,2
broader,2
meeting,2
ca,2
built,2
pellegrino,2
major,2
deeper,2
wavering,1
ounces,1
countryside,1
resolve,1
miller,1
arrives,1
vandergriff,1
democracy,1
demeaned,1
brushing,1
complaint,1
inspection,1
amplify,1
objectifying,1
westbury,1
apply,1
done,1
paralleled,1
accidents,1
chronological,1
page,1
greased,1
dirty,1
calibrated,1
imagining,1
melvin,1
horror,1
drafts,1
medieval,1
silences,1
rev,1
bedsides,1
commentary,1
groups,1
rusk,1
operandi,1
transmitted,1
generous,1
stood,1
beauchamp,1
faced,1
foreshortening,1
praised,1
separated,1
truth,1
fanfare,1
deserve,1
distress,1
tuscaloosa,1
providence,1
resulted,1
college,1
fiction,1
occupant,1
blister,1
determine,1
worthy,1
clio,1
trim,1
succinct,1
confessing,1
interestingly,1
notably,1
pushed,1
forth,1
stethoscope,1
reflective,1
germany,1
puppy,1
minutes,1
scottish,1
settlements,1
louisville,1
prediction,1
burton,1
complex,1
eaten,1
swabs,1
deepest,1
achievements,1
possessed,1
ineffectual,1
traded,1
casebook,1
doses,1
unsuccessful,1
tend,1
mankind,1
entries,1
testifying,1
chester,1
catastrophe,1
formed,1
neighborhoods,1
informative,1
cherished,1
asserted,1
unavailing,1
uniquely,1
evocative,1
english,1
groundless,1
bias,1
sensed,1
inconsistent,1
thumping,1
demeaning,1
commonplace,1
encountering,1
mentality,1
coursebook,1
satisfied,1
thwart,1
flows,1
proclaims,1
blows,1
cough,1
ms,1
duke,1
decade,1
motive,1
ourtney,1
discourage,1
fixed,1
raw,1
simultaneously,1
distanced,1
unassisted,1
presents,1
settling,1
title,1
laid,1
occurred,1
knox,1
individually,1
holding,1
tells,1
biographical,1
melt,1
congestive,1
fragile,1
accent,1
vs,1
haskell,1
unite,1
opens,1
phenomenally,1
jostling,1
induced,1
arguing,1
pleurisy,1
princeton,1
selfless,1
departed,1
bark,1
convulsion,1
agitated,1
edge,1
properties,1
spontaneous,1
consultations,1
footing,1
efficacy,1
infancy,1
test,1
appealed,1
lower,1
shades,1
fabric,1
highlighted,1
piles,1
aside,1
passion,1
briggs,1
exhaust,1
beneficial,1
bow,1
failing,1
clip,1
sources,1
timed,1
invention,1
revisited,1
avenues,1
myrl,1
posed,1
production,1
victim,1
exact,1
derives,1
interested,1
quoting,1
implications,1
drastic,1
expression,1
enables,1
clinicopathological,1
address,1
pictured,1
encouraged,1
darkness,1
overpower,1
assist,1
sunday,1
articulate,1
agenda,1
winnowing,1
virulent,1
advanced,1
prestigious,1
malleable,1
intricately,1
love,1
definition,1
georgia,1
combatting,1
possibilities,1
tutor,1
reach,1
principles,1
limb,1
condescending,1
pull,1
prayed,1
jno,1
scientists,1
twenty,1
merit,1
secondary,1
professions,1
disordered,1
broadly,1
ebert,1
dismayed,1
confusion,1
thank,1
greater,1
fingertips,1
rl,1
nineteen,1
follows,1
quotidian,1
sometime,1
washings,1
atlantic,1
concludes,1
hannah,1
intestines,1
kestenbaum,1
sees,1
entering,1
graham,1
emblem,1
efficiently,1
unified,1
achieved,1
heartily,1
quarter,1
clutter,1
patterned,1
particularism,1
teamed,1
tossing,1
relocation,1
improving,1
manipulating,1
greatly,1
precisely,1
influences,1
sartor,1
consulting,1
parade,1
stayed,1
access,1
soured,1
theodore,1
sheet,1
techniques,1
behind,1
administered,1
confused,1
horseback,1
calculus,1
cures,1
similarities,1
apprentice,1
bluntly,1
amria,1
epistemological,1
nowhere,1
cut,1
evaluation,1
side,1
fortune,1
takes,1
killer,1
introductions,1
inseparable,1
suspect,1
sophisticated,1
lest,1
forthcoming,1
resilience,1
blistering,1
resembles,1
roy,1
attacked,1
stretched,1
subsequent,1
sects,1
peculiarities,1
blackburn,1
active,1
primary,1
antedate,1
firm,1
discontent,1
sexual,1
draw,1
twist,1
prescriptions,1
intriguing,1
gratification,1
chapter,1
dreaded,1
porter,1
deceptions,1
format,1
inscribing,1
cares,1
dismantling,1
delivering,1
rectum,1
omissions,1
cooperation,1
authentic,1
planters,1
scrapbooks,1
facilitating,1
slight,1
drive,1
mailed,1
establishing,1
pursue,1
attending,1
reaction,1
october,1
eating,1
vital,1
countered,1
rid,1
inhabited,1
azalea,1
west,1
reconsidering,1
storiesenergetic,1
combination,1
photographed,1
drudgery,1
relocated,1
classifications,1
quantity,1
whitish,1
redefining,1
mccullough,1
sickbed,1
promises,1
investing,1
demanded,1
edginess,1
swayed,1
ritual,1
visualize,1
forged,1
engage,1
celebrate,1
treatise,1
childbearing,1
contrasts,1
denoting,1
tied,1
expecting,1
harmony,1
adding,1
gunshot,1
realizing,1
pursuing,1
hilfiker,1
phenomenal,1
insisting,1
framework,1
stress,1
communicated,1
apoplectic,1
relies,1
eytinge,1
useless,1
comb,1
andrew,1
exercises,1
terministic,1
includes,1
throughout,1
liquor,1
afterthought,1
consideration,1
timber,1
married,1
purges,1
hazards,1
charm,1
oneself,1
surely,1
frustratingly,1
aesculapius,1
relationships,1
beating,1
disorder,1
reverse,1
explained,1
twined,1
severe,1
facts,1
rote,1
dynamics,1
inner,1
quality,1
inevitable,1
farrar,1
diets,1
chooses,1
impersonate,1
realized,1
virulence,1
colleagu,1
kohlstedt,1
struggles,1
corner,1
bodily,1
mastered,1
pumpkins,1
characteristic,1
dozen,1
regarded,1
janet,1
richardson,1
domain,1
brother,1
mutable,1
sweeping,1
portray,1
enjoying,1
consolation,1
occurs,1
bone,1
heightened,1
autopsies,1
jr,1
flux,1
ease,1
employing,1
interchangeably,1
insofar,1
seeming,1
paused,1
southernness,1
feinstein,1
toxicology,1
lessening,1
publishes,1
z,1
learning,1
hat,1
exercise,1
retreats,1
surprise,1
abstractions,1
getz,1
stoeckle,1
adjustment,1
neurologic,1
suddenness,1
meteorology,1
illuminates,1
professionalization,1
pathbreaking,1
cooler,1
concrete,1
blank,1
judged,1
uncontroversial,1
refer,1
te,1
back,1
subjects,1
approval,1
editing,1
inspirational,1
blend,1
modernity,1
beholding,1
peculiarity,1
holds,1
healer,1
unmediated,1
wholly,1
lineage,1
suitable,1
wiser,1
istoricl,1
forbid,1
rossiter,1
applying,1
discvere,1
cohen,1
twice,1
terrill,1
vicinity,1
rhythm,1
sallow,1
larry,1
warned,1
heavy,1
overarching,1
diarrhea,1
grouped,1
overflowed,1
stimulating,1
cassedy,1
ingredient,1
annas,1
filsn,1
raysville,1
wet,1
appreciated,1
operative,1
emphasize,1
weave,1
advised,1
traditions,1
helping,1
rigors,1
sister,1
discovering,1
occasion,1
adult,1
jones,1
urgent,1
deceased,1
jerking,1
nuanced,1
southall,1
influence,1
acknowledge,1
infinite,1
horsman,1
cpcs,1
unfortunate,1
referring,1
meningitis,1
readable,1
traumatic,1
grasp,1
archives,1
communications,1
harbinger,1
reshape,1
live,1
messy,1
wounds,1
rooted,1
wishes,1
laboring,1
town,1
tumbles,1
remedied,1
reflects,1
air,1
extensively,1
marsha,1
predicted,1
joumals,1
testimony,1
saying,1
thirsty,1
truststories,1
mattered,1
alastair,1
principally,1
bilious,1
brethren,1
sentences,1
stressful,1
everett,1
paternity,1
watch,1
fetus,1
excerpts,1
carefully,1
astronomy,1
lie,1
breadth,1
inhalation,1
influential,1
portraiture,1
afterwards,1
louisille,1
explicit,1
loosening,1
heresy,1
levels,1
capture,1
responded,1
process,1
pause,1
rising,1
luck,1
demonstration,1
environments,1
signaled,1
comforts,1
profusion,1
pressing,1
soliloquizing,1
spirits,1
sinapisms,1
edwin,1
slipped,1
undercut,1
lasted,1
stops,1
flexible,1
eight,1
loses,1
humanity,1
lovingly,1
brand,1
leave,1
manson,1
lavender,1
misstep,1
parts,1
plots,1
perkins,1
intemperance,1
desperately,1
assuming,1
institutionalized,1
references,1
witness,1
comforted,1
matched,1
k,1
symbols,1
danger,1
distant,1
grieving,1
devoid,1
oren,1
discoveries,1
factors,1
extremes,1
kneeling,1
wetumpka,1
unfavorably,1
shining,1
support,1
puzzles,1
honey,1
reason,1
posthumous,1
camden,1
howard,1
send,1
tooth,1
gallant,1
susceptibility,1
escape,1
teller,1
salts,1
cauthorn,1
assure,1
self,1
devotes,1
counterparts,1
congested,1
consider,1
purtilo,1
flexibility,1
entry,1
improvement,1
betterment,1
poisoned,1
discouraged,1
dwight,1
ule,1
effervescing,1
substances,1
repeated,1
imposed,1
bursts,1
slowly,1
emergence,1
workplace,1
lacerations,1
cornmeal,1
mistakes,1
meant,1
handled,1
amid,1
proved,1
warren,1
transactions,1
overall,1
tomes,1
distressing,1
receiving,1
gazing,1
decayed,1
neck,1
bruce,1
articulated,1
contemporaries,1
panola,1
instrument,1
argued,1
ignorance,1
quarters,1
prevent,1
reasonably,1
advancing,1
presumed,1
retrospective,1
pedagogical,1
commonly,1
isn,1
fashioned,1
superior,1
populated,1
additional,1
electrified,1
passed,1
readings,1
secretion,1
inattention,1
overseer,1
selective,1
efficient,1
ballard,1
cotton,1
modeled,1
designedly,1
comprising,1
merited,1
alvan,1
harsher,1
leaming,1
oppression,1
expulsion,1
beef,1
barest,1
saving,1
portrays,1
injustice,1
shifted,1
lowndesboro,1
odd,1
imminent,1
dominant,1
appeals,1
fed,1
physicality,1
righting,1
strengthen,1
loading,1
chasing,1
myths,1
numerical,1
campbell,1
fluid,1
translating,1
reflections,1
conquest,1
fierce,1
distancing,1
descriptive,1
talking,1
troubling,1
gregory,1
employment,1
closely,1
advance,1
watchful,1
chair,1
lock,1
retrospection,1
lead,1
misses,1
introduce,1
path,1
walk,1
someone,1
rge,1
arrival,1
sherman,1
haggard,1
declined,1
murky,1
ludmerer,1
withheld,1
carrying,1
marion,1
grasped,1
placenta,1
begun,1
nt,1
search,1
whilst,1
ambitions,1
adhered,1
gradually,1
embracing,1
visits,1
objectives,1
mustard,1
scaling,1
crowd,1
teeming,1
repress,1
curiosity,1
cleanly,1
pass,1
census,1
haller,1
radical,1
disorders,1
worker,1
spleen,1
lawson,1
eagerness,1
nurturing,1
bizarre,1
catch,1
configuration,1
emerge,1
captured,1
haven,1
husbands,1
constantly,1
burst,1
spinning,1
poetry,1
stepping,1
lent,1
frustrations,1
diuretic,1
academic,1
feels,1
contest,1
arranged,1
infected,1
clinician,1
pure,1
equally,1
flask,1
bravely,1
memory,1
standardized,1
hepatitis,1
traced,1
pointing,1
understood,1
durham,1
buried,1
bag,1
omitting,1
midnight,1
silence,1
disclosure,1
skilled,1
hesitated,1
nvsigto,1
indirect,1
afforded,1
distinguishes,1
teacher,1
viewed,1
recently,1
freeis,1
persons,1
recognized,1
meet,1
suffered,1
biases,1
younger,1
scale,1
glands,1
tepid,1
lets,1
obtuseness,1
yarn,1
ford,1
belly,1
sims,1
counties,1
fetched,1
sedative,1
obstruction,1
compare,1
overwhelmed,1
somatic,1
comprehension,1
necessities,1
premise,1
retribution,1
hopkins,1
near,1
scene,1
agonizing,1
influenced,1
criteria,1
briefly,1
aspiration,1
pioneers,1
exert,1
analgesic,1
yaacov,1
periodical,1
compel,1
therapeutics,1
learn,1
degrees,1
closed,1
clarke,1
formerly,1
anecdotes,1
abroad,1
purging,1
sanction,1
window,1
tool,1
ideal,1
invisible,1
claim,1
imagined,1
future,1
wearying,1
struck,1
episode,1
unless,1
stake,1
unexplained,1
advancement,1
sprouting,1
weaves,1
performative,1
pivoted,1
apparent,1
reduction,1
confined,1
coded,1
ethnographies,1
marketplace,1
flourish,1
yearned,1
gender,1
caught,1
elizabeth,1
astonishing,1
geology,1
sole,1
rawlinson,1
acceded,1
bible,1
erratically,1
reasoned,1
fit,1
fail,1
editorial,1
draeptomania,1
tolerating,1
climatic,1
accidental,1
keep,1
patrons,1
actually,1
oaks,1
seethed,1
underscored,1
surpass,1
watching,1
earn,1
ontario,1
thereafter,1
examined,1
coaxing,1
announcing,1
saved,1
bladder,1
et,1
macon,1
mortification,1
rhythms,1
mistaken,1
imploring,1
weekly,1
reflect,1
craftsmen,1
sutton,1
merchant,1
couple,1
sun,1
resort,1
preternatural,1
stanford,1
injunctions,1
gently,1
doubtful,1
horizon,1
universally,1
monroe,1
chill,1
challenging,1
lungs,1
lips,1
minds,1
count,1
chemistry,1
manipulation,1
relentless,1
launching,1
regions,1
numerically,1
depicting,1
kleinman,1
detailed,1
calmly,1
skipped,1
exemplary,1
recuperative,1
naked,1
strove,1
discussing,1
running,1
previously,1
commence,1
uniting,1
wraps,1
hang,1
smith,1
dysmenorrhoea,1
presented,1
flexner,1
current,1
regardless,1
prefiguring,1
galenic,1
tom,1
shaping,1
revolution,1
lee,1
wished,1
subjective,1
speculations,1
straws,1
lawton,1
recollection,1
innocent,1
cope,1
joked,1
rushed,1
delimited,1
unorthodox,1
emerging,1
event,1
involved,1
textual,1
colloquial,1
scarlet,1
heat,1
fatigue,1
autonomy,1
characteristics,1
fueled,1
shockingly,1
cool,1
industry,1
disaster,1
aotd,1
fared,1
observe,1
sharpen,1
massachusetts,1
shaded,1
convey,1
styled,1
texas,1
isis,1
usual,1
urgently,1
reie,1
impossible,1
thraywhc,1
foremost,1
philip,1
brown,1
gunpowder,1
vein,1
acceding,1
visible,1
st,1
majority,1
guess,1
kiple,1
dependent,1
milestones,1
odor,1
hayden,1
unfit,1
proper,1
ellen,1
submitting,1
notice,1
peculiar,1
roots,1
whippings,1
delay,1
appropriate,1
postmortem,1
substituted,1
posing,1
newly,1
skill,1
sacks,1
finds,1
uncritical,1
aims,1
inform,1
waiting,1
clay,1
questioning,1
dictated,1
altering,1
teleology,1
avoid,1
kirkbride,1
discriminating,1
reinvents,1
figl,1
portion,1
newer,1
ride,1
usable,1
otntsmpyt,1
thickly,1
pervasive,1
timeless,1
sovereign,1
graduation,1
inhabit,1
critics,1
temperament,1
walking,1
chaos,1
equality,1
ventured,1
ingredients,1
vanderbilt,1
simpler,1
materials,1
spelled,1
laurel,1
humanist,1
erasing,1
noble,1
bringing,1
boulder,1
fortuitously,1
employ,1
quoted,1
unpredictably,1
salutary,1
concede,1
indicative,1
swirl,1
modus,1
lynn,1
doctoral,1
prognosis,1
exclusivity,1
consists,1
cloud,1
crippled,1
horrors,1
lifelikeness,1
classic,1
forward,1
cullen,1
relentlessly,1
ten,1
shying,1
drops,1
female,1
exception,1
brings,1
reorganization,1
sitting,1
april,1
elusive,1
dugas,1
pile,1
dread,1
harry,1
mystifying,1
illustrating,1
intervention,1
mainstream,1
harbingers,1
folded,1
woods,1
comments,1
experiences,1
depressed,1
stricken,1
inoculation,1
intoxicating,1
reforming,1
movement,1
collapsed,1
labored,1
jarrot,1
hitherto,1
surveyed,1
put,1
gonorrhea,1
flannels,1
stilled,1
conventional,1
tull,1
illuminating,1
fighting,1
biological,1
comforting,1
confronting,1
frank,1
coherence,1
chronicle,1
collect,1
depicted,1
eberle,1
competition,1
criticism,1
inspecting,1
sorrow,1
relied,1
usages,1
lifting,1
interpretation,1
splintered,1
hampden,1
externally,1
permission,1
excessively,1
wake,1
security,1
botanizers,1
craved,1
alongside,1
mendelsohn,1
frowned,1
pernick,1
evil,1
morbid,1
borrowed,1
technology,1
mobile,1
lump,1
dowling,1
disastrous,1
genevieve,1
boundary,1
favorable,1
supplied,1
demographic,1
matilda,1
acting,1
symptomatic,1
initiation,1
adherence,1
indebted,1
noncompliant,1
orders,1
symptom,1
rightly,1
assistance,1
delight,1
shock,1
augusta,1
lacked,1
regina,1
exactness,1
terribly,1
colored,1
showing,1
literally,1
wright,1
foetus,1
lament,1
al,1
responsive,1
authoritatively,1
acknowledging,1
frightened,1
odds,1
donnelly,1
cheerful,1
forcefully,1
ferment,1
unusually,1
summons,1
pinckney,1
toronto,1
disrupted,1
disagreed,1
handling,1
snow,1
awe,1
increasingly,1
avoided,1
company,1
sketch,1
deirdre,1
declining,1
cream,1
volume,1
sam,1
chagrin,1
routes,1
corporeal,1
outbreak,1
enquiry,1
terseness,1
theorist,1
lucid,1
walkin,1
admit,1
ind,1
aspect,1
comfortable,1
courageous,1
attacks,1
omission,1
technique,1
stated,1
humanitarian,1
strike,1
mentions,1
stream,1
mark,1
height,1
mucilaginous,1
fill,1
ended,1
avail,1
conceived,1
deserves,1
chance,1
gathers,1
nearest,1
flat,1
addition,1
winter,1
desiring,1
keeney,1
release,1
erasmus,1
throb,1
ethicists,1
inculcated,1
leading,1
marker,1
breakfast,1
overwhelming,1
fundamental,1
head,1
areas,1
perceptible,1
relates,1
tolerate,1
botanical,1
plan,1
crush,1
murphy,1
developed,1
feigning,1
tumor,1
isolate,1
obliged,1
proceeds,1
hear,1
somewhere,1
unnaturally,1
fallen,1
omitted,1
personality,1
sleuthing,1
seize,1
arthur,1
racism,1
happenstance,1
hitria,1
variation,1
golden,1
earthly,1
condensed,1
mink,1
pattern,1
warmly,1
seldom,1
overdose,1
override,1
fullness,1
sanctioned,1
removal,1
fragments,1
terry,1
childress,1
honor,1
devil,1
stoolsystematically,1
puzzling,1
billings,1
stuff,1
drove,1
ironically,1
model,1
secrets,1
informing,1
couldn,1
organism,1
continuing,1
developing,1
competitors,1
perri,1
occupied,1
himmelsteib,1
relevant,1
contracted,1
foot,1
interview,1
ontological,1
recount,1
auscultation,1
perservere,1
riley,1
blind,1
conviction,1
homological,1
shout,1
branched,1
twins,1
candidly,1
bids,1
resigned,1
frightening,1
konner,1
engagingly,1
remarked,1
asterisks,1
narrativity,1
books,1
gallon,1
harmless,1
mercy,1
publicity,1
amounting,1
threats,1
artless,1
confront,1
lurk,1
stunning,1
gevitz,1
remarkably,1
heed,1
enemas,1
recommend,1
identifiable,1
historiographical,1
chemical,1
break,1
degree,1
restlessness,1
reginald,1
encompassed,1
provenance,1
imagine,1
meetings,1
injured,1
feverish,1
tiring,1
classes,1
private,1
quirky,1
greatest,1
exhibit,1
unsolved,1
oil,1
equate,1
tobacco,1
strangeness,1
intimate,1
laqueur,1
apprenticeships,1
effectiveness,1
celebrations,1
disappear,1
epilepsy,1
range,1
implicated,1
values,1
specialism,1
impart,1
tilted,1
restrained,1
generalizations,1
writings,1
discrimination,1
inexplicable,1
vexed,1
thickness,1
distinctly,1
enormous,1
depended,1
strongly,1
traversing,1
bruner,1
recover,1
fessenden,1
indiana,1
empirical,1
contradictions,1
lecture,1
controlling,1
food,1
touchstone,1
clouded,1
sickening,1
gallons,1
prevailed,1
distrust,1
tabulating,1
contemporary,1
persevere,1
doubt,1
jerome,1
morality,1
vocabulary,1
grander,1
submitted,1
conflicted,1
processes,1
acquiesced,1
circumstance,1
lord,1
nothing,1
continue,1
persistent,1
ibid,1
diagnosed,1
check,1
chosen,1
raising,1
legal,1
imagery,1
dismissed,1
shortly,1
intimacy,1
fashion,1
involves,1
fabricated,1
folwell,1
finally,1
theses,1
ties,1
futile,1
hank,1
passim,1
explorations,1
craving,1
nursing,1
margaret,1
truths,1
regulars,1
tis,1
compressed,1
modem,1
cervix,1
worrying,1
mode,1
habit,1
virtues,1
reputation,1
victory,1
disappointed,1
cruel,1
winslow,1
lonely,1
workers,1
disappoint,1
drains,1
southemer,1
haunted,1
afford,1
homes,1
anne,1
crushing,1
flood,1
tough,1
direct,1
contributor,1
clearing,1
strange,1
smart,1
duties,1
mount,1
features,1
memorable,1
played,1
sketching,1
serves,1
distinction,1
obtained,1
stages,1
brain,1
paths,1
nurses,1
discriminations,1
disadvantage,1
disclaimer,1
accurate,1
bledstein,1
anyone,1
stride,1
misunderstanding,1
graduated,1
tolerance,1
klass,1
sally,1
permitting,1
convalescence,1
quick,1
consist,1
unambiguous,1
observant,1
greasing,1
somehow,1
laying,1
outcomes,1
successor,1
edmund,1
promote,1
elaborate,1
moist,1
allusion,1
botanicals,1
soaked,1
editors,1
hastily,1
amputation,1
successful,1
narrow,1
let,1
malleability,1
interpretations,1
hastings,1
deceiving,1
narrates,1
shallow,1
mr,1
examine,1
describing,1
goodwyn,1
rupture,1
enjoyed,1
expand,1
thirteenth,1
admiringly,1
consumption,1
department,1
idiom,1
propensity,1
dominance,1
jumbled,1
canadian,1
northern,1
awith,1
loudell,1
figures,1
matzner,1
accept,1
lamar,1
institution,1
frictions,1
amateur,1
attend,1
quarterly,1
stick,1
casesespecially,1
wille,1
sandra,1
diana,1
inferior,1
comings,1
awaiting,1
competed,1
widely,1
division,1
stereotypes,1
enumerated,1
aroused,1
attended,1
ehrenreich,1
reluctant,1
decision,1
hunt,1
efface,1
visit,1
shocked,1
ethic,1
reinventing,1
ranging,1
departs,1
provoking,1
dawn,1
withstood,1
speculate,1
twelve,1
third,1
homeopathy,1
reflexive,1
assigned,1
applications,1
esteemed,1
cobweb,1
dreadful,1
stems,1
chances,1
geo,1
invokes,1
streamlined,1
toughen,1
redefine,1
provide,1
deploys,1
hooked,1
foil,1
consolatory,1
recreate,1
elided,1
sinapism,1
outsiders,1
relieved,1
sol,1
williams,1
fear,1
indispensable,1
celebration,1
rpt,1
attitude,1
foregoing,1
ryan,1
hemorrhage,1
institutions,1
dimensions,1
experimenting,1
directions,1
venues,1
humid,1
gastrointestinal,1
team,1
lawrence,1
sr,1
understand,1
proposition,1
oddly,1
contribution,1
thirteen,1
cheering,1
legitimacy,1
vulnerable,1
sheer,1
storytellers,1
unloosed,1
cognitive,1
injury,1
frames,1
capacious,1
linking,1
evolution,1
metaphors,1
sunrise,1
regionalism,1
responsible,1
exclude,1
strides,1
strawberries,1
sociey,1
existed,1
spotlight,1
sorrell,1
transform,1
surprising,1
fenner,1
breasts,1
respect,1
pointedly,1
endure,1
answer,1
charlottesville,1
difretst,1
types,1
davie,1
months,1
exists,1
sympathy,1
affected,1
tapping,1
concealed,1
memorialized,1
dirckx,1
impacted,1
inheres,1
rigorous,1
thick,1
addressed,1
claims,1
undulating,1
complacent,1
circumscribed,1
undertook,1
assistant,1
dissection,1
vaccinating,1
contained,1
crisp,1
curious,1
punished,1
sketches,1
fifteen,1
liked,1
coat,1
associated,1
going,1
material,1
sicker,1
growing,1
ahead,1
worried,1
toast,1
broke,1
worsened,1
cenas,1
usefulway,1
arrest,1
complexity,1
erode,1
changing,1
humane,1
baffled,1
mitchell,1
staggered,1
extending,1
instructed,1
poised,1
onset,1
carr,1
ever,1
bozeman,1
rigidly,1
malingering,1
continues,1
symbolic,1
precise,1
gert,1
apprehended,1
skillful,1
amnii,1
ll,1
willingness,1
ruptured,1
ha,1
carbondale,1
wondered,1
generic,1
darwin,1
underscoring,1
aggressiveness,1
gradations,1
potency,1
thrilling,1
command,1
wider,1
careless,1
faye,1
starr,1
equation,1
bright,1
outcome,1
yoked,1
defining,1
ran,1
flow,1
favorably,1
leder,1
pustule,1
refused,1
extant,1
asylum,1
socialization,1
kozicki,1
rushing,1
reversal,1
worth,1
novel,1
mulatto,1
shunt,1
building,1
seriously,1
roman,1
exploration,1
sampling,1
bathos,1
relapses,1
albeit,1
gone,1
nets,1
capital,1
ivory,1
unknown,1
blisters,1
monotonous,1
ahr,1
aloft,1
compounded,1
faulkner,1
printed,1
casuistry,1
donaldson,1
nights,1
universal,1
determination,1
reminiscent,1
regard,1
allied,1
ministrations,1
diagnostician,1
vibrant,1
relive,1
stretching,1
linked,1
denotes,1
countering,1
asserting,1
refreshed,1
exhausting,1
brilliance,1
reflected,1
bowels,1
generalized,1
childbirth,1
examining,1
identities,1
resentments,1
misshaped,1
consciousness,1
poultices,1
pressured,1
citations,1
oliver,1
kntucky,1
stanch,1
turned,1
prescribing,1
obliquely,1
clarity,1
insistent,1
quietly,1
phrase,1
elevated,1
knows,1
drop,1
storyteller,1
sloppiness,1
according,1
penn,1
reconfigured,1
opaque,1
exposing,1
proceedings,1
victims,1
reign,1
tying,1
ala,1
mucous,1
combined,1
implicit,1
roominess,1
dwyer,1
breeden,1
dallas,1
add,1
attitudes,1
casebooks,1
contrasting,1
map,1
plaster,1
signature,1
condemn,1
sounds,1
warn,1
ripe,1
tightly,1
struggling,1
consisting,1
fascination,1
lessen,1
linger,1
attaining,1
sleeping,1
appetite,1
entice,1
puzzlement,1
studying,1
vitality,1
abruptly,1
kaufman,1
notebooks,1
malaria,1
calhoun,1
split,1
militiamen,1
nesting,1
sparse,1
knife,1
phenomena,1
rally,1
hundreds,1
praying,1
lift,1
tempest,1
prevailing,1
middle,1
periodicals,1
weird,1
swamped,1
martha,1
humors,1
radically,1
ppoe,1
looser,1
remember,1
delivery,1
directive,1
intention,1
fitting,1
level,1
joseph,1
mizrahi,1
attentive,1
gasping,1
entrance,1
awkwardly,1
verisimilitude,1
screens,1
watched,1
conclude,1
affecting,1
swiftness,1
kin,1
resignation,1
prevalent,1
hurried,1
regulate,1
convinced,1
ring,1
summon,1
lies,1
agents,1
controls,1
fth,1
everywhere,1
acute,1
confronted,1
sectional,1
testified,1
encounter,1
contribute,1
theirs,1
twenties,1
mixing,1
botany,1
bees,1
disguised,1
challenges,1
isolated,1
economically,1
representation,1
goals,1
southem,1
canary,1
sufferer,1
misgivings,1
subtlety,1
varied,1
sparked,1
leap,1
precision,1
connotes,1
named,1
impatience,1
blinkered,1
phrensy,1
roomy,1
confounding,1
intent,1
lodged,1
soft,1
hurriedly,1
worsening,1
hallmark,1
gasp,1
background,1
hermeneutic,1
consult,1
conn,1
sufficed,1
unwelcome,1
structured,1
copies,1
lately,1
paradigm,1
cantrell,1
authored,1
straightaway,1
duden,1
charge,1
shorthand,1
courtsy,1
aware,1
flushed,1
motives,1
tulane,1
natchez,1
foundered,1
stupefied,1
actively,1
lively,1
judges,1
detaildoctors,1
isolation,1
kunitz,1
output,1
managing,1
deathof,1
product,1
cautionary,1
screams,1
eclectics,1
rothstein,1
worthiness,1
confessional,1
arenas,1
inappropriate,1
colo,1
reverby,1
philosophy,1
enemata,1
rosner,1
daughter,1
sexuality,1
sir,1
presenting,1
africans,1
summoned,1
measured,1
permeable,1
definitive,1
postscript,1
magical,1
indices,1
staying,1
practiced,1
summary,1
brieger,1
traveling,1
ruth,1
diaspora,1
observation,1
insider,1
privileging,1
searching,1
potential,1
admitting,1
honeysuckle,1
orchestrated,1
thatcher,1
occurring,1
ought,1
evening,1
deciding,1
invited,1
invoking,1
substitute,1
duffy,1
chambers,1
matas,1
prospects,1
correlate,1
inconclusive,1
surge,1
acp,1
cline,1
obligation,1
th,1
sharing,1
precarious,1
create,1
norman,1
exclusively,1
anodyne,1
edges,1
mix,1
riddell,1
charging,1
hometown,1
vagaries,1
wily,1
impress,1
unregulated,1
counts,1
brave,1
seek,1
retrospect,1
swept,1
tired,1
assume,1
darling,1
resembled,1
successive,1
sent,1
signals,1
amory,1
frankly,1
tube,1
tincture,1
medica,1
overlooking,1
