WORDCOUNTS,WEIGHT
of,68
the,66
and,49
to,44
that,31
in,23
i,22
as,17
conservatism,17
have,17
american,16
not,16
a,13
do,13
it,12
ribuffo,11
is,11
many,10
conservative,10
been,9
or,9
important,9
my,9
scholarship,8
history,8
has,8
yohn,8
their,7
but,7
by,7
much,7
they,6
was,6
most,6
historical,6
historians,6
on,6
at,5
liberalism,5
modern,5
are,5
for,5
s,5
political,5
them,5
right,5
review,5
so,5
movements,4
susan,4
us,4
liberal,4
others,4
believe,4
there,4
forms,4
what,4
be,4
leo,4
work,4
part,4
whole,4
central,4
which,4
this,4
own,4
good,4
would,4
should,4
am,4
he,3
no,3
his,3
who,3
makes,3
consider,3
from,3
these,3
experience,3
more,3
also,3
all,3
opposition,3
last,3
those,3
forum,3
belief,3
failure,3
discussion,3
liberals,3
positions,3
ideas,3
such,3
years,3
clear,3
twentieth,3
an,3
century,3
quite,3
systems,3
between,3
through,3
we,3
attention,3
major,3
cite,2
americans,2
corporate,2
generations,2
naturally,2
description,2
primarily,2
institutions,2
april,2
mainstream,2
comments,2
terms,2
one,2
why,2
analysis,2
standard,2
about,2
certify,2
oppositional,2
historian,2
powerful,2
only,2
social,2
dominant,2
taken,2
view,2
ask,2
intellectual,2
other,2
ahr,2
brinkley,2
dispute,2
take,2
serious,2
reasons,2
explain,2
conservatives,2
some,2
freedom,2
neatly,2
range,2
claim,2
purpose,2
issues,2
people,2
think,2
individuals,2
notice,2
alan,2
relatively,2
individual,2
progressive,2
several,2
sufficient,2
trying,2
response,2
themselves,2
implication,2
even,2
among,2
professional,2
grateful,2
actions,2
society,2
increasing,1
model,1
flourished,1
admire,1
suggest,1
failed,1
fifty,1
therefore,1
suggestion,1
interesting,1
relationship,1
rate,1
me,1
understands,1
reflects,1
played,1
riff,1
she,1
way,1
provide,1
quo,1
bring,1
short,1
indeed,1
categorizing,1
gatekeeper,1
conflation,1
worthy,1
disagreements,1
mean,1
politicians,1
whatever,1
considerably,1
marginalized,1
says,1
make,1
defenses,1
understand,1
bridle,1
standing,1
legitimacy,1
talk,1
rapidly,1
try,1
suppose,1
spanning,1
life,1
study,1
often,1
hope,1
dismiss,1
likely,1
with,1
yet,1
ways,1
support,1
exists,1
reason,1
fit,1
inconsistent,1
articles,1
paradigms,1
serve,1
array,1
dichotomy,1
policy,1
position,1
into,1
neglected,1
emergence,1
any,1
just,1
culture,1
growing,1
something,1
contest,1
weinstein,1
precursors,1
too,1
already,1
women,1
simply,1
extensive,1
increasingly,1
williams,1
speculating,1
implied,1
statement,1
offered,1
persuasive,1
claims,1
modest,1
long,1
embraced,1
rather,1
certainly,1
here,1
if,1
give,1
providing,1
defining,1
choose,1
deserves,1
emerged,1
dismay,1
concede,1
readily,1
contention,1
missing,1
descriptions,1
words,1
lack,1
condescending,1
preserve,1
marginalization,1
continue,1
scholars,1
did,1
leaders,1
departments,1
argue,1
appeared,1
surprised,1
forces,1
effort,1
narrative,1
particularly,1
studied,1
expresses,1
kolko,1
composition,1
contemporary,1
copious,1
embrace,1
passage,1
readers,1
state,1
fits,1
left,1
greatly,1
believed,1
precisely,1
defend,1
cultural,1
scholarly,1
reviews,1
within,1
developing,1
flattered,1
contents,1
recently,1
ones,1
otherwise,1
norms,1
exploration,1
public,1
misunderstood,1
while,1
america,1
discuss,1
shape,1
produce,1
interpreted,1
enriching,1
meetings,1
competent,1
politics,1
correctly,1
journals,1
literature,1
slight,1
presume,1
both,1
prism,1
obvious,1
attentive,1
point,1
say,1
including,1
intelligent,1
courses,1
role,1
african,1
concessions,1
himself,1
subject,1
tried,1
puzzled,1
assumptions,1
use,1
impulses,1
programs,1
force,1
oppose,1
selfidentification,1
writing,1
being,1
questions,1
our,1
were,1
surely,1
laments,1
ultimately,1
argument,1
status,1
difference,1
reveals,1
constantly,1
write,1
profession,1
finally,1
essay,1
contests,1
least,1
isolating,1
like,1
field,1
need,1
things,1
high,1
values,1
centrality,1
order,1
contrast,1
attempted,1
anyone,1
thing,1
nor,1
around,1
late,1
small,1
inclinations,1
labels,1
few,1
enough,1
subjects,1
contrary,1
encompass,1
body,1
textbooks,1
newdespite,1
difficulty,1
become,1
broadening,1
interpretations,1
justify,1
effective,1
define,1
era,1
centrist,1
core,1
generally,1
postwar,1
bounds,1
because,1
world,1
figures,1
tendency,1
notes,1
traditions,1
alienated,1
overstates,1
