WORDCOUNTS,WEIGHT
the,385
of,298
and,199
in,156
a,104
that,90
to,69
as,59
history,58
s,49
is,45
on,41
american,40
hollinger,34
has,33
it,31
for,31
racial,30
between,30
white,29
asian,29
states,29
been,28
have,28
united,27
with,27
by,25
u,25
his,24
not,24
an,23
pacific,22
was,20
from,20
sexual,19
about,18
or,18
at,17
this,17
end,17
we,17
historical,16
be,16
than,15
americans,15
tiger,15
woods,15
new,15
i,14
such,14
he,14
also,14
what,14
race,14
into,13
but,13
amalgamation,13
through,13
migration,12
there,12
war,12
sex,12
mixing,12
one,11
women,11
century,11
supremacy,11
december,11
japanese,11
well,11
intermarriage,11
were,11
would,11
asia,10
other,10
review,10
marriage,10
had,10
however,10
european,10
migrants,10
racialization,10
are,10
america,9
mixed,9
men,9
even,9
ways,9
start,9
social,9
whiteness,9
if,8
overcoming,8
long,8
military,8
might,8
york,8
their,8
descent,8
sense,8
boundaries,8
world,8
time,8
see,8
essay,8
so,8
who,8
different,8
servicemen,7
atlantic,7
henry,7
laws,7
labor,7
brides,7
when,7
region,7
mixture,7
yu,7
terms,7
both,7
way,6
they,6
contact,6
whites,6
rather,6
across,6
university,6
produced,6
people,6
hawai,6
practices,6
expansion,6
culture,6
many,6
children,6
native,6
ethnic,6
california,6
common,5
being,5
all,5
those,5
marked,5
west,5
how,5
most,5
term,5
because,5
year,5
during,5
ethnicity,5
interracial,5
south,5
us,5
two,5
only,5
more,5
hypodescent,5
understanding,5
transgressive,5
can,5
peoples,5
lens,5
fascination,5
property,5
marriages,5
argument,5
should,5
episodes,4
northeast,4
crossing,4
before,4
something,4
throughout,4
spickard,4
racism,4
no,4
process,4
just,4
origins,4
could,4
out,4
shared,4
chinese,4
future,4
rise,4
encounters,4
working,4
southeast,4
communities,4
same,4
these,4
idea,4
power,4
others,4
do,4
model,4
local,4
significant,4
processes,4
intimacy,4
described,4
points,4
david,4
like,4
period,4
somehow,4
story,4
southwest,4
division,4
binary,4
transformation,4
wives,4
face,4
orientals,4
korean,4
berkeley,4
them,4
making,4
calif,4
particular,4
categories,4
african,4
using,4
twentieth,4
national,4
defined,4
potential,4
focus,4
much,4
north,4
recent,4
laborers,4
swallow,3
princeton,3
first,3
ii,3
scientists,3
together,3
differences,3
wave,3
last,3
political,3
east,3
some,3
framework,3
conflict,3
historically,3
amerasia,3
hawaii,3
immigrants,3
times,3
perspective,3
columbia,3
rights,3
consider,3
n,3
vietnam,3
ethnoracial,3
instance,3
paragraph,3
my,3
based,3
called,3
line,3
place,3
regions,3
love,3
talked,3
things,3
order,3
spanish,3
revealing,3
brought,3
coast,3
up,3
progress,3
describes,3
society,3
indeed,3
racialized,3
harris,3
southern,3
philadelphia,3
arendt,3
provide,3
fact,3
saxton,3
identity,3
forms,3
less,3
perhaps,3
vast,3
arose,3
operated,3
which,3
dominated,3
individual,3
black,3
january,3
enemies,3
continued,3
lines,3
widespread,3
male,3
hope,3
thinking,3
following,3
here,3
intellectual,3
expanding,3
alexander,3
half,3
episodic,3
very,3
stability,3
transgression,3
asians,3
boston,3
definitions,3
question,3
product,3
blacks,3
scholarship,3
among,3
final,2
child,2
bride,2
car,2
meaning,2
groups,2
implies,2
celebrate,2
jews,2
ma,2
studies,2
modern,2
missionaries,2
occurred,2
nineteenth,2
j,2
seems,2
words,2
gary,2
shaped,2
narrative,2
hannah,2
reproduction,2
feature,2
honolulu,2
hodes,2
british,2
issue,2
existence,2
eastern,2
matthew,2
mass,2
incorporate,2
politics,2
reaction,2
newsweek,2
central,2
married,2
used,2
development,2
since,2
presage,2
hierarchy,2
proliferated,2
interest,2
large,2
moment,2
relations,2
adams,2
progressive,2
plantation,2
back,2
races,2
left,2
demonization,2
find,2
chan,2
rates,2
site,2
interesting,2
without,2
act,2
bring,2
l,2
angeles,2
legal,2
similar,2
importance,2
certain,2
earl,2
category,2
numbers,2
w,2
mixtures,2
jacobson,2
okihiro,2
beyond,2
obstacles,2
neither,2
helped,2
important,2
talking,2
came,2
asserts,2
color,2
frye,2
changed,2
unions,2
understood,2
cultural,2
silence,2
recently,2
analogous,2
opposition,2
possibility,2
hierarchies,2
lipsitz,2
illustrated,2
london,2
example,2
civil,2
irish,2
its,2
gender,2
minority,2
oriental,2
legacy,2
least,2
los,2
successful,2
discourse,2
quite,2
kultida,2
acts,2
texas,2
production,2
provided,2
roediger,2
will,2
likely,2
role,2
territorial,2
overall,2
islands,2
thinkers,2
amalgamating,2
fighting,2
fascinating,2
serve,2
boundary,2
sucheng,2
ed,2
belonging,2
insights,2
department,2
moments,2
paul,2
book,2
challenge,2
observers,2
toward,2
analytical,2
turner,2
nathan,2
fashion,2
man,2
patterns,2
enough,2
existing,2
armed,2
alchemy,2
eds,2
going,2
discourses,2
father,2
previously,2
glazer,2
use,2
ideas,2
chosen,2
trade,2
maintenance,2
divisions,2
allowed,2
general,2
mexico,2
ended,2
after,2
systems,2
become,2
claiming,2
postwar,2
dominance,2
immigration,2
concluded,2
me,2
george,2
mother,2
primarily,2
success,2
transformed,2
privileges,2
why,2
blood,2
existed,2
frontier,2
interpretive,2
sections,2
wars,2
any,2
associated,2
citizenry,2
incorporated,2
quickly,2
defining,2
over,2
each,2
cultures,2
save,2
historians,2
seem,2
best,2
ahr,2
particularly,2
enemy,2
latin,2
better,2
cheryl,2
born,2
unique,2
whether,2
problem,2
annexed,2
while,2
suggests,2
martha,2
bodies,2
subject,2
discussion,2
phenomenon,2
writing,2
amalgamated,2
think,2
formation,2
argues,2
difference,2
cambridge,2
course,2
define,2
socially,2
need,2
evidence,2
sports,2
effects,2
sexuality,2
specific,2
themselves,2
c,2
aloha,2
philippines,2
built,2
gis,1
entities,1
margins,1
barbara,1
currently,1
done,1
winant,1
curtailed,1
anthony,1
later,1
indicated,1
centering,1
devolves,1
created,1
separated,1
truth,1
migrated,1
dangers,1
everyone,1
personnel,1
affected,1
widening,1
yuen,1
extends,1
thai,1
mundane,1
linguistic,1
group,1
reflection,1
juxtaposition,1
complex,1
perpetuate,1
mobility,1
essays,1
uniquely,1
federal,1
mexican,1
jonathan,1
licenses,1
former,1
almaguer,1
polynesians,1
explicable,1
necessarily,1
predicting,1
unlike,1
exacerbate,1
incredible,1
antisemitic,1
attuned,1
amerasian,1
sugrue,1
assaults,1
hoping,1
highlight,1
predominantly,1
said,1
member,1
anything,1
cast,1
deter,1
t,1
explaining,1
harvard,1
sources,1
caroline,1
certainly,1
jackson,1
creation,1
distinguishing,1
attempts,1
rested,1
attempt,1
terrain,1
absurd,1
neil,1
quintard,1
definition,1
possibilities,1
masako,1
europe,1
continue,1
tradition,1
lessen,1
accompanied,1
tours,1
borders,1
desire,1
reasons,1
rich,1
inherent,1
government,1
lumped,1
reveal,1
products,1
take,1
kingdom,1
ancestry,1
mexicans,1
admixtures,1
enloe,1
normal,1
embody,1
china,1
alike,1
segregated,1
within,1
intersection,1
context,1
similarities,1
depends,1
speech,1
case,1
forum,1
depending,1
portugal,1
mulatto,1
key,1
albeit,1
indispensible,1
draws,1
primary,1
bases,1
conditioned,1
addresses,1
design,1
mythology,1
resisting,1
opened,1
howard,1
possible,1
international,1
commonality,1
bibliography,1
issei,1
reconsidering,1
taking,1
point,1
rosa,1
conceptual,1
classifications,1
fluorescence,1
genetic,1
prevented,1
omi,1
warfare,1
says,1
collection,1
sign,1
separating,1
colonized,1
usage,1
segregation,1
human,1
natives,1
descendents,1
divorced,1
disenfranchisement,1
denying,1
spectrum,1
difficulties,1
quality,1
professor,1
borderlands,1
constantly,1
safety,1
against,1
assumes,1
author,1
millennium,1
bodily,1
center,1
brokers,1
highlighting,1
eurasian,1
living,1
seeming,1
topic,1
overly,1
privilege,1
turn,1
unity,1
cases,1
golfer,1
nor,1
reimagining,1
curiously,1
simpson,1
averaging,1
body,1
highest,1
channels,1
inclusion,1
served,1
single,1
vancouver,1
alliances,1
skew,1
student,1
journal,1
look,1
unwanted,1
citizen,1
helping,1
encyclopedia,1
savage,1
durham,1
promised,1
tragically,1
may,1
aim,1
poor,1
banality,1
seizes,1
german,1
hopes,1
identification,1
ba,1
growth,1
encompassed,1
absent,1
centered,1
developed,1
effluence,1
edward,1
basic,1
conflation,1
silencing,1
rondilla,1
catholics,1
outward,1
samoa,1
associate,1
connected,1
thing,1
humanity,1
talk,1
derived,1
ongoing,1
sexualization,1
procreative,1
assuming,1
chattel,1
special,1
slaveholders,1
blurring,1
consequences,1
intensity,1
support,1
fantasy,1
means,1
understand,1
changes,1
acquisition,1
maintaining,1
scourge,1
bad,1
wages,1
dichotomy,1
image,1
serviced,1
linked,1
korea,1
ideologies,1
indios,1
mary,1
quoted,1
northeastern,1
argued,1
too,1
prevent,1
exoticism,1
powerful,1
indications,1
kupiec,1
cotton,1
islanders,1
injustice,1
odd,1
antithetical,1
jumbling,1
strategy,1
providing,1
cut,1
conflicts,1
titter,1
conquest,1
union,1
whereas,1
gooks,1
cynthia,1
slave,1
introduce,1
migrant,1
romanzo,1
harbor,1
societies,1
purport,1
carrying,1
found,1
search,1
critically,1
access,1
intellectuals,1
pass,1
census,1
primacy,1
radical,1
initial,1
base,1
coalitions,1
genes,1
hispanic,1
equally,1
though,1
italians,1
yen,1
reinforce,1
cannot,1
alluring,1
criteria,1
experiment,1
aspects,1
lost,1
having,1
dilemmas,1
literature,1
accomplishment,1
formerly,1
received,1
generative,1
hints,1
imagined,1
protected,1
concept,1
prominent,1
part,1
annexation,1
norm,1
apparent,1
indigenous,1
spanishamerican,1
crossings,1
parameters,1
whole,1
attenuation,1
continuation,1
outpouring,1
describe,1
island,1
inherited,1
gi,1
subtly,1
warranted,1
work,1
oaks,1
guam,1
filipinos,1
forces,1
focuses,1
halfway,1
away,1
formations,1
astute,1
nakano,1
stanford,1
won,1
alliance,1
ucla,1
graduate,1
transatlantic,1
either,1
good,1
change,1
wholesale,1
published,1
joanne,1
describing,1
hard,1
field,1
coup,1
wildly,1
transgressions,1
indicators,1
phrase,1
settlement,1
orient,1
involved,1
around,1
inextricably,1
family,1
orientalist,1
several,1
enslaved,1
driving,1
june,1
dividend,1
presence,1
research,1
shadows,1
protect,1
usual,1
telling,1
manichean,1
crazy,1
always,1
majority,1
wife,1
results,1
notes,1
bananas,1
newly,1
am,1
bulworth,1
periods,1
settlers,1
integrating,1
amalgamate,1
nation,1
haole,1
matter,1
nonetheless,1
myriad,1
action,1
economic,1
enjoyable,1
service,1
labeled,1
description,1
return,1
notoriously,1
inclusive,1
framing,1
purports,1
female,1
matrilineal,1
reorganization,1
warner,1
prism,1
formative,1
still,1
above,1
bill,1
pacification,1
experiences,1
interrelations,1
movement,1
thailand,1
strategic,1
hold,1
latinos,1
profoundly,1
chap,1
biological,1
guide,1
once,1
ke,1
yet,1
violence,1
lloyd,1
sociologists,1
represents,1
read,1
sounds,1
seeing,1
specifics,1
thesis,1
salient,1
forays,1
shock,1
teaching,1
shifting,1
issues,1
naval,1
wright,1
indian,1
largest,1
already,1
alien,1
qualified,1
animus,1
williams,1
regional,1
filipino,1
inheritance,1
foucault,1
sketch,1
useful,1
policing,1
law,1
filipina,1
blinders,1
frederick,1
stripes,1
ask,1
slavery,1
addition,1
added,1
overthrown,1
smith,1
drumbeat,1
lack,1
beret,1
stories,1
deafening,1
areas,1
agree,1
larger,1
diverse,1
incorporation,1
john,1
contemporary,1
variation,1
considerable,1
arguably,1
observes,1
never,1
conclusions,1
blackness,1
ground,1
colonizer,1
puerto,1
manner,1
where,1
developing,1
empire,1
skewing,1
marrying,1
michael,1
answer,1
hapa,1
ports,1
practice,1
focusing,1
japan,1
belief,1
books,1
complicated,1
number,1
remarkably,1
intermixings,1
obsession,1
day,1
remained,1
violent,1
charted,1
empirically,1
antisemitism,1
hue,1
investment,1
mythic,1
divided,1
campaigns,1
heralded,1
invested,1
effectiveness,1
birth,1
own,1
easier,1
speculates,1
contours,1
limitations,1
including,1
load,1
expand,1
europeans,1
thriving,1
curtail,1
largely,1
wonderful,1
honours,1
emphasize,1
causes,1
collaborative,1
outmarry,1
bitter,1
trend,1
nothing,1
individuals,1
laboratory,1
encapsulate,1
interethnic,1
optimistic,1
pattern,1
okamura,1
clear,1
adding,1
michel,1
movies,1
peter,1
faces,1
amounts,1
workers,1
conception,1
caribbean,1
overemphasize,1
features,1
high,1
serves,1
nakamura,1
outmarriages,1
wish,1
standard,1
thomas,1
latter,1
neutral,1
class,1
strangely,1
educational,1
pearl,1
behind,1
commentators,1
glenn,1
editors,1
effect,1
extravagance,1
looks,1
looked,1
dividing,1
streams,1
versus,1
saw,1
connections,1
professional,1
basically,1
massie,1
recurring,1
propose,1
regimes,1
penultimate,1
entitled,1
rico,1
debbie,1
hurdle,1
perspectives,1
window,1
inhabitants,1
science,1
bulk,1
popularity,1
crucial,1
usually,1
symbolizes,1
camptown,1
vision,1
bound,1
program,1
celebration,1
kanaka,1
suburbanization,1
colonizers,1
concluding,1
seen,1
returned,1
hopeful,1
threaten,1
aina,1
worlds,1
often,1
possessive,1
efficiency,1
analysis,1
fall,1
researcher,1
espiritu,1
enforced,1
fields,1
centuries,1
months,1
itself,1
canada,1
articles,1
islander,1
considered,1
school,1
anthropological,1
abhorrent,1
shadow,1
heavy,1
eventually,1
lessons,1
categorizations,1
series,1
conclusion,1
version,1
intensification,1
nervous,1
ascendant,1
must,1
simply,1
titled,1
yuh,1
speculating,1
continues,1
extension,1
theme,1
known,1
constructed,1
masses,1
quotes,1
dehumanization,1
symbol,1
affirmative,1
set,1
cover,1
continental,1
fault,1
inequities,1
novel,1
ratio,1
global,1
believe,1
did,1
effusive,1
argue,1
universal,1
current,1
regard,1
vicious,1
inquiry,1
deconstruction,1
cayton,1
asserting,1
constant,1
reflected,1
examining,1
identities,1
differed,1
proposed,1
hippolite,1
feminist,1
phd,1
suffering,1
bewildered,1
reactions,1
add,1
passed,1
signature,1
beaches,1
novelty,1
shortages,1
nisei,1
listen,1
create,1
dark,1
produce,1
imperial,1
almost,1
agreed,1
phenomena,1
emphasis,1
urban,1
art,1
middle,1
popular,1
son,1
circumstances,1
foley,1
careful,1
recognition,1
met,1
subsidies,1
republic,1
duty,1
giving,1
step,1
reappraisal,1
went,1
measure,1
encounter,1
target,1
arguments,1
protestants,1
descendent,1
indebted,1
challenges,1
gain,1
faculty,1
naughtiness,1
vietnamese,1
relates,1
analogy,1
tomas,1
come,1
charlie,1
afflicted,1
understandings,1
until,1
whitening,1
ignored,1
wis,1
numerous,1
opens,1
finally,1
balked,1
discursive,1
crisis,1
dangerous,1
slavs,1
instead,1
include,1
green,1
physical,1
off,1
diaspora,1
madison,1
shift,1
speak,1
campaign,1
comparison,1
evelyn,1
thousand,1
observation,1
supported,1
territories,1
classificatory,1
succeeded,1
upbringing,1
era,1
sharing,1
array,1
early,1
chung,1
incur,1
kim,1
severely,1
given,1
racially,1
koreans,1
taylor,1
cross,1
statement,1
building,1
fur,1
confrontations,1
arizona,1
