WORDCOUNTS,WEIGHT
the,576
of,420
in,308
and,249
to,236
a,138
childhood,119
that,113
children,107
is,97
for,74
it,66
on,66
family,57
be,54
was,49
this,46
from,46
by,44
as,43
child,41
about,40
at,36
they,36
were,35
have,35
their,34
has,33
not,32
one,31
history,31
s,31
more,31
with,30
but,29
aries,28
or,28
how,25
historical,25
he,24
which,24
an,22
been,22
are,22
american,21
century,21
what,21
there,20
approach,20
world,20
historians,19
study,19
its,19
different,19
past,19
other,18
those,17
than,17
some,16
strategy,16
had,16
middle,16
will,16
abandonment,16
them,16
evidence,16
experience,15
review,15
his,15
most,15
work,15
up,15
ages,15
can,15
all,14
labor,14
poor,14
many,14
time,14
see,14
early,14
october,13
adult,13
culture,13
europe,13
new,13
material,13
girls,13
both,13
between,13
may,12
economic,12
these,12
life,12
families,12
women,11
within,11
such,11
out,11
london,11
likely,11
only,11
scholars,11
where,11
cunningham,11
economy,11
medieval,10
book,10
late,10
example,10
own,10
who,10
became,10
should,10
essays,9
studies,9
west,9
human,9
histories,9
issue,9
calvert,9
hugh,9
also,9
set,9
whether,9
boys,9
emphasis,9
themselves,9
way,8
into,8
nineteenth,8
sources,8
parents,8
age,8
chinese,8
cultural,8
schultz,8
toys,8
when,8
society,8
do,8
recent,8
legitimate,7
historiography,7
illegitimacy,7
perspective,7
no,7
lives,7
dolls,7
impact,7
schooling,7
literature,7
issues,7
present,7
books,7
understanding,7
eighteenth,7
ideas,7
would,7
period,7
henderson,7
european,7
davin,7
often,7
centuries,7
any,7
cultures,7
did,7
wall,7
adults,7
twentieth,7
foundling,7
focus,7
much,7
use,6
western,6
being,6
concepts,6
find,6
york,6
l,6
importance,6
peasant,6
n,6
care,6
concept,6
clothes,6
j,6
home,6
shows,6
florence,6
questions,6
so,6
high,6
we,6
attention,6
seventeenth,6
rudolph,6
over,6
particular,6
level,6
abandoned,6
now,5
if,5
modern,5
first,5
together,5
state,5
case,5
kinney,5
body,5
babies,5
german,5
rather,5
bring,5
changes,5
india,5
societies,5
could,5
hospitals,5
because,5
well,5
part,5
gender,5
people,5
change,5
least,5
research,5
always,5
cycle,5
practices,5
nearly,5
ed,5
fact,5
treatment,5
eds,5
school,5
growing,5
suggests,5
role,5
contribute,5
argues,5
although,5
need,5
views,5
does,4
since,4
approaches,4
weiner,4
agenda,4
nature,4
shaped,4
differences,4
able,4
take,4
china,4
key,4
advice,4
point,4
far,4
resources,4
against,4
central,4
marriage,4
compulsory,4
across,4
contributions,4
too,4
beyond,4
important,4
standards,4
poverty,4
guidance,4
james,4
decisions,4
future,4
field,4
quite,4
brought,4
motherhood,4
philip,4
infanticide,4
valuable,4
viazzo,4
short,4
comparative,4
us,4
two,4
social,4
comparison,4
idea,4
fundamental,4
considerable,4
strategies,4
made,4
range,4
largely,4
nuclear,4
times,4
like,4
division,4
she,4
institutions,4
began,4
outcome,4
paolo,4
pollock,4
must,4
writing,4
until,4
richard,4
shift,4
images,4
famous,4
rate,3
later,3
large,3
complex,3
english,3
ways,3
source,3
rising,3
majority,3
give,3
taken,3
concentrated,3
england,3
seems,3
mass,3
changed,3
possible,3
economies,3
exist,3
throughout,3
understand,3
interest,3
pier,3
forgotten,3
expected,3
kind,3
amount,3
young,3
drawn,3
kept,3
higher,3
rights,3
whose,3
developed,3
house,3
milan,3
dominant,3
view,3
though,3
placed,3
however,3
exploration,3
r,3
contextualized,3
used,3
place,3
martindale,3
wider,3
concerns,3
telling,3
proper,3
value,3
south,3
play,3
transition,3
make,3
experiences,3
perceived,3
same,3
french,3
addition,3
pressure,3
beliefs,3
enable,3
doubt,3
michael,3
perhaps,3
classes,3
extended,3
treated,3
mothers,3
values,3
significant,3
three,3
essay,3
hardship,3
provides,3
especially,3
written,3
sometimes,3
gullickson,3
try,3
length,3
analysis,3
rouen,3
hope,3
considered,3
addressed,3
then,3
conclusion,3
norms,3
theme,3
drew,3
country,3
best,3
argue,3
half,3
factors,3
beginning,3
attitudes,3
influenced,3
anxieties,3
through,3
subject,3
simply,3
our,3
cambridge,3
shahar,3
course,3
willingness,3
roles,3
assumed,3
given,3
among,3
seek,3
showed,3
nicholas,2
difficult,2
karin,2
fathers,2
common,2
concerned,2
created,2
gavitt,2
e,2
introduction,2
expect,2
properly,2
tend,2
word,2
second,2
live,2
miriam,2
philippe,2
easily,2
hair,2
something,2
princeton,2
chief,2
rome,2
said,2
anything,2
either,2
global,2
long,2
processes,2
attempts,2
might,2
attempt,2
bastardy,2
discerned,2
definition,2
gary,2
slur,2
possibilities,2
reach,2
tradition,2
great,2
emotion,2
rich,2
behnke,2
real,2
subsequent,2
achieved,2
commercialism,2
raised,2
robert,2
opposite,2
stearns,2
context,2
system,2
evaluation,2
cue,2
sophisticated,2
draws,2
america,2
draw,2
colombia,2
account,2
opened,2
sonnino,2
illegitimate,2
taking,2
variations,2
andrew,2
phase,2
married,2
surely,2
spectrum,2
run,2
characteristic,2
living,2
turn,2
distinct,2
old,2
commercialization,2
highest,2
journal,2
look,2
influence,2
stanley,2
crow,2
interesting,2
philadelphia,2
testimony,2
links,2
main,2
influential,2
levels,2
rescue,2
proportion,2
loses,2
similar,2
parts,2
space,2
moreover,2
orphanages,2
childhoods,2
linked,2
mistranslation,2
argued,2
frequently,2
show,2
passed,2
followed,2
consequence,2
weighed,2
suggested,2
drawing,2
whereas,2
here,2
hands,2
access,2
lived,2
emotionally,2
term,2
zelizer,2
academic,2
further,2
informed,2
stock,2
population,2
scale,2
otherwise,2
volker,2
facilities,2
numerous,2
wide,2
huge,2
abuse,2
scope,2
shulamith,2
responding,2
hairstyles,2
imagined,2
purpose,2
knowledge,2
confined,2
whole,2
during,2
contains,2
records,2
eutropean,2
away,2
girlhood,2
published,2
responses,2
legacy,2
suggest,2
prevalence,2
order,2
destiny,2
heart,2
industry,2
attached,2
dowry,2
tended,2
games,2
roots,2
notes,2
dowries,2
geographical,2
steedman,2
chronological,2
demand,2
orme,2
indeed,2
female,2
constraints,2
still,2
above,2
indicates,2
basque,2
southern,2
guide,2
once,2
oxford,2
museum,2
reference,2
opportunities,2
read,2
alongside,2
under,2
restricted,2
inspiration,2
waltner,2
sociological,2
islam,2
abandon,2
eugenio,2
industrial,2
gay,2
emotional,2
picture,2
volume,2
street,2
challenge,2
carolyn,2
toward,2
again,2
renewed,2
responsibilities,2
ask,2
demographic,2
striking,2
wu,2
john,2
end,2
contemporary,2
anne,2
forms,2
patterns,2
manner,2
income,2
less,2
tell,2
japan,2
groom,2
number,2
years,2
another,2
discourses,2
vast,2
formal,2
region,2
looking,2
elite,2
concern,2
confidence,2
assumption,2
dress,2
evolution,2
continue,2
complicated,2
nevertheless,2
peter,2
workers,2
held,2
spread,2
lie,2
earlier,2
mourning,2
hunecke,2
conclusions,2
labour,2
arise,2
ann,2
percent,2
seeking,2
implication,2
embodied,2
la,2
offspring,2
examines,2
separate,2
relationship,2
today,2
provide,2
linda,2
employment,2
begin,2
primarily,2
seen,2
collections,2
translation,2
contribution,2
countries,2
why,2
es,2
construction,2
dead,2
exists,2
itself,2
biology,2
thinking,2
comes,2
complexity,2
changing,2
circumstances,2
wear,2
precise,2
physical,2
cover,2
domestic,2
particularly,2
hospital,2
very,2
cities,2
rural,2
emerges,2
february,2
believed,2
william,2
according,2
portraiture,2
terms,2
form,2
greven,2
ones,2
adopted,2
cult,2
firmly,2
extent,2
her,2
while,2
anna,2
translated,2
burden,2
furniture,2
little,2
prevalent,2
impose,2
assumptions,2
measure,2
kids,2
representation,2
think,2
question,2
argument,2
conditions,2
institutional,2
write,2
aware,2
manufacturers,2
lively,2
enlightenment,2
france,2
effects,2
increased,2
potential,2
engerman,2
ari,2
c,2
scholarship,2
texts,2
exclusively,2
develop,2
cross,2
statement,2
asked,2
summed,1
final,1
appeal,1
customers,1
grieved,1
formulated,1
currently,1
surround,1
done,1
bride,1
conflicting,1
anthony,1
implying,1
substances,1
meaning,1
subdivides,1
monsters,1
stood,1
wonder,1
culminated,1
market,1
affected,1
consume,1
trans,1
measures,1
adoption,1
considerably,1
per,1
germany,1
church,1
group,1
becoming,1
basingstoke,1
womanhood,1
globalization,1
burton,1
factories,1
chi,1
kinds,1
fate,1
nostalgia,1
enhance,1
prime,1
alive,1
true,1
ransel,1
h,1
centursies,1
han,1
conscious,1
satisfied,1
foreshadows,1
former,1
greater,1
acceptance,1
trace,1
policy,1
teens,1
encourage,1
occurred,1
robinson,1
before,1
antebellum,1
induced,1
migration,1
eye,1
hoping,1
leads,1
coding,1
transitions,1
failing,1
every,1
li,1
pink,1
fifteenth,1
pervasive,1
researched,1
quoting,1
ii,1
address,1
terrain,1
emerged,1
inchoate,1
official,1
incapacity,1
supplied,1
bloomington,1
available,1
capitalist,1
scientists,1
individuals,1
skills,1
explores,1
secondary,1
broken,1
peasanzt,1
suggesting,1
accompanied,1
display,1
confusion,1
locked,1
imported,1
analyses,1
senses,1
achievement,1
studied,1
proves,1
link,1
generalizations,1
wore,1
stuidies,1
expense,1
resulting,1
graham,1
i,1
wealthy,1
help,1
feature,1
innes,1
alert,1
emphasized,1
embody,1
somewhat,1
theodore,1
polarity,1
barred,1
similarities,1
proposals,1
followers,1
nowhere,1
documenting,1
depending,1
advocates,1
forthcoming,1
badly,1
redefinitions,1
anthropologists,1
task,1
sought,1
agriculture,1
right,1
representations,1
honolulu,1
development,1
welcome,1
capable,1
determined,1
marked,1
compelling,1
sixteenth,1
activity,1
condition,1
international,1
establishing,1
functions,1
muslin,1
insight,1
consumers,1
births,1
exaggerate,1
vital,1
obvious,1
professor,1
desired,1
say,1
timothy,1
ruissia,1
laws,1
foregone,1
chart,1
ritual,1
marginalized,1
beneath,1
plenty,1
ross,1
liberated,1
collection,1
expecting,1
sign,1
behavior,1
attract,1
stress,1
daughters,1
thus,1
includes,1
accessible,1
dependence,1
relationships,1
historically,1
reclaim,1
duree,1
component,1
yangming,1
difficulties,1
roger,1
powerlessness,1
neighbor,1
village,1
surrounded,1
demanded,1
molded,1
de,1
center,1
relatively,1
ability,1
relations,1
raises,1
consumer,1
discerning,1
ridding,1
admission,1
rooted,1
topic,1
admitted,1
progressive,1
developments,1
unhappiness,1
clark,1
underlying,1
david,1
burgeoning,1
concerning,1
convincing,1
profound,1
back,1
conveys,1
subjects,1
abreast,1
holds,1
difficulty,1
emphases,1
left,1
enlightened,1
differentiated,1
compare,1
misety,1
hawes,1
toil,1
blue,1
gil,1
pantaloons,1
ingredient,1
advantages,1
landmark,1
avea,1
needlework,1
eased,1
general,1
rebarbative,1
invites,1
catalogues,1
acted,1
acknowledge,1
philanthropic,1
focused,1
haggerty,1
incentive,1
aim,1
civilization,1
operation,1
sixteen,1
recognized,1
adequate,1
hershberg,1
upright,1
autobiographies,1
sets,1
elaborate,1
absent,1
paths,1
explicit,1
responded,1
process,1
avner,1
altar,1
mean,1
represented,1
opportunity,1
outward,1
after,1
inquiry,1
hanawalt,1
b,1
certain,1
derived,1
hospice,1
dialogue,1
matched,1
danger,1
oversimplified,1
grieving,1
consequences,1
valuation,1
guides,1
pleasures,1
support,1
fantasy,1
means,1
suppression,1
nor,1
eulrxopean,1
proving,1
affect,1
ensure,1
university,1
stifling,1
triumphant,1
histoty,1
statistical,1
familiar,1
literary,1
emergence,1
branch,1
proved,1
driven,1
just,1
thirty,1
numbers,1
welfare,1
anid,1
calendar,1
upper,1
ideals,1
acknowledges,1
textile,1
indications,1
isolation,1
requires,1
problems,1
puts,1
answers,1
ming,1
plight,1
explain,1
m,1
contrary,1
opinion,1
hermetically,1
management,1
trying,1
contention,1
opening,1
breeched,1
response,1
uses,1
closely,1
advance,1
remembered,1
came,1
acceptable,1
lead,1
contenzpora,1
allow,1
declined,1
appearance,1
fortunes,1
plot,1
color,1
strength,1
determines,1
relating,1
deprive,1
effort,1
seven,1
wrongly,1
economics,1
demands,1
alloy,1
shared,1
compartments,1
gendering,1
rebuttal,1
criticisms,1
relate,1
thrall,1
experts,1
respects,1
punishment,1
evaluate,1
muslim,1
historicity,1
handbook,1
kinship,1
equally,1
bounzld,1
furthermore,1
traced,1
traits,1
war,1
deportment,1
dynasty,1
produced,1
unemployment,1
cannot,1
philanthropists,1
productively,1
excluded,1
taught,1
availability,1
public,1
drain,1
eliminate,1
coped,1
expensive,1
globally,1
failure,1
shape,1
directly,1
legislate,1
having,1
participation,1
y,1
nineteenthcentury,1
revealed,1
alcohol,1
simone,1
strengths,1
even,1
preferred,1
locus,1
claim,1
coping,1
prominent,1
distinctively,1
psychological,1
guess,1
explains,1
norm,1
apparent,1
related,1
comment,1
data,1
thoughts,1
criticized,1
loss,1
gave,1
ouitcast,1
demonstrates,1
partly,1
lower,1
interiority,1
structures,1
winter,1
irving,1
et,1
forces,1
personal,1
bethnal,1
reflect,1
surrounding,1
cans,1
systematic,1
showing,1
preparation,1
indianapolis,1
alan,1
status,1
conform,1
diverted,1
trends,1
markedly,1
minds,1
following,1
manifestation,1
messages,1
impinging,1
multiplicity,1
esteem,1
construlcting,1
sense,1
successful,1
diminish,1
responsibility,1
puppets,1
recast,1
revolution,1
leisure,1
stage,1
grew,1
next,1
catholic,1
contrast,1
emphasizes,1
insurance,1
around,1
maiy,1
heeded,1
ignore,1
june,1
adversely,1
choose,1
revealing,1
oral,1
nineteenthand,1
brides,1
acts,1
presence,1
decline,1
climate,1
miracles,1
houise,1
articulation,1
clothing,1
harvey,1
inmages,1
dependent,1
describes,1
paid,1
ellen,1
enormously,1
diminished,1
finds,1
enjoy,1
longue,1
naturalistic,1
invest,1
seemed,1
lend,1
spare,1
periods,1
barbara,1
wetnursing,1
battle,1
girl,1
therefore,1
tasks,1
highlights,1
led,1
sons,1
situation,1
ingenuity,1
outsider,1
condemnation,1
innocent,1
homemade,1
bringing,1
action,1
influentially,1
wrote,1
die,1
sous,1
myron,1
ancien,1
limited,1
return,1
onward,1
unconscious,1
innocence,1
brings,1
convince,1
community,1
intervention,1
permissible,1
chaniging,1
targeted,1
psychoanalysts,1
hold,1
religious,1
vie,1
powerfully,1
biological,1
percentage,1
lavalette,1
twists,1
perce,1
kent,1
miscellany,1
yet,1
interpretation,1
curators,1
sociologists,1
represents,1
happened,1
thought,1
serve,1
evil,1
morgan,1
magistrates,1
thesis,1
ancient,1
petticoats,1
sigel,1
asia,1
baltimore,1
medici,1
literally,1
hopes,1
veritable,1
reports,1
enforce,1
increasingly,1
kindssociologists,1
inheritance,1
love,1
lamb,1
members,1
starting,1
uncontested,1
name,1
museums,1
ind,1
law,1
nonmodern,1
naivete,1
power,1
factory,1
fell,1
mark,1
others,1
pick,1
schoolbooks,1
hutgh,1
added,1
complementary,1
ban,1
emotions,1
investigates,1
usefulness,1
incorporates,1
longer,1
valid,1
preserve,1
overwhelming,1
aldershot,1
head,1
stimulus,1
areas,1
documents,1
peasanit,1
reform,1
regulation,1
choice,1
break,1
classical,1
somewhere,1
debates,1
substantially,1
golden,1
succeeding,1
pattern,1
orphans,1
sentimentality,1
habit,1
serious,1
angels,1
foreseeable,1
psychologists,1
men,1
readers,1
outside,1
stuff,1
v,1
ground,1
ironically,1
model,1
road,1
philanthropy,1
developing,1
validity,1
schlool,1
non,1
answer,1
coexisted,1
valverde,1
answerable,1
dislocations,1
focusing,1
survival,1
chronologically,1
reconstructing,1
liverpool,1
literatures,1
streets,1
shifts,1
wood,1
free,1
obsession,1
thoroughly,1
stance,1
remained,1
valuably,1
baldick,1
demonstrated,1
crown,1
analyzed,1
labourl,1
greatest,1
ignored,1
investment,1
spending,1
divided,1
examples,1
birth,1
observable,1
easier,1
explanation,1
upon,1
geographicalthe,1
slaves,1
siena,1
footsteps,1
transformed,1
fictional,1
including,1
enhanced,1
mechanization,1
enormous,1
previously,1
sufficiently,1
recover,1
expand,1
adi,1
factor,1
assume,1
autobiographical,1
diaries,1
net,1
trend,1
rare,1
necrology,1
engaged,1
supposition,1
galvanized,1
dating,1
lola,1
lessened,1
described,1
versions,1
ties,1
low,1
open,1
significance,1
rowntree,1
meanings,1
clear,1
archaeological,1
directed,1
refreshingly,1
centuwy,1
peril,1
welcomed,1
comprehensive,1
sensitivity,1
publication,1
points,1
health,1
august,1
tokens,1
individual,1
homes,1
allowed,1
geographically,1
summer,1
strange,1
him,1
maximize,1
swaddling,1
martini,1
shortly,1
probable,1
anyone,1
renewal,1
lorenzo,1
abundant,1
latter,1
imagination,1
never,1
spent,1
educational,1
nardinelli,1
valued,1
sentiment,1
include,1
systems,1
dowered,1
leaves,1
methods,1
alpine,1
relation,1
goods,1
displayed,1
effect,1
sentiments,1
masculine,1
enjoyed,1
structure,1
january,1
joanna,1
differ,1
arisen,1
northern,1
familiale,1
childish,1
haven,1
quarterly,1
professional,1
caution,1
diana,1
achieve,1
allison,1
mahwa,1
canterbury,1
claudia,1
widely,1
stereotypes,1
justice,1
decision,1
implicitly,1
viviana,1
things,1
provoking,1
pictorial,1
elderly,1
fueled,1
imply,1
stems,1
chances,1
belonged,1
perspectives,1
unicef,1
africa,1
sealed,1
relieved,1
fear,1
reasonable,1
parent,1
referred,1
lost,1
accepted,1
force,1
effectively,1
visual,1
wantonly,1
remaining,1
anxiety,1
rapidly,1
variably,1
inspired,1
blood,1
surprising,1
respect,1
endure,1
education,1
delineates,1
types,1
get,1
face,1
gathered,1
pressures,1
detail,1
quantitative,1
rebut,1
neatness,1
seriously,1
rarely,1
associated,1
precedence,1
historian,1
discarding,1
impulse,1
issutes,1
graff,1
version,1
londonl,1
tang,1
merges,1
athens,1
agents,1
extensive,1
scarcely,1
economically,1
reinforced,1
enquiry,1
extension,1
pace,1
austria,1
implied,1
scrutiny,1
claims,1
chores,1
md,1
pregnancy,1
repository,1
forty,1
priceless,1
know,1
respecting,1
natural,1
deficiencies,1
extant,1
each,1
anthropology,1
ratio,1
relieve,1
confident,1
contained,1
interested,1
cautiously,1
antiquarians,1
bologna,1
ahr,1
wordsworth,1
prominence,1
constructions,1
intrusion,1
speech,1
feed,1
collectors,1
rely,1
privileged,1
qing,1
benefit,1
separating,1
reflected,1
useless,1
distinctive,1
ambivalent,1
deployment,1
accepts,1
frocks,1
assessment,1
stuiff,1
turned,1
subordinate,1
born,1
scholarly,1
defending,1
explanations,1
fuller,1
capita,1
carefully,1
combined,1
depicts,1
implicit,1
rose,1
involvement,1
prout,1
want,1
cause,1
sociology,1
males,1
desirability,1
childishnessrather,1
covers,1
forcefully,1
saint,1
theory,1
leaving,1
hiner,1
studying,1
divide,1
depriving,1
voice,1
almost,1
jourlal,1
missed,1
urban,1
fourteen,1
felt,1
radically,1
boston,1
intention,1
taxed,1
kin,1
cooter,1
easy,1
bourgeois,1
turns,1
intended,1
lehning,1
lies,1
step,1
hwang,1
demanding,1
reconstruct,1
arguments,1
manufacturing,1
distinguishable,1
using,1
pole,1
aims,1
gain,1
aspect,1
accorded,1
precision,1
come,1
formation,1
shown,1
pricing,1
spring,1
inquiries,1
breaks,1
goldin,1
youth,1
enforcement,1
difference,1
reveals,1
conn,1
wang,1
similarity,1
opens,1
national,1
ghovernasse,1
wish,1
documentation,1
contributed,1
grown,1
integrated,1
land,1
d,1
green,1
regime,1
instilling,1
manufacture,1
legislating,1
celibacy,1
attributes,1
you,1
piece,1
defined,1
attempted,1
limitations,1
await,1
tobacco,1
interdisciplinzaty,1
walking,1
remains,1
burdens,1
impart,1
seventeenthand,1
ranged,1
baffled,1
needs,1
offered,1
stools,1
thing,1
haines,1
ninth,1
ser,1
impugned,1
elites,1
succeeded,1
reached,1
debate,1
partial,1
create,1
dark,1
ownership,1
eloquently,1
enfant,1
divergent,1
gulf,1
networks,1
north,1
charity,1
beings,1
broader,1
stuldy,1
meeting,1
close,1
customs,1
vividly,1
nourishes,1
perception,1
seebohm,1
discern,1
increase,1
zhi,1
