WORDCOUNTS,WEIGHT
the,989
of,818
and,593
in,404
to,361
a,291
for,179
as,157
comfort,128
on,117
s,114
that,112
with,101
their,70
he,68
new,68
his,65
it,63
an,61
john,60
london,59
from,58
be,58
luxury,57
had,56
by,54
century,53
physical,53
they,52
was,52
is,51
but,50
or,49
see,49
consumption,49
which,48
not,48
people,47
social,47
culture,44
more,42
american,40
life,40
historical,39
eighteenth,38
were,38
i,37
such,37
england,37
most,36
english,35
these,35
material,34
consumer,33
e,32
are,32
have,32
political,31
this,30
early,30
than,29
its,29
june,29
at,27
review,27
smith,27
them,26
no,26
when,26
society,26
franklin,26
other,25
ed,25
sensibility,24
goods,24
what,24
d,24
vols,23
all,23
crowley,23
york,23
could,23
comfortable,23
so,23
living,23
modern,22
well,22
edn,22
revolution,22
furniture,22
patterns,21
eds,21
use,21
became,21
one,20
j,20
poor,20
necessity,20
domestic,20
some,20
women,19
used,19
wealth,18
made,18
comforts,18
among,18
housing,17
only,17
convenience,17
those,17
crusoe,17
history,16
ease,16
mandeville,16
economic,16
home,16
any,16
our,16
provided,16
america,15
design,15
without,15
umbrellas,15
moral,15
men,15
figure,15
did,15
between,15
gentility,14
stays,14
after,14
standards,14
william,14
n,14
needs,14
c,14
much,14
into,13
fashionable,13
part,13
clothes,13
oxford,13
same,13
also,13
seventeenth,13
would,13
rpt,13
walpole,13
art,13
world,13
if,12
natural,12
every,12
british,12
development,12
taste,12
quoted,12
good,12
french,12
fashion,12
great,12
since,12
dress,12
brewer,12
we,12
been,12
chairs,12
very,12
cambridge,12
adam,11
body,11
rather,11
air,11
term,11
defoe,11
things,11
began,11
necessary,11
health,11
can,11
humanitarian,11
referred,11
who,11
satisfaction,11
britain,11
economy,11
while,11
middle,11
popular,11
both,11
howard,11
traditional,11
behavior,10
definition,10
warm,10
robert,10
designs,10
himself,10
collection,10
david,10
even,10
l,10
how,10
prisoners,10
found,10
having,10
thought,10
others,10
time,10
thomas,10
conveniences,10
house,10
years,10
robinson,9
before,9
first,9
long,9
genteel,9
courtesy,9
university,9
umbrella,9
fireplaces,9
necessities,9
public,9
manners,9
family,9
chap,9
about,9
cottages,9
many,9
man,9
carson,9
james,9
easy,9
conditions,9
now,8
smoke,8
large,8
library,8
h,8
being,8
interests,8
desire,8
rich,8
g,8
priority,8
houses,8
y,8
landscape,8
woodforde,8
paragraph,8
my,8
out,8
late,8
because,8
example,8
order,8
luxuries,8
nations,8
will,8
make,8
yet,8
two,8
children,8
v,8
less,8
pleasure,8
reformers,8
me,8
chimneys,8
print,8
particularly,8
terms,8
porter,8
circumstances,8
refinement,8
clothing,8
conn,8
instead,8
need,8
meaning,7
word,7
second,7
country,7
philosophers,7
poverty,7
real,7
there,7
mass,7
condition,7
october,7
september,7
nor,7
items,7
slave,7
benjamin,7
smoky,7
support,7
decades,7
basis,7
during,7
miserable,7
demand,7
drink,7
increasingly,7
lewis,7
book,7
paris,7
model,7
convenient,7
desires,7
food,7
trade,7
essay,7
peter,7
conveniencies,7
hume,7
haven,7
yale,7
analysis,7
arts,7
meant,7
environment,7
then,7
wear,7
jefferson,7
has,7
half,7
happiness,7
better,7
table,7
virginia,7
through,7
prison,7
themselves,7
showed,7
everyone,6
trans,6
respectability,6
protection,6
island,6
anything,6
t,6
degree,6
europe,6
room,6
right,6
household,6
usage,6
population,6
accommodation,6
interior,6
adams,6
according,6
shammas,6
granted,6
wanted,6
improvement,6
malthus,6
argued,6
too,6
age,6
discomfort,6
p,6
eat,6
cultural,6
persons,6
wants,6
personal,6
up,6
tea,6
f,6
matter,6
architecture,6
albert,6
us,6
noted,6
diary,6
classical,6
never,6
took,6
reform,6
pride,6
architectural,6
allowed,6
richard,6
standard,6
class,6
parson,6
states,6
crucial,6
primarily,6
southey,6
economists,6
itself,6
berkeley,6
principle,6
books,6
whether,6
calif,6
emphasis,6
possessions,6
national,6
specific,6
should,6
linen,6
increase,6
bernard,5
decency,5
common,5
hogarth,5
appear,5
princeton,5
sit,5
hoffman,5
mind,5
item,5
daniel,5
money,5
desirable,5
still,5
de,5
quality,5
medical,5
interest,5
old,5
mankind,5
journal,5
general,5
may,5
explicit,5
thing,5
humanity,5
b,5
necessaries,5
supposed,5
liberal,5
frequently,5
w,5
cotton,5
appearance,5
shoes,5
work,5
clean,5
nation,5
own,5
lowest,5
kent,5
heat,5
few,5
psychological,5
fire,5
south,5
smyth,5
indeed,5
conveniency,5
gave,5
technology,5
under,5
neither,5
included,5
rain,5
name,5
decoration,5
ideology,5
everyday,5
examples,5
upon,5
previously,5
depended,5
morality,5
open,5
august,5
him,5
high,5
earlier,5
cottagers,5
often,5
become,5
attention,5
european,5
fable,5
provide,5
imperatives,5
chimney,5
why,5
united,5
associated,5
bees,5
set,5
over,5
down,5
wood,5
just,5
forks,5
edition,5
person,5
form,5
ones,5
edinburgh,5
problem,5
her,5
sleeping,5
progress,5
little,5
subject,5
come,5
aristocratic,5
seating,5
france,5
close,5
johnson,5
propertied,5
virtue,5
go,4
does,4
way,4
concern,4
measures,4
utility,4
essays,4
uncomfortable,4
confort,4
connotations,4
barbon,4
ideas,4
invention,4
might,4
tradition,4
narrative,4
senses,4
take,4
histo,4
state,4
historians,4
pleasant,4
hygiene,4
human,4
throughout,4
immediate,4
against,4
initially,4
philosophical,4
response,4
young,4
master,4
urged,4
developed,4
edward,4
basic,4
scottish,4
similar,4
means,4
histoty,4
established,4
mckendrick,4
weather,4
quarters,4
m,4
view,4
greater,4
expressed,4
rooms,4
carolina,4
though,4
war,4
cannot,4
facilities,4
property,4
r,4
rainy,4
genre,4
civil,4
apparent,4
gender,4
elizabeth,4
place,4
elegant,4
indianapolis,4
status,4
rumford,4
physician,4
cold,4
buildings,4
small,4
several,4
highly,4
industry,4
research,4
climate,4
production,4
activities,4
bedding,4
domesticity,4
allan,4
sitting,4
neat,4
bread,4
once,4
later,4
light,4
baltimore,4
george,4
lubbock,4
similarly,4
idea,4
everything,4
seldom,4
ground,4
simplicity,4
another,4
private,4
spending,4
values,4
writings,4
questions,4
like,4
advantages,4
described,4
express,4
language,4
christopher,4
change,4
period,4
huts,4
distinction,4
procuring,4
came,4
minimal,4
commentators,4
prisons,4
anderson,4
walsh,4
la,4
usually,4
privileges,4
measured,4
sympathy,4
series,4
changing,4
consider,4
must,4
satisfactory,4
md,4
here,4
locke,4
literary,4
rural,4
nascent,4
theory,4
extent,4
pain,4
beer,4
november,4
discomforts,4
histoiy,4
measure,4
colonial,4
spring,4
argument,4
prosperity,4
appleby,4
extremely,4
carr,4
chicago,4
strong,4
handsome,3
indicated,3
tyranny,3
stoves,3
archaeology,3
misery,3
rybczynski,3
needed,3
replaced,3
studies,3
former,3
motive,3
backs,3
necessarily,3
francis,3
candles,3
nineteenth,3
source,3
themes,3
novel,3
treatise,3
synonymous,3
indispensably,3
fireplace,3
labor,3
ii,3
taken,3
encouraged,3
dreams,3
nature,3
words,3
shaped,3
scientists,3
assess,3
advantage,3
daily,3
reasons,3
britannica,3
last,3
primitive,3
heating,3
distress,3
amria,3
cause,3
march,3
prior,3
marked,3
april,3
dutch,3
x,3
quantity,3
objective,3
keeps,3
harmony,3
thus,3
satisfactions,3
relations,3
populuxe,3
fabrics,3
topic,3
privilege,3
parasols,3
ferguson,3
turn,3
rank,3
self,3
utensils,3
serving,3
compared,3
sin,3
vice,3
apparently,3
wales,3
civilization,3
architectutre,3
philadelphia,3
whose,3
mean,3
represented,3
environments,3
proportion,3
pleasures,3
cloathing,3
objects,3
peasants,3
ahr,3
days,3
enjoyments,3
windows,3
mary,3
bermingham,3
weak,3
ideals,3
show,3
beyond,3
aside,3
ornament,3
plates,3
architect,3
hot,3
opening,3
societies,3
plumb,3
medicine,3
tucker,3
scotland,3
efforts,3
further,3
encyclopaedia,3
latter,3
kitchen,3
ceramics,3
applied,3
explain,3
required,3
january,3
don,3
ideal,3
writers,3
unless,3
where,3
artifacts,3
whole,3
refined,3
et,3
translated,3
preparation,3
lifestyles,3
count,3
either,3
painting,3
useful,3
dictionary,3
night,3
street,3
gowns,3
concerns,3
knives,3
ship,3
leather,3
civic,3
st,3
wife,3
ventilation,3
correspondence,3
spufford,3
notes,3
beauty,3
diminished,3
cloaths,3
therefore,3
philanthropic,3
materials,3
letters,3
scientific,3
wrote,3
happy,3
contrasted,3
object,3
july,3
cultutre,3
religious,3
guide,3
liability,3
reference,3
silk,3
gentleman,3
ignatieff,3
journey,3
toward,3
reporting,3
slavery,3
water,3
lacked,3
joyce,3
conduct,3
call,3
sleep,3
ought,3
foods,3
really,3
end,3
arthur,3
habit,3
readers,3
enough,3
formation,3
michael,3
horace,3
woman,3
regarded,3
style,3
explicitly,3
chair,3
bowles,3
analyzed,3
birth,3
slaves,3
including,3
illumination,3
expression,3
largely,3
force,3
assumption,3
bed,3
nothing,3
lightness,3
improvements,3
josiah,3
discussed,3
virtues,3
brass,3
travels,3
individual,3
kept,3
improved,3
habitations,3
especially,3
enlightenment,3
interpretations,3
effect,3
comfortably,3
northern,3
carriage,3
visit,3
carried,3
window,3
she,3
foreign,3
bare,3
visual,3
understand,3
countries,3
fall,3
system,3
types,3
centuries,3
considered,3
door,3
commodious,3
grand,3
existence,3
known,3
meat,3
dining,3
feelings,3
chartier,3
control,3
readily,3
equipage,3
different,3
thoulght,3
interested,3
universal,3
impossible,3
associations,3
chesapeake,3
beginning,3
abigail,3
making,3
references,3
together,3
agricultural,3
manufactures,3
hont,3
relativity,3
almost,3
boston,3
josselin,3
breen,3
respectable,3
went,3
varied,3
evidence,3
glass,3
landed,3
defined,3
tobacco,3
association,3
morally,3
carole,3
debate,3
sheer,3
avoid,3
built,3
draft,3
major,3
elegance,3
nicholas,2
difficult,2
apply,2
fathers,2
limits,2
motion,2
courtly,2
drafts,2
slaveowners,2
commentary,2
groups,2
corruption,2
warming,2
separated,2
excess,2
consume,2
sphere,2
likewise,2
center,2
naturalized,2
republicanism,2
elaborated,2
designed,2
prime,2
referring,2
live,2
asserted,2
constitutes,2
true,2
furnishings,2
drinks,2
clumsy,2
adapted,2
satisfied,2
ramsay,2
comparisons,2
unlike,2
grumbling,2
preindustrial,2
pots,2
descriptions,2
relativism,2
chief,2
squire,2
buchan,2
establish,2
experience,2
combustion,2
fabric,2
dighton,2
explaining,2
please,2
whom,2
implications,2
give,2
estate,2
culturally,2
motivations,2
feeling,2
promoting,2
neil,2
capital,2
seems,2
liberty,2
historiography,2
principles,2
wooden,2
display,2
imported,2
imaginary,2
achievement,2
potatoes,2
aesthetic,2
studied,2
able,2
wealthy,2
tree,2
improving,2
shepherd,2
henry,2
principal,2
particular,2
niemcewicz,2
within,2
inconveniencies,2
return,2
tell,2
satire,2
context,2
issue,2
preventing,2
rake,2
virtule,2
forthcoming,2
plain,2
roy,2
recorded,2
olaudah,2
east,2
capacity,2
sought,2
representations,2
lemire,2
account,2
gardens,2
vol,2
felt,2
capable,2
recommended,2
possible,2
sixteenth,2
counterpoint,2
julian,2
consumers,2
dinner,2
fine,2
vanity,2
taking,2
point,2
say,2
except,2
conceptual,2
resources,2
delany,2
dirty,2
inexpensive,2
journeyman,2
holland,2
apologies,2
range,2
diversity,2
learned,2
repeatedly,2
tent,2
million,2
andrew,2
benjamnin,2
ronald,2
explained,2
campbell,2
roger,2
farrell,2
machine,2
bodily,2
divine,2
adornment,2
envy,2
february,2
consutmer,2
kind,2
concerning,2
subjects,2
modernity,2
wares,2
applying,2
left,2
continuous,2
third,2
compare,2
find,2
suitability,2
peasantry,2
look,2
preserving,2
critique,2
details,2
repudiated,2
savage,2
civilite,2
neutral,2
promised,2
aristocracy,2
assessed,2
reclothing,2
menace,2
sentimental,2
coats,2
dictionaty,2
revisionists,2
conslumer,2
notion,2
subsistence,2
leave,2
derived,2
fenders,2
cave,2
enabled,2
illustrations,2
white,2
lay,2
kames,2
space,2
apparel,2
mrs,2
changes,2
paragraphs,2
supports,2
physically,2
benefits,2
india,2
peasant,2
morgan,2
berry,2
wrecked,2
placed,2
k,2
sekora,2
readings,2
exceed,2
generally,2
back,2
sun,2
opinion,2
adapting,2
providing,2
admiration,2
authority,2
uses,2
fitted,2
pastoral,2
acceptable,2
walk,2
feet,2
rule,2
entered,2
called,2
conspicuous,2
habitation,2
demands,2
ribeiro,2
criticisms,2
requirements,2
diet,2
virginians,2
nail,2
initial,2
avarice,2
bedwarmers,2
ann,2
irony,2
chinese,2
focused,2
device,2
careless,2
afforded,2
catherine,2
priorities,2
garments,2
scale,2
however,2
numerous,2
catalonia,2
industrious,2
periodization,2
technical,2
forthrightly,2
improve,2
shape,2
learn,2
line,2
revealed,2
liable,2
literature,2
tour,2
stiff,2
carry,2
hints,2
concept,2
training,2
italy,2
thatched,2
comment,2
newest,2
ten,2
describe,2
fit,2
discussions,2
issues,2
partly,2
lower,2
director,2
winter,2
mantua,2
selborne,2
gentlemen,2
showing,2
alan,2
interpreted,2
relative,2
frugality,2
attributed,2
chappell,2
norfolk,2
related,2
neck,2
decencies,2
jones,2
hard,2
working,2
responsibility,2
shaping,2
next,2
artificial,2
synthesized,2
pennsylvanian,2
involved,2
around,2
lye,2
shirts,2
enslaved,2
spanish,2
sufficient,2
wool,2
pregnancy,2
massachusetts,2
reported,2
adviser,2
comfortless,2
reverend,2
regardless,2
using,2
slept,2
newly,2
jules,2
am,2
rest,2
gordon,2
appeal,2
advertised,2
battle,2
critical,2
adjustable,2
likely,2
situation,2
power,2
reduced,2
various,2
african,2
identified,2
expansion,2
civilised,2
pocket,2
exception,2
met,2
prevailing,2
etc,2
whatever,2
cole,2
civility,2
comments,2
put,2
ware,2
confronted,2
positive,2
gilbert,2
fully,2
simultaneous,2
pewter,2
consuming,2
borrowed,2
times,2
palaces,2
disagreeable,2
index,2
complete,2
lord,2
floor,2
al,2
indian,2
appeals,2
preeminent,2
emotional,2
begins,2
hearth,2
williams,2
rise,2
company,2
published,2
disposition,2
bushman,2
paul,2
sometimes,2
again,2
spend,2
preferences,2
hearths,2
chaps,2
gentle,2
signified,2
georgian,2
outside,2
lack,2
consideration,2
striking,2
indies,2
nathaniel,2
wine,2
manifested,2
larger,2
miseries,2
contemporary,2
hitria,2
inherently,2
pennsylvania,2
external,2
simple,2
plate,2
present,2
manner,2
innovative,2
culltutre,2
moderate,2
purposes,2
renaissance,2
dance,2
generic,2
hive,2
streets,2
hutcheson,2
day,2
remained,2
understanding,2
behaviors,2
gout,2
trusler,2
expanded,2
father,2
abide,2
atlantic,2
easier,2
region,2
manufactured,2
identity,2
conforter,2
entirely,2
raven,2
virtually,2
refers,2
causes,2
render,2
saints,2
stay,2
vices,2
theories,2
shelter,2
roberts,2
meanings,2
margaret,2
reward,2
restraint,2
chocolate,2
lady,2
parts,2
gazette,2
division,2
dry,2
stages,2
devise,2
preservation,2
provides,2
thornton,2
leg,2
behind,2
labour,2
article,2
promote,2
commerce,2
imaginative,2
study,2
antonym,2
chapel,2
relation,2
tradesman,2
let,2
acquire,2
do,2
aileen,2
availability,2
contributed,2
abodes,2
analyze,2
advertisement,2
travelers,2
invented,2
saw,2
humanitarianism,2
quarter,2
inconveniency,2
brown,2
opulence,2
justice,2
cary,2
consumed,2
istvan,2
christian,2
emulation,2
science,2
husband,2
practical,2
pieces,2
plans,2
hill,2
independence,2
reason,2
ordering,2
transformation,2
upholstery,2
extends,2
methods,2
construction,2
achieve,2
populace,2
respect,2
prodigality,2
face,2
canada,2
bad,2
susan,2
joseph,2
observers,2
shirt,2
neatness,2
candle,2
coat,2
going,2
broke,2
innocent,2
simply,2
extensive,2
ever,2
implied,2
entry,2
ralph,2
lightweight,2
symbol,2
pt,2
invalids,2
know,2
alvarez,2
each,2
deconstructed,2
paper,2
cultures,2
specialized,2
december,2
seem,2
funnel,2
best,2
regard,2
eventually,2
ideological,2
dalhousie,2
section,2
past,2
thompson,2
works,2
places,2
defending,2
enjoyment,2
magnificence,2
namely,2
maryland,2
varying,2
jersey,2
number,2
chapmen,2
gratification,2
shower,2
psychology,2
threat,2
papers,2
peoples,2
waist,2
naked,2
level,2
ownership,2
far,2
introduced,2
hovels,2
revolutions,2
intended,2
illustrate,2
arguments,2
manufacturing,2
equiano,2
ranks,2
think,2
grandeur,2
amenities,2
luxurious,2
question,2
spirit,2
commercial,2
ignored,2
kingdom,2
samuel,2
washington,2
vernacular,2
imperative,2
hurt,2
hepplewhite,2
manufacturers,2
americas,2
pleasing,2
although,2
building,2
magazine,2
increased,2
rudiments,2
want,2
propriety,2
potential,2
cleaner,2
parlors,2
ser,2
suggested,2
ham,2
enjoy,2
cheaper,2
bower,2
royal,2
informality,2
garrett,2
technological,2
north,2
recent,2
observed,2
chambers,2
inventories,2
martin,2
emulate,1
carved,1
miller,1
deception,1
humanitarians,1
jails,1
knee,1
huntington,1
judge,1
freeholders,1
complaint,1
shovel,1
driw,1
shoomakers,1
lond,1
appropriation,1
medicinal,1
scandalously,1
revisionist,1
faculties,1
firebox,1
ulpon,1
metal,1
frequent,1
negotiation,1
heightened,1
cognates,1
grate,1
polish,1
appealed,1
stuart,1
dinners,1
brolin,1
medieval,1
proud,1
treaties,1
rev,1
dictate,1
pittsburgh,1
schuyler,1
unpleasant,1
accessories,1
career,1
extreme,1
environmental,1
lous,1
jane,1
defended,1
perfection,1
burke,1
hats,1
stylization,1
marian,1
postures,1
adoption,1
mundane,1
karsky,1
bust,1
notably,1
evans,1
defenses,1
anyone,1
venturesome,1
cochrane,1
passing,1
expect,1
sympathetic,1
landholding,1
church,1
coals,1
becoming,1
victuals,1
obsolete,1
residences,1
bodices,1
approved,1
spine,1
carrington,1
instructions,1
rethink,1
properly,1
topics,1
mostly,1
desaguiliers,1
stone,1
pierre,1
diversification,1
schools,1
philippe,1
sumptuary,1
managing,1
amiable,1
deserted,1
colds,1
town,1
pressing,1
fortunate,1
easily,1
soap,1
park,1
conscious,1
pornography,1
censure,1
io,1
gladness,1
considerations,1
station,1
child,1
overlook,1
allow,1
policy,1
stoic,1
smollett,1
character,1
description,1
allies,1
pose,1
occurred,1
habits,1
gleanings,1
amply,1
total,1
holding,1
physicians,1
observing,1
repton,1
remedy,1
contented,1
exceptions,1
fashioning,1
fulfillment,1
jotrnal,1
plantations,1
centltwy,1
englewood,1
eye,1
pleasitre,1
perplexed,1
annals,1
strikes,1
prisoner,1
cottage,1
du,1
root,1
rehearsed,1
illutstrated,1
negative,1
warehouse,1
tends,1
honme,1
explicitness,1
robertson,1
gap,1
fortune,1
jaffee,1
submitted,1
jesse,1
sources,1
modest,1
subsist,1
wvilh,1
parliamentary,1
hanley,1
baked,1
supposedly,1
concur,1
posed,1
norbert,1
polished,1
anticipations,1
fifteenth,1
contemptuously,1
handkerchiefs,1
jun,1
exclusive,1
ellas,1
greatness,1
hamden,1
quoting,1
marienstras,1
clergymen,1
colors,1
restoration,1
military,1
musical,1
gentilezza,1
maza,1
glaud,1
sunday,1
elements,1
publick,1
freely,1
prestigious,1
bloomington,1
reestablish,1
fle,1
relearning,1
containing,1
purse,1
relativistic,1
bodiced,1
tutor,1
deal,1
clippers,1
height,1
twenty,1
uneasy,1
assertion,1
prey,1
prop,1
short,1
naissance,1
differences,1
farmers,1
histories,1
potentially,1
exotic,1
indifferent,1
epigraph,1
carrying,1
follows,1
accommodated,1
ika,1
aping,1
butilder,1
reed,1
farther,1
goldhammer,1
professor,1
skinner,1
phzilosophy,1
contribiution,1
hunting,1
stuidies,1
glazed,1
previous,1
prevail,1
aquatints,1
trifling,1
feature,1
lodge,1
fresh,1
crozier,1
patterned,1
toleration,1
baneful,1
petty,1
loose,1
owyv,1
elise,1
gucide,1
curtains,1
greatly,1
precisely,1
maccaroni,1
gifts,1
complicated,1
china,1
conventional,1
discipline,1
readiness,1
committed,1
lecky,1
stearns,1
barred,1
vicious,1
livelihood,1
rethinking,1
cells,1
soundly,1
disorder,1
merchants,1
nowhere,1
case,1
oarly,1
side,1
acknowledged,1
delights,1
strictly,1
takes,1
dancing,1
wardrobe,1
advocates,1
prodigals,1
elided,1
sophisticated,1
resulted,1
alfred,1
gaming,1
undressed,1
harris,1
laboring,1
rutral,1
preoccupations,1
eastern,1
annik,1
owing,1
anthropologists,1
attribute,1
preindlstirial,1
framing,1
advice,1
apt,1
alphab,1
encouraging,1
pub,1
satirists,1
incorporate,1
deprivations,1
graveside,1
hall,1
praz,1
custom,1
jack,1
chapter,1
ornamentation,1
sheba,1
italian,1
magnificent,1
happier,1
politics,1
glasses,1
activity,1
manuliel,1
shared,1
hartpole,1
eversley,1
sale,1
beverly,1
establishing,1
solely,1
lodging,1
functions,1
consciousness,1
theophilus,1
splendid,1
greene,1
move,1
obvious,1
facilitate,1
ancestors,1
brent,1
community,1
upstairs,1
losing,1
desired,1
variations,1
sheepskins,1
ticiit,1
timothy,1
nips,1
anticipated,1
dispute,1
herman,1
churches,1
minimum,1
consliming,1
identifies,1
letter,1
safely,1
todd,1
pursuit,1
sweet,1
gillett,1
butildings,1
upholstered,1
wallace,1
contrasts,1
problems,1
nurs,1
abode,1
brocaded,1
shut,1
dublin,1
exposed,1
gravity,1
optimism,1
expertise,1
walnut,1
regarding,1
central,1
cities,1
phase,1
domestics,1
includes,1
preserved,1
rendred,1
regularly,1
hanway,1
convincing,1
contemptible,1
tsle,1
tending,1
debauchery,1
ignominious,1
wisest,1
inventory,1
misfortune,1
jutst,1
rutstic,1
weakened,1
republished,1
mine,1
difficulties,1
sociability,1
dynamics,1
reputation,1
tex,1
silks,1
spaciousness,1
odious,1
requisites,1
tables,1
tailors,1
positively,1
scarce,1
absentee,1
neighbors,1
disqussed,1
savages,1
angloamerican,1
civilizing,1
characteristic,1
relatively,1
ability,1
richardson,1
sickly,1
eo,1
moment,1
gun,1
speculative,1
lowcountiy,1
gendered,1
furnishing,1
frncngaise,1
te,1
lancashire,1
tautologically,1
scratch,1
jeremy,1
application,1
caverns,1
discover,1
eurzope,1
legitimized,1
rapoport,1
convention,1
consumables,1
janet,1
given,1
caricature,1
anthropology,1
progressive,1
fires,1
popularization,1
encoulragement,1
addison,1
arouse,1
cellar,1
orig,1
constitutions,1
symptoms,1
subterraneous,1
maxims,1
clocks,1
legally,1
commercialization,1
document,1
stokes,1
fielding,1
varney,1
apologize,1
contentedness,1
intercourse,1
uniformly,1
undress,1
popple,1
corr,1
fig,1
ear,1
satin,1
gustavus,1
pores,1
served,1
exercise,1
denunciatory,1
clare,1
igbo,1
cohen,1
engineering,1
packet,1
truly,1
enlightened,1
mechanical,1
reproach,1
menaces,1
georges,1
equipment,1
weight,1
swords,1
explore,1
drawn,1
consequently,1
cissie,1
magazin,1
drank,1
architects,1
skins,1
tentatively,1
wet,1
natiural,1
deeply,1
simplistic,1
consumerism,1
tableware,1
robin,1
occasion,1
ruffiniere,1
hygienic,1
hardly,1
conceded,1
disgraceful,1
cottons,1
pallet,1
suffering,1
acknowledge,1
infinite,1
impressions,1
fairchilds,1
acco,1
hundert,1
realization,1
unused,1
walls,1
manuel,1
tenants,1
perfect,1
phases,1
ze,1
four,1
noluveau,1
employ,1
awkward,1
orr,1
rights,1
premium,1
opposed,1
unrighteous,1
thermometer,1
cope,1
interesting,1
cantonments,1
knife,1
gauger,1
colin,1
wishes,1
commissioners,1
tyrannous,1
added,1
theoty,1
essential,1
german,1
apples,1
carpets,1
fickleness,1
farms,1
upright,1
dictionnaire,1
cleared,1
exact,1
act,1
card,1
soe,1
relied,1
bring,1
middling,1
growth,1
prince,1
performance,1
tracnsactions,1
captor,1
stiffly,1
main,1
arising,1
across,1
happily,1
physic,1
respectful,1
novelists,1
mall,1
heels,1
fermented,1
possession,1
premodern,1
gown,1
joan,1
fantasies,1
sixth,1
consulmption,1
tholughts,1
bullion,1
ai,1
hughes,1
process,1
gardener,1
benijaiin,1
didactic,1
conceptions,1
mechanics,1
opportunity,1
outward,1
deprived,1
chintz,1
protectionist,1
locks,1
rigor,1
sarah,1
purpos,1
importance,1
certain,1
mortifications,1
coke,1
esmond,1
strange,1
fat,1
perkins,1
suippression,1
macfie,1
agues,1
creditable,1
sandy,1
vichert,1
cotuntry,1
caulses,1
echoed,1
distant,1
burials,1
awareness,1
polite,1
runte,1
precious,1
tailor,1
actions,1
malthitsianz,1
projet,1
hook,1
reve,1
qualify,1
katherine,1
irritability,1
ptublick,1
highest,1
developments,1
carpentry,1
romantic,1
carrots,1
proving,1
ingenhousz,1
canvass,1
flourishedin,1
affect,1
ensure,1
assure,1
stand,1
trent,1
legitimizing,1
teapot,1
greeks,1
grier,1
lace,1
conceptualization,1
stifling,1
feminine,1
river,1
motions,1
familiar,1
image,1
languages,1
chimnies,1
beckerdite,1
joulral,1
teaches,1
stored,1
linked,1
reformer,1
specify,1
idiosyncrasy,1
elsewhere,1
doublets,1
lighting,1
diffuse,1
traces,1
invariably,1
beecher,1
desirability,1
contemporaries,1
shore,1
fare,1
upper,1
maintain,1
advancing,1
situations,1
presumed,1
acceptance,1
ministers,1
suspiciously,1
fiom,1
initiative,1
fashioned,1
ceconomy,1
raftered,1
graphic,1
thiinking,1
gloucester,1
oi,1
ugly,1
continuum,1
continual,1
passed,1
officer,1
consiumer,1
efficient,1
isolation,1
followed,1
notions,1
consequence,1
asham,1
putting,1
preferably,1
always,1
baths,1
painted,1
western,1
velvet,1
temperate,1
souden,1
bealuty,1
incomze,1
pocock,1
yolton,1
martyn,1
testify,1
important,1
export,1
strategy,1
glassware,1
preference,1
trained,1
drawing,1
edmund,1
constitution,1
satisfy,1
vine,1
summerautumn,1
proposed,1
arms,1
sttudies,1
matching,1
hours,1
declarations,1
gregory,1
result,1
cought,1
advance,1
lock,1
lead,1
geoffrey,1
laid,1
identifying,1
opposition,1
affordable,1
abandoning,1
agenda,1
coral,1
blamed,1
uselessness,1
portable,1
scientifically,1
critic,1
train,1
entering,1
ribbons,1
les,1
strength,1
houghton,1
impartially,1
consutming,1
livingston,1
relating,1
stink,1
lived,1
users,1
vulnerability,1
output,1
jn,1
anonymouls,1
eveiyday,1
blumin,1
betwixt,1
petticoats,1
cleanly,1
austin,1
joursnal,1
radical,1
forgoing,1
symbolically,1
parisian,1
kettles,1
poem,1
melancholy,1
commoners,1
illness,1
predecessor,1
stomach,1
hits,1
featured,1
attained,1
experts,1
egypt,1
soltow,1
respects,1
markets,1
evaluate,1
circulation,1
handbook,1
cups,1
equally,1
equal,1
offered,1
nobles,1
banham,1
receive,1
caves,1
shake,1
heaven,1
something,1
incarcerated,1
novelties,1
endow,1
deportment,1
leonard,1
reposito,1
province,1
tools,1
appears,1
fulll,1
espriella,1
impropriety,1
symbols,1
boyd,1
wasteful,1
join,1
ctependents,1
seventeenthcentury,1
estimate,1
acquainted,1
appearing,1
otherwise,1
fish,1
amenable,1
record,1
steele,1
lets,1
ursyn,1
tradesmen,1
tension,1
spiritual,1
magrath,1
mirrors,1
dwelling,1
absolute,1
taught,1
obviate,1
wide,1
hackney,1
footnzotes,1
touring,1
directly,1
marie,1
lorna,1
aries,1
failure,1
maiyland,1
commitments,1
abuse,1
colonies,1
centutry,1
keeping,1
whalebone,1
supplanted,1
myself,1
denominations,1
toulr,1
toil,1
literaty,1
patent,1
makers,1
effeminate,1
missed,1
romans,1
toothpicks,1
riural,1
amos,1
intense,1
scope,1
climb,1
bedsteads,1
horsemen,1
weaver,1
guides,1
imports,1
strict,1
carries,1
butterfield,1
leisure,1
luxiay,1
toasting,1
heart,1
compatriot,1
phillipson,1
prominent,1
significantly,1
county,1
reality,1
advancement,1
begs,1
drew,1
vomiting,1
purpose,1
boiling,1
stucdies,1
knowledge,1
calls,1
esp,1
eighteenthl,1
bedstead,1
hebrides,1
homeland,1
multiplied,1
fireside,1
cleanliness,1
bettering,1
thoughts,1
caught,1
criticized,1
reminded,1
directness,1
cruikshank,1
natutre,1
couch,1
pitcoal,1
urge,1
year,1
grants,1
wholesome,1
siegfried,1
sorrow,1
toronto,1
edulcation,1
older,1
consluming,1
anmerica,1
horn,1
onions,1
inherited,1
soutenir,1
fourteen,1
officers,1
relevance,1
mattress,1
structures,1
jockey,1
risks,1
perishable,1
thereafter,1
rituals,1
music,1
terminology,1
doors,1
reconsidered,1
link,1
bishop,1
proliferation,1
weld,1
afroamerican,1
mcculloch,1
coachmen,1
legislation,1
floors,1
appreciated,1
systematic,1
higher,1
favourite,1
heated,1
appetites,1
approbation,1
parable,1
rod,1
iw,1
alleviation,1
passion,1
hidden,1
sink,1
approach,1
chute,1
violated,1
camille,1
thrived,1
persona,1
preindulstrial,1
distinctions,1
condemnatory,1
crevice,1
whilst,1
running,1
worked,1
legacy,1
least,1
outfits,1
closing,1
donaghy,1
sense,1
sideboard,1
correct,1
expansively,1
caused,1
presented,1
societes,1
tight,1
below,1
staves,1
luxway,1
livelihoods,1
gloag,1
preferred,1
stage,1
straight,1
delivery,1
tested,1
alcoholic,1
poet,1
bath,1
applicability,1
wandring,1
le,1
contrast,1
theater,1
discredit,1
dangerous,1
settlement,1
claim,1
specifically,1
noxious,1
renders,1
contingency,1
leland,1
franlce,1
dealers,1
cultulre,1
metchie,1
alleviate,1
grow,1
folk,1
governments,1
primary,1
mi,1
iron,1
occupants,1
observe,1
notorious,1
florentine,1
decline,1
distinguished,1
codes,1
petition,1
usual,1
illusions,1
boundaries,1
reie,1
jackson,1
tended,1
methodological,1
enquire,1
foremost,1
philip,1
fashions,1
satirical,1
literatiure,1
occasions,1
condemned,1
barely,1
abernethy,1
ayie,1
renewed,1
cattle,1
gloria,1
acts,1
resistance,1
estates,1
halttunen,1
nancy,1
variant,1
iwfoc,1
woolf,1
promenade,1
glasgow,1
appropriate,1
labouring,1
gross,1
criminals,1
increments,1
pot,1
winterthulr,1
perils,1
francais,1
invidious,1
beniefits,1
reducing,1
dictated,1
corruptions,1
joumal,1
periods,1
barbara,1
roseann,1
replacing,1
uncommon,1
ashelford,1
binkley,1
happen,1
press,1
kitchens,1
effeminacy,1
led,1
imaginatively,1
furnished,1
inch,1
loudon,1
arrangement,1
affording,1
hutsbandry,1
forever,1
steady,1
rey,1
commutnications,1
costuime,1
ingenuity,1
observations,1
condemnation,1
penetrates,1
variety,1
absence,1
elimination,1
bells,1
noble,1
bringing,1
picturesque,1
fell,1
encountered,1
fortiunes,1
inadequacy,1
action,1
hertford,1
lynn,1
advanced,1
fanger,1
criticize,1
concentrated,1
experiencing,1
resisted,1
hurcombe,1
openings,1
blewett,1
ancien,1
sermon,1
fencing,1
ym,1
interiors,1
retort,1
luxiwy,1
fruit,1
islands,1
nearly,1
wholesale,1
plenty,1
fertility,1
mansions,1
moveables,1
sahlins,1
reconstruction,1
harry,1
humphry,1
dwellings,1
slower,1
suppose,1
mayhem,1
unwieldy,1
labourer,1
woods,1
beth,1
coliinty,1
buck,1
torso,1
wind,1
relaxed,1
modes,1
gables,1
newton,1
settings,1
simultaneously,1
va,1
innovation,1
riches,1
resilient,1
players,1
commnoditw,1
disposed,1
emerged,1
distinguishing,1
criticism,1
probate,1
unintended,1
muscles,1
interpretation,1
troublesome,1
americans,1
examined,1
clulttural,1
treaty,1
rubric,1
gloom,1
histozy,1
read,1
soane,1
barker,1
retreat,1
happened,1
mindless,1
evil,1
sex,1
slovenly,1
durables,1
collings,1
liquors,1
duby,1
challenged,1
lesson,1
salutary,1
luke,1
ascetic,1
marshall,1
jay,1
participants,1
symptomatic,1
damn,1
karen,1
informal,1
symptom,1
centitty,1
delight,1
erasmus,1
promotes,1
woolen,1
samiuel,1
sharply,1
intolerable,1
skin,1
passions,1
warmth,1
minutiae,1
foresight,1
hay,1
comedy,1
comininity,1
thereof,1
crulsoe,1
ornamental,1
certainly,1
turnips,1
rape,1
lawful,1
illustrated,1
visitors,1
cucumber,1
llanover,1
excepted,1
lluxliny,1
pole,1
centu,1
transatlantic,1
independent,1
skeletons,1
knapp,1
love,1
gridiron,1
cozy,1
subjective,1
comparatively,1
filling,1
gratifie,1
lamb,1
wretchedness,1
boucher,1
giedion,1
moira,1
unlimited,1
ind,1
vassa,1
nivelon,1
centuty,1
destitute,1
juxtaposing,1
eighteenthcentury,1
temporarily,1
carolyn,1
slater,1
nicholson,1
strike,1
selectioni,1
mentions,1
mark,1
paean,1
washed,1
death,1
punish,1
reconceptualized,1
knowing,1
deserves,1
responsibilities,1
harmonious,1
barrell,1
decorative,1
excellency,1
towards,1
projects,1
desiring,1
emotions,1
usefulness,1
skills,1
conformity,1
abstain,1
fact,1
inzterior,1
penitentiaiy,1
eileen,1
forming,1
treatment,1
complaints,1
head,1
benevolent,1
ashamed,1
importation,1
prepared,1
plan,1
labourers,1
nathan,1
occupations,1
mien,1
philanthropy,1
prided,1
disuse,1
britches,1
viii,1
entitlements,1
chaplin,1
amenity,1
enable,1
governed,1
architectutral,1
francaise,1
vernon,1
beg,1
seller,1
somewhere,1
stutdies,1
stop,1
dungeons,1
cheerful,1
debates,1
identical,1
advantageous,1
golden,1
away,1
calico,1
arguably,1
travail,1
deform,1
prerevolutionary,1
closets,1
anne,1
maker,1
ruler,1
unt,1
sort,1
ages,1
hand,1
eatables,1
burning,1
abstract,1
shipwreck,1
lee,1
cravats,1
covered,1
nicolas,1
amanda,1
creature,1
dorothy,1
equate,1
halifax,1
coarse,1
execution,1
cruisoe,1
wright,1
macfarlane,1
jenny,1
celebrated,1
newtonian,1
models,1
coincided,1
council,1
analyses,1
adventutres,1
peddlers,1
colony,1
cottager,1
disparity,1
taxable,1
deep,1
japan,1
antislavery,1
kelso,1
fewest,1
belief,1
project,1
frequency,1
inglorious,1
hale,1
oxymoron,1
patriarchal,1
ordinary,1
ink,1
assemblage,1
entitlement,1
thle,1
disregarded,1
free,1
embroidered,1
recommend,1
measutre,1
agriculltutre,1
congruity,1
redesigned,1
civilized,1
labaree,1
wrapped,1
responded,1
charleston,1
submit,1
interpreting,1
imagine,1
demonstrated,1
liv,1
fiscal,1
forthright,1
greatest,1
anzd,1
bathing,1
investment,1
extended,1
discussion,1
supplies,1
laqueur,1
lydia,1
incommoded,1
success,1
lands,1
discovery,1
explanation,1
surfaces,1
parcimony,1
nlursing,1
insulation,1
courtiers,1
directions,1
desert,1
servant,1
decent,1
excesse,1
roomly,1
patricia,1
fictional,1
stuldies,1
mechanization,1
rehabilitation,1
looking,1
officiated,1
court,1
manifestations,1
safer,1
arbitrarily,1
services,1
disavowed,1
herself,1
crafts,1
angus,1
cabins,1
europeans,1
blameable,1
findings,1
stockings,1
refreshment,1
thriving,1
admiring,1
nobleman,1
conversely,1
looting,1
succumbed,1
earthen,1
plantation,1
troops,1
factor,1
assume,1
aesthetics,1
typical,1
engaging,1
vocabulary,1
greimas,1
domination,1
harvard,1
satisfactorily,1
ethnic,1
rare,1
lawrence,1
jusqu,1
styles,1
eden,1
repulblican,1
individuals,1
merit,1
shutters,1
olaludah,1
oldham,1
illiustration,1
stayed,1
conger,1
internal,1
lessened,1
vii,1
pattern,1
versions,1
exceedingly,1
shrewd,1
cenitity,1
low,1
wheel,1
granville,1
exports,1
tique,1
landscapes,1
coxe,1
discovered,1
hsorcl,1
mandevillian,1
three,1
abounding,1
historic,1
tis,1
eveiy,1
emphasizing,1
stress,1
agrictultutre,1
honor,1
sensitivity,1
pens,1
accounted,1
portfolio,1
conslming,1
co,1
joulrnal,1
eve,1
feasible,1
homes,1
evening,1
brett,1
characterized,1
helpful,1
spread,1
summer,1
assessing,1
mount,1
collected,1
serves,1
hearing,1
course,1
pompeii,1
harpsichordist,1
counted,1
wren,1
conversation,1
offense,1
black,1
lose,1
indulstrial,1
gardening,1
imagination,1
spent,1
bulsiness,1
valued,1
sentiment,1
comparing,1
slicers,1
systems,1
ridic,1
eyes,1
salt,1
newspapers,1
vlach,1
craft,1
narrow,1
sensible,1
statements,1
cabinets,1
respectively,1
auslander,1
upholsterer,1
charles,1
scissors,1
sentiments,1
teach,1
hi,1
mellon,1
structure,1
concepts,1
trades,1
percent,1
recommending,1
probably,1
rouses,1
electricity,1
greece,1
divides,1
hunter,1
ate,1
beresford,1
thirsk,1
wells,1
figures,1
macmillan,1
save,1
existed,1
tendency,1
connections,1
attend,1
davidoff,1
widener,1
evaluated,1
basically,1
hanover,1
chippendale,1
propose,1
mortality,1
foucauldian,1
minimally,1
aecnhitria,1
drayton,1
concluded,1
widely,1
stereotypes,1
vickery,1
untranslatable,1
hunt,1
conslumption,1
rarity,1
increasing,1
corkscrews,1
farm,1
kaye,1
dealing,1
implicitly,1
suggest,1
consists,1
landlords,1
allay,1
aspirations,1
improves,1
tests,1
discussing,1
liberalism,1
relationship,1
applications,1
carla,1
slender,1
aid,1
browne,1
ats,1
jephcott,1
shattered,1
trautman,1
today,1
perspectives,1
experiimental,1
frugal,1
humanities,1
wisdom,1
replied,1
lot,1
supped,1
continued,1
americanz,1
pilgrims,1
linda,1
five,1
adequacy,1
guests,1
intime,1
naturally,1
dii,1
prose,1
strical,1
materialism,1
prudent,1
reasonable,1
neglecting,1
select,1
gin,1
emulative,1
thermal,1
politeness,1
borrowing,1
widespread,1
male,1
inquli,1
substitution,1
revisionism,1
indeterminability,1
exceptional,1
lost,1
off,1
insist,1
seen,1
collections,1
detailed,1
sanborn,1
worse,1
rational,1
claimed,1
effectively,1
elfe,1
circumstance,1
exportation,1
enlist,1
langluage,1
commen,1
strains,1
rapidly,1
gerrards,1
danis,1
indicate,1
delicacy,1
marlying,1
volumes,1
owned,1
provinces,1
expectations,1
lacing,1
goldthwaite,1
elkins,1
proposals,1
buttoners,1
civilitas,1
chamber,1
breasts,1
wig,1
charlottesville,1
consuimer,1
plebes,1
get,1
crutsoe,1
consitnmption,1
decided,1
meets,1
eugene,1
crowded,1
princes,1
suitableness,1
niger,1
pen,1
appreciate,1
budka,1
recognizably,1
detail,1
isaac,1
meal,1
claims,1
freshwater,1
tyrant,1
roof,1
acquired,1
spectrum,1
publicly,1
duncan,1
houlses,1
heavy,1
rarely,1
fifteen,1
judgments,1
practice,1
fla,1
fliegelman,1
wherewith,1
sadlers,1
preface,1
members,1
colonists,1
humane,1
conjunction,1
nova,1
specificity,1
mario,1
barbarism,1
bulging,1
edmunds,1
instructed,1
hutch,1
satisfying,1
reinforced,1
management,1
bedrooms,1
nutritional,1
stuffed,1
espondence,1
precise,1
jolutrnal,1
machiavellian,1
temporal,1
quotes,1
supported,1
disapproval,1
susceptible,1
travellers,1
griffin,1
christiana,1
earle,1
watt,1
appealing,1
offers,1
sustained,1
command,1
secretion,1
nda,1
equation,1
payne,1
cousin,1
seven,1
bright,1
ry,1
tenements,1
cliffs,1
hospitality,1
milieu,1
defining,1
cabbages,1
cotter,1
favorably,1
noun,1
privacy,1
intellectual,1
bucks,1
colonization,1
ministerial,1
discolurse,1
underclothing,1
advertisements,1
chapman,1
qi,1
controversy,1
cultiure,1
nobility,1
global,1
removing,1
transcended,1
obliged,1
snuffers,1
accustomed,1
board,1
dissipation,1
believe,1
uncivilised,1
gone,1
referees,1
curious,1
unprivileged,1
downing,1
klein,1
philosophes,1
brick,1
printed,1
argue,1
attending,1
wall,1
constructions,1
comp,1
reclining,1
agriclultutral,1
wolfe,1
minimized,1
report,1
cures,1
surveyor,1
starched,1
inquiity,1
softness,1
cloath,1
obviously,1
distribultion,1
kinds,1
raphael,1
uphold,1
msiter,1
sitter,1
primitivist,1
retitled,1
childbirth,1
tracts,1
pomp,1
placing,1
apparell,1
vale,1
straw,1
type,1
alutobiography,1
absolutely,1
oliver,1
merely,1
ideally,1
turned,1
catalogue,1
houises,1
impulse,1
dapper,1
romanticized,1
elevated,1
confess,1
knows,1
revel,1
game,1
quiet,1
wit,1
commodity,1
jean,1
purchase,1
automatic,1
anzeican,1
laudable,1
carefully,1
investigation,1
curvature,1
syndy,1
poses,1
llixe,1
coffee,1
implicit,1
retinue,1
cooking,1
list,1
inclement,1
lane,1
concerts,1
barracks,1
attitudes,1
sexton,1
statement,1
geo,1
remove,1
unnecessary,1
carriages,1
tightly,1
starkly,1
dream,1
counteipoint,1
parliament,1
delicious,1
westerners,1
kingsmill,1
benijcmin,1
collapsible,1
studying,1
require,1
divide,1
dark,1
benes,1
cloth,1
uncertainty,1
explored,1
imperial,1
balance,1
influenced,1
indifference,1
ritual,1
u,1
listed,1
stove,1
natutral,1
benevolence,1
mercantilist,1
siecles,1
graceful,1
prevent,1
urban,1
queries,1
dayle,1
port,1
freedom,1
comnfort,1
tongs,1
remodeled,1
collet,1
weapons,1
agreeable,1
probability,1
bodies,1
bought,1
apparatus,1
providential,1
emergent,1
lois,1
elias,1
attentive,1
entire,1
economist,1
ill,1
screens,1
peace,1
shi,1
altogether,1
marketing,1
wrigley,1
micro,1
alternatives,1
confirm,1
atrophy,1
duty,1
gerard,1
giving,1
buy,1
returning,1
straighten,1
assumptions,1
congenial,1
happens,1
rationale,1
clulture,1
subculture,1
ambivalently,1
rochester,1
commodities,1
alain,1
laboured,1
copper,1
empathize,1
families,1
socializing,1
phenomenon,1
mention,1
scarcely,1
maintained,1
resolved,1
representation,1
au,1
writing,1
aspect,1
coming,1
invoked,1
jan,1
indolency,1
rewarding,1
pair,1
aspires,1
introdulction,1
named,1
eric,1
pray,1
buying,1
false,1
produce,1
sanctioned,1
promoted,1
ian,1
fuirnishing,1
lodged,1
francois,1
soft,1
acceptability,1
canvas,1
until,1
foyers,1
equliano,1
baubles,1
recording,1
englishman,1
distinguish,1
negro,1
background,1
weatherill,1
difference,1
demonstrability,1
writinigs,1
intensified,1
sensibilities,1
donald,1
finding,1
quest,1
spermaceti,1
loisir,1
jacques,1
write,1
recovering,1
defender,1
neomercantilism,1
motives,1
aran,1
crisis,1
cotuntiy,1
existienci,1
adanms,1
malthits,1
hiring,1
moralist,1
applicable,1
jolurney,1
leora,1
indolence,1
typically,1
cooper,1
define,1
crimes,1
inform,1
ready,1
fishing,1
green,1
ll,1
smaller,1
rowlandson,1
obscurity,1
autumn,1
cornforth,1
exceeding,1
regular,1
you,1
effects,1
ways,1
ampler,1
xive,1
attempted,1
recourse,1
aulthority,1
membership,1
battie,1
indecent,1
presenting,1
households,1
boyden,1
walking,1
shift,1
folly,1
mulvey,1
enclosed,1
comparison,1
fitness,1
evelyn,1
virtute,1
solaced,1
indoor,1
blacks,1
contradicted,1
pickers,1
settled,1
stools,1
reyner,1
chattels,1
paston,1
spectator,1
assumed,1
commonsense,1
posture,1
certainty,1
radner,1
stylish,1
dewes,1
peggy,1
rudofsky,1
smooth,1
guidebooks,1
justify,1
supply,1
islanders,1
era,1
sits,1
th,1
irrelevant,1
scotia,1
recognized,1
lorena,1
cutters,1
damp,1
rethought,1
bentley,1
texts,1
composing,1
views,1
lenore,1
inlarged,1
incur,1
abroad,1
valley,1
sciences,1
northwestern,1
againist,1
interaction,1
verified,1
fellowship,1
transhistorical,1
images,1
immediately,1
tightens,1
saumarez,1
fancy,1
mature,1
ends,1
carver,1
laborers,1
cross,1
langite,1
condescend,1
darling,1
broader,1
cadogen,1
doing,1
sent,1
adorn,1
ca,1
attendants,1
shame,1
warrington,1
happiest,1
bury,1
boswell,1
occur,1
extolled,1
perpetual,1
richly,1
parisiens,1
hypothesis,1
