WORDCOUNTS,WEIGHT
the,69
and,51
of,41
to,26
a,24
that,21
i,21
not,17
in,17
it,16
is,16
for,16
by,15
power,15
as,11
system,11
was,10
on,10
balance,9
american,7
with,7
but,7
political,7
what,7
were,7
russia,7
britain,6
than,6
gruner,5
me,5
hegemony,5
about,5
more,5
s,5
do,5
international,5
both,5
this,5
even,5
world,5
at,4
rights,4
he,4
russian,4
his,4
still,4
or,4
seems,4
law,4
worked,4
did,4
there,4
where,4
war,4
another,4
would,4
be,4
we,4
factors,3
rested,3
everyone,3
hegemonic,3
why,3
castlereagh,3
from,3
kraehe,3
my,3
other,3
alexander,3
far,3
real,3
serious,3
may,3
see,3
british,3
however,3
politics,3
became,3
its,3
partly,3
think,3
have,3
so,3
france,3
should,3
does,2
struggle,2
way,2
main,2
vienna,2
lost,2
insist,2
sphere,2
competition,2
means,2
solutions,2
contend,2
partnership,2
austria,2
seriously,2
operated,2
clearly,2
latin,2
no,2
w,2
simply,2
else,2
willingness,2
june,2
paul,2
book,2
taken,2
equilibrium,2
again,2
over,2
all,2
talking,2
ahr,2
great,2
rivalry,2
reply,2
historical,2
pattern,2
merely,2
spain,2
mainly,2
within,2
purposes,2
soviet,2
distribution,2
historians,2
america,2
rejoinder,2
some,2
work,2
disagree,2
true,2
europe,2
through,2
decisive,2
very,2
canning,2
role,2
use,2
actually,2
which,2
review,2
since,2
certain,2
agreement,2
new,2
course,2
their,2
normally,2
schroeder,2
like,2
states,2
mild,2
distinction,2
kind,2
palmerston,2
especially,2
commentators,2
trying,2
between,2
results,2
much,2
whenever,2
cooperative,2
though,2
applies,2
brave,1
critics,1
periods,1
will,1
things,1
now,1
negotiations,1
christian,1
supremacy,1
second,1
recognized,1
german,1
century,1
contest,1
various,1
fairly,1
rather,1
jervis,1
concerned,1
crucial,1
concede,1
hegemonies,1
generous,1
fear,1
neglecting,1
begin,1
lines,1
won,1
revolutionary,1
process,1
cuba,1
translation,1
detailed,1
inconsistently,1
force,1
make,1
persia,1
germany,1
tolerable,1
legitimacy,1
talk,1
covert,1
indicate,1
spot,1
countries,1
direct,1
balanced,1
echo,1
contributions,1
life,1
zeal,1
drastically,1
conveys,1
danger,1
tenable,1
existed,1
feel,1
united,1
achieve,1
once,1
witty,1
space,1
sweeping,1
moreover,1
supposed,1
crunch,1
multipolar,1
yet,1
interpretation,1
reason,1
itself,1
understand,1
treaty,1
security,1
read,1
case,1
nakedly,1
old,1
fought,1
wolf,1
east,1
meant,1
seeing,1
durability,1
policy,1
position,1
western,1
thesis,1
history,1
into,1
regularly,1
title,1
before,1
panama,1
just,1
arguing,1
are,1
russians,1
nineteenthcentury,1
grand,1
these,1
already,1
cunning,1
most,1
round,1
exploited,1
had,1
first,1
additional,1
only,1
either,1
beyond,1
useful,1
narrowly,1
besides,1
terminology,1
also,1
here,1
crimean,1
interests,1
napoleonic,1
set,1
stated,1
important,1
imposing,1
might,1
others,1
differently,1
attempt,1
view,1
continental,1
conceived,1
refused,1
control,1
emerged,1
sure,1
opponents,1
allotted,1
guaranteed,1
nature,1
result,1
words,1
apologize,1
different,1
worth,1
confederation,1
based,1
inclined,1
lead,1
least,1
knowing,1
scientists,1
leading,1
found,1
reformed,1
thank,1
domestic,1
time,1
liverpool,1
break,1
changed,1
thanks,1
rebuttal,1
generalizations,1
sustaining,1
realpolitik,1
dispute,1
everything,1
misled,1
insisting,1
persist,1
infuriatingly,1
achieved,1
term,1
big,1
better,1
men,1
evident,1
concrete,1
behind,1
took,1
subordinate,1
consciously,1
precisely,1
impression,1
equally,1
decisively,1
nicaragua,1
robert,1
remarkable,1
transactions,1
heads,1
carefully,1
irritating,1
terms,1
stability,1
less,1
applied,1
can,1
forum,1
maintain,1
forthcoming,1
statement,1
persian,1
dying,1
leaving,1
has,1
sacrifice,1
benign,1
near,1
mine,1
compete,1
briefly,1
degree,1
well,1
colonies,1
account,1
almost,1
obligations,1
status,1
basis,1
emphasis,1
determined,1
gains,1
bounded,1
establishing,1
reaction,1
powers,1
socioeconomic,1
made,1
eighteenth,1
capodistrias,1
cooperating,1
peace,1
combating,1
point,1
except,1
example,1
calls,1
literal,1
along,1
arbitrarily,1
criticized,1
impose,1
prussia,1
measure,1
genuine,1
gave,1
says,1
issues,1
ideas,1
unmistakable,1
goals,1
central,1
nothing,1
call,1
throughout,1
assurances,1
sees,1
statesmen,1
elegant,1
surely,1
spirited,1
adjudicate,1
argument,1
unable,1
such,1
prestige,1
difference,1
alliance,1
clear,1
restraining,1
quest,1
against,1
importance,1
comprehensive,1
finally,1
essay,1
diplomats,1
satisfactions,1
relations,1
leaf,1
period,1
evidence,1
cold,1
overt,1
aberdeen,1
him,1
talked,1
pay,1
played,1
one,1
order,1
metternich,1
anyone,1
after,1
area,1
theorists,1
around,1
majeure,1
enno,1
wellington,1
small,1
inactive,1
claims,1
fig,1
further,1
served,1
era,1
patronizing,1
find,1
structure,1
always,1
when,1
bounds,1
substantial,1
given,1
italy,1
gulf,1
critique,1
details,1
versus,1
demonstration,1
north,1
general,1
basically,1
hope,1
attention,1
workings,1
settle,1
major,1
unassailable,1
suez,1
