WORDCOUNTS,WEIGHT
the,146
of,113
in,81
and,75
that,72
to,65
i,55
a,52
is,40
as,35
not,30
my,30
s,26
for,25
film,24
with,23
by,22
history,21
it,19
an,19
this,18
on,18
she,16
are,16
about,15
be,15
her,14
have,14
book,13
can,13
such,12
does,11
from,11
higashi,11
nashat,11
essay,11
at,10
they,10
but,10
toplin,10
their,10
why,10
his,9
power,9
historians,9
work,9
women,9
review,9
would,9
sources,8
also,8
did,8
historical,8
issues,8
if,7
was,7
p,7
ideology,7
what,7
however,7
argument,7
editor,7
status,7
communication,7
he,6
been,6
who,6
walker,6
read,6
modern,6
or,6
films,6
had,6
scholars,6
so,6
other,6
original,6
some,6
claim,6
ideas,6
since,6
much,6
reel,6
value,6
should,6
reviewer,5
one,5
dialogue,5
islamic,5
studies,5
pp,5
university,5
claims,5
thesis,5
only,5
important,5
works,5
written,5
those,5
political,5
persian,5
example,5
white,5
moral,5
managerial,5
between,5
jfk,5
iran,4
without,4
economic,4
gender,4
make,4
american,4
communications,4
criticism,4
yet,4
ways,4
any,4
impact,4
these,4
most,4
more,4
many,4
argue,4
end,4
primary,4
islam,4
audiences,4
do,4
context,4
has,4
start,4
very,4
unfortunately,4
acknowledges,4
movies,4
daniel,4
social,4
exercise,4
life,4
several,4
article,4
point,4
than,4
am,4
may,3
sumiko,3
dealing,3
therefore,3
rather,3
influence,3
commentary,3
scholar,3
april,3
translation,3
often,3
articles,3
postmodern,3
periods,3
today,3
teachings,3
lanzmann,3
first,3
rise,3
robert,3
published,3
volume,3
democratic,3
challenge,3
business,3
words,3
based,3
leaders,3
ahr,3
new,3
far,3
know,3
arrogance,3
raised,3
within,3
see,3
employers,3
issue,3
otherwise,3
theory,3
me,3
literature,3
discussion,3
zoroastrian,3
professionals,3
say,3
through,3
managers,3
its,3
fail,3
writing,3
questions,3
while,3
forces,3
were,3
three,3
conditions,3
shoah,3
like,3
period,3
specialists,3
arabic,3
muslim,3
response,3
dramatic,3
references,3
scholarship,3
even,3
little,3
present,3
cinematic,3
among,3
correctness,3
standard,3
now,2
give,2
note,2
minimizes,2
way,2
aim,2
sometimes,2
main,2
corporate,2
spectacle,2
how,2
limited,2
cinema,2
brief,2
primarily,2
exception,2
introduction,2
comments,2
made,2
methodology,2
judged,2
religious,2
use,2
values,2
dismiss,2
authority,2
jargon,2
replete,2
interpretation,2
distinct,2
qur,2
virtually,2
familiar,2
into,2
rarely,2
general,2
then,2
promotes,2
experimental,2
source,2
too,2
show,2
operate,2
confuse,2
observation,2
lead,2
certainly,2
text,2
statements,2
interested,2
essays,2
receipts,2
opinion,2
over,2
promoting,2
all,2
languages,2
damning,2
historiography,2
fact,2
december,2
introduce,2
treatment,2
exercises,2
believe,2
fundamental,2
great,2
narrative,2
out,2
deal,2
state,2
contemporary,2
movie,2
merely,2
sacred,2
cultural,2
reading,2
reviews,2
communicate,2
carefully,2
refrain,2
them,2
less,2
system,2
making,2
well,2
necessary,2
your,2
undemocratic,2
public,2
translations,2
number,2
because,2
tucker,2
xix,2
having,2
suggests,2
genre,2
understanding,2
judith,2
radically,2
october,2
brent,2
babylonian,2
part,2
knowledge,2
press,2
comment,2
subject,2
elizabeth,2
pahlavi,2
holocaust,2
entirely,2
denies,2
filmmaking,2
used,2
which,2
gave,2
arguments,2
attract,2
gurus,2
guilty,2
think,2
central,2
complaints,2
guity,2
tradition,2
distinctive,2
representations,2
sumerian,2
illinois,2
elton,2
interest,2
embrace,2
least,2
instead,2
field,2
achaemenian,2
manager,2
objections,2
especially,2
problems,2
although,2
systems,2
introductory,2
become,2
apologetic,2
chicago,2
early,2
including,2
documentary,2
traditional,2
hayden,2
critique,2
world,2
uncomfortable,2
strong,2
dismissive,2
recent,2
attention,2
cites,2
claude,2
contributes,1
things,1
higher,1
space,1
will,1
hinders,1
critical,1
institutionalized,1
margins,1
lapse,1
assyrian,1
via,1
verses,1
mostly,1
fascism,1
wilmington,1
americans,1
rohmer,1
york,1
lowbudget,1
pictures,1
personally,1
page,1
cover,1
hegemony,1
alex,1
raise,1
license,1
no,1
absence,1
arberry,1
wisdom,1
misrepresent,1
bringing,1
codes,1
forego,1
segregated,1
letters,1
concerned,1
mentions,1
meaning,1
l,1
groups,1
notable,1
rigidly,1
wrote,1
indeed,1
drama,1
created,1
remain,1
mba,1
pieces,1
furthermore,1
truth,1
nicaragua,1
basic,1
vague,1
career,1
motivated,1
prophets,1
appreciation,1
levels,1
ryan,1
commit,1
college,1
thickets,1
irreverent,1
class,1
happen,1
worthy,1
annoyed,1
process,1
spurious,1
contrast,1
epistemologically,1
poor,1
lost,1
contrary,1
detailed,1
still,1
considerably,1
opportunity,1
mar,1
determining,1
says,1
worse,1
sphere,1
semiotic,1
forth,1
lives,1
proposition,1
misreads,1
contribution,1
connect,1
similar,1
importance,1
large,1
discover,1
contributor,1
parts,1
documentaries,1
agendas,1
reception,1
pages,1
herodotus,1
corpus,1
nuance,1
possess,1
study,1
responsible,1
elaborated,1
construction,1
fighting,1
old,1
label,1
hollywood,1
designed,1
convictions,1
fictionalized,1
surprising,1
entertainment,1
duplicate,1
direct,1
sweeping,1
moreover,1
edited,1
english,1
fields,1
suffice,1
unconventional,1
reference,1
means,1
bosses,1
understand,1
irony,1
succinctness,1
misunderstand,1
alleges,1
association,1
hairs,1
sound,1
provocatively,1
favor,1
illusionist,1
bad,1
rigorous,1
evil,1
affect,1
ensure,1
discussions,1
praise,1
duke,1
under,1
considered,1
psychoanalytic,1
althusser,1
god,1
equally,1
neither,1
easily,1
management,1
presents,1
clear,1
ishaq,1
seriously,1
authorities,1
evolved,1
disappointment,1
abuses,1
thinking,1
latin,1
light,1
associated,1
before,1
sum,1
actually,1
judgments,1
workers,1
believed,1
same,1
teaching,1
limits,1
reviewing,1
objectivity,1
arguing,1
articulated,1
series,1
nonetheless,1
deliver,1
iranian,1
argued,1
reviewed,1
acknowledging,1
pointless,1
practices,1
biography,1
president,1
insights,1
age,1
constitute,1
different,1
negative,1
demonstrate,1
extensive,1
warranted,1
superior,1
ever,1
scarcely,1
noted,1
increasingly,1
exploited,1
typed,1
deserved,1
known,1
discretion,1
filmmaker,1
misrepresentations,1
either,1
thousand,1
exceed,1
thrives,1
useful,1
constructed,1
schindler,1
discomfort,1
invention,1
specifically,1
contextualizing,1
provide,1
requires,1
underestimates,1
concur,1
leni,1
visibly,1
french,1
human,1
strenuously,1
awry,1
interests,1
law,1
established,1
explain,1
bits,1
erroneous,1
assert,1
evolution,1
stated,1
camp,1
indicated,1
cox,1
preference,1
suggested,1
providing,1
rosenstone,1
stating,1
strengthen,1
influential,1
shelf,1
attempt,1
view,1
appear,1
unexceptional,1
chance,1
globalization,1
allusion,1
blockbusters,1
degree,1
artistic,1
veil,1
thinks,1
stretch,1
sure,1
advanced,1
dramatizations,1
official,1
nature,1
emotions,1
uses,1
artifice,1
shows,1
naive,1
consideration,1
key,1
cinemas,1
constructing,1
leading,1
secondary,1
could,1
genuine,1
our,1
credits,1
indicate,1
foneswolf,1
here,1
manoa,1
agree,1
reasons,1
effect,1
surprised,1
typical,1
thank,1
witnesses,1
differences,1
extended,1
overemphasis,1
hoopes,1
editors,1
misstates,1
misunderstood,1
teachers,1
foreground,1
seven,1
obscures,1
particularly,1
demands,1
contradictory,1
obviously,1
hundred,1
curiosity,1
plead,1
mississippi,1
grows,1
carolina,1
reacts,1
negligible,1
excite,1
readings,1
survey,1
take,1
real,1
underpin,1
considerable,1
fashion,1
vigorous,1
dramas,1
past,1
there,1
favorite,1
philosophical,1
disputes,1
assessment,1
term,1
riefensthal,1
improved,1
never,1
evident,1
academic,1
respond,1
precisely,1
beginning,1
dismissal,1
current,1
understood,1
signifying,1
let,1
babson,1
manner,1
discipline,1
where,1
lacan,1
reenactments,1
developing,1
investigation,1
existing,1
whether,1
terms,1
reconcile,1
form,1
reality,1
list,1
promise,1
intelligently,1
case,1
reification,1
house,1
record,1
deep,1
nothing,1
arousing,1
dr,1
invitation,1
perhaps,1
saving,1
embracing,1
recorded,1
books,1
conclude,1
assertions,1
wide,1
approvingly,1
task,1
occupant,1
insightful,1
tablets,1
satisfactory,1
periodization,1
opting,1
misconstrued,1
explicitly,1
misreading,1
borne,1
huge,1
distressed,1
studying,1
require,1
addresses,1
relativity,1
intriguing,1
turf,1
classical,1
endorsing,1
verified,1
information,1
almost,1
missed,1
basis,1
recommended,1
interrelated,1
private,1
suspicion,1
prevailing,1
urban,1
encounter,1
burning,1
characterize,1
popular,1
registers,1
derived,1
examples,1
specialist,1
solely,1
corroborated,1
stronger,1
preand,1
move,1
recognizing,1
presented,1
carry,1
writers,1
sway,1
obvious,1
lois,1
odds,1
determined,1
crossdisciplinary,1
writings,1
multiple,1
region,1
leads,1
interdisciplinary,1
beck,1
given,1
headed,1
exercising,1
individual,1
discusses,1
stir,1
interpreters,1
misunderstands,1
marvel,1
cited,1
looking,1
rasul,1
play,1
role,1
along,1
blockbuster,1
allows,1
unrealistic,1
louis,1
discussed,1
criticized,1
disciplines,1
asserts,1
whole,1
engage,1
vast,1
screen,1
describe,1
inspirational,1
assumption,1
place,1
refers,1
james,1
truthfulness,1
assume,1
broad,1
paid,1
commendable,1
subtly,1
challenges,1
academics,1
evidenced,1
submitted,1
representation,1
fine,1
repeatedly,1
relies,1
defensively,1
structures,1
regarding,1
conflict,1
ibn,1
relates,1
realized,1
unexplored,1
national,1
eric,1
apparently,1
comprehending,1
false,1
sic,1
stylistics,1
dismissed,1
apologetics,1
putatively,1
shown,1
theoretical,1
showing,1
manage,1
imperfect,1
conscience,1
years,1
dynamics,1
reveals,1
electronic,1
significance,1
aha,1
enthusiastic,1
truths,1
trends,1
else,1
creators,1
unrepresentabilty,1
authors,1
shortcomings,1
messages,1
jacques,1
configured,1
publication,1
write,1
express,1
language,1
finally,1
implicitly,1
points,1
passe,1
messenger,1
makes,1
lectures,1
lady,1
bridging,1
good,1
change,1
illegitimate,1
documentation,1
contributed,1
offer,1
hawaii,1
arouse,1
times,1
pride,1
defensive,1
powerful,1
granted,1
exquisite,1
went,1
allah,1
need,1
responsibility,1
errs,1
embodied,1
admission,1
media,1
reflexive,1
writer,1
brockport,1
schools,1
nine,1
involving,1
distinction,1
you,1
arena,1
crafted,1
kind,1
defined,1
urbana,1
accurate,1
anyone,1
turn,1
discourse,1
misunderstanding,1
wish,1
volumes,1
quite,1
commentaries,1
defense,1
remains,1
nor,1
involved,1
theorists,1
translated,1
footnotes,1
greek,1
needs,1
favored,1
morally,1
weighty,1
refer,1
concerning,1
separately,1
few,1
disclaims,1
best,1
disaster,1
reductionism,1
holds,1
encouraging,1
misread,1
agency,1
young,1
forgiven,1
consulted,1
displeasure,1
marxist,1
realism,1
third,1
single,1
declares,1
sirat,1
corporations,1
adheres,1
publications,1
credible,1
irrelevant,1
enterprise,1
profit,1
result,1
characterizes,1
couple,1
weight,1
when,1
views,1
up,1
men,1
dependent,1
quotations,1
journal,1
ascribe,1
splitting,1
conventions,1
we,1
north,1
appropriate,1
discovering,1
professional,1
caution,1
evidence,1
ago,1
develop,1
experts,1
gross,1
hardly,1
subordinates,1
time,1
showed,1
tendentious,1
titanic,1
questioning,1
wording,1
concluded,1
continuity,1
kitsch,1
critiquing,1
reluctant,1
objected,1
increase,1
unwittingly,1
