WORDCOUNTS,WEIGHT
the,1235
of,851
and,593
to,404
in,403
that,244
a,209
political,160
language,153
for,126
s,126
is,112
by,103
as,103
on,97
they,73
his,72
credit,72
social,71
be,66
he,65
from,65
de,62
are,62
one,60
or,60
it,58
french,56
history,55
this,55
culture,55
their,53
more,53
historical,51
linguistic,48
words,48
which,46
personal,44
an,44
had,42
but,42
see,42
not,42
with,42
new,41
baker,39
early,39
revolution,38
fidelity,38
herman,37
its,37
france,35
all,33
meaning,32
what,32
modern,31
through,31
beliefs,30
i,30
meanings,30
analysis,30
word,29
review,29
century,29
discourse,29
power,29
king,29
other,28
no,28
m,28
use,28
la,28
between,28
merit,27
december,27
american,26
has,26
relations,26
cultural,26
elias,26
context,24
also,24
values,24
can,24
games,23
were,23
individual,23
who,23
experience,22
relationships,22
paris,22
seventeenth,22
chartier,21
will,21
agents,21
have,21
those,20
was,20
ideas,20
would,20
at,19
public,19
approach,19
galileo,18
service,18
politics,18
moral,18
reputation,18
into,18
these,18
only,18
others,18
smith,18
dictionnaire,17
world,17
society,17
reference,17
jay,17
discourses,17
terms,17
both,17
must,17
now,16
historians,16
l,16
inventing,16
been,16
process,15
out,15
because,15
used,15
own,15
le,15
individuals,15
assumptions,15
state,14
most,14
order,14
value,14
about,14
skinner,14
frame,14
first,13
semantic,13
patrons,13
biagioli,13
could,13
found,13
work,13
example,13
toward,13
inevitably,13
another,13
so,13
relationship,13
regime,13
game,13
them,13
interests,12
perspective,12
always,12
important,12
good,12
actions,12
therefore,12
second,12
action,12
ed,12
two,12
hand,12
royal,12
material,12
made,12
discursive,12
transformation,12
each,12
when,12
traditional,12
within,11
system,11
some,11
resources,11
representations,11
than,11
clearly,11
however,11
des,11
et,11
change,11
economic,11
strategic,11
thought,11
financial,11
plan,11
strategies,11
clients,11
eighteenth,11
vocabulary,11
semiotic,11
simply,11
definitions,11
defined,11
recent,11
j,10
richelieu,10
even,10
patronage,10
article,10
representation,10
present,10
identity,10
assumption,10
him,10
exchange,10
study,10
any,10
set,10
obligation,10
should,10
obligations,9
if,9
trans,9
determine,9
nouveau,9
authority,9
studies,9
position,9
account,9
human,9
may,9
how,9
changes,9
polanyi,9
my,9
monarchy,9
time,9
contemporary,9
porte,9
purposes,9
discussion,9
louis,9
courtier,9
logic,9
class,9
claims,9
historian,9
past,9
her,9
emphasis,9
themselves,9
point,9
among,9
way,8
formed,8
prince,8
definition,8
court,8
keith,8
vol,8
himself,8
development,8
agent,8
old,8
men,8
spiegel,8
actually,8
oxford,8
useful,8
evolution,8
services,8
students,8
after,8
life,8
centuries,8
itself,8
form,8
cambridge,8
define,8
need,8
du,7
intentions,7
nature,7
principles,7
sought,7
term,7
influence,7
furetiere,7
opinion,7
expressed,7
understood,7
though,7
thorne,7
realm,7
place,7
people,7
several,7
mayfield,7
honor,7
behind,7
do,7
where,7
michael,7
franqaise,7
assume,7
david,7
like,7
interlocutors,7
pocock,7
attention,7
force,7
fields,7
then,7
theory,7
while,7
analogy,7
instead,7
specific,7
c,7
struggle,6
agency,6
confidence,6
ways,6
moyne,6
dictionaries,6
motivations,6
might,6
great,6
there,6
mind,6
such,6
possible,6
functions,6
hierarchy,6
g,6
nor,6
underlying,6
rather,6
developed,6
granted,6
copernican,6
richelet,6
n,6
articulated,6
believed,6
uses,6
result,6
assets,6
called,6
philosophical,6
struggles,6
cannot,6
well,6
esp,6
commerce,6
langue,6
fully,6
critical,6
ancien,6
still,6
rules,6
already,6
many,6
contemporaries,6
belief,6
national,6
three,6
essay,6
sense,6
impersonal,6
me,6
meant,6
changing,6
symbolic,6
nobility,6
implicit,6
making,6
debate,6
ultimately,6
argument,6
abbe,6
d,6
historicism,6
much,6
seek,6
does,5
revolutionary,5
needed,5
fixed,5
contexts,5
frangaise,5
taken,5
company,5
debt,5
evolving,5
determined,5
sixteenth,5
central,5
explained,5
pursuit,5
interest,5
civilizing,5
kind,5
turn,5
back,5
response,5
lens,5
general,5
mechanism,5
underlay,5
whose,5
basic,5
explicit,5
represented,5
lay,5
benefits,5
show,5
beyond,5
especially,5
pierre,5
greater,5
closely,5
asserts,5
method,5
search,5
significations,5
austin,5
absolutism,5
embedded,5
explain,5
expressions,5
having,5
rhetorical,5
part,5
competing,5
gave,5
collective,5
officers,5
monopoly,5
p,5
skocpol,5
subjective,5
provided,5
discontents,5
recompense,5
various,5
vols,5
community,5
make,5
chap,5
competition,5
serve,5
light,5
outside,5
consideration,5
john,5
model,5
karl,5
upon,5
expression,5
function,5
siecle,5
conversation,5
queen,5
qualities,5
veri,5
we,5
professional,5
implicitly,5
edition,5
signs,5
she,5
provide,5
sensitive,5
responsible,5
eventually,5
practice,5
growing,5
here,5
berkeley,5
did,5
according,5
whether,5
problem,5
thereby,5
conventional,5
formation,5
although,5
shift,5
given,5
common,4
commentary,4
represent,4
kinds,4
elaborated,4
essays,4
stone,4
motivation,4
rewards,4
h,4
devices,4
character,4
necessarily,4
before,4
said,4
specifically,4
derives,4
articulate,4
desire,4
stood,4
reveal,4
take,4
emphasized,4
case,4
generosity,4
key,4
money,4
users,4
exchanges,4
framework,4
qui,4
immediate,4
roger,4
hunt,4
arlette,4
jr,4
affairs,4
domain,4
ithaca,4
monarchical,4
cardinal,4
weight,4
distribution,4
urged,4
york,4
act,4
patron,4
interpretation,4
affective,4
earlier,4
enabled,4
gratitude,4
want,4
calif,4
university,4
origins,4
powerful,4
sewell,4
quentin,4
participants,4
creance,4
recently,4
placed,4
basis,4
mazarin,4
purpose,4
discussions,4
long,4
away,4
field,4
suggest,4
debts,4
articulation,4
practices,4
lynn,4
play,4
prevailing,4
experiences,4
religious,4
structural,4
makes,4
palmer,4
etymologique,4
memoires,4
same,4
shifting,4
noted,4
law,4
fact,4
abstract,4
rhetoric,4
never,4
reflected,4
argues,4
understanding,4
examples,4
trust,4
described,4
ties,4
sensitivity,4
why,4
faith,4
readers,4
problems,4
editors,4
effect,4
y,4
tendency,4
exchanged,4
carried,4
science,4
lawrence,4
kings,4
franqois,4
natural,4
over,4
sure,4
different,4
exploration,4
believe,4
best,4
half,4
ideological,4
universel,4
goods,4
written,4
bien,4
following,4
list,4
maintain,4
despite,4
writes,4
attached,4
subject,4
lies,4
went,4
connotation,4
treasury,4
maintained,4
conventions,4
gain,4
construed,4
years,4
mutual,4
jacques,4
finally,4
testament,4
focus,4
virtue,4
showed,4
close,4
paralleled,3
declared,3
later,3
generous,3
trevoux,3
commitment,3
judging,3
calonne,3
market,3
legitimate,3
probity,3
appear,3
just,3
entries,3
crediteur,3
huguet,3
connotations,3
being,3
certainly,3
production,3
fifteenth,3
implications,3
attempt,3
shaped,3
assess,3
advantage,3
together,3
inherent,3
religion,3
sentiments,3
last,3
derrida,3
determinative,3
neuschel,3
issue,3
advocates,3
existence,3
mass,3
capable,3
activity,3
fortunes,3
shared,3
very,3
gabrielle,3
usage,3
conflict,3
thus,3
historically,3
dynamics,3
pursue,3
objective,3
against,3
author,3
ability,3
moment,3
attested,3
rooted,3
expected,3
self,3
person,3
commissaires,3
houses,3
served,3
find,3
communication,3
look,3
critique,3
apparently,3
loan,3
competitive,3
van,3
pay,3
essential,3
privilege,3
elaboration,3
unit,3
idioms,3
direct,3
pages,3
means,3
established,3
familiar,3
latin,3
ideologies,3
invariably,3
gradually,3
instrument,3
too,3
duc,3
requires,3
signification,3
dominant,3
helped,3
systems,3
assessments,3
based,3
whom,3
justifiable,3
histories,3
access,3
ambiguity,3
patrick,3
objectives,3
requirements,3
carolina,3
politique,3
jouanna,3
xiv,3
absolute,3
required,3
enough,3
receive,3
directly,3
sphere,3
supplanted,3
heart,3
concept,3
actors,3
nation,3
positions,3
whole,3
structures,3
popular,3
employed,3
bassompierre,3
either,3
contests,3
esteem,3
ratios,3
dictionary,3
contrast,3
phrase,3
quite,3
involved,3
talents,3
acts,3
codes,3
generally,3
activities,3
led,3
referent,3
merite,3
military,3
return,3
registered,3
innovation,3
rational,3
recognized,3
represents,3
neither,3
perspectives,3
performed,3
reliance,3
increasingly,3
name,3
conceived,3
addition,3
signified,3
joyce,3
materialist,3
larger,3
demonstrating,3
arthur,3
discussed,3
forms,3
patterns,3
took,3
consciously,3
deploy,3
shown,3
existing,3
accepted,3
eds,3
crown,3
meaningful,3
rendered,3
memoirs,3
unfortunately,3
largely,3
deployed,3
advantages,3
significance,3
modem,3
points,3
lie,3
intrinsic,3
promotion,3
eyes,3
often,3
chapel,3
relation,3
theda,3
saw,3
connections,3
propose,3
christian,3
note,3
bonds,3
un,3
transformed,3
invested,3
dans,3
academie,3
interpretive,3
susan,3
joseph,3
reciprocal,3
wars,3
constant,3
version,3
grand,3
demonstrate,3
constituted,3
invoked,3
extension,3
elicited,3
text,3
finance,3
languages,3
mousnier,3
worth,3
pontis,3
argue,3
constructions,3
current,3
loyalty,3
metaphorical,3
obviously,3
far,3
pour,3
proposed,3
works,3
evident,3
william,3
juridical,3
cause,3
thirty,3
extent,3
argued,3
pursued,3
produce,3
suggests,3
little,3
recognition,3
multiple,3
intended,3
superior,3
accrues,3
commercial,3
mentalities,3
observed,3
initiated,3
web,3
aware,3
tactical,3
wish,3
register,3
course,3
specialists,3
evidence,3
effects,3
anonymous,3
needs,3
chicago,3
kley,3
north,3
longer,3
fiscal,3
kettering,3
frequent,2
repay,2
go,2
dale,2
publique,2
antoine,2
revisionist,2
situate,2
deny,2
negotiation,2
groups,2
alphonse,2
deduced,2
elaborating,2
extend,2
e,2
associated,2
utility,2
pushed,2
distributed,2
cochrane,2
connect,2
group,2
center,2
lexicon,2
enhance,2
asserted,2
philippe,2
english,2
strictly,2
easily,2
favor,2
park,2
figuratively,2
hearts,2
chief,2
neostoic,2
invoking,2
explaining,2
creation,2
norbert,2
attempts,2
motor,2
investments,2
emerged,2
majesty,2
supplied,2
editions,2
historiography,2
reestablish,2
leading,2
display,2
reasons,2
indeed,2
accumulated,2
analyses,2
blind,2
validated,2
normative,2
able,2
government,2
lydia,2
nevertheless,2
faithful,2
reading,2
revise,2
manipulate,2
croyance,2
inquiry,2
concealed,2
est,2
synchronic,2
capacity,2
histoire,2
primary,2
iv,2
right,2
chapter,2
etats,2
italian,2
marked,2
establishing,2
mobilizing,2
malherbe,2
vital,2
multilingualism,2
bell,2
say,2
conceptual,2
liberal,2
constrained,2
undoubtedly,2
promises,2
acquires,2
dignity,2
behavior,2
controlled,2
repeatedly,2
million,2
constitutive,2
savary,2
delimit,2
understand,2
analyzing,2
kirk,2
bounty,2
theorized,2
taste,2
joumal,2
guided,2
rank,2
merely,2
inclinations,2
subjects,2
contrary,2
holds,2
riches,2
left,2
misleading,2
drawn,2
imaginary,2
journal,2
jones,2
surely,2
weakness,2
kept,2
employ,2
mechanisms,2
offices,2
operation,2
lexical,2
colin,2
favreaux,2
added,2
gouvemement,2
hopes,2
without,2
dilemma,2
bring,2
ostensibly,2
possession,2
forced,2
organizing,2
en,2
selflessness,2
utterances,2
deliberately,2
appears,2
similar,2
importance,2
adjustments,2
derived,2
bryan,2
contributions,2
promoting,2
space,2
moreover,2
psychosexual,2
determination,2
insistence,2
servants,2
marks,2
consider,2
bloch,2
descent,2
emergence,2
dit,2
preserved,2
proved,2
marechal,2
monde,2
traces,2
frequently,2
commonly,2
hoped,2
followed,2
comprising,2
terminology,2
shifted,2
servitors,2
strategy,2
view,2
constitution,2
reflections,2
came,2
societe,2
appearance,2
commynes,2
discrete,2
true,2
reply,2
solvency,2
cognizing,2
governing,2
representative,2
late,2
marie,2
further,2
helpfully,2
traced,2
informed,2
durham,2
nobles,2
poverty,2
studying,2
comme,2
companies,2
scale,2
fish,2
instrumental,2
networks,2
opposition,2
bilingualism,2
possibility,2
wants,2
aspects,2
sites,2
hierarchies,2
unequal,2
seminal,2
revealed,2
formerly,2
received,2
strict,2
lacademie,2
uncover,2
sharon,2
kristen,2
apparent,2
calls,2
criticized,2
gentilshommes,2
year,2
during,2
inspire,2
relevance,2
cluster,2
forces,2
accord,2
haven,2
putatively,2
project,2
interpreted,2
debtors,2
assembly,2
polity,2
attributed,2
hidden,2
count,2
subtle,2
multiplicity,2
specie,2
working,2
love,2
shaping,2
grew,2
protest,2
emphasizes,2
financiers,2
things,2
desires,2
signifies,2
around,2
autonomy,2
leaves,2
few,2
altered,2
invoke,2
civic,2
convey,2
up,2
necessity,2
opposite,2
proper,2
roots,2
notes,2
appropriate,2
finds,2
seemed,2
chizay,2
reflexions,2
edmond,2
critics,2
copernicus,2
bruslons,2
matter,2
noble,2
short,2
wrote,2
limited,2
acknowledged,2
merits,2
framing,2
tully,2
standing,2
stedman,2
direction,2
vocabularies,2
xvie,2
once,2
etat,2
creditors,2
paradox,2
under,2
perceived,2
sociological,2
milieus,2
regner,2
follows,2
rise,2
worldviews,2
persuade,2
members,2
recall,2
mona,2
observers,2
mark,2
available,2
similarly,2
chaps,2
analytical,2
efforts,2
fidelities,2
striking,2
appeared,2
vision,2
essence,2
reform,2
choice,2
maneuver,2
souverains,2
end,2
debates,2
man,2
learn,2
manner,2
renaissance,2
less,2
roland,2
forth,2
kaiser,2
rohan,2
perhaps,2
remarked,2
interdependencies,2
gareth,2
confront,2
explicitly,2
free,2
verbal,2
original,2
matrix,2
status,2
art,2
coherent,2
intent,2
explanation,2
chiefly,2
sacrifices,2
locate,2
distinctly,2
recover,2
top,2
generate,2
affection,2
phrases,2
rivers,2
refers,2
causes,2
questions,2
throws,2
chosen,2
full,2
office,2
ozouf,2
aristocratic,2
clear,2
celui,2
reality,2
dauzat,2
held,2
characterized,2
serves,2
practiced,2
tangible,2
standard,2
provides,2
thomas,2
repeated,2
detached,2
xviie,2
enlightenment,2
internal,2
edmund,2
become,2
tactics,2
xvi,2
enjoyed,2
james,2
seeking,2
analyze,2
corresponds,2
payment,2
justice,2
negotiations,2
circle,2
reorder,2
circumstance,2
continued,2
mother,2
sometimes,2
domains,2
naturally,2
prose,2
hill,2
months,2
tellingly,2
institutions,2
referred,2
dimensions,2
puissance,2
lost,2
qualify,2
seen,2
translation,2
establish,2
render,2
lucas,2
indicate,2
methods,2
continually,2
blood,2
fall,2
hope,2
opinions,2
articles,2
princes,2
grounded,2
attachment,2
interacts,2
stable,2
considered,2
ensure,2
acquired,2
proof,2
environment,2
exercised,2
comes,2
appointed,2
circumstances,2
mario,2
ever,2
implied,2
recognizable,2
friends,2
vacant,2
rotterdam,2
offers,2
wider,2
headed,2
evokes,2
principle,2
ministerial,2
tendencies,2
readily,2
wittgenstein,2
interpersonal,2
specialized,2
seem,2
regard,2
euphemism,2
particularly,2
rely,2
cognitive,2
separating,2
identities,2
accepts,2
inspires,2
lending,2
better,2
respect,2
realities,2
recollections,2
stability,2
mathematics,2
gifts,2
phenomena,2
universe,2
translated,2
introduced,2
greatest,2
livres,2
became,2
bourgeois,2
tresor,2
obtain,2
demanding,2
arguments,2
inflections,2
phenomenon,2
using,2
graces,2
au,2
writing,2
satisfying,2
think,2
conn,2
quest,2
crisis,2
include,2
physical,2
sur,2
jephcott,2
regular,2
you,2
subordinates,2
measured,2
remains,2
speak,2
monarch,2
materials,2
safeguard,2
assumed,2
valuable,2
clarify,2
ensuring,2
deployment,2
elites,2
justify,2
immediately,2
permanent,2
taylor,2
broader,2
asked,2
socioprofessional,2
gold,2
overlaid,1
variation,1
final,1
desirable,1
resolve,1
contact,1
difficult,1
entities,1
archives,1
populaire,1
receded,1
woven,1
polarizing,1
weighed,1
rate,1
surreptitious,1
accomplish,1
since,1
limits,1
obstacle,1
ethics,1
implemented,1
concerned,1
medieval,1
estate,1
generated,1
captaincy,1
speculum,1
imported,1
senault,1
sanctions,1
suggested,1
ingratitude,1
created,1
ready,1
soul,1
separated,1
insulated,1
decades,1
jansenist,1
insufficiently,1
fiction,1
instinctively,1
acquit,1
negociants,1
resided,1
adoption,1
succession,1
passing,1
articulating,1
told,1
juxtaposition,1
measurable,1
complex,1
judged,1
envisioned,1
fittingly,1
properly,1
identify,1
tend,1
reassessment,1
insertion,1
anchor,1
produces,1
remind,1
scrutinize,1
currency,1
remnants,1
criticizes,1
approaches,1
centrifugal,1
sudden,1
reason,1
jonathan,1
pervading,1
conscious,1
perfect,1
considerations,1
adored,1
former,1
belatedly,1
motive,1
acceptance,1
trace,1
franqoise,1
protection,1
justified,1
resurgence,1
classify,1
minor,1
causation,1
presents,1
title,1
occurred,1
inequality,1
unintended,1
criticizing,1
unite,1
nineteenth,1
acting,1
binds,1
rosemary,1
contested,1
descriptions,1
revision,1
talens,1
evasion,1
entourage,1
distilled,1
lure,1
turning,1
women,1
credence,1
themes,1
mavidal,1
efficacy,1
arms,1
myriad,1
highlight,1
completely,1
contained,1
gail,1
accumulation,1
franpois,1
consistent,1
fabric,1
romance,1
somers,1
expanding,1
t,1
officersfinancial,1
philosophers,1
sources,1
hence,1
titles,1
reconstructions,1
betrayal,1
holy,1
posed,1
melissa,1
unimaginable,1
entailed,1
obey,1
originally,1
ii,1
redounding,1
figurations,1
give,1
chaos,1
ninth,1
culturally,1
enables,1
diego,1
address,1
rapid,1
location,1
unexceptional,1
satisfy,1
surveying,1
actual,1
dissatisfied,1
degree,1
citoyennete,1
prerevolution,1
importants,1
neil,1
seems,1
experiments,1
frangois,1
confirmed,1
dramatically,1
names,1
possibilities,1
least,1
contextual,1
attractive,1
tactically,1
skills,1
inaugural,1
secondary,1
pledge,1
includes,1
naissance,1
thank,1
altruistic,1
dialogical,1
plumb,1
potentially,1
furet,1
narrative,1
arises,1
admittedly,1
rule,1
revisions,1
transferred,1
despotism,1
thanks,1
closer,1
located,1
composition,1
professor,1
armand,1
room,1
gaboury,1
kingdom,1
listing,1
help,1
maurice,1
integrate,1
embrace,1
strength,1
devised,1
nagging,1
miles,1
precisely,1
sacred,1
henry,1
primitive,1
evoked,1
investigations,1
embody,1
detection,1
resents,1
solved,1
ambiguous,1
committed,1
educate,1
construe,1
synthetic,1
superficially,1
confused,1
motivated,1
daniel,1
combinations,1
intersection,1
circumvent,1
papers,1
prosper,1
seminar,1
courage,1
british,1
proceed,1
ascribed,1
symptom,1
exogenous,1
unmediated,1
insincerity,1
seven,1
courtesy,1
polysynodie,1
autonomous,1
foundational,1
ungrateful,1
hofische,1
propensity,1
exploit,1
masked,1
saying,1
draw,1
creanciers,1
gratification,1
triangle,1
suppress,1
laurent,1
discrepancies,1
felt,1
oscar,1
probing,1
compelling,1
tracing,1
anything,1
expositors,1
theology,1
reaction,1
solely,1
alter,1
taxation,1
move,1
celbres,1
obvious,1
alone,1
fine,1
apart,1
taking,1
likely,1
variations,1
reflecting,1
figuration,1
ignores,1
intelligent,1
diffused,1
headley,1
selecting,1
conception,1
cited,1
above,1
grands,1
bailey,1
correlation,1
inviolable,1
formula,1
beneath,1
forged,1
letter,1
engage,1
marchandises,1
treatise,1
reward,1
collection,1
attract,1
facets,1
vocalize,1
venturino,1
appreciation,1
regarding,1
goal,1
hears,1
absolutisme,1
expenses,1
throughout,1
dehistoricizes,1
infirmities,1
que,1
purportedly,1
offended,1
modify,1
vigorous,1
determinable,1
ethical,1
inevitable,1
impels,1
sympathizer,1
soldiers,1
illustrates,1
due,1
attesting,1
definable,1
arrange,1
europe,1
instruct,1
compilers,1
authoritative,1
destabilized,1
regarded,1
objection,1
thompsonian,1
compromised,1
participating,1
signifiers,1
denote,1
insisted,1
restore,1
constellation,1
structuralist,1
topic,1
copernicanism,1
allegiances,1
separate,1
vanished,1
arena,1
funds,1
plessis,1
priority,1
unity,1
candidates,1
envelops,1
economical,1
affectionate,1
defense,1
distinct,1
elements,1
deeds,1
pushing,1
virture,1
keep,1
behaving,1
frustrating,1
refer,1
concerning,1
demonstrative,1
berchere,1
modifying,1
encompass,1
differamerican,1
simplest,1
serving,1
columbia,1
intricate,1
young,1
compared,1
honour,1
continuous,1
third,1
single,1
accreditation,1
drives,1
inadequately,1
mechanical,1
compare,1
helpful,1
irresistible,1
unequivocally,1
overarching,1
ceaselessly,1
explore,1
kelly,1
addressed,1
consequently,1
unconditional,1
retained,1
dispensing,1
operative,1
tacit,1
born,1
hardly,1
subversion,1
acknowledge,1
decry,1
stanley,1
master,1
sociogenesis,1
efficient,1
conceptually,1
instruments,1
italians,1
grasp,1
promised,1
subversive,1
aristocracy,1
higher,1
site,1
civilization,1
gaining,1
definitively,1
simultaneously,1
evinced,1
geneva,1
wilmington,1
philadelphia,1
wishes,1
legitimation,1
subordination,1
genuinely,1
pearce,1
sonenscher,1
programmatic,1
thicker,1
subjected,1
regency,1
revisionists,1
slights,1
performance,1
locution,1
aimed,1
across,1
obtained,1
remain,1
elasticity,1
astronomy,1
roi,1
influential,1
reign,1
evaluation,1
intrigues,1
levels,1
centralization,1
capture,1
presentation,1
responded,1
holistic,1
neglected,1
exercise,1
victors,1
circles,1
knew,1
signaled,1
whereby,1
relatifs,1
kramer,1
comply,1
determining,1
associate,1
eight,1
research,1
sarah,1
thing,1
b,1
lloyd,1
certain,1
lovingly,1
autrui,1
induce,1
peer,1
sesems,1
special,1
k,1
produced,1
bolingbroke,1
adversaries,1
oeuvres,1
fred,1
ludwig,1
feel,1
arbor,1
awareness,1
devotion,1
overlooked,1
dismiss,1
scattered,1
mediate,1
polite,1
bestowal,1
smoke,1
absorbed,1
broadened,1
risks,1
divided,1
contestation,1
support,1
modified,1
involvement,1
appelle,1
mentality,1
poids,1
win,1
developments,1
partnership,1
facilitated,1
wages,1
etymological,1
wanted,1
billets,1
conceptualization,1
possibly,1
dichotomy,1
les,1
reinforcement,1
eley,1
literary,1
acculturated,1
energy,1
presumably,1
semantics,1
rescission,1
consciousness,1
mckendrick,1
marking,1
dominate,1
quoted,1
preoccupation,1
disent,1
differs,1
denrees,1
quarters,1
w,1
xi,1
situations,1
orientation,1
hair,1
ministers,1
freestanding,1
operate,1
linguistics,1
recovered,1
encouragement,1
follow,1
readings,1
officer,1
submerged,1
shed,1
mythes,1
defines,1
idealized,1
explicable,1
disclose,1
delegitimize,1
filtered,1
merited,1
votes,1
convincing,1
willing,1
solve,1
injustice,1
distaste,1
semiotically,1
care,1
projected,1
personalized,1
sincerely,1
providing,1
deed,1
strengthen,1
cut,1
bearing,1
methodology,1
thrust,1
draws,1
tightly,1
opponents,1
plus,1
diachronic,1
opening,1
dictates,1
standards,1
ou,1
pledges,1
acceptable,1
lead,1
identifying,1
merging,1
sooner,1
premise,1
questioned,1
gesellschaft,1
declined,1
societies,1
formulations,1
discount,1
carrying,1
signifie,1
entered,1
extraordinary,1
traditionally,1
explanatory,1
temptation,1
treatments,1
docile,1
naturalizes,1
carol,1
effort,1
conventionally,1
economics,1
demands,1
subchapters,1
criticisms,1
events,1
primacy,1
jettisoned,1
depletion,1
near,1
parisian,1
noting,1
utilite,1
initial,1
noblesse,1
collectively,1
fidelitywhat,1
fourth,1
ann,1
equally,1
donner,1
furthermore,1
pointing,1
equal,1
revisits,1
block,1
rousseau,1
michigan,1
impel,1
anthropology,1
mediated,1
sharply,1
bore,1
embedding,1
annales,1
default,1
constraining,1
strong,1
meet,1
sovereignty,1
applied,1
indirect,1
detecting,1
excellent,1
rising,1
subtly,1
otherwise,1
russell,1
commitments,1
bienfaits,1
procedures,1
your,1
andre,1
witte,1
numerous,1
wide,1
ecu,1
answer,1
symbolically,1
eliminate,1
coin,1
discours,1
silver,1
distinguishes,1
failure,1
shape,1
underlie,1
salability,1
almost,1
none,1
distinctiveness,1
detractors,1
faire,1
pronounce,1
r,1
perpetuated,1
accounting,1
line,1
relief,1
honors,1
disrespect,1
scope,1
preconditions,1
sanction,1
tool,1
reid,1
relatives,1
nostalgically,1
disputed,1
preferred,1
overturn,1
imagined,1
debit,1
future,1
mathematician,1
brought,1
advancement,1
amelioration,1
london,1
drew,1
explains,1
civil,1
denial,1
worthiest,1
knowledge,1
edn,1
secret,1
unc,1
related,1
whenever,1
test,1
nomination,1
thoughts,1
feared,1
reformulate,1
attenuation,1
describe,1
consistently,1
older,1
truthfulness,1
postulated,1
partly,1
constitute,1
princely,1
unmistakable,1
underscored,1
whims,1
routinized,1
call,1
focuses,1
regarde,1
elegant,1
deserved,1
believes,1
anticipating,1
participate,1
predominance,1
manage,1
visions,1
challenging,1
client,1
whither,1
graduate,1
manipulation,1
attraction,1
premiere,1
delay,1
thrived,1
impasse,1
monetary,1
suffused,1
causal,1
responses,1
legacy,1
hampson,1
trouve,1
arise,1
thirteenth,1
manners,1
alterations,1
responsibility,1
wished,1
reliable,1
poet,1
societatis,1
politically,1
obligatory,1
unexamined,1
entangled,1
disembodied,1
claim,1
event,1
bank,1
reader,1
family,1
every,1
calling,1
underscore,1
axiom,1
characteristics,1
consensus,1
fraught,1
migration,1
concerns,1
propelled,1
dire,1
highly,1
choose,1
oral,1
exigencies,1
exiger,1
supposedly,1
cash,1
nield,1
adhere,1
sharpen,1
vacuum,1
essentially,1
distinguished,1
boundaries,1
redefinition,1
swear,1
methodological,1
yielded,1
wisely,1
occasions,1
determinists,1
incurred,1
progress,1
valet,1
relegation,1
dependent,1
passivity,1
results,1
pa,1
cohered,1
reciprocated,1
structured,1
substituted,1
newly,1
preliminary,1
perils,1
pervasive,1
waiting,1
dictated,1
avoid,1
humphreys,1
ask,1
patrie,1
cite,1
precepts,1
f,1
battle,1
converge,1
sequencing,1
horizons,1
tasks,1
obeying,1
fails,1
noteworthy,1
transform,1
conciliatory,1
exterior,1
avoir,1
demand,1
reduced,1
resist,1
observations,1
elimination,1
spelled,1
letters,1
hyperbole,1
contingent,1
aim,1
gather,1
identified,1
selflessly,1
correlating,1
awkward,1
lurking,1
overlapped,1
gradual,1
sans,1
discursively,1
resurface,1
brian,1
labeled,1
bullard,1
surprisingly,1
resisted,1
irony,1
extrinsic,1
reinterpreted,1
tried,1
brief,1
brings,1
deviation,1
object,1
gift,1
reduce,1
prove,1
elusive,1
building,1
valensise,1
reconstruction,1
payer,1
judgment,1
reserves,1
says,1
intervention,1
corresponded,1
indicates,1
domination,1
bankers,1
amalgamating,1
permissible,1
linguistically,1
premises,1
modes,1
spot,1
legitimized,1
mme,1
hold,1
zeal,1
undergo,1
convictions,1
calculate,1
modeme,1
designate,1
criticism,1
usages,1
yet,1
sympathies,1
victor,1
meanwhile,1
shall,1
push,1
examined,1
opportunities,1
reclaiming,1
pp,1
corroborated,1
predecessor,1
offenses,1
seeing,1
reversed,1
fifth,1
inspiration,1
clash,1
disembedding,1
today,1
included,1
politiques,1
ils,1
indebted,1
orders,1
informal,1
abandon,1
aux,1
pactum,1
obligated,1
passions,1
idiomatic,1
desan,1
lament,1
si,1
crediter,1
contempt,1
parties,1
provocative,1
illustrated,1
delaware,1
bureau,1
emotional,1
accidental,1
mich,1
learns,1
predicted,1
innate,1
twin,1
posturing,1
foucault,1
suzanne,1
independent,1
picture,1
expose,1
lucien,1
jon,1
fix,1
volume,1
persuasive,1
ease,1
inhabitants,1
starting,1
goals,1
belie,1
unmistakably,1
focused,1
aspect,1
book,1
juxtaposing,1
frederick,1
saturate,1
strike,1
neglect,1
links,1
again,1
death,1
gathered,1
pointed,1
varies,1
flattens,1
put,1
notables,1
searle,1
intellect,1
experienced,1
projects,1
jaume,1
lengthy,1
lille,1
inculcated,1
lack,1
rewarding,1
admit,1
idea,1
limit,1
treatment,1
fundamental,1
bourbon,1
cour,1
areas,1
occurrence,1
bedchamber,1
lieutenant,1
creative,1
neville,1
versailles,1
praiseworthy,1
dysfunctional,1
depersonalization,1
enable,1
manifested,1
really,1
compatible,1
terme,1
understandable,1
montignac,1
somewhere,1
quelques,1
reductionist,1
inherently,1
resolved,1
appropriately,1
considerable,1
minimize,1
fashion,1
feedback,1
observes,1
ledger,1
prerevolutionary,1
creancier,1
anne,1
minister,1
bestows,1
question,1
devoir,1
ages,1
conclusions,1
everyday,1
ground,1
corps,1
begin,1
petitot,1
actor,1
operating,1
estre,1
maza,1
favoritism,1
regicide,1
capitaine,1
devoted,1
isabelle,1
refrain,1
equitable,1
bergin,1
relevant,1
everyone,1
geoff,1
real,1
albert,1
council,1
spoke,1
preempt,1
focusing,1
deep,1
revolte,1
insufficient,1
books,1
compelled,1
guarantees,1
discloses,1
payement,1
argent,1
complicated,1
dettes,1
emprunter,1
distortions,1
depersonalizing,1
realize,1
historiographical,1
convenient,1
elevation,1
ibid,1
debtor,1
civilized,1
notion,1
interpreting,1
hechter,1
demonstrated,1
synonym,1
entirety,1
dominions,1
analyzed,1
classes,1
private,1
bond,1
xiii,1
situated,1
spending,1
extended,1
admits,1
supplies,1
vivian,1
link,1
registers,1
thirst,1
considering,1
ritualized,1
subjectivity,1
comprise,1
sever,1
opus,1
range,1
implicated,1
impart,1
writings,1
inexplicable,1
including,1
delicate,1
enhanced,1
looking,1
unpredictable,1
bequeathed,1
manifestations,1
warrior,1
elite,1
blum,1
medium,1
encouraged,1
findings,1
creditum,1
enduring,1
skeptical,1
unstated,1
restating,1
operated,1
virtually,1
equity,1
contends,1
morality,1
engaging,1
zele,1
satisfactorily,1
institutional,1
protracted,1
trend,1
dessert,1
occupied,1
identical,1
insults,1
purposeful,1
overlap,1
previous,1
option,1
deemed,1
theories,1
theoretical,1
reevaluated,1
versions,1
aisement,1
open,1
crises,1
corrupted,1
margaret,1
unable,1
archaeological,1
adding,1
consult,1
stress,1
turbulent,1
michel,1
fallacy,1
express,1
profession,1
utter,1
proofs,1
maintenance,1
lady,1
oui,1
medicis,1
nonpedantic,1
interpret,1
counter,1
pride,1
allowed,1
pareils,1
lipsian,1
meriam,1
period,1
brussels,1
creating,1
high,1
distinction,1
stresses,1
stages,1
crafted,1
solvable,1
congratulatory,1
counted,1
filled,1
foucauldian,1
anyone,1
subservience,1
procuring,1
adequately,1
permitting,1
construct,1
latter,1
inversion,1
blanning,1
inscribed,1
gets,1
prelinguistic,1
preponderance,1
catriona,1
somehow,1
coercive,1
laying,1
discursivity,1
cranston,1
promote,1
constructing,1
overtaken,1
narrow,1
sensible,1
malleability,1
references,1
assessing,1
ordre,1
reprdsentation,1
biographer,1
banking,1
displayed,1
deliberate,1
influences,1
preeminently,1
remainder,1
structure,1
concepts,1
recalled,1
trades,1
idiom,1
slightly,1
story,1
reap,1
attracted,1
bestowed,1
morris,1
workshop,1
versus,1
invented,1
expresses,1
capetians,1
conveyed,1
remarkable,1
ago,1
modifications,1
achieve,1
signifying,1
hague,1
widely,1
adviser,1
applies,1
depuis,1
doit,1
performing,1
stands,1
calvin,1
threads,1
overlapping,1
increasing,1
grande,1
ranging,1
worldview,1
casually,1
consists,1
asking,1
indication,1
rearranging,1
assigned,1
qualifier,1
shattered,1
stems,1
grammar,1
belonged,1
transformations,1
rearrangement,1
humanities,1
equals,1
invokes,1
evolve,1
croire,1
guards,1
attributes,1
foreign,1
variously,1
willingly,1
hommes,1
shameful,1
developing,1
impressive,1
ideology,1
practitioners,1
suspected,1
suffice,1
moussardiere,1
ironically,1
resistant,1
select,1
slow,1
vertical,1
entity,1
instrumentalization,1
fairly,1
urges,1
widespread,1
sway,1
substitution,1
revisionism,1
independence,1
army,1
insist,1
mots,1
merchandise,1
began,1
execute,1
lives,1
proposition,1
philosopher,1
recognize,1
rapidly,1
category,1
gestation,1
linking,1
owed,1
redound,1
extends,1
intend,1
inspired,1
sharp,1
infuse,1
hierarchical,1
comte,1
bureaus,1
acquisition,1
incisive,1
dead,1
jehan,1
composed,1
delineates,1
citizens,1
get,1
strategically,1
anarchy,1
face,1
unusual,1
resemble,1
paying,1
premier,1
emotionally,1
unanticipated,1
borrowed,1
articulations,1
matters,1
converged,1
austria,1
detail,1
suggestions,1
farge,1
necessary,1
semiology,1
thinking,1
parlementaires,1
illocutionary,1
inattentiveness,1
sens,1
forum,1
abandonment,1
firsthand,1
disparity,1
coeurs,1
mentioned,1
incorporated,1
gendarmes,1
throw,1
founded,1
monsieur,1
respective,1
mistook,1
extensive,1
appoints,1
economically,1
qu,1
reinforced,1
theme,1
known,1
precise,1
anscomble,1
objects,1
prefaced,1
endows,1
rival,1
bossenga,1
echoes,1
disguise,1
borrow,1
generic,1
sieyes,1
sciences,1
seizieme,1
organizational,1
sustained,1
command,1
alternative,1
bayard,1
phrasing,1
polyvalence,1
novelties,1
cover,1
resonance,1
dictionnairefranqois,1
milieu,1
defining,1
disgruntled,1
mutually,1
ordered,1
removed,1
marina,1
deficiencies,1
cauldron,1
internobilaires,1
frequency,1
dare,1
guaranteed,1
proponents,1
broaching,1
disinterested,1
share,1
novel,1
inclined,1
valets,1
walpole,1
seriously,1
lawyers,1
falsely,1
unrewarded,1
innovations,1
board,1
referees,1
magnanimous,1
ahr,1
effusive,1
capernican,1
manipulations,1
universal,1
domestic,1
report,1
speech,1
post,1
iii,1
elaborates,1
souverainete,1
chambre,1
collins,1
denotes,1
specify,1
equilibrium,1
breakdown,1
uphold,1
appreciative,1
benefit,1
untoward,1
allocated,1
associations,1
examining,1
going,1
elsewhere,1
distinctive,1
ambivalent,1
meager,1
reussir,1
disputes,1
passage,1
conditioned,1
kinser,1
assessment,1
mutated,1
february,1
absolutely,1
mutation,1
concrete,1
turned,1
redefined,1
locutions,1
charged,1
beginning,1
economistic,1
augustine,1
revel,1
trying,1
sincerity,1
jean,1
purchase,1
chooses,1
fuller,1
economy,1
notable,1
carefully,1
wholeheartedly,1
transitory,1
transmitted,1
cazeaux,1
habermas,1
reactions,1
accounts,1
reification,1
particular,1
sociology,1
underpinnings,1
imposed,1
electors,1
validate,1
statement,1
armies,1
signature,1
mere,1
remove,1
firmly,1
interval,1
transactions,1
loved,1
dispensation,1
fascination,1
appropriated,1
reordering,1
insightful,1
immersed,1
rejoinder,1
desecration,1
require,1
secure,1
serie,1
constitutional,1
grades,1
yield,1
captains,1
influenced,1
wanton,1
listed,1
processes,1
views,1
siecles,1
threat,1
lends,1
contain,1
livre,1
categories,1
signify,1
temps,1
dewald,1
middle,1
conveniently,1
conference,1
benefited,1
excerpt,1
outline,1
recognizing,1
presented,1
boldly,1
emergent,1
owner,1
occasionally,1
code,1
revenue,1
interet,1
altogether,1
excursion,1
revolutions,1
wording,1
content,1
press,1
republic,1
charge,1
giving,1
die,1
cre,1
impose,1
puzzled,1
step,1
explication,1
aptly,1
rigid,1
happens,1
rationale,1
struck,1
measure,1
screen,1
merchant,1
intelligible,1
afflicting,1
disguised,1
families,1
mention,1
allows,1
abstained,1
varied,1
pouvoir,1
referential,1
cruelty,1
remarks,1
benefices,1
our,1
subsumed,1
analysts,1
come,1
belated,1
white,1
false,1
superseded,1
anxiously,1
producer,1
burger,1
comparable,1
sensibilia,1
determinism,1
affirmation,1
laments,1
until,1
models,1
metal,1
presence,1
fitful,1
moralists,1
legitimating,1
difference,1
ence,1
credere,1
surface,1
donald,1
figurational,1
wielded,1
paradigm,1
conditions,1
interlocutor,1
opens,1
uttering,1
write,1
samuel,1
credito,1
vernacular,1
imperative,1
artificial,1
completed,1
parlements,1
contributed,1
offer,1
insight,1
derivations,1
lively,1
grown,1
typically,1
immersion,1
jurgen,1
delineate,1
favors,1
reminiscent,1
etiquette,1
hypersensitivity,1
negotiable,1
celebrate,1
liberality,1
aristotelian,1
integration,1
volley,1
piece,1
clues,1
colleagues,1
playing,1
derive,1
off,1
voluntary,1
measuring,1
explicating,1
instinct,1
particulierement,1
increased,1
signals,1
backers,1
emitted,1
roughly,1
indices,1
summary,1
wealth,1
parlement,1
mobilized,1
inclination,1
treats,1
contradicted,1
searching,1
cull,1
substitute,1
materialism,1
spilled,1
ser,1
reductionism,1
pensions,1
smooth,1
rejection,1
correlate,1
negotiate,1
supporter,1
glyph,1
create,1
norman,1
texts,1
executors,1
predictable,1
interaction,1
ingrained,1
impress,1
gruder,1
compliments,1
facile,1
unexpectedly,1
encoded,1
murder,1
regulated,1
meeting,1
successive,1
doing,1
conversations,1
sent,1
built,1
representational,1
major,1
deeper,1
