WORDCOUNTS,WEIGHT
the,1139
of,551
and,492
in,317
to,285
a,187
tsar,123
that,115
his,102
for,97
with,86
their,81
s,80
on,78
as,77
people,67
they,65
this,64
from,64
by,62
not,57
see,53
v,51
moscow,47
had,46
june,46
but,46
an,46
vosstaniia,45
petitions,45
new,45
russian,43
gorodskie,42
at,41
i,41
petition,41
muscovite,40
all,39
or,38
bazilevich,38
state,37
were,36
was,35
sovereign,35
political,34
no,33
law,33
gentry,32
morozov,31
musketeers,29
them,29
code,29
review,28
culture,27
rebels,27
uprising,26
also,26
would,26
him,26
is,26
when,26
townspeople,25
petitioners,24
century,24
out,24
crowd,24
historical,24
have,24
be,24
american,23
against,23
justice,23
it,22
even,22
pommerening,22
other,22
which,22
its,21
only,21
tsarist,20
who,20
into,19
order,19
about,19
rebellion,19
majesty,18
court,18
smirnov,18
xvii,18
more,18
many,18
boyars,18
himself,17
ulozhenie,17
he,17
kremlin,17
did,17
between,17
traditional,17
if,16
mind,16
assembly,16
these,16
devil,16
hellie,16
popular,16
both,16
great,15
pleshcheev,15
could,15
your,15
shakhmatov,15
city,15
first,14
g,14
old,14
chelobitnye,14
because,14
chelobitnaia,14
god,14
istorii,14
been,14
any,14
stole,14
kivelson,13
valerie,13
history,13
such,13
however,13
violence,13
same,13
ed,13
after,13
aleksei,13
church,12
one,12
military,12
some,12
chancellery,12
called,12
public,12
social,12
seventeenth,12
according,12
what,12
accounts,12
land,12
d,12
you,12
themselves,12
russia,12
early,12
merchants,11
n,11
most,11
veka,11
p,11
provincial,11
vosstanie,11
various,11
so,11
over,11
bureaucratic,11
through,11
among,11
bakhrushin,10
e,10
are,10
politics,10
peasants,10
own,10
officials,10
orthodox,10
society,10
local,10
time,10
statute,10
anonymous,10
actions,10
little,10
should,10
corruption,9
leningrad,9
western,9
official,9
system,9
laws,9
muscovy,9
legal,9
servitors,9
sbornik,9
swede,9
us,9
personal,9
trakhaniotov,9
mercy,9
very,9
past,9
while,9
mikhailovich,9
limits,8
before,8
sources,8
words,8
book,8
within,8
account,8
divine,8
subjects,8
liudi,8
without,8
k,8
rising,8
m,8
loewenson,8
demands,8
up,8
chronicle,8
yet,8
two,8
uprisings,8
advisers,8
number,8
previous,8
olearius,8
ideology,8
translation,8
then,8
muscovites,8
moskovskoe,8
judges,8
later,7
large,7
authority,7
modern,7
po,7
different,7
vols,7
service,7
discontent,7
along,7
thus,7
language,7
communication,7
earlier,7
image,7
pious,7
rule,7
initial,7
place,7
change,7
still,7
under,7
others,7
romanov,7
took,7
do,7
piety,7
material,7
father,7
made,7
enserfment,7
like,7
force,7
dissertation,7
library,7
taxpaying,7
trans,6
ways,6
patriarch,6
chronicles,6
ia,6
daniel,6
context,6
richard,6
turned,6
than,6
rowland,6
established,6
found,6
judicial,6
protesters,6
esp,6
during,6
issues,6
good,6
will,6
promise,6
july,6
rebellions,6
evil,6
power,6
present,6
michael,6
violent,6
procedure,6
elite,6
held,6
centuries,6
itself,6
burned,6
delegates,6
has,6
capital,6
half,6
grievances,6
whether,6
urban,6
must,6
ranks,6
complaints,6
question,6
until,6
years,6
although,6
evidence,6
o,5
commentary,5
nakaz,5
bor,5
source,5
refusal,5
available,5
tradition,5
together,5
take,5
keenan,5
historians,5
point,5
riot,5
response,5
zemskie,5
how,5
edward,5
heard,5
magnates,5
we,5
university,5
literary,5
powerful,5
followed,5
view,5
expressed,5
came,5
sobory,5
events,5
cultural,5
appears,5
population,5
produced,5
well,5
taxes,5
basis,5
got,5
merciful,5
small,5
swedish,5
second,5
poor,5
community,5
religious,5
corrupt,5
again,5
documents,5
ruler,5
forms,5
vladimirtsev,5
slaves,5
top,5
use,5
began,5
vocabulary,5
direct,5
chistiakova,5
foreign,5
pieces,5
baron,5
boris,5
version,5
palace,5
akty,5
set,5
ph,5
ideological,5
ordered,5
just,5
kniga,5
nye,5
calif,5
chapter,5
divinely,5
reform,5
oath,5
introduced,5
role,5
world,5
states,5
off,5
much,5
asked,5
does,4
complaint,4
common,4
way,4
prince,4
h,4
studies,4
chief,4
said,4
odoevskii,4
exile,4
mob,4
principles,4
down,4
accompanied,4
thanks,4
those,4
chronicler,4
sixteenth,4
instituta,4
throughout,4
immediate,4
september,4
moment,4
relations,4
loii,4
forced,4
taxpayers,4
memorandum,4
back,4
chistyi,4
general,4
failed,4
high,4
york,4
whose,4
english,4
ba,4
l,4
developed,4
square,4
survives,4
b,4
terms,4
decrees,4
cause,4
requested,4
bureaucracy,4
my,4
effort,4
representative,4
late,4
gosudarstve,4
suffered,4
opposition,4
memory,4
used,4
away,4
stanford,4
least,4
protest,4
around,4
moskovskom,4
several,4
few,4
traitor,4
generally,4
estates,4
business,4
may,4
request,4
practices,4
revolt,4
above,4
rossii,4
buganov,4
armed,4
reports,4
members,4
europe,4
towns,4
conduct,4
dokumentov,4
regulation,4
clerks,4
end,4
orphans,4
men,4
neskol,4
accepted,4
norms,4
day,4
another,4
thousands,4
posadskie,4
discussion,4
upon,4
eighteenth,4
limitations,4
nikita,4
causes,4
similar,4
moral,4
grew,4
homes,4
pskov,4
lines,4
attempted,4
legitimacy,4
impersonal,4
expectations,4
authorities,4
officially,4
pt,4
ko,4
refused,4
country,4
loyalty,4
particularly,4
written,4
places,4
following,4
choidr,4
circles,4
everything,4
monastery,4
almost,4
given,4
administration,4
accept,4
course,4
specific,4
chicago,4
courts,3
final,3
now,3
formulated,3
done,3
ruling,3
righteous,3
personnel,3
istochniki,3
legitimate,3
alone,3
ultimate,3
letter,3
judged,3
expression,3
true,3
earthly,3
ordained,3
royal,3
occurred,3
nineteenth,3
pervoi,3
fires,3
experience,3
being,3
there,3
petty,3
stupid,3
raised,3
robert,3
reading,3
kliuchevsky,3
foreigners,3
rusi,3
far,3
prikaznye,3
owners,3
sent,3
demanded,3
ritual,3
harmony,3
behavior,3
hierarchy,3
cherniavsky,3
since,3
interest,3
relatively,3
document,3
serving,3
left,3
opisanie,3
moskovskogo,3
beat,3
secular,3
iakubov,3
loyal,3
ellersieck,3
act,3
rather,3
na,3
process,3
conceptions,3
pokrovskii,3
nos,3
lay,3
rules,3
support,3
changes,3
rumors,3
tensions,3
sorts,3
familiar,3
consciousness,3
threat,3
age,3
origins,3
readings,3
problems,3
important,3
cut,3
based,3
aftermath,3
allow,3
nazarii,3
henceforth,3
zemskikh,3
slavophiles,3
peter,3
governing,3
punishment,3
further,3
miloslavskii,3
let,3
intensity,3
cavalrymen,3
nothing,3
defenseless,3
having,3
r,3
appeals,3
edn,3
literature,3
collective,3
records,3
ivan,3
legislation,3
dvorianskie,3
status,3
received,3
approach,3
involved,3
choose,3
executed,3
reported,3
codes,3
polovine,3
tsardom,3
using,3
provided,3
sanctity,3
imagery,3
indeed,3
blessed,3
return,3
assumptions,3
says,3
standing,3
innovation,3
kotoshikhin,3
wishes,3
serve,3
slavic,3
assemblies,3
j,3
perceived,3
riots,3
gg,3
boyar,3
increasingly,3
months,3
name,3
bureaucrats,3
toward,3
death,3
printing,3
added,3
naive,3
preserve,3
head,3
lives,3
charges,3
behind,3
hand,3
ground,3
handed,3
monarchism,3
where,3
models,3
forth,3
eds,3
runaway,3
remained,3
original,3
demonstrated,3
understanding,3
istoricheskii,3
examples,3
sovereigns,3
gosudarstva,3
formal,3
judge,3
submitted,3
services,3
individuals,3
described,3
significance,3
levontii,3
express,3
moskve,3
conception,3
started,3
distinction,3
repeated,3
class,3
faith,3
especially,3
kollektivnye,3
artisans,3
probably,3
responsibility,3
attention,3
revolution,3
carried,3
circle,3
vv,3
provide,3
bound,3
ordinary,3
establish,3
requests,3
rapidly,3
responsible,3
hope,3
populace,3
case,3
militia,3
matters,3
addressed,3
terrible,3
growing,3
zapiski,3
protect,3
word,3
potter,3
regime,3
here,3
cross,3
each,3
concession,3
seem,3
beginning,3
flier,3
selected,3
ones,3
chancelleries,3
suggests,3
emphasis,3
middle,3
stern,3
met,3
became,3
subject,3
step,3
soldiers,3
sparked,3
strong,3
formation,3
argument,3
graft,3
product,3
willingness,3
petitioned,3
rejection,3
building,3
close,3
scandinavian,2
proposed,2
miller,2
abolition,2
interests,2
struggle,2
personally,2
istochnik,2
names,2
groups,2
stood,2
commitment,2
everyone,2
extend,2
reigning,2
group,2
complex,2
arkhiv,2
essays,2
regulations,2
decade,2
acceptance,2
policy,2
protection,2
necessarily,2
harsh,2
pose,2
princeton,2
crummey,2
entourage,2
agitated,2
contact,2
landowners,2
turning,2
consistent,2
undermine,2
submit,2
connection,2
bushkovitch,2
obey,2
supplicants,2
cavalry,2
might,2
anywhere,2
nancy,2
action,2
emerged,2
seems,2
gody,2
torke,2
zemskii,2
desire,2
confusion,2
origin,2
ranajit,2
sibirskie,2
government,2
religion,2
stand,2
precisely,2
shepherd,2
staff,2
gifts,2
somewhat,2
hostility,2
hostile,2
administered,2
triggered,2
paying,2
side,2
acknowledged,2
east,2
mass,2
jack,2
vol,2
ulozhennaia,2
nyi,2
petersburg,2
taking,2
say,2
surged,2
monastic,2
evildoers,2
sssr,2
repeatedly,2
conflict,2
chapters,2
hack,2
explained,2
arrested,2
supports,2
integral,2
decided,2
natalie,2
unfamiliar,2
turn,2
cases,2
individual,2
rejecting,2
fees,2
refer,2
profound,2
six,2
houses,2
young,2
served,2
chap,2
folkways,2
look,2
spite,2
critique,2
apparently,2
trudy,2
deeply,2
leadership,2
acted,2
walls,2
bureaucratism,2
lesser,2
scoundrels,2
offices,2
ever,2
town,2
vysotskii,2
arising,2
remain,2
levels,2
notion,2
deliberately,2
minstrels,2
certain,2
derived,2
proffered,2
parts,2
tape,2
distant,2
white,2
consequences,2
space,2
gathering,2
fulfill,2
means,2
send,2
perceptions,2
bad,2
satisfied,2
praise,2
marks,2
bribery,2
unthinking,2
loofeldts,2
threatening,2
quoted,2
house,2
tomsk,2
delegate,2
consequence,2
monarch,2
sentiment,2
russkom,2
care,2
humility,2
cherepnin,2
korepin,2
standards,2
epokhi,2
gesellschaft,2
klassovaia,2
protector,2
hands,2
radical,2
suits,2
term,2
chased,2
equally,2
occupation,2
supporters,2
pointing,2
equal,2
blow,2
sil,2
districts,2
province,2
obedience,2
tsars,2
applied,2
watershed,2
bureaucratization,2
possibility,2
patriarchal,2
failure,2
representatives,2
specifically,2
directly,2
trial,2
degrees,2
work,2
coronation,2
writers,2
ranion,2
framed,2
brought,2
sostav,2
part,2
london,2
slavophile,2
calls,2
absolutist,2
red,2
excessive,2
description,2
loss,2
whole,2
precipitated,2
describe,2
enraged,2
zimin,2
iz,2
departed,2
holy,2
sense,2
level,2
monarchist,2
fostered,2
heinz,2
skii,2
contrast,2
hallowed,2
discourse,2
midst,2
troubles,2
mutineers,2
fueled,2
highly,2
breaking,2
presence,2
demidova,2
subsided,2
dramatic,2
annual,2
st,2
resistance,2
leveled,2
newly,2
passive,2
moved,2
valuable,2
believers,2
f,2
critical,2
uroff,2
demand,2
staatsbedingte,2
condemnation,2
matter,2
cathy,2
mutinous,2
pilgrimage,2
wrote,2
appearances,2
positions,2
novosibirsk,2
flock,2
terrified,2
make,2
indicates,2
conceived,2
modes,2
simultaneously,2
cherkasskii,2
hold,2
dismemberment,2
pillaging,2
fully,2
interpretation,2
meanwhile,2
wake,2
devotion,2
soon,2
message,2
clash,2
neither,2
ancient,2
tax,2
participants,2
hopes,2
brochure,2
catalog,2
fire,2
paul,2
shots,2
nikon,2
fell,2
punish,2
paternalist,2
put,2
addition,2
efforts,2
conformity,2
fact,2
longer,2
fundamental,2
scholars,2
smuty,2
beliefs,2
inevitably,2
proposal,2
godly,2
contemporary,2
beheaded,2
ikh,2
remark,2
agree,2
rhetoric,2
honor,2
nauk,2
tales,2
handing,2
existing,2
orthodoxy,2
karl,2
necessary,2
perhaps,2
belief,2
threats,2
going,2
degree,2
clique,2
fundamentally,2
crown,2
classes,2
rulers,2
survive,2
onto,2
including,2
conceivable,2
arose,2
refrains,2
sworn,2
significant,2
hidden,2
sold,2
questions,2
vladimir,2
examination,2
full,2
office,2
advantages,2
sound,2
novosel,2
banish,2
discovered,2
biblical,2
three,2
emphasizing,2
liquor,2
craftiness,2
points,2
ottoman,2
serious,2
period,2
creating,2
borisov,2
static,2
administrative,2
anyone,2
accused,2
instruction,2
secretaries,2
eberhard,2
dvorian,2
queen,2
chelobit,2
article,2
satisfy,2
tudor,2
study,2
juncture,2
realm,2
relation,2
ann,2
can,2
vodka,2
rossiia,2
story,2
astonishing,2
saw,2
accord,2
insignificant,2
rationalizing,2
bondsman,2
european,2
suggestion,2
relationship,2
informs,2
me,2
violation,2
fairly,2
continued,2
segments,2
vision,2
depersonalization,2
alternate,2
sway,2
statutes,2
seen,2
yale,2
returned,2
salaries,2
recognize,2
hated,2
blood,2
kissed,2
drafted,2
perishing,2
perished,2
materialy,2
tyrant,2
istoricheskie,2
nachale,2
regiments,2
kak,2
accordance,2
kollmann,2
grand,2
monasteries,2
scarcely,2
known,2
weeping,2
text,2
gorode,2
know,2
kontsa,2
sobora,2
control,2
paper,2
cultures,2
commission,2
resentment,2
best,2
leaders,2
administer,2
intrusion,2
contradictory,2
edicts,2
asserting,2
geschichte,2
differed,2
sotsial,2
passage,2
helping,2
answered,2
communicate,2
carefully,2
reign,2
rose,2
making,2
want,2
grigorii,2
passed,2
complain,2
kliuchevskii,2
information,2
mandate,2
w,2
hundreds,2
categories,2
freedom,2
leyden,2
cosmology,2
mir,2
presented,2
confirm,2
press,2
duty,2
die,2
undermining,2
agents,2
constituted,2
treasury,2
mention,2
maintained,2
writing,2
our,2
prepared,2
come,2
sanctioned,2
guha,2
youth,2
cambridge,2
soborov,2
scribes,2
materials,2
national,2
strikingly,2
samuel,2
dangerous,2
joined,2
instead,2
include,2
need,2
tobacco,2
summoned,2
remains,2
increased,2
suggested,2
charged,2
nachal,2
reached,2
debate,2
entire,2
immediately,2
recent,2
statement,2
christina,2
major,2
perception,2
hypothesis,2
tsentral,1
resolve,1
bond,1
difficult,1
antithetical,1
enough,1
beg,1
archives,1
equation,1
receded,1
tavern,1
possessed,1
currently,1
intercession,1
zemskogo,1
tainted,1
appealed,1
kidnap,1
stuart,1
forschungen,1
ambivalence,1
protests,1
meekness,1
medieval,1
anthony,1
closer,1
quickly,1
speculum,1
eternal,1
klassovoi,1
faced,1
immune,1
designated,1
created,1
assaults,1
facade,1
mystical,1
sergei,1
peaceful,1
culminated,1
robberies,1
market,1
extreme,1
spurning,1
schism,1
goroda,1
fault,1
pervaded,1
communes,1
adoption,1
coerce,1
introduction,1
pushed,1
numerical,1
systemic,1
linguistic,1
sympathetic,1
azar,1
accomplices,1
illegal,1
instructions,1
nostalgia,1
sami,1
extant,1
join,1
formirovaniia,1
remind,1
live,1
schools,1
loakim,1
asserted,1
poloviny,1
alekseia,1
sets,1
rewards,1
solidarity,1
investigating,1
sudden,1
arrears,1
easily,1
demeaning,1
compilation,1
candidate,1
romodanovskaia,1
zagorin,1
ominous,1
duke,1
oppressive,1
ceremonial,1
fixed,1
committee,1
osteuropas,1
dignified,1
fletcher,1
submissiveness,1
goldstone,1
overturning,1
aversion,1
tells,1
accent,1
revered,1
viewpoints,1
savior,1
summarily,1
revision,1
viziers,1
detected,1
celobitynaja,1
reich,1
zemel,1
contexts,1
eskg,1
charity,1
baker,1
themes,1
prosperous,1
leningradskoe,1
arms,1
test,1
twoheaded,1
romance,1
iunia,1
attribute,1
invoking,1
aside,1
discordant,1
else,1
either,1
prominently,1
acceptable,1
destabilizing,1
distsipliny,1
thefts,1
humble,1
familiarity,1
collusion,1
davis,1
invention,1
delu,1
fortunately,1
supposedly,1
complained,1
pervasive,1
household,1
originally,1
ii,1
path,1
give,1
attempts,1
enforceable,1
cautiously,1
culturally,1
concentrated,1
address,1
attempt,1
ears,1
sunday,1
expectation,1
rare,1
worked,1
incomplete,1
advanced,1
begged,1
departure,1
fomenting,1
reestablish,1
heated,1
containing,1
musketeer,1
unjust,1
announced,1
validating,1
reach,1
zhurnal,1
route,1
leading,1
carter,1
advantage,1
theologically,1
landholders,1
display,1
reasons,1
thank,1
differences,1
intercede,1
restated,1
timing,1
accumulated,1
assembled,1
inherent,1
able,1
incident,1
proves,1
abolishing,1
chosen,1
reinstated,1
reveal,1
loud,1
concludes,1
exalted,1
skirts,1
rayling,1
room,1
quintessentially,1
products,1
unto,1
ministerstva,1
help,1
nonverbal,1
creator,1
stashevskii,1
economy,1
traditionally,1
last,1
pervaia,1
trouble,1
respond,1
represent,1
remainder,1
skrynnikov,1
similarly,1
ukrainian,1
california,1
scenario,1
ambiguous,1
governors,1
sredy,1
tell,1
intersection,1
circumvent,1
tragedy,1
seminar,1
similarities,1
decree,1
british,1
andreev,1
issue,1
fortune,1
takes,1
occasional,1
mazurinskii,1
dissemination,1
existence,1
forthcoming,1
gaming,1
unmediated,1
adrian,1
rivalry,1
recorded,1
dying,1
money,1
advice,1
translations,1
encouraging,1
sought,1
expenses,1
firm,1
draw,1
killed,1
right,1
sele,1
victims,1
prilozhenie,1
representations,1
losses,1
custom,1
zur,1
danilovich,1
bribes,1
burke,1
lends,1
wailing,1
rioters,1
russy,1
possible,1
read,1
marked,1
leo,1
cooperation,1
subaltern,1
open,1
illustrate,1
dmitri,1
expresses,1
admission,1
sale,1
roy,1
greene,1
move,1
occupy,1
cliche,1
dutch,1
convince,1
apart,1
combination,1
variations,1
conceptual,1
consequent,1
ingenious,1
reminding,1
pskovskaia,1
mores,1
printings,1
bottom,1
cole,1
loudly,1
due,1
anticipated,1
petitioning,1
keeps,1
occur,1
holstein,1
formula,1
sobor,1
vsekh,1
suspecting,1
slozhenii,1
engage,1
holland,1
collection,1
crystallized,1
interestingly,1
exposed,1
zertsalov,1
learned,1
letopis,1
punishing,1
central,1
mistake,1
member,1
andrew,1
ditty,1
unpublished,1
osteuropaischen,1
wrath,1
sochineniia,1
implicating,1
affiliation,1
proceeded,1
blazes,1
krdlovske,1
mine,1
dynamics,1
inner,1
development,1
attest,1
patient,1
strel,1
objective,1
intensifying,1
alekseiu,1
prague,1
silent,1
essay,1
krest,1
agent,1
exiled,1
invocation,1
informant,1
forgotten,1
domain,1
tutelage,1
disappointed,1
center,1
faces,1
ability,1
prohibitions,1
mixed,1
arrogance,1
repressions,1
issued,1
participating,1
deviati,1
conducted,1
vanguard,1
jr,1
dishonored,1
insisted,1
restore,1
workers,1
realization,1
soborakh,1
employing,1
codified,1
topic,1
sore,1
expected,1
cipher,1
standardized,1
courtroom,1
merchantofficial,1
interprets,1
kind,1
kurs,1
estimates,1
unity,1
rank,1
satan,1
adam,1
distinct,1
elements,1
nor,1
unhappiness,1
blame,1
direction,1
underlying,1
evident,1
times,1
concrete,1
burgeoning,1
amount,1
contrary,1
inexperience,1
body,1
tartu,1
petr,1
columbia,1
channels,1
listened,1
agency,1
vspomogatel,1
allowing,1
stipulated,1
dates,1
forbid,1
ally,1
merchantchancellor,1
perpetrators,1
third,1
spontaneously,1
chudesakh,1
pure,1
seventeenthcentury,1
thin,1
opposing,1
overwhelmed,1
reproach,1
explosions,1
alekseevich,1
propagated,1
obscure,1
tenants,1
sin,1
opisaniia,1
journal,1
flung,1
merchands,1
fool,1
knows,1
traditions,1
lens,1
kholopov,1
reverberated,1
sister,1
guard,1
codification,1
understood,1
conceded,1
weakness,1
incarnation,1
whichever,1
bonuses,1
fierce,1
quiet,1
build,1
unfortunate,1
virtuous,1
cites,1
luppov,1
referring,1
scholarly,1
poverty,1
promised,1
subversive,1
communications,1
purer,1
imperatorskom,1
rights,1
surprisingly,1
civilization,1
sixteen,1
stva,1
tikhomirov,1
sue,1
invaded,1
philadelphia,1
manipulated,1
recognized,1
menace,1
dangerously,1
genuinely,1
agitation,1
hesitant,1
identification,1
suck,1
karpovich,1
commune,1
blew,1
observers,1
pobegi,1
middling,1
performance,1
selling,1
across,1
deputies,1
generations,1
angeles,1
spurned,1
serediny,1
politicheskoi,1
basic,1
antagonistic,1
drevnikh,1
centralization,1
shvetsiia,1
lasting,1
demonstrates,1
represented,1
sudebniks,1
killing,1
doklady,1
opportunity,1
morozova,1
phrases,1
reforma,1
saints,1
wandering,1
captives,1
blasphemers,1
importance,1
gesture,1
travels,1
benjamin,1
minei,1
dialogue,1
sanctuary,1
impropriety,1
chteniia,1
itemized,1
inseparably,1
troublemakers,1
arbor,1
attentively,1
reinforce,1
front,1
moreover,1
divided,1
howe,1
hook,1
reason,1
soul,1
understand,1
voluntarily,1
category,1
provinces,1
alienate,1
consultation,1
ensure,1
wanted,1
consider,1
bastinadoes,1
distract,1
revising,1
key,1
retained,1
literally,1
mira,1
peasant,1
devoting,1
bit,1
consolidate,1
branch,1
presumably,1
clearly,1
russell,1
proved,1
byzantine,1
days,1
holton,1
impact,1
manifestations,1
fairness,1
mary,1
articulated,1
environing,1
weak,1
egregious,1
chelobitnykh,1
kul,1
frequently,1
too,1
maintain,1
four,1
show,1
communities,1
masonry,1
reiterated,1
overtakes,1
graphic,1
additional,1
erupted,1
freed,1
beyond,1
procedures,1
paraded,1
notions,1
iconology,1
jurisdiction,1
predstavitel,1
wellspring,1
truly,1
ceremony,1
boiarina,1
transgress,1
disloyalty,1
decades,1
recur,1
method,1
votchiny,1
visibly,1
thieves,1
aristocrats,1
injustice,1
writes,1
reprisals,1
theory,1
dominant,1
respected,1
testify,1
alexis,1
opinion,1
personalized,1
adapting,1
deed,1
ian,1
advocated,1
appear,1
trajectories,1
dependency,1
aktov,1
manhandled,1
iconography,1
retrieve,1
opponents,1
starkly,1
burn,1
starykh,1
destructiveness,1
advance,1
formidable,1
lock,1
kleimola,1
speros,1
incapable,1
acting,1
access,1
slave,1
someone,1
corridors,1
avenue,1
iniquity,1
withheld,1
carrying,1
dvorianskikh,1
gayatri,1
centers,1
otdelenie,1
commotion,1
facilitate,1
compassion,1
endeavor,1
rubles,1
reactionary,1
burst,1
im,1
polemics,1
unthinkable,1
infantrymen,1
embedded,1
kinship,1
sword,1
criteria,1
traits,1
informed,1
welcome,1
pitch,1
halls,1
silence,1
majestie,1
ecclesiastical,1
contestatory,1
rampages,1
sharply,1
indirect,1
embedding,1
singing,1
obligated,1
viewed,1
recently,1
sticks,1
meet,1
purchased,1
duplicates,1
appearing,1
otherwise,1
fish,1
toppled,1
placed,1
temporized,1
refuge,1
guarantee,1
bookish,1
routinizing,1
required,1
moaning,1
correlation,1
died,1
undersell,1
eliminate,1
scribe,1
briefly,1
torn,1
vagrants,1
retribution,1
illustrates,1
none,1
sweeping,1
network,1
destroy,1
genre,1
charred,1
shiism,1
goda,1
unworthy,1
clarke,1
upstanding,1
romans,1
shopkeepers,1
moskovskie,1
preconditions,1
spheres,1
maneuvers,1
sanction,1
mysli,1
los,1
epiphany,1
carry,1
petrikeev,1
decisions,1
distinguish,1
repetition,1
claim,1
reader,1
gambit,1
concept,1
distinctively,1
prompted,1
perez,1
characterization,1
tens,1
discusses,1
explains,1
example,1
civil,1
disturbances,1
monastyria,1
eva,1
stol,1
ten,1
reminded,1
preserving,1
artem,1
tomakh,1
irritants,1
cracking,1
year,1
genuine,1
gave,1
tale,1
special,1
consistently,1
discussions,1
accretion,1
policies,1
overtly,1
volokita,1
workshop,1
broad,1
asserts,1
gosudarstvennyi,1
formerly,1
actually,1
falling,1
zemskago,1
participated,1
herbalist,1
nacked,1
thereafter,1
faults,1
call,1
penalties,1
hither,1
sudebnaia,1
imi,1
justification,1
mikhailovichu,1
rise,1
appreciated,1
entered,1
denezhnaia,1
il,1
oblige,1
showing,1
manage,1
disruptions,1
resort,1
won,1
emissaries,1
gracious,1
concurrent,1
strongest,1
minds,1
betraying,1
soznaniia,1
spolewnosti,1
presumption,1
annotated,1
traders,1
monetary,1
prices,1
earth,1
drevnei,1
misery,1
responses,1
estonia,1
commons,1
protects,1
pozdnego,1
commerce,1
ensued,1
correct,1
onely,1
beneficent,1
field,1
carries,1
cruel,1
love,1
ego,1
arkhivnom,1
ambassador,1
aroused,1
recast,1
suggest,1
seized,1
stage,1
reliable,1
rukoiu,1
debts,1
shorin,1
monarchia,1
dva,1
transgressions,1
next,1
politically,1
lowly,1
le,1
compromising,1
interacting,1
squarely,1
owned,1
phrase,1
settlement,1
prosecuted,1
irresponsible,1
emerging,1
sake,1
long,1
family,1
brewing,1
openly,1
calling,1
specified,1
miatezhakh,1
leaves,1
sufficient,1
accomplished,1
fictive,1
unarmed,1
revealing,1
legitimize,1
notation,1
notorious,1
essentially,1
usual,1
rocnik,1
swear,1
miracles,1
division,1
scantily,1
christians,1
universitete,1
managed,1
condemned,1
bursting,1
visible,1
progress,1
renewed,1
aggressively,1
ostentation,1
progressed,1
slim,1
wife,1
ot,1
proper,1
submitting,1
peculiar,1
kowtow,1
roots,1
provenance,1
mouths,1
appropriate,1
regulating,1
appoint,1
riksarkivet,1
finds,1
propriety,1
miserable,1
sistemy,1
joining,1
massive,1
servants,1
frescoes,1
stewards,1
behalf,1
seemed,1
militaty,1
cropped,1
spare,1
limiting,1
appeal,1
garnered,1
theocentric,1
phrased,1
renounce,1
threatened,1
outside,1
happen,1
quoting,1
led,1
shouts,1
unscrupulous,1
timeless,1
units,1
sons,1
repertoire,1
reduced,1
minor,1
absence,1
lotman,1
protecting,1
summarize,1
taken,1
abovementioned,1
noble,1
screaming,1
rampant,1
chase,1
gather,1
interference,1
identified,1
economic,1
logically,1
separation,1
doctoral,1
shields,1
uspenskij,1
located,1
routinely,1
expansion,1
resisted,1
yon,1
limited,1
sviatozerskogo,1
deadly,1
landless,1
merits,1
unconsciously,1
eloquently,1
standardization,1
godakh,1
prove,1
converted,1
dread,1
imposts,1
decoded,1
intervention,1
surviving,1
interactions,1
sponsored,1
went,1
indignation,1
targeted,1
uncertain,1
greed,1
movement,1
literati,1
renew,1
procession,1
seemingly,1
echo,1
convoluted,1
unquestioningly,1
exclusively,1
selection,1
seditious,1
positive,1
bread,1
riches,1
single,1
powerfully,1
fighting,1
notables,1
once,1
brow,1
repression,1
flux,1
oxford,1
simultaneous,1
rational,1
strashnoiu,1
criticism,1
stalled,1
stock,1
relied,1
elaboration,1
auspices,1
reference,1
novyi,1
tremendous,1
represents,1
makes,1
karbala,1
disorderly,1
rumor,1
alongside,1
dual,1
receptacle,1
dewey,1
undisciplined,1
palaces,1
calculations,1
diminutive,1
compiled,1
shook,1
included,1
home,1
homogeneous,1
dokumeptov,1
orders,1
chetii,1
light,1
assistance,1
complete,1
cried,1
lord,1
shifting,1
battered,1
bogdanov,1
friendship,1
formalized,1
baltimore,1
outlined,1
prikaz,1
conflictual,1
extreamely,1
indian,1
sysk,1
frightened,1
already,1
gary,1
provocative,1
visitors,1
begins,1
resented,1
mich,1
noted,1
praxis,1
regional,1
inexplicably,1
strata,1
functioned,1
irvine,1
stones,1
considers,1
nafve,1
regardless,1
chose,1
administrators,1
letopisets,1
fellow,1
outbreak,1
endured,1
ocherki,1
science,1
bureaucrat,1
plundered,1
monks,1
slander,1
bits,1
temporarily,1
executioners,1
upset,1
stated,1
inflexible,1
reasserting,1
palm,1
reporting,1
audaciously,1
slavonic,1
copy,1
stripes,1
chaps,1
financial,1
intermeshed,1
adherence,1
stepanovich,1
gravely,1
lack,1
idea,1
marker,1
toll,1
niki,1
torture,1
soobshcheniia,1
striking,1
sbornike,1
copied,1
appeared,1
abstract,1
witnesses,1
sanctions,1
attempting,1
disturbed,1
forces,1
choice,1
sobranie,1
casualties,1
children,1
educated,1
contradict,1
daily,1
angry,1
practical,1
reacted,1
hear,1
coiners,1
demonstrating,1
sounds,1
granting,1
commonality,1
formulating,1
resolved,1
golden,1
distributions,1
tsy,1
istoriia,1
fashion,1
russkoi,1
lowborn,1
inviolability,1
feodor,1
besieged,1
thompson,1
puts,1
patterns,1
conclusions,1
remade,1
consciously,1
likelihood,1
ofjustification,1
rfview,1
innovative,1
akademii,1
revolts,1
ulozhen,1
developing,1
competitors,1
purposes,1
validity,1
empire,1
unclear,1
jobs,1
axes,1
verbatim,1
renaissance,1
discord,1
real,1
council,1
recount,1
kaiser,1
duties,1
achieved,1
deep,1
misconduct,1
assortment,1
imprisoned,1
eagle,1
metropolitan,1
books,1
cowering,1
imperiall,1
distance,1
bloodshed,1
rage,1
intercessor,1
instigated,1
free,1
encountered,1
vwstnik,1
alarmed,1
distortions,1
outgrowth,1
routinized,1
convenient,1
responded,1
drevnostei,1
discourses,1
simon,1
grouping,1
bureaucratizing,1
trait,1
private,1
inveighed,1
mean,1
behaviors,1
situated,1
investigated,1
encounter,1
art,1
vremeni,1
link,1
session,1
birth,1
restrictions,1
release,1
onerous,1
explanation,1
surfaces,1
incidents,1
churchmen,1
sides,1
region,1
enormous,1
similarity,1
contacts,1
groundlessly,1
missives,1
iverskogo,1
attributed,1
concern,1
tenets,1
mezhevaniia,1
controlling,1
amnesty,1
ordering,1
looting,1
equanimity,1
october,1
unfair,1
operated,1
station,1
ivashko,1
khoziaistvo,1
numerous,1
cossacks,1
band,1
sequence,1
ideas,1
survey,1
harvard,1
pleasure,1
render,1
inflicted,1
trend,1
actual,1
recovery,1
bibliograficheskiia,1
engaged,1
trials,1
injustices,1
ulozheniia,1
cathedral,1
dvorianinu,1
velikie,1
option,1
regions,1
literatura,1
rossiskikh,1
eleventh,1
overturned,1
dating,1
awesome,1
sacrificing,1
savinka,1
versions,1
trade,1
helpless,1
zar,1
princess,1
counterinsurgency,1
provoked,1
reality,1
advocating,1
reward,1
uncontrollable,1
comprehensive,1
semiotics,1
tury,1
publitsisticheskie,1
agreement,1
health,1
victory,1
godov,1
mutiny,1
logic,1
worn,1
deals,1
ladurie,1
vested,1
defense,1
christopher,1
david,1
allowed,1
krepostnoe,1
threw,1
interventionist,1
obstructed,1
toleration,1
gates,1
fiercest,1
appointment,1
pettiness,1
escaped,1
mask,1
played,1
miracle,1
obshchestvennoi,1
comdlaints,1
kept,1
proximity,1
theocratic,1
wish,1
black,1
standard,1
birthright,1
latter,1
chelobitnii,1
slyness,1
duddington,1
decide,1
facing,1
guilt,1
outcomes,1
edmund,1
nichie,1
extortion,1
tsariu,1
gosudarevu,1
become,1
adept,1
drinking,1
payment,1
references,1
exactly,1
altrussischen,1
mainly,1
deliberate,1
accordingly,1
scapegoats,1
sacred,1
accrue,1
axe,1
enjoyed,1
keith,1
structure,1
woes,1
consulting,1
exasperated,1
translate,1
favorites,1
okol,1
attracted,1
nauchnye,1
save,1
negligibly,1
irrevocably,1
destruction,1
connections,1
attend,1
ire,1
professional,1
particularist,1
fee,1
demolishing,1
bondsmen,1
zemlja,1
moskauer,1
grievance,1
adviser,1
phraseology,1
examines,1
separate,1
gustave,1
bee,1
tore,1
increasing,1
pomestnyi,1
unstable,1
hiding,1
aspirations,1
twelve,1
zguta,1
discussing,1
posted,1
ditiatin,1
assigned,1
dela,1
untenable,1
whomever,1
uninvited,1
today,1
looted,1
publishing,1
note,1
wisdom,1
sealed,1
george,1
phillip,1
sometimes,1
crucial,1
traditionalism,1
variously,1
willingly,1
convened,1
buyers,1
bojates,1
patrimonial,1
prose,1
confused,1
fear,1
hill,1
reasonable,1
explain,1
begin,1
vague,1
malfeasance,1
rpt,1
intimidating,1
sobornago,1
resumed,1
primarily,1
institutions,1
unquestioned,1
forthright,1
directing,1
army,1
voronezh,1
chronically,1
obshchestve,1
juan,1
hearsay,1
visual,1
detei,1
proposition,1
sudebnik,1
iversk,1
relevant,1
anxiety,1
wanting,1
try,1
indicate,1
horsemen,1
tearing,1
volumes,1
owed,1
life,1
bloodthirsty,1
settled,1
often,1
accusation,1
sharp,1
specious,1
examine,1
construction,1
analysis,1
groan,1
paternal,1
entrusted,1
discernible,1
united,1
banishment,1
surprising,1
chamber,1
mother,1
russkogo,1
rebuffed,1
sympathy,1
fatherly,1
face,1
worlds,1
platonov,1
arts,1
figured,1
krupnoe,1
gathered,1
princes,1
bergin,1
reassigned,1
rationalize,1
cols,1
joseph,1
warriorlords,1
manifesting,1
yourself,1
rightful,1
ineptly,1
dismissing,1
sections,1
differentiated,1
undertook,1
publicly,1
ignited,1
suggestions,1
contained,1
herrschaftsverfassung,1
heavy,1
preamble,1
thinking,1
extol,1
constant,1
sacrosanct,1
devotes,1
feeney,1
thievery,1
prohibited,1
summon,1
broke,1
rebelled,1
redemption,1
depersonalized,1
intensification,1
cathyj,1
radiant,1
throw,1
circumstances,1
vyronis,1
regulated,1
instructed,1
nimi,1
vtoroi,1
continues,1
prikaznoi,1
unleashed,1
implied,1
modernization,1
chelom,1
precise,1
recognizable,1
offered,1
sonia,1
observation,1
exacted,1
consensus,1
storozhev,1
irritant,1
unexpected,1
classically,1
md,1
apportioned,1
wicked,1
dining,1
sweden,1
circumscribed,1
alternative,1
wherever,1
impertinence,1
shui,1
der,1
headed,1
milieu,1
dualism,1
defining,1
berkeley,1
spectacles,1
resounds,1
banished,1
removed,1
structures,1
intellectual,1
fugitives,1
dismay,1
dare,1
routine,1
metaphorically,1
zaozerskii,1
manuskriptsamlingen,1
kolomenskom,1
descriptions,1
spontaneous,1
unshakable,1
share,1
expanding,1
inclined,1
seriously,1
interested,1
flew,1
accustomed,1
partisans,1
mightilie,1
mikhailovicha,1
straightforward,1
eyewitnesses,1
variegated,1
printed,1
clan,1
expense,1
firepower,1
disrupted,1
ju,1
wealthy,1
current,1
report,1
inquiry,1
foundation,1
iii,1
feodalizma,1
abuses,1
compliance,1
hinted,1
cuggelld,1
smuggled,1
vasilii,1
manchester,1
collins,1
obviously,1
disperse,1
misrule,1
voprosam,1
rely,1
breakdown,1
longstanding,1
delays,1
explicitly,1
obshchestvennogo,1
elsewhere,1
carnival,1
ambivalent,1
placing,1
accepts,1
enlarged,1
outrage,1
disputes,1
iv,1
works,1
initium,1
adduced,1
sermons,1
protested,1
options,1
harped,1
makarii,1
ideally,1
person,1
pri,1
hint,1
clarity,1
saying,1
quietly,1
anointed,1
defend,1
bureaucratically,1
suffering,1
outlines,1
unlikely,1
gorodov,1
ruins,1
emmanuel,1
heads,1
scrambled,1
janissaries,1
unique,1
letopisnye,1
form,1
list,1
less,1
duplication,1
particular,1
trinity,1
comes,1
series,1
nascent,1
drackd,1
upstarts,1
protective,1
condemn,1
ruin,1
monster,1
tightly,1
gambling,1
problem,1
conflagration,1
supplemented,1
scrupulous,1
insightful,1
okrestnostei,1
always,1
rol,1
prestige,1
entice,1
institute,1
pursued,1
shukman,1
improvements,1
pitted,1
moskovskago,1
baltic,1
protectors,1
boiarskikh,1
voice,1
patience,1
precedent,1
agreed,1
placement,1
executioner,1
hierarchs,1
targets,1
signify,1
felt,1
spaces,1
arbiter,1
burden,1
radically,1
massed,1
uchenye,1
persistently,1
boston,1
bought,1
remember,1
nervous,1
severed,1
crony,1
weickhardt,1
lossky,1
persuaded,1
attending,1
peace,1
ohio,1
conscription,1
tri,1
extending,1
altogether,1
depose,1
clerk,1
wording,1
lye,1
content,1
ashes,1
alternatives,1
columbus,1
regulate,1
stepennaia,1
ring,1
tried,1
nashego,1
returning,1
reserves,1
commissioned,1
alef,1
mete,1
archangel,1
substance,1
zemon,1
merchant,1
copper,1
accountability,1
families,1
materialam,1
und,1
diverged,1
berce,1
grandeur,1
intimate,1
gosti,1
internalized,1
iu,1
mafia,1
stipulating,1
named,1
pray,1
false,1
devoted,1
ultimately,1
symbolic,1
obliged,1
asunder,1
covenant,1
austerity,1
pozdnegofeodalizma,1
righteousness,1
treated,1
narodnogo,1
unexpectedly,1
initiated,1
encumbrances,1
copies,1
contract,1
twentieth,1
web,1
conditions,1
polemicists,1
institutional,1
sud,1
recovering,1
translated,1
charge,1
forster,1
taxation,1
tomskogo,1
parallels,1
register,1
metalsmiths,1
contributed,1
salt,1
integrated,1
consolidated,1
ye,1
vative,1
confiscated,1
weep,1
irrefutable,1
integration,1
constituencies,1
svoeiu,1
france,1
effects,1
bodyguard,1
raging,1
waugh,1
leiden,1
regain,1
haphazard,1
impolite,1
presenting,1
repeat,1
ivanovich,1
speak,1
skomorokhi,1
restrained,1
practiced,1
servant,1
comparison,1
needs,1
thousand,1
svoei,1
upravlenii,1
jahrbucher,1
safeguard,1
penetrated,1
root,1
beliaev,1
c,1
marxist,1
unwaveringly,1
ruthenicae,1
succeeded,1
vary,1
negotiate,1
peasantry,1
irrelevant,1
slovu,1
texts,1
views,1
pskovskoe,1
prosveshcheniia,1
asks,1
rein,1
orphaned,1
kallash,1
glance,1
sprang,1
iraq,1
seek,1
prison,1
ends,1
establishment,1
drew,1
zones,1
rude,1
beings,1
clerics,1
virtue,1
meeting,1
built,1
pillars,1
staffed,1
clashed,1
destructive,1
fur,1
vybrannomu,1
glup,1
customs,1
cited,1
evidently,1
losif,1
perpetual,1
faction,1
grants,1
