WORDCOUNTS,WEIGHT
the,938
of,776
and,430
in,366
to,319
a,260
as,173
film,169
s,168
is,162
that,134
this,106
on,104
ideology,95
for,93
nazi,88
from,77
it,74
by,74
historical,69
or,68
with,65
an,64
german,64
not,61
history,58
rentschler,58
historians,55
review,51
be,51
work,49
which,48
reich,47
but,47
see,47
has,46
was,46
ideological,46
are,44
have,44
at,42
american,42
third,42
films,42
more,42
than,40
these,39
been,39
propaganda,38
i,36
germany,35
studies,35
cinema,35
other,35
what,34
one,33
book,33
his,33
new,33
its,32
culture,31
such,29
ways,28
how,28
also,28
he,27
april,26
national,26
even,25
they,24
most,24
between,24
within,23
their,23
hitler,23
about,22
where,22
ministry,22
baird,21
entertainment,21
question,21
does,20
popular,20
jew,20
n,19
may,18
york,18
out,18
fascist,18
can,18
analysis,18
all,17
cultural,17
well,17
resistance,17
goldhagen,16
rather,16
society,16
state,16
illusion,16
movies,16
we,16
way,15
complex,15
into,15
fantasy,15
field,15
spector,15
essay,15
both,15
if,14
reading,14
scott,14
yet,14
place,14
only,14
relationship,14
recent,14
desire,13
view,13
produced,13
same,13
social,13
everyday,13
while,13
level,13
socialism,13
were,12
political,12
mass,12
some,12
no,12
study,12
readings,12
example,12
own,12
j,12
our,12
less,12
holocaust,12
questions,12
socialist,12
itself,12
through,12
focus,12
issue,11
her,11
will,11
time,11
so,11
who,11
visual,11
historian,11
much,11
trans,10
zizek,10
might,10
critique,10
goebbels,10
concept,10
others,10
period,10
program,10
seen,10
over,10
works,10
them,10
problem,10
cambridge,10
introduction,9
jews,9
policy,9
position,9
production,9
historiography,9
leiser,9
cocks,9
politics,9
central,9
thus,9
r,9
part,9
critical,9
scholars,9
use,9
david,9
earlier,9
relation,9
fascism,9
life,9
ahr,9
public,9
interdisciplinary,9
among,9
she,8
first,8
could,8
narrative,8
last,8
context,8
case,8
italian,8
interdisciplinarity,8
subjects,8
soviet,8
notion,8
important,8
p,8
hollywood,8
many,8
contemporary,8
audiences,8
do,8
bartov,8
degree,8
another,8
antisemitism,8
like,8
klotz,8
european,8
crucial,8
here,8
intellectual,8
different,8
past,8
effects,8
am,8
specific,8
difficult,7
before,7
years,7
rosenstone,7
seems,7
robert,7
e,7
say,7
media,7
turn,7
messages,7
l,7
sort,7
hansen,7
doctrine,7
special,7
had,7
london,7
several,7
research,7
und,7
reception,7
criticism,7
ed,7
two,7
power,7
germans,7
model,7
books,7
including,7
frame,7
aesthetic,7
reality,7
would,7
function,7
features,7
article,7
weimar,7
fields,7
set,7
welch,7
industry,7
very,7
scholarship,7
particular,7
art,7
role,7
youth,7
already,7
c,7
youngblood,6
sphere,6
identify,6
marcia,6
contexts,6
elusive,6
terrain,6
those,6
point,6
cited,6
since,6
mosse,6
author,6
interest,6
filmic,6
instance,6
willing,6
my,6
im,6
further,6
focused,6
aryan,6
war,6
however,6
aspects,6
calls,6
esp,6
discussions,6
project,6
approach,6
sense,6
content,6
indeed,6
fascinating,6
under,6
fact,6
john,6
discussed,6
understanding,6
discussion,6
medium,6
aesthetics,6
students,6
three,6
individual,6
him,6
shift,6
often,6
nazism,6
disciplinary,6
must,6
regime,6
text,6
terms,6
theory,6
subject,6
come,6
need,6
evidence,6
potential,6
themselves,6
dritten,5
berlin,5
modern,5
lowry,5
princeton,5
nature,5
able,5
take,5
feature,5
precisely,5
discipline,5
somewhat,5
sophisticated,5
engage,5
drawn,5
journal,5
without,5
friedlander,5
approaches,5
after,5
importance,5
b,5
spectators,5
dorothea,5
dichotomy,5
image,5
too,5
beyond,5
reflections,5
greater,5
suiss,5
term,5
informed,5
recently,5
witte,5
jewish,5
received,5
apparent,5
literature,5
during,5
exemplary,5
things,5
spectacle,5
above,5
interpretation,5
thought,5
picture,5
volume,5
representation,5
again,5
death,5
hand,5
ground,5
michael,5
controversy,5
matrix,5
made,5
formal,5
identity,5
assumption,5
meanings,5
especially,5
george,5
serves,5
consent,5
any,5
lessons,5
masses,5
offers,5
der,5
control,5
seem,5
did,5
inquiry,5
when,5
ideal,5
sontag,5
disciplines,5
think,5
institutional,5
course,5
offered,5
images,5
should,5
final,4
o,4
limits,4
truth,4
empirical,4
appear,4
entertaining,4
something,4
experience,4
t,4
hence,4
frankfurt,4
certainly,4
viewer,4
saul,4
words,4
distraction,4
there,4
system,4
inseparable,4
draw,4
great,4
richard,4
goal,4
representations,4
against,4
silent,4
moment,4
overt,4
self,4
body,4
modernity,4
compare,4
find,4
landy,4
spite,4
generation,4
levels,4
dialogue,4
makes,4
desires,4
university,4
literary,4
section,4
w,4
presumed,4
koepnick,4
result,4
called,4
events,4
excellent,4
scene,4
pedro,4
claim,4
gender,4
realm,4
private,4
long,4
actually,4
winter,4
focuses,4
status,4
diversion,4
below,4
generally,4
world,4
notes,4
play,4
slavoj,4
single,4
wake,4
represents,4
message,4
classroom,4
thesis,4
light,4
teaching,4
provocative,4
habanera,4
toward,4
v,4
present,4
remarkable,4
lacan,4
eds,4
explicitly,4
jameson,4
looking,4
survey,4
quex,4
continuities,4
amusements,4
general,4
postwar,4
cinematic,4
quarterly,4
attention,4
la,4
figure,4
foreign,4
publics,4
sound,4
seriously,4
associated,4
focusing,4
ever,4
theme,4
each,4
particularly,4
stites,4
making,4
calif,4
maintain,4
escapist,4
eliminationist,4
don,4
suggests,4
up,4
die,4
omer,4
necessarily,4
argument,4
finally,4
offer,4
you,4
close,4
suss,4
now,3
reference,3
represent,3
implies,3
essays,3
marcus,3
favor,3
spirit,3
althusser,3
nonetheless,3
chief,3
consistent,3
ideas,3
else,3
every,3
leander,3
official,3
babylon,3
argue,3
daniel,3
takes,3
accuracy,3
america,3
zur,3
fritz,3
functions,3
far,3
chart,3
representing,3
conflict,3
constructed,3
historically,3
profession,3
de,3
down,3
better,3
perspective,3
rollins,3
publications,3
deeply,3
nuanced,3
subversive,3
dialectics,3
whose,3
hamburg,3
identification,3
links,3
across,3
remain,3
lie,3
certain,3
benjamin,3
allegory,3
denise,3
von,3
consider,3
familiar,3
organized,3
linked,3
just,3
age,3
origins,3
suggested,3
uses,3
came,3
identifying,3
histories,3
begun,3
access,3
epistemological,3
ambiguity,3
shared,3
astree,3
furthermore,3
though,3
cannot,3
opposition,3
possibility,3
because,3
genre,3
used,3
story,3
ufa,3
reduction,3
call,3
island,3
issues,3
collective,3
away,3
frederic,3
formations,3
klemperer,3
contradictions,3
either,3
subtle,3
solution,3
least,3
hegelian,3
concerns,3
volkish,3
city,3
f,3
therefore,3
led,3
practices,3
various,3
return,3
epigram,3
oxford,3
edited,3
victor,3
us,3
dalle,3
jay,3
insights,3
noted,3
double,3
useful,3
fill,3
successfully,3
executioners,3
afterlife,3
challenge,3
treatment,3
abstract,3
really,3
rhetoric,3
forms,3
readers,3
outside,3
drove,3
puerto,3
necessary,3
perhaps,3
violent,3
argues,3
demonstrated,3
exploring,3
karsten,3
pleasure,3
actual,3
individuals,3
clear,3
language,3
high,3
thomas,3
methods,3
apparatuses,3
structure,3
enemies,3
departments,3
figures,3
engagement,3
rico,3
reviewer,3
linda,3
modernism,3
ordinary,3
becomes,3
sensitive,3
force,3
contribution,3
construction,3
fall,3
ing,3
articles,3
provocatively,3
joseph,3
matters,3
claims,3
differentiated,3
thinking,3
vacche,3
complexity,3
changing,3
simply,3
alternative,3
know,3
berkeley,3
december,3
best,3
constructions,3
current,3
contradictory,3
audience,3
associations,3
movie,3
free,3
merely,3
following,3
according,3
commodity,3
erwin,3
march,3
whether,3
rose,3
namely,3
quote,3
axis,3
always,3
vehicle,3
babel,3
textual,3
dialecticize,3
des,3
stern,3
apparatus,3
documentary,3
multiple,3
given,3
sass,3
kracauer,3
territory,3
colonial,3
false,3
deutschland,3
jacques,3
kaes,3
d,3
caligari,3
centrality,3
caplan,3
limitations,3
remains,3
viewers,3
needs,3
era,3
early,3
traditional,3
burleigh,3
connor,3
dominant,2
heimat,2
along,2
heroic,2
later,2
indicated,2
meaning,2
scholar,2
excess,2
jane,2
ferdinand,2
revolutionary,2
marian,2
notably,2
interplay,2
methodology,2
browning,2
tend,2
hull,2
word,2
miriam,2
specialist,2
english,2
h,2
sinister,2
jonathan,2
notwithstanding,2
erwache,2
turns,2
title,2
wippermann,2
total,2
source,2
women,2
themes,2
negative,2
politik,2
diaries,2
said,2
anything,2
constituting,2
revisited,2
posed,2
taken,2
lutz,2
definition,2
hitchcock,2
company,2
possibilities,2
wholeness,2
leading,2
explores,2
belong,2
daily,2
remark,2
differences,2
senses,2
onto,2
products,2
quarantine,2
written,2
extratextual,2
trouble,2
stand,2
raised,2
opposite,2
alike,2
behind,2
mapping,2
speech,2
theoretical,2
growing,2
employs,2
side,2
dissemination,2
teleological,2
primary,2
sexual,2
disseminated,2
account,2
second,2
nordic,2
condition,2
fine,2
apart,2
doctrinal,2
establishment,2
asserting,2
reconstruction,2
himself,2
demanded,2
collection,2
sign,2
lidtke,2
exist,2
human,2
albrecht,2
selves,2
consideration,2
tyrannical,2
boy,2
objective,2
g,2
police,2
domain,2
relatively,2
relations,2
detlef,2
february,2
cases,2
defense,2
elements,2
developments,2
pathbreaking,2
arguably,2
back,2
star,2
contrary,2
differently,2
response,2
holds,2
extraordinary,2
syberberg,2
left,2
racialist,2
propagandistic,2
explore,2
obscure,2
shown,2
look,2
apparently,2
weakness,2
subversion,2
kitsch,2
likely,2
offices,2
operation,2
opposed,2
sweeping,2
interesting,2
russian,2
exact,2
statements,2
sets,2
grid,2
influential,2
en,2
conflation,2
vampire,2
mean,2
represented,2
phrases,2
sierck,2
contributions,2
deeper,2
awareness,2
allegorical,2
space,2
support,2
raymond,2
utterly,2
escape,2
sirk,2
unlike,2
genocide,2
psychoanalytic,2
tensions,2
eley,2
specialization,2
liberal,2
director,2
petro,2
pedagogical,2
stewart,2
reductive,2
isolation,2
semiotically,2
reevaluating,2
m,2
trained,2
decades,2
ian,2
paragraph,2
closely,2
lead,2
geoffrey,2
rule,2
found,2
traditionally,2
attack,2
treatments,2
radical,2
constantly,2
passionate,2
late,2
academic,2
materiality,2
neighboring,2
posited,2
michigan,2
reviews,2
stressing,2
mediated,2
treat,2
appearing,2
otherwise,2
spectatorship,2
shape,2
existential,2
spheres,2
jonah,2
y,2
data,2
markovits,2
douglas,2
start,2
prominent,2
homeland,2
thoughts,2
siegfried,2
tale,2
demonstrates,2
constitute,2
structures,2
mise,2
personal,2
visions,2
grazia,2
troubled,2
politically,2
order,2
contrast,2
sake,2
around,2
family,2
riefenstahl,2
unpolitical,2
dissolves,2
fraught,2
june,2
munich,2
andrei,2
illusions,2
boundaries,2
tended,2
leni,2
patience,2
peculiar,2
structured,2
beauty,2
value,2
provided,2
wolfgang,2
moved,2
jeffrey,2
entailed,2
communist,2
reduced,2
implications,2
identified,2
economic,2
limited,2
acknowledged,2
female,2
object,2
still,2
make,2
sponsored,2
distinction,2
simultaneously,2
spate,2
ask,2
innovation,2
authoritarian,2
once,2
peukert,2
stephanie,2
pp,2
serve,2
nationalsozialismus,2
symptomatic,2
symptom,2
shifting,2
acknowledging,2
rape,2
principal,2
mich,2
williams,2
angela,2
critiques,2
paul,2
ambler,2
technique,2
knowing,2
experienced,2
emotions,2
conformity,2
lack,2
main,2
larger,2
vernon,2
venture,2
superstructure,2
minister,2
reasons,2
available,2
execution,2
answer,2
practice,2
deep,2
mediation,2
genealogies,2
style,2
dokumentation,2
charted,2
interpreting,2
discourses,2
examples,2
genres,2
bear,2
situating,2
active,2
depended,2
louis,2
host,2
unfortunately,2
operated,2
prodigal,2
semiotic,2
office,2
complicated,2
epic,2
described,2
open,2
explorations,2
historic,2
stress,2
points,2
methodological,2
characterized,2
reinbek,2
germanic,2
played,2
stresses,2
running,2
martin,2
melodramas,2
imagination,2
class,2
witness,2
conclusions,2
chapel,2
sensuality,2
individuation,2
reads,2
become,2
insularity,2
detlev,2
zarah,2
mainly,2
occupied,2
relative,2
professional,2
indoctrination,2
speculate,2
saturation,2
liberalism,2
critics,2
jargon,2
moves,2
stars,2
provide,2
assert,2
sometimes,2
practitioners,2
hill,2
rpt,2
recognizes,2
institutions,2
lawrence,2
understand,2
sequences,2
recognize,2
whereby,2
why,2
psychotechnology,2
geoff,2
respect,2
get,2
interpretive,2
susan,2
meant,2
stephen,2
reciprocal,2
curious,2
kolberg,2
material,2
believed,2
redemptive,2
version,2
demonstrate,2
known,2
recognizable,2
histoty,2
mirrors,2
reiches,2
worth,2
interested,2
contextual,2
obviously,2
privileged,2
number,2
consciousness,2
assessment,2
concrete,2
explanations,2
transmitted,2
form,2
ones,2
charged,2
greedy,2
childers,2
divide,2
balance,2
threat,2
destine,2
intention,2
necessity,2
son,2
careful,2
introduced,2
alternatives,2
easy,2
infamous,2
rendering,2
assumptions,2
conventional,2
screen,2
programs,2
transhistorical,2
arguments,2
aspect,2
ein,2
eric,2
deft,2
ultimately,2
difference,2
involves,2
mode,2
wish,2
dense,2
define,2
autumn,2
chalmers,2
increased,2
ruth,2
commonsense,2
mason,2
chicago,2
debate,2
partial,2
texts,2
views,2
persuaded,2
little,2
conventions,2
anton,2
broader,2
built,2
representational,2
race,2
retrospect,2
constitution,2
filmschriften,1
historiophoty,1
sierk,1
reactive,1
colonises,1
situated,1
wavering,1
deak,1
equation,1
silberman,1
explosion,1
respected,1
currently,1
releases,1
epiphenomena,1
ferinan,1
processed,1
kimber,1
neutral,1
connelly,1
narrowest,1
derstar,1
horror,1
ambivalence,1
avoiding,1
concerned,1
productions,1
commentary,1
effected,1
entities,1
mis,1
revaluations,1
monsters,1
revue,1
vienna,1
hebrew,1
historicize,1
defining,1
market,1
extreme,1
liidtke,1
discredited,1
worthy,1
announced,1
decipher,1
mundane,1
oblique,1
incomprehensible,1
group,1
raping,1
large,1
enlightening,1
obsolete,1
engineered,1
summarizing,1
hate,1
veit,1
alte,1
agency,1
fate,1
effective,1
stereotypical,1
prime,1
lebensweisen,1
stays,1
formed,1
schoeps,1
niel,1
authority,1
openness,1
confines,1
motto,1
eclectic,1
evocative,1
contextualization,1
murder,1
clumsy,1
regulators,1
done,1
johns,1
inconsistent,1
hoover,1
paradigms,1
sublime,1
discriminate,1
conscious,1
univocal,1
monolithic,1
perfect,1
station,1
masks,1
resistances,1
devices,1
western,1
character,1
stifles,1
originality,1
moving,1
ideologie,1
track,1
monograph,1
revision,1
attuned,1
babelsberg,1
symptoms,1
morality,1
saturn,1
interestingly,1
turning,1
hoping,1
contained,1
lower,1
being,1
fabric,1
romance,1
inhibited,1
moderated,1
lacanian,1
sublimated,1
sources,1
electoral,1
wrong,1
collusion,1
unterhaltungsfilm,1
fast,1
jackson,1
patrice,1
paracelsus,1
utopia,1
despoiling,1
erfahrungen,1
fahne,1
coexist,1
ii,1
reticence,1
coutes,1
entangled,1
implicitly,1
address,1
musical,1
rita,1
sneakiness,1
worked,1
emerged,1
hoffmann,1
fleshed,1
stretch,1
discerned,1
interpellates,1
youngest,1
departure,1
nefarious,1
editions,1
intricately,1
reevaluation,1
dramatically,1
hitlerjunge,1
comparatively,1
reach,1
shaped,1
genocidal,1
attractive,1
europe,1
cinemas,1
continue,1
secondary,1
assess,1
parameters,1
suggesting,1
inquity,1
fulllength,1
simple,1
bavaria,1
ben,1
thank,1
cloak,1
portrayal,1
grounding,1
analyses,1
blind,1
producing,1
assembled,1
subdiscipline,1
complicity,1
displays,1
epitomized,1
kammerspiel,1
atlantic,1
monologue,1
transporting,1
hundred,1
reveal,1
mississippi,1
hannah,1
created,1
room,1
providence,1
sees,1
real,1
psychoanalysis,1
escutcheon,1
help,1
heini,1
introduces,1
integrate,1
roosevelt,1
mind,1
date,1
elision,1
singular,1
containment,1
reserved,1
staff,1
advantages,1
mail,1
studio,1
moltke,1
signs,1
wagner,1
nina,1
racial,1
intersection,1
allegories,1
seminar,1
depends,1
akin,1
sonderweg,1
fiihrerstaat,1
forum,1
quicksilver,1
corresponded,1
hell,1
modernist,1
rechannel,1
verlag,1
riemer,1
attacked,1
courtesy,1
albeit,1
struggled,1
av,1
money,1
conspicuous,1
volk,1
matthew,1
politicized,1
incorporate,1
discuss,1
ventures,1
right,1
breach,1
receptivity,1
deal,1
ethereal,1
suicide,1
red,1
opened,1
discrepancies,1
marc,1
possible,1
determined,1
compelling,1
delivers,1
ethical,1
georgetown,1
activity,1
illustrate,1
melodrama,1
international,1
lies,1
flatten,1
appendices,1
reaction,1
flamboyant,1
structurally,1
alone,1
triads,1
brent,1
combination,1
smooth,1
bathed,1
doubles,1
complimentary,1
ignores,1
timothy,1
coordinating,1
siegmund,1
resources,1
conception,1
undo,1
circumscribe,1
persecuted,1
interior,1
blockbuster,1
increase,1
substructure,1
formula,1
identifies,1
letter,1
muinchhausen,1
moviegoer,1
beo,1
reevaluates,1
conclusively,1
range,1
reassessments,1
republication,1
hegel,1
presently,1
controlled,1
factional,1
hygiene,1
attentiveness,1
ends,1
divorced,1
exercises,1
chapters,1
includes,1
throughout,1
hoare,1
fit,1
experiences,1
purportedly,1
relationships,1
dying,1
aus,1
melodramatic,1
excursus,1
facts,1
roger,1
utopian,1
development,1
attest,1
violence,1
professor,1
illustrates,1
initial,1
due,1
predetermined,1
intensifying,1
creators,1
unsubtle,1
magic,1
stakes,1
prague,1
integral,1
hermand,1
maina,1
predators,1
forgotten,1
criminality,1
anthr,1
regarded,1
janet,1
ear,1
brother,1
allure,1
semmler,1
competitor,1
veneer,1
heightened,1
signifiers,1
cissopnheimati,1
emerges,1
victims,1
seemingly,1
rooted,1
barrier,1
century,1
tripartite,1
overly,1
expected,1
vengeance,1
nested,1
interprets,1
taste,1
speer,1
viewing,1
refuses,1
hoot,1
weyr,1
distinct,1
sjs,1
spielfilmen,1
illuminates,1
manifestly,1
reification,1
footnotes,1
person,1
isomorphism,1
unspeakable,1
vom,1
praises,1
refer,1
homage,1
quaresima,1
rethink,1
oxt,1
generated,1
inclusion,1
young,1
served,1
phd,1
explications,1
despair,1
enlightened,1
demonization,1
skew,1
rhodesia,1
perfunctory,1
enhance,1
sanguine,1
landmark,1
mirrored,1
exceptions,1
spectre,1
student,1
closure,1
uncomfortable,1
boom,1
jarvie,1
educators,1
guard,1
underemphasized,1
destabilize,1
delivered,1
marx,1
karlsruhe,1
acted,1
master,1
heers,1
elective,1
summer,1
error,1
quaint,1
readable,1
rereading,1
lesser,1
affiliations,1
mechanisms,1
deemphasized,1
barron,1
distanciation,1
via,1
competition,1
reframing,1
erotic,1
betrays,1
avoids,1
manipulated,1
stills,1
enjoyment,1
genuinely,1
sklar,1
collaborator,1
dwells,1
act,1
programmatic,1
flagship,1
camp,1
bring,1
saccharine,1
factual,1
gleber,1
generations,1
compatible,1
watch,1
ironic,1
amerikanismus,1
infestation,1
posits,1
ilstaeter,1
encyclopedic,1
borrowing,1
prudery,1
observer,1
capture,1
elsaesser,1
remote,1
broaden,1
johannes,1
neatly,1
stuttgart,1
conceptions,1
environments,1
killing,1
devastating,1
goes,1
accurate,1
arm,1
gertrud,1
fever,1
neighborhood,1
anyone,1
associate,1
teacher,1
exoticized,1
variant,1
direct,1
strange,1
slippery,1
filmpolitik,1
pages,1
nos,1
adept,1
realitat,1
danger,1
white,1
impressed,1
feel,1
arbor,1
dracula,1
mediate,1
front,1
perpetrators,1
firmer,1
addressing,1
brewster,1
replete,1
theodor,1
exceptional,1
reason,1
awake,1
revolutionaty,1
musicals,1
albert,1
romantic,1
circulated,1
monumental,1
wanted,1
praise,1
speculative,1
metropolis,1
obsessive,1
counterparts,1
filmmakers,1
objects,1
moderation,1
established,1
vcr,1
geschichte,1
conservative,1
ravaging,1
dated,1
projector,1
elsewhere,1
edition,1
ideologies,1
numbers,1
impact,1
traces,1
articulated,1
boyer,1
sheer,1
excitement,1
geyer,1
xi,1
acknowledges,1
uncomfortably,1
powerful,1
walkowitz,1
opportunity,1
oehss,1
storfall,1
tourism,1
shed,1
followed,1
defines,1
notions,1
knotty,1
distracting,1
filtered,1
putting,1
eradication,1
tikkun,1
rendered,1
writes,1
founding,1
conceptualizations,1
lust,1
equivalence,1
detroit,1
opinion,1
preference,1
providing,1
drawing,1
cut,1
totowa,1
stands,1
myths,1
editing,1
fluid,1
wails,1
iconography,1
ithaca,1
filme,1
whereas,1
opening,1
advance,1
formidable,1
klaus,1
based,1
acceptable,1
misses,1
concentration,1
exhibition,1
nancy,1
iifu,1
chickering,1
transmission,1
romances,1
murky,1
formulations,1
home,1
erlf,1
resonate,1
entered,1
plot,1
search,1
color,1
compliments,1
typical,1
quieter,1
pulse,1
martyr,1
effort,1
resembles,1
lived,1
agrees,1
economics,1
stereotype,1
demands,1
valley,1
intellectuals,1
rudolf,1
pass,1
dispute,1
mythical,1
noting,1
identifiably,1
devivification,1
mindset,1
illness,1
governing,1
reactionary,1
outspokenly,1
spinning,1
base,1
compromised,1
big,1
companion,1
cinematically,1
ann,1
equally,1
understood,1
fusion,1
durham,1
dsolhecves,1
luster,1
career,1
keywords,1
unique,1
province,1
appears,1
kunst,1
absorption,1
moderne,1
cohabitation,1
reinforce,1
promise,1
sovereignty,1
figuration,1
montoya,1
alf,1
troops,1
safe,1
dedialecticizes,1
katharina,1
your,1
absolute,1
explain,1
volker,1
demagogue,1
networks,1
method,1
triumph,1
schema,1
creates,1
hopkins,1
near,1
influenced,1
memory,1
chaotic,1
directly,1
none,1
traditionalist,1
modernities,1
julia,1
degrees,1
recoiling,1
missed,1
degenerate,1
deliverance,1
trial,1
detcekie,1
narratives,1
circumstantial,1
tool,1
blue,1
contextualized,1
rehearsed,1
locus,1
reader,1
future,1
coping,1
significantly,1
psychological,1
stake,1
training,1
civil,1
reserve,1
knowledge,1
seminal,1
edn,1
arms,1
nation,1
comment,1
ewigkeit,1
description,1
arcades,1
israelis,1
ironized,1
year,1
citation,1
consistently,1
couched,1
positing,1
harlan,1
obscured,1
trenker,1
people,1
moments,1
runs,1
endlager,1
blutschande,1
revisioning,1
device,1
et,1
music,1
documented,1
translated,1
forces,1
withstanding,1
reflect,1
surrounding,1
thrillers,1
employed,1
ritualzizek,1
illegible,1
realms,1
michelle,1
petropoulos,1
showing,1
resort,1
victimized,1
stanford,1
approbation,1
alan,1
president,1
definitions,1
trends,1
presentations,1
graduate,1
foucault,1
reconcile,1
towards,1
manifestation,1
dissolving,1
toplin,1
absorb,1
researchers,1
thread,1
messier,1
riesman,1
wiirttemburg,1
causal,1
someone,1
change,1
published,1
siecle,1
psychologically,1
legacy,1
eine,1
los,1
commerce,1
normally,1
viable,1
declining,1
hard,1
steinweis,1
insoluble,1
hardly,1
revolution,1
decentered,1
straight,1
subjective,1
holes,1
coupled,1
relating,1
next,1
framed,1
nicknamed,1
television,1
theater,1
modish,1
imposition,1
enrich,1
attentive,1
dangerous,1
phrase,1
traum,1
quite,1
midst,1
stalinist,1
behooves,1
heart,1
emerging,1
event,1
involved,1
normality,1
troubles,1
fan,1
contingency,1
charismatic,1
mitchell,1
spanish,1
influence,1
consensus,1
gramsci,1
altered,1
highly,1
choose,1
components,1
hebertshausen,1
depression,1
receptions,1
euthanasia,1
reread,1
brought,1
supposedly,1
ofsil,1
reconceptualize,1
rmvp,1
essentially,1
heitere,1
bavarian,1
dearth,1
impossible,1
yielded,1
philip,1
broadwin,1
core,1
symposia,1
fully,1
managed,1
mordern,1
tracks,1
weiss,1
rendition,1
jordan,1
majority,1
os,1
education,1
dependent,1
ahk,1
hayden,1
foreclos,1
roots,1
stiftung,1
disciplinarity,1
flamboyance,1
grateful,1
hitlers,1
displaced,1
jost,1
regressive,1
disturbing,1
suggest,1
sophistication,1
enjoy,1
hake,1
activities,1
corporatist,1
artistry,1
capturing,1
seemed,1
avoid,1
smitten,1
utopien,1
nations,1
leonardo,1
replacing,1
south,1
secret,1
increasing,1
tenet,1
kant,1
press,1
exaggerated,1
lenin,1
usable,1
horizons,1
noteworthy,1
inflected,1
transform,1
republic,1
opposites,1
give,1
positions,1
matter,1
variety,1
absence,1
architecture,1
functioning,1
noble,1
bringing,1
gabriel,1
letters,1
primitive,1
hails,1
cleft,1
seamlessly,1
imagery,1
bourgeois,1
synthesis,1
service,1
demonumentalization,1
comparative,1
irony,1
swede,1
successes,1
unconscious,1
brief,1
relentlessly,1
merits,1
nearly,1
famous,1
exception,1
textually,1
escapism,1
community,1
reaffirm,1
confesses,1
tag,1
completely,1
intervention,1
mainstream,1
prose,1
flag,1
standing,1
studien,1
skews,1
interrelations,1
unprecedented,1
greed,1
movement,1
modes,1
southern,1
volkische,1
hold,1
religious,1
direction,1
whole,1
selection,1
positive,1
structural,1
spectacular,1
sponsorship,1
misquoted,1
juxtaposition,1
contributing,1
chronicle,1
racism,1
relied,1
elaboration,1
q,1
fringe,1
arendt,1
examined,1
rubric,1
repressive,1
suited,1
read,1
uns,1
intruder,1
marginal,1
happened,1
alongside,1
exactly,1
mission,1
detectable,1
deflect,1
unidirectional,1
continuity,1
technology,1
paradoxes,1
steakley,1
exposes,1
times,1
disastrous,1
boundary,1
index,1
tax,1
participants,1
tackle,1
deveson,1
analytical,1
property,1
fuzzier,1
infrastructure,1
complete,1
abandon,1
choices,1
sharply,1
essentialist,1
dialectical,1
whl,1
fteiutire,1
tentative,1
clips,1
broad,1
deliver,1
si,1
consumerism,1
ornamental,1
industrial,1
otherness,1
department,1
moviegoers,1
insinuating,1
rise,1
frameworks,1
extras,1
filmmaker,1
shows,1
displaces,1
harker,1
independent,1
exceptionalist,1
tropes,1
persuasive,1
vermin,1
ensuing,1
diary,1
fruitful,1
organizations,1
name,1
ofro,1
correspondences,1
comfortable,1
seduced,1
law,1
elie,1
attacks,1
stated,1
popularity,1
kettenacker,1
mentions,1
purely,1
fin,1
locating,1
pointed,1
conceived,1
similarly,1
put,1
engaged,1
tremendous,1
projects,1
frm,1
segregating,1
schultesasse,1
deutsche,1
release,1
extols,1
unifying,1
expose,1
longer,1
interwoven,1
diminishing,1
idea,1
marker,1
luis,1
limit,1
coincidence,1
fundamental,1
deficient,1
chord,1
pehie,1
ghetto,1
lives,1
striking,1
ilutetr,1
metuchen,1
oe,1
importation,1
extrapolates,1
channeling,1
materialization,1
diagnoses,1
afraid,1
enact,1
fiihrt,1
attempting,1
teachers,1
uncharacteristically,1
together,1
break,1
classical,1
richer,1
diverse,1
screentime,1
antonio,1
surfaces,1
demonstrating,1
gray,1
fallen,1
forging,1
beloved,1
end,1
everything,1
substantially,1
camera,1
entartete,1
condensed,1
considerable,1
fashion,1
pattern,1
man,1
mander,1
subplot,1
prerevolutionary,1
serious,1
terry,1
puzzling,1
men,1
considered,1
racist,1
consciously,1
retooled,1
paris,1
reconstructing,1
psychic,1
assist,1
begin,1
increases,1
posit,1
actor,1
dsined,1
fable,1
touted,1
purposes,1
existing,1
fantasies,1
armed,1
orthodoxy,1
extremity,1
relevant,1
projections,1
jud,1
oversimplifies,1
tell,1
strategies,1
models,1
coincident,1
imaginary,1
explicit,1
norms,1
incursions,1
subfield,1
envied,1
native,1
jeremiah,1
literatures,1
reflected,1
hyperpoliticized,1
remarkably,1
toller,1
decontextualized,1
obsession,1
insensitive,1
barrett,1
reminds,1
scant,1
raped,1
thousands,1
original,1
credit,1
analyzed,1
classes,1
apt,1
greatest,1
proves,1
investment,1
extended,1
encounter,1
expertise,1
coherent,1
registers,1
berghahn,1
invested,1
background,1
terrains,1
explanation,1
envisioning,1
deindividuating,1
values,1
helps,1
inscription,1
sides,1
servant,1
trajectory,1
conceivable,1
dissolve,1
previously,1
vision,1
onslaught,1
elite,1
complexities,1
top,1
oppositional,1
murnau,1
varying,1
significant,1
hidden,1
awry,1
reconstructs,1
largely,1
mythos,1
refers,1
factor,1
assume,1
causes,1
resonances,1
maria,1
engaging,1
vocabulary,1
ideologues,1
overcoming,1
resulting,1
bitter,1
evolution,1
deutschen,1
idealization,1
styles,1
reviled,1
icy,1
services,1
franklin,1
archive,1
hirschfeld,1
full,1
markers,1
segregated,1
junior,1
coinages,1
intimacy,1
optimistic,1
unverifiable,1
bedroom,1
matador,1
courtier,1
anthology,1
vigilant,1
quotation,1
attended,1
truths,1
switched,1
transformation,1
directed,1
adding,1
authors,1
othr,1
sensitivity,1
fetishization,1
agreement,1
damage,1
peter,1
faces,1
aberrant,1
objection,1
myopic,1
entertained,1
workers,1
held,1
christopher,1
allowed,1
ri,1
derived,1
reviewers,1
neugroschel,1
collaboration,1
tim,1
interventionist,1
gates,1
sabine,1
parallels,1
goodness,1
collected,1
tubingen,1
indoctrinating,1
static,1
mountain,1
meld,1
kept,1
immorality,1
carson,1
eagleton,1
standard,1
provides,1
fgreinforcemeniotseof,1
never,1
inscribed,1
oppenheimer,1
promotion,1
wasn,1
exoticism,1
interfere,1
discarded,1
sentiment,1
kreimeier,1
somehow,1
internal,1
literacy,1
satisfy,1
leaves,1
parallel,1
textbooks,1
arise,1
northern,1
craft,1
sight,1
malleability,1
enabled,1
overcome,1
half,1
michele,1
deliberate,1
effect,1
describing,1
enjoyed,1
january,1
percent,1
consumption,1
analyze,1
differ,1
adventure,1
italy,1
looked,1
copyright,1
trendy,1
forefront,1
haven,1
intersubjective,1
destruction,1
erben,1
attend,1
positioning,1
adorno,1
agenda,1
subtitled,1
financiers,1
regimes,1
baggage,1
stereotypes,1
complicates,1
hunt,1
covered,1
historicized,1
separate,1
unfolded,1
contributes,1
compendium,1
unexpected,1
genesis,1
factors,1
enough,1
worldview,1
doohase,1
unstable,1
stage,1
innovative,1
entail,1
rapport,1
me,1
dual,1
lovers,1
today,1
perspectives,1
humanities,1
herf,1
mechanical,1
school,1
fairly,1
continued,1
quo,1
science,1
lachende,1
rolle,1
verla,1
copyrighte,1
husband,1
plays,1
claimed,1
ankum,1
indispensable,1
ironically,1
anke,1
inside,1
topics,1
primarily,1
means,1
dimensions,1
lost,1
treacherous,1
balfour,1
inexplicable,1
uncompleted,1
rethinking,1
ordering,1
multivalent,1
embodying,1
render,1
effectively,1
joachim,1
gestalt,1
importantly,1
eisenstein,1
thornier,1
wilson,1
remaining,1
contents,1
incompatible,1
category,1
length,1
spanning,1
volumes,1
llg,1
institutionally,1
responsible,1
kershaw,1
blood,1
hope,1
surprising,1
istvan,1
proportionally,1
wiesel,1
transcending,1
appendixes,1
centuries,1
months,1
pronoun,1
sympathy,1
grounded,1
face,1
angeles,1
mirror,1
arts,1
subtitles,1
doohasbtohd,1
accommodating,1
immensely,1
stable,1
ripped,1
montage,1
captivating,1
kafka,1
fimshrft,1
addressed,1
detail,1
lusting,1
tyrant,1
encompasses,1
neglected,1
wars,1
victoria,1
rarely,1
then,1
fifteen,1
struktur,1
pithy,1
elaborate,1
series,1
sssi,1
arrest,1
mentioned,1
colonization,1
comparison,1
functionalists,1
minneapolis,1
specificity,1
conceptualization,1
facticity,1
succumbs,1
constituted,1
reinforced,1
needless,1
soil,1
symbolic,1
alfred,1
scrutiny,1
conformist,1
shunned,1
wasserstrom,1
shapes,1
discrete,1
charles,1
spots,1
driving,1
carl,1
sorts,1
inescapable,1
symbol,1
dovetail,1
neuen,1
sweden,1
sustained,1
evelyn,1
napoleonic,1
belief,1
cover,1
milieu,1
feelings,1
interplayed,1
longs,1
spectacles,1
overestimate,1
hyperbolic,1
blockbusters,1
principle,1
sure,1
finance,1
languages,1
ignoring,1
spontaneous,1
suggestions,1
herlihy,1
pronouncement,1
embodiments,1
key,1
ohm,1
ubiquitous,1
formulation,1
straightforward,1
hausen,1
print,1
compounded,1
bifurcated,1
expense,1
clarify,1
emergence,1
semiotics,1
scenario,1
domestic,1
gap,1
muted,1
demoic,1
eventually,1
rivalry,1
frees,1
metaphorical,1
clearly,1
authorizes,1
cautious,1
kinds,1
embodiment,1
enforcing,1
hilmar,1
separating,1
cyberconsciousness,1
generalized,1
purview,1
sum,1
resentments,1
living,1
masters,1
dehumanized,1
absolutely,1
ideally,1
destroyed,1
evident,1
censoring,1
dismissing,1
lens,1
suite,1
scholarly,1
villainized,1
answered,1
communicate,1
investigation,1
depicts,1
implicit,1
nationalist,1
list,1
accounts,1
rebellion,1
foremost,1
want,1
independently,1
valuably,1
covers,1
austrian,1
forcefully,1
map,1
defiling,1
mere,1
radicalization,1
ruin,1
medicalization,1
tightly,1
simulacrum,1
appropriated,1
heroicized,1
chapter,1
foundations,1
adventurous,1
precursor,1
gestures,1
notebooks,1
oppositions,1
pitted,1
produce,1
peters,1
orientations,1
information,1
intentionalist,1
psychology,1
phenomena,1
placement,1
categories,1
qua,1
spaces,1
seductive,1
bodies,1
mina,1
demonic,1
entrance,1
kinemathek,1
steger,1
met,1
excesses,1
outsmarted,1
referentiality,1
synagogue,1
adolf,1
prospect,1
brechtian,1
sequencing,1
filmkomodie,1
november,1
convinced,1
intended,1
step,1
histoiy,1
rigid,1
struck,1
filmmaking,1
zizekian,1
target,1
distorts,1
duchy,1
grossberg,1
presupposes,1
equipped,1
pathos,1
using,1
allows,1
manfred,1
au,1
goals,1
faculty,1
subtlety,1
varied,1
internalized,1
nationalsozialistische,1
precision,1
relates,1
prepared,1
pieties,1
stft,1
unsettles,1
heralded,1
understandings,1
laments,1
until,1
confuse,1
breaks,1
anthem,1
commercial,1
instructive,1
valences,1
ignored,1
marry,1
justifiably,1
obversely,1
julius,1
conn,1
disposal,1
pageantry,1
kruger,1
reliable,1
paradigm,1
internally,1
precise,1
recovering,1
accept,1
aware,1
battalion,1
crisis,1
contributed,1
joined,1
gotten,1
mobilizing,1
include,1
although,1
jewry,1
crimes,1
gerd,1
socially,1
inform,1
fgr,1
specialists,1
unified,1
enslavement,1
product,1
dogma,1
functionalist,1
thoughtful,1
defined,1
off,1
philosophy,1
fiae,1
area,1
embodies,1
extremely,1
comedies,1
speak,1
passive,1
roughly,1
reformation,1
heroine,1
summary,1
anonymous,1
restored,1
dissent,1
supported,1
territories,1
walter,1
externality,1
admitting,1
surrender,1
spectator,1
assumed,1
attending,1
rekonstruktion,1
deployment,1
russia,1
archival,1
consisted,1
perversion,1
historischer,1
th,1
barometers,1
array,1
x,1
substantial,1
exclusively,1
navigates,1
aestheticization,1
dehistoricize,1
mix,1
entire,1
abandoned,1
gulf,1
re,1
impress,1
immediately,1
signification,1
seek,1
prison,1
blatant,1
whistle,1
cross,1
invitation,1
virtue,1
parodically,1
jw,1
marxism,1
fur,1
chambers,1
lungstrum,1
major,1
alltagsgeschichte,1
