WORDCOUNTS,WEIGHT
the,275
of,200
and,174
in,102
los,84
angeles,83
a,67
to,51
city,49
for,43
that,33
as,32
s,32
urban,30
is,27
american,25
new,22
this,21
has,17
at,16
with,16
on,16
york,15
j,15
from,14
are,14
california,14
by,13
metropolis,12
history,12
see,12
social,12
l,11
community,11
southern,11
other,11
soja,11
such,11
have,11
civic,11
postmodern,10
cities,10
scott,10
its,10
review,10
he,9
how,9
their,9
one,9
studies,9
university,9
or,9
these,9
also,9
december,9
michael,9
dear,9
life,8
essays,8
volume,8
economic,8
many,8
what,8
calif,8
which,8
an,8
y,8
center,7
w,7
davis,7
more,7
ethnic,7
historical,7
who,6
challenges,6
john,6
religion,6
theory,6
eds,6
local,6
planning,6
example,6
development,6
e,5
complex,5
religious,5
study,5
heteropolis,5
policy,5
ed,5
berkeley,5
efforts,5
capital,5
centers,5
serious,5
works,5
further,5
robert,5
political,5
america,5
discussion,5
work,5
richard,5
longstreth,5
putnam,5
years,5
urbanism,5
david,5
would,5
schools,5
engh,5
mike,5
times,5
chicago,5
be,5
major,5
transportation,4
pegler,4
provide,4
his,4
if,4
coleman,4
institutions,4
allen,4
they,4
importance,4
about,4
modern,4
home,4
architecture,4
long,4
projects,4
scholars,4
so,4
there,4
cultural,4
however,4
homelessness,4
public,4
mass,4
politics,4
cambridge,4
future,4
county,4
nation,4
found,4
issues,4
london,4
regional,4
warner,4
author,4
project,4
d,4
contributors,4
martin,4
research,4
topics,4
we,4
will,3
it,3
decentralized,3
business,3
absence,3
edward,3
analysis,3
boyle,3
once,3
consequences,3
communities,3
museum,3
contribute,3
understand,3
under,3
familiar,3
n,3
baltimore,3
institutes,3
most,3
either,3
picture,3
creation,3
faced,3
leaders,3
developed,3
particularly,3
government,3
any,3
end,3
number,3
histo,3
americans,3
past,3
interpretations,3
angels,3
big,3
forms,3
william,3
thousands,3
economy,3
unique,3
necessary,3
motion,3
design,3
greg,3
private,3
understanding,3
vast,3
art,3
edn,3
african,3
restructuring,3
significant,3
religiously,3
place,3
diversity,3
than,3
t,3
renewal,3
state,3
industry,3
churches,3
among,3
attention,3
widely,3
bowling,3
industries,2
genesis,2
democracy,2
loyola,2
f,2
huntington,2
r,2
reviewer,2
common,2
way,2
george,2
growth,2
been,2
across,2
incoherent,2
landscape,2
affected,2
coraghessan,2
citizens,2
initiatives,2
worthy,2
alone,2
collections,2
above,2
presently,2
deverell,2
curtain,2
b,2
heal,2
philadelphia,2
sitton,2
marymount,2
ward,2
library,2
violence,2
all,2
coalition,2
examine,2
institution,2
wolch,2
plus,2
atlas,2
clark,2
established,2
school,2
environment,2
why,2
clearly,2
latin,2
culture,2
following,2
stephen,2
chapter,2
demographics,2
princeton,2
al,2
but,2
without,2
industrial,2
bridges,2
noted,2
continues,2
vibrancy,2
tourism,2
published,2
sam,2
three,2
flusty,2
tortilla,2
offers,2
here,2
bass,2
power,2
m,2
metropolitan,2
again,2
make,2
death,2
greater,2
different,2
based,2
olivier,2
mcwilliams,2
global,2
historians,2
best,2
et,2
comp,2
differences,2
workers,2
rich,2
foundation,2
time,2
energetic,2
can,2
studied,2
getty,2
informal,2
jencks,2
jennifer,2
observes,2
coalitions,2
singular,2
readers,2
raised,2
employment,2
though,2
pitt,2
scholarly,2
notable,2
context,2
seminar,2
jobs,2
population,2
making,2
notes,2
carey,2
usc,2
forthcoming,2
sociologist,2
weinstein,2
create,2
books,2
wide,2
institute,2
because,2
well,2
argues,2
another,2
wonders,2
intentionality,2
some,2
church,2
examples,2
latino,2
values,2
professor,2
reader,2
west,2
region,2
point,2
synagogue,2
cooperation,2
november,2
two,2
subject,2
comprehend,2
expression,2
corrupt,2
virtually,2
robinson,2
people,2
haynes,2
questions,2
hise,2
discipleship,2
varied,2
chapters,2
our,2
singularity,2
throughout,2
come,2
were,2
residents,2
harvey,2
lynell,2
consideration,2
both,2
margaret,2
analyzing,2
twentieth,2
numerous,2
g,2
sustain,2
wish,2
include,2
santa,2
book,2
no,2
need,2
sprawl,2
tom,2
suggest,2
century,2
television,2
order,2
emerging,2
better,2
several,2
characteristics,2
organizations,2
between,2
often,2
c,2
publications,2
find,2
james,2
westbrook,2
up,2
working,2
white,2
stair,2
much,2
world,2
networks,2
northridge,2
recent,2
evidence,2
broader,2
provided,2
immigration,2
massive,2
zunz,2
starr,2
society,2
kurt,1
model,1
sonenshein,1
critics,1
periods,1
ridge,1
difficult,1
void,1
cohesiveness,1
portion,1
does,1
biography,1
undertakings,1
steps,1
archives,1
dale,1
speculate,1
generation,1
kitchens,1
barbara,1
gerald,1
san,1
helped,1
relationship,1
wilmington,1
second,1
dolores,1
afflicts,1
wishes,1
urged,1
investigating,1
may,1
general,1
commentator,1
madison,1
reflects,1
flex,1
gena,1
played,1
perspectives,1
note,1
humanities,1
cottage,1
edge,1
forty,1
declining,1
solid,1
taken,1
declared,1
letters,1
demands,1
anthony,1
figure,1
bring,1
addressing,1
relocate,1
five,1
complexities,1
groups,1
absent,1
leong,1
orr,1
wrote,1
directo,1
revival,1
depth,1
ministry,1
mall,1
interpretation,1
workplaces,1
mammoth,1
fear,1
hill,1
cutbacks,1
organizing,1
rainbow,1
represent,1
archetype,1
unresolved,1
influential,1
active,1
corporation,1
extreme,1
others,1
voluntarism,1
librarian,1
inclusive,1
brief,1
exists,1
leaves,1
paradigms,1
primarily,1
acufia,1
racial,1
promise,1
disagreements,1
becomes,1
investigators,1
magnetic,1
autry,1
variety,1
poses,1
universities,1
albums,1
cole,1
fragmented,1
neologisms,1
introduction,1
becky,1
voluntary,1
neighborhood,1
spatial,1
dismissals,1
associate,1
visual,1
production,1
proposition,1
yet,1
landscaping,1
findings,1
clogged,1
village,1
earthquakes,1
certain,1
police,1
executive,1
enlightening,1
settings,1
led,1
unfamiliar,1
letter,1
volumes,1
va,1
weisenthal,1
latinos,1
howard,1
regionalism,1
disabled,1
fate,1
arts,1
remain,1
jesuits,1
globalism,1
evolution,1
food,1
wach,1
fall,1
venue,1
united,1
delja,1
together,1
pessimistic,1
dismiss,1
attracted,1
namely,1
space,1
outreach,1
happened,1
distinguishing,1
education,1
charlottesville,1
edited,1
gathering,1
griffith,1
federal,1
h,1
mexican,1
auspices,1
raymond,1
unstudied,1
fair,1
exceptional,1
references,1
tissue,1
face,1
bozorgmehr,1
mary,1
quartz,1
soup,1
devotion,1
problematic,1
developments,1
eugene,1
peremptory,1
builds,1
park,1
susan,1
imitated,1
rigorous,1
vastly,1
sex,1
east,1
dawn,1
mudslides,1
frontiers,1
god,1
exhibitions,1
overlook,1
beyond,1
brzoska,1
us,1
histoty,1
immigrant,1
western,1
river,1
rise,1
refined,1
demographic,1
benefits,1
into,1
descent,1
conternpora,1
occurred,1
nehemiah,1
small,1
property,1
whitsett,1
centuty,1
clothing,1
asia,1
assistance,1
tumultuous,1
quoted,1
historian,1
rudd,1
accomplishments,1
spirit,1
shifting,1
nineteenth,1
crystal,1
welfare,1
incompetent,1
fuel,1
conclusion,1
exemplified,1
alleged,1
source,1
joint,1
argued,1
annals,1
frequently,1
too,1
rocco,1
cores,1
largest,1
kevin,1
exodus,1
circumstances,1
provocative,1
prosperity,1
fires,1
espinal,1
pundits,1
earnestly,1
june,1
compile,1
countiy,1
uprising,1
architectural,1
democracies,1
anything,1
forgetting,1
inheritance,1
comes,1
sponsoring,1
orange,1
hart,1
areas,1
raffaela,1
problems,1
require,1
enclaves,1
not,1
isla,1
every,1
labor,1
improvisational,1
md,1
requires,1
augmenting,1
fire,1
fanmily,1
lewis,1
funding,1
preceding,1
intrigues,1
reconsideration,1
press,1
ways,1
aspect,1
paul,1
evelyn,1
horne,1
heritage,1
column,1
endeavors,1
challenge,1
carolyn,1
paradenominational,1
chaos,1
films,1
important,1
quickly,1
toward,1
decades,1
thrive,1
attempt,1
restaurants,1
over,1
appear,1
inception,1
frontier,1
origins,1
undocumenlted,1
fundamental,1
towns,1
control,1
emerged,1
rock,1
july,1
caliber,1
languages,1
nunis,1
ong,1
explanatory,1
opening,1
departure,1
cataclysm,1
scientist,1
collar,1
cultures,1
arrived,1
skills,1
drawn,1
theorists,1
my,1
steven,1
faiths,1
novel,1
company,1
suburbs,1
participants,1
allan,1
pasadena,1
bereavement,1
luis,1
turner,1
moltoch,1
available,1
international,1
modernity,1
excavating,1
corporate,1
automobile,1
asiani,1
could,1
histories,1
departments,1
inherent,1
mehdi,1
creative,1
documented,1
environs,1
approach,1
strength,1
ought,1
thank,1
current,1
p,1
unsettling,1
treatments,1
walta,1
sprawling,1
lacks,1
deal,1
substantive,1
leonardi,1
shifts,1
rebirth,1
rely,1
powell,1
far,1
dystopia,1
launched,1
written,1
raphael,1
impermanence,1
ciystal,1
cohere,1
build,1
associations,1
examining,1
commuting,1
i,1
pictures,1
workman,1
help,1
automobiles,1
struggles,1
u,1
proposed,1
simple,1
teamed,1
living,1
humorous,1
force,1
ramirez,1
men,1
patterns,1
mind,1
enough,1
soberly,1
respond,1
limited,1
monica,1
show,1
mr,1
those,1
rieff,1
complicated,1
offered,1
dora,1
alike,1
wage,1
reading,1
where,1
innovative,1
heaven,1
guiding,1
kobayashi,1
gottlieb,1
rolle,1
carefully,1
investigation,1
leonard,1
tolerates,1
interfaith,1
empire,1
worldwide,1
rethinking,1
rural,1
income,1
them,1
majority,1
citizenship,1
produced,1
multimedia,1
form,1
suburb,1
less,1
system,1
dispersal,1
accounts,1
older,1
council,1
bornstein,1
hunger,1
sociology,1
dysfunction,1
energy,1
russell,1
visible,1
placed,1
near,1
minneapolis,1
indicates,1
forcefully,1
modernist,1
tension,1
founded,1
daunting,1
explain,1
youth,1
required,1
conferences,1
conclusions,1
children,1
assertions,1
merry,1
blake,1
comparison,1
insightful,1
dianne,1
january,1
thle,1
while,1
hynda,1
foundations,1
kathy,1
yorker,1
randolph,1
influenced,1
draw,1
day,1
nanetti,1
contemporary,1
communitarian,1
distinguishes,1
drastic,1
reminds,1
outlandish,1
programs,1
rodolfo,1
arriola,1
information,1
vol,1
simon,1
opened,1
basis,1
emphasis,1
possible,1
incorporated,1
teaming,1
minimum,1
data,1
sufficient,1
conditions,1
miss,1
size,1
ovnick,1
incoherence,1
characterize,1
father,1
barrio,1
chang,1
waldinger,1
received,1
weird,1
bibliography,1
explanation,1
shorr,1
reid,1
move,1
disagree,1
presented,1
range,1
emergent,1
wisconsin,1
vital,1
forced,1
true,1
entire,1
mutuality,1
documentary,1
writings,1
unless,1
prominent,1
care,1
seen,1
story,1
say,1
nicolaides,1
affecting,1
part,1
unionize,1
hundreds,1
very,1
clean,1
balkanized,1
chicanos,1
watts,1
civil,1
plenty,1
casa,1
julia,1
hereby,1
calls,1
puleblo,1
spoken,1
andersen,1
manifestations,1
related,1
califomnia,1
fourteen,1
filler,1
mentally,1
dining,1
against,1
description,1
interest,1
quilt,1
schockman,1
yeast,1
empirical,1
denis,1
fiercely,1
texture,1
thriving,1
prototype,1
loss,1
multiethnicity,1
use,1
impulses,1
lillard,1
contentions,1
gumprecht,1
complement,1
island,1
database,1
paradigm,1
eberts,1
collection,1
during,1
jr,1
illustrate,1
manufacturing,1
evaluating,1
rand,1
harold,1
frustrated,1
broad,1
specialized,1
collective,1
mcmanamon,1
vocabulary,1
shades,1
harvard,1
exist,1
actually,1
oaks,1
gain,1
including,1
processes,1
conflict,1
angelenos,1
housing,1
virtual,1
maintains,1
esperanza,1
rewarding,1
andrew,1
furniture,1
includes,1
shapeless,1
eric,1
identities,1
proliferation,1
search,1
trust,1
collapse,1
privatism,1
committee,1
accord,1
sponsored,1
centennial,1
idealism,1
memzo,1
systematic,1
member,1
laments,1
tradition,1
spring,1
multiethnic,1
roger,1
dynamics,1
reveals,1
electronic,1
significance,1
erasure,1
own,1
muscle,1
clear,1
challenging,1
catholic,1
since,1
ucla,1
millennium,1
transformation,1
reality,1
academic,1
kozo,1
alarmist,1
authors,1
peril,1
september,1
breadth,1
bogue,1
national,1
cartographic,1
charge,1
group,1
dynamic,1
discovering,1
explaining,1
lectures,1
lunacy,1
rpt,1
staple,1
idiot,1
creating,1
contributed,1
insight,1
experts,1
doyce,1
salt,1
sense,1
upon,1
janitors,1
characterized,1
reviewers,1
mothers,1
helpful,1
ago,1
livable,1
passionate,1
period,1
supermarket,1
syndicated,1
effectively,1
willing,1
stymied,1
association,1
restructured,1
janet,1
individualism,1
features,1
states,1
thoughtful,1
del,1
candy,1
already,1
arena,1
z,1
mountain,1
pantries,1
fitzsimmons,1
contrast,1
off,1
guided,1
inequalities,1
ecology,1
earlier,1
progressive,1
turn,1
retailing,1
detention,1
talent,1
americani,1
counseling,1
black,1
fred,1
satirized,1
commentaries,1
provides,1
francisco,1
nor,1
shift,1
textual,1
disintegrating,1
latter,1
increased,1
immigrants,1
family,1
imagination,1
curiously,1
means,1
portrayed,1
roles,1
summary,1
perspective,1
anonymous,1
revisited,1
educational,1
molotch,1
character,1
thousand,1
treats,1
ignore,1
charles,1
members,1
cogent,1
considerations,1
article,1
pluralism,1
commentators,1
slobbering,1
imaginative,1
inspired,1
tolerance,1
heterophiliacs,1
commnercial,1
disaster,1
holds,1
klein,1
suggested,1
editors,1
temple,1
become,1
thereby,1
themselves,1
decline,1
geographers,1
land,1
elites,1
guardian,1
boundaries,1
third,1
was,1
transformnation,1
anderson,1
siegel,1
misleading,1
lake,1
conceptual,1
seattle,1
knit,1
freeways,1
norman,1
early,1
now,1
competition,1
equally,1
orthodox,1
explore,1
assistants,1
blue,1
student,1
severely,1
given,1
skirball,1
interracial,1
fulton,1
italy,1
journal,1
hayden,1
utopia,1
focus,1
alond,1
tones,1
furthermore,1
technological,1
peculiar,1
confronting,1
diverges,1
wachs,1
traditions,1
support,1
simplistic,1
encyclopedia,1
profiles,1
responsive,1
building,1
equal,1
southeastern,1
informed,1
hope,1
investigations,1
built,1
blumenberg,1
greek,1
unsafe,1
la,1
evoked,1
race,1
valuable,1
behind,1
optimum,1
sweatshop,1
glossary,1
reluctant,1
jeremiad,1
acerbic,1
separate,1
coherence,1
focused,1
selected,1
