WORDCOUNTS,WEIGHT
the,754
of,467
and,394
in,240
a,165
s,164
to,160
history,154
that,138
american,107
as,97
for,82
foreign,77
new,66
on,63
by,58
was,54
his,52
states,50
war,48
an,48
united,47
relations,46
historical,45
had,43
but,41
adams,40
world,40
with,40
york,39
international,37
he,37
policy,36
is,34
were,33
be,33
not,30
diplomatic,29
their,29
social,28
from,28
u,28
it,27
historians,27
its,26
power,26
review,24
scholars,24
or,23
which,23
america,22
october,22
this,22
diplomacy,22
national,22
at,21
ahr,21
how,21
could,21
work,21
state,20
study,20
would,20
sloane,19
nation,19
these,19
who,19
have,19
than,17
bemis,17
because,17
more,17
other,17
williams,17
political,16
also,16
john,16
especially,16
they,15
such,15
ranke,15
n,15
most,15
important,15
out,15
well,15
walter,14
no,14
during,14
empire,14
henry,14
shaped,13
system,13
policies,13
iriye,13
field,13
use,13
after,13
william,13
lafeber,13
later,12
has,12
importance,12
public,12
economic,12
only,12
turner,12
roosevelt,12
perkins,12
some,11
bailey,11
university,11
too,11
esp,11
cold,11
society,11
eds,11
thomas,11
graebner,11
between,11
one,10
first,10
politics,10
century,10
doctrine,10
cultural,10
however,10
used,10
president,10
research,10
when,10
about,10
asia,10
hart,10
perspectives,10
over,10
our,10
years,10
charles,10
pratt,10
archives,9
if,9
into,9
groups,9
great,9
i,9
stearns,9
beard,9
mass,9
perspective,9
even,9
journal,9
americans,9
white,9
among,9
part,9
scientific,9
time,9
see,9
asian,9
george,9
been,9
often,9
are,9
different,9
early,9
writing,9
association,9
debate,9
approaches,8
all,8
development,8
cohen,8
y,8
origins,8
women,8
two,8
own,8
approach,8
progress,8
led,8
noted,8
many,8
ideology,8
intellectual,8
subject,8
washington,8
d,8
studies,7
higham,7
those,7
west,7
revisionists,7
influential,7
view,7
future,7
edn,7
people,7
monroe,7
latane,7
published,7
consensus,7
up,7
culture,7
ed,7
michael,7
less,7
number,7
understanding,7
european,7
analysis,7
school,7
past,7
cambridge,7
madison,7
c,7
much,7
major,7
democracy,6
necessarily,6
before,6
sources,6
ii,6
words,6
leading,6
analyses,6
china,6
ernest,6
framework,6
central,6
david,6
may,6
without,6
rather,6
l,6
japanese,6
helped,6
m,6
opinion,6
constitution,6
events,6
explored,6
officials,6
distinguished,6
provided,6
criticism,6
exceptionalism,6
kennan,6
japan,6
questions,6
essay,6
written,6
become,6
revolution,6
science,6
wilson,6
akira,6
education,6
global,6
did,6
domestic,6
works,6
scholarship,6
scholarly,6
accounts,6
while,6
both,6
became,6
samuel,6
worried,6
jefferson,6
views,6
center,5
gardner,5
western,5
themes,5
either,5
long,5
vols,5
j,5
europe,5
fresh,5
raised,5
ross,5
since,5
against,5
ithaca,5
harrington,5
angeles,5
moreover,5
means,5
impact,5
fish,5
los,5
personal,5
spanish,5
highly,5
results,5
mahan,5
britain,5
transnational,5
interpretation,5
appleman,5
security,5
thesis,5
insights,5
bolton,5
usually,5
warning,5
made,5
elite,5
causes,5
ideas,5
peter,5
him,5
presidential,5
expansionism,5
series,5
country,5
what,5
boston,5
given,5
question,5
coolidge,5
archival,5
chicago,5
era,5
focus,5
should,5
way,4
declared,4
market,4
large,4
complex,4
essays,4
military,4
address,4
principles,4
corwin,4
theodore,4
context,4
british,4
alfred,4
account,4
e,4
powers,4
thus,4
aha,4
ability,4
affairs,4
kind,4
nor,4
rives,4
north,4
influence,4
pacific,4
german,4
latin,4
age,4
followed,4
based,4
histories,4
tyrrell,4
deal,4
further,4
chinese,4
understood,4
basis,4
r,4
example,4
criticized,4
stanford,4
shaping,4
destiny,4
few,4
multinational,4
widely,4
woodrow,4
nations,4
materials,4
various,4
manifest,4
frank,4
albert,4
neither,4
home,4
teaching,4
actually,4
members,4
toward,4
longer,4
man,4
took,4
where,4
dorothy,4
gender,4
perhaps,4
books,4
another,4
demonstrated,4
discussion,4
upon,4
including,4
california,4
andrews,4
held,4
misunderstanding,4
can,4
we,4
concluded,4
carried,4
itself,4
wars,4
carl,4
text,4
them,4
nationalist,4
making,4
leffler,4
constitutional,4
costigliola,4
convinced,4
went,4
flagg,4
conn,4
finally,4
crisis,4
need,4
little,4
observed,4
race,4
mcgerr,3
now,3
scholar,3
commitment,3
notably,3
germany,3
group,3
schools,3
continent,3
h,3
largely,3
allies,3
jackson,3
bushnell,3
give,3
might,3
liberty,3
definition,3
immense,3
book,3
studied,3
mississippi,3
nationalism,3
fiske,3
called,3
mind,3
discipline,3
reading,3
seminar,3
sought,3
opened,3
richard,3
point,3
along,3
human,3
borderlands,3
g,3
author,3
interest,3
price,3
employing,3
old,3
columbia,3
truly,3
warned,3
civilization,3
combs,3
air,3
developed,3
edward,3
earlier,3
similar,3
special,3
consequences,3
reason,3
warren,3
argued,3
samuels,3
exploited,3
powerful,3
beyond,3
suggested,3
friends,3
greater,3
standards,3
p,3
radical,3
focused,3
viewed,3
produced,3
younger,3
explain,3
conferences,3
opposition,3
psychology,3
intense,3
knowledge,3
enola,3
issues,3
broad,3
popular,3
overseas,3
regions,3
quite,3
several,3
realists,3
seemed,3
will,3
threatened,3
f,3
critical,3
role,3
spelled,3
gabriel,3
comparative,3
intervention,3
territory,3
religious,3
pivotal,3
treaty,3
lloyd,3
hegemonic,3
included,3
baltimore,3
hay,3
gay,3
rise,3
useful,3
law,3
frederick,3
mark,3
herbert,3
idea,3
teachers,3
debates,3
rhetoric,3
never,3
outside,3
spain,3
purposes,3
until,3
focusing,3
cumings,3
mccormick,3
greatest,3
exploring,3
values,3
louis,3
sequence,3
trade,3
three,3
emphasizing,3
profession,3
points,3
individual,3
symposium,3
allowed,3
like,3
realist,3
textbooks,3
emphasized,3
interpretations,3
examine,3
james,3
postwar,3
haven,3
decay,3
immigration,3
reluctant,3
decision,3
hunt,3
dexter,3
melvyn,3
movements,3
crucial,3
imperialism,3
began,3
fall,3
meant,3
any,3
material,3
believed,3
md,3
set,3
controversy,3
interested,3
rivalry,3
far,3
utilized,3
turned,3
terms,3
calif,3
studying,3
imperial,3
peace,3
through,3
republic,3
tried,3
assumptions,3
divided,3
colonial,3
argument,3
internationalization,3
ignored,3
julius,3
write,3
motives,3
although,3
colleagues,3
norman,3
abroad,3
entire,3
famous,3
close,3
tokyo,2
o,2
done,2
common,2
bernard,2
praised,2
affected,2
college,2
announced,2
seizure,2
ultimate,2
mclean,2
becoming,2
replaced,2
rethink,2
true,2
walker,2
checking,2
pessimism,2
nationalistic,2
isolationist,2
realities,2
unlike,2
aversion,2
uses,2
princeton,2
contexts,2
being,2
came,2
consistent,2
member,2
paterson,2
stressed,2
australia,2
davis,2
labor,2
implications,2
agenda,2
worked,2
emerged,2
glimpsed,2
historiography,2
privately,2
possibilities,2
suggesting,2
origin,2
government,2
atlantic,2
harvey,2
last,2
greatly,2
hostility,2
triggered,2
issue,2
rankean,2
roger,2
reaction,2
consciousness,2
magazine,2
missionaries,2
obvious,2
say,2
processes,2
redefining,2
anticipated,2
resembling,2
promises,2
himself,2
optimism,2
winning,2
conflict,2
relationships,2
inner,2
pursue,2
analyzing,2
lectures,2
diplomats,2
learning,2
vagts,2
subjects,2
left,2
publications,2
died,2
critique,2
marx,2
leopold,2
chronicle,2
delineated,2
higher,2
wilmington,2
reconstruction,2
dangerously,2
whose,2
russian,2
managers,2
devastating,2
portrayed,2
remain,2
forced,2
titled,2
b,2
parts,2
doubted,2
contributions,2
echoed,2
von,2
space,2
moves,2
amenican,2
understand,2
empires,2
acquisition,2
tansill,2
wanted,2
expansionists,2
cause,2
organization,2
proved,2
bruce,2
house,2
tsar,2
w,2
four,2
multicultural,2
vietnam,2
surface,2
bancroft,2
ian,2
interventionism,2
character,2
moving,2
incomplete,2
lead,2
kennedy,2
questioned,2
societies,2
found,2
hands,2
archibald,2
kolko,2
experts,2
callan,2
term,2
late,2
accurately,2
though,2
stressing,2
russell,2
ofamerican,2
brooks,2
eisenhower,2
undermined,2
shape,2
having,2
seminal,2
literature,2
unless,2
thorne,2
london,2
annexation,2
civil,2
secret,2
revealed,2
description,2
ten,2
gave,2
felix,2
corrupt,2
borg,2
expansionist,2
fruitful,2
forces,2
employed,2
seminars,2
drug,2
good,2
responses,2
closing,2
sense,2
suggest,2
generation,2
order,2
small,2
characteristics,2
acts,2
decline,2
texas,2
philip,2
scott,2
emily,2
roots,2
newly,2
questioning,2
massive,2
comparisons,2
phrased,2
brion,2
second,2
business,2
identified,2
wrote,2
happy,2
expansion,2
classic,2
community,2
expanded,2
comments,2
movement,2
simultaneously,2
direction,2
gilbert,2
containment,2
yet,2
museum,2
cleveland,2
read,2
thought,2
evolved,2
isolationism,2
official,2
us,2
jay,2
dropped,2
indian,2
industrial,2
wisconsin,2
street,2
name,2
french,2
again,2
put,2
plan,2
broken,2
appeared,2
larger,2
identity,2
becker,2
end,2
personality,2
curtin,2
administrations,2
audiences,2
honor,2
patterns,2
do,2
paris,2
actonian,2
iii,2
innovative,2
oregon,2
necessary,2
fundamentals,2
violent,2
autobiography,2
analyzed,2
private,2
vast,2
background,2
ethnicity,2
discovery,2
pathology,2
enormous,2
judge,2
europeans,2
entirely,2
significant,2
harvard,2
evolution,2
franklin,2
optimistic,2
wheel,2
earth,2
authors,2
stress,2
discussed,2
virtues,2
dominated,2
christopher,2
standard,2
article,2
topics,2
unoccupied,2
enjoyed,2
story,2
quarter,2
division,2
cary,2
suez,2
immerman,2
eigentlich,2
practitioners,2
rpt,2
hogan,2
directions,2
seen,2
force,2
lawrence,2
transformation,2
executive,2
countries,2
nearing,2
life,2
class,2
frontier,2
case,2
considered,2
founders,2
quantitative,2
historian,2
hanging,2
conclusion,2
peoples,2
must,2
existence,2
demonstrate,2
simply,2
economically,2
invoked,2
theme,2
narrowly,2
drew,2
belief,2
der,2
korean,2
darwinian,2
control,2
each,2
paper,2
cultures,2
best,2
alexander,2
post,2
particularly,2
examining,2
legacy,2
february,2
elites,2
growing,2
beginning,2
johnson,2
interwar,2
form,2
particular,2
textbook,2
telegram,2
fully,2
produce,2
quincy,2
emphasis,2
des,2
conference,2
radically,2
researchers,2
level,2
met,2
revolutions,2
courses,2
november,2
histoiy,2
programs,2
fred,2
ultimately,2
tell,2
commercial,2
finding,2
conditions,2
newsletter,2
course,2
joined,2
include,2
realism,2
evidence,2
gaddis,2
france,2
off,2
area,2
rosenberg,2
offered,2
pioneering,2
thayer,2
themselves,2
russia,2
justify,2
valley,2
seapower,2
cosmopolitan,2
recent,2
corporatism,2
doing,2
gentility,1
proposed,1
deception,1
reactive,1
go,1
does,1
ending,1
unpopular,1
formulated,1
gerald,1
respected,1
deference,1
revisionist,1
struggle,1
personally,1
edge,1
michio,1
appealed,1
avoiding,1
protests,1
concerned,1
anthony,1
treaties,1
meaning,1
henkin,1
commentary,1
names,1
corporate,1
corruption,1
modern,1
phu,1
till,1
created,1
concern,1
culminated,1
career,1
administered,1
darwinism,1
episodes,1
resulted,1
syntax,1
revolutionary,1
trans,1
methodologies,1
eliminated,1
succinct,1
fragmented,1
totally,1
stands,1
evans,1
disregard,1
weber,1
church,1
told,1
needed,1
measurable,1
mike,1
systematically,1
star,1
elaborated,1
thelen,1
identify,1
chauvinism,1
philanthropic,1
linkages,1
formed,1
sets,1
fouressays,1
ways,1
mexican,1
schoonover,1
sudden,1
specified,1
upheaval,1
fault,1
favor,1
ore,1
weaker,1
doubts,1
socialists,1
crapol,1
semester,1
protection,1
position,1
occurred,1
scientist,1
cornell,1
naturalness,1
entertaining,1
something,1
revision,1
relativism,1
evasion,1
turning,1
hints,1
intentions,1
test,1
cutting,1
experience,1
said,1
deserved,1
invoking,1
gap,1
explaining,1
lexington,1
every,1
manyjeffersonian,1
supposedly,1
connection,1
interests,1
setting,1
exaggerated,1
quoting,1
path,1
adopt,1
chaos,1
taken,1
rested,1
culturally,1
attempt,1
secretary,1
opted,1
safefor,1
vivre,1
seems,1
nature,1
bloomington,1
revival,1
hatred,1
heated,1
capitalist,1
worthington,1
tradition,1
uneasy,1
together,1
seller,1
borders,1
reasons,1
retardant,1
prize,1
rule,1
aesthetic,1
circumscribing,1
aloud,1
hundred,1
immune,1
room,1
providence,1
okamoto,1
real,1
debt,1
histo,1
evolving,1
there,1
feature,1
endings,1
manipulating,1
trouble,1
precisely,1
mr,1
robert,1
somewhat,1
committed,1
outstripped,1
checked,1
surveys,1
within,1
widening,1
intersection,1
violating,1
tragedy,1
explosive,1
sound,1
acknowledged,1
empty,1
levenson,1
inclusive,1
deemphasized,1
depending,1
governmental,1
brief,1
lest,1
forthcoming,1
prefaced,1
morgenthau,1
plain,1
attacked,1
morison,1
king,1
formulation,1
money,1
capacity,1
advice,1
almond,1
epochal,1
bases,1
discontent,1
right,1
ridicule,1
distortion,1
zur,1
chuo,1
welcome,1
possible,1
determined,1
marked,1
disprove,1
tracing,1
drive,1
establishing,1
insight,1
antirevolutionary,1
rubin,1
vistas,1
surpassed,1
taking,1
variations,1
except,1
engender,1
ignores,1
hiroshima,1
waging,1
resources,1
conception,1
laws,1
household,1
bolkhovitinov,1
printings,1
ransacked,1
kan,1
establishes,1
kankei,1
geertz,1
dien,1
wallace,1
tied,1
behavior,1
consult,1
karen,1
learned,1
repeatedly,1
ends,1
goal,1
andrew,1
phase,1
centralized,1
crossing,1
winkler,1
overproduction,1
language,1
beating,1
madrid,1
sadao,1
immediate,1
dickson,1
objective,1
run,1
liberalism,1
unpublished,1
de,1
scarce,1
relatively,1
sectionally,1
moment,1
hawaii,1
mixed,1
consumer,1
justifications,1
issued,1
katei,1
insisted,1
realization,1
utilizes,1
assured,1
westport,1
arena,1
neutralized,1
exercise,1
progressive,1
unity,1
paeans,1
blame,1
mistakes,1
adjectives,1
back,1
contrary,1
bloody,1
syracuse,1
completing,1
concert,1
six,1
young,1
races,1
served,1
emphases,1
elena,1
blunted,1
continuous,1
third,1
mistress,1
weakening,1
find,1
explore,1
student,1
stimulating,1
hinojosa,1
spoils,1
overcommitment,1
architects,1
landmark,1
deeply,1
simplistic,1
leadership,1
pointing,1
general,1
outpourings,1
bankrupted,1
loan,1
coal,1
dust,1
capitals,1
anders,1
phases,1
van,1
aim,1
failed,1
dodd,1
unintelligent,1
interesting,1
profoundly,1
philadelphia,1
adequate,1
jeffersonian,1
mexico,1
following,1
reagan,1
bring,1
across,1
magisterial,1
stop,1
gewesen,1
reinhold,1
saito,1
adapt,1
possession,1
breadth,1
organizing,1
progenitor,1
unit,1
burckhardt,1
midwest,1
process,1
request,1
mean,1
broaden,1
knew,1
conceptions,1
active,1
goes,1
opportunity,1
dealt,1
arm,1
risk,1
pointedly,1
proportion,1
sponsor,1
whether,1
certain,1
derived,1
dissenting,1
hearing,1
assuming,1
dialogue,1
denise,1
danger,1
shumpei,1
productive,1
pessimistic,1
supposed,1
suffice,1
raymond,1
modified,1
involvement,1
changes,1
subordinated,1
alienate,1
theorists,1
mission,1
marks,1
civilizations,1
possibly,1
established,1
dwight,1
familiar,1
benefits,1
spreading,1
languages,1
organized,1
kammen,1
emergence,1
clearly,1
specify,1
just,1
outnumbers,1
barnet,1
numbers,1
dominate,1
glorious,1
remaking,1
pragmatism,1
ignorance,1
frequently,1
prevent,1
benefited,1
situations,1
opportunistic,1
show,1
favored,1
democratic,1
pageant,1
gloucester,1
uncomfortably,1
follow,1
readings,1
mckinley,1
linkage,1
undertaken,1
evaluation,1
cost,1
madame,1
uncle,1
pearl,1
buffalo,1
problems,1
permanent,1
endemic,1
founding,1
mo,1
syntheses,1
vereinigte,1
strengthen,1
yonosuke,1
ryotaisenkan,1
myths,1
graduates,1
reflections,1
holdings,1
fierce,1
opening,1
entwicklung,1
advance,1
appraisal,1
acceptable,1
participants,1
pursuits,1
slave,1
aftermath,1
allow,1
interchanges,1
harbor,1
honesty,1
tending,1
entered,1
protector,1
begun,1
traditionally,1
joy,1
sequel,1
attack,1
effort,1
bomb,1
tucker,1
economics,1
publicopinion,1
legion,1
alleghenies,1
criticisms,1
primacy,1
owen,1
pioneer,1
eliot,1
initial,1
compromised,1
ruthlessly,1
academic,1
gottingen,1
ann,1
overmuch,1
irony,1
informed,1
durham,1
blow,1
nineteenth,1
pursued,1
fisher,1
treat,1
unemployment,1
revive,1
cannot,1
enlightened,1
placed,1
nikolai,1
ford,1
popularized,1
approached,1
required,1
networks,1
enough,1
method,1
triumph,1
sacrifice,1
january,1
switch,1
hopkins,1
aio,1
masculinity,1
influenced,1
memory,1
aspects,1
dower,1
globally,1
failure,1
colonies,1
lost,1
throne,1
none,1
participation,1
diction,1
apartheid,1
line,1
data,1
mapped,1
foresaw,1
makers,1
nagai,1
strengths,1
received,1
gospel,1
avery,1
ideal,1
writers,1
del,1
framed,1
elson,1
brought,1
confined,1
actors,1
thoughts,1
mercurial,1
excessive,1
feared,1
apotheosized,1
neutrality,1
whole,1
imperialismus,1
fit,1
older,1
place,1
hans,1
partly,1
collective,1
beginnings,1
records,1
relevance,1
concentrate,1
statistics,1
speaking,1
device,1
call,1
justification,1
viability,1
regional,1
newspaper,1
institution,1
anticipating,1
systematic,1
endorsed,1
manage,1
paraphrase,1
interpreted,1
marking,1
eastern,1
escalated,1
contradictions,1
relentless,1
unimaginative,1
senkan,1
change,1
exemplary,1
least,1
ist,1
commerce,1
successful,1
caused,1
fiftieth,1
fulfilled,1
below,1
anger,1
questionable,1
unexpected,1
theoretically,1
seized,1
currents,1
trading,1
politically,1
contrast,1
theater,1
clothes,1
exclude,1
emerging,1
event,1
sake,1
prescience,1
hemisphere,1
revisited,1
sufficient,1
smithsonian,1
depression,1
unalloyed,1
stephanson,1
disaster,1
psychological,1
prerogative,1
corvallis,1
secrecy,1
essentially,1
ancestors,1
amerikanischen,1
usual,1
boundaries,1
blessings,1
ofjohn,1
methodological,1
core,1
incurred,1
always,1
condemned,1
orthodox,1
extracted,1
intent,1
und,1
nancy,1
leveled,1
structured,1
siberian,1
ghost,1
displaced,1
perils,1
moved,1
iggers,1
actions,1
sporadic,1
establishments,1
enjoy,1
immersed,1
breakthroughs,1
sobriety,1
borstelmann,1
fairbank,1
appeal,1
transforming,1
gayle,1
battle,1
lenin,1
horizons,1
ideals,1
investigating,1
georg,1
communist,1
ironies,1
demand,1
metaphysical,1
condemnation,1
matter,1
incredible,1
bringing,1
letters,1
buttress,1
action,1
chihiro,1
stratagems,1
ire,1
short,1
indeed,1
appearances,1
service,1
collection,1
labeled,1
juliet,1
limited,1
play,1
successes,1
released,1
revolt,1
anniversary,1
islands,1
nearly,1
veterans,1
exception,1
april,1
above,1
intolerance,1
judgment,1
realizing,1
landed,1
experiences,1
studien,1
outer,1
rebellions,1
southern,1
surveyed,1
southeast,1
powerfully,1
fighting,1
siracusa,1
invaded,1
communities,1
competition,1
elaboration,1
violence,1
fair,1
colleges,1
examined,1
interrelationship,1
happened,1
exactly,1
soon,1
lyndon,1
east,1
technology,1
under,1
challenged,1
confidence,1
classroom,1
images,1
shook,1
marshall,1
riots,1
curie,1
acting,1
raise,1
helpfully,1
ky,1
sharply,1
friendship,1
naval,1
deliver,1
historicopolitics,1
preponderance,1
costs,1
forcefully,1
department,1
qualified,1
wisdom,1
animus,1
begins,1
noneuropean,1
mich,1
tassel,1
increasingly,1
friend,1
bookends,1
tropes,1
harper,1
declining,1
chose,1
volume,1
organizations,1
critiques,1
ind,1
maier,1
strike,1
nationalists,1
undetermined,1
others,1
slavery,1
chaps,1
addition,1
experienced,1
smith,1
emotions,1
rueschmeyer,1
fact,1
mcwilliams,1
lack,1
rights,1
admit,1
gar,1
treatment,1
fundamental,1
conduct,1
head,1
professed,1
areas,1
plummer,1
kaigun,1
striking,1
unprepared,1
niebuhr,1
depict,1
match,1
praiseworthy,1
levin,1
casualties,1
really,1
angry,1
penned,1
atomic,1
theologian,1
demonstrating,1
heretic,1
fallen,1
contemporary,1
navy,1
variation,1
claimed,1
considerable,1
extensivejapanese,1
arguably,1
remark,1
minister,1
fear,1
overlooked,1
conclusions,1
learn,1
geography,1
intervene,1
ninety,1
road,1
idealism,1
developing,1
accepted,1
armed,1
karl,1
hated,1
answer,1
strategies,1
despitejefferson,1
unreason,1
judith,1
practice,1
wartime,1
woman,1
weaken,1
disfigure,1
apathy,1
ignoring,1
guarantees,1
mercy,1
threats,1
bloodshed,1
going,1
compete,1
encountered,1
americanum,1
obsession,1
realize,1
ibid,1
doubtful,1
injerald,1
local,1
credit,1
classes,1
estrangement,1
investment,1
intimate,1
understandable,1
inviting,1
accelerate,1
poyo,1
contours,1
critiqued,1
writings,1
region,1
patricia,1
arose,1
jerald,1
inexorably,1
onslaught,1
depended,1
collided,1
carey,1
wehler,1
hungering,1
elirninated,1
imbued,1
empirical,1
illusion,1
unfortunately,1
intermittent,1
persisted,1
plantation,1
ryodai,1
substantially,1
exciting,1
prospective,1
gilberto,1
congress,1
net,1
trend,1
engaged,1
nothing,1
continue,1
artaud,1
examination,1
protected,1
exerted,1
alperovitz,1
office,1
joie,1
overturned,1
nevertheless,1
epic,1
aufstieg,1
lilley,1
theoretical,1
students,1
described,1
invulnerable,1
reevaluated,1
theses,1
open,1
imperium,1
strands,1
crises,1
meanings,1
clear,1
corrupted,1
discovered,1
bernkopf,1
moral,1
reality,1
directed,1
adding,1
comprehensive,1
radium,1
disguised,1
tended,1
interpret,1
counter,1
times,1
divisions,1
started,1
period,1
prodigious,1
so,1
reformers,1
escaped,1
winner,1
am,1
played,1
stresses,1
ended,1
paths,1
probable,1
preservation,1
sally,1
skocpol,1
instruction,1
exchange,1
men,1
craven,1
why,1
faith,1
centraland,1
graphic,1
honorary,1
discarded,1
comparing,1
trying,1
qualities,1
eyes,1
evolutionary,1
viewpoint,1
editors,1
narrow,1
stand,1
theda,1
banking,1
anderson,1
effect,1
transmission,1
structure,1
femininity,1
probably,1
present,1
looked,1
robbins,1
constructive,1
occupied,1
relative,1
quotable,1
quarterly,1
evaluated,1
professional,1
embodied,1
louisiana,1
arbor,1
sole,1
encompassing,1
behind,1
viola,1
brenda,1
uncritical,1
annex,1
setbacks,1
increasing,1
reinventing,1
depth,1
unstable,1
suggestion,1
kaplan,1
topography,1
negotiations,1
chace,1
asada,1
today,1
metaphors,1
dissected,1
africa,1
interdependent,1
reviewer,1
wastes,1
she,1
continued,1
provide,1
mixture,1
sometimes,1
figure,1
patriotic,1
staaten,1
ninkovich,1
maps,1
bound,1
berated,1
rough,1
hill,1
vague,1
lines,1
fewer,1
widespread,1
racial,1
institutions,1
revisionism,1
success,1
chauvinists,1
kettei,1
translation,1
yale,1
effectively,1
prosper,1
katherine,1
cynicism,1
reservations,1
rapidly,1
try,1
dietrich,1
es,1
continually,1
inferior,1
amalgamation,1
papachristou,1
dead,1
harshly,1
centuries,1
instances,1
caleb,1
reconcilable,1
worlds,1
documents,1
grounded,1
unacceptable,1
joseph,1
thick,1
thinly,1
marvelously,1
matters,1
sections,1
vigor,1
exercised,1
then,1
associated,1
singular,1
lessons,1
regrettably,1
thermodynamics,1
changing,1
incorporated,1
finest,1
biography,1
founded,1
disjointed,1
athens,1
contradiction,1
pletcher,1
nonviolent,1
implied,1
symbols,1
truman,1
totality,1
ignore,1
echoes,1
supported,1
durations,1
listeners,1
offers,1
alternative,1
potential,1
acton,1
berkeley,1
natural,1
revealing,1
clifford,1
environment,1
regrets,1
reconfigurations,1
frederickjackson,1
save,1
innovations,1
board,1
believe,1
capital,1
leaders,1
down,1
nihon,1
argue,1
gaiko,1
regard,1
returns,1
report,1
allied,1
followers,1
ideological,1
vibrant,1
thoroughness,1
newman,1
linked,1
powell,1
unneeded,1
separating,1
resign,1
narrowed,1
cities,1
vacuum,1
protect,1
quoted,1
options,1
advances,1
better,1
person,1
bien,1
ideologies,1
defend,1
commences,1
warnings,1
according,1
minirebellion,1
unlikely,1
purchase,1
ruins,1
recollections,1
fuller,1
economy,1
investigation,1
broke,1
orleans,1
metaphor,1
agricultural,1
hoped,1
passed,1
theory,1
pleased,1
problem,1
supplemented,1
fascination,1
interpreting,1
listen,1
annexed,1
injunction,1
periphery,1
bureaucratic,1
require,1
balance,1
information,1
almost,1
observations,1
categories,1
freedom,1
art,1
weltpolitik,1
anxieties,1
periodicals,1
translated,1
arbiter,1
necessity,1
balances,1
recognition,1
rereading,1
ruled,1
watched,1
exercising,1
ohio,1
emperor,1
resignation,1
despite,1
hosoya,1
vandersee,1
joining,1
awesome,1
verified,1
duty,1
focal,1
die,1
transition,1
administration,1
sitting,1
ignorant,1
assassinated,1
koron,1
rochester,1
target,1
entry,1
policymakers,1
arguments,1
complementarity,1
indebted,1
equipped,1
trigger,1
superpower,1
indians,1
using,1
coming,1
rages,1
forabsolute,1
dominant,1
unexplored,1
comprehended,1
come,1
wie,1
deconde,1
promoted,1
formation,1
devoted,1
overview,1
instructive,1
editor,1
difference,1
initiated,1
deutschland,1
quest,1
wis,1
oah,1
ushered,1
guest,1
dangerous,1
offer,1
instead,1
land,1
designs,1
hunter,1
canadian,1
green,1
files,1
unified,1
involving,1
countrymen,1
you,1
effects,1
prosperity,1
raging,1
thatjefferson,1
pluralistic,1
remains,1
ranged,1
underlined,1
carr,1
dissent,1
observation,1
wondered,1
admitting,1
invited,1
assumed,1
sectors,1
mineola,1
corporatist,1
dark,1
fatally,1
develop,1
whichever,1
militarist,1
seisaku,1
pacified,1
willing,1
colonel,1
philippines,1
building,1
ga,1
connor,1
asked,1
built,1
roles,1
jealous,1
tragic,1
haiti,1
confrontations,1
occur,1
harmful,1
wilsonian,1
