WORDCOUNTS,WEIGHT
the,1236
of,940
and,602
in,381
to,268
a,243
as,173
was,149
that,145
s,127
for,123
by,122
on,112
women,109
had,98
new,97
bachofen,79
family,76
this,74
which,67
from,66
but,62
not,61
their,57
an,54
feminist,54
male,52
historical,51
social,50
his,50
with,49
history,48
human,47
york,46
american,44
many,43
been,43
society,42
who,42
such,41
patriarchy,41
sexual,40
also,40
or,40
see,39
he,38
culture,37
it,36
feminism,35
most,35
were,35
all,33
woman,33
she,33
other,32
through,32
these,32
review,31
its,31
first,30
they,29
october,29
development,29
period,29
at,28
j,28
be,28
weber,27
is,27
have,27
matriarchy,26
theory,26
era,26
london,25
ed,25
her,25
freud,24
civilization,24
female,24
only,24
group,23
progress,23
among,23
has,22
thus,22
marriage,22
ann,22
both,22
western,21
state,21
stanton,21
morgan,21
more,21
men,21
mothers,21
rpt,21
matriarchal,21
some,20
origins,20
patriarchal,20
science,20
works,20
sociology,20
german,19
allen,19
would,19
modern,19
trans,18
into,18
british,18
max,18
feminists,18
conventional,18
taylor,18
gage,17
edn,17
forms,17
theories,17
nature,16
origin,16
religion,16
de,16
matriarchate,16
used,16
gender,16
socialist,16
original,16
anthropology,16
english,15
modernity,15
myth,15
argued,15
age,15
during,15
status,15
published,15
motherhood,15
meanings,15
primitive,15
life,15
intellectual,15
marianne,14
gilman,14
century,14
than,14
what,14
victorian,14
based,14
could,14
research,14
world,14
ideas,14
translation,14
did,14
cambridge,14
der,13
one,13
though,13
evolution,13
support,13
view,13
cultural,13
work,13
same,13
children,13
jung,13
la,13
natural,13
n,13
groups,12
rather,12
tonnies,12
gesellschaft,12
societies,12
called,12
however,12
basis,12
r,12
prominent,12
ward,12
und,12
movement,12
about,12
read,12
french,12
fact,12
contemporary,12
morality,12
so,12
simmel,12
past,12
when,12
much,12
vols,11
political,11
against,11
g,11
turn,11
compare,11
aspects,11
well,11
wrote,11
harrison,11
law,11
classical,11
john,11
paris,11
present,11
time,11
eds,11
father,11
george,11
over,11
rationality,11
swiney,10
authority,10
asserted,10
relations,10
no,10
mutterrecht,10
theorists,10
das,10
academic,10
example,10
promiscuity,10
own,10
stage,10
discourse,10
matrilineal,10
rise,10
great,10
anthropologist,10
individual,10
after,10
parsons,10
anthropological,10
must,10
them,10
form,10
although,10
between,10
race,10
later,9
h,9
those,9
taboo,9
central,9
even,9
reventlow,9
legal,9
prehistory,9
alienation,9
out,9
ellen,9
will,9
f,9
community,9
sex,9
stocking,9
picture,9
power,9
scholars,9
karl,9
league,9
including,9
we,9
often,9
very,9
scholarly,9
die,9
early,9
should,9
scholar,8
germany,8
les,8
source,8
princeton,8
narrative,8
i,8
system,8
existence,8
politics,8
authors,8
critique,8
insisted,8
engels,8
process,8
romantic,8
university,8
organization,8
found,8
intellectuals,8
hartley,8
literature,8
field,8
maine,8
ancient,8
totem,8
man,8
pelletier,8
thomas,8
dominance,8
saw,8
gemeinschaft,8
european,8
sciences,8
boston,8
years,8
texts,8
likewise,7
ways,7
studies,7
pessimism,7
creation,7
clews,7
robert,7
right,7
mythology,7
laws,7
throughout,7
regarded,7
supremacy,7
contrary,7
l,7
paternity,7
perkins,7
too,7
important,7
data,7
elizabeth,7
structures,7
provided,7
may,7
nonetheless,7
trautmann,7
thought,7
under,7
love,7
members,7
lewis,7
reform,7
material,7
chiefly,7
theoretical,7
quotation,7
moral,7
like,7
elsie,7
evolutionary,7
become,7
interpretations,7
widely,7
christian,7
order,7
institutions,7
mother,7
known,7
cultures,7
are,7
universal,7
particularly,7
circle,7
property,7
westermarck,7
church,7
became,7
d,7
scholarship,7
chicago,7
debate,7
views,7
fathers,6
ferdinand,6
speculated,6
spirit,6
position,6
ethic,6
experience,6
implications,6
raised,6
within,6
context,6
mass,6
cited,6
jakob,6
karen,6
religious,6
rights,6
developed,6
reason,6
sexuality,6
objectivity,6
influenced,6
future,6
concept,6
brought,6
criticized,6
johann,6
forces,6
sons,6
equality,6
scientific,6
soon,6
included,6
cage,6
book,6
tylor,6
article,6
can,6
structure,6
henry,6
greek,6
concluded,6
movements,6
lawrence,6
earliest,6
females,6
carl,6
here,6
offen,6
consciousness,6
role,6
question,6
states,6
france,6
c,6
superiority,5
now,5
child,5
pearson,5
created,5
introduction,5
just,5
complex,5
might,5
rational,5
affirmed,5
psychoanalysis,5
jane,5
historians,5
coward,5
far,5
conception,5
treatise,5
framework,5
iron,5
frazer,5
objective,5
author,5
droits,5
general,5
influence,5
whose,5
edward,5
joan,5
influential,5
bond,5
study,5
mary,5
w,5
beyond,5
notions,5
advocated,5
access,5
representative,5
despair,5
collective,5
et,5
sublimation,5
cosmic,5
change,5
marx,5
precedents,5
munich,5
still,5
assumptions,5
frank,5
friedrich,5
inheritance,5
toward,5
beliefs,5
where,5
existing,5
mill,5
private,5
examples,5
values,5
cult,5
confidence,5
netherlands,5
times,5
britain,5
haven,5
fee,5
attention,5
relationship,5
vision,5
henriette,5
anxiety,5
united,5
fields,5
susan,5
small,5
then,5
biography,5
key,5
according,5
gesammelte,5
atkinson,5
given,5
november,5
histoiy,5
our,5
conn,5
public,5
charlotte,5
mason,5
madeleine,4
struggle,4
common,4
stuart,4
declared,4
meaning,4
resulted,4
college,4
e,4
use,4
essays,4
socialists,4
protection,4
before,4
nineteenth,4
relativism,4
frances,4
philosophers,4
certainly,4
originally,4
freudian,4
government,4
there,4
rethinking,4
case,4
beard,4
enforcement,4
oedipus,4
cady,4
phase,4
since,4
interest,4
herrn,4
kinship,4
generation,4
recognized,4
without,4
basic,4
hughes,4
stuttgart,4
mitzman,4
earlier,4
importance,4
von,4
mrs,4
literary,4
clearly,4
quoted,4
contemporaries,4
lester,4
always,4
injustice,4
dominant,4
whom,4
shared,4
founder,4
produced,4
possibility,4
because,4
gained,4
kelly,4
knowledge,4
gave,4
issues,4
stanford,4
universally,4
boxer,4
attributed,4
unmarried,4
eine,4
sense,4
volume,4
decline,4
up,4
results,4
socialism,4
werke,4
womanhood,4
identified,4
return,4
acknowledged,4
mainstream,4
matilda,4
dames,4
two,4
emotional,4
incest,4
name,4
challenge,4
fin,4
europe,4
idea,4
maternal,4
ages,4
readers,4
orderly,4
accepted,4
controversy,4
klages,4
sir,4
discussion,4
made,4
rejected,4
biblical,4
him,4
high,4
wells,4
y,4
universality,4
marilyn,4
sometimes,4
force,4
basel,4
class,4
existed,4
articles,4
arts,4
symbolic,4
histoty,4
lacapra,4
darwinian,4
androcentric,4
joslyn,4
calif,4
sociologist,4
psychology,4
des,4
stern,4
recognition,4
deities,4
fritz,4
remarks,4
femme,4
bebel,4
until,4
argument,4
contract,4
twentieth,4
course,4
supported,4
north,4
aufzeichnungen,4
beings,4
otto,4
major,4
noll,3
go,3
ethics,3
way,3
if,3
encouraged,3
sigmund,3
told,3
center,3
beauvoir,3
approaches,3
paradigms,3
decade,3
character,3
total,3
scaff,3
revered,3
contested,3
leipzig,3
golden,3
specifically,3
utopia,3
feeling,3
spencer,3
nancy,3
advanced,3
confirmed,3
shaped,3
assertion,3
desire,3
novel,3
short,3
studied,3
real,3
last,3
reading,3
speech,3
otis,3
anthropologists,3
sought,3
account,3
marked,3
condition,3
illegitimate,3
dutch,3
west,3
familial,3
ritual,3
son,3
optimism,3
fiirth,3
utopian,3
due,3
malinowski,3
characteristic,3
liebersohn,3
overt,3
concerning,3
abortion,3
wholly,3
mclennan,3
colleague,3
hull,3
essential,3
how,3
en,3
responded,3
humanity,3
ludwig,3
roth,3
lives,3
brunswick,3
guenther,3
impact,3
anid,3
ideals,3
lindenfeld,3
primordial,3
louisville,3
result,3
my,3
came,3
rule,3
conservative,3
war,3
tufton,3
term,3
braun,3
left,3
understood,3
equal,3
bachofens,3
feminine,3
excellent,3
triumph,3
warriors,3
simone,3
ideal,3
place,3
beginnings,3
people,3
away,3
institution,3
showing,3
earth,3
evening,3
siecle,3
responsibility,3
le,3
contrast,3
around,3
isis,3
species,3
valette,3
deacon,3
gordon,3
seemed,3
chronological,3
liberation,3
therefore,3
georg,3
geheime,3
various,3
letters,3
economic,3
subverted,3
indeed,3
unconscious,3
harry,3
single,3
franziska,3
repression,3
portrayed,3
interpretation,3
sociologists,3
god,3
mandarins,3
chronology,3
challenged,3
thesis,3
cicely,3
light,3
essentialist,3
al,3
eksteins,3
death,3
pointed,3
lack,3
aspired,3
fundamental,3
head,3
creative,3
appeared,3
end,3
debates,3
seldom,3
terry,3
psychic,3
less,3
perhaps,3
project,3
free,3
day,3
worship,3
empirical,3
expression,3
assumption,3
approach,3
questions,3
schwabing,3
described,3
significance,3
discussed,3
victory,3
crisis,3
reformers,3
never,3
problems,3
methods,3
eugen,3
james,3
story,3
primal,3
versus,3
culmination,3
zu,3
perspectives,3
continued,3
provide,3
everdell,3
amazons,3
lost,3
health,3
seen,3
strongly,3
itself,3
countries,3
inspired,3
dans,3
comte,3
renaissance,3
fall,3
sevenhuijsen,3
considered,3
briffault,3
contained,3
sexes,3
any,3
preface,3
civilizations,3
peoples,3
founded,3
irrationality,3
charles,3
dionysus,3
darwin,3
text,3
locke,3
principle,3
control,3
each,3
hamilton,3
argue,3
intro,3
researches,3
written,3
believed,3
animal,3
born,3
unlikely,3
accounts,3
particular,3
mere,3
emphasis,3
threat,3
categories,3
translated,3
scott,3
transition,3
gain,3
suffrage,3
spring,3
notes,3
envisaged,3
weininger,3
evidence,3
philosophy,3
potential,3
lily,3
element,3
undermined,3
little,3
traditional,3
focus,3
images,3
bre,3
recent,3
close,3
does,2
melvin,2
herself,2
concerned,2
medieval,2
essentialized,2
culminated,2
career,2
henty,2
discredited,2
legitimate,2
revolutionary,2
variety,2
teich,2
berlin,2
replaced,2
denied,2
wonmen,2
jews,2
fate,2
meuli,2
mankind,2
prime,2
bias,2
arrangement,2
largely,2
acceptance,2
justified,2
organic,2
kandal,2
inequality,2
biographical,2
contexts,2
being,2
olive,2
else,2
monogamous,2
sources,2
lexington,2
kluncker,2
every,2
frankfurt,2
posed,2
regulating,2
contingent,2
give,2
rush,2
liberty,2
words,2
lamphere,2
wihelmine,2
possibilities,2
jeanne,2
capitalist,2
scientists,2
divorce,2
elegiac,2
together,2
analyses,2
normative,2
mills,2
psyche,2
reproduction,2
mind,2
replicated,2
emphasized,2
concepts,2
reiter,2
somewhat,2
ambiguous,2
revise,2
modris,2
daniel,2
tragedy,2
ritualists,2
refute,2
advocates,2
roy,2
lived,2
active,2
primary,2
aline,2
chapter,2
porter,2
mutual,2
richard,2
headed,2
x,2
along,2
enter,2
himself,2
irrational,2
herald,2
legalized,2
exposed,2
tribute,2
conflict,2
dependence,2
disorder,2
decree,2
accuracy,2
schorske,2
explained,2
grafin,2
reject,2
cott,2
creators,2
bonn,2
divine,2
savages,2
caird,2
gendered,2
application,2
august,2
admitted,2
ferguson,2
forced,2
kind,2
bronislaw,2
developments,2
old,2
self,2
david,2
perspective,2
vom,2
sutbjection,2
intercourse,2
back,2
sexitality,2
liberate,2
transitional,2
dionysian,2
young,2
reveled,2
warned,2
swiss,2
innovators,2
journal,2
burtt,2
traditions,2
savage,2
hardly,2
letter,2
rosalind,2
critics,2
higher,2
failed,2
live,2
ellenberger,2
philadelphia,2
subordination,2
etudes,2
bring,2
factual,2
murder,2
centered,2
generations,2
represented,2
auguste,2
similar,2
b,2
veronica,2
discoveries,2
consequences,2
space,2
contestation,2
means,2
utterly,2
subordinated,2
stand,2
familiar,2
emergence,2
pateman,2
characterizations,2
votaries,2
show,2
seamless,2
oppressive,2
defeat,2
followed,2
generally,2
testament,2
antiquwit,2
shifted,2
lust,2
suggested,2
decades,2
protestant,2
contention,2
stefan,2
moving,2
standards,2
scientifically,2
critic,2
erosion,2
search,2
strength,2
p,2
carol,2
gynecocentric,2
rudolf,2
events,2
radical,2
agendas,2
philosophical,2
im,2
suits,2
suffragists,2
frauen,2
suffragist,2
irony,2
traced,2
shall,2
appears,2
population,2
vaerting,2
reinforce,2
applied,2
record,2
xiv,2
wright,2
method,2
bloodthirsty,2
received,2
already,2
manheim,2
determinism,2
vote,2
advancement,2
part,2
drew,2
interpreters,2
egalitarian,2
whole,2
year,2
flight,2
figures,2
bar,2
popular,2
personal,2
nor,2
michelle,2
sun,2
interpreted,2
sexiuality,2
functioned,2
professorship,2
tone,2
household,2
kultur,2
laboulaye,2
hard,2
below,2
useful,2
delivered,2
revolution,2
things,2
poet,2
next,2
emphasizes,2
quite,2
long,2
dominick,2
ignore,2
june,2
highly,2
psychological,2
goddess,2
fully,2
visible,2
helene,2
dependent,2
degeneration,2
describes,2
paid,2
roots,2
altogether,2
paul,2
expropriation,2
evoked,2
disturbing,2
questioning,2
barbara,2
dilemma,2
threatened,2
gustav,2
second,2
republic,2
biologist,2
reminiscences,2
comparative,2
limited,2
eminent,2
forward,2
schreiner,2
nietzsche,2
museum,2
april,2
july,2
uber,2
above,2
thinkers,2
legend,2
rites,2
selection,2
positive,2
biological,2
violence,2
mutterschutz,2
counterparts,2
reversed,2
matriarchat,2
evidences,2
reconciliation,2
perceived,2
sociological,2
home,2
discovety,2
purity,2
nineteenthcentury,2
narratives,2
insights,2
quotations,2
disrupted,2
noted,2
increasingly,2
subjective,2
fellow,2
heniy,2
organizations,2
mona,2
focused,2
lubbock,2
unscientific,2
financial,2
mathilde,2
herbert,2
longer,2
valid,2
fleeing,2
remarked,2
practical,2
estrangement,2
hobbes,2
energies,2
personality,2
arthur,2
doubt,2
variation,2
imperfect,2
conferred,2
took,2
promoted,2
drove,2
cuiltutre,2
gallichan,2
empire,2
modemnity,2
necessary,2
emotion,2
thle,2
explicitly,2
mcguire,2
suffragette,2
civilized,2
disease,2
considering,2
birth,2
subjectivity,2
writings,2
fictional,2
ethnology,2
manifestations,2
ruling,2
concern,2
entirely,2
significant,2
emphasize,2
academics,2
take,2
bund,2
engaged,2
nothing,2
catherine,2
nuclear,2
open,2
restraint,2
express,2
language,2
points,2
dominated,2
charged,2
held,2
played,2
stresses,2
stages,2
ritter,2
poetic,2
eagleton,2
morals,2
imagination,2
reproductive,2
womeni,2
pageant,2
especially,2
enlightenment,2
guilt,2
groupe,2
imaginative,2
relation,2
archetypes,2
paternal,2
greece,2
attracted,2
tendency,2
amateur,2
controversial,2
embodied,2
mortality,2
troisieme,2
reliable,2
autumn,2
iroquois,2
today,2
selma,2
enforced,2
usually,2
ideology,2
claimed,2
confused,2
modernism,2
novelist,2
bamberger,2
began,2
contribution,2
wilson,2
transformation,2
richthofen,2
analysis,2
primeval,2
banishment,2
problematic,2
education,2
citizens,2
musil,2
joseph,2
meant,2
biology,2
dissertation,2
associated,2
gascoigne,2
historian,2
mann,2
conclusion,2
ethnological,2
simply,2
constituted,2
fran,2
barbarism,2
ralph,2
alternative,2
school,2
troy,2
outcome,2
berkeley,2
positivist,2
exaltation,2
share,2
interested,2
herland,2
believe,2
epitomized,2
domestic,2
perfectly,2
generalized,2
pictures,2
living,2
type,2
turned,2
defend,2
william,2
reign,2
circles,2
selected,2
sexualisme,2
drucker,2
attitudes,2
firmly,2
alice,2
while,2
institute,2
dark,2
information,2
anna,2
middle,2
mikulas,2
code,2
ruled,2
introduced,2
despite,2
downfall,2
bourgeois,2
subject,2
disciplines,2
lies,2
everywhere,2
motherly,2
democratic,2
arguments,2
ever,2
families,2
vocal,2
aspect,2
varied,2
rosaldo,2
analogy,2
belated,2
enthusiasm,2
devoted,2
models,2
conditions,2
national,2
wolfskehl,2
highest,2
promiscuous,2
gross,2
contraception,2
you,2
association,2
archaic,2
ruth,2
needs,2
psychoanalytic,2
removed,2
themselves,2
elites,2
reached,2
uncertainty,2
ownership,2
entire,2
emotionality,2
showed,2
tragic,2
customs,2
bce,2
sumner,1
racial,1
final,1
proposed,1
horror,1
housekeeping,1
arrives,1
tokyo,1
impossibility,1
supremely,1
pervaded,1
abolition,1
lis,1
rate,1
yvelin,1
done,1
nihilism,1
countryside,1
obligations,1
phallic,1
prostitution,1
tainted,1
runciman,1
protests,1
silences,1
opinion,1
unlawful,1
broniislaw,1
sherry,1
skeptic,1
nonviolence,1
vienna,1
faced,1
guaranteeing,1
designated,1
osborne,1
truth,1
everyone,1
affected,1
darwinism,1
greaves,1
schism,1
adventure,1
misery,1
kladderadatsch,1
announced,1
liberating,1
swiftly,1
murdered,1
juing,1
alone,1
clio,1
ethnographic,1
ois,1
partly,1
voracious,1
boulgh,1
grotesque,1
linguistic,1
scottish,1
speakers,1
womani,1
becoming,1
large,1
needed,1
dissented,1
spontaneolus,1
integrity,1
kinds,1
weimar,1
agency,1
enhance,1
sander,1
egalite,1
psychiatiy,1
hefty,1
word,1
informative,1
likely,1
rayna,1
staates,1
gynaecocracy,1
flowering,1
misogynist,1
true,1
rewards,1
solidarity,1
sinister,1
klejman,1
patriarch,1
primitivism,1
earthly,1
reassured,1
mommsen,1
genius,1
lavished,1
ardent,1
wolf,1
proclaims,1
clifford,1
ordained,1
pompous,1
missionaries,1
trace,1
certains,1
despots,1
etuldes,1
distaste,1
tome,1
necessarily,1
v,1
feminismz,1
hulman,1
francis,1
occurred,1
subjection,1
furth,1
factor,1
husbands,1
evil,1
guise,1
village,1
assume,1
fischoff,1
bram,1
dehistoricization,1
antisemitic,1
claire,1
corresponding,1
geist,1
reich,1
simplicissimuts,1
du,1
entourage,1
practices,1
themes,1
intentions,1
fires,1
arms,1
tellectutal,1
predominantly,1
band,1
lower,1
accumulation,1
said,1
thouight,1
witchcraft,1
member,1
burnett,1
golffing,1
ashley,1
either,1
twilight,1
beneficial,1
tyloi,1
invention,1
swedish,1
rivals,1
potestas,1
competition,1
interests,1
emotionalism,1
anthony,1
mamah,1
attempts,1
taken,1
concentrated,1
address,1
fiurth,1
homo,1
refusal,1
bonding,1
degree,1
england,1
knowing,1
senseless,1
experiments,1
faits,1
olympians,1
immense,1
principles,1
charisnmatic,1
woloman,1
height,1
available,1
tradition,1
laundry,1
advantage,1
upheld,1
friihen,1
prominence,1
astonishingly,1
deposed,1
thank,1
whatever,1
psychoanalyst,1
portrayal,1
grounding,1
germnany,1
rich,1
homosexual,1
accommodated,1
multter,1
moderns,1
revival,1
harriet,1
quintessential,1
scheme,1
reinstated,1
exalted,1
enormste,1
survey,1
martineau,1
evolving,1
hands,1
lengthened,1
dissents,1
horde,1
polygamous,1
faithful,1
gesellschaften,1
matrilocal,1
murray,1
greatly,1
fun,1
sacred,1
regression,1
lafargue,1
llutte,1
directors,1
grogan,1
adventures,1
alike,1
discipline,1
signs,1
climate,1
hostility,1
behind,1
dressed,1
dissolved,1
spirituality,1
visibility,1
extreme,1
venereal,1
satire,1
forutm,1
explosive,1
nederland,1
misfortune,1
ernest,1
growing,1
lawmakers,1
partners,1
side,1
est,1
resemblances,1
entente,1
brief,1
sophisticated,1
alfred,1
dr,1
shaken,1
webers,1
linear,1
attacked,1
gynacratie,1
cannibal,1
tie,1
anthology,1
assertions,1
klaus,1
struggled,1
formulation,1
task,1
wittich,1
facts,1
america,1
discuss,1
march,1
inl,1
changed,1
gough,1
vol,1
untersuchung,1
affirming,1
replacement,1
evanescence,1
stella,1
marc,1
possible,1
instituttions,1
bohemian,1
cooperation,1
den,1
international,1
slight,1
moderation,1
establishing,1
achievemenit,1
countess,1
ringer,1
move,1
cliche,1
erich,1
bland,1
ortner,1
transcend,1
professor,1
estranged,1
matriarch,1
mental,1
radicals,1
idols,1
tragodie,1
kuper,1
classics,1
establishment,1
selecting,1
bottom,1
apply,1
reconstruction,1
anticipated,1
totally,1
demanded,1
neutrotics,1
sozialwissenschaft,1
permissive,1
inviolable,1
identifies,1
prototype,1
reverence,1
eroded,1
liberated,1
cahnman,1
collection,1
emphasizing,1
behavior,1
humnian,1
aggression,1
sulloway,1
monday,1
ranked,1
labor,1
complained,1
survivals,1
andrew,1
hrulng,1
denying,1
ethik,1
married,1
pappenheim,1
hobbesian,1
relationships,1
anciennes,1
polur,1
modify,1
campbell,1
immediate,1
inevitable,1
patient,1
countless,1
alarm,1
mycenae,1
understand,1
forerunners,1
retrospectively,1
visited,1
prestigious,1
lebensbild,1
karlhans,1
afterthought,1
integral,1
aus,1
paradoxically,1
protege,1
predators,1
domain,1
perennial,1
edwardian,1
relatively,1
confining,1
evils,1
excerpted,1
eighty,1
dame,1
jr,1
forbade,1
musik,1
industrial,1
assen,1
arena,1
exponent,1
achievements,1
progressive,1
bacon,1
unity,1
adam,1
pessimistic,1
defense,1
elements,1
govermnent,1
destroyed,1
auswahl,1
quadrupeds,1
patria,1
oultline,1
legally,1
robb,1
balls,1
depend,1
profound,1
body,1
apollo,1
ithaca,1
simplest,1
response,1
denken,1
columbia,1
inclusion,1
races,1
started,1
disenchantment,1
dates,1
qulalities,1
egypt,1
compared,1
third,1
overcomes,1
misleading,1
maix,1
eiforschung,1
enlightened,1
hahn,1
georges,1
marvelous,1
rnerkwtirdigen,1
explore,1
mates,1
mirrored,1
drawn,1
gossman,1
obscure,1
student,1
consequently,1
slightest,1
reinforcing,1
evolultion,1
boas,1
apotheosis,1
secular,1
furthermore,1
deeply,1
fenzinisme,1
vitriolic,1
simplistic,1
frauenvereine,1
descriptive,1
leadership,1
ais,1
adult,1
cooperative,1
tolerance,1
subversion,1
frauengedanken,1
valiantly,1
build,1
virtuous,1
frieda,1
matriliny,1
realization,1
theatrical,1
grasp,1
jurist,1
phases,1
natur,1
van,1
irrelevant,1
offices,1
misuse,1
underlay,1
evanescent,1
added,1
theoty,1
reflects,1
genuinely,1
theresa,1
hopes,1
constellations,1
unchained,1
act,1
serves,1
observers,1
elaborate,1
growth,1
yet,1
performance,1
inwardness,1
sentences,1
across,1
magisterial,1
compatible,1
activists,1
adapt,1
possession,1
peacock,1
fantasies,1
dijkstra,1
dangers,1
bonnier,1
capture,1
holistic,1
fretd,1
knew,1
republique,1
adopted,1
profusion,1
socialisme,1
dealt,1
archiv,1
philadephia,1
neighborhood,1
granted,1
heard,1
proportion,1
inordinately,1
supplement,1
extenit,1
thing,1
lamented,1
renewal,1
attributing,1
sacrificed,1
dissenting,1
gernman,1
kingsley,1
unfeminine,1
jesuit,1
pages,1
enacted,1
symbols,1
empowered,1
tree,1
commemorating,1
rules,1
empowerment,1
awareness,1
animals,1
dismiss,1
moreover,1
lowers,1
deuitschland,1
egoistical,1
hailed,1
segment,1
bleak,1
decadence,1
making,1
fantasy,1
editing,1
modified,1
references,1
adequately,1
settled,1
escape,1
serve,1
perceptions,1
halves,1
proving,1
monumental,1
ensure,1
biased,1
cause,1
greeks,1
barbarous,1
escaped,1
supervised,1
capturze,1
improvement,1
randomness,1
physically,1
retained,1
descent,1
organized,1
louise,1
elisabeth,1
evolved,1
abuses,1
feminin,1
reformer,1
latin,1
abridged,1
amid,1
proved,1
bunch,1
hausfrau,1
males,1
days,1
former,1
kulltutrwissenschaften,1
air,1
constrain,1
numbers,1
traces,1
welfare,1
gradually,1
bouness,1
invalidating,1
prevent,1
abouit,1
statics,1
periodically,1
xi,1
advancing,1
textbook,1
economics,1
orientation,1
fatherhood,1
superior,1
zurich,1
legends,1
shorter,1
powerful,1
follow,1
wahnmoching,1
polar,1
deuxieme,1
mythes,1
defines,1
undertaken,1
arrests,1
olympic,1
initerpretation,1
mutterschaft,1
intentional,1
reorientation,1
essentialism,1
exploitation,1
weibliche,1
puts,1
einifiihrnng,1
answers,1
destructive,1
pious,1
erroneous,1
imminent,1
m,1
testify,1
symbolized,1
alexis,1
stutdy,1
providing,1
caustically,1
drawing,1
cut,1
myths,1
franz,1
artistic,1
bureaucracy,1
disturbingly,1
enacting,1
poetically,1
psychiatry,1
whereas,1
pantheon,1
opening,1
entwicklung,1
siele,1
prehistoric,1
lock,1
moederschap,1
glowingly,1
participants,1
introduce,1
path,1
questioned,1
blamed,1
inquity,1
develops,1
heavenly,1
savagery,1
typical,1
hetaerism,1
attack,1
amsterdam,1
eithne,1
recognize,1
ridicule,1
deal,1
tis,1
incestuous,1
alive,1
cannibalize,1
mckay,1
destined,1
compassion,1
primacy,1
symptoms,1
ethnologists,1
pioneer,1
actresses,1
brill,1
constantly,1
reactionary,1
fuel,1
base,1
believer,1
lent,1
intellectutal,1
late,1
lead,1
embedded,1
traversed,1
rebellious,1
further,1
wilden,1
pure,1
xxxiii,1
equally,1
supporters,1
informed,1
blow,1
aryan,1
reappeared,1
sozialwissenschaftlichen,1
youthful,1
michigan,1
zillah,1
stressing,1
lethal,1
rei,1
fisher,1
seiner,1
moderne,1
restabilization,1
revive,1
trule,1
frauenfragen,1
fulfill,1
fla,1
estimate,1
banded,1
grounds,1
fertilizing,1
fashionable,1
contesting,1
presided,1
lesbians,1
orienital,1
spiritual,1
wellspring,1
malthusian,1
acnd,1
required,1
facilities,1
numerous,1
knossos,1
marry,1
jewish,1
afstamming,1
gods,1
periodization,1
adolescent,1
unchallenged,1
immoral,1
experiment,1
receive,1
expensive,1
kitchen,1
breadwinners,1
torn,1
failure,1
shape,1
deutscher,1
periodical,1
theological,1
spheres,1
relatives,1
distinguish,1
unexcavated,1
artifacts,1
wvesterni,1
fumed,1
preconditions,1
residents,1
trial,1
avery,1
program,1
nachwort,1
feminisme,1
stellung,1
franchise,1
altruism,1
lords,1
imagined,1
spinster,1
distinctively,1
fries,1
characterization,1
withoult,1
civilisation,1
civil,1
claus,1
inevitability,1
stadtteil,1
secret,1
confined,1
negative,1
kent,1
suibjection,1
brutal,1
feared,1
bennett,1
loss,1
bible,1
laurence,1
overtly,1
borthwick,1
concentrate,1
contextualizing,1
opened,1
perrot,1
oxonians,1
historische,1
nach,1
ethnographical,1
staid,1
deconstructionists,1
call,1
transported,1
documented,1
cry,1
disciplined,1
illustrious,1
anything,1
premarital,1
sensibility,1
participate,1
predominance,1
few,1
preparation,1
resort,1
savagety,1
qutestion,1
alan,1
president,1
viennese,1
conform,1
miss,1
currents,1
lionel,1
deplored,1
challenging,1
trends,1
graduate,1
coniditioni,1
encounters,1
wobbe,1
anarchic,1
citing,1
abhorred,1
runde,1
vrouwen,1
stockholm,1
preceded,1
provision,1
creating,1
broadcast,1
legacy,1
least,1
mesopotamia,1
renounced,1
qualifications,1
caused,1
describing,1
societes,1
working,1
sweep,1
lowest,1
suffragettes,1
feministes,1
aroused,1
fostered,1
shaping,1
impossibly,1
aigiiste,1
bath,1
troubled,1
molestation,1
archaeology,1
begebenheiten,1
propose,1
feasts,1
neurotiker,1
titles,1
insurance,1
inextricably,1
coordinator,1
mistaking,1
openly,1
crowding,1
calling,1
het,1
several,1
enslaved,1
briffalilt,1
mitchell,1
frauenarbeit,1
initiating,1
endowed,1
gerneinschlaft,1
classically,1
overheated,1
pregnancy,1
bastian,1
choose,1
sisters,1
lind,1
grow,1
letourneau,1
mawr,1
temporary,1
industry,1
invoke,1
supposedly,1
observe,1
leader,1
notorious,1
distinguished,1
codes,1
subgroup,1
heberle,1
claudia,1
dem,1
managed,1
prerogatives,1
condemned,1
annual,1
ohio,1
nd,1
drudgery,1
wife,1
proper,1
exulted,1
correspondence,1
interchange,1
plausible,1
reflected,1
iton,1
substituted,1
value,1
crime,1
muttterrecht,1
sutr,1
underlying,1
finds,1
pervasive,1
francais,1
rest,1
interminable,1
intermarriage,1
philologus,1
garrett,1
licentious,1
subsequently,1
appeal,1
cleyre,1
cite,1
believers,1
precepts,1
outworn,1
seems,1
essayist,1
flourished,1
outside,1
critical,1
symbolism,1
philosophische,1
tasks,1
cultureless,1
led,1
san,1
ii,1
barnyard,1
dejection,1
epitome,1
lerner,1
insects,1
chronologisch,1
rochefort,1
advocate,1
matter,1
diskussion,1
elimination,1
rome,1
entitled,1
noble,1
fortunately,1
action,1
separation,1
doctoral,1
criticize,1
henri,1
triumphalism,1
positions,1
located,1
stuidies,1
expansion,1
juliet,1
rattray,1
regutlating,1
archetype,1
play,1
schemes,1
minority,1
corporation,1
receptive,1
classic,1
impose,1
dawn,1
brings,1
prevailing,1
forbidden,1
attempt,1
converted,1
resemblance,1
judgment,1
suppressing,1
millicent,1
expanded,1
domination,1
inertia,1
experiences,1
followers,1
cultutre,1
modes,1
reception,1
decisions,1
direction,1
formn,1
powerfully,1
gilbert,1
vergangenheit,1
undergo,1
depicted,1
communities,1
pacific,1
emerged,1
criticism,1
tuibingen,1
edited,1
chez,1
auspices,1
justifying,1
fair,1
intuitively,1
heinrichs,1
arrangements,1
koonz,1
lecturers,1
abasement,1
devotion,1
zulkunft,1
adrienne,1
expunged,1
friends,1
ehe,1
message,1
empowering,1
continuity,1
technology,1
columbus,1
windows,1
inspiration,1
duby,1
jutng,1
inconsistencies,1
disastrous,1
revitalizing,1
drunkenness,1
violation,1
debatten,1
subsuming,1
profane,1
enshrined,1
planned,1
extinction,1
rightly,1
eros,1
orde,1
dawns,1
seelenleben,1
shifting,1
ky,1
passions,1
passionately,1
revelries,1
eherechts,1
einige,1
expressed,1
acknowledging,1
lactation,1
contempt,1
decadent,1
lund,1
reconceptualizing,1
alien,1
ephraim,1
reliance,1
alten,1
proclivities,1
whitelaw,1
webe,1
innate,1
revenge,1
entwined,1
fawcett,1
journalist,1
auis,1
sketch,1
charismatic,1
vrije,1
declining,1
sexe,1
politieke,1
party,1
worst,1
matrons,1
goals,1
majority,1
geordnet,1
attainable,1
comfortable,1
skill,1
theorist,1
miniver,1
stronger,1
broadened,1
rationalism,1
figure,1
paraphrasing,1
purely,1
polemic,1
ended,1
academy,1
marriages,1
stricken,1
lafitau,1
put,1
harmonious,1
lucy,1
kosmogonischen,1
towards,1
projects,1
smith,1
wholeness,1
efforts,1
internalized,1
artists,1
communal,1
traceable,1
leading,1
patsriarchal,1
admit,1
uind,1
consideration,1
desley,1
octrober,1
temples,1
pressure,1
permanently,1
einzem,1
hottest,1
plan,1
hyams,1
depict,1
smart,1
husband,1
abstract,1
consent,1
occupied,1
writet,1
outdated,1
arisen,1
enable,1
germans,1
pamphlet,1
kreis,1
appropriately,1
ackerman,1
orpheus,1
considerable,1
pattern,1
ledger,1
civilisations,1
jealousy,1
devil,1
disproportionate,1
enactment,1
genealogy,1
patterns,1
enough,1
leviathan,1
racist,1
greeted,1
do,1
learn,1
performances,1
model,1
essentially,1
religiosen,1
lehmann,1
reckoned,1
purposes,1
validity,1
ensured,1
florence,1
emanated,1
celebrated,1
thozught,1
ontological,1
council,1
contraceptive,1
kaiser,1
kvinnororelsen,1
lectual,1
providentially,1
colony,1
norms,1
minneapolis,1
banner,1
kentucky,1
daunting,1
native,1
lepenies,1
silenced,1
conquer,1
style,1
schuler,1
womanihood,1
cooptation,1
number,1
alarmed,1
mnzre,1
thoroughly,1
agenda,1
socialiste,1
minded,1
calculation,1
another,1
able,1
independence,1
awakeninzg,1
behnke,1
fundamentally,1
buckler,1
greatest,1
nationial,1
voni,1
anzd,1
diverse,1
kathleen,1
vast,1
patriarchate,1
churches,1
reed,1
heralded,1
finnish,1
skepticism,1
okin,1
coluncil,1
disappear,1
doomed,1
conspicuously,1
upon,1
eighteenth,1
bear,1
matthews,1
pathology,1
slaves,1
fracl,1
defied,1
lichtblau,1
exogamy,1
kosmische,1
arose,1
stuldies,1
distinctly,1
feast,1
depended,1
looking,1
pessimismthough,1
clustered,1
elite,1
gerda,1
expand,1
minds,1
host,1
montagu,1
lecture,1
skeptical,1
banishiing,1
prevailed,1
bondage,1
brutish,1
radicalism,1
operated,1
mythos,1
neumann,1
oppose,1
radio,1
refers,1
edwin,1
geburt,1
franca,1
prominently,1
preservers,1
resulting,1
permeates,1
bitter,1
processes,1
actual,1
business,1
discontinuity,1
pamphlets,1
continue,1
zaller,1
fantastic,1
prevail,1
full,1
ceremonies,1
previous,1
experienced,1
relegated,1
cataclysmic,1
chamberlin,1
connected,1
eleventh,1
dismissed,1
optimistic,1
polarity,1
roberts,1
versions,1
ties,1
inteipretive,1
low,1
homeric,1
jzng,1
discovered,1
margaret,1
solts,1
three,1
historic,1
heidelberg,1
reality,1
womlen,1
adding,1
commllnity,1
vindication,1
grew,1
poke,1
scandinavia,1
fallacy,1
zimbalist,1
oder,1
feature,1
essay,1
peter,1
objection,1
interpret,1
workers,1
newest,1
serious,1
intellectually,1
controversies,1
riot,1
organism,1
admirer,1
laing,1
derived,1
characterized,1
analytic,1
naive,1
inventing,1
function,1
cheltenham,1
responses,1
parti,1
mask,1
collected,1
issue,1
tubingen,1
ernst,1
linking,1
brain,1
counted,1
contributed,1
accurate,1
anyone,1
conscioulsness,1
preservation,1
offense,1
uncompromising,1
sally,1
martin,1
kans,1
grossest,1
institutionalized,1
fertilization,1
reputable,1
why,1
sojourn,1
nurture,1
fenminists,1
decorous,1
facing,1
religioni,1
sentiment,1
wilkins,1
commentators,1
systems,1
k,1
textbooks,1
cultutral,1
arise,1
topic,1
editors,1
mare,1
bouton,1
impersonal,1
overcome,1
tactics,1
authoritatively,1
bryn,1
respond,1
biographer,1
mr,1
effect,1
influences,1
teach,1
masculine,1
rupture,1
axe,1
diamond,1
enemies,1
seeking,1
kill,1
capitalism,1
costume,1
electricity,1
gemneinschaft,1
lay,1
italy,1
looked,1
renate,1
cruel,1
grain,1
vaderschap,1
overthrow,1
destruction,1
demetrian,1
connections,1
rochester,1
freewoman,1
professional,1
lang,1
quarter,1
louisiana,1
sandra,1
gorgoudi,1
creativity,1
arresting,1
eigenschaften,1
stereotypes,1
offspring,1
justice,1
restores,1
separate,1
huwelijk,1
recast,1
genesis,1
headings,1
carried,1
rachel,1
piure,1
urreligion,1
aspirations,1
liberalism,1
ecstasies,1
moses,1
me,1
backward,1
trautman,1
chances,1
belonged,1
usurpation,1
window,1
liveliest,1
oakes,1
reviewer,1
independent,1
quo,1
assert,1
conquered,1
inducing,1
criminal,1
continuing,1
defenders,1
proclaimed,1
selections,1
foster,1
fear,1
hill,1
unanswerable,1
ironically,1
legislator,1
lines,1
burnings,1
recognizes,1
ordinary,1
primarily,1
helmet,1
substitution,1
mad,1
disagreements,1
becomes,1
mood,1
abnormal,1
vindictiveness,1
remarriage,1
conisciolusness,1
imposition,1
militant,1
effectively,1
visual,1
germaniy,1
philosopher,1
eisenstein,1
confine,1
originated,1
inadequate,1
executive,1
indicate,1
gegenwart,1
memorable,1
antiquity,1
snapped,1
owed,1
miami,1
intend,1
crass,1
accusation,1
zohn,1
calamitously,1
lever,1
maternity,1
humanitarianism,1
blood,1
figured,1
inferior,1
neurosis,1
rnpublique,1
dead,1
respect,1
sheila,1
supporting,1
seinen,1
ubereinstimmuingen,1
types,1
lingua,1
centuries,1
exists,1
obstacle,1
repressed,1
commenting,1
erudite,1
interpretive,1
essais,1
confessed,1
helpfulness,1
immensely,1
attachment,1
tribe,1
conceded,1
perversity,1
founders,1
claims,1
goldberg,1
complacent,1
fertility,1
tyrant,1
afterword,1
dubois,1
environment,1
stereotyped,1
familie,1
autumnal,1
totenm,1
exercised,1
liked,1
spoke,1
beast,1
actually,1
judgments,1
practice,1
terrible,1
following,1
xxiv,1
broke,1
experts,1
ongehuwd,1
version,1
changing,1
hollingdale,1
corresponded,1
navarette,1
crazed,1
wesel,1
mercantile,1
respective,1
demonstrate,1
extensive,1
confusion,1
hemny,1
popularize,1
weighty,1
reinforced,1
soil,1
tabiu,1
discrepancy,1
donna,1
exuberantly,1
savigny,1
hartmut,1
ridiculed,1
physical,1
offers,1
welt,1
napoleonic,1
set,1
mccracken,1
repository,1
hospitality,1
know,1
defining,1
dimension,1
ran,1
favorably,1
continental,1
distinctive,1
refused,1
gaps,1
sure,1
delitschland,1
country,1
paradigm,1
historicism,1
parental,1
scientist,1
shockingly,1
reversal,1
passimn,1
spontaneous,1
thoulght,1
roman,1
harked,1
good,1
ample,1
best,1
unknown,1
alexander,1
disillusionment,1
confidential,1
ehrenberg,1
soziologie,1
ursprwig,1
denoted,1
clan,1
half,1
current,1
regard,1
tenderness,1
makinig,1
epistemological,1
eugenics,1
foundation,1
rivalry,1
okla,1
contradictory,1
guy,1
sustaining,1
stridently,1
protestantische,1
flamboyant,1
benefit,1
unconsciouls,1
visits,1
jennifer,1
associations,1
cities,1
sum,1
lauded,1
girton,1
placing,1
protect,1
prolegomena,1
profuse,1
rural,1
passage,1
geschichte,1
february,1
carole,1
felicia,1
better,1
alodernity,1
person,1
pavilion,1
conceding,1
phd,1
justify,1
einem,1
developmenlt,1
beginning,1
macriage,1
elmer,1
diverses,1
witch,1
ohne,1
patrician,1
automatically,1
economy,1
exposing,1
evocation,1
notable,1
affirm,1
proceedings,1
conservatism,1
darmstadt,1
interwar,1
professorial,1
terms,1
cullt,1
professors,1
malaise,1
webster,1
dislike,1
marche,1
want,1
vecue,1
lane,1
consciolusness,1
derided,1
westminster,1
sluffrage,1
metaphor,1
austrian,1
hoped,1
krader,1
writes,1
grief,1
vigorously,1
transactions,1
grundbegriffe,1
problem,1
extent,1
harrowitz,1
translators,1
perpetrated,1
junk,1
pursued,1
glorification,1
secure,1
notebooks,1
oppositions,1
explored,1
entry,1
imperial,1
etulde,1
discourses,1
agreed,1
moller,1
sexuial,1
benevolence,1
meetings,1
contain,1
infant,1
iibe,1
freedom,1
ses,1
size,1
periodicals,1
gratitude,1
bodies,1
outline,1
permissiveness,1
level,1
euiropean,1
characters,1
lois,1
trivial,1
paradise,1
determined,1
multiple,1
biologically,1
peace,1
reported,1
conclude,1
daughters,1
excesses,1
hartman,1
city,1
langulage,1
bridenthal,1
adolf,1
content,1
mothergoddess,1
courses,1
renounce,1
charisma,1
kapitalismus,1
variability,1
convinced,1
rechtsentwicklung,1
famille,1
buy,1
intended,1
step,1
regulated,1
reappraisal,1
went,1
evolutie,1
clulture,1
uwe,1
tolbert,1
possessions,1
tender,1
oz,1
placated,1
treasury,1
phenomenon,1
sweets,1
hedonism,1
jeffreys,1
think,1
paula,1
ein,1
refutation,1
insulated,1
prepared,1
lustful,1
introdulction,1
eric,1
jacoby,1
robertson,1
wild,1
antiquite,1
piety,1
heide,1
centennial,1
moderate,1
ultimately,1
commercial,1
differentiation,1
unable,1
background,1
pseudoscholarly,1
difference,1
restrictions,1
ignored,1
initiated,1
deutschland,1
clubs,1
bracing,1
wis,1
ihrer,1
geiste,1
washington,1
oppression,1
finally,1
accept,1
aware,1
explanation,1
publicized,1
protagonist,1
glorify,1
premature,1
offer,1
insight,1
instead,1
detached,1
include,1
typically,1
integrated,1
land,1
define,1
building,1
magazine,1
need,1
casaubon,1
green,1
constructed,1
disorienting,1
unified,1
barnes,1
ofaamerican,1
functionalist,1
thoughtful,1
integration,1
apprehensions,1
biographische,1
effects,1
prospect,1
colleagues,1
triunmphant,1
attempted,1
off,1
programme,1
membership,1
instinct,1
womaan,1
indecent,1
tacboo,1
reinen,1
oldest,1
madison,1
francisco,1
einffi,1
bough,1
passive,1
rosenberg,1
peuples,1
putting,1
roles,1
morning,1
propriety,1
aphrodite,1
rightness,1
evelyn,1
offered,1
observation,1
specific,1
contradicted,1
ehefraua,1
walter,1
privateigenttlms,1
penetrated,1
assumed,1
actress,1
withdrew,1
det,1
recounted,1
fortuitous,1
ascendancy,1
marxist,1
rejection,1
point,1
zeus,1
transitory,1
rechtlichen,1
sharing,1
create,1
norman,1
fears,1
accounit,1
substantial,1
dynanmic,1
swiftness,1
backwards,1
develop,1
militantly,1
mature,1
objected,1
technological,1
deeper,1
observed,1
famous,1
infancy,1
profiles,1
resembled,1
broader,1
stuldy,1
meeting,1
asked,1
conversations,1
built,1
fur,1
nasty,1
hauswirtschaft,1
quiestion,1
perception,1
purgative,1
retrospect,1
psychoanialysis,1
advocating,1
matrifocal,1
riviere,1
werner,1
thorough,1
