WORDCOUNTS,WEIGHT
the,672
of,515
and,401
in,317
to,257
a,153
that,148
was,104
witchcraft,102
as,98
on,84
magic,74
this,69
with,66
or,64
by,64
power,61
he,59
rites,59
they,58
authorities,58
for,57
nider,56
not,51
were,49
had,49
medieval,48
demons,47
demonic,46
be,44
ritual,43
from,42
s,40
could,39
see,39
modern,38
witches,38
et,38
kramer,38
his,36
more,36
it,34
common,34
an,34
these,34
also,34
magical,34
no,33
but,33
spells,33
century,32
all,31
their,30
witch,30
nature,29
such,29
late,29
superstition,29
have,28
religion,27
she,27
at,26
malleus,26
church,25
into,25
fifteenth,25
would,25
did,25
early,25
about,24
many,24
disenchantment,24
while,24
other,23
which,23
divine,22
middle,22
ages,22
any,22
reformation,22
most,21
formicarius,21
und,21
fol,21
charms,21
maleficarum,20
yet,20
is,20
some,19
christian,19
history,18
theorists,18
even,18
than,18
how,18
because,18
practices,18
might,18
them,18
should,18
thought,17
esp,17
europe,17
made,17
european,17
who,17
per,16
only,16
forms,16
rite,16
der,16
one,15
de,15
however,15
acts,15
when,15
period,15
so,15
sign,14
certain,14
well,14
man,14
devil,14
thomas,14
over,14
although,14
weber,14
thus,13
modernity,13
ed,13
beliefs,13
non,13
been,13
often,13
are,13
specific,13
ibid,13
sought,12
since,12
rather,12
conceptions,12
world,12
religious,12
new,12
ernestine,12
her,12
popular,12
cross,12
long,11
concerns,11
fact,11
preceptorium,11
entirely,11
means,11
centuries,11
des,11
themselves,11
here,11
if,10
later,10
real,10
those,10
healer,10
kieckhefer,10
example,10
least,10
god,10
culture,10
cum,10
toward,10
belief,10
eds,10
concern,10
him,10
earlier,10
terms,10
concerned,9
hail,9
words,9
point,9
deeply,9
too,9
prayer,9
used,9
issues,9
healing,9
various,9
demon,9
three,9
peter,9
force,9
particularly,9
through,9
actions,9
much,9
now,8
approved,8
stressed,8
simple,8
fully,8
inherent,8
there,8
within,8
magni,8
activity,8
quod,8
still,8
fols,8
against,8
ut,8
elements,8
essential,8
german,8
aberglaube,8
supernatural,8
notion,8
direct,8
frequently,8
n,8
protestant,8
forces,8
employed,8
involved,8
foot,8
performed,8
friend,8
water,8
i,8
especially,8
science,8
invocation,8
cause,8
particular,8
treatises,8
became,8
maintained,8
you,8
between,8
diabolical,8
nevertheless,7
account,7
development,7
clark,7
operations,7
basic,7
johannes,7
ex,7
cunning,7
important,7
understood,7
its,7
holy,7
always,7
practice,7
proper,7
forbidden,7
christ,7
ad,7
buch,7
number,7
cambridge,7
clerical,7
systems,7
von,7
then,7
theology,7
what,7
whether,7
pact,7
remedies,7
enlightenment,7
im,7
traditional,7
clerics,7
nicholas,6
way,6
stuart,6
trans,6
complex,6
agency,6
scribner,6
western,6
certainly,6
official,6
faithful,6
context,6
bewitchment,6
zur,6
formula,6
human,6
tacit,6
ecclesiastical,6
york,6
influential,6
tensions,6
astral,6
superstitionibus,6
jauer,6
responded,6
christianity,6
r,6
london,6
people,6
rituals,6
folk,6
fire,6
perceived,6
already,6
noted,6
present,6
spell,6
woman,6
day,6
use,6
sed,6
like,6
faith,6
effect,6
ritualized,6
far,6
essentially,6
evident,6
given,6
course,6
uncertainty,6
germany,5
true,5
studies,5
spirit,5
first,5
entailed,5
heinrich,5
growing,5
issue,5
suspect,5
richard,5
bailey,5
regarding,5
term,5
theologiae,5
nor,5
effective,5
compel,5
laity,5
vel,5
aquinas,5
lead,5
out,5
focused,5
perform,5
directly,5
concept,5
tears,5
jerouschek,5
several,5
weberian,5
supposedly,5
decline,5
pa,5
wolfgang,5
maleficium,5
society,5
critical,5
summa,5
scientific,5
trials,5
improper,5
similarly,5
areas,5
behringer,5
behind,5
superstitions,5
compelled,5
degree,5
injured,5
siena,5
ceremonies,5
described,5
clear,5
spirits,5
illicit,5
seeking,5
hartlieb,5
sometimes,5
strongly,5
pacts,5
itself,5
bernardino,5
intellectual,5
historians,5
merely,5
person,5
diabolism,5
making,5
both,5
understanding,5
die,5
simply,5
instead,5
d,5
super,5
major,5
superstitious,4
ankarloo,4
legitimate,4
qui,4
park,4
necessarily,4
nineteenth,4
women,4
based,4
either,4
desire,4
confusion,4
das,4
system,4
lachrymas,4
very,4
interact,4
learned,4
central,4
immediate,4
admitted,4
times,4
baumann,4
talia,4
y,4
journal,4
operative,4
may,4
operation,4
oxford,4
act,4
homo,4
developed,4
after,4
danger,4
lay,4
injury,4
calif,4
university,4
les,4
repeated,4
clearly,4
days,4
argued,4
age,4
commonly,4
max,4
notions,4
result,4
hands,4
further,4
produced,4
gentilcore,4
theological,4
related,4
literature,4
tale,4
scholastic,4
quam,4
sense,4
thirteenth,4
broedel,4
presence,4
christians,4
condemned,4
notes,4
therefore,4
aller,4
unofficial,4
identified,4
action,4
indeed,4
vocation,4
above,4
thinkers,4
under,4
j,4
ne,4
lord,4
frömmigkeit,4
gg,4
two,4
social,4
again,4
verbotenen,4
idea,4
scholars,4
attempting,4
time,4
john,4
discussed,4
never,4
developing,4
accepted,4
bengt,4
explicitly,4
remained,4
cure,4
intent,4
effectiveness,4
largely,4
saints,4
pagan,4
künste,4
general,4
function,4
probably,4
story,4
we,4
performing,4
suspected,4
recourse,4
michael,4
potius,4
uerba,4
addressed,4
uel,4
constructed,4
drew,4
flint,4
historical,4
suffering,4
ones,4
w,4
presented,4
sacraments,4
innocent,4
lands,4
numerous,4
define,4
need,4
leiden,4
remains,4
impart,4
potential,4
c,4
rejection,4
chicago,4
era,4
debate,4
interaction,4
among,4
stephens,4
does,3
along,3
hailstorms,3
introduction,3
remedia,3
pels,3
judged,3
properly,3
essays,3
ways,3
h,3
sudden,3
position,3
cured,3
princeton,3
efficacy,3
bracha,3
vols,3
england,3
tradition,3
leading,3
ahr,3
potentially,3
eius,3
reveal,3
zu,3
respond,3
keith,3
raised,3
case,3
est,3
prior,3
recommended,3
possible,3
sixteenth,3
aliquid,3
powers,3
inquisitors,3
x,3
patristic,3
himself,3
treatise,3
throughout,3
due,3
styers,3
turn,3
underlying,3
ithaca,3
für,3
warned,3
solum,3
critique,3
asad,3
delivered,3
influence,3
jean,3
authority,3
philadelphia,3
performance,3
possession,3
explicit,3
heresy,3
storms,3
similar,3
derived,3
form,3
origins,3
moreover,3
supposed,3
soul,3
servants,3
established,3
latin,3
four,3
shed,3
followed,3
caciola,3
pious,3
appear,3
closely,3
pastoral,3
allow,3
owen,3
inversion,3
sacramentals,3
günter,3
recently,3
intensity,3
applied,3
tension,3
spiritual,3
possibility,3
relief,3
etiam,3
aut,3
part,3
feared,3
place,3
has,3
speaking,3
respondetur,3
call,3
campagne,3
bishop,3
invoking,3
exorcism,3
confession,3
good,3
change,3
tacitly,3
order,3
emerging,3
tschacher,3
munich,3
spätmittelalter,3
blessings,3
results,3
activities,3
discernment,3
creed,3
rationalism,3
modo,3
standing,3
single,3
hamm,3
sex,3
message,3
den,3
luke,3
merchant,3
taken,3
reliance,3
increasingly,3
rise,3
functioned,3
mark,3
inquisition,3
treatment,3
laypeople,3
debates,3
inherently,3
guilty,3
fashion,3
vt,3
do,3
secular,3
ultimately,3
less,3
perhaps,3
casting,3
demonstrated,3
discussion,3
examples,3
sacramental,3
including,3
detailed,3
judge,3
persisted,3
virtually,3
processes,3
hoc,3
complicated,3
theories,3
moral,3
directed,3
doctors,3
express,3
points,3
formulas,3
horrific,3
allowed,3
men,3
accused,3
conclusions,3
protestantism,3
implore,3
study,3
relation,3
mainly,3
can,3
concluded,3
brown,3
improperly,3
superstitio,3
dealing,3
aid,3
lovers,3
raise,3
fuit,3
fear,3
conjuration,3
began,3
indicate,3
antiquity,3
life,3
why,3
analysis,3
existed,3
instances,3
face,3
earliest,3
infirmos,3
thinking,3
following,3
precise,3
text,3
seem,3
cures,3
post,3
sacra,3
jolly,3
written,3
past,3
turned,3
bewitched,3
clarity,3
local,3
rationality,3
carmina,3
almost,3
bodies,3
directive,3
ac,3
subject,3
arguments,3
found,3
hexenverfolgungen,3
question,3
theologie,3
finally,3
crisis,3
battling,3
centrality,3
effects,3
shift,3
adminus,3
duffy,3
clarify,3
element,3
intended,3
strong,3
liturgical,3
pott,3
resolve,2
go,2
statim,2
indicated,2
names,2
speculum,2
schluchter,2
stood,2
dangers,2
notably,2
berlin,2
malefica,2
heal,2
denied,2
kinds,2
identify,2
demonis,2
hodie,2
word,2
formed,2
english,2
approaches,2
doubts,2
protection,2
trinitatis,2
arguing,2
source,2
chief,2
du,2
permitted,2
being,2
said,2
cast,2
vos,2
experimenta,2
wax,2
implications,2
attempts,2
monter,2
worshiping,2
address,2
attempt,2
sub,2
humans,2
repr,2
briggs,2
reassuringly,2
gerson,2
definition,2
tres,2
divinity,2
quid,2
available,2
entered,2
hunting,2
deemed,2
subsequent,2
help,2
devils,2
feature,2
habeatur,2
ignem,2
benedictiones,2
state,2
fullest,2
sacred,2
discipline,2
ambiguous,2
hic,2
carnality,2
apostles,2
albeit,2
unaware,2
matthew,2
saying,2
probing,2
uerborum,2
illegitimate,2
west,2
uncertain,2
infra,2
karen,2
surely,2
explained,2
kselman,2
signum,2
dei,2
author,2
neighbors,2
untersuchungen,2
relatively,2
gratia,2
southern,2
walter,2
discerning,2
heightened,2
application,2
ipsius,2
meyer,2
rooted,2
virgo,2
mundi,2
distinct,2
profound,2
back,2
response,2
wholly,2
occult,2
area,2
left,2
enlightened,2
gospel,2
sorcery,2
hexenverfolgung,2
nuanced,2
conjure,2
zauberei,2
employ,2
failed,2
wounds,2
profoundly,2
recognized,2
menace,2
whose,2
dilemma,2
purely,2
troubled,2
premodern,2
carminationes,2
hansen,2
signo,2
christine,2
represented,2
importance,2
pluat,2
salvation,2
principio,2
martin,2
understand,2
category,2
utterly,2
developments,2
dominican,2
old,2
licitum,2
quia,2
elsewhere,2
just,2
blauert,2
mary,2
threat,2
milan,2
contineant,2
piety,2
stripping,2
connecting,2
autem,2
trained,2
view,2
habeant,2
distinction,2
identifying,2
juncture,2
begun,2
access,2
recite,2
captured,2
malevolent,2
preacher,2
caldwell,2
informed,2
cultural,2
appears,2
viewed,2
russell,2
absolute,2
necromantic,2
reform,2
religiosity,2
exert,2
frühe,2
elliott,2
having,2
ecclesie,2
dilemmas,2
revealed,2
work,2
conjured,2
denial,2
tacitum,2
convoluted,2
overview,2
discussions,2
overtly,2
broad,2
actually,2
thereafter,2
theologian,2
focuses,2
lausanne,2
reflect,2
formations,2
putatively,2
kritik,2
couple,2
stanford,2
quas,2
own,2
approach,2
manifestation,2
fabián,2
makes,2
tanquam,2
correct,2
caused,2
field,2
questionable,2
recast,2
reliable,2
storm,2
siquidem,2
ista,2
quite,2
driving,2
invoke,2
manchester,2
protect,2
aggressively,2
ostorero,2
provided,2
am,2
seemed,2
jeffrey,2
catholicus,2
will,2
counteract,2
pertineat,2
investigating,2
bells,2
blessed,2
female,2
whatever,2
make,2
drink,2
initially,2
contra,2
seemingly,2
theologians,2
deutschland,2
once,2
criticism,2
reference,2
evocatively,2
deus,2
subservient,2
formally,2
combat,2
neither,2
salient,2
islam,2
same,2
pactum,2
si,2
ambiguities,2
regardless,2
endured,2
members,2
magicians,2
demonum,2
structures,2
stated,2
strike,2
others,2
locating,2
destroy,2
longer,2
lack,2
consideration,2
krzysztof,2
silently,2
dum,2
children,2
break,2
maleficorum,2
doubt,2
considerable,2
arguably,2
honor,2
took,2
faciunt,2
renaissance,2
focusing,2
shifts,2
tunc,2
verbal,2
another,2
extended,2
evangelists,2
eighteenth,2
conjurations,2
formal,2
region,2
translation,2
previously,2
herself,2
worship,2
interrelation,2
fourteenth,2
engaging,2
aside,2
actual,2
engaged,2
nothing,2
full,2
dating,2
significance,2
corrupted,2
necromancy,2
formulaic,2
b,2
sicut,2
david,2
played,2
omnes,2
talal,2
problems,2
v,2
capitalism,2
spain,2
verbum,2
attention,2
la,2
widely,2
ethic,2
sanctissime,2
entail,2
omnia,2
hildesheim,2
cow,2
unheilvollste,2
fairly,2
seu,2
vision,2
catholic,2
male,2
seen,2
progressively,2
trinies,2
responsible,2
construction,2
fall,2
hexenhammer,2
legitimately,2
proving,2
confessed,2
bewitchments,2
matters,2
sunt,2
saxer,2
incorporated,2
agents,2
symbolic,2
theme,2
known,2
weeping,2
disguise,2
explicate,2
command,2
hec,2
segl,2
berkeley,2
natural,2
removed,2
control,2
readily,2
aquam,2
different,2
relieve,2
confident,2
denigrate,2
molten,2
straightforward,2
huiusmodi,2
argue,2
offers,2
regard,2
milk,2
reflected,2
tracts,2
placing,2
prayers,2
works,2
sermons,2
originality,2
anfängen,2
believed,2
confess,2
augustine,2
altars,2
laying,2
accounts,2
trinity,2
maintain,2
reiterated,2
statement,2
protective,2
remove,2
condemn,2
problem,2
produce,2
agreed,2
categories,2
initum,2
careful,2
authors,2
jahrhunderts,2
waning,2
tried,2
disciplines,2
entstehung,2
exempla,2
sabbat,2
focus,2
healed,2
coming,2
categorization,2
come,2
borst,2
sanctioned,2
models,2
reveals,2
surrounding,2
frame,2
dangerous,2
actively,2
aufklärung,2
davies,2
evidence,2
physical,2
weep,2
explicating,2
association,2
christi,2
meaning,2
recounted,2
deployment,2
demone,2
gestures,2
texts,2
little,2
souls,2
immediately,2
seek,2
tempestas,2
virtue,2
resembled,2
alejandro,2
demonological,2
roles,2
questio,2
discern,2
courts,1
erroneous,1
final,1
frequent,1
difficult,1
trajectory,1
traktatu,1
incantations,1
wojciech,1
cicius,1
gerald,1
possessed,1
lateness,1
mostly,1
merovingian,1
o,1
triple,1
personally,1
m,1
nominalism,1
quatuor,1
fathers,1
limits,1
ualeat,1
polish,1
ethics,1
emptiness,1
wirkungsgeschichte,1
elite,1
geschichtlicher,1
semper,1
uentos,1
generated,1
grandine,1
hailstones,1
entities,1
corruption,1
casualness,1
volgari,1
immune,1
teolog,1
ready,1
cloaked,1
winds,1
represent,1
ignota,1
debili,1
extreme,1
shrines,1
levack,1
nec,1
thrown,1
determine,1
feminization,1
dale,1
solemni,1
resoluuntur,1
sacre,1
karin,1
coerce,1
ultimate,1
diuinos,1
vilify,1
succinct,1
mundane,1
pushed,1
passing,1
connect,1
forcing,1
arno,1
bei,1
stripped,1
told,1
valerie,1
prohibitions,1
needed,1
louisville,1
conducted,1
burton,1
nomina,1
enduring,1
partially,1
kaminsky,1
spätmittelatlerliche,1
putative,1
reformschrifttum,1
fidelibus,1
abstersit,1
tend,1
institoris,1
applicatis,1
schools,1
asserted,1
saxon,1
philippe,1
prince,1
dominica,1
strictly,1
situation,1
di,1
methodisch,1
devalue,1
contend,1
earthly,1
mit,1
paradigms,1
coniurationes,1
nicolau,1
ardent,1
blameless,1
blows,1
ominous,1
ms,1
duke,1
unaccommodated,1
implorata,1
acceptance,1
pail,1
zentrierung,1
gerth,1
magie,1
character,1
illis,1
tübingen,1
invent,1
dominio,1
observing,1
autour,1
mittelalter,1
candles,1
before,1
constance,1
remedy,1
savior,1
beispiel,1
descriptions,1
iam,1
meaningless,1
inuocatione,1
theft,1
euangelistas,1
materials,1
secundum,1
nubes,1
debased,1
themes,1
penitentia,1
experience,1
highlight,1
religio,1
notre,1
reprinted,1
sit,1
videantur,1
passion,1
decidedly,1
twilight,1
beneficial,1
undermine,1
mormando,1
plumbo,1
global,1
every,1
constituting,1
laurens,1
immo,1
intendit,1
buc,1
ii,1
relinquitur,1
mysterious,1
rested,1
promulgate,1
hurling,1
fowl,1
rapid,1
lutz,1
anima,1
paravicini,1
worked,1
calvins,1
frommigkeit,1
tolerated,1
seems,1
mitteleuropas,1
historiography,1
strip,1
confirmed,1
dramatically,1
zeitschrift,1
eruption,1
mangled,1
book,1
habere,1
crops,1
chapters,1
secondary,1
belong,1
terra,1
great,1
bavaria,1
gradual,1
quinto,1
centering,1
aliis,1
analyses,1
pressed,1
marek,1
officiis,1
narrative,1
able,1
complicity,1
necessario,1
coniuro,1
sometime,1
forschung,1
located,1
heresis,1
uncovered,1
entering,1
immortal,1
harvard,1
concealment,1
futurorum,1
devineurs,1
scriptura,1
toleration,1
principium,1
last,1
mystical,1
mind,1
intingit,1
stand,1
corruptions,1
deriving,1
repudiation,1
illud,1
que,1
reading,1
signs,1
sermon,1
hobbins,1
fugiat,1
oculis,1
confused,1
threshold,1
daniel,1
videtur,1
el,1
glaubens,1
pretense,1
speech,1
british,1
scire,1
soothsayers,1
empty,1
madrid,1
connoted,1
adjured,1
cruce,1
supplication,1
tertia,1
roy,1
ecclesiastically,1
assertions,1
foundational,1
save,1
key,1
guenther,1
enchantment,1
draws,1
circulate,1
sects,1
siglos,1
civitate,1
reassert,1
lingering,1
mass,1
iv,1
agit,1
gegenstand,1
immolate,1
sexual,1
muddled,1
victims,1
causat,1
newman,1
frömmigkeitstheologie,1
efficacious,1
ligandi,1
lachrymam,1
vol,1
porter,1
untersuchung,1
italian,1
felt,1
howard,1
determined,1
politics,1
compelling,1
subito,1
xv,1
vero,1
illustrate,1
slight,1
drive,1
establishing,1
ventos,1
illicita,1
occupy,1
fine,1
community,1
idolatrie,1
resoluti,1
normative,1
interdisciplinary,1
desired,1
reconfiguring,1
eliminating,1
exercitiis,1
astrologers,1
magistrate,1
indicating,1
respondit,1
laws,1
restraining,1
dynamic,1
chart,1
dissipated,1
commendable,1
confessing,1
solo,1
irrational,1
confessions,1
euangelica,1
prevented,1
engage,1
stirring,1
collection,1
jakob,1
behavior,1
paweł,1
aggression,1
interestingly,1
eamon,1
wherever,1
eckhard,1
repeatedly,1
geschichte,1
nihil,1
excursus,1
includes,1
programmatik,1
denying,1
silent,1
review,1
married,1
breisgau,1
spätmittelalters,1
esse,1
permissibility,1
vestris,1
eras,1
secunda,1
approbatio,1
historically,1
tractatus,1
veracity,1
proceeded,1
laedimini,1
nn,1
severe,1
spectrum,1
possunt,1
dynamics,1
françoise,1
avenging,1
quality,1
unessential,1
run,1
bent,1
surrounded,1
illustrates,1
molestare,1
objective,1
visited,1
literatos,1
saluatore,1
exorcismis,1
umfeld,1
realized,1
inquantum,1
burying,1
wrath,1
likewise,1
integral,1
proliferated,1
craze,1
asceticism,1
authoritative,1
regarded,1
ability,1
wrathful,1
moment,1
vera,1
propria,1
unheil,1
codex,1
te,1
ancient,1
issued,1
american,1
reformers,1
corporalia,1
overt,1
tamen,1
insofar,1
siècle,1
doctrina,1
assured,1
extensively,1
deprehensus,1
yourself,1
z,1
allegauit,1
forced,1
touched,1
abstractions,1
tam,1
satan,1
cases,1
scopa,1
items,1
pondered,1
illuminates,1
problematize,1
uncontroversial,1
supplicated,1
inattention,1
ante,1
causing,1
legis,1
contrary,1
differently,1
restrict,1
difficulty,1
ketzer,1
fugauit,1
served,1
myth,1
pouring,1
theologia,1
cardinal,1
demoniacs,1
scripta,1
overarching,1
child,1
drawn,1
lublin,1
superstitiosus,1
sin,1
suspectus,1
defend,1
conceive,1
repudiated,1
martial,1
hardly,1
electi,1
acted,1
renewing,1
unpaginated,1
undone,1
stanley,1
master,1
parlance,1
colvener,1
babies,1
error,1
feign,1
scholarly,1
deisidaimonia,1
smearing,1
procuraret,1
crossroads,1
promised,1
perfect,1
newer,1
purer,1
qualem,1
drained,1
erstdruckes,1
cameron,1
opposed,1
definitively,1
explanations,1
town,1
hamburg,1
laien,1
intentionem,1
exact,1
bonney,1
ernst,1
similia,1
l,1
injuries,1
efficaciam,1
świadectwo,1
practicauerit,1
graf,1
recitation,1
declaring,1
compatible,1
potest,1
lyndal,1
debated,1
plumbum,1
edward,1
en,1
canonistas,1
dubio,1
gloriosissime,1
vollste,1
doctrine,1
process,1
salute,1
knew,1
secularization,1
deprauantur,1
eorum,1
necromancer,1
archiv,1
vienna,1
determining,1
risk,1
conditionibus,1
associate,1
legal,1
rigor,1
christianization,1
thing,1
à,1
exorcised,1
grew,1
se,1
europa,1
strange,1
freed,1
assuming,1
special,1
revelation,1
enacted,1
elaborate,1
adiungitur,1
eradicating,1
black,1
echoed,1
verbo,1
prolatione,1
appropriateness,1
coniurantionibus,1
impressed,1
feel,1
prediche,1
perilously,1
dismiss,1
consequences,1
roth,1
reinforce,1
nocens,1
ames,1
addressing,1
monuments,1
reason,1
involvement,1
send,1
worlds,1
insistence,1
potion,1
perceptions,1
muir,1
harmening,1
dixerit,1
plus,1
effuderunt,1
devotes,1
conceptualization,1
aqua,1
organization,1
attemptata,1
recultivating,1
expressas,1
familiar,1
contineat,1
iudicantur,1
louise,1
foul,1
emergence,1
considerations,1
eschew,1
franco,1
amid,1
proved,1
habet,1
edition,1
weather,1
air,1
impact,1
mittelalters,1
articulated,1
glorious,1
preoccupation,1
weak,1
ignorance,1
unproblematic,1
dudum,1
prevent,1
unde,1
communities,1
misnumbered,1
quacumque,1
exploited,1
zurich,1
powerful,1
harmed,1
beyond,1
velint,1
seruatis,1
hover,1
generally,1
comparisons,1
freiburg,1
eighth,1
intentional,1
enmeshed,1
cogent,1
inflicting,1
signification,1
hexenprozesse,1
shifted,1
carlo,1
literarisches,1
penance,1
dominant,1
care,1
helped,1
metal,1
tremp,1
faced,1
drawing,1
consecrated,1
reinterpreted,1
hesitancy,1
franz,1
ineffectual,1
commanded,1
folâtrer,1
kirche,1
mala,1
reflections,1
duobus,1
opponents,1
greater,1
inheretis,1
opening,1
disempowered,1
sive,1
crucis,1
iconology,1
came,1
complications,1
walk,1
chapel,1
questioned,1
whispered,1
diligently,1
sorciers,1
diverse,1
uncovering,1
deploying,1
hiuis,1
oppositional,1
accommodated,1
conservative,1
superhuman,1
called,1
traditionally,1
critically,1
p,1
tacitas,1
gendered,1
banned,1
ambiguity,1
sparsas,1
vulnerability,1
countenance,1
shared,1
unconcerned,1
descendatis,1
events,1
inferant,1
radical,1
agendas,1
zone,1
dicta,1
nostro,1
queritur,1
illness,1
haven,1
initial,1
struggles,1
fuel,1
experts,1
secretly,1
prius,1
academic,1
accurately,1
gaul,1
fourth,1
supra,1
irony,1
aux,1
solely,1
buried,1
spiegel,1
innoxia,1
silence,1
skilled,1
stressing,1
plaguing,1
dismissal,1
sticks,1
sul,1
berndt,1
carminationis,1
cannot,1
suffered,1
excellent,1
immemorial,1
derwich,1
experimental,1
placed,1
outside,1
underlie,1
procedures,1
expedient,1
dwelling,1
approached,1
required,1
directions,1
valorize,1
factum,1
opposition,1
nonsensical,1
public,1
aerem,1
puniri,1
lizard,1
meditation,1
retro,1
marie,1
technical,1
expresseum,1
aspects,1
failure,1
facturam,1
specifically,1
animated,1
none,1
feeding,1
participation,1
compellendo,1
basis,1
distinguish,1
protected,1
remedium,1
line,1
seminal,1
correctly,1
consecutive,1
respondet,1
dyan,1
intense,1
scope,1
improvisations,1
materia,1
tool,1
anachronistically,1
los,1
hang,1
carries,1
carry,1
claim,1
reader,1
ubi,1
accomplice,1
brought,1
heavily,1
suspicion,1
thomism,1
vanitate,1
imaginaire,1
maleficio,1
apparent,1
secret,1
italy,1
theoriegeschichtliche,1
nation,1
data,1
contentis,1
shocking,1
broader,1
year,1
bible,1
iudicabitur,1
wholesome,1
bellitto,1
aliud,1
crebro,1
older,1
hominibus,1
positing,1
during,1
hans,1
matthaeum,1
partly,1
keep,1
enforce,1
ioannem,1
falling,1
moments,1
verba,1
bits,1
neue,1
binding,1
cry,1
incantation,1
xviii,1
überlieferungs,1
ter,1
status,1
conform,1
feast,1
attributed,1
encapsulates,1
errors,1
t,1
gospels,1
reformatorischen,1
würzburg,1
concentrates,1
wholesale,1
exemplary,1
nullo,1
responses,1
exerting,1
running,1
sorcellerie,1
officials,1
calling,1
subinfertur,1
tolerant,1
commence,1
eine,1
sabbaths,1
xxvi,1
level,1
working,1
staub,1
elect,1
deity,1
uetule,1
pronounced,1
misdirected,1
shaping,1
revolution,1
things,1
wished,1
diabolum,1
parsing,1
sources,1
warrant,1
le,1
contrast,1
imposition,1
antisupersticioso,1
discourse,1
voluit,1
midst,1
heart,1
prologue,1
inquisitional,1
chide,1
sole,1
actionem,1
divination,1
summon,1
dried,1
tambiah,1
alias,1
quorum,1
shapes,1
approbatis,1
few,1
christiana,1
multiple,1
dire,1
alleviate,1
coniuncto,1
june,1
dramatic,1
adhere,1
convey,1
bernd,1
suddenly,1
elf,1
suspecta,1
tended,1
impossible,1
da,1
xxvii,1
interrogation,1
barely,1
up,1
scott,1
doctrines,1
extracted,1
hen,1
prakash,1
procurare,1
infanticide,1
nancy,1
submitting,1
horum,1
value,1
contemporaries,1
newly,1
displaced,1
imperiled,1
inform,1
rest,1
questioning,1
hora,1
seriosa,1
concomitant,1
maleficiis,1
pope,1
rerum,1
barbara,1
spirituality,1
salutatione,1
yitzhak,1
inhabit,1
fly,1
ramifications,1
hippocratics,1
observations,1
matter,1
variety,1
reformatio,1
functioning,1
respectus,1
alia,1
lesser,1
worshiped,1
manifeste,1
douai,1
eluded,1
pilgrimage,1
angelica,1
lynn,1
destruere,1
seventh,1
wrote,1
happy,1
frightful,1
sprenger,1
brian,1
labeled,1
discurso,1
limited,1
play,1
bis,1
manipulate,1
motivated,1
argues,1
classic,1
lurch,1
demoniacis,1
göttingen,1
abiuratione,1
spätmittelalterlicher,1
tollere,1
reaffirm,1
willem,1
scopam,1
expanded,1
indicates,1
interactions,1
charm,1
strife,1
permissible,1
studien,1
retelling,1
debent,1
suppose,1
jesus,1
betray,1
vndique,1
confronted,1
vbi,1
vespertina,1
remain,1
oakley,1
chaps,1
label,1
trenchant,1
corrupting,1
tollerari,1
confronting,1
inuocationes,1
robin,1
spoken,1
heretics,1
depicted,1
ineffective,1
demonibus,1
sentiens,1
saturni,1
relied,1
unintended,1
interpretation,1
fringe,1
preaching,1
spätmittelalterlichen,1
examined,1
wake,1
adiuro,1
pignon,1
suited,1
pp,1
read,1
devotion,1
suffragia,1
rife,1
infirmus,1
reprobauit,1
serve,1
evil,1
foulest,1
corrupt,1
effecissent,1
expounded,1
kk,1
exposes,1
roper,1
challenged,1
kaelber,1
kirchlich,1
blécourt,1
sancti,1
robert,1
parte,1
sociological,1
polak,1
vatican,1
informal,1
perspectives,1
bind,1
burgundy,1
dame,1
commendandus,1
sanctissimum,1
abandon,1
shifting,1
ky,1
ideology,1
lacked,1
thrice,1
baltimore,1
um,1
wright,1
deliver,1
cessabit,1
judiciously,1
omnino,1
insights,1
extitit,1
damaged,1
touching,1
reports,1
hefer,1
tollant,1
überlieferung,1
penis,1
hallmark,1
definitions,1
lavish,1
vulnera,1
causative,1
sis,1
effecting,1
jawora,1
name,1
ind,1
johannis,1
links,1
moeller,1
eucharistic,1
bald,1
recited,1
historische,1
obstinate,1
diuinam,1
tremendous,1
saint,1
daemonum,1
disabuse,1
deutsche,1
analytical,1
adjure,1
signified,1
efforts,1
artists,1
magister,1
avec,1
birgit,1
main,1
überlegungen,1
stories,1
preserve,1
chartam,1
frühaufklärung,1
head,1
professed,1
fearing,1
cursed,1
tempore,1
reformatorischer,1
walked,1
complementing,1
procurat,1
reformed,1
abstract,1
antique,1
superstitionenkritik,1
contrarium,1
quare,1
occultism,1
chadwick,1
fatal,1
classical,1
warning,1
plagued,1
energies,1
emphatic,1
end,1
emphatically,1
categorizing,1
secundo,1
contemporary,1
substantially,1
afflicted,1
irreverence,1
pennsylvania,1
speyer,1
agree,1
external,1
reasons,1
deployed,1
españa,1
readers,1
throwing,1
egrotis,1
accusations,1
augustinian,1
performances,1
shinners,1
meara,1
chasse,1
reuerentiam,1
operating,1
malis,1
manner,1
innovative,1
anciens,1
amorosas,1
continuing,1
purposes,1
lucifer,1
demonized,1
inquisitor,1
replicat,1
seventeenth,1
tell,1
ontological,1
council,1
necessary,1
spoke,1
uttered,1
conviction,1
mundo,1
rich,1
scriptam,1
hh,1
genealogies,1
books,1
als,1
disenchanted,1
mercy,1
kieck,1
actione,1
recommend,1
bracing,1
identifiable,1
laudable,1
purged,1
entity,1
feebleness,1
hunts,1
necromancers,1
original,1
mills,1
overemphasizes,1
omnipotent,1
recognizing,1
greatest,1
aptly,1
nachdruck,1
lucam,1
supplicate,1
background,1
treated,1
chiefly,1
virgin,1
upon,1
proscribed,1
range,1
randall,1
superstitiosum,1
helps,1
onto,1
writings,1
effectum,1
uneducated,1
arose,1
gesellschaft,1
instinctu,1
divinatione,1
minds,1
conceived,1
imbued,1
lecture,1
controlling,1
significant,1
interfaces,1
phrases,1
tempestatem,1
operated,1
demones,1
francis,1
magisterial,1
xve,1
visis,1
obsessed,1
products,1
devour,1
obligatoria,1
resulting,1
questions,1
bitter,1
inuocationem,1
auf,1
continue,1
hunted,1
franklin,1
kirchlichen,1
swearing,1
previous,1
literate,1
sic,1
relegated,1
falsitatis,1
shortly,1
desuper,1
diuinorum,1
theoretical,1
courtier,1
quasi,1
rejected,1
ita,1
open,1
strands,1
crises,1
vltimis,1
werk,1
reality,1
aware,1
achieved,1
language,1
disentangled,1
swabia,1
illicitis,1
dominated,1
una,1
correcting,1
evils,1
admission,1
advocating,1
counter,1
eve,1
christopher,1
physics,1
evening,1
characterized,1
perverse,1
zabobony,1
spread,1
inventing,1
caster,1
hammer,1
features,1
necessariis,1
exorcisms,1
collected,1
verhaltensformen,1
stresses,1
hendrix,1
practiced,1
interacted,1
epoch,1
believing,1
standard,1
lapilli,1
abundant,1
bagliani,1
construct,1
dispersed,1
manus,1
enim,1
romantic,1
otranto,1
labels,1
include,1
somehow,1
coercive,1
internal,1
silly,1
trying,1
qualities,1
proiiciens,1
eyes,1
salt,1
methods,1
doctores,1
alpine,1
arise,1
feet,1
iudicatur,1
rectify,1
diabeł,1
demonology,1
emphasized,1
interpretations,1
scribendi,1
overcome,1
contact,1
pro,1
deceiving,1
exactly,1
orchard,1
domino,1
rupture,1
talcott,1
priests,1
claiming,1
sexta,1
analyze,1
nails,1
gyan,1
northern,1
benedicere,1
invented,1
linsenmann,1
saw,1
institution,1
industrialization,1
cologne,1
causatum,1
uisis,1
invocations,1
reformist,1
basically,1
insultus,1
sententiandi,1
andreas,1
conatur,1
superfluis,1
quibus,1
effundas,1
weltliteratur,1
species,1
jawor,1
licet,1
visit,1
calvin,1
infants,1
suspects,1
nisi,1
carried,1
suggest,1
reformationsgeschichte,1
malefactor,1
third,1
entailing,1
relationship,1
flesh,1
caro,1
maga,1
alex,1
omni,1
covertly,1
schoolman,1
continued,1
provide,1
mixture,1
assiduously,1
movements,1
assert,1
figure,1
usually,1
france,1
sanctos,1
ortum,1
noui,1
practical,1
practitioners,1
bound,1
claimed,1
hill,1
omniscient,1
coauthor,1
utique,1
falk,1
lines,1
barbarians,1
widespread,1
primarily,1
slow,1
marcum,1
dimensions,1
success,1
spittle,1
aberglaubenpraxis,1
einfluß,1
returned,1
render,1
parsons,1
lightning,1
properties,1
homines,1
heidelberg,1
peril,1
recognize,1
periodize,1
whereby,1
length,1
compacts,1
persönlichkeit,1
clauos,1
delved,1
intend,1
intrude,1
examine,1
encapsulated,1
veenstra,1
blood,1
achieve,1
début,1
confronts,1
composed,1
modis,1
mother,1
types,1
citizens,1
alie,1
raising,1
thorndike,1
articles,1
arts,1
exempli,1
problematic,1
laywoman,1
interpretive,1
gathered,1
grounded,1
surrendering,1
investigate,1
vevey,1
joseph,1
gelehrtengeschichte,1
vigor,1
concomitantly,1
considered,1
increased,1
door,1
detail,1
claims,1
exorcismi,1
school,1
intellectum,1
anthropological,1
aquin,1
seriously,1
autumnal,1
heavy,1
curatum,1
natura,1
ordered,1
judgments,1
material,1
terrible,1
corpore,1
breeches,1
impulse,1
ardentissimas,1
conclusion,1
hexenwahns,1
contre,1
sciunt,1
grand,1
throw,1
circumstances,1
permiserit,1
ringing,1
manual,1
athens,1
ecclesiae,1
extensive,1
devout,1
redirecting,1
catalan,1
deemphasize,1
invoked,1
alligatione,1
inadvertent,1
continues,1
incalculable,1
implied,1
beitrag,1
inquisitorial,1
broom,1
willingness,1
normativer,1
fraught,1
theologischen,1
md,1
maleficis,1
proiicit,1
alps,1
neuen,1
influxum,1
anthill,1
useful,1
creations,1
wider,1
heuchelei,1
diuinis,1
pacto,1
eugenius,1
grandines,1
decouple,1
ahlerstedt,1
quickly,1
know,1
prohibita,1
defining,1
septem,1
refused,1
proof,1
each,1
sure,1
consentire,1
strauss,1
grow,1
cultures,1
disinterested,1
agostino,1
preternatural,1
verissima,1
india,1
aberglaubensliteratur,1
december,1
kathrin,1
distinctions,1
connection,1
desecrate,1
eigenart,1
patronized,1
best,1
unknown,1
down,1
anxiety,1
half,1
applicauerunt,1
propaganda,1
constructions,1
current,1
ueteris,1
erat,1
procurata,1
epistemological,1
talibus,1
provoke,1
exploiting,1
kras,1
dat,1
catechetical,1
disperse,1
misrule,1
perfectly,1
infiltration,1
twelfth,1
asserting,1
hunt,1
audience,1
liberal,1
mori,1
generalized,1
irreprehensibilis,1
delcorno,1
omnem,1
impinged,1
living,1
february,1
absolutely,1
beginning,1
franciscan,1
quellen,1
knows,1
william,1
draw,1
according,1
exorcise,1
realize,1
automatic,1
automatically,1
fuller,1
condemning,1
thoroughly,1
sanctorum,1
oratio,1
infirmitatibus,1
ferreiro,1
mikołaja,1
beaten,1
offering,1
typologies,1
namely,1
want,1
derided,1
sociology,1
coerced,1
quae,1
solicit,1
validate,1
eymeric,1
mere,1
theory,1
warn,1
unnecessary,1
leaving,1
extent,1
extend,1
sicuti,1
prozeß,1
foundations,1
vitality,1
moyen,1
pagination,1
vtrum,1
discourses,1
aberglauben,1
birrell,1
listed,1
don,1
proiiciuntur,1
vineyard,1
terre,1
tempting,1
permeated,1
tempest,1
tactu,1
signify,1
qua,1
strain,1
europäischen,1
habito,1
noticeably,1
burden,1
radically,1
iumenta,1
consistently,1
mediantibus,1
uncontrolled,1
must,1
entire,1
pluuiam,1
fatally,1
dieter,1
g,1
pain,1
virginis,1
thereby,1
reported,1
causare,1
ohio,1
city,1
pre,1
confirm,1
effusas,1
role,1
practica,1
convinced,1
fiunt,1
raro,1
transition,1
exerted,1
tradunt,1
rash,1
rigid,1
rationale,1
struck,1
applicasset,1
impulses,1
screen,1
campo,1
obtain,1
preseruatiua,1
aberglaubens,1
conversely,1
partake,1
describes,1
christo,1
théologiens,1
colonial,1
challenges,1
ipsis,1
using,1
diocese,1
evidenced,1
representation,1
au,1
aspect,1
rigidly,1
think,1
fide,1
ein,1
apostolic,1
jan,1
euan,1
our,1
deberet,1
jeyaraja,1
unexplored,1
named,1
eric,1
lateran,1
matris,1
literatur,1
promoted,1
whereupon,1
immundum,1
compulsion,1
skepticism,1
shown,1
until,1
obliged,1
underworld,1
dicetur,1
nikolaus,1
prescribe,1
instructive,1
argument,1
touch,1
unable,1
years,1
covenant,1
difference,1
mentalities,1
consult,1
textes,1
uiri,1
deformed,1
conn,1
muchembled,1
quidam,1
sensibilities,1
idcirco,1
twentieth,1
ihrer,1
catherine,1
vernacular,1
pierced,1
aberglaubenskritik,1
harm,1
vanum,1
warsaw,1
contributed,1
prolonged,1
typically,1
judges,1
sur,1
potestatem,1
opinions,1
clearest,1
orgies,1
states,1
schrifttum,1
bulle,1
aristotelian,1
euangelium,1
baptism,1
quotes,1
off,1
philosophy,1
definitive,1
translated,1
aachen,1
morning,1
traveling,1
opera,1
causauit,1
virtute,1
offered,1
supported,1
mounting,1
papal,1
imperando,1
workings,1
bern,1
assumed,1
certainty,1
spes,1
damned,1
justify,1
bell,1
reprobari,1
uideatur,1
debet,1
alberto,1
create,1
exorcismos,1
east,1
exclusively,1
severely,1
adolph,1
pedes,1
abandoned,1
images,1
flatly,1
uisitantes,1
deficiunt,1
ends,1
famous,1
beings,1
perforarunt,1
tract,1
asked,1
attendance,1
iesu,1
ca,1
martine,1
termed,1
groundbreaking,1
close,1
confrontations,1
admired,1
perception,1
harmful,1
acerbic,1
utz,1
werner,1
thorough,1
