WORDCOUNTS,WEIGHT
the,177
of,149
and,98
to,94
in,62
slavery,60
as,42
a,37
is,27
that,27
be,25
for,21
or,20
by,19
at,17
it,17
not,17
with,15
economic,14
more,14
labor,14
would,14
some,13
this,12
an,12
social,11
had,11
other,11
has,11
were,11
on,11
was,10
societies,10
have,10
we,10
racism,9
they,9
are,9
davis,9
many,9
different,9
there,9
freedom,9
may,8
been,8
study,8
about,8
from,8
also,8
s,8
which,8
historical,8
political,8
what,8
people,8
slave,8
can,8
institutions,7
one,7
conditions,7
regard,6
legal,6
any,6
these,6
important,6
all,6
places,6
those,6
when,6
such,6
changes,6
engerman,6
ending,5
states,5
welles,5
africa,5
rather,5
l,5
who,5
american,5
evil,5
but,5
being,5
long,5
seem,5
time,5
past,5
while,5
trade,5
enslavement,5
slaves,5
related,5
europeans,5
make,5
surplus,5
human,5
enslave,5
since,5
times,5
need,5
willing,5
enslaved,5
stanley,5
second,4
his,4
if,4
subsistence,4
april,4
still,4
their,4
united,4
history,4
argued,4
did,4
nieboer,4
new,4
end,4
population,4
however,4
americas,4
argument,4
suggests,4
basis,4
understanding,4
its,4
review,4
development,4
regarded,4
sugar,4
between,4
present,4
among,4
therefore,3
now,3
nonslave,3
led,3
difficult,3
detailed,3
voluntary,3
antislavery,3
understand,3
studies,3
kill,3
existed,3
h,3
paradox,3
modern,3
under,3
considered,3
into,3
outsider,3
elsewhere,3
most,3
rise,3
only,3
willingness,3
lead,3
production,3
set,3
might,3
control,3
j,3
could,3
ahr,3
examination,3
economics,3
clearly,3
contemporary,3
free,3
seldom,3
cultural,3
them,3
whether,3
produced,3
case,3
problem,3
sell,3
earlier,3
aspects,3
well,3
produce,3
work,3
circumstances,3
after,3
part,3
example,3
role,3
use,3
sold,3
behavior,3
thus,3
emancipation,3
individuals,3
nonslavery,3
years,3
clear,3
least,3
things,3
probable,3
family,3
why,3
often,3
always,3
white,3
given,3
much,3
world,3
than,3
society,3
frequent,2
higher,2
no,2
due,2
without,2
various,2
george,2
medieval,2
later,2
indicated,2
karras,2
comparative,2
defining,2
levels,2
implies,2
seen,2
abolition,2
above,2
income,2
worse,2
evans,2
similar,2
importance,2
certain,2
adjustments,2
edited,2
yet,2
murder,2
voluntarily,2
paying,2
particular,2
consider,2
ancient,2
abandonment,2
policies,2
then,2
ed,2
university,2
must,2
hunger,2
first,2
else,2
either,2
australia,2
useful,2
certainly,2
outcomes,2
outcome,2
others,2
necessarily,2
over,2
appear,2
greater,2
nature,2
definition,2
based,2
acceptable,2
longer,2
pointed,2
found,2
desire,2
called,2
differences,2
choice,2
out,2
tucker,2
disappearance,2
obviously,2
how,2
events,2
debates,2
starvation,2
serfdom,2
forms,2
robert,2
where,2
impact,2
racial,2
unique,2
papers,2
similarities,2
form,2
less,2
see,2
sellers,2
abraham,2
grounds,2
wealth,2
because,2
future,2
line,2
used,2
discussion,2
made,2
professor,2
writings,2
desired,2
looking,2
african,2
controls,2
finley,2
persisted,2
us,2
regarding,2
central,2
question,2
i,2
until,2
serf,2
cambridge,2
good,2
individual,2
although,2
sense,2
land,2
period,2
orson,2
linking,2
effects,2
order,2
black,2
cases,2
remains,2
better,2
david,2
ruth,2
began,2
specific,2
problems,2
members,2
systems,2
become,2
relation,2
themselves,2
third,2
early,2
generally,2
london,2
progress,2
even,2
ownership,2
infanticide,2
notes,2
william,2
should,2
lincoln,2
actions,2
negative,2
major,2
limiting,1
nations,1
increasing,1
leonardo,1
indentured,1
edn,1
lesser,1
democracy,1
go,1
does,1
drescher,1
poor,1
explanations,1
via,1
entail,1
relationship,1
sons,1
done,1
moses,1
york,1
child,1
eltis,1
obligations,1
today,1
warfare,1
perspectives,1
mckee,1
influential,1
hopes,1
collected,1
continued,1
requirement,1
will,1
religions,1
populations,1
meaning,1
usually,1
five,1
italy,1
selling,1
indeed,1
vienna,1
ideology,1
actualities,1
learning,1
negro,1
justifying,1
basic,1
begin,1
everyone,1
market,1
decades,1
return,1
rpt,1
through,1
appreciate,1
account,1
islands,1
fifty,1
successes,1
predict,1
constraints,1
means,1
brion,1
noun,1
whatever,1
unenslaveable,1
dealt,1
itself,1
force,1
domination,1
lasted,1
experiences,1
expect,1
forcing,1
cynicism,1
movement,1
try,1
rose,1
southern,1
direct,1
recently,1
strange,1
gotten,1
religious,1
life,1
approved,1
landowner,1
agency,1
tend,1
essays,1
fall,1
guide,1
achieve,1
frank,1
word,1
linkages,1
blessing,1
consequences,1
remind,1
imply,1
factors,1
pacific,1
moreover,1
gallman,1
types,1
interpretation,1
support,1
centuries,1
get,1
pessimism,1
examined,1
johns,1
mean,1
brunswick,1
coverage,1
makes,1
involuntary,1
involved,1
mazo,1
blurred,1
manumission,1
meant,1
former,1
descriptive,1
restricted,1
formally,1
acceptance,1
trace,1
policy,1
protection,1
unvarying,1
comparisons,1
improvement,1
western,1
perceived,1
seems,1
laborer,1
burn,1
title,1
encourage,1
occurred,1
authorities,1
variants,1
homogeneous,1
instance,1
asia,1
producers,1
just,1
antebellum,1
ideologies,1
prohibited,1
n,1
numbers,1
australians,1
receiving,1
acceptably,1
farm,1
variety,1
ethnological,1
fondest,1
conjunction,1
w,1
character,1
costs,1
industrial,1
biography,1
illustrated,1
vinci,1
orlando,1
predictions,1
included,1
evaluations,1
said,1
e,1
origins,1
powerful,1
implied,1
precise,1
isolation,1
february,1
provide,1
comparing,1
learned,1
islanders,1
preceding,1
violation,1
importing,1
here,1
alternative,1
originally,1
ii,1
m,1
discouraging,1
taken,1
opinion,1
know,1
unmixed,1
death,1
basler,1
natural,1
available,1
commission,1
generated,1
similarly,1
thirty,1
xxi,1
goal,1
lime,1
switzerland,1
liberty,1
uses,1
usefulness,1
incomplete,1
december,1
whom,1
europe,1
michelangelo,1
leading,1
ubiquitous,1
advantage,1
buyers,1
correspondingly,1
together,1
torture,1
demise,1
argue,1
emergence,1
half,1
great,1
reasons,1
exclusion,1
right,1
report,1
feasibly,1
origin,1
achievement,1
particularly,1
oneself,1
deal,1
link,1
borgias,1
hundred,1
infrequent,1
australian,1
very,1
researches,1
maybe,1
chattels,1
examining,1
dull,1
nevertheless,1
guinea,1
man,1
help,1
discussed,1
xx,1
failures,1
simple,1
masters,1
ethnographer,1
persistence,1
last,1
puzzling,1
state,1
date,1
cuckoo,1
racist,1
phd,1
learn,1
raised,1
current,1
pointing,1
though,1
committing,1
surpluses,1
virtual,1
poverty,1
profitable,1
purchase,1
war,1
within,1
coercion,1
implicit,1
unclear,1
terms,1
worthwhile,1
renaissance,1
proposals,1
system,1
answer,1
historically,1
making,1
calif,1
informally,1
explicit,1
era,1
pillage,1
necessary,1
forum,1
metaphor,1
existence,1
attitudes,1
hoped,1
nonslaves,1
spiritual,1
perhaps,1
absolute,1
explain,1
belief,1
apathy,1
roy,1
wide,1
subsequent,1
bloodshed,1
sacrifice,1
insider,1
creates,1
benign,1
hopkins,1
mass,1
fogel,1
really,1
draw,1
day,1
users,1
vol,1
another,1
influenced,1
indifference,1
keeping,1
government,1
understatement,1
emphasis,1
possible,1
munro,1
thirteenth,1
areas,1
urban,1
meaningful,1
gains,1
session,1
examples,1
prior,1
restrictions,1
already,1
disappear,1
bought,1
remember,1
apparatus,1
start,1
level,1
canaan,1
john,1
obvious,1
claim,1
dutch,1
discrimination,1
psychological,1
peace,1
point,1
european,1
including,1
introduced,1
unrealized,1
commonwealth,1
owners,1
previously,1
realities,1
subsidies,1
providing,1
disappointing,1
desirable,1
queensland,1
apply,1
complexities,1
harry,1
description,1
societal,1
got,1
implications,1
continuation,1
rochester,1
unfortunately,1
bondage,1
obtain,1
discussions,1
plantation,1
place,1
arguments,1
issues,1
using,1
realized,1
keep,1
definitions,1
exist,1
unrestricted,1
segregation,1
broaden,1
varied,1
kidnapping,1
our,1
accepted,1
analogy,1
royal,1
buying,1
comments,1
previous,1
fears,1
haven,1
spirit,1
optimistic,1
ultimately,1
systematic,1
enslavers,1
described,1
accuracy,1
movie,1
enslaveable,1
component,1
stanford,1
spectrum,1
bring,1
both,1
generate,1
conn,1
insights,1
productive,1
three,1
contract,1
moral,1
transatlantic,1
twentieth,1
numerous,1
permit,1
t,1
scandinavia,1
accept,1
dominated,1
legalities,1
mode,1
interest,1
brady,1
characteristic,1
responses,1
large,1
ended,1
enlightenment,1
occurs,1
successful,1
describing,1
presented,1
like,1
publications,1
hard,1
field,1
so,1
complex,1
topic,1
high,1
term,1
century,1
expected,1
distinction,1
course,1
forming,1
seymour,1
philosophy,1
progressive,1
estimates,1
sharp,1
quite,1
pessimistic,1
settlement,1
provides,1
nor,1
coerced,1
latter,1
immigrants,1
antislave,1
legally,1
odyssey,1
calling,1
profits,1
characteristics,1
refer,1
concerning,1
few,1
accomplished,1
somehow,1
concerns,1
purely,1
article,1
multinational,1
removed,1
unrelated,1
confirmed,1
industry,1
restrict,1
dramatic,1
happenings,1
decline,1
compared,1
left,1
ham,1
exactly,1
vary,1
clock,1
tended,1
corporations,1
da,1
price,1
find,1
patterson,1
shouldn,1
substantial,1
working,1
entire,1
northern,1
attracted,1
focus,1
paid,1
citizen,1
cross,1
terror,1
evaluated,1
whites,1
broader,1
provided,1
generation,1
hope,1
attention,1
hague,1
unfortunate,1
small,1
crusades,1
avoid,1
increase,1
lessons,1
mechanism,1
