WORDCOUNTS,WEIGHT
the,748
of,495
and,490
in,337
to,281
a,264
that,159
were,153
as,114
was,112
they,107
with,93
for,92
their,88
by,85
medicine,84
not,84
or,80
it,79
african,77
about,74
is,74
medical,73
uganda,67
africans,66
but,66
i,66
s,63
had,58
see,57
this,55
from,55
on,53
have,47
white,46
colonial,45
at,43
be,43
them,42
western,41
blood,40
cook,40
women,38
people,37
which,37
are,36
these,35
africa,35
historical,35
injections,35
stories,34
history,33
an,31
some,30
could,30
power,29
what,29
when,28
mission,28
american,27
review,27
than,27
oral,27
would,26
into,25
all,25
august,25
december,25
how,24
east,24
baganda,24
did,24
hospital,24
missionaries,23
one,23
his,23
new,23
who,23
missionary,23
there,22
my,22
r,22
men,22
ideas,22
been,22
because,21
london,21
he,21
other,20
those,20
t,20
bazimamoto,19
establishment,19
genres,19
health,19
luise,19
between,19
drugs,18
may,18
however,18
more,18
said,17
sources,17
vaccination,17
interviews,17
zeller,17
vaughan,17
do,17
cures,17
voices,16
such,16
body,16
cms,16
out,16
well,16
social,16
same,16
many,16
man,16
disease,16
any,16
years,16
syphilis,15
buganda,15
victims,15
even,15
no,15
most,15
used,15
southern,15
only,15
also,15
doctors,15
we,15
often,15
each,15
truth,14
fantasies,14
n,14
procedures,14
curing,14
use,14
so,14
european,14
over,14
both,14
memories,14
evidence,14
if,13
told,13
kampala,13
timpson,13
came,13
its,13
during,13
wrote,13
make,13
made,13
europeans,13
different,13
c,13
chloroform,12
vampire,12
accounts,12
journal,12
place,12
healing,12
few,12
skin,12
where,12
technologies,12
while,12
genders,12
h,11
j,11
has,11
king,11
b,11
argued,11
own,11
am,11
published,11
meanings,11
science,11
mercy,11
although,11
d,11
themselves,11
early,11
patients,11
meaning,10
modern,10
first,10
very,10
doctor,10
rather,10
ills,10
after,10
surgery,10
tools,10
work,10
world,10
south,10
f,10
narratives,10
two,10
cure,10
local,10
campaigns,10
drug,10
me,10
then,10
our,10
much,10
e,9
true,9
studies,9
words,9
narrative,9
written,9
without,9
public,9
part,9
dispensary,9
society,9
scientific,9
nurses,9
can,9
story,9
sometimes,9
practice,9
writing,9
anesthesia,9
you,9
now,8
epidemic,8
ways,8
royal,8
patient,8
x,8
variolation,8
gendered,8
century,8
young,8
black,8
too,8
m,8
injection,8
example,8
up,8
notes,8
put,8
culture,8
indian,8
treatment,8
took,8
eds,8
described,8
three,8
state,8
get,8
itself,8
joseph,8
know,8
historians,8
rural,8
tell,8
way,7
roscoe,7
later,7
cars,7
something,7
nsubuga,7
vaccinated,7
diseases,7
government,7
take,7
techniques,7
politics,7
tablets,7
central,7
application,7
times,7
l,7
rumors,7
university,7
powerful,7
kenya,7
late,7
your,7
lyons,7
wide,7
ranger,7
good,7
will,7
plague,7
katwe,7
interview,7
until,7
perhaps,7
questions,7
like,7
him,7
saw,7
separate,7
life,7
simply,7
country,7
according,7
mengo,7
form,7
almost,7
introduced,7
went,7
instead,7
informants,7
among,7
does,6
kaggwa,6
easily,6
being,6
either,6
might,6
rumor,6
great,6
nevertheless,6
development,6
nurse,6
thus,6
kind,6
medication,6
capture,6
heard,6
study,6
elsewhere,6
called,6
hospitals,6
term,6
cultural,6
genre,6
p,6
long,6
always,6
indeed,6
once,6
scholars,6
sleep,6
beliefs,6
time,6
material,6
another,6
range,6
become,6
curative,6
yonasani,6
control,6
megan,6
particular,6
sleeping,6
popular,6
presented,6
sickness,6
speak,6
mouth,6
church,5
heal,5
taken,5
tradition,5
down,5
differences,5
kingdom,5
less,5
british,5
case,5
injected,5
clinic,5
against,5
ritual,5
colonized,5
group,5
pink,5
york,5
kasubi,5
testimony,5
certain,5
ugandan,5
moreover,5
colonizing,5
calif,5
colonialism,5
toro,5
found,5
treatments,5
demands,5
illness,5
medicines,5
war,5
transfusion,5
knowledge,5
describe,5
inoculations,5
least,5
next,5
night,5
several,5
grateful,5
hegemony,5
above,5
needles,5
thought,5
vampires,5
home,5
noted,5
fire,5
again,5
john,5
godly,5
smallpox,5
woman,5
widespread,5
encounter,5
strange,5
course,5
why,5
provide,5
male,5
considered,5
believed,5
generic,5
best,5
far,5
born,5
chicago,5
terms,5
practices,5
became,5
come,5
question,5
davies,5
needle,5
asked,5
difficult,4
common,4
kinds,4
english,4
duke,4
nineteenth,4
efficacy,4
every,4
sonsomola,4
bloomington,4
yaws,4
mau,4
interviewed,4
u,4
marked,4
himself,4
victim,4
chiefs,4
explained,4
representations,4
g,4
elements,4
response,4
instruments,4
pasts,4
spraying,4
sister,4
healers,4
arm,4
parts,4
familiar,4
india,4
officer,4
care,4
based,4
histories,4
speaker,4
cz,4
fumigants,4
captured,4
abdullah,4
population,4
got,4
issues,4
personal,4
miss,4
responses,4
caused,4
order,4
research,4
variety,4
various,4
reinterpreted,4
description,4
still,4
biomedicine,4
violence,4
read,4
nairobi,4
ind,4
mark,4
death,4
head,4
leprosy,4
children,4
hand,4
present,4
probably,4
spoke,4
tonkin,4
intimate,4
writings,4
formulaic,4
essay,4
workers,4
allowed,4
practiced,4
pills,4
especially,4
article,4
qualities,4
k,4
assistants,4
embodied,4
luganda,4
smeared,4
lives,4
opposition,4
diagnosis,4
dead,4
comaroff,4
peoples,4
berkeley,4
anthropology,4
person,4
william,4
want,4
cause,4
getting,4
produce,4
voice,4
pain,4
popularity,4
cambridge,4
opinions,4
news,4
diocesan,4
traditional,4
strong,4
recent,4
go,3
noticing,3
center,3
syringe,3
instructions,3
authority,3
spirit,3
poovey,3
waya,3
before,3
cutting,3
experience,3
anything,3
extraction,3
england,3
seems,3
nature,3
shaped,3
room,3
reading,3
within,3
harwich,3
side,3
takes,3
dr,3
misunderstood,3
killed,3
therapeutic,3
condition,3
tropical,3
influenza,3
point,3
whites,3
feared,3
authors,3
labor,3
natives,3
portsmouth,3
inoculation,3
due,3
machine,3
author,3
bodily,3
ray,3
insisted,3
admitted,3
turn,3
nor,3
back,3
difficulty,3
radio,3
y,3
mair,3
stanley,3
bulega,3
operation,3
foot,3
invaded,3
operations,3
observers,3
camp,3
across,3
stop,3
landscape,3
kigozi,3
myself,3
process,3
represented,3
goes,3
derived,3
fantasy,3
means,3
marks,3
objects,3
sick,3
just,3
days,3
record,3
frequently,3
w,3
beyond,3
problems,3
whom,3
extent,3
allow,3
method,3
kingship,3
events,3
ann,3
though,3
baltimore,3
placed,3
explain,3
ssimbwa,3
learn,3
relatives,3
literature,3
uneven,3
preferred,3
hints,3
imagined,3
esp,3
indigenous,3
tale,3
kings,3
et,3
away,3
remigius,3
bodies,3
change,3
sense,3
working,3
cold,3
suggest,3
reliable,3
contrast,3
around,3
biomedical,3
kigongo,3
brought,3
tended,3
impossible,3
provided,3
chronological,3
critical,3
lubya,3
matter,3
female,3
july,3
experiences,3
fairy,3
jjuko,3
oxford,3
reference,3
under,3
sucking,3
neither,3
ed,3
isaak,3
department,3
george,3
technique,3
others,3
drink,3
fact,3
really,3
watch,3
debates,3
dull,3
forms,3
enough,3
tales,3
michael,3
silenced,3
argues,3
summers,3
upon,3
region,3
diaries,3
nothing,3
fantastic,3
passim,3
individual,3
christopher,3
david,3
someone,3
spread,3
accurate,3
keen,3
never,3
dawson,3
v,3
things,3
asking,3
humanities,3
she,3
continued,3
claimed,3
developments,3
seen,3
began,3
construction,3
months,3
contained,3
changing,3
caliform,3
md,3
set,3
refused,3
gazette,3
believe,3
dispensaries,3
sprayed,3
argue,3
divine,3
report,3
donors,3
particularly,3
reliability,3
masks,3
consciousness,3
better,3
following,3
jean,3
unlikely,3
march,3
kevin,3
sociology,3
her,3
healthy,3
urban,3
given,3
through,3
city,3
coming,3
postcolonial,3
sniff,3
rubbed,3
interested,3
national,3
write,3
surgical,3
area,3
increased,3
needs,3
specific,3
texts,3
images,3
conventions,3
arnold,3
race,3
surroundings,2
miraculous,2
zaire,2
archives,2
o,2
struggle,2
prostitution,2
groups,2
shula,2
separated,2
epidemics,2
personnel,2
introduction,2
starts,2
stethoscope,2
juxtaposition,2
hot,2
yourself,2
saved,2
myth,2
essays,2
transcribed,2
injuries,2
jawbones,2
plantain,2
commonplace,2
boulder,2
necessarily,2
cured,2
unlike,2
moving,2
contested,2
princeton,2
steven,2
arms,2
explaining,2
creation,2
car,2
expressive,2
quoting,2
ii,2
give,2
bamalaki,2
sores,2
terrain,2
services,2
twenty,2
reasons,2
producing,2
follows,2
sorcerers,2
reveal,2
procedure,2
scratching,2
reinterpretations,2
mind,2
daniell,2
concepts,2
terence,2
political,2
signs,2
credibility,2
venereal,2
context,2
pad,2
issue,2
kate,2
anthropologists,2
nose,2
saying,2
sexual,2
draw,2
right,2
account,2
red,2
etc,2
october,2
literary,2
insight,2
obvious,2
since,2
supervision,2
sent,2
redefining,2
reconstruction,2
data,2
accustomed,2
penetrate,2
controlled,2
hygiene,2
september,2
throughout,2
facts,2
quality,2
reject,2
eating,2
feierman,2
magic,2
unpublished,2
de,2
ability,2
large,2
provides,2
regarded,2
media,2
topic,2
fluids,2
fieldnotes,2
detention,2
rank,2
items,2
chakrabarty,2
symptoms,2
stored,2
kavuma,2
profound,2
subjects,2
truly,2
drank,2
masanafu,2
sseluwagi,2
vansina,2
hardly,2
dust,2
entebbe,2
speech,2
pay,2
inhaled,2
knoxville,2
whose,2
ka,2
suck,2
statements,2
sets,2
bring,2
possession,2
hansen,2
presentation,2
responded,2
bantu,2
knew,2
fever,2
keep,2
mutira,2
sarah,2
similar,2
talk,2
fat,2
semkubuge,2
katherine,2
mrs,2
insistence,2
perceptions,2
medicalized,2
wanted,2
mean,2
languages,2
yellow,2
proved,2
director,2
quoted,2
articulated,2
ignorance,2
upper,2
stethoscopes,2
show,2
makerere,2
legends,2
surface,2
cotton,2
notions,2
thieves,2
required,2
important,2
strategy,2
protestant,2
cut,2
therapies,2
appear,2
methodology,2
conquest,2
arrived,2
gregory,2
result,2
walk,2
blamed,2
societies,2
migrancy,2
lived,2
changed,2
international,2
curiosity,2
radical,2
ambivalence,2
outa,2
frustrations,2
left,2
let,2
examinations,2
africanists,2
lethal,2
recently,2
produced,2
cannot,2
applied,2
otherwise,2
entomology,2
contesting,2
eye,2
vehicles,2
repacking,2
aspects,2
hierarchies,2
having,2
percent,2
julia,2
line,2
anecdotes,2
intense,2
received,2
translate,2
writers,2
clean,2
magarita,2
concept,2
stake,2
rat,2
occupants,2
gender,2
routinely,2
modernizers,2
elizabeth,2
loss,2
gave,2
destination,2
us,2
round,2
ardell,2
translated,2
employed,2
cueing,2
refuse,2
regions,2
dark,2
officials,2
mass,2
bond,2
love,2
tenn,2
discourse,2
quite,2
heart,2
spanish,2
june,2
sisters,2
narrating,2
starting,2
industry,2
acts,2
reported,2
vaccines,2
coast,2
ganda,2
progress,2
extracted,2
cattle,2
protectorate,2
appropriate,2
lore,2
postcoloniality,2
scalpels,2
seemed,2
insects,2
contact,2
letters,2
fetishizing,2
comparative,2
cannibalism,2
administer,2
unconscious,2
drops,2
precolonial,2
garden,2
house,2
railway,2
modes,2
whole,2
spoken,2
sort,2
yet,2
examined,2
lemon,2
happened,2
albert,2
evil,2
technology,2
god,2
clash,2
disembedding,2
official,2
publishing,2
eagerness,2
fearsome,2
begins,2
sickbed,2
assimilated,2
retired,2
diary,2
kalule,2
name,2
tuck,2
paul,2
holden,2
law,2
attacks,2
mediation,2
kiganda,2
nakibuuka,2
usually,2
smith,2
wagaba,2
idea,2
turner,2
areas,2
educated,2
larger,2
fetishized,2
serious,2
fear,2
brotherhood,2
confusion,2
drinking,2
kept,2
containers,2
native,2
teeth,2
belief,2
project,2
remained,2
fight,2
interpreting,2
dormant,2
week,2
reveals,2
discussion,2
incidence,2
treated,2
prevention,2
waite,2
welbourne,2
including,2
looking,2
elite,2
medium,2
louis,2
wound,2
secretary,2
controlling,2
hooper,2
francis,2
stoler,2
individuals,2
aids,2
trust,2
clear,2
welcomed,2
comprehensive,2
peter,2
huts,2
tribal,2
engels,2
miracle,2
filled,2
earlier,2
kisasi,2
imagination,2
leg,2
favored,2
valued,2
trying,2
eyes,2
feet,2
monica,2
structure,2
january,2
rhetorical,2
subcutaneous,2
corps,2
ago,2
diseased,2
standard,2
negotiations,2
relationship,2
mixture,2
domains,2
vision,2
practical,2
practitioners,2
foster,2
begin,2
grim,2
racial,2
bulletin,2
lost,2
army,2
worse,2
transformation,2
kill,2
lion,2
salversan,2
answer,2
face,2
yoruba,2
blurred,2
detail,2
dissertation,2
proof,2
contextualize,2
rarely,2
historian,2
broke,2
comes,2
series,2
complexity,2
mentioned,2
cued,2
founded,2
supported,2
here,2
quickly,2
kirigwa,2
juice,2
assimilate,2
worth,2
share,2
removing,2
illnesses,2
blisters,2
ph,2
wealthy,2
followers,2
number,2
bones,2
going,2
past,2
living,2
table,2
franciscan,2
day,2
witch,2
whether,2
nationalist,2
ones,2
references,2
thirty,2
year,2
ethnography,2
listen,2
remedies,2
bureaucratic,2
require,2
boys,2
imperial,2
don,2
psychology,2
hundreds,2
busoga,2
shuman,2
travel,2
easy,2
buy,2
subject,2
intended,2
fumes,2
administration,2
lyndal,2
rigid,2
arguments,2
rebels,2
indians,2
using,2
dispensed,2
representation,2
witchcraft,2
think,2
recovered,2
false,2
promoted,2
formation,2
manyani,2
idealism,2
difference,2
descriptions,2
twentieth,2
merchants,2
authored,2
hurt,2
bunyoro,2
nalongo,2
colo,2
joined,2
off,2
anonymous,2
teso,2
thing,2
supply,2
maryinez,2
patricia,2
era,2
fears,2
little,2
pat,2
immediately,2
ends,2
whenever,2
observed,2
charms,2
should,2
doing,2
panic,2
roles,2
organized,2
nicholas,1
courts,1
frequent,1
karin,1
complaint,1
apply,1
rate,1
done,1
child,1
domesticity,1
medications,1
investigated,1
prefer,1
orality,1
idi,1
nongqawuse,1
indicated,1
substances,1
privately,1
amin,1
tropics,1
cues,1
extents,1
drugged,1
begging,1
created,1
grappled,1
kapliamu,1
engendered,1
macgaffey,1
distress,1
fingers,1
jane,1
abscess,1
phimister,1
misery,1
burke,1
measures,1
diane,1
natural,1
kisenyi,1
superstitious,1
ethnographic,1
thai,1
fragmented,1
totally,1
germany,1
swallow,1
everybody,1
minutes,1
speakers,1
pill,1
police,1
disclose,1
traded,1
bunyama,1
awed,1
confidence,1
birmingham,1
tend,1
crowded,1
word,1
catastrophe,1
asserted,1
circumspect,1
motivation,1
murder,1
elgon,1
contend,1
kersau,1
discriminate,1
satisfied,1
supervised,1
readily,1
ti,1
laborers,1
winning,1
resistances,1
policy,1
position,1
pox,1
laid,1
observing,1
seej,1
pandemic,1
mahmood,1
pneumonia,1
ou,1
arguing,1
reinscribing,1
treves,1
filthy,1
nice,1
keogh,1
source,1
kawoya,1
chief,1
inquisitor,1
alec,1
witz,1
contextualizes,1
terrifying,1
cullom,1
contexts,1
laura,1
journeys,1
vocabulary,1
remembered,1
lower,1
kabaka,1
incomplete,1
consistent,1
paulo,1
refractory,1
karen,1
gossip,1
witchfinding,1
else,1
paterson,1
captivities,1
afican,1
familiarity,1
davis,1
titles,1
amidst,1
ethnologist,1
revisited,1
cliches,1
caroline,1
slaughtered,1
taxes,1
complained,1
anon,1
medicate,1
distinguishing,1
human,1
tio,1
nyasaland,1
migrant,1
bleeding,1
enables,1
ears,1
darkness,1
overpower,1
stifle,1
articulate,1
sm,1
pack,1
emerged,1
shortage,1
ourselves,1
profanity,1
nkotsoe,1
knowing,1
nefarious,1
poison,1
divorced,1
historiography,1
bites,1
gary,1
dismembered,1
skills,1
secondary,1
broken,1
daily,1
lobar,1
borders,1
desire,1
predated,1
farmers,1
hesitation,1
supernatural,1
excessive,1
studied,1
verbal,1
able,1
link,1
subdued,1
court,1
beds,1
expense,1
anyway,1
resulting,1
histo,1
nationalism,1
niche,1
lasting,1
evangelization,1
articles,1
failures,1
smearing,1
pillow,1
prescription,1
skull,1
miles,1
replicated,1
trouble,1
greatly,1
sacred,1
consulting,1
ora,1
ceyssens,1
robert,1
consoled,1
opposite,1
adventures,1
etiologies,1
decreased,1
letting,1
discrete,1
educate,1
market,1
confused,1
questionnaire,1
rethinking,1
papers,1
seminar,1
triggered,1
system,1
akin,1
magazines,1
concealed,1
acknowledged,1
tapes,1
shelby,1
pained,1
elided,1
suspect,1
sophisticated,1
forthcoming,1
separatists,1
ideological,1
recorded,1
belinda,1
task,1
money,1
translations,1
pavlovian,1
sought,1
firm,1
aches,1
deal,1
accountability,1
vol,1
suicide,1
knife,1
boasted,1
welcome,1
marc,1
possible,1
determined,1
forbidden,1
subaltern,1
pretoria,1
burning,1
sale,1
contradictory,1
powers,1
alter,1
mystification,1
richard,1
musisi,1
compromised,1
renato,1
xhosa,1
west,1
community,1
invited,1
inoculated,1
desired,1
except,1
timothy,1
exchanges,1
politician,1
collared,1
riverain,1
along,1
dirty,1
negotiation,1
keeps,1
dagmar,1
forged,1
undergone,1
slack,1
collection,1
prejudice,1
sign,1
gunny,1
framework,1
funded,1
doll,1
internationaljournal,1
optimism,1
expertise,1
segregation,1
cannibals,1
conflict,1
nakanyike,1
goal,1
ty,1
nechambuza,1
dogmatic,1
married,1
denis,1
mende,1
announce,1
beating,1
southwestern,1
encouraged,1
accuracy,1
andjean,1
severe,1
administered,1
dynamics,1
unwary,1
inevitable,1
gauze,1
understand,1
malcontents,1
mulira,1
safety,1
demanded,1
auslander,1
hierarchy,1
medicating,1
intact,1
overzealous,1
reconstituting,1
informant,1
authoritative,1
characteristic,1
ease,1
hall,1
sickly,1
relations,1
raises,1
mombasa,1
scratch,1
leaf,1
walter,1
price,1
conducted,1
dozen,1
quicker,1
sore,1
ag,1
arena,1
z,1
forced,1
finesse,1
contagious,1
occasioned,1
nelson,1
old,1
teachersjournal,1
clark,1
deeds,1
evangelize,1
perspective,1
selection,1
usufruct,1
amount,1
approval,1
luwaze,1
differently,1
ear,1
embroideries,1
columbia,1
modernity,1
generating,1
further,1
generated,1
wholly,1
poem,1
bone,1
kinship,1
cohen,1
third,1
twice,1
drives,1
profit,1
conceit,1
drawn,1
obscure,1
consequently,1
memoir,1
bottles,1
brigade,1
look,1
spite,1
sorcery,1
eager,1
details,1
fool,1
pharmaceutical,1
apparently,1
knows,1
kale,1
terror,1
occasion,1
fellow,1
adult,1
understood,1
exposed,1
talent,1
shall,1
janzen,1
quiet,1
babies,1
realigned,1
ngoni,1
morgue,1
van,1
refinance,1
affiliations,1
captors,1
wounds,1
weapons,1
opposed,1
mount,1
library,1
horns,1
reconstructed,1
hey,1
wishes,1
retainers,1
town,1
hesitant,1
hopes,1
gluckman,1
potent,1
blew,1
alastair,1
continent,1
phantom,1
absent,1
vanished,1
surmised,1
superficial,1
happily,1
developed,1
adds,1
rheumatic,1
stupefy,1
interpretation,1
activists,1
debated,1
nonsense,1
vaccinators,1
ended,1
afterwards,1
fascinating,1
breast,1
herself,1
doctrine,1
stranger,1
conceptions,1
kigezi,1
parents,1
catholics,1
phrases,1
antibiotic,1
legal,1
captives,1
dar,1
archdeacon,1
leave,1
asia,1
hearing,1
benjamin,1
marcus,1
contributions,1
muganda,1
special,1
maladies,1
influence,1
abysmal,1
unhygenic,1
fallers,1
refract,1
scattered,1
space,1
front,1
smoke,1
absorbed,1
precious,1
chakravorty,1
hailed,1
brewster,1
bledsoe,1
reinterpretation,1
reason,1
modified,1
send,1
brunswick,1
susceptibility,1
changes,1
johncomaroff,1
serve,1
bad,1
consultation,1
soon,1
vastly,1
genocide,1
recuperating,1
praise,1
tantalizing,1
triumphant,1
organization,1
river,1
littlewood,1
benefits,1
peasant,1
slowly,1
grounds,1
dated,1
problematize,1
presumably,1
clearly,1
semantics,1
section,1
threatening,1
numbers,1
impact,1
fluroscope,1
gradually,1
mary,1
desirability,1
weak,1
quarters,1
preventative,1
age,1
cemez,1
four,1
ministers,1
conqueror,1
ask,1
crosses,1
wire,1
tried,1
challenged,1
origins,1
follow,1
pains,1
poor,1
submerged,1
shorthand,1
haya,1
storytelling,1
definite,1
testament,1
presuppose,1
stark,1
putting,1
barkcloth,1
belgian,1
engines,1
mix,1
mutilation,1
answers,1
yes,1
shifted,1
endemic,1
ankole,1
appeals,1
suggested,1
trained,1
italics,1
view,1
rhodesian,1
fluid,1
iconography,1
apostasy,1
whereas,1
greater,1
hours,1
tanzania,1
talking,1
opening,1
expressed,1
theft,1
advance,1
narration,1
treating,1
rub,1
prins,1
strobel,1
practitioner,1
introduce,1
whispered,1
declined,1
commoner,1
withheld,1
conflates,1
six,1
kakungulu,1
fry,1
clinics,1
houses,1
plot,1
smell,1
hands,1
speeches,1
color,1
strength,1
mamdani,1
typical,1
access,1
reified,1
inappropriate,1
docile,1
carol,1
inspectors,1
ambiguity,1
foreground,1
ammonia,1
crowd,1
condensing,1
tells,1
rooms,1
mining,1
contagion,1
near,1
noting,1
greenough,1
evening,1
emerge,1
commoners,1
malevolent,1
greendyke,1
philosophical,1
struggles,1
representative,1
ulcer,1
semen,1
punishment,1
mmantho,1
afiican,1
accurately,1
healer,1
conversions,1
standardized,1
founder,1
streaming,1
informed,1
olver,1
blow,1
foul,1
contrived,1
ebling,1
mainly,1
dovetailed,1
michigan,1
districts,1
skilled,1
treat,1
teacher,1
devoid,1
intensity,1
boundaries,1
promise,1
kariuki,1
dirks,1
diatribe,1
vivid,1
shape,1
dialectic,1
explored,1
counties,1
taught,1
rangers,1
negotiated,1
superior,1
bianco,1
headache,1
sacrifice,1
oh,1
property,1
touring,1
evangelism,1
memory,1
distressed,1
undermined,1
pricked,1
rumbling,1
sites,1
unmasks,1
dispell,1
specifically,1
retribution,1
animated,1
directly,1
keeping,1
therapeutics,1
relief,1
mattoon,1
grapevine,1
formerly,1
tr,1
dog,1
mbilinyi,1
gospel,1
already,1
contextualized,1
claim,1
reader,1
future,1
lambkin,1
adjective,1
uq,1
training,1
marvel,1
tombs,1
praying,1
forcefully,1
crying,1
journals,1
pipe,1
periodicity,1
delf,1
quinine,1
transfusions,1
securing,1
shocking,1
approve,1
authenticity,1
tardy,1
piecing,1
precipitated,1
older,1
discussions,1
gaze,1
riders,1
reduces,1
beginnings,1
officers,1
africanjournal,1
phokeng,1
actually,1
increasingly,1
underscored,1
middle,1
lancet,1
dispense,1
emancipation,1
music,1
horrified,1
forces,1
folklore,1
reassure,1
couple,1
reconstructing,1
tears,1
stanford,1
alan,1
rowe,1
status,1
conform,1
universally,1
memoirs,1
polity,1
attributed,1
foucault,1
simplistic,1
encounters,1
splint,1
messenger,1
suffused,1
efficacies,1
remake,1
canadianjournal,1
solution,1
papered,1
davison,1
happenings,1
hard,1
field,1
holger,1
below,1
manners,1
nettleson,1
responsibility,1
fork,1
bibiana,1
talked,1
wished,1
cataracts,1
xo,1
insecticides,1
excuse,1
prefix,1
behold,1
cries,1
villagers,1
television,1
whirlwind,1
sporting,1
bakulu,1
keenly,1
anesthetist,1
sack,1
sharp,1
emerging,1
event,1
involved,1
headaches,1
outbreak,1
unpacked,1
small,1
inactive,1
airy,1
shops,1
prospectors,1
chitchat,1
soil,1
ignore,1
multiple,1
mubiru,1
vapors,1
routine,1
folk,1
reaping,1
dramatic,1
ointments,1
secrecy,1
staged,1
portions,1
latest,1
merc,1
telling,1
street,1
miracles,1
churches,1
clever,1
patience,1
weiss,1
st,1
dependent,1
gloria,1
prakash,1
resistance,1
describes,1
paid,1
sweepers,1
ellen,1
nancy,1
production,1
explains,1
roots,1
relic,1
structured,1
mouths,1
firemen,1
recollection,1
preliminary,1
fleas,1
sj,1
miserable,1
uninoculated,1
capturing,1
avoid,1
commodification,1
survived,1
barbara,1
cite,1
tea,1
septic,1
threatened,1
atieno,1
telegraph,1
decembr,1
syphilitic,1
churchill,1
dichotomies,1
san,1
interviewing,1
noteworthy,1
likely,1
transform,1
units,1
keane,1
demand,1
reduced,1
adulterers,1
absence,1
protecting,1
inventors,1
mysterious,1
misrepresent,1
identified,1
action,1
reminiscences,1
failed,1
problematizes,1
short,1
caesarean,1
mercurial,1
located,1
april,1
reinvented,1
play,1
demonize,1
return,1
wait,1
revolt,1
edges,1
unconsciously,1
mediating,1
posed,1
met,1
samueljohnson,1
appearance,1
breath,1
apter,1
positioned,1
andj,1
whatever,1
vulnerable,1
dread,1
dwellings,1
surviving,1
domination,1
comments,1
boy,1
musoke,1
initially,1
collapsed,1
liver,1
va,1
religious,1
innovation,1
slandered,1
terrify,1
historicize,1
mitumbula,1
kills,1
southeast,1
single,1
misinterpreted,1
worked,1
robin,1
rubbing,1
misfortunes,1
disembeds,1
turmoil,1
relied,1
vignettes,1
zoo,1
fetter,1
q,1
externally,1
refusing,1
push,1
pee,1
revealed,1
lloyd,1
salvation,1
pp,1
waterman,1
alongside,1
tablet,1
professionalized,1
adultery,1
sex,1
subterfuge,1
seeing,1
schrecker,1
inspiration,1
roper,1
misunderstandings,1
perceived,1
participants,1
nuns,1
refrigeration,1
scratched,1
light,1
assistance,1
mirzah,1
performed,1
strangulation,1
biographer,1
experimental,1
al,1
responsive,1
largest,1
insights,1
thorn,1
provocative,1
illustrated,1
kratz,1
hunger,1
qualified,1
accidental,1
virgin,1
inj,1
lymph,1
speaking,1
innate,1
baby,1
centu,1
irvine,1
awe,1
ambiguities,1
avoided,1
cream,1
chose,1
forfeited,1
fabulous,1
party,1
contextualizing,1
members,1
capturedafricans,1
odhiambo,1
dismissed,1
barbed,1
morass,1
carolyn,1
frederick,1
journey,1
palm,1
toward,1
respectable,1
fragmentation,1
spend,1
problematized,1
gathered,1
clinicians,1
akinstall,1
bove,1
lamp,1
towards,1
tiny,1
generously,1
analytical,1
barber,1
speaks,1
unsatisfactorily,1
outside,1
sniffing,1
lack,1
almighty,1
marker,1
sing,1
complaints,1
overwhelming,1
invades,1
fearing,1
occupations,1
minnesota,1
call,1
diagnoses,1
vail,1
documents,1
striking,1
exclusion,1
murphy,1
consent,1
sleepy,1
reform,1
choice,1
together,1
bernt,1
demonstrating,1
ntale,1
discharges,1
end,1
personality,1
distrust,1
contemporary,1
villains,1
arsenic,1
tffi,1
resolved,1
book,1
venture,1
reckoned,1
ssekajje,1
hofmeyer,1
agree,1
external,1
simple,1
chiefdom,1
depict,1
besieged,1
lamented,1
counterpanes,1
accusations,1
likelihood,1
superstitions,1
ground,1
colonizer,1
chain,1
centre,1
interrogate,1
vanquished,1
swahili,1
secular,1
tsetse,1
obscures,1
purposes,1
spivak,1
accepted,1
establish,1
relevant,1
hated,1
mwangi,1
jenny,1
everyone,1
celebrated,1
governmentsponsored,1
flesh,1
strategies,1
coincided,1
judith,1
shout,1
wartime,1
showing,1
vaccine,1
donation,1
injecting,1
frequency,1
hamilton,1
rhodes,1
style,1
scobie,1
elisabethville,1
chilube,1
gives,1
entitlement,1
nobody,1
reflected,1
explicitly,1
embroidered,1
inject,1
unable,1
realize,1
degree,1
cosmologies,1
wrapped,1
silencing,1
original,1
discourses,1
simon,1
hoarded,1
infect,1
taped,1
empirically,1
menacing,1
classes,1
subtropical,1
understanding,1
oil,1
fetish,1
invested,1
examples,1
subjectivity,1
abnormal,1
mothers,1
enunciating,1
randall,1
helps,1
active,1
endowment,1
sides,1
formal,1
lake,1
corrine,1
powerless,1
donald,1
contacts,1
recover,1
complexities,1
identity,1
top,1
enthroned,1
fumigated,1
intelligent,1
eaten,1
hidden,1
brad,1
affection,1
alien,1
largely,1
okiek,1
operated,1
wonderful,1
waking,1
virtually,1
announcement,1
privileges,1
misguided,1
prostitute,1
cults,1
sequence,1
nyama,1
actual,1
real,1
reproduction,1
stay,1
prevail,1
ceremonies,1
nightmare,1
congo,1
stayed,1
replace,1
vu,1
students,1
ethnomusicology,1
versions,1
exceedingly,1
rejected,1
helpless,1
futile,1
efficacious,1
open,1
nursing,1
gikuyu,1
urbana,1
margaret,1
provoked,1
moral,1
ng,1
aware,1
poisonous,1
alabi,1
cunningham,1
notice,1
publication,1
language,1
nsumba,1
midwives,1
points,1
utter,1
victory,1
tomlinson,1
formulas,1
faces,1
ashton,1
held,1
secreted,1
general,1
homes,1
physics,1
started,1
revised,1
skulls,1
protruding,1
played,1
collected,1
distinction,1
pailful,1
stages,1
driven,1
administrative,1
comforts,1
anyone,1
last,1
fancy,1
believing,1
fred,1
commentaries,1
construct,1
dialogue,1
loathsome,1
inscribed,1
polygyny,1
coughs,1
faith,1
margin,1
witness,1
sternly,1
hennessey,1
cs,1
protozoology,1
bwaise,1
newspapers,1
allusion,1
bandages,1
insect,1
correct,1
victorian,1
topics,1
disembed,1
banking,1
wishing,1
prisons,1
afr,1
recalled,1
claiming,1
artisans,1
maternity,1
ate,1
gyan,1
looked,1
northern,1
ascribe,1
workshop,1
authorship,1
genred,1
invented,1
leroy,1
destruction,1
isabel,1
professional,1
fee,1
regimes,1
taking,1
argus,1
gleaned,1
division,1
deliberate,1
hunt,1
johnson,1
mss,1
indentured,1
demure,1
wyatt,1
somewhat,1
fifty,1
lyrical,1
discussing,1
christian,1
kasirye,1
fueled,1
rebel,1
misfortune,1
landeg,1
orderlies,1
perspectives,1
note,1
sanitation,1
astonished,1
wisdom,1
independent,1
tomorrow,1
mother,1
assert,1
invasion,1
extinguish,1
willingly,1
dreamed,1
plays,1
bound,1
rough,1
hill,1
reasonable,1
resistant,1
inside,1
parent,1
lines,1
wiener,1
leslie,1
plastic,1
ordinary,1
primarily,1
independence,1
pestilence,1
referred,1
bungled,1
directions,1
transformed,1
imperialism,1
stupid,1
cupping,1
effectively,1
visual,1
overlap,1
contribution,1
wilson,1
contents,1
colonialists,1
indicate,1
countries,1
wizards,1
class,1
es,1
intend,1
dipesh,1
escape,1
spared,1
impersonal,1
analysis,1
continually,1
tapped,1
sikhs,1
respect,1
wives,1
charlottesville,1
detainee,1
idioms,1
attached,1
walking,1
bestow,1
administering,1
smelled,1
worlds,1
problematic,1
packard,1
sound,1
mud,1
susan,1
investigate,1
repulsion,1
meant,1
earliest,1
transfuse,1
grasping,1
door,1
someplace,1
hearts,1
onselen,1
acquired,1
feinblatt,1
vaccinating,1
suggestions,1
wars,1
authorities,1
victoria,1
liked,1
associated,1
beast,1
rh,1
marjorie,1
senior,1
weeks,1
exasperating,1
bombay,1
nervous,1
must,1
ve,1
veterinary,1
existence,1
instructed,1
ever,1
extension,1
medically,1
symbolic,1
known,1
stuffed,1
boase,1
ether,1
oriki,1
friends,1
elaborate,1
tanu,1
burned,1
text,1
glossed,1
meat,1
sciences,1
disdain,1
listeners,1
offers,1
bruce,1
alternative,1
wherever,1
wooly,1
godfrey,1
cover,1
systems,1
highly,1
dimension,1
enters,1
noun,1
nalwanga,1
intellectual,1
introducing,1
monthly,1
sure,1
illuminate,1
clifford,1
henry,1
cultures,1
ancestor,1
adults,1
artifice,1
twaddle,1
relieve,1
confident,1
seriously,1
connection,1
setting,1
wachs,1
seem,1
capital,1
alexander,1
ahr,1
straightforward,1
pretence,1
print,1
scenario,1
visiting,1
swallowed,1
arcy,1
searched,1
ggingo,1
milk,1
crawled,1
hysteria,1
brothers,1
likening,1
metaphorical,1
wealthier,1
speculation,1
storming,1
ferocity,1
longstanding,1
ordered,1
build,1
childbirth,1
domesticated,1
sharecropper,1
schofield,1
burying,1
sierra,1
february,1
merely,1
hurtled,1
evident,1
turned,1
feminist,1
redefined,1
charged,1
clarity,1
researching,1
hills,1
stagnated,1
dosages,1
warnings,1
game,1
steal,1
imitation,1
reconfigured,1
answered,1
transmitted,1
depicts,1
reactions,1
irritating,1
rose,1
selected,1
gayatri,1
making,1
rebellion,1
evangelical,1
quote,1
dallas,1
attitudes,1
statement,1
map,1
theory,1
ceased,1
novelty,1
therapy,1
problem,1
likes,1
parliament,1
fieldworker,1
fascination,1
contagions,1
mecy,1
sir,1
studying,1
divide,1
amy,1
malaria,1
lualabourg,1
rationality,1
visible,1
information,1
killings,1
precedent,1
namalonge,1
abscesses,1
unlearn,1
placement,1
threat,1
wonders,1
prevent,1
sordid,1
asians,1
rendition,1
anxieties,1
periodically,1
punishing,1
sect,1
ulcers,1
researchers,1
boston,1
tent,1
howard,1
trees,1
son,1
northwestern,1
pneumonic,1
ill,1
mutilations,1
protected,1
leakey,1
beck,1
despite,1
rats,1
prevalent,1
eleanor,1
landau,1
communicated,1
turns,1
auxiliaries,1
therefore,1
geiger,1
conventional,1
substance,1
invasive,1
affront,1
possessions,1
obtain,1
grossberg,1
demanding,1
reconstruct,1
protestants,1
manufacturing,1
doubted,1
mwene,1
unprotected,1
maroons,1
wombs,1
diverged,1
bovine,1
aspect,1
construed,1
varied,1
jan,1
rosaldo,1
goubard,1
bowels,1
historicizing,1
prepared,1
analogy,1
named,1
shores,1
cautioned,1
rik,1
refugees,1
recording,1
prescribe,1
argument,1
fetishes,1
salaam,1
disfavor,1
butoro,1
slept,1
quest,1
wis,1
straightened,1
conditions,1
leone,1
samuel,1
washington,1
charge,1
newsletter,1
urchins,1
brigades,1
crisis,1
wish,1
phillips,1
actively,1
lotions,1
include,1
land,1
cooper,1
consumption,1
ye,1
results,1
engulfs,1
followed,1
fooled,1
writer,1
variously,1
gwyn,1
photograph,1
protectorates,1
malakites,1
forming,1
peires,1
locate,1
michel,1
posterity,1
measure,1
liniments,1
madison,1
fine,1
francisco,1
association,1
shift,1
magically,1
bozzoli,1
prowlers,1
affliction,1
restored,1
opprime,1
offered,1
observation,1
charles,1
contradicted,1
removed,1
passages,1
penetrated,1
distinctions,1
disturbing,1
recounted,1
dispensers,1
liquid,1
showcase,1
negotiate,1
activities,1
debate,1
exclusively,1
puts,1
trembling,1
instance,1
ugandans,1
documentary,1
mediators,1
divergent,1
winston,1
focus,1
rigidity,1
digest,1
tired,1
run,1
cross,1
unpopularity,1
broader,1
historiesfrom,1
stormed,1
smarter,1
marxism,1
locale,1
customs,1
perception,1
harmful,1
perpetual,1
impotent,1
