WORDCOUNTS,WEIGHT
the,492
of,400
and,291
memory,244
in,189
a,157
to,141
historical,138
collective,134
is,132
that,106
as,100
history,93
it,66
for,61
this,50
or,45
be,45
not,43
experience,39
but,38
by,38
halbwachs,35
which,34
s,33
nora,33
past,33
has,32
individual,31
new,30
consciousness,30
see,29
from,29
what,29
lived,27
who,27
with,27
are,27
historians,27
an,26
yerushalmi,25
between,25
we,24
at,23
one,23
may,23
their,23
have,23
its,22
only,22
on,22
they,21
also,21
will,20
social,19
historian,19
american,18
all,18
about,18
individuals,18
preservation,18
writing,18
into,17
how,16
memories,16
representation,16
i,15
was,15
because,15
own,15
than,14
york,14
personal,14
december,14
review,13
both,13
groups,12
within,12
jewish,12
culture,12
two,12
french,12
present,12
can,12
de,11
remembering,11
most,11
her,11
when,11
he,11
do,11
would,11
so,11
been,11
memoire,10
his,10
crane,10
work,10
knowledge,10
these,10
form,10
pasts,9
no,9
rather,9
sites,9
sense,9
back,9
museums,9
others,9
forms,9
identity,9
holocaust,9
lost,9
susan,9
any,9
each,9
living,9
remains,9
speak,9
created,8
group,8
historically,8
zakhor,8
histories,8
lieux,8
frameworks,8
fact,8
where,8
itself,8
collecting,8
role,8
cambridge,8
does,7
if,7
trans,7
century,7
n,7
out,7
well,7
part,7
multiple,7
more,7
other,7
were,7
essay,7
like,7
professional,7
she,7
them,7
theory,7
modern,7
now,6
germany,6
production,6
might,6
tradition,6
written,6
those,6
representations,6
framework,6
pierre,6
function,6
study,6
consider,6
however,6
loss,6
remember,6
still,6
j,6
brain,6
time,6
autobiography,6
there,6
become,6
provide,6
thinking,6
must,6
terms,6
voice,6
art,6
spring,6
funkenstein,6
essays,5
ways,5
narrative,5
strand,5
nor,5
continuous,5
apparently,5
generation,5
generations,5
objects,5
could,5
future,5
le,5
experiences,5
single,5
thought,5
us,5
many,5
scholars,5
michael,5
eds,5
discussion,5
bergson,5
expression,5
summer,5
life,5
then,5
simply,5
mourn,5
different,5
survivors,5
while,5
information,5
national,5
write,5
debate,5
early,5
much,5
should,5
way,4
goff,4
nineteenth,4
something,4
member,4
nature,4
definition,4
differences,4
mind,4
issue,4
collectives,4
thus,4
includes,4
understand,4
learning,4
body,4
even,4
german,4
without,4
testimony,4
passerini,4
argued,4
remembered,4
came,4
events,4
record,4
possibility,4
participation,4
amos,4
discussions,4
responsibility,4
research,4
up,4
world,4
am,4
indeed,4
located,4
gift,4
happened,4
ed,4
speaking,4
act,4
mark,4
death,4
debates,4
contemporary,4
discussed,4
another,4
made,4
significant,4
skeptical,4
students,4
david,4
although,4
relation,4
italy,4
european,4
began,4
discourse,4
analysis,4
commemoration,4
practice,4
ever,4
forgetting,4
natural,4
argue,4
current,4
particular,4
problem,4
create,4
witnessing,4
through,4
think,4
argues,4
trauma,4
chicago,4
texts,4
recent,4
entities,3
implies,3
english,3
h,3
unlike,3
princeton,3
being,3
first,3
anything,3
attempts,3
address,3
ourselves,3
desire,3
maurice,3
some,3
possible,3
activity,3
conception,3
such,3
since,3
author,3
moment,3
kind,3
recollection,3
poem,3
journal,3
l,3
notion,3
assuming,3
distant,3
theorists,3
university,3
represented,3
had,3
called,3
shared,3
representative,3
term,3
understood,3
having,3
basis,3
artifacts,3
already,3
london,3
actors,3
nation,3
contains,3
suggest,3
presence,3
value,3
hutton,3
selection,3
yosef,3
oxford,3
continuity,3
preservationist,3
under,3
neither,3
participants,3
narratives,3
useful,3
subjective,3
members,3
available,3
preserve,3
striking,3
fragments,3
outside,3
paris,3
virtually,3
sees,3
language,3
general,3
valued,3
witness,3
story,3
workshop,3
becomes,3
force,3
les,3
here,3
berkeley,3
over,3
did,3
particularly,3
person,3
calif,3
always,3
produce,3
suggests,3
preserved,3
condition,3
come,3
remembrance,3
difference,3
twentieth,3
samuel,3
include,3
france,3
association,3
potential,3
meeting,3
archives,2
currently,2
produces,2
limits,2
memorials,2
later,2
milieu,2
memorious,2
ready,2
represent,2
alone,2
introduction,2
passing,2
becoming,2
myth,2
use,2
designed,2
nouveau,2
live,2
alive,2
studies,2
talking,2
necessarily,2
presents,2
occurred,2
variety,2
t,2
every,2
creation,2
nancy,2
seems,2
historiography,2
shaped,2
europe,2
continue,2
ahr,2
belong,2
suggesting,2
together,2
great,2
simple,2
potentially,2
goldhammer,2
resulting,2
real,2
psychoanalysis,2
emphasized,2
just,2
reading,2
daniel,2
context,2
rethinking,2
messianic,2
takes,2
forum,2
key,2
victims,2
worthy,2
addresses,2
politics,2
fentress,2
functions,2
fine,2
sent,2
daphne,2
ritual,2
dignity,2
collection,2
exist,2
learned,2
human,2
dynamics,2
development,2
against,2
g,2
forgotten,2
conducted,2
seemingly,2
old,2
modernity,2
left,2
third,2
drawn,2
student,2
memoir,2
preserving,2
concepts,2
traditions,2
error,2
articulates,2
simultaneously,2
recognized,2
constitutes,2
vichy,2
programmatic,2
developed,2
remain,2
orpheus,2
process,2
sherman,2
active,2
dealt,2
earlier,2
makes,2
special,2
awareness,2
practicing,2
bonds,2
lives,2
theatres,2
clearly,2
impact,2
beyond,2
destructive,2
pity,2
appear,2
disappeared,2
expressed,2
my,2
lieu,2
testimonies,2
allow,2
transmission,2
entered,2
access,2
curiosity,2
none,2
late,2
further,2
cultural,2
annales,2
recently,2
cannot,2
otherwise,2
saving,2
public,2
james,2
buchenwald,2
criteria,2
aspects,2
postwar,2
supplanted,2
commemorations,2
perpetuated,2
literature,2
concept,2
psychological,2
stake,2
example,2
edn,2
place,2
partly,2
people,2
middle,2
winter,2
et,2
participate,2
project,2
status,2
severing,2
published,2
level,2
healy,2
contrast,2
event,2
luisa,2
narrating,2
brought,2
characterizes,2
annual,2
articulation,2
newly,2
valuable,2
incumbent,2
survived,2
critical,2
happen,2
therefore,2
led,2
practices,2
scientific,2
wrote,2
henri,2
object,2
make,2
gedi,2
direction,2
repression,2
yet,2
museum,2
reference,2
serve,2
professionalized,2
during,2
chris,2
baltimore,2
al,2
noted,2
assimilated,2
rise,2
lavish,2
wickham,2
oral,2
paul,2
addition,2
longer,2
idea,2
marker,2
valid,2
patai,2
appeared,2
teachers,2
break,2
larger,2
everything,2
arthur,2
external,2
never,2
readers,2
produced,2
perhaps,2
rememberer,2
hamilton,2
ditter,2
locations,2
artifact,2
durkheim,2
entity,2
imagine,2
intimate,2
upon,2
locate,2
questions,2
maintains,2
nothing,2
funes,2
archive,2
theoretical,2
distortion,2
imperative,2
reality,2
express,2
profession,2
sustain,2
gillis,2
divisions,2
change,2
frames,2
collected,2
serves,2
distinction,2
foucauldian,2
adequately,2
solipsism,2
faith,2
viewpoint,2
interpretations,2
cabinets,2
exactly,2
relocating,2
deliberate,2
acting,2
january,2
seeking,2
field,2
save,2
haven,2
amateur,2
hanover,2
relationship,2
me,2
elam,2
crucial,2
foreign,2
plays,2
practitioners,2
fear,2
rpt,2
seen,2
returned,2
recalled,2
proposition,2
rapidly,2
often,2
fall,2
hope,2
types,2
exists,2
untouched,2
dissertation,2
school,2
rarely,2
series,2
totality,2
md,2
sums,2
quickly,2
cemetery,2
spontaneous,2
worth,2
connection,2
regard,2
inquiry,2
expresses,2
raphael,2
merely,2
places,2
according,2
implicit,2
whether,2
sociologist,2
writes,2
hitler,2
dark,2
des,2
outline,2
reisen,2
presented,2
became,2
subject,2
archived,2
aspect,2
coming,2
paula,2
syndrome,2
question,2
until,2
recording,2
conn,2
jacques,2
aware,2
mode,2
course,2
instead,2
need,2
specialists,2
evidence,2
regime,2
nonprofessional,2
presenting,2
shift,2
historicism,2
substitute,2
themselves,2
scholarship,2
vary,2
era,2
fears,2
element,2
among,2
proposed,1
mostly,1
done,1
revisionist,1
struggle,1
personally,1
edge,1
rudy,1
common,1
imagining,1
avoiding,1
concerned,1
medieval,1
develops,1
corporate,1
expand,1
scholar,1
bicentennial,1
designated,1
interviews,1
unmasterable,1
deserve,1
elliot,1
caruth,1
resulted,1
fracchia,1
intriguing,1
loosed,1
vogue,1
germaine,1
eclipsed,1
clio,1
starts,1
manuscript,1
alluded,1
told,1
needed,1
touched,1
doom,1
saved,1
jews,1
nostalgia,1
multifaceted,1
conducting,1
word,1
incapacitate,1
contextualization,1
philippe,1
true,1
strictly,1
reopen,1
completely,1
tense,1
mit,1
sublime,1
reichel,1
pessimism,1
borges,1
genius,1
conscious,1
ironist,1
nerve,1
horst,1
spirit,1
metaphorically,1
acceptance,1
relative,1
western,1
fixed,1
stael,1
organic,1
refers,1
vestiges,1
individually,1
holding,1
tells,1
legion,1
before,1
communicating,1
criticizing,1
postulates,1
contested,1
leipzig,1
faiths,1
reich,1
precursors,1
lure,1
salvage,1
baker,1
equates,1
politik,1
joe,1
gail,1
constructedness,1
said,1
archaeologists,1
twilight,1
australia,1
davis,1
invention,1
long,1
venice,1
inconceivable,1
years,1
culturally,1
vols,1
rosenstone,1
attempt,1
darkness,1
meaning,1
anywhere,1
cathy,1
england,1
official,1
experiments,1
words,1
heated,1
confirmed,1
book,1
explores,1
broken,1
phillipa,1
predated,1
thank,1
imaginary,1
emotion,1
rich,1
follows,1
studied,1
disappearance,1
link,1
hundred,1
room,1
antiquarianism,1
religion,1
lowenthal,1
farmer,1
help,1
starn,1
carrard,1
last,1
date,1
respond,1
keith,1
henry,1
raised,1
reserved,1
robert,1
derrida,1
coordinated,1
alike,1
discipline,1
discrete,1
ambiguous,1
motivated,1
nazism,1
calculus,1
seminar,1
epistemological,1
british,1
nowhere,1
sound,1
suspect,1
practique,1
supplant,1
albeit,1
task,1
continuum,1
primary,1
mass,1
discuss,1
right,1
everyman,1
account,1
vol,1
suicide,1
knife,1
santner,1
capable,1
e,1
marked,1
delivers,1
establishing,1
powers,1
october,1
bibliography,1
insight,1
emile,1
occurring,1
point,1
except,1
conceptual,1
supervision,1
treating,1
recalcitrant,1
cited,1
narratively,1
along,1
combing,1
himself,1
mentally,1
interact,1
gastronomy,1
moral,1
identifies,1
audience,1
yates,1
vereine,1
split,1
symphony,1
regarding,1
conflict,1
central,1
possessing,1
goal,1
retaining,1
chapters,1
selfsame,1
muses,1
attest,1
inevitable,1
professor,1
yigal,1
september,1
machine,1
bodily,1
characteristic,1
honest,1
occurs,1
natalie,1
jeremy,1
confino,1
jr,1
ins,1
emerges,1
materially,1
realization,1
antze,1
meyer,1
topic,1
theaters,1
allegiances,1
yourself,1
turn,1
unity,1
distinct,1
destroyed,1
anniversaries,1
times,1
mystic,1
depend,1
severed,1
subjects,1
architect,1
ithaca,1
determination,1
holds,1
inclusion,1
young,1
disturbs,1
autobiographically,1
cohen,1
varieties,1
witnessed,1
publications,1
compare,1
lisa,1
y,1
mirrored,1
baroque,1
consequently,1
unclaimed,1
look,1
findlen,1
boom,1
conceive,1
obliterating,1
acknowledge,1
infinite,1
intentionaly,1
traumatic,1
distribution,1
higher,1
jungian,1
insofar,1
permits,1
site,1
operation,1
opposed,1
bann,1
segregate,1
erotic,1
whose,1
essential,1
autobiographies,1
ernst,1
performance,1
factual,1
absent,1
swell,1
aggressive,1
possession,1
basic,1
posits,1
influential,1
encyclopedic,1
explicit,1
presentation,1
secularization,1
approaches,1
levine,1
noa,1
deliberately,1
signaled,1
opportunity,1
supplement,1
legal,1
flexible,1
inhere,1
sarah,1
thing,1
certain,1
catalogs,1
ongoing,1
reborn,1
von,1
roth,1
space,1
ames,1
supposed,1
veiled,1
support,1
englund,1
reason,1
category,1
brunswick,1
perceptions,1
posthumously,1
huyssen,1
reconceptualization,1
reification,1
marks,1
psychoanalytic,1
representativeness,1
conceptualization,1
revising,1
neurological,1
physically,1
retained,1
petrifying,1
literary,1
organized,1
kammen,1
sick,1
specify,1
recombination,1
quoted,1
former,1
receiving,1
traces,1
gradually,1
contemporaries,1
geyer,1
frequently,1
too,1
monumentalization,1
presumed,1
four,1
show,1
operate,1
origins,1
powerful,1
continual,1
follow,1
refer,1
devices,1
generally,1
shoshana,1
matsuda,1
langer,1
requires,1
agentless,1
puts,1
instance,1
victorian,1
willing,1
answers,1
committee,1
guilt,1
providing,1
view,1
eludes,1
conflicts,1
thinks,1
whereas,1
pantheon,1
based,1
whom,1
sociological,1
concentration,1
societies,1
appearance,1
lain,1
acknowledgments,1
found,1
exaggeration,1
determines,1
p,1
inappropriate,1
effort,1
resembles,1
kate,1
patrick,1
relate,1
state,1
depletion,1
noting,1
insisting,1
endeavor,1
persist,1
approximation,1
constantly,1
pitfalls,1
cores,1
im,1
collectively,1
fourth,1
equally,1
though,1
war,1
professes,1
mediated,1
yazdi,1
narcotic,1
schneider,1
symbols,1
venue,1
younger,1
appearing,1
survivor,1
democratization,1
doesn,1
begin,1
spiritual,1
foreshadowed,1
reflexivity,1
damasio,1
temptations,1
creates,1
benign,1
coin,1
randolph,1
distinguishes,1
transl,1
abuse,1
retribution,1
keeping,1
distinguish,1
r,1
seminal,1
markovits,1
scope,1
contexts,1
received,1
translate,1
writers,1
integrates,1
repetition,1
claim,1
prominent,1
prompted,1
discusses,1
line,1
iwona,1
apparent,1
calls,1
related,1
enola,1
penetrating,1
elizabeth,1
perpetually,1
texture,1
whole,1
genuine,1
designate,1
describe,1
proust,1
inherited,1
issues,1
constitute,1
beginnings,1
relevance,1
actually,1
call,1
lapses,1
focuses,1
regional,1
plurality,1
reverses,1
employed,1
believes,1
intersections,1
realms,1
matt,1
showing,1
tombstones,1
currents,1
visage,1
gallimard,1
mired,1
transmit,1
encapsulates,1
heuristic,1
either,1
annotated,1
someone,1
previously,1
legacy,1
working,1
rousso,1
aroused,1
shaping,1
revolution,1
panel,1
gooch,1
order,1
clothes,1
interacting,1
stimulated,1
squarely,1
disembodied,1
phrase,1
historicalizing,1
family,1
several,1
shapes,1
fraught,1
june,1
munich,1
replace,1
mediocre,1
components,1
masking,1
surfeit,1
breaking,1
supposedly,1
andrei,1
reconceptualize,1
redefinition,1
tended,1
dedicated,1
vein,1
mythological,1
memberships,1
chords,1
results,1
und,1
peculiar,1
despite,1
ghost,1
provided,1
displaced,1
wolfgang,1
derives,1
phase,1
avoid,1
content,1
society,1
periods,1
transforming,1
chronological,1
morphology,1
film,1
second,1
give,1
matter,1
contest,1
entitled,1
functioning,1
stranded,1
action,1
separation,1
lurking,1
service,1
comparative,1
expansion,1
limited,1
play,1
competitively,1
sachsenhausen,1
curtis,1
brief,1
commit,1
bredekamp,1
april,1
whatever,1
above,1
invader,1
expanded,1
surviving,1
comments,1
linguistically,1
movement,1
modes,1
spot,1
olympus,1
reception,1
religious,1
philosophie,1
evidentiary,1
biological,1
vergangenheit,1
once,1
coherence,1
chronicle,1
simultaneous,1
criticism,1
interpretation,1
externalized,1
refusing,1
rubric,1
represents,1
koonz,1
read,1
requiring,1
coser,1
soon,1
message,1
technology,1
inspiration,1
chronology,1
alon,1
selective,1
thesis,1
milieus,1
dori,1
fading,1
eilean,1
same,1
ethnographic,1
um,1
nineteenthcentury,1
rape,1
insights,1
provocative,1
gay,1
retract,1
begins,1
increasingly,1
situates,1
koshar,1
suzanne,1
cage,1
philhellenism,1
declining,1
etudes,1
corporeal,1
lewis,1
name,1
hautes,1
tombstone,1
law,1
winnowed,1
portroyal,1
challenge,1
power,1
toward,1
fragmentation,1
approaching,1
pointed,1
similarly,1
put,1
marchand,1
experienced,1
smith,1
missing,1
generational,1
speaks,1
unifying,1
lack,1
troubled,1
luis,1
stories,1
fundamental,1
laub,1
banal,1
krzysztof,1
abstract,1
disturbed,1
contradict,1
diverse,1
antonio,1
john,1
inspired,1
end,1
reacts,1
doubt,1
condensed,1
charges,1
succeeding,1
man,1
preservationists,1
prosthetic,1
consciously,1
ground,1
journalists,1
imperatives,1
posit,1
operating,1
existing,1
amnesia,1
less,1
tell,1
manipulator,1
necessary,1
spoke,1
uttered,1
material,1
maturity,1
innere,1
rogoff,1
controversy,1
distance,1
number,1
explicitly,1
encountered,1
connections,1
fight,1
discourses,1
technologies,1
exhibit,1
envisions,1
electronic,1
johannes,1
subjectivity,1
genres,1
erdberg,1
totalizing,1
implicated,1
values,1
culpability,1
braudel,1
fictional,1
including,1
pomian,1
owe,1
retains,1
onslaught,1
looking,1
erinnerung,1
herself,1
wonder,1
admiring,1
theorization,1
fed,1
aufsess,1
archivs,1
largely,1
persisted,1
operated,1
assumption,1
francis,1
perception,1
occlusion,1
aside,1
conflicted,1
ethnic,1
trend,1
freudian,1
recovery,1
supposition,1
suggested,1
california,1
described,1
insomniac,1
rejected,1
significance,1
crises,1
clear,1
switched,1
three,1
historic,1
remaining,1
archaeological,1
modem,1
fallacy,1
publication,1
peter,1
spawned,1
counter,1
held,1
professionalization,1
controversies,1
revised,1
period,1
vida,1
him,1
stresses,1
crafted,1
anyone,1
after,1
lose,1
thomas,1
artificial,1
discarded,1
enough,1
took,1
article,1
trying,1
imaginative,1
k,1
moorings,1
vendee,1
respectively,1
contact,1
britain,1
confusing,1
wills,1
claiming,1
besieges,1
galleries,1
interpenetrate,1
figures,1
saw,1
anchored,1
caution,1
andreas,1
propose,1
delimited,1
attention,1
allison,1
decay,1
anglophone,1
isn,1
claudia,1
brown,1
decision,1
hunt,1
separate,1
vocations,1
things,1
interpenetration,1
suggestion,1
fascism,1
reemerges,1
uninvited,1
perspectives,1
note,1
streit,1
overburden,1
invokes,1
popkin,1
movements,1
maier,1
ecole,1
curiosities,1
selections,1
suffice,1
ironically,1
qualifies,1
lines,1
archaeology,1
primarily,1
revisionism,1
referred,1
monuments,1
experimenting,1
affinity,1
felman,1
imperialism,1
lawrence,1
markers,1
transformation,1
inadequate,1
paradigmatic,1
antiquity,1
provider,1
why,1
poetics,1
reconsider,1
introductory,1
responsible,1
construction,1
entrusted,1
objectifications,1
education,1
face,1
repressed,1
recalling,1
articles,1
mirror,1
arts,1
involuntary,1
crowded,1
inheres,1
detail,1
stephen,1
assistant,1
anthropological,1
publicly,1
neglected,1
going,1
relates,1
following,1
impulse,1
conclusion,1
exemplified,1
version,1
forget,1
founded,1
locally,1
stendahl,1
unbroken,1
continues,1
irit,1
marcel,1
recognizable,1
constructed,1
bernstein,1
preserves,1
text,1
sustained,1
smithsonian,1
der,1
butler,1
know,1
defining,1
enters,1
chartier,1
naturalized,1
authority,1
principle,1
country,1
anthropology,1
receivers,1
schacter,1
stalinism,1
steven,1
neaman,1
jorge,1
seem,1
antiquarians,1
specially,1
down,1
judgements,1
collectors,1
exhaustive,1
far,1
oblivion,1
bonnie,1
separating,1
associations,1
wood,1
closest,1
works,1
type,1
february,1
absolutely,1
redefined,1
phd,1
growing,1
confess,1
william,1
scholarly,1
reaffirmation,1
ruins,1
return,1
unique,1
reactions,1
spatial,1
nationalist,1
commemorating,1
namely,1
making,1
involvement,1
internment,1
want,1
maintain,1
textbook,1
interpreter,1
statement,1
ceased,1
correspondent,1
insightful,1
institute,1
require,1
projection,1
textual,1
almost,1
richness,1
psychology,1
lambek,1
cult,1
translated,1
marking,1
poems,1
milieux,1
decisive,1
altogether,1
activated,1
perpetuates,1
duty,1
die,1
transition,1
zemon,1
alternating,1
solitary,1
clothing,1
unitary,1
phenomenon,1
using,1
aims,1
internalized,1
nationalsozialistische,1
our,1
frances,1
eric,1
compulsion,1
ultimately,1
ulrich,1
breaks,1
argument,1
editor,1
notes,1
similarity,1
camps,1
conditions,1
authored,1
recovering,1
completed,1
connerton,1
unending,1
gedachtnisorte,1
consolidated,1
accompanying,1
d,1
socially,1
guiding,1
deforming,1
states,1
irreconcilable,1
you,1
voluntary,1
organ,1
terribly,1
oldest,1
renews,1
summary,1
anonymous,1
descartes,1
morally,1
specific,1
charles,1
coalesce,1
drift,1
searching,1
admitting,1
removed,1
mouming,1
distinctions,1
rest,1
reinvocation,1
archival,1
stemming,1
experiential,1
unarguably,1
views,1
substantial,1
entire,1
little,1
focus,1
brave,1
strong,1
ends,1
whenever,1
famous,1
tired,1
building,1
representational,1
roles,1
tendentious,1
hans,1
close,1
major,1
arizona,1
perpetual,1
