WORDCOUNTS,WEIGHT
the,937
and,845
of,703
in,591
to,270
a,259
medieval,152
fish,149
from,138
for,137
de,133
by,118
on,95
as,94
or,91
at,87
their,80
that,74
were,68
europe,67
water,67
s,65
la,65
et,64
with,63
more,61
des,60
ed,57
is,56
historical,56
human,54
l,53
aquatic,50
are,47
c,47
century,45
early,44
fisheries,44
fishes,42
had,42
der,42
du,41
they,41
economic,41
species,41
it,40
american,40
carp,40
review,40
an,40
le,39
paris,39
ecosystems,38
richard,37
fishing,37
development,36
was,36
june,36
this,35
which,33
not,33
j,32
les,32
late,32
new,32
waters,32
all,31
but,31
environmental,30
his,30
its,30
d,30
than,29
die,29
have,28
hoffmann,27
i,27
vol,27
these,27
ponds,27
european,27
middle,27
large,26
w,26
und,26
eds,26
both,26
between,26
during,25
where,25
see,25
other,24
en,24
ages,24
natural,24
through,24
au,24
one,23
western,23
some,23
age,23
local,23
be,23
history,22
into,22
fresh,22
river,22
also,22
england,21
those,21
two,21
only,21
over,21
use,20
even,20
van,20
fishponds,20
fishers,20
sturgeon,19
salmon,19
pike,19
many,19
e,18
such,18
further,18
siecle,18
small,18
still,18
later,17
inland,17
b,17
remains,17
so,17
what,17
them,17
before,16
mills,16
no,16
most,16
abbey,16
well,16
london,16
pond,16
populations,16
about,16
eel,16
less,16
rivers,16
thirteenth,16
then,16
common,15
rights,15
changes,15
streams,15
under,15
culture,15
food,15
freshwater,15
evidence,15
vols,14
there,14
compare,14
subsistence,14
moyen,14
has,14
when,14
f,14
control,14
consumption,14
h,13
z,13
landscape,13
came,13
im,13
r,13
own,13
habitats,13
eleventh,13
been,13
who,13
centuries,13
dams,13
much,13
north,13
trans,12
g,12
may,12
york,12
resource,12
m,12
das,12
used,12
french,12
habitat,12
examples,12
after,12
can,12
twelfth,12
catch,12
land,12
france,12
market,11
modern,11
lower,11
first,11
long,11
hundred,11
monastic,11
general,11
oxford,11
impact,11
caught,11
below,11
archaeology,11
st,11
demand,11
al,11
europeans,11
fourteenth,11
times,11
high,11
spawning,11
von,11
life,11
dans,11
very,11
size,11
catches,11
among,11
now,10
central,10
access,10
fishery,10
near,10
up,10
he,10
southern,10
same,10
social,10
present,10
years,10
three,10
direct,10
poisson,10
ecological,10
environment,10
native,10
varieties,10
effects,10
clairvaux,9
zur,9
sale,9
importance,9
study,9
university,9
instance,9
important,9
beaver,9
greater,9
could,9
p,9
sites,9
anadromous,9
edn,9
bishop,9
count,9
few,9
society,9
bis,9
put,9
noted,9
larger,9
men,9
do,9
mill,9
made,9
black,9
trout,9
stream,9
fields,9
known,9
did,9
geschichte,9
works,9
jean,9
urban,9
commercial,9
conditions,9
value,9
major,9
english,8
zu,8
marine,8
british,8
resources,8
along,8
thus,8
cistercian,8
aus,8
relatively,8
find,8
growth,8
levels,8
earlier,8
landscapes,8
certain,8
n,8
numbers,8
too,8
exploitation,8
record,8
records,8
people,8
t,8
change,8
around,8
metiers,8
will,8
watercourses,8
den,8
monks,8
v,8
exotic,8
organisms,8
like,8
especially,8
include,8
note,8
hommes,8
supply,8
monasteries,8
particular,8
perch,8
sea,8
became,8
wild,8
salt,8
needs,8
recent,8
household,8
bedeutung,7
estate,7
rhine,7
complex,7
studies,7
john,7
being,7
nature,7
behavior,7
against,7
back,7
channels,7
peasants,7
upper,7
commonly,7
lords,7
called,7
nutrients,7
international,7
binnenfischerei,7
lord,7
cultural,7
population,7
woodland,7
documented,7
good,7
running,7
commerce,7
peche,7
medievale,7
mediterranean,7
cluny,7
lordship,7
world,7
dam,7
rome,7
communities,7
permission,7
wasserversorgung,7
members,7
paul,7
towns,7
burgundy,7
ecology,7
rehabilitation,7
recht,7
low,7
archaeological,7
stress,7
k,7
regier,7
ate,7
guillerme,7
often,7
growing,7
here,7
grey,7
past,7
rural,7
living,7
agriculture,7
champagne,7
migratory,7
rising,7
artificial,7
ecosystem,7
royal,7
fossier,7
built,7
countryside,6
flow,6
way,6
if,6
rev,6
created,6
hitzbleck,6
berlin,6
bream,6
practices,6
every,6
production,6
simple,6
rich,6
written,6
bohemia,6
fisches,6
histoire,6
iv,6
west,6
x,6
cited,6
lakes,6
cosgrove,6
spawn,6
y,6
etangs,6
town,6
without,6
main,6
environments,6
nor,6
peasant,6
beyond,6
erosion,6
though,6
salzburg,6
toulouse,6
part,6
knowledge,6
runs,6
krakow,6
least,6
several,6
research,6
decline,6
alluvial,6
poland,6
neer,6
tench,6
runoff,6
expansion,6
make,6
namur,6
industrial,6
ervynck,6
areas,6
benecke,6
xiiie,6
lespinasse,6
renaissance,6
mcdonnell,6
discussion,6
cambridge,6
waste,6
een,6
heinrich,6
described,6
roberts,6
held,6
spread,6
measures,6
kept,6
courtenay,6
five,6
any,6
soil,6
physical,6
alps,6
william,6
economy,6
form,6
cahn,6
plants,6
agricultural,6
while,6
terre,6
art,6
time,6
course,6
sur,6
tributaries,6
increased,6
comptes,6
anton,6
should,6
bourquelot,5
o,5
abbaye,5
notably,5
group,5
cistercians,5
conscious,5
necessarily,5
par,5
actual,5
xiii,5
vegetation,5
within,5
ad,5
king,5
tenth,5
right,5
great,5
above,5
weirs,5
eating,5
concentrations,5
price,5
rather,5
unintended,5
capture,5
parts,5
lay,5
awareness,5
winchester,5
ekkehard,5
duke,5
delta,5
surface,5
permanent,5
management,5
societe,5
found,5
hoffinann,5
however,5
data,5
we,5
regions,5
mgh,5
responses,5
caused,5
ski,5
settlement,5
cool,5
immediate,5
paid,5
provided,5
activities,5
scientific,5
identified,5
grand,5
limited,5
cyprinids,5
floods,5
aux,5
toronto,5
others,5
contemporary,5
fragments,5
medioevo,5
jahrhundert,5
another,5
private,5
survive,5
region,5
lake,5
supplies,5
yorkshire,5
open,5
peter,5
would,5
thomas,5
percent,5
italy,5
hanover,5
continued,5
construction,5
roach,5
grewe,5
het,5
must,5
delatouche,5
palace,5
meat,5
each,5
roman,5
down,5
half,5
gallen,5
bones,5
animal,5
gdan,5
whether,5
reported,5
jahrhunderts,5
role,5
jan,5
statute,5
crosby,5
consumers,5
peninsular,5
wroclaw,5
fischerei,5
watersheds,5
deposits,5
building,5
alimentation,5
nicholas,4
moulins,4
periods,4
bernard,4
vienna,4
barbel,4
plainly,4
live,4
favor,4
mittelalter,4
po,4
lib,4
sources,4
norbert,4
fifteenth,4
ii,4
steady,4
domaine,4
agrarian,4
follows,4
argue,4
help,4
robert,4
behind,4
woodlands,4
recorded,4
historians,4
materne,4
italian,4
activity,4
etienne,4
whitefish,4
information,4
far,4
berucksichtigung,4
fur,4
bottom,4
relationships,4
latrines,4
consumed,4
since,4
danube,4
characteristic,4
saxony,4
gall,4
turn,4
clark,4
six,4
otters,4
zum,4
third,4
animaux,4
think,4
generation,4
carpes,4
otter,4
dziejow,4
philadelphia,4
managers,4
thought,4
across,4
na,4
needham,4
process,4
supplement,4
legal,4
devailly,4
eau,4
brought,4
cyprinus,4
claims,4
berry,4
days,4
leases,4
show,4
followed,4
ou,4
result,4
lived,4
arable,4
markets,4
wim,4
urkundenbuch,4
vissen,4
nel,4
stock,4
fisher,4
indirect,4
wealth,4
public,4
because,4
none,4
pesca,4
carpio,4
already,4
preferred,4
macklin,4
ecologists,4
studia,4
multiplied,4
description,4
whole,4
year,4
place,4
issues,4
taxa,4
winter,4
gear,4
clearance,4
peches,4
grain,4
jager,4
contrast,4
family,4
villages,4
dem,4
drainage,4
might,4
surviving,4
ice,4
humans,4
movement,4
engineering,4
bonnardot,4
liberties,4
baltimore,4
denis,4
mich,4
kilograms,4
power,4
avignon,4
death,4
dirk,4
xii,4
pressure,4
meuse,4
mondo,4
documents,4
channel,4
patterns,4
perhaps,4
constance,4
original,4
top,4
processes,4
jusqu,4
deforestation,4
clear,4
essay,4
exchange,4
systems,4
methods,4
effect,4
structure,4
james,4
destruction,4
slow,4
lentic,4
recognize,4
comte,4
fall,4
tiber,4
stable,4
forests,4
historique,4
blocked,4
changing,4
accounts,4
substrate,4
schleswig,4
stadt,4
nets,4
stauffer,4
pour,4
proceedings,4
luttrell,4
fumagalli,4
nearby,4
benoit,4
herrmann,4
distribution,4
gunda,4
adapted,4
named,4
economie,4
until,4
ulrich,4
desse,4
eggs,4
fishpond,4
watermills,4
xive,4
off,4
fol,4
efforts,4
wieku,4
valley,4
little,4
comparable,4
hans,4
nine,3
surroundings,3
scriptores,3
does,3
fleming,3
helped,3
done,3
consommation,3
edge,3
polish,3
ready,3
historiques,3
active,3
affected,3
therefore,3
alone,3
ska,3
mountains,3
emperor,3
harz,3
scottish,3
kinder,3
maas,3
eaten,3
archbishop,3
saxon,3
di,3
flows,3
ms,3
duc,3
trace,3
organic,3
eastward,3
jeulin,3
controlled,3
said,3
interests,3
exclusive,3
willam,3
likewise,3
rapid,3
mitteleuropas,3
best,3
charlemagne,3
seigneurial,3
warm,3
deventer,3
differences,3
origin,3
atlantic,3
court,3
survey,3
take,3
pfister,3
damming,3
biologists,3
innes,3
que,3
el,3
system,3
alfred,3
ravenna,3
america,3
mesh,3
red,3
ordinances,3
sixteenth,3
ordre,3
establishment,3
overfishing,3
churches,3
replacement,3
deserted,3
diversity,3
learned,3
tables,3
polsce,3
silent,3
relations,3
bone,3
untersuchungen,3
qise,3
rooted,3
barrier,3
kind,3
elements,3
diritti,3
turbid,3
highest,3
left,3
locales,3
competition,3
storage,3
outflow,3
jr,3
master,3
rentes,3
formed,3
delort,3
library,3
sector,3
recognized,3
generations,3
how,3
aube,3
basic,3
coastal,3
johannes,3
dealt,3
eight,3
generally,3
liber,3
white,3
predation,3
animals,3
consequences,3
modified,3
dyer,3
perceptions,3
financial,3
servants,3
guelph,3
possibly,3
mira,3
energy,3
argued,3
facsimile,3
stocked,3
four,3
historia,3
consequence,3
intentional,3
belgian,3
manger,3
hainaut,3
silt,3
fischreste,3
melanges,3
appear,3
moving,3
landowners,3
closely,3
my,3
laid,3
rerum,3
allow,3
downstream,3
basin,3
out,3
ichthyology,3
parisian,3
nutrient,3
gottingen,3
prummel,3
mainly,3
shape,3
sport,3
pleistocene,3
hynes,3
aspects,3
cens,3
almost,3
belonging,3
travaux,3
received,3
start,3
clean,3
heavily,3
individual,3
purpose,3
tributary,3
example,3
norm,3
mitteilungen,3
loss,3
sk,3
reynolds,3
falling,3
structures,3
thereafter,3
translated,3
dijon,3
mccann,3
tolerance,3
sicard,3
norfolk,3
xie,3
hydraulic,3
ago,3
working,3
cold,3
alto,3
quite,3
regimes,3
castle,3
characteristics,3
munich,3
poznan,3
grow,3
temporary,3
industry,3
acts,3
christendom,3
colmar,3
annual,3
umwelt,3
community,3
notes,3
finds,3
am,3
rest,3
heimpel,3
means,3
reduction,3
situation,3
stronger,3
variety,3
impacts,3
strasbourg,3
comparative,3
patrologia,3
season,3
standing,3
went,3
wabont,3
religious,3
robin,3
gave,3
yet,3
elaboration,3
saone,3
ryb,3
suited,3
older,3
temperate,3
orders,3
light,3
included,3
largest,3
regional,3
westward,3
book,3
subcontinent,3
fin,3
recueil,3
preferences,3
projects,3
herbert,3
elbe,3
scholars,3
response,3
remarked,3
farming,3
brimblecombe,3
latina,3
terryl,3
man,3
alosa,3
legislation,3
reproductive,3
diets,3
drove,3
spain,3
normandy,3
herring,3
kaiser,3
material,3
einer,3
ordinance,3
recreational,3
biological,3
statutes,3
success,3
trexler,3
collections,3
increase,3
birds,3
merovingicarum,3
entirely,3
congress,3
deutschen,3
bourgogne,3
besonderer,3
nothing,3
spoleto,3
pattern,3
relationship,3
transformation,3
weir,3
dominated,3
flood,3
vita,3
summer,3
plant,3
chartes,3
features,3
darby,3
filled,3
took,3
article,3
knochenfunde,3
menagier,3
kalamazoo,3
deliberate,3
seeking,3
northern,3
saw,3
balkans,3
monarchie,3
shad,3
steane,3
dietary,3
property,3
seasons,3
welcomme,3
today,3
wastes,3
fairly,3
ecole,3
psalter,3
naturally,3
dissolved,3
flowed,3
fewer,3
bulletin,3
un,3
began,3
tragedy,3
countries,3
length,3
lotic,3
analysis,3
frontier,3
table,3
itself,3
bodensee,3
materialy,3
undertook,3
andreska,3
seine,3
share,3
authorities,3
mentioned,3
extensive,3
besides,3
md,3
verriest,3
text,3
sciences,3
cover,3
paolo,3
continental,3
flowing,3
fourrures,3
ubiquitous,3
brouwers,3
feed,3
unter,3
german,3
distinctive,3
disputes,3
type,3
reproduce,3
transfers,3
rose,3
terms,3
making,3
together,3
monastery,3
maintain,3
seasonal,3
villis,3
ordonnances,3
weedy,3
constructed,3
baltic,3
tegernsee,3
resident,3
oxygen,3
siecles,3
fourteen,3
church,3
vendittelli,3
countdown,3
beitrage,3
trees,3
boddeke,3
city,3
topsoil,3
ring,3
families,3
using,3
estates,3
argues,3
lands,3
thousands,3
nell,3
grant,3
isles,3
warsaw,3
move,3
joined,3
instead,3
fauna,3
gravel,3
although,3
regime,3
smaller,3
thomson,3
lointaines,3
area,3
frederick,3
association,3
brook,3
wirtschaftliche,3
specific,3
mittelalterliche,3
commodity,3
boire,3
norman,3
deposition,3
taylor,3
livestock,3
zones,3
balon,3
otto,3
occur,3
deeper,3
florence,2
margins,2
picard,2
rate,2
ville,2
curtailed,2
meaning,2
milieu,2
names,2
revue,2
scholar,2
wien,2
vauclair,2
degraded,2
college,2
prussia,2
shads,2
lampreys,2
derveeghe,2
mouth,2
just,2
bei,2
becoming,2
center,2
settlements,2
sturio,2
prize,2
regnault,2
essays,2
engage,2
son,2
disposal,2
authority,2
continent,2
ways,2
garonne,2
wase,2
lamprey,2
nord,2
former,2
stefan,2
habits,2
total,2
impeded,2
franz,2
proliferating,2
leipzig,2
territorial,2
permitted,2
cutting,2
experience,2
proportion,2
sequence,2
picturesque,2
einffihrung,2
hence,2
invention,2
chasm,2
certainly,2
repeatedly,2
wittingau,2
phoxinus,2
willene,2
taken,2
kilometers,2
brien,2
terrain,2
shortage,2
retreat,2
supplied,2
damaged,2
zeitschrift,2
groups,2
individuals,2
twenty,2
anselme,2
ahr,2
kisch,2
ottawa,2
bavaria,2
berichte,2
szczqtki,2
verbal,2
entered,2
composition,2
beds,2
subsequent,2
damage,2
zachodniopomorskie,2
owned,2
precisely,2
henry,2
principal,2
alike,2
ambiguous,2
receiving,2
theodore,2
barred,2
daniel,2
stopped,2
annie,2
archaologie,2
case,2
introductions,2
ascribed,2
forthcoming,2
botanical,2
iii,2
plain,2
unaware,2
money,2
patrick,2
anthropozoologica,2
sought,2
mass,2
materialnej,2
clearly,2
alluvium,2
account,2
gardens,2
prior,2
dikes,2
leo,2
leicester,2
condition,2
shared,2
october,2
run,2
vital,2
klosterneuburg,2
approvisionnement,2
leon,2
apart,2
pass,2
point,2
watermill,2
hampshire,2
philologique,2
owners,2
laws,2
enter,2
himself,2
nuisance,2
memoire,2
celebrated,2
eroded,2
sketched,2
prevented,2
plowed,2
estuarine,2
collection,2
sign,2
maximilians,2
labor,2
oudenaarde,2
natives,2
barbus,2
lorraine,2
tucci,2
includes,2
accessible,2
throughout,2
deux,2
woodbridge,2
collapse,2
stillwater,2
surely,2
wheels,2
anciennes,2
reverse,2
modify,2
dynamics,2
troyes,2
productive,2
dei,2
eduard,2
jozef,2
predators,2
acta,2
anthimus,2
codex,2
te,2
needed,2
afford,2
issued,2
walter,2
controlling,2
jahrbuch,2
wczesnosredniowiecznego,2
gudgeon,2
vegetative,2
salzburger,2
duero,2
distinct,2
developments,2
constitutions,2
urbanization,2
deeds,2
refer,2
douce,2
forbade,2
young,2
compared,2
ecclesiastical,2
remarkably,2
waterworks,2
bennett,2
scarcity,2
eventual,2
freudlsperger,2
bajuwaren,2
monk,2
frankreich,2
kultury,2
higher,2
site,2
recolonization,2
operation,2
opposed,2
gained,2
etudes,2
elaborate,2
bring,2
fischereirecht,2
aimed,2
managing,2
relative,2
developed,2
obtained,2
denmark,2
remain,2
possession,2
vel,2
cisterciens,2
hughes,2
females,2
stuttgart,2
convent,2
fischfang,2
aston,2
muggenthaler,2
scola,2
marshes,2
nos,2
selected,2
summarized,2
factors,2
absorbed,2
raymond,2
reasons,2
centimeter,2
capitulare,2
entry,2
established,2
retained,2
literary,2
grains,2
slowly,2
section,2
broads,2
traces,2
suffolk,2
manor,2
origins,2
dimier,2
peninsula,2
cost,2
slightly,2
bruno,2
destructive,2
sicily,2
wiltshire,2
view,2
ausgrabungen,2
nr,2
angela,2
fry,2
klaus,2
bibliotheque,2
acceptable,2
geoffrey,2
pioneering,2
concentration,2
tra,2
societies,2
color,2
zwischen,2
scotland,2
countenance,2
anguilla,2
stocking,2
eat,2
fuel,2
glacial,2
guilds,2
lent,2
czech,2
joinville,2
poisons,2
zug,2
rivieres,2
offered,2
reviews,2
skilled,2
fisherman,2
recently,2
suffered,2
scarpe,2
representatives,2
feudal,2
confirmation,2
professionals,2
drain,2
val,2
brooks,2
technical,2
watershed,2
heilsbronn,2
products,2
directly,2
pierre,2
monique,2
distinguish,2
line,2
congres,2
customaries,2
formerly,2
leger,2
cistercien,2
claim,2
drew,2
confined,2
journal,2
thoughts,2
excessive,2
context,2
grants,2
realm,2
describe,2
regulate,2
constitute,2
linke,2
pan,2
mantua,2
call,2
rene,2
zellersee,2
obtain,2
arrangements,2
tebrake,2
diverted,2
holy,2
manipulation,2
refuse,2
pollution,2
pyrenees,2
acipenser,2
precipitation,2
published,2
commons,2
eine,2
successful,2
societes,2
useful,2
dictionary,2
grew,2
ambrose,2
raftis,2
lois,2
precedents,2
bd,2
emphasizes,2
fallow,2
bela,2
roles,2
bank,2
medievalists,2
openly,2
fluviale,2
regiam,2
transport,2
wraysbury,2
vrijetijdsvisserij,2
county,2
dramatic,2
florentine,2
bavarian,2
leges,2
corporations,2
cotieres,2
philip,2
christians,2
always,2
managed,2
hereditary,2
barbarossa,2
productivity,2
cycle,2
appropriate,2
hermann,2
rhone,2
cesspits,2
fiber,2
wirtschaftsgeschichte,2
abbot,2
survived,2
barbara,2
chauvin,2
shoreline,2
lyon,2
likely,2
arrangement,2
warwickshire,2
wittenwilers,2
pictures,2
reduced,2
easy,2
navigable,2
salmonids,2
mechanisms,2
indeed,2
dobe,2
april,2
return,2
classic,2
hard,2
poor,2
currie,2
reconstruction,2
intervention,2
interactions,2
gobio,2
astill,2
collapsed,2
traps,2
settings,2
biomass,2
abrupt,2
selection,2
xvie,2
plesse,2
rybnej,2
once,2
overview,2
recipe,2
depicted,2
frankish,2
parisians,2
donnees,2
observer,2
examined,2
makes,2
marginal,2
serve,2
fischereigeschichte,2
dace,2
domesday,2
neither,2
perceived,2
ancient,2
compiled,2
jay,2
cod,2
brinkhuizen,2
adjusted,2
franciszek,2
colored,2
vers,2
essai,2
communal,2
reliance,2
informed,2
sometimes,2
nuremberg,2
fill,2
zbozowe,2
administrators,2
volution,2
inspected,2
wickham,2
transports,2
piekosin,2
laterally,2
szeligi,2
precocious,2
voodselvoorziening,2
rutilus,2
mark,2
rows,2
sidonius,2
available,2
egerland,2
hydrological,2
wetlands,2
frederique,2
added,2
occident,2
cour,2
fact,2
shows,2
longer,2
lack,2
ghent,2
turner,2
remarks,2
claraevallensis,2
foodstuffs,2
clarendon,2
suitable,2
foods,2
agree,2
choice,2
banks,2
end,2
state,2
clerical,2
clason,2
minimize,2
sternberg,2
clearing,2
travail,2
serious,2
removal,2
readers,2
fuir,2
privatization,2
increases,2
covered,2
flooded,2
fixed,2
moats,2
regulation,2
purposes,2
toxic,2
kolonisatorische,2
meant,2
necessary,2
spring,2
deep,2
survival,2
dorestad,2
ability,2
free,2
degree,2
beroepsen,2
remained,2
archeologiques,2
sir,2
riparian,2
simon,2
week,2
expertise,2
range,2
lutra,2
including,2
distinctly,2
vegetated,2
majestatem,2
significant,2
fed,2
glasscock,2
glanis,2
vogelen,2
skene,2
operated,2
station,2
numerous,2
affects,2
resulting,2
alsace,2
engineers,2
full,2
states,2
vistula,2
pesce,2
netherlands,2
beny,2
stoneleigh,2
similar,2
poisoning,2
compressed,2
modem,2
op,2
oder,2
eaters,2
annee,2
yields,2
leave,2
christopher,2
period,2
function,2
brussels,2
domestication,2
ernst,2
dry,2
mammals,2
diversion,2
archeologie,2
halard,2
fulling,2
krusch,2
benedictiones,2
thorpe,2
managerial,2
physician,2
typically,2
silurus,2
craft,2
become,2
streame,2
chapel,2
availability,2
probably,2
pere,2
field,2
worms,2
manners,2
sales,2
revolution,2
papal,2
stromeyer,2
denier,2
gaiselberg,2
crisis,2
harvest,2
standard,2
carried,2
inedits,2
cereal,2
groupings,2
descriptio,2
helmut,2
flesh,2
abundance,2
zisterzienser,2
irregular,2
charters,2
federschnur,2
seu,2
george,2
provide,2
kwartalnik,2
sauvages,2
attention,2
fully,2
stocks,2
coy,2
vertical,2
photograph,2
bare,2
primarily,2
savantes,2
empire,2
noch,2
seen,2
transformed,2
castles,2
downward,2
rapidly,2
sheer,2
expert,2
plains,2
squatriti,2
wilhelm,2
evolved,2
nrs,2
offspring,2
responsible,2
rouen,2
existed,2
developpement,2
wheeler,2
pavia,2
raising,2
face,2
rurale,2
arts,2
naturalna,2
effluent,2
vlaamse,2
eugene,2
wamba,2
cols,2
xiv,2
conservation,2
dodge,2
biology,2
austria,2
dissertation,2
school,2
xve,2
heavy,2
associated,2
maulbronn,2
franqois,2
tanks,2
scientifiques,2
cyprinidae,2
durmestreek,2
agents,2
poitou,2
ever,2
detect,2
lieps,2
conveyances,2
supported,2
whose,2
rolls,2
terrestrial,2
hill,2
derville,2
ran,2
pesci,2
colonization,2
catching,2
swa,2
waterside,2
intensive,2
eighth,2
specialized,2
worth,2
bologna,2
pinzgauer,2
printed,2
dues,2
sure,2
current,2
domestic,2
viator,2
eventually,2
gesta,2
siglos,2
cister,2
salem,2
loads,2
thirteenthcentury,2
elsewhere,2
protect,2
expenses,2
hydrology,2
scholarly,2
genera,2
mittelalters,2
telling,2
darmstadt,2
saumon,2
galli,2
voor,2
orleans,2
westminster,2
attitudes,2
despite,2
edinburgh,2
mere,2
theory,2
barriers,2
her,2
thames,2
prestige,2
create,2
jagd,2
balance,2
visible,2
suggests,2
phenomena,2
prevent,2
contain,2
popular,2
solid,2
sect,2
bodies,2
presented,2
alterations,2
tarquinia,2
simply,2
slopes,2
introduced,2
november,2
austrian,2
subject,2
transition,2
step,2
canaux,2
duchy,2
liliane,2
results,2
teichwirtschaft,2
bauern,2
weissner,2
ein,2
varied,2
driesch,2
our,2
fished,2
additional,2
centennial,2
innsbruck,2
titurel,2
guild,2
mentalities,2
frontiers,2
algae,2
average,2
intensified,2
finding,2
knights,2
materials,2
national,2
trap,2
parallels,2
liesse,2
tot,2
touches,2
canadian,2
autumn,2
lambrick,2
backwaters,2
ancien,2
mainz,2
shift,2
secolo,2
rackham,2
reformation,2
anonymous,2
comparison,2
flooding,2
treats,2
charles,2
territories,2
substitute,2
actions,2
withdrew,2
seventeenth,2
chicago,2
reached,2
pool,2
exclusively,2
equipment,2
selby,2
re,2
historii,2
colonize,2
artisanal,2
gui,2
calories,2
hilton,2
ausonius,2
meeting,2
comite,2
ca,2
close,2
overexploitation,2
ende,2
zisterzienserklosters,1
sa,1
summed,1
endemic,1
difficult,1
shorter,1
go,1
aleksander,1
superiority,1
archives,1
forested,1
smoke,1
reproductively,1
siedlung,1
customers,1
ambiente,1
settlers,1
ausgrabung,1
famously,1
sigmaringen,1
thwarted,1
mostly,1
humanism,1
jirf,1
irregularities,1
studiu,1
struggle,1
personally,1
deny,1
crisi,1
bibliographiques,1
limits,1
united,1
bruhl,1
date,1
humankind,1
horizontal,1
etude,1
estimated,1
stuart,1
forschungen,1
slows,1
sigismunds,1
concerned,1
soluble,1
warmer,1
responds,1
speculum,1
inglot,1
corporate,1
positionis,1
competed,1
imported,1
poitiers,1
either,1
designated,1
animale,1
monastico,1
majoris,1
universite,1
migrated,1
courtois,1
aque,1
deserve,1
excess,1
regent,1
zalavar,1
immured,1
lys,1
ritual,1
hosts,1
monumenta,1
subfossiler,1
altenburg,1
northeast,1
matrices,1
agrarwirtschaft,1
capitularia,1
multilingual,1
hauptstaatsarchiv,1
keukenvloer,1
nutzungsund,1
carpe,1
unusual,1
eliminated,1
sypaniu,1
incentives,1
alternation,1
arbois,1
introduction,1
mulini,1
wroclawia,1
bibliography,1
badani,1
cloudbursts,1
pools,1
systemic,1
per,1
boretius,1
tatigkeit,1
elaborately,1
employees,1
stripped,1
yielded,1
led,1
funde,1
channelizing,1
melting,1
minuscule,1
maximilian,1
tassilo,1
echange,1
archaeozoological,1
kinds,1
instructions,1
agency,1
fate,1
effective,1
marianne,1
substantively,1
sredniowieczny,1
anfang,1
identify,1
por,1
fragment,1
advised,1
derabteialtenberg,1
cours,1
creeks,1
berard,1
wage,1
bazoches,1
miriam,1
asserted,1
unavailing,1
impassable,1
units,1
laszlo,1
true,1
retting,1
alluviation,1
item,1
mlyno,1
bias,1
wallace,1
drawings,1
courts,1
easily,1
unraveling,1
mit,1
ruled,1
rear,1
compilation,1
siisswasserfische,1
sologne,1
normandie,1
medii,1
chaalis,1
meissen,1
accentuate,1
pr,1
forestall,1
assumption,1
ironies,1
grayling,1
tied,1
brandt,1
grasslands,1
hamper,1
motive,1
salbucher,1
purveyors,1
confins,1
derwent,1
wody,1
devices,1
position,1
obligations,1
cycles,1
isabella,1
vivier,1
detested,1
excavation,1
damages,1
hugh,1
presents,1
ans,1
refers,1
silted,1
dominio,1
mercanti,1
schroder,1
facilities,1
autres,1
preindustrial,1
nitrate,1
posters,1
accentuated,1
harvests,1
fragile,1
ibidem,1
evil,1
remedy,1
monasteres,1
exceptions,1
village,1
nonantola,1
induced,1
douzieme,1
abramis,1
contested,1
zbigniew,1
acquainted,1
migration,1
rented,1
wittenwiler,1
tablissements,1
chief,1
symptoms,1
precursors,1
wading,1
jahrhunderte,1
caresme,1
violante,1
establishing,1
turning,1
women,1
themes,1
prosperous,1
centre,1
wymierzaniu,1
classen,1
diffusion,1
round,1
fitted,1
member,1
subjective,1
expanding,1
farfa,1
archaeologists,1
hectares,1
priced,1
nose,1
stressed,1
ranked,1
marco,1
vahrenhold,1
problem,1
zygmunt,1
finishing,1
pleasure,1
familiarity,1
employer,1
whom,1
frankfurt,1
dejinacm,1
creation,1
localities,1
javorniku,1
importing,1
piotr,1
rosscars,1
voiced,1
crews,1
warms,1
entailed,1
recall,1
moved,1
give,1
ninth,1
meters,1
handschriften,1
culturally,1
trend,1
erndhrungswirtschaft,1
przetworstwo,1
investments,1
unlawful,1
siedlungskammer,1
plassen,1
feces,1
minnow,1
corridors,1
refusal,1
landschaftsbild,1
kon,1
burgundian,1
bites,1
podwin,1
hyomandibular,1
rijnland,1
adge,1
waldsassen,1
steiernarkische,1
castellans,1
prestigious,1
penitential,1
plock,1
experiments,1
recolonize,1
zeit,1
viterbo,1
ulf,1
practicality,1
lowionych,1
oblong,1
operators,1
normannorum,1
incorrect,1
spitzenberger,1
shaped,1
principles,1
height,1
cosmetics,1
economifgue,1
verwerving,1
diverting,1
laundry,1
sedimentation,1
pescheries,1
herbivorous,1
cloth,1
salm,1
rebuilt,1
representations,1
welloxygenated,1
display,1
convinced,1
rhineland,1
accumulated,1
malting,1
vegetale,1
assembled,1
soared,1
wodach,1
rozanne,1
klosterliche,1
government,1
incident,1
plumbing,1
closer,1
reveal,1
undesirable,1
professor,1
beavers,1
room,1
hunting,1
menzlin,1
scheme,1
etranger,1
marchands,1
document,1
kulturgebiet,1
kingdom,1
migne,1
reproduction,1
picardie,1
listed,1
lincoinshire,1
hundsbichler,1
wealthy,1
zeitschnift,1
lidu,1
lodge,1
beenderen,1
densities,1
zlata,1
patterned,1
months,1
describes,1
gatunkow,1
oudheidkundige,1
improved,1
ban,1
brama,1
idealized,1
erich,1
mind,1
borger,1
miracula,1
fischresten,1
peut,1
kleinere,1
emphasized,1
stand,1
represent,1
primitive,1
reserved,1
feral,1
gifts,1
classified,1
wasserbautechnik,1
political,1
normal,1
grenville,1
messire,1
klasztoru,1
suspension,1
discipline,1
somewhat,1
fouilles,1
depression,1
outstripped,1
declines,1
sheet,1
wolfram,1
specified,1
namurpubliesparordre,1
continuation,1
badischen,1
haithabu,1
ducum,1
papers,1
contents,1
domaniale,1
haut,1
amria,1
walters,1
explosively,1
datable,1
nodes,1
forez,1
issue,1
disdained,1
meal,1
hansjorg,1
empty,1
palazzo,1
forearm,1
plaetsen,1
taill,1
crystal,1
governmental,1
littler,1
fens,1
epstein,1
establishes,1
abbreviated,1
wirbeltierfauna,1
promulgated,1
campesinos,1
fischereibuch,1
eastern,1
arrival,1
umweltgeschichte,1
wetland,1
glaciation,1
historica,1
espace,1
assertions,1
farnham,1
east,1
component,1
capacity,1
advice,1
grangie,1
prey,1
spectrum,1
unthinking,1
eurasia,1
hall,1
entre,1
stanisic,1
prescriptions,1
hstoia,1
beaupre,1
eduenne,1
roger,1
deal,1
intermediaries,1
schionatulander,1
priedhusitske,1
uneven,1
epistola,1
demands,1
comarca,1
outcome,1
cares,1
possible,1
implies,1
stall,1
politics,1
zeibig,1
xv,1
tracing,1
scully,1
cap,1
soils,1
umweltbezogenes,1
secoli,1
swiftly,1
dewindt,1
restraints,1
depend,1
studi,1
willy,1
rois,1
guy,1
mutual,1
consciousness,1
interest,1
prolificandum,1
eleven,1
circa,1
detail,1
fine,1
dutch,1
stoka,1
mastery,1
fontaines,1
desired,1
supervision,1
corrumpue,1
graz,1
chalon,1
oligotrophic,1
exchanges,1
provisoire,1
establish,1
shellfish,1
waas,1
dynamic,1
genetic,1
schramm,1
elblqg,1
neighboring,1
mccullough,1
provoked,1
londerzeel,1
richardson,1
dolnynm,1
rozmberk,1
writing,1
occhipinti,1
alerted,1
economies,1
zone,1
largely,1
schmidtova,1
millwrights,1
gainesville,1
basochis,1
holland,1
forme,1
analyse,1
antiphonary,1
perturbations,1
split,1
grasped,1
travers,1
attract,1
shut,1
goblets,1
pomorza,1
localized,1
surplus,1
frangaise,1
manuscript,1
seria,1
extinct,1
mortalities,1
tresslerbuch,1
generalized,1
zoological,1
mc,1
microfiche,1
olbrychta,1
inselsiedelungen,1
constitutive,1
prague,1
regularly,1
timber,1
differential,1
prefaces,1
entstehungsund,1
shell,1
strophe,1
acknowledgement,1
sociale,1
qui,1
historically,1
inventoried,1
montreal,1
madrid,1
wirtschaft,1
locations,1
repopulated,1
bestiary,1
falimirz,1
aha,1
tex,1
hitzacker,1
due,1
eingriffe,1
approches,1
extirpated,1
pursuit,1
amounts,1
moravskoslezskych,1
cartels,1
september,1
bonn,1
evolution,1
bagniewski,1
machine,1
wczesnego,1
medio,1
police,1
proliferated,1
millennium,1
gaining,1
einde,1
snowt,1
bridging,1
glacier,1
clay,1
merchant,1
janet,1
contributors,1
tanners,1
decided,1
salisbury,1
malopolskiego,1
consumer,1
durant,1
brewery,1
catholique,1
zbozowych,1
adams,1
retainer,1
quantitative,1
garda,1
diadromous,1
casado,1
bounty,1
convalescent,1
cremona,1
alison,1
media,1
seemingly,1
codified,1
fasc,1
cccc,1
gislain,1
manager,1
replaced,1
ferguson,1
costs,1
pulverized,1
oo,1
liechtenhan,1
ai,1
tournois,1
exercise,1
wczesnos,1
mulon,1
miniaturen,1
sustain,1
susta,1
tam,1
cesky,1
churchman,1
gimpel,1
brzozowski,1
items,1
old,1
epistularum,1
sibling,1
konigsberg,1
quadrupeds,1
heinz,1
interim,1
bay,1
david,1
perspective,1
charakterystyka,1
meradith,1
werner,1
usufruct,1
xye,1
vom,1
leine,1
illegal,1
seventeen,1
profound,1
subjects,1
defensive,1
herbaceous,1
save,1
differently,1
ane,1
speed,1
duft,1
malibu,1
compulsory,1
organism,1
serving,1
syracuse,1
milling,1
sasse,1
dealers,1
keith,1
flemish,1
jaritz,1
races,1
occurs,1
served,1
provisions,1
wholly,1
club,1
poem,1
dates,1
catadromy,1
fines,1
alkaline,1
cohen,1
chap,1
jacob,1
sie,1
truly,1
feasts,1
tirebon,1
pressures,1
died,1
veil,1
seidenspinner,1
ternes,1
theodoricum,1
explore,1
alltag,1
geological,1
staatsverwaltung,1
gospel,1
student,1
corpus,1
foraging,1
thuringian,1
pasts,1
interlocking,1
coregonidae,1
fishmongers,1
exempted,1
festivals,1
details,1
netting,1
jardins,1
inactes,1
wet,1
stagnation,1
appreciated,1
twentyfour,1
deeply,1
disadvantage,1
graced,1
regulations,1
coasts,1
reichskloster,1
consumerism,1
guard,1
prameny,1
recherches,1
lubeck,1
xavier,1
pains,1
adult,1
jones,1
equal,1
understood,1
marx,1
karlsruhe,1
benedictionum,1
shall,1
nuanced,1
valleys,1
imperatoris,1
word,1
impressions,1
fishermen,1
weinberg,1
guido,1
alwyne,1
cites,1
vosges,1
screen,1
festschrift,1
chelkowski,1
versuch,1
let,1
bestande,1
brereton,1
muddy,1
authoritative,1
newer,1
finances,1
equilibrate,1
szyman,1
economique,1
lesser,1
drained,1
steinach,1
seventh,1
veteres,1
civilization,1
comtes,1
jagdund,1
eines,1
musuem,1
muendel,1
sue,1
regulated,1
manipulated,1
simplified,1
zalewu,1
angler,1
essential,1
perca,1
eigentumsanspriiche,1
block,1
piscium,1
farms,1
definitive,1
dictionnaire,1
operations,1
apollinaris,1
oact,1
augustalis,1
drainages,1
portrayed,1
jointly,1
alonso,1
haustierhaltung,1
capitulary,1
chorherrenstiftes,1
blames,1
ironic,1
picardy,1
illustration,1
maximize,1
adapt,1
strictly,1
protections,1
secrets,1
bauernkrieg,1
diplomaticus,1
fischzucht,1
discharge,1
explicit,1
specially,1
fair,1
centimeters,1
revenues,1
einkommensverhdltnissen,1
notion,1
agreements,1
quirini,1
mean,1
heutigen,1
lucioperca,1
identity,1
practiced,1
parents,1
killing,1
suffer,1
relatifs,1
archiv,1
staatsarchiv,1
order,1
edwin,1
landesgeschichte,1
quarter,1
zisterzienzerklosters,1
scarcities,1
lasted,1
gegayn,1
iwaszkiewicz,1
dar,1
honorantie,1
quieter,1
seiner,1
del,1
emplacement,1
colonist,1
derived,1
sachkultur,1
esox,1
fat,1
exemple,1
milton,1
losing,1
rijksdienst,1
vie,1
contributions,1
siting,1
pages,1
navigation,1
denise,1
prepared,1
wirtschafts,1
fra,1
backing,1
anselmiana,1
cnopf,1
distant,1
retail,1
collecting,1
savoy,1
antithesis,1
something,1
scattered,1
boileau,1
moreover,1
caps,1
vierzehnten,1
scots,1
wodnych,1
thibaut,1
dembiniska,1
martin,1
exploitatiemetoden,1
exceptional,1
lambert,1
enjoined,1
lives,1
giuseppe,1
ferrier,1
maryland,1
escape,1
venerable,1
citeaux,1
thomazi,1
dominican,1
day,1
faunengeschichtlichen,1
bad,1
higounet,1
antiqua,1
vastly,1
mullet,1
curye,1
latter,1
predating,1
reared,1
bogs,1
municipal,1
greeks,1
springtime,1
locally,1
legislative,1
flexibility,1
key,1
legitimate,1
observatione,1
familiar,1
friderici,1
disrupts,1
specialization,1
reglementation,1
erfurt,1
dit,1
underlying,1
emptying,1
latin,1
infiltrate,1
liberal,1
byzantine,1
producers,1
proposed,1
edition,1
siebzigsten,1
weather,1
godliness,1
dominate,1
mireille,1
autunoise,1
previously,1
germane,1
articulated,1
house,1
westfalen,1
contemporaries,1
ecclesial,1
selden,1
restricted,1
reach,1
add,1
shore,1
dannheimer,1
annuaire,1
rue,1
provins,1
shrinking,1
traites,1
steinbach,1
szczetlu,1
menu,1
orientation,1
stiftes,1
retrospective,1
pini,1
audoin,1
unlettered,1
tail,1
conqueror,1
sko,1
nelle,1
bridges,1
valued,1
sarca,1
recovered,1
anyone,1
larvae,1
textile,1
pierces,1
hungarica,1
statement,1
grava,1
whitton,1
armies,1
lauenheim,1
lifelong,1
warmed,1
ewa,1
hover,1
fiir,1
frangaises,1
spatmittelalter,1
fecundity,1
circulating,1
exploiting,1
sluice,1
preferably,1
creature,1
christmas,1
melville,1
cryfield,1
hereafter,1
reconsideration,1
raceway,1
visibly,1
dying,1
veal,1
friars,1
nests,1
handbuch,1
oise,1
oude,1
rolniczej,1
overland,1
respected,1
geschiedenis,1
arteveldes,1
vigorously,1
dried,1
contaminants,1
strategy,1
outcomes,1
preference,1
ossements,1
providing,1
dozen,1
francorum,1
edmund,1
balkan,1
meredith,1
onder,1
upsurge,1
regulatory,1
postdated,1
fronte,1
dejiny,1
artistic,1
inshore,1
ename,1
conquest,1
ithaca,1
fierce,1
woj,1
effected,1
limpid,1
opening,1
yielding,1
limousin,1
confessoris,1
mcneill,1
jenn,1
acht,1
based,1
clunisienne,1
lead,1
identifying,1
priori,1
rearticulation,1
cd,1
location,1
euryhaline,1
epoques,1
gesellschaft,1
competitive,1
future,1
appearance,1
regionale,1
lain,1
furs,1
umweltschutzgesetzgebung,1
ubersicht,1
scapes,1
waterway,1
determines,1
typical,1
totaling,1
sandor,1
treatments,1
flanders,1
zschopau,1
amsterdam,1
coloured,1
desirable,1
effort,1
funf,1
centers,1
fria,1
consulted,1
morimondo,1
xiiieme,1
changed,1
output,1
errs,1
intellectuals,1
prepare,1
namurcum,1
shortly,1
cornelia,1
neral,1
groin,1
dispute,1
lub,1
dating,1
fleuve,1
schalk,1
interrelatedness,1
akkai,1
absorb,1
csav,1
pod,1
luxury,1
nathalie,1
ine,1
uomo,1
ekkeharts,1
medicines,1
nail,1
obrigkeiten,1
pressouyre,1
philosophical,1
struggles,1
einfiihrung,1
term,1
extracting,1
exploring,1
politique,1
midlands,1
rebellious,1
uberblick,1
weed,1
events,1
fourth,1
unchanged,1
equally,1
vorindustrieller,1
cyprinid,1
weser,1
furthermore,1
duchovenstva,1
traced,1
hartmann,1
wiek,1
viswereld,1
guidonis,1
hugberti,1
wales,1
carponibus,1
wiesbaden,1
ilja,1
henryk,1
nineteenth,1
war,1
parliaments,1
silence,1
job,1
michigan,1
hieatt,1
piscatorum,1
culinary,1
cliche,1
moselle,1
treat,1
province,1
anfange,1
appears,1
viewed,1
archivalien,1
moderne,1
persons,1
intensity,1
cannot,1
priorities,1
meet,1
promise,1
probed,1
protests,1
reconstructed,1
erratic,1
scale,1
glands,1
grounds,1
safe,1
frantisek,1
orne,1
demoll,1
occidentale,1
hypothetical,1
vitelleschi,1
patent,1
refuge,1
judicial,1
absolute,1
required,1
villes,1
andre,1
dembin,1
dwellers,1
networks,1
imperial,1
ignacy,1
profit,1
walafrid,1
mcmunn,1
artois,1
encroachment,1
burgos,1
suspended,1
eliminate,1
wants,1
huge,1
thicken,1
dettmering,1
releases,1
illustrated,1
expensive,1
motivated,1
gallic,1
provincial,1
organische,1
ethnobiologists,1
preussen,1
kulturgeschichte,1
refracted,1
commonplaces,1
artisans,1
relief,1
rare,1
closed,1
elisa,1
artifacts,1
romans,1
seasonally,1
visserijrechten,1
dubravius,1
douglas,1
overviews,1
epistolae,1
mayer,1
work,1
reclamation,1
ditches,1
swabian,1
skie,1
evo,1
analyze,1
wisconsin,1
writers,1
dammed,1
kosch,1
smolti,1
imagined,1
burke,1
protected,1
curbed,1
episcopi,1
petts,1
offa,1
transform,1
tens,1
edad,1
compass,1
obtention,1
recognitions,1
marienfeld,1
reserve,1
proportions,1
carnival,1
partikulare,1
esp,1
related,1
vertebrae,1
annecy,1
indigenous,1
wald,1
confirms,1
irish,1
journals,1
rechnungen,1
ten,1
preserving,1
lillich,1
netolicky,1
stiadten,1
cleanliness,1
benedictines,1
egli,1
plow,1
dubraviusa,1
pow,1
wratislaviensis,1
pisciculture,1
fit,1
laurence,1
zunftgeschichte,1
discussions,1
konflikte,1
handbooks,1
san,1
plundered,1
predhusitske,1
valladolid,1
broad,1
reduces,1
carrobio,1
expend,1
kurze,1
lii,1
concentrate,1
leicestershire,1
actually,1
predicts,1
archaeofauna,1
neighbors,1
liege,1
neue,1
overgrazing,1
millponds,1
gospodarki,1
roczniki,1
jahre,1
mosler,1
dewilde,1
steiermark,1
twig,1
alpenlindern,1
consistent,1
gospodarczy,1
somewhere,1
focuses,1
princes,1
entsorgung,1
culturists,1
wladystaw,1
rise,1
heidelberg,1
civitatis,1
employed,1
piles,1
countess,1
il,1
subfossilen,1
residents,1
astute,1
noel,1
occidente,1
une,1
participants,1
preparation,1
manage,1
samsonowicz,1
hauthaler,1
monopoly,1
smallest,1
alan,1
bellows,1
subspecies,1
infectee,1
olive,1
rafts,1
ichtiofauny,1
sulejowie,1
stagni,1
currents,1
dresden,1
libellus,1
usurpations,1
isabel,1
trends,1
okolic,1
decomposition,1
attributed,1
commercialization,1
weeks,1
manuscrits,1
errors,1
premiere,1
marshlands,1
germain,1
landeskunde,1
prices,1
stamme,1
earth,1
retrospect,1
rostafin,1
poet,1
concentrates,1
lifted,1
tone,1
jahrhunderten,1
metamorphosis,1
legacy,1
bond,1
sense,1
sieving,1
osady,1
naturalists,1
declining,1
kultur,1
forets,1
tight,1
whence,1
eglise,1
smother,1
cury,1
heuschmann,1
tom,1
occasionally,1
blamed,1
drier,1
breeders,1
pistoia,1
simpler,1
straight,1
zak,1
volume,1
instandhouding,1
agricoles,1
trading,1
entrepreneurs,1
nishikigoi,1
tirols,1
ratio,1
sporting,1
zoologische,1
standpoint,1
reaches,1
beasts,1
hemington,1
lelek,1
warendorf,1
dated,1
unfortified,1
fast,1
motte,1
castor,1
kodeks,1
altere,1
affluent,1
deutsches,1
mitchell,1
habitation,1
standards,1
axiom,1
sufficient,1
encouraged,1
multiple,1
luisa,1
moriniere,1
spatmittelalters,1
replace,1
adversely,1
components,1
inventaire,1
leather,1
verbreitung,1
kring,1
disaster,1
satisfying,1
presence,1
pomorania,1
essor,1
denkmalpflege,1
saeculi,1
unterkirchner,1
climate,1
distinguished,1
attached,1
latest,1
boundaries,1
trammel,1
urine,1
continuing,1
oberdeutschen,1
degradation,1
herbal,1
tieren,1
zofia,1
temps,1
nyrek,1
fallstudie,1
gradient,1
clever,1
blickle,1
lettered,1
ordish,1
orthodox,1
vito,1
cookery,1
landesarchiv,1
bohmens,1
harvey,1
possessed,1
liking,1
kaufmann,1
bryony,1
sangallensis,1
mincio,1
deacon,1
filling,1
proper,1
bollettino,1
sharon,1
decision,1
iiie,1
roots,1
contriving,1
diminishing,1
breed,1
diminished,1
louvre,1
bokonyi,1
lembargu,1
lansing,1
tannery,1
sredniowieczna,1
grateful,1
preliminary,1
lincoln,1
uncritical,1
um,1
law,1
maier,1
aggregate,1
sophistication,1
swine,1
geographical,1
longue,1
vehicle,1
garrett,1
mondsee,1
bakstenen,1
smashed,1
pollens,1
alluvialarchaeology,1
prescribed,1
severin,1
temporarily,1
believers,1
south,1
degli,1
livres,1
analytic,1
portion,1
piscis,1
morphology,1
critical,1
solar,1
welses,1
press,1
mecklenburg,1
privilege,1
hausbergs,1
improves,1
filuk,1
bilan,1
quarry,1
zwierzqit,1
sovereign,1
floridus,1
gegenwart,1
fishmonger,1
befouled,1
peages,1
observations,1
denning,1
mieczystaw,1
absence,1
ijzereef,1
met,1
fell,1
archaeozoologia,1
unrealistic,1
letters,1
stores,1
meticulously,1
inadequacy,1
acque,1
indicative,1
sredniowiecznej,1
schmidt,1
failed,1
gates,1
tervuren,1
short,1
antecedents,1
brian,1
hochmittelalterlichen,1
rybactwa,1
techniques,1
planting,1
play,1
malopolsce,1
gospodarce,1
grabung,1
marne,1
pistoiese,1
released,1
revolt,1
able,1
unstable,1
edges,1
islands,1
indicated,1
speis,1
nearly,1
drops,1
hubert,1
cuisine,1
careme,1
duby,1
administration,1
fertility,1
regem,1
nauki,1
generis,1
wasserbaueinrichtungen,1
etc,1
reduce,1
salmunculi,1
hired,1
exerts,1
whatever,1
triplex,1
geary,1
wehranlage,1
harry,1
historycznych,1
enactments,1
slower,1
mainstream,1
indicates,1
spdtmittelalters,1
woods,1
manifest,1
storico,1
studien,1
wind,1
urbanowicz,1
legend,1
hydrographic,1
roads,1
unfamiliar,1
hitherto,1
guerin,1
hold,1
plowmen,1
direction,1
confronted,1
demonstrable,1
gent,1
dits,1
southeast,1
vocabularies,1
texte,1
antonin,1
humaine,1
boessneck,1
fueled,1
pastures,1
worked,1
postdates,1
kostny,1
anklam,1
simultaneous,1
revolutie,1
springs,1
modification,1
sort,1
wishes,1
museum,1
engineered,1
felix,1
opportunities,1
akademii,1
roznlieszczenie,1
joynt,1
flush,1
tdtigkeit,1
alain,1
trento,1
attain,1
me,1
corroborated,1
willibald,1
customs,1
observance,1
rain,1
passio,1
bewoningsgeschiedenis,1
edict,1
seigneurie,1
slavic,1
stolz,1
nitz,1
glaciers,1
ancienne,1
tollensesee,1
combat,1
miiller,1
annalen,1
archeologues,1
tegernseensis,1
palaces,1
selective,1
confidence,1
flussfischerei,1
specimens,1
schild,1
ascetic,1
laeis,1
platonism,1
jana,1
europas,1
chris,1
fringes,1
lowland,1
shipped,1
commonwealth,1
copyn,1
diversions,1
materielle,1
transformations,1
overshot,1
nutritionally,1
continents,1
voralpenlandes,1
memoires,1
ecclesiastici,1
jeffrey,1
antwerpen,1
thousand,1
abteilung,1
apres,1
sharply,1
danych,1
sake,1
joseph,1
bemerkungen,1
floor,1
planet,1
demonstrates,1
hay,1
accelerated,1
dombes,1
romani,1
salmansweiler,1
osmotic,1
collective,1
trappe,1
verleden,1
visitors,1
contains,1
scraps,1
reports,1
unusually,1
mention,1
handling,1
perugia,1
speaking,1
herren,1
shallows,1
chronologique,1
pol,1
xviiie,1
strata,1
alsaticis,1
surrey,1
avoided,1
unspecified,1
jura,1
scriptorum,1
faster,1
naturraume,1
inch,1
persuasive,1
tirol,1
stavelot,1
poczqtku,1
fellow,1
street,1
worst,1
clearances,1
complaining,1
mittelalterlichen,1
gain,1
resistance,1
serfs,1
fischwesen,1
vogt,1
ichtyofauniques,1
verbreitungsgeschichte,1
statements,1
bauernunruhen,1
adolfsson,1
arco,1
exiguous,1
giovio,1
latrine,1
custom,1
ba,1
inundated,1
torun,1
carolyn,1
porowznawcze,1
milano,1
popularity,1
georges,1
shrank,1
ilmainff,1
enti,1
toward,1
siltation,1
again,1
spend,1
beef,1
conceived,1
unintentional,1
rybie,1
gewasser,1
poczqtki,1
generales,1
lozinski,1
capitalist,1
storing,1
zeli,1
tiny,1
suslowska,1
bohemian,1
demographic,1
augustin,1
analytical,1
carrousel,1
rebus,1
usefulness,1
husbandry,1
analogous,1
technologies,1
skiego,1
naive,1
brethren,1
indicators,1
zwin,1
passau,1
explores,1
josef,1
treatment,1
overwhelming,1
dill,1
mosella,1
abstain,1
wskaznik,1
cumulative,1
tolerate,1
fischerzunfte,1
romain,1
bruel,1
instability,1
iberian,1
monastere,1
millpond,1
strabo,1
rotation,1
weeds,1
dlteren,1
mountainous,1
poznaniu,1
departmentales,1
strayer,1
coastlines,1
powell,1
swansea,1
hollandt,1
erzstiftes,1
gruerie,1
fischbucher,1
rechnungsbuicher,1
reasoning,1
tussen,1
allocate,1
castoreum,1
diking,1
tarroillon,1
penitence,1
antonio,1
becker,1
surfaces,1
preferring,1
kreis,1
proliferation,1
walther,1
commercialize,1
cistercienne,1
flounder,1
biota,1
variation,1
dulcis,1
golden,1
edward,1
nordwestlichen,1
teutonic,1
uit,1
blanketed,1
discussed,1
habit,1
goad,1
fruhmittelalterlichen,1
estuary,1
somme,1
maubuisson,1
terry,1
jako,1
forms,1
outside,1
nauk,1
makowiecki,1
embankment,1
hand,1
clemens,1
thienemann,1
promoted,1
moerman,1
sayles,1
binnenwateren,1
bodemonderzoek,1
geography,1
chain,1
conflicts,1
yale,1
model,1
excrement,1
innovative,1
unientwi,1
cles,1
wykopaliskowym,1
medievales,1
secular,1
niirnberg,1
moderate,1
folklore,1
existing,1
dependents,1
baxter,1
olomouc,1
jenny,1
ausstellung,1
contracted,1
meridionales,1
vernaculars,1
sonderausstellung,1
bruges,1
defense,1
mitkowski,1
isambert,1
council,1
suspect,1
freising,1
revitaillement,1
droga,1
magnus,1
decade,1
hardin,1
goslar,1
lectionary,1
louvain,1
genus,1
store,1
lebenshaltungskosten,1
binford,1
circumpolar,1
biologicznych,1
dusseldorf,1
books,1
mort,1
zears,1
shares,1
ordinary,1
style,1
categorically,1
assemblage,1
counterpart,1
shifts,1
entrepreneurial,1
number,1
explicitly,1
sow,1
gastronomie,1
deutschordensgebiete,1
polskiej,1
sportvisser,1
regionally,1
cleric,1
transparent,1
lists,1
colkelbie,1
westfalia,1
italiane,1
articulating,1
comtg,1
classical,1
rejoining,1
sall,1
disappearance,1
crown,1
powered,1
koninklijke,1
bars,1
protopolnischen,1
mauri,1
czechoslowackich,1
ervaringen,1
pitched,1
burcht,1
olbrycht,1
rob,1
symbola,1
investment,1
miss,1
oil,1
mix,1
blanc,1
wilderness,1
rulers,1
knew,1
kaiserslautern,1
link,1
confirmed,1
birth,1
restrictions,1
treated,1
forbidden,1
universitatis,1
discovery,1
agricoltura,1
northampton,1
headwaters,1
privatize,1
bear,1
randall,1
kozikowska,1
represented,1
cisterciense,1
refuges,1
dziala,1
creep,1
scaled,1
boos,1
salamanca,1
stawow,1
dordogne,1
rahewin,1
bischoff,1
piscinis,1
scorned,1
opie,1
chefs,1
mirail,1
ethnology,1
francia,1
cages,1
berman,1
testicles,1
holt,1
middeleeuwen,1
langdon,1
maris,1
clustered,1
illumination,1
goes,1
canals,1
donington,1
elite,1
crafts,1
individuality,1
dhiinn,1
chiappa,1
head,1
sefiores,1
abiotic,1
budget,1
ditching,1
honorable,1
germaniae,1
encourage,1
festival,1
storici,1
moitie,1
minimum,1
altzelle,1
archivs,1
intermittent,1
chemistry,1
wietske,1
virtually,1
affording,1
lauriere,1
robinson,1
factor,1
meadows,1
karol,1
causes,1
bundle,1
maria,1
arguably,1
tumble,1
auguste,1
gros,1
harvard,1
abstinence,1
stizostedion,1
reservoirs,1
tit,1
questions,1
pecheurs,1
purposely,1
landsometimes,1
cystersow,1
auf,1
queil,1
cathedral,1
examination,1
jacques,1
diagnosed,1
specifies,1
loire,1
susswassertierwelt,1
wiirttembergischen,1
purposeful,1
joachim,1
elemental,1
parasitic,1
stad,1
counterparts,1
samuel,1
taxon,1
california,1
wladyslaw,1
paleoichtiologicznych,1
illustre,1
defrichments,1
rozwojem,1
students,1
fibers,1
mittelfranken,1
prov,1
versions,1
classify,1
representative,1
wheel,1
quinze,1
sexually,1
significance,1
criteres,1
percy,1
hungary,1
margaret,1
erosive,1
historic,1
directed,1
emphasizing,1
dez,1
kidneys,1
fertilized,1
stockholm,1
comprehensive,1
scandinavia,1
pest,1
language,1
contests,1
fischrecht,1
alterius,1
realta,1
oldfield,1
grodziska,1
lfg,1
spawned,1
rains,1
lonely,1
interne,1
carnivorous,1
expended,1
miejscowosci,1
magnates,1
fleuves,1
palladian,1
wiener,1
ehemaliges,1
carolingian,1
martegales,1
symposium,1
floodplains,1
pomorskiego,1
monacato,1
allowed,1
piscator,1
bestiaries,1
granted,1
characterized,1
kuster,1
covering,1
growths,1
characteristically,1
konventenanlagen,1
exemplary,1
overlain,1
banquet,1
tribal,1
played,1
ge,1
steinberg,1
tubingen,1
impianti,1
pokarmie,1
stages,1
blary,1
easter,1
counted,1
probable,1
households,1
rybarstvi,1
interacted,1
poetic,1
last,1
preservation,1
ascending,1
zamora,1
abundant,1
provides,1
whx,1
lose,1
rot,1
viandier,1
oudheidkundig,1
handlu,1
strassburg,1
shipments,1
strict,1
bataille,1
castilla,1
ossement,1
recueilles,1
supplying,1
favored,1
preponderance,1
mensas,1
niedersachsen,1
seneschal,1
problems,1
somehow,1
nuance,1
nederlandse,1
klosters,1
seinem,1
comparably,1
mining,1
laarman,1
alpine,1
privileges,1
sawmills,1
schweden,1
relation,1
goteborg,1
dirlmeier,1
paysage,1
assessing,1
archaeozoology,1
respectively,1
propos,1
mitte,1
britain,1
anderson,1
dendrochronology,1
mqczak,1
sozialstruktur,1
lobb,1
plate,1
vocabulary,1
sprawie,1
umweltsgeschichte,1
erforschung,1
frontinusgesellschaft,1
scotiae,1
dewatering,1
wem,1
ouse,1
dokumentami,1
sept,1
differ,1
socially,1
furrows,1
shayne,1
adaptations,1
pipe,1
attracted,1
precipitate,1
proprietary,1
tiere,1
ground,1
mieck,1
accord,1
tendency,1
industrialization,1
anchored,1
professional,1
carpathian,1
constructions,1
modifications,1
sandbars,1
gera,1
darker,1
mons,1
conseil,1
sole,1
generalregister,1
dordrecht,1
secret,1
bodson,1
canterbury,1
division,1
cereals,1
depuis,1
hunt,1
coordinated,1
mss,1
separate,1
gens,1
troisieme,1
references,1
weistumer,1
lucius,1
rentals,1
granges,1
dole,1
indicted,1
hands,1
missi,1
profitable,1
departs,1
pescivendoli,1
melfi,1
kuhnel,1
fifty,1
undifferentiated,1
dowager,1
kasteel,1
archeozoologiques,1
christian,1
twelve,1
weights,1
respect,1
konstanz,1
clovis,1
regardless,1
emulation,1
effluents,1
road,1
belonged,1
perspectives,1
usurpation,1
humanities,1
urkunden,1
plockiem,1
husove,1
hilario,1
streamlined,1
bodendenkmalpfiege,1
raise,1
reshaping,1
science,1
sltsku,1
academie,1
danubian,1
hannelore,1
rijn,1
next,1
guests,1
ambivalent,1
bremas,1
sx,1
vision,1
developing,1
origine,1
altering,1
claimed,1
fear,1
doctorat,1
employment,1
ironically,1
rohrig,1
contraction,1
rpt,1
imhof,1
papes,1
insufficient,1
widespread,1
class,1
staiger,1
buildings,1
brood,1
becomes,1
investigators,1
watching,1
slaughtering,1
lost,1
beitrige,1
basis,1
concluding,1
surveys,1
translation,1
allegories,1
monetaire,1
mlyn,1
bears,1
force,1
antoni,1
heidacher,1
millennia,1
horst,1
rybejady,1
oblasti,1
lega,1
stepainek,1
remaining,1
nahrung,1
strains,1
materiale,1
dietrich,1
frames,1
ordens,1
sredniowiecznych,1
royale,1
diagnosis,1
owed,1
displaying,1
okologie,1
gallery,1
settled,1
successor,1
expectations,1
bourges,1
kill,1
enkan,1
michael,1
schriften,1
stettin,1
tobiasz,1
ryby,1
rapissonner,1
aussage,1
alimentaires,1
scholarship,1
chaumont,1
jehan,1
snowmelt,1
delineates,1
stuff,1
verhoeven,1
sikle,1
constrain,1
elder,1
constriction,1
allusions,1
canada,1
acqua,1
articles,1
nevertheless,1
remacli,1
gathered,1
jaffe,1
paying,1
reflooding,1
poloniae,1
eeuw,1
coincident,1
grandselve,1
thick,1
earliest,1
stratagem,1
bemard,1
considered,1
nebst,1
culinaire,1
refilled,1
binnenvisserij,1
having,1
matters,1
ensure,1
side,1
ostrowie,1
klostermarienfeld,1
wczesnosredniowieczne,1
sunt,1
slicher,1
gresser,1
rarely,1
corvey,1
liked,1
assertion,1
postglaziale,1
exploited,1
evergates,1
elds,1
cultivars,1
send,1
practice,1
monasterii,1
middens,1
xxiv,1
prohibited,1
pontificale,1
plan,1
getty,1
lid,1
preface,1
willd,1
mieszkanicow,1
comes,1
series,1
ttang,1
kalisz,1
norms,1
marooned,1
rybnieniu,1
verdon,1
consider,1
ve,1
founded,1
recognition,1
jeriabek,1
chach,1
predictions,1
termiology,1
instructed,1
fla,1
studium,1
fichtenau,1
woody,1
papiae,1
szczygielski,1
precise,1
kunde,1
beitrag,1
rezente,1
verbalizing,1
poster,1
disent,1
klosterverwalteramt,1
temporal,1
erlangen,1
discrete,1
mierow,1
teams,1
gerhard,1
jahresrechnungen,1
fluviatilis,1
parisiens,1
limoges,1
peat,1
triggers,1
sweden,1
comtal,1
offers,1
sustained,1
occurred,1
houghton,1
peoples,1
embanking,1
heine,1
exploded,1
dominios,1
petered,1
krakowa,1
geburtstag,1
wszesnosredniowiecznej,1
rurales,1
bright,1
forty,1
butler,1
postindustrial,1
quickly,1
mis,1
know,1
kloster,1
betwisting,1
enters,1
reglementering,1
villagers,1
fournitures,1
epistula,1
presentee,1
mutually,1
removed,1
bishops,1
dairy,1
principle,1
venice,1
traiectensis,1
jaiger,1
commonplace,1
cm,1
grundung,1
mousnier,1
paper,1
exponential,1
fromenteau,1
steven,1
different,1
organized,1
twelfthcentury,1
kamienia,1
wislanego,1
dyplomatyczne,1
sell,1
gunter,1
commission,1
hildegard,1
exigencies,1
setting,1
flax,1
accustomed,1
governments,1
board,1
antiquarians,1
fallax,1
entertainments,1
prototypical,1
alexander,1
single,1
pragmatic,1
lincolnshire,1
sredniowiecza,1
rentier,1
appendix,1
grigson,1
fortuna,1
elinor,1
daily,1
michal,1
basins,1
xe,1
surprised,1
niederwolfsgruber,1
dure,1
prat,1
regard,1
rearing,1
zkk,1
judge,1
report,1
maud,1
brushlands,1
patrimonio,1
humid,1
eusebe,1
mone,1
losses,1
charge,1
poissonniers,1
linked,1
figure,1
rosener,1
thinking,1
polskich,1
goods,1
pathways,1
specify,1
mercaderes,1
enforcing,1
hammers,1
resale,1
xxii,1
apparent,1
gene,1
soevereinen,1
cultivation,1
sorted,1
ueber,1
cities,1
benedictine,1
domesticated,1
differed,1
bernd,1
tracts,1
valois,1
besitz,1
supervise,1
terminable,1
u,1
religieuse,1
passage,1
hofjfmann,1
industriels,1
masters,1
oliver,1
alexandre,1
fleta,1
better,1
evident,1
concrete,1
catalogue,1
wiwaria,1
phd,1
hemp,1
following,1
unequal,1
resten,1
systematik,1
przemet,1
rep,1
entwicklung,1
niederosterreich,1
captive,1
epanek,1
quiet,1
aftereffects,1
surpluses,1
ticino,1
alfonso,1
purchase,1
kostne,1
maleczyniski,1
neumiinster,1
catastrophic,1
mers,1
literature,1
llobregat,1
palatine,1
sanctorum,1
fossatum,1
victims,1
investigation,1
intent,1
combined,1
bibliothe,1
tle,1
spatial,1
physiology,1
mcguire,1
fournial,1
everything,1
subsoil,1
sancerre,1
ones,1
plural,1
technikgeschichtlicher,1
ordering,1
modemes,1
klostemeuburg,1
bingen,1
thirty,1
lepiksaar,1
peninsulas,1
rieti,1
inglysch,1
gutters,1
calculations,1
manuscripts,1
uposazenia,1
sudende,1
vogelfang,1
obraz,1
anfingen,1
vlaanderen,1
design,1
maine,1
milanese,1
penetration,1
adaptation,1
extent,1
overflow,1
coloration,1
inflow,1
sowing,1
chapter,1
industriele,1
bayerisches,1
moreruela,1
bitterly,1
institute,1
petromyzonidae,1
require,1
secure,1
frequently,1
anezka,1
westerheem,1
yield,1
noticed,1
advise,1
stagnant,1
meltwaters,1
maturing,1
lkm,1
treatises,1
coutumes,1
unglaciated,1
andres,1
lagged,1
faunal,1
agreed,1
emphasis,1
capitalized,1
einfuhrung,1
hundreds,1
holocene,1
uproots,1
patrons,1
administrative,1
livre,1
oversimplified,1
travel,1
tumskim,1
bisthum,1
crucian,1
kleinern,1
solicitous,1
bankside,1
remunerative,1
meseta,1
uitrustung,1
historisches,1
wojciech,1
gisela,1
poems,1
exploitative,1
bath,1
circumstances,1
preserved,1
analyzed,1
careful,1
potters,1
determined,1
consuetudines,1
nad,1
spatund,1
altered,1
kommentar,1
ill,1
lifetime,1
staged,1
exercising,1
affecting,1
kin,1
dependent,1
reenactment,1
interaction,1
marketing,1
geschichtskunde,1
cloaca,1
zahn,1
beyer,1
concern,1
courses,1
undertaken,1
confirm,1
plugging,1
grinder,1
bijdragen,1
cypninus,1
innocent,1
ken,1
faunengeschichte,1
sl,1
tollensesees,1
tried,1
glimp,1
photographs,1
adjoining,1
harvested,1
gate,1
everywhere,1
esperer,1
choix,1
happens,1
rationale,1
exceeded,1
conventional,1
einfiuhrung,1
target,1
domesticates,1
jumieges,1
structured,1
reconstruct,1
apennines,1
friihzeit,1
fiur,1
catfish,1
canons,1
silesia,1
ranks,1
visserijbioloog,1
phenomenon,1
challenges,1
disrupted,1
scarcely,1
maintained,1
snow,1
cologne,1
crew,1
perceveaux,1
detailed,1
mythologized,1
correspondences,1
behaved,1
faculty,1
neglect,1
droitfranqais,1
comprised,1
reaching,1
friday,1
strumienskiego,1
vaguely,1
redniowieczny,1
pair,1
strumien,1
dominant,1
antique,1
aevi,1
come,1
hintzy,1
shores,1
coles,1
dopsch,1
question,1
colonizacion,1
circles,1
status,1
understandings,1
soft,1
nutritional,1
elongated,1
obliged,1
hainault,1
sediments,1
aquaculture,1
solids,1
theodoric,1
touch,1
unable,1
forethought,1
fi,1
background,1
marienburger,1
fiirstenburg,1
reveals,1
auld,1
gregoire,1
varley,1
filamentous,1
tierknochenfunde,1
autochthonous,1
archbishopric,1
functions,1
cluniacensis,1
donald,1
charts,1
gramont,1
dangerous,1
twentieth,1
turbidity,1
chilled,1
theologie,1
temperature,1
chemical,1
lawes,1
laborers,1
stadtund,1
vernacular,1
teaching,1
waterpower,1
plouvier,1
hydroelectric,1
typescript,1
chiefly,1
neb,1
situationis,1
lively,1
cantoblanco,1
dense,1
storm,1
hunter,1
need,1
sor,1
konigstrasse,1
broader,1
ciborum,1
product,1
ptakowic,1
build,1
writer,1
vijsch,1
preserve,1
javier,1
regular,1
asked,1
attributes,1
terence,1
colleagues,1
geographie,1
derive,1
attempted,1
dichtungen,1
piscibus,1
kewe,1
wolfgang,1
synergy,1
venkovskeho,1
inedites,1
oldest,1
taillevent,1
angled,1
continua,1
saturday,1
eschenbach,1
francisco,1
penetrated,1
untouched,1
tires,1
classification,1
ranged,1
meals,1
immaginazione,1
artareale,1
verfassungsgeschichte,1
beskyd,1
traveling,1
castile,1
profits,1
termed,1
discrimination,1
chub,1
magnis,1
nutzung,1
oberrheins,1
sxz,1
jahrbucher,1
slawischen,1
race,1
requires,1
removing,1
archaeologica,1
ser,1
romanis,1
ausgang,1
georgine,1
lubecker,1
physica,1
enjoyed,1
royaumont,1
hiltibod,1
budapest,1
charnage,1
russia,1
massive,1
resembling,1
berichten,1
bell,1
tillotson,1
organize,1
ineuntis,1
objects,1
bouchard,1
obligation,1
equity,1
anything,1
slawische,1
valuable,1
geschichtsquellen,1
partial,1
damp,1
dark,1
weedier,1
views,1
bounds,1
zooarchaeologists,1
wasserrecht,1
niedersachsens,1
stanislaw,1
farmland,1
salmonidae,1
verified,1
abandoned,1
traditional,1
zakrzewski,1
unwritten,1
graus,1
enhanced,1
counts,1
mature,1
avoid,1
litteraire,1
cc,1
ibid,1
westerly,1
famous,1
stradmeyer,1
profiles,1
amersfoort,1
col,1
subsumes,1
maulbronner,1
continens,1
showed,1
glaciations,1
lac,1
polyptyque,1
inventories,1
miasta,1
perception,1
costly,1
fundacjq,1
unvegetated,1
neumann,1
viviers,1
annales,1
eales,1
