WORDCOUNTS,WEIGHT
the,1013
and,682
of,587
in,530
women,470
s,311
to,303
a,270
on,216
feminism,203
for,190
as,180
socialist,175
bourgeois,158
see,156
that,137
history,103
class,93
by,90
new,83
movement,80
socialism,80
with,79
feminists,72
it,71
was,71
feminist,71
from,68
zetkin,65
also,62
their,52
is,52
her,52
between,48
at,45
politics,44
not,44
no,43
social,43
j,42
an,42
studies,41
its,41
movements,41
review,40
french,40
socialists,39
york,39
german,39
gender,39
american,37
left,37
she,37
they,36
were,36
who,36
this,35
but,35
quotation,35
historical,35
or,34
had,32
political,32
woman,32
ed,31
france,31
party,30
which,29
be,29
evans,28
n,28
many,28
european,28
february,28
labor,27
international,27
boxer,27
revolution,27
eds,27
has,26
rowbotham,26
working,26
first,25
historians,25
work,25
liberation,25
have,25
early,25
family,24
into,23
de,23
europe,22
some,22
london,22
men,22
workers,22
germany,21
one,21
sowerwine,21
more,21
quataert,21
ibid,21
question,21
most,20
emancipation,20
about,20
marilyn,20
what,20
rights,19
out,19
other,19
marxist,19
kollontai,18
century,18
radical,18
well,18
marx,18
sisters,18
been,18
did,18
bebel,18
states,18
among,18
struggle,17
all,17
than,17
female,17
included,17
paris,17
nonsocialist,16
state,16
rethinking,16
when,16
proletarian,16
analysis,16
while,16
nineteenth,15
even,15
influence,15
eley,15
esp,15
two,15
national,15
engels,15
society,15
are,15
theory,15
both,15
groups,14
democratic,14
term,14
second,14
only,14
where,14
we,14
construction,14
democracy,13
leaders,13
richard,13
university,13
origins,13
these,13
through,13
russia,13
over,12
group,12
karen,12
against,12
marxism,12
journal,12
his,12
support,12
braun,12
mitchell,12
he,12
clara,12
parties,12
including,12
points,12
if,11
e,11
essays,11
such,11
g,11
however,11
sex,11
quotations,11
writings,11
so,11
after,11
male,11
countries,11
any,11
eastern,11
world,11
suffrage,11
course,11
offered,11
offen,11
themselves,11
trans,10
comrades,10
long,10
introduction,10
study,10
les,10
war,10
concept,10
will,10
sheila,10
wrote,10
oxford,10
toward,10
bourgeoisie,10
conference,10
appeared,10
present,10
identity,10
collaboration,10
labour,10
today,10
saumoneau,10
them,10
calif,10
became,10
although,10
bard,9
rochefort,9
within,9
case,9
y,9
whose,9
l,9
activists,9
view,9
could,9
found,9
year,9
gruber,9
lenin,9
san,9
relationship,9
under,9
culture,9
power,9
others,9
i,9
language,9
would,9
britain,9
stites,9
jean,9
years,9
twentieth,9
traditional,9
way,8
stuart,8
diego,8
repr,8
england,8
there,8
robert,8
dutch,8
relationships,8
daskalova,8
without,8
h,8
how,8
earlier,8
servants,8
activist,8
public,8
issues,8
personal,8
least,8
published,8
members,8
leader,8
smith,8
efforts,8
florence,8
geoff,8
time,8
students,8
netherlands,8
la,8
relations,8
historian,8
speech,8
despite,8
our,8
formation,8
lily,8
much,8
common,7
later,7
english,7
western,7
interests,7
book,7
great,7
china,7
sexual,7
vol,7
condition,7
point,7
conflict,7
meyer,7
christine,7
roth,7
organized,7
liberal,7
beyond,7
union,7
cultural,7
opposition,7
during,7
legacy,7
motherhood,7
lopes,7
thought,7
noted,7
organizations,7
anne,7
bulgarian,7
paletschek,7
congress,7
three,7
bock,7
moses,7
perspectives,7
sometimes,7
citizens,7
organization,7
der,7
domestic,7
feminisms,7
past,7
proposed,7
following,7
rose,7
terms,7
making,7
goals,7
roles,7
affected,6
sphere,6
becoming,6
word,6
position,6
before,6
said,6
differences,6
british,6
mass,6
split,6
campbell,6
nor,6
old,6
sisterhood,6
en,6
krassimira,6
oppression,6
called,6
p,6
academic,6
r,6
used,6
emphasis,6
vote,6
part,6
place,6
perrot,6
legislation,6
stanford,6
status,6
own,6
lipow,6
le,6
several,6
scott,6
resistance,6
notes,6
communist,6
equality,6
criticism,6
historiography,6
challenge,6
teachers,6
practice,6
spring,6
stance,6
classes,6
pelletier,6
persisted,6
rejected,6
held,6
latter,6
graves,6
especially,6
luxemburg,6
versus,6
division,6
draper,6
program,6
centuries,6
leftist,6
ideological,6
far,6
whether,6
problem,6
chapter,6
middle,6
gisela,6
eleanor,6
spd,6
definitions,6
writing,6
patriarchy,6
d,6
c,6
era,6
views,6
strong,6
major,6
herself,5
federation,5
just,5
marianne,5
modern,5
princeton,5
bloomington,5
capitalist,5
those,5
citizenship,5
america,5
trade,5
rosa,5
along,5
frevert,5
usage,5
thompson,5
young,5
like,5
alleged,5
similar,5
black,5
lives,5
linked,5
quoted,5
helped,5
character,5
expressed,5
my,5
edmondson,5
spain,5
masculinity,5
basis,5
example,5
et,5
popular,5
few,5
brought,5
visible,5
proletarians,5
filles,5
beatrix,5
production,5
says,5
reference,5
soon,5
us,5
neither,5
industrial,5
ind,5
factory,5
fact,5
less,5
roland,5
barrett,5
another,5
private,5
discussion,5
values,5
dixon,5
clear,5
august,5
period,5
distinction,5
ann,5
continued,5
ideology,5
often,5
united,5
itself,5
claims,5
sweden,5
intellectual,5
selected,5
statement,5
influenced,5
anna,5
boston,5
come,5
north,5
cambridge,5
rejection,5
drew,5
salper,5
picq,5
now,4
declared,4
revolutionary,4
berlin,4
grever,4
policy,4
carroll,4
title,4
suffragists,4
claire,4
negative,4
experience,4
worked,4
words,4
jeanne,4
simple,4
wave,4
friedan,4
hackett,4
survey,4
take,4
issue,4
suspect,4
hall,4
haan,4
account,4
consciousness,4
canning,4
central,4
since,4
backgrounds,4
author,4
adopted,4
gendered,4
turn,4
ithaca,4
marlene,4
served,4
parasites,4
leadership,4
chinese,4
generation,4
van,4
developed,4
influential,4
communism,4
b,4
biographer,4
changes,4
cause,4
mary,4
too,4
show,4
powerful,4
vietnam,4
problems,4
important,4
waaldijk,4
exhibition,4
worker,4
third,4
ulla,4
improve,4
line,4
future,4
beginnings,4
call,4
because,4
away,4
employed,4
michelle,4
change,4
creating,4
sense,4
level,4
protest,4
discourse,4
research,4
und,4
ii,4
identified,4
comparative,4
poor,4
once,4
democrats,4
morgan,4
rise,4
contemporary,4
karl,4
judith,4
lines,4
original,4
meetings,4
lost,4
alliance,4
made,4
eichner,4
forging,4
arose,4
use,4
sees,4
described,4
urbana,4
margaret,4
modem,4
essay,4
faces,4
rhetoric,4
educational,4
written,4
capitalism,4
quarterly,4
attention,4
september,4
five,4
employment,4
eisenstein,4
wilhelmine,4
life,4
susan,4
founders,4
must,4
disdain,4
organizational,4
set,4
berkeley,4
different,4
works,4
welfare,4
amy,4
property,4
suggests,4
des,4
translated,4
role,4
auclert,4
wang,4
need,4
you,4
colleagues,4
assumed,4
bell,4
debate,4
phillips,4
given,4
recent,4
meeting,4
termed,4
kruks,3
revisionist,3
career,3
extreme,3
college,3
formed,3
asserted,3
harmony,3
maria,3
reprinted,3
t,3
australia,3
sources,3
swedish,3
whom,3
sonya,3
exaggerated,3
vols,3
might,3
emerged,3
dreams,3
definition,3
shaped,3
together,3
thank,3
imaginary,3
origin,3
nationalism,3
subsequent,3
last,3
stupid,3
ukrainian,3
reading,3
hostile,3
followers,3
alfred,3
collaborate,3
histoire,3
translations,3
stuard,3
west,3
x,3
very,3
liberals,3
collection,3
regarding,3
joan,3
nash,3
ute,3
development,3
inevitable,3
profound,3
pof,3
marriage,3
response,3
drawn,3
critique,3
benston,3
cites,3
may,3
failed,3
frangeur,3
russian,3
rather,3
dilemma,3
links,3
portrayed,3
zillah,3
basic,3
mean,3
opportunity,3
titled,3
legal,3
tristan,3
special,3
white,3
divided,3
howe,3
means,3
theorists,3
internationale,3
latin,3
commented,3
roxanne,3
notions,3
pognon,3
m,3
conflicts,3
closely,3
came,3
histories,3
hungarian,3
editors,3
effort,3
kate,3
stereotype,3
demands,3
ambivalence,3
big,3
further,3
michele,3
ghodsee,3
reappeared,3
failure,3
dialectic,3
feminine,3
rupp,3
clean,3
heavily,3
comment,3
literature,3
bouvier,3
inherited,3
collective,3
ida,3
field,3
adherents,3
shaping,3
holst,3
individualism,3
event,3
small,3
tended,3
always,3
rapp,3
using,3
woolf,3
value,3
appeal,3
barbara,3
transforming,3
south,3
f,3
republican,3
situation,3
reformism,3
predecessors,3
limited,3
april,3
july,3
kaplan,3
initially,3
selection,3
single,3
robin,3
francisca,3
yet,3
aleksandra,3
asia,3
same,3
gay,3
journalist,3
majority,3
paul,3
carolyn,3
frederick,3
strike,3
dissertations,3
idea,3
scholars,3
credits,3
reform,3
marxian,3
enlightenment,3
break,3
banks,3
debates,3
serious,3
readers,3
behind,3
threads,3
maza,3
choice,3
perhaps,3
vogel,3
controversy,3
reflected,3
hilden,3
day,3
understanding,3
quintessential,3
patricia,3
concern,3
entirely,3
largely,3
refers,3
began,3
ideas,3
individuals,3
anthology,3
dichotomous,3
significance,3
reality,3
andrews,3
grew,3
betty,3
divisions,3
allowed,3
summer,3
never,3
communists,3
employees,3
parallel,3
tactics,3
attracted,3
reworking,3
professional,3
reluctant,3
gruner,3
housewives,3
linda,3
amherst,3
developing,3
henriette,3
roberta,3
translation,3
bourgeoises,3
maternity,3
fall,3
baron,3
wives,3
interview,3
considered,3
wars,3
rarely,3
thinking,3
constituted,3
text,3
bulgaria,3
antifeminist,3
reemerged,3
each,3
country,3
dunbar,3
capital,3
ahr,3
prominence,3
ph,3
vicious,3
rivalry,3
particularly,3
associated,3
farnsworth,3
u,3
outlook,3
avril,3
economy,3
proceedings,3
austrian,3
flaubert,3
millett,3
writes,3
angela,3
extent,3
waters,3
virginia,3
categories,3
freedom,3
ill,3
introduced,3
bridenthal,3
press,3
pa,3
conditions,3
contributed,3
include,3
define,3
mothers,3
loufti,3
association,3
charles,3
potential,3
pioneering,3
jansz,3
close,3
alexandra,3
gulf,3
focus,3
should,3
virtue,3
does,2
ending,2
grandmothers,2
o,2
madeleine,2
done,2
pejorative,2
protests,2
jayawardena,2
pittsburgh,2
created,2
commitment,2
battle,2
market,2
jane,2
connection,2
announced,2
liberating,2
postsocialist,2
crossing,2
speakers,2
large,2
referring,2
ways,2
feindliche,2
klejman,2
approaches,2
decade,2
barricades,2
trace,2
biographical,2
husbands,2
petite,2
service,2
contested,2
revision,2
being,2
december,2
cast,2
durand,2
olive,2
transitions,2
test,2
promissory,2
davis,2
revisited,2
complained,2
posed,2
taken,2
rested,2
debating,2
fiminisme,2
righters,2
daughters,2
capitalists,2
dissatisfied,2
guettel,2
caricatures,2
active,2
nature,2
hatred,2
milliner,2
gary,2
frader,2
twenty,2
chapters,2
belong,2
wainwright,2
accompanied,2
borders,2
rich,2
harriet,2
labeled,2
real,2
nevertheless,2
help,2
jill,2
petty,2
persistence,2
greatly,2
concepts,2
ava,2
alike,2
signs,2
polarity,2
daniel,2
context,2
proposals,2
forum,2
attacked,2
primary,2
masked,2
march,2
ridicule,2
pacifism,2
zur,2
red,2
italian,2
possible,2
marked,2
cooperation,2
activity,2
echoes,2
insight,2
berteke,2
diss,2
taking,2
say,2
ignores,2
resources,2
laws,2
cited,2
apply,2
brave,2
himself,2
unhappy,2
letter,2
hakim,2
sand,2
factional,2
thus,2
denying,2
identities,2
postcommunist,2
profession,2
go,2
knuckled,2
pursue,2
professor,2
animosity,2
interest,2
pier,2
buhle,2
cf,2
pay,2
topic,2
assured,2
haupt,2
nield,2
kind,2
whores,2
spreading,2
surmounting,2
unity,2
cases,2
distinct,2
szapor,2
rejecting,2
perspective,2
back,2
wikander,2
columbia,2
pelzer,2
myth,2
effective,2
memoir,2
savage,2
unexamined,2
ideals,2
opposed,2
profoundly,2
vied,2
reflects,2
played,2
heroes,2
declaring,2
lichtheim,2
appreciation,2
longest,2
notion,2
process,2
stuttgart,2
republique,2
environments,2
sarah,2
importance,2
leave,2
keates,2
offering,2
lay,2
practicing,2
asses,2
front,2
category,2
brunswick,2
hubertine,2
romantic,2
scourge,2
affect,2
river,2
mouvement,2
image,2
revolutionaries,2
louise,2
edition,2
impact,2
weinstein,2
argued,2
age,2
tried,2
readings,2
terminology,2
strategy,2
decades,2
advocated,2
appear,2
categorical,2
told,2
interwar,2
based,2
lead,2
rivals,2
identifying,2
opposing,2
begun,2
hands,2
inclusion,2
access,2
adhered,2
intellectuals,2
rebirth,2
dispute,2
annmarie,2
schalk,2
initial,2
almost,2
late,2
reasons,2
though,2
equal,2
durham,2
studying,2
afforded,2
appears,2
recently,2
population,2
honeycutt,2
promise,2
arguing,2
grounds,2
outside,2
absolute,2
gilmartin,2
taught,2
wide,2
aspects,2
commitments,2
gamut,2
participation,2
julia,2
formerly,2
strict,2
writers,2
purpose,2
civil,2
kristen,2
instruments,2
nation,2
northern,2
loss,2
describe,2
fit,2
policies,2
broad,2
jo,2
litmus,2
strain,2
craftsmen,2
showing,2
project,2
crossfire,2
segal,2
sds,2
describing,2
ago,2
cold,2
dictionary,2
claim,2
emerging,2
specifically,2
jardine,2
divisive,2
het,2
spanish,2
june,2
highly,2
sylvia,2
decline,2
distinguished,2
republicanism,2
impossible,2
gleichheit,2
core,2
ineradicable,2
bourgeoise,2
up,2
wife,2
paid,2
bogey,2
ellen,2
provided,2
finds,2
mineke,2
nations,2
courses,2
dichotomies,2
poland,2
firestone,2
republic,2
november,2
charnie,2
protecting,2
appreciating,2
rivalries,2
action,2
economic,2
turgeon,2
positions,2
juliet,2
intended,2
acknowledged,2
classic,2
brief,2
sargent,2
mystique,2
allen,2
formative,2
denmark,2
comments,2
experiences,2
leila,2
mme,2
adapted,2
southeast,2
lisa,2
repression,2
recognized,2
blom,2
opportunities,2
read,2
alongside,2
serve,2
hamburg,2
challenged,2
elizabeth,2
participants,2
light,2
shifting,2
wisconsin,2
congresses,2
increasingly,2
speaking,2
scotland,2
stalin,2
shows,2
avoided,2
double,2
useful,2
constituency,2
provide,2
resolution,2
theorist,2
lewis,2
heritage,2
bring,2
polemic,2
academy,2
reporting,2
ask,2
patriotic,2
leading,2
marker,2
soviet,2
occupations,2
clerks,2
really,2
socialiste,2
becker,2
overwhelmingly,2
substantially,2
fashion,2
man,2
annette,2
observes,2
success,2
angels,2
berenice,2
hand,2
leisured,2
proletariat,2
begin,2
model,2
dorothy,2
hilda,2
council,2
deep,2
biggest,2
follows,2
binary,2
fight,2
local,2
greatest,2
kathleen,2
vast,2
examples,2
restrictions,2
limitations,2
slaves,2
looking,2
elite,2
asian,2
assumption,2
causes,2
morality,2
questions,2
engaged,2
schnitzler,2
california,2
theories,2
theoretical,2
aggressive,2
hungary,2
authors,2
agreement,2
peter,2
haunted,2
times,2
fragments,2
good,2
tobias,2
losing,2
syllabi,2
sally,2
roussel,2
nonsocialists,2
construct,2
strongly,2
favored,2
article,2
systems,2
eyes,2
textbooks,2
feet,2
statements,2
can,2
masculine,2
january,2
v,2
artisans,2
bianka,2
swindells,2
story,2
dominance,2
italy,2
renate,2
saw,2
widely,2
hunt,2
separate,2
suggest,2
depth,2
liberalism,2
helmut,2
aid,2
note,2
marxists,2
george,2
wigan,2
longtime,2
institutions,2
independence,2
aiming,2
seen,2
detailed,2
establish,2
importantly,2
recognize,2
linking,2
foner,2
responsible,2
exclude,2
achieve,2
sympathy,2
worlds,2
zheng,2
meant,2
bystydzienski,2
curious,2
sexes,2
then,2
believed,2
redemption,2
biography,2
outlines,2
kocka,2
lise,2
elicited,2
delegates,2
ll,2
supported,2
einhorn,2
md,2
pt,2
uruguay,2
banished,2
cole,2
control,2
mishmash,2
paper,2
commission,2
denigrate,2
alexander,2
nelly,2
appendix,2
constructions,2
workplace,2
kumari,2
enemy,2
audience,2
geschichte,2
cities,2
examining,2
sorge,2
maoist,2
scholarly,2
femmes,2
explanations,2
notable,2
circles,2
form,2
lane,2
remained,2
haraway,2
cult,2
protective,2
alice,2
dream,2
w,2
divide,2
emblematic,2
generally,2
agreed,2
ideal,2
martha,2
socioeconomic,2
varieties,2
epithet,2
presented,2
andrea,2
recognition,2
multiple,2
little,2
city,2
collaborated,2
african,2
die,2
simply,2
conventional,2
ehrick,2
combahee,2
beatrice,2
developments,2
ever,2
aims,2
bosch,2
mentor,2
false,2
femme,2
radicalism,2
argument,2
lists,2
background,2
bolshevism,2
opens,2
aristocratic,2
naomi,2
trap,2
unbridgeable,2
dangerous,2
register,2
offer,2
joined,2
instead,2
integrated,2
land,2
canadian,2
shirley,2
already,2
disrupt,2
defined,2
repeat,2
campaign,2
summary,2
flora,2
observation,2
capitulation,2
reached,2
enterprise,2
create,2
fears,2
taylor,2
famous,2
premature,2
christina,2
race,2
werner,2
confusionism,2
freud,1
fir,1
final,1
resolve,1
admirably,1
reichstag,1
nicholas,1
founding,1
archives,1
heijermans,1
demonstrates,1
complaint,1
westbury,1
currently,1
mostly,1
rothschild,1
nihilism,1
replacing,1
owes,1
gauchistes,1
liquidate,1
sussex,1
limits,1
recover,1
polish,1
appealed,1
estate,1
implying,1
ejected,1
commentary,1
nijmegen,1
recalls,1
myriam,1
briefen,1
stood,1
defy,1
scholar,1
faced,1
designated,1
quash,1
boycott,1
encouraged,1
represent,1
nicaragua,1
unfounded,1
engendered,1
extend,1
schism,1
fiction,1
counteract,1
diane,1
widow,1
pertaining,1
fragmented,1
notably,1
grotesque,1
prostitutes,1
linguistic,1
passing,1
sympathetic,1
eighties,1
likewise,1
counters,1
center,1
methodology,1
prediction,1
complex,1
enduring,1
partially,1
deepest,1
qui,1
denied,1
approved,1
envisioned,1
nlr,1
ana,1
kinds,1
instructions,1
agency,1
putative,1
topics,1
identify,1
designed,1
prevented,1
merged,1
hull,1
linkages,1
beauvoir,1
elitism,1
horowitz,1
usefully,1
flowering,1
true,1
collectivist,1
irrespective,1
connecting,1
johns,1
reformists,1
respectability,1
favor,1
park,1
conscious,1
akkerman,1
ardent,1
workingwoman,1
boulder,1
ms,1
nord,1
realities,1
personally,1
acceptance,1
franqoise,1
justified,1
gerth,1
resurgence,1
hysterical,1
minor,1
tween,1
unlike,1
occurred,1
terrain,1
contributions,1
renne,1
faded,1
perceptive,1
tells,1
reprove,1
jos,1
vituperative,1
disengaged,1
cultures,1
exceptions,1
thematic,1
attractiveness,1
flaws,1
nonetheless,1
strikes,1
elimination,1
du,1
qualification,1
materials,1
disputed,1
themes,1
dictionaries,1
various,1
cutting,1
highlight,1
framework,1
evaluations,1
lower,1
highlighted,1
aside,1
else,1
stressed,1
destabilizing,1
undermine,1
beginners,1
please,1
wrong,1
lexington,1
invention,1
every,1
supposedly,1
jackson,1
utopia,1
jointly,1
human,1
voices,1
disciplining,1
originally,1
separatist,1
shanghai,1
aftermath,1
infamous,1
phil,1
abound,1
semibourgeois,1
minna,1
tora,1
opted,1
assist,1
hawker,1
olga,1
batya,1
sherry,1
seems,1
poison,1
revival,1
declares,1
tear,1
reviled,1
reproached,1
immense,1
deal,1
principles,1
een,1
nobly,1
skills,1
secondary,1
usually,1
broadly,1
uneasy,1
debra,1
contribute,1
confusion,1
wollstonecraft,1
redefines,1
relieving,1
normative,1
assembled,1
prelude,1
senses,1
confront,1
shot,1
bezucha,1
drama,1
studied,1
mills,1
government,1
incident,1
lydia,1
thanks,1
closer,1
allrussian,1
concludes,1
emerita,1
launched,1
anger,1
reproduction,1
deemed,1
caine,1
unified,1
marches,1
achieved,1
integrate,1
balabanoff,1
vrouwengeschiedinis,1
separated,1
date,1
solicited,1
emphasized,1
influences,1
keith,1
geoffrey,1
promulgated,1
platforms,1
wings,1
discipline,1
discrete,1
ambiguous,1
soured,1
fanaticism,1
hostility,1
dissolved,1
polemicize,1
loyalty,1
stopped,1
racial,1
worldwide,1
papers,1
tragedy,1
seminar,1
galician,1
reinliche,1
system,1
weir,1
employs,1
partners,1
yasmine,1
revolt,1
est,1
fortune,1
globe,1
ascribed,1
entente,1
advocates,1
groag,1
lest,1
dr,1
rereading,1
ozarkevych,1
candar,1
manifesto,1
guineas,1
assertions,1
formulation,1
mill,1
task,1
misunderstood,1
quelques,1
motion,1
sought,1
bases,1
draw,1
rests,1
right,1
apple,1
exception,1
biting,1
korrespondenz,1
dreaded,1
schwegman,1
howard,1
joh,1
applauded,1
kobrynska,1
editions,1
machinery,1
desired,1
paucity,1
establishing,1
adopting,1
egalitw,1
reaction,1
structurally,1
ortner,1
whatever,1
interdisciplinary,1
allying,1
conceptual,1
consequent,1
uncertain,1
mistakenly,1
interviews,1
anathematizing,1
contentious,1
economies,1
minimum,1
xxii,1
identifies,1
socialisms,1
sweet,1
holland,1
deserted,1
mais,1
separating,1
behavior,1
signal,1
surplus,1
cauer,1
exist,1
repeatedly,1
relies,1
encountering,1
victim,1
maynard,1
distributed,1
divorced,1
scandinavia,1
includes,1
married,1
reflective,1
caricatured,1
disorder,1
schoolteacher,1
famously,1
fourierists,1
spectrum,1
difficulties,1
kongress,1
attest,1
sample,1
retrospectively,1
sensitized,1
pursuit,1
targeted,1
muscle,1
incessantly,1
magic,1
unpublished,1
chesal,1
aus,1
felicia,1
inaugural,1
kugelmann,1
pour,1
interchangeably,1
mixed,1
decided,1
sharp,1
raises,1
joris,1
highlighting,1
redeployed,1
confrontation,1
vanguard,1
jr,1
jeannette,1
dubbed,1
ability,1
seemingly,1
dick,1
masters,1
privilege,1
farewell,1
learning,1
forced,1
summarizing,1
funds,1
attracting,1
weaknesses,1
transitional,1
remembering,1
individual,1
elements,1
lasses,1
taint,1
problematize,1
lances,1
burgeoning,1
judged,1
refer,1
infrequently,1
subjects,1
perceived,1
body,1
withdraw,1
erwine,1
modernity,1
difficulty,1
rediscovering,1
elicit,1
wholly,1
allowing,1
club,1
suitable,1
emphases,1
ally,1
unchanged,1
chap,1
vancouver,1
enlightened,1
publications,1
alliances,1
networks,1
burgerlijk,1
berlanstein,1
sincerely,1
ladies,1
factions,1
student,1
consequently,1
remarkably,1
reassessment,1
communication,1
internationalists,1
leftists,1
kelley,1
mischa,1
spread,1
impudent,1
sister,1
guard,1
general,1
twaalfdejaarboek,1
weakness,1
restricting,1
philanthropic,1
undone,1
stigma,1
rates,1
maternalism,1
essen,1
continuity,1
adversary,1
claude,1
christensen,1
marching,1
joeres,1
raelene,1
wolpe,1
poverty,1
lyon,1
aim,1
threatens,1
articulation,1
deemphasized,1
slant,1
deviation,1
carole,1
underlay,1
via,1
humiliate,1
urged,1
biographie,1
town,1
subordination,1
remedied,1
essential,1
woolworth,1
adjunct,1
predicted,1
friedlander,1
commune,1
act,1
purely,1
revisionists,1
insult,1
zola,1
encompassed,1
mes,1
arising,1
across,1
generations,1
adds,1
birgerlichkeit,1
love,1
edward,1
excerpts,1
sort,1
organizing,1
landscape,1
stuurman,1
explicit,1
notices,1
swept,1
doctrine,1
cohort,1
myself,1
nazis,1
criticizes,1
levine,1
conceptions,1
represented,1
resonated,1
goes,1
phrases,1
reworked,1
granted,1
undercut,1
connected,1
thing,1
humanity,1
lamented,1
certain,1
midcontinent,1
letarian,1
slippery,1
meteoric,1
prefers,1
dialogue,1
congres,1
nos,1
opposite,1
danger,1
blurring,1
appropriateness,1
reforms,1
arbor,1
von,1
consequences,1
reappears,1
doubly,1
reinterpretation,1
untiring,1
mrs,1
solutions,1
jiirgen,1
maintaining,1
shops,1
ensure,1
wages,1
notwithstanding,1
wanted,1
marks,1
woord,1
frauenwerke,1
dirks,1
dichotomy,1
snickered,1
occupational,1
discouraged,1
familiar,1
literary,1
madrinas,1
invective,1
peasant,1
elisabeth,1
ning,1
emergence,1
dated,1
seeing,1
why,1
specify,1
kuliscioff,1
disaffected,1
numbers,1
sfio,1
bruce,1
articulated,1
k,1
preoccupation,1
philosophical,1
weak,1
frequently,1
threat,1
upper,1
economics,1
tilton,1
commonly,1
riverside,1
put,1
exploited,1
textile,1
breached,1
follow,1
passed,1
margaareth,1
shed,1
predates,1
modeled,1
contraception,1
willard,1
sewell,1
consequence,1
putting,1
madame,1
sociologist,1
tentoonstelling,1
puts,1
instance,1
willing,1
solve,1
strenuously,1
destructive,1
lavigna,1
dominant,1
consensus,1
likens,1
boulangism,1
antecedents,1
personalized,1
suggested,1
counsel,1
drawing,1
dynastic,1
sixties,1
fluid,1
disappeared,1
bureaucracy,1
aliens,1
challenges,1
opponents,1
belatedly,1
plus,1
opening,1
uses,1
legislative,1
advance,1
ostentatious,1
iwk,1
path,1
unanimous,1
allow,1
declined,1
societies,1
lassalleans,1
appearance,1
heritages,1
fortunes,1
method,1
conservative,1
demise,1
ascription,1
search,1
behalf,1
traditionally,1
trashed,1
critically,1
sd,1
inappropriate,1
attack,1
amsterdam,1
speaker,1
sasha,1
inspectors,1
puschernat,1
seven,1
lived,1
changed,1
stigmatized,1
scenes,1
internationalist,1
economically,1
events,1
primacy,1
droits,1
bind,1
pioneer,1
parisian,1
noting,1
denigration,1
francisco,1
strident,1
marguerite,1
reactionary,1
greater,1
geoisophobus,1
representative,1
fathered,1
repudiate,1
embedded,1
remedy,1
unions,1
upwardly,1
fourth,1
courtivron,1
occupation,1
founder,1
informed,1
institute,1
mainly,1
sentimental,1
performed,1
dismissive,1
ferraro,1
lethal,1
harassment,1
dismissal,1
opprobrium,1
viewed,1
moore,1
produced,1
sentence,1
thane,1
cannot,1
biases,1
excellent,1
younger,1
scale,1
appearing,1
join,1
eye,1
extrapolation,1
xvii,1
spur,1
your,1
perform,1
explain,1
doctor,1
answer,1
james,1
hopkins,1
voice,1
pheasant,1
al,1
patriarchal,1
marie,1
huge,1
affair,1
memory,1
ausziige,1
distinguishes,1
globally,1
wallach,1
gained,1
periodical,1
having,1
unequal,1
prewar,1
traditionalist,1
learn,1
spheres,1
standard,1
degrees,1
relief,1
landmark,1
closed,1
data,1
emancipated,1
criticize,1
simone,1
belonging,1
scope,1
designation,1
michble,1
shulamith,1
foes,1
organize,1
residue,1
carries,1
principle,1
leisure,1
nine,1
admired,1
imagined,1
reader,1
debatable,1
fired,1
laura,1
stake,1
advancement,1
hypocritical,1
curriculum,1
tombs,1
transcended,1
related,1
sydney,1
marketplace,1
precondition,1
thoughts,1
feared,1
caught,1
description,1
criticized,1
ten,1
reminded,1
squelch,1
surprise,1
whole,1
opined,1
realm,1
designate,1
laurence,1
older,1
obscured,1
xxxv,1
nervously,1
lunch,1
unnoticed,1
participated,1
haar,1
frauenrechtlerische,1
rallying,1
winter,1
historien,1
lanham,1
frauenbestrebungen,1
illustrative,1
member,1
regional,1
appreciated,1
anything,1
frameworks,1
participate,1
achieving,1
shouted,1
shoved,1
wissenschaftliche,1
dakota,1
won,1
president,1
doubtful,1
received,1
shapiro,1
visions,1
ethnicity,1
challenging,1
presentations,1
graduate,1
hidden,1
approach,1
refuse,1
adeline,1
unmarxist,1
near,1
substituting,1
situational,1
vrouwen,1
ambience,1
calls,1
someone,1
siecle,1
joanne,1
solution,1
walsh,1
eine,1
bres,1
politiek,1
strijdtoneel,1
below,1
allegiance,1
voiced,1
responsibility,1
livelihoods,1
occasionally,1
theoretically,1
feminisme,1
volume,1
siep,1
aotearoa,1
tanya,1
politically,1
widf,1
order,1
electoral,1
contrast,1
edmonton,1
militant,1
worthies,1
emphasizes,1
phrase,1
quite,1
hole,1
barriers,1
around,1
entrance,1
overwork,1
calling,1
coach,1
axiom,1
separately,1
driving,1
aanleiding,1
klasse,1
choose,1
legitimize,1
hague,1
starting,1
nineteenthand,1
governments,1
eclipse,1
civic,1
maynes,1
invaluable,1
deploying,1
belittled,1
link,1
differing,1
reverberate,1
philip,1
christians,1
pejoratively,1
orthodox,1
aggressively,1
deranged,1
gloria,1
leaflet,1
describes,1
communardes,1
correspondence,1
decision,1
tania,1
gilles,1
enormously,1
persuasions,1
glasgow,1
blind,1
intransigent,1
newly,1
skill,1
preliminary,1
uncritical,1
heyday,1
monarchy,1
inform,1
moved,1
evoked,1
kring,1
questioning,1
stitutive,1
longue,1
bolstered,1
savioz,1
coote,1
concomitant,1
rigidity,1
avoid,1
deficiency,1
prescribed,1
cite,1
domesticity,1
portion,1
adamantly,1
critical,1
delve,1
tenet,1
perception,1
calm,1
quoting,1
edith,1
led,1
community,1
ranging,1
business,1
demand,1
lerner,1
deutschlands,1
inhabitants,1
advocate,1
matter,1
castigation,1
absence,1
antiquated,1
contact,1
myriad,1
entitled,1
letters,1
lesser,1
snitow,1
eluded,1
angelica,1
separation,1
lynn,1
short,1
indeed,1
synthesis,1
sans,1
destroying,1
launch,1
sous,1
bolshevik,1
bis,1
libbers,1
unconscious,1
conamerican,1
albany,1
johansson,1
brings,1
prevailing,1
reduce,1
leon,1
grande,1
still,1
reconstruction,1
emulated,1
suppressing,1
entree,1
harmoniediiselei,1
garden,1
refusal,1
translates,1
sending,1
petit,1
modes,1
spot,1
arbeiterbewegung,1
suppose,1
strategic,1
adamant,1
religious,1
positive,1
reclaimed,1
permanently,1
label,1
fascism,1
lutheranism,1
philadelphia,1
inimitable,1
maryalice,1
turmoil,1
usages,1
hugh,1
meanwhile,1
citation,1
sociologists,1
represents,1
koonz,1
cowardly,1
happened,1
message,1
east,1
borrowed,1
calloused,1
deuxieme,1
mobile,1
formally,1
inspiration,1
nancy,1
denounced,1
clarified,1
salient,1
socialistfeminist,1
ablaze,1
nat,1
publishing,1
printers,1
illuminated,1
masse,1
attractively,1
memoires,1
teaching,1
unwed,1
dropped,1
ranks,1
transliterations,1
baltimore,1
floor,1
sharecroppers,1
friedrich,1
sales,1
infused,1
reprint,1
largest,1
frauenrechtlerinnen,1
insights,1
daumard,1
psyche,1
communal,1
qualified,1
reports,1
emotional,1
toronto,1
records,1
badge,1
mich,1
brochure,1
fawcett,1
girl,1
declining,1
chose,1
administrators,1
parliamentary,1
representation,1
reach,1
critiques,1
name,1
successfully,1
comfortable,1
dichotomizing,1
reinvention,1
law,1
aguilar,1
temporarily,1
stated,1
brown,1
fell,1
mentions,1
selfish,1
death,1
jiang,1
reconceptualized,1
pointed,1
comintern,1
similarly,1
slavery,1
affiliated,1
addition,1
residence,1
temperament,1
doyle,1
lanzinger,1
tradition,1
usefulness,1
weinbaum,1
hoped,1
lengthy,1
nationhood,1
bordering,1
naive,1
longer,1
wynona,1
allergy,1
revitalized,1
consideration,1
activism,1
aldershot,1
irene,1
conduct,1
maternal,1
fearing,1
genuine,1
fdminismes,1
workingclass,1
materialist,1
proposal,1
plan,1
afraid,1
intimidated,1
abstract,1
exclusion,1
taxonomy,1
admissible,1
liberationists,1
blames,1
remarked,1
children,1
grave,1
governed,1
pamphlet,1
richer,1
penned,1
john,1
preferring,1
featuring,1
capitalisms,1
reductionist,1
end,1
simpering,1
arthur,1
clearly,1
considerable,1
charges,1
aveling,1
turns,1
prerevolutionary,1
advocacy,1
zealand,1
embattled,1
documents,1
hill,1
disproportionate,1
anthropologist,1
ages,1
took,1
consciously,1
do,1
monographs,1
ground,1
moghadam,1
innovative,1
creature,1
laundress,1
continuing,1
isabelle,1
validity,1
empire,1
ensured,1
glickman,1
postal,1
voire,1
norwegian,1
strategies,1
inhospitable,1
untiringly,1
models,1
emma,1
sarcastically,1
laden,1
focusing,1
resigned,1
subfield,1
fewer,1
preparation,1
wischnewetsky,1
miner,1
governance,1
noncooperation,1
impoverished,1
distance,1
fundamentals,1
frenchwoman,1
shifts,1
going,1
free,1
elaine,1
encountered,1
chair,1
identifiable,1
hughes,1
suffragette,1
bulletin,1
argues,1
piecework,1
autobiography,1
slow,1
examine,1
authorized,1
credit,1
recognizing,1
coulmy,1
inveighed,1
lasting,1
exploring,1
aptly,1
extended,1
simians,1
intimate,1
hear,1
feminismbut,1
birth,1
managerial,1
staging,1
afterword,1
factionalism,1
upon,1
frminisme,1
range,1
eighteenth,1
sober,1
generalizations,1
formal,1
elsevier,1
vexed,1
collections,1
sapiro,1
dissolve,1
owe,1
georges,1
depended,1
sufficiently,1
contacts,1
mari,1
briefe,1
gerda,1
complexities,1
oral,1
pillory,1
bears,1
waste,1
significant,1
expression,1
prevailed,1
oppose,1
virtually,1
leonore,1
numerous,1
globalizing,1
submitted,1
tjitske,1
bitter,1
militarism,1
deutschen,1
occupied,1
hoyick,1
exploiters,1
accepted,1
insults,1
golf,1
realization,1
full,1
lina,1
previous,1
forerunners,1
eight,1
dismissed,1
dating,1
continuities,1
philanthropy,1
charge,1
shrewd,1
careers,1
open,1
reassessing,1
generalizes,1
cinderella,1
alienating,1
inadvertently,1
biewener,1
adding,1
michel,1
op,1
notice,1
publication,1
nongovernmental,1
passe,1
dominated,1
lady,1
koenker,1
classanalysis,1
analytic,1
helpful,1
humanitw,1
paradigmatic,1
strictures,1
plant,1
parti,1
features,1
derisory,1
valentine,1
rompues,1
stages,1
strove,1
lie,1
raschke,1
attract,1
households,1
retrieving,1
epoch,1
amorphous,1
structuralism,1
enriched,1
believing,1
heinzgerhard,1
blau,1
aan,1
imagination,1
decide,1
faith,1
conclusions,1
sentiment,1
comparing,1
harass,1
wilkins,1
commentators,1
libre,1
publics,1
chapel,1
saurer,1
untrodden,1
delia,1
become,1
relation,1
narrow,1
interpretations,1
remembers,1
assessing,1
respectively,1
weakest,1
australasia,1
incompatible,1
categorize,1
enjoyed,1
structure,1
enemies,1
trades,1
claiming,1
probably,1
attractions,1
oversimplified,1
greece,1
looked,1
parameters,1
workshop,1
constructive,1
contending,1
invented,1
instances,1
haven,1
lee,1
anchored,1
davidoff,1
caution,1
basically,1
hanover,1
embodied,1
propose,1
vain,1
allison,1
dietzen,1
anglophone,1
yedlin,1
isn,1
claudia,1
weimar,1
examines,1
depuis,1
motivations,1
visit,1
troisieme,1
gustave,1
rift,1
neuman,1
militancy,1
hindered,1
reagin,1
carried,1
wage,1
rachel,1
fifty,1
luise,1
wiesner,1
convener,1
autumn,1
solidly,1
imply,1
me,1
dual,1
distaste,1
resolving,1
cova,1
ing,1
lot,1
independent,1
quo,1
consistency,1
cora,1
assert,1
stream,1
frauenbewegung,1
chance,1
irreconcilable,1
chastising,1
vision,1
defenders,1
missionaries,1
selections,1
claimed,1
opinion,1
fear,1
everard,1
ironically,1
inside,1
foreword,1
favour,1
ryan,1
primarily,1
schwerin,1
revisionism,1
referred,1
antagonism,1
ergas,1
excluding,1
obstacle,1
privileges,1
effectively,1
contribution,1
frysak,1
wilson,1
legitimacy,1
septembre,1
rapidly,1
anxious,1
discredit,1
duplessis,1
bourgeoisophobus,1
postulated,1
ouvrier,1
introductory,1
expectations,1
scheidung,1
wheeler,1
rosalie,1
hilary,1
harshly,1
education,1
virile,1
dpreuve,1
exists,1
fraternity,1
face,1
recalling,1
mutters,1
problematic,1
gegnerin,1
derproletarischen,1
voting,1
joseph,1
earliest,1
fought,1
wilhelmian,1
addressed,1
entertain,1
differentiated,1
stereotyped,1
suggestions,1
contained,1
victoria,1
shadow,1
ordered,1
beast,1
breach,1
broke,1
habermas,1
preface,1
series,1
scates,1
taxonomies,1
version,1
changing,1
victimized,1
blanche,1
needs,1
dividing,1
contradiction,1
adjective,1
extensive,1
focused,1
deroin,1
reinforced,1
continues,1
extension,1
austria,1
known,1
implied,1
exposition,1
emphasize,1
donna,1
shop,1
thousand,1
zietz,1
banner,1
sonia,1
constructed,1
glamour,1
borrow,1
blacks,1
sciences,1
welland,1
offers,1
here,1
alternative,1
altercation,1
wider,1
allegation,1
suit,1
pragmatic,1
milieu,1
lynne,1
sexuality,1
nuremberg,1
ran,1
tenu,1
unavailable,1
revealing,1
mutually,1
couriau,1
refused,1
rag,1
introducing,1
monthly,1
rear,1
readily,1
misjudgment,1
ingrun,1
steven,1
worth,1
neglected,1
nobility,1
attribute,1
peasants,1
global,1
blazed,1
merry,1
seem,1
board,1
prototypical,1
ubiquitous,1
diverting,1
equivocal,1
meier,1
castigate,1
slippage,1
propaganda,1
wealthy,1
current,1
allied,1
exceptional,1
lenard,1
altered,1
notorious,1
job,1
intelligentsia,1
tsarist,1
rely,1
privileged,1
workingmen,1
orative,1
uphold,1
bonnie,1
number,1
associations,1
explicitly,1
ascendancy,1
elsewhere,1
ambivalent,1
esch,1
placing,1
donc,1
edwardian,1
excommunicated,1
deviationist,1
recruiting,1
schoenflies,1
merely,1
examination,1
turned,1
scholarship,1
marjan,1
dismissing,1
jacqueline,1
beginning,1
defend,1
william,1
born,1
according,1
purchase,1
automatically,1
alix,1
twofold,1
muse,1
transfers,1
conservatism,1
socialisme,1
list,1
namely,1
voor,1
marche,1
want,1
sociology,1
goldman,1
imposed,1
libertes,1
maintain,1
attitudes,1
bastille,1
correspondent,1
managed,1
clerical,1
correlates,1
prestige,1
expressly,1
babel,1
textual,1
imperial,1
discourses,1
suspicion,1
signify,1
ignorances,1
muddleheaded,1
gratitude,1
bodies,1
hal,1
trotskyist,1
outweighs,1
mod,1
eerste,1
reported,1
conclude,1
police,1
startled,1
countrywoman,1
undertaken,1
confirm,1
invitations,1
biweekly,1
cumbered,1
beloved,1
wrought,1
undercounted,1
subject,1
plans,1
transition,1
polemicizing,1
respectable,1
administration,1
sitting,1
assumptions,1
situated,1
everywhere,1
therefore,1
marxismus,1
saumonisme,1
fad,1
natalia,1
entry,1
programs,1
organis,1
titles,1
arguments,1
unitary,1
families,1
legalists,1
cyborgs,1
maintained,1
isolated,1
crossick,1
faculty,1
budapest,1
neglect,1
guesdistes,1
toiling,1
precision,1
frances,1
courtship,1
wiesen,1
named,1
jacoby,1
promoted,1
cautioned,1
centennial,1
devoted,1
xxe,1
replaced,1
until,1
confuse,1
spirited,1
commercial,1
editor,1
ignored,1
treated,1
conn,1
winning,1
sufficed,1
genetically,1
quest,1
abused,1
exerted,1
write,1
samuel,1
catherine,1
pamela,1
conveners,1
foundered,1
deflecting,1
romer,1
approximately,1
typically,1
usa,1
arbeidende,1
regime,1
andere,1
maids,1
brighton,1
thoughtful,1
southeastern,1
attributes,1
effects,1
ukraine,1
hause,1
colo,1
off,1
promptly,1
presenting,1
chastised,1
madison,1
blinded,1
remains,1
shift,1
increased,1
untouched,1
ranged,1
underlined,1
showed,1
anonymous,1
hannam,1
emile,1
morgenstern,1
fonda,1
belittle,1
wondered,1
contradicted,1
formulators,1
defied,1
artisan,1
best,1
materialism,1
franqais,1
ensuring,1
naar,1
archival,1
charged,1
succeeded,1
chicago,1
cook,1
progressive,1
neglecting,1
scorn,1
fervor,1
rayna,1
sharing,1
texts,1
concerns,1
substantial,1
bouramerican,1
import,1
recur,1
element,1
entire,1
pat,1
abandoned,1
re,1
seemed,1
artisanal,1
kuhn,1
lafleur,1
derogatory,1
laborers,1
cross,1
previously,1
loyalties,1
broader,1
asked,1
daughter,1
built,1
herstory,1
adjectival,1
generational,1
hans,1
portrait,1
gauches,1
household,1
stamping,1
unearned,1
advocating,1
holt,1
confusingly,1
