WORDCOUNTS,WEIGHT
the,798
of,470
in,245
and,221
to,182
a,110
that,100
as,93
law,85
foucault,77
not,68
s,61
by,59
on,59
for,58
was,55
but,50
with,48
state,46
it,39
social,37
which,37
is,37
power,36
from,35
regime,35
legal,32
its,32
an,32
this,31
see,31
discipline,30
soviet,30
disciplinary,30
had,28
modern,27
or,27
their,25
new,25
at,24
russian,24
he,24
russia,24
were,23
mechanisms,22
bourgeois,22
they,21
political,21
historical,21
public,21
be,20
one,19
own,19
administrative,19
who,19
i,18
review,18
two,18
kistiakovskii,18
case,17
old,17
his,17
society,17
through,17
american,16
liberal,16
than,16
order,16
principle,16
have,16
between,16
authority,15
system,15
no,15
april,15
legality,15
all,15
professional,15
did,15
into,14
also,14
both,14
principles,13
right,13
abortion,13
police,12
might,12
some,12
rather,12
sovereignty,12
these,12
more,12
tsarist,12
engelstein,12
control,12
while,12
absolutist,11
women,11
example,11
indeed,11
without,11
only,11
criminal,11
institutions,11
laura,10
within,10
critique,10
could,10
rule,10
however,10
same,10
men,10
v,10
time,10
combined,10
first,9
tradition,9
context,9
conflict,9
against,9
individual,9
even,9
rights,9
michel,9
revolution,9
domination,9
yet,9
underdevelopment,9
polizeistaat,9
would,9
regimes,9
itself,9
are,9
ideological,9
code,9
themselves,9
policy,8
western,8
history,8
those,8
has,8
lectures,8
cultural,8
judicial,8
well,8
repression,8
under,8
liberalism,8
class,8
juridical,8
freedom,8
sexuality,8
penal,8
other,7
sexual,7
thus,7
such,7
operation,7
n,7
further,7
contrast,7
civic,7
when,7
monarchy,7
practices,7
we,7
justice,7
european,7
been,7
claims,7
over,7
very,7
merely,7
reign,7
courts,6
position,6
physicians,6
before,6
my,6
hostility,6
politics,6
west,6
radicals,6
modernity,6
articulated,6
argued,6
out,6
though,6
absolute,6
professionals,6
knowledge,6
project,6
autonomy,6
few,6
second,6
reform,6
practice,6
alliance,6
so,6
reformers,6
never,6
continued,6
associated,6
what,6
form,6
transition,6
question,6
institutional,6
era,6
early,6
way,5
official,5
capitalist,5
great,5
government,5
liberals,5
himself,5
central,5
medical,5
century,5
exercise,5
zashchitu,5
left,5
mechanism,5
critics,5
certain,5
promise,5
because,5
future,5
used,5
part,5
place,5
prava,5
absence,5
scientific,5
wrote,5
us,5
included,5
homosexuality,5
many,5
years,5
formal,5
elite,5
like,5
after,5
systems,5
often,5
exercised,5
intelligentsia,5
them,5
theory,5
imperial,5
techniques,5
world,5
instead,5
later,4
revolutionary,4
interests,4
liberty,4
scheme,4
there,4
precisely,4
trans,4
consciousness,4
richard,4
development,4
group,4
insisted,4
kind,4
cases,4
times,4
body,4
find,4
y,4
sodomy,4
influence,4
york,4
whose,4
how,4
reforms,4
rechtsstaat,4
instrument,4
most,4
origins,4
tyranny,4
view,4
regulatory,4
came,4
found,4
monarchies,4
radical,4
experts,4
having,4
autocracy,4
trial,4
basis,4
civil,4
during,4
personal,4
change,4
least,4
codes,4
solomon,4
nations,4
survived,4
will,4
critical,4
lenin,4
matter,4
identified,4
economic,4
about,4
once,4
insofar,4
technology,4
ed,4
stalin,4
toward,4
governmentality,4
educated,4
vekhi,4
hand,4
do,4
model,4
where,4
coercion,4
norms,4
eds,4
bekhterev,4
made,4
eighteenth,4
engaged,4
period,4
coercive,4
relation,4
provide,4
science,4
hutchinson,4
male,4
authorities,4
any,4
dispersed,4
must,4
organization,4
here,4
different,4
alexander,4
terms,4
particular,4
constitutional,4
disciplines,4
our,4
come,4
argument,4
charge,4
although,4
provided,4
states,4
chicago,4
debate,4
if,3
created,3
wortman,3
introduction,3
replaced,3
integrity,3
kinds,3
ways,3
protection,3
occurred,3
nineteenth,3
being,3
said,3
production,3
taken,3
nature,3
walicki,3
professions,3
procedure,3
take,3
help,3
less,3
pashukanis,3
october,3
petersburg,3
point,3
laws,3
sharlet,3
hygiene,3
g,3
relations,3
application,3
progressive,3
elements,3
chap,3
general,3
failed,3
colin,3
act,3
importance,3
von,3
moreover,3
established,3
contemporaries,3
too,3
guarantee,3
helped,3
trained,3
based,3
jurisprudence,3
societies,3
das,3
tsarism,3
punishment,3
late,3
unruly,3
opposition,3
marxists,3
failure,3
work,3
fraser,3
edn,3
people,3
employed,3
strengthened,3
sense,3
level,3
socialist,3
discourse,3
distinguished,3
st,3
value,3
crime,3
gordon,3
f,3
may,3
limited,3
constraints,3
still,3
intervention,3
oxford,3
repressive,3
rules,3
sex,3
culture,3
already,3
qualified,3
policing,3
name,3
again,3
others,3
europe,3
fact,3
insidious,3
john,3
debates,3
prerevolutionary,3
forms,3
deceptive,3
continuing,3
existing,3
empire,3
relevant,3
woman,3
guarantees,3
reflected,3
baberowski,3
lost,3
ideas,3
three,3
historic,3
custodial,3
health,3
function,3
standard,3
internal,3
can,3
separate,3
individualism,3
independent,3
bureaucrats,3
sometimes,3
ideology,3
analysis,3
philosophies,3
alternative,3
cover,3
seem,3
argue,3
past,3
absolutely,3
whether,3
bureaucratic,3
protected,3
despite,3
role,3
representation,3
ultimately,3
discursive,3
d,3
effects,3
recourse,3
third,3
allegedly,3
normalizing,2
nicholas,2
go,2
now,2
o,2
pejorative,2
alley,2
sanctions,2
represent,2
jealous,2
legitimate,2
germany,2
likewise,2
needed,2
true,2
former,2
character,2
walzer,2
unlike,2
pipes,2
arguing,2
princeton,2
negative,2
test,2
urgency,2
either,2
defects,2
utopia,2
give,2
meaning,2
ourselves,2
seems,2
bloomington,2
inherent,2
resulting,2
achieved,2
emphasized,2
robert,2
opposite,2
subjugation,2
violating,2
lawmakers,2
disdained,2
side,2
historians,2
e,2
determined,2
naia,2
condition,2
powers,2
mutual,2
recede,2
far,2
conception,2
along,2
prosecution,2
interviews,2
controlled,2
expertise,2
complained,2
mistake,2
weakened,2
indecency,2
due,2
interest,2
domain,2
characteristic,2
lawfulness,2
conducted,2
coexistence,2
unwilling,2
turn,2
pretensions,2
response,2
enlightened,2
instruments,2
opposed,2
cast,2
recognized,2
essential,2
commune,2
premodern,2
basic,2
process,2
represented,2
arm,2
earlier,2
similar,2
derived,2
enlisted,2
means,2
understand,2
operates,2
consider,2
mean,2
peasant,2
evolved,2
intrinsically,2
elsewhere,2
quoted,2
monde,2
impact,2
age,2
beyond,2
providing,2
dependency,2
greater,2
expressed,2
standards,2
identifying,2
nancy,2
monarchical,2
scientifically,2
medicine,2
begun,2
called,2
intellectuals,2
luxury,2
term,2
war,2
activist,2
produced,2
tsars,2
tension,2
technical,2
conservatives,2
perpetuated,2
instituted,2
clean,2
r,2
goldstein,2
concept,2
brought,2
competing,2
nation,2
normalization,2
positions,2
describe,2
consistently,2
collective,2
structures,2
dispense,2
away,2
predominance,2
status,2
discretion,2
violated,2
stage,2
volume,2
jorg,2
politically,2
imposition,2
arbitrary,2
around,2
pregnant,2
always,2
arbitrariness,2
ind,2
bogdan,2
gross,2
barbara,2
chronological,2
liberation,2
situation,2
business,2
saw,2
penalized,2
subject,2
bolshevik,2
return,2
whatever,2
covert,2
humanistic,2
violence,2
reference,2
represents,2
continuity,2
slavic,2
j,2
participants,2
issues,2
violations,2
increasingly,2
rise,2
functioned,2
proekt,2
shaped,2
successfully,2
technique,2
punish,2
demographic,2
lawful,2
longer,2
fundamental,2
regulation,2
remarked,2
end,2
remain,2
contemporary,2
imperfect,2
russkoi,2
serious,2
outside,2
took,2
present,2
operating,2
surveillance,2
tyrannies,2
coincided,2
spoke,2
free,2
degree,2
reginald,2
remained,2
grounds,2
understanding,2
subjectivity,2
thanks,2
upon,2
prohibition,2
persisted,2
virtually,2
services,2
theoretical,2
rejected,2
moral,2
essay,2
peter,2
maintenance,2
held,2
characterized,2
him,2
played,2
distinction,2
petty,2
vaunted,2
adequately,2
written,2
incompatible,2
effect,2
james,2
enemies,2
probably,2
capitalism,2
vector,2
widely,2
deplored,2
respect,2
me,2
today,2
regular,2
petrograd,2
practitioners,2
claimed,2
lines,2
statutes,2
justizwesen,2
contribution,2
expert,2
countries,2
life,2
methods,2
polymorphous,2
sheldon,2
susan,2
considered,2
legitimated,2
then,2
conviction,2
russians,2
postrevolutionary,2
constituted,2
ever,2
reinforced,2
decorum,2
wolin,2
intellectual,2
offenses,2
each,2
guaranteed,2
assumed,2
east,2
contradictory,2
happiness,2
just,2
person,2
decriminalization,2
beginning,2
defend,2
circles,2
implicit,2
problem,2
extent,2
produce,2
rationality,2
ideal,2
middle,2
conference,2
autocratic,2
presented,2
gatherings,2
bureaucracy,2
became,2
monarchs,2
irreducible,2
administration,2
measure,2
maintained,2
writing,2
zelnik,2
analogy,2
enthusiasm,2
models,2
paradigm,2
national,2
catherine,2
aware,2
mode,2
course,2
joined,2
should,2
enabling,2
crimes,2
need,2
constructed,2
attributes,2
france,2
defined,2
specific,2
deployment,2
marxist,2
abandoned,2
traditional,2
among,2
ends,2
observed,2
hypothesis,2
anatomized,1
miller,1
kriminalistov,1
locates,1
does,1
clustered,1
equation,1
complaint,1
jury,1
hub,1
situate,1
herausgegebenen,1
enticements,1
implemented,1
fortified,1
concerned,1
medieval,1
rev,1
generated,1
defective,1
effected,1
groups,1
preference,1
stood,1
scholar,1
suggested,1
separated,1
truth,1
administered,1
affected,1
zarenreich,1
mandelker,1
resulted,1
fiction,1
struggled,1
arrive,1
determine,1
trojan,1
implies,1
measures,1
submission,1
extends,1
eliminated,1
celebrate,1
dissymmetries,1
evans,1
coerce,1
disregard,1
sympathetic,1
counters,1
center,1
large,1
thrust,1
denied,1
safely,1
illegal,1
properly,1
identify,1
essays,1
designed,1
symbolize,1
referring,1
formed,1
remind,1
asserted,1
confines,1
constitutes,1
nikolai,1
solidarity,1
h,1
unmodified,1
completely,1
psychiatry,1
inconsistent,1
contend,1
jonathan,1
studies,1
specified,1
mit,1
paradigms,1
favor,1
mentality,1
decrees,1
monolithic,1
duccio,1
inequities,1
nostrils,1
doubts,1
oppressive,1
justified,1
necessarily,1
jakob,1
evaluating,1
holding,1
interpersonal,1
exceptions,1
ussr,1
impeded,1
postulates,1
distsiplina,1
nice,1
source,1
bolsheviks,1
reich,1
du,1
updated,1
penalize,1
objecting,1
painful,1
consistent,1
fabric,1
member,1
invoking,1
coding,1
inhibited,1
ajumble,1
sponsoring,1
neuere,1
failing,1
sources,1
davis,1
long,1
every,1
labor,1
parliamentary,1
supposedly,1
preceding,1
extraordinary,1
creation,1
roman,1
regulating,1
exclusive,1
pretentions,1
ii,1
imichel,1
overloading,1
implications,1
hurley,1
female,1
concentrated,1
unlawful,1
elusive,1
engel,1
allow,1
winnowing,1
worked,1
emerged,1
fragmentary,1
precondition,1
advanced,1
olga,1
maintains,1
vladimir,1
andrzej,1
ugolovnykh,1
zeitschrift,1
replaces,1
resemblance,1
available,1
fitzpatrick,1
stringent,1
idiosyncratic,1
agrarian,1
reasserted,1
suggesting,1
blagochinie,1
desire,1
display,1
reasons,1
sovietique,1
thank,1
constituents,1
pressed,1
origin,1
validated,1
normative,1
homosexual,1
cannot,1
ispravitel,1
anticipatory,1
quintessential,1
closer,1
exalted,1
classlessness,1
real,1
histo,1
ran,1
concealment,1
antipathy,1
hands,1
feature,1
trombadori,1
improved,1
iconoclasm,1
mind,1
zu,1
subsumption,1
reworking,1
deriving,1
physical,1
educate,1
anhange,1
hoy,1
personnel,1
confused,1
concealed,1
issue,1
moderates,1
takes,1
forum,1
depending,1
governmental,1
nravstvennost,1
existence,1
sovetskoi,1
effort,1
alpern,1
autonomous,1
formulation,1
lived,1
task,1
mass,1
soiuza,1
despotisms,1
killed,1
negotiating,1
addresses,1
inhibit,1
rechtsstaatlichkeit,1
account,1
opened,1
marc,1
recommended,1
possible,1
activity,1
illustrate,1
shame,1
anmerkungen,1
assure,1
reaction,1
moscow,1
obvious,1
leon,1
vanity,1
taking,1
combination,1
say,1
except,1
conceptual,1
supervision,1
ideologically,1
goods,1
arrested,1
cited,1
apply,1
representing,1
promises,1
violates,1
dignity,1
exalting,1
feared,1
liberated,1
untrammeled,1
range,1
collection,1
overlaps,1
behavior,1
localized,1
framework,1
winning,1
russland,1
punishing,1
goal,1
centralized,1
throughout,1
totalitarian,1
dependence,1
language,1
purportedly,1
abortions,1
historically,1
tutelary,1
proceeded,1
explained,1
facts,1
utopian,1
reject,1
accommodation,1
run,1
pravilo,1
illustrates,1
halle,1
continuance,1
realized,1
embryonic,1
hierarchy,1
de,1
integral,1
agent,1
bodily,1
intact,1
forgotten,1
tutelage,1
reflection,1
applicant,1
im,1
decided,1
dreyfus,1
heterogeneity,1
sympathized,1
natalie,1
price,1
jr,1
emerges,1
realization,1
petrograde,1
pay,1
rooted,1
admitted,1
arena,1
affairs,1
obshchaia,1
down,1
plausibility,1
pedagogues,1
wendy,1
offenders,1
nor,1
constitutions,1
reluctance,1
kazhdogo,1
rejecting,1
perspective,1
krylenko,1
intercourse,1
back,1
ante,1
contrary,1
ithaca,1
serving,1
difficulty,1
served,1
allowing,1
tagantsev,1
effective,1
helpful,1
weight,1
compel,1
drawn,1
wistful,1
journal,1
precapitalist,1
eager,1
strengthening,1
deeply,1
traditions,1
regulations,1
occasion,1
adult,1
pronounced,1
marx,1
incarnation,1
overt,1
pravosoznanie,1
implementation,1
intruded,1
focused,1
promised,1
subversive,1
distribution,1
awkward,1
offices,1
features,1
alive,1
high,1
brute,1
legitimation,1
inequitable,1
costs,1
operations,1
dilemma,1
purely,1
l,1
postliberal,1
encompassed,1
essence,1
debated,1
aggressive,1
joan,1
protections,1
involvements,1
antilegal,1
levels,1
fair,1
cohort,1
lasting,1
utterances,1
deliberately,1
requisite,1
enthiilt,1
granted,1
keep,1
persistent,1
contagious,1
loses,1
sponsor,1
inculcating,1
ugolovnoe,1
b,1
supersede,1
ongoing,1
contributions,1
assuming,1
institutionalized,1
pathologies,1
special,1
enacted,1
usurpations,1
empowered,1
ludwig,1
limitation,1
consequences,1
extremes,1
emanate,1
gathering,1
reinterpretation,1
reason,1
category,1
brunswick,1
utterly,1
susceptibility,1
insistence,1
subordinated,1
interdependence,1
postmodern,1
tensions,1
university,1
delegation,1
arac,1
revising,1
contempora,1
physically,1
retained,1
antidote,1
borrowed,1
goldman,1
organized,1
emergence,1
hotly,1
presumably,1
days,1
rabinow,1
elevated,1
buttresses,1
welfare,1
reconstituted,1
christine,1
modalities,1
characterizations,1
tsar,1
insinuate,1
ceded,1
repudiating,1
solid,1
presumed,1
outspoken,1
fashioned,1
hesse,1
powerful,1
unimpeded,1
notions,1
generally,1
spiritual,1
punishable,1
problems,1
exploitation,1
backwardness,1
infractions,1
permanent,1
shifted,1
servitors,1
instill,1
article,1
m,1
burchell,1
opinion,1
collusions,1
management,1
oblique,1
constitution,1
nakazaniiakh,1
denounce,1
disappeared,1
clements,1
unabashed,1
denigrating,1
whereas,1
opening,1
arrived,1
pretending,1
advance,1
root,1
trafficked,1
remembered,1
rivals,1
desiatogo,1
access,1
aftermath,1
sei,1
appearance,1
opposing,1
entered,1
search,1
strength,1
selfcontradiction,1
slavophiles,1
recognize,1
vulnerability,1
demands,1
sight,1
configuration,1
hospitals,1
deciphering,1
captured,1
constantly,1
reactionary,1
negation,1
compromised,1
acquiring,1
unions,1
accurately,1
traversed,1
intervening,1
equally,1
buttressed,1
heirs,1
furthermore,1
codification,1
let,1
edmondson,1
displayed,1
gomoseksualistov,1
antiliberal,1
province,1
zapiska,1
cahiers,1
criminalization,1
persons,1
hailed,1
applied,1
otherwise,1
energy,1
handled,1
bludov,1
democratization,1
presided,1
alluring,1
hypothetical,1
procedures,1
russkoe,1
superimposition,1
triumph,1
quintessentially,1
caprice,1
encroachment,1
possibility,1
retroactive,1
wallach,1
abuse,1
hierarchies,1
almost,1
directly,1
sphere,1
minimal,1
judiciary,1
formerly,1
preconditions,1
rape,1
tool,1
bailes,1
carries,1
dissatisfaction,1
imagined,1
reader,1
prominent,1
stake,1
london,1
purpose,1
denigrated,1
naiman,1
related,1
multiplied,1
modernizers,1
criticized,1
abort,1
reliance,1
inculcation,1
trenchant,1
opined,1
gave,1
fit,1
discussions,1
policies,1
postulated,1
iz,1
bemerkungen,1
demonstrates,1
technological,1
organically,1
criminalgesetzbuchesfiur,1
gosudarstvennyi,1
actually,1
underscored,1
speaking,1
netted,1
rituals,1
et,1
call,1
translated,1
blagowstroistvo,1
proliferation,1
legislation,1
systematic,1
participate,1
monopoly,1
seductive,1
alan,1
iustitsii,1
league,1
visions,1
diverted,1
commissar,1
polity,1
contradictions,1
politischerjustiz,1
externally,1
exemplary,1
creating,1
exerting,1
statutory,1
solution,1
caused,1
working,1
straddled,1
couzens,1
protsessy,1
fostered,1
recast,1
theoretically,1
suggest,1
wished,1
resolving,1
transgressions,1
framed,1
wing,1
le,1
assemble,1
quite,1
stalinist,1
prosecuted,1
anarchy,1
hermeneutics,1
outbreak,1
prized,1
handful,1
openly,1
underscore,1
began,1
relies,1
comporting,1
accomplished,1
multiple,1
concerns,1
replace,1
folk,1
stewardship,1
governments,1
acts,1
certainly,1
peace,1
sharpen,1
tended,1
gradient,1
coloration,1
up,1
scott,1
destine,1
guise,1
majority,1
vnesennyi,1
sobraniia,1
resistance,1
proper,1
appurtenances,1
using,1
und,1
peculiar,1
roots,1
altogether,1
breed,1
socialism,1
displaced,1
criminals,1
perils,1
pervasive,1
propriety,1
evoked,1
invidious,1
dubbing,1
bolstered,1
seemed,1
sbornik,1
beguiled,1
periods,1
defended,1
therefore,1
tasks,1
judicially,1
poland,1
transform,1
communist,1
fapade,1
minor,1
equality,1
condemnation,1
attempts,1
entitled,1
functioning,1
bringing,1
improvised,1
strictures,1
interference,1
ire,1
short,1
discursively,1
die,1
comparative,1
intrusions,1
administer,1
derelictions,1
cloud,1
dressed,1
classic,1
impose,1
eminent,1
relentlessly,1
hubert,1
sheridan,1
object,1
attempt,1
above,1
judgment,1
subterfuge,1
necessary,1
thinkers,1
make,1
comments,1
hold,1
direction,1
positive,1
complicity,1
single,1
biological,1
relationship,1
corpus,1
robin,1
depicted,1
ineffective,1
philadelphia,1
iuber,1
relied,1
push,1
examined,1
intelligentsii,1
makes,1
paradox,1
thought,1
suspicious,1
serve,1
mission,1
evil,1
den,1
restricted,1
formally,1
clash,1
frieden,1
absorbing,1
recruited,1
incitement,1
ancient,1
arguments,1
nonjudicial,1
enshrined,1
light,1
supplied,1
inherited,1
complete,1
liberties,1
iiber,1
baltimore,1
gernet,1
experiment,1
residual,1
ascendance,1
definition,1
nineteenthcentury,1
defendants,1
contempt,1
provocative,1
alien,1
heterosexual,1
retribution,1
she,1
spaten,1
sector,1
picture,1
useful,1
testimony,1
community,1
subjective,1
party,1
preeminence,1
orderliness,1
members,1
resolution,1
precocious,1
neoconservatives,1
french,1
paul,1
suit,1
abrogated,1
challenge,1
oznacheniem,1
stated,1
refurbishment,1
fell,1
death,1
pointed,1
herzen,1
put,1
chaps,1
reviled,1
projects,1
betsy,1
wholeness,1
efforts,1
communal,1
populists,1
shows,1
lack,1
cascaito,1
idea,1
limit,1
hollow,1
remarks,1
professed,1
monarchic,1
engineering,1
agree,1
viii,1
kendall,1
manifested,1
nik,1
break,1
anal,1
justification,1
image,1
withering,1
distrust,1
criminalgesetze,1
identical,1
powerlknowledge,1
entertained,1
external,1
inviolability,1
readers,1
apparatuses,1
organizing,1
psychic,1
lawlessness,1
keys,1
branding,1
trotsky,1
ensured,1
emanated,1
orthodoxy,1
celebrated,1
michael,1
flesh,1
autocrat,1
strategies,1
coexisted,1
crisp,1
blind,1
gender,1
politic,1
agencies,1
minneapolis,1
appropriating,1
uneasily,1
denounces,1
iasnitel,1
pretense,1
chronologically,1
willfulness,1
governance,1
distance,1
style,1
harnessed,1
inject,1
realize,1
thoroughly,1
kritische,1
attacking,1
discourses,1
demonstrated,1
selfish,1
reorganize,1
fundamentally,1
displace,1
technologies,1
conform,1
exploring,1
discussion,1
rulers,1
father,1
disease,1
crudely,1
birth,1
completed,1
accompanying,1
conspirators,1
values,1
pathology,1
contours,1
locate,1
writings,1
incompatibility,1
including,1
previously,1
statei,1
depended,1
judge,1
reside,1
top,1
imbued,1
entirely,1
curtail,1
enduring,1
skeptical,1
expression,1
use,1
extrajudicially,1
largely,1
operated,1
assumption,1
pole,1
oppose,1
podrobnym,1
landmarks,1
feminists,1
morality,1
chubarov,1
sequence,1
inflicted,1
welcher,1
engineers,1
zemstvo,1
discontinuity,1
hour,1
injustices,1
ulozheniia,1
graham,1
heinrich,1
partisan,1
parasitic,1
ubezhdenie,1
ob,1
complicated,1
theories,1
dating,1
continuities,1
finally,1
low,1
significance,1
decriminalizing,1
clear,1
discovered,1
reality,1
directed,1
authors,1
institutionalization,1
assignment,1
se,1
publication,1
disguised,1
modernization,1
raided,1
intruders,1
utter,1
workers,1
eve,1
defense,1
david,1
homes,1
skip,1
pravovoe,1
impelled,1
spread,1
obstructed,1
eines,1
escaped,1
entangling,1
mask,1
evolve,1
stages,1
kept,1
comforts,1
last,1
structuralism,1
offense,1
delegating,1
relevance,1
intrinsic,1
lose,1
morals,1
decide,1
vnesennykh,1
cock,1
favored,1
conclusions,1
somehow,1
inutile,1
commentators,1
incapable,1
study,1
transcendence,1
rechtsgeschichte,1
mare,1
interpretations,1
declare,1
tactics,1
acquire,1
examine,1
attendant,1
comfortably,1
securing,1
theo,1
nazi,1
haven,1
russischen,1
imperfectly,1
ruickstandigkeit,1
intelligentsiia,1
theatrical,1
modifications,1
universality,1
hope,1
attention,1
mobilizes,1
reluctant,1
autocractic,1
september,1
compendium,1
nykh,1
uncontaminated,1
homosexuals,1
carried,1
incongruous,1
arrogated,1
principled,1
periodic,1
regimentation,1
illusory,1
fascism,1
carla,1
backward,1
characteristics,1
violation,1
raise,1
interdependent,1
invokes,1
processed,1
lot,1
quo,1
legalism,1
legalization,1
chance,1
obshchestvennaia,1
usually,1
linda,1
willingly,1
gruppy,1
ministry,1
ordinary,1
primarily,1
complicate,1
nexus,1
inviting,1
insist,1
seen,1
transformed,1
force,1
privileges,1
entwurf,1
intercession,1
effectively,1
recalled,1
philosopher,1
transformation,1
inadequate,1
frames,1
flirtation,1
standpoint,1
testifies,1
successor,1
responsible,1
efficiency,1
fall,1
achieve,1
soulever,1
sheila,1
education,1
deploys,1
enforced,1
muted,1
types,1
centuries,1
citizens,1
psychiatrist,1
event,1
grounded,1
articles,1
mirror,1
reassigned,1
consenting,1
fought,1
door,1
prophylaxis,1
adjudicative,1
matters,1
family,1
gqldman,1
circumscribed,1
acquired,1
abets,1
nebst,1
publicly,1
punished,1
forthcoming,1
proceed,1
unfree,1
judgments,1
material,1
growing,1
exemplified,1
accordance,1
complexity,1
obshchego,1
godu,1
jurists,1
dissemination,1
agents,1
raeff,1
rigidly,1
counterrevolutionary,1
counterrevolution,1
soil,1
theme,1
exposition,1
aspects,1
apprehended,1
md,1
invade,1
symbol,1
disdain,1
set,1
der,1
highly,1
defining,1
berkeley,1
respecting,1
spectacles,1
natural,1
mutually,1
colonization,1
timasheff,1
commonplace,1
country,1
surfaced,1
enlisting,1
interrupted,1
paper,1
recriminalized,1
novel,1
accustomed,1
adjudication,1
counterexample,1
believe,1
attire,1
eribon,1
best,1
disillusionment,1
ahr,1
comfort,1
classed,1
universal,1
regard,1
intrusion,1
wagner,1
loyalty,1
allied,1
inquiry,1
absolutism,1
iii,1
pravo,1
exploiting,1
particularly,1
expresses,1
edicts,1
disperse,1
privileged,1
cautious,1
enforcing,1
uphold,1
benefit,1
proved,1
obshchestvennoe,1
build,1
bestehenden,1
sotsial,1
accepts,1
prinuditel,1
passage,1
ethos,1
living,1
type,1
russe,1
didier,1
germanies,1
procedural,1
ideally,1
better,1
evident,1
turned,1
chauenges,1
einem,1
outlook,1
camps,1
william,1
scholarly,1
exposing,1
retroactively,1
proceedings,1
carefully,1
investigation,1
conservatism,1
selected,1
ones,1
ibid,1
calif,1
quote,1
imposed,1
metaphor,1
attitudes,1
validate,1
delegate,1
sociologist,1
condemn,1
vigorously,1
ceased,1
distancing,1
dream,1
clinics,1
appropriated,1
her,1
utopianism,1
allocate,1
compulsions,1
voice,1
information,1
precedent,1
chaotic,1
apartment,1
resolutely,1
agreed,1
psychology,1
permeated,1
meetings,1
categories,1
signify,1
size,1
unmasked,1
otchet,1
popular,1
burden,1
socioeconomic,1
nj,1
bodies,1
delivery,1
apparatus,1
circumstances,1
worobec,1
pain,1
reported,1
staged,1
postanovlenii,1
taxed,1
sovet,1
emperor,1
revolutions,1
prevalent,1
russische,1
press,1
justices,1
predecessors,1
tried,1
lies,1
returning,1
regulated,1
went,1
rationale,1
legalised,1
substance,1
zemon,1
champions,1
angered,1
appointed,1
smacked,1
disrupted,1
coming,1
invoked,1
neglect,1
jan,1
internalized,1
complaints,1
eric,1
false,1
superseded,1
sanctioned,1
cheka,1
compulsion,1
statute,1
until,1
obliged,1
instructive,1
argues,1
authorized,1
ignored,1
generate,1
cambridge,1
conn,1
ezhenedel,1
initiated,1
functions,1
twentieth,1
foundling,1
zum,1
accept,1
mezhdunarodnogo,1
harm,1
dangerous,1
decriminalized,1
sat,1
documentation,1
actively,1
spasovich,1
fatal,1
land,1
consolidated,1
socially,1
appreciated,1
willing,1
blueprint,1
unified,1
smaller,1
inflection,1
mobilization,1
minn,1
defiance,1
colleagues,1
nep,1
forming,1
lektsii,1
philosophy,1
noe,1
area,1
objections,1
summoned,1
shift,1
burdens,1
osnovanii,1
campaign,1
roughly,1
offered,1
endeavors,1
potential,1
workings,1
slitting,1
passages,1
penetrated,1
distinctions,1
posture,1
certainty,1
desired,1
elites,1
justify,1
succeeded,1
negotiate,1
irrelevant,1
renditions,1
eloquently,1
adopted,1
develop,1
heir,1
focus,1
much,1
strong,1
prison,1
recent,1
famous,1
pairs,1
operational,1
virtue,1
resembled,1
deficiency,1
doing,1
conversations,1
mainstay,1
showed,1
termed,1
marxism,1
fur,1
draft,1
major,1
evidently,1
