WORDCOUNTS,WEIGHT
the,45
of,22
in,17
to,16
feingold,13
and,12
that,11
s,10
i,8
jewish,8
not,8
medoff,8
or,7
he,6
this,6
staub,6
was,6
his,5
for,5
universalist,5
is,5
a,5
perception,5
review,5
it,4
does,4
by,4
my,4
michael,4
book,4
as,4
be,4
henry,4
jews,4
from,3
words,3
editor,3
most,3
if,3
him,3
assessment,3
e,3
view,3
on,3
wise,3
with,3
new,3
erroneously,3
considered,3
american,3
at,2
impact,2
agrees,2
terms,2
must,2
assigned,2
york,2
misguided,2
author,2
either,2
indecisive,2
crisis,2
letters,2
reviews,2
times,2
has,2
their,2
how,2
here,2
an,2
because,2
states,2
persuasive,2
evidence,2
rafael,2
militant,2
april,2
hamper,2
effectiveness,2
they,2
fact,2
movement,2
start,2
state,2
jabotinsky,2
did,2
writings,2
prominent,2
leaders,2
tended,2
end,2
time,2
were,2
newman,2
me,2
during,2
groups,2
university,2
stephen,2
indicate,2
zionism,2
then,2
p,1
purchase,1
replies,1
tell,1
may,1
have,1
secular,1
will,1
its,1
charge,1
erratum,1
but,1
such,1
argues,1
margins,1
adhered,1
both,1
yet,1
aha,1
professor,1
due,1
republic,1
simply,1
case,1
boys,1
whose,1
particular,1
noted,1
dilemma,1
speaking,1
typed,1
publication,1
provide,1
rise,1
flames,1
only,1
forgive,1
discretion,1
concerning,1
published,1
exceed,1
rather,1
unflattering,1
preoccupations,1
green,1
point,1
conclusions,1
slavery,1
college,1
books,1
bergson,1
richard,1
passage,1
disaster,1
wide,1
leader,1
task,1
wrote,1
rabbi,1
more,1
scholar,1
assume,1
statements,1
belongs,1
responsibility,1
agree,1
world,1
america,1
entire,1
sacco,1
issue,1
opinion,1
industrial,1
use,1
another,1
imagine,1
when,1
contrast,1
skewers,1
prevailing,1
puzzled,1
evaluate,1
abolitionism,1
palestinian,1
accidentally,1
phrase,1
asserts,1
primarily,1
correctly,1
bowling,1
catching,1
tendentiously,1
latter,1
around,1
qua,1
what,1
progress,1
indicates,1
overshadowed,1
expressed,1
specific,1
are,1
error,1
solely,1
apologize,1
jimmy,1
transformation,1
made,1
interest,1
thousand,1
able,1
disclaims,1
oval,1
writers,1
article,1
although,1
one,1
quotation,1
remarks,1
organizations,1
career,1
often,1
unless,1
ahr,1
got,1
embarrassment,1
headed,1
editors,1
corruption,1
found,1
problem,1
city,1
nevertheless,1
united,1
right,1
formed,1
calls,1
communications,1
reads,1
duplicate,1
effect,1
unfortunate,1
disagree,1
era,1
composed,1
freeman,1
seven,1
portrayed,1
like,1
fighting,1
deal,1
administration,1
orthodox,1
holocaust,1
walker,1
solutions,1
hundred,1
also,1
articles,1
focuses,1
ascribe,1
communication,1
dispute,1
journal,1
save,1
many,1
vanzetti,1
agudath,1
exactly,1
much,1
own,1
marks,1
need,1
wanted,1
crucible,1
phenomenon,1
challenges,1
congress,1
appropriate,1
special,1
submitted,1
office,1
should,1
newly,1
contradicts,1
propose,1
into,1
better,1
quote,1
am,1
locked,1
mistaken,1
relates,1
suggests,1
which,1
cited,1
named,1
those,1
liberal,1
early,1
actually,1
quoted,1
historian,1
spokespersons,1
