WORDCOUNTS,WEIGHT
the,216
and,188
of,130
to,101
in,88
international,65
a,61
economic,57
that,51
for,41
integration,41
or,37
not,33
politics,33
this,32
it,29
as,28
is,24
was,23
on,23
by,20
political,20
war,20
be,20
european,19
strikwerda,19
with,16
more,16
power,16
other,16
world,16
i,15
their,14
one,14
security,14
from,14
but,14
all,14
europe,14
these,13
military,13
its,13
cooperation,12
which,12
have,12
how,11
they,11
two,11
important,11
nationalism,11
state,11
system,11
historical,11
at,10
relations,10
between,10
than,10
an,10
american,9
only,9
s,9
do,9
were,9
national,9
can,9
even,9
rather,8
nationalist,8
competition,8
had,8
also,8
could,8
economics,8
october,8
would,8
will,7
he,7
if,7
prosperity,7
yet,7
new,7
however,7
failure,7
review,7
period,7
states,7
industrialists,7
various,6
both,6
any,6
nineteenth,6
most,6
origins,6
interests,6
toward,6
over,6
each,6
are,6
leaders,6
great,6
economy,6
has,6
while,6
some,6
need,6
through,6
troubled,6
german,5
no,5
interdependence,5
germany,5
about,5
understand,5
better,5
before,5
too,5
being,5
first,5
way,5
either,5
paul,5
view,5
seems,5
different,5
leading,5
time,5
merely,5
them,5
see,5
trade,5
basis,5
peace,5
including,5
conflict,5
trends,5
change,5
schroeder,5
cooperative,5
competitive,5
early,5
divergent,5
we,5
me,4
without,4
his,4
been,4
success,4
ultimate,4
once,4
ways,4
interpretation,4
support,4
rules,4
ensure,4
history,4
w,4
picture,4
might,4
domestic,4
clearly,4
far,4
real,4
there,4
those,4
less,4
out,4
aspects,4
such,4
possible,4
west,4
point,4
durable,4
trend,4
alliance,4
against,4
general,4
century,4
arena,4
order,4
least,4
especially,4
article,4
und,4
versus,4
strong,4
though,4
major,4
failed,3
does,3
liberalism,3
unification,3
groups,3
prevailing,3
players,3
still,3
diplomatic,3
happened,3
favor,3
policy,3
western,3
into,3
thinking,3
liberal,3
autarky,3
age,3
simply,3
powerful,3
long,3
actually,3
set,3
again,3
others,3
greater,3
words,3
my,3
fact,3
possibilities,3
main,3
did,3
best,3
together,3
argue,3
strength,3
current,3
iron,3
protect,3
whether,3
sound,3
side,3
primary,3
right,3
well,3
protectionism,3
work,3
powers,3
vital,3
must,3
conditions,3
affects,3
collective,3
increasingly,3
like,3
sees,3
argument,3
development,3
mutual,3
course,3
instead,3
integrated,3
learning,3
kind,3
transformation,3
governments,3
become,3
little,3
much,3
may,2
oxford,2
interesting,2
simultaneously,2
second,2
rivalries,2
concerned,2
usually,2
foreign,2
dethroned,2
revival,2
expansion,2
disjunction,2
limited,2
peaceful,2
influential,2
everyone,2
discredited,2
repudiation,2
process,2
means,2
assumptions,2
indicates,2
comments,2
certain,2
represents,2
class,2
structural,2
lay,2
consequences,2
imperialism,2
openness,2
units,2
thought,2
done,2
makes,2
case,2
modern,2
old,2
under,2
realities,2
protection,2
perceived,2
seriously,2
reprise,2
sphere,2
elsewhere,2
gradually,2
comes,2
colonial,2
changing,2
dominated,2
largest,2
steel,2
rise,2
eley,2
carl,2
peoples,2
here,2
russland,2
implications,2
historians,2
mutually,2
guerre,2
promoting,2
worked,2
many,2
conduct,2
principles,2
scientists,2
ahr,2
conservative,2
agree,2
dramatic,2
nuclear,2
requirements,2
take,2
past,2
called,2
failures,2
really,2
respects,2
contest,2
further,2
studies,2
learn,2
same,2
differences,2
game,2
none,2
ventures,2
where,2
what,2
within,2
empire,2
reconcile,2
produced,2
reached,2
ones,2
degree,2
era,2
character,2
add,2
required,2
eastern,2
debate,2
extent,2
colonies,2
public,2
periodization,2
free,2
pursued,2
account,2
almost,2
fundamentally,2
activity,2
middle,2
player,2
example,2
realpolitik,2
italy,2
correctly,2
comment,2
end,2
representing,2
use,2
largely,2
own,2
make,2
issues,2
labor,2
questions,2
central,2
nothing,2
forces,2
actual,2
haven,2
advantages,2
ultimately,2
achieving,2
ties,2
argues,2
open,2
twentieth,2
camps,2
made,2
de,2
author,2
agreement,2
immaturity,2
mode,2
logic,2
wish,2
effectively,2
effects,2
after,2
progressive,2
blackbourn,2
mearsheimer,2
offered,2
correct,2
sectors,2
incompatible,2
alliances,2
find,2
when,2
internationalism,2
develop,2
abandoned,2
traditional,2
assurances,2
so,2
scramble,2
basically,2
broader,2
cold,2
achieve,2
destructive,2
nations,1
derive,1
industries,1
cavour,1
try,1
smaller,1
book,1
enough,1
half,1
threatened,1
f,1
impossibility,1
regional,1
care,1
opposed,1
now,1
suggestion,1
relying,1
requires,1
linke,1
relationship,1
role,1
manipulated,1
business,1
reaffirmation,1
adequate,1
whose,1
pictures,1
opposites,1
essential,1
back,1
minor,1
verdict,1
genuinely,1
played,1
interdependent,1
school,1
sterile,1
fairly,1
continued,1
restoration,1
carried,1
avoiding,1
les,1
lesser,1
sometimes,1
indicated,1
crucial,1
l,1
destroy,1
abolished,1
logically,1
giving,1
factual,1
arising,1
short,1
naturally,1
rights,1
practical,1
overall,1
created,1
suggestive,1
result,1
program,1
europeans,1
preludes,1
market,1
return,1
extreme,1
acknowledged,1
soutou,1
dangers,1
recognizes,1
yugoslavia,1
peacetime,1
bore,1
doubtless,1
myself,1
communism,1
disagreements,1
e,1
who,1
broad,1
politicians,1
reigning,1
alone,1
community,1
above,1
necessary,1
seventeenth,1
nationstates,1
force,1
j,1
granted,1
risk,1
undercut,1
curtain,1
specific,1
similar,1
defect,1
tolerable,1
group,1
movement,1
periodize,1
deals,1
expert,1
averted,1
countries,1
obsolete,1
balanced,1
complex,1
judged,1
imply,1
direction,1
settled,1
drastically,1
intend,1
publics,1
pollyannish,1
returned,1
adversaries,1
gratefully,1
intensely,1
outlooks,1
analysis,1
journal,1
undoubtedly,1
summarized,1
chauvinism,1
united,1
ossa,1
bones,1
unexpected,1
geoff,1
space,1
mindsets,1
education,1
democracy,1
formerly,1
fields,1
forced,1
centuries,1
citizens,1
instances,1
get,1
unipolar,1
shall,1
itself,1
opportunities,1
gunther,1
addition,1
pressures,1
interrelationship,1
experienced,1
switching,1
association,1
programs,1
diplomatie,1
belgium,1
message,1
regularly,1
wanted,1
reshaping,1
resiliency,1
horst,1
venientibus,1
tensions,1
bismarck,1
frankreichs,1
consider,1
socialists,1
possibly,1
dichotomy,1
austria,1
devices,1
position,1
annexations,1
supposing,1
arguments,1
benefits,1
contemplated,1
share,1
intertwined,1
neorealism,1
home,1
den,1
small,1
total,1
eventually,1
fragile,1
just,1
terrible,1
growing,1
ussr,1
ideologies,1
n,1
something,1
lessons,1
sharply,1
intolerable,1
attractiveness,1
nonetheless,1
source,1
governmental,1
switch,1
experiment,1
closely,1
ethnic,1
already,1
enjoyed,1
circumstances,1
provocative,1
ukrainian,1
confirmed,1
show,1
weltkrieg,1
norm,1
challenged,1
additional,1
japanese,1
implied,1
ideas,1
functioned,1
enterprises,1
defeat,1
beneficial,1
us,1
affairs,1
chose,1
generally,1
failing,1
sources,1
inappropriate,1
wrong,1
lead,1
interwoven,1
waltz,1
retrogression,1
favorable,1
creation,1
press,1
disastrous,1
offers,1
reading,1
inconceivable,1
exclusive,1
interested,1
courageous,1
conomiques,1
theory,1
dominant,1
blinders,1
der,1
attempts,1
taken,1
kenneth,1
kriegsallianz,1
asia,1
drawing,1
rapid,1
aim,1
available,1
refusal,1
recognizing,1
safety,1
ask,1
constructive,1
action,1
revolutionary,1
union,1
sure,1
advanced,1
official,1
articles,1
interrupted,1
shares,1
efforts,1
historiography,1
based,1
shows,1
happening,1
global,1
laid,1
wars,1
consideration,1
key,1
seem,1
abandoning,1
gone,1
societies,1
future,1
et,1
broken,1
striking,1
distracted,1
instability,1
broadly,1
entered,1
pressure,1
das,1
reasons,1
convinced,1
britain,1
universal,1
regard,1
sang,1
reform,1
potentially,1
wave,1
pressed,1
rivalry,1
inconsistency,1
exhaustion,1
governed,1
borne,1
government,1
diverse,1
expounded,1
internationalist,1
scheme,1
sustaining,1
criticisms,1
launched,1
radical,1
bromides,1
debates,1
religion,1
proved,1
number,1
coordinating,1
proclaiming,1
considerable,1
subsequent,1
kriegsziele,1
seldom,1
help,1
separately,1
fiercely,1
disputes,1
industrialist,1
remarkably,1
scores,1
reminder,1
premie,1
persistence,1
big,1
last,1
late,1
pushing,1
bonwetsch,1
patterns,1
say,1
counterproductive,1
hand,1
left,1
consciously,1
beginning,1
outlook,1
prime,1
paris,1
irony,1
journalists,1
remarkable,1
destructiveness,1
solely,1
alike,1
mondiale,1
reversion,1
catastrophic,1
unit,1
hostility,1
impact,1
jennings,1
perceiving,1
multilateral,1
armaments,1
reign,1
unique,1
agreements,1
voluntarily,1
execution,1
coercion,1
tragedy,1
repudiate,1
shown,1
british,1
strategies,1
wirtschaftsplanen,1
cause,1
particular,1
explicit,1
proceed,1
forum,1
unhistorical,1
depending,1
layne,1
maintain,1
uneasily,1
forthcoming,1
badly,1
rest,1
perhaps,1
guarantee,1
writes,1
belief,1
portugal,1
ukrainians,1
russians,1
leaving,1
problem,1
weak,1
derailed,1
achievement,1
gives,1
sought,1
bases,1
foundations,1
mass,1
firm,1
randolph,1
realize,1
institute,1
expensive,1
men,1
require,1
secure,1
remained,1
scant,1
produce,1
imperial,1
balance,1
another,1
local,1
having,1
uneven,1
demonstrated,1
participation,1
italian,1
disappearance,1
outcome,1
imprisoned,1
spheres,1
emphasis,1
r,1
determinant,1
lasting,1
greatest,1
sixteenth,1
dissolution,1
makers,1
strand,1
divided,1
buts,1
drawn,1
knew,1
permitted,1
lost,1
place,1
examples,1
solid,1
detract,1
reaction,1
benefited,1
alter,1
prevention,1
interest,1
deliberate,1
chiefly,1
uniting,1
disagree,1
john,1
eighteenth,1
run,1
agent,1
balances,1
represented,1
determined,1
curbed,1
concept,1
recognition,1
taking,1
revive,1
desired,1
rely,1
superpower,1
zarische,1
territorially,1
despite,1
civil,1
resources,1
conception,1
inexorably,1
dethroning,1
sufficiently,1
soviet,1
confirm,1
collided,1
conflictdepends,1
discrediting,1
nation,1
unrestrained,1
marketplace,1
spain,1
contradiction,1
subject,1
prussia,1
economies,1
societal,1
constantly,1
disagreeing,1
therefore,1
probably,1
illusion,1
along,1
prevailed,1
operated,1
assumption,1
during,1
lesson,1
harmony,1
dropping,1
controlled,1
wirtschaftsinteressen,1
realized,1
duisseldorf,1
exploit,1
aside,1
relevance,1
succeed,1
vocal,1
thing,1
striving,1
goals,1
bitter,1
militarism,1
insensibly,1
think,1
mistake,1
goal,1
opt,1
leap,1
friction,1
our,1
reinforced,1
safer,1
statesmen,1
collapse,1
question,1
cataclysmic,1
reinforcing,1
promoted,1
overseas,1
il,1
relationships,1
evidence,1
participate,1
led,1
tarde,1
eventual,1
component,1
instructive,1
peculiarities,1
foes,1
passim,1
mentalities,1
conform,1
plead,1
conn,1
defeated,1
connections,1
since,1
mired,1
diplomacy,1
three,1
objective,1
adapt,1
approach,1
human,1
victory,1
englands,1
washington,1
finally,1
latecomers,1
accept,1
maintenance,1
essay,1
polar,1
good,1
large,1
amicably,1
individual,1
christopher,1
david,1
grown,1
fatal,1
although,1
commerce,1
ethos,1
deterrence,1
realism,1
d,1
spread,1
illorganized,1
fellow,1
summer,1
product,1
him,1
sacrificial,1
militarily,1
things,1
involving,1
france,1
paths,1
changes,1
people,1
le,1
forming,1
transforming,1
precedents,1
turn,1
renewal,1
unity,1
losing,1
dangerous,1
recklessly,1
tedious,1
napoleonic,1
palmerston,1
emerging,1
developments,1
involved,1
latter,1
inextricably,1
life,1
never,1
every,1
why,1
dwell,1
times,1
erste,1
loot,1
aspirations,1
began,1
valued,1
lamb,1
supported,1
members,1
few,1
written,1
exemplifies,1
migration,1
potential,1
munich,1
outcomes,1
deterrent,1
choose,1
multinational,1
bridge,1
appreciate,1
methods,1
assumed,1
root,1
industry,1
concert,1
brought,1
proof,1
difficulty,1
flawed,1
ensuring,1
wholly,1
themselves,1
intolerably,1
startling,1
bernd,1
c,1
compared,1
scholarship,1
shallow,1
single,1
differing,1
disaster,1
impossible,1
sentiments,1
allude,1
germans,1
part,1
structure,1
always,1
futility,1
former,1
postwar,1
successfully,1
up,1
substantial,1
element,1
method,1
metropoles,1
persuaded,1
analogues,1
disagreement,1
restorationist,1
northern,1
re,1
focus,1
wilhelmine,1
details,1
among,1
insists,1
roots,1
portrays,1
recent,1
notes,1
relative,1
joint,1
repudiated,1
should,1
sooner,1
southeastern,1
coal,1
influence,1
la,1
valuable,1
tragic,1
structurally,1
enjoy,1
widely,1
imperialist,1
growth,1
seemed,1
society,1
hypothesis,1
