WORDCOUNTS,WEIGHT
the,319
of,254
and,178
in,141
labor,113
to,74
history,59
a,46
for,44
that,39
as,31
have,31
on,31
this,29
s,28
workers,28
is,27
american,26
latin,25
it,22
by,21
its,21
control,20
world,20
new,19
historical,19
work,19
democratic,17
studies,16
historians,16
politics,16
they,15
social,15
traditional,15
are,14
gender,14
production,13
has,13
working,13
been,12
with,12
or,12
these,12
be,12
their,11
about,11
industrial,11
over,11
issues,11
challenges,11
capitalism,11
than,11
women,10
experience,10
june,10
more,10
capitalist,10
century,10
not,9
from,9
i,9
struggles,9
see,9
america,9
international,9
example,9
york,8
movement,8
class,8
itself,8
europe,8
review,8
struggle,8
issue,8
can,8
community,7
study,7
analysis,7
n,7
but,7
which,7
what,7
cambridge,7
states,7
charles,7
progress,7
much,7
recent,7
bergquist,6
today,6
developed,6
liberal,6
most,6
human,6
far,6
contemporary,6
free,6
u,6
both,6
development,6
field,6
an,6
perspective,6
c,6
marxist,6
story,6
versus,6
united,6
at,5
may,5
european,5
will,5
perspectives,5
no,5
his,5
hill,5
one,5
into,5
idea,5
do,5
economy,5
them,5
however,5
some,5
us,5
questions,5
our,5
question,5
sense,5
economic,5
chapel,5
we,5
postmodernism,5
whose,4
williams,4
process,4
e,4
discourse,4
often,4
globalism,4
ways,4
modern,4
university,4
western,4
coerced,4
political,4
two,4
first,4
long,4
eds,4
all,4
other,4
societies,4
scott,4
brazil,4
worker,4
past,4
thompson,4
rural,4
late,4
war,4
slavery,4
making,4
promise,4
theory,4
primary,4
assumptions,4
twentieth,4
theoretical,4
trade,4
socialist,4
clues,4
unity,4
socialism,4
between,4
research,4
era,4
also,4
productivity,4
focus,4
society,4
now,3
costa,3
he,3
racism,3
l,3
soviet,3
across,3
how,3
comparative,3
decades,3
others,3
kind,3
notion,3
bias,3
force,3
center,3
competitiveness,3
fall,3
productive,3
imperialism,3
english,3
under,3
postmodern,3
place,3
organization,3
was,3
informal,3
americanists,3
argued,3
incorporated,3
different,3
origins,3
lead,3
implications,3
truer,3
capitalists,3
union,3
many,3
greater,3
j,3
had,3
definition,3
fact,3
braverman,3
peasant,3
best,3
half,3
great,3
p,3
out,3
expansion,3
men,3
hand,3
scholarship,3
cultural,3
within,3
less,3
british,3
case,3
core,3
public,3
narratives,3
influenced,3
percent,3
demonstrated,3
urban,3
mobilization,3
capital,3
ideologically,3
role,3
subject,3
resistance,3
found,3
manufacturing,3
people,3
eric,3
nash,3
conn,3
reality,3
logic,3
consumption,3
david,3
mines,3
need,3
so,3
revolution,3
defined,3
viotti,3
family,3
especially,3
master,3
da,3
generally,3
even,3
among,3
here,3
barbara,2
south,2
does,2
third,2
tasks,2
opposites,2
flow,2
historically,2
way,2
provide,2
movements,2
growth,2
vision,2
synthesis,2
scholar,2
americanist,2
truth,2
imperatives,2
market,2
fair,2
male,2
binary,2
still,2
harry,2
seemingly,2
distributed,2
lawrence,2
yet,2
transformation,2
importance,2
countries,2
terms,2
articles,2
michael,2
fields,2
ebb,2
proletarianization,2
paradox,2
stories,2
better,2
calif,2
publications,2
palmer,2
organized,2
peasants,2
ahr,2
decenter,2
consciousness,2
culture,2
historian,2
growing,2
nineteenth,2
princeton,2
paulo,2
embedded,2
known,2
party,2
wage,2
name,2
majority,2
press,2
french,2
interests,2
challenge,2
ii,2
power,2
factory,2
export,2
links,2
might,2
each,2
nature,2
analytical,2
my,2
shows,2
outside,2
global,2
homestead,2
scientists,2
did,2
could,2
universal,2
environmental,2
time,2
atlantic,2
john,2
reveal,2
end,2
clearly,2
legacy,2
eat,2
possibility,2
function,2
prove,2
following,2
concepts,2
joan,2
same,2
remarkable,2
focused,2
where,2
literature,2
tools,2
system,2
degradation,2
otherwise,2
minneapolis,2
forthcoming,2
explain,2
debate,2
colonies,2
marxists,2
james,2
wallach,2
well,2
property,2
participation,2
emphasis,2
private,2
understanding,2
used,2
categories,2
solely,2
bibliography,2
accompanying,2
eighteenth,2
obvious,2
claim,2
concept,2
g,2
formal,2
point,2
theories,2
through,2
quantity,2
transition,2
economies,2
investment,2
confessions,2
smallholder,2
largely,2
problems,2
emphasizing,2
virtually,2
make,2
collective,2
oppressed,2
ideas,2
goals,2
including,2
structures,2
ethnic,2
thus,2
continue,2
documented,2
were,2
full,2
sao,2
haven,2
understandings,2
chile,2
profession,2
described,2
health,2
such,2
own,2
meanings,2
since,2
realized,2
t,2
language,2
crisis,2
instead,2
viable,2
caribbean,2
d,2
protest,2
integration,2
marxism,2
philosophy,2
turn,2
day,2
contributions,2
forms,2
reproductive,2
specific,2
state,2
potential,2
although,2
industry,2
constructing,2
goodwyn,2
define,2
conceptual,2
like,2
always,2
early,2
reproduction,2
up,2
mobility,2
deeply,2
beings,2
evidence,2
marx,2
regimes,2
recast,1
distribution,1
depoliticized,1
cite,1
renounce,1
enough,1
democracy,1
failed,1
battle,1
sweeping,1
lenin,1
deconstructs,1
liberalism,1
led,1
innovative,1
faue,1
high,1
rare,1
informs,1
leisure,1
o,1
fundamental,1
georg,1
revisionist,1
constructed,1
deny,1
essential,1
perry,1
willcox,1
revise,1
explains,1
descent,1
influential,1
matter,1
africa,1
mexico,1
equals,1
elimination,1
costs,1
generalization,1
underprivileged,1
coterminous,1
science,1
keeps,1
contingent,1
spalding,1
crucial,1
skilled,1
action,1
foreign,1
france,1
subverted,1
investing,1
underdeveloped,1
subdivides,1
distorted,1
pittsburgh,1
highlands,1
practical,1
activists,1
h,1
deter,1
multinational,1
edward,1
illustration,1
concern,1
nicaragua,1
basic,1
grim,1
schemes,1
historicism,1
qual,1
classic,1
populist,1
emilia,1
worthy,1
exception,1
slow,1
extent,1
mean,1
dimensions,1
who,1
success,1
religious,1
taussig,1
tin,1
vexingproblems,1
hobart,1
bloc,1
contrary,1
july,1
progressively,1
suffering,1
recognizing,1
bears,1
capacity,1
stands,1
deprived,1
utility,1
began,1
mainstream,1
notably,1
effectively,1
lives,1
abating,1
florencia,1
informational,1
typescripts,1
likewise,1
group,1
renewal,1
large,1
discover,1
induce,1
engendering,1
eurocentric,1
judged,1
conflicts,1
disintegration,1
life,1
miami,1
parker,1
authoritarian,1
satisfaction,1
responsible,1
confuse,1
seidman,1
chaps,1
form,1
parochialism,1
pioneered,1
capitalismr,1
confronting,1
guide,1
consequences,1
cheap,1
obscures,1
peronism,1
philadelphia,1
moreover,1
provides,1
addressing,1
guides,1
replete,1
enjoy,1
support,1
centuries,1
when,1
thomas,1
cuba,1
coalition,1
concerns,1
face,1
relations,1
addition,1
jonathan,1
democratize,1
easily,1
mirror,1
elements,1
emulation,1
material,1
interpretive,1
programs,1
serve,1
notwithstanding,1
mccreery,1
reification,1
groups,1
hegemonic,1
creates,1
technology,1
flows,1
inspiration,1
inextricably,1
allow,1
challenged,1
revitalizing,1
basis,1
index,1
seems,1
arguments,1
compiled,1
benefits,1
specialization,1
turns,1
magnitude,1
workplace,1
then,1
preindustrial,1
alejandro,1
any,1
instance,1
before,1
equity,1
castells,1
producers,1
regime,1
fashioning,1
alabama,1
welfare,1
probed,1
usefulness,1
house,1
preoccupation,1
contest,1
weinstein,1
planet,1
phenomenal,1
terrifying,1
democratization,1
pay,1
keck,1
age,1
reconceptualizing,1
four,1
gay,1
establish,1
forge,1
relativist,1
montgomery,1
steel,1
nonagricultural,1
predicated,1
ever,1
being,1
speaking,1
regional,1
voluminous,1
powerful,1
only,1
labour,1
follow,1
thinking,1
krause,1
portes,1
either,1
decidedly,1
beyond,1
peru,1
disciplinary,1
present,1
sonia,1
declining,1
regardless,1
defines,1
lafeber,1
enclaves,1
ralph,1
wrong,1
stalinist,1
writing,1
perhaps,1
corporations,1
md,1
gain,1
exploitation,1
posed,1
organizational,1
paul,1
colonialism,1
jeffrey,1
entailed,1
dichotomies,1
syntheses,1
brown,1
principles,1
important,1
depends,1
trend,1
providing,1
selfish,1
berkeley,1
fragmentation,1
timely,1
cut,1
reinhardt,1
appear,1
revealing,1
mutually,1
current,1
contextual,1
ask,1
corporate,1
articulate,1
alvarez,1
towns,1
reflections,1
emerged,1
tendencies,1
experienced,1
advanced,1
paradigm,1
simplest,1
knowing,1
experiments,1
moving,1
standards,1
minorities,1
dehumanizing,1
arguing,1
carroll,1
precepts,1
based,1
company,1
possibilities,1
grasped,1
contained,1
aspired,1
least,1
unfolding,1
projected,1
scholars,1
agrarian,1
down,1
unorganized,1
revised,1
interconnectedness,1
industrializing,1
daily,1
inherent,1
mineral,1
demise,1
democracia,1
areas,1
simple,1
traditionally,1
match,1
moody,1
surprisingly,1
access,1
consent,1
domestic,1
returns,1
timing,1
against,1
effort,1
children,1
fruits,1
ideology,1
economics,1
deal,1
mixed,1
able,1
bolivian,1
aegis,1
diverse,1
denying,1
obviously,1
destined,1
onto,1
privileged,1
gutman,1
radical,1
debates,1
rightly,1
historicizing,1
bound,1
keyssar,1
take,1
claimed,1
cities,1
emerge,1
white,1
find,1
arguably,1
unskilled,1
there,1
resisted,1
almost,1
discussed,1
philosophical,1
called,1
just,1
remarkably,1
term,1
devil,1
persistence,1
advances,1
patterns,1
turned,1
density,1
unions,1
handbook,1
beginning,1
right,1
everyday,1
those,1
activism,1
william,1
brody,1
privatization,1
informed,1
though,1
venezuela,1
complicated,1
scholarly,1
showered,1
application,1
alike,1
nicolas,1
pressure,1
signs,1
road,1
job,1
exposing,1
impel,1
buenaventura,1
posits,1
march,1
daniel,1
chary,1
intersection,1
context,1
rethinking,1
papers,1
appears,1
steelworks,1
similarities,1
recently,1
weavers,1
celebrated,1
reached,1
unemployment,1
colombia,1
appreciation,1
ill,1
nola,1
sciences,1
baltimore,1
globe,1
practice,1
forum,1
placed,1
ed,1
alliances,1
focusing,1
agricultural,1
rich,1
unmediated,1
normative,1
laboring,1
dependency,1
resistence,1
executing,1
part,1
eastern,1
weffort,1
alice,1
books,1
starkly,1
ilwch,1
likes,1
weak,1
structure,1
stanford,1
periodization,1
mallon,1
expressions,1
patriarchal,1
mediating,1
agriculture,1
realize,1
because,1
bureaucratic,1
marginalizing,1
camarada,1
west,1
divide,1
overemphasized,1
failure,1
produce,1
yield,1
classical,1
dichotomous,1
burawoy,1
directly,1
tilly,1
fetishism,1
fundamentally,1
outcome,1
spheres,1
capable,1
emanating,1
unequal,1
interrelated,1
pervade,1
lauren,1
revealed,1
contain,1
conditions,1
refers,1
illustrate,1
gains,1
colombian,1
drive,1
popular,1
invested,1
establishing,1
pursue,1
easier,1
phenomena,1
made,1
reid,1
commitment,1
chinandega,1
farming,1
carry,1
postmodernists,1
locus,1
decisions,1
helps,1
painlessly,1
future,1
unless,1
region,1
significantly,1
benton,1
say,1
inefficiencies,1
reflecting,1
generated,1
very,1
despite,1
census,1
threatens,1
proved,1
awesome,1
knowledge,1
calls,1
harold,1
bottom,1
clearer,1
develop,1
california,1
immobility,1
attitudes,1
unleash,1
supreme,1
meaningful,1
himself,1
expand,1
commonly,1
populism,1
elizabeth,1
interest,1
lies,1
data,1
went,1
denies,1
enduring,1
loss,1
whole,1
sketched,1
conventional,1
linking,1
gave,1
commodities,1
contribute,1
assumption,1
remains,1
explosive,1
ranks,1
broad,1
inherently,1
specialized,1
revelations,1
jo,1
optimism,1
exist,1
fine,1
bogota,1
specifically,1
conflict,1
central,1
call,1
anomaly,1
forces,1
come,1
ethnocentric,1
purposeful,1
away,1
collapse,1
regions,1
empathized,1
rise,1
reinforcing,1
employed,1
que,1
students,1
nevertheless,1
participate,1
spring,1
y,1
sympathetic,1
explained,1
modernization,1
monopoly,1
argument,1
travail,1
futile,1
reveals,1
quality,1
significance,1
indeed,1
patriarchy,1
clear,1
covert,1
discordant,1
margaret,1
advent,1
initial,1
mari,1
dominated,1
policy,1
humanity,1
analyzing,1
argentina,1
andrews,1
aspects,1
recasting,1
shatters,1
authors,1
abc,1
national,1
write,1
washington,1
finally,1
substituting,1
subverts,1
aware,1
bibliographies,1
essay,1
peter,1
motives,1
eliminated,1
typescript,1
characteristic,1
subtitle,1
responses,1
try,1
corrective,1
course,1
offer,1
moment,1
slaveowner,1
individual,1
construct,1
gendered,1
raises,1
accepted,1
include,1
defensive,1
divisions,1
virtue,1
exploitative,1
hard,1
andes,1
sustainable,1
interventionist,1
sweep,1
jr,1
cold,1
lowest,1
solow,1
insoluble,1
hardly,1
ability,1
undermines,1
distort,1
stage,1
tested,1
m,1
trading,1
centrality,1
defect,1
doing,1
politically,1
bryan,1
colleagues,1
order,1
le,1
exercise,1
intact,1
information,1
households,1
progressive,1
sewell,1
synthesized,1
emphasizes,1
dekalb,1
things,1
ithaca,1
measure,1
consequence,1
transcend,1
extremely,1
lose,1
defense,1
associated,1
francisco,1
association,1
involved,1
old,1
amended,1
encompasses,1
exchange,1
hemisphere,1
roughly,1
small,1
interim,1
artificial,1
brien,1
visions,1
mind,1
artisans,1
refer,1
conceptualizing,1
privileging,1
propelled,1
engerman,1
bread,1
body,1
autobiographical,1
components,1
davis,1
inspired,1
mining,1
response,1
textbooks,1
distinctions,1
slave,1
toews,1
extraordinary,1
meaning,1
dramatic,1
buhle,1
fate,1
themselves,1
massachusetts,1
convey,1
played,1
argentine,1
yarur,1
left,1
cohen,1
weapons,1
commodity,1
emmanuel,1
chicago,1
anderson,1
effect,1
methodological,1
seattle,1
division,1
unionization,1
networks,1
westbrook,1
classes,1
marvelous,1
orthodox,1
london,1
exclusively,1
would,1
blurs,1
approach,1
essays,1
unlimited,1
arghiri,1
divergent,1
journal,1
liberalization,1
gould,1
oppressors,1
propertyless,1
industrialization,1
articulating,1
relative,1
florida,1
winn,1
chauvinism,1
proletariat,1
prizes,1
understood,1
asked,1
generation,1
rethink,1
built,1
shifted,1
attention,1
influence,1
iggers,1
lizabeth,1
infinite,1
works,1
actions,1
stanley,1
rates,1
convincingly,1
gays,1
geographical,1
activities,1
legitimize,1
customarily,1
seem,1
herbert,1
too,1
confluence,1
manuel,1
