WORDCOUNTS,WEIGHT
the,612
of,383
and,295
in,239
to,169
a,132
scottish,105
scotland,66
on,65
scots,64
that,63
for,59
as,58
british,54
new,53
american,49
america,49
was,49
empire,38
their,36
see,36
those,32
c,32
s,31
by,31
were,31
at,29
with,29
which,27
an,26
union,25
early,24
within,23
emigration,23
york,23
it,22
first,22
during,22
from,22
landsman,21
migration,20
more,20
would,20
edinburgh,20
colonial,20
have,20
they,19
english,19
some,19
imperial,19
been,19
than,18
most,18
provincial,18
nation,18
world,18
especially,18
political,17
who,17
had,16
merchants,16
century,16
has,16
is,16
among,16
one,15
there,15
such,15
may,15
colonies,15
or,15
also,15
not,15
historical,15
be,15
history,14
before,14
other,14
well,14
april,14
but,14
many,14
seventeenth,14
ned,14
groups,13
review,13
n,13
province,13
presbyterian,13
ed,13
americas,13
men,12
communities,12
james,12
colony,12
often,12
national,12
north,12
into,11
atlantic,11
even,11
involvement,11
abroad,11
john,11
trade,11
european,11
economy,11
prominent,10
same,10
time,10
eighteenth,10
when,10
william,10
both,10
much,10
group,9
witherspoon,9
t,9
england,9
across,9
population,9
overseas,9
ethnicity,9
boundaries,9
settlers,9
britain,9
did,9
works,9
j,8
east,8
dutch,8
west,8
church,8
ireland,8
rather,8
his,8
smout,8
r,8
its,8
london,8
society,8
eds,8
period,8
after,8
what,8
commercial,8
makemie,7
europe,7
david,7
y,7
important,7
trading,7
about,7
fact,7
britons,7
less,7
connections,7
elite,7
identity,7
migrants,7
nationality,7
centuries,7
over,7
chesapeake,7
places,7
bailyn,7
countrymen,7
between,7
bernard,6
settlements,6
modern,6
princeton,6
long,6
all,6
medical,6
far,6
philadelphia,6
no,6
jersey,6
m,6
could,6
literature,6
officials,6
settlement,6
glasgow,6
educated,6
where,6
including,6
began,6
ethnic,6
traders,6
enlightenment,6
chapel,6
hill,6
canada,6
colonization,6
are,6
them,6
canny,6
years,6
tobacco,6
themselves,6
western,5
physicians,5
certainly,5
vols,5
ulster,5
hundred,5
principal,5
involvements,5
represented,5
b,5
settled,5
provinces,5
university,5
established,5
beyond,5
greater,5
late,5
participation,5
people,5
rise,5
poland,5
lowland,5
culture,5
only,5
others,5
pattern,5
francis,5
netherlands,5
movements,5
any,5
natural,5
common,4
e,4
essays,4
authority,4
denmark,4
studies,4
decade,4
experience,4
clergymen,4
attempt,4
worked,4
farmers,4
voyagers,4
state,4
robert,4
historians,4
greene,4
richard,4
establishment,4
influx,4
since,4
ability,4
distinct,4
nor,4
whose,4
darien,4
clergy,4
numbers,4
provincials,4
whom,4
kennedy,4
found,4
p,4
wealth,4
networks,4
because,4
work,4
part,4
this,4
commerce,4
few,4
provided,4
he,4
various,4
above,4
everywhere,4
study,4
movement,4
chap,4
emigrants,4
under,4
home,4
volume,4
toward,4
larger,4
establish,4
perhaps,4
another,4
local,4
robertson,4
active,4
region,4
low,4
moral,4
doctors,4
eve,4
cadwallader,4
can,4
note,4
institutions,4
independence,4
countries,4
education,4
small,4
then,4
rotterdam,4
sweden,4
country,4
alexander,4
very,4
devine,4
while,4
virginia,4
through,4
role,4
maintained,4
frontiers,4
d,4
canadian,4
france,4
philosophy,4
ser,4
abercromby,4
substantial,4
recent,4
nicholas,3
now,3
way,3
sher,3
expand,3
emerson,3
colden,3
continent,3
ambitious,3
arrived,3
something,3
women,3
riis,3
episcopal,3
liberty,3
brock,3
company,3
great,3
government,3
religion,3
emphasized,3
growing,3
forum,3
sought,3
jack,3
soldier,3
politics,3
sixteenth,3
move,3
sent,3
surplus,3
throughout,3
campbell,3
development,3
against,3
g,3
plantation,3
simpson,3
library,3
americans,3
links,3
generations,3
h,3
how,3
similar,3
importance,3
persons,3
moreover,3
thought,3
category,3
histoty,3
mary,3
origins,3
trained,3
promote,3
closely,3
came,3
portable,3
medicine,3
begun,3
effort,3
out,3
cultural,3
war,3
skilled,3
acquaintance,3
highlanders,3
example,3
partly,3
own,3
attributed,3
good,3
sense,3
spotswood,3
revolution,3
concerns,3
presence,3
generally,3
nations,3
variety,3
indeed,3
overall,3
nearly,3
elusive,3
community,3
still,3
experiences,3
oxford,3
emerged,3
opportunities,3
neither,3
smith,3
lord,3
baltimore,3
two,3
social,3
routes,3
scot,3
demographic,3
classical,3
diverse,3
present,3
manner,3
metropolitan,3
remained,3
extended,3
range,3
forgot,3
ideas,3
individuals,3
described,3
scandinavia,3
essay,3
like,3
educational,3
become,3
influences,3
tradesmen,3
january,3
probably,3
relative,3
quarterly,3
governor,3
brown,3
insh,3
circle,3
karras,3
traveled,3
life,3
united,3
citizens,3
itself,3
intellectual,3
different,3
capital,3
prominence,3
identities,3
armitage,3
making,3
evangelical,3
almost,3
travel,3
conference,3
attached,3
went,3
families,3
until,3
course,3
land,3
hunter,3
peripheries,3
specific,3
develop,3
colley,3
close,3
evidently,3
frequent,2
rate,2
suin,2
along,2
estimated,2
later,2
britishness,2
extend,2
expedition,2
college,2
becoming,2
center,2
large,2
judged,2
veere,2
stone,2
ways,2
douglass,2
ms,2
collection,2
episcopalian,2
predominantly,2
consistent,2
sources,2
modest,2
interests,2
military,2
might,2
promoting,2
words,2
sojourners,2
richards,2
bieganska,2
preaching,2
histo,2
i,2
congregation,2
case,2
side,2
existence,2
forthcoming,2
right,2
emigrant,2
sheridan,2
retain,2
magazine,2
point,2
cited,2
letter,2
thus,2
natuire,2
roger,2
author,2
interest,2
jr,2
extensively,2
kind,2
adam,2
subjects,2
highest,2
ithaca,2
wholly,2
compared,2
left,2
clergyman,2
find,2
colonials,2
mather,2
storekeepers,2
linton,2
fischer,2
german,2
middling,2
l,2
principally,2
migrate,2
process,2
permanent,2
opportunity,2
earlier,2
derived,2
mercer,2
factors,2
insistence,2
metropolis,2
locally,2
emergence,2
just,2
anid,2
w,2
age,2
position,2
instance,2
willing,2
helped,2
necessarily,2
view,2
upsurge,2
opening,2
uses,2
result,2
lead,2
societies,2
mercenaries,2
strength,2
archibald,2
seven,2
lived,2
deal,2
primacy,2
carolina,2
term,2
congregations,2
companies,2
sovereignty,2
otherwise,2
record,2
network,2
basis,2
concept,2
tens,2
esp,2
related,2
irish,2
policies,2
expansive,2
forces,2
employed,2
status,2
famine,2
transatlantic,2
mclachlan,2
concentrates,2
below,2
order,2
phrase,2
claim,2
mitchell,2
june,2
notorious,2
portions,2
always,2
creation,2
majority,2
aggressively,2
smitten,2
became,2
led,2
likely,2
ventured,2
letters,2
contingent,2
populations,2
short,2
wrote,2
service,2
located,2
expansion,2
limited,2
schemes,2
albany,2
exception,2
unprecedented,2
literati,2
seemingly,2
religious,2
direction,2
yet,2
counterparts,2
informal,2
indian,2
emigrate,2
noted,2
increasingly,2
cage,2
members,2
french,2
law,2
power,2
approaching,2
chaps,2
efforts,2
forming,2
carter,2
areas,2
striking,2
indies,2
plan,2
unionists,2
end,2
substantially,2
venture,2
considerable,2
man,2
minister,2
forms,2
took,2
do,2
continuing,2
developing,2
michael,2
impoverished,2
distance,2
minded,2
understanding,2
discussion,2
churches,2
background,2
alliance,2
contacts,2
net,2
rare,2
aspinwall,2
nothing,2
office,2
clear,2
three,2
peter,2
general,2
times,2
caribbean,2
so,2
fellow,2
high,2
housed,2
standard,2
thomas,2
never,2
presbyterians,2
displayed,2
artisans,2
travelers,2
northern,2
attracted,2
haven,2
widely,2
swedes,2
george,2
inhabitants,2
five,2
vision,2
leiden,2
lawrence,2
rapidly,2
articles,2
surprising,2
arriving,2
backcountry,2
regularly,2
wars,2
authorities,2
proprietors,2
following,2
colonists,2
mercantile,2
extensive,2
md,2
pt,2
continental,2
paper,2
organized,2
gone,2
bumsted,2
skinner,2
cities,2
legacy,2
past,2
elites,2
particular,2
problem,2
fully,2
hont,2
periphery,2
thousands,2
middle,2
boston,2
city,2
prevalent,2
representation,2
ensuing,2
varied,2
question,2
peddlers,2
motives,2
resembled,2
evidence,2
states,2
regular,2
attempted,2
ranged,2
thousand,2
gordon,2
debate,2
pratt,2
little,2
traditional,2
famous,2
built,2
countryside,1
miller,1
difficult,1
go,1
margins,1
basing,1
possessed,1
currently,1
mostly,1
flow,1
polish,1
residing,1
conflicting,1
stuart,1
if,1
meaning,1
embarked,1
suggested,1
created,1
britishl,1
migrated,1
emigres,1
affected,1
eursope,1
revolutionary,1
nationalities,1
measures,1
alone,1
adoption,1
considerably,1
utility,1
sphere,1
sympathetic,1
prediction,1
complex,1
kinds,1
jews,1
scandal,1
confidence,1
marianne,1
ma,1
pastor,1
newark,1
formed,1
asserted,1
motivation,1
strictly,1
approaches,1
centrifugal,1
pressing,1
easily,1
hindle,1
weaker,1
policy,1
undertaken,1
ian,1
mainland,1
occurred,1
amply,1
remedy,1
fashioning,1
nineteenth,1
jotrnal,1
connotations,1
contest,1
territorial,1
lure,1
permitted,1
turning,1
northward,1
scotuts,1
highlight,1
peaked,1
lower,1
being,1
inhibited,1
sponsoring,1
perusal,1
ranked,1
integrationz,1
every,1
swedish,1
gothenburg,1
durkan,1
utopia,1
cultltral,1
restoration,1
address,1
action,1
kent,1
fragmentary,1
freely,1
calvinism,1
seems,1
nature,1
gary,1
dramatically,1
reach,1
principles,1
affiliating,1
merwick,1
down,1
quiarterly,1
borders,1
highland,1
disproportionate,1
predated,1
spokesman,1
peopling,1
rich,1
narrative,1
parishioners,1
able,1
hackett,1
closer,1
bonomi,1
take,1
nationalism,1
unto,1
subsequent,1
help,1
toleration,1
exiles,1
greatly,1
precisely,1
sutrvey,1
henry,1
raised,1
alike,1
outstripped,1
surveys,1
visibility,1
racial,1
papers,1
livingston,1
posts,1
partners,1
issue,1
moogk,1
occasional,1
depending,1
corresponded,1
dearth,1
jane,1
nighly,1
eastern,1
owing,1
captures,1
eliga,1
u,1
firm,1
ventures,1
dynanzics,1
account,1
soturces,1
howard,1
possible,1
klepp,1
scotlanzd,1
securely,1
chartered,1
explorers,1
renowned,1
alter,1
october,1
pronouncements,1
rubin,1
transcend,1
except,1
extends,1
carved,1
arrested,1
souirces,1
quantity,1
apply,1
centrally,1
undoubtedly,1
himself,1
melting,1
repltationz,1
tied,1
behavior,1
diversity,1
framework,1
wherever,1
shoutld,1
succeed,1
labor,1
repeatedly,1
piedmont,1
conflict,1
natives,1
possessing,1
million,1
enteiprise,1
andrew,1
lover,1
nash,1
sixteeenth,1
reverse,1
difficulties,1
inevitable,1
faced,1
backgrounds,1
illustrates,1
enlightmen,1
pursuit,1
helen,1
unpublished,1
neighbors,1
reflection,1
relations,1
lustig,1
price,1
participating,1
application,1
aberdeen,1
alison,1
unfamiliar,1
rooted,1
topic,1
ferguson,1
taste,1
unity,1
old,1
flourishing,1
clark,1
channeled,1
evident,1
perspective,1
behaving,1
back,1
plublications,1
disproportionately,1
contrary,1
body,1
serving,1
slave,1
syracuse,1
africans,1
young,1
presbyteries,1
served,1
moving,1
cohen,1
third,1
single,1
ecclesiastical,1
jacob,1
folkways,1
alliances,1
undertaking,1
brigade,1
journal,1
look,1
spite,1
retained,1
apparently,1
paisley,1
sun,1
illlustrating,1
traits,1
delivered,1
hardly,1
generation,1
handful,1
influence,1
rates,1
paralleling,1
incidental,1
shotuld,1
glen,1
book,1
higher,1
failed,1
presbyterianism,1
rights,1
cameron,1
interesting,1
slowed,1
shipping,1
anmerica,1
license,1
monopolies,1
without,1
identification,1
operations,1
act,1
traverse,1
purely,1
mattered,1
encompassed,1
highlands,1
developed,1
proceedings,1
edward,1
aggressive,1
anglican,1
organizing,1
unit,1
fair,1
capture,1
responded,1
mean,1
determining,1
titled,1
granted,1
proportion,1
persistent,1
legal,1
certain,1
direct,1
dissenting,1
parts,1
benjamin,1
special,1
leaves,1
illustrations,1
schoolinzg,1
quakersponsored,1
support,1
editing,1
prosecuttion,1
lives,1
immigrant,1
devotes,1
consider,1
dichotomy,1
scale,1
benefits,1
image,1
descent,1
literary,1
india,1
linked,1
sum,1
elsewhere,1
gradually,1
bruce,1
contemporaries,1
argued,1
ceded,1
inspiration,1
upper,1
cuiltlre,1
ministers,1
hoffecker,1
bridges,1
additional,1
traversal,1
calvinist,1
cotton,1
represent,1
reconsideration,1
roeber,1
export,1
strategy,1
adapting,1
decades,1
drawing,1
cut,1
appear,1
friends,1
matching,1
reform,1
overpopulation,1
character,1
standards,1
landowners,1
arrival,1
fortunes,1
histories,1
called,1
access,1
six,1
carol,1
centers,1
changed,1
configuration,1
liberties,1
initial,1
philosophical,1
atuld,1
collectively,1
markets,1
intellectutal,1
embedded,1
further,1
merchanlts,1
guise,1
equally,1
traced,1
understood,1
informed,1
equal,1
nationzs,1
hagiographers,1
gouldesbrough,1
appears,1
scotsmen,1
recently,1
produced,1
boyd,1
increzasingly,1
hailed,1
priorities,1
applied,1
excellent,1
appearing,1
educations,1
spiritual,1
prulssia,1
taught,1
fledgling,1
aspects,1
numerous,1
centutry,1
having,1
designation,1
trial,1
julia,1
pursutit,1
flourish,1
internationalism,1
reid,1
auild,1
del,1
lords,1
future,1
brought,1
heavily,1
attacked,1
advancement,1
altld,1
training,1
norm,1
calls,1
edn,1
homeland,1
gender,1
odense,1
fluctuations,1
laboutr,1
securing,1
year,1
realm,1
gave,1
older,1
place,1
broad,1
grage,1
friend,1
thereafter,1
dzttch,1
proliferation,1
douglas,1
sojourner,1
compact,1
project,1
deeply,1
alan,1
president,1
clearance,1
f,1
olson,1
staple,1
inmprisonment,1
solution,1
least,1
peopled,1
viable,1
describing,1
level,1
working,1
field,1
shaping,1
involve,1
next,1
applicability,1
ministries,1
quite,1
midst,1
emerging,1
repeated,1
involved,1
around,1
palatines,1
affluent,1
several,1
spanish,1
parliamentary,1
propelled,1
grow,1
acts,1
research,1
niches,1
convey,1
philip,1
simm,1
parliament,1
managed,1
struck,1
articulation,1
seed,1
universities,1
sollors,1
reverend,1
describes,1
estates,1
correspondence,1
gould,1
altogether,1
pot,1
inhabiting,1
moved,1
massive,1
activities,1
tuden,1
commensurate,1
americanuts,1
south,1
will,1
integrating,1
converge,1
happen,1
therefore,1
schlenther,1
highlights,1
makenmie,1
situation,1
critics,1
reduced,1
stronger,1
minor,1
absence,1
contact,1
rested,1
contended,1
economic,1
overlapped,1
garrison,1
comparative,1
dickson,1
sermon,1
return,1
brief,1
cullen,1
prevailing,1
july,1
expanded,1
indicates,1
sending,1
blending,1
cultutre,1
underwritten,1
southern,1
quaker,1
legitimized,1
gilbert,1
trickle,1
simultaneous,1
competition,1
edited,1
reference,1
colleges,1
slurvey,1
quebec,1
push,1
treaty,1
security,1
lloyd,1
worshipers,1
makes,1
town,1
alongside,1
serve,1
continuity,1
morgan,1
mobile,1
restricted,1
exceptionalism,1
assemblies,1
manor,1
populated,1
beneficiaries,1
us,1
marshall,1
tailing,1
included,1
peddling,1
complete,1
dtutch,1
professor,1
fetes,1
popularized,1
historiography,1
accelerated,1
jamaica,1
largest,1
parties,1
delaware,1
endear,1
unusually,1
toronto,1
williams,1
assimilated,1
gentlemen,1
regional,1
pole,1
enterprises,1
manon,1
peinnsylvanzia,1
considers,1
persuasive,1
investors,1
persuade,1
nova,1
ignatieff,1
heritage,1
jeffrey,1
goodfriend,1
clive,1
pittendriech,1
again,1
pointed,1
available,1
intending,1
analytical,1
joyce,1
unifying,1
longer,1
assess,1
mcculloh,1
creative,1
environs,1
teachers,1
virttle,1
germans,1
break,1
hugh,1
gray,1
forging,1
contemporary,1
pennsylvania,1
discussed,1
starvation,1
honor,1
blaiir,1
patterns,1
outside,1
fits,1
adjacent,1
v,1
colonizer,1
anglicization,1
crowns,1
clusters,1
model,1
stony,1
wokeck,1
competitors,1
subordinating,1
coincided,1
forth,1
frequency,1
gives,1
patronage,1
number,1
compete,1
hutcheson,1
day,1
outgrowth,1
fluidity,1
griffiths,1
polities,1
degree,1
original,1
demonstrated,1
credit,1
crown,1
dominions,1
greatest,1
anzd,1
encounter,1
theirs,1
father,1
invested,1
lenman,1
treated,1
worth,1
made,1
explanation,1
upon,1
slaves,1
exporting,1
writings,1
patricia,1
depended,1
increase,1
reside,1
wellcome,1
europeans,1
tenets,1
host,1
significant,1
use,1
bridget,1
largely,1
assumption,1
emphasize,1
assume,1
causes,1
prominently,1
examination,1
franklin,1
gd,1
graham,1
full,1
literate,1
illick,1
students,1
attraction,1
versions,1
rejected,1
ties,1
open,1
significance,1
meanings,1
diplomacy,1
parke,1
directed,1
lanids,1
emphasizing,1
grew,1
publication,1
language,1
reputation,1
soldiers,1
safety,1
maintenance,1
perpetutal,1
try,1
alugucstan,1
defense,1
symposium,1
allowed,1
thom,1
geographically,1
papenfuse,1
lowlanders,1
features,1
played,1
linking,1
magna,1
counted,1
unsettled,1
anyone,1
keen,1
uncompromising,1
exporter,1
summaty,1
latter,1
spent,1
stranglehold,1
bulsiness,1
beckenham,1
rouse,1
k,1
narrow,1
statesman,1
effect,1
scotia,1
mr,1
enthusiasts,1
percent,1
seeking,1
capitalism,1
story,1
locales,1
lawyer,1
macmillan,1
accord,1
celebrity,1
imperfectly,1
ago,1
attention,1
immigration,1
attended,1
academies,1
maly,1
change,1
backward,1
perspectives,1
africa,1
continued,1
science,1
faith,1
sometimes,1
chance,1
linda,1
consent,1
ohlmeyer,1
reasonable,1
albion,1
employment,1
imperatives,1
attitude,1
ordinary,1
predict,1
becomes,1
referred,1
colonizers,1
detailed,1
privileges,1
credited,1
renown,1
markers,1
suggestions,1
remaining,1
empires,1
americanus,1
reconsider,1
successor,1
construction,1
existed,1
revollution,1
interconnected,1
discouirse,1
istvan,1
nationi,1
foutr,1
unioni,1
types,1
propelling,1
worlds,1
unusual,1
figured,1
inducing,1
susan,1
joseph,1
meant,1
hancock,1
legacies,1
claims,1
share,1
rarely,1
thinking,1
regiments,1
judgments,1
dispersed,1
series,1
exemplified,1
complexity,1
changing,1
peoples,1
must,1
extending,1
athens,1
simply,1
constituted,1
ever,1
accounts,1
beside,1
known,1
donna,1
offered,1
rival,1
physical,1
aggressiveness,1
here,1
sojourzners,1
lou,1
constituttionzal,1
patriot,1
dimension,1
blair,1
brooke,1
books,1
secured,1
chuirch,1
steven,1
uniionz,1
expanding,1
global,1
connection,1
branches,1
best,1
ahr,1
sloan,1
appendix,1
donaldson,1
slippage,1
domestic,1
recommendations,1
followers,1
eventually,1
ethnzicity,1
wealthier,1
mullett,1
benefit,1
finns,1
examining,1
revolutionaryamerica,1
distinctive,1
meager,1
quoted,1
passage,1
davidson,1
inan,1
subordinate,1
believed,1
born,1
virtual,1
unlikely,1
protections,1
reign,1
waldstreicher,1
whether,1
selected,1
cornbwly,1
rising,1
soldiering,1
males,1
add,1
contrasting,1
mere,1
huguenots,1
landowning,1
insightful,1
annexed,1
version,1
mcphail,1
abruptly,1
secure,1
baltic,1
noticed,1
property,1
anna,1
scotius,1
ideal,1
coteries,1
danish,1
freedom,1
art,1
apparatus,1
presented,1
emanating,1
introduced,1
eutropeans,1
despite,1
condulct,1
strangers,1
duinn,1
amnerica,1
netherland,1
subject,1
activity,1
intended,1
preached,1
administration,1
agents,1
assumptions,1
histoiy,1
rigid,1
territory,1
confronted,1
measure,1
inito,1
pencak,1
luttherans,1
lucassen,1
merchant,1
conversely,1
phenomenon,1
challenges,1
indians,1
mention,1
chieftains,1
voyage,1
jan,1
our,1
denominational,1
come,1
eric,1
burnet,1
promoted,1
formation,1
refugees,1
unzited,1
ani,1
cambridge,1
conn,1
valve,1
functions,1
cornbury,1
conditions,1
vance,1
grant,1
charge,1
latecomers,1
rotterdanm,1
crisis,1
contributed,1
offer,1
instead,1
include,1
charta,1
need,1
speaking,1
huenter,1
product,1
smaller,1
glass,1
exceeding,1
effects,1
prospect,1
defined,1
off,1
diaspora,1
darkly,1
shift,1
increased,1
brook,1
profits,1
charles,1
territories,1
assumed,1
onz,1
justify,1
sectors,1
era,1
conceptual,1
views,1
bounds,1
exclusively,1
valley,1
focus,1
immediately,1
mobility,1
comparable,1
weslager,1
clerics,1
should,1
building,1
ga,1
asked,1
doing,1
roles,1
ezuropeans,1
race,1
hovered,1
werner,1
