WORDCOUNTS,WEIGHT
the,1336
of,973
and,509
in,490
to,467
a,295
was,212
that,186
for,172
s,149
as,148
women,138
had,126
it,122
sullivan,110
not,104
be,104
on,99
his,97
an,94
massachusetts,93
by,92
he,88
her,87
martin,85
with,85
american,83
their,82
they,81
were,81
state,81
who,81
this,76
from,75
property,73
is,73
see,65
but,63
law,62
new,58
have,56
which,53
citizenship,51
or,51
all,50
court,50
act,49
also,47
james,46
men,45
revolution,44
been,44
political,42
married,42
april,41
historical,41
republic,40
i,40
she,40
boston,40
early,38
could,37
no,37
would,37
are,37
at,36
revolutionary,36
one,33
review,33
adams,33
woman,33
if,32
treason,32
commonwealth,31
general,31
laws,30
when,30
its,29
wife,29
estates,29
did,29
william,29
confiscation,27
dower,27
society,27
husband,27
even,26
n,26
john,26
claims,26
sedgwick,25
right,25
only,25
v,25
british,24
case,24
blake,24
claim,24
statute,24
states,24
own,23
made,23
between,23
york,22
other,22
k,22
what,22
confiscated,22
c,22
kerber,21
can,21
linda,21
united,21
point,21
war,20
because,20
allegiance,20
republican,20
we,20
life,20
wives,20
estate,19
davis,19
government,19
there,19
out,19
so,19
should,19
politics,18
rights,18
public,18
may,18
maas,17
into,17
vol,17
persons,17
most,17
family,17
feme,17
them,17
anna,17
common,16
papers,16
some,16
p,16
federalist,16
paradox,16
more,16
years,16
support,16
parsons,16
terms,16
loyalist,16
coverture,15
every,15
those,15
system,15
has,15
marriage,15
these,15
him,15
after,15
story,15
relationship,15
ideology,15
following,15
judges,15
husbands,14
member,14
might,14
king,14
march,14
against,14
cases,14
than,14
legislation,14
absentees,14
children,14
free,14
archives,13
before,13
such,13
citizen,13
loyalists,13
supreme,13
members,13
return,13
chap,13
under,13
ed,13
held,13
any,13
person,13
history,12
covert,12
left,12
argued,12
conservative,12
carolina,12
during,12
records,12
personal,12
june,12
make,12
shall,12
until,12
being,11
said,11
attorney,11
mass,11
america,11
how,11
legal,11
understood,11
judicial,11
well,11
order,11
acts,11
will,11
service,11
two,11
time,11
statutes,11
private,11
george,11
both,11
jefferson,11
much,11
strong,11
north,11
now,10
england,10
sale,10
throughout,10
patriarchal,10
county,10
example,10
governor,10
few,10
civic,10
power,10
took,10
upon,10
essay,10
independent,10
relations,10
legislature,10
over,10
subject,10
national,10
authority,9
great,9
within,9
daniel,9
capacity,9
possible,9
october,9
thus,9
gendered,9
served,9
artillery,9
without,9
esp,9
place,9
long,9
provided,9
gordon,9
indeed,9
shanks,9
about,9
yet,9
j,9
many,9
end,9
pennsylvania,9
royal,9
understanding,9
office,9
citizens,9
dana,9
then,9
virginia,9
our,9
argument,9
washington,9
although,9
d,9
themselves,9
taylor,9
amory,9
way,8
words,8
principles,8
real,8
written,8
issue,8
himself,8
century,8
david,8
generation,8
inhabitant,8
l,8
certain,8
university,8
suffolk,8
inherited,8
et,8
hampshire,8
maine,8
up,8
correspondence,8
wrote,8
heirs,8
french,8
toward,8
man,8
remained,8
father,8
confiscating,8
language,8
lawyer,8
decision,8
male,8
force,8
alien,8
natural,8
control,8
cambridge,8
patriarchy,8
defined,8
era,8
traditional,8
among,8
career,7
center,7
denied,7
first,7
implications,7
definition,7
attacked,7
old,7
adult,7
philadelphia,7
mary,7
jersey,7
protection,7
important,7
aliens,7
whom,7
found,7
radical,7
oaths,7
part,7
gender,7
status,7
lawyers,7
am,7
situation,7
female,7
vs,7
pp,7
thought,7
congruent,7
inheritance,7
social,7
eds,7
explicitly,7
tory,7
discussion,7
treated,7
congress,7
tories,7
chapel,7
infants,7
consent,7
claimed,7
ao,7
very,7
abigail,7
whether,7
making,7
while,7
city,7
became,7
role,7
moved,7
obligations,6
h,6
nineteenth,6
book,6
letter,6
federal,6
explicit,6
white,6
age,6
constitution,6
columbia,6
called,6
otherwise,6
wealth,6
record,6
however,6
governing,6
colonies,6
directly,6
used,6
concept,6
london,6
alan,6
patriots,6
sense,6
discourse,6
grateful,6
nation,6
petit,6
reports,6
never,6
do,6
spoke,6
ibid,6
hartog,6
like,6
thomas,6
position,6
ann,6
henry,6
committed,6
inhabitants,6
hill,6
federalists,6
independence,6
lost,6
owed,6
often,6
construction,6
mother,6
joseph,6
postrevolutionary,6
offered,6
set,6
each,6
country,6
enemy,6
u,6
february,6
maintain,6
grossberg,6
mention,6
question,6
land,6
galloway,6
assumed,6
close,6
obligation,6
little,6
courts,5
otis,5
commitment,5
e,5
appear,5
ways,5
properties,5
certainly,5
later,5
interpretation,5
nevertheless,5
caleb,5
emphasized,5
voting,5
historians,5
me,5
account,5
election,5
richard,5
far,5
therein,5
relationships,5
since,5
brother,5
defense,5
died,5
deeply,5
town,5
whose,5
shammas,5
b,5
study,5
webster,5
understand,5
changes,5
nor,5
tfhe,5
liberal,5
too,5
passed,5
nationality,5
opinion,5
my,5
silence,5
nothing,5
received,5
issues,5
least,5
defended,5
positions,5
matter,5
community,5
comments,5
neither,5
choices,5
al,5
forfeited,5
party,5
lewis,5
name,5
challenge,5
others,5
including,5
microfilm,5
leprilete,5
services,5
misprision,5
described,5
clear,5
three,5
sustain,5
stresses,5
especially,5
justice,5
liberalism,5
continued,5
sometimes,5
bound,5
baron,5
meant,5
bosson,5
physical,5
patriot,5
respecting,5
continental,5
refused,5
republicanism,5
loyalty,5
fully,5
voice,5
freedom,5
duty,5
intended,5
went,5
appointed,5
think,5
ser,5
digest,5
sustained,5
virtue,5
cited,5
major,5
boylston,4
done,4
fathers,4
created,4
manuscript,4
provisions,4
word,4
murder,4
committee,4
pattison,4
arms,4
came,4
t,4
give,4
nature,4
liberty,4
rhode,4
leading,4
differences,4
robert,4
regiment,4
reading,4
context,4
side,4
dupont,4
opened,4
central,4
courtroom,4
clark,4
y,4
marital,4
van,4
legislators,4
library,4
developed,4
district,4
active,4
killing,4
supposed,4
reason,4
house,4
contemporaries,4
prevent,4
followed,4
willing,4
theophilus,4
none,4
hendrik,4
traced,4
though,4
equal,4
tension,4
kathryn,4
having,4
trial,4
elizabeth,4
island,4
people,4
actually,4
debts,4
involved,4
small,4
brought,4
impossible,4
rest,4
therefore,4
sons,4
attorneys,4
returning,4
sect,4
chronicle,4
widows,4
probate,4
reference,4
times,4
assistance,4
hearth,4
disposition,4
death,4
pointed,4
paine,4
choice,4
practical,4
purposes,4
michael,4
practice,4
fled,4
process,4
elite,4
virtually,4
harvard,4
take,4
individual,4
handlin,4
vision,4
effect,4
implication,4
quarterly,4
fee,4
pleas,4
theodore,4
solicitor,4
dead,4
drafted,4
withdrawing,4
circuit,4
matters,4
bench,4
girls,4
known,4
supported,4
quickly,4
slavery,4
benefit,4
past,4
met,4
extent,4
suggests,4
radically,4
intention,4
given,4
through,4
traitors,4
crimes,4
jeffersonians,4
carole,4
charged,4
th,4
observed,4
asked,4
difficult,3
does,3
possessed,3
child,3
herself,3
generous,3
suggested,3
market,3
iowa,3
absentee,3
adhering,3
english,3
walker,3
ardent,3
schaack,3
demand,3
bodle,3
biographical,3
arguing,3
causes,3
experience,3
file,3
consistent,3
moderate,3
taken,3
articulate,3
parties,3
memorial,3
gawalt,3
tradition,3
assertion,3
governed,3
rule,3
able,3
speculators,3
loose,3
precisely,3
remainder,3
minimized,3
wollstonecraft,3
constraint,3
sexual,3
retain,3
determined,3
except,3
still,3
along,3
andrew,3
ronald,3
actual,3
g,3
due,3
demanded,3
september,3
moment,3
fischer,3
bay,3
body,3
withdraw,3
consulted,3
single,3
find,3
plaintiff,3
surely,3
high,3
americans,3
gerry,3
basic,3
leave,3
direct,3
benjamin,3
assuming,3
columbian,3
thereof,3
elsewhere,3
quoted,3
articulated,3
pateman,3
w,3
four,3
superior,3
origins,3
freed,3
officer,3
always,3
m,3
strategy,3
widow,3
path,3
opposing,3
method,3
effort,3
narrow,3
almost,3
punishment,3
same,3
province,3
promise,3
required,3
hath,3
opposition,3
wayne,3
r,3
line,3
permitted,3
voted,3
civil,3
related,3
rand,3
gundersen,3
lawsuit,3
newspaper,3
assembly,3
either,3
good,3
accused,3
chose,3
rutgers,3
exclude,3
ward,3
bank,3
sufficient,3
peace,3
master,3
concluded,3
generally,3
judicature,3
blackstone,3
south,3
groton,3
led,3
letters,3
dane,3
limited,3
tried,3
acknowledged,3
brief,3
religious,3
chapin,3
year,3
urged,3
treaty,3
read,3
sex,3
challenged,3
us,3
included,3
culture,3
lord,3
bar,3
penalties,3
rather,3
aspect,3
put,3
added,3
fact,3
ought,3
pamphlet,3
rhetoric,3
where,3
tell,3
belief,3
reasoning,3
another,3
sir,3
imagine,3
situated,3
extended,3
lands,3
mothers,3
range,3
writings,3
owe,3
judge,3
reside,3
identity,3
attainted,3
use,3
sold,3
reeve,3
returned,3
individuals,3
stayed,3
involves,3
shrewd,3
peter,3
change,3
period,3
played,3
distinction,3
black,3
payment,3
jurisdiction,3
include,3
qualities,3
britain,3
enemies,3
quock,3
connections,3
grimke,3
aid,3
rebel,3
note,3
humanities,3
patriotic,3
masculine,3
army,3
began,3
try,3
reconsider,3
analysis,3
frontier,3
itself,3
addressed,3
dissertation,3
undertook,3
share,3
proprietors,3
broke,3
whig,3
mentioned,3
extensive,3
ever,3
committees,3
alternative,3
potential,3
locke,3
berkeley,3
forfeiture,3
naturalized,3
principle,3
reciprocal,3
december,3
commission,3
connection,3
capital,3
down,3
preamble,3
withdrawn,3
number,3
believed,3
pardon,3
born,3
wardship,3
economy,3
adults,3
rebellion,3
together,3
calif,3
constitutional,3
kettner,3
reprinted,3
centinel,3
presented,3
son,3
despite,3
reconstruct,3
divided,3
families,3
named,3
invasion,3
contract,3
joined,3
evidence,3
levy,3
off,3
resolves,3
reached,3
souls,3
grace,3
famous,3
broader,3
daughter,3
nicholas,2
go,2
helped,2
waltham,2
limits,2
residing,2
sued,2
obey,2
adopt,2
promises,2
meaning,2
corporate,2
concern,2
separated,2
extend,2
college,2
alone,2
eliminated,2
notably,2
connecticut,2
church,2
becoming,2
large,2
jury,2
complex,2
fugitives,2
disestablishment,2
easily,2
studies,2
specified,2
divers,2
candidate,2
favor,2
character,2
necessarily,2
title,2
assisted,2
chandler,2
chief,2
maria,2
cautious,2
elbridge,2
ideas,2
formisano,2
provision,2
sources,2
modest,2
submit,2
konefsky,2
cause,2
rested,2
refusal,2
indulgent,2
expectation,2
glimpsed,2
freely,2
preyer,2
seems,2
hoffman,2
salmon,2
available,2
copy,2
sibley,2
manliness,2
simple,2
careers,2
gradual,2
print,2
studied,2
transferred,2
conspirators,2
concludes,2
providence,2
debt,2
wealthy,2
help,2
brunswick,2
persistence,2
mr,2
primitive,2
reserved,2
deriving,2
signs,2
construe,2
similarities,2
partners,2
proceeded,2
alfred,2
autonomous,2
politicized,2
apple,2
occupying,2
felt,2
capable,2
contractual,2
powers,2
thayer,2
whatever,2
headed,2
household,2
impartial,2
behavior,2
cushing,2
guilty,2
human,2
upheld,2
immediate,2
development,2
run,2
safety,2
continuance,2
simeon,2
unpublished,2
silent,2
author,2
interest,2
intact,2
lectures,2
ability,2
decided,2
adopted,2
confiscations,2
insisted,2
convention,2
forced,2
financing,2
contemplated,2
rank,2
elements,2
collections,2
late,2
subjects,2
slave,2
third,2
alliances,2
beginning,2
warned,2
drawn,2
consequently,2
memoir,2
journal,2
colleague,2
occasion,2
jones,2
bills,2
acted,2
stanley,2
error,2
opposed,2
recognized,2
jeffersonian,2
voters,2
identification,2
remain,2
joan,2
risk,2
similar,2
parts,2
executions,2
intestate,2
arbor,2
obedience,2
moreover,2
voluntarily,2
immigrant,2
abridgment,2
conceptualization,2
signed,2
grounds,2
clearly,2
warren,2
commonly,2
follow,2
transcripts,2
hereafter,2
care,2
lust,2
faced,2
decades,2
dependency,2
paragraph,2
graduates,2
reflections,2
confiscate,2
opening,2
expressed,2
result,2
legislative,2
closely,2
suffered,2
hands,2
strength,2
adhered,2
requirements,2
gardiner,2
luxury,2
further,2
equally,2
lose,2
recently,2
deprive,2
cannot,2
applied,2
purchased,2
guarantee,2
wide,2
suspended,2
briefly,2
receive,2
taxes,2
provincial,2
postwar,2
ofjames,2
judiciary,2
competent,2
work,2
residents,2
carry,2
charity,2
denial,2
edn,2
thoughts,2
ten,2
whole,2
authenticity,2
realm,2
gave,2
describe,2
older,2
policies,2
partly,2
middle,2
friend,2
majority,2
endorsed,2
butterfield,2
cargyll,2
won,2
relative,2
polity,2
permit,2
successful,2
hanover,2
hard,2
voiced,2
responsibility,2
vote,2
shaping,2
suggest,2
wished,2
coupled,2
owned,2
around,2
autonomy,2
leader,2
thereby,2
choosing,2
usual,2
occasions,2
civilly,2
scott,2
dependent,2
using,2
forfeiting,2
notes,2
crime,2
finds,2
behalf,2
nations,2
subsequently,2
appeal,2
writs,2
portion,2
effeminacy,2
lerner,2
elimination,2
requirement,2
identified,2
docket,2
short,2
resisted,2
inclusive,2
commit,2
nearly,2
albany,2
constraints,2
prove,2
judgment,2
harry,2
says,2
hanged,2
va,2
riches,2
violence,2
permission,2
makes,2
albert,2
soon,2
fleets,2
god,2
formally,2
orange,2
shipton,2
delaware,2
unusually,2
sklar,2
mich,2
braintree,2
increasingly,2
company,2
lee,2
volume,2
fire,2
paul,2
holden,2
suit,2
attacks,2
cable,2
responsibilities,2
yoshpe,2
chaps,2
financial,2
burlamaqui,2
consideration,2
treatment,2
head,2
reform,2
seize,2
contemporary,2
navy,2
covered,2
manner,2
reversion,2
orderly,2
halifax,2
vulnerable,2
renaissance,2
heavily,2
answer,2
council,2
colony,2
deep,2
perhaps,2
books,2
monopoly,2
streets,2
published,2
original,2
hallowell,2
theirs,2
servant,2
formal,2
incompatibility,2
enormous,2
largely,2
persisted,2
speedy,2
emphasize,2
aside,2
submitted,2
rare,2
examination,2
chosen,2
full,2
excused,2
rejected,2
passim,2
open,2
significance,2
biddeford,2
mcfarland,2
august,2
anachronistic,2
allowed,2
reconstructed,2
linking,2
standard,2
neutral,2
legislatures,2
enacted,2
parallel,2
become,2
relation,2
fullest,2
pceas,2
incompatible,2
collegial,2
marylynn,2
claiming,2
artisans,2
present,2
institution,2
ago,2
quarter,2
brown,2
separate,2
seized,2
waddington,2
tests,2
supporting,2
figure,2
criminal,2
georgia,2
stocks,2
parent,2
lines,2
leslie,2
primarily,2
empire,2
directing,2
kish,2
seen,2
sapiro,2
detailed,2
lives,2
proposition,2
transformation,2
recognize,2
class,2
unusual,2
composed,2
education,2
enforced,2
face,2
arts,2
hancock,2
school,2
contained,2
punished,2
exercised,2
rarely,2
judgments,2
elected,2
considered,2
must,2
founded,2
solidly,2
generic,2
encoded,2
command,2
established,2
dwight,2
triad,2
outcome,2
dimension,2
performed,2
different,2
worth,2
believe,2
best,2
sent,2
ph,2
argue,2
regard,2
domestic,2
inquiry,2
particularly,2
traitor,2
linked,2
obviously,2
goods,2
proved,2
supremejudicial,2
happiness,2
just,2
absolutely,2
destroyed,2
redefined,2
chicago,2
lessee,2
proceedings,2
carefully,2
implicit,2
stability,2
list,2
imposed,2
series,2
delegate,2
armies,2
kind,2
writes,2
leaving,2
problem,2
allocate,2
require,2
treatises,2
marriages,2
remodeled,2
malignant,2
oath,2
remember,2
preserved,2
ill,2
alternatives,2
press,2
justices,2
mayor,2
giving,2
arguments,2
merchant,2
colonial,2
maintained,2
definitions,2
forfeit,2
harrison,2
construed,2
jan,2
prepared,2
antique,2
angelina,2
suffrage,2
ultimately,2
drafts,2
argues,2
conn,2
conditions,2
defence,2
samuel,2
register,2
course,2
here,2
files,2
opinions,2
thoughtful,2
colleagues,2
promptly,2
rhe,2
speak,2
catharine,2
anonymous,2
dissent,2
specific,2
thatcher,2
actions,2
johnson,2
abroad,2
develop,2
abandoned,2
schooling,2
colonel,2
crucible,2
pulling,2
built,2
portrait,2
draft,2
willis,2
stateless,1
precipitously,1
pitkin,1
locates,1
bernard,1
sewall,1
asahel,1
complaint,1
dissentingjudge,1
mostly,1
produces,1
deference,1
struggle,1
owes,1
rhat,1
deny,1
phrased,1
sins,1
edge,1
declared,1
heroic,1
memorials,1
ntitled,1
names,1
corruption,1
pittsburgh,1
stood,1
opponent,1
novelist,1
emerson,1
rubicon,1
truth,1
extreme,1
counsel,1
jane,1
fault,1
intriguing,1
freest,1
dissolution,1
submission,1
resided,1
seizure,1
abolition,1
succinct,1
sphere,1
bil,1
crossing,1
recompense,1
expect,1
minutes,1
clung,1
willed,1
group,1
told,1
replaced,1
judged,1
integrity,1
illegal,1
properly,1
liquidated,1
colonization,1
mad,1
prime,1
referring,1
macpherson,1
miriam,1
asserted,1
freat,1
true,1
completely,1
coalition,1
sensed,1
upheaval,1
eminence,1
ms,1
duke,1
spirit,1
wharf,1
belatedly,1
fheophilus,1
annum,1
policy,1
devices,1
sistem,1
harsh,1
abode,1
pose,1
knox,1
total,1
holding,1
freeman,1
estateand,1
cit,1
ejectment,1
freason,1
whigs,1
chased,1
exceptions,1
unite,1
something,1
nominally,1
plantations,1
descriptions,1
rented,1
source,1
hearts,1
princeton,1
theft,1
operation,1
castigated,1
disputed,1
themes,1
protecting,1
article,1
attainting,1
renton,1
lower,1
cast,1
lame,1
discordant,1
keystone,1
else,1
katey,1
earning,1
undermine,1
constituting,1
fheodore,1
outraged,1
commissions,1
jackson,1
pounds,1
posed,1
jointly,1
regulating,1
voices,1
interests,1
inconceivable,1
entailed,1
afe,1
aftermath,1
military,1
vols,1
sub,1
waldo,1
heroick,1
burlington,1
worked,1
action,1
emerged,1
publick,1
analogies,1
advanced,1
incapacities,1
youngest,1
faucheraud,1
transmission,1
love,1
dramatically,1
replaces,1
tozeski,1
possibilities,1
limb,1
separation,1
height,1
seneca,1
fhe,1
boyhood,1
explores,1
ahr,1
clauses,1
broken,1
suggesting,1
desire,1
restrictive,1
display,1
confusion,1
thank,1
amendment,1
farmers,1
performing,1
pressed,1
indifferent,1
rich,1
arises,1
sometime,1
link,1
vigor,1
harriet,1
composition,1
wore,1
hanna,1
immortal,1
applewhite,1
concealment,1
listing,1
hackett,1
issac,1
traditionally,1
devised,1
soifer,1
ambition,1
unambivalently,1
stupid,1
alert,1
greatly,1
vassall,1
staff,1
opposite,1
claimns,1
lucrative,1
pate,1
ruined,1
ambiguous,1
favoring,1
purchasers,1
governors,1
stearns,1
superficially,1
tyrants,1
forums,1
explosive,1
wa,1
polis,1
fortune,1
classic,1
takes,1
occasional,1
generosity,1
governmental,1
elided,1
lest,1
badly,1
dr,1
rivalry,1
plain,1
besides,1
redefinitions,1
courtesy,1
anthropologists,1
stretched,1
task,1
money,1
advice,1
sects,1
bygletsur,1
sought,1
kathy,1
saying,1
hall,1
watkins,1
vulnerability,1
chapter,1
burke,1
oscar,1
logical,1
georgetown,1
condition,1
tracing,1
jacksonian,1
lies,1
assure,1
folio,1
alter,1
tfheodore,1
taxation,1
magazine,1
crossed,1
purchases,1
fine,1
wing,1
taking,1
mental,1
say,1
adjudged,1
privileged,1
x,1
eliminating,1
establishment,1
familial,1
pairs,1
whites,1
resources,1
politician,1
cady,1
apply,1
representing,1
enter,1
trio,1
unchecked,1
ritual,1
gelfand,1
moral,1
withhold,1
melting,1
urging,1
soiey,1
wallace,1
oblivion,1
collection,1
sign,1
descend,1
separating,1
harold,1
hudson,1
exposed,1
acres,1
learned,1
relies,1
endangering,1
daughters,1
natives,1
penalty,1
retaining,1
includes,1
xxiii,1
denying,1
regularly,1
per,1
dependence,1
disorder,1
merchants,1
profession,1
reclaim,1
spinsters,1
arice,1
disposed,1
facts,1
representations,1
dynamics,1
ethical,1
pursue,1
comes,1
arrested,1
pursuit,1
leaned,1
agent,1
astney,1
relatively,1
regarded,1
juxtaposition,1
abec,1
loopholes,1
brewery,1
club,1
ess,1
walter,1
application,1
conducted,1
plymouth,1
bigelow,1
jr,1
writ,1
blatant,1
passports,1
pay,1
stanton,1
flinching,1
align,1
mild,1
extensively,1
westport,1
admitted,1
learning,1
characterizes,1
funds,1
initiate,1
feathers,1
unity,1
instant,1
forswear,1
offenders,1
decisions,1
unpredictability,1
self,1
curiously,1
thr,1
pathbreaking,1
perspective,1
document,1
betters,1
depend,1
refer,1
izen,1
differently,1
highest,1
ithaca,1
response,1
monarchical,1
gettys,1
young,1
forgiven,1
americafrom,1
afford,1
guardian,1
medford,1
jeremy,1
packet,1
truly,1
berwick,1
publications,1
explore,1
suffrages,1
fhomas,1
student,1
deceased,1
communication,1
brigade,1
actors,1
closure,1
practically,1
details,1
apparently,1
conceive,1
brody,1
destabilize,1
fellow,1
conceded,1
weakness,1
talent,1
annulling,1
acknowledge,1
sisters,1
undone,1
compromise,1
elective,1
cositto,1
virtuous,1
evilly,1
selectively,1
promised,1
jean,1
pantn,1
aristocracy,1
critics,1
insofar,1
abiding,1
offices,1
portland,1
poor,1
feea,1
loaded,1
subordination,1
compleat,1
hesitant,1
stock,1
operations,1
whlo,1
ordinance,1
statements,1
subjected,1
tar,1
purely,1
principally,1
disobeying,1
performance,1
absent,1
across,1
predictably,1
generations,1
activists,1
ironic,1
possession,1
oversee,1
regicide,1
outgrown,1
conservatism,1
defuse,1
myself,1
responded,1
spying,1
treat,1
altar,1
exercise,1
broaden,1
politicians,1
patriarch,1
parents,1
suffer,1
bequest,1
examined,1
deprived,1
edwin,1
heard,1
proportion,1
earlier,1
supplement,1
sarah,1
thing,1
expelled,1
privileges,1
michel,1
derived,1
statement,1
filmer,1
marcus,1
pages,1
montesquieu,1
winthrop,1
possess,1
aiding,1
believing,1
echoed,1
form,1
govern,1
accident,1
republicans,1
space,1
apolitical,1
expressing,1
enlisted,1
addressing,1
indispensable,1
reinterpretation,1
wash,1
williamsburg,1
means,1
modified,1
directory,1
send,1
mrs,1
category,1
minow,1
escape,1
serve,1
perceptions,1
circulated,1
theorists,1
rallied,1
ensure,1
wanted,1
dawn,1
speculative,1
hereditaments,1
charges,1
maiden,1
possibly,1
gillen,1
organization,1
adele,1
improvement,1
colonialism,1
bloch,1
retained,1
image,1
intituled,1
affiliations,1
slowly,1
sick,1
why,1
russell,1
days,1
former,1
stabilizing,1
constrain,1
shays,1
placed,1
shaking,1
welfare,1
bruce,1
shore,1
lazv,1
frequently,1
profile,1
marketplace,1
solid,1
situations,1
stationed,1
show,1
democratic,1
fashioned,1
gloucester,1
powerful,1
idiots,1
beyond,1
defeat,1
modeled,1
comparisons,1
arrests,1
retire,1
your,1
putting,1
intentional,1
protective,1
imprisonment,1
mumbet,1
instance,1
inflicting,1
yes,1
ruin,1
owning,1
founding,1
independents,1
admiration,1
drawing,1
exits,1
commanded,1
thrown,1
whereas,1
greater,1
burrows,1
impede,1
confederation,1
based,1
cynthia,1
acting,1
identifying,1
introduce,1
complications,1
inappropriately,1
bearing,1
harbor,1
murky,1
fitzpatrick,1
begun,1
plot,1
access,1
ambitious,1
carol,1
seven,1
federalistjudges,1
lived,1
aversion,1
tucker,1
changed,1
deal,1
countenance,1
international,1
pronouns,1
pass,1
legatees,1
boycotts,1
carleton,1
nurturing,1
osgood,1
incurring,1
vigorous,1
suits,1
unthinkable,1
term,1
eliminate,1
evaluate,1
acquiring,1
juries,1
embedded,1
accurately,1
arranged,1
rebellious,1
coldham,1
fifteen,1
buttressed,1
occupation,1
durham,1
profited,1
china,1
displayed,1
sentimental,1
rousseau,1
michigan,1
conspirator,1
stressing,1
bore,1
formidablepolitical,1
distinguishes,1
appears,1
annulled,1
boundaries,1
analogous,1
acquaintance,1
luella,1
mcloughlin,1
hare,1
excluded,1
ford,1
expedient,1
feudal,1
saving,1
guidance,1
companionate,1
dependents,1
claimants,1
throne,1
january,1
hicks,1
masculinity,1
wills,1
aspects,1
retroactive,1
undermined,1
failure,1
shape,1
abuse,1
retribution,1
keeping,1
participation,1
restrain,1
relief,1
closed,1
justly,1
excoriation,1
liable,1
effeminate,1
quincy,1
leasing,1
elitism,1
preconditions,1
abolitionist,1
banks,1
responding,1
strict,1
qualifications,1
stiff,1
instituted,1
del,1
framed,1
hyman,1
considerations,1
richmond,1
prominent,1
prompted,1
purpose,1
discusses,1
controul,1
rufus,1
reserve,1
knowledge,1
proprietor,1
confined,1
antipatriarchal,1
conceptualizations,1
whenever,1
comment,1
aged,1
sydney,1
journals,1
feared,1
fruitfull,1
texture,1
surprise,1
dozens,1
loss,1
bouvier,1
morris,1
discussions,1
northwest,1
expansive,1
literally,1
collective,1
contains,1
officers,1
underscored,1
tfhese,1
eighteenthcentury,1
briefer,1
liege,1
binding,1
emancipation,1
call,1
excommunicate,1
exempt,1
corollary,1
anything,1
unimproved,1
compact,1
bid,1
project,1
resort,1
stanford,1
league,1
kennedy,1
challenging,1
eastern,1
markedly,1
thundering,1
attributed,1
landholder,1
approach,1
personally,1
norfolk,1
esther,1
sic,1
bribing,1
neck,1
renounced,1
unpopular,1
fied,1
squatters,1
level,1
field,1
cruel,1
sympathy,1
tom,1
individualism,1
involve,1
grew,1
wards,1
nine,1
lacked,1
flug,1
senator,1
investors,1
signatories,1
locus,1
politically,1
obligationsnotably,1
precedents,1
wrong,1
settlement,1
prosecuted,1
aviam,1
arbitrary,1
roles,1
castle,1
several,1
enslaved,1
shapes,1
imagines,1
accomplished,1
rereading,1
legislatively,1
immigration,1
highly,1
ship,1
choose,1
bypassed,1
potestate,1
executed,1
significantly,1
transfer,1
levied,1
notorious,1
research,1
distinguished,1
petition,1
motherhood,1
exempts,1
unreliability,1
petitions,1
swear,1
tended,1
yielded,1
whatsoever,1
tfaylor,1
peters,1
christians,1
condemned,1
graduated,1
jordan,1
st,1
necessity,1
aggressively,1
intent,1
proper,1
aforenamed,1
depravity,1
diminished,1
appropriate,1
seejefferson,1
substituted,1
genealogical,1
propriety,1
bredbenner,1
bartlett,1
ini,1
ask,1
bartram,1
specifying,1
transforming,1
liberation,1
critical,1
feminine,1
girl,1
privilege,1
film,1
heretofore,1
timeless,1
second,1
sovereign,1
arrangement,1
temperament,1
reduced,1
minor,1
provide,1
advocate,1
clara,1
variety,1
practices,1
spelled,1
laurel,1
various,1
entitled,1
adeneas,1
noble,1
gather,1
irish,1
economic,1
failed,1
cofdrain,1
located,1
essex,1
exile,1
horses,1
again,1
plaintively,1
play,1
ahistorical,1
metcalf,1
exception,1
courtesies,1
benefiting,1
object,1
positioned,1
afeme,1
july,1
abjured,1
reconstruction,1
chore,1
bill,1
holders,1
kempe,1
permissible,1
unprecedented,1
outer,1
southern,1
governorship,1
congratulating,1
suppose,1
echo,1
commonwealthi,1
direction,1
parker,1
vie,1
generative,1
powerfully,1
percentage,1
argumentation,1
once,1
alleged,1
kent,1
joshua,1
sort,1
sympathies,1
antiquarian,1
museum,1
unfriendly,1
commissioners,1
ourselves,1
revealed,1
security,1
democrats,1
intense,1
creditors,1
requiring,1
lawjournal,1
residence,1
martins,1
evil,1
predecessor,1
evolved,1
ible,1
denounced,1
subsuming,1
management,1
vows,1
summarizes,1
kelley,1
dunghill,1
participants,1
home,1
falls,1
existentially,1
orders,1
light,1
liberties,1
abandon,1
raleigh,1
worcester,1
sharply,1
friendship,1
binney,1
baltimore,1
naval,1
memories,1
countrys,1
novion,1
infused,1
defendants,1
largest,1
appeals,1
wisconsin,1
challenges,1
department,1
congresses,1
ballots,1
speaking,1
reversing,1
penis,1
fairly,1
exact,1
double,1
retired,1
sam,1
marat,1
street,1
nova,1
revolui,1
endured,1
organizations,1
resolution,1
vesting,1
unlimited,1
dismissed,1
justifying,1
stronger,1
stated,1
reaches,1
shipbuilder,1
jrom,1
punish,1
conceived,1
affect,1
similarly,1
skpia,1
decorative,1
thereafter,1
intellect,1
addition,1
water,1
smith,1
efforts,1
lengthy,1
longer,1
twenty,1
idea,1
paramount,1
limit,1
conduct,1
daily,1
benevolent,1
voicing,1
sylvester,1
rents,1
striking,1
loyalism,1
credits,1
reverted,1
goldsboro,1
nathan,1
abstract,1
solidity,1
subjoined,1
deems,1
statesman,1
absented,1
unsettle,1
oneself,1
classical,1
riht,1
hear,1
hobbes,1
reaffirmed,1
clause,1
watertown,1
granting,1
debated,1
hitria,1
hening,1
heels,1
venture,1
away,1
manifestos,1
impending,1
srn,1
observes,1
vt,1
removal,1
reasons,1
corts,1
forms,1
patterns,1
readers,1
behind,1
averse,1
hand,1
insane,1
paris,1
britishfemes,1
courthouse,1
ground,1
renegotiation,1
sundry,1
posit,1
penntsylvania,1
favoritism,1
attempting,1
developing,1
equitable,1
ensured,1
coercion,1
income,1
marrying,1
enrvn,1
disabled,1
duties,1
origin,1
conviction,1
politic,1
exigencies,1
japan,1
conducive,1
hetty,1
losing,1
niccolo,1
native,1
metropolitan,1
patriarcha,1
hamilton,1
controversy,1
plaintiffs,1
impoverished,1
distance,1
thle,1
cvl,1
reflected,1
machiavelli,1
mill,1
break,1
violent,1
levying,1
local,1
simon,1
sampson,1
proudly,1
recognizing,1
analyzed,1
baal,1
referred,1
exhibit,1
balance,1
clergy,1
spun,1
rulers,1
robertson,1
success,1
considering,1
practised,1
reversed,1
epilepsy,1
eighteenth,1
limitations,1
endowment,1
evacuation,1
restrained,1
verbalize,1
unfairly,1
dissolve,1
inexorably,1
strongly,1
sufficiently,1
trends,1
stables,1
candice,1
recover,1
gerda,1
solemn,1
minds,1
encouraged,1
feud,1
eclipsed,1
contradictions,1
admiring,1
waste,1
religion,1
skeptical,1
expression,1
repertory,1
hundred,1
unfair,1
honours,1
francis,1
granted,1
doubt,1
morality,1
prominently,1
audit,1
carrey,1
assign,1
roman,1
pamphlets,1
eligible,1
stay,1
check,1
raising,1
encumbered,1
option,1
deemed,1
converse,1
california,1
banners,1
shlanks,1
dahlin,1
theoretical,1
accademical,1
sacrificing,1
courtier,1
versions,1
exceedingly,1
trade,1
low,1
afterward,1
substitutes,1
urbana,1
remaining,1
baptists,1
emphasizing,1
vindication,1
communicated,1
favorite,1
restraint,1
express,1
lien,1
tail,1
virtues,1
reputation,1
soldiers,1
lady,1
logic,1
statues,1
viri,1
keep,1
pride,1
attach,1
democratizing,1
characterized,1
hrih,1
threw,1
revised,1
slander,1
widen,1
spread,1
rewarded,1
summer,1
hurnan,1
naturalization,1
kept,1
accurate,1
conversation,1
improved,1
unfaithful,1
commentaries,1
provides,1
construct,1
instruction,1
alive,1
exchange,1
spent,1
quick,1
undertaken,1
favored,1
conclusions,1
facing,1
coercive,1
pocock,1
distrusted,1
eyes,1
arise,1
humiliation,1
feet,1
reads,1
letterbooks,1
intitled,1
commands,1
stand,1
half,1
cranch,1
biographer,1
sentiments,1
pembertonz,1
seattle,1
preeminently,1
scotia,1
enthusiastically,1
reasonableness,1
seeking,1
probably,1
capitalism,1
conscience,1
rhetorical,1
sept,1
looked,1
warr,1
sales,1
versus,1
occupied,1
tendency,1
seduction,1
persuading,1
evaluated,1
professional,1
smth,1
modifications,1
hope,1
sole,1
thence,1
pastor,1
sequestration,1
widely,1
attended,1
authentically,1
jailing,1
principals,1
overlapping,1
incisive,1
farm,1
european,1
implicitly,1
carried,1
panel,1
twelve,1
christian,1
posted,1
claimant,1
imply,1
untenable,1
moses,1
procedural,1
declaration,1
violation,1
perspectives,1
equals,1
fenichel,1
enumerated,1
spelling,1
redefine,1
waltz,1
tenant,1
encumbrance,1
foil,1
relieved,1
naturally,1
selections,1
program,1
fear,1
reasonable,1
ironically,1
select,1
alternate,1
ryan,1
winslow,1
institutions,1
lobbying,1
trait,1
prcdue,1
bonds,1
hast,1
fdr,1
establish,1
worse,1
render,1
lawrence,1
philosopher,1
confine,1
wilson,1
anxiety,1
horrid,1
woolwich,1
countries,1
length,1
contributor,1
traveled,1
insistence,1
possessive,1
responsible,1
phrase,1
expectations,1
continually,1
existed,1
achieve,1
banishment,1
artful,1
kings,1
endure,1
charlottesville,1
horace,1
centuries,1
pronoun,1
instances,1
tapping,1
remains,1
articles,1
middlesex,1
packard,1
investigate,1
fought,1
militia,1
thermidorean,1
attachment,1
freeing,1
executrizes,1
door,1
dabled,1
detail,1
founders,1
sections,1
acquired,1
meer,1
backcountry,1
exchanged,1
publicly,1
emotional,1
eschewed,1
sexes,1
sketches,1
octavo,1
thinking,1
proceed,1
associated,1
going,1
relate,1
preface,1
mann,1
disposing,1
bitter,1
complexity,1
colonists,1
fuur,1
humane,1
defend,1
punishments,1
jurists,1
biography,1
mackenzie,1
jacobin,1
contradiction,1
agents,1
commonwealthl,1
constituted,1
implied,1
recent,1
machiavellian,1
appeared,1
exacted,1
ll,1
palace,1
blacks,1
plea,1
md,1
widowhoodthat,1
text,1
rocky,1
compensation,1
spring,1
offers,1
drew,1
altercation,1
abridgement,1
fracing,1
equation,1
chattels,1
defining,1
memoirist,1
revolutionaries,1
katz,1
stamp,1
sure,1
clifford,1
remarried,1
wiltse,1
turn,1
paper,1
disinterested,1
dismantled,1
neglected,1
capability,1
relieve,1
distinctions,1
welch,1
seem,1
board,1
alexander,1
straightforward,1
darline,1
castigate,1
yeomen,1
emergence,1
surprised,1
roxbury,1
scenario,1
visiting,1
returns,1
report,1
allied,1
post,1
euphemism,1
sulvn,1
foundation,1
iii,1
concurrently,1
alexandra,1
robespierre,1
guy,1
powell,1
righlts,1
longstanding,1
precedent,1
precarious,1
convey,1
copoie,1
stretch,1
proclaiming,1
unaccountable,1
ambivalent,1
supervise,1
renegotiate,1
living,1
archival,1
interactive,1
merely,1
respect,1
places,1
turned,1
clarity,1
hermes,1
waller,1
ladies,1
elevated,1
activism,1
landes,1
drop,1
game,1
according,1
wit,1
bailyn,1
thae,1
automatically,1
notable,1
conspire,1
transmitted,1
combined,1
reelection,1
bristol,1
rose,1
offering,1
references,1
abraham,1
quote,1
allowance,1
males,1
pulpit,1
conclusion,1
forcefully,1
pains,1
theory,1
grief,1
vigorously,1
ceased,1
supporter,1
guggenheim,1
insightful,1
incompetence,1
commander,1
congregating,1
chancery,1
bitterly,1
institute,1
gestures,1
elect,1
pitted,1
awarded,1
information,1
belknap,1
wanton,1
don,1
agreed,1
psychology,1
emphasis,1
permeated,1
port,1
rioters,1
patriotism,1
millions,1
unmasked,1
persuit,1
anxieties,1
welcome,1
popular,1
spaces,1
martha,1
burden,1
hindsight,1
whence,1
occasionally,1
characters,1
inimical,1
commissioner,1
code,1
altered,1
ruled,1
overseeing,1
lifetime,1
beck,1
exercising,1
hen,1
warden,1
introduced,1
surrendered,1
leicester,1
vengeful,1
oppose,1
november,1
regulate,1
gerard,1
recruit,1
discussed,1
respectable,1
sitting,1
simply,1
assumptions,1
selectmen,1
territory,1
heir,1
substance,1
target,1
contribute,1
operate,1
eldest,1
ranks,1
quartered,1
bradley,1
odiorne,1
comprehend,1
calibrated,1
varied,1
nov,1
come,1
proceeds,1
pray,1
promoted,1
devoted,1
understandings,1
lawvyers,1
models,1
obliged,1
ulrich,1
survival,1
commercial,1
cheer,1
unable,1
foreigners,1
enforcement,1
covenant,1
difference,1
disposal,1
amendments,1
attainder,1
envisaged,1
jacques,1
charge,1
crisis,1
dangerous,1
sat,1
identify,1
parallels,1
northampton,1
instead,1
grown,1
enlightenment,1
accompanying,1
consumption,1
need,1
green,1
abu,1
transgressed,1
writer,1
attributes,1
punitive,1
you,1
ee,1
prosperity,1
voluntary,1
levi,1
area,1
mutuality,1
blinded,1
thirds,1
newmyer,1
roughly,1
epigraph,1
sides,1
competence,1
ruth,1
comparison,1
restored,1
subjecting,1
observation,1
charles,1
midcontinent,1
endeavors,1
vessel,1
tenements,1
removed,1
broadening,1
last,1
yalejournal,1
negotiate,1
unambivalent,1
pleased,1
debate,1
minors,1
fears,1
views,1
element,1
deterring,1
ownership,1
interaction,1
heiresses,1
immediately,1
counts,1
seek,1
prison,1
classless,1
propertyless,1
tf,1
forcibly,1
successive,1
conversations,1
penal,1
showed,1
race,1
courtmartial,1
occur,1
odd,1
discern,1
