WORDCOUNTS,WEIGHT
the,415
and,243
of,226
in,146
to,113
a,97
american,60
as,60
new,58
s,53
that,45
right,43
conservative,43
for,40
on,35
his,33
is,32
york,31
with,31
war,28
by,28
this,27
from,27
conservatism,26
political,25
an,25
or,24
was,23
conservatives,21
than,19
more,19
not,19
have,19
left,18
they,17
history,17
there,17
united,17
states,17
be,17
much,17
historians,16
even,16
cultural,16
during,16
state,16
j,15
liberals,15
review,15
their,15
are,15
carter,14
deal,14
he,14
so,14
why,14
liberalism,14
historical,14
liberal,13
but,13
brinkley,13
far,13
it,12
politics,12
progressive,12
p,12
when,12
both,12
at,11
other,11
roosevelt,11
america,11
jr,11
reagan,11
no,11
welfare,11
most,11
april,11
about,11
also,11
see,11
era,11
richard,10
had,10
president,10
cold,10
democrats,10
these,10
time,10
john,10
we,10
who,10
ribuffo,10
hoover,10
coalition,9
into,9
were,9
government,9
robert,9
leo,9
well,9
popular,9
culture,9
can,9
nixon,9
although,9
ii,8
has,8
americans,8
old,8
eisenhower,8
legislation,8
world,8
smith,8
herbert,8
i,8
william,8
them,8
gerald,7
if,7
own,7
great,7
since,7
century,7
n,7
late,7
example,7
its,7
depression,7
society,7
may,7
many,7
continuity,7
two,7
do,7
less,7
james,7
movements,7
been,7
often,7
still,7
major,7
red,6
e,6
center,6
women,6
some,6
young,6
l,6
front,6
m,6
decades,6
intellectuals,6
radical,6
goldwater,6
economic,6
movement,6
only,6
social,6
rightward,6
david,6
presidential,6
george,6
boston,6
administration,6
d,6
scholarship,6
should,6
rev,5
taft,5
one,5
country,5
first,5
might,5
those,5
himself,5
ronald,5
such,5
against,5
centrist,5
susman,5
general,5
rights,5
whose,5
without,5
study,5
certification,5
sixties,5
kennedy,5
public,5
civil,5
change,5
ambrose,5
several,5
few,5
f,5
indeed,5
mainstream,5
yet,5
volume,5
leader,5
perhaps,5
historiographical,5
campaigns,5
expand,5
would,5
after,5
ago,5
christian,5
clinton,5
stephen,5
any,5
dionne,5
between,5
now,4
common,4
groups,4
before,4
all,4
barry,4
wallace,4
behavior,4
spectrum,4
contrary,4
y,4
poor,4
b,4
congressional,4
impact,4
powerful,4
vietnam,4
protestant,4
conflicts,4
union,4
my,4
entered,4
triumph,4
work,4
nation,4
scare,4
good,4
sense,4
senator,4
various,4
sex,4
god,4
charismatic,4
book,4
diverse,4
men,4
hand,4
celebrated,4
michael,4
metropolitan,4
significant,4
ideas,4
ethnic,4
jimmy,4
profession,4
essay,4
like,4
k,4
become,4
attention,4
edgar,4
life,4
truman,4
did,4
what,4
particular,4
influenced,4
c,4
early,4
among,4
race,4
does,3
allegedly,3
corporate,3
hate,3
kinds,3
uniquely,3
studies,3
decade,3
mckinley,3
necessarily,3
something,3
anything,3
t,3
segregation,3
pluralist,3
together,3
real,3
last,3
mind,3
context,3
omissions,3
reaction,3
facto,3
labor,3
central,3
development,3
de,3
kirk,3
kind,3
abortion,3
journal,3
philadelphia,3
rather,3
soviet,3
how,3
remain,3
catholics,3
swerved,3
white,3
moreover,3
support,3
organized,3
warren,3
democratic,3
defeat,3
fifties,3
helped,3
called,3
international,3
outset,3
though,3
because,3
narratives,3
proportions,3
calls,3
edn,3
issues,3
denunciations,3
won,3
allies,3
isolationists,3
doenecke,3
power,3
nonetheless,3
synthesis,3
cole,3
intervention,3
religious,3
dewey,3
ed,3
williams,3
party,3
paul,3
scholars,3
edward,3
books,3
remained,3
father,3
values,3
including,3
elite,3
largely,3
morality,3
franklin,3
which,3
three,3
course,3
standard,3
especially,3
machiavellianism,3
percent,3
nativist,3
primarily,3
lost,3
wiebe,3
articles,3
seriously,3
wars,3
know,3
intellectual,3
presidency,3
believe,3
ahr,3
ideological,3
mass,3
segmented,3
economy,3
undeserving,3
theory,3
problem,3
always,3
while,3
suggests,3
ideal,3
middle,3
through,3
african,3
our,3
years,3
national,3
need,3
vital,3
socialism,3
roughly,3
mccarthy,3
chicago,3
traditional,3
broader,3
martin,3
winrod,2
guttmann,2
career,2
affected,2
introduction,2
group,2
large,2
burton,2
jews,2
diplomatic,2
tend,2
essays,2
schools,2
ways,2
h,2
bryan,2
socialists,2
committee,2
cornel,2
nineteenth,2
themes,2
geoffrey,2
certainly,2
creation,2
questions,2
taken,2
trend,2
historiography,2
gary,2
tradition,2
theologically,2
narrative,2
studied,2
mills,2
closer,2
cosmopolitan,2
hanna,2
take,2
written,2
henry,2
hostility,2
within,2
daniel,2
backlash,2
americanism,2
case,2
issue,2
side,2
forum,2
attacked,2
albeit,2
money,2
capacity,2
u,2
march,2
welcome,2
buckley,2
election,2
exaggerate,2
radicals,2
politician,2
kan,2
along,2
juvenile,2
parmet,2
rogin,2
garden,2
diversity,2
framework,2
human,2
conflict,2
mistake,2
million,2
centralized,2
disorder,2
interest,2
democrat,2
convention,2
turn,2
nor,2
honored,2
underlying,2
back,2
ithaca,2
response,2
easily,2
gilbert,2
critique,2
leftists,2
repudiated,2
generation,2
acknowledge,2
according,2
compromise,2
reflexively,2
critics,2
simultaneously,2
judiciousness,2
sklar,2
exact,2
bring,2
federal,2
generations,2
ironic,2
reinhold,2
process,2
politicians,2
earlier,2
expelled,2
adversaries,2
republicans,2
neoconservative,2
accounts,2
facilitated,2
days,2
mary,2
weinstein,2
too,2
age,2
four,2
radosh,2
beyond,2
dominant,2
important,2
caucus,2
appear,2
yielding,2
result,2
diggins,2
whom,2
found,2
six,2
kolko,2
dispute,2
further,2
prompt,2
furthermore,2
equal,2
snobs,2
priorities,2
excellent,2
placed,2
however,2
wayne,2
failure,2
mobilization,2
r,2
relief,2
literature,2
abroad,2
received,2
future,2
prominent,2
positions,2
routinely,2
whole,2
purcell,2
gave,2
place,2
people,2
relative,2
trends,2
least,2
hard,2
field,2
useful,2
shaping,2
politically,2
order,2
specifically,2
around,2
customary,2
progress,2
majority,2
cycle,2
value,2
moved,2
rest,2
subsidies,2
republican,2
led,2
second,2
role,2
ironies,2
absence,2
gabriel,2
blessed,2
insiders,2
allen,2
harry,2
thinkers,2
make,2
interpretation,2
appleman,2
serve,2
mission,2
under,2
editorial,2
wright,2
alien,2
avoided,2
starting,2
french,2
law,2
business,2
mark,2
toward,2
slavery,2
limit,2
edsall,2
appeared,2
reform,2
candidate,2
debates,2
arthur,2
administrations,2
man,2
bell,2
patterns,2
enough,2
present,2
where,2
thirties,2
vulnerable,2
belief,2
local,2
credit,2
discussion,2
success,2
made,2
represented,2
unfortunately,2
west,2
vocabulary,2
distanced,2
aesthetic,2
previous,2
students,2
clear,2
moral,2
comparisons,2
workers,2
individual,2
divisions,2
him,2
high,2
losing,2
thomas,2
never,2
communists,2
faith,2
parallel,2
pluralists,2
capitalism,2
schlesinger,2
looked,2
invocations,2
professional,2
ethic,2
european,2
aid,2
usually,2
foreign,2
watergate,2
class,2
lora,2
mood,2
lawrence,2
countries,2
fall,2
surprising,2
education,2
itself,2
legacies,2
believed,2
homogeneity,2
bill,2
biography,2
extensive,2
bush,2
forty,2
over,2
dorrien,2
control,2
proponents,2
expenditures,2
roman,2
current,2
followers,2
scopes,2
past,2
passage,2
better,2
latest,2
show,2
quiet,2
jennings,2
sociologist,2
segregationists,2
pursued,2
produce,2
almost,2
occasionally,2
city,2
despite,2
coughlin,2
zeitgeist,2
swerves,2
programs,2
ranks,2
producer,2
question,2
promoted,2
extremism,2
argument,2
north,2
ignored,2
disappear,2
crisis,2
instead,2
green,2
countersubversive,2
justus,2
already,2
prosperity,2
campaign,2
charles,2
conflated,2
themselves,2
point,2
debate,2
strong,2
recent,2
building,2
nicholas,1
democracy,1
founding,1
mute,1
revisionist,1
doubts,1
convergence,1
stuart,1
declared,1
ajournal,1
modernists,1
will,1
later,1
militants,1
stood,1
created,1
reconsidered,1
legitimate,1
hospitable,1
measures,1
reckoning,1
alone,1
considerably,1
celebrate,1
pushed,1
per,1
reflective,1
caricatured,1
expect,1
replaced,1
larry,1
enhance,1
identify,1
symbolize,1
join,1
blessing,1
neighborhoods,1
likely,1
wattenberg,1
swerve,1
solidarity,1
approaches,1
sensed,1
sure,1
rediscovered,1
establishedthemselves,1
nationalistic,1
perfect,1
isolationist,1
former,1
position,1
western,1
cycles,1
resurgence,1
organic,1
benny,1
evaluating,1
fragile,1
criticizing,1
arguing,1
relativism,1
chief,1
precursors,1
updated,1
assaults,1
brutal,1
highlight,1
pundits,1
being,1
member,1
aside,1
else,1
wrong,1
lexington,1
long,1
every,1
winning,1
identifying,1
production,1
pervasive,1
experimented,1
exaggerated,1
fund,1
obliviousness,1
culturally,1
contrasted,1
centrists,1
board,1
orphan,1
anywhere,1
absolutists,1
stretch,1
advanced,1
nature,1
resemblance,1
noninterventionist,1
embattlement,1
condescending,1
europe,1
interred,1
scientists,1
stringent,1
twenty,1
agrarian,1
contingencies,1
borders,1
feminism,1
ben,1
differences,1
gauls,1
admittedly,1
borne,1
scheme,1
reveal,1
localist,1
launched,1
escalate,1
religion,1
illegitimacy,1
nightmare,1
deemed,1
ofj,1
help,1
halted,1
inadvertently,1
creator,1
copious,1
resorting,1
rudimentary,1
gatekeepers,1
stand,1
influences,1
remainder,1
suburbs,1
reminiscent,1
opposite,1
gays,1
growing,1
reading,1
favoring,1
signs,1
nazism,1
rethinking,1
papers,1
similarities,1
proposals,1
agnew,1
eradicate,1
existence,1
sophisticated,1
forthcoming,1
alfred,1
resumes,1
stretched,1
pulled,1
misunderstood,1
advice,1
sought,1
combatants,1
drastic,1
retain,1
trade,1
jack,1
endorsing,1
account,1
italian,1
soldier,1
possible,1
determined,1
marked,1
enforcement,1
shared,1
jacksonian,1
powers,1
alter,1
insight,1
magazine,1
bland,1
flank,1
mobsters,1
apart,1
supply,1
say,1
unpretentious,1
treating,1
ignores,1
establishment,1
scandal,1
undoubtedly,1
interviews,1
beneath,1
prevented,1
crystallized,1
aberrations,1
signal,1
civility,1
gallup,1
reinvent,1
allocated,1
deserving,1
linguistic,1
endorsements,1
nash,1
delineations,1
unger,1
lining,1
professor,1
due,1
hierarchy,1
silent,1
g,1
integral,1
outrage,1
divine,1
forgotten,1
relatively,1
johnny,1
mixed,1
relations,1
veneer,1
heightened,1
restore,1
insofar,1
codified,1
topic,1
trail,1
contributors,1
fried,1
affairs,1
nigeria,1
disbelief,1
cases,1
defense,1
decisions,1
venerable,1
symptoms,1
legalize,1
footnotes,1
perspective,1
inclinations,1
unions,1
encompass,1
body,1
highest,1
jeansonne,1
restrict,1
holds,1
dean,1
argentine,1
assertive,1
effective,1
misleading,1
conspiracy,1
student,1
look,1
spite,1
vice,1
internationalists,1
irony,1
deeply,1
regulations,1
correctness,1
hardly,1
enrich,1
prosecuting,1
subversion,1
influence,1
word,1
stanley,1
odysseys,1
faubus,1
implementation,1
crusades,1
let,1
battles,1
lindbergh,1
promised,1
glen,1
typified,1
via,1
openness,1
urged,1
dangerously,1
understands,1
german,1
loyaltysecurity,1
preworld,1
identification,1
slights,1
sessions,1
sniegoski,1
main,1
strained,1
respectful,1
watch,1
agitator,1
shibboleth,1
forced,1
joan,1
crash,1
irwin,1
patronage,1
communism,1
knew,1
secularization,1
active,1
connected,1
thing,1
importance,1
se,1
brand,1
hoeveler,1
courted,1
derived,1
parts,1
doubted,1
institutionalized,1
pages,1
kazin,1
empowered,1
danger,1
echoed,1
earl,1
bibliographical,1
devotion,1
gangsters,1
periodic,1
guides,1
proclaimed,1
mcgovern,1
means,1
suspicious,1
modified,1
understand,1
category,1
brunswick,1
adolescents,1
presidents,1
pared,1
genocide,1
wanted,1
metropolis,1
stimson,1
darrow,1
lyndon,1
consider,1
certify,1
dichotomy,1
immigrants,1
stifling,1
established,1
dwight,1
intellectually,1
benefits,1
emergence,1
section,1
consciousness,1
edition,1
spirit,1
dubiously,1
receiving,1
record,1
unemployed,1
argued,1
w,1
heineman,1
zionist,1
clash,1
exploited,1
recovered,1
allswang,1
consequential,1
neibuhr,1
enamored,1
nominee,1
consequence,1
votes,1
instance,1
answers,1
yes,1
senators,1
mocking,1
antecedents,1
strategy,1
boosterism,1
drawing,1
cut,1
view,1
bureaucracy,1
whereas,1
contention,1
worries,1
acheson,1
lead,1
misses,1
athan,1
brennan,1
concentration,1
demagogues,1
prayer,1
folsom,1
critic,1
opposing,1
begun,1
naturalism,1
missouri,1
centers,1
lived,1
prim,1
out,1
changed,1
internationalist,1
aloof,1
noting,1
bizarre,1
philosophical,1
coalitions,1
respects,1
term,1
big,1
embedded,1
congruent,1
executor,1
traced,1
understood,1
silver,1
poverty,1
biographies,1
cuts,1
impeded,1
czechoslovakia,1
attackers,1
mate,1
treat,1
comics,1
recently,1
produced,1
applied,1
scammon,1
russell,1
ford,1
osborne,1
guidance,1
fox,1
rackets,1
premise,1
marxists,1
fundamentalism,1
torpor,1
affair,1
wills,1
technical,1
orval,1
aspects,1
improve,1
undermined,1
taxes,1
gained,1
diction,1
traditionalist,1
trial,1
genre,1
line,1
nomination,1
formerly,1
inferred,1
lapses,1
scope,1
program,1
spiro,1
quayle,1
vote,1
preferred,1
competent,1
ku,1
concept,1
brought,1
competing,1
apparent,1
reduction,1
revealed,1
description,1
criticized,1
rubin,1
restructuring,1
surprise,1
intentionally,1
eurocentric,1
sexually,1
used,1
roll,1
overview,1
fit,1
older,1
isolationism,1
policies,1
postulated,1
broad,1
partly,1
contains,1
mcquaid,1
speaking,1
call,1
documented,1
poll,1
swift,1
nazi,1
newspaper,1
sensibility,1
manage,1
stanford,1
fought,1
alan,1
strengthened,1
rendered,1
ethnicity,1
assembly,1
diverted,1
minds,1
dispenses,1
abolish,1
redistribution,1
aspired,1
wariness,1
tone,1
creating,1
lipset,1
running,1
accused,1
protestantism,1
correct,1
successful,1
working,1
questionable,1
tom,1
reliable,1
grew,1
initiative,1
win,1
catholic,1
byrne,1
seymour,1
imposition,1
insecurities,1
sixty,1
arbitrary,1
emerging,1
subvert,1
involved,1
family,1
hemisphere,1
spanish,1
sufficient,1
consensus,1
feeling,1
propelled,1
highly,1
forrestal,1
psychological,1
garry,1
research,1
decline,1
secrecy,1
essentially,1
olasky,1
contenders,1
telling,1
classrooms,1
fully,1
barely,1
up,1
claude,1
dependent,1
mobilizations,1
hayden,1
pa,1
paid,1
notice,1
reporters,1
appropriate,1
crime,1
provided,1
lincoln,1
finds,1
criminals,1
sophistication,1
enjoy,1
activities,1
seemed,1
unimaginable,1
subsequently,1
attacks,1
survived,1
transforming,1
subversive,1
battle,1
critical,1
uncommon,1
defended,1
crescendo,1
timeless,1
temperament,1
reduced,1
equality,1
matter,1
elimination,1
nativism,1
scientific,1
nonrational,1
wary,1
action,1
insouciance,1
distorted,1
wrote,1
revival,1
labeled,1
expansion,1
play,1
reinterpreted,1
tried,1
return,1
unconscious,1
acknowledged,1
classic,1
eminent,1
prospered,1
yugoslavia,1
irreverent,1
purports,1
lies,1
exception,1
leon,1
mcgovernite,1
boss,1
july,1
reconstruction,1
polemical,1
expanded,1
standing,1
unprecedented,1
backdrop,1
perennial,1
southern,1
trivialize,1
strategic,1
put,1
reception,1
innovation,1
qualms,1
year,1
label,1
hollywood,1
precipitated,1
racism,1
fair,1
rancid,1
coverage,1
cleveland,1
read,1
misunderstand,1
requiring,1
paradox,1
alongside,1
hegemonic,1
deflect,1
clergy,1
fifth,1
faltering,1
challenged,1
us,1
neither,1
thesis,1
management,1
arguments,1
participants,1
included,1
home,1
falls,1
antipoverty,1
assistance,1
liberties,1
amazon,1
heirs,1
ky,1
baltimore,1
inferences,1
kutler,1
dan,1
sandbox,1
experiment,1
industrial,1
insights,1
parties,1
gay,1
ritualistically,1
badge,1
increasingly,1
regional,1
sector,1
sketch,1
elect,1
rockwell,1
wightman,1
fellow,1
disposition,1
lucid,1
name,1
bureaucrat,1
neoconservatives,1
disruptiveness,1
popularity,1
stories,1
fell,1
astutely,1
figure,1
again,1
renewed,1
deserves,1
similarly,1
ask,1
schoolbooks,1
motifs,1
inquisition,1
daly,1
rock,1
added,1
locution,1
analytical,1
lobby,1
lacked,1
fact,1
expose,1
longer,1
diminishing,1
insidious,1
reinvention,1
unparalleled,1
treatment,1
overwhelming,1
underestimated,1
isms,1
professed,1
nineties,1
pressure,1
striking,1
enlarging,1
niebuhr,1
creeping,1
regulation,1
children,1
break,1
personal,1
fallen,1
novelists,1
reductionist,1
end,1
overwhelmingly,1
contemporary,1
charges,1
fashion,1
clearing,1
beliefs,1
serious,1
anne,1
minister,1
rhetoric,1
honor,1
careers,1
dichotomized,1
took,1
klan,1
schaller,1
monographs,1
decisively,1
ground,1
chain,1
manner,1
road,1
prophets,1
continuing,1
developing,1
existing,1
undaunted,1
answer,1
confrontation,1
lewisburg,1
unanticipated,1
explicit,1
necessary,1
radicalism,1
wartime,1
appropriating,1
volatile,1
berman,1
progressivism,1
controversy,1
style,1
entrepreneurial,1
free,1
deficit,1
touch,1
charted,1
argues,1
hesitate,1
analyzed,1
understanding,1
spending,1
persona,1
missionary,1
libertarians,1
mccarthyism,1
robertson,1
examples,1
restrictions,1
celebrations,1
conn,1
brady,1
disagree,1
hundred,1
contours,1
unreconstructed,1
countersubversion,1
enormous,1
delinquent,1
increase,1
manifestations,1
versa,1
blum,1
budget,1
waste,1
combining,1
use,1
distrust,1
persisted,1
radio,1
kefauver,1
shopping,1
rhetorically,1
circumstance,1
recovery,1
merit,1
examination,1
baffling,1
subsidizing,1
nationalism,1
partisan,1
office,1
dime,1
complicated,1
described,1
finally,1
versions,1
deploring,1
significance,1
craving,1
crises,1
subtle,1
diplomacy,1
reality,1
authors,1
polarized,1
welcomed,1
language,1
agreement,1
dominated,1
victory,1
objection,1
interpret,1
diplomats,1
held,1
widen,1
belongs,1
teeters,1
reformers,1
tribal,1
revolves,1
kept,1
kramer,1
carson,1
viscerally,1
chic,1
black,1
lose,1
latter,1
spent,1
favored,1
nra,1
internal,1
commentators,1
chapel,1
sensible,1
racketeers,1
interpretations,1
respectively,1
britain,1
sentiments,1
detente,1
enjoyed,1
mr,1
patterson,1
seeking,1
comfortably,1
rhetorical,1
figures,1
save,1
saw,1
haven,1
connections,1
caution,1
kusnet,1
modifications,1
propose,1
investigations,1
mainstreaming,1
immigration,1
widely,1
paranoid,1
decision,1
stagflation,1
consequences,1
reinventing,1
indicted,1
departs,1
accepting,1
fifty,1
autumn,1
fascism,1
commentator,1
declaration,1
today,1
belonged,1
raise,1
protest,1
hofstadter,1
mixture,1
sometimes,1
kenneth,1
amenican,1
impressive,1
ideology,1
foster,1
fear,1
hill,1
dig,1
celebration,1
widespread,1
reorchestrated,1
independence,1
cuba,1
reason,1
army,1
fdr,1
venues,1
yale,1
bears,1
force,1
juan,1
schlesingerian,1
lives,1
philosopher,1
contribution,1
deflected,1
wilson,1
transformation,1
legitimacy,1
recognize,1
fervent,1
changes,1
institutionally,1
stimulate,1
efficiency,1
construction,1
analysis,1
globalism,1
norton,1
marched,1
hope,1
nationalization,1
censured,1
types,1
tacticians,1
exists,1
sound,1
premier,1
gid,1
regularly,1
pepper,1
matters,1
detail,1
entertain,1
cannon,1
publicly,1
penitent,1
then,1
monument,1
historian,1
mccloy,1
sorting,1
merges,1
deep,1
gettysburg,1
founded,1
filmmakers,1
contradiction,1
simply,1
ever,1
invoked,1
scolding,1
dissident,1
irrepressible,1
glamour,1
supported,1
estes,1
md,1
loving,1
meat,1
unseemly,1
affirmative,1
lou,1
downfall,1
korean,1
favorably,1
grover,1
each,1
scares,1
cox,1
expatriate,1
multiculturalism,1
regionalism,1
legitimated,1
interested,1
seem,1
delinquents,1
leaders,1
restrictive,1
dukakis,1
tandem,1
cyclical,1
marvin,1
domestic,1
draws,1
traditionalists,1
particularly,1
stretching,1
intro,1
theology,1
gaebler,1
brazil,1
proved,1
narrowed,1
conscription,1
examining,1
closest,1
prospects,1
works,1
type,1
ancestors,1
senate,1
outflanking,1
evident,1
turned,1
americanists,1
following,1
cosmopolitanism,1
specter,1
drop,1
overestimating,1
scholarly,1
johnson,1
patrician,1
recession,1
rockets,1
combined,1
unique,1
reactions,1
implicit,1
whether,1
stumping,1
rising,1
evangelical,1
calif,1
depended,1
westbrook,1
suspicions,1
agricultural,1
attitudes,1
statement,1
ruin,1
sunk,1
distancing,1
leaving,1
insightful,1
secure,1
kaufman,1
gender,1
noticed,1
minimal,1
don,1
agreed,1
psychology,1
phenomena,1
gottfried,1
suspicion,1
categories,1
ivan,1
burden,1
twang,1
remember,1
universities,1
epithet,1
joseph,1
code,1
conspiratorial,1
peace,1
lifetime,1
kin,1
ijoeveler,1
prevalent,1
charisma,1
became,1
republic,1
giving,1
predecessors,1
turns,1
plans,1
disciplines,1
respectable,1
adapted,1
conventional,1
twenties,1
reconstruct,1
underestimate,1
summarizes,1
memories,1
families,1
rebels,1
theoharis,1
gain,1
coming,1
store,1
complaints,1
analysts,1
pakistan,1
woodrow,1
campus,1
belated,1
ted,1
klux,1
berkowitz,1
enthusiasm,1
devoted,1
ultimately,1
tell,1
presidencies,1
unable,1
editor,1
notes,1
doubting,1
cambridge,1
wis,1
twentieth,1
camps,1
numerous,1
washington,1
charge,1
trap,1
publicized,1
ended,1
neb,1
offer,1
joined,1
include,1
typically,1
define,1
resembled,1
range,1
evidence,1
reflexive,1
colleagues,1
discounted,1
polled,1
hinder,1
philosophy,1
salience,1
mellow,1
chastised,1
madison,1
remains,1
shift,1
increased,1
ranged,1
archaic,1
policy,1
worried,1
am,1
caveats,1
intercollegiate,1
blacks,1
searching,1
clashes,1
actions,1
certainty,1
colorful,1
third,1
meaning,1
succeeded,1
vary,1
reached,1
create,1
norman,1
views,1
import,1
kim,1
entire,1
little,1
pat,1
abandoned,1
comparable,1
drew,1
beings,1
profiles,1
hilton,1
virtue,1
close,1
restriction,1
retrospect,1
looking,1
wilsonian,1
