WORDCOUNTS,WEIGHT
the,869
of,591
and,407
to,365
in,274
a,260
that,165
as,142
s,125
for,88
by,83
political,72
an,67
was,65
on,65
commission,63
truth,60
ceh,59
violence,57
with,53
rights,51
from,51
military,50
historical,50
its,49
not,48
social,47
or,47
is,47
human,46
it,42
state,42
their,42
be,42
commissions,41
report,41
but,39
this,38
history,37
guatemala,36
which,33
end,33
national,32
they,31
past,31
de,30
del,30
american,29
war,29
were,29
chile,28
between,28
nino,28
such,27
argentina,27
law,26
who,26
have,26
memoria,25
february,25
into,24
review,24
than,24
had,24
silencio,24
more,24
would,24
legal,23
la,23
those,22
latin,22
start,22
new,22
democracy,21
yet,21
justice,21
through,21
terror,20
rule,19
reconciliation,19
both,19
final,18
rather,18
see,18
while,18
society,18
groups,17
victims,17
his,17
what,17
alfonsin,16
power,16
government,16
america,15
no,15
coup,15
violations,15
at,14
great,14
nationalism,14
liberal,14
collective,14
order,14
grandin,14
pinochet,14
analysis,14
catastrophe,13
greg,13
politics,13
against,13
argentine,13
most,13
out,13
future,13
trials,13
evil,13
many,13
instruction,13
armed,13
nacional,13
are,13
has,12
work,12
during,12
rettig,12
one,11
policy,11
first,11
committed,11
chilean,11
left,11
could,11
radical,11
up,11
transition,11
repression,11
often,11
el,10
racism,10
york,10
allende,10
responsibility,10
south,10
led,10
economic,10
about,10
these,10
only,10
where,10
values,10
moral,10
individual,10
zalaquett,10
over,10
country,10
writes,10
crisis,10
either,9
all,9
other,9
some,9
conflict,9
relations,9
defense,9
without,9
part,9
civil,9
officers,9
he,9
also,9
number,9
including,9
after,9
criminal,9
prosecutions,9
contrast,9
any,9
jurists,9
did,9
acts,9
particularly,9
them,9
institutional,9
group,8
conadep,8
case,8
thus,8
turn,8
y,8
how,8
democratic,8
well,8
world,8
authoritarianism,8
interpretation,8
two,8
plan,8
understanding,8
made,8
mayan,8
allowed,8
so,8
institutions,8
system,8
genocide,8
ideological,8
presented,8
formation,8
struggle,7
interests,7
leading,7
buenos,7
within,7
primary,7
due,7
even,7
polarization,7
university,7
came,7
called,7
international,7
cultural,7
procedures,7
public,7
nation,7
influence,7
insurgency,7
identified,7
sobre,7
intolerance,7
communities,7
security,7
toward,7
aires,7
establish,7
approach,7
essay,7
movements,7
constitutional,7
u,7
roots,7
years,7
need,7
campaign,7
designed,6
forgiveness,6
unlike,6
being,6
genocidal,6
individuals,6
desire,6
esclarecimiento,6
there,6
last,6
establishment,6
throughout,6
carlos,6
cases,6
process,6
support,6
abuses,6
conclusions,6
informe,6
argued,6
based,6
directly,6
place,6
people,6
forces,6
massacres,6
cold,6
brought,6
describes,6
serve,6
under,6
larger,6
ideas,6
previous,6
period,6
advisors,6
para,6
africa,6
been,6
retributive,6
army,6
responsible,6
verdad,6
mayans,6
itself,6
guatemalan,6
regime,6
too,6
role,6
instead,6
evidence,6
weber,6
much,6
way,5
extreme,5
needed,5
taken,5
parties,5
take,5
subsequent,5
help,5
context,5
account,5
along,5
labor,5
pursuit,5
response,5
ongoing,5
means,5
established,5
prevent,5
osiel,5
conflicts,5
demands,5
events,5
personas,5
late,5
relatives,5
used,5
psychological,5
deeply,5
president,5
breakdown,5
anomie,5
own,5
officials,5
when,5
disappearances,5
actions,5
return,5
christian,5
hold,5
relationship,5
colonial,5
starting,5
mark,5
again,5
put,5
efforts,5
tomuschat,5
reform,5
debates,5
patterns,5
took,5
present,5
eds,5
durkheim,5
discussion,5
amnesty,5
causes,5
modernization,5
can,5
liberalism,5
united,5
norms,5
drew,5
refused,5
just,5
game,5
according,5
less,5
particular,5
debate,5
became,5
recent,5
ended,5
contributed,5
land,5
define,5
little,5
common,4
if,4
likewise,4
continent,4
studies,4
arguing,4
refusal,4
official,4
words,4
definition,4
cohesion,4
resulting,4
atrocities,4
sought,4
possible,4
far,4
conception,4
dirty,4
make,4
development,4
ethical,4
since,4
september,4
insisted,4
document,4
body,4
drawn,4
acted,4
testimony,4
doctrine,4
represented,4
similar,4
certain,4
lay,4
consequences,4
perpetrators,4
statistical,4
four,4
j,4
jurisprudence,4
opposition,4
mandate,4
intellectuals,4
punishment,4
further,4
understood,4
however,4
possibility,4
participation,4
trial,4
example,4
description,4
describe,4
cone,4
tolerance,4
massacre,4
allies,4
lawyers,4
inquiries,4
trc,4
value,4
avoid,4
therefore,4
second,4
indigenous,4
nearly,4
southern,4
strategic,4
structural,4
examined,4
members,4
organizations,4
dictatorship,4
break,4
deep,4
aylwin,4
largely,4
salvador,4
full,4
office,4
described,4
language,4
spread,4
prosecution,4
pluralism,4
anderson,4
crimes,4
we,4
attention,4
militancy,4
convened,4
oglesby,4
began,4
legitimacy,4
class,4
then,4
following,4
existence,4
ever,4
known,4
very,4
procedural,4
believed,4
despite,4
november,4
our,4
come,4
states,4
justify,4
element,4
focus,4
should,4
mostly,3
o,3
ethics,3
concerned,3
later,3
cia,3
trans,3
dissolution,3
solidarity,3
decade,3
acceptance,3
position,3
different,3
said,3
member,3
long,3
creation,3
attempts,3
chaos,3
vols,3
emerged,3
nature,3
hatred,3
unjust,3
narrative,3
hannah,3
court,3
argue,3
i,3
course,3
investigations,3
motivated,3
cause,3
task,3
mass,3
right,3
planters,3
shared,3
richard,3
say,3
demanded,3
introduction,3
prevented,3
intervention,3
framework,3
phase,3
historically,3
facts,3
professor,3
moment,3
vengeance,3
forced,3
kind,3
unity,3
concerning,3
young,3
disruptions,3
opposed,3
poor,3
essential,3
aimed,3
absent,3
investigation,3
notion,3
executions,3
clarification,3
reason,3
minow,3
section,3
n,3
commonly,3
max,3
origins,3
beyond,3
peru,3
important,3
decades,3
strengthen,3
disappeared,3
friends,3
greater,3
result,3
whom,3
testimonies,3
agenda,3
blamed,3
struggles,3
focused,3
population,3
obedience,3
explain,3
required,3
scope,3
goswami,3
london,3
communication,3
criticized,3
personal,3
causal,3
caused,3
revolution,3
commissioner,3
cardoso,3
methodological,3
always,3
cycle,3
preliminary,3
moved,3
will,3
impunity,3
defended,3
may,3
action,3
ethically,3
reference,3
arendt,3
repressive,3
counterinsurgency,3
passions,3
appeals,3
indians,3
reports,3
name,3
death,3
addition,3
torture,3
diverse,3
john,3
forms,3
jaime,3
do,3
equitable,3
necessary,3
dictatorial,3
explicitly,3
posel,3
degree,3
violent,3
terrorism,3
private,3
findings,3
use,3
operated,3
morality,3
ethnic,3
continue,3
clear,3
jose,3
counterinsurgent,3
august,3
high,3
reconciliacion,3
morals,3
percent,3
postwar,3
story,3
regimes,3
stage,3
dictatorships,3
raise,3
provide,3
schabas,3
ideology,3
imperatives,3
vague,3
force,3
wilson,3
countries,3
motive,3
unacceptable,3
detail,3
school,3
reinforced,3
extension,3
alternative,3
uruguay,3
each,3
paper,3
december,3
global,3
donnell,3
universal,3
foundation,3
beginning,3
terms,3
making,3
accounts,3
series,3
radicalization,3
early,3
influenced,3
generally,3
hundreds,3
universe,3
popular,3
bodies,3
simply,3
city,3
african,3
recommendations,3
step,3
confronted,3
measure,3
divided,3
families,3
nunca,3
intent,3
proceduralism,3
cambridge,3
initiated,3
accept,3
trauma,3
here,3
santiago,3
integration,3
attempted,3
potential,3
fears,3
instance,3
among,3
corporatism,3
building,3
close,3
tragic,3
courts,2
countryside,2
difficult,2
go,2
does,2
now,2
reluctance,2
ambivalence,2
meaning,2
names,2
guerilla,2
commitment,2
pushed,2
episodes,2
resulted,2
e,2
measures,2
benedict,2
constitution,2
church,2
large,2
agency,2
authority,2
ways,2
h,2
coalition,2
arbenz,2
transparency,2
considerations,2
protection,2
justified,2
henrique,2
ian,2
occurred,2
guillermo,2
before,2
nineteenth,2
princeton,2
experience,2
videla,2
else,2
www,2
sources,2
entailed,2
patricio,2
attempt,2
allow,2
contextual,2
scientists,2
secondary,2
together,2
borders,2
highland,2
julie,2
mind,2
intelligence,2
epistemological,2
fernando,2
roxborough,2
accountability,2
doctrinary,2
felt,2
prior,2
establishing,2
election,2
foreigners,2
reaction,2
functions,2
move,2
vital,2
emile,2
point,2
laws,2
dynamic,2
above,2
chronic,2
reality,2
collection,2
regarding,2
central,2
component,2
accountable,2
objective,2
rotberg,2
becoming,2
forgotten,2
ability,2
conducted,2
rooted,2
century,2
fortify,2
transitional,2
detention,2
malvinas,2
destroyed,2
tutu,2
divisions,2
harmony,2
channels,2
served,2
bolivia,2
essays,2
instruments,2
journal,2
tentatively,2
general,2
insurgent,2
compromise,2
hayner,2
failed,2
whose,2
destroy,2
stop,2
basic,2
influential,2
communism,2
convicted,2
adopted,2
killing,2
goes,2
titled,2
wake,2
pages,2
pardoned,2
factors,2
update,2
supposed,2
mersky,2
sovereignty,2
descent,2
driven,2
days,2
desmond,2
impact,2
nationals,2
tortura,2
unspeakable,2
followed,2
problems,2
exploitation,2
puts,2
boraine,2
strategy,2
stands,2
methodology,2
massera,2
http,2
argentines,2
societies,2
formulations,2
found,2
search,2
effort,2
deal,2
light,2
survivors,2
predecessor,2
initial,2
term,2
unions,2
equally,2
recently,2
produced,2
sentence,2
approached,2
negotiated,2
conceit,2
because,2
failure,2
closed,2
received,2
already,2
los,2
protected,2
concept,2
purpose,2
tenure,2
loss,2
year,2
gave,2
structures,2
justification,2
away,2
surrounding,2
realms,2
manu,2
project,2
sanction,2
polity,2
healing,2
violated,2
responses,2
working,2
socialist,2
org,2
transgressions,2
protest,2
catholic,2
deborah,2
theater,2
consolidation,2
prologue,2
breaking,2
arbitrariness,2
majority,2
crime,2
provided,2
alejandro,2
nations,2
threatened,2
cuban,2
back,2
nonetheless,2
agreed,2
carried,2
menem,2
wrote,2
comparative,2
limited,2
play,2
argues,2
community,2
vocation,2
judgment,2
landed,2
transgressing,2
negotiations,2
movement,2
cultivate,2
backed,2
fighting,2
edited,2
lux,2
elaboration,2
sociologists,2
rules,2
suspicious,2
clash,2
specifics,2
included,2
same,2
al,2
increasingly,2
revenge,2
decomposition,2
published,2
continued,2
literacy,2
worst,2
theorist,2
science,2
sabato,2
discussions,2
french,2
dismissed,2
passed,2
others,2
rabossi,2
added,2
projects,2
head,2
fact,2
lack,2
underwrote,2
pressure,2
instability,2
documented,2
witnesses,2
time,2
dispassionate,2
contemporary,2
doubt,2
indictments,2
never,2
racist,2
urban,2
drove,2
psychic,2
operating,2
model,2
confrontation,2
practice,2
ahead,2
focusing,2
books,2
civilian,2
oligarchy,2
remained,2
another,2
thousands,2
subpoena,2
abide,2
prevention,2
increase,2
weschler,2
generate,2
assumption,2
harvard,2
variables,2
mds,2
examination,2
truths,2
three,2
soldiers,2
health,2
logic,2
interpret,2
held,2
augusto,2
like,2
function,2
him,2
miracle,2
administrative,2
provides,2
alive,2
faith,2
graves,2
bethell,2
methods,2
interpretations,2
overcome,2
examine,2
sacred,2
v,2
workshop,2
saw,2
overthrow,2
haven,2
quarterly,2
limites,2
achieve,2
concluded,2
division,2
increasing,2
staffed,2
suggestion,2
assigned,2
marcie,2
alex,2
guerrillas,2
foreign,2
claimed,2
leslie,2
ordinary,2
lost,2
un,2
seen,2
cathartic,2
implementing,2
fall,2
hope,2
face,2
stable,2
fought,2
considered,2
addressed,2
sections,2
wars,2
dictator,2
associated,2
conclusion,2
version,2
principles,2
circumstances,2
responsabilidad,2
founded,2
extensive,2
guerrilla,2
command,2
set,2
belief,2
principle,2
east,2
exigencies,2
best,2
inquiry,2
contradictory,2
examining,2
anticommunism,2
thompson,2
better,2
places,2
turned,2
socioeconomic,2
defend,2
william,2
realities,2
avoidance,2
march,2
protections,2
nationalist,2
ones,2
brutal,2
sociology,2
imposed,2
atrocity,2
maintain,2
distribution,2
pitted,2
views,2
constitutionalism,2
suggests,2
categories,2
fourteen,2
martha,2
portraying,2
multiple,2
ruled,2
guatemalans,2
peace,2
predecessors,2
subject,2
assumptions,2
demanding,2
rebels,2
impartiality,2
goals,2
susceptible,2
until,2
lists,2
conditions,2
finally,2
dangerous,2
joined,2
although,2
enabling,2
mandates,2
product,2
affirmation,2
willingness,2
shift,2
increased,2
needs,2
offered,2
specific,2
charles,2
anticommunist,2
certainty,2
themselves,2
supply,2
chicago,2
create,2
dark,2
taylor,2
successive,2
penal,2
horror,1
compile,1
reactive,1
pais,1
ending,1
huntington,1
helped,1
currently,1
healey,1
done,1
anticipated,1
otilia,1
obligations,1
limits,1
calibrated,1
implemented,1
protests,1
trick,1
celebrants,1
declassified,1
stood,1
prize,1
created,1
engendered,1
market,1
administered,1
clashing,1
struggled,1
legitimate,1
naming,1
filing,1
connection,1
announced,1
inferior,1
diane,1
adoption,1
poorer,1
ultimate,1
spurred,1
obliquely,1
defenses,1
disregard,1
systemic,1
coups,1
germany,1
passing,1
sympathetic,1
identifies,1
conversion,1
heal,1
complex,1
denied,1
extrajudicial,1
instructions,1
fate,1
diplomatic,1
ungovernable,1
nigeria,1
neighborhoods,1
absolutist,1
openness,1
true,1
english,1
motivation,1
strictly,1
pressing,1
tense,1
conjectures,1
unraveling,1
favor,1
notwithstanding,1
boulder,1
forestall,1
equivalency,1
transcendent,1
spirit,1
clandestine,1
ideals,1
deny,1
worldviews,1
ceremonial,1
servitude,1
western,1
gerth,1
resurgence,1
character,1
split,1
organic,1
title,1
laid,1
behavior,1
amply,1
total,1
dress,1
sr,1
advocate,1
edu,1
variety,1
eager,1
chief,1
liberation,1
sequential,1
societal,1
dissipate,1
conjecture,1
properties,1
women,1
hoping,1
efficacy,1
exterminate,1
lower,1
painful,1
disgraced,1
expanding,1
cast,1
corey,1
defeated,1
militza,1
humanos,1
universally,1
landsman,1
unearthed,1
undermine,1
stabilization,1
sympathizers,1
revalued,1
philosophers,1
electoral,1
modest,1
hence,1
every,1
constituting,1
psychoanalytical,1
destroying,1
extraction,1
supposedly,1
inexorable,1
preceding,1
posed,1
interested,1
ii,1
implications,1
give,1
rested,1
irigoyen,1
might,1
address,1
investments,1
darkness,1
terrain,1
initially,1
worked,1
virulent,1
england,1
hazy,1
historiography,1
reestablish,1
latent,1
regrettable,1
possibilities,1
summation,1
maya,1
professions,1
advantage,1
legalistic,1
suggesting,1
accompanied,1
reasons,1
thank,1
whatever,1
hesitation,1
tautological,1
blind,1
fully,1
normative,1
base,1
confront,1
obeyed,1
mills,1
disappearance,1
link,1
composition,1
carnegie,1
achieved,1
damage,1
reoccurrence,1
johnstone,1
date,1
unspecified,1
emphasized,1
greatly,1
respond,1
precisely,1
henry,1
raised,1
stayed,1
staff,1
robert,1
current,1
embody,1
suspension,1
temporary,1
discipline,1
illiberal,1
civica,1
fanaticism,1
desaparicion,1
barred,1
deduced,1
papers,1
associates,1
determinative,1
citizenship,1
nagel,1
british,1
nowhere,1
voting,1
documenting,1
issue,1
side,1
acknowledged,1
eradicate,1
globe,1
takes,1
preventing,1
forum,1
provoke,1
advocates,1
pretext,1
cabinet,1
catastrophes,1
reconstruction,1
toto,1
merits,1
historians,1
captures,1
berryman,1
advice,1
anticipa,1
invok,1
politicized,1
amplified,1
firm,1
advisory,1
objectives,1
draw,1
drastic,1
disseminated,1
crowd,1
cheyre,1
commencement,1
suicide,1
affirming,1
police,1
powerlessness,1
recommended,1
marked,1
upward,1
ered,1
activity,1
tracing,1
disseminate,1
adopting,1
pronouncements,1
prism,1
crossed,1
carlota,1
susie,1
apart,1
taking,1
interdisciplinary,1
supervision,1
handicaps,1
issuance,1
ignores,1
resources,1
cited,1
liberals,1
creatively,1
constrained,1
plunge,1
irrational,1
economies,1
marginalized,1
stirring,1
inventory,1
adding,1
pursuing,1
shut,1
diversity,1
distill,1
exist,1
componente,1
mistake,1
goal,1
denying,1
collapse,1
ronald,1
professionalism,1
experiences,1
que,1
beating,1
hateful,1
targeting,1
documento,1
redeemed,1
roiled,1
immediate,1
roger,1
dynamics,1
reject,1
exclusivist,1
arno,1
run,1
visited,1
premises,1
applicable,1
afterthought,1
integral,1
author,1
abusers,1
klubock,1
vergara,1
homes,1
faces,1
decided,1
sustain,1
amounts,1
coordinador,1
afford,1
issued,1
dame,1
application,1
dubbed,1
manifiesto,1
reproduced,1
codified,1
topic,1
inversion,1
marxism,1
arena,1
entrega,1
remembering,1
commissariat,1
distinct,1
nor,1
theorists,1
deeds,1
demons,1
legally,1
legacy,1
displays,1
simpson,1
debatable,1
refer,1
amount,1
disinclined,1
contrary,1
deterrent,1
serving,1
inhumanity,1
concert,1
six,1
generated,1
pouring,1
applying,1
racialist,1
single,1
vancouver,1
publications,1
centrist,1
weakening,1
networks,1
formulate,1
explore,1
mirrored,1
suitability,1
wereintolerant,1
student,1
overflowed,1
garro,1
slightest,1
look,1
border,1
citizen,1
departed,1
traced,1
leadership,1
cooperative,1
crawford,1
generation,1
immunity,1
subversion,1
suffering,1
ment,1
referring,1
contributing,1
insurgents,1
mechanism,1
toso,1
jurist,1
juridical,1
impartial,1
book,1
higher,1
employ,1
talks,1
wounds,1
steps,1
elitism,1
depiction,1
asserted,1
recognized,1
americans,1
town,1
dangerously,1
subordination,1
german,1
russian,1
predicted,1
operations,1
commune,1
timor,1
exposing,1
sets,1
observers,1
bring,1
portrayed,1
sentences,1
highlands,1
fusion,1
activists,1
untold,1
carefully,1
repeal,1
jtica,1
en,1
assassination,1
delegitimizing,1
capture,1
mean,1
comparable,1
knew,1
amputation,1
una,1
unreflective,1
duro,1
guided,1
fever,1
heard,1
coffee,1
associate,1
earlier,1
progressive,1
importance,1
b,1
se,1
derived,1
direct,1
enervated,1
reconcile,1
preservation,1
elaborate,1
symbols,1
crusade,1
reforms,1
venue,1
nelson,1
augmented,1
xxx,1
reinforce,1
front,1
verbitsky,1
valuation,1
plaza,1
category,1
suppression,1
susceptibility,1
insistence,1
inauguration,1
ensure,1
wages,1
legitimizing,1
postmodern,1
plural,1
charges,1
counterparts,1
forget,1
reverberates,1
occasioning,1
signed,1
improvement,1
imprimatur,1
imposing,1
retained,1
spreading,1
languages,1
organized,1
peasants,1
peasant,1
devoting,1
entrenched,1
workplace,1
consolidate,1
duke,1
elsewhere,1
consciousness,1
edition,1
ideologies,1
welfare,1
corpses,1
instrument,1
fore,1
observations,1
threat,1
adversario,1
unavoidable,1
resorted,1
experienced,1
filed,1
wire,1
recovered,1
voluminous,1
follow,1
erupted,1
cuba,1
incurious,1
defeat,1
isolation,1
dahl,1
consequence,1
punishable,1
enjoys,1
agent,1
sanford,1
derechos,1
hereafter,1
method,1
capacity,1
permanent,1
portrays,1
absolute,1
injustice,1
ruin,1
instill,1
dominant,1
care,1
weighed,1
m,1
symbolized,1
provisional,1
opinion,1
suggested,1
absurdum,1
drawing,1
burbach,1
view,1
reflections,1
enacting,1
challenges,1
cubansoviet,1
opening,1
expressed,1
skewed,1
desaparecidos,1
closely,1
advance,1
formidable,1
remembered,1
applause,1
decay,1
columbia,1
unrepentant,1
priori,1
abandoning,1
unfolding,1
pasa,1
mainspring,1
limbs,1
africans,1
obstinacy,1
replicate,1
conservative,1
protector,1
strength,1
narrated,1
adhered,1
ambiguity,1
embracing,1
centers,1
cleavages,1
furies,1
jettisoned,1
owen,1
graeme,1
graduates,1
tremble,1
propulsion,1
vigorous,1
effects,1
commiti,1
passionate,1
liz,1
big,1
jacobo,1
accords,1
lead,1
embedded,1
softly,1
reinstatement,1
executor,1
supporters,1
eased,1
consciences,1
psychologically,1
recurrences,1
silence,1
dismissive,1
mediated,1
interruption,1
viewed,1
twelvevolume,1
companies,1
intensity,1
cannot,1
suffered,1
convening,1
plans,1
ferocious,1
groundwork,1
energy,1
presided,1
perform,1
guarantee,1
fetuses,1
enough,1
bureaucratization,1
premise,1
sacrifice,1
elastic,1
murders,1
margen,1
suspended,1
information,1
affair,1
aspects,1
kitchen,1
kathryn,1
torn,1
sites,1
abuse,1
retribution,1
parable,1
eduardo,1
unequal,1
network,1
basis,1
judiciary,1
betrayed,1
accounting,1
line,1
revealed,1
modesty,1
militarized,1
arzu,1
dealbreaking,1
climb,1
solemnize,1
mayer,1
sadism,1
avery,1
mobilization,1
emphasis,1
instituted,1
vote,1
preferred,1
imagined,1
teoria,1
prominent,1
modular,1
differ,1
competing,1
andlisis,1
sociohistorical,1
related,1
lays,1
homeland,1
data,1
relationrights,1
thoughts,1
aligned,1
excessive,1
feared,1
caught,1
though,1
neutrality,1
intentionally,1
whole,1
database,1
corrupt,1
ghana,1
policies,1
overtly,1
breakthrough,1
demonstrates,1
records,1
ladinos,1
unrestricted,1
victimizers,1
middle,1
astutely,1
probative,1
vociferous,1
notre,1
et,1
okla,1
radicalized,1
salazar,1
spends,1
illustrative,1
legalizing,1
weekly,1
accord,1
regional,1
sensibility,1
confession,1
resort,1
appetites,1
won,1
interpreted,1
ley,1
foes,1
visions,1
cornerstone,1
assembly,1
tempered,1
indexed,1
minds,1
manipulation,1
dissolving,1
researchers,1
regions,1
citing,1
preceded,1
good,1
change,1
exemplary,1
lipset,1
solution,1
least,1
closing,1
harper,1
atavistic,1
sense,1
successful,1
chairperson,1
describing,1
level,1
fulfilled,1
tight,1
descriptive,1
commissioning,1
constituent,1
fix,1
tom,1
panel,1
excuse,1
indicators,1
next,1
fury,1
pacifists,1
militant,1
synthesized,1
raul,1
emerging,1
event,1
sake,1
involved,1
around,1
family,1
divisive,1
summon,1
indictment,1
spanish,1
modernizing,1
tyrants,1
characteristics,1
sufficient,1
consensus,1
few,1
pregnant,1
concerns,1
highly,1
ship,1
bridge,1
weberian,1
executed,1
governments,1
disaster,1
gasoline,1
civic,1
dramatic,1
decline,1
secrecy,1
protect,1
palabras,1
condemned,1
patience,1
clave,1
rendition,1
implementation,1
individualize,1
education,1
dependent,1
proper,1
paid,1
organs,1
intransigence,1
abstracted,1
historicized,1
chileans,1
passive,1
settle,1
interruptions,1
stephan,1
gordon,1
knowledge,1
incentive,1
rigidity,1
inevitability,1
subsequently,1
survived,1
prescribed,1
rauil,1
cite,1
battle,1
kant,1
republican,1
educator,1
vial,1
investigating,1
business,1
proxy,1
condemnation,1
resides,1
opportunity,1
territorial,1
elimination,1
practices,1
strategists,1
emilio,1
requirement,1
gabriel,1
contingent,1
transnational,1
analyses,1
seamlessly,1
short,1
indeed,1
normalization,1
quantified,1
techniques,1
minority,1
refigured,1
notoriously,1
released,1
forward,1
ten,1
mediating,1
exception,1
founding,1
domingo,1
constraints,1
opacity,1
april,1
prove,1
narrowing,1
elusive,1
july,1
exculpatory,1
technically,1
madres,1
murderous,1
comments,1
holders,1
targeted,1
backdrop,1
seemingly,1
decisions,1
innovation,1
direction,1
authoritarian,1
complicity,1
chap,1
promoting,1
omits,1
confronting,1
robin,1
tercera,1
once,1
cheap,1
depicted,1
relied,1
lorenzano,1
commissioners,1
foreclosed,1
unquestioned,1
makes,1
towards,1
paradox,1
thought,1
detachments,1
detencion,1
historiadores,1
borrowed,1
subterfuge,1
repair,1
hrw,1
dialects,1
formally,1
expectedly,1
confidence,1
marred,1
revitalization,1
perceived,1
arguments,1
compiled,1
overexpose,1
tax,1
victories,1
nuns,1
orders,1
symptom,1
bind,1
complete,1
culture,1
teaching,1
ryskamp,1
ranks,1
formalized,1
ethnographic,1
ed,1
lawyerly,1
wright,1
accelerated,1
democratize,1
belonging,1
steve,1
constitutionalists,1
hunger,1
department,1
quotations,1
consolidating,1
noted,1
overflowing,1
rise,1
sector,1
sketch,1
act,1
lee,1
volume,1
seymour,1
street,1
chronicling,1
corporations,1
lucid,1
admit,1
ind,1
paul,1
seduced,1
acls,1
omission,1
stating,1
christ,1
conceived,1
similarly,1
deafening,1
analytical,1
emotions,1
persuasion,1
aisle,1
lengthy,1
crushed,1
concepts,1
insidious,1
idea,1
luis,1
limit,1
religious,1
remarks,1
overwhelming,1
fundamental,1
underestimated,1
scholars,1
fearing,1
exculpation,1
hrp,1
departments,1
broadly,1
documents,1
demonstrations,1
children,1
enable,1
manifested,1
catalogued,1
incorporation,1
plagued,1
watch,1
administrations,1
pennsylvania,1
man,1
dramas,1
dead,1
discussed,1
advocacy,1
serious,1
removal,1
success,1
sebastian,1
embattled,1
rough,1
foreseeable,1
psychologists,1
transit,1
castigo,1
behind,1
throwing,1
hand,1
evoke,1
consciously,1
learn,1
paris,1
ground,1
journalists,1
intervene,1
posits,1
posit,1
handed,1
rapid,1
weighted,1
metaphors,1
unionists,1
sergio,1
continuing,1
equate,1
validity,1
bidding,1
novelist,1
amnesia,1
accepted,1
eliciting,1
relevant,1
michael,1
heavily,1
tell,1
strategies,1
rightist,1
council,1
forth,1
negotiators,1
politic,1
agencies,1
volatile,1
fortification,1
daunting,1
native,1
impaling,1
recognizes,1
hale,1
ignoring,1
impoverished,1
como,1
widespread,1
briefs,1
steered,1
decontextualized,1
day,1
ouster,1
polities,1
organize,1
interpreting,1
adults,1
original,1
discourses,1
simon,1
demonstrated,1
fundamentally,1
analyzed,1
argentino,1
balance,1
strengthened,1
exploring,1
offices,1
warning,1
situated,1
spending,1
investigated,1
gobbled,1
campaigns,1
rio,1
coherent,1
disease,1
invested,1
skepticism,1
examples,1
lasa,1
contending,1
reversed,1
shaky,1
upon,1
mythically,1
sober,1
prohibition,1
intensified,1
previously,1
ruling,1
recover,1
ideologized,1
identity,1
concern,1
yale,1
posguerra,1
murdered,1
elections,1
skeptical,1
expression,1
awry,1
food,1
hypotheses,1
prevailed,1
accentuation,1
lucidity,1
oppose,1
alvaro,1
emphasize,1
juan,1
manifestation,1
dworkin,1
questions,1
evolution,1
politica,1
rare,1
maintains,1
engaged,1
injustices,1
trust,1
autoritarismo,1
option,1
improvements,1
theories,1
necessitated,1
nevertheless,1
dabat,1
impasse,1
students,1
charge,1
versions,1
rejected,1
trade,1
militaristic,1
open,1
cerigua,1
maelstrom,1
provoked,1
historic,1
accessed,1
junta,1
authors,1
stress,1
points,1
plebiscite,1
peter,1
recipient,1
evils,1
mts,1
attach,1
someone,1
brett,1
cverdad,1
disclaimers,1
reformers,1
reinitiated,1
summer,1
appointment,1
waged,1
collected,1
distinction,1
colo,1
paths,1
losing,1
dinges,1
uncompromising,1
commentaries,1
martin,1
thomas,1
presidential,1
torturers,1
construct,1
latter,1
accused,1
strict,1
secretaries,1
especially,1
facing,1
cogent,1
coercive,1
internal,1
nationality,1
comision,1
ideational,1
systems,1
study,1
eyes,1
anomia,1
editors,1
elision,1
relation,1
greeted,1
tactics,1
exactly,1
garcia,1
incompatible,1
effect,1
excluded,1
assigning,1
structure,1
enemies,1
sucia,1
priests,1
comfortably,1
implication,1
conscience,1
analyze,1
field,1
refrained,1
primal,1
equivalent,1
parameters,1
bestowed,1
cape,1
save,1
versus,1
tendency,1
summarized,1
engagement,1
reformist,1
basically,1
modifications,1
awaiting,1
ambassador,1
examines,1
elizabeth,1
fiss,1
tortured,1
ethic,1
dealing,1
justin,1
oxford,1
depth,1
entailing,1
entail,1
adversarial,1
critics,1
aid,1
circle,1
abundance,1
backward,1
shattered,1
prevalence,1
inordinate,1
irregular,1
covertly,1
she,1
secular,1
phillip,1
mediation,1
crucial,1
chance,1
outsiders,1
vision,1
defenders,1
fear,1
unchanging,1
pe,1
disenfranchised,1
lines,1
ryan,1
insufficient,1
empire,1
independence,1
dimensions,1
ritualized,1
bryce,1
insist,1
indiscriminate,1
strongly,1
rethinking,1
violators,1
team,1
obstacle,1
worse,1
lawrence,1
gonzalo,1
interplay,1
mcallister,1
indicate,1
length,1
remembrance,1
html,1
delito,1
confuses,1
squarely,1
life,1
miami,1
ad,1
successor,1
expectations,1
continually,1
blood,1
nationalization,1
transmuting,1
ing,1
supporting,1
centuries,1
instances,1
get,1
repressed,1
propelling,1
problematic,1
interpretive,1
gathered,1
viciousness,1
investigate,1
rigorous,1
victorious,1
meant,1
door,1
echoes,1
rite,1
circumscribed,1
proof,1
presidency,1
abandonment,1
seriously,1
variable,1
magnitude,1
curious,1
shadow,1
taracena,1
contextualize,1
rarely,1
thinking,1
reproducing,1
judgments,1
elected,1
historian,1
inculcate,1
conviction,1
broke,1
comes,1
subdesarrollo,1
arrest,1
pardons,1
gendarme,1
democratizacao,1
consider,1
condor,1
ascendant,1
reverberated,1
contradiction,1
agents,1
invoked,1
committees,1
democracies,1
continues,1
forgetting,1
nutritional,1
bush,1
referencing,1
scrutiny,1
byproduct,1
totality,1
kemp,1
triumphant,1
fevered,1
ralph,1
seils,1
appealing,1
montoneros,1
squad,1
phrasing,1
metropolitan,1
dualism,1
berkeley,1
nuremberg,1
ran,1
mutually,1
johannesburg,1
benefits,1
promotion,1
control,1
inquires,1
investigative,1
monthly,1
halt,1
proponents,1
damning,1
par,1
jorge,1
approximates,1
setting,1
believe,1
gone,1
circumvented,1
horacio,1
coti,1
deprivation,1
leaders,1
down,1
concealing,1
postponements,1
half,1
wall,1
constructions,1
wolfe,1
regard,1
domestic,1
vicious,1
proportional,1
post,1
dennis,1
eventually,1
vibrant,1
tales,1
brazil,1
impossible,1
indispensable,1
enforcing,1
written,1
audience,1
ordered,1
reflected,1
speech,1
identities,1
wood,1
closest,1
climate,1
sequester,1
disputes,1
rural,1
ethos,1
emerges,1
assessment,1
charged,1
prosecute,1
demilitarization,1
tears,1
explanations,1
touchstones,1
economy,1
opaque,1
unfulfilled,1
affirm,1
proceedings,1
conservation,1
reign,1
conservatism,1
combined,1
telling,1
unique,1
fairness,1
professors,1
form,1
typologies,1
calif,1
coordinator,1
agricultural,1
restructure,1
hoped,1
disposing,1
saint,1
inputs,1
protective,1
theory,1
guggenheim,1
leaving,1
extent,1
divvying,1
supplemented,1
admiral,1
repetitive,1
prepare,1
reopened,1
exacerbation,1
extract,1
eliminationist,1
priscilla,1
pursued,1
stability,1
produce,1
property,1
inverse,1
psychology,1
ideal,1
transgression,1
graceful,1
therapeutic,1
reparation,1
signify,1
unmasked,1
dismantling,1
incoherence,1
strain,1
arbiter,1
burden,1
stern,1
boston,1
intense,1
apparatus,1
nightmarish,1
ownership,1
hardening,1
careful,1
entire,1
rescued,1
determined,1
recognition,1
conspiratorial,1
met,1
decisive,1
introduced,1
interaction,1
revolutions,1
estudio,1
constricted,1
innocent,1
melded,1
turns,1
intended,1
impose,1
lies,1
sitting,1
levinson,1
went,1
acute,1
vast,1
recounts,1
programs,1
operate,1
healed,1
lesson,1
angered,1
salvaged,1
officially,1
epistemic,1
teachings,1
admits,1
using,1
mention,1
maintained,1
isolated,1
grez,1
burning,1
mythologized,1
think,1
comprised,1
sparked,1
expense,1
complaints,1
sanctioned,1
question,1
extralegal,1
devoted,1
contorted,1
models,1
extremism,1
mayo,1
annihilation,1
drafts,1
instructive,1
argument,1
touch,1
unable,1
manageable,1
ignored,1
sharpest,1
bartholomew,1
conn,1
inflame,1
charts,1
quest,1
wielded,1
disassociation,1
defence,1
write,1
samuel,1
washington,1
grant,1
broker,1
aware,1
promoter,1
compellingly,1
chad,1
offer,1
insight,1
approximately,1
include,1
judges,1
neoliberal,1
specialists,1
winn,1
constructed,1
dilute,1
reflexive,1
france,1
ernesto,1
settling,1
defined,1
recourse,1
inequalities,1
philosophy,1
presenting,1
extremely,1
association,1
extradite,1
archaic,1
roughly,1
summary,1
computer,1
siege,1
restored,1
surely,1
news,1
occurring,1
removed,1
invidious,1
assumed,1
rest,1
decimated,1
draft,1
allegedly,1
still,1
capitulation,1
c,1
rejection,1
memories,1
negotiate,1
escalating,1
brink,1
partial,1
norman,1
uncertainty,1
janeiro,1
exclusively,1
import,1
undermined,1
severely,1
conjuncture,1
skeptics,1
corrosion,1
fellowship,1
images,1
ends,1
north,1
arturo,1
copiously,1
unrepresentative,1
asked,1
doing,1
conversations,1
whetting,1
tenuous,1
race,1
major,1
evidently,1
row,1
stunned,1
