WORDCOUNTS,WEIGHT
the,462
of,283
and,187
in,165
to,137
a,106
is,104
as,87
that,64
for,63
millenarian,49
s,47
it,46
not,44
millenarianism,42
by,42
or,41
this,37
on,37
apocalyptic,36
an,31
with,31
we,30
are,30
medieval,27
they,27
apocalypticism,27
its,27
religious,27
movements,25
be,25
american,22
but,22
such,21
his,21
apocalypse,21
millennial,19
from,19
millennium,18
see,18
new,18
what,18
at,17
may,17
other,17
term,16
which,16
although,16
end,15
who,15
if,14
review,14
than,14
york,14
their,14
example,14
rowley,14
more,14
historical,14
our,14
studies,13
he,13
december,13
take,12
last,12
has,12
even,12
world,12
one,11
political,11
some,11
richard,11
thus,11
emmerson,11
year,11
discourse,11
will,11
revolutionary,10
essays,10
groups,10
were,10
russian,10
rather,10
after,10
study,10
ownby,10
these,10
also,10
k,10
understand,10
them,10
when,10
have,10
juster,9
because,9
well,9
secret,9
disaster,9
mainstream,9
beliefs,9
ages,9
do,9
i,9
expectations,9
interpretive,9
middle,9
does,8
o,8
modern,8
book,8
metcalf,8
revelation,8
was,8
eschatological,8
contemporary,8
belief,8
use,8
essay,8
would,8
why,8
sense,8
analysis,8
early,8
should,8
normal,7
mcginn,7
kelly,7
leary,7
age,7
resistance,7
about,7
only,7
many,7
time,7
john,7
slaves,7
period,7
so,7
been,7
any,7
cohn,7
both,7
through,7
crisis,7
difficult,6
bernard,6
necessarily,6
history,6
into,6
expectation,6
all,6
kingdom,6
there,6
those,6
de,6
nor,6
no,6
granted,6
days,6
result,6
events,6
fish,6
part,6
related,6
universe,6
people,6
believers,6
comparative,6
movement,6
thought,6
culture,6
ed,6
scholars,6
secular,6
antichrist,6
years,6
language,6
general,6
can,6
christian,6
must,6
terms,6
particular,6
argument,6
need,6
santidade,6
strictly,5
approaches,5
forum,5
pursuit,5
encyclopedia,5
prophecy,5
slave,5
traditions,5
english,5
how,5
cause,5
view,5
my,5
heaven,5
literature,5
place,5
generally,5
khatiushin,5
social,5
rhetoric,5
present,5
day,5
david,5
crucial,5
vision,5
stephen,5
eschatology,5
scholarly,5
phenomena,5
popular,5
circumstances,5
prophetic,5
washington,5
d,5
much,5
now,4
barkun,4
church,4
center,4
earthly,4
arguing,4
nature,4
definition,4
europe,4
robert,4
china,4
vol,4
obvious,4
behavior,4
century,4
americans,4
without,4
l,4
driven,4
four,4
most,4
origins,4
remnant,4
us,4
terminology,4
imminent,4
important,4
chinese,4
however,4
cults,4
doomsday,4
reporter,4
everyday,4
second,4
lerner,4
christ,4
communities,4
two,4
analytical,4
nuclear,4
forms,4
purposes,4
michael,4
perhaps,4
eds,4
range,4
clear,4
like,4
least,4
sometimes,4
ordinary,4
often,4
simply,4
over,4
post,4
particularly,4
thinking,4
past,4
mass,4
clarity,4
baseball,4
whether,4
theory,4
studying,4
question,4
specific,4
scholarship,4
scholar,3
sets,3
sudden,3
had,3
before,3
negative,3
motivations,3
attempt,3
j,3
seems,3
deprivation,3
tradition,3
suggesting,3
religion,3
stand,3
case,3
saying,3
literal,3
totalitarian,3
due,3
perspective,3
refer,3
landes,3
sun,3
whose,3
cult,3
goes,3
makes,3
special,3
category,3
show,3
messianism,3
problems,3
apocalypses,3
uses,3
based,3
out,3
terminological,3
waco,3
furthermore,3
explain,3
distinguishes,3
genre,3
during,3
runs,3
own,3
approach,3
earth,3
good,3
change,3
revolution,3
contrast,3
jaguaripe,3
notes,3
society,3
republican,3
film,3
economic,3
limited,3
return,3
community,3
judgment,3
intervention,3
positive,3
yet,3
read,3
neither,3
home,3
noted,3
prophecies,3
others,3
lack,3
idea,3
frost,3
hand,3
geography,3
model,3
shared,3
renaissance,3
discourses,3
gower,3
theories,3
described,3
biblical,3
modem,3
judaism,3
features,3
unsympathetic,3
hope,3
convincingly,3
dispossessed,3
imply,3
strongly,3
conclusion,3
text,3
know,3
worth,3
best,3
ahr,3
very,3
evident,3
beginning,3
form,3
fascination,3
her,3
art,3
despite,3
acknowledges,3
comprehend,3
coming,3
cambridge,3
paradigm,3
conditions,3
evidence,3
effects,3
supernaturally,3
potential,3
millennialism,3
themselves,3
era,3
texts,3
given,3
major,3
later,2
rev,2
speculum,2
spirituality,2
commitment,2
mystical,2
e,2
saved,2
western,2
nineteenth,2
long,2
attempts,2
might,2
editions,2
studied,2
atrocities,2
nevertheless,2
mind,2
state,2
reading,2
signs,2
context,2
existence,2
historians,2
america,2
discuss,2
theology,2
powers,2
enter,2
plenty,2
sign,2
regarding,2
della,2
throughout,2
valerii,2
ronald,2
difficulties,2
since,2
against,2
analyzing,2
g,2
divine,2
gendered,2
insisted,2
media,2
distinct,2
gorbachev,2
concerning,2
convincing,2
response,2
flawed,2
served,2
compared,2
enlightened,2
helpful,2
conspiracy,2
dragon,2
walla,2
understood,2
hardly,2
influence,2
stanley,2
supernatural,2
links,2
hammerblows,2
responded,2
mean,2
fever,2
similar,2
certain,2
direct,2
balanced,2
jesuit,2
earl,2
white,2
cases,2
imperialist,2
consequences,2
means,2
reason,2
university,2
organization,2
branch,2
just,2
edition,2
disaffected,2
ideologies,2
numbers,2
god,2
too,2
exemplify,2
w,2
athletic,2
defines,2
notions,2
chiliasm,2
destructive,2
metaphoric,2
myths,2
opening,2
bearing,2
rationalist,2
explanatory,2
unhelpful,2
p,2
sabbath,2
ambiguity,2
curiosity,2
noting,2
big,2
late,2
informed,2
cultural,2
war,2
excellent,2
anecdote,2
wide,2
public,2
james,2
near,2
sites,2
christianity,2
figurative,2
future,2
strengths,2
responding,2
terrors,2
brought,2
discusses,2
training,2
description,2
used,2
director,2
forces,2
schwartz,2
interpreted,2
status,2
responses,2
beneficial,2
elect,2
television,2
order,2
quite,2
event,2
around,2
disposition,2
acts,2
deviant,2
always,2
up,2
notion,2
therefore,2
variety,2
scientific,2
cosmological,2
action,2
imagery,2
female,2
death,2
oppressed,2
formative,2
make,2
suppose,2
once,2
interpretation,2
paradox,2
under,2
sociological,2
rightly,2
thousand,2
teaching,2
reports,2
reliance,2
speaking,2
charismatic,2
lee,2
members,2
unreliable,2
power,2
mark,2
similarly,2
usefulness,2
shows,2
leading,2
areas,2
reform,2
impending,2
agree,2
serious,2
never,2
enough,2
discussing,2
empire,2
accepted,2
less,2
forth,2
dance,2
redeemer,2
deep,2
widespread,2
remarkably,2
violent,2
interpreting,2
synonym,2
recognizing,2
understanding,2
made,2
food,2
unfortunately,2
adventists,2
causes,2
ideas,2
crises,2
flynn,2
agreement,2
disappointed,2
logic,2
subtitle,2
august,2
held,2
gate,2
external,2
tone,2
kept,2
standard,2
imagination,2
outside,2
include,2
somehow,2
internal,2
article,2
interpretations,2
ann,2
examine,2
seattle,2
hillel,2
overthrow,2
tendency,2
relative,2
ago,2
la,2
widely,2
justice,2
bang,2
worldview,2
dawn,2
me,2
quo,2
prophets,2
lost,2
worse,2
recognize,2
try,2
life,2
inspired,2
imperialism,2
considered,2
populate,2
claims,2
authorities,2
then,2
associated,2
irrationality,2
membership,2
news,2
thrupp,2
berkeley,2
different,2
connection,2
seem,2
believe,2
leaders,2
print,2
current,2
report,2
speech,2
collins,2
examining,2
works,2
better,2
strozier,2
knows,2
catastrophic,2
calif,2
covers,2
problem,2
while,2
influenced,2
suggests,2
level,2
peace,2
surveys,2
conclude,2
november,2
definitions,2
goals,2
think,2
ultimately,2
rovit,2
advent,2
web,2
national,2
accept,2
joined,2
instead,2
sports,2
speak,2
reformation,2
adjective,2
distinctions,2
c,2
russia,2
elites,2
sits,2
norman,2
views,2
recent,2
hit,1
portuguese,1
done,1
crisi,1
flow,1
way,1
religions,1
meaning,1
slaveowners,1
officeholders,1
concern,1
represent,1
career,1
extreme,1
magog,1
college,1
trans,1
determine,1
red,1
connery,1
combine,1
ultimate,1
sphere,1
gallagher,1
expect,1
sympathetic,1
incomprehensible,1
minutes,1
conversion,1
group,1
methodology,1
replaced,1
touched,1
doom,1
systematically,1
myth,1
identify,1
mad,1
join,1
remind,1
likely,1
live,1
authority,1
motivation,1
ways,1
gouguenheim,1
jonathan,1
bryan,1
propagandists,1
giants,1
station,1
comparisons,1
balk,1
resurgence,1
unlike,1
refers,1
guise,1
accomplishments,1
something,1
lenses,1
societa,1
humanities,1
inquisitor,1
du,1
practices,1
contexts,1
women,1
themes,1
experience,1
predominantly,1
band,1
being,1
first,1
expanding,1
cast,1
aside,1
permit,1
www,1
insightfully,1
every,1
certainly,1
popes,1
creation,1
inconceivable,1
give,1
taken,1
address,1
refusal,1
generated,1
rational,1
taking,1
liberty,1
historiography,1
prejudices,1
depicting,1
clothed,1
ordained,1
twenty,1
broadly,1
together,1
desire,1
amanat,1
display,1
puritan,1
confusion,1
differences,1
portrayal,1
potentially,1
analyses,1
exotic,1
rich,1
senses,1
achievement,1
follows,1
government,1
sometime,1
link,1
scheme,1
reveal,1
misled,1
survey,1
help,1
feature,1
persistence,1
faithful,1
precisely,1
concepts,1
letting,1
somewhat,1
intemperate,1
fanaticism,1
within,1
citizenship,1
system,1
british,1
ernest,1
magazines,1
issue,1
side,1
takes,1
depending,1
catastrophes,1
forthcoming,1
fiery,1
markers,1
recorded,1
manifesto,1
task,1
adopts,1
u,1
rests,1
right,1
march,1
retain,1
design,1
struggling,1
fausses,1
account,1
uneven,1
ballplayer,1
welcome,1
possible,1
determined,1
marked,1
politics,1
georgetown,1
ball,1
mikhail,1
expresses,1
reaction,1
bibliography,1
brazil,1
fundamentalist,1
fine,1
internet,1
west,1
mongol,1
combination,1
point,1
say,1
conceptual,1
reflecting,1
lingbao,1
ideologically,1
sect,1
cited,1
bottom,1
apply,1
traditio,1
appease,1
marginalized,1
cataclysms,1
frenzy,1
prophet,1
collection,1
complicating,1
bolsheviks,1
surplus,1
human,1
central,1
surely,1
explained,1
bi,1
objective,1
shangqing,1
author,1
interest,1
characteristic,1
relatively,1
wormwood,1
adopted,1
attested,1
adams,1
application,1
janofsky,1
jr,1
lan,1
dick,1
daoist,1
expected,1
marxism,1
learning,1
interprets,1
progressive,1
turn,1
buddhism,1
symptoms,1
curiously,1
shales,1
rejecting,1
times,1
refreshing,1
back,1
ithaca,1
inhumanity,1
difficulty,1
young,1
attests,1
reference,1
cleave,1
third,1
ecclesiastical,1
drives,1
misleading,1
tenaciously,1
publications,1
czarist,1
antisocial,1
marvelous,1
drawn,1
wat,1
critique,1
cosmic,1
generation,1
nuanced,1
acknowledge,1
word,1
jerusalem,1
unfortunate,1
cites,1
confusions,1
employ,1
site,1
oxford,1
downright,1
fanatical,1
disposed,1
recognized,1
frustration,1
betterment,1
destroy,1
encompassed,1
sentences,1
across,1
berdyaev,1
remain,1
ironic,1
edward,1
sort,1
influential,1
patrides,1
fantasies,1
approfondissement,1
attesa,1
reston,1
myself,1
pinpoint,1
hitting,1
players,1
ills,1
levine,1
conceptions,1
titled,1
saints,1
loses,1
b,1
talk,1
variant,1
huge,1
allegory,1
possess,1
stein,1
rusconi,1
danger,1
distant,1
rules,1
feel,1
factors,1
risks,1
bleak,1
support,1
soul,1
rising,1
lives,1
maintaining,1
bad,1
affect,1
outfielder,1
adopt,1
vox,1
brainwashing,1
dichotomy,1
les,1
pastime,1
department,1
established,1
prophesied,1
imposing,1
image,1
literary,1
repeated,1
linked,1
latin,1
proved,1
section,1
typifies,1
threatening,1
n,1
traces,1
unproblematic,1
celestial,1
ministers,1
democratic,1
vietnam,1
follow,1
compellingly,1
idealized,1
fundamentalists,1
foi,1
asks,1
tyler,1
prowess,1
m,1
testify,1
antecedents,1
faced,1
drawing,1
chasing,1
appear,1
louisville,1
fluid,1
thrust,1
whereas,1
talking,1
character,1
expressed,1
ou,1
came,1
acceptable,1
lead,1
whom,1
http,1
meltdown,1
questioned,1
demagogues,1
could,1
opposing,1
repugnant,1
entering,1
called,1
relating,1
teresi,1
secularized,1
changed,1
international,1
austin,1
radical,1
agendas,1
bizarre,1
hospitals,1
mystagogues,1
constantly,1
poetry,1
disruptive,1
confronts,1
circulation,1
dreams,1
schooled,1
helpfully,1
urgent,1
though,1
fellowships,1
coppola,1
viewed,1
symbols,1
applied,1
sluggers,1
intertwined,1
ford,1
taught,1
jewish,1
enslavement,1
explosions,1
creates,1
hopkins,1
scene,1
bastion,1
expressions,1
sparse,1
briefly,1
undermined,1
failure,1
directly,1
keeping,1
imprisoned,1
lebanon,1
bloodbath,1
distinguish,1
perpetuated,1
y,1
revealed,1
tremendously,1
ufo,1
amos,1
tool,1
strict,1
analyze,1
instituted,1
del,1
lords,1
medievalists,1
concept,1
prominent,1
baseballs,1
purpose,1
norm,1
nella,1
calls,1
edn,1
nation,1
comment,1
crying,1
recommends,1
gender,1
surprise,1
genuine,1
describe,1
consistently,1
discussions,1
inherited,1
issues,1
literally,1
partly,1
work,1
anarchists,1
predicts,1
chernobyl,1
wittreich,1
bishop,1
personal,1
reflect,1
employed,1
occidente,1
showing,1
seminars,1
harmless,1
jugement,1
universally,1
currents,1
supported,1
jemima,1
misplaced,1
bibliographies,1
alida,1
downtrodden,1
millerite,1
published,1
considers,1
arise,1
successful,1
commonsensical,1
below,1
allegiance,1
tom,1
things,1
involve,1
holes,1
antimatter,1
poet,1
comet,1
destiny,1
sharp,1
arbitrary,1
involved,1
troubles,1
small,1
unrelentingly,1
several,1
june,1
exemplifies,1
highly,1
sylvia,1
grow,1
hult,1
feelings,1
research,1
cl,1
weapons,1
differing,1
telling,1
reeves,1
dedicated,1
christians,1
orthodox,1
seed,1
progress,1
universities,1
necessity,1
dim,1
emperor,1
gould,1
roots,1
purgatory,1
beauty,1
appropriate,1
monarchy,1
suggest,1
questioning,1
massive,1
geographical,1
periods,1
south,1
debunk,1
morphology,1
eternity,1
lenin,1
led,1
misapplication,1
role,1
communist,1
matter,1
rome,1
dispositions,1
identified,1
prejudges,1
anthropocentric,1
bourgeois,1
drama,1
service,1
semeia,1
millerism,1
again,1
five,1
horrors,1
classic,1
lucasfilm,1
grande,1
still,1
establishes,1
intolerance,1
millenarians,1
drink,1
comments,1
manifest,1
humans,1
undefined,1
betray,1
theologians,1
roberto,1
chap,1
guide,1
contributing,1
depicted,1
competition,1
fascinating,1
salvation,1
marginal,1
soon,1
hegemonic,1
evil,1
ring,1
pattems,1
exceptionalism,1
chronology,1
attente,1
ne,1
psychosis,1
classroom,1
jay,1
light,1
islam,1
bloomington,1
same,1
sharply,1
intolerable,1
baltimore,1
repercussions,1
colored,1
al,1
responsive,1
indian,1
hopes,1
largest,1
narratives,1
breakthrough,1
identification,1
begins,1
moments,1
picture,1
harper,1
useful,1
persuasive,1
delicately,1
persuade,1
outbreak,1
leader,1
successfully,1
recall,1
mont,1
ind,1
french,1
disappointing,1
toward,1
abyss,1
fin,1
baptist,1
renewed,1
academy,1
approaching,1
preferences,1
conceived,1
put,1
missoula,1
experienced,1
otherworldliness,1
sylvain,1
crops,1
fact,1
longer,1
consideration,1
advantage,1
compound,1
appeared,1
dysfunctional,1
educated,1
really,1
diverse,1
understandable,1
plagued,1
debates,1
distrust,1
destroyed,1
daniels,1
cristianesimo,1
deviancy,1
devil,1
took,1
italia,1
v,1
augustinian,1
paris,1
gog,1
signifying,1
operating,1
nicolas,1
shown,1
developing,1
axes,1
answer,1
conviction,1
focusing,1
appropriating,1
woman,1
tuveson,1
chaired,1
books,1
abrupt,1
compelled,1
cosmos,1
going,1
free,1
spiking,1
stockton,1
stance,1
reminds,1
remove,1
another,1
local,1
kansas,1
sightings,1
vast,1
dissimilar,1
survive,1
examples,1
evangelists,1
background,1
comprise,1
disagree,1
limitations,1
endowment,1
trajectory,1
exasperation,1
previously,1
onslaught,1
detailed,1
judge,1
manifestations,1
elite,1
sensibilities,1
wonder,1
refreshment,1
intelligent,1
enduring,1
expression,1
religiously,1
largely,1
assumption,1
mysticism,1
francis,1
factor,1
assume,1
congress,1
revelations,1
questions,1
fuzziness,1
evolution,1
deputy,1
fruits,1
overlap,1
dismissed,1
torchbook,1
open,1
significance,1
quotation,1
talbot,1
reality,1
frustrated,1
authors,1
grew,1
communicated,1
publication,1
express,1
points,1
deals,1
individual,1
physics,1
satisfies,1
him,1
distinction,1
worldly,1
earlier,1
ted,1
poetic,1
connects,1
losing,1
black,1
instruction,1
institutionalized,1
men,1
comparing,1
trying,1
reads,1
exactly,1
eugen,1
indefinitely,1
structure,1
january,1
confusing,1
fame,1
implication,1
looks,1
rhetorical,1
story,1
captivity,1
looked,1
figures,1
appraisal,1
haven,1
destruction,1
unrevolutionary,1
quarterly,1
mil,1
attention,1
greek,1
awaiting,1
division,1
complicates,1
examines,1
unexpected,1
tempo,1
liberalism,1
entail,1
relationship,1
islamic,1
tentative,1
she,1
indicators,1
continued,1
bars,1
science,1
figure,1
cedar,1
suggestive,1
fear,1
begin,1
inside,1
lines,1
populist,1
urges,1
male,1
primarily,1
binary,1
institutions,1
becomes,1
concluding,1
itself,1
multivalent,1
render,1
lawrence,1
joachim,1
transformation,1
executive,1
spanning,1
terreurs,1
class,1
literacy,1
responsible,1
fiore,1
hierarchical,1
achieve,1
dead,1
kings,1
eugene,1
night,1
ebb,1
face,1
susan,1
rigorous,1
joseph,1
scholem,1
revelator,1
matters,1
herzman,1
detail,1
messianic,1
mathematically,1
anthropological,1
countdown,1
publicist,1
seriously,1
fifteen,1
storia,1
joachimism,1
cosmologists,1
beast,1
believed,1
marjorie,1
ahead,1
hanging,1
exemplified,1
russians,1
complexity,1
peoples,1
conflate,1
extensive,1
ever,1
known,1
scrutiny,1
precise,1
physical,1
masses,1
generic,1
symbol,1
searching,1
emperors,1
brazilian,1
set,1
infatuating,1
mirrors,1
butler,1
mille,1
intellectual,1
control,1
commonplace,1
metaphorically,1
cultures,1
scary,1
share,1
laughlin,1
daoism,1
confident,1
accustomed,1
persecution,1
did,1
contextual,1
collapsing,1
epitomized,1
orioles,1
universal,1
allied,1
hysteria,1
metaphorical,1
manchester,1
grind,1
conflating,1
wilkinson,1
associations,1
accepts,1
masterpiece,1
living,1
type,1
masters,1
pathological,1
caricature,1
weber,1
merely,1
following,1
outlook,1
augustine,1
redeem,1
ventures,1
economy,1
persuasively,1
investigation,1
making,1
accounts,1
want,1
thirty,1
attitudes,1
armies,1
condemn,1
ruminations,1
adventist,1
conflagration,1
insightful,1
hitler,1
resurrected,1
dark,1
rationality,1
voice,1
apocalypticists,1
abbas,1
emphasis,1
lathem,1
wormholes,1
freedom,1
millions,1
grand,1
temps,1
des,1
exegetes,1
cogency,1
providential,1
demonic,1
occasionally,1
org,1
gershom,1
paradise,1
greg,1
logical,1
reported,1
introduced,1
revolutions,1
marketing,1
became,1
republic,1
easy,1
unrealistic,1
african,1
predecessors,1
subject,1
intended,1
lies,1
assumptions,1
scisma,1
jour,1
arguments,1
summarizes,1
colonial,1
battle,1
phenomenon,1
challenges,1
allows,1
wilderness,1
precision,1
dominant,1
come,1
clamantis,1
eric,1
susceptible,1
false,1
fred,1
devoted,1
extremism,1
touch,1
argues,1
editor,1
conn,1
twentieth,1
institutional,1
abc,1
opens,1
samuel,1
finally,1
offer,1
americas,1
enlightenment,1
define,1
socially,1
guiding,1
deviated,1
thoughtful,1
forming,1
area,1
socialism,1
profezia,1
association,1
worried,1
davidians,1
dazzle,1
charles,1
birthmark,1
dwarfs,1
apocalisse,1
between,1
vary,1
yesterday,1
debate,1
create,1
pat,1
focus,1
among,1
ends,1
establishment,1
taylor,1
tricky,1
asked,1
built,1
groundbreaking,1
customs,1
