WORDCOUNTS,WEIGHT
the,1424
of,715
and,617
in,471
to,466
a,277
s,179
everest,176
that,164
tibet,160
see,158
for,146
british,142
as,131
on,125
lamas,124
was,107
tibetan,102
film,91
by,90
were,90
noel,89
with,88
london,86
not,77
had,74
lama,73
bailey,72
india,71
dancing,69
expedition,68
tibetans,66
also,66
is,66
from,63
they,62
l,62
an,59
but,59
his,58
he,58
it,57
this,56
oioc,56
their,55
at,54
i,54
p,48
history,47
bell,45
be,44
relations,42
december,42
these,40
american,38
tsarong,36
who,36
lhasa,36
between,36
have,35
june,34
historical,34
review,33
films,33
or,33
after,33
china,32
been,32
into,31
expeditions,31
hinks,31
which,31
ee,31
h,30
other,30
culture,30
power,30
rgsa,29
we,29
dalai,29
bruce,28
peter,27
climbers,27
when,26
religious,26
rongbuk,26
younghusband,26
permission,25
one,24
unsworth,24
its,24
may,24
would,24
government,23
hansen,23
during,23
will,23
mss,23
what,23
although,23
orientalism,23
buddhism,22
britain,22
are,22
about,21
general,21
mountain,21
e,20
said,20
first,20
all,20
such,20
world,20
more,20
very,20
if,19
diplomatic,19
before,19
military,19
many,19
new,19
f,18
than,18
office,18
mount,18
england,17
cinema,17
people,17
officials,17
no,17
c,17
them,17
geographical,17
political,16
w,16
example,16
society,16
lamb,16
daily,16
john,16
any,16
did,16
representations,16
charles,16
early,16
told,15
taken,15
some,15
most,15
empire,15
j,14
goldstein,14
t,14
visit,14
same,14
january,14
our,14
eur,13
modern,13
great,13
journal,13
out,13
war,13
however,13
cambridge,13
later,12
studies,12
possible,12
politics,12
ascent,12
royal,12
chinese,12
only,12
dances,12
epic,12
so,12
over,12
while,12
through,12
november,12
d,12
there,11
state,11
g,11
earlier,11
monastery,11
m,11
bl,11
sikkim,11
well,11
shape,11
gave,11
own,11
encounters,11
mission,11
ed,11
time,11
man,11
another,11
made,11
mt,11
august,11
life,11
climbing,11
exhibitions,11
mallory,11
n,11
both,11
you,11
west,10
since,10
century,10
even,10
dancers,10
cultural,10
used,10
climb,10
officers,10
orientalist,10
yet,10
under,10
ethnographic,10
two,10
like,10
summit,10
february,10
add,10
imperial,10
press,10
much,10
intercultural,10
news,10
recent,10
go,9
western,9
religion,9
weir,9
march,9
october,9
say,9
times,9
polo,9
influence,9
b,9
position,9
could,9
scene,9
esp,9
related,9
whole,9
wakely,9
macdonald,9
wrote,9
thought,9
again,9
performances,9
remained,9
ceremonies,9
himalayan,9
figure,9
foreign,9
monasteries,9
weapons,9
according,9
suggests,9
popular,9
became,9
until,9
tenzing,9
col,9
prime,8
policy,8
give,8
account,8
media,8
high,8
york,8
officer,8
publicity,8
nftva,8
affair,8
gyantse,8
pilgrimage,8
july,8
wembley,8
appeared,8
minister,8
took,8
viceroy,8
sir,8
diplomacy,8
often,8
then,8
must,8
country,8
asked,8
should,8
does,7
now,7
arms,7
being,7
might,7
nature,7
has,7
mass,7
supply,7
sent,7
against,7
visited,7
men,7
how,7
japanese,7
accounts,7
represented,7
show,7
rgs,7
international,7
because,7
perform,7
knowledge,7
bishop,7
contrast,7
few,7
manchester,7
led,7
april,7
once,7
official,7
irvine,7
reach,7
addition,7
head,7
michael,7
native,7
controversy,7
years,7
encounter,7
diplomats,7
david,7
him,7
exchange,7
army,7
imperialism,7
mackenzie,7
buddhist,7
audience,7
influenced,7
watched,7
photograph,7
captain,7
fol,7
themselves,7
reached,7
documentary,7
north,7
superiority,6
lopez,6
mountains,6
complex,6
live,6
ways,6
nineteenth,6
princeton,6
anything,6
every,6
secretary,6
far,6
himself,6
human,6
rinpoche,6
kind,6
left,6
similar,6
white,6
wanted,6
quoted,6
beyond,6
result,6
late,6
negotiated,6
james,6
r,6
edn,6
place,6
music,6
caused,6
play,6
return,6
object,6
oxford,6
us,6
saw,6
noted,6
shows,6
beliefs,6
book,6
never,6
necessary,6
discussion,6
survey,6
played,6
can,6
things,6
relationship,6
science,6
claimed,6
seen,6
force,6
sherpa,6
somervell,6
each,6
anthropology,6
ahr,6
institute,6
travel,6
city,6
plans,6
went,6
representation,6
darjeeling,6
national,6
defined,6
itself,5
bioscope,5
agency,5
myth,5
approaches,5
bhutan,5
spirit,5
something,5
porters,5
concerned,5
feeling,5
sunday,5
shot,5
sacred,5
natives,5
ice,5
response,5
rights,5
lt,5
without,5
rather,5
support,5
means,5
too,5
ruttledge,5
view,5
ethnography,5
search,5
zatul,5
photography,5
failure,5
future,5
civil,5
positions,5
morris,5
good,5
stage,5
several,5
brought,5
research,5
up,5
paid,5
scientific,5
home,5
visitors,5
diary,5
tour,5
others,5
added,5
fact,5
arthur,5
contemporary,5
devil,5
where,5
dance,5
material,5
eds,5
local,5
returned,5
express,5
thomas,5
especially,5
attention,5
european,5
negotiations,5
she,5
george,5
success,5
frontier,5
mirror,5
why,5
day,5
particular,5
haraway,5
her,5
reported,5
despite,5
colonial,5
come,5
twentieth,5
attempted,5
geologist,5
among,5
customs,5
final,4
o,4
represent,4
pathe,4
group,4
library,4
spencer,4
attempt,4
europe,4
shuckburgh,4
real,4
last,4
mystical,4
those,4
robert,4
demotion,4
ambiguous,4
within,4
papers,4
courtesy,4
king,4
robes,4
killed,4
right,4
taking,4
explorer,4
letter,4
benefit,4
collection,4
throughout,4
explained,4
police,4
agent,4
resistance,4
thing,4
compared,4
though,4
snows,4
instruments,4
chronicle,4
higher,4
alastair,4
portrayed,4
sort,4
importance,4
certain,4
study,4
consequences,4
filmmakers,4
mountaineering,4
stewart,4
your,4
hereafter,4
conquest,4
exhibition,4
found,4
called,4
scenes,4
recently,4
cannot,4
spiritual,4
public,4
gods,4
minute,4
received,4
part,4
comment,4
context,4
kindly,4
issues,4
rituals,4
holy,4
earth,4
oriental,4
least,4
cold,4
next,4
television,4
order,4
concerns,4
philip,4
parliament,4
still,4
make,4
curators,4
hugh,4
performed,4
ending,4
lhamo,4
buddha,4
social,4
party,4
leader,4
french,4
custom,4
scholars,4
norgay,4
end,4
hand,4
covered,4
answer,4
assault,4
conquer,4
wilderness,4
discovery,4
including,4
europeans,4
trade,4
modernization,4
direct,4
internal,4
article,4
newspapers,4
feet,4
la,4
rinchen,4
me,4
africa,4
replied,4
continued,4
monks,4
mcgovern,4
team,4
countries,4
christie,4
adventure,4
respect,4
get,4
considered,4
authorities,4
salkeld,4
disguise,4
emperors,4
know,4
control,4
exploration,4
propaganda,4
domestic,4
post,4
offend,4
mason,4
zoo,4
terms,4
form,4
making,4
less,4
extent,4
subject,4
snow,4
writing,4
postcolonial,4
shown,4
states,4
showed,4
passages,4
brownlow,4
chicago,4
views,4
given,4
broader,4
difficult,3
triangle,3
done,3
deny,3
ambivalence,3
encouraged,3
word,3
true,3
committee,3
holding,3
practices,3
themes,3
romance,3
either,3
long,3
chapman,3
words,3
copy,3
route,3
twenty,3
desire,3
richards,3
narrative,3
able,3
take,3
help,3
primitive,3
tragedy,3
trumpets,3
cu,3
hevia,3
chapter,3
opened,3
mongolia,3
shared,3
ortner,3
apart,3
above,3
fols,3
prevented,3
thus,3
married,3
eating,3
illustrates,3
september,3
unpublished,3
interest,3
co,3
passports,3
convention,3
viewing,3
rank,3
demons,3
highest,3
bennett,3
critique,3
traditions,3
william,3
promised,3
critics,3
failed,3
opposed,3
interesting,3
authority,3
wishes,3
whose,3
observers,3
performance,3
main,3
edward,3
tilman,3
pilgrimages,3
killing,3
strange,3
walt,3
animals,3
syndication,3
wagon,3
cause,3
calcutta,3
colonialism,3
amid,3
air,3
placed,3
upper,3
additional,3
isolation,3
appear,3
whom,3
seven,3
referee,3
climbed,3
almost,3
sherpas,3
shall,3
purity,3
promise,3
record,3
explain,3
opposition,3
near,3
receive,3
work,3
feared,3
weekly,3
away,3
iriye,3
showing,3
deeply,3
status,3
visions,3
discourse,3
family,3
small,3
mitchell,3
feelings,3
peak,3
villages,3
name,3
always,3
results,3
sea,3
rest,3
avoid,3
threatened,3
likely,3
role,3
mysterious,3
hirtzel,3
indeed,3
drama,3
intended,3
gift,3
comments,3
museum,3
east,3
sensationalism,3
intertitle,3
planned,3
indian,3
narratives,3
reports,3
frameworks,3
picture,3
company,3
sketch,3
blakeney,3
buddhists,3
think,3
put,3
pressure,3
developed,3
reform,3
doubt,3
possession,3
lions,3
do,3
present,3
tales,3
establish,3
fight,3
private,3
lost,3
upon,3
montagu,3
mysticism,3
francis,3
granted,3
surveyors,3
engaged,3
previous,3
described,3
low,3
three,3
modem,3
clouds,3
language,3
essay,3
objection,3
leave,3
counter,3
allowed,3
obtained,3
kept,3
alpine,3
exactly,3
enjoyed,3
haven,3
united,3
concluded,3
decision,3
conflict,3
primate,3
melvyn,3
note,3
shooting,3
holtzel,3
five,3
program,3
collections,3
florence,3
began,3
kill,3
polytechnic,3
sympathy,3
claims,3
ie,3
laden,3
peoples,3
japan,3
singh,3
image,3
presence,3
almond,3
past,3
proposed,3
works,3
game,3
theory,3
undersecretary,3
autobiography,3
agreed,3
himalayas,3
little,3
ever,3
devoted,3
argues,3
frontiers,3
conn,3
washington,3
aware,3
harm,3
need,3
mystery,3
russia,3
alive,3
scala,2
mingled,2
archives,2
possessed,2
struggle,2
heroic,2
treaties,2
rev,2
generated,2
sherry,2
dug,2
soccer,2
imported,2
faced,2
created,2
career,2
college,2
heights,2
mouth,2
sympathetic,2
large,2
significant,2
screening,2
uncomfortable,2
advised,2
deference,2
english,2
tractor,2
lamaism,2
masks,2
theatre,2
protection,2
ceremonial,2
stefan,2
encourage,2
assisted,2
moving,2
smile,2
source,2
chief,2
contexts,2
journeys,2
experience,2
came,2
fairyland,2
way,2
sources,2
yorkshire,2
location,2
absurd,2
dreams,2
friendly,2
tradition,2
together,2
accompanied,2
display,2
sang,2
performing,2
studied,2
concludes,2
ol,2
room,2
hunting,2
feature,2
mind,2
stand,2
dispatches,2
gifts,2
embody,2
dressed,2
proposals,2
nowhere,2
forum,2
renter,2
eastern,2
owing,2
historians,2
task,2
advice,2
maharajah,2
expenses,2
intermediaries,2
vol,2
football,2
subaltern,2
travelogues,2
powers,2
richard,2
vistas,2
x,2
timothy,2
climax,2
representing,2
promises,2
ritual,2
ponting,2
dignity,2
sign,2
colonized,2
complained,2
regarding,2
central,2
member,2
includes,2
dependence,2
relationships,2
melodramatic,2
medical,2
due,2
fate,2
magic,2
silent,2
author,2
regarded,2
raises,2
predicament,2
inspiring,2
hallisey,2
jr,2
assured,2
z,2
rugby,2
denied,2
displays,2
turned,2
concerning,2
back,2
causing,2
body,2
inspirational,2
difficulty,2
served,2
radio,2
arranged,2
compare,2
died,2
y,2
memoir,2
look,2
details,2
lhatse,2
master,2
pay,2
recognized,2
point,2
lemahieu,2
avalanche,2
expected,2
act,2
statements,2
watch,2
ra,2
en,2
landscape,2
observer,2
responded,2
storms,2
flexible,2
travels,2
documentaries,2
impressed,2
moreover,2
actions,2
fantasy,2
howard,2
send,2
lives,2
nor,2
circulated,2
servants,2
consider,2
dichotomy,2
objects,2
linked,2
just,2
former,2
argued,2
age,2
szechuan,2
follow,2
cost,2
putting,2
sahibs,2
puts,2
subjects,2
important,2
suggested,2
advocated,2
taught,2
opening,2
expressed,2
based,2
fortunes,2
histories,2
train,2
houses,2
strength,2
typical,2
access,2
banned,2
foreground,2
deal,2
curiosity,2
events,2
agendas,2
spiritualism,2
acquiring,2
further,2
impression,2
understood,2
permits,2
omissi,2
dynasty,2
schneider,2
hendon,2
sovereignty,2
fish,2
troops,2
hostilities,2
sport,2
envoys,2
memory,2
representatives,2
having,2
gained,2
directly,2
sounded,2
raf,2
mapped,2
formerly,2
framed,2
claim,2
imagined,2
illustrated,2
strategy,2
purpose,2
competing,2
indigenous,2
criticized,2
geology,2
q,2
reynolds,2
literally,2
kansu,2
et,2
advertising,2
border,2
kailas,2
overseas,2
greenhalgh,2
missions,2
president,2
foucault,2
preceded,2
published,2
hard,2
responsibility,2
suggest,2
hired,2
son,2
catholic,2
quite,2
prologue,2
orient,2
around,2
tony,2
insurance,2
suzerainty,2
norbu,2
reconceptualize,2
decline,2
goddess,2
boundaries,2
citroen,2
progress,2
cattle,2
education,2
wife,2
correspondence,2
peculiar,2
inquiries,2
plausible,2
am,2
gordon,2
taxidermy,2
rongshar,2
tea,2
battle,2
parshotam,2
business,2
nation,2
waddell,2
request,2
dealing,2
matter,2
contact,2
various,2
bringing,2
letters,2
mehra,2
identified,2
williamson,2
short,2
comparative,2
steps,2
nearly,2
death,2
arapahoes,2
met,2
whatever,2
garden,2
expanded,2
surveyor,2
experiences,2
boy,2
roads,2
suppose,2
vicinity,2
swinson,2
philadelphia,2
criticism,2
makes,2
towards,2
threat,2
inspiration,2
challenged,2
commonwealth,2
rightly,2
lord,2
department,2
qualified,2
quotations,2
mention,2
members,2
camel,2
museums,2
kenneth,2
toward,2
renewed,2
similarly,2
towns,2
projects,2
gentle,2
stories,2
materialist,2
documents,2
ought,2
children,2
educated,2
really,2
break,2
stop,2
debates,2
everything,2
complaints,2
serious,2
audiences,2
question,2
geography,2
akira,2
tell,2
digging,2
deep,2
woman,2
distance,2
threats,2
worcester,2
fled,2
imagine,2
ephemeral,2
simon,2
independence,2
holdich,2
incorporation,2
easier,2
explanation,2
neh,2
virgin,2
limitations,2
transformed,2
manufactured,2
looking,2
elite,2
louis,2
entirely,2
asian,2
use,2
phari,2
largely,2
persisted,2
flings,2
camera,2
harvard,2
questions,2
dirt,2
hoc,2
nothing,2
individuals,2
exerted,2
archive,2
positional,2
complicated,2
versions,2
clear,2
reality,2
aziz,2
devils,2
agreement,2
points,2
soldiers,2
lady,2
evening,2
period,2
sacredness,2
parts,2
course,2
offense,2
standard,2
latter,2
imagination,2
newsreels,2
k,2
mining,2
become,2
sight,2
geographers,2
coombes,2
effect,2
excluded,2
exhibitionary,2
story,2
musser,2
looked,2
ground,2
versus,2
occupied,2
accord,2
amateur,2
relative,2
conveyed,2
competed,2
widely,2
separate,2
reinventing,2
carried,2
writer,2
dreadful,2
perspectives,2
delhi,2
independent,2
bureaucrats,2
usually,2
emphasized,2
fear,2
rpt,2
vertical,2
lines,2
deaths,2
male,2
sensitive,2
dispatch,2
parsons,2
unauthorized,2
mrs,2
unclear,2
payment,2
responsible,2
analysis,2
mother,2
affected,2
obstacle,2
articles,2
interview,2
susan,2
antarctic,2
assistant,2
reciprocal,2
contained,2
aris,2
firsthand,2
series,2
russians,2
complexity,2
taring,2
reconstitute,2
theme,2
known,2
donna,2
reconnaissance,2
established,2
bales,2
minerals,2
der,2
berkeley,2
natural,2
intellectual,2
refused,2
clifford,2
cultures,2
manchu,2
sheep,2
different,2
global,2
roman,2
resentment,2
seem,2
alexander,2
prominence,2
regard,2
visiting,2
report,2
searched,2
exhibits,2
convey,2
identities,2
pictures,2
musical,2
merely,2
better,2
redefined,2
livingstone,2
breach,2
warnings,2
calif,2
hoped,2
map,2
telegram,2
sensation,2
prestige,2
complain,2
boys,2
generally,2
art,2
asians,2
weird,2
schama,2
sympathise,2
level,2
mountaineer,2
four,2
slopes,2
introduced,2
convinced,2
african,2
lies,2
assumptions,2
territory,2
matches,2
missionary,2
families,2
stunt,2
disrupted,2
mimesis,2
coming,2
teeth,2
wild,2
akeley,2
spring,2
recording,2
lice,2
resist,2
donald,2
conditions,2
secord,2
contributed,2
instead,2
integrated,2
ngawang,2
humor,2
holiness,2
appreciated,2
masses,2
approach,2
off,2
area,2
walking,2
remains,2
chelmsford,2
traveling,2
comparison,2
offered,2
valuable,2
attending,2
recompense,2
zen,2
cook,2
valley,2
adopted,2
traditional,2
fellowship,2
images,2
strong,2
taylor,2
colonel,2
meeting,2
doing,2
mock,2
ca,2
portrait,2
truce,1
nicholas,1
periods,1
village,1
democracy,1
surroundings,1
mimic,1
fleming,1
govt,1
smoke,1
demonstrates,1
showcases,1
description,1
tashkent,1
rate,1
compares,1
along,1
child,1
accomplish,1
ruling,1
recuperate,1
scarf,1
limits,1
heightened,1
punch,1
shekar,1
common,1
imagining,1
indispensably,1
conflicting,1
protests,1
inaccurate,1
silences,1
antecedents,1
prologues,1
blasts,1
privately,1
corbey,1
eternal,1
hiroshi,1
immune,1
commitment,1
cinemasextended,1
sharf,1
truth,1
fanfare,1
dangers,1
administered,1
expectorating,1
extreme,1
clashing,1
extend,1
resulted,1
struggled,1
arrive,1
lens,1
therefore,1
liberating,1
hats,1
submission,1
variety,1
holzel,1
adoption,1
flesh,1
chiang,1
bargaining,1
rubies,1
introduction,1
notably,1
originate,1
turquoise,1
berlin,1
ryder,1
persia,1
receded,1
lapsed,1
start,1
minutes,1
church,1
tigers,1
heffernan,1
needed,1
universelles,1
organizer,1
unnumbered,1
conquering,1
archbishop,1
kinds,1
instructions,1
forgot,1
landowner,1
conserved,1
stereotypical,1
highly,1
essays,1
symbolize,1
om,1
referring,1
formed,1
erster,1
services,1
regulations,1
circumspect,1
contextualization,1
philippe,1
strictly,1
cholmolhari,1
sinister,1
pedersen,1
basil,1
sensed,1
club,1
reassured,1
sure,1
masquerade,1
suitors,1
enticed,1
tippett,1
wonderful,1
decade,1
ramsay,1
hair,1
adventurer,1
undertaken,1
justified,1
fixed,1
ian,1
dignified,1
hegemony,1
harsh,1
occurred,1
translations,1
religions,1
behavior,1
psychic,1
planes,1
accentuated,1
communicating,1
chanting,1
service,1
descriptions,1
contest,1
ah,1
permitted,1
women,1
intentions,1
fires,1
cutting,1
tends,1
karmay,1
firmness,1
misinformed,1
invoking,1
austine,1
stockpile,1
aside,1
decidedly,1
explaining,1
beneficial,1
credibility,1
argue,1
fairs,1
wrong,1
invention,1
parliamentary,1
tribute,1
certainly,1
condolences,1
implements,1
creation,1
lyman,1
localities,1
connection,1
contemptuously,1
interests,1
crews,1
exaggerated,1
wrestling,1
originally,1
audrey,1
exile,1
implications,1
contention,1
kinematographing,1
culturally,1
vols,1
rosenstone,1
hum,1
darkness,1
refusal,1
expectation,1
permanently,1
intrusted,1
beautiful,1
incomplete,1
youngest,1
majesty,1
stock,1
asia,1
bloomington,1
cinematographer,1
apologize,1
supermen,1
best,1
auckland,1
possibilities,1
quid,1
effecting,1
shaped,1
prejudices,1
amalgams,1
cinemas,1
stringent,1
paramount,1
down,1
jezebel,1
broken,1
borders,1
norbhu,1
ungainly,1
reasons,1
feminism,1
thank,1
spokesman,1
consular,1
dasang,1
carrying,1
expeditionand,1
japaneseness,1
senses,1
follows,1
inquisitive,1
incident,1
link,1
harriet,1
scheme,1
located,1
onto,1
professor,1
pavement,1
products,1
volunteered,1
parsee,1
ambition,1
nil,1
achieved,1
differential,1
embrace,1
endings,1
headlines,1
exiles,1
faithful,1
kuklick,1
murray,1
realise,1
trouble,1
henry,1
prohibiting,1
opposite,1
indoors,1
mail,1
gurkha,1
discipline,1
reading,1
sights,1
focus,1
orientalizer,1
visibility,1
panoramas,1
stopped,1
racial,1
intersection,1
annie,1
insertion,1
designs,1
danced,1
photographer,1
adventurealmost,1
depends,1
courage,1
sound,1
side,1
overruled,1
filth,1
suspect,1
cabinet,1
jane,1
ltd,1
westerner,1
plume,1
fascinated,1
recorded,1
reassessed,1
jenkins,1
eventual,1
anthropologists,1
bird,1
teleological,1
draws,1
histoire,1
chants,1
primary,1
sought,1
gm,1
america,1
saying,1
hertingfordbury,1
stereotype,1
knife,1
announced,1
gaselee,1
soldier,1
capable,1
obviously,1
disclaimed,1
fl,1
namgang,1
illustrate,1
riffenburgh,1
shame,1
reaching,1
mountaineers,1
odell,1
inevitable,1
keen,1
cater,1
aka,1
strains,1
reaction,1
diplomat,1
driver,1
investigator,1
fine,1
priestcraft,1
mastery,1
community,1
except,1
regards,1
sahlins,1
recalcitrant,1
intelligent,1
exchanges,1
fur,1
laws,1
dynamic,1
literal,1
requirements,1
dissipated,1
deities,1
enter,1
teravada,1
primat,1
identifies,1
monastic,1
recreated,1
fades,1
contrasts,1
adding,1
crystallized,1
mainstream,1
bolsheviks,1
singled,1
exposed,1
bill,1
hariru,1
egalitarianism,1
rawling,1
chairman,1
sacrilege,1
homage,1
andrew,1
exercises,1
constitutive,1
sensitivity,1
trailing,1
regularly,1
glimpses,1
speak,1
movies,1
reclaim,1
prominent,1
reverse,1
weakened,1
facts,1
difficulties,1
curzon,1
inner,1
development,1
sending,1
impassivity,1
explorers,1
longevity,1
machine,1
guthrie,1
lectures,1
forgotten,1
center,1
janet,1
visuality,1
mixed,1
decided,1
decorations,1
condescension,1
brokers,1
squalor,1
adams,1
offender,1
liaison,1
eers,1
ability,1
tripartite,1
westport,1
climber,1
insult,1
asymmetrical,1
learning,1
affairs,1
joumal,1
cases,1
wander,1
decisions,1
venerable,1
maintaining,1
pretensions,1
old,1
butlin,1
clark,1
desmond,1
mystic,1
ergo,1
contrary,1
bullock,1
escort,1
merit,1
serving,1
machines,1
modernity,1
africans,1
races,1
photographic,1
background,1
interfered,1
egypt,1
guardian,1
clergyman,1
continuous,1
overtaken,1
pure,1
walter,1
fiasco,1
networks,1
reveled,1
undertaking,1
sincerely,1
hybrid,1
geological,1
ira,1
accompaniment,1
blowing,1
beat,1
unresolved,1
communication,1
spite,1
frozen,1
ullman,1
patrons,1
apotheosis,1
assurances,1
belongs,1
convictions,1
strengthening,1
forestall,1
throng,1
descriptive,1
repudiated,1
himalaya,1
asad,1
guide,1
pointing,1
savage,1
hardly,1
conceded,1
nuanced,1
incarnation,1
frank,1
fierce,1
moon,1
carleton,1
headline,1
cast,1
virtual,1
blessing,1
battles,1
cooperation,1
finances,1
van,1
vm,1
behave,1
turton,1
tedong,1
offices,1
dignitaries,1
poor,1
mont,1
via,1
colour,1
disposed,1
whitened,1
americans,1
stills,1
town,1
pageants,1
german,1
plotted,1
uniquely,1
floor,1
russian,1
elevating,1
heroes,1
predicted,1
rinzin,1
improcurable,1
camp,1
variance,1
bring,1
aimed,1
ruptured,1
centered,1
generations,1
essence,1
adds,1
compatible,1
remain,1
ironic,1
aggressive,1
forced,1
misinterprets,1
kailash,1
vampire,1
biggest,1
levels,1
narcotic,1
longest,1
spying,1
filmed,1
remote,1
knew,1
players,1
completely,1
britannia,1
unique,1
tachienlu,1
trinh,1
nihonjinron,1
parents,1
goes,1
excessively,1
waned,1
lao,1
bankruptcy,1
edwin,1
heard,1
carcass,1
supplement,1
legal,1
illicit,1
humanity,1
michel,1
introversion,1
theocratic,1
plots,1
mythmaking,1
stinking,1
tionship,1
special,1
preservation,1
uncivilised,1
enabled,1
danger,1
echoed,1
topmost,1
read,1
reforms,1
feel,1
arbor,1
flaherty,1
colonising,1
space,1
precious,1
risks,1
fade,1
howe,1
decadence,1
raymond,1
scenics,1
soul,1
platterful,1
travelogue,1
distinct,1
towers,1
changes,1
escape,1
win,1
finer,1
romantic,1
applied,1
bhabha,1
dean,1
soon,1
degenerate,1
female,1
playing,1
paperwork,1
university,1
signed,1
dolma,1
physically,1
goblins,1
beau,1
disrupts,1
peasant,1
mane,1
lowell,1
teaches,1
presumably,1
exciting,1
section,1
days,1
attain,1
reconstituted,1
articulated,1
glorious,1
sheer,1
epidemics,1
fistfight,1
geyer,1
avalanches,1
advancing,1
situations,1
undated,1
inhuman,1
montgomery,1
earnestly,1
filed,1
graphic,1
undercover,1
tried,1
pinnacle,1
origins,1
tengri,1
telegraphs,1
promoted,1
furies,1
wondering,1
henrika,1
defeat,1
chips,1
organisation,1
definite,1
ultimately,1
montheath,1
consequence,1
neither,1
christmas,1
problems,1
sterner,1
victorian,1
lengthen,1
permanent,1
landlord,1
recruited,1
care,1
helped,1
photos,1
opinion,1
uncritically,1
trained,1
decades,1
admiration,1
ringang,1
conflicts,1
touchy,1
reflections,1
circumambulate,1
morag,1
greater,1
dictates,1
samten,1
ou,1
my,1
formidable,1
treating,1
frosty,1
heavily,1
herald,1
kennedy,1
thousands,1
cd,1
included,1
allow,1
cordial,1
habits,1
repugnant,1
sherriff,1
demise,1
hands,1
six,1
ambitions,1
attack,1
yunnan,1
carol,1
effort,1
resembles,1
patrick,1
energetic,1
demands,1
mick,1
austin,1
criticisms,1
primacy,1
disingenuous,1
owen,1
suitable,1
distributor,1
meanwhile,1
amusing,1
drill,1
eat,1
delight,1
reactionary,1
featured,1
negation,1
isolated,1
glacial,1
representative,1
clare,1
passionate,1
mantra,1
inversion,1
cancellation,1
big,1
wonder,1
academic,1
gidley,1
capability,1
afternoon,1
pro,1
occupation,1
posting,1
eased,1
informed,1
effective,1
technical,1
welcome,1
reappeared,1
chensal,1
heaven,1
circular,1
unbecoming,1
resurrected,1
hall,1
mediated,1
posters,1
careless,1
agreements,1
province,1
prohibit,1
finch,1
appears,1
secure,1
produced,1
reinforce,1
internecine,1
lonchen,1
modest,1
dirks,1
intertwined,1
grounds,1
sikkimese,1
masculine,1
tension,1
marshall,1
magrath,1
saving,1
ears,1
find,1
enough,1
wide,1
creates,1
governing,1
unchallenged,1
expressions,1
masculinity,1
birley,1
mackrell,1
overlapping,1
improve,1
undermined,1
alienation,1
outstanding,1
heartbeat,1
nichols,1
animated,1
none,1
feeding,1
vincanne,1
postwar,1
ingle,1
dilemmas,1
invisible,1
sybille,1
line,1
relief,1
tsering,1
artifacts,1
criticize,1
tr,1
astonishing,1
intense,1
scope,1
homi,1
blinding,1
already,1
guides,1
responding,1
window,1
blue,1
dorje,1
genre,1
clean,1
unless,1
bayonets,1
expanding,1
deceitfully,1
explains,1
chomolungma,1
marvel,1
calls,1
secret,1
call,1
actors,1
pasts,1
tune,1
elizabeth,1
fence,1
reconstruct,1
reminded,1
copyright,1
bengal,1
lectured,1
loss,1
year,1
literature,1
hybridity,1
gnomes,1
opined,1
practically,1
felix,1
mint,1
laurence,1
fail,1
engineer,1
editorial,1
flight,1
bazaar,1
reportedly,1
records,1
grain,1
seated,1
irregular,1
reciprocates,1
actually,1
rendering,1
wimbledon,1
insinuations,1
denizens,1
revisioning,1
tanaka,1
organizing,1
justification,1
highlighted,1
surrounding,1
jensey,1
cancelled,1
formations,1
realms,1
sutton,1
chang,1
queer,1
dadul,1
wil,1
won,1
artifact,1
ethnicity,1
wheat,1
challenging,1
walton,1
engagement,1
escalated,1
boulders,1
embargo,1
manipulation,1
refuse,1
secularism,1
heider,1
exaggerates,1
latimer,1
concentrates,1
staple,1
supplying,1
hardship,1
commons,1
drums,1
sense,1
viable,1
societes,1
carriage,1
manners,1
questionable,1
adherents,1
tom,1
salastair,1
crawford,1
revolution,1
seized,1
excuse,1
guardians,1
trading,1
terrence,1
sporting,1
lightest,1
emphasizes,1
excpress,1
reaches,1
sharp,1
nearest,1
irredenta,1
sake,1
involved,1
textual,1
jardine,1
inextricably,1
whitehall,1
overshadowed,1
stare,1
enslaved,1
close,1
autonomy,1
soil,1
shapes,1
imagines,1
abeyance,1
choose,1
bray,1
exigencies,1
cool,1
inscrutable,1
shadows,1
secrecy,1
uq,1
canterbury,1
revels,1
usual,1
swear,1
foremost,1
churches,1
managed,1
offending,1
shouldn,1
jordan,1
dependent,1
prakash,1
passivity,1
peculiarly,1
rapp,1
hayden,1
immediate,1
gould,1
civilisation,1
notes,1
reflected,1
purporting,1
confidant,1
stationery,1
promoter,1
weigh,1
grateful,1
provided,1
finds,1
flour,1
settle,1
activities,1
unfinished,1
seemed,1
cx,1
subsequently,1
erik,1
prescribed,1
barbara,1
untrue,1
transforming,1
south,1
personalizing,1
integrating,1
critical,1
hosts,1
defended,1
telegraph,1
scored,1
effeminacy,1
blick,1
highlights,1
situation,1
ironies,1
teichman,1
rey,1
minor,1
exeter,1
motorbike,1
inhabitants,1
advocate,1
holds,1
nonetheless,1
territorial,1
ridge,1
journey,1
fortunately,1
underestimated,1
cosmological,1
wary,1
action,1
dane,1
incorrect,1
rule,1
glasgow,1
appearances,1
gender,1
brian,1
judy,1
blessed,1
premen,1
spearheaded,1
sunset,1
favours,1
bolshevik,1
limited,1
deadly,1
tide,1
scandalous,1
breakthroughs,1
entrepreneur,1
funny,1
innocence,1
reincarnation,1
allen,1
wh,1
glaciers,1
hydroelectric,1
intervention,1
surviving,1
reporting,1
railway,1
dingri,1
recited,1
wikitoria,1
indignation,1
premises,1
motive,1
modes,1
conquerors,1
paint,1
settings,1
quaker,1
ask,1
inhabited,1
innovation,1
authenticity,1
bef,1
fighting,1
movie,1
robin,1
kaur,1
violate,1
repression,1
ke,1
collect,1
cheap,1
duplicate,1
turmoil,1
nephew,1
nationalism,1
affront,1
unfolds,1
auspices,1
violence,1
fair,1
jasbir,1
describe,1
arrangements,1
treaty,1
newsreel,1
beetham,1
represents,1
rules,1
devotion,1
advanced,1
alongside,1
albert,1
hegemonic,1
yourselves,1
sounds,1
discussions,1
offenses,1
seeing,1
roles,1
restricted,1
mandarins,1
clash,1
favorable,1
confidently,1
specimens,1
harbsmeier,1
ancient,1
dondup,1
vows,1
bo,1
subjectivities,1
rode,1
acting,1
chris,1
victories,1
tipped,1
falls,1
aristocratic,1
belonged,1
ci,1
stocking,1
assistance,1
complete,1
terrific,1
shock,1
multiplicitous,1
ambassadors,1
passions,1
gi,1
dan,1
broad,1
topical,1
heroism,1
darkened,1
al,1
brocade,1
frightened,1
largest,1
contempt,1
steve,1
star,1
ji,1
badge,1
mich,1
moments,1
speaking,1
rise,1
imitations,1
suta,1
stones,1
charismatic,1
kino,1
retired,1
fix,1
chose,1
volume,1
kamba,1
lewis,1
intrigues,1
eerie,1
ind,1
paul,1
shots,1
jeffrey,1
surreptitiously,1
clive,1
equivalent,1
nationalists,1
approaching,1
conceived,1
deserves,1
mistrust,1
performs,1
rock,1
tiny,1
smith,1
missing,1
transcultural,1
release,1
locating,1
herbert,1
efforts,1
campsites,1
cultivated,1
jzebl,1
lack,1
leading,1
llamas,1
idea,1
regents,1
enrico,1
sing,1
turner,1
preserve,1
warned,1
repulse,1
maternal,1
marvels,1
regret,1
striking,1
britons,1
departments,1
advantage,1
marseilles,1
plan,1
clerks,1
dj,1
raised,1
lacks,1
pretty,1
chaplin,1
occultism,1
pet,1
pacific,1
named,1
hear,1
creative,1
personal,1
quantify,1
prospects,1
goodwill,1
navy,1
statesmen,1
arabia,1
cymbals,1
considerable,1
parallel,1
pattern,1
immensely,1
suspected,1
polarized,1
remark,1
habit,1
override,1
agree,1
removal,1
afraid,1
honor,1
anthropologist,1
wounding,1
outside,1
drinking,1
heart,1
learn,1
paris,1
colonizer,1
ironically,1
manner,1
select,1
telegraphic,1
attempting,1
developing,1
reassertion,1
ensured,1
timing,1
ch,1
karl,1
marrying,1
kashag,1
foot,1
surveillance,1
sorry,1
deceitfulness,1
council,1
unspeakably,1
colony,1
relayed,1
disliked,1
mystics,1
anihu,1
blasphemous,1
remarked,1
inert,1
silenced,1
greeting,1
leslie,1
jacobs,1
clashes,1
gives,1
brutally,1
going,1
shoot,1
touch,1
obituary,1
replaced,1
darwinist,1
statues,1
notion,1
process,1
disappearance,1
breakdown,1
crown,1
recognizing,1
superstition,1
exhibit,1
exploring,1
lap,1
investigated,1
blanc,1
admits,1
intimate,1
minimizing,1
examples,1
birth,1
restrictions,1
nepalese,1
rendered,1
stronger,1
disappear,1
sacrifices,1
northampton,1
totalizing,1
range,1
eighteenth,1
headdresses,1
bear,1
benshi,1
loud,1
region,1
reputedly,1
ziji,1
alerted,1
plantsit,1
demoted,1
enormous,1
previously,1
shakya,1
depended,1
holt,1
contacts,1
judge,1
komatsu,1
simla,1
recover,1
nanook,1
birds,1
identity,1
lecture,1
probably,1
doug,1
reconstructs,1
angle,1
characteristically,1
unfortunately,1
misled,1
rivers,1
reasserts,1
advises,1
assume,1
newspaper,1
maria,1
mules,1
band,1
ideas,1
inflicted,1
garrett,1
magdalene,1
guarded,1
evolution,1
exhibited,1
rare,1
goal,1
identical,1
eden,1
orientalized,1
housing,1
trust,1
fantastic,1
graham,1
chow,1
congregation,1
vu,1
students,1
laughing,1
reattributed,1
excused,1
attraction,1
charge,1
legs,1
negotiating,1
open,1
significance,1
explorations,1
landscapes,1
percy,1
cameras,1
engender,1
historic,1
thetic,1
legitimacy,1
emphasizing,1
authors,1
stress,1
collini,1
publication,1
loizos,1
urge,1
held,1
individual,1
akelely,1
characterised,1
corr,1
characterized,1
reviewers,1
disclaimers,1
inventing,1
summer,1
skulls,1
depiction,1
risen,1
rhetoric,1
collected,1
distinction,1
spirits,1
conversation,1
renewal,1
filmmaker,1
losing,1
tex,1
black,1
lose,1
internationqd,1
construct,1
boxed,1
talal,1
repeated,1
class,1
specilal,1
strangely,1
educational,1
combe,1
pageant,1
mcmahon,1
behind,1
dawson,1
hairy,1
incapable,1
imaginative,1
yamchen,1
uncles,1
exclaim,1
greatly,1
ann,1
displayed,1
prisons,1
anderson,1
careerist,1
recovered,1
influences,1
organizers,1
hansard,1
concepts,1
patterson,1
priests,1
offensive,1
seeking,1
impertinent,1
assistants,1
looks,1
rhetorical,1
advertisement,1
psychical,1
displacements,1
gyan,1
northern,1
attracted,1
cruel,1
peking,1
reserved,1
breckenridge,1
cinematic,1
figures,1
etc,1
save,1
instances,1
overthrow,1
irrevocably,1
seduction,1
evidence,1
expansively,1
amar,1
baggage,1
personification,1
division,1
stereotypes,1
justice,1
reluctant,1
hunt,1
summary,1
increasing,1
roasted,1
unexpected,1
dogs,1
upset,1
bravo,1
humiliating,1
wished,1
asking,1
accepting,1
propter,1
cnte,1
autumn,1
untenable,1
aid,1
backward,1
dual,1
declaration,1
today,1
alex,1
footage,1
veer,1
masculinities,1
provide,1
quo,1
bold,1
sometimes,1
elevate,1
crucial,1
gunned,1
prophets,1
imps,1
consent,1
zookeeper,1
missionaries,1
obscuring,1
averse,1
jigme,1
gananath,1
handing,1
attitude,1
deteriorated,1
ryan,1
manly,1
ordinary,1
primarily,1
binary,1
delouses,1
dragged,1
lobbying,1
hogan,1
colonizers,1
interfere,1
translation,1
detailed,1
worse,1
effectively,1
sagant,1
lawrence,1
visual,1
understand,1
gana,1
threaten,1
interplay,1
nimri,1
sequences,1
remaining,1
spary,1
anxiety,1
reservations,1
rapidly,1
incredulity,1
anxious,1
stunts,1
successor,1
inspired,1
kicking,1
construction,1
continually,1
norton,1
existed,1
hope,1
surprising,1
dead,1
wives,1
composed,1
ing,1
bayly,1
night,1
centuries,1
months,1
madison,1
padme,1
event,1
oppenheim,1
face,1
recalling,1
ridges,1
arts,1
capt,1
commenting,1
gillian,1
premier,1
mud,1
investigate,1
fought,1
seat,1
thick,1
meant,1
chessboard,1
announces,1
matters,1
dissertation,1
undertook,1
anthropological,1
photographs,1
stereotyped,1
wars,1
magnitude,1
curious,1
punished,1
heavy,1
theosophy,1
ordered,1
historian,1
bagdad,1
practice,1
terrible,1
following,1
prohibited,1
senior,1
hierarchy,1
lessons,1
broke,1
ethnological,1
version,1
wasted,1
tempting,1
punishments,1
apprehension,1
blessings,1
founded,1
extending,1
demonstrate,1
agents,1
instructed,1
officially,1
reinforced,1
culturalanthropology,1
continues,1
extension,1
exposition,1
begrimmed,1
constructed,1
temporal,1
palace,1
supported,1
travellers,1
telephoto,1
perhaps,1
carl,1
temple,1
cooled,1
text,1
meat,1
alps,1
offers,1
here,1
wider,1
set,1
frame,1
sangbu,1
downfall,1
bright,1
hospitality,1
depon,1
ran,1
mutually,1
privacy,1
modernisers,1
stamp,1
skinned,1
illuminate,1
endurance,1
halt,1
turn,1
paper,1
addy,1
organized,1
folk,1
brute,1
journalist,1
seriously,1
interested,1
denigrate,1
branches,1
believe,1
hiaaa,1
flowing,1
entertainments,1
incorporating,1
ft,1
leaders,1
gazelle,1
breaking,1
contraditions,1
brick,1
expense,1
cc,1
framer,1
eugenics,1
foundation,1
rivalry,1
yaks,1
entering,1
picks,1
perfectly,1
rely,1
infer,1
qing,1
rearmament,1
written,1
precarious,1
visits,1
build,1
associations,1
explicitly,1
ambivalent,1
enlarged,1
u,1
disputes,1
edwardian,1
richardson,1
ethos,1
extroverted,1
weber,1
places,1
feminist,1
latest,1
growing,1
beginning,1
barnouw,1
hose,1
dismissal,1
born,1
corresponds,1
explanations,1
imitation,1
strained,1
proceedings,1
carefully,1
investigation,1
shakabpa,1
burns,1
bristol,1
whether,1
kevin,1
stability,1
namely,1
ritvo,1
degree,1
want,1
quote,1
imposed,1
metaphor,1
maintain,1
suspicions,1
attitudes,1
indicates,1
arousing,1
statement,1
cult,1
preempting,1
warn,1
vigorously,1
gambling,1
leaving,1
problem,1
anthropomorphizes,1
dream,1
surveying,1
supplemented,1
weak,1
listen,1
instigation,1
getting,1
bitterly,1
expositions,1
studying,1
projection,1
gestures,1
explored,1
video,1
balance,1
argo,1
altick,1
chengtu,1
porter,1
resurgent,1
shebbeare,1
suspicion,1
hundreds,1
prevent,1
port,1
refers,1
size,1
cluster,1
remodeled,1
controller,1
conference,1
burden,1
wandering,1
abundantly,1
bodies,1
biography,1
tent,1
teddy,1
varieties,1
unfrocked,1
occasionally,1
balances,1
persuaded,1
transport,1
ruled,1
edwards,1
rabinowitz,1
hovels,1
welcoming,1
joining,1
courses,1
demanded,1
perpetuates,1
jong,1
supplies,1
maori,1
obeyesekere,1
returning,1
regulated,1
brushwood,1
jim,1
acute,1
tushi,1
finish,1
screen,1
target,1
organization,1
singleness,1
guttural,1
twenties,1
pennybacker,1
policymakers,1
goose,1
allows,1
exploit,1
games,1
commented,1
aspect,1
malabar,1
paula,1
store,1
daring,1
vaguely,1
reducible,1
rachael,1
dominant,1
newscuttings,1
eric,1
seek,1
legends,1
charlie,1
lodged,1
adopting,1
internationalization,1
foreigners,1
disseminating,1
patriarchy,1
wis,1
camps,1
institutional,1
scathing,1
strikingly,1
grant,1
finally,1
catch,1
accept,1
publicized,1
value,1
sat,1
ended,1
snowy,1
joined,1
include,1
land,1
physical,1
opinions,1
product,1
colleagues,1
prohibition,1
obscurity,1
firewood,1
taxes,1
france,1
quotes,1
harbored,1
arenas,1
rimpoche,1
organ,1
caption,1
sexuality,1
indecent,1
promptly,1
chastised,1
extremely,1
association,1
lamaist,1
financially,1
shokang,1
morning,1
ruth,1
anonymous,1
cracked,1
observation,1
recognize,1
thief,1
potential,1
orchestrated,1
removed,1
trader,1
ser,1
klein,1
chratrie,1
alexandra,1
arrived,1
fellows,1
collaborators,1
rydell,1
parody,1
hills,1
escalating,1
era,1
incompatibility,1
th,1
kinematograph,1
debate,1
bentley,1
texts,1
bargain,1
athenaeum,1
predictable,1
hymn,1
severely,1
scholarly,1
interaction,1
impress,1
anglotibetan,1
bombed,1
shangri,1
immediately,1
objected,1
prison,1
ends,1
observed,1
vulgar,1
chempo,1
building,1
connor,1
proponent,1
daughter,1
puul,1
comedy,1
lafeber,1
delayed,1
jealous,1
race,1
mistaken,1
draft,1
major,1
occur,1
deeper,1
gold,1
god,1
faction,1
hereby,1
thorough,1
