WORDCOUNTS,WEIGHT
the,1275
of,910
and,608
in,496
to,314
a,296
that,162
italian,153
as,152
for,127
italy,116
was,116
on,116
see,110
by,104
this,91
not,82
an,81
with,80
s,78
it,70
had,70
italians,69
their,68
were,64
is,63
national,63
e,61
from,59
his,58
italia,57
character,55
but,54
balbo,54
more,53
also,53
he,47
history,44
historical,44
political,43
they,41
i,41
its,41
have,41
risorgimento,40
people,40
who,40
other,38
century,37
which,37
be,37
d,36
regeneration,35
review,35
new,35
women,34
or,33
end,33
at,32
has,32
indolence,32
de,31
l,30
discourse,30
april,30
ozio,30
american,29
europe,29
some,29
start,29
ed,29
nationalism,28
most,28
la,28
even,27
gioberti,26
very,26
no,25
nation,25
these,25
sismondi,24
about,24
are,23
patriots,23
only,23
time,23
when,23
been,23
if,22
one,22
state,22
york,22
often,22
first,21
southern,21
patriotic,21
between,21
all,20
than,20
would,20
we,20
while,20
della,19
out,19
work,19
del,19
mazzini,19
di,18
such,18
peninsula,18
french,18
both,18
studies,17
many,17
moral,17
analysis,17
storia,17
cesare,16
example,16
chap,16
patriarca,16
gender,16
essay,16
period,16
european,16
silvana,16
country,16
past,16
particular,16
much,16
nineteenth,15
representations,15
too,15
will,15
eds,15
peoples,15
turin,15
among,15
there,14
italiano,14
study,14
giuseppe,14
could,14
cultural,14
identity,14
language,14
after,14
what,14
patriotism,14
question,14
moderates,13
vice,13
montesquieu,13
however,13
decline,13
thought,13
published,13
civilization,13
florence,13
eighteenth,13
vices,13
like,13
speranze,13
did,13
stael,13
vol,13
early,13
into,12
negative,12
great,12
gendered,12
process,12
war,12
same,12
pointed,12
men,12
greek,12
foreign,12
them,12
way,11
primato,11
since,11
effeminate,11
during,11
own,11
effeminacy,11
indeed,11
culture,11
nazione,11
less,11
years,11
another,11
writings,11
especially,11
indolent,11
present,11
attention,11
role,11
recent,11
modern,10
those,10
far,10
thus,10
view,10
my,10
called,10
primacy,10
term,10
public,10
literature,10
london,10
social,10
society,10
rome,10
machiavelli,10
banti,10
independence,10
life,10
case,10
bollati,10
half,10
writing,10
enlightenment,10
o,9
account,9
politics,9
rather,9
because,9
part,9
northern,9
whole,9
place,9
et,9
climate,9
provided,9
nations,9
action,9
yet,9
democrats,9
us,9
sulla,9
two,9
power,9
do,9
metaphors,9
virtues,9
so,9
greece,9
stereotypes,9
gallenga,9
christian,9
piedmontese,9
wars,9
any,9
degenerate,9
almost,9
middle,9
popular,9
c,9
now,8
later,8
habits,8
military,8
england,8
british,8
bizzocchi,8
issue,8
turn,8
pensieri,8
influence,8
university,8
milan,8
madame,8
found,8
italiana,8
revolution,8
catholic,8
republican,8
grand,8
under,8
fact,8
antonio,8
john,8
rulers,8
made,8
maria,8
ideas,8
described,8
dell,8
figure,8
institutions,8
italiani,8
centuries,8
historian,8
different,8
particularly,8
type,8
terms,8
attitudes,8
became,8
cicisbeismo,8
our,8
moderate,8
course,8
although,8
states,8
france,8
views,8
strong,8
english,7
j,7
nature,7
within,7
historians,7
foreigners,7
against,7
old,7
giacomo,7
importance,7
edition,7
origins,7
followed,7
m,7
important,7
stereotype,7
franco,7
well,7
change,7
cicisbeo,7
republics,7
certainly,7
degeneration,7
am,7
still,7
make,7
times,7
al,7
lack,7
ages,7
paris,7
notion,7
cambridge,7
recovery,7
venturi,7
blood,7
text,7
moe,7
nobility,7
feminist,7
making,7
cause,7
through,7
world,7
discursive,7
little,7
connor,7
superiority,6
common,6
essays,6
true,6
du,6
being,6
ii,6
meaning,6
montanelli,6
words,6
development,6
author,6
young,6
whose,6
main,6
slavery,6
certain,6
sommario,6
image,6
n,6
democratic,6
result,6
vincenzo,6
intellectuals,6
though,6
scritti,6
esp,6
le,6
family,6
up,6
giovine,6
read,6
name,6
tour,6
contemporary,6
man,6
rhetoric,6
honor,6
where,6
lost,6
inhabitants,6
order,6
seen,6
education,6
then,6
following,6
best,6
bologna,6
better,6
according,6
her,6
travel,6
des,6
subject,6
went,6
themselves,6
alberto,6
difficult,5
medieval,5
complex,5
romance,5
long,5
vols,5
book,5
desire,5
religion,5
emphasized,5
opposite,5
sexual,5
shared,5
morale,5
central,5
church,5
corinne,5
refer,5
roberto,5
journal,5
durando,5
critics,5
german,5
without,5
how,5
nor,5
wanted,5
calif,5
literary,5
liberal,5
consciousness,5
remaking,5
age,5
always,5
laziness,5
aristocratic,5
traits,5
nel,5
writers,5
gave,5
partly,5
editi,5
tropes,5
presence,5
degli,5
republiques,5
ancient,5
love,5
nazionale,5
conceived,5
scholars,5
cicisbei,5
classical,5
napoleon,5
relevant,5
woman,5
imbued,5
began,5
three,5
reality,5
good,5
characterized,5
faith,5
vesuvius,5
travelers,5
saw,5
balkans,5
circle,5
claimed,5
primarily,5
unita,5
countries,5
arts,5
claims,5
conviction,5
version,5
constituted,5
theme,5
here,5
ideological,5
spaniards,5
histoire,5
works,5
trope,5
theory,5
delle,5
inediti,5
come,5
formation,5
roots,5
youth,5
elites,5
images,5
should,5
virtue,5
customs,5
does,4
relational,4
generated,4
communes,4
introduction,4
linguistic,4
needed,4
significant,4
liberty,4
subjection,4
roman,4
greatness,4
exile,4
contrasted,4
beautiful,4
historiography,4
corruption,4
reasons,4
origin,4
despotism,4
republicanism,4
last,4
mind,4
discipline,4
signs,4
existence,4
preoccupations,4
task,4
custom,4
possible,4
human,4
due,4
recasting,4
mosse,4
dei,4
kind,4
orig,4
patria,4
columbia,4
find,4
storica,4
leadership,4
let,4
hopes,4
subjected,4
influential,4
pages,4
produced,4
bad,4
weak,4
show,4
beyond,4
constitution,4
reflections,4
radical,4
late,4
something,4
recently,4
tuscan,4
unequal,4
r,4
edn,4
excessive,4
used,4
dal,4
il,4
oriental,4
sense,4
shaping,4
things,4
around,4
degradation,4
nazionalita,4
critical,4
second,4
may,4
various,4
entitled,4
letters,4
unification,4
grande,4
cuoco,4
thinkers,4
vico,4
movement,4
politica,4
evil,4
narratives,4
climatic,4
studi,4
nationhood,4
idea,4
fashion,4
empire,4
imaginary,4
discourses,4
private,4
insurrection,4
corrupted,4
immagini,4
brussels,4
played,4
tuscany,4
came,4
least,4
latter,4
internal,4
become,4
conquest,4
lo,4
me,4
note,4
george,4
ideology,4
manly,4
male,4
referred,4
antiquity,4
construction,4
itself,4
examine,4
acquired,4
naples,4
orientals,4
characteristics,4
napoleonic,4
set,4
intellectual,4
esempi,4
mariotti,4
domestic,4
privileged,4
passage,4
industriousness,4
beginning,4
unique,4
nationalist,4
namely,4
emphasis,4
colonial,4
representation,4
devoted,4
lands,4
rivoluzione,4
comparison,4
specific,4
enterprise,4
exclusively,4
focus,4
leopardi,4
observed,4
famous,4
rivista,4
currently,3
concerned,3
stood,3
giorgio,3
legitimate,3
feminization,3
myth,3
ways,3
civile,3
genius,3
felice,3
spirit,3
occurred,3
before,3
civic,3
morality,3
diffusion,3
cast,3
passion,3
stressed,3
creation,3
exclusive,3
represented,3
narrative,3
romani,3
take,3
subsequent,3
help,3
feature,3
side,3
mass,3
draw,3
hall,3
clearly,3
condition,3
moderation,3
point,3
cited,3
dynamic,3
literal,3
along,3
collection,3
diversity,3
learned,3
pilati,3
throughout,3
dependence,3
eras,3
historically,3
famously,3
dynamics,3
ascoli,3
seta,3
large,3
henneberg,3
cases,3
maura,3
nationalisms,3
villari,3
profound,3
back,3
marriage,3
left,3
tra,3
spite,3
servente,3
aristocracy,3
failed,3
rights,3
steps,3
profoundly,3
geneva,3
developed,3
giornale,3
en,3
responded,3
cult,3
catholics,3
similar,3
direct,3
white,3
lay,3
von,3
moreover,3
understand,3
favor,3
romantic,3
praise,3
les,3
romantics,3
argued,3
powerful,3
position,3
oppression,3
carlo,3
helped,3
required,3
greater,3
based,3
societies,3
conservative,3
international,3
passionate,3
supporters,3
informed,3
focused,3
cavour,3
figuration,3
opposition,3
aspects,3
feminine,3
claim,3
future,3
civil,3
arms,3
loss,3
older,3
art,3
relevance,3
illustrious,3
received,3
strengthened,3
either,3
noticed,3
solution,3
useful,3
contrast,3
mediterranean,3
several,3
few,3
governments,3
fuori,3
research,3
generally,3
woolf,3
annali,3
notes,3
cavalier,3
patriottismo,3
south,3
f,3
epitome,3
noble,3
lazy,3
limited,3
female,3
giovanni,3
positive,3
convictions,3
oxford,3
denunciation,3
examined,3
makes,3
corrupt,3
constant,3
ranks,3
members,3
jeffrey,3
bring,3
again,3
others,3
available,3
chaps,3
mito,3
gentile,3
everything,3
habit,3
took,3
model,3
giacobinismo,3
duties,3
spoke,3
minneapolis,3
perhaps,3
native,3
explicitly,3
fight,3
original,3
lasting,3
gymnastic,3
currents,3
active,3
catholicism,3
detailed,3
europeans,3
expression,3
use,3
nothing,3
meanings,3
points,3
ireland,3
lady,3
david,3
compatriots,3
inventing,3
him,3
features,3
high,3
conversation,3
black,3
dialogue,3
spent,3
why,3
behind,3
can,3
enjoyed,3
probably,3
justice,3
simonde,3
carried,3
imply,3
today,3
she,3
memorie,3
usually,3
value,3
lives,3
philosopher,3
indicate,3
achieve,3
sympathy,3
face,3
mirror,3
neapolitans,3
problematic,3
meant,3
contained,3
thinking,3
greeks,3
alcune,3
ever,3
muratori,3
inferiority,3
guerra,3
nuova,3
natural,3
cultura,3
worth,3
ahr,3
ph,3
current,3
regard,3
piedmont,3
written,3
number,3
niente,3
just,3
means,3
francesco,3
add,3
metaphor,3
year,3
emasculating,3
burden,3
classes,3
idleness,3
given,3
city,3
revolutions,3
vast,3
phenomenon,3
ugo,3
enthusiasm,3
argument,3
nell,3
dangerous,3
contributed,3
need,3
product,3
secolo,3
morally,3
inclination,3
invited,3
rest,3
reached,3
era,3
spheres,3
building,3
race,3
major,3
courts,2
liberals,2
go,2
produces,2
stain,2
parole,2
stuart,2
scholar,2
created,2
praised,2
concern,2
addressed,2
extreme,2
jane,2
revolutionary,2
trans,2
appear,2
compensated,2
notably,2
balkan,2
carlantonio,2
center,2
nobleman,2
achievements,2
denied,2
mostly,2
artistic,2
italiennes,2
ideals,2
western,2
resurgence,2
harsh,2
carroll,2
exceptions,2
umberto,2
societa,2
eager,2
contact,2
straniero,2
experience,2
article,2
said,2
reprinted,2
explaining,2
declared,2
modest,2
invention,2
whom,2
venice,2
give,2
carattere,2
taken,2
restoration,2
attempts,2
promoting,2
company,2
shaped,2
moderna,2
latium,2
thank,2
differences,2
portrayal,2
studied,2
denying,2
service,2
thanks,2
hunting,2
kingdom,2
resorting,2
ginnastica,2
precisely,2
raised,2
reserved,2
alike,2
relations,2
romanticism,2
daniel,2
seminar,2
similarities,2
system,2
invasions,2
beato,2
adrian,2
eastern,2
albeit,2
walks,2
capacity,2
translations,2
settecento,2
rejected,2
effeteness,2
chapter,2
caterina,2
resa,2
sixteenth,2
femminile,2
reaction,2
richard,2
occupy,2
emasculation,2
taking,2
combination,2
establishment,2
conception,2
hagemann,2
himself,2
contemporanea,2
sweet,2
behavior,2
repeatedly,2
guidi,2
conflict,2
err,2
andrew,2
lover,2
simonetta,2
express,2
mine,2
immediate,2
objective,2
g,2
interest,2
relatively,2
reproduced,2
adopted,2
asymmetrical,2
ai,2
unity,2
nelson,2
individual,2
developments,2
self,2
blame,2
ithaca,2
holds,2
fatherland,2
compared,2
mobility,2
continuous,2
single,2
mazzinian,2
fascist,2
y,2
lettere,2
born,2
intuition,2
perfect,2
phases,2
loyal,2
surprisingly,2
opposed,2
exact,2
luigi,2
virility,2
across,2
edward,2
joan,2
hughes,2
mean,2
knew,2
una,2
earlier,2
legal,2
thing,2
b,2
lyttelton,2
guerrilla,2
ix,2
federalist,2
consequences,2
space,2
extremes,2
supposed,2
dueling,2
pleasures,2
support,2
accounts,2
insistence,2
vastly,2
want,2
source,2
consider,2
sorts,2
established,2
revolutionaries,2
entrenched,2
linked,2
wealth,2
former,2
worried,2
mary,2
idee,2
moyen,2
fare,2
w,2
cunning,2
fubini,2
poor,2
armies,2
circulating,2
consequence,2
gourgouris,2
requires,2
victorian,2
aristocrats,2
event,2
soldani,2
dominant,2
nationality,2
opinion,2
providing,2
advocated,2
italie,2
disappeared,2
troubling,2
uses,2
gregory,2
confederation,2
lead,2
arrival,2
acceptance,2
histories,2
typical,2
lived,2
criticisms,2
domenico,2
luxury,2
configuration,2
haven,2
further,2
equal,2
franceschi,2
rousseau,2
tools,2
appears,2
population,2
schneider,2
symbols,2
wrong,2
energy,2
placed,2
rigenerata,2
absolute,2
forsyth,2
industrious,2
sacrifice,2
politiche,2
servile,2
masculinity,2
having,2
christianity,2
defined,2
participation,2
basis,2
agreed,2
internalization,2
commonplaces,2
concept,2
prominent,2
laura,2
knowledge,2
confined,2
description,2
fit,2
call,2
gaze,2
issues,2
participated,2
pace,2
friend,2
emancipation,2
translated,2
member,2
regional,2
formations,2
systematic,2
stanford,2
leuzzi,2
requirements,2
strongest,2
unflattering,2
level,2
below,2
manners,2
individualism,2
altri,2
heart,2
orient,2
overshadowed,2
spanish,2
endowed,2
gramsci,2
pasquale,2
highly,2
temporary,2
brought,2
peace,2
florentine,2
ancestors,2
tended,2
letteratura,2
progress,2
dependent,2
using,2
maintained,2
appropriate,2
platone,2
evoked,2
activities,2
avoid,2
republic,2
situation,2
dall,2
condemnation,2
absence,2
vicious,2
bringing,2
scientific,2
transnational,2
neapolitan,2
play,2
deadly,2
return,2
illuministi,2
object,2
liberta,2
gioia,2
comments,2
experiences,2
perennial,2
reception,2
direction,2
vocabularies,2
donne,2
criticism,2
interpretation,2
accident,2
soon,2
inspiration,2
denounced,2
gendering,2
lord,2
sharply,2
baltimore,2
geografica,2
anna,2
department,2
increasingly,2
contemptuous,2
innate,2
gentlemen,2
rise,2
philhellenism,2
provide,2
starting,2
paul,2
heritage,2
camp,2
insurrections,2
mark,2
toward,2
put,2
lucy,2
cheaply,2
added,2
masculinist,2
smith,2
artists,2
longer,2
consideration,2
treatment,2
onore,2
documents,2
husband,2
reform,2
really,2
faults,2
fallen,2
voluntary,2
pattern,2
primo,2
descrizione,2
aliberti,2
v,2
remarkable,2
innovative,2
naturalistic,2
michael,2
until,2
confrontation,2
explicit,2
patriarchal,2
lombardy,2
reflected,2
obsession,2
conspiracies,2
stance,2
understanding,2
greatest,2
discussion,2
paying,2
considering,2
pathology,2
recover,2
enduring,2
refers,2
vocabulary,2
domination,2
ethnic,2
exhibited,2
engaged,2
individuals,2
trust,2
aesthetic,2
full,2
deployed,2
option,2
garibaldi,2
citing,2
volunteer,2
clear,2
authors,2
comprehensive,2
kapodistrias,2
held,2
defense,2
augusto,2
mollezza,2
creating,2
collected,2
obtained,2
renewal,2
morals,2
imagination,2
never,2
favored,2
sentiment,2
pocock,2
construct,2
eyes,2
alpine,2
realm,2
relation,2
wise,2
exactly,2
mainly,2
anderson,2
effect,2
enemies,2
distant,2
parameters,2
ground,2
invented,2
institution,2
tendency,2
galanti,2
ago,2
regimes,2
ones,2
separate,2
travestimenti,2
solar,2
factors,2
inertia,2
adultery,2
mixture,2
movements,2
virile,2
proclaimed,2
explain,2
category,2
binary,2
un,2
seventeenth,2
freedman,2
recognize,2
try,2
class,2
dans,2
antiquities,2
manhood,2
lingua,2
coexisted,2
bonstetten,2
susan,2
dissertation,2
rarely,2
associated,2
going,2
summary,2
considered,2
series,2
saggio,2
mentioned,2
forget,2
deep,2
mario,2
simply,2
blom,2
known,2
aglebert,2
intensely,2
colonialism,2
outcome,2
berkeley,2
patriot,2
over,2
ignorant,2
control,2
each,2
books,2
damning,2
foscolo,2
steven,2
neglected,2
attribute,2
inclined,2
connection,2
key,2
valour,2
trusted,2
daily,2
followers,2
homme,2
audience,2
disgrace,2
cities,2
identities,2
distinctive,2
concrete,2
numbers,2
piemontesi,2
references,2
da,2
evangelical,2
parini,2
palmieri,2
map,2
loved,2
dream,2
foundations,2
studying,2
notebooks,2
imperial,2
observations,2
feminized,2
freedom,2
ruled,2
superstition,2
introduced,2
resignation,2
practices,2
leso,2
passivity,2
duty,2
easy,2
convinced,2
bourgeois,2
conventional,2
southerners,2
alla,2
operate,2
arguments,2
divided,2
families,2
categories,2
allows,2
riformatori,2
remarks,2
historicizing,2
promoted,2
shown,2
spring,2
difference,2
abbe,2
conn,2
opere,2
twentieth,2
mode,2
fordham,2
grown,2
resembled,2
favors,2
evidence,2
masses,2
orientalism,2
giulio,2
riall,2
association,2
korais,2
deer,2
offered,2
besides,2
distinctions,2
compounded,2
bell,2
chicago,2
ferrucci,2
debate,2
texts,2
sensibility,2
prison,2
politici,2
colonel,2
cosmopolitan,2
discorso,2
boswell,2
tourists,1
proposed,1
pitkin,1
defeats,1
fleming,1
margins,1
kirsten,1
barbara,1
storiche,1
allegedly,1
candeloro,1
dominating,1
stefano,1
mazzinians,1
razed,1
convergence,1
imagining,1
sapientia,1
objectification,1
heroic,1
avoiding,1
implying,1
unlawful,1
gymnastics,1
groups,1
willful,1
myriam,1
revue,1
tropics,1
opponent,1
alphonse,1
surfaced,1
excess,1
elaborating,1
sull,1
esprit,1
emasculated,1
paolo,1
asleep,1
inflection,1
motherlands,1
resided,1
laying,1
awarding,1
mutamenti,1
succession,1
teich,1
sphere,1
usable,1
prostitutes,1
germany,1
expect,1
everybody,1
nicolini,1
speakers,1
culto,1
attacking,1
becoming,1
engendering,1
mounted,1
storici,1
sexualities,1
kinds,1
instructions,1
rethink,1
jews,1
imprint,1
neater,1
diplomatic,1
elaborated,1
judicious,1
larry,1
diverge,1
mankind,1
carolingian,1
sander,1
escaping,1
word,1
overdue,1
satires,1
etching,1
linkages,1
blessing,1
rogers,1
likely,1
live,1
authority,1
prince,1
rewards,1
memoria,1
martyrdom,1
approaches,1
sudden,1
actions,1
reason,1
gioro,1
cronaca,1
paradigms,1
livius,1
gallantry,1
notwithstanding,1
flows,1
proud,1
boulder,1
nord,1
descriptive,1
divenne,1
declino,1
oppressive,1
earnest,1
despots,1
comparisons,1
relied,1
smollett,1
necessarily,1
title,1
precedute,1
lindon,1
holding,1
dress,1
accentuated,1
incunaboli,1
contented,1
accomplishments,1
village,1
interpretative,1
rosemary,1
arguing,1
weapon,1
contest,1
jesuitism,1
controlled,1
wolff,1
aristocratica,1
courtesans,1
spontaneous,1
anglophile,1
themes,1
stances,1
journalism,1
bengal,1
predicated,1
traniello,1
notre,1
fabric,1
deserved,1
synonymous,1
else,1
t,1
decidedly,1
twilight,1
wallerstein,1
pleasure,1
davis,1
famiglia,1
embraced,1
virtu,1
mezzi,1
analyzing,1
sad,1
krystyna,1
interests,1
slothful,1
exaggerated,1
obey,1
genevan,1
quoting,1
figurations,1
implications,1
debating,1
statistica,1
concentrated,1
might,1
questioned,1
attempt,1
secretary,1
moderatism,1
lifestyle,1
worked,1
emerged,1
ourselves,1
advanced,1
fewer,1
tourist,1
storie,1
seems,1
stock,1
personifying,1
editions,1
massimo,1
reevaluation,1
definition,1
ulf,1
agnostic,1
relativistic,1
resemblance,1
falling,1
principles,1
prejudices,1
incessant,1
raved,1
tradition,1
skills,1
twenty,1
down,1
cowardly,1
rhetorical,1
prodigies,1
sobering,1
accompanied,1
impede,1
prop,1
undertake,1
feminism,1
geopolitics,1
critic,1
analyses,1
ltalia,1
rich,1
custoza,1
pessimism,1
colloque,1
achievement,1
preoccupied,1
able,1
disappearance,1
chosen,1
generalizations,1
demise,1
scena,1
court,1
hanna,1
immortal,1
reproduction,1
married,1
deane,1
petty,1
faithful,1
loose,1
mai,1
reshaping,1
innes,1
greatly,1
respond,1
represent,1
dispatches,1
henry,1
immanuel,1
principal,1
deriving,1
debut,1
contrasting,1
spokespersons,1
growing,1
reading,1
novara,1
ambiguous,1
giovinezza,1
mcennerney,1
context,1
legend,1
disorder,1
eviratrice,1
politico,1
initiatives,1
arrighi,1
asor,1
painstaking,1
promptings,1
akin,1
nowhere,1
soveria,1
inside,1
partners,1
repubbliche,1
fortune,1
eradicate,1
takes,1
antiquissima,1
advocates,1
sophisticated,1
modernist,1
peruta,1
ugly,1
prasenjit,1
roy,1
spatialized,1
collaboratori,1
anthropologists,1
autonomous,1
stretched,1
foundational,1
money,1
thrown,1
guidelines,1
facts,1
america,1
saying,1
right,1
domenichelli,1
backing,1
uneven,1
porter,1
xx,1
occupying,1
felt,1
howard,1
fitting,1
parma,1
upward,1
meditative,1
authentic,1
avventura,1
travelogues,1
canti,1
rutherford,1
player,1
reaching,1
beverly,1
adopting,1
functions,1
regenerated,1
magazine,1
unredeemed,1
rid,1
regretted,1
signorino,1
prevails,1
suny,1
obliges,1
italianate,1
say,1
rosa,1
conceptual,1
zibaldone,1
canning,1
movimenti,1
establish,1
quantity,1
woodhouse,1
embodiment,1
reconstruction,1
restaurazione,1
undoubtedly,1
seigneur,1
spain,1
demanded,1
awaits,1
nowell,1
commerci,1
par,1
unhappy,1
hanlon,1
benedict,1
dignity,1
teatrali,1
moralizing,1
achille,1
stesso,1
sign,1
shriller,1
galleria,1
pursuing,1
napoleonienne,1
colonized,1
karen,1
austria,1
exist,1
complained,1
goal,1
homage,1
sighed,1
divides,1
includes,1
constitutive,1
regularly,1
ronald,1
cicero,1
uncensored,1
luciano,1
paloscia,1
barberis,1
relationships,1
holders,1
christiane,1
explained,1
weakened,1
component,1
redeemed,1
pomp,1
difficulties,1
roger,1
sociability,1
quality,1
definitely,1
fortified,1
run,1
corner,1
pellandra,1
helen,1
september,1
beliefs,1
sia,1
integral,1
loro,1
letterature,1
scarce,1
abhorring,1
lectures,1
pelasgic,1
disappointed,1
carpi,1
edifice,1
democrat,1
mixed,1
honest,1
enjoying,1
gilman,1
jeremy,1
dame,1
application,1
stendhal,1
ahead,1
garibaldino,1
restore,1
clogg,1
dubbed,1
militarily,1
topic,1
vivacity,1
entire,1
bottaro,1
mild,1
extensively,1
deliberation,1
espoused,1
chichisbeo,1
wendy,1
distinct,1
elements,1
militari,1
deeds,1
disjoined,1
lax,1
perspective,1
selection,1
robb,1
chi,1
subjects,1
inexperience,1
ear,1
inspirational,1
castilian,1
modernity,1
rediscovering,1
races,1
fate,1
noted,1
vocation,1
rumi,1
simultaneity,1
site,1
effective,1
lakoff,1
despair,1
abhorred,1
external,1
walter,1
resilient,1
weakening,1
coincidentally,1
warned,1
irresistible,1
comparate,1
obscure,1
seal,1
sin,1
unconditional,1
critique,1
poured,1
tentatively,1
activism,1
exempt,1
strengthening,1
demilitarization,1
tobias,1
indigenous,1
helping,1
riforma,1
general,1
inviting,1
savage,1
rivoluzionario,1
weakness,1
preferred,1
fierce,1
competitive,1
master,1
conceptually,1
doveri,1
unitarian,1
poorly,1
attacked,1
insurgents,1
collect,1
obied,1
aim,1
bulletin,1
smail,1
communities,1
jusdanis,1
interesting,1
luxuriant,1
chroniques,1
thinker,1
assured,1
hoare,1
dangerously,1
observer,1
essential,1
identification,1
critica,1
operations,1
traverse,1
montaigne,1
gaetano,1
unified,1
observers,1
elaborate,1
links,1
erudite,1
performance,1
federal,1
irreplaceable,1
sentences,1
happily,1
generations,1
impedirono,1
stop,1
midi,1
orientalization,1
aggressive,1
abundance,1
landscape,1
enciclopedia,1
conflation,1
borrowing,1
nutini,1
biggest,1
levels,1
reference,1
charterhouse,1
longest,1
bore,1
remote,1
pinpoint,1
completely,1
conceptions,1
mantuan,1
analyzes,1
goes,1
passato,1
deprived,1
titled,1
risk,1
heard,1
associate,1
persistent,1
connected,1
colpa,1
sarah,1
absolutism,1
sentire,1
michel,1
brand,1
travels,1
europa,1
parts,1
enervated,1
assuming,1
generating,1
lacking,1
corso,1
lofty,1
patrizia,1
irreducibility,1
lamartine,1
confederate,1
feel,1
arbor,1
awareness,1
republicans,1
alessandro,1
mortal,1
front,1
melchiorre,1
troublesome,1
contestation,1
replete,1
unfavorably,1
decadence,1
dusan,1
monarchists,1
fantasy,1
undivided,1
dizionario,1
soul,1
gallant,1
stathis,1
changes,1
provinces,1
serve,1
perceptions,1
posthumously,1
win,1
applied,1
savoyard,1
theorists,1
assure,1
devotes,1
tensions,1
conceptualization,1
maiden,1
needless,1
eley,1
baptized,1
gallo,1
familiar,1
toews,1
talk,1
literally,1
louise,1
invective,1
fishes,1
salis,1
devoting,1
principato,1
disappointment,1
irreversible,1
quarantotto,1
branch,1
mistakes,1
reformer,1
dalla,1
transformed,1
section,1
elsewhere,1
director,1
males,1
mozzoni,1
imitation,1
impact,1
fairness,1
legitimated,1
articulated,1
contemporaries,1
venetian,1
malthus,1
confutations,1
heller,1
rigenerare,1
solid,1
resorted,1
commonly,1
immolated,1
emotions,1
linguistics,1
heading,1
prima,1
shorter,1
inedited,1
follow,1
splendor,1
calvinist,1
shed,1
actes,1
intellects,1
obstacles,1
justified,1
problems,1
terminology,1
impotence,1
conditional,1
instance,1
excursion,1
plight,1
restriction,1
crucially,1
nelvil,1
equivalence,1
changeability,1
projected,1
symbolized,1
appeals,1
tyranny,1
decades,1
admiration,1
strengthen,1
totowa,1
quentin,1
globalization,1
conflicts,1
friends,1
taught,1
poovey,1
expressed,1
infingardaggine,1
politecnico,1
closely,1
formidable,1
featured,1
geoffrey,1
expunge,1
swinth,1
ethnography,1
location,1
agenda,1
pii,1
blamed,1
coexisting,1
appearance,1
justifiable,1
entered,1
spiegelman,1
hands,1
traditionally,1
individually,1
p,1
goldoni,1
editors,1
speaker,1
carol,1
sociologically,1
betrayals,1
effort,1
embracing,1
seven,1
centers,1
generates,1
changed,1
subscribe,1
prepare,1
feelings,1
events,1
zone,1
pioneer,1
ossia,1
gallants,1
insisting,1
bizarre,1
grigor,1
uomo,1
piui,1
finora,1
identita,1
paresse,1
poetry,1
employee,1
cattaneo,1
genes,1
historicity,1
philhellenes,1
degrading,1
share,1
companion,1
protestanti,1
schooled,1
introduzione,1
vizio,1
meridione,1
prompt,1
occupation,1
vile,1
profited,1
linguists,1
incompatible,1
stressing,1
sneaking,1
dynasty,1
indirect,1
duara,1
belie,1
absorption,1
moderne,1
sul,1
casuists,1
truly,1
younger,1
intertwined,1
grounds,1
questione,1
relativism,1
produce,1
feudal,1
perform,1
devanciers,1
perish,1
vehicles,1
despotic,1
mondini,1
mythic,1
seamus,1
jewish,1
triennium,1
benign,1
hopkins,1
possibility,1
torpor,1
provincial,1
randolph,1
memory,1
biweekly,1
improve,1
aspiration,1
outstanding,1
shape,1
sites,1
reich,1
notebook,1
sounded,1
galasso,1
damerino,1
maurizio,1
degrees,1
crane,1
swiss,1
justly,1
northerners,1
romans,1
belonging,1
nello,1
hung,1
viability,1
sounder,1
pisano,1
athanassopoulou,1
insignificance,1
playwright,1
parades,1
statehood,1
pitiless,1
translate,1
byron,1
leisure,1
imagined,1
reader,1
ascesa,1
fared,1
stato,1
su,1
laxity,1
sharon,1
diplomacy,1
training,1
denial,1
norm,1
nella,1
stimulating,1
actors,1
anew,1
irish,1
experiencing,1
isnenghi,1
criticized,1
ten,1
intentionally,1
sexually,1
overview,1
bryant,1
plato,1
describe,1
broad,1
indicting,1
aggravated,1
stadl,1
cazzoli,1
nazionali,1
actually,1
oaks,1
detmold,1
runs,1
statistics,1
patriotically,1
rituals,1
music,1
forces,1
focuses,1
piccola,1
away,1
cry,1
coco,1
riding,1
luzzi,1
overseas,1
malicious,1
participate,1
waeber,1
liberale,1
occidente,1
showing,1
sicily,1
resort,1
tears,1
interpreted,1
endorsement,1
ragan,1
sports,1
attributed,1
graduate,1
hidden,1
count,1
heuristic,1
approach,1
ida,1
frivolity,1
uniqueness,1
aspired,1
terror,1
contests,1
grazia,1
preceded,1
predari,1
responses,1
occasion,1
legacy,1
transculturation,1
commerce,1
ruinous,1
marco,1
sessuale,1
caused,1
viroli,1
thundered,1
working,1
field,1
aroused,1
miraculous,1
fostered,1
recast,1
periciose,1
poet,1
relating,1
lois,1
generation,1
scoundrel,1
archaeology,1
destiny,1
consolidation,1
standpoint,1
phrase,1
virilities,1
glenda,1
hence,1
atmosphere,1
involved,1
lovett,1
adamantios,1
autonomy,1
amounted,1
encouraged,1
imagines,1
villafranca,1
wider,1
concerns,1
scrittipolitici,1
fiducia,1
venetia,1
revealing,1
reputation,1
observe,1
notorious,1
peak,1
distinguished,1
attached,1
petrusewicz,1
usual,1
boundaries,1
delforte,1
differing,1
telling,1
luoghi,1
paroles,1
fully,1
customary,1
universali,1
annual,1
descendants,1
scott,1
purification,1
gerasimos,1
majority,1
origini,1
pays,1
hayden,1
ind,1
peculiar,1
deepened,1
negligence,1
structured,1
beauty,1
florida,1
protagonist,1
intransigent,1
wasting,1
harboring,1
displaced,1
finger,1
originali,1
imola,1
passive,1
valuable,1
renovating,1
ingman,1
biografico,1
scuola,1
readership,1
ses,1
seemed,1
champion,1
pope,1
italiansconsidered,1
linee,1
letteraria,1
cite,1
eradicated,1
eluggero,1
collectivity,1
liberation,1
battle,1
liakos,1
therefore,1
culprits,1
rosati,1
obeying,1
sicilies,1
sons,1
business,1
sylvia,1
hegemony,1
equality,1
onset,1
positions,1
clara,1
variety,1
emilio,1
shedding,1
unrealistic,1
seductions,1
gather,1
interference,1
economic,1
britain,1
fausto,1
subverted,1
separation,1
lurking,1
short,1
abound,1
hide,1
synthesis,1
revival,1
blessed,1
comparative,1
insiders,1
saidian,1
onward,1
forward,1
harris,1
relentlessly,1
exception,1
riforme,1
alba,1
founding,1
rita,1
constraints,1
deviation,1
oppressed,1
postigliola,1
exerts,1
whatever,1
necessary,1
corsica,1
mezzogiorno,1
prose,1
rare,1
flag,1
dismal,1
astute,1
storico,1
railed,1
hedetoft,1
reforming,1
relaxed,1
infamous,1
dignify,1
distinction,1
ferocious,1
seemingly,1
neat,1
dickie,1
convoluted,1
adamant,1
religious,1
parker,1
structural,1
contino,1
answering,1
leggi,1
dialogo,1
label,1
corrupting,1
scarcity,1
frank,1
carla,1
catania,1
turmoil,1
miscellany,1
spackman,1
elaboration,1
fair,1
outlining,1
permission,1
educates,1
handkerchiefs,1
intense,1
sonnets,1
costruzione,1
marginal,1
fights,1
albert,1
erasmo,1
fun,1
sex,1
clergy,1
algarotti,1
familiales,1
remnant,1
palaces,1
harsher,1
cheat,1
busy,1
sky,1
hayez,1
enshrined,1
symptomatic,1
home,1
une,1
adherence,1
property,1
torments,1
light,1
asia,1
professor,1
toscana,1
abandon,1
shifting,1
cagnotti,1
memories,1
excellence,1
orientale,1
turi,1
veritable,1
eugenio,1
antonis,1
preeminent,1
gay,1
dames,1
included,1
denis,1
toronto,1
consolidating,1
mich,1
hearth,1
insolence,1
speaking,1
articolo,1
entreves,1
functioned,1
foucault,1
independent,1
affections,1
testimony,1
volume,1
angel,1
lavish,1
dante,1
gentiluomo,1
policing,1
abjection,1
lucid,1
wakeman,1
oziosi,1
colella,1
courageous,1
attacks,1
inflected,1
underwrote,1
nationalists,1
fragmentation,1
renewed,1
academy,1
gathered,1
deserves,1
responsibilities,1
stripes,1
printing,1
specialmente,1
biographie,1
abundant,1
bagnoli,1
documenti,1
missing,1
analytical,1
municipalism,1
speaks,1
shows,1
avec,1
brigantaggio,1
riformare,1
fundamental,1
aldershot,1
head,1
mln,1
striking,1
britons,1
gioventui,1
fredric,1
lucia,1
vigorous,1
agree,1
appeared,1
reformed,1
fleeing,1
exclusion,1
cowardice,1
solidity,1
layer,1
educated,1
together,1
oneself,1
larger,1
pamphlet,1
foreigner,1
sleep,1
diverse,1
energies,1
forging,1
presente,1
outlines,1
distrust,1
surname,1
doubt,1
inherently,1
veauvy,1
considerable,1
feedback,1
ricerche,1
favorite,1
success,1
toni,1
fear,1
terry,1
patterns,1
conclusions,1
outside,1
hand,1
dominion,1
newspaper,1
geography,1
deploy,1
operating,1
manner,1
federalists,1
maza,1
sergio,1
reassertion,1
purposes,1
occupied,1
insurrectionary,1
accepted,1
celebrated,1
renaissance,1
geoff,1
michele,1
moderating,1
sorry,1
hides,1
royal,1
exotic,1
practice,1
gabriele,1
norms,1
nostri,1
blaming,1
giorni,1
frequency,1
invitation,1
lombardi,1
belief,1
burdened,1
children,1
educazione,1
alle,1
escape,1
reconciled,1
naturale,1
free,1
destroyed,1
corpo,1
imputed,1
moroni,1
globetrotting,1
perseverance,1
day,1
enmity,1
historiographical,1
italiane,1
insured,1
violent,1
rigenerazione,1
bernari,1
imagine,1
government,1
napoletani,1
analyzed,1
contextualism,1
behaviors,1
antisemitism,1
arrived,1
insurrezione,1
jameson,1
extended,1
encounter,1
father,1
intimate,1
disease,1
influences,1
cancels,1
explanation,1
chiefly,1
virgin,1
upon,1
mothers,1
courtiers,1
values,1
helps,1
heroine,1
servant,1
region,1
affinity,1
bonetta,1
stereotyping,1
previously,1
nonspecialists,1
chauvinist,1
vision,1
depended,1
iconografia,1
eta,1
noblemen,1
elite,1
berkin,1
host,1
empirical,1
honorable,1
granting,1
entirely,1
ordering,1
waste,1
skeptical,1
overwhelmingly,1
laws,1
obsequious,1
largely,1
persisted,1
assumption,1
sprang,1
grecia,1
allowed,1
causes,1
reacquire,1
requiring,1
grandi,1
meditazione,1
reforms,1
bengali,1
insure,1
conflicted,1
questions,1
trend,1
idealization,1
actual,1
real,1
maintains,1
pamphlets,1
trip,1
lloyd,1
igienica,1
sees,1
theories,1
intimacy,1
optimistic,1
regenerating,1
theoretical,1
students,1
roberts,1
arguably,1
shrewd,1
embellish,1
ties,1
womanizing,1
helpless,1
titus,1
margaret,1
semiperipheral,1
whoever,1
mcmillan,1
derelict,1
modem,1
oggi,1
frustrated,1
stress,1
lamented,1
semiotics,1
peripheral,1
publication,1
maayan,1
specchio,1
edite,1
soldiers,1
dominated,1
victory,1
peter,1
logic,1
evils,1
invincible,1
reservations,1
hillgarth,1
counter,1
eve,1
pride,1
admirer,1
valorized,1
reviewers,1
sociable,1
savic,1
revised,1
spread,1
courtois,1
waged,1
mask,1
miracle,1
variance,1
credit,1
barbarian,1
stages,1
amore,1
nurses,1
disclaimer,1
kramer,1
spirits,1
infemminire,1
attributing,1
eagleton,1
expressing,1
intrinsic,1
thomas,1
disasters,1
wood,1
proclaim,1
valued,1
comparing,1
intend,1
purely,1
giambattista,1
promote,1
k,1
primogeniture,1
methods,1
arise,1
constructing,1
reborn,1
passioni,1
cuny,1
etruscans,1
unpatriotically,1
statesman,1
overcome,1
correction,1
expectations,1
sentiments,1
mannelli,1
structure,1
james,1
mali,1
postwar,1
rago,1
costume,1
conscience,1
analyze,1
favorites,1
horse,1
retorted,1
contracts,1
estrecho,1
hume,1
attracted,1
liguria,1
sweep,1
rnr,1
figures,1
versus,1
ruser,1
sloth,1
litaliano,1
engagement,1
unificazione,1
embodied,1
creativity,1
hope,1
verona,1
pastor,1
overcompensated,1
widely,1
brown,1
applies,1
incarnate,1
cutthroats,1
nationalization,1
decision,1
performing,1
dissimulating,1
increasing,1
unexpected,1
genesis,1
mazzocca,1
effeminizing,1
valor,1
humiliating,1
conjuring,1
guerci,1
aspirations,1
liberalism,1
penguin,1
committed,1
xv,1
respect,1
ann,1
yuri,1
africa,1
richest,1
ventesimo,1
wisdom,1
prolix,1
lot,1
science,1
bold,1
sometimes,1
crucial,1
johns,1
linda,1
milanese,1
blatantly,1
criminal,1
italophile,1
outsiders,1
shameful,1
selections,1
suggestive,1
program,1
isbell,1
abject,1
viaggiatori,1
spouse,1
reasonable,1
othering,1
select,1
scienze,1
wholesome,1
recognizes,1
resumed,1
trait,1
redeployment,1
sensitive,1
qualify,1
army,1
concluding,1
prowess,1
collections,1
translation,1
strongly,1
clashing,1
timid,1
obstacle,1
force,1
worse,1
ideologia,1
visual,1
contribution,1
confine,1
gli,1
garin,1
originated,1
rapidly,1
politicalmilitary,1
paesaggio,1
problemi,1
poetics,1
reconsider,1
successor,1
inspired,1
accusation,1
responsible,1
exclude,1
pius,1
sluga,1
fall,1
united,1
acquisition,1
impeded,1
frontier,1
garboli,1
mother,1
courage,1
extremely,1
gyug,1
citizens,1
strategies,1
get,1
repressed,1
uso,1
figured,1
heather,1
mediterraneo,1
monumental,1
rigorous,1
joseph,1
italorum,1
dopo,1
todorova,1
orientalists,1
poets,1
judith,1
caratteri,1
legacies,1
affect,1
quieu,1
cattivi,1
inactivity,1
sections,1
attachment,1
anthropological,1
shaw,1
suggestions,1
dissipation,1
arte,1
fifteen,1
rivoluzioni,1
risorgimentale,1
precedence,1
conveniente,1
xxiv,1
broke,1
abandonment,1
preface,1
canepa,1
comes,1
conclusion,1
complexity,1
changing,1
osservazioni,1
preclude,1
finest,1
circumstances,1
imperialismo,1
exorbitant,1
jacobin,1
reconstitute,1
geographic,1
solidly,1
torino,1
augustinos,1
donna,1
optimistically,1
thousand,1
passerin,1
vocabolario,1
divisions,1
physical,1
capitani,1
poem,1
quotes,1
levi,1
borrow,1
driving,1
pisetzsky,1
taffeta,1
wicked,1
symbol,1
sciences,1
niccolo,1
offers,1
sustained,1
emperors,1
letizia,1
majestic,1
linear,1
equation,1
jean,1
neither,1
mirrors,1
resonance,1
europeo,1
know,1
limentani,1
defining,1
interessi,1
barbagli,1
hyperbolic,1
salvia,1
chartier,1
deficiencies,1
sociales,1
colonization,1
proof,1
principle,1
darkest,1
sulle,1
sure,1
endurance,1
tetto,1
paper,1
spiritual,1
novel,1
misrepresentations,1
eloquence,1
assumed,1
oysivete,1
pickering,1
seem,1
believe,1
alfieri,1
naturalize,1
vari,1
capital,1
leaders,1
beatissimo,1
style,1
appendix,1
fortuna,1
argue,1
emergence,1
specificities,1
fearless,1
wealthy,1
universal,1
substance,1
cleobolo,1
dennis,1
eventually,1
pisan,1
ioannis,1
metaphorical,1
intelligentsia,1
plague,1
stenterello,1
rearmament,1
specify,1
toscani,1
raphael,1
cultivation,1
reshaped,1
conscription,1
examining,1
differed,1
proclaiming,1
tracts,1
eponymous,1
closest,1
cavaliere,1
u,1
ethos,1
malignant,1
living,1
pathological,1
glory,1
talia,1
subordinate,1
counterproductive,1
justify,1
believed,1
ladies,1
panizza,1
southerner,1
consideree,1
ideologies,1
defend,1
landes,1
william,1
lashed,1
redeem,1
scholarly,1
defending,1
femmes,1
ruins,1
sotto,1
fuller,1
exposing,1
triennio,1
denouncing,1
conservatism,1
combined,1
mixing,1
implicit,1
autre,1
form,1
list,1
faineantise,1
corbelli,1
spini,1
che,1
final,1
eulogy,1
civilized,1
maintain,1
costumi,1
forcefully,1
passed,1
mere,1
remove,1
axis,1
ruin,1
excitement,1
vigorously,1
ceased,1
marta,1
problem,1
travellers,1
appropriated,1
bjelic,1
insightful,1
illustrated,1
endorsing,1
concittadini,1
rosselli,1
westerners,1
condemned,1
local,1
rapports,1
ponelato,1
divide,1
fighters,1
pitted,1
explored,1
unchanged,1
guidebook,1
oubliees,1
amplification,1
articulation,1
suspicion,1
hundreds,1
contingent,1
contain,1
herzfeld,1
periodicals,1
spaces,1
characterize,1
gratitude,1
popolare,1
bodies,1
bought,1
capable,1
acrimonious,1
teatri,1
intention,1
presented,1
son,1
must,1
mikulas,1
parentela,1
economist,1
camorra,1
sea,1
santita,1
broers,1
rappresentazioni,1
disappointments,1
sounding,1
activity,1
intended,1
preached,1
agents,1
assumptions,1
everywhere,1
kathleen,1
re,1
extensive,1
target,1
bari,1
protestants,1
inflections,1
indebted,1
vittorio,1
unitary,1
palestra,1
mention,1
pole,1
aims,1
aspect,1
diffidence,1
faculty,1
think,1
despised,1
syndrome,1
correspondence,1
famosi,1
turkish,1
manzoni,1
semiperiphery,1
mafia,1
meline,1
piu,1
environmentalist,1
belated,1
false,1
sickness,1
dello,1
azione,1
cruel,1
examples,1
englishman,1
authorial,1
entity,1
palumbo,1
ettore,1
spadolini,1
ignored,1
frontiers,1
generate,1
copies,1
contract,1
wis,1
numerous,1
institutional,1
sud,1
gramscian,1
write,1
catherine,1
finally,1
accept,1
aspetti,1
brady,1
improving,1
approachable,1
offer,1
joined,1
actively,1
instead,1
ferrara,1
land,1
consolidated,1
define,1
invenzione,1
appreciated,1
specialists,1
preserve,1
opinions,1
cerutti,1
tract,1
writer,1
trumbach,1
arti,1
regular,1
operositd,1
already,1
effie,1
effects,1
contamination,1
willard,1
sexuality,1
lovemaking,1
mack,1
madison,1
recalling,1
repeat,1
underlined,1
sides,1
practiced,1
reprints,1
cattolica,1
anonymous,1
affliction,1
supported,1
trajectory,1
territories,1
endeavors,1
sviluppo,1
third,1
conflated,1
softness,1
interdisciplinary,1
painted,1
myers,1
marxist,1
rejection,1
scholarship,1
hills,1
johnson,1
declares,1
discussione,1
impedes,1
partial,1
fernando,1
voltaire,1
pratt,1
maximum,1
fontwell,1
predisposed,1
abroad,1
characters,1
northwestern,1
marzio,1
colley,1
abandoned,1
fellowship,1
napoleonica,1
immediately,1
ideologically,1
vite,1
eprincipii,1
infancy,1
deficiency,1
doing,1
fostering,1
built,1
giarrizzo,1
showed,1
close,1
tragic,1
intorno,1
symbolism,1
impotent,1
harmful,1
eagerly,1
